time,temperature_2m,relativehumidity_2m,dewpoint_2m,precipitation,cloudcover,direct_radiation,windspeed_10m,winddirection_10m,u,v
2018-03-25 00:00:00,16.9,82,13.9,0.0,14,0.0,1.6,63,-1.4256104387013886,-0.726384799583275
2018-03-25 01:00:00,16.5,85,14.0,0.0,13,0.0,3.9,112,-3.616017032810471,1.4609657143220571
2018-03-25 02:00:00,16.1,86,13.7,0.0,13,0.0,5.4,127,-4.312631754255381,3.2498011250210617
2018-03-25 03:00:00,17.1,82,13.9,0.0,6,0.0,6.6,131,-4.981083229470296,4.329989591337347
2018-03-25 04:00:00,16.9,82,13.8,0.0,8,0.0,6.9,133,-5.0463405411722775,4.705788684431239
2018-03-25 05:00:00,16.8,81,13.6,0.0,5,0.0,6.5,124,-5.388744221607771,3.6347538725598536
2018-03-25 06:00:00,16.4,82,13.4,0.0,3,0.0,7.1,120,-6.148780366869515,3.549999999999998
2018-03-25 07:00:00,17.0,84,14.2,0.0,6,33.0,6.0,115,-5.4378467222199,2.535709570444196
2018-03-25 08:00:00,21.1,68,14.9,0.0,0,180.0,5.9,133,-4.314986839553106,4.023790324368741
2018-03-25 09:00:00,22.6,61,14.7,0.0,3,344.0,5.1,172,-0.7097828148963331,5.050367150582009
2018-03-25 10:00:00,23.5,56,14.3,0.0,13,531.0,5.9,227,4.314986839553106,4.023790324368742
2018-03-25 11:00:00,24.2,52,13.9,0.0,13,660.0,7.9,254,7.593967397912721,2.1775351109542918
2018-03-25 12:00:00,24.4,52,13.9,0.0,20,629.0,10.1,270,10.1,1.85533990070824e-15
2018-03-25 13:00:00,24.6,52,14.0,0.0,7,670.0,10.0,283,9.743700647852352,-2.249510543438649
2018-03-25 14:00:00,24.4,54,14.3,0.0,4,641.0,10.1,297,8.999165894302516,-4.585304047369421
2018-03-25 15:00:00,24.3,56,15.0,0.0,5,460.0,10.2,315,7.212489168102786,-7.212489168102782
2018-03-25 16:00:00,23.7,58,15.0,0.0,10,228.0,9.7,333,4.403707847473605,-8.642763284627167
2018-03-25 17:00:00,23.1,60,15.0,0.0,17,116.0,8.8,348,1.829622879196287,-8.60769888645749
2018-03-25 18:00:00,22.0,66,15.2,0.0,22,29.0,7.2,354,0.7526049355271046,-7.160557646651568
2018-03-25 19:00:00,20.9,70,15.3,0.0,31,0.0,7.9,360,1.934941942652818e-15,-7.9
2018-03-25 20:00:00,20.2,74,15.4,0.0,37,0.0,8.0,5,-0.6972459419812653,-7.969557584733964
2018-03-25 21:00:00,19.7,77,15.5,0.0,47,0.0,7.4,23,-2.891410350820626,-6.811735915548059
2018-03-25 22:00:00,18.7,84,15.9,0.0,26,0.0,5.2,25,-2.197614961051637,-4.71280049259058
2018-03-25 23:00:00,18.9,82,15.8,0.0,15,0.0,1.6,333,0.7263847995832752,-1.4256104387013886
2018-03-26 00:00:00,19.6,79,15.8,0.0,7,0.0,1.1,198,0.339918693812442,1.046162167924669
2018-03-26 01:00:00,19.4,80,15.9,0.0,1,0.0,3.2,153,-1.45276959916655,2.851220877402777
2018-03-26 02:00:00,18.9,83,15.9,0.0,3,0.0,4.8,167,-1.079765060850553,4.6769763109691285
2018-03-26 03:00:00,19.3,80,15.8,0.0,1,0.0,5.8,176,-0.404587547715928,5.78587149150698
2018-03-26 04:00:00,19.6,79,15.8,0.0,1,0.0,4.7,180,-5.755839955992562e-16,4.7
2018-03-26 05:00:00,19.5,79,15.7,0.0,2,0.0,1.9,158,-0.7117525274902332,1.7616493236768958
2018-03-26 06:00:00,19.4,78,15.5,0.0,3,0.0,0.8,27,-0.3631923997916374,-0.7128052193506944
2018-03-26 07:00:00,19.8,77,15.7,0.0,4,23.0,2.4,63,-2.138415658052083,-1.0895771993749124
2018-03-26 08:00:00,21.6,70,15.8,0.0,3,154.0,1.1,72,-1.0461621679246689,-0.3399186938124422
2018-03-26 09:00:00,22.5,66,15.8,0.0,11,304.0,0.7,270,0.7,1.2858791391047207e-16
2018-03-26 10:00:00,23.2,63,15.7,0.0,13,389.0,3.3,264,3.281922254715302,0.3449439287832561
2018-03-26 11:00:00,23.9,59,15.4,0.0,20,533.0,5.4,274,5.386845871403052,-0.3766849582182762
2018-03-26 12:00:00,24.3,57,15.1,0.0,19,574.0,6.8,288,6.467184310807045,-2.101315561749641
2018-03-26 13:00:00,24.6,54,14.6,0.0,12,619.0,7.6,301,6.5144714853360535,-3.9142893693164114
2018-03-26 14:00:00,24.7,53,14.4,0.0,16,622.0,9.2,312,6.836932394392029,-6.156001578501491
2018-03-26 15:00:00,24.8,57,15.8,0.0,23,436.0,10.6,325,6.079910225321092,-8.68301166946331
2018-03-26 16:00:00,24.6,60,16.2,0.0,27,390.0,12.9,337,5.040431557511633,-11.87451260953648
2018-03-26 17:00:00,23.9,64,16.7,0.0,13,184.0,13.3,347,2.991849022773409,-12.959121861643627
2018-03-26 18:00:00,22.5,72,17.3,0.0,8,49.0,12.6,355,1.0981623586204947,-12.552053195955994
2018-03-26 19:00:00,21.4,80,17.7,0.0,2,0.0,13.0,360,3.1840816777831178e-15,-13.0
2018-03-26 20:00:00,20.5,85,17.9,0.0,2,0.0,12.2,2,-0.4257738597705118,-12.192568089632967
2018-03-26 21:00:00,20.0,88,17.9,0.0,1,0.0,10.8,2,-0.3769145643870105,-10.793420931806237
2018-03-26 22:00:00,19.6,90,17.9,0.0,1,0.0,9.7,358,0.3385251180142579,-9.694091022085228
2018-03-26 23:00:00,19.3,91,17.9,0.0,2,0.0,10.4,358,0.3629547657060086,-10.393664600998596
2018-03-27 00:00:00,19.2,92,17.9,0.0,9,0.0,10.8,360,2.645237086158283e-15,-10.8
2018-03-27 01:00:00,19.1,92,17.8,0.0,10,0.0,10.1,6,-1.0557374790033,-10.04467114321956
2018-03-27 02:00:00,19.0,92,17.8,0.0,8,0.0,9.4,23,-3.6728726077991736,-8.65274562245294
2018-03-27 03:00:00,18.9,92,17.6,0.0,6,0.0,9.1,34,-5.0886554215837965,-7.544241910250879
2018-03-27 04:00:00,18.9,92,17.5,0.0,6,0.0,8.4,40,-5.39941592136693,-6.434773322199416
2018-03-27 05:00:00,18.8,91,17.3,0.0,17,0.0,9.2,39,-5.789747597658503,-7.149742845404131
2018-03-27 06:00:00,18.8,91,17.2,0.0,2,0.0,10.6,28,-4.976398565530443,-9.359244484304623
2018-03-27 07:00:00,19.2,89,17.3,0.0,7,26.0,9.9,33,-5.391926446648768,-8.302838622659698
2018-03-27 08:00:00,20.9,81,17.6,0.0,11,138.0,8.4,25,-3.5499933986218752,-7.61298541110786
2018-03-27 09:00:00,22.1,75,17.4,0.0,5,280.0,8.2,15,-2.12231616984067,-7.92059177557036
2018-03-27 10:00:00,23.2,69,17.3,0.0,2,469.0,9.4,360,2.3023359823970247e-15,-9.4
2018-03-27 11:00:00,24.2,65,17.2,0.0,7,607.0,12.0,351,1.8772135804827728,-11.852260087141651
2018-03-27 12:00:00,24.9,61,17.0,0.0,12,589.0,15.0,350,2.604722665003956,-14.77211629518312
2018-03-27 13:00:00,25.3,60,17.0,0.0,7,656.0,18.2,351,2.8471072637322057,-17.975927798831506
2018-03-27 14:00:00,25.2,61,17.1,0.0,12,651.0,21.0,355,1.830270597700825,-20.920088659926652
2018-03-27 15:00:00,24.8,65,17.8,0.0,8,408.0,22.3,359,0.3891886635514234,-22.296603601987528
2018-03-27 16:00:00,24.3,68,17.9,0.0,5,346.0,22.0,360,5.388445916248354e-15,-22.0
2018-03-27 17:00:00,23.5,71,18.0,0.0,9,180.0,19.5,3,-1.0205511467374049,-19.47327592771419
2018-03-27 18:00:00,22.4,76,18.0,0.0,0,49.0,14.2,9,-2.2213694035712783,-14.025174436450955
2018-03-27 19:00:00,21.3,81,18.0,0.0,2,0.0,11.5,14,-2.782101799396179,-11.15840085217396
2018-03-27 20:00:00,20.7,85,18.1,0.0,4,0.0,9.8,24,-3.9860191021428415,-8.95274548489749
2018-03-27 21:00:00,20.2,88,18.1,0.0,0,0.0,9.7,42,-6.490566881680924,-7.208504807130724
2018-03-27 22:00:00,19.6,92,18.2,0.0,0,0.0,6.5,56,-5.388744221607771,-3.634753872559854
2018-03-27 23:00:00,19.2,93,18.1,0.0,0,0.0,3.8,107,-3.633958072659535,1.1110124779463992
2018-03-28 00:00:00,19.5,93,18.3,0.0,0,0.0,4.8,153,-2.1791543987498248,4.276831316104166
2018-03-28 01:00:00,19.2,94,18.2,0.0,0,0.0,5.2,164,-1.433314250248396,4.998560818879258
2018-03-28 02:00:00,18.9,94,18.0,0.0,0,0.0,1.8,143,-1.0832670416736867,1.4375439180851273
2018-03-28 03:00:00,19.2,90,17.6,0.0,23,0.0,2.4,27,-1.0895771993749122,-2.138415658052083
2018-03-28 04:00:00,16.7,96,16.1,0.0,23,0.0,4.8,27,-2.1791543987498243,-4.276831316104166
2018-03-28 05:00:00,17.1,95,16.3,0.0,28,0.0,5.2,25,-2.197614961051637,-4.71280049259058
2018-03-28 06:00:00,17.2,94,16.3,0.0,34,0.0,6.5,34,-3.634753872559855,-5.388744221607771
2018-03-28 07:00:00,18.4,93,17.2,0.0,5,30.0,8.2,38,-5.048424097670398,-6.461688179575119
2018-03-28 08:00:00,21.1,84,18.3,0.0,6,145.0,7.4,23,-2.891410350820626,-6.811735915548059
2018-03-28 09:00:00,22.5,75,17.9,0.0,6,292.0,9.0,16,-2.4807362023529924,-8.65135526344487
2018-03-28 10:00:00,23.8,67,17.3,0.0,4,538.0,9.4,7,-1.1455718280083864,-9.329933825428428
2018-03-28 11:00:00,24.9,61,16.9,0.0,5,681.0,9.8,352,1.3638963894086458,-9.704627073667387
2018-03-28 12:00:00,25.6,59,16.9,0.0,0,780.0,10.8,345,2.7952456871072235,-10.431998923921938
2018-03-28 13:00:00,25.9,59,17.2,0.0,1,696.0,12.4,338,4.6451217583573134,-11.497079796628164
2018-03-28 14:00:00,25.9,60,17.6,0.0,3,665.0,13.8,340,4.719877977894227,-12.967758166845536
2018-03-28 15:00:00,25.5,64,18.1,0.0,6,399.0,14.8,346,3.5804440548750844,-14.360376748884748
2018-03-28 16:00:00,25.1,65,18.1,0.0,6,334.0,14.4,356,1.0044932219154092,-14.36492232374147
2018-03-28 17:00:00,24.5,68,18.2,0.0,5,174.0,13.3,360,3.25756048573196e-15,-13.3
2018-03-28 18:00:00,23.5,73,18.3,0.0,5,44.0,10.4,358,0.3629547657060086,-10.393664600998596
2018-03-28 19:00:00,22.4,78,18.3,0.0,8,0.0,10.1,6,-1.0557374790033,-10.04467114321956
2018-03-28 20:00:00,21.6,81,18.3,0.0,8,0.0,9.0,16,-2.4807362023529924,-8.65135526344487
2018-03-28 21:00:00,21.3,84,18.4,0.0,7,0.0,9.4,18,-2.9047597471245057,-8.939931253174443
2018-03-28 22:00:00,21.0,85,18.5,0.0,8,0.0,9.0,29,-4.363286582217033,-7.871577364254562
2018-03-28 23:00:00,20.6,88,18.6,0.0,8,0.0,5.7,55,-4.669166652447253,-3.2693856872009626
2018-03-29 00:00:00,20.2,91,18.7,0.0,14,0.0,4.0,85,-3.984778792366982,-0.3486229709906325
2018-03-29 01:00:00,19.7,93,18.4,0.0,16,0.0,4.0,95,-3.984778792366982,0.3486229709906329
2018-03-29 02:00:00,19.7,92,18.3,0.0,19,0.0,4.0,100,-3.939231012048832,0.6945927106677212
2018-03-29 03:00:00,21.1,86,18.6,0.0,20,0.0,2.5,98,-2.475670171853926,0.3479327524001634
2018-03-29 04:00:00,20.9,86,18.5,0.0,30,0.0,0.8,117,-0.7128052193506944,0.3631923997916374
2018-03-29 05:00:00,20.2,89,18.3,0.0,33,0.0,2.7,23,-1.0549740469210394,-2.485363104321589
2018-03-29 06:00:00,18.9,93,17.8,0.0,29,0.0,5.7,18,-1.7613968679372003,-5.421022142882375
2018-03-29 07:00:00,19.7,94,18.7,0.0,34,24.0,6.1,28,-2.863776532993933,-5.385980316439454
2018-03-29 08:00:00,22.4,80,18.8,0.0,34,112.0,4.6,18,-1.421478174124758,-4.3748599749577055
2018-03-29 09:00:00,23.3,76,18.8,0.0,31,263.0,4.8,347,1.0797650608505536,-4.6769763109691285
2018-03-29 10:00:00,24.0,73,18.9,0.0,28,320.0,6.6,331,3.199743493625823,-5.772490067120012
2018-03-29 11:00:00,24.8,69,18.7,0.0,36,491.0,8.5,324,4.996174644486024,-6.876644452187052
2018-03-29 12:00:00,25.3,67,18.7,0.0,25,565.0,10.0,322,6.156614753256582,-7.88010753606722
2018-03-29 13:00:00,25.3,67,18.8,0.0,27,529.0,10.1,325,5.79312200714557,-8.273435647318815
2018-03-29 14:00:00,25.3,66,18.6,0.0,34,471.0,10.7,327,5.827637674660788,-8.973775077016036
2018-03-29 15:00:00,25.4,68,18.9,0.0,49,390.0,9.8,336,3.986019102142842,-8.95274548489749
2018-03-29 16:00:00,25.1,68,18.7,0.1,54,334.0,8.1,347,1.8221035401853087,-7.892397524760404
2018-03-29 17:00:00,24.5,70,18.7,0.0,29,148.0,6.2,339,2.2218812871808646,-5.78819864428265
2018-03-29 18:00:00,23.9,73,18.7,0.0,43,39.0,7.9,336,3.213219480298821,-7.217009115376548
2018-03-29 19:00:00,22.9,79,19.1,0.0,34,0.0,7.9,336,3.213219480298821,-7.217009115376548
2018-03-29 20:00:00,21.8,86,19.3,0.0,32,0.0,7.1,345,1.8376152202278968,-6.858073366652385
2018-03-29 21:00:00,20.9,89,19.1,0.0,35,0.0,5.8,360,1.4205902870109297e-15,-5.8
2018-03-29 22:00:00,20.2,92,18.8,0.0,26,0.0,4.7,23,-1.8364363038995868,-4.32637281122647
2018-03-29 23:00:00,20.0,92,18.7,0.0,26,0.0,2.3,51,-1.7874357113510329,-1.447436899414626
2018-03-30 00:00:00,19.9,92,18.6,0.0,22,0.0,2.1,59,-1.800051331474436,-1.0815799573111138
2018-03-30 01:00:00,19.3,94,18.2,0.0,21,0.0,3.1,45,-2.192031021678297,-2.192031021678297
2018-03-30 02:00:00,18.6,95,17.8,0.0,13,0.0,3.7,29,-1.7937955949114472,-3.2360929164157644
2018-03-30 03:00:00,18.6,95,17.8,0.0,22,0.0,3.5,24,-1.4235782507653008,-3.197409101749103
2018-03-30 04:00:00,18.5,96,17.8,0.0,29,0.0,3.7,29,-1.7937955949114472,-3.2360929164157644
2018-03-30 05:00:00,18.5,96,17.8,0.0,27,0.0,3.5,24,-1.4235782507653008,-3.197409101749103
2018-03-30 06:00:00,18.3,96,17.7,0.0,16,0.0,3.8,17,-1.1110124779463997,-3.633958072659535
2018-03-30 07:00:00,19.9,94,18.9,0.0,13,24.0,3.7,29,-1.7937955949114472,-3.2360929164157644
2018-03-30 08:00:00,22.5,80,18.9,0.0,11,112.0,3.3,49,-2.490541614735148,-2.1649947956686737
2018-03-30 09:00:00,23.8,74,18.9,0.0,12,283.0,3.8,49,-2.8678964048465336,-2.493024310163928
2018-03-30 10:00:00,24.6,70,18.8,0.0,15,379.0,3.7,29,-1.7937955949114472,-3.2360929164157644
2018-03-30 11:00:00,25.5,66,18.6,0.0,13,549.0,5.2,348,1.0811407922523513,-5.086367523815789
2018-03-30 12:00:00,26.1,62,18.3,0.0,12,632.0,6.4,333,2.9055391983331007,-5.702441754805554
2018-03-30 13:00:00,26.1,62,18.2,0.0,10,549.0,6.6,338,2.4724035165450213,-6.119413440140796
2018-03-30 14:00:00,26.1,61,18.1,0.0,11,485.0,9.0,337,3.516580156403465,-8.284543681071963
2018-03-30 15:00:00,26.6,55,17.0,0.0,14,334.0,9.5,351,1.4861274178821953,-9.383039235653808
2018-03-30 16:00:00,26.4,56,16.8,0.0,20,310.0,7.3,351,1.141971594793687,-7.210124886344505
2018-03-30 17:00:00,25.7,59,17.2,0.0,18,129.0,5.1,8,-0.7097828148963337,-5.050367150582009
2018-03-30 18:00:00,24.8,64,17.6,0.0,19,39.0,2.9,83,-2.8783838397598336,-0.3534210958749277
2018-03-30 19:00:00,23.4,72,18.0,0.0,17,0.0,4.2,121,-3.600102662948872,2.163159914622228
2018-03-30 20:00:00,22.2,81,18.7,0.0,20,0.0,5.1,135,-3.606244584051392,3.606244584051392
2018-03-30 21:00:00,21.3,85,18.6,0.0,17,0.0,6.4,142,-3.9402334420842138,5.043268823083021
2018-03-30 22:00:00,20.7,88,18.6,0.0,8,0.0,7.8,158,-2.921931428644116,7.232034065620941
2018-03-30 23:00:00,20.4,90,18.6,0.0,13,0.0,8.2,165,-2.1223161698406723,7.920591775570359
2018-03-31 00:00:00,20.3,90,18.7,0.0,14,0.0,8.4,160,-2.8729692039356185,7.893418014601631
2018-03-31 01:00:00,20.1,91,18.5,0.0,11,0.0,8.4,155,-3.549993398621876,7.61298541110786
2018-03-31 02:00:00,20.1,90,18.4,0.0,12,0.0,6.9,152,-3.2393537832226458,6.092338390726597
2018-03-31 03:00:00,20.2,88,18.1,0.0,14,0.0,5.7,145,-3.269385687200962,4.669166652447254
2018-03-31 04:00:00,19.9,89,18.0,0.0,17,0.0,5.1,141,-3.2095339943541705,3.963444403430551
2018-03-31 05:00:00,19.7,89,17.9,0.0,11,0.0,5.4,138,-3.613305274337835,4.012982057577928
2018-03-31 06:00:00,19.5,89,17.7,0.0,9,0.0,5.5,148,-2.914555953282627,4.664264528860342
2018-03-31 07:00:00,20.7,85,18.1,0.0,26,25.0,7.4,133,-5.412017391981863,5.046787864462488
2018-03-31 08:00:00,22.9,73,17.9,0.0,23,132.0,6.9,137,-4.70578868443124,5.046340541172277
2018-03-31 09:00:00,23.6,72,18.3,0.0,25,172.0,7.8,167,-1.7546182238821486,7.600086505324834
2018-03-31 10:00:00,24.4,71,18.7,0.0,38,271.0,7.2,198,2.2249223594996206,6.847606917325106
2018-03-31 11:00:00,25.1,68,18.7,0.2,34,558.0,7.2,217,4.333068166694749,5.750175672340508
2018-03-31 12:00:00,25.1,68,18.8,0.2,40,505.0,6.9,227,5.046340541172277,4.705788684431241
2018-03-31 13:00:00,25.1,70,19.2,0.0,47,466.0,7.9,246,7.217009115376548,3.2132194802988208
2018-03-31 14:00:00,24.9,71,19.4,0.0,69,466.0,8.6,248,7.97378114927437,3.2216167033768457
2018-03-31 15:00:00,24.7,72,19.3,0.2,97,337.0,4.0,207,1.8159619989581863,3.564026096753472
2018-03-31 16:00:00,23.9,75,19.3,0.8,97,220.0,6.2,190,1.0766187015349689,6.10580806867569
2018-03-31 17:00:00,23.5,79,19.7,0.3,87,124.0,6.6,189,1.032467469265523,6.518743047927909
2018-03-31 18:00:00,22.8,83,19.8,0.2,58,27.0,2.5,172,-0.3479327524001633,2.475670171853926
2018-03-31 19:00:00,22.2,87,19.8,0.2,52,0.0,2.0,135,-1.4142135623730951,1.414213562373095
2018-03-31 20:00:00,21.7,90,20.0,0.0,56,0.0,3.1,135,-2.192031021678297,2.192031021678297
2018-03-31 21:00:00,21.4,93,20.3,0.0,72,0.0,3.1,144,-1.822134282106667,2.507952682562337
2018-03-31 22:00:00,21.0,95,20.1,0.0,92,0.0,5.2,155,-2.1976149610516376,4.71280049259058
2018-03-31 23:00:00,20.9,94,20.0,0.0,77,0.0,6.4,164,-1.764079077228795,6.1520748540052415
2018-04-01 00:00:00,20.9,94,19.9,0.0,89,0.0,7.7,169,-1.4692292643993965,7.558529312547013
2018-04-01 01:00:00,20.8,94,19.9,0.0,62,0.0,8.0,172,-1.1133848076805226,7.922144549932563
2018-04-01 02:00:00,20.8,94,19.8,0.0,67,0.0,9.0,175,-0.7844016847289237,8.96575228282571
2018-04-01 03:00:00,21.0,91,19.4,0.3,64,0.0,9.0,178,-0.3140954703225103,8.994517443171862
2018-04-01 04:00:00,20.9,91,19.4,0.0,57,0.0,9.4,180,-1.1511679911985121e-15,9.4
2018-04-01 05:00:00,20.8,91,19.2,0.0,73,0.0,9.7,184,0.6766377953180152,9.676371287520292
2018-04-01 06:00:00,20.6,91,19.1,0.0,32,0.0,9.8,186,1.0243789400230043,9.746314574609078
2018-04-01 07:00:00,21.0,89,19.2,0.0,42,20.0,9.7,184,0.6766377953180152,9.676371287520292
2018-04-01 08:00:00,22.0,83,19.0,0.0,54,72.0,9.9,190,1.7191169589026116,9.74959675482086
2018-04-01 09:00:00,23.1,76,18.6,0.0,53,212.0,10.2,198,3.151973342624462,9.700776466210566
2018-04-01 10:00:00,23.9,71,18.4,0.1,56,262.0,11.2,213,6.099957192168303,9.393110360988748
2018-04-01 11:00:00,24.2,69,18.3,0.2,68,280.0,11.7,223,7.979380812731231,8.556838308944295
2018-04-01 12:00:00,24.4,69,18.2,0.1,55,279.0,11.7,223,7.979380812731231,8.556838308944295
2018-04-01 13:00:00,24.4,68,18.2,0.0,71,262.0,11.2,225,7.919595949289331,7.919595949289333
2018-04-01 14:00:00,24.5,67,18.0,0.0,67,368.0,10.9,224,7.57177623800307,7.840803823691297
2018-04-01 15:00:00,24.8,68,18.4,0.0,58,294.0,10.0,218,6.156614753256582,7.88010753606722
2018-04-01 16:00:00,24.6,68,18.3,0.0,40,229.0,9.5,209,4.605691392340201,8.30888721782426
2018-04-01 17:00:00,24.1,70,18.3,0.0,45,118.0,8.0,198,2.4721359549995783,7.608452130361229
2018-04-01 18:00:00,23.3,74,18.4,0.0,44,30.0,5.2,196,1.4333142502483949,4.998560818879258
2018-04-01 19:00:00,22.5,78,18.6,0.0,36,0.0,5.4,172,-0.7515347451843528,5.34744757120448
2018-04-01 20:00:00,22.0,83,18.9,0.0,36,0.0,4.0,153,-1.8159619989581877,3.564026096753471
2018-04-01 21:00:00,21.3,86,19.0,0.0,30,0.0,4.0,153,-1.8159619989581877,3.564026096753471
2018-04-01 22:00:00,21.0,88,19.0,0.0,28,0.0,4.9,163,-1.4326213531414094,4.685893304218874
2018-04-01 23:00:00,20.5,91,18.9,0.0,31,0.0,5.9,166,-1.4273391840380396,5.72474478502838
2018-04-02 00:00:00,20.1,92,18.7,0.0,14,0.0,5.8,176,-0.404587547715928,5.78587149150698
2018-04-02 01:00:00,20.1,91,18.6,0.0,14,0.0,6.9,186,0.7212463965468092,6.862201078041086
2018-04-02 02:00:00,21.3,86,18.8,0.0,16,0.0,6.8,205,2.873804179836755,6.16289295184922
2018-04-02 03:00:00,21.4,86,18.9,0.0,20,0.0,5.2,236,4.3109953772862175,2.907803098047882
2018-04-02 04:00:00,21.6,85,19.0,0.0,33,0.0,4.0,280,3.939231012048833,-0.6945927106677199
2018-04-02 05:00:00,20.6,90,18.9,0.0,44,0.0,5.6,297,4.989636535454861,-2.542346798541461
2018-04-02 06:00:00,21.0,89,19.1,0.0,38,0.0,5.9,308,4.649263446279659,-3.6324027044213856
2018-04-02 07:00:00,21.9,85,19.3,0.0,57,28.0,4.7,293,4.32637281122647,-1.8364363038995852
2018-04-02 08:00:00,23.0,78,19.0,0.0,56,107.0,5.4,290,5.074340152243905,-1.8469087739586127
2018-04-02 09:00:00,23.9,73,18.8,0.0,64,284.0,7.6,289,7.1859411745548085,-2.474317973874388
2018-04-02 10:00:00,24.5,70,18.6,0.0,61,360.0,9.3,283,9.06164160250269,-2.092044805397944
2018-04-02 11:00:00,25.2,66,18.5,0.0,56,517.0,10.2,280,10.045039080724523,-1.7712114122026856
2018-04-02 12:00:00,25.7,64,18.4,0.0,47,541.0,10.3,282,10.074920287558198,-2.1414904154229224
2018-04-02 13:00:00,25.8,65,18.7,0.0,73,517.0,10.7,284,10.382164271153163,-2.5885642829164413
2018-04-02 14:00:00,25.8,65,18.7,0.0,68,486.0,11.7,288,11.127361240653295,-3.6154988341868814
2018-04-02 15:00:00,25.4,66,18.7,0.0,58,379.0,10.3,295,9.334970206477491,-4.352968095929207
2018-04-02 16:00:00,25.0,68,18.7,0.0,64,208.0,8.9,302,7.547628055792193,-4.716281451675522
2018-04-02 17:00:00,24.7,69,18.5,0.0,52,114.0,7.2,307,5.75017567234051,-4.333068166694745
2018-04-02 18:00:00,24.1,71,18.6,0.0,45,32.0,5.7,305,4.669166652447253,-3.2693856872009626
2018-04-02 19:00:00,23.5,75,18.9,0.0,47,0.0,4.9,306,3.964183272437243,-2.8801477362331176
2018-04-02 20:00:00,22.9,80,19.3,0.0,44,0.0,2.9,277,2.8783838397598336,-0.3534210958749282
2018-04-02 21:00:00,23.0,78,18.9,0.0,44,0.0,2.5,270,2.5,4.592425496802574e-16
2018-04-02 22:00:00,22.7,80,19.0,0.0,41,0.0,2.4,297,2.1384156580520832,-1.089577199374912
2018-04-02 23:00:00,22.4,82,19.1,0.0,38,0.0,1.6,333,0.7263847995832752,-1.4256104387013886
2018-04-03 00:00:00,22.1,83,19.2,0.0,25,0.0,1.1,18,-0.3399186938124421,-1.0461621679246689
2018-04-03 01:00:00,21.9,85,19.2,0.0,26,0.0,2.2,9,-0.3441558230885079,-2.1729143493093037
2018-04-03 02:00:00,20.3,91,18.9,0.0,19,0.0,2.9,30,-1.4499999999999995,-2.511473670974872
2018-04-03 03:00:00,21.0,89,19.2,0.0,18,0.0,3.6,37,-2.166534083347374,-2.875087836170254
2018-04-03 04:00:00,20.5,91,19.0,0.0,22,0.0,4.4,35,-2.523736319944603,-3.604268994871564
2018-04-03 05:00:00,20.6,90,18.9,0.0,23,0.0,4.4,35,-2.523736319944603,-3.604268994871564
2018-04-03 06:00:00,21.2,88,19.0,0.0,18,0.0,6.2,36,-3.6442685642133337,-5.0159053651246746
2018-04-03 07:00:00,21.8,87,19.5,0.0,16,31.0,4.7,32,-2.490620541896063,-3.985826051935202
2018-04-03 08:00:00,23.3,78,19.3,0.0,23,147.0,4.3,5,-0.3747696938149301,-4.283637201794505
2018-04-03 09:00:00,24.1,75,19.3,0.0,26,276.0,5.4,340,1.8469087739586103,-5.074340152243906
2018-04-03 10:00:00,24.6,73,19.4,0.0,34,362.0,6.4,313,4.680663690362691,-4.364789504399991
2018-04-03 11:00:00,25.5,69,19.5,0.0,33,476.0,8.2,299,7.171881598543044,-3.975438886019965
2018-04-03 12:00:00,26.1,66,19.4,0.0,57,529.0,9.8,294,8.952745484897491,-3.986019102142838
2018-04-03 13:00:00,26.3,66,19.5,0.0,59,571.0,10.3,295,9.334970206477491,-4.352968095929207
2018-04-03 14:00:00,26.2,67,19.5,0.0,50,511.0,10.1,297,8.999165894302516,-4.585304047369421
2018-04-03 15:00:00,25.5,71,19.8,0.0,56,235.0,9.5,307,7.587037345449284,-5.717242719944456
2018-04-03 16:00:00,25.2,71,19.7,0.0,59,189.0,8.1,328,4.292346040288961,-6.869189578867049
2018-04-03 17:00:00,24.9,72,19.5,0.0,71,97.0,7.0,339,2.508575646817105,-6.535062985480411
2018-04-03 18:00:00,24.5,74,19.6,0.0,44,26.0,5.2,344,1.4333142502483949,-4.998560818879258
2018-04-03 19:00:00,23.9,77,19.7,0.0,53,0.0,6.2,353,0.7555899291119128,-6.153786140176197
2018-04-03 20:00:00,23.2,82,19.9,0.0,41,0.0,7.2,360,1.7634913907721889e-15,-7.2
2018-04-03 21:00:00,22.5,86,20.1,0.0,37,0.0,7.2,357,0.3768188849491994,-7.190132650232932
2018-04-03 22:00:00,22.0,89,20.1,0.0,31,0.0,7.6,3,-0.3977532674463731,-7.589584464134761
2018-04-03 23:00:00,21.9,90,20.2,0.0,38,0.0,6.9,9,-1.079397808777593,-6.815049550106451
2018-04-04 00:00:00,21.7,91,20.2,0.0,29,0.0,6.3,13,-1.4171916423663495,-6.1385314081469815
2018-04-04 01:00:00,21.5,92,20.1,0.0,27,0.0,6.9,9,-1.079397808777593,-6.815049550106451
2018-04-04 02:00:00,21.3,93,20.0,0.0,37,0.0,5.9,14,-1.4273391840380396,-5.72474478502838
2018-04-04 03:00:00,21.2,93,20.1,0.0,46,0.0,6.4,16,-1.7640790772287946,-6.1520748540052415
2018-04-04 04:00:00,21.2,93,19.9,0.0,43,0.0,7.5,17,-2.192787785420526,-7.172285669722766
2018-04-04 05:00:00,21.3,91,19.7,0.0,36,0.0,8.0,27,-3.631923997916374,-7.128052193506943
2018-04-04 06:00:00,21.1,90,19.4,0.0,52,0.0,7.6,25,-3.211898789229316,-6.887939181478539
2018-04-04 07:00:00,21.8,88,19.7,0.0,50,28.0,8.4,31,-4.326319829244455,-7.200205325897744
2018-04-04 08:00:00,23.6,77,19.3,0.0,46,86.0,7.7,28,-3.61493103345136,-6.798696465013738
2018-04-04 09:00:00,24.9,70,19.0,0.0,34,263.0,8.3,5,-0.7233926648055629,-8.268415994161488
2018-04-04 10:00:00,25.8,65,18.8,0.0,42,403.0,9.5,349,1.8126854560771744,-9.325458242752807
2018-04-04 11:00:00,26.5,63,18.8,0.0,57,518.0,9.8,336,3.986019102142842,-8.95274548489749
2018-04-04 12:00:00,27.1,62,19.2,0.0,87,576.0,11.2,327,6.099957192168302,-9.393110360988748
2018-04-04 13:00:00,26.9,64,19.5,0.0,77,476.0,12.5,321,7.866504888122973,-9.714324518212132
2018-04-04 14:00:00,27.0,65,19.8,0.0,34,480.0,12.7,317,8.661379172793728,-9.288192010563469
2018-04-04 15:00:00,27.0,64,19.7,0.0,51,503.0,11.3,323,6.800509761618146,-9.02458126353441
2018-04-04 16:00:00,26.7,65,19.7,0.0,60,325.0,10.2,328,5.405176495178691,-8.650090580795544
2018-04-04 17:00:00,26.2,67,19.7,0.0,62,159.0,9.2,329,4.738350289172501,-7.885939166459431
2018-04-04 18:00:00,25.4,71,19.9,0.0,46,40.0,6.8,328,3.603450996785794,-5.766727053863695
2018-04-04 19:00:00,24.6,76,20.1,0.0,35,0.0,6.8,335,2.873804179836754,-6.16289295184922
2018-04-04 20:00:00,23.8,81,20.3,0.0,25,0.0,7.0,339,2.508575646817105,-6.535062985480411
2018-04-04 21:00:00,23.1,85,20.5,0.0,36,0.0,7.6,352,1.0577155672965006,-7.526037322435934
2018-04-04 22:00:00,22.6,88,20.5,0.0,35,0.0,7.9,3,-0.4134540543192563,-7.889173324561134
2018-04-04 23:00:00,22.2,90,20.5,0.0,26,0.0,6.5,6,-0.6794350112397476,-6.4643923198937765
2018-04-05 00:00:00,21.9,91,20.5,0.0,42,0.0,6.5,3,-0.3401837155791349,-6.49109197590473
2018-04-05 01:00:00,21.7,91,20.2,0.0,39,0.0,7.6,5,-0.662383644882202,-7.571079705497266
2018-04-05 02:00:00,21.5,91,20.1,0.0,50,0.0,7.1,15,-1.8376152202278973,-6.858073366652385
2018-04-05 03:00:00,21.6,91,20.1,0.0,66,0.0,6.7,16,-1.8467702839738944,-6.440453362786736
2018-04-05 04:00:00,21.5,89,19.7,0.0,100,0.0,6.5,19,-2.1161930039715187,-6.14587074139556
2018-04-05 05:00:00,21.4,88,19.4,0.0,100,0.0,6.3,31,-3.244739871933341,-5.400153994423308
2018-04-05 06:00:00,21.3,88,19.2,0.0,100,0.0,7.1,41,-4.658019105832602,-5.358438019581681
2018-04-05 07:00:00,22.0,86,19.5,0.0,89,30.0,5.0,30,-2.5,-4.330127018922194
2018-04-05 08:00:00,23.7,74,18.8,0.0,100,126.0,4.3,5,-0.3747696938149301,-4.283637201794505
2018-04-05 09:00:00,25.0,63,17.5,0.0,82,284.0,5.1,352,0.709782814896336,-5.050367150582008
2018-04-05 10:00:00,25.9,60,17.5,0.0,91,369.0,5.7,342,1.7613968679372018,-5.421022142882375
2018-04-05 11:00:00,26.8,59,18.2,0.0,87,530.0,5.5,328,2.9145559532826275,-4.664264528860342
2018-04-05 12:00:00,27.2,60,18.9,0.0,83,636.0,5.6,310,4.289848881466277,-3.59961061424462
2018-04-05 13:00:00,27.4,62,19.4,0.0,73,520.0,6.8,302,5.766727053863697,-3.603450996785792
2018-04-05 14:00:00,27.3,63,19.7,0.0,56,461.0,7.6,301,6.5144714853360535,-3.9142893693164114
2018-04-05 15:00:00,27.1,64,19.7,0.0,66,396.0,6.8,302,5.766727053863697,-3.603450996785792
2018-04-05 16:00:00,26.8,66,19.9,0.0,76,313.0,6.6,299,5.772490067120011,-3.1997434936258258
2018-04-05 17:00:00,26.2,69,20.0,0.0,61,110.0,5.8,300,5.022947341949744,-2.9000000000000004
2018-04-05 18:00:00,25.6,71,20.0,0.0,55,29.0,5.7,305,4.669166652447253,-3.2693856872009626
2018-04-05 19:00:00,24.9,76,20.3,0.0,46,0.0,6.5,326,3.6347538725598527,-5.388744221607772
2018-04-05 20:00:00,24.2,81,20.8,0.0,64,0.0,6.4,344,1.764079077228793,-6.1520748540052415
2018-04-05 21:00:00,24.2,81,20.6,0.0,100,0.0,5.1,4,-0.355758016095039,-5.087576656325103
2018-04-05 22:00:00,24.0,82,20.8,0.0,100,0.0,3.1,21,-1.1109406435904308,-2.8940993221413254
2018-04-05 23:00:00,23.7,84,20.9,0.0,100,0.0,2.7,23,-1.0549740469210394,-2.485363104321589
2018-04-06 00:00:00,22.9,90,21.2,0.0,100,0.0,2.9,30,-1.4499999999999995,-2.511473670974872
2018-04-06 01:00:00,22.7,92,21.2,0.0,94,0.0,3.3,49,-2.490541614735148,-2.1649947956686737
2018-04-06 02:00:00,22.1,93,21.0,0.0,92,0.0,4.0,27,-1.815961998958187,-3.564026096753472
2018-04-06 03:00:00,21.8,93,20.7,0.2,90,0.0,4.6,18,-1.421478174124758,-4.3748599749577055
2018-04-06 04:00:00,21.7,93,20.5,0.1,96,0.0,5.6,27,-2.5423467985414616,-4.98963653545486
2018-04-06 05:00:00,21.9,92,20.5,0.2,100,0.0,6.2,36,-3.6442685642133337,-5.0159053651246746
2018-04-06 06:00:00,22.0,91,20.5,0.0,90,0.0,6.6,29,-3.1997434936258244,-5.772490067120011
2018-04-06 07:00:00,22.8,90,21.0,0.0,63,20.0,6.7,36,-3.93816119035957,-5.420413862312148
2018-04-06 08:00:00,24.3,83,21.2,0.0,33,124.0,6.1,28,-2.863776532993933,-5.385980316439454
2018-04-06 09:00:00,25.3,77,21.0,0.0,30,257.0,7.6,3,-0.3977532674463731,-7.589584464134761
2018-04-06 10:00:00,26.2,72,20.7,0.1,20,414.0,10.2,342,3.151973342624466,-9.700776466210565
2018-04-06 11:00:00,26.7,69,20.6,0.1,15,430.0,13.4,333,6.083472696509929,-11.93948742412413
2018-04-06 12:00:00,26.9,68,20.5,0.1,27,462.0,16.4,331,7.950877772039925,-14.34376319708609
2018-04-06 13:00:00,26.8,68,20.4,0.1,25,341.0,18.7,330,9.350000000000009,-16.194675050768996
2018-04-06 14:00:00,26.6,68,20.2,0.2,38,518.0,22.3,339,7.991605274860207,-20.818843510887596
2018-04-06 15:00:00,26.1,68,19.8,0.0,55,374.0,23.9,355,2.0830222516690338,-23.80905328439272
2018-04-06 16:00:00,25.2,69,19.1,0.0,45,284.0,25.6,358,0.8934271155840211,-25.584405171688854
2018-04-06 17:00:00,23.7,70,18.0,0.0,54,152.0,26.6,358,0.928326612286522,-26.58379599870795
2018-04-06 18:00:00,22.0,72,16.8,0.0,55,40.0,28.4,360,6.955993819156966e-15,-28.4
2018-04-06 19:00:00,20.6,75,16.0,0.1,65,0.0,28.4,1,-0.4956483428188517,-28.395674542441512
2018-04-06 20:00:00,19.8,76,15.5,0.1,89,0.0,29.9,360,7.323387858901172e-15,-29.9
2018-04-06 21:00:00,19.1,76,14.8,0.2,100,0.0,31.3,359,0.5462603214869755,-31.29523285839505
2018-04-06 22:00:00,18.4,77,14.2,0.3,100,0.0,31.7,359,0.5532412840618889,-31.6951719364576
2018-04-06 23:00:00,17.7,78,13.8,0.4,100,0.0,32.0,359,0.5584770059930739,-31.99512624500452
2018-04-07 00:00:00,17.1,80,13.7,0.6,100,0.0,31.3,359,0.5462603214869755,-31.29523285839505
2018-04-07 01:00:00,16.8,81,13.5,0.6,100,0.0,30.2,359,0.5270626744059635,-30.195400393723016
2018-04-07 02:00:00,16.6,81,13.3,0.6,100,0.0,30.2,359,0.5270626744059635,-30.195400393723016
2018-04-07 03:00:00,16.4,77,12.4,0.5,100,0.0,29.9,1,-0.521826952474777,-29.895446085176097
2018-04-07 04:00:00,16.2,78,12.3,0.7,100,0.0,26.7,3,-1.3973700316866005,-26.66340857794712
2018-04-07 05:00:00,16.3,77,12.3,0.5,100,0.0,23.4,1,-0.4083863106324341,-23.396436066659557
2018-04-07 06:00:00,16.6,76,12.3,0.3,100,0.0,21.6,360,5.290474172316566e-15,-21.6
2018-04-07 07:00:00,16.9,74,12.2,0.2,66,1.0,21.6,359,0.3769719790453249,-21.596710215378053
2018-04-07 08:00:00,17.3,72,12.2,0.2,67,1.0,21.6,360,5.290474172316566e-15,-21.6
2018-04-07 09:00:00,17.8,70,12.2,0.0,68,0.0,22.3,2,-0.7782587764657717,-22.28641544252584
2018-04-07 10:00:00,18.3,67,12.0,0.0,100,14.0,23.1,3,-1.2089605892120026,-23.068342252830657
2018-04-07 11:00:00,18.6,65,11.9,0.0,100,46.0,24.5,2,-0.8550376692112738,-24.485075261967847
2018-04-07 12:00:00,19.3,63,12.1,0.0,100,170.0,24.5,4,-1.70903360673107,-24.44031923136569
2018-04-07 13:00:00,19.7,61,11.9,0.0,100,143.0,23.5,4,-1.6392771329869449,-23.44275518110587
2018-04-07 14:00:00,20.2,59,11.8,0.0,100,169.0,23.5,4,-1.6392771329869449,-23.44275518110587
2018-04-07 15:00:00,19.8,58,11.3,0.0,98,29.0,23.1,4,-1.6113745434892943,-23.04372956100194
2018-04-07 16:00:00,19.2,60,11.3,0.0,100,8.0,21.7,6,-2.2682676529080803,-21.58112512949153
2018-04-07 17:00:00,18.8,62,11.3,0.0,100,4.0,20.0,8,-2.7834620192013086,-19.805361374831406
2018-04-07 18:00:00,18.3,65,11.5,0.0,100,0.0,18.1,7,-2.2058351156331697,-17.96508534470793
2018-04-07 19:00:00,17.9,66,11.5,0.0,100,0.0,18.1,6,-1.891965185144528,-18.000846306165748
2018-04-07 20:00:00,17.5,67,11.2,0.1,100,0.0,17.7,6,-1.8501537998374664,-17.60303754801844
2018-04-07 21:00:00,17.4,66,11.0,0.0,100,0.0,17.4,6,-1.8187952608571705,-17.304680979407955
2018-04-07 22:00:00,17.2,66,10.9,0.1,100,0.0,16.0,8,-2.226769615361047,-15.844289099865126
2018-04-07 23:00:00,17.2,66,10.8,0.0,100,0.0,13.8,7,-1.6817969389910352,-13.697136892650244
2018-04-08 00:00:00,17.2,65,10.6,0.0,100,0.0,10.6,10,-1.8406706832694613,-10.438962181929403
2018-04-08 01:00:00,17.3,64,10.5,0.0,100,0.0,8.4,7,-1.0237024846032388,-8.337387673787106
2018-04-08 02:00:00,17.2,64,10.3,0.0,100,0.0,8.3,2,-0.2896658226307581,-8.294943864258496
2018-04-08 03:00:00,16.7,63,9.7,0.0,100,0.0,8.3,5,-0.7233926648055629,-8.268415994161488
2018-04-08 04:00:00,16.9,62,9.6,0.0,100,0.0,9.4,4,-0.6557108531947778,-9.377102072442348
2018-04-08 05:00:00,16.9,63,9.7,0.0,100,0.0,6.2,10,-1.0766187015349682,-6.10580806867569
2018-04-08 06:00:00,16.8,70,11.4,0.0,96,0.0,3.3,41,-2.1649947956686737,-2.490541614735148
2018-04-08 07:00:00,17.2,77,13.1,0.0,76,21.0,1.8,53,-1.437543918085127,-1.0832670416736871
2018-04-08 08:00:00,18.8,62,11.3,0.0,56,125.0,1.5,346,0.3628828433995018,-1.4554435894139948
2018-04-08 09:00:00,19.7,62,12.1,0.0,46,263.0,1.8,259,1.7669289302057951,0.3434561916777803
2018-04-08 10:00:00,20.7,60,12.5,0.0,43,365.0,4.2,250,3.946709007300816,1.436484601967808
2018-04-08 11:00:00,21.6,57,12.8,0.0,26,488.0,5.6,243,4.989636535454859,2.5423467985414625
2018-04-08 12:00:00,22.3,56,13.0,0.0,27,532.0,6.3,246,5.755336383148386,2.5624408513775405
2018-04-08 13:00:00,22.8,55,13.2,0.0,23,659.0,7.2,264,7.160557646651569,0.7526049355271042
2018-04-08 14:00:00,23.1,54,13.3,0.0,22,662.0,7.3,281,7.165878439167946,-1.392905666248779
2018-04-08 15:00:00,23.1,53,13.1,0.0,12,503.0,7.2,297,6.41524697415625,-3.268731598124736
2018-04-08 16:00:00,22.9,54,13.0,0.0,12,389.0,8.0,306,6.4721359549995805,-4.702282018339783
2018-04-08 17:00:00,22.5,55,12.9,0.0,8,211.0,7.6,315,5.374011537017762,-5.37401153701776
2018-04-08 18:00:00,21.7,57,12.8,0.0,4,57.0,6.3,336,2.562440851377541,-5.755336383148386
2018-04-08 19:00:00,20.3,67,14.0,0.0,10,0.0,6.5,357,0.3401837155791384,-6.49109197590473
2018-04-08 20:00:00,18.8,77,14.6,0.0,8,0.0,6.3,13,-1.4171916423663495,-6.1385314081469815
2018-04-08 21:00:00,17.8,81,14.5,0.0,5,0.0,5.8,30,-2.8999999999999995,-5.022947341949744
2018-04-08 22:00:00,17.3,83,14.4,0.0,6,0.0,3.8,49,-2.8678964048465336,-2.493024310163928
2018-04-08 23:00:00,17.3,84,14.6,0.0,2,0.0,2.9,83,-2.8783838397598336,-0.3534210958749277
2018-04-09 00:00:00,17.0,85,14.5,0.0,4,0.0,3.1,54,-2.5079526825623373,-1.8221342821066668
2018-04-09 01:00:00,16.5,88,14.5,0.0,9,0.0,4.4,35,-2.523736319944603,-3.604268994871564
2018-04-09 02:00:00,16.3,88,14.3,0.0,11,0.0,5.6,40,-3.59961061424462,-4.289848881466277
2018-04-09 03:00:00,16.9,84,14.2,0.0,10,0.0,6.8,32,-3.603450996785793,-5.766727053863696
2018-04-09 04:00:00,16.3,86,14.0,0.0,9,0.0,7.9,16,-2.177535110954293,-7.59396739791272
2018-04-09 05:00:00,16.1,86,13.8,0.0,5,0.0,8.2,15,-2.12231616984067,-7.92059177557036
2018-04-09 06:00:00,15.9,86,13.6,0.0,5,0.0,7.4,29,-3.5875911898228945,-6.472185832831529
2018-04-09 07:00:00,17.7,84,14.9,0.0,8,56.0,7.9,24,-3.2132194802988217,-7.217009115376547
2018-04-09 08:00:00,21.2,63,13.8,0.0,3,230.0,6.7,16,-1.8467702839738944,-6.440453362786736
2018-04-09 09:00:00,22.0,58,13.4,0.0,4,416.0,5.2,348,1.0811407922523513,-5.086367523815789
2018-04-09 10:00:00,22.9,53,12.9,0.0,13,591.0,4.8,318,3.211826910522519,-3.5670951622914924
2018-04-09 11:00:00,23.6,50,12.6,0.0,16,711.0,5.6,297,4.989636535454861,-2.542346798541461
2018-04-09 12:00:00,24.2,48,12.4,0.0,25,790.0,7.1,285,6.858073366652386,-1.837615220227894
2018-04-09 13:00:00,24.4,47,12.5,0.0,30,712.0,8.7,287,8.319851376878407,-2.543633831087809
2018-04-09 14:00:00,24.5,47,12.4,0.0,35,712.0,9.7,301,8.31452281681049,-4.995869326627525
2018-04-09 15:00:00,24.2,44,11.1,0.0,35,579.0,10.7,315,7.56604255869606,-7.566042558696056
2018-04-09 16:00:00,23.8,45,11.1,0.0,31,371.0,9.6,326,5.368251873319167,-7.958760696528401
2018-04-09 17:00:00,23.2,46,11.0,0.0,21,186.0,8.1,328,4.292346040288961,-6.869189578867049
2018-04-09 18:00:00,22.3,50,11.4,0.0,16,50.0,7.0,339,2.508575646817105,-6.535062985480411
2018-04-09 19:00:00,21.2,56,11.9,0.0,14,0.0,7.3,340,2.4967470462773806,-6.859756131737131
2018-04-09 20:00:00,20.3,61,12.6,0.0,15,0.0,7.5,343,2.1927877854205287,-7.172285669722765
2018-04-09 21:00:00,19.7,66,13.1,0.0,28,0.0,7.8,347,1.7546182238821495,-7.600086505324834
2018-04-09 22:00:00,19.3,69,13.5,0.0,20,0.0,8.0,352,1.113384807680527,-7.922144549932562
2018-04-09 23:00:00,18.9,72,13.7,0.0,11,0.0,8.3,355,0.7233926648055641,-8.268415994161488
2018-04-10 00:00:00,18.7,74,13.9,0.0,6,0.0,7.9,360,1.934941942652818e-15,-7.9
2018-04-10 01:00:00,18.6,74,13.8,0.0,7,0.0,7.6,5,-0.662383644882202,-7.571079705497266
2018-04-10 02:00:00,18.4,74,13.6,0.0,3,0.0,8.0,10,-1.3891854213354426,-7.878462024097664
2018-04-10 03:00:00,18.2,77,14.2,0.0,1,0.0,8.4,7,-1.0237024846032388,-8.337387673787106
2018-04-10 04:00:00,18.0,76,13.7,0.0,2,0.0,8.7,5,-0.7582549619046259,-8.666893873398186
2018-04-10 05:00:00,17.6,76,13.3,0.0,1,0.0,8.0,8,-1.1133848076805235,-7.922144549932563
2018-04-10 06:00:00,17.0,80,13.6,0.0,1,0.0,7.3,11,-1.392905666248777,-7.165878439167947
2018-04-10 07:00:00,18.2,84,15.5,0.0,0,61.0,6.9,6,-0.721246396546809,-6.862201078041086
2018-04-10 08:00:00,21.9,61,14.2,0.0,0,249.0,5.2,348,1.0811407922523513,-5.086367523815789
2018-04-10 09:00:00,23.1,61,15.1,0.0,1,453.0,7.4,331,3.587591189822893,-6.47218583283153
2018-04-10 10:00:00,24.0,58,15.1,0.0,4,612.0,6.8,328,3.603450996785794,-5.766727053863695
2018-04-10 11:00:00,24.9,55,15.3,0.0,15,701.0,5.7,325,3.269385687200965,-4.669166652447252
2018-04-10 12:00:00,25.7,54,15.7,0.0,28,770.0,3.8,319,2.493024310163928,-2.867896404846533
2018-04-10 13:00:00,26.2,54,16.1,0.0,38,757.0,3.3,311,2.4905416147351485,-2.1649947956686733
2018-04-10 14:00:00,26.6,54,16.6,0.0,39,652.0,2.8,320,1.7998053071223108,-2.1449244407331376
2018-04-10 15:00:00,26.8,54,16.7,0.0,42,508.0,2.4,333,1.0895771993749126,-2.138415658052083
2018-04-10 16:00:00,26.7,56,17.1,0.0,52,310.0,2.7,337,1.0549740469210396,-2.4853631043215887
2018-04-10 17:00:00,26.3,58,17.5,0.0,51,185.0,3.5,336,1.4235782507653003,-3.1974091017491038
2018-04-10 18:00:00,25.8,61,17.6,0.0,36,52.0,5.6,333,2.542346798541463,-4.989636535454859
2018-04-10 19:00:00,24.6,68,18.3,0.0,28,0.0,7.6,329,3.914289369316414,-6.514471485336052
2018-04-10 20:00:00,23.4,74,18.6,0.0,25,0.0,8.4,340,2.8729692039356163,-7.893418014601631
2018-04-10 21:00:00,22.3,80,18.7,0.0,23,0.0,6.1,332,2.863776532993933,-5.385980316439454
2018-04-10 22:00:00,21.6,83,18.5,0.0,22,0.0,5.6,310,4.289848881466277,-3.59961061424462
2018-04-10 23:00:00,21.1,86,18.7,0.0,24,0.0,6.1,320,3.921004419087891,-4.672871103025765
2018-04-11 00:00:00,20.9,88,18.9,0.0,45,0.0,5.4,340,1.8469087739586103,-5.074340152243906
2018-04-11 01:00:00,20.4,91,19.0,0.0,47,0.0,4.3,355,0.3747696938149307,-4.283637201794505
2018-04-11 02:00:00,20.0,93,18.9,0.0,65,0.0,4.7,9,-0.7352419856890852,-4.642135200797148
2018-04-11 03:00:00,19.8,95,19.0,0.0,61,0.0,4.8,13,-1.079765060850552,-4.676976310969129
2018-04-11 04:00:00,19.8,95,19.0,0.0,50,0.0,4.9,17,-1.4326213531414105,-4.685893304218874
2018-04-11 05:00:00,19.6,95,18.9,0.0,42,0.0,4.8,13,-1.079765060850552,-4.676976310969129
2018-04-11 06:00:00,19.8,95,19.0,0.0,45,0.0,6.9,6,-0.721246396546809,-6.862201078041086
2018-04-11 07:00:00,21.8,89,19.9,0.0,62,52.0,8.0,8,-1.1133848076805235,-7.922144549932563
2018-04-11 08:00:00,24.7,76,20.1,0.0,60,193.0,6.3,13,-1.4171916423663495,-6.1385314081469815
2018-04-11 09:00:00,26.3,67,19.8,0.0,52,363.0,5.4,8,-0.7515347451843534,-5.34744757120448
2018-04-11 10:00:00,27.3,67,20.7,0.0,52,518.0,4.0,350,0.6945927106677215,-3.939231012048832
2018-04-11 11:00:00,28.0,68,21.6,0.0,49,596.0,3.3,311,2.4905416147351485,-2.1649947956686733
2018-04-11 12:00:00,28.5,69,22.3,0.0,29,715.0,4.3,275,4.283637201794505,-0.3747696938149289
2018-04-11 13:00:00,28.7,70,22.8,0.0,24,717.0,4.0,260,3.939231012048832,0.6945927106677213
2018-04-11 14:00:00,27.9,74,22.8,0.5,34,584.0,3.2,243,2.851220877402777,1.45276959916655
2018-04-11 15:00:00,28.1,69,22.0,0.3,36,444.0,4.4,261,4.345828698618606,0.6883116461770166
2018-04-11 16:00:00,28.1,70,22.0,0.0,41,383.0,5.9,259,5.791600382341218,1.1257730727216133
2018-04-11 17:00:00,27.8,71,22.0,0.0,28,131.0,5.2,254,4.998560818879259,1.4333142502483942
2018-04-11 18:00:00,26.8,77,22.4,0.0,20,44.0,6.2,277,6.153786140176196,-0.7555899291119157
2018-04-11 19:00:00,25.6,84,22.7,0.0,13,0.0,7.6,273,7.589584464134761,-0.3977532674463739
2018-04-11 20:00:00,24.9,89,22.9,0.0,10,0.0,6.8,245,6.162892951849221,2.873804179836754
2018-04-11 21:00:00,24.2,92,22.9,0.0,15,0.0,6.3,204,2.5624408513775414,5.755336383148386
2018-04-11 22:00:00,24.0,92,22.7,0.2,30,0.0,6.2,173,-0.7555899291119148,6.153786140176196
2018-04-11 23:00:00,23.9,93,22.7,0.4,55,0.0,7.7,169,-1.4692292643993965,7.558529312547013
2018-04-12 00:00:00,23.7,94,22.6,0.6,45,0.0,8.8,168,-1.829622879196282,8.607698886457491
2018-04-12 01:00:00,23.5,94,22.4,0.4,49,0.0,9.5,169,-1.8126854560771768,9.325458242752807
2018-04-12 02:00:00,23.4,93,22.2,0.2,37,0.0,8.8,171,-1.3766232923540327,8.691657397237211
2018-04-12 03:00:00,23.6,95,22.8,1.2,38,0.0,7.6,175,-0.6623836448822022,7.571079705497266
2018-04-12 04:00:00,23.4,96,22.7,1.0,35,0.0,8.6,178,-0.3001356716415098,8.594761112364223
2018-04-12 05:00:00,23.1,96,22.5,1.8,35,0.0,9.0,180,-1.102182119232618e-15,9.0
2018-04-12 06:00:00,22.9,97,22.4,1.9,68,0.0,3.7,101,-3.632020578756357,0.7059932828932158
2018-04-12 07:00:00,23.2,97,22.6,2.0,45,11.0,5.4,82,-5.34744757120448,-0.7515347451843536
2018-04-12 08:00:00,24.2,94,23.1,1.4,31,62.0,4.1,75,-3.96029588778518,-1.061158084920335
2018-04-12 09:00:00,25.5,85,22.8,0.0,19,251.0,2.9,120,-2.511473670974872,1.4499999999999993
2018-04-12 10:00:00,26.6,80,22.8,0.0,7,376.0,4.3,175,-0.3747696938149302,4.283637201794505
2018-04-12 11:00:00,27.8,76,23.1,0.0,7,603.0,5.9,194,1.4273391840380385,5.72474478502838
2018-04-12 12:00:00,28.5,73,23.1,0.2,9,707.0,7.4,194,1.7902220274375396,7.180188374442374
2018-04-12 13:00:00,28.5,74,23.4,0.2,23,659.0,6.8,205,2.873804179836755,6.16289295184922
2018-04-12 14:00:00,28.3,76,23.6,0.3,29,560.0,7.4,219,4.656970893768799,5.750880114781584
2018-04-12 15:00:00,28.3,76,23.7,0.4,20,514.0,5.9,227,4.314986839553106,4.023790324368742
2018-04-12 16:00:00,28.1,76,23.5,0.3,22,326.0,5.8,240,5.022947341949744,2.9000000000000026
2018-04-12 17:00:00,27.7,78,23.5,0.3,36,163.0,4.1,225,2.8991378028648445,2.8991378028648453
2018-04-12 18:00:00,27.2,81,23.6,0.0,23,39.0,3.7,61,-3.2360929164157644,-1.7937955949114477
2018-04-12 19:00:00,26.7,86,24.1,0.0,14,0.0,6.8,72,-6.467184310807044,-2.1013155617496424
2018-04-12 20:00:00,26.3,85,23.5,0.0,9,0.0,8.1,58,-6.869189578867051,-4.29234604028896
2018-04-12 21:00:00,25.7,88,23.5,0.0,10,0.0,4.8,63,-4.276831316104166,-2.1791543987498248
2018-04-12 22:00:00,23.7,96,23.1,0.0,8,0.0,4.4,171,-0.6883116461770163,4.345828698618606
2018-04-12 23:00:00,23.2,98,22.9,0.0,23,0.0,5.4,184,0.3766849582182765,5.386845871403051
2018-04-13 00:00:00,23.3,97,22.8,0.0,23,0.0,6.8,183,0.3558845024520162,6.790680836331102
2018-04-13 01:00:00,23.4,96,22.7,0.0,2,0.0,8.2,165,-2.1223161698406723,7.920591775570359
2018-04-13 02:00:00,23.6,94,22.7,0.0,1,0.0,8.5,152,-3.990508283680071,7.505054539300879
2018-04-13 03:00:00,23.5,94,22.5,0.0,2,0.0,7.7,143,-4.633975678270771,6.149493427364156
2018-04-13 04:00:00,23.3,95,22.5,0.0,9,0.0,6.8,148,-3.603450996785793,5.766727053863696
2018-04-13 05:00:00,23.3,96,22.6,0.0,8,0.0,6.9,174,-0.7212463965468108,6.862201078041086
2018-04-13 06:00:00,23.3,97,22.8,0.0,8,0.0,0.8,27,-0.3631923997916374,-0.7128052193506944
2018-04-13 07:00:00,24.6,96,23.8,0.0,13,59.0,0.5,135,-0.3535533905932738,0.3535533905932737
2018-04-13 08:00:00,26.4,87,24.1,0.0,5,217.0,0.4,180,-4.8985871965894125e-17,0.4
2018-04-13 09:00:00,27.6,79,23.7,0.0,9,422.0,2.2,189,0.3441558230885076,2.1729143493093037
2018-04-13 10:00:00,28.8,72,23.3,0.0,8,601.0,5.2,196,1.4333142502483949,4.998560818879258
2018-04-13 11:00:00,29.7,68,23.1,0.0,9,704.0,8.2,203,3.203995253612043,7.54813979831001
2018-04-13 12:00:00,30.1,66,23.1,0.0,12,758.0,10.0,206,4.383711467890775,8.98794046299167
2018-04-13 13:00:00,30.0,67,23.1,0.0,16,692.0,10.9,214,6.095202647831139,9.036509540849956
2018-04-13 14:00:00,30.1,65,22.9,0.0,23,662.0,11.1,216,6.52441630044645,8.980088637561916
2018-04-13 15:00:00,29.2,72,23.6,0.0,25,464.0,10.2,219,6.419067988708343,7.926888806861101
2018-04-13 16:00:00,29.2,71,23.5,0.0,18,383.0,8.7,228,6.4653599816533305,5.821436275322065
2018-04-13 17:00:00,28.9,73,23.5,0.0,14,229.0,7.7,233,6.149493427364155,4.633975678270772
2018-04-13 18:00:00,28.1,77,23.7,0.0,5,59.0,5.9,256,5.72474478502838,1.42733918403804
2018-04-13 19:00:00,27.2,81,23.7,0.0,5,0.0,7.9,254,7.593967397912721,2.1775351109542918
2018-04-13 20:00:00,26.6,84,23.6,0.0,11,0.0,8.0,243,7.128052193506942,3.6319239979163753
2018-04-13 21:00:00,26.2,86,23.6,0.0,7,0.0,6.4,232,5.043268823083022,3.940233442084212
2018-04-13 22:00:00,25.8,88,23.6,0.0,9,0.0,7.1,195,1.8376152202278973,6.858073366652385
2018-04-13 23:00:00,25.1,91,23.5,0.0,9,0.0,9.0,182,0.3140954703225081,8.994517443171862
2018-04-14 00:00:00,24.7,93,23.5,0.0,10,0.0,10.1,180,-1.2368932671388266e-15,10.1
2018-04-14 01:00:00,24.4,95,23.5,0.0,32,0.0,9.7,178,-0.338525118014261,9.694091022085228
2018-04-14 02:00:00,24.3,95,23.4,0.0,35,0.0,9.0,185,0.7844016847289215,8.96575228282571
2018-04-14 03:00:00,24.5,93,23.4,0.0,36,0.0,9.8,197,2.8652427062828205,9.371786608437748
2018-04-14 04:00:00,24.4,94,23.3,0.0,40,0.0,11.1,209,5.38138678473434,9.708278749247294
2018-04-14 05:00:00,24.5,93,23.3,0.0,36,0.0,11.6,202,4.345436483624579,10.755332712974734
2018-04-14 06:00:00,24.5,94,23.4,0.0,30,0.0,10.6,190,1.8406706832694628,10.438962181929403
2018-04-14 07:00:00,25.1,92,23.7,0.0,26,55.0,7.2,183,0.3768188849491937,7.190132650232932
2018-04-14 08:00:00,26.6,84,23.6,0.0,9,201.0,8.3,182,0.2896658226307575,8.294943864258496
2018-04-14 09:00:00,27.8,76,23.3,0.0,11,372.0,10.1,186,1.0557374790033005,10.04467114321956
2018-04-14 10:00:00,28.8,69,22.6,0.0,15,455.0,10.7,194,2.588564282916442,10.382164271153162
2018-04-14 11:00:00,29.6,66,22.5,0.0,24,705.0,10.8,210,5.400000000000001,9.353074360871938
2018-04-14 12:00:00,30.0,65,22.7,0.0,11,715.0,11.3,217,6.800509761618147,9.02458126353441
2018-04-14 13:00:00,30.1,66,23.0,0.0,6,730.0,12.0,224,8.335900445507967,8.632077604063813
2018-04-14 14:00:00,29.9,68,23.3,0.0,11,682.0,12.5,224,8.683229630737465,8.991747504233139
2018-04-14 15:00:00,29.2,70,23.1,0.2,27,549.0,12.0,224,8.335900445507967,8.632077604063813
2018-04-14 16:00:00,28.9,72,23.4,0.0,23,358.0,10.7,213,5.82763767466079,8.973775077016036
2018-04-14 17:00:00,28.4,76,23.7,0.0,28,217.0,8.9,212,4.716281451675523,7.547628055792193
2018-04-14 18:00:00,27.5,82,24.1,0.0,38,55.0,4.7,266,4.688551036221174,0.3278554265973902
2018-04-14 19:00:00,26.8,86,24.2,0.0,43,0.0,2.9,263,2.878383839759834,0.3534210958749267
2018-04-14 20:00:00,26.0,92,24.6,0.8,45,0.0,2.5,278,2.475670171853926,-0.3479327524001636
2018-04-14 21:00:00,25.2,96,24.4,0.2,36,0.0,0.8,297,0.7128052193506944,-0.3631923997916373
2018-04-14 22:00:00,24.8,96,24.2,0.0,51,0.0,0.5,225,0.3535533905932737,0.3535533905932738
2018-04-14 23:00:00,24.4,97,24.0,0.0,47,0.0,3.7,281,3.632020578756357,-0.705993282893217
2018-04-15 00:00:00,24.2,98,23.8,0.0,42,0.0,4.7,302,3.9858260519352022,-2.490620541896062
2018-04-15 01:00:00,24.1,97,23.6,0.4,52,0.0,6.6,311,4.981083229470297,-4.3299895913373465
2018-04-15 02:00:00,24.0,97,23.4,3.4,96,0.0,7.0,325,4.015035054457325,-5.734064310022941
2018-04-15 03:00:00,24.2,96,23.6,0.9,63,0.0,8.2,331,3.9754388860199614,-7.171881598543045
2018-04-15 04:00:00,24.0,98,23.7,0.2,82,0.0,9.1,342,2.812054648812024,-8.654614298285896
2018-04-15 05:00:00,24.0,97,23.5,0.3,100,0.0,10.9,354,1.1393602496174222,-10.84028865951418
2018-04-15 06:00:00,23.9,96,23.3,0.1,41,0.0,10.2,350,1.7712114122026898,-10.04503908072452
2018-04-15 07:00:00,24.2,95,23.3,0.1,36,27.0,17.3,348,3.596872251147246,-16.921953492694836
2018-04-15 08:00:00,24.9,90,23.1,0.0,29,119.0,18.0,359,0.3141433158711041,-17.997258512815044
2018-04-15 09:00:00,25.8,84,22.9,0.0,17,308.0,17.3,2,-0.6037612929532667,-17.289461307430358
2018-04-15 10:00:00,26.7,77,22.3,0.0,29,483.0,17.4,354,1.8187952608571691,-17.304680979407955
2018-04-15 11:00:00,27.1,73,21.8,0.0,39,561.0,19.2,352,2.6721235384332647,-19.01314691983815
2018-04-15 12:00:00,27.0,72,21.6,0.0,26,525.0,18.4,354,1.9233237241248229,-18.299202874776228
2018-04-15 13:00:00,26.6,72,21.2,0.1,33,371.0,18.1,354,1.891965185144527,-18.000846306165748
2018-04-15 14:00:00,26.4,71,20.8,0.0,61,475.0,20.0,353,2.4373868681029447,-19.850923032826444
2018-04-15 15:00:00,25.6,72,20.2,0.2,56,302.0,23.3,352,3.242733252369536,-23.073246001678587
2018-04-15 16:00:00,24.5,74,19.6,0.7,78,203.0,23.2,354,2.425060347809559,-23.07290797254394
2018-04-15 17:00:00,23.1,81,19.7,1.4,93,32.0,21.7,349,4.140555199671019,-21.30130988081431
2018-04-15 18:00:00,21.8,88,19.7,2.2,100,4.0,21.5,351,3.3633409983649685,-21.23529932279546
2018-04-15 19:00:00,21.1,90,19.4,3.9,100,0.0,19.8,359,0.3455576474582145,-19.79698436409655
2018-04-15 20:00:00,20.8,91,19.2,3.8,100,0.0,17.1,8,-2.379860026417119,-16.933583975480854
2018-04-15 21:00:00,20.7,92,19.3,0.5,100,0.0,15.9,4,-1.1091279325315924,-15.861268399131204
2018-04-15 22:00:00,20.9,91,19.3,0.0,80,0.0,13.8,345,3.5717028224147858,-13.329776402789143
2018-04-15 23:00:00,20.9,90,19.2,0.0,96,0.0,14.2,344,3.914050452601385,-13.649916082324127
2018-04-16 00:00:00,20.9,89,19.0,0.5,100,0.0,15.0,349,2.86213493064817,-14.72440775171496
2018-04-16 01:00:00,20.8,88,18.7,0.3,100,0.0,15.2,353,1.8524140197582375,-15.086701504948095
2018-04-16 02:00:00,20.6,87,18.5,0.4,100,0.0,14.8,359,0.2582956152717967,-14.79774588831459
2018-04-16 03:00:00,20.3,88,18.2,0.6,100,0.0,13.0,357,0.6803674311582768,-12.98218395180946
2018-04-16 04:00:00,20.1,89,18.2,0.5,100,0.0,13.0,354,1.3588700224794945,-12.928784639787551
2018-04-16 05:00:00,20.0,89,18.1,0.5,100,0.0,12.2,358,0.42577385977051,-12.192568089632967
2018-04-16 06:00:00,19.9,90,18.2,0.4,18,0.0,9.7,356,0.6766377953180186,-9.676371287520292
2018-04-16 07:00:00,20.4,88,18.4,0.0,27,44.0,9.8,354,1.0243789400230034,-9.746314574609078
2018-04-16 08:00:00,21.4,84,18.5,0.0,24,159.0,9.1,351,1.4235536318661028,-8.987963899415753
2018-04-16 09:00:00,22.5,79,18.7,0.0,68,318.0,6.3,347,1.4171916423663515,-6.1385314081469815
2018-04-16 10:00:00,23.6,75,19.0,0.0,58,449.0,4.7,328,2.490620541896064,-3.985826051935202
2018-04-16 11:00:00,24.4,72,19.1,0.0,81,425.0,5.4,318,3.613305274337834,-4.012982057577929
2018-04-16 12:00:00,25.0,70,19.1,0.0,90,534.0,7.1,319,4.658019105832603,-5.35843801958168
2018-04-16 13:00:00,25.4,68,19.2,0.0,82,470.0,10.5,322,6.464445490919411,-8.274112912870581
2018-04-16 14:00:00,25.7,67,19.1,0.0,99,487.0,13.4,329,6.9015102037947305,-11.486041829408302
2018-04-16 15:00:00,25.1,68,18.7,0.0,91,225.0,15.2,346,3.6772128131149513,-14.748495039395143
2018-04-16 16:00:00,24.3,70,18.4,0.0,89,98.0,15.9,354,1.6620025659556894,-15.812898136355546
2018-04-16 17:00:00,23.5,72,18.2,0.0,87,39.0,16.0,352,2.226769615361054,-15.844289099865124
2018-04-16 18:00:00,22.8,75,18.1,0.0,84,14.0,15.4,344,4.244815279581784,-14.80343011745011
2018-04-16 19:00:00,22.1,77,17.9,0.4,95,0.0,16.7,346,4.0400956565144535,-16.20393862880914
2018-04-16 20:00:00,21.5,79,17.7,0.3,100,0.0,16.3,354,1.7038139512627508,-16.210706894502856
2018-04-16 21:00:00,21.2,81,17.8,0.4,86,0.0,14.4,356,1.0044932219154092,-14.36492232374147
2018-04-16 22:00:00,20.9,83,17.9,0.1,98,0.0,15.0,350,2.604722665003956,-14.77211629518312
2018-04-16 23:00:00,20.7,83,17.8,0.0,100,0.0,15.0,349,2.86213493064817,-14.72440775171496
2018-04-17 00:00:00,20.5,85,17.8,0.0,99,0.0,14.6,350,2.535263393937184,-14.378193193978236
2018-04-17 01:00:00,20.3,86,17.9,0.2,100,0.0,13.9,343,4.063966695646046,-13.29263610788619
2018-04-17 02:00:00,20.1,88,18.0,0.3,100,0.0,14.8,347,3.329275604289207,-14.42067695882148
2018-04-17 03:00:00,20.0,91,18.4,1.2,100,0.0,15.9,354,1.6620025659556894,-15.812898136355546
2018-04-17 04:00:00,19.8,92,18.5,0.9,100,0.0,15.1,1,-0.263531337202981,-15.097700196861508
2018-04-17 05:00:00,19.7,92,18.4,1.1,100,0.0,13.2,11,-2.518678738970391,-12.957478821509165
2018-04-17 06:00:00,19.7,91,18.3,1.4,100,0.0,13.0,2,-0.4536934571325126,-12.992080751248244
2018-04-17 07:00:00,20.0,90,18.3,1.2,100,4.0,14.4,357,0.7536377698983989,-14.380265300465863
2018-04-17 08:00:00,20.4,89,18.4,1.0,100,7.0,17.7,354,1.8501537998374653,-17.60303754801844
2018-04-17 09:00:00,21.0,85,18.4,0.4,100,46.0,19.4,359,0.338576684883301,-19.39704528603399
2018-04-17 10:00:00,21.8,80,18.2,0.5,76,158.0,18.4,360,4.506700220862259e-15,-18.4
2018-04-17 11:00:00,22.6,77,18.4,0.5,38,294.0,17.6,360,4.310756732998684e-15,-17.6
2018-04-17 12:00:00,23.1,75,18.5,0.3,26,303.0,17.6,360,4.310756732998684e-15,-17.6
2018-04-17 13:00:00,23.7,73,18.5,0.0,21,410.0,17.3,359,0.3019266313650056,-17.29736512620557
2018-04-17 14:00:00,24.5,69,18.5,0.0,22,517.0,18.0,359,0.3141433158711041,-17.997258512815044
2018-04-17 15:00:00,24.6,69,18.5,0.0,14,456.0,18.0,357,0.9420472123729986,-17.975331625582328
2018-04-17 16:00:00,24.3,70,18.5,0.0,9,388.0,18.0,358,0.6281909406450148,-17.989034886343724
2018-04-17 17:00:00,23.6,72,18.2,0.0,6,187.0,18.0,357,0.9420472123729986,-17.975331625582328
2018-04-17 18:00:00,22.6,75,18.0,0.0,10,56.0,17.9,351,2.8001769242201364,-17.679621296652964
2018-04-17 19:00:00,21.6,79,17.8,0.0,16,0.0,16.7,353,2.0352180348659585,-16.575520732410077
2018-04-17 20:00:00,21.0,80,17.5,0.0,19,0.0,15.5,355,1.350914012588704,-15.441017820422056
2018-04-17 21:00:00,20.7,81,17.4,0.0,26,0.0,13.7,358,0.4781231048242612,-13.691654330161612
2018-04-17 22:00:00,20.4,83,17.3,0.0,34,0.0,11.9,2,-0.4153040107597615,-11.89275084152724
2018-04-17 23:00:00,20.1,84,17.3,0.0,49,0.0,10.1,358,0.3524849166952583,-10.093847352892867
2018-04-18 00:00:00,19.9,86,17.4,0.0,47,0.0,8.6,2,-0.3001356716415083,-8.594761112364223
2018-04-18 01:00:00,19.7,87,17.5,0.0,50,0.0,6.8,3,-0.3558845024520181,-6.790680836331102
2018-04-18 02:00:00,19.8,87,17.7,0.0,64,0.0,7.3,351,1.141971594793687,-7.210124886344505
2018-04-18 03:00:00,20.0,86,17.5,0.0,91,0.0,7.6,355,0.6623836448822031,-7.571079705497266
2018-04-18 04:00:00,20.1,84,17.4,0.0,96,0.0,7.9,357,0.4134540543192605,-7.889173324561134
2018-04-18 05:00:00,20.2,84,17.4,0.0,82,0.0,7.2,360,1.7634913907721889e-15,-7.2
2018-04-18 06:00:00,20.2,85,17.6,0.0,80,0.0,7.6,3,-0.3977532674463731,-7.589584464134761
2018-04-18 07:00:00,20.8,84,18.0,0.0,73,24.0,8.0,5,-0.6972459419812653,-7.969557584733964
2018-04-18 08:00:00,22.2,77,18.0,0.0,53,172.0,7.2,354,0.7526049355271046,-7.160557646651568
2018-04-18 09:00:00,23.3,74,18.3,0.0,67,359.0,5.9,346,1.4273391840380405,-5.72474478502838
2018-04-18 10:00:00,24.1,71,18.6,0.0,70,427.0,5.8,338,2.172718241812292,-5.377666356487366
2018-04-18 11:00:00,25.1,69,18.9,0.0,66,604.0,6.2,339,2.2218812871808646,-5.78819864428265
2018-04-18 12:00:00,25.7,67,19.1,0.0,66,640.0,6.1,332,2.863776532993933,-5.385980316439454
2018-04-18 13:00:00,26.0,67,19.3,0.0,61,567.0,7.3,327,3.9758649556096968,-6.122295146001595
2018-04-18 14:00:00,26.0,67,19.3,0.0,61,487.0,8.6,327,4.683895701129232,-7.212566884330647
2018-04-18 15:00:00,25.9,65,18.9,0.0,67,416.0,11.0,328,5.829111906565255,-9.328529057720685
2018-04-18 16:00:00,25.6,67,18.9,0.0,57,375.0,12.0,339,4.300415394543609,-11.202965117966418
2018-04-18 17:00:00,24.9,69,18.8,0.0,100,201.0,11.1,347,2.496956703216905,-10.815507719116107
2018-04-18 18:00:00,24.0,73,18.8,0.0,44,59.0,10.2,350,1.7712114122026898,-10.04503908072452
2018-04-18 19:00:00,23.1,77,18.8,0.0,34,0.0,10.1,356,0.7045403848156689,-10.075396907624224
2018-04-18 20:00:00,22.4,80,18.8,0.0,43,0.0,9.0,358,0.3140954703225074,-8.994517443171862
2018-04-18 21:00:00,21.9,83,18.8,0.0,38,0.0,8.3,360,2.0329136865846065e-15,-8.3
2018-04-18 22:00:00,21.6,84,18.8,0.0,45,0.0,8.0,352,1.113384807680527,-7.922144549932562
2018-04-18 23:00:00,21.3,85,18.8,0.0,67,0.0,7.0,339,2.508575646817105,-6.535062985480411
2018-04-19 00:00:00,20.9,88,18.9,0.0,84,0.0,4.1,345,1.0611580849203348,-3.96029588778518
2018-04-19 01:00:00,20.7,89,18.9,0.0,88,0.0,2.8,40,-1.7998053071223097,-2.1449244407331385
2018-04-19 02:00:00,21.0,88,18.9,0.0,94,0.0,1.5,45,-1.0606601717798214,-1.0606601717798214
2018-04-19 03:00:00,21.5,85,18.9,0.1,91,0.0,0.4,360,9.797174393178825e-17,-0.4
2018-04-19 04:00:00,21.5,86,19.0,0.0,73,0.0,1.3,326,0.7269507745119705,-1.0777488443215544
2018-04-19 05:00:00,21.6,86,19.1,0.0,74,0.0,2.9,300,2.511473670974872,-1.4500000000000002
2018-04-19 06:00:00,20.6,91,19.1,0.0,80,0.0,3.8,343,1.1110124779464012,-3.633958072659534
2018-04-19 07:00:00,22.0,87,19.8,0.0,69,20.0,3.6,354,0.3763024677635523,-3.580278823325784
2018-04-19 08:00:00,23.2,79,19.4,0.0,88,132.0,4.3,355,0.3747696938149307,-4.283637201794505
2018-04-19 09:00:00,23.9,77,19.6,0.0,65,225.0,5.0,330,2.500000000000002,-4.330127018922192
2018-04-19 10:00:00,24.8,72,19.5,0.0,76,365.0,6.4,308,5.04326882308302,-3.940233442084215
2018-04-19 11:00:00,25.4,69,19.4,0.0,92,442.0,6.6,315,4.666904755831214,-4.6669047558312124
2018-04-19 12:00:00,26.1,66,19.3,0.0,94,436.0,8.1,315,5.727564927611036,-5.727564927611033
2018-04-19 13:00:00,26.5,64,19.3,0.0,97,550.0,11.2,315,7.919595949289333,-7.91959594928933
2018-04-19 14:00:00,26.4,64,19.1,0.0,89,366.0,12.7,315,8.980256121069155,-8.98025612106915
2018-04-19 15:00:00,26.2,65,19.0,0.0,78,374.0,12.4,324,7.28853712842667,-10.031810730249347
2018-04-19 16:00:00,25.8,66,19.0,0.0,71,269.0,10.6,332,4.976398565530443,-9.359244484304623
2018-04-19 17:00:00,25.3,68,18.9,0.0,70,167.0,8.4,340,2.8729692039356163,-7.893418014601631
2018-04-19 18:00:00,24.8,70,18.9,0.0,62,29.0,6.3,347,1.4171916423663515,-6.1385314081469815
2018-04-19 19:00:00,24.0,75,19.3,0.0,39,0.0,7.7,349,1.469229264399394,-7.558529312547013
2018-04-19 20:00:00,23.2,82,19.9,0.0,43,0.0,7.0,348,1.4553818357243191,-6.847033205136639
2018-04-19 21:00:00,22.9,82,19.7,0.0,43,0.0,6.2,339,2.2218812871808646,-5.78819864428265
2018-04-19 22:00:00,22.8,82,19.6,0.0,52,0.0,5.3,332,2.4881992827652213,-4.679622242152313
2018-04-19 23:00:00,22.4,85,19.7,0.0,61,0.0,4.9,324,2.88014773623312,-3.9641832724372414
2018-04-20 00:00:00,21.8,89,19.9,0.0,58,0.0,4.8,312,3.5670951622914937,-3.211826910522517
2018-04-20 01:00:00,21.7,90,19.9,0.0,59,0.0,5.6,310,4.289848881466277,-3.59961061424462
2018-04-20 02:00:00,21.6,90,19.9,0.0,57,0.0,6.2,306,5.015905365124675,-3.644268564213332
2018-04-20 03:00:00,22.1,88,19.9,0.0,67,0.0,6.1,298,5.385980316439455,-2.8637765329939318
2018-04-20 04:00:00,22.7,84,19.8,0.0,67,0.0,5.0,300,4.330127018922193,-2.5000000000000004
2018-04-20 05:00:00,23.0,82,19.8,0.0,62,0.0,4.7,302,3.9858260519352022,-2.490620541896062
2018-04-20 06:00:00,22.7,84,19.8,0.0,66,1.0,5.1,321,3.2095339943541727,-3.96344440343055
2018-04-20 07:00:00,22.8,90,21.2,0.0,54,25.0,3.6,323,2.166534083347374,-2.875087836170254
2018-04-20 08:00:00,24.4,71,18.8,0.0,53,89.0,3.9,304,3.2332465329646625,-2.1808523235359134
2018-04-20 09:00:00,25.2,70,19.3,0.0,59,266.0,4.3,275,4.283637201794505,-0.3747696938149289
2018-04-20 10:00:00,25.9,69,19.8,0.0,57,439.0,5.8,277,5.756767679519667,-0.7068421917498565
2018-04-20 11:00:00,26.4,68,19.9,0.0,63,440.0,7.2,288,6.847606917325106,-2.22492235949962
2018-04-20 12:00:00,26.7,67,20.0,0.0,69,302.0,8.0,297,7.128052193506944,-3.631923997916373
2018-04-20 13:00:00,27.0,66,20.0,0.0,67,318.0,8.2,308,6.461688179575118,-5.0484240976704
2018-04-20 14:00:00,27.0,66,20.0,0.0,42,391.0,8.9,310,6.817795543758906,-5.7208097262102
2018-04-20 15:00:00,26.1,69,20.0,0.1,67,181.0,11.0,319,7.216649318895581,-8.30180538245049
2018-04-20 16:00:00,25.9,69,19.9,0.0,50,148.0,11.8,329,6.077449283938643,-10.114574148284923
2018-04-20 17:00:00,25.4,72,19.9,0.0,32,79.0,11.7,342,3.615498834186888,-11.127361240653295
2018-04-20 18:00:00,24.9,74,19.9,0.0,18,47.0,11.1,347,2.496956703216905,-10.815507719116107
2018-04-20 19:00:00,24.1,76,19.7,0.0,13,1.0,9.4,342,2.9047597471245084,-8.939931253174443
2018-04-20 20:00:00,23.4,80,19.7,0.0,11,0.0,8.3,326,4.6413010988071965,-6.881011852206848
2018-04-20 21:00:00,23.1,82,19.8,0.0,14,0.0,7.2,323,4.333068166694748,-5.750175672340508
2018-04-20 22:00:00,22.6,85,20.0,0.0,15,0.0,4.1,322,2.5242120488351985,-3.23084408978756
2018-04-20 23:00:00,22.2,88,20.2,0.0,35,0.0,5.1,274,5.087576656325104,-0.3557580160950386
2018-04-21 00:00:00,21.9,91,20.4,0.0,40,0.0,4.1,255,3.96029588778518,1.0611580849203346
2018-04-21 01:00:00,22.1,90,20.4,0.0,52,0.0,3.7,259,3.632020578756357,0.7059932828932151
2018-04-21 02:00:00,21.8,92,20.4,0.0,52,0.0,3.3,283,3.2154212137912763,-0.7423384793347542
2018-04-21 03:00:00,23.2,86,20.8,0.0,41,0.0,4.1,285,3.960295887785181,-1.061158084920333
2018-04-21 04:00:00,22.0,92,20.6,0.0,38,0.0,6.0,287,5.737828535778212,-1.7542302283364202
2018-04-21 05:00:00,22.2,90,20.6,0.0,49,0.0,5.6,297,4.989636535454861,-2.542346798541461
2018-04-21 06:00:00,21.9,92,20.5,0.0,39,0.0,5.9,313,4.3149868395531055,-4.023790324368742
2018-04-21 07:00:00,23.2,90,21.4,0.0,34,10.0,7.1,311,5.3584380195816825,-4.6580191058326
2018-04-21 08:00:00,24.7,80,21.0,0.0,37,86.0,6.6,315,4.666904755831214,-4.6669047558312124
2018-04-21 09:00:00,25.4,76,20.8,0.0,32,173.0,4.9,324,2.88014773623312,-3.9641832724372414
2018-04-21 10:00:00,26.0,72,20.7,0.0,30,223.0,4.8,318,3.211826910522519,-3.5670951622914924
2018-04-21 11:00:00,26.5,70,20.7,0.0,14,310.0,6.1,298,5.385980316439455,-2.8637765329939318
2018-04-21 12:00:00,27.1,68,20.7,0.0,18,448.0,7.9,300,6.841600689897065,-3.950000000000001
2018-04-21 13:00:00,27.4,68,20.9,0.0,23,586.0,10.2,318,6.825132184860353,-7.580077219869421
2018-04-21 14:00:00,27.6,67,20.8,0.0,29,640.0,12.6,323,7.582869291715808,-10.062807426595889
2018-04-21 15:00:00,27.4,64,20.0,0.0,31,420.0,14.0,325,8.03007010891465,-11.46812862004588
2018-04-21 16:00:00,27.1,65,19.9,0.0,30,281.0,13.6,338,5.094649670456408,-12.609700422108308
2018-04-21 17:00:00,26.6,67,19.9,0.0,33,150.0,12.8,349,2.442355140819772,-12.5648279481301
2018-04-21 18:00:00,25.8,71,20.1,0.0,18,50.0,11.5,356,0.8021994480574448,-11.47198657798798
2018-04-21 19:00:00,24.9,74,20.1,0.0,12,1.0,11.9,357,0.622797879291038,-11.88369146357943
2018-04-21 20:00:00,24.0,80,20.3,0.0,17,0.0,10.4,2,-0.3629547657060101,-10.393664600998596
2018-04-21 21:00:00,23.6,83,20.6,0.0,9,0.0,8.6,2,-0.3001356716415083,-8.594761112364223
2018-04-21 22:00:00,22.7,89,20.8,0.0,11,0.0,7.6,357,0.3977532674463772,-7.589584464134761
2018-04-21 23:00:00,22.5,91,20.9,0.0,11,0.0,6.8,357,0.3558845024520217,-6.790680836331102
2018-04-22 00:00:00,22.2,93,21.0,0.0,14,0.0,6.8,3,-0.3558845024520181,-6.790680836331102
2018-04-22 01:00:00,22.0,93,20.8,0.0,36,0.0,6.5,6,-0.6794350112397476,-6.4643923198937765
2018-04-22 02:00:00,21.9,93,20.7,0.0,29,0.0,6.5,19,-2.1161930039715187,-6.14587074139556
2018-04-22 03:00:00,21.8,93,20.7,0.0,39,0.0,5.9,14,-1.4273391840380396,-5.72474478502838
2018-04-22 04:00:00,21.8,93,20.6,0.0,46,0.0,6.5,3,-0.3401837155791349,-6.49109197590473
2018-04-22 05:00:00,21.9,91,20.5,0.0,42,0.0,7.9,3,-0.4134540543192563,-7.889173324561134
2018-04-22 06:00:00,22.1,90,20.5,0.0,47,1.0,7.6,360,1.8614631347039767e-15,-7.6
2018-04-22 07:00:00,23.5,85,20.9,0.0,38,39.0,5.8,353,0.7068421917498539,-5.756767679519668
2018-04-22 08:00:00,25.5,75,20.7,0.0,28,204.0,3.7,11,-0.7059932828932158,-3.632020578756357
2018-04-22 09:00:00,26.9,68,20.5,0.0,24,375.0,3.5,24,-1.4235782507653008,-3.197409101749103
2018-04-22 10:00:00,27.8,66,20.8,0.0,17,498.0,4.1,345,1.0611580849203348,-3.96029588778518
2018-04-22 11:00:00,28.4,65,21.1,0.0,11,625.0,5.2,326,2.907803098047882,-4.3109953772862175
2018-04-22 12:00:00,28.9,64,21.4,0.0,9,655.0,5.4,312,4.012982057577931,-3.613305274337832
2018-04-22 13:00:00,29.0,65,21.6,0.0,13,638.0,4.4,305,3.604268994871564,-2.523736319944603
2018-04-22 14:00:00,28.8,66,21.8,0.0,17,522.0,6.6,299,5.772490067120011,-3.1997434936258258
2018-04-22 15:00:00,28.9,65,21.5,0.0,24,482.0,6.8,335,2.873804179836754,-6.16289295184922
2018-04-22 16:00:00,28.6,66,21.5,0.0,39,298.0,6.8,3,-0.3558845024520181,-6.790680836331102
2018-04-22 17:00:00,28.0,68,21.5,0.0,29,159.0,5.9,349,1.1257730727216135,-5.791600382341218
2018-04-22 18:00:00,27.4,72,21.8,0.0,50,47.0,9.8,352,1.3638963894086458,-9.704627073667387
2018-04-22 19:00:00,26.3,77,22.0,0.0,29,1.0,6.6,347,1.4846769586695112,-6.430842427582552
2018-04-22 20:00:00,25.3,83,22.2,0.0,18,0.0,5.0,30,-2.5,-4.330127018922194
2018-04-22 21:00:00,24.5,88,22.3,0.0,8,0.0,2.2,351,0.3441558230885084,-2.172914349309303
2018-04-22 22:00:00,23.8,91,22.2,0.0,17,0.0,1.9,338,0.7117525274902334,-1.7616493236768958
2018-04-22 23:00:00,23.3,93,22.2,0.0,19,0.0,1.3,56,-1.0777488443215544,-0.7269507745119709
2018-04-23 00:00:00,22.9,96,22.1,0.0,8,0.0,3.1,69,-2.8940993221413254,-1.1109406435904312
2018-04-23 01:00:00,22.5,97,22.0,0.0,11,0.0,3.1,54,-2.5079526825623373,-1.8221342821066668
2018-04-23 02:00:00,22.2,98,21.8,0.0,26,0.0,3.6,6,-0.3763024677635525,-3.580278823325784
2018-04-23 03:00:00,22.4,96,21.8,0.0,24,0.0,3.2,360,7.837739514543061e-16,-3.2
2018-04-23 04:00:00,22.5,97,22.1,0.0,16,0.0,3.3,6,-0.3449439287832564,-3.281922254715301
2018-04-23 05:00:00,22.2,99,22.0,0.0,13,0.0,2.4,63,-2.138415658052083,-1.0895771993749124
2018-04-23 06:00:00,22.4,99,22.2,0.0,11,1.0,2.9,7,-0.3534210958749276,-2.8783838397598336
2018-04-23 07:00:00,23.9,93,22.7,0.0,11,54.0,1.8,53,-1.437543918085127,-1.0832670416736871
2018-04-23 08:00:00,25.7,85,22.9,0.0,13,178.0,0.7,90,-0.7,-4.286263797015736e-17
2018-04-23 09:00:00,27.1,79,23.1,0.0,15,384.0,1.8,191,0.3434561916777805,1.7669289302057951
2018-04-23 10:00:00,28.2,74,23.1,0.0,35,448.0,6.1,208,2.863776532993934,5.385980316439453
2018-04-23 11:00:00,29.1,71,23.3,0.0,37,556.0,9.7,207,4.403707847473602,8.642763284627168
2018-04-23 12:00:00,29.9,68,23.3,0.0,37,589.0,12.0,213,6.5356684201803255,10.064046815345089
2018-04-23 13:00:00,30.1,67,23.4,0.0,50,623.0,15.2,216,8.934335834845589,12.2970583144992
2018-04-23 14:00:00,29.9,69,23.5,0.2,45,491.0,16.3,208,7.652386473410021,14.392045763600509
2018-04-23 15:00:00,29.9,68,23.2,0.0,26,325.0,16.1,196,4.437761428653684,15.476313304606936
2018-04-23 16:00:00,28.2,75,23.3,0.9,31,327.0,16.2,192,3.368169391247704,15.845991131887647
2018-04-23 17:00:00,28.5,73,23.3,0.0,20,175.0,15.6,188,2.171100374977022,15.448181872368496
2018-04-23 18:00:00,28.1,75,23.3,0.0,16,57.0,11.9,178,-0.4153040107597636,11.89275084152724
2018-04-23 19:00:00,27.3,79,23.3,0.0,14,0.0,14.4,177,-0.7536377698983908,14.380265300465863
2018-04-23 20:00:00,26.9,81,23.4,0.0,22,0.0,14.5,174,-1.5156627173809791,14.420567482839962
2018-04-23 21:00:00,26.5,84,23.5,0.0,15,0.0,14.4,177,-0.7536377698983908,14.380265300465863
2018-04-23 22:00:00,26.1,85,23.4,0.0,22,0.0,14.8,174,-1.5470212563612753,14.718924051450443
2018-04-23 23:00:00,25.8,87,23.4,0.0,14,0.0,14.5,173,-1.7671054793746397,14.391919198799169
2018-04-24 00:00:00,25.6,88,23.4,0.0,15,0.0,14.6,171,-2.2839431895873723,14.42024977268901
2018-04-24 01:00:00,25.2,90,23.3,0.0,25,0.0,13.8,171,-2.1587956175551875,13.6300991002129
2018-04-24 02:00:00,25.0,90,23.3,0.0,26,0.0,11.6,175,-1.011006615872835,11.555858497864248
2018-04-24 03:00:00,25.0,90,23.2,0.0,23,0.0,10.9,186,1.139360249617423,10.84028865951418
2018-04-24 04:00:00,24.9,91,23.3,0.0,18,0.0,10.2,190,1.7712114122026907,10.04503908072452
2018-04-24 05:00:00,24.7,92,23.3,0.0,21,0.0,9.4,182,0.3280552690035084,9.3942737739795
2018-04-24 06:00:00,24.5,93,23.3,0.0,43,2.0,7.6,185,0.6623836448822004,7.571079705497266
2018-04-24 07:00:00,25.4,91,23.8,0.2,68,56.0,8.0,190,1.3891854213354438,7.878462024097664
2018-04-24 08:00:00,26.4,86,23.8,0.1,59,188.0,8.7,185,0.758254961904624,8.666893873398186
2018-04-24 09:00:00,27.0,83,23.8,0.3,44,230.0,8.7,210,4.3500000000000005,7.534421012924615
2018-04-24 10:00:00,27.5,80,23.7,0.2,64,330.0,9.8,234,7.928366544874485,5.760295472466238
2018-04-24 11:00:00,28.0,77,23.7,0.0,52,418.0,11.3,253,10.8062437423823,3.303800263366929
2018-04-24 12:00:00,28.2,77,23.7,0.8,39,407.0,10.8,268,10.793420931806237,0.3769145643870082
2018-04-24 13:00:00,28.0,77,23.6,1.0,36,499.0,10.1,287,9.658678035226655,-2.9529542176996406
2018-04-24 14:00:00,28.1,75,23.3,0.1,27,446.0,10.4,304,8.621990754572433,-5.815606196095769
2018-04-24 15:00:00,28.1,76,23.6,0.0,28,382.0,10.4,314,7.481133923521972,-7.224447052773572
2018-04-24 16:00:00,27.6,77,23.1,1.0,50,273.0,12.3,322,7.572636146505596,-9.69253226936268
2018-04-24 17:00:00,26.1,84,23.2,4.4,42,160.0,11.6,330,5.800000000000005,-10.045894683899483
2018-04-24 18:00:00,25.5,87,23.1,0.3,15,37.0,8.9,346,2.153104870837044,-8.635631963856369
2018-04-24 19:00:00,25.1,89,23.1,0.0,17,0.0,9.5,349,1.8126854560771744,-9.325458242752807
2018-04-24 20:00:00,24.6,91,23.1,0.0,16,0.0,11.1,347,2.496956703216905,-10.815507719116107
2018-04-24 21:00:00,24.3,92,22.9,0.0,17,0.0,11.0,349,2.098898949141992,-10.797899017924305
2018-04-24 22:00:00,23.9,93,22.6,0.0,35,0.0,10.2,352,1.419565629792672,-10.100734301164016
2018-04-24 23:00:00,23.6,93,22.4,0.0,61,0.0,8.3,355,0.7233926648055641,-8.268415994161488
2018-04-25 00:00:00,23.3,93,22.2,0.0,94,0.0,7.6,352,1.0577155672965006,-7.526037322435934
2018-04-25 01:00:00,23.1,94,22.1,0.0,93,0.0,6.9,354,0.7212463965468086,-6.862201078041086
2018-04-25 02:00:00,23.0,93,21.9,0.1,100,0.0,6.9,6,-0.721246396546809,-6.862201078041086
2018-04-25 03:00:00,22.9,94,21.8,0.6,100,0.0,7.3,9,-1.1419715947936853,-7.210124886344506
2018-04-25 04:00:00,22.7,94,21.7,0.6,100,0.0,8.0,10,-1.3891854213354426,-7.878462024097664
2018-04-25 05:00:00,22.7,94,21.6,0.5,90,0.0,6.9,6,-0.721246396546809,-6.862201078041086
2018-04-25 06:00:00,22.8,93,21.6,0.6,100,0.0,7.2,354,0.7526049355271046,-7.160557646651568
2018-04-25 07:00:00,23.2,92,21.8,0.8,100,21.0,8.4,350,1.4586446924022154,-8.272385125302547
2018-04-25 08:00:00,23.9,88,21.8,0.5,100,94.0,7.2,354,0.7526049355271046,-7.160557646651568
2018-04-25 09:00:00,24.8,86,22.4,0.4,100,229.0,7.4,346,1.7902220274375422,-7.180188374442374
2018-04-25 10:00:00,26.0,79,22.1,0.1,100,367.0,9.4,337,3.6728726077991753,-8.652745622452938
2018-04-25 11:00:00,26.8,77,22.3,0.0,100,471.0,11.3,338,4.23305450559981,-10.477177556604698
2018-04-25 12:00:00,27.2,73,22.0,0.2,100,456.0,13.5,344,3.7211043035294855,-12.977032895167303
2018-04-25 13:00:00,26.9,73,21.8,0.5,100,460.0,14.7,349,2.8048922320352063,-14.42991959668066
2018-04-25 14:00:00,26.7,75,22.0,0.7,100,452.0,13.8,351,2.158795617555189,-13.6300991002129
2018-04-25 15:00:00,25.7,76,21.3,0.7,100,156.0,14.1,356,0.9835662797921716,-14.06565310866352
2018-04-25 16:00:00,25.1,79,21.3,0.8,100,66.0,12.6,3,-0.6594330486610923,-12.58273213790763
2018-04-25 17:00:00,24.6,83,21.5,0.6,94,90.0,9.7,4,-0.6766377953180154,-9.676371287520292
2018-04-25 18:00:00,24.1,85,21.3,0.3,66,28.0,7.2,3,-0.3768188849491956,-7.190132650232932
2018-04-25 19:00:00,23.6,87,21.4,0.3,24,1.0,6.3,13,-1.4171916423663495,-6.1385314081469815
2018-04-25 20:00:00,23.2,90,21.5,0.1,24,0.0,7.2,18,-2.224922359499621,-6.8476069173251055
2018-04-25 21:00:00,22.9,92,21.5,0.2,15,0.0,7.3,11,-1.392905666248777,-7.165878439167947
2018-04-25 22:00:00,22.7,92,21.3,0.0,10,0.0,7.6,3,-0.3977532674463731,-7.589584464134761
2018-04-25 23:00:00,22.5,92,21.1,0.0,10,0.0,6.8,360,1.6655196468404002e-15,-6.8
2018-04-26 00:00:00,22.2,92,20.9,0.0,7,0.0,6.9,354,0.7212463965468086,-6.862201078041086
2018-04-26 01:00:00,22.0,92,20.7,0.0,8,0.0,6.8,357,0.3558845024520217,-6.790680836331102
2018-04-26 02:00:00,21.9,92,20.5,0.0,11,0.0,6.5,354,0.6794350112397471,-6.4643923198937765
2018-04-26 03:00:00,22.1,85,19.5,0.0,23,0.0,6.4,344,1.764079077228793,-6.1520748540052415
2018-04-26 04:00:00,21.8,87,19.6,0.0,34,0.0,5.3,332,2.4881992827652213,-4.679622242152313
2018-04-26 05:00:00,21.7,88,19.5,0.0,37,0.0,5.2,326,2.907803098047882,-4.3109953772862175
2018-04-26 06:00:00,21.6,88,19.6,0.0,41,0.0,5.6,345,1.4493866525741157,-5.409184627218783
2018-04-26 07:00:00,22.7,84,19.9,0.0,55,47.0,7.4,346,1.7902220274375422,-7.180188374442374
2018-04-26 08:00:00,23.6,80,19.9,0.0,70,155.0,7.7,349,1.469229264399394,-7.558529312547013
2018-04-26 09:00:00,24.7,76,20.1,0.0,61,326.0,5.4,340,1.8469087739586103,-5.074340152243906
2018-04-26 10:00:00,25.6,73,20.4,0.0,53,442.0,3.8,319,2.493024310163928,-2.867896404846533
2018-04-26 11:00:00,26.3,71,20.6,0.0,53,493.0,3.7,299,3.236092916415764,-1.793795594911448
2018-04-26 12:00:00,26.9,68,20.5,0.0,63,549.0,5.4,290,5.074340152243905,-1.8469087739586127
2018-04-26 13:00:00,27.3,66,20.5,0.0,58,623.0,7.4,293,6.81173591554806,-2.891410350820624
2018-04-26 14:00:00,27.2,67,20.5,0.0,65,562.0,9.9,303,8.302838622659701,-5.391926446648764
2018-04-26 15:00:00,27.0,68,20.7,0.0,65,474.0,9.5,323,5.717242719944458,-7.587037345449282
2018-04-26 16:00:00,26.7,69,20.4,0.0,52,278.0,8.0,333,3.631923997916376,-7.128052193506942
2018-04-26 17:00:00,26.4,69,20.3,0.0,44,181.0,6.6,338,2.4724035165450213,-6.119413440140796
2018-04-26 18:00:00,25.9,70,20.1,0.0,31,47.0,4.9,324,2.88014773623312,-3.9641832724372414
2018-04-26 19:00:00,25.2,74,20.3,0.0,25,1.0,6.4,308,5.04326882308302,-3.940233442084215
2018-04-26 20:00:00,24.5,78,20.4,0.0,17,0.0,6.9,313,5.046340541172276,-4.705788684431241
2018-04-26 21:00:00,24.0,81,20.5,0.0,13,0.0,7.0,325,4.015035054457325,-5.734064310022941
2018-04-26 22:00:00,23.7,83,20.6,0.0,16,0.0,7.5,343,2.1927877854205287,-7.172285669722765
2018-04-26 23:00:00,23.2,86,20.7,0.0,4,0.0,5.2,348,1.0811407922523513,-5.086367523815789
2018-04-27 00:00:00,23.3,85,20.7,0.0,7,0.0,1.1,360,2.694222958124177e-16,-1.1
2018-04-27 01:00:00,23.3,86,20.9,0.0,3,0.0,1.8,191,0.3434561916777805,1.7669289302057951
2018-04-27 02:00:00,23.1,89,21.1,0.0,10,0.0,3.4,238,2.883363526931848,1.801725498392897
2018-04-27 03:00:00,22.8,90,21.2,0.0,38,0.0,3.6,264,3.5802788233257843,0.3763024677635521
2018-04-27 04:00:00,22.9,91,21.3,0.0,51,0.0,2.2,279,2.1729143493093037,-0.3441558230885075
2018-04-27 05:00:00,23.1,90,21.4,0.0,48,0.0,0.7,270,0.7,1.2858791391047207e-16
2018-04-27 06:00:00,23.1,90,21.4,0.0,22,3.0,2.2,270,2.2,4.0413344371862655e-16
2018-04-27 07:00:00,23.9,86,21.3,0.0,13,82.0,1.6,333,0.7263847995832752,-1.4256104387013886
2018-04-27 08:00:00,25.0,77,20.6,0.0,8,231.0,2.5,315,1.767766952966369,-1.7677669529663684
2018-04-27 09:00:00,25.8,72,20.4,0.0,10,367.0,3.9,292,3.616017032810471,-1.460965714322057
2018-04-27 10:00:00,26.6,68,20.3,0.0,7,533.0,7.6,301,6.5144714853360535,-3.9142893693164114
2018-04-27 11:00:00,27.4,65,20.3,0.0,25,682.0,10.4,314,7.481133923521972,-7.224447052773572
2018-04-27 12:00:00,27.8,64,20.4,0.0,39,623.0,11.7,317,7.979380812731229,-8.556838308944297
2018-04-27 13:00:00,27.9,64,20.5,0.0,47,683.0,12.8,320,8.227681403987708,-9.805368871922916
2018-04-27 14:00:00,27.7,66,20.7,0.0,47,595.0,13.6,328,7.206901993571588,-11.53345410772739
2018-04-27 15:00:00,27.6,68,21.1,0.0,68,441.0,15.1,335,6.381535752284558,-13.685247584253416
2018-04-27 16:00:00,27.2,69,20.9,0.0,66,313.0,15.7,340,5.3697162502129965,-14.75317414633876
2018-04-27 17:00:00,26.8,70,20.8,0.0,54,184.0,14.7,349,2.8048922320352063,-14.42991959668066
2018-04-27 18:00:00,26.0,73,20.7,0.0,42,45.0,12.4,350,2.153237403069937,-12.21161613735138
2018-04-27 19:00:00,25.3,76,20.8,0.0,46,1.0,10.8,360,2.645237086158283e-15,-10.8
2018-04-27 20:00:00,24.7,79,20.9,0.0,50,0.0,9.4,4,-0.6557108531947778,-9.377102072442348
2018-04-27 21:00:00,24.4,82,21.1,0.0,44,0.0,8.1,13,-1.8221035401853063,-7.892397524760405
2018-04-27 22:00:00,24.0,86,21.5,0.0,59,0.0,5.4,360,1.3226185430791417e-15,-5.4
2018-04-27 23:00:00,23.8,88,21.7,0.0,67,0.0,2.8,320,1.7998053071223108,-2.1449244407331376
2018-04-28 00:00:00,23.7,89,21.8,0.0,57,0.0,4.0,297,3.564026096753472,-1.8159619989581863
2018-04-28 01:00:00,23.5,90,21.8,0.0,92,0.0,5.6,315,3.9597979746446663,-3.959797974644665
2018-04-28 02:00:00,23.3,92,21.9,0.0,85,0.0,6.4,333,2.9055391983331007,-5.702441754805554
2018-04-28 03:00:00,23.1,93,22.0,0.0,76,0.0,6.3,347,1.4171916423663515,-6.1385314081469815
2018-04-28 04:00:00,23.1,93,21.9,0.0,77,0.0,5.5,349,1.0494494745709957,-5.398949508962152
2018-04-28 05:00:00,23.0,94,22.0,0.0,73,0.0,4.2,340,1.436484601967808,-3.946709007300816
2018-04-28 06:00:00,23.2,93,22.0,0.0,63,1.0,4.7,356,0.3278554265973905,-4.688551036221174
2018-04-28 07:00:00,24.4,86,22.0,0.0,59,46.0,2.5,352,0.3479327524001647,-2.475670171853926
2018-04-28 08:00:00,25.3,82,22.0,0.0,55,176.0,1.6,297,1.4256104387013888,-0.7263847995832746
2018-04-28 09:00:00,26.2,78,22.0,0.3,56,361.0,4.0,270,4.0,7.34788079488412e-16
2018-04-28 10:00:00,26.6,77,22.3,0.2,55,476.0,5.4,278,5.34744757120448,-0.7515347451843536
2018-04-28 11:00:00,27.2,76,22.6,0.0,55,517.0,6.4,286,6.152074854005241,-1.7640790772287962
2018-04-28 12:00:00,27.3,76,22.6,0.1,38,543.0,8.2,293,7.548139798310011,-3.2039952536120424
2018-04-28 13:00:00,27.3,76,22.6,0.1,37,432.0,10.5,311,7.924450592339109,-6.888619804400324
2018-04-28 14:00:00,27.2,76,22.6,0.1,47,416.0,11.4,325,6.5387713744019305,-9.338333304894505
2018-04-28 15:00:00,27.5,71,21.9,0.0,48,385.0,11.3,333,5.130092647056881,-10.068373723328556
2018-04-28 16:00:00,27.3,71,21.6,0.0,49,242.0,10.4,340,3.5570094905869536,-9.772803256173448
2018-04-28 17:00:00,27.0,72,21.6,0.0,41,146.0,7.5,343,2.1927877854205287,-7.172285669722765
2018-04-28 18:00:00,26.5,75,21.6,0.0,38,51.0,5.8,330,2.9000000000000026,-5.022947341949743
2018-04-28 19:00:00,25.9,78,21.8,0.0,41,1.0,5.7,325,3.269385687200965,-4.669166652447252
2018-04-28 20:00:00,25.2,85,22.5,0.0,45,0.0,4.1,308,3.230844089787559,-2.5242120488352
2018-04-28 21:00:00,25.0,84,22.2,0.0,30,0.0,3.2,297,2.8512208774027776,-1.4527695991665492
2018-04-28 22:00:00,24.7,87,22.4,0.0,40,0.0,1.8,217,1.0832670416736871,1.437543918085127
2018-04-28 23:00:00,24.3,89,22.4,0.0,32,0.0,4.5,194,1.0886485301985038,4.366330768241984
2018-04-29 00:00:00,24.1,91,22.5,0.0,25,0.0,5.1,188,0.7097828148963341,5.050367150582008
2018-04-29 01:00:00,23.6,93,22.5,0.0,28,0.0,5.8,184,0.4045875477159266,5.78587149150698
2018-04-29 02:00:00,23.9,92,22.6,0.0,28,0.0,6.0,205,2.535709570444196,5.4378467222199
2018-04-29 03:00:00,23.5,94,22.4,0.0,24,0.0,4.8,228,3.567095162291493,3.211826910522519
2018-04-29 04:00:00,23.3,94,22.3,0.0,20,0.0,4.7,212,2.4906205418960625,3.9858260519352022
2018-04-29 05:00:00,22.6,96,21.9,0.0,17,0.0,6.8,212,3.6034509967857926,5.766727053863697
2018-04-29 06:00:00,22.7,96,22.0,0.0,14,2.0,4.6,225,3.252691193458118,3.2526911934581197
2018-04-29 07:00:00,24.7,88,22.6,0.0,17,62.0,3.0,256,2.910887178827989,0.7257656867990033
2018-04-29 08:00:00,25.7,81,22.1,0.1,21,195.0,4.0,265,3.984778792366982,0.348622970990633
2018-04-29 09:00:00,26.4,76,21.9,0.1,29,355.0,5.1,266,5.087576656325103,0.3557580160950404
2018-04-29 10:00:00,27.0,74,21.9,0.1,33,427.0,6.1,270,6.1,1.120551821219828e-15
2018-04-29 11:00:00,27.3,73,22.0,0.2,36,558.0,8.7,275,8.666893873398186,-0.7582549619046236
2018-04-29 12:00:00,27.6,73,22.3,0.2,28,669.0,9.6,283,9.35395262193826,-2.159530121701103
2018-04-29 13:00:00,27.7,73,22.5,0.0,42,606.0,10.7,284,10.382164271153163,-2.5885642829164413
2018-04-29 14:00:00,27.7,73,22.5,0.0,29,576.0,10.6,288,10.081199072728628,-3.2755801403744407
2018-04-29 15:00:00,27.8,69,21.7,0.0,30,462.0,7.8,292,7.232034065620942,-2.9219314286441134
2018-04-29 16:00:00,27.3,71,21.5,0.0,32,285.0,5.4,290,5.074340152243905,-1.8469087739586127
2018-04-29 17:00:00,27.0,72,21.4,0.0,35,168.0,3.9,292,3.616017032810471,-1.460965714322057
2018-04-29 18:00:00,26.5,73,21.3,0.0,19,49.0,4.1,308,3.230844089787559,-2.5242120488352
2018-04-29 19:00:00,25.9,77,21.6,0.0,20,1.0,4.9,306,3.964183272437243,-2.8801477362331176
2018-04-29 20:00:00,25.0,86,22.4,0.0,23,0.0,5.0,300,4.330127018922193,-2.5000000000000004
2018-04-29 21:00:00,24.6,88,22.4,0.0,26,0.0,5.8,292,5.377666356487367,-2.172718241812289
2018-04-29 22:00:00,25.0,85,22.2,0.0,32,0.0,4.1,255,3.96029588778518,1.0611580849203346
2018-04-29 23:00:00,24.7,87,22.4,0.0,26,0.0,4.8,257,4.6769763109691285,1.0797650608505531
2018-04-30 00:00:00,24.4,89,22.5,0.0,45,0.0,3.3,283,3.2154212137912763,-0.7423384793347542
2018-04-30 01:00:00,23.9,91,22.4,0.0,44,0.0,1.1,360,2.694222958124177e-16,-1.1
2018-04-30 02:00:00,23.8,92,22.4,0.0,58,0.0,1.1,18,-0.3399186938124421,-1.0461621679246689
2018-04-30 03:00:00,24.1,91,22.5,0.0,63,0.0,0.5,45,-0.3535533905932738,-0.3535533905932738
2018-04-30 04:00:00,24.1,91,22.6,0.0,56,0.0,1.1,252,1.0461621679246689,0.3399186938124423
2018-04-30 05:00:00,24.2,91,22.6,0.0,57,0.0,2.7,247,2.4853631043215887,1.0549740469210394
2018-04-30 06:00:00,23.5,94,22.4,0.0,44,1.0,1.4,270,1.4,2.571758278209441e-16
2018-04-30 07:00:00,24.9,89,22.9,0.0,52,59.0,0.0,180,-0.0,0.0
2018-04-30 08:00:00,26.2,81,22.6,0.0,54,224.0,1.9,292,1.761649323676896,-0.7117525274902327
2018-04-30 09:00:00,27.1,76,22.5,0.0,52,418.0,3.9,292,3.616017032810471,-1.460965714322057
2018-04-30 10:00:00,27.9,72,22.4,0.3,56,558.0,4.3,294,3.9282454678631846,-1.7489675652259389
2018-04-30 11:00:00,28.3,71,22.5,0.3,58,589.0,5.4,290,5.074340152243905,-1.8469087739586127
2018-04-30 12:00:00,28.5,73,23.1,0.0,44,593.0,6.2,277,6.153786140176196,-0.7555899291119157
2018-04-30 13:00:00,28.6,73,23.3,0.1,49,624.0,8.1,283,7.892397524760405,-1.8221035401853056
2018-04-30 14:00:00,28.7,74,23.6,0.1,34,598.0,8.7,287,8.319851376878407,-2.543633831087809
2018-04-30 15:00:00,28.8,72,23.2,0.0,43,542.0,9.4,293,8.65274562245294,-3.672872607799171
2018-04-30 16:00:00,28.4,73,23.1,0.0,40,302.0,9.7,297,8.642763284627168,-4.403707847473602
2018-04-30 17:00:00,27.5,76,22.9,0.2,56,179.0,6.8,295,6.162892951849218,-2.8738041798367573
2018-04-30 18:00:00,26.9,79,22.8,0.0,38,55.0,3.1,324,1.8221342821066675,-2.507952682562337
2018-04-30 19:00:00,26.4,81,23.0,0.0,51,1.0,1.3,326,0.7269507745119705,-1.0777488443215544
2018-04-30 20:00:00,25.7,87,23.4,0.0,58,0.0,3.7,101,-3.632020578756357,0.7059932828932158
2018-04-30 21:00:00,25.1,90,23.4,0.0,51,0.0,3.8,139,-2.493024310163928,2.8678964048465336
2018-04-30 22:00:00,24.8,92,23.4,0.0,70,0.0,5.1,176,-0.3557580160950401,5.087576656325103
2018-04-30 23:00:00,24.3,94,23.3,0.0,51,0.0,6.9,171,-1.0793978087775935,6.81504955010645
2018-05-01 00:00:00,24.2,94,23.1,0.0,52,0.0,7.4,166,-1.790222027437541,7.180188374442374
2018-05-01 01:00:00,24.3,94,23.2,0.0,58,0.0,7.6,161,-2.47431797387439,7.185941174554808
2018-05-01 02:00:00,24.1,95,23.2,0.0,56,0.0,7.7,169,-1.4692292643993965,7.558529312547013
2018-05-01 03:00:00,24.3,93,23.0,0.0,49,0.0,8.7,185,0.758254961904624,8.666893873398186
2018-05-01 04:00:00,24.5,92,23.2,0.0,51,0.0,9.8,188,1.3638963894086422,9.704627073667387
2018-05-01 05:00:00,24.6,92,23.3,0.0,46,0.0,7.6,188,1.057715567296498,7.526037322435934
2018-05-01 06:00:00,24.5,93,23.3,0.0,71,2.0,1.5,225,1.0606601717798212,1.0606601717798214
2018-05-01 07:00:00,25.8,89,23.9,0.0,71,54.0,0.4,360,9.797174393178825e-17,-0.4
2018-05-01 08:00:00,26.8,83,23.7,0.2,63,186.0,2.6,286,2.499280409439629,-0.7166571251241984
2018-05-01 09:00:00,27.7,77,23.4,0.1,65,276.0,3.3,276,3.281922254715302,-0.3449439287832548
2018-05-01 10:00:00,28.6,73,23.3,0.2,83,466.0,3.6,264,3.5802788233257843,0.3763024677635521
2018-05-01 11:00:00,29.2,71,23.4,0.1,87,512.0,6.0,253,5.737828535778212,1.7542302283364226
2018-05-01 12:00:00,29.5,70,23.4,0.1,92,422.0,10.0,249,9.335804264972015,3.583679495453007
2018-05-01 13:00:00,29.6,69,23.4,0.1,56,440.0,12.5,252,11.88820645368942,3.862712429686845
2018-05-01 14:00:00,29.5,70,23.4,0.2,64,419.0,13.2,253,12.623222778712066,3.8593065023401296
2018-05-01 15:00:00,29.0,79,24.9,0.0,70,504.0,13.1,254,12.592528216791978,3.6108493612026855
2018-05-01 16:00:00,28.2,79,24.2,0.4,46,303.0,12.8,248,11.867953338454878,4.794964395723677
2018-05-01 17:00:00,27.8,81,24.2,0.2,41,209.0,10.0,240,8.660254037844386,5.000000000000004
2018-05-01 18:00:00,27.3,84,24.3,0.0,42,63.0,4.9,234,3.9641832724372414,2.880147736233119
2018-05-01 19:00:00,26.6,87,24.3,0.0,46,1.0,5.8,176,-0.404587547715928,5.78587149150698
2018-05-01 20:00:00,26.1,90,24.3,0.0,37,0.0,6.9,171,-1.0793978087775935,6.81504955010645
2018-05-01 21:00:00,25.7,91,24.2,0.0,35,0.0,7.6,177,-0.3977532674463729,7.589584464134761
2018-05-01 22:00:00,25.5,92,24.1,0.0,24,0.0,8.6,180,-1.0531962472667237e-15,8.6
2018-05-01 23:00:00,25.3,92,23.9,0.0,18,0.0,8.8,189,1.3766232923540305,8.691657397237213
2018-05-02 00:00:00,25.1,93,23.8,0.0,24,0.0,9.3,196,2.563427409098091,8.939733772226367
2018-05-02 01:00:00,24.8,94,23.8,0.0,37,0.0,10.7,192,2.2246550917500265,10.46617932785172
2018-05-02 02:00:00,24.8,94,23.7,0.0,43,0.0,11.3,187,1.3771235804781647,11.21577151354694
2018-05-02 03:00:00,24.7,93,23.5,0.0,53,0.0,10.0,193,2.249510543438649,9.743700647852352
2018-05-02 04:00:00,24.8,91,23.3,0.0,47,0.0,9.6,193,2.159530121701104,9.35395262193826
2018-05-02 05:00:00,24.7,92,23.3,0.0,43,0.0,10.0,193,2.249510543438649,9.743700647852352
2018-05-02 06:00:00,24.8,92,23.3,0.0,32,4.0,6.6,193,1.4846769586695088,6.430842427582553
2018-05-02 07:00:00,25.8,89,23.8,0.0,28,82.0,4.8,193,1.0797650608505518,4.676976310969129
2018-05-02 08:00:00,27.0,81,23.5,0.0,23,274.0,7.6,205,3.2118987892293145,6.88793918147854
2018-05-02 09:00:00,27.9,77,23.5,0.0,35,431.0,8.2,209,3.9754388860199623,7.171881598543045
2018-05-02 10:00:00,28.8,71,23.1,0.0,46,527.0,8.9,212,4.716281451675523,7.547628055792193
2018-05-02 11:00:00,29.5,68,23.0,0.0,56,677.0,8.2,229,6.18861855782673,5.379684037722159
2018-05-02 12:00:00,29.8,68,23.2,0.0,52,687.0,8.4,245,7.612985411107862,3.549993398621873
2018-05-02 13:00:00,30.1,67,23.3,0.0,65,714.0,9.3,257,9.061641602502688,2.092044805397947
2018-05-02 14:00:00,30.1,68,23.5,0.0,67,685.0,9.4,266,9.377102072442348,0.6557108531947805
2018-05-02 15:00:00,29.8,71,24.0,0.0,65,562.0,8.6,272,8.594761112364223,-0.300135671641511
2018-05-02 16:00:00,29.5,71,23.8,0.0,44,404.0,8.4,277,8.337387673787106,-1.0237024846032403
2018-05-02 17:00:00,29.0,73,23.7,0.0,28,253.0,8.1,283,7.892397524760405,-1.8221035401853056
2018-05-02 18:00:00,28.0,78,23.7,0.0,22,77.0,7.9,294,7.217009115376549,-3.213219480298818
2018-05-02 19:00:00,27.1,83,23.9,0.0,29,2.0,6.5,304,5.38874422160777,-3.634753872559856
2018-05-02 20:00:00,26.2,90,24.3,0.0,20,0.0,4.3,318,2.87726160734309,-3.195522749552795
2018-05-02 21:00:00,25.6,91,24.1,0.0,11,0.0,2.5,262,2.475670171853926,0.3479327524001646
2018-05-02 22:00:00,25.1,93,23.9,0.0,14,0.0,6.8,273,6.790680836331102,-0.3558845024520188
2018-05-02 23:00:00,23.9,96,23.3,0.0,27,0.0,6.0,303,5.032023407672545,-3.26783421009016
2018-05-03 00:00:00,23.9,96,23.2,0.0,31,0.0,7.4,331,3.587591189822893,-6.47218583283153
2018-05-03 01:00:00,24.1,96,23.4,0.0,44,0.0,7.0,348,1.4553818357243191,-6.847033205136639
2018-05-03 02:00:00,24.2,96,23.4,0.0,48,0.0,8.0,352,1.113384807680527,-7.922144549932562
2018-05-03 03:00:00,24.1,96,23.5,0.0,57,0.0,8.3,355,0.7233926648055641,-8.268415994161488
2018-05-03 04:00:00,24.3,96,23.5,0.0,66,0.0,6.5,354,0.6794350112397471,-6.4643923198937765
2018-05-03 05:00:00,24.4,95,23.6,0.0,68,0.0,7.7,349,1.469229264399394,-7.558529312547013
2018-05-03 06:00:00,24.4,95,23.6,0.0,53,3.0,9.1,342,2.812054648812024,-8.654614298285896
2018-05-03 07:00:00,25.4,92,24.0,0.0,48,55.0,9.2,339,3.296985135816767,-8.588939923774253
2018-05-03 08:00:00,26.6,86,24.0,0.0,70,198.0,10.0,339,3.583679495453008,-9.335804264972015
2018-05-03 09:00:00,27.6,79,23.7,0.0,50,378.0,9.7,345,2.5105447374944503,-9.369480515003962
2018-05-03 10:00:00,28.5,73,23.2,0.0,44,523.0,11.3,338,4.23305450559981,-10.477177556604698
2018-05-03 11:00:00,29.0,70,22.9,0.0,33,552.0,13.4,340,4.583069920563959,-12.591881118531171
2018-05-03 12:00:00,29.4,67,22.7,0.0,32,676.0,15.4,344,4.244815279581784,-14.80343011745011
2018-05-03 13:00:00,29.6,66,22.6,0.0,32,698.0,18.1,347,4.071614083623963,-17.63609817261276
2018-05-03 14:00:00,29.4,66,22.4,0.0,28,560.0,21.7,353,2.6445647518916946,-21.538251490616688
2018-05-03 15:00:00,28.9,64,21.4,0.0,29,480.0,22.0,360,5.388445916248354e-15,-22.0
2018-05-03 16:00:00,28.3,64,20.9,0.0,47,288.0,20.5,3,-1.0728871029803486,-20.471905462468765
2018-05-03 17:00:00,27.4,67,20.7,0.0,74,116.0,18.0,3,-0.942047212372989,-17.975331625582328
2018-05-03 18:00:00,26.4,71,20.7,0.0,65,33.0,15.2,5,-1.324767289764404,-15.142159410994532
2018-05-03 19:00:00,25.8,73,20.6,0.0,66,0.0,10.9,6,-1.1393602496174229,-10.84028865951418
2018-05-03 20:00:00,25.2,77,20.8,0.2,60,0.0,8.6,358,0.300135671641507,-8.594761112364223
2018-05-03 21:00:00,24.7,80,21.0,0.3,67,0.0,8.1,347,1.8221035401853087,-7.892397524760404
2018-05-03 22:00:00,24.5,82,21.1,0.6,63,0.0,8.4,350,1.4586446924022154,-8.272385125302547
2018-05-03 23:00:00,24.2,84,21.3,0.0,71,0.0,8.6,358,0.300135671641507,-8.594761112364223
2018-05-04 00:00:00,24.2,83,21.1,0.2,55,0.0,7.2,360,1.7634913907721889e-15,-7.2
2018-05-04 01:00:00,24.1,84,21.3,0.3,73,0.0,6.6,351,1.0324674692655251,-6.5187430479279085
2018-05-04 02:00:00,24.0,85,21.3,0.2,73,0.0,5.7,342,1.7613968679372018,-5.421022142882375
2018-05-04 03:00:00,24.1,83,21.1,0.0,75,0.0,5.6,333,2.542346798541463,-4.989636535454859
2018-05-04 04:00:00,23.9,85,21.3,0.0,67,0.0,6.3,336,2.562440851377541,-5.755336383148386
2018-05-04 05:00:00,23.7,86,21.2,0.0,62,0.0,4.8,333,2.179154398749825,-4.276831316104166
2018-05-04 06:00:00,23.7,86,21.3,0.0,99,2.0,2.6,16,-0.7166571251241979,-2.499280409439629
2018-05-04 07:00:00,24.8,80,21.1,0.0,90,45.0,1.8,53,-1.437543918085127,-1.0832670416736871
2018-05-04 08:00:00,25.2,79,21.2,0.1,61,126.0,1.1,198,0.339918693812442,1.046162167924669
2018-05-04 09:00:00,25.7,78,21.5,0.0,62,185.0,2.8,220,1.7998053071223097,2.1449244407331385
2018-05-04 10:00:00,26.7,74,21.6,0.0,63,302.0,4.0,260,3.939231012048832,0.6945927106677213
2018-05-04 11:00:00,27.8,69,21.6,0.0,39,469.0,5.9,284,5.72474478502838,-1.4273391840380378
2018-05-04 12:00:00,28.2,68,21.8,0.0,55,410.0,7.7,298,6.798696465013739,-3.614931033451356
2018-05-04 13:00:00,28.1,69,21.9,0.0,61,442.0,7.4,299,6.472185832831528,-3.5875911898228963
2018-05-04 14:00:00,27.9,70,22.0,0.0,76,375.0,6.3,301,5.400153994423308,-3.244739871933341
2018-05-04 15:00:00,27.5,70,21.6,0.0,71,237.0,5.7,305,4.669166652447253,-3.2693856872009626
2018-05-04 16:00:00,27.2,72,21.6,0.1,65,210.0,5.6,315,3.9597979746446663,-3.959797974644665
2018-05-04 17:00:00,26.8,73,21.5,0.2,72,135.0,3.5,336,1.4235782507653003,-3.1974091017491038
2018-05-04 18:00:00,26.3,75,21.5,0.0,68,36.0,4.4,351,0.6883116461770169,-4.345828698618606
2018-05-04 19:00:00,25.9,77,21.7,0.0,76,1.0,3.6,323,2.166534083347374,-2.875087836170254
2018-05-04 20:00:00,25.4,85,22.7,0.0,85,0.0,3.6,307,2.875087836170255,-2.1665340833473725
2018-05-04 21:00:00,25.4,81,22.0,0.0,100,0.0,4.1,308,3.230844089787559,-2.5242120488352
2018-05-04 22:00:00,25.4,82,22.1,0.0,100,0.0,3.4,302,2.8833635269318485,-1.801725498392896
2018-05-04 23:00:00,24.4,89,22.5,0.0,100,0.0,1.8,259,1.7669289302057951,0.3434561916777803
2018-05-05 00:00:00,24.0,91,22.5,0.0,100,0.0,3.1,234,2.507952682562337,1.822134282106667
2018-05-05 01:00:00,24.0,91,22.4,0.0,84,0.0,4.3,265,4.283637201794505,0.3747696938149304
2018-05-05 02:00:00,23.9,90,22.2,0.0,70,0.0,6.4,308,5.04326882308302,-3.940233442084215
2018-05-05 03:00:00,23.9,91,22.3,0.0,100,0.0,6.2,324,3.644268564213335,-5.015905365124674
2018-05-05 04:00:00,23.7,92,22.3,0.0,93,0.0,4.6,342,1.4214781741247593,-4.3748599749577055
2018-05-05 05:00:00,23.6,92,22.3,0.0,92,0.0,3.4,328,1.801725498392897,-2.883363526931848
2018-05-05 06:00:00,23.2,95,22.3,0.0,77,2.0,5.0,330,2.500000000000002,-4.330127018922192
2018-05-05 07:00:00,24.9,87,22.6,0.0,71,59.0,5.0,330,2.500000000000002,-4.330127018922192
2018-05-05 08:00:00,25.9,77,21.6,0.0,63,221.0,4.8,318,3.211826910522519,-3.5670951622914924
2018-05-05 09:00:00,26.8,73,21.5,0.0,46,408.0,4.4,305,3.604268994871564,-2.523736319944603
2018-05-05 10:00:00,27.7,68,21.4,0.0,36,525.0,4.4,305,3.604268994871564,-2.523736319944603
2018-05-05 11:00:00,28.6,65,21.4,0.0,51,623.0,4.7,302,3.9858260519352022,-2.490620541896062
2018-05-05 12:00:00,29.1,65,21.8,0.0,54,751.0,5.3,298,4.6796222421523135,-2.488199282765219
2018-05-05 13:00:00,29.3,65,22.0,0.0,35,759.0,7.9,300,6.841600689897065,-3.950000000000001
2018-05-05 14:00:00,29.3,65,22.1,0.0,38,723.0,8.9,302,7.547628055792193,-4.716281451675522
2018-05-05 15:00:00,28.9,66,22.0,0.0,35,559.0,8.6,303,7.212566884330648,-4.683895701129229
2018-05-05 16:00:00,28.5,68,22.0,0.0,41,404.0,8.4,301,7.200205325897744,-4.326319829244455
2018-05-05 17:00:00,27.9,69,21.8,0.0,34,212.0,8.9,310,6.817795543758906,-5.7208097262102
2018-05-05 18:00:00,27.0,73,21.7,0.0,46,58.0,7.9,313,5.777694242791446,-5.387787044493739
2018-05-05 19:00:00,26.1,77,21.8,0.0,35,1.0,5.3,332,2.4881992827652213,-4.679622242152313
2018-05-05 20:00:00,25.5,80,21.9,0.0,44,0.0,5.6,345,1.4493866525741157,-5.409184627218783
2018-05-05 21:00:00,24.9,84,22.0,0.0,32,0.0,5.8,353,0.7068421917498539,-5.756767679519668
2018-05-05 22:00:00,24.4,86,22.0,0.0,35,0.0,6.2,353,0.7555899291119128,-6.153786140176197
2018-05-05 23:00:00,24.0,89,22.0,0.0,42,0.0,6.2,350,1.0766187015349684,-6.10580806867569
2018-05-06 00:00:00,23.6,91,22.1,0.0,64,0.0,6.2,353,0.7555899291119128,-6.153786140176197
2018-05-06 01:00:00,23.3,93,22.1,0.0,70,0.0,4.7,360,1.1511679911985121e-15,-4.7
2018-05-06 02:00:00,23.4,92,22.0,0.0,57,0.0,2.9,353,0.3534210958749269,-2.878383839759834
2018-05-06 03:00:00,23.5,92,22.1,0.0,31,0.0,2.8,320,1.7998053071223108,-2.1449244407331376
2018-05-06 04:00:00,23.4,93,22.2,0.0,31,0.0,3.1,324,1.8221342821066675,-2.507952682562337
2018-05-06 05:00:00,23.2,95,22.3,0.0,29,0.0,0.5,135,-0.3535533905932738,0.3535533905932737
2018-05-06 06:00:00,22.7,97,22.1,0.0,33,4.0,2.3,141,-1.4474368994146258,1.7874357113510329
2018-05-06 07:00:00,24.7,90,23.0,0.0,41,77.0,5.2,164,-1.433314250248396,4.998560818879258
2018-05-06 08:00:00,26.9,80,23.1,0.0,29,266.0,9.9,170,-1.7191169589026098,9.74959675482086
2018-05-06 09:00:00,28.9,68,22.4,0.0,23,451.0,13.7,175,-1.1940336756429173,13.647867363856914
2018-05-06 10:00:00,30.2,63,22.4,0.0,23,569.0,17.4,186,1.8187952608571707,17.304680979407955
2018-05-06 11:00:00,31.0,61,22.6,0.0,21,613.0,20.5,190,3.5597876421720747,20.188558936750265
2018-05-06 12:00:00,31.0,62,22.9,0.0,29,637.0,21.4,193,4.81395256295871,20.851519386404032
2018-05-06 13:00:00,30.8,64,23.2,0.1,42,714.0,21.5,194,5.201320755392851,20.861358114933925
2018-05-06 14:00:00,30.5,66,23.5,0.2,38,623.0,21.1,197,6.169042969649746,20.17803035082005
2018-05-06 15:00:00,30.5,65,23.3,0.1,58,592.0,20.5,198,6.33484838468642,19.49665858405065
2018-05-06 16:00:00,30.0,69,23.7,0.0,48,391.0,19.4,195,5.021089474988903,18.738961030007925
2018-05-06 17:00:00,29.4,72,23.8,0.0,47,180.0,16.6,193,3.734187502108159,16.174543075434908
2018-05-06 18:00:00,28.6,76,23.9,0.0,45,37.0,9.2,191,1.7554427574642113,9.030970087718508
2018-05-06 19:00:00,27.8,79,23.9,0.0,45,0.0,8.7,173,-1.0602632876247835,8.6351515192795
2018-05-06 20:00:00,27.2,82,24.0,0.0,52,0.0,8.0,172,-1.1133848076805226,7.922144549932563
2018-05-06 21:00:00,26.8,84,24.0,0.0,38,0.0,7.5,163,-2.1927877854205247,7.172285669722767
2018-05-06 22:00:00,26.5,86,24.0,0.0,32,0.0,8.2,165,-2.1223161698406723,7.920591775570359
2018-05-06 23:00:00,26.2,87,23.8,0.0,29,0.0,8.6,165,-2.2258437878816806,8.306962106085987
2018-05-07 00:00:00,26.0,87,23.6,0.0,30,0.0,8.3,162,-2.5648410533120645,7.893769085249775
2018-05-07 01:00:00,25.8,86,23.4,0.0,23,0.0,8.3,162,-2.5648410533120645,7.893769085249775
2018-05-07 02:00:00,25.7,86,23.2,0.0,21,0.0,8.4,170,-1.4586446924022145,8.272385125302547
2018-05-07 03:00:00,25.6,86,23.0,0.0,29,0.0,8.1,167,-1.822103540185308,7.892397524760404
2018-05-07 04:00:00,25.4,86,23.0,0.0,30,0.0,8.6,165,-2.2258437878816806,8.306962106085987
2018-05-07 05:00:00,25.2,87,22.9,0.0,31,0.0,8.9,166,-2.153104870837043,8.635631963856369
2018-05-07 06:00:00,25.3,87,23.0,0.0,35,5.0,9.0,182,0.3140954703225081,8.994517443171862
2018-05-07 07:00:00,26.6,83,23.5,0.0,49,85.0,9.4,173,-1.1455718280083869,9.329933825428428
2018-05-07 08:00:00,27.8,79,23.7,0.0,46,131.0,9.8,172,-1.3638963894086402,9.70462707366739
2018-05-07 09:00:00,28.7,72,23.3,0.0,60,162.0,10.3,168,-2.141490415422921,10.0749202875582
2018-05-07 10:00:00,29.8,68,23.2,0.0,71,347.0,11.0,169,-2.0988989491419945,10.797899017924305
2018-05-07 11:00:00,30.1,67,23.4,0.0,89,345.0,13.0,178,-0.4536934571325148,12.992080751248244
2018-05-07 12:00:00,30.3,68,23.8,0.0,89,384.0,11.0,169,-2.0988989491419945,10.797899017924305
2018-05-07 13:00:00,29.8,72,24.2,0.0,90,105.0,12.4,172,-1.72574645190481,12.279324052395474
2018-05-07 14:00:00,29.6,74,24.5,0.2,77,104.0,12.8,158,-4.794964395723677,11.867953338454878
2018-05-07 15:00:00,28.9,72,23.3,0.0,52,138.0,13.4,156,-5.450271017215726,12.241509132410853
2018-05-07 16:00:00,28.8,71,23.0,0.0,39,80.0,13.7,150,-6.849999999999999,11.864548031846809
2018-05-07 17:00:00,28.7,71,22.8,0.0,37,38.0,13.4,149,-6.901510203794729,11.486041829408304
2018-05-07 18:00:00,28.2,73,22.9,0.0,34,6.0,10.5,164,-2.894192236078492,10.093247807352348
2018-05-07 19:00:00,27.6,76,22.9,0.0,51,1.0,10.2,172,-1.4195656297926662,10.100734301164016
2018-05-07 20:00:00,27.2,78,23.0,0.0,51,0.0,9.3,164,-2.563427409098093,8.939733772226367
2018-05-07 21:00:00,26.7,79,22.8,0.2,54,0.0,10.0,154,-4.383711467890773,8.98794046299167
2018-05-07 22:00:00,26.6,79,22.6,0.0,35,0.0,9.7,153,-4.403707847473604,8.642763284627167
2018-05-07 23:00:00,26.3,79,22.3,0.0,47,0.0,9.6,160,-3.2833933759264213,9.02104915954472
2018-05-08 00:00:00,26.2,78,22.1,0.0,52,0.0,9.4,162,-2.9047597471245066,8.939931253174443
2018-05-08 01:00:00,25.9,80,22.2,0.0,65,0.0,8.3,162,-2.5648410533120645,7.893769085249775
2018-05-08 02:00:00,25.4,83,22.4,0.5,65,0.0,8.4,187,1.0237024846032374,8.337387673787106
2018-05-08 03:00:00,25.2,80,21.6,1.2,82,0.0,8.1,212,4.292346040288959,6.869189578867051
2018-05-08 04:00:00,24.2,90,22.5,2.5,66,0.0,9.2,219,5.789747597658506,7.1497428454041305
2018-05-08 05:00:00,24.0,94,23.0,2.2,100,0.0,10.1,215,5.793122007145566,8.273435647318816
2018-05-08 06:00:00,24.0,95,23.2,1.5,95,0.0,5.3,208,2.4881992827652213,4.679622242152313
2018-05-08 07:00:00,24.2,94,23.2,2.0,100,4.0,6.3,204,2.5624408513775414,5.755336383148386
2018-05-08 08:00:00,24.4,92,23.0,2.5,81,22.0,7.3,200,2.496747046277381,6.859756131737131
2018-05-08 09:00:00,24.9,90,23.1,2.8,46,43.0,9.7,202,3.6336839561343455,8.993683389297837
2018-05-08 10:00:00,25.5,86,22.9,4.4,85,98.0,9.2,211,4.738350289172498,7.885939166459432
2018-05-08 11:00:00,26.1,81,22.6,3.2,48,146.0,6.4,218,3.940233442084213,5.043268823083022
2018-05-08 12:00:00,26.1,82,22.8,4.5,99,88.0,7.3,200,2.496747046277381,6.859756131737131
2018-05-08 13:00:00,26.4,83,23.3,4.4,92,130.0,8.4,200,2.8729692039356167,7.893418014601631
2018-05-08 14:00:00,26.5,82,23.2,2.1,100,85.0,8.1,201,2.902780391316933,7.562001454627333
2018-05-08 15:00:00,27.0,82,23.6,2.6,100,206.0,9.5,217,5.717242719944459,7.587037345449282
2018-05-08 16:00:00,26.1,87,23.9,3.3,100,44.0,10.2,219,6.419067988708343,7.926888806861101
2018-05-08 17:00:00,25.8,88,23.8,1.4,100,2.0,7.6,205,3.2118987892293145,6.88793918147854
2018-05-08 18:00:00,25.8,88,23.7,0.2,50,2.0,4.0,207,1.8159619989581863,3.564026096753472
2018-05-08 19:00:00,25.7,89,23.7,0.0,44,0.0,6.0,237,5.032023407672545,3.267834210090162
2018-05-08 20:00:00,25.1,92,23.7,1.4,60,0.0,5.0,249,4.667902132486008,1.7918397477265036
2018-05-08 21:00:00,24.6,94,23.5,3.5,68,0.0,5.2,258,5.086367523815789,1.0811407922523508
2018-05-08 22:00:00,24.2,96,23.5,3.8,83,0.0,5.2,282,5.086367523815789,-1.081140792252349
2018-05-08 23:00:00,24.1,96,23.4,2.6,79,0.0,4.6,342,1.4214781741247593,-4.3748599749577055
2018-05-09 00:00:00,24.0,95,23.2,1.8,100,0.0,6.9,9,-1.079397808777593,-6.815049550106451
2018-05-09 01:00:00,23.8,95,23.0,1.1,88,0.0,7.2,342,2.2249223594996232,-6.8476069173251055
2018-05-09 02:00:00,23.7,95,22.8,1.4,100,0.0,4.4,351,0.6883116461770169,-4.345828698618606
2018-05-09 03:00:00,23.9,95,23.1,0.5,100,0.0,3.8,343,1.1110124779464012,-3.633958072659534
2018-05-09 04:00:00,24.0,94,23.0,0.4,100,0.0,2.7,337,1.0549740469210396,-2.4853631043215887
2018-05-09 05:00:00,23.8,94,22.8,0.6,100,0.0,6.8,335,2.873804179836754,-6.16289295184922
2018-05-09 06:00:00,23.6,95,22.7,2.0,89,1.0,9.0,358,0.3140954703225074,-8.994517443171862
2018-05-09 07:00:00,23.9,94,22.8,2.8,78,17.0,8.8,9,-1.3766232923540318,-8.691657397237213
2018-05-09 08:00:00,24.0,92,22.6,2.8,77,24.0,6.8,357,0.3558845024520217,-6.790680836331102
2018-05-09 09:00:00,24.5,91,22.9,3.6,73,79.0,6.4,333,2.9055391983331007,-5.702441754805554
2018-05-09 10:00:00,24.6,91,22.9,3.5,100,41.0,4.9,343,1.4326213531414125,-4.685893304218873
2018-05-09 11:00:00,24.9,90,23.2,3.5,100,59.0,5.2,335,2.197614961051636,-4.71280049259058
2018-05-09 12:00:00,25.4,88,23.3,2.7,100,125.0,7.6,329,3.914289369316414,-6.514471485336052
2018-05-09 13:00:00,25.7,86,23.2,2.6,100,236.0,10.6,332,4.976398565530443,-9.359244484304623
2018-05-09 14:00:00,25.8,85,23.1,2.2,100,106.0,13.9,335,5.87439383819572,-12.597678239809436
2018-05-09 15:00:00,25.6,85,22.9,5.6,100,168.0,15.3,345,3.959931390068567,-14.778665142222746
2018-05-09 16:00:00,25.8,84,22.9,5.9,100,217.0,13.6,349,2.595002337121008,-13.35012969488823
2018-05-09 17:00:00,25.3,86,22.8,8.4,100,99.0,13.6,343,3.976255184229225,-13.00574468109728
2018-05-09 18:00:00,24.5,90,22.8,9.2,100,16.0,14.8,359,0.2582956152717967,-14.79774588831459
2018-05-09 19:00:00,24.1,91,22.5,9.9,100,0.0,12.3,15,-3.183474254761005,-11.88088766335554
2018-05-09 20:00:00,24.0,91,22.4,8.0,100,0.0,8.2,15,-2.12231616984067,-7.92059177557036
2018-05-09 21:00:00,23.8,91,22.3,7.1,100,0.0,6.2,10,-1.0766187015349682,-6.10580806867569
2018-05-09 22:00:00,23.7,91,22.2,6.2,100,0.0,5.4,356,0.3766849582182784,-5.386845871403051
2018-05-09 23:00:00,23.7,92,22.2,4.2,100,0.0,5.4,352,0.7515347451843558,-5.34744757120448
2018-05-10 00:00:00,23.6,92,22.2,3.3,100,0.0,5.8,4,-0.4045875477159267,-5.78587149150698
2018-05-10 01:00:00,23.6,91,22.0,2.6,100,0.0,5.8,4,-0.4045875477159267,-5.78587149150698
2018-05-10 02:00:00,23.4,91,21.9,1.2,84,0.0,5.8,356,0.4045875477159287,-5.78587149150698
2018-05-10 03:00:00,23.7,89,21.8,0.0,99,0.0,6.1,357,0.3192493330819606,-6.0916401620029
2018-05-10 04:00:00,23.7,89,21.7,0.0,100,0.0,6.5,3,-0.3401837155791349,-6.49109197590473
2018-05-10 05:00:00,23.6,89,21.7,0.0,53,0.0,6.9,6,-0.721246396546809,-6.862201078041086
2018-05-10 06:00:00,23.5,90,21.7,0.0,47,4.0,6.2,10,-1.0766187015349682,-6.10580806867569
2018-05-10 07:00:00,24.1,86,21.5,0.0,47,61.0,8.5,12,-1.7672493719509543,-8.314254606237348
2018-05-10 08:00:00,24.7,82,21.5,0.0,24,157.0,7.8,13,-1.754618223882147,-7.600086505324834
2018-05-10 09:00:00,25.4,80,21.7,0.0,39,277.0,5.1,356,0.3557580160950407,-5.087576656325103
2018-05-10 10:00:00,26.2,77,21.8,0.0,42,375.0,6.3,329,3.244739871933344,-5.400153994423306
2018-05-10 11:00:00,26.8,77,22.3,0.0,50,421.0,5.2,335,2.197614961051636,-4.71280049259058
2018-05-10 12:00:00,27.2,76,22.6,0.0,50,460.0,3.3,311,2.4905416147351485,-2.1649947956686733
2018-05-10 13:00:00,27.1,77,22.8,0.0,42,403.0,6.0,303,5.032023407672545,-3.26783421009016
2018-05-10 14:00:00,26.9,77,22.6,0.1,70,366.0,10.1,333,4.585304047369425,-8.999165894302514
2018-05-10 15:00:00,26.6,76,22.0,0.2,63,251.0,11.0,349,2.098898949141992,-10.797899017924305
2018-05-10 16:00:00,26.5,76,21.9,0.0,68,199.0,10.8,358,0.3769145643870089,-10.793420931806237
2018-05-10 17:00:00,26.1,76,21.5,0.0,45,120.0,9.5,9,-1.4861274178821933,-9.38303923565381
2018-05-10 18:00:00,25.6,78,21.4,0.0,20,38.0,6.6,13,-1.484676958669509,-6.430842427582553
2018-05-10 19:00:00,25.1,81,21.6,0.0,41,2.0,6.3,24,-2.5624408513775414,-5.755336383148386
2018-05-10 20:00:00,24.6,85,21.9,0.0,24,0.0,5.2,12,-1.0811407922523486,-5.08636752381579
2018-05-10 21:00:00,24.1,88,22.0,0.0,20,0.0,2.5,8,-0.3479327524001636,-2.475670171853926
2018-05-10 22:00:00,23.8,89,22.0,0.0,23,0.0,2.9,330,1.4500000000000013,-2.5114736709748717
2018-05-10 23:00:00,23.7,90,22.0,0.0,45,0.0,4.0,333,1.815961998958188,-3.564026096753471
2018-05-11 00:00:00,23.6,90,22.0,0.0,54,0.0,4.0,350,0.6945927106677215,-3.939231012048832
2018-05-11 01:00:00,23.5,91,22.0,0.0,60,0.0,3.6,354,0.3763024677635523,-3.580278823325784
2018-05-11 02:00:00,23.3,93,22.1,0.0,54,0.0,3.1,339,1.1109406435904323,-2.894099322141325
2018-05-11 03:00:00,23.3,92,22.0,0.0,69,0.0,4.0,333,1.815961998958188,-3.564026096753471
2018-05-11 04:00:00,23.3,92,21.9,0.0,95,0.0,5.2,335,2.197614961051636,-4.71280049259058
2018-05-11 05:00:00,23.4,89,21.6,0.0,100,0.0,6.5,341,2.1161930039715187,-6.14587074139556
2018-05-11 06:00:00,23.6,88,21.4,0.1,100,4.0,6.6,351,1.0324674692655251,-6.5187430479279085
2018-05-11 07:00:00,24.1,85,21.4,0.0,95,33.0,5.8,4,-0.4045875477159267,-5.78587149150698
2018-05-11 08:00:00,25.0,80,21.3,0.0,39,175.0,4.5,346,1.0886485301985054,-4.366330768241984
2018-05-11 09:00:00,25.7,78,21.5,0.0,37,264.0,4.3,318,2.87726160734309,-3.195522749552795
2018-05-11 10:00:00,26.4,75,21.5,0.0,26,402.0,5.1,315,3.606244584051393,-3.606244584051391
2018-05-11 11:00:00,27.0,72,21.5,0.0,40,483.0,6.3,301,5.400153994423308,-3.244739871933341
2018-05-11 12:00:00,27.4,70,21.5,0.0,76,523.0,8.4,295,7.612985411107859,-3.549993398621877
2018-05-11 13:00:00,27.7,69,21.5,0.0,35,498.0,10.6,298,9.359244484304629,-4.976398565530438
2018-05-11 14:00:00,27.7,69,21.5,0.0,30,570.0,10.8,307,8.625263508510766,-6.499602250042118
2018-05-11 15:00:00,27.3,71,21.6,0.0,25,370.0,9.9,316,6.877117867544077,-7.121464023352644
2018-05-11 16:00:00,27.1,71,21.5,0.0,37,305.0,9.2,321,5.789747597658508,-7.149742845404129
2018-05-11 17:00:00,26.7,73,21.5,0.0,25,167.0,7.8,326,4.361704647071823,-6.466493065929326
2018-05-11 18:00:00,26.2,76,21.6,0.0,20,59.0,7.7,332,3.61493103345136,-6.798696465013738
2018-05-11 19:00:00,25.6,79,21.7,0.0,19,2.0,7.4,346,1.7902220274375422,-7.180188374442374
2018-05-11 20:00:00,24.9,84,22.1,0.0,12,0.0,6.2,350,1.0766187015349684,-6.10580806867569
2018-05-11 21:00:00,24.6,87,22.3,0.0,7,0.0,6.5,341,2.1161930039715187,-6.14587074139556
2018-05-11 22:00:00,24.9,84,22.0,0.0,8,0.0,4.8,312,3.5670951622914937,-3.211826910522517
2018-05-11 23:00:00,24.4,87,22.2,0.0,10,0.0,4.4,305,3.604268994871564,-2.523736319944603
2018-05-12 00:00:00,23.4,92,22.0,0.0,8,0.0,3.8,319,2.493024310163928,-2.867896404846533
2018-05-12 01:00:00,22.7,95,21.8,0.0,28,0.0,4.4,325,2.523736319944605,-3.604268994871563
2018-05-12 02:00:00,22.7,95,21.8,0.0,33,0.0,4.5,331,2.181643291108516,-3.9357886821272814
2018-05-12 03:00:00,22.5,96,21.9,0.0,33,0.0,4.9,324,2.88014773623312,-3.9641832724372414
2018-05-12 04:00:00,22.4,97,21.8,0.0,44,0.0,4.8,318,3.211826910522519,-3.5670951622914924
2018-05-12 05:00:00,23.0,95,22.1,0.0,44,0.0,3.8,311,2.8678964048465345,-2.4930243101639267
2018-05-12 06:00:00,23.6,93,22.4,0.0,31,7.0,2.4,333,1.0895771993749126,-2.138415658052083
2018-05-12 07:00:00,24.5,89,22.6,0.0,22,86.0,2.6,326,1.453901549023941,-2.1554976886431088
2018-05-12 08:00:00,25.6,81,22.1,0.0,15,251.0,2.4,297,2.1384156580520832,-1.089577199374912
2018-05-12 09:00:00,26.4,76,21.9,0.0,15,370.0,4.0,260,3.939231012048832,0.6945927106677213
2018-05-12 10:00:00,27.0,74,21.9,0.0,9,405.0,6.5,264,6.464392319893777,0.6794350112397468
2018-05-12 11:00:00,27.7,72,22.2,0.0,8,535.0,7.6,275,7.571079705497266,-0.6623836448821999
2018-05-12 12:00:00,28.1,71,22.3,0.0,7,576.0,8.6,285,8.306962106085988,-2.2258437878816744
2018-05-12 13:00:00,28.3,70,22.3,0.0,5,578.0,8.6,292,7.973781149274371,-3.2216167033768426
2018-05-12 14:00:00,28.4,70,22.4,0.0,1,622.0,7.4,299,6.472185832831528,-3.5875911898228963
2018-05-12 15:00:00,27.8,71,22.1,0.0,0,455.0,5.5,302,4.664264528860343,-2.9145559532826257
2018-05-12 16:00:00,27.7,71,22.0,0.0,0,337.0,4.5,299,3.935788682127281,-2.181643291108518
2018-05-12 17:00:00,27.4,72,21.8,0.0,0,198.0,3.8,287,3.633958072659535,-1.1110124779463997
2018-05-12 18:00:00,26.9,74,21.8,0.0,0,73.0,3.8,287,3.633958072659535,-1.1110124779463997
2018-05-12 19:00:00,26.1,78,22.0,0.0,0,3.0,5.4,278,5.34744757120448,-0.7515347451843536
2018-05-12 20:00:00,25.1,84,22.2,0.0,0,0.0,6.5,270,6.5,1.1940306291686693e-15
2018-05-12 21:00:00,24.2,89,22.2,0.0,0,0.0,6.3,257,6.1385314081469815,1.417191642366351
2018-05-12 22:00:00,23.8,90,22.1,0.0,0,0.0,6.6,229,4.981083229470295,4.329989591337347
2018-05-12 23:00:00,23.2,93,22.0,0.0,0,0.0,6.8,212,3.6034509967857926,5.766727053863697
2018-05-13 00:00:00,23.0,95,22.1,0.0,0,0.0,7.2,207,3.268731598124736,6.415246974156249
2018-05-13 01:00:00,23.0,95,22.2,0.0,4,0.0,7.6,199,2.474317973874391,7.185941174554807
2018-05-13 02:00:00,23.1,95,22.3,0.0,5,0.0,8.6,182,0.3001356716415077,8.594761112364223
2018-05-13 03:00:00,23.5,93,22.4,0.0,55,0.0,7.6,172,-1.0577155672964964,7.5260373224359345
2018-05-13 04:00:00,23.7,94,22.6,0.0,75,0.0,8.3,175,-0.7233926648055631,8.268415994161488
2018-05-13 05:00:00,23.8,93,22.6,0.0,83,0.0,9.0,178,-0.3140954703225103,8.994517443171862
2018-05-13 06:00:00,24.0,92,22.7,0.0,32,7.0,5.1,172,-0.7097828148963331,5.050367150582009
2018-05-13 07:00:00,25.4,87,23.2,0.0,34,91.0,5.2,192,1.0811407922523495,5.086367523815789
2018-05-13 08:00:00,26.5,82,23.1,0.1,40,250.0,8.4,211,4.326319829244455,7.200205325897744
2018-05-13 09:00:00,27.3,78,23.1,0.2,42,425.0,8.9,220,5.7208097262102,6.817795543758905
2018-05-13 10:00:00,28.1,74,23.0,0.0,46,563.0,8.9,227,6.509047944410617,6.069785404556238
2018-05-13 11:00:00,28.7,72,23.2,0.0,56,654.0,9.3,234,7.52385804768701,5.466402846320002
2018-05-13 12:00:00,29.1,71,23.3,0.0,75,713.0,10.1,243,8.999165894302514,4.585304047369424
2018-05-13 13:00:00,29.3,70,23.3,0.0,65,751.0,11.0,251,10.400704331592486,3.581249699028723
2018-05-13 14:00:00,29.2,70,23.2,0.0,43,635.0,10.2,260,10.04503908072452,1.7712114122026892
2018-05-13 15:00:00,28.7,73,23.3,0.0,26,548.0,10.1,266,10.075396907624224,0.7045403848156684
2018-05-13 16:00:00,28.5,73,23.1,0.0,23,401.0,9.0,270,9.0,1.6532731788489269e-15
2018-05-13 17:00:00,28.1,74,23.0,0.0,18,234.0,6.2,260,6.10580806867569,1.0766187015349682
2018-05-13 18:00:00,27.6,76,22.9,0.0,5,84.0,3.8,253,3.633958072659534,1.111012477946401
2018-05-13 19:00:00,26.8,80,23.0,0.0,3,4.0,7.2,233,5.750175672340508,4.333068166694748
2018-05-13 20:00:00,25.8,86,23.2,0.0,1,0.0,7.9,227,5.777694242791447,5.387787044493739
2018-05-13 21:00:00,25.1,89,23.2,0.0,0,0.0,7.9,227,5.777694242791447,5.387787044493739
2018-05-13 22:00:00,24.5,92,23.1,0.0,0,0.0,7.7,221,5.051654523226905,5.811263767715346
2018-05-13 23:00:00,24.2,92,22.9,0.0,0,0.0,8.4,200,2.8729692039356167,7.893418014601631
2018-05-14 00:00:00,24.2,92,22.9,0.0,11,0.0,7.1,195,1.8376152202278973,6.858073366652385
2018-05-14 01:00:00,24.1,93,22.9,0.0,1,0.0,7.7,191,1.4692292643993945,7.558529312547013
2018-05-14 02:00:00,23.9,94,22.9,0.0,0,0.0,7.7,191,1.4692292643993945,7.558529312547013
2018-05-14 03:00:00,23.8,95,22.9,0.0,20,0.0,9.4,198,2.904759747124505,8.939931253174445
2018-05-14 04:00:00,23.7,95,22.9,0.0,73,0.0,8.6,213,4.683895701129233,7.212566884330647
2018-05-14 05:00:00,23.5,96,22.8,0.0,75,0.0,6.6,229,4.981083229470295,4.329989591337347
2018-05-14 06:00:00,23.6,96,22.9,0.0,75,7.0,3.3,276,3.281922254715302,-0.3449439287832548
2018-05-14 07:00:00,25.6,91,24.1,0.0,31,105.0,1.8,307,1.4375439180851275,-1.0832670416736865
2018-05-14 08:00:00,26.8,84,23.9,0.0,9,272.0,1.1,288,1.046162167924669,-0.339918693812442
2018-05-14 09:00:00,27.7,78,23.6,0.0,10,445.0,2.0,225,1.414213562373095,1.4142135623730954
2018-05-14 10:00:00,28.6,75,23.7,0.0,39,599.0,4.3,222,2.8772616073430903,3.195522749552795
2018-05-14 11:00:00,29.1,74,24.0,0.0,69,616.0,6.1,220,3.921004419087889,4.6728711030257655
2018-05-14 12:00:00,29.5,73,24.2,0.0,71,708.0,8.2,218,5.048424097670397,6.46168817957512
2018-05-14 13:00:00,29.9,72,24.3,0.0,69,713.0,9.7,225,6.85893577750951,6.858935777509512
2018-05-14 14:00:00,30.1,71,24.2,0.0,20,641.0,11.2,237,9.39311036098875,6.099957192168302
2018-05-14 15:00:00,29.7,73,24.2,0.0,24,544.0,12.0,231,9.325751537483647,7.5518446925980545
2018-05-14 16:00:00,29.3,74,24.1,0.0,36,376.0,12.7,223,8.661379172793728,9.288192010563463
2018-05-14 17:00:00,28.8,77,24.3,0.0,25,231.0,11.5,229,8.679160172561879,7.544678833390834
2018-05-14 18:00:00,28.1,81,24.5,0.0,20,79.0,6.0,245,5.437846722219901,2.5357095704441948
2018-05-14 19:00:00,27.4,85,24.7,0.0,18,3.0,5.4,222,3.613305274337834,4.012982057577929
2018-05-14 20:00:00,26.9,89,24.8,0.0,11,0.0,6.2,173,-0.7555899291119148,6.153786140176196
2018-05-14 21:00:00,26.5,91,24.9,0.0,10,0.0,6.6,167,-1.4846769586695103,6.430842427582552
2018-05-14 22:00:00,26.2,92,24.9,0.0,6,0.0,8.0,175,-0.6972459419812655,7.969557584733964
2018-05-14 23:00:00,26.1,93,24.9,0.0,4,0.0,8.7,185,0.758254961904624,8.666893873398186
2018-05-15 00:00:00,26.0,94,24.9,0.0,3,0.0,8.0,188,1.1133848076805242,7.922144549932562
2018-05-15 01:00:00,25.8,95,25.0,0.0,11,0.0,7.8,193,1.7546182238821468,7.600086505324834
2018-05-15 02:00:00,25.6,96,25.0,0.0,21,0.0,8.8,192,1.829622879196284,8.60769888645749
2018-05-15 03:00:00,25.4,97,24.9,0.0,21,0.0,9.7,182,0.3385251180142587,9.694091022085228
2018-05-15 04:00:00,25.4,97,24.9,0.0,74,0.0,8.8,171,-1.3766232923540327,8.691657397237211
2018-05-15 05:00:00,25.2,97,24.7,0.0,75,0.0,8.1,167,-1.822103540185308,7.892397524760404
2018-05-15 06:00:00,25.3,96,24.7,0.0,25,8.0,3.9,158,-1.4609657143220578,3.616017032810471
2018-05-15 07:00:00,26.5,93,25.3,0.0,11,111.0,3.4,162,-1.0506577808748214,3.233592155403522
2018-05-15 08:00:00,27.9,84,25.0,0.0,5,302.0,5.4,184,0.3766849582182765,5.386845871403051
2018-05-15 09:00:00,29.0,76,24.4,0.0,2,498.0,6.4,196,1.7640790772287938,6.1520748540052415
2018-05-15 10:00:00,30.0,70,24.0,0.0,1,665.0,8.0,207,3.631923997916373,7.128052193506943
2018-05-15 11:00:00,30.6,67,23.9,0.0,0,776.0,10.0,210,5.000000000000001,8.660254037844386
2018-05-15 12:00:00,31.0,66,23.9,0.0,1,808.0,12.2,214,6.822153422343109,10.114258385171508
2018-05-15 13:00:00,31.1,65,23.8,0.0,6,752.0,14.2,216,8.346550582553117,11.488041320124251
2018-05-15 14:00:00,31.0,65,23.7,0.0,5,644.0,15.2,216,8.934335834845589,12.2970583144992
2018-05-15 15:00:00,30.8,65,23.5,0.0,2,579.0,15.0,215,8.603646545265692,12.287280664334878
2018-05-15 16:00:00,30.3,67,23.6,0.0,3,382.0,12.8,212,6.782966582185022,10.855015630802257
2018-05-15 17:00:00,29.8,71,24.0,0.0,2,225.0,9.7,211,4.995869326627525,8.31452281681049
2018-05-15 18:00:00,29.1,76,24.4,0.0,0,75.0,6.1,225,4.313351365237939,4.31335136523794
2018-05-15 19:00:00,28.4,80,24.5,0.0,0,3.0,7.9,231,6.139453095510068,4.971631089293719
2018-05-15 20:00:00,27.7,84,24.7,0.0,0,0.0,7.9,223,5.387787044493737,5.777694242791448
2018-05-15 21:00:00,27.2,87,24.8,0.0,0,0.0,5.9,191,1.125773072721614,5.791600382341218
2018-05-15 22:00:00,26.9,89,24.9,0.0,0,0.0,7.4,166,-1.790222027437541,7.180188374442374
2018-05-15 23:00:00,26.6,90,24.9,0.0,2,0.0,8.2,165,-2.1223161698406723,7.920591775570359
2018-05-16 00:00:00,26.4,92,24.9,0.0,1,0.0,8.0,170,-1.3891854213354422,7.878462024097664
2018-05-16 01:00:00,26.2,93,24.9,0.0,3,0.0,8.3,175,-0.7233926648055631,8.268415994161488
2018-05-16 02:00:00,25.8,95,24.9,0.0,0,0.0,8.0,175,-0.6972459419812655,7.969557584733964
2018-05-16 03:00:00,25.9,94,24.8,0.0,2,0.0,7.9,180,-9.67470971326409e-16,7.9
2018-05-16 04:00:00,25.7,95,24.8,0.0,22,0.0,8.3,185,0.723392664805561,8.268415994161488
2018-05-16 05:00:00,25.6,95,24.7,0.0,21,0.0,8.3,182,0.2896658226307575,8.294943864258496
2018-05-16 06:00:00,25.6,95,24.8,0.0,21,7.0,7.2,198,2.2249223594996206,6.847606917325106
2018-05-16 07:00:00,26.7,91,25.2,0.0,16,104.0,4.7,203,1.8364363038995857,4.32637281122647
2018-05-16 08:00:00,28.3,84,25.3,0.0,5,290.0,6.6,209,3.199743493625824,5.772490067120012
2018-05-16 09:00:00,29.4,79,25.3,0.0,5,487.0,8.4,211,4.326319829244455,7.200205325897744
2018-05-16 10:00:00,30.3,74,25.1,0.0,13,635.0,11.0,203,4.298042413382009,10.125553387976844
2018-05-16 11:00:00,30.9,70,24.9,0.1,24,687.0,13.6,202,5.094649670456404,12.60970042210831
2018-05-16 12:00:00,31.1,69,24.9,0.1,38,637.0,16.5,203,6.447063620073013,15.188330081965264
2018-05-16 13:00:00,31.1,69,24.9,0.1,42,670.0,18.1,203,7.072233425655852,16.661137847489172
2018-05-16 14:00:00,31.0,71,25.1,0.2,25,619.0,18.4,203,7.189452764202633,16.937289303524903
2018-05-16 15:00:00,30.6,73,25.3,0.0,25,411.0,18.3,202,6.85530065951119,16.967464538572212
2018-05-16 16:00:00,30.2,75,25.2,0.0,20,309.0,17.7,197,5.17497917359244,16.926594180545727
2018-05-16 17:00:00,29.8,77,25.3,0.0,23,221.0,16.2,197,4.736421616508335,15.492137046601174
2018-05-16 18:00:00,29.1,80,25.3,0.0,18,73.0,12.1,197,3.5376976271451146,11.571287547152728
2018-05-16 19:00:00,28.4,83,25.3,0.0,26,3.0,10.2,188,1.4195656297926682,10.100734301164016
2018-05-16 20:00:00,27.8,86,25.3,0.0,13,0.0,10.4,182,0.3629547657060094,10.393664600998596
2018-05-16 21:00:00,27.3,88,25.2,0.0,6,0.0,9.8,172,-1.3638963894086402,9.70462707366739
2018-05-16 22:00:00,27.1,89,25.2,0.0,3,0.0,11.0,169,-2.0988989491419945,10.797899017924305
2018-05-16 23:00:00,26.9,90,25.1,0.0,0,0.0,11.3,171,-1.7677094549546102,11.160878248725057
2018-05-17 00:00:00,26.8,90,25.0,0.0,0,0.0,11.9,175,-1.0371533386971326,11.854716907291772
2018-05-17 01:00:00,26.6,90,24.9,0.0,4,0.0,12.6,178,-0.4397336584515144,12.592324420440606
2018-05-17 02:00:00,26.4,91,24.9,0.0,3,0.0,12.6,182,0.4397336584515113,12.592324420440606
2018-05-17 03:00:00,26.3,93,25.0,0.0,7,0.0,11.5,182,0.4013442120787603,11.4929945107196
2018-05-17 04:00:00,26.1,93,25.0,0.0,14,0.0,11.2,176,-0.7812725059342058,11.17271736291003
2018-05-17 05:00:00,26.0,94,24.9,0.0,14,0.0,10.1,174,-1.0557374790033027,10.04467114321956
2018-05-17 06:00:00,26.2,93,24.9,0.0,18,9.0,8.1,167,-1.822103540185308,7.892397524760404
2018-05-17 07:00:00,27.2,89,25.2,0.0,18,90.0,8.4,170,-1.4586446924022145,8.272385125302547
2018-05-17 08:00:00,28.5,80,24.8,0.0,22,274.0,10.5,176,-0.7324429743133181,10.474422527728152
2018-05-17 09:00:00,29.5,75,24.6,0.0,19,457.0,11.9,180,-1.4573296909853504e-15,11.9
2018-05-17 10:00:00,30.2,71,24.4,0.0,26,614.0,12.5,192,2.598896135221994,12.22684500917257
2018-05-17 11:00:00,30.5,71,24.5,0.0,18,652.0,12.2,204,4.962187045524762,11.14525458323973
2018-05-17 12:00:00,30.7,70,24.6,0.0,26,675.0,12.0,213,6.5356684201803255,10.064046815345089
2018-05-17 13:00:00,30.7,70,24.7,0.1,31,724.0,12.0,221,7.872708347886085,9.056514962673266
2018-05-17 14:00:00,30.5,72,24.9,0.1,34,645.0,12.0,224,8.335900445507967,8.632077604063813
2018-05-17 15:00:00,30.4,73,25.1,0.0,31,529.0,11.5,229,8.679160172561879,7.544678833390834
2018-05-17 16:00:00,30.1,75,25.2,0.0,22,403.0,9.7,225,6.85893577750951,6.858935777509512
2018-05-17 17:00:00,29.7,77,25.3,0.0,16,225.0,8.9,220,5.7208097262102,6.817795543758905
2018-05-17 18:00:00,28.9,82,25.5,0.0,12,80.0,6.0,237,5.032023407672545,3.267834210090162
2018-05-17 19:00:00,28.0,87,25.6,0.0,4,4.0,6.4,227,4.680663690362692,4.364789504399991
2018-05-17 20:00:00,27.3,90,25.6,0.0,2,0.0,7.6,211,3.9142893693164114,6.5144714853360535
2018-05-17 21:00:00,26.9,92,25.5,0.0,0,0.0,8.0,198,2.4721359549995783,7.608452130361229
2018-05-17 22:00:00,26.5,94,25.4,0.0,2,0.0,8.1,193,1.8221035401853063,7.892397524760405
2018-05-17 23:00:00,26.2,95,25.4,0.0,2,0.0,7.2,186,0.7526049355271052,7.160557646651568
2018-05-18 00:00:00,26.0,96,25.3,0.0,10,0.0,9.0,178,-0.3140954703225103,8.994517443171862
2018-05-18 01:00:00,25.8,96,25.2,0.0,16,0.0,9.4,176,-0.65571085319478,9.377102072442348
2018-05-18 02:00:00,25.8,96,25.1,0.0,37,0.0,9.6,167,-2.159530121701106,9.353952621938255
2018-05-18 03:00:00,25.7,96,25.0,0.0,53,0.0,10.0,165,-2.58819045102521,9.65925826289068
2018-05-18 04:00:00,25.7,95,24.8,0.0,49,0.0,8.7,173,-1.0602632876247835,8.6351515192795
2018-05-18 05:00:00,25.8,94,24.8,0.0,33,0.0,8.0,185,0.6972459419812636,7.969557584733964
2018-05-18 06:00:00,25.9,94,24.8,0.0,36,7.0,7.4,194,1.7902220274375396,7.180188374442374
2018-05-18 07:00:00,26.9,91,25.3,0.0,35,83.0,7.4,194,1.7902220274375396,7.180188374442374
2018-05-18 08:00:00,28.2,83,25.0,0.0,53,235.0,9.8,208,4.600821315301731,8.652886410017484
2018-05-18 09:00:00,28.9,79,24.9,0.2,50,387.0,9.7,222,6.490566881680924,7.208504807130724
2018-05-18 10:00:00,29.7,75,24.7,0.1,49,567.0,9.7,225,6.85893577750951,6.858935777509512
2018-05-18 11:00:00,29.9,74,24.7,0.1,51,642.0,10.5,229,7.924450592339106,6.888619804400326
2018-05-18 12:00:00,30.1,73,24.7,0.1,57,647.0,11.7,236,9.69973959889399,6.542556970607735
2018-05-18 13:00:00,30.1,73,24.7,0.0,54,641.0,12.1,243,10.781178942679247,5.493285046848517
2018-05-18 14:00:00,30.1,72,24.6,0.0,43,623.0,13.3,251,12.575397055470916,4.330056454280184
2018-05-18 15:00:00,29.9,72,24.3,0.0,41,540.0,12.5,252,11.88820645368942,3.862712429686845
2018-05-18 16:00:00,29.5,72,23.9,0.0,35,325.0,10.6,252,10.081199072728626,3.275580140374444
2018-05-18 17:00:00,29.1,73,23.8,0.0,31,190.0,6.8,238,5.766727053863696,3.603450996785794
2018-05-18 18:00:00,28.5,76,23.8,0.0,35,65.0,3.3,229,2.490541614735148,2.1649947956686737
2018-05-18 19:00:00,27.8,80,24.0,0.0,30,2.0,2.8,220,1.7998053071223097,2.1449244407331385
2018-05-18 20:00:00,26.8,85,24.1,0.0,27,0.0,4.1,195,1.0611580849203353,3.96029588778518
2018-05-18 21:00:00,26.2,89,24.1,0.0,21,0.0,6.9,208,3.239353783222647,6.092338390726596
2018-05-18 22:00:00,25.8,90,24.1,0.0,2,0.0,7.5,215,4.301823272632846,6.143640332167439
2018-05-18 23:00:00,25.4,92,24.0,0.0,1,0.0,7.7,221,5.051654523226905,5.811263767715346
2018-05-19 00:00:00,25.1,93,23.9,0.0,2,0.0,7.3,213,3.9758649556096977,6.122295146001595
2018-05-19 01:00:00,24.8,94,23.8,0.0,0,0.0,7.5,215,4.301823272632846,6.143640332167439
2018-05-19 02:00:00,24.6,95,23.7,0.0,75,0.0,8.9,201,3.189474750953174,8.308865795825096
2018-05-19 03:00:00,24.3,95,23.5,0.0,75,0.0,7.8,193,1.7546182238821468,7.600086505324834
2018-05-19 04:00:00,24.4,95,23.5,0.0,75,0.0,10.0,193,2.249510543438649,9.743700647852352
2018-05-19 05:00:00,24.4,95,23.5,0.0,76,0.0,9.4,182,0.3280552690035084,9.3942737739795
2018-05-19 06:00:00,24.8,94,23.8,0.0,87,10.0,7.1,165,-1.837615220227899,6.858073366652384
2018-05-19 07:00:00,26.3,91,24.8,0.0,33,121.0,6.5,174,-0.6794350112397493,6.4643923198937765
2018-05-19 08:00:00,27.8,81,24.3,0.0,44,308.0,8.0,198,2.4721359549995783,7.608452130361229
2018-05-19 09:00:00,28.7,76,24.0,0.0,27,461.0,8.2,209,3.9754388860199623,7.171881598543045
2018-05-19 10:00:00,29.7,70,23.5,0.0,29,625.0,8.7,222,5.821436275322066,6.46535998165333
2018-05-19 11:00:00,30.2,68,23.5,0.0,20,593.0,8.4,230,6.434773322199415,5.399415921366932
2018-05-19 12:00:00,30.6,67,23.7,0.0,32,716.0,8.6,237,7.212566884330648,4.683895701129232
2018-05-19 13:00:00,30.5,68,23.9,0.0,28,637.0,9.2,249,8.588939923774255,3.296985135816766
2018-05-19 14:00:00,30.2,69,24.0,0.0,11,560.0,9.2,259,9.030970087718508,1.7554427574642102
2018-05-19 15:00:00,29.9,69,23.6,0.0,11,454.0,7.9,246,7.217009115376548,3.2132194802988208
2018-05-19 16:00:00,29.7,70,23.6,0.0,15,259.0,5.6,230,4.289848881466276,3.5996106142446207
2018-05-19 17:00:00,29.4,71,23.7,0.0,25,156.0,4.1,225,2.8991378028648445,2.8991378028648453
2018-05-19 18:00:00,28.9,74,23.8,0.0,21,67.0,3.9,248,3.616017032810471,1.460965714322058
2018-05-19 19:00:00,28.0,79,24.1,0.0,21,2.0,6.8,273,6.790680836331102,-0.3558845024520188
2018-05-19 20:00:00,27.0,85,24.3,0.0,19,0.0,3.3,283,3.2154212137912763,-0.7423384793347542
2018-05-19 21:00:00,26.3,90,24.4,0.0,20,0.0,2.1,211,1.0815799573111138,1.800051331474436
2018-05-19 22:00:00,25.9,91,24.3,0.0,22,0.0,3.3,193,0.7423384793347544,3.2154212137912763
2018-05-19 23:00:00,25.8,92,24.3,0.0,22,0.0,3.1,159,-1.1109406435904308,2.8940993221413254
2018-05-20 00:00:00,25.5,93,24.3,0.0,40,0.0,2.0,135,-1.4142135623730951,1.414213562373095
2018-05-20 01:00:00,25.3,93,24.2,0.0,93,0.0,1.1,108,-1.046162167924669,0.3399186938124421
2018-05-20 02:00:00,25.7,92,24.3,0.0,90,0.0,2.7,113,-2.4853631043215887,1.0549740469210394
2018-05-20 03:00:00,24.1,98,23.8,0.0,89,0.0,3.6,127,-2.8750878361702537,2.1665340833473743
2018-05-20 04:00:00,24.2,98,23.8,0.0,83,0.0,1.8,127,-1.4375439180851268,1.0832670416736871
2018-05-20 05:00:00,24.7,96,24.1,0.0,82,0.0,1.1,108,-1.046162167924669,0.3399186938124421
2018-05-20 06:00:00,25.0,95,24.2,0.0,28,9.0,4.2,31,-2.163159914622228,-3.600102662948872
2018-05-20 07:00:00,26.5,90,24.8,0.1,25,88.0,3.0,14,-0.7257656867990032,-2.910887178827989
2018-05-20 08:00:00,27.8,83,24.6,0.3,34,214.0,3.4,328,1.801725498392897,-2.883363526931848
2018-05-20 09:00:00,28.4,80,24.5,0.2,45,308.0,5.6,297,4.989636535454861,-2.542346798541461
2018-05-20 10:00:00,29.2,77,24.7,0.4,63,514.0,8.2,293,7.548139798310011,-3.2039952536120424
2018-05-20 11:00:00,29.9,76,25.2,0.0,44,661.0,8.7,287,8.319851376878407,-2.543633831087809
2018-05-20 12:00:00,30.1,76,25.5,0.0,65,602.0,10.0,283,9.743700647852352,-2.249510543438649
2018-05-20 13:00:00,30.2,75,25.3,0.0,53,621.0,9.6,283,9.35395262193826,-2.159530121701103
2018-05-20 14:00:00,30.1,74,24.9,0.2,53,455.0,8.2,285,7.920591775570361,-2.122316169840666
2018-05-20 15:00:00,29.3,77,24.8,0.1,65,361.0,5.2,282,5.086367523815789,-1.081140792252349
2018-05-20 16:00:00,28.9,78,24.6,0.0,61,184.0,4.3,265,4.283637201794505,0.3747696938149304
2018-05-20 17:00:00,28.7,78,24.5,0.0,50,80.0,3.6,264,3.5802788233257843,0.3763024677635521
2018-05-20 18:00:00,28.3,80,24.5,0.0,53,21.0,2.1,301,1.800051331474436,-1.0815799573111138
2018-05-20 19:00:00,28.0,82,24.6,0.0,50,2.0,2.3,321,1.447436899414627,-1.7874357113510322
2018-05-20 20:00:00,27.5,86,24.8,0.0,41,0.0,2.5,352,0.3479327524001647,-2.475670171853926
2018-05-20 21:00:00,27.1,88,24.8,0.0,30,0.0,3.9,22,-1.460965714322057,-3.616017032810471
2018-05-20 22:00:00,26.8,89,24.9,0.0,25,0.0,4.3,5,-0.3747696938149301,-4.283637201794505
2018-05-20 23:00:00,26.6,91,25.0,0.0,33,0.0,4.7,351,0.7352419856890862,-4.642135200797148
2018-05-21 00:00:00,26.1,93,25.0,0.0,37,0.0,4.8,13,-1.079765060850552,-4.676976310969129
2018-05-21 01:00:00,26.1,94,25.1,0.0,46,0.0,4.2,20,-1.4364846019678086,-3.946709007300816
2018-05-21 02:00:00,26.0,95,25.1,0.0,81,0.0,2.8,40,-1.7998053071223097,-2.1449244407331385
2018-05-21 03:00:00,24.7,99,24.5,0.0,84,0.0,2.5,90,-2.5,-1.5308084989341916e-16
2018-05-21 04:00:00,24.2,99,24.1,0.0,100,0.0,3.5,114,-3.197409101749103,1.423578250765301
2018-05-21 05:00:00,24.6,99,24.4,0.0,100,0.0,2.5,98,-2.475670171853926,0.3479327524001634
2018-05-21 06:00:00,25.1,97,24.6,0.0,68,5.0,2.6,56,-2.1554976886431088,-1.4539015490239418
2018-05-21 07:00:00,26.2,94,25.1,0.0,56,54.0,2.8,40,-1.7998053071223097,-2.1449244407331385
2018-05-21 08:00:00,27.5,84,24.7,0.0,54,152.0,5.1,356,0.3557580160950407,-5.087576656325103
2018-05-21 09:00:00,28.2,81,24.6,0.2,50,337.0,6.8,342,2.101315561749644,-6.467184310807044
2018-05-21 10:00:00,28.8,80,24.9,0.1,72,462.0,8.7,336,3.538608794759461,-7.947845481490628
2018-05-21 11:00:00,29.2,79,25.3,0.0,57,585.0,10.4,326,5.815606196095764,-8.621990754572435
2018-05-21 12:00:00,29.6,78,25.4,0.0,63,595.0,10.6,332,4.976398565530443,-9.359244484304623
2018-05-21 13:00:00,30.0,74,25.0,0.1,55,579.0,11.1,335,4.6910627053217615,-10.060016436106816
2018-05-21 14:00:00,29.7,75,24.9,0.2,67,373.0,10.2,342,3.151973342624466,-9.700776466210565
2018-05-21 15:00:00,29.7,70,23.6,0.0,54,445.0,11.1,347,2.496956703216905,-10.815507719116107
2018-05-21 16:00:00,29.5,70,23.4,0.0,48,303.0,10.6,350,1.840670683269462,-10.438962181929403
2018-05-21 17:00:00,29.4,70,23.2,0.0,29,190.0,9.4,353,1.145571828008384,-9.329933825428428
2018-05-21 18:00:00,28.9,72,23.2,0.0,18,77.0,9.1,342,2.812054648812024,-8.654614298285896
2018-05-21 19:00:00,28.1,75,23.2,0.0,20,4.0,8.7,343,2.543633831087813,-8.319851376878407
2018-05-21 20:00:00,27.4,78,23.2,0.0,15,0.0,8.7,355,0.7582549619046273,-8.666893873398186
2018-05-21 21:00:00,26.8,81,23.3,0.0,16,0.0,8.6,2,-0.3001356716415083,-8.594761112364223
2018-05-21 22:00:00,26.3,85,23.5,0.0,4,0.0,6.9,6,-0.721246396546809,-6.862201078041086
2018-05-21 23:00:00,25.6,90,23.7,0.0,3,0.0,6.6,351,1.0324674692655251,-6.5187430479279085
2018-05-22 00:00:00,24.9,94,23.8,0.0,0,0.0,5.4,340,1.8469087739586103,-5.074340152243906
2018-05-22 01:00:00,25.0,93,23.8,0.0,2,0.0,2.1,301,1.800051331474436,-1.0815799573111138
2018-05-22 02:00:00,25.1,93,23.9,0.0,23,0.0,2.7,247,2.4853631043215887,1.0549740469210394
2018-05-22 03:00:00,25.2,93,24.0,0.0,75,0.0,2.2,261,2.172914349309303,0.3441558230885083
2018-05-22 04:00:00,25.2,93,24.1,0.0,78,0.0,2.3,18,-0.710739087062379,-2.1874299874788528
2018-05-22 05:00:00,24.5,95,23.6,0.0,28,0.0,3.4,32,-1.8017254983928963,-2.883363526931848
2018-05-22 06:00:00,23.9,96,23.3,0.0,25,9.0,5.3,28,-2.4881992827652213,-4.679622242152313
2018-05-22 07:00:00,26.4,89,24.4,0.0,6,97.0,3.9,34,-2.180852323535913,-3.233246532964663
2018-05-22 08:00:00,27.6,79,23.7,0.0,10,242.0,2.9,7,-0.3534210958749276,-2.8783838397598336
2018-05-22 09:00:00,28.7,73,23.4,0.0,7,419.0,4.7,337,1.8364363038995872,-4.326372811226469
2018-05-22 10:00:00,29.6,69,23.4,0.0,2,606.0,7.6,329,3.914289369316414,-6.514471485336052
2018-05-22 11:00:00,30.2,67,23.4,0.0,8,677.0,9.4,328,4.981241083792128,-7.971652103870404
2018-05-22 12:00:00,30.6,66,23.4,0.0,23,744.0,10.6,325,6.079910225321092,-8.68301166946331
2018-05-22 13:00:00,30.8,64,23.3,0.0,28,728.0,11.5,319,7.544678833390835,-8.679160172561877
2018-05-22 14:00:00,30.8,63,23.1,0.0,33,632.0,10.9,316,7.571776238003074,-7.840803823691295
2018-05-22 15:00:00,30.7,64,23.0,0.0,14,555.0,9.2,312,6.836932394392029,-6.156001578501491
2018-05-22 16:00:00,30.3,65,22.9,0.0,12,363.0,7.9,309,6.13945309551007,-4.971631089293717
2018-05-22 17:00:00,29.8,66,22.9,0.0,17,195.0,7.4,299,6.472185832831528,-3.5875911898228963
2018-05-22 18:00:00,29.0,71,23.2,0.0,18,61.0,5.2,295,4.71280049259058,-2.197614961051638
2018-05-22 19:00:00,28.2,75,23.5,0.0,14,4.0,6.8,302,5.766727053863697,-3.603450996785792
2018-05-22 20:00:00,27.1,85,24.4,0.0,15,0.0,4.8,318,3.211826910522519,-3.5670951622914924
2018-05-22 21:00:00,26.6,86,24.1,0.0,12,0.0,2.3,342,0.7107390870623796,-2.1874299874788528
2018-05-22 22:00:00,26.3,87,24.0,0.0,5,0.0,0.8,333,0.3631923997916376,-0.7128052193506943
2018-05-22 23:00:00,25.7,90,23.9,0.0,1,0.0,1.4,270,1.4,2.571758278209441e-16
2018-05-23 00:00:00,25.0,94,23.9,0.0,0,0.0,4.9,216,2.880147736233118,3.9641832724372423
2018-05-23 01:00:00,24.1,97,23.6,0.0,72,0.0,5.8,202,2.172718241812289,5.377666356487367
2018-05-23 02:00:00,23.9,97,23.4,0.0,75,0.0,5.4,176,-0.3766849582182778,5.386845871403051
2018-05-23 03:00:00,23.8,97,23.4,0.0,77,0.0,5.9,166,-1.4273391840380396,5.72474478502838
2018-05-23 04:00:00,24.0,97,23.5,0.0,29,0.0,5.0,159,-1.7918397477265011,4.667902132486009
2018-05-23 05:00:00,25.1,94,24.2,0.0,30,0.0,3.1,135,-2.192031021678297,2.192031021678297
2018-05-23 06:00:00,25.1,94,24.0,0.0,31,11.0,2.3,51,-1.7874357113510329,-1.447436899414626
2018-05-23 07:00:00,26.5,89,24.6,0.0,21,115.0,3.6,6,-0.3763024677635525,-3.580278823325784
2018-05-23 08:00:00,28.0,79,24.1,0.0,26,290.0,6.0,343,1.7542302283364228,-5.737828535778212
2018-05-23 09:00:00,29.0,74,24.0,0.0,47,479.0,7.9,330,3.950000000000004,-6.841600689897064
2018-05-23 10:00:00,29.8,71,24.0,0.0,84,655.0,8.7,318,5.821436275322065,-6.46535998165333
2018-05-23 11:00:00,30.4,69,24.0,0.0,95,728.0,9.9,303,8.302838622659701,-5.391926446648764
2018-05-23 12:00:00,30.6,69,24.1,0.0,91,749.0,10.6,294,9.68358185101157,-4.311408416603477
2018-05-23 13:00:00,30.7,68,24.1,0.0,30,726.0,11.2,291,10.45610077676866,-4.013721034907364
2018-05-23 14:00:00,30.5,68,24.0,0.0,25,615.0,11.6,292,10.755332712974734,-4.345436483624579
2018-05-23 15:00:00,30.1,70,23.9,0.0,25,516.0,10.9,297,9.711971113653211,-4.948496447161059
2018-05-23 16:00:00,29.7,71,23.9,0.0,29,383.0,8.9,313,6.509047944410616,-6.069785404556238
2018-05-23 17:00:00,29.4,72,23.9,0.0,36,232.0,9.3,332,4.366085533908785,-8.211412613588022
2018-05-23 18:00:00,28.6,76,24.0,0.0,27,82.0,11.0,328,5.829111906565255,-9.328529057720685
2018-05-23 19:00:00,27.7,81,24.2,0.0,34,5.0,9.0,337,3.516580156403465,-8.284543681071963
2018-05-23 20:00:00,27.0,85,24.3,0.0,22,0.0,7.6,341,2.474317973874391,-7.185941174554808
2018-05-23 21:00:00,26.6,88,24.4,0.0,32,0.0,7.9,344,2.177535110954292,-7.59396739791272
2018-05-23 22:00:00,26.3,90,24.5,0.0,23,0.0,7.3,351,1.141971594793687,-7.210124886344505
2018-05-23 23:00:00,26.2,91,24.5,0.0,32,0.0,8.7,7,-1.060263287624783,-8.6351515192795
2018-05-24 00:00:00,26.0,92,24.6,0.0,21,0.0,7.6,31,-3.9142893693164114,-6.5144714853360535
2018-05-24 01:00:00,25.6,94,24.6,0.0,26,0.0,5.9,38,-3.632402704421384,-4.64926344627966
2018-05-24 02:00:00,25.3,95,24.4,0.0,15,0.0,4.0,27,-1.815961998958187,-3.564026096753472
2018-05-24 03:00:00,25.3,94,24.3,0.0,12,0.0,4.3,360,1.0531962472667237e-15,-4.3
2018-05-24 04:00:00,24.8,95,24.0,0.0,15,0.0,5.4,360,1.3226185430791417e-15,-5.4
2018-05-24 05:00:00,24.6,96,23.9,0.0,15,0.0,7.2,3,-0.3768188849491956,-7.190132650232932
2018-05-24 06:00:00,24.9,95,24.1,0.0,11,10.0,9.4,358,0.3280552690035077,-9.3942737739795
2018-05-24 07:00:00,26.4,90,24.5,0.0,13,81.0,9.0,2,-0.3140954703225087,-8.994517443171862
2018-05-24 08:00:00,27.8,80,24.0,0.0,9,278.0,8.7,7,-1.060263287624783,-8.6351515192795
2018-05-24 09:00:00,28.8,75,23.9,0.0,8,447.0,7.2,360,1.7634913907721889e-15,-7.2
2018-05-24 10:00:00,29.7,70,23.7,0.0,8,602.0,6.8,335,2.873804179836754,-6.16289295184922
2018-05-24 11:00:00,30.3,68,23.6,0.0,11,648.0,8.4,317,5.728786224524986,-6.143371093601034
2018-05-24 12:00:00,30.6,66,23.6,0.0,18,762.0,9.6,304,7.958760696528399,-5.368251873319172
2018-05-24 13:00:00,30.5,67,23.7,0.0,24,741.0,6.6,315,4.666904755831214,-4.6669047558312124
2018-05-24 14:00:00,30.2,68,23.8,0.0,33,595.0,4.0,355,0.3486229709906333,-3.984778792366982
2018-05-24 15:00:00,29.6,70,23.6,0.0,31,435.0,3.8,343,1.1110124779464012,-3.633958072659534
2018-05-24 16:00:00,29.6,70,23.6,0.0,28,348.0,5.8,330,2.9000000000000026,-5.022947341949743
2018-05-24 17:00:00,29.4,70,23.4,0.0,35,228.0,6.6,338,2.4724035165450213,-6.119413440140796
2018-05-24 18:00:00,28.9,72,23.4,0.0,29,78.0,6.2,350,1.0766187015349684,-6.10580806867569
2018-05-24 19:00:00,28.3,75,23.5,0.0,21,5.0,5.6,15,-1.449386652574116,-5.409184627218783
2018-05-24 20:00:00,27.8,79,23.7,0.0,24,0.0,5.6,40,-3.59961061424462,-4.289848881466277
2018-05-24 21:00:00,26.9,86,24.3,0.0,17,0.0,4.7,86,-4.688551036221174,-0.3278554265973886
2018-05-24 22:00:00,26.4,89,24.4,0.0,5,0.0,5.5,122,-4.664264528860343,2.914555953282626
2018-05-24 23:00:00,26.1,90,24.3,0.0,8,0.0,5.4,143,-3.2498011250210603,4.312631754255382
2018-05-25 00:00:00,26.5,88,24.3,0.0,5,0.0,4.2,160,-1.4364846019678092,3.9467090073008153
2018-05-25 01:00:00,26.4,89,24.5,0.0,26,0.0,3.8,197,1.1110124779463997,3.633958072659535
2018-05-25 02:00:00,26.0,91,24.5,0.0,29,0.0,2.2,171,-0.3441558230885082,2.172914349309303
2018-05-25 03:00:00,25.0,94,23.9,0.0,33,0.0,2.1,149,-1.0815799573111142,1.8000513314744355
2018-05-25 04:00:00,24.2,96,23.6,0.0,28,0.0,2.3,129,-1.7874357113510333,1.4474368994146256
2018-05-25 05:00:00,24.1,97,23.5,0.0,57,0.0,2.8,140,-1.7998053071223103,2.144924440733138
2018-05-25 06:00:00,24.5,96,23.8,0.0,25,8.0,3.3,49,-2.490541614735148,-2.1649947956686737
2018-05-25 07:00:00,26.8,85,24.0,0.0,16,88.0,2.9,30,-1.4499999999999995,-2.511473670974872
2018-05-25 08:00:00,28.0,77,23.6,0.0,11,233.0,2.6,34,-1.453901549023942,-2.1554976886431088
2018-05-25 09:00:00,28.8,73,23.5,0.0,19,408.0,0.7,180,-8.572527594031472e-17,0.7
2018-05-25 10:00:00,29.8,69,23.4,0.0,8,619.0,4.7,212,2.4906205418960625,3.9858260519352022
2018-05-25 11:00:00,30.6,66,23.6,0.0,6,730.0,8.5,216,4.996174644486021,6.876644452187053
2018-05-25 12:00:00,31.1,65,23.8,0.0,11,778.0,12.0,219,7.551844692598051,9.325751537483647
2018-05-25 13:00:00,31.3,65,24.0,0.0,46,711.0,14.6,218,8.988657539754609,11.50495700265814
2018-05-25 14:00:00,31.2,66,24.1,0.0,50,692.0,15.3,227,11.189711634773309,10.434574908956227
2018-05-25 15:00:00,30.9,66,23.8,0.0,32,559.0,15.3,229,11.547056577408412,10.03770314355476
2018-05-25 16:00:00,30.6,67,23.8,0.0,30,349.0,14.3,227,10.458357933154138,9.75257654889373
2018-05-25 17:00:00,30.0,71,24.0,0.0,18,245.0,12.8,232,10.086537646166043,7.880466884168424
2018-05-25 18:00:00,29.2,75,24.3,0.0,28,82.0,8.2,241,7.171881598543045,3.975438886019962
2018-05-25 19:00:00,28.5,79,24.4,0.0,17,5.0,7.7,233,6.149493427364155,4.633975678270772
2018-05-25 20:00:00,28.0,82,24.5,0.0,19,0.0,6.6,209,3.199743493625824,5.772490067120012
2018-05-25 21:00:00,27.5,84,24.5,0.0,28,0.0,7.2,183,0.3768188849491937,7.190132650232932
2018-05-25 22:00:00,27.1,86,24.5,0.0,35,0.0,6.8,183,0.3558845024520162,6.790680836331102
2018-05-25 23:00:00,26.7,87,24.3,0.0,27,0.0,8.3,182,0.2896658226307575,8.294943864258496
2018-05-26 00:00:00,26.4,88,24.2,0.0,48,0.0,8.6,180,-1.0531962472667237e-15,8.6
2018-05-26 01:00:00,25.8,90,24.1,0.0,49,0.0,9.1,173,-1.1090110249868426,9.032169979936029
2018-05-26 02:00:00,25.7,90,23.9,0.0,35,0.0,9.1,173,-1.1090110249868426,9.032169979936029
2018-05-26 03:00:00,25.7,89,23.8,0.0,39,0.0,8.8,171,-1.3766232923540327,8.691657397237211
2018-05-26 04:00:00,25.8,88,23.6,0.0,92,0.0,7.3,169,-1.3929056662487782,7.165878439167947
2018-05-26 05:00:00,25.8,87,23.4,0.0,86,0.0,7.1,165,-1.837615220227899,6.858073366652384
2018-05-26 06:00:00,25.8,87,23.5,0.0,77,9.0,5.0,180,-6.123233995736766e-16,5.0
2018-05-26 07:00:00,27.1,81,23.6,0.0,86,75.0,5.1,188,0.7097828148963341,5.050367150582008
2018-05-26 08:00:00,28.6,74,23.5,0.0,63,207.0,6.7,216,3.9381611903595695,5.420413862312148
2018-05-26 09:00:00,29.3,71,23.6,0.2,76,356.0,9.6,250,9.02104915954472,3.283393375926418
2018-05-26 10:00:00,29.8,70,23.7,0.2,91,491.0,11.4,257,11.10781873855168,2.564442019520064
2018-05-26 11:00:00,30.2,68,23.7,0.2,81,595.0,12.5,252,11.88820645368942,3.862712429686845
2018-05-26 12:00:00,30.6,67,23.8,0.1,75,636.0,12.8,248,11.867953338454878,4.794964395723677
2018-05-26 13:00:00,30.9,66,23.7,0.0,85,712.0,12.4,253,11.85817897394164,3.62540913856194
2018-05-26 14:00:00,30.9,65,23.6,0.0,65,678.0,11.4,259,11.19054989130337,2.1752225472926088
2018-05-26 15:00:00,30.5,63,22.7,0.0,29,666.0,9.4,266,9.377102072442348,0.6557108531947805
2018-05-26 16:00:00,30.3,63,22.3,0.0,10,489.0,8.0,265,7.969557584733964,0.697245941981266
2018-05-26 17:00:00,29.8,64,22.1,0.0,9,294.0,6.9,264,6.862201078041087,0.7212463965468082
2018-05-26 18:00:00,29.0,69,22.7,0.0,10,112.0,5.4,262,5.34744757120448,0.7515347451843555
2018-05-26 19:00:00,28.1,74,23.1,0.0,25,7.0,7.2,252,6.8476069173251055,2.2249223594996224
2018-05-26 20:00:00,27.0,82,23.7,0.0,27,0.0,6.1,230,4.672871103025765,3.9210044190878905
2018-05-26 21:00:00,26.2,86,23.7,0.0,29,0.0,7.0,201,2.508575646817103,6.535062985480412
2018-05-26 22:00:00,25.5,90,23.7,0.0,29,0.0,8.0,188,1.1133848076805242,7.922144549932562
2018-05-26 23:00:00,25.2,91,23.7,0.0,30,0.0,8.6,178,-0.3001356716415098,8.594761112364223
2018-05-27 00:00:00,25.1,93,23.9,0.0,30,0.0,7.9,164,-2.177535110954294,7.59396739791272
2018-05-27 01:00:00,24.9,94,23.9,0.0,29,0.0,7.6,155,-3.211898789229316,6.887939181478539
2018-05-27 02:00:00,24.9,94,23.8,0.0,30,0.0,7.2,143,-4.333068166694747,5.750175672340509
2018-05-27 03:00:00,24.9,94,24.0,0.0,29,0.0,6.1,140,-3.9210044190878905,4.672871103025765
2018-05-27 04:00:00,24.8,95,23.9,0.0,33,0.0,5.1,135,-3.606244584051392,3.606244584051392
2018-05-27 05:00:00,24.5,96,23.7,0.0,17,0.0,4.6,129,-3.5748714227020666,2.894873798829251
2018-05-27 06:00:00,24.8,95,24.0,0.0,21,9.0,5.0,111,-4.667902132486009,1.7918397477265011
2018-05-27 07:00:00,27.1,84,24.3,0.0,28,88.0,5.1,135,-3.606244584051392,3.606244584051392
2018-05-27 08:00:00,28.6,79,24.6,0.0,17,252.0,5.9,166,-1.4273391840380396,5.72474478502838
2018-05-27 09:00:00,29.5,77,25.1,0.0,12,426.0,7.0,201,2.508575646817103,6.535062985480412
2018-05-27 10:00:00,30.5,73,25.0,0.0,19,638.0,8.9,220,5.7208097262102,6.817795543758905
2018-05-27 11:00:00,31.2,70,25.0,0.0,12,770.0,10.4,226,7.481133923521972,7.224447052773572
2018-05-27 12:00:00,31.4,69,25.0,0.0,5,802.0,12.1,233,9.663489671572243,7.281961780139784
2018-05-27 13:00:00,31.5,68,25.0,0.0,13,808.0,12.7,241,11.107670280670328,6.157082177128477
2018-05-27 14:00:00,31.4,69,24.9,0.0,9,725.0,11.9,241,10.407974514958813,5.769234480931408
2018-05-27 15:00:00,31.2,70,25.0,0.0,6,587.0,10.1,235,8.273435647318815,5.793122007145568
2018-05-27 16:00:00,31.0,70,24.9,0.0,9,443.0,9.7,228,7.208504807130724,6.490566881680923
2018-05-27 17:00:00,30.5,72,24.9,0.0,8,274.0,8.2,218,5.048424097670397,6.46168817957512
2018-05-27 18:00:00,29.7,76,25.1,0.0,3,105.0,4.6,225,3.252691193458118,3.2526911934581197
2018-05-27 19:00:00,29.0,80,25.3,0.0,2,6.0,4.6,198,1.4214781741247573,4.374859974957706
2018-05-27 20:00:00,28.2,86,25.5,0.0,6,0.0,4.4,189,0.6883116461770152,4.345828698618607
2018-05-27 21:00:00,27.4,90,25.7,0.0,4,0.0,4.6,198,1.4214781741247573,4.374859974957706
2018-05-27 22:00:00,26.9,93,25.6,0.0,5,0.0,5.8,173,-0.7068421917498557,5.756767679519667
2018-05-27 23:00:00,26.3,94,25.3,0.0,2,0.0,6.8,155,-2.8738041798367564,6.162892951849219
2018-05-28 00:00:00,25.9,95,25.1,0.0,0,0.0,5.9,137,-4.023790324368742,4.314986839553106
2018-05-28 01:00:00,25.5,96,24.9,0.0,0,0.0,5.9,133,-4.314986839553106,4.023790324368741
2018-05-28 02:00:00,25.3,96,24.6,0.0,5,0.0,6.9,133,-5.0463405411722775,4.705788684431239
2018-05-28 03:00:00,25.3,94,24.2,0.0,4,0.0,6.1,135,-4.31335136523794,4.313351365237939
2018-05-28 04:00:00,25.2,92,23.8,0.0,4,0.0,6.4,133,-4.680663690362692,4.364789504399989
2018-05-28 05:00:00,25.1,90,23.4,0.0,3,0.0,6.9,133,-5.0463405411722775,4.705788684431239
2018-05-28 06:00:00,25.3,89,23.3,0.0,3,13.0,5.6,135,-3.9597979746446654,3.9597979746446654
2018-05-28 07:00:00,27.5,78,23.3,0.0,2,126.0,6.3,149,-3.2447398719333425,5.400153994423307
2018-05-28 08:00:00,29.0,75,24.0,0.0,4,294.0,8.2,165,-2.1223161698406723,7.920591775570359
2018-05-28 09:00:00,30.0,73,24.6,0.0,6,498.0,8.6,180,-1.0531962472667237e-15,8.6
2018-05-28 10:00:00,30.8,70,24.8,0.0,5,624.0,9.7,195,2.510544737494452,9.369480515003962
2018-05-28 11:00:00,31.5,67,24.7,0.0,18,752.0,11.5,212,6.094071538681855,9.7525531057989
2018-05-28 12:00:00,31.7,67,24.8,0.0,21,763.0,12.7,223,8.661379172793728,9.288192010563463
2018-05-28 13:00:00,31.7,68,25.0,0.0,24,774.0,13.8,229,10.414992207074254,9.053614600069
2018-05-28 14:00:00,31.7,69,25.3,0.0,21,684.0,13.0,231,10.102897498940616,8.181165083647892
2018-05-28 15:00:00,31.2,71,25.4,0.0,18,555.0,11.8,230,9.03932442880394,7.584893794301166
2018-05-28 16:00:00,30.9,73,25.4,0.0,23,413.0,11.2,230,8.579697762932552,7.199221228489241
2018-05-28 17:00:00,30.5,74,25.5,0.0,22,250.0,8.8,235,7.208537989743126,5.047472639889208
2018-05-28 18:00:00,29.9,78,25.6,0.0,7,97.0,7.6,245,6.887939181478541,3.2118987892293136
2018-05-28 19:00:00,29.2,82,25.8,0.0,4,6.0,6.0,237,5.032023407672545,3.267834210090162
2018-05-28 20:00:00,28.5,87,26.1,0.0,5,0.0,3.7,191,0.7059932828932155,3.632020578756357
2018-05-28 21:00:00,27.6,92,26.1,0.0,1,0.0,4.0,180,-4.898587196589413e-16,4.0
2018-05-28 22:00:00,27.1,94,26.0,0.0,1,0.0,5.4,176,-0.3766849582182778,5.386845871403051
2018-05-28 23:00:00,26.9,94,25.9,0.0,1,0.0,6.8,183,0.3558845024520162,6.790680836331102
2018-05-29 00:00:00,26.7,95,25.9,0.0,4,0.0,7.3,213,3.9758649556096977,6.122295146001595
2018-05-29 01:00:00,26.5,97,25.9,0.1,11,0.0,6.1,225,4.313351365237939,4.31335136523794
2018-05-29 02:00:00,26.3,98,25.9,0.0,36,0.0,4.8,222,3.2118269105225195,3.5670951622914924
2018-05-29 03:00:00,25.6,96,25.0,1.0,49,0.0,3.1,291,2.8940993221413254,-1.1109406435904312
2018-05-29 04:00:00,25.8,95,25.0,0.0,42,0.0,3.0,104,-2.910887178827989,0.7257656867990033
2018-05-29 05:00:00,25.9,95,25.0,0.0,34,0.0,6.4,133,-4.680663690362692,4.364789504399989
2018-05-29 06:00:00,25.9,96,25.1,0.0,26,10.0,6.9,171,-1.0793978087775935,6.81504955010645
2018-05-29 07:00:00,27.0,92,25.5,0.0,18,93.0,7.6,177,-0.3977532674463729,7.589584464134761
2018-05-29 08:00:00,28.2,85,25.4,0.0,17,246.0,9.4,178,-0.3280552690035107,9.3942737739795
2018-05-29 09:00:00,29.5,78,25.2,0.0,3,457.0,10.1,184,0.7045403848156653,10.075396907624224
2018-05-29 10:00:00,30.5,72,24.9,0.0,11,616.0,9.8,197,2.8652427062828205,9.371786608437748
2018-05-29 11:00:00,31.3,68,24.7,0.0,13,759.0,9.8,208,4.600821315301731,8.652886410017484
2018-05-29 12:00:00,31.6,67,24.8,0.0,9,761.0,10.7,222,7.159697488039782,7.951649632608118
2018-05-29 13:00:00,31.6,68,25.0,0.0,6,696.0,10.4,236,8.621990754572435,5.815606196095764
2018-05-29 14:00:00,31.6,69,25.2,0.0,7,643.0,9.7,243,8.642763284627167,4.403707847473605
2018-05-29 15:00:00,31.5,71,25.6,0.0,5,560.0,9.0,247,8.284543681071963,3.5165801564034647
2018-05-29 16:00:00,31.2,72,25.6,0.0,5,428.0,7.8,248,7.232034065620941,2.921931428644116
2018-05-29 17:00:00,30.9,73,25.6,0.0,5,240.0,7.2,243,6.415246974156248,3.268731598124738
2018-05-29 18:00:00,30.1,77,25.7,0.0,11,89.0,5.8,248,5.377666356487366,2.1727182418122912
2018-05-29 19:00:00,29.3,82,26.0,0.0,16,6.0,7.0,249,6.535062985480412,2.508575646817105
2018-05-29 20:00:00,28.7,86,26.2,0.0,11,0.0,5.0,210,2.5000000000000004,4.330127018922193
2018-05-29 21:00:00,28.2,89,26.3,0.0,11,0.0,4.7,171,-0.7352419856890856,4.642135200797148
2018-05-29 22:00:00,27.9,91,26.3,0.0,6,0.0,5.5,148,-2.914555953282627,4.664264528860342
2018-05-29 23:00:00,27.7,91,26.2,0.0,8,0.0,6.5,146,-3.634753872559855,5.38874422160777
2018-05-30 00:00:00,27.5,91,26.0,0.0,6,0.0,7.6,155,-3.211898789229316,6.887939181478539
2018-05-30 01:00:00,27.3,92,25.8,0.0,7,0.0,7.9,150,-3.95,6.841600689897066
2018-05-30 02:00:00,26.8,93,25.6,0.0,3,0.0,8.0,144,-4.702282018339786,6.472135954999579
2018-05-30 03:00:00,26.6,94,25.6,0.0,7,0.0,6.9,152,-3.2393537832226458,6.092338390726597
2018-05-30 04:00:00,26.2,95,25.4,0.0,16,0.0,8.0,162,-2.47213595499958,7.608452130361228
2018-05-30 05:00:00,26.2,95,25.3,0.0,11,0.0,6.6,158,-2.4724035165450204,6.119413440140796
2018-05-30 06:00:00,26.4,94,25.4,0.0,32,10.0,6.4,128,-5.043268823083022,3.940233442084213
2018-05-30 07:00:00,27.8,87,25.5,0.0,14,95.0,4.3,132,-3.195522749552795,2.8772616073430903
2018-05-30 08:00:00,29.0,80,25.2,0.0,9,247.0,4.0,170,-0.6945927106677211,3.939231012048832
2018-05-30 09:00:00,30.2,74,25.0,0.0,27,467.0,4.7,203,1.8364363038995857,4.32637281122647
2018-05-30 10:00:00,30.9,70,24.9,0.0,30,563.0,7.6,211,3.9142893693164114,6.5144714853360535
2018-05-30 11:00:00,31.4,68,24.8,0.0,30,696.0,10.3,216,6.054188098612473,8.332875042061959
2018-05-30 12:00:00,31.9,66,24.8,0.0,22,776.0,13.0,224,9.030558815966964,9.351417404402463
2018-05-30 13:00:00,32.0,67,25.0,0.0,16,759.0,14.8,225,10.465180361560902,10.465180361560906
2018-05-30 14:00:00,32.1,67,25.1,0.0,35,667.0,15.5,228,11.518744794899613,10.3715243985623
2018-05-30 15:00:00,31.6,70,25.6,0.0,34,575.0,16.1,220,10.348880515953285,12.333315534215547
2018-05-30 16:00:00,31.4,70,25.3,0.0,20,408.0,14.6,218,8.988657539754609,11.50495700265814
2018-05-30 17:00:00,30.9,71,25.0,0.0,21,225.0,12.8,218,7.880466884168425,10.086537646166043
2018-05-30 18:00:00,30.2,74,25.0,0.0,22,82.0,6.7,234,5.420413862312147,3.938161190359571
2018-05-30 19:00:00,29.6,77,25.2,0.1,31,7.0,1.5,256,1.4554435894139948,0.3628828433995016
2018-05-30 20:00:00,28.7,83,25.5,0.0,28,0.0,0.4,180,-4.8985871965894125e-17,0.4
2018-05-30 21:00:00,28.1,85,25.3,0.0,32,0.0,0.8,117,-0.7128052193506944,0.3631923997916374
2018-05-30 22:00:00,27.8,86,25.2,0.0,44,0.0,3.1,144,-1.822134282106667,2.507952682562337
2018-05-30 23:00:00,27.6,86,25.1,0.0,31,0.0,5.8,150,-2.8999999999999995,5.022947341949744
2018-05-31 00:00:00,27.4,87,25.1,0.0,35,0.0,7.9,156,-3.2132194802988234,7.217009115376546
2018-05-31 01:00:00,27.2,88,25.1,0.0,34,0.0,8.0,162,-2.47213595499958,7.608452130361228
2018-05-31 02:00:00,27.1,89,25.1,0.0,30,0.0,9.5,171,-1.4861274178821944,9.383039235653808
2018-05-31 03:00:00,26.9,89,24.8,0.0,33,0.0,9.4,178,-0.3280552690035107,9.3942737739795
2018-05-31 04:00:00,26.3,92,24.8,0.0,32,0.0,8.8,171,-1.3766232923540327,8.691657397237211
2018-05-31 05:00:00,25.8,94,24.7,0.0,30,0.0,8.1,159,-2.902780391316932,7.562001454627333
2018-05-31 06:00:00,25.7,95,24.8,0.0,30,6.0,5.9,142,-3.6324027044213847,4.64926344627966
2018-05-31 07:00:00,27.6,87,25.1,0.0,31,73.0,4.8,167,-1.079765060850553,4.6769763109691285
2018-05-31 08:00:00,28.9,79,24.9,0.0,29,227.0,6.9,189,1.0793978087775922,6.815049550106451
2018-05-31 09:00:00,30.0,71,24.2,0.0,30,407.0,7.0,201,2.508575646817103,6.535062985480412
2018-05-31 10:00:00,31.0,66,23.9,0.0,19,612.0,7.2,207,3.268731598124736,6.415246974156249
2018-05-31 11:00:00,31.7,63,23.9,0.0,13,730.0,7.9,223,5.387787044493737,5.777694242791448
2018-05-31 12:00:00,32.2,62,24.1,0.0,2,831.0,9.1,236,7.54424191025088,5.088655421583794
2018-05-31 13:00:00,32.4,62,24.1,0.0,8,827.0,10.0,240,8.660254037844386,5.000000000000004
2018-05-31 14:00:00,32.5,61,24.0,0.0,10,781.0,9.9,237,8.3028386226597,5.391926446648768
2018-05-31 15:00:00,32.2,63,24.2,0.0,22,637.0,8.6,237,7.212566884330648,4.683895701129232
2018-05-31 16:00:00,31.9,64,24.2,0.0,21,458.0,7.1,246,6.486172749262467,2.8878301658381806
2018-05-31 17:00:00,31.4,66,24.2,0.0,22,278.0,6.2,263,6.153786140176197,0.7555899291119125
2018-05-31 18:00:00,30.6,69,24.3,0.0,22,104.0,6.1,298,5.385980316439455,-2.8637765329939318
2018-05-31 19:00:00,29.7,74,24.7,0.0,27,6.0,6.1,310,4.672871103025766,-3.921004419087889
2018-05-31 20:00:00,28.8,80,25.0,0.0,30,0.0,5.7,325,3.269385687200965,-4.669166652447252
2018-05-31 21:00:00,27.9,86,25.3,0.0,32,0.0,6.6,331,3.199743493625823,-5.772490067120012
2018-05-31 22:00:00,27.2,90,25.4,0.0,31,0.0,6.3,347,1.4171916423663515,-6.1385314081469815
2018-05-31 23:00:00,26.5,94,25.4,0.0,33,0.0,5.8,353,0.7068421917498539,-5.756767679519668
2018-06-01 00:00:00,26.1,96,25.3,0.0,34,0.0,8.1,347,1.8221035401853087,-7.892397524760404
2018-06-01 01:00:00,26.0,97,25.4,0.0,35,0.0,9.9,341,3.223124729125852,-9.360633898433235
2018-06-01 02:00:00,26.1,96,25.5,0.0,50,0.0,10.6,342,3.275580140374445,-10.081199072728626
2018-06-01 03:00:00,26.4,95,25.5,0.0,44,0.0,10.3,348,2.141490415422927,-10.074920287558198
2018-06-01 04:00:00,26.4,95,25.5,0.0,41,0.0,10.4,358,0.3629547657060086,-10.393664600998596
2018-06-01 05:00:00,26.3,95,25.4,0.0,39,0.0,10.4,360,2.547265342226495e-15,-10.4
2018-06-01 06:00:00,26.5,93,25.3,0.0,38,4.0,11.3,7,-1.3771235804781663,-11.215771513546938
2018-06-01 07:00:00,27.6,85,24.8,0.0,41,47.0,11.3,9,-1.7677094549546088,-11.160878248725057
2018-06-01 08:00:00,28.7,76,24.0,0.0,39,146.0,13.0,5,-1.1330246557195562,-12.950531075192693
2018-06-01 09:00:00,29.8,68,23.3,0.0,47,285.0,12.4,10,-2.1532374030699364,-12.21161613735138
2018-06-01 10:00:00,30.1,65,22.8,0.0,52,210.0,10.8,358,0.3769145643870089,-10.793420931806237
2018-06-01 11:00:00,30.3,64,22.8,0.0,41,257.0,14.3,348,2.973137178693966,-13.98751069049342
2018-06-01 12:00:00,30.6,64,22.9,0.0,25,219.0,17.7,348,3.6800369274743496,-17.31321253298836
2018-06-01 13:00:00,31.0,63,23.0,0.0,18,349.0,18.3,350,3.1777616513048264,-18.02198188012341
2018-06-01 14:00:00,31.6,61,23.1,0.0,5,570.0,17.9,350,3.1083023802380536,-17.628058778918522
2018-06-01 15:00:00,31.8,62,23.6,0.0,6,583.0,18.4,349,3.5108855149284217,-18.061940175437016
2018-06-01 16:00:00,31.3,64,23.6,0.0,6,410.0,17.3,358,0.6037612929532643,-17.289461307430358
2018-06-01 17:00:00,30.8,65,23.6,0.0,14,204.0,13.7,2,-0.4781231048242632,-13.691654330161612
2018-06-01 18:00:00,30.2,68,23.6,0.0,8,81.0,13.4,355,1.1678869528186215,-13.34900895442939
2018-06-01 19:00:00,29.3,72,23.7,0.0,8,6.0,14.8,357,0.7745721523955768,-14.779717114367694
2018-06-01 20:00:00,28.5,75,23.7,0.0,12,0.0,13.7,3,-0.7170026005283305,-13.68122462613766
2018-06-01 21:00:00,27.9,78,23.8,0.0,11,0.0,11.2,2,-0.3908743630680108,-11.193177262613872
2018-06-01 22:00:00,27.4,81,23.9,0.0,28,0.0,10.5,356,0.7324429743133192,-10.474422527728152
2018-06-01 23:00:00,26.9,84,24.0,0.0,16,0.0,11.3,353,1.3771235804781636,-11.21577151354694
2018-06-02 00:00:00,26.5,86,24.0,0.0,11,0.0,12.3,355,1.0720156357961974,-12.253194786528471
2018-06-02 01:00:00,26.2,88,24.0,0.0,6,0.0,12.6,3,-0.6594330486610923,-12.58273213790763
2018-06-02 02:00:00,26.0,88,23.9,0.0,11,0.0,11.3,9,-1.7677094549546088,-11.160878248725057
2018-06-02 03:00:00,25.8,86,23.2,0.0,8,0.0,9.9,10,-1.7191169589026103,-9.74959675482086
2018-06-02 04:00:00,25.5,87,23.2,0.0,3,0.0,9.1,7,-1.109011024986842,-9.032169979936029
2018-06-02 05:00:00,25.3,88,23.2,0.0,13,0.0,9.7,4,-0.6766377953180154,-9.676371287520292
2018-06-02 06:00:00,25.4,88,23.3,0.0,13,12.0,12.3,7,-1.498992923883314,-12.20831766518826
2018-06-02 07:00:00,26.7,81,23.2,0.0,5,118.0,10.9,17,-3.186851581477831,-10.423721839997087
2018-06-02 08:00:00,28.2,73,22.9,0.0,5,309.0,9.0,16,-2.4807362023529924,-8.65135526344487
2018-06-02 09:00:00,29.3,70,23.1,0.0,8,486.0,7.9,360,1.934941942652818e-15,-7.9
2018-06-02 10:00:00,30.4,65,23.2,0.0,23,646.0,9.3,347,2.092044805397948,-9.061641602502688
2018-06-02 11:00:00,31.3,63,23.3,0.0,31,760.0,11.1,335,4.6910627053217615,-10.060016436106816
2018-06-02 12:00:00,31.5,62,23.4,0.0,30,727.0,12.4,338,4.6451217583573134,-11.497079796628164
2018-06-02 13:00:00,31.6,62,23.5,0.0,23,692.0,12.8,344,3.528158154457586,-12.304149708010485
2018-06-02 14:00:00,31.2,63,23.4,0.0,8,554.0,13.8,345,3.5717028224147858,-13.329776402789143
2018-06-02 15:00:00,31.1,63,23.2,0.0,5,474.0,13.5,351,2.1118652780431195,-13.33379259803436
2018-06-02 16:00:00,30.8,64,23.1,0.0,15,343.0,13.0,355,1.1330246557195582,-12.950531075192693
2018-06-02 17:00:00,30.1,65,22.9,0.0,27,175.0,13.4,355,1.1678869528186215,-13.34900895442939
2018-06-02 18:00:00,29.5,67,22.8,0.0,43,57.0,14.1,356,0.9835662797921716,-14.06565310866352
2018-06-02 19:00:00,28.9,70,22.8,0.0,43,5.0,11.9,2,-0.4153040107597615,-11.89275084152724
2018-06-02 20:00:00,28.3,73,23.0,0.0,47,0.0,11.2,358,0.3908743630680092,-11.193177262613872
2018-06-02 21:00:00,27.9,75,23.2,0.0,51,0.0,8.8,351,1.3766232923540338,-8.691657397237211
2018-06-02 22:00:00,27.6,78,23.4,0.0,66,0.0,7.2,357,0.3768188849491994,-7.190132650232932
2018-06-02 23:00:00,27.3,80,23.6,0.0,65,0.0,7.2,6,-0.7526049355271051,-7.160557646651568
2018-06-03 00:00:00,27.0,82,23.7,0.0,51,0.0,6.5,6,-0.6794350112397476,-6.4643923198937765
2018-06-03 01:00:00,26.6,85,23.9,0.0,47,0.0,6.3,13,-1.4171916423663495,-6.1385314081469815
2018-06-03 02:00:00,26.5,86,24.0,0.0,32,0.0,6.6,9,-1.0324674692655236,-6.518743047927909
2018-06-03 03:00:00,26.2,86,23.7,0.0,23,0.0,6.2,10,-1.0766187015349682,-6.10580806867569
2018-06-03 04:00:00,26.0,87,23.8,0.0,20,0.0,6.3,13,-1.4171916423663495,-6.1385314081469815
2018-06-03 05:00:00,25.9,88,23.8,0.0,16,0.0,6.2,10,-1.0766187015349682,-6.10580806867569
2018-06-03 06:00:00,25.8,90,24.0,0.0,10,10.0,8.4,10,-1.458644692402215,-8.272385125302547
2018-06-03 07:00:00,27.3,79,23.3,0.0,5,87.0,6.5,19,-2.1161930039715187,-6.14587074139556
2018-06-03 08:00:00,28.4,73,23.1,0.0,10,264.0,6.5,6,-0.6794350112397476,-6.4643923198937765
2018-06-03 09:00:00,29.5,69,23.2,0.0,14,479.0,7.6,352,1.0577155672965006,-7.526037322435934
2018-06-03 10:00:00,30.3,66,23.2,0.0,13,579.0,7.5,343,2.1927877854205287,-7.172285669722765
2018-06-03 11:00:00,31.0,64,23.3,0.0,18,707.0,8.6,327,4.683895701129232,-7.212566884330647
2018-06-03 12:00:00,31.4,63,23.4,0.0,31,746.0,11.1,324,6.524416300446454,-8.980088637561915
2018-06-03 13:00:00,31.6,62,23.5,0.0,35,749.0,13.4,333,6.083472696509929,-11.93948742412413
2018-06-03 14:00:00,31.5,63,23.5,0.0,47,625.0,15.5,342,4.789763412811689,-14.74137600257488
2018-06-03 15:00:00,31.6,61,23.3,0.0,46,556.0,17.0,354,1.776983875550108,-16.906872221260645
2018-06-03 16:00:00,31.4,62,23.3,0.0,35,369.0,17.0,356,1.1858600536501358,-16.958588854417012
2018-06-03 17:00:00,30.9,64,23.3,0.0,16,232.0,15.6,352,2.171100374977028,-15.448181872368496
2018-06-03 18:00:00,30.1,68,23.5,0.0,14,86.0,15.2,346,3.6772128131149513,-14.748495039395143
2018-06-03 19:00:00,29.0,74,23.8,0.0,29,7.0,12.4,350,2.153237403069937,-12.21161613735138
2018-06-03 20:00:00,28.3,78,24.1,0.0,29,0.0,10.1,354,1.0557374790032994,-10.04467114321956
2018-06-03 21:00:00,28.0,81,24.3,0.0,32,0.0,8.0,8,-1.1133848076805235,-7.922144549932563
2018-06-03 22:00:00,27.5,84,24.6,0.0,38,0.0,6.6,29,-3.1997434936258244,-5.772490067120011
2018-06-03 23:00:00,27.2,86,24.7,0.0,36,0.0,3.9,34,-2.180852323535913,-3.233246532964663
2018-06-04 00:00:00,27.0,87,24.7,0.0,39,0.0,3.1,36,-1.8221342821066668,-2.5079526825623373
2018-06-04 01:00:00,27.1,86,24.5,0.0,38,0.0,4.1,38,-2.524212048835199,-3.2308440897875594
2018-06-04 02:00:00,26.4,89,24.5,0.0,46,0.0,3.8,41,-2.493024310163928,-2.8678964048465336
2018-06-04 03:00:00,25.9,93,24.6,0.0,41,0.0,2.8,40,-1.7998053071223097,-2.1449244407331385
2018-06-04 04:00:00,25.6,94,24.6,0.0,41,0.0,1.8,53,-1.437543918085127,-1.0832670416736871
2018-06-04 05:00:00,26.2,91,24.6,0.0,42,0.0,1.5,76,-1.4554435894139948,-0.3628828433995015
2018-06-04 06:00:00,25.7,94,24.7,0.0,30,6.0,1.8,127,-1.4375439180851268,1.0832670416736871
2018-06-04 07:00:00,27.6,82,24.2,0.0,22,87.0,2.4,117,-2.138415658052083,1.0895771993749122
2018-06-04 08:00:00,28.6,77,24.2,0.0,11,235.0,0.5,315,0.3535533905932738,-0.3535533905932737
2018-06-04 09:00:00,29.6,73,24.2,0.0,24,440.0,5.0,291,4.667902132486009,-1.791839747726502
2018-06-04 10:00:00,30.4,69,24.1,0.1,17,579.0,6.6,292,6.1194134401407965,-2.4724035165450187
2018-06-04 11:00:00,30.7,68,24.2,0.3,15,668.0,7.2,297,6.41524697415625,-3.268731598124736
2018-06-04 12:00:00,31.0,67,24.2,0.0,21,603.0,8.2,293,7.548139798310011,-3.2039952536120424
2018-06-04 13:00:00,31.3,67,24.4,0.0,23,693.0,8.6,292,7.973781149274371,-3.2216167033768426
2018-06-04 14:00:00,30.7,71,24.8,0.0,42,510.0,10.0,296,8.98794046299167,-4.383711467890774
2018-06-04 15:00:00,30.3,74,25.1,0.2,96,462.0,11.0,293,10.125553387976844,-4.298042413382008
2018-06-04 16:00:00,28.2,81,24.6,5.7,98,224.0,11.8,282,11.542141688658909,-2.4533579516495614
2018-06-04 17:00:00,27.3,87,24.9,4.6,77,93.0,9.9,314,7.121464023352646,-6.877117867544073
2018-06-04 18:00:00,27.3,85,24.5,0.3,85,30.0,6.2,36,-3.6442685642133337,-5.0159053651246746
2018-06-04 19:00:00,27.2,85,24.5,0.0,73,4.0,4.8,77,-4.676976310969129,-1.0797650608505516
2018-06-04 20:00:00,26.9,87,24.6,0.0,61,0.0,3.1,111,-2.8940993221413254,1.1109406435904308
2018-06-04 21:00:00,26.7,89,24.7,0.0,56,0.0,3.4,148,-1.8017254983928963,2.883363526931848
2018-06-04 22:00:00,26.6,89,24.6,0.0,64,0.0,1.9,202,0.7117525274902328,1.761649323676896
2018-06-04 23:00:00,26.5,89,24.5,0.0,56,0.0,1.0,315,0.7071067811865477,-0.7071067811865474
2018-06-05 00:00:00,26.3,89,24.4,0.0,52,0.0,1.0,315,0.7071067811865477,-0.7071067811865474
2018-06-05 01:00:00,26.3,89,24.3,0.0,43,0.0,1.5,284,1.4554435894139948,-0.3628828433995011
2018-06-05 02:00:00,26.0,91,24.4,0.0,24,0.0,2.7,247,2.4853631043215887,1.0549740469210394
2018-06-05 03:00:00,26.9,90,25.2,0.0,22,0.0,2.1,149,-1.0815799573111142,1.8000513314744355
2018-06-05 04:00:00,25.7,95,24.9,0.0,46,0.0,3.1,111,-2.8940993221413254,1.1109406435904308
2018-06-05 05:00:00,25.5,96,24.7,0.0,40,0.0,2.9,97,-2.878383839759834,0.3534210958749273
2018-06-05 06:00:00,25.9,95,25.1,0.0,31,10.0,2.4,63,-2.138415658052083,-1.0895771993749124
2018-06-05 07:00:00,27.7,87,25.3,0.0,32,92.0,2.6,34,-1.453901549023942,-2.1554976886431088
2018-06-05 08:00:00,28.8,79,24.8,0.0,29,236.0,2.2,360,5.388445916248355e-16,-2.2
2018-06-05 09:00:00,29.8,74,24.7,0.0,16,422.0,1.6,333,0.7263847995832752,-1.4256104387013886
2018-06-05 10:00:00,30.5,71,24.6,0.0,25,530.0,2.5,262,2.475670171853926,0.3479327524001646
2018-06-05 11:00:00,30.9,69,24.7,0.1,25,597.0,5.5,259,5.398949508962152,1.0494494745709957
2018-06-05 12:00:00,31.2,69,24.8,0.2,41,675.0,7.5,253,7.172285669722765,2.192787785420528
2018-06-05 13:00:00,31.2,70,25.2,0.1,33,520.0,6.8,245,6.162892951849221,2.873804179836754
2018-06-05 14:00:00,30.9,73,25.5,0.3,38,550.0,6.9,227,5.046340541172277,4.705788684431241
2018-06-05 15:00:00,31.0,70,25.0,0.2,53,558.0,8.0,243,7.128052193506942,3.6319239979163753
2018-06-05 16:00:00,30.5,73,25.2,0.5,45,341.0,6.2,249,5.78819864428265,2.2218812871808646
2018-06-05 17:00:00,29.7,76,25.0,1.8,61,199.0,4.0,260,3.939231012048832,0.6945927106677213
2018-06-05 18:00:00,28.9,80,25.2,0.7,45,49.0,2.9,360,7.10295143505465e-16,-2.9
2018-06-05 19:00:00,28.2,84,25.2,0.2,47,3.0,3.9,68,-3.616017032810471,-1.460965714322057
2018-06-05 20:00:00,28.3,82,25.0,0.0,46,0.0,4.0,80,-3.939231012048832,-0.6945927106677217
2018-06-05 21:00:00,28.0,85,25.3,0.0,53,0.0,2.2,9,-0.3441558230885079,-2.1729143493093037
2018-06-05 22:00:00,28.0,83,24.9,0.0,65,0.0,3.4,342,1.050657780874822,-3.233592155403522
2018-06-05 23:00:00,27.2,90,25.3,0.0,43,0.0,5.0,60,-4.330127018922193,-2.5000000000000004
2018-06-06 00:00:00,27.9,84,24.9,0.0,42,0.0,3.4,32,-1.8017254983928963,-2.883363526931848
2018-06-06 01:00:00,27.8,84,24.9,0.0,35,0.0,3.9,22,-1.460965714322057,-3.616017032810471
2018-06-06 02:00:00,27.6,86,25.0,0.0,35,0.0,3.8,41,-2.493024310163928,-2.8678964048465336
2018-06-06 03:00:00,25.9,96,25.1,0.0,37,0.0,3.7,61,-3.2360929164157644,-1.7937955949114477
2018-06-06 04:00:00,25.8,96,25.1,0.0,33,0.0,4.0,63,-3.564026096753471,-1.8159619989581872
2018-06-06 05:00:00,25.6,96,24.9,0.0,31,0.0,4.8,77,-4.676976310969129,-1.0797650608505516
2018-06-06 06:00:00,25.8,95,24.9,0.0,31,0.0,6.6,45,-4.666904755831213,-4.666904755831213
2018-06-06 07:00:00,27.2,87,24.9,0.0,31,20.0,6.4,43,-4.36478950439999,-4.680663690362692
2018-06-06 08:00:00,28.8,77,24.5,0.0,28,131.0,4.8,27,-2.1791543987498243,-4.276831316104166
2018-06-06 09:00:00,29.8,73,24.5,0.0,26,256.0,4.4,351,0.6883116461770169,-4.345828698618606
2018-06-06 10:00:00,30.7,70,24.6,0.0,24,393.0,2.6,16,-0.7166571251241979,-2.499280409439629
2018-06-06 11:00:00,31.4,67,24.5,0.0,27,492.0,1.3,304,1.0777488443215542,-0.7269507745119711
2018-06-06 12:00:00,32.0,65,24.6,0.0,26,555.0,5.4,278,5.34744757120448,-0.7515347451843536
2018-06-06 13:00:00,32.4,65,25.0,0.0,32,658.0,8.1,291,7.562001454627333,-2.902780391316933
2018-06-06 14:00:00,32.0,68,25.3,0.0,45,492.0,6.4,333,2.9055391983331007,-5.702441754805554
2018-06-06 15:00:00,31.1,69,24.8,0.2,38,419.0,7.9,360,1.934941942652818e-15,-7.9
2018-06-06 16:00:00,30.5,71,24.6,0.0,69,219.0,5.5,11,-1.0494494745709964,-5.398949508962152
2018-06-06 17:00:00,29.9,74,24.7,0.3,94,111.0,5.9,313,4.3149868395531055,-4.023790324368742
2018-06-06 18:00:00,28.3,83,25.1,1.3,74,33.0,9.0,299,7.871577364254561,-4.363286582217036
2018-06-06 19:00:00,27.5,88,25.3,2.1,98,1.0,4.7,337,1.8364363038995872,-4.326372811226469
2018-06-06 20:00:00,27.3,91,25.7,0.7,68,0.0,4.2,70,-3.9467090073008153,-1.436484601967809
2018-06-06 21:00:00,27.0,92,25.6,1.0,100,0.0,1.6,207,0.7263847995832746,1.4256104387013888
2018-06-06 22:00:00,26.6,94,25.5,3.3,95,0.0,4.2,211,2.163159914622228,3.600102662948872
2018-06-06 23:00:00,26.6,93,25.4,1.9,83,0.0,5.1,176,-0.3557580160950401,5.087576656325103
2018-06-07 00:00:00,26.4,94,25.4,0.9,67,0.0,3.0,194,0.7257656867990026,2.910887178827989
2018-06-07 01:00:00,26.4,94,25.3,0.0,54,0.0,4.1,285,3.960295887785181,-1.061158084920333
2018-06-07 02:00:00,26.6,92,25.2,0.0,56,0.0,5.4,318,3.613305274337834,-4.012982057577929
2018-06-07 03:00:00,26.5,95,25.6,0.0,44,0.0,5.2,348,1.0811407922523513,-5.086367523815789
2018-06-07 04:00:00,26.6,95,25.7,0.0,46,0.0,5.2,16,-1.4333142502483958,-4.998560818879258
2018-06-07 05:00:00,26.4,95,25.5,0.0,48,0.0,4.5,29,-2.1816432911085166,-3.935788682127281
2018-06-07 06:00:00,26.8,95,25.9,0.0,36,6.0,1.9,338,0.7117525274902334,-1.7616493236768958
2018-06-07 07:00:00,27.8,90,26.0,0.0,40,71.0,1.0,315,0.7071067811865477,-0.7071067811865474
2018-06-07 08:00:00,28.6,85,25.8,0.0,38,198.0,2.9,300,2.511473670974872,-1.4500000000000002
2018-06-07 09:00:00,29.6,79,25.6,0.0,39,424.0,6.2,306,5.015905365124675,-3.644268564213332
2018-06-07 10:00:00,30.1,76,25.4,0.0,39,434.0,6.2,306,5.015905365124675,-3.644268564213332
2018-06-07 11:00:00,30.6,73,25.3,0.0,43,584.0,5.9,322,3.632402704421384,-4.64926344627966
2018-06-07 12:00:00,31.0,72,25.2,0.0,44,631.0,6.5,326,3.6347538725598527,-5.388744221607772
2018-06-07 13:00:00,31.1,71,25.3,0.0,38,543.0,9.6,326,5.368251873319167,-7.958760696528401
2018-06-07 14:00:00,31.2,71,25.2,0.0,44,555.0,11.5,340,3.933231648245189,-10.806465139037948
2018-06-07 15:00:00,30.8,73,25.3,0.0,35,400.0,10.5,356,0.7324429743133192,-10.474422527728152
2018-06-07 16:00:00,30.6,73,25.3,0.1,32,285.0,8.8,348,1.829622879196287,-8.60769888645749
2018-06-07 17:00:00,30.3,75,25.3,0.0,44,177.0,7.9,360,1.934941942652818e-15,-7.9
2018-06-07 18:00:00,29.8,77,25.2,0.0,71,57.0,6.9,28,-3.2393537832226467,-6.092338390726597
2018-06-07 19:00:00,29.2,80,25.3,0.0,40,5.0,5.5,67,-5.062776693988422,-2.149021206691005
2018-06-07 20:00:00,28.7,85,26.0,0.0,38,0.0,1.8,53,-1.437543918085127,-1.0832670416736871
2018-06-07 21:00:00,27.8,90,26.0,0.2,33,0.0,0.8,153,-0.3631923997916375,0.7128052193506943
2018-06-07 22:00:00,27.5,90,25.7,0.0,44,0.0,4.0,80,-3.939231012048832,-0.6945927106677217
2018-06-07 23:00:00,27.4,91,25.7,0.0,35,0.0,5.4,82,-5.34744757120448,-0.7515347451843536
2018-06-08 00:00:00,27.4,89,25.5,0.0,33,0.0,4.8,77,-4.676976310969129,-1.0797650608505516
2018-06-08 01:00:00,26.5,95,25.6,0.0,31,0.0,3.7,79,-3.632020578756357,-0.7059932828932162
2018-06-08 02:00:00,26.3,95,25.5,0.0,29,0.0,1.9,68,-1.761649323676896,-0.7117525274902327
2018-06-08 03:00:00,26.6,85,24.0,0.0,30,0.0,1.8,37,-1.083267041673687,-1.437543918085127
2018-06-08 04:00:00,25.7,90,24.0,0.0,30,0.0,2.3,51,-1.7874357113510329,-1.447436899414626
2018-06-08 05:00:00,25.3,93,24.1,0.0,30,0.0,3.1,36,-1.8221342821066668,-2.5079526825623373
2018-06-08 06:00:00,25.7,94,24.6,0.0,29,8.0,5.4,352,0.7515347451843558,-5.34744757120448
2018-06-08 07:00:00,27.9,81,24.3,0.0,34,78.0,4.8,333,2.179154398749825,-4.276831316104166
2018-06-08 08:00:00,28.8,79,24.8,0.0,34,232.0,4.6,315,3.2526911934581197,-3.252691193458117
2018-06-08 09:00:00,29.6,77,25.2,0.0,34,372.0,5.2,304,4.310995377286217,-2.9078030980478844
2018-06-08 10:00:00,30.3,74,25.2,0.0,33,466.0,7.3,290,6.8597561317371305,-2.496747046277384
2018-06-08 11:00:00,30.7,73,25.2,0.0,34,613.0,9.0,293,8.284543681071964,-3.5165801564034616
2018-06-08 12:00:00,30.8,71,25.0,0.0,41,661.0,7.8,326,4.361704647071823,-6.466493065929326
2018-06-08 13:00:00,31.0,69,24.8,0.0,35,558.0,7.1,311,5.3584380195816825,-4.6580191058326
2018-06-08 14:00:00,31.0,68,24.4,0.0,35,443.0,6.1,332,2.863776532993933,-5.385980316439454
2018-06-08 15:00:00,31.0,68,24.5,0.0,36,377.0,6.3,347,1.4171916423663515,-6.1385314081469815
2018-06-08 16:00:00,30.9,69,24.5,0.0,35,244.0,8.2,322,5.048424097670397,-6.46168817957512
2018-06-08 17:00:00,30.6,71,24.7,0.0,35,193.0,8.2,337,3.203995253612045,-7.548139798310009
2018-06-08 18:00:00,29.9,74,24.7,0.0,34,53.0,5.8,7,-0.7068421917498553,-5.756767679519667
2018-06-08 19:00:00,29.4,76,24.7,0.0,37,3.0,6.5,6,-0.6794350112397476,-6.4643923198937765
2018-06-08 20:00:00,28.6,81,25.1,0.0,35,0.0,5.8,330,2.9000000000000026,-5.022947341949743
2018-06-08 21:00:00,28.0,86,25.5,0.0,35,0.0,6.4,313,4.680663690362691,-4.364789504399991
2018-06-08 22:00:00,27.5,91,25.8,0.0,37,0.0,6.7,306,5.420413862312149,-3.938161190359569
2018-06-08 23:00:00,27.0,94,26.0,0.0,34,0.0,5.6,320,3.5996106142446216,-4.289848881466275
2018-06-09 00:00:00,26.7,96,26.0,0.0,33,0.0,2.9,330,1.4500000000000013,-2.5114736709748717
2018-06-09 01:00:00,26.8,96,26.1,0.0,32,0.0,1.1,288,1.046162167924669,-0.339918693812442
2018-06-09 02:00:00,26.1,98,25.7,0.0,34,0.0,2.2,261,2.172914349309303,0.3441558230885083
2018-06-09 03:00:00,26.5,96,25.9,0.0,43,0.0,4.3,270,4.3,7.898971854500429e-16
2018-06-09 04:00:00,26.9,96,26.2,0.0,41,0.0,4.0,265,3.984778792366982,0.348622970990633
2018-06-09 05:00:00,27.1,96,26.3,0.0,36,0.0,2.9,263,2.878383839759834,0.3534210958749267
2018-06-09 06:00:00,27.0,97,26.4,0.0,35,9.0,2.2,261,2.172914349309303,0.3441558230885083
2018-06-09 07:00:00,28.0,87,25.7,0.0,35,88.0,0.8,333,0.3631923997916376,-0.7128052193506943
2018-06-09 08:00:00,29.0,80,25.2,0.0,32,280.0,1.3,326,0.7269507745119705,-1.0777488443215544
2018-06-09 09:00:00,29.8,76,25.2,0.0,32,420.0,3.8,287,3.633958072659535,-1.1110124779463997
2018-06-09 10:00:00,30.7,72,25.0,0.0,37,635.0,5.5,281,5.398949508962152,-1.049449474570998
2018-06-09 11:00:00,31.1,68,24.6,0.0,48,689.0,7.9,286,7.593967397912719,-2.1775351109542957
2018-06-09 12:00:00,31.4,67,24.6,0.0,39,726.0,8.7,287,8.319851376878407,-2.543633831087809
2018-06-09 13:00:00,31.3,68,24.6,0.0,29,676.0,9.3,283,9.06164160250269,-2.092044805397944
2018-06-09 14:00:00,31.3,68,24.7,0.0,22,666.0,9.2,281,9.030970087718506,-1.7554427574642149
2018-06-09 15:00:00,31.2,69,24.8,0.0,30,493.0,10.0,285,9.659258262890685,-2.588190451025203
2018-06-09 16:00:00,30.8,71,24.9,0.0,30,444.0,11.4,288,10.842044285764752,-3.5227937358743984
2018-06-09 17:00:00,30.2,75,25.2,0.0,32,265.0,9.3,298,8.211412613588022,-4.366085533908781
2018-06-09 18:00:00,29.5,78,25.2,0.0,18,93.0,6.4,286,6.152074854005241,-1.7640790772287962
2018-06-09 19:00:00,29.0,80,25.2,0.0,25,8.0,1.8,281,1.766928930205795,-0.3434561916777812
2018-06-09 20:00:00,28.8,82,25.4,0.0,20,0.0,2.4,153,-1.0895771993749124,2.138415658052083
2018-06-09 21:00:00,28.4,84,25.4,0.0,17,0.0,4.5,166,-1.0886485301985047,4.366330768241984
2018-06-09 22:00:00,27.7,88,25.5,0.0,29,0.0,5.4,172,-0.7515347451843528,5.34744757120448
2018-06-09 23:00:00,27.1,91,25.5,0.0,32,0.0,5.9,191,1.125773072721614,5.791600382341218
2018-06-10 00:00:00,26.6,91,25.1,0.3,36,0.0,6.5,199,2.116193003971519,6.145870741395559
2018-06-10 01:00:00,26.3,92,24.9,0.1,34,0.0,4.9,197,1.4326213531414105,4.685893304218874
2018-06-10 02:00:00,26.4,92,25.0,0.1,64,0.0,5.7,198,1.7613968679371996,5.421022142882376
2018-06-10 03:00:00,26.3,93,25.1,0.5,72,0.0,6.2,201,2.221881287180863,5.788198644282651
2018-06-10 04:00:00,26.2,93,25.0,0.4,95,0.0,8.3,180,-1.0164568432923032e-15,8.3
2018-06-10 05:00:00,26.1,93,24.9,0.7,100,0.0,7.6,177,-0.3977532674463729,7.589584464134761
2018-06-10 06:00:00,26.1,93,24.9,0.4,84,4.0,6.4,164,-1.764079077228795,6.1520748540052415
2018-06-10 07:00:00,26.7,89,24.7,0.0,69,45.0,7.2,174,-0.7526049355271069,7.160557646651568
2018-06-10 08:00:00,28.0,82,24.7,0.0,41,206.0,8.6,178,-0.3001356716415098,8.594761112364223
2018-06-10 09:00:00,28.9,80,25.1,0.0,41,281.0,10.1,182,0.352484916695259,10.093847352892867
2018-06-10 10:00:00,29.7,78,25.5,0.0,31,405.0,11.4,191,2.17522254729261,11.19054989130337
2018-06-10 11:00:00,30.4,77,25.8,0.2,34,501.0,12.8,202,4.794964395723674,11.86795333845488
2018-06-10 12:00:00,30.4,75,25.5,0.4,38,400.0,15.3,207,6.946054646015064,13.63239982008203
2018-06-10 13:00:00,29.8,79,25.8,2.0,44,468.0,14.0,209,6.787334683448718,12.244675899951542
2018-06-10 14:00:00,30.4,75,25.6,0.4,30,545.0,15.4,213,8.387441139231417,12.91552674635953
2018-06-10 15:00:00,30.8,76,26.0,1.0,56,498.0,14.9,212,7.895797037074751,12.63591663273075
2018-06-10 16:00:00,29.9,79,25.9,3.5,89,224.0,14.2,207,6.446665096301562,12.652292643474825
2018-06-10 17:00:00,28.5,84,25.6,10.2,70,189.0,11.4,198,3.5227937358743997,10.842044285764752
2018-06-10 18:00:00,27.8,89,25.8,3.6,49,49.0,3.2,207,1.4527695991665492,2.8512208774027776
2018-06-10 19:00:00,27.2,89,25.3,1.9,64,5.0,3.8,131,-2.867896404846534,2.493024310163927
2018-06-10 20:00:00,27.1,89,25.2,0.7,100,0.0,5.7,145,-3.269385687200962,4.669166652447254
2018-06-10 21:00:00,26.5,93,25.2,0.6,100,0.0,6.3,156,-2.5624408513775427,5.755336383148385
2018-06-10 22:00:00,26.5,91,25.0,0.6,100,0.0,7.1,165,-1.837615220227899,6.858073366652384
2018-06-10 23:00:00,26.3,93,25.1,1.0,100,0.0,8.0,162,-2.47213595499958,7.608452130361228
2018-06-11 00:00:00,26.2,93,25.0,1.5,100,0.0,7.6,180,-9.307315673519883e-16,7.6
2018-06-11 01:00:00,25.9,94,24.9,1.8,100,0.0,7.2,177,-0.3768188849491954,7.190132650232932
2018-06-11 02:00:00,25.9,93,24.7,0.6,100,0.0,6.8,162,-2.101315561749643,6.467184310807044
2018-06-11 03:00:00,26.0,95,25.1,1.2,100,0.0,5.4,176,-0.3766849582182778,5.386845871403051
2018-06-11 04:00:00,25.9,95,25.1,2.2,100,0.0,3.4,238,2.883363526931848,1.801725498392897
2018-06-11 05:00:00,25.7,96,25.0,1.6,100,0.0,2.6,304,2.1554976886431083,-1.4539015490239422
2018-06-11 06:00:00,25.9,95,24.9,0.9,100,0.0,4.1,232,3.2308440897875603,2.524212048835198
2018-06-11 07:00:00,26.2,94,25.2,1.3,100,17.0,6.9,261,6.81504955010645,1.0793978087775942
2018-06-11 08:00:00,26.5,93,25.2,2.5,100,29.0,8.8,282,8.60769888645749,-1.8296228791962832
2018-06-11 09:00:00,27.2,91,25.5,3.5,100,152.0,10.2,309,7.926888806861101,-6.419067988708342
2018-06-11 10:00:00,27.6,89,25.6,4.0,100,156.0,15.4,323,9.267951356541545,-12.29898685472831
2018-06-11 11:00:00,28.2,84,25.3,4.6,100,286.0,19.4,338,7.267367912268699,-17.98736677859567
2018-06-11 12:00:00,28.6,83,25.5,1.2,95,406.0,17.3,348,3.596872251147246,-16.921953492694836
2018-06-11 13:00:00,29.2,80,25.5,0.2,36,454.0,14.8,356,1.0323958114130594,-14.763947943845398
2018-06-11 14:00:00,29.7,77,25.2,0.0,24,407.0,15.5,359,0.2705122997778952,-15.497639274924063
2018-06-11 15:00:00,29.7,74,24.6,0.0,17,366.0,15.5,4,-1.0812253430339422,-15.462242779027276
2018-06-11 16:00:00,29.9,71,24.1,0.0,11,339.0,13.7,357,0.7170026005283379,-13.68122462613766
2018-06-11 17:00:00,29.7,72,24.1,0.0,3,216.0,12.8,344,3.528158154457586,-12.304149708010485
2018-06-11 18:00:00,29.1,75,24.3,0.0,11,100.0,14.4,347,3.2392951825516607,-14.030928932907386
2018-06-11 19:00:00,28.2,79,24.3,0.0,9,9.0,11.9,357,0.622797879291038,-11.88369146357943
2018-06-11 20:00:00,27.7,82,24.4,0.0,12,0.0,8.6,358,0.300135671641507,-8.594761112364223
2018-06-11 21:00:00,27.2,86,24.6,0.0,9,0.0,6.1,357,0.3192493330819606,-6.0916401620029
2018-06-11 22:00:00,26.6,90,24.8,0.0,22,0.0,3.0,14,-0.7257656867990032,-2.910887178827989
2018-06-11 23:00:00,26.4,90,24.7,0.0,23,0.0,2.3,51,-1.7874357113510329,-1.447436899414626
2018-06-12 00:00:00,26.4,90,24.7,0.0,32,0.0,3.1,135,-2.192031021678297,2.192031021678297
2018-06-12 01:00:00,25.6,94,24.5,0.0,51,0.0,4.3,138,-2.8772616073430908,3.1955227495527945
2018-06-12 02:00:00,25.6,93,24.4,0.0,39,0.0,4.2,149,-2.1631599146222285,3.6001026629488715
2018-06-12 03:00:00,26.2,90,24.5,0.0,29,0.0,3.3,186,0.3449439287832565,3.281922254715301
2018-06-12 04:00:00,26.2,91,24.6,0.0,64,0.0,1.8,217,1.0832670416736871,1.437543918085127
2018-06-12 05:00:00,26.1,92,24.7,0.0,62,0.0,1.1,360,2.694222958124177e-16,-1.1
2018-06-12 06:00:00,25.6,94,24.6,0.0,61,9.0,0.5,45,-0.3535533905932738,-0.3535533905932738
2018-06-12 07:00:00,26.5,91,24.8,0.2,100,85.0,2.2,360,5.388445916248355e-16,-2.2
2018-06-12 08:00:00,27.3,86,24.7,0.0,89,233.0,1.6,63,-1.4256104387013886,-0.726384799583275
2018-06-12 09:00:00,27.9,84,24.9,0.0,56,362.0,0.5,225,0.3535533905932737,0.3535533905932738
2018-06-12 10:00:00,28.7,81,25.1,0.0,41,501.0,1.5,225,1.0606601717798212,1.0606601717798214
2018-06-12 11:00:00,29.6,78,25.3,0.0,42,661.0,3.3,221,2.1649947956686733,2.490541614735148
2018-06-12 12:00:00,30.3,75,25.4,0.0,47,786.0,5.7,235,4.669166652447252,3.2693856872009643
2018-06-12 13:00:00,30.8,71,25.0,0.1,44,722.0,8.5,242,7.505054539300879,3.990508283680072
2018-06-12 14:00:00,30.8,71,24.9,0.0,43,598.0,9.8,253,9.371786608437748,2.865242706282824
2018-06-12 15:00:00,30.4,73,25.0,0.1,59,529.0,8.7,265,8.666893873398186,0.7582549619046267
2018-06-12 16:00:00,30.0,73,24.7,0.2,87,391.0,5.8,277,5.756767679519667,-0.7068421917498565
2018-06-12 17:00:00,29.2,76,24.5,0.2,100,212.0,3.1,291,2.8940993221413254,-1.1109406435904312
2018-06-12 18:00:00,28.3,78,24.0,0.5,100,76.0,2.2,279,2.1729143493093037,-0.3441558230885075
2018-06-12 19:00:00,27.7,81,24.1,0.5,63,7.0,0.8,63,-0.7128052193506943,-0.3631923997916375
2018-06-12 20:00:00,27.1,87,24.7,0.4,54,0.0,3.1,54,-2.5079526825623373,-1.8221342821066668
2018-06-12 21:00:00,26.8,87,24.5,0.2,36,0.0,3.7,29,-1.7937955949114472,-3.2360929164157644
2018-06-12 22:00:00,26.2,92,24.7,0.0,31,0.0,6.8,3,-0.3558845024520181,-6.790680836331102
2018-06-12 23:00:00,26.0,91,24.4,0.0,35,0.0,6.9,354,0.7212463965468086,-6.862201078041086
2018-06-13 00:00:00,25.8,91,24.3,0.0,67,0.0,7.4,346,1.7902220274375422,-7.180188374442374
2018-06-13 01:00:00,25.9,90,24.2,0.0,64,0.0,6.6,351,1.0324674692655251,-6.5187430479279085
2018-06-13 02:00:00,25.7,91,24.1,0.0,55,0.0,6.2,350,1.0766187015349684,-6.10580806867569
2018-06-13 03:00:00,26.1,87,23.8,0.0,56,0.0,6.1,360,1.4940690949597709e-15,-6.1
2018-06-13 04:00:00,26.1,87,23.7,0.0,52,0.0,6.5,6,-0.6794350112397476,-6.4643923198937765
2018-06-13 05:00:00,26.1,86,23.6,0.0,60,0.0,8.4,350,1.4586446924022154,-8.272385125302547
2018-06-13 06:00:00,26.4,85,23.7,0.2,65,8.0,10.4,340,3.5570094905869536,-9.772803256173448
2018-06-13 07:00:00,27.0,84,24.0,0.2,85,49.0,12.0,353,1.4624321208617668,-11.910553819695863
2018-06-13 08:00:00,27.7,79,23.8,0.3,88,144.0,14.5,354,1.5156627173809745,-14.420567482839962
2018-06-13 09:00:00,27.5,77,23.2,1.1,90,240.0,13.3,2,-0.4641633061432629,-13.291897999353974
2018-06-13 10:00:00,27.8,75,22.9,1.5,90,245.0,13.7,358,0.4781231048242612,-13.691654330161612
2018-06-13 11:00:00,28.3,71,22.4,1.3,87,220.0,14.2,351,2.221369403571281,-14.025174436450952
2018-06-13 12:00:00,28.4,72,22.8,1.8,89,171.0,15.4,344,4.244815279581784,-14.80343011745011
2018-06-13 13:00:00,28.6,72,23.2,0.3,92,222.0,15.5,347,3.4867413423299127,-15.102736004171144
2018-06-13 14:00:00,28.9,70,22.9,0.5,88,240.0,14.1,354,1.473851332073913,-14.022758724692652
2018-06-13 15:00:00,29.6,65,22.2,0.0,87,161.0,12.3,357,0.6437322617882157,-12.283143277481258
2018-06-13 16:00:00,29.5,66,22.4,0.0,89,126.0,7.8,347,1.7546182238821495,-7.600086505324834
2018-06-13 17:00:00,29.2,67,22.5,0.0,95,82.0,4.3,318,2.87726160734309,-3.195522749552795
2018-06-13 18:00:00,28.8,70,22.9,0.0,98,28.0,2.6,254,2.499280409439629,0.7166571251241971
2018-06-13 19:00:00,28.0,81,24.3,0.0,100,4.0,3.3,193,0.7423384793347544,3.2154212137912763
2018-06-13 20:00:00,27.1,85,24.3,0.0,100,0.0,2.5,172,-0.3479327524001633,2.475670171853926
2018-06-13 21:00:00,26.6,85,23.8,0.0,95,0.0,4.2,160,-1.4364846019678092,3.9467090073008153
2018-06-13 22:00:00,26.7,83,23.5,0.0,83,0.0,7.1,156,-2.887830165838183,6.486172749262465
2018-06-13 23:00:00,26.5,82,23.2,0.0,57,0.0,11.2,174,-1.1707187885977215,11.13864522812466
2018-06-14 00:00:00,26.2,83,23.0,0.0,59,0.0,14.1,184,0.9835662797921664,14.06565310866352
2018-06-14 01:00:00,25.7,86,23.1,0.1,68,0.0,15.1,180,-1.8492166667125037e-15,15.1
2018-06-14 02:00:00,25.6,88,23.4,0.5,83,0.0,11.2,165,-2.8987733051482354,10.818369254437563
2018-06-14 03:00:00,25.6,92,24.2,1.4,98,0.0,6.7,164,-1.8467702839738949,6.440453362786736
2018-06-14 04:00:00,25.5,93,24.3,1.7,100,0.0,1.0,135,-0.7071067811865476,0.7071067811865475
2018-06-14 05:00:00,25.7,92,24.3,0.9,100,0.0,3.8,73,-3.633958072659535,-1.1110124779463997
2018-06-14 06:00:00,26.0,90,24.2,0.8,100,0.0,6.0,115,-5.4378467222199,2.535709570444196
2018-06-14 07:00:00,26.1,88,24.0,0.9,96,3.0,7.7,143,-4.633975678270771,6.149493427364156
2018-06-14 08:00:00,26.3,88,24.1,0.9,100,3.0,8.9,153,-4.040515447681967,7.929958065276474
2018-06-14 09:00:00,26.5,89,24.4,0.8,100,1.0,9.5,127,-7.587037345449281,5.717242719944459
2018-06-14 10:00:00,26.9,88,24.7,0.4,100,3.0,9.2,116,-8.268905225952334,4.033014550459513
2018-06-14 11:00:00,27.5,86,24.9,0.2,100,89.0,8.6,112,-7.973781149274371,3.2216167033768435
2018-06-14 12:00:00,28.4,81,24.8,0.3,100,185.0,7.6,87,-7.589584464134761,-0.3977532674463741
2018-06-14 13:00:00,28.6,80,24.9,0.5,100,62.0,9.5,81,-9.38303923565381,-1.4861274178821935
2018-06-14 14:00:00,28.0,86,25.4,2.3,100,46.0,8.8,78,-8.60769888645749,-1.8296228791962836
2018-06-14 15:00:00,28.1,83,25.0,1.6,100,133.0,8.9,76,-8.635631963856369,-2.1531048708370424
2018-06-14 16:00:00,27.6,87,25.3,2.6,100,19.0,8.8,78,-8.60769888645749,-1.8296228791962836
2018-06-14 17:00:00,27.1,89,25.1,3.0,100,11.0,9.8,82,-9.70462707366739,-1.3638963894086416
2018-06-14 18:00:00,26.7,91,25.1,2.4,100,0.0,13.7,85,-13.647867363856914,-1.1940336756429164
2018-06-14 19:00:00,26.6,91,25.0,1.3,100,0.0,10.2,72,-9.700776466210565,-3.151973342624464
2018-06-14 20:00:00,26.7,89,24.8,0.7,100,0.0,10.2,45,-7.212489168102785,-7.212489168102785
2018-06-14 21:00:00,26.7,90,24.8,0.5,100,0.0,10.6,28,-4.976398565530443,-9.359244484304623
2018-06-14 22:00:00,26.7,89,24.8,0.4,100,0.0,11.3,31,-5.8199302464836125,-9.68599049793387
2018-06-14 23:00:00,26.5,91,24.9,0.4,100,0.0,10.5,41,-6.888619804400326,-7.924450592339106
2018-06-15 00:00:00,26.2,92,24.8,0.6,100,0.0,8.0,54,-6.47213595499958,-4.702282018339785
2018-06-15 01:00:00,26.1,92,24.7,0.9,100,0.0,6.4,38,-3.940233442084213,-5.043268823083021
2018-06-15 02:00:00,26.0,91,24.4,2.0,100,0.0,5.4,42,-3.613305274337834,-4.012982057577929
2018-06-15 03:00:00,25.9,94,24.9,7.2,100,0.0,3.1,36,-1.8221342821066668,-2.5079526825623373
2018-06-15 04:00:00,25.9,94,24.9,10.0,100,0.0,4.0,350,0.6945927106677215,-3.939231012048832
2018-06-15 05:00:00,26.1,93,24.8,14.2,100,0.0,8.0,355,0.6972459419812665,-7.969557584733964
2018-06-15 06:00:00,26.0,93,24.9,18.8,100,0.0,14.7,22,-5.506716923213906,-13.629602662131774
2018-06-15 07:00:00,26.1,93,24.9,22.0,100,0.0,17.1,15,-4.425805671253105,-16.51733162954307
2018-06-15 08:00:00,26.0,93,24.7,22.3,100,0.0,21.4,7,-2.608003948870156,-21.24048764512429
2018-06-15 09:00:00,25.9,92,24.5,19.9,100,0.0,23.1,4,-1.6113745434892943,-23.04372956100194
2018-06-15 10:00:00,26.3,91,24.6,11.2,86,39.0,23.9,5,-2.08302225166903,-23.80905328439272
2018-06-15 11:00:00,26.8,89,24.8,3.3,61,169.0,25.6,4,-1.7857657278496075,-25.537639686651502
2018-06-15 12:00:00,27.5,83,24.4,0.4,55,247.0,27.4,4,-1.9113273805890327,-27.333254977119186
2018-06-15 13:00:00,28.7,76,23.9,0.0,50,281.0,25.9,359,0.4520173267256442,-25.896055304550533
2018-06-15 14:00:00,29.0,73,23.6,0.0,53,310.0,24.9,355,2.170177994416692,-24.805247982484463
2018-06-15 15:00:00,29.3,72,23.7,0.0,56,219.0,25.0,353,3.0467335851286808,-24.81365379103305
2018-06-15 16:00:00,28.8,73,23.5,0.0,55,184.0,25.1,353,3.058920519469196,-24.912908406197182
2018-06-15 17:00:00,28.1,75,23.2,0.0,60,100.0,24.3,354,2.540041657403978,-24.16688205744904
2018-06-15 18:00:00,27.5,76,22.9,0.0,56,21.0,22.7,358,0.7922185751467686,-22.686171773333477
2018-06-15 19:00:00,27.0,76,22.5,0.0,44,0.0,20.2,359,0.3525386100331279,-20.196923442159104
2018-06-15 20:00:00,26.7,77,22.2,0.0,41,0.0,19.4,360,4.75162958069173e-15,-19.4
2018-06-15 21:00:00,26.4,77,22.1,0.0,40,0.0,19.4,1,-0.3385766848833001,-19.39704528603399
2018-06-15 22:00:00,26.1,78,22.0,0.0,39,0.0,19.5,3,-1.0205511467374049,-19.47327592771419
2018-06-15 23:00:00,25.9,79,22.0,0.0,34,0.0,17.3,4,-1.2067869957733677,-17.257858069494958
2018-06-16 00:00:00,25.6,81,22.1,0.0,34,0.0,15.9,3,-0.832141704262807,-15.878209602597725
2018-06-16 01:00:00,25.3,83,22.2,0.0,41,0.0,16.3,5,-1.4206386067868282,-16.237973578895453
2018-06-16 02:00:00,25.2,84,22.3,0.0,36,0.0,16.3,8,-2.2685215456490666,-16.141369520487597
2018-06-16 03:00:00,25.3,83,22.1,0.0,10,0.0,14.9,8,-2.073679204304975,-14.7549942242494
2018-06-16 04:00:00,25.2,82,22.0,0.0,9,0.0,13.4,8,-1.864919552864877,-13.269592121137045
2018-06-16 05:00:00,25.0,83,21.9,0.0,6,0.0,11.6,7,-1.4136843834997106,-11.513535359039334
2018-06-16 06:00:00,25.1,83,22.1,0.0,14,13.0,11.2,15,-2.8987733051482323,-10.818369254437563
2018-06-16 07:00:00,26.2,80,22.5,0.0,45,123.0,10.0,13,-2.24951054343865,-9.743700647852352
2018-06-16 08:00:00,27.5,74,22.5,0.0,67,291.0,10.2,8,-1.419565629792667,-10.100734301164016
2018-06-16 09:00:00,28.3,73,23.0,0.0,53,382.0,9.4,2,-0.3280552690035091,-9.3942737739795
2018-06-16 10:00:00,28.9,72,23.4,0.0,56,440.0,7.6,355,0.6623836448822031,-7.571079705497266
2018-06-16 11:00:00,29.5,70,23.6,0.3,70,621.0,5.4,20,-1.8469087739586112,-5.074340152243906
2018-06-16 12:00:00,29.5,72,24.0,0.2,92,462.0,0.8,333,0.3631923997916376,-0.7128052193506943
2018-06-16 13:00:00,29.0,75,24.2,1.2,100,403.0,2.3,321,1.447436899414627,-1.7874357113510322
2018-06-16 14:00:00,28.7,78,24.5,2.7,100,268.0,0.4,90,-0.4,-2.4492935982947065e-17
2018-06-16 15:00:00,28.3,80,24.6,1.6,100,56.0,3.1,159,-1.1109406435904308,2.8940993221413254
2018-06-16 16:00:00,27.6,86,25.0,0.8,100,81.0,4.0,170,-0.6945927106677211,3.939231012048832
2018-06-16 17:00:00,27.3,89,25.3,1.7,88,18.0,4.9,163,-1.4326213531414094,4.685893304218874
2018-06-16 18:00:00,27.2,90,25.4,1.1,100,22.0,1.8,143,-1.0832670416736867,1.4375439180851273
2018-06-16 19:00:00,26.9,91,25.3,0.8,100,0.0,3.1,126,-2.5079526825623373,1.8221342821066664
2018-06-16 20:00:00,26.6,92,25.3,0.4,94,0.0,4.4,125,-3.604268994871564,2.5237363199446032
2018-06-16 21:00:00,26.7,91,25.1,0.0,78,0.0,4.9,126,-3.9641832724372423,2.880147736233118
2018-06-16 22:00:00,26.7,90,25.0,0.0,56,0.0,3.3,174,-0.3449439287832573,3.281922254715301
2018-06-16 23:00:00,26.6,90,24.8,0.0,54,0.0,1.8,233,1.437543918085127,1.083267041673687
2018-06-17 00:00:00,26.5,89,24.6,0.0,52,0.0,2.2,270,2.2,4.0413344371862655e-16
2018-06-17 01:00:00,26.4,90,24.6,0.0,59,0.0,3.5,246,3.1974091017491038,1.4235782507653003
2018-06-17 02:00:00,26.4,89,24.4,0.0,85,0.0,4.3,204,1.7489675652259409,3.928245467863184
2018-06-17 03:00:00,26.2,89,24.3,0.0,49,0.0,4.9,163,-1.4326213531414094,4.685893304218874
2018-06-17 04:00:00,26.1,89,24.1,0.0,46,0.0,5.9,142,-3.6324027044213847,4.64926344627966
2018-06-17 05:00:00,26.1,88,24.0,0.0,41,0.0,6.1,152,-2.863776532993933,5.385980316439454
2018-06-17 06:00:00,26.2,89,24.2,0.2,75,6.0,5.8,180,-7.10295143505465e-16,5.8
2018-06-17 07:00:00,26.5,89,24.5,0.4,87,45.0,9.0,180,-1.102182119232618e-15,9.0
2018-06-17 08:00:00,26.7,87,24.4,0.9,86,78.0,12.0,173,-1.4624321208617703,11.910553819695863
2018-06-17 09:00:00,26.4,90,24.6,1.6,88,36.0,12.1,168,-2.515731458894888,11.835585968879048
2018-06-17 10:00:00,26.5,90,24.7,2.3,92,58.0,13.7,166,-3.314329969715448,13.293051449981151
2018-06-17 11:00:00,26.5,91,24.8,2.3,100,1.0,13.3,167,-2.991849022773408,12.959121861643627
2018-06-17 12:00:00,26.6,92,25.2,1.9,100,21.0,14.1,167,-3.1718098662484997,13.738617913471815
2018-06-17 13:00:00,26.6,91,24.9,1.9,100,21.0,14.7,163,-4.297864059424228,14.057679912656624
2018-06-17 14:00:00,26.5,92,25.2,1.9,100,16.0,15.3,165,-3.959931390068572,14.778665142222744
2018-06-17 15:00:00,26.2,91,24.6,7.8,89,0.0,15.6,161,-5.078863209531643,14.750089779349343
2018-06-17 16:00:00,25.9,92,24.5,8.0,100,0.0,16.6,158,-6.218469450704144,15.39125198580867
2018-06-17 17:00:00,25.9,92,24.5,8.6,100,0.0,17.9,161,-5.827669964783103,16.92478250322777
2018-06-17 18:00:00,25.9,93,24.8,9.2,100,0.0,17.7,167,-3.9816336618864137,17.24635014669866
2018-06-17 19:00:00,25.5,94,24.5,9.6,100,0.0,17.0,167,-3.824167923845709,16.564291101348996
2018-06-17 20:00:00,25.6,93,24.4,8.7,100,0.0,17.4,156,-7.077217589518927,15.895690962981252
2018-06-17 21:00:00,25.7,93,24.5,4.5,95,0.0,16.3,149,-8.395120621033886,13.97182700144443
2018-06-17 22:00:00,25.7,93,24.4,3.0,87,0.0,15.7,148,-8.319732448461316,13.314355109655889
2018-06-17 23:00:00,25.8,91,24.3,3.3,100,0.0,15.8,150,-7.899999999999999,13.683201379794133
2018-06-18 00:00:00,25.7,92,24.3,3.7,100,0.0,16.6,150,-8.299999999999999,14.376021702821683
2018-06-18 01:00:00,25.7,92,24.3,3.7,100,0.0,19.2,152,-9.0138540054891,16.952593782891398
2018-06-18 02:00:00,25.5,93,24.3,4.4,100,0.0,24.6,168,-5.11462759411688,24.062430978051623
2018-06-18 03:00:00,25.7,92,24.4,0.8,100,0.0,26.4,175,-2.300911608538176,26.29954002962208
2018-06-18 04:00:00,25.8,91,24.3,0.8,100,0.0,26.9,172,-3.743756415825757,26.638211049148243
2018-06-18 05:00:00,25.6,92,24.3,1.6,100,0.0,27.5,169,-5.247247372854987,26.99474754481076
2018-06-18 06:00:00,25.7,92,24.2,2.3,95,0.0,24.4,158,-9.140400879348258,22.62328605142961
2018-06-18 07:00:00,25.7,92,24.2,3.4,82,0.0,26.4,163,-7.718613004680246,25.24644555742414
2018-06-18 08:00:00,25.8,91,24.2,3.7,85,0.0,25.4,162,-7.849031657123666,24.156835513896898
2018-06-18 09:00:00,26.1,90,24.3,3.0,46,0.0,25.7,165,-6.65164945913479,24.82429373562905
2018-06-18 10:00:00,26.2,91,24.6,2.2,100,3.0,26.6,167,-5.983698045546815,25.91824372328725
2018-06-18 11:00:00,26.3,91,24.7,2.2,100,1.0,29.9,171,-4.677390504702906,29.531881383794616
2018-06-18 12:00:00,26.6,93,25.3,1.8,100,9.0,28.7,172,-3.994267997553875,28.420693572883067
2018-06-18 13:00:00,26.8,92,25.4,1.5,100,2.0,23.9,162,-7.385506165561245,22.730250739454167
2018-06-18 14:00:00,26.7,91,25.2,1.5,99,2.0,24.5,166,-5.927086442191859,23.772245293761912
2018-06-18 15:00:00,26.8,90,25.0,1.6,85,20.0,24.9,169,-4.751143984875969,24.44251686784683
2018-06-18 16:00:00,27.1,90,25.3,0.7,100,30.0,24.5,176,-1.7090336067310754,24.44031923136569
2018-06-18 17:00:00,26.6,91,25.1,5.1,100,4.0,24.9,178,-0.8689974678922784,24.884831592775484
2018-06-18 18:00:00,26.2,93,25.0,3.6,100,2.0,23.8,179,-0.4153672732073458,23.796375144722116
2018-06-18 19:00:00,25.9,93,24.7,2.2,100,1.0,23.3,171,-3.644923035437382,23.013138335866707
2018-06-18 20:00:00,26.0,92,24.5,2.8,100,0.0,22.8,168,-4.740386550644913,22.30176529673077
2018-06-18 21:00:00,26.0,92,24.6,5.8,100,0.0,21.3,168,-4.428519014418273,20.834543895630063
2018-06-18 22:00:00,26.1,92,24.7,3.0,100,0.0,23.0,166,-5.564203598792358,22.31680170434792
2018-06-18 23:00:00,26.0,93,24.7,1.8,100,0.0,22.3,166,-5.39485827187259,21.63759469595472
2018-06-19 00:00:00,26.0,91,24.4,1.9,100,0.0,24.3,172,-3.381906353329588,24.06351407042016
2018-06-19 01:00:00,25.7,93,24.4,1.9,100,0.0,23.9,175,-2.0830222516690307,23.80905328439272
2018-06-19 02:00:00,25.5,93,24.3,2.9,100,0.0,23.8,176,-1.6602040751101876,23.74202439618381
2018-06-19 03:00:00,25.6,93,24.4,3.1,100,0.0,21.5,170,-3.7334358198390007,21.17336668976247
2018-06-19 04:00:00,26.1,91,24.5,5.6,100,0.0,21.7,174,-2.268267652908086,21.58112512949153
2018-06-19 05:00:00,26.0,92,24.6,5.2,100,0.0,19.4,179,-0.3385766848832987,19.39704528603399
2018-06-19 06:00:00,25.8,95,24.9,3.3,100,0.0,17.1,187,2.08396577222802,16.97253919306661
2018-06-19 07:00:00,26.0,92,24.6,1.4,100,0.0,17.0,184,1.1858600536501296,16.958588854417012
2018-06-19 08:00:00,26.1,92,24.7,2.1,100,1.0,19.2,188,2.672123538433258,19.01314691983815
2018-06-19 09:00:00,26.3,92,24.9,3.4,100,19.0,17.5,194,4.233633172994181,16.980175209829937
2018-06-19 10:00:00,26.5,92,25.1,6.0,100,15.0,19.3,204,7.850017211362944,17.6314273325022
2018-06-19 11:00:00,26.7,92,25.4,6.1,100,84.0,19.8,209,9.599230480877472,17.317470201360038
2018-06-19 12:00:00,26.6,92,25.2,9.5,100,7.0,19.8,209,9.599230480877472,17.317470201360038
2018-06-19 13:00:00,26.4,94,25.4,7.5,100,4.0,18.7,205,7.902961494551076,16.947955617585354
2018-06-19 14:00:00,26.3,94,25.2,7.7,100,0.0,18.2,207,8.262627095259749,16.216318740228296
2018-06-19 15:00:00,26.1,94,25.0,4.4,100,1.0,18.9,204,7.687322554132623,17.266009149445154
2018-06-19 16:00:00,25.9,94,24.9,4.2,100,3.0,16.3,194,3.943326898274581,15.815820338298742
2018-06-19 17:00:00,25.9,94,24.9,3.6,100,1.0,15.2,184,1.0602984009107042,15.162973563949327
2018-06-19 18:00:00,26.1,93,24.8,3.4,100,0.0,7.2,183,0.3768188849491937,7.190132650232932
2018-06-19 19:00:00,26.1,92,24.6,3.1,100,0.0,10.5,172,-1.461317560080686,10.397814721786489
2018-06-19 20:00:00,25.8,92,24.5,2.2,100,0.0,13.3,161,-4.330056454280183,12.575397055470916
2018-06-19 21:00:00,25.8,91,24.3,1.5,100,0.0,13.9,163,-4.063966695646039,13.292636107886194
2018-06-19 22:00:00,25.7,91,24.1,1.7,100,0.0,14.2,164,-3.914050452601389,13.649916082324127
2018-06-19 23:00:00,25.4,93,24.1,1.7,100,0.0,15.3,165,-3.959931390068572,14.778665142222744
2018-06-20 00:00:00,25.1,93,24.0,2.3,100,0.0,16.9,169,-3.2246720218636096,16.58949940026552
2018-06-20 01:00:00,25.3,93,24.0,2.5,100,0.0,15.7,169,-2.995701227411756,15.411546780128324
2018-06-20 02:00:00,25.2,93,23.9,2.3,100,0.0,14.2,164,-3.914050452601389,13.649916082324127
2018-06-20 03:00:00,25.0,93,23.7,2.4,100,0.0,14.1,161,-4.5905109778459074,13.331811915950368
2018-06-20 04:00:00,25.2,91,23.5,3.1,100,0.0,13.8,165,-3.57170282241479,13.32977640278914
2018-06-20 05:00:00,25.4,90,23.6,3.6,100,0.0,14.5,161,-4.720738239628771,13.710019346190094
2018-06-20 06:00:00,25.3,91,23.7,3.8,100,0.0,15.4,169,-2.9384585287987925,15.117058625094026
2018-06-20 07:00:00,25.3,92,23.8,3.2,100,0.0,14.8,177,-0.7745721523955684,14.779717114367694
2018-06-20 08:00:00,25.1,92,23.8,2.9,100,0.0,14.9,173,-1.8158532167366983,14.788937659455698
2018-06-20 09:00:00,25.3,91,23.8,2.8,100,5.0,14.6,160,-4.993494092554766,13.71951226347426
2018-06-20 10:00:00,25.6,90,23.9,3.0,100,1.0,14.3,155,-6.043441142892003,12.960201354624097
2018-06-20 11:00:00,25.8,90,24.0,3.0,100,32.0,15.0,163,-4.385575570841049,14.344571339445531
2018-06-20 12:00:00,25.9,91,24.2,3.1,100,39.0,13.6,168,-2.8275989951215266,13.302807369979757
2018-06-20 13:00:00,26.1,90,24.3,2.9,100,5.0,15.5,167,-3.4867413423299105,15.102736004171144
2018-06-20 14:00:00,25.7,91,24.1,2.7,100,0.0,15.8,159,-5.662213602815744,14.750570738655789
2018-06-20 15:00:00,25.8,92,24.4,1.9,100,4.0,15.6,154,-6.838589889909605,14.021187122267005
2018-06-20 16:00:00,26.0,90,24.1,1.2,100,0.0,14.8,157,-5.782820701641252,13.623471831096118
2018-06-20 17:00:00,26.0,89,24.0,0.5,100,3.0,13.2,158,-4.944807033090041,12.238826880281591
2018-06-20 18:00:00,26.0,88,23.9,0.3,100,0.0,10.8,154,-4.734408385322035,9.706975700031006
2018-06-20 19:00:00,25.9,87,23.7,0.2,67,0.0,9.0,157,-3.516580156403464,8.284543681071963
2018-06-20 20:00:00,26.0,86,23.4,0.1,64,0.0,9.8,156,-3.9860191021428446,8.952745484897488
2018-06-20 21:00:00,26.1,86,23.6,0.0,73,0.0,12.2,166,-2.951447126315946,11.837607860567156
2018-06-20 22:00:00,26.0,88,23.9,0.0,57,0.0,13.0,174,-1.3588700224794985,12.928784639787551
2018-06-20 23:00:00,26.0,90,24.2,0.1,68,0.0,13.4,172,-1.8649195528648757,13.269592121137045
2018-06-21 00:00:00,25.7,93,24.5,1.0,84,0.0,11.5,166,-2.782101799396179,11.15840085217396
2018-06-21 01:00:00,25.5,93,24.3,1.3,100,0.0,9.6,160,-3.2833933759264213,9.02104915954472
2018-06-21 02:00:00,25.4,92,24.0,0.3,100,0.0,9.0,164,-2.480736202352993,8.65135526344487
2018-06-21 03:00:00,25.3,91,23.8,2.2,59,0.0,9.5,155,-4.014873486536645,8.609923976848174
2018-06-21 04:00:00,25.2,91,23.7,0.6,67,0.0,11.3,149,-5.819930246483615,9.685990497933869
2018-06-21 05:00:00,25.2,90,23.4,0.0,71,0.0,11.4,152,-5.351975815759154,10.065602558591769
2018-06-21 06:00:00,25.5,89,23.5,0.0,62,2.0,8.9,153,-4.040515447681967,7.929958065276474
2018-06-21 07:00:00,26.5,87,24.2,0.0,59,65.0,10.9,163,-3.186851581477829,10.423721839997087
2018-06-21 08:00:00,27.7,83,24.5,0.1,67,184.0,10.6,170,-1.8406706832694608,10.438962181929403
2018-06-21 09:00:00,28.2,81,24.6,0.3,100,287.0,11.3,171,-1.7677094549546102,11.160878248725057
2018-06-21 10:00:00,28.8,78,24.6,0.2,56,407.0,12.6,167,-2.8343832847327013,12.277062816293965
2018-06-21 11:00:00,28.9,80,25.0,0.8,88,318.0,12.7,187,1.5477406612453708,12.60533612584479
2018-06-21 12:00:00,28.6,82,25.3,3.8,100,249.0,12.8,196,3.5281581544575875,12.304149708010485
2018-06-21 13:00:00,27.9,84,25.0,11.7,100,154.0,12.7,195,3.287001872802014,12.267257993871167
2018-06-21 14:00:00,27.4,86,24.9,8.7,100,37.0,11.6,187,1.4136843834997088,11.513535359039336
2018-06-21 15:00:00,27.3,85,24.7,2.2,100,33.0,9.4,178,-0.3280552690035107,9.3942737739795
2018-06-21 16:00:00,27.5,85,24.7,0.8,100,26.0,10.3,168,-2.141490415422921,10.0749202875582
2018-06-21 17:00:00,27.2,87,24.9,0.6,74,3.0,10.1,153,-4.585304047369423,8.999165894302514
2018-06-21 18:00:00,27.0,88,24.8,0.1,53,1.0,6.1,177,-0.3192493330819572,6.0916401620029
2018-06-21 19:00:00,26.8,88,24.6,0.0,31,1.0,6.9,189,1.0793978087775922,6.815049550106451
2018-06-21 20:00:00,26.6,89,24.6,0.0,31,0.0,7.3,171,-1.1419715947936862,7.210124886344505
2018-06-21 21:00:00,26.3,91,24.7,0.0,34,0.0,8.0,162,-2.47213595499958,7.608452130361228
2018-06-21 22:00:00,25.9,93,24.7,0.0,38,0.0,7.9,183,0.4134540543192542,7.889173324561134
2018-06-21 23:00:00,25.8,93,24.6,0.0,54,0.0,9.4,182,0.3280552690035084,9.3942737739795
2018-06-22 00:00:00,25.7,94,24.7,0.1,61,0.0,11.2,184,0.781272505934203,11.17271736291003
2018-06-22 01:00:00,25.7,93,24.5,0.5,58,0.0,11.7,171,-1.8302832409707024,11.55595358496311
2018-06-22 02:00:00,25.6,92,24.2,0.0,69,0.0,11.9,166,-2.8788705576360463,11.54651914268436
2018-06-22 03:00:00,25.7,91,24.2,0.0,100,0.0,11.2,165,-2.8987733051482354,10.818369254437563
2018-06-22 04:00:00,25.8,91,24.1,0.0,97,0.0,13.4,156,-5.450271017215726,12.241509132410853
2018-06-22 05:00:00,25.7,90,24.0,0.0,54,0.0,12.5,162,-3.862712429686844,11.88820645368942
2018-06-22 06:00:00,26.0,90,24.3,0.0,54,7.0,12.6,175,-1.0981623586204932,12.552053195955994
2018-06-22 07:00:00,26.8,89,24.9,0.0,61,73.0,14.1,184,0.9835662797921664,14.06565310866352
2018-06-22 08:00:00,28.0,84,25.0,0.0,51,228.0,14.9,187,1.815853216736695,14.7889376594557
2018-06-22 09:00:00,28.7,80,25.0,0.0,65,342.0,18.4,184,1.283519116891905,18.355178524780765
2018-06-22 10:00:00,29.1,81,25.5,0.2,56,428.0,18.2,194,4.4029784999139485,17.659382218223136
2018-06-22 11:00:00,28.9,80,25.1,1.3,47,385.0,18.0,196,4.961472404705982,17.30271052688974
2018-06-22 12:00:00,27.9,85,25.1,3.8,100,278.0,18.2,194,4.4029784999139485,17.659382218223136
2018-06-22 13:00:00,28.4,82,25.0,0.4,100,122.0,18.2,194,4.4029784999139485,17.659382218223136
2018-06-22 14:00:00,28.4,82,25.0,1.8,80,176.0,19.7,198,6.0876347891864615,18.73581337101453
2018-06-22 15:00:00,28.1,84,25.0,0.4,100,133.0,18.5,187,2.254582852995225,18.36210380536446
2018-06-22 16:00:00,27.9,84,25.0,1.0,99,98.0,16.6,182,0.579331645261515,16.58988772851699
2018-06-22 17:00:00,27.6,86,25.0,1.7,83,79.0,17.2,190,2.986748655871204,16.938693351809977
2018-06-22 18:00:00,26.9,87,24.6,1.3,72,22.0,10.9,186,1.139360249617423,10.84028865951418
2018-06-22 19:00:00,26.4,89,24.4,0.2,49,1.0,9.5,171,-1.4861274178821944,9.383039235653808
2018-06-22 20:00:00,26.3,89,24.3,0.0,70,0.0,10.2,170,-1.7712114122026887,10.04503908072452
2018-06-22 21:00:00,26.1,89,24.2,0.0,66,0.0,10.5,184,0.7324429743133154,10.474422527728152
2018-06-22 22:00:00,26.2,89,24.2,0.0,79,0.0,10.1,182,0.352484916695259,10.093847352892867
2018-06-22 23:00:00,25.9,90,24.2,0.3,69,0.0,10.8,176,-0.7533699164365557,10.773691742806102
2018-06-23 00:00:00,25.7,91,24.1,0.6,50,0.0,12.0,164,-3.30764826980399,11.535140351259829
2018-06-23 01:00:00,25.7,90,24.0,0.0,50,0.0,11.8,168,-2.45335795164956,11.542141688658909
2018-06-23 02:00:00,25.8,89,23.9,0.0,56,0.0,12.7,172,-1.7674983821928296,12.576404473017943
2018-06-23 03:00:00,26.0,87,23.7,0.0,50,0.0,14.2,171,-2.22136940357128,14.025174436450952
2018-06-23 04:00:00,25.9,87,23.6,0.0,41,0.0,14.4,179,-0.2513146526968815,14.397806810252035
2018-06-23 05:00:00,25.9,89,23.9,0.1,39,0.0,14.8,181,0.2582956152717978,14.79774588831459
2018-06-23 06:00:00,26.1,90,24.3,0.0,36,5.0,13.3,178,-0.4641633061432652,13.291897999353974
2018-06-23 07:00:00,26.8,88,24.6,0.0,42,38.0,13.7,178,-0.4781231048242656,13.691654330161612
2018-06-23 08:00:00,27.8,84,24.8,0.0,38,150.0,15.8,192,3.2850047149206003,15.45473209159413
2018-06-23 09:00:00,28.4,83,25.2,0.3,47,349.0,16.7,194,4.040095656514447,16.20393862880914
2018-06-23 10:00:00,28.7,83,25.5,0.2,61,269.0,15.6,195,4.037577103599324,15.068442890109464
2018-06-23 11:00:00,29.5,78,25.2,0.2,48,238.0,14.8,203,5.782820701641249,13.623471831096118
2018-06-23 12:00:00,29.7,77,25.1,0.3,69,396.0,14.8,214,8.276054971367051,12.269756073814618
2018-06-23 13:00:00,29.8,76,25.1,1.2,56,414.0,12.3,218,7.572636146505596,9.69253226936268
2018-06-23 14:00:00,29.2,79,25.1,0.6,76,239.0,9.6,214,5.368251873319168,7.9587606965284
2018-06-23 15:00:00,29.8,79,25.7,0.5,61,256.0,7.4,219,4.656970893768799,5.750880114781584
2018-06-23 16:00:00,29.5,78,25.3,0.6,49,64.0,6.1,225,4.313351365237939,4.31335136523794
2018-06-23 17:00:00,28.4,84,25.5,1.7,44,19.0,6.6,229,4.981083229470295,4.329989591337347
2018-06-23 18:00:00,28.0,86,25.5,0.2,49,12.0,2.6,286,2.499280409439629,-0.7166571251241984
2018-06-23 19:00:00,27.5,89,25.5,0.5,53,1.0,2.3,309,1.7874357113510326,-1.447436899414626
2018-06-23 20:00:00,27.1,90,25.3,0.1,47,0.0,3.6,127,-2.8750878361702537,2.1665340833473743
2018-06-23 21:00:00,26.9,90,25.0,0.0,33,0.0,7.0,168,-1.4553818357243151,6.84703320513664
2018-06-23 22:00:00,26.6,90,24.9,0.0,32,0.0,7.2,174,-0.7526049355271069,7.160557646651568
2018-06-23 23:00:00,26.5,91,24.8,0.0,32,0.0,9.0,175,-0.7844016847289237,8.96575228282571
2018-06-24 00:00:00,26.4,91,24.7,0.0,30,0.0,9.4,178,-0.3280552690035107,9.3942737739795
2018-06-24 01:00:00,26.3,91,24.8,0.0,31,0.0,10.1,178,-0.3524849166952615,10.093847352892867
2018-06-24 02:00:00,26.3,91,24.8,0.0,36,0.0,12.2,180,-1.4940690949597709e-15,12.2
2018-06-24 03:00:00,26.6,90,24.9,0.0,38,0.0,11.9,183,0.6227978792910285,11.88369146357943
2018-06-24 04:00:00,26.6,91,25.0,0.0,40,0.0,9.6,193,2.159530121701104,9.35395262193826
2018-06-24 05:00:00,26.6,91,25.0,0.0,45,0.0,8.7,187,1.0602632876247815,8.635151519279502
2018-06-24 06:00:00,26.6,90,24.9,0.0,43,4.0,7.4,166,-1.790222027437541,7.180188374442374
2018-06-24 07:00:00,27.3,88,25.0,0.0,47,38.0,8.9,159,-3.189474750953172,8.308865795825096
2018-06-24 08:00:00,27.9,84,24.9,0.0,54,115.0,9.8,174,-1.0243789400230068,9.746314574609078
2018-06-24 09:00:00,28.7,80,24.9,0.0,52,254.0,9.4,184,0.6557108531947776,9.377102072442348
2018-06-24 10:00:00,29.5,76,24.8,0.0,52,312.0,8.2,195,2.1223161698406705,7.92059177557036
2018-06-24 11:00:00,30.0,74,24.8,0.0,43,425.0,8.1,212,4.292346040288959,6.869189578867051
2018-06-24 12:00:00,30.3,73,24.9,0.0,62,441.0,9.9,226,7.121464023352647,6.877117867544073
2018-06-24 13:00:00,30.1,75,25.1,0.2,70,460.0,9.7,231,7.538315826132614,6.104407793183427
2018-06-24 14:00:00,29.7,76,25.0,0.7,53,199.0,8.4,223,5.7287862245249865,6.143371093601033
2018-06-24 15:00:00,29.5,77,25.1,0.5,83,103.0,9.7,225,6.85893577750951,6.858935777509512
2018-06-24 16:00:00,29.3,77,25.0,0.2,63,57.0,9.0,209,4.363286582217032,7.871577364254563
2018-06-24 17:00:00,29.0,79,25.0,0.0,50,49.0,8.8,199,2.86499975922298,8.320563465273988
2018-06-24 18:00:00,28.8,80,25.0,0.0,98,36.0,5.1,225,3.606244584051392,3.606244584051393
2018-06-24 19:00:00,28.3,82,25.0,0.0,95,1.0,3.1,201,1.1109406435904314,2.8940993221413254
2018-06-24 20:00:00,28.0,84,25.0,0.0,53,0.0,3.7,151,-1.7937955949114477,3.2360929164157644
2018-06-24 21:00:00,27.5,87,25.1,0.0,24,0.0,6.7,196,1.846770283973893,6.440453362786736
2018-06-24 22:00:00,27.2,88,25.1,0.0,33,0.0,7.1,210,3.5500000000000007,6.148780366869514
2018-06-24 23:00:00,26.9,90,25.1,0.0,62,0.0,7.9,204,3.2132194802988217,7.217009115376547
2018-06-25 00:00:00,26.7,91,25.0,0.0,51,0.0,7.2,180,-8.817456953860943e-16,7.2
2018-06-25 01:00:00,26.4,91,24.9,0.0,39,0.0,8.2,142,-5.048424097670399,6.461688179575119
2018-06-25 02:00:00,26.2,92,24.9,0.0,30,0.0,7.9,133,-5.777694242791448,5.387787044493737
2018-06-25 03:00:00,26.2,89,24.2,0.0,16,0.0,7.7,139,-5.051654523226906,5.811263767715345
2018-06-25 04:00:00,26.0,88,23.9,0.0,5,0.0,8.4,149,-4.326319829244457,7.200205325897743
2018-06-25 05:00:00,25.9,88,23.9,0.0,5,0.0,9.7,149,-4.995869326627527,8.314522816810488
2018-06-25 06:00:00,25.7,91,24.0,0.0,3,10.0,5.5,148,-2.914555953282627,4.664264528860342
2018-06-25 07:00:00,26.9,88,24.7,0.0,1,113.0,5.0,150,-2.5,4.330127018922194
2018-06-25 08:00:00,28.1,82,24.8,0.0,1,270.0,6.0,163,-1.7542302283364195,5.737828535778213
2018-06-25 09:00:00,29.1,77,24.7,0.0,0,482.0,7.2,186,0.7526049355271052,7.160557646651568
2018-06-25 10:00:00,29.9,73,24.6,0.0,1,647.0,9.2,201,3.296985135816764,8.588939923774255
2018-06-25 11:00:00,30.4,72,24.7,0.0,10,748.0,10.6,208,4.976398565530443,9.359244484304623
2018-06-25 12:00:00,30.6,72,24.9,0.0,19,678.0,9.8,204,3.9860191021428415,8.95274548489749
2018-06-25 13:00:00,30.4,72,24.8,0.1,43,633.0,10.6,204,4.311408416603482,9.683581851011567
2018-06-25 14:00:00,30.0,74,24.7,0.2,32,445.0,9.7,211,4.995869326627525,8.31452281681049
2018-06-25 15:00:00,30.2,73,24.8,0.0,49,375.0,10.1,197,2.952954217699641,9.658678035226655
2018-06-25 16:00:00,30.1,73,24.8,0.0,47,333.0,10.7,192,2.2246550917500265,10.46617932785172
2018-06-25 17:00:00,29.7,76,24.9,0.0,38,232.0,8.6,182,0.3001356716415077,8.594761112364223
2018-06-25 18:00:00,29.0,80,25.1,0.0,21,74.0,4.3,180,-5.265981236333618e-16,4.3
2018-06-25 19:00:00,28.4,83,25.2,0.0,27,7.0,4.7,148,-2.490620541896063,3.985826051935202
2018-06-25 20:00:00,27.8,86,25.2,0.0,28,0.0,5.6,130,-4.289848881466277,3.5996106142446203
2018-06-25 21:00:00,27.3,88,25.2,0.0,33,0.0,6.8,148,-3.603450996785793,5.766727053863696
2018-06-25 22:00:00,26.8,91,25.2,0.0,32,0.0,6.0,147,-3.267834210090164,5.032023407672543
2018-06-25 23:00:00,26.2,93,25.0,0.0,32,0.0,6.1,135,-4.31335136523794,4.313351365237939
2018-06-26 00:00:00,25.6,95,24.7,0.0,27,0.0,7.2,143,-4.333068166694747,5.750175672340509
2018-06-26 01:00:00,25.5,94,24.4,0.0,28,0.0,7.3,147,-3.975864955609699,6.122295146001594
2018-06-26 02:00:00,25.2,93,24.0,0.0,29,0.0,6.9,141,-4.342310698243878,5.3623071340531
2018-06-26 03:00:00,25.4,93,24.3,0.0,25,0.0,4.4,125,-3.604268994871564,2.5237363199446032
2018-06-26 04:00:00,25.4,93,24.2,0.0,22,0.0,3.5,114,-3.197409101749103,1.423578250765301
2018-06-26 05:00:00,25.3,92,24.0,0.0,19,0.0,1.9,112,-1.761649323676896,0.7117525274902329
2018-06-26 06:00:00,25.3,93,24.1,0.0,18,8.0,1.5,76,-1.4554435894139948,-0.3628828433995015
2018-06-26 07:00:00,27.0,88,24.8,0.0,12,94.0,3.5,66,-3.197409101749103,-1.4235782507653008
2018-06-26 08:00:00,28.1,85,25.3,0.0,10,244.0,4.4,35,-2.523736319944603,-3.604268994871564
2018-06-26 09:00:00,28.9,80,25.1,0.0,10,378.0,4.7,9,-0.7352419856890852,-4.642135200797148
2018-06-26 10:00:00,29.6,76,25.0,0.0,5,572.0,5.6,345,1.4493866525741157,-5.409184627218783
2018-06-26 11:00:00,30.1,74,25.0,0.0,12,702.0,7.7,323,4.633975678270772,-6.149493427364155
2018-06-26 12:00:00,30.3,73,24.9,0.0,15,688.0,7.5,325,4.3018232726328485,-6.143640332167437
2018-06-26 13:00:00,30.4,72,24.9,0.0,27,623.0,5.6,315,3.9597979746446663,-3.959797974644665
2018-06-26 14:00:00,30.0,73,24.7,0.0,32,530.0,4.3,318,2.87726160734309,-3.195522749552795
2018-06-26 15:00:00,29.9,74,24.7,0.0,33,285.0,6.0,327,3.267834210090162,-5.032023407672544
2018-06-26 16:00:00,30.1,72,24.6,0.0,35,390.0,8.9,339,3.189474750953177,-8.308865795825094
2018-06-26 17:00:00,29.5,75,24.6,0.0,29,135.0,7.8,338,2.921931428644116,-7.232034065620941
2018-06-26 18:00:00,28.9,77,24.5,0.0,14,92.0,7.6,352,1.0577155672965006,-7.526037322435934
2018-06-26 19:00:00,28.1,81,24.5,0.0,7,13.0,7.6,8,-1.0577155672964973,-7.5260373224359345
2018-06-26 20:00:00,27.3,88,25.1,0.0,6,0.0,5.9,14,-1.4273391840380396,-5.72474478502838
2018-06-26 21:00:00,26.6,91,25.0,0.0,5,0.0,3.8,49,-2.8678964048465336,-2.493024310163928
2018-06-26 22:00:00,26.1,93,24.8,0.0,2,0.0,3.8,107,-3.633958072659535,1.1110124779463992
2018-06-26 23:00:00,26.0,92,24.6,0.0,3,0.0,5.0,120,-4.330127018922194,2.499999999999999
2018-06-27 00:00:00,25.5,93,24.3,0.0,4,0.0,4.7,113,-4.326372811226469,1.836436303899587
2018-06-27 01:00:00,25.2,94,24.1,0.0,5,0.0,4.5,104,-4.366330768241984,1.088648530198505
2018-06-27 02:00:00,24.9,95,24.1,0.0,5,0.0,4.3,95,-4.283637201794505,0.3747696938149304
2018-06-27 03:00:00,25.7,90,24.0,0.0,4,0.0,2.9,90,-2.9,-1.7757378587636622e-16
2018-06-27 04:00:00,25.8,90,23.9,0.0,3,0.0,1.1,18,-0.3399186938124421,-1.0461621679246689
2018-06-27 05:00:00,25.3,93,24.0,0.0,9,0.0,2.5,360,6.123233995736766e-16,-2.5
2018-06-27 06:00:00,25.4,93,24.2,0.0,11,9.0,4.1,15,-1.061158084920335,-3.96029588778518
2018-06-27 07:00:00,26.5,89,24.5,0.0,10,68.0,5.1,45,-3.606244584051392,-3.606244584051392
2018-06-27 08:00:00,27.5,83,24.4,0.0,4,182.0,4.7,32,-2.490620541896063,-3.985826051935202
2018-06-27 09:00:00,28.2,78,24.1,0.0,7,291.0,5.5,11,-1.0494494745709964,-5.398949508962152
2018-06-27 10:00:00,28.9,75,24.0,0.0,6,537.0,5.4,4,-0.3766849582182766,-5.386845871403051
2018-06-27 11:00:00,29.3,73,24.0,0.0,14,520.0,7.0,339,2.508575646817105,-6.535062985480411
2018-06-27 12:00:00,29.6,72,24.1,0.0,17,508.0,8.0,342,2.4721359549995814,-7.608452130361228
2018-06-27 13:00:00,30.0,71,24.2,0.0,25,629.0,9.5,349,1.8126854560771744,-9.325458242752807
2018-06-27 14:00:00,30.3,71,24.4,0.0,28,716.0,5.8,353,0.7068421917498539,-5.756767679519668
2018-06-27 15:00:00,30.2,71,24.4,0.0,28,364.0,4.6,321,2.894873798829254,-3.5748714227020644
2018-06-27 16:00:00,29.9,72,24.4,0.0,27,269.0,4.4,279,4.345828698618607,-0.688311646177015
2018-06-27 17:00:00,29.5,74,24.4,0.0,19,191.0,2.3,252,2.1874299874788528,0.7107390870623793
2018-06-27 18:00:00,29.2,75,24.3,0.0,27,95.0,2.0,315,1.4142135623730954,-1.4142135623730947
2018-06-27 19:00:00,28.5,78,24.3,0.0,20,11.0,4.9,144,-2.880147736233119,3.9641832724372414
2018-06-27 20:00:00,27.5,83,24.4,0.0,17,0.0,7.0,159,-2.5085756468171017,6.535062985480412
2018-06-27 21:00:00,27.1,85,24.3,0.0,9,0.0,9.0,164,-2.480736202352993,8.65135526344487
2018-06-27 22:00:00,26.9,86,24.4,0.0,9,0.0,11.2,176,-0.7812725059342058,11.17271736291003
2018-06-27 23:00:00,26.7,88,24.5,0.0,13,0.0,11.5,180,-1.4083438190194562e-15,11.5
2018-06-28 00:00:00,26.6,89,24.6,0.0,5,0.0,10.8,182,0.3769145643870097,10.793420931806237
2018-06-28 01:00:00,26.5,90,24.6,0.0,9,0.0,9.4,178,-0.3280552690035107,9.3942737739795
2018-06-28 02:00:00,26.4,90,24.6,0.0,6,0.0,8.6,180,-1.0531962472667237e-15,8.6
2018-06-28 03:00:00,26.5,91,24.8,0.0,9,0.0,9.0,180,-1.102182119232618e-15,9.0
2018-06-28 04:00:00,26.4,91,24.8,0.0,4,0.0,8.3,180,-1.0164568432923032e-15,8.3
2018-06-28 05:00:00,26.3,92,24.8,0.0,8,0.0,9.1,173,-1.1090110249868426,9.032169979936029
2018-06-28 06:00:00,26.2,92,24.8,0.0,8,9.0,4.5,166,-1.0886485301985047,4.366330768241984
2018-06-28 07:00:00,27.0,88,24.7,0.0,8,90.0,5.0,150,-2.5,4.330127018922194
2018-06-28 08:00:00,27.7,84,24.7,0.0,8,231.0,6.4,153,-2.9055391983331003,5.702441754805554
2018-06-28 09:00:00,28.5,79,24.6,0.0,12,377.0,7.7,169,-1.4692292643993965,7.558529312547013
2018-06-28 10:00:00,29.3,75,24.5,0.0,22,470.0,10.0,193,2.249510543438649,9.743700647852352
2018-06-28 11:00:00,29.8,73,24.6,0.3,38,640.0,12.1,207,5.493285046848515,10.78117894267925
2018-06-28 12:00:00,29.7,76,25.1,0.3,54,594.0,13.0,214,7.269507745119707,10.777488443215542
2018-06-28 13:00:00,29.8,76,25.2,0.2,65,505.0,14.2,216,8.346550582553117,11.488041320124251
2018-06-28 14:00:00,29.6,78,25.3,0.3,56,451.0,12.0,201,4.300415394543605,11.20296511796642
2018-06-28 15:00:00,29.4,79,25.3,0.0,100,354.0,9.5,171,-1.4861274178821944,9.383039235653808
2018-06-28 16:00:00,28.2,80,24.4,1.9,75,170.0,9.6,193,2.159530121701104,9.35395262193826
2018-06-28 17:00:00,28.2,81,24.7,0.1,29,84.0,10.2,198,3.151973342624462,9.700776466210566
2018-06-28 18:00:00,27.9,82,24.6,0.1,50,48.0,6.6,189,1.032467469265523,6.518743047927909
2018-06-28 19:00:00,27.5,86,24.9,0.1,50,5.0,5.4,172,-0.7515347451843528,5.34744757120448
2018-06-28 20:00:00,26.9,89,24.9,0.1,43,0.0,7.8,167,-1.7546182238821486,7.600086505324834
2018-06-28 21:00:00,26.8,89,24.9,0.0,24,0.0,9.0,157,-3.516580156403464,8.284543681071963
2018-06-28 22:00:00,26.7,89,24.7,0.0,4,0.0,9.9,147,-5.39192644664877,8.302838622659698
2018-06-28 23:00:00,26.5,89,24.5,0.0,5,0.0,8.9,148,-4.716281451675524,7.547628055792192
2018-06-29 00:00:00,26.3,89,24.3,0.0,4,0.0,10.1,163,-2.95295421769964,9.65867803522666
2018-06-29 01:00:00,26.1,89,24.2,0.0,2,0.0,11.7,171,-1.8302832409707024,11.55595358496311
2018-06-29 02:00:00,25.9,90,24.1,0.0,4,0.0,11.6,173,-1.4136843834997117,11.513535359039334
2018-06-29 03:00:00,26.1,88,24.0,0.0,5,0.0,10.4,166,-2.5159877142365445,10.091075553270365
2018-06-29 04:00:00,25.8,89,23.9,0.0,8,0.0,8.7,156,-3.5386087947594635,7.947845481490626
2018-06-29 05:00:00,25.6,90,23.7,0.0,30,0.0,8.4,160,-2.8729692039356185,7.893418014601631
2018-06-29 06:00:00,25.6,89,23.7,0.0,25,5.0,8.7,156,-3.5386087947594635,7.947845481490626
2018-06-29 07:00:00,26.5,87,24.1,0.0,16,73.0,8.0,170,-1.3891854213354422,7.878462024097664
2018-06-29 08:00:00,27.5,82,24.2,0.0,45,157.0,9.0,180,-1.102182119232618e-15,9.0
2018-06-29 09:00:00,28.0,82,24.7,0.2,41,273.0,8.1,193,1.8221035401853063,7.892397524760405
2018-06-29 10:00:00,28.9,78,24.6,0.4,86,521.0,7.7,229,5.811263767715345,5.051654523226906
2018-06-29 11:00:00,29.2,77,24.9,0.1,36,445.0,9.2,219,5.789747597658506,7.1497428454041305
2018-06-29 12:00:00,29.3,79,25.2,0.2,22,450.0,11.3,202,4.233054505599806,10.4771775566047
2018-06-29 13:00:00,29.0,82,25.6,0.4,82,512.0,10.5,202,3.933369230867076,9.735430472951268
2018-06-29 14:00:00,28.9,84,25.8,1.0,69,414.0,9.5,209,4.605691392340201,8.30888721782426
2018-06-29 15:00:00,29.0,86,26.4,1.8,90,293.0,10.5,218,6.464445490919411,8.274112912870581
2018-06-29 16:00:00,28.7,86,26.0,2.0,92,172.0,8.2,218,5.048424097670397,6.46168817957512
2018-06-29 17:00:00,28.2,87,25.7,1.0,80,97.0,8.1,193,1.8221035401853063,7.892397524760405
2018-06-29 18:00:00,27.6,87,25.2,0.3,40,27.0,4.8,207,2.179154398749824,4.276831316104166
2018-06-29 19:00:00,27.3,87,25.0,0.0,28,4.0,5.4,172,-0.7515347451843528,5.34744757120448
2018-06-29 20:00:00,26.9,89,24.8,0.0,21,0.0,6.7,164,-1.8467702839738949,6.440453362786736
2018-06-29 21:00:00,26.7,89,24.7,0.0,13,0.0,6.9,186,0.7212463965468092,6.862201078041086
2018-06-29 22:00:00,26.7,89,24.7,0.0,4,0.0,7.6,188,1.057715567296498,7.526037322435934
2018-06-29 23:00:00,26.5,90,24.6,0.0,6,0.0,6.9,186,0.7212463965468092,6.862201078041086
2018-06-30 00:00:00,26.5,89,24.6,0.0,10,0.0,7.6,188,1.057715567296498,7.526037322435934
2018-06-30 01:00:00,26.3,90,24.5,0.0,11,0.0,6.6,189,1.032467469265523,6.518743047927909
2018-06-30 02:00:00,25.9,91,24.3,0.3,45,0.0,6.6,171,-1.0324674692655245,6.5187430479279085
2018-06-30 03:00:00,25.5,93,24.3,0.2,63,0.0,3.3,131,-2.490541614735148,2.1649947956686737
2018-06-30 04:00:00,25.2,94,24.1,0.2,36,0.0,5.2,115,-4.71280049259058,2.1976149610516367
2018-06-30 05:00:00,25.1,93,23.8,0.1,33,0.0,6.1,118,-5.385980316439453,2.8637765329939344
2018-06-30 06:00:00,25.4,92,24.0,0.0,34,5.0,4.7,113,-4.326372811226469,1.836436303899587
2018-06-30 07:00:00,26.4,88,24.3,0.0,22,31.0,4.2,149,-2.1631599146222285,3.6001026629488715
2018-06-30 08:00:00,27.6,83,24.4,0.0,25,223.0,4.5,194,1.0886485301985038,4.366330768241984
2018-06-30 09:00:00,28.6,79,24.5,0.0,48,382.0,4.8,228,3.567095162291493,3.211826910522519
2018-06-30 10:00:00,29.2,76,24.4,0.0,30,364.0,5.8,248,5.377666356487366,2.1727182418122912
2018-06-30 11:00:00,29.6,73,24.4,0.0,41,459.0,5.7,252,5.421022142882375,1.7613968679372012
2018-06-30 12:00:00,29.8,75,24.8,0.0,25,434.0,5.7,252,5.421022142882375,1.7613968679372012
2018-06-30 13:00:00,30.0,76,25.3,0.2,35,585.0,4.3,246,3.928245467863184,1.7489675652259404
2018-06-30 14:00:00,29.7,79,25.6,0.2,93,382.0,6.2,234,5.015905365124674,3.644268564213334
2018-06-30 15:00:00,28.9,82,25.6,0.5,77,320.0,8.0,216,4.702282018339784,6.47213595499958
2018-06-30 16:00:00,29.0,81,25.4,0.4,92,271.0,9.6,214,5.368251873319168,7.9587606965284
2018-06-30 17:00:00,29.0,80,25.1,0.3,45,246.0,9.2,211,4.738350289172498,7.885939166459432
2018-06-30 18:00:00,28.4,82,25.1,0.7,50,81.0,6.1,220,3.921004419087889,4.6728711030257655
2018-06-30 19:00:00,27.8,85,25.1,0.1,44,8.0,4.0,153,-1.8159619989581877,3.564026096753471
2018-06-30 20:00:00,26.8,89,24.7,1.3,43,0.0,3.9,124,-3.233246532964663,2.180852323535912
2018-06-30 21:00:00,26.4,90,24.7,0.6,40,0.0,5.3,152,-2.4881992827652204,4.679622242152313
2018-06-30 22:00:00,26.3,90,24.4,0.0,32,0.0,5.9,166,-1.4273391840380396,5.72474478502838
2018-06-30 23:00:00,26.3,89,24.4,0.0,41,0.0,5.5,203,2.1490212066910046,5.062776693988422
2018-07-01 00:00:00,26.1,92,24.7,0.1,39,0.0,5.6,225,3.9597979746446654,3.9597979746446663
2018-07-01 01:00:00,26.1,93,24.8,0.2,44,0.0,6.3,211,3.244739871933341,5.400153994423308
2018-07-01 02:00:00,25.7,95,24.8,0.2,100,0.0,7.5,197,2.192787785420526,7.172285669722766
2018-07-01 03:00:00,25.8,93,24.5,0.3,100,0.0,5.1,184,0.3557580160950389,5.087576656325103
2018-07-01 04:00:00,25.5,93,24.3,0.0,100,0.0,4.7,148,-2.490620541896063,3.985826051935202
2018-07-01 05:00:00,25.2,94,24.1,0.0,69,0.0,3.1,135,-2.192031021678297,2.192031021678297
2018-07-01 06:00:00,25.7,91,24.1,0.0,58,5.0,1.9,112,-1.761649323676896,0.7117525274902329
2018-07-01 07:00:00,26.7,87,24.4,0.0,63,55.0,1.0,135,-0.7071067811865476,0.7071067811865475
2018-07-01 08:00:00,27.3,85,24.6,0.2,76,176.0,2.2,180,-2.694222958124177e-16,2.2
2018-07-01 09:00:00,28.2,82,24.9,0.1,73,339.0,2.6,196,0.7166571251241974,2.499280409439629
2018-07-01 10:00:00,29.0,80,25.3,0.1,43,479.0,5.5,238,4.664264528860342,2.9145559532826275
2018-07-01 11:00:00,29.6,77,25.2,0.2,41,606.0,9.0,254,8.651355263444872,2.4807362023529897
2018-07-01 12:00:00,28.7,82,25.3,3.3,84,478.0,9.4,247,8.652745622452938,3.672872607799174
2018-07-01 13:00:00,29.0,80,25.2,0.3,63,368.0,9.3,257,9.061641602502688,2.092044805397947
2018-07-01 14:00:00,28.3,82,24.9,2.3,100,135.0,10.1,235,8.273435647318815,5.793122007145568
2018-07-01 15:00:00,28.7,81,25.1,0.9,100,241.0,6.1,225,4.313351365237939,4.31335136523794
2018-07-01 16:00:00,27.5,84,24.5,1.2,100,115.0,4.5,194,1.0886485301985038,4.366330768241984
2018-07-01 17:00:00,27.1,85,24.4,0.6,100,102.0,6.3,156,-2.5624408513775427,5.755336383148385
2018-07-01 18:00:00,26.9,85,24.3,0.8,75,16.0,4.9,197,1.4326213531414105,4.685893304218874
2018-07-01 19:00:00,26.3,89,24.4,0.8,100,3.0,5.2,214,2.907803098047883,4.3109953772862175
2018-07-01 20:00:00,25.5,94,24.4,2.9,100,0.0,4.9,216,2.880147736233118,3.9641832724372423
2018-07-01 21:00:00,25.2,94,24.2,2.6,100,0.0,5.4,200,1.846908773958611,5.074340152243906
2018-07-01 22:00:00,25.2,92,23.9,0.5,100,0.0,6.5,180,-7.960204194457795e-16,6.5
2018-07-01 23:00:00,25.0,93,23.9,0.3,100,0.0,7.9,177,-0.4134540543192561,7.889173324561134
2018-07-02 00:00:00,25.1,92,23.7,0.6,100,0.0,9.4,157,-3.6728726077991736,8.65274562245294
2018-07-02 01:00:00,25.0,92,23.6,0.3,100,0.0,9.4,162,-2.9047597471245066,8.939931253174443
2018-07-02 02:00:00,25.1,91,23.6,0.3,100,0.0,9.5,155,-4.014873486536645,8.609923976848174
2018-07-02 03:00:00,25.1,93,23.9,2.3,100,0.0,9.2,149,-4.7383502891725,7.885939166459432
2018-07-02 04:00:00,25.1,91,23.6,1.7,100,0.0,7.7,152,-3.6149310334513594,6.798696465013738
2018-07-02 05:00:00,25.2,90,23.5,2.1,100,0.0,6.9,152,-3.2393537832226458,6.092338390726597
2018-07-02 06:00:00,25.2,90,23.5,2.5,100,0.0,7.8,167,-1.7546182238821486,7.600086505324834
2018-07-02 07:00:00,25.4,92,24.0,2.8,100,2.0,10.2,162,-3.1519733426244643,9.700776466210565
2018-07-02 08:00:00,25.6,92,24.1,2.7,100,2.0,11.8,142,-7.264805408842769,9.29852689255932
2018-07-02 09:00:00,25.9,90,24.1,1.7,100,26.0,10.0,167,-2.249510543438652,9.743700647852352
2018-07-02 10:00:00,26.0,90,24.1,1.3,100,22.0,10.5,172,-1.461317560080686,10.397814721786489
2018-07-02 11:00:00,26.4,86,23.9,1.8,100,33.0,11.2,165,-2.8987733051482354,10.818369254437563
2018-07-02 12:00:00,26.6,86,24.0,2.6,100,92.0,11.7,169,-2.232465245905576,11.485038046337667
2018-07-02 13:00:00,26.6,85,23.9,2.1,100,52.0,12.2,152,-5.727553065987866,10.771960632878908
2018-07-02 14:00:00,26.8,84,23.8,0.7,100,40.0,12.8,130,-9.80536887192292,8.227681403987704
2018-07-02 15:00:00,25.5,91,23.9,1.6,98,0.0,11.6,126,-9.38459713474939,6.818308926592687
2018-07-02 16:00:00,25.7,90,23.8,1.6,95,0.0,12.2,135,-8.62670273047588,8.626702730475879
2018-07-02 17:00:00,25.7,90,23.8,0.9,56,0.0,12.4,154,-5.435802220184558,11.145046174109671
2018-07-02 18:00:00,25.4,90,23.7,0.5,59,0.0,10.1,176,-0.7045403848156677,10.075396907624224
2018-07-02 19:00:00,25.5,88,23.5,0.3,53,1.0,11.0,161,-3.5812496990287226,10.400704331592486
2018-07-02 20:00:00,25.5,87,23.2,0.0,48,0.0,11.8,157,-4.610627316173431,10.861957270738795
2018-07-02 21:00:00,25.7,86,23.2,0.0,51,0.0,11.3,153,-5.13009264705688,10.068373723328556
2018-07-02 22:00:00,25.8,86,23.3,0.0,53,0.0,11.3,153,-5.13009264705688,10.068373723328556
2018-07-02 23:00:00,25.6,88,23.5,0.0,63,0.0,11.3,158,-4.233054505599808,10.477177556604698
2018-07-03 00:00:00,25.5,89,23.6,1.0,80,0.0,10.7,160,-3.659615533584657,10.05471104240922
2018-07-03 01:00:00,25.3,91,23.7,1.2,83,0.0,11.1,167,-2.496956703216904,10.815507719116107
2018-07-03 02:00:00,25.1,92,23.7,0.7,100,0.0,12.2,166,-2.951447126315946,11.837607860567156
2018-07-03 03:00:00,25.2,90,23.4,1.4,100,0.0,12.3,159,-4.407925779407193,11.483039245915585
2018-07-03 04:00:00,25.1,90,23.3,0.8,99,0.0,11.3,149,-5.819930246483615,9.685990497933869
2018-07-03 05:00:00,25.0,90,23.2,0.8,100,0.0,10.0,159,-3.5836794954530022,9.335804264972015
2018-07-03 06:00:00,25.0,90,23.2,0.5,100,1.0,6.9,174,-0.7212463965468108,6.862201078041086
2018-07-03 07:00:00,25.5,88,23.5,0.3,100,14.0,9.8,152,-4.600821315301729,8.652886410017485
2018-07-03 08:00:00,26.0,87,23.7,0.4,78,43.0,10.2,148,-5.40517649517869,8.650090580795544
2018-07-03 09:00:00,27.1,82,23.7,0.6,100,122.0,10.6,152,-4.976398565530441,9.359244484304623
2018-07-03 10:00:00,27.0,83,23.8,0.7,100,62.0,11.4,152,-5.351975815759154,10.065602558591769
2018-07-03 11:00:00,27.5,80,23.8,0.7,100,110.0,10.7,147,-5.827637674660791,8.973775077016036
2018-07-03 12:00:00,27.8,81,24.2,0.5,100,104.0,8.9,159,-3.189474750953172,8.308865795825096
2018-07-03 13:00:00,28.3,81,24.6,0.3,100,222.0,7.2,177,-0.3768188849491954,7.190132650232932
2018-07-03 14:00:00,28.6,79,24.6,0.2,100,138.0,5.7,198,1.7613968679371996,5.421022142882376
2018-07-03 15:00:00,28.2,80,24.5,0.3,100,44.0,8.0,207,3.631923997916373,7.128052193506943
2018-07-03 16:00:00,27.5,85,24.7,0.5,100,8.0,9.7,195,2.510544737494452,9.369480515003962
2018-07-03 17:00:00,27.4,85,24.7,0.1,100,21.0,10.2,172,-1.4195656297926662,10.100734301164016
2018-07-03 18:00:00,27.2,85,24.6,0.0,66,19.0,11.2,182,0.39087436306801,11.193177262613872
2018-07-03 19:00:00,26.6,88,24.4,0.1,75,3.0,11.6,187,1.4136843834997088,11.513535359039336
2018-07-03 20:00:00,26.3,89,24.3,0.0,81,0.0,11.3,171,-1.7677094549546102,11.160878248725057
2018-07-03 21:00:00,26.2,89,24.2,0.0,89,0.0,11.7,171,-1.8302832409707024,11.55595358496311
2018-07-03 22:00:00,26.0,89,24.0,0.1,76,0.0,12.8,164,-3.52815815445759,12.304149708010485
2018-07-03 23:00:00,26.0,88,23.8,0.2,91,0.0,13.8,171,-2.1587956175551875,13.6300991002129
2018-07-04 00:00:00,25.8,88,23.6,0.8,100,0.0,13.5,171,-2.111865278043118,13.33379259803436
2018-07-04 01:00:00,25.5,89,23.5,1.6,100,0.0,11.3,173,-1.3771235804781674,11.215771513546938
2018-07-04 02:00:00,25.2,90,23.4,2.5,100,0.0,9.5,169,-1.8126854560771768,9.325458242752807
2018-07-04 03:00:00,25.2,92,23.8,1.5,100,0.0,9.0,175,-0.7844016847289237,8.96575228282571
2018-07-04 04:00:00,25.3,92,23.9,0.7,100,0.0,8.4,173,-1.0237024846032394,8.337387673787106
2018-07-04 05:00:00,25.4,91,23.8,0.4,100,0.0,7.6,155,-3.211898789229316,6.887939181478539
2018-07-04 06:00:00,25.3,90,23.5,0.8,100,2.0,6.6,158,-2.4724035165450204,6.119413440140796
2018-07-04 07:00:00,25.6,90,23.7,2.0,100,7.0,9.3,144,-5.466402846320002,7.52385804768701
2018-07-04 08:00:00,25.7,89,23.8,2.7,77,15.0,10.2,135,-7.212489168102785,7.212489168102784
2018-07-04 09:00:00,26.1,89,24.1,1.6,78,32.0,11.8,142,-7.264805408842769,9.29852689255932
2018-07-04 10:00:00,26.5,87,24.1,0.8,83,8.0,11.9,155,-5.0291573147143245,10.785062665736136
2018-07-04 11:00:00,27.0,84,24.0,0.5,100,8.0,10.9,171,-1.7051356689385178,10.765802912487
2018-07-04 12:00:00,27.5,82,24.1,0.5,100,42.0,11.1,167,-2.496956703216904,10.815507719116107
2018-07-04 13:00:00,27.4,82,24.1,0.5,100,16.0,9.3,164,-2.563427409098093,8.939733772226367
2018-07-04 14:00:00,27.3,83,24.3,0.7,100,4.0,10.5,158,-3.933369230867079,9.735430472951268
2018-07-04 15:00:00,28.1,79,24.2,0.3,83,48.0,10.7,160,-3.659615533584657,10.05471104240922
2018-07-04 16:00:00,28.4,77,24.1,0.0,86,128.0,11.1,167,-2.496956703216904,10.815507719116107
2018-07-04 17:00:00,28.3,78,24.1,0.0,75,63.0,12.4,172,-1.72574645190481,12.279324052395474
2018-07-04 18:00:00,27.7,82,24.3,0.0,53,17.0,12.6,182,0.4397336584515113,12.592324420440606
2018-07-04 19:00:00,27.1,85,24.3,0.0,49,1.0,13.4,175,-1.1678869528186198,13.34900895442939
2018-07-04 20:00:00,26.7,87,24.4,0.0,47,0.0,12.2,166,-2.951447126315946,11.837607860567156
2018-07-04 21:00:00,26.5,88,24.3,0.0,45,0.0,12.4,158,-4.645121758357312,11.497079796628164
2018-07-04 22:00:00,26.6,87,24.2,0.0,63,0.0,12.8,158,-4.794964395723677,11.867953338454878
2018-07-04 23:00:00,26.6,86,24.0,0.0,60,0.0,11.6,164,-3.19739332747719,11.1506356728845
2018-07-05 00:00:00,26.2,88,24.0,0.2,61,0.0,12.1,168,-2.515731458894888,11.835585968879048
2018-07-05 01:00:00,25.9,89,24.0,0.8,53,0.0,12.8,170,-2.222696674136708,12.605539238556265
2018-07-05 02:00:00,25.6,91,24.0,1.9,92,0.0,12.0,173,-1.4624321208617703,11.910553819695863
2018-07-05 03:00:00,25.3,90,23.6,2.9,100,0.0,10.5,164,-2.894192236078492,10.093247807352348
2018-07-05 04:00:00,25.2,90,23.5,0.9,100,0.0,8.9,153,-4.040515447681967,7.929958065276474
2018-07-05 05:00:00,24.9,92,23.6,1.5,100,0.0,9.3,152,-4.366085533908784,8.211412613588022
2018-07-05 06:00:00,25.1,91,23.5,1.3,82,1.0,8.3,162,-2.5648410533120645,7.893769085249775
2018-07-05 07:00:00,25.4,90,23.7,0.9,100,9.0,10.2,172,-1.4195656297926662,10.100734301164016
2018-07-05 08:00:00,26.0,88,23.9,0.2,100,34.0,10.0,159,-3.5836794954530022,9.335804264972015
2018-07-05 09:00:00,27.4,81,23.9,0.1,100,149.0,10.8,150,-5.4,9.353074360871938
2018-07-05 10:00:00,28.5,77,24.0,0.0,98,215.0,10.8,150,-5.4,9.353074360871938
2018-07-05 11:00:00,28.9,75,24.1,0.0,100,157.0,12.3,148,-6.518006950068421,10.43099158272404
2018-07-05 12:00:00,29.3,74,24.2,0.0,100,256.0,12.6,153,-5.720280296718291,11.226682204773434
2018-07-05 13:00:00,29.2,73,23.9,0.2,100,128.0,12.5,147,-6.807987937687841,10.4833820993178
2018-07-05 14:00:00,29.0,74,23.8,0.0,100,27.0,10.4,146,-5.815606196095768,8.621990754572433
2018-07-05 15:00:00,27.7,81,24.0,1.2,100,9.0,10.0,159,-3.5836794954530022,9.335804264972015
2018-07-05 16:00:00,27.7,80,23.9,0.2,100,24.0,10.4,166,-2.5159877142365445,10.091075553270365
2018-07-05 17:00:00,27.4,81,23.8,0.0,94,0.0,11.2,165,-2.8987733051482354,10.818369254437563
2018-07-05 18:00:00,27.2,80,23.3,0.0,80,5.0,11.8,168,-2.45335795164956,11.542141688658909
2018-07-05 19:00:00,26.8,79,22.9,0.0,67,1.0,11.6,158,-4.345436483624582,10.755332712974733
2018-07-05 20:00:00,26.6,78,22.6,0.0,68,0.0,12.1,143,-7.281961780139783,9.663489671572243
2018-07-05 21:00:00,26.5,78,22.3,0.0,81,0.0,11.8,153,-5.357087896926653,10.51387698542274
2018-07-05 22:00:00,26.5,78,22.2,0.0,90,0.0,11.5,160,-3.933231648245192,10.806465139037943
2018-07-05 23:00:00,26.3,79,22.3,0.0,90,0.0,12.2,161,-3.9719314843773104,11.535326622311665
2018-07-06 00:00:00,26.2,79,22.3,0.0,89,0.0,12.1,163,-3.537697627145113,11.57128754715273
2018-07-06 01:00:00,26.3,79,22.3,0.0,86,0.0,12.0,164,-3.30764826980399,11.535140351259829
2018-07-06 02:00:00,26.3,78,22.3,0.0,83,0.0,12.9,157,-5.040431557511631,11.87451260953648
2018-07-06 03:00:00,26.4,79,22.4,0.0,83,0.0,12.4,163,-3.625409138561934,11.85817897394164
2018-07-06 04:00:00,26.1,81,22.7,0.1,86,0.0,12.8,169,-2.442355140819776,12.5648279481301
2018-07-06 05:00:00,25.7,84,22.9,0.3,100,0.0,12.2,161,-3.9719314843773104,11.535326622311665
2018-07-06 06:00:00,25.5,86,23.1,0.8,65,0.0,9.2,159,-3.2969851358167617,8.588939923774255
2018-07-06 07:00:00,25.7,88,23.5,0.7,60,13.0,12.1,163,-3.537697627145113,11.57128754715273
2018-07-06 08:00:00,26.4,86,23.8,0.0,47,58.0,13.4,166,-3.2417534010355475,13.001962732098352
2018-07-06 09:00:00,27.4,82,24.1,0.0,40,173.0,14.5,166,-3.507867486195182,14.06928803100195
2018-07-06 10:00:00,27.9,82,24.5,0.1,60,215.0,14.8,174,-1.5470212563612753,14.718924051450443
2018-07-06 11:00:00,28.2,82,24.8,0.1,65,213.0,15.7,189,2.4560211011316224,15.506706947343664
2018-07-06 12:00:00,28.4,83,25.2,0.6,100,313.0,15.5,193,3.486741342329907,15.102736004171147
2018-07-06 13:00:00,28.6,83,25.4,0.3,100,165.0,13.8,187,1.681796938991033,13.697136892650246
2018-07-06 14:00:00,27.6,82,24.3,2.3,98,10.0,12.2,182,0.4257738597705109,12.192568089632967
2018-07-06 15:00:00,28.1,83,25.0,1.3,91,122.0,11.9,183,0.6227978792910285,11.88369146357943
2018-07-06 16:00:00,28.4,82,25.1,0.2,86,87.0,12.7,173,-1.5477406612453737,12.605336125844788
2018-07-06 17:00:00,28.3,81,24.8,0.0,50,35.0,11.7,169,-2.232465245905576,11.485038046337667
2018-07-06 18:00:00,28.1,82,24.7,0.0,44,27.0,6.5,174,-0.6794350112397493,6.4643923198937765
2018-07-06 19:00:00,27.6,83,24.5,0.0,47,1.0,7.3,169,-1.3929056662487782,7.165878439167947
2018-07-06 20:00:00,27.3,84,24.4,0.0,52,0.0,8.1,167,-1.822103540185308,7.892397524760404
2018-07-06 21:00:00,27.1,86,24.5,0.0,52,0.0,9.1,171,-1.423553631866102,8.987963899415753
2018-07-06 22:00:00,26.9,87,24.5,0.0,48,0.0,10.2,170,-1.7712114122026887,10.04503908072452
2018-07-06 23:00:00,26.8,87,24.4,0.0,54,0.0,11.2,165,-2.8987733051482354,10.818369254437563
2018-07-07 00:00:00,26.7,86,24.2,0.0,62,0.0,11.6,164,-3.19739332747719,11.1506356728845
2018-07-07 01:00:00,26.5,86,24.0,0.0,70,0.0,12.9,167,-2.901868601035861,12.569373835729534
2018-07-07 02:00:00,26.3,87,24.0,0.0,86,0.0,12.6,167,-2.8343832847327013,12.277062816293965
2018-07-07 03:00:00,26.3,88,24.1,0.0,98,0.0,12.7,172,-1.7674983821928296,12.576404473017943
2018-07-07 04:00:00,26.0,89,24.1,0.0,100,0.0,14.5,173,-1.7671054793746397,14.391919198799169
2018-07-07 05:00:00,25.9,89,23.9,0.0,100,0.0,15.5,168,-3.222631207675269,15.161287811373988
2018-07-07 06:00:00,25.9,88,23.9,0.0,86,2.0,11.3,158,-4.233054505599808,10.477177556604698
2018-07-07 07:00:00,26.3,87,24.0,0.0,87,5.0,10.5,153,-4.766900247265242,9.355568503977862
2018-07-07 08:00:00,26.9,85,24.1,0.0,91,24.0,10.3,151,-4.993539088537273,9.008582983535776
2018-07-07 09:00:00,27.8,81,24.2,0.0,84,68.0,10.0,159,-3.5836794954530022,9.335804264972015
2018-07-07 10:00:00,28.6,79,24.5,0.0,89,111.0,10.2,172,-1.4195656297926662,10.100734301164016
2018-07-07 11:00:00,29.3,77,24.7,0.0,89,194.0,11.2,182,0.39087436306801,11.193177262613872
2018-07-07 12:00:00,29.8,75,24.8,0.0,100,241.0,14.5,187,1.767105479374636,14.39191919879917
2018-07-07 13:00:00,30.0,75,25.2,0.1,99,288.0,17.0,186,1.7769838755501095,16.906872221260645
2018-07-07 14:00:00,29.8,75,25.0,0.2,100,171.0,15.5,183,0.8112073217656253,15.478757788695894
2018-07-07 15:00:00,28.7,84,25.6,0.4,100,99.0,12.6,183,0.6594330486610889,12.58273213790763
2018-07-07 16:00:00,28.3,85,25.6,0.3,100,25.0,11.9,178,-0.4153040107597636,11.89275084152724
2018-07-07 17:00:00,27.8,87,25.4,0.7,100,40.0,9.5,169,-1.8126854560771768,9.325458242752807
2018-07-07 18:00:00,27.4,87,25.0,0.5,88,36.0,8.6,165,-2.2258437878816806,8.306962106085987
2018-07-07 19:00:00,26.8,88,24.6,0.2,84,4.0,7.2,143,-4.333068166694747,5.750175672340509
2018-07-07 20:00:00,26.6,88,24.5,0.0,70,0.0,5.6,135,-3.9597979746446654,3.9597979746446654
2018-07-07 21:00:00,26.6,87,24.4,0.0,67,0.0,6.4,142,-3.9402334420842138,5.043268823083021
2018-07-07 22:00:00,26.7,86,24.2,0.0,55,0.0,8.7,156,-3.5386087947594635,7.947845481490626
2018-07-07 23:00:00,26.6,86,24.1,0.0,49,0.0,10.3,168,-2.141490415422921,10.0749202875582
2018-07-08 00:00:00,26.4,88,24.3,0.0,48,0.0,10.5,172,-1.461317560080686,10.397814721786489
2018-07-08 01:00:00,26.3,89,24.3,0.0,53,0.0,9.8,174,-1.0243789400230068,9.746314574609078
2018-07-08 02:00:00,26.2,89,24.2,0.0,44,0.0,8.8,168,-1.829622879196282,8.607698886457491
2018-07-08 03:00:00,26.4,86,23.8,0.0,42,0.0,9.7,149,-4.995869326627527,8.314522816810488
2018-07-08 04:00:00,26.1,86,23.6,0.0,45,0.0,8.0,153,-3.631923997916375,7.128052193506942
2018-07-08 05:00:00,26.1,86,23.6,0.0,32,0.0,10.1,174,-1.0557374790033027,10.04467114321956
2018-07-08 06:00:00,25.8,89,23.8,0.0,27,4.0,7.1,165,-1.837615220227899,6.858073366652384
2018-07-08 07:00:00,26.7,89,24.6,0.0,23,69.0,4.1,142,-2.5242120488352,3.2308440897875594
2018-07-08 08:00:00,27.9,82,24.5,0.0,16,221.0,2.7,113,-2.4853631043215887,1.0549740469210394
2018-07-08 09:00:00,28.9,77,24.6,0.0,16,356.0,1.8,53,-1.437543918085127,-1.0832670416736871
2018-07-08 10:00:00,29.8,74,24.7,0.0,15,528.0,2.3,321,1.447436899414627,-1.7874357113510322
2018-07-08 11:00:00,30.4,71,24.6,0.0,24,579.0,4.3,294,3.9282454678631846,-1.7489675652259389
2018-07-08 12:00:00,30.5,70,24.4,0.0,46,482.0,4.9,287,4.685893304218874,-1.43262135314141
2018-07-08 13:00:00,30.7,70,24.5,0.1,45,524.0,4.1,315,2.8991378028648453,-2.899137802864844
2018-07-08 14:00:00,30.8,69,24.5,0.1,52,509.0,2.9,7,-0.3534210958749276,-2.8783838397598336
2018-07-08 15:00:00,30.5,70,24.5,0.0,49,362.0,4.9,17,-1.4326213531414105,-4.685893304218874
2018-07-08 16:00:00,30.4,71,24.5,0.0,37,273.0,8.7,30,-4.349999999999999,-7.534421012924616
2018-07-08 17:00:00,29.7,74,24.5,0.0,43,143.0,8.9,27,-4.040515447681966,-7.929958065276475
2018-07-08 18:00:00,28.8,77,24.5,0.0,35,26.0,8.6,15,-2.2258437878816784,-8.306962106085987
2018-07-08 19:00:00,28.3,79,24.4,0.0,41,4.0,6.6,22,-2.472403516545019,-6.1194134401407965
2018-07-08 20:00:00,27.7,84,24.8,0.0,44,0.0,4.5,61,-3.935788682127281,-2.181643291108517
2018-07-08 21:00:00,26.9,89,24.9,0.0,40,0.0,3.6,90,-3.6,-2.2043642384652358e-16
2018-07-08 22:00:00,26.4,91,24.8,0.0,34,0.0,3.0,76,-2.910887178827989,-0.725765686799003
2018-07-08 23:00:00,26.0,92,24.6,0.0,13,0.0,4.9,54,-3.9641832724372423,-2.8801477362331185
2018-07-09 00:00:00,25.7,92,24.4,0.0,11,0.0,5.4,53,-4.312631754255381,-3.2498011250210617
2018-07-09 01:00:00,25.5,93,24.2,0.0,13,0.0,4.7,58,-3.9858260519352022,-2.490620541896063
2018-07-09 02:00:00,25.2,94,24.2,0.0,18,0.0,4.3,66,-3.928245467863184,-1.7489675652259409
2018-07-09 03:00:00,25.6,92,24.3,0.0,10,0.0,3.8,49,-2.8678964048465336,-2.493024310163928
2018-07-09 04:00:00,25.6,92,24.2,0.0,9,0.0,4.1,38,-2.524212048835199,-3.2308440897875594
2018-07-09 05:00:00,25.3,94,24.2,0.0,4,0.0,4.2,31,-2.163159914622228,-3.600102662948872
2018-07-09 06:00:00,25.4,94,24.4,0.0,5,5.0,6.3,24,-2.5624408513775414,-5.755336383148386
2018-07-09 07:00:00,26.9,87,24.6,0.0,14,79.0,6.1,50,-4.6728711030257655,-3.92100441908789
2018-07-09 08:00:00,28.0,80,24.2,0.0,10,231.0,6.6,45,-4.666904755831213,-4.666904755831213
2018-07-09 09:00:00,28.9,76,24.2,0.0,7,370.0,8.0,27,-3.631923997916374,-7.128052193506943
2018-07-09 10:00:00,29.8,72,24.3,0.0,11,603.0,8.8,9,-1.3766232923540318,-8.691657397237213
2018-07-09 11:00:00,30.3,71,24.5,0.0,32,613.0,10.0,15,-2.5881904510252074,-9.659258262890685
2018-07-09 12:00:00,30.6,71,24.8,0.0,20,716.0,10.5,8,-1.4613175600806871,-10.397814721786489
2018-07-09 13:00:00,30.3,74,25.1,0.0,15,567.0,11.5,4,-0.802199448057441,-11.47198657798798
2018-07-09 14:00:00,30.5,74,25.3,0.0,17,526.0,12.6,358,0.4397336584515103,-12.592324420440606
2018-07-09 15:00:00,30.5,72,24.8,0.0,17,407.0,13.0,2,-0.4536934571325126,-12.992080751248244
2018-07-09 16:00:00,30.2,73,24.8,0.0,19,357.0,12.4,8,-1.7257464519048116,-12.279324052395474
2018-07-09 17:00:00,29.8,75,24.9,0.0,9,229.0,10.3,12,-2.141490415422921,-10.0749202875582
2018-07-09 18:00:00,29.3,78,25.0,0.0,5,96.0,6.8,360,1.6655196468404002e-15,-6.8
2018-07-09 19:00:00,28.6,81,25.1,0.0,6,14.0,5.6,27,-2.5423467985414616,-4.98963653545486
2018-07-09 20:00:00,27.5,88,25.4,0.0,17,0.0,4.0,80,-3.939231012048832,-0.6945927106677217
2018-07-09 21:00:00,26.8,92,25.3,0.0,7,0.0,4.8,132,-3.5670951622914924,3.2118269105225195
2018-07-09 22:00:00,26.8,90,25.1,0.0,11,0.0,5.6,153,-2.542346798541462,4.989636535454859
2018-07-09 23:00:00,26.7,91,25.1,0.0,10,0.0,4.9,163,-1.4326213531414094,4.685893304218874
2018-07-10 00:00:00,26.0,94,24.9,0.0,12,0.0,5.8,158,-2.172718241812291,5.377666356487366
2018-07-10 01:00:00,25.5,96,24.8,0.0,17,0.0,7.1,156,-2.887830165838183,6.486172749262465
2018-07-10 02:00:00,25.3,96,24.6,0.0,26,0.0,7.6,155,-3.211898789229316,6.887939181478539
2018-07-10 03:00:00,25.4,94,24.3,0.0,19,0.0,6.8,155,-2.8738041798367564,6.162892951849219
2018-07-10 04:00:00,25.3,93,24.1,0.0,31,0.0,6.8,148,-3.603450996785793,5.766727053863696
2018-07-10 05:00:00,25.0,93,23.8,0.0,35,0.0,6.1,140,-3.9210044190878905,4.672871103025765
2018-07-10 06:00:00,25.0,93,23.8,0.0,18,7.0,6.4,128,-5.043268823083022,3.940233442084213
2018-07-10 07:00:00,26.6,85,23.9,0.0,26,90.0,5.5,122,-4.664264528860343,2.914555953282626
2018-07-10 08:00:00,27.6,84,24.6,0.0,31,211.0,4.2,121,-3.600102662948872,2.163159914622228
2018-07-10 09:00:00,28.5,80,24.7,0.0,45,404.0,0.8,333,0.3631923997916376,-0.7128052193506943
2018-07-10 10:00:00,29.4,75,24.5,0.0,24,477.0,5.9,317,4.02379032436874,-4.314986839553107
2018-07-10 11:00:00,30.3,71,24.4,0.0,20,632.0,9.7,318,6.490566881680923,-7.208504807130724
2018-07-10 12:00:00,30.5,70,24.3,0.0,50,601.0,13.3,327,7.2436991656998595,-11.15431855367414
2018-07-10 13:00:00,30.2,71,24.3,0.2,62,444.0,16.1,336,6.548459953520383,-14.708081868045875
2018-07-10 14:00:00,30.2,71,24.4,0.3,57,544.0,16.9,348,3.5137075748201414,-16.530694452401313
2018-07-10 15:00:00,30.2,71,24.4,0.2,94,461.0,17.1,352,2.3798600264171266,-16.933583975480854
2018-07-10 16:00:00,30.0,72,24.3,0.1,82,294.0,18.4,354,1.9233237241248229,-18.299202874776228
2018-07-10 17:00:00,29.5,74,24.3,0.0,71,167.0,19.8,360,4.849601324623519e-15,-19.8
2018-07-10 18:00:00,29.0,77,24.6,0.0,40,60.0,21.0,354,2.1950977286207216,-20.88495980273374
2018-07-10 19:00:00,28.3,82,24.9,0.0,41,4.0,21.5,351,3.3633409983649685,-21.23529932279546
2018-07-10 20:00:00,27.9,85,25.1,0.0,37,0.0,22.5,354,2.351890423522202,-22.37674264578615
2018-07-10 21:00:00,27.5,87,25.1,0.0,45,0.0,22.3,351,3.4884885703971533,-22.02544999527157
2018-07-10 22:00:00,27.3,87,25.0,0.0,37,0.0,20.8,346,5.031975428473092,-20.18215110654073
2018-07-10 23:00:00,27.0,89,25.0,0.0,40,0.0,18.9,342,5.840421193686511,-17.9749681579784
2018-07-11 00:00:00,26.8,90,25.1,0.0,49,0.0,16.3,335,6.888677666373398,-14.772816928697395
2018-07-11 01:00:00,26.7,90,25.0,0.0,43,0.0,14.6,327,7.9517299112193935,-12.24459029200319
2018-07-11 02:00:00,26.3,91,24.8,0.0,57,0.0,12.6,329,6.489479743866687,-10.800307988846612
2018-07-11 03:00:00,26.4,91,24.7,0.3,52,0.0,9.8,324,5.76029547246624,-7.928366544874485
2018-07-11 04:00:00,26.4,89,24.5,0.3,45,0.0,4.9,306,3.964183272437243,-2.8801477362331176
2018-07-11 05:00:00,26.1,92,24.8,0.0,55,0.0,5.5,191,1.049449474570996,5.398949508962152
2018-07-11 06:00:00,26.4,89,24.5,0.0,84,0.0,5.4,222,3.613305274337834,4.012982057577929
2018-07-11 07:00:00,27.0,88,24.8,0.0,85,10.0,7.8,202,2.921931428644114,7.232034065620942
2018-07-11 08:00:00,27.6,87,25.2,0.0,80,14.0,9.3,193,2.0920448053979444,9.06164160250269
2018-07-11 09:00:00,28.2,83,25.1,0.0,90,47.0,11.6,196,3.1973933274771884,11.1506356728845
2018-07-11 10:00:00,28.7,80,25.0,0.0,100,67.0,14.9,188,2.0736792043049763,14.754994224249398
2018-07-11 11:00:00,28.5,81,24.9,0.1,66,27.0,18.1,185,1.577518943732609,18.0311240354606
2018-07-11 12:00:00,29.3,78,25.0,0.0,67,94.0,19.8,183,1.036251933610283,19.772864788140563
2018-07-11 13:00:00,29.8,76,25.2,0.0,52,303.0,20.9,183,1.0938214854775203,20.871357276370592
2018-07-11 14:00:00,30.4,74,25.1,0.0,56,434.0,21.3,186,2.22645626760102,21.183316371344223
2018-07-11 15:00:00,30.0,74,24.7,0.0,58,109.0,21.1,188,2.936552430257383,20.89465625044713
2018-07-11 16:00:00,29.9,74,24.7,0.0,50,112.0,19.2,188,2.672123538433258,19.01314691983815
2018-07-11 17:00:00,29.5,76,24.9,0.0,50,69.0,18.1,185,1.577518943732609,18.0311240354606
2018-07-11 18:00:00,28.9,79,24.9,0.0,40,43.0,15.9,185,1.385776309687761,15.839495699658755
2018-07-11 19:00:00,28.3,81,24.7,0.0,30,2.0,15.1,183,0.7902729392684478,15.079305974794064
2018-07-11 20:00:00,27.8,83,24.6,0.0,30,0.0,15.1,177,-0.7902729392684514,15.079305974794064
2018-07-11 21:00:00,27.5,84,24.6,0.0,31,0.0,14.4,180,-1.7634913907721889e-15,14.4
2018-07-11 22:00:00,27.2,86,24.7,0.0,30,0.0,13.7,185,1.1940336756429135,13.647867363856914
2018-07-11 23:00:00,27.0,88,24.8,0.0,28,0.0,12.6,185,1.09816235862049,12.552053195955994
2018-07-12 00:00:00,26.8,90,25.0,0.0,28,0.0,13.7,182,0.4781231048242623,13.691654330161612
2018-07-12 01:00:00,26.6,91,25.0,0.0,29,0.0,13.3,182,0.464163306143262,13.291897999353974
2018-07-12 02:00:00,26.6,91,24.9,0.0,32,0.0,11.5,176,-0.8021994480574435,11.47198657798798
2018-07-12 03:00:00,26.6,89,24.6,0.0,36,0.0,10.5,172,-1.461317560080686,10.397814721786489
2018-07-12 04:00:00,26.4,89,24.5,0.0,41,0.0,10.3,168,-2.141490415422921,10.0749202875582
2018-07-12 05:00:00,26.4,89,24.4,0.0,51,0.0,8.6,158,-3.221616703376845,7.97378114927437
2018-07-12 06:00:00,26.4,89,24.4,0.0,59,1.0,4.9,126,-3.9641832724372423,2.880147736233118
2018-07-12 07:00:00,27.0,87,24.6,0.0,67,28.0,3.7,101,-3.632020578756357,0.7059932828932158
2018-07-12 08:00:00,28.0,82,24.6,0.0,80,118.0,3.3,103,-3.2154212137912763,0.7423384793347546
2018-07-12 09:00:00,28.6,79,24.7,0.2,100,212.0,2.6,106,-2.499280409439629,0.7166571251241975
2018-07-12 10:00:00,28.7,80,24.9,1.3,100,178.0,4.2,59,-3.600102662948872,-2.163159914622228
2018-07-12 11:00:00,28.9,80,25.1,0.9,96,149.0,6.7,54,-5.420413862312148,-3.93816119035957
2018-07-12 12:00:00,29.3,78,25.0,0.2,73,124.0,5.2,25,-2.197614961051637,-4.71280049259058
2018-07-12 13:00:00,29.3,78,25.0,0.0,66,30.0,5.2,344,1.4333142502483949,-4.998560818879258
2018-07-12 14:00:00,28.8,80,25.1,0.3,70,57.0,6.9,9,-1.079397808777593,-6.815049550106451
2018-07-12 15:00:00,29.6,74,24.5,0.0,67,157.0,6.9,28,-3.2393537832226467,-6.092338390726597
2018-07-12 16:00:00,29.3,75,24.4,0.0,68,59.0,7.9,30,-3.95,-6.841600689897066
2018-07-12 17:00:00,28.8,77,24.4,0.1,63,17.0,4.8,13,-1.079765060850552,-4.676976310969129
2018-07-12 18:00:00,28.1,82,24.7,0.1,90,7.0,1.9,22,-0.7117525274902328,-1.761649323676896
2018-07-12 19:00:00,27.7,84,24.8,0.1,89,0.0,4.9,343,1.4326213531414125,-4.685893304218873
2018-07-12 20:00:00,27.4,85,24.7,0.0,73,0.0,5.8,356,0.4045875477159287,-5.78587149150698
2018-07-12 21:00:00,27.1,87,24.7,0.0,62,0.0,5.3,28,-2.4881992827652213,-4.679622242152313
2018-07-12 22:00:00,26.9,88,24.7,0.0,58,0.0,6.1,40,-3.921004419087889,-4.6728711030257655
2018-07-12 23:00:00,26.7,89,24.6,0.0,46,0.0,4.1,75,-3.96029588778518,-1.061158084920335
2018-07-13 00:00:00,26.5,89,24.6,0.0,55,0.0,4.4,81,-4.345828698618607,-0.6883116461770161
2018-07-13 01:00:00,26.4,89,24.4,0.0,56,0.0,3.7,79,-3.632020578756357,-0.7059932828932162
2018-07-13 02:00:00,26.4,88,24.2,0.0,51,0.0,2.3,72,-2.1874299874788528,-0.7107390870623791
2018-07-13 03:00:00,26.8,88,24.6,0.0,46,0.0,2.3,39,-1.4474368994146258,-1.7874357113510329
2018-07-13 04:00:00,26.8,88,24.6,0.0,52,0.0,4.7,4,-0.3278554265973889,-4.688551036221174
2018-07-13 05:00:00,25.5,93,24.3,0.0,46,0.0,5.2,16,-1.4333142502483958,-4.998560818879258
2018-07-13 06:00:00,25.6,93,24.5,0.0,51,3.0,2.9,360,7.10295143505465e-16,-2.9
2018-07-13 07:00:00,27.4,85,24.8,0.0,46,54.0,3.4,18,-1.0506577808748212,-3.233592155403522
2018-07-13 08:00:00,28.1,79,24.2,0.0,35,143.0,4.0,350,0.6945927106677215,-3.939231012048832
2018-07-13 09:00:00,28.8,77,24.4,0.0,29,283.0,3.4,342,1.050657780874822,-3.233592155403522
2018-07-13 10:00:00,29.5,76,24.8,0.0,25,372.0,4.3,336,1.7489675652259409,-3.928245467863184
2018-07-13 11:00:00,30.1,74,24.8,0.0,27,528.0,6.4,322,3.940233442084213,-5.043268823083022
2018-07-13 12:00:00,30.4,73,25.0,0.0,27,616.0,7.0,339,2.508575646817105,-6.535062985480411
2018-07-13 13:00:00,30.4,74,25.2,0.0,23,624.0,7.8,326,4.361704647071823,-6.466493065929326
2018-07-13 14:00:00,29.9,76,25.3,0.2,31,497.0,8.3,304,6.881011852206846,-4.641301098807201
2018-07-13 15:00:00,30.3,74,25.1,0.0,46,416.0,8.6,338,3.221616703376846,-7.97378114927437
2018-07-13 16:00:00,29.8,75,25.0,0.1,49,240.0,7.6,3,-0.3977532674463731,-7.589584464134761
2018-07-13 17:00:00,28.6,78,24.5,1.5,46,141.0,5.4,356,0.3766849582182784,-5.386845871403051
2018-07-13 18:00:00,28.1,82,24.7,0.3,41,48.0,4.8,13,-1.079765060850552,-4.676976310969129
2018-07-13 19:00:00,27.6,85,24.8,0.0,27,6.0,8.4,43,-5.728786224524987,-6.143371093601032
2018-07-13 20:00:00,27.2,86,24.7,0.0,22,0.0,7.1,30,-3.5499999999999994,-6.148780366869515
2018-07-13 21:00:00,26.9,87,24.6,0.0,11,0.0,6.4,47,-4.680663690362692,-4.36478950439999
2018-07-13 22:00:00,26.7,88,24.5,0.0,9,0.0,6.2,54,-5.0159053651246746,-3.6442685642133337
2018-07-13 23:00:00,26.4,89,24.4,0.0,8,0.0,6.2,36,-3.6442685642133337,-5.0159053651246746
2018-07-14 00:00:00,26.2,89,24.3,0.0,11,0.0,3.2,27,-1.4527695991665497,-2.8512208774027776
2018-07-14 01:00:00,25.9,90,24.2,0.0,7,0.0,4.5,14,-1.0886485301985047,-4.366330768241984
2018-07-14 02:00:00,25.9,88,23.8,0.0,8,0.0,5.5,32,-2.914555953282627,-4.664264528860342
2018-07-14 03:00:00,25.4,95,24.6,0.2,13,0.0,2.5,82,-2.475670171853926,-0.3479327524001636
2018-07-14 04:00:00,25.2,95,24.3,0.2,13,0.0,2.5,262,2.475670171853926,0.3479327524001646
2018-07-14 05:00:00,25.5,93,24.3,0.0,12,0.0,3.8,343,1.1110124779464012,-3.633958072659534
2018-07-14 06:00:00,25.9,91,24.4,0.0,5,3.0,8.0,10,-1.3891854213354426,-7.878462024097664
2018-07-14 07:00:00,26.8,88,24.5,0.0,2,70.0,8.0,18,-2.472135954999579,-7.608452130361228
2018-07-14 08:00:00,27.9,82,24.5,0.0,2,190.0,5.2,12,-1.0811407922523486,-5.08636752381579
2018-07-14 09:00:00,28.8,78,24.5,0.0,0,328.0,2.6,344,0.7166571251241973,-2.499280409439629
2018-07-14 10:00:00,29.6,75,24.6,0.0,1,489.0,2.4,333,1.0895771993749126,-2.138415658052083
2018-07-14 11:00:00,30.3,72,24.7,0.0,7,616.0,1.5,256,1.4554435894139948,0.3628828433995016
2018-07-14 12:00:00,30.7,72,25.0,0.0,11,607.0,3.8,287,3.633958072659535,-1.1110124779463997
2018-07-14 13:00:00,30.5,73,25.1,0.0,23,627.0,3.4,342,1.050657780874822,-3.233592155403522
2018-07-14 14:00:00,30.3,74,25.1,0.0,19,557.0,2.3,309,1.7874357113510326,-1.447436899414626
2018-07-14 15:00:00,30.6,71,24.8,0.0,15,437.0,3.4,18,-1.0506577808748212,-3.233592155403522
2018-07-14 16:00:00,30.6,71,24.8,0.0,8,428.0,3.3,354,0.3449439287832562,-3.281922254715301
2018-07-14 17:00:00,30.4,72,24.8,0.0,9,251.0,4.0,333,1.815961998958188,-3.564026096753471
2018-07-14 18:00:00,29.8,75,24.8,0.0,18,99.0,2.5,360,6.123233995736766e-16,-2.5
2018-07-14 19:00:00,29.0,80,25.1,0.0,23,13.0,5.6,63,-4.989636535454859,-2.542346798541462
2018-07-14 20:00:00,28.3,84,25.4,0.0,20,0.0,3.7,11,-0.7059932828932158,-3.632020578756357
2018-07-14 21:00:00,27.6,90,25.8,0.0,20,0.0,1.3,34,-0.726950774511971,-1.0777488443215544
2018-07-14 22:00:00,27.7,87,25.4,0.0,29,0.0,1.9,112,-1.761649323676896,0.7117525274902329
2018-07-14 23:00:00,27.3,89,25.3,0.0,26,0.0,3.6,135,-2.5455844122715714,2.545584412271571
2018-07-15 00:00:00,26.4,92,25.1,0.0,21,0.0,3.6,143,-2.1665340833473734,2.8750878361702545
2018-07-15 01:00:00,26.1,93,24.8,0.0,24,0.0,3.1,126,-2.5079526825623373,1.8221342821066664
2018-07-15 02:00:00,25.8,93,24.6,0.2,33,0.0,0.7,90,-0.7,-4.286263797015736e-17
2018-07-15 03:00:00,26.6,90,24.9,0.0,42,0.0,0.5,315,0.3535533905932738,-0.3535533905932737
2018-07-15 04:00:00,26.0,92,24.6,0.2,34,0.0,2.3,321,1.447436899414627,-1.7874357113510322
2018-07-15 05:00:00,25.7,93,24.4,0.5,52,0.0,4.6,315,3.2526911934581197,-3.252691193458117
2018-07-15 06:00:00,26.0,93,24.7,0.0,61,1.0,4.4,351,0.6883116461770169,-4.345828698618606
2018-07-15 07:00:00,27.1,89,25.2,0.0,66,45.0,5.8,356,0.4045875477159287,-5.78587149150698
2018-07-15 08:00:00,27.9,86,25.3,0.0,48,115.0,5.4,323,3.2498011250210608,-4.312631754255381
2018-07-15 09:00:00,28.5,83,25.4,0.0,54,130.0,6.9,332,3.2393537832226467,-6.092338390726597
2018-07-15 10:00:00,29.1,80,25.4,0.0,69,141.0,7.1,315,5.020458146424488,-5.0204581464244855
2018-07-15 11:00:00,29.2,79,25.2,0.0,70,4.0,6.6,315,4.666904755831214,-4.6669047558312124
2018-07-15 12:00:00,29.2,79,25.2,0.0,50,19.0,7.7,307,6.149493427364157,-4.633975678270769
2018-07-15 13:00:00,29.2,80,25.3,0.0,72,44.0,10.3,299,9.008582983535776,-4.993539088537275
2018-07-15 14:00:00,29.5,78,25.3,0.0,62,124.0,10.7,315,7.56604255869606,-7.566042558696056
2018-07-15 15:00:00,30.1,74,25.0,0.0,69,264.0,10.6,325,6.079910225321092,-8.68301166946331
2018-07-15 16:00:00,29.8,75,25.0,0.0,56,155.0,9.8,343,2.8652427062828245,-9.371786608437748
2018-07-15 17:00:00,29.5,77,25.0,0.0,33,132.0,7.8,347,1.7546182238821495,-7.600086505324834
2018-07-15 18:00:00,29.2,78,24.9,0.0,31,69.0,5.2,344,1.4333142502483949,-4.998560818879258
2018-07-15 19:00:00,28.6,82,25.2,0.0,38,9.0,6.3,31,-3.244739871933341,-5.400153994423308
2018-07-15 20:00:00,28.3,83,25.1,0.0,33,0.0,5.4,20,-1.8469087739586112,-5.074340152243906
2018-07-15 21:00:00,27.8,86,25.2,0.0,35,0.0,3.7,11,-0.7059932828932158,-3.632020578756357
2018-07-15 22:00:00,27.2,90,25.4,0.0,31,0.0,3.9,112,-3.616017032810471,1.4609657143220571
2018-07-15 23:00:00,26.6,93,25.4,0.0,30,0.0,5.0,150,-2.5,4.330127018922194
2018-07-16 00:00:00,26.2,95,25.4,0.0,31,0.0,5.8,173,-0.7068421917498557,5.756767679519667
2018-07-16 01:00:00,26.2,95,25.4,0.0,27,0.0,6.8,183,0.3558845024520162,6.790680836331102
2018-07-16 02:00:00,27.1,91,25.6,0.0,26,0.0,6.5,183,0.3401837155791332,6.49109197590473
2018-07-16 03:00:00,26.1,94,25.0,0.0,13,0.0,6.5,174,-0.6794350112397493,6.4643923198937765
2018-07-16 04:00:00,26.2,93,25.0,0.0,7,0.0,5.4,184,0.3766849582182765,5.386845871403051
2018-07-16 05:00:00,26.5,92,25.1,0.0,10,0.0,2.4,297,2.1384156580520832,-1.089577199374912
2018-07-16 06:00:00,25.7,95,24.9,0.0,5,5.0,5.0,339,1.7918397477265038,-4.667902132486008
2018-07-16 07:00:00,27.5,90,25.7,0.0,2,75.0,7.2,354,0.7526049355271046,-7.160557646651568
2018-07-16 08:00:00,28.5,83,25.4,0.0,5,265.0,7.2,357,0.3768188849491994,-7.190132650232932
2018-07-16 09:00:00,29.1,79,25.2,0.0,11,333.0,5.4,340,1.8469087739586103,-5.074340152243906
2018-07-16 10:00:00,29.8,76,25.0,0.0,8,367.0,5.5,328,2.9145559532826275,-4.664264528860342
2018-07-16 11:00:00,30.5,73,25.1,0.0,14,522.0,6.1,310,4.672871103025766,-3.921004419087889
2018-07-16 12:00:00,30.7,72,25.1,0.0,11,623.0,6.2,306,5.015905365124675,-3.644268564213332
2018-07-16 13:00:00,30.9,72,25.2,0.0,18,645.0,6.1,310,4.672871103025766,-3.921004419087889
2018-07-16 14:00:00,30.7,72,25.1,0.0,26,483.0,5.3,332,2.4881992827652213,-4.679622242152313
2018-07-16 15:00:00,30.5,71,24.7,0.0,38,404.0,4.0,360,9.797174393178826e-16,-4.0
2018-07-16 16:00:00,30.2,73,24.8,0.0,66,298.0,1.9,22,-0.7117525274902328,-1.761649323676896
2018-07-16 17:00:00,29.9,75,24.9,0.0,44,140.0,1.5,14,-0.3628828433995016,-1.4554435894139948
2018-07-16 18:00:00,29.3,77,25.0,0.0,22,63.0,3.9,22,-1.460965714322057,-3.616017032810471
2018-07-16 19:00:00,28.7,81,25.2,0.0,23,10.0,2.5,98,-2.475670171853926,0.3479327524001634
2018-07-16 20:00:00,28.1,85,25.4,0.0,16,0.0,3.1,111,-2.8940993221413254,1.1109406435904308
2018-07-16 21:00:00,27.5,89,25.6,0.0,25,0.0,5.0,69,-4.667902132486009,-1.791839747726502
2018-07-16 22:00:00,27.1,91,25.6,0.0,8,0.0,4.7,113,-4.326372811226469,1.836436303899587
2018-07-16 23:00:00,27.7,87,25.4,0.0,13,0.0,5.5,148,-2.914555953282627,4.664264528860342
2018-07-17 00:00:00,27.2,90,25.5,0.0,20,0.0,5.9,169,-1.1257730727216153,5.791600382341218
2018-07-17 01:00:00,26.8,93,25.6,0.0,24,0.0,5.8,180,-7.10295143505465e-16,5.8
2018-07-17 02:00:00,27.3,91,25.8,0.0,32,0.0,6.5,183,0.3401837155791332,6.49109197590473
2018-07-17 03:00:00,27.1,93,25.9,0.0,38,0.0,4.5,209,2.181643291108516,3.9357886821272814
2018-07-17 04:00:00,27.6,90,25.9,0.0,35,0.0,3.0,256,2.910887178827989,0.7257656867990033
2018-07-17 05:00:00,27.6,90,25.8,0.0,32,0.0,3.3,319,2.164994795668674,-2.490541614735147
2018-07-17 06:00:00,27.4,91,25.8,0.0,32,4.0,4.5,331,2.181643291108516,-3.9357886821272814
2018-07-17 07:00:00,28.5,87,26.1,0.0,32,40.0,2.9,353,0.3534210958749269,-2.878383839759834
2018-07-17 08:00:00,29.2,82,25.8,0.0,31,139.0,3.2,333,1.4527695991665504,-2.851220877402777
2018-07-17 09:00:00,29.8,79,25.8,0.0,31,245.0,3.6,307,2.875087836170255,-2.1665340833473725
2018-07-17 10:00:00,30.3,77,25.9,0.0,42,318.0,4.4,279,4.345828698618607,-0.688311646177015
2018-07-17 11:00:00,30.9,75,25.9,0.0,42,459.0,6.2,260,6.10580806867569,1.0766187015349682
2018-07-17 12:00:00,31.1,75,26.2,0.0,44,526.0,6.6,257,6.430842427582552,1.4846769586695103
2018-07-17 13:00:00,31.0,76,26.4,0.0,53,420.0,6.8,273,6.790680836331102,-0.3558845024520188
2018-07-17 14:00:00,30.9,77,26.4,0.0,46,348.0,6.1,310,4.672871103025766,-3.921004419087889
2018-07-17 15:00:00,31.3,72,25.7,0.0,40,357.0,6.9,321,4.342310698243882,-5.362307134053097
2018-07-17 16:00:00,31.2,72,25.6,0.0,48,336.0,7.9,317,5.387787044493736,-5.777694242791449
2018-07-17 17:00:00,30.8,73,25.4,0.0,35,166.0,5.8,330,2.9000000000000026,-5.022947341949743
2018-07-17 18:00:00,30.3,75,25.4,0.0,32,88.0,2.6,16,-0.7166571251241979,-2.499280409439629
2018-07-17 19:00:00,29.6,80,25.8,0.0,32,8.0,2.6,124,-2.1554976886431088,1.4539015490239415
2018-07-17 20:00:00,28.7,86,26.1,0.0,28,0.0,4.0,153,-1.8159619989581877,3.564026096753471
2018-07-17 21:00:00,28.2,88,26.1,0.0,33,0.0,5.1,184,0.3557580160950389,5.087576656325103
2018-07-17 22:00:00,27.9,91,26.3,0.0,30,0.0,5.9,191,1.125773072721614,5.791600382341218
2018-07-17 23:00:00,27.9,92,26.4,0.0,40,0.0,5.4,184,0.3766849582182765,5.386845871403051
2018-07-18 00:00:00,27.5,92,26.1,0.2,42,0.0,3.6,180,-4.4087284769304716e-16,3.6
2018-07-18 01:00:00,27.2,93,25.9,0.4,43,0.0,1.0,135,-0.7071067811865476,0.7071067811865475
2018-07-18 02:00:00,27.1,93,25.9,0.0,35,0.0,1.1,180,-1.3471114790620887e-16,1.1
2018-07-18 03:00:00,27.5,92,26.0,0.0,38,0.0,1.3,236,1.0777488443215544,0.7269507745119705
2018-07-18 04:00:00,27.0,93,25.9,0.0,31,0.0,2.3,321,1.447436899414627,-1.7874357113510322
2018-07-18 05:00:00,26.9,94,25.9,0.0,20,0.0,3.6,323,2.166534083347374,-2.875087836170254
2018-07-18 06:00:00,27.0,94,26.0,0.0,21,4.0,1.6,333,0.7263847995832752,-1.4256104387013886
2018-07-18 07:00:00,28.1,89,26.2,0.0,21,61.0,1.3,326,0.7269507745119705,-1.0777488443215544
2018-07-18 08:00:00,28.8,85,26.0,0.0,17,192.0,4.2,301,3.600102662948872,-2.163159914622228
2018-07-18 09:00:00,29.4,82,26.0,0.1,23,337.0,6.3,283,6.1385314081469815,-1.4171916423663489
2018-07-18 10:00:00,29.7,82,26.2,0.1,20,386.0,9.0,268,8.994517443171862,0.3140954703225068
2018-07-18 11:00:00,30.2,82,26.7,0.1,37,586.0,7.5,287,7.172285669722766,-2.192787785420525
2018-07-18 12:00:00,30.3,82,27.0,0.2,33,545.0,8.8,305,7.208537989743128,-5.047472639889206
2018-07-18 13:00:00,30.4,84,27.3,0.2,49,509.0,9.1,326,5.088655421583794,-7.54424191025088
2018-07-18 14:00:00,30.4,85,27.6,0.3,60,454.0,9.0,323,5.416335208368435,-7.187719590425635
2018-07-18 15:00:00,31.0,72,25.2,0.0,58,452.0,8.2,319,5.37968403772216,-6.188618557826729
2018-07-18 16:00:00,30.7,73,25.2,0.0,55,363.0,4.8,333,2.179154398749825,-4.276831316104166
2018-07-18 17:00:00,30.2,75,25.2,0.0,44,215.0,2.6,286,2.499280409439629,-0.7166571251241984
2018-07-18 18:00:00,29.5,78,25.3,0.0,35,95.0,1.5,166,-0.3628828433995016,1.4554435894139948
2018-07-18 19:00:00,28.7,82,25.4,0.0,29,10.0,4.6,141,-2.894873798829252,3.5748714227020657
2018-07-18 20:00:00,28.1,85,25.3,0.0,33,0.0,7.7,143,-4.633975678270771,6.149493427364156
2018-07-18 21:00:00,27.8,87,25.4,0.0,27,0.0,9.0,151,-4.363286582217034,7.871577364254562
2018-07-18 22:00:00,27.5,88,25.4,0.0,23,0.0,8.4,160,-2.8729692039356185,7.893418014601631
2018-07-18 23:00:00,27.3,90,25.5,0.0,19,0.0,8.3,175,-0.7233926648055631,8.268415994161488
2018-07-19 00:00:00,27.0,92,25.7,0.0,20,0.0,7.6,185,0.6623836448822004,7.571079705497266
2018-07-19 01:00:00,26.8,94,25.7,0.0,18,0.0,6.6,193,1.4846769586695088,6.430842427582553
2018-07-19 02:00:00,26.7,95,25.7,0.0,15,0.0,2.6,214,1.4539015490239415,2.1554976886431088
2018-07-19 03:00:00,26.9,92,25.5,0.0,20,0.0,2.4,243,2.138415658052083,1.0895771993749126
2018-07-19 04:00:00,26.3,94,25.2,0.0,33,0.0,2.4,297,2.1384156580520832,-1.089577199374912
2018-07-19 05:00:00,26.0,95,25.2,0.0,38,0.0,3.8,311,2.8678964048465345,-2.4930243101639267
2018-07-19 06:00:00,25.9,97,25.3,0.0,21,4.0,3.6,315,2.545584412271572,-2.5455844122715705
2018-07-19 07:00:00,27.1,92,25.6,0.1,21,50.0,4.0,350,0.6945927106677215,-3.939231012048832
2018-07-19 08:00:00,27.8,89,25.8,0.0,44,182.0,6.1,332,2.863776532993933,-5.385980316439454
2018-07-19 09:00:00,28.6,86,26.1,0.0,40,314.0,8.6,327,4.683895701129232,-7.212566884330647
2018-07-19 10:00:00,29.2,84,26.3,0.0,69,426.0,10.4,316,7.224447052773575,-7.481133923521969
2018-07-19 11:00:00,29.4,85,26.6,0.1,56,323.0,10.9,304,9.036509540849954,-6.095202647831143
2018-07-19 12:00:00,29.9,80,26.0,0.5,52,418.0,9.9,303,8.302838622659701,-5.391926446648764
2018-07-19 13:00:00,29.3,81,25.7,0.9,50,297.0,9.3,306,7.523858047687013,-5.466402846319999
2018-07-19 14:00:00,29.4,79,25.5,1.6,47,349.0,9.9,316,6.877117867544077,-7.121464023352644
2018-07-19 15:00:00,29.9,79,25.8,0.3,46,346.0,9.4,310,7.200817765318394,-6.042203531053469
2018-07-19 16:00:00,29.5,81,25.8,0.2,76,240.0,7.2,323,4.333068166694748,-5.750175672340508
2018-07-19 17:00:00,28.8,81,25.3,0.8,90,116.0,5.3,332,2.4881992827652213,-4.679622242152313
2018-07-19 18:00:00,27.8,86,25.1,0.5,55,40.0,4.0,280,3.939231012048833,-0.6945927106677199
2018-07-19 19:00:00,26.9,87,24.6,2.2,100,2.0,2.1,149,-1.0815799573111142,1.8000513314744355
2018-07-19 20:00:00,26.4,90,24.7,1.0,100,0.0,5.3,152,-2.4881992827652204,4.679622242152313
2018-07-19 21:00:00,26.3,90,24.6,0.1,100,0.0,6.0,147,-3.267834210090164,5.032023407672543
2018-07-19 22:00:00,26.3,91,24.8,0.0,89,0.0,3.8,139,-2.493024310163928,2.8678964048465336
2018-07-19 23:00:00,26.5,89,24.5,0.0,77,0.0,2.4,153,-1.0895771993749124,2.138415658052083
2018-07-20 00:00:00,26.3,90,24.5,0.0,80,0.0,1.4,180,-1.7145055188062944e-16,1.4
2018-07-20 01:00:00,25.8,93,24.7,0.0,56,0.0,1.9,158,-0.7117525274902332,1.7616493236768958
2018-07-20 02:00:00,25.5,95,24.6,0.3,85,0.0,2.4,153,-1.0895771993749124,2.138415658052083
2018-07-20 03:00:00,25.6,93,24.4,0.2,54,0.0,1.8,349,0.3434561916777804,-1.7669289302057951
2018-07-20 04:00:00,25.3,94,24.4,0.2,44,0.0,3.1,21,-1.1109406435904308,-2.8940993221413254
2018-07-20 05:00:00,25.2,95,24.4,0.2,34,0.0,2.9,360,7.10295143505465e-16,-2.9
2018-07-20 06:00:00,25.3,94,24.3,0.0,50,2.0,4.1,345,1.0611580849203348,-3.96029588778518
2018-07-20 07:00:00,26.4,87,24.1,0.0,51,60.0,5.8,4,-0.4045875477159267,-5.78587149150698
2018-07-20 08:00:00,26.9,85,24.2,0.0,56,137.0,7.2,357,0.3768188849491994,-7.190132650232932
2018-07-20 09:00:00,27.7,83,24.6,0.0,62,266.0,10.0,334,4.383711467890778,-8.987940462991668
2018-07-20 10:00:00,28.4,82,24.9,0.2,35,299.0,11.0,322,6.77227622858224,-8.668118289673941
2018-07-20 11:00:00,29.1,80,25.4,0.0,46,443.0,10.2,318,6.825132184860353,-7.580077219869421
2018-07-20 12:00:00,29.9,77,25.5,0.1,54,633.0,10.2,315,7.212489168102786,-7.212489168102782
2018-07-20 13:00:00,29.7,76,25.1,0.6,88,471.0,9.7,309,7.538315826132616,-6.104407793183423
2018-07-20 14:00:00,28.6,80,24.9,2.0,100,152.0,8.9,339,3.189474750953177,-8.308865795825094
2018-07-20 15:00:00,29.9,81,26.2,0.0,100,326.0,8.3,355,0.7233926648055641,-8.268415994161488
2018-07-20 16:00:00,29.8,81,26.1,0.0,91,227.0,8.0,352,1.113384807680527,-7.922144549932562
2018-07-20 17:00:00,29.4,82,26.0,0.0,90,116.0,6.6,347,1.4846769586695112,-6.430842427582552
2018-07-20 18:00:00,28.7,84,25.7,0.1,53,55.0,7.6,360,1.8614631347039767e-15,-7.6
2018-07-20 19:00:00,28.3,85,25.5,0.1,41,6.0,6.2,10,-1.0766187015349682,-6.10580806867569
2018-07-20 20:00:00,28.0,87,25.6,0.0,48,0.0,5.1,356,0.3557580160950407,-5.087576656325103
2018-07-20 21:00:00,27.6,88,25.5,0.0,42,0.0,3.4,302,2.8833635269318485,-1.801725498392896
2018-07-20 22:00:00,26.7,93,25.4,0.7,47,0.0,1.8,191,0.3434561916777805,1.7669289302057951
2018-07-20 23:00:00,26.1,95,25.2,0.9,55,0.0,4.6,162,-1.4214781741247584,4.3748599749577055
2018-07-21 00:00:00,25.8,96,25.0,0.5,100,0.0,5.9,166,-1.4273391840380396,5.72474478502838
2018-07-21 01:00:00,25.7,95,24.7,0.4,100,0.0,5.0,159,-1.7918397477265011,4.667902132486009
2018-07-21 02:00:00,25.6,94,24.5,0.4,65,0.0,4.2,149,-2.1631599146222285,3.6001026629488715
2018-07-21 03:00:00,25.9,92,24.6,0.0,49,0.0,3.9,124,-3.233246532964663,2.180852323535912
2018-07-21 04:00:00,26.0,92,24.6,0.0,48,0.0,2.7,113,-2.4853631043215887,1.0549740469210394
2018-07-21 05:00:00,26.5,87,24.2,0.0,41,0.0,0.5,315,0.3535533905932738,-0.3535533905932737
2018-07-21 06:00:00,26.0,92,24.6,0.0,33,2.0,2.4,297,2.1384156580520832,-1.089577199374912
2018-07-21 07:00:00,27.1,87,24.7,0.0,16,53.0,2.5,262,2.475670171853926,0.3479327524001646
2018-07-21 08:00:00,27.8,83,24.6,0.0,14,188.0,2.4,297,2.1384156580520832,-1.089577199374912
2018-07-21 09:00:00,28.6,79,24.5,0.0,30,332.0,5.0,300,4.330127018922193,-2.5000000000000004
2018-07-21 10:00:00,29.2,76,24.5,0.2,53,543.0,6.9,309,5.362307134053099,-4.342310698243879
2018-07-21 11:00:00,29.6,76,24.9,0.2,60,591.0,8.7,330,4.350000000000003,-7.534421012924613
2018-07-21 12:00:00,29.8,76,25.1,0.2,68,502.0,10.7,340,3.659615533584654,-10.05471104240922
2018-07-21 13:00:00,29.9,76,25.1,0.3,50,448.0,13.3,347,2.991849022773409,-12.959121861643627
2018-07-21 14:00:00,29.6,77,25.1,0.0,39,274.0,12.0,353,1.4624321208617668,-11.910553819695863
2018-07-21 15:00:00,30.0,75,25.0,0.0,46,398.0,14.0,1,-0.2443336901219691,-13.997867732189478
2018-07-21 16:00:00,30.1,74,24.9,0.0,48,297.0,13.7,2,-0.4781231048242632,-13.691654330161612
2018-07-21 17:00:00,30.0,74,24.8,0.0,47,154.0,11.2,4,-0.7812725059342034,-11.17271736291003
2018-07-21 18:00:00,29.5,76,24.9,0.0,62,50.0,5.8,353,0.7068421917498539,-5.756767679519668
2018-07-21 19:00:00,28.8,81,25.3,0.0,68,6.0,2.7,113,-2.4853631043215887,1.0549740469210394
2018-07-21 20:00:00,28.2,83,25.1,0.0,41,0.0,4.2,149,-2.1631599146222285,3.6001026629488715
2018-07-21 21:00:00,27.9,85,25.2,0.0,45,0.0,3.8,163,-1.111012477946399,3.633958072659535
2018-07-21 22:00:00,27.7,86,25.2,0.0,36,0.0,3.6,186,0.3763024677635526,3.580278823325784
2018-07-21 23:00:00,27.4,88,25.2,0.0,34,0.0,3.1,234,2.507952682562337,1.822134282106667
2018-07-22 00:00:00,26.9,90,25.2,0.0,13,0.0,3.6,217,2.1665340833473743,2.875087836170254
2018-07-22 01:00:00,26.8,91,25.2,0.0,20,0.0,4.6,198,1.4214781741247573,4.374859974957706
2018-07-22 02:00:00,26.3,93,25.1,0.3,41,0.0,4.2,200,1.4364846019678084,3.946709007300816
2018-07-22 03:00:00,26.6,88,24.4,0.2,74,0.0,1.9,202,0.7117525274902328,1.761649323676896
2018-07-22 04:00:00,26.4,89,24.4,0.1,81,0.0,1.9,292,1.761649323676896,-0.7117525274902327
2018-07-22 05:00:00,26.5,87,24.2,0.0,77,0.0,2.5,315,1.767766952966369,-1.7677669529663684
2018-07-22 06:00:00,26.1,90,24.4,0.0,75,3.0,2.5,315,1.767766952966369,-1.7677669529663684
2018-07-22 07:00:00,27.1,86,24.6,0.0,45,66.0,5.1,309,3.963444403430551,-3.209533994354171
2018-07-22 08:00:00,27.9,84,24.9,0.0,78,195.0,7.0,325,4.015035054457325,-5.734064310022941
2018-07-22 09:00:00,28.7,80,24.8,0.0,96,277.0,7.1,319,4.658019105832603,-5.35843801958168
2018-07-22 10:00:00,29.1,77,24.7,0.0,66,174.0,7.2,307,5.75017567234051,-4.333068166694745
2018-07-22 11:00:00,29.4,76,24.7,0.0,44,126.0,7.0,291,6.535062985480412,-2.5085756468171025
2018-07-22 12:00:00,29.8,75,24.8,0.2,41,135.0,7.8,292,7.232034065620942,-2.9219314286441134
2018-07-22 13:00:00,30.0,76,25.2,0.0,79,269.0,8.6,292,7.973781149274371,-3.2216167033768426
2018-07-22 14:00:00,30.1,76,25.5,0.0,87,233.0,9.0,286,8.651355263444868,-2.480736202352994
2018-07-22 15:00:00,30.1,76,25.5,0.0,73,301.0,9.5,279,9.38303923565381,-1.4861274178821915
2018-07-22 16:00:00,29.9,77,25.5,0.3,89,244.0,7.6,265,7.571079705497266,0.6623836448822027
2018-07-22 17:00:00,29.2,80,25.5,0.2,57,145.0,5.4,262,5.34744757120448,0.7515347451843555
2018-07-22 18:00:00,29.0,81,25.4,0.2,61,34.0,1.5,284,1.4554435894139948,-0.3628828433995011
2018-07-22 19:00:00,28.2,83,25.0,2.2,64,2.0,2.6,124,-2.1554976886431088,1.4539015490239415
2018-07-22 20:00:00,27.5,87,25.0,1.0,93,0.0,3.2,243,2.851220877402777,1.45276959916655
2018-07-22 21:00:00,26.9,91,25.3,0.8,100,0.0,5.1,262,5.050367150582008,0.7097828148963357
2018-07-22 22:00:00,26.6,92,25.2,0.5,100,0.0,3.4,238,2.883363526931848,1.801725498392897
2018-07-22 23:00:00,26.3,92,24.9,0.3,48,0.0,3.6,180,-4.4087284769304716e-16,3.6
2018-07-23 00:00:00,26.1,92,24.7,0.6,56,0.0,6.3,149,-3.2447398719333425,5.400153994423307
2018-07-23 01:00:00,26.0,91,24.5,0.2,61,0.0,7.1,135,-5.020458146424487,5.020458146424486
2018-07-23 02:00:00,26.1,90,24.3,0.0,76,0.0,8.7,128,-6.855693556378481,5.356254835333226
2018-07-23 03:00:00,25.9,89,23.9,0.1,56,0.0,8.7,132,-6.46535998165333,5.821436275322066
2018-07-23 04:00:00,26.0,87,23.6,0.0,49,0.0,8.9,148,-4.716281451675524,7.547628055792192
2018-07-23 05:00:00,26.0,86,23.6,0.0,46,0.0,9.2,149,-4.7383502891725,7.885939166459432
2018-07-23 06:00:00,26.2,85,23.5,0.0,47,2.0,7.9,150,-3.95,6.841600689897066
2018-07-23 07:00:00,27.0,83,23.9,0.0,33,36.0,9.2,154,-4.033014550459511,8.268905225952336
2018-07-23 08:00:00,28.3,78,24.0,0.0,31,127.0,10.0,165,-2.58819045102521,9.65925826289068
2018-07-23 09:00:00,29.4,73,24.1,0.0,31,235.0,11.4,167,-2.5644420195200635,11.10781873855168
2018-07-23 10:00:00,30.0,72,24.4,0.0,31,220.0,11.6,175,-1.011006615872835,11.555858497864248
2018-07-23 11:00:00,30.5,71,24.7,0.0,33,252.0,12.3,187,1.498992923883312,12.208317665188265
2018-07-23 12:00:00,30.9,70,24.8,0.0,33,336.0,11.9,194,2.878870557636044,11.54651914268436
2018-07-23 13:00:00,31.0,70,24.8,0.0,34,300.0,10.9,197,3.186851581477831,10.423721839997087
2018-07-23 14:00:00,30.6,72,25.0,0.0,46,249.0,10.6,198,3.275580140374441,10.081199072728628
2018-07-23 15:00:00,30.8,71,25.0,0.0,47,183.0,10.4,194,2.5159877142365423,10.091075553270365
2018-07-23 16:00:00,30.6,73,25.3,0.0,44,130.0,10.6,190,1.8406706832694628,10.438962181929403
2018-07-23 17:00:00,30.2,76,25.4,0.0,40,82.0,10.2,190,1.7712114122026907,10.04503908072452
2018-07-23 18:00:00,29.6,79,25.7,0.0,41,5.0,8.6,202,3.221616703376843,7.973781149274371
2018-07-23 19:00:00,28.9,83,25.6,0.0,41,0.0,10.4,194,2.5159877142365423,10.091075553270365
2018-07-23 20:00:00,28.3,86,25.7,0.0,47,0.0,12.0,187,1.4624321208617677,11.910553819695863
2018-07-23 21:00:00,28.0,87,25.7,0.0,88,0.0,10.9,174,-1.1393602496174258,10.84028865951418
2018-07-23 22:00:00,27.9,87,25.6,0.0,99,0.0,10.6,162,-3.275580140374444,10.081199072728626
2018-07-23 23:00:00,27.6,88,25.4,0.0,66,0.0,10.8,154,-4.734408385322035,9.706975700031006
2018-07-24 00:00:00,27.2,88,25.0,0.0,73,0.0,11.0,157,-4.298042413382012,10.125553387976844
2018-07-24 01:00:00,26.8,88,24.7,0.3,80,0.0,10.6,162,-3.275580140374444,10.081199072728626
2018-07-24 02:00:00,26.4,91,24.7,0.3,67,0.0,9.0,164,-2.480736202352993,8.65135526344487
2018-07-24 03:00:00,26.8,89,24.9,0.0,67,0.0,6.8,148,-3.603450996785793,5.766727053863696
2018-07-24 04:00:00,26.7,89,24.8,0.0,43,0.0,8.7,142,-5.356254835333227,6.85569355637848
2018-07-24 05:00:00,26.6,89,24.7,0.0,39,0.0,8.1,148,-4.29234604028896,6.86918957886705
2018-07-24 06:00:00,26.7,89,24.8,0.0,39,1.0,8.2,151,-3.975438886019965,7.171881598543044
2018-07-24 07:00:00,27.6,86,25.0,0.0,38,24.0,10.6,156,-4.311408416603484,9.683581851011567
2018-07-24 08:00:00,28.2,83,25.0,0.0,32,21.0,10.2,162,-3.1519733426244643,9.700776466210565
2018-07-24 09:00:00,28.8,81,25.2,0.0,36,42.0,8.7,175,-0.7582549619046263,8.666893873398186
2018-07-24 10:00:00,29.3,80,25.5,0.0,38,74.0,8.1,167,-1.822103540185308,7.892397524760404
2018-07-24 11:00:00,29.7,78,25.6,0.0,34,80.0,8.0,175,-0.6972459419812655,7.969557584733964
2018-07-24 12:00:00,29.9,78,25.6,0.0,44,103.0,11.1,193,2.496956703216901,10.81550771911611
2018-07-24 13:00:00,30.4,78,26.1,0.0,52,383.0,13.3,182,0.464163306143262,13.291897999353974
2018-07-24 14:00:00,30.1,80,26.3,0.1,42,200.0,10.5,172,-1.461317560080686,10.397814721786489
2018-07-24 15:00:00,29.4,81,25.9,0.1,49,36.0,7.6,175,-0.6623836448822022,7.571079705497266
2018-07-24 16:00:00,29.1,82,25.7,0.0,34,4.0,6.4,153,-2.9055391983331003,5.702441754805554
2018-07-24 17:00:00,28.8,83,25.6,0.0,33,0.0,5.5,148,-2.914555953282627,4.664264528860342
2018-07-24 18:00:00,28.6,85,25.7,0.0,38,0.0,5.6,207,2.542346798541461,4.98963653545486
2018-07-24 19:00:00,28.3,87,25.8,0.0,52,0.0,7.1,150,-3.5499999999999994,6.148780366869515
2018-07-24 20:00:00,27.8,89,25.8,0.0,30,0.0,6.9,137,-4.70578868443124,5.046340541172277
2018-07-24 21:00:00,27.4,91,25.8,0.0,35,0.0,6.8,155,-2.8738041798367564,6.162892951849219
2018-07-24 22:00:00,27.2,92,25.7,0.0,36,0.0,8.2,157,-3.2039952536120446,7.54813979831001
2018-07-24 23:00:00,27.0,92,25.5,0.0,35,0.0,8.3,175,-0.7233926648055631,8.268415994161488
2018-07-25 00:00:00,26.8,92,25.4,0.0,34,0.0,8.0,185,0.6972459419812636,7.969557584733964
2018-07-25 01:00:00,26.4,94,25.3,0.2,32,0.0,6.7,164,-1.8467702839738949,6.440453362786736
2018-07-25 02:00:00,26.0,95,25.1,0.3,32,0.0,6.4,137,-4.36478950439999,4.680663690362692
2018-07-25 03:00:00,25.7,95,24.7,0.0,22,0.0,5.1,135,-3.606244584051392,3.606244584051392
2018-07-25 04:00:00,25.5,94,24.5,0.1,17,0.0,6.3,156,-2.5624408513775427,5.755336383148385
2018-07-25 05:00:00,25.5,93,24.3,0.2,11,0.0,7.6,161,-2.47431797387439,7.185941174554808
2018-07-25 06:00:00,25.7,92,24.3,0.0,14,2.0,6.2,100,-6.10580806867569,1.076618701534968
2018-07-25 07:00:00,26.9,88,24.7,0.0,7,76.0,4.0,117,-3.564026096753472,1.815961998958187
2018-07-25 08:00:00,28.1,84,25.1,0.0,3,233.0,1.8,191,0.3434561916777805,1.7669289302057951
2018-07-25 09:00:00,29.1,81,25.5,0.0,1,390.0,2.3,198,0.7107390870623786,2.187429987478853
2018-07-25 10:00:00,30.1,76,25.4,0.0,1,523.0,1.5,225,1.0606601717798212,1.0606601717798214
2018-07-25 11:00:00,30.4,74,25.2,0.2,0,584.0,4.0,270,4.0,7.34788079488412e-16
2018-07-25 12:00:00,30.1,77,25.7,0.5,15,446.0,4.1,285,3.960295887785181,-1.061158084920333
2018-07-25 13:00:00,29.6,79,25.6,0.9,32,280.0,0.4,90,-0.4,-2.4492935982947065e-17
2018-07-25 14:00:00,29.4,79,25.4,0.2,29,224.0,1.3,124,-1.0777488443215544,0.7269507745119708
2018-07-25 15:00:00,30.1,76,25.3,0.2,37,333.0,2.1,149,-1.0815799573111142,1.8000513314744355
2018-07-25 16:00:00,29.3,79,25.2,0.2,43,112.0,4.7,203,1.8364363038995857,4.32637281122647
2018-07-25 17:00:00,28.6,81,25.0,0.7,47,123.0,6.5,161,-2.1161930039715178,6.14587074139556
2018-07-25 18:00:00,28.2,82,24.8,0.0,33,28.0,5.5,157,-2.149021206691006,5.062776693988422
2018-07-25 19:00:00,27.7,84,24.7,0.0,23,3.0,9.8,114,-8.95274548489749,3.986019102142843
2018-07-25 20:00:00,27.5,85,24.7,0.0,14,0.0,6.2,159,-2.221881287180861,5.788198644282651
2018-07-25 21:00:00,27.1,87,24.8,0.0,5,0.0,7.4,209,3.5875911898228936,6.47218583283153
2018-07-25 22:00:00,27.1,88,25.0,0.0,2,0.0,6.8,162,-2.101315561749643,6.467184310807044
2018-07-25 23:00:00,26.9,89,25.0,0.0,6,0.0,6.9,133,-5.0463405411722775,4.705788684431239
2018-07-26 00:00:00,26.6,90,24.9,0.0,10,0.0,6.6,131,-4.981083229470296,4.329989591337347
2018-07-26 01:00:00,26.3,91,24.8,0.0,11,0.0,6.5,146,-3.634753872559855,5.38874422160777
2018-07-26 02:00:00,26.0,93,24.7,0.1,9,0.0,5.4,160,-1.846908773958612,5.074340152243905
2018-07-26 03:00:00,25.8,93,24.6,0.0,14,0.0,3.3,139,-2.1649947956686737,2.490541614735148
2018-07-26 04:00:00,25.5,94,24.4,0.1,17,0.0,3.6,127,-2.8750878361702537,2.1665340833473743
2018-07-26 05:00:00,25.2,95,24.4,0.3,24,0.0,3.8,107,-3.633958072659535,1.1110124779463992
2018-07-26 06:00:00,25.1,95,24.3,0.0,39,3.0,1.5,104,-1.4554435894139948,0.3628828433995016
2018-07-26 07:00:00,26.6,89,24.7,0.2,50,29.0,2.8,40,-1.7998053071223097,-2.1449244407331385
2018-07-26 08:00:00,27.5,82,24.2,0.0,46,125.0,1.8,37,-1.083267041673687,-1.437543918085127
2018-07-26 09:00:00,28.7,80,24.9,0.0,39,352.0,1.8,349,0.3434561916777804,-1.7669289302057951
2018-07-26 10:00:00,29.5,77,25.1,0.0,34,433.0,2.6,344,0.7166571251241973,-2.499280409439629
2018-07-26 11:00:00,30.2,74,25.1,0.0,39,513.0,4.6,309,3.5748714227020653,-2.894873798829252
2018-07-26 12:00:00,30.5,73,25.1,0.0,37,520.0,4.9,306,3.964183272437243,-2.8801477362331176
2018-07-26 13:00:00,30.6,74,25.3,0.1,62,515.0,4.8,283,4.676976310969129,-1.0797650608505516
2018-07-26 14:00:00,30.1,74,25.0,0.3,80,368.0,5.1,278,5.050367150582009,-0.7097828148963339
2018-07-26 15:00:00,30.0,73,24.7,0.1,67,249.0,4.5,256,4.366330768241984,1.088648530198505
2018-07-26 16:00:00,29.8,74,24.7,0.0,86,153.0,4.0,243,3.564026096753471,1.815961998958188
2018-07-26 17:00:00,29.5,75,24.7,0.0,60,78.0,2.9,210,1.4500000000000002,2.511473670974872
2018-07-26 18:00:00,29.1,77,24.6,0.0,46,32.0,2.9,240,2.511473670974872,1.4500000000000013
2018-07-26 19:00:00,28.7,83,25.5,0.0,41,0.0,0.8,243,0.7128052193506943,0.3631923997916375
2018-07-26 20:00:00,28.2,83,25.1,0.0,40,0.0,0.4,180,-4.8985871965894125e-17,0.4
2018-07-26 21:00:00,27.4,87,25.1,0.0,29,0.0,3.6,174,-0.3763024677635534,3.580278823325784
2018-07-26 22:00:00,27.0,89,25.0,0.0,26,0.0,7.6,180,-9.307315673519883e-16,7.6
2018-07-26 23:00:00,27.0,90,25.2,0.0,29,0.0,6.9,174,-0.7212463965468108,6.862201078041086
2018-07-27 00:00:00,26.7,92,25.2,0.2,32,0.0,6.8,177,-0.3558845024520178,6.790680836331102
2018-07-27 01:00:00,26.1,93,24.9,1.8,48,0.0,7.2,186,0.7526049355271052,7.160557646651568
2018-07-27 02:00:00,25.8,94,24.7,0.8,100,0.0,6.2,144,-3.644268564213334,5.015905365124674
2018-07-27 03:00:00,25.5,94,24.5,1.7,90,0.0,3.4,122,-2.8833635269318485,1.8017254983928963
2018-07-27 04:00:00,25.7,92,24.3,0.0,55,0.0,1.9,112,-1.761649323676896,0.7117525274902329
2018-07-27 05:00:00,25.6,92,24.2,0.0,18,0.0,3.7,79,-3.632020578756357,-0.7059932828932162
2018-07-27 06:00:00,25.8,92,24.3,0.0,7,3.0,3.0,14,-0.7257656867990032,-2.910887178827989
2018-07-27 07:00:00,27.0,87,24.7,0.0,8,81.0,3.2,27,-1.4527695991665497,-2.8512208774027776
2018-07-27 08:00:00,27.9,84,25.0,0.0,4,218.0,2.8,50,-2.1449244407331385,-1.79980530712231
2018-07-27 09:00:00,28.9,80,25.1,0.0,22,441.0,2.8,40,-1.7998053071223097,-2.1449244407331385
2018-07-27 10:00:00,29.8,75,25.0,0.0,33,564.0,3.4,342,1.050657780874822,-3.233592155403522
2018-07-27 11:00:00,30.2,73,24.9,0.2,36,568.0,5.1,315,3.606244584051393,-3.606244584051391
2018-07-27 12:00:00,30.4,73,25.0,0.0,39,658.0,3.6,315,2.545584412271572,-2.5455844122715705
2018-07-27 13:00:00,30.6,74,25.5,0.1,27,646.0,5.8,300,5.022947341949744,-2.9000000000000004
2018-07-27 14:00:00,30.1,76,25.3,1.2,60,425.0,5.7,325,3.269385687200965,-4.669166652447252
2018-07-27 15:00:00,30.5,75,25.6,0.1,44,329.0,7.3,340,2.4967470462773806,-6.859756131737131
2018-07-27 16:00:00,29.7,78,25.4,1.1,32,165.0,4.6,321,2.894873798829254,-3.5748714227020644
2018-07-27 17:00:00,27.9,83,24.7,2.8,52,78.0,1.6,27,-0.7263847995832748,-1.4256104387013888
2018-07-27 18:00:00,27.4,86,24.8,1.4,48,12.0,5.9,137,-4.023790324368742,4.314986839553106
2018-07-27 19:00:00,26.6,90,24.7,0.4,38,3.0,6.1,152,-2.863776532993933,5.385980316439454
2018-07-27 20:00:00,26.4,90,24.6,0.0,23,0.0,4.8,153,-2.1791543987498248,4.276831316104166
2018-07-27 21:00:00,26.4,89,24.5,0.0,23,0.0,5.5,148,-2.914555953282627,4.664264528860342
2018-07-27 22:00:00,26.5,88,24.4,0.0,28,0.0,6.1,140,-3.9210044190878905,4.672871103025765
2018-07-27 23:00:00,26.4,89,24.5,0.0,30,0.0,6.1,135,-4.31335136523794,4.313351365237939
2018-07-28 00:00:00,26.3,90,24.4,0.0,27,0.0,6.0,123,-5.032023407672544,3.2678342100901627
2018-07-28 01:00:00,26.1,91,24.5,0.0,33,0.0,5.2,102,-5.08636752381579,1.0811407922523486
2018-07-28 02:00:00,26.0,90,24.2,0.9,35,0.0,5.0,90,-5.0,-3.061616997868383e-16
2018-07-28 03:00:00,25.8,90,24.1,0.0,45,0.0,6.0,73,-5.737828535778212,-1.7542302283364206
2018-07-28 04:00:00,25.8,88,23.7,0.0,36,0.0,6.3,66,-5.755336383148386,-2.5624408513775414
2018-07-28 05:00:00,25.8,86,23.3,0.0,33,0.0,5.9,43,-4.023790324368742,-4.314986839553106
2018-07-28 06:00:00,26.4,83,23.2,0.0,22,2.0,4.0,360,9.797174393178826e-16,-4.0
2018-07-28 07:00:00,27.4,78,23.2,0.0,15,57.0,4.7,4,-0.3278554265973889,-4.688551036221174
2018-07-28 08:00:00,28.3,74,23.2,0.0,10,244.0,4.7,360,1.1511679911985121e-15,-4.7
2018-07-28 09:00:00,29.0,74,24.0,0.0,9,400.0,5.6,345,1.4493866525741157,-5.409184627218783
2018-07-28 10:00:00,29.7,73,24.5,0.0,12,537.0,6.6,338,2.4724035165450213,-6.119413440140796
2018-07-28 11:00:00,30.1,72,24.6,0.0,12,589.0,7.5,325,4.3018232726328485,-6.143640332167437
2018-07-28 12:00:00,30.4,72,24.7,0.1,11,737.0,7.9,321,4.971631089293719,-6.139453095510068
2018-07-28 13:00:00,30.6,72,25.0,0.0,16,668.0,8.7,315,6.151828996322965,-6.151828996322961
2018-07-28 14:00:00,30.3,74,25.2,0.0,22,479.0,11.2,312,8.323222045346819,-7.494262791219207
2018-07-28 15:00:00,30.5,74,25.4,0.0,41,424.0,9.7,321,6.104407793183427,-7.538315826132614
2018-07-28 16:00:00,30.1,75,25.3,0.0,30,273.0,5.1,321,3.2095339943541727,-3.96344440343055
2018-07-28 17:00:00,29.5,77,25.0,1.0,38,196.0,2.7,203,1.054974046921039,2.485363104321589
2018-07-28 18:00:00,28.8,79,24.7,0.4,26,70.0,3.3,174,-0.3449439287832573,3.281922254715301
2018-07-28 19:00:00,28.1,82,24.7,0.0,48,6.0,4.7,157,-1.8364363038995868,4.32637281122647
2018-07-28 20:00:00,27.5,85,24.8,0.0,38,0.0,5.2,168,-1.0811407922523484,5.08636752381579
2018-07-28 21:00:00,27.2,87,24.8,0.0,31,0.0,5.5,157,-2.149021206691006,5.062776693988422
2018-07-28 22:00:00,27.1,88,24.8,0.0,30,0.0,5.5,148,-2.914555953282627,4.664264528860342
2018-07-28 23:00:00,26.7,89,24.8,0.2,32,0.0,5.2,155,-2.1976149610516376,4.71280049259058
2018-07-29 00:00:00,26.3,92,24.8,0.2,28,0.0,3.6,180,-4.4087284769304716e-16,3.6
2018-07-29 01:00:00,26.4,90,24.6,0.2,30,0.0,0.8,207,0.3631923997916373,0.7128052193506944
2018-07-29 02:00:00,25.6,94,24.7,0.2,51,0.0,0.8,117,-0.7128052193506944,0.3631923997916374
2018-07-29 03:00:00,26.9,85,24.2,0.0,32,0.0,0.4,360,9.797174393178825e-17,-0.4
2018-07-29 04:00:00,26.2,91,24.5,0.0,27,0.0,0.4,360,9.797174393178825e-17,-0.4
2018-07-29 05:00:00,26.6,87,24.3,0.0,15,0.0,1.1,18,-0.3399186938124421,-1.0461621679246689
2018-07-29 06:00:00,25.9,92,24.6,0.0,14,3.0,1.9,338,0.7117525274902334,-1.7616493236768958
2018-07-29 07:00:00,27.4,86,24.8,0.0,8,70.0,3.1,339,1.1109406435904323,-2.894099322141325
2018-07-29 08:00:00,28.1,82,24.7,0.0,10,174.0,4.2,340,1.436484601967808,-3.946709007300816
2018-07-29 09:00:00,29.1,77,24.7,0.0,14,452.0,6.4,333,2.9055391983331007,-5.702441754805554
2018-07-29 10:00:00,29.7,74,24.5,0.0,13,545.0,7.8,326,4.361704647071823,-6.466493065929326
2018-07-29 11:00:00,30.2,72,24.6,0.0,10,581.0,8.5,306,6.876644452187055,-4.99617464448602
2018-07-29 12:00:00,30.4,72,24.7,0.0,14,562.0,8.0,297,7.128052193506944,-3.631923997916373
2018-07-29 13:00:00,30.7,71,24.8,0.0,16,686.0,6.3,301,5.400153994423308,-3.244739871933341
2018-07-29 14:00:00,30.7,71,24.9,0.0,23,527.0,6.8,288,6.467184310807045,-2.101315561749641
2018-07-29 15:00:00,30.6,71,24.9,0.0,37,436.0,6.7,286,6.440453362786736,-1.846770283973896
2018-07-29 16:00:00,30.6,71,24.7,0.0,37,341.0,5.9,284,5.72474478502838,-1.4273391840380378
2018-07-29 17:00:00,30.3,72,24.6,0.0,39,193.0,4.1,285,3.960295887785181,-1.061158084920333
2018-07-29 18:00:00,29.9,73,24.5,0.0,32,78.0,5.1,274,5.087576656325104,-0.3557580160950386
2018-07-29 19:00:00,29.4,75,24.5,0.0,46,7.0,7.2,264,7.160557646651569,0.7526049355271042
2018-07-29 20:00:00,28.9,78,24.8,0.0,48,0.0,8.1,249,7.562001454627333,2.902780391316936
2018-07-29 21:00:00,28.4,82,25.0,0.0,47,0.0,4.1,218,2.5242120488351985,3.23084408978756
2018-07-29 22:00:00,28.0,84,25.1,0.0,57,0.0,2.6,164,-0.716657125124198,2.499280409439629
2018-07-29 23:00:00,27.6,86,25.1,0.0,62,0.0,3.3,167,-0.7423384793347552,3.215421213791276
2018-07-30 00:00:00,27.5,87,25.2,0.0,53,0.0,3.0,104,-2.910887178827989,0.7257656867990033
2018-07-30 01:00:00,27.6,84,24.6,0.2,58,0.0,3.8,107,-3.633958072659535,1.1110124779463992
2018-07-30 02:00:00,27.4,84,24.5,0.0,46,0.0,3.6,127,-2.8750878361702537,2.1665340833473743
2018-07-30 03:00:00,26.3,90,24.5,0.0,39,0.0,4.8,117,-4.276831316104166,2.1791543987498243
2018-07-30 04:00:00,26.2,90,24.4,0.0,41,0.0,5.1,129,-3.963444403430552,3.20953399435417
2018-07-30 05:00:00,27.3,83,24.1,0.0,48,0.0,4.1,128,-3.23084408978756,2.524212048835199
2018-07-30 06:00:00,27.1,84,24.1,0.0,32,2.0,3.3,131,-2.490541614735148,2.1649947956686737
2018-07-30 07:00:00,27.7,84,24.7,0.0,22,67.0,3.6,135,-2.5455844122715714,2.545584412271571
2018-07-30 08:00:00,28.7,78,24.5,0.0,14,178.0,3.4,148,-1.8017254983928963,2.883363526931848
2018-07-30 09:00:00,29.3,77,24.8,0.0,6,355.0,2.9,187,0.3534210958749272,2.878383839759834
2018-07-30 10:00:00,30.2,72,24.6,0.0,8,542.0,3.9,236,3.233246532964663,2.180852323535912
2018-07-30 11:00:00,30.7,70,24.6,0.0,16,613.0,7.7,259,7.558529312547013,1.4692292643993936
2018-07-30 12:00:00,30.9,70,24.7,0.0,29,624.0,8.7,263,8.635151519279502,1.0602632876247804
2018-07-30 13:00:00,30.9,70,24.7,0.0,19,585.0,7.7,259,7.558529312547013,1.4692292643993936
2018-07-30 14:00:00,30.9,69,24.6,0.0,22,568.0,7.3,250,6.859756131737131,2.49674704627738
2018-07-30 15:00:00,30.8,70,24.6,0.0,24,431.0,8.4,245,7.612985411107862,3.549993398621873
2018-07-30 16:00:00,30.7,70,24.5,0.0,34,376.0,8.5,242,7.505054539300879,3.990508283680072
2018-07-30 17:00:00,30.4,71,24.5,0.0,14,191.0,8.5,234,6.876644452187052,4.996174644486023
2018-07-30 18:00:00,29.9,74,24.6,0.0,13,60.0,6.3,239,5.400153994423306,3.2447398719333425
2018-07-30 19:00:00,29.3,76,24.6,0.0,14,9.0,6.4,223,4.364789504399989,4.680663690362692
2018-07-30 20:00:00,28.7,80,25.0,0.0,22,0.0,5.0,201,1.7918397477265022,4.667902132486009
2018-07-30 21:00:00,28.1,84,25.2,0.0,23,0.0,3.0,166,-0.7257656867990032,2.910887178827989
2018-07-30 22:00:00,27.8,87,25.3,0.0,30,0.0,3.0,166,-0.7257656867990032,2.910887178827989
2018-07-30 23:00:00,27.7,87,25.3,0.0,32,0.0,2.4,153,-1.0895771993749124,2.138415658052083
2018-07-31 00:00:00,28.0,85,25.2,0.0,45,0.0,3.9,124,-3.233246532964663,2.180852323535912
2018-07-31 01:00:00,27.7,85,25.0,0.0,41,0.0,5.1,135,-3.606244584051392,3.606244584051392
2018-07-31 02:00:00,27.2,88,25.0,0.0,40,0.0,4.3,132,-3.195522749552795,2.8772616073430903
2018-07-31 03:00:00,26.9,90,25.2,0.0,40,0.0,3.8,139,-2.493024310163928,2.8678964048465336
2018-07-31 04:00:00,26.5,91,25.0,0.0,36,0.0,4.7,148,-2.490620541896063,3.985826051935202
2018-07-31 05:00:00,26.4,91,24.8,0.0,26,0.0,5.1,141,-3.2095339943541705,3.963444403430551
2018-07-31 06:00:00,26.4,91,24.8,0.0,30,2.0,4.0,153,-1.8159619989581877,3.564026096753471
2018-07-31 07:00:00,28.2,83,25.1,0.0,39,71.0,4.3,185,0.3747696938149291,4.283637201794505
2018-07-31 08:00:00,29.1,79,25.0,0.0,36,245.0,4.8,207,2.179154398749824,4.276831316104166
2018-07-31 09:00:00,29.8,76,25.2,0.0,50,418.0,6.5,236,5.388744221607772,3.6347538725598527
2018-07-31 10:00:00,30.4,74,25.2,0.0,53,432.0,7.9,254,7.593967397912721,2.1775351109542918
2018-07-31 11:00:00,30.6,73,25.2,0.1,54,472.0,9.1,261,8.987963899415753,1.4235536318661024
2018-07-31 12:00:00,31.0,72,25.3,0.1,45,653.0,10.2,260,10.04503908072452,1.7712114122026892
2018-07-31 13:00:00,31.2,71,25.3,0.1,34,671.0,9.9,260,9.74959675482086,1.7191169589026103
2018-07-31 14:00:00,31.2,71,25.3,0.0,40,666.0,9.6,257,9.353952621938255,2.1595301217011063
2018-07-31 15:00:00,31.0,73,25.7,0.1,33,500.0,8.0,252,7.608452130361228,2.4721359549995805
2018-07-31 16:00:00,30.9,73,25.6,0.0,32,392.0,7.6,245,6.887939181478541,3.2118987892293136
2018-07-31 17:00:00,30.7,75,25.7,0.0,35,269.0,6.8,238,5.766727053863696,3.603450996785794
2018-07-31 18:00:00,30.2,77,25.7,0.0,34,90.0,4.8,243,4.276831316104166,2.179154398749825
2018-07-31 19:00:00,29.6,80,25.9,0.0,31,7.0,5.5,238,4.664264528860342,2.9145559532826275
2018-07-31 20:00:00,28.7,85,26.0,0.0,29,0.0,5.9,227,4.314986839553106,4.023790324368742
2018-07-31 21:00:00,28.0,89,26.0,0.0,28,0.0,5.7,215,3.269385687200963,4.669166652447253
2018-07-31 22:00:00,27.7,91,26.0,0.0,29,0.0,6.2,216,3.644268564213333,5.0159053651246746
2018-07-31 23:00:00,27.4,92,26.0,0.0,27,0.0,5.8,202,2.172718241812289,5.377666356487367
2018-08-01 00:00:00,27.1,93,25.9,0.0,38,0.0,6.5,180,-7.960204194457795e-16,6.5
2018-08-01 01:00:00,26.4,96,25.7,0.5,39,0.0,7.3,169,-1.3929056662487782,7.165878439167947
2018-08-01 02:00:00,26.2,96,25.5,0.4,42,0.0,6.7,164,-1.8467702839738949,6.440453362786736
2018-08-01 03:00:00,26.5,95,25.5,0.3,31,0.0,5.0,159,-1.7918397477265011,4.667902132486009
2018-08-01 04:00:00,26.0,95,25.2,0.4,89,0.0,4.2,160,-1.4364846019678092,3.9467090073008153
2018-08-01 05:00:00,25.7,96,25.0,0.2,96,0.0,2.6,146,-1.453901549023942,2.1554976886431083
2018-08-01 06:00:00,25.7,95,24.8,0.0,48,1.0,3.5,114,-3.197409101749103,1.423578250765301
2018-08-01 07:00:00,26.6,90,24.9,0.0,37,58.0,3.9,124,-3.233246532964663,2.180852323535912
2018-08-01 08:00:00,27.7,86,25.1,0.0,38,176.0,3.4,148,-1.8017254983928963,2.883363526931848
2018-08-01 09:00:00,28.7,85,25.9,0.0,26,308.0,2.9,187,0.3534210958749272,2.878383839759834
2018-08-01 10:00:00,29.6,83,26.4,0.1,20,432.0,3.1,249,2.894099322141325,1.1109406435904323
2018-08-01 11:00:00,30.2,81,26.6,0.2,16,561.0,3.9,248,3.616017032810471,1.460965714322058
2018-08-01 12:00:00,31.0,75,26.2,0.3,20,584.0,5.2,245,4.712800492590581,2.197614961051636
2018-08-01 13:00:00,31.2,76,26.5,0.2,8,481.0,6.0,237,5.032023407672545,3.267834210090162
2018-08-01 14:00:00,31.3,74,26.1,0.3,22,586.0,7.6,239,6.514471485336052,3.914289369316413
2018-08-01 15:00:00,31.4,78,27.1,0.0,26,490.0,9.4,238,7.971652103870404,4.981241083792128
2018-08-01 16:00:00,31.1,79,27.1,0.0,53,368.0,9.4,238,7.971652103870404,4.981241083792128
2018-08-01 17:00:00,30.0,81,26.4,0.7,38,230.0,9.3,242,8.211412613588022,4.366085533908785
2018-08-01 18:00:00,29.7,82,26.4,0.0,33,90.0,6.0,237,5.032023407672545,3.267834210090162
2018-08-01 19:00:00,29.3,84,26.3,0.0,30,5.0,4.9,216,2.880147736233118,3.9641832724372423
2018-08-01 20:00:00,28.8,87,26.4,0.0,27,0.0,5.2,192,1.0811407922523495,5.086367523815789
2018-08-01 21:00:00,28.4,89,26.4,0.0,29,0.0,5.9,194,1.4273391840380385,5.72474478502838
2018-08-01 22:00:00,28.0,90,26.1,0.7,29,0.0,7.1,204,2.887830165838181,6.486172749262466
2018-08-01 23:00:00,27.3,91,25.6,1.7,23,0.0,6.4,196,1.7640790772287938,6.1520748540052415
2018-08-02 00:00:00,26.6,92,25.2,1.6,59,0.0,5.0,180,-6.123233995736766e-16,5.0
2018-08-02 01:00:00,26.1,94,25.0,0.7,67,0.0,7.6,161,-2.47431797387439,7.185941174554808
2018-08-02 02:00:00,26.1,93,24.9,0.3,94,0.0,7.1,156,-2.887830165838183,6.486172749262465
2018-08-02 03:00:00,26.5,90,24.6,0.0,60,0.0,7.1,165,-1.837615220227899,6.858073366652384
2018-08-02 04:00:00,26.3,90,24.6,0.0,64,0.0,7.4,166,-1.790222027437541,7.180188374442374
2018-08-02 05:00:00,26.2,90,24.4,0.0,100,0.0,6.4,153,-2.9055391983331003,5.702441754805554
2018-08-02 06:00:00,25.9,90,24.2,0.3,76,1.0,6.3,156,-2.5624408513775427,5.755336383148385
2018-08-02 07:00:00,26.6,87,24.2,0.8,52,51.0,7.2,174,-0.7526049355271069,7.160557646651568
2018-08-02 08:00:00,27.3,84,24.4,0.9,44,146.0,5.9,194,1.4273391840380385,5.72474478502838
2018-08-02 09:00:00,27.8,85,25.0,1.2,84,273.0,4.7,180,-5.755839955992562e-16,4.7
2018-08-02 10:00:00,28.5,84,25.4,0.5,85,384.0,2.1,149,-1.0815799573111142,1.8000513314744355
2018-08-02 11:00:00,28.9,83,25.7,0.2,60,365.0,3.0,194,0.7257656867990026,2.910887178827989
2018-08-02 12:00:00,29.3,79,25.3,1.2,32,357.0,6.2,216,3.644268564213333,5.0159053651246746
2018-08-02 13:00:00,28.5,83,25.2,4.4,29,406.0,9.4,212,4.981241083792125,7.971652103870405
2018-08-02 14:00:00,28.4,85,25.6,0.6,64,158.0,10.5,207,4.76690024726524,9.355568503977864
2018-08-02 15:00:00,29.0,85,26.3,3.3,91,294.0,8.3,198,2.5648410533120627,7.893769085249776
2018-08-02 16:00:00,28.9,84,25.9,1.6,44,123.0,5.9,191,1.125773072721614,5.791600382341218
2018-08-02 17:00:00,28.9,84,25.8,0.0,38,18.0,5.6,207,2.542346798541461,4.98963653545486
2018-08-02 18:00:00,28.7,85,25.9,0.0,41,28.0,6.7,234,5.420413862312147,3.938161190359571
2018-08-02 19:00:00,28.1,88,25.9,0.0,38,4.0,6.7,234,5.420413862312147,3.938161190359571
2018-08-02 20:00:00,27.7,90,26.0,0.0,42,0.0,6.6,202,2.472403516545019,6.1194134401407965
2018-08-02 21:00:00,27.3,91,25.6,0.6,37,0.0,5.5,191,1.049449474570996,5.398949508962152
2018-08-02 22:00:00,26.7,90,25.0,2.4,47,0.0,6.5,180,-7.960204194457795e-16,6.5
2018-08-02 23:00:00,26.1,93,24.9,1.6,56,0.0,8.6,180,-1.0531962472667237e-15,8.6
2018-08-03 00:00:00,25.9,93,24.7,2.7,76,0.0,9.0,175,-0.7844016847289237,8.96575228282571
2018-08-03 01:00:00,25.8,94,24.7,2.2,90,0.0,10.1,176,-0.7045403848156677,10.075396907624224
2018-08-03 02:00:00,25.7,94,24.6,2.5,68,0.0,10.5,174,-1.097548864310364,10.44247990136687
2018-08-03 03:00:00,26.2,92,24.8,0.1,49,0.0,12.0,173,-1.4624321208617703,11.910553819695863
2018-08-03 04:00:00,26.2,93,24.9,0.0,63,0.0,11.5,176,-0.8021994480574435,11.47198657798798
2018-08-03 05:00:00,26.0,93,24.8,0.2,100,0.0,10.1,178,-0.3524849166952615,10.093847352892867
2018-08-03 06:00:00,25.9,93,24.7,0.6,52,1.0,8.6,182,0.3001356716415077,8.594761112364223
2018-08-03 07:00:00,26.0,93,24.8,0.9,63,25.0,9.1,171,-1.423553631866102,8.987963899415753
2018-08-03 08:00:00,26.7,89,24.8,0.9,46,93.0,10.4,178,-0.3629547657060119,10.393664600998596
2018-08-03 09:00:00,27.5,86,24.9,0.5,57,159.0,11.2,178,-0.3908743630680127,11.193177262613872
2018-08-03 10:00:00,28.3,84,25.3,0.3,58,257.0,11.6,196,3.1973933274771884,11.1506356728845
2018-08-03 11:00:00,29.1,78,24.9,0.4,100,343.0,10.5,218,6.464445490919411,8.274112912870581
2018-08-03 12:00:00,29.3,79,25.3,0.8,41,341.0,10.2,228,7.580077219869421,6.825132184860353
2018-08-03 13:00:00,29.8,77,25.3,0.2,64,431.0,12.2,227,8.922515159753878,8.320379992762483
2018-08-03 14:00:00,30.2,77,25.7,0.0,65,498.0,10.0,201,3.5836794954530045,9.335804264972015
2018-08-03 15:00:00,29.5,82,26.2,0.0,61,298.0,9.3,193,2.0920448053979444,9.06164160250269
2018-08-03 16:00:00,29.7,81,26.0,0.0,38,249.0,10.8,195,2.795245687107225,10.431998923921938
2018-08-03 17:00:00,29.4,80,25.5,0.0,32,116.0,10.5,184,0.7324429743133154,10.474422527728152
2018-08-03 18:00:00,29.0,80,25.3,0.0,35,33.0,5.1,172,-0.7097828148963331,5.050367150582009
2018-08-03 19:00:00,28.3,83,25.2,0.0,26,3.0,6.5,161,-2.1161930039715178,6.14587074139556
2018-08-03 20:00:00,27.9,85,25.2,0.0,28,0.0,7.3,169,-1.3929056662487782,7.165878439167947
2018-08-03 21:00:00,27.7,87,25.2,0.0,26,0.0,8.0,188,1.1133848076805242,7.922144549932562
2018-08-03 22:00:00,27.6,88,25.3,0.0,26,0.0,8.0,188,1.1133848076805242,7.922144549932562
2018-08-03 23:00:00,27.3,89,25.3,0.0,28,0.0,8.8,168,-1.829622879196282,8.607698886457491
2018-08-04 00:00:00,27.0,90,25.2,0.0,29,0.0,8.0,172,-1.1133848076805226,7.922144549932563
2018-08-04 01:00:00,26.6,91,25.0,0.0,22,0.0,7.6,180,-9.307315673519883e-16,7.6
2018-08-04 02:00:00,26.2,91,24.7,0.4,26,0.0,7.8,167,-1.7546182238821486,7.600086505324834
2018-08-04 03:00:00,26.5,90,24.8,0.0,21,0.0,7.6,149,-3.914289369316413,6.514471485336053
2018-08-04 04:00:00,25.9,93,24.6,0.3,30,0.0,6.4,153,-2.9055391983331003,5.702441754805554
2018-08-04 05:00:00,25.7,93,24.5,0.2,50,0.0,7.8,167,-1.7546182238821486,7.600086505324834
2018-08-04 06:00:00,25.8,93,24.5,0.0,69,1.0,5.9,166,-1.4273391840380396,5.72474478502838
2018-08-04 07:00:00,27.1,88,24.9,0.0,76,49.0,4.3,175,-0.3747696938149302,4.283637201794505
2018-08-04 08:00:00,28.2,81,24.7,0.0,69,155.0,3.1,201,1.1109406435904314,2.8940993221413254
2018-08-04 09:00:00,29.2,79,25.2,0.0,56,340.0,4.4,215,2.5237363199446032,3.604268994871564
2018-08-04 10:00:00,29.9,77,25.4,0.2,76,483.0,5.9,232,4.649263446279661,3.632402704421383
2018-08-04 11:00:00,30.3,77,25.9,0.0,69,609.0,6.4,227,4.680663690362692,4.364789504399991
2018-08-04 12:00:00,30.5,79,26.4,0.0,79,542.0,7.3,237,6.122295146001596,3.9758649556096968
2018-08-04 13:00:00,30.2,81,26.6,0.2,60,367.0,9.5,259,9.325458242752807,1.812685456077174
2018-08-04 14:00:00,30.0,83,26.7,0.7,71,297.0,4.8,243,4.276831316104166,2.179154398749825
2018-08-04 15:00:00,29.1,80,25.3,1.9,72,149.0,1.1,180,-1.3471114790620887e-16,1.1
2018-08-04 16:00:00,29.1,80,25.2,0.2,56,54.0,1.8,180,-2.2043642384652358e-16,1.8
2018-08-04 17:00:00,28.9,80,25.2,0.0,52,23.0,4.2,200,1.4364846019678084,3.946709007300816
2018-08-04 18:00:00,28.8,80,25.1,0.0,46,25.0,0.7,270,0.7,1.2858791391047207e-16
2018-08-04 19:00:00,28.5,84,25.4,0.0,35,0.0,4.5,151,-2.181643291108517,3.935788682127281
2018-08-04 20:00:00,28.1,87,25.6,0.0,29,0.0,5.6,195,1.4493866525741164,5.409184627218783
2018-08-04 21:00:00,27.5,89,25.5,0.0,27,0.0,5.3,208,2.4881992827652213,4.679622242152313
2018-08-04 22:00:00,27.2,90,25.4,0.0,26,0.0,4.6,141,-2.894873798829252,3.5748714227020657
2018-08-04 23:00:00,27.0,90,25.3,0.0,20,0.0,5.6,130,-4.289848881466277,3.5996106142446203
2018-08-05 00:00:00,26.8,91,25.2,0.0,10,0.0,5.2,124,-4.3109953772862175,2.907803098047883
2018-08-05 01:00:00,26.8,91,25.2,0.0,16,0.0,5.2,124,-4.3109953772862175,2.907803098047883
2018-08-05 02:00:00,26.1,93,25.0,0.3,33,0.0,4.9,107,-4.685893304218874,1.4326213531414098
2018-08-05 03:00:00,26.5,91,25.0,0.0,43,0.0,4.0,90,-4.0,-2.4492935982947064e-16
2018-08-05 04:00:00,26.3,92,24.9,0.0,39,0.0,5.1,86,-5.087576656325103,-0.3557580160950386
2018-08-05 05:00:00,26.4,91,24.8,0.0,30,0.0,3.1,69,-2.8940993221413254,-1.1109406435904312
2018-08-05 06:00:00,25.9,93,24.8,0.0,26,1.0,2.1,211,1.0815799573111138,1.800051331474436
2018-08-05 07:00:00,27.5,88,25.3,0.0,19,44.0,2.1,121,-1.800051331474436,1.081579957311114
2018-08-05 08:00:00,28.7,82,25.3,0.0,19,158.0,3.9,34,-2.180852323535913,-3.233246532964663
2018-08-05 09:00:00,29.6,79,25.6,0.0,37,383.0,6.1,3,-0.3192493330819573,-6.0916401620029
2018-08-05 10:00:00,30.3,75,25.4,0.0,44,479.0,8.0,352,1.113384807680527,-7.922144549932562
2018-08-05 11:00:00,30.7,73,25.4,0.2,42,634.0,7.8,338,2.921931428644116,-7.232034065620941
2018-08-05 12:00:00,30.7,74,25.6,0.2,53,475.0,7.9,321,4.971631089293719,-6.139453095510068
2018-08-05 13:00:00,30.5,75,25.7,0.2,59,418.0,5.6,315,3.9597979746446663,-3.959797974644665
2018-08-05 14:00:00,30.4,76,25.7,0.1,74,365.0,3.3,347,0.7423384793347556,-3.215421213791276
2018-08-05 15:00:00,30.2,77,25.7,0.5,63,172.0,3.7,299,3.236092916415764,-1.793795594911448
2018-08-05 16:00:00,30.2,77,25.8,0.0,59,97.0,3.3,319,2.164994795668674,-2.490541614735147
2018-08-05 17:00:00,28.7,81,25.1,2.0,63,53.0,2.3,198,0.7107390870623786,2.187429987478853
2018-08-05 18:00:00,27.8,84,24.9,0.4,40,2.0,3.3,103,-3.2154212137912763,0.7423384793347546
2018-08-05 19:00:00,27.9,83,24.8,0.0,39,0.0,5.9,142,-3.6324027044213847,4.64926344627966
2018-08-05 20:00:00,27.6,86,25.1,0.0,32,0.0,5.4,172,-0.7515347451843528,5.34744757120448
2018-08-05 21:00:00,27.0,88,24.8,0.6,28,0.0,5.8,176,-0.404587547715928,5.78587149150698
2018-08-05 22:00:00,26.3,91,24.6,0.5,31,0.0,6.2,159,-2.221881287180861,5.788198644282651
2018-08-05 23:00:00,25.7,91,24.1,1.5,23,0.0,5.4,132,-4.012982057577929,3.613305274337834
2018-08-06 00:00:00,25.2,91,23.5,1.8,33,0.0,6.3,103,-6.1385314081469815,1.4171916423663498
2018-08-06 01:00:00,25.0,89,23.0,1.5,60,0.0,4.3,114,-3.928245467863184,1.748967565225941
2018-08-06 02:00:00,25.1,85,22.5,1.4,100,0.0,5.6,130,-4.289848881466277,3.5996106142446203
2018-08-06 03:00:00,25.3,92,23.9,2.0,100,0.0,5.3,152,-2.4881992827652204,4.679622242152313
2018-08-06 04:00:00,25.0,91,23.4,1.4,100,0.0,4.4,145,-2.5237363199446023,3.604268994871565
2018-08-06 05:00:00,24.9,92,23.5,0.2,100,0.0,5.6,130,-4.289848881466277,3.5996106142446203
2018-08-06 06:00:00,24.9,91,23.4,0.5,53,0.0,4.5,76,-4.366330768241984,-1.0886485301985045
2018-08-06 07:00:00,25.4,90,23.6,0.0,49,12.0,4.5,29,-2.1816432911085166,-3.935788682127281
2018-08-06 08:00:00,26.7,83,23.5,0.0,34,111.0,5.8,7,-0.7068421917498553,-5.756767679519667
2018-08-06 09:00:00,27.7,80,23.9,0.0,32,245.0,8.3,355,0.7233926648055641,-8.268415994161488
2018-08-06 10:00:00,28.6,78,24.4,0.0,36,267.0,10.5,352,1.4613175600806918,-10.397814721786489
2018-08-06 11:00:00,29.4,75,24.4,0.0,43,323.0,10.2,352,1.419565629792672,-10.100734301164016
2018-08-06 12:00:00,30.1,72,24.4,0.0,49,566.0,7.7,349,1.469229264399394,-7.558529312547013
2018-08-06 13:00:00,30.3,72,24.8,0.0,59,619.0,6.6,351,1.0324674692655251,-6.5187430479279085
2018-08-06 14:00:00,30.3,72,24.7,0.0,48,472.0,7.3,351,1.141971594793687,-7.210124886344505
2018-08-06 15:00:00,30.4,73,25.1,0.0,41,397.0,6.7,344,1.8467702839738929,-6.440453362786736
2018-08-06 16:00:00,30.1,74,24.9,0.2,26,315.0,5.4,8,-0.7515347451843534,-5.34744757120448
2018-08-06 17:00:00,29.9,75,25.0,0.0,17,173.0,3.5,24,-1.4235782507653008,-3.197409101749103
2018-08-06 18:00:00,29.6,76,25.0,0.0,24,58.0,2.3,18,-0.710739087062379,-2.1874299874788528
2018-08-06 19:00:00,28.9,80,25.1,0.0,23,4.0,4.7,90,-4.7,-2.8779199779962803e-16
2018-08-06 20:00:00,28.2,84,25.2,0.0,18,0.0,5.9,133,-4.314986839553106,4.023790324368741
2018-08-06 21:00:00,27.6,87,25.3,0.0,14,0.0,5.4,160,-1.846908773958612,5.074340152243905
2018-08-06 22:00:00,27.4,89,25.3,0.0,17,0.0,6.4,164,-1.764079077228795,6.1520748540052415
2018-08-06 23:00:00,27.1,90,25.3,0.1,17,0.0,6.1,152,-2.863776532993933,5.385980316439454
2018-08-07 00:00:00,26.4,91,24.8,0.7,28,0.0,4.8,132,-3.5670951622914924,3.2118269105225195
2018-08-07 01:00:00,26.1,93,24.8,0.6,20,0.0,4.4,125,-3.604268994871564,2.5237363199446032
2018-08-07 02:00:00,26.2,93,24.9,0.3,21,0.0,4.8,117,-4.276831316104166,2.1791543987498243
2018-08-07 03:00:00,25.7,93,24.4,0.2,26,0.0,4.5,76,-4.366330768241984,-1.0886485301985045
2018-08-07 04:00:00,25.6,92,24.1,0.3,23,0.0,5.2,12,-1.0811407922523486,-5.08636752381579
2018-08-07 05:00:00,25.8,90,24.0,0.0,11,0.0,5.2,12,-1.0811407922523486,-5.08636752381579
2018-08-07 06:00:00,26.0,87,23.7,0.0,26,1.0,7.9,30,-3.95,-6.841600689897066
2018-08-07 07:00:00,26.8,84,23.9,0.0,16,46.0,8.5,36,-4.996174644486022,-6.876644452187053
2018-08-07 08:00:00,27.7,81,24.2,0.0,10,184.0,6.4,27,-2.9055391983331,-5.702441754805555
2018-08-07 09:00:00,28.7,79,24.8,0.0,9,416.0,5.1,4,-0.355758016095039,-5.087576656325103
2018-08-07 10:00:00,29.6,76,24.9,0.0,18,550.0,6.1,320,3.921004419087891,-4.672871103025765
2018-08-07 11:00:00,30.0,74,24.7,0.1,32,645.0,6.9,313,5.046340541172276,-4.705788684431241
2018-08-07 12:00:00,30.2,73,24.8,0.1,29,614.0,5.2,304,4.310995377286217,-2.9078030980478844
2018-08-07 13:00:00,30.1,74,24.9,0.2,25,613.0,7.3,303,6.122295146001597,-3.975864955609695
2018-08-07 14:00:00,30.1,75,25.2,0.0,24,569.0,5.1,309,3.963444403430551,-3.209533994354171
2018-08-07 15:00:00,29.7,77,25.2,0.1,35,310.0,3.3,319,2.164994795668674,-2.490541614735147
2018-08-07 16:00:00,29.4,78,25.2,0.0,29,238.0,2.7,293,2.4853631043215896,-1.0549740469210385
2018-08-07 17:00:00,29.0,80,25.1,0.1,46,131.0,1.1,180,-1.3471114790620887e-16,1.1
2018-08-07 18:00:00,28.7,80,24.9,0.1,44,72.0,0.4,90,-0.4,-2.4492935982947065e-17
2018-08-07 19:00:00,28.1,83,24.9,0.2,23,3.0,4.1,142,-2.5242120488352,3.2308440897875594
2018-08-07 20:00:00,27.5,86,25.0,0.0,40,0.0,5.9,142,-3.6324027044213847,4.64926344627966
2018-08-07 21:00:00,27.2,88,25.0,0.0,32,0.0,6.5,146,-3.634753872559855,5.38874422160777
2018-08-07 22:00:00,27.0,89,25.0,0.0,53,0.0,6.1,152,-2.863776532993933,5.385980316439454
2018-08-07 23:00:00,26.7,91,25.1,0.0,44,0.0,5.4,160,-1.846908773958612,5.074340152243905
2018-08-08 00:00:00,26.3,93,25.1,0.0,47,0.0,5.4,172,-0.7515347451843528,5.34744757120448
2018-08-08 01:00:00,26.0,93,24.8,0.0,45,0.0,5.2,164,-1.433314250248396,4.998560818879258
2018-08-08 02:00:00,26.4,90,24.6,0.0,49,0.0,4.1,135,-2.899137802864845,2.8991378028648445
2018-08-08 03:00:00,26.1,91,24.5,0.0,31,0.0,3.1,144,-1.822134282106667,2.507952682562337
2018-08-08 04:00:00,26.2,90,24.4,0.0,19,0.0,0.0,180,-0.0,0.0
2018-08-08 05:00:00,26.8,86,24.2,0.0,21,0.0,2.2,351,0.3441558230885084,-2.172914349309303
2018-08-08 06:00:00,26.4,90,24.5,0.0,10,1.0,1.5,346,0.3628828433995018,-1.4554435894139948
2018-08-08 07:00:00,27.3,86,24.8,0.0,11,37.0,3.6,6,-0.3763024677635525,-3.580278823325784
2018-08-08 08:00:00,27.9,83,24.8,0.0,16,151.0,5.4,360,1.3226185430791417e-15,-5.4
2018-08-08 09:00:00,28.6,80,24.7,0.0,22,296.0,5.9,322,3.632402704421384,-4.64926344627966
2018-08-08 10:00:00,29.3,77,24.7,0.0,33,389.0,6.1,298,5.385980316439455,-2.8637765329939318
2018-08-08 11:00:00,29.9,74,24.7,0.0,37,538.0,5.9,284,5.72474478502838,-1.4273391840380378
2018-08-08 12:00:00,30.2,73,24.9,0.0,15,552.0,6.5,276,6.464392319893777,-0.6794350112397444
2018-08-08 13:00:00,30.3,75,25.3,0.1,34,607.0,6.2,280,6.105808068675691,-1.0766187015349655
2018-08-08 14:00:00,30.2,76,25.5,0.2,36,575.0,5.2,295,4.71280049259058,-2.197614961051638
2018-08-08 15:00:00,30.2,75,25.3,0.0,31,423.0,5.4,318,3.613305274337834,-4.012982057577929
2018-08-08 16:00:00,29.8,76,25.1,0.1,36,208.0,6.4,333,2.9055391983331007,-5.702441754805554
2018-08-08 17:00:00,29.6,76,24.8,0.0,29,169.0,5.4,323,3.2498011250210608,-4.312631754255381
2018-08-08 18:00:00,29.2,76,24.6,0.1,53,50.0,2.5,352,0.3479327524001647,-2.475670171853926
2018-08-08 19:00:00,28.5,80,24.7,0.0,39,5.0,3.1,144,-1.822134282106667,2.507952682562337
2018-08-08 20:00:00,27.9,84,24.8,0.0,46,0.0,5.1,141,-3.2095339943541705,3.963444403430551
2018-08-08 21:00:00,27.4,85,24.8,0.0,42,0.0,5.2,146,-2.907803098047884,4.310995377286217
2018-08-08 22:00:00,27.2,86,24.7,0.0,42,0.0,6.2,144,-3.644268564213334,5.015905365124674
2018-08-08 23:00:00,27.0,87,24.7,0.0,33,0.0,7.4,137,-5.046787864462489,5.412017391981862
2018-08-09 00:00:00,26.8,88,24.6,0.0,17,0.0,6.9,141,-4.342310698243878,5.3623071340531
2018-08-09 01:00:00,26.5,89,24.5,0.0,25,0.0,6.5,161,-2.1161930039715178,6.14587074139556
2018-08-09 02:00:00,26.4,90,24.6,0.0,26,0.0,7.9,177,-0.4134540543192561,7.889173324561134
2018-08-09 03:00:00,26.6,88,24.5,0.0,31,0.0,7.9,180,-9.67470971326409e-16,7.9
2018-08-09 04:00:00,26.3,90,24.5,0.0,37,0.0,6.5,177,-0.3401837155791347,6.49109197590473
2018-08-09 05:00:00,26.2,91,24.7,0.0,28,0.0,3.3,139,-2.1649947956686737,2.490541614735148
2018-08-09 06:00:00,26.2,91,24.6,0.0,29,1.0,2.2,99,-2.1729143493093037,0.3441558230885078
2018-08-09 07:00:00,27.4,85,24.7,0.0,25,65.0,3.8,73,-3.633958072659535,-1.1110124779463997
2018-08-09 08:00:00,28.2,82,24.8,0.0,26,225.0,3.8,41,-2.493024310163928,-2.8678964048465336
2018-08-09 09:00:00,28.8,80,25.0,0.1,28,370.0,3.9,34,-2.180852323535913,-3.233246532964663
2018-08-09 10:00:00,29.5,80,25.7,0.0,15,518.0,3.2,27,-1.4527695991665497,-2.8512208774027776
2018-08-09 11:00:00,30.1,79,26.2,0.0,11,691.0,1.8,360,4.4087284769304716e-16,-1.8
2018-08-09 12:00:00,30.6,79,26.5,0.0,12,643.0,3.1,306,2.5079526825623377,-1.8221342821066664
2018-08-09 13:00:00,30.7,79,26.6,0.0,21,563.0,5.4,323,3.2498011250210608,-4.312631754255381
2018-08-09 14:00:00,30.9,79,26.8,0.1,44,557.0,7.0,339,2.508575646817105,-6.535062985480411
2018-08-09 15:00:00,30.8,75,25.9,0.0,65,385.0,6.8,335,2.873804179836754,-6.16289295184922
2018-08-09 16:00:00,30.4,77,26.0,0.0,63,269.0,6.4,313,4.680663690362691,-4.364789504399991
2018-08-09 17:00:00,29.7,79,25.7,0.5,59,135.0,2.3,18,-0.710739087062379,-2.1874299874788528
2018-08-09 18:00:00,27.6,86,25.1,4.0,61,46.0,6.0,123,-5.032023407672544,3.2678342100901627
2018-08-09 19:00:00,26.5,91,24.8,0.7,40,3.0,8.3,108,-7.893769085249776,2.564841053312063
2018-08-09 20:00:00,26.4,90,24.7,0.0,30,0.0,8.7,107,-8.31985137687841,2.5436338310878086
2018-08-09 21:00:00,26.5,90,24.7,0.0,28,0.0,6.0,123,-5.032023407672544,3.2678342100901627
2018-08-09 22:00:00,26.7,89,24.6,0.0,24,0.0,6.0,147,-3.267834210090164,5.032023407672543
2018-08-09 23:00:00,26.9,88,24.6,0.0,26,0.0,7.0,159,-2.5085756468171017,6.535062985480412
2018-08-10 00:00:00,27.0,87,24.6,0.0,22,0.0,9.4,173,-1.1455718280083869,9.329933825428428
2018-08-10 01:00:00,26.8,88,24.6,0.0,35,0.0,9.7,182,0.3385251180142587,9.694091022085228
2018-08-10 02:00:00,26.4,91,24.7,0.3,24,0.0,7.9,183,0.4134540543192542,7.889173324561134
2018-08-10 03:00:00,26.3,91,24.7,0.0,31,0.0,6.5,161,-2.1161930039715178,6.14587074139556
2018-08-10 04:00:00,26.2,90,24.5,0.0,25,0.0,6.1,152,-2.863776532993933,5.385980316439454
2018-08-10 05:00:00,26.2,90,24.3,0.0,34,0.0,5.2,168,-1.0811407922523484,5.08636752381579
2018-08-10 06:00:00,25.8,92,24.4,0.1,11,1.0,5.1,176,-0.3557580160950401,5.087576656325103
2018-08-10 07:00:00,26.6,88,24.5,0.0,9,38.0,6.4,137,-4.36478950439999,4.680663690362692
2018-08-10 08:00:00,27.3,85,24.5,0.0,13,161.0,4.1,128,-3.23084408978756,2.524212048835199
2018-08-10 09:00:00,28.4,81,24.8,0.0,10,384.0,2.7,203,1.054974046921039,2.485363104321589
2018-08-10 10:00:00,29.5,76,24.8,0.0,22,585.0,5.5,247,5.062776693988422,2.149021206691006
2018-08-10 11:00:00,29.5,77,25.1,0.2,35,500.0,5.1,266,5.087576656325103,0.3557580160950404
2018-08-10 12:00:00,29.8,78,25.6,0.1,49,552.0,3.1,315,2.192031021678298,-2.192031021678297
2018-08-10 13:00:00,30.1,78,25.8,0.3,43,572.0,6.1,332,2.863776532993933,-5.385980316439454
2018-08-10 14:00:00,30.2,78,26.0,0.0,45,533.0,7.4,337,2.891410350820627,-6.811735915548058
2018-08-10 15:00:00,30.6,70,24.6,0.0,38,333.0,7.5,343,2.1927877854205287,-7.172285669722765
2018-08-10 16:00:00,30.5,71,24.6,0.0,32,291.0,6.7,344,1.8467702839738929,-6.440453362786736
2018-08-10 17:00:00,30.2,72,24.6,0.0,32,203.0,4.9,343,1.4326213531414125,-4.685893304218873
2018-08-10 18:00:00,29.7,74,24.6,0.0,34,71.0,3.1,306,2.5079526825623377,-1.8221342821066664
2018-08-10 19:00:00,28.8,79,24.8,0.0,48,4.0,1.5,166,-0.3628828433995016,1.4554435894139948
2018-08-10 20:00:00,28.1,83,24.8,0.0,40,0.0,5.1,172,-0.7097828148963331,5.050367150582009
2018-08-10 21:00:00,27.8,85,24.9,0.0,61,0.0,5.8,176,-0.404587547715928,5.78587149150698
2018-08-10 22:00:00,27.7,86,25.0,0.0,55,0.0,6.0,197,1.7542302283364206,5.737828535778212
2018-08-10 23:00:00,27.4,87,25.1,0.1,59,0.0,4.3,180,-5.265981236333618e-16,4.3
2018-08-11 00:00:00,26.9,87,24.6,0.3,64,0.0,4.5,166,-1.0886485301985047,4.366330768241984
2018-08-11 01:00:00,26.5,91,24.9,0.0,99,0.0,4.3,222,2.8772616073430903,3.195522749552795
2018-08-11 02:00:00,26.6,91,25.0,0.0,89,0.0,3.7,241,3.236092916415765,1.7937955949114464
2018-08-11 03:00:00,26.8,89,24.8,0.0,72,0.0,2.2,270,2.2,4.0413344371862655e-16
2018-08-11 04:00:00,26.0,95,25.1,0.0,53,0.0,3.1,324,1.8221342821066675,-2.507952682562337
2018-08-11 05:00:00,26.0,95,25.1,0.0,33,0.0,4.6,342,1.4214781741247593,-4.3748599749577055
2018-08-11 06:00:00,26.0,95,25.1,0.0,36,1.0,5.1,321,3.2095339943541727,-3.96344440343055
2018-08-11 07:00:00,27.4,88,25.1,0.0,22,63.0,5.9,322,3.632402704421384,-4.64926344627966
2018-08-11 08:00:00,28.2,82,24.9,0.0,29,224.0,7.1,330,3.550000000000003,-6.148780366869512
2018-08-11 09:00:00,28.9,79,24.9,0.0,47,289.0,8.3,326,4.6413010988071965,-6.881011852206848
2018-08-11 10:00:00,29.6,76,24.8,0.0,69,444.0,9.8,324,5.76029547246624,-7.928366544874485
2018-08-11 11:00:00,30.2,73,24.8,0.1,26,630.0,10.5,319,6.888619804400328,-7.924450592339105
2018-08-11 12:00:00,30.2,75,25.2,0.0,15,586.0,11.5,321,7.237184497073135,-8.937178556755162
2018-08-11 13:00:00,30.2,75,25.3,0.2,30,567.0,12.5,321,7.866504888122973,-9.714324518212132
2018-08-11 14:00:00,29.9,75,25.1,0.0,26,359.0,13.5,316,9.377888001196467,-9.711087304571787
2018-08-11 15:00:00,30.0,75,25.2,0.0,33,295.0,9.3,347,2.092044805397948,-9.061641602502688
2018-08-11 16:00:00,29.7,75,24.9,0.0,40,335.0,6.9,6,-0.721246396546809,-6.862201078041086
2018-08-11 17:00:00,29.5,75,24.6,0.0,49,146.0,7.4,23,-2.891410350820626,-6.811735915548059
2018-08-11 18:00:00,29.2,76,24.5,0.0,34,61.0,5.8,360,1.4205902870109297e-15,-5.8
2018-08-11 19:00:00,28.8,79,24.8,0.0,30,3.0,6.3,347,1.4171916423663515,-6.1385314081469815
2018-08-11 20:00:00,28.1,83,24.9,0.0,32,0.0,5.6,310,4.289848881466277,-3.59961061424462
2018-08-11 21:00:00,27.8,85,25.0,0.0,28,0.0,6.8,288,6.467184310807045,-2.101315561749641
2018-08-11 22:00:00,27.4,88,25.3,0.0,25,0.0,4.7,279,4.642135200797148,-0.7352419856890842
2018-08-11 23:00:00,27.2,90,25.4,0.0,28,0.0,2.6,214,1.4539015490239415,2.1554976886431088
2018-08-12 00:00:00,26.9,91,25.3,0.0,27,0.0,3.6,186,0.3763024677635526,3.580278823325784
2018-08-12 01:00:00,26.8,91,25.2,0.0,29,0.0,1.8,143,-1.0832670416736867,1.4375439180851273
2018-08-12 02:00:00,26.8,90,25.1,0.1,32,0.0,0.8,27,-0.3631923997916374,-0.7128052193506944
2018-08-12 03:00:00,26.6,91,25.0,0.0,44,0.0,2.9,300,2.511473670974872,-1.4500000000000002
2018-08-12 04:00:00,26.2,92,24.9,0.0,60,0.0,4.9,306,3.964183272437243,-2.8801477362331176
2018-08-12 05:00:00,26.1,92,24.8,0.0,69,0.0,6.1,315,4.31335136523794,-4.3133513652379385
2018-08-12 06:00:00,26.3,91,24.8,0.0,55,1.0,7.1,315,5.020458146424488,-5.0204581464244855
2018-08-12 07:00:00,27.3,88,25.1,0.0,62,46.0,6.9,332,3.2393537832226467,-6.092338390726597
2018-08-12 08:00:00,28.3,82,24.8,0.0,71,204.0,7.6,341,2.474317973874391,-7.185941174554808
2018-08-12 09:00:00,28.9,78,24.7,0.1,74,328.0,8.4,340,2.8729692039356163,-7.893418014601631
2018-08-12 10:00:00,29.7,74,24.6,0.2,71,529.0,11.6,338,4.345436483624583,-10.755332712974733
2018-08-12 11:00:00,30.2,74,25.0,0.0,68,644.0,13.4,336,5.450271017215722,-12.241509132410853
2018-08-12 12:00:00,30.6,73,25.2,0.0,69,602.0,14.7,332,6.901231972952594,-12.979329615026224
2018-08-12 13:00:00,30.9,73,25.4,0.0,66,702.0,13.0,326,7.269507745119705,-10.777488443215544
2018-08-12 14:00:00,30.9,72,25.3,0.0,55,554.0,10.7,318,7.1596974880397815,-7.951649632608118
2018-08-12 15:00:00,30.6,71,24.7,0.0,49,448.0,9.0,299,7.871577364254561,-4.363286582217036
2018-08-12 16:00:00,30.4,72,24.8,0.0,44,392.0,6.5,289,6.14587074139556,-2.116193003971516
2018-08-12 17:00:00,30.1,73,24.8,0.0,38,224.0,4.8,283,4.676976310969129,-1.0797650608505516
2018-08-12 18:00:00,29.8,73,24.5,0.0,86,66.0,4.0,360,9.797174393178826e-16,-4.0
2018-08-12 19:00:00,29.2,81,25.5,0.0,64,2.0,4.6,45,-3.2526911934581184,-3.2526911934581184
2018-08-12 20:00:00,28.6,79,24.7,0.0,42,0.0,4.5,151,-2.181643291108517,3.935788682127281
2018-08-12 21:00:00,28.1,83,24.9,0.0,35,0.0,7.2,183,0.3768188849491937,7.190132650232932
2018-08-12 22:00:00,27.8,85,25.1,0.0,36,0.0,10.4,178,-0.3629547657060119,10.393664600998596
2018-08-12 23:00:00,27.5,87,25.0,0.0,45,0.0,12.6,178,-0.4397336584515144,12.592324420440606
2018-08-13 00:00:00,27.2,88,25.0,0.0,59,0.0,13.0,177,-0.6803674311582695,12.98218395180946
2018-08-13 01:00:00,27.0,89,25.0,0.0,99,0.0,13.7,175,-1.1940336756429173,13.647867363856914
2018-08-13 02:00:00,26.7,90,24.9,0.0,100,0.0,14.3,168,-2.973137178693958,13.987510690493425
2018-08-13 03:00:00,26.4,92,25.0,0.0,100,0.0,13.9,163,-4.063966695646039,13.292636107886194
2018-08-13 04:00:00,26.1,92,24.8,0.1,100,0.0,11.8,168,-2.45335795164956,11.542141688658909
2018-08-13 05:00:00,26.2,92,24.8,0.1,100,0.0,10.5,174,-1.097548864310364,10.44247990136687
2018-08-13 06:00:00,26.2,92,24.8,0.0,100,0.0,10.0,167,-2.249510543438652,9.743700647852352
2018-08-13 07:00:00,26.6,90,24.9,0.2,100,19.0,10.5,164,-2.894192236078492,10.093247807352348
2018-08-13 08:00:00,27.3,87,25.0,0.2,100,81.0,11.0,161,-3.5812496990287226,10.400704331592486
2018-08-13 09:00:00,27.9,86,25.4,0.3,68,200.0,12.0,164,-3.30764826980399,11.535140351259829
2018-08-13 10:00:00,28.6,83,25.4,0.1,62,263.0,13.7,178,-0.4781231048242656,13.691654330161612
2018-08-13 11:00:00,29.1,81,25.5,0.0,47,289.0,14.1,186,1.4738513320739144,14.022758724692652
2018-08-13 12:00:00,29.5,81,25.8,0.1,66,399.0,15.6,187,1.901161757120298,15.483719965604624
2018-08-13 13:00:00,29.9,80,26.2,0.1,68,329.0,14.2,189,2.221369403571276,14.025174436450955
2018-08-13 14:00:00,30.3,77,25.7,0.0,56,257.0,14.4,184,1.004493221915404,14.36492232374147
2018-08-13 15:00:00,28.3,88,26.2,1.4,81,65.0,14.9,187,1.815853216736695,14.7889376594557
2018-08-13 16:00:00,27.5,87,25.0,3.3,100,31.0,15.5,185,1.350914012588698,15.441017820422056
2018-08-13 17:00:00,27.2,90,25.4,2.7,100,33.0,14.5,173,-1.7671054793746397,14.391919198799169
2018-08-13 18:00:00,27.0,89,25.1,2.2,63,16.0,9.5,151,-4.605691392340203,8.30888721782426
2018-08-13 19:00:00,26.7,89,24.7,0.1,57,2.0,11.9,145,-6.825559592577447,9.747909327039004
2018-08-13 20:00:00,26.4,91,24.7,0.1,42,0.0,10.9,153,-4.948496447161061,9.71197111365321
2018-08-13 21:00:00,26.3,91,24.8,0.2,21,0.0,13.6,163,-3.9762551842292178,13.005744681097283
2018-08-13 22:00:00,26.2,91,24.7,0.2,12,0.0,14.1,165,-3.6493485359455455,13.619554150675862
2018-08-13 23:00:00,26.1,91,24.6,0.1,9,0.0,14.0,162,-4.326237921249265,13.31479122813215
2018-08-14 00:00:00,26.0,93,24.7,0.2,8,0.0,13.3,161,-4.330056454280183,12.575397055470916
2018-08-14 01:00:00,26.0,92,24.6,0.3,17,0.0,13.4,166,-3.2417534010355475,13.001962732098352
2018-08-14 02:00:00,25.8,93,24.6,0.5,46,0.0,13.5,171,-2.111865278043118,13.33379259803436
2018-08-14 03:00:00,25.8,91,24.2,0.2,49,0.0,12.2,161,-3.9719314843773104,11.535326622311665
2018-08-14 04:00:00,25.7,91,24.1,0.1,33,0.0,11.6,150,-5.799999999999999,10.045894683899489
2018-08-14 05:00:00,25.5,90,23.8,0.0,31,0.0,10.9,153,-4.948496447161061,9.71197111365321
2018-08-14 06:00:00,25.6,90,23.8,0.0,22,1.0,9.3,164,-2.563427409098093,8.939733772226367
2018-08-14 07:00:00,26.4,87,24.1,0.0,40,57.0,12.5,162,-3.862712429686844,11.88820645368942
2018-08-14 08:00:00,27.4,83,24.3,0.0,43,161.0,12.8,164,-3.52815815445759,12.304149708010485
2018-08-14 09:00:00,28.4,80,24.6,0.0,45,335.0,12.8,170,-2.222696674136708,12.605539238556265
2018-08-14 10:00:00,29.2,77,24.8,0.1,62,484.0,13.3,177,-0.6960682180311527,13.281772812235833
2018-08-14 11:00:00,29.1,81,25.6,0.4,56,507.0,12.4,188,1.7257464519048125,12.279324052395472
2018-08-14 12:00:00,29.1,82,25.7,3.0,66,410.0,11.0,191,2.098898949141992,10.797899017924305
2018-08-14 13:00:00,28.8,83,25.6,2.2,80,218.0,11.6,206,5.085105302753298,10.426010937070336
2018-08-14 14:00:00,28.4,85,25.7,5.6,100,89.0,10.0,195,2.588190451025208,9.659258262890685
2018-08-14 15:00:00,28.0,85,25.2,1.0,100,84.0,8.8,199,2.86499975922298,8.320563465273988
2018-08-14 16:00:00,27.5,87,25.1,1.8,100,54.0,9.1,187,1.1090110249868406,9.03216997993603
2018-08-14 17:00:00,27.1,90,25.3,0.9,100,73.0,10.4,182,0.3629547657060094,10.393664600998596
2018-08-14 18:00:00,26.6,93,25.3,1.0,100,10.0,8.5,208,3.990508283680073,7.505054539300878
2018-08-14 19:00:00,26.2,94,25.1,1.0,100,0.0,7.2,174,-0.7526049355271069,7.160557646651568
2018-08-14 20:00:00,26.0,95,25.1,1.0,100,0.0,9.6,167,-2.159530121701106,9.353952621938255
2018-08-14 21:00:00,26.0,92,24.7,2.5,100,0.0,10.0,167,-2.249510543438652,9.743700647852352
2018-08-14 22:00:00,25.9,93,24.7,3.5,100,0.0,10.5,172,-1.461317560080686,10.397814721786489
2018-08-14 23:00:00,25.9,93,24.6,3.3,83,0.0,10.7,166,-2.5885642829164444,10.382164271153162
2018-08-15 00:00:00,25.9,92,24.5,2.1,65,0.0,10.2,162,-3.1519733426244643,9.700776466210565
2018-08-15 01:00:00,26.0,91,24.4,0.3,66,0.0,10.0,167,-2.249510543438652,9.743700647852352
2018-08-15 02:00:00,25.9,92,24.5,0.2,55,0.0,10.9,174,-1.1393602496174258,10.84028865951418
2018-08-15 03:00:00,25.8,92,24.4,0.3,54,0.0,10.5,174,-1.097548864310364,10.44247990136687
2018-08-15 04:00:00,25.8,92,24.4,0.3,55,0.0,12.0,171,-1.877213580482772,11.852260087141651
2018-08-15 05:00:00,25.8,92,24.3,0.5,85,0.0,12.0,173,-1.4624321208617703,11.910553819695863
2018-08-15 06:00:00,25.6,93,24.4,1.2,97,0.0,11.7,169,-2.232465245905576,11.485038046337667
2018-08-15 07:00:00,25.9,93,24.7,1.3,100,10.0,13.2,169,-2.5186787389703933,12.957478821509165
2018-08-15 08:00:00,26.6,91,25.0,1.2,100,25.0,13.2,169,-2.5186787389703933,12.957478821509165
2018-08-15 09:00:00,27.1,89,25.2,1.2,100,56.0,14.0,179,-0.2443336901219681,13.997867732189478
2018-08-15 10:00:00,27.6,88,25.5,1.2,100,85.0,14.5,187,1.767105479374636,14.39191919879917
2018-08-15 11:00:00,27.7,88,25.6,3.3,100,101.0,14.8,186,1.5470212563612715,14.718924051450443
2018-08-15 12:00:00,28.3,85,25.5,1.8,100,97.0,14.4,183,0.7536377698983874,14.380265300465863
2018-08-15 13:00:00,27.8,87,25.5,5.8,100,35.0,11.9,182,0.4153040107597607,11.89275084152724
2018-08-15 14:00:00,27.9,86,25.3,1.7,100,24.0,11.2,178,-0.3908743630680127,11.193177262613872
2018-08-15 15:00:00,27.6,88,25.3,5.0,90,29.0,12.5,162,-3.862712429686844,11.88820645368942
2018-08-15 16:00:00,27.5,87,25.0,2.0,56,3.0,12.5,168,-2.5988961352219917,12.226845009172573
2018-08-15 17:00:00,27.1,90,25.3,0.7,92,0.0,13.4,186,1.4006814077865568,13.326593397934865
2018-08-15 18:00:00,26.9,91,25.3,0.3,100,0.0,10.4,182,0.3629547657060094,10.393664600998596
2018-08-15 19:00:00,26.6,91,25.0,1.0,100,0.0,12.1,170,-2.1011429497698564,11.916173811447717
2018-08-15 20:00:00,26.5,91,25.0,0.2,100,0.0,11.2,159,-4.013721034907362,10.45610077676866
2018-08-15 21:00:00,26.5,91,24.8,0.1,98,0.0,11.6,158,-4.345436483624582,10.755332712974733
2018-08-15 22:00:00,26.5,90,24.7,0.0,64,0.0,12.2,161,-3.9719314843773104,11.535326622311665
2018-08-15 23:00:00,26.4,90,24.7,0.0,58,0.0,12.4,163,-3.625409138561934,11.85817897394164
2018-08-16 00:00:00,26.1,91,24.6,0.2,54,0.0,12.7,165,-3.287001872802017,12.267257993871166
2018-08-16 01:00:00,26.0,91,24.5,0.2,61,0.0,12.9,167,-2.901868601035861,12.569373835729534
2018-08-16 02:00:00,25.8,92,24.5,0.5,93,0.0,11.3,158,-4.233054505599808,10.477177556604698
2018-08-16 03:00:00,26.0,89,24.1,0.6,60,0.0,10.4,160,-3.5570094905869563,9.772803256173448
2018-08-16 04:00:00,26.0,89,24.0,0.3,66,0.0,9.6,160,-3.2833933759264213,9.02104915954472
2018-08-16 05:00:00,25.9,90,24.1,0.5,59,0.0,8.3,162,-2.5648410533120645,7.893769085249775
2018-08-16 06:00:00,25.9,89,24.0,1.5,83,0.0,7.9,180,-9.67470971326409e-16,7.9
2018-08-16 07:00:00,26.0,91,24.3,2.1,100,10.0,9.0,164,-2.480736202352993,8.65135526344487
2018-08-16 08:00:00,26.6,88,24.5,0.6,100,17.0,11.3,153,-5.13009264705688,10.068373723328556
2018-08-16 09:00:00,26.9,89,24.9,0.7,100,11.0,11.6,154,-5.085105302753297,10.426010937070338
2018-08-16 10:00:00,27.6,87,25.2,0.4,100,82.0,11.0,161,-3.5812496990287226,10.400704331592486
2018-08-16 11:00:00,28.3,83,25.1,1.2,100,117.0,8.3,178,-0.2896658226307595,8.294943864258496
2018-08-16 12:00:00,27.4,87,25.1,5.9,100,104.0,9.3,208,4.366085533908786,8.21141261358802
2018-08-16 13:00:00,27.3,88,25.2,2.4,100,60.0,9.1,214,5.088655421583795,7.544241910250879
2018-08-16 14:00:00,28.0,85,25.2,1.0,100,42.0,10.8,217,6.499602250042123,8.625263508510763
2018-08-16 15:00:00,27.6,86,25.0,2.5,95,70.0,11.6,202,4.345436483624579,10.755332712974734
2018-08-16 16:00:00,27.8,84,24.9,0.0,90,56.0,11.3,187,1.3771235804781647,11.21577151354694
2018-08-16 17:00:00,27.9,84,24.9,0.0,71,24.0,11.2,186,1.170718788597719,11.13864522812466
2018-08-16 18:00:00,27.7,85,24.9,0.0,58,6.0,12.3,183,0.6437322617882059,12.283143277481258
2018-08-16 19:00:00,27.2,88,24.9,0.0,51,0.0,11.9,177,-0.6227978792910314,11.88369146357943
2018-08-16 20:00:00,26.8,90,25.0,0.0,46,0.0,9.8,172,-1.3638963894086402,9.70462707366739
2018-08-16 21:00:00,26.4,92,25.0,0.2,48,0.0,9.1,173,-1.1090110249868426,9.032169979936029
2018-08-16 22:00:00,26.3,93,25.0,0.0,33,0.0,10.5,176,-0.7324429743133181,10.474422527728152
2018-08-16 23:00:00,26.0,94,24.9,0.0,31,0.0,10.9,171,-1.7051356689385178,10.765802912487
2018-08-17 00:00:00,25.8,94,24.8,0.1,35,0.0,11.2,165,-2.8987733051482354,10.818369254437563
2018-08-17 01:00:00,25.6,94,24.6,0.4,34,0.0,11.3,163,-3.303800263366924,10.806243742382302
2018-08-17 02:00:00,25.3,94,24.3,0.7,86,0.0,8.8,168,-1.829622879196282,8.607698886457491
2018-08-17 03:00:00,25.4,91,23.8,0.3,100,0.0,7.8,158,-2.921931428644116,7.232034065620941
2018-08-17 04:00:00,25.2,90,23.5,0.3,100,0.0,8.7,156,-3.5386087947594635,7.947845481490626
2018-08-17 05:00:00,25.2,90,23.4,0.3,94,0.0,8.9,159,-3.189474750953172,8.308865795825096
2018-08-17 06:00:00,25.1,90,23.4,0.2,100,1.0,7.8,167,-1.7546182238821486,7.600086505324834
2018-08-17 07:00:00,25.6,89,23.7,0.1,100,32.0,9.7,180,-1.1879073951729326e-15,9.7
2018-08-17 08:00:00,26.9,85,24.1,0.0,50,100.0,8.0,190,1.3891854213354438,7.878462024097664
2018-08-17 09:00:00,27.9,82,24.4,0.0,55,151.0,7.4,209,3.5875911898228936,6.47218583283153
2018-08-17 10:00:00,28.8,78,24.6,0.0,100,275.0,7.4,203,2.8914103508206246,6.811735915548059
2018-08-17 11:00:00,29.4,77,25.1,0.0,100,396.0,9.0,196,2.480736202352991,8.65135526344487
2018-08-17 12:00:00,29.6,78,25.4,0.0,81,384.0,13.3,199,4.330056454280185,12.575397055470914
2018-08-17 13:00:00,29.5,80,25.7,0.1,100,382.0,15.5,198,4.789763412811683,14.74137600257488
2018-08-17 14:00:00,28.5,80,24.7,2.9,50,316.0,14.6,200,4.993494092554762,13.719512263474265
2018-08-17 15:00:00,28.9,80,25.1,0.0,67,122.0,14.2,196,3.9140504526013857,13.649916082324127
2018-08-17 16:00:00,29.1,79,25.2,0.2,59,152.0,15.4,191,2.938458528798789,15.117058625094026
2018-08-17 17:00:00,28.0,84,25.0,3.0,68,23.0,14.2,189,2.221369403571276,14.025174436450955
2018-08-17 18:00:00,27.6,85,24.9,0.0,42,6.0,9.3,193,2.0920448053979444,9.06164160250269
2018-08-17 19:00:00,27.4,87,24.9,0.0,46,0.0,9.4,173,-1.1455718280083869,9.329933825428428
2018-08-17 20:00:00,27.1,88,24.9,0.0,43,0.0,9.7,176,-0.6766377953180175,9.676371287520292
2018-08-17 21:00:00,26.9,88,24.7,0.0,40,0.0,10.1,182,0.352484916695259,10.093847352892867
2018-08-17 22:00:00,26.5,90,24.7,0.2,34,0.0,9.7,176,-0.6766377953180175,9.676371287520292
2018-08-17 23:00:00,26.3,90,24.6,0.2,39,0.0,10.0,167,-2.249510543438652,9.743700647852352
2018-08-18 00:00:00,26.1,91,24.5,0.4,39,0.0,8.3,178,-0.2896658226307595,8.294943864258496
2018-08-18 01:00:00,26.0,91,24.4,0.9,61,0.0,6.9,189,1.0793978087775922,6.815049550106451
2018-08-18 02:00:00,26.0,90,24.3,0.9,100,0.0,7.6,185,0.6623836448822004,7.571079705497266
2018-08-18 03:00:00,25.6,94,24.5,0.9,100,0.0,8.8,168,-1.829622879196282,8.607698886457491
2018-08-18 04:00:00,25.5,93,24.4,0.5,100,0.0,9.2,159,-3.2969851358167617,8.588939923774255
2018-08-18 05:00:00,25.5,93,24.3,0.7,82,0.0,9.4,157,-3.6728726077991736,8.65274562245294
2018-08-18 06:00:00,25.6,93,24.4,0.7,54,0.0,7.6,175,-0.6623836448822022,7.571079705497266
2018-08-18 07:00:00,26.0,93,24.7,0.5,100,11.0,9.0,175,-0.7844016847289237,8.96575228282571
2018-08-18 08:00:00,26.7,90,25.0,0.5,100,94.0,10.2,188,1.4195656297926682,10.100734301164016
2018-08-18 09:00:00,27.5,89,25.5,0.4,100,214.0,10.1,186,1.0557374790033005,10.04467114321956
2018-08-18 10:00:00,28.2,86,25.7,0.2,100,228.0,10.2,188,1.4195656297926682,10.100734301164016
2018-08-18 11:00:00,29.1,79,25.1,0.3,100,291.0,9.4,198,2.904759747124505,8.939931253174445
2018-08-18 12:00:00,29.1,80,25.3,0.4,100,154.0,11.7,223,7.979380812731231,8.556838308944295
2018-08-18 13:00:00,28.4,84,25.3,4.0,53,64.0,14.3,231,11.11318724883468,8.999281592012682
2018-08-18 14:00:00,28.4,85,25.6,1.3,78,117.0,10.4,224,7.224447052773572,7.481133923521972
2018-08-18 15:00:00,28.1,85,25.3,2.7,100,112.0,8.4,211,4.326319829244455,7.200205325897744
2018-08-18 16:00:00,27.5,88,25.3,2.6,84,60.0,9.7,184,0.6766377953180152,9.676371287520292
2018-08-18 17:00:00,26.9,90,25.2,1.2,100,9.0,9.0,178,-0.3140954703225103,8.994517443171862
2018-08-18 18:00:00,26.2,91,24.6,1.7,100,1.0,9.6,160,-3.2833933759264213,9.02104915954472
2018-08-18 19:00:00,26.0,91,24.5,1.1,99,0.0,10.7,138,-7.159697488039784,7.951649632608117
2018-08-18 20:00:00,25.9,91,24.4,0.6,53,0.0,10.4,146,-5.815606196095768,8.621990754572433
2018-08-18 21:00:00,25.9,91,24.3,1.3,65,0.0,9.5,155,-4.014873486536645,8.609923976848174
2018-08-18 22:00:00,25.9,91,24.3,0.2,52,0.0,10.1,163,-2.95295421769964,9.65867803522666
2018-08-18 23:00:00,25.9,91,24.2,0.3,43,0.0,11.4,162,-3.522793735874401,10.84204428576475
2018-08-19 00:00:00,25.9,91,24.3,0.2,42,0.0,12.3,159,-4.407925779407193,11.483039245915585
2018-08-19 01:00:00,26.0,90,24.3,0.0,36,0.0,11.0,161,-3.5812496990287226,10.400704331592486
2018-08-19 02:00:00,25.9,91,24.3,0.0,38,0.0,10.2,162,-3.1519733426244643,9.700776466210565
2018-08-19 03:00:00,25.7,91,24.1,0.1,41,0.0,9.0,157,-3.516580156403464,8.284543681071963
2018-08-19 04:00:00,25.7,90,23.9,0.0,38,0.0,9.2,159,-3.2969851358167617,8.588939923774255
2018-08-19 05:00:00,25.6,90,23.8,0.1,38,0.0,9.9,170,-1.7191169589026098,9.74959675482086
2018-08-19 06:00:00,25.7,90,23.9,0.0,94,0.0,11.4,162,-3.522793735874401,10.84204428576475
2018-08-19 07:00:00,26.0,89,24.0,0.1,98,18.0,11.0,169,-2.0988989491419945,10.797899017924305
2018-08-19 08:00:00,26.8,86,24.3,0.1,100,89.0,10.5,176,-0.7324429743133181,10.474422527728152
2018-08-19 09:00:00,27.0,87,24.7,0.3,84,100.0,11.5,180,-1.4083438190194562e-15,11.5
2018-08-19 10:00:00,27.5,86,25.0,0.3,94,209.0,13.3,177,-0.6960682180311527,13.281772812235833
2018-08-19 11:00:00,28.2,85,25.4,0.2,98,318.0,14.1,176,-0.9835662797921698,14.06565310866352
2018-08-19 12:00:00,28.5,85,25.6,0.2,100,294.0,15.5,175,-1.350914012588702,15.441017820422056
2018-08-19 13:00:00,28.8,84,25.7,0.2,100,193.0,14.0,179,-0.2443336901219681,13.997867732189478
2018-08-19 14:00:00,28.6,84,25.6,0.8,100,119.0,14.5,174,-1.5156627173809791,14.420567482839962
2018-08-19 15:00:00,26.6,92,25.2,2.8,100,12.0,13.7,178,-0.4781231048242656,13.691654330161612
2018-08-19 16:00:00,26.2,93,25.0,3.4,100,1.0,13.4,175,-1.1678869528186198,13.34900895442939
2018-08-19 17:00:00,26.0,94,24.9,2.5,100,17.0,13.4,166,-3.2417534010355475,13.001962732098352
2018-08-19 18:00:00,25.9,93,24.7,1.9,81,2.0,11.2,174,-1.1707187885977215,11.13864522812466
2018-08-19 19:00:00,25.5,93,24.4,1.5,89,0.0,12.4,163,-3.625409138561934,11.85817897394164
2018-08-19 20:00:00,25.6,92,24.2,0.9,69,0.0,12.6,153,-5.720280296718291,11.226682204773434
2018-08-19 21:00:00,25.6,91,24.0,0.6,83,0.0,11.8,157,-4.610627316173431,10.861957270738795
2018-08-19 22:00:00,25.6,90,23.9,0.4,89,0.0,11.0,157,-4.298042413382012,10.125553387976844
2018-08-19 23:00:00,25.6,90,23.9,0.2,75,0.0,10.3,155,-4.352968095929205,9.334970206477497
2018-08-20 00:00:00,25.6,91,23.9,0.3,76,0.0,10.0,154,-4.383711467890773,8.98794046299167
2018-08-20 01:00:00,25.6,91,24.0,0.8,67,0.0,10.8,165,-2.795245687107227,10.431998923921936
2018-08-20 02:00:00,25.7,91,24.1,1.7,76,0.0,10.4,166,-2.5159877142365445,10.091075553270365
2018-08-20 03:00:00,25.5,89,23.6,0.5,80,0.0,11.0,169,-2.0988989491419945,10.797899017924305
2018-08-20 04:00:00,25.5,89,23.5,0.4,74,0.0,11.3,171,-1.7677094549546102,11.160878248725057
2018-08-20 05:00:00,25.5,89,23.5,0.3,62,0.0,10.2,172,-1.4195656297926662,10.100734301164016
2018-08-20 06:00:00,25.5,88,23.5,0.3,49,0.0,7.4,166,-1.790222027437541,7.180188374442374
2018-08-20 07:00:00,25.6,88,23.5,0.4,49,1.0,7.0,159,-2.5085756468171017,6.535062985480412
2018-08-20 08:00:00,26.1,86,23.6,0.3,53,14.0,8.2,165,-2.1223161698406723,7.920591775570359
2018-08-20 09:00:00,26.8,85,24.0,0.4,56,127.0,9.0,175,-0.7844016847289237,8.96575228282571
2018-08-20 10:00:00,27.3,83,24.2,0.5,19,183.0,10.8,184,0.753369916436553,10.773691742806102
2018-08-20 11:00:00,27.9,81,24.2,0.4,31,207.0,14.3,190,2.483168940637106,14.082750868074577
2018-08-20 12:00:00,28.5,79,24.4,0.3,34,283.0,13.3,193,2.9918490227734043,12.959121861643627
2018-08-20 13:00:00,28.9,78,24.6,0.1,47,336.0,12.2,194,2.9514471263159434,11.837607860567156
2018-08-20 14:00:00,28.9,77,24.4,0.2,42,248.0,12.6,207,5.720280296718287,11.226682204773436
2018-08-20 15:00:00,29.5,77,25.0,0.7,72,345.0,11.5,219,7.237184497073133,8.937178556755164
2018-08-20 16:00:00,28.8,80,25.1,1.4,75,194.0,9.5,205,4.014873486536644,8.609923976848176
2018-08-20 17:00:00,27.7,84,24.7,2.8,66,50.0,8.0,198,2.4721359549995783,7.608452130361229
2018-08-20 18:00:00,27.5,85,24.8,0.0,67,26.0,4.0,153,-1.8159619989581877,3.564026096753471
2018-08-20 19:00:00,27.1,87,24.8,0.0,50,0.0,5.5,148,-2.914555953282627,4.664264528860342
2018-08-20 20:00:00,26.7,90,24.8,0.0,49,0.0,6.8,148,-3.603450996785793,5.766727053863696
2018-08-20 21:00:00,26.4,91,24.8,0.0,41,0.0,8.0,153,-3.631923997916375,7.128052193506942
2018-08-20 22:00:00,26.3,91,24.7,0.0,52,0.0,9.4,162,-2.9047597471245066,8.939931253174443
2018-08-20 23:00:00,26.3,91,24.7,0.0,42,0.0,9.7,165,-2.510544737494454,9.36948051500396
2018-08-21 00:00:00,26.1,91,24.6,0.0,40,0.0,9.7,165,-2.510544737494454,9.36948051500396
2018-08-21 01:00:00,26.1,91,24.6,0.0,20,0.0,9.0,164,-2.480736202352993,8.65135526344487
2018-08-21 02:00:00,26.1,91,24.5,0.0,25,0.0,7.9,164,-2.177535110954294,7.59396739791272
2018-08-21 03:00:00,26.0,91,24.5,0.0,29,0.0,6.5,161,-2.1161930039715178,6.14587074139556
2018-08-21 04:00:00,25.9,92,24.4,0.0,26,0.0,7.5,145,-4.301823272632845,6.14364033216744
2018-08-21 05:00:00,25.7,93,24.4,0.0,38,0.0,5.9,133,-4.314986839553106,4.023790324368741
2018-08-21 06:00:00,25.4,94,24.3,0.0,22,0.0,5.6,140,-3.5996106142446207,4.289848881466276
2018-08-21 07:00:00,26.6,90,24.8,0.0,30,54.0,6.6,135,-4.666904755831213,4.666904755831213
2018-08-21 08:00:00,27.4,85,24.7,0.0,30,179.0,7.2,143,-4.333068166694747,5.750175672340509
2018-08-21 09:00:00,28.3,82,24.9,0.0,14,347.0,6.8,155,-2.8738041798367564,6.162892951849219
2018-08-21 10:00:00,29.0,79,25.0,0.0,22,403.0,6.3,167,-1.4171916423663506,6.1385314081469815
2018-08-21 11:00:00,29.7,78,25.4,0.0,27,503.0,7.6,183,0.3977532674463711,7.589584464134761
2018-08-21 12:00:00,29.8,80,26.0,0.2,37,520.0,10.1,182,0.352484916695259,10.093847352892867
2018-08-21 13:00:00,29.9,82,26.5,0.1,55,568.0,12.3,185,1.0720156357961927,12.253194786528471
2018-08-21 14:00:00,29.7,84,26.7,0.3,53,340.0,12.3,173,-1.4989929238833148,12.20831766518826
2018-08-21 15:00:00,29.8,74,24.7,0.1,38,309.0,11.6,175,-1.011006615872835,11.555858497864248
2018-08-21 16:00:00,29.3,76,24.6,0.0,47,127.0,11.6,173,-1.4136843834997117,11.513535359039334
2018-08-21 17:00:00,28.9,76,24.2,0.0,64,71.0,10.3,168,-2.141490415422921,10.0749202875582
2018-08-21 18:00:00,28.2,80,24.4,0.0,61,35.0,7.8,167,-1.7546182238821486,7.600086505324834
2018-08-21 19:00:00,27.6,83,24.4,0.0,59,1.0,10.8,143,-6.499602250042121,8.625263508510765
2018-08-21 20:00:00,27.3,84,24.4,0.0,76,0.0,10.5,149,-5.407899786555571,9.000256657372178
2018-08-21 21:00:00,27.1,85,24.4,0.0,77,0.0,9.2,149,-4.7383502891725,7.885939166459432
2018-08-21 22:00:00,26.9,86,24.4,0.0,80,0.0,7.1,139,-4.658019105832602,5.358438019581681
2018-08-21 23:00:00,26.8,86,24.3,0.0,72,0.0,7.0,145,-4.0150350544573215,5.734064310022943
2018-08-22 00:00:00,26.7,86,24.2,0.0,55,0.0,7.3,169,-1.3929056662487782,7.165878439167947
2018-08-22 01:00:00,26.4,88,24.3,0.2,55,0.0,7.8,167,-1.7546182238821486,7.600086505324834
2018-08-22 02:00:00,26.2,89,24.3,0.3,48,0.0,8.6,165,-2.2258437878816806,8.306962106085987
2018-08-22 03:00:00,26.1,91,24.6,0.0,59,0.0,8.3,162,-2.5648410533120645,7.893769085249775
2018-08-22 04:00:00,26.0,91,24.5,0.0,53,0.0,8.6,158,-3.221616703376845,7.97378114927437
2018-08-22 05:00:00,26.0,91,24.4,0.0,48,0.0,7.6,149,-3.914289369316413,6.514471485336053
2018-08-22 06:00:00,26.2,88,24.1,0.0,58,0.0,7.0,125,-5.734064310022942,4.015035054457323
2018-08-22 07:00:00,26.8,87,24.5,0.0,70,42.0,7.5,125,-6.143640332167438,4.301823272632846
2018-08-22 08:00:00,27.6,83,24.4,0.0,79,163.0,9.7,132,-7.208504807130724,6.490566881680924
2018-08-22 09:00:00,28.2,81,24.7,0.0,83,241.0,11.8,140,-7.584893794301166,9.03932442880394
2018-08-22 10:00:00,28.8,79,24.9,0.0,66,360.0,11.2,138,-7.494262791219213,8.323222045346814
2018-08-22 11:00:00,29.3,78,25.0,0.0,65,303.0,10.5,139,-6.888619804400326,7.924450592339106
2018-08-22 12:00:00,29.7,76,25.1,0.1,73,492.0,11.3,149,-5.819930246483615,9.685990497933869
2018-08-22 13:00:00,29.5,78,25.2,0.0,83,333.0,13.2,154,-5.78649913761582,11.864081411149003
2018-08-22 14:00:00,29.6,78,25.3,0.2,77,319.0,14.2,153,-6.446665096301565,12.65229264347482
2018-08-22 15:00:00,28.1,83,24.9,2.5,83,81.0,14.9,148,-7.895797037074753,12.635916632730748
2018-08-22 16:00:00,27.9,84,24.9,1.0,92,17.0,13.1,122,-11.10943005964918,6.9419423614549824
2018-08-22 17:00:00,28.0,82,24.6,0.2,79,4.0,8.7,107,-8.31985137687841,2.5436338310878086
2018-08-22 18:00:00,28.2,81,24.5,0.2,64,2.0,4.3,48,-3.195522749552795,-2.8772616073430903
2018-08-22 19:00:00,27.8,83,24.6,0.0,65,0.0,5.8,22,-2.172718241812289,-5.377666356487367
2018-08-22 20:00:00,27.4,86,24.8,0.0,73,0.0,8.9,27,-4.040515447681966,-7.929958065276475
2018-08-22 21:00:00,27.1,87,24.8,0.0,85,0.0,8.8,35,-5.047472639889206,-7.208537989743128
2018-08-22 22:00:00,26.9,89,25.0,0.3,92,0.0,7.9,43,-5.387787044493738,-5.777694242791447
2018-08-22 23:00:00,26.8,89,24.9,0.4,100,0.0,6.3,77,-6.1385314081469815,-1.4171916423663489
2018-08-23 00:00:00,26.6,89,24.6,0.4,100,0.0,7.6,95,-7.571079705497266,0.6623836448822026
2018-08-23 01:00:00,26.5,89,24.5,0.3,100,0.0,6.5,84,-6.4643923198937765,-0.6794350112397475
2018-08-23 02:00:00,26.5,88,24.4,0.2,100,0.0,5.4,48,-4.012982057577929,-3.613305274337834
2018-08-23 03:00:00,26.4,89,24.5,0.3,100,0.0,7.9,360,1.934941942652818e-15,-7.9
2018-08-23 04:00:00,26.4,89,24.5,0.1,100,0.0,9.1,351,1.4235536318661028,-8.987963899415753
2018-08-23 05:00:00,26.3,90,24.5,0.4,100,0.0,8.4,353,1.0237024846032368,-8.337387673787106
2018-08-23 06:00:00,26.2,91,24.6,1.1,100,0.0,5.1,39,-3.2095339943541705,-3.963444403430551
2018-08-23 07:00:00,26.3,91,24.7,1.7,100,8.0,7.0,339,2.508575646817105,-6.535062985480411
2018-08-23 08:00:00,26.6,90,24.8,1.8,82,0.0,12.7,345,3.2870018728020125,-12.267257993871167
2018-08-23 09:00:00,26.9,91,25.3,1.8,84,2.0,13.9,343,4.063966695646046,-13.29263610788619
2018-08-23 10:00:00,27.4,91,25.7,1.6,95,8.0,13.9,343,4.063966695646046,-13.29263610788619
2018-08-23 11:00:00,27.3,93,26.0,2.8,95,5.0,9.9,316,6.877117867544077,-7.121464023352644
2018-08-23 12:00:00,27.2,93,26.0,5.2,100,0.0,12.5,288,11.88820645368942,-3.862712429686841
2018-08-23 13:00:00,27.1,93,25.9,7.4,100,0.0,13.4,284,13.001962732098354,-3.2417534010355435
2018-08-23 14:00:00,27.1,93,25.9,8.5,100,1.0,12.9,293,11.874512609536485,-5.040431557511628
2018-08-23 15:00:00,27.3,93,26.0,9.2,100,13.0,15.1,298,13.3325086521698,-7.089020598066945
2018-08-23 16:00:00,27.3,90,25.6,12.3,100,0.0,20.5,304,16.995270237378353,-11.463454521150314
2018-08-23 17:00:00,26.6,91,25.0,19.1,100,0.0,23.2,298,20.48438415432711,-10.891740256632657
2018-08-23 18:00:00,26.3,87,24.0,16.4,100,0.0,25.9,254,24.89667792480246,7.13900751566027
2018-08-23 19:00:00,26.0,87,23.7,13.7,100,0.0,22.9,237,19.20555600595021,12.472233901844117
2018-08-23 20:00:00,26.0,87,23.7,15.5,100,0.0,18.9,222,12.64656846018242,14.04543720152275
2018-08-23 21:00:00,26.1,87,23.8,17.1,100,0.0,15.8,204,6.426438960597643,14.434018230753097
2018-08-23 22:00:00,25.9,89,24.0,20.8,100,0.0,17.0,212,9.008627491964482,14.416817634659242
2018-08-23 23:00:00,25.8,90,24.0,22.9,100,0.0,19.1,216,11.226698318786235,15.452224592561498
2018-08-24 00:00:00,25.8,91,24.1,20.5,100,0.0,22.0,220,14.141327413103864,16.852977748617516
2018-08-24 01:00:00,25.6,94,24.5,18.1,100,0.0,26.7,226,19.206372669041983,18.547378491255227
2018-08-24 02:00:00,26.0,94,24.9,15.9,100,0.0,31.0,234,25.07952682562337,18.22134282106667
2018-08-24 03:00:00,26.8,95,25.8,15.3,100,0.0,31.3,240,27.106595138452924,15.650000000000016
2018-08-24 04:00:00,26.8,94,25.8,13.0,100,0.0,28.4,241,24.83919968275884,13.768593214995963
2018-08-24 05:00:00,26.9,93,25.7,14.8,100,0.0,25.6,242,22.60345837718853,12.018472007318804
2018-08-24 06:00:00,26.8,94,25.7,16.1,100,0.0,22.4,240,19.39896904477142,11.20000000000001
2018-08-24 07:00:00,26.7,94,25.6,18.1,100,0.0,21.1,245,19.12309430647332,8.917245322728753
2018-08-24 08:00:00,26.6,91,25.1,15.6,100,0.0,19.2,244,17.256845688944,8.416726018350293
2018-08-24 09:00:00,26.7,90,25.0,10.4,100,0.0,16.9,241,14.781073050655788,8.193282582163091
2018-08-24 10:00:00,26.7,91,25.0,9.7,100,0.0,17.4,243,15.5035135208776,7.899434695468115
2018-08-24 11:00:00,26.6,91,25.0,9.4,100,1.0,16.7,245,15.135340043512056,7.057724971069676
2018-08-24 12:00:00,26.6,90,24.8,10.6,100,0.0,16.9,246,15.438918234159956,6.873849267981021
2018-08-24 13:00:00,26.5,90,24.7,12.1,100,0.0,17.2,244,15.459257596345669,7.539983724772137
2018-08-24 14:00:00,26.7,89,24.8,12.4,100,3.0,13.2,244,11.864081411149002,5.7864991376158255
2018-08-24 15:00:00,26.8,93,25.5,3.5,100,0.0,10.7,237,8.973775077016038,5.827637674660788
2018-08-24 16:00:00,27.0,92,25.5,4.0,94,7.0,8.8,235,7.208537989743126,5.047472639889208
2018-08-24 17:00:00,26.6,90,24.9,6.0,100,0.0,9.4,223,6.410784584587485,6.874724795220204
2018-08-24 18:00:00,26.4,91,24.7,5.5,100,0.0,9.5,205,4.014873486536644,8.609923976848176
2018-08-24 19:00:00,26.2,91,24.7,4.0,100,0.0,8.9,201,3.189474750953174,8.308865795825096
2018-08-24 20:00:00,26.1,91,24.5,2.2,100,0.0,8.4,200,2.8729692039356167,7.893418014601631
2018-08-24 21:00:00,26.1,90,24.3,2.0,100,0.0,9.1,189,1.4235536318660995,8.987963899415753
2018-08-24 22:00:00,26.0,90,24.3,1.7,100,0.0,10.2,172,-1.4195656297926662,10.100734301164016
2018-08-24 23:00:00,25.8,92,24.4,2.1,100,0.0,11.4,167,-2.5644420195200635,11.10781873855168
2018-08-25 00:00:00,25.7,92,24.4,1.8,100,0.0,11.5,166,-2.782101799396179,11.15840085217396
2018-08-25 01:00:00,25.7,93,24.5,2.1,100,0.0,11.3,163,-3.303800263366924,10.806243742382302
2018-08-25 02:00:00,25.6,94,24.6,2.4,100,0.0,10.7,166,-2.5885642829164444,10.382164271153162
2018-08-25 03:00:00,25.5,91,24.0,1.7,100,0.0,11.2,165,-2.8987733051482354,10.818369254437563
2018-08-25 04:00:00,25.4,92,24.0,2.0,100,0.0,10.7,160,-3.659615533584657,10.05471104240922
2018-08-25 05:00:00,25.5,91,24.0,1.8,100,0.0,9.6,160,-3.2833933759264213,9.02104915954472
2018-08-25 06:00:00,25.5,92,24.1,2.6,100,0.0,7.2,177,-0.3768188849491954,7.190132650232932
2018-08-25 07:00:00,25.7,92,24.3,2.6,95,0.0,7.6,183,0.3977532674463711,7.589584464134761
2018-08-25 08:00:00,25.7,93,24.5,2.6,100,0.0,9.9,190,1.7191169589026116,9.74959675482086
2018-08-25 09:00:00,25.8,95,24.9,2.1,100,0.0,10.1,184,0.7045403848156653,10.075396907624224
2018-08-25 10:00:00,26.2,94,25.2,1.8,100,3.0,11.5,180,-1.4083438190194562e-15,11.5
2018-08-25 11:00:00,26.3,93,25.2,1.5,100,1.0,14.8,184,1.032395811413054,14.763947943845398
2018-08-25 12:00:00,26.6,94,25.5,1.0,100,5.0,14.4,184,1.004493221915404,14.36492232374147
2018-08-25 13:00:00,27.2,93,25.9,0.5,100,67.0,13.1,188,1.8231676225768585,12.97251170051457
2018-08-25 14:00:00,27.2,91,25.7,0.4,100,21.0,13.6,192,2.827598995121529,13.302807369979757
2018-08-25 15:00:00,27.2,90,25.4,2.5,80,36.0,11.6,202,4.345436483624579,10.755332712974734
2018-08-25 16:00:00,27.0,89,25.1,0.6,100,5.0,9.7,207,4.403707847473602,8.642763284627168
2018-08-25 17:00:00,26.6,90,24.9,0.4,100,1.0,9.2,206,4.033014550459512,8.268905225952334
2018-08-25 18:00:00,26.4,91,24.9,0.3,100,0.0,5.9,191,1.125773072721614,5.791600382341218
2018-08-25 19:00:00,26.1,92,24.8,0.2,100,0.0,6.5,199,2.116193003971519,6.145870741395559
2018-08-25 20:00:00,25.9,93,24.7,0.1,100,0.0,6.9,189,1.0793978087775922,6.815049550106451
2018-08-25 21:00:00,25.8,93,24.7,0.0,100,0.0,7.2,180,-8.817456953860943e-16,7.2
2018-08-25 22:00:00,25.8,93,24.6,0.0,90,0.0,8.3,175,-0.7233926648055631,8.268415994161488
2018-08-25 23:00:00,25.8,93,24.6,0.0,74,0.0,9.4,173,-1.1455718280083869,9.329933825428428
2018-08-26 00:00:00,25.8,93,24.6,0.0,83,0.0,11.0,169,-2.0988989491419945,10.797899017924305
2018-08-26 01:00:00,25.9,92,24.4,0.0,93,0.0,12.5,162,-3.862712429686844,11.88820645368942
2018-08-26 02:00:00,25.8,91,24.2,0.0,90,0.0,14.1,161,-4.5905109778459074,13.331811915950368
2018-08-26 03:00:00,25.6,91,24.0,0.1,87,0.0,16.3,162,-5.036977008311645,15.502221215611003
2018-08-26 04:00:00,25.5,92,24.1,0.2,74,0.0,16.9,160,-5.780140422203804,15.880805291281847
2018-08-26 05:00:00,25.5,93,24.2,0.4,85,0.0,17.2,164,-4.740962520052387,16.533701170139086
2018-08-26 06:00:00,25.4,94,24.3,0.6,86,0.0,15.6,172,-2.1711003749770192,15.448181872368496
2018-08-26 07:00:00,25.6,93,24.5,0.6,95,7.0,16.0,166,-3.870750329594684,15.524731620415944
2018-08-26 08:00:00,25.8,93,24.5,0.8,96,4.0,17.2,169,-3.281914720476573,16.883987555299818
2018-08-26 09:00:00,26.2,93,24.9,0.8,100,95.0,18.3,170,-3.177761651304824,18.02198188012341
2018-08-26 10:00:00,26.6,90,24.8,0.6,100,10.0,19.7,171,-3.0817589612925502,19.45746030972421
2018-08-26 11:00:00,27.3,86,24.8,0.4,71,94.0,19.6,173,-2.388639130740892,19.45390457216991
2018-08-26 12:00:00,27.0,85,24.3,0.3,68,62.0,18.6,171,-2.909681049748297,18.37100313506956
2018-08-26 13:00:00,26.9,86,24.4,0.5,94,111.0,19.4,170,-3.368774646738447,19.105270408436837
2018-08-26 14:00:00,26.8,88,24.6,0.2,78,37.0,19.7,171,-3.0817589612925502,19.45746030972421
2018-08-26 15:00:00,28.0,83,24.8,0.2,68,198.0,19.8,170,-3.43823391780522,19.49919350964172
2018-08-26 16:00:00,27.6,83,24.5,0.2,96,98.0,19.4,169,-3.701694510304972,19.04356735888468
2018-08-26 17:00:00,27.1,86,24.5,0.2,86,37.0,18.2,166,-4.402978499913953,17.659382218223136
2018-08-26 18:00:00,26.6,87,24.3,0.1,74,11.0,12.3,165,-3.1834742547610086,11.88088766335554
2018-08-26 19:00:00,26.1,89,24.2,0.2,86,0.0,13.2,163,-3.859306502340123,12.62322277871207
2018-08-26 20:00:00,26.0,89,24.0,0.1,86,0.0,13.7,162,-4.23353282293678,13.029474273243602
2018-08-26 21:00:00,25.9,88,23.8,0.2,86,0.0,12.9,167,-2.901868601035861,12.569373835729534
2018-08-26 22:00:00,25.9,90,24.0,0.3,87,0.0,13.4,174,-1.40068140778656,13.326593397934865
2018-08-26 23:00:00,25.8,89,23.9,0.3,90,0.0,14.8,177,-0.7745721523955684,14.779717114367694
2018-08-27 00:00:00,25.7,90,23.9,0.4,92,0.0,17.0,174,-1.7769838755501135,16.906872221260645
2018-08-27 01:00:00,25.4,92,24.1,0.4,100,0.0,17.1,165,-4.4258056712531095,16.51733162954307
2018-08-27 02:00:00,25.3,94,24.2,1.1,100,0.0,17.8,159,-6.3789495019063445,16.61773159165019
2018-08-27 03:00:00,25.3,92,23.9,2.7,100,0.0,21.2,162,-6.551160280748887,20.162398145457253
2018-08-27 04:00:00,25.5,90,23.8,1.8,100,0.0,22.2,160,-7.592847181829849,20.861176181447163
2018-08-27 05:00:00,25.5,91,23.8,1.6,100,0.0,22.8,164,-6.284531712627582,21.91676666739367
2018-08-27 06:00:00,25.4,91,23.8,1.2,100,0.0,19.1,168,-3.971113294619203,18.68261917401569
2018-08-27 07:00:00,25.4,92,24.0,1.3,100,8.0,19.9,175,-1.734399280678398,19.824274492025737
2018-08-27 08:00:00,25.6,91,24.0,1.3,100,25.0,20.5,170,-3.5597876421720707,20.188558936750265
2018-08-27 09:00:00,25.6,93,24.4,1.8,100,99.0,24.6,174,-2.571400196384282,24.465238626059524
2018-08-27 10:00:00,25.6,93,24.4,2.2,100,17.0,24.9,178,-0.8689974678922784,24.884831592775484
2018-08-27 11:00:00,25.6,94,24.6,2.2,100,30.0,25.1,172,-3.49324483409764,24.85572852541342
2018-08-27 12:00:00,25.4,95,24.6,2.4,100,0.0,26.4,175,-2.300911608538176,26.29954002962208
2018-08-27 13:00:00,25.5,94,24.5,2.8,100,0.0,25.5,171,-3.98907885852589,25.18605268517601
2018-08-27 14:00:00,25.3,94,24.4,2.4,100,0.0,26.1,169,-4.980114779327824,25.620469487984032
2018-08-27 15:00:00,25.3,93,24.1,2.8,100,0.0,24.9,170,-4.323839623906563,24.521713050003974
2018-08-27 16:00:00,25.4,93,24.2,2.5,100,0.0,24.1,170,-4.18492108177302,23.73386684759421
2018-08-27 17:00:00,25.4,94,24.3,2.0,100,1.0,24.0,171,-3.754427160965544,23.704520174283303
2018-08-27 18:00:00,25.2,94,24.1,2.0,100,0.0,23.0,170,-3.993908086339396,22.650578319280783
2018-08-27 19:00:00,25.3,91,23.8,2.0,100,0.0,21.4,167,-4.813952562958715,20.851519386404032
2018-08-27 20:00:00,25.1,93,23.8,2.0,100,0.0,22.0,162,-6.798373876248845,20.923243358493377
2018-08-27 21:00:00,24.9,93,23.7,2.0,100,0.0,22.0,165,-5.694018992255463,21.2503681783595
2018-08-27 22:00:00,25.0,92,23.6,1.9,100,0.0,22.7,169,-4.331364195047571,22.28293706426197
2018-08-27 23:00:00,25.2,91,23.6,1.7,100,0.0,22.8,168,-4.740386550644913,22.30176529673077
2018-08-28 00:00:00,25.2,91,23.6,1.8,100,0.0,24.0,167,-5.398825304252765,23.38488155484564
2018-08-28 01:00:00,25.1,92,23.7,2.4,100,0.0,24.6,168,-5.11462759411688,24.062430978051623
2018-08-28 02:00:00,25.2,92,23.8,3.0,100,0.0,23.9,169,-4.560334989499425,23.460889684399167
2018-08-28 03:00:00,25.0,92,23.6,4.6,100,0.0,22.4,169,-4.274121496434607,21.98844890922767
2018-08-28 04:00:00,25.0,91,23.5,5.2,100,0.0,22.4,165,-5.797546610296471,21.636738508875126
2018-08-28 05:00:00,25.0,91,23.5,6.4,100,0.0,23.9,164,-6.587732804026281,22.97415453292582
2018-08-28 06:00:00,25.0,91,23.4,6.1,100,0.0,23.4,170,-4.063367357406168,23.044501420485663
2018-08-28 07:00:00,25.0,91,23.5,6.5,100,0.0,24.0,167,-5.398825304252765,23.38488155484564
2018-08-28 08:00:00,25.0,91,23.4,6.8,100,0.0,24.0,161,-7.813635706971758,22.692445814383603
2018-08-28 09:00:00,25.0,91,23.4,7.2,100,0.0,23.5,159,-8.421646814314554,21.93914002268424
2018-08-28 10:00:00,25.0,90,23.3,7.3,90,0.0,21.8,164,-6.008894356810584,20.95550497145535
2018-08-28 11:00:00,25.1,91,23.5,7.8,86,0.0,19.6,167,-4.409040665139759,19.09765326979061
2018-08-28 12:00:00,25.1,92,23.7,5.4,81,0.0,19.6,166,-4.741669153753488,19.01779623500953
2018-08-28 13:00:00,25.3,91,23.7,4.5,91,0.0,20.8,166,-5.031975428473089,20.18215110654073
2018-08-28 14:00:00,25.5,90,23.8,3.9,100,1.0,19.8,168,-4.116651478191635,19.367322494529358
2018-08-28 15:00:00,25.1,92,23.6,4.4,100,0.0,18.8,173,-2.2911436560167737,18.659867650856853
2018-08-28 16:00:00,24.9,93,23.7,3.9,100,0.0,20.0,172,-2.7834620192013064,19.805361374831406
2018-08-28 17:00:00,25.1,94,24.0,4.2,100,0.0,22.1,168,-4.594848367072482,21.61706197621711
2018-08-28 18:00:00,25.0,93,23.9,3.9,100,0.0,20.4,154,-8.942771394497177,18.335398544503008
2018-08-28 19:00:00,24.9,94,23.8,4.8,100,0.0,22.6,155,-9.55117271533981,20.48255598702829
2018-08-28 20:00:00,24.8,93,23.7,5.0,74,0.0,23.2,156,-9.436290119358569,21.19425461730834
2018-08-28 21:00:00,24.8,93,23.6,4.2,68,0.0,24.8,161,-8.074090230537484,23.44886067486306
2018-08-28 22:00:00,24.9,93,23.6,3.7,100,0.0,25.3,163,-7.397004129485237,24.1945103258648
2018-08-28 23:00:00,24.7,93,23.5,3.8,78,0.0,25.2,161,-8.204317492320346,23.827068105102786
2018-08-29 00:00:00,24.8,92,23.5,4.2,93,0.0,24.0,163,-7.016920913345679,22.951314143112853
2018-08-29 01:00:00,25.0,91,23.5,4.4,100,0.0,24.3,168,-5.052254086871551,23.76898669783148
2018-08-29 02:00:00,24.9,93,23.6,4.8,100,0.0,24.7,167,-5.55629104229347,24.066940600195306
2018-08-29 03:00:00,24.8,91,23.3,4.1,93,0.0,24.4,166,-5.902894252631892,23.67521572113431
2018-08-29 04:00:00,24.8,91,23.3,4.2,84,0.0,23.9,169,-4.560334989499425,23.460889684399167
2018-08-29 05:00:00,24.9,91,23.4,4.3,100,0.0,24.4,167,-5.488805725990311,23.774629580759736
2018-08-29 06:00:00,24.9,92,23.6,4.3,80,0.0,22.1,164,-6.091585563555683,21.24388348023685
2018-08-29 07:00:00,25.0,92,23.5,3.7,91,0.0,23.0,163,-6.724549208622942,21.995009387149818
2018-08-29 08:00:00,25.0,91,23.4,3.4,96,0.0,23.3,163,-6.812260720039763,22.28190081393873
2018-08-29 09:00:00,25.1,91,23.4,3.6,100,2.0,24.9,162,-7.694523159936192,23.68130725574932
2018-08-29 10:00:00,25.4,90,23.7,4.7,100,30.0,24.4,158,-9.140400879348258,22.62328605142961
2018-08-29 11:00:00,25.3,91,23.8,5.0,100,4.0,23.9,162,-7.385506165561245,22.730250739454167
2018-08-29 12:00:00,25.4,91,23.8,4.1,100,7.0,25.4,164,-7.00118883775178,24.416047076833294
2018-08-29 13:00:00,25.4,90,23.6,3.9,100,1.0,27.9,163,-8.157170561764351,26.68090269136869
2018-08-29 14:00:00,25.3,90,23.6,4.9,100,1.0,27.2,165,-7.039878026788571,26.27318247506265
2018-08-29 15:00:00,25.4,90,23.7,4.4,100,1.0,24.3,168,-5.052254086871551,23.76898669783148
2018-08-29 16:00:00,25.4,90,23.6,4.5,100,1.0,23.0,170,-3.993908086339396,22.650578319280783
2018-08-29 17:00:00,25.3,90,23.6,4.4,100,0.0,22.0,169,-4.197797898283989,21.59579803584861
2018-08-29 18:00:00,25.1,91,23.5,4.3,100,0.0,20.3,168,-4.220607323600515,19.856396294896257
2018-08-29 19:00:00,24.9,91,23.4,3.7,97,0.0,21.9,163,-6.402940333427932,20.94307415559048
2018-08-29 20:00:00,24.8,91,23.3,2.8,100,0.0,21.1,163,-6.169042969649743,20.17803035082005
2018-08-29 21:00:00,25.0,90,23.3,2.0,100,0.0,20.7,167,-4.65648682491801,20.169460341054368
2018-08-29 22:00:00,25.1,90,23.4,1.7,88,0.0,20.3,173,-2.4739476711244954,20.14868687831884
2018-08-29 23:00:00,25.2,90,23.4,2.0,96,0.0,20.5,177,-1.072887102980348,20.471905462468765
2018-08-30 00:00:00,25.2,90,23.4,2.0,97,0.0,20.3,173,-2.4739476711244954,20.14868687831884
2018-08-30 01:00:00,25.1,91,23.5,2.0,96,0.0,21.7,168,-4.511683690745377,21.225802935923586
2018-08-30 02:00:00,25.0,91,23.4,1.7,91,0.0,21.8,167,-4.903932984696262,21.241267412318127
2018-08-30 03:00:00,24.6,91,23.0,2.4,94,0.0,21.3,169,-4.064231601520408,20.908659007435244
2018-08-30 04:00:00,24.6,90,22.9,1.9,95,0.0,19.8,168,-4.116651478191635,19.367322494529358
2018-08-30 05:00:00,24.7,90,23.0,1.3,85,0.0,17.9,171,-2.800176924220134,17.679621296652964
2018-08-30 06:00:00,24.7,90,23.0,1.0,70,0.0,16.3,175,-1.4206386067868286,16.237973578895453
2018-08-30 07:00:00,25.0,89,23.2,1.0,86,6.0,15.0,169,-2.8621349306481747,14.72440775171496
2018-08-30 08:00:00,25.4,88,23.4,1.0,86,20.0,14.8,167,-3.329275604289205,14.42067695882148
2018-08-30 09:00:00,26.0,88,23.9,1.1,90,5.0,15.7,164,-4.327506486326888,15.091808626231606
2018-08-30 10:00:00,26.4,89,24.3,1.3,88,10.0,15.8,163,-4.619472934619239,15.109615144215962
2018-08-30 11:00:00,26.5,88,24.4,1.4,93,0.0,15.8,168,-3.285004714920597,15.454732091594131
2018-08-30 12:00:00,26.6,89,24.6,1.5,72,19.0,13.9,170,-2.413709669570331,13.688827766869691
2018-08-30 13:00:00,26.6,89,24.7,1.6,86,0.0,12.8,158,-4.794964395723677,11.867953338454878
2018-08-30 14:00:00,26.9,88,24.8,0.6,91,13.0,12.4,150,-6.199999999999999,10.73871500692704
2018-08-30 15:00:00,26.2,85,23.6,0.9,89,1.0,11.5,148,-6.094071538681856,9.7525531057989
2018-08-30 16:00:00,26.3,85,23.6,0.6,86,5.0,10.7,147,-5.827637674660791,8.973775077016036
2018-08-30 17:00:00,26.2,85,23.4,0.4,88,0.0,10.3,151,-4.993539088537273,9.008582983535776
2018-08-30 18:00:00,26.1,84,23.1,0.2,90,0.0,8.7,128,-6.855693556378481,5.356254835333226
2018-08-30 19:00:00,25.8,82,22.4,0.0,89,0.0,10.6,118,-9.359244484304623,4.976398565530444
2018-08-30 20:00:00,26.0,79,22.1,0.0,89,0.0,9.5,115,-8.609923976848176,4.014873486536644
2018-08-30 21:00:00,26.2,78,22.0,0.0,89,0.0,9.2,129,-7.149742845404133,5.789747597658502
2018-08-30 22:00:00,26.3,80,22.6,0.0,79,0.0,10.9,189,1.705135668938515,10.765802912487002
2018-08-30 23:00:00,26.2,85,23.5,0.0,71,0.0,10.6,204,4.311408416603482,9.683581851011567
2018-08-31 00:00:00,26.0,89,24.1,0.0,71,0.0,11.4,198,3.5227937358743997,10.842044285764752
2018-08-31 01:00:00,26.0,90,24.3,0.0,68,0.0,10.4,182,0.3629547657060094,10.393664600998596
2018-08-31 02:00:00,26.0,90,24.2,0.0,86,0.0,8.9,159,-3.189474750953172,8.308865795825096
2018-08-31 03:00:00,25.7,88,23.7,0.1,93,0.0,8.6,158,-3.221616703376845,7.97378114927437
2018-08-31 04:00:00,25.6,88,23.6,0.2,91,0.0,6.4,137,-4.36478950439999,4.680663690362692
2018-08-31 05:00:00,25.1,91,23.5,0.1,82,0.0,4.7,113,-4.326372811226469,1.836436303899587
2018-08-31 06:00:00,24.8,91,23.3,0.0,68,0.0,4.0,85,-3.984778792366982,-0.3486229709906325
2018-08-31 07:00:00,24.9,92,23.5,0.0,62,0.0,3.4,58,-2.8833635269318485,-1.8017254983928963
2018-08-31 08:00:00,26.3,90,24.5,0.1,57,12.0,3.4,18,-1.0506577808748212,-3.233592155403522
2018-08-31 09:00:00,27.5,85,24.7,0.1,58,16.0,1.8,37,-1.083267041673687,-1.437543918085127
2018-08-31 10:00:00,27.8,84,24.8,0.2,90,1.0,1.8,53,-1.437543918085127,-1.0832670416736871
2018-08-31 11:00:00,28.4,81,24.8,0.2,90,8.0,1.5,76,-1.4554435894139948,-0.3628828433995015
2018-08-31 12:00:00,28.6,80,24.7,0.2,90,9.0,1.6,117,-1.4256104387013888,0.7263847995832748
2018-08-31 13:00:00,28.7,79,24.6,0.2,90,9.0,2.4,153,-1.0895771993749124,2.138415658052083
2018-08-31 14:00:00,28.7,78,24.5,0.3,88,10.0,4.1,165,-1.061158084920336,3.96029588778518
2018-08-31 15:00:00,28.6,78,24.4,0.3,84,2.0,4.3,185,0.3747696938149291,4.283637201794505
2018-08-31 16:00:00,28.3,79,24.3,0.4,85,8.0,5.4,176,-0.3766849582182778,5.386845871403051
2018-08-31 17:00:00,28.0,83,24.7,0.3,69,1.0,5.8,180,-7.10295143505465e-16,5.8
2018-08-31 18:00:00,27.6,84,24.7,0.2,95,0.0,5.8,187,0.7068421917498544,5.756767679519668
2018-08-31 19:00:00,27.0,87,24.6,0.1,92,0.0,5.6,153,-2.542346798541462,4.989636535454859
2018-08-31 20:00:00,26.7,87,24.4,0.0,90,0.0,6.1,135,-4.31335136523794,4.313351365237939
2018-08-31 21:00:00,26.3,88,24.2,0.0,90,0.0,5.1,141,-3.2095339943541705,3.963444403430551
2018-08-31 22:00:00,26.2,88,24.1,0.0,87,0.0,5.8,173,-0.7068421917498557,5.756767679519667
2018-08-31 23:00:00,26.3,87,24.0,0.0,82,0.0,4.3,138,-2.8772616073430908,3.1955227495527945
2018-09-01 00:00:00,25.7,90,24.0,0.0,80,0.0,2.4,63,-2.138415658052083,-1.0895771993749124
2018-09-01 01:00:00,25.6,91,24.0,0.0,80,0.0,3.5,66,-3.197409101749103,-1.4235782507653008
2018-09-01 02:00:00,25.3,92,23.9,0.0,66,0.0,2.5,82,-2.475670171853926,-0.3479327524001636
2018-09-01 03:00:00,25.8,87,23.6,0.0,62,0.0,1.1,90,-1.1,-6.735557395310444e-17
2018-09-01 04:00:00,26.0,86,23.4,0.0,61,0.0,1.1,72,-1.0461621679246689,-0.3399186938124422
2018-09-01 05:00:00,26.1,86,23.5,0.0,58,0.0,2.2,9,-0.3441558230885079,-2.1729143493093037
2018-09-01 06:00:00,26.1,86,23.6,0.0,41,0.0,4.3,355,0.3747696938149307,-4.283637201794505
2018-09-01 07:00:00,25.6,92,24.3,0.0,33,5.0,2.3,39,-1.4474368994146258,-1.7874357113510329
2018-09-01 08:00:00,27.3,85,24.6,0.0,35,62.0,1.6,63,-1.4256104387013886,-0.726384799583275
2018-09-01 09:00:00,28.5,78,24.3,0.0,32,324.0,0.5,45,-0.3535533905932738,-0.3535533905932738
2018-09-01 10:00:00,29.1,74,24.1,0.0,56,413.0,1.5,284,1.4554435894139948,-0.3628828433995011
2018-09-01 11:00:00,29.7,72,24.2,0.0,72,531.0,3.3,283,3.2154212137912763,-0.7423384793347542
2018-09-01 12:00:00,30.1,71,24.3,0.0,71,587.0,5.0,300,4.330127018922193,-2.5000000000000004
2018-09-01 13:00:00,30.3,71,24.5,0.1,60,693.0,6.9,309,5.362307134053099,-4.342310698243879
2018-09-01 14:00:00,29.9,74,24.7,0.9,73,565.0,6.9,321,4.342310698243882,-5.362307134053097
2018-09-01 15:00:00,29.9,73,24.4,0.0,51,365.0,7.4,313,5.412017391981861,-5.04678786446249
2018-09-01 16:00:00,29.6,74,24.4,0.2,56,254.0,6.3,301,5.400153994423308,-3.244739871933341
2018-09-01 17:00:00,29.2,76,24.5,0.8,44,163.0,7.1,294,6.486172749262467,-2.887830165838178
2018-09-01 18:00:00,28.5,80,24.7,0.3,39,43.0,4.6,321,2.894873798829254,-3.5748714227020644
2018-09-01 19:00:00,27.7,86,25.1,0.0,33,0.0,4.7,351,0.7352419856890862,-4.642135200797148
2018-09-01 20:00:00,26.2,89,24.3,1.1,29,0.0,3.3,13,-0.7423384793347545,-3.2154212137912763
2018-09-01 21:00:00,25.7,91,24.1,0.2,21,0.0,3.5,114,-3.197409101749103,1.423578250765301
2018-09-01 22:00:00,25.5,90,23.8,0.0,26,0.0,6.6,158,-2.4724035165450204,6.119413440140796
2018-09-01 23:00:00,25.5,90,23.6,0.0,23,0.0,7.7,169,-1.4692292643993965,7.558529312547013
2018-09-02 00:00:00,25.2,91,23.5,0.0,21,0.0,7.6,175,-0.6623836448822022,7.571079705497266
2018-09-02 01:00:00,25.6,88,23.4,0.0,21,0.0,4.7,157,-1.8364363038995868,4.32637281122647
2018-09-02 02:00:00,25.1,91,23.4,0.0,23,0.0,1.8,127,-1.4375439180851268,1.0832670416736871
2018-09-02 03:00:00,25.6,90,23.8,0.0,23,0.0,1.8,90,-1.8,-1.1021821192326179e-16
2018-09-02 04:00:00,25.1,92,23.7,0.0,17,0.0,2.1,59,-1.800051331474436,-1.0815799573111138
2018-09-02 05:00:00,24.4,94,23.4,0.0,21,0.0,2.9,30,-1.4499999999999995,-2.511473670974872
2018-09-02 06:00:00,24.0,96,23.3,0.0,20,0.0,4.7,4,-0.3278554265973889,-4.688551036221174
2018-09-02 07:00:00,25.9,93,24.6,0.0,13,48.0,4.9,17,-1.4326213531414105,-4.685893304218874
2018-09-02 08:00:00,27.3,86,24.7,0.0,11,161.0,3.3,13,-0.7423384793347545,-3.2154212137912763
2018-09-02 09:00:00,28.2,81,24.6,0.0,3,350.0,2.4,333,1.0895771993749126,-2.138415658052083
2018-09-02 10:00:00,29.0,76,24.3,0.0,20,554.0,4.4,305,3.604268994871564,-2.523736319944603
2018-09-02 11:00:00,29.5,74,24.4,0.0,12,593.0,7.4,299,6.472185832831528,-3.5875911898228963
2018-09-02 12:00:00,29.8,73,24.4,0.0,19,675.0,8.4,301,7.200205325897744,-4.326319829244455
2018-09-02 13:00:00,29.7,75,24.7,0.0,22,556.0,6.8,302,5.766727053863697,-3.603450996785792
2018-09-02 14:00:00,29.2,77,24.8,0.1,26,387.0,5.2,286,4.998560818879258,-1.4333142502483969
2018-09-02 15:00:00,29.5,77,25.1,0.0,43,349.0,3.5,294,3.197409101749104,-1.4235782507652992
2018-09-02 16:00:00,29.2,79,25.2,0.0,79,282.0,3.4,288,3.2335921554035223,-1.0506577808748203
2018-09-02 17:00:00,28.6,81,25.0,0.0,84,155.0,1.6,153,-0.7263847995832751,1.4256104387013886
2018-09-02 18:00:00,28.0,83,24.8,0.2,24,26.0,1.8,169,-0.3434561916777809,1.7669289302057951
2018-09-02 19:00:00,27.5,86,24.9,0.0,28,0.0,2.9,150,-1.4499999999999995,2.511473670974872
2018-09-02 20:00:00,26.8,90,25.0,0.0,20,0.0,3.8,131,-2.867896404846534,2.493024310163927
2018-09-02 21:00:00,26.3,92,24.9,0.0,12,0.0,5.1,129,-3.963444403430552,3.20953399435417
2018-09-02 22:00:00,27.1,87,24.7,0.0,8,0.0,2.8,140,-1.7998053071223103,2.144924440733138
2018-09-02 23:00:00,25.4,95,24.5,0.0,7,0.0,2.2,171,-0.3441558230885082,2.172914349309303
2018-09-03 00:00:00,25.3,95,24.5,0.0,5,0.0,3.3,167,-0.7423384793347552,3.215421213791276
2018-09-03 01:00:00,25.5,94,24.5,0.0,4,0.0,3.5,156,-1.4235782507653014,3.197409101749103
2018-09-03 02:00:00,25.7,94,24.6,0.0,9,0.0,4.3,138,-2.8772616073430908,3.1955227495527945
2018-09-03 03:00:00,24.6,95,23.8,0.0,8,0.0,5.1,135,-3.606244584051392,3.606244584051392
2018-09-03 04:00:00,24.6,95,23.7,0.0,7,0.0,5.2,146,-2.907803098047884,4.310995377286217
2018-09-03 05:00:00,24.2,96,23.6,0.0,68,0.0,5.2,164,-1.433314250248396,4.998560818879258
2018-09-03 06:00:00,24.2,97,23.7,0.0,73,0.0,2.3,141,-1.4474368994146258,1.7874357113510329
2018-09-03 07:00:00,25.4,93,24.1,0.0,36,44.0,3.1,126,-2.5079526825623373,1.8221342821066664
2018-09-03 08:00:00,27.0,84,24.1,0.0,11,202.0,2.4,117,-2.138415658052083,1.0895771993749122
2018-09-03 09:00:00,28.1,78,24.0,0.0,8,384.0,0.5,315,0.3535533905932738,-0.3535533905932737
2018-09-03 10:00:00,29.1,74,24.0,0.0,10,555.0,3.9,292,3.616017032810471,-1.460965714322057
2018-09-03 11:00:00,29.6,72,24.0,0.0,13,579.0,6.6,279,6.518743047927909,-1.0324674692655225
2018-09-03 12:00:00,30.1,70,23.9,0.0,21,744.0,7.6,278,7.5260373224359345,-1.0577155672964975
2018-09-03 13:00:00,30.1,69,23.9,0.1,25,690.0,9.1,279,8.987963899415753,-1.423553631866099
2018-09-03 14:00:00,29.8,72,24.1,0.2,42,524.0,10.1,276,10.044671143219562,-1.0557374790032952
2018-09-03 15:00:00,29.6,73,24.2,0.1,28,433.0,10.4,270,10.4,1.910449006669871e-15
2018-09-03 16:00:00,29.4,74,24.3,0.0,32,283.0,8.3,270,8.3,1.5246852649384548e-15
2018-09-03 17:00:00,29.0,75,24.2,0.0,29,162.0,6.5,270,6.5,1.1940306291686693e-15
2018-09-03 18:00:00,28.5,77,24.1,0.0,25,45.0,3.3,276,3.281922254715302,-0.3449439287832548
2018-09-03 19:00:00,27.5,83,24.4,0.0,9,0.0,2.4,153,-1.0895771993749124,2.138415658052083
2018-09-03 20:00:00,26.6,89,24.7,0.0,9,0.0,5.1,135,-3.606244584051392,3.606244584051392
2018-09-03 21:00:00,26.0,91,24.5,0.0,13,0.0,5.4,138,-3.613305274337835,4.012982057577928
2018-09-03 22:00:00,25.7,93,24.4,0.0,7,0.0,5.7,145,-3.269385687200962,4.669166652447254
2018-09-03 23:00:00,25.7,92,24.3,0.0,17,0.0,6.8,162,-2.101315561749643,6.467184310807044
2018-09-04 00:00:00,25.7,91,24.1,0.0,10,0.0,8.0,170,-1.3891854213354422,7.878462024097664
2018-09-04 01:00:00,25.7,90,23.9,0.0,20,0.0,7.6,175,-0.6623836448822022,7.571079705497266
2018-09-04 02:00:00,25.4,90,23.7,0.0,20,0.0,7.8,167,-1.7546182238821486,7.600086505324834
2018-09-04 03:00:00,25.2,89,23.3,0.2,65,0.0,6.3,167,-1.4171916423663506,6.1385314081469815
2018-09-04 04:00:00,25.0,91,23.4,0.3,82,0.0,6.9,171,-1.0793978087775935,6.81504955010645
2018-09-04 05:00:00,24.6,93,23.4,0.2,47,0.0,6.5,161,-2.1161930039715178,6.14587074139556
2018-09-04 06:00:00,24.4,94,23.4,0.0,44,0.0,6.6,171,-1.0324674692655245,6.5187430479279085
2018-09-04 07:00:00,25.3,91,23.8,0.0,38,46.0,6.9,171,-1.0793978087775935,6.81504955010645
2018-09-04 08:00:00,26.6,85,23.8,0.0,32,111.0,6.2,173,-0.7555899291119148,6.153786140176196
2018-09-04 09:00:00,27.7,82,24.3,0.0,30,284.0,5.2,164,-1.433314250248396,4.998560818879258
2018-09-04 10:00:00,28.8,78,24.5,0.0,17,418.0,4.3,156,-1.7489675652259418,3.9282454678631833
2018-09-04 11:00:00,29.6,75,24.7,0.0,37,502.0,3.4,198,1.0506577808748208,3.2335921554035223
2018-09-04 12:00:00,30.1,74,25.0,0.0,26,604.0,5.4,233,4.312631754255381,3.2498011250210608
2018-09-04 13:00:00,30.6,72,25.0,0.1,20,651.0,9.1,236,7.54424191025088,5.088655421583794
2018-09-04 14:00:00,30.3,73,25.0,0.1,34,439.0,12.1,233,9.663489671572243,7.281961780139784
2018-09-04 15:00:00,30.2,74,25.1,0.1,36,342.0,12.0,231,9.325751537483647,7.5518446925980545
2018-09-04 16:00:00,29.6,77,25.2,0.2,44,321.0,12.0,226,8.632077604063815,8.335900445507967
2018-09-04 17:00:00,28.8,80,25.0,0.3,88,129.0,10.7,225,7.566042558696057,7.56604255869606
2018-09-04 18:00:00,28.1,83,25.0,0.0,61,39.0,6.6,202,2.472403516545019,6.1194134401407965
2018-09-04 19:00:00,27.5,87,25.1,0.0,57,0.0,6.5,180,-7.960204194457795e-16,6.5
2018-09-04 20:00:00,27.2,89,25.2,0.0,51,0.0,6.9,174,-0.7212463965468108,6.862201078041086
2018-09-04 21:00:00,26.9,90,25.2,0.0,35,0.0,5.8,176,-0.404587547715928,5.78587149150698
2018-09-04 22:00:00,26.8,91,25.1,0.0,44,0.0,5.9,166,-1.4273391840380396,5.72474478502838
2018-09-04 23:00:00,26.5,92,25.1,0.0,50,0.0,6.4,164,-1.764079077228795,6.1520748540052415
2018-09-05 00:00:00,26.2,93,25.0,0.2,45,0.0,7.2,162,-2.224922359499622,6.8476069173251055
2018-09-05 01:00:00,26.0,93,24.7,0.2,53,0.0,6.4,164,-1.764079077228795,6.1520748540052415
2018-09-05 02:00:00,25.9,91,24.3,0.0,40,0.0,6.0,155,-2.535709570444197,5.437846722219899
2018-09-05 03:00:00,25.9,93,24.6,0.0,42,0.0,5.2,146,-2.907803098047884,4.310995377286217
2018-09-05 04:00:00,25.6,93,24.4,0.0,47,0.0,5.2,146,-2.907803098047884,4.310995377286217
2018-09-05 05:00:00,25.5,93,24.3,0.0,35,0.0,6.0,147,-3.267834210090164,5.032023407672543
2018-09-05 06:00:00,25.6,92,24.1,0.0,27,0.0,4.9,144,-2.880147736233119,3.9641832724372414
2018-09-05 07:00:00,26.7,88,24.6,0.0,26,53.0,6.4,142,-3.9402334420842138,5.043268823083021
2018-09-05 08:00:00,27.8,85,25.0,0.0,30,171.0,5.8,158,-2.172718241812291,5.377666356487366
2018-09-05 09:00:00,28.7,81,25.2,0.0,38,281.0,4.3,185,0.3747696938149291,4.283637201794505
2018-09-05 10:00:00,29.5,78,25.2,0.0,65,446.0,4.3,228,3.195522749552796,2.87726160734309
2018-09-05 11:00:00,30.0,75,25.2,0.0,53,507.0,4.8,228,3.567095162291493,3.211826910522519
2018-09-05 12:00:00,30.2,75,25.3,0.0,55,420.0,5.9,232,4.649263446279661,3.632402704421383
2018-09-05 13:00:00,30.3,74,25.2,0.4,69,304.0,5.4,233,4.312631754255381,3.2498011250210608
2018-09-05 14:00:00,30.1,75,25.3,0.4,57,261.0,2.8,230,2.144924440733138,1.7998053071223103
2018-09-05 15:00:00,30.0,75,25.2,0.3,61,179.0,1.8,217,1.0832670416736871,1.437543918085127
2018-09-05 16:00:00,29.8,76,25.1,0.0,53,129.0,0.4,90,-0.4,-2.4492935982947065e-17
2018-09-05 17:00:00,29.6,77,25.1,0.0,41,87.0,2.8,310,2.1449244407331385,-1.7998053071223097
2018-09-05 18:00:00,29.3,78,25.1,0.0,39,24.0,3.4,288,3.2335921554035223,-1.0506577808748203
2018-09-05 19:00:00,28.3,84,25.4,0.0,42,0.0,3.6,127,-2.8750878361702537,2.1665340833473743
2018-09-05 20:00:00,27.7,87,25.3,0.0,35,0.0,4.9,144,-2.880147736233119,3.9641832724372414
2018-09-05 21:00:00,27.2,89,25.2,0.0,37,0.0,5.4,138,-3.613305274337835,4.012982057577928
2018-09-05 22:00:00,26.6,91,25.1,0.6,45,0.0,6.0,123,-5.032023407672544,3.2678342100901627
2018-09-05 23:00:00,26.2,93,24.9,0.3,48,0.0,5.5,122,-4.664264528860343,2.914555953282626
2018-09-06 00:00:00,26.1,93,24.8,0.2,45,0.0,5.9,128,-4.64926344627966,3.632402704421384
2018-09-06 01:00:00,26.0,92,24.6,0.0,59,0.0,5.7,125,-4.669166652447252,3.269385687200963
2018-09-06 02:00:00,25.9,90,24.2,0.0,70,0.0,6.1,118,-5.385980316439453,2.8637765329939344
2018-09-06 03:00:00,26.2,89,24.1,0.0,66,0.0,5.5,113,-5.062776693988422,2.149021206691006
2018-09-06 04:00:00,26.0,88,23.9,0.0,50,0.0,5.1,94,-5.087576656325103,0.3557580160950391
2018-09-06 05:00:00,25.8,88,23.7,0.0,48,0.0,5.4,86,-5.386845871403051,-0.3766849582182763
2018-09-06 06:00:00,25.5,91,23.9,0.0,39,0.0,5.4,53,-4.312631754255381,-3.2498011250210617
2018-09-06 07:00:00,26.7,87,24.4,0.0,31,32.0,4.9,54,-3.9641832724372423,-2.8801477362331185
2018-09-06 08:00:00,28.1,79,24.1,0.0,31,194.0,3.2,63,-2.851220877402777,-1.45276959916655
2018-09-06 09:00:00,28.8,78,24.5,0.0,28,375.0,1.8,53,-1.437543918085127,-1.0832670416736871
2018-09-06 10:00:00,29.5,75,24.6,0.0,37,464.0,1.1,72,-1.0461621679246689,-0.3399186938124422
2018-09-06 11:00:00,29.7,73,24.4,0.0,48,373.0,1.5,225,1.0606601717798212,1.0606601717798214
2018-09-06 12:00:00,29.7,74,24.7,0.3,56,386.0,4.5,256,4.366330768241984,1.088648530198505
2018-09-06 13:00:00,29.6,77,25.1,0.5,64,241.0,5.9,259,5.791600382341218,1.1257730727216133
2018-09-06 14:00:00,29.1,80,25.2,1.5,69,129.0,4.7,266,4.688551036221174,0.3278554265973902
2018-09-06 15:00:00,28.6,81,25.1,1.2,64,40.0,6.8,288,6.467184310807045,-2.101315561749641
2018-09-06 16:00:00,28.5,82,25.1,0.3,52,74.0,3.5,294,3.197409101749104,-1.4235782507652992
2018-09-06 17:00:00,28.2,82,24.9,0.1,61,11.0,2.3,72,-2.1874299874788528,-0.7107390870623791
2018-09-06 18:00:00,27.9,84,24.9,0.0,58,12.0,5.0,60,-4.330127018922193,-2.5000000000000004
2018-09-06 19:00:00,27.6,85,24.8,0.0,57,0.0,6.3,77,-6.1385314081469815,-1.4171916423663489
2018-09-06 20:00:00,27.0,90,25.2,0.0,52,0.0,5.5,122,-4.664264528860343,2.914555953282626
2018-09-06 21:00:00,26.6,91,25.0,0.0,52,0.0,6.5,161,-2.1161930039715178,6.14587074139556
2018-09-06 22:00:00,26.4,91,24.8,0.0,50,0.0,6.9,171,-1.0793978087775935,6.81504955010645
2018-09-06 23:00:00,26.3,91,24.8,0.0,49,0.0,6.7,164,-1.8467702839738949,6.440453362786736
2018-09-07 00:00:00,26.1,92,24.7,0.0,56,0.0,6.0,147,-3.267834210090164,5.032023407672543
2018-09-07 01:00:00,25.9,92,24.5,0.0,53,0.0,5.9,142,-3.6324027044213847,4.64926344627966
2018-09-07 02:00:00,25.8,91,24.1,0.0,54,0.0,5.6,140,-3.5996106142446207,4.289848881466276
2018-09-07 03:00:00,25.8,90,24.1,0.0,35,0.0,5.1,129,-3.963444403430552,3.20953399435417
2018-09-07 04:00:00,25.4,91,23.9,0.0,38,0.0,5.3,118,-4.679622242152313,2.4881992827652217
2018-09-07 05:00:00,25.3,91,23.8,0.0,28,0.0,4.7,90,-4.7,-2.8779199779962803e-16
2018-09-07 06:00:00,25.2,90,23.5,0.0,38,0.0,4.3,95,-4.283637201794505,0.3747696938149304
2018-09-07 07:00:00,26.1,86,23.7,0.0,17,38.0,5.2,106,-4.998560818879258,1.433314250248395
2018-09-07 08:00:00,27.4,80,23.6,0.0,17,194.0,3.8,139,-2.493024310163928,2.8678964048465336
2018-09-07 09:00:00,28.4,76,23.7,0.0,24,369.0,2.3,162,-0.7107390870623792,2.1874299874788528
2018-09-07 10:00:00,29.1,73,23.9,0.0,7,546.0,1.4,180,-1.7145055188062944e-16,1.4
2018-09-07 11:00:00,29.7,72,24.1,0.0,4,546.0,2.3,252,2.1874299874788528,0.7107390870623793
2018-09-07 12:00:00,30.1,71,24.3,0.0,10,683.0,3.6,276,3.5802788233257843,-0.3763024677635507
2018-09-07 13:00:00,30.2,71,24.4,0.0,19,543.0,5.4,262,5.34744757120448,0.7515347451843555
2018-09-07 14:00:00,29.3,75,24.4,1.3,34,344.0,4.1,255,3.96029588778518,1.0611580849203346
2018-09-07 15:00:00,29.7,72,24.1,0.0,35,186.0,4.1,232,3.2308440897875603,2.524212048835198
2018-09-07 16:00:00,29.5,72,24.0,0.0,41,186.0,3.7,169,-0.7059932828932164,3.632020578756357
2018-09-07 17:00:00,28.9,75,24.0,0.0,40,122.0,5.5,169,-1.0494494745709972,5.398949508962152
2018-09-07 18:00:00,28.3,78,24.0,0.0,60,27.0,3.6,180,-4.4087284769304716e-16,3.6
2018-09-07 19:00:00,27.7,81,24.2,0.0,51,0.0,4.9,144,-2.880147736233119,3.9641832724372414
2018-09-07 20:00:00,27.2,83,24.1,0.0,41,0.0,8.2,131,-6.1886185578267305,5.379684037722158
2018-09-07 21:00:00,27.0,84,24.1,0.0,42,0.0,6.4,128,-5.043268823083022,3.940233442084213
2018-09-07 22:00:00,26.7,86,24.1,0.0,41,0.0,6.1,118,-5.385980316439453,2.8637765329939344
2018-09-07 23:00:00,26.4,87,24.1,0.0,45,0.0,5.8,112,-5.377666356487367,2.17271824181229
2018-09-08 00:00:00,26.1,88,24.0,0.0,42,0.0,5.2,102,-5.08636752381579,1.0811407922523486
2018-09-08 01:00:00,25.8,90,23.9,0.0,44,0.0,5.4,94,-5.386845871403051,0.3766849582182768
2018-09-08 02:00:00,25.6,91,23.9,0.0,47,0.0,5.8,94,-5.78587149150698,0.4045875477159269
2018-09-08 03:00:00,25.4,84,22.5,0.0,43,0.0,6.5,96,-6.4643923198937765,0.6794350112397481
2018-09-08 04:00:00,25.0,85,22.3,0.0,32,0.0,7.0,111,-6.535062985480412,2.5085756468171017
2018-09-08 05:00:00,24.8,87,22.5,0.0,32,0.0,7.1,120,-6.148780366869515,3.549999999999998
2018-09-08 06:00:00,24.5,90,22.7,0.0,34,0.0,3.9,34,-2.180852323535913,-3.233246532964663
2018-09-08 07:00:00,25.7,87,23.3,0.0,32,42.0,5.1,45,-3.606244584051392,-3.606244584051392
2018-09-08 08:00:00,27.3,78,23.1,0.0,30,143.0,3.4,32,-1.8017254983928963,-2.883363526931848
2018-09-08 09:00:00,28.3,76,23.6,0.0,24,357.0,5.0,360,1.2246467991473533e-15,-5.0
2018-09-08 10:00:00,28.9,74,23.8,0.0,23,422.0,7.8,347,1.7546182238821495,-7.600086505324834
2018-09-08 11:00:00,29.2,73,23.8,0.2,40,545.0,8.3,358,0.2896658226307568,-8.294943864258496
2018-09-08 12:00:00,29.1,73,23.8,0.1,43,358.0,8.3,355,0.7233926648055641,-8.268415994161488
2018-09-08 13:00:00,29.1,73,23.9,0.2,41,367.0,8.8,341,2.8649997592229792,-8.320563465273988
2018-09-08 14:00:00,28.7,76,24.1,0.0,58,175.0,10.0,347,2.249510543438653,-9.743700647852352
2018-09-08 15:00:00,29.9,71,24.2,0.0,72,364.0,12.0,344,3.3076482698039875,-11.535140351259829
2018-09-08 16:00:00,29.3,75,24.5,0.4,73,171.0,10.5,352,1.4613175600806918,-10.397814721786489
2018-09-08 17:00:00,28.8,78,24.6,0.0,74,48.0,9.4,353,1.145571828008384,-9.329933825428428
2018-09-08 18:00:00,28.1,81,24.6,0.0,87,6.0,11.7,349,2.2324652459055723,-11.485038046337667
2018-09-08 19:00:00,27.6,84,24.7,0.0,82,0.0,7.2,6,-0.7526049355271051,-7.160557646651568
2018-09-08 20:00:00,27.0,90,25.2,0.0,78,0.0,7.3,33,-3.9758649556096977,-6.122295146001595
2018-09-08 21:00:00,26.9,88,24.7,0.0,68,0.0,4.6,51,-3.5748714227020657,-2.894873798829252
2018-09-08 22:00:00,26.1,91,24.6,0.0,49,0.0,3.7,61,-3.2360929164157644,-1.7937955949114477
2018-09-08 23:00:00,25.6,93,24.4,0.1,52,0.0,5.0,60,-4.330127018922193,-2.5000000000000004
2018-09-09 00:00:00,25.3,93,24.1,1.1,52,0.0,4.5,61,-3.935788682127281,-2.181643291108517
2018-09-09 01:00:00,25.1,94,24.1,0.1,41,0.0,4.3,66,-3.928245467863184,-1.7489675652259409
2018-09-09 02:00:00,24.9,95,24.0,0.0,48,0.0,4.7,81,-4.642135200797148,-0.7352419856890854
2018-09-09 03:00:00,25.6,86,23.2,0.0,46,0.0,1.9,112,-1.761649323676896,0.7117525274902329
2018-09-09 04:00:00,25.2,90,23.4,0.0,39,0.0,1.6,27,-0.7263847995832748,-1.4256104387013888
2018-09-09 05:00:00,25.0,91,23.4,0.0,28,0.0,3.3,13,-0.7423384793347545,-3.2154212137912763
2018-09-09 06:00:00,24.7,92,23.3,0.0,32,0.0,6.8,342,2.101315561749644,-6.467184310807044
2018-09-09 07:00:00,25.8,89,23.9,0.0,36,51.0,11.0,349,2.098898949141992,-10.797899017924305
2018-09-09 08:00:00,26.7,84,23.7,0.0,46,159.0,14.1,357,0.7379369830255156,-14.080676440039491
2018-09-09 09:00:00,27.7,80,24.0,0.0,52,339.0,16.2,360,3.967855629237425e-15,-16.2
2018-09-09 10:00:00,28.6,76,24.0,0.0,51,426.0,17.6,360,4.310756732998684e-15,-17.6
2018-09-09 11:00:00,29.3,73,23.9,0.0,61,478.0,19.1,359,0.333340962952116,-19.097090977487078
2018-09-09 12:00:00,29.6,72,23.9,0.2,67,568.0,23.8,3,-1.2455957585820634,-23.76738292715886
2018-09-09 13:00:00,29.7,71,23.9,0.0,86,515.0,25.4,7,-3.0954813224907456,-25.210672251689576
2018-09-09 14:00:00,29.5,73,24.0,0.0,90,377.0,25.0,7,-3.046733585128687,-24.81365379103305
2018-09-09 15:00:00,28.5,77,24.1,0.0,94,195.0,25.0,7,-3.046733585128687,-24.81365379103305
2018-09-09 16:00:00,28.1,79,24.0,0.0,81,161.0,22.8,6,-2.383248962502499,-22.67509921439663
2018-09-09 17:00:00,27.4,81,23.9,0.0,62,65.0,21.3,4,-1.4858128907498689,-21.248114270534256
2018-09-09 18:00:00,26.7,83,23.6,0.0,52,16.0,18.8,7,-2.291143656016773,-18.659867650856853
2018-09-09 19:00:00,26.3,84,23.3,0.0,72,0.0,18.9,8,-2.6303716081452366,-18.71606649921568
2018-09-09 20:00:00,26.0,84,23.0,0.0,71,0.0,16.5,10,-2.8651949315043503,-16.249327924701433
2018-09-09 21:00:00,25.8,84,22.8,0.0,81,0.0,15.0,17,-4.385575570841052,-14.344571339445531
2018-09-09 22:00:00,25.6,84,22.8,0.0,93,0.0,12.7,15,-3.2870018728020134,-12.267257993871167
2018-09-09 23:00:00,25.6,84,22.7,0.0,86,0.0,10.8,15,-2.795245687107224,-10.431998923921938
2018-09-10 00:00:00,25.5,85,22.8,0.0,75,0.0,9.4,18,-2.9047597471245057,-8.939931253174443
2018-09-10 01:00:00,25.3,86,22.8,0.0,69,0.0,9.7,22,-3.6336839561343455,-8.993683389297837
2018-09-10 02:00:00,25.2,86,22.8,0.0,77,0.0,11.8,20,-4.035837691242891,-11.08837292527372
2018-09-10 03:00:00,25.1,86,22.5,0.0,76,0.0,13.4,20,-4.583069920563961,-12.591881118531171
2018-09-10 04:00:00,25.0,86,22.5,0.0,79,0.0,14.0,23,-5.470235798849833,-12.887067948334163
2018-09-10 05:00:00,25.0,86,22.4,0.0,50,0.0,11.3,31,-5.8199302464836125,-9.68599049793387
2018-09-10 06:00:00,25.0,86,22.5,0.0,47,0.0,7.4,23,-2.891410350820626,-6.811735915548059
2018-09-10 07:00:00,25.5,86,23.0,0.0,39,47.0,12.4,10,-2.1532374030699364,-12.21161613735138
2018-09-10 08:00:00,26.5,81,22.9,0.0,25,179.0,15.6,15,-4.037577103599324,-15.068442890109464
2018-09-10 09:00:00,27.3,78,23.0,0.0,14,307.0,14.7,25,-6.212488447588282,-13.322724469438754
2018-09-10 10:00:00,28.2,75,23.5,0.0,15,497.0,11.6,26,-5.0851053027532975,-10.426010937070338
2018-09-10 11:00:00,28.9,73,23.7,0.0,38,496.0,10.2,23,-3.985457510590592,-9.389149505214892
2018-09-10 12:00:00,29.3,72,23.7,0.0,75,456.0,9.7,31,-4.995869326627525,-8.31452281681049
2018-09-10 13:00:00,29.5,71,23.7,0.3,79,463.0,6.6,41,-4.329989591337347,-4.981083229470295
2018-09-10 14:00:00,28.9,76,24.2,1.1,86,199.0,5.1,356,0.3557580160950407,-5.087576656325103
2018-09-10 15:00:00,27.6,83,24.5,3.2,90,56.0,5.6,345,1.4493866525741157,-5.409184627218783
2018-09-10 16:00:00,27.2,83,24.1,2.3,95,13.0,8.3,355,0.7233926648055641,-8.268415994161488
2018-09-10 17:00:00,26.5,88,24.4,1.7,94,3.0,9.8,17,-2.8652427062828205,-9.371786608437748
2018-09-10 18:00:00,26.0,91,24.3,2.3,86,6.0,6.4,43,-4.36478950439999,-4.680663690362692
2018-09-10 19:00:00,25.6,92,24.2,2.4,89,0.0,7.6,31,-3.9142893693164114,-6.5144714853360535
2018-09-10 20:00:00,25.6,93,24.3,1.9,81,0.0,12.4,8,-1.7257464519048116,-12.279324052395474
2018-09-10 21:00:00,25.7,92,24.3,1.6,61,0.0,12.8,11,-2.4423551408197737,-12.5648279481301
2018-09-10 22:00:00,25.8,92,24.4,0.8,43,0.0,12.6,3,-0.6594330486610923,-12.58273213790763
2018-09-10 23:00:00,25.9,92,24.5,0.5,49,0.0,12.3,3,-0.6437322617882092,-12.283143277481258
2018-09-11 00:00:00,25.8,93,24.6,0.4,52,0.0,10.1,6,-1.0557374790033,-10.04467114321956
2018-09-11 01:00:00,25.8,93,24.6,0.2,58,0.0,7.9,3,-0.4134540543192563,-7.889173324561134
2018-09-11 02:00:00,25.9,93,24.6,0.0,66,0.0,5.0,21,-1.7918397477265011,-4.667902132486009
2018-09-11 03:00:00,26.0,91,24.5,0.0,74,0.0,1.1,180,-1.3471114790620887e-16,1.1
2018-09-11 04:00:00,25.8,92,24.4,0.0,88,0.0,3.6,186,0.3763024677635526,3.580278823325784
2018-09-11 05:00:00,25.3,95,24.4,0.0,77,0.0,4.0,170,-0.6945927106677211,3.939231012048832
2018-09-11 06:00:00,25.5,94,24.4,0.3,82,0.0,2.7,157,-1.0549740469210394,2.485363104321589
2018-09-11 07:00:00,26.1,92,24.7,0.5,68,17.0,3.2,207,1.4527695991665492,2.8512208774027776
2018-09-11 08:00:00,26.7,88,24.6,0.0,59,23.0,6.0,245,5.437846722219901,2.5357095704441948
2018-09-11 09:00:00,27.2,85,24.5,0.1,62,29.0,8.6,237,7.212566884330648,4.683895701129232
2018-09-11 10:00:00,27.7,83,24.5,0.2,79,109.0,9.9,237,8.3028386226597,5.391926446648768
2018-09-11 11:00:00,28.5,79,24.6,0.2,50,328.0,10.7,237,8.973775077016038,5.827637674660788
2018-09-11 12:00:00,28.9,78,24.7,0.3,62,301.0,9.6,250,9.02104915954472,3.283393375926418
2018-09-11 13:00:00,28.8,79,24.8,0.3,66,210.0,11.5,266,11.47198657798798,0.8021994480574441
2018-09-11 14:00:00,29.0,78,24.8,0.2,97,193.0,10.1,297,8.999165894302516,-4.585304047369421
2018-09-11 15:00:00,27.9,83,24.6,1.2,78,69.0,8.0,288,7.608452130361229,-2.472135954999578
2018-09-11 16:00:00,27.9,82,24.5,0.3,100,68.0,7.0,305,5.734064310022943,-4.015035054457322
2018-09-11 17:00:00,27.5,85,24.7,0.5,81,25.0,5.9,308,4.649263446279659,-3.6324027044213856
2018-09-11 18:00:00,27.1,88,24.9,0.7,92,6.0,7.1,319,4.658019105832603,-5.35843801958168
2018-09-11 19:00:00,26.6,89,24.7,1.9,100,0.0,7.1,319,4.658019105832603,-5.35843801958168
2018-09-11 20:00:00,26.4,91,24.7,2.9,100,0.0,6.8,335,2.873804179836754,-6.16289295184922
2018-09-11 21:00:00,26.0,92,24.6,2.1,87,0.0,4.8,347,1.0797650608505536,-4.6769763109691285
2018-09-11 22:00:00,25.8,92,24.5,1.3,80,0.0,5.2,344,1.4333142502483949,-4.998560818879258
2018-09-11 23:00:00,25.8,92,24.4,0.3,83,0.0,3.3,49,-2.490541614735148,-2.1649947956686737
2018-09-12 00:00:00,25.5,94,24.5,0.0,79,0.0,2.4,153,-1.0895771993749124,2.138415658052083
2018-09-12 01:00:00,26.0,91,24.3,0.0,70,0.0,4.0,185,0.3486229709906318,3.984778792366982
2018-09-12 02:00:00,26.4,88,24.2,0.0,85,0.0,5.1,176,-0.3557580160950401,5.087576656325103
2018-09-12 03:00:00,25.1,96,24.3,0.0,68,0.0,5.5,191,1.049449474570996,5.398949508962152
2018-09-12 04:00:00,25.1,95,24.3,0.0,59,0.0,6.1,225,4.313351365237939,4.31335136523794
2018-09-12 05:00:00,25.3,94,24.3,0.0,72,0.0,4.1,308,3.230844089787559,-2.5242120488352
2018-09-12 06:00:00,25.1,95,24.2,0.0,59,0.0,6.2,339,2.2218812871808646,-5.78819864428265
2018-09-12 07:00:00,26.1,92,24.7,0.0,57,15.0,9.8,343,2.8652427062828245,-9.371786608437748
2018-09-12 08:00:00,26.5,89,24.5,0.0,61,61.0,10.8,356,0.7533699164365569,-10.773691742806102
2018-09-12 09:00:00,27.5,83,24.4,0.0,51,178.0,11.2,358,0.3908743630680092,-11.193177262613872
2018-09-12 10:00:00,28.2,80,24.5,0.0,38,311.0,10.8,356,0.7533699164365569,-10.773691742806102
2018-09-12 11:00:00,29.0,77,24.6,0.0,48,486.0,9.7,356,0.6766377953180186,-9.676371287520292
2018-09-12 12:00:00,29.4,76,24.8,0.0,53,464.0,10.4,2,-0.3629547657060101,-10.393664600998596
2018-09-12 13:00:00,29.8,75,24.8,0.0,51,543.0,10.5,6,-1.0975488643103617,-10.44247990136687
2018-09-12 14:00:00,29.7,76,25.0,0.0,38,323.0,10.4,2,-0.3629547657060101,-10.393664600998596
2018-09-12 15:00:00,29.8,76,25.0,0.0,37,219.0,8.3,5,-0.7233926648055629,-8.268415994161488
2018-09-12 16:00:00,29.4,78,25.1,0.0,39,126.0,6.5,360,1.5920408388915589e-15,-6.5
2018-09-12 17:00:00,29.0,80,25.2,0.0,50,70.0,5.1,39,-3.2095339943541705,-3.963444403430551
2018-09-12 18:00:00,28.4,82,25.1,0.0,43,12.0,6.9,9,-1.079397808777593,-6.815049550106451
2018-09-12 19:00:00,27.8,86,25.1,0.0,38,0.0,6.9,351,1.0793978087775946,-6.81504955010645
2018-09-12 20:00:00,27.3,88,25.2,0.0,39,0.0,7.9,360,1.934941942652818e-15,-7.9
2018-09-12 21:00:00,27.0,90,25.2,0.0,29,0.0,7.4,29,-3.5875911898228945,-6.472185832831529
2018-09-12 22:00:00,26.7,91,25.1,0.0,23,0.0,5.7,55,-4.669166652447253,-3.2693856872009626
2018-09-12 23:00:00,26.4,92,25.0,0.0,20,0.0,5.0,60,-4.330127018922193,-2.5000000000000004
2018-09-13 00:00:00,26.0,93,24.8,0.0,26,0.0,5.2,65,-4.71280049259058,-2.197614961051637
2018-09-13 01:00:00,25.7,93,24.6,0.0,31,0.0,3.9,56,-3.233246532964663,-2.1808523235359125
2018-09-13 02:00:00,25.8,92,24.4,0.0,24,0.0,3.6,53,-2.875087836170254,-2.1665340833473743
2018-09-13 03:00:00,25.1,96,24.4,0.0,22,0.0,3.1,54,-2.5079526825623373,-1.8221342821066668
2018-09-13 04:00:00,25.0,96,24.3,0.0,26,0.0,1.9,68,-1.761649323676896,-0.7117525274902327
2018-09-13 05:00:00,25.1,95,24.3,0.0,34,0.0,2.5,82,-2.475670171853926,-0.3479327524001636
2018-09-13 06:00:00,25.6,92,24.2,0.0,24,0.0,2.3,18,-0.710739087062379,-2.1874299874788528
2018-09-13 07:00:00,26.4,88,24.3,0.0,21,38.0,2.3,72,-2.1874299874788528,-0.7107390870623791
2018-09-13 08:00:00,27.3,86,24.8,0.0,11,146.0,1.5,76,-1.4554435894139948,-0.3628828433995015
2018-09-13 09:00:00,28.2,83,25.1,0.0,6,266.0,1.1,360,2.694222958124177e-16,-1.1
2018-09-13 10:00:00,29.0,80,25.1,0.0,10,360.0,3.1,324,1.8221342821066675,-2.507952682562337
2018-09-13 11:00:00,29.8,75,25.0,0.0,16,486.0,3.8,319,2.493024310163928,-2.867896404846533
2018-09-13 12:00:00,30.0,74,25.0,0.0,14,542.0,3.3,319,2.164994795668674,-2.490541614735147
2018-09-13 13:00:00,30.2,75,25.2,0.0,28,529.0,4.4,325,2.523736319944605,-3.604268994871563
2018-09-13 14:00:00,30.2,75,25.2,0.0,54,516.0,4.2,340,1.436484601967808,-3.946709007300816
2018-09-13 15:00:00,30.0,76,25.3,0.0,38,343.0,4.0,355,0.3486229709906333,-3.984778792366982
2018-09-13 16:00:00,29.8,77,25.2,0.0,26,271.0,5.4,356,0.3766849582182784,-5.386845871403051
2018-09-13 17:00:00,29.3,79,25.2,0.0,21,123.0,5.0,21,-1.7918397477265011,-4.667902132486009
2018-09-13 18:00:00,28.7,81,25.2,0.0,18,27.0,5.0,21,-1.7918397477265011,-4.667902132486009
2018-09-13 19:00:00,28.0,85,25.3,0.0,10,0.0,4.7,67,-4.32637281122647,-1.8364363038995863
2018-09-13 20:00:00,27.3,90,25.5,0.0,17,0.0,5.3,62,-4.679622242152313,-2.4881992827652213
2018-09-13 21:00:00,26.8,92,25.3,0.0,19,0.0,5.8,60,-5.022947341949744,-2.9000000000000004
2018-09-13 22:00:00,26.4,93,25.2,0.0,19,0.0,5.2,74,-4.998560818879258,-1.4333142502483958
2018-09-13 23:00:00,26.2,94,25.1,0.0,17,0.0,4.8,117,-4.276831316104166,2.1791543987498243
2018-09-14 00:00:00,26.1,93,25.0,0.0,11,0.0,6.1,152,-2.863776532993933,5.385980316439454
2018-09-14 01:00:00,25.8,94,24.8,0.0,8,0.0,6.2,159,-2.221881287180861,5.788198644282651
2018-09-14 02:00:00,26.0,93,24.9,0.0,17,0.0,5.6,165,-1.4493866525741177,5.409184627218782
2018-09-14 03:00:00,26.5,89,24.6,0.0,29,0.0,4.8,167,-1.079765060850553,4.6769763109691285
2018-09-14 04:00:00,26.9,86,24.4,0.0,51,0.0,3.7,151,-1.7937955949114477,3.2360929164157644
2018-09-14 05:00:00,27.1,85,24.3,0.0,51,0.0,3.9,146,-2.180852323535913,3.2332465329646625
2018-09-14 06:00:00,27.2,84,24.3,0.0,42,0.0,4.0,175,-0.3486229709906328,3.984778792366982
2018-09-14 07:00:00,27.0,88,24.9,0.0,45,34.0,3.0,166,-0.7257656867990032,2.910887178827989
2018-09-14 08:00:00,28.0,84,24.9,0.0,54,108.0,1.1,162,-0.3399186938124423,1.0461621679246689
2018-09-14 09:00:00,28.8,82,25.4,0.0,53,297.0,1.1,162,-0.3399186938124423,1.0461621679246689
2018-09-14 10:00:00,29.4,79,25.4,0.0,24,330.0,1.5,225,1.0606601717798212,1.0606601717798214
2018-09-14 11:00:00,30.1,76,25.4,0.0,12,542.0,3.3,257,3.215421213791276,0.7423384793347553
2018-09-14 12:00:00,30.5,75,25.6,0.0,21,581.0,5.5,293,5.062776693988423,-2.149021206691004
2018-09-14 13:00:00,30.7,75,25.6,0.0,26,572.0,8.0,324,4.702282018339787,-6.472135954999579
2018-09-14 14:00:00,30.6,75,25.6,0.0,53,554.0,10.0,345,2.588190451025207,-9.659258262890685
2018-09-14 15:00:00,30.2,75,25.3,0.0,77,425.0,9.4,356,0.655710853194781,-9.377102072442348
2018-09-14 16:00:00,29.9,76,25.3,0.0,43,235.0,10.9,6,-1.1393602496174229,-10.84028865951418
2018-09-14 17:00:00,29.5,78,25.2,0.0,12,164.0,9.3,13,-2.092044805397945,-9.06164160250269
2018-09-14 18:00:00,28.8,82,25.3,0.0,10,36.0,7.0,35,-4.015035054457322,-5.734064310022943
2018-09-14 19:00:00,28.0,86,25.4,0.0,7,0.0,4.8,63,-4.276831316104166,-2.1791543987498248
2018-09-14 20:00:00,27.4,89,25.4,0.0,6,0.0,6.0,65,-5.437846722219899,-2.5357095704441965
2018-09-14 21:00:00,26.8,92,25.4,0.0,7,0.0,6.9,51,-5.3623071340531,-4.342310698243879
2018-09-14 22:00:00,26.5,93,25.2,0.0,3,0.0,7.6,25,-3.211898789229316,-6.887939181478539
2018-09-14 23:00:00,26.1,95,25.1,0.0,6,0.0,7.4,43,-5.046787864462489,-5.412017391981862
2018-09-15 00:00:00,25.9,95,25.1,0.0,6,0.0,6.9,43,-4.70578868443124,-5.046340541172277
2018-09-15 01:00:00,25.5,97,24.9,0.0,23,0.0,4.9,36,-2.8801477362331185,-3.9641832724372423
2018-09-15 02:00:00,25.3,97,24.9,0.0,36,0.0,3.8,49,-2.8678964048465336,-2.493024310163928
2018-09-15 03:00:00,25.6,94,24.7,0.0,44,0.0,2.7,113,-2.4853631043215887,1.0549740469210394
2018-09-15 04:00:00,26.0,93,24.8,0.0,49,0.0,2.4,117,-2.138415658052083,1.0895771993749122
2018-09-15 05:00:00,25.3,96,24.6,0.0,45,0.0,4.4,125,-3.604268994871564,2.5237363199446032
2018-09-15 06:00:00,25.9,92,24.6,0.1,37,0.0,3.8,73,-3.633958072659535,-1.1110124779463997
2018-09-15 07:00:00,26.4,91,24.9,0.0,38,0.0,4.0,90,-4.0,-2.4492935982947064e-16
2018-09-15 08:00:00,27.2,87,24.9,0.1,48,3.0,1.5,135,-1.0606601717798214,1.0606601717798212
2018-09-15 09:00:00,27.7,84,24.8,0.4,33,12.0,3.1,135,-2.192031021678297,2.192031021678297
2018-09-15 10:00:00,28.4,80,24.6,0.2,31,34.0,3.7,151,-1.7937955949114477,3.2360929164157644
2018-09-15 11:00:00,29.2,77,24.7,0.0,32,78.0,1.5,166,-0.3628828433995016,1.4554435894139948
2018-09-15 12:00:00,29.4,76,24.7,0.0,30,34.0,1.3,326,0.7269507745119705,-1.0777488443215544
2018-09-15 13:00:00,29.6,75,24.7,0.0,35,65.0,6.6,351,1.0324674692655251,-6.5187430479279085
2018-09-15 14:00:00,29.7,75,24.8,0.0,42,47.0,3.6,354,0.3763024677635523,-3.580278823325784
2018-09-15 15:00:00,30.5,73,25.0,0.0,50,171.0,3.2,333,1.4527695991665504,-2.851220877402777
2018-09-15 16:00:00,30.7,73,25.4,0.0,37,111.0,3.3,13,-0.7423384793347545,-3.2154212137912763
2018-09-15 17:00:00,30.2,77,25.7,0.0,31,18.0,3.8,319,2.493024310163928,-2.867896404846533
2018-09-15 18:00:00,29.5,84,26.6,0.0,55,0.0,6.1,225,4.313351365237939,4.31335136523794
2018-09-15 19:00:00,29.3,83,26.1,0.0,59,0.0,3.7,119,-3.236092916415765,1.793795594911447
2018-09-15 20:00:00,28.5,87,26.1,0.0,39,0.0,4.0,100,-3.939231012048832,0.6945927106677212
2018-09-15 21:00:00,27.5,91,25.9,0.0,55,0.0,7.7,118,-6.798696465013737,3.61493103345136
2018-09-15 22:00:00,27.5,90,25.8,0.0,36,0.0,7.8,112,-7.232034065620942,2.9219314286441143
2018-09-15 23:00:00,27.0,91,25.4,0.0,46,0.0,10.0,131,-7.547095802227721,6.560590289905072
2018-09-16 00:00:00,27.0,89,25.0,0.0,50,0.0,11.0,142,-6.772276228582243,8.668118289673941
2018-09-16 01:00:00,26.9,87,24.5,0.0,54,0.0,10.7,140,-6.877827423645972,8.196675541373063
2018-09-16 02:00:00,26.8,85,24.1,0.0,47,0.0,11.1,151,-5.381386784734342,9.708278749247292
2018-09-16 03:00:00,27.1,81,23.5,0.0,62,0.0,12.8,142,-7.8804668841684276,10.08653764616604
2018-09-16 04:00:00,27.1,81,23.5,0.0,58,0.0,12.1,143,-7.281961780139783,9.663489671572243
2018-09-16 05:00:00,27.1,81,23.5,0.0,67,0.0,12.8,148,-6.782966582185023,10.855015630802251
2018-09-16 06:00:00,27.2,80,23.5,0.0,59,0.0,14.5,145,-8.316858327090166,11.877704642190382
2018-09-16 07:00:00,27.4,80,23.6,0.0,51,0.0,12.5,141,-7.866504888122967,9.714324518212136
2018-09-16 08:00:00,28.0,80,24.2,0.0,50,0.0,12.0,164,-3.30764826980399,11.535140351259829
2018-09-16 09:00:00,28.6,80,24.8,0.0,39,2.0,15.4,169,-2.9384585287987925,15.117058625094026
2018-09-16 10:00:00,29.8,77,25.2,0.0,35,93.0,14.8,162,-4.573451516749223,14.075636441168273
2018-09-16 11:00:00,30.7,73,25.3,0.0,36,231.0,17.0,167,-3.824167923845709,16.564291101348996
2018-09-16 12:00:00,30.8,73,25.4,0.0,40,220.0,17.8,159,-6.3789495019063445,16.61773159165019
2018-09-16 13:00:00,31.2,71,25.4,0.0,37,253.0,15.0,153,-6.809857496093203,13.365097862825516
2018-09-16 14:00:00,30.9,73,25.4,0.0,48,102.0,11.6,154,-5.085105302753297,10.426010937070338
2018-09-16 15:00:00,30.1,77,25.7,1.0,47,3.0,10.9,146,-6.095202647831141,9.036509540849954
2018-09-16 16:00:00,29.6,80,25.7,0.2,32,2.0,9.0,151,-4.363286582217034,7.871577364254562
2018-09-16 17:00:00,29.2,81,25.7,0.0,31,1.0,7.5,163,-2.1927877854205247,7.172285669722767
2018-09-16 18:00:00,28.8,82,25.5,0.0,47,0.0,3.6,180,-4.4087284769304716e-16,3.6
2018-09-16 19:00:00,28.3,86,25.7,0.0,52,0.0,3.7,101,-3.632020578756357,0.7059932828932158
2018-09-16 20:00:00,28.2,86,25.6,0.0,35,0.0,5.9,47,-4.314986839553106,-4.023790324368742
2018-09-16 21:00:00,28.2,86,25.7,0.0,32,0.0,3.2,360,7.837739514543061e-16,-3.2
2018-09-16 22:00:00,28.1,87,25.7,0.0,38,0.0,2.9,330,1.4500000000000013,-2.5114736709748717
2018-09-16 23:00:00,27.1,92,25.7,0.1,62,0.0,2.9,360,7.10295143505465e-16,-2.9
2018-09-17 00:00:00,26.6,93,25.5,0.3,69,0.0,4.6,45,-3.2526911934581184,-3.2526911934581184
2018-09-17 01:00:00,26.4,94,25.4,0.6,74,0.0,3.0,346,0.7257656867990037,-2.910887178827989
2018-09-17 02:00:00,26.2,94,25.1,1.2,84,0.0,3.7,349,0.7059932828932153,-3.632020578756357
2018-09-17 03:00:00,25.7,94,24.7,1.7,83,0.0,6.4,344,1.764079077228793,-6.1520748540052415
2018-09-17 04:00:00,25.5,94,24.6,0.9,75,0.0,3.5,336,1.4235782507653003,-3.1974091017491038
2018-09-17 05:00:00,25.6,94,24.6,0.0,56,0.0,3.8,17,-1.1110124779463997,-3.633958072659535
2018-09-17 06:00:00,25.6,94,24.5,0.0,50,0.0,5.4,360,1.3226185430791417e-15,-5.4
2018-09-17 07:00:00,26.2,92,24.8,0.0,45,3.0,7.4,23,-2.891410350820626,-6.811735915548059
2018-09-17 08:00:00,27.5,87,25.1,0.0,41,124.0,3.6,37,-2.166534083347374,-2.875087836170254
2018-09-17 09:00:00,28.5,83,25.4,0.0,37,270.0,1.3,304,1.0777488443215542,-0.7269507745119711
2018-09-17 10:00:00,29.3,79,25.3,0.0,36,333.0,3.1,291,2.8940993221413254,-1.1109406435904312
2018-09-17 11:00:00,29.9,76,25.3,0.0,28,457.0,4.4,305,3.604268994871564,-2.523736319944603
2018-09-17 12:00:00,30.3,75,25.4,0.2,44,546.0,6.5,326,3.6347538725598527,-5.388744221607772
2018-09-17 13:00:00,30.3,76,25.7,0.2,68,488.0,6.6,338,2.4724035165450213,-6.119413440140796
2018-09-17 14:00:00,30.1,77,25.5,0.2,54,303.0,4.0,333,1.815961998958188,-3.564026096753471
2018-09-17 15:00:00,29.7,80,25.9,0.4,53,130.0,4.8,312,3.5670951622914937,-3.211826910522517
2018-09-17 16:00:00,28.9,83,25.8,0.2,50,96.0,5.2,335,2.197614961051636,-4.71280049259058
2018-09-17 17:00:00,28.1,85,25.3,0.3,57,34.0,2.5,352,0.3479327524001647,-2.475670171853926
2018-09-17 18:00:00,27.8,86,25.2,0.0,35,13.0,2.2,99,-2.1729143493093037,0.3441558230885078
2018-09-17 19:00:00,27.4,88,25.1,0.0,27,0.0,1.8,180,-2.2043642384652358e-16,1.8
2018-09-17 20:00:00,26.9,91,25.2,0.0,33,0.0,1.5,194,0.3628828433995013,1.4554435894139948
2018-09-17 21:00:00,27.2,88,24.9,0.0,40,0.0,1.5,166,-0.3628828433995016,1.4554435894139948
2018-09-17 22:00:00,26.9,90,25.0,0.0,59,0.0,2.5,98,-2.475670171853926,0.3479327524001634
2018-09-17 23:00:00,25.9,94,24.9,0.0,68,0.0,4.2,70,-3.9467090073008153,-1.436484601967809
2018-09-18 00:00:00,25.8,94,24.7,0.0,60,0.0,6.4,63,-5.702441754805554,-2.9055391983331
2018-09-18 01:00:00,25.7,94,24.6,0.0,65,0.0,6.9,39,-4.342310698243878,-5.3623071340531
2018-09-18 02:00:00,25.6,93,24.4,0.0,53,0.0,8.9,27,-4.040515447681966,-7.929958065276475
2018-09-18 03:00:00,25.8,88,23.8,0.0,49,0.0,10.0,26,-4.383711467890774,-8.98794046299167
2018-09-18 04:00:00,25.6,89,23.6,0.0,42,0.0,9.2,21,-3.296985135816762,-8.588939923774255
2018-09-18 05:00:00,25.4,90,23.7,0.0,28,0.0,8.1,21,-2.902780391316932,-7.562001454627333
2018-09-18 06:00:00,25.2,92,23.7,0.0,29,0.0,8.0,18,-2.472135954999579,-7.608452130361228
2018-09-18 07:00:00,25.9,90,24.2,0.0,29,36.0,8.7,24,-3.5386087947594613,-7.947845481490627
2018-09-18 08:00:00,27.3,84,24.3,0.0,25,143.0,8.7,17,-2.543633831087809,-8.319851376878407
2018-09-18 09:00:00,28.4,80,24.6,0.0,28,270.0,8.3,2,-0.2896658226307581,-8.294943864258496
2018-09-18 10:00:00,29.3,77,24.9,0.0,36,423.0,9.1,353,1.1090110249868397,-9.03216997993603
2018-09-18 11:00:00,29.8,76,25.1,0.0,51,410.0,11.4,342,3.522793735874404,-10.84204428576475
2018-09-18 12:00:00,30.0,75,25.2,0.1,61,518.0,11.8,340,4.0358376912428895,-11.08837292527372
2018-09-18 13:00:00,30.0,76,25.2,0.2,57,454.0,12.3,339,4.4079257794072,-11.48303924591558
2018-09-18 14:00:00,29.7,77,25.2,0.3,56,472.0,13.2,349,2.5186787389703893,-12.957478821509165
2018-09-18 15:00:00,29.4,82,25.9,0.0,59,262.0,11.4,349,2.175222547292609,-11.19054989130337
2018-09-18 16:00:00,29.2,82,25.9,0.2,95,249.0,8.8,351,1.3766232923540338,-8.691657397237211
2018-09-18 17:00:00,28.7,84,25.7,0.1,85,96.0,4.5,346,1.0886485301985054,-4.366330768241984
2018-09-18 18:00:00,27.3,88,25.1,1.3,85,21.0,1.3,124,-1.0777488443215544,0.7269507745119708
2018-09-18 19:00:00,26.8,91,25.1,0.0,49,0.0,4.3,138,-2.8772616073430908,3.1955227495527945
2018-09-18 20:00:00,26.5,92,25.1,0.0,29,0.0,5.1,141,-3.2095339943541705,3.963444403430551
2018-09-18 21:00:00,26.5,91,25.0,0.0,29,0.0,4.9,144,-2.880147736233119,3.9641832724372414
2018-09-18 22:00:00,26.3,93,25.1,0.0,22,0.0,4.7,148,-2.490620541896063,3.985826051935202
2018-09-18 23:00:00,25.9,95,25.1,0.0,15,0.0,5.3,152,-2.4881992827652204,4.679622242152313
2018-09-19 00:00:00,25.8,95,24.9,0.0,15,0.0,5.4,143,-3.2498011250210603,4.312631754255382
2018-09-19 01:00:00,25.8,94,24.8,0.0,11,0.0,4.6,135,-3.2526911934581184,3.252691193458118
2018-09-19 02:00:00,25.8,94,24.7,0.0,13,0.0,4.4,145,-2.5237363199446023,3.604268994871565
2018-09-19 03:00:00,25.2,96,24.6,0.0,14,0.0,5.0,159,-1.7918397477265011,4.667902132486009
2018-09-19 04:00:00,25.1,96,24.4,0.0,22,0.0,4.6,162,-1.4214781741247584,4.3748599749577055
2018-09-19 05:00:00,25.1,97,24.6,0.0,21,0.0,5.9,166,-1.4273391840380396,5.72474478502838
2018-09-19 06:00:00,25.2,96,24.6,0.0,32,0.0,5.4,172,-0.7515347451843528,5.34744757120448
2018-09-19 07:00:00,25.8,95,25.0,0.0,31,30.0,8.0,162,-2.47213595499958,7.608452130361228
2018-09-19 08:00:00,26.8,91,25.2,0.0,26,129.0,10.1,174,-1.0557374790033027,10.04467114321956
2018-09-19 09:00:00,27.9,85,25.2,0.0,37,335.0,9.7,182,0.3385251180142587,9.694091022085228
2018-09-19 10:00:00,28.8,80,25.1,0.0,31,447.0,9.6,200,3.283393375926419,9.02104915954472
2018-09-19 11:00:00,29.6,77,25.0,0.0,23,603.0,10.2,212,5.405176495178688,8.650090580795545
2018-09-19 12:00:00,30.0,74,25.0,0.2,29,666.0,10.0,218,6.156614753256582,7.88010753606722
2018-09-19 13:00:00,29.7,77,25.3,0.0,32,408.0,8.4,223,5.7287862245249865,6.143371093601033
2018-09-19 14:00:00,29.6,79,25.6,0.0,20,491.0,6.4,218,3.940233442084213,5.043268823083022
2018-09-19 15:00:00,29.3,81,25.6,0.0,24,336.0,3.8,221,2.4930243101639267,2.867896404846534
2018-09-19 16:00:00,29.0,81,25.4,0.2,31,224.0,1.8,217,1.0832670416736871,1.437543918085127
2018-09-19 17:00:00,28.6,82,25.2,0.0,33,99.0,1.8,169,-0.3434561916777809,1.7669289302057951
2018-09-19 18:00:00,28.2,83,25.0,0.0,21,25.0,3.3,167,-0.7423384793347552,3.215421213791276
2018-09-19 19:00:00,27.5,88,25.3,0.0,9,0.0,4.3,138,-2.8772616073430908,3.1955227495527945
2018-09-19 20:00:00,26.7,92,25.3,0.0,20,0.0,4.6,129,-3.5748714227020666,2.894873798829251
2018-09-19 21:00:00,26.4,94,25.3,0.0,12,0.0,2.9,120,-2.511473670974872,1.4499999999999993
2018-09-19 22:00:00,26.1,94,25.1,0.0,9,0.0,3.9,124,-3.233246532964663,2.180852323535912
2018-09-19 23:00:00,25.8,94,24.8,0.0,10,0.0,6.4,142,-3.9402334420842138,5.043268823083021
2018-09-20 00:00:00,25.8,94,24.7,0.0,17,0.0,6.6,158,-2.4724035165450204,6.119413440140796
2018-09-20 01:00:00,25.7,94,24.6,0.0,17,0.0,6.1,152,-2.863776532993933,5.385980316439454
2018-09-20 02:00:00,25.7,93,24.5,0.0,22,0.0,7.4,151,-3.587591189822896,6.472185832831529
2018-09-20 03:00:00,25.4,93,24.1,0.0,18,0.0,5.5,157,-2.149021206691006,5.062776693988422
2018-09-20 04:00:00,25.1,93,23.9,0.0,14,0.0,4.6,141,-2.894873798829252,3.5748714227020657
2018-09-20 05:00:00,25.3,91,23.8,0.0,25,0.0,3.3,131,-2.490541614735148,2.1649947956686737
2018-09-20 06:00:00,25.7,89,23.7,0.0,30,0.0,0.4,270,0.4,7.347880794884119e-17
2018-09-20 07:00:00,26.2,86,23.8,0.0,50,20.0,1.0,45,-0.7071067811865476,-0.7071067811865476
2018-09-20 08:00:00,26.9,85,24.1,0.0,65,107.0,0.8,333,0.3631923997916376,-0.7128052193506943
2018-09-20 09:00:00,27.9,82,24.5,0.0,68,260.0,3.3,311,2.4905416147351485,-2.1649947956686733
2018-09-20 10:00:00,28.5,79,24.5,0.0,66,321.0,4.7,302,3.9858260519352022,-2.490620541896062
2018-09-20 11:00:00,29.2,75,24.2,0.0,55,522.0,6.1,310,4.672871103025766,-3.921004419087889
2018-09-20 12:00:00,29.4,73,24.1,0.0,48,532.0,6.4,317,4.364789504399989,-4.680663690362692
2018-09-20 13:00:00,29.4,73,24.1,0.0,36,474.0,5.9,322,3.632402704421384,-4.64926344627966
2018-09-20 14:00:00,29.3,73,24.0,0.0,14,336.0,6.6,315,4.666904755831214,-4.6669047558312124
2018-09-20 15:00:00,29.6,71,23.8,0.0,21,370.0,5.5,328,2.9145559532826275,-4.664264528860342
2018-09-20 16:00:00,29.3,72,23.7,0.0,18,248.0,3.9,338,1.460965714322058,-3.616017032810471
2018-09-20 17:00:00,28.9,74,23.7,0.0,14,138.0,2.9,360,7.10295143505465e-16,-2.9
2018-09-20 18:00:00,28.4,76,23.8,0.0,5,23.0,1.8,90,-1.8,-1.1021821192326179e-16
2018-09-20 19:00:00,27.3,84,24.4,0.0,6,0.0,5.1,135,-3.606244584051392,3.606244584051392
2018-09-20 20:00:00,26.6,88,24.4,0.0,5,0.0,6.3,149,-3.2447398719333425,5.400153994423307
2018-09-20 21:00:00,26.1,90,24.4,0.0,11,0.0,6.9,152,-3.2393537832226458,6.092338390726597
2018-09-20 22:00:00,25.8,91,24.3,0.0,6,0.0,7.2,153,-3.2687315981247376,6.415246974156248
2018-09-20 23:00:00,25.7,92,24.3,0.0,12,0.0,7.7,152,-3.6149310334513594,6.798696465013738
2018-09-21 00:00:00,25.6,92,24.2,0.0,3,0.0,7.4,157,-2.891410350820626,6.811735915548059
2018-09-21 01:00:00,25.5,92,24.1,0.0,4,0.0,7.9,156,-3.2132194802988234,7.217009115376546
2018-09-21 02:00:00,25.4,92,24.0,0.0,5,0.0,6.6,158,-2.4724035165450204,6.119413440140796
2018-09-21 03:00:00,25.7,89,23.8,0.0,6,0.0,3.9,158,-1.4609657143220578,3.616017032810471
2018-09-21 04:00:00,26.1,87,23.7,0.0,11,0.0,2.6,164,-0.716657125124198,2.499280409439629
2018-09-21 05:00:00,26.6,84,23.6,0.0,7,0.0,1.5,104,-1.4554435894139948,0.3628828433995016
2018-09-21 06:00:00,26.5,83,23.5,0.0,10,0.0,2.8,40,-1.7998053071223097,-2.1449244407331385
2018-09-21 07:00:00,26.7,86,24.1,0.0,3,34.0,2.9,7,-0.3534210958749276,-2.8783838397598336
2018-09-21 08:00:00,27.8,83,24.5,0.0,1,167.0,4.0,360,9.797174393178826e-16,-4.0
2018-09-21 09:00:00,28.4,80,24.7,0.0,3,314.0,5.2,348,1.0811407922523513,-5.086367523815789
2018-09-21 10:00:00,29.0,76,24.4,0.0,1,361.0,7.1,330,3.550000000000003,-6.148780366869512
2018-09-21 11:00:00,29.7,73,24.4,0.0,6,590.0,8.9,317,6.069785404556234,-6.50904794441062
2018-09-21 12:00:00,29.8,73,24.5,0.0,5,513.0,10.0,311,7.547095802227722,-6.56059028990507
2018-09-21 13:00:00,29.8,73,24.4,0.0,6,608.0,9.5,307,7.587037345449284,-5.717242719944456
2018-09-21 14:00:00,29.9,72,24.3,0.0,17,530.0,8.2,308,6.461688179575118,-5.0484240976704
2018-09-21 15:00:00,29.9,70,23.8,0.0,20,391.0,6.4,308,5.04326882308302,-3.940233442084215
2018-09-21 16:00:00,29.5,71,23.7,0.0,24,252.0,2.5,352,0.3479327524001647,-2.475670171853926
2018-09-21 17:00:00,29.0,73,23.8,0.0,25,96.0,2.4,27,-1.0895771993749122,-2.138415658052083
2018-09-21 18:00:00,28.6,76,23.9,0.0,20,18.0,0.7,360,1.7145055188062944e-16,-0.7
2018-09-21 19:00:00,27.6,85,24.8,0.0,20,0.0,3.2,27,-1.4527695991665497,-2.8512208774027776
2018-09-21 20:00:00,26.9,86,24.4,0.0,26,0.0,5.3,28,-2.4881992827652213,-4.679622242152313
2018-09-21 21:00:00,26.4,88,24.2,0.0,23,0.0,5.4,53,-4.312631754255381,-3.2498011250210617
2018-09-21 22:00:00,26.2,88,24.0,0.0,33,0.0,5.6,63,-4.989636535454859,-2.542346798541462
2018-09-21 23:00:00,26.0,88,23.9,0.0,41,0.0,6.9,84,-6.862201078041086,-0.7212463965468089
2018-09-22 00:00:00,25.9,88,23.8,0.0,32,0.0,6.5,109,-6.14587074139556,2.116193003971518
2018-09-22 01:00:00,25.8,89,23.9,0.0,27,0.0,4.7,94,-4.688551036221174,0.3278554265973891
2018-09-22 02:00:00,25.6,91,24.1,0.0,29,0.0,4.5,76,-4.366330768241984,-1.0886485301985045
2018-09-22 03:00:00,26.9,82,23.6,0.0,21,0.0,1.4,90,-1.4,-8.572527594031472e-17
2018-09-22 04:00:00,26.7,84,23.7,0.0,10,0.0,0.5,225,0.3535533905932737,0.3535533905932738
2018-09-22 05:00:00,26.4,86,23.8,0.0,4,0.0,1.5,284,1.4554435894139948,-0.3628828433995011
2018-09-22 06:00:00,25.9,89,23.9,0.0,5,0.0,4.0,333,1.815961998958188,-3.564026096753471
2018-09-22 07:00:00,26.2,93,24.9,0.0,5,47.0,3.3,6,-0.3449439287832564,-3.281922254715301
2018-09-22 08:00:00,28.0,79,24.0,0.0,2,193.0,6.1,357,0.3192493330819606,-6.0916401620029
2018-09-22 09:00:00,28.8,75,23.9,0.0,2,415.0,9.1,353,1.1090110249868397,-9.03216997993603
2018-09-22 10:00:00,29.4,71,23.7,0.0,0,566.0,10.5,354,1.0975488643103608,-10.44247990136687
2018-09-22 11:00:00,29.8,69,23.6,0.0,1,594.0,11.4,349,2.175222547292609,-11.19054989130337
2018-09-22 12:00:00,30.2,69,23.8,0.0,8,653.0,13.1,344,3.610849361202686,-12.592528216791978
2018-09-22 13:00:00,30.3,68,23.9,0.0,22,599.0,13.1,352,1.823167622576863,-12.97251170051457
2018-09-22 14:00:00,30.1,69,23.8,0.0,40,440.0,13.3,3,-0.696068218031153,-13.281772812235833
2018-09-22 15:00:00,29.8,71,24.0,0.0,40,291.0,13.0,5,-1.1330246557195562,-12.950531075192693
2018-09-22 16:00:00,29.6,72,24.0,0.0,44,195.0,11.5,14,-2.782101799396179,-11.15840085217396
2018-09-22 17:00:00,29.1,75,24.2,0.0,38,91.0,7.9,16,-2.177535110954293,-7.59396739791272
2018-09-22 18:00:00,28.5,77,24.2,0.0,25,19.0,7.6,3,-0.3977532674463731,-7.589584464134761
2018-09-22 19:00:00,28.0,80,24.3,0.0,21,0.0,7.1,41,-4.658019105832602,-5.358438019581681
2018-09-22 20:00:00,27.3,84,24.3,0.0,25,0.0,6.1,50,-4.6728711030257655,-3.92100441908789
2018-09-22 21:00:00,26.9,86,24.3,0.0,32,0.0,4.8,63,-4.276831316104166,-2.1791543987498248
2018-09-22 22:00:00,26.4,90,24.6,0.0,32,0.0,5.8,86,-5.78587149150698,-0.4045875477159263
2018-09-22 23:00:00,25.9,91,24.4,0.0,37,0.0,4.7,90,-4.7,-2.8779199779962803e-16
2018-09-23 00:00:00,25.3,94,24.2,0.0,36,0.0,5.0,120,-4.330127018922194,2.499999999999999
2018-09-23 01:00:00,25.0,94,24.0,0.0,31,0.0,3.9,112,-3.616017032810471,1.4609657143220571
2018-09-23 02:00:00,24.8,95,23.9,0.0,28,0.0,3.6,127,-2.8750878361702537,2.1665340833473743
2018-09-23 03:00:00,25.9,89,24.0,0.0,19,0.0,3.4,162,-1.0506577808748214,3.233592155403522
2018-09-23 04:00:00,25.7,90,23.9,0.0,18,0.0,4.0,170,-0.6945927106677211,3.939231012048832
2018-09-23 05:00:00,25.2,91,23.7,0.0,22,0.0,3.7,151,-1.7937955949114477,3.2360929164157644
2018-09-23 06:00:00,24.6,94,23.6,0.0,16,0.0,3.4,148,-1.8017254983928963,2.883363526931848
2018-09-23 07:00:00,26.0,91,24.4,0.0,12,34.0,2.5,90,-2.5,-1.5308084989341916e-16
2018-09-23 08:00:00,27.6,81,24.1,0.0,11,151.0,2.1,31,-1.0815799573111138,-1.800051331474436
2018-09-23 09:00:00,28.4,80,24.6,0.0,15,356.0,4.0,350,0.6945927106677215,-3.939231012048832
2018-09-23 10:00:00,29.3,75,24.5,0.0,18,492.0,7.3,327,3.9758649556096968,-6.122295146001595
2018-09-23 11:00:00,29.8,73,24.3,0.0,20,587.0,9.3,324,5.466402846320003,-7.52385804768701
2018-09-23 12:00:00,29.8,72,24.2,0.0,32,481.0,9.2,334,4.033014550459515,-8.268905225952334
2018-09-23 13:00:00,29.9,72,24.2,0.0,38,569.0,9.2,329,4.738350289172501,-7.885939166459431
2018-09-23 14:00:00,29.5,74,24.3,0.1,41,350.0,8.0,324,4.702282018339787,-6.472135954999579
2018-09-23 15:00:00,29.1,77,24.6,1.0,42,270.0,9.4,358,0.3280552690035077,-9.3942737739795
2018-09-23 16:00:00,28.3,79,24.3,0.6,42,166.0,7.4,43,-5.046787864462489,-5.412017391981862
2018-09-23 17:00:00,28.1,78,24.0,0.0,35,31.0,5.2,25,-2.197614961051637,-4.71280049259058
2018-09-23 18:00:00,27.8,80,24.0,0.0,30,6.0,7.6,355,0.6623836448822031,-7.571079705497266
2018-09-23 19:00:00,27.4,83,24.3,0.0,32,0.0,8.0,355,0.6972459419812665,-7.969557584733964
2018-09-23 20:00:00,27.1,86,24.5,0.0,25,0.0,7.6,19,-2.474317973874391,-7.185941174554808
2018-09-23 21:00:00,26.7,89,24.7,0.0,17,0.0,6.5,3,-0.3401837155791349,-6.49109197590473
2018-09-23 22:00:00,26.3,91,24.8,0.0,14,0.0,7.6,335,3.211898789229314,-6.88793918147854
2018-09-23 23:00:00,26.2,93,24.9,0.0,25,0.0,8.0,352,1.113384807680527,-7.922144549932562
2018-09-24 00:00:00,25.8,95,24.9,0.0,42,0.0,6.9,9,-1.079397808777593,-6.815049550106451
2018-09-24 01:00:00,25.5,96,24.9,0.0,45,0.0,6.8,25,-2.873804179836756,-6.162892951849219
2018-09-24 02:00:00,25.2,97,24.7,0.0,57,0.0,5.8,360,1.4205902870109297e-15,-5.8
2018-09-24 03:00:00,25.2,96,24.6,0.0,49,0.0,5.6,15,-1.449386652574116,-5.409184627218783
2018-09-24 04:00:00,25.1,96,24.5,0.0,100,0.0,4.0,5,-0.3486229709906326,-3.984778792366982
2018-09-24 05:00:00,25.2,97,24.6,0.0,100,0.0,6.6,351,1.0324674692655251,-6.5187430479279085
2018-09-24 06:00:00,25.2,96,24.6,0.0,51,0.0,10.5,354,1.0975488643103608,-10.44247990136687
2018-09-24 07:00:00,25.7,95,24.9,0.2,16,30.0,13.1,8,-1.8231676225768567,-12.972511700514572
2018-09-24 08:00:00,26.9,88,24.7,0.1,10,162.0,13.9,10,-2.4137096695703315,-13.688827766869691
2018-09-24 09:00:00,27.9,82,24.4,0.0,11,310.0,15.2,7,-1.8524140197582413,-15.086701504948094
2018-09-24 10:00:00,28.8,77,24.3,0.0,17,486.0,16.2,359,0.2827289842839937,-16.197532661533536
2018-09-24 11:00:00,29.3,74,24.2,0.0,32,542.0,15.9,354,1.6620025659556894,-15.812898136355546
2018-09-24 12:00:00,29.7,72,24.0,0.0,43,623.0,17.8,352,2.4772811970891726,-17.62677162359995
2018-09-24 13:00:00,29.6,72,24.0,0.0,38,524.0,19.5,355,1.6995369835793372,-19.42579661278904
2018-09-24 14:00:00,29.6,72,23.9,0.0,43,464.0,19.5,358,0.6805401856987661,-19.488121126872368
2018-09-24 15:00:00,29.5,71,23.8,0.0,28,343.0,19.5,2,-0.680540185698769,-19.488121126872368
2018-09-24 16:00:00,28.8,74,23.7,0.2,42,203.0,18.2,8,-2.532950437473191,-18.02287885109658
2018-09-24 17:00:00,28.0,78,23.9,0.0,33,80.0,16.8,9,-2.6280990126758788,-16.593164121998313
2018-09-24 18:00:00,27.3,82,23.9,0.0,17,17.0,14.1,6,-1.473851332073914,-14.022758724692652
2018-09-24 19:00:00,26.9,84,23.9,0.0,18,0.0,13.1,8,-1.8231676225768567,-12.972511700514572
2018-09-24 20:00:00,26.4,87,24.0,0.0,19,0.0,11.4,13,-2.564442019520061,-11.107818738551682
2018-09-24 21:00:00,26.1,88,24.0,0.0,21,0.0,10.5,6,-1.0975488643103617,-10.44247990136687
2018-09-24 22:00:00,25.9,89,24.0,0.0,28,0.0,11.4,11,-2.175222547292611,-11.19054989130337
2018-09-24 23:00:00,25.6,90,23.8,0.0,30,0.0,11.1,25,-4.691062705321763,-10.060016436106814
2018-09-25 00:00:00,25.4,90,23.6,0.0,33,0.0,9.5,37,-5.717242719944458,-7.587037345449282
2018-09-25 01:00:00,25.4,89,23.4,0.0,34,0.0,8.6,33,-4.683895701129233,-7.212566884330647
2018-09-25 02:00:00,25.2,88,23.1,0.0,28,0.0,10.0,26,-4.383711467890774,-8.98794046299167
2018-09-25 03:00:00,25.3,87,23.0,0.0,25,0.0,8.8,19,-2.8649997592229792,-8.320563465273988
2018-09-25 04:00:00,25.1,88,23.0,0.0,11,0.0,7.9,24,-3.2132194802988217,-7.217009115376547
2018-09-25 05:00:00,25.0,89,23.0,0.0,10,0.0,8.3,34,-4.6413010988072,-6.881011852206847
2018-09-25 06:00:00,24.8,89,23.0,0.0,11,0.0,7.4,29,-3.5875911898228945,-6.472185832831529
2018-09-25 07:00:00,25.4,88,23.3,0.0,11,41.0,8.5,54,-6.876644452187053,-4.996174644486022
2018-09-25 08:00:00,26.7,78,22.6,0.0,15,158.0,7.1,75,-6.858073366652385,-1.8376152202278973
2018-09-25 09:00:00,27.6,76,22.9,0.0,9,327.0,3.3,49,-2.490541614735148,-2.1649947956686737
2018-09-25 10:00:00,28.5,74,23.4,0.0,12,494.0,4.0,360,9.797174393178826e-16,-4.0
2018-09-25 11:00:00,29.1,72,23.6,0.0,14,553.0,4.9,17,-1.4326213531414105,-4.685893304218874
2018-09-25 12:00:00,29.7,69,23.4,0.0,12,531.0,4.5,29,-2.1816432911085166,-3.935788682127281
2018-09-25 13:00:00,29.9,69,23.6,0.0,22,506.0,5.8,4,-0.4045875477159267,-5.78587149150698
2018-09-25 14:00:00,29.8,70,23.7,0.0,19,405.0,9.7,15,-2.510544737494451,-9.369480515003962
2018-09-25 15:00:00,29.5,70,23.4,0.0,17,317.0,10.5,27,-4.766900247265241,-9.355568503977864
2018-09-25 16:00:00,29.1,71,23.4,0.0,11,196.0,10.0,21,-3.5836794954530027,-9.335804264972015
2018-09-25 17:00:00,28.5,74,23.4,0.0,15,92.0,10.6,18,-3.2755801403744425,-10.081199072728626
2018-09-25 18:00:00,27.9,75,23.2,0.0,23,17.0,7.0,21,-2.5085756468171017,-6.535062985480412
2018-09-25 19:00:00,27.4,78,23.3,0.0,32,0.0,10.0,30,-4.999999999999999,-8.660254037844387
2018-09-25 20:00:00,27.1,80,23.2,0.0,39,0.0,9.5,37,-5.717242719944458,-7.587037345449282
2018-09-25 21:00:00,26.9,80,23.2,0.0,31,0.0,9.1,34,-5.0886554215837965,-7.544241910250879
2018-09-25 22:00:00,26.6,82,23.2,0.0,25,0.0,9.8,24,-3.9860191021428415,-8.95274548489749
2018-09-25 23:00:00,26.2,83,23.2,0.0,20,0.0,10.2,23,-3.985457510590592,-9.389149505214892
2018-09-26 00:00:00,26.0,84,23.1,0.0,10,0.0,9.9,19,-3.223124729125852,-9.360633898433235
2018-09-26 01:00:00,25.7,85,23.0,0.0,6,0.0,11.3,9,-1.7677094549546088,-11.160878248725057
2018-09-26 02:00:00,25.5,85,22.9,0.0,10,0.0,13.9,10,-2.4137096695703315,-13.688827766869691
2018-09-26 03:00:00,25.3,83,22.2,0.0,12,0.0,14.8,14,-3.5804440548750827,-14.360376748884748
2018-09-26 04:00:00,25.2,82,22.0,0.0,17,0.0,14.6,16,-4.024305394928188,-14.034420760699456
2018-09-26 05:00:00,25.0,83,21.9,0.0,8,0.0,13.7,14,-3.314329969715448,-13.293051449981151
2018-09-26 06:00:00,24.7,85,22.0,0.0,9,0.0,11.2,15,-2.8987733051482323,-10.818369254437563
2018-09-26 07:00:00,25.1,84,22.3,0.0,7,45.0,13.2,11,-2.518678738970391,-12.957478821509165
2018-09-26 08:00:00,26.3,79,22.3,0.0,7,175.0,15.9,6,-1.6620025659556903,-15.812898136355546
2018-09-26 09:00:00,27.4,74,22.3,0.0,8,385.0,19.7,9,-3.081758961292548,-19.45746030972421
2018-09-26 10:00:00,28.2,70,22.3,0.0,10,523.0,20.9,11,-3.987908003369786,-20.51600813405617
2018-09-26 11:00:00,28.9,67,22.2,0.0,13,582.0,21.4,8,-2.9783043605454003,-21.19173667106961
2018-09-26 12:00:00,29.5,64,22.1,0.0,25,594.0,22.1,7,-2.6933124892537594,-21.935269951273217
2018-09-26 13:00:00,29.7,64,22.2,0.0,47,537.0,23.0,9,-3.59799269592531,-22.71683183368817
2018-09-26 14:00:00,29.3,66,22.4,0.0,59,343.0,23.7,9,-3.707496821453472,-23.408213672104765
2018-09-26 15:00:00,28.7,69,22.4,0.0,45,355.0,24.1,10,-4.184921081773021,-23.73386684759421
2018-09-26 16:00:00,28.1,71,22.4,0.0,39,165.0,23.0,10,-3.9939080863393976,-22.650578319280783
2018-09-26 17:00:00,27.5,73,22.3,0.0,27,95.0,21.4,7,-2.608003948870156,-21.24048764512429
2018-09-26 18:00:00,26.8,75,22.1,0.0,14,13.0,19.9,4,-1.3881538275080934,-19.8515246001705
2018-09-26 19:00:00,26.4,77,22.0,0.0,19,0.0,19.8,10,-3.4382339178052206,-19.49919350964172
2018-09-26 20:00:00,26.1,78,21.9,0.0,19,0.0,18.7,11,-3.568128213541388,-18.35642833047132
2018-09-26 21:00:00,25.8,79,21.9,0.0,17,0.0,18.6,9,-2.9096810497482943,-18.371003135069564
2018-09-26 22:00:00,25.5,80,21.8,0.0,18,0.0,19.2,8,-2.672123538433256,-19.01314691983815
2018-09-26 23:00:00,25.3,81,21.8,0.0,21,0.0,19.0,10,-3.2993153756716764,-18.711347307231957
2018-09-27 00:00:00,25.1,82,21.8,0.0,13,0.0,17.2,10,-2.9867486558712018,-16.938693351809977
2018-09-27 01:00:00,24.9,83,21.8,0.0,15,0.0,17.4,7,-2.120526575249566,-17.270303038559
2018-09-27 02:00:00,24.8,83,21.7,0.0,17,0.0,18.3,10,-3.177761651304825,-18.02198188012341
2018-09-27 03:00:00,24.9,81,21.5,0.0,20,0.0,19.0,10,-3.2993153756716764,-18.711347307231957
2018-09-27 04:00:00,24.8,81,21.4,0.0,20,0.0,20.0,8,-2.7834620192013086,-19.805361374831406
2018-09-27 05:00:00,24.9,81,21.4,0.0,18,0.0,20.8,10,-3.611882095472151,-20.484001262653926
2018-09-27 06:00:00,24.9,81,21.4,0.0,34,0.0,18.4,11,-3.510885514928424,-18.061940175437016
2018-09-27 07:00:00,25.2,81,21.7,0.0,23,40.0,19.9,13,-4.476525981442913,-19.38996428922618
2018-09-27 08:00:00,26.3,77,22.0,0.0,26,178.0,22.2,13,-4.993913406433803,-21.63101543823222
2018-09-27 09:00:00,27.2,74,22.3,0.0,21,338.0,23.4,14,-5.660972357032224,-22.704919994858315
2018-09-27 10:00:00,28.0,72,22.5,0.0,30,366.0,23.1,15,-5.9787199418682295,-22.31288658727748
2018-09-27 11:00:00,28.7,70,22.7,0.0,37,461.0,21.9,14,-5.298089513632723,-21.249476405444323
2018-09-27 12:00:00,29.4,68,22.8,0.0,37,562.0,21.3,11,-4.0642316015204045,-20.908659007435244
2018-09-27 13:00:00,29.6,67,22.8,0.0,42,516.0,21.6,11,-4.121474300133368,-21.203147162469545
2018-09-27 14:00:00,29.6,67,22.8,0.0,32,349.0,21.5,9,-3.363340998364964,-21.235299322795463
2018-09-27 15:00:00,29.0,70,22.9,0.0,23,331.0,21.4,8,-2.9783043605454003,-21.19173667106961
2018-09-27 16:00:00,28.4,72,22.9,0.0,34,195.0,22.0,5,-1.91742634044848,-21.9162833580184
2018-09-27 17:00:00,27.6,75,22.8,0.0,33,103.0,21.7,7,-2.6445647518917,-21.538251490616688
2018-09-27 18:00:00,26.8,77,22.5,0.0,34,15.0,20.6,6,-2.153286343313661,-20.48715104458643
2018-09-27 19:00:00,26.3,78,22.2,0.0,48,0.0,21.4,7,-2.608003948870156,-21.24048764512429
2018-09-27 20:00:00,26.0,79,22.1,0.0,48,0.0,21.5,9,-3.363340998364964,-21.235299322795463
2018-09-27 21:00:00,25.7,80,22.1,0.0,36,0.0,21.5,9,-3.363340998364964,-21.235299322795463
2018-09-27 22:00:00,25.4,82,22.1,0.0,34,0.0,20.4,9,-3.191263086820709,-20.148842148140808
2018-09-27 23:00:00,25.2,83,22.2,0.0,40,0.0,19.4,10,-3.3687746467384483,-19.105270408436837
2018-09-28 00:00:00,25.1,84,22.2,0.0,32,0.0,18.9,9,-2.956611389260363,-18.667309637248103
2018-09-28 01:00:00,25.1,84,22.2,0.0,23,0.0,19.7,8,-2.741710088913289,-19.50828095420893
2018-09-28 02:00:00,25.1,84,22.3,0.0,17,0.0,19.7,9,-3.081758961292548,-19.45746030972421
2018-09-28 03:00:00,25.2,80,21.6,0.0,22,0.0,19.7,9,-3.081758961292548,-19.45746030972421
2018-09-28 04:00:00,25.1,80,21.5,0.0,23,0.0,19.7,9,-3.081758961292548,-19.45746030972421
2018-09-28 05:00:00,25.0,80,21.4,0.0,33,0.0,20.0,8,-2.7834620192013086,-19.805361374831406
2018-09-28 06:00:00,24.9,81,21.4,0.0,28,0.0,19.1,12,-3.971113294619204,-18.68261917401569
2018-09-28 07:00:00,25.3,80,21.7,0.0,25,40.0,19.5,12,-4.054277970946307,-19.07387821430921
2018-09-28 08:00:00,26.3,77,21.8,0.0,20,186.0,21.4,7,-2.608003948870156,-21.24048764512429
2018-09-28 09:00:00,27.3,73,22.0,0.0,22,360.0,24.2,4,-1.6881066646078322,-24.141050016287743
2018-09-28 10:00:00,28.1,70,22.0,0.0,43,474.0,26.4,5,-2.300911608538176,-26.29954002962208
2018-09-28 11:00:00,28.7,68,22.2,0.0,56,436.0,26.8,7,-3.2660984032579523,-26.60023686398743
2018-09-28 12:00:00,28.8,68,22.4,0.0,100,410.0,25.7,6,-2.686381505978694,-25.559212710964623
2018-09-28 13:00:00,28.8,70,22.7,0.1,100,408.0,26.7,4,-1.8624978489681456,-26.634960141937302
2018-09-28 14:00:00,28.5,72,22.9,0.0,100,213.0,28.3,7,-3.4489024183656736,-28.08905609144941
2018-09-28 15:00:00,28.2,71,22.3,0.0,100,253.0,29.7,6,-3.104495359049308,-29.53730029243772
2018-09-28 16:00:00,27.8,72,22.3,0.0,86,204.0,28.6,6,-2.9895140494548893,-28.443326207532618
2018-09-28 17:00:00,27.1,75,22.3,0.0,71,58.0,27.4,5,-2.3880673512858337,-27.29573472771383
2018-09-28 18:00:00,26.4,77,22.1,0.0,45,10.0,26.3,2,-0.9178567632757756,-26.28397875060222
2018-09-28 19:00:00,25.9,78,21.9,0.0,38,0.0,27.4,4,-1.9113273805890327,-27.333254977119186
2018-09-28 20:00:00,25.6,80,21.8,0.0,40,0.0,27.8,4,-1.9392299700866835,-27.732280597223117
2018-09-28 21:00:00,25.4,80,21.6,0.0,47,0.0,28.1,3,-1.470640370426722,-28.061489926603524
2018-09-28 22:00:00,25.3,79,21.4,0.0,50,0.0,28.5,3,-1.4915747529238992,-28.460941740505355
2018-09-28 23:00:00,25.3,78,21.2,0.0,48,0.0,29.2,3,-1.52820992229396,-29.159982414833557
2018-09-29 00:00:00,25.2,78,21.0,0.0,41,0.0,29.9,2,-1.0434949514047789,-29.88178572787096
2018-09-29 01:00:00,25.1,78,21.0,0.0,34,0.0,31.0,2,-1.08188439777753,-30.98111563759197
2018-09-29 02:00:00,25.0,78,21.0,0.0,30,0.0,31.7,2,-1.1063140454692808,-31.680689216505336
2018-09-29 03:00:00,25.1,73,19.9,0.0,35,0.0,31.7,2,-1.1063140454692808,-31.680689216505336
2018-09-29 04:00:00,24.9,73,19.8,0.0,36,0.0,31.3,1,-0.5462603214869739,-31.29523285839505
2018-09-29 05:00:00,24.7,74,19.8,0.0,36,0.0,31.0,1,-0.5410245995557889,-30.99527854984813
2018-09-29 06:00:00,24.6,75,19.8,0.0,37,0.0,29.9,3,-1.5648450916640206,-29.85902308916176
2018-09-29 07:00:00,24.7,76,20.1,0.0,34,38.0,29.5,1,-0.5148459898998636,-29.49550700711354
2018-09-29 08:00:00,25.4,74,20.3,0.0,30,161.0,31.0,358,1.0818843977775254,-30.98111563759197
2018-09-29 09:00:00,26.2,70,20.3,0.0,24,338.0,34.2,360,8.376584106167896e-15,-34.2
2018-09-29 10:00:00,27.0,67,20.2,0.0,21,502.0,34.6,360,8.474555850099685e-15,-34.6
2018-09-29 11:00:00,27.4,65,20.3,0.0,27,590.0,34.6,359,0.6038532627300112,-34.59473025241114
2018-09-29 12:00:00,27.6,64,20.2,0.0,30,541.0,34.9,359,0.6090889846611962,-34.894684560958055
2018-09-29 13:00:00,27.7,63,20.1,0.0,33,639.0,34.2,358,1.1935627872255283,-34.179166284053075
2018-09-29 14:00:00,27.6,63,19.9,0.0,32,518.0,33.2,357,1.7375537472657532,-33.154500553851854
2018-09-29 15:00:00,27.5,63,19.9,0.0,31,476.0,31.5,355,2.745405896551237,-31.380132989889983
2018-09-29 16:00:00,27.0,65,20.0,0.0,31,325.0,28.6,354,2.989514049454888,-28.443326207532618
2018-09-29 17:00:00,26.3,68,19.9,0.0,33,144.0,25.4,353,3.09548132249074,-25.21067225168958
2018-09-29 18:00:00,25.6,70,19.7,0.0,8,18.0,21.6,357,1.1304566548475985,-21.5703979506988
2018-09-29 19:00:00,25.2,72,19.7,0.0,5,0.0,20.2,356,1.409080769631338,-20.15079381524845
2018-09-29 20:00:00,25.1,72,19.7,0.0,3,0.0,19.4,359,0.338576684883301,-19.39704528603399
2018-09-29 21:00:00,24.9,72,19.6,0.0,4,0.0,16.6,4,-1.15795746415248,-16.55956323431308
2018-09-29 22:00:00,24.7,73,19.5,0.0,28,0.0,14.0,1,-0.2443336901219691,-13.997867732189478
2018-09-29 23:00:00,24.5,73,19.3,0.0,25,0.0,13.3,358,0.4641633061432609,-13.291897999353974
2018-09-30 00:00:00,24.4,73,19.1,0.0,23,0.0,12.6,358,0.4397336584515103,-12.592324420440606
2018-09-30 01:00:00,24.2,72,18.9,0.0,21,0.0,12.3,355,1.0720156357961974,-12.253194786528471
2018-09-30 02:00:00,24.0,72,18.6,0.0,17,0.0,12.3,357,0.6437322617882157,-12.283143277481258
2018-09-30 03:00:00,23.8,71,18.3,0.0,11,0.0,12.6,358,0.4397336584515103,-12.592324420440606
2018-09-30 04:00:00,23.7,71,18.1,0.0,20,0.0,13.3,2,-0.4641633061432629,-13.291897999353974
2018-09-30 05:00:00,23.7,71,18.0,0.0,24,0.0,14.4,3,-0.7536377698983913,-14.380265300465863
2018-09-30 06:00:00,23.6,72,18.3,0.0,22,0.0,13.5,9,-2.111865278043117,-13.33379259803436
2018-09-30 07:00:00,24.1,73,19.0,0.0,23,44.0,12.7,8,-1.767498382192831,-12.576404473017943
2018-09-30 08:00:00,25.1,70,19.3,0.0,36,155.0,13.0,2,-0.4536934571325126,-12.992080751248244
2018-09-30 09:00:00,26.2,66,19.3,0.0,59,312.0,13.3,358,0.4641633061432609,-13.291897999353974
2018-09-30 10:00:00,27.0,63,19.4,0.0,67,463.0,14.4,357,0.7536377698983989,-14.380265300465863
2018-09-30 11:00:00,27.6,61,19.5,0.0,33,593.0,15.1,359,0.2635313372029818,-15.097700196861508
2018-09-30 12:00:00,28.1,60,19.7,0.0,31,685.0,14.8,357,0.7745721523955768,-14.779717114367694
2018-09-30 13:00:00,28.1,61,19.9,0.0,32,605.0,14.4,356,1.0044932219154092,-14.36492232374147
2018-09-30 14:00:00,28.1,61,20.0,0.0,28,555.0,14.1,357,0.7379369830255156,-14.080676440039491
2018-09-30 15:00:00,28.1,62,20.2,0.0,17,427.0,13.7,360,3.355532229663748e-15,-13.7
2018-09-30 16:00:00,27.8,63,20.2,0.0,10,292.0,11.9,2,-0.4153040107597615,-11.89275084152724
2018-09-30 17:00:00,27.0,67,20.3,0.0,12,104.0,10.1,2,-0.3524849166952598,-10.093847352892867
2018-09-30 18:00:00,26.1,70,20.3,0.0,16,13.0,8.7,17,-2.543633831087809,-8.319851376878407
2018-09-30 19:00:00,25.3,75,20.6,0.0,11,0.0,8.7,24,-3.5386087947594613,-7.947845481490627
2018-09-30 20:00:00,24.7,79,20.9,0.0,20,0.0,8.8,35,-5.047472639889206,-7.208537989743128
2018-09-30 21:00:00,24.4,82,21.1,0.0,17,0.0,5.9,47,-4.314986839553106,-4.023790324368742
2018-09-30 22:00:00,24.0,85,21.4,0.0,19,0.0,3.3,41,-2.1649947956686737,-2.490541614735148
2018-09-30 23:00:00,23.9,88,21.7,0.0,19,0.0,2.3,39,-1.4474368994146258,-1.7874357113510329
2018-10-01 00:00:00,23.7,89,21.9,0.0,23,0.0,1.3,124,-1.0777488443215544,0.7269507745119708
2018-10-01 01:00:00,23.6,91,22.1,0.0,23,0.0,3.4,148,-1.8017254983928963,2.883363526931848
2018-10-01 02:00:00,23.6,93,22.3,0.0,30,0.0,4.9,163,-1.4326213531414094,4.685893304218874
2018-10-01 03:00:00,23.7,90,22.0,0.0,36,0.0,5.4,180,-6.613092715395707e-16,5.4
2018-10-01 04:00:00,24.0,89,22.1,0.0,25,0.0,5.8,202,2.172718241812289,5.377666356487367
2018-10-01 05:00:00,24.8,86,22.2,0.0,31,0.0,3.6,225,2.545584412271571,2.545584412271572
2018-10-01 06:00:00,24.8,86,22.3,0.0,14,0.0,4.6,252,4.3748599749577055,1.4214781741247586
2018-10-01 07:00:00,24.6,90,22.9,0.0,15,40.0,2.8,310,2.1449244407331385,-1.7998053071223097
2018-10-01 08:00:00,26.1,79,22.1,0.0,16,173.0,2.9,330,1.4500000000000013,-2.5114736709748717
2018-10-01 09:00:00,26.7,75,21.9,0.0,19,333.0,4.0,333,1.815961998958188,-3.564026096753471
2018-10-01 10:00:00,27.4,72,21.8,0.0,19,426.0,4.8,333,2.179154398749825,-4.276831316104166
2018-10-01 11:00:00,27.8,69,21.6,0.0,43,460.0,4.4,325,2.523736319944605,-3.604268994871563
2018-10-01 12:00:00,28.3,67,21.6,0.0,40,515.0,5.4,307,4.312631754255383,-3.249801125021059
2018-10-01 13:00:00,28.5,65,21.4,0.0,39,532.0,5.6,310,4.289848881466277,-3.59961061424462
2018-10-01 14:00:00,28.7,64,21.1,0.0,47,524.0,5.9,322,3.632402704421384,-4.64926344627966
2018-10-01 15:00:00,28.4,63,20.8,0.0,70,300.0,5.6,345,1.4493866525741157,-5.409184627218783
2018-10-01 16:00:00,28.2,64,20.7,0.0,57,262.0,6.5,3,-0.3401837155791349,-6.49109197590473
2018-10-01 17:00:00,27.5,68,20.9,0.0,88,90.0,4.7,32,-2.490620541896063,-3.985826051935202
2018-10-01 18:00:00,26.5,72,21.1,0.0,36,12.0,6.1,45,-4.31335136523794,-4.31335136523794
2018-10-01 19:00:00,25.7,77,21.3,0.0,24,0.0,5.4,86,-5.386845871403051,-0.3766849582182763
2018-10-01 20:00:00,25.1,81,21.6,0.0,22,0.0,4.7,122,-3.9858260519352022,2.4906205418960625
2018-10-01 21:00:00,24.7,85,21.9,0.0,20,0.0,3.2,153,-1.45276959916655,2.851220877402777
2018-10-01 22:00:00,24.6,86,22.1,0.0,16,0.0,3.3,167,-0.7423384793347552,3.215421213791276
2018-10-01 23:00:00,25.0,84,22.2,0.0,19,0.0,3.1,54,-2.5079526825623373,-1.8221342821066668
2018-10-02 00:00:00,24.9,85,22.3,0.0,18,0.0,4.8,63,-4.276831316104166,-2.1791543987498248
2018-10-02 01:00:00,24.3,89,22.3,0.0,27,0.0,6.1,87,-6.0916401620029,-0.3192493330819582
2018-10-02 02:00:00,24.5,88,22.3,0.0,26,0.0,6.1,93,-6.0916401620029,0.3192493330819574
2018-10-02 03:00:00,23.2,90,21.5,0.0,31,0.0,3.9,68,-3.616017032810471,-1.460965714322057
2018-10-02 04:00:00,22.7,91,21.2,0.0,13,0.0,5.0,21,-1.7918397477265011,-4.667902132486009
2018-10-02 05:00:00,23.0,89,21.2,0.0,30,0.0,8.1,21,-2.902780391316932,-7.562001454627333
2018-10-02 06:00:00,23.2,88,21.2,0.0,17,0.0,8.7,17,-2.543633831087809,-8.319851376878407
2018-10-02 07:00:00,23.9,86,21.4,0.0,28,34.0,7.4,23,-2.891410350820626,-6.811735915548059
2018-10-02 08:00:00,25.4,77,21.0,0.0,33,150.0,8.1,21,-2.902780391316932,-7.562001454627333
2018-10-02 09:00:00,26.3,73,21.1,0.0,31,339.0,8.3,18,-2.564841053312064,-7.893769085249775
2018-10-02 10:00:00,26.9,70,21.0,0.0,17,353.0,8.4,10,-1.458644692402215,-8.272385125302547
2018-10-02 11:00:00,27.4,67,20.7,0.0,20,450.0,8.6,360,2.1063924945334478e-15,-8.6
2018-10-02 12:00:00,27.8,64,20.3,0.0,22,557.0,10.1,354,1.0557374790032994,-10.04467114321956
2018-10-02 13:00:00,28.1,62,20.2,0.0,23,586.0,13.0,357,0.6803674311582768,-12.98218395180946
2018-10-02 14:00:00,28.0,62,19.9,0.0,16,458.0,13.7,2,-0.4781231048242632,-13.691654330161612
2018-10-02 15:00:00,27.7,63,20.0,0.0,11,372.0,12.7,7,-1.5477406612453728,-12.605336125844788
2018-10-02 16:00:00,27.4,63,19.7,0.0,5,271.0,12.7,8,-1.767498382192831,-12.576404473017943
2018-10-02 17:00:00,26.7,65,19.6,0.0,3,121.0,12.4,8,-1.7257464519048116,-12.279324052395474
2018-10-02 18:00:00,25.7,69,19.5,0.0,4,14.0,12.4,8,-1.7257464519048116,-12.279324052395474
2018-10-02 19:00:00,25.0,71,19.4,0.0,2,0.0,13.0,14,-3.1449846427956807,-12.613844441587954
2018-10-02 20:00:00,24.5,73,19.4,0.0,4,0.0,12.7,15,-3.2870018728020134,-12.267257993871167
2018-10-02 21:00:00,23.9,77,19.6,0.0,9,0.0,8.9,14,-2.153104870837043,-8.635631963856369
2018-10-02 22:00:00,23.6,78,19.6,0.0,20,0.0,8.0,8,-1.1133848076805235,-7.922144549932563
2018-10-02 23:00:00,23.4,79,19.7,0.0,12,0.0,7.6,3,-0.3977532674463731,-7.589584464134761
2018-10-03 00:00:00,23.1,82,19.9,0.0,11,0.0,7.6,5,-0.662383644882202,-7.571079705497266
2018-10-03 01:00:00,22.8,85,20.1,0.0,11,0.0,7.8,13,-1.754618223882147,-7.600086505324834
2018-10-03 02:00:00,22.6,86,20.1,0.0,10,0.0,8.9,14,-2.153104870837043,-8.635631963856369
2018-10-03 03:00:00,22.5,80,18.9,0.0,5,0.0,9.7,4,-0.6766377953180154,-9.676371287520292
2018-10-03 04:00:00,22.6,79,18.8,0.0,12,0.0,10.1,2,-0.3524849166952598,-10.093847352892867
2018-10-03 05:00:00,22.5,79,18.7,0.0,11,0.0,11.2,4,-0.7812725059342034,-11.17271736291003
2018-10-03 06:00:00,22.4,80,18.7,0.0,8,0.0,9.4,360,2.3023359823970247e-15,-9.4
2018-10-03 07:00:00,23.0,78,19.0,0.0,14,46.0,9.8,8,-1.363896389408641,-9.70462707366739
2018-10-03 08:00:00,24.4,69,18.3,0.0,16,206.0,10.5,8,-1.4613175600806871,-10.397814721786489
2018-10-03 09:00:00,25.4,64,18.0,0.0,25,366.0,10.9,8,-1.5169868004647131,-10.793921949283115
2018-10-03 10:00:00,26.2,60,17.9,0.0,24,503.0,11.9,5,-1.037153338697132,-11.854716907291772
2018-10-03 11:00:00,26.9,58,17.9,0.0,31,541.0,12.6,3,-0.6594330486610923,-12.58273213790763
2018-10-03 12:00:00,27.3,57,18.1,0.0,29,540.0,14.0,1,-0.2443336901219691,-13.997867732189478
2018-10-03 13:00:00,27.6,57,18.2,0.0,26,499.0,16.2,360,3.967855629237425e-15,-16.2
2018-10-03 14:00:00,27.7,56,18.3,0.0,33,529.0,18.4,1,-0.3211242784460166,-18.3971975908776
2018-10-03 15:00:00,27.7,56,18.3,0.0,31,381.0,19.8,2,-0.6910100347095192,-19.787938374978097
2018-10-03 16:00:00,27.2,59,18.4,0.0,34,288.0,18.8,5,-1.6385279636559735,-18.728460324124818
2018-10-03 17:00:00,26.3,64,18.8,0.0,39,89.0,15.3,8,-2.1293484446890014,-15.151101451746028
2018-10-03 18:00:00,25.4,68,19.0,0.0,28,14.0,9.0,29,-4.363286582217033,-7.871577364254562
2018-10-03 19:00:00,24.8,72,19.3,0.0,26,0.0,8.7,24,-3.5386087947594613,-7.947845481490627
2018-10-03 20:00:00,24.2,76,19.7,0.0,34,0.0,9.7,15,-2.510544737494451,-9.369480515003962
2018-10-03 21:00:00,23.8,79,19.9,0.0,34,0.0,11.2,15,-2.8987733051482323,-10.818369254437563
2018-10-03 22:00:00,23.6,79,19.8,0.0,44,0.0,12.1,17,-3.5376976271451146,-11.571287547152728
2018-10-03 23:00:00,23.4,79,19.7,0.0,28,0.0,12.0,21,-4.300415394543603,-11.20296511796642
2018-10-04 00:00:00,23.2,80,19.5,0.0,41,0.0,11.6,16,-3.19739332747719,-11.1506356728845
2018-10-04 01:00:00,22.9,81,19.4,0.0,29,0.0,11.2,15,-2.8987733051482323,-10.818369254437563
2018-10-04 02:00:00,22.7,80,19.1,0.0,38,0.0,11.4,11,-2.175222547292611,-11.19054989130337
2018-10-04 03:00:00,22.9,77,18.6,0.0,35,0.0,12.3,5,-1.0720156357961954,-12.253194786528471
2018-10-04 04:00:00,23.0,75,18.2,0.0,27,0.0,15.1,1,-0.263531337202981,-15.097700196861508
2018-10-04 05:00:00,23.0,72,17.7,0.0,40,0.0,18.4,1,-0.3211242784460166,-18.3971975908776
2018-10-04 06:00:00,23.0,70,17.2,0.0,31,0.0,17.7,2,-0.6177210916342671,-17.689217638237995
2018-10-04 07:00:00,23.5,68,17.2,0.0,21,43.0,20.5,1,-0.3577743319643119,-20.49687775070602
2018-10-04 08:00:00,24.5,64,17.2,0.0,15,200.0,25.2,360,6.17221986770266e-15,-25.2
2018-10-04 09:00:00,25.4,61,17.3,0.0,6,415.0,30.3,2,-1.0574547500857794,-30.281542058678603
2018-10-04 10:00:00,26.1,59,17.6,0.0,2,575.0,33.5,2,-1.1691331395337825,-33.47959270513971
2018-10-04 11:00:00,26.6,59,18.0,0.0,2,635.0,35.0,3,-1.831758468503034,-34.952033716410085
2018-10-04 12:00:00,27.0,59,18.3,0.0,38,702.0,36.1,4,-2.518208702162924,-36.012062214379654
2018-10-04 13:00:00,27.0,60,18.7,0.0,63,591.0,36.8,3,-1.9259631897403329,-36.74956687896832
2018-10-04 14:00:00,26.5,63,19.0,0.0,75,430.0,37.8,2,-1.3192009753545366,-37.77697326132181
2018-10-04 15:00:00,26.1,64,18.7,0.0,83,320.0,37.5,3,-1.9625983591103937,-37.44860755329652
2018-10-04 16:00:00,25.6,66,18.8,0.0,20,252.0,36.1,3,-1.8893280203702725,-36.050526204640114
2018-10-04 17:00:00,25.0,68,18.8,0.0,8,93.0,33.5,1,-0.5846556156489976,-33.494897787739106
2018-10-04 18:00:00,24.3,72,18.8,0.0,4,13.0,31.0,1,-0.5410245995557889,-30.99527854984813
2018-10-04 19:00:00,24.0,73,18.9,0.0,5,0.0,31.0,1,-0.5410245995557889,-30.99527854984813
2018-10-04 20:00:00,24.0,72,18.8,0.0,0,0.0,31.7,1,-0.5532412840618873,-31.6951719364576
2018-10-04 21:00:00,24.0,72,18.7,0.0,0,0.0,31.7,1,-0.5532412840618873,-31.6951719364576
2018-10-04 22:00:00,23.9,72,18.6,0.0,2,0.0,31.0,1,-0.5410245995557889,-30.99527854984813
2018-10-04 23:00:00,23.9,72,18.5,0.0,0,0.0,30.6,1,-0.5340436369808755,-30.59533947178557
2018-10-05 00:00:00,23.8,71,18.3,0.0,0,0.0,30.2,360,7.396866666850013e-15,-30.2
2018-10-05 01:00:00,23.7,71,18.1,0.0,0,0.0,29.5,360,7.225416114969383e-15,-29.5
2018-10-05 02:00:00,23.6,70,17.9,0.0,0,0.0,28.8,359,0.5026293053937666,-28.79561362050407
2018-10-05 03:00:00,23.6,67,17.1,0.0,0,0.0,28.1,358,0.9806758573402732,-28.082882239236596
2018-10-05 04:00:00,23.5,67,17.0,0.0,0,0.0,27.4,357,1.4340052010566755,-27.36244925227532
2018-10-05 05:00:00,23.3,68,16.9,0.0,0,0.0,26.3,356,1.834595259470504,-26.23593452183338
2018-10-05 06:00:00,23.3,67,16.9,0.0,0,0.0,24.6,354,2.5714001963842743,-24.465238626059524
2018-10-05 07:00:00,23.6,67,17.1,0.0,0,47.0,24.3,352,3.381906353329601,-24.06351407042016
2018-10-05 08:00:00,24.5,64,17.2,0.0,4,216.0,25.9,350,4.497487801573497,-25.506520803016187
2018-10-05 09:00:00,25.5,61,17.3,0.0,1,396.0,27.0,351,4.223730556086239,-26.66758519606872
2018-10-05 10:00:00,26.4,58,17.4,0.0,1,581.0,26.4,349,5.037357477940779,-25.91495764301833
2018-10-05 11:00:00,27.0,56,17.6,0.0,1,633.0,25.1,348,5.218583439525773,-24.55150477841852
2018-10-05 12:00:00,27.5,55,17.8,0.0,0,742.0,23.2,344,6.394786654954375,-22.301271345769
2018-10-05 13:00:00,27.6,55,17.9,0.0,0,716.0,21.6,342,6.67476707849887,-20.54282075197532
2018-10-05 14:00:00,27.5,56,17.9,0.0,1,643.0,20.3,340,6.9430089095110725,-19.07576020195394
2018-10-05 15:00:00,27.1,56,17.5,0.0,0,477.0,18.7,341,6.08812448834883,-17.681197363707224
2018-10-05 16:00:00,26.7,57,17.4,0.0,1,302.0,16.1,340,5.506524307543265,-15.129051194653128
2018-10-05 17:00:00,25.9,59,17.4,0.0,2,136.0,12.7,335,5.36725192410688,-11.510108895365455
2018-10-05 18:00:00,24.8,62,17.1,0.0,1,13.0,10.9,343,3.186851581477835,-10.423721839997086
2018-10-05 19:00:00,24.0,66,17.2,0.0,6,0.0,8.9,346,2.153104870837044,-8.635631963856369
2018-10-05 20:00:00,23.6,69,17.5,0.0,12,0.0,8.4,350,1.4586446924022154,-8.272385125302547
2018-10-05 21:00:00,23.2,72,17.8,0.0,23,0.0,7.7,349,1.469229264399394,-7.558529312547013
2018-10-05 22:00:00,22.5,79,18.8,0.0,40,0.0,5.9,346,1.4273391840380405,-5.72474478502838
2018-10-05 23:00:00,23.5,72,18.1,0.0,48,0.0,2.0,315,1.4142135623730954,-1.4142135623730947
2018-10-06 00:00:00,22.7,76,18.4,0.0,34,0.0,2.9,210,1.4500000000000002,2.511473670974872
2018-10-06 01:00:00,22.3,79,18.5,0.0,50,0.0,4.4,215,2.5237363199446032,3.604268994871564
2018-10-06 02:00:00,22.9,76,18.4,0.0,46,0.0,3.2,243,2.851220877402777,1.45276959916655
2018-10-06 03:00:00,22.6,78,18.5,0.0,34,0.0,3.8,311,2.8678964048465345,-2.4930243101639267
2018-10-06 04:00:00,21.2,86,18.8,0.0,43,0.0,6.3,347,1.4171916423663515,-6.1385314081469815
2018-10-06 05:00:00,21.3,86,18.8,0.0,41,0.0,7.2,354,0.7526049355271046,-7.160557646651568
2018-10-06 06:00:00,21.5,86,19.0,0.0,38,0.0,7.9,357,0.4134540543192605,-7.889173324561134
2018-10-06 07:00:00,22.7,85,20.0,0.0,45,38.0,7.6,360,1.8614631347039767e-15,-7.6
2018-10-06 08:00:00,25.0,71,19.3,0.0,34,168.0,7.4,346,1.7902220274375422,-7.180188374442374
2018-10-06 09:00:00,26.1,65,18.9,0.0,23,349.0,8.6,338,3.221616703376846,-7.97378114927437
2018-10-06 10:00:00,26.8,63,19.3,0.0,23,515.0,9.2,329,4.738350289172501,-7.885939166459431
2018-10-06 11:00:00,27.5,63,19.8,0.0,16,654.0,10.1,325,5.79312200714557,-8.273435647318815
2018-10-06 12:00:00,27.9,63,20.3,0.0,24,673.0,11.0,328,5.829111906565255,-9.328529057720685
2018-10-06 13:00:00,28.1,64,20.7,0.0,33,576.0,12.4,330,6.2000000000000055,-10.738715006927036
2018-10-06 14:00:00,28.3,64,20.9,0.0,22,561.0,13.6,338,5.094649670456408,-12.609700422108308
2018-10-06 15:00:00,28.4,66,21.6,0.0,15,365.0,13.2,349,2.5186787389703893,-12.957478821509165
2018-10-06 16:00:00,28.1,68,21.6,0.0,16,250.0,11.9,5,-1.037153338697132,-11.854716907291772
2018-10-06 17:00:00,27.5,71,21.7,0.0,16,99.0,9.4,7,-1.1455718280083864,-9.329933825428428
2018-10-06 18:00:00,26.6,75,21.7,0.0,17,8.0,8.7,24,-3.5386087947594613,-7.947845481490627
2018-10-06 19:00:00,25.8,78,21.8,0.0,16,0.0,8.0,36,-4.702282018339785,-6.47213595499958
2018-10-06 20:00:00,25.3,82,22.0,0.0,23,0.0,7.7,49,-5.811263767715345,-5.051654523226906
2018-10-06 21:00:00,24.9,84,22.0,0.0,16,0.0,6.9,51,-5.3623071340531,-4.342310698243879
2018-10-06 22:00:00,24.3,86,21.9,0.0,19,0.0,5.4,42,-3.613305274337834,-4.012982057577929
2018-10-06 23:00:00,24.2,87,21.9,0.0,22,0.0,4.3,24,-1.7489675652259409,-3.928245467863184
2018-10-07 00:00:00,24.1,87,21.8,0.0,19,0.0,4.7,23,-1.8364363038995868,-4.32637281122647
2018-10-07 01:00:00,24.1,86,21.7,0.0,23,0.0,5.2,25,-2.197614961051637,-4.71280049259058
2018-10-07 02:00:00,23.6,89,21.6,0.0,19,0.0,5.5,23,-2.149021206691006,-5.062776693988422
2018-10-07 03:00:00,23.0,91,21.4,0.0,14,0.0,6.3,13,-1.4171916423663495,-6.1385314081469815
2018-10-07 04:00:00,22.9,92,21.5,0.0,17,0.0,6.9,9,-1.079397808777593,-6.815049550106451
2018-10-07 05:00:00,22.8,93,21.5,0.0,11,0.0,6.9,9,-1.079397808777593,-6.815049550106451
2018-10-07 06:00:00,22.5,95,21.6,0.0,10,0.0,6.6,351,1.0324674692655251,-6.5187430479279085
2018-10-07 07:00:00,23.1,94,22.0,0.0,7,33.0,8.3,18,-2.564841053312064,-7.893769085249775
2018-10-07 08:00:00,25.0,85,22.2,0.0,6,138.0,7.6,19,-2.474317973874391,-7.185941174554808
2018-10-07 09:00:00,26.2,76,21.6,0.0,6,336.0,7.8,13,-1.754618223882147,-7.600086505324834
2018-10-07 10:00:00,27.2,72,21.6,0.0,10,475.0,7.9,3,-0.4134540543192563,-7.889173324561134
2018-10-07 11:00:00,27.8,69,21.6,0.0,11,475.0,8.8,348,1.829622879196287,-8.60769888645749
2018-10-07 12:00:00,28.6,66,21.7,0.0,20,668.0,10.3,348,2.141490415422927,-10.074920287558198
2018-10-07 13:00:00,28.7,67,21.8,0.0,26,533.0,10.1,356,0.7045403848156689,-10.075396907624224
2018-10-07 14:00:00,28.6,67,21.9,0.0,21,548.0,11.5,358,0.4013442120787595,-11.4929945107196
2018-10-07 15:00:00,28.7,67,22.0,0.0,26,425.0,11.9,357,0.622797879291038,-11.88369146357943
2018-10-07 16:00:00,28.3,69,21.9,0.0,6,258.0,12.6,360,3.08610993385133e-15,-12.6
2018-10-07 17:00:00,27.5,72,22.0,0.0,10,96.0,9.5,11,-1.812685456077176,-9.325458242752807
2018-10-07 18:00:00,26.7,76,22.1,0.0,11,8.0,10.1,2,-0.3524849166952598,-10.093847352892867
2018-10-07 19:00:00,25.8,81,22.2,0.0,13,0.0,9.4,7,-1.1455718280083864,-9.329933825428428
2018-10-07 20:00:00,25.1,85,22.3,0.0,18,0.0,9.0,2,-0.3140954703225087,-8.994517443171862
2018-10-07 21:00:00,24.5,88,22.3,0.0,18,0.0,9.0,360,2.204364238465236e-15,-9.0
2018-10-07 22:00:00,24.3,89,22.4,0.0,12,0.0,7.6,3,-0.3977532674463731,-7.589584464134761
2018-10-07 23:00:00,24.0,91,22.4,0.0,9,0.0,7.6,3,-0.3977532674463731,-7.589584464134761
2018-10-08 00:00:00,23.9,92,22.4,0.0,7,0.0,7.2,6,-0.7526049355271051,-7.160557646651568
2018-10-08 01:00:00,23.6,93,22.4,0.0,10,0.0,6.9,9,-1.079397808777593,-6.815049550106451
2018-10-08 02:00:00,23.5,93,22.3,0.0,10,0.0,7.1,15,-1.8376152202278973,-6.858073366652385
2018-10-08 03:00:00,22.9,94,21.9,0.0,12,0.0,7.9,16,-2.177535110954293,-7.59396739791272
2018-10-08 04:00:00,22.7,94,21.8,0.0,11,0.0,8.1,13,-1.8221035401853063,-7.892397524760405
2018-10-08 05:00:00,22.6,95,21.8,0.0,11,0.0,8.1,13,-1.8221035401853063,-7.892397524760405
2018-10-08 06:00:00,22.6,95,21.8,0.0,5,0.0,8.0,5,-0.6972459419812653,-7.969557584733964
2018-10-08 07:00:00,23.2,93,22.0,0.0,6,31.0,8.4,10,-1.458644692402215,-8.272385125302547
2018-10-08 08:00:00,24.8,84,22.0,0.0,7,99.0,8.5,12,-1.7672493719509543,-8.314254606237348
2018-10-08 09:00:00,26.3,77,22.0,0.0,5,369.0,8.7,5,-0.7582549619046259,-8.666893873398186
2018-10-08 10:00:00,27.4,73,22.2,0.0,10,521.0,8.6,358,0.300135671641507,-8.594761112364223
2018-10-08 11:00:00,28.3,70,22.2,0.0,14,619.0,9.3,344,2.5634274090980904,-8.939733772226367
2018-10-08 12:00:00,28.7,68,22.1,0.0,23,612.0,11.1,347,2.496956703216905,-10.815507719116107
2018-10-08 13:00:00,28.9,67,22.2,0.0,20,662.0,11.9,358,0.4153040107597598,-11.89275084152724
2018-10-08 14:00:00,28.8,68,22.2,0.0,21,527.0,11.5,4,-0.802199448057441,-11.47198657798798
2018-10-08 15:00:00,28.3,70,22.3,0.0,20,432.0,11.5,2,-0.4013442120787611,-11.4929945107196
2018-10-08 16:00:00,28.0,70,22.1,0.0,33,289.0,13.0,358,0.4536934571325107,-12.992080751248244
2018-10-08 17:00:00,27.3,74,22.3,0.0,30,106.0,12.6,3,-0.6594330486610923,-12.58273213790763
2018-10-08 18:00:00,26.4,79,22.4,0.0,23,8.0,10.5,356,0.7324429743133192,-10.474422527728152
2018-10-08 19:00:00,25.7,83,22.6,0.0,14,0.0,10.1,360,2.473786534277653e-15,-10.1
2018-10-08 20:00:00,25.1,87,22.7,0.0,8,0.0,10.1,360,2.473786534277653e-15,-10.1
2018-10-08 21:00:00,24.6,90,22.8,0.0,10,0.0,9.0,360,2.204364238465236e-15,-9.0
2018-10-08 22:00:00,24.2,92,22.8,0.0,9,0.0,8.6,2,-0.3001356716415083,-8.594761112364223
2018-10-08 23:00:00,23.8,94,22.7,0.0,17,0.0,8.7,7,-1.060263287624783,-8.6351515192795
2018-10-09 00:00:00,23.6,94,22.7,0.0,20,0.0,8.8,9,-1.3766232923540318,-8.691657397237213
2018-10-09 01:00:00,23.5,95,22.6,0.0,35,0.0,8.6,15,-2.2258437878816784,-8.306962106085987
2018-10-09 02:00:00,23.4,95,22.5,0.0,32,0.0,8.3,18,-2.564841053312064,-7.893769085249775
2018-10-09 03:00:00,23.5,93,22.3,0.0,26,0.0,7.4,23,-2.891410350820626,-6.811735915548059
2018-10-09 04:00:00,23.5,92,22.2,0.0,24,0.0,6.4,27,-2.9055391983331,-5.702441754805555
2018-10-09 05:00:00,23.5,92,22.1,0.0,12,0.0,7.1,24,-2.887830165838181,-6.486172749262466
2018-10-09 06:00:00,23.1,94,22.1,0.0,6,0.0,6.6,351,1.0324674692655251,-6.5187430479279085
2018-10-09 07:00:00,24.0,92,22.6,0.0,12,36.0,6.5,357,0.3401837155791384,-6.49109197590473
2018-10-09 08:00:00,25.5,83,22.4,0.0,7,171.0,6.5,357,0.3401837155791384,-6.49109197590473
2018-10-09 09:00:00,26.5,79,22.6,0.0,32,330.0,4.9,343,1.4326213531414125,-4.685893304218873
2018-10-09 10:00:00,27.4,74,22.4,0.0,63,479.0,4.6,315,3.2526911934581197,-3.252691193458117
2018-10-09 11:00:00,28.1,71,22.3,0.0,64,567.0,5.6,315,3.9597979746446663,-3.959797974644665
2018-10-09 12:00:00,28.4,70,22.3,0.0,35,611.0,8.7,315,6.151828996322965,-6.151828996322961
2018-10-09 13:00:00,28.3,70,22.2,0.0,24,517.0,8.8,325,5.047472639889209,-7.208537989743126
2018-10-09 14:00:00,28.1,70,22.2,0.0,22,469.0,7.4,346,1.7902220274375422,-7.180188374442374
2018-10-09 15:00:00,28.3,69,22.0,0.0,42,316.0,5.4,352,0.7515347451843558,-5.34744757120448
2018-10-09 16:00:00,28.2,69,22.0,0.0,27,192.0,5.8,338,2.172718241812292,-5.377666356487366
2018-10-09 17:00:00,27.7,71,22.1,0.0,23,83.0,5.8,338,2.172718241812292,-5.377666356487366
2018-10-09 18:00:00,27.0,76,22.3,0.0,16,7.0,7.5,343,2.1927877854205287,-7.172285669722765
2018-10-09 19:00:00,26.3,80,22.6,0.0,21,0.0,7.3,11,-1.392905666248777,-7.165878439167947
2018-10-09 20:00:00,25.7,84,22.8,0.0,16,0.0,7.3,20,-2.496747046277381,-6.859756131737131
2018-10-09 21:00:00,25.3,86,22.8,0.0,17,0.0,6.3,31,-3.244739871933341,-5.400153994423308
2018-10-09 22:00:00,24.9,89,23.0,0.0,14,0.0,4.8,27,-2.1791543987498243,-4.276831316104166
2018-10-09 23:00:00,25.1,87,22.8,0.0,11,0.0,4.1,52,-3.23084408978756,-2.524212048835199
2018-10-10 00:00:00,25.0,88,22.9,0.0,13,0.0,4.3,95,-4.283637201794505,0.3747696938149304
2018-10-10 01:00:00,23.6,94,22.6,0.0,15,0.0,3.0,76,-2.910887178827989,-0.725765686799003
2018-10-10 02:00:00,23.8,94,22.8,0.0,15,0.0,2.6,34,-1.453901549023942,-2.1554976886431088
2018-10-10 03:00:00,23.6,93,22.5,0.0,13,0.0,3.8,41,-2.493024310163928,-2.8678964048465336
2018-10-10 04:00:00,23.7,93,22.5,0.0,4,0.0,4.3,24,-1.7489675652259409,-3.928245467863184
2018-10-10 05:00:00,23.6,94,22.5,0.0,14,0.0,4.0,10,-0.6945927106677213,-3.939231012048832
2018-10-10 06:00:00,23.4,94,22.4,0.0,15,0.0,6.7,344,1.8467702839738929,-6.440453362786736
2018-10-10 07:00:00,24.1,93,23.0,0.0,29,24.0,5.8,7,-0.7068421917498553,-5.756767679519667
2018-10-10 08:00:00,25.8,82,22.5,0.0,36,134.0,6.5,360,1.5920408388915589e-15,-6.5
2018-10-10 09:00:00,26.7,78,22.5,0.0,35,275.0,8.0,352,1.113384807680527,-7.922144549932562
2018-10-10 10:00:00,27.5,73,22.3,0.0,28,355.0,9.0,344,2.48073620235299,-8.65135526344487
2018-10-10 11:00:00,28.1,70,22.2,0.0,37,483.0,8.2,337,3.203995253612045,-7.548139798310009
2018-10-10 12:00:00,28.5,68,22.1,0.0,42,505.0,7.3,327,3.9758649556096968,-6.122295146001595
2018-10-10 13:00:00,28.3,69,22.0,0.0,51,434.0,9.1,326,5.088655421583794,-7.54424191025088
2018-10-10 14:00:00,28.3,69,22.0,0.0,54,542.0,10.2,342,3.151973342624466,-9.700776466210565
2018-10-10 15:00:00,27.9,69,21.6,0.0,41,360.0,10.4,358,0.3629547657060086,-10.393664600998596
2018-10-10 16:00:00,27.4,70,21.5,0.0,46,177.0,10.9,8,-1.5169868004647131,-10.793921949283115
2018-10-10 17:00:00,26.6,73,21.4,0.0,57,69.0,9.3,13,-2.092044805397945,-9.06164160250269
2018-10-10 18:00:00,25.9,77,21.6,0.0,46,5.0,7.9,16,-2.177535110954293,-7.59396739791272
2018-10-10 19:00:00,25.2,81,21.7,0.0,46,0.0,9.0,23,-3.516580156403464,-8.284543681071963
2018-10-10 20:00:00,24.8,83,21.7,0.0,51,0.0,8.5,12,-1.7672493719509543,-8.314254606237348
2018-10-10 21:00:00,24.5,84,21.6,0.0,35,0.0,8.7,17,-2.543633831087809,-8.319851376878407
2018-10-10 22:00:00,24.2,85,21.5,0.0,29,0.0,7.0,21,-2.5085756468171017,-6.535062985480412
2018-10-10 23:00:00,24.0,86,21.5,0.0,24,0.0,5.2,348,1.0811407922523513,-5.086367523815789
2018-10-11 00:00:00,23.8,88,21.8,0.0,37,0.0,9.3,344,2.5634274090980904,-8.939733772226367
2018-10-11 01:00:00,23.6,89,21.7,0.0,72,0.0,14.1,357,0.7379369830255156,-14.080676440039491
2018-10-11 02:00:00,23.4,89,21.6,0.0,100,0.0,15.2,7,-1.8524140197582413,-15.086701504948094
2018-10-11 03:00:00,23.3,90,21.6,0.0,61,0.0,15.7,11,-2.9957012274117534,-15.411546780128324
2018-10-11 04:00:00,23.3,90,21.5,0.0,63,0.0,15.7,11,-2.9957012274117534,-15.411546780128324
2018-10-11 05:00:00,23.2,89,21.4,0.0,54,0.0,16.3,6,-1.7038139512627517,-16.210706894502856
2018-10-11 06:00:00,23.1,90,21.3,0.0,34,0.0,17.3,5,-1.5077943495344863,-17.234168276987198
2018-10-11 07:00:00,23.4,87,21.2,0.0,37,19.0,19.1,3,-0.9996167642402272,-19.07382411381236
2018-10-11 08:00:00,24.1,83,21.0,0.0,40,110.0,22.0,5,-1.91742634044848,-21.9162833580184
2018-10-11 09:00:00,25.0,77,20.7,0.0,33,179.0,21.9,9,-3.425914784381056,-21.63037465903352
2018-10-11 10:00:00,26.2,71,20.5,0.0,31,413.0,19.0,10,-3.2993153756716764,-18.711347307231957
2018-10-11 11:00:00,26.9,68,20.4,0.0,36,387.0,16.9,2,-0.5898014942722664,-16.889704976622717
2018-10-11 12:00:00,27.0,67,20.3,0.0,39,267.0,17.3,359,0.3019266313650056,-17.29736512620557
2018-10-11 13:00:00,26.7,67,20.2,0.0,37,215.0,18.0,359,0.3141433158711041,-17.997258512815044
2018-10-11 14:00:00,26.4,68,20.1,0.0,44,137.0,19.8,359,0.3455576474582145,-19.79698436409655
2018-10-11 15:00:00,26.9,67,20.3,0.0,46,197.0,21.6,2,-0.753829128774021,-21.58684186361247
2018-10-11 16:00:00,26.1,69,20.1,0.0,67,101.0,20.3,6,-2.1219278043333656,-20.18879447597595
2018-10-11 17:00:00,25.4,72,20.0,0.0,77,38.0,17.4,6,-1.8187952608571705,-17.304680979407955
2018-10-11 18:00:00,24.5,75,19.8,0.0,89,3.0,19.1,3,-0.9996167642402272,-19.07382411381236
2018-10-11 19:00:00,24.0,77,19.6,0.0,75,0.0,17.4,7,-2.120526575249566,-17.270303038559
2018-10-11 20:00:00,23.7,78,19.5,0.0,41,0.0,14.8,360,3.624954525476166e-15,-14.8
2018-10-11 21:00:00,23.5,79,19.6,0.0,39,0.0,14.8,357,0.7745721523955768,-14.779717114367694
2018-10-11 22:00:00,23.4,79,19.6,0.0,48,0.0,14.0,359,0.2443336901219698,-13.997867732189478
2018-10-11 23:00:00,23.3,80,19.6,0.0,68,0.0,13.3,2,-0.4641633061432629,-13.291897999353974
2018-10-12 00:00:00,23.2,80,19.6,0.0,87,0.0,12.1,10,-2.101142949769857,-11.916173811447717
2018-10-12 01:00:00,23.2,81,19.7,0.0,96,0.0,9.7,15,-2.510544737494451,-9.369480515003962
2018-10-12 02:00:00,23.2,82,19.9,0.2,84,0.0,8.8,9,-1.3766232923540318,-8.691657397237213
2018-10-12 03:00:00,23.1,81,19.6,0.3,88,0.0,10.1,6,-1.0557374790033,-10.04467114321956
2018-10-12 04:00:00,23.0,81,19.6,0.7,86,0.0,11.0,11,-2.0988989491419927,-10.797899017924305
2018-10-12 05:00:00,22.7,83,19.8,0.5,80,0.0,9.4,7,-1.1455718280083864,-9.329933825428428
2018-10-12 06:00:00,22.6,85,19.9,0.9,61,0.0,10.2,18,-3.1519733426244634,-9.700776466210565
2018-10-12 07:00:00,22.8,85,20.2,0.6,51,4.0,10.0,15,-2.5881904510252074,-9.659258262890685
2018-10-12 08:00:00,23.3,84,20.4,0.8,26,35.0,10.9,354,1.1393602496174222,-10.84028865951418
2018-10-12 09:00:00,23.7,83,20.5,0.7,32,50.0,14.9,340,5.096100135552462,-14.001420049710037
2018-10-12 10:00:00,24.2,81,20.6,0.5,43,124.0,15.9,354,1.6620025659556894,-15.812898136355546
2018-10-12 11:00:00,25.2,77,20.8,0.5,40,300.0,13.7,2,-0.4781231048242632,-13.691654330161612
2018-10-12 12:00:00,25.3,76,20.8,1.0,40,158.0,12.6,2,-0.4397336584515122,-12.592324420440606
2018-10-12 13:00:00,25.8,74,20.9,0.0,42,255.0,10.9,6,-1.1393602496174229,-10.84028865951418
2018-10-12 14:00:00,25.8,73,20.6,0.0,56,131.0,11.5,2,-0.4013442120787611,-11.4929945107196
2018-10-12 15:00:00,25.3,76,20.7,0.3,65,44.0,13.0,2,-0.4536934571325126,-12.992080751248244
2018-10-12 16:00:00,25.1,76,20.6,0.0,49,112.0,13.4,6,-1.4006814077865566,-13.326593397934865
2018-10-12 17:00:00,24.5,79,20.6,0.0,44,43.0,12.8,11,-2.4423551408197737,-12.5648279481301
2018-10-12 18:00:00,23.7,82,20.5,0.2,29,3.0,12.4,10,-2.1532374030699364,-12.21161613735138
2018-10-12 19:00:00,23.2,85,20.5,0.3,37,0.0,13.0,3,-0.6803674311582698,-12.98218395180946
2018-10-12 20:00:00,22.9,86,20.5,0.0,55,0.0,13.0,358,0.4536934571325107,-12.992080751248244
2018-10-12 21:00:00,22.8,87,20.6,0.0,66,0.0,13.7,360,3.355532229663748e-15,-13.7
2018-10-12 22:00:00,22.7,88,20.6,0.0,54,0.0,13.0,6,-1.3588700224794952,-12.928784639787551
2018-10-12 23:00:00,22.6,88,20.5,0.0,48,0.0,10.1,6,-1.0557374790033,-10.04467114321956
2018-10-13 00:00:00,22.1,90,20.5,0.0,35,0.0,10.5,354,1.0975488643103608,-10.44247990136687
2018-10-13 01:00:00,22.0,91,20.4,0.0,53,0.0,11.9,358,0.4153040107597598,-11.89275084152724
2018-10-13 02:00:00,21.7,92,20.3,0.0,49,0.0,12.3,5,-1.0720156357961954,-12.253194786528471
2018-10-13 03:00:00,22.4,88,20.3,0.0,49,0.0,10.2,10,-1.7712114122026892,-10.04503908072452
2018-10-13 04:00:00,22.4,88,20.3,0.0,48,0.0,9.1,7,-1.109011024986842,-9.032169979936029
2018-10-13 05:00:00,22.4,88,20.3,0.0,27,0.0,8.7,7,-1.060263287624783,-8.6351515192795
2018-10-13 06:00:00,22.3,89,20.4,0.0,33,0.0,9.1,9,-1.4235536318661008,-8.987963899415753
2018-10-13 07:00:00,22.7,88,20.6,0.0,29,16.0,10.2,8,-1.419565629792667,-10.100734301164016
2018-10-13 08:00:00,24.1,81,20.7,0.0,50,134.0,9.0,360,2.204364238465236e-15,-9.0
2018-10-13 09:00:00,25.3,75,20.5,0.0,54,294.0,9.8,354,1.0243789400230034,-9.746314574609078
2018-10-13 10:00:00,26.4,70,20.5,0.0,38,455.0,9.5,351,1.4861274178821953,-9.383039235653808
2018-10-13 11:00:00,27.2,67,20.6,0.0,32,605.0,8.7,343,2.543633831087813,-8.319851376878407
2018-10-13 12:00:00,27.8,65,20.7,0.0,11,688.0,9.3,332,4.366085533908785,-8.211412613588022
2018-10-13 13:00:00,28.0,65,20.7,0.0,13,593.0,10.3,331,4.99353908853727,-9.008582983535778
2018-10-13 14:00:00,28.0,64,20.6,0.0,16,471.0,10.9,343,3.186851581477835,-10.423721839997086
2018-10-13 15:00:00,27.6,65,20.5,0.0,14,270.0,11.6,355,1.0110066158728364,-11.555858497864248
2018-10-13 16:00:00,27.2,67,20.6,0.0,14,199.0,11.9,358,0.4153040107597598,-11.89275084152724
2018-10-13 17:00:00,26.6,71,20.8,0.0,35,74.0,10.8,360,2.645237086158283e-15,-10.8
2018-10-13 18:00:00,25.7,75,20.9,0.0,47,4.0,8.6,2,-0.3001356716415083,-8.594761112364223
2018-10-13 19:00:00,25.2,78,21.1,0.0,60,0.0,8.6,2,-0.3001356716415083,-8.594761112364223
2018-10-13 20:00:00,24.8,80,21.2,0.0,53,0.0,9.1,353,1.1090110249868397,-9.03216997993603
2018-10-13 21:00:00,24.5,83,21.4,0.0,28,0.0,8.6,358,0.300135671641507,-8.594761112364223
2018-10-13 22:00:00,24.2,85,21.6,0.0,47,0.0,7.6,357,0.3977532674463772,-7.589584464134761
2018-10-13 23:00:00,23.7,89,21.7,0.0,41,0.0,4.8,347,1.0797650608505536,-4.6769763109691285
2018-10-14 00:00:00,23.0,92,21.6,0.0,32,0.0,7.3,340,2.4967470462773806,-6.859756131737131
2018-10-14 01:00:00,22.7,92,21.4,0.0,24,0.0,7.3,349,1.392905666248776,-7.165878439167947
2018-10-14 02:00:00,22.7,93,21.5,0.0,28,0.0,7.9,360,1.934941942652818e-15,-7.9
2018-10-14 03:00:00,22.8,94,21.7,0.0,20,0.0,6.7,16,-1.8467702839738944,-6.440453362786736
2018-10-14 04:00:00,22.5,94,21.5,0.0,19,0.0,4.8,27,-2.1791543987498243,-4.276831316104166
2018-10-14 05:00:00,22.2,96,21.5,0.0,15,0.0,4.3,24,-1.7489675652259409,-3.928245467863184
2018-10-14 06:00:00,22.1,96,21.4,0.0,50,0.0,4.7,337,1.8364363038995872,-4.326372811226469
2018-10-14 07:00:00,23.1,93,22.0,0.0,41,31.0,2.2,9,-0.3441558230885079,-2.1729143493093037
2018-10-14 08:00:00,25.1,83,22.0,0.0,33,159.0,2.3,309,1.7874357113510326,-1.447436899414626
2018-10-14 09:00:00,26.3,77,21.8,0.0,20,313.0,4.4,305,3.604268994871564,-2.523736319944603
2018-10-14 10:00:00,27.3,71,21.6,0.0,14,487.0,6.4,313,4.680663690362691,-4.364789504399991
2018-10-14 11:00:00,28.1,67,21.3,0.0,9,576.0,5.4,323,3.2498011250210608,-4.312631754255381
2018-10-14 12:00:00,28.5,65,21.3,0.0,10,606.0,5.9,317,4.02379032436874,-4.314986839553107
2018-10-14 13:00:00,28.7,65,21.4,0.0,23,540.0,8.8,325,5.047472639889209,-7.208537989743126
2018-10-14 14:00:00,28.8,65,21.5,0.0,20,467.0,11.0,341,3.5812496990287235,-10.400704331592486
2018-10-14 15:00:00,28.3,65,21.2,0.0,29,349.0,12.9,347,2.9018686010358627,-12.569373835729534
2018-10-14 16:00:00,27.9,67,21.2,0.0,31,228.0,14.0,348,2.9107636714486382,-13.694066410273278
2018-10-14 17:00:00,27.1,71,21.5,0.0,26,71.0,12.5,348,2.5988961352219984,-12.22684500917257
2018-10-14 18:00:00,26.2,76,21.6,0.0,32,4.0,10.6,350,1.840670683269462,-10.438962181929403
2018-10-14 19:00:00,25.6,80,21.9,0.0,20,0.0,11.4,349,2.175222547292609,-11.19054989130337
2018-10-14 20:00:00,25.2,84,22.3,0.0,15,0.0,13.9,343,4.063966695646046,-13.29263610788619
2018-10-14 21:00:00,24.7,88,22.6,0.0,4,0.0,15.0,349,2.86213493064817,-14.72440775171496
2018-10-14 22:00:00,24.4,91,22.8,0.0,1,0.0,14.1,354,1.473851332073913,-14.022758724692652
2018-10-14 23:00:00,24.0,93,22.9,0.0,10,0.0,13.0,355,1.1330246557195582,-12.950531075192693
2018-10-15 00:00:00,23.7,95,22.8,0.0,15,0.0,13.0,357,0.6803674311582768,-12.98218395180946
2018-10-15 01:00:00,23.5,96,22.9,0.0,19,0.0,13.0,354,1.3588700224794945,-12.928784639787551
2018-10-15 02:00:00,23.4,97,22.9,0.0,18,0.0,13.0,355,1.1330246557195582,-12.950531075192693
2018-10-15 03:00:00,23.5,95,22.7,0.0,8,0.0,13.4,355,1.1678869528186215,-13.34900895442939
2018-10-15 04:00:00,23.5,95,22.7,0.0,5,0.0,13.7,355,1.1940336756429188,-13.647867363856914
2018-10-15 05:00:00,23.4,94,22.5,0.0,8,0.0,13.4,355,1.1678869528186215,-13.34900895442939
2018-10-15 06:00:00,23.4,93,22.2,0.0,5,0.0,13.4,354,1.4006814077865557,-13.326593397934865
2018-10-15 07:00:00,23.9,90,22.2,0.0,5,36.0,13.8,354,1.442492793093617,-13.724402156082173
2018-10-15 08:00:00,25.3,82,22.0,0.0,5,163.0,13.7,357,0.7170026005283379,-13.68122462613766
2018-10-15 09:00:00,26.6,75,21.8,0.0,3,361.0,12.6,355,1.0981623586204947,-12.552053195955994
2018-10-15 10:00:00,27.7,70,21.6,0.0,1,520.0,10.9,352,1.5169868004647182,-10.793921949283115
2018-10-15 11:00:00,28.5,66,21.6,0.0,1,663.0,9.1,351,1.4235536318661028,-8.987963899415753
2018-10-15 12:00:00,28.9,65,21.7,0.0,3,618.0,9.1,342,2.812054648812024,-8.654614298285896
2018-10-15 13:00:00,29.2,65,21.9,0.0,4,635.0,10.0,339,3.583679495453008,-9.335804264972015
2018-10-15 14:00:00,29.0,66,22.0,0.0,6,493.0,9.4,337,3.6728726077991753,-8.652745622452938
2018-10-15 15:00:00,28.7,68,22.2,0.0,5,403.0,9.2,339,3.296985135816767,-8.588939923774253
2018-10-15 16:00:00,28.3,70,22.2,0.0,9,251.0,10.0,339,3.583679495453008,-9.335804264972015
2018-10-15 17:00:00,27.5,73,22.3,0.0,8,84.0,10.4,346,2.515987714236546,-10.091075553270365
2018-10-15 18:00:00,26.6,78,22.4,0.0,14,4.0,9.7,345,2.5105447374944503,-9.369480515003962
2018-10-15 19:00:00,25.9,82,22.5,0.0,14,0.0,8.6,358,0.300135671641507,-8.594761112364223
2018-10-15 20:00:00,25.4,84,22.6,0.0,24,0.0,8.3,360,2.0329136865846065e-15,-8.3
2018-10-15 21:00:00,24.9,87,22.7,0.0,47,0.0,8.1,13,-1.8221035401853063,-7.892397524760405
2018-10-15 22:00:00,24.5,90,22.7,0.0,53,0.0,7.3,20,-2.496747046277381,-6.859756131737131
2018-10-15 23:00:00,23.9,93,22.7,0.0,44,0.0,5.0,30,-2.5,-4.330127018922194
2018-10-16 00:00:00,23.6,94,22.7,0.0,45,0.0,4.4,9,-0.6883116461770159,-4.345828698618607
2018-10-16 01:00:00,23.5,95,22.6,0.0,45,0.0,6.1,357,0.3192493330819606,-6.0916401620029
2018-10-16 02:00:00,23.4,94,22.4,0.0,54,0.0,6.1,360,1.4940690949597709e-15,-6.1
2018-10-16 03:00:00,23.6,93,22.4,0.0,45,0.0,6.5,360,1.5920408388915589e-15,-6.5
2018-10-16 04:00:00,23.6,93,22.4,0.0,48,0.0,6.8,357,0.3558845024520217,-6.790680836331102
2018-10-16 05:00:00,23.5,93,22.3,0.0,39,0.0,7.2,354,0.7526049355271046,-7.160557646651568
2018-10-16 06:00:00,23.3,94,22.3,0.0,53,0.0,8.2,337,3.203995253612045,-7.548139798310009
2018-10-16 07:00:00,23.8,92,22.4,0.0,39,34.0,10.6,342,3.275580140374445,-10.081199072728626
2018-10-16 08:00:00,25.3,85,22.5,0.0,24,164.0,11.7,349,2.2324652459055723,-11.485038046337667
2018-10-16 09:00:00,26.5,78,22.4,0.0,21,352.0,12.8,349,2.442355140819772,-12.5648279481301
2018-10-16 10:00:00,27.5,73,22.3,0.0,12,475.0,13.6,348,2.827598995121534,-13.302807369979757
2018-10-16 11:00:00,28.2,70,22.1,0.0,3,555.0,14.8,347,3.329275604289207,-14.42067695882148
2018-10-16 12:00:00,28.4,69,22.2,0.0,16,593.0,15.2,346,3.6772128131149513,-14.748495039395143
2018-10-16 13:00:00,28.4,69,22.2,0.0,13,590.0,15.9,342,4.913370210561668,-15.12179860909294
2018-10-16 14:00:00,28.2,70,22.2,0.0,15,507.0,17.7,340,6.053756536864334,-16.63255938791058
2018-10-16 15:00:00,27.9,71,22.1,0.0,13,402.0,19.8,344,5.457619645176579,-19.032981579578717
2018-10-16 16:00:00,27.2,73,21.9,0.0,14,204.0,20.5,350,3.559787642172073,-20.188558936750265
2018-10-16 17:00:00,26.5,75,21.6,0.0,22,78.0,17.7,356,1.2346895852710238,-17.65688368959889
2018-10-16 18:00:00,25.6,78,21.5,0.0,16,3.0,17.5,352,2.435529266801153,-17.32969120297748
2018-10-16 19:00:00,25.0,81,21.5,0.0,13,0.0,16.3,352,2.268521545649074,-16.141369520487597
2018-10-16 20:00:00,24.4,84,21.6,0.0,11,0.0,15.2,353,1.8524140197582375,-15.086701504948095
2018-10-16 21:00:00,24.0,86,21.6,0.0,10,0.0,14.5,353,1.7671054793746348,-14.39191919879917
2018-10-16 22:00:00,23.7,89,21.7,0.0,4,0.0,13.8,353,1.681796938991032,-13.697136892650246
2018-10-16 23:00:00,23.5,90,21.7,0.0,8,0.0,14.2,351,2.221369403571281,-14.025174436450952
2018-10-17 00:00:00,23.2,92,21.8,0.0,4,0.0,14.5,353,1.7671054793746348,-14.39191919879917
2018-10-17 01:00:00,23.0,92,21.7,0.0,14,0.0,13.3,357,0.6960682180311601,-13.281772812235833
2018-10-17 02:00:00,22.9,92,21.6,0.0,10,0.0,12.6,357,0.659433048661099,-12.58273213790763
2018-10-17 03:00:00,23.1,92,21.8,0.0,13,0.0,11.5,358,0.4013442120787595,-11.4929945107196
2018-10-17 04:00:00,23.0,93,21.8,0.0,15,0.0,9.7,358,0.3385251180142579,-9.694091022085228
2018-10-17 05:00:00,22.9,93,21.8,0.0,13,0.0,10.3,348,2.141490415422927,-10.074920287558198
2018-10-17 06:00:00,22.9,93,21.8,0.0,26,0.0,14.1,345,3.6493485359455415,-13.619554150675864
2018-10-17 07:00:00,23.4,91,21.8,0.0,18,34.0,14.8,354,1.5470212563612706,-14.718924051450443
2018-10-17 08:00:00,24.6,84,21.7,0.0,25,171.0,15.1,1,-0.263531337202981,-15.097700196861508
2018-10-17 09:00:00,25.8,77,21.4,0.0,20,337.0,14.4,356,1.0044932219154092,-14.36492232374147
2018-10-17 10:00:00,26.8,72,21.3,0.0,14,513.0,15.2,356,1.0602984009107097,-15.162973563949327
2018-10-17 11:00:00,27.4,69,21.3,0.0,15,605.0,15.6,352,2.171100374977028,-15.448181872368496
2018-10-17 12:00:00,27.8,68,21.5,0.0,27,651.0,16.8,351,2.6280990126758823,-16.593164121998313
2018-10-17 13:00:00,28.2,67,21.4,0.0,48,602.0,17.8,352,2.4772811970891726,-17.62677162359995
2018-10-17 14:00:00,27.9,68,21.4,0.0,50,396.0,19.1,356,1.3323486485127998,-19.053473359962645
2018-10-17 15:00:00,26.5,71,20.9,0.0,70,176.0,19.8,360,4.849601324623519e-15,-19.8
2018-10-17 16:00:00,25.7,74,20.8,0.0,53,87.0,18.7,2,-0.6526205883367681,-18.68860846525709
2018-10-17 17:00:00,24.9,77,20.6,0.0,47,24.0,16.2,4,-1.1300548746548298,-16.16053761420915
2018-10-17 18:00:00,24.4,79,20.6,0.0,44,1.0,16.2,359,0.2827289842839937,-16.197532661533536
2018-10-17 19:00:00,24.0,81,20.6,0.0,55,0.0,15.5,3,-0.8112073217656295,-15.478757788695894
2018-10-17 20:00:00,23.7,83,20.6,0.0,65,0.0,14.4,1,-0.2513146526968826,-14.397806810252035
2018-10-17 21:00:00,23.6,83,20.5,0.0,76,0.0,15.5,359,0.2705122997778952,-15.497639274924063
2018-10-17 22:00:00,23.3,84,20.4,0.0,44,0.0,14.0,1,-0.2443336901219691,-13.997867732189478
2018-10-17 23:00:00,23.2,85,20.4,0.0,62,0.0,12.6,360,3.08610993385133e-15,-12.6
2018-10-18 00:00:00,23.0,86,20.4,0.0,70,0.0,10.5,6,-1.0975488643103617,-10.44247990136687
2018-10-18 01:00:00,22.7,87,20.4,0.0,68,0.0,10.1,2,-0.3524849166952598,-10.093847352892867
2018-10-18 02:00:00,22.5,88,20.4,0.0,45,0.0,10.5,356,0.7324429743133192,-10.474422527728152
2018-10-18 03:00:00,22.7,87,20.4,0.0,28,0.0,10.8,356,0.7533699164365569,-10.773691742806102
2018-10-18 04:00:00,22.6,87,20.3,0.0,28,0.0,10.8,360,2.645237086158283e-15,-10.8
2018-10-18 05:00:00,22.5,87,20.3,0.0,40,0.0,10.1,360,2.473786534277653e-15,-10.1
2018-10-18 06:00:00,22.6,87,20.4,0.3,47,0.0,9.7,2,-0.3385251180142594,-9.694091022085228
2018-10-18 07:00:00,22.8,88,20.7,0.0,39,21.0,10.1,4,-0.7045403848156655,-10.075396907624224
2018-10-18 08:00:00,23.8,83,20.8,0.0,27,101.0,10.1,358,0.3524849166952583,-10.093847352892867
2018-10-18 09:00:00,25.0,77,20.6,0.0,13,249.0,9.7,356,0.6766377953180186,-9.676371287520292
2018-10-18 10:00:00,26.2,70,20.3,0.0,11,418.0,7.3,351,1.141971594793687,-7.210124886344505
2018-10-18 11:00:00,27.0,66,20.1,0.0,15,518.0,6.1,332,2.863776532993933,-5.385980316439454
2018-10-18 12:00:00,27.5,64,20.1,0.0,14,524.0,8.2,331,3.9754388860199614,-7.171881598543045
2018-10-18 13:00:00,27.8,64,20.3,0.0,25,475.0,11.0,337,4.298042413382013,-10.125553387976844
2018-10-18 14:00:00,27.8,63,20.1,0.0,28,419.0,12.9,347,2.9018686010358627,-12.569373835729534
2018-10-18 15:00:00,28.0,63,20.4,0.0,47,263.0,13.0,2,-0.4536934571325126,-12.992080751248244
2018-10-18 16:00:00,27.5,65,20.3,0.0,43,142.0,10.8,4,-0.7533699164365533,-10.773691742806102
2018-10-18 17:00:00,26.8,68,20.5,0.0,27,60.0,8.0,5,-0.6972459419812653,-7.969557584733964
2018-10-18 18:00:00,26.0,72,20.6,0.0,35,3.0,10.1,360,2.473786534277653e-15,-10.1
2018-10-18 19:00:00,25.5,75,20.7,0.0,40,0.0,10.5,4,-0.7324429743133156,-10.474422527728152
2018-10-18 20:00:00,25.0,79,21.0,0.0,23,0.0,10.3,12,-2.141490415422921,-10.0749202875582
2018-10-18 21:00:00,24.8,80,21.1,0.0,30,0.0,8.4,31,-4.326319829244455,-7.200205325897744
2018-10-18 22:00:00,24.7,80,21.1,0.0,31,0.0,5.5,11,-1.0494494745709964,-5.398949508962152
2018-10-18 23:00:00,24.4,84,21.5,0.0,37,0.0,3.0,14,-0.7257656867990032,-2.910887178827989
2018-10-19 00:00:00,24.9,80,21.3,0.5,38,0.0,0.7,360,1.7145055188062944e-16,-0.7
2018-10-19 01:00:00,24.8,82,21.5,0.0,49,0.0,2.1,301,1.800051331474436,-1.0815799573111138
2018-10-19 02:00:00,24.4,85,21.7,0.4,45,0.0,2.9,360,7.10295143505465e-16,-2.9
2018-10-19 03:00:00,23.9,87,21.5,0.0,47,0.0,5.0,360,1.2246467991473533e-15,-5.0
2018-10-19 04:00:00,24.0,86,21.4,0.0,50,0.0,6.3,13,-1.4171916423663495,-6.1385314081469815
2018-10-19 05:00:00,23.7,88,21.6,0.0,55,0.0,6.5,3,-0.3401837155791349,-6.49109197590473
2018-10-19 06:00:00,23.9,87,21.6,0.4,56,0.0,8.3,358,0.2896658226307568,-8.294943864258496
2018-10-19 07:00:00,24.0,87,21.7,0.9,52,9.0,9.8,28,-4.60082131530173,-8.652886410017485
2018-10-19 08:00:00,24.2,84,21.4,0.1,49,23.0,8.6,33,-4.683895701129233,-7.212566884330647
2018-10-19 09:00:00,24.7,82,21.4,0.2,36,45.0,6.4,16,-1.7640790772287946,-6.1520748540052415
2018-10-19 10:00:00,25.1,80,21.4,0.2,46,51.0,6.8,342,2.101315561749644,-6.467184310807044
2018-10-19 11:00:00,25.4,77,21.1,0.0,46,77.0,8.9,328,4.716281451675525,-7.54762805579219
2018-10-19 12:00:00,25.6,74,20.5,0.0,38,19.0,10.7,340,3.659615533584654,-10.05471104240922
2018-10-19 13:00:00,25.8,71,20.1,0.0,36,78.0,11.7,351,1.830283240970704,-11.55595358496311
2018-10-19 14:00:00,25.8,70,20.0,0.0,26,55.0,12.3,357,0.6437322617882157,-12.283143277481258
2018-10-19 15:00:00,26.9,67,20.3,0.0,34,185.0,11.9,360,2.9146593819707008e-15,-11.9
2018-10-19 16:00:00,26.5,69,20.3,0.0,46,132.0,10.5,6,-1.0975488643103617,-10.44247990136687
2018-10-19 17:00:00,25.7,73,20.5,0.0,43,51.0,9.5,9,-1.4861274178821933,-9.38303923565381
2018-10-19 18:00:00,24.7,78,20.6,0.0,28,2.0,8.9,14,-2.153104870837043,-8.635631963856369
2018-10-19 19:00:00,24.1,81,20.6,0.0,26,0.0,8.8,12,-1.8296228791962823,-8.607698886457491
2018-10-19 20:00:00,23.8,82,20.6,0.0,19,0.0,8.6,2,-0.3001356716415083,-8.594761112364223
2018-10-19 21:00:00,23.4,84,20.5,0.0,19,0.0,9.8,354,1.0243789400230034,-9.746314574609078
2018-10-19 22:00:00,23.2,84,20.4,0.0,19,0.0,10.5,354,1.0975488643103608,-10.44247990136687
2018-10-19 23:00:00,22.9,85,20.3,0.0,20,0.0,10.1,358,0.3524849166952583,-10.093847352892867
2018-10-20 00:00:00,22.7,86,20.3,0.0,27,0.0,9.4,2,-0.3280552690035091,-9.3942737739795
2018-10-20 01:00:00,22.5,87,20.3,0.0,21,0.0,8.3,2,-0.2896658226307581,-8.294943864258496
2018-10-20 02:00:00,22.5,87,20.3,0.0,20,0.0,8.3,360,2.0329136865846065e-15,-8.3
2018-10-20 03:00:00,22.3,87,20.1,0.0,34,0.0,8.6,360,2.1063924945334478e-15,-8.6
2018-10-20 04:00:00,22.1,88,20.1,0.0,40,0.0,8.7,5,-0.7582549619046259,-8.666893873398186
2018-10-20 05:00:00,22.0,88,20.0,0.0,59,0.0,8.8,9,-1.3766232923540318,-8.691657397237213
2018-10-20 06:00:00,22.0,89,20.1,0.0,72,0.0,8.2,15,-2.12231616984067,-7.92059177557036
2018-10-20 07:00:00,22.3,89,20.4,0.0,68,20.0,8.0,27,-3.631923997916374,-7.128052193506943
2018-10-20 08:00:00,23.7,82,20.5,0.0,27,98.0,6.2,10,-1.0766187015349682,-6.10580806867569
2018-10-20 09:00:00,24.6,78,20.5,0.0,33,126.0,5.4,352,0.7515347451843558,-5.34744757120448
2018-10-20 10:00:00,25.3,76,20.9,0.0,30,189.0,3.3,347,0.7423384793347556,-3.215421213791276
2018-10-20 11:00:00,25.9,74,21.0,0.0,21,244.0,4.3,336,1.7489675652259409,-3.928245467863184
2018-10-20 12:00:00,26.4,72,21.0,0.0,35,224.0,6.4,333,2.9055391983331007,-5.702441754805554
2018-10-20 13:00:00,26.8,70,21.0,0.0,41,304.0,8.6,338,3.221616703376846,-7.97378114927437
2018-10-20 14:00:00,27.1,69,20.9,0.0,36,309.0,10.4,346,2.515987714236546,-10.091075553270365
2018-10-20 15:00:00,27.5,65,20.4,0.0,40,354.0,10.6,350,1.840670683269462,-10.438962181929403
2018-10-20 16:00:00,27.3,65,20.3,0.0,20,200.0,12.2,358,0.42577385977051,-12.192568089632967
2018-10-20 17:00:00,26.5,69,20.4,0.0,17,68.0,10.1,360,2.473786534277653e-15,-10.1
2018-10-20 18:00:00,25.6,73,20.5,0.0,7,2.0,10.8,358,0.3769145643870089,-10.793420931806237
2018-10-20 19:00:00,24.6,77,20.4,0.0,5,0.0,11.6,5,-1.0110066158728348,-11.555858497864248
2018-10-20 20:00:00,23.9,80,20.3,0.0,3,0.0,11.2,6,-1.1707187885977188,-11.13864522812466
2018-10-20 21:00:00,23.6,82,20.2,0.0,6,0.0,10.8,4,-0.7533699164365533,-10.773691742806102
2018-10-20 22:00:00,23.2,83,20.2,0.0,14,0.0,10.1,6,-1.0557374790033,-10.04467114321956
2018-10-20 23:00:00,22.9,85,20.1,0.0,20,0.0,8.7,7,-1.060263287624783,-8.6351515192795
2018-10-21 00:00:00,22.6,86,20.0,0.0,29,0.0,9.1,7,-1.109011024986842,-9.032169979936029
2018-10-21 01:00:00,22.3,87,20.0,0.0,21,0.0,8.1,13,-1.8221035401853063,-7.892397524760405
2018-10-21 02:00:00,21.9,89,20.0,0.0,22,0.0,5.8,30,-2.8999999999999995,-5.022947341949744
2018-10-21 03:00:00,21.6,90,19.8,0.0,25,0.0,4.7,23,-1.8364363038995868,-4.32637281122647
2018-10-21 04:00:00,21.4,91,19.9,0.0,48,0.0,7.2,360,1.7634913907721889e-15,-7.2
2018-10-21 05:00:00,21.4,91,19.8,0.0,27,0.0,7.6,5,-0.662383644882202,-7.571079705497266
2018-10-21 06:00:00,21.6,89,19.7,0.0,33,0.0,8.6,2,-0.3001356716415083,-8.594761112364223
2018-10-21 07:00:00,22.3,86,19.8,0.0,38,33.0,10.5,16,-2.8941922360784917,-10.093247807352348
2018-10-21 08:00:00,23.7,78,19.7,0.0,38,156.0,8.4,20,-2.872969203935617,-7.893418014601631
2018-10-21 09:00:00,25.0,73,19.8,0.0,26,332.0,5.9,11,-1.1257730727216144,-5.791600382341218
2018-10-21 10:00:00,26.0,69,19.8,0.0,29,445.0,5.5,349,1.0494494745709957,-5.398949508962152
2018-10-21 11:00:00,26.7,66,19.8,0.0,32,579.0,7.0,339,2.508575646817105,-6.535062985480411
2018-10-21 12:00:00,27.2,64,19.8,0.0,26,572.0,7.8,338,2.921931428644116,-7.232034065620941
2018-10-21 13:00:00,27.6,63,19.9,0.0,27,622.0,8.4,335,3.549993398621873,-7.612985411107861
2018-10-21 14:00:00,27.6,63,19.9,0.0,22,526.0,8.5,332,3.990508283680072,-7.505054539300879
2018-10-21 15:00:00,27.5,63,19.9,0.0,32,379.0,8.2,331,3.9754388860199614,-7.171881598543045
2018-10-21 16:00:00,27.1,65,19.9,0.0,16,235.0,8.0,333,3.631923997916376,-7.128052193506942
2018-10-21 17:00:00,26.4,67,19.9,0.0,30,80.0,7.3,340,2.4967470462773806,-6.859756131737131
2018-10-21 18:00:00,25.4,72,19.9,0.0,25,2.0,9.7,345,2.5105447374944503,-9.369480515003962
2018-10-21 19:00:00,24.6,76,20.1,0.0,31,0.0,9.7,358,0.3385251180142579,-9.694091022085228
2018-10-21 20:00:00,24.0,80,20.2,0.0,27,0.0,9.4,2,-0.3280552690035091,-9.3942737739795
2018-10-21 21:00:00,23.4,83,20.4,0.0,23,0.0,8.7,17,-2.543633831087809,-8.319851376878407
2018-10-21 22:00:00,22.9,87,20.5,0.0,16,0.0,7.2,18,-2.224922359499621,-6.8476069173251055
2018-10-21 23:00:00,22.6,88,20.6,0.0,12,0.0,5.4,352,0.7515347451843558,-5.34744757120448
2018-10-22 00:00:00,22.2,91,20.6,0.0,19,0.0,5.2,344,1.4333142502483949,-4.998560818879258
2018-10-22 01:00:00,21.9,92,20.5,0.0,23,0.0,4.8,347,1.0797650608505536,-4.6769763109691285
2018-10-22 02:00:00,21.8,93,20.5,0.0,17,0.0,5.0,360,1.2246467991473533e-15,-5.0
2018-10-22 03:00:00,21.6,91,20.1,0.0,20,0.0,5.2,16,-1.4333142502483958,-4.998560818879258
2018-10-22 04:00:00,21.6,91,20.1,0.0,16,0.0,4.8,13,-1.079765060850552,-4.676976310969129
2018-10-22 05:00:00,21.4,92,20.0,0.0,10,0.0,5.4,356,0.3766849582182784,-5.386845871403051
2018-10-22 06:00:00,21.3,92,20.0,0.0,8,0.0,4.7,360,1.1511679911985121e-15,-4.7
2018-10-22 07:00:00,22.4,90,20.7,0.0,5,28.0,2.6,16,-0.7166571251241979,-2.499280409439629
2018-10-22 08:00:00,24.5,76,20.0,0.0,9,142.0,2.3,321,1.447436899414627,-1.7874357113510322
2018-10-22 09:00:00,25.4,73,20.2,0.0,4,328.0,3.9,304,3.2332465329646625,-2.1808523235359134
2018-10-22 10:00:00,26.2,70,20.3,0.0,4,440.0,5.2,304,4.310995377286217,-2.9078030980478844
2018-10-22 11:00:00,26.9,68,20.4,0.0,2,588.0,6.1,298,5.385980316439455,-2.8637765329939318
2018-10-22 12:00:00,27.3,66,20.4,0.0,2,626.0,7.1,294,6.486172749262467,-2.887830165838178
2018-10-22 13:00:00,27.5,64,20.2,0.0,2,567.0,7.8,292,7.232034065620942,-2.9219314286441134
2018-10-22 14:00:00,27.5,64,20.1,0.0,1,496.0,8.7,294,7.947845481490629,-3.5386087947594578
2018-10-22 15:00:00,27.4,64,20.1,0.0,17,364.0,9.0,299,7.871577364254561,-4.363286582217036
2018-10-22 16:00:00,27.0,66,20.1,0.0,15,195.0,8.2,299,7.171881598543044,-3.975438886019965
2018-10-22 17:00:00,26.3,70,20.3,0.0,20,52.0,6.4,308,5.04326882308302,-3.940233442084215
2018-10-22 18:00:00,25.4,75,20.6,0.0,31,2.0,7.8,326,4.361704647071823,-6.466493065929326
2018-10-22 19:00:00,24.6,80,20.9,0.0,81,0.0,10.0,345,2.588190451025207,-9.659258262890685
2018-10-22 20:00:00,24.0,83,21.0,0.0,100,0.0,11.2,358,0.3908743630680092,-11.193177262613872
2018-10-22 21:00:00,23.7,86,21.1,0.0,100,0.0,10.8,4,-0.7533699164365533,-10.773691742806102
2018-10-22 22:00:00,23.5,87,21.2,0.0,100,0.0,10.1,2,-0.3524849166952598,-10.093847352892867
2018-10-22 23:00:00,23.2,88,21.1,0.0,100,0.0,8.7,5,-0.7582549619046259,-8.666893873398186
2018-10-23 00:00:00,23.0,89,21.1,0.0,92,0.0,6.9,9,-1.079397808777593,-6.815049550106451
2018-10-23 01:00:00,22.8,91,21.2,0.0,95,0.0,6.1,3,-0.3192493330819573,-6.0916401620029
2018-10-23 02:00:00,22.6,92,21.2,0.0,92,0.0,6.9,354,0.7212463965468086,-6.862201078041086
2018-10-23 03:00:00,22.7,91,21.1,0.0,90,0.0,8.4,353,1.0237024846032368,-8.337387673787106
2018-10-23 04:00:00,22.6,92,21.2,0.0,84,0.0,9.4,358,0.3280552690035077,-9.3942737739795
2018-10-23 05:00:00,22.5,93,21.2,0.0,71,0.0,9.7,358,0.3385251180142579,-9.694091022085228
2018-10-23 06:00:00,22.5,92,21.2,0.0,56,0.0,11.2,354,1.1707187885977182,-11.13864522812466
2018-10-23 07:00:00,23.0,92,21.5,0.0,37,24.0,13.7,2,-0.4781231048242632,-13.691654330161612
2018-10-23 08:00:00,24.0,87,21.7,0.0,33,144.0,14.8,6,-1.5470212563612715,-14.718924051450443
2018-10-23 09:00:00,25.2,79,21.3,0.0,23,285.0,14.5,6,-1.5156627173809754,-14.420567482839962
2018-10-23 10:00:00,26.3,72,20.9,0.0,14,416.0,13.0,355,1.1330246557195582,-12.950531075192693
2018-10-23 11:00:00,27.0,69,20.8,0.0,6,542.0,13.9,350,2.4137096695703324,-13.688827766869691
2018-10-23 12:00:00,27.7,65,20.5,0.0,4,558.0,15.7,351,2.456021101131628,-15.50670694734366
2018-10-23 13:00:00,28.2,63,20.4,0.0,2,521.0,16.3,354,1.7038139512627508,-16.210706894502856
2018-10-23 14:00:00,28.1,63,20.4,0.0,19,443.0,15.9,355,1.385776309687767,-15.839495699658755
2018-10-23 15:00:00,27.7,65,20.5,0.0,9,337.0,16.3,355,1.4206386067868306,-16.237973578895453
2018-10-23 16:00:00,27.1,67,20.5,0.0,2,192.0,16.9,358,0.5898014942722639,-16.889704976622717
2018-10-23 17:00:00,26.3,71,20.5,0.0,2,74.0,15.8,360,3.869883885305636e-15,-15.8
2018-10-23 18:00:00,25.2,75,20.5,0.0,2,2.0,15.8,360,3.869883885305636e-15,-15.8
2018-10-23 19:00:00,24.5,79,20.6,0.0,6,0.0,17.3,4,-1.2067869957733677,-17.257858069494958
2018-10-23 20:00:00,23.9,82,20.6,0.0,5,0.0,15.9,5,-1.3857763096877649,-15.839495699658755
2018-10-23 21:00:00,23.3,85,20.6,0.0,4,0.0,13.4,6,-1.4006814077865566,-13.326593397934865
2018-10-23 22:00:00,23.0,87,20.7,0.0,1,0.0,10.4,2,-0.3629547657060101,-10.393664600998596
2018-10-23 23:00:00,22.8,88,20.7,0.0,3,0.0,9.7,358,0.3385251180142579,-9.694091022085228
2018-10-24 00:00:00,22.5,90,20.8,0.0,4,0.0,9.0,2,-0.3140954703225087,-8.994517443171862
2018-10-24 01:00:00,22.4,90,20.7,0.0,11,0.0,8.4,7,-1.0237024846032388,-8.337387673787106
2018-10-24 02:00:00,22.2,91,20.7,0.0,10,0.0,8.0,10,-1.3891854213354426,-7.878462024097664
2018-10-24 03:00:00,21.7,95,20.9,0.0,26,0.0,6.8,357,0.3558845024520217,-6.790680836331102
2018-10-24 04:00:00,21.7,95,20.9,0.0,33,0.0,7.6,357,0.3977532674463772,-7.589584464134761
2018-10-24 05:00:00,21.8,95,20.9,0.0,35,0.0,8.0,5,-0.6972459419812653,-7.969557584733964
2018-10-24 06:00:00,21.9,94,20.9,0.0,17,0.0,8.6,360,2.1063924945334478e-15,-8.6
2018-10-24 07:00:00,22.3,92,21.0,0.0,16,27.0,9.5,11,-1.812685456077176,-9.325458242752807
2018-10-24 08:00:00,23.9,84,21.1,0.0,24,135.0,7.6,8,-1.0577155672964973,-7.5260373224359345
2018-10-24 09:00:00,25.0,79,21.1,0.0,30,239.0,7.2,357,0.3768188849491994,-7.190132650232932
2018-10-24 10:00:00,26.2,74,21.3,0.0,32,413.0,8.0,352,1.113384807680527,-7.922144549932562
2018-10-24 11:00:00,27.1,70,21.2,0.0,34,549.0,8.3,355,0.7233926648055641,-8.268415994161488
2018-10-24 12:00:00,27.9,66,21.0,0.0,27,647.0,8.8,351,1.3766232923540338,-8.691657397237211
2018-10-24 13:00:00,28.3,64,20.9,0.0,32,574.0,10.7,348,2.2246550917500305,-10.46617932785172
2018-10-24 14:00:00,28.1,65,20.8,0.0,37,432.0,11.9,355,1.037153338697134,-11.854716907291772
2018-10-24 15:00:00,28.0,65,20.8,0.0,33,275.0,12.6,5,-1.098162358620493,-12.552053195955994
2018-10-24 16:00:00,27.7,66,20.8,0.0,31,182.0,11.7,9,-1.830283240970701,-11.555953584963111
2018-10-24 17:00:00,26.9,70,20.9,0.0,29,60.0,9.7,360,2.3758147903458648e-15,-9.7
2018-10-24 18:00:00,26.0,74,21.0,0.0,29,1.0,11.2,356,0.781272505934207,-11.17271736291003
2018-10-24 19:00:00,25.3,78,21.1,0.0,29,0.0,10.5,6,-1.0975488643103617,-10.44247990136687
2018-10-24 20:00:00,24.7,81,21.2,0.0,28,0.0,8.8,12,-1.8296228791962823,-8.607698886457491
2018-10-24 21:00:00,24.2,84,21.3,0.0,26,0.0,8.8,9,-1.3766232923540318,-8.691657397237213
2018-10-24 22:00:00,23.8,86,21.4,0.0,24,0.0,8.6,360,2.1063924945334478e-15,-8.6
2018-10-24 23:00:00,23.4,89,21.4,0.0,25,0.0,8.6,358,0.300135671641507,-8.594761112364223
2018-10-25 00:00:00,23.2,89,21.3,0.0,5,0.0,8.3,5,-0.7233926648055629,-8.268415994161488
2018-10-25 01:00:00,23.0,90,21.3,0.0,6,0.0,8.0,8,-1.1133848076805235,-7.922144549932563
2018-10-25 02:00:00,22.7,92,21.3,0.0,4,0.0,8.6,15,-2.2258437878816784,-8.306962106085987
2018-10-25 03:00:00,22.2,94,21.2,0.0,5,0.0,8.5,12,-1.7672493719509543,-8.314254606237348
2018-10-25 04:00:00,22.0,95,21.2,0.0,2,0.0,8.6,15,-2.2258437878816784,-8.306962106085987
2018-10-25 05:00:00,22.1,95,21.2,0.0,4,0.0,7.8,22,-2.921931428644114,-7.232034065620942
2018-10-25 06:00:00,22.1,94,21.1,0.0,2,0.0,7.6,31,-3.9142893693164114,-6.5144714853360535
2018-10-25 07:00:00,22.5,93,21.3,0.0,4,25.0,5.6,45,-3.9597979746446654,-3.9597979746446654
2018-10-25 08:00:00,24.8,81,21.3,0.0,4,156.0,3.1,36,-1.8221342821066668,-2.5079526825623373
2018-10-25 09:00:00,25.9,75,21.2,0.0,6,310.0,1.1,342,0.3399186938124424,-1.0461621679246689
2018-10-25 10:00:00,26.9,71,21.1,0.0,1,465.0,1.9,292,1.761649323676896,-0.7117525274902327
2018-10-25 11:00:00,27.7,67,20.9,0.0,4,535.0,4.0,297,3.564026096753472,-1.8159619989581863
2018-10-25 12:00:00,28.1,65,20.8,0.0,1,586.0,6.3,301,5.400153994423308,-3.244739871933341
2018-10-25 13:00:00,28.3,64,20.9,0.0,2,531.0,8.7,312,6.465359981653332,-5.821436275322062
2018-10-25 14:00:00,28.1,65,21.0,0.0,1,428.0,10.0,319,6.560590289905074,-7.547095802227719
2018-10-25 15:00:00,28.1,66,21.0,0.0,0,376.0,10.2,328,5.405176495178691,-8.650090580795544
2018-10-25 16:00:00,27.7,67,20.9,0.0,0,228.0,9.7,338,3.6336839561343495,-8.993683389297836
2018-10-25 17:00:00,27.0,70,21.0,0.0,0,72.0,7.9,344,2.177535110954292,-7.59396739791272
2018-10-25 18:00:00,26.0,75,21.2,0.0,2,2.0,9.3,344,2.5634274090980904,-8.939733772226367
2018-10-25 19:00:00,25.1,79,21.3,0.0,2,0.0,10.2,350,1.7712114122026898,-10.04503908072452
2018-10-25 20:00:00,24.7,83,21.6,0.0,0,0.0,9.4,358,0.3280552690035077,-9.3942737739795
2018-10-25 21:00:00,24.2,86,21.8,0.0,0,0.0,8.6,358,0.300135671641507,-8.594761112364223
2018-10-25 22:00:00,23.8,89,21.9,0.0,0,0.0,8.0,355,0.6972459419812665,-7.969557584733964
2018-10-25 23:00:00,23.4,92,22.0,0.0,0,0.0,7.6,352,1.0577155672965006,-7.526037322435934
2018-10-26 00:00:00,23.2,93,22.1,0.0,0,0.0,7.0,348,1.4553818357243191,-6.847033205136639
2018-10-26 01:00:00,22.9,95,22.0,0.0,0,0.0,7.6,341,2.474317973874391,-7.185941174554808
2018-10-26 02:00:00,22.7,96,21.9,0.0,0,0.0,6.0,335,2.535709570444195,-5.4378467222199
2018-10-26 03:00:00,23.2,91,21.7,0.0,0,0.0,4.4,325,2.523736319944605,-3.604268994871563
2018-10-26 04:00:00,23.4,90,21.8,0.0,0,0.0,4.7,328,2.490620541896064,-3.985826051935202
2018-10-26 05:00:00,22.4,93,21.3,0.0,1,0.0,6.0,335,2.535709570444195,-5.4378467222199
2018-10-26 06:00:00,21.6,95,20.8,0.0,0,0.0,7.4,337,2.891410350820627,-6.811735915548058
2018-10-26 07:00:00,22.9,94,21.8,0.0,0,29.0,6.9,351,1.0793978087775946,-6.81504955010645
2018-10-26 08:00:00,24.9,85,22.1,0.0,2,135.0,6.9,354,0.7212463965468086,-6.862201078041086
2018-10-26 09:00:00,25.9,76,21.4,0.0,14,288.0,6.7,344,1.8467702839738929,-6.440453362786736
2018-10-26 10:00:00,27.0,69,20.9,0.0,6,493.0,8.4,335,3.549993398621873,-7.612985411107861
2018-10-26 11:00:00,27.7,66,20.6,0.0,0,547.0,10.3,331,4.99353908853727,-9.008582983535778
2018-10-26 12:00:00,28.2,64,20.7,0.0,0,601.0,12.7,331,6.157082177128478,-11.107670280670328
2018-10-26 13:00:00,28.5,63,20.7,0.0,0,619.0,15.0,333,6.809857496093205,-13.365097862825516
2018-10-26 14:00:00,28.6,61,20.5,0.0,1,528.0,16.8,337,6.564282958619802,-15.464481538000998
2018-10-26 15:00:00,28.2,64,20.7,0.0,1,412.0,18.0,340,6.1563625798620345,-16.914467174146353
2018-10-26 16:00:00,27.7,65,20.5,0.0,1,232.0,18.0,344,4.961472404705981,-17.30271052688974
2018-10-26 17:00:00,26.8,69,20.6,0.0,0,70.0,16.1,344,4.437761428653683,-15.476313304606936
2018-10-26 18:00:00,25.7,73,20.6,0.0,0,1.0,16.2,347,3.6442070803706175,-15.784795049520808
2018-10-26 19:00:00,25.1,77,20.8,0.0,0,0.0,16.5,350,2.8651949315043512,-16.249327924701433
2018-10-26 20:00:00,24.6,80,21.0,0.0,0,0.0,16.3,354,1.7038139512627508,-16.210706894502856
2018-10-26 21:00:00,24.3,83,21.1,0.0,0,0.0,15.1,359,0.2635313372029818,-15.097700196861508
2018-10-26 22:00:00,23.8,86,21.3,0.0,0,0.0,14.0,360,3.429011037612589e-15,-14.0
2018-10-26 23:00:00,23.5,88,21.4,0.0,0,0.0,13.3,360,3.25756048573196e-15,-13.3
2018-10-27 00:00:00,23.1,91,21.5,0.0,0,0.0,13.0,357,0.6803674311582768,-12.98218395180946
2018-10-27 01:00:00,22.8,93,21.5,0.0,10,0.0,11.9,357,0.622797879291038,-11.88369146357943
2018-10-27 02:00:00,22.5,94,21.4,0.0,7,0.0,11.2,360,2.743208830090071e-15,-11.2
2018-10-27 03:00:00,22.8,91,21.2,0.0,0,0.0,11.2,2,-0.3908743630680108,-11.193177262613872
2018-10-27 04:00:00,22.7,91,21.1,0.0,4,0.0,11.6,5,-1.0110066158728348,-11.555858497864248
2018-10-27 05:00:00,22.6,90,20.9,0.0,9,0.0,12.3,3,-0.6437322617882092,-12.283143277481258
2018-10-27 06:00:00,22.6,88,20.6,0.0,10,0.0,12.6,360,3.08610993385133e-15,-12.6
2018-10-27 07:00:00,23.0,85,20.4,0.0,8,28.0,15.5,3,-0.8112073217656295,-15.478757788695894
2018-10-27 08:00:00,24.3,77,19.9,0.0,11,167.0,17.3,5,-1.5077943495344863,-17.234168276987198
2018-10-27 09:00:00,25.5,69,19.5,0.0,4,344.0,17.3,5,-1.5077943495344863,-17.234168276987198
2018-10-27 10:00:00,26.4,64,19.1,0.0,1,502.0,17.3,1,-0.3019266313650047,-17.29736512620557
2018-10-27 11:00:00,27.2,59,18.6,0.0,5,619.0,18.0,359,0.3141433158711041,-17.997258512815044
2018-10-27 12:00:00,27.7,56,18.2,0.0,4,689.0,20.5,358,0.7154396824012669,-20.487511953891463
2018-10-27 13:00:00,27.6,55,17.7,0.0,2,590.0,23.4,360,5.7313470200096116e-15,-23.4
2018-10-27 14:00:00,27.2,54,17.0,0.0,1,530.0,25.6,2,-0.8934271155840249,-25.584405171688854
2018-10-27 15:00:00,26.7,53,16.2,0.0,1,430.0,25.9,2,-0.9038969645947752,-25.88422241979458
2018-10-27 16:00:00,25.7,53,15.5,0.0,5,261.0,24.9,2,-0.8689974678922741,-24.884831592775484
2018-10-27 17:00:00,24.4,56,15.1,0.0,8,84.0,22.7,360,5.559896468128984e-15,-22.7
2018-10-27 18:00:00,23.2,59,14.7,0.0,0,2.0,22.0,1,-0.3839529416202372,-21.99664929344061
2018-10-27 19:00:00,22.5,61,14.5,0.0,0,0.0,20.2,4,-1.409080769631331,-20.15079381524845
2018-10-27 20:00:00,21.9,63,14.6,0.0,0,0.0,19.1,1,-0.333340962952115,-19.097090977487078
2018-10-27 21:00:00,21.7,64,14.5,0.0,1,0.0,18.4,1,-0.3211242784460166,-18.3971975908776
2018-10-27 22:00:00,21.3,64,14.3,0.0,11,0.0,16.6,1,-0.2897099468589063,-16.597471739596095
2018-10-27 23:00:00,21.0,65,14.2,0.0,7,0.0,15.1,1,-0.263531337202981,-15.097700196861508
2018-10-28 00:00:00,20.7,65,14.0,0.0,7,0.0,15.1,1,-0.263531337202981,-15.097700196861508
2018-10-28 01:00:00,20.5,66,13.9,0.0,4,0.0,15.1,360,3.698433333425007e-15,-15.1
2018-10-28 02:00:00,20.3,67,13.9,0.0,5,0.0,15.5,359,0.2705122997778952,-15.497639274924063
2018-10-28 03:00:00,20.1,66,13.5,0.0,4,0.0,15.1,1,-0.263531337202981,-15.097700196861508
2018-10-28 04:00:00,20.0,66,13.5,0.0,3,0.0,14.1,3,-0.737936983025508,-14.080676440039491
2018-10-28 05:00:00,20.0,66,13.4,0.0,2,0.0,15.5,3,-0.8112073217656295,-15.478757788695894
2018-10-28 06:00:00,20.0,66,13.4,0.0,0,0.0,14.3,10,-2.483168940637104,-14.082750868074577
2018-10-28 07:00:00,20.2,68,14.0,0.0,3,30.0,10.5,16,-2.8941922360784917,-10.093247807352348
2018-10-28 08:00:00,21.8,60,13.7,0.0,14,172.0,9.8,6,-1.024378940023004,-9.746314574609078
2018-10-28 09:00:00,23.3,51,12.5,0.0,27,359.0,11.6,7,-1.4136843834997106,-11.513535359039334
2018-10-28 10:00:00,24.4,46,12.1,0.0,17,508.0,12.3,3,-0.6437322617882092,-12.283143277481258
2018-10-28 11:00:00,25.4,42,11.7,0.0,0,660.0,13.3,357,0.6960682180311601,-13.281772812235833
2018-10-28 12:00:00,26.0,42,11.9,0.0,2,699.0,17.7,354,1.8501537998374653,-17.60303754801844
2018-10-28 13:00:00,26.2,42,12.4,0.0,5,670.0,20.9,359,0.3647552945392264,-20.89681682876857
2018-10-28 14:00:00,26.0,44,12.9,0.0,12,558.0,21.6,1,-0.3769719790453238,-21.596710215378053
2018-10-28 15:00:00,25.6,44,12.6,0.0,15,395.0,21.3,2,-0.7433592797632707,-21.28702461550674
2018-10-28 16:00:00,24.8,47,12.7,0.0,1,222.0,20.5,3,-1.0728871029803486,-20.471905462468765
2018-10-28 17:00:00,23.7,51,13.0,0.0,1,73.0,18.0,2,-0.6281909406450175,-17.989034886343724
2018-10-28 18:00:00,22.5,55,13.1,0.0,3,1.0,14.4,1,-0.2513146526968826,-14.397806810252035
2018-10-28 19:00:00,21.8,58,13.3,0.0,1,0.0,13.7,5,-1.1940336756429168,-13.647867363856914
2018-10-28 20:00:00,21.5,61,13.5,0.0,1,0.0,12.3,5,-1.0720156357961954,-12.253194786528471
2018-10-28 21:00:00,21.1,63,13.8,0.0,0,0.0,11.9,3,-0.6227978792910317,-11.88369146357943
2018-10-28 22:00:00,20.8,64,13.9,0.0,12,0.0,11.9,5,-1.037153338697132,-11.854716907291772
2018-10-28 23:00:00,20.3,67,13.9,0.0,23,0.0,12.6,5,-1.098162358620493,-12.552053195955994
2018-10-29 00:00:00,19.8,69,13.9,0.0,24,0.0,13.0,3,-0.6803674311582698,-12.98218395180946
2018-10-29 01:00:00,19.2,72,14.0,0.0,27,0.0,13.0,5,-1.1330246557195562,-12.950531075192693
2018-10-29 02:00:00,18.9,73,14.0,0.0,22,0.0,13.0,5,-1.1330246557195562,-12.950531075192693
2018-10-29 03:00:00,18.9,73,13.9,0.0,24,0.0,12.3,7,-1.498992923883314,-12.20831766518826
2018-10-29 04:00:00,18.8,72,13.7,0.0,25,0.0,11.6,5,-1.0110066158728348,-11.555858497864248
2018-10-29 05:00:00,18.7,72,13.4,0.0,22,0.0,11.9,2,-0.4153040107597615,-11.89275084152724
2018-10-29 06:00:00,18.5,72,13.3,0.0,21,0.0,12.3,3,-0.6437322617882092,-12.283143277481258
2018-10-29 07:00:00,18.9,72,13.7,0.0,20,31.0,12.4,8,-1.7257464519048116,-12.279324052395474
2018-10-29 08:00:00,21.3,63,13.9,0.0,15,182.0,11.2,2,-0.3908743630680108,-11.193177262613872
2018-10-29 09:00:00,23.3,53,13.1,0.0,10,372.0,14.0,360,3.429011037612589e-15,-14.0
2018-10-29 10:00:00,24.6,48,13.0,0.0,14,534.0,15.1,360,3.698433333425007e-15,-15.1
2018-10-29 11:00:00,25.7,46,13.1,0.0,9,645.0,15.1,1,-0.263531337202981,-15.097700196861508
2018-10-29 12:00:00,26.4,44,13.2,0.0,12,692.0,14.8,360,3.624954525476166e-15,-14.8
2018-10-29 13:00:00,26.8,44,13.4,0.0,23,670.0,15.5,357,0.8112073217656377,-15.478757788695894
2018-10-29 14:00:00,26.9,44,13.8,0.0,22,582.0,17.0,355,1.4816476267101917,-16.935309867559674
2018-10-29 15:00:00,26.8,45,13.9,0.0,4,440.0,19.1,358,0.6665803870177658,-19.08836479606473
2018-10-29 16:00:00,26.1,48,14.1,0.0,0,257.0,19.1,360,4.6781507727428894e-15,-19.1
2018-10-29 17:00:00,24.8,53,14.5,0.0,0,79.0,16.9,359,0.2949456687900921,-16.89742604814301
2018-10-29 18:00:00,23.5,58,14.6,0.0,0,1.0,15.9,4,-1.1091279325315924,-15.861268399131204
2018-10-29 19:00:00,22.8,61,14.9,0.0,0,0.0,14.5,6,-1.5156627173809754,-14.420567482839962
2018-10-29 20:00:00,22.3,64,15.2,0.0,0,0.0,13.3,360,3.25756048573196e-15,-13.3
2018-10-29 21:00:00,21.8,68,15.6,0.0,0,0.0,13.4,355,1.1678869528186215,-13.34900895442939
2018-10-29 22:00:00,21.2,72,15.9,0.0,0,0.0,12.6,358,0.4397336584515103,-12.592324420440606
2018-10-29 23:00:00,20.6,75,16.0,0.0,0,0.0,11.5,360,2.8166876380389124e-15,-11.5
2018-10-30 00:00:00,20.2,77,16.1,0.0,0,0.0,12.3,3,-0.6437322617882092,-12.283143277481258
2018-10-30 01:00:00,20.0,79,16.2,0.0,11,0.0,13.3,3,-0.696068218031153,-13.281772812235833
2018-10-30 02:00:00,19.8,80,16.2,0.0,22,0.0,13.7,3,-0.7170026005283305,-13.68122462613766
2018-10-30 03:00:00,20.0,78,16.1,0.0,25,0.0,12.6,2,-0.4397336584515122,-12.592324420440606
2018-10-30 04:00:00,20.0,79,16.3,0.0,23,0.0,10.8,360,2.645237086158283e-15,-10.8
2018-10-30 05:00:00,19.9,81,16.5,0.0,15,0.0,10.5,354,1.0975488643103608,-10.44247990136687
2018-10-30 06:00:00,19.8,82,16.6,0.0,24,0.0,10.1,358,0.3524849166952583,-10.093847352892867
2018-10-30 07:00:00,20.5,79,16.7,0.0,27,28.0,12.6,5,-1.098162358620493,-12.552053195955994
2018-10-30 08:00:00,22.6,70,16.9,0.0,28,161.0,10.4,2,-0.3629547657060101,-10.393664600998596
2018-10-30 09:00:00,24.8,59,16.4,0.0,29,342.0,10.1,356,0.7045403848156689,-10.075396907624224
2018-10-30 10:00:00,26.2,54,16.3,0.0,29,440.0,11.7,349,2.2324652459055723,-11.485038046337667
2018-10-30 11:00:00,27.4,51,16.4,0.0,29,605.0,13.1,352,1.823167622576863,-12.97251170051457
2018-10-30 12:00:00,28.3,49,16.6,0.0,30,639.0,12.7,352,1.7674983821928365,-12.57640447301794
2018-10-30 13:00:00,28.8,48,16.7,0.0,30,603.0,12.1,348,2.5157314588948942,-11.835585968879046
2018-10-30 14:00:00,28.9,48,16.9,0.0,30,433.0,12.8,344,3.528158154457586,-12.304149708010485
2018-10-30 15:00:00,28.7,49,16.8,0.0,30,337.0,15.3,351,2.393447315115536,-15.111631611105606
2018-10-30 16:00:00,28.0,52,17.2,0.0,30,140.0,16.7,354,1.745625336569812,-16.608515652650162
2018-10-30 17:00:00,26.6,58,17.5,0.0,30,31.0,17.3,355,1.507794349534489,-17.234168276987198
2018-10-30 18:00:00,25.2,63,17.6,0.0,31,0.0,18.4,359,0.3211242784460175,-18.3971975908776
2018-10-30 19:00:00,24.4,67,17.8,0.0,30,0.0,17.3,360,4.237277925049842e-15,-17.3
2018-10-30 20:00:00,23.8,70,18.1,0.0,31,0.0,17.3,358,0.6037612929532643,-17.289461307430358
2018-10-30 21:00:00,23.3,74,18.4,0.0,30,0.0,16.3,355,1.4206386067868306,-16.237973578895453
2018-10-30 22:00:00,22.9,77,18.7,0.0,29,0.0,12.4,352,1.725746451904817,-12.279324052395472
2018-10-30 23:00:00,22.6,80,19.0,0.0,31,0.0,10.6,350,1.840670683269462,-10.438962181929403
2018-10-31 00:00:00,22.4,82,19.2,0.0,46,0.0,12.6,355,1.0981623586204947,-12.552053195955994
2018-10-31 01:00:00,22.2,84,19.3,0.0,57,0.0,13.3,3,-0.696068218031153,-13.281772812235833
2018-10-31 02:00:00,22.1,84,19.2,0.0,65,0.0,11.7,11,-2.232465245905574,-11.485038046337667
2018-10-31 03:00:00,22.3,82,19.1,0.0,64,0.0,11.2,6,-1.1707187885977188,-11.13864522812466
2018-10-31 04:00:00,22.3,82,19.2,0.0,63,0.0,13.7,360,3.355532229663748e-15,-13.7
2018-10-31 05:00:00,22.5,82,19.3,0.0,32,0.0,15.8,360,3.869883885305636e-15,-15.8
2018-10-31 06:00:00,22.6,82,19.3,0.0,33,0.0,15.3,8,-2.1293484446890014,-15.151101451746028
2018-10-31 07:00:00,23.0,81,19.5,0.0,35,9.0,14.4,360,3.5269827815443773e-15,-14.4
2018-10-31 08:00:00,24.2,76,19.7,0.0,35,65.0,12.6,357,0.659433048661099,-12.58273213790763
2018-10-31 09:00:00,25.6,70,19.7,0.0,42,155.0,12.6,355,1.0981623586204947,-12.552053195955994
2018-10-31 10:00:00,26.7,66,19.8,0.0,38,172.0,13.0,355,1.1330246557195582,-12.950531075192693
2018-10-31 11:00:00,27.5,62,19.7,0.0,32,176.0,13.7,355,1.1940336756429188,-13.647867363856914
2018-10-31 12:00:00,27.4,62,19.6,0.0,61,75.0,16.3,354,1.7038139512627508,-16.210706894502856
2018-10-31 13:00:00,26.6,67,19.9,0.2,83,5.0,17.7,354,1.8501537998374653,-17.60303754801844
2018-10-31 14:00:00,25.8,73,20.6,0.4,87,0.0,19.6,354,2.048757880046007,-19.49262914921816
2018-10-31 15:00:00,25.4,72,20.0,0.3,84,0.0,20.2,358,0.7049698333905167,-20.18769470578573
2018-10-31 16:00:00,24.2,80,20.6,0.4,79,0.0,22.1,6,-2.3100790382151417,-21.97893388763884
2018-10-31 17:00:00,23.5,85,20.8,0.3,85,0.0,22.5,6,-2.351890423522203,-22.37674264578615
2018-10-31 18:00:00,23.1,87,20.7,0.2,68,0.0,18.8,12,-3.908739787373876,-18.38917489379555
2018-10-31 19:00:00,22.9,87,20.6,0.0,68,0.0,19.2,6,-2.0069464947389464,-19.094820391070847
2018-10-31 20:00:00,22.7,86,20.3,0.0,77,0.0,16.6,5,-1.4467853296111255,-16.536831988322977
2018-10-31 21:00:00,22.6,86,20.1,0.0,78,0.0,14.8,356,1.0323958114130594,-14.763947943845398
2018-10-31 22:00:00,22.5,85,19.9,0.0,59,0.0,15.8,1,-0.2757480217090794,-15.797593583470984
2018-10-31 23:00:00,22.4,86,19.9,0.0,35,0.0,18.0,2,-0.6281909406450175,-17.989034886343724
2018-11-01 00:00:00,22.4,86,19.8,0.0,53,0.0,19.2,352,2.6721235384332647,-19.01314691983815
2018-11-01 01:00:00,22.3,86,19.8,0.0,90,0.0,19.7,352,2.741710088913298,-19.50828095420893
2018-11-01 02:00:00,22.3,85,19.7,0.0,88,0.0,22.3,3,-1.1670918242176476,-22.269438625027
2018-11-01 03:00:00,22.6,79,18.7,0.0,84,0.0,22.1,12,-4.594848367072482,-21.61706197621711
2018-11-01 04:00:00,22.7,77,18.5,0.0,68,0.0,19.9,13,-4.476525981442913,-19.38996428922618
2018-11-01 05:00:00,22.6,78,18.5,0.0,51,0.0,17.8,8,-2.477281197089165,-17.626771623599954
2018-11-01 06:00:00,22.6,78,18.5,0.0,50,0.0,20.2,11,-3.854341706606205,-19.828869105642813
2018-11-01 07:00:00,22.9,77,18.6,0.0,53,3.0,18.2,14,-4.402978499913953,-17.659382218223136
2018-11-01 08:00:00,23.8,74,18.8,0.0,63,26.0,17.7,4,-1.2346895852710178,-17.65688368959889
2018-11-01 09:00:00,24.7,70,18.9,0.0,66,39.0,17.3,4,-1.2067869957733677,-17.257858069494958
2018-11-01 10:00:00,25.7,67,19.1,0.0,46,49.0,16.9,2,-0.5898014942722664,-16.889704976622717
2018-11-01 11:00:00,26.4,65,19.3,0.0,35,69.0,17.3,358,0.6037612929532643,-17.289461307430358
2018-11-01 12:00:00,27.4,62,19.4,0.0,32,212.0,17.1,353,2.0839657722280176,-16.97253919306661
2018-11-01 13:00:00,27.7,61,19.4,0.0,30,205.0,17.7,347,3.981633661886416,-17.24635014669866
2018-11-01 14:00:00,27.4,62,19.5,0.0,33,109.0,18.1,353,2.205835115633165,-17.96508534470793
2018-11-01 15:00:00,26.8,64,19.3,0.0,40,48.0,18.4,358,0.6421507393260151,-18.38879121715136
2018-11-01 16:00:00,26.2,66,19.4,0.0,43,13.0,18.4,6,-1.923323724124824,-18.299202874776228
2018-11-01 17:00:00,25.4,69,19.4,0.0,40,1.0,17.3,5,-1.5077943495344863,-17.234168276987198
2018-11-01 18:00:00,24.6,72,19.3,0.0,38,0.0,16.2,12,-3.3681693912477013,-15.84599113188765
2018-11-01 19:00:00,24.1,74,19.2,0.0,37,0.0,14.4,3,-0.7536377698983913,-14.380265300465863
2018-11-01 20:00:00,23.9,75,19.1,0.0,38,0.0,16.9,359,0.2949456687900921,-16.89742604814301
2018-11-01 21:00:00,23.7,76,19.1,0.0,36,0.0,17.3,359,0.3019266313650056,-17.29736512620557
2018-11-01 22:00:00,23.5,77,19.2,0.0,33,0.0,16.2,360,3.967855629237425e-15,-16.2
2018-11-01 23:00:00,23.3,78,19.3,0.0,34,0.0,15.2,356,1.0602984009107097,-15.162973563949327
2018-11-02 00:00:00,23.0,80,19.5,0.0,37,0.0,13.7,355,1.1940336756429188,-13.647867363856914
2018-11-02 01:00:00,22.9,82,19.7,0.0,47,0.0,13.3,358,0.4641633061432609,-13.291897999353974
2018-11-02 02:00:00,22.6,84,19.8,0.0,66,0.0,12.0,9,-1.8772135804827703,-11.852260087141651
2018-11-02 03:00:00,22.6,80,19.0,0.0,69,0.0,10.2,8,-1.419565629792667,-10.100734301164016
2018-11-02 04:00:00,22.6,80,19.0,0.2,70,0.0,9.1,7,-1.109011024986842,-9.032169979936029
2018-11-02 05:00:00,22.5,81,19.0,0.3,67,0.0,9.8,6,-1.024378940023004,-9.746314574609078
2018-11-02 06:00:00,22.5,81,19.0,0.0,61,0.0,9.5,351,1.4861274178821953,-9.383039235653808
2018-11-02 07:00:00,22.6,84,19.8,0.0,77,5.0,10.5,329,5.407899786555572,-9.000256657372177
2018-11-02 08:00:00,24.1,79,20.1,0.0,65,68.0,10.2,328,5.405176495178691,-8.650090580795544
2018-11-02 09:00:00,25.6,72,20.2,0.0,80,190.0,7.6,341,2.474317973874391,-7.185941174554808
2018-11-02 10:00:00,26.4,70,20.4,0.0,71,245.0,4.9,324,2.88014773623312,-3.9641832724372414
2018-11-02 11:00:00,27.1,68,20.8,0.0,74,362.0,3.5,294,3.197409101749104,-1.4235782507652992
2018-11-02 12:00:00,27.0,69,20.9,0.0,72,222.0,8.3,304,6.881011852206846,-4.641301098807201
2018-11-02 13:00:00,26.9,69,20.8,0.0,72,208.0,9.4,317,6.410784584587484,-6.874724795220205
2018-11-02 14:00:00,27.0,68,20.6,0.0,61,191.0,10.0,339,3.583679495453008,-9.335804264972015
2018-11-02 15:00:00,26.9,63,19.2,0.0,60,90.0,10.5,352,1.4613175600806918,-10.397814721786489
2018-11-02 16:00:00,26.7,64,19.2,0.0,56,87.0,9.7,356,0.6766377953180186,-9.676371287520292
2018-11-02 17:00:00,26.2,67,19.6,0.0,47,10.0,7.6,355,0.6623836448822031,-7.571079705497266
2018-11-02 18:00:00,25.7,70,19.8,0.0,58,0.0,9.0,360,2.204364238465236e-15,-9.0
2018-11-02 19:00:00,25.1,74,20.2,0.0,56,0.0,10.9,9,-1.7051356689385164,-10.765802912487002
2018-11-02 20:00:00,24.6,77,20.3,0.0,48,0.0,10.8,15,-2.795245687107224,-10.431998923921938
2018-11-02 21:00:00,23.8,82,20.5,0.0,25,0.0,8.7,5,-0.7582549619046259,-8.666893873398186
2018-11-02 22:00:00,23.4,85,20.8,0.0,15,0.0,8.9,339,3.189474750953177,-8.308865795825094
2018-11-02 23:00:00,23.0,89,21.1,0.0,6,0.0,8.9,333,4.040515447681968,-7.929958065276474
2018-11-03 00:00:00,22.7,93,21.4,0.0,5,0.0,8.2,337,3.203995253612045,-7.548139798310009
2018-11-03 01:00:00,22.5,94,21.6,0.0,1,0.0,7.6,341,2.474317973874391,-7.185941174554808
2018-11-03 02:00:00,22.2,96,21.5,0.0,19,0.0,7.0,348,1.4553818357243191,-6.847033205136639
2018-11-03 03:00:00,21.7,97,21.2,0.0,30,0.0,6.6,351,1.0324674692655251,-6.5187430479279085
2018-11-03 04:00:00,21.6,97,21.1,0.0,31,0.0,6.3,347,1.4171916423663515,-6.1385314081469815
2018-11-03 05:00:00,21.6,97,21.1,0.0,26,0.0,6.7,344,1.8467702839738929,-6.440453362786736
2018-11-03 06:00:00,21.6,97,21.1,0.0,8,0.0,8.9,346,2.153104870837044,-8.635631963856369
2018-11-03 07:00:00,22.2,96,21.6,0.0,5,22.0,9.9,350,1.719116958902611,-9.74959675482086
2018-11-03 08:00:00,23.9,90,22.2,0.0,13,149.0,8.0,350,1.389185421335443,-7.878462024097664
2018-11-03 09:00:00,26.0,78,21.8,0.0,6,302.0,8.3,355,0.7233926648055641,-8.268415994161488
2018-11-03 10:00:00,27.6,68,21.1,0.0,4,444.0,9.5,351,1.4861274178821953,-9.383039235653808
2018-11-03 11:00:00,28.6,64,21.0,0.0,3,577.0,11.5,346,2.7821017993961803,-11.15840085217396
2018-11-03 12:00:00,29.1,63,21.3,0.0,3,641.0,13.2,343,3.85930650234013,-12.623222778712066
2018-11-03 13:00:00,29.1,63,21.5,0.0,5,586.0,14.7,343,4.297864059424236,-14.05767991265662
2018-11-03 14:00:00,29.0,64,21.6,0.0,5,509.0,16.0,346,3.870750329594686,-15.524731620415944
2018-11-03 15:00:00,28.8,66,21.8,0.0,11,378.0,17.2,350,2.986748655871202,-16.938693351809977
2018-11-03 16:00:00,28.0,69,21.9,0.0,14,213.0,17.7,354,1.8501537998374653,-17.60303754801844
2018-11-03 17:00:00,26.8,75,22.0,0.0,17,60.0,16.3,355,1.4206386067868306,-16.237973578895453
2018-11-03 18:00:00,25.3,82,22.0,0.0,20,0.0,15.9,356,1.1091279325315977,-15.861268399131204
2018-11-03 19:00:00,24.5,86,22.1,0.0,24,0.0,16.3,355,1.4206386067868306,-16.237973578895453
2018-11-03 20:00:00,24.0,89,22.1,0.0,28,0.0,15.6,353,1.9011617571202968,-15.483719965604624
2018-11-03 21:00:00,23.5,92,22.1,0.0,25,0.0,14.9,352,2.0736792043049816,-14.754994224249398
2018-11-03 22:00:00,23.0,95,22.1,0.0,25,0.0,14.9,352,2.0736792043049816,-14.754994224249398
2018-11-03 23:00:00,22.6,97,22.1,0.0,34,0.0,14.6,351,2.283943189587374,-14.42024977268901
2018-11-04 00:00:00,22.3,98,21.9,0.0,62,0.0,13.8,353,1.681796938991032,-13.697136892650246
2018-11-04 01:00:00,22.2,98,21.9,0.0,69,0.0,13.8,354,1.442492793093617,-13.724402156082173
2018-11-04 02:00:00,22.0,98,21.7,0.0,80,0.0,13.7,358,0.4781231048242612,-13.691654330161612
2018-11-04 03:00:00,22.4,96,21.7,0.0,58,0.0,13.3,360,3.25756048573196e-15,-13.3
2018-11-04 04:00:00,22.3,96,21.6,0.0,35,0.0,12.2,2,-0.4257738597705118,-12.192568089632967
2018-11-04 05:00:00,22.1,96,21.4,0.0,40,0.0,11.2,2,-0.3908743630680108,-11.193177262613872
2018-11-04 06:00:00,21.9,96,21.3,0.0,22,0.0,10.5,354,1.0975488643103608,-10.44247990136687
2018-11-04 07:00:00,22.3,96,21.5,0.0,32,20.0,11.7,349,2.2324652459055723,-11.485038046337667
2018-11-04 08:00:00,23.6,90,21.9,0.0,30,125.0,11.4,347,2.564442019520065,-11.10781873855168
2018-11-04 09:00:00,25.5,80,21.7,0.0,26,314.0,10.9,351,1.7051356689385189,-10.765802912487
2018-11-04 10:00:00,26.8,72,21.3,0.0,18,436.0,10.7,348,2.2246550917500305,-10.46617932785172
2018-11-04 11:00:00,28.0,66,21.0,0.0,17,585.0,10.7,348,2.2246550917500305,-10.46617932785172
2018-11-04 12:00:00,28.6,64,21.0,0.0,17,648.0,11.3,343,3.30380026336693,-10.8062437423823
2018-11-04 13:00:00,28.8,63,21.1,0.0,15,558.0,11.5,346,2.7821017993961803,-11.15840085217396
2018-11-04 14:00:00,28.9,63,21.2,0.0,12,504.0,11.4,347,2.564442019520065,-11.10781873855168
2018-11-04 15:00:00,28.4,65,21.3,0.0,9,361.0,12.4,350,2.153237403069937,-12.21161613735138
2018-11-04 16:00:00,27.8,68,21.3,0.0,10,221.0,13.9,350,2.4137096695703324,-13.688827766869691
2018-11-04 17:00:00,26.6,73,21.4,0.0,6,62.0,13.4,352,1.8649195528648828,-13.26959212113704
2018-11-04 18:00:00,25.2,80,21.5,0.0,7,0.0,12.8,350,2.222696674136709,-12.605539238556265
2018-11-04 19:00:00,24.4,84,21.5,0.0,18,0.0,11.2,356,0.781272505934207,-11.17271736291003
2018-11-04 20:00:00,23.8,87,21.6,0.0,18,0.0,9.7,356,0.6766377953180186,-9.676371287520292
2018-11-04 21:00:00,23.4,90,21.7,0.0,16,0.0,9.0,355,0.7844016847289249,-8.96575228282571
2018-11-04 22:00:00,23.1,92,21.7,0.0,20,0.0,9.0,355,0.7844016847289249,-8.96575228282571
2018-11-04 23:00:00,22.8,94,21.8,0.0,18,0.0,9.7,356,0.6766377953180186,-9.676371287520292
2018-11-05 00:00:00,22.5,95,21.7,0.0,22,0.0,10.1,358,0.3524849166952583,-10.093847352892867
2018-11-05 01:00:00,22.4,96,21.7,0.0,23,0.0,9.7,360,2.3758147903458648e-15,-9.7
2018-11-05 02:00:00,22.3,96,21.6,0.0,31,0.0,8.6,2,-0.3001356716415083,-8.594761112364223
2018-11-05 03:00:00,22.2,96,21.5,0.0,27,0.0,7.6,5,-0.662383644882202,-7.571079705497266
2018-11-05 04:00:00,22.0,96,21.4,0.0,43,0.0,6.9,9,-1.079397808777593,-6.815049550106451
2018-11-05 05:00:00,21.9,97,21.3,0.0,47,0.0,8.3,5,-0.7233926648055629,-8.268415994161488
2018-11-05 06:00:00,21.7,98,21.3,0.0,38,0.0,8.0,350,1.389185421335443,-7.878462024097664
2018-11-05 07:00:00,22.0,97,21.5,0.0,35,14.0,9.7,358,0.3385251180142579,-9.694091022085228
2018-11-05 08:00:00,23.8,89,21.9,0.0,25,124.0,9.0,360,2.204364238465236e-15,-9.0
2018-11-05 09:00:00,25.3,82,22.0,0.0,15,288.0,8.6,358,0.300135671641507,-8.594761112364223
2018-11-05 10:00:00,26.7,75,21.9,0.0,10,434.0,8.7,353,1.0602632876247808,-8.635151519279502
2018-11-05 11:00:00,27.6,70,21.7,0.0,9,540.0,10.0,345,2.588190451025207,-9.659258262890685
2018-11-05 12:00:00,28.3,67,21.6,0.0,11,614.0,11.0,341,3.5812496990287235,-10.400704331592486
2018-11-05 13:00:00,28.6,66,21.5,0.0,8,586.0,13.0,341,4.232386007943037,-12.29174148279112
2018-11-05 14:00:00,28.4,66,21.5,0.0,11,500.0,13.9,343,4.063966695646046,-13.29263610788619
2018-11-05 15:00:00,28.5,65,21.3,0.0,12,354.0,13.7,346,3.3143299697154496,-13.293051449981151
2018-11-05 16:00:00,28.0,67,21.2,0.0,14,195.0,12.8,349,2.442355140819772,-12.5648279481301
2018-11-05 17:00:00,27.1,71,21.4,0.0,14,56.0,9.9,350,1.719116958902611,-9.74959675482086
2018-11-05 18:00:00,26.0,77,21.6,0.0,10,0.0,10.5,352,1.4613175600806918,-10.397814721786489
2018-11-05 19:00:00,25.0,82,21.8,0.0,11,0.0,9.4,360,2.3023359823970247e-15,-9.4
2018-11-05 20:00:00,24.5,86,22.0,0.0,9,0.0,9.0,358,0.3140954703225074,-8.994517443171862
2018-11-05 21:00:00,24.1,89,22.1,0.0,5,0.0,8.8,348,1.829622879196287,-8.60769888645749
2018-11-05 22:00:00,23.7,92,22.3,0.0,13,0.0,7.2,342,2.2249223594996232,-6.8476069173251055
2018-11-05 23:00:00,23.0,96,22.3,0.0,25,0.0,7.4,346,1.7902220274375422,-7.180188374442374
2018-11-06 00:00:00,22.6,97,22.2,0.0,40,0.0,6.5,354,0.6794350112397471,-6.4643923198937765
2018-11-06 01:00:00,22.4,98,22.0,0.0,77,0.0,6.5,3,-0.3401837155791349,-6.49109197590473
2018-11-06 02:00:00,22.3,98,21.9,0.0,79,0.0,5.4,8,-0.7515347451843534,-5.34744757120448
2018-11-06 03:00:00,22.1,98,21.9,0.0,81,0.0,5.4,4,-0.3766849582182766,-5.386845871403051
2018-11-06 04:00:00,22.0,99,21.8,0.0,83,0.0,5.4,4,-0.3766849582182766,-5.386845871403051
2018-11-06 05:00:00,21.9,99,21.7,0.0,80,0.0,5.8,360,1.4205902870109297e-15,-5.8
2018-11-06 06:00:00,21.9,99,21.7,0.0,71,0.0,4.7,360,1.1511679911985121e-15,-4.7
2018-11-06 07:00:00,22.2,98,21.9,0.0,57,13.0,5.1,8,-0.7097828148963337,-5.050367150582009
2018-11-06 08:00:00,23.5,93,22.4,0.0,29,83.0,3.6,6,-0.3763024677635525,-3.580278823325784
2018-11-06 09:00:00,25.2,84,22.4,0.0,3,239.0,3.1,339,1.1109406435904323,-2.894099322141325
2018-11-06 10:00:00,26.7,76,22.1,0.0,0,425.0,3.6,315,2.545584412271572,-2.5455844122715705
2018-11-06 11:00:00,27.7,70,21.8,0.0,0,551.0,5.7,305,4.669166652447253,-3.2693856872009626
2018-11-06 12:00:00,28.3,67,21.6,0.0,2,574.0,7.8,304,6.466493065929325,-4.361704647071827
2018-11-06 13:00:00,28.6,65,21.3,0.0,5,578.0,10.2,309,7.926888806861101,-6.419067988708342
2018-11-06 14:00:00,28.4,64,21.0,0.0,10,458.0,11.5,319,7.544678833390835,-8.679160172561877
2018-11-06 15:00:00,27.9,65,20.7,0.0,12,268.0,10.6,332,4.976398565530443,-9.359244484304623
2018-11-06 16:00:00,27.5,67,20.7,0.0,7,173.0,9.7,345,2.5105447374944503,-9.369480515003962
2018-11-06 17:00:00,26.7,71,20.9,0.0,8,45.0,8.0,350,1.389185421335443,-7.878462024097664
2018-11-06 18:00:00,25.6,76,21.2,0.0,17,0.0,9.3,344,2.5634274090980904,-8.939733772226367
2018-11-06 19:00:00,24.7,83,21.6,0.0,12,0.0,9.5,351,1.4861274178821953,-9.383039235653808
2018-11-06 20:00:00,24.2,88,22.0,0.0,10,0.0,8.0,352,1.113384807680527,-7.922144549932562
2018-11-06 21:00:00,23.8,91,22.3,0.0,5,0.0,7.3,349,1.392905666248776,-7.165878439167947
2018-11-06 22:00:00,23.4,94,22.4,0.0,3,0.0,7.3,340,2.4967470462773806,-6.859756131737131
2018-11-06 23:00:00,23.1,96,22.4,0.0,4,0.0,4.4,325,2.523736319944605,-3.604268994871563
2018-11-07 00:00:00,22.9,97,22.4,0.0,5,0.0,3.1,306,2.5079526825623377,-1.8221342821066664
2018-11-07 01:00:00,22.8,97,22.3,0.0,2,0.0,3.4,302,2.8833635269318485,-1.801725498392896
2018-11-07 02:00:00,22.8,97,22.3,0.0,25,0.0,3.5,336,1.4235782507653003,-3.1974091017491038
2018-11-07 03:00:00,22.7,98,22.3,0.0,28,0.0,5.4,360,1.3226185430791417e-15,-5.4
2018-11-07 04:00:00,22.5,98,22.2,0.0,77,0.0,5.4,8,-0.7515347451843534,-5.34744757120448
2018-11-07 05:00:00,22.5,99,22.3,0.0,78,0.0,7.2,360,1.7634913907721889e-15,-7.2
2018-11-07 06:00:00,22.6,99,22.4,0.0,78,0.0,6.6,351,1.0324674692655251,-6.5187430479279085
2018-11-07 07:00:00,22.9,98,22.5,0.0,77,10.0,7.6,355,0.6623836448822031,-7.571079705497266
2018-11-07 08:00:00,23.9,93,22.7,0.0,41,75.0,7.2,357,0.3768188849491994,-7.190132650232932
2018-11-07 09:00:00,25.4,84,22.5,0.0,6,203.0,7.2,354,0.7526049355271046,-7.160557646651568
2018-11-07 10:00:00,26.8,76,22.2,0.0,3,372.0,7.4,346,1.7902220274375422,-7.180188374442374
2018-11-07 11:00:00,27.8,71,22.0,0.0,4,509.0,8.4,335,3.549993398621873,-7.612985411107861
2018-11-07 12:00:00,28.4,67,21.7,0.0,1,632.0,9.3,332,4.366085533908785,-8.211412613588022
2018-11-07 13:00:00,28.7,66,21.6,0.0,2,591.0,10.6,332,4.976398565530443,-9.359244484304623
2018-11-07 14:00:00,28.5,66,21.5,0.0,3,480.0,11.3,333,5.130092647056881,-10.068373723328556
2018-11-07 15:00:00,28.3,67,21.5,0.0,6,347.0,11.6,338,4.345436483624583,-10.755332712974733
2018-11-07 16:00:00,27.9,68,21.4,0.0,9,186.0,11.5,346,2.7821017993961803,-11.15840085217396
2018-11-07 17:00:00,27.0,72,21.5,0.0,4,50.0,9.1,351,1.4235536318661028,-8.987963899415753
2018-11-07 18:00:00,25.8,77,21.6,0.0,3,0.0,8.4,353,1.0237024846032368,-8.337387673787106
2018-11-07 19:00:00,25.0,82,21.7,0.0,2,0.0,7.9,357,0.4134540543192605,-7.889173324561134
2018-11-07 20:00:00,24.3,87,22.0,0.0,0,0.0,7.3,351,1.141971594793687,-7.210124886344505
2018-11-07 21:00:00,23.9,90,22.1,0.0,2,0.0,7.3,349,1.392905666248776,-7.165878439167947
2018-11-07 22:00:00,23.5,93,22.2,0.0,0,0.0,7.8,347,1.7546182238821495,-7.600086505324834
2018-11-07 23:00:00,22.9,96,22.3,0.0,2,0.0,7.3,349,1.392905666248776,-7.165878439167947
2018-11-08 00:00:00,22.7,97,22.2,0.0,22,0.0,6.9,354,0.7212463965468086,-6.862201078041086
2018-11-08 01:00:00,22.5,97,22.1,0.0,37,0.0,6.1,3,-0.3192493330819573,-6.0916401620029
2018-11-08 02:00:00,22.6,97,22.1,0.0,41,0.0,5.5,11,-1.0494494745709964,-5.398949508962152
2018-11-08 03:00:00,22.6,97,22.1,0.0,50,0.0,5.4,20,-1.8469087739586112,-5.074340152243906
2018-11-08 04:00:00,22.5,97,22.0,0.0,49,0.0,5.3,28,-2.4881992827652213,-4.679622242152313
2018-11-08 05:00:00,22.5,97,21.9,0.0,54,0.0,4.7,32,-2.490620541896063,-3.985826051935202
2018-11-08 06:00:00,22.3,97,21.8,0.0,46,0.0,5.5,11,-1.0494494745709964,-5.398949508962152
2018-11-08 07:00:00,22.3,98,21.9,0.0,38,13.0,4.5,29,-2.1816432911085166,-3.935788682127281
2018-11-08 08:00:00,24.5,89,22.6,0.0,11,115.0,3.7,11,-0.7059932828932158,-3.632020578756357
2018-11-08 09:00:00,25.8,81,22.3,0.0,2,257.0,4.1,345,1.0611580849203348,-3.96029588778518
2018-11-08 10:00:00,27.0,74,22.0,0.0,1,466.0,6.5,326,3.6347538725598527,-5.388744221607772
2018-11-08 11:00:00,27.8,69,21.5,0.0,2,574.0,8.9,328,4.716281451675525,-7.54762805579219
2018-11-08 12:00:00,28.3,66,21.2,0.0,7,593.0,11.0,328,5.829111906565255,-9.328529057720685
2018-11-08 13:00:00,28.3,65,21.0,0.0,8,500.0,12.7,331,6.157082177128478,-11.107670280670328
2018-11-08 14:00:00,28.3,64,20.9,0.0,8,467.0,14.5,337,5.665601363094472,-13.347320375060384
2018-11-08 15:00:00,28.2,64,20.8,0.0,11,347.0,15.8,343,4.619472934619247,-15.109615144215958
2018-11-08 16:00:00,27.6,67,20.9,0.0,8,165.0,16.2,348,3.3681693912477098,-15.845991131887647
2018-11-08 17:00:00,26.7,71,21.1,0.0,11,49.0,14.2,353,1.7305446763530905,-14.094155353306771
2018-11-08 18:00:00,25.7,76,21.3,0.0,7,0.0,10.9,354,1.1393602496174222,-10.84028865951418
2018-11-08 19:00:00,25.1,80,21.5,0.0,6,0.0,8.4,7,-1.0237024846032388,-8.337387673787106
2018-11-08 20:00:00,24.6,83,21.6,0.0,3,0.0,9.1,18,-2.8120546488120213,-8.654614298285896
2018-11-08 21:00:00,24.4,85,21.7,0.0,3,0.0,6.0,33,-3.2678342100901627,-5.032023407672544
2018-11-08 22:00:00,24.0,88,21.8,0.0,2,0.0,1.5,76,-1.4554435894139948,-0.3628828433995015
2018-11-08 23:00:00,23.5,91,21.9,0.0,2,0.0,2.6,236,2.1554976886431088,1.453901549023941
2018-11-09 00:00:00,23.0,93,21.8,0.0,4,0.0,4.9,287,4.685893304218874,-1.43262135314141
2018-11-09 01:00:00,22.5,95,21.6,0.0,4,0.0,7.0,325,4.015035054457325,-5.734064310022941
2018-11-09 02:00:00,22.1,96,21.5,0.0,11,0.0,8.4,350,1.4586446924022154,-8.272385125302547
2018-11-09 03:00:00,23.1,94,22.1,0.0,23,0.0,8.6,358,0.300135671641507,-8.594761112364223
2018-11-09 04:00:00,22.7,96,22.0,0.0,38,0.0,8.3,2,-0.2896658226307581,-8.294943864258496
2018-11-09 05:00:00,22.6,95,21.8,0.0,44,0.0,8.7,5,-0.7582549619046259,-8.666893873398186
2018-11-09 06:00:00,22.2,96,21.5,0.0,41,0.0,8.0,10,-1.3891854213354426,-7.878462024097664
2018-11-09 07:00:00,22.5,94,21.5,0.0,31,12.0,8.4,25,-3.5499933986218752,-7.61298541110786
2018-11-09 08:00:00,24.0,86,21.6,0.0,22,88.0,6.2,21,-2.221881287180861,-5.788198644282651
2018-11-09 09:00:00,25.4,79,21.4,0.0,16,205.0,5.1,356,0.3557580160950407,-5.087576656325103
2018-11-09 10:00:00,26.6,73,21.3,0.0,8,400.0,5.8,330,2.9000000000000026,-5.022947341949743
2018-11-09 11:00:00,27.6,68,21.2,0.0,11,494.0,7.1,319,4.658019105832603,-5.35843801958168
2018-11-09 12:00:00,28.2,65,21.1,0.0,7,560.0,9.4,320,6.042203531053472,-7.200817765318392
2018-11-09 13:00:00,28.6,64,21.0,0.0,21,579.0,11.5,328,6.094071538681858,-9.752553105798896
2018-11-09 14:00:00,28.5,62,20.6,0.0,17,444.0,14.4,338,5.394334945189138,-13.351447505761737
2018-11-09 15:00:00,28.1,63,20.5,0.0,18,316.0,17.0,347,3.824167923845711,-16.564291101348996
2018-11-09 16:00:00,27.6,64,20.2,0.0,25,181.0,17.3,355,1.507794349534489,-17.234168276987198
2018-11-09 17:00:00,26.7,68,20.2,0.0,42,47.0,15.5,359,0.2705122997778952,-15.497639274924063
2018-11-09 18:00:00,25.4,74,20.3,0.0,27,0.0,16.2,357,0.8478424911356988,-16.177798463024097
2018-11-09 19:00:00,24.5,78,20.5,0.0,35,0.0,15.5,3,-0.8112073217656295,-15.478757788695894
2018-11-09 20:00:00,24.0,82,20.7,0.0,36,0.0,14.8,360,3.624954525476166e-15,-14.8
2018-11-09 21:00:00,23.7,84,20.9,0.0,32,0.0,14.4,357,0.7536377698983989,-14.380265300465863
2018-11-09 22:00:00,23.4,86,21.0,0.0,34,0.0,14.1,357,0.7379369830255156,-14.080676440039491
2018-11-09 23:00:00,23.2,88,21.1,0.0,27,0.0,13.3,358,0.4641633061432609,-13.291897999353974
2018-11-10 00:00:00,23.0,89,21.1,0.0,26,0.0,12.6,358,0.4397336584515103,-12.592324420440606
2018-11-10 01:00:00,22.9,90,21.2,0.0,23,0.0,11.5,360,2.8166876380389124e-15,-11.5
2018-11-10 02:00:00,22.7,91,21.1,0.0,29,0.0,10.1,360,2.473786534277653e-15,-10.1
2018-11-10 03:00:00,22.5,91,20.9,0.0,32,0.0,9.4,7,-1.1455718280083864,-9.329933825428428
2018-11-10 04:00:00,22.3,91,20.8,0.0,33,0.0,8.0,18,-2.472135954999579,-7.608452130361228
2018-11-10 05:00:00,22.2,92,20.8,0.0,30,0.0,8.6,360,2.1063924945334478e-15,-8.6
2018-11-10 06:00:00,22.2,92,20.9,0.0,21,0.0,9.0,360,2.204364238465236e-15,-9.0
2018-11-10 07:00:00,22.3,92,21.0,0.0,14,12.0,7.7,28,-3.61493103345136,-6.798696465013738
2018-11-10 08:00:00,24.1,83,21.0,0.0,20,100.0,4.9,17,-1.4326213531414105,-4.685893304218874
2018-11-10 09:00:00,25.3,77,20.9,0.0,24,178.0,2.7,337,1.0549740469210396,-2.4853631043215887
2018-11-10 10:00:00,26.4,73,21.1,0.0,30,260.0,2.1,301,1.800051331474436,-1.0815799573111138
2018-11-10 11:00:00,27.2,70,21.2,0.0,46,352.0,3.6,276,3.5802788233257843,-0.3763024677635507
2018-11-10 12:00:00,28.1,65,20.9,0.0,63,542.0,5.8,263,5.756767679519668,0.7068421917498535
2018-11-10 13:00:00,28.3,64,20.9,0.0,69,509.0,7.2,270,7.2,1.3226185430791417e-15
2018-11-10 14:00:00,28.2,64,20.8,0.0,71,412.0,8.0,288,7.608452130361229,-2.472135954999578
2018-11-10 15:00:00,27.2,67,20.6,0.0,64,44.0,7.1,311,5.3584380195816825,-4.6580191058326
2018-11-10 16:00:00,26.8,69,20.7,0.0,23,58.0,9.7,321,6.104407793183427,-7.538315826132614
2018-11-10 17:00:00,26.0,73,20.9,0.0,37,31.0,8.9,333,4.040515447681968,-7.929958065276474
2018-11-10 18:00:00,25.2,77,21.0,0.0,92,0.0,8.7,343,2.543633831087813,-8.319851376878407
2018-11-10 19:00:00,24.7,80,21.1,0.0,96,0.0,7.7,349,1.469229264399394,-7.558529312547013
2018-11-10 20:00:00,24.5,82,21.2,0.0,100,0.0,7.9,3,-0.4134540543192563,-7.889173324561134
2018-11-10 21:00:00,24.2,84,21.4,0.0,100,0.0,6.5,3,-0.3401837155791349,-6.49109197590473
2018-11-10 22:00:00,24.0,86,21.5,0.0,100,0.0,6.8,360,1.6655196468404002e-15,-6.8
2018-11-10 23:00:00,23.6,88,21.5,0.0,100,0.0,7.2,3,-0.3768188849491956,-7.190132650232932
2018-11-11 00:00:00,23.3,90,21.5,0.0,100,0.0,6.8,3,-0.3558845024520181,-6.790680836331102
2018-11-11 01:00:00,23.1,92,21.7,0.0,94,0.0,6.5,354,0.6794350112397471,-6.4643923198937765
2018-11-11 02:00:00,22.7,94,21.6,0.0,68,0.0,6.3,347,1.4171916423663515,-6.1385314081469815
2018-11-11 03:00:00,23.0,93,21.8,0.0,46,0.0,6.6,347,1.4846769586695112,-6.430842427582552
2018-11-11 04:00:00,23.0,93,21.8,0.0,18,0.0,7.2,354,0.7526049355271046,-7.160557646651568
2018-11-11 05:00:00,23.0,92,21.7,0.0,20,0.0,7.6,360,1.8614631347039767e-15,-7.6
2018-11-11 06:00:00,22.8,93,21.5,0.0,20,0.0,7.6,360,1.8614631347039767e-15,-7.6
2018-11-11 07:00:00,22.9,93,21.7,0.0,14,10.0,7.2,360,1.7634913907721889e-15,-7.2
2018-11-11 08:00:00,23.8,85,21.2,0.0,5,76.0,5.4,352,0.7515347451843558,-5.34744757120448
2018-11-11 09:00:00,24.9,75,20.2,0.0,11,246.0,4.7,328,2.490620541896064,-3.985826051935202
2018-11-11 10:00:00,25.9,70,20.1,0.0,8,353.0,5.1,309,3.963444403430551,-3.209533994354171
2018-11-11 11:00:00,26.7,68,20.2,0.0,5,416.0,6.0,303,5.032023407672545,-3.26783421009016
2018-11-11 12:00:00,27.3,66,20.4,0.0,5,551.0,8.3,304,6.881011852206846,-4.641301098807201
2018-11-11 13:00:00,27.5,66,20.5,0.0,8,497.0,9.7,309,7.538315826132616,-6.104407793183423
2018-11-11 14:00:00,27.3,66,20.4,0.0,10,405.0,10.0,322,6.156614753256582,-7.88010753606722
2018-11-11 15:00:00,27.0,66,20.0,0.0,12,272.0,9.0,331,4.363286582217032,-7.871577364254563
2018-11-11 16:00:00,26.7,66,19.9,0.0,6,188.0,8.1,339,2.902780391316936,-7.562001454627332
2018-11-11 17:00:00,26.0,70,20.0,0.0,8,47.0,6.9,332,3.2393537832226467,-6.092338390726597
2018-11-11 18:00:00,24.9,75,20.3,0.0,2,0.0,9.5,335,4.014873486536643,-8.609923976848176
2018-11-11 19:00:00,24.3,79,20.5,0.0,11,0.0,10.0,339,3.583679495453008,-9.335804264972015
2018-11-11 20:00:00,23.6,84,20.7,0.0,14,0.0,9.1,351,1.4235536318661028,-8.987963899415753
2018-11-11 21:00:00,23.3,86,20.9,0.0,20,0.0,7.9,3,-0.4134540543192563,-7.889173324561134
2018-11-11 22:00:00,23.1,89,21.1,0.0,19,0.0,6.5,3,-0.3401837155791349,-6.49109197590473
2018-11-11 23:00:00,22.6,92,21.3,0.0,17,0.0,5.1,356,0.3557580160950407,-5.087576656325103
2018-11-12 00:00:00,22.3,94,21.3,0.0,14,0.0,5.2,344,1.4333142502483949,-4.998560818879258
2018-11-12 01:00:00,21.7,96,21.0,0.0,13,0.0,4.9,343,1.4326213531414125,-4.685893304218873
2018-11-12 02:00:00,21.4,97,20.9,0.0,18,0.0,5.4,340,1.8469087739586103,-5.074340152243906
2018-11-12 03:00:00,21.7,96,21.0,0.0,48,0.0,6.1,332,2.863776532993933,-5.385980316439454
2018-11-12 04:00:00,22.0,95,21.1,0.0,55,0.0,6.6,338,2.4724035165450213,-6.119413440140796
2018-11-12 05:00:00,22.1,95,21.2,0.0,74,0.0,7.1,345,1.8376152202278968,-6.858073366652385
2018-11-12 06:00:00,22.3,95,21.4,0.2,67,0.0,7.8,347,1.7546182238821495,-7.600086505324834
2018-11-12 07:00:00,22.5,94,21.5,0.0,55,0.0,9.7,360,2.3758147903458648e-15,-9.7
2018-11-12 08:00:00,23.3,90,21.6,0.0,78,34.0,9.7,27,-4.403707847473603,-8.642763284627168
2018-11-12 09:00:00,24.6,82,21.2,0.0,65,146.0,8.6,57,-7.212566884330647,-4.683895701129233
2018-11-12 10:00:00,25.6,73,20.5,0.0,51,171.0,4.0,63,-3.564026096753471,-1.8159619989581872
2018-11-12 11:00:00,26.7,66,19.7,0.0,63,330.0,0.8,297,0.7128052193506944,-0.3631923997916373
2018-11-12 12:00:00,27.5,61,19.2,0.0,66,426.0,3.6,276,3.5802788233257843,-0.3763024677635507
2018-11-12 13:00:00,27.6,60,19.2,0.0,71,225.0,9.0,299,7.871577364254561,-4.363286582217036
2018-11-12 14:00:00,27.5,62,19.4,0.0,68,221.0,15.9,321,10.00619421769242,-12.356620787165832
2018-11-12 15:00:00,26.5,70,20.5,0.0,97,19.0,18.3,340,6.258968622859736,-17.196374960382126
2018-11-12 16:00:00,26.2,71,20.5,0.0,44,54.0,18.0,360,4.408728476930472e-15,-18.0
2018-11-12 17:00:00,25.5,73,20.3,0.0,44,23.0,14.9,7,-1.8158532167366972,-14.788937659455698
2018-11-12 18:00:00,24.7,77,20.4,0.0,31,0.0,13.7,3,-0.7170026005283305,-13.68122462613766
2018-11-12 19:00:00,24.0,82,20.8,0.0,14,0.0,13.4,6,-1.4006814077865566,-13.326593397934865
2018-11-12 20:00:00,23.3,87,21.1,0.0,20,0.0,11.4,11,-2.175222547292611,-11.19054989130337
2018-11-12 21:00:00,22.9,90,21.3,0.0,14,0.0,10.5,8,-1.4613175600806871,-10.397814721786489
2018-11-12 22:00:00,22.5,93,21.3,0.0,13,0.0,10.5,4,-0.7324429743133156,-10.474422527728152
2018-11-12 23:00:00,22.3,95,21.4,0.0,14,0.0,10.4,360,2.547265342226495e-15,-10.4
2018-11-13 00:00:00,22.1,96,21.4,0.0,17,0.0,11.5,358,0.4013442120787595,-11.4929945107196
2018-11-13 01:00:00,21.9,97,21.4,0.0,16,0.0,13.3,358,0.4641633061432609,-13.291897999353974
2018-11-13 02:00:00,21.7,97,21.2,0.0,11,0.0,14.4,360,3.5269827815443773e-15,-14.4
2018-11-13 03:00:00,21.6,96,20.9,0.0,18,0.0,14.8,1,-0.258295615271796,-14.79774588831459
2018-11-13 04:00:00,21.5,95,20.7,0.0,25,0.0,14.1,3,-0.737936983025508,-14.080676440039491
2018-11-13 05:00:00,21.3,95,20.4,0.0,15,0.0,13.3,2,-0.4641633061432629,-13.291897999353974
2018-11-13 06:00:00,21.1,95,20.2,0.0,9,0.0,14.4,360,3.5269827815443773e-15,-14.4
2018-11-13 07:00:00,21.3,93,20.1,0.0,5,13.0,16.6,360,4.065827373169213e-15,-16.6
2018-11-13 08:00:00,22.8,83,19.8,0.0,2,125.0,16.9,359,0.2949456687900921,-16.89742604814301
2018-11-13 09:00:00,24.5,71,18.9,0.0,2,301.0,18.0,2,-0.6281909406450175,-17.989034886343724
2018-11-13 10:00:00,25.9,62,17.9,0.0,1,446.0,17.3,4,-1.2067869957733677,-17.257858069494958
2018-11-13 11:00:00,27.0,55,17.3,0.0,0,575.0,15.8,1,-0.2757480217090794,-15.797593583470984
2018-11-13 12:00:00,27.5,53,17.1,0.0,0,606.0,15.1,359,0.2635313372029818,-15.097700196861508
2018-11-13 13:00:00,27.8,52,17.2,0.0,0,602.0,15.1,357,0.79027293926846,-15.079305974794064
2018-11-13 14:00:00,27.8,53,17.3,0.0,3,529.0,14.0,359,0.2443336901219698,-13.997867732189478
2018-11-13 15:00:00,27.6,55,17.7,0.0,2,364.0,12.6,360,3.08610993385133e-15,-12.6
2018-11-13 16:00:00,27.0,57,17.8,0.0,2,191.0,12.6,357,0.659433048661099,-12.58273213790763
2018-11-13 17:00:00,25.8,63,18.1,0.0,2,51.0,12.3,355,1.0720156357961974,-12.253194786528471
2018-11-13 18:00:00,24.3,70,18.4,0.0,2,0.0,13.7,355,1.1940336756429188,-13.647867363856914
2018-11-13 19:00:00,23.2,76,18.7,0.0,1,0.0,14.4,359,0.2513146526968833,-14.397806810252035
2018-11-13 20:00:00,22.7,80,19.0,0.0,1,0.0,13.3,358,0.4641633061432609,-13.291897999353974
2018-11-13 21:00:00,22.3,82,19.1,0.0,0,0.0,12.6,358,0.4397336584515103,-12.592324420440606
2018-11-13 22:00:00,21.8,86,19.3,0.0,2,0.0,12.2,360,2.9881381899195417e-15,-12.2
2018-11-13 23:00:00,21.6,87,19.3,0.0,3,0.0,11.5,4,-0.802199448057441,-11.47198657798798
2018-11-14 00:00:00,21.3,89,19.3,0.0,6,0.0,10.8,4,-0.7533699164365533,-10.773691742806102
2018-11-14 01:00:00,21.1,89,19.2,0.0,10,0.0,10.1,6,-1.0557374790033,-10.04467114321956
2018-11-14 02:00:00,20.8,90,19.2,0.0,11,0.0,9.8,6,-1.024378940023004,-9.746314574609078
2018-11-14 03:00:00,20.8,91,19.3,0.0,17,0.0,10.1,6,-1.0557374790033,-10.04467114321956
2018-11-14 04:00:00,20.6,92,19.2,0.0,12,0.0,10.5,6,-1.0975488643103617,-10.44247990136687
2018-11-14 05:00:00,20.4,93,19.2,0.0,16,0.0,10.5,6,-1.0975488643103617,-10.44247990136687
2018-11-14 06:00:00,20.4,92,19.1,0.0,8,0.0,11.5,360,2.8166876380389124e-15,-11.5
2018-11-14 07:00:00,20.7,91,19.1,0.0,11,13.0,13.0,3,-0.6803674311582698,-12.98218395180946
2018-11-14 08:00:00,22.4,82,19.3,0.0,8,111.0,11.5,360,2.8166876380389124e-15,-11.5
2018-11-14 09:00:00,24.4,71,18.9,0.0,5,284.0,11.5,360,2.8166876380389124e-15,-11.5
2018-11-14 10:00:00,25.8,64,18.5,0.0,4,433.0,10.8,358,0.3769145643870089,-10.793420931806237
2018-11-14 11:00:00,26.9,59,18.2,0.0,8,543.0,8.7,355,0.7582549619046273,-8.666893873398186
2018-11-14 12:00:00,27.6,56,18.1,0.0,6,594.0,7.3,349,1.392905666248776,-7.165878439167947
2018-11-14 13:00:00,27.8,55,18.0,0.0,6,594.0,8.1,339,2.902780391316936,-7.562001454627332
2018-11-14 14:00:00,27.7,55,17.9,0.0,4,471.0,9.0,337,3.516580156403465,-8.284543681071963
2018-11-14 15:00:00,27.6,56,18.1,0.0,3,340.0,9.6,340,3.2833933759264187,-9.02104915954472
2018-11-14 16:00:00,27.1,58,18.1,0.0,2,186.0,10.7,346,2.588564282916446,-10.382164271153162
2018-11-14 17:00:00,26.3,61,18.1,0.0,2,45.0,9.5,349,1.8126854560771744,-9.325458242752807
2018-11-14 18:00:00,25.1,66,18.3,0.0,0,0.0,12.4,350,2.153237403069937,-12.21161613735138
2018-11-14 19:00:00,24.0,71,18.5,0.0,1,0.0,15.1,360,3.698433333425007e-15,-15.1
2018-11-14 20:00:00,23.2,75,18.6,0.0,1,0.0,15.2,4,-1.0602984009107046,-15.162973563949327
2018-11-14 21:00:00,22.7,79,18.8,0.0,9,0.0,13.4,5,-1.1678869528186195,-13.34900895442939
2018-11-14 22:00:00,22.3,81,18.9,0.0,11,0.0,12.6,360,3.08610993385133e-15,-12.6
2018-11-14 23:00:00,22.1,83,19.0,0.0,14,0.0,13.0,358,0.4536934571325107,-12.992080751248244
2018-11-15 00:00:00,21.9,84,19.0,0.0,17,0.0,12.3,3,-0.6437322617882092,-12.283143277481258
2018-11-15 01:00:00,21.8,84,19.0,0.0,19,0.0,10.6,10,-1.8406706832694613,-10.438962181929403
2018-11-15 02:00:00,21.7,85,19.1,0.0,18,0.0,9.0,16,-2.4807362023529924,-8.65135526344487
2018-11-15 03:00:00,20.7,89,18.8,0.0,31,0.0,8.0,18,-2.472135954999579,-7.608452130361228
2018-11-15 04:00:00,20.6,89,18.8,0.0,35,0.0,7.3,20,-2.496747046277381,-6.859756131737131
2018-11-15 05:00:00,20.5,90,18.8,0.0,20,0.0,7.7,11,-1.469229264399395,-7.558529312547013
2018-11-15 06:00:00,20.4,91,18.8,0.0,19,0.0,7.9,357,0.4134540543192605,-7.889173324561134
2018-11-15 07:00:00,20.8,89,19.0,0.0,10,14.0,8.3,360,2.0329136865846065e-15,-8.3
2018-11-15 08:00:00,22.9,80,19.3,0.0,15,124.0,6.5,354,0.6794350112397471,-6.4643923198937765
2018-11-15 09:00:00,24.6,71,19.0,0.0,10,285.0,5.2,348,1.0811407922523513,-5.086367523815789
2018-11-15 10:00:00,25.9,67,19.2,0.0,11,457.0,3.8,311,2.8678964048465345,-2.4930243101639267
2018-11-15 11:00:00,26.8,63,19.2,0.0,18,522.0,4.7,302,3.9858260519352022,-2.490620541896062
2018-11-15 12:00:00,27.5,60,19.1,0.0,11,583.0,5.3,298,4.6796222421523135,-2.488199282765219
2018-11-15 13:00:00,27.8,59,19.0,0.0,15,556.0,6.2,291,5.788198644282651,-2.2218812871808624
2018-11-15 14:00:00,27.8,58,18.9,0.0,20,457.0,7.9,300,6.841600689897065,-3.950000000000001
2018-11-15 15:00:00,27.3,60,18.9,0.0,25,278.0,8.9,320,5.720809726210202,-6.817795543758902
2018-11-15 16:00:00,26.8,61,18.7,0.0,25,129.0,10.7,340,3.659615533584654,-10.05471104240922
2018-11-15 17:00:00,26.0,64,18.5,0.0,21,40.0,10.3,348,2.141490415422927,-10.074920287558198
2018-11-15 18:00:00,25.0,67,18.4,0.0,24,0.0,10.6,350,1.840670683269462,-10.438962181929403
2018-11-15 19:00:00,24.4,69,18.4,0.0,28,0.0,9.0,358,0.3140954703225074,-8.994517443171862
2018-11-15 20:00:00,23.8,72,18.6,0.0,31,0.0,7.6,355,0.6623836448822031,-7.571079705497266
2018-11-15 21:00:00,23.4,75,18.8,0.0,37,0.0,6.9,351,1.0793978087775946,-6.81504955010645
2018-11-15 22:00:00,23.0,78,19.1,0.0,52,0.0,7.9,360,1.934941942652818e-15,-7.9
2018-11-15 23:00:00,22.6,82,19.3,0.0,62,0.0,8.0,10,-1.3891854213354426,-7.878462024097664
2018-11-16 00:00:00,22.0,86,19.6,0.0,75,0.0,8.0,10,-1.3891854213354426,-7.878462024097664
2018-11-16 01:00:00,22.1,85,19.5,0.0,86,0.0,8.0,8,-1.1133848076805235,-7.922144549932563
2018-11-16 02:00:00,22.6,83,19.5,0.0,78,0.0,7.6,3,-0.3977532674463731,-7.589584464134761
2018-11-16 03:00:00,21.2,91,19.6,0.0,68,0.0,7.3,351,1.141971594793687,-7.210124886344505
2018-11-16 04:00:00,21.1,91,19.7,0.0,70,0.0,7.7,349,1.469229264399394,-7.558529312547013
2018-11-16 05:00:00,21.1,92,19.7,0.0,58,0.0,7.1,345,1.8376152202278968,-6.858073366652385
2018-11-16 06:00:00,21.0,92,19.7,0.0,45,0.0,6.1,332,2.863776532993933,-5.385980316439454
2018-11-16 07:00:00,21.3,93,20.1,0.0,32,11.0,5.4,340,1.8469087739586103,-5.074340152243906
2018-11-16 08:00:00,23.6,84,20.7,0.0,28,108.0,3.5,336,1.4235782507653003,-3.1974091017491038
2018-11-16 09:00:00,25.0,73,19.8,0.0,20,230.0,4.7,328,2.490620541896064,-3.985826051935202
2018-11-16 10:00:00,26.1,66,19.2,0.0,12,352.0,6.6,338,2.4724035165450213,-6.119413440140796
2018-11-16 11:00:00,27.3,59,18.7,0.0,20,518.0,8.6,345,2.225843787881678,-8.306962106085987
2018-11-16 12:00:00,27.9,56,18.5,0.0,18,483.0,9.6,347,2.159530121701107,-9.353952621938255
2018-11-16 13:00:00,28.4,55,18.6,0.0,7,555.0,9.6,340,3.2833933759264187,-9.02104915954472
2018-11-16 14:00:00,28.4,56,18.7,0.0,10,453.0,10.6,336,4.311408416603482,-9.68358185101157
2018-11-16 15:00:00,28.2,57,18.9,0.0,6,315.0,12.8,344,3.528158154457586,-12.304149708010485
2018-11-16 16:00:00,27.7,59,18.9,0.0,15,171.0,14.5,354,1.5156627173809745,-14.420567482839962
2018-11-16 17:00:00,26.7,63,19.1,0.0,23,40.0,13.3,360,3.25756048573196e-15,-13.3
2018-11-16 18:00:00,25.6,69,19.5,0.0,39,0.0,13.7,355,1.1940336756429188,-13.647867363856914
2018-11-16 19:00:00,24.9,74,20.0,0.0,37,0.0,13.4,5,-1.1678869528186195,-13.34900895442939
2018-11-16 20:00:00,24.4,79,20.5,0.0,34,0.0,11.6,7,-1.4136843834997106,-11.513535359039334
2018-11-16 21:00:00,24.0,82,20.8,0.0,25,0.0,8.7,5,-0.7582549619046259,-8.666893873398186
2018-11-16 22:00:00,23.7,85,21.1,0.0,21,0.0,8.0,352,1.113384807680527,-7.922144549932562
2018-11-16 23:00:00,23.4,88,21.3,0.0,19,0.0,7.8,347,1.7546182238821495,-7.600086505324834
2018-11-17 00:00:00,23.2,90,21.5,0.0,28,0.0,7.3,351,1.141971594793687,-7.210124886344505
2018-11-17 01:00:00,22.9,92,21.6,0.0,29,0.0,7.6,357,0.3977532674463772,-7.589584464134761
2018-11-17 02:00:00,22.7,93,21.6,0.0,46,0.0,7.9,357,0.4134540543192605,-7.889173324561134
2018-11-17 03:00:00,23.1,94,22.1,0.1,54,0.0,8.6,358,0.300135671641507,-8.594761112364223
2018-11-17 04:00:00,23.1,94,22.1,0.0,61,0.0,9.4,360,2.3023359823970247e-15,-9.4
2018-11-17 05:00:00,23.0,93,21.8,0.0,66,0.0,9.4,360,2.3023359823970247e-15,-9.4
2018-11-17 06:00:00,23.0,92,21.6,0.0,39,0.0,8.6,360,2.1063924945334478e-15,-8.6
2018-11-17 07:00:00,22.9,92,21.5,0.0,36,7.0,10.9,354,1.1393602496174222,-10.84028865951418
2018-11-17 08:00:00,23.7,87,21.4,0.1,46,61.0,11.5,356,0.8021994480574448,-11.47198657798798
2018-11-17 09:00:00,24.6,80,20.9,0.2,55,185.0,13.0,360,3.1840816777831178e-15,-13.0
2018-11-17 10:00:00,25.3,75,20.5,0.2,55,241.0,14.8,359,0.2582956152717967,-14.79774588831459
2018-11-17 11:00:00,25.7,71,20.0,0.1,64,253.0,16.6,1,-0.2897099468589063,-16.597471739596095
2018-11-17 12:00:00,26.3,69,20.0,0.1,74,384.0,16.6,360,4.065827373169213e-15,-16.6
2018-11-17 13:00:00,26.5,68,20.1,0.0,56,367.0,17.6,1,-0.3071623532961898,-17.59731943475249
2018-11-17 14:00:00,26.3,69,20.2,0.0,44,194.0,16.6,4,-1.15795746415248,-16.55956323431308
2018-11-17 15:00:00,27.0,63,19.4,0.0,54,245.0,14.8,6,-1.5470212563612715,-14.718924051450443
2018-11-17 16:00:00,26.6,65,19.5,0.0,45,146.0,13.4,5,-1.1678869528186195,-13.34900895442939
2018-11-17 17:00:00,25.9,68,19.6,0.0,37,37.0,11.2,360,2.743208830090071e-15,-11.2
2018-11-17 18:00:00,24.8,74,19.8,0.0,26,0.0,11.3,353,1.3771235804781636,-11.21577151354694
2018-11-17 19:00:00,24.2,78,20.1,0.0,23,0.0,10.5,356,0.7324429743133192,-10.474422527728152
2018-11-17 20:00:00,23.7,81,20.3,0.0,16,0.0,9.7,356,0.6766377953180186,-9.676371287520292
2018-11-17 21:00:00,23.2,85,20.5,0.0,17,0.0,10.5,354,1.0975488643103608,-10.44247990136687
2018-11-17 22:00:00,22.8,87,20.6,0.0,12,0.0,11.2,354,1.1707187885977182,-11.13864522812466
2018-11-17 23:00:00,22.6,89,20.6,0.0,17,0.0,10.8,2,-0.3769145643870105,-10.793420931806237
2018-11-18 00:00:00,22.4,90,20.6,0.0,10,0.0,10.4,2,-0.3629547657060101,-10.393664600998596
2018-11-18 01:00:00,22.2,91,20.6,0.0,8,0.0,10.8,358,0.3769145643870089,-10.793420931806237
2018-11-18 02:00:00,22.1,91,20.5,0.0,8,0.0,10.8,360,2.645237086158283e-15,-10.8
2018-11-18 03:00:00,22.2,92,20.7,0.0,4,0.0,10.1,4,-0.7045403848156655,-10.075396907624224
2018-11-18 04:00:00,21.9,93,20.7,0.0,10,0.0,8.4,7,-1.0237024846032388,-8.337387673787106
2018-11-18 05:00:00,21.8,93,20.6,0.0,9,0.0,6.9,6,-0.721246396546809,-6.862201078041086
2018-11-18 06:00:00,21.7,94,20.6,0.0,3,0.0,6.6,347,1.4846769586695112,-6.430842427582552
2018-11-18 07:00:00,22.0,93,20.8,0.0,6,11.0,9.5,351,1.4861274178821953,-9.383039235653808
2018-11-18 08:00:00,23.7,86,21.3,0.0,12,110.0,9.4,360,2.3023359823970247e-15,-9.4
2018-11-18 09:00:00,25.5,75,20.7,0.0,7,267.0,10.5,4,-0.7324429743133156,-10.474422527728152
2018-11-18 10:00:00,26.6,69,20.4,0.0,11,357.0,9.7,360,2.3758147903458648e-15,-9.7
2018-11-18 11:00:00,27.5,64,20.2,0.0,7,439.0,8.7,353,1.0602632876247808,-8.635151519279502
2018-11-18 12:00:00,28.1,62,20.3,0.0,9,533.0,9.1,342,2.812054648812024,-8.654614298285896
2018-11-18 13:00:00,28.3,62,20.4,0.0,11,458.0,10.0,339,3.583679495453008,-9.335804264972015
2018-11-18 14:00:00,28.4,62,20.5,0.0,10,434.0,9.6,340,3.2833933759264187,-9.02104915954472
2018-11-18 15:00:00,28.0,65,20.7,0.0,9,272.0,9.0,344,2.48073620235299,-8.65135526344487
2018-11-18 16:00:00,27.6,66,20.7,0.0,7,181.0,9.4,342,2.9047597471245084,-8.939931253174443
2018-11-18 17:00:00,26.6,70,20.8,0.0,4,43.0,9.1,342,2.812054648812024,-8.654614298285896
2018-11-18 18:00:00,25.3,77,21.0,0.0,7,0.0,12.7,345,3.2870018728020125,-12.267257993871167
2018-11-18 19:00:00,24.4,83,21.3,0.0,23,0.0,14.1,354,1.473851332073913,-14.022758724692652
2018-11-18 20:00:00,23.8,87,21.4,0.0,28,0.0,14.4,359,0.2513146526968833,-14.397806810252035
2018-11-18 21:00:00,23.4,89,21.5,0.0,35,0.0,13.0,358,0.4536934571325107,-12.992080751248244
2018-11-18 22:00:00,23.0,92,21.6,0.0,38,0.0,11.5,360,2.8166876380389124e-15,-11.5
2018-11-18 23:00:00,22.7,93,21.6,0.0,36,0.0,11.5,360,2.8166876380389124e-15,-11.5
2018-11-19 00:00:00,22.4,95,21.6,0.0,36,0.0,13.3,358,0.4641633061432609,-13.291897999353974
2018-11-19 01:00:00,22.5,95,21.7,0.1,48,0.0,13.4,5,-1.1678869528186195,-13.34900895442939
2018-11-19 02:00:00,22.4,95,21.6,0.2,57,0.0,13.8,6,-1.442492793093618,-13.724402156082173
2018-11-19 03:00:00,22.7,89,20.9,0.1,100,0.0,14.8,3,-0.7745721523955688,-14.779717114367694
2018-11-19 04:00:00,22.7,89,20.8,0.1,84,0.0,16.6,2,-0.5793316452615161,-16.58988772851699
2018-11-19 05:00:00,22.6,90,20.9,0.0,44,0.0,17.0,4,-1.18586005365013,-16.958588854417012
2018-11-19 06:00:00,22.4,91,20.9,0.0,16,0.0,17.0,4,-1.18586005365013,-16.958588854417012
2018-11-19 07:00:00,22.5,91,20.9,0.0,9,8.0,18.4,358,0.6421507393260151,-18.38879121715136
2018-11-19 08:00:00,23.3,85,20.7,0.0,11,103.0,21.0,354,2.1950977286207216,-20.88495980273374
2018-11-19 09:00:00,24.5,77,20.3,0.0,5,255.0,22.7,356,1.583471953991652,-22.644703940898008
2018-11-19 10:00:00,25.7,70,19.8,0.0,6,396.0,22.0,1,-0.3839529416202372,-21.99664929344061
2018-11-19 11:00:00,26.5,66,19.6,0.0,11,470.0,20.5,2,-0.7154396824012699,-20.487511953891463
2018-11-19 12:00:00,27.1,63,19.5,0.2,12,539.0,19.8,360,4.849601324623519e-15,-19.8
2018-11-19 13:00:00,27.6,61,19.4,0.0,14,517.0,19.8,358,0.6910100347095163,-19.787938374978097
2018-11-19 14:00:00,27.5,61,19.3,0.0,19,401.0,18.7,359,0.3263600003772026,-18.697151899424515
2018-11-19 15:00:00,27.5,61,19.3,0.0,25,321.0,18.1,355,1.5775189437326156,-18.0311240354606
2018-11-19 16:00:00,26.6,64,19.2,0.0,22,165.0,19.2,352,2.6721235384332647,-19.01314691983815
2018-11-19 17:00:00,25.2,69,19.1,0.0,22,39.0,18.8,353,2.291143656016768,-18.659867650856857
2018-11-19 18:00:00,23.9,74,18.9,0.0,27,0.0,19.8,357,1.0362519336102984,-19.772864788140563
2018-11-19 19:00:00,23.0,77,18.7,0.0,14,0.0,19.4,359,0.338576684883301,-19.39704528603399
2018-11-19 20:00:00,22.5,79,18.6,0.0,10,0.0,19.5,357,1.020551146737415,-19.47327592771419
2018-11-19 21:00:00,22.1,80,18.6,0.0,5,0.0,19.1,357,0.9996167642402376,-19.07382411381236
2018-11-19 22:00:00,21.9,82,18.6,0.0,13,0.0,17.7,358,0.6177210916342646,-17.689217638237995
2018-11-19 23:00:00,21.7,83,18.6,0.0,12,0.0,15.5,357,0.8112073217656377,-15.478757788695894
2018-11-20 00:00:00,21.5,84,18.6,0.0,12,0.0,13.0,358,0.4536934571325107,-12.992080751248244
2018-11-20 01:00:00,21.6,84,18.7,0.0,11,0.0,11.5,360,2.8166876380389124e-15,-11.5
2018-11-20 02:00:00,21.5,84,18.8,0.0,28,0.0,10.8,360,2.645237086158283e-15,-10.8
2018-11-20 03:00:00,20.6,89,18.8,0.0,39,0.0,11.5,360,2.8166876380389124e-15,-11.5
2018-11-20 04:00:00,20.7,89,18.8,0.0,41,0.0,11.6,5,-1.0110066158728348,-11.555858497864248
2018-11-20 05:00:00,20.7,89,18.8,0.0,41,0.0,9.9,10,-1.7191169589026103,-9.74959675482086
2018-11-20 06:00:00,20.6,89,18.8,0.0,34,0.0,8.6,2,-0.3001356716415083,-8.594761112364223
2018-11-20 07:00:00,20.8,89,18.9,0.0,43,9.0,6.2,7,-0.7555899291119144,-6.153786140176196
2018-11-20 08:00:00,22.4,82,19.1,0.0,44,91.0,3.7,349,0.7059932828932153,-3.632020578756357
2018-11-20 09:00:00,24.0,73,19.0,0.0,71,245.0,2.3,309,1.7874357113510326,-1.447436899414626
2018-11-20 10:00:00,25.3,69,19.2,0.0,60,379.0,3.0,256,2.910887178827989,0.7257656867990033
2018-11-20 11:00:00,26.2,66,19.4,0.0,82,498.0,4.7,274,4.688551036221175,-0.3278554265973885
2018-11-20 12:00:00,26.8,64,19.4,0.0,88,554.0,7.5,287,7.172285669722766,-2.192787785420525
2018-11-20 13:00:00,26.9,63,19.3,0.1,100,494.0,9.2,301,7.885939166459432,-4.738350289172498
2018-11-20 14:00:00,26.8,64,19.3,0.0,99,350.0,10.3,306,8.33287504206196,-6.054188098612472
2018-11-20 15:00:00,26.0,66,19.2,0.0,89,233.0,11.1,324,6.524416300446454,-8.980088637561915
2018-11-20 16:00:00,25.5,68,19.1,0.0,78,134.0,12.2,341,3.971931484377312,-11.535326622311665
2018-11-20 17:00:00,24.7,71,19.1,0.0,71,33.0,10.1,354,1.0557374790032994,-10.04467114321956
2018-11-20 18:00:00,23.9,75,19.2,0.0,73,0.0,9.0,355,0.7844016847289249,-8.96575228282571
2018-11-20 19:00:00,23.6,77,19.2,0.0,57,0.0,8.3,2,-0.2896658226307581,-8.294943864258496
2018-11-20 20:00:00,23.2,79,19.3,0.0,70,0.0,7.6,5,-0.662383644882202,-7.571079705497266
2018-11-20 21:00:00,23.0,80,19.4,0.0,64,0.0,6.9,9,-1.079397808777593,-6.815049550106451
2018-11-20 22:00:00,22.6,83,19.6,0.0,65,0.0,6.5,6,-0.6794350112397476,-6.4643923198937765
2018-11-20 23:00:00,22.1,87,19.9,0.0,67,0.0,5.1,352,0.709782814896336,-5.050367150582008
2018-11-21 00:00:00,21.8,88,19.8,0.0,64,0.0,5.4,323,3.2498011250210608,-4.312631754255381
2018-11-21 01:00:00,21.2,92,19.9,0.0,65,0.0,6.3,329,3.244739871933344,-5.400153994423306
2018-11-21 02:00:00,21.0,92,19.7,0.0,50,0.0,7.2,342,2.2249223594996232,-6.8476069173251055
2018-11-21 03:00:00,21.5,91,20.0,0.0,47,0.0,8.7,353,1.0602632876247808,-8.635151519279502
2018-11-21 04:00:00,21.6,92,20.2,0.0,43,0.0,9.7,356,0.6766377953180186,-9.676371287520292
2018-11-21 05:00:00,21.6,93,20.4,0.0,37,0.0,9.0,355,0.7844016847289249,-8.96575228282571
2018-11-21 06:00:00,21.5,93,20.3,0.0,44,0.0,6.9,354,0.7212463965468086,-6.862201078041086
2018-11-21 07:00:00,21.4,94,20.4,0.0,29,10.0,7.0,12,-1.4553818357243151,-6.84703320513664
2018-11-21 08:00:00,22.9,89,20.9,0.0,19,110.0,4.7,9,-0.7352419856890852,-4.642135200797148
2018-11-21 09:00:00,24.6,78,20.6,0.0,17,271.0,2.7,337,1.0549740469210396,-2.4853631043215887
2018-11-21 10:00:00,25.9,70,19.9,0.0,9,406.0,3.4,288,3.2335921554035223,-1.0506577808748203
2018-11-21 11:00:00,26.9,65,19.7,0.0,4,534.0,6.4,297,5.702441754805555,-2.9055391983330985
2018-11-21 12:00:00,27.6,62,19.7,0.0,2,584.0,10.2,309,7.926888806861101,-6.419067988708342
2018-11-21 13:00:00,27.9,62,19.9,0.0,4,546.0,11.5,321,7.237184497073135,-8.937178556755162
2018-11-21 14:00:00,27.8,62,20.0,0.0,3,466.0,12.2,332,5.727553065987867,-10.771960632878908
2018-11-21 15:00:00,27.7,64,20.3,0.0,14,355.0,13.1,339,4.69462013904344,-12.22990358711334
2018-11-21 16:00:00,27.1,65,20.1,0.0,17,182.0,13.8,345,3.5717028224147858,-13.329776402789143
2018-11-21 17:00:00,26.1,70,20.1,0.0,27,40.0,12.4,350,2.153237403069937,-12.21161613735138
2018-11-21 18:00:00,24.8,75,20.1,0.0,18,0.0,11.4,347,2.564442019520065,-11.10781873855168
2018-11-21 19:00:00,24.0,79,20.2,0.0,26,0.0,11.5,4,-0.802199448057441,-11.47198657798798
2018-11-21 20:00:00,23.5,82,20.3,0.0,20,0.0,10.0,15,-2.5881904510252074,-9.659258262890685
2018-11-21 21:00:00,23.1,85,20.3,0.0,19,0.0,9.5,11,-1.812685456077176,-9.325458242752807
2018-11-21 22:00:00,22.8,86,20.3,0.0,22,0.0,11.9,360,2.9146593819707008e-15,-11.9
2018-11-21 23:00:00,22.4,87,20.2,0.0,15,0.0,15.2,356,1.0602984009107097,-15.162973563949327
2018-11-22 00:00:00,22.1,88,20.0,0.0,16,0.0,16.6,358,0.5793316452615137,-16.58988772851699
2018-11-22 01:00:00,21.8,89,20.0,0.0,14,0.0,16.9,359,0.2949456687900921,-16.89742604814301
2018-11-22 02:00:00,21.5,91,20.0,0.0,18,0.0,16.6,359,0.2897099468589071,-16.597471739596095
2018-11-22 03:00:00,21.9,89,20.0,0.0,22,0.0,17.7,358,0.6177210916342646,-17.689217638237995
2018-11-22 04:00:00,21.7,90,20.0,0.0,37,0.0,20.5,359,0.3577743319643129,-20.49687775070602
2018-11-22 05:00:00,21.7,89,19.9,0.0,38,0.0,23.0,360,5.633375276077825e-15,-23.0
2018-11-22 06:00:00,21.3,88,19.3,0.0,34,0.0,22.7,359,0.3961696261263368,-22.69654268005008
2018-11-22 07:00:00,21.1,85,18.5,0.0,10,8.0,24.1,3,-1.2612965454549463,-24.06697178758523
2018-11-22 08:00:00,21.9,76,17.5,0.0,14,110.0,25.7,6,-2.686381505978694,-25.559212710964623
2018-11-22 09:00:00,23.3,68,17.0,0.0,23,282.0,26.4,5,-2.300911608538176,-26.29954002962208
2018-11-22 10:00:00,24.6,61,16.6,0.0,29,429.0,26.7,5,-2.327058331362473,-26.598398439049607
2018-11-22 11:00:00,25.5,57,16.4,0.0,30,556.0,26.4,5,-2.300911608538176,-26.29954002962208
2018-11-22 12:00:00,25.9,56,16.4,0.0,28,581.0,25.6,3,-1.3398004798193623,-25.56491608971709
2018-11-22 13:00:00,25.9,56,16.4,0.0,32,567.0,24.9,2,-0.8689974678922741,-24.884831592775484
2018-11-22 14:00:00,25.6,57,16.4,0.0,30,475.0,24.5,360,6.000769315822031e-15,-24.5
2018-11-22 15:00:00,25.2,57,16.2,0.0,25,353.0,24.1,359,0.4206029951385338,-24.096329453269032
2018-11-22 16:00:00,24.2,60,16.1,0.0,12,177.0,23.8,360,5.8293187639414016e-15,-23.8
2018-11-22 17:00:00,23.1,64,16.0,0.0,14,43.0,21.2,359,0.3699910164704114,-21.19677113731549
2018-11-22 18:00:00,22.1,68,16.0,0.0,26,0.0,19.8,360,4.849601324623519e-15,-19.8
2018-11-22 19:00:00,21.7,70,16.1,0.0,25,0.0,20.2,359,0.3525386100331279,-20.196923442159104
2018-11-22 20:00:00,21.6,72,16.2,0.0,17,0.0,20.2,357,1.0571863161074762,-20.17231660204239
2018-11-22 21:00:00,21.4,73,16.4,0.0,15,0.0,19.5,358,0.6805401856987661,-19.488121126872368
2018-11-22 22:00:00,21.2,75,16.6,0.0,19,0.0,17.6,360,4.310756732998684e-15,-17.6
2018-11-22 23:00:00,20.9,77,16.7,0.0,28,0.0,14.4,360,3.5269827815443773e-15,-14.4
2018-11-23 00:00:00,20.7,79,16.9,0.0,38,0.0,13.3,357,0.6960682180311601,-13.281772812235833
2018-11-23 01:00:00,20.6,80,17.0,0.0,63,0.0,13.0,357,0.6803674311582768,-12.98218395180946
2018-11-23 02:00:00,20.5,81,17.1,0.0,52,0.0,12.6,358,0.4397336584515103,-12.592324420440606
2018-11-23 03:00:00,20.4,81,17.1,0.0,45,0.0,12.2,358,0.42577385977051,-12.192568089632967
2018-11-23 04:00:00,20.3,83,17.2,0.0,41,0.0,13.0,357,0.6803674311582768,-12.98218395180946
2018-11-23 05:00:00,20.3,82,17.2,0.0,37,0.0,13.7,355,1.1940336756429188,-13.647867363856914
2018-11-23 06:00:00,20.3,83,17.2,0.0,17,0.0,12.6,358,0.4397336584515103,-12.592324420440606
2018-11-23 07:00:00,20.5,82,17.3,0.0,26,8.0,13.3,2,-0.4641633061432629,-13.291897999353974
2018-11-23 08:00:00,21.7,76,17.2,0.0,25,99.0,13.3,360,3.25756048573196e-15,-13.3
2018-11-23 09:00:00,23.2,68,17.0,0.0,32,258.0,13.4,355,1.1678869528186215,-13.34900895442939
2018-11-23 10:00:00,24.4,63,17.0,0.0,20,415.0,15.0,349,2.86213493064817,-14.72440775171496
2018-11-23 11:00:00,25.2,60,17.0,0.0,19,536.0,18.3,350,3.1777616513048264,-18.02198188012341
2018-11-23 12:00:00,25.7,59,17.0,0.0,27,587.0,20.7,353,2.5226954084865474,-20.545705338975367
2018-11-23 13:00:00,25.8,58,16.8,0.0,35,517.0,22.1,354,2.310079038215141,-21.97893388763884
2018-11-23 14:00:00,25.7,58,16.8,0.0,32,458.0,22.1,354,2.310079038215141,-21.97893388763884
2018-11-23 15:00:00,25.3,58,16.5,0.0,39,298.0,21.7,355,1.8912796176241853,-21.61742494859088
2018-11-23 16:00:00,24.4,61,16.5,0.0,33,170.0,20.2,355,1.760546003502698,-20.12313290145326
2018-11-23 17:00:00,23.3,66,16.6,0.0,51,44.0,17.0,354,1.776983875550108,-16.906872221260645
2018-11-23 18:00:00,22.0,73,16.9,0.0,48,0.0,16.6,355,1.4467853296111282,-16.536831988322977
2018-11-23 19:00:00,21.2,77,17.1,0.0,34,0.0,13.4,355,1.1678869528186215,-13.34900895442939
2018-11-23 20:00:00,20.7,81,17.3,0.0,43,0.0,11.4,349,2.175222547292609,-11.19054989130337
2018-11-23 21:00:00,20.4,83,17.4,0.0,38,0.0,10.4,346,2.515987714236546,-10.091075553270365
2018-11-23 22:00:00,20.1,85,17.6,0.0,36,0.0,9.6,347,2.159530121701107,-9.353952621938255
2018-11-23 23:00:00,19.9,87,17.6,0.0,34,0.0,9.5,349,1.8126854560771744,-9.325458242752807
2018-11-24 00:00:00,19.7,88,17.7,0.0,33,0.0,9.1,351,1.4235536318661028,-8.987963899415753
2018-11-24 01:00:00,19.5,89,17.7,0.0,29,0.0,9.7,358,0.3385251180142579,-9.694091022085228
2018-11-24 02:00:00,19.2,90,17.6,0.0,30,0.0,9.7,2,-0.3385251180142594,-9.694091022085228
2018-11-24 03:00:00,19.0,90,17.3,0.0,28,0.0,9.8,6,-1.024378940023004,-9.746314574609078
2018-11-24 04:00:00,18.8,90,17.2,0.0,29,0.0,9.8,6,-1.024378940023004,-9.746314574609078
2018-11-24 05:00:00,18.7,91,17.2,0.0,28,0.0,9.8,6,-1.024378940023004,-9.746314574609078
2018-11-24 06:00:00,18.6,92,17.2,0.0,26,0.0,9.2,11,-1.755442757464212,-9.030970087718508
2018-11-24 07:00:00,18.6,92,17.2,0.0,14,9.0,8.7,24,-3.5386087947594613,-7.947845481490627
2018-11-24 08:00:00,20.7,84,17.9,0.0,16,116.0,7.3,9,-1.1419715947936853,-7.210124886344506
2018-11-24 09:00:00,23.2,69,17.3,0.0,18,284.0,6.5,357,0.3401837155791384,-6.49109197590473
2018-11-24 10:00:00,24.8,62,17.1,0.0,17,448.0,6.4,344,1.764079077228793,-6.1520748540052415
2018-11-24 11:00:00,26.0,58,17.0,0.0,19,561.0,7.6,335,3.211898789229314,-6.88793918147854
2018-11-24 12:00:00,26.7,54,16.7,0.0,11,611.0,9.5,331,4.6056913923402005,-8.30888721782426
2018-11-24 13:00:00,27.0,53,16.5,0.0,2,591.0,10.5,329,5.407899786555572,-9.000256657372177
2018-11-24 14:00:00,26.9,53,16.4,0.0,0,508.0,11.6,330,5.800000000000005,-10.045894683899483
2018-11-24 15:00:00,26.7,55,16.9,0.0,1,371.0,12.6,336,5.124881702755082,-11.510672766296771
2018-11-24 16:00:00,26.1,58,17.1,0.0,2,198.0,13.7,342,4.233532822936783,-13.029474273243602
2018-11-24 17:00:00,24.9,64,17.5,0.0,0,49.0,10.7,346,2.588564282916446,-10.382164271153162
2018-11-24 18:00:00,23.5,71,17.9,0.0,0,0.0,10.4,346,2.515987714236546,-10.091075553270365
2018-11-24 19:00:00,22.8,76,18.3,0.0,0,0.0,9.7,356,0.6766377953180186,-9.676371287520292
2018-11-24 20:00:00,22.3,80,18.7,0.0,0,0.0,10.9,354,1.1393602496174222,-10.84028865951418
2018-11-24 21:00:00,21.9,83,19.0,0.0,0,0.0,9.1,353,1.1090110249868397,-9.03216997993603
2018-11-24 22:00:00,21.2,88,19.2,0.0,1,0.0,7.2,354,0.7526049355271046,-7.160557646651568
2018-11-24 23:00:00,20.6,91,19.1,0.0,1,0.0,6.6,9,-1.0324674692655236,-6.518743047927909
2018-11-25 00:00:00,20.1,93,19.0,0.0,3,0.0,6.0,17,-1.7542302283364206,-5.737828535778212
2018-11-25 01:00:00,19.7,94,18.7,0.0,5,0.0,5.9,14,-1.4273391840380396,-5.72474478502838
2018-11-25 02:00:00,19.4,95,18.6,0.0,10,0.0,6.3,13,-1.4171916423663495,-6.1385314081469815
2018-11-25 03:00:00,19.5,95,18.7,0.0,26,0.0,7.0,12,-1.4553818357243151,-6.84703320513664
2018-11-25 04:00:00,19.7,95,18.9,0.0,64,0.0,7.3,20,-2.496747046277381,-6.859756131737131
2018-11-25 05:00:00,20.1,95,19.2,0.0,81,0.0,6.0,25,-2.5357095704441965,-5.437846722219899
2018-11-25 06:00:00,20.3,95,19.4,0.0,75,0.0,5.2,34,-2.907803098047884,-4.3109953772862175
2018-11-25 07:00:00,20.4,95,19.5,0.0,73,4.0,4.2,59,-3.600102662948872,-2.163159914622228
2018-11-25 08:00:00,21.7,89,19.8,0.0,47,33.0,2.6,74,-2.499280409439629,-0.7166571251241979
2018-11-25 09:00:00,23.6,78,19.5,0.0,30,146.0,2.5,278,2.475670171853926,-0.3479327524001636
2018-11-25 10:00:00,25.0,68,18.8,0.0,44,242.0,6.9,276,6.862201078041087,-0.7212463965468057
2018-11-25 11:00:00,26.0,63,18.4,0.0,52,366.0,7.5,287,7.172285669722766,-2.192787785420525
2018-11-25 12:00:00,26.5,60,18.2,0.0,49,465.0,7.5,287,7.172285669722766,-2.192787785420525
2018-11-25 13:00:00,26.4,60,18.0,0.0,53,417.0,8.1,291,7.562001454627333,-2.902780391316933
2018-11-25 14:00:00,25.9,61,17.9,0.0,60,165.0,9.4,310,7.200817765318394,-6.042203531053469
2018-11-25 15:00:00,25.0,66,18.3,0.0,83,15.0,11.6,338,4.345436483624583,-10.755332712974733
2018-11-25 16:00:00,24.2,71,18.5,0.1,83,0.0,14.1,345,3.6493485359455415,-13.619554150675864
2018-11-25 17:00:00,23.4,75,18.6,0.8,76,9.0,16.6,347,3.7341875021081647,-16.174543075434904
2018-11-25 18:00:00,22.5,80,18.8,0.9,85,0.0,16.7,346,4.0400956565144535,-16.20393862880914
2018-11-25 19:00:00,22.1,81,18.7,0.5,92,0.0,20.1,345,5.202262806560666,-19.415109108410277
2018-11-25 20:00:00,21.9,81,18.5,0.0,100,0.0,22.3,350,3.872354361972548,-21.96121289217224
2018-11-25 21:00:00,21.8,81,18.3,0.0,94,0.0,21.0,353,2.559256211508092,-20.843469184467764
2018-11-25 22:00:00,21.6,80,18.0,0.3,77,0.0,17.8,352,2.4772811970891726,-17.62677162359995
2018-11-25 23:00:00,20.9,85,18.3,0.6,62,0.0,15.6,353,1.9011617571202968,-15.483719965604624
2018-11-26 00:00:00,20.7,87,18.4,0.9,74,0.0,15.5,356,1.0812253430339474,-15.462242779027276
2018-11-26 01:00:00,20.6,87,18.4,1.0,87,0.0,16.2,1,-0.2827289842839929,-16.197532661533536
2018-11-26 02:00:00,20.4,87,18.2,0.9,91,0.0,17.7,2,-0.6177210916342671,-17.689217638237995
2018-11-26 03:00:00,20.5,87,18.4,0.5,95,0.0,18.4,3,-0.9629815948701664,-18.37478343948416
2018-11-26 04:00:00,20.5,88,18.4,0.5,100,0.0,17.0,5,-1.4816476267101888,-16.935309867559674
2018-11-26 05:00:00,20.4,86,18.0,0.5,95,0.0,14.4,4,-1.0044932219154044,-14.36492232374147
2018-11-26 06:00:00,20.7,84,17.9,0.4,85,0.0,14.8,354,1.5470212563612706,-14.718924051450443
2018-11-26 07:00:00,20.9,84,18.1,0.0,70,0.0,14.6,344,4.024305394928184,-14.034420760699456
2018-11-26 08:00:00,21.3,84,18.5,0.0,63,4.0,16.4,351,2.5655252266597897,-16.198088785760255
2018-11-26 09:00:00,21.9,83,18.8,0.0,69,6.0,14.1,3,-0.737936983025508,-14.080676440039491
2018-11-26 10:00:00,22.4,80,18.7,0.6,68,34.0,14.0,342,4.326237921249268,-13.31479122813215
2018-11-26 11:00:00,22.6,79,18.7,0.6,67,21.0,15.6,341,5.078863209531645,-14.750089779349343
2018-11-26 12:00:00,22.7,78,18.6,0.1,67,16.0,17.0,347,3.824167923845711,-16.564291101348996
2018-11-26 13:00:00,22.9,77,18.6,0.0,63,2.0,18.6,351,2.9096810497482983,-18.37100313506956
2018-11-26 14:00:00,23.1,76,18.6,0.0,61,8.0,19.6,354,2.048757880046007,-19.49262914921816
2018-11-26 15:00:00,23.3,71,17.8,0.0,67,11.0,19.2,354,2.006946494738945,-19.094820391070847
2018-11-26 16:00:00,23.1,73,17.9,0.0,62,5.0,18.9,352,2.630371608145245,-18.716066499215675
2018-11-26 17:00:00,22.7,76,18.3,0.0,65,4.0,18.3,350,3.1777616513048264,-18.02198188012341
2018-11-26 18:00:00,22.3,80,18.8,0.0,65,0.0,20.2,344,5.567874587503378,-19.41748625795404
2018-11-26 19:00:00,22.2,83,19.1,0.0,67,0.0,20.7,352,2.880883189873364,-20.498549022950503
2018-11-26 20:00:00,22.0,84,19.2,0.0,70,0.0,20.9,358,0.7293994810822672,-20.8872682846991
2018-11-26 21:00:00,21.8,85,19.1,0.0,71,0.0,18.8,5,-1.6385279636559735,-18.728460324124818
2018-11-26 22:00:00,21.8,85,19.1,0.0,69,0.0,16.6,359,0.2897099468589071,-16.597471739596095
2018-11-26 23:00:00,21.8,84,19.0,0.0,74,0.0,16.2,357,0.8478424911356988,-16.177798463024097
2018-11-27 00:00:00,21.7,84,18.9,0.0,72,0.0,15.9,356,1.1091279325315977,-15.861268399131204
2018-11-27 01:00:00,21.6,84,18.8,0.0,73,0.0,17.4,354,1.8187952608571691,-17.304680979407955
2018-11-27 02:00:00,21.5,84,18.8,0.0,72,0.0,16.6,1,-0.2897099468589063,-16.597471739596095
2018-11-27 03:00:00,21.5,83,18.5,0.0,70,0.0,14.8,1,-0.258295615271796,-14.79774588831459
2018-11-27 04:00:00,21.5,84,18.6,0.0,66,0.0,14.0,359,0.2443336901219698,-13.997867732189478
2018-11-27 05:00:00,21.5,84,18.6,0.0,71,0.0,14.0,359,0.2443336901219698,-13.997867732189478
2018-11-27 06:00:00,21.5,84,18.7,0.0,66,0.0,14.1,357,0.7379369830255156,-14.080676440039491
2018-11-27 07:00:00,21.6,84,18.8,0.0,70,2.0,13.7,360,3.355532229663748e-15,-13.7
2018-11-27 08:00:00,22.1,81,18.8,0.0,81,20.0,13.3,2,-0.4641633061432629,-13.291897999353974
2018-11-27 09:00:00,23.0,76,18.6,0.0,83,83.0,12.6,360,3.08610993385133e-15,-12.6
2018-11-27 10:00:00,23.8,72,18.5,0.0,95,122.0,12.4,352,1.725746451904817,-12.279324052395472
2018-11-27 11:00:00,24.4,69,18.4,0.0,92,130.0,12.8,349,2.442355140819772,-12.5648279481301
2018-11-27 12:00:00,24.6,68,18.3,0.0,72,90.0,13.1,352,1.823167622576863,-12.97251170051457
2018-11-27 13:00:00,25.1,66,18.3,0.0,68,203.0,12.6,355,1.0981623586204947,-12.552053195955994
2018-11-27 14:00:00,25.3,65,18.2,0.0,68,197.0,12.7,353,1.5477406612453697,-12.60533612584479
2018-11-27 15:00:00,25.1,65,18.0,0.0,64,106.0,13.1,352,1.823167622576863,-12.97251170051457
2018-11-27 16:00:00,24.6,66,17.9,0.0,65,51.0,12.8,350,2.222696674136709,-12.605539238556265
2018-11-27 17:00:00,23.9,70,18.1,0.0,69,16.0,12.1,350,2.1011429497698577,-11.916173811447717
2018-11-27 18:00:00,23.2,73,18.2,0.0,66,0.0,13.4,355,1.1678869528186215,-13.34900895442939
2018-11-27 19:00:00,22.8,75,18.2,0.0,84,0.0,14.0,360,3.429011037612589e-15,-14.0
2018-11-27 20:00:00,22.6,77,18.3,0.0,94,0.0,12.6,360,3.08610993385133e-15,-12.6
2018-11-27 21:00:00,22.4,78,18.3,0.0,93,0.0,11.2,354,1.1707187885977182,-11.13864522812466
2018-11-27 22:00:00,22.3,79,18.4,0.0,93,0.0,11.0,349,2.098898949141992,-10.797899017924305
2018-11-27 23:00:00,22.0,80,18.4,0.0,93,0.0,12.0,353,1.4624321208617668,-11.910553819695863
2018-11-28 00:00:00,21.9,81,18.4,0.0,91,0.0,12.2,2,-0.4257738597705118,-12.192568089632967
2018-11-28 01:00:00,21.6,83,18.5,0.0,83,0.0,10.5,4,-0.7324429743133156,-10.474422527728152
2018-11-28 02:00:00,21.4,84,18.5,0.0,56,0.0,10.1,358,0.3524849166952583,-10.093847352892867
2018-11-28 03:00:00,21.2,86,18.7,0.3,65,0.0,12.3,355,1.0720156357961974,-12.253194786528471
2018-11-28 04:00:00,21.1,87,18.8,0.4,73,0.0,13.0,358,0.4536934571325107,-12.992080751248244
2018-11-28 05:00:00,20.9,88,18.8,0.6,74,0.0,13.7,360,3.355532229663748e-15,-13.7
2018-11-28 06:00:00,20.6,90,18.9,1.2,77,0.0,10.8,360,2.645237086158283e-15,-10.8
2018-11-28 07:00:00,20.6,89,18.8,2.5,73,0.0,9.7,360,2.3758147903458648e-15,-9.7
2018-11-28 08:00:00,20.8,88,18.8,1.4,75,0.0,8.7,353,1.0602632876247808,-8.635151519279502
2018-11-28 09:00:00,21.3,88,19.2,0.3,66,15.0,12.8,350,2.222696674136709,-12.605539238556265
2018-11-28 10:00:00,21.6,85,18.9,0.0,67,5.0,14.6,350,2.535263393937184,-14.378193193978236
2018-11-28 11:00:00,22.8,77,18.5,0.0,62,77.0,15.9,357,0.8321417042628155,-15.878209602597725
2018-11-28 12:00:00,23.6,71,18.1,0.0,62,185.0,15.2,353,1.8524140197582375,-15.086701504948095
2018-11-28 13:00:00,23.7,70,17.8,0.0,63,161.0,16.5,344,4.548016370980482,-15.860817982982262
2018-11-28 14:00:00,23.6,70,17.7,0.0,70,142.0,19.6,346,4.741669153753491,-19.01779623500953
2018-11-28 15:00:00,23.7,70,17.8,0.0,69,78.0,19.8,358,0.6910100347095163,-19.787938374978097
2018-11-28 16:00:00,23.2,71,17.7,0.0,65,12.0,16.2,1,-0.2827289842839929,-16.197532661533536
2018-11-28 17:00:00,22.7,74,17.8,0.0,57,9.0,11.5,2,-0.4013442120787611,-11.4929945107196
2018-11-28 18:00:00,22.2,77,18.0,0.0,66,0.0,9.7,358,0.3385251180142579,-9.694091022085228
2018-11-28 19:00:00,21.9,79,18.1,0.0,50,0.0,11.6,355,1.0110066158728364,-11.555858497864248
2018-11-28 20:00:00,21.7,80,18.1,0.0,56,0.0,11.3,353,1.3771235804781636,-11.21577151354694
2018-11-28 21:00:00,21.5,81,18.1,0.0,80,0.0,9.5,349,1.8126854560771744,-9.325458242752807
2018-11-28 22:00:00,21.5,81,18.0,0.0,94,0.0,11.2,356,0.781272505934207,-11.17271736291003
2018-11-28 23:00:00,21.3,80,17.8,0.0,100,0.0,12.6,355,1.0981623586204947,-12.552053195955994
2018-11-29 00:00:00,21.2,79,17.5,0.0,98,0.0,12.6,355,1.0981623586204947,-12.552053195955994
2018-11-29 01:00:00,21.1,80,17.4,0.0,88,0.0,11.6,353,1.4136843834997077,-11.513535359039336
2018-11-29 02:00:00,21.1,79,17.4,0.0,91,0.0,10.5,352,1.4613175600806918,-10.397814721786489
2018-11-29 03:00:00,21.4,75,16.7,0.0,87,0.0,10.6,350,1.840670683269462,-10.438962181929403
2018-11-29 04:00:00,21.3,74,16.6,0.0,83,0.0,11.7,351,1.830283240970704,-11.55595358496311
2018-11-29 05:00:00,21.2,74,16.5,0.0,83,0.0,12.3,353,1.498992923883311,-12.208317665188265
2018-11-29 06:00:00,21.1,75,16.4,0.4,84,0.0,10.1,2,-0.3524849166952598,-10.093847352892867
2018-11-29 07:00:00,20.9,77,16.7,0.5,77,0.0,9.8,354,1.0243789400230034,-9.746314574609078
2018-11-29 08:00:00,21.1,79,17.2,0.5,59,7.0,11.6,353,1.4136843834997077,-11.513535359039336
2018-11-29 09:00:00,21.9,77,17.8,0.6,42,27.0,12.3,353,1.498992923883311,-12.208317665188265
2018-11-29 10:00:00,23.0,71,17.4,0.0,39,182.0,12.0,353,1.4624321208617668,-11.910553819695863
2018-11-29 11:00:00,24.2,65,17.2,0.0,40,315.0,11.3,353,1.3771235804781636,-11.21577151354694
2018-11-29 12:00:00,25.2,61,17.2,0.0,29,453.0,10.5,352,1.4613175600806918,-10.397814721786489
2018-11-29 13:00:00,25.7,60,17.3,0.0,26,499.0,10.0,345,2.588190451025207,-9.659258262890685
2018-11-29 14:00:00,25.8,60,17.4,0.0,18,390.0,9.8,343,2.8652427062828245,-9.371786608437748
2018-11-29 15:00:00,25.6,59,17.1,0.0,14,325.0,10.5,344,2.894192236078489,-10.093247807352348
2018-11-29 16:00:00,25.0,62,17.1,0.0,13,169.0,10.7,346,2.588564282916446,-10.382164271153162
2018-11-29 17:00:00,24.1,65,17.1,0.0,8,42.0,9.8,352,1.3638963894086458,-9.704627073667387
2018-11-29 18:00:00,22.9,70,17.2,0.0,6,0.0,9.4,360,2.3023359823970247e-15,-9.4
2018-11-29 19:00:00,22.1,75,17.4,0.0,5,0.0,9.6,13,-2.159530121701104,-9.35395262193826
2018-11-29 20:00:00,21.4,79,17.6,0.0,4,0.0,8.4,10,-1.458644692402215,-8.272385125302547
2018-11-29 21:00:00,20.9,82,17.7,0.0,5,0.0,7.9,360,1.934941942652818e-15,-7.9
2018-11-29 22:00:00,20.7,84,17.9,0.0,9,0.0,7.6,355,0.6623836448822031,-7.571079705497266
2018-11-29 23:00:00,20.4,86,18.0,0.0,16,0.0,6.5,3,-0.3401837155791349,-6.49109197590473
2018-11-30 00:00:00,20.5,86,18.1,0.0,32,0.0,5.2,16,-1.4333142502483958,-4.998560818879258
2018-11-30 01:00:00,20.4,87,18.2,0.0,32,0.0,4.2,20,-1.4364846019678086,-3.946709007300816
2018-11-30 02:00:00,21.0,83,18.1,0.0,32,0.0,3.2,27,-1.4527695991665497,-2.8512208774027776
2018-11-30 03:00:00,19.4,91,17.9,0.0,31,0.0,3.5,24,-1.4235782507653008,-3.197409101749103
2018-11-30 04:00:00,19.1,92,17.7,0.0,29,0.0,4.3,24,-1.7489675652259409,-3.928245467863184
2018-11-30 05:00:00,19.1,92,17.8,0.0,33,0.0,3.9,34,-2.180852323535913,-3.233246532964663
2018-11-30 06:00:00,19.0,93,17.8,0.0,29,0.0,4.1,75,-3.96029588778518,-1.061158084920335
2018-11-30 07:00:00,19.2,93,18.0,0.0,25,3.0,4.7,90,-4.7,-2.8779199779962803e-16
2018-11-30 08:00:00,21.7,83,18.6,0.0,29,58.0,3.9,112,-3.616017032810471,1.4609657143220571
2018-11-30 09:00:00,23.7,74,18.8,0.0,29,188.0,3.1,159,-1.1109406435904308,2.8940993221413254
2018-11-30 10:00:00,24.8,70,18.9,0.0,24,299.0,4.6,219,2.894873798829253,3.5748714227020653
2018-11-30 11:00:00,25.4,67,18.9,0.0,32,373.0,7.2,233,5.750175672340508,4.333068166694748
2018-11-30 12:00:00,25.7,66,18.9,0.0,34,437.0,8.7,246,7.947845481490628,3.5386087947594604
2018-11-30 13:00:00,25.8,66,18.9,0.0,38,460.0,9.3,254,8.939733772226367,2.56342740909809
2018-11-30 14:00:00,25.7,65,18.7,0.0,29,332.0,9.2,259,9.030970087718508,1.7554427574642102
2018-11-30 15:00:00,25.3,68,18.9,0.0,33,264.0,9.4,266,9.377102072442348,0.6557108531947805
2018-11-30 16:00:00,24.8,70,18.9,0.0,36,145.0,8.4,277,8.337387673787106,-1.0237024846032403
2018-11-30 17:00:00,24.0,74,19.0,0.0,23,27.0,5.8,292,5.377666356487367,-2.172718241812289
2018-11-30 18:00:00,23.3,77,19.0,0.0,42,0.0,7.6,315,5.374011537017762,-5.37401153701776
2018-11-30 19:00:00,22.6,80,19.0,0.0,26,0.0,6.1,332,2.863776532993933,-5.385980316439454
2018-11-30 20:00:00,22.1,83,19.1,0.0,40,0.0,6.4,344,1.764079077228793,-6.1520748540052415
2018-11-30 21:00:00,21.8,85,19.1,0.0,34,0.0,7.1,345,1.8376152202278968,-6.858073366652385
2018-11-30 22:00:00,21.6,85,19.1,0.0,34,0.0,7.2,342,2.2249223594996232,-6.8476069173251055
2018-11-30 23:00:00,21.3,87,19.0,0.0,35,0.0,7.6,341,2.474317973874391,-7.185941174554808
2018-12-01 00:00:00,21.2,87,18.9,0.0,35,0.0,7.6,335,3.211898789229314,-6.88793918147854
2018-12-01 01:00:00,20.9,88,18.8,0.0,42,0.0,7.9,336,3.213219480298821,-7.217009115376548
2018-12-01 02:00:00,20.9,88,18.7,0.0,40,0.0,8.0,342,2.4721359549995814,-7.608452130361228
2018-12-01 03:00:00,20.2,92,18.8,0.0,56,0.0,7.7,349,1.469229264399394,-7.558529312547013
2018-12-01 04:00:00,19.9,92,18.6,0.0,50,0.0,7.6,357,0.3977532674463772,-7.589584464134761
2018-12-01 05:00:00,19.8,92,18.5,0.0,44,0.0,7.9,360,1.934941942652818e-15,-7.9
2018-12-01 06:00:00,19.7,92,18.4,0.0,41,0.0,7.6,355,0.6623836448822031,-7.571079705497266
2018-12-01 07:00:00,19.6,93,18.4,0.0,26,5.0,8.6,360,2.1063924945334478e-15,-8.6
2018-12-01 08:00:00,20.9,89,19.0,0.0,9,88.0,7.2,357,0.3768188849491994,-7.190132650232932
2018-12-01 09:00:00,22.9,79,19.0,0.0,2,258.0,7.7,349,1.469229264399394,-7.558529312547013
2018-12-01 10:00:00,24.0,71,18.5,0.0,1,395.0,9.5,335,4.014873486536643,-8.609923976848176
2018-12-01 11:00:00,24.9,66,18.2,0.0,0,518.0,12.4,334,5.435802220184565,-11.14504617410967
2018-12-01 12:00:00,25.4,64,18.2,0.0,1,531.0,13.8,340,4.719877977894227,-12.967758166845536
2018-12-01 13:00:00,25.7,64,18.4,0.0,0,551.0,14.0,348,2.9107636714486382,-13.694066410273278
2018-12-01 14:00:00,25.8,64,18.5,0.0,0,459.0,13.0,354,1.3588700224794945,-12.928784639787551
2018-12-01 15:00:00,25.9,64,18.5,0.0,0,357.0,12.0,353,1.4624321208617668,-11.910553819695863
2018-12-01 16:00:00,25.3,66,18.4,0.0,0,193.0,11.7,349,2.2324652459055723,-11.485038046337667
2018-12-01 17:00:00,24.3,70,18.5,0.0,0,47.0,8.7,353,1.0602632876247808,-8.635151519279502
2018-12-01 18:00:00,23.1,76,18.6,0.0,0,0.0,10.1,360,2.473786534277653e-15,-10.1
2018-12-01 19:00:00,22.2,81,18.8,0.0,0,0.0,9.8,6,-1.024378940023004,-9.746314574609078
2018-12-01 20:00:00,21.5,85,18.9,0.0,1,0.0,8.3,358,0.2896658226307568,-8.294943864258496
2018-12-01 21:00:00,20.8,90,19.1,0.0,0,0.0,8.8,351,1.3766232923540338,-8.691657397237211
2018-12-01 22:00:00,20.2,93,19.1,0.0,0,0.0,8.7,355,0.7582549619046273,-8.666893873398186
2018-12-01 23:00:00,19.8,95,19.0,0.0,0,0.0,7.6,3,-0.3977532674463731,-7.589584464134761
2018-12-02 00:00:00,19.5,97,18.9,0.0,24,0.0,7.2,6,-0.7526049355271051,-7.160557646651568
2018-12-02 01:00:00,19.3,98,18.9,0.0,26,0.0,8.0,10,-1.3891854213354426,-7.878462024097664
2018-12-02 02:00:00,19.2,98,18.9,0.0,22,0.0,8.1,13,-1.8221035401853063,-7.892397524760405
2018-12-02 03:00:00,19.5,97,18.9,0.0,25,0.0,9.1,9,-1.4235536318661008,-8.987963899415753
2018-12-02 04:00:00,19.6,97,19.0,0.0,33,0.0,8.7,7,-1.060263287624783,-8.6351515192795
2018-12-02 05:00:00,19.7,97,19.1,0.0,27,0.0,7.6,8,-1.0577155672964973,-7.5260373224359345
2018-12-02 06:00:00,19.7,97,19.2,0.0,32,0.0,5.8,360,1.4205902870109297e-15,-5.8
2018-12-02 07:00:00,19.5,98,19.1,0.0,27,4.0,3.3,354,0.3449439287832562,-3.281922254715301
2018-12-02 08:00:00,21.1,91,19.6,0.0,14,59.0,1.1,252,1.0461621679246689,0.3399186938124423
2018-12-02 09:00:00,22.6,80,19.0,0.0,1,206.0,3.7,209,1.7937955949114468,3.236092916415765
2018-12-02 10:00:00,24.1,73,18.9,0.0,0,382.0,5.9,227,4.314986839553106,4.023790324368742
2018-12-02 11:00:00,25.3,67,18.8,0.0,0,521.0,8.9,256,8.635631963856369,2.1531048708370437
2018-12-02 12:00:00,25.8,65,18.7,0.0,0,573.0,10.8,272,10.793420931806237,-0.3769145643870139
2018-12-02 13:00:00,26.0,65,18.8,0.0,0,559.0,9.8,278,9.70462707366739,-1.3638963894086416
2018-12-02 14:00:00,25.9,65,18.8,0.0,0,476.0,9.6,290,9.02104915954472,-3.283393375926422
2018-12-02 15:00:00,25.5,66,18.7,0.0,1,333.0,9.9,303,8.302838622659701,-5.391926446648764
2018-12-02 16:00:00,25.0,68,18.7,0.0,0,188.0,9.4,320,6.042203531053472,-7.200817765318392
2018-12-02 17:00:00,24.1,73,18.8,0.0,0,46.0,7.1,336,2.887830165838181,-6.486172749262467
2018-12-02 18:00:00,23.1,77,18.8,0.0,0,0.0,8.6,358,0.300135671641507,-8.594761112364223
2018-12-02 19:00:00,22.2,81,18.9,0.0,0,0.0,8.3,342,2.564841053312066,-7.893769085249775
2018-12-02 20:00:00,21.6,86,19.1,0.0,0,0.0,9.0,337,3.516580156403465,-8.284543681071963
2018-12-02 21:00:00,21.0,89,19.2,0.0,0,0.0,9.4,342,2.9047597471245084,-8.939931253174443
2018-12-02 22:00:00,20.6,91,19.1,0.0,0,0.0,9.3,344,2.5634274090980904,-8.939733772226367
2018-12-02 23:00:00,20.3,92,19.0,0.0,0,0.0,9.1,353,1.1090110249868397,-9.03216997993603
2018-12-03 00:00:00,20.0,93,18.9,0.0,0,0.0,8.6,358,0.300135671641507,-8.594761112364223
2018-12-03 01:00:00,19.9,93,18.8,0.0,0,0.0,8.3,2,-0.2896658226307581,-8.294943864258496
2018-12-03 02:00:00,19.6,94,18.6,0.0,0,0.0,8.0,5,-0.6972459419812653,-7.969557584733964
2018-12-03 03:00:00,19.2,94,18.3,0.0,12,0.0,8.3,360,2.0329136865846065e-15,-8.3
2018-12-03 04:00:00,19.1,95,18.3,0.0,23,0.0,8.4,353,1.0237024846032368,-8.337387673787106
2018-12-03 05:00:00,19.1,97,18.5,0.0,74,0.0,8.0,352,1.113384807680527,-7.922144549932562
2018-12-03 06:00:00,19.1,97,18.6,0.0,30,0.0,8.6,358,0.300135671641507,-8.594761112364223
2018-12-03 07:00:00,19.2,97,18.8,0.0,18,4.0,9.0,355,0.7844016847289249,-8.96575228282571
2018-12-03 08:00:00,20.5,94,19.6,0.0,1,73.0,8.0,355,0.6972459419812665,-7.969557584733964
2018-12-03 09:00:00,22.9,80,19.4,0.0,0,221.0,8.0,352,1.113384807680527,-7.922144549932562
2018-12-03 10:00:00,25.0,67,18.6,0.0,0,409.0,7.7,349,1.469229264399394,-7.558529312547013
2018-12-03 11:00:00,26.5,59,17.8,0.0,0,520.0,8.0,342,2.4721359549995814,-7.608452130361228
2018-12-03 12:00:00,27.4,55,17.7,0.0,2,572.0,9.7,338,3.6336839561343495,-8.993683389297836
2018-12-03 13:00:00,27.7,55,17.8,0.0,11,558.0,10.4,340,3.5570094905869536,-9.772803256173448
2018-12-03 14:00:00,27.7,55,17.9,0.0,10,483.0,10.4,346,2.515987714236546,-10.091075553270365
2018-12-03 15:00:00,27.5,53,17.2,0.0,12,351.0,10.0,347,2.249510543438653,-9.743700647852352
2018-12-03 16:00:00,26.9,56,17.3,0.0,16,192.0,9.5,349,1.8126854560771744,-9.325458242752807
2018-12-03 17:00:00,25.7,61,17.6,0.0,4,47.0,9.1,351,1.4235536318661028,-8.987963899415753
2018-12-03 18:00:00,24.0,68,17.7,0.0,1,0.0,12.2,358,0.42577385977051,-12.192568089632967
2018-12-03 19:00:00,23.0,72,17.7,0.0,4,0.0,11.9,2,-0.4153040107597615,-11.89275084152724
2018-12-03 20:00:00,22.3,75,17.7,0.0,0,0.0,10.1,2,-0.3524849166952598,-10.093847352892867
2018-12-03 21:00:00,21.7,79,17.9,0.0,0,0.0,8.3,5,-0.7233926648055629,-8.268415994161488
2018-12-03 22:00:00,21.1,83,18.0,0.0,0,0.0,7.2,360,1.7634913907721889e-15,-7.2
2018-12-03 23:00:00,20.6,86,18.2,0.0,2,0.0,7.2,360,1.7634913907721889e-15,-7.2
2018-12-04 00:00:00,20.2,89,18.2,0.0,8,0.0,6.8,360,1.6655196468404002e-15,-6.8
2018-12-04 01:00:00,19.9,91,18.3,0.0,12,0.0,7.2,357,0.3768188849491994,-7.190132650232932
2018-12-04 02:00:00,19.6,92,18.3,0.0,10,0.0,7.6,3,-0.3977532674463731,-7.589584464134761
2018-12-04 03:00:00,19.7,90,18.0,0.0,24,0.0,8.4,7,-1.0237024846032388,-8.337387673787106
2018-12-04 04:00:00,19.6,89,17.8,0.0,25,0.0,8.4,10,-1.458644692402215,-8.272385125302547
2018-12-04 05:00:00,19.5,88,17.5,0.0,24,0.0,8.4,10,-1.458644692402215,-8.272385125302547
2018-12-04 06:00:00,19.5,87,17.2,0.0,26,0.0,9.8,8,-1.363896389408641,-9.70462707366739
2018-12-04 07:00:00,19.8,84,17.0,0.0,26,4.0,10.5,6,-1.0975488643103617,-10.44247990136687
2018-12-04 08:00:00,22.0,73,16.9,0.0,26,75.0,11.9,5,-1.037153338697132,-11.854716907291772
2018-12-04 09:00:00,24.8,61,16.7,0.0,27,233.0,12.4,8,-1.7257464519048116,-12.279324052395474
2018-12-04 10:00:00,26.6,54,16.6,0.0,28,385.0,14.6,9,-2.2839431895873705,-14.420249772689012
2018-12-04 11:00:00,27.6,53,17.2,0.0,29,494.0,15.2,4,-1.0602984009107046,-15.162973563949327
2018-12-04 12:00:00,28.2,53,17.8,0.0,29,517.0,15.1,357,0.79027293926846,-15.079305974794064
2018-12-04 13:00:00,28.5,54,18.3,0.0,29,488.0,15.5,355,1.350914012588704,-15.441017820422056
2018-12-04 14:00:00,28.4,56,18.8,0.0,29,395.0,15.9,356,1.1091279325315977,-15.861268399131204
2018-12-04 15:00:00,28.2,58,19.2,0.0,31,300.0,16.2,357,0.8478424911356988,-16.177798463024097
2018-12-04 16:00:00,27.5,61,19.4,0.0,29,143.0,15.5,360,3.796405077356795e-15,-15.5
2018-12-04 17:00:00,26.4,66,19.6,0.0,32,32.0,13.3,2,-0.4641633061432629,-13.291897999353974
2018-12-04 18:00:00,25.1,72,19.6,0.0,32,0.0,11.9,3,-0.6227978792910317,-11.88369146357943
2018-12-04 19:00:00,24.4,75,19.7,0.0,32,0.0,11.4,11,-2.175222547292611,-11.19054989130337
2018-12-04 20:00:00,23.9,78,19.7,0.0,29,0.0,10.4,14,-2.5159877142365445,-10.091075553270365
2018-12-04 21:00:00,23.4,80,19.7,0.0,29,0.0,10.7,14,-2.5885642829164444,-10.382164271153162
2018-12-04 22:00:00,23.1,80,19.6,0.0,33,0.0,10.7,12,-2.2246550917500247,-10.46617932785172
2018-12-04 23:00:00,22.8,82,19.6,0.0,31,0.0,10.1,6,-1.0557374790033,-10.04467114321956
2018-12-05 00:00:00,22.5,84,19.7,0.0,43,0.0,10.4,2,-0.3629547657060101,-10.393664600998596
2018-12-05 01:00:00,22.2,87,20.0,0.0,49,0.0,10.8,360,2.645237086158283e-15,-10.8
2018-12-05 02:00:00,21.8,91,20.2,0.0,62,0.0,12.6,360,3.08610993385133e-15,-12.6
2018-12-05 03:00:00,22.2,87,20.0,0.0,93,0.0,14.4,360,3.5269827815443773e-15,-14.4
2018-12-05 04:00:00,22.2,88,20.2,0.0,100,0.0,14.4,1,-0.2513146526968826,-14.397806810252035
2018-12-05 05:00:00,22.0,90,20.3,0.0,100,0.0,13.3,3,-0.696068218031153,-13.281772812235833
2018-12-05 06:00:00,21.8,91,20.3,0.2,54,0.0,14.0,360,3.429011037612589e-15,-14.0
2018-12-05 07:00:00,21.7,92,20.4,0.2,37,3.0,14.1,6,-1.473851332073914,-14.022758724692652
2018-12-05 08:00:00,22.6,88,20.6,0.0,34,61.0,13.3,3,-0.696068218031153,-13.281772812235833
2018-12-05 09:00:00,23.8,82,20.5,0.0,26,132.0,13.7,358,0.4781231048242612,-13.691654330161612
2018-12-05 10:00:00,24.8,76,20.3,0.0,17,186.0,13.1,352,1.823167622576863,-12.97251170051457
2018-12-05 11:00:00,26.1,68,19.8,0.0,17,350.0,12.5,348,2.5988961352219984,-12.22684500917257
2018-12-05 12:00:00,26.8,64,19.5,0.0,37,333.0,12.3,345,3.1834742547610047,-11.88088766335554
2018-12-05 13:00:00,27.0,63,19.5,0.0,51,277.0,12.8,344,3.528158154457586,-12.304149708010485
2018-12-05 14:00:00,27.0,64,19.6,0.0,49,281.0,13.7,346,3.3143299697154496,-13.293051449981151
2018-12-05 15:00:00,27.5,62,19.6,0.0,47,273.0,14.7,349,2.8048922320352063,-14.42991959668066
2018-12-05 16:00:00,26.9,64,19.6,0.0,56,122.0,14.6,350,2.535263393937184,-14.378193193978236
2018-12-05 17:00:00,25.8,69,19.7,0.0,46,34.0,13.4,354,1.4006814077865557,-13.326593397934865
2018-12-05 18:00:00,24.6,75,19.8,0.0,46,0.0,14.1,356,0.9835662797921716,-14.06565310866352
2018-12-05 19:00:00,23.8,79,19.9,0.0,43,0.0,13.4,355,1.1678869528186215,-13.34900895442939
2018-12-05 20:00:00,23.3,81,20.0,0.0,43,0.0,12.0,353,1.4624321208617668,-11.910553819695863
2018-12-05 21:00:00,23.0,84,20.1,0.0,38,0.0,11.3,351,1.7677094549546115,-11.160878248725057
2018-12-05 22:00:00,22.8,86,20.3,0.0,40,0.0,9.8,352,1.3638963894086458,-9.704627073667387
2018-12-05 23:00:00,22.4,89,20.5,0.0,25,0.0,8.4,350,1.4586446924022154,-8.272385125302547
2018-12-06 00:00:00,21.9,92,20.6,0.0,38,0.0,8.9,346,2.153104870837044,-8.635631963856369
2018-12-06 01:00:00,21.6,94,20.7,0.0,31,0.0,10.0,347,2.249510543438653,-9.743700647852352
2018-12-06 02:00:00,21.4,95,20.6,0.0,41,0.0,11.2,354,1.1707187885977182,-11.13864522812466
2018-12-06 03:00:00,21.6,95,20.8,0.0,49,0.0,11.9,357,0.622797879291038,-11.88369146357943
2018-12-06 04:00:00,21.5,96,20.8,0.0,48,0.0,12.6,357,0.659433048661099,-12.58273213790763
2018-12-06 05:00:00,21.4,96,20.8,0.0,49,0.0,12.2,360,2.9881381899195417e-15,-12.2
2018-12-06 06:00:00,21.2,96,20.5,0.0,34,0.0,13.0,6,-1.3588700224794952,-12.928784639787551
2018-12-06 07:00:00,21.2,95,20.5,0.0,41,3.0,11.5,4,-0.802199448057441,-11.47198657798798
2018-12-06 08:00:00,22.7,88,20.6,0.0,48,81.0,10.9,352,1.5169868004647182,-10.793921949283115
2018-12-06 09:00:00,24.5,79,20.6,0.0,33,231.0,11.1,347,2.496956703216905,-10.815507719116107
2018-12-06 10:00:00,26.1,71,20.5,0.0,42,330.0,12.2,346,2.951447126315948,-11.837607860567156
2018-12-06 11:00:00,27.3,67,20.5,0.0,36,462.0,12.9,347,2.9018686010358627,-12.569373835729534
2018-12-06 12:00:00,27.9,64,20.5,0.0,35,460.0,13.0,346,3.1449846427956825,-12.613844441587954
2018-12-06 13:00:00,28.0,64,20.5,0.0,30,416.0,13.9,343,4.063966695646046,-13.29263610788619
2018-12-06 14:00:00,28.1,63,20.5,0.0,44,361.0,15.3,345,3.959931390068567,-14.778665142222746
2018-12-06 15:00:00,27.3,67,20.6,0.0,49,262.0,15.4,349,2.938458528798788,-15.117058625094026
2018-12-06 16:00:00,26.7,69,20.6,0.0,53,142.0,16.2,348,3.3681693912477098,-15.845991131887647
2018-12-06 17:00:00,25.5,76,20.9,0.0,53,34.0,16.0,351,2.502951440643697,-15.803013449522204
2018-12-06 18:00:00,24.2,83,21.2,0.0,25,0.0,15.0,339,5.375519243179512,-14.003706397458023
2018-12-06 19:00:00,23.5,88,21.4,0.0,26,0.0,14.6,351,2.283943189587374,-14.42024977268901
2018-12-06 20:00:00,23.1,90,21.5,0.0,22,0.0,13.3,3,-0.696068218031153,-13.281772812235833
2018-12-06 21:00:00,22.9,92,21.4,0.0,29,0.0,12.0,7,-1.4624321208617697,-11.910553819695863
2018-12-06 22:00:00,22.6,93,21.3,0.0,27,0.0,11.5,2,-0.4013442120787611,-11.4929945107196
2018-12-06 23:00:00,22.3,93,21.1,0.0,35,0.0,12.6,358,0.4397336584515103,-12.592324420440606
2018-12-07 00:00:00,22.0,93,20.8,0.0,35,0.0,14.8,359,0.2582956152717967,-14.79774588831459
2018-12-07 01:00:00,21.8,93,20.6,0.0,36,0.0,16.6,359,0.2897099468589071,-16.597471739596095
2018-12-07 02:00:00,21.6,93,20.4,0.0,29,0.0,17.3,360,4.237277925049842e-15,-17.3
2018-12-07 03:00:00,21.5,94,20.5,0.0,31,0.0,17.3,1,-0.3019266313650047,-17.29736512620557
2018-12-07 04:00:00,21.3,93,20.2,0.0,25,0.0,17.6,359,0.3071623532961907,-17.59731943475249
2018-12-07 05:00:00,21.1,93,19.9,0.0,24,0.0,19.5,357,1.020551146737415,-19.47327592771419
2018-12-07 06:00:00,20.9,91,19.4,0.0,24,0.0,20.2,360,4.9475730685553065e-15,-20.2
2018-12-07 07:00:00,20.9,89,19.0,0.0,42,3.0,19.8,3,-1.036251933610288,-19.772864788140563
2018-12-07 08:00:00,21.9,82,18.6,0.0,33,77.0,20.5,1,-0.3577743319643119,-20.49687775070602
2018-12-07 09:00:00,23.3,74,18.3,0.0,46,231.0,21.3,3,-1.1147558679747036,-21.270809090272422
2018-12-07 10:00:00,24.7,66,18.0,0.0,46,377.0,20.2,2,-0.7049698333905196,-20.18769470578573
2018-12-07 11:00:00,25.8,61,17.7,0.0,41,474.0,18.7,360,4.580179028811101e-15,-18.7
2018-12-07 12:00:00,26.5,58,17.7,0.0,44,523.0,17.0,355,1.4816476267101917,-16.935309867559674
2018-12-07 13:00:00,26.6,59,17.8,0.0,44,468.0,17.2,349,3.281914720476568,-16.883987555299818
2018-12-07 14:00:00,26.7,58,17.8,0.0,40,459.0,19.5,348,4.054277970946317,-19.073878214309207
2018-12-07 15:00:00,26.1,59,17.5,0.0,45,316.0,21.8,352,3.0339736009294365,-21.58784389856623
2018-12-07 16:00:00,25.1,62,17.3,0.0,42,166.0,22.8,355,1.9871509346466096,-22.7132391164918
2018-12-07 17:00:00,23.8,66,17.1,0.0,47,36.0,21.3,356,1.485812890749876,-21.248114270534256
2018-12-07 18:00:00,22.6,71,17.1,0.0,55,0.0,22.7,357,1.188026206714837,-22.668890438928827
2018-12-07 19:00:00,21.9,74,17.1,0.0,63,0.0,24.5,359,0.4275839577134472,-24.496268531331587
2018-12-07 20:00:00,21.6,75,17.0,0.0,62,0.0,24.5,2,-0.8550376692112738,-24.485075261967847
2018-12-07 21:00:00,21.4,75,16.9,0.0,78,0.0,22.3,3,-1.1670918242176476,-22.269438625027
2018-12-07 22:00:00,21.4,76,16.9,0.0,88,0.0,21.2,1,-0.3699910164704104,-21.19677113731549
2018-12-07 23:00:00,21.2,77,16.9,0.0,98,0.0,21.6,359,0.3769719790453249,-21.596710215378053
2018-12-08 00:00:00,20.9,78,16.9,0.0,100,0.0,22.0,360,5.388445916248354e-15,-22.0
2018-12-08 01:00:00,20.7,79,16.9,0.0,82,0.0,20.9,1,-0.3647552945392254,-20.89681682876857
2018-12-08 02:00:00,20.6,80,17.0,0.0,90,0.0,20.2,360,4.9475730685553065e-15,-20.2
2018-12-08 03:00:00,20.7,78,16.8,0.0,79,0.0,20.5,360,5.021051876504148e-15,-20.5
2018-12-08 04:00:00,20.5,79,16.8,0.0,73,0.0,21.2,1,-0.3699910164704104,-21.19677113731549
2018-12-08 05:00:00,20.3,80,16.7,0.0,54,0.0,21.6,1,-0.3769719790453238,-21.596710215378053
2018-12-08 06:00:00,20.2,80,16.6,0.0,54,0.0,21.6,360,5.290474172316566e-15,-21.6
2018-12-08 07:00:00,20.1,80,16.5,0.0,62,2.0,21.6,2,-0.753829128774021,-21.58684186361247
2018-12-08 08:00:00,21.0,75,16.4,0.0,81,67.0,21.3,3,-1.1147558679747036,-21.270809090272422
2018-12-08 09:00:00,22.2,69,16.4,0.0,85,200.0,21.2,1,-0.3699910164704104,-21.19677113731549
2018-12-08 10:00:00,23.7,63,16.3,0.0,55,355.0,21.6,357,1.1304566548475985,-21.5703979506988
2018-12-08 11:00:00,24.6,60,16.2,0.0,77,431.0,22.3,358,0.7782587764657684,-22.28641544252584
2018-12-08 12:00:00,25.3,57,16.3,0.0,81,470.0,20.9,359,0.3647552945392264,-20.89681682876857
2018-12-08 13:00:00,25.5,57,16.4,0.0,77,425.0,19.1,356,1.3323486485127998,-19.053473359962645
2018-12-08 14:00:00,25.5,58,16.5,0.0,71,322.0,19.6,354,2.048757880046007,-19.49262914921816
2018-12-08 15:00:00,24.8,60,16.5,0.0,82,137.0,20.9,356,1.4579103012522256,-20.849088650430325
2018-12-08 16:00:00,24.3,62,16.5,0.0,81,83.0,19.8,358,0.6910100347095163,-19.787938374978097
2018-12-08 17:00:00,22.9,70,17.1,0.3,77,13.0,18.2,352,2.532950437473199,-18.02287885109658
2018-12-08 18:00:00,21.9,74,17.2,0.2,75,0.0,18.1,354,1.891965185144527,-18.000846306165748
2018-12-08 19:00:00,21.1,80,17.5,0.6,73,0.0,18.0,360,4.408728476930472e-15,-18.0
2018-12-08 20:00:00,20.8,82,17.7,0.6,54,0.0,16.6,356,1.1579574641524857,-16.55956323431308
2018-12-08 21:00:00,20.6,83,17.7,0.9,68,0.0,18.9,352,2.630371608145245,-18.716066499215675
2018-12-08 22:00:00,20.5,84,17.7,0.4,68,0.0,20.5,357,1.0728871029803595,-20.471905462468765
2018-12-08 23:00:00,20.3,84,17.6,0.1,69,0.0,20.2,360,4.9475730685553065e-15,-20.2
2018-12-09 00:00:00,20.3,84,17.6,0.4,65,0.0,20.9,359,0.3647552945392264,-20.89681682876857
2018-12-09 01:00:00,20.3,84,17.6,0.5,56,0.0,19.8,1,-0.3455576474582135,-19.79698436409655
2018-12-09 02:00:00,20.2,85,17.6,0.7,65,0.0,19.4,359,0.338576684883301,-19.39704528603399
2018-12-09 03:00:00,20.1,84,17.3,0.5,65,0.0,22.0,358,0.7677889274550181,-21.986598194420107
2018-12-09 04:00:00,19.9,85,17.2,0.5,67,0.0,22.4,4,-1.5625450118684068,-22.34543472582006
2018-12-09 05:00:00,19.9,84,17.1,0.3,69,0.0,19.2,5,-1.6733902607550368,-19.126938203361515
2018-12-09 06:00:00,19.8,84,17.1,0.0,52,0.0,17.3,2,-0.6037612929532667,-17.289461307430358
2018-12-09 07:00:00,20.0,84,17.2,0.0,50,1.0,16.2,1,-0.2827289842839929,-16.197532661533536
2018-12-09 08:00:00,20.5,82,17.4,0.0,37,23.0,17.7,358,0.6177210916342646,-17.689217638237995
2018-12-09 09:00:00,21.3,78,17.3,0.0,32,69.0,20.5,358,0.7154396824012669,-20.487511953891463
2018-12-09 10:00:00,22.3,72,17.1,0.0,28,151.0,21.2,1,-0.3699910164704104,-21.19677113731549
2018-12-09 11:00:00,23.4,67,17.0,0.0,26,291.0,20.2,360,4.9475730685553065e-15,-20.2
2018-12-09 12:00:00,24.5,64,17.2,0.0,33,488.0,20.6,354,2.1532863433136606,-20.48715104458643
2018-12-09 13:00:00,25.0,62,17.3,0.0,33,515.0,23.2,354,2.425060347809559,-23.07290797254394
2018-12-09 14:00:00,24.8,63,17.2,0.0,31,356.0,25.2,358,0.8794673169030207,-25.184648840881213
2018-12-09 15:00:00,24.2,64,16.9,0.0,34,178.0,24.8,1,-0.4328196796446311,-24.796222839878503
2018-12-09 16:00:00,23.6,67,17.0,0.0,23,133.0,22.3,3,-1.1670918242176476,-22.269438625027
2018-12-09 17:00:00,22.6,71,17.0,0.0,10,41.0,19.1,1,-0.333340962952115,-19.097090977487078
2018-12-09 18:00:00,21.7,75,17.1,0.0,27,0.0,18.4,359,0.3211242784460175,-18.3971975908776
2018-12-09 19:00:00,21.2,78,17.2,0.0,22,0.0,17.7,354,1.8501537998374653,-17.60303754801844
2018-12-09 20:00:00,21.0,80,17.3,0.0,22,0.0,18.8,355,1.6385279636559764,-18.728460324124818
2018-12-09 21:00:00,20.9,81,17.4,0.0,22,0.0,18.7,2,-0.6526205883367681,-18.68860846525709
2018-12-09 22:00:00,20.7,82,17.5,0.0,25,0.0,16.2,3,-0.8478424911356901,-16.177798463024097
2018-12-09 23:00:00,20.6,83,17.7,0.0,32,0.0,17.7,355,1.5426566466335525,-17.632646156223895
2018-12-10 00:00:00,20.5,85,17.8,0.0,42,0.0,18.0,359,0.3141433158711041,-17.997258512815044
2018-12-10 01:00:00,20.4,86,18.0,0.0,40,0.0,16.9,358,0.5898014942722639,-16.889704976622717
2018-12-10 02:00:00,20.5,87,18.2,0.0,40,0.0,19.2,355,1.6733902607550395,-19.126938203361515
2018-12-10 03:00:00,20.8,85,18.2,0.0,53,0.0,20.2,1,-0.3525386100331269,-20.196923442159104
2018-12-10 04:00:00,20.8,84,18.0,0.0,72,0.0,17.1,8,-2.379860026417119,-16.933583975480854
2018-12-10 05:00:00,20.9,84,18.1,0.0,59,0.0,15.1,357,0.79027293926846,-15.079305974794064
2018-12-10 06:00:00,21.0,85,18.3,0.0,74,0.0,19.5,356,1.36025123801045,-19.45249898006657
2018-12-10 07:00:00,21.2,84,18.4,0.0,47,1.0,17.3,356,1.2067869957733734,-17.257858069494958
2018-12-10 08:00:00,21.9,81,18.5,0.0,29,30.0,18.5,353,2.254582852995224,-18.36210380536446
2018-12-10 09:00:00,23.0,76,18.5,0.0,28,88.0,21.7,353,2.6445647518916946,-21.538251490616688
2018-12-10 10:00:00,24.2,71,18.5,0.0,34,293.0,23.4,359,0.4083863106324353,-23.396436066659557
2018-12-10 11:00:00,24.8,68,18.5,0.0,24,281.0,22.3,359,0.3891886635514234,-22.296603601987528
2018-12-10 12:00:00,25.0,67,18.5,0.0,36,295.0,21.6,356,1.506739832873114,-21.547383485612205
2018-12-10 13:00:00,25.1,67,18.5,0.0,35,315.0,22.8,354,2.3832489625024977,-22.67509921439663
2018-12-10 14:00:00,24.8,69,18.7,0.0,27,230.0,24.5,357,1.2822309279521371,-24.466423601487055
2018-12-10 15:00:00,24.4,70,18.6,0.0,38,273.0,23.1,2,-0.8061783738277725,-23.085928104141114
2018-12-10 16:00:00,23.8,73,18.6,0.0,23,76.0,19.8,358,0.6910100347095163,-19.787938374978097
2018-12-10 17:00:00,23.1,77,18.8,0.1,33,19.0,15.5,356,1.0812253430339474,-15.462242779027276
2018-12-10 18:00:00,22.3,81,18.9,0.0,40,0.0,15.5,347,3.4867413423299127,-15.102736004171144
2018-12-10 19:00:00,22.2,83,19.1,0.0,83,0.0,18.1,355,1.5775189437326156,-18.0311240354606
2018-12-10 20:00:00,22.1,84,19.3,0.0,77,0.0,18.4,357,0.9629815948701764,-18.37478343948416
2018-12-10 21:00:00,21.8,87,19.5,0.0,39,0.0,17.4,353,2.1205265752495617,-17.270303038559003
2018-12-10 22:00:00,21.8,88,19.7,0.0,50,0.0,18.3,350,3.1777616513048264,-18.02198188012341
2018-12-10 23:00:00,21.7,89,19.8,0.0,66,0.0,19.5,355,1.6995369835793372,-19.42579661278904
2018-12-11 00:00:00,21.5,91,20.0,0.0,81,0.0,17.6,360,4.310756732998684e-15,-17.6
2018-12-11 01:00:00,21.4,92,20.1,0.0,93,0.0,14.8,356,1.0323958114130594,-14.763947943845398
2018-12-11 02:00:00,21.2,94,20.2,0.0,96,0.0,15.4,349,2.938458528798788,-15.117058625094026
2018-12-11 03:00:00,21.4,91,19.8,0.3,96,0.0,17.9,350,3.1083023802380536,-17.628058778918522
2018-12-11 04:00:00,21.4,91,19.9,0.0,96,0.0,19.1,356,1.3323486485127998,-19.053473359962645
2018-12-11 05:00:00,21.3,92,19.9,0.0,100,0.0,17.3,356,1.2067869957733734,-17.257858069494958
2018-12-11 06:00:00,21.3,91,19.9,0.0,77,0.0,16.4,351,2.5655252266597897,-16.198088785760255
2018-12-11 07:00:00,21.3,92,19.9,0.0,44,0.0,18.3,350,3.1777616513048264,-18.02198188012341
2018-12-11 08:00:00,21.7,90,20.0,0.0,37,24.0,21.8,351,3.4102713378770377,-21.531605824974
2018-12-11 09:00:00,22.9,82,19.6,0.0,35,147.0,24.5,357,1.2822309279521371,-24.466423601487055
2018-12-11 10:00:00,24.1,73,19.1,0.0,44,258.0,25.6,1,-0.4467816047944579,-25.596100996003617
2018-12-11 11:00:00,24.9,69,18.8,0.0,33,301.0,25.2,360,6.17221986770266e-15,-25.2
2018-12-11 12:00:00,25.2,68,18.9,0.0,24,387.0,24.5,360,6.000769315822031e-15,-24.5
2018-12-11 13:00:00,25.5,67,18.9,0.0,5,467.0,24.1,358,0.8410778705302699,-24.08531893116021
2018-12-11 14:00:00,25.5,67,18.9,0.0,7,418.0,24.5,356,1.709033606731078,-24.44031923136569
2018-12-11 15:00:00,24.7,69,18.7,0.0,10,306.0,24.9,358,0.8689974678922705,-24.884831592775484
2018-12-11 16:00:00,23.8,72,18.5,0.0,32,118.0,23.8,356,1.66020407511019,-23.74202439618381
2018-12-11 17:00:00,22.6,77,18.3,0.0,50,22.0,23.5,354,2.456418886789855,-23.37126454115442
2018-12-11 18:00:00,21.6,81,18.2,0.0,78,0.0,24.9,356,1.7369361962287282,-24.839344851469622
2018-12-11 19:00:00,21.0,82,17.9,0.0,58,0.0,24.8,360,6.074248123770872e-15,-24.8
2018-12-11 20:00:00,20.7,81,17.4,0.0,20,0.0,23.0,1,-0.4014053480575207,-22.996496988597
2018-12-11 21:00:00,20.3,80,16.8,0.0,16,0.0,22.3,360,5.4619247241971945e-15,-22.3
2018-12-11 22:00:00,20.0,79,16.3,0.0,14,0.0,22.0,358,0.7677889274550181,-21.986598194420107
2018-12-11 23:00:00,19.7,79,15.9,0.0,23,0.0,22.7,358,0.7922185751467686,-22.686171773333477
2018-12-12 00:00:00,19.5,78,15.6,0.0,27,0.0,24.1,359,0.4206029951385338,-24.096329453269032
2018-12-12 01:00:00,19.3,77,15.2,0.0,31,0.0,24.8,360,6.074248123770872e-15,-24.8
2018-12-12 02:00:00,19.2,76,14.9,0.0,63,0.0,25.2,1,-0.4398006422195444,-25.19616191794106
2018-12-12 03:00:00,19.4,75,14.8,0.0,62,0.0,24.5,1,-0.427583957713446,-24.496268531331587
2018-12-12 04:00:00,19.3,74,14.6,0.0,58,0.0,24.5,359,0.4275839577134472,-24.496268531331587
2018-12-12 05:00:00,19.0,74,14.4,0.0,61,0.0,24.5,2,-0.8550376692112738,-24.485075261967847
2018-12-12 06:00:00,19.0,74,14.2,0.0,55,0.0,21.6,2,-0.753829128774021,-21.58684186361247
2018-12-12 07:00:00,19.1,73,14.2,0.0,52,2.0,22.7,358,0.7922185751467686,-22.686171773333477
2018-12-12 08:00:00,19.6,71,14.3,0.0,52,34.0,24.8,360,6.074248123770872e-15,-24.8
2018-12-12 09:00:00,20.6,67,14.4,0.0,53,177.0,23.1,2,-0.8061783738277725,-23.085928104141114
2018-12-12 10:00:00,21.6,64,14.6,0.0,65,243.0,20.5,358,0.7154396824012669,-20.487511953891463
2018-12-12 11:00:00,21.9,63,14.6,0.0,68,237.0,21.3,354,2.226456267601018,-21.183316371344223
2018-12-12 12:00:00,22.1,62,14.6,0.0,74,284.0,23.9,354,2.4982302720969165,-23.76907329930173
2018-12-12 13:00:00,22.4,62,14.7,0.0,67,292.0,25.9,358,0.9038969645947712,-25.88422241979458
2018-12-12 14:00:00,22.4,62,14.8,0.0,53,245.0,25.9,359,0.4520173267256442,-25.896055304550533
2018-12-12 15:00:00,21.9,62,14.4,0.0,48,261.0,26.3,358,0.9178567632757716,-26.28397875060222
2018-12-12 16:00:00,21.1,65,14.2,0.0,47,158.0,26.3,358,0.9178567632757716,-26.28397875060222
2018-12-12 17:00:00,20.0,69,14.0,0.0,65,39.0,24.1,358,0.8410778705302699,-24.08531893116021
2018-12-12 18:00:00,19.2,71,13.9,0.0,62,0.0,22.0,359,0.3839529416202383,-21.99664929344061
2018-12-12 19:00:00,18.9,73,13.9,0.0,82,0.0,20.2,357,1.0571863161074762,-20.17231660204239
2018-12-12 20:00:00,18.7,74,14.1,0.0,79,0.0,20.6,355,1.7954083006017614,-20.52161078068996
2018-12-12 21:00:00,18.7,75,14.2,0.0,81,0.0,20.9,356,1.4579103012522256,-20.849088650430325
2018-12-12 22:00:00,18.5,76,14.2,0.0,88,0.0,19.8,359,0.3455576474582145,-19.79698436409655
2018-12-12 23:00:00,18.3,77,14.2,0.0,85,0.0,17.3,359,0.3019266313650056,-17.29736512620557
2018-12-13 00:00:00,18.2,77,14.2,0.0,89,0.0,16.3,352,2.268521545649074,-16.141369520487597
2018-12-13 01:00:00,18.2,78,14.2,0.0,93,0.0,17.0,354,1.776983875550108,-16.906872221260645
2018-12-13 02:00:00,18.1,78,14.3,0.0,100,0.0,17.3,358,0.6037612929532643,-17.289461307430358
2018-12-13 03:00:00,18.0,82,14.8,0.2,100,0.0,15.8,359,0.2757480217090802,-15.797593583470984
2018-12-13 04:00:00,18.0,82,14.8,0.3,100,0.0,15.5,360,3.796405077356795e-15,-15.5
2018-12-13 05:00:00,18.0,82,14.8,0.1,97,0.0,15.5,1,-0.2705122997778944,-15.497639274924063
2018-12-13 06:00:00,18.0,82,14.8,0.1,99,0.0,11.9,5,-1.037153338697132,-11.854716907291772
2018-12-13 07:00:00,18.0,83,15.0,0.0,90,2.0,13.7,3,-0.7170026005283305,-13.68122462613766
2018-12-13 08:00:00,18.7,81,15.5,0.0,70,43.0,14.8,3,-0.7745721523955688,-14.779717114367694
2018-12-13 09:00:00,19.8,75,15.3,0.0,70,154.0,15.9,4,-1.1091279325315924,-15.861268399131204
2018-12-13 10:00:00,21.0,70,15.2,0.0,60,249.0,15.1,1,-0.263531337202981,-15.097700196861508
2018-12-13 11:00:00,21.9,66,15.3,0.0,61,332.0,13.7,357,0.7170026005283379,-13.68122462613766
2018-12-13 12:00:00,22.7,63,15.3,0.0,55,403.0,13.7,355,1.1940336756429188,-13.647867363856914
2018-12-13 13:00:00,23.0,62,15.3,0.0,60,242.0,14.2,353,1.7305446763530905,-14.094155353306771
2018-12-13 14:00:00,23.2,61,15.3,0.0,49,308.0,16.0,352,2.226769615361054,-15.844289099865124
2018-12-13 15:00:00,23.1,63,15.6,0.0,38,243.0,18.8,353,2.291143656016768,-18.659867650856857
2018-12-13 16:00:00,22.5,65,15.5,0.0,42,159.0,20.2,357,1.0571863161074762,-20.17231660204239
2018-12-13 17:00:00,21.4,70,15.6,0.0,60,29.0,19.5,357,1.020551146737415,-19.47327592771419
2018-12-13 18:00:00,20.5,74,15.7,0.0,76,0.0,18.4,358,0.6421507393260151,-18.38879121715136
2018-12-13 19:00:00,20.1,77,15.8,0.0,75,0.0,16.9,359,0.2949456687900921,-16.89742604814301
2018-12-13 20:00:00,19.9,78,15.9,0.0,71,0.0,13.7,357,0.7170026005283379,-13.68122462613766
2018-12-13 21:00:00,19.8,78,16.0,0.0,86,0.0,11.3,351,1.7677094549546115,-11.160878248725057
2018-12-13 22:00:00,19.6,80,16.1,0.0,81,0.0,11.4,349,2.175222547292609,-11.19054989130337
2018-12-13 23:00:00,19.4,82,16.2,0.0,77,0.0,12.3,355,1.0720156357961974,-12.253194786528471
2018-12-14 00:00:00,19.2,83,16.3,0.0,80,0.0,11.9,358,0.4153040107597598,-11.89275084152724
2018-12-14 01:00:00,19.2,83,16.3,0.0,82,0.0,11.2,2,-0.3908743630680108,-11.193177262613872
2018-12-14 02:00:00,19.1,84,16.3,0.0,67,0.0,9.8,6,-1.024378940023004,-9.746314574609078
2018-12-14 03:00:00,19.1,85,16.5,0.0,77,0.0,8.7,7,-1.060263287624783,-8.6351515192795
2018-12-14 04:00:00,19.1,85,16.6,0.0,77,0.0,8.6,2,-0.3001356716415083,-8.594761112364223
2018-12-14 05:00:00,18.9,86,16.6,0.0,81,0.0,8.6,360,2.1063924945334478e-15,-8.6
2018-12-14 06:00:00,18.7,87,16.5,0.0,59,0.0,9.0,360,2.204364238465236e-15,-9.0
2018-12-14 07:00:00,18.6,88,16.6,0.0,58,1.0,9.1,7,-1.109011024986842,-9.032169979936029
2018-12-14 08:00:00,19.7,86,17.3,0.0,44,59.0,9.0,2,-0.3140954703225087,-8.994517443171862
2018-12-14 09:00:00,21.3,77,17.1,0.0,48,184.0,8.7,355,0.7582549619046273,-8.666893873398186
2018-12-14 10:00:00,22.3,71,16.9,0.0,54,258.0,8.0,350,1.389185421335443,-7.878462024097664
2018-12-14 11:00:00,23.3,68,16.9,0.0,34,419.0,9.0,344,2.48073620235299,-8.65135526344487
2018-12-14 12:00:00,23.9,65,16.8,0.0,41,433.0,10.4,340,3.5570094905869536,-9.772803256173448
2018-12-14 13:00:00,24.1,63,16.7,0.0,41,378.0,12.8,338,4.794964395723678,-11.867953338454878
2018-12-14 14:00:00,24.1,63,16.7,0.0,35,301.0,15.5,342,4.789763412811689,-14.74137600257488
2018-12-14 15:00:00,24.2,63,16.6,0.0,31,279.0,16.5,349,3.148348423712987,-16.196848526886455
2018-12-14 16:00:00,23.6,64,16.4,0.0,38,137.0,17.0,354,1.776983875550108,-16.906872221260645
2018-12-14 17:00:00,22.6,68,16.3,0.0,52,40.0,16.3,355,1.4206386067868306,-16.237973578895453
2018-12-14 18:00:00,21.4,73,16.3,0.0,51,0.0,15.9,357,0.8321417042628155,-15.878209602597725
2018-12-14 19:00:00,20.7,76,16.3,0.0,57,0.0,16.2,360,3.967855629237425e-15,-16.2
2018-12-14 20:00:00,20.1,79,16.3,0.0,59,0.0,15.1,360,3.698433333425007e-15,-15.1
2018-12-14 21:00:00,19.9,80,16.4,0.0,55,0.0,14.4,360,3.5269827815443773e-15,-14.4
2018-12-14 22:00:00,19.7,81,16.4,0.0,61,0.0,12.6,360,3.08610993385133e-15,-12.6
2018-12-14 23:00:00,19.6,83,16.5,0.0,60,0.0,11.9,358,0.4153040107597598,-11.89275084152724
2018-12-15 00:00:00,19.6,83,16.6,0.0,63,0.0,12.3,357,0.6437322617882157,-12.283143277481258
2018-12-15 01:00:00,19.4,84,16.6,0.0,61,0.0,13.0,358,0.4536934571325107,-12.992080751248244
2018-12-15 02:00:00,19.3,85,16.7,0.0,60,0.0,12.2,2,-0.4257738597705118,-12.192568089632967
2018-12-15 03:00:00,19.3,85,16.8,0.0,58,0.0,11.2,4,-0.7812725059342034,-11.17271736291003
2018-12-15 04:00:00,19.2,86,16.9,0.0,67,0.0,10.4,360,2.547265342226495e-15,-10.4
2018-12-15 05:00:00,19.0,87,16.9,0.0,56,0.0,11.2,356,0.781272505934207,-11.17271736291003
2018-12-15 06:00:00,19.0,88,16.9,0.0,64,0.0,10.8,360,2.645237086158283e-15,-10.8
2018-12-15 07:00:00,18.9,88,17.0,0.0,64,1.0,10.4,2,-0.3629547657060101,-10.393664600998596
2018-12-15 08:00:00,19.8,87,17.6,0.0,55,53.0,10.4,358,0.3629547657060086,-10.393664600998596
2018-12-15 09:00:00,21.1,81,17.7,0.0,60,158.0,9.4,356,0.655710853194781,-9.377102072442348
2018-12-15 10:00:00,22.5,73,17.5,0.0,62,272.0,7.8,347,1.7546182238821495,-7.600086505324834
2018-12-15 11:00:00,23.4,69,17.5,0.0,56,349.0,7.2,333,3.2687315981247385,-6.415246974156248
2018-12-15 12:00:00,24.1,67,17.5,0.0,54,415.0,8.0,324,4.702282018339787,-6.472135954999579
2018-12-15 13:00:00,24.5,65,17.6,0.0,36,451.0,9.7,318,6.490566881680923,-7.208504807130724
2018-12-15 14:00:00,24.7,65,17.6,0.0,32,417.0,11.5,321,7.237184497073135,-8.937178556755162
2018-12-15 15:00:00,24.4,65,17.3,0.0,26,257.0,13.2,334,5.786499137615826,-11.864081411149002
2018-12-15 16:00:00,23.9,65,17.0,0.0,31,130.0,13.1,351,2.0492914920270278,-12.938717261796302
2018-12-15 17:00:00,23.2,68,16.9,0.0,38,36.0,9.7,360,2.3758147903458648e-15,-9.7
2018-12-15 18:00:00,22.4,72,17.0,0.0,41,0.0,11.2,358,0.3908743630680092,-11.193177262613872
2018-12-15 19:00:00,21.5,77,17.2,0.0,54,0.0,12.2,360,2.9881381899195417e-15,-12.2
2018-12-15 20:00:00,21.1,79,17.4,0.0,38,0.0,11.9,360,2.9146593819707008e-15,-11.9
2018-12-15 21:00:00,20.7,82,17.6,0.0,42,0.0,10.5,356,0.7324429743133192,-10.474422527728152
2018-12-15 22:00:00,20.3,85,17.7,0.0,55,0.0,11.3,351,1.7677094549546115,-11.160878248725057
2018-12-15 23:00:00,20.1,87,17.9,0.0,55,0.0,12.0,353,1.4624321208617668,-11.910553819695863
2018-12-16 00:00:00,19.9,89,18.0,0.0,62,0.0,12.3,357,0.6437322617882157,-12.283143277481258
2018-12-16 01:00:00,19.8,90,18.1,0.0,37,0.0,12.6,357,0.659433048661099,-12.58273213790763
2018-12-16 02:00:00,19.6,91,18.1,0.0,26,0.0,13.0,360,3.1840816777831178e-15,-13.0
2018-12-16 03:00:00,19.8,90,18.1,0.0,27,0.0,12.6,2,-0.4397336584515122,-12.592324420440606
2018-12-16 04:00:00,19.7,90,18.1,0.0,26,0.0,12.6,360,3.08610993385133e-15,-12.6
2018-12-16 05:00:00,19.6,91,18.1,0.0,18,0.0,12.2,358,0.42577385977051,-12.192568089632967
2018-12-16 06:00:00,19.5,92,18.1,0.0,16,0.0,13.4,352,1.8649195528648828,-13.26959212113704
2018-12-16 07:00:00,19.5,92,18.1,0.0,19,1.0,13.3,360,3.25756048573196e-15,-13.3
2018-12-16 08:00:00,20.3,90,18.6,0.0,17,58.0,13.7,2,-0.4781231048242632,-13.691654330161612
2018-12-16 09:00:00,21.8,81,18.4,0.0,8,207.0,13.3,360,3.25756048573196e-15,-13.3
2018-12-16 10:00:00,23.3,71,17.8,0.0,5,306.0,14.0,360,3.429011037612589e-15,-14.0
2018-12-16 11:00:00,24.5,64,17.2,0.0,6,453.0,16.2,357,0.8478424911356988,-16.177798463024097
2018-12-16 12:00:00,25.2,60,16.8,0.0,2,528.0,19.9,356,1.3881538275081,-19.8515246001705
2018-12-16 13:00:00,25.4,58,16.7,0.0,4,460.0,21.0,354,2.1950977286207216,-20.88495980273374
2018-12-16 14:00:00,25.4,59,16.7,0.0,2,430.0,21.8,352,3.0339736009294365,-21.58784389856623
2018-12-16 15:00:00,25.1,63,17.5,0.0,2,338.0,22.1,353,2.6933124892537537,-21.93526995127322
2018-12-16 16:00:00,24.2,67,17.8,0.0,1,191.0,21.3,354,2.226456267601018,-21.183316371344223
2018-12-16 17:00:00,22.7,74,17.8,0.0,1,48.0,21.0,355,1.830270597700825,-20.920088659926652
2018-12-16 18:00:00,21.3,79,17.5,0.0,0,0.0,21.6,356,1.506739832873114,-21.547383485612205
2018-12-16 19:00:00,20.4,81,17.1,0.0,0,0.0,21.2,360,5.1925024283847775e-15,-21.2
2018-12-16 20:00:00,19.9,83,16.8,0.0,0,0.0,19.8,1,-0.3455576474582135,-19.79698436409655
2018-12-16 21:00:00,19.6,83,16.7,0.0,0,0.0,19.1,1,-0.333340962952115,-19.097090977487078
2018-12-16 22:00:00,19.4,84,16.6,0.0,0,0.0,18.0,359,0.3141433158711041,-17.997258512815044
2018-12-16 23:00:00,19.1,85,16.5,0.0,0,0.0,18.1,355,1.5775189437326156,-18.0311240354606
2018-12-17 00:00:00,18.9,85,16.4,0.0,1,0.0,18.5,352,2.574702367761218,-18.31995927171905
2018-12-17 01:00:00,18.7,85,16.2,0.0,1,0.0,20.0,353,2.4373868681029447,-19.850923032826444
2018-12-17 02:00:00,18.5,85,16.0,0.0,3,0.0,21.7,355,1.8912796176241853,-21.61742494859088
2018-12-17 03:00:00,18.6,85,16.0,0.0,7,0.0,22.7,357,1.188026206714837,-22.668890438928827
2018-12-17 04:00:00,18.5,83,15.6,0.0,19,0.0,23.4,357,1.224661376084898,-23.367931113257026
2018-12-17 05:00:00,18.4,82,15.2,0.0,24,0.0,23.4,359,0.4083863106324353,-23.396436066659557
2018-12-17 06:00:00,18.2,81,14.8,0.0,28,0.0,20.5,359,0.3577743319643129,-20.49687775070602
2018-12-17 07:00:00,18.2,79,14.4,0.0,26,1.0,18.7,358,0.6526205883367654,-18.68860846525709
2018-12-17 08:00:00,19.0,73,14.0,0.0,30,60.0,20.2,355,1.760546003502698,-20.12313290145326
2018-12-17 09:00:00,20.1,67,13.7,0.0,22,194.0,22.7,356,1.583471953991652,-22.644703940898008
2018-12-17 10:00:00,21.0,62,13.4,0.0,19,326.0,24.2,356,1.6881066646078404,-24.141050016287743
2018-12-17 11:00:00,21.8,58,13.2,0.0,20,471.0,25.2,358,0.8794673169030207,-25.184648840881213
2018-12-17 12:00:00,22.2,56,12.9,0.0,18,525.0,24.1,358,0.8410778705302699,-24.08531893116021
2018-12-17 13:00:00,22.4,54,12.8,0.0,16,466.0,23.8,357,1.245595758582076,-23.76738292715886
2018-12-17 14:00:00,22.5,54,12.6,0.0,16,459.0,24.1,357,1.2612965454549594,-24.06697178758523
2018-12-17 15:00:00,22.0,54,12.4,0.0,8,319.0,22.7,359,0.3961696261263368,-22.69654268005008
2018-12-17 16:00:00,21.4,56,12.1,0.0,8,180.0,20.9,358,0.7293994810822672,-20.8872682846991
2018-12-17 17:00:00,20.2,59,11.9,0.0,11,52.0,18.8,357,0.983915977367354,-18.77423525338599
2018-12-17 18:00:00,19.1,63,11.8,0.0,19,0.0,16.2,360,3.967855629237425e-15,-16.2
2018-12-17 19:00:00,18.4,65,11.7,0.0,19,0.0,14.8,360,3.624954525476166e-15,-14.8
2018-12-17 20:00:00,18.1,67,11.8,0.0,24,0.0,14.4,359,0.2513146526968833,-14.397806810252035
2018-12-17 21:00:00,17.9,68,11.9,0.0,17,0.0,14.0,359,0.2443336901219698,-13.997867732189478
2018-12-17 22:00:00,17.9,68,11.8,0.0,23,0.0,14.4,360,3.5269827815443773e-15,-14.4
2018-12-17 23:00:00,17.7,68,11.7,0.0,27,0.0,13.7,3,-0.7170026005283305,-13.68122462613766
2018-12-18 00:00:00,17.6,68,11.6,0.0,26,0.0,12.6,5,-1.098162358620493,-12.552053195955994
2018-12-18 01:00:00,17.5,68,11.6,0.0,40,0.0,11.3,9,-1.7677094549546088,-11.160878248725057
2018-12-18 02:00:00,17.4,69,11.6,0.0,40,0.0,10.0,13,-2.24951054343865,-9.743700647852352
2018-12-18 03:00:00,17.3,66,10.8,0.0,39,0.0,9.1,9,-1.4235536318661008,-8.987963899415753
2018-12-18 04:00:00,17.0,67,10.8,0.0,41,0.0,9.4,4,-0.6557108531947778,-9.377102072442348
2018-12-18 05:00:00,16.9,68,10.9,0.0,41,0.0,9.7,4,-0.6766377953180154,-9.676371287520292
2018-12-18 06:00:00,16.8,68,10.9,0.0,36,0.0,9.8,6,-1.024378940023004,-9.746314574609078
2018-12-18 07:00:00,16.9,69,11.2,0.0,28,1.0,8.7,7,-1.060263287624783,-8.6351515192795
2018-12-18 08:00:00,18.0,67,11.7,0.0,35,65.0,6.9,6,-0.721246396546809,-6.862201078041086
2018-12-18 09:00:00,19.8,61,12.1,0.0,23,198.0,4.7,4,-0.3278554265973889,-4.688551036221174
2018-12-18 10:00:00,20.9,60,12.8,0.0,20,328.0,3.1,339,1.1109406435904323,-2.894099322141325
2018-12-18 11:00:00,21.8,58,13.2,0.0,19,389.0,2.8,310,2.1449244407331385,-1.7998053071223097
2018-12-18 12:00:00,22.5,56,13.3,0.0,21,475.0,4.7,302,3.9858260519352022,-2.490620541896062
2018-12-18 13:00:00,23.0,54,13.2,0.0,26,475.0,6.5,304,5.38874422160777,-3.634753872559856
2018-12-18 14:00:00,23.3,51,12.7,0.0,21,450.0,7.6,315,5.374011537017762,-5.37401153701776
2018-12-18 15:00:00,23.5,48,12.0,0.0,14,334.0,9.0,331,4.363286582217032,-7.871577364254563
2018-12-18 16:00:00,23.1,48,11.5,0.0,10,176.0,10.0,345,2.588190451025207,-9.659258262890685
2018-12-18 17:00:00,22.1,51,11.6,0.0,7,46.0,9.4,358,0.3280552690035077,-9.3942737739795
2018-12-18 18:00:00,21.0,55,11.8,0.0,1,0.0,10.5,8,-1.4613175600806871,-10.397814721786489
2018-12-18 19:00:00,20.1,60,12.1,0.0,6,0.0,10.1,17,-2.952954217699641,-9.658678035226655
2018-12-18 20:00:00,19.6,64,12.5,0.0,7,0.0,7.9,30,-3.95,-6.841600689897066
2018-12-18 21:00:00,18.8,71,13.3,0.0,13,0.0,3.8,49,-2.8678964048465336,-2.493024310163928
2018-12-18 22:00:00,19.3,69,13.5,0.0,17,0.0,2.0,45,-1.4142135623730951,-1.4142135623730951
2018-12-18 23:00:00,19.6,69,13.7,0.0,26,0.0,2.0,45,-1.4142135623730951,-1.4142135623730951
2018-12-19 00:00:00,19.7,70,14.0,0.0,20,0.0,2.5,352,0.3479327524001647,-2.475670171853926
2018-12-19 01:00:00,19.8,71,14.3,0.0,22,0.0,3.0,346,0.7257656867990037,-2.910887178827989
2018-12-19 02:00:00,19.9,71,14.5,0.0,26,0.0,2.5,360,6.123233995736766e-16,-2.5
2018-12-19 03:00:00,18.7,72,13.5,0.0,14,0.0,2.9,360,7.10295143505465e-16,-2.9
2018-12-19 04:00:00,17.4,79,13.7,0.0,22,0.0,3.6,6,-0.3763024677635525,-3.580278823325784
2018-12-19 05:00:00,16.8,83,13.9,0.0,23,0.0,4.7,9,-0.7352419856890852,-4.642135200797148
2018-12-19 06:00:00,16.7,85,14.1,0.0,21,0.0,4.0,5,-0.3486229709906326,-3.984778792366982
2018-12-19 07:00:00,16.3,89,14.4,0.0,15,1.0,4.0,5,-0.3486229709906326,-3.984778792366982
2018-12-19 08:00:00,18.6,81,15.3,0.0,14,54.0,4.3,360,1.0531962472667237e-15,-4.3
2018-12-19 09:00:00,21.2,67,14.9,0.0,12,175.0,2.5,315,1.767766952966369,-1.7677669529663684
2018-12-19 10:00:00,22.3,66,15.7,0.0,10,318.0,4.7,279,4.642135200797148,-0.7352419856890842
2018-12-19 11:00:00,23.0,64,15.8,0.0,9,462.0,6.6,283,6.430842427582553,-1.4846769586695083
2018-12-19 12:00:00,23.5,61,15.6,0.0,6,455.0,7.9,286,7.593967397912719,-2.1775351109542957
2018-12-19 13:00:00,23.8,59,15.4,0.0,6,472.0,8.2,285,7.920591775570361,-2.122316169840666
2018-12-19 14:00:00,23.9,59,15.4,0.0,8,389.0,8.3,288,7.893769085249776,-2.5648410533120622
2018-12-19 15:00:00,23.0,59,14.7,0.0,12,287.0,8.9,297,7.929958065276476,-4.040515447681965
2018-12-19 16:00:00,22.5,60,14.5,0.0,9,117.0,8.2,311,6.188618557826731,-5.379684037722157
2018-12-19 17:00:00,21.7,63,14.5,0.0,7,36.0,6.0,335,2.535709570444195,-5.4378467222199
2018-12-19 18:00:00,20.8,67,14.5,0.0,16,0.0,7.3,349,1.392905666248776,-7.165878439167947
2018-12-19 19:00:00,20.0,71,14.6,0.0,24,0.0,7.2,354,0.7526049355271046,-7.160557646651568
2018-12-19 20:00:00,19.4,75,14.8,0.0,28,0.0,7.6,357,0.3977532674463772,-7.589584464134761
2018-12-19 21:00:00,19.1,77,15.0,0.0,31,0.0,7.2,360,1.7634913907721889e-15,-7.2
2018-12-19 22:00:00,18.6,80,15.1,0.0,34,0.0,7.6,3,-0.3977532674463731,-7.589584464134761
2018-12-19 23:00:00,18.2,83,15.3,0.0,41,0.0,6.8,3,-0.3558845024520181,-6.790680836331102
2018-12-20 00:00:00,17.9,85,15.3,0.0,47,0.0,6.5,3,-0.3401837155791349,-6.49109197590473
2018-12-20 01:00:00,17.5,86,15.1,0.0,43,0.0,6.2,10,-1.0766187015349682,-6.10580806867569
2018-12-20 02:00:00,17.1,87,14.8,0.0,41,0.0,6.3,13,-1.4171916423663495,-6.1385314081469815
2018-12-20 03:00:00,16.9,84,14.2,0.0,31,0.0,6.4,16,-1.7640790772287946,-6.1520748540052415
2018-12-20 04:00:00,16.7,82,13.7,0.0,26,0.0,6.6,13,-1.484676958669509,-6.430842427582553
2018-12-20 05:00:00,16.4,83,13.4,0.0,21,0.0,6.6,9,-1.0324674692655236,-6.518743047927909
2018-12-20 06:00:00,16.0,85,13.5,0.0,14,0.0,6.1,360,1.4940690949597709e-15,-6.1
2018-12-20 07:00:00,16.0,85,13.5,0.0,11,1.0,7.6,355,0.6623836448822031,-7.571079705497266
2018-12-20 08:00:00,18.6,74,13.9,0.0,4,68.0,9.7,360,2.3758147903458648e-15,-9.7
2018-12-20 09:00:00,21.7,62,14.0,0.0,4,219.0,8.6,2,-0.3001356716415083,-8.594761112364223
2018-12-20 10:00:00,23.0,58,14.3,0.0,2,377.0,7.6,355,0.6623836448822031,-7.571079705497266
2018-12-20 11:00:00,23.9,54,14.1,0.0,1,477.0,7.0,339,2.508575646817105,-6.535062985480411
2018-12-20 12:00:00,24.7,51,13.8,0.0,1,541.0,6.5,326,3.6347538725598527,-5.388744221607772
2018-12-20 13:00:00,25.2,49,13.6,0.0,1,546.0,6.1,320,3.921004419087891,-4.672871103025765
2018-12-20 14:00:00,25.3,49,13.7,0.0,1,478.0,6.2,306,5.015905365124675,-3.644268564213332
2018-12-20 15:00:00,25.4,48,13.7,0.0,0,335.0,6.2,291,5.788198644282651,-2.2218812871808624
2018-12-20 16:00:00,25.0,50,13.9,0.0,0,198.0,6.4,297,5.702441754805555,-2.9055391983330985
2018-12-20 17:00:00,24.2,54,14.4,0.0,0,52.0,6.9,317,4.705788684431238,-5.046340541172278
2018-12-20 18:00:00,22.7,61,14.9,0.0,0,0.0,7.2,354,0.7526049355271046,-7.160557646651568
2018-12-20 19:00:00,21.2,69,15.3,0.0,0,0.0,8.3,2,-0.2896658226307581,-8.294943864258496
2018-12-20 20:00:00,20.4,75,15.8,0.0,0,0.0,8.6,15,-2.2258437878816784,-8.306962106085987
2018-12-20 21:00:00,19.8,81,16.3,0.0,0,0.0,8.1,13,-1.8221035401853063,-7.892397524760405
2018-12-20 22:00:00,19.3,85,16.7,0.0,0,0.0,8.0,10,-1.3891854213354426,-7.878462024097664
2018-12-20 23:00:00,18.9,88,16.9,0.0,0,0.0,7.9,16,-2.177535110954293,-7.59396739791272
2018-12-21 00:00:00,18.6,90,16.8,0.0,0,0.0,8.0,18,-2.472135954999579,-7.608452130361228
2018-12-21 01:00:00,18.3,90,16.6,0.0,0,0.0,8.6,15,-2.2258437878816784,-8.306962106085987
2018-12-21 02:00:00,18.4,88,16.3,0.0,0,0.0,9.9,10,-1.7191169589026103,-9.74959675482086
2018-12-21 03:00:00,18.6,82,15.5,0.0,0,0.0,10.5,6,-1.0975488643103617,-10.44247990136687
2018-12-21 04:00:00,18.5,83,15.5,0.0,0,0.0,10.8,4,-0.7533699164365533,-10.773691742806102
2018-12-21 05:00:00,18.3,85,15.8,0.0,4,0.0,11.2,360,2.743208830090071e-15,-11.2
2018-12-21 06:00:00,18.3,88,16.2,0.0,11,0.0,11.9,358,0.4153040107597598,-11.89275084152724
2018-12-21 07:00:00,18.4,89,16.6,0.0,10,1.0,12.7,353,1.5477406612453697,-12.60533612584479
2018-12-21 08:00:00,19.8,85,17.3,0.0,9,49.0,13.0,355,1.1330246557195582,-12.950531075192693
2018-12-21 09:00:00,21.5,77,17.4,0.0,2,128.0,13.7,357,0.7170026005283379,-13.68122462613766
2018-12-21 10:00:00,23.0,69,17.1,0.0,1,254.0,14.9,353,1.8158532167366936,-14.7889376594557
2018-12-21 11:00:00,24.3,64,17.0,0.0,1,463.0,15.9,347,3.576721764067459,-15.492484030085238
2018-12-21 12:00:00,25.1,61,17.0,0.0,0,541.0,15.8,343,4.619472934619247,-15.109615144215958
2018-12-21 13:00:00,25.4,60,17.2,0.0,0,540.0,15.6,341,5.078863209531645,-14.750089779349343
2018-12-21 14:00:00,25.4,61,17.3,0.0,0,461.0,14.9,340,5.096100135552462,-14.001420049710037
2018-12-21 15:00:00,25.0,61,17.0,0.0,0,353.0,14.1,341,4.590510977845909,-13.331811915950368
2018-12-21 16:00:00,24.3,65,17.2,0.0,1,180.0,13.6,343,3.976255184229225,-13.00574468109728
2018-12-21 17:00:00,23.3,70,17.4,0.0,2,46.0,11.0,349,2.098898949141992,-10.797899017924305
2018-12-21 18:00:00,22.0,77,17.7,0.0,5,0.0,11.0,349,2.098898949141992,-10.797899017924305
2018-12-21 19:00:00,21.3,82,18.1,0.0,10,0.0,10.9,352,1.5169868004647182,-10.793921949283115
2018-12-21 20:00:00,20.9,86,18.5,0.0,12,0.0,9.8,354,1.0243789400230034,-9.746314574609078
2018-12-21 21:00:00,20.6,89,18.8,0.0,14,0.0,8.7,353,1.0602632876247808,-8.635151519279502
2018-12-21 22:00:00,20.3,93,19.0,0.0,6,0.0,8.5,348,1.767249371950959,-8.314254606237347
2018-12-21 23:00:00,20.1,94,19.1,0.0,4,0.0,9.0,344,2.48073620235299,-8.65135526344487
2018-12-22 00:00:00,20.0,95,19.1,0.0,2,0.0,10.7,346,2.588564282916446,-10.382164271153162
2018-12-22 01:00:00,20.0,95,19.1,0.0,3,0.0,12.1,350,2.1011429497698577,-11.916173811447717
2018-12-22 02:00:00,20.1,95,19.2,0.0,5,0.0,13.4,352,1.8649195528648828,-13.26959212113704
2018-12-22 03:00:00,20.1,95,19.3,0.0,10,0.0,13.8,353,1.681796938991032,-13.697136892650246
2018-12-22 04:00:00,20.0,95,19.2,0.0,14,0.0,13.8,353,1.681796938991032,-13.697136892650246
2018-12-22 05:00:00,20.0,95,19.2,0.0,25,0.0,14.9,353,1.8158532167366936,-14.7889376594557
2018-12-22 06:00:00,19.9,96,19.2,0.0,21,0.0,15.5,355,1.350914012588704,-15.441017820422056
2018-12-22 07:00:00,19.9,96,19.2,0.0,22,1.0,16.3,354,1.7038139512627508,-16.210706894502856
2018-12-22 08:00:00,20.9,92,19.5,0.0,18,55.0,16.6,355,1.4467853296111282,-16.536831988322977
2018-12-22 09:00:00,22.3,83,19.2,0.0,27,148.0,17.0,355,1.4816476267101917,-16.935309867559674
2018-12-22 10:00:00,23.6,76,19.1,0.0,11,268.0,18.1,354,1.891965185144527,-18.000846306165748
2018-12-22 11:00:00,25.2,68,18.9,0.0,9,419.0,18.1,355,1.5775189437326156,-18.0311240354606
2018-12-22 12:00:00,26.2,63,18.7,0.0,13,451.0,17.3,355,1.507794349534489,-17.234168276987198
2018-12-22 13:00:00,26.9,60,18.4,0.0,9,503.0,17.4,353,2.1205265752495617,-17.270303038559003
2018-12-22 14:00:00,26.9,59,18.3,0.0,11,403.0,18.5,353,2.254582852995224,-18.36210380536446
2018-12-22 15:00:00,26.7,60,18.3,0.0,12,318.0,18.8,355,1.6385279636559764,-18.728460324124818
2018-12-22 16:00:00,25.9,64,18.6,0.0,9,155.0,18.0,357,0.9420472123729986,-17.975331625582328
2018-12-22 17:00:00,24.8,70,19.0,0.0,11,48.0,15.9,356,1.1091279325315977,-15.861268399131204
2018-12-22 18:00:00,23.5,77,19.2,0.0,18,0.0,15.9,357,0.8321417042628155,-15.878209602597725
2018-12-22 19:00:00,22.8,81,19.4,0.0,22,0.0,14.8,3,-0.7745721523955688,-14.779717114367694
2018-12-22 20:00:00,22.2,85,19.5,0.0,35,0.0,13.3,2,-0.4641633061432629,-13.291897999353974
2018-12-22 21:00:00,21.7,88,19.6,0.0,53,0.0,11.5,360,2.8166876380389124e-15,-11.5
2018-12-22 22:00:00,21.4,90,19.7,0.0,64,0.0,9.7,360,2.3758147903458648e-15,-9.7
2018-12-22 23:00:00,21.1,92,19.7,0.0,74,0.0,9.0,2,-0.3140954703225087,-8.994517443171862
2018-12-23 00:00:00,21.0,93,19.8,0.0,67,0.0,8.7,7,-1.060263287624783,-8.6351515192795
2018-12-23 01:00:00,20.9,94,19.9,0.0,54,0.0,8.3,360,2.0329136865846065e-15,-8.3
2018-12-23 02:00:00,20.9,95,20.1,0.0,51,0.0,8.8,351,1.3766232923540338,-8.691657397237211
2018-12-23 03:00:00,21.2,93,20.0,0.0,63,0.0,9.2,349,1.7554427574642109,-9.030970087718508
2018-12-23 04:00:00,21.1,94,20.2,0.0,70,0.0,9.9,350,1.719116958902611,-9.74959675482086
2018-12-23 05:00:00,21.0,96,20.3,0.0,58,0.0,10.3,348,2.141490415422927,-10.074920287558198
2018-12-23 06:00:00,21.0,96,20.3,0.0,72,0.0,12.6,347,2.834383284732703,-12.277062816293965
2018-12-23 07:00:00,21.2,95,20.3,0.0,58,0.0,14.5,354,1.5156627173809745,-14.420567482839962
2018-12-23 08:00:00,22.1,91,20.5,0.0,59,35.0,15.9,357,0.8321417042628155,-15.878209602597725
2018-12-23 09:00:00,23.4,84,20.5,0.0,54,116.0,16.2,356,1.1300548746548351,-16.16053761420915
2018-12-23 10:00:00,24.4,78,20.3,0.0,52,198.0,16.2,356,1.1300548746548351,-16.16053761420915
2018-12-23 11:00:00,25.2,73,20.1,0.0,41,269.0,16.6,356,1.1579574641524857,-16.55956323431308
2018-12-23 12:00:00,26.1,69,20.0,0.0,38,334.0,17.0,356,1.1858600536501358,-16.958588854417012
2018-12-23 13:00:00,26.3,67,19.8,0.0,41,285.0,17.4,354,1.8187952608571691,-17.304680979407955
2018-12-23 14:00:00,26.4,66,19.5,0.0,52,313.0,18.1,353,2.205835115633165,-17.96508534470793
2018-12-23 15:00:00,25.7,69,19.5,0.0,53,177.0,19.5,355,1.6995369835793372,-19.42579661278904
2018-12-23 16:00:00,24.9,71,19.3,0.0,50,128.0,19.1,358,0.6665803870177658,-19.08836479606473
2018-12-23 17:00:00,23.7,75,19.0,0.0,53,31.0,15.8,1,-0.2757480217090794,-15.797593583470984
2018-12-23 18:00:00,22.7,78,18.7,0.0,88,0.0,16.2,360,3.967855629237425e-15,-16.2
2018-12-23 19:00:00,22.0,80,18.4,0.0,95,0.0,18.0,1,-0.3141433158711032,-17.997258512815044
2018-12-23 20:00:00,21.3,81,18.0,0.0,81,0.0,17.6,359,0.3071623532961907,-17.59731943475249
2018-12-23 21:00:00,20.9,82,17.8,0.0,87,0.0,18.0,358,0.6281909406450148,-17.989034886343724
2018-12-23 22:00:00,20.7,83,17.7,0.0,100,0.0,17.3,358,0.6037612929532643,-17.289461307430358
2018-12-23 23:00:00,20.6,83,17.7,0.0,100,0.0,17.3,355,1.507794349534489,-17.234168276987198
2018-12-24 00:00:00,20.5,84,17.7,0.0,100,0.0,18.0,357,0.9420472123729986,-17.975331625582328
2018-12-24 01:00:00,20.2,85,17.6,0.1,100,0.0,19.1,358,0.6665803870177658,-19.08836479606473
2018-12-24 02:00:00,20.1,85,17.5,0.0,100,0.0,20.2,360,4.9475730685553065e-15,-20.2
2018-12-24 03:00:00,19.9,85,17.3,0.2,100,0.0,20.5,3,-1.0728871029803486,-20.471905462468765
2018-12-24 04:00:00,19.7,85,17.1,0.0,100,0.0,19.5,2,-0.680540185698769,-19.488121126872368
2018-12-24 05:00:00,19.5,85,16.8,0.0,100,0.0,20.5,359,0.3577743319643129,-20.49687775070602
2018-12-24 06:00:00,19.2,85,16.6,0.0,100,0.0,20.5,358,0.7154396824012669,-20.487511953891463
2018-12-24 07:00:00,19.2,84,16.4,0.0,100,0.0,20.2,360,4.9475730685553065e-15,-20.2
2018-12-24 08:00:00,19.8,81,16.4,0.0,100,36.0,20.5,358,0.7154396824012669,-20.487511953891463
2018-12-24 09:00:00,20.9,75,16.2,0.0,91,131.0,21.3,357,1.1147558679747152,-21.270809090272422
2018-12-24 10:00:00,22.0,69,16.1,0.0,67,211.0,22.0,358,0.7677889274550181,-21.986598194420107
2018-12-24 11:00:00,23.3,64,16.1,0.0,61,321.0,21.3,357,1.1147558679747152,-21.270809090272422
2018-12-24 12:00:00,24.0,62,16.3,0.0,43,348.0,20.3,354,2.1219278043333643,-20.18879447597595
2018-12-24 13:00:00,24.4,62,16.6,0.0,44,442.0,20.4,351,3.191263086820714,-20.148842148140808
2018-12-24 14:00:00,24.5,62,16.7,0.0,44,435.0,21.5,350,3.7334358198390034,-21.17336668976247
2018-12-24 15:00:00,24.0,61,16.1,0.0,37,268.0,22.5,353,2.7420602266158127,-22.332288411929746
2018-12-24 16:00:00,23.2,64,16.1,0.0,36,150.0,21.3,355,1.8564173205251224,-21.21894706935418
2018-12-24 17:00:00,22.2,68,16.1,0.0,32,42.0,17.4,354,1.8187952608571691,-17.304680979407955
2018-12-24 18:00:00,21.1,74,16.2,0.0,27,0.0,14.6,351,2.283943189587374,-14.42024977268901
2018-12-24 19:00:00,20.4,77,16.3,0.0,45,0.0,13.8,351,2.158795617555189,-13.6300991002129
2018-12-24 20:00:00,20.2,79,16.5,0.0,53,0.0,13.6,348,2.827598995121534,-13.302807369979757
2018-12-24 21:00:00,20.0,82,16.8,0.0,45,0.0,13.3,347,2.991849022773409,-12.959121861643627
2018-12-24 22:00:00,19.9,84,17.0,0.0,45,0.0,12.6,347,2.834383284732703,-12.277062816293965
2018-12-24 23:00:00,19.9,85,17.3,0.0,39,0.0,10.7,346,2.588564282916446,-10.382164271153162
2018-12-25 00:00:00,19.8,87,17.5,0.0,42,0.0,9.6,347,2.159530121701107,-9.353952621938255
2018-12-25 01:00:00,19.7,88,17.7,0.0,45,0.0,9.6,347,2.159530121701107,-9.353952621938255
2018-12-25 02:00:00,19.5,90,17.8,0.0,46,0.0,9.9,350,1.719116958902611,-9.74959675482086
2018-12-25 03:00:00,19.6,90,17.9,0.0,41,0.0,10.1,354,1.0557374790032994,-10.04467114321956
2018-12-25 04:00:00,19.4,92,18.0,0.0,29,0.0,10.2,352,1.419565629792672,-10.100734301164016
2018-12-25 05:00:00,19.3,93,18.1,0.0,21,0.0,10.5,352,1.4613175600806918,-10.397814721786489
2018-12-25 06:00:00,19.3,93,18.2,0.0,13,0.0,11.9,355,1.037153338697134,-11.854716907291772
2018-12-25 07:00:00,19.3,93,18.2,0.0,27,0.0,12.4,350,2.153237403069937,-12.21161613735138
2018-12-25 08:00:00,20.3,89,18.4,0.0,19,47.0,14.6,351,2.283943189587374,-14.42024977268901
2018-12-25 09:00:00,22.3,79,18.5,0.0,23,181.0,15.9,357,0.8321417042628155,-15.878209602597725
2018-12-25 10:00:00,23.8,72,18.3,0.0,25,299.0,14.4,356,1.0044932219154092,-14.36492232374147
2018-12-25 11:00:00,24.7,68,18.4,0.2,25,357.0,12.8,349,2.442355140819772,-12.5648279481301
2018-12-25 12:00:00,25.2,67,18.5,0.0,29,320.0,13.7,342,4.233532822936783,-13.029474273243602
2018-12-25 13:00:00,25.1,67,18.6,0.0,46,277.0,16.2,343,4.736421616508342,-15.492137046601172
2018-12-25 14:00:00,25.2,67,18.6,0.0,44,319.0,18.4,349,3.5108855149284217,-18.061940175437016
2018-12-25 15:00:00,24.6,67,18.0,0.0,55,159.0,20.6,354,2.1532863433136606,-20.48715104458643
2018-12-25 16:00:00,23.9,71,18.2,0.0,49,133.0,20.9,356,1.4579103012522256,-20.849088650430325
2018-12-25 17:00:00,22.7,76,18.4,0.0,53,45.0,19.9,354,2.080116419026303,-19.79098571782864
2018-12-25 18:00:00,21.6,83,18.6,0.0,41,0.0,20.9,357,1.0938214854775372,-20.871357276370592
2018-12-25 19:00:00,21.1,86,18.8,0.0,29,0.0,20.2,359,0.3525386100331279,-20.196923442159104
2018-12-25 20:00:00,20.7,89,18.8,0.0,32,0.0,19.1,359,0.333340962952116,-19.097090977487078
2018-12-25 21:00:00,20.6,90,18.9,0.0,47,0.0,18.0,360,4.408728476930472e-15,-18.0
2018-12-25 22:00:00,20.4,91,19.0,0.0,71,0.0,17.6,360,4.310756732998684e-15,-17.6
2018-12-25 23:00:00,20.5,91,19.0,0.0,80,0.0,17.3,356,1.2067869957733734,-17.257858069494958
2018-12-26 00:00:00,20.4,92,19.0,0.0,82,0.0,17.7,356,1.2346895852710238,-17.65688368959889
2018-12-26 01:00:00,20.4,92,19.0,0.0,65,0.0,18.0,357,0.9420472123729986,-17.975331625582328
2018-12-26 02:00:00,20.5,91,19.0,0.0,62,0.0,18.8,357,0.983915977367354,-18.77423525338599
2018-12-26 03:00:00,20.1,91,18.6,0.0,63,0.0,19.2,355,1.6733902607550395,-19.126938203361515
2018-12-26 04:00:00,19.9,93,18.7,0.0,65,0.0,19.9,354,2.080116419026303,-19.79098571782864
2018-12-26 05:00:00,19.7,94,18.6,0.0,69,0.0,20.6,355,1.7954083006017614,-20.52161078068996
2018-12-26 06:00:00,19.7,93,18.6,0.0,47,0.0,22.4,356,1.562545011868414,-22.34543472582006
2018-12-26 07:00:00,19.9,91,18.5,0.0,59,0.0,22.1,353,2.6933124892537537,-21.93526995127322
2018-12-26 08:00:00,20.7,88,18.6,0.0,59,20.0,21.8,351,3.4102713378770377,-21.531605824974
2018-12-26 09:00:00,22.0,81,18.6,0.0,62,97.0,22.5,354,2.351890423522202,-22.37674264578615
2018-12-26 10:00:00,23.1,76,18.6,0.0,53,111.0,21.7,354,2.268267652908079,-21.58112512949153
2018-12-26 11:00:00,24.2,71,18.6,0.0,53,239.0,20.6,354,2.1532863433136606,-20.48715104458643
2018-12-26 12:00:00,25.0,68,18.7,0.0,51,327.0,20.6,354,2.1532863433136606,-20.48715104458643
2018-12-26 13:00:00,25.3,67,18.8,0.0,44,288.0,21.8,352,3.0339736009294365,-21.58784389856623
2018-12-26 14:00:00,25.4,67,18.8,0.0,43,349.0,23.2,353,2.8273687669994154,-23.027070718078672
2018-12-26 15:00:00,24.6,70,18.7,0.0,35,180.0,23.8,357,1.245595758582076,-23.76738292715886
2018-12-26 16:00:00,24.0,72,18.6,0.0,29,123.0,23.1,358,0.806178373827769,-23.085928104141114
2018-12-26 17:00:00,23.0,76,18.5,0.0,32,38.0,20.9,356,1.4579103012522256,-20.849088650430325
2018-12-26 18:00:00,22.1,80,18.5,0.0,44,0.0,19.1,357,0.9996167642402376,-19.07382411381236
2018-12-26 19:00:00,21.7,82,18.4,0.0,38,0.0,18.1,355,1.5775189437326156,-18.0311240354606
2018-12-26 20:00:00,21.4,83,18.3,0.0,39,0.0,17.3,355,1.507794349534489,-17.234168276987198
2018-12-26 21:00:00,21.2,83,18.3,0.0,56,0.0,17.3,355,1.507794349534489,-17.234168276987198
2018-12-26 22:00:00,21.1,83,18.1,0.0,60,0.0,17.7,355,1.5426566466335525,-17.632646156223895
2018-12-26 23:00:00,21.1,82,18.0,0.0,59,0.0,17.7,358,0.6177210916342646,-17.689217638237995
2018-12-27 00:00:00,21.1,81,17.8,0.0,59,0.0,16.9,359,0.2949456687900921,-16.89742604814301
2018-12-27 01:00:00,20.8,82,17.6,0.0,56,0.0,16.9,359,0.2949456687900921,-16.89742604814301
2018-12-27 02:00:00,20.7,81,17.4,0.0,54,0.0,18.4,357,0.9629815948701764,-18.37478343948416
2018-12-27 03:00:00,20.5,85,17.8,0.0,59,0.0,21.3,356,1.485812890749876,-21.248114270534256
2018-12-27 04:00:00,20.2,86,17.8,0.0,60,0.0,22.7,358,0.7922185751467686,-22.686171773333477
2018-12-27 05:00:00,20.0,85,17.5,0.0,59,0.0,24.5,358,0.8550376692112702,-24.485075261967847
2018-12-27 06:00:00,19.8,83,16.9,0.0,40,0.0,24.5,359,0.4275839577134472,-24.496268531331587
2018-12-27 07:00:00,19.7,82,16.4,0.0,32,0.0,25.2,359,0.4398006422195457,-25.19616191794106
2018-12-27 08:00:00,20.0,78,16.1,0.0,15,43.0,26.3,358,0.9178567632757716,-26.28397875060222
2018-12-27 09:00:00,21.0,72,15.9,0.0,8,173.0,28.8,359,0.5026293053937666,-28.79561362050407
2018-12-27 10:00:00,22.2,67,15.7,0.0,5,335.0,29.2,359,0.5096102679686799,-29.195552698566622
2018-12-27 11:00:00,23.3,62,15.6,0.0,9,492.0,28.4,359,0.495648342818853,-28.395674542441512
2018-12-27 12:00:00,24.0,59,15.6,0.0,14,562.0,28.1,359,0.490412620887668,-28.0957202338946
2018-12-27 13:00:00,24.2,58,15.5,0.0,16,555.0,28.4,359,0.495648342818853,-28.395674542441512
2018-12-27 14:00:00,24.0,58,15.4,0.0,13,429.0,27.7,359,0.4834316583127546,-27.69578115583204
2018-12-27 15:00:00,23.3,59,14.9,0.0,19,363.0,27.0,358,0.9422864109675222,-26.983552329515582
2018-12-27 16:00:00,22.3,62,14.8,0.0,18,200.0,25.9,358,0.9038969645947712,-25.88422241979458
2018-12-27 17:00:00,20.9,68,14.7,0.0,25,61.0,23.8,356,1.66020407511019,-23.74202439618381
2018-12-27 18:00:00,19.6,73,14.6,0.0,45,1.0,23.8,357,1.245595758582076,-23.76738292715886
2018-12-27 19:00:00,19.0,76,14.6,0.0,39,0.0,23.4,358,0.8166482228385192,-23.38574535224684
2018-12-27 20:00:00,18.8,76,14.5,0.0,51,0.0,23.1,357,1.208960589212015,-23.068342252830657
2018-12-27 21:00:00,18.7,76,14.4,0.0,78,0.0,21.6,357,1.1304566548475985,-21.5703979506988
2018-12-27 22:00:00,18.6,77,14.4,0.0,92,0.0,22.0,357,1.1513910373447762,-21.969849764600625
2018-12-27 23:00:00,18.5,77,14.3,0.0,94,0.0,22.7,358,0.7922185751467686,-22.686171773333477
2018-12-28 00:00:00,18.3,77,14.3,0.0,100,0.0,23.0,359,0.4014053480575218,-22.996496988597
2018-12-28 01:00:00,18.2,78,14.2,0.0,100,0.0,23.0,360,5.633375276077825e-15,-23.0
2018-12-28 02:00:00,18.0,78,14.1,0.0,100,0.0,22.3,360,5.4619247241971945e-15,-22.3
2018-12-28 03:00:00,17.7,81,14.4,0.2,100,0.0,22.0,360,5.388445916248354e-15,-22.0
2018-12-28 04:00:00,17.5,82,14.4,0.3,100,0.0,22.0,360,5.388445916248354e-15,-22.0
2018-12-28 05:00:00,17.2,83,14.3,0.4,100,0.0,22.3,360,5.4619247241971945e-15,-22.3
2018-12-28 06:00:00,17.1,83,14.2,0.3,100,0.0,19.8,2,-0.6910100347095192,-19.787938374978097
2018-12-28 07:00:00,17.0,83,14.1,0.0,95,0.0,18.8,3,-0.9839159773673442,-18.77423525338599
2018-12-28 08:00:00,17.6,81,14.3,0.0,70,40.0,18.7,1,-0.3263600003772016,-18.697151899424515
2018-12-28 09:00:00,18.8,74,14.0,0.0,59,123.0,19.8,1,-0.3455576474582135,-19.79698436409655
2018-12-28 10:00:00,20.1,67,13.7,0.0,49,209.0,20.2,1,-0.3525386100331269,-20.196923442159104
2018-12-28 11:00:00,21.3,61,13.5,0.0,54,286.0,19.1,1,-0.333340962952115,-19.097090977487078
2018-12-28 12:00:00,22.2,58,13.6,0.0,56,399.0,19.4,360,4.75162958069173e-15,-19.4
2018-12-28 13:00:00,22.6,57,13.6,0.0,52,440.0,20.9,360,5.119023620435936e-15,-20.9
2018-12-28 14:00:00,22.5,56,13.4,0.0,48,409.0,21.2,1,-0.3699910164704104,-21.19677113731549
2018-12-28 15:00:00,22.1,58,13.3,0.0,43,243.0,21.6,2,-0.753829128774021,-21.58684186361247
2018-12-28 16:00:00,21.4,59,13.0,0.0,41,145.0,22.0,2,-0.7677889274550214,-21.986598194420107
2018-12-28 17:00:00,20.3,62,12.8,0.0,51,51.0,21.6,1,-0.3769719790453238,-21.596710215378053
2018-12-28 18:00:00,19.1,66,12.6,0.0,44,0.0,19.4,1,-0.3385766848833001,-19.39704528603399
2018-12-28 19:00:00,18.3,69,12.5,0.0,54,0.0,19.8,3,-1.036251933610288,-19.772864788140563
2018-12-28 20:00:00,18.0,70,12.4,0.0,50,0.0,19.1,2,-0.6665803870177686,-19.08836479606473
2018-12-28 21:00:00,18.0,69,12.3,0.0,76,0.0,19.8,2,-0.6910100347095192,-19.787938374978097
2018-12-28 22:00:00,18.0,69,12.2,0.0,97,0.0,20.2,4,-1.409080769631331,-20.15079381524845
2018-12-28 23:00:00,17.9,69,12.2,0.0,91,0.0,19.9,4,-1.3881538275080934,-19.8515246001705
2018-12-29 00:00:00,17.8,69,12.1,0.0,61,0.0,19.9,4,-1.3881538275080934,-19.8515246001705
2018-12-29 01:00:00,17.7,69,11.9,0.0,51,0.0,19.9,4,-1.3881538275080934,-19.8515246001705
2018-12-29 02:00:00,17.6,69,11.7,0.0,49,0.0,20.6,4,-1.4369833591289811,-20.54981943535238
2018-12-29 03:00:00,17.8,69,12.1,0.0,57,0.0,21.3,6,-2.226456267601019,-21.183316371344223
2018-12-29 04:00:00,17.5,70,12.0,0.0,80,0.0,21.0,6,-2.195097728620723,-20.88495980273374
2018-12-29 05:00:00,17.2,70,11.7,0.0,76,0.0,22.1,6,-2.3100790382151417,-21.97893388763884
2018-12-29 06:00:00,17.0,70,11.5,0.0,100,0.0,17.8,7,-2.169274312611625,-17.667321499215532
2018-12-29 07:00:00,16.9,70,11.3,0.0,100,0.0,17.9,10,-3.1083023802380527,-17.628058778918522
2018-12-29 08:00:00,17.0,68,11.1,0.0,100,14.0,18.6,9,-2.9096810497482943,-18.371003135069564
2018-12-29 09:00:00,17.5,66,11.1,0.0,96,85.0,20.1,9,-3.1443327473086407,-19.85253564596227
2018-12-29 10:00:00,18.5,62,11.2,0.0,47,181.0,19.7,9,-3.081758961292548,-19.45746030972421
2018-12-29 11:00:00,19.7,59,11.4,0.0,63,342.0,17.5,9,-2.73760313820404,-17.28454596041491
2018-12-29 12:00:00,20.4,57,11.6,0.0,69,365.0,15.9,4,-1.1091279325315924,-15.861268399131204
2018-12-29 13:00:00,21.1,55,11.6,0.0,68,476.0,17.0,356,1.1858600536501358,-16.958588854417012
2018-12-29 14:00:00,21.0,55,11.5,0.0,73,324.0,19.9,356,1.3881538275081,-19.8515246001705
2018-12-29 15:00:00,20.9,56,11.7,0.0,58,273.0,22.3,359,0.3891886635514234,-22.296603601987528
2018-12-29 16:00:00,20.0,57,11.3,0.0,95,119.0,24.5,2,-0.8550376692112738,-24.485075261967847
2018-12-29 17:00:00,18.9,61,11.2,0.0,98,44.0,23.4,4,-1.632301485612532,-23.342998776079884
2018-12-29 18:00:00,17.9,65,11.3,0.0,100,0.0,22.0,4,-1.5346424223707569,-21.94640910571613
2018-12-29 19:00:00,17.3,68,11.3,0.0,100,0.0,20.6,6,-2.153286343313661,-20.48715104458643
2018-12-29 20:00:00,16.9,70,11.4,0.0,100,0.0,19.6,6,-2.048757880046008,-19.49262914921816
2018-12-29 21:00:00,16.9,70,11.3,0.0,100,0.0,18.6,10,-3.229856104604905,-18.31742420602707
2018-12-29 22:00:00,16.9,70,11.3,0.0,100,0.0,16.1,10,-2.7957356604375785,-15.855404823496553
2018-12-29 23:00:00,16.9,70,11.4,0.0,100,0.0,14.9,7,-1.8158532167366972,-14.788937659455698
2018-12-30 00:00:00,16.7,71,11.4,0.0,100,0.0,15.5,5,-1.3509140125887016,-15.441017820422056
2018-12-30 01:00:00,16.5,72,11.5,0.0,89,0.0,16.0,9,-2.502951440643694,-15.803013449522204
2018-12-30 02:00:00,16.3,73,11.5,0.0,80,0.0,15.7,11,-2.9957012274117534,-15.411546780128324
2018-12-30 03:00:00,16.7,72,11.7,0.0,67,0.0,16.0,9,-2.502951440643694,-15.803013449522204
2018-12-30 04:00:00,16.5,73,11.7,0.0,61,0.0,15.3,9,-2.3934473151155324,-15.111631611105608
2018-12-30 05:00:00,16.3,75,11.8,0.0,47,0.0,13.8,9,-2.158795617555186,-13.630099100212902
2018-12-30 06:00:00,16.1,76,11.9,0.0,58,0.0,10.0,13,-2.24951054343865,-9.743700647852352
2018-12-30 07:00:00,16.0,77,12.0,0.0,78,0.0,9.5,29,-4.605691392340202,-8.30888721782426
2018-12-30 08:00:00,16.9,74,12.3,0.0,93,31.0,8.2,29,-3.975438886019964,-7.171881598543044
2018-12-30 09:00:00,18.2,68,12.2,0.0,100,80.0,5.6,27,-2.5423467985414616,-4.98963653545486
2018-12-30 10:00:00,19.3,63,12.0,0.0,100,108.0,2.6,16,-0.7166571251241979,-2.499280409439629
2018-12-30 11:00:00,20.1,61,12.3,0.0,100,137.0,2.6,286,2.499280409439629,-0.7166571251241984
2018-12-30 12:00:00,20.8,61,12.9,0.0,100,171.0,4.8,297,4.2768313161041664,-2.179154398749824
2018-12-30 13:00:00,21.3,60,13.2,0.0,100,250.0,5.4,318,3.613305274337834,-4.012982057577929
2018-12-30 14:00:00,21.6,59,13.3,0.0,100,286.0,6.4,333,2.9055391983331007,-5.702441754805554
2018-12-30 15:00:00,21.6,62,14.0,0.1,100,206.0,7.2,333,3.2687315981247385,-6.415246974156248
2018-12-30 16:00:00,21.2,64,14.1,0.0,100,95.0,9.1,342,2.812054648812024,-8.654614298285896
2018-12-30 17:00:00,20.6,68,14.4,0.0,100,31.0,10.8,2,-0.3769145643870105,-10.793420931806237
2018-12-30 18:00:00,19.7,73,14.7,0.0,100,0.0,12.3,7,-1.498992923883314,-12.20831766518826
2018-12-30 19:00:00,18.9,77,14.8,0.0,100,0.0,13.7,5,-1.1940336756429168,-13.647867363856914
2018-12-30 20:00:00,18.5,79,14.8,0.0,100,0.0,15.5,5,-1.3509140125887016,-15.441017820422056
2018-12-30 21:00:00,18.1,81,14.7,0.0,100,0.0,16.7,7,-2.035218034865963,-16.575520732410077
2018-12-30 22:00:00,17.9,82,14.7,0.0,100,0.0,16.6,5,-1.4467853296111255,-16.536831988322977
2018-12-30 23:00:00,17.8,82,14.7,0.0,100,0.0,16.6,4,-1.15795746415248,-16.55956323431308
2018-12-31 00:00:00,17.7,82,14.6,0.0,100,0.0,17.3,1,-0.3019266313650047,-17.29736512620557
2018-12-31 01:00:00,17.6,83,14.6,0.0,100,0.0,18.4,359,0.3211242784460175,-18.3971975908776
2018-12-31 02:00:00,17.5,83,14.5,0.0,100,0.0,20.5,1,-0.3577743319643119,-20.49687775070602
2018-12-31 03:00:00,17.6,81,14.3,0.0,100,0.0,22.3,2,-0.7782587764657717,-22.28641544252584
2018-12-31 04:00:00,17.6,80,14.1,0.0,91,0.0,23.1,3,-1.2089605892120026,-23.068342252830657
2018-12-31 05:00:00,17.6,78,13.8,0.0,77,0.0,22.0,4,-1.5346424223707569,-21.94640910571613
2018-12-31 06:00:00,17.7,78,13.7,0.0,62,0.0,19.5,5,-1.699536983579334,-19.42579661278904
2018-12-31 07:00:00,17.9,76,13.7,0.0,60,0.0,16.2,3,-0.8478424911356901,-16.177798463024097
2018-12-31 08:00:00,18.4,75,13.9,0.0,59,10.0,16.6,355,1.4467853296111282,-16.536831988322977
2018-12-31 09:00:00,19.1,72,13.9,0.0,59,13.0,18.4,354,1.9233237241248229,-18.299202874776228
2018-12-31 10:00:00,19.8,69,13.8,0.0,56,35.0,20.5,357,1.0728871029803595,-20.471905462468765
2018-12-31 11:00:00,20.6,65,13.8,0.0,53,131.0,21.2,360,5.1925024283847775e-15,-21.2
2018-12-31 12:00:00,21.0,63,13.8,0.0,59,130.0,21.6,360,5.290474172316566e-15,-21.6
2018-12-31 13:00:00,21.3,62,13.8,0.0,69,151.0,20.9,1,-0.3647552945392254,-20.89681682876857
2018-12-31 14:00:00,21.6,62,13.9,0.0,82,221.0,20.2,359,0.3525386100331279,-20.196923442159104
2018-12-31 15:00:00,21.7,64,14.6,0.0,85,136.0,20.5,357,1.0728871029803595,-20.471905462468765
2018-12-31 16:00:00,21.1,67,14.7,0.0,90,43.0,19.9,356,1.3881538275081,-19.8515246001705
2018-12-31 17:00:00,20.4,70,14.7,0.0,83,9.0,19.5,357,1.020551146737415,-19.47327592771419
2018-12-31 18:00:00,19.7,73,14.7,0.0,71,0.0,17.3,358,0.6037612929532643,-17.289461307430358
2018-12-31 19:00:00,19.1,76,14.7,0.0,72,0.0,15.5,359,0.2705122997778952,-15.497639274924063
2018-12-31 20:00:00,18.9,77,14.7,0.0,69,0.0,15.8,359,0.2757480217090802,-15.797593583470984
2018-12-31 21:00:00,18.6,78,14.7,0.0,77,0.0,16.2,359,0.2827289842839937,-16.197532661533536
2018-12-31 22:00:00,18.4,79,14.7,0.0,73,0.0,16.2,359,0.2827289842839937,-16.197532661533536
2018-12-31 23:00:00,18.4,80,14.8,0.0,60,0.0,15.9,356,1.1091279325315977,-15.861268399131204
2019-01-01 00:00:00,18.2,81,14.8,0.0,58,0.0,16.9,358,0.5898014942722639,-16.889704976622717
2019-01-01 01:00:00,18.2,81,14.9,0.0,58,0.0,16.9,359,0.2949456687900921,-16.89742604814301
2019-01-01 02:00:00,18.2,81,14.9,0.0,61,0.0,16.9,360,4.139306181118054e-15,-16.9
2019-01-01 03:00:00,18.4,81,15.1,0.0,74,0.0,16.9,360,4.139306181118054e-15,-16.9
2019-01-01 04:00:00,18.5,80,15.0,0.0,75,0.0,16.2,3,-0.8478424911356901,-16.177798463024097
2019-01-01 05:00:00,18.5,80,15.0,0.0,43,0.0,16.2,359,0.2827289842839937,-16.197532661533536
2019-01-01 06:00:00,18.4,81,15.0,0.0,56,0.0,15.1,357,0.79027293926846,-15.079305974794064
2019-01-01 07:00:00,18.4,80,15.0,0.0,55,0.0,14.4,1,-0.2513146526968826,-14.397806810252035
2019-01-01 08:00:00,18.8,78,15.0,0.0,59,11.0,15.1,357,0.79027293926846,-15.079305974794064
2019-01-01 09:00:00,19.6,75,15.0,0.0,53,38.0,15.9,355,1.385776309687767,-15.839495699658755
2019-01-01 10:00:00,20.3,71,14.9,0.0,54,35.0,16.6,356,1.1579574641524857,-16.55956323431308
2019-01-01 11:00:00,21.1,67,14.8,0.0,51,89.0,17.7,356,1.2346895852710238,-17.65688368959889
2019-01-01 12:00:00,21.8,64,14.7,0.0,52,128.0,18.4,359,0.3211242784460175,-18.3971975908776
2019-01-01 13:00:00,22.1,63,14.7,0.0,50,135.0,17.7,358,0.6177210916342646,-17.689217638237995
2019-01-01 14:00:00,22.5,62,14.7,0.0,54,187.0,16.6,355,1.4467853296111282,-16.536831988322977
2019-01-01 15:00:00,22.8,62,15.1,0.0,54,125.0,17.8,352,2.4772811970891726,-17.62677162359995
2019-01-01 16:00:00,22.1,64,15.1,0.0,49,64.0,18.9,352,2.630371608145245,-18.716066499215675
2019-01-01 17:00:00,21.1,69,15.1,0.0,54,26.0,17.3,355,1.507794349534489,-17.234168276987198
2019-01-01 18:00:00,20.1,73,15.2,0.0,56,0.0,16.9,1,-0.2949456687900913,-16.89742604814301
2019-01-01 19:00:00,19.6,76,15.2,0.0,62,0.0,14.8,359,0.2582956152717967,-14.79774588831459
2019-01-01 20:00:00,19.3,77,15.3,0.0,57,0.0,14.4,356,1.0044932219154092,-14.36492232374147
2019-01-01 21:00:00,19.2,78,15.3,0.0,60,0.0,14.8,357,0.7745721523955768,-14.779717114367694
2019-01-01 22:00:00,19.0,80,15.4,0.0,49,0.0,14.5,353,1.7671054793746348,-14.39191919879917
2019-01-01 23:00:00,19.0,80,15.5,0.0,48,0.0,15.0,349,2.86213493064817,-14.72440775171496
2019-01-02 00:00:00,19.0,80,15.5,0.0,60,0.0,16.7,354,1.745625336569812,-16.608515652650162
2019-01-02 01:00:00,19.0,80,15.5,0.0,59,0.0,16.6,356,1.1579574641524857,-16.55956323431308
2019-01-02 02:00:00,19.0,80,15.5,0.0,59,0.0,14.8,356,1.0323958114130594,-14.763947943845398
2019-01-02 03:00:00,19.1,79,15.4,0.1,62,0.0,13.8,354,1.442492793093617,-13.724402156082173
2019-01-02 04:00:00,19.0,81,15.7,0.4,68,0.0,13.7,358,0.4781231048242612,-13.691654330161612
2019-01-02 05:00:00,18.5,86,16.2,0.6,78,0.0,13.3,358,0.4641633061432609,-13.291897999353974
2019-01-02 06:00:00,18.4,88,16.3,0.8,71,0.0,11.2,360,2.743208830090071e-15,-11.2
2019-01-02 07:00:00,18.4,88,16.3,0.8,62,0.0,9.7,2,-0.3385251180142594,-9.694091022085228
2019-01-02 08:00:00,18.5,88,16.4,0.4,59,5.0,10.1,4,-0.7045403848156655,-10.075396907624224
2019-01-02 09:00:00,18.7,86,16.4,0.2,60,7.0,9.5,351,1.4861274178821953,-9.383039235653808
2019-01-02 10:00:00,19.3,84,16.6,0.1,59,2.0,10.3,348,2.141490415422927,-10.074920287558198
2019-01-02 11:00:00,19.8,80,16.3,0.0,60,6.0,10.9,343,3.186851581477835,-10.423721839997086
2019-01-02 12:00:00,20.1,78,16.0,0.0,60,6.0,13.5,351,2.1118652780431195,-13.33379259803436
2019-01-02 13:00:00,20.5,75,15.8,0.0,60,22.0,14.6,351,2.283943189587374,-14.42024977268901
2019-01-02 14:00:00,20.7,72,15.5,0.0,60,27.0,15.1,360,3.698433333425007e-15,-15.1
2019-01-02 15:00:00,20.4,76,16.1,0.2,59,2.0,14.4,360,3.5269827815443773e-15,-14.4
2019-01-02 16:00:00,20.4,76,16.1,0.0,58,12.0,13.7,355,1.1940336756429188,-13.647867363856914
2019-01-02 17:00:00,20.3,77,16.1,0.0,53,17.0,14.1,354,1.473851332073913,-14.022758724692652
2019-01-02 18:00:00,19.9,80,16.3,0.5,54,0.0,13.1,344,3.610849361202686,-12.592528216791978
2019-01-02 19:00:00,19.5,83,16.6,0.7,53,0.0,12.7,353,1.5477406612453697,-12.60533612584479
2019-01-02 20:00:00,19.2,85,16.7,0.2,63,0.0,12.3,355,1.0720156357961974,-12.253194786528471
2019-01-02 21:00:00,19.1,86,16.8,0.3,44,0.0,12.9,347,2.9018686010358627,-12.569373835729534
2019-01-02 22:00:00,19.0,87,16.9,0.7,52,0.0,14.2,351,2.221369403571281,-14.025174436450952
2019-01-02 23:00:00,18.9,88,16.9,0.3,51,0.0,14.4,360,3.5269827815443773e-15,-14.4
2019-01-03 00:00:00,18.7,89,16.8,0.8,59,0.0,14.8,360,3.624954525476166e-15,-14.8
2019-01-03 01:00:00,18.5,90,16.8,0.4,61,0.0,16.6,360,4.065827373169213e-15,-16.6
2019-01-03 02:00:00,18.2,92,16.9,1.1,60,0.0,17.7,2,-0.6177210916342671,-17.689217638237995
2019-01-03 03:00:00,18.4,91,16.9,0.5,55,0.0,17.3,1,-0.3019266313650047,-17.29736512620557
2019-01-03 04:00:00,18.3,91,16.9,0.6,62,0.0,17.0,5,-1.4816476267101888,-16.935309867559674
2019-01-03 05:00:00,18.3,91,16.8,0.4,55,0.0,15.8,1,-0.2757480217090794,-15.797593583470984
2019-01-03 06:00:00,18.4,90,16.8,0.1,62,0.0,14.4,359,0.2513146526968833,-14.397806810252035
2019-01-03 07:00:00,18.5,90,16.8,0.3,48,0.0,13.4,354,1.4006814077865557,-13.326593397934865
2019-01-03 08:00:00,18.9,89,17.1,0.2,43,10.0,15.0,350,2.604722665003956,-14.77211629518312
2019-01-03 09:00:00,19.9,84,17.1,0.0,44,68.0,16.2,348,3.3681693912477098,-15.845991131887647
2019-01-03 10:00:00,20.7,80,17.1,0.2,51,116.0,17.0,354,1.776983875550108,-16.906872221260645
2019-01-03 11:00:00,21.7,74,16.9,0.0,47,198.0,16.3,354,1.7038139512627508,-16.210706894502856
2019-01-03 12:00:00,22.6,70,16.8,0.0,61,257.0,15.9,355,1.385776309687767,-15.839495699658755
2019-01-03 13:00:00,23.2,67,16.7,0.0,62,327.0,16.7,353,2.0352180348659585,-16.575520732410077
2019-01-03 14:00:00,23.5,65,16.7,0.0,59,311.0,17.4,354,1.8187952608571691,-17.304680979407955
2019-01-03 15:00:00,23.0,70,17.2,0.0,59,166.0,18.0,357,0.9420472123729986,-17.975331625582328
2019-01-03 16:00:00,22.7,71,17.2,0.0,56,113.0,17.3,356,1.2067869957733734,-17.257858069494958
2019-01-03 17:00:00,21.9,74,17.2,0.0,50,49.0,14.8,354,1.5470212563612706,-14.718924051450443
2019-01-03 18:00:00,20.8,80,17.2,0.0,50,1.0,13.7,357,0.7170026005283379,-13.68122462613766
2019-01-03 19:00:00,20.0,83,17.1,0.0,37,0.0,11.9,357,0.622797879291038,-11.88369146357943
2019-01-03 20:00:00,19.6,85,17.1,0.0,32,0.0,11.3,351,1.7677094549546115,-11.160878248725057
2019-01-03 21:00:00,19.4,87,17.2,0.0,35,0.0,10.3,348,2.141490415422927,-10.074920287558198
2019-01-03 22:00:00,19.2,89,17.3,0.0,33,0.0,9.3,344,2.5634274090980904,-8.939733772226367
2019-01-03 23:00:00,19.0,91,17.5,0.0,38,0.0,8.2,345,2.1223161698406696,-7.92059177557036
2019-01-04 00:00:00,18.8,92,17.5,0.0,35,0.0,8.0,350,1.389185421335443,-7.878462024097664
2019-01-04 01:00:00,18.6,93,17.5,0.0,26,0.0,7.3,351,1.141971594793687,-7.210124886344505
2019-01-04 02:00:00,18.4,94,17.4,0.0,26,0.0,6.9,351,1.0793978087775946,-6.81504955010645
2019-01-04 03:00:00,18.5,94,17.5,0.0,19,0.0,8.8,348,1.829622879196287,-8.60769888645749
2019-01-04 04:00:00,18.5,95,17.6,0.0,18,0.0,10.1,354,1.0557374790032994,-10.04467114321956
2019-01-04 05:00:00,18.3,95,17.5,0.0,13,0.0,10.4,358,0.3629547657060086,-10.393664600998596
2019-01-04 06:00:00,18.1,95,17.3,0.0,11,0.0,10.4,2,-0.3629547657060101,-10.393664600998596
2019-01-04 07:00:00,18.0,96,17.3,0.0,20,0.0,9.4,353,1.145571828008384,-9.329933825428428
2019-01-04 08:00:00,19.0,93,17.9,0.0,14,57.0,9.4,342,2.9047597471245084,-8.939931253174443
2019-01-04 09:00:00,21.3,84,18.4,0.0,12,183.0,7.9,330,3.950000000000004,-6.841600689897064
2019-01-04 10:00:00,23.0,76,18.4,0.0,8,339.0,8.4,317,5.728786224524986,-6.143371093601034
2019-01-04 11:00:00,24.2,71,18.6,0.0,1,492.0,10.2,321,6.4190679887083455,-7.9268888068611
2019-01-04 12:00:00,24.8,68,18.6,0.0,4,557.0,11.7,326,6.542556970607735,-9.69973959889399
2019-01-04 13:00:00,25.1,68,18.8,0.0,1,553.0,11.6,334,5.085105302753302,-10.426010937070334
2019-01-04 14:00:00,24.9,68,18.7,0.0,7,465.0,11.9,335,5.029157314714321,-10.785062665736136
2019-01-04 15:00:00,24.4,70,18.5,0.0,17,302.0,13.2,338,4.944807033090043,-12.238826880281591
2019-01-04 16:00:00,23.6,72,18.3,0.0,17,122.0,13.7,346,3.3143299697154496,-13.293051449981151
2019-01-04 17:00:00,22.6,77,18.3,0.0,16,42.0,12.7,353,1.5477406612453697,-12.60533612584479
2019-01-04 18:00:00,21.4,81,18.1,0.0,32,1.0,13.7,357,0.7170026005283379,-13.68122462613766
2019-01-04 19:00:00,20.6,85,17.9,0.0,47,0.0,13.8,7,-1.6817969389910352,-13.697136892650244
2019-01-04 20:00:00,20.2,87,17.9,0.0,44,0.0,12.0,9,-1.8772135804827703,-11.852260087141651
2019-01-04 21:00:00,20.0,89,18.0,0.0,42,0.0,10.2,8,-1.419565629792667,-10.100734301164016
2019-01-04 22:00:00,19.8,90,18.1,0.0,46,0.0,8.0,5,-0.6972459419812653,-7.969557584733964
2019-01-04 23:00:00,19.7,91,18.2,0.0,38,0.0,6.8,3,-0.3558845024520181,-6.790680836331102
2019-01-05 00:00:00,19.3,93,18.2,0.0,16,0.0,6.8,360,1.6655196468404002e-15,-6.8
2019-01-05 01:00:00,19.0,95,18.2,0.0,14,0.0,7.6,355,0.6623836448822031,-7.571079705497266
2019-01-05 02:00:00,19.1,95,18.3,0.0,13,0.0,8.7,353,1.0602632876247808,-8.635151519279502
2019-01-05 03:00:00,19.0,95,18.2,0.0,11,0.0,9.4,353,1.145571828008384,-9.329933825428428
2019-01-05 04:00:00,18.9,96,18.2,0.0,10,0.0,9.4,356,0.655710853194781,-9.377102072442348
2019-01-05 05:00:00,18.8,96,18.2,0.0,8,0.0,8.7,355,0.7582549619046273,-8.666893873398186
2019-01-05 06:00:00,18.7,96,18.0,0.0,9,0.0,7.2,3,-0.3768188849491956,-7.190132650232932
2019-01-05 07:00:00,18.7,96,18.0,0.0,9,0.0,7.6,3,-0.3977532674463731,-7.589584464134761
2019-01-05 08:00:00,19.8,93,18.7,0.0,10,52.0,8.3,358,0.2896658226307568,-8.294943864258496
2019-01-05 09:00:00,21.9,84,19.2,0.0,17,193.0,8.7,353,1.0602632876247808,-8.635151519279502
2019-01-05 10:00:00,23.7,75,19.0,0.0,13,301.0,9.8,354,1.0243789400230034,-9.746314574609078
2019-01-05 11:00:00,25.0,68,18.8,0.0,20,388.0,10.2,352,1.419565629792672,-10.100734301164016
2019-01-05 12:00:00,25.9,66,19.0,0.0,17,496.0,11.6,344,3.1973933274771875,-11.1506356728845
2019-01-05 13:00:00,26.2,65,19.2,0.0,26,475.0,13.9,343,4.063966695646046,-13.29263610788619
2019-01-05 14:00:00,25.8,67,19.2,0.0,31,264.0,15.1,348,3.139466531348174,-14.770028771080463
2019-01-05 15:00:00,25.6,69,19.4,0.0,47,240.0,15.9,354,1.6620025659556894,-15.812898136355546
2019-01-05 16:00:00,24.9,71,19.2,0.0,60,82.0,15.2,355,1.3247672897644065,-15.142159410994532
2019-01-05 17:00:00,24.0,75,19.2,0.0,58,39.0,12.7,353,1.5477406612453697,-12.60533612584479
2019-01-05 18:00:00,22.8,80,19.1,0.0,49,1.0,10.9,351,1.7051356689385189,-10.765802912487
2019-01-05 19:00:00,22.0,83,19.0,0.0,32,0.0,11.7,349,2.2324652459055723,-11.485038046337667
2019-01-05 20:00:00,21.4,86,18.9,0.0,38,0.0,11.1,347,2.496956703216905,-10.815507719116107
2019-01-05 21:00:00,20.9,88,18.8,0.0,48,0.0,10.7,348,2.2246550917500305,-10.46617932785172
2019-01-05 22:00:00,20.5,90,18.7,0.0,73,0.0,11.5,346,2.7821017993961803,-11.15840085217396
2019-01-05 23:00:00,20.1,91,18.6,0.1,100,0.0,12.9,347,2.9018686010358627,-12.569373835729534
2019-01-06 00:00:00,19.9,92,18.5,0.3,100,0.0,13.8,351,2.158795617555189,-13.6300991002129
2019-01-06 01:00:00,19.8,92,18.5,0.5,100,0.0,14.1,356,0.9835662797921716,-14.06565310866352
2019-01-06 02:00:00,19.6,92,18.4,0.6,100,0.0,14.4,357,0.7536377698983989,-14.380265300465863
2019-01-06 03:00:00,19.7,93,18.6,0.5,100,0.0,16.2,356,1.1300548746548351,-16.16053761420915
2019-01-06 04:00:00,19.6,94,18.5,0.3,100,0.0,18.1,354,1.891965185144527,-18.000846306165748
2019-01-06 05:00:00,19.3,94,18.3,0.6,100,0.0,20.2,356,1.409080769631338,-20.15079381524845
2019-01-06 06:00:00,19.0,93,17.9,0.8,100,0.0,20.2,358,0.7049698333905167,-20.18769470578573
2019-01-06 07:00:00,18.8,93,17.6,1.1,100,0.0,19.5,3,-1.0205511467374049,-19.47327592771419
2019-01-06 08:00:00,19.0,92,17.6,1.2,100,12.0,18.8,3,-0.9839159773673442,-18.77423525338599
2019-01-06 09:00:00,19.6,90,18.0,0.9,100,64.0,20.5,358,0.7154396824012669,-20.487511953891463
2019-01-06 10:00:00,20.2,87,18.0,0.4,100,115.0,23.1,358,0.806178373827769,-23.085928104141114
2019-01-06 11:00:00,21.1,82,18.0,0.3,100,201.0,24.5,360,6.000769315822031e-15,-24.5
2019-01-06 12:00:00,22.1,77,17.8,0.2,100,313.0,23.4,358,0.8166482228385192,-23.38574535224684
2019-01-06 13:00:00,22.5,74,17.6,0.0,100,267.0,22.4,356,1.562545011868414,-22.34543472582006
2019-01-06 14:00:00,22.8,73,17.6,0.0,97,289.0,20.2,355,1.760546003502698,-20.12313290145326
2019-01-06 15:00:00,22.1,74,17.2,0.2,100,230.0,18.5,352,2.574702367761218,-18.31995927171905
2019-01-06 16:00:00,21.8,75,17.1,0.1,100,147.0,17.8,352,2.4772811970891726,-17.62677162359995
2019-01-06 17:00:00,20.9,78,17.0,0.0,100,51.0,16.0,352,2.226769615361054,-15.844289099865124
2019-01-06 18:00:00,19.9,82,16.7,0.0,100,1.0,15.2,353,1.8524140197582375,-15.086701504948095
2019-01-06 19:00:00,19.5,83,16.6,0.0,84,0.0,14.9,353,1.8158532167366936,-14.7889376594557
2019-01-06 20:00:00,19.2,84,16.5,0.0,69,0.0,14.2,351,2.221369403571281,-14.025174436450952
2019-01-06 21:00:00,19.1,85,16.5,0.0,62,0.0,13.8,351,2.158795617555189,-13.6300991002129
2019-01-06 22:00:00,19.0,86,16.6,0.0,71,0.0,14.6,351,2.283943189587374,-14.42024977268901
2019-01-06 23:00:00,19.0,86,16.6,0.0,64,0.0,14.2,353,1.7305446763530905,-14.094155353306771
2019-01-07 00:00:00,18.9,87,16.7,0.0,62,0.0,12.7,352,1.7674983821928365,-12.57640447301794
2019-01-07 01:00:00,18.8,88,16.8,0.0,64,0.0,12.0,351,1.8772135804827728,-11.852260087141651
2019-01-07 02:00:00,18.7,89,16.9,0.0,44,0.0,11.7,349,2.2324652459055723,-11.485038046337667
2019-01-07 03:00:00,18.9,89,17.1,0.0,47,0.0,12.0,351,1.8772135804827728,-11.852260087141651
2019-01-07 04:00:00,18.8,90,17.2,0.0,44,0.0,11.6,353,1.4136843834997077,-11.513535359039336
2019-01-07 05:00:00,18.6,91,17.2,0.0,32,0.0,11.3,353,1.3771235804781636,-11.21577151354694
2019-01-07 06:00:00,18.5,92,17.2,0.0,31,0.0,10.7,348,2.2246550917500305,-10.46617932785172
2019-01-07 07:00:00,18.4,93,17.3,0.0,36,0.0,10.1,354,1.0557374790032994,-10.04467114321956
2019-01-07 08:00:00,19.2,92,17.8,0.0,38,51.0,9.9,350,1.719116958902611,-9.74959675482086
2019-01-07 09:00:00,20.9,85,18.2,0.0,54,186.0,9.3,344,2.5634274090980904,-8.939733772226367
2019-01-07 10:00:00,22.2,79,18.3,0.0,48,280.0,8.6,345,2.225843787881678,-8.306962106085987
2019-01-07 11:00:00,23.5,73,18.4,0.0,34,410.0,8.8,341,2.8649997592229792,-8.320563465273988
2019-01-07 12:00:00,24.4,69,18.5,0.0,33,501.0,11.0,337,4.298042413382013,-10.125553387976844
2019-01-07 13:00:00,24.7,68,18.4,0.0,31,468.0,14.2,339,5.08882488354327,-13.25684205626026
2019-01-07 14:00:00,24.6,68,18.3,0.0,31,403.0,17.0,343,4.970318980286532,-16.2571808513716
2019-01-07 15:00:00,24.3,69,18.2,0.0,29,329.0,17.5,352,2.435529266801153,-17.32969120297748
2019-01-07 16:00:00,23.6,71,18.0,0.0,26,168.0,16.2,356,1.1300548746548351,-16.16053761420915
2019-01-07 17:00:00,22.6,75,18.0,0.0,21,67.0,14.5,354,1.5156627173809745,-14.420567482839962
2019-01-07 18:00:00,21.1,81,17.8,0.0,10,2.0,14.5,353,1.7671054793746348,-14.39191919879917
2019-01-07 19:00:00,20.2,86,17.7,0.0,19,0.0,15.9,356,1.1091279325315977,-15.861268399131204
2019-01-07 20:00:00,19.6,88,17.6,0.0,29,0.0,15.6,353,1.9011617571202968,-15.483719965604624
2019-01-07 21:00:00,19.3,90,17.6,0.0,51,0.0,16.3,354,1.7038139512627508,-16.210706894502856
2019-01-07 22:00:00,19.0,92,17.6,0.0,53,0.0,16.2,357,0.8478424911356988,-16.177798463024097
2019-01-07 23:00:00,18.8,92,17.6,0.0,44,0.0,15.8,359,0.2757480217090802,-15.797593583470984
2019-01-08 00:00:00,18.7,93,17.5,0.0,41,0.0,15.5,359,0.2705122997778952,-15.497639274924063
2019-01-08 01:00:00,18.6,93,17.5,0.0,55,0.0,15.8,360,3.869883885305636e-15,-15.8
2019-01-08 02:00:00,18.6,93,17.5,0.0,48,0.0,16.6,359,0.2897099468589071,-16.597471739596095
2019-01-08 03:00:00,19.0,92,17.7,0.0,58,0.0,17.3,360,4.237277925049842e-15,-17.3
2019-01-08 04:00:00,19.1,92,17.7,0.0,56,0.0,17.3,2,-0.6037612929532667,-17.289461307430358
2019-01-08 05:00:00,19.2,91,17.7,0.0,55,0.0,17.6,1,-0.3071623532961898,-17.59731943475249
2019-01-08 06:00:00,19.2,91,17.8,0.0,53,0.0,18.4,356,1.2835191168919116,-18.355178524780765
2019-01-08 07:00:00,19.2,92,17.8,0.0,46,0.0,19.4,359,0.338576684883301,-19.39704528603399
2019-01-08 08:00:00,19.9,89,17.9,0.0,37,35.0,19.8,360,4.849601324623519e-15,-19.8
2019-01-08 09:00:00,21.0,83,18.0,0.0,30,136.0,20.9,2,-0.7293994810822702,-20.8872682846991
2019-01-08 10:00:00,22.2,77,17.9,0.0,37,269.0,20.5,3,-1.0728871029803486,-20.471905462468765
2019-01-08 11:00:00,23.3,72,17.9,0.0,30,397.0,20.2,2,-0.7049698333905196,-20.18769470578573
2019-01-08 12:00:00,24.1,68,17.8,0.0,12,521.0,20.5,359,0.3577743319643129,-20.49687775070602
2019-01-08 13:00:00,24.3,67,17.8,0.0,7,546.0,21.2,359,0.3699910164704114,-21.19677113731549
2019-01-08 14:00:00,24.1,68,17.7,0.0,4,432.0,22.0,1,-0.3839529416202372,-21.99664929344061
2019-01-08 15:00:00,23.8,69,17.8,0.0,9,286.0,21.6,360,5.290474172316566e-15,-21.6
2019-01-08 16:00:00,23.2,71,17.6,0.0,25,218.0,21.6,359,0.3769719790453249,-21.596710215378053
2019-01-08 17:00:00,22.1,75,17.4,0.0,35,58.0,20.2,358,0.7049698333905167,-20.18769470578573
2019-01-08 18:00:00,20.7,80,17.2,0.0,50,2.0,18.4,360,4.506700220862259e-15,-18.4
2019-01-08 19:00:00,20.1,83,17.1,0.0,62,0.0,16.6,359,0.2897099468589071,-16.597471739596095
2019-01-08 20:00:00,19.6,85,17.0,0.0,62,0.0,15.9,355,1.385776309687767,-15.839495699658755
2019-01-08 21:00:00,19.4,85,16.8,0.0,82,0.0,16.3,354,1.7038139512627508,-16.210706894502856
2019-01-08 22:00:00,19.3,85,16.7,0.0,60,0.0,17.7,354,1.8501537998374653,-17.60303754801844
2019-01-08 23:00:00,19.2,85,16.6,0.0,73,0.0,18.0,357,0.9420472123729986,-17.975331625582328
2019-01-09 00:00:00,19.1,85,16.6,0.0,55,0.0,18.0,358,0.6281909406450148,-17.989034886343724
2019-01-09 01:00:00,18.9,86,16.5,0.0,57,0.0,18.4,359,0.3211242784460175,-18.3971975908776
2019-01-09 02:00:00,18.9,86,16.5,0.0,69,0.0,18.0,359,0.3141433158711041,-17.997258512815044
2019-01-09 03:00:00,19.0,86,16.7,0.0,69,0.0,18.4,360,4.506700220862259e-15,-18.4
2019-01-09 04:00:00,19.0,86,16.6,0.0,73,0.0,18.4,360,4.506700220862259e-15,-18.4
2019-01-09 05:00:00,18.8,86,16.4,0.0,71,0.0,17.6,360,4.310756732998684e-15,-17.6
2019-01-09 06:00:00,18.7,86,16.3,0.0,94,0.0,16.9,360,4.139306181118054e-15,-16.9
2019-01-09 07:00:00,18.6,86,16.3,0.0,63,0.0,16.2,356,1.1300548746548351,-16.16053761420915
2019-01-09 08:00:00,19.4,83,16.4,0.0,48,54.0,18.1,355,1.5775189437326156,-18.0311240354606
2019-01-09 09:00:00,20.9,76,16.5,0.0,38,180.0,18.7,358,0.6526205883367654,-18.68860846525709
2019-01-09 10:00:00,22.4,70,16.7,0.0,26,315.0,18.8,357,0.983915977367354,-18.77423525338599
2019-01-09 11:00:00,23.6,66,16.9,0.0,14,490.0,19.5,355,1.6995369835793372,-19.42579661278904
2019-01-09 12:00:00,24.3,64,17.0,0.0,11,532.0,19.9,355,1.7343992806784003,-19.824274492025737
2019-01-09 13:00:00,24.7,63,17.1,0.0,13,553.0,19.6,353,2.3886391307408856,-19.453904572169915
2019-01-09 14:00:00,24.6,63,17.1,0.0,27,480.0,20.8,351,3.253836872836807,-20.543917484378863
2019-01-09 15:00:00,24.1,64,16.9,0.0,31,361.0,22.2,352,3.0896428413134625,-21.98395112606286
2019-01-09 16:00:00,23.1,67,16.7,0.0,20,209.0,22.8,354,2.3832489625024977,-22.67509921439663
2019-01-09 17:00:00,21.9,72,16.6,0.0,15,63.0,20.2,355,1.760546003502698,-20.12313290145326
2019-01-09 18:00:00,20.5,78,16.5,0.0,7,3.0,20.2,355,1.760546003502698,-20.12313290145326
2019-01-09 19:00:00,19.7,82,16.5,0.0,19,0.0,19.2,355,1.6733902607550395,-19.126938203361515
2019-01-09 20:00:00,19.3,84,16.6,0.0,30,0.0,18.8,355,1.6385279636559764,-18.728460324124818
2019-01-09 21:00:00,19.1,86,16.7,0.0,26,0.0,18.4,358,0.6421507393260151,-18.38879121715136
2019-01-09 22:00:00,18.9,88,16.8,0.0,36,0.0,17.3,359,0.3019266313650056,-17.29736512620557
2019-01-09 23:00:00,18.8,89,16.9,0.0,42,0.0,15.5,359,0.2705122997778952,-15.497639274924063
2019-01-10 00:00:00,18.8,89,17.0,0.0,33,0.0,14.4,359,0.2513146526968833,-14.397806810252035
2019-01-10 01:00:00,18.8,90,17.1,0.0,42,0.0,14.0,359,0.2443336901219698,-13.997867732189478
2019-01-10 02:00:00,18.8,90,17.1,0.0,38,0.0,14.4,359,0.2513146526968833,-14.397806810252035
2019-01-10 03:00:00,18.8,90,17.2,0.0,44,0.0,14.4,359,0.2513146526968833,-14.397806810252035
2019-01-10 04:00:00,18.8,91,17.3,0.0,46,0.0,14.4,359,0.2513146526968833,-14.397806810252035
2019-01-10 05:00:00,18.7,92,17.3,0.0,47,0.0,14.4,359,0.2513146526968833,-14.397806810252035
2019-01-10 06:00:00,18.6,93,17.4,0.0,43,0.0,12.3,5,-1.0720156357961954,-12.253194786528471
2019-01-10 07:00:00,18.8,92,17.5,0.0,41,0.0,10.1,2,-0.3524849166952598,-10.093847352892867
2019-01-10 08:00:00,19.9,87,17.7,0.0,37,40.0,10.7,348,2.2246550917500305,-10.46617932785172
2019-01-10 09:00:00,21.5,80,17.9,0.1,35,155.0,10.9,343,3.186851581477835,-10.423721839997086
2019-01-10 10:00:00,23.2,73,18.1,0.0,45,298.0,11.8,348,2.4533579516495667,-11.542141688658909
2019-01-10 11:00:00,24.4,67,18.0,0.0,30,417.0,12.7,352,1.7674983821928365,-12.57640447301794
2019-01-10 12:00:00,25.1,65,18.1,0.0,34,458.0,14.6,351,2.283943189587374,-14.42024977268901
2019-01-10 13:00:00,25.4,65,18.2,0.0,34,452.0,14.8,354,1.5470212563612706,-14.718924051450443
2019-01-10 14:00:00,25.5,64,18.3,0.0,38,479.0,14.8,356,1.0323958114130594,-14.763947943845398
2019-01-10 15:00:00,25.1,66,18.3,0.0,44,343.0,14.4,357,0.7536377698983989,-14.380265300465863
2019-01-10 16:00:00,24.5,69,18.4,0.0,40,206.0,13.7,3,-0.7170026005283305,-13.68122462613766
2019-01-10 17:00:00,23.6,74,18.7,0.0,27,69.0,9.7,4,-0.6766377953180154,-9.676371287520292
2019-01-10 18:00:00,22.4,80,18.8,0.0,35,3.0,9.4,358,0.3280552690035077,-9.3942737739795
2019-01-10 19:00:00,21.4,86,18.9,0.0,34,0.0,10.4,358,0.3629547657060086,-10.393664600998596
2019-01-10 20:00:00,20.7,89,18.9,0.0,27,0.0,11.2,354,1.1707187885977182,-11.13864522812466
2019-01-10 21:00:00,20.2,93,19.0,0.0,31,0.0,11.6,355,1.0110066158728364,-11.555858497864248
2019-01-10 22:00:00,19.9,95,19.0,0.0,23,0.0,12.3,357,0.6437322617882157,-12.283143277481258
2019-01-10 23:00:00,19.7,96,19.0,0.0,26,0.0,12.2,358,0.42577385977051,-12.192568089632967
2019-01-11 00:00:00,19.7,95,18.9,0.0,22,0.0,11.5,360,2.8166876380389124e-15,-11.5
2019-01-11 01:00:00,19.5,96,18.9,0.0,16,0.0,10.4,358,0.3629547657060086,-10.393664600998596
2019-01-11 02:00:00,19.5,96,18.8,0.0,14,0.0,10.8,356,0.7533699164365569,-10.773691742806102
2019-01-11 03:00:00,19.4,95,18.5,0.0,12,0.0,11.5,356,0.8021994480574448,-11.47198657798798
2019-01-11 04:00:00,19.2,96,18.5,0.0,11,0.0,11.9,360,2.9146593819707008e-15,-11.9
2019-01-11 05:00:00,19.1,96,18.4,0.0,14,0.0,11.2,2,-0.3908743630680108,-11.193177262613872
2019-01-11 06:00:00,19.0,96,18.3,0.0,10,0.0,10.4,358,0.3629547657060086,-10.393664600998596
2019-01-11 07:00:00,18.9,96,18.2,0.0,10,0.0,9.4,2,-0.3280552690035091,-9.3942737739795
2019-01-11 08:00:00,19.8,93,18.5,0.0,6,44.0,9.4,2,-0.3280552690035091,-9.3942737739795
2019-01-11 09:00:00,21.9,82,18.6,0.0,7,179.0,7.2,360,1.7634913907721889e-15,-7.2
2019-01-11 10:00:00,23.6,73,18.6,0.0,10,371.0,5.8,353,0.7068421917498539,-5.756767679519668
2019-01-11 11:00:00,25.1,68,18.7,0.0,17,508.0,5.2,344,1.4333142502483949,-4.998560818879258
2019-01-11 12:00:00,25.9,65,18.9,0.0,22,561.0,5.3,332,2.4881992827652213,-4.679622242152313
2019-01-11 13:00:00,26.3,64,19.0,0.0,18,575.0,6.8,328,3.603450996785794,-5.766727053863695
2019-01-11 14:00:00,26.3,65,19.1,0.0,20,497.0,9.5,331,4.6056913923402005,-8.30888721782426
2019-01-11 15:00:00,26.0,66,19.3,0.0,13,397.0,11.8,337,4.610627316173432,-10.861957270738795
2019-01-11 16:00:00,25.4,69,19.3,0.0,9,232.0,12.7,345,3.2870018728020125,-12.267257993871167
2019-01-11 17:00:00,24.5,73,19.3,0.0,11,75.0,10.9,351,1.7051356689385189,-10.765802912487
2019-01-11 18:00:00,23.0,80,19.3,0.0,27,2.0,11.7,351,1.830283240970704,-11.55595358496311
2019-01-11 19:00:00,21.7,86,19.2,0.0,34,0.0,12.2,360,2.9881381899195417e-15,-12.2
2019-01-11 20:00:00,21.0,89,19.1,0.0,33,0.0,11.2,6,-1.1707187885977188,-11.13864522812466
2019-01-11 21:00:00,20.4,91,18.9,0.0,36,0.0,9.7,4,-0.6766377953180154,-9.676371287520292
2019-01-11 22:00:00,20.0,93,18.8,0.0,38,0.0,8.6,2,-0.3001356716415083,-8.594761112364223
2019-01-11 23:00:00,19.8,94,18.8,0.0,28,0.0,8.0,5,-0.6972459419812653,-7.969557584733964
2019-01-12 00:00:00,19.4,96,18.7,0.0,22,0.0,6.9,9,-1.079397808777593,-6.815049550106451
2019-01-12 01:00:00,19.1,96,18.5,0.0,14,0.0,7.3,11,-1.392905666248777,-7.165878439167947
2019-01-12 02:00:00,19.2,96,18.6,0.0,9,0.0,7.5,17,-2.192787785420526,-7.172285669722766
2019-01-12 03:00:00,19.9,93,18.6,0.0,12,0.0,7.9,16,-2.177535110954293,-7.59396739791272
2019-01-12 04:00:00,19.7,93,18.5,0.0,13,0.0,7.9,3,-0.4134540543192563,-7.889173324561134
2019-01-12 05:00:00,19.9,93,18.7,0.0,26,0.0,9.1,351,1.4235536318661028,-8.987963899415753
2019-01-12 06:00:00,19.9,94,18.9,0.0,19,0.0,12.1,350,2.1011429497698577,-11.916173811447717
2019-01-12 07:00:00,19.7,95,18.8,0.0,14,0.0,12.3,357,0.6437322617882157,-12.283143277481258
2019-01-12 08:00:00,20.3,91,18.7,0.0,9,42.0,12.6,360,3.08610993385133e-15,-12.6
2019-01-12 09:00:00,22.2,80,18.5,0.0,9,185.0,11.5,358,0.4013442120787595,-11.4929945107196
2019-01-12 10:00:00,23.6,72,18.2,0.0,14,278.0,12.7,353,1.5477406612453697,-12.60533612584479
2019-01-12 11:00:00,25.1,66,18.2,0.0,20,454.0,14.6,350,2.535263393937184,-14.378193193978236
2019-01-12 12:00:00,25.8,65,18.7,0.0,26,533.0,16.2,347,3.6442070803706175,-15.784795049520808
2019-01-12 13:00:00,26.0,65,18.9,0.0,39,538.0,17.7,347,3.981633661886416,-17.24635014669866
2019-01-12 14:00:00,25.9,66,19.0,0.0,36,426.0,18.6,350,3.229856104604905,-18.31742420602707
2019-01-12 15:00:00,25.4,68,18.9,0.0,40,349.0,18.1,354,1.891965185144527,-18.000846306165748
2019-01-12 16:00:00,24.7,69,18.7,0.0,39,194.0,17.0,356,1.1858600536501358,-16.958588854417012
2019-01-12 17:00:00,23.7,73,18.7,0.0,35,74.0,15.5,356,1.0812253430339474,-15.462242779027276
2019-01-12 18:00:00,22.1,80,18.5,0.0,30,3.0,15.2,353,1.8524140197582375,-15.086701504948095
2019-01-12 19:00:00,20.9,84,18.1,0.0,28,0.0,15.9,355,1.385776309687767,-15.839495699658755
2019-01-12 20:00:00,20.2,86,17.8,0.0,45,0.0,15.9,355,1.385776309687767,-15.839495699658755
2019-01-12 21:00:00,19.7,87,17.4,0.0,46,0.0,15.9,357,0.8321417042628155,-15.878209602597725
2019-01-12 22:00:00,19.4,87,17.1,0.0,65,0.0,14.4,359,0.2513146526968833,-14.397806810252035
2019-01-12 23:00:00,19.2,87,16.9,0.0,65,0.0,12.6,360,3.08610993385133e-15,-12.6
2019-01-13 00:00:00,18.9,88,16.8,0.0,50,0.0,10.8,2,-0.3769145643870105,-10.793420931806237
2019-01-13 01:00:00,19.0,87,16.8,0.0,53,0.0,10.1,358,0.3524849166952583,-10.093847352892867
2019-01-13 02:00:00,18.9,88,16.8,0.0,53,0.0,11.4,349,2.175222547292609,-11.19054989130337
2019-01-13 03:00:00,19.1,88,17.1,0.0,78,0.0,14.6,351,2.283943189587374,-14.42024977268901
2019-01-13 04:00:00,18.9,88,17.0,0.0,100,0.0,16.3,355,1.4206386067868306,-16.237973578895453
2019-01-13 05:00:00,18.9,88,16.8,0.0,100,0.0,16.2,359,0.2827289842839937,-16.197532661533536
2019-01-13 06:00:00,19.0,87,16.7,0.0,78,0.0,15.1,360,3.698433333425007e-15,-15.1
2019-01-13 07:00:00,18.8,87,16.7,0.0,100,0.0,14.4,360,3.5269827815443773e-15,-14.4
2019-01-13 08:00:00,19.3,86,16.9,0.1,91,36.0,14.8,356,1.0323958114130594,-14.763947943845398
2019-01-13 09:00:00,20.6,80,17.1,0.1,38,173.0,14.4,357,0.7536377698983989,-14.380265300465863
2019-01-13 10:00:00,21.9,73,16.9,0.0,22,299.0,13.0,355,1.1330246557195582,-12.950531075192693
2019-01-13 11:00:00,23.0,68,16.8,0.0,28,333.0,12.7,352,1.7674983821928365,-12.57640447301794
2019-01-13 12:00:00,23.5,66,16.7,0.0,40,362.0,14.3,348,2.973137178693966,-13.98751069049342
2019-01-13 13:00:00,23.8,64,16.6,0.0,42,398.0,15.7,349,2.995701227411751,-15.411546780128324
2019-01-13 14:00:00,23.8,63,16.5,0.0,24,340.0,16.7,353,2.0352180348659585,-16.575520732410077
2019-01-13 15:00:00,23.7,64,16.5,0.0,43,265.0,17.1,353,2.0839657722280176,-16.97253919306661
2019-01-13 16:00:00,23.2,66,16.5,0.0,48,159.0,18.1,353,2.205835115633165,-17.96508534470793
2019-01-13 17:00:00,22.2,70,16.4,0.0,51,53.0,16.7,354,1.745625336569812,-16.608515652650162
2019-01-13 18:00:00,20.9,75,16.3,0.0,51,3.0,17.0,356,1.1858600536501358,-16.958588854417012
2019-01-13 19:00:00,20.0,79,16.2,0.0,50,0.0,16.6,360,4.065827373169213e-15,-16.6
2019-01-13 20:00:00,19.5,81,16.2,0.0,50,0.0,15.9,357,0.8321417042628155,-15.878209602597725
2019-01-13 21:00:00,19.1,83,16.1,0.0,50,0.0,15.9,357,0.8321417042628155,-15.878209602597725
2019-01-13 22:00:00,18.9,84,16.0,0.0,50,0.0,15.1,357,0.79027293926846,-15.079305974794064
2019-01-13 23:00:00,18.8,84,16.0,0.0,51,0.0,14.4,356,1.0044932219154092,-14.36492232374147
2019-01-14 00:00:00,18.5,85,15.9,0.0,36,0.0,14.4,356,1.0044932219154092,-14.36492232374147
2019-01-14 01:00:00,18.4,85,15.9,0.0,33,0.0,15.2,356,1.0602984009107097,-15.162973563949327
2019-01-14 02:00:00,18.3,86,15.9,0.0,29,0.0,15.5,357,0.8112073217656377,-15.478757788695894
2019-01-14 03:00:00,18.3,86,16.0,0.0,29,0.0,15.5,357,0.8112073217656377,-15.478757788695894
2019-01-14 04:00:00,18.2,86,15.9,0.0,31,0.0,16.2,357,0.8478424911356988,-16.177798463024097
2019-01-14 05:00:00,18.1,87,15.9,0.0,48,0.0,16.2,359,0.2827289842839937,-16.197532661533536
2019-01-14 06:00:00,18.0,87,15.8,0.0,50,0.0,16.2,360,3.967855629237425e-15,-16.2
2019-01-14 07:00:00,18.0,87,15.8,0.0,43,0.0,13.7,2,-0.4781231048242632,-13.691654330161612
2019-01-14 08:00:00,19.0,82,15.9,0.0,35,48.0,13.7,355,1.1940336756429188,-13.647867363856914
2019-01-14 09:00:00,20.5,75,15.9,0.0,31,179.0,13.3,357,0.6960682180311601,-13.281772812235833
2019-01-14 10:00:00,22.0,69,16.1,0.0,33,283.0,11.2,360,2.743208830090071e-15,-11.2
2019-01-14 11:00:00,23.4,64,16.1,0.0,31,439.0,9.7,356,0.6766377953180186,-9.676371287520292
2019-01-14 12:00:00,24.2,61,16.1,0.0,18,515.0,9.3,347,2.092044805397948,-9.061641602502688
2019-01-14 13:00:00,24.7,59,16.1,0.0,24,553.0,9.3,344,2.5634274090980904,-8.939733772226367
2019-01-14 14:00:00,24.8,58,16.1,0.0,25,463.0,9.0,337,3.516580156403465,-8.284543681071963
2019-01-14 15:00:00,24.6,60,16.4,0.0,35,276.0,11.1,331,5.38138678473434,-9.708278749247294
2019-01-14 16:00:00,24.0,62,16.3,0.0,29,172.0,14.7,338,5.506716923213912,-13.629602662131774
2019-01-14 17:00:00,22.9,67,16.3,0.0,32,72.0,15.8,348,3.285004714920606,-15.45473209159413
2019-01-14 18:00:00,21.2,73,16.2,0.0,27,3.0,16.2,356,1.1300548746548351,-16.16053761420915
2019-01-14 19:00:00,20.3,77,16.1,0.0,27,0.0,15.9,356,1.1091279325315977,-15.861268399131204
2019-01-14 20:00:00,19.8,79,16.1,0.0,18,0.0,15.2,355,1.3247672897644065,-15.142159410994532
2019-01-14 21:00:00,19.5,81,16.1,0.0,24,0.0,14.5,353,1.7671054793746348,-14.39191919879917
2019-01-14 22:00:00,19.2,83,16.2,0.0,33,0.0,13.4,354,1.4006814077865557,-13.326593397934865
2019-01-14 23:00:00,18.9,85,16.3,0.0,36,0.0,12.3,355,1.0720156357961974,-12.253194786528471
2019-01-15 00:00:00,18.8,86,16.4,0.0,33,0.0,11.9,357,0.622797879291038,-11.88369146357943
2019-01-15 01:00:00,18.6,88,16.5,0.0,26,0.0,11.2,356,0.781272505934207,-11.17271736291003
2019-01-15 02:00:00,18.5,89,16.7,0.1,40,0.0,11.2,358,0.3908743630680092,-11.193177262613872
2019-01-15 03:00:00,18.6,89,16.7,0.0,30,0.0,11.5,358,0.4013442120787595,-11.4929945107196
2019-01-15 04:00:00,18.4,90,16.8,0.0,31,0.0,11.5,360,2.8166876380389124e-15,-11.5
2019-01-15 05:00:00,18.3,91,16.8,0.0,31,0.0,12.2,358,0.42577385977051,-12.192568089632967
2019-01-15 06:00:00,18.4,91,16.9,0.0,28,0.0,14.2,353,1.7305446763530905,-14.094155353306771
2019-01-15 07:00:00,18.2,92,17.0,0.0,33,0.0,14.8,359,0.2582956152717967,-14.79774588831459
2019-01-15 08:00:00,19.1,89,17.2,0.0,28,47.0,14.8,360,3.624954525476166e-15,-14.8
2019-01-15 09:00:00,20.8,80,17.3,0.0,24,165.0,13.3,3,-0.696068218031153,-13.281772812235833
2019-01-15 10:00:00,22.4,72,17.0,0.0,22,309.0,11.9,3,-0.6227978792910317,-11.88369146357943
2019-01-15 11:00:00,23.7,67,17.1,0.0,28,430.0,11.2,2,-0.3908743630680108,-11.193177262613872
2019-01-15 12:00:00,24.5,64,17.1,0.0,25,462.0,12.3,353,1.498992923883311,-12.208317665188265
2019-01-15 13:00:00,24.8,63,17.3,0.0,35,477.0,15.4,349,2.938458528798788,-15.117058625094026
2019-01-15 14:00:00,24.9,63,17.3,0.0,36,447.0,17.5,351,2.737603138204044,-17.28454596041491
2019-01-15 15:00:00,24.2,66,17.4,0.0,56,317.0,17.8,353,2.1692743126116207,-17.667321499215532
2019-01-15 16:00:00,23.5,68,17.3,0.0,65,146.0,16.8,350,2.917289384804431,-16.544770250605094
2019-01-15 17:00:00,22.4,73,17.4,0.0,66,35.0,15.5,347,3.4867413423299127,-15.102736004171144
2019-01-15 18:00:00,21.2,79,17.5,0.0,68,2.0,17.2,349,3.281914720476568,-16.883987555299818
2019-01-15 19:00:00,20.3,85,17.7,0.2,60,0.0,18.4,359,0.3211242784460175,-18.3971975908776
2019-01-15 20:00:00,19.9,89,17.9,0.1,55,0.0,18.4,359,0.3211242784460175,-18.3971975908776
2019-01-15 21:00:00,19.6,89,17.8,0.0,57,0.0,18.4,359,0.3211242784460175,-18.3971975908776
2019-01-15 22:00:00,19.4,90,17.7,0.0,56,0.0,17.6,359,0.3071623532961907,-17.59731943475249
2019-01-15 23:00:00,19.3,90,17.6,0.0,84,0.0,16.9,358,0.5898014942722639,-16.889704976622717
2019-01-16 00:00:00,19.2,90,17.4,0.0,87,0.0,17.3,359,0.3019266313650056,-17.29736512620557
2019-01-16 01:00:00,19.1,89,17.2,0.0,74,0.0,16.9,360,4.139306181118054e-15,-16.9
2019-01-16 02:00:00,19.0,88,16.9,0.0,55,0.0,16.6,358,0.5793316452615137,-16.58988772851699
2019-01-16 03:00:00,18.7,89,16.8,0.1,53,0.0,18.8,356,1.311421706389562,-18.754204144884696
2019-01-16 04:00:00,18.5,87,16.4,0.0,67,0.0,20.2,358,0.7049698333905167,-20.18769470578573
2019-01-16 05:00:00,18.4,86,15.9,0.0,82,0.0,20.2,360,4.9475730685553065e-15,-20.2
2019-01-16 06:00:00,18.2,86,15.8,0.2,83,0.0,20.2,356,1.409080769631338,-20.15079381524845
2019-01-16 07:00:00,18.1,85,15.5,0.3,82,0.0,20.2,355,1.760546003502698,-20.12313290145326
2019-01-16 08:00:00,18.1,85,15.5,0.3,100,3.0,22.3,359,0.3891886635514234,-22.296603601987528
2019-01-16 09:00:00,18.5,83,15.6,0.2,100,38.0,23.8,358,0.8306080215195196,-23.78550168305448
2019-01-16 10:00:00,18.5,83,15.6,0.6,100,7.0,23.4,360,5.7313470200096116e-15,-23.4
2019-01-16 11:00:00,18.8,83,15.9,0.4,70,76.0,22.7,358,0.7922185751467686,-22.686171773333477
2019-01-16 12:00:00,19.3,82,16.2,0.5,53,177.0,23.1,358,0.806178373827769,-23.085928104141114
2019-01-16 13:00:00,19.6,80,16.2,0.2,56,135.0,22.0,358,0.7677889274550181,-21.986598194420107
2019-01-16 14:00:00,19.9,80,16.3,0.5,85,172.0,22.8,355,1.9871509346466096,-22.7132391164918
2019-01-16 15:00:00,19.8,77,15.7,0.5,100,91.0,22.7,356,1.583471953991652,-22.644703940898008
2019-01-16 16:00:00,19.4,79,15.7,0.6,100,63.0,21.3,354,2.226456267601018,-21.183316371344223
2019-01-16 17:00:00,18.9,82,15.8,0.4,100,26.0,22.5,354,2.351890423522202,-22.37674264578615
2019-01-16 18:00:00,18.2,86,15.9,0.8,100,2.0,23.1,355,2.013297657470907,-23.012097525919323
2019-01-16 19:00:00,17.9,88,15.9,0.6,100,0.0,23.1,357,1.208960589212015,-23.068342252830657
2019-01-16 20:00:00,17.8,89,15.9,0.9,74,0.0,22.0,355,1.917426340448483,-21.9162833580184
2019-01-16 21:00:00,17.7,89,15.8,0.9,92,0.0,22.7,356,1.583471953991652,-22.644703940898008
2019-01-16 22:00:00,17.6,89,15.8,0.9,79,0.0,22.0,359,0.3839529416202383,-21.99664929344061
2019-01-16 23:00:00,17.5,89,15.7,0.9,100,0.0,21.6,358,0.7538291287740179,-21.58684186361247
2019-01-17 00:00:00,17.4,90,15.7,0.8,91,0.0,22.0,357,1.1513910373447762,-21.969849764600625
2019-01-17 01:00:00,17.2,90,15.5,1.1,100,0.0,22.0,355,1.917426340448483,-21.9162833580184
2019-01-17 02:00:00,17.0,90,15.3,1.0,100,0.0,22.8,355,1.9871509346466096,-22.7132391164918
2019-01-17 03:00:00,16.8,91,15.3,0.7,100,0.0,22.7,358,0.7922185751467686,-22.686171773333477
2019-01-17 04:00:00,16.7,91,15.1,0.7,100,0.0,21.2,360,5.1925024283847775e-15,-21.2
2019-01-17 05:00:00,16.6,90,15.0,0.7,70,0.0,19.4,360,4.75162958069173e-15,-19.4
2019-01-17 06:00:00,16.6,90,14.9,0.5,70,0.0,17.0,356,1.1858600536501358,-16.958588854417012
2019-01-17 07:00:00,16.5,89,14.7,0.2,57,0.0,17.1,352,2.3798600264171266,-16.933583975480854
2019-01-17 08:00:00,16.8,88,14.8,0.0,54,26.0,19.7,351,3.0817589612925524,-19.45746030972421
2019-01-17 09:00:00,17.8,82,14.7,0.0,57,124.0,22.5,354,2.351890423522202,-22.37674264578615
2019-01-17 10:00:00,19.0,75,14.4,0.0,56,258.0,25.6,357,1.339800479819376,-25.56491608971709
2019-01-17 11:00:00,19.9,69,14.1,0.0,45,344.0,26.3,359,0.4589982893005576,-26.29599438261309
2019-01-17 12:00:00,20.8,66,14.1,0.0,39,460.0,26.3,360,6.441642163515078e-15,-26.3
2019-01-17 13:00:00,21.3,64,14.1,0.0,23,528.0,26.3,358,0.9178567632757716,-26.28397875060222
2019-01-17 14:00:00,21.3,63,14.0,0.0,19,489.0,26.3,359,0.4589982893005576,-26.29599438261309
2019-01-17 15:00:00,20.7,65,13.8,0.0,14,312.0,26.3,1,-0.4589982893005563,-26.29599438261309
2019-01-17 16:00:00,20.1,66,13.6,0.0,8,225.0,25.6,360,6.270191611634449e-15,-25.6
2019-01-17 17:00:00,19.1,70,13.4,0.0,7,89.0,23.1,358,0.806178373827769,-23.085928104141114
2019-01-17 18:00:00,17.9,74,13.3,0.0,8,5.0,20.2,359,0.3525386100331279,-20.196923442159104
2019-01-17 19:00:00,17.2,77,13.2,0.0,17,0.0,18.4,360,4.506700220862259e-15,-18.4
2019-01-17 20:00:00,16.8,79,13.2,0.0,28,0.0,18.0,358,0.6281909406450148,-17.989034886343724
2019-01-17 21:00:00,16.8,79,13.2,0.0,33,0.0,19.2,355,1.6733902607550395,-19.126938203361515
2019-01-17 22:00:00,16.5,80,13.1,0.0,34,0.0,19.9,356,1.3881538275081,-19.8515246001705
2019-01-17 23:00:00,16.3,81,13.0,0.0,43,0.0,19.1,357,0.9996167642402376,-19.07382411381236
2019-01-18 00:00:00,16.2,81,12.9,0.0,46,0.0,17.3,356,1.2067869957733734,-17.257858069494958
2019-01-18 01:00:00,16.2,81,12.9,0.0,55,0.0,16.2,356,1.1300548746548351,-16.16053761420915
2019-01-18 02:00:00,16.0,82,12.9,0.0,68,0.0,15.1,357,0.79027293926846,-15.079305974794064
2019-01-18 03:00:00,16.0,82,12.9,0.0,70,0.0,14.0,360,3.429011037612589e-15,-14.0
2019-01-18 04:00:00,16.0,82,13.0,0.0,69,0.0,11.9,3,-0.6227978792910317,-11.88369146357943
2019-01-18 05:00:00,15.7,84,12.9,0.0,57,0.0,10.1,4,-0.7045403848156655,-10.075396907624224
2019-01-18 06:00:00,15.6,85,13.0,0.0,51,0.0,8.3,2,-0.2896658226307581,-8.294943864258496
2019-01-18 07:00:00,15.4,86,13.1,0.0,42,0.0,9.3,16,-2.5634274090980926,-8.939733772226367
2019-01-18 08:00:00,16.4,84,13.6,0.0,43,44.0,7.5,17,-2.192787785420526,-7.172285669722766
2019-01-18 09:00:00,18.3,76,13.9,0.0,50,145.0,5.8,22,-2.172718241812289,-5.377666356487367
2019-01-18 10:00:00,19.8,69,13.9,0.0,47,267.0,2.9,7,-0.3534210958749276,-2.8783838397598336
2019-01-18 11:00:00,20.9,66,14.4,0.0,41,349.0,3.1,306,2.5079526825623377,-1.8221342821066664
2019-01-18 12:00:00,21.8,63,14.5,0.0,27,519.0,4.6,309,3.5748714227020653,-2.894873798829252
2019-01-18 13:00:00,22.3,62,14.5,0.0,18,481.0,6.9,321,4.342310698243882,-5.362307134053097
2019-01-18 14:00:00,22.5,60,14.4,0.0,14,451.0,8.2,331,3.9754388860199614,-7.171881598543045
2019-01-18 15:00:00,22.1,60,14.1,0.0,20,262.0,10.6,332,4.976398565530443,-9.359244484304623
2019-01-18 16:00:00,21.8,60,13.7,0.0,19,210.0,12.8,338,4.794964395723678,-11.867953338454878
2019-01-18 17:00:00,20.9,63,13.6,0.0,10,76.0,12.2,346,2.951447126315948,-11.837607860567156
2019-01-18 18:00:00,19.6,67,13.4,0.0,3,5.0,11.5,346,2.7821017993961803,-11.15840085217396
2019-01-18 19:00:00,18.9,71,13.5,0.0,6,0.0,10.5,354,1.0975488643103608,-10.44247990136687
2019-01-18 20:00:00,18.5,74,13.7,0.0,16,0.0,8.6,2,-0.3001356716415083,-8.594761112364223
2019-01-18 21:00:00,18.4,75,13.9,0.0,36,0.0,7.9,3,-0.4134540543192563,-7.889173324561134
2019-01-18 22:00:00,18.5,76,14.1,0.0,46,0.0,7.2,360,1.7634913907721889e-15,-7.2
2019-01-18 23:00:00,18.6,77,14.4,0.0,54,0.0,7.2,360,1.7634913907721889e-15,-7.2
2019-01-19 00:00:00,18.2,80,14.6,0.0,70,0.0,7.6,360,1.8614631347039767e-15,-7.6
2019-01-19 01:00:00,18.1,81,14.7,0.0,72,0.0,8.0,355,0.6972459419812665,-7.969557584733964
2019-01-19 02:00:00,18.1,81,14.8,0.0,68,0.0,8.1,347,1.8221035401853087,-7.892397524760404
2019-01-19 03:00:00,17.9,82,14.8,0.0,68,0.0,8.5,348,1.767249371950959,-8.314254606237347
2019-01-19 04:00:00,17.8,83,14.9,0.0,68,0.0,8.7,355,0.7582549619046273,-8.666893873398186
2019-01-19 05:00:00,17.9,83,14.9,0.0,66,0.0,7.6,360,1.8614631347039767e-15,-7.6
2019-01-19 06:00:00,17.9,83,14.9,0.0,71,0.0,9.4,360,2.3023359823970247e-15,-9.4
2019-01-19 07:00:00,17.8,83,15.0,0.0,82,0.0,10.1,360,2.473786534277653e-15,-10.1
2019-01-19 08:00:00,18.3,80,14.9,0.0,69,13.0,11.5,358,0.4013442120787595,-11.4929945107196
2019-01-19 09:00:00,18.7,77,14.6,0.0,63,26.0,12.6,5,-1.098162358620493,-12.552053195955994
2019-01-19 10:00:00,19.7,71,14.2,0.0,59,152.0,13.3,2,-0.4641633061432629,-13.291897999353974
2019-01-19 11:00:00,20.5,67,14.2,0.0,61,178.0,14.5,341,4.720738239628772,-13.710019346190094
2019-01-19 12:00:00,20.5,67,14.0,0.0,67,71.0,16.3,342,5.036977008311648,-15.502221215611003
2019-01-19 13:00:00,20.3,66,13.7,0.0,64,50.0,16.3,352,2.268521545649074,-16.141369520487597
2019-01-19 14:00:00,20.3,65,13.5,0.0,63,36.0,15.2,355,1.3247672897644065,-15.142159410994532
2019-01-19 15:00:00,20.4,65,13.7,0.0,64,32.0,14.3,350,2.4831689406371047,-14.082750868074577
2019-01-19 16:00:00,20.1,67,13.7,0.0,67,18.0,13.1,351,2.0492914920270278,-12.938717261796302
2019-01-19 17:00:00,19.6,69,13.7,0.1,71,14.0,12.1,350,2.1011429497698577,-11.916173811447717
2019-01-19 18:00:00,19.1,72,13.8,0.2,83,0.0,9.0,358,0.3140954703225074,-8.994517443171862
2019-01-19 19:00:00,18.6,75,14.0,0.3,100,0.0,8.5,12,-1.7672493719509543,-8.314254606237348
2019-01-19 20:00:00,18.4,76,14.1,0.2,100,0.0,6.9,9,-1.079397808777593,-6.815049550106451
2019-01-19 21:00:00,18.3,78,14.4,0.2,100,0.0,6.5,354,0.6794350112397471,-6.4643923198937765
2019-01-19 22:00:00,18.3,78,14.5,0.2,100,0.0,6.2,350,1.0766187015349684,-6.10580806867569
2019-01-19 23:00:00,18.4,79,14.6,0.0,100,0.0,6.3,347,1.4171916423663515,-6.1385314081469815
2019-01-20 00:00:00,18.4,79,14.8,0.0,100,0.0,5.9,346,1.4273391840380405,-5.72474478502838
2019-01-20 01:00:00,18.5,79,14.8,0.0,100,0.0,6.3,347,1.4171916423663515,-6.1385314081469815
2019-01-20 02:00:00,18.6,80,15.1,0.0,100,0.0,5.9,346,1.4273391840380405,-5.72474478502838
2019-01-20 03:00:00,18.9,78,15.0,0.1,100,0.0,8.3,342,2.564841053312066,-7.893769085249775
2019-01-20 04:00:00,19.0,79,15.2,0.0,100,0.0,10.8,345,2.7952456871072235,-10.431998923921938
2019-01-20 05:00:00,19.0,82,15.8,0.0,100,0.0,12.1,348,2.5157314588948942,-11.835585968879046
2019-01-20 06:00:00,18.8,85,16.2,0.2,99,0.0,12.0,351,1.8772135804827728,-11.852260087141651
2019-01-20 07:00:00,18.7,87,16.4,0.1,74,0.0,10.8,356,0.7533699164365569,-10.773691742806102
2019-01-20 08:00:00,18.9,87,16.7,0.0,74,12.0,10.8,356,0.7533699164365569,-10.773691742806102
2019-01-20 09:00:00,19.8,83,16.8,0.0,73,57.0,11.6,355,1.0110066158728364,-11.555858497864248
2019-01-20 10:00:00,20.6,78,16.7,0.0,63,101.0,13.0,354,1.3588700224794945,-12.928784639787551
2019-01-20 11:00:00,21.6,73,16.5,0.0,60,169.0,14.8,359,0.2582956152717967,-14.79774588831459
2019-01-20 12:00:00,22.2,69,16.3,0.0,60,140.0,15.1,1,-0.263531337202981,-15.097700196861508
2019-01-20 13:00:00,22.4,68,16.2,0.0,61,171.0,15.1,359,0.2635313372029818,-15.097700196861508
2019-01-20 14:00:00,22.2,68,16.1,0.0,61,66.0,16.3,354,1.7038139512627508,-16.210706894502856
2019-01-20 15:00:00,21.3,74,16.4,0.2,61,62.0,17.0,356,1.1858600536501358,-16.958588854417012
2019-01-20 16:00:00,20.8,77,16.7,0.2,59,58.0,15.5,357,0.8112073217656377,-15.478757788695894
2019-01-20 17:00:00,20.1,81,16.7,0.0,55,12.0,15.5,355,1.350914012588704,-15.441017820422056
2019-01-20 18:00:00,19.4,84,16.6,0.0,61,1.0,17.0,356,1.1858600536501358,-16.958588854417012
2019-01-20 19:00:00,18.9,86,16.4,0.0,63,0.0,18.5,8,-2.57470236776121,-18.319959271719053
2019-01-20 20:00:00,18.6,86,16.2,0.0,63,0.0,18.1,6,-1.891965185144528,-18.000846306165748
2019-01-20 21:00:00,18.5,86,16.0,0.3,67,0.0,16.9,1,-0.2949456687900913,-16.89742604814301
2019-01-20 22:00:00,18.2,86,15.9,0.3,74,0.0,17.0,356,1.1858600536501358,-16.958588854417012
2019-01-20 23:00:00,17.8,89,15.9,0.6,80,0.0,18.8,357,0.983915977367354,-18.77423525338599
2019-01-21 00:00:00,17.4,89,15.6,0.6,100,0.0,20.5,359,0.3577743319643129,-20.49687775070602
2019-01-21 01:00:00,17.0,90,15.4,0.9,100,0.0,20.2,1,-0.3525386100331269,-20.196923442159104
2019-01-21 02:00:00,16.7,91,15.2,1.0,100,0.0,19.8,360,4.849601324623519e-15,-19.8
2019-01-21 03:00:00,16.8,89,15.0,0.8,70,0.0,19.5,357,1.020551146737415,-19.47327592771419
2019-01-21 04:00:00,16.5,90,14.8,0.9,68,0.0,20.6,356,1.4369833591289882,-20.54981943535238
2019-01-21 05:00:00,16.3,90,14.6,0.9,71,0.0,21.6,356,1.506739832873114,-21.547383485612205
2019-01-21 06:00:00,16.1,90,14.5,0.9,100,0.0,20.9,358,0.7293994810822672,-20.8872682846991
2019-01-21 07:00:00,16.0,89,14.2,0.9,100,0.0,20.6,355,1.7954083006017614,-20.52161078068996
2019-01-21 08:00:00,16.1,88,14.1,0.9,100,7.0,21.0,355,1.830270597700825,-20.920088659926652
2019-01-21 09:00:00,16.3,88,14.4,1.6,100,30.0,20.9,357,1.0938214854775372,-20.871357276370592
2019-01-21 10:00:00,16.7,87,14.6,1.3,67,19.0,20.6,356,1.4369833591289882,-20.54981943535238
2019-01-21 11:00:00,17.1,87,14.8,1.4,59,66.0,20.9,356,1.4579103012522256,-20.849088650430325
2019-01-21 12:00:00,17.3,84,14.7,0.9,60,79.0,20.5,357,1.0728871029803595,-20.471905462468765
2019-01-21 13:00:00,17.8,83,14.8,1.5,63,129.0,19.8,357,1.0362519336102984,-19.772864788140563
2019-01-21 14:00:00,18.2,81,14.8,0.7,55,179.0,21.3,356,1.485812890749876,-21.248114270534256
2019-01-21 15:00:00,18.5,75,14.1,0.0,40,144.0,22.7,356,1.583471953991652,-22.644703940898008
2019-01-21 16:00:00,18.6,72,13.6,0.0,18,131.0,22.7,356,1.583471953991652,-22.644703940898008
2019-01-21 17:00:00,18.2,74,13.4,0.0,10,61.0,22.8,355,1.9871509346466096,-22.7132391164918
2019-01-21 18:00:00,17.2,77,13.1,0.0,12,6.0,21.7,353,2.6445647518916946,-21.538251490616688
2019-01-21 19:00:00,16.6,79,12.9,0.0,4,0.0,22.1,353,2.6933124892537537,-21.93526995127322
2019-01-21 20:00:00,16.2,80,12.8,0.0,11,0.0,22.0,355,1.917426340448483,-21.9162833580184
2019-01-21 21:00:00,15.9,82,12.9,0.0,11,0.0,21.7,355,1.8912796176241853,-21.61742494859088
2019-01-21 22:00:00,15.6,84,13.0,0.0,10,0.0,22.0,356,1.534642422370764,-21.94640910571613
2019-01-21 23:00:00,15.5,85,13.0,0.0,5,0.0,20.6,356,1.4369833591289882,-20.54981943535238
2019-01-22 00:00:00,15.4,86,13.0,0.0,10,0.0,20.3,353,2.4739476711244888,-20.14868687831884
2019-01-22 01:00:00,15.3,86,13.0,0.0,17,0.0,21.1,352,2.9365524302573904,-20.89465625044713
2019-01-22 02:00:00,15.3,86,13.0,0.0,17,0.0,21.7,355,1.8912796176241853,-21.61742494859088
2019-01-22 03:00:00,15.1,89,13.3,0.0,17,0.0,21.7,355,1.8912796176241853,-21.61742494859088
2019-01-22 04:00:00,15.0,89,13.2,0.0,16,0.0,21.6,356,1.506739832873114,-21.547383485612205
2019-01-22 05:00:00,14.9,89,13.2,0.0,23,0.0,20.9,356,1.4579103012522256,-20.849088650430325
2019-01-22 06:00:00,14.9,88,13.0,0.0,21,0.0,17.3,358,0.6037612929532643,-17.289461307430358
2019-01-22 07:00:00,15.0,87,12.9,0.0,15,0.0,17.7,354,1.8501537998374653,-17.60303754801844
2019-01-22 08:00:00,15.8,83,13.0,0.0,9,57.0,20.4,352,2.839131259585344,-20.20146860232803
2019-01-22 09:00:00,17.0,77,12.9,0.0,10,181.0,24.2,355,2.1091689744933317,-24.10791169382024
2019-01-22 10:00:00,18.1,70,12.6,0.0,10,367.0,26.0,357,1.3607348623165536,-25.96436790361892
2019-01-22 11:00:00,19.0,65,12.3,0.0,8,495.0,25.2,358,0.8794673169030207,-25.184648840881213
2019-01-22 12:00:00,19.4,64,12.4,0.0,8,510.0,25.6,357,1.339800479819376,-25.56491608971709
2019-01-22 13:00:00,19.7,63,12.5,0.0,7,591.0,26.0,356,1.8136683173472663,-25.93666530675543
2019-01-22 14:00:00,19.7,63,12.4,0.0,5,550.0,26.3,356,1.834595259470504,-26.23593452183338
2019-01-22 15:00:00,19.1,63,11.8,0.0,5,437.0,26.7,356,1.8624978489681543,-26.634960141937302
2019-01-22 16:00:00,18.4,64,11.3,0.0,4,288.0,26.3,357,1.376435649189437,-26.263956764045293
2019-01-22 17:00:00,17.3,66,10.8,0.0,1,113.0,24.5,357,1.2822309279521371,-24.466423601487055
2019-01-22 18:00:00,16.0,70,10.4,0.0,1,8.0,22.0,360,5.388445916248354e-15,-22.0
2019-01-22 19:00:00,15.3,72,10.3,0.0,3,0.0,20.9,359,0.3647552945392264,-20.89681682876857
2019-01-22 20:00:00,15.0,74,10.3,0.0,7,0.0,20.2,359,0.3525386100331279,-20.196923442159104
2019-01-22 21:00:00,14.8,75,10.4,0.0,19,0.0,19.5,358,0.6805401856987661,-19.488121126872368
2019-01-22 22:00:00,14.7,76,10.5,0.0,38,0.0,18.7,358,0.6526205883367654,-18.68860846525709
2019-01-22 23:00:00,14.7,76,10.6,0.0,53,0.0,17.3,359,0.3019266313650056,-17.29736512620557
2019-01-23 00:00:00,14.7,77,10.7,0.0,59,0.0,15.9,357,0.8321417042628155,-15.878209602597725
2019-01-23 01:00:00,14.6,78,10.8,0.0,53,0.0,14.8,356,1.0323958114130594,-14.763947943845398
2019-01-23 02:00:00,14.5,79,10.9,0.0,38,0.0,14.8,356,1.0323958114130594,-14.763947943845398
2019-01-23 03:00:00,14.7,78,10.9,0.0,36,0.0,14.4,357,0.7536377698983989,-14.380265300465863
2019-01-23 04:00:00,14.7,78,10.9,0.0,26,0.0,14.4,359,0.2513146526968833,-14.397806810252035
2019-01-23 05:00:00,14.6,79,11.0,0.0,30,0.0,14.4,360,3.5269827815443773e-15,-14.4
2019-01-23 06:00:00,14.5,80,11.1,0.0,19,0.0,13.0,358,0.4536934571325107,-12.992080751248244
2019-01-23 07:00:00,14.3,82,11.3,0.0,25,0.0,13.0,358,0.4536934571325107,-12.992080751248244
2019-01-23 08:00:00,15.5,79,11.8,0.0,23,59.0,14.5,354,1.5156627173809745,-14.420567482839962
2019-01-23 09:00:00,17.3,71,11.9,0.0,23,204.0,13.7,357,0.7170026005283379,-13.68122462613766
2019-01-23 10:00:00,19.0,64,12.0,0.0,29,381.0,11.6,355,1.0110066158728364,-11.555858497864248
2019-01-23 11:00:00,20.0,62,12.6,0.0,36,494.0,10.5,344,2.894192236078489,-10.093247807352348
2019-01-23 12:00:00,20.8,61,12.9,0.0,44,582.0,11.6,338,4.345436483624583,-10.755332712974733
2019-01-23 13:00:00,21.2,60,13.1,0.0,35,557.0,13.3,341,4.330056454280184,-12.575397055470916
2019-01-23 14:00:00,21.2,60,13.0,0.0,33,428.0,14.4,347,3.2392951825516607,-14.030928932907386
2019-01-23 15:00:00,20.9,59,12.7,0.0,37,320.0,15.8,348,3.285004714920606,-15.45473209159413
2019-01-23 16:00:00,20.4,60,12.3,0.0,45,207.0,17.6,349,3.3582383186271865,-17.276638428678886
2019-01-23 17:00:00,19.4,63,12.1,0.0,44,71.0,16.3,354,1.7038139512627508,-16.210706894502856
2019-01-23 18:00:00,18.1,67,12.0,0.0,47,5.0,15.9,354,1.6620025659556894,-15.812898136355546
2019-01-23 19:00:00,17.6,70,12.0,0.0,28,0.0,15.8,359,0.2757480217090802,-15.797593583470984
2019-01-23 20:00:00,17.2,72,12.1,0.0,26,0.0,14.8,360,3.624954525476166e-15,-14.8
2019-01-23 21:00:00,16.9,74,12.3,0.0,55,0.0,13.7,358,0.4781231048242612,-13.691654330161612
2019-01-23 22:00:00,16.8,76,12.5,0.0,69,0.0,12.2,358,0.42577385977051,-12.192568089632967
2019-01-23 23:00:00,16.6,78,12.7,0.0,57,0.0,11.2,356,0.781272505934207,-11.17271736291003
2019-01-24 00:00:00,16.6,79,12.8,0.0,52,0.0,11.6,353,1.4136843834997077,-11.513535359039336
2019-01-24 01:00:00,16.4,80,12.9,0.0,44,0.0,12.3,353,1.498992923883311,-12.208317665188265
2019-01-24 02:00:00,16.3,81,13.0,0.0,35,0.0,12.3,357,0.6437322617882157,-12.283143277481258
2019-01-24 03:00:00,15.9,82,12.9,0.0,55,0.0,12.2,360,2.9881381899195417e-15,-12.2
2019-01-24 04:00:00,15.7,84,12.9,0.0,34,0.0,11.9,3,-0.6227978792910317,-11.88369146357943
2019-01-24 05:00:00,15.3,86,12.9,0.0,29,0.0,11.5,2,-0.4013442120787611,-11.4929945107196
2019-01-24 06:00:00,15.2,86,12.9,0.0,1,0.0,11.2,358,0.3908743630680092,-11.193177262613872
2019-01-24 07:00:00,14.9,88,12.8,0.0,5,0.0,11.9,360,2.9146593819707008e-15,-11.9
2019-01-24 08:00:00,16.1,83,13.3,0.0,10,64.0,13.3,360,3.25756048573196e-15,-13.3
2019-01-24 09:00:00,18.1,75,13.5,0.0,12,217.0,13.0,360,3.1840816777831178e-15,-13.0
2019-01-24 10:00:00,19.6,67,13.2,0.0,28,363.0,11.5,2,-0.4013442120787611,-11.4929945107196
2019-01-24 11:00:00,20.4,64,13.3,0.0,34,400.0,9.0,355,0.7844016847289249,-8.96575228282571
2019-01-24 12:00:00,21.3,61,13.6,0.0,23,535.0,8.0,342,2.4721359549995814,-7.608452130361228
2019-01-24 13:00:00,21.9,60,13.7,0.0,19,597.0,7.9,336,3.213219480298821,-7.217009115376548
2019-01-24 14:00:00,22.1,59,13.8,0.0,15,479.0,10.2,337,3.985457510590593,-9.38914950521489
2019-01-24 15:00:00,22.1,60,14.0,0.0,18,409.0,12.3,345,3.1834742547610047,-11.88088766335554
2019-01-24 16:00:00,21.5,62,13.8,0.0,11,256.0,14.6,351,2.283943189587374,-14.42024977268901
2019-01-24 17:00:00,20.5,65,13.8,0.0,11,99.0,13.3,358,0.4641633061432609,-13.291897999353974
2019-01-24 18:00:00,18.9,72,13.7,0.0,4,9.0,13.7,2,-0.4781231048242632,-13.691654330161612
2019-01-24 19:00:00,17.8,76,13.5,0.0,4,0.0,13.7,5,-1.1940336756429168,-13.647867363856914
2019-01-24 20:00:00,17.1,80,13.6,0.0,5,0.0,12.6,3,-0.6594330486610923,-12.58273213790763
2019-01-24 21:00:00,16.6,83,13.7,0.0,0,0.0,11.5,360,2.8166876380389124e-15,-11.5
2019-01-24 22:00:00,16.4,85,13.9,0.0,0,0.0,10.1,358,0.3524849166952583,-10.093847352892867
2019-01-24 23:00:00,16.1,87,14.0,0.0,0,0.0,9.4,353,1.145571828008384,-9.329933825428428
2019-01-25 00:00:00,15.9,88,14.0,0.0,0,0.0,9.0,355,0.7844016847289249,-8.96575228282571
2019-01-25 01:00:00,15.8,89,14.0,0.0,1,0.0,9.0,358,0.3140954703225074,-8.994517443171862
2019-01-25 02:00:00,15.8,89,14.0,0.0,2,0.0,9.4,2,-0.3280552690035091,-9.3942737739795
2019-01-25 03:00:00,15.7,89,13.9,0.0,4,0.0,9.7,4,-0.6766377953180154,-9.676371287520292
2019-01-25 04:00:00,15.5,90,13.9,0.0,4,0.0,9.8,6,-1.024378940023004,-9.746314574609078
2019-01-25 05:00:00,15.3,91,13.9,0.0,6,0.0,9.0,5,-0.7844016847289235,-8.96575228282571
2019-01-25 06:00:00,15.1,92,13.8,0.0,3,0.0,10.5,4,-0.7324429743133156,-10.474422527728152
2019-01-25 07:00:00,15.0,93,13.8,0.0,4,0.0,10.2,10,-1.7712114122026892,-10.04503908072452
2019-01-25 08:00:00,16.1,90,14.4,0.0,2,56.0,10.9,6,-1.1393602496174229,-10.84028865951418
2019-01-25 09:00:00,18.5,80,14.9,0.0,6,229.0,10.1,2,-0.3524849166952598,-10.093847352892867
2019-01-25 10:00:00,20.3,70,14.6,0.0,4,403.0,8.6,360,2.1063924945334478e-15,-8.6
2019-01-25 11:00:00,21.3,67,14.9,0.0,1,507.0,7.7,349,1.469229264399394,-7.558529312547013
2019-01-25 12:00:00,22.2,65,15.2,0.0,0,620.0,10.0,339,3.583679495453008,-9.335804264972015
2019-01-25 13:00:00,22.6,63,15.2,0.0,0,629.0,14.4,338,5.394334945189138,-13.351447505761737
2019-01-25 14:00:00,22.7,62,15.0,0.0,0,572.0,17.9,345,4.63286090733512,-17.290072290574322
2019-01-25 15:00:00,22.5,62,15.0,0.0,0,463.0,20.4,352,2.839131259585344,-20.20146860232803
2019-01-25 16:00:00,21.8,64,14.7,0.0,0,294.0,21.6,356,1.506739832873114,-21.547383485612205
2019-01-25 17:00:00,20.6,69,14.6,0.0,0,123.0,19.8,358,0.6910100347095163,-19.787938374978097
2019-01-25 18:00:00,19.0,75,14.4,0.0,0,10.0,18.4,357,0.9629815948701764,-18.37478343948416
2019-01-25 19:00:00,18.0,79,14.4,0.0,0,0.0,18.0,1,-0.3141433158711032,-17.997258512815044
2019-01-25 20:00:00,17.4,82,14.3,0.0,0,0.0,17.7,4,-1.2346895852710178,-17.65688368959889
2019-01-25 21:00:00,17.1,84,14.3,0.0,0,0.0,17.7,5,-1.5426566466335494,-17.632646156223895
2019-01-25 22:00:00,16.8,85,14.3,0.0,0,0.0,16.6,5,-1.4467853296111255,-16.536831988322977
2019-01-25 23:00:00,16.5,86,14.1,0.0,0,0.0,15.9,5,-1.3857763096877649,-15.839495699658755
2019-01-26 00:00:00,16.3,86,13.9,0.0,0,0.0,15.9,4,-1.1091279325315924,-15.861268399131204
2019-01-26 01:00:00,16.1,86,13.7,0.0,0,0.0,15.5,5,-1.3509140125887016,-15.441017820422056
2019-01-26 02:00:00,15.9,85,13.4,0.0,0,0.0,14.5,6,-1.5156627173809754,-14.420567482839962
2019-01-26 03:00:00,15.9,86,13.6,0.0,0,0.0,14.5,6,-1.5156627173809754,-14.420567482839962
2019-01-26 04:00:00,15.7,86,13.4,0.0,0,0.0,15.9,5,-1.3857763096877649,-15.839495699658755
2019-01-26 05:00:00,15.6,85,13.0,0.0,1,0.0,16.7,7,-2.035218034865963,-16.575520732410077
2019-01-26 06:00:00,15.4,83,12.6,0.0,2,0.0,18.1,5,-1.577518943732613,-18.0311240354606
2019-01-26 07:00:00,15.4,82,12.3,0.0,1,0.0,19.2,6,-2.0069464947389464,-19.094820391070847
2019-01-26 08:00:00,16.3,78,12.4,0.0,7,58.0,20.9,4,-1.4579103012522188,-20.849088650430325
2019-01-26 09:00:00,17.7,70,12.2,0.0,13,184.0,22.9,7,-2.790807963977877,-22.72930687258627
2019-01-26 10:00:00,18.8,64,11.9,0.0,16,318.0,22.4,6,-2.3414375771954377,-22.27729045624932
2019-01-26 11:00:00,19.5,60,11.6,0.0,20,381.0,23.1,4,-1.6113745434892943,-23.04372956100194
2019-01-26 12:00:00,20.1,58,11.4,0.0,29,424.0,24.5,3,-1.282230927952124,-24.466423601487055
2019-01-26 13:00:00,20.2,56,11.3,0.0,31,436.0,25.2,2,-0.8794673169030244,-25.184648840881213
2019-01-26 14:00:00,20.2,56,11.2,0.0,31,372.0,25.6,2,-0.8934271155840249,-25.584405171688854
2019-01-26 15:00:00,19.7,55,10.4,0.0,35,253.0,25.6,1,-0.4467816047944579,-25.596100996003617
2019-01-26 16:00:00,18.9,57,10.3,0.0,39,169.0,24.5,1,-0.427583957713446,-24.496268531331587
2019-01-26 17:00:00,18.0,61,10.3,0.0,41,76.0,22.0,360,5.388445916248354e-15,-22.0
2019-01-26 18:00:00,16.8,65,10.2,0.0,61,6.0,22.0,2,-0.7677889274550214,-21.986598194420107
2019-01-26 19:00:00,16.2,67,10.1,0.0,58,0.0,21.3,4,-1.4858128907498689,-21.248114270534256
2019-01-26 20:00:00,15.9,68,10.0,0.0,60,0.0,20.5,1,-0.3577743319643119,-20.49687775070602
2019-01-26 21:00:00,15.8,68,10.0,0.0,59,0.0,19.8,360,4.849601324623519e-15,-19.8
2019-01-26 22:00:00,15.7,69,9.9,0.0,55,0.0,18.7,358,0.6526205883367654,-18.68860846525709
2019-01-26 23:00:00,15.5,69,9.9,0.0,60,0.0,18.4,358,0.6421507393260151,-18.38879121715136
2019-01-27 00:00:00,15.4,70,9.9,0.0,59,0.0,17.6,359,0.3071623532961907,-17.59731943475249
2019-01-27 01:00:00,15.5,70,9.9,0.0,62,0.0,16.9,359,0.2949456687900921,-16.89742604814301
2019-01-27 02:00:00,15.4,70,10.0,0.0,53,0.0,16.2,360,3.967855629237425e-15,-16.2
2019-01-27 03:00:00,15.7,70,10.1,0.0,53,0.0,16.2,360,3.967855629237425e-15,-16.2
2019-01-27 04:00:00,15.8,70,10.2,0.0,60,0.0,16.9,1,-0.2949456687900913,-16.89742604814301
2019-01-27 05:00:00,15.8,70,10.3,0.0,61,0.0,16.9,2,-0.5898014942722664,-16.889704976622717
2019-01-27 06:00:00,15.7,70,10.3,0.0,61,0.0,17.0,4,-1.18586005365013,-16.958588854417012
2019-01-27 07:00:00,15.6,71,10.4,0.0,60,0.0,15.6,7,-1.9011617571203008,-15.483719965604624
2019-01-27 08:00:00,16.2,70,10.6,0.0,59,39.0,15.1,3,-0.7902729392684519,-15.079305974794064
2019-01-27 09:00:00,17.1,66,10.8,0.0,57,106.0,15.1,360,3.698433333425007e-15,-15.1
2019-01-27 10:00:00,18.3,62,10.8,0.0,46,237.0,13.7,357,0.7170026005283379,-13.68122462613766
2019-01-27 11:00:00,19.2,59,11.0,0.0,38,335.0,13.1,351,2.0492914920270278,-12.938717261796302
2019-01-27 12:00:00,20.0,57,11.2,0.0,41,494.0,13.9,350,2.4137096695703324,-13.688827766869691
2019-01-27 13:00:00,20.3,56,11.2,0.0,38,456.0,14.6,351,2.283943189587374,-14.42024977268901
2019-01-27 14:00:00,20.5,55,11.1,0.0,39,421.0,14.8,354,1.5470212563612706,-14.718924051450443
2019-01-27 15:00:00,20.7,55,11.3,0.0,26,347.0,14.8,356,1.0323958114130594,-14.763947943845398
2019-01-27 16:00:00,20.3,56,11.1,0.0,19,230.0,15.5,357,0.8112073217656377,-15.478757788695894
2019-01-27 17:00:00,19.4,59,11.3,0.0,14,88.0,14.4,360,3.5269827815443773e-15,-14.4
2019-01-27 18:00:00,17.9,65,11.3,0.0,16,9.0,13.2,11,-2.518678738970391,-12.957478821509165
2019-01-27 19:00:00,16.8,70,11.3,0.0,4,0.0,12.0,9,-1.8772135804827703,-11.852260087141651
2019-01-27 20:00:00,16.2,73,11.3,0.0,4,0.0,11.2,4,-0.7812725059342034,-11.17271736291003
2019-01-27 21:00:00,15.9,75,11.4,0.0,0,0.0,10.4,360,2.547265342226495e-15,-10.4
2019-01-27 22:00:00,15.6,76,11.5,0.0,2,0.0,9.4,360,2.3023359823970247e-15,-9.4
2019-01-27 23:00:00,15.4,78,11.6,0.0,0,0.0,9.0,360,2.204364238465236e-15,-9.0
2019-01-28 00:00:00,15.3,79,11.7,0.0,1,0.0,9.0,358,0.3140954703225074,-8.994517443171862
2019-01-28 01:00:00,15.1,81,11.8,0.0,1,0.0,8.6,360,2.1063924945334478e-15,-8.6
2019-01-28 02:00:00,15.0,82,11.9,0.0,1,0.0,9.0,360,2.204364238465236e-15,-9.0
2019-01-28 03:00:00,14.8,85,12.3,0.0,0,0.0,9.7,4,-0.6766377953180154,-9.676371287520292
2019-01-28 04:00:00,14.6,87,12.4,0.0,0,0.0,9.9,10,-1.7191169589026103,-9.74959675482086
2019-01-28 05:00:00,14.3,87,12.3,0.0,1,0.0,10.0,15,-2.5881904510252074,-9.659258262890685
2019-01-28 06:00:00,14.1,88,12.1,0.0,0,0.0,10.2,8,-1.419565629792667,-10.100734301164016
2019-01-28 07:00:00,14.0,88,12.0,0.0,0,1.0,10.0,15,-2.5881904510252074,-9.659258262890685
2019-01-28 08:00:00,15.4,83,12.6,0.0,0,68.0,11.0,11,-2.0988989491419927,-10.797899017924305
2019-01-28 09:00:00,18.1,71,12.7,0.0,0,239.0,9.4,7,-1.1455718280083864,-9.329933825428428
2019-01-28 10:00:00,19.8,62,12.2,0.0,0,411.0,7.9,360,1.934941942652818e-15,-7.9
2019-01-28 11:00:00,20.9,58,12.2,0.0,0,549.0,6.7,344,1.8467702839738929,-6.440453362786736
2019-01-28 12:00:00,21.7,54,11.9,0.0,0,626.0,7.1,336,2.887830165838181,-6.486172749262467
2019-01-28 13:00:00,22.1,53,12.0,0.0,0,636.0,8.5,332,3.990508283680072,-7.505054539300879
2019-01-28 14:00:00,22.3,53,12.2,0.0,0,571.0,10.4,340,3.5570094905869536,-9.772803256173448
2019-01-28 15:00:00,22.3,52,11.8,0.0,0,451.0,11.8,340,4.0358376912428895,-11.08837292527372
2019-01-28 16:00:00,21.7,54,12.0,0.0,0,296.0,14.0,348,2.9107636714486382,-13.694066410273278
2019-01-28 17:00:00,20.6,59,12.4,0.0,0,126.0,12.6,358,0.4397336584515103,-12.592324420440606
2019-01-28 18:00:00,18.8,67,12.6,0.0,0,12.0,10.5,8,-1.4613175600806871,-10.397814721786489
2019-01-28 19:00:00,17.5,74,12.8,0.0,0,0.0,10.1,17,-2.952954217699641,-9.658678035226655
2019-01-28 20:00:00,16.7,79,13.1,0.0,0,0.0,9.1,18,-2.8120546488120213,-8.654614298285896
2019-01-28 21:00:00,16.2,82,13.2,0.0,0,0.0,9.4,23,-3.6728726077991736,-8.65274562245294
2019-01-28 22:00:00,15.9,84,13.1,0.0,0,0.0,10.6,28,-4.976398565530443,-9.359244484304623
2019-01-28 23:00:00,15.5,85,13.0,0.0,0,0.0,9.5,37,-5.717242719944458,-7.587037345449282
2019-01-29 00:00:00,15.0,87,12.8,0.0,0,0.0,8.9,43,-6.069785404556237,-6.509047944410617
2019-01-29 01:00:00,14.5,88,12.5,0.0,0,0.0,8.7,45,-6.151828996322964,-6.151828996322964
2019-01-29 02:00:00,14.3,88,12.4,0.0,0,0.0,8.9,40,-5.7208097262102,-6.817795543758905
2019-01-29 03:00:00,14.2,86,11.9,0.0,0,0.0,9.2,31,-4.738350289172498,-7.885939166459432
2019-01-29 04:00:00,14.2,86,11.9,0.0,0,0.0,9.0,23,-3.516580156403464,-8.284543681071963
2019-01-29 05:00:00,14.0,87,11.9,0.0,0,0.0,9.0,23,-3.516580156403464,-8.284543681071963
2019-01-29 06:00:00,13.8,88,11.8,0.0,0,0.0,9.3,13,-2.092044805397945,-9.06164160250269
2019-01-29 07:00:00,13.8,88,11.8,0.0,0,1.0,9.7,15,-2.510544737494451,-9.369480515003962
2019-01-29 08:00:00,15.6,82,12.6,0.0,0,72.0,12.3,15,-3.183474254761005,-11.88088766335554
2019-01-29 09:00:00,18.7,69,12.8,0.0,0,246.0,11.0,11,-2.0988989491419927,-10.797899017924305
2019-01-29 10:00:00,20.6,57,11.7,0.0,0,425.0,10.9,8,-1.5169868004647131,-10.793921949283115
2019-01-29 11:00:00,22.0,50,11.0,0.0,0,563.0,9.7,358,0.3385251180142579,-9.694091022085228
2019-01-29 12:00:00,22.9,44,9.9,0.0,0,635.0,9.5,349,1.8126854560771744,-9.325458242752807
2019-01-29 13:00:00,23.3,42,9.8,0.0,0,632.0,10.9,343,3.186851581477835,-10.423721839997086
2019-01-29 14:00:00,23.4,44,10.3,0.0,0,609.0,13.0,346,3.1449846427956825,-12.613844441587954
2019-01-29 15:00:00,23.1,46,10.8,0.0,0,467.0,14.3,350,2.4831689406371047,-14.082750868074577
2019-01-29 16:00:00,22.5,49,11.4,0.0,0,307.0,13.8,354,1.442492793093617,-13.724402156082173
2019-01-29 17:00:00,21.4,57,12.4,0.0,0,131.0,10.8,358,0.3769145643870089,-10.793420931806237
2019-01-29 18:00:00,19.7,65,13.0,0.0,0,12.0,10.1,2,-0.3524849166952598,-10.093847352892867
2019-01-29 19:00:00,18.3,74,13.6,0.0,0,0.0,10.7,12,-2.2246550917500247,-10.46617932785172
2019-01-29 20:00:00,17.6,80,14.1,0.0,0,0.0,9.4,18,-2.9047597471245057,-8.939931253174443
2019-01-29 21:00:00,17.1,84,14.4,0.0,0,0.0,9.1,18,-2.8120546488120213,-8.654614298285896
2019-01-29 22:00:00,16.7,87,14.5,0.0,1,0.0,9.0,16,-2.4807362023529924,-8.65135526344487
2019-01-29 23:00:00,16.4,88,14.5,0.0,3,0.0,8.3,18,-2.564841053312064,-7.893769085249775
2019-01-30 00:00:00,16.1,90,14.4,0.0,0,0.0,7.8,22,-2.921931428644114,-7.232034065620942
2019-01-30 01:00:00,15.8,91,14.2,0.0,1,0.0,6.9,28,-3.2393537832226467,-6.092338390726597
2019-01-30 02:00:00,15.6,90,14.0,0.0,0,0.0,5.6,27,-2.5423467985414616,-4.98963653545486
2019-01-30 03:00:00,15.1,91,13.7,0.0,3,0.0,6.0,17,-1.7542302283364206,-5.737828535778212
2019-01-30 04:00:00,15.0,92,13.7,0.0,5,0.0,7.0,12,-1.4553818357243151,-6.84703320513664
2019-01-30 05:00:00,15.1,92,13.7,0.0,4,0.0,8.5,12,-1.7672493719509543,-8.314254606237348
2019-01-30 06:00:00,15.1,92,13.8,0.0,5,0.0,10.0,13,-2.24951054343865,-9.743700647852352
2019-01-30 07:00:00,15.2,91,13.8,0.0,6,1.0,10.4,14,-2.5159877142365445,-10.091075553270365
2019-01-30 08:00:00,16.7,86,14.3,0.0,0,65.0,11.0,11,-2.0988989491419927,-10.797899017924305
2019-01-30 09:00:00,19.4,73,14.5,0.0,0,224.0,9.1,7,-1.109011024986842,-9.032169979936029
2019-01-30 10:00:00,21.4,59,13.2,0.0,0,391.0,8.3,2,-0.2896658226307581,-8.294943864258496
2019-01-30 11:00:00,22.7,55,13.1,0.0,0,522.0,8.0,352,1.113384807680527,-7.922144549932562
2019-01-30 12:00:00,23.5,50,12.4,0.0,0,617.0,8.9,346,2.153104870837044,-8.635631963856369
2019-01-30 13:00:00,23.9,48,12.1,0.0,0,624.0,10.6,342,3.275580140374445,-10.081199072728626
2019-01-30 14:00:00,23.9,48,12.2,0.0,1,575.0,11.9,346,2.878870557636048,-11.54651914268436
2019-01-30 15:00:00,24.0,47,12.1,0.0,3,412.0,13.4,354,1.4006814077865557,-13.326593397934865
2019-01-30 16:00:00,23.6,49,12.2,0.0,5,274.0,13.3,2,-0.4641633061432629,-13.291897999353974
2019-01-30 17:00:00,22.6,54,12.8,0.0,2,118.0,9.9,10,-1.7191169589026103,-9.74959675482086
2019-01-30 18:00:00,21.0,60,12.9,0.0,6,12.0,10.0,15,-2.5881904510252074,-9.659258262890685
2019-01-30 19:00:00,19.7,66,13.3,0.0,5,0.0,9.0,23,-3.516580156403464,-8.284543681071963
2019-01-30 20:00:00,18.8,72,13.7,0.0,9,0.0,9.2,26,-4.033014550459511,-8.268905225952336
2019-01-30 21:00:00,18.1,76,13.9,0.0,22,0.0,8.5,36,-4.996174644486022,-6.876644452187053
2019-01-30 22:00:00,17.4,80,13.8,0.0,19,0.0,5.7,55,-4.669166652447253,-3.2693856872009626
2019-01-30 23:00:00,16.6,83,13.7,0.0,25,0.0,3.5,66,-3.197409101749103,-1.4235782507653008
2019-01-31 00:00:00,16.0,85,13.5,0.0,16,0.0,3.1,69,-2.8940993221413254,-1.1109406435904312
2019-01-31 01:00:00,15.1,88,13.2,0.0,26,0.0,3.4,72,-3.233592155403522,-1.0506577808748212
2019-01-31 02:00:00,14.4,90,12.8,0.0,17,0.0,3.2,63,-2.851220877402777,-1.45276959916655
2019-01-31 03:00:00,15.2,86,12.9,0.0,12,0.0,3.3,49,-2.490541614735148,-2.1649947956686737
2019-01-31 04:00:00,14.6,87,12.5,0.0,8,0.0,3.6,45,-2.5455844122715714,-2.5455844122715714
2019-01-31 05:00:00,14.2,88,12.2,0.0,2,0.0,4.4,35,-2.523736319944603,-3.604268994871564
2019-01-31 06:00:00,13.9,88,11.9,0.0,2,0.0,6.9,28,-3.2393537832226467,-6.092338390726597
2019-01-31 07:00:00,13.9,87,11.8,0.0,2,1.0,7.9,30,-3.95,-6.841600689897066
2019-01-31 08:00:00,17.2,77,13.2,0.0,4,72.0,9.2,39,-5.789747597658503,-7.149742845404131
2019-01-31 09:00:00,22.3,57,13.5,0.0,1,231.0,8.3,34,-4.6413010988072,-6.881011852206847
2019-01-31 10:00:00,24.0,54,14.2,0.0,1,378.0,9.2,26,-4.033014550459511,-8.268905225952336
2019-01-31 11:00:00,25.0,53,14.7,0.0,1,547.0,8.7,7,-1.060263287624783,-8.6351515192795
2019-01-31 12:00:00,25.8,52,15.3,0.0,0,634.0,9.5,349,1.8126854560771744,-9.325458242752807
2019-01-31 13:00:00,26.3,51,15.3,0.0,1,639.0,11.4,342,3.522793735874404,-10.84204428576475
2019-01-31 14:00:00,26.6,49,15.2,0.0,2,547.0,15.4,339,5.518866422997632,-14.377138568056903
2019-01-31 15:00:00,26.7,48,14.9,0.0,1,460.0,19.3,339,6.916501426224305,-18.01810223139599
2019-01-31 16:00:00,25.9,54,15.8,0.0,1,302.0,19.1,340,6.532584737520271,-17.948129057010853
2019-01-31 17:00:00,24.5,62,16.8,0.0,4,128.0,16.7,341,5.4369881794345165,-15.79016021250859
2019-01-31 18:00:00,22.8,71,17.3,0.0,1,13.0,14.2,339,5.08882488354327,-13.25684205626026
2019-01-31 19:00:00,21.6,78,17.6,0.0,2,0.0,15.4,349,2.938458528798788,-15.117058625094026
2019-01-31 20:00:00,20.9,78,16.9,0.0,3,0.0,17.3,1,-0.3019266313650047,-17.29736512620557
2019-01-31 21:00:00,20.1,76,15.8,0.0,4,0.0,16.6,4,-1.15795746415248,-16.55956323431308
2019-01-31 22:00:00,19.3,78,15.4,0.0,5,0.0,15.1,1,-0.263531337202981,-15.097700196861508
2019-01-31 23:00:00,18.4,81,15.1,0.0,0,0.0,16.6,359,0.2897099468589071,-16.597471739596095
2019-02-01 00:00:00,17.7,82,14.6,0.0,8,0.0,17.3,360,4.237277925049842e-15,-17.3
2019-02-01 01:00:00,17.0,83,14.2,0.0,8,0.0,17.7,2,-0.6177210916342671,-17.689217638237995
2019-02-01 02:00:00,16.6,82,13.6,0.0,30,0.0,17.3,1,-0.3019266313650047,-17.29736512620557
2019-02-01 03:00:00,16.7,82,13.7,0.0,50,0.0,18.0,1,-0.3141433158711032,-17.997258512815044
2019-02-01 04:00:00,16.5,82,13.4,0.0,97,0.0,18.4,360,4.506700220862259e-15,-18.4
2019-02-01 05:00:00,16.4,81,13.1,0.0,100,0.0,19.4,360,4.75162958069173e-15,-19.4
2019-02-01 06:00:00,16.4,80,12.9,0.0,100,0.0,18.7,358,0.6526205883367654,-18.68860846525709
2019-02-01 07:00:00,16.5,79,12.8,0.0,100,0.0,19.8,359,0.3455576474582145,-19.79698436409655
2019-02-01 08:00:00,17.0,77,12.9,0.0,100,28.0,21.6,359,0.3769719790453249,-21.596710215378053
2019-02-01 09:00:00,17.8,73,13.0,0.0,100,98.0,22.7,359,0.3961696261263368,-22.69654268005008
2019-02-01 10:00:00,18.8,69,13.1,0.0,100,175.0,23.8,360,5.8293187639414016e-15,-23.8
2019-02-01 11:00:00,19.7,66,13.1,0.0,100,270.0,23.8,360,5.8293187639414016e-15,-23.8
2019-02-01 12:00:00,20.2,64,13.2,0.0,100,345.0,23.1,3,-1.2089605892120026,-23.068342252830657
2019-02-01 13:00:00,20.6,63,13.2,0.0,95,273.0,21.3,3,-1.1147558679747036,-21.270809090272422
2019-02-01 14:00:00,20.8,62,13.2,0.0,76,361.0,19.8,360,4.849601324623519e-15,-19.8
2019-02-01 15:00:00,20.4,64,13.4,0.0,80,283.0,19.1,359,0.333340962952116,-19.097090977487078
2019-02-01 16:00:00,20.1,65,13.3,0.0,77,146.0,18.4,360,4.506700220862259e-15,-18.4
2019-02-01 17:00:00,19.4,67,13.1,0.0,72,88.0,15.5,3,-0.8112073217656295,-15.478757788695894
2019-02-01 18:00:00,18.5,71,13.1,0.0,87,10.0,14.1,3,-0.737936983025508,-14.080676440039491
2019-02-01 19:00:00,17.6,75,13.1,0.0,69,0.0,13.3,3,-0.696068218031153,-13.281772812235833
2019-02-01 20:00:00,17.3,77,13.2,0.0,78,0.0,13.3,360,3.25756048573196e-15,-13.3
2019-02-01 21:00:00,17.1,78,13.3,0.0,99,0.0,13.3,357,0.6960682180311601,-13.281772812235833
2019-02-01 22:00:00,17.1,79,13.4,0.0,59,0.0,12.3,357,0.6437322617882157,-12.283143277481258
2019-02-01 23:00:00,16.9,80,13.5,0.0,54,0.0,11.2,354,1.1707187885977182,-11.13864522812466
2019-02-02 00:00:00,17.0,80,13.6,0.0,43,0.0,10.9,352,1.5169868004647182,-10.793921949283115
2019-02-02 01:00:00,16.9,81,13.7,0.0,45,0.0,10.8,358,0.3769145643870089,-10.793420931806237
2019-02-02 02:00:00,16.8,83,13.8,0.0,44,0.0,10.4,2,-0.3629547657060101,-10.393664600998596
2019-02-02 03:00:00,17.0,83,14.1,0.0,43,0.0,9.7,4,-0.6766377953180154,-9.676371287520292
2019-02-02 04:00:00,16.7,85,14.1,0.0,43,0.0,9.5,9,-1.4861274178821933,-9.38303923565381
2019-02-02 05:00:00,16.4,86,14.1,0.0,31,0.0,8.4,10,-1.458644692402215,-8.272385125302547
2019-02-02 06:00:00,16.4,87,14.1,0.0,30,0.0,7.7,11,-1.469229264399395,-7.558529312547013
2019-02-02 07:00:00,16.3,88,14.2,0.0,23,1.0,7.1,15,-1.8376152202278973,-6.858073366652385
2019-02-02 08:00:00,17.8,82,14.7,0.0,19,46.0,8.4,10,-1.458644692402215,-8.272385125302547
2019-02-02 09:00:00,20.0,72,14.8,0.0,16,187.0,7.6,8,-1.0577155672964973,-7.5260373224359345
2019-02-02 10:00:00,21.3,67,15.0,0.0,11,385.0,5.2,344,1.4333142502483949,-4.998560818879258
2019-02-02 11:00:00,22.4,64,15.2,0.0,2,535.0,5.4,312,4.012982057577931,-3.613305274337832
2019-02-02 12:00:00,23.3,61,15.4,0.0,6,624.0,5.8,300,5.022947341949744,-2.9000000000000004
2019-02-02 13:00:00,23.8,60,15.6,0.0,11,653.0,6.4,297,5.702441754805555,-2.9055391983330985
2019-02-02 14:00:00,23.9,61,15.8,0.0,4,554.0,8.2,293,7.548139798310011,-3.2039952536120424
2019-02-02 15:00:00,23.6,63,16.2,0.0,15,391.0,9.4,302,7.971652103870405,-4.981241083792124
2019-02-02 16:00:00,23.2,66,16.4,0.0,14,245.0,10.4,314,7.481133923521972,-7.224447052773572
2019-02-02 17:00:00,22.4,69,16.4,0.0,7,118.0,9.8,332,4.60082131530173,-8.652886410017485
2019-02-02 18:00:00,21.3,73,16.4,0.0,0,14.0,8.9,339,3.189474750953177,-8.308865795825094
2019-02-02 19:00:00,20.3,78,16.3,0.0,8,0.0,7.5,343,2.1927877854205287,-7.172285669722765
2019-02-02 20:00:00,19.3,83,16.2,0.0,8,0.0,7.2,357,0.3768188849491994,-7.190132650232932
2019-02-02 21:00:00,18.6,86,16.2,0.0,8,0.0,7.2,6,-0.7526049355271051,-7.160557646651568
2019-02-02 22:00:00,17.9,90,16.1,0.0,2,0.0,7.0,12,-1.4553818357243151,-6.84703320513664
2019-02-02 23:00:00,17.2,93,16.0,0.0,0,0.0,5.6,15,-1.449386652574116,-5.409184627218783
2019-02-03 00:00:00,16.5,96,15.9,0.0,8,0.0,4.7,9,-0.7352419856890852,-4.642135200797148
2019-02-03 01:00:00,16.6,96,16.0,0.0,7,0.0,3.9,338,1.460965714322058,-3.616017032810471
2019-02-03 02:00:00,17.1,95,16.3,0.0,10,0.0,2.3,321,1.447436899414627,-1.7874357113510322
2019-02-03 03:00:00,18.5,88,16.4,0.0,7,0.0,0.5,45,-0.3535533905932738,-0.3535533905932738
2019-02-03 04:00:00,18.0,90,16.3,0.0,10,0.0,1.1,90,-1.1,-6.735557395310444e-17
2019-02-03 05:00:00,17.3,92,16.0,0.0,23,0.0,2.7,67,-2.485363104321589,-1.0549740469210391
2019-02-03 06:00:00,16.6,94,15.7,0.0,25,0.0,3.1,54,-2.5079526825623373,-1.8221342821066668
2019-02-03 07:00:00,17.1,94,16.1,0.0,19,1.0,3.8,49,-2.8678964048465336,-2.493024310163928
2019-02-03 08:00:00,19.2,91,17.6,0.0,31,55.0,4.1,52,-3.23084408978756,-2.524212048835199
2019-02-03 09:00:00,22.6,78,18.6,0.0,27,182.0,2.6,146,-1.453901549023942,2.1554976886431083
2019-02-03 10:00:00,24.8,70,18.9,0.0,33,331.0,9.8,188,1.3638963894086422,9.704627073667387
2019-02-03 11:00:00,26.1,65,19.0,0.0,40,427.0,15.4,191,2.938458528798789,15.117058625094026
2019-02-03 12:00:00,27.0,62,19.1,0.0,60,460.0,19.4,190,3.368774646738451,19.105270408436837
2019-02-03 13:00:00,26.8,64,19.5,0.2,62,356.0,20.9,195,5.409318042642684,20.187849769441527
2019-02-03 14:00:00,26.6,67,19.9,0.3,54,446.0,20.5,198,6.33484838468642,19.49665858405065
2019-02-03 15:00:00,25.7,71,20.0,0.4,53,277.0,18.0,200,6.156362579862035,16.914467174146353
2019-02-03 16:00:00,25.4,73,20.2,0.1,54,165.0,16.3,198,5.0369770083116405,15.502221215611003
2019-02-03 17:00:00,24.7,77,20.3,0.0,59,67.0,12.2,194,2.9514471263159434,11.837607860567156
2019-02-03 18:00:00,23.7,81,20.3,0.0,53,9.0,7.9,180,-9.67470971326409e-16,7.9
2019-02-03 19:00:00,22.8,86,20.3,0.0,40,0.0,7.2,180,-8.817456953860943e-16,7.2
2019-02-03 20:00:00,22.4,88,20.3,0.0,52,0.0,7.3,169,-1.3929056662487782,7.165878439167947
2019-02-03 21:00:00,22.1,89,20.2,0.0,49,0.0,8.6,158,-3.221616703376845,7.97378114927437
2019-02-03 22:00:00,21.8,90,20.0,0.0,87,0.0,8.2,157,-3.2039952536120446,7.54813979831001
2019-02-03 23:00:00,21.5,91,19.9,0.0,45,0.0,8.5,152,-3.990508283680071,7.505054539300879
2019-02-04 00:00:00,21.0,92,19.7,0.0,46,0.0,9.2,154,-4.033014550459511,8.268905225952336
2019-02-04 01:00:00,20.4,93,19.3,0.0,62,0.0,6.4,137,-4.36478950439999,4.680663690362692
2019-02-04 02:00:00,20.0,95,19.1,0.0,48,0.0,3.3,96,-3.281922254715301,0.3449439287832567
2019-02-04 03:00:00,20.2,95,19.3,0.3,78,0.0,4.3,85,-4.283637201794505,-0.3747696938149299
2019-02-04 04:00:00,20.0,93,18.9,0.2,57,0.0,5.9,79,-5.791600382341218,-1.125773072721615
2019-02-04 05:00:00,20.2,92,18.9,0.0,48,0.0,6.5,84,-6.4643923198937765,-0.6794350112397475
2019-02-04 06:00:00,20.2,92,18.8,0.1,76,0.0,4.7,99,-4.642135200797148,0.7352419856890848
2019-02-04 07:00:00,20.1,92,18.7,0.3,66,0.0,6.1,90,-6.1,-3.735172737399427e-16
2019-02-04 08:00:00,21.3,91,19.8,0.2,65,40.0,5.9,79,-5.791600382341218,-1.125773072721615
2019-02-04 09:00:00,23.0,81,19.7,0.2,66,169.0,6.2,21,-2.221881287180861,-5.788198644282651
2019-02-04 10:00:00,23.5,80,19.9,0.1,70,185.0,9.7,4,-0.6766377953180154,-9.676371287520292
2019-02-04 11:00:00,23.7,79,19.9,0.2,61,241.0,11.6,353,1.4136843834997077,-11.513535359039336
2019-02-04 12:00:00,24.0,79,20.1,0.1,47,294.0,13.2,349,2.5186787389703893,-12.957478821509165
2019-02-04 13:00:00,23.9,75,19.2,0.2,52,269.0,15.5,348,3.222631207675278,-15.161287811373986
2019-02-04 14:00:00,23.7,75,19.0,0.0,57,313.0,17.2,349,3.281914720476568,-16.883987555299818
2019-02-04 15:00:00,23.4,72,18.1,0.2,64,282.0,17.0,356,1.1858600536501358,-16.958588854417012
2019-02-04 16:00:00,22.8,73,17.7,0.0,56,183.0,15.8,1,-0.2757480217090794,-15.797593583470984
2019-02-04 17:00:00,22.2,76,17.7,0.0,61,87.0,13.0,3,-0.6803674311582698,-12.98218395180946
2019-02-04 18:00:00,21.2,80,17.6,0.0,51,10.0,12.2,2,-0.4257738597705118,-12.192568089632967
2019-02-04 19:00:00,20.3,84,17.6,0.0,53,0.0,13.0,358,0.4536934571325107,-12.992080751248244
2019-02-04 20:00:00,19.7,86,17.4,0.0,54,0.0,13.0,358,0.4536934571325107,-12.992080751248244
2019-02-04 21:00:00,19.4,87,17.2,0.0,61,0.0,13.3,357,0.6960682180311601,-13.281772812235833
2019-02-04 22:00:00,19.3,88,17.2,0.0,67,0.0,14.5,354,1.5156627173809745,-14.420567482839962
2019-02-04 23:00:00,18.9,89,17.0,0.0,76,0.0,14.8,354,1.5470212563612706,-14.718924051450443
2019-02-05 00:00:00,18.8,89,17.0,0.0,93,0.0,14.4,356,1.0044932219154092,-14.36492232374147
2019-02-05 01:00:00,18.6,90,16.9,0.0,100,0.0,14.2,353,1.7305446763530905,-14.094155353306771
2019-02-05 02:00:00,18.5,90,16.8,0.3,100,0.0,14.9,353,1.8158532167366936,-14.7889376594557
2019-02-05 03:00:00,18.5,91,16.9,0.7,100,0.0,14.1,356,0.9835662797921716,-14.06565310866352
2019-02-05 04:00:00,18.3,91,16.9,0.7,100,0.0,14.4,356,1.0044932219154092,-14.36492232374147
2019-02-05 05:00:00,18.2,92,16.8,0.8,100,0.0,14.1,354,1.473851332073913,-14.022758724692652
2019-02-05 06:00:00,18.2,91,16.8,0.6,100,0.0,15.2,355,1.3247672897644065,-15.142159410994532
2019-02-05 07:00:00,18.3,92,16.9,0.6,100,0.0,15.5,356,1.0812253430339474,-15.462242779027276
2019-02-05 08:00:00,18.9,91,17.3,0.6,100,50.0,16.6,355,1.4467853296111282,-16.536831988322977
2019-02-05 09:00:00,20.0,86,17.7,0.4,100,125.0,16.6,356,1.1579574641524857,-16.55956323431308
2019-02-05 10:00:00,21.2,81,17.9,0.3,100,255.0,15.1,360,3.698433333425007e-15,-15.1
2019-02-05 11:00:00,22.6,75,18.0,0.1,83,449.0,12.2,360,2.9881381899195417e-15,-12.2
2019-02-05 12:00:00,23.3,74,18.3,0.0,74,513.0,9.0,358,0.3140954703225074,-8.994517443171862
2019-02-05 13:00:00,23.7,73,18.6,0.0,91,450.0,6.3,347,1.4171916423663515,-6.1385314081469815
2019-02-05 14:00:00,23.7,73,18.7,0.0,100,367.0,5.2,335,2.197614961051636,-4.71280049259058
2019-02-05 15:00:00,23.7,72,18.4,0.2,96,261.0,4.4,325,2.523736319944605,-3.604268994871563
2019-02-05 16:00:00,23.6,72,18.3,0.1,95,202.0,4.1,322,2.5242120488351985,-3.23084408978756
2019-02-05 17:00:00,23.1,75,18.4,0.0,100,71.0,5.2,326,2.907803098047882,-4.3109953772862175
2019-02-05 18:00:00,22.4,78,18.4,0.1,53,11.0,7.0,339,2.508575646817105,-6.535062985480411
2019-02-05 19:00:00,21.1,84,18.2,0.0,20,0.0,8.6,345,2.225843787881678,-8.306962106085987
2019-02-05 20:00:00,20.4,87,18.1,0.0,28,0.0,9.2,349,1.7554427574642109,-9.030970087718508
2019-02-05 21:00:00,19.8,88,17.7,0.0,15,0.0,8.0,355,0.6972459419812665,-7.969557584733964
2019-02-05 22:00:00,19.4,89,17.6,0.0,6,0.0,7.5,343,2.1927877854205287,-7.172285669722765
2019-02-05 23:00:00,18.9,90,17.3,0.0,0,0.0,8.7,336,3.538608794759461,-7.947845481490628
2019-02-06 00:00:00,18.7,91,17.2,0.0,0,0.0,10.2,337,3.985457510590593,-9.38914950521489
2019-02-06 01:00:00,18.6,91,17.2,0.0,2,0.0,11.7,342,3.615498834186888,-11.127361240653295
2019-02-06 02:00:00,18.6,90,17.0,0.0,2,0.0,11.3,351,1.7677094549546115,-11.160878248725057
2019-02-06 03:00:00,18.6,89,16.7,0.0,1,0.0,10.9,352,1.5169868004647182,-10.793921949283115
2019-02-06 04:00:00,18.4,90,16.7,0.0,0,0.0,10.6,350,1.840670683269462,-10.438962181929403
2019-02-06 05:00:00,18.2,91,16.7,0.0,0,0.0,9.2,349,1.7554427574642109,-9.030970087718508
2019-02-06 06:00:00,18.1,92,16.7,0.0,0,0.0,9.6,340,3.2833933759264187,-9.02104915954472
2019-02-06 07:00:00,18.1,92,16.8,0.0,0,1.0,10.0,339,3.583679495453008,-9.335804264972015
2019-02-06 08:00:00,19.4,92,18.0,0.0,0,77.0,11.6,344,3.1973933274771875,-11.1506356728845
2019-02-06 09:00:00,21.2,85,18.7,0.0,0,250.0,11.3,351,1.7677094549546115,-11.160878248725057
2019-02-06 10:00:00,22.8,75,18.1,0.0,2,430.0,9.1,351,1.4235536318661028,-8.987963899415753
2019-02-06 11:00:00,24.0,67,17.5,0.0,0,519.0,6.3,336,2.562440851377541,-5.755336383148386
2019-02-06 12:00:00,24.8,63,17.3,0.0,0,629.0,5.4,307,4.312631754255383,-3.249801125021059
2019-02-06 13:00:00,25.3,62,17.4,0.0,0,641.0,7.2,288,6.847606917325106,-2.22492235949962
2019-02-06 14:00:00,25.6,61,17.5,0.0,3,607.0,8.0,288,7.608452130361229,-2.472135954999578
2019-02-06 15:00:00,24.8,66,18.0,0.0,23,384.0,10.5,301,9.00025665737218,-5.407899786555569
2019-02-06 16:00:00,24.2,68,18.0,0.0,33,255.0,10.7,318,7.1596974880397815,-7.951649632608118
2019-02-06 17:00:00,23.2,73,18.0,0.1,66,86.0,7.6,335,3.211898789229314,-6.88793918147854
2019-02-06 18:00:00,22.3,77,18.2,0.1,77,10.0,7.8,338,2.921931428644116,-7.232034065620941
2019-02-06 19:00:00,21.6,81,18.1,0.2,100,0.0,7.2,3,-0.3768188849491956,-7.190132650232932
2019-02-06 20:00:00,21.1,84,18.3,0.0,95,0.0,6.0,33,-3.2678342100901627,-5.032023407672544
2019-02-06 21:00:00,20.7,86,18.4,0.0,93,0.0,4.5,61,-3.935788682127281,-2.181643291108517
2019-02-06 22:00:00,20.4,88,18.4,0.0,82,0.0,3.7,79,-3.632020578756357,-0.7059932828932162
2019-02-06 23:00:00,20.1,89,18.2,0.0,46,0.0,0.8,117,-0.7128052193506944,0.3631923997916374
2019-02-07 00:00:00,20.5,86,18.0,0.0,29,0.0,0.8,297,0.7128052193506944,-0.3631923997916373
2019-02-07 01:00:00,20.4,86,18.0,0.0,12,0.0,2.3,342,0.7107390870623796,-2.1874299874788528
2019-02-07 02:00:00,19.5,89,17.7,0.0,15,0.0,3.6,360,8.817456953860943e-16,-3.6
2019-02-07 03:00:00,18.1,94,17.1,0.0,13,0.0,4.1,15,-1.061158084920335,-3.96029588778518
2019-02-07 04:00:00,17.4,96,16.7,0.0,21,0.0,4.9,17,-1.4326213531414105,-4.685893304218874
2019-02-07 05:00:00,17.0,96,16.4,0.0,29,0.0,6.0,25,-2.5357095704441965,-5.437846722219899
2019-02-07 06:00:00,16.9,97,16.3,0.0,22,0.0,7.4,23,-2.891410350820626,-6.811735915548059
2019-02-07 07:00:00,17.0,97,16.4,0.0,11,1.0,8.5,28,-3.990508283680072,-7.505054539300879
2019-02-07 08:00:00,19.4,95,18.5,0.0,10,72.0,9.5,25,-4.014873486536644,-8.609923976848174
2019-02-07 09:00:00,22.3,86,19.9,0.0,2,233.0,7.3,20,-2.496747046277381,-6.859756131737131
2019-02-07 10:00:00,24.2,75,19.4,0.0,1,433.0,7.2,27,-3.2687315981247367,-6.415246974156249
2019-02-07 11:00:00,25.4,70,19.4,0.0,0,572.0,4.5,29,-2.1816432911085166,-3.935788682127281
2019-02-07 12:00:00,26.3,65,19.1,0.0,0,662.0,2.5,45,-1.7677669529663689,-1.7677669529663689
2019-02-07 13:00:00,26.7,62,18.9,0.0,0,656.0,0.8,63,-0.7128052193506943,-0.3631923997916375
2019-02-07 14:00:00,26.9,62,18.9,0.0,0,607.0,2.2,261,2.172914349309303,0.3441558230885083
2019-02-07 15:00:00,27.5,52,16.9,0.0,0,502.0,5.0,270,5.0,9.184850993605148e-16
2019-02-07 16:00:00,26.9,56,17.3,0.0,0,335.0,7.0,282,6.847033205136639,-1.455381835724316
2019-02-07 17:00:00,25.9,64,18.4,0.0,0,150.0,5.5,293,5.062776693988423,-2.149021206691004
2019-02-07 18:00:00,24.4,70,18.7,0.0,0,19.0,9.0,323,5.416335208368435,-7.187719590425635
2019-02-07 19:00:00,22.8,79,18.9,0.0,0,0.0,8.2,337,3.203995253612045,-7.548139798310009
2019-02-07 20:00:00,21.5,87,19.2,0.0,1,0.0,8.8,351,1.3766232923540338,-8.691657397237211
2019-02-07 21:00:00,20.8,91,19.4,0.0,3,0.0,8.6,360,2.1063924945334478e-15,-8.6
2019-02-07 22:00:00,20.4,93,19.3,0.0,6,0.0,8.6,2,-0.3001356716415083,-8.594761112364223
2019-02-07 23:00:00,20.3,95,19.4,0.0,4,0.0,8.3,358,0.2896658226307568,-8.294943864258496
2019-02-08 00:00:00,20.0,95,19.2,0.0,6,0.0,9.0,358,0.3140954703225074,-8.994517443171862
2019-02-08 01:00:00,19.7,95,18.9,0.0,10,0.0,10.4,360,2.547265342226495e-15,-10.4
2019-02-08 02:00:00,19.3,95,18.5,0.0,13,0.0,11.9,358,0.4153040107597598,-11.89275084152724
2019-02-08 03:00:00,19.1,92,17.8,0.0,3,0.0,13.0,355,1.1330246557195582,-12.950531075192693
2019-02-08 04:00:00,18.6,92,17.3,0.0,2,0.0,16.0,352,2.226769615361054,-15.844289099865124
2019-02-08 05:00:00,18.4,90,16.8,0.0,0,0.0,16.9,358,0.5898014942722639,-16.889704976622717
2019-02-08 06:00:00,18.2,89,16.4,0.0,0,0.0,15.1,360,3.698433333425007e-15,-15.1
2019-02-08 07:00:00,18.1,89,16.2,0.0,0,1.0,14.4,357,0.7536377698983989,-14.380265300465863
2019-02-08 08:00:00,19.1,86,16.7,0.0,0,80.0,15.9,355,1.385776309687767,-15.839495699658755
2019-02-08 09:00:00,20.9,76,16.5,0.0,0,256.0,17.3,2,-0.6037612929532667,-17.289461307430358
2019-02-08 10:00:00,22.4,66,15.7,0.0,0,405.0,15.6,7,-1.9011617571203008,-15.483719965604624
2019-02-08 11:00:00,23.7,58,15.0,0.0,0,586.0,12.2,2,-0.4257738597705118,-12.192568089632967
2019-02-08 12:00:00,24.5,55,15.0,0.0,0,673.0,11.7,349,2.2324652459055723,-11.485038046337667
2019-02-08 13:00:00,25.0,54,15.1,0.0,0,693.0,13.3,347,2.991849022773409,-12.959121861643627
2019-02-08 14:00:00,25.0,55,15.2,0.0,1,622.0,13.6,349,2.595002337121008,-13.35012969488823
2019-02-08 15:00:00,24.8,56,15.5,0.0,1,507.0,15.0,350,2.604722665003956,-14.77211629518312
2019-02-08 16:00:00,24.1,58,15.4,0.0,0,328.0,16.6,356,1.1579574641524857,-16.55956323431308
2019-02-08 17:00:00,23.0,62,15.4,0.0,0,138.0,15.8,360,3.869883885305636e-15,-15.8
2019-02-08 18:00:00,21.3,69,15.4,0.0,3,18.0,16.2,359,0.2827289842839937,-16.197532661533536
2019-02-08 19:00:00,20.1,75,15.5,0.0,0,0.0,16.9,2,-0.5898014942722664,-16.889704976622717
2019-02-08 20:00:00,19.3,79,15.6,0.0,1,0.0,15.5,4,-1.0812253430339422,-15.462242779027276
2019-02-08 21:00:00,18.9,82,15.8,0.0,1,0.0,14.4,3,-0.7536377698983913,-14.380265300465863
2019-02-08 22:00:00,18.5,85,15.9,0.0,1,0.0,13.3,3,-0.696068218031153,-13.281772812235833
2019-02-08 23:00:00,18.4,86,16.0,0.0,1,0.0,13.4,5,-1.1678869528186195,-13.34900895442939
2019-02-09 00:00:00,18.3,87,16.1,0.0,10,0.0,13.7,5,-1.1940336756429168,-13.647867363856914
2019-02-09 01:00:00,18.3,87,16.1,0.0,12,0.0,14.1,3,-0.737936983025508,-14.080676440039491
2019-02-09 02:00:00,18.2,87,16.1,0.0,8,0.0,15.1,1,-0.263531337202981,-15.097700196861508
2019-02-09 03:00:00,18.0,86,15.7,0.0,14,0.0,15.5,4,-1.0812253430339422,-15.462242779027276
2019-02-09 04:00:00,17.8,87,15.7,0.0,17,0.0,13.7,3,-0.7170026005283305,-13.68122462613766
2019-02-09 05:00:00,17.7,88,15.8,0.0,9,0.0,11.9,360,2.9146593819707008e-15,-11.9
2019-02-09 06:00:00,17.8,89,16.0,0.0,15,0.0,9.8,8,-1.363896389408641,-9.70462707366739
2019-02-09 07:00:00,17.9,90,16.2,0.0,17,1.0,10.8,4,-0.7533699164365533,-10.773691742806102
2019-02-09 08:00:00,19.4,85,16.7,0.0,16,71.0,14.1,356,0.9835662797921716,-14.06565310866352
2019-02-09 09:00:00,21.2,75,16.6,0.0,12,247.0,15.8,360,3.869883885305636e-15,-15.8
2019-02-09 10:00:00,22.3,68,16.1,0.0,4,382.0,15.1,360,3.698433333425007e-15,-15.1
2019-02-09 11:00:00,23.3,63,15.9,0.0,6,473.0,14.5,354,1.5156627173809745,-14.420567482839962
2019-02-09 12:00:00,24.1,61,16.1,0.0,6,649.0,14.9,353,1.8158532167366936,-14.7889376594557
2019-02-09 13:00:00,24.4,60,16.3,0.0,5,643.0,15.6,353,1.9011617571202968,-15.483719965604624
2019-02-09 14:00:00,24.3,61,16.4,0.0,14,524.0,15.9,354,1.6620025659556894,-15.812898136355546
2019-02-09 15:00:00,24.4,61,16.4,0.0,16,472.0,17.7,354,1.8501537998374653,-17.60303754801844
2019-02-09 16:00:00,23.6,63,16.2,0.0,15,318.0,19.1,357,0.9996167642402376,-19.07382411381236
2019-02-09 17:00:00,22.5,67,16.0,0.0,16,125.0,18.7,359,0.3263600003772026,-18.697151899424515
2019-02-09 18:00:00,20.9,72,15.7,0.0,10,17.0,16.6,359,0.2897099468589071,-16.597471739596095
2019-02-09 19:00:00,19.9,76,15.6,0.0,8,0.0,16.6,4,-1.15795746415248,-16.55956323431308
2019-02-09 20:00:00,19.3,79,15.6,0.0,11,0.0,15.8,1,-0.2757480217090794,-15.797593583470984
2019-02-09 21:00:00,18.9,81,15.6,0.0,5,0.0,16.2,359,0.2827289842839937,-16.197532661533536
2019-02-09 22:00:00,18.9,81,15.7,0.0,8,0.0,16.2,360,3.967855629237425e-15,-16.2
2019-02-09 23:00:00,18.6,83,15.7,0.0,13,0.0,16.2,1,-0.2827289842839929,-16.197532661533536
2019-02-10 00:00:00,18.4,84,15.6,0.0,20,0.0,16.6,1,-0.2897099468589063,-16.597471739596095
2019-02-10 01:00:00,18.3,84,15.6,0.0,24,0.0,17.3,1,-0.3019266313650047,-17.29736512620557
2019-02-10 02:00:00,18.1,85,15.5,0.0,37,0.0,18.0,1,-0.3141433158711032,-17.997258512815044
2019-02-10 03:00:00,18.3,84,15.5,0.0,40,0.0,17.6,1,-0.3071623532961898,-17.59731943475249
2019-02-10 04:00:00,18.1,84,15.4,0.0,40,0.0,18.4,360,4.506700220862259e-15,-18.4
2019-02-10 05:00:00,18.0,84,15.3,0.0,39,0.0,18.4,1,-0.3211242784460166,-18.3971975908776
2019-02-10 06:00:00,17.9,84,15.2,0.0,43,0.0,17.3,4,-1.2067869957733677,-17.257858069494958
2019-02-10 07:00:00,18.0,83,15.2,0.0,45,1.0,16.2,4,-1.1300548746548298,-16.16053761420915
2019-02-10 08:00:00,19.0,79,15.3,0.0,33,64.0,15.5,1,-0.2705122997778944,-15.497639274924063
2019-02-10 09:00:00,20.5,73,15.4,0.0,35,188.0,14.8,357,0.7745721523955768,-14.779717114367694
2019-02-10 10:00:00,21.9,67,15.6,0.0,26,405.0,14.8,354,1.5470212563612706,-14.718924051450443
2019-02-10 11:00:00,23.0,65,16.1,0.0,21,544.0,15.3,351,2.393447315115536,-15.111631611105606
2019-02-10 12:00:00,23.7,63,16.4,0.0,20,618.0,15.7,349,2.995701227411751,-15.411546780128324
2019-02-10 13:00:00,23.9,63,16.5,0.0,24,491.0,16.6,347,3.7341875021081647,-16.174543075434904
2019-02-10 14:00:00,24.0,63,16.5,0.0,20,404.0,18.5,347,4.161594505361509,-18.02584619852685
2019-02-10 15:00:00,24.0,63,16.6,0.0,16,377.0,20.1,350,3.490328371105301,-19.79463583554538
2019-02-10 16:00:00,23.6,65,16.5,0.0,18,323.0,21.1,352,2.9365524302573904,-20.89465625044713
2019-02-10 17:00:00,22.5,68,16.4,0.0,8,133.0,19.6,354,2.048757880046007,-19.49262914921816
2019-02-10 18:00:00,21.0,75,16.3,0.0,17,19.0,18.8,357,0.983915977367354,-18.77423525338599
2019-02-10 19:00:00,19.9,80,16.3,0.0,20,0.0,19.1,2,-0.6665803870177686,-19.08836479606473
2019-02-10 20:00:00,19.3,83,16.3,0.0,18,0.0,18.4,1,-0.3211242784460166,-18.3971975908776
2019-02-10 21:00:00,19.0,85,16.4,0.0,18,0.0,17.3,359,0.3019266313650056,-17.29736512620557
2019-02-10 22:00:00,18.9,86,16.4,0.0,22,0.0,16.6,358,0.5793316452615137,-16.58988772851699
2019-02-10 23:00:00,18.8,87,16.5,0.0,20,0.0,16.2,357,0.8478424911356988,-16.177798463024097
2019-02-11 00:00:00,18.7,88,16.6,0.0,24,0.0,16.6,355,1.4467853296111282,-16.536831988322977
2019-02-11 01:00:00,18.7,87,16.6,0.0,38,0.0,18.8,355,1.6385279636559764,-18.728460324124818
2019-02-11 02:00:00,18.7,86,16.4,0.0,51,0.0,20.2,357,1.0571863161074762,-20.17231660204239
2019-02-11 03:00:00,19.0,87,16.8,0.0,51,0.0,20.9,358,0.7293994810822672,-20.8872682846991
2019-02-11 04:00:00,19.1,86,16.7,0.0,55,0.0,20.9,358,0.7293994810822672,-20.8872682846991
2019-02-11 05:00:00,19.0,85,16.4,0.0,54,0.0,20.5,359,0.3577743319643129,-20.49687775070602
2019-02-11 06:00:00,18.9,84,16.2,0.0,53,0.0,20.2,1,-0.3525386100331269,-20.196923442159104
2019-02-11 07:00:00,18.8,84,16.0,0.0,46,1.0,19.1,360,4.6781507727428894e-15,-19.1
2019-02-11 08:00:00,19.6,80,16.0,0.0,37,64.0,19.8,359,0.3455576474582145,-19.79698436409655
2019-02-11 09:00:00,20.8,73,15.8,0.0,25,215.0,20.2,1,-0.3525386100331269,-20.196923442159104
2019-02-11 10:00:00,22.0,67,15.6,0.0,17,358.0,18.7,359,0.3263600003772026,-18.697151899424515
2019-02-11 11:00:00,23.0,63,15.5,0.0,11,431.0,17.7,355,1.5426566466335525,-17.632646156223895
2019-02-11 12:00:00,23.9,60,15.6,0.0,10,525.0,18.6,351,2.9096810497482983,-18.37100313506956
2019-02-11 13:00:00,24.1,59,15.7,0.0,13,472.0,20.0,352,2.783462019201317,-19.805361374831406
2019-02-11 14:00:00,24.2,59,15.8,0.0,11,440.0,21.0,353,2.559256211508092,-20.843469184467764
2019-02-11 15:00:00,23.7,61,15.9,0.0,12,419.0,21.0,353,2.559256211508092,-20.843469184467764
2019-02-11 16:00:00,23.0,63,15.7,0.0,12,270.0,20.7,353,2.5226954084865474,-20.545705338975367
2019-02-11 17:00:00,22.1,67,15.6,0.0,10,138.0,19.6,354,2.048757880046007,-19.49262914921816
2019-02-11 18:00:00,20.7,72,15.5,0.0,14,18.0,18.8,355,1.6385279636559764,-18.728460324124818
2019-02-11 19:00:00,19.7,77,15.5,0.0,14,0.0,18.2,352,2.532950437473199,-18.02287885109658
2019-02-11 20:00:00,19.3,79,15.6,0.0,16,0.0,18.6,350,3.229856104604905,-18.31742420602707
2019-02-11 21:00:00,19.0,80,15.6,0.0,12,0.0,17.8,353,2.1692743126116207,-17.667321499215532
2019-02-11 22:00:00,18.7,82,15.6,0.0,28,0.0,15.5,355,1.350914012588704,-15.441017820422056
2019-02-11 23:00:00,18.4,84,15.7,0.0,19,0.0,14.5,353,1.7671054793746348,-14.39191919879917
2019-02-12 00:00:00,18.3,86,15.9,0.0,24,0.0,14.5,353,1.7671054793746348,-14.39191919879917
2019-02-12 01:00:00,18.1,88,16.0,0.0,28,0.0,14.5,353,1.7671054793746348,-14.39191919879917
2019-02-12 02:00:00,18.1,88,16.1,0.0,11,0.0,14.5,353,1.7671054793746348,-14.39191919879917
2019-02-12 03:00:00,18.2,89,16.4,0.0,17,0.0,16.3,355,1.4206386067868306,-16.237973578895453
2019-02-12 04:00:00,18.1,89,16.3,0.0,8,0.0,17.6,359,0.3071623532961907,-17.59731943475249
2019-02-12 05:00:00,18.0,90,16.2,0.0,9,0.0,18.4,2,-0.6421507393260177,-18.38879121715136
2019-02-12 06:00:00,18.1,89,16.2,0.0,5,0.0,18.1,5,-1.577518943732613,-18.0311240354606
2019-02-12 07:00:00,18.2,89,16.3,0.0,15,1.0,17.0,4,-1.18586005365013,-16.958588854417012
2019-02-12 08:00:00,19.4,84,16.5,0.0,14,75.0,16.9,359,0.2949456687900921,-16.89742604814301
2019-02-12 09:00:00,21.1,75,16.4,0.0,10,246.0,17.0,356,1.1858600536501358,-16.958588854417012
2019-02-12 10:00:00,22.8,67,16.4,0.0,4,422.0,16.7,354,1.745625336569812,-16.608515652650162
2019-02-12 11:00:00,24.0,62,16.4,0.0,3,561.0,17.1,352,2.3798600264171266,-16.933583975480854
2019-02-12 12:00:00,24.9,60,16.6,0.0,7,647.0,17.2,349,3.281914720476568,-16.883987555299818
2019-02-12 13:00:00,25.4,59,16.9,0.0,8,647.0,16.5,349,3.148348423712987,-16.196848526886455
2019-02-12 14:00:00,25.4,60,17.1,0.0,9,578.0,16.2,348,3.3681693912477098,-15.845991131887647
2019-02-12 15:00:00,24.9,62,17.1,0.0,21,367.0,15.4,349,2.938458528798788,-15.117058625094026
2019-02-12 16:00:00,24.3,65,17.2,0.0,16,229.0,15.0,350,2.604722665003956,-14.77211629518312
2019-02-12 17:00:00,23.6,68,17.3,0.0,20,114.0,14.5,353,1.7671054793746348,-14.39191919879917
2019-02-12 18:00:00,22.3,75,17.5,0.0,21,18.0,13.1,352,1.823167622576863,-12.97251170051457
2019-02-12 19:00:00,21.2,80,17.6,0.0,32,0.0,15.1,359,0.2635313372029818,-15.097700196861508
2019-02-12 20:00:00,20.8,83,17.8,0.0,32,0.0,15.8,1,-0.2757480217090794,-15.797593583470984
2019-02-12 21:00:00,20.3,87,18.0,0.0,44,0.0,15.5,3,-0.8112073217656295,-15.478757788695894
2019-02-12 22:00:00,19.9,89,18.1,0.0,42,0.0,13.7,3,-0.7170026005283305,-13.68122462613766
2019-02-12 23:00:00,19.6,92,18.2,0.0,32,0.0,11.5,2,-0.4013442120787611,-11.4929945107196
2019-02-13 00:00:00,19.3,93,18.2,0.0,21,0.0,9.7,2,-0.3385251180142594,-9.694091022085228
2019-02-13 01:00:00,19.2,94,18.2,0.0,9,0.0,8.6,360,2.1063924945334478e-15,-8.6
2019-02-13 02:00:00,19.0,95,18.1,0.0,10,0.0,9.4,358,0.3280552690035077,-9.3942737739795
2019-02-13 03:00:00,18.9,94,18.0,0.0,5,0.0,10.8,356,0.7533699164365569,-10.773691742806102
2019-02-13 04:00:00,18.9,95,18.0,0.0,9,0.0,13.3,357,0.6960682180311601,-13.281772812235833
2019-02-13 05:00:00,19.1,94,18.1,0.0,6,0.0,15.1,1,-0.263531337202981,-15.097700196861508
2019-02-13 06:00:00,19.1,95,18.2,0.0,9,0.0,15.9,4,-1.1091279325315924,-15.861268399131204
2019-02-13 07:00:00,19.0,94,18.1,0.0,6,2.0,14.7,11,-2.8048922320352085,-14.42991959668066
2019-02-13 08:00:00,20.2,89,18.2,0.0,9,77.0,14.0,12,-2.9107636714486307,-13.69406641027328
2019-02-13 09:00:00,22.3,77,18.0,0.0,7,249.0,14.2,9,-2.2213694035712783,-14.025174436450955
2019-02-13 10:00:00,24.1,68,17.8,0.0,3,437.0,14.8,6,-1.5470212563612715,-14.718924051450443
2019-02-13 11:00:00,25.4,63,17.8,0.0,4,550.0,15.8,1,-0.2757480217090794,-15.797593583470984
2019-02-13 12:00:00,26.1,60,17.8,0.0,2,611.0,17.0,355,1.4816476267101917,-16.935309867559674
2019-02-13 13:00:00,26.3,60,18.0,0.0,6,666.0,18.5,353,2.254582852995224,-18.36210380536446
2019-02-13 14:00:00,26.2,61,18.0,0.0,3,562.0,19.5,356,1.36025123801045,-19.45249898006657
2019-02-13 15:00:00,25.6,63,18.0,0.0,1,484.0,19.4,359,0.338576684883301,-19.39704528603399
2019-02-13 16:00:00,24.9,65,17.8,0.0,6,296.0,19.1,360,4.6781507727428894e-15,-19.1
2019-02-13 17:00:00,23.9,68,17.7,0.0,9,124.0,17.3,2,-0.6037612929532667,-17.289461307430358
2019-02-13 18:00:00,22.5,74,17.6,0.0,5,18.0,14.4,3,-0.7536377698983913,-14.380265300465863
2019-02-13 19:00:00,21.4,78,17.5,0.0,13,0.0,14.4,4,-1.0044932219154044,-14.36492232374147
2019-02-13 20:00:00,20.7,82,17.5,0.0,30,0.0,12.2,2,-0.4257738597705118,-12.192568089632967
2019-02-13 21:00:00,20.1,85,17.5,0.0,45,0.0,10.8,358,0.3769145643870089,-10.793420931806237
2019-02-13 22:00:00,19.8,86,17.5,0.0,55,0.0,11.5,358,0.4013442120787595,-11.4929945107196
2019-02-13 23:00:00,19.6,88,17.5,0.0,56,0.0,11.9,357,0.622797879291038,-11.88369146357943
2019-02-14 00:00:00,19.4,89,17.5,0.0,66,0.0,13.0,357,0.6803674311582768,-12.98218395180946
2019-02-14 01:00:00,19.3,89,17.5,0.0,67,0.0,14.1,357,0.7379369830255156,-14.080676440039491
2019-02-14 02:00:00,19.2,89,17.4,0.0,85,0.0,15.1,359,0.2635313372029818,-15.097700196861508
2019-02-14 03:00:00,19.3,89,17.4,0.1,76,0.0,15.5,1,-0.2705122997778944,-15.497639274924063
2019-02-14 04:00:00,19.3,89,17.4,0.0,73,0.0,15.1,1,-0.263531337202981,-15.097700196861508
2019-02-14 05:00:00,19.2,89,17.3,0.0,73,0.0,14.8,4,-1.0323958114130545,-14.763947943845398
2019-02-14 06:00:00,19.2,89,17.3,0.0,63,0.0,14.0,1,-0.2443336901219691,-13.997867732189478
2019-02-14 07:00:00,19.2,89,17.4,0.0,46,1.0,14.2,9,-2.2213694035712783,-14.025174436450955
2019-02-14 08:00:00,20.3,86,17.9,0.0,31,66.0,15.4,11,-2.93845852879879,-15.117058625094026
2019-02-14 09:00:00,22.2,76,17.8,0.0,35,222.0,16.8,9,-2.6280990126758788,-16.593164121998313
2019-02-14 10:00:00,23.8,68,17.6,0.0,24,360.0,17.3,5,-1.5077943495344863,-17.234168276987198
2019-02-14 11:00:00,25.0,64,17.7,0.0,15,446.0,16.9,360,4.139306181118054e-15,-16.9
2019-02-14 12:00:00,25.8,62,18.0,0.0,12,582.0,16.2,356,1.1300548746548351,-16.16053761420915
2019-02-14 13:00:00,26.0,63,18.3,0.0,17,596.0,16.0,351,2.502951440643697,-15.803013449522204
2019-02-14 14:00:00,25.8,64,18.5,0.0,11,497.0,16.1,350,2.79573566043758,-15.855404823496553
2019-02-14 15:00:00,25.7,63,18.3,0.0,5,486.0,17.5,352,2.435529266801153,-17.32969120297748
2019-02-14 16:00:00,24.9,66,18.1,0.0,12,228.0,18.0,357,0.9420472123729986,-17.975331625582328
2019-02-14 17:00:00,23.8,70,17.9,0.0,17,110.0,16.9,1,-0.2949456687900913,-16.89742604814301
2019-02-14 18:00:00,22.4,75,17.8,0.0,29,15.0,15.1,1,-0.263531337202981,-15.097700196861508
2019-02-14 19:00:00,21.2,80,17.7,0.0,26,0.0,15.5,3,-0.8112073217656295,-15.478757788695894
2019-02-14 20:00:00,20.4,84,17.6,0.0,22,0.0,14.8,1,-0.258295615271796,-14.79774588831459
2019-02-14 21:00:00,20.0,86,17.6,0.0,14,0.0,14.1,357,0.7379369830255156,-14.080676440039491
2019-02-14 22:00:00,19.6,89,17.6,0.0,15,0.0,13.3,358,0.4641633061432609,-13.291897999353974
2019-02-14 23:00:00,19.3,90,17.6,0.0,16,0.0,13.0,358,0.4536934571325107,-12.992080751248244
2019-02-15 00:00:00,19.2,90,17.6,0.0,25,0.0,12.6,360,3.08610993385133e-15,-12.6
2019-02-15 01:00:00,19.3,90,17.7,0.0,33,0.0,12.6,2,-0.4397336584515122,-12.592324420440606
2019-02-15 02:00:00,19.1,91,17.6,0.0,28,0.0,13.0,2,-0.4536934571325126,-12.992080751248244
2019-02-15 03:00:00,19.3,90,17.6,0.0,44,0.0,13.3,3,-0.696068218031153,-13.281772812235833
2019-02-15 04:00:00,19.3,90,17.6,0.0,47,0.0,13.0,3,-0.6803674311582698,-12.98218395180946
2019-02-15 05:00:00,19.3,90,17.6,0.0,47,0.0,13.0,3,-0.6803674311582698,-12.98218395180946
2019-02-15 06:00:00,19.3,90,17.6,0.0,31,0.0,13.4,6,-1.4006814077865566,-13.326593397934865
2019-02-15 07:00:00,19.2,91,17.7,0.0,43,2.0,12.7,7,-1.5477406612453728,-12.605336125844788
2019-02-15 08:00:00,20.2,87,17.9,0.0,61,46.0,11.6,5,-1.0110066158728348,-11.555858497864248
2019-02-15 09:00:00,21.9,78,17.8,0.0,51,192.0,10.5,4,-0.7324429743133156,-10.474422527728152
2019-02-15 10:00:00,23.5,70,17.7,0.0,46,393.0,9.4,356,0.655710853194781,-9.377102072442348
2019-02-15 11:00:00,24.7,67,18.1,0.0,46,502.0,8.2,345,2.1223161698406696,-7.92059177557036
2019-02-15 12:00:00,25.3,65,18.3,0.0,36,603.0,7.1,330,3.550000000000003,-6.148780366869512
2019-02-15 13:00:00,25.4,65,18.3,0.0,35,487.0,6.7,306,5.420413862312149,-3.938161190359569
2019-02-15 14:00:00,25.5,65,18.4,0.0,40,484.0,7.4,299,6.472185832831528,-3.5875911898228963
2019-02-15 15:00:00,25.2,69,19.2,0.2,43,370.0,8.7,308,6.855693556378479,-5.356254835333228
2019-02-15 16:00:00,24.8,70,19.1,0.0,27,238.0,10.2,328,5.405176495178691,-8.650090580795544
2019-02-15 17:00:00,24.3,73,19.0,0.0,43,91.0,9.3,347,2.092044805397948,-9.061641602502688
2019-02-15 18:00:00,23.4,77,19.1,0.0,25,15.0,7.2,357,0.3768188849491994,-7.190132650232932
2019-02-15 19:00:00,22.5,81,19.1,0.0,25,0.0,7.1,15,-1.8376152202278973,-6.858073366652385
2019-02-15 20:00:00,22.0,84,19.1,0.0,28,0.0,6.3,31,-3.244739871933341,-5.400153994423308
2019-02-15 21:00:00,21.4,86,19.1,0.0,21,0.0,8.0,36,-4.702282018339785,-6.47213595499958
2019-02-15 22:00:00,20.8,90,19.1,0.0,20,0.0,5.4,37,-3.2498011250210608,-4.312631754255381
2019-02-15 23:00:00,21.1,88,19.0,0.0,20,0.0,4.4,81,-4.345828698618607,-0.6883116461770161
2019-02-16 00:00:00,20.9,89,19.0,0.0,46,0.0,6.9,118,-6.092338390726596,3.239353783222648
2019-02-16 01:00:00,20.3,93,19.1,0.0,32,0.0,7.4,129,-5.750880114781586,4.656970893768796
2019-02-16 02:00:00,19.0,96,18.4,0.0,35,0.0,7.1,131,-5.358438019581682,4.658019105832601
2019-02-16 03:00:00,19.2,94,18.1,0.0,29,0.0,4.4,55,-3.604268994871564,-2.523736319944603
2019-02-16 04:00:00,18.7,95,17.9,0.0,34,0.0,7.5,17,-2.192787785420526,-7.172285669722766
2019-02-16 05:00:00,19.2,94,18.2,0.0,37,0.0,9.6,13,-2.159530121701104,-9.35395262193826
2019-02-16 06:00:00,19.3,93,18.2,0.0,49,0.0,9.5,9,-1.4861274178821933,-9.38303923565381
2019-02-16 07:00:00,19.3,93,18.2,0.0,49,1.0,10.2,8,-1.419565629792667,-10.100734301164016
2019-02-16 08:00:00,20.2,91,18.7,0.0,50,43.0,10.5,6,-1.0975488643103617,-10.44247990136687
2019-02-16 09:00:00,21.6,83,18.6,0.0,36,105.0,10.1,4,-0.7045403848156655,-10.075396907624224
2019-02-16 10:00:00,23.0,75,18.3,0.0,23,293.0,9.0,355,0.7844016847289249,-8.96575228282571
2019-02-16 11:00:00,24.1,70,18.4,0.0,26,449.0,9.3,344,2.5634274090980904,-8.939733772226367
2019-02-16 12:00:00,24.7,68,18.4,0.0,38,504.0,9.8,336,3.986019102142842,-8.95274548489749
2019-02-16 13:00:00,25.1,66,18.4,0.0,48,524.0,12.1,333,5.493285046848518,-10.781178942679247
2019-02-16 14:00:00,25.0,66,18.3,0.0,42,368.0,13.7,337,5.353016460303052,-12.610916492298433
2019-02-16 15:00:00,25.0,65,18.0,0.0,60,356.0,15.0,343,4.385575570841057,-14.34457133944553
2019-02-16 16:00:00,24.3,67,17.8,0.0,54,225.0,17.5,351,2.737603138204044,-17.28454596041491
2019-02-16 17:00:00,23.2,70,17.5,0.0,62,79.0,18.0,359,0.3141433158711041,-17.997258512815044
2019-02-16 18:00:00,21.8,75,17.2,0.0,58,10.0,17.0,4,-1.18586005365013,-16.958588854417012
2019-02-16 19:00:00,20.6,80,17.0,0.0,60,0.0,16.3,5,-1.4206386067868282,-16.237973578895453
2019-02-16 20:00:00,19.7,83,16.8,0.0,87,0.0,14.1,4,-0.9835662797921668,-14.06565310866352
2019-02-16 21:00:00,19.4,85,16.7,0.0,100,0.0,12.6,360,3.08610993385133e-15,-12.6
2019-02-16 22:00:00,19.3,85,16.7,0.0,94,0.0,13.0,355,1.1330246557195582,-12.950531075192693
2019-02-16 23:00:00,19.1,85,16.6,0.0,77,0.0,15.2,353,1.8524140197582375,-15.086701504948095
2019-02-17 00:00:00,18.8,87,16.5,0.0,70,0.0,16.9,358,0.5898014942722639,-16.889704976622717
2019-02-17 01:00:00,18.6,87,16.4,0.0,81,0.0,16.6,1,-0.2897099468589063,-16.597471739596095
2019-02-17 02:00:00,18.5,87,16.2,0.0,67,0.0,16.6,1,-0.2897099468589063,-16.597471739596095
2019-02-17 03:00:00,18.6,87,16.4,0.0,82,0.0,18.0,360,4.408728476930472e-15,-18.0
2019-02-17 04:00:00,18.5,87,16.3,0.0,95,0.0,18.7,1,-0.3263600003772016,-18.697151899424515
2019-02-17 05:00:00,18.3,87,16.2,0.0,79,0.0,17.3,4,-1.2067869957733677,-17.257858069494958
2019-02-17 06:00:00,18.3,87,16.1,0.0,85,0.0,17.6,360,4.310756732998684e-15,-17.6
2019-02-17 07:00:00,18.3,87,16.1,0.0,89,1.0,16.6,4,-1.15795746415248,-16.55956323431308
2019-02-17 08:00:00,19.3,83,16.3,0.0,74,47.0,15.2,4,-1.0602984009107046,-15.162973563949327
2019-02-17 09:00:00,20.8,76,16.4,0.0,71,163.0,14.0,359,0.2443336901219698,-13.997867732189478
2019-02-17 10:00:00,22.7,68,16.6,0.0,60,321.0,16.0,351,2.502951440643697,-15.803013449522204
2019-02-17 11:00:00,23.9,65,16.9,0.0,65,437.0,18.6,351,2.9096810497482983,-18.37100313506956
2019-02-17 12:00:00,24.6,63,17.0,0.0,48,502.0,19.6,353,2.3886391307408856,-19.453904572169915
2019-02-17 13:00:00,24.8,62,16.9,0.0,49,466.0,20.2,355,1.760546003502698,-20.12313290145326
2019-02-17 14:00:00,24.5,62,16.7,0.0,42,323.0,20.2,355,1.760546003502698,-20.12313290145326
2019-02-17 15:00:00,23.9,62,16.2,0.0,32,354.0,21.3,354,2.226456267601018,-21.183316371344223
2019-02-17 16:00:00,23.2,64,16.0,0.0,32,223.0,21.3,358,0.7433592797632675,-21.28702461550674
2019-02-17 17:00:00,22.2,67,15.7,0.0,32,57.0,20.6,355,1.7954083006017614,-20.52161078068996
2019-02-17 18:00:00,20.8,72,15.5,0.0,38,14.0,20.2,357,1.0571863161074762,-20.17231660204239
2019-02-17 19:00:00,19.9,75,15.4,0.0,33,0.0,19.5,358,0.6805401856987661,-19.488121126872368
2019-02-17 20:00:00,19.4,78,15.5,0.0,30,0.0,17.0,355,1.4816476267101917,-16.935309867559674
2019-02-17 21:00:00,19.2,79,15.6,0.0,46,0.0,15.6,352,2.171100374977028,-15.448181872368496
2019-02-17 22:00:00,19.1,81,15.7,0.0,47,0.0,16.2,348,3.3681693912477098,-15.845991131887647
2019-02-17 23:00:00,19.0,82,15.9,0.0,62,0.0,16.3,354,1.7038139512627508,-16.210706894502856
2019-02-18 00:00:00,18.8,84,16.0,0.0,60,0.0,15.9,356,1.1091279325315977,-15.861268399131204
2019-02-18 01:00:00,18.8,84,16.1,0.0,45,0.0,15.5,360,3.796405077356795e-15,-15.5
2019-02-18 02:00:00,18.7,86,16.3,0.6,35,0.0,14.0,360,3.429011037612589e-15,-14.0
2019-02-18 03:00:00,18.8,87,16.6,0.7,48,0.0,13.7,360,3.355532229663748e-15,-13.7
2019-02-18 04:00:00,18.7,88,16.6,0.3,51,0.0,12.6,2,-0.4397336584515122,-12.592324420440606
2019-02-18 05:00:00,18.6,88,16.6,0.0,45,0.0,11.2,360,2.743208830090071e-15,-11.2
2019-02-18 06:00:00,18.7,88,16.8,0.0,62,0.0,12.6,360,3.08610993385133e-15,-12.6
2019-02-18 07:00:00,18.9,89,17.0,0.0,73,1.0,12.0,9,-1.8772135804827703,-11.852260087141651
2019-02-18 08:00:00,19.6,87,17.4,0.2,76,49.0,11.3,22,-4.233054505599806,-10.4771775566047
2019-02-18 09:00:00,21.0,80,17.3,0.0,61,132.0,10.5,22,-3.933369230867076,-9.735430472951268
2019-02-18 10:00:00,22.6,71,17.0,0.0,42,294.0,9.5,11,-1.812685456077176,-9.325458242752807
2019-02-18 11:00:00,23.7,67,17.2,0.0,13,410.0,8.8,348,1.829622879196287,-8.60769888645749
2019-02-18 12:00:00,24.6,65,17.5,0.0,24,511.0,8.7,336,3.538608794759461,-7.947845481490628
2019-02-18 13:00:00,25.3,64,17.9,0.0,26,512.0,5.5,337,2.1490212066910064,-5.062776693988422
2019-02-18 14:00:00,25.9,61,17.8,0.0,24,365.0,3.7,299,3.236092916415764,-1.793795594911448
2019-02-18 15:00:00,26.0,61,18.0,0.0,21,377.0,4.7,247,4.326372811226469,1.836436303899587
2019-02-18 16:00:00,26.1,61,18.1,0.0,28,272.0,7.3,237,6.122295146001596,3.9758649556096968
2019-02-18 17:00:00,25.5,65,18.6,0.0,33,130.0,7.2,276,7.160557646651569,-0.7526049355271015
2019-02-18 18:00:00,24.0,73,18.9,0.0,56,20.0,5.8,292,5.377666356487367,-2.172718241812289
2019-02-18 19:00:00,22.6,81,19.3,0.1,82,0.0,6.1,315,4.31335136523794,-4.3133513652379385
2019-02-18 20:00:00,21.8,86,19.4,0.0,100,0.0,4.6,321,2.894873798829254,-3.5748714227020644
2019-02-18 21:00:00,21.1,91,19.6,0.1,100,0.0,2.7,337,1.0549740469210396,-2.4853631043215887
2019-02-18 22:00:00,21.1,93,19.9,0.0,100,0.0,3.4,288,3.2335921554035223,-1.0506577808748203
2019-02-18 23:00:00,21.9,90,20.1,0.0,100,0.0,3.3,283,3.2154212137912763,-0.7423384793347542
2019-02-19 00:00:00,22.3,89,20.4,0.0,100,0.0,1.1,342,0.3399186938124424,-1.0461621679246689
2019-02-19 01:00:00,22.7,88,20.6,0.0,100,0.0,2.4,63,-2.138415658052083,-1.0895771993749124
2019-02-19 02:00:00,22.7,88,20.6,0.0,63,0.0,6.6,99,-6.518743047927909,1.0324674692655234
2019-02-19 03:00:00,21.6,89,19.7,0.0,35,0.0,7.9,114,-7.217009115376547,3.213219480298822
2019-02-19 04:00:00,21.7,86,19.2,0.0,30,0.0,8.9,130,-6.817795543758905,5.7208097262102005
2019-02-19 05:00:00,21.6,84,18.7,0.0,24,0.0,9.2,141,-5.789747597658503,7.149742845404131
2019-02-19 06:00:00,21.6,83,18.5,0.0,33,0.0,8.7,142,-5.356254835333227,6.85569355637848
2019-02-19 07:00:00,21.7,83,18.6,0.0,34,2.0,9.0,151,-4.363286582217034,7.871577364254562
2019-02-19 08:00:00,22.9,80,19.3,0.0,27,57.0,10.5,153,-4.766900247265242,9.355568503977862
2019-02-19 09:00:00,24.6,74,19.7,0.0,28,150.0,11.6,154,-5.085105302753297,10.426010937070338
2019-02-19 10:00:00,25.9,67,19.2,0.0,55,202.0,12.2,156,-4.9621870455247645,11.145254583239728
2019-02-19 11:00:00,26.9,60,18.6,0.0,54,347.0,11.3,158,-4.233054505599808,10.477177556604698
2019-02-19 12:00:00,27.1,58,18.1,0.0,53,273.0,10.0,165,-2.58819045102521,9.65925826289068
2019-02-19 13:00:00,27.3,57,18.1,0.0,58,286.0,8.0,162,-2.47213595499958,7.608452130361228
2019-02-19 14:00:00,27.2,58,18.3,0.0,53,299.0,5.9,169,-1.1257730727216153,5.791600382341218
2019-02-19 15:00:00,27.1,59,18.3,0.0,45,211.0,5.2,205,2.197614961051636,4.71280049259058
2019-02-19 16:00:00,26.9,60,18.5,0.0,24,210.0,5.6,230,4.289848881466276,3.5996106142446207
2019-02-19 17:00:00,26.3,64,18.9,0.0,17,124.0,4.9,253,4.685893304218873,1.4326213531414118
2019-02-19 18:00:00,25.3,69,19.2,0.0,18,19.0,5.9,259,5.791600382341218,1.1257730727216133
2019-02-19 19:00:00,24.2,78,20.0,0.0,19,0.0,4.8,333,2.179154398749825,-4.276831316104166
2019-02-19 20:00:00,22.7,84,19.8,0.0,23,0.0,6.0,17,-1.7542302283364206,-5.737828535778212
2019-02-19 21:00:00,21.7,87,19.4,0.0,31,0.0,8.1,32,-4.29234604028896,-6.86918957886705
2019-02-19 22:00:00,22.1,83,19.2,0.0,29,0.0,7.3,33,-3.9758649556096977,-6.122295146001595
2019-02-19 23:00:00,22.0,82,18.8,0.0,24,0.0,5.6,45,-3.9597979746446654,-3.9597979746446654
2019-02-20 00:00:00,21.6,83,18.6,0.0,15,0.0,3.7,61,-3.2360929164157644,-1.7937955949114477
2019-02-20 01:00:00,21.7,80,18.2,0.0,5,0.0,2.3,18,-0.710739087062379,-2.1874299874788528
2019-02-20 02:00:00,21.2,81,17.9,0.0,9,0.0,4.4,9,-0.6883116461770159,-4.345828698618607
2019-02-20 03:00:00,19.1,96,18.4,0.0,2,0.0,6.6,13,-1.484676958669509,-6.430842427582553
2019-02-20 04:00:00,19.0,96,18.4,0.0,6,0.0,6.6,22,-2.472403516545019,-6.1194134401407965
2019-02-20 05:00:00,19.0,96,18.3,0.0,3,0.0,7.0,35,-4.015035054457322,-5.734064310022943
2019-02-20 06:00:00,18.8,96,18.1,0.0,5,0.0,7.8,34,-4.361704647071826,-6.466493065929326
2019-02-20 07:00:00,18.7,95,17.9,0.0,10,3.0,6.0,17,-1.7542302283364206,-5.737828535778212
2019-02-20 08:00:00,21.2,89,19.4,0.0,8,94.0,7.2,357,0.3768188849491994,-7.190132650232932
2019-02-20 09:00:00,23.7,79,19.8,0.0,9,272.0,6.5,360,1.5920408388915589e-15,-6.5
2019-02-20 10:00:00,25.1,71,19.5,0.0,8,442.0,2.9,7,-0.3534210958749276,-2.8783838397598336
2019-02-20 11:00:00,26.5,65,19.5,0.0,8,600.0,1.3,214,0.7269507745119708,1.0777488443215544
2019-02-20 12:00:00,27.4,62,19.4,0.0,5,665.0,5.2,214,2.907803098047883,4.3109953772862175
2019-02-20 13:00:00,27.8,61,19.6,0.0,2,678.0,7.7,229,5.811263767715345,5.051654523226906
2019-02-20 14:00:00,27.9,61,19.8,0.0,5,615.0,8.4,245,7.612985411107862,3.549993398621873
2019-02-20 15:00:00,27.4,64,20.1,0.0,10,462.0,8.7,265,8.666893873398186,0.7582549619046267
2019-02-20 16:00:00,26.7,68,20.3,0.0,14,264.0,7.9,300,6.841600689897065,-3.950000000000001
2019-02-20 17:00:00,25.8,72,20.4,0.0,17,126.0,8.4,329,4.326319829244458,-7.200205325897742
2019-02-20 18:00:00,24.8,77,20.4,0.0,30,21.0,8.0,350,1.389185421335443,-7.878462024097664
2019-02-20 19:00:00,23.8,81,20.4,0.0,40,0.0,9.0,360,2.204364238465236e-15,-9.0
2019-02-20 20:00:00,22.9,86,20.4,0.0,60,0.0,10.9,8,-1.5169868004647131,-10.793921949283115
2019-02-20 21:00:00,22.1,89,20.3,0.0,71,0.0,11.4,11,-2.175222547292611,-11.19054989130337
2019-02-20 22:00:00,21.9,90,20.2,0.0,74,0.0,12.4,8,-1.7257464519048116,-12.279324052395474
2019-02-20 23:00:00,21.7,90,20.1,0.0,45,0.0,11.0,19,-3.5812496990287235,-10.400704331592486
2019-02-21 00:00:00,21.4,92,20.0,0.0,26,0.0,9.0,23,-3.516580156403464,-8.284543681071963
2019-02-21 01:00:00,21.0,93,19.9,0.0,24,0.0,7.5,17,-2.192787785420526,-7.172285669722766
2019-02-21 02:00:00,20.5,95,19.7,0.0,12,0.0,8.3,2,-0.2896658226307581,-8.294943864258496
2019-02-21 03:00:00,20.1,96,19.4,0.0,23,0.0,10.1,2,-0.3524849166952598,-10.093847352892867
2019-02-21 04:00:00,19.8,97,19.2,0.0,13,0.0,10.8,4,-0.7533699164365533,-10.773691742806102
2019-02-21 05:00:00,19.7,96,19.1,0.0,24,0.0,10.5,6,-1.0975488643103617,-10.44247990136687
2019-02-21 06:00:00,19.7,95,19.0,0.0,22,0.0,9.5,11,-1.812685456077176,-9.325458242752807
2019-02-21 07:00:00,19.8,95,18.9,0.0,26,3.0,9.0,16,-2.4807362023529924,-8.65135526344487
2019-02-21 08:00:00,20.8,92,19.4,0.0,31,75.0,8.8,12,-1.8296228791962823,-8.607698886457491
2019-02-21 09:00:00,22.4,84,19.6,0.0,39,210.0,10.1,2,-0.3524849166952598,-10.093847352892867
2019-02-21 10:00:00,23.8,77,19.6,0.0,46,350.0,10.9,351,1.7051356689385189,-10.765802912487
2019-02-21 11:00:00,24.9,73,19.6,0.0,38,444.0,9.3,332,4.366085533908785,-8.211412613588022
2019-02-21 12:00:00,25.5,70,19.6,0.2,45,479.0,8.3,326,4.6413010988071965,-6.881011852206848
2019-02-21 13:00:00,25.9,68,19.5,0.1,36,536.0,8.2,322,5.048424097670397,-6.46168817957512
2019-02-21 14:00:00,26.1,67,19.4,0.0,39,517.0,7.4,317,5.046787864462488,-5.412017391981864
2019-02-21 15:00:00,25.8,68,19.5,0.0,44,380.0,6.9,313,5.046340541172276,-4.705788684431241
2019-02-21 16:00:00,25.7,69,19.5,0.0,54,239.0,6.8,328,3.603450996785794,-5.766727053863695
2019-02-21 17:00:00,25.2,71,19.5,0.0,51,112.0,7.2,354,0.7526049355271046,-7.160557646651568
2019-02-21 18:00:00,24.5,75,19.7,0.0,44,20.0,5.4,360,1.3226185430791417e-15,-5.4
2019-02-21 19:00:00,23.5,80,19.8,0.0,52,0.0,8.8,12,-1.8296228791962823,-8.607698886457491
2019-02-21 20:00:00,22.7,84,19.9,0.0,68,0.0,9.5,9,-1.4861274178821933,-9.38303923565381
2019-02-21 21:00:00,21.9,88,19.9,0.1,81,0.0,12.2,360,2.9881381899195417e-15,-12.2
2019-02-21 22:00:00,21.5,89,19.7,0.0,78,0.0,12.1,12,-2.515731458894888,-11.835585968879048
2019-02-21 23:00:00,21.0,91,19.5,0.0,73,0.0,11.2,21,-4.013721034907363,-10.45610077676866
2019-02-22 00:00:00,20.7,93,19.4,0.0,70,0.0,9.5,9,-1.4861274178821933,-9.38303923565381
2019-02-22 01:00:00,20.4,94,19.4,0.0,66,0.0,9.0,2,-0.3140954703225087,-8.994517443171862
2019-02-22 02:00:00,20.1,95,19.2,0.0,49,0.0,10.1,358,0.3524849166952583,-10.093847352892867
2019-02-22 03:00:00,19.5,94,18.5,0.1,75,0.0,12.3,353,1.498992923883311,-12.208317665188265
2019-02-22 04:00:00,19.6,93,18.4,0.1,62,0.0,13.0,2,-0.4536934571325126,-12.992080751248244
2019-02-22 05:00:00,19.5,92,18.2,0.0,65,0.0,11.7,11,-2.232465245905574,-11.485038046337667
2019-02-22 06:00:00,19.5,92,18.1,0.0,45,0.0,10.1,6,-1.0557374790033,-10.04467114321956
2019-02-22 07:00:00,19.5,93,18.3,0.0,42,3.0,12.0,344,3.3076482698039875,-11.535140351259829
2019-02-22 08:00:00,20.7,91,19.2,0.0,47,75.0,18.9,342,5.840421193686511,-17.9749681579784
2019-02-22 09:00:00,22.0,85,19.3,0.0,66,220.0,22.0,356,1.534642422370764,-21.94640910571613
2019-02-22 10:00:00,23.0,77,18.9,0.0,71,352.0,19.8,3,-1.036251933610288,-19.772864788140563
2019-02-22 11:00:00,24.0,71,18.4,0.0,53,468.0,18.0,357,0.9420472123729986,-17.975331625582328
2019-02-22 12:00:00,24.8,66,18.1,0.0,40,553.0,17.7,347,3.981633661886416,-17.24635014669866
2019-02-22 13:00:00,25.3,63,17.8,0.0,24,598.0,19.3,339,6.916501426224305,-18.01810223139599
2019-02-22 14:00:00,25.5,62,17.6,0.0,12,636.0,21.7,339,7.776584505133027,-20.258695254989277
2019-02-22 15:00:00,24.5,65,17.5,0.0,10,469.0,24.8,343,7.250818277123882,-23.71635794788328
2019-02-22 16:00:00,23.1,70,17.2,0.0,29,230.0,26.4,354,2.75955143026605,-26.25537803772241
2019-02-22 17:00:00,21.9,72,16.7,0.0,29,124.0,23.4,1,-0.4083863106324341,-23.396436066659557
2019-02-22 18:00:00,20.7,76,16.4,0.0,14,25.0,18.8,355,1.6385279636559764,-18.728460324124818
2019-02-22 19:00:00,19.7,80,16.1,0.0,26,0.0,18.0,360,4.408728476930472e-15,-18.0
2019-02-22 20:00:00,19.2,82,16.1,0.0,35,0.0,17.3,360,4.237277925049842e-15,-17.3
2019-02-22 21:00:00,19.0,83,16.0,0.0,41,0.0,16.6,358,0.5793316452615137,-16.58988772851699
2019-02-22 22:00:00,18.9,83,15.9,0.0,44,0.0,16.9,359,0.2949456687900921,-16.89742604814301
2019-02-22 23:00:00,18.7,83,15.8,0.0,43,0.0,16.2,359,0.2827289842839937,-16.197532661533536
2019-02-23 00:00:00,18.6,84,15.8,0.0,38,0.0,15.9,354,1.6620025659556894,-15.812898136355546
2019-02-23 01:00:00,18.6,84,15.8,0.0,35,0.0,18.6,351,2.9096810497482983,-18.37100313506956
2019-02-23 02:00:00,18.4,84,15.6,0.0,43,0.0,20.7,353,2.5226954084865474,-20.545705338975367
2019-02-23 03:00:00,18.3,85,15.8,0.2,32,0.0,21.3,356,1.485812890749876,-21.248114270534256
2019-02-23 04:00:00,17.8,86,15.4,0.1,24,0.0,19.8,360,4.849601324623519e-15,-19.8
2019-02-23 05:00:00,17.8,85,15.2,0.0,39,0.0,16.6,1,-0.2897099468589063,-16.597471739596095
2019-02-23 06:00:00,17.7,85,15.1,0.0,23,0.0,13.4,355,1.1678869528186215,-13.34900895442939
2019-02-23 07:00:00,17.8,84,15.2,0.1,33,4.0,12.6,357,0.659433048661099,-12.58273213790763
2019-02-23 08:00:00,18.9,81,15.6,0.3,37,87.0,11.7,349,2.2324652459055723,-11.485038046337667
2019-02-23 09:00:00,19.9,79,16.1,0.5,47,225.0,13.1,339,4.69462013904344,-12.22990358711334
2019-02-23 10:00:00,21.1,72,16.0,0.1,41,366.0,15.0,339,5.375519243179512,-14.003706397458023
2019-02-23 11:00:00,22.0,69,16.0,0.0,51,458.0,15.5,342,4.789763412811689,-14.74137600257488
2019-02-23 12:00:00,22.9,66,16.2,0.0,33,519.0,15.8,343,4.619472934619247,-15.109615144215958
2019-02-23 13:00:00,23.8,64,16.6,0.0,41,593.0,16.7,346,4.0400956565144535,-16.20393862880914
2019-02-23 14:00:00,24.0,64,16.7,0.0,48,488.0,16.9,348,3.5137075748201414,-16.530694452401313
2019-02-23 15:00:00,22.8,63,15.4,0.0,45,319.0,19.2,347,4.319060243402214,-18.707905243876517
2019-02-23 16:00:00,22.0,65,15.0,0.0,48,217.0,22.1,354,2.310079038215141,-21.97893388763884
2019-02-23 17:00:00,21.0,67,14.6,0.0,32,120.0,20.9,1,-0.3647552945392254,-20.89681682876857
2019-02-23 18:00:00,19.9,71,14.4,0.0,33,23.0,19.5,357,1.020551146737415,-19.47327592771419
2019-02-23 19:00:00,18.8,75,14.3,0.0,47,0.0,21.7,355,1.8912796176241853,-21.61742494859088
2019-02-23 20:00:00,18.3,77,14.2,0.0,62,0.0,20.6,4,-1.4369833591289811,-20.54981943535238
2019-02-23 21:00:00,18.2,78,14.3,0.0,85,0.0,16.2,4,-1.1300548746548298,-16.16053761420915
2019-02-23 22:00:00,18.2,79,14.5,0.1,87,0.0,15.2,356,1.0602984009107097,-15.162973563949327
2019-02-23 23:00:00,18.0,81,14.8,0.1,84,0.0,14.4,357,0.7536377698983989,-14.380265300465863
2019-02-24 00:00:00,18.0,83,15.0,0.1,59,0.0,14.1,356,0.9835662797921716,-14.06565310866352
2019-02-24 01:00:00,18.0,84,15.3,0.0,78,0.0,13.4,352,1.8649195528648828,-13.26959212113704
2019-02-24 02:00:00,17.8,86,15.5,0.1,70,0.0,15.0,349,2.86213493064817,-14.72440775171496
2019-02-24 03:00:00,18.0,86,15.6,0.3,71,0.0,16.7,354,1.745625336569812,-16.608515652650162
2019-02-24 04:00:00,17.9,87,15.7,0.0,62,0.0,17.3,356,1.2067869957733734,-17.257858069494958
2019-02-24 05:00:00,17.8,88,15.7,0.4,71,0.0,17.7,358,0.6177210916342646,-17.689217638237995
2019-02-24 06:00:00,17.7,89,15.9,0.4,100,0.0,16.6,356,1.1579574641524857,-16.55956323431308
2019-02-24 07:00:00,17.8,90,16.1,0.8,69,1.0,13.0,5,-1.1330246557195562,-12.950531075192693
2019-02-24 08:00:00,17.9,90,16.2,1.2,70,4.0,13.5,351,2.1118652780431195,-13.33379259803436
2019-02-24 09:00:00,18.0,92,16.6,0.8,43,11.0,15.5,348,3.222631207675278,-15.161287811373986
2019-02-24 10:00:00,18.6,87,16.4,0.7,25,38.0,15.6,353,1.9011617571202968,-15.483719965604624
2019-02-24 11:00:00,20.1,81,16.7,0.6,34,192.0,16.0,351,2.502951440643697,-15.803013449522204
2019-02-24 12:00:00,21.0,76,16.6,0.2,51,237.0,16.6,347,3.7341875021081647,-16.174543075434904
2019-02-24 13:00:00,21.7,73,16.6,0.2,62,202.0,19.3,346,4.66909258507359,-18.726707517126734
2019-02-24 14:00:00,21.8,73,16.7,0.2,65,184.0,22.9,353,2.790807963977872,-22.729306872586275
2019-02-24 15:00:00,20.9,80,17.3,0.4,61,161.0,22.7,358,0.7922185751467686,-22.686171773333477
2019-02-24 16:00:00,20.0,84,17.3,0.6,59,76.0,21.3,357,1.1147558679747152,-21.270809090272422
2019-02-24 17:00:00,19.4,88,17.4,0.5,83,23.0,20.6,356,1.4369833591289882,-20.54981943535238
2019-02-24 18:00:00,19.0,89,17.1,0.5,84,4.0,18.8,356,1.311421706389562,-18.754204144884696
2019-02-24 19:00:00,18.7,90,17.1,0.4,100,0.0,17.0,356,1.1858600536501358,-16.958588854417012
2019-02-24 20:00:00,18.6,91,17.1,0.5,100,0.0,15.3,352,2.129348444689008,-15.151101451746026
2019-02-24 21:00:00,18.6,91,17.1,0.5,100,0.0,16.2,348,3.3681693912477098,-15.845991131887647
2019-02-24 22:00:00,18.6,90,17.0,0.4,100,0.0,17.1,352,2.3798600264171266,-16.933583975480854
2019-02-24 23:00:00,18.5,89,16.6,1.1,100,0.0,18.1,353,2.205835115633165,-17.96508534470793
2019-02-25 00:00:00,18.3,90,16.6,0.9,100,0.0,18.4,357,0.9629815948701764,-18.37478343948416
2019-02-25 01:00:00,18.2,90,16.4,0.7,100,0.0,18.4,356,1.2835191168919116,-18.355178524780765
2019-02-25 02:00:00,18.2,88,16.3,0.6,100,0.0,18.0,358,0.6281909406450148,-17.989034886343724
2019-02-25 03:00:00,18.2,89,16.3,0.8,100,0.0,17.4,353,2.1205265752495617,-17.270303038559003
2019-02-25 04:00:00,18.1,89,16.3,0.4,100,0.0,18.8,355,1.6385279636559764,-18.728460324124818
2019-02-25 05:00:00,18.1,90,16.4,0.3,100,0.0,18.8,356,1.311421706389562,-18.754204144884696
2019-02-25 06:00:00,18.1,89,16.3,0.3,74,0.0,16.2,357,0.8478424911356988,-16.177798463024097
2019-02-25 07:00:00,18.2,88,16.3,0.1,30,2.0,15.5,356,1.0812253430339474,-15.462242779027276
2019-02-25 08:00:00,18.9,86,16.5,0.0,26,53.0,16.3,354,1.7038139512627508,-16.210706894502856
2019-02-25 09:00:00,20.2,80,16.6,0.0,13,205.0,17.2,350,2.986748655871202,-16.938693351809977
2019-02-25 10:00:00,21.8,73,16.6,0.0,8,435.0,18.2,346,4.402978499913955,-17.659382218223136
2019-02-25 11:00:00,22.8,68,16.6,0.0,8,579.0,18.8,348,3.908739787373886,-18.389174893795545
2019-02-25 12:00:00,23.3,66,16.7,0.0,8,638.0,20.2,349,3.854341706606202,-19.828869105642813
2019-02-25 13:00:00,23.6,65,16.7,0.0,27,674.0,19.4,349,3.701694510304966,-19.04356735888468
2019-02-25 14:00:00,23.5,65,16.7,0.0,10,591.0,18.0,348,3.7424104347196776,-17.6066568132085
2019-02-25 15:00:00,23.9,65,16.8,0.0,4,484.0,16.8,351,2.6280990126758823,-16.593164121998313
2019-02-25 16:00:00,23.6,66,16.8,0.0,4,321.0,16.7,354,1.745625336569812,-16.608515652650162
2019-02-25 17:00:00,22.8,69,16.7,0.0,4,165.0,16.7,354,1.745625336569812,-16.608515652650162
2019-02-25 18:00:00,21.3,75,16.6,0.0,21,30.0,15.9,355,1.385776309687767,-15.839495699658755
2019-02-25 19:00:00,20.1,79,16.4,0.0,21,0.0,18.0,358,0.6281909406450148,-17.989034886343724
2019-02-25 20:00:00,19.3,83,16.3,0.0,19,0.0,15.8,360,3.869883885305636e-15,-15.8
2019-02-25 21:00:00,19.0,85,16.4,0.0,17,0.0,13.8,353,1.681796938991032,-13.697136892650246
2019-02-25 22:00:00,18.7,87,16.5,0.0,20,0.0,15.5,348,3.222631207675278,-15.161287811373986
2019-02-25 23:00:00,18.6,87,16.4,0.0,32,0.0,17.8,353,2.1692743126116207,-17.667321499215532
2019-02-26 00:00:00,18.4,88,16.4,0.0,38,0.0,17.6,360,4.310756732998684e-15,-17.6
2019-02-26 01:00:00,18.1,89,16.3,0.0,50,0.0,14.8,1,-0.258295615271796,-14.79774588831459
2019-02-26 02:00:00,18.1,90,16.3,0.0,41,0.0,13.0,355,1.1330246557195582,-12.950531075192693
2019-02-26 03:00:00,18.3,89,16.4,0.0,35,0.0,14.8,346,3.5804440548750844,-14.360376748884748
2019-02-26 04:00:00,18.3,89,16.4,0.0,43,0.0,17.5,351,2.737603138204044,-17.28454596041491
2019-02-26 05:00:00,18.3,88,16.3,0.0,55,0.0,17.3,360,4.237277925049842e-15,-17.3
2019-02-26 06:00:00,18.2,88,16.2,0.0,64,0.0,13.4,8,-1.864919552864877,-13.269592121137045
2019-02-26 07:00:00,18.3,87,16.1,0.0,33,4.0,12.6,360,3.08610993385133e-15,-12.6
2019-02-26 08:00:00,19.6,82,16.5,0.0,38,100.0,14.9,352,2.0736792043049816,-14.754994224249398
2019-02-26 09:00:00,21.3,74,16.5,0.0,34,268.0,16.2,360,3.967855629237425e-15,-16.2
2019-02-26 10:00:00,22.8,68,16.7,0.0,15,438.0,14.8,359,0.2582956152717967,-14.79774588831459
2019-02-26 11:00:00,23.9,65,17.0,0.0,21,602.0,14.6,350,2.535263393937184,-14.378193193978236
2019-02-26 12:00:00,24.5,64,17.1,0.0,26,686.0,15.5,347,3.4867413423299127,-15.102736004171144
2019-02-26 13:00:00,24.8,63,17.2,0.0,16,717.0,15.7,351,2.456021101131628,-15.50670694734366
2019-02-26 14:00:00,24.8,62,17.1,0.0,10,658.0,14.8,354,1.5470212563612706,-14.718924051450443
2019-02-26 15:00:00,24.7,62,16.9,0.0,9,517.0,13.0,354,1.3588700224794945,-12.928784639787551
2019-02-26 16:00:00,24.3,63,16.9,0.0,8,350.0,11.0,349,2.098898949141992,-10.797899017924305
2019-02-26 17:00:00,23.7,65,16.8,0.0,14,154.0,9.5,349,1.8126854560771744,-9.325458242752807
2019-02-26 18:00:00,22.8,70,17.0,0.0,31,29.0,8.7,353,1.0602632876247808,-8.635151519279502
2019-02-26 19:00:00,21.6,76,17.1,0.0,35,0.0,8.6,345,2.225843787881678,-8.306962106085987
2019-02-26 20:00:00,20.7,81,17.3,0.0,35,0.0,10.7,348,2.2246550917500305,-10.46617932785172
2019-02-26 21:00:00,20.1,83,17.2,0.0,35,0.0,11.7,349,2.2324652459055723,-11.485038046337667
2019-02-26 22:00:00,19.8,84,17.1,0.0,33,0.0,12.0,353,1.4624321208617668,-11.910553819695863
2019-02-26 23:00:00,19.6,85,17.0,0.0,41,0.0,10.9,354,1.1393602496174222,-10.84028865951418
2019-02-27 00:00:00,19.2,88,17.1,0.0,41,0.0,10.5,352,1.4613175600806918,-10.397814721786489
2019-02-27 01:00:00,19.0,89,17.1,0.0,44,0.0,10.1,354,1.0557374790032994,-10.04467114321956
2019-02-27 02:00:00,18.7,91,17.2,0.0,36,0.0,10.9,354,1.1393602496174222,-10.84028865951418
2019-02-27 03:00:00,19.0,88,17.0,0.0,21,0.0,10.5,354,1.0975488643103608,-10.44247990136687
2019-02-27 04:00:00,18.7,90,17.0,0.0,25,0.0,10.1,356,0.7045403848156689,-10.075396907624224
2019-02-27 05:00:00,18.6,91,17.1,0.0,26,0.0,10.5,354,1.0975488643103608,-10.44247990136687
2019-02-27 06:00:00,18.5,92,17.1,0.0,31,0.0,11.4,349,2.175222547292609,-11.19054989130337
2019-02-27 07:00:00,18.7,92,17.3,0.0,51,6.0,12.7,353,1.5477406612453697,-12.60533612584479
2019-02-27 08:00:00,20.1,86,17.6,0.0,42,102.0,13.7,357,0.7170026005283379,-13.68122462613766
2019-02-27 09:00:00,21.6,78,17.5,0.0,46,249.0,13.7,357,0.7170026005283379,-13.68122462613766
2019-02-27 10:00:00,23.0,71,17.5,0.0,39,440.0,12.7,352,1.7674983821928365,-12.57640447301794
2019-02-27 11:00:00,24.1,68,17.8,0.0,35,613.0,11.4,342,3.522793735874404,-10.84204428576475
2019-02-27 12:00:00,24.8,66,17.9,0.0,27,696.0,10.0,334,4.383711467890778,-8.987940462991668
2019-02-27 13:00:00,25.2,64,18.0,0.0,14,702.0,8.9,328,4.716281451675525,-7.54762805579219
2019-02-27 14:00:00,25.4,64,18.0,0.0,11,631.0,8.6,327,4.683895701129232,-7.212566884330647
2019-02-27 15:00:00,25.2,65,18.1,0.0,11,459.0,9.2,329,4.738350289172501,-7.885939166459431
2019-02-27 16:00:00,24.9,65,18.0,0.0,9,327.0,9.7,333,4.403707847473605,-8.642763284627167
2019-02-27 17:00:00,24.3,68,18.0,0.0,7,176.0,9.4,342,2.9047597471245084,-8.939931253174443
2019-02-27 18:00:00,23.2,73,18.1,0.0,2,32.0,8.3,342,2.564841053312066,-7.893769085249775
2019-02-27 19:00:00,21.9,79,18.1,0.0,4,0.0,9.6,347,2.159530121701107,-9.353952621938255
2019-02-27 20:00:00,21.1,82,17.9,0.0,3,0.0,9.5,351,1.4861274178821953,-9.383039235653808
2019-02-27 21:00:00,20.5,85,17.8,0.0,6,0.0,8.4,350,1.4586446924022154,-8.272385125302547
2019-02-27 22:00:00,20.1,86,17.8,0.0,14,0.0,7.3,351,1.141971594793687,-7.210124886344505
2019-02-27 23:00:00,20.0,87,17.7,0.0,9,0.0,8.5,348,1.767249371950959,-8.314254606237347
2019-02-28 00:00:00,19.8,87,17.6,0.0,7,0.0,9.1,353,1.1090110249868397,-9.03216997993603
2019-02-28 01:00:00,19.7,87,17.5,0.0,20,0.0,9.1,7,-1.109011024986842,-9.032169979936029
2019-02-28 02:00:00,19.5,87,17.4,0.0,20,0.0,8.1,13,-1.8221035401853063,-7.892397524760405
2019-02-28 03:00:00,19.6,86,17.3,0.0,28,0.0,8.2,15,-2.12231616984067,-7.92059177557036
2019-02-28 04:00:00,19.8,84,17.0,0.0,31,0.0,8.4,10,-1.458644692402215,-8.272385125302547
2019-02-28 05:00:00,19.7,84,17.0,0.0,38,0.0,9.0,360,2.204364238465236e-15,-9.0
2019-02-28 06:00:00,19.8,85,17.3,0.0,34,0.0,11.2,356,0.781272505934207,-11.17271736291003
2019-02-28 07:00:00,19.9,87,17.7,0.0,42,5.0,13.0,3,-0.6803674311582698,-12.98218395180946
2019-02-28 08:00:00,21.2,83,18.2,0.0,38,97.0,11.9,358,0.4153040107597598,-11.89275084152724
2019-02-28 09:00:00,22.8,75,18.2,0.0,34,269.0,11.9,355,1.037153338697134,-11.854716907291772
2019-02-28 10:00:00,24.2,69,18.0,0.0,32,420.0,12.3,353,1.498992923883311,-12.208317665188265
2019-02-28 11:00:00,25.3,65,18.2,0.0,25,568.0,12.4,350,2.153237403069937,-12.21161613735138
2019-02-28 12:00:00,26.1,63,18.5,0.0,16,654.0,14.6,344,4.024305394928184,-14.034420760699456
2019-02-28 13:00:00,26.3,64,18.8,0.0,21,622.0,16.1,344,4.437761428653683,-15.476313304606936
2019-02-28 14:00:00,26.2,64,18.9,0.0,25,497.0,15.2,346,3.6772128131149513,-14.748495039395143
2019-02-28 15:00:00,25.9,67,19.3,0.0,30,452.0,15.1,348,3.139466531348174,-14.770028771080463
2019-02-28 16:00:00,25.5,68,19.1,0.0,18,286.0,16.5,349,3.148348423712987,-16.196848526886455
2019-02-28 17:00:00,24.6,71,19.0,0.0,28,137.0,16.3,354,1.7038139512627508,-16.210706894502856
2019-02-28 18:00:00,23.0,77,18.9,0.0,18,26.0,16.0,351,2.502951440643697,-15.803013449522204
2019-02-28 19:00:00,21.8,82,18.5,0.0,22,0.0,17.4,354,1.8187952608571691,-17.304680979407955
2019-02-28 20:00:00,21.0,84,18.3,0.0,28,0.0,17.3,360,4.237277925049842e-15,-17.3
2019-02-28 21:00:00,20.3,87,18.1,0.0,44,0.0,15.8,1,-0.2757480217090794,-15.797593583470984
2019-02-28 22:00:00,20.0,89,18.0,0.0,35,0.0,15.1,359,0.2635313372029818,-15.097700196861508
2019-02-28 23:00:00,19.6,90,17.9,0.0,39,0.0,15.1,359,0.2635313372029818,-15.097700196861508
2019-03-01 00:00:00,19.4,90,17.8,0.0,45,0.0,13.7,360,3.355532229663748e-15,-13.7
2019-03-01 01:00:00,19.2,91,17.7,0.0,51,0.0,12.6,357,0.659433048661099,-12.58273213790763
2019-03-01 02:00:00,19.1,91,17.7,0.0,50,0.0,12.7,353,1.5477406612453697,-12.60533612584479
2019-03-01 03:00:00,19.1,90,17.4,0.0,47,0.0,14.2,353,1.7305446763530905,-14.094155353306771
2019-03-01 04:00:00,19.0,90,17.3,0.0,44,0.0,15.6,353,1.9011617571202968,-15.483719965604624
2019-03-01 05:00:00,18.9,90,17.2,0.0,57,0.0,15.9,355,1.385776309687767,-15.839495699658755
2019-03-01 06:00:00,18.8,90,17.1,0.0,77,0.0,15.2,356,1.0602984009107097,-15.162973563949327
2019-03-01 07:00:00,18.9,90,17.2,0.0,62,6.0,14.8,354,1.5470212563612706,-14.718924051450443
2019-03-01 08:00:00,20.3,84,17.4,0.0,59,102.0,14.1,354,1.473851332073913,-14.022758724692652
2019-03-01 09:00:00,21.8,76,17.5,0.0,59,249.0,12.0,351,1.8772135804827728,-11.852260087141651
2019-03-01 10:00:00,23.5,70,17.7,0.0,51,455.0,11.3,343,3.30380026336693,-10.8062437423823
2019-03-01 11:00:00,24.6,68,18.2,0.0,58,615.0,11.6,338,4.345436483624583,-10.755332712974733
2019-03-01 12:00:00,25.3,66,18.5,0.0,53,692.0,12.7,335,5.36725192410688,-11.510108895365455
2019-03-01 13:00:00,25.6,65,18.6,0.0,54,648.0,13.9,335,5.87439383819572,-12.597678239809436
2019-03-01 14:00:00,25.7,64,18.5,0.0,59,602.0,15.0,339,5.375519243179512,-14.003706397458023
2019-03-01 15:00:00,24.8,67,18.3,0.0,55,443.0,16.2,343,4.736421616508342,-15.492137046601172
2019-03-01 16:00:00,24.0,70,18.1,0.1,54,270.0,16.9,348,3.5137075748201414,-16.530694452401313
2019-03-01 17:00:00,23.0,75,18.2,0.1,49,100.0,16.3,352,2.268521545649074,-16.141369520487597
2019-03-01 18:00:00,21.9,80,18.2,0.0,42,23.0,13.7,357,0.7170026005283379,-13.68122462613766
2019-03-01 19:00:00,21.0,84,18.2,0.0,39,0.0,13.7,358,0.4781231048242612,-13.691654330161612
2019-03-01 20:00:00,20.5,87,18.2,0.0,46,0.0,13.3,358,0.4641633061432609,-13.291897999353974
2019-03-01 21:00:00,20.1,89,18.2,0.0,41,0.0,13.0,357,0.6803674311582768,-12.98218395180946
2019-03-01 22:00:00,19.8,91,18.2,0.0,32,0.0,13.4,354,1.4006814077865557,-13.326593397934865
2019-03-01 23:00:00,19.5,92,18.2,0.0,30,0.0,13.4,352,1.8649195528648828,-13.26959212113704
2019-03-02 00:00:00,19.3,93,18.2,0.0,41,0.0,13.0,355,1.1330246557195582,-12.950531075192693
2019-03-02 01:00:00,19.2,94,18.1,0.0,40,0.0,11.2,360,2.743208830090071e-15,-11.2
2019-03-02 02:00:00,19.0,94,18.0,0.0,32,0.0,9.0,2,-0.3140954703225087,-8.994517443171862
2019-03-02 03:00:00,18.8,94,17.8,0.0,34,0.0,10.1,354,1.0557374790032994,-10.04467114321956
2019-03-02 04:00:00,18.7,94,17.7,0.0,29,0.0,10.5,356,0.7324429743133192,-10.474422527728152
2019-03-02 05:00:00,18.5,94,17.5,0.0,27,0.0,9.4,356,0.655710853194781,-9.377102072442348
2019-03-02 06:00:00,18.4,94,17.5,0.0,22,0.0,10.2,352,1.419565629792672,-10.100734301164016
2019-03-02 07:00:00,18.7,95,17.8,0.0,37,8.0,11.0,349,2.098898949141992,-10.797899017924305
2019-03-02 08:00:00,20.0,92,18.7,0.0,33,112.0,10.7,348,2.2246550917500305,-10.46617932785172
2019-03-02 09:00:00,21.9,81,18.6,0.0,30,259.0,10.1,343,2.952954217699645,-9.658678035226655
2019-03-02 10:00:00,23.5,73,18.4,0.0,28,424.0,9.2,334,4.033014550459515,-8.268905225952334
2019-03-02 11:00:00,24.5,70,18.6,0.0,28,554.0,8.6,327,4.683895701129232,-7.212566884330647
2019-03-02 12:00:00,25.2,68,18.8,0.0,43,577.0,7.4,313,5.412017391981861,-5.04678786446249
2019-03-02 13:00:00,25.8,66,19.0,0.0,76,606.0,7.9,309,6.13945309551007,-4.971631089293717
2019-03-02 14:00:00,25.7,67,19.0,0.0,81,397.0,9.2,312,6.836932394392029,-6.156001578501491
2019-03-02 15:00:00,24.8,71,19.2,0.0,79,293.0,8.9,317,6.069785404556234,-6.50904794441062
2019-03-02 16:00:00,24.5,73,19.3,0.0,63,248.0,9.8,332,4.60082131530173,-8.652886410017485
2019-03-02 17:00:00,24.1,74,19.3,0.0,50,134.0,9.7,345,2.5105447374944503,-9.369480515003962
2019-03-02 18:00:00,23.4,78,19.3,0.0,55,22.0,6.1,360,1.4940690949597709e-15,-6.1
2019-03-02 19:00:00,22.4,83,19.3,0.0,49,0.0,7.0,12,-1.4553818357243151,-6.84703320513664
2019-03-02 20:00:00,21.7,87,19.3,0.0,51,0.0,7.4,29,-3.5875911898228945,-6.472185832831529
2019-03-02 21:00:00,21.3,89,19.4,0.0,35,0.0,6.9,62,-6.092338390726596,-3.239353783222647
2019-03-02 22:00:00,20.6,93,19.4,0.0,16,0.0,5.1,98,-5.050367150582009,0.7097828148963332
2019-03-02 23:00:00,20.0,94,19.1,0.0,9,0.0,6.7,126,-5.420413862312148,3.9381611903595695
2019-03-03 00:00:00,19.6,95,18.8,0.0,3,0.0,8.8,145,-5.047472639889205,7.208537989743129
2019-03-03 01:00:00,19.3,95,18.4,0.0,1,0.0,10.3,155,-4.352968095929205,9.334970206477497
2019-03-03 02:00:00,19.3,93,18.2,0.0,21,0.0,9.7,158,-3.6336839561343486,8.993683389297836
2019-03-03 03:00:00,19.8,90,18.2,0.0,21,0.0,10.5,158,-3.933369230867079,9.735430472951268
2019-03-03 04:00:00,20.3,88,18.3,0.0,2,0.0,11.0,157,-4.298042413382012,10.125553387976844
2019-03-03 05:00:00,20.6,87,18.3,0.0,5,0.0,9.5,155,-4.014873486536645,8.609923976848174
2019-03-03 06:00:00,20.7,86,18.3,0.0,5,0.0,9.6,146,-5.36825187331917,7.958760696528399
2019-03-03 07:00:00,20.9,86,18.5,0.0,9,8.0,8.0,153,-3.631923997916375,7.128052193506942
2019-03-03 08:00:00,22.8,80,19.1,0.0,16,89.0,6.8,148,-3.603450996785793,5.766727053863696
2019-03-03 09:00:00,24.5,69,18.5,0.0,14,209.0,7.6,161,-2.47431797387439,7.185941174554808
2019-03-03 10:00:00,25.7,64,18.5,0.0,37,339.0,9.7,202,3.6336839561343455,8.993683389297837
2019-03-03 11:00:00,26.2,64,18.8,0.4,52,437.0,9.2,249,8.588939923774255,3.296985135816766
2019-03-03 12:00:00,25.6,70,19.6,0.3,85,350.0,12.3,291,11.483039245915585,-4.407925779407195
2019-03-03 13:00:00,25.0,70,19.2,0.2,85,231.0,14.7,329,7.5710597011778,-12.600359320321049
2019-03-03 14:00:00,24.3,75,19.5,0.8,85,205.0,15.1,1,-0.263531337202981,-15.097700196861508
2019-03-03 15:00:00,23.8,78,19.6,0.2,66,203.0,15.8,359,0.2757480217090802,-15.797593583470984
2019-03-03 16:00:00,23.5,76,19.1,0.3,69,122.0,15.5,1,-0.2705122997778944,-15.497639274924063
2019-03-03 17:00:00,23.1,76,18.7,0.0,60,74.0,11.2,15,-2.8987733051482323,-10.818369254437563
2019-03-03 18:00:00,22.7,76,18.3,0.0,63,22.0,8.0,27,-3.631923997916374,-7.128052193506943
2019-03-03 19:00:00,22.3,77,18.2,0.0,47,0.0,6.3,24,-2.5624408513775414,-5.755336383148386
2019-03-03 20:00:00,21.9,80,18.3,0.0,50,0.0,6.8,302,5.766727053863697,-3.603450996785792
2019-03-03 21:00:00,21.8,80,18.2,0.0,56,0.0,8.8,305,7.208537989743128,-5.047472639889206
2019-03-03 22:00:00,21.5,80,17.9,0.0,32,0.0,10.8,307,8.625263508510766,-6.499602250042118
2019-03-03 23:00:00,21.0,83,18.0,0.0,5,0.0,13.3,319,8.72558508557375,-10.037637416962866
2019-03-04 00:00:00,20.2,89,18.3,0.0,3,0.0,14.8,342,4.573451516749226,-14.075636441168273
2019-03-04 01:00:00,19.7,93,18.5,0.0,11,0.0,15.1,359,0.2635313372029818,-15.097700196861508
2019-03-04 02:00:00,19.3,95,18.5,0.0,10,0.0,14.4,1,-0.2513146526968826,-14.397806810252035
2019-03-04 03:00:00,19.1,92,17.8,0.0,5,0.0,14.4,357,0.7536377698983989,-14.380265300465863
2019-03-04 04:00:00,18.6,91,17.1,0.0,4,0.0,14.8,356,1.0323958114130594,-14.763947943845398
2019-03-04 05:00:00,18.4,91,16.8,0.0,0,0.0,15.2,353,1.8524140197582375,-15.086701504948095
2019-03-04 06:00:00,18.2,91,16.7,0.0,1,0.0,16.3,354,1.7038139512627508,-16.210706894502856
2019-03-04 07:00:00,18.4,91,16.8,0.0,3,10.0,17.3,358,0.6037612929532643,-17.289461307430358
2019-03-04 08:00:00,19.8,83,16.9,0.0,1,125.0,16.2,360,3.967855629237425e-15,-16.2
2019-03-04 09:00:00,21.5,73,16.5,0.0,1,322.0,13.7,357,0.7170026005283379,-13.68122462613766
2019-03-04 10:00:00,23.1,65,16.1,0.0,0,522.0,12.0,351,1.8772135804827728,-11.852260087141651
2019-03-04 11:00:00,24.4,59,15.8,0.0,0,674.0,11.5,346,2.7821017993961803,-11.15840085217396
2019-03-04 12:00:00,25.2,56,15.9,0.0,0,760.0,11.8,340,4.0358376912428895,-11.08837292527372
2019-03-04 13:00:00,25.5,56,16.1,0.0,2,764.0,13.2,338,4.944807033090043,-12.238826880281591
2019-03-04 14:00:00,25.5,56,16.2,0.0,2,679.0,15.3,341,4.981192763194498,-14.466434206669549
2019-03-04 15:00:00,24.9,58,15.9,0.0,5,514.0,16.3,346,3.9433268982745866,-15.815820338298742
2019-03-04 16:00:00,24.3,59,15.7,0.0,8,337.0,16.0,352,2.226769615361054,-15.844289099865124
2019-03-04 17:00:00,23.6,60,15.5,0.0,7,177.0,14.4,360,3.5269827815443773e-15,-14.4
2019-03-04 18:00:00,22.3,66,15.7,0.0,10,38.0,9.2,11,-1.755442757464212,-9.030970087718508
2019-03-04 19:00:00,21.2,72,16.0,0.0,10,0.0,9.8,6,-1.024378940023004,-9.746314574609078
2019-03-04 20:00:00,20.5,77,16.2,0.0,34,0.0,8.8,9,-1.3766232923540318,-8.691657397237213
2019-03-04 21:00:00,20.0,80,16.5,0.0,41,0.0,7.6,19,-2.474317973874391,-7.185941174554808
2019-03-04 22:00:00,19.8,82,16.7,0.0,52,0.0,7.3,9,-1.1419715947936853,-7.210124886344506
2019-03-04 23:00:00,19.8,83,16.9,0.0,50,0.0,7.2,357,0.3768188849491994,-7.190132650232932
2019-03-05 00:00:00,19.6,85,17.0,0.0,48,0.0,8.0,355,0.6972459419812665,-7.969557584733964
2019-03-05 01:00:00,19.5,85,17.0,0.0,35,0.0,7.6,8,-1.0577155672964973,-7.5260373224359345
2019-03-05 02:00:00,19.5,85,17.0,0.0,39,0.0,10.1,354,1.0557374790032994,-10.04467114321956
2019-03-05 03:00:00,19.6,85,16.9,0.0,45,0.0,10.8,360,2.645237086158283e-15,-10.8
2019-03-05 04:00:00,19.6,84,16.8,0.0,56,0.0,10.9,9,-1.7051356689385164,-10.765802912487002
2019-03-05 05:00:00,19.7,82,16.6,0.0,52,0.0,10.0,13,-2.24951054343865,-9.743700647852352
2019-03-05 06:00:00,19.6,83,16.7,0.0,61,0.0,8.4,10,-1.458644692402215,-8.272385125302547
2019-03-05 07:00:00,19.8,83,16.9,0.0,89,2.0,6.8,25,-2.873804179836756,-6.162892951849219
2019-03-05 08:00:00,20.8,79,17.0,0.0,100,12.0,2.3,51,-1.7874357113510329,-1.447436899414626
2019-03-05 09:00:00,22.3,70,16.6,0.0,61,133.0,4.4,171,-0.6883116461770163,4.345828698618606
2019-03-05 10:00:00,23.7,68,17.5,0.0,25,359.0,8.1,212,4.292346040288959,6.869189578867051
2019-03-05 11:00:00,24.8,64,17.6,0.0,16,431.0,12.8,218,7.880466884168425,10.086537646166043
2019-03-05 12:00:00,25.7,62,17.8,0.0,11,468.0,16.2,217,9.749403375063183,12.937895262766144
2019-03-05 13:00:00,26.3,60,18.0,0.0,5,423.0,16.7,213,9.095471884750951,14.00579848468858
2019-03-05 14:00:00,26.7,59,18.2,0.0,10,521.0,14.7,208,6.901231972952595,12.979329615026224
2019-03-05 15:00:00,29.3,48,17.2,0.0,11,482.0,13.9,197,4.063966695646041,13.292636107886192
2019-03-05 16:00:00,28.9,50,17.4,0.0,14,324.0,10.8,201,3.870373855089245,10.08266860616978
2019-03-05 17:00:00,28.0,54,17.9,0.0,11,166.0,4.9,216,2.880147736233118,3.9641832724372423
2019-03-05 18:00:00,26.8,57,17.7,0.0,44,34.0,8.1,339,2.902780391316936,-7.562001454627332
2019-03-05 19:00:00,24.3,70,18.4,0.0,31,0.0,17.7,354,1.8501537998374653,-17.60303754801844
2019-03-05 20:00:00,22.7,78,18.7,0.0,46,0.0,19.8,357,1.0362519336102984,-19.772864788140563
2019-03-05 21:00:00,21.6,85,19.0,0.0,27,0.0,17.1,8,-2.379860026417119,-16.933583975480854
2019-03-05 22:00:00,20.9,90,19.2,0.0,36,0.0,11.3,9,-1.7677094549546088,-11.160878248725057
2019-03-05 23:00:00,20.5,93,19.2,0.0,71,0.0,11.2,356,0.781272505934207,-11.17271736291003
2019-03-06 00:00:00,20.5,94,19.5,0.0,100,0.0,11.9,355,1.037153338697134,-11.854716907291772
2019-03-06 01:00:00,20.6,94,19.6,0.1,100,0.0,11.3,353,1.3771235804781636,-11.21577151354694
2019-03-06 02:00:00,21.0,93,19.9,0.4,100,0.0,11.6,355,1.0110066158728364,-11.555858497864248
2019-03-06 03:00:00,19.9,89,18.0,0.2,100,0.0,12.3,355,1.0720156357961974,-12.253194786528471
2019-03-06 04:00:00,19.6,90,17.9,0.0,100,0.0,13.0,358,0.4536934571325107,-12.992080751248244
2019-03-06 05:00:00,19.6,90,17.9,0.0,96,0.0,11.9,2,-0.4153040107597615,-11.89275084152724
2019-03-06 06:00:00,19.6,90,17.9,0.0,82,0.0,12.6,357,0.659433048661099,-12.58273213790763
2019-03-06 07:00:00,19.8,90,18.2,0.0,74,8.0,12.7,352,1.7674983821928365,-12.57640447301794
2019-03-06 08:00:00,20.9,88,18.7,0.0,60,75.0,10.9,352,1.5169868004647182,-10.793921949283115
2019-03-06 09:00:00,22.6,80,18.9,0.0,36,205.0,8.4,340,2.8729692039356163,-7.893418014601631
2019-03-06 10:00:00,24.5,71,19.0,0.0,23,413.0,8.7,315,6.151828996322965,-6.151828996322961
2019-03-06 11:00:00,25.7,67,19.2,0.0,18,480.0,10.5,301,9.00025665737218,-5.407899786555569
2019-03-06 12:00:00,26.5,64,19.2,0.0,23,655.0,14.0,299,12.244675899951538,-6.787334683448722
2019-03-06 13:00:00,26.5,64,19.2,0.0,41,621.0,16.3,313,11.921065336392475,-11.116573269018728
2019-03-06 14:00:00,26.2,65,19.1,0.0,43,591.0,16.6,333,7.53624229567648,-14.790708301526909
2019-03-06 15:00:00,25.2,69,19.2,0.0,46,380.0,17.0,343,4.970318980286532,-16.2571808513716
2019-03-06 16:00:00,24.4,71,18.7,0.0,46,257.0,19.6,347,4.409040665139761,-19.09765326979061
2019-03-06 17:00:00,23.4,72,18.0,0.0,63,102.0,19.3,351,3.01918517527646,-19.06238497348616
2019-03-06 18:00:00,21.9,77,17.7,0.3,95,24.0,21.8,344,6.008894356810577,-20.95550497145535
2019-03-06 19:00:00,20.9,81,17.5,0.4,100,0.0,20.9,357,1.0938214854775372,-20.871357276370592
2019-03-06 20:00:00,20.2,85,17.7,0.5,100,0.0,18.0,360,4.408728476930472e-15,-18.0
2019-03-06 21:00:00,19.9,88,17.8,1.2,100,0.0,15.5,3,-0.8112073217656295,-15.478757788695894
2019-03-06 22:00:00,19.6,90,18.0,1.7,100,0.0,12.2,358,0.42577385977051,-12.192568089632967
2019-03-06 23:00:00,19.6,90,18.0,3.0,100,0.0,11.6,353,1.4136843834997077,-11.513535359039336
2019-03-07 00:00:00,19.6,91,18.1,3.8,100,0.0,11.9,355,1.037153338697134,-11.854716907291772
2019-03-07 01:00:00,19.8,91,18.4,3.8,100,0.0,10.9,352,1.5169868004647182,-10.793921949283115
2019-03-07 02:00:00,19.8,92,18.4,1.7,100,0.0,11.5,358,0.4013442120787595,-11.4929945107196
2019-03-07 03:00:00,19.5,90,17.7,0.5,100,0.0,13.1,352,1.823167622576863,-12.97251170051457
2019-03-07 04:00:00,19.2,90,17.6,0.5,100,0.0,13.3,358,0.4641633061432609,-13.291897999353974
2019-03-07 05:00:00,19.0,90,17.4,0.7,91,0.0,13.0,355,1.1330246557195582,-12.950531075192693
2019-03-07 06:00:00,18.9,89,17.1,0.0,100,0.0,12.2,360,2.9881381899195417e-15,-12.2
2019-03-07 07:00:00,18.9,88,16.9,0.2,100,2.0,13.8,354,1.442492793093617,-13.724402156082173
2019-03-07 08:00:00,19.3,87,17.0,0.5,100,36.0,15.1,357,0.79027293926846,-15.079305974794064
2019-03-07 09:00:00,19.8,85,17.2,0.4,100,97.0,15.5,357,0.8112073217656377,-15.478757788695894
2019-03-07 10:00:00,20.2,84,17.4,0.4,100,34.0,16.3,355,1.4206386067868306,-16.237973578895453
2019-03-07 11:00:00,21.3,79,17.5,0.4,100,255.0,17.3,356,1.2067869957733734,-17.257858069494958
2019-03-07 12:00:00,21.4,78,17.5,0.4,100,114.0,16.2,1,-0.2827289842839929,-16.197532661533536
2019-03-07 13:00:00,21.3,79,17.4,0.2,100,73.0,13.7,2,-0.4781231048242632,-13.691654330161612
2019-03-07 14:00:00,21.3,78,17.4,0.3,100,67.0,13.4,352,1.8649195528648828,-13.26959212113704
2019-03-07 15:00:00,19.6,87,17.5,1.1,100,5.0,16.8,351,2.6280990126758823,-16.593164121998313
2019-03-07 16:00:00,19.0,91,17.5,1.8,100,10.0,19.1,357,0.9996167642402376,-19.07382411381236
2019-03-07 17:00:00,18.4,91,16.9,2.2,100,3.0,21.6,357,1.1304566548475985,-21.5703979506988
2019-03-07 18:00:00,17.9,90,16.2,2.5,100,0.0,22.7,356,1.583471953991652,-22.644703940898008
2019-03-07 19:00:00,17.6,90,16.0,2.1,100,0.0,22.3,360,5.4619247241971945e-15,-22.3
2019-03-07 20:00:00,17.5,90,15.8,1.8,100,0.0,19.8,3,-1.036251933610288,-19.772864788140563
2019-03-07 21:00:00,17.5,90,15.8,2.2,100,0.0,16.6,2,-0.5793316452615161,-16.58988772851699
2019-03-07 22:00:00,17.7,89,15.9,2.3,100,0.0,16.0,352,2.226769615361054,-15.844289099865124
2019-03-07 23:00:00,17.7,89,15.9,2.6,100,0.0,18.1,353,2.205835115633165,-17.96508534470793
2019-03-08 00:00:00,17.7,89,15.8,2.3,100,0.0,16.3,6,-1.7038139512627517,-16.210706894502856
2019-03-08 01:00:00,17.6,88,15.7,0.6,100,0.0,13.8,6,-1.442492793093618,-13.724402156082173
2019-03-08 02:00:00,17.6,89,15.7,0.6,100,0.0,17.4,353,2.1205265752495617,-17.270303038559003
2019-03-08 03:00:00,17.3,86,15.0,0.5,100,0.0,19.1,359,0.333340962952116,-19.097090977487078
2019-03-08 04:00:00,17.2,87,15.1,0.9,100,0.0,16.6,4,-1.15795746415248,-16.55956323431308
2019-03-08 05:00:00,17.2,88,15.2,1.3,100,0.0,15.2,5,-1.324767289764404,-15.142159410994532
2019-03-08 06:00:00,17.3,88,15.3,0.9,100,0.0,15.9,4,-1.1091279325315924,-15.861268399131204
2019-03-08 07:00:00,17.3,89,15.4,1.2,100,0.0,14.3,12,-2.9731371786939587,-13.987510690493425
2019-03-08 08:00:00,17.5,87,15.4,1.2,100,0.0,11.2,2,-0.3908743630680108,-11.193177262613872
2019-03-08 09:00:00,17.9,88,15.9,0.8,100,1.0,12.3,355,1.0720156357961974,-12.253194786528471
2019-03-08 10:00:00,18.3,88,16.3,0.9,100,1.0,13.7,357,0.7170026005283379,-13.68122462613766
2019-03-08 11:00:00,18.6,86,16.2,0.5,100,0.0,15.5,359,0.2705122997778952,-15.497639274924063
2019-03-08 12:00:00,19.0,83,16.0,0.2,100,0.0,15.5,4,-1.0812253430339422,-15.462242779027276
2019-03-08 13:00:00,19.4,80,15.8,0.4,100,0.0,12.7,8,-1.767498382192831,-12.576404473017943
2019-03-08 14:00:00,19.6,79,15.8,0.2,100,1.0,9.6,20,-3.28339337592642,-9.02104915954472
2019-03-08 15:00:00,19.8,81,16.5,0.2,87,17.0,6.0,25,-2.5357095704441965,-5.437846722219899
2019-03-08 16:00:00,20.4,79,16.7,0.0,56,79.0,6.3,336,2.562440851377541,-5.755336383148386
2019-03-08 17:00:00,20.6,79,16.9,0.3,55,92.0,8.1,339,2.902780391316936,-7.562001454627332
2019-03-08 18:00:00,20.2,82,17.0,0.0,58,24.0,6.4,333,2.9055391983331007,-5.702441754805554
2019-03-08 19:00:00,19.5,85,16.8,0.0,43,0.0,9.5,335,4.014873486536643,-8.609923976848176
2019-03-08 20:00:00,19.1,86,16.7,0.1,100,0.0,9.5,349,1.8126854560771744,-9.325458242752807
2019-03-08 21:00:00,18.9,87,16.6,0.0,100,0.0,9.4,7,-1.1455718280083864,-9.329933825428428
2019-03-08 22:00:00,18.6,88,16.5,0.1,100,0.0,8.7,353,1.0602632876247808,-8.635151519279502
2019-03-08 23:00:00,18.6,88,16.5,0.0,100,0.0,7.2,342,2.2249223594996232,-6.8476069173251055
2019-03-09 00:00:00,18.6,88,16.6,0.0,100,0.0,8.3,360,2.0329136865846065e-15,-8.3
2019-03-09 01:00:00,18.8,88,16.8,0.0,100,0.0,7.6,5,-0.662383644882202,-7.571079705497266
2019-03-09 02:00:00,18.8,88,16.8,0.0,100,0.0,6.5,6,-0.6794350112397476,-6.4643923198937765
2019-03-09 03:00:00,18.9,90,17.2,0.3,100,0.0,5.2,12,-1.0811407922523486,-5.08636752381579
2019-03-09 04:00:00,18.8,92,17.4,0.2,100,0.0,6.5,357,0.3401837155791384,-6.49109197590473
2019-03-09 05:00:00,18.8,93,17.6,0.6,88,0.0,7.3,9,-1.1419715947936853,-7.210124886344506
2019-03-09 06:00:00,18.7,93,17.6,0.3,87,0.0,7.9,47,-5.777694242791447,-5.387787044493738
2019-03-09 07:00:00,18.8,93,17.6,0.2,92,1.0,5.6,15,-1.449386652574116,-5.409184627218783
2019-03-09 08:00:00,19.2,93,18.0,0.5,84,0.0,8.2,331,3.9754388860199614,-7.171881598543045
2019-03-09 09:00:00,20.4,91,18.9,0.5,66,26.0,9.4,328,4.981241083792128,-7.971652103870404
2019-03-09 10:00:00,21.3,85,18.7,0.6,100,158.0,13.4,333,6.083472696509929,-11.93948742412413
2019-03-09 11:00:00,22.4,80,18.9,0.4,100,306.0,12.7,352,1.7674983821928365,-12.57640447301794
2019-03-09 12:00:00,23.2,78,19.1,0.5,100,381.0,12.6,355,1.0981623586204947,-12.552053195955994
2019-03-09 13:00:00,23.6,76,19.1,0.1,100,215.0,11.0,349,2.098898949141992,-10.797899017924305
2019-03-09 14:00:00,24.0,75,19.4,0.0,100,162.0,10.5,338,3.93336923086708,-9.735430472951268
2019-03-09 15:00:00,22.9,86,20.4,1.6,100,144.0,9.0,355,0.7844016847289249,-8.96575228282571
2019-03-09 16:00:00,22.8,86,20.3,0.9,100,62.0,6.9,9,-1.079397808777593,-6.815049550106451
2019-03-09 17:00:00,22.4,88,20.4,1.0,100,33.0,5.5,11,-1.0494494745709964,-5.398949508962152
2019-03-09 18:00:00,22.0,92,20.7,1.1,100,6.0,5.5,58,-4.664264528860343,-2.914555953282627
2019-03-09 19:00:00,21.8,93,20.7,1.0,100,0.0,6.4,106,-6.1520748540052415,1.764079077228794
2019-03-09 20:00:00,21.7,93,20.5,0.4,100,0.0,7.5,125,-6.143640332167438,4.301823272632846
2019-03-09 21:00:00,21.8,91,20.2,0.3,80,0.0,9.6,124,-7.9587606965284,5.368251873319168
2019-03-09 22:00:00,21.7,90,20.0,0.1,77,0.0,8.6,123,-7.212566884330647,4.683895701129233
2019-03-09 23:00:00,21.6,90,19.9,0.2,100,0.0,8.2,131,-6.1886185578267305,5.379684037722158
2019-03-10 00:00:00,21.4,91,19.8,0.1,75,0.0,7.4,129,-5.750880114781586,4.656970893768796
2019-03-10 01:00:00,21.3,90,19.6,0.0,100,0.0,6.4,142,-3.9402334420842138,5.043268823083021
2019-03-10 02:00:00,21.5,88,19.4,0.0,100,0.0,6.6,158,-2.4724035165450204,6.119413440140796
2019-03-10 03:00:00,21.0,94,19.9,2.1,100,0.0,4.2,290,3.9467090073008153,-1.43648460196781
2019-03-10 04:00:00,20.8,94,19.8,3.7,100,0.0,13.3,341,4.330056454280184,-12.575397055470916
2019-03-10 05:00:00,20.1,95,19.2,3.5,100,0.0,13.0,14,-3.1449846427956807,-12.613844441587954
2019-03-10 06:00:00,19.8,94,18.8,1.5,68,0.0,12.9,63,-11.493984162029944,-5.856477446640154
2019-03-10 07:00:00,19.9,92,18.6,0.0,48,5.0,7.3,70,-6.8597561317371305,-2.4967470462773824
2019-03-10 08:00:00,21.0,88,18.9,0.0,38,47.0,3.3,311,2.4905416147351485,-2.1649947956686733
2019-03-10 09:00:00,22.2,83,19.2,0.0,42,114.0,7.5,287,7.172285669722766,-2.192787785420525
2019-03-10 10:00:00,23.3,74,18.5,0.0,42,279.0,9.8,298,8.652886410017485,-4.600821315301727
2019-03-10 11:00:00,23.3,71,17.8,0.0,42,114.0,12.0,314,8.632077604063813,-8.335900445507967
2019-03-10 12:00:00,23.2,72,17.9,0.0,47,215.0,13.1,328,6.941942361454985,-11.109430059649178
2019-03-10 13:00:00,23.1,73,18.0,0.1,63,270.0,12.4,338,4.6451217583573134,-11.497079796628164
2019-03-10 14:00:00,23.0,74,18.1,0.0,75,209.0,12.3,339,4.4079257794072,-11.48303924591558
2019-03-10 15:00:00,22.9,79,19.0,0.5,100,147.0,14.8,337,5.782820701641254,-13.623471831096117
2019-03-10 16:00:00,21.4,87,19.2,1.2,100,7.0,17.2,350,2.986748655871202,-16.938693351809977
2019-03-10 17:00:00,20.3,91,18.8,2.2,100,0.0,18.0,358,0.6281909406450148,-17.989034886343724
2019-03-10 18:00:00,19.7,91,18.1,2.6,100,6.0,15.5,360,3.796405077356795e-15,-15.5
2019-03-10 19:00:00,19.4,91,17.9,1.2,60,0.0,12.7,353,1.5477406612453697,-12.60533612584479
2019-03-10 20:00:00,19.3,91,17.8,0.8,61,0.0,12.7,331,6.157082177128478,-11.107670280670328
2019-03-10 21:00:00,19.3,90,17.6,0.6,95,0.0,12.6,340,4.309453805903424,-11.840127021902443
2019-03-10 22:00:00,19.2,90,17.5,0.4,84,0.0,12.9,347,2.9018686010358627,-12.569373835729534
2019-03-10 23:00:00,19.0,90,17.3,0.3,66,0.0,12.3,353,1.498992923883311,-12.208317665188265
2019-03-11 00:00:00,19.0,89,17.1,0.0,54,0.0,10.7,348,2.2246550917500305,-10.46617932785172
2019-03-11 01:00:00,18.9,88,16.9,0.0,61,0.0,10.4,340,3.5570094905869536,-9.772803256173448
2019-03-11 02:00:00,18.9,88,16.8,0.0,96,0.0,8.8,341,2.8649997592229792,-8.320563465273988
2019-03-11 03:00:00,18.9,90,17.1,0.2,100,0.0,11.3,343,3.30380026336693,-10.8062437423823
2019-03-11 04:00:00,18.8,90,17.0,0.8,100,0.0,12.4,343,3.625409138561941,-11.85817897394164
2019-03-11 05:00:00,18.6,90,17.0,1.7,100,0.0,11.8,348,2.4533579516495667,-11.542141688658909
2019-03-11 06:00:00,18.6,90,16.9,2.5,100,0.0,10.4,358,0.3629547657060086,-10.393664600998596
2019-03-11 07:00:00,18.5,90,16.8,1.9,100,1.0,7.4,346,1.7902220274375422,-7.180188374442374
2019-03-11 08:00:00,18.7,88,16.8,1.4,100,0.0,5.9,346,1.4273391840380405,-5.72474478502838
2019-03-11 09:00:00,19.1,88,17.2,0.8,100,9.0,7.3,351,1.141971594793687,-7.210124886344505
2019-03-11 10:00:00,19.4,88,17.4,0.7,89,4.0,9.0,360,2.204364238465236e-15,-9.0
2019-03-11 11:00:00,19.8,86,17.3,0.4,67,77.0,8.7,353,1.0602632876247808,-8.635151519279502
2019-03-11 12:00:00,20.0,84,17.2,0.4,72,14.0,7.5,343,2.1927877854205287,-7.172285669722765
2019-03-11 13:00:00,20.6,81,17.3,0.3,100,163.0,9.7,321,6.104407793183427,-7.538315826132614
2019-03-11 14:00:00,20.7,80,17.1,0.2,100,97.0,12.7,331,6.157082177128478,-11.107670280670328
2019-03-11 15:00:00,20.8,78,16.8,0.6,100,71.0,14.1,347,3.171809866248501,-13.738617913471815
2019-03-11 16:00:00,20.2,84,17.3,1.1,100,66.0,12.8,350,2.222696674136709,-12.605539238556265
2019-03-11 17:00:00,19.8,85,17.3,1.4,100,34.0,11.0,349,2.098898949141992,-10.797899017924305
2019-03-11 18:00:00,19.3,86,16.9,1.1,100,1.0,7.9,3,-0.4134540543192563,-7.889173324561134
2019-03-11 19:00:00,19.0,87,16.8,0.5,90,0.0,6.6,347,1.4846769586695112,-6.430842427582552
2019-03-11 20:00:00,18.8,87,16.6,0.2,92,0.0,8.6,327,4.683895701129232,-7.212566884330647
2019-03-11 21:00:00,18.6,86,16.3,0.2,91,0.0,10.0,334,4.383711467890778,-8.987940462991668
2019-03-11 22:00:00,18.4,84,15.7,0.1,88,0.0,11.2,345,2.8987733051482314,-10.818369254437563
2019-03-11 23:00:00,18.2,84,15.5,0.2,98,0.0,10.5,354,1.0975488643103608,-10.44247990136687
2019-03-12 00:00:00,18.1,84,15.4,0.0,100,0.0,8.3,360,2.0329136865846065e-15,-8.3
2019-03-12 01:00:00,17.9,85,15.4,0.0,100,0.0,6.9,354,0.7212463965468086,-6.862201078041086
2019-03-12 02:00:00,17.7,87,15.5,0.0,90,0.0,6.6,347,1.4846769586695112,-6.430842427582552
2019-03-12 03:00:00,17.7,86,15.3,0.0,89,0.0,7.1,345,1.8376152202278968,-6.858073366652385
2019-03-12 04:00:00,17.7,86,15.2,0.0,95,0.0,7.3,349,1.392905666248776,-7.165878439167947
2019-03-12 05:00:00,17.6,85,15.0,0.0,100,0.0,9.4,353,1.145571828008384,-9.329933825428428
2019-03-12 06:00:00,17.5,85,15.0,0.0,46,0.0,8.3,5,-0.7233926648055629,-8.268415994161488
2019-03-12 07:00:00,17.5,87,15.3,0.0,42,13.0,4.1,15,-1.061158084920335,-3.96029588778518
2019-03-12 08:00:00,19.4,78,15.5,0.0,39,119.0,1.9,22,-0.7117525274902328,-1.761649323676896
2019-03-12 09:00:00,20.7,72,15.4,0.0,37,328.0,1.1,252,1.0461621679246689,0.3399186938124423
2019-03-12 10:00:00,21.9,68,15.7,0.0,29,443.0,3.2,243,2.851220877402777,1.45276959916655
2019-03-12 11:00:00,22.9,65,16.0,0.0,32,606.0,5.0,240,4.330127018922193,2.500000000000002
2019-03-12 12:00:00,23.4,63,16.0,0.0,30,555.0,6.6,248,6.119413440140796,2.472403516545021
2019-03-12 13:00:00,23.9,62,16.1,0.0,33,644.0,6.8,270,6.8,1.2491397351303002e-15
2019-03-12 14:00:00,24.3,60,16.1,0.0,30,575.0,7.2,288,6.847606917325106,-2.22492235949962
2019-03-12 15:00:00,24.0,61,16.0,0.0,21,449.0,7.1,315,5.020458146424488,-5.0204581464244855
2019-03-12 16:00:00,23.7,62,16.0,0.0,26,316.0,7.8,338,2.921931428644116,-7.232034065620941
2019-03-12 17:00:00,23.3,64,16.2,0.0,21,165.0,7.6,355,0.6623836448822031,-7.571079705497266
2019-03-12 18:00:00,22.4,69,16.5,0.0,12,39.0,6.9,28,-3.2393537832226467,-6.092338390726597
2019-03-12 19:00:00,21.3,76,16.8,0.0,16,0.0,6.9,43,-4.70578868443124,-5.046340541172277
2019-03-12 20:00:00,20.4,81,17.0,0.0,14,0.0,6.1,62,-5.385980316439453,-2.863776532993934
2019-03-12 21:00:00,20.0,84,17.2,0.0,27,0.0,5.9,79,-5.791600382341218,-1.125773072721615
2019-03-12 22:00:00,19.6,87,17.4,0.0,41,0.0,6.0,107,-5.737828535778213,1.75423022833642
2019-03-12 23:00:00,19.1,90,17.5,0.0,41,0.0,7.2,117,-6.415246974156249,3.2687315981247367
2019-03-13 00:00:00,18.3,93,17.2,0.0,52,0.0,6.1,118,-5.385980316439453,2.8637765329939344
2019-03-13 01:00:00,18.1,93,17.0,0.0,70,0.0,4.9,107,-4.685893304218874,1.4326213531414098
2019-03-13 02:00:00,18.4,92,17.0,0.0,56,0.0,3.3,96,-3.281922254715301,0.3449439287832567
2019-03-13 03:00:00,18.5,89,16.6,0.0,70,0.0,4.0,80,-3.939231012048832,-0.6945927106677217
2019-03-13 04:00:00,18.2,90,16.4,0.0,70,0.0,4.0,80,-3.939231012048832,-0.6945927106677217
2019-03-13 05:00:00,18.5,87,16.3,0.0,57,0.0,3.3,77,-3.2154212137912763,-0.7423384793347542
2019-03-13 06:00:00,19.7,81,16.4,0.0,38,0.0,2.3,129,-1.7874357113510333,1.4474368994146256
2019-03-13 07:00:00,19.9,81,16.4,0.0,53,11.0,2.0,135,-1.4142135623730951,1.414213562373095
2019-03-13 08:00:00,21.1,80,17.5,0.0,45,75.0,2.5,180,-3.061616997868383e-16,2.5
2019-03-13 09:00:00,22.1,76,17.6,0.0,41,148.0,3.8,221,2.4930243101639267,2.867896404846534
2019-03-13 10:00:00,22.9,72,17.5,0.0,34,312.0,5.5,238,4.664264528860342,2.9145559532826275
2019-03-13 11:00:00,23.3,70,17.4,0.0,47,400.0,7.2,243,6.415246974156248,3.268731598124738
2019-03-13 12:00:00,23.6,69,17.6,0.0,59,443.0,8.1,257,7.892397524760404,1.8221035401853083
2019-03-13 13:00:00,23.5,70,17.7,0.0,65,259.0,6.8,267,6.790680836331102,0.3558845024520213
2019-03-13 14:00:00,23.4,69,17.5,0.0,61,243.0,3.3,264,3.281922254715302,0.3449439287832561
2019-03-13 15:00:00,23.1,72,17.8,0.1,68,278.0,3.9,292,3.616017032810471,-1.460965714322057
2019-03-13 16:00:00,22.3,77,18.0,0.6,61,154.0,4.3,336,1.7489675652259409,-3.928245467863184
2019-03-13 17:00:00,21.9,78,17.9,0.2,44,98.0,3.6,360,8.817456953860943e-16,-3.6
2019-03-13 18:00:00,21.5,81,18.1,0.2,44,9.0,3.0,346,0.7257656867990037,-2.910887178827989
2019-03-13 19:00:00,21.0,84,18.2,0.2,33,0.0,3.4,32,-1.8017254983928963,-2.883363526931848
2019-03-13 20:00:00,20.4,87,18.2,0.2,30,0.0,7.0,55,-5.734064310022943,-4.015035054457322
2019-03-13 21:00:00,20.2,88,18.2,0.1,26,0.0,6.5,56,-5.388744221607771,-3.634753872559854
2019-03-13 22:00:00,19.9,89,18.1,0.0,26,0.0,6.2,36,-3.6442685642133337,-5.0159053651246746
2019-03-13 23:00:00,19.7,90,18.0,0.0,27,0.0,5.7,18,-1.7613968679372003,-5.421022142882375
2019-03-14 00:00:00,19.5,89,17.6,0.1,20,0.0,5.1,8,-0.7097828148963337,-5.050367150582009
2019-03-14 01:00:00,19.6,89,17.7,0.0,25,0.0,5.4,8,-0.7515347451843534,-5.34744757120448
2019-03-14 02:00:00,19.4,89,17.6,0.1,26,0.0,6.0,17,-1.7542302283364206,-5.737828535778212
2019-03-14 03:00:00,18.9,91,17.4,0.0,25,0.0,5.2,12,-1.0811407922523486,-5.08636752381579
2019-03-14 04:00:00,18.6,93,17.5,0.0,26,0.0,7.2,333,3.2687315981247385,-6.415246974156248
2019-03-14 05:00:00,19.0,92,17.6,0.0,44,0.0,6.1,320,3.921004419087891,-4.672871103025765
2019-03-14 06:00:00,18.5,94,17.4,0.0,63,0.0,1.6,27,-0.7263847995832748,-1.4256104387013888
2019-03-14 07:00:00,18.8,95,17.9,0.0,63,4.0,4.5,104,-4.366330768241984,1.088648530198505
2019-03-14 08:00:00,20.2,92,18.8,0.0,56,32.0,3.4,108,-3.2335921554035223,1.050657780874821
2019-03-14 09:00:00,21.5,85,18.9,0.0,40,126.0,3.6,307,2.875087836170255,-2.1665340833473725
2019-03-14 10:00:00,22.9,79,19.1,0.0,27,303.0,8.5,324,4.996174644486024,-6.876644452187052
2019-03-14 11:00:00,23.8,73,18.6,0.0,39,440.0,9.9,341,3.223124729125852,-9.360633898433235
2019-03-14 12:00:00,24.5,68,18.3,0.0,55,625.0,9.8,352,1.3638963894086458,-9.704627073667387
2019-03-14 13:00:00,24.7,66,18.0,0.0,43,417.0,11.0,349,2.098898949141992,-10.797899017924305
2019-03-14 14:00:00,24.5,67,18.0,0.0,33,213.0,13.6,349,2.595002337121008,-13.35012969488823
2019-03-14 15:00:00,25.0,68,18.7,0.0,11,445.0,15.6,352,2.171100374977028,-15.448181872368496
2019-03-14 16:00:00,24.7,68,18.5,0.0,2,322.0,15.5,356,1.0812253430339474,-15.462242779027276
2019-03-14 17:00:00,24.1,70,18.3,0.0,2,158.0,14.4,356,1.0044932219154092,-14.36492232374147
2019-03-14 18:00:00,22.8,75,18.2,0.0,11,40.0,14.6,351,2.283943189587374,-14.42024977268901
2019-03-14 19:00:00,21.4,81,18.0,0.0,16,0.0,18.2,352,2.532950437473199,-18.02287885109658
2019-03-14 20:00:00,20.6,84,17.8,0.0,8,0.0,18.7,360,4.580179028811101e-15,-18.7
2019-03-14 21:00:00,20.1,86,17.6,0.0,8,0.0,17.7,358,0.6177210916342646,-17.689217638237995
2019-03-14 22:00:00,19.6,87,17.5,0.0,8,0.0,18.5,353,2.254582852995224,-18.36210380536446
2019-03-14 23:00:00,19.2,89,17.3,0.0,14,0.0,18.7,359,0.3263600003772026,-18.697151899424515
2019-03-15 00:00:00,18.9,90,17.2,0.0,29,0.0,15.6,7,-1.9011617571203008,-15.483719965604624
2019-03-15 01:00:00,18.7,90,17.0,0.0,53,0.0,14.8,357,0.7745721523955768,-14.779717114367694
2019-03-15 02:00:00,18.6,90,17.0,0.0,46,0.0,17.0,355,1.4816476267101917,-16.935309867559674
2019-03-15 03:00:00,19.3,85,16.7,0.0,37,0.0,19.4,359,0.338576684883301,-19.39704528603399
2019-03-15 04:00:00,19.1,85,16.6,0.2,39,0.0,20.9,3,-1.093821485477526,-20.871357276370592
2019-03-15 05:00:00,18.9,87,16.7,0.6,42,0.0,20.2,4,-1.409080769631331,-20.15079381524845
2019-03-15 06:00:00,18.7,88,16.6,0.4,37,0.0,19.1,2,-0.6665803870177686,-19.08836479606473
2019-03-15 07:00:00,18.8,86,16.4,0.5,50,7.0,16.6,1,-0.2897099468589063,-16.597471739596095
2019-03-15 08:00:00,19.1,84,16.4,0.3,58,16.0,14.1,354,1.473851332073913,-14.022758724692652
2019-03-15 09:00:00,19.6,83,16.6,0.1,59,13.0,15.8,348,3.285004714920606,-15.45473209159413
2019-03-15 10:00:00,19.6,84,16.8,0.1,58,0.0,20.2,358,0.7049698333905167,-20.18769470578573
2019-03-15 11:00:00,20.6,78,16.6,0.0,45,109.0,22.7,360,5.559896468128984e-15,-22.7
2019-03-15 12:00:00,21.3,72,16.1,0.0,41,176.0,24.5,359,0.4275839577134472,-24.496268531331587
2019-03-15 13:00:00,21.9,69,16.0,0.0,48,348.0,25.2,1,-0.4398006422195444,-25.19616191794106
2019-03-15 14:00:00,21.6,70,15.9,0.0,55,156.0,24.5,1,-0.427583957713446,-24.496268531331587
2019-03-15 15:00:00,21.6,70,15.8,0.0,59,230.0,22.7,360,5.559896468128984e-15,-22.7
2019-03-15 16:00:00,21.0,71,15.5,0.0,59,113.0,20.9,359,0.3647552945392264,-20.89681682876857
2019-03-15 17:00:00,20.4,72,15.2,0.0,54,52.0,18.7,359,0.3263600003772026,-18.697151899424515
2019-03-15 18:00:00,19.8,73,14.9,0.0,50,11.0,14.1,3,-0.737936983025508,-14.080676440039491
2019-03-15 19:00:00,19.3,74,14.5,0.0,51,0.0,14.4,3,-0.7536377698983913,-14.380265300465863
2019-03-15 20:00:00,19.2,73,14.2,0.0,56,0.0,13.0,3,-0.6803674311582698,-12.98218395180946
2019-03-15 21:00:00,19.1,72,14.0,0.0,51,0.0,10.8,2,-0.3769145643870105,-10.793420931806237
2019-03-15 22:00:00,19.2,72,13.9,0.0,52,0.0,8.6,360,2.1063924945334478e-15,-8.6
2019-03-15 23:00:00,19.3,71,14.0,0.0,58,0.0,7.2,357,0.3768188849491994,-7.190132650232932
2019-03-16 00:00:00,19.4,71,14.0,0.0,55,0.0,7.1,345,1.8376152202278968,-6.858073366652385
2019-03-16 01:00:00,19.4,73,14.4,0.0,55,0.0,7.1,336,2.887830165838181,-6.486172749262467
2019-03-16 02:00:00,19.3,74,14.7,0.0,59,0.0,7.6,341,2.474317973874391,-7.185941174554808
2019-03-16 03:00:00,19.2,77,15.0,0.0,49,0.0,1.8,360,4.4087284769304716e-16,-1.8
2019-03-16 04:00:00,19.0,79,15.2,0.0,42,0.0,3.3,167,-0.7423384793347552,3.215421213791276
2019-03-16 05:00:00,18.2,85,15.7,0.0,49,0.0,4.4,189,0.6883116461770152,4.345828698618607
2019-03-16 06:00:00,18.1,88,16.0,0.2,34,0.0,6.2,187,0.7555899291119134,6.153786140176197
2019-03-16 07:00:00,18.8,89,16.9,0.1,25,11.0,7.2,183,0.3768188849491937,7.190132650232932
2019-03-16 08:00:00,21.2,79,17.5,0.0,12,49.0,9.4,180,-1.1511679911985121e-15,9.4
2019-03-16 09:00:00,22.2,75,17.5,0.0,18,154.0,11.8,192,2.4533579516495623,11.542141688658909
2019-03-16 10:00:00,23.2,69,17.2,0.0,46,342.0,14.2,207,6.446665096301562,12.652292643474825
2019-03-16 11:00:00,24.0,65,16.9,0.0,49,443.0,14.2,216,8.346550582553117,11.488041320124251
2019-03-16 12:00:00,24.4,63,16.8,0.0,44,478.0,14.6,220,9.384699101423474,11.18424886953708
2019-03-16 13:00:00,24.8,60,16.6,0.0,46,568.0,15.3,229,11.547056577408412,10.03770314355476
2019-03-16 14:00:00,24.4,60,16.3,0.0,59,378.0,14.7,239,12.600359320321049,7.571059701177799
2019-03-16 15:00:00,24.3,59,15.9,0.0,44,308.0,13.6,253,13.00574468109728,3.976255184229224
2019-03-16 16:00:00,23.7,60,15.5,0.0,18,199.0,10.4,272,10.393664600998596,-0.3629547657060133
2019-03-16 17:00:00,23.1,62,15.3,0.0,29,107.0,6.2,291,5.788198644282651,-2.2218812871808624
2019-03-16 18:00:00,22.2,68,15.9,0.0,100,20.0,1.6,333,0.7263847995832752,-1.4256104387013886
2019-03-16 19:00:00,21.3,78,17.4,0.0,100,0.0,1.5,45,-1.0606601717798214,-1.0606601717798214
2019-03-16 20:00:00,20.7,78,16.8,0.0,100,0.0,2.4,63,-2.138415658052083,-1.0895771993749124
2019-03-16 21:00:00,20.6,78,16.6,0.0,100,0.0,2.9,97,-2.878383839759834,0.3534210958749273
2019-03-16 22:00:00,20.4,79,16.7,0.0,100,0.0,3.4,122,-2.8833635269318485,1.8017254983928963
2019-03-16 23:00:00,20.3,80,16.6,0.0,100,0.0,4.8,138,-3.21182691052252,3.567095162291492
2019-03-17 00:00:00,20.1,81,16.6,0.0,100,0.0,2.8,140,-1.7998053071223103,2.144924440733138
2019-03-17 01:00:00,19.8,82,16.6,0.0,100,0.0,0.5,45,-0.3535533905932738,-0.3535533905932738
2019-03-17 02:00:00,18.9,88,16.8,0.0,100,0.0,3.0,14,-0.7257656867990032,-2.910887178827989
2019-03-17 03:00:00,19.0,88,16.9,0.0,100,0.0,4.9,17,-1.4326213531414105,-4.685893304218874
2019-03-17 04:00:00,19.1,87,16.8,0.0,94,0.0,5.7,18,-1.7613968679372003,-5.421022142882375
2019-03-17 05:00:00,18.9,87,16.8,0.0,68,0.0,6.2,353,0.7555899291119128,-6.153786140176197
2019-03-17 06:00:00,18.9,87,16.7,0.0,36,0.0,6.8,342,2.101315561749644,-6.467184310807044
2019-03-17 07:00:00,19.4,84,16.7,0.0,41,12.0,9.8,352,1.3638963894086458,-9.704627073667387
2019-03-17 08:00:00,21.3,76,17.0,0.0,37,112.0,11.5,358,0.4013442120787595,-11.4929945107196
2019-03-17 09:00:00,22.6,72,17.2,0.0,35,310.0,12.6,360,3.08610993385133e-15,-12.6
2019-03-17 10:00:00,23.3,70,17.4,0.0,32,458.0,13.0,355,1.1330246557195582,-12.950531075192693
2019-03-17 11:00:00,23.8,68,17.5,0.0,27,519.0,12.3,355,1.0720156357961974,-12.253194786528471
2019-03-17 12:00:00,24.0,67,17.5,0.0,33,454.0,12.1,350,2.1011429497698577,-11.916173811447717
2019-03-17 13:00:00,24.2,67,17.6,0.0,34,461.0,13.2,349,2.5186787389703893,-12.957478821509165
2019-03-17 14:00:00,24.3,66,17.5,0.0,32,507.0,14.4,356,1.0044932219154092,-14.36492232374147
2019-03-17 15:00:00,24.2,66,17.4,0.0,19,428.0,14.8,360,3.624954525476166e-15,-14.8
2019-03-17 16:00:00,24.0,67,17.4,0.0,15,313.0,14.4,1,-0.2513146526968826,-14.397806810252035
2019-03-17 17:00:00,23.4,69,17.3,0.0,11,181.0,14.0,359,0.2443336901219698,-13.997867732189478
2019-03-17 18:00:00,22.2,74,17.4,0.0,7,40.0,13.0,358,0.4536934571325107,-12.992080751248244
2019-03-17 19:00:00,21.1,79,17.2,0.0,12,0.0,13.3,2,-0.4641633061432629,-13.291897999353974
2019-03-17 20:00:00,20.4,82,17.2,0.0,9,0.0,13.0,2,-0.4536934571325126,-12.992080751248244
2019-03-17 21:00:00,19.9,85,17.3,0.0,12,0.0,11.2,356,0.781272505934207,-11.17271736291003
2019-03-17 22:00:00,19.5,88,17.4,0.0,5,0.0,10.6,350,1.840670683269462,-10.438962181929403
2019-03-17 23:00:00,19.3,90,17.6,0.0,5,0.0,9.6,347,2.159530121701107,-9.353952621938255
2019-03-18 00:00:00,19.1,91,17.5,0.0,4,0.0,9.1,351,1.4235536318661028,-8.987963899415753
2019-03-18 01:00:00,18.9,92,17.6,0.0,2,0.0,8.3,355,0.7233926648055641,-8.268415994161488
2019-03-18 02:00:00,18.7,93,17.5,0.0,5,0.0,9.0,358,0.3140954703225074,-8.994517443171862
2019-03-18 03:00:00,19.0,93,17.9,0.0,8,0.0,9.7,358,0.3385251180142579,-9.694091022085228
2019-03-18 04:00:00,19.0,94,18.0,0.0,9,0.0,10.8,356,0.7533699164365569,-10.773691742806102
2019-03-18 05:00:00,19.0,95,18.1,0.0,15,0.0,10.8,360,2.645237086158283e-15,-10.8
2019-03-18 06:00:00,19.1,94,18.1,0.0,17,0.0,11.5,358,0.4013442120787595,-11.4929945107196
2019-03-18 07:00:00,19.5,93,18.3,0.0,28,17.0,11.9,2,-0.4153040107597615,-11.89275084152724
2019-03-18 08:00:00,21.0,86,18.5,0.0,27,127.0,10.5,8,-1.4613175600806871,-10.397814721786489
2019-03-18 09:00:00,22.7,77,18.5,0.0,39,278.0,8.4,10,-1.458644692402215,-8.272385125302547
2019-03-18 10:00:00,24.1,72,18.7,0.0,28,472.0,7.3,349,1.392905666248776,-7.165878439167947
2019-03-18 11:00:00,25.1,69,19.0,0.0,22,615.0,8.4,335,3.549993398621873,-7.612985411107861
2019-03-18 12:00:00,25.4,69,19.3,0.0,28,532.0,8.9,333,4.040515447681968,-7.929958065276474
2019-03-18 13:00:00,25.8,68,19.5,0.0,32,518.0,8.9,333,4.040515447681968,-7.929958065276474
2019-03-18 14:00:00,26.0,68,19.7,0.0,45,551.0,10.8,334,4.73440838532204,-9.706975700031002
2019-03-18 15:00:00,25.6,71,20.0,0.0,62,277.0,12.5,342,3.862712429686846,-11.88820645368942
2019-03-18 16:00:00,25.3,72,19.9,0.0,54,221.0,13.1,351,2.0492914920270278,-12.938717261796302
2019-03-18 17:00:00,24.8,74,19.8,0.0,47,126.0,12.0,353,1.4624321208617668,-11.910553819695863
2019-03-18 18:00:00,23.8,77,19.6,0.0,33,28.0,10.0,345,2.588190451025207,-9.659258262890685
2019-03-18 19:00:00,22.7,81,19.3,0.0,3,0.0,10.2,342,3.151973342624466,-9.700776466210565
2019-03-18 20:00:00,22.0,84,19.1,0.0,3,0.0,10.8,345,2.7952456871072235,-10.431998923921938
2019-03-18 21:00:00,21.5,85,18.9,0.0,2,0.0,12.0,344,3.3076482698039875,-11.535140351259829
2019-03-18 22:00:00,21.1,87,18.8,0.0,6,0.0,11.1,347,2.496956703216905,-10.815507719116107
2019-03-18 23:00:00,20.4,90,18.7,0.0,11,0.0,9.1,351,1.4235536318661028,-8.987963899415753
2019-03-19 00:00:00,19.9,92,18.6,0.0,12,0.0,7.7,349,1.469229264399394,-7.558529312547013
2019-03-19 01:00:00,19.7,93,18.6,0.0,30,0.0,6.9,351,1.0793978087775946,-6.81504955010645
2019-03-19 02:00:00,19.6,94,18.5,0.0,30,0.0,7.3,349,1.392905666248776,-7.165878439167947
2019-03-19 03:00:00,19.7,92,18.4,0.0,13,0.0,9.0,344,2.48073620235299,-8.65135526344487
2019-03-19 04:00:00,19.8,92,18.5,0.0,12,0.0,10.4,346,2.515987714236546,-10.091075553270365
2019-03-19 05:00:00,19.9,93,18.6,0.0,8,0.0,11.0,349,2.098898949141992,-10.797899017924305
2019-03-19 06:00:00,19.9,93,18.6,0.0,11,0.0,12.3,353,1.498992923883311,-12.208317665188265
2019-03-19 07:00:00,20.4,92,19.0,0.0,3,24.0,13.8,351,2.158795617555189,-13.6300991002129
2019-03-19 08:00:00,22.0,85,19.4,0.0,5,160.0,13.9,350,2.4137096695703324,-13.688827766869691
2019-03-19 09:00:00,23.7,77,19.4,0.0,1,367.0,14.9,353,1.8158532167366936,-14.7889376594557
2019-03-19 10:00:00,25.1,70,19.3,0.0,0,553.0,13.4,355,1.1678869528186215,-13.34900895442939
2019-03-19 11:00:00,26.2,66,19.4,0.0,2,687.0,10.8,358,0.3769145643870089,-10.793420931806237
2019-03-19 12:00:00,26.9,64,19.6,0.0,3,768.0,8.8,351,1.3766232923540338,-8.691657397237211
2019-03-19 13:00:00,27.2,64,19.8,0.0,2,777.0,7.9,344,2.177535110954292,-7.59396739791272
2019-03-19 14:00:00,27.3,65,20.1,0.0,0,712.0,7.1,336,2.887830165838181,-6.486172749262467
2019-03-19 15:00:00,27.5,65,20.3,0.0,1,591.0,6.6,331,3.199743493625823,-5.772490067120012
2019-03-19 16:00:00,27.1,66,20.3,0.0,2,412.0,7.2,333,3.2687315981247385,-6.415246974156248
2019-03-19 17:00:00,26.5,69,20.3,0.0,1,204.0,7.4,337,2.891410350820627,-6.811735915548058
2019-03-19 18:00:00,25.7,72,20.2,0.0,2,46.0,7.0,348,1.4553818357243191,-6.847033205136639
2019-03-19 19:00:00,24.6,78,20.5,0.0,1,0.0,8.3,355,0.7233926648055641,-8.268415994161488
2019-03-19 20:00:00,23.6,84,20.6,0.0,1,0.0,6.5,354,0.6794350112397471,-6.4643923198937765
2019-03-19 21:00:00,23.7,82,20.5,0.0,1,0.0,4.7,328,2.490620541896064,-3.985826051935202
2019-03-19 22:00:00,22.7,87,20.5,0.0,2,0.0,6.1,315,4.31335136523794,-4.3133513652379385
2019-03-19 23:00:00,21.0,94,19.9,0.0,4,0.0,7.3,327,3.9758649556096968,-6.122295146001595
2019-03-20 00:00:00,20.4,95,19.7,0.0,28,0.0,6.6,351,1.0324674692655251,-6.5187430479279085
2019-03-20 01:00:00,20.2,96,19.6,0.0,75,0.0,5.4,4,-0.3766849582182766,-5.386845871403051
2019-03-20 02:00:00,20.0,97,19.5,0.0,75,0.0,5.1,8,-0.7097828148963337,-5.050367150582009
2019-03-20 03:00:00,19.6,99,19.4,0.0,76,0.0,6.9,354,0.7212463965468086,-6.862201078041086
2019-03-20 04:00:00,19.4,99,19.2,0.0,76,0.0,5.4,352,0.7515347451843558,-5.34744757120448
2019-03-20 05:00:00,19.4,99,19.2,0.0,77,0.0,5.2,348,1.0811407922523513,-5.086367523815789
2019-03-20 06:00:00,19.7,98,19.4,0.0,36,0.0,6.8,335,2.873804179836754,-6.16289295184922
2019-03-20 07:00:00,20.7,98,20.3,0.0,39,22.0,5.6,333,2.542346798541463,-4.989636535454859
2019-03-20 08:00:00,23.1,90,21.5,0.0,29,139.0,5.0,330,2.500000000000002,-4.330127018922192
2019-03-20 09:00:00,24.6,82,21.4,0.0,27,334.0,7.1,319,4.658019105832603,-5.35843801958168
2019-03-20 10:00:00,25.6,77,21.2,0.0,70,505.0,6.4,297,5.702441754805555,-2.9055391983330985
2019-03-20 11:00:00,26.7,71,21.0,0.0,56,664.0,6.1,242,5.385980316439454,2.863776532993933
2019-03-20 12:00:00,27.6,68,21.1,0.0,52,690.0,10.1,215,5.793122007145566,8.273435647318816
2019-03-20 13:00:00,28.3,67,21.5,0.0,20,728.0,13.7,210,6.850000000000001,11.864548031846809
2019-03-20 14:00:00,28.7,65,21.5,0.0,15,670.0,17.1,205,7.226772275765958,15.497863158326718
2019-03-20 15:00:00,28.4,67,21.7,0.0,20,557.0,19.5,199,6.348579011914556,18.43761222418668
2019-03-20 16:00:00,28.1,67,21.4,0.0,2,366.0,20.3,197,5.935145605871557,19.41298654604962
2019-03-20 17:00:00,27.5,69,21.3,0.0,0,204.0,18.0,192,3.742410434719672,17.6066568132085
2019-03-20 18:00:00,26.3,72,20.9,0.0,0,48.0,14.5,186,1.5156627173809758,14.420567482839962
2019-03-20 19:00:00,25.2,76,20.7,0.0,0,0.0,13.0,186,1.3588700224794954,12.928784639787551
2019-03-20 20:00:00,24.4,80,20.8,0.0,0,0.0,10.9,188,1.5169868004647142,10.793921949283115
2019-03-20 21:00:00,23.8,84,21.0,0.0,0,0.0,9.8,188,1.3638963894086422,9.704627073667387
2019-03-20 22:00:00,23.4,86,20.9,0.0,0,0.0,10.5,184,0.7324429743133154,10.474422527728152
2019-03-20 23:00:00,23.1,86,20.7,0.0,0,0.0,10.1,178,-0.3524849166952615,10.093847352892867
2019-03-21 00:00:00,22.9,86,20.5,0.0,0,0.0,10.1,176,-0.7045403848156677,10.075396907624224
2019-03-21 01:00:00,22.6,87,20.3,0.0,1,0.0,11.5,178,-0.4013442120787631,11.4929945107196
2019-03-21 02:00:00,22.4,88,20.3,0.0,3,0.0,11.5,184,0.8021994480574407,11.47198657798798
2019-03-21 03:00:00,22.1,92,20.7,0.0,5,0.0,10.0,193,2.249510543438649,9.743700647852352
2019-03-21 04:00:00,21.8,93,20.7,0.0,8,0.0,9.2,191,1.7554427574642113,9.030970087718508
2019-03-21 05:00:00,21.5,95,20.6,0.0,11,0.0,9.0,180,-1.102182119232618e-15,9.0
2019-03-21 06:00:00,21.2,95,20.4,0.0,32,0.0,6.4,196,1.7640790772287938,6.1520748540052415
2019-03-21 07:00:00,21.7,94,20.7,0.0,40,23.0,6.1,183,0.3192493330819557,6.0916401620029
2019-03-21 08:00:00,24.1,84,21.1,0.0,35,145.0,5.1,188,0.7097828148963341,5.050367150582008
2019-03-21 09:00:00,25.6,79,21.6,0.0,51,346.0,7.9,210,3.950000000000001,6.841600689897065
2019-03-21 10:00:00,26.7,76,22.1,0.0,65,488.0,10.1,215,5.793122007145566,8.273435647318816
2019-03-21 11:00:00,27.7,72,22.3,0.0,56,633.0,11.6,210,5.800000000000001,10.045894683899489
2019-03-21 12:00:00,28.2,70,22.3,0.0,36,687.0,12.3,212,6.518006950068419,10.430991582724042
2019-03-21 13:00:00,28.6,69,22.3,0.0,7,769.0,12.8,218,7.880466884168425,10.086537646166043
2019-03-21 14:00:00,28.7,68,22.2,0.0,1,716.0,13.3,221,8.725585085573744,10.03763741696287
2019-03-21 15:00:00,28.2,70,22.1,0.0,0,594.0,13.0,224,9.030558815966964,9.351417404402463
2019-03-21 16:00:00,27.8,71,22.0,0.0,0,423.0,12.0,224,8.335900445507967,8.632077604063813
2019-03-21 17:00:00,27.0,74,22.0,0.0,0,221.0,10.0,229,7.54709580222772,6.560590289905073
2019-03-21 18:00:00,25.7,81,22.2,0.0,0,51.0,7.2,243,6.415246974156248,3.268731598124738
2019-03-21 19:00:00,24.4,87,22.2,0.0,0,0.0,8.4,250,7.893418014601631,2.872969203935616
2019-03-21 20:00:00,23.5,91,21.9,0.0,0,0.0,9.3,254,8.939733772226367,2.56342740909809
2019-03-21 21:00:00,22.8,94,21.7,0.0,0,0.0,8.3,252,7.893769085249775,2.564841053312065
2019-03-21 22:00:00,22.3,95,21.4,0.0,0,0.0,6.3,239,5.400153994423306,3.2447398719333425
2019-03-21 23:00:00,21.9,95,21.1,0.0,21,0.0,5.6,220,3.59961061424462,4.289848881466277
2019-03-22 00:00:00,21.5,95,20.7,0.0,75,0.0,6.3,211,3.244739871933341,5.400153994423308
2019-03-22 01:00:00,21.2,95,20.3,0.0,75,0.0,6.2,216,3.644268564213333,5.0159053651246746
2019-03-22 02:00:00,20.8,96,20.2,0.0,75,0.0,4.6,231,3.5748714227020644,2.894873798829254
2019-03-22 03:00:00,21.8,92,20.4,0.0,75,0.0,3.1,315,2.192031021678298,-2.192031021678297
2019-03-22 04:00:00,20.3,96,19.6,0.0,75,0.0,6.1,360,1.4940690949597709e-15,-6.1
2019-03-22 05:00:00,19.4,97,19.0,0.0,75,0.0,5.8,360,1.4205902870109297e-15,-5.8
2019-03-22 06:00:00,19.7,96,19.1,0.0,75,0.0,7.6,352,1.0577155672965006,-7.526037322435934
2019-03-22 07:00:00,20.9,95,20.1,0.0,65,24.0,7.9,3,-0.4134540543192563,-7.889173324561134
2019-03-22 08:00:00,23.0,90,21.3,0.0,1,133.0,7.2,3,-0.3768188849491956,-7.190132650232932
2019-03-22 09:00:00,24.8,82,21.5,0.0,4,330.0,8.6,2,-0.3001356716415083,-8.594761112364223
2019-03-22 10:00:00,26.0,75,21.3,0.0,6,524.0,8.7,355,0.7582549619046273,-8.666893873398186
2019-03-22 11:00:00,26.7,71,21.0,0.0,11,662.0,6.6,347,1.4846769586695112,-6.430842427582552
2019-03-22 12:00:00,27.3,68,20.9,0.0,8,818.0,5.5,328,2.9145559532826275,-4.664264528860342
2019-03-22 13:00:00,27.5,67,20.8,0.0,9,779.0,7.9,309,6.13945309551007,-4.971631089293717
2019-03-22 14:00:00,27.4,68,20.9,0.0,10,690.0,11.2,318,7.49426279121921,-8.323222045346816
2019-03-22 15:00:00,27.3,67,20.6,0.0,20,607.0,12.6,329,6.489479743866687,-10.800307988846612
2019-03-22 16:00:00,26.7,69,20.5,0.0,11,400.0,14.0,342,4.326237921249268,-13.31479122813215
2019-03-22 17:00:00,25.8,72,20.4,0.0,16,207.0,15.8,348,3.285004714920606,-15.45473209159413
2019-03-22 18:00:00,24.3,78,20.3,0.0,6,43.0,15.5,355,1.350914012588704,-15.441017820422056
2019-03-22 19:00:00,22.9,83,19.9,0.0,6,0.0,16.2,4,-1.1300548746548298,-16.16053761420915
2019-03-22 20:00:00,22.1,85,19.5,0.0,8,0.0,15.9,3,-0.832141704262807,-15.878209602597725
2019-03-22 21:00:00,21.5,86,19.1,0.0,11,0.0,15.5,357,0.8112073217656377,-15.478757788695894
2019-03-22 22:00:00,21.1,86,18.8,0.0,12,0.0,15.5,356,1.0812253430339474,-15.462242779027276
2019-03-22 23:00:00,20.9,86,18.5,0.0,28,0.0,15.9,355,1.385776309687767,-15.839495699658755
2019-03-23 00:00:00,20.8,86,18.3,0.0,32,0.0,14.4,360,3.5269827815443773e-15,-14.4
2019-03-23 01:00:00,20.5,86,18.2,0.0,49,0.0,13.7,357,0.7170026005283379,-13.68122462613766
2019-03-23 02:00:00,20.4,86,18.1,0.0,69,0.0,15.9,355,1.385776309687767,-15.839495699658755
2019-03-23 03:00:00,20.7,86,18.2,0.0,67,0.0,17.3,356,1.2067869957733734,-17.257858069494958
2019-03-23 04:00:00,20.5,86,18.1,0.3,56,0.0,18.0,359,0.3141433158711041,-17.997258512815044
2019-03-23 05:00:00,20.2,87,18.0,0.3,50,0.0,16.6,359,0.2897099468589071,-16.597471739596095
2019-03-23 06:00:00,20.0,88,18.0,0.3,100,0.0,13.7,360,3.355532229663748e-15,-13.7
2019-03-23 07:00:00,20.2,88,18.1,0.3,100,22.0,16.3,355,1.4206386067868306,-16.237973578895453
2019-03-23 08:00:00,20.9,85,18.2,0.5,100,78.0,16.3,355,1.4206386067868306,-16.237973578895453
2019-03-23 09:00:00,21.6,82,18.3,0.4,100,169.0,16.2,356,1.1300548746548351,-16.16053761420915
2019-03-23 10:00:00,22.1,79,18.3,0.5,100,208.0,18.1,355,1.5775189437326156,-18.0311240354606
2019-03-23 11:00:00,22.2,80,18.6,0.7,100,187.0,19.1,359,0.333340962952116,-19.097090977487078
2019-03-23 12:00:00,23.1,76,18.7,0.4,100,468.0,19.1,1,-0.333340962952115,-19.097090977487078
2019-03-23 13:00:00,22.9,76,18.4,0.3,85,297.0,18.7,359,0.3263600003772026,-18.697151899424515
2019-03-23 14:00:00,22.2,77,17.9,0.3,81,126.0,18.8,357,0.983915977367354,-18.77423525338599
2019-03-23 15:00:00,21.0,82,17.9,0.4,83,9.0,19.8,359,0.3455576474582145,-19.79698436409655
2019-03-23 16:00:00,20.5,83,17.5,0.4,86,21.0,19.1,2,-0.6665803870177686,-19.08836479606473
2019-03-23 17:00:00,20.1,84,17.3,0.3,79,30.0,19.4,1,-0.3385766848833001,-19.39704528603399
2019-03-23 18:00:00,19.7,84,16.9,0.5,87,20.0,19.5,358,0.6805401856987661,-19.488121126872368
2019-03-23 19:00:00,19.2,84,16.4,0.5,100,0.0,18.8,357,0.983915977367354,-18.77423525338599
2019-03-23 20:00:00,18.9,84,16.2,0.4,100,0.0,19.2,355,1.6733902607550395,-19.126938203361515
2019-03-23 21:00:00,18.7,84,16.0,0.4,100,0.0,20.2,358,0.7049698333905167,-20.18769470578573
2019-03-23 22:00:00,18.6,84,15.9,0.6,100,0.0,18.4,360,4.506700220862259e-15,-18.4
2019-03-23 23:00:00,18.5,84,15.8,0.4,100,0.0,16.6,356,1.1579574641524857,-16.55956323431308
2019-03-24 00:00:00,18.4,84,15.7,0.2,100,0.0,16.6,355,1.4467853296111282,-16.536831988322977
2019-03-24 01:00:00,18.4,85,15.7,0.3,100,0.0,14.8,357,0.7745721523955768,-14.779717114367694
2019-03-24 02:00:00,18.4,85,15.8,0.3,100,0.0,12.3,355,1.0720156357961974,-12.253194786528471
2019-03-24 03:00:00,18.4,85,15.8,0.5,100,0.0,9.4,356,0.655710853194781,-9.377102072442348
2019-03-24 04:00:00,18.4,86,15.9,0.8,100,0.0,6.9,354,0.7212463965468086,-6.862201078041086
2019-03-24 05:00:00,18.4,86,16.0,0.6,100,0.0,7.0,348,1.4553818357243191,-6.847033205136639
2019-03-24 06:00:00,18.4,87,16.2,0.7,100,0.0,6.2,353,0.7555899291119128,-6.153786140176197
2019-03-24 07:00:00,18.7,87,16.5,0.6,100,1.0,5.1,352,0.709782814896336,-5.050367150582008
2019-03-24 08:00:00,19.2,84,16.5,0.6,100,3.0,3.2,333,1.4527695991665504,-2.851220877402777
2019-03-24 09:00:00,19.7,85,17.0,0.6,100,0.0,4.2,301,3.600102662948872,-2.163159914622228
2019-03-24 10:00:00,20.2,82,16.9,0.4,100,4.0,7.1,300,6.148780366869514,-3.5500000000000007
2019-03-24 11:00:00,20.8,80,17.2,0.5,100,20.0,9.4,320,6.042203531053472,-7.200817765318392
2019-03-24 12:00:00,20.9,81,17.5,0.4,100,5.0,9.8,343,2.8652427062828245,-9.371786608437748
2019-03-24 13:00:00,21.0,81,17.7,0.1,100,2.0,8.0,5,-0.6972459419812653,-7.969557584733964
2019-03-24 14:00:00,21.1,81,17.8,0.0,98,0.0,5.4,352,0.7515347451843558,-5.34744757120448
2019-03-24 15:00:00,20.6,83,17.6,0.2,100,0.0,7.2,333,3.2687315981247385,-6.415246974156248
2019-03-24 16:00:00,20.6,83,17.7,0.2,100,3.0,8.4,335,3.549993398621873,-7.612985411107861
2019-03-24 17:00:00,20.4,85,17.7,0.1,100,0.0,8.6,345,2.225843787881678,-8.306962106085987
2019-03-24 18:00:00,20.1,86,17.7,0.0,100,4.0,8.8,351,1.3766232923540338,-8.691657397237211
2019-03-24 19:00:00,19.9,87,17.7,0.0,98,0.0,6.9,351,1.0793978087775946,-6.81504955010645
2019-03-24 20:00:00,19.8,87,17.7,0.0,85,0.0,7.4,337,2.891410350820627,-6.811735915548058
2019-03-24 21:00:00,19.8,87,17.6,0.0,69,0.0,8.1,347,1.8221035401853087,-7.892397524760404
2019-03-24 22:00:00,19.7,87,17.5,0.0,58,0.0,8.9,346,2.153104870837044,-8.635631963856369
2019-03-24 23:00:00,19.6,87,17.5,0.1,66,0.0,10.5,344,2.894192236078489,-10.093247807352348
2019-03-25 00:00:00,19.6,87,17.5,0.3,44,0.0,9.4,353,1.145571828008384,-9.329933825428428
2019-03-25 01:00:00,19.6,88,17.5,0.3,16,0.0,7.6,352,1.0577155672965006,-7.526037322435934
2019-03-25 02:00:00,19.5,89,17.6,0.0,24,0.0,6.3,347,1.4171916423663515,-6.1385314081469815
2019-03-25 03:00:00,19.0,91,17.5,0.0,32,0.0,5.8,338,2.172718241812292,-5.377666356487366
2019-03-25 04:00:00,19.0,92,17.6,0.0,46,0.0,8.9,339,3.189474750953177,-8.308865795825094
2019-03-25 05:00:00,19.1,91,17.7,0.0,58,0.0,9.5,349,1.8126854560771744,-9.325458242752807
2019-03-25 06:00:00,19.1,92,17.8,0.0,65,0.0,7.4,23,-2.891410350820626,-6.811735915548059
2019-03-25 07:00:00,19.2,94,18.2,0.0,71,22.0,8.0,355,0.6972459419812665,-7.969557584733964
2019-03-25 08:00:00,21.1,88,19.0,0.0,76,99.0,9.6,347,2.159530121701107,-9.353952621938255
2019-03-25 09:00:00,22.5,79,18.7,0.0,69,234.0,11.6,355,1.0110066158728364,-11.555858497864248
2019-03-25 10:00:00,23.3,76,18.8,0.2,80,334.0,10.9,6,-1.1393602496174229,-10.84028865951418
2019-03-25 11:00:00,24.1,74,19.2,0.1,67,453.0,9.4,7,-1.1455718280083864,-9.329933825428428
2019-03-25 12:00:00,24.1,76,19.6,0.4,57,369.0,11.9,2,-0.4153040107597615,-11.89275084152724
2019-03-25 13:00:00,24.4,76,19.9,0.3,47,416.0,16.2,348,3.3681693912477098,-15.845991131887647
2019-03-25 14:00:00,24.1,77,19.9,0.4,65,377.0,21.4,352,2.9783043605454096,-21.1917366710696
2019-03-25 15:00:00,23.7,77,19.3,0.0,66,149.0,19.8,3,-1.036251933610288,-19.772864788140563
2019-03-25 16:00:00,23.3,78,19.1,0.0,60,98.0,17.0,4,-1.18586005365013,-16.958588854417012
2019-03-25 17:00:00,22.6,80,19.0,0.0,49,60.0,16.1,350,2.79573566043758,-15.855404823496553
2019-03-25 18:00:00,21.9,83,18.8,0.0,17,26.0,17.7,348,3.6800369274743496,-17.31321253298836
2019-03-25 19:00:00,21.3,85,18.7,0.0,10,0.0,15.9,354,1.6620025659556894,-15.812898136355546
2019-03-25 20:00:00,21.0,86,18.7,0.0,10,0.0,14.8,356,1.0323958114130594,-14.763947943845398
2019-03-25 21:00:00,20.8,88,18.8,0.0,5,0.0,14.9,352,2.0736792043049816,-14.754994224249398
2019-03-25 22:00:00,20.6,89,18.8,0.0,1,0.0,16.1,350,2.79573566043758,-15.855404823496553
2019-03-25 23:00:00,20.3,90,18.6,0.0,0,0.0,15.6,353,1.9011617571202968,-15.483719965604624
2019-03-26 00:00:00,20.0,91,18.4,0.0,3,0.0,14.8,356,1.0323958114130594,-14.763947943845398
2019-03-26 01:00:00,19.7,91,18.2,0.0,3,0.0,14.8,354,1.5470212563612706,-14.718924051450443
2019-03-26 02:00:00,19.4,92,18.0,0.0,5,0.0,14.8,357,0.7745721523955768,-14.779717114367694
2019-03-26 03:00:00,19.2,92,17.9,0.0,1,0.0,14.4,356,1.0044932219154092,-14.36492232374147
2019-03-26 04:00:00,19.0,92,17.7,0.0,3,0.0,15.2,356,1.0602984009107097,-15.162973563949327
2019-03-26 05:00:00,18.8,93,17.6,0.0,1,0.0,15.9,356,1.1091279325315977,-15.861268399131204
2019-03-26 06:00:00,18.7,93,17.5,0.0,0,0.0,14.4,357,0.7536377698983989,-14.380265300465863
2019-03-26 07:00:00,19.3,91,17.8,0.0,0,37.0,15.2,356,1.0602984009107097,-15.162973563949327
2019-03-26 08:00:00,21.0,84,18.1,0.0,2,189.0,13.8,354,1.442492793093617,-13.724402156082173
2019-03-26 09:00:00,22.5,75,17.8,0.0,1,395.0,12.7,352,1.7674983821928365,-12.57640447301794
2019-03-26 10:00:00,23.9,69,17.8,0.0,1,593.0,11.0,349,2.098898949141992,-10.797899017924305
2019-03-26 11:00:00,24.9,66,18.1,0.0,3,719.0,9.9,341,3.223124729125852,-9.360633898433235
2019-03-26 12:00:00,25.6,65,18.5,0.0,6,776.0,10.8,339,3.8703738550892486,-10.082668606169776
2019-03-26 13:00:00,26.0,65,18.8,0.0,13,796.0,10.7,340,3.659615533584654,-10.05471104240922
2019-03-26 14:00:00,26.1,65,19.0,0.0,19,699.0,10.7,340,3.659615533584654,-10.05471104240922
2019-03-26 15:00:00,26.1,65,18.9,0.0,14,587.0,11.3,338,4.23305450559981,-10.477177556604698
2019-03-26 16:00:00,25.6,66,18.8,0.0,17,409.0,12.3,339,4.4079257794072,-11.48303924591558
2019-03-26 17:00:00,25.0,69,18.8,0.0,16,216.0,12.0,344,3.3076482698039875,-11.535140351259829
2019-03-26 18:00:00,23.8,74,19.0,0.0,17,50.0,8.4,340,2.8729692039356163,-7.893418014601631
2019-03-26 19:00:00,22.6,80,18.9,0.0,22,0.0,9.3,347,2.092044805397948,-9.061641602502688
2019-03-26 20:00:00,21.7,84,18.8,0.0,24,0.0,9.5,351,1.4861274178821953,-9.383039235653808
2019-03-26 21:00:00,21.2,86,18.7,0.0,31,0.0,10.2,352,1.419565629792672,-10.100734301164016
2019-03-26 22:00:00,20.8,88,18.7,0.0,47,0.0,10.9,352,1.5169868004647182,-10.793921949283115
2019-03-26 23:00:00,20.6,89,18.7,0.0,35,0.0,10.1,358,0.3524849166952583,-10.093847352892867
2019-03-27 00:00:00,20.6,89,18.7,0.0,39,0.0,8.6,358,0.300135671641507,-8.594761112364223
2019-03-27 01:00:00,20.4,90,18.7,0.0,35,0.0,8.3,355,0.7233926648055641,-8.268415994161488
2019-03-27 02:00:00,20.3,91,18.7,0.0,29,0.0,8.3,358,0.2896658226307568,-8.294943864258496
2019-03-27 03:00:00,20.3,90,18.6,0.0,22,0.0,8.6,358,0.300135671641507,-8.594761112364223
2019-03-27 04:00:00,20.2,91,18.6,0.0,29,0.0,9.0,358,0.3140954703225074,-8.994517443171862
2019-03-27 05:00:00,20.1,91,18.5,0.0,23,0.0,9.7,358,0.3385251180142579,-9.694091022085228
2019-03-27 06:00:00,20.0,91,18.5,0.0,17,0.0,10.8,358,0.3769145643870089,-10.793420931806237
2019-03-27 07:00:00,20.5,90,18.9,0.0,28,31.0,11.5,4,-0.802199448057441,-11.47198657798798
2019-03-27 08:00:00,22.3,82,19.1,0.0,21,181.0,9.4,7,-1.1455718280083864,-9.329933825428428
2019-03-27 09:00:00,23.7,75,19.0,0.0,18,352.0,7.2,357,0.3768188849491994,-7.190132650232932
2019-03-27 10:00:00,24.8,72,19.4,0.0,16,573.0,4.8,333,2.179154398749825,-4.276831316104166
2019-03-27 11:00:00,25.7,69,19.6,0.0,9,699.0,4.2,301,3.600102662948872,-2.163159914622228
2019-03-27 12:00:00,26.3,67,19.6,0.0,17,763.0,4.7,270,4.7,8.63375993398884e-16
2019-03-27 13:00:00,26.7,66,19.7,0.0,20,771.0,5.2,258,5.086367523815789,1.0811407922523508
2019-03-27 14:00:00,26.9,65,19.8,0.0,6,720.0,5.9,259,5.791600382341218,1.1257730727216133
2019-03-27 15:00:00,27.0,66,20.2,0.0,1,599.0,6.9,264,6.862201078041087,0.7212463965468082
2019-03-27 16:00:00,26.6,68,20.1,0.0,0,412.0,6.8,270,6.8,1.2491397351303002e-15
2019-03-27 17:00:00,25.8,71,20.2,0.0,0,209.0,6.2,280,6.105808068675691,-1.0766187015349655
2019-03-27 18:00:00,24.8,76,20.3,0.0,0,49.0,6.5,276,6.464392319893777,-0.6794350112397444
2019-03-27 19:00:00,23.8,82,20.5,0.0,1,0.0,6.5,270,6.5,1.1940306291686693e-15
2019-03-27 20:00:00,22.8,89,20.9,0.0,4,0.0,4.3,246,3.928245467863184,1.7489675652259404
2019-03-27 21:00:00,22.0,91,20.5,0.0,8,0.0,3.3,186,0.3449439287832565,3.281922254715301
2019-03-27 22:00:00,21.5,93,20.3,0.0,23,0.0,3.3,174,-0.3449439287832573,3.281922254715301
2019-03-27 23:00:00,21.2,93,20.1,0.0,24,0.0,0.8,297,0.7128052193506944,-0.3631923997916373
2019-03-28 00:00:00,21.3,93,20.1,0.0,44,0.0,0.8,297,0.7128052193506944,-0.3631923997916373
2019-03-28 01:00:00,21.2,93,20.1,0.0,46,0.0,0.8,297,0.7128052193506944,-0.3631923997916373
2019-03-28 02:00:00,21.3,94,20.2,0.0,41,0.0,0.8,333,0.3631923997916376,-0.7128052193506943
2019-03-28 03:00:00,21.8,95,21.0,0.0,29,0.0,1.8,11,-0.3434561916777806,-1.7669289302057951
2019-03-28 04:00:00,21.7,96,21.0,0.0,44,0.0,2.4,27,-1.0895771993749122,-2.138415658052083
2019-03-28 05:00:00,21.6,96,21.0,0.0,44,0.0,2.9,30,-1.4499999999999995,-2.511473670974872
2019-03-28 06:00:00,21.6,97,21.1,0.0,79,0.0,4.7,32,-2.490620541896063,-3.985826051935202
2019-03-28 07:00:00,21.9,96,21.3,0.0,49,32.0,3.6,53,-2.875087836170254,-2.1665340833473743
2019-03-28 08:00:00,23.8,91,22.2,0.0,23,150.0,2.5,90,-2.5,-1.5308084989341916e-16
2019-03-28 09:00:00,25.5,77,21.1,0.0,28,352.0,3.4,148,-1.8017254983928963,2.883363526931848
2019-03-28 10:00:00,26.8,72,21.2,0.0,22,541.0,7.3,191,1.3929056662487764,7.165878439167947
2019-03-28 11:00:00,27.7,69,21.5,0.0,18,688.0,10.3,205,4.352968095929203,9.334970206477497
2019-03-28 12:00:00,28.4,67,21.7,0.0,42,741.0,12.6,211,6.489479743866682,10.800307988846615
2019-03-28 13:00:00,28.7,67,22.0,0.0,56,741.0,13.7,215,7.857997178009332,11.222383006759188
2019-03-28 14:00:00,28.7,68,22.2,0.0,26,625.0,13.6,217,8.184684314867857,10.861442936643185
2019-03-28 15:00:00,28.2,72,22.7,0.0,16,544.0,13.3,218,8.188297621831254,10.480543022969403
2019-03-28 16:00:00,27.9,74,22.9,0.0,14,378.0,13.0,222,8.698697882665158,9.660882731206126
2019-03-28 17:00:00,27.1,79,23.1,0.0,7,209.0,11.8,230,9.03932442880394,7.584893794301166
2019-03-28 18:00:00,26.0,85,23.3,0.0,12,47.0,8.6,248,7.97378114927437,3.2216167033768457
2019-03-28 19:00:00,24.9,92,23.4,0.0,26,0.0,6.8,252,6.467184310807044,2.1013155617496437
2019-03-28 20:00:00,24.2,96,23.5,0.0,33,0.0,8.0,243,7.128052193506942,3.6319239979163753
2019-03-28 21:00:00,23.6,98,23.2,0.0,32,0.0,8.2,232,6.461688179575121,5.048424097670396
2019-03-28 22:00:00,23.3,98,23.0,0.0,74,0.0,6.9,227,5.046340541172277,4.705788684431241
2019-03-28 23:00:00,23.2,98,22.8,0.0,74,0.0,7.9,223,5.387787044493737,5.777694242791448
2019-03-29 00:00:00,23.2,98,22.8,0.0,76,0.0,9.2,228,6.836932394392028,6.156001578501495
2019-03-29 01:00:00,23.1,98,22.8,0.2,75,0.0,9.1,236,7.54424191025088,5.088655421583794
2019-03-29 02:00:00,23.0,98,22.7,0.3,76,0.0,9.4,238,7.971652103870404,4.981241083792128
2019-03-29 03:00:00,22.9,96,22.3,0.2,72,0.0,8.9,230,6.817795543758904,5.720809726210201
2019-03-29 04:00:00,22.8,96,22.2,0.2,74,0.0,8.7,228,6.4653599816533305,5.821436275322065
2019-03-29 05:00:00,22.7,96,22.1,0.2,75,0.0,8.7,232,6.8556935563784815,5.356254835333225
2019-03-29 06:00:00,22.5,97,22.0,0.2,79,0.0,8.5,242,7.505054539300879,3.990508283680072
2019-03-29 07:00:00,23.0,96,22.3,0.2,79,25.0,9.7,243,8.642763284627167,4.403707847473605
2019-03-29 08:00:00,24.0,89,22.0,0.3,67,98.0,12.3,249,11.48303924591558,4.407925779407199
2019-03-29 09:00:00,24.6,87,22.3,0.4,78,243.0,12.9,252,12.26862906020748,3.986319227436824
2019-03-29 10:00:00,25.5,81,21.9,0.4,89,398.0,12.8,254,12.304149708010485,3.5281581544575857
2019-03-29 11:00:00,25.9,78,21.8,0.4,95,545.0,13.0,256,12.613844441587954,3.144984642795681
2019-03-29 12:00:00,26.4,76,21.9,0.4,74,648.0,12.0,254,11.535140351259829,3.307648269803986
2019-03-29 13:00:00,26.5,75,21.8,0.3,78,574.0,12.5,258,12.22684500917257,2.598896135221997
2019-03-29 14:00:00,26.6,75,21.7,0.2,69,617.0,13.4,264,13.326593397934865,1.400681407786555
2019-03-29 15:00:00,26.5,74,21.4,0.0,52,470.0,12.3,265,12.253194786528471,1.0720156357961963
2019-03-29 16:00:00,26.2,74,21.1,0.0,48,415.0,9.9,260,9.74959675482086,1.7191169589026103
2019-03-29 17:00:00,25.6,76,21.1,0.0,45,169.0,8.5,258,8.314254606237347,1.767249371950958
2019-03-29 18:00:00,24.8,81,21.3,0.0,31,37.0,5.6,255,5.409184627218783,1.4493866525741157
2019-03-29 19:00:00,24.0,85,21.4,0.0,29,0.0,5.3,298,4.6796222421523135,-2.488199282765219
2019-03-29 20:00:00,23.3,89,21.4,0.0,36,0.0,5.9,313,4.3149868395531055,-4.023790324368742
2019-03-29 21:00:00,22.8,93,21.6,0.0,47,0.0,5.6,315,3.9597979746446663,-3.959797974644665
2019-03-29 22:00:00,22.4,94,21.3,0.0,44,0.0,5.9,313,4.3149868395531055,-4.023790324368742
2019-03-29 23:00:00,22.4,94,21.3,0.0,74,0.0,8.9,328,4.716281451675525,-7.54762805579219
2019-03-30 00:00:00,22.9,92,21.5,0.0,83,0.0,9.0,355,0.7844016847289249,-8.96575228282571
2019-03-30 01:00:00,22.9,92,21.5,0.0,68,0.0,9.5,351,1.4861274178821953,-9.383039235653808
2019-03-30 02:00:00,22.1,95,21.2,0.3,100,0.0,8.7,355,0.7582549619046273,-8.666893873398186
2019-03-30 03:00:00,21.8,93,20.5,0.3,100,0.0,9.0,5,-0.7844016847289235,-8.96575228282571
2019-03-30 04:00:00,21.8,93,20.5,0.4,100,0.0,9.3,16,-2.5634274090980926,-8.939733772226367
2019-03-30 05:00:00,21.8,92,20.5,0.5,92,0.0,10.5,354,1.0975488643103608,-10.44247990136687
2019-03-30 06:00:00,21.8,91,20.3,0.0,100,0.0,11.5,346,2.7821017993961803,-11.15840085217396
2019-03-30 07:00:00,22.0,90,20.4,0.0,100,16.0,11.5,4,-0.802199448057441,-11.47198657798798
2019-03-30 08:00:00,22.9,86,20.4,0.0,100,89.0,9.1,9,-1.4235536318661008,-8.987963899415753
2019-03-30 09:00:00,23.9,81,20.4,0.0,100,191.0,8.6,360,2.1063924945334478e-15,-8.6
2019-03-30 10:00:00,25.1,75,20.4,0.2,75,403.0,9.6,347,2.159530121701107,-9.353952621938255
2019-03-30 11:00:00,25.8,73,20.7,0.2,100,532.0,9.8,336,3.986019102142842,-8.95274548489749
2019-03-30 12:00:00,26.4,71,20.8,0.0,69,568.0,9.7,329,4.9958693266275285,-8.314522816810486
2019-03-30 13:00:00,26.8,70,20.9,0.0,63,610.0,10.0,322,6.156614753256582,-7.88010753606722
2019-03-30 14:00:00,26.8,71,21.1,0.0,50,521.0,12.0,321,7.5518446925980545,-9.325751537483647
2019-03-30 15:00:00,26.0,72,20.7,0.0,61,349.0,13.0,326,7.269507745119705,-10.777488443215544
2019-03-30 16:00:00,25.6,74,20.5,0.0,53,253.0,12.9,337,5.040431557511633,-11.87451260953648
2019-03-30 17:00:00,25.2,75,20.5,0.0,57,118.0,11.5,346,2.7821017993961803,-11.15840085217396
2019-03-30 18:00:00,24.5,79,20.5,0.0,71,27.0,6.4,344,1.764079077228793,-6.1520748540052415
2019-03-30 19:00:00,23.8,82,20.6,0.0,74,0.0,7.4,346,1.7902220274375422,-7.180188374442374
2019-03-30 20:00:00,23.4,85,20.7,0.0,85,0.0,6.8,360,1.6655196468404002e-15,-6.8
2019-03-30 21:00:00,23.2,86,20.8,0.0,88,0.0,6.3,13,-1.4171916423663495,-6.1385314081469815
2019-03-30 22:00:00,22.9,87,20.7,0.0,86,0.0,5.1,39,-3.2095339943541705,-3.963444403430551
2019-03-30 23:00:00,22.7,89,20.9,0.0,93,0.0,3.8,41,-2.493024310163928,-2.8678964048465336
2019-03-31 00:00:00,22.5,91,21.0,0.1,94,0.0,3.2,27,-1.4527695991665497,-2.8512208774027776
2019-03-31 01:00:00,22.5,90,20.8,0.2,89,0.0,4.0,360,9.797174393178826e-16,-4.0
2019-03-31 02:00:00,22.3,90,20.5,0.2,100,0.0,5.2,348,1.0811407922523513,-5.086367523815789
2019-03-31 03:00:00,22.3,88,20.3,0.3,100,0.0,4.7,23,-1.8364363038995868,-4.32637281122647
2019-03-31 04:00:00,22.1,89,20.2,0.1,100,0.0,5.6,50,-4.289848881466277,-3.5996106142446203
2019-03-31 05:00:00,21.9,89,20.1,0.0,100,0.0,6.2,54,-5.0159053651246746,-3.6442685642133337
2019-03-31 06:00:00,21.8,90,20.1,0.0,84,0.0,7.1,66,-6.486172749262466,-2.887830165838181
2019-03-31 07:00:00,22.3,90,20.5,0.0,77,21.0,4.4,35,-2.523736319944603,-3.604268994871564
2019-03-31 08:00:00,23.4,83,20.3,0.0,98,131.0,4.7,356,0.3278554265973905,-4.688551036221174
2019-03-31 09:00:00,24.3,80,20.6,0.0,81,311.0,3.1,339,1.1109406435904323,-2.894099322141325
2019-03-31 10:00:00,25.1,76,20.6,0.0,49,342.0,2.4,243,2.138415658052083,1.0895771993749126
2019-03-31 11:00:00,25.8,72,20.4,0.0,29,381.0,6.6,248,6.119413440140796,2.472403516545021
2019-03-31 12:00:00,26.1,70,20.3,0.1,34,578.0,11.2,274,11.172717362910031,-0.7812725059342024
2019-03-31 13:00:00,26.1,70,20.2,0.0,26,496.0,15.0,300,12.990381056766578,-7.500000000000002
2019-03-31 14:00:00,26.2,69,20.1,0.0,51,533.0,14.8,326,8.27605497136705,-12.26975607381462
2019-03-31 15:00:00,25.6,71,19.9,0.0,65,425.0,15.6,345,4.037577103599323,-15.068442890109464
2019-03-31 16:00:00,25.3,71,19.6,0.0,83,279.0,17.4,353,2.1205265752495617,-17.270303038559003
2019-03-31 17:00:00,24.7,71,19.2,0.0,80,151.0,15.9,4,-1.1091279325315924,-15.861268399131204
2019-03-31 18:00:00,23.9,75,19.1,0.0,59,33.0,14.4,360,3.5269827815443773e-15,-14.4
2019-03-31 19:00:00,23.1,78,19.1,0.0,56,0.0,15.5,359,0.2705122997778952,-15.497639274924063
2019-03-31 20:00:00,22.5,81,19.1,0.0,51,0.0,15.2,356,1.0602984009107097,-15.162973563949327
2019-03-31 21:00:00,22.1,83,19.0,0.0,62,0.0,14.4,356,1.0044932219154092,-14.36492232374147
2019-03-31 22:00:00,21.8,83,18.8,0.1,91,0.0,14.5,354,1.5156627173809745,-14.420567482839962
2019-03-31 23:00:00,21.4,84,18.6,0.1,82,0.0,15.2,356,1.0602984009107097,-15.162973563949327
2019-04-01 00:00:00,21.1,85,18.5,0.0,100,0.0,15.9,357,0.8321417042628155,-15.878209602597725
2019-04-01 01:00:00,20.7,86,18.3,0.2,94,0.0,16.2,1,-0.2827289842839929,-16.197532661533536
2019-04-01 02:00:00,20.2,88,18.1,0.5,100,0.0,16.6,1,-0.2897099468589063,-16.597471739596095
2019-04-01 03:00:00,20.2,87,18.0,0.3,100,0.0,16.2,359,0.2827289842839937,-16.197532661533536
2019-04-01 04:00:00,20.0,87,17.9,0.2,100,0.0,15.5,360,3.796405077356795e-15,-15.5
2019-04-01 05:00:00,19.9,88,17.8,0.4,100,0.0,16.6,360,4.065827373169213e-15,-16.6
2019-04-01 06:00:00,19.9,87,17.7,0.4,100,0.0,16.7,353,2.0352180348659585,-16.575520732410077
2019-04-01 07:00:00,20.1,87,17.9,0.4,100,31.0,17.7,354,1.8501537998374653,-17.60303754801844
2019-04-01 08:00:00,20.9,84,18.1,0.3,100,135.0,17.7,356,1.2346895852710238,-17.65688368959889
2019-04-01 09:00:00,21.8,80,18.1,0.2,100,260.0,18.7,360,4.580179028811101e-15,-18.7
2019-04-01 10:00:00,22.4,77,18.1,0.2,100,262.0,18.0,359,0.3141433158711041,-17.997258512815044
2019-04-01 11:00:00,22.9,75,18.1,0.1,100,287.0,17.1,352,2.3798600264171266,-16.933583975480854
2019-04-01 12:00:00,23.0,74,18.1,0.1,100,231.0,18.5,347,4.161594505361509,-18.02584619852685
2019-04-01 13:00:00,23.4,73,18.3,0.0,100,357.0,20.4,352,2.839131259585344,-20.20146860232803
2019-04-01 14:00:00,23.6,72,18.2,0.1,85,362.0,20.9,356,1.4579103012522256,-20.849088650430325
2019-04-01 15:00:00,22.2,76,17.8,0.2,81,145.0,19.8,358,0.6910100347095163,-19.787938374978097
2019-04-01 16:00:00,21.9,77,17.7,0.3,86,88.0,19.1,357,0.9996167642402376,-19.07382411381236
2019-04-01 17:00:00,21.6,79,17.8,0.3,71,76.0,17.0,354,1.776983875550108,-16.906872221260645
2019-04-01 18:00:00,21.1,81,17.8,0.5,59,21.0,17.4,353,2.1205265752495617,-17.270303038559003
2019-04-01 19:00:00,20.8,83,17.8,0.4,68,0.0,16.2,357,0.8478424911356988,-16.177798463024097
2019-04-01 20:00:00,20.6,83,17.7,0.4,68,0.0,13.7,360,3.355532229663748e-15,-13.7
2019-04-01 21:00:00,20.5,83,17.6,0.0,54,0.0,11.9,360,2.9146593819707008e-15,-11.9
2019-04-01 22:00:00,20.4,84,17.6,0.0,58,0.0,9.7,358,0.3385251180142579,-9.694091022085228
2019-04-01 23:00:00,20.4,84,17.6,0.0,51,0.0,9.5,351,1.4861274178821953,-9.383039235653808
2019-04-02 00:00:00,20.3,84,17.6,0.0,52,0.0,10.0,345,2.588190451025207,-9.659258262890685
2019-04-02 01:00:00,20.2,84,17.5,0.0,40,0.0,9.0,344,2.48073620235299,-8.65135526344487
2019-04-02 02:00:00,20.2,85,17.6,0.0,38,0.0,8.1,347,1.8221035401853087,-7.892397524760404
2019-04-02 03:00:00,20.1,84,17.3,0.0,46,0.0,7.3,349,1.392905666248776,-7.165878439167947
2019-04-02 04:00:00,20.1,84,17.3,0.0,29,0.0,6.6,351,1.0324674692655251,-6.5187430479279085
2019-04-02 05:00:00,20.1,84,17.3,0.0,41,0.0,6.6,351,1.0324674692655251,-6.5187430479279085
2019-04-02 06:00:00,20.0,85,17.4,0.0,49,0.0,7.3,351,1.141971594793687,-7.210124886344505
2019-04-02 07:00:00,20.5,85,17.8,0.0,60,24.0,7.9,357,0.4134540543192605,-7.889173324561134
2019-04-02 08:00:00,21.6,79,17.7,0.0,57,106.0,6.5,3,-0.3401837155791349,-6.49109197590473
2019-04-02 09:00:00,22.6,74,17.8,0.0,59,194.0,4.0,355,0.3486229709906333,-3.984778792366982
2019-04-02 10:00:00,23.5,72,18.1,0.0,57,357.0,3.1,315,2.192031021678298,-2.192031021678297
2019-04-02 11:00:00,24.4,69,18.3,0.0,53,458.0,4.7,293,4.32637281122647,-1.8364363038995852
2019-04-02 12:00:00,25.1,66,18.2,0.0,63,517.0,6.3,301,5.400153994423308,-3.244739871933341
2019-04-02 13:00:00,25.4,64,18.2,0.0,51,559.0,6.6,315,4.666904755831214,-4.6669047558312124
2019-04-02 14:00:00,25.8,63,18.3,0.0,48,578.0,7.3,327,3.9758649556096968,-6.122295146001595
2019-04-02 15:00:00,25.2,68,18.9,0.0,55,469.0,9.2,334,4.033014550459515,-8.268905225952334
2019-04-02 16:00:00,25.0,69,18.9,0.0,72,362.0,11.6,338,4.345436483624583,-10.755332712974733
2019-04-02 17:00:00,24.3,72,19.0,0.0,45,189.0,13.3,347,2.991849022773409,-12.959121861643627
2019-04-02 18:00:00,23.3,77,19.1,0.0,46,45.0,13.0,354,1.3588700224794945,-12.928784639787551
2019-04-02 19:00:00,22.3,81,18.9,0.0,39,0.0,12.6,355,1.0981623586204947,-12.552053195955994
2019-04-02 20:00:00,21.8,83,18.8,0.0,47,0.0,9.8,354,1.0243789400230034,-9.746314574609078
2019-04-02 21:00:00,21.3,86,18.9,0.0,50,0.0,8.2,345,2.1223161698406696,-7.92059177557036
2019-04-02 22:00:00,21.0,88,18.9,0.0,81,0.0,8.7,343,2.543633831087813,-8.319851376878407
2019-04-02 23:00:00,20.7,89,18.9,0.0,87,0.0,8.8,351,1.3766232923540338,-8.691657397237211
2019-04-03 00:00:00,20.4,91,18.9,0.0,72,0.0,8.3,360,2.0329136865846065e-15,-8.3
2019-04-03 01:00:00,20.2,92,18.9,0.0,61,0.0,9.0,358,0.3140954703225074,-8.994517443171862
2019-04-03 02:00:00,20.1,93,19.0,0.0,58,0.0,11.5,358,0.4013442120787595,-11.4929945107196
2019-04-03 03:00:00,20.1,94,19.1,0.0,61,0.0,13.7,358,0.4781231048242612,-13.691654330161612
2019-04-03 04:00:00,20.1,94,19.1,0.0,54,0.0,14.4,360,3.5269827815443773e-15,-14.4
2019-04-03 05:00:00,20.1,93,19.0,0.0,57,0.0,14.0,360,3.429011037612589e-15,-14.0
2019-04-03 06:00:00,20.1,93,19.0,0.0,46,0.0,15.1,360,3.698433333425007e-15,-15.1
2019-04-03 07:00:00,20.5,93,19.2,0.0,48,28.0,16.9,2,-0.5898014942722664,-16.889704976622717
2019-04-03 08:00:00,21.4,87,19.1,0.0,52,110.0,17.7,2,-0.6177210916342671,-17.689217638237995
2019-04-03 09:00:00,22.8,79,18.9,0.0,25,268.0,17.3,4,-1.2067869957733677,-17.257858069494958
2019-04-03 10:00:00,24.0,74,19.0,0.0,8,370.0,17.3,360,4.237277925049842e-15,-17.3
2019-04-03 11:00:00,25.1,70,19.2,0.0,5,629.0,19.5,357,1.020551146737415,-19.47327592771419
2019-04-03 12:00:00,25.7,67,19.2,0.0,7,730.0,22.4,356,1.562545011868414,-22.34543472582006
2019-04-03 13:00:00,26.0,66,19.1,0.0,2,732.0,23.8,357,1.245595758582076,-23.76738292715886
2019-04-03 14:00:00,26.1,65,18.9,0.0,2,694.0,24.1,359,0.4206029951385338,-24.096329453269032
2019-04-03 15:00:00,25.6,68,19.2,0.0,3,524.0,24.8,360,6.074248123770872e-15,-24.8
2019-04-03 16:00:00,25.0,69,19.0,0.0,3,394.0,25.2,1,-0.4398006422195444,-25.19616191794106
2019-04-03 17:00:00,23.9,73,18.8,0.0,2,193.0,24.8,359,0.4328196796446323,-24.796222839878503
2019-04-03 18:00:00,22.9,77,18.5,0.0,5,44.0,24.5,357,1.2822309279521371,-24.466423601487055
2019-04-03 19:00:00,22.2,79,18.3,0.0,5,0.0,23.4,357,1.224661376084898,-23.367931113257026
2019-04-03 20:00:00,21.9,80,18.3,0.0,5,0.0,23.1,357,1.208960589212015,-23.068342252830657
2019-04-03 21:00:00,21.7,82,18.5,0.0,5,0.0,22.7,359,0.3961696261263368,-22.69654268005008
2019-04-03 22:00:00,21.6,83,18.6,0.0,8,0.0,20.5,360,5.021051876504148e-15,-20.5
2019-04-03 23:00:00,21.4,85,18.8,0.0,4,0.0,18.4,360,4.506700220862259e-15,-18.4
2019-04-04 00:00:00,21.4,87,19.1,0.0,1,0.0,15.1,357,0.79027293926846,-15.079305974794064
2019-04-04 01:00:00,21.0,90,19.3,0.0,0,0.0,13.4,355,1.1678869528186215,-13.34900895442939
2019-04-04 02:00:00,20.8,92,19.4,0.0,4,0.0,12.3,357,0.6437322617882157,-12.283143277481258
2019-04-04 03:00:00,20.6,93,19.5,0.0,13,0.0,10.5,354,1.0975488643103608,-10.44247990136687
2019-04-04 04:00:00,20.6,94,19.6,0.0,44,0.0,10.5,352,1.4613175600806918,-10.397814721786489
2019-04-04 05:00:00,20.7,94,19.7,0.0,41,0.0,9.4,353,1.145571828008384,-9.329933825428428
2019-04-04 06:00:00,20.8,94,19.8,0.0,48,0.0,11.3,353,1.3771235804781636,-11.21577151354694
2019-04-04 07:00:00,21.4,93,20.2,0.0,69,24.0,12.3,353,1.498992923883311,-12.208317665188265
2019-04-04 08:00:00,22.5,88,20.4,0.0,72,93.0,12.3,353,1.498992923883311,-12.208317665188265
2019-04-04 09:00:00,23.5,82,20.3,0.0,79,181.0,10.3,348,2.141490415422927,-10.074920287558198
2019-04-04 10:00:00,24.6,77,20.2,0.0,92,323.0,9.0,337,3.516580156403465,-8.284543681071963
2019-04-04 11:00:00,25.4,75,20.5,0.0,73,460.0,10.4,326,5.815606196095764,-8.621990754572435
2019-04-04 12:00:00,25.9,73,20.7,0.0,79,470.0,10.8,323,6.4996022500421216,-8.625263508510763
2019-04-04 13:00:00,26.2,73,21.0,0.0,66,609.0,10.1,325,5.79312200714557,-8.273435647318815
2019-04-04 14:00:00,26.2,74,21.1,0.0,34,542.0,11.0,328,5.829111906565255,-9.328529057720685
2019-04-04 15:00:00,26.2,74,21.2,0.0,42,514.0,13.2,331,6.399486987251646,-11.544980134240024
2019-04-04 16:00:00,25.4,77,21.1,0.1,55,306.0,16.2,339,5.805560782633872,-15.124002909254664
2019-04-04 17:00:00,24.6,79,20.7,0.0,51,157.0,16.2,347,3.6442070803706175,-15.784795049520808
2019-04-04 18:00:00,23.6,82,20.4,0.0,48,35.0,14.8,354,1.5470212563612706,-14.718924051450443
2019-04-04 19:00:00,22.8,84,19.9,0.2,57,0.0,14.5,353,1.7671054793746348,-14.39191919879917
2019-04-04 20:00:00,22.1,86,19.7,0.3,100,0.0,14.5,354,1.5156627173809745,-14.420567482839962
2019-04-04 21:00:00,21.8,88,19.7,0.2,100,0.0,14.1,357,0.7379369830255156,-14.080676440039491
2019-04-04 22:00:00,21.7,89,19.8,0.2,100,0.0,11.6,5,-1.0110066158728348,-11.555858497864248
2019-04-04 23:00:00,21.4,90,19.8,0.1,96,0.0,9.0,5,-0.7844016847289235,-8.96575228282571
2019-04-05 00:00:00,21.2,92,19.8,0.0,83,0.0,6.5,3,-0.3401837155791349,-6.49109197590473
2019-04-05 01:00:00,21.0,93,19.8,0.0,58,0.0,5.5,349,1.0494494745709957,-5.398949508962152
2019-04-05 02:00:00,20.9,93,19.8,0.0,78,0.0,5.2,335,2.197614961051636,-4.71280049259058
2019-04-05 03:00:00,21.0,94,20.0,0.0,94,0.0,6.0,335,2.535709570444195,-5.4378467222199
2019-04-05 04:00:00,21.2,94,20.1,0.0,80,0.0,9.0,337,3.516580156403465,-8.284543681071963
2019-04-05 05:00:00,21.3,94,20.2,0.0,71,0.0,12.5,342,3.862712429686846,-11.88820645368942
2019-04-05 06:00:00,21.2,94,20.2,0.0,67,0.0,14.3,348,2.973137178693966,-13.98751069049342
2019-04-05 07:00:00,21.5,93,20.4,0.0,52,33.0,13.5,351,2.1118652780431195,-13.33379259803436
2019-04-05 08:00:00,22.5,89,20.5,0.0,45,141.0,12.4,350,2.153237403069937,-12.21161613735138
2019-04-05 09:00:00,23.7,82,20.5,0.0,29,296.0,10.9,343,3.186851581477835,-10.423721839997086
2019-04-05 10:00:00,25.2,76,20.6,0.0,7,528.0,11.8,333,5.357087896926655,-10.51387698542274
2019-04-05 11:00:00,26.1,71,20.5,0.0,7,681.0,15.5,329,7.983090161105845,-13.286093160882738
2019-04-05 12:00:00,26.6,68,20.2,0.0,14,757.0,19.2,330,9.600000000000009,-16.627687752661217
2019-04-05 13:00:00,26.7,67,20.1,0.0,10,710.0,20.3,335,8.579150713336194,-18.398048076843995
2019-04-05 14:00:00,26.6,67,20.0,0.0,5,642.0,20.2,341,6.576476720034565,-19.0994752271062
2019-04-05 15:00:00,26.5,68,20.0,0.0,1,544.0,19.5,344,5.374928438431479,-18.74460307079722
2019-04-05 16:00:00,25.9,68,19.6,0.0,2,364.0,19.1,344,5.26467349610468,-18.360098392421893
2019-04-05 17:00:00,25.2,70,19.3,0.0,0,200.0,18.0,344,4.961472404705981,-17.30271052688974
2019-04-05 18:00:00,24.2,74,19.2,0.0,0,54.0,14.6,344,4.024305394928184,-14.034420760699456
2019-04-05 19:00:00,23.1,78,19.0,0.0,2,0.0,12.6,347,2.834383284732703,-12.277062816293965
2019-04-05 20:00:00,22.4,82,19.1,0.0,3,0.0,9.5,351,1.4861274178821953,-9.383039235653808
2019-04-05 21:00:00,21.8,86,19.3,0.0,0,0.0,7.7,349,1.469229264399394,-7.558529312547013
2019-04-05 22:00:00,21.3,89,19.5,0.0,0,0.0,7.8,326,4.361704647071823,-6.466493065929326
2019-04-05 23:00:00,20.9,93,19.7,0.0,0,0.0,7.4,309,5.750880114781584,-4.656970893768798
2019-04-06 00:00:00,20.9,93,19.6,0.0,0,0.0,8.7,308,6.855693556378479,-5.356254835333228
2019-04-06 01:00:00,20.8,93,19.6,0.0,1,0.0,9.2,312,6.836932394392029,-6.156001578501491
2019-04-06 02:00:00,20.7,93,19.4,0.0,1,0.0,9.2,321,5.789747597658508,-7.149742845404129
2019-04-06 03:00:00,20.5,93,19.4,0.0,1,0.0,9.2,329,4.738350289172501,-7.885939166459431
2019-04-06 04:00:00,20.1,95,19.2,0.0,23,0.0,7.1,330,3.550000000000003,-6.148780366869512
2019-04-06 05:00:00,20.1,95,19.2,0.0,21,0.0,5.1,321,3.2095339943541727,-3.96344440343055
2019-04-06 06:00:00,21.2,91,19.7,0.0,25,0.0,5.4,307,4.312631754255383,-3.249801125021059
2019-04-06 07:00:00,21.4,92,20.0,0.0,8,55.0,4.1,322,2.5242120488351985,-3.23084408978756
2019-04-06 08:00:00,23.3,82,20.0,0.0,25,228.0,2.6,326,1.453901549023941,-2.1554976886431088
2019-04-06 09:00:00,24.5,75,19.8,0.0,26,435.0,2.9,270,2.9,5.327213576290986e-16
2019-04-06 10:00:00,25.6,70,19.7,0.0,24,624.0,5.8,266,5.78587149150698,0.4045875477159283
2019-04-06 11:00:00,26.4,67,19.7,0.0,20,761.0,6.8,273,6.790680836331102,-0.3558845024520188
2019-04-06 12:00:00,26.9,65,19.7,0.0,9,825.0,8.2,285,7.920591775570361,-2.122316169840666
2019-04-06 13:00:00,27.2,64,19.7,0.0,9,815.0,9.5,295,8.609923976848174,-4.014873486536646
2019-04-06 14:00:00,27.2,64,19.8,0.0,5,700.0,9.2,301,7.885939166459432,-4.738350289172498
2019-04-06 15:00:00,26.9,64,19.5,0.0,2,610.0,9.1,304,7.544241910250879,-5.088655421583797
2019-04-06 16:00:00,26.5,65,19.4,0.0,2,436.0,8.2,308,6.461688179575118,-5.0484240976704
2019-04-06 17:00:00,26.0,67,19.4,0.0,1,235.0,6.1,310,4.672871103025766,-3.921004419087889
2019-04-06 18:00:00,25.1,72,19.7,0.0,5,61.0,6.0,303,5.032023407672545,-3.26783421009016
2019-04-06 19:00:00,24.1,77,19.8,0.0,6,0.0,6.6,311,4.981083229470297,-4.3299895913373465
2019-04-06 20:00:00,23.0,83,19.9,0.0,0,0.0,7.0,325,4.015035054457325,-5.734064310022941
2019-04-06 21:00:00,22.0,88,19.9,0.0,0,0.0,7.1,330,3.550000000000003,-6.148780366869512
2019-04-06 22:00:00,21.2,91,19.7,0.0,0,0.0,6.6,338,2.4724035165450213,-6.119413440140796
2019-04-06 23:00:00,21.2,90,19.5,0.0,0,0.0,2.7,337,1.0549740469210396,-2.4853631043215887
2019-04-07 00:00:00,22.2,87,19.8,0.0,0,0.0,3.6,233,2.875087836170254,2.166534083347374
2019-04-07 01:00:00,21.9,88,19.9,0.0,0,0.0,8.4,263,8.337387673787106,1.0237024846032363
2019-04-07 02:00:00,21.2,91,19.6,0.0,0,0.0,7.6,265,7.571079705497266,0.6623836448822027
2019-04-07 03:00:00,22.3,87,20.0,0.0,9,0.0,3.6,264,3.5802788233257843,0.3763024677635521
2019-04-07 04:00:00,22.1,88,20.1,0.0,24,0.0,1.8,233,1.437543918085127,1.083267041673687
2019-04-07 05:00:00,21.0,91,19.6,0.0,30,0.0,4.9,216,2.880147736233118,3.9641832724372423
2019-04-07 06:00:00,19.4,95,18.6,0.0,20,0.0,6.4,243,5.702441754805554,2.9055391983331003
2019-04-07 07:00:00,21.5,93,20.3,0.0,2,55.0,6.5,236,5.388744221607772,3.6347538725598527
2019-04-07 08:00:00,24.4,81,21.0,0.0,2,223.0,7.0,235,5.734064310022941,4.015035054457325
2019-04-07 09:00:00,25.7,74,20.8,0.0,14,411.0,8.2,247,7.548139798310009,3.203995253612045
2019-04-07 10:00:00,26.6,72,21.1,0.0,32,603.0,8.6,255,8.306962106085987,2.225843787881677
2019-04-07 11:00:00,27.4,69,21.1,0.0,54,723.0,9.0,265,8.96575228282571,0.7844016847289242
2019-04-07 12:00:00,28.0,67,21.2,0.0,59,750.0,10.5,276,10.442479901366871,-1.0975488643103564
2019-04-07 13:00:00,28.2,66,21.1,0.0,61,742.0,12.0,286,11.535140351259823,-3.307648269803993
2019-04-07 14:00:00,28.1,66,21.2,0.0,41,671.0,12.9,293,11.874512609536485,-5.040431557511628
2019-04-07 15:00:00,27.6,68,21.2,0.0,62,567.0,12.8,302,10.855015630802257,-6.78296658218502
2019-04-07 16:00:00,27.2,69,21.1,0.0,68,417.0,12.8,310,9.80536887192292,-8.227681403987702
2019-04-07 17:00:00,26.5,72,21.1,0.0,64,214.0,11.7,315,8.273149339882607,-8.273149339882604
2019-04-07 18:00:00,25.5,77,21.3,0.0,22,57.0,6.9,321,4.342310698243882,-5.362307134053097
2019-04-07 19:00:00,24.5,83,21.4,0.0,9,0.0,6.7,306,5.420413862312149,-3.938161190359569
2019-04-07 20:00:00,23.7,87,21.4,0.0,14,0.0,6.2,291,5.788198644282651,-2.2218812871808624
2019-04-07 21:00:00,23.0,91,21.4,0.0,10,0.0,6.5,276,6.464392319893777,-0.6794350112397444
2019-04-07 22:00:00,22.5,94,21.5,0.0,15,0.0,8.3,265,8.268415994161488,0.7233926648055635
2019-04-07 23:00:00,22.1,95,21.3,0.0,18,0.0,8.0,252,7.608452130361228,2.4721359549995805
2019-04-08 00:00:00,21.6,97,21.1,0.0,13,0.0,6.8,245,6.162892951849221,2.873804179836754
2019-04-08 01:00:00,21.8,97,21.3,0.0,38,0.0,6.1,242,5.385980316439454,2.863776532993933
2019-04-08 02:00:00,22.4,96,21.7,0.0,49,0.0,6.2,249,5.78819864428265,2.2218812871808646
2019-04-08 03:00:00,22.7,93,21.6,0.0,48,0.0,4.3,222,2.8772616073430903,3.195522749552795
2019-04-08 04:00:00,22.7,94,21.7,0.0,39,0.0,2.9,173,-0.3534210958749278,2.8783838397598336
2019-04-08 05:00:00,22.6,95,21.8,0.0,97,0.0,2.6,164,-0.716657125124198,2.499280409439629
2019-04-08 06:00:00,22.6,95,21.8,0.0,47,0.0,1.9,112,-1.761649323676896,0.7117525274902329
2019-04-08 07:00:00,23.1,94,22.1,0.0,19,55.0,1.3,56,-1.0777488443215544,-0.7269507745119709
2019-04-08 08:00:00,24.9,82,21.7,0.0,2,218.0,1.8,323,1.083267041673687,-1.437543918085127
2019-04-08 09:00:00,26.1,74,21.2,0.0,0,422.0,4.2,301,3.600102662948872,-2.163159914622228
2019-04-08 10:00:00,27.0,71,21.3,0.0,7,600.0,6.2,291,5.788198644282651,-2.2218812871808624
2019-04-08 11:00:00,27.8,69,21.5,0.0,17,718.0,6.7,286,6.440453362786736,-1.846770283973896
2019-04-08 12:00:00,28.4,67,21.6,0.0,20,801.0,6.6,283,6.430842427582553,-1.4846769586695083
2019-04-08 13:00:00,28.7,66,21.7,0.0,11,803.0,6.9,276,6.862201078041087,-0.7212463965468057
2019-04-08 14:00:00,28.8,65,21.6,0.0,2,738.0,7.2,270,7.2,1.3226185430791417e-15
2019-04-08 15:00:00,28.6,65,21.4,0.0,5,600.0,6.8,267,6.790680836331102,0.3558845024520213
2019-04-08 16:00:00,28.3,65,21.2,0.0,22,428.0,5.5,259,5.398949508962152,1.0494494745709957
2019-04-08 17:00:00,27.8,67,21.1,0.0,28,214.0,5.2,245,4.712800492590581,2.197614961051636
2019-04-08 18:00:00,27.0,72,21.4,0.0,28,53.0,6.7,254,6.440453362786737,1.8467702839738929
2019-04-08 19:00:00,25.9,77,21.6,0.0,26,0.0,6.9,242,6.092338390726597,3.239353783222646
2019-04-08 20:00:00,25.1,82,21.7,0.0,26,0.0,5.9,223,4.023790324368741,4.314986839553106
2019-04-08 21:00:00,24.5,85,21.8,0.0,29,0.0,6.9,231,5.362307134053097,4.342310698243882
2019-04-08 22:00:00,24.2,87,21.9,0.0,26,0.0,7.0,215,4.015035054457323,5.734064310022943
2019-04-08 23:00:00,24.0,88,21.9,0.0,23,0.0,9.3,193,2.0920448053979444,9.06164160250269
2019-04-09 00:00:00,23.9,90,22.1,0.0,20,0.0,8.8,189,1.3766232923540305,8.691657397237213
2019-04-09 01:00:00,23.7,92,22.3,0.0,20,0.0,8.3,198,2.5648410533120627,7.893769085249776
2019-04-09 02:00:00,23.6,94,22.5,0.0,16,0.0,10.9,214,6.095202647831139,9.036509540849956
2019-04-09 03:00:00,23.3,95,22.4,0.0,23,0.0,10.0,229,7.54709580222772,6.560590289905073
2019-04-09 04:00:00,23.2,96,22.6,0.0,74,0.0,8.5,234,6.876644452187052,4.996174644486023
2019-04-09 05:00:00,23.1,97,22.6,0.0,74,0.0,6.4,227,4.680663690362692,4.364789504399991
2019-04-09 06:00:00,22.9,97,22.4,0.0,75,0.0,3.9,248,3.616017032810471,1.460965714322058
2019-04-09 07:00:00,23.8,96,23.0,0.0,69,57.0,1.3,214,0.7269507745119708,1.0777488443215544
2019-04-09 08:00:00,25.8,85,23.0,0.0,6,215.0,4.1,195,1.0611580849203353,3.96029588778518
2019-04-09 09:00:00,27.3,75,22.5,0.0,8,375.0,8.8,192,1.829622879196284,8.60769888645749
2019-04-09 10:00:00,28.8,68,22.4,0.0,5,584.0,13.9,197,4.063966695646041,13.292636107886192
2019-04-09 11:00:00,29.9,64,22.2,0.0,11,722.0,18.0,200,6.156362579862035,16.914467174146353
2019-04-09 12:00:00,30.6,60,21.9,0.0,5,815.0,19.7,204,8.012711868593264,17.996845515559237
2019-04-09 13:00:00,30.9,58,21.7,0.0,1,813.0,21.1,207,9.579199544504435,18.800237660374563
2019-04-09 14:00:00,30.8,57,21.4,0.0,0,749.0,21.3,208,9.999744287339476,18.806783727895144
2019-04-09 15:00:00,30.3,60,21.8,0.0,0,611.0,20.9,209,10.132521063148442,18.27955187921337
2019-04-09 16:00:00,29.7,62,21.8,0.0,0,437.0,19.8,207,8.989011894843024,17.641929178929686
2019-04-09 17:00:00,28.9,67,22.0,0.0,0,237.0,16.9,204,6.873849267981023,15.438918234159951
2019-04-09 18:00:00,27.7,71,21.9,0.0,0,63.0,11.6,210,5.800000000000001,10.045894683899489
2019-04-09 19:00:00,26.6,76,21.9,0.0,0,0.0,11.3,207,5.130092647056878,10.068373723328556
2019-04-09 20:00:00,25.8,80,22.2,0.0,0,0.0,11.3,202,4.233054505599806,10.4771775566047
2019-04-09 21:00:00,25.3,84,22.3,0.0,0,0.0,11.2,201,4.013721034907364,10.45610077676866
2019-04-09 22:00:00,24.8,87,22.4,0.0,0,0.0,10.6,198,3.275580140374441,10.081199072728628
2019-04-09 23:00:00,24.5,88,22.5,0.0,0,0.0,9.3,196,2.563427409098091,8.939733772226367
2019-04-10 00:00:00,24.3,90,22.5,0.0,0,0.0,9.7,195,2.510544737494452,9.369480515003962
2019-04-10 01:00:00,24.0,92,22.6,0.0,0,0.0,9.7,202,3.6336839561343455,8.993683389297837
2019-04-10 02:00:00,23.7,93,22.6,0.0,0,0.0,9.0,209,4.363286582217032,7.871577364254563
2019-04-10 03:00:00,23.5,95,22.7,0.0,0,0.0,9.0,209,4.363286582217032,7.871577364254563
2019-04-10 04:00:00,23.4,96,22.7,0.0,1,0.0,7.7,208,3.61493103345136,6.798696465013737
2019-04-10 05:00:00,23.5,96,22.8,0.0,22,0.0,8.3,214,4.641301098807197,6.881011852206847
2019-04-10 06:00:00,23.4,97,22.9,0.0,21,0.0,7.1,221,4.6580191058326,5.358438019581682
2019-04-10 07:00:00,24.3,96,23.5,0.0,25,57.0,8.2,221,5.379684037722157,6.1886185578267305
2019-04-10 08:00:00,25.9,88,23.8,0.0,13,232.0,8.9,223,6.069785404556236,6.509047944410618
2019-04-10 09:00:00,27.2,80,23.4,0.0,4,443.0,8.5,234,6.876644452187052,4.996174644486023
2019-04-10 10:00:00,28.3,73,23.1,0.0,3,622.0,9.6,250,9.02104915954472,3.283393375926418
2019-04-10 11:00:00,29.1,68,22.6,0.0,14,752.0,10.5,264,10.442479901366871,1.0975488643103604
2019-04-10 12:00:00,29.5,64,22.0,0.0,24,818.0,11.2,270,11.2,2.0574066225675528e-15
2019-04-10 13:00:00,29.7,61,21.2,0.0,26,799.0,11.2,272,11.193177262613872,-0.3908743630680143
2019-04-10 14:00:00,29.6,58,20.6,0.0,20,748.0,10.8,272,10.793420931806237,-0.3769145643870139
2019-04-10 15:00:00,29.1,59,20.2,0.0,7,608.0,10.8,270,10.8,1.9839278146187122e-15
2019-04-10 16:00:00,28.6,60,20.0,0.0,0,445.0,10.1,268,10.093847352892867,0.3524849166952576
2019-04-10 17:00:00,27.7,64,20.3,0.0,0,245.0,9.0,270,9.0,1.6532731788489269e-15
2019-04-10 18:00:00,26.4,73,21.1,0.0,0,65.0,5.8,274,5.785871491506981,-0.4045875477159262
2019-04-10 19:00:00,25.2,81,21.7,0.0,0,0.0,6.9,298,6.0923383907265976,-3.239353783222644
2019-04-10 20:00:00,24.4,87,22.1,0.0,0,0.0,7.5,325,4.3018232726328485,-6.143640332167437
2019-04-10 21:00:00,23.7,91,22.1,0.0,0,0.0,7.1,319,4.658019105832603,-5.35843801958168
2019-04-10 22:00:00,23.0,94,21.9,0.0,2,0.0,7.7,311,5.811263767715347,-5.051654523226905
2019-04-10 23:00:00,22.5,95,21.6,0.0,2,0.0,7.1,311,5.3584380195816825,-4.6580191058326
2019-04-11 00:00:00,22.2,95,21.4,0.0,4,0.0,7.1,315,5.020458146424488,-5.0204581464244855
2019-04-11 01:00:00,22.2,95,21.4,0.0,11,0.0,6.7,306,5.420413862312149,-3.938161190359569
2019-04-11 02:00:00,23.2,93,22.0,0.0,23,0.0,4.7,279,4.642135200797148,-0.7352419856890842
2019-04-11 03:00:00,23.0,94,21.9,0.0,25,0.0,5.1,266,5.087576656325103,0.3557580160950404
2019-04-11 04:00:00,23.0,94,22.0,0.0,30,0.0,5.2,286,4.998560818879258,-1.4333142502483969
2019-04-11 05:00:00,22.9,94,21.9,0.0,33,0.0,4.4,305,3.604268994871564,-2.523736319944603
2019-04-11 06:00:00,22.7,95,21.8,0.0,62,0.0,2.8,230,2.144924440733138,1.7998053071223103
2019-04-11 07:00:00,22.9,96,22.1,0.0,43,57.0,3.7,191,0.7059932828932155,3.632020578756357
2019-04-11 08:00:00,25.3,81,21.9,0.0,71,196.0,10.2,198,3.151973342624462,9.700776466210566
2019-04-11 09:00:00,26.8,73,21.6,0.0,77,387.0,14.3,208,6.71344334783824,12.626150577882656
2019-04-11 10:00:00,27.9,68,21.4,0.0,84,543.0,14.9,217,8.967043844965522,11.899669099704663
2019-04-11 11:00:00,28.7,65,21.3,0.0,84,679.0,15.0,224,10.41987555688496,10.790097005079764
2019-04-11 12:00:00,29.2,63,21.4,0.0,76,761.0,14.8,229,11.169701787297026,9.709673629059507
2019-04-11 13:00:00,29.4,63,21.6,0.0,53,801.0,15.0,235,12.287280664334874,8.603646545265695
2019-04-11 14:00:00,29.1,64,21.7,0.0,38,680.0,13.6,248,12.609700422108308,5.094649670456407
2019-04-11 15:00:00,28.3,71,22.5,0.3,31,509.0,12.3,267,12.283143277481258,0.643732261788215
2019-04-11 16:00:00,27.6,75,22.7,0.4,37,373.0,11.8,290,11.08837292527372,-4.035837691242894
2019-04-11 17:00:00,26.7,79,22.7,0.1,45,192.0,12.7,315,8.980256121069155,-8.98025612106915
2019-04-11 18:00:00,25.5,84,22.5,0.0,49,43.0,14.1,354,1.473851332073913,-14.022758724692652
2019-04-11 19:00:00,24.5,86,22.0,0.0,43,0.0,15.2,7,-1.8524140197582413,-15.086701504948094
2019-04-11 20:00:00,23.8,88,21.6,0.0,47,0.0,15.2,4,-1.0602984009107046,-15.162973563949327
2019-04-11 21:00:00,23.2,89,21.4,0.0,30,0.0,14.8,356,1.0323958114130594,-14.763947943845398
2019-04-11 22:00:00,22.6,91,21.1,0.0,16,0.0,16.7,346,4.0400956565144535,-16.20393862880914
2019-04-11 23:00:00,22.1,91,20.6,0.0,30,0.0,18.2,346,4.402978499913955,-17.659382218223136
2019-04-12 00:00:00,21.8,90,20.0,0.0,16,0.0,18.0,348,3.7424104347196776,-17.6066568132085
2019-04-12 01:00:00,21.5,88,19.5,0.0,11,0.0,18.5,352,2.574702367761218,-18.31995927171905
2019-04-12 02:00:00,21.5,87,19.3,0.0,14,0.0,17.8,352,2.4772811970891726,-17.62677162359995
2019-04-12 03:00:00,21.7,88,19.6,0.0,11,0.0,17.9,351,2.8001769242201364,-17.679621296652964
2019-04-12 04:00:00,21.6,88,19.5,0.0,13,0.0,17.9,350,3.1083023802380536,-17.628058778918522
2019-04-12 05:00:00,21.4,88,19.3,0.0,19,0.0,17.1,352,2.3798600264171266,-16.933583975480854
2019-04-12 06:00:00,21.3,87,19.1,0.0,33,0.0,16.3,355,1.4206386067868306,-16.237973578895453
2019-04-12 07:00:00,22.0,83,19.1,0.0,47,48.0,16.3,355,1.4206386067868306,-16.237973578895453
2019-04-12 08:00:00,23.2,77,19.0,0.0,43,200.0,13.4,354,1.4006814077865557,-13.326593397934865
2019-04-12 09:00:00,24.5,72,19.1,0.0,41,344.0,11.7,342,3.615498834186888,-11.127361240653295
2019-04-12 10:00:00,25.4,69,19.2,0.0,53,441.0,12.7,335,5.36725192410688,-11.510108895365455
2019-04-12 11:00:00,26.2,66,19.4,0.1,55,549.0,12.9,333,5.856477446640156,-11.493984162029944
2019-04-12 12:00:00,26.7,65,19.7,0.1,50,600.0,13.7,337,5.353016460303052,-12.610916492298433
2019-04-12 13:00:00,27.0,64,19.7,0.0,78,539.0,15.1,342,4.66615661506171,-14.360953396056818
2019-04-12 14:00:00,27.0,65,19.8,0.0,70,507.0,17.9,345,4.63286090733512,-17.290072290574322
2019-04-12 15:00:00,25.6,68,19.2,0.1,58,335.0,21.4,347,4.813952562958718,-20.851519386404032
2019-04-12 16:00:00,24.6,71,19.1,0.2,60,182.0,21.2,359,0.3699910164704114,-21.19677113731549
2019-04-12 17:00:00,23.7,76,19.3,0.2,47,78.0,19.1,3,-0.9996167642402272,-19.07382411381236
2019-04-12 18:00:00,22.9,81,19.4,0.0,71,24.0,15.8,360,3.869883885305636e-15,-15.8
2019-04-12 19:00:00,22.2,84,19.5,0.0,83,0.0,13.7,3,-0.7170026005283305,-13.68122462613766
2019-04-12 20:00:00,22.0,87,19.6,0.0,76,0.0,11.9,357,0.622797879291038,-11.88369146357943
2019-04-12 21:00:00,21.8,88,19.7,0.0,88,0.0,10.9,354,1.1393602496174222,-10.84028865951418
2019-04-12 22:00:00,21.7,89,19.8,0.0,63,0.0,9.4,358,0.3280552690035077,-9.3942737739795
2019-04-12 23:00:00,21.6,90,19.8,0.0,93,0.0,9.0,355,0.7844016847289249,-8.96575228282571
2019-04-13 00:00:00,21.6,90,19.8,0.0,92,0.0,7.7,11,-1.469229264399395,-7.558529312547013
2019-04-13 01:00:00,21.5,91,19.9,0.0,91,0.0,4.7,9,-0.7352419856890852,-4.642135200797148
2019-04-13 02:00:00,21.2,92,19.8,0.0,94,0.0,2.0,315,1.4142135623730954,-1.4142135623730947
2019-04-13 03:00:00,22.0,88,20.0,0.0,73,0.0,6.7,306,5.420413862312149,-3.938161190359569
2019-04-13 04:00:00,22.2,87,19.9,0.0,54,0.0,12.7,317,8.661379172793728,-9.288192010563469
2019-04-13 05:00:00,21.9,88,19.8,0.0,36,0.0,13.0,346,3.1449846427956825,-12.613844441587954
2019-04-13 06:00:00,21.6,89,19.7,0.0,38,0.0,12.2,360,2.9881381899195417e-15,-12.2
2019-04-13 07:00:00,22.2,87,19.9,0.0,33,45.0,10.9,351,1.7051356689385189,-10.765802912487
2019-04-13 08:00:00,23.2,81,19.8,0.0,33,163.0,12.3,345,3.1834742547610047,-11.88088766335554
2019-04-13 09:00:00,24.5,75,19.7,0.0,24,363.0,12.6,347,2.834383284732703,-12.277062816293965
2019-04-13 10:00:00,25.5,70,19.6,0.0,26,408.0,12.1,343,3.5376976271451195,-11.571287547152728
2019-04-13 11:00:00,26.7,65,19.6,0.0,31,620.0,13.9,335,5.87439383819572,-12.597678239809436
2019-04-13 12:00:00,27.3,62,19.5,0.0,60,621.0,15.2,338,5.694020219921868,-14.093194589415166
2019-04-13 13:00:00,27.8,61,19.6,0.0,46,595.0,17.2,340,5.8827464652015,-16.162713077517623
2019-04-13 14:00:00,27.9,61,19.6,0.0,61,556.0,17.7,348,3.6800369274743496,-17.31321253298836
2019-04-13 15:00:00,25.8,72,20.3,0.3,51,290.0,18.4,359,0.3211242784460175,-18.3971975908776
2019-04-13 16:00:00,25.6,73,20.4,0.2,37,275.0,17.8,7,-2.169274312611625,-17.667321499215532
2019-04-13 17:00:00,25.0,76,20.4,0.0,23,109.0,17.0,4,-1.18586005365013,-16.958588854417012
2019-04-13 18:00:00,24.3,79,20.5,0.0,34,34.0,16.0,8,-2.226769615361047,-15.844289099865126
2019-04-13 19:00:00,23.5,84,20.6,0.0,41,0.0,16.2,359,0.2827289842839937,-16.197532661533536
2019-04-13 20:00:00,23.3,85,20.7,0.0,38,0.0,15.5,1,-0.2705122997778944,-15.497639274924063
2019-04-13 21:00:00,23.0,87,20.8,0.0,28,0.0,12.3,7,-1.498992923883314,-12.20831766518826
2019-04-13 22:00:00,22.7,89,20.9,0.0,39,0.0,9.8,352,1.3638963894086458,-9.704627073667387
2019-04-13 23:00:00,22.7,90,20.9,0.0,34,0.0,8.8,348,1.829622879196287,-8.60769888645749
2019-04-14 00:00:00,22.3,92,21.0,0.0,33,0.0,8.8,348,1.829622879196287,-8.60769888645749
2019-04-14 01:00:00,22.1,93,21.0,0.0,38,0.0,11.0,349,2.098898949141992,-10.797899017924305
2019-04-14 02:00:00,22.1,93,21.0,0.0,35,0.0,13.8,351,2.158795617555189,-13.6300991002129
2019-04-14 03:00:00,22.3,93,21.0,0.0,34,0.0,15.6,352,2.171100374977028,-15.448181872368496
2019-04-14 04:00:00,22.1,93,20.9,0.0,15,0.0,15.2,356,1.0602984009107097,-15.162973563949327
2019-04-14 05:00:00,21.8,93,20.7,0.0,7,0.0,12.6,2,-0.4397336584515122,-12.592324420440606
2019-04-14 06:00:00,21.7,92,20.4,0.0,2,0.0,11.5,2,-0.4013442120787611,-11.4929945107196
2019-04-14 07:00:00,22.8,86,20.4,0.0,4,63.0,11.5,356,0.8021994480574448,-11.47198657798798
2019-04-14 08:00:00,24.5,78,20.4,0.0,7,222.0,12.0,351,1.8772135804827728,-11.852260087141651
2019-04-14 09:00:00,26.1,71,20.5,0.0,7,366.0,11.7,351,1.830283240970704,-11.55595358496311
2019-04-14 10:00:00,27.3,66,20.4,0.0,3,536.0,10.9,343,3.186851581477835,-10.423721839997086
2019-04-14 11:00:00,28.0,64,20.5,0.0,4,512.0,12.4,334,5.435802220184565,-11.14504617410967
2019-04-14 12:00:00,28.4,64,20.9,0.2,8,685.0,15.6,337,6.095405604432672,-14.359875713858068
2019-04-14 13:00:00,28.6,64,21.0,0.0,7,673.0,17.5,346,4.233633172994188,-16.980175209829937
2019-04-14 14:00:00,28.5,64,21.2,0.0,14,595.0,17.8,346,4.306209741674088,-17.271263927712738
2019-04-14 15:00:00,28.1,66,21.2,0.0,22,502.0,18.2,346,4.402978499913955,-17.659382218223136
2019-04-14 16:00:00,27.6,68,21.2,0.0,5,290.0,18.7,349,3.568128213541385,-18.35642833047132
2019-04-14 17:00:00,27.0,71,21.3,0.0,5,204.0,18.1,355,1.5775189437326156,-18.0311240354606
2019-04-14 18:00:00,26.0,76,21.5,0.0,7,51.0,18.4,356,1.2835191168919116,-18.355178524780765
2019-04-14 19:00:00,24.8,82,21.5,0.0,18,0.0,15.5,355,1.350914012588704,-15.441017820422056
2019-04-14 20:00:00,24.1,86,21.6,0.0,8,0.0,16.0,352,2.226769615361054,-15.844289099865124
2019-04-14 21:00:00,23.5,88,21.4,0.0,6,0.0,14.4,357,0.7536377698983989,-14.380265300465863
2019-04-14 22:00:00,23.0,90,21.2,0.0,32,0.0,14.1,357,0.7379369830255156,-14.080676440039491
2019-04-14 23:00:00,22.7,90,21.0,0.0,31,0.0,15.9,356,1.1091279325315977,-15.861268399131204
2019-04-15 00:00:00,22.3,91,20.8,0.0,37,0.0,13.7,360,3.355532229663748e-15,-13.7
2019-04-15 01:00:00,22.2,90,20.6,0.0,38,0.0,11.2,358,0.3908743630680092,-11.193177262613872
2019-04-15 02:00:00,22.1,90,20.4,0.0,36,0.0,11.5,356,0.8021994480574448,-11.47198657798798
2019-04-15 03:00:00,22.6,88,20.4,0.0,36,0.0,12.3,357,0.6437322617882157,-12.283143277481258
2019-04-15 04:00:00,22.5,87,20.2,0.0,34,0.0,12.6,358,0.4397336584515103,-12.592324420440606
2019-04-15 05:00:00,22.5,87,20.1,0.0,29,0.0,12.2,358,0.42577385977051,-12.192568089632967
2019-04-15 06:00:00,22.3,87,20.0,0.0,65,0.0,11.5,358,0.4013442120787595,-11.4929945107196
2019-04-15 07:00:00,23.0,83,20.0,0.0,68,22.0,11.6,355,1.0110066158728364,-11.555858497864248
2019-04-15 08:00:00,23.9,78,19.8,0.0,56,70.0,11.6,353,1.4136843834997077,-11.513535359039336
2019-04-15 09:00:00,24.9,73,19.8,0.0,57,211.0,10.9,354,1.1393602496174222,-10.84028865951418
2019-04-15 10:00:00,25.6,71,20.0,0.4,32,317.0,10.1,356,0.7045403848156689,-10.075396907624224
2019-04-15 11:00:00,26.2,71,20.5,0.5,23,479.0,9.2,349,1.7554427574642109,-9.030970087718508
2019-04-15 12:00:00,26.1,72,20.6,0.2,33,458.0,9.4,337,3.6728726077991753,-8.652745622452938
2019-04-15 13:00:00,26.0,72,20.6,0.3,60,352.0,8.8,351,1.3766232923540338,-8.691657397237211
2019-04-15 14:00:00,26.1,71,20.5,0.0,61,276.0,7.0,12,-1.4553818357243151,-6.84703320513664
2019-04-15 15:00:00,26.2,70,20.4,0.0,64,234.0,6.6,9,-1.0324674692655236,-6.518743047927909
2019-04-15 16:00:00,26.2,71,20.4,0.0,65,211.0,7.2,3,-0.3768188849491956,-7.190132650232932
2019-04-15 17:00:00,25.8,72,20.3,0.0,38,120.0,8.7,353,1.0602632876247808,-8.635151519279502
2019-04-15 18:00:00,25.0,75,20.3,0.0,53,36.0,11.5,4,-0.802199448057441,-11.47198657798798
2019-04-15 19:00:00,24.1,80,20.4,0.2,62,0.0,11.2,6,-1.1707187885977188,-11.13864522812466
2019-04-15 20:00:00,23.5,83,20.4,0.5,56,0.0,10.7,12,-2.2246550917500247,-10.46617932785172
2019-04-15 21:00:00,23.0,86,20.5,0.2,63,0.0,8.3,360,2.0329136865846065e-15,-8.3
2019-04-15 22:00:00,22.8,87,20.6,0.2,64,0.0,9.0,344,2.48073620235299,-8.65135526344487
2019-04-15 23:00:00,22.6,89,20.7,0.2,74,0.0,9.1,342,2.812054648812024,-8.654614298285896
2019-04-16 00:00:00,22.2,92,20.8,0.3,84,0.0,8.0,342,2.4721359549995814,-7.608452130361228
2019-04-16 01:00:00,22.2,91,20.6,0.4,100,0.0,9.5,335,4.014873486536643,-8.609923976848176
2019-04-16 02:00:00,22.1,91,20.6,0.8,100,0.0,11.2,339,4.013721034907368,-10.456100776768656
2019-04-16 03:00:00,21.7,92,20.4,1.5,100,0.0,12.6,347,2.834383284732703,-12.277062816293965
2019-04-16 04:00:00,21.5,93,20.2,1.4,100,0.0,14.0,348,2.9107636714486382,-13.694066410273278
2019-04-16 05:00:00,21.3,93,20.1,0.8,100,0.0,14.8,347,3.329275604289207,-14.42067695882148
2019-04-16 06:00:00,21.2,93,20.0,2.0,100,0.0,16.6,356,1.1579574641524857,-16.55956323431308
2019-04-16 07:00:00,21.2,92,19.9,2.2,100,1.0,14.7,11,-2.8048922320352085,-14.42991959668066
2019-04-16 08:00:00,21.9,89,19.9,1.7,100,35.0,11.1,13,-2.4969567032169016,-10.81550771911611
2019-04-16 09:00:00,22.7,86,20.2,1.7,91,82.0,11.0,349,2.098898949141992,-10.797899017924305
2019-04-16 10:00:00,23.5,83,20.5,1.3,91,179.0,12.7,352,1.7674983821928365,-12.57640447301794
2019-04-16 11:00:00,24.1,82,20.8,0.6,100,191.0,12.3,357,0.6437322617882157,-12.283143277481258
2019-04-16 12:00:00,24.8,80,21.1,0.5,100,293.0,12.4,350,2.153237403069937,-12.21161613735138
2019-04-16 13:00:00,25.5,79,21.6,0.6,100,500.0,12.6,2,-0.4397336584515122,-12.592324420440606
2019-04-16 14:00:00,25.6,78,21.4,0.6,100,381.0,12.2,346,2.951447126315948,-11.837607860567156
2019-04-16 15:00:00,24.7,80,21.0,0.7,100,96.0,14.2,353,1.7305446763530905,-14.094155353306771
2019-04-16 16:00:00,24.5,80,20.9,0.4,100,124.0,13.3,3,-0.696068218031153,-13.281772812235833
2019-04-16 17:00:00,23.7,88,21.6,0.7,100,0.0,11.9,3,-0.6227978792910317,-11.88369146357943
2019-04-16 18:00:00,23.1,91,21.5,0.7,85,0.0,13.0,355,1.1330246557195582,-12.950531075192693
2019-04-16 19:00:00,22.6,92,21.2,0.9,69,0.0,12.8,344,3.528158154457586,-12.304149708010485
2019-04-16 20:00:00,22.4,91,20.9,1.5,78,0.0,11.5,346,2.7821017993961803,-11.15840085217396
2019-04-16 21:00:00,22.3,92,20.8,1.7,80,0.0,12.1,343,3.5376976271451195,-11.571287547152728
2019-04-16 22:00:00,22.2,92,20.8,2.2,80,0.0,13.1,352,1.823167622576863,-12.97251170051457
2019-04-16 23:00:00,22.1,91,20.6,1.2,56,0.0,9.1,351,1.4235536318661028,-8.987963899415753
2019-04-17 00:00:00,22.0,92,20.6,0.2,28,0.0,9.0,344,2.48073620235299,-8.65135526344487
2019-04-17 01:00:00,21.9,92,20.5,0.0,27,0.0,12.6,340,4.309453805903424,-11.840127021902443
2019-04-17 02:00:00,21.6,93,20.5,0.0,28,0.0,15.5,347,3.4867413423299127,-15.102736004171144
2019-04-17 03:00:00,21.5,93,20.3,0.0,32,0.0,16.0,352,2.226769615361054,-15.844289099865124
2019-04-17 04:00:00,21.2,92,19.9,0.0,29,0.0,15.9,355,1.385776309687767,-15.839495699658755
2019-04-17 05:00:00,20.9,91,19.5,0.0,33,0.0,14.8,354,1.5470212563612706,-14.718924051450443
2019-04-17 06:00:00,20.8,90,19.1,0.0,17,1.0,15.2,355,1.3247672897644065,-15.142159410994532
2019-04-17 07:00:00,21.5,88,19.4,0.0,12,57.0,15.5,356,1.0812253430339474,-15.462242779027276
2019-04-17 08:00:00,22.7,81,19.4,0.0,11,201.0,15.5,360,3.796405077356795e-15,-15.5
2019-04-17 09:00:00,24.1,76,19.5,0.0,5,367.0,13.0,360,3.1840816777831178e-15,-13.0
2019-04-17 10:00:00,25.3,71,19.8,0.0,1,555.0,11.3,351,1.7677094549546115,-11.160878248725057
2019-04-17 11:00:00,26.4,69,20.1,0.0,5,739.0,11.5,340,3.933231648245189,-10.806465139037948
2019-04-17 12:00:00,27.0,67,20.4,0.0,4,805.0,13.0,336,5.287576359985402,-11.876090949353811
2019-04-17 13:00:00,27.1,67,20.6,0.0,21,777.0,14.0,337,5.470235798849834,-12.887067948334163
2019-04-17 14:00:00,27.0,68,20.6,0.0,21,657.0,13.7,342,4.233532822936783,-13.029474273243602
2019-04-17 15:00:00,27.0,68,20.6,0.0,18,548.0,12.7,345,3.2870018728020125,-12.267257993871167
2019-04-17 16:00:00,26.7,69,20.5,0.0,15,377.0,10.8,345,2.7952456871072235,-10.431998923921938
2019-04-17 17:00:00,26.2,71,20.4,0.0,21,197.0,9.3,347,2.092044805397948,-9.061641602502688
2019-04-17 18:00:00,25.5,74,20.5,0.0,19,52.0,6.0,343,1.7542302283364228,-5.737828535778212
2019-04-17 19:00:00,24.6,78,20.6,0.0,20,0.0,6.7,344,1.8467702839738929,-6.440453362786736
2019-04-17 20:00:00,23.9,83,20.8,0.0,24,0.0,5.4,4,-0.3766849582182766,-5.386845871403051
2019-04-17 21:00:00,23.1,88,20.9,0.0,35,0.0,2.9,30,-1.4499999999999995,-2.511473670974872
2019-04-17 22:00:00,22.3,92,21.0,0.0,49,0.0,1.6,117,-1.4256104387013888,0.7263847995832748
2019-04-17 23:00:00,22.1,92,20.8,0.0,49,0.0,3.6,174,-0.3763024677635534,3.580278823325784
2019-04-18 00:00:00,22.5,91,21.0,0.0,42,0.0,4.9,197,1.4326213531414105,4.685893304218874
2019-04-18 01:00:00,23.0,90,21.2,0.0,49,0.0,5.4,233,4.312631754255381,3.2498011250210608
2019-04-18 02:00:00,23.0,90,21.3,0.0,55,0.0,6.8,273,6.790680836331102,-0.3558845024520188
2019-04-18 03:00:00,21.9,92,20.5,0.0,51,0.0,5.8,292,5.377666356487367,-2.172718241812289
2019-04-18 04:00:00,22.0,92,20.6,0.0,51,0.0,5.9,308,4.649263446279659,-3.6324027044213856
2019-04-18 05:00:00,22.0,91,20.5,0.0,62,0.0,6.1,320,3.921004419087891,-4.672871103025765
2019-04-18 06:00:00,21.9,92,20.6,0.0,38,0.0,6.7,344,1.8467702839738929,-6.440453362786736
2019-04-18 07:00:00,23.1,88,21.0,0.0,31,35.0,7.6,3,-0.3977532674463731,-7.589584464134761
2019-04-18 08:00:00,24.4,80,20.8,0.0,23,168.0,7.6,5,-0.662383644882202,-7.571079705497266
2019-04-18 09:00:00,25.4,76,20.9,0.0,26,322.0,6.2,353,0.7555899291119128,-6.153786140176197
2019-04-18 10:00:00,26.2,72,20.8,0.0,11,372.0,4.1,345,1.0611580849203348,-3.96029588778518
2019-04-18 11:00:00,27.2,69,20.9,0.0,7,536.0,2.6,326,1.453901549023941,-2.1554976886431088
2019-04-18 12:00:00,27.9,66,21.0,0.0,22,589.0,3.3,276,3.281922254715302,-0.3449439287832548
2019-04-18 13:00:00,28.3,65,21.1,0.0,28,679.0,5.4,250,5.074340152243906,1.8469087739586103
2019-04-18 14:00:00,28.5,64,21.1,0.1,55,645.0,7.5,253,7.172285669722765,2.192787785420528
2019-04-18 15:00:00,28.0,68,21.5,0.0,65,499.0,8.0,265,7.969557584733964,0.697245941981266
2019-04-18 16:00:00,27.4,70,21.5,0.0,60,256.0,6.8,273,6.790680836331102,-0.3558845024520188
2019-04-18 17:00:00,26.8,73,21.6,0.0,58,136.0,4.9,287,4.685893304218874,-1.43262135314141
2019-04-18 18:00:00,26.2,76,21.6,0.0,94,29.0,4.4,305,3.604268994871564,-2.523736319944603
2019-04-18 19:00:00,25.7,81,22.2,0.0,79,0.0,5.9,349,1.1257730727216135,-5.791600382341218
2019-04-18 20:00:00,25.0,86,22.4,0.0,84,0.0,5.6,15,-1.449386652574116,-5.409184627218783
2019-04-18 21:00:00,24.2,89,22.3,0.0,80,0.0,5.0,360,1.2246467991473533e-15,-5.0
2019-04-18 22:00:00,24.4,88,22.3,0.0,71,0.0,4.1,15,-1.061158084920335,-3.96029588778518
2019-04-18 23:00:00,24.2,89,22.3,0.0,53,0.0,3.6,354,0.3763024677635523,-3.580278823325784
2019-04-19 00:00:00,23.3,93,22.2,0.0,63,0.0,5.2,335,2.197614961051636,-4.71280049259058
2019-04-19 01:00:00,23.0,94,22.1,0.0,70,0.0,5.4,360,1.3226185430791417e-15,-5.4
2019-04-19 02:00:00,22.8,95,22.0,0.0,74,0.0,5.6,15,-1.449386652574116,-5.409184627218783
2019-04-19 03:00:00,23.1,93,21.9,0.0,69,0.0,6.5,3,-0.3401837155791349,-6.49109197590473
2019-04-19 04:00:00,23.2,92,21.8,0.0,75,0.0,5.7,18,-1.7613968679372003,-5.421022142882375
2019-04-19 05:00:00,23.1,92,21.7,0.0,48,0.0,5.8,68,-5.377666356487367,-2.172718241812289
2019-04-19 06:00:00,23.3,91,21.8,0.0,74,0.0,2.9,97,-2.878383839759834,0.3534210958749273
2019-04-19 07:00:00,24.5,88,22.4,0.0,59,11.0,6.5,174,-0.6794350112397493,6.4643923198937765
2019-04-19 08:00:00,26.1,82,22.7,0.0,40,81.0,10.8,180,-1.3226185430791417e-15,10.8
2019-04-19 09:00:00,27.3,76,22.8,0.0,29,101.0,16.3,175,-1.4206386067868286,16.237973578895453
2019-04-19 10:00:00,28.3,72,22.8,0.0,38,108.0,18.8,176,-1.31142170638956,18.754204144884696
2019-04-19 11:00:00,29.1,69,22.9,0.0,35,194.0,21.0,185,1.830270597700817,20.920088659926652
2019-04-19 12:00:00,29.0,69,22.8,0.1,51,194.0,21.2,195,5.486963756173441,20.477627517328248
2019-04-19 13:00:00,28.4,73,23.0,2.6,81,179.0,19.6,194,4.741669153753484,19.01779623500953
2019-04-19 14:00:00,27.0,80,23.3,6.1,95,210.0,12.9,198,3.98631922743682,12.268629060207482
2019-04-19 15:00:00,26.8,84,23.9,3.8,78,27.0,6.2,216,3.644268564213333,5.0159053651246746
2019-04-19 16:00:00,25.7,87,23.3,4.3,100,2.0,2.3,288,2.187429987478853,-0.7107390870623785
2019-04-19 17:00:00,25.3,88,23.2,1.5,91,2.0,2.6,56,-2.1554976886431088,-1.4539015490239418
2019-04-19 18:00:00,24.8,89,22.9,0.8,100,0.0,5.0,180,-6.123233995736766e-16,5.0
2019-04-19 19:00:00,24.1,91,22.6,1.6,86,0.0,5.6,225,3.9597979746446654,3.9597979746446663
2019-04-19 20:00:00,23.8,92,22.4,2.9,100,0.0,6.6,261,6.5187430479279085,1.032467469265525
2019-04-19 21:00:00,23.7,92,22.2,2.0,98,0.0,6.1,270,6.1,1.120551821219828e-15
2019-04-19 22:00:00,23.6,91,22.1,0.2,100,0.0,5.2,245,4.712800492590581,2.197614961051636
2019-04-19 23:00:00,23.8,89,21.9,0.0,100,0.0,4.1,195,1.0611580849203353,3.96029588778518
2019-04-20 00:00:00,23.7,91,22.1,0.5,91,0.0,6.3,149,-3.2447398719333425,5.400153994423307
2019-04-20 01:00:00,23.3,95,22.4,1.4,90,0.0,10.2,141,-6.419067988708341,7.926888806861102
2019-04-20 02:00:00,23.7,92,22.3,1.5,88,0.0,12.5,134,-8.991747504233139,8.683229630737467
2019-04-20 03:00:00,23.5,85,20.7,0.5,72,0.0,11.5,129,-8.937178556755166,7.237184497073128
2019-04-20 04:00:00,23.2,82,19.9,0.9,77,0.0,9.9,123,-8.302838622659698,5.391926446648768
2019-04-20 05:00:00,23.2,80,19.7,1.1,81,0.0,9.2,116,-8.268905225952334,4.033014550459513
2019-04-20 06:00:00,23.4,80,19.7,0.8,82,0.0,6.2,80,-6.10580806867569,-1.0766187015349686
2019-04-20 07:00:00,23.8,81,20.3,0.3,83,20.0,3.8,73,-3.633958072659535,-1.1110124779463997
2019-04-20 08:00:00,24.6,79,20.7,0.2,100,32.0,2.7,23,-1.0549740469210394,-2.485363104321589
2019-04-20 09:00:00,25.8,74,20.8,0.3,100,149.0,5.1,8,-0.7097828148963337,-5.050367150582009
2019-04-20 10:00:00,26.7,71,21.1,0.3,99,258.0,5.5,23,-2.149021206691006,-5.062776693988422
2019-04-20 11:00:00,27.7,68,21.3,0.0,100,409.0,3.7,11,-0.7059932828932158,-3.632020578756357
2019-04-20 12:00:00,28.5,67,21.7,0.0,100,500.0,1.9,22,-0.7117525274902328,-1.761649323676896
2019-04-20 13:00:00,28.9,67,22.0,0.0,78,607.0,1.0,135,-0.7071067811865476,0.7071067811865475
2019-04-20 14:00:00,28.7,68,22.2,0.3,55,504.0,1.8,169,-0.3434561916777809,1.7669289302057951
2019-04-20 15:00:00,29.0,66,22.0,0.0,52,292.0,1.1,180,-1.3471114790620887e-16,1.1
2019-04-20 16:00:00,28.7,68,22.3,0.0,55,236.0,2.6,254,2.499280409439629,0.7166571251241971
2019-04-20 17:00:00,28.4,71,22.7,0.0,70,142.0,4.4,235,3.604268994871563,2.523736319944604
2019-04-20 18:00:00,27.3,78,23.1,0.1,59,49.0,6.9,223,4.705788684431239,5.0463405411722775
2019-04-20 19:00:00,26.5,84,23.6,0.0,74,0.0,6.5,214,3.6347538725598536,5.388744221607771
2019-04-20 20:00:00,25.8,85,23.2,0.0,67,0.0,6.0,155,-2.535709570444197,5.437846722219899
2019-04-20 21:00:00,25.1,90,23.4,0.1,54,0.0,7.3,160,-2.496747046277383,6.8597561317371305
2019-04-20 22:00:00,25.6,86,23.0,0.0,66,0.0,6.8,205,2.873804179836755,6.16289295184922
2019-04-20 23:00:00,25.3,87,23.0,0.0,42,0.0,5.4,172,-0.7515347451843528,5.34744757120448
2019-04-21 00:00:00,25.5,84,22.6,0.0,41,0.0,6.7,144,-3.938161190359571,5.420413862312147
2019-04-21 01:00:00,24.8,86,22.4,0.0,49,0.0,8.3,146,-4.6413010988072,6.881011852206846
2019-04-21 02:00:00,23.8,90,22.1,0.0,63,0.0,6.3,193,1.417191642366349,6.1385314081469815
2019-04-21 03:00:00,24.3,85,21.6,0.0,64,0.0,4.5,209,2.181643291108516,3.9357886821272814
2019-04-21 04:00:00,24.6,82,21.3,0.0,74,0.0,2.1,121,-1.800051331474436,1.081579957311114
2019-04-21 05:00:00,25.8,73,20.7,0.2,81,0.0,0.8,27,-0.3631923997916374,-0.7128052193506944
2019-04-21 06:00:00,25.6,74,20.7,0.2,67,0.0,3.6,6,-0.3763024677635525,-3.580278823325784
2019-04-21 07:00:00,25.4,80,21.7,0.1,30,35.0,3.1,36,-1.8221342821066668,-2.5079526825623373
2019-04-21 08:00:00,26.1,75,21.4,0.0,40,129.0,0.8,243,0.7128052193506943,0.3631923997916375
2019-04-21 09:00:00,26.6,76,22.0,0.1,50,177.0,4.7,203,1.8364363038995857,4.32637281122647
2019-04-21 10:00:00,27.1,76,22.6,0.3,45,326.0,6.0,197,1.7542302283364206,5.737828535778212
2019-04-21 11:00:00,27.4,77,23.0,0.3,45,408.0,6.6,189,1.032467469265523,6.518743047927909
2019-04-21 12:00:00,27.5,77,23.2,0.2,34,309.0,6.4,207,2.9055391983330985,5.702441754805555
2019-04-21 13:00:00,27.4,79,23.4,1.4,45,368.0,4.3,246,3.928245467863184,1.7489675652259404
2019-04-21 14:00:00,28.0,78,23.8,0.7,91,541.0,10.1,276,10.044671143219562,-1.0557374790032952
2019-04-21 15:00:00,27.4,79,23.4,1.9,100,236.0,5.4,323,3.2498011250210608,-4.312631754255381
2019-04-21 16:00:00,27.2,79,23.2,0.2,42,243.0,3.8,41,-2.493024310163928,-2.8678964048465336
2019-04-21 17:00:00,27.0,79,23.0,0.0,39,92.0,2.3,18,-0.710739087062379,-2.1874299874788528
2019-04-21 18:00:00,26.8,79,22.9,0.0,48,32.0,4.7,23,-1.8364363038995868,-4.32637281122647
2019-04-21 19:00:00,26.3,83,23.1,0.0,56,0.0,4.1,38,-2.524212048835199,-3.2308440897875594
2019-04-21 20:00:00,25.7,87,23.4,0.0,66,0.0,4.9,36,-2.8801477362331185,-3.9641832724372423
2019-04-21 21:00:00,25.8,86,23.2,0.0,35,0.0,4.7,32,-2.490620541896063,-3.985826051935202
2019-04-21 22:00:00,26.0,85,23.2,0.0,41,0.0,2.9,300,2.511473670974872,-1.4500000000000002
2019-04-21 23:00:00,24.9,91,23.2,0.0,35,0.0,3.1,291,2.8940993221413254,-1.1109406435904312
2019-04-22 00:00:00,25.4,89,23.5,0.0,23,0.0,1.1,252,1.0461621679246689,0.3399186938124423
2019-04-22 01:00:00,24.0,94,22.9,0.0,18,0.0,3.6,264,3.5802788233257843,0.3763024677635521
2019-04-22 02:00:00,23.9,94,22.8,0.0,19,0.0,6.5,273,6.49109197590473,-0.3401837155791356
2019-04-22 03:00:00,23.9,96,23.2,0.0,14,0.0,5.4,270,5.4,9.919639073093561e-16
2019-04-22 04:00:00,24.3,94,23.3,0.0,40,0.0,3.3,276,3.281922254715302,-0.3449439287832548
2019-04-22 05:00:00,24.7,93,23.5,0.0,28,0.0,0.5,135,-0.3535533905932738,0.3535533905932737
2019-04-22 06:00:00,23.4,96,22.7,0.0,44,1.0,3.1,216,1.8221342821066664,2.5079526825623373
2019-04-22 07:00:00,25.3,93,24.2,0.0,7,61.0,3.8,229,2.8678964048465336,2.493024310163928
2019-04-22 08:00:00,27.0,86,24.4,0.0,5,241.0,5.5,247,5.062776693988422,2.149021206691006
2019-04-22 09:00:00,28.0,79,24.0,0.0,16,438.0,7.4,247,6.811735915548058,2.8914103508206264
2019-04-22 10:00:00,28.7,77,24.3,0.0,43,593.0,7.6,251,7.185941174554808,2.4743179738743906
2019-04-22 11:00:00,29.2,76,24.4,0.0,29,668.0,8.4,260,8.272385125302547,1.458644692402215
2019-04-22 12:00:00,29.6,73,24.3,0.0,31,791.0,9.8,264,9.74631457460908,1.024378940023003
2019-04-22 13:00:00,29.8,72,24.2,0.0,33,691.0,11.7,261,11.55595358496311,1.830283240970703
2019-04-22 14:00:00,29.6,73,24.2,0.0,26,569.0,10.5,254,10.09324780735235,2.894192236078488
2019-04-22 15:00:00,29.3,75,24.3,0.0,20,524.0,9.7,243,8.642763284627167,4.403707847473605
2019-04-22 16:00:00,28.9,75,24.1,0.0,25,339.0,9.8,234,7.928366544874485,5.760295472466238
2019-04-22 17:00:00,28.5,78,24.2,0.0,33,171.0,9.2,239,7.885939166459431,4.7383502891725
2019-04-22 18:00:00,27.7,83,24.5,0.1,82,58.0,9.0,272,8.994517443171862,-0.3140954703225115
2019-04-22 19:00:00,27.0,87,24.7,0.3,100,0.0,6.6,311,4.981083229470297,-4.3299895913373465
2019-04-22 20:00:00,26.7,89,24.8,0.1,100,0.0,3.3,41,-2.1649947956686737,-2.490541614735148
2019-04-22 21:00:00,26.0,93,24.8,0.0,87,0.0,5.7,72,-5.421022142882375,-1.7613968679372003
2019-04-22 22:00:00,25.7,94,24.7,0.0,37,0.0,6.8,90,-6.8,-4.1637991171010006e-16
2019-04-22 23:00:00,25.6,95,24.7,0.0,21,0.0,3.2,180,-3.91886975727153e-16,3.2
2019-04-23 00:00:00,25.5,96,24.8,0.0,13,0.0,5.5,191,1.049449474570996,5.398949508962152
2019-04-23 01:00:00,25.1,98,24.7,0.3,12,0.0,8.8,189,1.3766232923540305,8.691657397237213
2019-04-23 02:00:00,24.6,98,24.3,0.4,26,0.0,9.0,209,4.363286582217032,7.871577364254563
2019-04-23 03:00:00,24.2,96,23.6,0.0,23,0.0,7.2,252,6.8476069173251055,2.2249223594996224
2019-04-23 04:00:00,24.5,97,24.0,0.0,35,0.0,7.4,284,7.180188374442375,-1.790222027437539
2019-04-23 05:00:00,24.6,97,24.1,0.0,54,0.0,7.2,307,5.75017567234051,-4.333068166694745
2019-04-23 06:00:00,24.4,98,24.0,0.2,72,2.0,5.3,332,2.4881992827652213,-4.679622242152313
2019-04-23 07:00:00,25.7,95,24.8,0.0,34,55.0,5.1,315,3.606244584051393,-3.606244584051391
2019-04-23 08:00:00,26.6,89,24.7,0.2,33,185.0,6.2,306,5.015905365124675,-3.644268564213332
2019-04-23 09:00:00,27.7,83,24.5,0.2,40,359.0,5.5,293,5.062776693988423,-2.149021206691004
2019-04-23 10:00:00,28.4,79,24.5,0.2,35,517.0,5.5,281,5.398949508962152,-1.049449474570998
2019-04-23 11:00:00,29.1,76,24.4,0.2,27,563.0,5.8,274,5.785871491506981,-0.4045875477159262
2019-04-23 12:00:00,29.5,74,24.4,0.2,22,690.0,7.3,261,7.210124886344505,1.1419715947936866
2019-04-23 13:00:00,29.9,72,24.3,0.0,10,681.0,9.5,259,9.325458242752807,1.812685456077174
2019-04-23 14:00:00,29.6,73,24.3,0.0,23,528.0,10.4,256,10.091075553270365,2.515987714236545
2019-04-23 15:00:00,29.4,75,24.4,0.0,19,493.0,11.0,251,10.400704331592486,3.581249699028723
2019-04-23 16:00:00,29.0,75,24.2,0.0,15,390.0,11.2,249,10.456100776768658,4.013721034907368
2019-04-23 17:00:00,28.4,78,24.1,0.0,14,208.0,10.3,245,9.334970206477497,4.352968095929202
2019-04-23 18:00:00,27.5,82,24.1,0.0,34,68.0,8.3,265,8.268415994161488,0.7233926648055635
2019-04-23 19:00:00,26.6,86,24.2,0.0,50,1.0,6.9,264,6.862201078041087,0.7212463965468082
2019-04-23 20:00:00,26.2,89,24.2,0.0,34,0.0,6.9,264,6.862201078041087,0.7212463965468082
2019-04-23 21:00:00,25.6,92,24.2,0.0,21,0.0,6.5,264,6.464392319893777,0.6794350112397468
2019-04-23 22:00:00,25.1,94,24.1,0.0,21,0.0,7.0,258,6.847033205136639,1.4553818357243185
2019-04-23 23:00:00,24.5,96,23.9,0.0,70,0.0,4.5,194,1.0886485301985038,4.366330768241984
2019-04-24 00:00:00,24.3,96,23.7,0.0,68,0.0,7.3,169,-1.3929056662487782,7.165878439167947
2019-04-24 01:00:00,24.2,96,23.6,0.0,67,0.0,7.3,169,-1.3929056662487782,7.165878439167947
2019-04-24 02:00:00,24.2,96,23.5,0.0,63,0.0,7.6,188,1.057715567296498,7.526037322435934
2019-04-24 03:00:00,24.2,96,23.5,0.0,62,0.0,7.4,223,5.046787864462488,5.412017391981863
2019-04-24 04:00:00,24.0,98,23.6,0.0,74,0.0,6.8,238,5.766727053863696,3.603450996785794
2019-04-24 05:00:00,24.1,98,23.8,0.0,77,0.0,8.0,234,6.472135954999579,4.702282018339786
2019-04-24 06:00:00,24.3,98,24.0,0.0,77,2.0,6.9,242,6.092338390726597,3.239353783222646
2019-04-24 07:00:00,25.1,96,24.4,0.0,75,59.0,6.9,242,6.092338390726597,3.239353783222646
2019-04-24 08:00:00,26.6,87,24.2,0.0,41,192.0,8.7,253,8.319851376878407,2.5436338310878126
2019-04-24 09:00:00,27.6,81,23.9,0.0,46,310.0,9.6,257,9.353952621938255,2.1595301217011063
2019-04-24 10:00:00,28.5,76,23.9,0.0,55,493.0,10.2,262,10.100734301164016,1.419565629792671
2019-04-24 11:00:00,29.3,73,24.0,0.0,72,630.0,10.0,255,9.659258262890685,2.5881904510252065
2019-04-24 12:00:00,29.7,72,24.1,0.0,68,676.0,10.5,248,9.735430472951268,3.933369230867079
2019-04-24 13:00:00,30.0,71,24.2,0.0,61,823.0,11.3,243,10.068373723328556,5.13009264705688
2019-04-24 14:00:00,30.0,72,24.3,0.0,51,759.0,12.2,242,10.771960632878908,5.727553065987867
2019-04-24 15:00:00,29.6,73,24.3,0.0,38,623.0,11.9,241,10.407974514958813,5.769234480931408
2019-04-24 16:00:00,29.1,74,24.1,0.0,27,442.0,12.1,240,10.478907385791706,6.050000000000005
2019-04-24 17:00:00,28.4,77,24.0,0.0,14,254.0,11.8,239,10.114574148284923,6.077449283938642
2019-04-24 18:00:00,27.3,82,24.0,0.0,5,76.0,7.9,254,7.593967397912721,2.1775351109542918
2019-04-24 19:00:00,26.2,87,24.0,0.0,2,1.0,8.0,243,7.128052193506942,3.6319239979163753
2019-04-24 20:00:00,25.6,91,23.9,0.0,2,0.0,8.3,236,6.881011852206848,4.6413010988071965
2019-04-24 21:00:00,25.0,93,23.8,0.0,2,0.0,8.5,242,7.505054539300879,3.990508283680072
2019-04-24 22:00:00,24.6,94,23.6,0.0,2,0.0,7.4,247,6.811735915548058,2.8914103508206264
2019-04-24 23:00:00,24.3,94,23.4,0.0,2,0.0,8.8,235,7.208537989743126,5.047472639889208
2019-04-25 00:00:00,24.2,95,23.3,0.0,1,0.0,8.1,225,5.727564927611034,5.727564927611036
2019-04-25 01:00:00,24.1,96,23.3,0.0,0,0.0,8.9,220,5.7208097262102,6.817795543758905
2019-04-25 02:00:00,24.2,95,23.3,0.0,12,0.0,8.9,207,4.040515447681965,7.929958065276475
2019-04-25 03:00:00,24.1,94,23.1,0.0,25,0.0,8.8,199,2.86499975922298,8.320563465273988
2019-04-25 04:00:00,24.0,94,23.1,0.0,23,0.0,9.1,198,2.8120546488120204,8.654614298285898
2019-04-25 05:00:00,24.0,94,23.1,0.0,45,0.0,8.7,204,3.5386087947594613,7.947845481490627
2019-04-25 06:00:00,24.0,95,23.1,0.0,21,2.0,9.7,222,6.490566881680924,7.208504807130724
2019-04-25 07:00:00,25.0,91,23.5,0.0,27,69.0,10.4,226,7.481133923521972,7.224447052773572
2019-04-25 08:00:00,26.5,82,23.2,0.0,35,253.0,13.0,224,9.030558815966964,9.351417404402463
2019-04-25 09:00:00,27.5,77,23.1,0.0,37,430.0,12.3,220,7.9062875991444335,9.42234665036343
2019-04-25 10:00:00,28.3,73,23.1,0.0,22,646.0,12.0,219,7.551844692598051,9.325751537483647
2019-04-25 11:00:00,29.1,71,23.3,0.0,13,765.0,11.5,221,7.544678833390831,8.679160172561879
2019-04-25 12:00:00,29.5,70,23.5,0.0,5,808.0,11.0,218,6.77227622858224,8.668118289673941
2019-04-25 13:00:00,29.7,69,23.4,0.0,3,825.0,12.2,223,8.32037999276248,8.92251515975388
2019-04-25 14:00:00,29.8,68,23.3,0.0,2,710.0,13.1,238,11.10943005964918,6.941942361454985
2019-04-25 15:00:00,29.3,68,22.9,0.0,2,646.0,13.9,253,13.29263610788619,4.063966695646045
2019-04-25 16:00:00,28.8,70,22.8,0.0,0,459.0,11.6,265,11.555858497864248,1.0110066158728357
2019-04-25 17:00:00,28.1,73,22.7,0.0,0,257.0,6.9,261,6.81504955010645,1.0793978087775942
2019-04-25 18:00:00,27.4,76,22.7,0.0,3,78.0,4.2,250,3.946709007300816,1.436484601967808
2019-04-25 19:00:00,26.5,80,22.7,0.0,2,1.0,6.4,207,2.9055391983330985,5.702441754805555
2019-04-25 20:00:00,25.7,83,22.6,0.0,0,0.0,7.7,191,1.4692292643993945,7.558529312547013
2019-04-25 21:00:00,24.9,85,22.3,0.0,2,0.0,7.7,229,5.811263767715345,5.051654523226906
2019-04-25 22:00:00,24.6,85,21.9,0.0,7,0.0,6.6,261,6.5187430479279085,1.032467469265525
2019-04-25 23:00:00,24.4,86,21.9,0.0,8,0.0,8.0,260,7.878462024097664,1.3891854213354426
2019-04-26 00:00:00,24.0,89,22.1,0.0,11,0.0,5.6,243,4.989636535454859,2.5423467985414625
2019-04-26 01:00:00,23.7,91,22.1,0.0,10,0.0,3.6,264,3.5802788233257843,0.3763024677635521
2019-04-26 02:00:00,23.7,91,22.2,0.0,14,0.0,2.6,326,1.453901549023941,-2.1554976886431088
2019-04-26 03:00:00,25.0,86,22.6,0.0,13,0.0,2.5,82,-2.475670171853926,-0.3479327524001636
2019-04-26 04:00:00,24.2,88,22.1,0.0,14,0.0,1.8,101,-1.7669289302057951,0.3434561916777806
2019-04-26 05:00:00,23.2,92,21.9,0.0,15,0.0,4.3,175,-0.3747696938149302,4.283637201794505
2019-04-26 06:00:00,23.0,94,21.9,0.0,5,2.0,4.7,176,-0.32785542659739,4.688551036221174
2019-04-26 07:00:00,25.4,87,23.0,0.0,10,81.0,4.7,157,-1.8364363038995868,4.32637281122647
2019-04-26 08:00:00,26.6,80,22.9,0.0,24,162.0,4.8,167,-1.079765060850553,4.6769763109691285
2019-04-26 09:00:00,27.7,75,22.8,0.0,25,353.0,5.2,196,1.4333142502483949,4.998560818879258
2019-04-26 10:00:00,28.8,70,22.7,0.0,51,527.0,6.4,227,4.680663690362692,4.364789504399991
2019-04-26 11:00:00,29.4,67,22.8,0.0,47,640.0,6.6,248,6.119413440140796,2.472403516545021
2019-04-26 12:00:00,29.6,67,22.9,0.0,54,657.0,7.9,286,7.593967397912719,-2.1775351109542957
2019-04-26 13:00:00,29.3,70,23.3,0.2,58,458.0,8.3,304,6.881011852206846,-4.641301098807201
2019-04-26 14:00:00,28.8,74,23.7,0.3,62,361.0,7.1,315,5.020458146424488,-5.0204581464244855
2019-04-26 15:00:00,28.8,78,24.5,0.3,91,452.0,7.9,317,5.387787044493736,-5.777694242791449
2019-04-26 16:00:00,28.2,81,24.5,0.8,65,151.0,7.9,321,4.971631089293719,-6.139453095510068
2019-04-26 17:00:00,27.2,83,24.0,2.1,58,55.0,7.3,340,2.4967470462773806,-6.859756131737131
2019-04-26 18:00:00,26.7,87,24.3,0.6,59,17.0,9.1,7,-1.109011024986842,-9.032169979936029
2019-04-26 19:00:00,25.3,91,23.7,2.5,87,0.0,8.9,32,-4.716281451675524,-7.547628055792192
2019-04-26 20:00:00,25.0,90,23.3,0.0,43,0.0,6.6,29,-3.1997434936258244,-5.772490067120011
2019-04-26 21:00:00,25.0,90,23.3,0.0,65,0.0,12.3,3,-0.6437322617882092,-12.283143277481258
2019-04-26 22:00:00,24.9,91,23.4,0.0,56,0.0,11.9,35,-6.825559592577449,-9.747909327039002
2019-04-26 23:00:00,24.7,93,23.5,0.0,44,0.0,6.8,3,-0.3558845024520181,-6.790680836331102
2019-04-27 00:00:00,24.8,93,23.6,0.2,34,0.0,6.6,338,2.4724035165450213,-6.119413440140796
2019-04-27 01:00:00,24.7,93,23.6,0.6,25,0.0,5.4,318,3.613305274337834,-4.012982057577929
2019-04-27 02:00:00,24.5,94,23.4,0.8,26,0.0,7.4,317,5.046787864462488,-5.412017391981864
2019-04-27 03:00:00,24.4,94,23.3,0.0,24,0.0,7.6,341,2.474317973874391,-7.185941174554808
2019-04-27 04:00:00,24.3,94,23.3,0.0,42,0.0,7.9,357,0.4134540543192605,-7.889173324561134
2019-04-27 05:00:00,24.2,94,23.3,0.0,53,0.0,7.9,360,1.934941942652818e-15,-7.9
2019-04-27 06:00:00,24.1,95,23.3,0.0,44,1.0,8.3,5,-0.7233926648055629,-8.268415994161488
2019-04-27 07:00:00,24.9,94,23.8,0.0,50,44.0,7.4,14,-1.790222027437541,-7.180188374442374
2019-04-27 08:00:00,26.1,87,23.7,0.0,49,128.0,5.9,11,-1.1257730727216144,-5.791600382341218
2019-04-27 09:00:00,27.2,80,23.5,0.0,41,296.0,3.3,13,-0.7423384793347545,-3.2154212137912763
2019-04-27 10:00:00,28.3,75,23.4,0.0,39,448.0,1.8,360,4.4087284769304716e-16,-1.8
2019-04-27 11:00:00,29.1,72,23.5,0.0,44,608.0,5.1,309,3.963444403430551,-3.209533994354171
2019-04-27 12:00:00,29.3,71,23.6,0.0,44,560.0,9.7,309,7.538315826132616,-6.104407793183423
2019-04-27 13:00:00,29.3,71,23.5,0.1,49,478.0,12.6,323,7.582869291715808,-10.062807426595889
2019-04-27 14:00:00,29.2,71,23.5,0.2,51,477.0,13.8,332,6.478707566445293,-12.184676781453192
2019-04-27 15:00:00,28.7,72,23.2,0.0,43,297.0,15.6,345,4.037577103599323,-15.068442890109464
2019-04-27 16:00:00,28.3,73,23.0,0.0,56,222.0,14.8,357,0.7745721523955768,-14.779717114367694
2019-04-27 17:00:00,27.7,76,23.0,0.0,59,78.0,12.6,357,0.659433048661099,-12.58273213790763
2019-04-27 18:00:00,27.2,79,23.1,0.0,51,10.0,13.1,344,3.610849361202686,-12.592528216791978
2019-04-27 19:00:00,26.7,82,23.3,0.0,65,0.0,12.2,358,0.42577385977051,-12.192568089632967
2019-04-27 20:00:00,26.2,85,23.4,0.0,77,0.0,10.8,15,-2.795245687107224,-10.431998923921938
2019-04-27 21:00:00,25.9,86,23.5,0.0,81,0.0,9.7,360,2.3758147903458648e-15,-9.7
2019-04-27 22:00:00,25.6,88,23.5,0.0,75,0.0,11.3,353,1.3771235804781636,-11.21577151354694
2019-04-27 23:00:00,25.4,90,23.6,0.0,85,0.0,11.6,353,1.4136843834997077,-11.513535359039336
2019-04-28 00:00:00,25.0,92,23.6,0.0,94,0.0,10.4,358,0.3629547657060086,-10.393664600998596
2019-04-28 01:00:00,24.8,93,23.5,0.0,74,0.0,7.6,5,-0.662383644882202,-7.571079705497266
2019-04-28 02:00:00,24.6,93,23.5,0.0,78,0.0,6.1,3,-0.3192493330819573,-6.0916401620029
2019-04-28 03:00:00,24.5,92,23.1,0.0,73,0.0,3.7,349,0.7059932828932153,-3.632020578756357
2019-04-28 04:00:00,24.0,95,23.1,0.0,74,0.0,3.9,338,1.460965714322058,-3.616017032810471
2019-04-28 05:00:00,23.7,96,23.0,0.1,58,0.0,5.9,346,1.4273391840380405,-5.72474478502838
2019-04-28 06:00:00,24.0,95,23.1,0.0,57,2.0,9.8,8,-1.363896389408641,-9.70462707366739
2019-04-28 07:00:00,24.8,92,23.5,0.0,79,52.0,9.7,27,-4.403707847473603,-8.642763284627168
2019-04-28 08:00:00,26.1,84,23.1,0.0,65,141.0,7.5,35,-4.301823272632845,-6.143640332167439
2019-04-28 09:00:00,27.3,77,23.0,0.0,59,361.0,4.2,20,-1.4364846019678086,-3.946709007300816
2019-04-28 10:00:00,28.0,74,22.9,0.0,65,311.0,5.4,340,1.8469087739586103,-5.074340152243906
2019-04-28 11:00:00,28.7,71,23.0,0.0,58,394.0,9.4,337,3.6728726077991753,-8.652745622452938
2019-04-28 12:00:00,28.9,70,22.9,0.0,56,466.0,12.0,339,4.300415394543609,-11.202965117966418
2019-04-28 13:00:00,28.8,71,23.1,0.0,45,531.0,12.6,340,4.309453805903424,-11.840127021902443
2019-04-28 14:00:00,28.7,72,23.2,0.0,39,535.0,13.0,346,3.1449846427956825,-12.613844441587954
2019-04-28 15:00:00,28.1,75,23.2,0.1,29,407.0,12.6,357,0.659433048661099,-12.58273213790763
2019-04-28 16:00:00,28.3,75,23.4,0.0,17,356.0,12.2,360,2.9881381899195417e-15,-12.2
2019-04-28 17:00:00,28.1,75,23.3,0.0,21,205.0,9.7,4,-0.6766377953180154,-9.676371287520292
2019-04-28 18:00:00,27.5,78,23.3,0.0,13,57.0,7.6,360,1.8614631347039767e-15,-7.6
2019-04-28 19:00:00,27.0,81,23.5,0.0,25,1.0,7.5,17,-2.192787785420526,-7.172285669722766
2019-04-28 20:00:00,26.2,86,23.7,0.0,14,0.0,7.3,11,-1.392905666248777,-7.165878439167947
2019-04-28 21:00:00,25.2,91,23.7,0.0,21,0.0,7.2,6,-0.7526049355271051,-7.160557646651568
2019-04-28 22:00:00,24.6,93,23.4,0.0,14,0.0,5.5,23,-2.149021206691006,-5.062776693988422
2019-04-28 23:00:00,24.3,93,23.2,0.0,15,0.0,4.3,90,-4.3,-2.632990618166809e-16
2019-04-29 00:00:00,24.0,93,22.8,0.0,13,0.0,4.7,157,-1.8364363038995868,4.32637281122647
2019-04-29 01:00:00,23.9,92,22.6,0.0,7,0.0,7.0,192,1.4553818357243165,6.847033205136639
2019-04-29 02:00:00,25.1,88,22.9,0.0,5,0.0,6.2,201,2.221881287180863,5.788198644282651
2019-04-29 03:00:00,25.2,90,23.4,0.0,20,0.0,1.9,248,1.7616493236768958,0.7117525274902333
2019-04-29 04:00:00,25.1,91,23.4,0.0,23,0.0,1.9,22,-0.7117525274902328,-1.761649323676896
2019-04-29 05:00:00,23.9,94,22.8,0.0,22,0.0,4.0,27,-1.815961998958187,-3.564026096753472
2019-04-29 06:00:00,22.8,98,22.4,0.0,29,3.0,5.2,12,-1.0811407922523486,-5.08636752381579
2019-04-29 07:00:00,25.3,92,23.8,0.0,24,73.0,6.5,19,-2.1161930039715187,-6.14587074139556
2019-04-29 08:00:00,26.8,83,23.6,0.0,8,243.0,4.7,9,-0.7352419856890852,-4.642135200797148
2019-04-29 09:00:00,27.6,77,23.2,0.0,14,362.0,2.9,330,1.4500000000000013,-2.5114736709748717
2019-04-29 10:00:00,28.3,73,23.0,0.0,16,543.0,3.1,291,2.8940993221413254,-1.1109406435904312
2019-04-29 11:00:00,29.0,70,23.0,0.1,19,700.0,4.7,261,4.642135200797148,0.7352419856890859
2019-04-29 12:00:00,29.4,69,23.1,0.1,14,742.0,5.9,256,5.72474478502838,1.42733918403804
2019-04-29 13:00:00,29.5,69,23.3,0.2,18,674.0,7.5,253,7.172285669722765,2.192787785420528
2019-04-29 14:00:00,29.4,71,23.6,0.1,24,591.0,8.1,249,7.562001454627333,2.902780391316936
2019-04-29 15:00:00,29.2,70,23.3,0.0,26,417.0,8.1,238,6.86918957886705,4.292346040288961
2019-04-29 16:00:00,29.0,72,23.4,0.0,22,380.0,6.8,252,6.467184310807044,2.1013155617496437
2019-04-29 17:00:00,28.6,74,23.5,0.0,21,188.0,4.3,246,3.928245467863184,1.7489675652259404
2019-04-29 18:00:00,28.2,76,23.6,0.0,22,50.0,3.0,284,2.910887178827989,-0.7257656867990023
2019-04-29 19:00:00,27.6,80,23.8,0.0,14,1.0,2.3,309,1.7874357113510326,-1.447436899414626
2019-04-29 20:00:00,26.7,87,24.3,0.0,21,0.0,1.1,18,-0.3399186938124421,-1.0461621679246689
2019-04-29 21:00:00,26.1,89,24.1,0.0,21,0.0,1.4,180,-1.7145055188062944e-16,1.4
2019-04-29 22:00:00,25.9,90,24.2,0.0,16,0.0,3.2,153,-1.45276959916655,2.851220877402777
2019-04-29 23:00:00,25.8,91,24.2,0.0,12,0.0,5.4,143,-3.2498011250210603,4.312631754255382
2019-04-30 00:00:00,25.6,91,24.1,0.0,30,0.0,7.2,143,-4.333068166694747,5.750175672340509
2019-04-30 01:00:00,25.4,92,24.0,0.0,27,0.0,8.0,144,-4.702282018339786,6.472135954999579
2019-04-30 02:00:00,25.0,93,23.8,0.0,23,0.0,7.5,145,-4.301823272632845,6.14364033216744
2019-04-30 03:00:00,25.5,89,23.5,0.0,27,0.0,7.9,156,-3.2132194802988234,7.217009115376546
2019-04-30 04:00:00,25.4,89,23.5,0.0,32,0.0,8.8,161,-2.8649997592229783,8.320563465273988
2019-04-30 05:00:00,25.3,90,23.5,0.0,28,0.0,9.7,165,-2.510544737494454,9.36948051500396
2019-04-30 06:00:00,25.5,89,23.6,0.0,47,3.0,9.4,173,-1.1455718280083869,9.329933825428428
2019-04-30 07:00:00,26.4,86,23.9,0.1,55,66.0,11.2,178,-0.3908743630680127,11.193177262613872
2019-04-30 08:00:00,27.2,83,24.0,0.3,42,178.0,14.1,186,1.4738513320739144,14.022758724692652
2019-04-30 09:00:00,27.9,81,24.3,0.2,39,307.0,15.0,201,5.3755192431795065,14.003706397458028
2019-04-30 10:00:00,28.8,77,24.3,0.2,40,521.0,15.5,202,5.806402197946636,14.371349745785205
2019-04-30 11:00:00,29.3,74,24.2,0.1,37,579.0,15.3,210,7.650000000000002,13.250188677901912
2019-04-30 12:00:00,29.8,72,24.1,0.0,31,715.0,15.1,213,8.224049428726909,12.663925575975902
2019-04-30 13:00:00,29.8,71,24.0,0.0,32,760.0,16.1,219,10.132058295902386,12.512049979457233
2019-04-30 14:00:00,29.6,72,24.0,0.2,45,638.0,16.5,224,11.461863112573454,11.869106705587743
2019-04-30 15:00:00,29.2,72,23.7,0.2,27,528.0,15.4,233,12.29898685472831,9.267951356541545
2019-04-30 16:00:00,28.5,74,23.4,1.9,69,381.0,15.2,248,14.093194589415166,5.694020219921867
2019-04-30 17:00:00,27.1,82,23.7,1.3,60,185.0,9.4,263,9.329933825428428,1.1455718280083835
2019-04-30 18:00:00,26.3,87,24.1,0.8,67,27.0,3.7,281,3.632020578756357,-0.705993282893217
2019-04-30 19:00:00,26.1,89,24.1,0.0,69,0.0,1.9,292,1.761649323676896,-0.7117525274902327
2019-04-30 20:00:00,25.8,88,23.8,0.0,75,0.0,1.6,297,1.4256104387013888,-0.7263847995832746
2019-04-30 21:00:00,25.5,89,23.6,0.0,55,0.0,2.2,261,2.172914349309303,0.3441558230885083
2019-04-30 22:00:00,25.5,89,23.6,0.0,48,0.0,3.7,241,3.236092916415765,1.7937955949114464
2019-04-30 23:00:00,25.4,91,23.7,0.1,50,0.0,3.7,209,1.7937955949114468,3.236092916415765
2019-05-01 00:00:00,25.2,92,23.7,0.3,70,0.0,4.6,198,1.4214781741247573,4.374859974957706
2019-05-01 01:00:00,24.9,93,23.7,0.6,37,0.0,5.4,180,-6.613092715395707e-16,5.4
2019-05-01 02:00:00,24.7,93,23.5,0.8,49,0.0,7.3,160,-2.496747046277383,6.8597561317371305
2019-05-01 03:00:00,24.7,89,22.8,0.7,65,0.0,7.7,169,-1.4692292643993965,7.558529312547013
2019-05-01 04:00:00,24.3,90,22.5,0.8,48,0.0,7.6,161,-2.47431797387439,7.185941174554808
2019-05-01 05:00:00,24.1,89,22.2,0.8,70,0.0,7.9,156,-3.2132194802988234,7.217009115376546
2019-05-01 06:00:00,24.0,89,22.1,1.7,53,1.0,6.5,180,-7.960204194457795e-16,6.5
2019-05-01 07:00:00,24.1,90,22.4,2.9,48,8.0,3.7,191,0.7059932828932155,3.632020578756357
2019-05-01 08:00:00,24.3,90,22.6,2.8,63,3.0,0.5,225,0.3535533905932737,0.3535533905932738
2019-05-01 09:00:00,24.9,87,22.5,3.6,100,75.0,5.5,281,5.398949508962152,-1.049449474570998
2019-05-01 10:00:00,25.1,85,22.4,3.7,100,26.0,6.6,279,6.518743047927909,-1.0324674692655225
2019-05-01 11:00:00,25.5,84,22.5,1.7,100,102.0,4.8,297,4.2768313161041664,-2.179154398749824
2019-05-01 12:00:00,25.4,84,22.5,1.4,100,44.0,5.0,300,4.330127018922193,-2.5000000000000004
2019-05-01 13:00:00,25.7,83,22.7,1.4,100,156.0,6.1,298,5.385980316439455,-2.8637765329939318
2019-05-01 14:00:00,26.0,82,22.7,0.8,100,66.0,8.7,330,4.350000000000003,-7.534421012924613
2019-05-01 15:00:00,26.3,80,22.6,2.6,97,341.0,10.0,347,2.249510543438653,-9.743700647852352
2019-05-01 16:00:00,25.5,83,22.4,3.9,100,154.0,12.5,348,2.5988961352219984,-12.22684500917257
2019-05-01 17:00:00,24.6,90,22.8,3.4,100,15.0,13.9,350,2.4137096695703324,-13.688827766869691
2019-05-01 18:00:00,24.1,89,22.2,2.1,46,21.0,12.8,349,2.442355140819772,-12.5648279481301
2019-05-01 19:00:00,23.6,90,21.8,1.8,46,1.0,13.4,355,1.1678869528186215,-13.34900895442939
2019-05-01 20:00:00,23.2,91,21.6,1.9,37,0.0,12.2,360,2.9881381899195417e-15,-12.2
2019-05-01 21:00:00,22.9,92,21.4,1.4,52,0.0,11.2,360,2.743208830090071e-15,-11.2
2019-05-01 22:00:00,22.8,91,21.3,1.3,82,0.0,9.4,2,-0.3280552690035091,-9.3942737739795
2019-05-01 23:00:00,22.7,92,21.2,0.7,100,0.0,6.8,357,0.3558845024520217,-6.790680836331102
2019-05-02 00:00:00,22.6,91,21.1,0.3,97,0.0,5.6,345,1.4493866525741157,-5.409184627218783
2019-05-02 01:00:00,22.5,93,21.3,0.2,100,0.0,5.6,345,1.4493866525741157,-5.409184627218783
2019-05-02 02:00:00,22.6,93,21.5,0.2,100,0.0,5.2,348,1.0811407922523513,-5.086367523815789
2019-05-02 03:00:00,22.9,91,21.4,1.0,100,0.0,4.5,346,1.0886485301985054,-4.366330768241984
2019-05-02 04:00:00,22.8,92,21.4,1.1,100,0.0,3.5,336,1.4235782507653003,-3.1974091017491038
2019-05-02 05:00:00,22.8,93,21.5,1.3,100,0.0,3.9,326,2.180852323535912,-3.233246532964663
2019-05-02 06:00:00,23.0,92,21.6,1.4,100,0.0,4.0,350,0.6945927106677215,-3.939231012048832
2019-05-02 07:00:00,23.7,88,21.6,1.9,100,5.0,4.9,343,1.4326213531414125,-4.685893304218873
2019-05-02 08:00:00,23.8,88,21.7,2.5,100,2.0,7.6,329,3.914289369316414,-6.514471485336052
2019-05-02 09:00:00,24.1,88,22.0,1.4,100,15.0,11.0,337,4.298042413382013,-10.125553387976844
2019-05-02 10:00:00,24.1,88,21.9,1.3,100,46.0,10.9,351,1.7051356689385189,-10.765802912487
2019-05-02 11:00:00,24.1,85,21.4,2.0,100,72.0,9.8,352,1.3638963894086458,-9.704627073667387
2019-05-02 12:00:00,24.6,82,21.4,1.2,100,269.0,9.4,342,2.9047597471245084,-8.939931253174443
2019-05-02 13:00:00,24.5,82,21.3,0.8,100,201.0,12.1,333,5.493285046848518,-10.781178942679247
2019-05-02 14:00:00,24.2,83,21.1,1.3,100,114.0,13.0,332,6.10313031621658,-11.47831870716605
2019-05-02 15:00:00,23.7,86,21.2,1.1,100,39.0,14.1,341,4.590510977845909,-13.331811915950368
2019-05-02 16:00:00,23.6,85,21.0,0.7,100,18.0,15.7,349,2.995701227411751,-15.411546780128324
2019-05-02 17:00:00,23.5,86,20.9,0.7,100,59.0,15.9,354,1.6620025659556894,-15.812898136355546
2019-05-02 18:00:00,23.0,88,21.0,1.9,99,14.0,16.7,353,2.0352180348659585,-16.575520732410077
2019-05-02 19:00:00,22.5,91,21.0,2.6,100,0.0,15.1,357,0.79027293926846,-15.079305974794064
2019-05-02 20:00:00,22.4,91,20.8,2.8,100,0.0,13.7,355,1.1940336756429188,-13.647867363856914
2019-05-02 21:00:00,22.3,90,20.6,2.9,100,0.0,12.0,7,-1.4624321208617697,-11.910553819695863
2019-05-02 22:00:00,22.2,91,20.6,2.3,100,0.0,10.8,15,-2.795245687107224,-10.431998923921938
2019-05-02 23:00:00,22.2,91,20.7,1.4,90,0.0,10.9,351,1.7051356689385189,-10.765802912487
2019-05-03 00:00:00,22.1,91,20.6,0.5,79,0.0,11.0,349,2.098898949141992,-10.797899017924305
2019-05-03 01:00:00,22.2,91,20.6,0.2,100,0.0,10.1,360,2.473786534277653e-15,-10.1
2019-05-03 02:00:00,22.2,91,20.6,0.2,100,0.0,9.0,358,0.3140954703225074,-8.994517443171862
2019-05-03 03:00:00,22.0,89,20.1,0.5,100,0.0,10.1,354,1.0557374790032994,-10.04467114321956
2019-05-03 04:00:00,22.0,89,20.1,0.4,100,0.0,11.5,2,-0.4013442120787611,-11.4929945107196
2019-05-03 05:00:00,22.0,87,19.8,0.3,100,0.0,9.8,17,-2.8652427062828205,-9.371786608437748
2019-05-03 06:00:00,22.0,88,20.0,0.5,68,0.0,6.8,18,-2.1013155617496424,-6.467184310807044
2019-05-03 07:00:00,22.2,90,20.4,1.0,59,16.0,6.9,354,0.7212463965468086,-6.862201078041086
2019-05-03 08:00:00,22.6,88,20.5,1.4,73,33.0,11.5,340,3.933231648245189,-10.806465139037948
2019-05-03 09:00:00,22.7,88,20.6,2.6,100,14.0,14.1,347,3.171809866248501,-13.738617913471815
2019-05-03 10:00:00,22.9,86,20.4,1.3,100,50.0,14.8,354,1.5470212563612706,-14.718924051450443
2019-05-03 11:00:00,23.7,81,20.1,0.7,100,215.0,14.8,359,0.2582956152717967,-14.79774588831459
2019-05-03 12:00:00,25.1,74,20.1,0.4,100,332.0,13.7,358,0.4781231048242612,-13.691654330161612
2019-05-03 13:00:00,25.8,71,20.2,0.3,83,540.0,12.0,353,1.4624321208617668,-11.910553819695863
2019-05-03 14:00:00,25.7,72,20.3,0.2,100,311.0,11.4,349,2.175222547292609,-11.19054989130337
2019-05-03 15:00:00,25.1,77,20.8,1.1,100,108.0,10.5,352,1.4613175600806918,-10.397814721786489
2019-05-03 16:00:00,24.8,80,21.1,0.9,100,56.0,8.7,5,-0.7582549619046259,-8.666893873398186
2019-05-03 17:00:00,24.5,79,20.7,0.4,100,7.0,4.6,18,-1.421478174124758,-4.3748599749577055
2019-05-03 18:00:00,24.2,82,21.0,0.0,100,30.0,2.6,56,-2.1554976886431088,-1.4539015490239418
2019-05-03 19:00:00,23.7,86,21.2,0.0,100,1.0,2.6,106,-2.499280409439629,0.7166571251241975
2019-05-03 20:00:00,23.2,90,21.5,0.0,100,0.0,2.8,130,-2.1449244407331385,1.79980530712231
2019-05-03 21:00:00,23.3,89,21.4,0.0,100,0.0,4.0,170,-0.6945927106677211,3.939231012048832
2019-05-03 22:00:00,23.7,86,21.3,0.0,100,0.0,4.5,209,2.181643291108516,3.9357886821272814
2019-05-03 23:00:00,23.2,89,21.3,0.3,96,0.0,4.7,266,4.688551036221174,0.3278554265973902
2019-05-04 00:00:00,23.7,86,21.2,0.5,95,0.0,3.8,319,2.493024310163928,-2.867896404846533
2019-05-04 01:00:00,23.6,86,21.1,0.4,61,0.0,2.9,330,1.4500000000000013,-2.5114736709748717
2019-05-04 02:00:00,22.6,90,21.0,0.3,74,0.0,2.5,360,6.123233995736766e-16,-2.5
2019-05-04 03:00:00,22.6,92,21.3,0.5,86,0.0,2.6,56,-2.1554976886431088,-1.4539015490239418
2019-05-04 04:00:00,22.4,92,21.1,0.2,68,0.0,4.7,113,-4.326372811226469,1.836436303899587
2019-05-04 05:00:00,22.6,92,21.1,0.1,58,0.0,6.1,152,-2.863776532993933,5.385980316439454
2019-05-04 06:00:00,22.7,90,21.0,0.2,46,2.0,5.8,158,-2.172718241812291,5.377666356487366
2019-05-04 07:00:00,23.9,86,21.4,0.0,85,49.0,6.2,173,-0.7555899291119148,6.153786140176196
2019-05-04 08:00:00,24.6,83,21.4,0.1,83,143.0,7.6,185,0.6623836448822004,7.571079705497266
2019-05-04 09:00:00,25.2,80,21.4,0.0,79,236.0,8.4,205,3.549993398621874,7.612985411107861
2019-05-04 10:00:00,25.8,77,21.6,0.1,100,333.0,9.3,208,4.366085533908786,8.21141261358802
2019-05-04 11:00:00,26.5,73,21.4,0.1,92,350.0,7.7,221,5.051654523226905,5.811263767715346
2019-05-04 12:00:00,26.1,75,21.3,2.7,90,342.0,8.4,227,6.143371093601032,5.728786224524988
2019-05-04 13:00:00,26.3,74,21.4,3.3,65,488.0,8.1,238,6.86918957886705,4.292346040288961
2019-05-04 14:00:00,26.0,76,21.5,3.2,55,391.0,7.8,248,7.232034065620941,2.921931428644116
2019-05-04 15:00:00,26.0,74,20.9,0.0,48,286.0,5.7,252,5.421022142882375,1.7613968679372012
2019-05-04 16:00:00,25.9,74,20.8,0.0,82,200.0,3.6,264,3.5802788233257843,0.3763024677635521
2019-05-04 17:00:00,25.1,75,20.2,1.0,60,103.0,1.8,143,-1.0832670416736867,1.4375439180851273
2019-05-04 18:00:00,24.5,79,20.6,0.1,35,44.0,1.1,72,-1.0461621679246689,-0.3399186938124422
2019-05-04 19:00:00,23.9,83,20.7,0.0,17,1.0,3.6,96,-3.580278823325784,0.3763024677635528
2019-05-04 20:00:00,23.4,87,21.1,0.0,16,0.0,3.9,112,-3.616017032810471,1.4609657143220571
2019-05-04 21:00:00,23.0,89,21.1,0.0,20,0.0,3.9,124,-3.233246532964663,2.180852323535912
2019-05-04 22:00:00,22.7,90,21.0,0.0,17,0.0,4.7,122,-3.9858260519352022,2.4906205418960625
2019-05-04 23:00:00,22.5,91,20.9,0.0,17,0.0,5.5,122,-4.664264528860343,2.914555953282626
2019-05-05 00:00:00,22.5,90,20.8,0.0,15,0.0,7.1,139,-4.658019105832602,5.358438019581681
2019-05-05 01:00:00,23.1,86,20.7,0.0,4,0.0,7.2,162,-2.224922359499622,6.8476069173251055
2019-05-05 02:00:00,23.1,86,20.6,0.0,10,0.0,5.2,192,1.0811407922523495,5.086367523815789
2019-05-05 03:00:00,23.8,84,20.9,0.0,14,0.0,2.4,243,2.138415658052083,1.0895771993749126
2019-05-05 04:00:00,23.8,84,20.8,0.0,18,0.0,1.0,315,0.7071067811865477,-0.7071067811865474
2019-05-05 05:00:00,23.6,84,20.7,0.0,20,0.0,3.1,54,-2.5079526825623373,-1.8221342821066668
2019-05-05 06:00:00,23.7,83,20.6,0.0,37,4.0,3.6,315,2.545584412271572,-2.5455844122715705
2019-05-05 07:00:00,24.0,83,20.9,0.0,88,52.0,2.9,353,0.3534210958749269,-2.878383839759834
2019-05-05 08:00:00,24.7,79,20.9,0.2,100,165.0,2.1,59,-1.800051331474436,-1.0815799573111138
2019-05-05 09:00:00,25.2,78,21.0,0.0,94,193.0,3.2,270,3.2,5.878304635907295e-16
2019-05-05 10:00:00,26.0,75,21.3,0.2,95,402.0,5.2,286,4.998560818879258,-1.4333142502483969
2019-05-05 11:00:00,26.1,76,21.5,0.0,78,314.0,6.7,286,6.440453362786736,-1.846770283973896
2019-05-05 12:00:00,26.2,77,21.7,0.1,75,181.0,6.8,273,6.790680836331102,-0.3558845024520188
2019-05-05 13:00:00,26.0,78,21.9,0.3,78,156.0,9.4,270,9.4,1.726751986797768e-15
2019-05-05 14:00:00,25.5,81,22.0,0.5,93,85.0,9.7,268,9.694091022085228,0.3385251180142573
2019-05-05 15:00:00,26.2,75,21.4,0.2,100,166.0,9.0,270,9.0,1.6532731788489269e-15
2019-05-05 16:00:00,25.2,79,21.3,0.5,100,43.0,8.0,275,7.969557584733964,-0.6972459419812631
2019-05-05 17:00:00,24.5,85,21.7,0.8,100,0.0,6.7,286,6.440453362786736,-1.846770283973896
2019-05-05 18:00:00,24.2,87,21.9,0.7,100,0.0,5.8,330,2.9000000000000026,-5.022947341949743
2019-05-05 19:00:00,23.8,89,21.8,1.1,100,0.0,7.6,352,1.0577155672965006,-7.526037322435934
2019-05-05 20:00:00,23.5,90,21.8,1.0,100,0.0,8.8,9,-1.3766232923540318,-8.691657397237213
2019-05-05 21:00:00,23.4,90,21.6,0.8,100,0.0,7.4,14,-1.790222027437541,-7.180188374442374
2019-05-05 22:00:00,23.3,89,21.4,0.7,100,0.0,6.5,357,0.3401837155791384,-6.49109197590473
2019-05-05 23:00:00,23.1,89,21.1,0.7,100,0.0,7.6,355,0.6623836448822031,-7.571079705497266
2019-05-06 00:00:00,22.9,89,20.9,0.5,100,0.0,6.5,6,-0.6794350112397476,-6.4643923198937765
2019-05-06 01:00:00,22.7,88,20.7,0.7,100,0.0,7.1,15,-1.8376152202278973,-6.858073366652385
2019-05-06 02:00:00,22.5,88,20.5,0.5,100,0.0,9.9,19,-3.223124729125852,-9.360633898433235
2019-05-06 03:00:00,22.2,87,20.0,0.6,100,0.0,10.5,16,-2.8941922360784917,-10.093247807352348
2019-05-06 04:00:00,21.9,88,19.9,1.4,89,0.0,10.1,358,0.3524849166952583,-10.093847352892867
2019-05-06 05:00:00,21.9,89,19.9,2.4,100,0.0,11.5,346,2.7821017993961803,-11.15840085217396
2019-05-06 06:00:00,21.9,89,20.0,2.5,88,0.0,8.0,10,-1.3891854213354426,-7.878462024097664
2019-05-06 07:00:00,22.0,89,20.1,2.7,79,0.0,10.4,2,-0.3629547657060101,-10.393664600998596
2019-05-06 08:00:00,22.4,88,20.3,1.2,86,17.0,13.0,346,3.1449846427956825,-12.613844441587954
2019-05-06 09:00:00,22.8,89,20.8,0.8,98,12.0,15.2,355,1.3247672897644065,-15.142159410994532
2019-05-06 10:00:00,23.3,86,20.8,0.7,100,19.0,14.5,353,1.7671054793746348,-14.39191919879917
2019-05-06 11:00:00,23.8,84,20.9,0.6,94,34.0,13.8,353,1.681796938991032,-13.697136892650246
2019-05-06 12:00:00,24.1,82,20.9,0.4,60,70.0,13.4,355,1.1678869528186215,-13.34900895442939
2019-05-06 13:00:00,24.2,82,21.0,1.0,81,61.0,14.5,353,1.7671054793746348,-14.39191919879917
2019-05-06 14:00:00,24.5,80,20.9,0.2,59,142.0,15.2,353,1.8524140197582375,-15.086701504948095
2019-05-06 15:00:00,24.2,83,21.1,0.4,70,27.0,15.2,4,-1.0602984009107046,-15.162973563949327
2019-05-06 16:00:00,24.1,84,21.1,0.4,71,52.0,13.4,8,-1.864919552864877,-13.269592121137045
2019-05-06 17:00:00,24.0,85,21.3,0.5,58,52.0,13.3,360,3.25756048573196e-15,-13.3
2019-05-06 18:00:00,23.5,88,21.4,0.6,43,11.0,11.9,360,2.9146593819707008e-15,-11.9
2019-05-06 19:00:00,23.1,89,21.2,0.6,72,0.0,13.7,357,0.7170026005283379,-13.68122462613766
2019-05-06 20:00:00,22.7,92,21.3,1.1,51,0.0,15.1,360,3.698433333425007e-15,-15.1
2019-05-06 21:00:00,22.6,90,21.0,0.5,50,0.0,15.1,3,-0.7902729392684519,-15.079305974794064
2019-05-06 22:00:00,22.5,91,20.9,1.7,57,0.0,13.0,360,3.1840816777831178e-15,-13.0
2019-05-06 23:00:00,22.6,90,20.9,0.7,63,0.0,10.8,4,-0.7533699164365533,-10.773691742806102
2019-05-07 00:00:00,22.5,90,20.7,0.6,66,0.0,9.7,358,0.3385251180142579,-9.694091022085228
2019-05-07 01:00:00,22.5,90,20.7,0.7,69,0.0,9.1,353,1.1090110249868397,-9.03216997993603
2019-05-07 02:00:00,22.6,89,20.7,0.8,70,0.0,9.0,355,0.7844016847289249,-8.96575228282571
2019-05-07 03:00:00,22.8,89,20.8,0.4,67,0.0,9.0,2,-0.3140954703225087,-8.994517443171862
2019-05-07 04:00:00,22.6,90,20.8,0.4,72,0.0,9.4,7,-1.1455718280083864,-9.329933825428428
2019-05-07 05:00:00,22.6,89,20.6,0.4,84,0.0,9.8,8,-1.363896389408641,-9.70462707366739
2019-05-07 06:00:00,22.7,88,20.7,0.4,72,0.0,11.1,13,-2.4969567032169016,-10.81550771911611
2019-05-07 07:00:00,22.9,88,20.9,0.6,52,1.0,11.0,11,-2.0988989491419927,-10.797899017924305
2019-05-07 08:00:00,23.3,87,21.0,0.6,54,22.0,11.5,4,-0.802199448057441,-11.47198657798798
2019-05-07 09:00:00,23.9,85,21.1,0.2,72,60.0,13.0,357,0.6803674311582768,-12.98218395180946
2019-05-07 10:00:00,24.5,82,21.2,0.1,64,80.0,15.1,359,0.2635313372029818,-15.097700196861508
2019-05-07 11:00:00,24.8,80,21.1,0.2,60,148.0,16.6,358,0.5793316452615137,-16.58988772851699
2019-05-07 12:00:00,24.6,81,21.1,0.3,60,111.0,17.3,358,0.6037612929532643,-17.289461307430358
2019-05-07 13:00:00,24.4,81,21.0,0.4,65,45.0,17.3,355,1.507794349534489,-17.234168276987198
2019-05-07 14:00:00,24.1,83,21.0,0.5,100,40.0,17.4,354,1.8187952608571691,-17.304680979407955
2019-05-07 15:00:00,24.2,82,20.9,0.7,100,74.0,15.2,353,1.8524140197582375,-15.086701504948095
2019-05-07 16:00:00,23.9,83,20.9,0.6,100,37.0,15.2,356,1.0602984009107097,-15.162973563949327
2019-05-07 17:00:00,23.5,85,20.9,0.6,100,60.0,13.8,354,1.442492793093617,-13.724402156082173
2019-05-07 18:00:00,22.7,90,21.0,0.8,100,3.0,13.3,358,0.4641633061432609,-13.291897999353974
2019-05-07 19:00:00,22.2,91,20.6,0.5,100,0.0,12.4,8,-1.7257464519048116,-12.279324052395474
2019-05-07 20:00:00,21.8,91,20.4,0.6,100,0.0,10.5,8,-1.4613175600806871,-10.397814721786489
2019-05-07 21:00:00,21.8,91,20.3,0.7,100,0.0,8.0,350,1.389185421335443,-7.878462024097664
2019-05-07 22:00:00,21.8,91,20.3,0.9,100,0.0,5.9,349,1.1257730727216135,-5.791600382341218
2019-05-07 23:00:00,21.8,90,20.1,0.6,100,0.0,4.7,337,1.8364363038995872,-4.326372811226469
2019-05-08 00:00:00,21.7,90,20.0,0.5,100,0.0,5.9,322,3.632402704421384,-4.64926344627966
2019-05-08 01:00:00,21.7,88,19.7,0.2,100,0.0,7.0,339,2.508575646817105,-6.535062985480411
2019-05-08 02:00:00,21.7,88,19.6,0.0,100,0.0,6.1,360,1.4940690949597709e-15,-6.1
2019-05-08 03:00:00,22.5,85,19.8,0.0,100,0.0,6.2,350,1.0766187015349684,-6.10580806867569
2019-05-08 04:00:00,22.4,85,19.7,0.0,100,0.0,8.6,338,3.221616703376846,-7.97378114927437
2019-05-08 05:00:00,22.3,85,19.7,0.0,100,0.0,10.0,347,2.249510543438653,-9.743700647852352
2019-05-08 06:00:00,22.2,86,19.7,0.0,66,2.0,9.7,4,-0.6766377953180154,-9.676371287520292
2019-05-08 07:00:00,22.7,86,20.1,0.1,83,39.0,12.0,7,-1.4624321208617697,-11.910553819695863
2019-05-08 08:00:00,23.6,82,20.3,0.1,23,141.0,8.2,15,-2.12231616984067,-7.92059177557036
2019-05-08 09:00:00,24.4,78,20.4,0.2,20,242.0,9.7,345,2.5105447374944503,-9.369480515003962
2019-05-08 10:00:00,25.2,75,20.6,0.0,29,266.0,10.6,332,4.976398565530443,-9.359244484304623
2019-05-08 11:00:00,25.8,73,20.5,0.0,42,256.0,10.3,331,4.99353908853727,-9.008582983535778
2019-05-08 12:00:00,26.4,71,20.7,0.0,74,332.0,9.1,326,5.088655421583794,-7.54424191025088
2019-05-08 13:00:00,26.7,70,20.8,0.0,76,405.0,9.0,323,5.416335208368435,-7.187719590425635
2019-05-08 14:00:00,26.8,70,20.9,0.0,73,286.0,10.4,326,5.815606196095764,-8.621990754572435
2019-05-08 15:00:00,26.5,73,21.2,0.0,68,210.0,12.7,331,6.157082177128478,-11.107670280670328
2019-05-08 16:00:00,26.1,74,21.2,0.2,66,156.0,14.5,346,3.507867486195184,-14.06928803100195
2019-05-08 17:00:00,25.5,78,21.4,0.1,86,53.0,14.1,356,0.9835662797921716,-14.06565310866352
2019-05-08 18:00:00,24.9,81,21.4,0.2,85,35.0,11.6,5,-1.0110066158728348,-11.555858497864248
2019-05-08 19:00:00,24.4,83,21.4,0.0,61,1.0,10.6,10,-1.8406706832694613,-10.438962181929403
2019-05-08 20:00:00,24.0,85,21.4,0.0,77,0.0,11.5,356,0.8021994480574448,-11.47198657798798
2019-05-08 21:00:00,23.7,87,21.4,0.0,100,0.0,10.9,6,-1.1393602496174229,-10.84028865951418
2019-05-08 22:00:00,23.2,90,21.5,0.0,100,0.0,8.5,12,-1.7672493719509543,-8.314254606237348
2019-05-08 23:00:00,23.0,91,21.4,0.0,100,0.0,6.5,6,-0.6794350112397476,-6.4643923198937765
2019-05-09 00:00:00,23.0,91,21.4,0.0,100,0.0,7.1,345,1.8376152202278968,-6.858073366652385
2019-05-09 01:00:00,23.0,91,21.4,0.2,100,0.0,9.0,355,0.7844016847289249,-8.96575228282571
2019-05-09 02:00:00,23.0,91,21.5,0.3,100,0.0,9.9,10,-1.7191169589026103,-9.74959675482086
2019-05-09 03:00:00,23.1,88,21.0,0.0,100,0.0,8.3,5,-0.7233926648055629,-8.268415994161488
2019-05-09 04:00:00,23.0,89,21.0,0.0,93,0.0,8.6,338,3.221616703376846,-7.97378114927437
2019-05-09 05:00:00,23.1,89,21.1,0.2,94,0.0,10.6,342,3.275580140374445,-10.081199072728626
2019-05-09 06:00:00,23.0,90,21.3,0.8,100,0.0,7.2,18,-2.224922359499621,-6.8476069173251055
2019-05-09 07:00:00,23.1,91,21.6,1.1,100,5.0,6.2,21,-2.221881287180861,-5.788198644282651
2019-05-09 08:00:00,23.5,90,21.7,1.0,100,14.0,6.5,357,0.3401837155791384,-6.49109197590473
2019-05-09 09:00:00,24.2,88,22.0,1.0,100,72.0,6.6,351,1.0324674692655251,-6.5187430479279085
2019-05-09 10:00:00,24.2,88,22.1,0.7,100,24.0,7.2,354,0.7526049355271046,-7.160557646651568
2019-05-09 11:00:00,24.8,83,21.6,1.0,100,67.0,8.7,355,0.7582549619046273,-8.666893873398186
2019-05-09 12:00:00,25.2,81,21.7,0.5,100,37.0,9.5,351,1.4861274178821953,-9.383039235653808
2019-05-09 13:00:00,25.2,81,21.8,1.1,100,66.0,10.1,354,1.0557374790032994,-10.04467114321956
2019-05-09 14:00:00,25.2,81,21.7,0.3,98,4.0,12.4,352,1.725746451904817,-12.279324052395472
2019-05-09 15:00:00,24.9,89,23.1,0.8,82,65.0,13.3,360,3.25756048573196e-15,-13.3
2019-05-09 16:00:00,24.7,89,22.9,0.2,100,25.0,13.7,360,3.355532229663748e-15,-13.7
2019-05-09 17:00:00,24.8,89,22.9,0.0,100,23.0,13.0,2,-0.4536934571325126,-12.992080751248244
2019-05-09 18:00:00,24.6,90,22.8,0.1,100,17.0,9.7,356,0.6766377953180186,-9.676371287520292
2019-05-09 19:00:00,24.2,91,22.6,0.2,100,0.0,10.5,6,-1.0975488643103617,-10.44247990136687
2019-05-09 20:00:00,23.9,93,22.7,0.3,100,0.0,9.7,2,-0.3385251180142594,-9.694091022085228
2019-05-09 21:00:00,23.8,93,22.6,0.4,100,0.0,11.3,351,1.7677094549546115,-11.160878248725057
2019-05-09 22:00:00,23.7,93,22.5,0.7,82,0.0,11.6,353,1.4136843834997077,-11.513535359039336
2019-05-09 23:00:00,23.6,93,22.4,2.1,96,0.0,11.5,2,-0.4013442120787611,-11.4929945107196
2019-05-10 00:00:00,23.5,93,22.3,3.8,100,0.0,11.2,15,-2.8987733051482323,-10.818369254437563
2019-05-10 01:00:00,23.4,93,22.2,4.6,100,0.0,10.9,9,-1.7051356689385164,-10.765802912487002
2019-05-10 02:00:00,23.3,93,22.1,4.3,100,0.0,11.2,358,0.3908743630680092,-11.193177262613872
2019-05-10 03:00:00,23.4,90,21.7,3.2,100,0.0,11.1,13,-2.4969567032169016,-10.81550771911611
2019-05-10 04:00:00,23.3,91,21.7,2.6,100,0.0,12.1,17,-3.5376976271451146,-11.571287547152728
2019-05-10 05:00:00,23.2,91,21.6,2.7,100,0.0,15.9,4,-1.1091279325315924,-15.861268399131204
2019-05-10 06:00:00,23.2,91,21.6,2.9,99,0.0,15.8,359,0.2757480217090802,-15.797593583470984
2019-05-10 07:00:00,23.4,91,21.8,2.7,86,8.0,12.6,357,0.659433048661099,-12.58273213790763
2019-05-10 08:00:00,23.5,90,21.7,4.4,97,0.0,11.6,344,3.1973933274771875,-11.1506356728845
2019-05-10 09:00:00,24.2,89,22.3,3.2,74,57.0,12.7,352,1.7674983821928365,-12.57640447301794
2019-05-10 10:00:00,24.6,88,22.6,4.1,84,46.0,13.4,352,1.8649195528648828,-13.26959212113704
2019-05-10 11:00:00,25.0,88,23.0,3.1,80,89.0,13.7,357,0.7170026005283379,-13.68122462613766
2019-05-10 12:00:00,25.4,88,23.3,2.8,86,79.0,13.8,354,1.442492793093617,-13.724402156082173
2019-05-10 13:00:00,25.3,90,23.4,3.6,79,59.0,15.3,352,2.129348444689008,-15.151101451746026
2019-05-10 14:00:00,25.3,90,23.5,3.1,66,22.0,15.6,352,2.171100374977028,-15.448181872368496
2019-05-10 15:00:00,26.1,83,22.9,0.5,60,239.0,15.6,352,2.171100374977028,-15.448181872368496
2019-05-10 16:00:00,26.5,79,22.7,0.1,40,234.0,15.0,350,2.604722665003956,-14.77211629518312
2019-05-10 17:00:00,26.6,79,22.7,0.0,25,104.0,12.0,351,1.8772135804827728,-11.852260087141651
2019-05-10 18:00:00,26.3,80,22.6,0.0,17,55.0,7.6,355,0.6623836448822031,-7.571079705497266
2019-05-10 19:00:00,25.5,84,22.5,0.0,30,2.0,9.5,349,1.8126854560771744,-9.325458242752807
2019-05-10 20:00:00,24.8,87,22.5,0.0,46,0.0,9.1,351,1.4235536318661028,-8.987963899415753
2019-05-10 21:00:00,24.4,89,22.5,0.0,62,0.0,10.5,356,0.7324429743133192,-10.474422527728152
2019-05-10 22:00:00,23.8,92,22.4,0.0,51,0.0,10.8,2,-0.3769145643870105,-10.793420931806237
2019-05-10 23:00:00,23.4,93,22.3,0.0,48,0.0,9.7,4,-0.6766377953180154,-9.676371287520292
2019-05-11 00:00:00,23.2,94,22.2,0.0,59,0.0,8.3,5,-0.7233926648055629,-8.268415994161488
2019-05-11 01:00:00,23.1,94,22.1,0.0,50,0.0,8.3,2,-0.2896658226307581,-8.294943864258496
2019-05-11 02:00:00,23.0,94,22.1,0.0,59,0.0,7.2,357,0.3768188849491994,-7.190132650232932
2019-05-11 03:00:00,23.1,93,21.9,0.0,60,0.0,7.6,352,1.0577155672965006,-7.526037322435934
2019-05-11 04:00:00,23.2,93,22.0,0.1,82,0.0,8.6,345,2.225843787881678,-8.306962106085987
2019-05-11 05:00:00,23.1,94,22.0,0.1,81,0.0,8.8,351,1.3766232923540338,-8.691657397237211
2019-05-11 06:00:00,23.1,94,22.1,0.0,32,4.0,8.9,346,2.153104870837044,-8.635631963856369
2019-05-11 07:00:00,24.2,92,22.9,0.0,23,75.0,11.4,342,3.522793735874404,-10.84204428576475
2019-05-11 08:00:00,25.4,88,23.2,0.0,29,212.0,13.5,351,2.1118652780431195,-13.33379259803436
2019-05-11 09:00:00,26.5,83,23.3,0.0,37,339.0,13.3,357,0.6960682180311601,-13.281772812235833
2019-05-11 10:00:00,27.2,80,23.4,0.0,17,374.0,12.2,360,2.9881381899195417e-15,-12.2
2019-05-11 11:00:00,28.1,76,23.5,0.0,19,571.0,11.7,351,1.830283240970704,-11.55595358496311
2019-05-11 12:00:00,28.5,75,23.6,0.0,27,590.0,12.8,344,3.528158154457586,-12.304149708010485
2019-05-11 13:00:00,28.5,75,23.6,0.0,31,580.0,13.9,343,4.063966695646046,-13.29263610788619
2019-05-11 14:00:00,28.5,76,23.8,0.0,29,451.0,14.2,339,5.08882488354327,-13.25684205626026
2019-05-11 15:00:00,28.3,76,23.6,0.0,34,422.0,12.9,342,3.986319227436825,-12.26862906020748
2019-05-11 16:00:00,28.0,77,23.6,0.0,25,385.0,11.1,347,2.496956703216905,-10.815507719116107
2019-05-11 17:00:00,27.4,80,23.5,0.0,38,215.0,9.8,354,1.0243789400230034,-9.746314574609078
2019-05-11 18:00:00,26.9,81,23.4,0.0,12,79.0,8.3,2,-0.2896658226307581,-8.294943864258496
2019-05-11 19:00:00,26.0,86,23.5,0.0,6,3.0,8.8,348,1.829622879196287,-8.60769888645749
2019-05-11 20:00:00,25.1,92,23.7,0.0,7,0.0,7.3,340,2.4967470462773806,-6.859756131737131
2019-05-11 21:00:00,24.3,96,23.5,0.0,8,0.0,7.9,330,3.950000000000004,-6.841600689897064
2019-05-11 22:00:00,23.8,97,23.3,0.0,7,0.0,7.7,332,3.61493103345136,-6.798696465013738
2019-05-11 23:00:00,23.4,98,23.0,0.0,25,0.0,5.7,342,1.7613968679372018,-5.421022142882375
2019-05-12 00:00:00,23.2,98,22.9,0.0,25,0.0,4.0,360,9.797174393178826e-16,-4.0
2019-05-12 01:00:00,23.0,98,22.8,0.0,77,0.0,4.0,10,-0.6945927106677213,-3.939231012048832
2019-05-12 02:00:00,23.1,98,22.8,0.0,77,0.0,5.5,11,-1.0494494745709964,-5.398949508962152
2019-05-12 03:00:00,23.1,99,22.9,0.0,77,0.0,6.5,3,-0.3401837155791349,-6.49109197590473
2019-05-12 04:00:00,22.9,99,22.7,0.0,82,0.0,5.4,8,-0.7515347451843534,-5.34744757120448
2019-05-12 05:00:00,22.8,99,22.6,0.0,93,0.0,5.8,7,-0.7068421917498553,-5.756767679519667
2019-05-12 06:00:00,22.8,98,22.6,0.0,77,5.0,7.2,3,-0.3768188849491956,-7.190132650232932
2019-05-12 07:00:00,24.1,96,23.4,0.0,22,77.0,8.7,5,-0.7582549619046259,-8.666893873398186
2019-05-12 08:00:00,25.7,90,23.9,0.0,4,235.0,9.0,5,-0.7844016847289235,-8.96575228282571
2019-05-12 09:00:00,26.9,83,23.7,0.0,2,440.0,6.5,360,1.5920408388915589e-15,-6.5
2019-05-12 10:00:00,27.9,78,23.7,0.0,0,622.0,5.0,330,2.500000000000002,-4.330127018922192
2019-05-12 11:00:00,28.6,75,23.7,0.0,1,690.0,6.1,310,4.672871103025766,-3.921004419087889
2019-05-12 12:00:00,29.2,73,23.8,0.0,0,839.0,7.2,307,5.75017567234051,-4.333068166694745
2019-05-12 13:00:00,29.4,72,23.8,0.0,0,785.0,7.8,304,6.466493065929325,-4.361704647071827
2019-05-12 14:00:00,29.4,72,23.8,0.0,10,664.0,9.2,301,7.885939166459432,-4.738350289172498
2019-05-12 15:00:00,29.0,75,24.2,0.0,3,596.0,10.2,312,7.580077219869424,-6.825132184860349
2019-05-12 16:00:00,28.6,76,24.0,0.0,7,400.0,10.0,334,4.383711467890778,-8.987940462991668
2019-05-12 17:00:00,28.2,78,23.9,0.0,10,215.0,9.0,355,0.7844016847289249,-8.96575228282571
2019-05-12 18:00:00,27.6,81,24.0,0.0,6,80.0,7.9,344,2.177535110954292,-7.59396739791272
2019-05-12 19:00:00,26.8,85,24.0,0.0,4,3.0,8.1,339,2.902780391316936,-7.562001454627332
2019-05-12 20:00:00,26.0,90,24.2,0.0,5,0.0,9.6,347,2.159530121701107,-9.353952621938255
2019-05-12 21:00:00,25.8,90,24.1,0.0,5,0.0,8.7,353,1.0602632876247808,-8.635151519279502
2019-05-12 22:00:00,25.8,91,24.2,0.0,3,0.0,6.5,357,0.3401837155791384,-6.49109197590473
2019-05-12 23:00:00,25.5,93,24.2,0.0,5,0.0,3.4,18,-1.0506577808748212,-3.233592155403522
2019-05-13 00:00:00,25.3,94,24.2,0.0,1,0.0,2.0,45,-1.4142135623730951,-1.4142135623730951
2019-05-13 01:00:00,25.0,95,24.2,0.0,26,0.0,1.5,346,0.3628828433995018,-1.4554435894139948
2019-05-13 02:00:00,24.6,97,24.1,0.0,22,0.0,1.9,338,0.7117525274902334,-1.7616493236768958
2019-05-13 03:00:00,24.5,97,24.0,0.0,75,0.0,2.2,351,0.3441558230885084,-2.172914349309303
2019-05-13 04:00:00,24.4,97,23.9,0.0,76,0.0,1.8,360,4.4087284769304716e-16,-1.8
2019-05-13 05:00:00,24.3,97,23.8,0.0,78,0.0,2.2,360,5.388445916248355e-16,-2.2
2019-05-13 06:00:00,24.3,98,23.9,0.0,77,8.0,3.9,338,1.460965714322058,-3.616017032810471
2019-05-13 07:00:00,25.1,96,24.5,0.0,74,99.0,3.1,339,1.1109406435904323,-2.894099322141325
2019-05-13 08:00:00,26.5,87,24.2,0.0,33,288.0,3.6,323,2.166534083347374,-2.875087836170254
2019-05-13 09:00:00,27.4,82,24.1,0.0,24,455.0,5.6,320,3.5996106142446216,-4.289848881466275
2019-05-13 10:00:00,28.1,78,24.0,0.0,22,531.0,6.4,317,4.364789504399989,-4.680663690362692
2019-05-13 11:00:00,28.8,75,23.8,0.0,15,741.0,7.4,309,5.750880114781584,-4.656970893768798
2019-05-13 12:00:00,29.1,73,23.8,0.0,15,757.0,8.5,306,6.876644452187055,-4.99617464448602
2019-05-13 13:00:00,29.3,73,24.0,0.0,13,718.0,9.4,310,7.200817765318394,-6.042203531053469
2019-05-13 14:00:00,29.2,74,24.0,0.0,19,582.0,9.9,316,6.877117867544077,-7.121464023352644
2019-05-13 15:00:00,29.2,71,23.4,0.0,12,520.0,10.1,325,5.79312200714557,-8.273435647318815
2019-05-13 16:00:00,28.9,71,23.2,0.0,16,360.0,8.5,324,4.996174644486024,-6.876644452187052
2019-05-13 17:00:00,28.5,73,23.2,0.0,17,217.0,6.4,317,4.364789504399989,-4.680663690362692
2019-05-13 18:00:00,27.9,76,23.2,0.0,9,67.0,4.3,312,3.1955227495527967,-2.877261607343089
2019-05-13 19:00:00,27.0,81,23.4,0.0,7,3.0,6.2,280,6.105808068675691,-1.0766187015349655
2019-05-13 20:00:00,25.9,89,23.9,0.0,4,0.0,6.8,270,6.8,1.2491397351303002e-15
2019-05-13 21:00:00,25.3,91,23.8,0.0,5,0.0,5.8,266,5.78587149150698,0.4045875477159283
2019-05-13 22:00:00,24.7,93,23.5,0.0,3,0.0,4.8,222,3.2118269105225195,3.5670951622914924
2019-05-13 23:00:00,24.6,94,23.5,0.0,3,0.0,5.1,188,0.7097828148963341,5.050367150582008
2019-05-14 00:00:00,24.8,94,23.9,0.0,1,0.0,3.7,169,-0.7059932828932164,3.632020578756357
2019-05-14 01:00:00,23.4,98,23.0,0.0,75,0.0,4.4,215,2.5237363199446032,3.604268994871564
2019-05-14 02:00:00,23.3,98,22.9,0.0,78,0.0,7.0,215,4.015035054457323,5.734064310022943
2019-05-14 03:00:00,23.5,98,23.1,0.0,80,0.0,6.0,205,2.535709570444196,5.4378467222199
2019-05-14 04:00:00,23.9,97,23.4,0.0,90,0.0,4.4,189,0.6883116461770152,4.345828698618607
2019-05-14 05:00:00,24.5,96,23.9,0.0,83,0.0,2.1,149,-1.0815799573111142,1.8000513314744355
2019-05-14 06:00:00,24.8,96,24.1,0.0,95,7.0,0.7,90,-0.7,-4.286263797015736e-17
2019-05-14 07:00:00,25.6,94,24.7,0.0,49,90.0,1.0,45,-0.7071067811865476,-0.7071067811865476
2019-05-14 08:00:00,27.1,85,24.4,0.0,13,282.0,1.3,304,1.0777488443215542,-0.7269507745119711
2019-05-14 09:00:00,28.1,80,24.3,0.0,31,441.0,3.7,281,3.632020578756357,-0.705993282893217
2019-05-14 10:00:00,28.9,77,24.4,0.2,35,590.0,5.1,266,5.087576656325103,0.3557580160950404
2019-05-14 11:00:00,29.4,75,24.5,0.2,45,643.0,6.2,260,6.10580806867569,1.0766187015349682
2019-05-14 12:00:00,29.9,74,24.6,0.3,46,767.0,7.6,265,7.571079705497266,0.6623836448822027
2019-05-14 13:00:00,29.9,76,25.1,0.0,31,689.0,8.3,265,8.268415994161488,0.7233926648055635
2019-05-14 14:00:00,29.8,78,25.5,0.0,23,698.0,8.6,272,8.594761112364223,-0.300135671641511
2019-05-14 15:00:00,29.8,79,25.7,0.0,8,547.0,8.5,282,8.314254606237347,-1.7672493719509552
2019-05-14 16:00:00,29.5,80,25.7,0.0,20,419.0,7.3,290,6.8597561317371305,-2.496747046277384
2019-05-14 17:00:00,28.7,81,25.2,0.2,29,214.0,6.6,292,6.1194134401407965,-2.4724035165450187
2019-05-14 18:00:00,27.9,84,25.0,0.2,28,72.0,3.2,297,2.8512208774027776,-1.4527695991665492
2019-05-14 19:00:00,27.3,88,25.0,0.1,23,3.0,4.7,351,0.7352419856890862,-4.642135200797148
2019-05-14 20:00:00,26.8,90,24.9,0.1,24,0.0,2.7,23,-1.0549740469210394,-2.485363104321589
2019-05-14 21:00:00,26.3,91,24.8,0.3,34,0.0,3.5,66,-3.197409101749103,-1.4235782507653008
2019-05-14 22:00:00,25.5,94,24.6,0.1,28,0.0,5.6,75,-5.409184627218783,-1.449386652574116
2019-05-14 23:00:00,25.4,94,24.3,0.0,24,0.0,5.8,83,-5.756767679519667,-0.7068421917498554
2019-05-15 00:00:00,25.3,93,24.1,0.0,17,0.0,5.9,76,-5.72474478502838,-1.4273391840380394
2019-05-15 01:00:00,25.0,94,24.0,0.0,29,0.0,3.0,76,-2.910887178827989,-0.725765686799003
2019-05-15 02:00:00,25.8,90,24.0,0.0,29,0.0,3.5,114,-3.197409101749103,1.423578250765301
2019-05-15 03:00:00,25.4,93,24.2,0.0,31,0.0,2.6,106,-2.499280409439629,0.7166571251241975
2019-05-15 04:00:00,25.4,93,24.3,0.0,30,0.0,1.9,112,-1.761649323676896,0.7117525274902329
2019-05-15 05:00:00,25.7,93,24.5,0.0,24,0.0,1.6,117,-1.4256104387013888,0.7263847995832748
2019-05-15 06:00:00,25.0,96,24.3,0.0,28,8.0,3.6,174,-0.3763024677635534,3.580278823325784
2019-05-15 07:00:00,26.9,89,24.9,0.0,28,99.0,3.1,126,-2.5079526825623373,1.8221342821066664
2019-05-15 08:00:00,27.8,84,24.7,0.0,20,279.0,2.3,129,-1.7874357113510333,1.4474368994146256
2019-05-15 09:00:00,28.3,82,25.0,0.5,42,387.0,3.8,197,1.1110124779463997,3.633958072659535
2019-05-15 10:00:00,28.1,85,25.2,1.7,37,486.0,5.9,223,4.023790324368741,4.314986839553106
2019-05-15 11:00:00,28.4,85,25.7,0.3,47,504.0,8.2,221,5.379684037722157,6.1886185578267305
2019-05-15 12:00:00,29.0,80,25.2,0.5,100,418.0,9.5,233,7.587037345449282,5.717242719944458
2019-05-15 13:00:00,28.0,82,24.6,9.6,86,356.0,9.0,247,8.284543681071963,3.5165801564034647
2019-05-15 14:00:00,27.1,86,24.6,10.4,95,215.0,9.2,225,6.505382386916236,6.505382386916239
2019-05-15 15:00:00,27.8,84,24.8,1.4,87,214.0,8.2,218,5.048424097670397,6.46168817957512
2019-05-15 16:00:00,27.7,84,24.8,1.4,85,196.0,7.0,192,1.4553818357243165,6.847033205136639
2019-05-15 17:00:00,27.3,87,24.8,0.8,81,143.0,8.0,170,-1.3891854213354422,7.878462024097664
2019-05-15 18:00:00,26.7,89,24.8,0.9,57,51.0,7.3,171,-1.1419715947936862,7.210124886344505
2019-05-15 19:00:00,26.5,90,24.7,0.8,69,1.0,6.5,177,-0.3401837155791347,6.49109197590473
2019-05-15 20:00:00,26.4,90,24.7,0.7,48,0.0,8.0,170,-1.3891854213354422,7.878462024097664
2019-05-15 21:00:00,26.1,91,24.6,0.5,47,0.0,7.3,189,1.1419715947936844,7.210124886344506
2019-05-15 22:00:00,26.0,93,24.7,0.8,52,0.0,7.4,194,1.7902220274375396,7.180188374442374
2019-05-15 23:00:00,25.6,94,24.6,1.0,63,0.0,6.8,155,-2.8738041798367564,6.162892951849219
2019-05-16 00:00:00,25.3,94,24.4,1.3,37,0.0,6.6,135,-4.666904755831213,4.666904755831213
2019-05-16 01:00:00,25.1,95,24.2,1.0,27,0.0,5.9,166,-1.4273391840380396,5.72474478502838
2019-05-16 02:00:00,24.8,96,24.1,0.7,36,0.0,6.8,183,0.3558845024520162,6.790680836331102
2019-05-16 03:00:00,24.9,95,24.1,0.0,39,0.0,6.7,196,1.846770283973893,6.440453362786736
2019-05-16 04:00:00,24.9,95,24.1,0.0,40,0.0,6.2,187,0.7555899291119134,6.153786140176197
2019-05-16 05:00:00,24.9,95,24.1,0.0,49,0.0,5.4,180,-6.613092715395707e-16,5.4
2019-05-16 06:00:00,25.1,95,24.2,0.0,17,7.0,4.3,204,1.7489675652259409,3.928245467863184
2019-05-16 07:00:00,27.0,91,25.3,0.0,7,86.0,3.4,212,1.8017254983928963,2.8833635269318485
2019-05-16 08:00:00,28.0,87,25.7,0.0,15,234.0,4.2,239,3.600102662948871,2.1631599146222285
2019-05-16 09:00:00,28.8,83,25.7,0.2,20,391.0,6.0,245,5.437846722219901,2.5357095704441948
2019-05-16 10:00:00,29.4,82,25.9,0.2,35,537.0,7.1,240,6.148780366869513,3.550000000000003
2019-05-16 11:00:00,30.0,77,25.6,0.2,40,563.0,9.5,241,8.30888721782426,4.6056913923402
2019-05-16 12:00:00,30.4,76,25.7,0.2,69,576.0,11.4,257,11.10781873855168,2.564442019520064
2019-05-16 13:00:00,30.4,77,26.0,0.3,77,566.0,8.8,261,8.691657397237211,1.3766232923540331
2019-05-16 14:00:00,30.5,75,25.6,0.2,39,593.0,5.3,242,4.679622242152313,2.488199282765221
2019-05-16 15:00:00,29.1,81,25.5,0.1,31,296.0,5.2,214,2.907803098047883,4.3109953772862175
2019-05-16 16:00:00,29.3,80,25.4,0.1,47,308.0,8.5,234,6.876644452187052,4.996174644486023
2019-05-16 17:00:00,28.7,82,25.3,1.0,44,184.0,5.4,222,3.613305274337834,4.012982057577929
2019-05-16 18:00:00,28.3,84,25.3,0.3,58,46.0,2.1,211,1.0815799573111138,1.800051331474436
2019-05-16 19:00:00,28.0,85,25.3,0.0,44,1.0,5.4,176,-0.3766849582182778,5.386845871403051
2019-05-16 20:00:00,27.6,87,25.2,0.0,38,0.0,6.1,183,0.3192493330819557,6.0916401620029
2019-05-16 21:00:00,27.2,90,25.4,0.0,47,0.0,6.3,204,2.5624408513775414,5.755336383148386
2019-05-16 22:00:00,27.0,91,25.4,0.0,48,0.0,7.2,177,-0.3768188849491954,7.190132650232932
2019-05-16 23:00:00,26.9,92,25.4,0.0,42,0.0,7.2,162,-2.224922359499622,6.8476069173251055
2019-05-17 00:00:00,26.6,93,25.3,0.0,39,0.0,8.0,170,-1.3891854213354422,7.878462024097664
2019-05-17 01:00:00,26.5,93,25.2,0.0,39,0.0,8.0,185,0.6972459419812636,7.969557584733964
2019-05-17 02:00:00,26.2,93,25.0,0.2,62,0.0,9.8,197,2.8652427062828205,9.371786608437748
2019-05-17 03:00:00,26.1,90,24.4,1.4,100,0.0,8.2,209,3.9754388860199623,7.171881598543045
2019-05-17 04:00:00,25.8,92,24.4,3.6,100,0.0,6.2,216,3.644268564213333,5.0159053651246746
2019-05-17 05:00:00,25.6,92,24.3,3.1,80,0.0,6.2,190,1.0766187015349689,6.10580806867569
2019-05-17 06:00:00,25.6,91,24.1,2.8,86,0.0,8.5,192,1.767249371950956,8.314254606237347
2019-05-17 07:00:00,25.8,90,24.1,2.4,61,3.0,6.0,197,1.7542302283364206,5.737828535778212
2019-05-17 08:00:00,26.3,87,24.0,2.6,72,3.0,4.7,184,0.3278554265973888,4.688551036221174
2019-05-17 09:00:00,26.4,88,24.2,3.1,90,21.0,4.7,171,-0.7352419856890856,4.642135200797148
2019-05-17 10:00:00,26.9,85,24.3,3.3,100,83.0,4.7,184,0.3278554265973888,4.688551036221174
2019-05-17 11:00:00,27.1,83,24.1,3.4,100,54.0,6.1,183,0.3192493330819557,6.0916401620029
2019-05-17 12:00:00,27.0,85,24.3,3.6,100,26.0,7.2,177,-0.3768188849491954,7.190132650232932
2019-05-17 13:00:00,27.1,85,24.4,3.6,100,66.0,7.7,143,-4.633975678270771,6.149493427364156
2019-05-17 14:00:00,27.7,82,24.4,1.7,68,85.0,9.8,126,-7.928366544874485,5.760295472466236
2019-05-17 15:00:00,28.9,77,24.5,0.0,65,221.0,9.2,135,-6.505382386916237,6.505382386916236
2019-05-17 16:00:00,29.1,76,24.4,0.0,49,158.0,8.7,135,-6.151828996322964,6.151828996322962
2019-05-17 17:00:00,29.2,75,24.3,0.0,52,161.0,9.3,144,-5.466402846320002,7.52385804768701
2019-05-17 18:00:00,28.8,76,24.2,0.0,58,35.0,5.2,196,1.4333142502483949,4.998560818879258
2019-05-17 19:00:00,28.2,79,24.2,0.0,47,2.0,7.7,191,1.4692292643993945,7.558529312547013
2019-05-17 20:00:00,27.6,82,24.2,0.0,38,0.0,7.2,183,0.3768188849491937,7.190132650232932
2019-05-17 21:00:00,27.2,84,24.2,0.0,44,0.0,7.6,177,-0.3977532674463729,7.589584464134761
2019-05-17 22:00:00,26.9,83,23.8,0.0,41,0.0,8.3,162,-2.5648410533120645,7.893769085249775
2019-05-17 23:00:00,26.7,82,23.5,0.1,41,0.0,8.6,165,-2.2258437878816806,8.306962106085987
2019-05-18 00:00:00,26.1,85,23.4,0.6,43,0.0,8.3,175,-0.7233926648055631,8.268415994161488
2019-05-18 01:00:00,25.6,88,23.5,1.5,52,0.0,8.5,192,1.767249371950956,8.314254606237347
2019-05-18 02:00:00,25.4,90,23.6,2.2,56,0.0,8.6,182,0.3001356716415077,8.594761112364223
2019-05-18 03:00:00,25.8,87,23.4,0.2,60,0.0,7.6,188,1.057715567296498,7.526037322435934
2019-05-18 04:00:00,25.6,86,23.0,0.7,74,0.0,7.3,213,3.9758649556096977,6.122295146001595
2019-05-18 05:00:00,25.4,90,23.6,2.0,100,0.0,8.0,234,6.472135954999579,4.702282018339786
2019-05-18 06:00:00,25.3,93,24.1,4.2,83,0.0,5.9,227,4.314986839553106,4.023790324368742
2019-05-18 07:00:00,25.5,93,24.3,2.8,53,0.0,5.7,162,-1.7613968679372007,5.421022142882375
2019-05-18 08:00:00,25.7,92,24.3,1.2,89,9.0,8.6,158,-3.221616703376845,7.97378114927437
2019-05-18 09:00:00,26.1,90,24.3,1.8,73,7.0,9.6,167,-2.159530121701106,9.353952621938255
2019-05-18 10:00:00,26.3,89,24.4,2.0,62,10.0,11.3,187,1.3771235804781647,11.21577151354694
2019-05-18 11:00:00,26.5,89,24.5,1.7,81,11.0,11.5,200,3.9332316482451897,10.806465139037948
2019-05-18 12:00:00,27.0,86,24.5,0.7,84,32.0,9.7,202,3.6336839561343455,8.993683389297837
2019-05-18 13:00:00,27.5,84,24.6,0.6,86,104.0,6.5,199,2.116193003971519,6.145870741395559
2019-05-18 14:00:00,27.8,82,24.5,0.3,100,62.0,5.5,157,-2.149021206691006,5.062776693988422
2019-05-18 15:00:00,26.5,87,24.1,3.8,90,0.0,5.8,120,-5.022947341949744,2.8999999999999986
2019-05-18 16:00:00,26.3,87,24.0,3.2,54,0.0,7.8,124,-6.466493065929326,4.361704647071824
2019-05-18 17:00:00,26.4,86,23.8,1.7,42,20.0,9.0,143,-5.416335208368434,7.187719590425637
2019-05-18 18:00:00,26.5,85,23.7,0.0,65,16.0,7.6,155,-3.211898789229316,6.887939181478539
2019-05-18 19:00:00,26.3,86,23.8,0.0,89,1.0,8.2,151,-3.975438886019965,7.171881598543044
2019-05-18 20:00:00,26.2,87,23.9,0.0,66,0.0,9.1,146,-5.0886554215837965,7.544241910250879
2019-05-18 21:00:00,26.2,88,24.1,0.0,48,0.0,8.2,157,-3.2039952536120446,7.54813979831001
2019-05-18 22:00:00,26.2,89,24.2,0.0,55,0.0,8.4,149,-4.326319829244457,7.200205325897743
2019-05-18 23:00:00,26.2,89,24.3,0.4,36,0.0,9.2,154,-4.033014550459511,8.268905225952336
2019-05-19 00:00:00,25.9,90,24.1,2.5,44,0.0,9.3,164,-2.563427409098093,8.939733772226367
2019-05-19 01:00:00,25.5,91,23.9,4.2,46,0.0,9.8,163,-2.8652427062828187,9.371786608437748
2019-05-19 02:00:00,25.3,91,23.7,3.2,59,0.0,9.9,161,-3.2231247291258502,9.360633898433235
2019-05-19 03:00:00,25.8,87,23.4,0.0,50,0.0,9.2,154,-4.033014550459511,8.268905225952336
2019-05-19 04:00:00,25.8,86,23.4,0.0,56,0.0,8.3,146,-4.6413010988072,6.881011852206846
2019-05-19 05:00:00,25.7,87,23.3,0.0,50,0.0,7.6,135,-5.374011537017761,5.37401153701776
2019-05-19 06:00:00,25.6,88,23.6,0.0,49,6.0,6.0,147,-3.267834210090164,5.032023407672543
2019-05-19 07:00:00,26.5,88,24.3,0.0,43,67.0,6.1,135,-4.31335136523794,4.313351365237939
2019-05-19 08:00:00,28.0,82,24.6,0.0,28,215.0,7.8,146,-4.361704647071826,6.466493065929325
2019-05-19 09:00:00,29.0,80,25.2,0.0,22,374.0,8.1,159,-2.902780391316932,7.562001454627333
2019-05-19 10:00:00,29.6,79,25.7,0.1,26,506.0,7.2,174,-0.7526049355271069,7.160557646651568
2019-05-19 11:00:00,30.0,80,26.1,0.2,24,557.0,7.8,193,1.7546182238821468,7.600086505324834
2019-05-19 12:00:00,30.0,81,26.5,0.7,29,604.0,9.5,205,4.014873486536644,8.609923976848176
2019-05-19 13:00:00,30.2,82,26.8,0.2,19,562.0,10.7,213,5.82763767466079,8.973775077016036
2019-05-19 14:00:00,30.3,83,27.1,0.3,37,465.0,9.8,208,4.600821315301731,8.652886410017484
2019-05-19 15:00:00,30.3,81,26.7,0.6,35,429.0,9.5,217,5.717242719944459,7.587037345449282
2019-05-19 16:00:00,29.2,83,26.1,2.5,62,261.0,7.8,193,1.7546182238821468,7.600086505324834
2019-05-19 17:00:00,28.7,84,25.7,1.2,47,146.0,7.3,160,-2.496747046277383,6.8597561317371305
2019-05-19 18:00:00,28.3,86,25.7,0.0,39,35.0,4.8,153,-2.1791543987498248,4.276831316104166
2019-05-19 19:00:00,27.7,88,25.5,0.0,39,2.0,6.6,158,-2.4724035165450204,6.119413440140796
2019-05-19 20:00:00,27.2,90,25.4,0.0,36,0.0,7.3,171,-1.1419715947936862,7.210124886344505
2019-05-19 21:00:00,26.8,91,25.3,0.0,33,0.0,7.6,172,-1.0577155672964964,7.5260373224359345
2019-05-19 22:00:00,26.6,93,25.3,0.0,32,0.0,7.4,157,-2.891410350820626,6.811735915548059
2019-05-19 23:00:00,26.4,94,25.3,0.0,35,0.0,7.7,143,-4.633975678270771,6.149493427364156
2019-05-20 00:00:00,26.3,93,25.1,0.0,36,0.0,7.7,139,-5.051654523226906,5.811263767715345
2019-05-20 01:00:00,26.0,93,24.7,0.0,39,0.0,7.3,147,-3.975864955609699,6.122295146001594
2019-05-20 02:00:00,25.8,93,24.5,0.0,45,0.0,7.3,171,-1.1419715947936862,7.210124886344505
2019-05-20 03:00:00,26.0,89,24.1,0.0,64,0.0,6.9,171,-1.0793978087775935,6.81504955010645
2019-05-20 04:00:00,25.8,90,24.1,0.3,64,0.0,7.3,189,1.1419715947936844,7.210124886344506
2019-05-20 05:00:00,25.6,91,24.1,0.9,100,0.0,6.5,183,0.3401837155791332,6.49109197590473
2019-05-20 06:00:00,25.5,93,24.2,1.8,89,4.0,5.2,192,1.0811407922523495,5.086367523815789
2019-05-20 07:00:00,26.2,90,24.4,0.3,74,24.0,5.8,202,2.172718241812289,5.377666356487367
2019-05-20 08:00:00,27.0,88,24.8,0.4,70,116.0,5.5,212,2.914555953282626,4.664264528860343
2019-05-20 09:00:00,27.5,88,25.2,0.5,100,160.0,7.9,231,6.139453095510068,4.971631089293719
2019-05-20 10:00:00,27.7,88,25.5,4.0,81,132.0,10.8,240,9.353074360871936,5.400000000000005
2019-05-20 11:00:00,27.5,89,25.5,5.1,100,152.0,13.5,236,11.192007229493065,7.549104196855079
2019-05-20 12:00:00,27.3,90,25.6,2.2,100,76.0,11.2,230,8.579697762932552,7.199221228489241
2019-05-20 13:00:00,27.8,84,24.9,2.8,100,169.0,8.2,221,5.379684037722157,6.1886185578267305
2019-05-20 14:00:00,27.0,86,24.4,6.5,100,93.0,11.9,235,9.747909327039,6.825559592577452
2019-05-20 15:00:00,26.6,92,25.2,6.6,100,6.0,9.9,237,8.3028386226597,5.391926446648768
2019-05-20 16:00:00,26.2,93,24.9,3.7,100,2.0,6.4,218,3.940233442084213,5.043268823083022
2019-05-20 17:00:00,26.0,94,24.9,5.1,100,2.0,6.4,218,3.940233442084213,5.043268823083022
2019-05-20 18:00:00,25.5,97,24.9,4.9,100,1.0,8.2,241,7.171881598543045,3.975438886019962
2019-05-20 19:00:00,25.4,96,24.8,4.3,100,0.0,4.5,299,3.935788682127281,-2.181643291108518
2019-05-20 20:00:00,25.1,97,24.6,3.9,100,0.0,8.8,348,1.829622879196287,-8.60769888645749
2019-05-20 21:00:00,25.0,97,24.5,3.1,100,0.0,11.5,2,-0.4013442120787611,-11.4929945107196
2019-05-20 22:00:00,24.9,97,24.3,3.1,100,0.0,12.7,8,-1.767498382192831,-12.576404473017943
2019-05-20 23:00:00,24.8,96,24.1,2.5,100,0.0,10.4,14,-2.5159877142365445,-10.091075553270365
2019-05-21 00:00:00,24.7,96,24.0,2.6,100,0.0,6.2,7,-0.7555899291119144,-6.153786140176196
2019-05-21 01:00:00,24.7,96,24.0,1.8,100,0.0,3.4,328,1.801725498392897,-2.883363526931848
2019-05-21 02:00:00,24.7,96,24.0,1.9,100,0.0,1.9,292,1.761649323676896,-0.7117525274902327
2019-05-21 03:00:00,24.5,96,23.8,2.9,100,0.0,1.8,259,1.7669289302057951,0.3434561916777803
2019-05-21 04:00:00,24.4,95,23.6,3.0,100,0.0,3.3,319,2.164994795668674,-2.490541614735147
2019-05-21 05:00:00,24.5,94,23.4,2.2,100,0.0,4.7,356,0.3278554265973905,-4.688551036221174
2019-05-21 06:00:00,24.6,94,23.5,1.2,100,1.0,4.3,360,1.0531962472667237e-15,-4.3
2019-05-21 07:00:00,25.0,93,23.7,0.6,100,31.0,4.8,13,-1.079765060850552,-4.676976310969129
2019-05-21 08:00:00,25.3,91,23.8,0.5,100,82.0,3.6,354,0.3763024677635523,-3.580278823325784
2019-05-21 09:00:00,26.0,91,24.4,0.5,100,216.0,3.6,323,2.166534083347374,-2.875087836170254
2019-05-21 10:00:00,26.5,90,24.8,0.7,100,273.0,5.5,302,4.664264528860343,-2.9145559532826257
2019-05-21 11:00:00,26.8,91,25.3,1.4,100,247.0,8.4,310,6.434773322199416,-5.39941592136693
2019-05-21 12:00:00,26.9,89,24.9,1.7,100,349.0,9.7,318,6.490566881680923,-7.208504807130724
2019-05-21 13:00:00,26.9,87,24.6,1.5,100,303.0,10.0,330,5.000000000000004,-8.660254037844384
2019-05-21 14:00:00,26.9,85,24.2,1.4,100,275.0,9.5,335,4.014873486536643,-8.609923976848176
2019-05-21 15:00:00,26.6,79,22.6,0.3,49,249.0,8.1,347,1.8221035401853087,-7.892397524760404
2019-05-21 16:00:00,26.4,79,22.5,0.0,37,204.0,6.5,357,0.3401837155791384,-6.49109197590473
2019-05-21 17:00:00,26.1,80,22.3,0.0,20,123.0,4.4,9,-0.6883116461770159,-4.345828698618607
2019-05-21 18:00:00,25.5,81,22.0,0.0,23,55.0,5.2,16,-1.4333142502483958,-4.998560818879258
2019-05-21 19:00:00,24.8,85,22.1,0.0,17,3.0,5.2,12,-1.0811407922523486,-5.08636752381579
2019-05-21 20:00:00,24.4,88,22.3,0.0,35,0.0,3.6,354,0.3763024677635523,-3.580278823325784
2019-05-21 21:00:00,24.1,90,22.4,0.0,27,0.0,3.4,342,1.050657780874822,-3.233592155403522
2019-05-21 22:00:00,23.8,93,22.6,0.0,23,0.0,3.6,315,2.545584412271572,-2.5455844122715705
2019-05-21 23:00:00,23.5,94,22.4,0.0,31,0.0,3.8,311,2.8678964048465345,-2.4930243101639267
2019-05-22 00:00:00,23.4,93,22.2,0.0,59,0.0,3.4,328,1.801725498392897,-2.883363526931848
2019-05-22 01:00:00,23.4,93,22.2,0.0,43,0.0,0.4,270,0.4,7.347880794884119e-17
2019-05-22 02:00:00,23.1,95,22.2,0.0,27,0.0,1.8,233,1.437543918085127,1.083267041673687
2019-05-22 03:00:00,23.7,90,22.0,0.0,82,0.0,2.8,220,1.7998053071223097,2.1449244407331385
2019-05-22 04:00:00,23.6,90,21.9,0.0,74,0.0,3.6,217,2.1665340833473743,2.875087836170254
2019-05-22 05:00:00,23.6,90,21.9,0.0,76,0.0,3.1,234,2.507952682562337,1.822134282106667
2019-05-22 06:00:00,23.0,94,21.9,0.0,64,6.0,3.1,21,-1.1109406435904308,-2.8940993221413254
2019-05-22 07:00:00,24.3,87,22.0,0.0,53,71.0,2.6,34,-1.453901549023942,-2.1554976886431088
2019-05-22 08:00:00,25.1,81,21.7,0.0,59,194.0,0.8,27,-0.3631923997916374,-0.7128052193506944
2019-05-22 09:00:00,25.9,78,21.7,0.0,41,331.0,2.8,220,1.7998053071223097,2.1449244407331385
2019-05-22 10:00:00,26.7,73,21.5,0.0,45,477.0,5.2,245,4.712800492590581,2.197614961051636
2019-05-22 11:00:00,27.3,70,21.4,0.0,56,532.0,6.9,264,6.862201078041087,0.7212463965468082
2019-05-22 12:00:00,27.9,67,21.2,0.0,61,572.0,7.4,284,7.180188374442375,-1.790222027437539
2019-05-22 13:00:00,28.3,65,21.2,0.0,50,623.0,7.7,298,6.798696465013739,-3.614931033451356
2019-05-22 14:00:00,28.2,65,21.1,0.0,47,547.0,8.0,306,6.4721359549995805,-4.702282018339783
2019-05-22 15:00:00,28.2,64,20.7,0.0,54,536.0,8.7,315,6.151828996322965,-6.151828996322961
2019-05-22 16:00:00,27.8,65,20.5,0.0,57,317.0,9.2,334,4.033014550459515,-8.268905225952334
2019-05-22 17:00:00,27.2,67,20.5,0.0,49,147.0,9.0,344,2.48073620235299,-8.65135526344487
2019-05-22 18:00:00,26.5,69,20.4,0.0,33,69.0,9.4,353,1.145571828008384,-9.329933825428428
2019-05-22 19:00:00,25.7,71,20.1,0.0,62,3.0,8.6,2,-0.3001356716415083,-8.594761112364223
2019-05-22 20:00:00,25.1,73,19.9,0.0,49,0.0,7.1,15,-1.8376152202278973,-6.858073366652385
2019-05-22 21:00:00,24.6,74,19.7,0.0,43,0.0,7.5,17,-2.192787785420526,-7.172285669722766
2019-05-22 22:00:00,24.4,73,19.3,0.0,38,0.0,7.3,20,-2.496747046277381,-6.859756131737131
2019-05-22 23:00:00,24.1,74,19.2,0.0,49,0.0,6.6,22,-2.472403516545019,-6.1194134401407965
2019-05-23 00:00:00,23.7,79,19.8,0.0,48,0.0,5.4,4,-0.3766849582182766,-5.386845871403051
2019-05-23 01:00:00,23.7,76,19.3,0.2,59,0.0,5.1,356,0.3557580160950407,-5.087576656325103
2019-05-23 02:00:00,23.4,76,18.9,0.0,51,0.0,5.6,27,-2.5423467985414616,-4.98963653545486
2019-05-23 03:00:00,23.7,81,20.2,0.4,78,0.0,5.2,16,-1.4333142502483958,-4.998560818879258
2019-05-23 04:00:00,23.5,82,20.2,0.4,100,0.0,5.1,356,0.3557580160950407,-5.087576656325103
2019-05-23 05:00:00,23.2,84,20.4,0.4,100,0.0,6.6,351,1.0324674692655251,-6.5187430479279085
2019-05-23 06:00:00,23.2,85,20.5,0.3,89,2.0,10.5,356,0.7324429743133192,-10.474422527728152
2019-05-23 07:00:00,23.6,85,21.0,0.3,100,22.0,11.4,11,-2.175222547292611,-11.19054989130337
2019-05-23 08:00:00,24.1,83,21.1,0.3,100,34.0,11.1,13,-2.4969567032169016,-10.81550771911611
2019-05-23 09:00:00,24.9,81,21.4,0.6,100,161.0,11.6,5,-1.0110066158728348,-11.555858497864248
2019-05-23 10:00:00,25.6,79,21.7,0.4,85,321.0,11.5,358,0.4013442120787595,-11.4929945107196
2019-05-23 11:00:00,26.0,79,22.1,0.5,100,273.0,10.8,356,0.7533699164365569,-10.773691742806102
2019-05-23 12:00:00,26.3,79,22.4,0.4,100,339.0,10.4,358,0.3629547657060086,-10.393664600998596
2019-05-23 13:00:00,26.7,79,22.9,0.6,100,473.0,9.4,356,0.655710853194781,-9.377102072442348
2019-05-23 14:00:00,26.8,78,22.7,0.7,100,437.0,6.1,3,-0.3192493330819573,-6.0916401620029
2019-05-23 15:00:00,26.7,79,22.7,0.4,100,281.0,5.4,356,0.3766849582182784,-5.386845871403051
2019-05-23 16:00:00,26.6,79,22.8,0.3,100,205.0,5.8,356,0.4045875477159287,-5.78587149150698
2019-05-23 17:00:00,26.2,80,22.4,0.4,100,129.0,6.8,360,1.6655196468404002e-15,-6.8
2019-05-23 18:00:00,25.7,83,22.6,0.1,100,48.0,2.6,16,-0.7166571251241979,-2.499280409439629
2019-05-23 19:00:00,25.0,87,22.8,0.1,100,2.0,2.7,23,-1.0549740469210394,-2.485363104321589
2019-05-23 20:00:00,24.6,90,22.8,0.0,100,0.0,4.2,20,-1.4364846019678086,-3.946709007300816
2019-05-23 21:00:00,24.3,92,22.8,0.1,100,0.0,4.8,13,-1.079765060850552,-4.676976310969129
2019-05-23 22:00:00,24.1,92,22.8,0.0,100,0.0,4.8,27,-2.1791543987498243,-4.276831316104166
2019-05-23 23:00:00,24.0,93,22.8,0.1,100,0.0,5.2,34,-2.907803098047884,-4.3109953772862175
2019-05-24 00:00:00,23.8,94,22.8,0.0,100,0.0,4.8,27,-2.1791543987498243,-4.276831316104166
2019-05-24 01:00:00,23.6,94,22.6,0.0,100,0.0,5.0,21,-1.7918397477265011,-4.667902132486009
2019-05-24 02:00:00,23.7,94,22.6,0.0,100,0.0,4.7,9,-0.7352419856890852,-4.642135200797148
2019-05-24 03:00:00,24.2,92,22.8,0.5,100,0.0,4.4,9,-0.6883116461770159,-4.345828698618607
2019-05-24 04:00:00,24.3,92,22.9,0.4,100,0.0,4.7,9,-0.7352419856890852,-4.642135200797148
2019-05-24 05:00:00,24.2,91,22.7,0.3,100,0.0,5.1,356,0.3557580160950407,-5.087576656325103
2019-05-24 06:00:00,24.3,91,22.8,0.3,99,6.0,6.9,6,-0.721246396546809,-6.862201078041086
2019-05-24 07:00:00,25.0,88,23.0,0.3,81,59.0,6.9,9,-1.079397808777593,-6.815049550106451
2019-05-24 08:00:00,25.6,84,22.7,0.2,65,99.0,6.5,360,1.5920408388915589e-15,-6.5
2019-05-24 09:00:00,26.3,82,23.0,0.3,50,156.0,6.9,354,0.7212463965468086,-6.862201078041086
2019-05-24 10:00:00,27.1,79,23.2,0.0,51,399.0,7.1,336,2.887830165838181,-6.486172749262467
2019-05-24 11:00:00,27.5,78,23.4,0.0,43,373.0,7.9,321,4.971631089293719,-6.139453095510068
2019-05-24 12:00:00,27.9,78,23.7,0.1,41,600.0,9.0,323,5.416335208368435,-7.187719590425635
2019-05-24 13:00:00,28.3,77,23.9,0.1,44,503.0,8.3,326,4.6413010988071965,-6.881011852206848
2019-05-24 14:00:00,28.0,79,24.1,0.2,31,360.0,8.7,336,3.538608794759461,-7.947845481490628
2019-05-24 15:00:00,28.2,78,24.1,0.2,99,329.0,7.4,321,4.656970893768801,-5.750880114781583
2019-05-24 16:00:00,27.9,78,23.7,0.5,100,231.0,8.2,322,5.048424097670397,-6.46168817957512
2019-05-24 17:00:00,27.1,81,23.7,1.6,99,54.0,9.0,331,4.363286582217032,-7.871577364254563
2019-05-24 18:00:00,26.3,87,24.0,4.6,51,31.0,7.9,357,0.4134540543192605,-7.889173324561134
2019-05-24 19:00:00,25.6,88,23.5,2.0,61,2.0,6.2,7,-0.7555899291119144,-6.153786140176196
2019-05-24 20:00:00,25.2,88,23.2,0.0,47,0.0,6.5,3,-0.3401837155791349,-6.49109197590473
2019-05-24 21:00:00,25.1,89,23.2,0.0,37,0.0,6.2,10,-1.0766187015349682,-6.10580806867569
2019-05-24 22:00:00,24.7,92,23.4,0.2,40,0.0,4.4,9,-0.6883116461770159,-4.345828698618607
2019-05-24 23:00:00,24.9,90,23.2,0.1,65,0.0,2.9,30,-1.4499999999999995,-2.511473670974872
2019-05-25 00:00:00,25.3,87,23.0,0.0,77,0.0,1.4,360,3.4290110376125893e-16,-1.4
2019-05-25 01:00:00,24.2,93,23.0,0.0,66,0.0,2.5,352,0.3479327524001647,-2.475670171853926
2019-05-25 02:00:00,24.0,94,23.0,0.0,53,0.0,4.5,346,1.0886485301985054,-4.366330768241984
2019-05-25 03:00:00,24.0,94,22.9,0.0,52,0.0,5.2,344,1.4333142502483949,-4.998560818879258
2019-05-25 04:00:00,24.1,93,22.8,0.0,47,0.0,4.4,351,0.6883116461770169,-4.345828698618606
2019-05-25 05:00:00,24.3,92,22.9,0.0,46,0.0,3.3,347,0.7423384793347556,-3.215421213791276
2019-05-25 06:00:00,24.4,92,23.1,0.0,55,9.0,4.7,351,0.7352419856890862,-4.642135200797148
2019-05-25 07:00:00,26.0,83,22.9,0.0,41,87.0,5.5,349,1.0494494745709957,-5.398949508962152
2019-05-25 08:00:00,26.6,80,22.8,0.0,40,174.0,6.5,341,2.1161930039715187,-6.14587074139556
2019-05-25 09:00:00,27.3,76,22.6,0.0,56,307.0,6.1,332,2.863776532993933,-5.385980316439454
2019-05-25 10:00:00,28.0,72,22.5,0.1,62,476.0,6.5,326,3.6347538725598527,-5.388744221607772
2019-05-25 11:00:00,28.6,70,22.7,0.0,58,652.0,6.4,313,4.680663690362691,-4.364789504399991
2019-05-25 12:00:00,28.9,71,23.2,0.0,59,664.0,8.2,311,6.188618557826731,-5.379684037722157
2019-05-25 13:00:00,28.7,74,23.6,0.2,53,561.0,9.2,318,6.156001578501495,-6.836932394392027
2019-05-25 14:00:00,28.3,78,24.1,0.2,56,453.0,8.5,332,3.990508283680072,-7.505054539300879
2019-05-25 15:00:00,28.2,77,23.8,0.0,67,332.0,6.5,6,-0.6794350112397476,-6.4643923198937765
2019-05-25 16:00:00,28.3,77,23.9,0.0,45,259.0,6.6,347,1.4846769586695112,-6.430842427582552
2019-05-25 17:00:00,28.0,78,23.7,0.0,42,136.0,6.9,321,4.342310698243882,-5.362307134053097
2019-05-25 18:00:00,27.5,79,23.5,0.2,44,72.0,5.8,338,2.172718241812292,-5.377666356487366
2019-05-25 19:00:00,26.9,82,23.6,0.0,65,4.0,1.5,45,-1.0606601717798214,-1.0606601717798214
2019-05-25 20:00:00,26.3,88,24.1,0.0,55,0.0,0.4,180,-4.8985871965894125e-17,0.4
2019-05-25 21:00:00,25.8,90,24.0,0.0,65,0.0,1.9,202,0.7117525274902328,1.761649323676896
2019-05-25 22:00:00,25.2,92,23.8,0.0,59,0.0,4.4,215,2.5237363199446032,3.604268994871564
2019-05-25 23:00:00,25.2,91,23.7,0.0,49,0.0,6.0,237,5.032023407672545,3.267834210090162
2019-05-26 00:00:00,25.3,91,23.7,0.0,60,0.0,6.6,241,5.772490067120012,3.199743493625823
2019-05-26 01:00:00,24.9,92,23.5,0.0,61,0.0,6.7,234,5.420413862312147,3.938161190359571
2019-05-26 02:00:00,24.7,93,23.5,0.0,69,0.0,7.4,223,5.046787864462488,5.412017391981863
2019-05-26 03:00:00,24.9,91,23.3,0.0,60,0.0,3.4,238,2.883363526931848,1.801725498392897
2019-05-26 04:00:00,25.4,88,23.3,0.0,52,0.0,2.0,315,1.4142135623730954,-1.4142135623730947
2019-05-26 05:00:00,25.2,89,23.3,0.0,52,0.0,2.1,329,1.0815799573111144,-1.8000513314744355
2019-05-26 06:00:00,25.0,91,23.4,0.0,46,2.0,3.2,360,7.837739514543061e-16,-3.2
2019-05-26 07:00:00,26.0,89,24.0,0.0,44,21.0,2.9,353,0.3534210958749269,-2.878383839759834
2019-05-26 08:00:00,27.0,82,23.7,0.0,38,135.0,2.2,351,0.3441558230885084,-2.172914349309303
2019-05-26 09:00:00,27.7,78,23.6,0.0,42,252.0,2.6,16,-0.7166571251241979,-2.499280409439629
2019-05-26 10:00:00,28.6,74,23.6,0.0,33,447.0,1.8,349,0.3434561916777804,-1.7669289302057951
2019-05-26 11:00:00,29.3,71,23.5,0.0,35,502.0,1.5,284,1.4554435894139948,-0.3628828433995011
2019-05-26 12:00:00,29.8,69,23.6,0.0,38,607.0,3.2,270,3.2,5.878304635907295e-16
2019-05-26 13:00:00,30.0,69,23.8,0.0,47,507.0,4.7,274,4.688551036221175,-0.3278554265973885
2019-05-26 14:00:00,30.0,70,24.0,0.0,37,517.0,6.6,279,6.518743047927909,-1.0324674692655225
2019-05-26 15:00:00,29.5,72,23.9,0.0,40,249.0,8.2,285,7.920591775570361,-2.122316169840666
2019-05-26 16:00:00,29.1,74,24.0,0.0,49,150.0,6.3,294,5.755336383148387,-2.5624408513775383
2019-05-26 17:00:00,28.8,75,24.0,0.2,52,106.0,4.8,318,3.211826910522519,-3.5670951622914924
2019-05-26 18:00:00,27.7,81,24.1,0.6,57,26.0,5.7,325,3.269385687200965,-4.669166652447252
2019-05-26 19:00:00,27.0,85,24.3,0.2,72,2.0,6.2,339,2.2218812871808646,-5.78819864428265
2019-05-26 20:00:00,26.6,88,24.4,0.0,56,0.0,4.8,347,1.0797650608505536,-4.6769763109691285
2019-05-26 21:00:00,26.3,91,24.7,0.0,65,0.0,4.8,333,2.179154398749825,-4.276831316104166
2019-05-26 22:00:00,25.8,93,24.6,0.3,58,0.0,3.3,311,2.4905416147351485,-2.1649947956686733
2019-05-26 23:00:00,25.7,93,24.5,0.0,50,0.0,4.1,255,3.96029588778518,1.0611580849203346
2019-05-27 00:00:00,26.0,91,24.4,0.2,55,0.0,7.0,215,4.015035054457323,5.734064310022943
2019-05-27 01:00:00,26.1,90,24.3,0.0,50,0.0,8.0,198,2.4721359549995783,7.608452130361229
2019-05-27 02:00:00,25.9,91,24.3,0.0,42,0.0,8.4,190,1.458644692402216,8.272385125302547
2019-05-27 03:00:00,26.0,89,24.1,0.1,33,0.0,10.5,174,-1.097548864310364,10.44247990136687
2019-05-27 04:00:00,26.0,89,24.0,0.0,45,0.0,10.9,171,-1.7051356689385178,10.765802912487
2019-05-27 05:00:00,25.9,88,23.8,0.0,50,0.0,8.7,175,-0.7582549619046263,8.666893873398186
2019-05-27 06:00:00,26.1,88,24.0,0.0,52,0.0,6.8,198,2.101315561749641,6.467184310807045
2019-05-27 07:00:00,26.5,87,24.3,0.1,75,9.0,4.6,219,2.894873798829253,3.5748714227020653
2019-05-27 08:00:00,26.8,87,24.4,0.3,100,17.0,6.1,225,4.313351365237939,4.31335136523794
2019-05-27 09:00:00,27.1,85,24.4,1.1,100,76.0,7.4,219,4.656970893768799,5.750880114781584
2019-05-27 10:00:00,27.0,87,24.7,2.9,100,59.0,7.9,227,5.777694242791447,5.387787044493739
2019-05-27 11:00:00,27.1,85,24.4,4.8,100,119.0,7.2,217,4.333068166694749,5.750175672340508
2019-05-27 12:00:00,26.9,87,24.6,6.1,100,148.0,4.8,228,3.567095162291493,3.211826910522519
2019-05-27 13:00:00,27.3,88,25.1,1.5,100,169.0,2.7,247,2.4853631043215887,1.0549740469210394
2019-05-27 14:00:00,28.0,86,25.4,0.4,100,248.0,0.8,297,0.7128052193506944,-0.3631923997916373
2019-05-27 15:00:00,27.7,84,24.7,2.8,69,123.0,0.8,207,0.3631923997916373,0.7128052193506944
2019-05-27 16:00:00,27.3,87,24.8,7.5,44,103.0,4.5,194,1.0886485301985038,4.366330768241984
2019-05-27 17:00:00,26.9,87,24.6,3.8,70,86.0,4.3,180,-5.265981236333618e-16,4.3
2019-05-27 18:00:00,26.6,89,24.7,0.4,63,31.0,2.4,117,-2.138415658052083,1.0895771993749122
2019-05-27 19:00:00,26.4,90,24.6,0.0,51,3.0,5.1,141,-3.2095339943541705,3.963444403430551
2019-05-27 20:00:00,26.2,91,24.6,0.0,40,0.0,6.0,163,-1.7542302283364195,5.737828535778213
2019-05-27 21:00:00,26.0,92,24.6,0.0,49,0.0,6.6,167,-1.4846769586695103,6.430842427582552
2019-05-27 22:00:00,25.9,92,24.6,0.0,44,0.0,6.1,180,-7.470345474798854e-16,6.1
2019-05-27 23:00:00,25.9,92,24.5,0.0,36,0.0,7.2,177,-0.3768188849491954,7.190132650232932
2019-05-28 00:00:00,25.8,92,24.4,0.0,49,0.0,7.7,169,-1.4692292643993965,7.558529312547013
2019-05-28 01:00:00,25.7,91,24.1,0.0,63,0.0,8.2,165,-2.1223161698406723,7.920591775570359
2019-05-28 02:00:00,25.5,91,24.0,0.0,93,0.0,7.0,168,-1.4553818357243151,6.84703320513664
2019-05-28 03:00:00,25.4,92,24.1,0.3,94,0.0,6.4,164,-1.764079077228795,6.1520748540052415
2019-05-28 04:00:00,25.1,91,23.6,1.0,100,0.0,5.3,152,-2.4881992827652204,4.679622242152313
2019-05-28 05:00:00,24.8,92,23.4,1.5,100,0.0,6.1,140,-3.9210044190878905,4.672871103025765
2019-05-28 06:00:00,24.6,93,23.4,0.5,60,2.0,4.1,142,-2.5242120488352,3.2308440897875594
2019-05-28 07:00:00,25.5,90,23.7,0.3,44,31.0,3.1,144,-1.822134282106667,2.507952682562337
2019-05-28 08:00:00,26.4,85,23.6,0.0,53,86.0,0.8,27,-0.3631923997916374,-0.7128052193506944
2019-05-28 09:00:00,27.2,85,24.4,0.0,60,127.0,4.4,325,2.523736319944605,-3.604268994871563
2019-05-28 10:00:00,27.8,84,24.9,0.2,62,175.0,7.5,325,4.3018232726328485,-6.143640332167437
2019-05-28 11:00:00,28.3,81,24.7,0.3,100,107.0,9.5,323,5.717242719944458,-7.587037345449282
2019-05-28 12:00:00,28.4,81,24.8,1.1,74,187.0,11.6,324,6.818308926592691,-9.38459713474939
2019-05-28 13:00:00,28.2,82,24.9,0.5,64,135.0,13.9,335,5.87439383819572,-12.597678239809436
2019-05-28 14:00:00,28.3,80,24.6,0.6,100,169.0,15.7,340,5.3697162502129965,-14.75317414633876
2019-05-28 15:00:00,27.7,85,25.0,0.7,61,209.0,11.4,347,2.564442019520065,-11.10781873855168
2019-05-28 16:00:00,27.7,87,25.2,0.5,38,160.0,11.3,343,3.30380026336693,-10.8062437423823
2019-05-28 17:00:00,27.2,89,25.2,1.1,20,87.0,11.7,342,3.615498834186888,-11.127361240653295
2019-05-28 18:00:00,26.6,89,24.6,1.2,38,46.0,12.2,346,2.951447126315948,-11.837607860567156
2019-05-28 19:00:00,26.1,91,24.5,0.0,32,2.0,12.1,350,2.1011429497698577,-11.916173811447717
2019-05-28 20:00:00,25.8,92,24.4,0.0,32,0.0,13.4,352,1.8649195528648828,-13.26959212113704
2019-05-28 21:00:00,25.6,93,24.3,0.0,50,0.0,12.2,360,2.9881381899195417e-15,-12.2
2019-05-28 22:00:00,25.5,93,24.3,0.0,46,0.0,11.2,360,2.743208830090071e-15,-11.2
2019-05-28 23:00:00,25.2,94,24.1,0.3,52,0.0,10.4,358,0.3629547657060086,-10.393664600998596
2019-05-29 00:00:00,25.0,94,24.1,0.2,66,0.0,11.2,354,1.1707187885977182,-11.13864522812466
2019-05-29 01:00:00,24.8,94,23.9,0.0,50,0.0,11.6,353,1.4136843834997077,-11.513535359039336
2019-05-29 02:00:00,24.8,94,23.7,0.2,27,0.0,10.4,358,0.3629547657060086,-10.393664600998596
2019-05-29 03:00:00,24.4,92,23.0,0.0,39,0.0,9.0,2,-0.3140954703225087,-8.994517443171862
2019-05-29 04:00:00,24.5,90,22.8,0.0,65,0.0,8.0,8,-1.1133848076805235,-7.922144549932563
2019-05-29 05:00:00,24.5,91,22.8,1.1,72,0.0,6.3,24,-2.5624408513775414,-5.755336383148386
2019-05-29 06:00:00,24.6,90,22.8,0.2,86,1.0,10.1,356,0.7045403848156689,-10.075396907624224
2019-05-29 07:00:00,24.9,90,23.1,0.6,91,16.0,11.5,2,-0.4013442120787611,-11.4929945107196
2019-05-29 08:00:00,25.5,86,23.0,0.6,83,42.0,11.6,5,-1.0110066158728348,-11.555858497864248
2019-05-29 09:00:00,26.1,83,23.0,0.5,64,99.0,10.5,6,-1.0975488643103617,-10.44247990136687
2019-05-29 10:00:00,26.7,81,23.3,1.3,52,207.0,9.4,358,0.3280552690035077,-9.3942737739795
2019-05-29 11:00:00,26.9,81,23.5,0.5,38,105.0,10.2,352,1.419565629792672,-10.100734301164016
2019-05-29 12:00:00,27.4,80,23.5,0.5,65,226.0,11.7,349,2.2324652459055723,-11.485038046337667
2019-05-29 13:00:00,27.5,79,23.5,0.4,33,135.0,13.1,351,2.0492914920270278,-12.938717261796302
2019-05-29 14:00:00,27.8,79,23.8,0.1,28,456.0,14.1,354,1.473851332073913,-14.022758724692652
2019-05-29 15:00:00,28.0,74,22.8,0.0,22,335.0,15.5,357,0.8112073217656377,-15.478757788695894
2019-05-29 16:00:00,27.6,74,22.6,0.0,18,204.0,14.4,1,-0.2513146526968826,-14.397806810252035
2019-05-29 17:00:00,27.2,75,22.5,0.0,12,146.0,11.2,360,2.743208830090071e-15,-11.2
2019-05-29 18:00:00,26.7,77,22.4,0.0,60,51.0,9.0,2,-0.3140954703225087,-8.994517443171862
2019-05-29 19:00:00,26.1,80,22.3,0.0,54,4.0,8.8,12,-1.8296228791962823,-8.607698886457491
2019-05-29 20:00:00,25.5,83,22.4,0.0,34,0.0,8.4,7,-1.0237024846032388,-8.337387673787106
2019-05-29 21:00:00,25.2,84,22.3,0.0,21,0.0,8.0,352,1.113384807680527,-7.922144549932562
2019-05-29 22:00:00,24.9,85,22.1,0.0,18,0.0,7.7,349,1.469229264399394,-7.558529312547013
2019-05-29 23:00:00,24.6,85,22.0,0.0,20,0.0,7.3,351,1.141971594793687,-7.210124886344505
2019-05-30 00:00:00,24.3,86,21.8,0.0,19,0.0,6.9,354,0.7212463965468086,-6.862201078041086
2019-05-30 01:00:00,24.1,87,21.7,0.0,22,0.0,6.5,354,0.6794350112397471,-6.4643923198937765
2019-05-30 02:00:00,23.9,87,21.6,0.0,26,0.0,7.2,354,0.7526049355271046,-7.160557646651568
2019-05-30 03:00:00,24.2,86,21.7,0.0,29,0.0,7.6,357,0.3977532674463772,-7.589584464134761
2019-05-30 04:00:00,24.1,86,21.5,0.0,37,0.0,7.2,360,1.7634913907721889e-15,-7.2
2019-05-30 05:00:00,24.0,86,21.6,0.0,42,0.0,6.5,3,-0.3401837155791349,-6.49109197590473
2019-05-30 06:00:00,24.0,88,21.9,0.0,47,5.0,6.9,9,-1.079397808777593,-6.815049550106451
2019-05-30 07:00:00,25.2,83,22.2,0.0,58,96.0,6.8,3,-0.3558845024520181,-6.790680836331102
2019-05-30 08:00:00,26.2,79,22.3,0.0,39,225.0,6.2,350,1.0766187015349684,-6.10580806867569
2019-05-30 09:00:00,26.9,78,22.8,0.0,48,303.0,6.4,333,2.9055391983331007,-5.702441754805554
2019-05-30 10:00:00,27.7,75,23.0,0.0,36,419.0,7.4,331,3.587591189822893,-6.47218583283153
2019-05-30 11:00:00,28.5,73,23.1,0.0,66,490.0,7.7,319,5.051654523226907,-5.811263767715344
2019-05-30 12:00:00,28.7,74,23.6,0.0,77,636.0,7.9,317,5.387787044493736,-5.777694242791449
2019-05-30 13:00:00,28.6,75,23.8,0.0,65,508.0,11.9,325,6.825559592577453,-9.747909327039
2019-05-30 14:00:00,28.7,75,23.9,0.0,62,429.0,13.2,334,5.786499137615826,-11.864081411149002
2019-05-30 15:00:00,27.1,80,23.4,0.2,83,96.0,11.2,345,2.8987733051482314,-10.818369254437563
2019-05-30 16:00:00,27.0,81,23.5,0.1,66,198.0,9.9,350,1.719116958902611,-9.74959675482086
2019-05-30 17:00:00,26.8,81,23.3,0.0,62,51.0,8.7,355,0.7582549619046273,-8.666893873398186
2019-05-30 18:00:00,26.5,82,23.2,0.0,29,39.0,6.5,341,2.1161930039715187,-6.14587074139556
2019-05-30 19:00:00,26.2,84,23.2,0.0,17,5.0,5.8,356,0.4045875477159287,-5.78587149150698
2019-05-30 20:00:00,25.8,86,23.4,0.0,17,0.0,5.6,345,1.4493866525741157,-5.409184627218783
2019-05-30 21:00:00,25.4,91,23.7,0.0,22,0.0,4.0,297,3.564026096753472,-1.8159619989581863
2019-05-30 22:00:00,25.0,92,23.6,0.0,25,0.0,5.1,274,5.087576656325104,-0.3557580160950386
2019-05-30 23:00:00,24.4,94,23.4,0.0,23,0.0,4.0,275,3.984778792366982,-0.3486229709906315
2019-05-31 00:00:00,24.3,95,23.4,0.0,15,0.0,3.1,324,1.8221342821066675,-2.507952682562337
2019-05-31 01:00:00,24.5,94,23.5,0.0,11,0.0,3.7,331,1.7937955949114466,-3.236092916415765
2019-05-31 02:00:00,24.3,96,23.6,0.3,11,0.0,3.4,342,1.050657780874822,-3.233592155403522
2019-05-31 03:00:00,24.9,91,23.4,0.0,17,0.0,3.2,360,7.837739514543061e-16,-3.2
2019-05-31 04:00:00,24.5,94,23.4,0.2,24,0.0,3.1,21,-1.1109406435904308,-2.8940993221413254
2019-05-31 05:00:00,24.2,95,23.3,0.3,29,0.0,4.0,5,-0.3486229709906326,-3.984778792366982
2019-05-31 06:00:00,24.2,96,23.5,0.3,49,7.0,3.2,360,7.837739514543061e-16,-3.2
2019-05-31 07:00:00,25.9,91,24.3,0.4,50,82.0,4.0,350,0.6945927106677215,-3.939231012048832
2019-05-31 08:00:00,26.5,86,24.0,0.5,46,159.0,4.7,337,1.8364363038995872,-4.326372811226469
2019-05-31 09:00:00,27.0,84,24.1,0.3,60,163.0,4.5,299,3.935788682127281,-2.181643291108518
2019-05-31 10:00:00,27.7,81,24.1,0.2,49,253.0,5.9,259,5.791600382341218,1.1257730727216133
2019-05-31 11:00:00,28.2,78,24.1,0.1,68,326.0,7.5,235,6.143640332167437,4.301823272632848
2019-05-31 12:00:00,28.4,78,24.2,0.3,62,318.0,10.2,238,8.650090580795544,5.405176495178691
2019-05-31 13:00:00,28.8,78,24.6,0.1,71,465.0,10.1,235,8.273435647318815,5.793122007145568
2019-05-31 14:00:00,29.3,76,24.5,0.3,86,347.0,8.0,234,6.472135954999579,4.702282018339786
2019-05-31 15:00:00,28.2,81,24.6,3.1,87,189.0,9.2,219,5.789747597658506,7.1497428454041305
2019-05-31 16:00:00,27.5,83,24.3,10.3,74,125.0,9.8,197,2.8652427062828205,9.371786608437748
2019-05-31 17:00:00,26.8,89,24.7,6.0,92,89.0,6.2,170,-1.0766187015349675,6.10580806867569
2019-05-31 18:00:00,26.5,90,24.8,0.7,70,9.0,6.2,190,1.0766187015349689,6.10580806867569
2019-05-31 19:00:00,26.3,91,24.7,0.6,60,3.0,5.8,158,-2.172718241812291,5.377666356487366
2019-05-31 20:00:00,26.1,91,24.5,0.5,43,0.0,6.9,152,-3.2393537832226458,6.092338390726597
2019-05-31 21:00:00,26.2,90,24.3,0.1,56,0.0,7.0,145,-4.0150350544573215,5.734064310022943
2019-05-31 22:00:00,25.9,90,24.2,0.0,49,0.0,6.9,152,-3.2393537832226458,6.092338390726597
2019-05-31 23:00:00,25.5,92,24.1,0.0,48,0.0,7.4,166,-1.790222027437541,7.180188374442374
2019-06-01 00:00:00,25.1,94,24.1,0.0,45,0.0,7.0,159,-2.5085756468171017,6.535062985480412
2019-06-01 01:00:00,25.1,95,24.2,0.0,40,0.0,7.6,155,-3.211898789229316,6.887939181478539
2019-06-01 02:00:00,25.3,94,24.2,0.0,44,0.0,6.4,164,-1.764079077228795,6.1520748540052415
2019-06-01 03:00:00,25.1,93,23.8,0.2,42,0.0,6.9,186,0.7212463965468092,6.862201078041086
2019-06-01 04:00:00,25.0,92,23.7,1.3,72,0.0,7.3,200,2.496747046277381,6.859756131737131
2019-06-01 05:00:00,24.8,94,23.7,1.3,100,0.0,6.8,183,0.3558845024520162,6.790680836331102
2019-06-01 06:00:00,24.9,94,23.8,0.8,83,3.0,5.2,164,-1.433314250248396,4.998560818879258
2019-06-01 07:00:00,25.9,90,24.1,0.2,79,40.0,6.0,155,-2.535709570444197,5.437846722219899
2019-06-01 08:00:00,27.1,84,24.1,0.0,68,137.0,7.1,165,-1.837615220227899,6.858073366652384
2019-06-01 09:00:00,28.1,82,24.7,0.0,42,291.0,9.7,176,-0.6766377953180175,9.676371287520292
2019-06-01 10:00:00,28.9,79,25.0,0.0,68,396.0,11.5,184,0.8021994480574407,11.47198657798798
2019-06-01 11:00:00,29.6,78,25.3,0.0,73,549.0,13.1,196,3.610849361202687,12.592528216791978
2019-06-01 12:00:00,30.1,77,25.7,0.2,51,588.0,12.4,206,5.435802220184561,11.14504617410967
2019-06-01 13:00:00,30.4,75,25.4,0.2,25,516.0,11.9,205,5.029157314714322,10.785062665736136
2019-06-01 14:00:00,29.3,77,25.0,2.7,18,403.0,12.1,210,6.050000000000002,10.478907385791707
2019-06-01 15:00:00,30.2,76,25.5,0.0,25,503.0,11.4,204,4.636797731064123,10.41441821712565
2019-06-01 16:00:00,30.0,75,25.1,0.4,47,364.0,11.4,208,5.351975815759156,10.065602558591769
2019-06-01 17:00:00,28.9,79,24.9,2.1,62,175.0,7.6,188,1.057715567296498,7.526037322435934
2019-06-01 18:00:00,28.4,82,25.0,0.1,67,43.0,5.9,218,3.632402704421384,4.64926344627966
2019-06-01 19:00:00,27.4,86,24.9,1.1,54,1.0,6.3,211,3.244739871933341,5.400153994423308
2019-06-01 20:00:00,26.8,90,25.1,1.5,56,0.0,6.8,198,2.101315561749641,6.467184310807045
2019-06-01 21:00:00,26.7,90,24.9,0.7,56,0.0,8.3,175,-0.7233926648055631,8.268415994161488
2019-06-01 22:00:00,26.2,92,24.9,0.7,53,0.0,9.6,167,-2.159530121701106,9.353952621938255
2019-06-01 23:00:00,26.1,92,24.8,0.4,59,0.0,11.1,167,-2.496956703216904,10.815507719116107
2019-06-02 00:00:00,26.1,92,24.8,0.1,56,0.0,11.2,176,-0.7812725059342058,11.17271736291003
2019-06-02 01:00:00,25.9,93,24.7,0.3,56,0.0,10.5,186,1.0975488643103617,10.44247990136687
2019-06-02 02:00:00,25.8,93,24.7,0.4,64,0.0,9.3,196,2.563427409098091,8.939733772226367
2019-06-02 03:00:00,25.9,90,24.2,0.5,58,0.0,8.3,198,2.5648410533120627,7.893769085249776
2019-06-02 04:00:00,25.8,91,24.2,0.5,58,0.0,7.9,204,3.2132194802988217,7.217009115376547
2019-06-02 05:00:00,25.7,92,24.3,0.5,67,0.0,7.6,205,3.2118987892293145,6.88793918147854
2019-06-02 06:00:00,25.7,92,24.4,0.5,77,0.0,6.0,197,1.7542302283364206,5.737828535778212
2019-06-02 07:00:00,25.9,93,24.7,0.3,62,0.0,6.2,190,1.0766187015349689,6.10580806867569
2019-06-02 08:00:00,26.7,86,24.3,0.1,56,17.0,7.8,167,-1.7546182238821486,7.600086505324834
2019-06-02 09:00:00,27.9,79,23.8,0.0,34,99.0,9.8,156,-3.9860191021428446,8.952745484897488
2019-06-02 10:00:00,29.0,74,24.0,0.0,40,236.0,9.3,164,-2.563427409098093,8.939733772226367
2019-06-02 11:00:00,29.7,73,24.3,0.0,40,410.0,7.2,183,0.3768188849491937,7.190132650232932
2019-06-02 12:00:00,30.0,74,24.8,0.0,13,514.0,6.2,201,2.221881287180863,5.788198644282651
2019-06-02 13:00:00,30.2,75,25.3,0.0,20,487.0,6.6,209,3.199743493625824,5.772490067120012
2019-06-02 14:00:00,30.5,75,25.5,0.0,9,586.0,7.9,204,3.2132194802988217,7.217009115376547
2019-06-02 15:00:00,30.0,75,25.0,2.7,38,541.0,9.8,204,3.9860191021428415,8.95274548489749
2019-06-02 16:00:00,29.7,78,25.4,1.0,41,363.0,8.7,210,4.3500000000000005,7.534421012924615
2019-06-02 17:00:00,28.5,82,25.1,2.1,39,187.0,6.8,198,2.101315561749641,6.467184310807045
2019-06-02 18:00:00,27.7,88,25.5,1.9,47,63.0,5.6,195,1.4493866525741164,5.409184627218783
2019-06-02 19:00:00,27.1,88,25.0,1.3,53,5.0,6.9,174,-0.7212463965468108,6.862201078041086
2019-06-02 20:00:00,26.8,91,25.2,1.1,58,0.0,8.1,167,-1.822103540185308,7.892397524760404
2019-06-02 21:00:00,26.7,90,24.9,0.0,55,0.0,7.9,164,-2.177535110954294,7.59396739791272
2019-06-02 22:00:00,26.7,90,24.9,0.0,47,0.0,7.9,164,-2.177535110954294,7.59396739791272
2019-06-02 23:00:00,26.5,91,24.9,0.0,43,0.0,8.3,178,-0.2896658226307595,8.294943864258496
2019-06-03 00:00:00,26.3,92,24.9,0.0,35,0.0,8.0,185,0.6972459419812636,7.969557584733964
2019-06-03 01:00:00,26.2,93,24.9,0.0,41,0.0,7.6,175,-0.6623836448822022,7.571079705497266
2019-06-03 02:00:00,26.1,93,24.8,0.0,34,0.0,8.0,170,-1.3891854213354422,7.878462024097664
2019-06-03 03:00:00,26.3,87,23.9,0.0,41,0.0,8.3,178,-0.2896658226307595,8.294943864258496
2019-06-03 04:00:00,26.1,87,23.9,0.0,44,0.0,8.4,187,1.0237024846032374,8.337387673787106
2019-06-03 05:00:00,26.0,89,24.0,0.0,37,0.0,8.3,185,0.723392664805561,8.268415994161488
2019-06-03 06:00:00,26.1,90,24.3,0.0,33,10.0,7.2,174,-0.7526049355271069,7.160557646651568
2019-06-03 07:00:00,26.9,86,24.5,0.0,43,85.0,8.0,185,0.6972459419812636,7.969557584733964
2019-06-03 08:00:00,27.9,80,24.2,0.0,54,189.0,8.8,192,1.829622879196284,8.60769888645749
2019-06-03 09:00:00,28.6,78,24.4,0.2,81,215.0,9.2,191,1.7554427574642113,9.030970087718508
2019-06-03 10:00:00,29.3,76,24.7,0.0,90,273.0,9.2,191,1.7554427574642113,9.030970087718508
2019-06-03 11:00:00,30.0,74,24.8,0.1,90,357.0,10.3,192,2.1414904154229237,10.074920287558198
2019-06-03 12:00:00,30.2,73,24.9,0.3,91,336.0,10.2,198,3.151973342624462,9.700776466210566
2019-06-03 13:00:00,30.1,74,25.0,0.1,76,268.0,9.4,203,3.6728726077991714,8.65274562245294
2019-06-03 14:00:00,30.5,73,25.0,0.0,52,454.0,9.0,209,4.363286582217032,7.871577364254563
2019-06-03 15:00:00,30.4,72,24.8,0.0,25,405.0,8.9,220,5.7208097262102,6.817795543758905
2019-06-03 16:00:00,30.2,74,25.0,0.0,20,341.0,8.3,236,6.881011852206848,4.6413010988071965
2019-06-03 17:00:00,29.9,75,25.0,0.1,30,273.0,7.1,255,6.858073366652385,1.8376152202278964
2019-06-03 18:00:00,29.3,78,25.2,0.0,23,102.0,3.9,304,3.2332465329646625,-2.1808523235359134
2019-06-03 19:00:00,28.7,80,25.0,0.0,34,8.0,6.6,319,4.329989591337348,-4.981083229470294
2019-06-03 20:00:00,27.8,85,25.1,0.0,47,0.0,6.4,297,5.702441754805555,-2.9055391983330985
2019-06-03 21:00:00,27.3,88,25.1,0.0,48,0.0,6.5,273,6.49109197590473,-0.3401837155791356
2019-06-03 22:00:00,27.0,90,25.2,0.0,50,0.0,7.7,233,6.149493427364155,4.633975678270772
2019-06-03 23:00:00,26.9,91,25.2,0.0,35,0.0,9.0,203,3.516580156403462,8.284543681071963
2019-06-04 00:00:00,26.7,92,25.3,0.0,37,0.0,10.3,192,2.1414904154229237,10.074920287558198
2019-06-04 01:00:00,26.6,91,25.1,0.0,37,0.0,10.9,188,1.5169868004647142,10.793921949283115
2019-06-04 02:00:00,26.4,91,24.9,0.0,34,0.0,10.3,192,2.1414904154229237,10.074920287558198
2019-06-04 03:00:00,26.6,93,25.3,0.0,38,0.0,10.2,188,1.4195656297926682,10.100734301164016
2019-06-04 04:00:00,26.6,91,25.1,0.0,57,0.0,9.9,190,1.7191169589026116,9.74959675482086
2019-06-04 05:00:00,26.5,91,24.9,0.0,78,0.0,8.8,192,1.829622879196284,8.60769888645749
2019-06-04 06:00:00,26.6,91,25.0,0.0,97,6.0,8.4,187,1.0237024846032374,8.337387673787106
2019-06-04 07:00:00,26.8,91,25.2,1.0,74,24.0,6.9,189,1.0793978087775922,6.815049550106451
2019-06-04 08:00:00,26.7,90,24.9,2.0,98,18.0,8.7,225,6.151828996322962,6.151828996322965
2019-06-04 09:00:00,26.2,91,24.7,3.7,85,1.0,8.6,237,7.212566884330648,4.683895701129232
2019-06-04 10:00:00,26.4,90,24.7,3.0,80,68.0,5.7,252,5.421022142882375,1.7613968679372012
2019-06-04 11:00:00,26.3,90,24.6,5.6,72,129.0,4.2,250,3.946709007300816,1.436484601967808
2019-06-04 12:00:00,26.6,86,24.1,7.7,67,141.0,4.8,257,4.6769763109691285,1.0797650608505531
2019-06-04 13:00:00,26.5,85,23.8,8.0,100,45.0,5.4,270,5.4,9.919639073093561e-16
2019-06-04 14:00:00,26.4,84,23.6,6.5,100,23.0,5.2,282,5.086367523815789,-1.081140792252349
2019-06-04 15:00:00,27.5,84,24.7,6.0,91,153.0,1.1,360,2.694222958124177e-16,-1.1
2019-06-04 16:00:00,27.8,84,24.8,2.1,46,87.0,5.4,90,-5.4,-3.306546357697853e-16
2019-06-04 17:00:00,27.9,84,24.9,0.2,30,35.0,4.1,128,-3.23084408978756,2.524212048835199
2019-06-04 18:00:00,28.0,85,25.2,0.0,32,6.0,1.5,194,0.3628828433995013,1.4554435894139948
2019-06-04 19:00:00,27.4,88,25.3,0.0,30,0.0,2.8,230,2.144924440733138,1.7998053071223103
2019-06-04 20:00:00,27.0,90,25.2,0.0,29,0.0,3.0,256,2.910887178827989,0.7257656867990033
2019-06-04 21:00:00,26.6,91,25.0,0.0,29,0.0,3.9,248,3.616017032810471,1.460965714322058
2019-06-04 22:00:00,26.5,91,24.9,0.0,29,0.0,4.8,243,4.276831316104166,2.179154398749825
2019-06-04 23:00:00,27.4,87,25.1,0.0,32,0.0,4.9,234,3.9641832724372414,2.880147736233119
2019-06-05 00:00:00,27.3,88,25.1,0.0,35,0.0,3.3,229,2.490541614735148,2.1649947956686737
2019-06-05 01:00:00,27.1,89,25.1,0.0,38,0.0,1.8,191,0.3434561916777805,1.7669289302057951
2019-06-05 02:00:00,26.8,90,25.1,0.0,41,0.0,2.8,140,-1.7998053071223103,2.144924440733138
2019-06-05 03:00:00,25.1,94,24.0,0.0,29,0.0,4.8,138,-3.21182691052252,3.567095162291492
2019-06-05 04:00:00,25.0,94,23.9,0.0,43,0.0,6.9,137,-4.70578868443124,5.046340541172277
2019-06-05 05:00:00,25.3,93,24.1,0.0,36,0.0,7.9,164,-2.177535110954294,7.59396739791272
2019-06-05 06:00:00,25.7,93,24.4,0.0,17,10.0,5.8,158,-2.172718241812291,5.377666356487366
2019-06-05 07:00:00,27.1,89,25.1,0.0,10,111.0,7.3,169,-1.3929056662487782,7.165878439167947
2019-06-05 08:00:00,28.5,82,25.0,0.0,9,295.0,8.7,185,0.758254961904624,8.666893873398186
2019-06-05 09:00:00,29.4,77,25.1,0.0,24,456.0,9.5,189,1.486127417882192,9.38303923565381
2019-06-05 10:00:00,30.2,74,25.1,0.0,28,568.0,8.2,195,2.1223161698406705,7.92059177557036
2019-06-05 11:00:00,30.6,73,25.1,0.3,31,645.0,7.1,210,3.5500000000000007,6.148780366869514
2019-06-05 12:00:00,30.3,75,25.4,1.1,28,343.0,6.9,223,4.705788684431239,5.0463405411722775
2019-06-05 13:00:00,30.2,76,25.5,0.7,21,368.0,4.3,222,2.8772616073430903,3.195522749552795
2019-06-05 14:00:00,30.0,78,25.7,1.2,23,350.0,4.1,225,2.8991378028648445,2.8991378028648453
2019-06-05 15:00:00,30.3,73,24.9,0.0,16,451.0,2.9,210,1.4500000000000002,2.511473670974872
2019-06-05 16:00:00,30.4,72,24.9,0.0,40,335.0,4.6,129,-3.5748714227020666,2.894873798829251
2019-06-05 17:00:00,30.2,73,24.8,0.0,41,196.0,2.6,146,-1.453901549023942,2.1554976886431083
2019-06-05 18:00:00,29.9,74,24.8,0.0,39,63.0,2.3,309,1.7874357113510326,-1.447436899414626
2019-06-05 19:00:00,29.1,83,25.8,0.0,40,3.0,1.5,315,1.0606601717798214,-1.060660171779821
2019-06-05 20:00:00,28.9,80,25.1,0.0,53,0.0,1.5,194,0.3628828433995013,1.4554435894139948
2019-06-05 21:00:00,28.8,80,25.0,0.0,68,0.0,3.6,186,0.3763024677635526,3.580278823325784
2019-06-05 22:00:00,28.2,84,25.1,0.0,62,0.0,5.9,169,-1.1257730727216153,5.791600382341218
2019-06-05 23:00:00,26.7,91,25.1,0.0,35,0.0,7.6,155,-3.211898789229316,6.887939181478539
2019-06-06 00:00:00,25.9,95,24.9,0.0,31,0.0,7.0,145,-4.0150350544573215,5.734064310022943
2019-06-06 01:00:00,25.9,95,24.9,0.0,34,0.0,7.9,150,-3.95,6.841600689897066
2019-06-06 02:00:00,25.8,95,25.0,0.0,32,0.0,8.0,153,-3.631923997916375,7.128052193506942
2019-06-06 03:00:00,26.3,93,25.0,0.0,29,0.0,8.0,162,-2.47213595499958,7.608452130361228
2019-06-06 04:00:00,26.5,92,25.1,0.0,29,0.0,9.1,171,-1.423553631866102,8.987963899415753
2019-06-06 05:00:00,26.6,93,25.3,0.0,24,0.0,10.4,180,-1.2736326711132477e-15,10.4
2019-06-06 06:00:00,26.9,93,25.6,0.0,28,8.0,9.7,184,0.6766377953180152,9.676371287520292
2019-06-06 07:00:00,28.1,89,26.0,0.0,30,94.0,9.7,184,0.6766377953180152,9.676371287520292
2019-06-06 08:00:00,29.2,83,26.0,0.0,32,218.0,10.9,188,1.5169868004647142,10.793921949283115
2019-06-06 09:00:00,30.3,77,25.8,0.0,29,411.0,12.3,195,3.183474254761006,11.88088766335554
2019-06-06 10:00:00,31.1,73,25.6,0.0,29,567.0,14.4,202,5.394334945189133,13.35144750576174
2019-06-06 11:00:00,31.6,71,25.8,0.0,29,750.0,15.6,203,6.095405604432667,14.35987571385807
2019-06-06 12:00:00,31.8,71,25.9,0.0,38,719.0,16.6,204,6.751828275058284,15.164854596867176
2019-06-06 13:00:00,31.9,71,26.0,0.0,37,649.0,15.6,206,6.838589889909608,14.021187122267005
2019-06-06 14:00:00,31.8,71,26.0,0.0,37,634.0,13.4,211,6.901510203794726,11.486041829408306
2019-06-06 15:00:00,31.4,74,26.2,0.1,47,414.0,12.1,197,3.5376976271451146,11.571287547152728
2019-06-06 16:00:00,30.6,77,26.0,2.1,47,303.0,10.8,195,2.795245687107225,10.431998923921938
2019-06-06 17:00:00,30.5,78,26.1,0.0,40,134.0,10.3,192,2.1414904154229237,10.074920287558198
2019-06-06 18:00:00,30.0,80,26.2,0.0,35,59.0,7.2,198,2.2249223594996206,6.847606917325106
2019-06-06 19:00:00,29.2,83,26.1,0.0,12,7.0,8.0,188,1.1133848076805242,7.922144549932562
2019-06-06 20:00:00,28.6,86,26.1,0.0,17,0.0,9.0,182,0.3140954703225081,8.994517443171862
2019-06-06 21:00:00,28.2,88,26.1,0.0,25,0.0,9.4,176,-0.65571085319478,9.377102072442348
2019-06-06 22:00:00,27.8,90,26.1,0.0,32,0.0,10.5,172,-1.461317560080686,10.397814721786489
2019-06-06 23:00:00,27.5,91,25.9,0.0,33,0.0,10.6,170,-1.8406706832694608,10.438962181929403
2019-06-07 00:00:00,27.2,92,25.8,0.0,10,0.0,10.7,166,-2.5885642829164444,10.382164271153162
2019-06-07 01:00:00,27.0,93,25.7,0.0,4,0.0,10.0,167,-2.249510543438652,9.743700647852352
2019-06-07 02:00:00,26.9,93,25.7,0.0,7,0.0,9.7,165,-2.510544737494454,9.36948051500396
2019-06-07 03:00:00,26.8,91,25.3,0.0,34,0.0,10.4,160,-3.5570094905869563,9.772803256173448
2019-06-07 04:00:00,26.8,90,25.1,0.0,38,0.0,10.7,160,-3.659615533584657,10.05471104240922
2019-06-07 05:00:00,26.8,90,25.0,0.0,37,0.0,10.9,163,-3.186851581477829,10.423721839997087
2019-06-07 06:00:00,27.0,89,25.1,0.0,36,6.0,9.0,175,-0.7844016847289237,8.96575228282571
2019-06-07 07:00:00,28.1,86,25.5,0.0,39,76.0,9.1,187,1.1090110249868406,9.03216997993603
2019-06-07 08:00:00,29.1,81,25.5,0.0,31,202.0,11.2,186,1.170718788597719,11.13864522812466
2019-06-07 09:00:00,29.9,78,25.6,0.0,38,352.0,15.3,189,2.39344731511553,15.111631611105608
2019-06-07 10:00:00,30.3,77,25.8,0.2,56,522.0,15.7,196,4.327506486326884,15.091808626231606
2019-06-07 11:00:00,30.7,78,26.4,0.1,50,640.0,15.5,202,5.806402197946636,14.371349745785205
2019-06-07 12:00:00,30.9,76,26.2,0.9,29,661.0,12.9,203,5.040431557511629,11.87451260953648
2019-06-07 13:00:00,30.8,79,26.7,0.8,33,615.0,13.4,204,5.450271017215723,12.241509132410853
2019-06-07 14:00:00,29.9,80,26.1,1.6,72,399.0,12.7,209,6.157082177128479,11.107670280670328
2019-06-07 15:00:00,30.3,79,26.2,1.1,46,451.0,10.5,211,5.407899786555569,9.00025665737218
2019-06-07 16:00:00,30.3,80,26.4,0.1,23,297.0,7.9,204,3.2132194802988217,7.217009115376547
2019-06-07 17:00:00,29.9,77,25.5,1.1,68,212.0,6.3,193,1.417191642366349,6.1385314081469815
2019-06-07 18:00:00,29.1,81,25.4,0.0,45,69.0,1.8,217,1.0832670416736871,1.437543918085127
2019-06-07 19:00:00,28.7,82,25.3,0.0,37,6.0,2.2,81,-2.1729143493093037,-0.344155823088508
2019-06-07 20:00:00,28.1,85,25.4,0.0,36,0.0,2.1,149,-1.0815799573111142,1.8000513314744355
2019-06-07 21:00:00,27.5,88,25.4,0.0,35,0.0,2.9,120,-2.511473670974872,1.4499999999999993
2019-06-07 22:00:00,27.0,90,25.2,0.0,40,0.0,5.2,155,-2.1976149610516376,4.71280049259058
2019-06-07 23:00:00,26.7,90,25.0,0.0,37,0.0,7.4,166,-1.790222027437541,7.180188374442374
2019-06-08 00:00:00,26.7,90,25.0,0.0,34,0.0,7.3,171,-1.1419715947936862,7.210124886344505
2019-06-08 01:00:00,26.6,90,24.8,0.0,37,0.0,8.6,180,-1.0531962472667237e-15,8.6
2019-06-08 02:00:00,26.5,90,24.7,0.0,36,0.0,9.1,189,1.4235536318660995,8.987963899415753
2019-06-08 03:00:00,26.4,93,25.1,0.0,32,0.0,8.6,182,0.3001356716415077,8.594761112364223
2019-06-08 04:00:00,26.4,93,25.1,0.0,35,0.0,8.7,175,-0.7582549619046263,8.666893873398186
2019-06-08 05:00:00,26.3,92,24.9,0.0,33,0.0,8.4,170,-1.4586446924022145,8.272385125302547
2019-06-08 06:00:00,26.4,93,25.1,0.0,43,8.0,4.8,193,1.0797650608505518,4.676976310969129
2019-06-08 07:00:00,27.8,88,25.5,0.0,43,87.0,4.1,218,2.5242120488351985,3.23084408978756
2019-06-08 08:00:00,29.0,82,25.5,0.0,35,215.0,5.1,231,3.96344440343055,3.2095339943541727
2019-06-08 09:00:00,29.7,80,25.9,0.1,49,332.0,7.1,246,6.486172749262467,2.8878301658381806
2019-06-08 10:00:00,30.2,78,25.9,0.2,46,423.0,7.3,261,7.210124886344505,1.1419715947936866
2019-06-08 11:00:00,30.5,78,26.2,0.0,53,502.0,6.9,261,6.81504955010645,1.0793978087775942
2019-06-08 12:00:00,30.6,78,26.3,0.0,52,375.0,8.0,262,7.922144549932562,1.1133848076805266
2019-06-08 13:00:00,30.8,77,26.4,0.0,55,353.0,9.0,254,8.651355263444872,2.4807362023529897
2019-06-08 14:00:00,30.8,77,26.3,0.0,46,362.0,8.7,246,7.947845481490628,3.5386087947594604
2019-06-08 15:00:00,30.8,72,25.1,0.0,42,283.0,8.3,236,6.881011852206848,4.6413010988071965
2019-06-08 16:00:00,30.6,72,25.1,0.0,36,223.0,6.9,223,4.705788684431239,5.0463405411722775
2019-06-08 17:00:00,30.2,75,25.3,0.0,33,98.0,7.3,213,3.9758649556096977,6.122295146001595
2019-06-08 18:00:00,29.7,78,25.5,0.0,31,35.0,5.0,249,4.667902132486008,1.7918397477265036
2019-06-08 19:00:00,29.1,81,25.5,0.0,35,2.0,5.7,235,4.669166652447252,3.2693856872009643
2019-06-08 20:00:00,28.4,85,25.6,0.0,31,0.0,5.3,208,2.4881992827652213,4.679622242152313
2019-06-08 21:00:00,27.8,87,25.5,0.0,32,0.0,7.1,210,3.5500000000000007,6.148780366869514
2019-06-08 22:00:00,27.4,89,25.5,0.0,30,0.0,8.4,205,3.549993398621874,7.612985411107861
2019-06-08 23:00:00,27.3,90,25.5,0.0,31,0.0,9.0,185,0.7844016847289215,8.96575228282571
2019-06-09 00:00:00,27.2,90,25.5,0.0,28,0.0,9.4,178,-0.3280552690035107,9.3942737739795
2019-06-09 01:00:00,27.1,90,25.4,0.0,30,0.0,9.7,176,-0.6766377953180175,9.676371287520292
2019-06-09 02:00:00,27.0,90,25.2,0.0,32,0.0,9.7,176,-0.6766377953180175,9.676371287520292
2019-06-09 03:00:00,26.7,87,24.3,0.0,37,0.0,9.0,175,-0.7844016847289237,8.96575228282571
2019-06-09 04:00:00,26.5,87,24.1,0.0,47,0.0,8.8,171,-1.3766232923540327,8.691657397237211
2019-06-09 05:00:00,26.2,88,24.0,0.2,47,0.0,8.5,168,-1.767249371950954,8.314254606237348
2019-06-09 06:00:00,25.8,90,23.9,0.6,54,7.0,9.5,171,-1.4861274178821944,9.383039235653808
2019-06-09 07:00:00,26.2,87,23.9,0.5,54,49.0,10.8,165,-2.795245687107227,10.431998923921936
2019-06-09 08:00:00,27.1,82,23.8,0.1,52,98.0,11.3,153,-5.13009264705688,10.068373723328556
2019-06-09 09:00:00,28.2,78,24.0,0.0,44,162.0,12.0,147,-6.535668420180327,10.064046815345089
2019-06-09 10:00:00,29.1,76,24.4,0.0,38,253.0,10.1,153,-4.585304047369423,8.999165894302514
2019-06-09 11:00:00,29.6,75,24.7,0.0,42,253.0,7.4,166,-1.790222027437541,7.180188374442374
2019-06-09 12:00:00,29.9,75,24.9,0.0,43,235.0,6.8,177,-0.3558845024520178,6.790680836331102
2019-06-09 13:00:00,29.9,75,25.0,0.4,38,202.0,8.0,188,1.1133848076805242,7.922144549932562
2019-06-09 14:00:00,28.3,82,25.0,3.2,57,297.0,9.3,193,2.0920448053979444,9.06164160250269
2019-06-09 15:00:00,29.5,76,24.9,0.0,59,309.0,7.0,192,1.4553818357243165,6.847033205136639
2019-06-09 16:00:00,29.5,76,24.8,0.0,49,155.0,7.2,180,-8.817456953860943e-16,7.2
2019-06-09 17:00:00,29.5,76,24.8,0.0,40,138.0,8.8,171,-1.3766232923540327,8.691657397237211
2019-06-09 18:00:00,29.0,79,25.0,0.0,38,41.0,5.2,205,2.197614961051636,4.71280049259058
2019-06-09 19:00:00,28.4,83,25.1,0.0,33,0.0,8.1,193,1.8221035401853063,7.892397524760405
2019-06-09 20:00:00,27.9,85,25.2,0.0,35,0.0,8.3,175,-0.7233926648055631,8.268415994161488
2019-06-09 21:00:00,27.6,87,25.3,0.0,32,0.0,8.7,175,-0.7582549619046263,8.666893873398186
2019-06-09 22:00:00,27.4,88,25.3,0.0,32,0.0,9.4,173,-1.1455718280083869,9.329933825428428
2019-06-09 23:00:00,27.2,89,25.3,0.0,35,0.0,10.2,170,-1.7712114122026887,10.04503908072452
2019-06-10 00:00:00,26.9,91,25.3,0.0,28,0.0,11.3,171,-1.7677094549546102,11.160878248725057
2019-06-10 01:00:00,26.8,91,25.2,0.2,37,0.0,11.2,174,-1.1707187885977215,11.13864522812466
2019-06-10 02:00:00,26.5,92,25.1,0.6,47,0.0,10.8,178,-0.3769145643870124,10.793420931806237
2019-06-10 03:00:00,26.5,83,23.5,0.2,56,0.0,10.1,182,0.352484916695259,10.093847352892867
2019-06-10 04:00:00,26.2,84,23.3,0.4,81,0.0,10.9,186,1.139360249617423,10.84028865951418
2019-06-10 05:00:00,25.8,87,23.6,0.5,55,0.0,9.4,173,-1.1455718280083869,9.329933825428428
2019-06-10 06:00:00,25.8,89,23.8,0.4,34,8.0,7.6,161,-2.47431797387439,7.185941174554808
2019-06-10 07:00:00,26.4,86,23.8,0.2,50,60.0,10.2,148,-5.40517649517869,8.650090580795544
2019-06-10 08:00:00,27.6,79,23.7,0.0,35,263.0,11.8,140,-7.584893794301166,9.03932442880394
2019-06-10 09:00:00,28.5,76,23.8,0.0,59,280.0,12.3,148,-6.518006950068421,10.43099158272404
2019-06-10 10:00:00,29.3,74,24.2,0.0,71,336.0,11.9,166,-2.8788705576360463,11.54651914268436
2019-06-10 11:00:00,29.4,75,24.5,0.2,91,229.0,10.2,190,1.7712114122026907,10.04503908072452
2019-06-10 12:00:00,29.4,76,24.8,0.2,79,234.0,11.3,211,5.8199302464836125,9.68599049793387
2019-06-10 13:00:00,28.5,80,24.7,1.6,74,172.0,12.2,225,8.626702730475879,8.62670273047588
2019-06-10 14:00:00,27.9,84,24.9,1.9,100,185.0,12.1,210,6.050000000000002,10.478907385791707
2019-06-10 15:00:00,27.4,85,24.6,2.1,100,23.0,11.3,211,5.8199302464836125,9.68599049793387
2019-06-10 16:00:00,26.7,90,24.9,2.1,100,6.0,10.5,196,2.894192236078489,10.093247807352348
2019-06-10 17:00:00,26.4,91,24.8,1.4,100,0.0,9.9,170,-1.7191169589026098,9.74959675482086
2019-06-10 18:00:00,26.1,92,24.7,0.7,95,0.0,7.4,151,-3.587591189822896,6.472185832831529
2019-06-10 19:00:00,25.9,92,24.5,0.9,86,0.0,7.6,155,-3.211898789229316,6.887939181478539
2019-06-10 20:00:00,25.6,93,24.4,1.4,74,0.0,9.8,172,-1.3638963894086402,9.70462707366739
2019-06-10 21:00:00,25.5,93,24.3,1.9,100,0.0,10.8,184,0.753369916436553,10.773691742806102
2019-06-10 22:00:00,25.5,93,24.2,1.2,85,0.0,11.3,187,1.3771235804781647,11.21577151354694
2019-06-10 23:00:00,25.7,90,24.0,0.3,95,0.0,12.3,175,-1.072015635796196,12.253194786528471
2019-06-11 00:00:00,25.7,89,23.8,0.1,100,0.0,13.8,171,-2.1587956175551875,13.6300991002129
2019-06-11 01:00:00,25.5,91,23.9,0.9,100,0.0,14.4,180,-1.7634913907721889e-15,14.4
2019-06-11 02:00:00,25.5,91,23.9,2.2,100,0.0,13.4,188,1.864919552864878,13.26959212113704
2019-06-11 03:00:00,25.5,92,24.1,1.3,100,0.0,11.3,187,1.3771235804781647,11.21577151354694
2019-06-11 04:00:00,25.5,93,24.2,1.7,100,0.0,10.5,174,-1.097548864310364,10.44247990136687
2019-06-11 05:00:00,25.3,93,24.1,1.8,100,0.0,11.6,158,-4.345436483624582,10.755332712974733
2019-06-11 06:00:00,25.5,91,23.9,1.8,100,0.0,10.0,159,-3.5836794954530022,9.335804264972015
2019-06-11 07:00:00,25.6,91,24.0,1.9,100,0.0,9.3,144,-5.466402846320002,7.52385804768701
2019-06-11 08:00:00,25.9,91,24.2,2.4,73,1.0,8.2,139,-5.379684037722159,6.18861855782673
2019-06-11 09:00:00,26.2,90,24.3,3.4,63,1.0,9.8,156,-3.9860191021428446,8.952745484897488
2019-06-11 10:00:00,26.4,88,24.2,3.8,71,6.0,12.2,178,-0.4257738597705139,12.192568089632967
2019-06-11 11:00:00,26.6,88,24.5,4.2,81,0.0,11.6,187,1.4136843834997088,11.513535359039336
2019-06-11 12:00:00,26.8,86,24.4,3.6,100,7.0,11.2,186,1.170718788597719,11.13864522812466
2019-06-11 13:00:00,26.8,86,24.4,3.3,100,3.0,9.8,188,1.3638963894086422,9.704627073667387
2019-06-11 14:00:00,27.0,86,24.6,4.8,100,10.0,10.5,188,1.461317560080688,10.397814721786489
2019-06-11 15:00:00,27.3,85,24.5,0.8,100,13.0,10.5,186,1.0975488643103617,10.44247990136687
2019-06-11 16:00:00,26.9,89,24.9,1.1,100,4.0,7.7,191,1.4692292643993945,7.558529312547013
2019-06-11 17:00:00,26.9,89,24.9,1.3,100,2.0,6.0,163,-1.7542302283364195,5.737828535778213
2019-06-11 18:00:00,26.8,89,24.9,0.8,100,1.0,2.9,180,-3.5514757175273243e-16,2.9
2019-06-11 19:00:00,26.6,88,24.5,0.7,92,0.0,2.7,23,-1.0549740469210394,-2.485363104321589
2019-06-11 20:00:00,26.5,86,24.1,0.2,89,0.0,5.4,37,-3.2498011250210608,-4.312631754255381
2019-06-11 21:00:00,26.6,84,23.6,0.2,88,0.0,5.8,60,-5.022947341949744,-2.9000000000000004
2019-06-11 22:00:00,26.4,84,23.4,1.1,69,0.0,2.7,113,-2.4853631043215887,1.0549740469210394
2019-06-11 23:00:00,26.1,85,23.4,0.7,73,0.0,6.6,167,-1.4846769586695103,6.430842427582552
2019-06-12 00:00:00,25.7,89,23.8,1.1,89,0.0,8.7,163,-2.543633831087808,8.31985137687841
2019-06-12 01:00:00,25.6,92,24.2,2.1,91,0.0,14.0,157,-5.470235798849833,12.887067948334163
2019-06-12 02:00:00,25.5,94,24.4,2.3,100,0.0,15.5,168,-3.222631207675269,15.161287811373988
2019-06-12 03:00:00,25.5,90,23.8,2.5,100,0.0,14.4,183,0.7536377698983874,14.380265300465863
2019-06-12 04:00:00,25.5,91,24.0,2.6,100,0.0,13.4,188,1.864919552864878,13.26959212113704
2019-06-12 05:00:00,25.3,93,24.2,3.0,100,0.0,13.1,196,3.610849361202687,12.592528216791978
2019-06-12 06:00:00,25.3,94,24.2,4.2,100,0.0,11.3,187,1.3771235804781647,11.21577151354694
2019-06-12 07:00:00,25.2,93,24.0,4.1,100,0.0,9.8,186,1.0243789400230043,9.746314574609078
2019-06-12 08:00:00,25.4,92,23.9,3.7,100,6.0,9.0,180,-1.102182119232618e-15,9.0
2019-06-12 09:00:00,25.4,93,24.1,3.5,100,3.0,9.8,174,-1.0243789400230068,9.746314574609078
2019-06-12 10:00:00,25.8,92,24.4,3.2,100,7.0,9.3,167,-2.0920448053979466,9.061641602502688
2019-06-12 11:00:00,26.0,92,24.6,2.4,100,10.0,8.8,161,-2.8649997592229783,8.320563465273988
2019-06-12 12:00:00,26.3,91,24.7,1.9,100,15.0,7.6,172,-1.0577155672964964,7.5260373224359345
2019-06-12 13:00:00,26.5,91,24.8,2.8,100,24.0,7.7,191,1.4692292643993945,7.558529312547013
2019-06-12 14:00:00,26.5,92,25.2,2.9,100,12.0,7.2,198,2.2249223594996206,6.847606917325106
2019-06-12 15:00:00,27.7,85,24.9,0.8,100,33.0,8.0,188,1.1133848076805242,7.922144549932562
2019-06-12 16:00:00,27.9,85,25.2,1.2,100,97.0,8.7,185,0.758254961904624,8.666893873398186
2019-06-12 17:00:00,27.6,88,25.4,1.9,100,76.0,5.1,184,0.3557580160950389,5.087576656325103
2019-06-12 18:00:00,27.4,88,25.3,0.0,84,12.0,1.4,270,1.4,2.571758278209441e-16
2019-06-12 19:00:00,27.1,90,25.2,0.0,50,1.0,1.6,333,0.7263847995832752,-1.4256104387013886
2019-06-12 20:00:00,26.6,92,25.2,0.0,45,0.0,3.8,319,2.493024310163928,-2.867896404846533
2019-06-12 21:00:00,26.4,92,25.1,0.0,54,0.0,3.2,297,2.8512208774027776,-1.4527695991665492
2019-06-12 22:00:00,26.3,93,25.0,0.1,62,0.0,2.5,270,2.5,4.592425496802574e-16
2019-06-12 23:00:00,26.0,94,24.9,0.2,100,0.0,0.5,135,-0.3535533905932738,0.3535533905932737
2019-06-13 00:00:00,25.5,95,24.7,0.2,76,0.0,1.8,101,-1.7669289302057951,0.3434561916777806
2019-06-13 01:00:00,25.3,96,24.6,0.3,99,0.0,3.8,131,-2.867896404846534,2.493024310163927
2019-06-13 02:00:00,25.3,95,24.5,0.3,100,0.0,6.0,155,-2.535709570444197,5.437846722219899
2019-06-13 03:00:00,25.6,91,24.0,0.1,83,0.0,7.8,158,-2.921931428644116,7.232034065620941
2019-06-13 04:00:00,25.5,90,23.7,0.1,58,0.0,7.0,159,-2.5085756468171017,6.535062985480412
2019-06-13 05:00:00,25.5,88,23.4,0.0,56,0.0,8.1,159,-2.902780391316932,7.562001454627333
2019-06-13 06:00:00,25.7,88,23.6,0.0,68,7.0,5.8,176,-0.404587547715928,5.78587149150698
2019-06-13 07:00:00,26.6,87,24.3,0.1,54,74.0,7.4,194,1.7902220274375396,7.180188374442374
2019-06-13 08:00:00,27.0,86,24.5,0.4,56,90.0,9.2,206,4.033014550459512,8.268905225952334
2019-06-13 09:00:00,27.4,87,25.0,0.5,100,144.0,9.1,198,2.8120546488120204,8.654614298285898
2019-06-13 10:00:00,27.4,87,25.0,1.7,86,77.0,11.9,182,0.4153040107597607,11.89275084152724
2019-06-13 11:00:00,27.9,85,25.2,1.1,88,190.0,14.5,187,1.767105479374636,14.39191919879917
2019-06-13 12:00:00,27.9,85,25.1,1.5,100,198.0,15.9,185,1.385776309687761,15.839495699658755
2019-06-13 13:00:00,27.5,87,25.1,6.3,97,204.0,18.4,206,8.066029100919025,16.53781045190467
2019-06-13 14:00:00,27.8,87,25.4,1.2,100,188.0,17.6,195,4.555215193804367,17.000294542687605
2019-06-13 15:00:00,27.0,90,25.3,1.2,100,3.0,13.2,191,2.51867873897039,12.957478821509165
2019-06-13 16:00:00,27.0,90,25.3,2.3,100,4.0,11.9,183,0.6227978792910285,11.88369146357943
2019-06-13 17:00:00,27.3,88,25.1,0.0,100,42.0,12.1,168,-2.515731458894888,11.835585968879048
2019-06-13 18:00:00,27.4,87,25.0,0.2,63,25.0,12.1,153,-5.493285046848517,10.781178942679247
2019-06-13 19:00:00,26.8,89,24.8,1.7,80,2.0,15.5,176,-1.0812253430339456,15.462242779027276
2019-06-13 20:00:00,26.1,93,24.8,2.4,100,0.0,14.7,191,2.804892232035207,14.42991959668066
2019-06-13 21:00:00,25.8,93,24.7,1.3,100,0.0,12.7,188,1.767498382192832,12.57640447301794
2019-06-13 22:00:00,25.8,92,24.4,1.0,100,0.0,12.7,188,1.767498382192832,12.57640447301794
2019-06-13 23:00:00,25.6,93,24.3,1.3,100,0.0,14.2,189,2.221369403571276,14.025174436450955
2019-06-14 00:00:00,25.6,92,24.2,2.1,100,0.0,15.8,192,3.2850047149206003,15.45473209159413
2019-06-14 01:00:00,25.5,93,24.3,4.0,100,0.0,15.3,195,3.959931390068568,14.778665142222746
2019-06-14 02:00:00,25.5,93,24.2,5.0,100,0.0,13.0,186,1.3588700224794954,12.928784639787551
2019-06-14 03:00:00,25.5,94,24.4,4.3,100,0.0,11.1,167,-2.496956703216904,10.815507719116107
2019-06-14 04:00:00,25.6,92,24.2,4.9,100,0.0,9.6,160,-3.2833933759264213,9.02104915954472
2019-06-14 05:00:00,25.6,93,24.3,5.4,100,0.0,9.3,164,-2.563427409098093,8.939733772226367
2019-06-14 06:00:00,25.7,92,24.3,6.1,100,0.0,4.7,189,0.7352419856890845,4.642135200797148
2019-06-14 07:00:00,25.9,92,24.5,6.6,100,0.0,6.1,183,0.3192493330819557,6.0916401620029
2019-06-14 08:00:00,26.2,91,24.6,4.2,100,1.0,6.5,180,-7.960204194457795e-16,6.5
2019-06-14 09:00:00,26.3,90,24.5,2.9,100,11.0,9.0,180,-1.102182119232618e-15,9.0
2019-06-14 10:00:00,26.6,89,24.6,2.8,100,44.0,11.2,180,-1.3716044150450357e-15,11.2
2019-06-14 11:00:00,26.6,90,24.8,3.1,100,40.0,11.5,180,-1.4083438190194562e-15,11.5
2019-06-14 12:00:00,26.8,89,24.9,2.5,100,78.0,11.0,169,-2.0988989491419945,10.797899017924305
2019-06-14 13:00:00,26.7,89,24.8,1.8,100,6.0,11.6,175,-1.011006615872835,11.555858497864248
2019-06-14 14:00:00,26.4,90,24.7,0.6,100,29.0,12.1,192,2.51573145889489,11.835585968879046
2019-06-14 15:00:00,27.5,85,24.7,0.8,100,150.0,11.4,191,2.17522254729261,11.19054989130337
2019-06-14 16:00:00,27.2,86,24.7,0.5,100,100.0,11.5,184,0.8021994480574407,11.47198657798798
2019-06-14 17:00:00,26.7,89,24.8,0.9,100,41.0,8.9,194,2.153104870837041,8.635631963856369
2019-06-14 18:00:00,26.2,92,24.8,1.2,100,27.0,7.2,198,2.2249223594996206,6.847606917325106
2019-06-14 19:00:00,25.6,95,24.7,1.5,100,3.0,6.3,211,3.244739871933341,5.400153994423308
2019-06-14 20:00:00,25.4,95,24.6,1.3,100,0.0,4.9,216,2.880147736233118,3.9641832724372423
2019-06-14 21:00:00,25.2,96,24.5,1.1,100,0.0,3.7,209,1.7937955949114468,3.236092916415765
2019-06-14 22:00:00,25.1,96,24.4,0.5,100,0.0,2.5,188,0.3479327524001638,2.475670171853926
2019-06-14 23:00:00,25.0,96,24.3,0.3,100,0.0,2.9,150,-1.4499999999999995,2.511473670974872
2019-06-15 00:00:00,24.9,96,24.2,0.2,100,0.0,2.2,189,0.3441558230885076,2.1729143493093037
2019-06-15 01:00:00,24.9,96,24.2,0.3,100,0.0,3.4,252,3.233592155403522,1.0506577808748216
2019-06-15 02:00:00,24.6,97,24.1,0.4,100,0.0,3.5,294,3.197409101749104,-1.4235782507652992
2019-06-15 03:00:00,24.4,96,23.8,0.9,100,0.0,5.6,333,2.542346798541463,-4.989636535454859
2019-06-15 04:00:00,24.4,96,23.7,1.0,100,0.0,6.2,353,0.7555899291119128,-6.153786140176197
2019-06-15 05:00:00,24.4,96,23.7,0.7,100,0.0,6.8,3,-0.3558845024520181,-6.790680836331102
2019-06-15 06:00:00,24.4,96,23.8,0.3,100,8.0,9.1,18,-2.8120546488120213,-8.654614298285896
2019-06-15 07:00:00,25.2,93,23.9,0.1,100,64.0,8.0,18,-2.472135954999579,-7.608452130361228
2019-06-15 08:00:00,26.3,87,24.0,0.0,81,183.0,7.8,13,-1.754618223882147,-7.600086505324834
2019-06-15 09:00:00,27.4,83,24.2,0.0,63,358.0,8.4,7,-1.0237024846032388,-8.337387673787106
2019-06-15 10:00:00,28.4,79,24.4,0.0,58,524.0,8.3,360,2.0329136865846065e-15,-8.3
2019-06-15 11:00:00,29.1,76,24.5,0.0,34,612.0,7.6,355,0.6623836448822031,-7.571079705497266
2019-06-15 12:00:00,29.8,74,24.7,0.0,32,694.0,7.0,348,1.4553818357243191,-6.847033205136639
2019-06-15 13:00:00,30.0,74,24.8,0.0,32,621.0,6.5,341,2.1161930039715187,-6.14587074139556
2019-06-15 14:00:00,30.2,74,24.9,0.0,33,626.0,7.0,325,4.015035054457325,-5.734064310022941
2019-06-15 15:00:00,30.1,68,23.6,0.0,44,483.0,8.7,330,4.350000000000003,-7.534421012924613
2019-06-15 16:00:00,29.7,69,23.5,0.0,39,317.0,9.3,344,2.5634274090980904,-8.939733772226367
2019-06-15 17:00:00,29.1,71,23.3,0.0,44,162.0,8.0,352,1.113384807680527,-7.922144549932562
2019-06-15 18:00:00,28.2,75,23.4,0.0,80,50.0,2.9,30,-1.4499999999999995,-2.511473670974872
2019-06-15 19:00:00,27.3,80,23.6,0.0,64,7.0,2.3,108,-2.187429987478853,0.7107390870623789
2019-06-15 20:00:00,26.2,89,24.1,0.0,65,0.0,3.7,151,-1.7937955949114477,3.2360929164157644
2019-06-15 21:00:00,25.8,90,24.0,0.0,59,0.0,4.0,170,-0.6945927106677211,3.939231012048832
2019-06-15 22:00:00,25.4,92,24.1,0.0,63,0.0,5.0,180,-6.123233995736766e-16,5.0
2019-06-15 23:00:00,25.3,93,24.1,0.0,72,0.0,3.2,207,1.4527695991665492,2.8512208774027776
2019-06-16 00:00:00,25.4,92,24.0,0.0,75,0.0,2.5,278,2.475670171853926,-0.3479327524001636
2019-06-16 01:00:00,25.9,89,23.9,0.0,64,0.0,2.2,270,2.2,4.0413344371862655e-16
2019-06-16 02:00:00,26.2,88,24.0,0.0,71,0.0,2.1,239,1.8000513314744355,1.0815799573111142
2019-06-16 03:00:00,25.7,90,23.9,0.0,70,0.0,4.1,232,3.2308440897875603,2.524212048835198
2019-06-16 04:00:00,24.8,94,23.7,0.0,76,0.0,6.8,252,6.467184310807044,2.1013155617496437
2019-06-16 05:00:00,24.8,94,23.7,0.0,90,0.0,6.1,273,6.0916401620029,-0.3192493330819581
2019-06-16 06:00:00,25.4,92,24.0,0.0,83,7.0,4.7,302,3.9858260519352022,-2.490620541896062
2019-06-16 07:00:00,27.0,84,24.0,0.0,80,40.0,6.4,313,4.680663690362691,-4.364789504399991
2019-06-16 08:00:00,26.9,83,23.9,0.3,91,0.0,7.7,311,5.811263767715347,-5.051654523226905
2019-06-16 09:00:00,27.1,82,23.9,0.2,74,0.0,6.4,308,5.04326882308302,-3.940233442084215
2019-06-16 10:00:00,27.3,81,23.8,0.5,86,24.0,6.1,298,5.385980316439455,-2.8637765329939318
2019-06-16 11:00:00,27.6,78,23.4,0.8,51,151.0,4.4,305,3.604268994871564,-2.523736319944603
2019-06-16 12:00:00,27.6,77,23.2,0.7,83,164.0,4.0,265,3.984778792366982,0.348622970990633
2019-06-16 13:00:00,27.4,76,22.8,0.3,54,47.0,5.5,259,5.398949508962152,1.0494494745709957
2019-06-16 14:00:00,27.3,76,22.7,0.1,69,31.0,5.9,281,5.791600382341217,-1.1257730727216162
2019-06-16 15:00:00,28.6,76,24.0,0.0,71,279.0,6.7,286,6.440453362786736,-1.846770283973896
2019-06-16 16:00:00,28.4,77,23.9,0.0,92,126.0,9.7,312,7.208504807130727,-6.4905668816809206
2019-06-16 17:00:00,27.6,80,23.8,0.3,59,85.0,11.5,328,6.094071538681858,-9.752553105798896
2019-06-16 18:00:00,27.1,82,23.8,0.2,56,10.0,11.7,342,3.615498834186888,-11.127361240653295
2019-06-16 19:00:00,26.5,84,23.6,0.0,66,1.0,12.6,347,2.834383284732703,-12.277062816293965
2019-06-16 20:00:00,26.1,85,23.3,0.0,75,0.0,10.8,356,0.7533699164365569,-10.773691742806102
2019-06-16 21:00:00,25.8,85,23.1,0.0,95,0.0,8.3,2,-0.2896658226307581,-8.294943864258496
2019-06-16 22:00:00,25.7,85,23.0,0.0,77,0.0,7.2,3,-0.3768188849491956,-7.190132650232932
2019-06-16 23:00:00,25.6,85,23.0,0.1,85,0.0,6.0,17,-1.7542302283364206,-5.737828535778212
2019-06-17 00:00:00,25.6,86,23.1,0.2,84,0.0,5.8,7,-0.7068421917498553,-5.756767679519667
2019-06-17 01:00:00,25.5,88,23.3,0.0,62,0.0,4.7,356,0.3278554265973905,-4.688551036221174
2019-06-17 02:00:00,25.4,89,23.4,0.0,61,0.0,5.6,345,1.4493866525741157,-5.409184627218783
2019-06-17 03:00:00,25.2,88,23.2,0.0,39,0.0,5.4,352,0.7515347451843558,-5.34744757120448
2019-06-17 04:00:00,25.1,90,23.3,0.0,40,0.0,4.7,356,0.3278554265973905,-4.688551036221174
2019-06-17 05:00:00,24.8,92,23.4,0.0,41,0.0,4.8,13,-1.079765060850552,-4.676976310969129
2019-06-17 06:00:00,25.1,92,23.7,0.0,42,9.0,8.2,29,-3.975438886019964,-7.171881598543044
2019-06-17 07:00:00,26.8,86,24.3,0.0,37,77.0,7.5,35,-4.301823272632845,-6.143640332167439
2019-06-17 08:00:00,28.1,79,24.0,0.0,59,213.0,4.1,38,-2.524212048835199,-3.2308440897875594
2019-06-17 09:00:00,28.9,76,24.2,0.0,68,292.0,0.7,180,-8.572527594031472e-17,0.7
2019-06-17 10:00:00,29.4,75,24.6,0.0,71,323.0,4.9,197,1.4326213531414105,4.685893304218874
2019-06-17 11:00:00,29.6,76,25.0,0.4,75,291.0,5.9,191,1.125773072721614,5.791600382341218
2019-06-17 12:00:00,30.3,75,25.3,0.0,91,442.0,8.3,198,2.5648410533120627,7.893769085249776
2019-06-17 13:00:00,30.2,75,25.2,0.0,94,280.0,10.0,195,2.588190451025208,9.659258262890685
2019-06-17 14:00:00,29.5,77,25.0,2.4,77,229.0,9.9,199,3.223124729125852,9.360633898433235
2019-06-17 15:00:00,29.4,78,25.3,1.0,67,47.0,11.9,194,2.878870557636044,11.54651914268436
2019-06-17 16:00:00,28.9,82,25.6,0.9,96,27.0,9.0,185,0.7844016847289215,8.96575228282571
2019-06-17 17:00:00,28.7,84,25.8,0.2,70,14.0,5.8,173,-0.7068421917498557,5.756767679519667
2019-06-17 18:00:00,28.6,84,25.7,0.0,69,17.0,2.1,149,-1.0815799573111142,1.8000513314744355
2019-06-17 19:00:00,28.2,85,25.5,0.0,52,3.0,3.2,270,3.2,5.878304635907295e-16
2019-06-17 20:00:00,27.8,88,25.6,0.0,59,0.0,4.7,274,4.688551036221175,-0.3278554265973885
2019-06-17 21:00:00,27.5,90,25.7,0.0,54,0.0,5.1,278,5.050367150582009,-0.7097828148963339
2019-06-17 22:00:00,27.2,91,25.7,0.0,46,0.0,6.2,280,6.105808068675691,-1.0766187015349655
2019-06-17 23:00:00,27.2,92,25.8,0.0,36,0.0,1.9,338,0.7117525274902334,-1.7616493236768958
2019-06-18 00:00:00,26.8,93,25.6,0.0,63,0.0,1.1,18,-0.3399186938124421,-1.0461621679246689
2019-06-18 01:00:00,26.4,94,25.4,0.0,63,0.0,1.5,315,1.0606601717798214,-1.060660171779821
2019-06-18 02:00:00,26.3,95,25.4,0.0,100,0.0,2.6,254,2.499280409439629,0.7166571251241971
2019-06-18 03:00:00,25.8,98,25.5,0.0,100,0.0,5.6,225,3.9597979746446654,3.9597979746446663
2019-06-18 04:00:00,26.1,98,25.7,0.0,100,0.0,8.5,216,4.996174644486021,6.876644452187053
2019-06-18 05:00:00,26.4,97,25.9,0.0,100,0.0,9.8,186,1.0243789400230043,9.746314574609078
2019-06-18 06:00:00,26.5,97,26.0,0.0,96,6.0,4.6,129,-3.5748714227020666,2.894873798829251
2019-06-18 07:00:00,27.5,92,26.2,0.0,38,34.0,4.7,148,-2.490620541896063,3.985826051935202
2019-06-18 08:00:00,29.1,84,26.0,0.0,29,189.0,5.9,166,-1.4273391840380396,5.72474478502838
2019-06-18 09:00:00,30.2,78,25.9,0.0,28,378.0,8.2,165,-2.1223161698406723,7.920591775570359
2019-06-18 10:00:00,31.0,75,26.0,0.0,29,518.0,9.4,176,-0.65571085319478,9.377102072442348
2019-06-18 11:00:00,31.6,73,26.2,0.0,29,648.0,9.4,182,0.3280552690035084,9.3942737739795
2019-06-18 12:00:00,32.0,72,26.3,0.0,31,732.0,9.3,196,2.563427409098091,8.939733772226367
2019-06-18 13:00:00,32.0,73,26.5,0.0,31,709.0,9.7,202,3.6336839561343455,8.993683389297837
2019-06-18 14:00:00,31.9,74,26.8,0.0,34,656.0,9.5,205,4.014873486536644,8.609923976848176
2019-06-18 15:00:00,31.7,74,26.4,0.0,37,473.0,9.5,205,4.014873486536644,8.609923976848176
2019-06-18 16:00:00,31.4,76,26.6,0.0,50,353.0,10.6,208,4.976398565530443,9.359244484304623
2019-06-18 17:00:00,30.5,80,26.7,0.4,61,165.0,8.9,212,4.716281451675523,7.547628055792193
2019-06-18 18:00:00,29.8,83,26.7,0.0,60,43.0,4.4,235,3.604268994871563,2.523736319944604
2019-06-18 19:00:00,29.2,84,26.2,0.0,67,5.0,5.9,169,-1.1257730727216153,5.791600382341218
2019-06-18 20:00:00,28.5,87,26.1,0.0,48,0.0,7.1,150,-3.5499999999999994,6.148780366869515
2019-06-18 21:00:00,28.1,87,25.8,0.0,28,0.0,7.0,145,-4.0150350544573215,5.734064310022943
2019-06-18 22:00:00,27.8,87,25.5,0.0,28,0.0,8.2,139,-5.379684037722159,6.18861855782673
2019-06-18 23:00:00,27.5,88,25.2,0.0,26,0.0,8.9,153,-4.040515447681967,7.929958065276474
2019-06-19 00:00:00,27.2,88,25.1,0.0,24,0.0,8.7,173,-1.0602632876247835,8.6351515192795
2019-06-19 01:00:00,26.9,90,25.1,0.0,21,0.0,8.4,170,-1.4586446924022145,8.272385125302547
2019-06-19 02:00:00,26.9,89,24.9,0.0,23,0.0,8.1,167,-1.822103540185308,7.892397524760404
2019-06-19 03:00:00,26.7,89,24.7,0.0,34,0.0,8.7,163,-2.543633831087808,8.31985137687841
2019-06-19 04:00:00,26.5,89,24.4,0.0,36,0.0,7.7,152,-3.6149310334513594,6.798696465013738
2019-06-19 05:00:00,26.5,87,24.1,0.0,41,0.0,7.8,146,-4.361704647071826,6.466493065929325
2019-06-19 06:00:00,26.5,87,24.1,0.0,46,9.0,6.9,137,-4.70578868443124,5.046340541172277
2019-06-19 07:00:00,27.8,83,24.7,0.0,48,103.0,7.7,139,-5.051654523226906,5.811263767715345
2019-06-19 08:00:00,29.2,78,24.9,0.0,39,252.0,7.7,152,-3.6149310334513594,6.798696465013738
2019-06-19 09:00:00,30.0,76,25.3,0.0,21,443.0,8.5,168,-1.767249371950954,8.314254606237348
2019-06-19 10:00:00,30.8,73,25.4,0.0,22,583.0,8.7,187,1.0602632876247815,8.635151519279502
2019-06-19 11:00:00,31.2,71,25.3,0.0,38,627.0,9.5,205,4.014873486536644,8.609923976848176
2019-06-19 12:00:00,31.6,70,25.4,0.2,49,758.0,10.0,221,6.56059028990507,7.547095802227721
2019-06-19 13:00:00,31.5,71,25.6,0.2,45,646.0,10.3,234,8.332875042061959,6.0541880986124745
2019-06-19 14:00:00,31.5,73,26.0,0.0,72,612.0,10.8,244,9.706975700031002,4.73440838532204
2019-06-19 15:00:00,30.8,76,26.0,0.2,44,446.0,9.6,250,9.02104915954472,3.283393375926418
2019-06-19 16:00:00,30.7,76,26.0,0.0,45,399.0,9.3,254,8.939733772226367,2.56342740909809
2019-06-19 17:00:00,30.5,77,25.9,0.1,49,243.0,8.3,265,8.268415994161488,0.7233926648055635
2019-06-19 18:00:00,29.9,80,26.2,0.0,46,95.0,5.8,300,5.022947341949744,-2.9000000000000004
2019-06-19 19:00:00,29.3,84,26.3,0.0,40,7.0,5.9,308,4.649263446279659,-3.6324027044213856
2019-06-19 20:00:00,28.9,86,26.4,0.0,32,0.0,0.4,90,-0.4,-2.4492935982947065e-17
2019-06-19 21:00:00,27.6,92,26.2,0.0,28,0.0,2.6,214,1.4539015490239415,2.1554976886431088
2019-06-19 22:00:00,27.2,92,25.9,0.0,30,0.0,6.7,254,6.440453362786737,1.8467702839738929
2019-06-19 23:00:00,27.1,93,25.9,0.0,29,0.0,6.4,254,6.152074854005242,1.7640790772287929
2019-06-20 00:00:00,26.8,95,26.0,0.0,100,0.0,4.3,204,1.7489675652259409,3.928245467863184
2019-06-20 01:00:00,26.5,97,25.9,0.0,100,0.0,4.0,175,-0.3486229709906328,3.984778792366982
2019-06-20 02:00:00,26.3,97,25.7,0.0,100,0.0,5.4,160,-1.846908773958612,5.074340152243905
2019-06-20 03:00:00,26.1,97,25.5,0.0,100,0.0,5.8,150,-2.8999999999999995,5.022947341949744
2019-06-20 04:00:00,26.0,97,25.5,0.0,100,0.0,6.1,152,-2.863776532993933,5.385980316439454
2019-06-20 05:00:00,26.0,97,25.5,0.0,41,0.0,5.8,173,-0.7068421917498557,5.756767679519667
2019-06-20 06:00:00,26.2,97,25.7,0.0,91,2.0,2.2,270,2.2,4.0413344371862655e-16
2019-06-20 07:00:00,27.3,96,26.5,0.0,57,20.0,1.5,194,0.3628828433995013,1.4554435894139948
2019-06-20 08:00:00,28.6,88,26.4,0.1,41,103.0,2.9,210,1.4500000000000002,2.511473670974872
2019-06-20 09:00:00,29.7,80,26.0,0.3,47,291.0,6.1,242,5.385980316439454,2.863776532993933
2019-06-20 10:00:00,30.2,76,25.6,0.2,52,428.0,7.9,254,7.593967397912721,2.1775351109542918
2019-06-20 11:00:00,30.6,77,26.0,0.1,54,681.0,8.2,255,7.92059177557036,2.122316169840669
2019-06-20 12:00:00,31.0,74,25.9,0.0,59,614.0,8.1,257,7.892397524760404,1.8221035401853083
2019-06-20 13:00:00,31.2,73,25.9,0.0,59,624.0,7.3,250,6.859756131737131,2.49674704627738
2019-06-20 14:00:00,31.1,74,25.9,0.0,48,468.0,7.3,250,6.859756131737131,2.49674704627738
2019-06-20 15:00:00,31.2,70,25.1,0.0,45,560.0,7.0,249,6.535062985480412,2.508575646817105
2019-06-20 16:00:00,31.0,70,25.0,0.0,35,418.0,6.4,254,6.152074854005242,1.7640790772287929
2019-06-20 17:00:00,30.6,73,25.2,0.0,29,254.0,5.7,252,5.421022142882375,1.7613968679372012
2019-06-20 18:00:00,30.0,76,25.4,0.0,27,111.0,5.5,259,5.398949508962152,1.0494494745709957
2019-06-20 19:00:00,29.4,80,25.6,0.0,28,11.0,4.4,235,3.604268994871563,2.523736319944604
2019-06-20 20:00:00,28.5,85,25.7,0.0,26,0.0,4.1,195,1.0611580849203353,3.96029588778518
2019-06-20 21:00:00,28.0,87,25.6,0.0,25,0.0,6.7,164,-1.8467702839738949,6.440453362786736
2019-06-20 22:00:00,27.7,89,25.7,0.0,25,0.0,7.9,164,-2.177535110954294,7.59396739791272
2019-06-20 23:00:00,27.4,90,25.7,0.0,24,0.0,8.6,165,-2.2258437878816806,8.306962106085987
2019-06-21 00:00:00,27.0,92,25.6,0.0,18,0.0,9.0,164,-2.480736202352993,8.65135526344487
2019-06-21 01:00:00,26.6,93,25.4,0.0,23,0.0,9.3,164,-2.563427409098093,8.939733772226367
2019-06-21 02:00:00,26.5,93,25.4,0.0,32,0.0,8.7,175,-0.7582549619046263,8.666893873398186
2019-06-21 03:00:00,26.5,92,25.0,0.0,33,0.0,8.4,173,-1.0237024846032394,8.337387673787106
2019-06-21 04:00:00,26.3,92,24.9,0.0,39,0.0,7.4,166,-1.790222027437541,7.180188374442374
2019-06-21 05:00:00,26.1,92,24.7,0.0,47,0.0,7.0,159,-2.5085756468171017,6.535062985480412
2019-06-21 06:00:00,26.2,90,24.5,0.0,46,11.0,4.0,180,-4.898587196589413e-16,4.0
2019-06-21 07:00:00,27.4,85,24.6,0.0,30,81.0,4.4,189,0.6883116461770152,4.345828698618607
2019-06-21 08:00:00,28.3,80,24.5,0.0,45,185.0,5.2,192,1.0811407922523495,5.086367523815789
2019-06-21 09:00:00,29.0,80,25.3,0.0,48,329.0,6.0,197,1.7542302283364206,5.737828535778212
2019-06-21 10:00:00,29.8,78,25.6,0.0,75,549.0,8.2,218,5.048424097670397,6.46168817957512
2019-06-21 11:00:00,30.2,77,25.7,0.0,59,488.0,9.3,234,7.52385804768701,5.466402846320002
2019-06-21 12:00:00,30.8,75,25.9,0.0,54,746.0,8.9,249,8.308865795825096,3.1894747509531767
2019-06-21 13:00:00,30.6,77,26.0,0.1,50,591.0,8.0,252,7.608452130361228,2.4721359549995805
2019-06-21 14:00:00,30.7,77,26.2,0.2,40,547.0,8.7,232,6.8556935563784815,5.356254835333225
2019-06-21 15:00:00,31.0,72,25.3,0.0,46,427.0,9.7,222,6.490566881680924,7.208504807130724
2019-06-21 16:00:00,30.9,72,25.3,0.0,46,403.0,9.4,223,6.410784584587485,6.874724795220204
2019-06-21 17:00:00,30.5,74,25.4,0.0,42,230.0,7.7,217,4.633975678270772,6.149493427364155
2019-06-21 18:00:00,30.2,75,25.3,0.0,41,83.0,4.1,232,3.2308440897875603,2.524212048835198
2019-06-21 19:00:00,29.6,77,25.2,0.0,38,5.0,6.2,173,-0.7555899291119148,6.153786140176196
2019-06-21 20:00:00,29.0,80,25.3,0.0,31,0.0,7.2,177,-0.3768188849491954,7.190132650232932
2019-06-21 21:00:00,28.5,83,25.4,0.0,34,0.0,8.3,178,-0.2896658226307595,8.294943864258496
2019-06-21 22:00:00,28.2,86,25.6,0.0,31,0.0,8.0,172,-1.1133848076805226,7.922144549932563
2019-06-21 23:00:00,27.8,88,25.7,0.0,40,0.0,7.9,180,-9.67470971326409e-16,7.9
2019-06-22 00:00:00,27.5,90,25.8,0.0,45,0.0,8.0,172,-1.1133848076805226,7.922144549932563
2019-06-22 01:00:00,27.2,92,25.8,0.0,59,0.0,8.1,167,-1.822103540185308,7.892397524760404
2019-06-22 02:00:00,27.0,93,25.8,0.0,59,0.0,8.2,165,-2.1223161698406723,7.920591775570359
2019-06-22 03:00:00,27.0,87,24.7,0.0,64,0.0,8.1,159,-2.902780391316932,7.562001454627333
2019-06-22 04:00:00,27.0,85,24.3,0.0,66,0.0,7.9,164,-2.177535110954294,7.59396739791272
2019-06-22 05:00:00,27.0,85,24.2,0.0,65,0.0,9.0,182,0.3140954703225081,8.994517443171862
2019-06-22 06:00:00,26.9,88,24.6,0.0,79,2.0,5.9,194,1.4273391840380385,5.72474478502838
2019-06-22 07:00:00,27.9,85,25.0,0.0,100,36.0,5.8,180,-7.10295143505465e-16,5.8
2019-06-22 08:00:00,28.6,80,24.9,0.3,73,102.0,5.7,162,-1.7613968679372007,5.421022142882375
2019-06-22 09:00:00,29.1,79,25.2,0.2,54,210.0,6.4,153,-2.9055391983331003,5.702441754805554
2019-06-22 10:00:00,29.6,78,25.3,0.0,41,211.0,7.5,163,-2.1927877854205247,7.172285669722767
2019-06-22 11:00:00,30.3,75,25.3,0.0,42,345.0,8.7,185,0.758254961904624,8.666893873398186
2019-06-22 12:00:00,30.8,72,25.2,0.0,41,475.0,8.8,199,2.86499975922298,8.320563465273988
2019-06-22 13:00:00,31.0,72,25.2,0.1,54,405.0,9.0,217,5.416335208368436,7.187719590425635
2019-06-22 14:00:00,30.9,72,25.3,0.2,50,335.0,9.7,222,6.490566881680924,7.208504807130724
2019-06-22 15:00:00,31.0,72,25.5,0.0,59,266.0,10.2,219,6.419067988708343,7.926888806861101
2019-06-22 16:00:00,30.2,76,25.5,0.3,57,185.0,10.2,225,7.212489168102784,7.212489168102786
2019-06-22 17:00:00,30.0,79,25.9,0.0,59,58.0,8.2,232,6.461688179575121,5.048424097670396
2019-06-22 18:00:00,29.8,80,26.0,0.0,58,16.0,3.3,229,2.490541614735148,2.1649947956686737
2019-06-22 19:00:00,29.2,82,25.9,0.0,42,1.0,5.8,176,-0.404587547715928,5.78587149150698
2019-06-22 20:00:00,28.7,85,25.8,0.0,42,0.0,7.1,165,-1.837615220227899,6.858073366652384
2019-06-22 21:00:00,28.3,86,25.8,0.0,38,0.0,7.9,180,-9.67470971326409e-16,7.9
2019-06-22 22:00:00,28.1,87,25.7,0.0,39,0.0,9.1,171,-1.423553631866102,8.987963899415753
2019-06-22 23:00:00,27.8,87,25.5,0.0,40,0.0,10.7,160,-3.659615533584657,10.05471104240922
2019-06-23 00:00:00,27.6,87,25.2,0.0,40,0.0,11.1,155,-4.691062705321764,10.060016436106814
2019-06-23 01:00:00,27.5,86,24.9,0.0,41,0.0,11.2,159,-4.013721034907362,10.45610077676866
2019-06-23 02:00:00,27.3,86,24.7,0.1,44,0.0,11.2,165,-2.8987733051482354,10.818369254437563
2019-06-23 03:00:00,27.3,85,24.6,0.0,46,0.0,11.0,169,-2.0988989491419945,10.797899017924305
2019-06-23 04:00:00,27.1,86,24.6,0.0,54,0.0,9.4,173,-1.1455718280083869,9.329933825428428
2019-06-23 05:00:00,26.8,88,24.7,0.1,70,0.0,8.7,185,0.758254961904624,8.666893873398186
2019-06-23 06:00:00,26.7,89,24.8,0.0,61,1.0,7.2,177,-0.3768188849491954,7.190132650232932
2019-06-23 07:00:00,27.3,87,24.9,0.0,69,17.0,8.5,152,-3.990508283680071,7.505054539300879
2019-06-23 08:00:00,27.9,85,25.1,0.0,45,42.0,10.0,150,-4.999999999999999,8.660254037844387
2019-06-23 09:00:00,28.5,84,25.4,0.2,42,75.0,9.2,159,-3.2969851358167617,8.588939923774255
2019-06-23 10:00:00,28.8,82,25.4,0.2,41,82.0,7.2,174,-0.7526049355271069,7.160557646651568
2019-06-23 11:00:00,29.4,79,25.4,0.2,55,119.0,4.9,197,1.4326213531414105,4.685893304218874
2019-06-23 12:00:00,30.2,76,25.5,0.1,46,297.0,5.0,201,1.7918397477265022,4.667902132486009
2019-06-23 13:00:00,29.8,78,25.6,1.2,56,401.0,7.1,210,3.5500000000000007,6.148780366869514
2019-06-23 14:00:00,29.5,81,25.8,1.3,96,285.0,8.7,225,6.151828996322962,6.151828996322965
2019-06-23 15:00:00,29.6,77,25.2,0.2,71,113.0,7.1,204,2.887830165838181,6.486172749262466
2019-06-23 16:00:00,29.5,77,25.1,0.0,47,62.0,6.3,167,-1.4171916423663506,6.1385314081469815
2019-06-23 17:00:00,29.5,77,25.0,0.0,40,20.0,5.4,143,-3.2498011250210603,4.312631754255382
2019-06-23 18:00:00,29.4,77,25.0,0.0,33,0.0,4.7,99,-4.642135200797148,0.7352419856890848
2019-06-23 19:00:00,28.9,82,25.4,0.0,33,0.0,7.6,95,-7.571079705497266,0.6623836448822026
2019-06-23 20:00:00,28.4,83,25.2,0.0,32,0.0,5.5,122,-4.664264528860343,2.914555953282626
2019-06-23 21:00:00,28.0,86,25.5,0.0,32,0.0,2.5,180,-3.061616997868383e-16,2.5
2019-06-23 22:00:00,27.8,89,25.7,0.0,32,0.0,4.5,194,1.0886485301985038,4.366330768241984
2019-06-23 23:00:00,27.6,90,25.8,0.0,32,0.0,6.6,189,1.032467469265523,6.518743047927909
2019-06-24 00:00:00,27.2,91,25.6,0.4,32,0.0,8.1,201,2.902780391316933,7.562001454627333
2019-06-24 01:00:00,26.9,92,25.5,0.4,36,0.0,7.8,193,1.7546182238821468,7.600086505324834
2019-06-24 02:00:00,26.5,93,25.3,0.4,39,0.0,7.2,177,-0.3768188849491954,7.190132650232932
2019-06-24 03:00:00,27.3,84,24.3,0.0,38,0.0,7.2,174,-0.7526049355271069,7.160557646651568
2019-06-24 04:00:00,27.2,83,24.0,0.1,47,0.0,7.6,188,1.057715567296498,7.526037322435934
2019-06-24 05:00:00,26.9,85,24.3,0.1,51,0.0,7.6,185,0.6623836448822004,7.571079705497266
2019-06-24 06:00:00,26.6,89,24.6,0.2,65,0.0,1.6,153,-0.7263847995832751,1.4256104387013886
2019-06-24 07:00:00,27.0,88,24.9,0.4,71,2.0,2.9,83,-2.8783838397598336,-0.3534210958749277
2019-06-24 08:00:00,27.3,84,24.5,0.6,79,18.0,3.1,54,-2.5079526825623373,-1.8221342821066668
2019-06-24 09:00:00,27.3,86,24.8,0.7,80,45.0,3.8,17,-1.1110124779463997,-3.633958072659535
2019-06-24 10:00:00,27.6,85,24.8,0.5,95,42.0,6.2,350,1.0766187015349684,-6.10580806867569
2019-06-24 11:00:00,28.1,84,25.1,0.3,93,27.0,4.7,4,-0.3278554265973889,-4.688551036221174
2019-06-24 12:00:00,28.7,82,25.3,0.2,93,92.0,3.2,333,1.4527695991665504,-2.851220877402777
2019-06-24 13:00:00,29.1,80,25.4,0.3,94,76.0,4.8,297,4.2768313161041664,-2.179154398749824
2019-06-24 14:00:00,29.0,81,25.5,0.8,88,25.0,4.3,294,3.9282454678631846,-1.7489675652259389
2019-06-24 15:00:00,28.2,81,24.7,1.1,89,0.0,1.5,284,1.4554435894139948,-0.3628828433995011
2019-06-24 16:00:00,28.2,83,25.1,0.8,94,0.0,1.3,124,-1.0777488443215544,0.7269507745119708
2019-06-24 17:00:00,28.2,83,25.1,0.5,88,2.0,2.5,180,-3.061616997868383e-16,2.5
2019-06-24 18:00:00,27.7,91,26.1,0.6,100,0.0,4.3,336,1.7489675652259409,-3.928245467863184
2019-06-24 19:00:00,28.1,83,24.9,0.5,89,0.0,5.4,8,-0.7515347451843534,-5.34744757120448
2019-06-24 20:00:00,28.0,84,24.9,0.4,92,0.0,5.8,360,1.4205902870109297e-15,-5.8
2019-06-24 21:00:00,28.0,84,25.0,0.0,89,0.0,5.4,8,-0.7515347451843534,-5.34744757120448
2019-06-24 22:00:00,26.9,90,25.2,0.0,89,0.0,5.1,8,-0.7097828148963337,-5.050367150582009
2019-06-24 23:00:00,27.0,90,25.2,0.0,87,0.0,3.5,336,1.4235782507653003,-3.1974091017491038
2019-06-25 00:00:00,27.1,90,25.3,0.0,89,0.0,5.2,282,5.086367523815789,-1.081140792252349
2019-06-25 01:00:00,27.0,91,25.5,0.0,88,0.0,2.9,277,2.8783838397598336,-0.3534210958749282
2019-06-25 02:00:00,26.9,92,25.4,0.0,84,0.0,1.8,233,1.437543918085127,1.083267041673687
2019-06-25 03:00:00,27.5,85,24.8,0.0,74,0.0,3.2,243,2.851220877402777,1.45276959916655
2019-06-25 04:00:00,27.5,84,24.6,0.0,61,0.0,1.0,225,0.7071067811865475,0.7071067811865477
2019-06-25 05:00:00,26.9,86,24.4,0.0,53,0.0,3.1,111,-2.8940993221413254,1.1109406435904308
2019-06-25 06:00:00,25.7,92,24.2,0.4,60,4.0,2.5,8,-0.3479327524001636,-2.475670171853926
2019-06-25 07:00:00,26.8,88,24.6,0.2,58,26.0,2.5,8,-0.3479327524001636,-2.475670171853926
2019-06-25 08:00:00,27.3,85,24.5,0.0,76,52.0,1.4,270,1.4,2.571758278209441e-16
2019-06-25 09:00:00,28.0,82,24.6,0.0,90,64.0,6.5,214,3.6347538725598536,5.388744221607771
2019-06-25 10:00:00,28.7,79,24.6,0.0,85,135.0,9.5,191,1.8126854560771748,9.325458242752807
2019-06-25 11:00:00,29.6,75,24.6,0.0,98,201.0,11.3,187,1.3771235804781647,11.21577151354694
2019-06-25 12:00:00,30.1,72,24.5,0.2,97,184.0,12.6,183,0.6594330486610889,12.58273213790763
2019-06-25 13:00:00,30.0,73,24.7,0.2,90,153.0,13.1,189,2.0492914920270224,12.938717261796304
2019-06-25 14:00:00,29.4,77,24.8,0.2,84,19.0,14.5,207,6.582862246223426,12.919594600731337
2019-06-25 15:00:00,28.6,83,25.3,0.8,100,19.0,14.1,220,9.063305296580204,10.80122664797759
2019-06-25 16:00:00,27.8,89,25.7,0.8,100,11.0,15.2,211,7.828578738632823,13.028942970672109
2019-06-25 17:00:00,27.3,89,25.3,1.0,100,5.0,13.2,209,6.399486987251647,11.544980134240024
2019-06-25 18:00:00,27.3,89,25.3,0.9,91,0.0,6.2,201,2.221881287180863,5.788198644282651
2019-06-25 19:00:00,27.0,90,25.2,0.5,80,0.0,4.3,204,1.7489675652259409,3.928245467863184
2019-06-25 20:00:00,26.8,91,25.2,0.5,86,0.0,4.4,189,0.6883116461770152,4.345828698618607
2019-06-25 21:00:00,26.6,92,25.2,0.6,100,0.0,7.2,198,2.2249223594996206,6.847606917325106
2019-06-25 22:00:00,26.6,92,25.2,0.7,89,0.0,6.9,186,0.7212463965468092,6.862201078041086
2019-06-25 23:00:00,26.5,92,25.1,0.5,92,0.0,7.9,177,-0.4134540543192561,7.889173324561134
2019-06-26 00:00:00,26.3,93,25.0,0.6,90,0.0,6.8,162,-2.101315561749643,6.467184310807044
2019-06-26 01:00:00,26.1,93,24.8,0.8,91,0.0,4.8,138,-3.21182691052252,3.567095162291492
2019-06-26 02:00:00,26.0,92,24.6,0.9,90,0.0,5.4,132,-4.012982057577929,3.613305274337834
2019-06-26 03:00:00,25.9,90,24.2,2.0,86,0.0,6.1,130,-4.6728711030257655,3.92100441908789
2019-06-26 04:00:00,25.8,88,23.6,1.8,94,0.0,7.4,129,-5.750880114781586,4.656970893768796
2019-06-26 05:00:00,25.5,87,23.1,1.3,100,0.0,6.3,149,-3.2447398719333425,5.400153994423307
2019-06-26 06:00:00,25.2,88,23.0,1.1,100,0.0,4.9,126,-3.9641832724372423,2.880147736233118
2019-06-26 07:00:00,25.2,89,23.3,1.6,100,1.0,6.8,148,-3.603450996785793,5.766727053863696
2019-06-26 08:00:00,25.7,89,23.8,1.6,100,23.0,8.7,163,-2.543633831087808,8.31985137687841
2019-06-26 09:00:00,26.0,89,24.0,1.7,100,34.0,6.8,198,2.101315561749641,6.467184310807045
2019-06-26 10:00:00,26.3,89,24.3,1.4,100,16.0,7.8,202,2.921931428644114,7.232034065620942
2019-06-26 11:00:00,26.5,88,24.3,0.8,100,14.0,8.0,190,1.3891854213354438,7.878462024097664
2019-06-26 12:00:00,26.7,87,24.4,1.2,100,21.0,9.8,174,-1.0243789400230068,9.746314574609078
2019-06-26 13:00:00,27.1,85,24.4,0.7,98,45.0,10.4,180,-1.2736326711132477e-15,10.4
2019-06-26 14:00:00,27.5,83,24.5,0.2,89,22.0,10.1,180,-1.2368932671388266e-15,10.1
2019-06-26 15:00:00,28.0,80,24.3,0.3,85,117.0,9.3,196,2.563427409098091,8.939733772226367
2019-06-26 16:00:00,28.4,79,24.4,0.1,64,206.0,7.9,177,-0.4134540543192561,7.889173324561134
2019-06-26 17:00:00,27.9,81,24.3,0.2,52,106.0,9.4,176,-0.65571085319478,9.377102072442348
2019-06-26 18:00:00,27.4,84,24.5,0.3,40,33.0,5.9,191,1.125773072721614,5.791600382341218
2019-06-26 19:00:00,26.9,86,24.4,0.0,32,4.0,9.0,196,2.480736202352991,8.65135526344487
2019-06-26 20:00:00,26.7,87,24.3,0.0,51,0.0,9.8,172,-1.3638963894086402,9.70462707366739
2019-06-26 21:00:00,26.5,88,24.4,0.0,53,0.0,10.5,153,-4.766900247265242,9.355568503977862
2019-06-26 22:00:00,25.9,91,24.4,0.4,50,0.0,11.6,158,-4.345436483624582,10.755332712974733
2019-06-26 23:00:00,25.7,91,24.2,0.9,44,0.0,13.9,163,-4.063966695646039,13.292636107886194
2019-06-27 00:00:00,25.8,91,24.2,0.0,36,0.0,13.6,169,-2.595002337121012,13.35012969488823
2019-06-27 01:00:00,25.8,91,24.2,0.0,32,0.0,13.1,171,-2.049291492027026,12.938717261796302
2019-06-27 02:00:00,25.8,91,24.2,0.0,36,0.0,12.4,170,-2.1532374030699355,12.21161613735138
2019-06-27 03:00:00,26.2,86,23.7,0.0,37,0.0,11.9,166,-2.8788705576360463,11.54651914268436
2019-06-27 04:00:00,25.5,89,23.5,0.5,91,0.0,12.0,164,-3.30764826980399,11.535140351259829
2019-06-27 05:00:00,25.1,91,23.6,0.6,60,0.0,13.4,172,-1.8649195528648757,13.269592121137045
2019-06-27 06:00:00,25.2,92,23.8,0.0,93,4.0,11.7,189,1.8302832409706995,11.555953584963111
2019-06-27 07:00:00,25.6,91,24.0,0.4,100,29.0,11.5,180,-1.4083438190194562e-15,11.5
2019-06-27 08:00:00,26.2,88,24.1,0.7,100,54.0,10.2,157,-3.985457510590592,9.389149505214892
2019-06-27 09:00:00,26.9,85,24.2,0.4,100,123.0,9.7,132,-7.208504807130724,6.490566881680924
2019-06-27 10:00:00,27.8,82,24.4,0.3,93,182.0,9.1,146,-5.0886554215837965,7.544241910250879
2019-06-27 11:00:00,28.4,80,24.7,0.4,100,306.0,10.2,157,-3.985457510590592,9.389149505214892
2019-06-27 12:00:00,28.5,81,24.9,0.3,88,205.0,11.0,161,-3.5812496990287226,10.400704331592486
2019-06-27 13:00:00,28.5,83,25.2,0.5,91,240.0,14.3,168,-2.973137178693958,13.987510690493425
2019-06-27 14:00:00,28.6,83,25.5,0.8,100,266.0,14.7,169,-2.8048922320352108,14.42991959668066
2019-06-27 15:00:00,28.3,83,25.0,1.0,100,98.0,14.6,170,-2.535263393937182,14.378193193978236
2019-06-27 16:00:00,28.1,84,25.2,0.3,43,28.0,11.7,169,-2.232465245905576,11.485038046337667
2019-06-27 17:00:00,28.2,84,25.3,0.0,55,29.0,13.1,172,-1.823167622576856,12.972511700514572
2019-06-27 18:00:00,27.8,86,25.3,0.0,61,26.0,11.9,177,-0.6227978792910314,11.88369146357943
2019-06-27 19:00:00,27.4,87,25.0,0.0,48,3.0,13.7,166,-3.314329969715448,13.293051449981151
2019-06-27 20:00:00,27.1,88,25.0,0.0,45,0.0,11.6,164,-3.19739332747719,11.1506356728845
2019-06-27 21:00:00,26.9,89,24.9,0.1,34,0.0,13.2,163,-3.859306502340123,12.62322277871207
2019-06-27 22:00:00,26.9,88,24.8,0.0,34,0.0,12.2,161,-3.9719314843773104,11.535326622311665
2019-06-27 23:00:00,26.6,89,24.7,0.0,32,0.0,12.1,170,-2.1011429497698564,11.916173811447717
2019-06-28 00:00:00,26.5,89,24.5,0.0,36,0.0,11.9,175,-1.0371533386971326,11.854716907291772
2019-06-28 01:00:00,26.3,90,24.5,0.0,35,0.0,11.9,180,-1.4573296909853504e-15,11.9
2019-06-28 02:00:00,26.1,91,24.6,0.0,54,0.0,11.5,178,-0.4013442120787631,11.4929945107196
2019-06-28 03:00:00,26.2,91,24.7,0.0,50,0.0,8.4,170,-1.4586446924022145,8.272385125302547
2019-06-28 04:00:00,26.0,92,24.6,0.2,95,0.0,6.9,171,-1.0793978087775935,6.81504955010645
2019-06-28 05:00:00,25.6,94,24.6,0.2,93,0.0,7.8,167,-1.7546182238821486,7.600086505324834
2019-06-28 06:00:00,25.7,94,24.7,0.1,100,5.0,7.1,156,-2.887830165838183,6.486172749262465
2019-06-28 07:00:00,26.5,91,24.9,0.0,100,41.0,8.7,156,-3.5386087947594635,7.947845481490626
2019-06-28 08:00:00,27.7,87,25.3,0.0,93,195.0,11.8,157,-4.610627316173431,10.861957270738795
2019-06-28 09:00:00,28.5,84,25.6,0.0,24,343.0,11.4,167,-2.5644420195200635,11.10781873855168
2019-06-28 10:00:00,29.4,79,25.4,0.0,26,413.0,10.5,188,1.461317560080688,10.397814721786489
2019-06-28 11:00:00,30.1,76,25.5,0.0,16,505.0,13.4,204,5.450271017215723,12.241509132410853
2019-06-28 12:00:00,30.7,74,25.5,0.1,24,641.0,15.6,203,6.095405604432667,14.35987571385807
2019-06-28 13:00:00,30.6,75,25.7,0.3,35,552.0,17.0,197,4.970318980286525,16.2571808513716
2019-06-28 14:00:00,30.5,76,25.8,0.1,67,457.0,17.3,197,5.058030491703346,16.544072278160513
2019-06-28 15:00:00,30.3,81,26.7,0.1,100,372.0,17.5,199,5.697442703000244,16.54657507298804
2019-06-28 16:00:00,29.5,82,26.1,1.2,73,270.0,15.2,194,3.677212813114946,14.748495039395143
2019-06-28 17:00:00,29.0,85,26.3,0.5,59,83.0,11.3,189,1.7677094549546073,11.160878248725057
2019-06-28 18:00:00,28.4,86,25.9,0.4,56,53.0,7.6,180,-9.307315673519883e-16,7.6
2019-06-28 19:00:00,28.1,88,25.9,0.0,57,2.0,6.5,161,-2.1161930039715178,6.14587074139556
2019-06-28 20:00:00,27.8,89,25.9,0.0,44,0.0,8.8,168,-1.829622879196282,8.607698886457491
2019-06-28 21:00:00,27.6,90,25.8,0.0,29,0.0,8.2,165,-2.1223161698406723,7.920591775570359
2019-06-28 22:00:00,27.4,90,25.7,0.0,24,0.0,9.2,159,-3.2969851358167617,8.588939923774255
2019-06-28 23:00:00,27.2,91,25.6,0.0,21,0.0,10.1,163,-2.95295421769964,9.65867803522666
2019-06-29 00:00:00,26.8,92,25.4,0.0,9,0.0,12.4,172,-1.72574645190481,12.279324052395474
2019-06-29 01:00:00,26.7,92,25.3,0.0,11,0.0,13.8,174,-1.4424927930936216,13.724402156082173
2019-06-29 02:00:00,26.5,93,25.2,0.0,11,0.0,13.8,173,-1.681796938991036,13.697136892650244
2019-06-29 03:00:00,26.7,93,25.4,0.0,11,0.0,12.8,169,-2.442355140819776,12.5648279481301
2019-06-29 04:00:00,26.6,93,25.3,0.0,15,0.0,10.0,165,-2.58819045102521,9.65925826289068
2019-06-29 05:00:00,26.6,92,25.1,0.0,18,0.0,9.8,156,-3.9860191021428446,8.952745484897488
2019-06-29 06:00:00,26.6,91,25.0,0.0,17,6.0,9.5,151,-4.605691392340203,8.30888721782426
2019-06-29 07:00:00,27.4,89,25.4,0.0,20,69.0,9.9,161,-3.2231247291258502,9.360633898433235
2019-06-29 08:00:00,28.4,84,25.5,0.0,26,180.0,10.9,172,-1.516986800464712,10.793921949283115
2019-06-29 09:00:00,29.4,82,25.9,0.0,19,401.0,10.8,176,-0.7533699164365557,10.773691742806102
2019-06-29 10:00:00,30.0,79,26.0,0.0,23,429.0,10.5,188,1.461317560080688,10.397814721786489
2019-06-29 11:00:00,30.4,77,25.9,0.2,55,580.0,12.0,201,4.300415394543605,11.20296511796642
2019-06-29 12:00:00,30.3,80,26.4,0.2,92,442.0,12.9,207,5.856477446640152,11.493984162029946
2019-06-29 13:00:00,30.2,79,26.2,0.2,100,380.0,10.3,192,2.1414904154229237,10.074920287558198
2019-06-29 14:00:00,29.7,80,25.9,0.5,59,405.0,10.0,193,2.249510543438649,9.743700647852352
2019-06-29 15:00:00,30.3,79,26.2,0.0,100,363.0,8.0,198,2.4721359549995783,7.608452130361229
2019-06-29 16:00:00,30.5,77,26.0,0.0,100,282.0,8.6,195,2.225843787881679,8.306962106085987
2019-06-29 17:00:00,29.6,80,25.9,0.9,92,92.0,10.1,180,-1.2368932671388266e-15,10.1
2019-06-29 18:00:00,28.8,84,25.8,0.0,40,33.0,8.3,175,-0.7233926648055631,8.268415994161488
2019-06-29 19:00:00,28.1,87,25.6,0.0,43,3.0,8.7,142,-5.356254835333227,6.85569355637848
2019-06-29 20:00:00,27.6,88,25.5,0.0,39,0.0,8.8,161,-2.8649997592229783,8.320563465273988
2019-06-29 21:00:00,27.5,89,25.5,0.0,35,0.0,11.6,173,-1.4136843834997117,11.513535359039334
2019-06-29 22:00:00,27.7,88,25.5,0.0,34,0.0,11.9,178,-0.4153040107597636,11.89275084152724
2019-06-29 23:00:00,27.6,89,25.6,0.0,30,0.0,13.0,186,1.3588700224794954,12.928784639787551
2019-06-30 00:00:00,27.7,89,25.7,0.0,31,0.0,13.8,186,1.4424927930936184,13.724402156082173
2019-06-30 01:00:00,27.5,90,25.7,0.0,32,0.0,13.3,182,0.464163306143262,13.291897999353974
2019-06-30 02:00:00,27.3,91,25.7,0.0,32,0.0,13.4,186,1.4006814077865568,13.326593397934865
2019-06-30 03:00:00,27.4,90,25.7,0.0,34,0.0,13.5,189,2.111865278043114,13.33379259803436
2019-06-30 04:00:00,27.4,90,25.6,0.0,57,0.0,13.7,185,1.1940336756429135,13.647867363856914
2019-06-30 05:00:00,27.3,90,25.4,0.0,44,0.0,11.2,186,1.170718788597719,11.13864522812466
2019-06-30 06:00:00,27.3,90,25.6,0.0,45,7.0,9.4,182,0.3280552690035084,9.3942737739795
2019-06-30 07:00:00,28.0,88,25.8,0.0,44,69.0,10.1,180,-1.2368932671388266e-15,10.1
2019-06-30 08:00:00,28.9,83,25.6,0.0,46,194.0,10.1,186,1.0557374790033005,10.04467114321956
2019-06-30 09:00:00,29.8,79,25.8,0.0,51,418.0,11.3,189,1.7677094549546073,11.160878248725057
2019-06-30 10:00:00,30.3,77,25.9,0.2,50,512.0,14.9,187,1.815853216736695,14.7889376594557
2019-06-30 11:00:00,30.2,80,26.3,0.2,43,522.0,17.0,186,1.7769838755501095,16.906872221260645
2019-06-30 12:00:00,29.7,81,26.1,1.7,66,301.0,16.7,187,2.03521803486596,16.575520732410077
2019-06-30 13:00:00,29.2,84,26.1,0.3,100,137.0,16.9,181,0.2949456687900934,16.89742604814301
2019-06-30 14:00:00,29.1,85,26.4,0.5,100,239.0,16.8,170,-2.917289384804429,16.544770250605094
2019-06-30 15:00:00,29.4,83,26.2,0.6,62,239.0,15.5,176,-1.0812253430339456,15.462242779027276
2019-06-30 16:00:00,29.3,81,25.7,0.3,54,120.0,13.8,173,-1.681796938991036,13.697136892650244
2019-06-30 17:00:00,29.2,81,25.5,0.0,36,88.0,13.0,161,-4.232386007943036,12.29174148279112
2019-06-30 18:00:00,28.9,82,25.5,0.0,34,56.0,8.2,142,-5.048424097670399,6.461688179575119
2019-06-30 19:00:00,28.5,84,25.5,0.0,32,5.0,6.6,139,-4.329989591337347,4.981083229470295
2019-06-30 20:00:00,28.3,85,25.5,0.0,33,0.0,7.6,161,-2.47431797387439,7.185941174554808
2019-06-30 21:00:00,28.1,86,25.6,0.0,28,0.0,9.1,171,-1.423553631866102,8.987963899415753
2019-06-30 22:00:00,27.9,87,25.6,0.0,29,0.0,11.2,165,-2.8987733051482354,10.818369254437563
2019-06-30 23:00:00,27.6,88,25.5,0.0,15,0.0,10.9,171,-1.7051356689385178,10.765802912487
2019-07-01 00:00:00,27.4,89,25.4,0.0,12,0.0,10.5,176,-0.7324429743133181,10.474422527728152
2019-07-01 01:00:00,27.3,90,25.5,0.0,6,0.0,10.1,182,0.352484916695259,10.093847352892867
2019-07-01 02:00:00,27.3,90,25.5,0.0,15,0.0,9.0,180,-1.102182119232618e-15,9.0
2019-07-01 03:00:00,27.7,88,25.6,0.0,28,0.0,4.8,138,-3.21182691052252,3.567095162291492
2019-07-01 04:00:00,27.0,91,25.4,0.0,26,0.0,4.7,99,-4.642135200797148,0.7352419856890848
2019-07-01 05:00:00,26.4,94,25.4,0.0,26,0.0,3.3,41,-2.1649947956686737,-2.490541614735148
2019-07-01 06:00:00,26.8,92,25.4,0.0,23,7.0,4.3,5,-0.3747696938149301,-4.283637201794505
2019-07-01 07:00:00,28.4,87,26.1,0.0,26,107.0,4.7,23,-1.8364363038995868,-4.32637281122647
2019-07-01 08:00:00,29.3,83,26.1,0.0,35,239.0,7.6,19,-2.474317973874391,-7.185941174554808
2019-07-01 09:00:00,30.0,80,26.1,0.0,39,401.0,9.2,11,-1.755442757464212,-9.030970087718508
2019-07-01 10:00:00,30.4,78,26.1,0.0,45,412.0,11.6,5,-1.0110066158728348,-11.555858497864248
2019-07-01 11:00:00,31.0,76,26.2,0.0,46,605.0,12.2,2,-0.4257738597705118,-12.192568089632967
2019-07-01 12:00:00,30.9,77,26.3,0.1,36,504.0,13.3,357,0.6960682180311601,-13.281772812235833
2019-07-01 13:00:00,30.7,77,26.2,0.1,76,366.0,16.2,357,0.8478424911356988,-16.177798463024097
2019-07-01 14:00:00,30.5,79,26.4,0.6,60,391.0,15.5,4,-1.0812253430339422,-15.462242779027276
2019-07-01 15:00:00,30.7,77,26.1,0.1,66,217.0,14.4,360,3.5269827815443773e-15,-14.4
2019-07-01 16:00:00,30.7,76,25.9,0.0,55,257.0,15.2,353,1.8524140197582375,-15.086701504948095
2019-07-01 17:00:00,30.1,79,26.1,0.1,57,109.0,15.0,350,2.604722665003956,-14.77211629518312
2019-07-01 18:00:00,29.6,82,26.1,0.2,53,50.0,12.3,353,1.498992923883311,-12.208317665188265
2019-07-01 19:00:00,28.9,83,25.8,0.2,52,6.0,9.8,6,-1.024378940023004,-9.746314574609078
2019-07-01 20:00:00,28.7,84,25.7,0.0,58,0.0,9.5,9,-1.4861274178821933,-9.38303923565381
2019-07-01 21:00:00,28.5,85,25.8,0.0,50,0.0,6.5,354,0.6794350112397471,-6.4643923198937765
2019-07-01 22:00:00,28.4,86,25.9,0.0,35,0.0,3.7,299,3.236092916415764,-1.793795594911448
2019-07-01 23:00:00,27.3,93,26.1,0.0,54,0.0,1.3,124,-1.0777488443215544,0.7269507745119708
2019-07-02 00:00:00,27.3,92,25.9,0.0,33,0.0,3.9,124,-3.233246532964663,2.180852323535912
2019-07-02 01:00:00,27.5,89,25.6,0.0,29,0.0,4.7,184,0.3278554265973888,4.688551036221174
2019-07-02 02:00:00,26.8,94,25.7,0.0,32,0.0,6.3,193,1.417191642366349,6.1385314081469815
2019-07-02 03:00:00,27.1,92,25.7,0.0,32,0.0,9.4,184,0.6557108531947776,9.377102072442348
2019-07-02 04:00:00,27.2,91,25.6,0.0,59,0.0,12.6,183,0.6594330486610889,12.58273213790763
2019-07-02 05:00:00,27.2,89,25.2,0.0,62,0.0,14.5,187,1.767105479374636,14.39191919879917
2019-07-02 06:00:00,27.0,89,25.1,0.1,91,3.0,14.7,191,2.804892232035207,14.42991959668066
2019-07-02 07:00:00,27.1,89,25.1,0.4,95,50.0,15.6,173,-1.9011617571203017,15.483719965604624
2019-07-02 08:00:00,27.2,87,24.9,0.4,89,39.0,16.9,156,-6.873849267981027,15.438918234159951
2019-07-02 09:00:00,27.5,86,24.9,0.3,79,6.0,18.7,150,-9.349999999999998,16.194675050769003
2019-07-02 10:00:00,27.8,86,25.2,0.3,56,1.0,20.4,163,-5.964382776343826,19.508617021645925
2019-07-02 11:00:00,28.1,84,25.2,0.7,62,64.0,23.1,169,-4.407687793198189,22.67558793764104
2019-07-02 12:00:00,28.6,82,25.3,0.2,59,175.0,24.0,167,-5.398825304252765,23.38488155484564
2019-07-02 13:00:00,28.9,81,25.3,0.1,65,174.0,26.4,169,-5.037357477940787,25.91495764301833
2019-07-02 14:00:00,29.3,79,25.3,0.1,58,142.0,25.8,173,-3.144229059852807,25.60769071234611
2019-07-02 15:00:00,28.7,84,25.8,0.6,79,198.0,26.1,169,-4.980114779327824,25.620469487984032
2019-07-02 16:00:00,28.3,83,25.1,0.5,62,73.0,24.8,171,-3.8795747329977286,24.494670846759416
2019-07-02 17:00:00,27.4,87,25.0,0.6,55,55.0,24.3,168,-5.052254086871551,23.76898669783148
2019-07-02 18:00:00,27.0,90,25.3,0.3,95,8.0,20.5,162,-6.334848384686424,19.49665858405065
2019-07-02 19:00:00,26.5,92,25.1,0.6,100,1.0,20.5,158,-7.6794351650262,19.00726901861914
2019-07-02 20:00:00,26.3,91,24.8,1.0,100,0.0,21.5,162,-6.643865379061372,20.4477151003458
2019-07-02 21:00:00,26.0,92,24.6,0.7,81,0.0,23.1,162,-7.138292570061288,21.969405526418047
2019-07-02 22:00:00,25.9,91,24.4,1.0,100,0.0,24.1,171,-3.770070607469567,23.80328900834282
2019-07-02 23:00:00,25.8,91,24.3,1.3,100,0.0,24.6,165,-6.366948509522017,23.76177532671108
2019-07-03 00:00:00,25.6,92,24.3,1.1,100,0.0,25.1,164,-6.918497631006681,24.127668568051806
2019-07-03 01:00:00,25.8,92,24.4,1.0,60,0.0,25.9,164,-7.139007515660279,24.896677924802457
2019-07-03 02:00:00,25.7,92,24.4,1.3,64,0.0,25.5,161,-8.301987938657494,24.11072367778258
2019-07-03 03:00:00,26.2,90,24.4,0.2,67,0.0,23.8,160,-8.14007941115092,22.36468437470462
2019-07-03 04:00:00,26.2,90,24.4,0.3,67,0.0,22.9,164,-6.3120954482092815,22.0128928369875
2019-07-03 05:00:00,26.1,91,24.5,0.3,80,0.0,23.2,164,-6.394786654954381,22.301271345769
2019-07-03 06:00:00,26.1,91,24.4,0.2,53,1.0,19.3,153,-8.762016644973254,17.196425916835498
2019-07-03 07:00:00,26.6,89,24.6,0.1,58,23.0,19.5,155,-8.24105610394364,17.673001847214675
2019-07-03 08:00:00,27.6,86,25.0,0.2,67,95.0,21.2,165,-5.486963756173445,20.477627517328244
2019-07-03 09:00:00,28.0,84,25.0,0.3,54,138.0,22.6,172,-3.1453120816974764,22.38005835355949
2019-07-03 10:00:00,27.8,87,25.3,1.9,47,159.0,24.9,177,-1.3031653104493006,24.86587541538889
2019-07-03 11:00:00,28.2,86,25.6,0.4,89,133.0,25.2,179,-0.4398006422195426,25.19616191794106
2019-07-03 12:00:00,28.6,83,25.5,0.2,100,104.0,22.8,175,-1.987150934646607,22.7132391164918
2019-07-03 13:00:00,29.1,80,25.4,0.4,100,251.0,25.7,185,2.239902588614809,25.60220374095786
2019-07-03 14:00:00,27.6,85,24.8,6.5,100,94.0,25.6,178,-0.8934271155840293,25.584405171688854
2019-07-03 15:00:00,27.4,88,25.3,0.6,100,71.0,20.1,171,-3.144332747308643,19.85253564596227
2019-07-03 16:00:00,27.8,88,25.7,0.2,100,51.0,19.2,163,-5.613536730676542,18.36105131449028
2019-07-03 17:00:00,28.5,85,25.6,0.0,80,111.0,18.8,163,-5.496588048787449,17.97852941210507
2019-07-03 18:00:00,28.5,83,25.3,0.0,67,46.0,12.9,162,-3.986319227436823,12.26862906020748
2019-07-03 19:00:00,27.8,84,24.9,0.2,83,3.0,15.9,176,-1.109127932531596,15.861268399131204
2019-07-03 20:00:00,27.1,88,24.9,1.4,100,0.0,17.7,182,0.6177210916342659,17.689217638237995
2019-07-03 21:00:00,26.6,90,24.8,1.7,100,0.0,16.4,171,-2.565525226659788,16.198088785760255
2019-07-03 22:00:00,26.5,90,24.7,0.3,94,0.0,15.5,162,-4.789763412811686,14.74137600257488
2019-07-03 23:00:00,26.2,90,24.5,0.5,88,0.0,15.3,161,-4.981192763194496,14.466434206669549
2019-07-04 00:00:00,26.1,90,24.4,0.9,86,0.0,15.2,158,-5.694020219921866,14.093194589415166
2019-07-04 01:00:00,26.1,90,24.3,0.8,78,0.0,14.5,157,-5.66560136309447,13.347320375060386
2019-07-04 02:00:00,25.9,91,24.3,1.0,94,0.0,13.7,153,-6.219669846431792,12.206789381380638
2019-07-04 03:00:00,26.6,82,23.2,0.0,89,0.0,13.7,157,-5.35301646030305,12.610916492298433
2019-07-04 04:00:00,26.6,83,23.4,0.2,80,0.0,15.3,172,-2.129348444689,15.151101451746028
2019-07-04 05:00:00,26.5,86,24.0,0.2,67,0.0,16.2,177,-0.8478424911356897,16.177798463024097
2019-07-04 06:00:00,26.3,90,24.4,0.5,70,4.0,14.9,173,-1.8158532167366983,14.788937659455698
2019-07-04 07:00:00,26.7,90,25.0,0.6,60,56.0,15.3,156,-6.223070639059747,13.977245501931792
2019-07-04 08:00:00,27.4,88,25.2,0.5,51,137.0,15.6,154,-6.838589889909605,14.021187122267005
2019-07-04 09:00:00,28.2,85,25.4,0.5,37,217.0,17.3,163,-5.058030491703343,16.544072278160517
2019-07-04 10:00:00,29.2,81,25.6,0.2,59,349.0,17.0,174,-1.7769838755501135,16.906872221260645
2019-07-04 11:00:00,28.4,81,24.8,4.0,78,381.0,16.2,179,-0.2827289842839917,16.197532661533536
2019-07-04 12:00:00,28.9,82,25.5,0.9,70,331.0,16.6,185,1.446785329611122,16.536831988322977
2019-07-04 13:00:00,29.5,82,26.0,0.3,77,304.0,17.9,189,2.8001769242201298,17.679621296652964
2019-07-04 14:00:00,29.8,81,26.3,0.2,100,288.0,17.8,187,2.169274312611622,17.667321499215532
2019-07-04 15:00:00,29.4,81,25.8,0.6,58,136.0,16.6,181,0.2897099468589084,16.597471739596095
2019-07-04 16:00:00,28.2,84,25.3,0.7,92,93.0,14.9,173,-1.8158532167366983,14.788937659455698
2019-07-04 17:00:00,28.7,82,25.2,0.0,55,128.0,12.4,170,-2.1532374030699355,12.21161613735138
2019-07-04 18:00:00,28.6,82,25.2,0.0,51,37.0,8.1,159,-2.902780391316932,7.562001454627333
2019-07-04 19:00:00,28.1,84,25.1,0.0,46,4.0,9.2,159,-3.2969851358167617,8.588939923774255
2019-07-04 20:00:00,27.7,86,25.1,0.0,46,0.0,10.2,162,-3.1519733426244643,9.700776466210565
2019-07-04 21:00:00,27.5,86,25.0,0.0,51,0.0,11.3,163,-3.303800263366924,10.806243742382302
2019-07-04 22:00:00,27.0,88,24.8,0.5,50,0.0,11.5,166,-2.782101799396179,11.15840085217396
2019-07-04 23:00:00,26.7,89,24.8,0.5,64,0.0,11.8,168,-2.45335795164956,11.542141688658909
2019-07-05 00:00:00,26.8,89,24.8,0.3,56,0.0,12.2,178,-0.4257738597705139,12.192568089632967
2019-07-05 01:00:00,26.5,90,24.7,0.8,81,0.0,12.7,188,1.767498382192832,12.57640447301794
2019-07-05 02:00:00,26.1,92,24.7,1.4,100,0.0,13.1,189,2.0492914920270224,12.938717261796304
2019-07-05 03:00:00,26.1,92,24.6,0.8,100,0.0,10.1,197,2.952954217699641,9.658678035226655
2019-07-05 04:00:00,25.8,93,24.6,2.8,100,0.0,10.0,193,2.249510543438649,9.743700647852352
2019-07-05 05:00:00,25.7,94,24.7,3.4,100,0.0,10.4,194,2.5159877142365423,10.091075553270365
2019-07-05 06:00:00,25.5,94,24.5,2.3,100,0.0,8.5,192,1.767249371950956,8.314254606237347
2019-07-05 07:00:00,25.9,94,24.8,2.1,100,0.0,9.5,155,-4.014873486536645,8.609923976848174
2019-07-05 08:00:00,26.4,91,24.8,1.6,97,3.0,10.9,146,-6.095202647831141,9.036509540849954
2019-07-05 09:00:00,26.9,87,24.6,0.9,74,50.0,12.3,148,-6.518006950068421,10.43099158272404
2019-07-05 10:00:00,28.0,83,24.7,0.1,77,67.0,12.1,153,-5.493285046848517,10.781178942679247
2019-07-05 11:00:00,28.6,81,25.0,0.0,79,86.0,12.6,167,-2.8343832847327013,12.277062816293965
2019-07-05 12:00:00,29.3,79,25.3,0.2,98,152.0,14.1,186,1.4738513320739144,14.022758724692652
2019-07-05 13:00:00,28.3,82,24.9,3.7,100,44.0,14.3,192,2.9731371786939613,13.98751069049342
2019-07-05 14:00:00,28.1,84,25.1,2.8,98,29.0,12.1,170,-2.1011429497698564,11.916173811447717
2019-07-05 15:00:00,28.8,79,24.8,0.0,83,55.0,12.7,165,-3.287001872802017,12.267257993871166
2019-07-05 16:00:00,29.2,77,24.8,0.0,73,45.0,12.3,173,-1.4989929238833148,12.20831766518826
2019-07-05 17:00:00,29.1,77,24.7,0.0,64,51.0,12.0,173,-1.4624321208617703,11.910553819695863
2019-07-05 18:00:00,28.7,79,24.8,0.0,62,17.0,9.7,178,-0.338525118014261,9.694091022085228
2019-07-05 19:00:00,28.2,82,24.8,0.0,60,3.0,9.7,178,-0.338525118014261,9.694091022085228
2019-07-05 20:00:00,27.8,84,24.8,0.0,80,0.0,10.1,182,0.352484916695259,10.093847352892867
2019-07-05 21:00:00,27.6,86,24.9,0.0,83,0.0,9.8,186,1.0243789400230043,9.746314574609078
2019-07-05 22:00:00,27.4,87,25.0,0.0,90,0.0,11.5,180,-1.4083438190194562e-15,11.5
2019-07-05 23:00:00,27.3,88,25.0,0.0,77,0.0,11.9,178,-0.4153040107597636,11.89275084152724
2019-07-06 00:00:00,27.2,88,25.1,0.0,100,0.0,11.6,173,-1.4136843834997117,11.513535359039334
2019-07-06 01:00:00,26.9,89,25.0,0.0,100,0.0,10.9,172,-1.516986800464712,10.793921949283115
2019-07-06 02:00:00,26.5,90,24.8,0.3,100,0.0,10.4,178,-0.3629547657060119,10.393664600998596
2019-07-06 03:00:00,26.2,87,23.9,0.4,100,0.0,11.2,176,-0.7812725059342058,11.17271736291003
2019-07-06 04:00:00,26.1,88,23.9,0.4,100,0.0,11.1,167,-2.496956703216904,10.815507719116107
2019-07-06 05:00:00,26.1,87,23.8,0.3,100,0.0,11.4,162,-3.522793735874401,10.84204428576475
2019-07-06 06:00:00,26.0,88,23.8,0.3,100,0.0,11.5,176,-0.8021994480574435,11.47198657798798
2019-07-06 07:00:00,26.5,87,24.1,0.3,100,7.0,11.6,173,-1.4136843834997117,11.513535359039334
2019-07-06 08:00:00,27.3,83,24.3,0.3,100,78.0,12.8,169,-2.442355140819776,12.5648279481301
2019-07-06 09:00:00,27.8,82,24.4,0.5,100,101.0,13.0,177,-0.6803674311582695,12.98218395180946
2019-07-06 10:00:00,28.1,80,24.4,0.5,100,137.0,11.7,169,-2.232465245905576,11.485038046337667
2019-07-06 11:00:00,28.4,80,24.5,0.7,91,149.0,10.6,170,-1.8406706832694608,10.438962181929403
2019-07-06 12:00:00,28.3,81,24.8,1.1,100,155.0,10.0,195,2.588190451025208,9.659258262890685
2019-07-06 13:00:00,28.3,82,25.0,0.6,100,70.0,11.7,225,8.273149339882604,8.273149339882607
2019-07-06 14:00:00,27.9,85,25.0,1.7,98,116.0,9.8,204,3.9860191021428415,8.95274548489749
2019-07-06 15:00:00,27.7,85,24.9,0.3,100,5.0,11.5,178,-0.4013442120787631,11.4929945107196
2019-07-06 16:00:00,27.9,84,25.0,0.0,100,15.0,12.5,168,-2.5988961352219917,12.226845009172573
2019-07-06 17:00:00,28.1,84,25.0,0.0,63,8.0,10.6,162,-3.275580140374444,10.081199072728626
2019-07-06 18:00:00,27.8,85,25.0,0.2,98,18.0,6.3,167,-1.4171916423663506,6.1385314081469815
2019-07-06 19:00:00,27.3,86,24.7,0.1,100,3.0,10.4,160,-3.5570094905869563,9.772803256173448
2019-07-06 20:00:00,27.1,85,24.4,0.0,62,0.0,10.0,159,-3.5836794954530022,9.335804264972015
2019-07-06 21:00:00,27.1,84,24.2,0.0,83,0.0,12.5,162,-3.862712429686844,11.88820645368942
2019-07-06 22:00:00,27.1,83,24.0,0.0,92,0.0,13.3,161,-4.330056454280183,12.575397055470916
2019-07-06 23:00:00,26.8,85,24.0,0.0,64,0.0,12.5,162,-3.862712429686844,11.88820645368942
2019-07-07 00:00:00,26.7,85,24.0,0.3,60,0.0,13.0,166,-3.1449846427956807,12.613844441587954
2019-07-07 01:00:00,26.4,87,24.0,0.6,56,0.0,13.1,164,-3.6108493612026895,12.592528216791978
2019-07-07 02:00:00,25.9,90,24.1,0.9,52,0.0,13.9,163,-4.063966695646039,13.292636107886194
2019-07-07 03:00:00,26.5,84,23.6,0.0,68,0.0,13.0,166,-3.1449846427956807,12.613844441587954
2019-07-07 04:00:00,26.5,85,23.8,0.1,79,0.0,13.1,172,-1.823167622576856,12.972511700514572
2019-07-07 05:00:00,26.5,84,23.7,0.0,96,0.0,14.2,171,-2.22136940357128,14.025174436450952
2019-07-07 06:00:00,26.6,85,23.8,0.1,65,2.0,10.9,171,-1.7051356689385178,10.765802912487
2019-07-07 07:00:00,27.0,86,24.4,0.0,52,16.0,11.6,154,-5.085105302753297,10.426010937070338
2019-07-07 08:00:00,27.6,84,24.6,0.3,50,65.0,12.8,158,-4.794964395723677,11.867953338454878
2019-07-07 09:00:00,28.4,80,24.7,0.1,50,142.0,13.0,161,-4.232386007943036,12.29174148279112
2019-07-07 10:00:00,28.8,80,24.9,0.2,68,180.0,14.2,173,-1.7305446763530952,14.094155353306771
2019-07-07 11:00:00,29.3,80,25.4,0.1,58,378.0,15.5,184,1.0812253430339418,15.462242779027276
2019-07-07 12:00:00,28.1,83,24.9,2.6,56,466.0,17.2,191,3.281914720476569,16.883987555299818
2019-07-07 13:00:00,29.3,80,25.4,0.1,100,476.0,18.3,196,5.044163611451082,17.591089035671235
2019-07-07 14:00:00,29.6,78,25.4,0.0,90,314.0,17.8,198,5.500502499874062,16.928805990053736
2019-07-07 15:00:00,30.2,77,25.8,0.6,59,463.0,17.4,204,7.077217589518923,15.895690962981254
2019-07-07 16:00:00,29.3,82,25.8,4.0,59,194.0,11.1,193,2.496956703216901,10.81550771911611
2019-07-07 17:00:00,28.3,84,25.3,3.4,59,77.0,9.9,190,1.7191169589026116,9.74959675482086
2019-07-07 18:00:00,27.4,88,25.2,1.6,57,22.0,9.0,182,0.3140954703225081,8.994517443171862
2019-07-07 19:00:00,26.9,90,25.1,0.7,62,1.0,11.1,167,-2.496956703216904,10.815507719116107
2019-07-07 20:00:00,26.8,90,25.0,0.0,52,0.0,13.3,161,-4.330056454280183,12.575397055470916
2019-07-07 21:00:00,26.7,90,24.9,0.0,41,0.0,11.8,168,-2.45335795164956,11.542141688658909
2019-07-07 22:00:00,26.7,89,24.8,0.0,51,0.0,12.9,167,-2.901868601035861,12.569373835729534
2019-07-07 23:00:00,26.6,89,24.7,0.0,51,0.0,12.8,164,-3.52815815445759,12.304149708010485
2019-07-08 00:00:00,26.5,89,24.6,0.0,46,0.0,12.5,168,-2.5988961352219917,12.226845009172573
2019-07-08 01:00:00,26.4,90,24.7,0.0,61,0.0,12.7,173,-1.5477406612453737,12.605336125844788
2019-07-08 02:00:00,26.2,91,24.7,0.0,65,0.0,13.4,174,-1.40068140778656,13.326593397934865
2019-07-08 03:00:00,26.2,91,24.6,0.2,87,0.0,13.8,174,-1.4424927930936216,13.724402156082173
2019-07-08 04:00:00,26.0,91,24.5,0.4,76,0.0,13.3,167,-2.991849022773408,12.959121861643627
2019-07-08 05:00:00,25.9,91,24.3,0.1,82,0.0,13.0,166,-3.1449846427956807,12.613844441587954
2019-07-08 06:00:00,25.8,91,24.3,0.1,82,2.0,12.0,164,-3.30764826980399,11.535140351259829
2019-07-08 07:00:00,26.1,90,24.4,0.3,78,31.0,12.7,172,-1.7674983821928296,12.576404473017943
2019-07-08 08:00:00,26.6,88,24.5,0.4,93,64.0,12.1,168,-2.515731458894888,11.835585968879048
2019-07-08 09:00:00,27.4,84,24.5,0.2,95,116.0,12.7,173,-1.5477406612453737,12.605336125844788
2019-07-08 10:00:00,28.0,84,25.0,0.2,83,262.0,12.6,182,0.4397336584515113,12.592324420440606
2019-07-08 11:00:00,28.8,82,25.4,0.1,71,387.0,12.7,187,1.5477406612453708,12.60533612584479
2019-07-08 12:00:00,29.2,80,25.4,0.1,54,306.0,14.5,187,1.767105479374636,14.39191919879917
2019-07-08 13:00:00,28.9,81,25.3,3.3,100,319.0,16.3,194,3.943326898274581,15.815820338298742
2019-07-08 14:00:00,29.5,78,25.4,0.1,69,278.0,16.5,191,3.148348423712988,16.196848526886455
2019-07-08 15:00:00,29.9,78,25.7,0.1,100,482.0,14.5,187,1.767105479374636,14.39191919879917
2019-07-08 16:00:00,28.6,82,25.2,4.2,97,321.0,15.8,197,4.619472934619242,15.10961514421596
2019-07-08 17:00:00,28.0,83,24.9,1.1,99,82.0,14.2,189,2.221369403571276,14.025174436450955
2019-07-08 18:00:00,27.2,88,25.0,1.0,87,9.0,11.7,191,2.232465245905573,11.485038046337667
2019-07-08 19:00:00,26.8,89,24.9,0.3,46,0.0,10.3,168,-2.141490415422921,10.0749202875582
2019-07-08 20:00:00,26.5,92,25.1,0.2,52,0.0,13.6,163,-3.9762551842292178,13.005744681097283
2019-07-08 21:00:00,26.2,91,24.7,0.3,55,0.0,13.4,166,-3.2417534010355475,13.001962732098352
2019-07-08 22:00:00,26.2,90,24.5,0.2,57,0.0,12.0,171,-1.877213580482772,11.852260087141651
2019-07-08 23:00:00,25.9,92,24.5,0.2,65,0.0,11.7,162,-3.615498834186885,11.127361240653295
2019-07-09 00:00:00,25.9,90,24.1,0.0,60,0.0,13.7,162,-4.23353282293678,13.029474273243602
2019-07-09 01:00:00,26.0,88,23.9,0.0,57,0.0,14.0,168,-2.9107636714486302,13.69406641027328
2019-07-09 02:00:00,26.0,88,23.9,0.0,80,0.0,13.5,171,-2.111865278043118,13.33379259803436
2019-07-09 03:00:00,26.1,89,24.2,0.0,81,0.0,13.4,172,-1.8649195528648757,13.269592121137045
2019-07-09 04:00:00,25.8,92,24.4,0.2,74,0.0,14.1,176,-0.9835662797921698,14.06565310866352
2019-07-09 05:00:00,25.5,94,24.5,0.4,95,0.0,13.3,177,-0.6960682180311527,13.281772812235833
2019-07-09 06:00:00,25.4,94,24.4,0.5,85,2.0,11.4,167,-2.5644420195200635,11.10781873855168
2019-07-09 07:00:00,25.8,93,24.5,0.5,77,14.0,12.3,165,-3.1834742547610086,11.88088766335554
2019-07-09 08:00:00,26.1,91,24.6,0.8,100,65.0,12.5,168,-2.5988961352219917,12.226845009172573
2019-07-09 09:00:00,26.7,89,24.7,0.6,100,115.0,13.8,171,-2.1587956175551875,13.6300991002129
2019-07-09 10:00:00,27.7,86,25.1,0.2,90,332.0,14.1,177,-0.7379369830255077,14.080676440039491
2019-07-09 11:00:00,28.5,83,25.4,0.1,82,294.0,14.1,174,-1.4738513320739175,14.022758724692652
2019-07-09 12:00:00,29.8,77,25.3,0.2,67,429.0,14.5,173,-1.7671054793746397,14.391919198799169
2019-07-09 13:00:00,29.0,80,25.2,3.9,68,519.0,15.8,181,0.2757480217090814,15.797593583470984
2019-07-09 14:00:00,28.9,81,25.4,4.0,80,371.0,18.0,177,-0.9420472123729884,17.975331625582328
2019-07-09 15:00:00,28.9,81,25.3,0.4,66,241.0,18.7,164,-5.1544185537778855,17.975593714046564
2019-07-09 16:00:00,28.7,80,25.0,0.3,100,230.0,19.1,168,-3.971113294619203,18.68261917401569
2019-07-09 17:00:00,28.1,83,24.8,0.2,100,73.0,16.5,164,-4.548016370980487,15.860817982982262
2019-07-09 18:00:00,27.8,84,24.8,0.3,76,44.0,13.1,171,-2.049291492027026,12.938717261796302
2019-07-09 19:00:00,27.0,86,24.5,0.4,100,2.0,11.8,168,-2.45335795164956,11.542141688658909
2019-07-09 20:00:00,26.5,90,24.7,0.5,93,0.0,13.7,162,-4.23353282293678,13.029474273243602
2019-07-09 21:00:00,26.1,91,24.5,0.5,100,0.0,14.1,165,-3.6493485359455455,13.619554150675862
2019-07-09 22:00:00,25.9,92,24.5,0.5,100,0.0,14.5,166,-3.507867486195182,14.06928803100195
2019-07-09 23:00:00,26.0,91,24.3,0.4,100,0.0,14.0,168,-2.9107636714486302,13.69406641027328
2019-07-10 00:00:00,25.8,91,24.2,0.2,100,0.0,14.4,167,-3.239295182551659,14.030928932907386
2019-07-10 01:00:00,25.7,91,24.2,0.2,100,0.0,15.6,161,-5.078863209531643,14.750089779349343
2019-07-10 02:00:00,25.6,92,24.2,0.2,100,0.0,16.0,166,-3.870750329594684,15.524731620415944
2019-07-10 03:00:00,25.7,93,24.5,0.4,100,0.0,15.6,172,-2.1711003749770192,15.448181872368496
2019-07-10 04:00:00,25.7,93,24.5,0.4,100,0.0,14.6,171,-2.2839431895873723,14.42024977268901
2019-07-10 05:00:00,25.8,92,24.5,0.8,100,0.0,13.6,163,-3.9762551842292178,13.005744681097283
2019-07-10 06:00:00,25.7,93,24.4,0.9,100,1.0,12.4,170,-2.1532374030699355,12.21161613735138
2019-07-10 07:00:00,25.8,93,24.6,0.6,100,23.0,16.5,169,-3.148348423712992,16.196848526886455
2019-07-10 08:00:00,26.5,90,24.7,0.4,100,93.0,19.0,170,-3.299315375671675,18.711347307231957
2019-07-10 09:00:00,27.9,85,25.0,0.4,100,159.0,18.6,170,-3.2298561046049032,18.31742420602707
2019-07-10 10:00:00,28.9,82,25.6,0.2,100,183.0,16.7,173,-2.035218034865964,16.575520732410077
2019-07-10 11:00:00,28.9,82,25.5,4.5,64,354.0,19.1,192,3.971113294619207,18.682619174015688
2019-07-10 12:00:00,28.0,85,25.2,6.2,76,332.0,19.0,190,3.299315375671679,18.711347307231957
2019-07-10 13:00:00,28.7,83,25.5,1.6,100,243.0,18.8,192,3.908739787373879,18.389174893795545
2019-07-10 14:00:00,28.0,85,25.2,6.7,69,240.0,20.4,197,5.96438277634383,19.50861702164592
2019-07-10 15:00:00,29.2,80,25.5,2.8,100,366.0,16.9,196,4.658271313307282,16.245322661357587
2019-07-10 16:00:00,27.9,85,25.1,7.8,100,173.0,16.5,203,6.447063620073013,15.188330081965264
2019-07-10 17:00:00,28.0,85,25.1,1.2,100,74.0,11.5,194,2.7821017993961763,11.15840085217396
2019-07-10 18:00:00,27.4,89,25.3,1.0,100,16.0,11.6,175,-1.011006615872835,11.555858497864248
2019-07-10 19:00:00,26.8,90,25.0,0.8,100,0.0,12.7,172,-1.7674983821928296,12.576404473017943
2019-07-10 20:00:00,26.4,92,25.0,0.5,100,0.0,14.0,168,-2.9107636714486302,13.69406641027328
2019-07-10 21:00:00,26.2,93,24.9,0.5,100,0.0,14.0,157,-5.470235798849833,12.887067948334163
2019-07-10 22:00:00,26.4,91,24.8,0.2,100,0.0,13.8,165,-3.57170282241479,13.32977640278914
2019-07-10 23:00:00,26.3,92,24.8,0.2,100,0.0,15.3,165,-3.959931390068572,14.778665142222744
2019-07-11 00:00:00,26.1,92,24.7,0.2,96,0.0,15.6,161,-5.078863209531643,14.750089779349343
2019-07-11 01:00:00,26.2,90,24.4,0.1,89,0.0,14.7,163,-4.297864059424228,14.057679912656624
2019-07-11 02:00:00,26.2,90,24.5,0.0,97,0.0,15.5,168,-3.222631207675269,15.161287811373988
2019-07-11 03:00:00,26.3,88,24.1,0.0,100,0.0,16.2,167,-3.644207080370616,15.784795049520808
2019-07-11 04:00:00,26.4,87,24.1,0.0,79,0.0,15.9,167,-3.576721764067457,15.492484030085238
2019-07-11 05:00:00,26.2,90,24.3,0.0,74,0.0,14.1,176,-0.9835662797921698,14.06565310866352
2019-07-11 06:00:00,25.9,92,24.5,0.7,100,4.0,13.7,180,-1.6777661148318738e-15,13.7
2019-07-11 07:00:00,26.3,90,24.6,1.9,100,34.0,12.6,182,0.4397336584515113,12.592324420440606
2019-07-11 08:00:00,26.6,90,24.7,2.3,100,75.0,11.9,175,-1.0371533386971326,11.854716907291772
2019-07-11 09:00:00,27.1,88,24.9,0.5,100,117.0,13.8,173,-1.681796938991036,13.697136892650244
2019-07-11 10:00:00,28.2,85,25.5,0.1,95,201.0,13.7,166,-3.314329969715448,13.293051449981151
2019-07-11 11:00:00,29.0,83,25.8,0.0,100,310.0,15.0,163,-4.385575570841049,14.344571339445531
2019-07-11 12:00:00,29.9,79,25.8,0.0,88,388.0,14.9,173,-1.8158532167366983,14.788937659455698
2019-07-11 13:00:00,30.2,78,25.8,0.0,80,407.0,15.1,183,0.7902729392684478,15.079305974794064
2019-07-11 14:00:00,28.7,82,25.4,2.3,67,261.0,15.8,168,-3.285004714920597,15.454732091594131
2019-07-11 15:00:00,29.0,82,25.6,1.1,54,88.0,15.8,168,-3.285004714920597,15.454732091594131
2019-07-11 16:00:00,29.2,81,25.7,0.0,51,109.0,14.0,180,-1.7145055188062944e-15,14.0
2019-07-11 17:00:00,28.0,85,25.2,1.8,60,34.0,14.1,195,3.6493485359455433,13.619554150675864
2019-07-11 18:00:00,27.7,87,25.4,0.1,41,5.0,14.0,181,0.2443336901219709,13.997867732189478
2019-07-11 19:00:00,27.4,89,25.4,0.0,41,1.0,11.9,183,0.6227978792910285,11.88369146357943
2019-07-11 20:00:00,27.1,90,25.4,0.0,35,0.0,11.5,184,0.8021994480574407,11.47198657798798
2019-07-11 21:00:00,26.9,91,25.4,0.0,35,0.0,11.5,182,0.4013442120787603,11.4929945107196
2019-07-11 22:00:00,26.8,91,25.2,0.0,44,0.0,13.5,171,-2.111865278043118,13.33379259803436
2019-07-11 23:00:00,26.7,91,25.0,0.0,47,0.0,13.8,165,-3.57170282241479,13.32977640278914
2019-07-12 00:00:00,26.5,90,24.7,0.0,52,0.0,12.6,167,-2.8343832847327013,12.277062816293965
2019-07-12 01:00:00,26.3,91,24.7,0.0,80,0.0,12.9,167,-2.901868601035861,12.569373835729534
2019-07-12 02:00:00,26.2,92,24.8,0.1,52,0.0,12.4,163,-3.625409138561934,11.85817897394164
2019-07-12 03:00:00,25.9,92,24.5,0.2,49,0.0,12.2,161,-3.9719314843773104,11.535326622311665
2019-07-12 04:00:00,25.9,90,24.1,0.0,45,0.0,12.2,156,-4.9621870455247645,11.145254583239728
2019-07-12 05:00:00,25.9,91,24.3,0.0,39,0.0,11.4,169,-2.1752225472926128,11.19054989130337
2019-07-12 06:00:00,25.8,92,24.4,0.1,44,4.0,9.7,180,-1.1879073951729326e-15,9.7
2019-07-12 07:00:00,26.7,89,24.7,0.0,34,53.0,11.6,164,-3.19739332747719,11.1506356728845
2019-07-12 08:00:00,28.1,84,25.0,0.0,19,212.0,11.9,182,0.4153040107597607,11.89275084152724
2019-07-12 09:00:00,29.0,80,25.3,0.0,10,336.0,13.1,188,1.8231676225768585,12.97251170051457
2019-07-12 10:00:00,29.9,78,25.6,0.0,26,539.0,14.4,193,3.239295182551656,14.030928932907388
2019-07-12 11:00:00,30.4,78,26.2,0.0,23,630.0,14.0,198,4.326237921249262,13.314791228132153
2019-07-12 12:00:00,30.7,79,26.7,0.0,31,575.0,14.4,202,5.394334945189133,13.35144750576174
2019-07-12 13:00:00,31.0,80,27.1,0.1,8,648.0,14.7,211,7.571059701177796,12.60035932032105
2019-07-12 14:00:00,29.5,79,25.5,1.9,61,503.0,13.7,210,6.850000000000001,11.864548031846809
2019-07-12 15:00:00,30.2,80,26.3,1.2,80,497.0,12.1,210,6.050000000000002,10.478907385791707
2019-07-12 16:00:00,30.2,78,26.0,0.2,68,268.0,12.0,201,4.300415394543605,11.20296511796642
2019-07-12 17:00:00,28.9,82,25.5,0.6,96,149.0,12.4,190,2.1532374030699377,12.21161613735138
2019-07-12 18:00:00,28.5,85,25.7,0.3,78,67.0,9.1,173,-1.1090110249868426,9.032169979936029
2019-07-12 19:00:00,27.9,87,25.5,0.0,48,8.0,9.9,161,-3.2231247291258502,9.360633898433235
2019-07-12 20:00:00,27.5,88,25.4,0.0,56,0.0,10.9,163,-3.186851581477829,10.423721839997087
2019-07-12 21:00:00,27.3,88,25.2,0.0,40,0.0,12.1,163,-3.537697627145113,11.57128754715273
2019-07-12 22:00:00,27.1,88,25.0,0.0,47,0.0,12.1,168,-2.515731458894888,11.835585968879048
2019-07-12 23:00:00,26.9,89,24.9,0.0,42,0.0,13.5,171,-2.111865278043118,13.33379259803436
2019-07-13 00:00:00,26.7,89,24.7,0.0,47,0.0,13.5,171,-2.111865278043118,13.33379259803436
2019-07-13 01:00:00,26.2,90,24.5,0.2,62,0.0,13.0,174,-1.3588700224794985,12.928784639787551
2019-07-13 02:00:00,25.9,91,24.2,0.1,50,0.0,13.1,164,-3.6108493612026895,12.592528216791978
2019-07-13 03:00:00,25.8,92,24.4,0.2,85,0.0,11.9,166,-2.8788705576360463,11.54651914268436
2019-07-13 04:00:00,25.8,92,24.4,0.2,100,0.0,12.4,170,-2.1532374030699355,12.21161613735138
2019-07-13 05:00:00,25.7,93,24.4,0.2,93,0.0,11.7,162,-3.615498834186885,11.127361240653295
2019-07-13 06:00:00,25.9,92,24.5,0.1,75,5.0,9.9,147,-5.39192644664877,8.302838622659698
2019-07-13 07:00:00,26.6,90,24.8,0.2,25,43.0,11.9,145,-6.825559592577447,9.747909327039004
2019-07-13 08:00:00,27.6,85,24.8,0.2,14,142.0,13.9,149,-7.159029241249756,11.91462547975936
2019-07-13 09:00:00,28.2,81,24.7,0.1,15,208.0,14.8,157,-5.782820701641252,13.623471831096118
2019-07-13 10:00:00,29.2,79,25.1,0.0,30,425.0,13.5,171,-2.111865278043118,13.33379259803436
2019-07-13 11:00:00,29.7,78,25.6,0.0,26,461.0,13.1,188,1.8231676225768585,12.97251170051457
2019-07-13 12:00:00,30.4,76,25.6,0.0,21,538.0,13.4,186,1.4006814077865568,13.326593397934865
2019-07-13 13:00:00,30.6,76,25.8,0.2,29,506.0,13.4,194,3.241753401035545,13.001962732098352
2019-07-13 14:00:00,30.7,75,25.8,0.2,48,591.0,12.4,206,5.435802220184561,11.14504617410967
2019-07-13 15:00:00,30.4,75,25.4,0.1,49,387.0,10.9,207,4.948496447161059,9.71197111365321
2019-07-13 16:00:00,30.5,75,25.6,0.0,41,383.0,9.3,196,2.563427409098091,8.939733772226367
2019-07-13 17:00:00,29.5,80,25.7,0.4,61,183.0,11.7,198,3.6154988341868832,11.127361240653295
2019-07-13 18:00:00,28.8,84,25.9,0.1,56,103.0,6.5,186,0.6794350112397477,6.4643923198937765
2019-07-13 19:00:00,28.1,86,25.6,0.1,50,11.0,8.9,159,-3.189474750953172,8.308865795825096
2019-07-13 20:00:00,27.6,88,25.5,0.0,40,0.0,10.0,154,-4.383711467890773,8.98794046299167
2019-07-13 21:00:00,27.3,88,25.2,0.0,40,0.0,9.7,153,-4.403707847473604,8.642763284627167
2019-07-13 22:00:00,27.2,87,24.8,0.0,35,0.0,10.6,152,-4.976398565530441,9.359244484304623
2019-07-13 23:00:00,27.0,86,24.4,0.0,35,0.0,11.0,157,-4.298042413382012,10.125553387976844
2019-07-14 00:00:00,26.8,85,24.2,0.0,41,0.0,10.2,162,-3.1519733426244643,9.700776466210565
2019-07-14 01:00:00,26.6,85,23.9,0.0,41,0.0,10.6,162,-3.275580140374444,10.081199072728626
2019-07-14 02:00:00,26.4,86,23.8,0.0,43,0.0,10.1,163,-2.95295421769964,9.65867803522666
2019-07-14 03:00:00,26.7,81,23.2,0.0,54,0.0,10.0,165,-2.58819045102521,9.65925826289068
2019-07-14 04:00:00,26.5,82,23.1,0.0,64,0.0,9.3,167,-2.0920448053979466,9.061641602502688
2019-07-14 05:00:00,26.4,84,23.4,0.0,60,0.0,8.0,172,-1.1133848076805226,7.922144549932563
2019-07-14 06:00:00,26.5,86,23.9,0.0,73,5.0,6.9,186,0.7212463965468092,6.862201078041086
2019-07-14 07:00:00,27.2,86,24.6,0.0,84,77.0,8.3,185,0.723392664805561,8.268415994161488
2019-07-14 08:00:00,28.0,81,24.5,0.2,75,218.0,8.8,192,1.829622879196284,8.60769888645749
2019-07-14 09:00:00,28.6,80,24.7,0.2,76,334.0,8.3,198,2.5648410533120627,7.893769085249776
2019-07-14 10:00:00,29.3,78,25.1,0.2,68,520.0,8.7,210,4.3500000000000005,7.534421012924615
2019-07-14 11:00:00,30.1,76,25.3,0.3,82,595.0,10.2,228,7.580077219869421,6.825132184860353
2019-07-14 12:00:00,30.3,75,25.4,0.2,74,593.0,11.3,233,9.02458126353441,6.800509761618146
2019-07-14 13:00:00,30.7,75,25.8,0.0,46,663.0,11.8,230,9.03932442880394,7.584893794301166
2019-07-14 14:00:00,30.7,76,25.9,0.0,38,675.0,13.0,231,10.102897498940616,8.181165083647892
2019-07-14 15:00:00,30.7,73,25.2,0.4,31,548.0,12.5,229,9.43386975278465,8.200737862381342
2019-07-14 16:00:00,30.5,74,25.3,0.1,34,425.0,10.5,221,6.888619804400324,7.924450592339108
2019-07-14 17:00:00,30.2,76,25.4,0.0,17,273.0,9.1,214,5.088655421583795,7.544241910250879
2019-07-14 18:00:00,29.8,78,25.5,0.0,11,119.0,6.0,213,3.2678342100901627,5.032023407672544
2019-07-14 19:00:00,29.2,80,25.5,0.0,12,14.0,7.3,189,1.1419715947936844,7.210124886344506
2019-07-14 20:00:00,28.5,84,25.5,0.0,5,0.0,7.2,177,-0.3768188849491954,7.190132650232932
2019-07-14 21:00:00,28.0,87,25.5,0.0,16,0.0,7.2,162,-2.224922359499622,6.8476069173251055
2019-07-14 22:00:00,27.8,88,25.5,0.0,18,0.0,7.1,156,-2.887830165838183,6.486172749262465
2019-07-14 23:00:00,27.5,88,25.4,0.0,24,0.0,7.1,165,-1.837615220227899,6.858073366652384
2019-07-15 00:00:00,27.1,90,25.3,0.0,31,0.0,7.4,166,-1.790222027437541,7.180188374442374
2019-07-15 01:00:00,26.9,90,25.1,0.0,33,0.0,7.2,153,-3.2687315981247376,6.415246974156248
2019-07-15 02:00:00,26.6,89,24.7,0.0,46,0.0,6.8,148,-3.603450996785793,5.766727053863696
2019-07-15 03:00:00,26.5,88,24.4,0.0,39,0.0,5.9,142,-3.6324027044213847,4.64926344627966
2019-07-15 04:00:00,26.1,89,24.1,0.0,46,0.0,5.9,137,-4.023790324368742,4.314986839553106
2019-07-15 05:00:00,25.7,91,24.0,0.0,46,0.0,4.8,132,-3.5670951622914924,3.2118269105225195
2019-07-15 06:00:00,25.5,93,24.2,0.0,46,2.0,2.7,113,-2.4853631043215887,1.0549740469210394
2019-07-15 07:00:00,27.3,83,24.2,0.0,46,59.0,3.5,114,-3.197409101749103,1.423578250765301
2019-07-15 08:00:00,28.2,78,24.1,0.0,35,169.0,2.4,117,-2.138415658052083,1.0895771993749122
2019-07-15 09:00:00,29.1,79,25.1,0.0,35,341.0,0.0,180,-0.0,0.0
2019-07-15 10:00:00,30.0,76,25.4,0.0,42,570.0,3.7,299,3.236092916415764,-1.793795594911448
2019-07-15 11:00:00,30.8,73,25.4,0.0,70,684.0,6.4,297,5.702441754805555,-2.9055391983330985
2019-07-15 12:00:00,31.0,73,25.6,0.1,99,635.0,7.6,289,7.1859411745548085,-2.474317973874388
2019-07-15 13:00:00,31.0,73,25.7,0.2,76,674.0,9.4,293,8.65274562245294,-3.672872607799171
2019-07-15 14:00:00,30.9,74,25.7,0.3,59,545.0,10.2,288,9.700776466210566,-3.1519733426244616
2019-07-15 15:00:00,31.2,74,25.9,0.0,55,504.0,9.2,281,9.030970087718506,-1.7554427574642149
2019-07-15 16:00:00,30.9,74,25.8,0.0,47,416.0,4.7,293,4.32637281122647,-1.8364363038995852
2019-07-15 17:00:00,30.4,76,25.7,0.0,57,241.0,3.1,306,2.5079526825623377,-1.8221342821066664
2019-07-15 18:00:00,30.1,78,25.7,0.0,32,105.0,3.9,292,3.616017032810471,-1.460965714322057
2019-07-15 19:00:00,29.5,81,25.8,0.0,24,11.0,2.5,262,2.475670171853926,0.3479327524001646
2019-07-15 20:00:00,28.8,86,26.2,0.0,30,0.0,3.3,283,3.2154212137912763,-0.7423384793347542
2019-07-15 21:00:00,28.6,86,26.0,0.0,29,0.0,1.5,284,1.4554435894139948,-0.3628828433995011
2019-07-15 22:00:00,28.0,89,25.9,0.0,35,0.0,1.3,146,-0.726950774511971,1.0777488443215542
2019-07-15 23:00:00,27.7,89,25.8,0.0,37,0.0,1.9,112,-1.761649323676896,0.7117525274902329
2019-07-16 00:00:00,28.1,87,25.7,0.0,25,0.0,2.5,90,-2.5,-1.5308084989341916e-16
2019-07-16 01:00:00,27.8,88,25.7,0.0,29,0.0,4.0,95,-3.984778792366982,0.3486229709906329
2019-07-16 02:00:00,27.6,89,25.6,0.0,33,0.0,3.3,96,-3.281922254715301,0.3449439287832567
2019-07-16 03:00:00,26.3,94,25.3,0.0,43,0.0,4.5,76,-4.366330768241984,-1.0886485301985045
2019-07-16 04:00:00,26.4,92,25.1,0.0,46,0.0,6.1,62,-5.385980316439453,-2.863776532993934
2019-07-16 05:00:00,26.6,91,25.0,0.0,40,0.0,4.9,36,-2.8801477362331185,-3.9641832724372423
2019-07-16 06:00:00,26.5,93,25.3,0.0,35,3.0,3.7,349,0.7059932828932153,-3.632020578756357
2019-07-16 07:00:00,28.4,84,25.5,0.0,23,85.0,7.6,357,0.3977532674463772,-7.589584464134761
2019-07-16 08:00:00,29.1,81,25.5,0.0,18,253.0,10.8,356,0.7533699164365569,-10.773691742806102
2019-07-16 09:00:00,29.8,78,25.5,0.0,25,293.0,13.4,355,1.1678869528186215,-13.34900895442939
2019-07-16 10:00:00,30.6,74,25.4,0.0,13,548.0,13.5,351,2.1118652780431195,-13.33379259803436
2019-07-16 11:00:00,31.1,73,25.6,0.0,25,584.0,13.9,343,4.063966695646046,-13.29263610788619
2019-07-16 12:00:00,31.5,72,25.8,0.0,44,673.0,15.5,335,6.550583056980838,-14.047770699068076
2019-07-16 13:00:00,31.7,71,25.8,0.0,66,734.0,15.9,342,4.913370210561668,-15.12179860909294
2019-07-16 14:00:00,31.3,73,25.8,0.0,100,540.0,16.0,351,2.502951440643697,-15.803013449522204
2019-07-16 15:00:00,31.2,73,25.8,0.0,100,513.0,13.8,353,1.681796938991032,-13.697136892650246
2019-07-16 16:00:00,30.9,74,25.8,0.0,29,376.0,12.0,351,1.8772135804827728,-11.852260087141651
2019-07-16 17:00:00,30.5,76,25.7,0.0,30,173.0,10.2,352,1.419565629792672,-10.100734301164016
2019-07-16 18:00:00,29.9,79,25.8,0.0,42,75.0,6.9,9,-1.079397808777593,-6.815049550106451
2019-07-16 19:00:00,29.0,83,25.9,0.0,34,12.0,7.4,23,-2.891410350820626,-6.811735915548059
2019-07-16 20:00:00,28.3,86,25.7,0.0,32,0.0,6.1,40,-3.921004419087889,-4.6728711030257655
2019-07-16 21:00:00,27.8,89,25.9,0.0,22,0.0,6.3,13,-1.4171916423663495,-6.1385314081469815
2019-07-16 22:00:00,27.7,89,25.8,0.0,25,0.0,6.6,9,-1.0324674692655236,-6.518743047927909
2019-07-16 23:00:00,27.5,89,25.5,0.0,26,0.0,5.4,20,-1.8469087739586112,-5.074340152243906
2019-07-17 00:00:00,27.7,87,25.4,0.0,31,0.0,5.5,11,-1.0494494745709964,-5.398949508962152
2019-07-17 01:00:00,27.0,91,25.4,0.0,35,0.0,5.2,348,1.0811407922523513,-5.086367523815789
2019-07-17 02:00:00,26.4,93,25.2,0.0,30,0.0,3.0,346,0.7257656867990037,-2.910887178827989
2019-07-17 03:00:00,26.3,95,25.4,0.0,27,0.0,3.4,342,1.050657780874822,-3.233592155403522
2019-07-17 04:00:00,26.4,95,25.4,0.0,23,0.0,5.0,339,1.7918397477265038,-4.667902132486008
2019-07-17 05:00:00,26.6,93,25.5,0.0,27,0.0,7.6,341,2.474317973874391,-7.185941174554808
2019-07-17 06:00:00,26.8,93,25.5,0.0,22,4.0,8.6,358,0.300135671641507,-8.594761112364223
2019-07-17 07:00:00,27.8,89,25.8,0.0,20,56.0,7.8,13,-1.754618223882147,-7.600086505324834
2019-07-17 08:00:00,28.8,84,25.8,0.0,26,193.0,5.4,4,-0.3766849582182766,-5.386845871403051
2019-07-17 09:00:00,29.6,79,25.7,0.0,30,338.0,4.5,346,1.0886485301985054,-4.366330768241984
2019-07-17 10:00:00,30.4,77,25.9,0.0,20,554.0,7.4,331,3.587591189822893,-6.47218583283153
2019-07-17 11:00:00,31.2,75,26.2,0.0,7,678.0,11.6,334,5.085105302753302,-10.426010937070334
2019-07-17 12:00:00,31.5,73,26.1,0.0,29,718.0,10.7,327,5.827637674660788,-8.973775077016036
2019-07-17 13:00:00,31.6,72,26.0,0.0,31,736.0,9.2,334,4.033014550459515,-8.268905225952334
2019-07-17 14:00:00,31.6,72,26.1,0.0,29,646.0,5.6,345,1.4493866525741157,-5.409184627218783
2019-07-17 15:00:00,31.6,76,26.9,0.0,35,519.0,1.4,180,-1.7145055188062944e-16,1.4
2019-07-17 16:00:00,31.2,78,27.0,0.0,70,356.0,4.2,149,-2.1631599146222285,3.6001026629488715
2019-07-17 17:00:00,30.8,81,27.1,0.0,46,238.0,6.4,133,-4.680663690362692,4.364789504399989
2019-07-17 18:00:00,30.3,83,27.1,0.0,28,90.0,3.3,193,0.7423384793347544,3.2154212137912763
2019-07-17 19:00:00,29.7,87,27.3,0.0,30,11.0,4.9,163,-1.4326213531414094,4.685893304218874
2019-07-17 20:00:00,29.3,88,27.1,0.0,46,0.0,10.0,139,-6.560590289905073,7.54709580222772
2019-07-17 21:00:00,29.0,88,26.9,0.0,53,0.0,14.0,132,-10.40402755668352,9.367828489024015
2019-07-17 22:00:00,28.8,89,26.7,0.0,49,0.0,15.9,141,-10.006194217692414,12.356620787165838
2019-07-17 23:00:00,28.3,89,26.3,0.0,35,0.0,13.6,148,-7.206901993571586,11.533454107727392
2019-07-18 00:00:00,28.0,88,25.8,0.0,32,0.0,11.2,147,-6.099957192168305,9.393110360988748
2019-07-18 01:00:00,27.8,88,25.6,0.0,32,0.0,9.0,143,-5.416335208368434,7.187719590425637
2019-07-18 02:00:00,27.7,88,25.5,0.0,44,0.0,7.6,135,-5.374011537017761,5.37401153701776
2019-07-18 03:00:00,27.4,87,25.1,0.0,56,0.0,8.2,128,-6.46168817957512,5.048424097670398
2019-07-18 04:00:00,27.3,87,25.0,0.0,48,0.0,8.9,133,-6.509047944410618,6.069785404556236
2019-07-18 05:00:00,27.2,87,24.9,0.0,35,0.0,8.4,137,-5.728786224524987,6.143371093601032
2019-07-18 06:00:00,27.2,87,24.8,0.0,56,2.0,10.4,146,-5.815606196095768,8.621990754572433
2019-07-18 07:00:00,27.7,84,24.8,0.0,95,37.0,11.0,157,-4.298042413382012,10.125553387976844
2019-07-18 08:00:00,28.2,83,25.0,0.0,100,83.0,10.5,174,-1.097548864310364,10.44247990136687
2019-07-18 09:00:00,28.8,82,25.4,0.3,100,164.0,10.5,186,1.0975488643103617,10.44247990136687
2019-07-18 10:00:00,29.1,82,25.7,0.5,100,191.0,11.6,202,4.345436483624579,10.755332712974734
2019-07-18 11:00:00,29.2,83,26.0,0.6,100,200.0,11.6,210,5.800000000000001,10.045894683899489
2019-07-18 12:00:00,29.8,80,25.9,0.8,100,210.0,12.9,216,7.582429754572902,10.436319227436822
2019-07-18 13:00:00,29.4,82,26.0,1.0,100,55.0,13.5,222,9.033263185844586,10.032455143944825
2019-07-18 14:00:00,29.0,85,26.1,1.8,100,43.0,12.8,220,8.227681403987702,9.80536887192292
2019-07-18 15:00:00,28.3,88,26.2,1.2,100,9.0,8.8,215,5.047472639889207,7.208537989743128
2019-07-18 16:00:00,28.1,89,26.0,1.5,100,0.0,6.8,198,2.101315561749641,6.467184310807045
2019-07-18 17:00:00,27.9,88,25.7,1.7,100,0.0,5.4,188,0.7515347451843538,5.34744757120448
2019-07-18 18:00:00,27.5,90,25.7,1.2,100,1.0,1.4,90,-1.4,-8.572527594031472e-17
2019-07-18 19:00:00,27.3,91,25.7,0.6,100,0.0,4.7,81,-4.642135200797148,-0.7352419856890854
2019-07-18 20:00:00,27.0,93,25.8,0.2,100,0.0,6.1,87,-6.0916401620029,-0.3192493330819582
2019-07-18 21:00:00,27.1,94,26.0,0.0,100,0.0,5.0,60,-4.330127018922193,-2.5000000000000004
2019-07-18 22:00:00,27.1,92,25.7,0.0,100,0.0,5.4,20,-1.8469087739586112,-5.074340152243906
2019-07-18 23:00:00,26.8,94,25.8,0.0,96,0.0,5.3,28,-2.4881992827652213,-4.679622242152313
2019-07-19 00:00:00,26.7,94,25.7,0.0,73,0.0,2.9,330,1.4500000000000013,-2.5114736709748717
2019-07-19 01:00:00,26.7,94,25.6,0.2,41,0.0,8.9,339,3.189474750953177,-8.308865795825094
2019-07-19 02:00:00,26.6,94,25.5,0.1,41,0.0,9.8,354,1.0243789400230034,-9.746314574609078
2019-07-19 03:00:00,27.2,90,25.4,0.0,32,0.0,9.4,4,-0.6557108531947778,-9.377102072442348
2019-07-19 04:00:00,27.2,90,25.4,0.0,34,0.0,11.2,358,0.3908743630680092,-11.193177262613872
2019-07-19 05:00:00,27.2,90,25.4,0.0,32,0.0,12.8,344,3.528158154457586,-12.304149708010485
2019-07-19 06:00:00,27.3,90,25.5,0.0,32,0.0,8.5,306,6.876644452187055,-4.99617464448602
2019-07-19 07:00:00,27.9,89,26.0,0.0,38,29.0,9.0,293,8.284543681071964,-3.5165801564034616
2019-07-19 08:00:00,28.5,87,26.1,0.2,47,118.0,9.4,302,7.971652103870405,-4.981241083792124
2019-07-19 09:00:00,28.9,84,26.0,0.3,83,176.0,11.0,308,8.66811828967394,-6.772276228582244
2019-07-19 10:00:00,28.4,87,26.0,1.6,100,88.0,12.2,304,10.114258385171508,-6.8221534223431135
2019-07-19 11:00:00,27.6,89,25.7,6.3,100,44.0,12.3,291,11.483039245915585,-4.407925779407195
2019-07-19 12:00:00,27.5,89,25.6,7.8,100,35.0,13.3,267,13.281772812235833,0.6960682180311593
2019-07-19 13:00:00,27.9,87,25.6,3.7,100,18.0,13.1,254,12.592528216791978,3.6108493612026855
2019-07-19 14:00:00,27.9,89,25.9,4.7,100,5.0,5.3,242,4.679622242152313,2.488199282765221
2019-07-19 15:00:00,27.9,86,25.3,0.0,79,3.0,5.8,150,-2.8999999999999995,5.022947341949744
2019-07-19 16:00:00,28.1,85,25.4,0.1,88,0.0,9.4,157,-3.6728726077991736,8.65274562245294
2019-07-19 17:00:00,27.7,88,25.5,0.9,68,0.0,12.6,156,-5.1248817027550855,11.51067276629677
2019-07-19 18:00:00,27.1,89,25.2,2.4,56,0.0,14.1,161,-4.5905109778459074,13.331811915950368
2019-07-19 19:00:00,26.4,91,24.8,2.5,57,1.0,15.6,151,-7.5630300758428595,13.644067431374571
2019-07-19 20:00:00,26.0,93,24.7,2.0,60,0.0,16.3,149,-8.395120621033886,13.97182700144443
2019-07-19 21:00:00,26.0,92,24.6,0.8,83,0.0,15.5,152,-7.2768092231813055,13.685687689313369
2019-07-19 22:00:00,26.0,91,24.4,1.3,87,0.0,14.5,157,-5.66560136309447,13.347320375060386
2019-07-19 23:00:00,25.8,91,24.2,2.3,100,0.0,13.4,160,-4.583069920563963,12.591881118531171
2019-07-20 00:00:00,25.5,92,24.1,2.6,100,0.0,12.6,156,-5.1248817027550855,11.51067276629677
2019-07-20 01:00:00,25.3,93,24.0,3.1,100,0.0,12.7,151,-6.157082177128482,11.107670280670323
2019-07-20 02:00:00,25.4,93,24.1,4.4,100,0.0,13.8,152,-6.478707566445292,12.184676781453192
2019-07-20 03:00:00,25.5,94,24.5,3.7,100,0.0,14.2,153,-6.446665096301565,12.65229264347482
2019-07-20 04:00:00,25.4,95,24.5,3.8,100,0.0,14.0,151,-6.78733468344872,12.24467589995154
2019-07-20 05:00:00,25.3,94,24.2,2.6,100,0.0,15.8,139,-10.365732658050016,11.9244113675198
2019-07-20 06:00:00,25.2,93,24.1,2.4,100,0.0,14.8,137,-10.09357572892498,10.824034783963723
2019-07-20 07:00:00,25.6,92,24.1,2.8,100,0.0,13.1,148,-6.941942361454984,11.10943005964918
2019-07-20 08:00:00,26.0,91,24.4,2.3,100,1.0,13.5,164,-3.7211043035294895,12.977032895167303
2019-07-20 09:00:00,26.5,90,24.8,3.6,100,8.0,13.1,172,-1.823167622576856,12.972511700514572
2019-07-20 10:00:00,26.7,90,24.9,5.2,100,19.0,13.6,163,-3.9762551842292178,13.005744681097283
2019-07-20 11:00:00,26.5,92,25.1,5.2,100,0.0,13.3,147,-7.243699165699864,11.15431855367414
2019-07-20 12:00:00,26.6,91,25.1,4.9,100,0.0,12.1,143,-7.281961780139783,9.663489671572243
2019-07-20 13:00:00,26.5,91,24.9,3.4,86,0.0,11.3,153,-5.13009264705688,10.068373723328556
2019-07-20 14:00:00,27.0,90,25.1,2.4,100,0.0,11.8,168,-2.45335795164956,11.542141688658909
2019-07-20 15:00:00,27.6,89,25.7,1.8,100,5.0,13.8,186,1.4424927930936184,13.724402156082173
2019-07-20 16:00:00,27.2,91,25.6,2.2,100,2.0,13.8,189,2.1587956175551843,13.630099100212902
2019-07-20 17:00:00,26.5,93,25.2,2.7,100,1.0,12.2,182,0.4257738597705109,12.192568089632967
2019-07-20 18:00:00,26.3,92,24.9,2.4,100,9.0,9.0,157,-3.516580156403464,8.284543681071963
2019-07-20 19:00:00,26.3,90,24.6,1.7,99,0.0,10.6,152,-4.976398565530441,9.359244484304623
2019-07-20 20:00:00,26.2,89,24.2,0.6,100,0.0,10.5,158,-3.933369230867079,9.735430472951268
2019-07-20 21:00:00,26.2,86,23.8,0.1,95,0.0,11.2,159,-4.013721034907362,10.45610077676866
2019-07-20 22:00:00,26.4,84,23.5,0.0,88,0.0,10.0,159,-3.5836794954530022,9.335804264972015
2019-07-20 23:00:00,26.5,83,23.3,0.0,88,0.0,9.9,147,-5.39192644664877,8.302838622659698
2019-07-21 00:00:00,26.6,83,23.4,0.0,82,0.0,9.4,140,-6.042203531053471,7.2008177653183925
2019-07-21 01:00:00,26.7,82,23.4,0.0,89,0.0,9.4,140,-6.042203531053471,7.2008177653183925
2019-07-21 02:00:00,26.6,83,23.5,0.0,86,0.0,10.3,144,-6.0541880986124745,8.332875042061959
2019-07-21 03:00:00,26.2,85,23.5,0.0,86,0.0,10.4,146,-5.815606196095768,8.621990754572433
2019-07-21 04:00:00,26.3,85,23.5,0.0,83,0.0,9.8,156,-3.9860191021428446,8.952745484897488
2019-07-21 05:00:00,26.5,84,23.6,0.0,87,0.0,9.1,162,-2.812054648812022,8.654614298285896
2019-07-21 06:00:00,26.4,86,23.8,0.2,50,1.0,8.4,160,-2.8729692039356185,7.893418014601631
2019-07-21 07:00:00,26.5,87,24.3,1.4,72,18.0,9.5,171,-1.4861274178821944,9.383039235653808
2019-07-21 08:00:00,26.7,87,24.4,3.0,79,57.0,10.2,190,1.7712114122026907,10.04503908072452
2019-07-21 09:00:00,26.8,88,24.5,3.8,66,56.0,11.2,195,2.8987733051482327,10.818369254437563
2019-07-21 10:00:00,27.2,87,24.8,3.2,100,143.0,12.5,192,2.598896135221994,12.22684500917257
2019-07-21 11:00:00,28.0,84,25.0,0.9,100,249.0,12.5,192,2.598896135221994,12.22684500917257
2019-07-21 12:00:00,28.6,84,25.7,0.2,89,156.0,12.8,196,3.5281581544575875,12.304149708010485
2019-07-21 13:00:00,29.3,83,26.2,0.2,77,318.0,13.4,188,1.864919552864878,13.26959212113704
2019-07-21 14:00:00,30.1,77,25.6,0.1,98,376.0,12.6,175,-1.0981623586204932,12.552053195955994
2019-07-21 15:00:00,29.5,81,25.8,0.3,41,203.0,12.8,169,-2.442355140819776,12.5648279481301
2019-07-21 16:00:00,29.1,79,25.1,0.8,41,39.0,13.6,168,-2.8275989951215266,13.302807369979757
2019-07-21 17:00:00,28.7,81,25.2,0.0,46,41.0,13.6,168,-2.8275989951215266,13.302807369979757
2019-07-21 18:00:00,28.4,81,24.8,0.0,42,28.0,11.2,165,-2.8987733051482354,10.818369254437563
2019-07-21 19:00:00,27.7,83,24.5,0.0,38,3.0,10.6,162,-3.275580140374444,10.081199072728626
2019-07-21 20:00:00,27.5,83,24.3,0.0,42,0.0,9.4,157,-3.6728726077991736,8.65274562245294
2019-07-21 21:00:00,27.3,82,24.0,0.0,52,0.0,9.2,154,-4.033014550459511,8.268905225952336
2019-07-21 22:00:00,27.1,81,23.6,0.0,52,0.0,9.0,157,-3.516580156403464,8.284543681071963
2019-07-21 23:00:00,26.9,81,23.4,0.0,53,0.0,10.0,159,-3.5836794954530022,9.335804264972015
2019-07-22 00:00:00,26.6,81,23.2,0.0,56,0.0,9.6,160,-3.2833933759264213,9.02104915954472
2019-07-22 01:00:00,26.4,83,23.3,0.0,65,0.0,7.8,158,-2.921931428644116,7.232034065620941
2019-07-22 02:00:00,26.5,83,23.4,0.0,37,0.0,6.5,146,-3.634753872559855,5.38874422160777
2019-07-22 03:00:00,26.6,80,22.9,0.0,29,0.0,7.3,147,-3.975864955609699,6.122295146001594
2019-07-22 04:00:00,26.5,80,22.8,0.0,27,0.0,9.9,161,-3.2231247291258502,9.360633898433235
2019-07-22 05:00:00,26.3,84,23.5,0.0,36,0.0,14.8,174,-1.5470212563612753,14.718924051450443
2019-07-22 06:00:00,26.3,87,24.0,0.1,88,1.0,13.0,183,0.6803674311582664,12.98218395180946
2019-07-22 07:00:00,26.9,88,24.6,0.0,99,20.0,12.1,163,-3.537697627145113,11.57128754715273
2019-07-22 08:00:00,27.6,85,24.8,0.0,86,73.0,10.3,155,-4.352968095929205,9.334970206477497
2019-07-22 09:00:00,28.2,81,24.7,0.1,84,158.0,10.3,155,-4.352968095929205,9.334970206477497
2019-07-22 10:00:00,28.7,79,24.8,0.1,61,189.0,11.7,162,-3.615498834186885,11.127361240653295
2019-07-22 11:00:00,29.2,79,25.3,0.1,37,379.0,11.3,173,-1.3771235804781674,11.215771513546938
2019-07-22 12:00:00,28.7,82,25.3,1.3,35,328.0,11.7,191,2.232465245905573,11.485038046337667
2019-07-22 13:00:00,27.9,84,24.8,3.8,25,355.0,16.0,203,6.251698055828377,14.728077655239046
2019-07-22 14:00:00,27.9,84,24.9,0.5,38,88.0,19.7,198,6.0876347891864615,18.73581337101453
2019-07-22 15:00:00,29.3,75,24.5,0.2,55,360.0,18.6,190,3.229856104604907,18.31742420602707
2019-07-22 16:00:00,28.8,77,24.4,0.1,50,115.0,18.4,182,0.6421507393260165,18.38879121715136
2019-07-22 17:00:00,28.9,76,24.2,0.0,19,179.0,15.1,180,-1.8492166667125037e-15,15.1
2019-07-22 18:00:00,28.4,77,24.0,0.0,18,63.0,11.1,193,2.496956703216901,10.81550771911611
2019-07-22 19:00:00,27.7,79,23.7,0.0,16,9.0,10.5,184,0.7324429743133154,10.474422527728152
2019-07-22 20:00:00,27.1,82,23.7,0.0,13,0.0,9.7,184,0.6766377953180152,9.676371287520292
2019-07-22 21:00:00,26.9,83,23.8,0.0,11,0.0,9.1,171,-1.423553631866102,8.987963899415753
2019-07-22 22:00:00,26.8,84,23.9,0.0,16,0.0,9.5,169,-1.8126854560771768,9.325458242752807
2019-07-22 23:00:00,26.7,85,23.9,0.0,13,0.0,9.7,176,-0.6766377953180175,9.676371287520292
2019-07-23 00:00:00,26.4,86,23.9,0.0,11,0.0,9.7,178,-0.338525118014261,9.694091022085228
2019-07-23 01:00:00,26.1,88,23.9,0.2,28,0.0,10.4,178,-0.3629547657060119,10.393664600998596
2019-07-23 02:00:00,26.0,89,24.0,0.1,27,0.0,10.1,178,-0.3524849166952615,10.093847352892867
2019-07-23 03:00:00,25.9,89,24.0,0.0,22,0.0,9.4,178,-0.3280552690035107,9.3942737739795
2019-07-23 04:00:00,25.8,90,24.0,0.0,15,0.0,9.4,173,-1.1455718280083869,9.329933825428428
2019-07-23 05:00:00,25.6,91,24.0,0.0,32,0.0,9.2,169,-1.7554427574642135,9.030970087718508
2019-07-23 06:00:00,25.7,91,24.0,0.0,33,3.0,7.4,157,-2.891410350820626,6.811735915548059
2019-07-23 07:00:00,26.7,87,24.3,0.0,28,70.0,6.3,156,-2.5624408513775427,5.755336383148385
2019-07-23 08:00:00,27.8,82,24.4,0.0,33,228.0,7.6,175,-0.6623836448822022,7.571079705497266
2019-07-23 09:00:00,28.7,79,24.6,0.0,39,346.0,9.5,189,1.486127417882192,9.38303923565381
2019-07-23 10:00:00,29.4,76,24.8,0.0,37,512.0,11.4,198,3.5227937358743997,10.842044285764752
2019-07-23 11:00:00,29.9,76,25.1,0.0,49,589.0,13.9,205,5.87439383819572,12.597678239809436
2019-07-23 12:00:00,30.2,76,25.5,0.0,60,667.0,14.8,206,6.487892972478346,13.302151885227673
2019-07-23 13:00:00,30.3,78,25.9,0.1,85,596.0,14.3,208,6.71344334783824,12.626150577882656
2019-07-23 14:00:00,29.9,80,26.2,1.1,99,367.0,12.6,204,5.124881702755083,11.510672766296771
2019-07-23 15:00:00,29.3,79,25.2,0.3,96,163.0,13.3,199,4.330056454280185,12.575397055470914
2019-07-23 16:00:00,28.3,82,24.9,0.5,77,111.0,12.2,194,2.9514471263159434,11.837607860567156
2019-07-23 17:00:00,28.4,81,24.9,0.3,80,75.0,10.6,190,1.8406706832694628,10.438962181929403
2019-07-23 18:00:00,28.2,82,24.9,0.0,52,32.0,5.8,180,-7.10295143505465e-16,5.8
2019-07-23 19:00:00,27.6,86,24.9,0.0,45,3.0,6.3,156,-2.5624408513775427,5.755336383148385
2019-07-23 20:00:00,27.2,88,24.9,0.0,42,0.0,7.0,159,-2.5085756468171017,6.535062985480412
2019-07-23 21:00:00,26.9,89,24.9,0.0,38,0.0,7.8,167,-1.7546182238821486,7.600086505324834
2019-07-23 22:00:00,26.9,89,24.9,0.0,26,0.0,7.4,166,-1.790222027437541,7.180188374442374
2019-07-23 23:00:00,26.8,89,24.8,0.0,26,0.0,7.4,157,-2.891410350820626,6.811735915548059
2019-07-24 00:00:00,26.6,89,24.7,0.0,30,0.0,6.5,161,-2.1161930039715178,6.14587074139556
2019-07-24 01:00:00,26.3,91,24.7,0.0,32,0.0,7.4,166,-1.790222027437541,7.180188374442374
2019-07-24 02:00:00,26.1,91,24.6,0.0,34,0.0,8.0,162,-2.47213595499958,7.608452130361228
2019-07-24 03:00:00,26.3,91,24.7,0.0,35,0.0,7.3,160,-2.496747046277383,6.8597561317371305
2019-07-24 04:00:00,26.2,91,24.5,0.0,37,0.0,7.6,155,-3.211898789229316,6.887939181478539
2019-07-24 05:00:00,26.0,90,24.3,0.0,40,0.0,7.6,155,-3.211898789229316,6.887939181478539
2019-07-24 06:00:00,26.0,91,24.3,0.0,37,3.0,7.4,137,-5.046787864462489,5.412017391981862
2019-07-24 07:00:00,26.8,89,24.8,0.0,35,64.0,7.3,147,-3.975864955609699,6.122295146001594
2019-07-24 08:00:00,28.1,81,24.5,0.0,38,190.0,8.1,167,-1.822103540185308,7.892397524760404
2019-07-24 09:00:00,29.0,78,24.7,0.0,31,355.0,8.6,182,0.3001356716415077,8.594761112364223
2019-07-24 10:00:00,29.8,75,24.9,0.0,34,523.0,8.6,195,2.225843787881679,8.306962106085987
2019-07-24 11:00:00,30.2,74,24.9,0.2,69,509.0,10.6,208,4.976398565530443,9.359244484304623
2019-07-24 12:00:00,30.2,75,25.3,0.3,45,515.0,11.8,220,7.584893794301164,9.03932442880394
2019-07-24 13:00:00,30.2,78,25.8,0.3,45,576.0,12.6,233,10.062807426595889,7.582869291715808
2019-07-24 14:00:00,30.3,79,26.2,0.1,44,530.0,9.4,230,7.2008177653183925,6.042203531053471
2019-07-24 15:00:00,30.3,78,26.0,0.2,100,350.0,7.9,204,3.2132194802988217,7.217009115376547
2019-07-24 16:00:00,29.7,80,25.8,0.4,66,185.0,6.5,199,2.116193003971519,6.145870741395559
2019-07-24 17:00:00,29.3,81,25.7,0.2,42,112.0,5.8,202,2.172718241812289,5.377666356487367
2019-07-24 18:00:00,28.5,84,25.4,0.4,67,20.0,3.6,174,-0.3763024677635534,3.580278823325784
2019-07-24 19:00:00,28.0,87,25.5,0.0,41,1.0,4.8,138,-3.21182691052252,3.567095162291492
2019-07-24 20:00:00,27.6,89,25.5,0.0,36,0.0,5.4,143,-3.2498011250210603,4.312631754255382
2019-07-24 21:00:00,27.3,90,25.5,0.0,32,0.0,6.3,156,-2.5624408513775427,5.755336383148385
2019-07-24 22:00:00,27.2,90,25.4,0.0,32,0.0,6.6,158,-2.4724035165450204,6.119413440140796
2019-07-24 23:00:00,27.1,90,25.2,0.0,36,0.0,7.1,156,-2.887830165838183,6.486172749262465
2019-07-25 00:00:00,27.0,89,25.1,0.0,37,0.0,7.0,159,-2.5085756468171017,6.535062985480412
2019-07-25 01:00:00,26.9,89,25.0,0.0,35,0.0,7.0,159,-2.5085756468171017,6.535062985480412
2019-07-25 02:00:00,26.7,90,24.9,0.0,37,0.0,6.6,158,-2.4724035165450204,6.119413440140796
2019-07-25 03:00:00,26.6,89,24.7,0.0,37,0.0,6.4,153,-2.9055391983331003,5.702441754805554
2019-07-25 04:00:00,26.6,89,24.5,0.0,40,0.0,6.0,147,-3.267834210090164,5.032023407672543
2019-07-25 05:00:00,26.5,88,24.4,0.0,49,0.0,5.9,137,-4.023790324368742,4.314986839553106
2019-07-25 06:00:00,26.4,89,24.5,0.0,55,2.0,4.4,125,-3.604268994871564,2.5237363199446032
2019-07-25 07:00:00,27.2,87,24.9,0.0,42,54.0,4.6,135,-3.2526911934581184,3.252691193458118
2019-07-25 08:00:00,28.3,82,24.9,0.0,33,175.0,3.1,159,-1.1109406435904308,2.8940993221413254
2019-07-25 09:00:00,29.1,81,25.4,0.0,35,298.0,4.3,180,-5.265981236333618e-16,4.3
2019-07-25 10:00:00,29.8,77,25.4,0.0,53,324.0,5.6,207,2.542346798541461,4.98963653545486
2019-07-25 11:00:00,30.4,74,25.3,0.2,62,416.0,7.7,229,5.811263767715345,5.051654523226906
2019-07-25 12:00:00,30.7,72,25.2,0.2,60,369.0,8.7,232,6.8556935563784815,5.356254835333225
2019-07-25 13:00:00,30.6,73,25.2,0.2,66,354.0,10.3,234,8.332875042061959,6.0541880986124745
2019-07-25 14:00:00,30.5,75,25.6,0.3,67,272.0,11.0,238,9.328529057720685,5.829111906565255
2019-07-25 15:00:00,30.5,74,25.3,0.4,65,148.0,9.9,251,9.360633898433235,3.2231247291258507
2019-07-25 16:00:00,30.1,77,25.5,0.2,60,92.0,8.2,247,7.548139798310009,3.203995253612045
2019-07-25 17:00:00,29.7,78,25.5,0.1,53,19.0,6.6,229,4.981083229470295,4.329989591337347
2019-07-25 18:00:00,29.3,80,25.5,0.0,49,7.0,2.6,196,0.7166571251241974,2.499280409439629
2019-07-25 19:00:00,28.7,83,25.6,0.0,41,1.0,3.8,163,-1.111012477946399,3.633958072659535
2019-07-25 20:00:00,28.2,86,25.6,0.0,38,0.0,5.1,135,-3.606244584051392,3.606244584051392
2019-07-25 21:00:00,27.8,87,25.5,0.0,36,0.0,6.0,147,-3.267834210090164,5.032023407672543
2019-07-25 22:00:00,27.6,89,25.6,0.0,36,0.0,6.6,171,-1.0324674692655245,6.5187430479279085
2019-07-25 23:00:00,27.4,90,25.6,0.0,33,0.0,6.6,189,1.032467469265523,6.518743047927909
2019-07-26 00:00:00,27.2,92,25.7,0.0,33,0.0,6.9,186,0.7212463965468092,6.862201078041086
2019-07-26 01:00:00,26.9,93,25.7,0.0,44,0.0,5.8,173,-0.7068421917498557,5.756767679519667
2019-07-26 02:00:00,26.5,94,25.4,0.1,39,0.0,5.2,146,-2.907803098047884,4.310995377286217
2019-07-26 03:00:00,26.5,93,25.2,0.0,47,0.0,5.3,152,-2.4881992827652204,4.679622242152313
2019-07-26 04:00:00,26.5,91,25.0,0.0,60,0.0,6.3,167,-1.4171916423663506,6.1385314081469815
2019-07-26 05:00:00,26.5,90,24.8,0.0,67,0.0,6.8,162,-2.101315561749643,6.467184310807044
2019-07-26 06:00:00,26.6,89,24.6,0.0,58,1.0,5.2,146,-2.907803098047884,4.310995377286217
2019-07-26 07:00:00,27.4,86,24.8,0.0,62,25.0,6.8,155,-2.8738041798367564,6.162892951849219
2019-07-26 08:00:00,28.0,83,24.9,0.0,60,71.0,7.4,157,-2.891410350820626,6.811735915548059
2019-07-26 09:00:00,28.6,82,25.3,0.0,42,141.0,5.9,169,-1.1257730727216153,5.791600382341218
2019-07-26 10:00:00,29.2,80,25.3,0.0,38,155.0,3.3,193,0.7423384793347544,3.2154212137912763
2019-07-26 11:00:00,29.7,78,25.4,0.1,48,209.0,3.6,225,2.545584412271571,2.545584412271572
2019-07-26 12:00:00,30.1,76,25.5,0.0,65,268.0,5.5,238,4.664264528860342,2.9145559532826275
2019-07-26 13:00:00,30.3,76,25.5,0.0,49,222.0,6.4,232,5.043268823083022,3.940233442084212
2019-07-26 14:00:00,30.3,76,25.6,0.0,46,233.0,8.2,229,6.18861855782673,5.379684037722159
2019-07-26 15:00:00,30.5,75,25.6,0.0,42,104.0,6.1,230,4.672871103025765,3.9210044190878905
2019-07-26 16:00:00,30.3,77,25.8,0.0,44,109.0,6.1,242,5.385980316439454,2.863776532993933
2019-07-26 17:00:00,30.0,79,25.9,0.0,48,23.0,5.8,248,5.377666356487366,2.1727182418122912
2019-07-26 18:00:00,29.6,82,26.1,0.0,49,5.0,4.3,265,4.283637201794505,0.3747696938149304
2019-07-26 19:00:00,29.2,84,26.2,0.0,41,0.0,5.0,249,4.667902132486008,1.7918397477265036
2019-07-26 20:00:00,28.6,87,26.2,0.0,38,0.0,5.8,202,2.172718241812289,5.377666356487367
2019-07-26 21:00:00,28.1,89,26.2,0.0,37,0.0,6.8,183,0.3558845024520162,6.790680836331102
2019-07-26 22:00:00,27.8,90,26.1,0.0,43,0.0,9.2,169,-1.7554427574642135,9.030970087718508
2019-07-26 23:00:00,27.4,92,26.0,0.0,38,0.0,9.2,169,-1.7554427574642135,9.030970087718508
2019-07-27 00:00:00,26.5,93,25.2,1.5,35,0.0,8.4,170,-1.4586446924022145,8.272385125302547
2019-07-27 01:00:00,26.4,92,25.0,0.9,37,0.0,8.7,173,-1.0602632876247835,8.6351515192795
2019-07-27 02:00:00,26.4,91,24.8,0.0,35,0.0,7.6,175,-0.6623836448822022,7.571079705497266
2019-07-27 03:00:00,26.8,92,25.4,0.0,35,0.0,6.5,174,-0.6794350112397493,6.4643923198937765
2019-07-27 04:00:00,26.4,94,25.3,0.4,47,0.0,7.6,183,0.3977532674463711,7.589584464134761
2019-07-27 05:00:00,26.0,93,24.7,1.0,60,0.0,7.0,192,1.4553818357243165,6.847033205136639
2019-07-27 06:00:00,26.0,94,25.0,0.0,53,2.0,3.5,156,-1.4235782507653014,3.197409101749103
2019-07-27 07:00:00,26.7,91,25.1,0.0,54,57.0,6.1,152,-2.863776532993933,5.385980316439454
2019-07-27 08:00:00,27.5,89,25.4,0.0,34,148.0,7.1,156,-2.887830165838183,6.486172749262465
2019-07-27 09:00:00,28.7,82,25.4,0.0,37,399.0,7.3,169,-1.3929056662487782,7.165878439167947
2019-07-27 10:00:00,29.4,81,25.8,0.2,42,468.0,9.6,193,2.159530121701104,9.35395262193826
2019-07-27 11:00:00,29.4,81,25.7,0.5,40,413.0,11.8,203,4.610627316173428,10.861957270738795
2019-07-27 12:00:00,29.7,78,25.4,0.3,92,391.0,12.6,204,5.124881702755083,11.510672766296771
2019-07-27 13:00:00,29.2,81,25.5,0.2,100,242.0,8.7,173,-1.0602632876247835,8.6351515192795
2019-07-27 14:00:00,29.0,81,25.4,0.2,77,172.0,10.5,176,-0.7324429743133181,10.474422527728152
2019-07-27 15:00:00,29.5,84,26.4,0.2,68,74.0,10.5,188,1.461317560080688,10.397814721786489
2019-07-27 16:00:00,29.4,84,26.4,0.2,75,90.0,8.0,188,1.1133848076805242,7.922144549932562
2019-07-27 17:00:00,29.2,84,26.1,0.6,83,44.0,8.4,170,-1.4586446924022145,8.272385125302547
2019-07-27 18:00:00,27.9,87,25.6,1.8,60,10.0,6.5,186,0.6794350112397477,6.4643923198937765
2019-07-27 19:00:00,27.5,89,25.5,0.0,50,3.0,4.7,157,-1.8364363038995868,4.32637281122647
2019-07-27 20:00:00,27.1,90,25.3,0.0,46,0.0,4.1,135,-2.899137802864845,2.8991378028648445
2019-07-27 21:00:00,27.1,90,25.4,0.0,49,0.0,4.0,117,-3.564026096753472,1.815961998958187
2019-07-27 22:00:00,27.0,90,25.2,0.0,42,0.0,8.0,117,-7.128052193506943,3.631923997916374
2019-07-27 23:00:00,26.8,90,25.1,0.0,41,0.0,10.0,120,-8.660254037844387,4.999999999999998
2019-07-28 00:00:00,26.6,90,24.9,0.0,30,0.0,8.7,135,-6.151828996322964,6.151828996322962
2019-07-28 01:00:00,26.4,90,24.6,0.0,29,0.0,8.8,161,-2.8649997592229783,8.320563465273988
2019-07-28 02:00:00,26.3,91,24.6,0.0,26,0.0,10.6,162,-3.275580140374444,10.081199072728626
2019-07-28 03:00:00,26.5,87,24.2,0.0,26,0.0,10.2,170,-1.7712114122026887,10.04503908072452
2019-07-28 04:00:00,26.4,88,24.2,0.0,23,0.0,9.5,169,-1.8126854560771768,9.325458242752807
2019-07-28 05:00:00,26.3,89,24.3,0.0,29,0.0,8.4,170,-1.4586446924022145,8.272385125302547
2019-07-28 06:00:00,26.4,89,24.5,0.0,28,2.0,7.6,175,-0.6623836448822022,7.571079705497266
2019-07-28 07:00:00,27.2,89,25.2,0.0,27,45.0,4.1,142,-2.5242120488352,3.2308440897875594
2019-07-28 08:00:00,28.2,84,25.3,0.0,20,162.0,3.9,146,-2.180852323535913,3.2332465329646625
2019-07-28 09:00:00,29.1,80,25.3,0.0,12,377.0,4.1,218,2.5242120488351985,3.23084408978756
2019-07-28 10:00:00,29.3,79,25.3,0.3,27,502.0,4.5,241,3.9357886821272814,2.181643291108516
2019-07-28 11:00:00,29.5,78,25.2,0.5,26,382.0,2.2,279,2.1729143493093037,-0.3441558230885075
2019-07-28 12:00:00,29.7,78,25.5,0.3,40,430.0,3.7,299,3.236092916415764,-1.793795594911448
2019-07-28 13:00:00,29.6,80,25.7,0.3,41,353.0,6.3,283,6.1385314081469815,-1.4171916423663489
2019-07-28 14:00:00,29.9,81,26.2,0.4,84,530.0,3.3,276,3.281922254715302,-0.3449439287832548
2019-07-28 15:00:00,29.9,84,26.9,0.5,86,383.0,2.5,315,1.767766952966369,-1.7677669529663684
2019-07-28 16:00:00,29.7,80,26.0,0.8,94,198.0,2.6,286,2.499280409439629,-0.7166571251241984
2019-07-28 17:00:00,28.5,82,25.1,2.4,95,99.0,4.8,222,3.2118269105225195,3.5670951622914924
2019-07-28 18:00:00,27.4,86,24.9,1.9,81,42.0,1.8,169,-0.3434561916777809,1.7669289302057951
2019-07-28 19:00:00,26.8,91,25.2,0.9,58,1.0,1.5,45,-1.0606601717798214,-1.0606601717798214
2019-07-28 20:00:00,26.5,92,25.1,0.4,58,0.0,2.4,27,-1.0895771993749122,-2.138415658052083
2019-07-28 21:00:00,26.5,91,25.0,0.0,53,0.0,3.1,36,-1.8221342821066668,-2.5079526825623373
2019-07-28 22:00:00,26.5,91,24.9,0.0,63,0.0,3.3,49,-2.490541614735148,-2.1649947956686737
2019-07-28 23:00:00,26.4,91,24.9,0.0,50,0.0,3.8,41,-2.493024310163928,-2.8678964048465336
2019-07-29 00:00:00,26.3,91,24.8,0.0,48,0.0,4.3,48,-3.195522749552795,-2.8772616073430903
2019-07-29 01:00:00,26.3,91,24.6,0.0,32,0.0,4.2,59,-3.600102662948872,-2.163159914622228
2019-07-29 02:00:00,26.2,90,24.4,0.0,32,0.0,4.4,55,-3.604268994871564,-2.523736319944603
2019-07-29 03:00:00,26.7,90,25.0,0.0,26,0.0,4.4,35,-2.523736319944603,-3.604268994871564
2019-07-29 04:00:00,26.6,90,24.8,0.0,21,0.0,4.8,42,-3.2118269105225195,-3.5670951622914924
2019-07-29 05:00:00,26.5,89,24.5,0.0,36,0.0,5.6,40,-3.59961061424462,-4.289848881466277
2019-07-29 06:00:00,26.3,89,24.4,0.0,35,1.0,10.0,30,-4.999999999999999,-8.660254037844387
2019-07-29 07:00:00,27.0,88,24.7,0.0,34,39.0,9.3,28,-4.366085533908785,-8.211412613588022
2019-07-29 08:00:00,28.2,82,24.8,0.0,37,145.0,9.5,25,-4.014873486536644,-8.609923976848174
2019-07-29 09:00:00,29.4,74,24.4,0.0,34,298.0,12.4,22,-4.645121758357309,-11.497079796628164
2019-07-29 10:00:00,30.3,71,24.6,0.0,27,519.0,12.8,16,-3.5281581544575893,-12.304149708010485
2019-07-29 11:00:00,31.0,70,24.9,0.0,29,675.0,11.9,5,-1.037153338697132,-11.854716907291772
2019-07-29 12:00:00,31.5,69,25.1,0.0,26,717.0,10.8,2,-0.3769145643870105,-10.793420931806237
2019-07-29 13:00:00,31.6,69,25.3,0.0,32,621.0,9.0,16,-2.4807362023529924,-8.65135526344487
2019-07-29 14:00:00,31.2,71,25.4,0.0,52,565.0,7.2,27,-3.2687315981247367,-6.415246974156249
2019-07-29 15:00:00,30.9,74,25.8,0.1,46,405.0,6.5,34,-3.634753872559855,-5.388744221607771
2019-07-29 16:00:00,30.4,76,25.7,0.1,33,287.0,3.8,49,-2.8678964048465336,-2.493024310163928
2019-07-29 17:00:00,30.2,77,25.7,0.0,28,177.0,1.5,76,-1.4554435894139948,-0.3628828433995015
2019-07-29 18:00:00,29.8,78,25.5,0.0,29,83.0,0.4,90,-0.4,-2.4492935982947065e-17
2019-07-29 19:00:00,29.1,82,25.7,0.0,26,7.0,5.0,90,-5.0,-3.061616997868383e-16
2019-07-29 20:00:00,28.3,90,26.4,0.0,26,0.0,5.8,112,-5.377666356487367,2.17271824181229
2019-07-29 21:00:00,27.8,90,25.9,0.0,17,0.0,4.7,176,-0.32785542659739,4.688551036221174
2019-07-29 22:00:00,27.5,90,25.7,0.1,17,0.0,6.8,177,-0.3558845024520178,6.790680836331102
2019-07-29 23:00:00,27.1,91,25.5,0.5,20,0.0,5.0,120,-4.330127018922194,2.499999999999999
2019-07-30 00:00:00,26.7,92,25.2,1.3,14,0.0,5.7,108,-5.421022142882376,1.7613968679372
2019-07-30 01:00:00,26.4,93,25.1,1.4,14,0.0,5.0,90,-5.0,-3.061616997868383e-16
2019-07-30 02:00:00,26.4,93,25.1,0.7,13,0.0,6.2,69,-5.788198644282651,-2.2218812871808624
2019-07-30 03:00:00,26.1,90,24.4,0.0,12,0.0,4.1,52,-3.23084408978756,-2.524212048835199
2019-07-30 04:00:00,26.1,90,24.4,0.0,5,0.0,3.0,14,-0.7257656867990032,-2.910887178827989
2019-07-30 05:00:00,25.8,93,24.5,0.0,9,0.0,2.5,8,-0.3479327524001636,-2.475670171853926
2019-07-30 06:00:00,25.7,95,24.8,0.0,8,3.0,5.1,8,-0.7097828148963337,-5.050367150582009
2019-07-30 07:00:00,27.2,86,24.7,0.0,5,47.0,6.3,24,-2.5624408513775414,-5.755336383148386
2019-07-30 08:00:00,28.4,78,24.2,0.0,3,183.0,5.5,32,-2.914555953282627,-4.664264528860342
2019-07-30 09:00:00,29.4,74,24.3,0.0,3,375.0,6.4,16,-1.7640790772287946,-6.1520748540052415
2019-07-30 10:00:00,30.1,72,24.4,0.0,5,474.0,6.9,6,-0.721246396546809,-6.862201078041086
2019-07-30 11:00:00,30.8,70,24.6,0.0,5,696.0,6.5,360,1.5920408388915589e-15,-6.5
2019-07-30 12:00:00,31.2,69,24.8,0.0,18,637.0,5.9,349,1.1257730727216135,-5.791600382341218
2019-07-30 13:00:00,31.3,69,25.0,0.0,27,738.0,4.3,355,0.3747696938149307,-4.283637201794505
2019-07-30 14:00:00,30.9,71,25.1,0.0,36,580.0,3.9,34,-2.180852323535913,-3.233246532964663
2019-07-30 15:00:00,30.9,71,25.0,0.0,35,417.0,2.0,315,1.4142135623730954,-1.4142135623730947
2019-07-30 16:00:00,30.4,73,25.0,0.0,27,308.0,1.8,37,-1.083267041673687,-1.437543918085127
2019-07-30 17:00:00,30.0,75,25.0,0.0,28,123.0,6.3,77,-6.1385314081469815,-1.4171916423663489
2019-07-30 18:00:00,29.6,76,25.0,0.0,12,80.0,2.3,39,-1.4474368994146258,-1.7874357113510329
2019-07-30 19:00:00,29.1,79,25.1,0.0,10,9.0,3.0,104,-2.910887178827989,0.7257656867990033
2019-07-30 20:00:00,28.3,85,25.4,0.0,3,0.0,5.2,155,-2.1976149610516376,4.71280049259058
2019-07-30 21:00:00,27.7,89,25.7,0.0,5,0.0,6.1,180,-7.470345474798854e-16,6.1
2019-07-30 22:00:00,27.2,91,25.7,0.0,5,0.0,7.0,192,1.4553818357243165,6.847033205136639
2019-07-30 23:00:00,27.2,91,25.5,0.0,17,0.0,2.9,150,-1.4499999999999995,2.511473670974872
2019-07-31 00:00:00,27.5,89,25.4,0.0,15,0.0,1.8,79,-1.7669289302057951,-0.3434561916777808
2019-07-31 01:00:00,27.1,90,25.2,0.0,32,0.0,3.2,63,-2.851220877402777,-1.45276959916655
2019-07-31 02:00:00,26.0,94,25.0,0.0,42,0.0,5.6,45,-3.9597979746446654,-3.9597979746446654
2019-07-31 03:00:00,26.4,90,24.6,0.0,48,0.0,8.4,40,-5.39941592136693,-6.434773322199416
2019-07-31 04:00:00,26.6,87,24.2,0.0,45,0.0,8.4,43,-5.728786224524987,-6.143371093601032
2019-07-31 05:00:00,26.4,86,23.9,0.0,47,0.0,8.1,45,-5.727564927611035,-5.727564927611035
2019-07-31 06:00:00,26.5,84,23.6,0.0,45,0.0,11.2,33,-6.099957192168303,-9.393110360988748
2019-07-31 07:00:00,27.1,82,23.8,0.0,34,25.0,11.2,33,-6.099957192168303,-9.393110360988748
2019-07-31 08:00:00,28.3,76,23.6,0.0,26,116.0,8.9,21,-3.1894747509531727,-8.308865795825096
2019-07-31 09:00:00,29.4,73,24.1,0.0,25,367.0,7.1,15,-1.8376152202278973,-6.858073366652385
2019-07-31 10:00:00,30.3,71,24.5,0.0,17,582.0,5.4,8,-0.7515347451843534,-5.34744757120448
2019-07-31 11:00:00,30.8,69,24.5,0.0,30,442.0,3.4,328,1.801725498392897,-2.883363526931848
2019-07-31 12:00:00,30.9,70,24.8,0.0,52,456.0,3.2,297,2.8512208774027776,-1.4527695991665492
2019-07-31 13:00:00,30.7,71,24.9,0.0,45,414.0,1.3,304,1.0777488443215542,-0.7269507745119711
2019-07-31 14:00:00,30.2,75,25.2,0.2,58,209.0,2.0,45,-1.4142135623730951,-1.4142135623730951
2019-07-31 15:00:00,30.8,73,25.4,0.0,41,334.0,3.8,73,-3.633958072659535,-1.1110124779463997
2019-07-31 16:00:00,29.9,77,25.4,0.2,42,197.0,0.8,63,-0.7128052193506943,-0.3631923997916375
2019-07-31 17:00:00,29.6,79,25.6,0.0,43,76.0,5.3,242,4.679622242152313,2.488199282765221
2019-07-31 18:00:00,28.9,83,25.8,0.0,47,15.0,5.1,231,3.96344440343055,3.2095339943541727
2019-07-31 19:00:00,28.2,87,25.8,0.0,58,1.0,2.2,180,-2.694222958124177e-16,2.2
2019-07-31 20:00:00,27.9,89,25.9,0.0,48,0.0,2.4,63,-2.138415658052083,-1.0895771993749124
2019-07-31 21:00:00,27.2,93,26.0,0.0,43,0.0,1.5,104,-1.4554435894139948,0.3628828433995016
2019-07-31 22:00:00,27.2,92,25.7,0.0,43,0.0,5.9,194,1.4273391840380385,5.72474478502838
2019-07-31 23:00:00,26.9,93,25.7,0.3,44,0.0,4.3,138,-2.8772616073430908,3.1955227495527945
2019-08-01 00:00:00,26.6,94,25.5,0.4,39,0.0,5.2,102,-5.08636752381579,1.0811407922523486
2019-08-01 01:00:00,26.6,92,25.3,0.2,43,0.0,5.4,94,-5.386845871403051,0.3766849582182768
2019-08-01 02:00:00,26.5,90,24.8,0.0,47,0.0,5.9,79,-5.791600382341218,-1.125773072721615
2019-08-01 03:00:00,27.0,88,24.9,0.0,41,0.0,6.0,57,-5.032023407672544,-3.2678342100901627
2019-08-01 04:00:00,26.9,88,24.7,0.0,40,0.0,7.7,37,-4.633975678270772,-6.149493427364155
2019-08-01 05:00:00,26.5,90,24.7,0.0,32,0.0,5.5,23,-2.149021206691006,-5.062776693988422
2019-08-01 06:00:00,26.4,91,24.8,0.0,44,0.0,4.9,36,-2.8801477362331185,-3.9641832724372423
2019-08-01 07:00:00,27.2,90,25.4,0.0,42,1.0,6.3,59,-5.400153994423308,-3.244739871933341
2019-08-01 08:00:00,28.5,80,24.8,0.0,47,32.0,7.9,66,-7.217009115376547,-3.2132194802988217
2019-08-01 09:00:00,29.1,78,24.9,0.0,44,66.0,8.4,59,-7.200205325897744,-4.326319829244455
2019-08-01 10:00:00,29.5,77,25.0,0.0,45,147.0,8.2,49,-6.18861855782673,-5.379684037722159
2019-08-01 11:00:00,29.9,76,25.1,0.0,47,226.0,8.2,41,-5.379684037722159,-6.18861855782673
2019-08-01 12:00:00,30.2,74,25.1,0.2,44,381.0,8.4,43,-5.728786224524987,-6.143371093601032
2019-08-01 13:00:00,30.4,74,25.3,0.3,40,428.0,8.4,47,-6.143371093601032,-5.728786224524987
2019-08-01 14:00:00,30.5,74,25.4,0.1,35,381.0,5.7,55,-4.669166652447253,-3.2693856872009626
2019-08-01 15:00:00,30.1,73,24.7,0.0,34,67.0,3.5,24,-1.4235782507653008,-3.197409101749103
2019-08-01 16:00:00,29.5,75,24.7,0.0,49,51.0,2.3,129,-1.7874357113510333,1.4474368994146256
2019-08-01 17:00:00,28.3,81,24.8,0.3,57,7.0,5.1,172,-0.7097828148963331,5.050367150582009
2019-08-01 18:00:00,27.7,84,24.8,0.3,47,6.0,3.0,166,-0.7257656867990032,2.910887178827989
2019-08-01 19:00:00,27.4,85,24.6,0.0,84,0.0,4.0,117,-3.564026096753472,1.815961998958187
2019-08-01 20:00:00,27.2,85,24.4,0.0,92,0.0,5.1,94,-5.087576656325103,0.3557580160950391
2019-08-01 21:00:00,27.0,84,24.2,0.0,73,0.0,4.7,99,-4.642135200797148,0.7352419856890848
2019-08-01 22:00:00,26.8,86,24.3,0.0,53,0.0,2.5,135,-1.7677669529663689,1.7677669529663689
2019-08-01 23:00:00,26.5,90,24.8,0.0,51,0.0,5.8,184,0.4045875477159266,5.78587149150698
2019-08-02 00:00:00,27.1,86,24.5,0.0,55,0.0,7.3,200,2.496747046277381,6.859756131737131
2019-08-02 01:00:00,26.6,89,24.6,0.1,56,0.0,5.4,184,0.3766849582182765,5.386845871403051
2019-08-02 02:00:00,26.4,89,24.5,0.2,46,0.0,4.1,128,-3.23084408978756,2.524212048835199
2019-08-02 03:00:00,26.4,90,24.6,0.0,53,0.0,3.3,103,-3.2154212137912763,0.7423384793347546
2019-08-02 04:00:00,26.1,91,24.6,0.1,65,0.0,2.9,60,-2.511473670974872,-1.4500000000000002
2019-08-02 05:00:00,26.1,91,24.4,0.0,60,0.0,5.9,47,-4.314986839553106,-4.023790324368742
2019-08-02 06:00:00,26.2,89,24.2,0.0,36,0.0,6.5,34,-3.634753872559855,-5.388744221607771
2019-08-02 07:00:00,26.7,89,24.7,0.0,33,6.0,3.7,29,-1.7937955949114472,-3.2360929164157644
2019-08-02 08:00:00,27.9,81,24.4,0.0,49,125.0,1.4,270,1.4,2.571758278209441e-16
2019-08-02 09:00:00,28.2,83,25.0,0.3,45,239.0,2.2,261,2.172914349309303,0.3441558230885083
2019-08-02 10:00:00,28.6,84,25.5,0.3,75,360.0,3.1,339,1.1109406435904323,-2.894099322141325
2019-08-02 11:00:00,28.7,83,25.6,0.2,85,218.0,4.9,324,2.88014773623312,-3.9641832724372414
2019-08-02 12:00:00,29.1,82,25.7,0.0,71,214.0,6.7,324,3.938161190359572,-5.420413862312147
2019-08-02 13:00:00,29.1,83,26.0,0.3,73,246.0,7.9,300,6.841600689897065,-3.950000000000001
2019-08-02 14:00:00,29.0,79,25.0,1.6,91,321.0,8.9,284,8.63563196385637,-2.15310487083704
2019-08-02 15:00:00,27.9,82,24.5,4.5,100,159.0,9.7,268,9.694091022085228,0.3385251180142573
2019-08-02 16:00:00,27.3,85,24.7,1.7,77,86.0,8.3,268,8.294943864258496,0.2896658226307563
2019-08-02 17:00:00,27.4,85,24.6,0.7,100,64.0,2.5,262,2.475670171853926,0.3479327524001646
2019-08-02 18:00:00,27.1,85,24.5,0.7,100,14.0,1.4,360,3.4290110376125893e-16,-1.4
2019-08-02 19:00:00,27.1,86,24.5,0.0,71,2.0,2.1,211,1.0815799573111138,1.800051331474436
2019-08-02 20:00:00,26.8,88,24.6,0.0,78,0.0,2.3,141,-1.4474368994146258,1.7874357113510329
2019-08-02 21:00:00,26.7,89,24.7,0.0,54,0.0,3.1,45,-2.192031021678297,-2.192031021678297
2019-08-02 22:00:00,26.5,91,25.0,0.0,64,0.0,1.8,11,-0.3434561916777806,-1.7669289302057951
2019-08-02 23:00:00,26.4,91,24.8,0.0,50,0.0,1.5,284,1.4554435894139948,-0.3628828433995011
2019-08-03 00:00:00,26.7,88,24.6,0.0,47,0.0,2.6,286,2.499280409439629,-0.7166571251241984
2019-08-03 01:00:00,26.8,87,24.5,0.0,56,0.0,3.1,291,2.8940993221413254,-1.1109406435904312
2019-08-03 02:00:00,25.8,93,24.6,0.0,60,0.0,1.1,288,1.046162167924669,-0.339918693812442
2019-08-03 03:00:00,26.7,89,24.6,0.0,51,0.0,1.3,304,1.0777488443215542,-0.7269507745119711
2019-08-03 04:00:00,25.9,93,24.6,0.0,51,0.0,2.4,333,1.0895771993749126,-2.138415658052083
2019-08-03 05:00:00,25.5,94,24.5,0.0,52,0.0,3.5,336,1.4235782507653003,-3.1974091017491038
2019-08-03 06:00:00,25.6,94,24.6,0.0,35,0.0,3.5,336,1.4235782507653003,-3.1974091017491038
2019-08-03 07:00:00,27.1,88,24.8,0.0,47,37.0,4.3,336,1.7489675652259409,-3.928245467863184
2019-08-03 08:00:00,27.7,84,24.8,0.0,66,109.0,4.3,336,1.7489675652259409,-3.928245467863184
2019-08-03 09:00:00,28.5,81,24.9,0.0,65,255.0,5.6,333,2.542346798541463,-4.989636535454859
2019-08-03 10:00:00,29.1,78,24.9,0.0,67,298.0,8.4,329,4.326319829244458,-7.200205325897742
2019-08-03 11:00:00,29.5,76,24.8,0.0,78,291.0,9.5,331,4.6056913923402005,-8.30888721782426
2019-08-03 12:00:00,29.9,74,24.8,0.1,100,412.0,8.7,336,3.538608794759461,-7.947845481490628
2019-08-03 13:00:00,30.1,73,24.8,0.2,86,489.0,7.4,331,3.587591189822893,-6.47218583283153
2019-08-03 14:00:00,30.0,74,24.9,0.2,75,499.0,7.4,321,4.656970893768801,-5.750880114781583
2019-08-03 15:00:00,29.7,78,25.4,0.2,98,231.0,8.5,324,4.996174644486024,-6.876644452187052
2019-08-03 16:00:00,29.7,76,25.1,0.2,99,202.0,7.6,329,3.914289369316414,-6.514471485336052
2019-08-03 17:00:00,29.3,77,24.9,0.7,73,110.0,7.6,329,3.914289369316414,-6.514471485336052
2019-08-03 18:00:00,28.5,81,24.9,1.0,50,22.0,7.3,351,1.141971594793687,-7.210124886344505
2019-08-03 19:00:00,27.9,83,24.8,0.0,50,0.0,5.2,34,-2.907803098047884,-4.3109953772862175
2019-08-03 20:00:00,27.5,87,25.1,0.0,59,0.0,4.0,85,-3.984778792366982,-0.3486229709906325
2019-08-03 21:00:00,26.9,92,25.4,0.0,58,0.0,4.5,104,-4.366330768241984,1.088648530198505
2019-08-03 22:00:00,26.6,92,25.2,0.0,50,0.0,5.4,138,-3.613305274337835,4.012982057577928
2019-08-03 23:00:00,26.2,94,25.1,0.0,48,0.0,5.2,155,-2.1976149610516376,4.71280049259058
2019-08-04 00:00:00,26.1,94,25.1,0.0,44,0.0,5.5,157,-2.149021206691006,5.062776693988422
2019-08-04 01:00:00,26.1,95,25.1,0.0,33,0.0,3.7,151,-1.7937955949114477,3.2360929164157644
2019-08-04 02:00:00,25.8,95,24.9,0.0,32,0.0,1.8,127,-1.4375439180851268,1.0832670416736871
2019-08-04 03:00:00,26.9,89,24.9,0.0,29,0.0,3.3,103,-3.2154212137912763,0.7423384793347546
2019-08-04 04:00:00,25.9,93,24.7,0.0,22,0.0,3.3,77,-3.2154212137912763,-0.7423384793347542
2019-08-04 05:00:00,25.8,93,24.5,0.0,14,0.0,2.6,74,-2.499280409439629,-0.7166571251241979
2019-08-04 06:00:00,25.9,91,24.4,0.0,12,2.0,1.1,108,-1.046162167924669,0.3399186938124421
2019-08-04 07:00:00,27.3,89,25.2,0.0,3,72.0,1.6,153,-0.7263847995832751,1.4256104387013886
2019-08-04 08:00:00,28.4,84,25.3,0.0,6,224.0,3.3,174,-0.3449439287832573,3.281922254715301
2019-08-04 09:00:00,29.1,81,25.6,0.0,11,334.0,3.4,198,1.0506577808748208,3.2335921554035223
2019-08-04 10:00:00,29.9,78,25.7,0.0,25,493.0,4.8,243,4.276831316104166,2.179154398749825
2019-08-04 11:00:00,30.6,75,25.7,0.1,34,584.0,7.5,253,7.172285669722765,2.192787785420528
2019-08-04 12:00:00,30.9,74,25.7,0.1,35,660.0,7.6,262,7.526037322435934,1.0577155672965002
2019-08-04 13:00:00,30.9,74,25.7,0.2,33,576.0,6.8,273,6.790680836331102,-0.3558845024520188
2019-08-04 14:00:00,30.9,76,26.1,0.1,35,555.0,4.9,287,4.685893304218874,-1.43262135314141
2019-08-04 15:00:00,30.4,78,26.0,0.2,33,387.0,3.8,287,3.633958072659535,-1.1110124779463997
2019-08-04 16:00:00,29.8,80,26.0,0.1,21,184.0,2.0,315,1.4142135623730954,-1.4142135623730947
2019-08-04 17:00:00,29.7,81,26.1,0.0,22,183.0,1.1,342,0.3399186938124424,-1.0461621679246689
2019-08-04 18:00:00,29.0,83,25.8,0.4,23,71.0,2.7,113,-2.4853631043215887,1.0549740469210394
2019-08-04 19:00:00,28.6,85,25.8,0.0,14,6.0,4.1,128,-3.23084408978756,2.524212048835199
2019-08-04 20:00:00,28.0,88,25.8,0.0,7,0.0,4.9,144,-2.880147736233119,3.9641832724372414
2019-08-04 21:00:00,27.7,89,25.7,0.0,5,0.0,5.4,143,-3.2498011250210603,4.312631754255382
2019-08-04 22:00:00,27.6,89,25.6,0.0,10,0.0,6.4,128,-5.043268823083022,3.940233442084213
2019-08-04 23:00:00,27.5,89,25.5,0.0,20,0.0,7.7,118,-6.798696465013737,3.61493103345136
2019-08-05 00:00:00,27.4,89,25.4,0.0,21,0.0,5.2,106,-4.998560818879258,1.433314250248395
2019-08-05 01:00:00,27.1,91,25.5,0.0,20,0.0,5.4,110,-5.074340152243906,1.8469087739586112
2019-08-05 02:00:00,26.8,92,25.4,0.0,8,0.0,5.9,137,-4.023790324368742,4.314986839553106
2019-08-05 03:00:00,26.6,90,24.9,0.0,17,0.0,6.6,151,-3.1997434936258253,5.772490067120011
2019-08-05 04:00:00,26.6,90,24.9,0.0,17,0.0,7.6,172,-1.0577155672964964,7.5260373224359345
2019-08-05 05:00:00,26.6,90,24.9,0.0,19,0.0,6.8,162,-2.101315561749643,6.467184310807044
2019-08-05 06:00:00,26.5,91,25.0,0.0,25,2.0,5.7,162,-1.7613968679372007,5.421022142882375
2019-08-05 07:00:00,27.8,87,25.4,0.0,17,54.0,3.3,139,-2.1649947956686737,2.490541614735148
2019-08-05 08:00:00,28.6,84,25.6,0.0,10,205.0,1.4,90,-1.4,-8.572527594031472e-17
2019-08-05 09:00:00,29.3,81,25.7,0.0,24,319.0,2.2,351,0.3441558230885084,-2.172914349309303
2019-08-05 10:00:00,30.1,76,25.4,0.0,40,524.0,3.4,328,1.801725498392897,-2.883363526931848
2019-08-05 11:00:00,30.6,74,25.3,0.0,45,619.0,4.0,333,1.815961998958188,-3.564026096753471
2019-08-05 12:00:00,30.5,73,25.2,0.1,58,502.0,4.1,322,2.5242120488351985,-3.23084408978756
2019-08-05 13:00:00,30.7,73,25.2,0.2,52,556.0,6.6,319,4.329989591337348,-4.981083229470294
2019-08-05 14:00:00,30.7,74,25.5,0.1,53,345.0,7.9,317,5.387787044493736,-5.777694242791449
2019-08-05 15:00:00,30.7,73,25.2,0.0,53,144.0,7.7,323,4.633975678270772,-6.149493427364155
2019-08-05 16:00:00,30.0,76,25.2,0.2,56,32.0,4.8,48,-3.5670951622914924,-3.2118269105225195
2019-08-05 17:00:00,29.5,78,25.4,0.0,47,26.0,3.0,104,-2.910887178827989,0.7257656867990033
2019-08-05 18:00:00,29.0,81,25.4,0.0,50,14.0,4.0,180,-4.898587196589413e-16,4.0
2019-08-05 19:00:00,28.4,84,25.4,0.0,59,1.0,4.7,180,-5.755839955992562e-16,4.7
2019-08-05 20:00:00,27.9,87,25.5,0.0,42,0.0,5.4,143,-3.2498011250210603,4.312631754255382
2019-08-05 21:00:00,27.7,88,25.6,0.0,35,0.0,5.2,164,-1.433314250248396,4.998560818879258
2019-08-05 22:00:00,27.6,89,25.5,0.0,42,0.0,5.6,153,-2.542346798541462,4.989636535454859
2019-08-05 23:00:00,27.4,90,25.6,0.2,55,0.0,5.3,152,-2.4881992827652204,4.679622242152313
2019-08-06 00:00:00,26.9,94,25.8,0.3,58,0.0,5.4,160,-1.846908773958612,5.074340152243905
2019-08-06 01:00:00,26.9,93,25.8,0.2,78,0.0,6.2,170,-1.0766187015349675,6.10580806867569
2019-08-06 02:00:00,26.7,93,25.5,1.0,95,0.0,5.7,162,-1.7613968679372007,5.421022142882375
2019-08-06 03:00:00,26.8,92,25.4,0.1,75,0.0,5.5,157,-2.149021206691006,5.062776693988422
2019-08-06 04:00:00,27.1,90,25.2,0.0,69,0.0,3.1,135,-2.192031021678297,2.192031021678297
2019-08-06 05:00:00,27.0,90,25.1,0.1,68,0.0,1.4,90,-1.4,-8.572527594031472e-17
2019-08-06 06:00:00,26.8,91,25.2,0.2,54,1.0,0.8,153,-0.3631923997916375,0.7128052193506943
2019-08-06 07:00:00,27.6,87,25.3,0.0,50,46.0,1.9,112,-1.761649323676896,0.7117525274902329
2019-08-06 08:00:00,28.0,84,25.1,0.0,41,81.0,2.1,31,-1.0815799573111138,-1.800051331474436
2019-08-06 09:00:00,28.9,82,25.5,0.0,35,206.0,2.9,7,-0.3534210958749276,-2.8783838397598336
2019-08-06 10:00:00,29.3,82,26.0,0.0,28,285.0,3.5,336,1.4235782507653003,-3.1974091017491038
2019-08-06 11:00:00,29.9,82,26.4,0.1,29,377.0,4.8,318,3.211826910522519,-3.5670951622914924
2019-08-06 12:00:00,30.3,81,26.7,0.1,28,476.0,7.3,327,3.9758649556096968,-6.122295146001595
2019-08-06 13:00:00,30.7,80,26.9,0.2,33,462.0,8.1,339,2.902780391316936,-7.562001454627332
2019-08-06 14:00:00,31.0,75,26.0,0.1,47,391.0,11.2,339,4.013721034907368,-10.456100776768656
2019-08-06 15:00:00,30.9,72,25.3,0.1,52,389.0,10.1,358,0.3524849166952583,-10.093847352892867
2019-08-06 16:00:00,30.1,76,25.5,0.3,66,214.0,10.1,360,2.473786534277653e-15,-10.1
2019-08-06 17:00:00,29.7,79,25.7,0.4,74,141.0,7.0,12,-1.4553818357243151,-6.84703320513664
2019-08-06 18:00:00,29.3,80,25.6,0.0,59,38.0,5.2,348,1.0811407922523513,-5.086367523815789
2019-08-06 19:00:00,28.9,82,25.6,0.0,70,3.0,2.4,27,-1.0895771993749122,-2.138415658052083
2019-08-06 20:00:00,28.3,89,26.3,0.0,57,0.0,1.6,153,-0.7263847995832751,1.4256104387013886
2019-08-06 21:00:00,27.8,89,25.8,0.0,44,0.0,3.0,166,-0.7257656867990032,2.910887178827989
2019-08-06 22:00:00,27.3,91,25.7,0.0,54,0.0,5.4,160,-1.846908773958612,5.074340152243905
2019-08-06 23:00:00,27.0,92,25.6,0.0,44,0.0,7.9,164,-2.177535110954294,7.59396739791272
2019-08-07 00:00:00,26.7,93,25.5,0.0,50,0.0,8.6,165,-2.2258437878816806,8.306962106085987
2019-08-07 01:00:00,26.5,95,25.5,0.0,55,0.0,8.0,162,-2.47213595499958,7.608452130361228
2019-08-07 02:00:00,26.3,95,25.4,0.0,46,0.0,7.4,157,-2.891410350820626,6.811735915548059
2019-08-07 03:00:00,26.6,90,24.8,0.0,46,0.0,6.3,149,-3.2447398719333425,5.400153994423307
2019-08-07 04:00:00,26.4,90,24.6,0.0,55,0.0,5.1,135,-3.606244584051392,3.606244584051392
2019-08-07 05:00:00,26.2,90,24.5,0.0,56,0.0,5.5,122,-4.664264528860343,2.914555953282626
2019-08-07 06:00:00,26.2,90,24.4,0.0,54,2.0,5.0,120,-4.330127018922194,2.499999999999999
2019-08-07 07:00:00,27.1,86,24.7,0.0,34,70.0,4.7,99,-4.642135200797148,0.7352419856890848
2019-08-07 08:00:00,28.0,84,25.0,0.0,34,179.0,3.1,69,-2.8940993221413254,-1.1109406435904312
2019-08-07 09:00:00,28.9,81,25.3,0.0,42,338.0,4.4,9,-0.6883116461770159,-4.345828698618607
2019-08-07 10:00:00,29.8,77,25.4,0.0,68,461.0,7.3,349,1.392905666248776,-7.165878439167947
2019-08-07 11:00:00,30.8,73,25.3,0.0,86,584.0,9.8,336,3.986019102142842,-8.95274548489749
2019-08-07 12:00:00,31.4,71,25.4,0.0,100,671.0,11.0,337,4.298042413382013,-10.125553387976844
2019-08-07 13:00:00,31.4,71,25.4,0.2,73,553.0,11.3,353,1.3771235804781636,-11.21577151354694
2019-08-07 14:00:00,31.4,70,25.3,0.0,63,399.0,11.6,353,1.4136843834997077,-11.513535359039336
2019-08-07 15:00:00,31.1,73,25.7,0.0,72,296.0,8.8,351,1.3766232923540338,-8.691657397237211
2019-08-07 16:00:00,30.9,74,25.8,0.0,60,141.0,6.2,339,2.2218812871808646,-5.78819864428265
2019-08-07 17:00:00,30.6,76,25.8,0.0,40,96.0,4.1,15,-1.061158084920335,-3.96029588778518
2019-08-07 18:00:00,29.9,78,25.7,0.0,46,29.0,4.0,333,1.815961998958188,-3.564026096753471
2019-08-07 19:00:00,29.3,81,25.8,0.0,46,1.0,5.4,42,-3.613305274337834,-4.012982057577929
2019-08-07 20:00:00,28.7,86,26.1,0.0,51,0.0,5.6,50,-4.289848881466277,-3.5996106142446203
2019-08-07 21:00:00,28.1,90,26.3,0.0,56,0.0,6.1,62,-5.385980316439453,-2.863776532993934
2019-08-07 22:00:00,28.0,89,26.0,0.0,45,0.0,4.7,86,-4.688551036221174,-0.3278554265973886
2019-08-07 23:00:00,27.8,89,25.9,0.0,55,0.0,4.4,99,-4.345828698618607,0.6883116461770157
2019-08-08 00:00:00,27.7,89,25.7,0.0,60,0.0,5.8,86,-5.78587149150698,-0.4045875477159263
2019-08-08 01:00:00,27.3,92,25.8,0.4,64,0.0,5.1,98,-5.050367150582009,0.7097828148963332
2019-08-08 02:00:00,27.3,91,25.7,0.0,58,0.0,5.5,113,-5.062776693988422,2.149021206691006
2019-08-08 03:00:00,27.1,89,25.1,0.0,46,0.0,5.2,74,-4.998560818879258,-1.4333142502483958
2019-08-08 04:00:00,27.2,86,24.6,0.0,40,0.0,5.5,58,-4.664264528860343,-2.914555953282627
2019-08-08 05:00:00,27.1,86,24.5,0.0,34,0.0,6.4,74,-6.1520748540052415,-1.7640790772287946
2019-08-08 06:00:00,26.8,89,24.8,0.0,44,1.0,2.9,7,-0.3534210958749276,-2.8783838397598336
2019-08-08 07:00:00,27.9,83,24.7,0.0,35,37.0,5.4,37,-3.2498011250210608,-4.312631754255381
2019-08-08 08:00:00,28.7,78,24.4,0.0,35,116.0,4.6,39,-2.894873798829252,-3.5748714227020657
2019-08-08 09:00:00,29.4,75,24.6,0.0,34,246.0,2.9,360,7.10295143505465e-16,-2.9
2019-08-08 10:00:00,30.0,74,24.9,0.0,33,337.0,2.9,330,1.4500000000000013,-2.5114736709748717
2019-08-08 11:00:00,30.7,73,25.2,0.0,52,514.0,3.4,302,2.8833635269318485,-1.801725498392896
2019-08-08 12:00:00,30.9,72,25.3,0.0,73,509.0,5.8,330,2.9000000000000026,-5.022947341949743
2019-08-08 13:00:00,31.0,73,25.5,0.1,80,378.0,8.9,346,2.153104870837044,-8.635631963856369
2019-08-08 14:00:00,30.6,75,25.6,0.2,89,384.0,10.9,6,-1.1393602496174229,-10.84028865951418
2019-08-08 15:00:00,30.4,77,25.9,0.5,79,252.0,13.3,2,-0.4641633061432629,-13.291897999353974
2019-08-08 16:00:00,29.7,81,26.0,0.4,69,188.0,13.8,7,-1.6817969389910352,-13.697136892650244
2019-08-08 17:00:00,29.4,81,25.9,0.1,78,80.0,16.3,8,-2.2685215456490666,-16.141369520487597
2019-08-08 18:00:00,28.7,85,25.9,0.1,58,14.0,16.2,360,3.967855629237425e-15,-16.2
2019-08-08 19:00:00,28.2,87,25.8,0.1,51,0.0,18.4,359,0.3211242784460175,-18.3971975908776
2019-08-08 20:00:00,27.9,89,25.9,0.1,89,0.0,20.6,355,1.7954083006017614,-20.52161078068996
2019-08-08 21:00:00,27.8,89,25.7,0.0,100,0.0,23.7,350,4.11546181070625,-23.33994374638933
2019-08-08 22:00:00,27.8,88,25.6,0.0,100,0.0,27.5,349,5.247247372854979,-26.99474754481076
2019-08-08 23:00:00,27.9,87,25.5,0.0,100,0.0,30.3,350,5.261539783307991,-29.839674916269903
2019-08-09 00:00:00,27.8,88,25.6,0.0,100,0.0,29.4,353,3.582958696111328,-29.180856858254867
2019-08-09 01:00:00,27.7,88,25.4,0.0,82,0.0,28.0,353,3.4123416153441224,-27.791292245957017
2019-08-09 02:00:00,27.6,88,25.4,0.0,74,0.0,29.5,352,4.105606478321944,-29.212908027876324
2019-08-09 03:00:00,27.6,88,25.4,0.0,65,0.0,32.0,352,4.453539230722108,-31.688578199730248
2019-08-09 04:00:00,27.7,86,25.2,0.0,71,0.0,32.8,351,5.131050453319579,-32.39617757152051
2019-08-09 05:00:00,27.5,87,25.2,0.1,68,0.0,33.2,347,7.4683750042163295,-32.34908615086981
2019-08-09 06:00:00,27.5,87,25.2,0.2,96,0.0,33.4,353,4.070436069731917,-33.15104146482015
2019-08-09 07:00:00,27.7,87,25.3,0.1,100,19.0,31.5,349,6.010483354361157,-30.921256278601412
2019-08-09 08:00:00,27.8,86,25.2,0.4,100,90.0,30.9,348,6.42447124626878,-30.22476086267459
2019-08-09 09:00:00,28.9,81,25.3,0.0,100,176.0,32.3,348,6.715547613413643,-31.59416750370192
2019-08-09 10:00:00,30.0,76,25.3,0.0,100,361.0,30.2,345,7.8163351620961246,-29.170959953929863
2019-08-09 11:00:00,30.3,76,25.6,0.1,100,277.0,25.8,337,10.080863115023266,-23.74902521907296
2019-08-09 12:00:00,30.6,79,26.5,0.3,100,384.0,21.2,318,14.185568854807793,-15.754670300120758
2019-08-09 13:00:00,30.7,81,27.1,1.4,100,345.0,17.3,291,16.15094137840159,-6.199765527133697
2019-08-09 14:00:00,30.8,81,27.3,2.1,77,330.0,16.0,278,15.844289099865126,-2.2267696153610474
2019-08-09 15:00:00,31.0,80,27.2,0.4,50,291.0,16.2,270,16.2,2.975891721928068e-15
2019-08-09 16:00:00,30.6,83,27.4,0.9,64,192.0,13.1,262,12.97251170051457,1.8231676225768625
2019-08-09 17:00:00,30.4,84,27.4,0.9,68,125.0,8.4,245,7.612985411107862,3.549993398621873
2019-08-09 18:00:00,30.0,85,27.2,0.5,82,43.0,5.8,202,2.172718241812289,5.377666356487367
2019-08-09 19:00:00,28.9,90,27.0,3.1,90,1.0,9.4,176,-0.65571085319478,9.377102072442348
2019-08-09 20:00:00,28.5,91,26.9,2.3,100,0.0,10.5,184,0.7324429743133154,10.474422527728152
2019-08-09 21:00:00,28.2,92,26.7,4.8,100,0.0,11.4,169,-2.1752225472926128,11.19054989130337
2019-08-09 22:00:00,28.3,92,26.9,5.1,100,0.0,13.8,187,1.681796938991033,13.697136892650246
2019-08-09 23:00:00,28.4,92,27.0,2.9,100,0.0,19.7,215,11.299455796115607,16.137295272493137
2019-08-10 00:00:00,28.6,92,27.2,2.5,100,0.0,22.2,223,15.140363593387464,16.236052175945588
2019-08-10 01:00:00,28.6,93,27.3,4.0,100,0.0,23.7,229,17.886617051279696,15.548598987075025
2019-08-10 02:00:00,28.6,91,27.0,3.4,100,0.0,27.0,236,22.38401445898613,15.098208393710156
2019-08-10 03:00:00,28.5,91,26.9,4.0,95,0.0,27.9,232,21.985500025627545,17.17695516158586
2019-08-10 04:00:00,28.4,91,26.7,4.5,100,0.0,31.0,232,24.428333361808384,19.0855057350954
2019-08-10 05:00:00,28.3,90,26.6,1.8,100,0.0,31.1,228,23.111804072346967,20.809961857760488
2019-08-10 06:00:00,28.5,90,26.7,0.5,54,0.0,24.7,222,16.5275259770638,18.35567718929164
2019-08-10 07:00:00,28.6,90,26.8,0.2,64,4.0,26.0,223,17.731957361624957,19.015196242098437
2019-08-10 08:00:00,28.6,89,26.7,1.3,81,64.0,24.4,214,13.644306844686218,20.228516770343017
2019-08-10 09:00:00,29.5,87,27.1,0.4,57,177.0,21.6,208,10.140585756175245,19.071668005752823
2019-08-10 10:00:00,30.5,80,26.8,1.4,51,338.0,26.0,222,17.397395765330316,19.32176546241225
2019-08-10 11:00:00,30.2,84,27.1,2.9,58,305.0,26.5,226,19.062504708974256,18.408446817163423
2019-08-10 12:00:00,30.3,83,27.2,1.2,62,255.0,23.6,218,14.529610817685532,18.59705378511864
2019-08-10 13:00:00,30.6,83,27.3,1.1,52,214.0,25.0,224,17.36645926147493,17.983495008466278
2019-08-10 14:00:00,30.6,83,27.3,1.0,59,255.0,22.4,228,16.64644409069363,14.98852558243842
2019-08-10 15:00:00,30.8,82,27.3,0.2,60,338.0,17.7,204,7.199238582441663,16.169754600274036
2019-08-10 16:00:00,29.8,82,26.4,0.9,77,226.0,17.1,208,8.027963723638734,15.09840383788765
2019-08-10 17:00:00,29.9,84,27.0,0.6,97,116.0,12.2,182,0.4257738597705109,12.192568089632967
2019-08-10 18:00:00,28.9,89,26.8,1.2,100,39.0,11.5,182,0.4013442120787603,11.4929945107196
2019-08-10 19:00:00,28.1,91,26.4,2.1,100,1.0,10.7,168,-2.2246550917500247,10.46617932785172
2019-08-10 20:00:00,27.6,93,26.3,2.3,100,0.0,11.9,155,-5.0291573147143245,10.785062665736136
2019-08-10 21:00:00,27.5,93,26.2,1.9,100,0.0,11.8,160,-4.035837691242893,11.08837292527372
2019-08-10 22:00:00,27.5,93,26.2,2.7,100,0.0,12.1,170,-2.1011429497698564,11.916173811447717
2019-08-10 23:00:00,27.4,94,26.3,2.5,100,0.0,13.0,175,-1.1330246557195565,12.950531075192693
2019-08-11 00:00:00,27.0,95,26.1,2.6,100,0.0,14.1,183,0.7379369830255043,14.080676440039491
2019-08-11 01:00:00,26.8,95,25.9,2.4,100,0.0,13.9,197,4.063966695646041,13.292636107886192
2019-08-11 02:00:00,26.8,94,25.8,1.8,100,0.0,11.8,192,2.4533579516495623,11.542141688658909
2019-08-11 03:00:00,26.6,94,25.5,1.9,100,0.0,10.5,184,0.7324429743133154,10.474422527728152
2019-08-11 04:00:00,26.5,94,25.4,1.8,100,0.0,10.9,174,-1.1393602496174258,10.84028865951418
2019-08-11 05:00:00,26.2,94,25.2,3.6,100,0.0,10.9,174,-1.1393602496174258,10.84028865951418
2019-08-11 06:00:00,25.9,95,25.0,3.6,100,0.0,8.6,158,-3.221616703376845,7.97378114927437
2019-08-11 07:00:00,26.1,94,25.0,2.9,100,7.0,8.7,150,-4.349999999999999,7.534421012924616
2019-08-11 08:00:00,26.4,91,24.9,1.9,100,49.0,10.4,160,-3.5570094905869563,9.772803256173448
2019-08-11 09:00:00,26.8,90,25.0,1.2,100,9.0,11.2,159,-4.013721034907362,10.45610077676866
2019-08-11 10:00:00,27.4,87,25.1,0.9,100,37.0,11.3,163,-3.303800263366924,10.806243742382302
2019-08-11 11:00:00,28.0,86,25.3,0.7,100,133.0,11.7,171,-1.8302832409707024,11.55595358496311
2019-08-11 12:00:00,28.9,83,25.8,0.3,86,226.0,10.4,178,-0.3629547657060119,10.393664600998596
2019-08-11 13:00:00,29.6,81,26.0,0.2,100,301.0,12.8,202,4.794964395723674,11.86795333845488
2019-08-11 14:00:00,28.5,84,25.6,2.0,100,160.0,12.5,192,2.598896135221994,12.22684500917257
2019-08-11 15:00:00,29.0,83,25.8,0.6,100,92.0,10.5,184,0.7324429743133154,10.474422527728152
2019-08-11 16:00:00,28.3,85,25.6,1.6,82,115.0,11.8,200,4.03583769124289,11.08837292527372
2019-08-11 17:00:00,28.5,84,25.5,0.4,97,64.0,10.8,182,0.3769145643870097,10.793420931806237
2019-08-11 18:00:00,28.2,86,25.7,0.3,100,31.0,8.3,162,-2.5648410533120645,7.893769085249775
2019-08-11 19:00:00,27.6,88,25.5,0.3,100,2.0,10.0,150,-4.999999999999999,8.660254037844387
2019-08-11 20:00:00,27.3,89,25.3,0.1,100,0.0,10.6,156,-4.311408416603484,9.683581851011567
2019-08-11 21:00:00,27.2,88,25.0,0.0,67,0.0,10.5,158,-3.933369230867079,9.735430472951268
2019-08-11 22:00:00,27.1,88,24.9,0.0,44,0.0,11.2,159,-4.013721034907362,10.45610077676866
2019-08-11 23:00:00,27.1,87,24.8,0.2,58,0.0,10.5,172,-1.461317560080686,10.397814721786489
2019-08-12 00:00:00,26.7,91,25.0,0.7,76,0.0,10.4,182,0.3629547657060094,10.393664600998596
2019-08-12 01:00:00,26.6,91,25.1,0.7,89,0.0,9.0,182,0.3140954703225081,8.994517443171862
2019-08-12 02:00:00,26.5,91,25.0,0.7,100,0.0,7.6,172,-1.0577155672964964,7.5260373224359345
2019-08-12 03:00:00,26.4,91,24.9,1.5,100,0.0,7.2,174,-0.7526049355271069,7.160557646651568
2019-08-12 04:00:00,26.5,91,24.9,1.8,100,0.0,6.6,167,-1.4846769586695103,6.430842427582552
2019-08-12 05:00:00,26.4,91,24.9,1.2,100,0.0,6.4,153,-2.9055391983331003,5.702441754805554
2019-08-12 06:00:00,26.2,92,24.8,0.6,100,0.0,7.0,159,-2.5085756468171017,6.535062985480412
2019-08-12 07:00:00,26.6,91,25.0,0.2,100,19.0,8.6,158,-3.221616703376845,7.97378114927437
2019-08-12 08:00:00,27.5,86,25.0,0.2,100,88.0,8.0,162,-2.47213595499958,7.608452130361228
2019-08-12 09:00:00,28.3,84,25.3,0.2,59,276.0,8.0,162,-2.47213595499958,7.608452130361228
2019-08-12 10:00:00,28.8,82,25.5,0.1,55,210.0,10.0,150,-4.999999999999999,8.660254037844387
2019-08-12 11:00:00,29.7,81,26.0,0.0,53,523.0,10.2,157,-3.985457510590592,9.389149505214892
2019-08-12 12:00:00,30.3,79,26.3,0.0,38,522.0,10.4,166,-2.5159877142365445,10.091075553270365
2019-08-12 13:00:00,30.7,79,26.7,0.0,36,540.0,10.1,178,-0.3524849166952615,10.093847352892867
2019-08-12 14:00:00,30.8,77,26.3,0.8,41,481.0,8.6,178,-0.3001356716415098,8.594761112364223
2019-08-12 15:00:00,30.1,83,26.9,1.1,43,211.0,8.4,190,1.458644692402216,8.272385125302547
2019-08-12 16:00:00,29.4,81,25.9,2.6,66,166.0,8.8,189,1.3766232923540305,8.691657397237213
2019-08-12 17:00:00,28.8,85,26.0,0.3,52,1.0,7.6,172,-1.0577155672964964,7.5260373224359345
2019-08-12 18:00:00,28.5,86,26.0,0.0,47,0.0,5.8,187,0.7068421917498544,5.756767679519668
2019-08-12 19:00:00,28.1,88,26.0,0.0,39,0.0,10.4,194,2.5159877142365423,10.091075553270365
2019-08-12 20:00:00,27.8,90,26.0,0.0,32,0.0,12.6,182,0.4397336584515113,12.592324420440606
2019-08-12 21:00:00,27.3,91,25.7,1.2,45,0.0,12.1,168,-2.515731458894888,11.835585968879048
2019-08-12 22:00:00,26.6,92,25.2,3.2,100,0.0,10.1,184,0.7045403848156653,10.075396907624224
2019-08-12 23:00:00,26.5,93,25.3,1.0,100,0.0,9.8,174,-1.0243789400230068,9.746314574609078
2019-08-13 00:00:00,26.1,95,25.2,1.6,100,0.0,8.6,158,-3.221616703376845,7.97378114927437
2019-08-13 01:00:00,26.1,95,25.2,0.4,100,0.0,8.9,140,-5.720809726210201,6.817795543758904
2019-08-13 02:00:00,26.2,94,25.1,0.6,59,0.0,7.6,161,-2.47431797387439,7.185941174554808
2019-08-13 03:00:00,26.2,93,24.9,0.4,74,0.0,6.7,164,-1.8467702839738949,6.440453362786736
2019-08-13 04:00:00,25.9,92,24.5,2.4,100,0.0,8.9,159,-3.189474750953172,8.308865795825096
2019-08-13 05:00:00,25.4,95,24.5,4.5,100,0.0,9.8,156,-3.9860191021428446,8.952745484897488
2019-08-13 06:00:00,25.3,95,24.5,3.7,100,0.0,10.0,167,-2.249510543438652,9.743700647852352
2019-08-13 07:00:00,25.5,94,24.5,2.9,100,22.0,10.9,186,1.139360249617423,10.84028865951418
2019-08-13 08:00:00,25.8,91,24.2,3.3,100,48.0,11.9,194,2.878870557636044,11.54651914268436
2019-08-13 09:00:00,26.0,90,24.3,2.4,100,68.0,12.7,187,1.5477406612453708,12.60533612584479
2019-08-13 10:00:00,26.6,87,24.3,0.2,100,68.0,10.1,182,0.352484916695259,10.093847352892867
2019-08-13 11:00:00,27.9,82,24.4,0.0,100,90.0,8.6,158,-3.221616703376845,7.97378114927437
2019-08-13 12:00:00,28.6,81,24.9,0.1,100,195.0,8.7,156,-3.5386087947594635,7.947845481490626
2019-08-13 13:00:00,28.4,83,25.3,0.7,100,159.0,9.8,144,-5.760295472466238,7.928366544874485
2019-08-13 14:00:00,28.6,81,25.1,0.9,71,154.0,8.2,157,-3.2039952536120446,7.54813979831001
2019-08-13 15:00:00,28.2,83,25.0,1.2,57,13.0,9.0,182,0.3140954703225081,8.994517443171862
2019-08-13 16:00:00,28.3,83,25.1,0.0,79,23.0,9.1,198,2.8120546488120204,8.654614298285898
2019-08-13 17:00:00,28.3,84,25.3,0.0,62,17.0,9.6,200,3.283393375926419,9.02104915954472
2019-08-13 18:00:00,28.2,85,25.5,0.0,50,6.0,7.6,188,1.057715567296498,7.526037322435934
2019-08-13 19:00:00,27.6,88,25.4,0.3,60,0.0,7.6,155,-3.211898789229316,6.887939181478539
2019-08-13 20:00:00,26.6,91,25.1,1.3,41,0.0,10.2,138,-6.825132184860355,7.58007721986942
2019-08-13 21:00:00,26.3,93,25.1,0.7,14,0.0,11.0,142,-6.772276228582243,8.668118289673941
2019-08-13 22:00:00,26.4,91,24.9,0.1,37,0.0,11.9,155,-5.0291573147143245,10.785062665736136
2019-08-13 23:00:00,26.4,91,24.8,0.4,62,0.0,11.7,171,-1.8302832409707024,11.55595358496311
2019-08-14 00:00:00,26.1,92,24.7,1.0,71,0.0,10.8,178,-0.3769145643870124,10.793420931806237
2019-08-14 01:00:00,26.0,92,24.5,0.8,96,0.0,10.2,188,1.4195656297926682,10.100734301164016
2019-08-14 02:00:00,25.9,92,24.5,0.5,100,0.0,9.0,180,-1.102182119232618e-15,9.0
2019-08-14 03:00:00,26.0,93,24.8,0.9,100,0.0,7.2,180,-8.817456953860943e-16,7.2
2019-08-14 04:00:00,25.9,93,24.7,1.2,100,0.0,6.3,193,1.417191642366349,6.1385314081469815
2019-08-14 05:00:00,25.9,93,24.6,1.7,100,0.0,7.1,195,1.8376152202278973,6.858073366652385
2019-08-14 06:00:00,25.7,93,24.5,1.7,100,0.0,8.0,170,-1.3891854213354422,7.878462024097664
2019-08-14 07:00:00,26.0,93,24.8,1.1,100,14.0,8.0,162,-2.47213595499958,7.608452130361228
2019-08-14 08:00:00,26.4,92,25.1,0.6,100,75.0,8.9,153,-4.040515447681967,7.929958065276474
2019-08-14 09:00:00,26.9,90,25.1,0.4,100,80.0,10.3,155,-4.352968095929205,9.334970206477497
2019-08-14 10:00:00,27.9,86,25.4,0.1,43,295.0,11.8,157,-4.610627316173431,10.861957270738795
2019-08-14 11:00:00,28.7,84,25.8,0.0,44,275.0,11.3,173,-1.3771235804781674,11.215771513546938
2019-08-14 12:00:00,29.8,78,25.6,0.1,53,491.0,11.1,193,2.496956703216901,10.81550771911611
2019-08-14 13:00:00,29.9,79,25.9,0.0,80,468.0,10.7,194,2.588564282916442,10.382164271153162
2019-08-14 14:00:00,29.5,82,26.0,0.0,94,305.0,11.4,198,3.5227937358743997,10.842044285764752
2019-08-14 15:00:00,29.6,83,26.4,0.2,57,396.0,15.3,204,6.223070639059744,13.977245501931794
2019-08-14 16:00:00,28.5,85,25.8,2.1,68,221.0,16.3,198,5.0369770083116405,15.502221215611003
2019-08-14 17:00:00,27.8,88,25.6,1.1,96,90.0,15.2,194,3.677212813114946,14.748495039395143
2019-08-14 18:00:00,27.2,89,25.3,1.0,54,47.0,13.0,177,-0.6803674311582695,12.98218395180946
2019-08-14 19:00:00,26.7,92,25.3,0.5,70,2.0,13.5,171,-2.111865278043118,13.33379259803436
2019-08-14 20:00:00,26.3,93,25.1,1.7,88,0.0,15.7,164,-4.327506486326888,15.091808626231606
2019-08-14 21:00:00,26.2,93,25.0,0.4,51,0.0,15.3,156,-6.223070639059747,13.977245501931792
2019-08-14 22:00:00,26.4,91,24.9,0.0,69,0.0,12.8,158,-4.794964395723677,11.867953338454878
2019-08-14 23:00:00,26.1,92,24.7,0.5,95,0.0,11.8,168,-2.45335795164956,11.542141688658909
2019-08-15 00:00:00,26.0,92,24.6,1.2,100,0.0,12.3,173,-1.4989929238833148,12.20831766518826
2019-08-15 01:00:00,25.7,93,24.6,1.6,100,0.0,11.5,182,0.4013442120787603,11.4929945107196
2019-08-15 02:00:00,25.7,93,24.6,1.8,100,0.0,10.8,182,0.3769145643870097,10.793420931806237
2019-08-15 03:00:00,26.0,93,24.7,1.1,100,0.0,10.9,188,1.5169868004647142,10.793921949283115
2019-08-15 04:00:00,26.1,93,24.9,1.6,100,0.0,10.6,190,1.8406706832694628,10.438962181929403
2019-08-15 05:00:00,26.1,94,25.0,1.6,100,0.0,10.4,200,3.557009490586954,9.772803256173448
2019-08-15 06:00:00,26.0,95,25.1,1.8,100,0.0,11.4,198,3.5227937358743997,10.842044285764752
2019-08-15 07:00:00,26.3,93,25.1,1.8,100,6.0,12.6,200,4.309453805903425,11.840127021902443
2019-08-15 08:00:00,26.8,91,25.2,2.1,100,64.0,13.4,207,6.083472696509925,11.93948742412413
2019-08-15 09:00:00,27.0,90,25.2,2.3,100,56.0,15.5,211,7.98309016110584,13.28609316088274
2019-08-15 10:00:00,27.5,88,25.2,2.2,100,174.0,16.6,219,10.446718491427305,12.900622960185716
2019-08-15 11:00:00,28.7,82,25.3,0.6,100,354.0,16.8,222,11.24139418682882,12.484833068020224
2019-08-15 12:00:00,28.5,82,25.1,1.9,100,337.0,13.6,212,7.206901993571585,11.533454107727394
2019-08-15 13:00:00,29.4,79,25.4,1.0,100,283.0,13.2,206,5.786499137615822,11.864081411149003
2019-08-15 14:00:00,28.5,82,25.1,4.6,100,205.0,15.8,215,9.06250769434653,12.94260229976607
2019-08-15 15:00:00,28.3,85,25.6,1.2,100,72.0,15.8,197,4.619472934619242,15.10961514421596
2019-08-15 16:00:00,28.2,85,25.4,0.7,100,120.0,16.8,195,4.348159957722349,16.22755388165635
2019-08-15 17:00:00,27.7,88,25.6,0.6,100,91.0,18.0,196,4.961472404705982,17.30271052688974
2019-08-15 18:00:00,27.5,90,25.6,0.5,100,42.0,13.7,180,-1.6777661148318738e-15,13.7
2019-08-15 19:00:00,26.9,93,25.6,0.7,100,1.0,13.3,180,-1.62878024286598e-15,13.3
2019-08-15 20:00:00,26.5,93,25.4,1.3,100,0.0,12.7,172,-1.7674983821928296,12.576404473017943
2019-08-15 21:00:00,26.1,94,25.1,1.6,100,0.0,11.5,166,-2.782101799396179,11.15840085217396
2019-08-15 22:00:00,25.9,95,24.9,1.1,100,0.0,10.5,153,-4.766900247265242,9.355568503977862
2019-08-15 23:00:00,25.8,95,24.9,1.6,100,0.0,10.5,149,-5.407899786555571,9.000256657372178
2019-08-16 00:00:00,25.7,95,24.8,1.5,100,0.0,11.3,153,-5.13009264705688,10.068373723328556
2019-08-16 01:00:00,25.6,95,24.7,0.8,100,0.0,10.8,159,-3.8703738550892415,10.08266860616978
2019-08-16 02:00:00,25.9,93,24.7,1.3,100,0.0,9.5,169,-1.8126854560771768,9.325458242752807
2019-08-16 03:00:00,25.8,92,24.4,2.0,100,0.0,8.7,175,-0.7582549619046263,8.666893873398186
2019-08-16 04:00:00,25.7,93,24.4,2.0,100,0.0,9.4,182,0.3280552690035084,9.3942737739795
2019-08-16 05:00:00,25.7,94,24.6,2.7,100,0.0,9.9,190,1.7191169589026116,9.74959675482086
2019-08-16 06:00:00,25.6,94,24.7,2.5,100,0.0,10.4,200,3.557009490586954,9.772803256173448
2019-08-16 07:00:00,25.7,95,24.7,1.0,100,9.0,11.4,191,2.17522254729261,11.19054989130337
2019-08-16 08:00:00,26.0,92,24.6,0.8,100,4.0,11.2,176,-0.7812725059342058,11.17271736291003
2019-08-16 09:00:00,26.4,92,25.0,0.8,100,31.0,13.1,171,-2.049291492027026,12.938717261796302
2019-08-16 10:00:00,27.3,89,25.2,0.6,100,141.0,13.0,180,-1.5920408388915589e-15,13.0
2019-08-16 11:00:00,28.0,85,25.2,0.8,100,130.0,14.8,209,7.175182379645787,12.94437166566306
2019-08-16 12:00:00,27.6,84,24.7,6.8,100,175.0,15.0,226,10.790097005079769,10.41987555688496
2019-08-16 13:00:00,27.1,88,25.0,6.4,100,116.0,17.6,227,12.8718251484974,12.003171137099976
2019-08-16 14:00:00,27.2,86,24.7,2.0,100,72.0,18.6,223,12.685169497162471,13.603178850116574
2019-08-16 15:00:00,26.9,89,25.0,1.7,100,68.0,16.2,212,8.584692080577918,13.7383791577341
2019-08-16 16:00:00,26.7,92,25.4,5.0,100,3.0,14.3,205,6.043441142892,12.960201354624097
2019-08-16 17:00:00,26.3,94,25.2,5.3,100,10.0,11.3,189,1.7677094549546073,11.160878248725057
2019-08-16 18:00:00,26.4,94,25.3,1.4,100,0.0,8.7,175,-0.7582549619046263,8.666893873398186
2019-08-16 19:00:00,26.4,94,25.3,0.8,100,0.0,10.5,158,-3.933369230867079,9.735430472951268
2019-08-16 20:00:00,26.2,94,25.2,1.5,100,0.0,12.1,150,-6.049999999999999,10.478907385791707
2019-08-16 21:00:00,26.3,93,25.0,3.5,60,0.0,13.4,156,-5.450271017215726,12.241509132410853
2019-08-16 22:00:00,26.1,93,24.8,2.1,95,0.0,12.4,163,-3.625409138561934,11.85817897394164
2019-08-16 23:00:00,26.0,93,24.7,2.4,100,0.0,11.3,158,-4.233054505599808,10.477177556604698
2019-08-17 00:00:00,25.8,93,24.6,2.3,100,0.0,11.3,158,-4.233054505599808,10.477177556604698
2019-08-17 01:00:00,25.6,94,24.5,3.0,100,0.0,10.4,160,-3.5570094905869563,9.772803256173448
2019-08-17 02:00:00,25.3,94,24.3,2.8,100,0.0,8.3,180,-1.0164568432923032e-15,8.3
2019-08-17 03:00:00,25.4,92,24.0,2.7,100,0.0,6.6,189,1.032467469265523,6.518743047927909
2019-08-17 04:00:00,25.4,92,24.0,2.4,100,0.0,5.8,176,-0.404587547715928,5.78587149150698
2019-08-17 05:00:00,25.2,93,23.9,2.1,100,0.0,7.7,152,-3.6149310334513594,6.798696465013738
2019-08-17 06:00:00,24.9,93,23.7,2.0,100,0.0,9.8,126,-7.928366544874485,5.760295472466236
2019-08-17 07:00:00,24.9,93,23.6,0.8,100,0.0,11.3,121,-9.68599049793387,5.819930246483613
2019-08-17 08:00:00,25.4,90,23.7,0.7,100,3.0,11.1,119,-9.708278749247294,5.381386784734341
2019-08-17 09:00:00,26.2,88,24.0,0.6,83,48.0,8.9,137,-6.069785404556237,6.509047944410617
2019-08-17 10:00:00,27.6,83,24.4,0.0,100,105.0,7.4,166,-1.790222027437541,7.180188374442374
2019-08-17 11:00:00,28.1,82,24.8,0.3,100,118.0,7.6,175,-0.6623836448822022,7.571079705497266
2019-08-17 12:00:00,28.0,84,25.1,1.9,92,288.0,8.3,178,-0.2896658226307595,8.294943864258496
2019-08-17 13:00:00,27.9,85,25.1,1.9,100,152.0,12.0,171,-1.877213580482772,11.852260087141651
2019-08-17 14:00:00,27.8,86,25.2,0.6,100,148.0,13.3,182,0.464163306143262,13.291897999353974
2019-08-17 15:00:00,27.4,85,24.6,0.0,100,34.0,13.0,180,-1.5920408388915589e-15,13.0
2019-08-17 16:00:00,27.5,84,24.5,0.0,100,44.0,10.7,160,-3.659615533584657,10.05471104240922
2019-08-17 17:00:00,27.6,83,24.6,0.0,63,19.0,7.1,195,1.8376152202278973,6.858073366652385
2019-08-17 18:00:00,27.4,85,24.6,0.0,61,3.0,7.7,233,6.149493427364155,4.633975678270772
2019-08-17 19:00:00,27.0,86,24.6,0.0,76,1.0,9.4,223,6.410784584587485,6.874724795220204
2019-08-17 20:00:00,26.7,89,24.7,0.0,83,0.0,9.5,205,4.014873486536644,8.609923976848176
2019-08-17 21:00:00,26.8,89,24.9,0.0,100,0.0,9.2,191,1.7554427574642113,9.030970087718508
2019-08-17 22:00:00,26.7,90,24.9,0.2,100,0.0,9.1,189,1.4235536318660995,8.987963899415753
2019-08-17 23:00:00,26.4,92,24.9,0.6,100,0.0,8.8,189,1.3766232923540305,8.691657397237213
2019-08-18 00:00:00,26.1,93,25.0,0.7,100,0.0,7.9,180,-9.67470971326409e-16,7.9
2019-08-18 01:00:00,25.7,94,24.6,2.5,100,0.0,6.9,171,-1.0793978087775935,6.81504955010645
2019-08-18 02:00:00,25.4,94,24.5,2.3,100,0.0,6.4,164,-1.764079077228795,6.1520748540052415
2019-08-18 03:00:00,25.6,94,24.5,4.2,100,0.0,6.5,177,-0.3401837155791347,6.49109197590473
2019-08-18 04:00:00,25.5,93,24.4,3.2,100,0.0,6.7,164,-1.8467702839738949,6.440453362786736
2019-08-18 05:00:00,25.3,94,24.3,2.8,100,0.0,6.3,167,-1.4171916423663506,6.1385314081469815
2019-08-18 06:00:00,25.2,95,24.3,3.4,100,0.0,5.4,176,-0.3766849582182778,5.386845871403051
2019-08-18 07:00:00,25.4,95,24.5,4.5,100,0.0,7.9,164,-2.177535110954294,7.59396739791272
2019-08-18 08:00:00,25.8,92,24.3,4.3,100,0.0,7.6,177,-0.3977532674463729,7.589584464134761
2019-08-18 09:00:00,25.9,92,24.6,1.3,97,0.0,7.6,183,0.3977532674463711,7.589584464134761
2019-08-18 10:00:00,26.3,92,24.9,1.1,89,20.0,8.3,182,0.2896658226307575,8.294943864258496
2019-08-18 11:00:00,26.3,93,25.1,1.4,76,1.0,8.6,182,0.3001356716415077,8.594761112364223
2019-08-18 12:00:00,26.2,94,25.1,1.2,100,0.0,9.0,182,0.3140954703225081,8.994517443171862
2019-08-18 13:00:00,26.6,92,25.1,1.1,100,4.0,9.0,196,2.480736202352991,8.65135526344487
2019-08-18 14:00:00,26.7,92,25.2,1.5,100,17.0,10.2,212,5.405176495178688,8.650090580795545
2019-08-18 15:00:00,26.5,90,24.8,2.5,100,11.0,9.2,201,3.296985135816764,8.588939923774255
2019-08-18 16:00:00,26.4,90,24.6,1.7,100,16.0,8.8,192,1.829622879196284,8.60769888645749
2019-08-18 17:00:00,26.2,92,24.8,2.2,100,6.0,9.4,182,0.3280552690035084,9.3942737739795
2019-08-18 18:00:00,25.8,93,24.6,2.5,96,1.0,8.4,187,1.0237024846032374,8.337387673787106
2019-08-18 19:00:00,25.8,92,24.3,2.5,100,0.0,10.6,190,1.8406706832694628,10.438962181929403
2019-08-18 20:00:00,25.5,93,24.4,2.5,100,0.0,11.3,189,1.7677094549546073,11.160878248725057
2019-08-18 21:00:00,25.5,94,24.4,2.9,100,0.0,8.1,193,1.8221035401853063,7.892397524760405
2019-08-18 22:00:00,25.4,94,24.4,3.1,100,0.0,5.8,184,0.4045875477159266,5.78587149150698
2019-08-18 23:00:00,25.4,94,24.4,3.6,98,0.0,6.0,147,-3.267834210090164,5.032023407672543
2019-08-19 00:00:00,25.3,94,24.3,3.5,90,0.0,7.2,143,-4.333068166694747,5.750175672340509
2019-08-19 01:00:00,25.2,94,24.2,3.5,90,0.0,8.0,144,-4.702282018339786,6.472135954999579
2019-08-19 02:00:00,25.3,93,24.1,3.6,89,0.0,7.6,149,-3.914289369316413,6.514471485336053
2019-08-19 03:00:00,25.5,89,23.5,0.7,87,0.0,8.9,148,-4.716281451675524,7.547628055792192
2019-08-19 04:00:00,25.3,89,23.4,0.7,90,0.0,9.4,157,-3.6728726077991736,8.65274562245294
2019-08-19 05:00:00,25.2,90,23.3,1.4,92,0.0,8.9,153,-4.040515447681967,7.929958065276474
2019-08-19 06:00:00,25.1,90,23.3,1.4,100,0.0,8.3,162,-2.5648410533120645,7.893769085249775
2019-08-19 07:00:00,25.2,90,23.4,1.1,94,3.0,10.1,176,-0.7045403848156677,10.075396907624224
2019-08-19 08:00:00,25.6,89,23.7,1.0,100,15.0,10.5,188,1.461317560080688,10.397814721786489
2019-08-19 09:00:00,26.0,90,24.1,0.8,100,13.0,12.1,190,2.1011429497698586,11.916173811447717
2019-08-19 10:00:00,26.3,89,24.4,0.6,100,16.0,12.5,192,2.598896135221994,12.22684500917257
2019-08-19 11:00:00,26.5,90,24.6,0.3,100,19.0,13.5,189,2.111865278043114,13.33379259803436
2019-08-19 12:00:00,26.9,89,24.9,0.3,100,19.0,14.1,177,-0.7379369830255077,14.080676440039491
2019-08-19 13:00:00,27.3,88,25.1,0.4,100,45.0,13.6,169,-2.595002337121012,13.35012969488823
2019-08-19 14:00:00,27.9,85,25.2,0.6,100,169.0,12.8,164,-3.52815815445759,12.304149708010485
2019-08-19 15:00:00,26.6,91,25.0,5.7,95,1.0,14.2,153,-6.446665096301565,12.65229264347482
2019-08-19 16:00:00,26.3,91,24.8,6.5,92,0.0,12.3,148,-6.518006950068421,10.43099158272404
2019-08-19 17:00:00,26.2,92,24.7,6.0,89,0.0,13.3,147,-7.243699165699864,11.15431855367414
2019-08-19 18:00:00,26.2,90,24.5,5.4,89,0.0,7.4,133,-5.412017391981863,5.046787864462488
2019-08-19 19:00:00,26.1,88,24.0,3.4,93,0.0,6.8,122,-5.766727053863697,3.6034509967857926
2019-08-19 20:00:00,26.0,88,23.9,1.9,62,0.0,6.0,107,-5.737828535778213,1.75423022833642
2019-08-19 21:00:00,25.8,90,23.9,0.9,86,0.0,6.2,97,-6.153786140176197,0.7555899291119137
2019-08-19 22:00:00,25.8,89,23.9,0.6,57,0.0,7.4,104,-7.180188374442374,1.7902220274375418
2019-08-19 23:00:00,25.9,89,23.9,0.5,63,0.0,6.5,146,-3.634753872559855,5.38874422160777
2019-08-20 00:00:00,25.7,90,24.0,0.5,66,0.0,4.8,193,1.0797650608505518,4.676976310969129
2019-08-20 01:00:00,25.8,90,23.9,0.5,79,0.0,1.9,248,1.7616493236768958,0.7117525274902333
2019-08-20 02:00:00,25.3,92,23.9,0.5,84,0.0,1.1,180,-1.3471114790620887e-16,1.1
2019-08-20 03:00:00,25.4,90,23.6,0.5,90,0.0,5.8,120,-5.022947341949744,2.8999999999999986
2019-08-20 04:00:00,25.3,89,23.4,0.8,95,0.0,7.7,143,-4.633975678270771,6.149493427364156
2019-08-20 05:00:00,25.4,89,23.4,1.1,97,0.0,8.1,148,-4.29234604028896,6.86918957886705
2019-08-20 06:00:00,25.4,88,23.3,1.1,70,0.0,6.3,114,-5.755336383148386,2.5624408513775414
2019-08-20 07:00:00,25.4,90,23.7,0.6,75,14.0,3.8,73,-3.633958072659535,-1.1110124779463997
2019-08-20 08:00:00,26.3,86,23.7,0.8,95,46.0,3.6,45,-2.5455844122715714,-2.5455844122715714
2019-08-20 09:00:00,26.9,85,24.1,1.2,100,67.0,0.5,135,-0.3535533905932738,0.3535533905932737
2019-08-20 10:00:00,26.6,88,24.5,1.9,100,21.0,2.2,180,-2.694222958124177e-16,2.2
2019-08-20 11:00:00,26.5,90,24.6,1.6,100,11.0,3.5,156,-1.4235782507653014,3.197409101749103
2019-08-20 12:00:00,26.5,90,24.6,1.6,100,0.0,5.4,138,-3.613305274337835,4.012982057577928
2019-08-20 13:00:00,26.5,90,24.7,2.6,100,1.0,6.9,152,-3.2393537832226458,6.092338390726597
2019-08-20 14:00:00,26.2,92,24.8,2.8,100,12.0,9.2,135,-6.505382386916237,6.505382386916236
2019-08-20 15:00:00,26.0,90,24.3,1.6,100,0.0,8.7,114,-7.947845481490627,3.538608794759462
2019-08-20 16:00:00,26.0,91,24.5,3.8,100,0.0,9.6,110,-9.02104915954472,3.28339337592642
2019-08-20 17:00:00,26.1,91,24.6,7.6,100,0.0,9.8,118,-8.652886410017484,4.600821315301731
2019-08-20 18:00:00,25.9,91,24.4,10.4,100,0.0,6.0,57,-5.032023407672544,-3.2678342100901627
2019-08-20 19:00:00,25.8,91,24.2,15.0,100,0.0,5.7,72,-5.421022142882375,-1.7613968679372003
2019-08-20 20:00:00,25.6,92,24.1,15.0,100,0.0,5.4,90,-5.4,-3.306546357697853e-16
2019-08-20 21:00:00,25.5,91,24.0,16.1,100,0.0,6.8,93,-6.790680836331102,0.3558845024520181
2019-08-20 22:00:00,25.6,91,24.0,12.9,100,0.0,7.6,109,-7.185941174554808,2.4743179738743906
2019-08-20 23:00:00,25.6,92,24.2,12.3,100,0.0,6.4,106,-6.1520748540052415,1.764079077228794
2019-08-21 00:00:00,25.6,93,24.5,11.4,100,0.0,7.9,137,-5.387787044493738,5.777694242791447
2019-08-21 01:00:00,25.5,94,24.5,10.1,100,0.0,10.4,166,-2.5159877142365445,10.091075553270365
2019-08-21 02:00:00,25.5,94,24.4,7.8,100,0.0,11.9,177,-0.6227978792910314,11.88369146357943
2019-08-21 03:00:00,25.5,93,24.2,7.9,100,0.0,13.7,185,1.1940336756429135,13.647867363856914
2019-08-21 04:00:00,25.2,94,24.2,6.4,100,0.0,13.0,183,0.6803674311582664,12.98218395180946
2019-08-21 05:00:00,25.3,94,24.2,4.0,100,0.0,11.9,180,-1.4573296909853504e-15,11.9
2019-08-21 06:00:00,25.4,93,24.2,1.9,100,0.0,11.3,173,-1.3771235804781674,11.215771513546938
2019-08-21 07:00:00,25.7,92,24.3,1.0,100,1.0,12.4,170,-2.1532374030699355,12.21161613735138
2019-08-21 08:00:00,26.1,91,24.5,0.6,100,32.0,12.4,172,-1.72574645190481,12.279324052395474
2019-08-21 09:00:00,26.6,89,24.6,0.3,69,40.0,13.1,172,-1.823167622576856,12.972511700514572
2019-08-21 10:00:00,27.6,85,24.8,0.2,47,143.0,12.3,177,-0.6437322617882089,12.283143277481258
2019-08-21 11:00:00,28.2,84,25.1,0.3,79,130.0,13.0,178,-0.4536934571325148,12.992080751248244
2019-08-21 12:00:00,27.8,86,25.1,1.9,55,80.0,12.2,182,0.4257738597705109,12.192568089632967
2019-08-21 13:00:00,27.2,88,25.0,2.9,83,13.0,11.3,187,1.3771235804781647,11.21577151354694
2019-08-21 14:00:00,27.1,88,25.0,0.3,78,11.0,9.2,191,1.7554427574642113,9.030970087718508
2019-08-21 15:00:00,28.0,88,25.8,2.2,68,38.0,7.6,180,-9.307315673519883e-16,7.6
2019-08-21 16:00:00,27.5,88,25.4,3.0,64,10.0,6.5,161,-2.1161930039715178,6.14587074139556
2019-08-21 17:00:00,27.1,90,25.4,2.7,53,2.0,6.2,159,-2.221881287180861,5.788198644282651
2019-08-21 18:00:00,26.8,91,25.1,0.0,49,0.0,4.8,132,-3.5670951622914924,3.2118269105225195
2019-08-21 19:00:00,26.4,92,25.1,0.0,58,0.0,6.1,140,-3.9210044190878905,4.672871103025765
2019-08-21 20:00:00,26.3,92,24.9,0.0,51,0.0,6.1,183,0.3192493330819557,6.0916401620029
2019-08-21 21:00:00,26.4,91,24.8,0.0,53,0.0,7.9,196,2.177535110954292,7.59396739791272
2019-08-21 22:00:00,26.5,90,24.7,0.0,58,0.0,7.9,196,2.177535110954292,7.59396739791272
2019-08-21 23:00:00,26.5,90,24.7,0.0,57,0.0,5.1,225,3.606244584051392,3.606244584051393
2019-08-22 00:00:00,26.1,92,24.7,0.4,64,0.0,2.5,225,1.7677669529663689,1.767766952966369
2019-08-22 01:00:00,26.0,92,24.7,0.4,75,0.0,1.6,153,-0.7263847995832751,1.4256104387013886
2019-08-22 02:00:00,26.0,91,24.5,0.0,80,0.0,1.3,56,-1.0777488443215544,-0.7269507745119709
2019-08-22 03:00:00,25.5,95,24.7,0.3,90,0.0,2.6,16,-0.7166571251241979,-2.499280409439629
2019-08-22 04:00:00,25.5,95,24.7,0.0,89,0.0,4.0,10,-0.6945927106677213,-3.939231012048832
2019-08-22 05:00:00,25.4,96,24.6,0.1,100,0.0,4.3,355,0.3747696938149307,-4.283637201794505
2019-08-22 06:00:00,25.4,95,24.6,0.1,98,0.0,6.5,6,-0.6794350112397476,-6.4643923198937765
2019-08-22 07:00:00,26.2,93,25.0,0.0,82,13.0,6.3,13,-1.4171916423663495,-6.1385314081469815
2019-08-22 08:00:00,27.0,89,25.0,0.0,40,113.0,4.8,333,2.179154398749825,-4.276831316104166
2019-08-22 09:00:00,27.8,85,25.1,0.0,31,195.0,5.1,321,3.2095339943541727,-3.96344440343055
2019-08-22 10:00:00,28.7,81,25.2,0.0,27,326.0,5.5,293,5.062776693988423,-2.149021206691004
2019-08-22 11:00:00,29.3,78,25.1,0.0,68,319.0,6.8,270,6.8,1.2491397351303002e-15
2019-08-22 12:00:00,29.7,78,25.4,0.0,49,401.0,6.2,280,6.105808068675691,-1.0766187015349655
2019-08-22 13:00:00,29.7,78,25.6,0.1,76,415.0,5.5,302,4.664264528860343,-2.9145559532826257
2019-08-22 14:00:00,29.6,79,25.6,0.3,62,410.0,6.6,292,6.1194134401407965,-2.4724035165450187
2019-08-22 15:00:00,29.2,82,25.7,0.2,69,152.0,9.0,272,8.994517443171862,-0.3140954703225115
2019-08-22 16:00:00,28.9,82,25.5,0.2,63,114.0,6.8,302,5.766727053863697,-3.603450996785792
2019-08-22 17:00:00,28.6,82,25.3,0.0,100,24.0,4.7,328,2.490620541896064,-3.985826051935202
2019-08-22 18:00:00,28.3,83,25.1,0.0,90,32.0,2.6,326,1.453901549023941,-2.1554976886431088
2019-08-22 19:00:00,27.4,87,25.1,0.0,81,1.0,3.3,257,3.215421213791276,0.7423384793347553
2019-08-22 20:00:00,26.9,93,25.6,0.0,79,0.0,4.6,252,4.3748599749577055,1.4214781741247586
2019-08-22 21:00:00,26.7,91,25.2,0.0,61,0.0,4.4,235,3.604268994871563,2.523736319944604
2019-08-22 22:00:00,26.6,91,25.1,0.0,48,0.0,1.6,207,0.7263847995832746,1.4256104387013888
2019-08-22 23:00:00,26.3,92,25.0,0.0,45,0.0,0.7,270,0.7,1.2858791391047207e-16
2019-08-23 00:00:00,26.3,91,24.8,0.0,38,0.0,1.4,270,1.4,2.571758278209441e-16
2019-08-23 01:00:00,26.4,90,24.5,0.0,35,0.0,3.8,253,3.633958072659534,1.111012477946401
2019-08-23 02:00:00,26.3,89,24.3,0.0,48,0.0,4.4,261,4.345828698618606,0.6883116461770166
2019-08-23 03:00:00,25.9,95,25.0,0.0,45,0.0,5.4,307,4.312631754255383,-3.249801125021059
2019-08-23 04:00:00,25.8,95,24.9,0.0,46,0.0,5.5,337,2.1490212066910064,-5.062776693988422
2019-08-23 05:00:00,25.9,94,24.9,0.0,49,0.0,6.8,357,0.3558845024520217,-6.790680836331102
2019-08-23 06:00:00,26.0,94,24.9,0.1,39,0.0,5.1,8,-0.7097828148963337,-5.050367150582009
2019-08-23 07:00:00,27.1,91,25.4,0.0,23,42.0,6.9,351,1.0793978087775946,-6.81504955010645
2019-08-23 08:00:00,27.9,87,25.5,0.0,33,82.0,8.4,353,1.0237024846032368,-8.337387673787106
2019-08-23 09:00:00,28.9,81,25.3,0.0,25,347.0,6.8,335,2.873804179836754,-6.16289295184922
2019-08-23 10:00:00,29.5,78,25.3,0.0,16,433.0,7.6,329,3.914289369316414,-6.514471485336052
2019-08-23 11:00:00,30.1,76,25.3,0.0,26,611.0,7.7,319,5.051654523226907,-5.811263767715344
2019-08-23 12:00:00,30.7,73,25.4,0.0,29,594.0,7.4,321,4.656970893768801,-5.750880114781583
2019-08-23 13:00:00,30.9,73,25.5,0.0,60,582.0,9.3,324,5.466402846320003,-7.52385804768701
2019-08-23 14:00:00,30.9,73,25.5,0.0,70,511.0,10.9,343,3.186851581477835,-10.423721839997086
2019-08-23 15:00:00,30.8,75,25.7,0.0,71,426.0,10.7,340,3.659615533584654,-10.05471104240922
2019-08-23 16:00:00,30.5,75,25.6,0.0,49,344.0,6.3,336,2.562440851377541,-5.755336383148386
2019-08-23 17:00:00,30.0,78,25.6,0.0,30,147.0,2.7,337,1.0549740469210396,-2.4853631043215887
2019-08-23 18:00:00,29.1,83,25.9,0.0,38,37.0,1.0,45,-0.7071067811865476,-0.7071067811865476
2019-08-23 19:00:00,28.4,85,25.7,0.0,66,1.0,4.0,80,-3.939231012048832,-0.6945927106677217
2019-08-23 20:00:00,27.8,88,25.7,0.0,46,0.0,7.6,85,-7.571079705497266,-0.6623836448822018
2019-08-23 21:00:00,27.3,92,25.8,0.0,31,0.0,4.1,75,-3.96029588778518,-1.061158084920335
2019-08-23 22:00:00,26.9,93,25.7,0.0,30,0.0,4.0,95,-3.984778792366982,0.3486229709906329
2019-08-23 23:00:00,26.8,93,25.6,0.0,27,0.0,4.1,105,-3.96029588778518,1.0611580849203357
2019-08-24 00:00:00,26.4,94,25.4,0.0,31,0.0,3.7,119,-3.236092916415765,1.793795594911447
2019-08-24 01:00:00,26.6,92,25.1,0.0,36,0.0,4.6,141,-2.894873798829252,3.5748714227020657
2019-08-24 02:00:00,26.6,90,24.8,0.0,42,0.0,4.3,132,-3.195522749552795,2.8772616073430903
2019-08-24 03:00:00,26.6,92,25.2,0.1,45,0.0,4.7,122,-3.9858260519352022,2.4906205418960625
2019-08-24 04:00:00,26.3,92,24.9,0.0,57,0.0,3.9,124,-3.233246532964663,2.180852323535912
2019-08-24 05:00:00,26.8,88,24.7,0.0,49,0.0,4.7,157,-1.8364363038995868,4.32637281122647
2019-08-24 06:00:00,26.8,88,24.7,0.0,41,0.0,8.1,291,7.562001454627333,-2.902780391316933
2019-08-24 07:00:00,27.3,87,24.9,0.0,77,17.0,4.8,13,-1.079765060850552,-4.676976310969129
2019-08-24 08:00:00,27.7,83,24.5,0.3,80,34.0,8.4,10,-1.458644692402215,-8.272385125302547
2019-08-24 09:00:00,27.5,86,25.0,2.3,61,0.0,7.2,27,-3.2687315981247367,-6.415246974156249
2019-08-24 10:00:00,27.2,90,25.5,5.6,84,3.0,8.0,342,2.4721359549995814,-7.608452130361228
2019-08-24 11:00:00,27.4,89,25.5,2.7,38,0.0,14.0,342,4.326237921249268,-13.31479122813215
2019-08-24 12:00:00,28.0,89,26.0,2.1,38,18.0,19.7,345,5.098735188519657,-19.028738777894645
2019-08-24 13:00:00,28.6,88,26.5,1.4,52,122.0,18.2,342,5.624109297624048,-17.309228596571792
2019-08-24 14:00:00,29.0,87,26.5,1.5,79,140.0,23.0,1,-0.4014053480575207,-22.996496988597
2019-08-24 15:00:00,29.0,84,26.1,3.0,87,0.0,24.5,10,-4.254380352839793,-24.127789948799094
2019-08-24 16:00:00,28.8,85,26.1,2.2,71,6.0,15.1,38,-9.29648827741744,-11.8989623794615
2019-08-24 17:00:00,28.3,88,26.2,3.6,89,0.0,12.2,109,-11.535326622311665,3.971931484377311
2019-08-24 18:00:00,27.5,90,25.8,5.8,85,0.0,11.6,164,-3.19739332747719,11.1506356728845
2019-08-24 19:00:00,27.3,88,25.0,5.9,99,0.0,19.0,161,-6.185794934685975,17.96485293638702
2019-08-24 20:00:00,27.1,87,24.8,6.0,92,0.0,18.9,141,-11.894155390841926,14.68805867153675
2019-08-24 21:00:00,27.3,87,24.9,2.9,92,0.0,21.9,131,-16.52813980687871,14.367692734892106
2019-08-24 22:00:00,27.3,87,25.0,1.4,100,0.0,27.5,138,-18.401091674868603,20.43648270062834
2019-08-24 23:00:00,27.3,89,25.4,0.9,100,0.0,32.2,152,-15.11698432170568,28.43091249005745
2019-08-25 00:00:00,27.0,90,25.3,1.0,100,0.0,37.2,161,-12.111135345806224,35.17329101229459
2019-08-25 01:00:00,26.8,91,25.1,1.6,100,0.0,39.0,164,-10.74985687686297,37.48920614159444
2019-08-25 02:00:00,26.7,91,25.1,4.3,100,0.0,37.7,163,-11.02241326804717,36.052689299806445
2019-08-25 03:00:00,26.7,91,25.1,4.1,100,0.0,37.9,163,-11.080887608991716,36.24395025099905
2019-08-25 04:00:00,26.7,91,25.0,3.2,100,0.0,35.5,162,-10.970103300310637,33.76250632847795
2019-08-25 05:00:00,26.3,91,24.7,3.1,100,0.0,33.6,163,-9.82368927868395,32.131839800357994
2019-08-25 06:00:00,26.3,90,24.5,1.8,100,0.0,31.0,165,-8.023390398178151,29.943700614961116
2019-08-25 07:00:00,26.4,89,24.5,0.8,83,0.0,30.3,162,-9.36321492956091,28.817012443743156
2019-08-25 08:00:00,26.5,89,24.5,0.4,74,0.0,28.8,164,-7.938355847529578,27.684336843023583
2019-08-25 09:00:00,27.1,86,24.6,0.2,78,5.0,30.4,163,-8.888099823571192,29.07166458127628
2019-08-25 10:00:00,27.7,84,24.7,0.1,83,6.0,28.6,163,-8.361830755070267,27.350316020542817
2019-08-25 11:00:00,28.0,84,25.0,0.0,81,15.0,28.8,164,-7.938355847529578,27.684336843023583
2019-08-25 12:00:00,28.6,82,25.2,0.1,65,104.0,29.2,171,-4.567886379174745,28.84049954537802
2019-08-25 13:00:00,28.6,81,25.0,0.4,89,128.0,33.4,172,-4.648381572066182,33.07495349596845
2019-08-25 14:00:00,27.3,86,24.7,0.5,94,0.0,29.7,169,-5.667027162683386,29.15432734839562
2019-08-25 15:00:00,28.5,81,25.0,0.0,68,120.0,25.6,166,-6.193200527351494,24.83957059266551
2019-08-25 16:00:00,28.7,81,25.1,0.0,57,135.0,24.0,171,-3.754427160965544,23.704520174283303
2019-08-25 17:00:00,28.4,82,25.1,0.0,59,31.0,23.8,176,-1.6602040751101876,23.74202439618381
2019-08-25 18:00:00,28.0,84,24.9,0.0,52,19.0,21.3,175,-1.8564173205251195,21.21894706935418
2019-08-25 19:00:00,27.5,85,24.7,0.0,40,0.0,20.0,162,-6.18033988749895,19.02113032590307
2019-08-25 20:00:00,27.4,85,24.6,0.0,38,0.0,19.2,157,-7.502037666994056,17.673693186286854
2019-08-25 21:00:00,27.3,84,24.4,0.0,30,0.0,19.4,162,-5.994929690873981,18.450496416125976
2019-08-25 22:00:00,27.2,84,24.3,0.0,31,0.0,19.6,167,-4.409040665139759,19.09765326979061
2019-08-25 23:00:00,27.1,85,24.3,0.0,31,0.0,20.1,170,-3.490328371105299,19.79463583554538
2019-08-26 00:00:00,26.9,86,24.3,0.0,33,0.0,18.6,171,-2.909681049748297,18.37100313506956
2019-08-26 01:00:00,26.7,86,24.1,0.0,32,0.0,18.4,180,-2.2533501104311296e-15,18.4
2019-08-26 02:00:00,26.5,87,24.2,0.0,33,0.0,19.1,178,-0.6665803870177719,19.08836479606473
2019-08-26 03:00:00,26.5,87,24.3,0.0,32,0.0,17.4,173,-2.120526575249567,17.270303038559
2019-08-26 04:00:00,26.4,88,24.3,0.0,36,0.0,16.6,181,0.2897099468589084,16.597471739596095
2019-08-26 05:00:00,26.4,90,24.5,0.0,33,0.0,15.8,181,0.2757480217090814,15.797593583470984
2019-08-26 06:00:00,26.3,90,24.6,0.0,31,0.0,15.9,183,0.8321417042628027,15.878209602597725
2019-08-26 07:00:00,27.0,89,25.0,0.0,34,47.0,15.2,176,-1.060298400910708,15.162973563949327
2019-08-26 08:00:00,28.1,85,25.3,0.0,32,198.0,15.5,180,-1.8982025386783976e-15,15.5
2019-08-26 09:00:00,29.1,81,25.5,0.0,19,411.0,16.3,186,1.703813951262752,16.210706894502856
2019-08-26 10:00:00,30.0,77,25.5,0.0,6,594.0,17.3,192,3.59687225114724,16.921953492694836
2019-08-26 11:00:00,30.6,75,25.6,0.0,8,627.0,18.7,199,6.088124488348831,17.681197363707224
2019-08-26 12:00:00,30.8,75,25.7,0.0,14,708.0,18.9,204,7.687322554132623,17.266009149445154
2019-08-26 13:00:00,30.8,75,25.8,0.3,32,707.0,17.8,201,6.378949501906348,16.61773159165019
2019-08-26 14:00:00,30.6,76,25.9,0.2,40,505.0,15.2,202,5.694020219921862,14.093194589415168
2019-08-26 15:00:00,30.2,74,25.1,0.1,37,412.0,11.0,199,3.5812496990287244,10.400704331592484
2019-08-26 16:00:00,29.8,76,25.1,0.0,47,248.0,6.1,180,-7.470345474798854e-16,6.1
2019-08-26 17:00:00,29.5,77,25.1,0.0,27,131.0,3.4,148,-1.8017254983928963,2.883363526931848
2019-08-26 18:00:00,29.0,80,25.2,0.0,19,45.0,2.8,130,-2.1449244407331385,1.79980530712231
2019-08-26 19:00:00,28.3,84,25.4,0.0,22,1.0,5.2,106,-4.998560818879258,1.433314250248395
2019-08-26 20:00:00,27.4,89,25.5,0.0,20,0.0,5.5,101,-5.398949508962152,1.0494494745709964
2019-08-26 21:00:00,26.9,91,25.3,0.0,17,0.0,5.5,101,-5.398949508962152,1.0494494745709964
2019-08-26 22:00:00,26.5,93,25.2,0.0,17,0.0,5.9,101,-5.791600382341218,1.1257730727216144
2019-08-26 23:00:00,26.1,94,25.1,0.0,12,0.0,6.0,107,-5.737828535778213,1.75423022833642
2019-08-27 00:00:00,25.8,95,24.9,0.0,12,0.0,5.5,101,-5.398949508962152,1.0494494745709964
2019-08-27 01:00:00,25.5,95,24.6,0.0,11,0.0,4.1,75,-3.96029588778518,-1.061158084920335
2019-08-27 02:00:00,25.3,95,24.4,0.0,3,0.0,4.3,48,-3.195522749552795,-2.8772616073430903
2019-08-27 03:00:00,25.2,92,23.8,0.0,6,0.0,4.6,39,-2.894873798829252,-3.5748714227020657
2019-08-27 04:00:00,24.9,93,23.6,0.0,13,0.0,4.6,45,-3.2526911934581184,-3.2526911934581184
2019-08-27 05:00:00,25.0,91,23.5,0.0,6,0.0,5.4,42,-3.613305274337834,-4.012982057577929
2019-08-27 06:00:00,25.2,89,23.3,0.0,4,1.0,7.1,30,-3.5499999999999994,-6.148780366869515
2019-08-27 07:00:00,26.7,84,23.8,0.0,2,64.0,8.4,31,-4.326319829244455,-7.200205325897744
2019-08-27 08:00:00,28.2,77,23.8,0.0,0,232.0,6.8,18,-2.1013155617496424,-6.467184310807044
2019-08-27 09:00:00,29.2,73,23.8,0.0,0,444.0,6.8,360,1.6655196468404002e-15,-6.8
2019-08-27 10:00:00,30.0,71,24.2,0.0,5,593.0,7.8,347,1.7546182238821495,-7.600086505324834
2019-08-27 11:00:00,30.5,71,24.7,0.0,26,690.0,10.6,336,4.311408416603482,-9.68358185101157
2019-08-27 12:00:00,30.7,72,25.2,0.0,33,725.0,12.9,330,6.4500000000000055,-11.171727708819256
2019-08-27 13:00:00,30.8,72,25.2,0.0,48,667.0,14.5,337,5.665601363094472,-13.347320375060384
2019-08-27 14:00:00,30.6,73,25.1,0.0,56,495.0,15.9,342,4.913370210561668,-15.12179860909294
2019-08-27 15:00:00,30.4,76,25.7,0.0,82,399.0,16.1,350,2.79573566043758,-15.855404823496553
2019-08-27 16:00:00,30.2,76,25.6,0.0,54,299.0,16.0,352,2.226769615361054,-15.844289099865124
2019-08-27 17:00:00,29.6,79,25.6,0.0,22,160.0,13.3,360,3.25756048573196e-15,-13.3
2019-08-27 18:00:00,29.0,82,25.6,0.0,12,56.0,10.8,2,-0.3769145643870105,-10.793420931806237
2019-08-27 19:00:00,28.2,86,25.6,0.0,12,1.0,10.8,2,-0.3769145643870105,-10.793420931806237
2019-08-27 20:00:00,27.6,88,25.5,0.0,11,0.0,9.4,7,-1.1455718280083864,-9.329933825428428
2019-08-27 21:00:00,27.3,90,25.6,0.0,7,0.0,7.3,9,-1.1419715947936853,-7.210124886344506
2019-08-27 22:00:00,27.0,93,25.7,0.0,2,0.0,5.6,15,-1.449386652574116,-5.409184627218783
2019-08-27 23:00:00,27.0,92,25.6,0.0,5,0.0,4.0,10,-0.6945927106677213,-3.939231012048832
2019-08-28 00:00:00,25.8,96,25.1,0.0,10,0.0,4.7,4,-0.3278554265973889,-4.688551036221174
2019-08-28 01:00:00,25.8,96,25.1,0.0,8,0.0,6.5,360,1.5920408388915589e-15,-6.5
2019-08-28 02:00:00,26.0,97,25.4,0.0,8,0.0,9.7,356,0.6766377953180186,-9.676371287520292
2019-08-28 03:00:00,26.1,96,25.4,0.0,7,0.0,6.5,354,0.6794350112397471,-6.4643923198937765
2019-08-28 04:00:00,26.2,95,25.4,0.0,2,0.0,6.2,350,1.0766187015349684,-6.10580806867569
2019-08-28 05:00:00,26.4,94,25.4,0.0,4,0.0,5.8,356,0.4045875477159287,-5.78587149150698
2019-08-28 06:00:00,26.3,95,25.3,0.0,8,0.0,7.9,16,-2.177535110954293,-7.59396739791272
2019-08-28 07:00:00,27.1,90,25.2,0.0,7,34.0,10.1,2,-0.3524849166952598,-10.093847352892867
2019-08-28 08:00:00,28.1,84,25.0,0.0,2,141.0,10.1,360,2.473786534277653e-15,-10.1
2019-08-28 09:00:00,29.1,77,24.7,0.0,2,312.0,5.4,352,0.7515347451843558,-5.34744757120448
2019-08-28 10:00:00,30.0,74,24.8,0.0,0,465.0,4.1,315,2.8991378028648453,-2.899137802864844
2019-08-28 11:00:00,30.7,73,25.3,0.0,0,659.0,5.3,298,4.6796222421523135,-2.488199282765219
2019-08-28 12:00:00,31.1,74,25.9,0.0,1,730.0,6.6,299,5.772490067120011,-3.1997434936258258
2019-08-28 13:00:00,31.0,75,26.1,0.0,12,662.0,8.7,287,8.319851376878407,-2.543633831087809
2019-08-28 14:00:00,31.0,75,26.1,0.0,23,568.0,10.2,280,10.045039080724523,-1.7712114122026856
2019-08-28 15:00:00,30.8,77,26.2,0.0,38,481.0,6.9,279,6.815049550106451,-1.0793978087775915
2019-08-28 16:00:00,30.3,78,26.0,0.0,38,308.0,1.1,270,1.1,2.0206672185931328e-16
2019-08-28 17:00:00,29.8,80,26.0,0.0,24,137.0,2.0,225,1.414213562373095,1.4142135623730954
2019-08-28 18:00:00,29.3,82,26.0,0.0,26,33.0,2.6,56,-2.1554976886431088,-1.4539015490239418
2019-08-28 19:00:00,28.8,86,26.2,0.0,18,1.0,6.6,22,-2.472403516545019,-6.1194134401407965
2019-08-28 20:00:00,28.3,91,26.7,0.0,5,0.0,6.0,17,-1.7542302283364206,-5.737828535778212
2019-08-28 21:00:00,28.4,89,26.3,0.0,8,0.0,3.9,34,-2.180852323535913,-3.233246532964663
2019-08-28 22:00:00,27.7,92,26.3,0.0,4,0.0,2.9,150,-1.4499999999999995,2.511473670974872
2019-08-28 23:00:00,27.1,94,26.0,0.0,5,0.0,6.4,142,-3.9402334420842138,5.043268823083021
2019-08-29 00:00:00,27.0,93,25.9,0.0,4,0.0,8.0,170,-1.3891854213354422,7.878462024097664
2019-08-29 01:00:00,27.2,92,25.8,0.0,6,0.0,8.3,185,0.723392664805561,8.268415994161488
2019-08-29 02:00:00,27.2,92,25.8,0.0,13,0.0,8.3,182,0.2896658226307575,8.294943864258496
2019-08-29 03:00:00,26.9,93,25.6,0.0,19,0.0,8.7,175,-0.7582549619046263,8.666893873398186
2019-08-29 04:00:00,27.0,93,25.7,0.0,14,0.0,8.3,185,0.723392664805561,8.268415994161488
2019-08-29 05:00:00,27.3,92,25.8,0.0,14,0.0,6.1,220,3.921004419087889,4.6728711030257655
2019-08-29 06:00:00,27.3,91,25.8,0.0,12,1.0,2.9,300,2.511473670974872,-1.4500000000000002
2019-08-29 07:00:00,28.0,91,26.3,0.0,25,46.0,2.4,333,1.0895771993749126,-2.138415658052083
2019-08-29 08:00:00,28.9,84,26.0,0.0,19,182.0,2.2,351,0.3441558230885084,-2.172914349309303
2019-08-29 09:00:00,29.6,79,25.6,0.0,21,350.0,4.0,350,0.6945927106677215,-3.939231012048832
2019-08-29 10:00:00,30.3,75,25.4,0.2,43,522.0,4.9,343,1.4326213531414125,-4.685893304218873
2019-08-29 11:00:00,30.2,77,25.7,0.2,52,456.0,4.8,333,2.179154398749825,-4.276831316104166
2019-08-29 12:00:00,30.2,78,25.8,0.4,53,426.0,3.4,328,1.801725498392897,-2.883363526931848
2019-08-29 13:00:00,30.0,78,25.7,1.0,63,345.0,2.4,333,1.0895771993749126,-2.138415658052083
2019-08-29 14:00:00,29.8,78,25.6,0.5,100,159.0,0.8,243,0.7128052193506943,0.3631923997916375
2019-08-29 15:00:00,30.3,76,25.5,0.4,100,307.0,2.6,254,2.499280409439629,0.7166571251241971
2019-08-29 16:00:00,29.2,79,25.2,0.9,100,126.0,2.6,146,-1.453901549023942,2.1554976886431083
2019-08-29 17:00:00,28.6,82,25.1,0.4,94,52.0,3.1,159,-1.1109406435904308,2.8940993221413254
2019-08-29 18:00:00,27.9,85,25.0,0.7,100,24.0,3.1,135,-2.192031021678297,2.192031021678297
2019-08-29 19:00:00,27.1,90,25.2,0.4,74,0.0,5.0,150,-2.5,4.330127018922194
2019-08-29 20:00:00,26.7,91,25.1,0.2,52,0.0,6.0,155,-2.535709570444197,5.437846722219899
2019-08-29 21:00:00,26.5,91,25.0,0.5,68,0.0,7.9,133,-5.777694242791448,5.387787044493737
2019-08-29 22:00:00,26.5,91,24.9,0.9,56,0.0,10.7,123,-8.973775077016036,5.82763767466079
2019-08-29 23:00:00,26.5,90,24.8,0.2,36,0.0,9.3,126,-7.523858047687012,5.466402846319999
2019-08-30 00:00:00,26.2,92,24.8,1.0,27,0.0,7.1,139,-4.658019105832602,5.358438019581681
2019-08-30 01:00:00,25.9,93,24.6,2.9,20,0.0,7.9,141,-4.971631089293716,6.139453095510071
2019-08-30 02:00:00,25.9,92,24.5,3.7,28,0.0,7.7,139,-5.051654523226906,5.811263767715345
2019-08-30 03:00:00,26.0,90,24.2,0.8,48,0.0,5.9,137,-4.023790324368742,4.314986839553106
2019-08-30 04:00:00,25.9,90,24.1,0.4,49,0.0,6.4,133,-4.680663690362692,4.364789504399989
2019-08-30 05:00:00,25.6,91,24.1,0.2,35,0.0,6.9,137,-4.70578868443124,5.046340541172277
2019-08-30 06:00:00,25.7,91,24.2,0.1,53,0.0,2.2,99,-2.1729143493093037,0.3441558230885078
2019-08-30 07:00:00,26.4,88,24.3,0.4,51,19.0,3.6,96,-3.580278823325784,0.3763024677635528
2019-08-30 08:00:00,26.2,87,24.0,1.1,55,19.0,4.0,117,-3.564026096753472,1.815961998958187
2019-08-30 09:00:00,26.5,87,24.2,0.5,65,53.0,3.4,108,-3.2335921554035223,1.050657780874821
2019-08-30 10:00:00,27.5,83,24.3,0.0,55,167.0,2.8,140,-1.7998053071223103,2.144924440733138
2019-08-30 11:00:00,28.4,81,24.9,0.2,72,314.0,2.3,198,0.7107390870623786,2.187429987478853
2019-08-30 12:00:00,28.4,83,25.2,0.7,100,143.0,6.5,251,6.14587074139556,2.116193003971518
2019-08-30 13:00:00,28.6,81,25.0,4.4,100,184.0,9.7,268,9.694091022085228,0.3385251180142573
2019-08-30 14:00:00,27.7,85,25.0,11.8,100,148.0,7.6,301,6.5144714853360535,-3.9142893693164114
2019-08-30 15:00:00,28.4,82,25.1,1.0,100,86.0,6.0,335,2.535709570444195,-5.4378467222199
2019-08-30 16:00:00,27.3,86,24.8,2.4,100,6.0,6.2,7,-0.7555899291119144,-6.153786140176196
2019-08-30 17:00:00,27.2,85,24.5,0.2,60,4.0,4.5,29,-2.1816432911085166,-3.935788682127281
2019-08-30 18:00:00,27.0,86,24.5,0.1,45,0.0,4.7,360,1.1511679911985121e-15,-4.7
2019-08-30 19:00:00,26.7,88,24.6,0.0,56,0.0,5.9,14,-1.4273391840380396,-5.72474478502838
2019-08-30 20:00:00,26.5,90,24.7,0.0,70,0.0,5.9,38,-3.632402704421384,-4.64926344627966
2019-08-30 21:00:00,26.2,91,24.7,0.0,83,0.0,6.0,65,-5.437846722219899,-2.5357095704441965
2019-08-30 22:00:00,25.9,93,24.6,0.0,72,0.0,4.8,42,-3.2118269105225195,-3.5670951622914924
2019-08-30 23:00:00,25.6,94,24.6,0.0,64,0.0,7.2,37,-4.333068166694748,-5.750175672340508
2019-08-31 00:00:00,25.6,94,24.6,0.0,61,0.0,6.4,38,-3.940233442084213,-5.043268823083021
2019-08-31 01:00:00,25.4,96,24.6,0.2,49,0.0,4.8,27,-2.1791543987498243,-4.276831316104166
2019-08-31 02:00:00,25.2,96,24.5,0.5,44,0.0,3.4,32,-1.8017254983928963,-2.883363526931848
2019-08-31 03:00:00,25.2,96,24.6,1.0,45,0.0,2.6,56,-2.1554976886431088,-1.4539015490239418
2019-08-31 04:00:00,25.1,96,24.3,1.2,45,0.0,1.5,76,-1.4554435894139948,-0.3628828433995015
2019-08-31 05:00:00,25.1,95,24.3,1.3,50,0.0,1.6,63,-1.4256104387013886,-0.726384799583275
2019-08-31 06:00:00,25.2,94,24.3,0.7,65,0.0,5.2,344,1.4333142502483949,-4.998560818879258
2019-08-31 07:00:00,25.7,93,24.6,0.0,41,0.0,5.7,342,1.7613968679372018,-5.421022142882375
2019-08-31 08:00:00,26.3,87,23.9,0.0,35,3.0,5.5,337,2.1490212066910064,-5.062776693988422
2019-08-31 09:00:00,27.1,84,24.1,0.0,32,36.0,5.4,312,4.012982057577931,-3.613305274337832
2019-08-31 10:00:00,28.0,81,24.4,0.0,33,185.0,2.8,320,1.7998053071223108,-2.1449244407331376
2019-08-31 11:00:00,29.0,77,24.6,0.0,31,343.0,4.0,260,3.939231012048832,0.6945927106677213
2019-08-31 12:00:00,29.4,77,25.0,0.0,32,351.0,6.8,267,6.790680836331102,0.3558845024520213
2019-08-31 13:00:00,29.5,79,25.6,0.0,41,410.0,4.5,241,3.9357886821272814,2.181643291108516
2019-08-31 14:00:00,29.4,81,25.8,0.1,46,274.0,4.8,243,4.276831316104166,2.179154398749825
2019-08-31 15:00:00,29.4,79,25.4,0.0,46,283.0,3.3,221,2.1649947956686733,2.490541614735148
2019-08-31 16:00:00,29.3,79,25.3,0.0,52,209.0,3.1,225,2.192031021678297,2.192031021678298
2019-08-31 17:00:00,29.3,78,25.1,0.0,32,104.0,4.0,270,4.0,7.34788079488412e-16
2019-08-31 18:00:00,28.8,81,25.2,0.0,46,21.0,5.7,305,4.669166652447253,-3.2693856872009626
2019-08-31 19:00:00,28.1,89,26.1,0.0,41,0.0,1.8,79,-1.7669289302057951,-0.3434561916777808
2019-08-31 20:00:00,27.4,91,25.8,0.0,36,0.0,4.2,121,-3.600102662948872,2.163159914622228
2019-08-31 21:00:00,26.8,93,25.6,0.0,35,0.0,4.8,138,-3.21182691052252,3.567095162291492
2019-08-31 22:00:00,27.0,93,25.7,0.0,35,0.0,6.0,147,-3.267834210090164,5.032023407672543
2019-08-31 23:00:00,27.0,93,25.7,0.0,32,0.0,6.4,133,-4.680663690362692,4.364789504399989
2019-09-01 00:00:00,27.0,93,25.7,0.0,33,0.0,5.8,158,-2.172718241812291,5.377666356487366
2019-09-01 01:00:00,26.6,94,25.6,0.0,35,0.0,7.7,169,-1.4692292643993965,7.558529312547013
2019-09-01 02:00:00,26.3,95,25.4,0.0,36,0.0,4.9,163,-1.4326213531414094,4.685893304218874
2019-09-01 03:00:00,26.4,93,25.2,0.0,38,0.0,1.0,135,-0.7071067811865476,0.7071067811865475
2019-09-01 04:00:00,26.1,95,25.1,0.0,36,0.0,4.0,260,3.939231012048832,0.6945927106677213
2019-09-01 05:00:00,26.3,93,25.1,0.0,39,0.0,1.9,338,0.7117525274902334,-1.7616493236768958
2019-09-01 06:00:00,25.9,95,25.0,0.0,36,0.0,3.3,13,-0.7423384793347545,-3.2154212137912763
2019-09-01 07:00:00,27.2,91,25.5,0.0,41,23.0,4.8,27,-2.1791543987498243,-4.276831316104166
2019-09-01 08:00:00,28.2,86,25.6,0.0,38,149.0,3.9,22,-1.460965714322057,-3.616017032810471
2019-09-01 09:00:00,28.9,82,25.5,0.0,17,201.0,4.0,350,0.6945927106677215,-3.939231012048832
2019-09-01 10:00:00,29.5,79,25.5,0.0,21,383.0,4.4,325,2.523736319944605,-3.604268994871563
2019-09-01 11:00:00,30.1,77,25.6,0.0,22,529.0,6.0,303,5.032023407672545,-3.26783421009016
2019-09-01 12:00:00,30.2,77,25.7,0.0,29,552.0,6.4,286,6.152074854005241,-1.7640790772287962
2019-09-01 13:00:00,30.1,77,25.5,0.0,35,447.0,7.3,279,7.210124886344506,-1.141971594793684
2019-09-01 14:00:00,30.1,76,25.5,0.2,50,408.0,5.4,290,5.074340152243905,-1.8469087739586127
2019-09-01 15:00:00,29.9,79,25.8,0.0,56,247.0,4.0,297,3.564026096753472,-1.8159619989581863
2019-09-01 16:00:00,29.3,81,25.7,0.0,44,36.0,5.4,290,5.074340152243905,-1.8469087739586127
2019-09-01 17:00:00,29.0,83,25.7,0.0,92,35.0,2.3,72,-2.1874299874788528,-0.7107390870623791
2019-09-01 18:00:00,28.6,84,25.7,0.0,61,10.0,0.5,45,-0.3535533905932738,-0.3535533905932738
2019-09-01 19:00:00,28.0,89,26.0,0.0,44,0.0,3.2,63,-2.851220877402777,-1.45276959916655
2019-09-01 20:00:00,27.5,90,25.8,0.0,51,0.0,5.4,48,-4.012982057577929,-3.613305274337834
2019-09-01 21:00:00,27.3,92,25.8,0.0,55,0.0,5.2,106,-4.998560818879258,1.433314250248395
2019-09-01 22:00:00,27.9,87,25.6,0.0,43,0.0,5.4,132,-4.012982057577929,3.613305274337834
2019-09-01 23:00:00,26.6,94,25.5,0.0,38,0.0,1.1,90,-1.1,-6.735557395310444e-17
2019-09-02 00:00:00,27.1,89,25.1,0.0,40,0.0,2.3,72,-2.1874299874788528,-0.7107390870623791
2019-09-02 01:00:00,26.4,93,25.1,0.0,32,0.0,1.1,18,-0.3399186938124421,-1.0461621679246689
2019-09-02 02:00:00,26.1,94,25.1,0.0,39,0.0,2.1,31,-1.0815799573111138,-1.800051331474436
2019-09-02 03:00:00,26.1,94,25.0,0.7,46,0.0,4.7,4,-0.3278554265973889,-4.688551036221174
2019-09-02 04:00:00,26.2,92,24.8,0.0,37,0.0,6.7,16,-1.8467702839738944,-6.440453362786736
2019-09-02 05:00:00,26.3,90,24.5,0.0,39,0.0,7.3,9,-1.1419715947936853,-7.210124886344506
2019-09-02 06:00:00,26.3,90,24.6,0.0,36,0.0,6.2,353,0.7555899291119128,-6.153786140176197
2019-09-02 07:00:00,27.0,89,25.1,0.0,41,14.0,5.1,356,0.3557580160950407,-5.087576656325103
2019-09-02 08:00:00,28.1,83,24.9,0.0,31,79.0,5.8,7,-0.7068421917498553,-5.756767679519667
2019-09-02 09:00:00,28.9,80,25.1,0.0,23,231.0,5.4,4,-0.3766849582182766,-5.386845871403051
2019-09-02 10:00:00,29.5,78,25.3,0.0,30,378.0,3.2,333,1.4527695991665504,-2.851220877402777
2019-09-02 11:00:00,30.0,77,25.6,0.0,37,482.0,2.6,286,2.499280409439629,-0.7166571251241984
2019-09-02 12:00:00,30.2,76,25.5,0.0,38,458.0,4.0,280,3.939231012048833,-0.6945927106677199
2019-09-02 13:00:00,30.5,75,25.5,0.0,41,456.0,6.4,317,4.364789504399989,-4.680663690362692
2019-09-02 14:00:00,30.4,75,25.4,0.0,45,390.0,7.7,332,3.61493103345136,-6.798696465013738
2019-09-02 15:00:00,30.3,76,25.6,0.0,48,315.0,6.7,344,1.8467702839738929,-6.440453362786736
2019-09-02 16:00:00,29.9,78,25.6,0.1,43,140.0,4.7,32,-2.490620541896063,-3.985826051935202
2019-09-02 17:00:00,29.4,80,25.5,0.0,36,85.0,8.0,82,-7.922144549932563,-1.1133848076805235
2019-09-02 18:00:00,28.7,82,25.3,0.2,35,16.0,3.6,143,-2.1665340833473734,2.8750878361702545
2019-09-02 19:00:00,28.1,88,25.9,0.0,35,0.0,4.3,132,-3.195522749552795,2.8772616073430903
2019-09-02 20:00:00,27.5,91,25.9,0.0,38,0.0,4.6,129,-3.5748714227020666,2.894873798829251
2019-09-02 21:00:00,27.5,90,25.7,0.0,36,0.0,4.8,117,-4.276831316104166,2.1791543987498243
2019-09-02 22:00:00,26.9,93,25.6,0.0,39,0.0,5.2,102,-5.08636752381579,1.0811407922523486
2019-09-02 23:00:00,26.4,94,25.4,0.0,38,0.0,4.7,99,-4.642135200797148,0.7352419856890848
2019-09-03 00:00:00,26.2,94,25.2,0.2,51,0.0,2.1,31,-1.0815799573111138,-1.800051331474436
2019-09-03 01:00:00,26.1,93,24.9,0.4,54,0.0,1.5,346,0.3628828433995018,-1.4554435894139948
2019-09-03 02:00:00,25.9,94,24.8,0.0,38,0.0,1.5,315,1.0606601717798214,-1.060660171779821
2019-09-03 03:00:00,26.2,91,24.5,0.0,38,0.0,1.4,90,-1.4,-8.572527594031472e-17
2019-09-03 04:00:00,26.0,91,24.5,0.0,35,0.0,1.8,79,-1.7669289302057951,-0.3434561916777808
2019-09-03 05:00:00,25.9,91,24.4,0.0,29,0.0,1.5,14,-0.3628828433995016,-1.4554435894139948
2019-09-03 06:00:00,25.5,93,24.4,0.0,28,0.0,2.5,360,6.123233995736766e-16,-2.5
2019-09-03 07:00:00,26.8,89,24.8,0.0,31,37.0,0.7,360,1.7145055188062944e-16,-0.7
2019-09-03 08:00:00,27.9,86,25.3,0.0,33,167.0,0.7,270,0.7,1.2858791391047207e-16
2019-09-03 09:00:00,28.7,83,25.6,0.0,33,283.0,3.1,324,1.8221342821066675,-2.507952682562337
2019-09-03 10:00:00,29.4,79,25.5,0.0,34,391.0,4.0,360,9.797174393178826e-16,-4.0
2019-09-03 11:00:00,30.0,77,25.6,0.0,33,570.0,2.1,301,1.800051331474436,-1.0815799573111138
2019-09-03 12:00:00,30.2,77,25.7,0.1,43,424.0,5.8,270,5.8,1.0654427152581972e-15
2019-09-03 13:00:00,30.1,79,26.1,0.2,60,341.0,7.0,282,6.847033205136639,-1.455381835724316
2019-09-03 14:00:00,30.2,77,25.7,0.8,48,311.0,5.4,278,5.34744757120448,-0.7515347451843536
2019-09-03 15:00:00,29.3,78,25.2,1.5,52,61.0,2.2,90,-2.2,-1.3471114790620887e-16
2019-09-03 16:00:00,29.1,78,24.9,0.0,34,39.0,1.1,162,-0.3399186938124423,1.0461621679246689
2019-09-03 17:00:00,28.7,80,24.9,0.0,35,26.0,3.2,180,-3.91886975727153e-16,3.2
2019-09-03 18:00:00,28.1,83,25.0,0.0,35,8.0,7.6,177,-0.3977532674463729,7.589584464134761
2019-09-03 19:00:00,27.5,87,25.0,0.0,50,0.0,8.9,166,-2.153104870837043,8.635631963856369
2019-09-03 20:00:00,27.0,90,25.1,0.1,65,0.0,10.1,180,-1.2368932671388266e-15,10.1
2019-09-03 21:00:00,26.9,90,25.1,0.0,67,0.0,8.8,192,1.829622879196284,8.60769888645749
2019-09-03 22:00:00,26.5,92,25.1,0.7,72,0.0,8.8,199,2.86499975922298,8.320563465273988
2019-09-03 23:00:00,26.0,95,25.2,1.0,100,0.0,8.9,201,3.189474750953174,8.308865795825096
2019-09-04 00:00:00,25.9,94,24.9,1.1,100,0.0,6.9,227,5.046340541172277,4.705788684431241
2019-09-04 01:00:00,25.8,95,24.9,1.4,100,0.0,5.4,233,4.312631754255381,3.2498011250210608
2019-09-04 02:00:00,25.8,95,24.9,1.3,100,0.0,2.5,180,-3.061616997868383e-16,2.5
2019-09-04 03:00:00,25.5,94,24.5,0.4,100,0.0,4.0,185,0.3486229709906318,3.984778792366982
2019-09-04 04:00:00,25.5,94,24.5,0.2,88,0.0,4.0,185,0.3486229709906318,3.984778792366982
2019-09-04 05:00:00,25.6,93,24.3,0.0,77,0.0,2.8,230,2.144924440733138,1.7998053071223103
2019-09-04 06:00:00,25.6,94,24.5,0.2,59,0.0,2.2,99,-2.1729143493093037,0.3441558230885078
2019-09-04 07:00:00,26.3,89,24.4,0.4,85,17.0,1.8,37,-1.083267041673687,-1.437543918085127
2019-09-04 08:00:00,26.8,86,24.2,0.4,86,64.0,1.8,217,1.0832670416736871,1.437543918085127
2019-09-04 09:00:00,27.2,84,24.3,0.4,98,100.0,2.6,196,0.7166571251241974,2.499280409439629
2019-09-04 10:00:00,27.3,84,24.4,0.5,100,49.0,1.9,158,-0.7117525274902332,1.7616493236768958
2019-09-04 11:00:00,27.6,84,24.7,0.7,84,112.0,3.2,90,-3.2,-1.9594348786357647e-16
2019-09-04 12:00:00,27.4,85,24.7,1.1,88,36.0,3.2,90,-3.2,-1.9594348786357647e-16
2019-09-04 13:00:00,27.5,86,24.8,1.3,100,41.0,1.5,135,-1.0606601717798214,1.0606601717798212
2019-09-04 14:00:00,27.6,83,24.5,1.7,82,76.0,1.5,76,-1.4554435894139948,-0.3628828433995015
2019-09-04 15:00:00,28.3,79,24.4,0.0,74,192.0,3.4,58,-2.8833635269318485,-1.8017254983928963
2019-09-04 16:00:00,28.4,79,24.5,0.0,48,96.0,3.6,53,-2.875087836170254,-2.1665340833473743
2019-09-04 17:00:00,28.5,79,24.5,0.0,53,83.0,2.5,45,-1.7677669529663689,-1.7677669529663689
2019-09-04 18:00:00,28.1,82,24.8,0.4,77,18.0,4.6,342,1.4214781741247593,-4.3748599749577055
2019-09-04 19:00:00,27.3,89,25.2,0.0,61,0.0,3.2,360,7.837739514543061e-16,-3.2
2019-09-04 20:00:00,26.7,90,25.0,0.0,54,0.0,2.4,27,-1.0895771993749122,-2.138415658052083
2019-09-04 21:00:00,26.4,91,24.8,0.0,55,0.0,4.8,48,-3.5670951622914924,-3.2118269105225195
2019-09-04 22:00:00,26.4,90,24.6,0.0,56,0.0,4.5,14,-1.0886485301985047,-4.366330768241984
2019-09-04 23:00:00,25.8,93,24.7,0.0,56,0.0,4.1,322,2.5242120488351985,-3.23084408978756
2019-09-05 00:00:00,25.7,95,24.7,0.0,43,0.0,3.1,306,2.5079526825623377,-1.8221342821066664
2019-09-05 01:00:00,25.4,96,24.6,0.0,35,0.0,2.5,278,2.475670171853926,-0.3479327524001636
2019-09-05 02:00:00,25.2,96,24.5,0.0,34,0.0,1.8,323,1.083267041673687,-1.437543918085127
2019-09-05 03:00:00,25.7,92,24.3,0.0,61,0.0,2.7,23,-1.0549740469210394,-2.485363104321589
2019-09-05 04:00:00,24.8,96,24.2,0.0,56,0.0,3.6,6,-0.3763024677635525,-3.580278823325784
2019-09-05 05:00:00,24.6,97,24.1,0.0,58,0.0,4.4,351,0.6883116461770169,-4.345828698618606
2019-09-05 06:00:00,24.7,97,24.1,0.0,36,0.0,5.9,313,4.3149868395531055,-4.023790324368742
2019-09-05 07:00:00,26.2,93,24.9,0.0,32,44.0,2.8,320,1.7998053071223108,-2.1449244407331376
2019-09-05 08:00:00,27.1,87,24.7,0.0,40,142.0,3.7,299,3.236092916415764,-1.793795594911448
2019-09-05 09:00:00,27.9,83,24.8,0.1,76,285.0,5.5,293,5.062776693988423,-2.149021206691004
2019-09-05 10:00:00,28.5,79,24.6,0.0,86,302.0,5.5,293,5.062776693988423,-2.149021206691004
2019-09-05 11:00:00,28.4,80,24.7,0.4,99,253.0,4.8,283,4.676976310969129,-1.0797650608505516
2019-09-05 12:00:00,27.8,84,24.8,3.6,65,172.0,5.9,284,5.72474478502838,-1.4273391840380378
2019-09-05 13:00:00,28.2,83,25.1,1.2,71,193.0,7.8,292,7.232034065620942,-2.9219314286441134
2019-09-05 14:00:00,28.5,80,24.8,0.8,100,247.0,8.9,320,5.720809726210202,-6.817795543758902
2019-09-05 15:00:00,28.2,81,24.6,0.4,100,24.0,7.4,337,2.891410350820627,-6.811735915548058
2019-09-05 16:00:00,27.7,84,24.8,1.8,81,23.0,6.0,343,1.7542302283364228,-5.737828535778212
2019-09-05 17:00:00,27.7,84,24.6,0.5,94,61.0,3.5,336,1.4235782507653003,-3.1974091017491038
2019-09-05 18:00:00,27.3,87,24.9,0.5,73,8.0,6.0,327,3.267834210090162,-5.032023407672544
2019-09-05 19:00:00,26.7,90,24.9,0.8,76,0.0,6.8,342,2.101315561749644,-6.467184310807044
2019-09-05 20:00:00,26.3,92,24.8,0.4,62,0.0,6.5,354,0.6794350112397471,-6.4643923198937765
2019-09-05 21:00:00,26.2,92,24.7,0.8,66,0.0,5.5,337,2.1490212066910064,-5.062776693988422
2019-09-05 22:00:00,26.1,91,24.5,0.9,80,0.0,5.9,322,3.632402704421384,-4.64926344627966
2019-09-05 23:00:00,25.8,92,24.4,0.4,73,0.0,5.8,330,2.9000000000000026,-5.022947341949743
2019-09-06 00:00:00,25.5,93,24.3,0.0,52,0.0,5.8,330,2.9000000000000026,-5.022947341949743
2019-09-06 01:00:00,25.6,92,24.2,0.0,47,0.0,5.1,309,3.963444403430551,-3.209533994354171
2019-09-06 02:00:00,25.6,91,24.1,0.0,44,0.0,5.1,262,5.050367150582008,0.7097828148963357
2019-09-06 03:00:00,25.4,94,24.4,0.5,43,0.0,5.0,240,4.330127018922193,2.500000000000002
2019-09-06 04:00:00,25.7,91,24.1,0.5,51,0.0,3.1,225,2.192031021678297,2.192031021678298
2019-09-06 05:00:00,26.0,89,24.1,0.2,44,0.0,0.5,225,0.3535533905932737,0.3535533905932738
2019-09-06 06:00:00,25.8,91,24.2,0.1,75,0.0,0.7,360,1.7145055188062944e-16,-0.7
2019-09-06 07:00:00,25.8,93,24.7,0.3,46,32.0,2.9,360,7.10295143505465e-16,-2.9
2019-09-06 08:00:00,26.5,91,24.9,0.3,50,93.0,3.3,6,-0.3449439287832564,-3.281922254715301
2019-09-06 09:00:00,27.5,86,24.9,0.2,35,205.0,2.9,360,7.10295143505465e-16,-2.9
2019-09-06 10:00:00,28.3,83,25.2,0.1,52,348.0,4.2,340,1.436484601967808,-3.946709007300816
2019-09-06 11:00:00,28.9,82,25.6,0.2,57,493.0,3.8,319,2.493024310163928,-2.867896404846533
2019-09-06 12:00:00,29.6,81,25.9,0.2,53,572.0,6.0,287,5.737828535778212,-1.7542302283364202
2019-09-06 13:00:00,29.8,81,26.2,0.3,59,557.0,7.9,270,7.9,1.4512064569896137e-15
2019-09-06 14:00:00,29.6,83,26.4,0.9,100,493.0,6.2,263,6.153786140176197,0.7555899291119125
2019-09-06 15:00:00,29.8,76,25.1,1.6,77,274.0,4.9,253,4.685893304218873,1.4326213531414118
2019-09-06 16:00:00,29.0,80,25.2,2.3,51,122.0,4.1,225,2.8991378028648445,2.8991378028648453
2019-09-06 17:00:00,27.7,86,25.2,4.9,66,36.0,8.0,198,2.4721359549995783,7.608452130361229
2019-09-06 18:00:00,26.7,91,25.1,1.2,91,8.0,9.4,182,0.3280552690035084,9.3942737739795
2019-09-06 19:00:00,26.3,91,24.7,0.1,86,0.0,10.5,158,-3.933369230867079,9.735430472951268
2019-09-06 20:00:00,26.3,91,24.6,0.0,71,0.0,11.6,154,-5.085105302753297,10.426010937070338
2019-09-06 21:00:00,26.3,90,24.5,0.0,68,0.0,10.7,160,-3.659615533584657,10.05471104240922
2019-09-06 22:00:00,26.3,89,24.4,0.1,71,0.0,12.0,159,-4.300415394543602,11.20296511796642
2019-09-06 23:00:00,26.3,89,24.4,0.0,66,0.0,12.2,156,-4.9621870455247645,11.145254583239728
2019-09-07 00:00:00,26.3,90,24.4,0.0,63,0.0,10.5,164,-2.894192236078492,10.093247807352348
2019-09-07 01:00:00,26.3,90,24.4,0.0,61,0.0,9.4,173,-1.1455718280083869,9.329933825428428
2019-09-07 02:00:00,26.2,90,24.5,0.0,64,0.0,9.4,162,-2.9047597471245066,8.939931253174443
2019-09-07 03:00:00,25.9,90,24.1,0.0,34,0.0,8.7,150,-4.349999999999999,7.534421012924616
2019-09-07 04:00:00,25.8,90,23.9,0.1,34,0.0,8.5,152,-3.990508283680071,7.505054539300879
2019-09-07 05:00:00,25.4,91,23.7,0.2,25,0.0,10.5,153,-4.766900247265242,9.355568503977862
2019-09-07 06:00:00,25.5,89,23.5,0.0,32,0.0,6.7,144,-3.938161190359571,5.420413862312147
2019-09-07 07:00:00,26.1,87,23.8,0.0,32,28.0,6.9,152,-3.2393537832226458,6.092338390726597
2019-09-07 08:00:00,27.5,81,23.9,0.0,19,190.0,6.3,156,-2.5624408513775427,5.755336383148385
2019-09-07 09:00:00,28.5,78,24.3,0.0,30,324.0,7.9,177,-0.4134540543192561,7.889173324561134
2019-09-07 10:00:00,29.1,77,24.6,0.0,43,402.0,9.5,191,1.8126854560771748,9.325458242752807
2019-09-07 11:00:00,29.3,78,25.1,0.2,54,518.0,8.7,204,3.5386087947594613,7.947845481490627
2019-09-07 12:00:00,29.8,79,25.8,0.0,68,554.0,6.2,216,3.644268564213333,5.0159053651246746
2019-09-07 13:00:00,30.0,81,26.3,0.1,86,456.0,5.9,232,4.649263446279661,3.632402704421383
2019-09-07 14:00:00,30.0,82,26.5,0.2,64,339.0,8.7,228,6.4653599816533305,5.821436275322065
2019-09-07 15:00:00,29.4,78,25.3,0.7,63,220.0,7.4,203,2.8914103508206246,6.811735915548059
2019-09-07 16:00:00,29.4,79,25.3,0.5,67,191.0,5.4,200,1.846908773958611,5.074340152243906
2019-09-07 17:00:00,29.1,80,25.2,0.3,63,88.0,4.1,195,1.0611580849203353,3.96029588778518
2019-09-07 18:00:00,28.7,82,25.4,0.0,48,15.0,3.7,169,-0.7059932828932164,3.632020578756357
2019-09-07 19:00:00,28.1,85,25.3,0.0,42,0.0,5.8,180,-7.10295143505465e-16,5.8
2019-09-07 20:00:00,27.5,87,25.2,0.0,43,0.0,8.0,175,-0.6972459419812655,7.969557584733964
2019-09-07 21:00:00,27.0,90,25.2,0.3,43,0.0,9.2,169,-1.7554427574642135,9.030970087718508
2019-09-07 22:00:00,26.6,91,25.0,0.4,42,0.0,9.8,174,-1.0243789400230068,9.746314574609078
2019-09-07 23:00:00,26.4,91,24.9,0.2,13,0.0,9.5,171,-1.4861274178821944,9.383039235653808
2019-09-08 00:00:00,26.6,90,24.8,0.0,16,0.0,8.7,163,-2.543633831087808,8.31985137687841
2019-09-08 01:00:00,26.6,89,24.6,0.0,21,0.0,7.4,157,-2.891410350820626,6.811735915548059
2019-09-08 02:00:00,26.0,92,24.6,0.1,40,0.0,5.1,135,-3.606244584051392,3.606244584051392
2019-09-08 03:00:00,24.5,95,23.6,2.5,64,0.0,2.5,98,-2.475670171853926,0.3479327524001634
2019-09-08 04:00:00,24.5,95,23.6,0.7,77,0.0,3.0,76,-2.910887178827989,-0.725765686799003
2019-09-08 05:00:00,24.7,92,23.3,0.5,86,0.0,2.9,90,-2.9,-1.7757378587636622e-16
2019-09-08 06:00:00,24.9,91,23.3,0.1,42,0.0,5.4,138,-3.613305274337835,4.012982057577928
2019-09-08 07:00:00,25.5,89,23.5,0.0,14,22.0,5.9,133,-4.314986839553106,4.023790324368741
2019-09-08 08:00:00,26.6,83,23.5,0.0,8,120.0,4.7,99,-4.642135200797148,0.7352419856890848
2019-09-08 09:00:00,27.5,82,24.1,0.0,3,255.0,3.1,135,-2.192031021678297,2.192031021678297
2019-09-08 10:00:00,28.4,78,24.1,0.0,4,256.0,4.0,175,-0.3486229709906328,3.984778792366982
2019-09-08 11:00:00,29.0,77,24.7,0.0,9,411.0,4.4,215,2.5237363199446032,3.604268994871564
2019-09-08 12:00:00,29.5,76,24.9,0.0,36,480.0,3.6,276,3.5802788233257843,-0.3763024677635507
2019-09-08 13:00:00,30.1,76,25.3,0.0,36,620.0,4.9,287,4.685893304218874,-1.43262135314141
2019-09-08 14:00:00,30.4,76,25.7,0.0,71,626.0,5.8,266,5.78587149150698,0.4045875477159283
2019-09-08 15:00:00,29.4,75,24.5,0.4,79,450.0,6.3,239,5.400153994423306,3.2447398719333425
2019-09-08 16:00:00,28.8,78,24.5,0.5,82,278.0,5.2,236,4.3109953772862175,2.907803098047882
2019-09-08 17:00:00,28.5,79,24.4,0.1,91,142.0,5.4,228,4.01298205757793,3.613305274337834
2019-09-08 18:00:00,27.8,83,24.6,0.2,65,18.0,7.6,183,0.3977532674463711,7.589584464134761
2019-09-08 19:00:00,26.9,88,24.7,0.3,62,0.0,8.0,175,-0.6972459419812655,7.969557584733964
2019-09-08 20:00:00,26.6,89,24.7,0.0,53,0.0,8.6,165,-2.2258437878816806,8.306962106085987
2019-09-08 21:00:00,26.5,90,24.6,0.0,46,0.0,9.0,151,-4.363286582217034,7.871577364254562
2019-09-08 22:00:00,26.3,90,24.5,0.0,42,0.0,7.9,150,-3.95,6.841600689897066
2019-09-08 23:00:00,25.8,93,24.6,0.0,34,0.0,6.9,141,-4.342310698243878,5.3623071340531
2019-09-09 00:00:00,26.1,91,24.5,0.0,22,0.0,3.3,103,-3.2154212137912763,0.7423384793347546
2019-09-09 01:00:00,25.6,93,24.4,0.0,31,0.0,3.6,84,-3.580278823325784,-0.3763024677635525
2019-09-09 02:00:00,24.6,97,24.0,0.0,34,0.0,3.3,84,-3.281922254715301,-0.3449439287832564
2019-09-09 03:00:00,24.7,95,23.8,0.0,36,0.0,3.3,84,-3.281922254715301,-0.3449439287832564
2019-09-09 04:00:00,24.6,95,23.7,0.0,47,0.0,3.3,77,-3.2154212137912763,-0.7423384793347542
2019-09-09 05:00:00,24.4,95,23.5,0.0,33,0.0,3.4,58,-2.8833635269318485,-1.8017254983928963
2019-09-09 06:00:00,24.3,95,23.5,0.0,48,0.0,4.7,58,-3.9858260519352022,-2.490620541896063
2019-09-09 07:00:00,25.8,89,23.9,0.0,25,36.0,6.3,59,-5.400153994423308,-3.244739871933341
2019-09-09 08:00:00,27.3,81,23.7,0.0,23,171.0,5.6,45,-3.9597979746446654,-3.9597979746446654
2019-09-09 09:00:00,28.4,75,23.5,0.0,10,376.0,5.7,18,-1.7613968679372003,-5.421022142882375
2019-09-09 10:00:00,29.2,73,23.8,0.0,9,496.0,5.8,360,1.4205902870109297e-15,-5.8
2019-09-09 11:00:00,29.7,73,24.3,0.0,6,643.0,6.5,341,2.1161930039715187,-6.14587074139556
2019-09-09 12:00:00,30.1,72,24.6,0.1,12,655.0,8.0,333,3.631923997916376,-7.128052193506942
2019-09-09 13:00:00,30.2,74,25.1,0.0,24,555.0,9.5,335,4.014873486536643,-8.609923976848176
2019-09-09 14:00:00,30.3,75,25.4,0.0,26,507.0,9.2,339,3.296985135816767,-8.588939923774253
2019-09-09 15:00:00,30.0,72,24.5,0.2,33,428.0,6.4,344,1.764079077228793,-6.1520748540052415
2019-09-09 16:00:00,29.5,75,24.5,0.3,26,340.0,3.7,331,1.7937955949114466,-3.236092916415765
2019-09-09 17:00:00,29.2,76,24.5,0.0,29,144.0,1.8,307,1.4375439180851275,-1.0832670416736865
2019-09-09 18:00:00,28.8,78,24.5,0.0,22,40.0,2.4,333,1.0895771993749126,-2.138415658052083
2019-09-09 19:00:00,27.8,86,25.2,0.0,29,0.0,2.5,225,1.7677669529663689,1.767766952966369
2019-09-09 20:00:00,26.9,89,24.9,0.0,57,0.0,4.5,166,-1.0886485301985047,4.366330768241984
2019-09-09 21:00:00,26.5,91,24.9,0.0,61,0.0,6.0,163,-1.7542302283364195,5.737828535778213
2019-09-09 22:00:00,26.1,93,24.8,0.0,32,0.0,7.2,183,0.3768188849491937,7.190132650232932
2019-09-09 23:00:00,25.9,93,24.7,0.0,23,0.0,7.6,185,0.6623836448822004,7.571079705497266
2019-09-10 00:00:00,26.1,93,24.8,0.0,27,0.0,8.6,195,2.225843787881679,8.306962106085987
2019-09-10 01:00:00,26.7,89,24.7,0.1,32,0.0,7.8,193,1.7546182238821468,7.600086505324834
2019-09-10 02:00:00,25.7,93,24.4,0.2,52,0.0,6.8,183,0.3558845024520162,6.790680836331102
2019-09-10 03:00:00,25.6,93,24.4,0.0,33,0.0,2.2,180,-2.694222958124177e-16,2.2
2019-09-10 04:00:00,26.1,89,24.2,0.0,46,0.0,1.0,45,-0.7071067811865476,-0.7071067811865476
2019-09-10 05:00:00,25.8,91,24.1,0.0,38,0.0,2.5,352,0.3479327524001647,-2.475670171853926
2019-09-10 06:00:00,25.1,94,24.0,0.0,34,0.0,5.3,332,2.4881992827652213,-4.679622242152313
2019-09-10 07:00:00,26.3,91,24.7,0.0,26,44.0,6.1,357,0.3192493330819606,-6.0916401620029
2019-09-10 08:00:00,27.4,85,24.6,0.0,23,214.0,6.1,357,0.3192493330819606,-6.0916401620029
2019-09-10 09:00:00,28.3,80,24.6,0.0,40,407.0,6.6,347,1.4846769586695112,-6.430842427582552
2019-09-10 10:00:00,29.1,76,24.4,0.0,27,480.0,6.3,336,2.562440851377541,-5.755336383148386
2019-09-10 11:00:00,29.5,73,24.3,0.1,30,551.0,6.1,332,2.863776532993933,-5.385980316439454
2019-09-10 12:00:00,29.5,74,24.4,0.0,33,471.0,5.4,307,4.312631754255383,-3.249801125021059
2019-09-10 13:00:00,29.5,75,24.5,0.1,40,450.0,5.7,305,4.669166652447253,-3.2693856872009626
2019-09-10 14:00:00,29.6,75,24.8,0.0,56,538.0,5.6,315,3.9597979746446663,-3.959797974644665
2019-09-10 15:00:00,29.4,77,25.0,0.2,72,173.0,6.1,315,4.31335136523794,-4.3133513652379385
2019-09-10 16:00:00,28.5,79,24.6,1.9,67,101.0,3.9,326,2.180852323535912,-3.233246532964663
2019-09-10 17:00:00,28.4,79,24.4,0.0,51,56.0,2.9,330,1.4500000000000013,-2.5114736709748717
2019-09-10 18:00:00,28.1,81,24.5,0.0,17,13.0,4.1,285,3.960295887785181,-1.061158084920333
2019-09-10 19:00:00,27.5,87,25.2,0.0,9,0.0,5.6,225,3.9597979746446654,3.9597979746446663
2019-09-10 20:00:00,26.9,89,24.9,0.0,3,0.0,5.8,187,0.7068421917498544,5.756767679519668
2019-09-10 21:00:00,26.3,91,24.8,0.0,3,0.0,5.8,173,-0.7068421917498557,5.756767679519667
2019-09-10 22:00:00,26.0,93,24.8,0.0,2,0.0,5.4,188,0.7515347451843538,5.34744757120448
2019-09-10 23:00:00,26.0,93,24.8,0.0,4,0.0,5.4,217,3.2498011250210617,4.312631754255381
2019-09-11 00:00:00,26.1,92,24.8,0.0,9,0.0,4.3,222,2.8772616073430903,3.195522749552795
2019-09-11 01:00:00,26.5,90,24.7,0.0,13,0.0,2.2,261,2.172914349309303,0.3441558230885083
2019-09-11 02:00:00,25.5,94,24.6,0.0,17,0.0,2.7,293,2.4853631043215896,-1.0549740469210385
2019-09-11 03:00:00,26.0,93,24.9,0.0,24,0.0,5.2,286,4.998560818879258,-1.4333142502483969
2019-09-11 04:00:00,26.3,92,25.0,0.0,15,0.0,4.0,280,3.939231012048833,-0.6945927106677199
2019-09-11 05:00:00,26.7,89,24.8,0.0,24,0.0,1.9,248,1.7616493236768958,0.7117525274902333
2019-09-11 06:00:00,26.5,89,24.5,0.0,26,0.0,2.9,90,-2.9,-1.7757378587636622e-16
2019-09-11 07:00:00,26.8,91,25.2,0.0,41,24.0,3.3,77,-3.2154212137912763,-0.7423384793347542
2019-09-11 08:00:00,27.9,84,24.9,0.0,36,116.0,2.7,67,-2.485363104321589,-1.0549740469210391
2019-09-11 09:00:00,28.5,81,25.0,0.0,34,217.0,0.5,45,-0.3535533905932738,-0.3535533905932738
2019-09-11 10:00:00,29.0,79,24.9,0.0,41,279.0,0.5,225,0.3535533905932737,0.3535533905932738
2019-09-11 11:00:00,29.7,76,24.9,0.0,31,533.0,2.7,247,2.4853631043215887,1.0549740469210394
2019-09-11 12:00:00,29.8,75,25.0,0.0,24,554.0,2.7,247,2.4853631043215887,1.0549740469210394
2019-09-11 13:00:00,30.1,75,25.1,0.0,21,611.0,3.6,276,3.5802788233257843,-0.3763024677635507
2019-09-11 14:00:00,30.1,74,25.0,0.0,29,416.0,1.9,22,-0.7117525274902328,-1.761649323676896
2019-09-11 15:00:00,30.2,73,24.8,0.0,26,403.0,2.5,8,-0.3479327524001636,-2.475670171853926
2019-09-11 16:00:00,30.1,73,24.8,0.0,23,302.0,4.3,360,1.0531962472667237e-15,-4.3
2019-09-11 17:00:00,29.7,75,24.7,0.0,23,158.0,5.4,4,-0.3766849582182766,-5.386845871403051
2019-09-11 18:00:00,29.0,79,24.9,0.0,20,34.0,5.1,45,-3.606244584051392,-3.606244584051392
2019-09-11 19:00:00,28.2,83,25.0,0.0,19,0.0,5.5,67,-5.062776693988422,-2.149021206691005
2019-09-11 20:00:00,27.5,88,25.3,0.0,11,0.0,4.7,86,-4.688551036221174,-0.3278554265973886
2019-09-11 21:00:00,27.0,90,25.3,0.0,11,0.0,4.7,113,-4.326372811226469,1.836436303899587
2019-09-11 22:00:00,26.6,93,25.3,0.0,9,0.0,5.0,120,-4.330127018922194,2.499999999999999
2019-09-11 23:00:00,26.3,93,25.2,0.0,7,0.0,4.8,117,-4.276831316104166,2.1791543987498243
2019-09-12 00:00:00,26.4,91,24.9,0.0,5,0.0,4.8,117,-4.276831316104166,2.1791543987498243
2019-09-12 01:00:00,26.5,90,24.7,0.0,6,0.0,5.5,122,-4.664264528860343,2.914555953282626
2019-09-12 02:00:00,26.7,88,24.6,0.0,19,0.0,5.9,142,-3.6324027044213847,4.64926344627966
2019-09-12 03:00:00,25.6,93,24.4,0.0,15,0.0,6.3,156,-2.5624408513775427,5.755336383148385
2019-09-12 04:00:00,25.6,92,24.2,0.0,12,0.0,6.4,153,-2.9055391983331003,5.702441754805554
2019-09-12 05:00:00,25.8,90,24.1,0.0,23,0.0,5.8,150,-2.8999999999999995,5.022947341949744
2019-09-12 06:00:00,25.5,91,23.9,0.0,17,0.0,5.9,133,-4.314986839553106,4.023790324368741
2019-09-12 07:00:00,27.0,85,24.3,0.0,17,49.0,4.6,129,-3.5748714227020666,2.894873798829251
2019-09-12 08:00:00,28.1,79,24.2,0.0,23,173.0,3.8,139,-2.493024310163928,2.8678964048465336
2019-09-12 09:00:00,28.7,78,24.5,0.0,21,264.0,2.4,153,-1.0895771993749124,2.138415658052083
2019-09-12 10:00:00,29.5,75,24.7,0.0,14,483.0,1.9,202,0.7117525274902328,1.761649323676896
2019-09-12 11:00:00,30.1,73,24.8,0.0,18,614.0,3.8,253,3.633958072659534,1.111012477946401
2019-09-12 12:00:00,30.6,73,25.1,0.0,16,574.0,4.9,287,4.685893304218874,-1.43262135314141
2019-09-12 13:00:00,30.6,73,25.2,0.0,49,462.0,6.9,321,4.342310698243882,-5.362307134053097
2019-09-12 14:00:00,30.7,73,25.2,0.0,83,531.0,7.2,333,3.2687315981247385,-6.415246974156248
2019-09-12 15:00:00,30.8,72,25.1,0.0,36,369.0,7.8,338,2.921931428644116,-7.232034065620941
2019-09-12 16:00:00,30.4,74,25.2,0.0,40,263.0,7.8,347,1.7546182238821495,-7.600086505324834
2019-09-12 17:00:00,29.9,76,25.2,0.0,24,118.0,4.4,351,0.6883116461770169,-4.345828698618606
2019-09-12 18:00:00,29.2,81,25.6,0.0,20,31.0,2.2,81,-2.1729143493093037,-0.344155823088508
2019-09-12 19:00:00,28.3,86,25.7,0.0,12,0.0,2.7,113,-2.4853631043215887,1.0549740469210394
2019-09-12 20:00:00,27.6,90,25.9,0.0,12,0.0,4.6,135,-3.2526911934581184,3.252691193458118
2019-09-12 21:00:00,27.2,91,25.7,0.0,7,0.0,5.8,150,-2.8999999999999995,5.022947341949744
2019-09-12 22:00:00,26.8,93,25.5,0.0,3,0.0,6.9,152,-3.2393537832226458,6.092338390726597
2019-09-12 23:00:00,26.8,92,25.5,0.0,3,0.0,7.2,153,-3.2687315981247376,6.415246974156248
2019-09-13 00:00:00,26.8,92,25.4,0.0,2,0.0,6.8,162,-2.101315561749643,6.467184310807044
2019-09-13 01:00:00,26.7,92,25.3,0.0,5,0.0,7.5,163,-2.1927877854205247,7.172285669722767
2019-09-13 02:00:00,26.7,91,25.1,0.0,24,0.0,8.0,153,-3.631923997916375,7.128052193506942
2019-09-13 03:00:00,26.7,89,24.7,0.0,31,0.0,7.0,145,-4.0150350544573215,5.734064310022943
2019-09-13 04:00:00,26.5,89,24.5,0.0,28,0.0,6.2,144,-3.644268564213334,5.015905365124674
2019-09-13 05:00:00,26.2,89,24.3,0.0,28,0.0,6.4,142,-3.9402334420842138,5.043268823083021
2019-09-13 06:00:00,26.0,90,24.2,0.0,20,0.0,4.7,157,-1.8364363038995868,4.32637281122647
2019-09-13 07:00:00,27.0,86,24.5,0.0,18,38.0,6.5,146,-3.634753872559855,5.38874422160777
2019-09-13 08:00:00,27.8,85,25.0,0.0,23,129.0,6.7,164,-1.8467702839738949,6.440453362786736
2019-09-13 09:00:00,28.7,82,25.3,0.0,34,305.0,6.7,196,1.846770283973893,6.440453362786736
2019-09-13 10:00:00,29.4,78,25.2,0.0,35,455.0,6.9,227,5.046340541172277,4.705788684431241
2019-09-13 11:00:00,29.7,76,25.1,0.2,46,469.0,7.0,249,6.535062985480412,2.508575646817105
2019-09-13 12:00:00,30.0,75,25.1,0.4,37,583.0,6.3,257,6.1385314081469815,1.417191642366351
2019-09-13 13:00:00,29.8,77,25.3,0.2,51,500.0,4.8,257,4.6769763109691285,1.0797650608505531
2019-09-13 14:00:00,29.7,78,25.5,0.0,50,467.0,4.3,312,3.1955227495527967,-2.877261607343089
2019-09-13 15:00:00,29.8,75,24.9,0.0,39,285.0,5.9,349,1.1257730727216135,-5.791600382341218
2019-09-13 16:00:00,29.5,77,24.9,0.0,25,163.0,7.0,12,-1.4553818357243151,-6.84703320513664
2019-09-13 17:00:00,29.3,77,24.9,0.0,27,99.0,6.5,34,-3.634753872559855,-5.388744221607771
2019-09-13 18:00:00,28.8,80,24.9,0.0,42,30.0,5.5,67,-5.062776693988422,-2.149021206691005
2019-09-13 19:00:00,28.2,84,25.2,0.0,47,0.0,4.3,95,-4.283637201794505,0.3747696938149304
2019-09-13 20:00:00,27.6,87,25.3,0.0,21,0.0,4.6,129,-3.5748714227020666,2.894873798829251
2019-09-13 21:00:00,27.3,89,25.3,0.0,23,0.0,4.5,151,-2.181643291108517,3.935788682127281
2019-09-13 22:00:00,27.0,90,25.3,0.0,34,0.0,5.7,162,-1.7613968679372007,5.421022142882375
2019-09-13 23:00:00,26.6,92,25.2,0.0,41,0.0,5.7,162,-1.7613968679372007,5.421022142882375
2019-09-14 00:00:00,26.2,94,25.1,0.0,40,0.0,5.8,158,-2.172718241812291,5.377666356487366
2019-09-14 01:00:00,26.1,94,25.0,0.0,33,0.0,4.9,144,-2.880147736233119,3.9641832724372414
2019-09-14 02:00:00,26.1,93,24.9,0.0,36,0.0,3.2,153,-1.45276959916655,2.851220877402777
2019-09-14 03:00:00,27.1,85,24.4,0.0,23,0.0,2.1,211,1.0815799573111138,1.800051331474436
2019-09-14 04:00:00,27.0,85,24.3,0.0,12,0.0,1.5,194,0.3628828433995013,1.4554435894139948
2019-09-14 05:00:00,26.7,86,24.3,0.0,21,0.0,1.4,180,-1.7145055188062944e-16,1.4
2019-09-14 06:00:00,26.4,88,24.3,0.0,22,0.0,2.6,214,1.4539015490239415,2.1554976886431088
2019-09-14 07:00:00,26.8,88,24.7,0.0,18,29.0,1.1,162,-0.3399186938124423,1.0461621679246689
2019-09-14 08:00:00,27.7,83,24.6,0.0,22,175.0,2.4,63,-2.138415658052083,-1.0895771993749124
2019-09-14 09:00:00,28.3,82,24.9,0.1,54,285.0,3.4,18,-1.0506577808748212,-3.233592155403522
2019-09-14 10:00:00,28.8,80,25.0,0.2,32,456.0,7.6,352,1.0577155672965006,-7.526037322435934
2019-09-14 11:00:00,29.6,76,24.9,0.1,32,523.0,11.6,355,1.0110066158728364,-11.555858497864248
2019-09-14 12:00:00,30.2,72,24.6,0.1,23,545.0,13.7,357,0.7170026005283379,-13.68122462613766
2019-09-14 13:00:00,30.3,71,24.4,0.2,36,570.0,14.8,359,0.2582956152717967,-14.79774588831459
2019-09-14 14:00:00,30.1,72,24.4,0.2,30,443.0,14.4,360,3.5269827815443773e-15,-14.4
2019-09-14 15:00:00,30.0,71,24.0,0.0,41,371.0,13.0,3,-0.6803674311582698,-12.98218395180946
2019-09-14 16:00:00,29.7,72,24.0,0.0,36,259.0,11.7,9,-1.830283240970701,-11.555953584963111
2019-09-14 17:00:00,29.1,74,24.1,0.0,23,89.0,8.9,27,-4.040515447681966,-7.929958065276475
2019-09-14 18:00:00,28.5,77,24.1,0.0,23,22.0,5.9,38,-3.632402704421384,-4.64926344627966
2019-09-14 19:00:00,27.9,81,24.4,0.0,17,0.0,6.2,69,-5.788198644282651,-2.2218812871808624
2019-09-14 20:00:00,27.4,84,24.4,0.0,38,0.0,5.0,111,-4.667902132486009,1.7918397477265011
2019-09-14 21:00:00,27.1,85,24.4,0.0,37,0.0,4.4,145,-2.5237363199446023,3.604268994871565
2019-09-14 22:00:00,26.7,87,24.4,0.0,36,0.0,5.5,157,-2.149021206691006,5.062776693988422
2019-09-14 23:00:00,26.6,87,24.4,0.0,33,0.0,6.4,164,-1.764079077228795,6.1520748540052415
2019-09-15 00:00:00,26.5,88,24.4,0.0,32,0.0,7.7,169,-1.4692292643993965,7.558529312547013
2019-09-15 01:00:00,26.5,89,24.4,0.0,39,0.0,8.0,185,0.6972459419812636,7.969557584733964
2019-09-15 02:00:00,26.4,88,24.3,0.0,29,0.0,7.7,191,1.4692292643993945,7.558529312547013
2019-09-15 03:00:00,26.5,89,24.6,0.0,34,0.0,5.8,180,-7.10295143505465e-16,5.8
2019-09-15 04:00:00,26.1,90,24.4,0.1,49,0.0,4.8,167,-1.079765060850553,4.6769763109691285
2019-09-15 05:00:00,26.2,89,24.2,0.1,53,0.0,1.6,153,-0.7263847995832751,1.4256104387013886
2019-09-15 06:00:00,25.5,93,24.3,0.1,37,0.0,1.8,37,-1.083267041673687,-1.437543918085127
2019-09-15 07:00:00,26.2,89,24.2,0.1,26,22.0,4.3,5,-0.3747696938149301,-4.283637201794505
2019-09-15 08:00:00,26.7,86,24.1,0.0,20,66.0,5.4,352,0.7515347451843558,-5.34744757120448
2019-09-15 09:00:00,27.6,81,24.0,0.0,10,206.0,5.5,337,2.1490212066910064,-5.062776693988422
2019-09-15 10:00:00,28.3,79,24.3,0.0,9,369.0,5.4,323,3.2498011250210608,-4.312631754255381
2019-09-15 11:00:00,29.0,78,24.7,0.0,27,528.0,5.7,325,3.269385687200965,-4.669166652447252
2019-09-15 12:00:00,29.5,78,25.2,0.0,41,589.0,7.1,330,3.550000000000003,-6.148780366869512
2019-09-15 13:00:00,29.7,75,24.8,0.2,81,565.0,7.7,332,3.61493103345136,-6.798696465013738
2019-09-15 14:00:00,29.6,75,24.8,0.2,49,426.0,11.1,335,4.6910627053217615,-10.060016436106816
2019-09-15 15:00:00,29.7,73,24.3,0.1,57,380.0,12.2,358,0.42577385977051,-12.192568089632967
2019-09-15 16:00:00,29.0,76,24.2,0.1,31,162.0,12.6,3,-0.6594330486610923,-12.58273213790763
2019-09-15 17:00:00,28.2,77,23.9,0.2,42,105.0,11.6,22,-4.345436483624579,-10.755332712974734
2019-09-15 18:00:00,27.9,79,23.8,0.0,28,20.0,7.2,27,-3.2687315981247367,-6.415246974156249
2019-09-15 19:00:00,27.6,80,23.9,0.0,25,0.0,6.5,34,-3.634753872559855,-5.388744221607771
2019-09-15 20:00:00,27.2,84,24.2,0.0,39,0.0,5.8,22,-2.172718241812289,-5.377666356487367
2019-09-15 21:00:00,27.2,83,24.1,0.0,46,0.0,5.8,22,-2.172718241812289,-5.377666356487367
2019-09-15 22:00:00,26.8,87,24.5,0.0,47,0.0,4.5,61,-3.935788682127281,-2.181643291108517
2019-09-15 23:00:00,25.9,92,24.6,0.0,43,0.0,4.5,119,-3.9357886821272814,2.1816432911085166
2019-09-16 00:00:00,25.6,94,24.5,0.0,46,0.0,4.6,141,-2.894873798829252,3.5748714227020657
2019-09-16 01:00:00,25.5,93,24.4,0.0,46,0.0,4.1,142,-2.5242120488352,3.2308440897875594
2019-09-16 02:00:00,25.5,93,24.3,0.0,33,0.0,5.4,143,-3.2498011250210603,4.312631754255382
2019-09-16 03:00:00,25.4,92,24.0,0.0,31,0.0,5.4,138,-3.613305274337835,4.012982057577928
2019-09-16 04:00:00,25.4,91,23.8,0.0,35,0.0,5.0,111,-4.667902132486009,1.7918397477265011
2019-09-16 05:00:00,25.4,89,23.5,0.0,38,0.0,4.3,90,-4.3,-2.632990618166809e-16
2019-09-16 06:00:00,25.3,90,23.5,0.0,41,0.0,4.7,122,-3.9858260519352022,2.4906205418960625
2019-09-16 07:00:00,26.4,84,23.6,0.0,32,35.0,4.3,85,-4.283637201794505,-0.3747696938149299
2019-09-16 08:00:00,27.1,79,23.1,0.0,32,70.0,3.3,84,-3.281922254715301,-0.3449439287832564
2019-09-16 09:00:00,27.6,78,23.5,0.0,33,134.0,3.3,49,-2.490541614735148,-2.1649947956686737
2019-09-16 10:00:00,27.8,78,23.7,0.0,47,176.0,4.4,35,-2.523736319944603,-3.604268994871564
2019-09-16 11:00:00,28.0,79,23.9,0.0,42,147.0,3.8,17,-1.1110124779463997,-3.633958072659535
2019-09-16 12:00:00,28.4,77,24.0,0.0,42,273.0,5.2,344,1.4333142502483949,-4.998560818879258
2019-09-16 13:00:00,28.8,76,24.1,0.0,56,222.0,7.6,352,1.0577155672965006,-7.526037322435934
2019-09-16 14:00:00,28.9,75,24.1,0.0,67,276.0,9.4,356,0.655710853194781,-9.377102072442348
2019-09-16 15:00:00,29.4,73,23.9,0.0,67,131.0,9.2,11,-1.755442757464212,-9.030970087718508
2019-09-16 16:00:00,29.0,74,24.0,0.0,74,91.0,9.3,36,-5.46640284632,-7.523858047687012
2019-09-16 17:00:00,28.4,78,24.2,0.0,65,32.0,6.9,47,-5.046340541172277,-4.70578868443124
2019-09-16 18:00:00,28.0,80,24.2,0.0,58,7.0,6.9,39,-4.342310698243878,-5.3623071340531
2019-09-16 19:00:00,27.5,83,24.3,0.0,57,0.0,6.9,39,-4.342310698243878,-5.3623071340531
2019-09-16 20:00:00,27.2,85,24.5,0.0,36,0.0,7.7,49,-5.811263767715345,-5.051654523226906
2019-09-16 21:00:00,26.9,88,24.6,0.0,24,0.0,3.8,41,-2.493024310163928,-2.8678964048465336
2019-09-16 22:00:00,26.7,88,24.5,0.0,16,0.0,3.6,354,0.3763024677635523,-3.580278823325784
2019-09-16 23:00:00,26.1,91,24.6,0.0,19,0.0,5.0,360,1.2246467991473533e-15,-5.0
2019-09-17 00:00:00,25.8,92,24.4,0.0,23,0.0,6.7,16,-1.8467702839738944,-6.440453362786736
2019-09-17 01:00:00,25.6,92,24.3,0.0,21,0.0,6.5,34,-3.634753872559855,-5.388744221607771
2019-09-17 02:00:00,25.7,92,24.2,0.0,27,0.0,5.6,40,-3.59961061424462,-4.289848881466277
2019-09-17 03:00:00,25.6,89,23.6,0.0,38,0.0,6.1,40,-3.921004419087889,-4.6728711030257655
2019-09-17 04:00:00,25.5,88,23.4,0.0,38,0.0,6.9,47,-5.046340541172277,-4.70578868443124
2019-09-17 05:00:00,25.5,88,23.3,0.0,39,0.0,7.2,37,-4.333068166694748,-5.750175672340508
2019-09-17 06:00:00,25.5,88,23.3,0.0,29,0.0,6.8,65,-6.162892951849219,-2.873804179836756
2019-09-17 07:00:00,26.1,85,23.4,0.0,25,29.0,6.1,62,-5.385980316439453,-2.863776532993934
2019-09-17 08:00:00,27.1,80,23.3,0.0,19,159.0,5.4,53,-4.312631754255381,-3.2498011250210617
2019-09-17 09:00:00,27.9,77,23.6,0.0,17,329.0,5.4,42,-3.613305274337834,-4.012982057577929
2019-09-17 10:00:00,28.6,76,23.9,0.0,4,420.0,4.5,29,-2.1816432911085166,-3.935788682127281
2019-09-17 11:00:00,29.3,72,23.8,0.0,16,408.0,4.5,14,-1.0886485301985047,-4.366330768241984
2019-09-17 12:00:00,29.9,70,23.9,0.0,15,547.0,5.1,356,0.3557580160950407,-5.087576656325103
2019-09-17 13:00:00,30.3,69,23.9,0.0,16,418.0,6.6,351,1.0324674692655251,-6.5187430479279085
2019-09-17 14:00:00,30.4,68,23.9,0.0,23,470.0,8.6,360,2.1063924945334478e-15,-8.6
2019-09-17 15:00:00,30.0,71,24.1,0.0,20,407.0,10.7,14,-2.5885642829164444,-10.382164271153162
2019-09-17 16:00:00,29.6,72,24.0,0.0,18,238.0,11.6,26,-5.0851053027532975,-10.426010937070338
2019-09-17 17:00:00,29.0,75,24.1,0.0,25,115.0,10.2,32,-5.40517649517869,-8.650090580795544
2019-09-17 18:00:00,28.2,79,24.2,0.0,34,30.0,9.6,20,-3.28339337592642,-9.02104915954472
2019-09-17 19:00:00,27.6,82,24.2,0.0,45,0.0,9.8,28,-4.60082131530173,-8.652886410017485
2019-09-17 20:00:00,27.2,84,24.3,0.0,46,0.0,9.0,37,-5.416335208368435,-7.187719590425635
2019-09-17 21:00:00,26.7,87,24.4,0.0,49,0.0,8.3,34,-4.6413010988072,-6.881011852206847
2019-09-17 22:00:00,26.4,89,24.5,0.0,58,0.0,7.8,34,-4.361704647071826,-6.466493065929326
2019-09-17 23:00:00,26.4,89,24.5,0.0,51,0.0,6.0,33,-3.2678342100901627,-5.032023407672544
2019-09-18 00:00:00,25.8,92,24.4,0.0,53,0.0,5.1,39,-3.2095339943541705,-3.963444403430551
2019-09-18 01:00:00,25.4,94,24.4,0.0,52,0.0,5.7,35,-3.2693856872009626,-4.669166652447253
2019-09-18 02:00:00,25.3,94,24.4,0.0,56,0.0,7.4,29,-3.5875911898228945,-6.472185832831529
2019-09-18 03:00:00,25.5,90,23.7,0.0,50,0.0,7.9,16,-2.177535110954293,-7.59396739791272
2019-09-18 04:00:00,25.6,89,23.6,0.0,74,0.0,7.8,13,-1.754618223882147,-7.600086505324834
2019-09-18 05:00:00,25.5,88,23.5,0.0,66,0.0,8.7,7,-1.060263287624783,-8.6351515192795
2019-09-18 06:00:00,25.6,88,23.5,0.0,74,0.0,8.8,9,-1.3766232923540318,-8.691657397237213
2019-09-18 07:00:00,26.1,86,23.6,0.0,84,43.0,10.9,17,-3.186851581477831,-10.423721839997087
2019-09-18 08:00:00,26.9,81,23.3,0.0,84,180.0,13.2,17,-3.859306502340125,-12.623222778712067
2019-09-18 09:00:00,27.6,78,23.4,0.0,65,307.0,14.6,16,-4.024305394928188,-14.034420760699456
2019-09-18 10:00:00,28.5,74,23.3,0.0,64,447.0,15.3,15,-3.9599313900685673,-14.778665142222746
2019-09-18 11:00:00,29.1,71,23.2,0.0,48,462.0,16.3,14,-3.943326898274584,-15.815820338298742
2019-09-18 12:00:00,29.4,70,23.4,0.0,38,517.0,17.2,11,-3.2819147204765704,-16.883987555299818
2019-09-18 13:00:00,29.6,70,23.5,0.0,49,493.0,18.4,11,-3.510885514928424,-18.061940175437016
2019-09-18 14:00:00,29.5,71,23.7,0.0,71,471.0,20.5,10,-3.559787642172072,-20.188558936750265
2019-09-18 15:00:00,29.2,72,23.6,0.0,65,393.0,21.4,13,-4.81395256295871,-20.851519386404032
2019-09-18 16:00:00,28.8,74,23.7,0.0,23,281.0,19.6,14,-4.741669153753488,-19.01779623500953
2019-09-18 17:00:00,28.2,77,23.7,0.0,25,122.0,17.5,14,-4.233633172994185,-16.980175209829937
2019-09-18 18:00:00,27.4,80,23.7,0.0,27,28.0,13.4,20,-4.583069920563961,-12.591881118531171
2019-09-18 19:00:00,26.9,82,23.6,0.0,32,0.0,13.6,22,-5.094649670456404,-12.60970042210831
2019-09-18 20:00:00,26.4,85,23.6,0.0,44,0.0,14.9,20,-5.096100135552464,-14.001420049710037
2019-09-18 21:00:00,26.1,86,23.5,0.0,56,0.0,14.0,23,-5.470235798849833,-12.887067948334163
2019-09-18 22:00:00,25.9,87,23.5,0.0,65,0.0,12.2,24,-4.962187045524762,-11.14525458323973
2019-09-18 23:00:00,25.7,87,23.4,0.0,78,0.0,11.4,24,-4.636797731064123,-10.41441821712565
2019-09-19 00:00:00,25.7,87,23.4,0.0,78,0.0,11.1,25,-4.691062705321763,-10.060016436106814
2019-09-19 01:00:00,25.6,87,23.3,0.0,74,0.0,10.5,22,-3.933369230867076,-9.735430472951268
2019-09-19 02:00:00,25.4,87,23.2,0.0,76,0.0,10.8,21,-3.8703738550892433,-10.08266860616978
2019-09-19 03:00:00,25.2,82,21.9,0.0,74,0.0,10.7,20,-3.659615533584655,-10.05471104240922
2019-09-19 04:00:00,25.3,81,21.8,0.0,66,0.0,10.6,18,-3.2755801403744425,-10.081199072728626
2019-09-19 05:00:00,25.3,80,21.7,0.0,74,0.0,10.2,8,-1.419565629792667,-10.100734301164016
2019-09-19 06:00:00,25.2,81,21.7,0.0,64,0.0,9.8,6,-1.024378940023004,-9.746314574609078
2019-09-19 07:00:00,25.5,80,21.8,0.0,55,39.0,12.3,15,-3.183474254761005,-11.88088766335554
2019-09-19 08:00:00,26.2,75,21.5,0.0,55,134.0,14.5,19,-4.720738239628772,-13.710019346190094
2019-09-19 09:00:00,26.9,73,21.7,0.0,39,220.0,15.4,21,-5.5188664229976245,-14.377138568056909
2019-09-19 10:00:00,27.7,71,22.0,0.0,38,334.0,15.8,17,-4.619472934619242,-15.10961514421596
2019-09-19 11:00:00,28.4,70,22.3,0.0,19,452.0,17.4,13,-3.914148345583251,-16.95403912726309
2019-09-19 12:00:00,28.9,68,22.4,0.0,23,498.0,19.4,11,-3.7016945103049688,-19.04356735888468
2019-09-19 13:00:00,28.9,67,22.2,0.0,16,468.0,22.6,9,-3.5354189099092177,-22.321756497450117
2019-09-19 14:00:00,28.8,67,22.1,0.0,16,440.0,24.1,10,-4.184921081773021,-23.73386684759421
2019-09-19 15:00:00,28.2,67,21.4,0.0,16,372.0,25.6,11,-4.884710281639547,-25.1296558962602
2019-09-19 16:00:00,27.7,68,21.2,0.0,22,283.0,24.9,10,-4.323839623906565,-24.521713050003974
2019-09-19 17:00:00,27.1,70,21.1,0.0,11,147.0,22.6,8,-3.145312081697479,-22.38005835355949
2019-09-19 18:00:00,26.2,72,20.7,0.0,11,26.0,19.9,5,-1.7343992806783974,-19.824274492025737
2019-09-19 19:00:00,25.7,73,20.5,0.0,12,0.0,21.0,7,-2.559256211508097,-20.84346918446776
2019-09-19 20:00:00,25.3,74,20.4,0.0,14,0.0,21.1,8,-2.936552430257381,-20.89465625044713
2019-09-19 21:00:00,25.0,75,20.3,0.0,13,0.0,20.1,9,-3.1443327473086407,-19.85253564596227
2019-09-19 22:00:00,24.7,76,20.2,0.0,15,0.0,19.4,11,-3.7016945103049688,-19.04356735888468
2019-09-19 23:00:00,24.4,78,20.3,0.0,11,0.0,18.7,11,-3.568128213541388,-18.35642833047132
2019-09-20 00:00:00,24.2,79,20.3,0.0,14,0.0,18.4,12,-3.825575111046772,-17.997915853502022
2019-09-20 01:00:00,24.0,81,20.4,0.0,11,0.0,18.4,11,-3.510885514928424,-18.061940175437016
2019-09-20 02:00:00,23.9,81,20.4,0.0,18,0.0,18.8,12,-3.908739787373876,-18.38917489379555
2019-09-20 03:00:00,23.9,79,20.0,0.0,23,0.0,18.8,12,-3.908739787373876,-18.38917489379555
2019-09-20 04:00:00,24.0,79,20.0,0.0,19,0.0,19.1,12,-3.971113294619204,-18.68261917401569
2019-09-20 05:00:00,24.0,78,20.0,0.0,17,0.0,19.8,10,-3.4382339178052206,-19.49919350964172
2019-09-20 06:00:00,24.1,78,20.0,0.0,14,0.0,18.9,8,-2.6303716081452366,-18.71606649921568
2019-09-20 07:00:00,24.7,76,20.2,0.0,18,53.0,21.9,9,-3.425914784381056,-21.63037465903352
2019-09-20 08:00:00,25.6,73,20.3,0.0,22,193.0,25.5,9,-3.989078858525887,-25.18605268517601
2019-09-20 09:00:00,26.1,71,20.5,0.0,22,342.0,28.7,7,-3.4976501557277326,-28.48607455210594
2019-09-20 10:00:00,26.6,70,20.6,0.0,20,432.0,31.1,5,-2.710543599452169,-30.98165511065329
2019-09-20 11:00:00,27.3,66,20.4,0.0,44,539.0,33.2,4,-2.3159149283049603,-33.11912646862616
2019-09-20 12:00:00,27.5,65,20.4,0.0,74,384.0,34.7,4,-2.4205496389211483,-34.6154725440159
2019-09-20 13:00:00,27.5,66,20.6,0.0,63,465.0,35.4,4,-2.469379170542036,-35.31376737919778
2019-09-20 14:00:00,27.2,67,20.6,0.0,73,358.0,36.1,4,-2.518208702162924,-36.012062214379654
2019-09-20 15:00:00,27.0,69,20.8,0.0,37,351.0,36.0,3,-1.884094424745978,-35.950663251164656
2019-09-20 16:00:00,26.5,71,20.7,0.0,17,258.0,34.6,2,-1.2075225859065335,-34.57892261486072
2019-09-20 17:00:00,25.9,72,20.5,0.0,9,130.0,33.5,1,-0.5846556156489976,-33.494897787739106
2019-09-20 18:00:00,25.3,73,20.1,0.0,2,27.0,31.0,1,-0.5410245995557889,-30.99527854984813
2019-09-20 19:00:00,25.0,73,19.8,0.0,2,0.0,31.1,5,-2.710543599452169,-30.98165511065329
2019-09-20 20:00:00,24.8,73,19.6,0.0,1,0.0,30.4,5,-2.649534579528808,-30.284318821989064
2019-09-20 21:00:00,24.8,72,19.4,0.0,2,0.0,30.4,6,-3.177665283336665,-30.233465619195503
2019-09-20 22:00:00,24.8,70,19.0,0.0,7,0.0,31.8,6,-3.3240051319113806,-31.62579627271109
2019-09-20 23:00:00,24.9,68,18.6,0.0,2,0.0,33.8,8,-4.704050812450212,-33.47106072346507
2019-09-21 00:00:00,24.9,67,18.3,0.0,2,0.0,34.3,9,-5.365702150879918,-33.87771008241322
2019-09-21 01:00:00,24.8,68,18.5,0.0,5,0.0,34.2,8,-4.759720052834238,-33.86716795096171
2019-09-21 02:00:00,24.7,71,19.0,0.0,2,0.0,33.3,6,-3.4807978268128603,-33.1175791157635
2019-09-21 03:00:00,24.8,64,17.5,0.0,0,0.0,33.1,2,-1.1551733408527822,-33.07983637433207
2019-09-21 04:00:00,24.7,66,17.9,0.0,3,0.0,33.5,359,0.5846556156489993,-33.494897787739106
2019-09-21 05:00:00,24.5,68,18.2,0.0,5,0.0,33.1,358,1.1551733408527771,-33.07983637433207
2019-09-21 06:00:00,24.4,69,18.5,0.0,4,0.0,30.3,356,2.113621154447007,-30.226190722872676
2019-09-21 07:00:00,24.6,70,18.9,0.0,7,54.0,31.6,352,4.397869990338082,-31.29247097223362
2019-09-21 08:00:00,25.3,68,18.9,0.0,8,152.0,32.7,352,4.550960401394155,-32.38176584784935
2019-09-21 09:00:00,25.7,65,18.7,0.0,22,240.0,34.2,352,4.759720052834253,-33.86716795096171
2019-09-21 10:00:00,25.9,64,18.6,0.0,43,269.0,33.8,353,4.119183807093976,-33.548059925476686
2019-09-21 11:00:00,26.1,64,18.7,0.0,81,292.0,31.6,353,3.8510712516026526,-31.364458391865774
2019-09-21 12:00:00,26.0,64,18.8,0.0,35,265.0,30.3,355,2.640819005254047,-30.18469935217989
2019-09-21 13:00:00,26.2,64,18.8,0.0,22,280.0,29.2,356,2.0368890333284684,-29.128870267586866
2019-09-21 14:00:00,26.2,63,18.7,0.0,9,289.0,27.4,359,0.4781959363815695,-27.39582684728512
2019-09-21 15:00:00,26.6,63,18.9,0.0,11,323.0,27.4,359,0.4781959363815695,-27.39582684728512
2019-09-21 16:00:00,26.3,64,19.0,0.0,10,319.0,26.3,358,0.9178567632757716,-26.28397875060222
2019-09-21 17:00:00,25.5,67,19.0,0.0,11,74.0,27.0,357,1.413070818559498,-26.96299743837349
2019-09-21 18:00:00,24.8,70,18.9,0.0,15,18.0,26.7,358,0.931816561956772,-26.683735081409857
2019-09-21 19:00:00,24.9,69,18.8,0.0,24,0.0,25.6,4,-1.7857657278496075,-25.537639686651502
2019-09-21 20:00:00,25.2,68,18.8,0.0,20,0.0,24.4,9,-3.817000946981633,-24.09959551052136
2019-09-21 21:00:00,25.2,67,18.8,0.0,49,0.0,23.0,10,-3.9939080863393976,-22.650578319280783
2019-09-21 22:00:00,25.1,67,18.7,0.0,50,0.0,20.5,11,-3.911584405219168,-20.12335726067711
2019-09-21 23:00:00,25.0,68,18.7,0.0,41,0.0,16.9,12,-3.5137075748201325,-16.530694452401313
2019-09-22 00:00:00,24.8,69,18.8,0.0,53,0.0,14.3,12,-2.9731371786939587,-13.987510690493425
2019-09-22 01:00:00,24.6,71,19.0,0.0,60,0.0,13.5,16,-3.7211043035294886,-12.977032895167303
2019-09-22 02:00:00,24.5,73,19.3,0.0,63,0.0,11.5,20,-3.93323164824519,-10.806465139037948
2019-09-22 03:00:00,24.3,76,19.8,0.0,63,0.0,10.6,18,-3.2755801403744425,-10.081199072728626
2019-09-22 04:00:00,24.6,74,19.7,0.0,60,0.0,9.2,11,-1.755442757464212,-9.030970087718508
2019-09-22 05:00:00,24.6,75,19.8,0.0,60,0.0,8.3,2,-0.2896658226307581,-8.294943864258496
2019-09-22 06:00:00,24.6,75,19.9,0.0,58,0.0,7.6,355,0.6623836448822031,-7.571079705497266
2019-09-22 07:00:00,24.9,75,20.1,0.0,57,13.0,8.7,353,1.0602632876247808,-8.635151519279502
2019-09-22 08:00:00,25.4,73,20.2,0.0,52,15.0,10.4,360,2.547265342226495e-15,-10.4
2019-09-22 09:00:00,26.4,67,19.9,0.0,39,60.0,12.7,7,-1.5477406612453728,-12.605336125844788
2019-09-22 10:00:00,27.6,60,19.1,0.0,32,411.0,16.0,8,-2.226769615361047,-15.844289099865126
2019-09-22 11:00:00,28.4,57,19.0,0.0,28,612.0,17.7,5,-1.5426566466335494,-17.632646156223895
2019-09-22 12:00:00,28.8,56,19.1,0.0,14,665.0,17.7,2,-0.6177210916342671,-17.689217638237995
2019-09-22 13:00:00,29.0,56,19.4,0.0,15,690.0,16.9,359,0.2949456687900921,-16.89742604814301
2019-09-22 14:00:00,29.0,57,19.7,0.0,11,598.0,16.2,357,0.8478424911356988,-16.177798463024097
2019-09-22 15:00:00,28.8,58,19.7,0.0,11,528.0,15.9,357,0.8321417042628155,-15.878209602597725
2019-09-22 16:00:00,28.4,60,20.0,0.0,15,349.0,15.5,356,1.0812253430339474,-15.462242779027276
2019-09-22 17:00:00,27.6,64,20.3,0.0,15,160.0,13.8,353,1.681796938991032,-13.697136892650246
2019-09-22 18:00:00,26.5,67,20.0,0.0,7,28.0,14.1,354,1.473851332073913,-14.022758724692652
2019-09-22 19:00:00,25.8,70,19.8,0.0,13,0.0,13.7,357,0.7170026005283379,-13.68122462613766
2019-09-22 20:00:00,25.2,72,19.8,0.0,11,0.0,11.5,360,2.8166876380389124e-15,-11.5
2019-09-22 21:00:00,24.7,75,20.0,0.0,19,0.0,8.3,360,2.0329136865846065e-15,-8.3
2019-09-22 22:00:00,24.4,78,20.3,0.0,28,0.0,8.0,352,1.113384807680527,-7.922144549932562
2019-09-22 23:00:00,24.0,81,20.6,0.0,38,0.0,8.9,346,2.153104870837044,-8.635631963856369
2019-09-23 00:00:00,23.6,84,20.7,0.0,41,0.0,10.0,347,2.249510543438653,-9.743700647852352
2019-09-23 01:00:00,23.4,84,20.6,0.0,33,0.0,10.1,356,0.7045403848156689,-10.075396907624224
2019-09-23 02:00:00,23.2,84,20.4,0.0,30,0.0,9.9,10,-1.7191169589026103,-9.74959675482086
2019-09-23 03:00:00,23.1,83,20.0,0.0,27,0.0,9.7,22,-3.6336839561343455,-8.993683389297837
2019-09-23 04:00:00,22.9,84,20.0,0.0,25,0.0,9.2,21,-3.296985135816762,-8.588939923774255
2019-09-23 05:00:00,22.6,85,20.0,0.0,33,0.0,9.3,13,-2.092044805397945,-9.06164160250269
2019-09-23 06:00:00,22.7,85,20.0,0.0,47,0.0,8.7,5,-0.7582549619046259,-8.666893873398186
2019-09-23 07:00:00,23.6,83,20.4,0.0,54,39.0,10.9,8,-1.5169868004647131,-10.793921949283115
2019-09-23 08:00:00,24.9,76,20.4,0.0,49,137.0,11.4,11,-2.175222547292611,-11.19054989130337
2019-09-23 09:00:00,26.2,71,20.5,0.0,45,325.0,12.7,7,-1.5477406612453728,-12.605336125844788
2019-09-23 10:00:00,27.1,67,20.6,0.0,40,467.0,13.3,3,-0.696068218031153,-13.281772812235833
2019-09-23 11:00:00,27.8,65,20.6,0.0,37,511.0,13.3,2,-0.4641633061432629,-13.291897999353974
2019-09-23 12:00:00,28.3,64,20.7,0.0,31,618.0,13.4,355,1.1678869528186215,-13.34900895442939
2019-09-23 13:00:00,28.6,64,21.0,0.0,38,633.0,14.1,356,0.9835662797921716,-14.06565310866352
2019-09-23 14:00:00,28.6,64,21.1,0.0,57,536.0,14.1,356,0.9835662797921716,-14.06565310866352
2019-09-23 15:00:00,28.5,63,20.7,0.0,58,398.0,13.7,360,3.355532229663748e-15,-13.7
2019-09-23 16:00:00,28.1,64,20.7,0.0,57,231.0,13.7,3,-0.7170026005283305,-13.68122462613766
2019-09-23 17:00:00,27.3,68,20.9,0.0,47,109.0,11.6,5,-1.0110066158728348,-11.555858497864248
2019-09-23 18:00:00,26.5,71,20.8,0.0,35,21.0,12.3,3,-0.6437322617882092,-12.283143277481258
2019-09-23 19:00:00,25.7,74,20.7,0.0,6,0.0,12.7,7,-1.5477406612453728,-12.605336125844788
2019-09-23 20:00:00,25.2,75,20.5,0.0,5,0.0,11.3,9,-1.7677094549546088,-11.160878248725057
2019-09-23 21:00:00,24.7,77,20.5,0.0,8,0.0,9.7,15,-2.510544737494451,-9.369480515003962
2019-09-23 22:00:00,24.2,80,20.6,0.0,5,0.0,9.0,16,-2.4807362023529924,-8.65135526344487
2019-09-23 23:00:00,23.6,85,20.9,0.0,8,0.0,8.4,20,-2.872969203935617,-7.893418014601631
2019-09-24 00:00:00,22.9,90,21.1,0.0,5,0.0,6.5,19,-2.1161930039715187,-6.14587074139556
2019-09-24 01:00:00,23.9,85,21.1,0.0,6,0.0,5.1,8,-0.7097828148963337,-5.050367150582009
2019-09-24 02:00:00,22.1,92,20.8,0.0,4,0.0,6.2,353,0.7555899291119128,-6.153786140176197
2019-09-24 03:00:00,22.2,90,20.4,0.0,6,0.0,8.8,348,1.829622879196287,-8.60769888645749
2019-09-24 04:00:00,22.4,90,20.6,0.0,11,0.0,9.0,355,0.7844016847289249,-8.96575228282571
2019-09-24 05:00:00,22.6,89,20.7,0.0,13,0.0,9.7,4,-0.6766377953180154,-9.676371287520292
2019-09-24 06:00:00,22.8,88,20.7,0.0,14,0.0,9.8,6,-1.024378940023004,-9.746314574609078
2019-09-24 07:00:00,23.6,87,21.4,0.0,18,46.0,8.3,18,-2.564841053312064,-7.893769085249775
2019-09-24 08:00:00,25.4,77,21.1,0.0,13,189.0,6.6,22,-2.472403516545019,-6.1194134401407965
2019-09-24 09:00:00,26.3,73,21.0,0.0,7,359.0,5.2,16,-1.4333142502483958,-4.998560818879258
2019-09-24 10:00:00,27.4,67,20.7,0.0,8,553.0,4.4,351,0.6883116461770169,-4.345828698618606
2019-09-24 11:00:00,28.0,63,20.4,0.0,11,636.0,6.0,335,2.535709570444195,-5.4378467222199
2019-09-24 12:00:00,28.5,61,20.3,0.0,19,681.0,8.7,336,3.538608794759461,-7.947845481490628
2019-09-24 13:00:00,28.8,60,20.3,0.0,26,698.0,10.6,342,3.275580140374445,-10.081199072728626
2019-09-24 14:00:00,28.7,60,20.2,0.0,33,553.0,11.4,347,2.564442019520065,-11.10781873855168
2019-09-24 15:00:00,28.4,63,20.6,0.0,16,447.0,10.4,358,0.3629547657060086,-10.393664600998596
2019-09-24 16:00:00,28.0,65,20.8,0.0,21,262.0,8.7,7,-1.060263287624783,-8.6351515192795
2019-09-24 17:00:00,27.5,68,21.0,0.0,35,134.0,7.0,12,-1.4553818357243151,-6.84703320513664
2019-09-24 18:00:00,26.8,71,21.2,0.0,32,21.0,8.4,20,-2.872969203935617,-7.893418014601631
2019-09-24 19:00:00,26.0,76,21.5,0.0,43,0.0,8.6,22,-3.221616703376843,-7.973781149274371
2019-09-24 20:00:00,25.5,79,21.6,0.0,35,0.0,9.3,28,-4.366085533908785,-8.211412613588022
2019-09-24 21:00:00,25.2,82,21.8,0.0,34,0.0,8.6,33,-4.683895701129233,-7.212566884330647
2019-09-24 22:00:00,24.8,85,22.0,0.0,25,0.0,7.4,47,-5.412017391981862,-5.046787864462489
2019-09-24 23:00:00,24.2,88,22.1,0.0,31,0.0,5.2,65,-4.71280049259058,-2.197614961051637
2019-09-25 00:00:00,23.8,90,22.1,0.0,22,0.0,3.3,84,-3.281922254715301,-0.3449439287832564
2019-09-25 01:00:00,23.6,91,22.1,0.0,16,0.0,1.8,90,-1.8,-1.1021821192326179e-16
2019-09-25 02:00:00,23.9,89,22.1,0.0,19,0.0,2.0,45,-1.4142135623730951,-1.4142135623730951
2019-09-25 03:00:00,24.1,87,21.8,0.0,15,0.0,2.5,8,-0.3479327524001636,-2.475670171853926
2019-09-25 04:00:00,23.5,90,21.7,0.0,17,0.0,3.6,6,-0.3763024677635525,-3.580278823325784
2019-09-25 05:00:00,22.9,92,21.5,0.0,21,0.0,4.7,4,-0.3278554265973889,-4.688551036221174
2019-09-25 06:00:00,22.4,94,21.3,0.0,17,0.0,6.2,10,-1.0766187015349682,-6.10580806867569
2019-09-25 07:00:00,23.8,90,22.1,0.0,14,39.0,5.8,30,-2.8999999999999995,-5.022947341949744
2019-09-25 08:00:00,25.4,79,21.5,0.0,9,163.0,4.4,35,-2.523736319944603,-3.604268994871564
2019-09-25 09:00:00,26.4,76,21.7,0.0,10,335.0,2.4,27,-1.0895771993749122,-2.138415658052083
2019-09-25 10:00:00,27.1,71,21.4,0.0,7,385.0,2.7,337,1.0549740469210396,-2.4853631043215887
2019-09-25 11:00:00,28.0,67,21.3,0.0,11,620.0,5.1,321,3.2095339943541727,-3.96344440343055
2019-09-25 12:00:00,28.6,64,21.2,0.0,13,690.0,8.2,322,5.048424097670397,-6.46168817957512
2019-09-25 13:00:00,28.7,64,21.1,0.0,22,491.0,10.1,333,4.585304047369425,-8.999165894302514
2019-09-25 14:00:00,28.8,63,21.1,0.0,20,571.0,11.6,344,3.1973933274771875,-11.1506356728845
2019-09-25 15:00:00,28.4,66,21.4,0.0,21,404.0,11.6,353,1.4136843834997077,-11.513535359039336
2019-09-25 16:00:00,28.0,67,21.3,0.0,11,251.0,11.9,360,2.9146593819707008e-15,-11.9
2019-09-25 17:00:00,27.5,69,21.3,0.0,16,114.0,10.5,4,-0.7324429743133156,-10.474422527728152
2019-09-25 18:00:00,26.6,73,21.3,0.0,18,19.0,10.1,358,0.3524849166952583,-10.093847352892867
2019-09-25 19:00:00,26.0,75,21.2,0.0,20,0.0,9.5,9,-1.4861274178821933,-9.38303923565381
2019-09-25 20:00:00,25.4,78,21.2,0.0,14,0.0,9.2,21,-3.296985135816762,-8.588939923774255
2019-09-25 21:00:00,24.9,82,21.6,0.0,15,0.0,7.3,20,-2.496747046277381,-6.859756131737131
2019-09-25 22:00:00,24.6,84,21.7,0.0,23,0.0,5.9,11,-1.1257730727216144,-5.791600382341218
2019-09-25 23:00:00,24.1,87,21.8,0.0,23,0.0,5.8,360,1.4205902870109297e-15,-5.8
2019-09-26 00:00:00,23.7,89,21.8,0.0,20,0.0,6.1,360,1.4940690949597709e-15,-6.1
2019-09-26 01:00:00,23.4,90,21.8,0.0,11,0.0,4.7,9,-0.7352419856890852,-4.642135200797148
2019-09-26 02:00:00,22.9,93,21.6,0.0,7,0.0,3.4,18,-1.0506577808748212,-3.233592155403522
2019-09-26 03:00:00,23.8,87,21.5,0.0,9,0.0,1.9,22,-0.7117525274902328,-1.761649323676896
2019-09-26 04:00:00,24.4,85,21.6,0.0,17,0.0,0.8,27,-0.3631923997916374,-0.7128052193506944
2019-09-26 05:00:00,24.2,86,21.7,0.0,10,0.0,0.8,333,0.3631923997916376,-0.7128052193506943
2019-09-26 06:00:00,24.1,87,21.8,0.0,10,0.0,2.1,301,1.800051331474436,-1.0815799573111138
2019-09-26 07:00:00,23.8,92,22.4,0.0,6,45.0,2.7,337,1.0549740469210396,-2.4853631043215887
2019-09-26 08:00:00,25.8,80,22.2,0.0,5,185.0,3.1,339,1.1109406435904323,-2.894099322141325
2019-09-26 09:00:00,26.6,78,22.4,0.0,6,306.0,4.5,331,2.181643291108516,-3.9357886821272814
2019-09-26 10:00:00,27.4,73,22.1,0.0,12,458.0,6.0,327,3.267834210090162,-5.032023407672544
2019-09-26 11:00:00,28.0,69,21.8,0.0,11,580.0,7.5,325,4.3018232726328485,-6.143640332167437
2019-09-26 12:00:00,28.5,67,21.7,0.0,4,608.0,9.3,324,5.466402846320003,-7.52385804768701
2019-09-26 13:00:00,28.7,66,21.7,0.0,2,563.0,10.8,334,4.73440838532204,-9.706975700031002
2019-09-26 14:00:00,28.8,66,21.9,0.0,10,495.0,11.0,349,2.098898949141992,-10.797899017924305
2019-09-26 15:00:00,28.6,68,22.2,0.0,10,409.0,10.4,360,2.547265342226495e-15,-10.4
2019-09-26 16:00:00,28.4,70,22.4,0.0,13,276.0,10.1,2,-0.3524849166952598,-10.093847352892867
2019-09-26 17:00:00,27.9,72,22.5,0.0,9,130.0,8.6,2,-0.3001356716415083,-8.594761112364223
2019-09-26 18:00:00,27.2,76,22.6,0.0,11,18.0,9.4,4,-0.6557108531947778,-9.377102072442348
2019-09-26 19:00:00,26.5,80,22.7,0.0,14,0.0,9.0,2,-0.3140954703225087,-8.994517443171862
2019-09-26 20:00:00,25.9,83,22.8,0.0,15,0.0,8.6,360,2.1063924945334478e-15,-8.6
2019-09-26 21:00:00,25.6,86,23.0,0.0,19,0.0,8.7,7,-1.060263287624783,-8.6351515192795
2019-09-26 22:00:00,25.2,88,23.0,0.0,35,0.0,8.5,12,-1.7672493719509543,-8.314254606237348
2019-09-26 23:00:00,24.8,90,23.0,0.0,41,0.0,8.1,13,-1.8221035401853063,-7.892397524760405
2019-09-27 00:00:00,24.4,91,22.9,0.0,44,0.0,7.9,16,-2.177535110954293,-7.59396739791272
2019-09-27 01:00:00,23.9,93,22.7,0.0,34,0.0,7.5,17,-2.192787785420526,-7.172285669722766
2019-09-27 02:00:00,23.6,95,22.8,0.0,33,0.0,7.2,18,-2.224922359499621,-6.8476069173251055
2019-09-27 03:00:00,23.8,94,22.8,0.0,34,0.0,7.3,20,-2.496747046277381,-6.859756131737131
2019-09-27 04:00:00,23.7,94,22.7,0.0,27,0.0,7.1,15,-1.8376152202278973,-6.858073366652385
2019-09-27 05:00:00,23.5,95,22.7,0.0,24,0.0,7.2,6,-0.7526049355271051,-7.160557646651568
2019-09-27 06:00:00,23.3,96,22.6,0.0,15,0.0,7.6,360,1.8614631347039767e-15,-7.6
2019-09-27 07:00:00,24.1,94,23.1,0.0,6,35.0,7.6,360,1.8614631347039767e-15,-7.6
2019-09-27 08:00:00,25.8,87,23.5,0.0,11,140.0,7.2,357,0.3768188849491994,-7.190132650232932
2019-09-27 09:00:00,27.0,81,23.5,0.0,8,289.0,7.9,357,0.4134540543192605,-7.889173324561134
2019-09-27 10:00:00,28.1,75,23.3,0.0,10,538.0,7.8,347,1.7546182238821495,-7.600086505324834
2019-09-27 11:00:00,28.8,72,23.3,0.0,26,598.0,8.2,337,3.203995253612045,-7.548139798310009
2019-09-27 12:00:00,29.1,71,23.3,0.0,34,496.0,9.0,344,2.48073620235299,-8.65135526344487
2019-09-27 13:00:00,29.3,70,23.4,0.0,40,470.0,8.3,342,2.564841053312066,-7.893769085249775
2019-09-27 14:00:00,29.3,70,23.3,0.0,44,301.0,7.6,352,1.0577155672965006,-7.526037322435934
2019-09-27 15:00:00,29.1,71,23.4,0.0,55,121.0,6.2,7,-0.7555899291119144,-6.153786140176196
2019-09-27 16:00:00,28.9,72,23.4,0.0,35,51.0,6.8,25,-2.873804179836756,-6.162892951849219
2019-09-27 17:00:00,28.3,75,23.5,0.0,37,8.0,4.8,27,-2.1791543987498243,-4.276831316104166
2019-09-27 18:00:00,27.7,78,23.6,0.0,34,1.0,5.9,14,-1.4273391840380396,-5.72474478502838
2019-09-27 19:00:00,27.1,81,23.7,0.0,39,0.0,6.9,39,-4.342310698243878,-5.3623071340531
2019-09-27 20:00:00,26.6,84,23.7,0.0,50,0.0,6.8,32,-3.603450996785793,-5.766727053863696
2019-09-27 21:00:00,26.3,86,23.7,0.0,57,0.0,6.3,24,-2.5624408513775414,-5.755336383148386
2019-09-27 22:00:00,25.9,88,23.7,0.0,56,0.0,6.0,17,-1.7542302283364206,-5.737828535778212
2019-09-27 23:00:00,25.4,90,23.6,0.0,50,0.0,6.3,24,-2.5624408513775414,-5.755336383148386
2019-09-28 00:00:00,24.8,93,23.6,0.0,51,0.0,5.2,34,-2.907803098047884,-4.3109953772862175
2019-09-28 01:00:00,24.5,94,23.5,0.0,45,0.0,4.6,39,-2.894873798829252,-3.5748714227020657
2019-09-28 02:00:00,24.2,96,23.4,0.0,46,0.0,3.7,29,-1.7937955949114472,-3.2360929164157644
2019-09-28 03:00:00,24.4,95,23.6,0.0,41,0.0,3.9,22,-1.460965714322057,-3.616017032810471
2019-09-28 04:00:00,24.1,96,23.5,0.0,26,0.0,4.6,18,-1.421478174124758,-4.3748599749577055
2019-09-28 05:00:00,24.1,97,23.6,0.0,19,0.0,4.7,23,-1.8364363038995868,-4.32637281122647
2019-09-28 06:00:00,24.0,97,23.6,0.0,11,0.0,5.8,22,-2.172718241812289,-5.377666356487367
2019-09-28 07:00:00,24.9,94,23.8,0.0,5,28.0,4.7,23,-1.8364363038995868,-4.32637281122647
2019-09-28 08:00:00,26.3,84,23.3,0.0,6,137.0,3.5,24,-1.4235782507653008,-3.197409101749103
2019-09-28 09:00:00,27.5,79,23.6,0.0,2,338.0,2.9,360,7.10295143505465e-16,-2.9
2019-09-28 10:00:00,28.3,76,23.7,0.0,3,357.0,2.6,326,1.453901549023941,-2.1554976886431088
2019-09-28 11:00:00,29.2,72,23.7,0.0,3,650.0,4.2,301,3.600102662948872,-2.163159914622228
2019-09-28 12:00:00,29.6,70,23.7,0.0,5,578.0,6.1,298,5.385980316439455,-2.8637765329939318
2019-09-28 13:00:00,29.9,70,23.8,0.0,5,627.0,8.4,317,5.728786224524986,-6.143371093601034
2019-09-28 14:00:00,30.0,70,23.9,0.0,13,534.0,10.8,356,0.7533699164365569,-10.773691742806102
2019-09-28 15:00:00,29.5,71,23.8,0.0,19,391.0,9.0,16,-2.4807362023529924,-8.65135526344487
2019-09-28 16:00:00,29.3,72,23.8,0.0,11,259.0,8.4,20,-2.872969203935617,-7.893418014601631
2019-09-28 17:00:00,28.7,75,23.8,0.0,10,99.0,7.1,24,-2.887830165838181,-6.486172749262466
2019-09-28 18:00:00,28.1,77,23.8,0.0,5,16.0,8.0,5,-0.6972459419812653,-7.969557584733964
2019-09-28 19:00:00,27.4,82,24.0,0.0,19,0.0,8.4,10,-1.458644692402215,-8.272385125302547
2019-09-28 20:00:00,26.8,85,24.1,0.0,22,0.0,8.4,10,-1.458644692402215,-8.272385125302547
2019-09-28 21:00:00,26.4,88,24.2,0.0,35,0.0,8.0,5,-0.6972459419812653,-7.969557584733964
2019-09-28 22:00:00,26.0,91,24.3,0.0,7,0.0,7.6,357,0.3977532674463772,-7.589584464134761
2019-09-28 23:00:00,25.8,92,24.4,0.0,5,0.0,8.3,5,-0.7233926648055629,-8.268415994161488
2019-09-29 00:00:00,25.6,93,24.4,0.0,8,0.0,7.9,16,-2.177535110954293,-7.59396739791272
2019-09-29 01:00:00,25.3,94,24.3,0.0,20,0.0,5.6,27,-2.5423467985414616,-4.98963653545486
2019-09-29 02:00:00,24.9,95,24.1,0.0,27,0.0,2.6,34,-1.453901549023942,-2.1554976886431088
2019-09-29 03:00:00,24.7,96,24.1,0.0,10,0.0,2.9,30,-1.4499999999999995,-2.511473670974872
2019-09-29 04:00:00,24.5,96,23.9,0.0,9,0.0,3.4,32,-1.8017254983928963,-2.883363526931848
2019-09-29 05:00:00,24.3,97,23.8,0.0,14,0.0,4.3,5,-0.3747696938149301,-4.283637201794505
2019-09-29 06:00:00,24.4,97,23.9,0.0,17,0.0,7.2,354,0.7526049355271046,-7.160557646651568
2019-09-29 07:00:00,25.3,94,24.2,0.0,16,34.0,8.3,5,-0.7233926648055629,-8.268415994161488
2019-09-29 08:00:00,26.8,86,24.2,0.0,21,161.0,8.0,8,-1.1133848076805235,-7.922144549932563
2019-09-29 09:00:00,27.9,80,24.2,0.0,31,329.0,7.6,357,0.3977532674463772,-7.589584464134761
2019-09-29 10:00:00,28.8,75,23.8,0.0,34,504.0,8.2,345,2.1223161698406696,-7.92059177557036
2019-09-29 11:00:00,29.5,71,23.8,0.0,30,643.0,8.7,343,2.543633831087813,-8.319851376878407
2019-09-29 12:00:00,30.0,69,23.8,0.0,23,615.0,6.8,357,0.3558845024520217,-6.790680836331102
2019-09-29 13:00:00,30.4,69,24.0,0.0,26,515.0,8.5,348,1.767249371950959,-8.314254606237347
2019-09-29 14:00:00,30.2,70,24.2,0.0,24,517.0,12.2,358,0.42577385977051,-12.192568089632967
2019-09-29 15:00:00,30.1,72,24.5,0.0,60,389.0,11.6,355,1.0110066158728364,-11.555858497864248
2019-09-29 16:00:00,29.9,72,24.4,0.0,89,226.0,12.6,2,-0.4397336584515122,-12.592324420440606
2019-09-29 17:00:00,29.2,76,24.5,0.0,45,96.0,9.9,19,-3.223124729125852,-9.360633898433235
2019-09-29 18:00:00,28.4,79,24.5,0.0,9,16.0,10.1,4,-0.7045403848156655,-10.075396907624224
2019-09-29 19:00:00,27.6,84,24.6,0.0,10,0.0,9.5,9,-1.4861274178821933,-9.38303923565381
2019-09-29 20:00:00,27.2,87,24.8,0.0,15,0.0,9.1,7,-1.109011024986842,-9.032169979936029
2019-09-29 21:00:00,26.7,89,24.8,0.0,6,0.0,9.1,9,-1.4235536318661008,-8.987963899415753
2019-09-29 22:00:00,26.5,90,24.8,0.0,10,0.0,9.0,358,0.3140954703225074,-8.994517443171862
2019-09-29 23:00:00,26.1,93,24.8,0.0,12,0.0,8.3,360,2.0329136865846065e-15,-8.3
2019-09-30 00:00:00,25.9,93,24.8,0.0,14,0.0,8.6,360,2.1063924945334478e-15,-8.6
2019-09-30 01:00:00,25.8,94,24.8,0.0,35,0.0,9.4,2,-0.3280552690035091,-9.3942737739795
2019-09-30 02:00:00,25.7,95,24.8,0.0,39,0.0,10.1,4,-0.7045403848156655,-10.075396907624224
2019-09-30 03:00:00,25.4,94,24.4,0.0,40,0.0,11.5,360,2.8166876380389124e-15,-11.5
2019-09-30 04:00:00,25.4,94,24.3,0.0,42,0.0,12.3,7,-1.498992923883314,-12.20831766518826
2019-09-30 05:00:00,25.5,93,24.3,0.0,42,0.0,12.3,7,-1.498992923883314,-12.20831766518826
2019-09-30 06:00:00,25.3,93,24.1,0.0,57,0.0,7.1,41,-4.658019105832602,-5.358438019581681
2019-09-30 07:00:00,25.8,90,24.1,0.0,59,20.0,5.4,20,-1.8469087739586112,-5.074340152243906
2019-09-30 08:00:00,26.8,86,24.3,0.0,53,68.0,7.6,335,3.211898789229314,-6.88793918147854
2019-09-30 09:00:00,27.8,82,24.4,0.0,35,105.0,9.0,355,0.7844016847289249,-8.96575228282571
2019-09-30 10:00:00,28.5,77,24.1,0.0,37,56.0,12.7,7,-1.5477406612453728,-12.605336125844788
2019-09-30 11:00:00,29.0,74,23.9,0.0,59,77.0,16.3,18,-5.036977008311643,-15.502221215611003
2019-09-30 12:00:00,29.3,72,23.8,0.0,77,127.0,17.7,13,-3.9816336618864105,-17.246350146698664
2019-09-30 13:00:00,29.5,71,23.6,0.0,65,129.0,17.3,2,-0.6037612929532667,-17.289461307430358
2019-09-30 14:00:00,29.3,72,23.8,0.0,82,156.0,18.6,9,-2.9096810497482943,-18.371003135069564
2019-09-30 15:00:00,27.7,78,23.6,0.2,79,19.0,14.2,16,-3.914050452601388,-13.649916082324127
2019-09-30 16:00:00,27.7,78,23.5,0.0,70,63.0,13.0,14,-3.1449846427956807,-12.613844441587954
2019-09-30 17:00:00,27.5,79,23.5,0.0,50,27.0,8.6,360,2.1063924945334478e-15,-8.6
2019-09-30 18:00:00,26.9,83,23.8,0.0,54,2.0,16.9,349,3.2246720218636047,-16.58949940026552
2019-09-30 19:00:00,26.3,86,23.9,0.0,39,0.0,23.6,353,2.876116504361475,-23.4240891787352
2019-09-30 20:00:00,26.0,87,23.7,0.0,45,0.0,27.6,348,5.738362666570173,-26.99687378025304
2019-09-30 21:00:00,26.0,86,23.4,0.0,47,0.0,32.0,352,4.453539230722108,-31.688578199730248
2019-09-30 22:00:00,26.1,83,23.0,0.0,62,0.0,32.1,357,1.6799841953985144,-32.056008065621825
2019-09-30 23:00:00,26.0,80,22.3,0.0,93,0.0,32.4,359,0.5654579685679874,-32.39506532306707
2019-10-01 00:00:00,26.0,78,21.8,0.0,100,0.0,33.1,1,-0.5776746530740843,-33.094958709676554
2019-10-01 01:00:00,26.0,77,21.7,0.0,100,0.0,32.5,356,2.267085396684083,-32.42083163344429
2019-10-01 02:00:00,25.9,78,21.7,0.0,100,0.0,30.9,352,4.300448819666036,-30.59928332411452
2019-10-01 03:00:00,25.8,82,22.4,0.0,100,0.0,29.8,352,4.147358408609963,-29.509988448498795
2019-10-01 04:00:00,25.8,82,22.4,0.0,89,0.0,27.6,353,3.363593877982064,-27.39427378530049
2019-10-01 05:00:00,25.5,82,22.2,0.0,71,0.0,24.3,353,2.9614250447450776,-24.118871484884128
2019-10-01 06:00:00,25.5,81,22.1,0.0,48,0.0,21.7,341,7.0648289517203,-20.51775309050517
2019-10-01 07:00:00,26.0,79,22.0,0.0,31,25.0,18.9,339,6.773154246406184,-17.644670060797107
2019-10-01 08:00:00,27.0,74,22.0,0.0,13,141.0,16.3,338,6.106087472679372,-15.113096829438634
2019-10-01 09:00:00,28.0,70,22.0,0.0,22,282.0,16.4,345,4.244632339681339,-15.84118355114072
2019-10-01 10:00:00,29.1,65,21.7,0.0,25,459.0,16.3,342,5.036977008311648,-15.502221215611003
2019-10-01 11:00:00,30.0,61,21.5,0.0,27,595.0,15.3,333,6.946054646015069,-13.632399820082028
2019-10-01 12:00:00,30.2,59,21.3,0.0,18,634.0,13.6,323,8.184684314867857,-10.861442936643185
2019-10-01 13:00:00,30.3,60,21.6,0.0,31,689.0,12.5,309,9.714324518212134,-7.866504888122969
2019-10-01 14:00:00,30.1,62,22.0,0.0,29,544.0,11.3,297,10.06837372332856,-5.130092647056878
2019-10-01 15:00:00,29.6,66,22.5,0.0,34,462.0,8.6,285,8.306962106085988,-2.2258437878816744
2019-10-01 16:00:00,29.3,67,22.5,0.0,27,291.0,5.0,270,5.0,9.184850993605148e-16
2019-10-01 17:00:00,28.9,69,22.6,0.0,19,115.0,2.6,214,1.4539015490239415,2.1554976886431088
2019-10-01 18:00:00,28.1,75,23.3,0.0,19,14.0,2.2,261,2.172914349309303,0.3441558230885083
2019-10-01 19:00:00,27.2,80,23.4,0.0,15,0.0,2.2,189,0.3441558230885076,2.1729143493093037
2019-10-01 20:00:00,26.6,82,23.2,0.0,17,0.0,5.5,157,-2.149021206691006,5.062776693988422
2019-10-01 21:00:00,26.3,83,23.1,0.0,24,0.0,8.6,158,-3.221616703376845,7.97378114927437
2019-10-01 22:00:00,25.9,83,22.7,0.0,12,0.0,8.6,158,-3.221616703376845,7.97378114927437
2019-10-01 23:00:00,25.6,82,22.3,0.0,4,0.0,9.9,161,-3.2231247291258502,9.360633898433235
2019-10-02 00:00:00,25.5,81,22.0,0.0,1,0.0,10.8,165,-2.795245687107227,10.431998923921936
2019-10-02 01:00:00,25.3,80,21.7,0.0,2,0.0,10.4,166,-2.5159877142365445,10.091075553270365
2019-10-02 02:00:00,25.1,80,21.5,0.0,7,0.0,9.7,165,-2.510544737494454,9.36948051500396
2019-10-02 03:00:00,25.2,78,21.1,0.0,17,0.0,8.8,161,-2.8649997592229783,8.320563465273988
2019-10-02 04:00:00,24.9,79,21.0,0.0,23,0.0,7.7,152,-3.6149310334513594,6.798696465013738
2019-10-02 05:00:00,24.6,80,21.0,0.0,26,0.0,7.4,151,-3.587591189822896,6.472185832831529
2019-10-02 06:00:00,24.5,81,21.0,0.0,22,0.0,7.1,135,-5.020458146424487,5.020458146424486
2019-10-02 07:00:00,25.2,79,21.4,0.0,14,27.0,8.7,132,-6.46535998165333,5.821436275322066
2019-10-02 08:00:00,26.8,73,21.7,0.0,4,162.0,7.7,143,-4.633975678270771,6.149493427364156
2019-10-02 09:00:00,27.9,75,23.0,0.0,1,357.0,7.9,156,-3.2132194802988234,7.217009115376546
2019-10-02 10:00:00,29.0,73,23.7,0.0,0,552.0,7.6,177,-0.3977532674463729,7.589584464134761
2019-10-02 11:00:00,29.7,72,24.0,0.0,2,652.0,7.6,199,2.474317973874391,7.185941174554807
2019-10-02 12:00:00,30.0,71,24.2,0.0,7,663.0,7.9,219,4.971631089293718,6.13945309551007
2019-10-02 13:00:00,30.1,71,24.2,0.0,14,582.0,9.4,230,7.2008177653183925,6.042203531053471
2019-10-02 14:00:00,30.0,71,24.2,0.0,20,535.0,10.0,229,7.54709580222772,6.560590289905073
2019-10-02 15:00:00,30.0,73,24.6,0.0,13,465.0,9.8,234,7.928366544874485,5.760295472466238
2019-10-02 16:00:00,29.6,75,24.6,0.0,13,297.0,8.2,229,6.18861855782673,5.379684037722159
2019-10-02 17:00:00,28.9,78,24.7,0.0,13,121.0,5.5,203,2.1490212066910046,5.062776693988422
2019-10-02 18:00:00,28.2,83,24.9,0.0,7,13.0,6.3,211,3.244739871933341,5.400153994423308
2019-10-02 19:00:00,27.4,87,25.0,0.0,9,0.0,6.3,204,2.5624408513775414,5.755336383148386
2019-10-02 20:00:00,26.8,90,25.0,0.0,8,0.0,7.1,195,1.8376152202278973,6.858073366652385
2019-10-02 21:00:00,26.4,92,24.9,0.0,3,0.0,7.6,188,1.057715567296498,7.526037322435934
2019-10-02 22:00:00,26.0,93,24.8,0.0,2,0.0,7.2,183,0.3768188849491937,7.190132650232932
2019-10-02 23:00:00,25.8,93,24.7,0.0,16,0.0,7.6,177,-0.3977532674463729,7.589584464134761
2019-10-03 00:00:00,25.7,94,24.7,0.0,11,0.0,8.2,165,-2.1223161698406723,7.920591775570359
2019-10-03 01:00:00,25.6,94,24.6,0.0,13,0.0,8.7,163,-2.543633831087808,8.31985137687841
2019-10-03 02:00:00,25.5,94,24.5,0.0,18,0.0,8.0,170,-1.3891854213354422,7.878462024097664
2019-10-03 03:00:00,25.4,94,24.3,0.0,20,0.0,6.8,180,-8.327598234202001e-16,6.8
2019-10-03 04:00:00,25.3,94,24.3,0.0,33,0.0,7.3,169,-1.3929056662487782,7.165878439167947
2019-10-03 05:00:00,25.3,94,24.3,0.0,32,0.0,2.8,130,-2.1449244407331385,1.79980530712231
2019-10-03 06:00:00,25.7,91,24.2,0.0,45,0.0,3.1,45,-2.192031021678297,-2.192031021678297
2019-10-03 07:00:00,25.3,92,24.0,1.5,41,27.0,4.8,42,-3.2118269105225195,-3.5670951622914924
2019-10-03 08:00:00,26.3,86,23.7,0.0,30,85.0,5.6,45,-3.9597979746446654,-3.9597979746446654
2019-10-03 09:00:00,27.0,84,24.0,0.0,33,219.0,5.4,37,-3.2498011250210608,-4.312631754255381
2019-10-03 10:00:00,28.0,78,23.9,0.0,23,380.0,4.8,27,-2.1791543987498243,-4.276831316104166
2019-10-03 11:00:00,28.6,75,23.8,0.0,23,461.0,5.1,4,-0.355758016095039,-5.087576656325103
2019-10-03 12:00:00,29.2,73,23.8,0.0,14,487.0,4.7,351,0.7352419856890862,-4.642135200797148
2019-10-03 13:00:00,29.4,72,23.7,0.0,15,517.0,5.2,344,1.4333142502483949,-4.998560818879258
2019-10-03 14:00:00,29.5,71,23.7,0.0,16,530.0,5.0,330,2.500000000000002,-4.330127018922192
2019-10-03 15:00:00,29.8,68,23.1,0.0,16,339.0,4.2,329,2.163159914622229,-3.600102662948871
2019-10-03 16:00:00,29.5,69,23.1,0.0,12,227.0,4.2,340,1.436484601967808,-3.946709007300816
2019-10-03 17:00:00,29.1,69,22.9,0.0,15,116.0,3.1,315,2.192031021678298,-2.192031021678297
2019-10-03 18:00:00,28.4,73,23.2,0.0,8,12.0,5.4,307,4.312631754255383,-3.249801125021059
2019-10-03 19:00:00,27.3,81,23.7,0.0,7,0.0,4.7,293,4.32637281122647,-1.8364363038995852
2019-10-03 20:00:00,26.9,82,23.6,0.0,5,0.0,3.2,270,3.2,5.878304635907295e-16
2019-10-03 21:00:00,26.2,86,23.6,0.0,5,0.0,3.2,297,2.8512208774027776,-1.4527695991665492
2019-10-03 22:00:00,25.9,87,23.7,0.0,8,0.0,3.1,306,2.5079526825623377,-1.8221342821066664
2019-10-03 23:00:00,25.7,89,23.7,0.0,9,0.0,2.5,315,1.767766952966369,-1.7677669529663684
2019-10-04 00:00:00,26.0,88,24.0,0.0,1,0.0,1.8,307,1.4375439180851275,-1.0832670416736865
2019-10-04 01:00:00,25.7,90,23.9,0.0,3,0.0,1.9,338,0.7117525274902334,-1.7616493236768958
2019-10-04 02:00:00,24.5,93,23.3,0.0,14,0.0,2.6,16,-0.7166571251241979,-2.499280409439629
2019-10-04 03:00:00,24.2,93,23.0,0.0,18,0.0,3.7,29,-1.7937955949114472,-3.2360929164157644
2019-10-04 04:00:00,23.6,96,22.9,0.0,17,0.0,4.3,42,-2.8772616073430903,-3.195522749552795
2019-10-04 05:00:00,23.5,96,22.8,0.0,16,0.0,4.7,67,-4.32637281122647,-1.8364363038995863
2019-10-04 06:00:00,23.4,97,22.8,0.0,10,0.0,2.8,40,-1.7998053071223097,-2.1449244407331385
2019-10-04 07:00:00,24.7,93,23.4,0.0,8,32.0,4.7,67,-4.32637281122647,-1.8364363038995863
2019-10-04 08:00:00,26.5,79,22.6,0.0,11,158.0,5.2,74,-4.998560818879258,-1.4333142502483958
2019-10-04 09:00:00,27.5,76,23.0,0.0,16,296.0,5.2,56,-4.3109953772862175,-2.9078030980478835
2019-10-04 10:00:00,28.2,74,23.0,0.0,14,384.0,4.7,9,-0.7352419856890852,-4.642135200797148
2019-10-04 11:00:00,29.0,70,23.0,0.0,12,575.0,6.2,339,2.2218812871808646,-5.78819864428265
2019-10-04 12:00:00,29.4,69,23.2,0.0,18,629.0,8.4,329,4.326319829244458,-7.200205325897742
2019-10-04 13:00:00,29.3,70,23.3,0.0,41,594.0,9.2,329,4.738350289172501,-7.885939166459431
2019-10-04 14:00:00,29.3,70,23.2,0.0,35,500.0,9.4,328,4.981241083792128,-7.971652103870404
2019-10-04 15:00:00,29.1,66,22.2,0.0,60,366.0,7.8,347,1.7546182238821495,-7.600086505324834
2019-10-04 16:00:00,28.6,68,22.1,0.0,26,221.0,6.6,351,1.0324674692655251,-6.5187430479279085
2019-10-04 17:00:00,28.1,70,22.1,0.0,22,84.0,4.1,345,1.0611580849203348,-3.96029588778518
2019-10-04 18:00:00,27.5,72,22.1,0.0,12,7.0,6.0,25,-2.5357095704441965,-5.437846722219899
2019-10-04 19:00:00,26.6,79,22.7,0.0,12,0.0,5.6,63,-4.989636535454859,-2.542346798541462
2019-10-04 20:00:00,25.7,86,23.1,0.0,7,0.0,3.1,69,-2.8940993221413254,-1.1109406435904312
2019-10-04 21:00:00,25.0,89,23.0,0.0,4,0.0,1.9,112,-1.761649323676896,0.7117525274902329
2019-10-04 22:00:00,24.6,91,23.0,0.0,2,0.0,3.3,139,-2.1649947956686737,2.490541614735148
2019-10-04 23:00:00,24.3,92,22.9,0.0,2,0.0,2.4,117,-2.138415658052083,1.0895771993749122
2019-10-05 00:00:00,23.9,93,22.7,0.0,4,0.0,2.9,60,-2.511473670974872,-1.4500000000000002
2019-10-05 01:00:00,23.8,92,22.5,0.0,7,0.0,3.9,68,-3.616017032810471,-1.460965714322057
2019-10-05 02:00:00,23.4,93,22.3,0.0,22,0.0,3.9,56,-3.233246532964663,-2.1808523235359125
2019-10-05 03:00:00,23.7,92,22.3,0.0,29,0.0,3.9,34,-2.180852323535913,-3.233246532964663
2019-10-05 04:00:00,23.9,92,22.5,0.0,39,0.0,4.6,18,-1.421478174124758,-4.3748599749577055
2019-10-05 05:00:00,24.2,91,22.6,0.0,34,0.0,5.4,8,-0.7515347451843534,-5.34744757120448
2019-10-05 06:00:00,24.4,90,22.7,0.0,19,0.0,7.0,12,-1.4553818357243151,-6.84703320513664
2019-10-05 07:00:00,25.3,87,23.0,0.0,18,34.0,7.3,20,-2.496747046277381,-6.859756131737131
2019-10-05 08:00:00,26.7,78,22.5,0.0,8,116.0,7.1,15,-1.8376152202278973,-6.858073366652385
2019-10-05 09:00:00,27.6,74,22.6,0.0,5,292.0,6.8,3,-0.3558845024520181,-6.790680836331102
2019-10-05 10:00:00,28.4,71,22.7,0.0,8,425.0,6.2,339,2.2218812871808646,-5.78819864428265
2019-10-05 11:00:00,29.2,69,22.9,0.0,20,615.0,6.7,324,3.938161190359572,-5.420413862312147
2019-10-05 12:00:00,29.6,69,23.2,0.0,22,659.0,5.6,320,3.5996106142446216,-4.289848881466275
2019-10-05 13:00:00,29.6,69,23.3,0.0,47,548.0,5.1,315,3.606244584051393,-3.606244584051391
2019-10-05 14:00:00,29.4,69,23.2,0.0,80,395.0,4.5,331,2.181643291108516,-3.9357886821272814
2019-10-05 15:00:00,29.1,71,23.3,0.0,62,171.0,4.8,333,2.179154398749825,-4.276831316104166
2019-10-05 16:00:00,28.7,72,23.3,0.0,42,93.0,4.0,350,0.6945927106677215,-3.939231012048832
2019-10-05 17:00:00,28.3,74,23.2,0.0,37,43.0,2.6,16,-0.7166571251241979,-2.499280409439629
2019-10-05 18:00:00,27.8,79,23.8,0.0,45,2.0,0.7,90,-0.7,-4.286263797015736e-17
2019-10-05 19:00:00,26.9,85,24.1,0.0,37,0.0,2.9,120,-2.511473670974872,1.4499999999999993
2019-10-05 20:00:00,26.4,86,23.9,0.0,33,0.0,3.9,112,-3.616017032810471,1.4609657143220571
2019-10-05 21:00:00,26.0,88,23.8,0.0,33,0.0,2.6,106,-2.499280409439629,0.7166571251241975
2019-10-05 22:00:00,25.7,90,23.9,0.0,35,0.0,3.1,111,-2.8940993221413254,1.1109406435904308
2019-10-05 23:00:00,25.3,91,23.8,0.0,34,0.0,3.6,96,-3.580278823325784,0.3763024677635528
2019-10-06 00:00:00,25.1,91,23.6,0.0,33,0.0,4.1,75,-3.96029588778518,-1.061158084920335
2019-10-06 01:00:00,24.9,91,23.4,0.0,40,0.0,4.7,67,-4.32637281122647,-1.8364363038995863
2019-10-06 02:00:00,24.7,92,23.3,0.0,36,0.0,4.5,61,-3.935788682127281,-2.181643291108517
2019-10-06 03:00:00,24.6,92,23.2,0.0,38,0.0,3.9,56,-3.233246532964663,-2.1808523235359125
2019-10-06 04:00:00,24.6,91,23.1,0.0,39,0.0,3.5,66,-3.197409101749103,-1.4235782507653008
2019-10-06 05:00:00,24.4,92,23.0,0.0,37,0.0,3.3,77,-3.2154212137912763,-0.7423384793347542
2019-10-06 06:00:00,24.3,93,23.1,0.0,38,0.0,4.7,58,-3.9858260519352022,-2.490620541896063
2019-10-06 07:00:00,25.2,88,23.1,0.0,36,5.0,6.4,52,-5.043268823083022,-3.940233442084213
2019-10-06 08:00:00,26.7,79,22.7,0.0,50,60.0,3.7,29,-1.7937955949114472,-3.2360929164157644
2019-10-06 09:00:00,27.8,74,22.7,0.0,51,119.0,3.3,13,-0.7423384793347545,-3.2154212137912763
2019-10-06 10:00:00,28.7,72,23.1,0.0,53,291.0,2.9,330,1.4500000000000013,-2.5114736709748717
2019-10-06 11:00:00,28.8,72,23.3,0.0,32,185.0,3.7,299,3.236092916415764,-1.793795594911448
2019-10-06 12:00:00,28.8,73,23.5,0.0,29,224.0,5.5,293,5.062776693988423,-2.149021206691004
2019-10-06 13:00:00,29.1,72,23.6,0.0,33,287.0,7.7,298,6.798696465013739,-3.614931033451356
2019-10-06 14:00:00,29.2,71,23.5,0.0,45,337.0,6.9,321,4.342310698243882,-5.362307134053097
2019-10-06 15:00:00,29.3,71,23.4,0.0,42,289.0,4.9,324,2.88014773623312,-3.9641832724372414
2019-10-06 16:00:00,28.9,73,23.6,0.0,42,148.0,2.4,297,2.1384156580520832,-1.089577199374912
2019-10-06 17:00:00,28.3,76,23.7,0.0,36,44.0,1.1,342,0.3399186938124424,-1.0461621679246689
2019-10-06 18:00:00,27.7,80,23.9,0.0,39,5.0,3.3,193,0.7423384793347544,3.2154212137912763
2019-10-06 19:00:00,26.8,88,24.6,0.0,32,0.0,4.0,180,-4.898587196589413e-16,4.0
2019-10-06 20:00:00,26.7,87,24.4,0.0,26,0.0,4.3,156,-1.7489675652259418,3.9282454678631833
2019-10-06 21:00:00,26.0,91,24.4,0.0,25,0.0,4.9,144,-2.880147736233119,3.9641832724372414
2019-10-06 22:00:00,25.3,94,24.3,0.0,26,0.0,5.1,141,-3.2095339943541705,3.963444403430551
2019-10-06 23:00:00,24.9,95,24.1,0.0,25,0.0,5.4,143,-3.2498011250210603,4.312631754255382
2019-10-07 00:00:00,24.7,95,23.9,0.0,22,0.0,5.6,165,-1.4493866525741177,5.409184627218782
2019-10-07 01:00:00,24.5,96,23.8,0.0,15,0.0,7.6,180,-9.307315673519883e-16,7.6
2019-10-07 02:00:00,24.9,95,24.0,0.0,8,0.0,6.1,180,-7.470345474798854e-16,6.1
2019-10-07 03:00:00,25.7,91,24.1,0.0,11,0.0,3.6,180,-4.4087284769304716e-16,3.6
2019-10-07 04:00:00,25.9,90,24.2,0.0,12,0.0,0.8,117,-0.7128052193506944,0.3631923997916374
2019-10-07 05:00:00,25.9,90,24.0,0.0,6,0.0,0.8,117,-0.7128052193506944,0.3631923997916374
2019-10-07 06:00:00,25.6,90,23.9,0.0,11,0.0,2.1,121,-1.800051331474436,1.081579957311114
2019-10-07 07:00:00,25.2,95,24.3,0.0,8,21.0,3.5,114,-3.197409101749103,1.423578250765301
2019-10-07 08:00:00,27.0,86,24.4,0.0,2,132.0,3.4,148,-1.8017254983928963,2.883363526931848
2019-10-07 09:00:00,27.6,83,24.4,0.0,1,265.0,2.5,180,-3.061616997868383e-16,2.5
2019-10-07 10:00:00,28.6,77,24.1,0.0,1,453.0,2.6,236,2.1554976886431088,1.453901549023941
2019-10-07 11:00:00,29.1,74,24.0,0.0,0,504.0,3.6,264,3.5802788233257843,0.3763024677635521
2019-10-07 12:00:00,29.8,71,24.0,0.0,2,650.0,5.2,286,4.998560818879258,-1.4333142502483969
2019-10-07 13:00:00,29.9,69,23.7,0.0,2,612.0,7.4,299,6.472185832831528,-3.5875911898228963
2019-10-07 14:00:00,29.8,70,23.6,0.0,11,481.0,8.4,329,4.326319829244458,-7.200205325897742
2019-10-07 15:00:00,29.6,70,23.6,0.0,11,348.0,8.6,345,2.225843787881678,-8.306962106085987
2019-10-07 16:00:00,29.3,70,23.3,0.0,13,249.0,8.6,2,-0.3001356716415083,-8.594761112364223
2019-10-07 17:00:00,28.7,72,23.2,0.0,21,86.0,6.7,16,-1.8467702839738944,-6.440453362786736
2019-10-07 18:00:00,28.1,75,23.2,0.0,10,8.0,6.2,7,-0.7555899291119144,-6.153786140176196
2019-10-07 19:00:00,27.5,80,23.6,0.0,4,0.0,5.0,30,-2.5,-4.330127018922194
2019-10-07 20:00:00,26.9,83,23.8,0.0,8,0.0,5.2,74,-4.998560818879258,-1.4333142502483958
2019-10-07 21:00:00,26.5,85,23.7,0.0,7,0.0,4.0,100,-3.939231012048832,0.6945927106677212
2019-10-07 22:00:00,25.9,88,23.7,0.0,5,0.0,3.6,135,-2.5455844122715714,2.545584412271571
2019-10-07 23:00:00,25.3,90,23.6,0.0,10,0.0,4.8,138,-3.21182691052252,3.567095162291492
2019-10-08 00:00:00,25.2,91,23.7,0.0,12,0.0,5.3,152,-2.4881992827652204,4.679622242152313
2019-10-08 01:00:00,25.8,89,23.9,0.0,15,0.0,4.4,171,-0.6883116461770163,4.345828698618606
2019-10-08 02:00:00,26.0,89,24.1,0.0,14,0.0,3.3,186,0.3449439287832565,3.281922254715301
2019-10-08 03:00:00,25.8,88,23.7,0.0,19,0.0,2.1,211,1.0815799573111138,1.800051331474436
2019-10-08 04:00:00,25.8,89,23.8,0.0,24,0.0,1.6,207,0.7263847995832746,1.4256104387013888
2019-10-08 05:00:00,25.7,89,23.8,0.0,39,0.0,2.6,236,2.1554976886431088,1.453901549023941
2019-10-08 06:00:00,25.6,89,23.7,0.0,38,0.0,2.8,220,1.7998053071223097,2.1449244407331385
2019-10-08 07:00:00,25.4,92,24.1,0.0,25,31.0,2.6,214,1.4539015490239415,2.1554976886431088
2019-10-08 08:00:00,26.8,84,23.9,0.0,40,115.0,4.6,252,4.3748599749577055,1.4214781741247586
2019-10-08 09:00:00,27.7,80,23.9,0.0,43,286.0,5.4,274,5.386845871403052,-0.3766849582182762
2019-10-08 10:00:00,28.5,75,23.6,0.0,46,399.0,7.6,295,6.887939181478538,-3.2118987892293167
2019-10-08 11:00:00,29.0,72,23.4,0.0,54,499.0,8.9,310,6.817795543758906,-5.7208097262102
2019-10-08 12:00:00,29.0,73,23.6,0.1,84,394.0,9.7,315,6.858935777509512,-6.858935777509509
2019-10-08 13:00:00,29.2,72,23.5,0.1,80,476.0,10.4,326,5.815606196095764,-8.621990754572435
2019-10-08 14:00:00,29.3,70,23.4,0.0,79,421.0,9.5,335,4.014873486536643,-8.609923976848176
2019-10-08 15:00:00,29.3,70,23.3,0.0,29,392.0,9.4,342,2.9047597471245084,-8.939931253174443
2019-10-08 16:00:00,29.1,71,23.3,0.0,31,250.0,9.4,358,0.3280552690035077,-9.3942737739795
2019-10-08 17:00:00,28.6,73,23.2,0.0,15,90.0,7.6,8,-1.0577155672964973,-7.5260373224359345
2019-10-08 18:00:00,27.7,77,23.3,0.0,22,8.0,7.1,30,-3.5499999999999994,-6.148780366869515
2019-10-08 19:00:00,27.1,80,23.4,0.0,16,0.0,6.0,57,-5.032023407672544,-3.2678342100901627
2019-10-08 20:00:00,26.4,85,23.6,0.0,24,0.0,4.7,94,-4.688551036221174,0.3278554265973891
2019-10-08 21:00:00,25.9,88,23.8,0.0,17,0.0,4.3,132,-3.195522749552795,2.8772616073430903
2019-10-08 22:00:00,25.4,90,23.7,0.0,14,0.0,4.7,148,-2.490620541896063,3.985826051935202
2019-10-08 23:00:00,25.2,92,23.8,0.0,18,0.0,5.4,160,-1.846908773958612,5.074340152243905
2019-10-09 00:00:00,25.2,92,23.9,0.0,21,0.0,6.2,170,-1.0766187015349675,6.10580806867569
2019-10-09 01:00:00,24.9,93,23.8,0.0,19,0.0,6.5,180,-7.960204194457795e-16,6.5
2019-10-09 02:00:00,24.9,94,23.8,0.0,26,0.0,6.1,183,0.3192493330819557,6.0916401620029
2019-10-09 03:00:00,24.9,94,23.8,0.0,21,0.0,7.6,183,0.3977532674463711,7.589584464134761
2019-10-09 04:00:00,24.6,94,23.6,0.0,30,0.0,6.1,183,0.3192493330819557,6.0916401620029
2019-10-09 05:00:00,25.7,89,23.7,0.0,23,0.0,3.7,191,0.7059932828932155,3.632020578756357
2019-10-09 06:00:00,25.9,87,23.5,0.0,30,0.0,2.2,270,2.2,4.0413344371862655e-16
2019-10-09 07:00:00,25.5,91,24.0,0.0,24,21.0,0.8,297,0.7128052193506944,-0.3631923997916373
2019-10-09 08:00:00,26.7,84,23.9,0.0,26,141.0,1.5,284,1.4554435894139948,-0.3628828433995011
2019-10-09 09:00:00,27.5,81,24.0,0.0,46,292.0,2.3,288,2.187429987478853,-0.7107390870623785
2019-10-09 10:00:00,28.1,79,24.1,0.0,44,363.0,3.7,299,3.236092916415764,-1.793795594911448
2019-10-09 11:00:00,28.8,74,23.7,0.0,47,518.0,5.4,307,4.312631754255383,-3.249801125021059
2019-10-09 12:00:00,29.2,73,23.9,0.0,39,614.0,6.6,311,4.981083229470297,-4.3299895913373465
2019-10-09 13:00:00,29.2,74,24.1,0.0,50,601.0,6.9,309,5.362307134053099,-4.342310698243879
2019-10-09 14:00:00,29.2,72,23.6,0.0,67,457.0,6.2,324,3.644268564213335,-5.015905365124674
2019-10-09 15:00:00,28.8,72,23.2,0.0,67,343.0,5.8,360,1.4205902870109297e-15,-5.8
2019-10-09 16:00:00,28.4,73,23.2,0.0,74,220.0,3.8,41,-2.493024310163928,-2.8678964048465336
2019-10-09 17:00:00,27.4,78,23.1,0.5,100,72.0,4.0,90,-4.0,-2.4492935982947064e-16
2019-10-09 18:00:00,26.6,82,23.3,0.1,70,6.0,3.3,139,-2.1649947956686737,2.490541614735148
2019-10-09 19:00:00,26.2,85,23.4,0.0,69,0.0,5.2,115,-4.71280049259058,2.1976149610516367
2019-10-09 20:00:00,25.7,87,23.4,0.0,91,0.0,5.5,122,-4.664264528860343,2.914555953282626
2019-10-09 21:00:00,25.5,88,23.3,0.0,76,0.0,4.6,135,-3.2526911934581184,3.252691193458118
2019-10-09 22:00:00,25.3,88,23.2,0.0,67,0.0,4.5,151,-2.181643291108517,3.935788682127281
2019-10-09 23:00:00,25.3,88,23.1,0.0,65,0.0,4.9,163,-1.4326213531414094,4.685893304218874
2019-10-10 00:00:00,25.0,89,23.1,0.0,72,0.0,5.1,176,-0.3557580160950401,5.087576656325103
2019-10-10 01:00:00,25.0,89,23.1,0.0,55,0.0,4.7,189,0.7352419856890845,4.642135200797148
2019-10-10 02:00:00,24.7,91,23.2,0.0,56,0.0,2.5,180,-3.061616997868383e-16,2.5
2019-10-10 03:00:00,25.2,87,22.9,0.0,47,0.0,0.7,180,-8.572527594031472e-17,0.7
2019-10-10 04:00:00,25.0,88,22.8,0.0,42,0.0,1.6,27,-0.7263847995832748,-1.4256104387013888
2019-10-10 05:00:00,24.9,88,22.8,0.0,51,0.0,2.3,18,-0.710739087062379,-2.1874299874788528
2019-10-10 06:00:00,24.4,90,22.7,0.0,23,0.0,4.7,360,1.1511679911985121e-15,-4.7
2019-10-10 07:00:00,24.9,90,23.1,0.0,20,40.0,4.3,5,-0.3747696938149301,-4.283637201794505
2019-10-10 08:00:00,26.1,83,22.9,0.0,14,187.0,5.4,360,1.3226185430791417e-15,-5.4
2019-10-10 09:00:00,26.9,79,22.8,0.0,30,350.0,7.2,354,0.7526049355271046,-7.160557646651568
2019-10-10 10:00:00,27.9,73,22.5,0.0,32,532.0,8.9,346,2.153104870837044,-8.635631963856369
2019-10-10 11:00:00,28.8,68,22.3,0.0,44,610.0,11.0,341,3.5812496990287235,-10.400704331592486
2019-10-10 12:00:00,29.3,65,22.1,0.0,23,650.0,13.2,334,5.786499137615826,-11.864081411149002
2019-10-10 13:00:00,29.4,65,22.2,0.0,7,646.0,14.5,333,6.582862246223431,-12.919594600731331
2019-10-10 14:00:00,29.3,64,21.9,0.0,3,576.0,15.6,337,6.095405604432672,-14.359875713858068
2019-10-10 15:00:00,28.9,64,21.4,0.0,1,379.0,15.5,342,4.789763412811689,-14.74137600257488
2019-10-10 16:00:00,28.4,65,21.3,0.0,3,260.0,14.1,345,3.6493485359455415,-13.619554150675864
2019-10-10 17:00:00,27.6,69,21.4,0.0,4,102.0,11.0,349,2.098898949141992,-10.797899017924305
2019-10-10 18:00:00,27.0,72,21.5,0.0,7,7.0,9.2,349,1.7554427574642109,-9.030970087718508
2019-10-10 19:00:00,26.2,76,21.6,0.0,6,0.0,7.6,3,-0.3977532674463731,-7.589584464134761
2019-10-10 20:00:00,25.6,80,21.9,0.0,7,0.0,5.8,22,-2.172718241812289,-5.377666356487367
2019-10-10 21:00:00,25.0,84,22.1,0.0,6,0.0,4.4,55,-3.604268994871564,-2.523736319944603
2019-10-10 22:00:00,24.2,89,22.3,0.0,8,0.0,4.2,110,-3.946709007300816,1.4364846019678086
2019-10-10 23:00:00,23.7,92,22.3,0.0,8,0.0,5.0,150,-2.5,4.330127018922194
2019-10-11 00:00:00,23.3,94,22.3,0.0,3,0.0,5.4,172,-0.7515347451843528,5.34744757120448
2019-10-11 01:00:00,23.4,94,22.4,0.0,5,0.0,4.9,197,1.4326213531414105,4.685893304218874
2019-10-11 02:00:00,24.3,91,22.7,0.0,1,0.0,3.6,233,2.875087836170254,2.166534083347374
2019-10-11 03:00:00,24.1,91,22.6,0.0,5,0.0,4.2,290,3.9467090073008153,-1.43648460196781
2019-10-11 04:00:00,23.1,94,22.2,0.0,14,0.0,6.6,319,4.329989591337348,-4.981083229470294
2019-10-11 05:00:00,23.3,94,22.3,0.0,14,0.0,7.1,336,2.887830165838181,-6.486172749262467
2019-10-11 06:00:00,23.4,94,22.3,0.0,22,0.0,7.1,345,1.8376152202278968,-6.858073366652385
2019-10-11 07:00:00,24.3,91,22.7,0.0,20,35.0,5.4,360,1.3226185430791417e-15,-5.4
2019-10-11 08:00:00,25.8,81,22.2,0.0,15,162.0,7.3,351,1.141971594793687,-7.210124886344505
2019-10-11 09:00:00,26.6,75,21.8,0.0,14,273.0,9.2,349,1.7554427574642109,-9.030970087718508
2019-10-11 10:00:00,27.5,70,21.5,0.0,15,455.0,10.0,347,2.249510543438653,-9.743700647852352
2019-10-11 11:00:00,28.3,65,21.1,0.0,11,553.0,11.2,345,2.8987733051482314,-10.818369254437563
2019-10-11 12:00:00,28.8,63,21.0,0.0,10,547.0,12.1,343,3.5376976271451195,-11.571287547152728
2019-10-11 13:00:00,29.0,62,21.0,0.0,13,541.0,12.4,343,3.625409138561941,-11.85817897394164
2019-10-11 14:00:00,29.2,61,20.9,0.0,7,476.0,11.7,349,2.2324652459055723,-11.485038046337667
2019-10-11 15:00:00,28.7,65,21.4,0.0,10,423.0,10.5,356,0.7324429743133192,-10.474422527728152
2019-10-11 16:00:00,28.5,65,21.3,0.0,9,236.0,8.7,353,1.0602632876247808,-8.635151519279502
2019-10-11 17:00:00,28.0,66,21.2,0.0,10,95.0,5.9,349,1.1257730727216135,-5.791600382341218
2019-10-11 18:00:00,27.4,70,21.4,0.0,10,7.0,6.3,329,3.244739871933344,-5.400153994423306
2019-10-11 19:00:00,26.5,75,21.8,0.0,16,0.0,6.4,333,2.9055391983331007,-5.702441754805554
2019-10-11 20:00:00,25.9,81,22.3,0.0,26,0.0,4.0,360,9.797174393178826e-16,-4.0
2019-10-11 21:00:00,26.1,79,22.2,0.0,22,0.0,0.8,63,-0.7128052193506943,-0.3631923997916375
2019-10-11 22:00:00,26.1,80,22.4,0.0,23,0.0,3.4,162,-1.0506577808748214,3.233592155403522
2019-10-11 23:00:00,25.7,83,22.6,0.0,23,0.0,5.9,166,-1.4273391840380396,5.72474478502838
2019-10-12 00:00:00,25.1,86,22.6,0.0,28,0.0,5.9,169,-1.1257730727216153,5.791600382341218
2019-10-12 01:00:00,24.8,88,22.6,0.0,40,0.0,5.5,157,-2.149021206691006,5.062776693988422
2019-10-12 02:00:00,24.7,88,22.6,0.0,43,0.0,4.7,148,-2.490620541896063,3.985826051935202
2019-10-12 03:00:00,25.2,86,22.6,0.0,45,0.0,2.3,141,-1.4474368994146258,1.7874357113510329
2019-10-12 04:00:00,25.0,87,22.6,0.0,40,0.0,1.5,45,-1.0606601717798214,-1.0606601717798214
2019-10-12 05:00:00,24.5,89,22.6,0.0,37,0.0,2.7,67,-2.485363104321589,-1.0549740469210391
2019-10-12 06:00:00,24.0,91,22.5,0.0,47,0.0,4.3,114,-3.928245467863184,1.748967565225941
2019-10-12 07:00:00,24.6,92,23.2,0.0,23,28.0,3.5,114,-3.197409101749103,1.423578250765301
2019-10-12 08:00:00,26.2,81,22.7,0.0,20,123.0,2.3,129,-1.7874357113510333,1.4474368994146256
2019-10-12 09:00:00,27.1,78,22.9,0.0,29,295.0,0.7,180,-8.572527594031472e-17,0.7
2019-10-12 10:00:00,28.0,73,22.7,0.0,40,439.0,1.9,248,1.7616493236768958,0.7117525274902333
2019-10-12 11:00:00,28.6,69,22.4,0.0,61,500.0,3.6,270,3.6,6.613092715395707e-16
2019-10-12 12:00:00,29.0,68,22.5,0.0,42,553.0,4.7,279,4.642135200797148,-0.7352419856890842
2019-10-12 13:00:00,29.1,67,22.4,0.0,52,469.0,5.8,300,5.022947341949744,-2.9000000000000004
2019-10-12 14:00:00,29.1,67,22.4,0.2,47,411.0,7.9,321,4.971631089293719,-6.139453095510068
2019-10-12 15:00:00,28.2,71,22.5,0.0,48,237.0,7.6,355,0.6623836448822031,-7.571079705497266
2019-10-12 16:00:00,27.7,73,22.5,0.1,37,137.0,5.9,38,-3.632402704421384,-4.64926344627966
2019-10-12 17:00:00,27.4,74,22.5,0.0,9,65.0,2.9,97,-2.878383839759834,0.3534210958749273
2019-10-12 18:00:00,26.9,78,22.7,0.0,15,5.0,1.9,158,-0.7117525274902332,1.7616493236768958
2019-10-12 19:00:00,26.2,85,23.5,0.0,21,0.0,3.6,174,-0.3763024677635534,3.580278823325784
2019-10-12 20:00:00,25.5,88,23.5,0.0,26,0.0,4.0,180,-4.898587196589413e-16,4.0
2019-10-12 21:00:00,25.1,91,23.5,0.0,23,0.0,4.2,160,-1.4364846019678092,3.9467090073008153
2019-10-12 22:00:00,24.9,92,23.5,0.0,37,0.0,5.3,152,-2.4881992827652204,4.679622242152313
2019-10-12 23:00:00,24.8,92,23.5,0.0,50,0.0,4.8,167,-1.079765060850553,4.6769763109691285
2019-10-13 00:00:00,24.7,92,23.4,0.0,62,0.0,4.7,176,-0.32785542659739,4.688551036221174
2019-10-13 01:00:00,24.5,92,23.2,0.1,65,0.0,5.1,184,0.3557580160950389,5.087576656325103
2019-10-13 02:00:00,24.1,94,23.0,0.2,50,0.0,4.4,189,0.6883116461770152,4.345828698618607
2019-10-13 03:00:00,24.4,92,23.1,0.0,70,0.0,4.0,207,1.8159619989581863,3.564026096753472
2019-10-13 04:00:00,25.0,89,23.1,0.0,59,0.0,2.6,214,1.4539015490239415,2.1554976886431088
2019-10-13 05:00:00,25.0,88,22.9,0.0,56,0.0,1.8,191,0.3434561916777805,1.7669289302057951
2019-10-13 06:00:00,24.2,92,22.9,0.0,77,0.0,3.1,135,-2.192031021678297,2.192031021678297
2019-10-13 07:00:00,24.8,91,23.3,0.0,65,15.0,2.5,135,-1.7677669529663689,1.7677669529663689
2019-10-13 08:00:00,25.7,84,22.8,0.0,61,76.0,1.4,180,-1.7145055188062944e-16,1.4
2019-10-13 09:00:00,26.8,79,22.9,0.0,50,262.0,1.9,292,1.761649323676896,-0.7117525274902327
2019-10-13 10:00:00,27.6,75,22.8,0.2,44,351.0,3.6,315,2.545584412271572,-2.5455844122715705
2019-10-13 11:00:00,28.1,72,22.6,0.2,50,340.0,4.9,324,2.88014773623312,-3.9641832724372414
2019-10-13 12:00:00,28.5,72,23.1,0.0,41,446.0,6.2,350,1.0766187015349684,-6.10580806867569
2019-10-13 13:00:00,28.5,72,23.0,0.2,37,351.0,6.2,353,0.7555899291119128,-6.153786140176197
2019-10-13 14:00:00,28.6,71,22.9,0.0,50,288.0,10.2,8,-1.419565629792667,-10.100734301164016
2019-10-13 15:00:00,28.5,69,22.3,0.0,52,248.0,11.3,7,-1.3771235804781663,-11.215771513546938
2019-10-13 16:00:00,28.3,69,22.1,0.0,41,164.0,11.6,7,-1.4136843834997106,-11.513535359039334
2019-10-13 17:00:00,27.8,71,22.0,0.0,33,44.0,10.1,4,-0.7045403848156655,-10.075396907624224
2019-10-13 18:00:00,27.2,73,22.0,0.0,20,4.0,10.5,4,-0.7324429743133156,-10.474422527728152
2019-10-13 19:00:00,26.5,78,22.3,0.0,19,0.0,10.8,15,-2.795245687107224,-10.431998923921938
2019-10-13 20:00:00,25.9,81,22.4,0.0,23,0.0,9.6,20,-3.28339337592642,-9.02104915954472
2019-10-13 21:00:00,25.5,83,22.4,0.0,27,0.0,7.9,24,-3.2132194802988217,-7.217009115376547
2019-10-13 22:00:00,25.2,85,22.5,0.0,32,0.0,6.3,31,-3.244739871933341,-5.400153994423308
2019-10-13 23:00:00,24.6,90,22.8,0.0,30,0.0,4.2,31,-2.163159914622228,-3.600102662948872
2019-10-14 00:00:00,24.3,92,22.9,0.0,53,0.0,2.9,360,7.10295143505465e-16,-2.9
2019-10-14 01:00:00,24.4,92,23.0,0.0,59,0.0,2.5,360,6.123233995736766e-16,-2.5
2019-10-14 02:00:00,24.5,92,23.1,0.0,76,0.0,2.5,45,-1.7677669529663689,-1.7677669529663689
2019-10-14 03:00:00,24.5,89,22.5,0.0,100,0.0,2.3,51,-1.7874357113510329,-1.447436899414626
2019-10-14 04:00:00,24.4,89,22.6,0.0,100,0.0,3.2,63,-2.851220877402777,-1.45276959916655
2019-10-14 05:00:00,24.4,89,22.6,0.0,83,0.0,3.4,58,-2.8833635269318485,-1.8017254983928963
2019-10-14 06:00:00,24.5,89,22.7,0.0,91,0.0,4.6,39,-2.894873798829252,-3.5748714227020657
2019-10-14 07:00:00,24.9,89,22.9,0.0,96,15.0,6.4,27,-2.9055391983331,-5.702441754805555
2019-10-14 08:00:00,25.7,83,22.6,0.0,89,56.0,5.6,27,-2.5423467985414616,-4.98963653545486
2019-10-14 09:00:00,26.5,78,22.4,0.0,90,172.0,4.4,35,-2.523736319944603,-3.604268994871564
2019-10-14 10:00:00,26.8,77,22.5,0.0,82,112.0,1.8,37,-1.083267041673687,-1.437543918085127
2019-10-14 11:00:00,27.0,77,22.7,0.0,94,166.0,1.3,326,0.7269507745119705,-1.0777488443215544
2019-10-14 12:00:00,27.5,74,22.5,0.0,77,257.0,1.6,333,0.7263847995832752,-1.4256104387013886
2019-10-14 13:00:00,27.9,73,22.7,0.0,72,320.0,2.5,352,0.3479327524001647,-2.475670171853926
2019-10-14 14:00:00,28.0,73,22.7,0.0,100,218.0,4.0,360,9.797174393178826e-16,-4.0
2019-10-14 15:00:00,28.1,70,22.1,0.4,100,156.0,7.4,14,-1.790222027437541,-7.180188374442374
2019-10-14 16:00:00,27.7,72,22.1,0.0,91,159.0,11.2,21,-4.013721034907363,-10.45610077676866
2019-10-14 17:00:00,26.9,74,21.9,0.0,75,51.0,11.5,20,-3.93323164824519,-10.806465139037948
2019-10-14 18:00:00,26.1,78,21.9,0.0,43,4.0,10.0,30,-4.999999999999999,-8.660254037844387
2019-10-14 19:00:00,25.5,80,21.9,0.0,49,0.0,9.9,33,-5.391926446648768,-8.302838622659698
2019-10-14 20:00:00,25.3,81,21.8,0.0,52,0.0,9.5,29,-4.605691392340202,-8.30888721782426
2019-10-14 21:00:00,25.2,82,21.9,0.0,62,0.0,8.4,20,-2.872969203935617,-7.893418014601631
2019-10-14 22:00:00,24.9,83,21.8,0.0,47,0.0,8.8,19,-2.8649997592229792,-8.320563465273988
2019-10-14 23:00:00,24.7,83,21.7,0.0,93,0.0,8.3,18,-2.564841053312064,-7.893769085249775
2019-10-15 00:00:00,24.6,83,21.6,0.0,100,0.0,7.3,20,-2.496747046277381,-6.859756131737131
2019-10-15 01:00:00,24.6,83,21.5,0.0,97,0.0,7.4,23,-2.891410350820626,-6.811735915548059
2019-10-15 02:00:00,24.4,83,21.4,0.0,75,0.0,7.8,22,-2.921931428644114,-7.232034065620942
2019-10-15 03:00:00,24.5,80,20.8,0.0,94,0.0,7.5,17,-2.192787785420526,-7.172285669722766
2019-10-15 04:00:00,24.4,80,20.8,0.0,58,0.0,7.7,11,-1.469229264399395,-7.558529312547013
2019-10-15 05:00:00,24.3,80,20.6,0.0,47,0.0,9.2,11,-1.755442757464212,-9.030970087718508
2019-10-15 06:00:00,24.3,80,20.6,0.0,25,0.0,10.4,14,-2.5159877142365445,-10.091075553270365
2019-10-15 07:00:00,24.6,79,20.8,0.0,23,25.0,10.1,27,-4.585304047369422,-8.999165894302516
2019-10-15 08:00:00,25.5,73,20.4,0.0,14,127.0,10.3,29,-4.993539088537272,-9.008582983535776
2019-10-15 09:00:00,26.2,73,20.9,0.0,19,187.0,9.0,23,-3.516580156403464,-8.284543681071963
2019-10-15 10:00:00,26.9,71,21.3,0.0,17,297.0,7.6,19,-2.474317973874391,-7.185941174554808
2019-10-15 11:00:00,27.8,69,21.5,0.0,18,458.0,6.6,13,-1.484676958669509,-6.430842427582553
2019-10-15 12:00:00,28.3,67,21.6,0.0,24,525.0,6.9,6,-0.721246396546809,-6.862201078041086
2019-10-15 13:00:00,28.6,66,21.7,0.0,30,515.0,10.1,4,-0.7045403848156655,-10.075396907624224
2019-10-15 14:00:00,28.6,67,21.8,0.0,31,444.0,11.0,19,-3.5812496990287235,-10.400704331592486
2019-10-15 15:00:00,28.6,64,21.1,0.0,36,334.0,11.8,12,-2.4533579516495605,-11.542141688658909
2019-10-15 16:00:00,28.0,65,20.8,0.0,25,192.0,13.4,8,-1.864919552864877,-13.269592121137045
2019-10-15 17:00:00,27.1,67,20.4,0.0,19,81.0,11.7,11,-2.232465245905574,-11.485038046337667
2019-10-15 18:00:00,26.1,71,20.4,0.0,24,4.0,12.1,17,-3.5376976271451146,-11.571287547152728
2019-10-15 19:00:00,25.5,74,20.5,0.0,30,0.0,11.2,21,-4.013721034907363,-10.45610077676866
2019-10-15 20:00:00,25.1,76,20.6,0.0,29,0.0,9.7,22,-3.6336839561343455,-8.993683389297837
2019-10-15 21:00:00,24.8,78,20.8,0.0,37,0.0,8.3,18,-2.564841053312064,-7.893769085249775
2019-10-15 22:00:00,24.6,80,20.9,0.0,41,0.0,7.4,14,-1.790222027437541,-7.180188374442374
2019-10-15 23:00:00,24.6,80,20.9,0.0,48,0.0,7.6,3,-0.3977532674463731,-7.589584464134761
2019-10-16 00:00:00,24.3,82,21.0,0.0,52,0.0,8.7,5,-0.7582549619046259,-8.666893873398186
2019-10-16 01:00:00,24.2,82,20.9,0.0,52,0.0,9.3,13,-2.092044805397945,-9.06164160250269
2019-10-16 02:00:00,24.1,81,20.6,0.0,40,0.0,8.7,24,-3.5386087947594613,-7.947845481490627
2019-10-16 03:00:00,24.0,75,19.3,0.0,30,0.0,9.0,29,-4.363286582217033,-7.871577364254562
2019-10-16 04:00:00,24.0,75,19.2,0.0,25,0.0,8.1,21,-2.902780391316932,-7.562001454627333
2019-10-16 05:00:00,23.8,76,19.2,0.0,9,0.0,9.1,9,-1.4235536318661008,-8.987963899415753
2019-10-16 06:00:00,23.6,77,19.3,0.0,5,0.0,9.7,356,0.6766377953180186,-9.676371287520292
2019-10-16 07:00:00,23.9,77,19.7,0.0,14,31.0,11.3,7,-1.3771235804781663,-11.215771513546938
2019-10-16 08:00:00,24.9,72,19.5,0.0,13,114.0,11.2,15,-2.8987733051482323,-10.818369254437563
2019-10-16 09:00:00,25.8,71,20.2,0.0,5,330.0,9.0,16,-2.4807362023529924,-8.65135526344487
2019-10-16 10:00:00,26.6,69,20.5,0.0,5,439.0,6.2,7,-0.7555899291119144,-6.153786140176196
2019-10-16 11:00:00,27.4,65,20.3,0.0,3,524.0,5.7,342,1.7613968679372018,-5.421022142882375
2019-10-16 12:00:00,27.9,63,20.2,0.0,0,517.0,8.5,332,3.990508283680072,-7.505054539300879
2019-10-16 13:00:00,28.3,62,20.3,0.0,1,581.0,11.8,340,4.0358376912428895,-11.08837292527372
2019-10-16 14:00:00,28.4,61,20.2,0.0,5,523.0,13.9,350,2.4137096695703324,-13.688827766869691
2019-10-16 15:00:00,28.1,61,19.9,0.0,8,389.0,13.7,358,0.4781231048242612,-13.691654330161612
2019-10-16 16:00:00,27.6,62,19.7,0.0,11,231.0,12.6,3,-0.6594330486610923,-12.58273213790763
2019-10-16 17:00:00,27.0,64,19.5,0.0,14,73.0,10.5,8,-1.4613175600806871,-10.397814721786489
2019-10-16 18:00:00,26.1,68,19.8,0.0,13,4.0,11.4,11,-2.175222547292611,-11.19054989130337
2019-10-16 19:00:00,25.4,72,20.1,0.0,10,0.0,11.8,12,-2.4533579516495605,-11.542141688658909
2019-10-16 20:00:00,25.0,75,20.2,0.0,6,0.0,10.9,17,-3.186851581477831,-10.423721839997087
2019-10-16 21:00:00,24.7,76,20.2,0.0,14,0.0,10.8,15,-2.795245687107224,-10.431998923921938
2019-10-16 22:00:00,24.6,77,20.2,0.0,24,0.0,10.5,6,-1.0975488643103617,-10.44247990136687
2019-10-16 23:00:00,24.3,78,20.3,0.0,35,0.0,10.1,6,-1.0557374790033,-10.04467114321956
2019-10-17 00:00:00,24.1,80,20.3,0.0,43,0.0,9.4,7,-1.1455718280083864,-9.329933825428428
2019-10-17 01:00:00,23.8,81,20.4,0.0,44,0.0,8.7,7,-1.060263287624783,-8.6351515192795
2019-10-17 02:00:00,23.6,83,20.5,0.0,46,0.0,8.4,7,-1.0237024846032388,-8.337387673787106
2019-10-17 03:00:00,23.6,83,20.5,0.0,33,0.0,8.0,8,-1.1133848076805235,-7.922144549932563
2019-10-17 04:00:00,23.5,84,20.6,0.0,48,0.0,8.3,5,-0.7233926648055629,-8.268415994161488
2019-10-17 05:00:00,23.4,85,20.7,0.0,46,0.0,8.3,2,-0.2896658226307581,-8.294943864258496
2019-10-17 06:00:00,23.3,86,20.8,0.0,38,0.0,7.9,360,1.934941942652818e-15,-7.9
2019-10-17 07:00:00,23.7,85,21.0,0.0,42,30.0,10.5,8,-1.4613175600806871,-10.397814721786489
2019-10-17 08:00:00,25.0,76,20.5,0.0,17,131.0,11.5,14,-2.782101799396179,-11.15840085217396
2019-10-17 09:00:00,26.1,71,20.5,0.0,14,298.0,12.0,7,-1.4624321208617697,-11.910553819695863
2019-10-17 10:00:00,27.0,67,20.5,0.0,8,405.0,14.0,1,-0.2443336901219691,-13.997867732189478
2019-10-17 11:00:00,27.8,65,20.5,0.0,6,548.0,16.2,360,3.967855629237425e-15,-16.2
2019-10-17 12:00:00,28.5,62,20.6,0.0,10,661.0,18.7,358,0.6526205883367654,-18.68860846525709
2019-10-17 13:00:00,28.6,62,20.6,0.0,8,568.0,20.5,359,0.3577743319643129,-20.49687775070602
2019-10-17 14:00:00,28.5,62,20.5,0.0,2,450.0,21.2,360,5.1925024283847775e-15,-21.2
2019-10-17 15:00:00,28.0,61,19.7,0.0,11,404.0,20.5,3,-1.0728871029803486,-20.471905462468765
2019-10-17 16:00:00,27.3,62,19.4,0.0,6,211.0,18.4,6,-1.923323724124824,-18.299202874776228
2019-10-17 17:00:00,26.5,65,19.4,0.0,8,79.0,14.8,4,-1.0323958114130545,-14.763947943845398
2019-10-17 18:00:00,25.6,68,19.4,0.0,13,4.0,13.0,5,-1.1330246557195562,-12.950531075192693
2019-10-17 19:00:00,25.0,71,19.4,0.0,15,0.0,13.0,5,-1.1330246557195562,-12.950531075192693
2019-10-17 20:00:00,24.7,72,19.3,0.0,24,0.0,12.6,2,-0.4397336584515122,-12.592324420440606
2019-10-17 21:00:00,24.4,73,19.3,0.0,24,0.0,12.3,3,-0.6437322617882092,-12.283143277481258
2019-10-17 22:00:00,24.2,74,19.3,0.0,23,0.0,11.2,4,-0.7812725059342034,-11.17271736291003
2019-10-17 23:00:00,24.1,75,19.4,0.0,23,0.0,10.1,4,-0.7045403848156655,-10.075396907624224
2019-10-18 00:00:00,23.8,77,19.5,0.0,20,0.0,9.8,6,-1.024378940023004,-9.746314574609078
2019-10-18 01:00:00,23.6,79,19.6,0.0,15,0.0,10.2,8,-1.419565629792667,-10.100734301164016
2019-10-18 02:00:00,23.3,80,19.7,0.0,18,0.0,10.2,8,-1.419565629792667,-10.100734301164016
2019-10-18 03:00:00,23.0,78,19.0,0.0,7,0.0,10.1,4,-0.7045403848156655,-10.075396907624224
2019-10-18 04:00:00,22.7,79,18.9,0.0,14,0.0,9.7,2,-0.3385251180142594,-9.694091022085228
2019-10-18 05:00:00,22.6,79,18.7,0.0,11,0.0,10.5,4,-0.7324429743133156,-10.474422527728152
2019-10-18 06:00:00,22.4,79,18.6,0.0,6,0.0,10.5,4,-0.7324429743133156,-10.474422527728152
2019-10-18 07:00:00,22.9,77,18.8,0.0,12,39.0,13.1,9,-2.049291492027024,-12.938717261796304
2019-10-18 08:00:00,24.3,71,18.6,0.0,14,164.0,12.5,12,-2.598896135221992,-12.226845009172573
2019-10-18 09:00:00,25.7,66,18.9,0.0,14,371.0,11.2,6,-1.1707187885977188,-11.13864522812466
2019-10-18 10:00:00,26.6,63,18.9,0.0,16,476.0,10.8,360,2.645237086158283e-15,-10.8
2019-10-18 11:00:00,27.5,59,18.7,0.0,11,569.0,11.2,354,1.1707187885977182,-11.13864522812466
2019-10-18 12:00:00,27.9,56,18.5,0.0,19,604.0,13.1,352,1.823167622576863,-12.97251170051457
2019-10-18 13:00:00,28.1,56,18.5,0.0,16,555.0,15.6,352,2.171100374977028,-15.448181872368496
2019-10-18 14:00:00,28.1,56,18.5,0.0,23,437.0,18.4,354,1.9233237241248229,-18.299202874776228
2019-10-18 15:00:00,27.7,56,18.3,0.0,17,377.0,19.8,358,0.6910100347095163,-19.787938374978097
2019-10-18 16:00:00,27.1,59,18.3,0.0,25,216.0,19.8,1,-0.3455576474582135,-19.79698436409655
2019-10-18 17:00:00,26.1,63,18.5,0.0,32,80.0,18.0,1,-0.3141433158711032,-17.997258512815044
2019-10-18 18:00:00,25.0,67,18.6,0.0,29,4.0,18.0,2,-0.6281909406450175,-17.989034886343724
2019-10-18 19:00:00,24.3,71,18.7,0.0,32,0.0,17.8,7,-2.169274312611625,-17.667321499215532
2019-10-18 20:00:00,23.8,74,18.9,0.0,48,0.0,14.6,9,-2.2839431895873705,-14.420249772689012
2019-10-18 21:00:00,23.6,76,19.1,0.0,58,0.0,11.4,11,-2.175222547292611,-11.19054989130337
2019-10-18 22:00:00,23.3,78,19.3,0.0,64,0.0,9.5,9,-1.4861274178821933,-9.38303923565381
2019-10-18 23:00:00,22.9,81,19.5,0.0,56,0.0,9.0,5,-0.7844016847289235,-8.96575228282571
2019-10-19 00:00:00,22.5,84,19.6,0.0,62,0.0,9.0,358,0.3140954703225074,-8.994517443171862
2019-10-19 01:00:00,22.1,86,19.7,0.0,55,0.0,8.6,2,-0.3001356716415083,-8.594761112364223
2019-10-19 02:00:00,21.9,88,19.8,0.0,47,0.0,8.3,5,-0.7233926648055629,-8.268415994161488
2019-10-19 03:00:00,22.0,86,19.6,0.0,45,0.0,9.1,7,-1.109011024986842,-9.032169979936029
2019-10-19 04:00:00,22.0,86,19.5,0.0,50,0.0,9.8,8,-1.363896389408641,-9.70462707366739
2019-10-19 05:00:00,22.0,85,19.4,0.0,42,0.0,10.2,10,-1.7712114122026892,-10.04503908072452
2019-10-19 06:00:00,22.0,86,19.5,0.0,23,0.0,9.5,11,-1.812685456077176,-9.325458242752807
2019-10-19 07:00:00,22.4,84,19.7,0.0,23,31.0,11.3,9,-1.7677094549546088,-11.160878248725057
2019-10-19 08:00:00,23.9,77,19.7,0.0,15,144.0,12.7,7,-1.5477406612453728,-12.605336125844788
2019-10-19 09:00:00,25.1,72,19.7,0.0,21,306.0,13.8,7,-1.6817969389910352,-13.697136892650244
2019-10-19 10:00:00,26.2,69,19.9,0.0,25,438.0,13.4,8,-1.864919552864877,-13.269592121137045
2019-10-19 11:00:00,27.1,65,19.9,0.0,17,515.0,14.0,1,-0.2443336901219691,-13.997867732189478
2019-10-19 12:00:00,27.8,62,19.8,0.0,25,555.0,16.2,359,0.2827289842839937,-16.197532661533536
2019-10-19 13:00:00,28.1,60,19.7,0.0,32,482.0,17.6,359,0.3071623532961907,-17.59731943475249
2019-10-19 14:00:00,28.1,61,19.8,0.0,30,368.0,18.7,358,0.6526205883367654,-18.68860846525709
2019-10-19 15:00:00,27.9,60,19.5,0.0,19,338.0,19.8,359,0.3455576474582145,-19.79698436409655
2019-10-19 16:00:00,27.3,62,19.3,0.0,19,211.0,20.2,1,-0.3525386100331269,-20.196923442159104
2019-10-19 17:00:00,26.4,65,19.3,0.0,16,82.0,18.0,2,-0.6281909406450175,-17.989034886343724
2019-10-19 18:00:00,25.2,69,19.2,0.0,12,3.0,15.5,4,-1.0812253430339422,-15.462242779027276
2019-10-19 19:00:00,24.5,73,19.2,0.0,19,0.0,14.8,4,-1.0323958114130545,-14.763947943845398
2019-10-19 20:00:00,24.0,75,19.3,0.0,22,0.0,14.8,1,-0.258295615271796,-14.79774588831459
2019-10-19 21:00:00,23.7,77,19.3,0.0,17,0.0,13.7,5,-1.1940336756429168,-13.647867363856914
2019-10-19 22:00:00,23.5,78,19.4,0.0,9,0.0,11.0,11,-2.0988989491419927,-10.797899017924305
2019-10-19 23:00:00,23.4,79,19.4,0.0,18,0.0,10.0,13,-2.24951054343865,-9.743700647852352
2019-10-20 00:00:00,23.1,80,19.5,0.0,15,0.0,10.7,12,-2.2246550917500247,-10.46617932785172
2019-10-20 01:00:00,23.0,81,19.6,0.0,7,0.0,10.1,6,-1.0557374790033,-10.04467114321956
2019-10-20 02:00:00,22.8,82,19.6,0.0,10,0.0,9.7,4,-0.6766377953180154,-9.676371287520292
2019-10-20 03:00:00,22.5,82,19.3,0.0,9,0.0,10.5,6,-1.0975488643103617,-10.44247990136687
2019-10-20 04:00:00,22.3,83,19.2,0.0,9,0.0,10.6,10,-1.8406706832694613,-10.438962181929403
2019-10-20 05:00:00,22.1,83,19.1,0.0,11,0.0,10.5,8,-1.4613175600806871,-10.397814721786489
2019-10-20 06:00:00,22.0,83,19.1,0.0,16,0.0,10.1,4,-0.7045403848156655,-10.075396907624224
2019-10-20 07:00:00,22.5,81,19.2,0.0,16,35.0,12.3,7,-1.498992923883314,-12.20831766518826
2019-10-20 08:00:00,24.0,74,19.1,0.0,8,176.0,12.1,10,-2.101142949769857,-11.916173811447717
2019-10-20 09:00:00,25.2,70,19.3,0.0,5,357.0,11.0,11,-2.0988989491419927,-10.797899017924305
2019-10-20 10:00:00,26.3,65,19.3,0.0,5,532.0,10.5,6,-1.0975488643103617,-10.44247990136687
2019-10-20 11:00:00,27.2,62,19.2,0.0,4,601.0,11.9,360,2.9146593819707008e-15,-11.9
2019-10-20 12:00:00,27.7,60,19.1,0.0,24,560.0,12.3,355,1.0720156357961974,-12.253194786528471
2019-10-20 13:00:00,27.8,59,19.0,0.0,22,462.0,15.5,355,1.350914012588704,-15.441017820422056
2019-10-20 14:00:00,27.8,58,18.9,0.0,15,416.0,17.7,355,1.5426566466335525,-17.632646156223895
2019-10-20 15:00:00,27.3,56,17.9,0.0,11,354.0,19.1,358,0.6665803870177658,-19.08836479606473
2019-10-20 16:00:00,26.8,57,17.5,0.0,9,224.0,18.8,3,-0.9839159773673442,-18.77423525338599
2019-10-20 17:00:00,26.0,60,17.5,0.0,10,79.0,15.2,5,-1.324767289764404,-15.142159410994532
2019-10-20 18:00:00,25.0,63,17.5,0.0,10,3.0,10.9,8,-1.5169868004647131,-10.793921949283115
2019-10-20 19:00:00,24.4,66,17.7,0.0,15,0.0,10.2,10,-1.7712114122026892,-10.04503908072452
2019-10-20 20:00:00,23.9,69,18.0,0.0,27,0.0,10.7,12,-2.2246550917500247,-10.46617932785172
2019-10-20 21:00:00,23.5,74,18.6,0.0,25,0.0,8.0,8,-1.1133848076805235,-7.922144549932563
2019-10-20 22:00:00,23.4,74,18.4,0.0,36,0.0,7.2,3,-0.3768188849491956,-7.190132650232932
2019-10-20 23:00:00,23.0,77,18.6,0.0,37,0.0,6.5,360,1.5920408388915589e-15,-6.5
2019-10-21 00:00:00,22.6,78,18.6,0.0,47,0.0,6.5,3,-0.3401837155791349,-6.49109197590473
2019-10-21 01:00:00,22.5,79,18.7,0.0,53,0.0,8.3,5,-0.7233926648055629,-8.268415994161488
2019-10-21 02:00:00,22.3,81,19.0,0.0,46,0.0,7.3,9,-1.1419715947936853,-7.210124886344506
2019-10-21 03:00:00,22.6,79,18.9,0.0,52,0.0,7.4,14,-1.790222027437541,-7.180188374442374
2019-10-21 04:00:00,22.5,81,19.0,0.0,58,0.0,8.6,15,-2.2258437878816784,-8.306962106085987
2019-10-21 05:00:00,22.3,82,19.1,0.0,58,0.0,8.8,9,-1.3766232923540318,-8.691657397237213
2019-10-21 06:00:00,22.1,84,19.3,0.0,45,0.0,9.5,9,-1.4861274178821933,-9.38303923565381
2019-10-21 07:00:00,22.4,84,19.6,0.0,52,24.0,9.3,16,-2.5634274090980926,-8.939733772226367
2019-10-21 08:00:00,23.6,78,19.5,0.0,52,111.0,9.0,16,-2.4807362023529924,-8.65135526344487
2019-10-21 09:00:00,24.8,73,19.6,0.0,45,311.0,7.2,6,-0.7526049355271051,-7.160557646651568
2019-10-21 10:00:00,25.9,69,19.7,0.0,38,479.0,5.9,346,1.4273391840380405,-5.72474478502838
2019-10-21 11:00:00,26.5,66,19.6,0.1,39,518.0,4.6,321,2.894873798829254,-3.5748714227020644
2019-10-21 12:00:00,27.0,64,19.6,0.1,33,631.0,5.9,308,4.649263446279659,-3.6324027044213856
2019-10-21 13:00:00,27.3,63,19.7,0.1,35,622.0,8.7,315,6.151828996322965,-6.151828996322961
2019-10-21 14:00:00,27.2,64,19.8,0.0,21,520.0,10.9,333,4.948496447161062,-9.71197111365321
2019-10-21 15:00:00,27.2,62,19.4,0.0,26,376.0,13.2,343,3.85930650234013,-12.623222778712066
2019-10-21 16:00:00,26.8,63,19.1,0.0,34,214.0,15.5,355,1.350914012588704,-15.441017820422056
2019-10-21 17:00:00,25.9,65,18.9,0.0,31,77.0,14.8,4,-1.0323958114130545,-14.763947943845398
2019-10-21 18:00:00,25.0,68,18.8,0.0,32,2.0,12.0,9,-1.8772135804827703,-11.852260087141651
2019-10-21 19:00:00,24.4,70,18.7,0.0,40,0.0,10.9,9,-1.7051356689385164,-10.765802912487002
2019-10-21 20:00:00,23.9,73,18.7,0.0,44,0.0,9.3,16,-2.5634274090980926,-8.939733772226367
2019-10-21 21:00:00,23.6,75,18.8,0.0,25,0.0,8.7,24,-3.5386087947594613,-7.947845481490627
2019-10-21 22:00:00,23.2,78,19.2,0.0,33,0.0,6.0,25,-2.5357095704441965,-5.437846722219899
2019-10-21 23:00:00,22.8,80,19.2,0.0,38,0.0,4.8,13,-1.079765060850552,-4.676976310969129
2019-10-22 00:00:00,22.5,82,19.3,0.0,32,0.0,4.7,4,-0.3278554265973889,-4.688551036221174
2019-10-22 01:00:00,22.3,84,19.4,0.0,32,0.0,3.5,24,-1.4235782507653008,-3.197409101749103
2019-10-22 02:00:00,22.0,85,19.4,0.0,35,0.0,3.5,24,-1.4235782507653008,-3.197409101749103
2019-10-22 03:00:00,21.3,88,19.2,0.0,33,0.0,5.2,34,-2.907803098047884,-4.3109953772862175
2019-10-22 04:00:00,21.2,89,19.2,0.0,22,0.0,6.6,41,-4.329989591337347,-4.981083229470295
2019-10-22 05:00:00,21.2,89,19.2,0.0,23,0.0,7.3,33,-3.9758649556096977,-6.122295146001595
2019-10-22 06:00:00,21.2,88,19.2,0.0,38,0.0,7.3,20,-2.496747046277381,-6.859756131737131
2019-10-22 07:00:00,21.9,87,19.7,0.0,30,26.0,5.5,11,-1.0494494745709964,-5.398949508962152
2019-10-22 08:00:00,24.1,74,19.2,0.0,30,134.0,4.4,9,-0.6883116461770159,-4.345828698618607
2019-10-22 09:00:00,25.1,70,19.4,0.0,26,290.0,3.0,346,0.7257656867990037,-2.910887178827989
2019-10-22 10:00:00,26.2,66,19.4,0.0,24,475.0,3.1,315,2.192031021678298,-2.192031021678297
2019-10-22 11:00:00,27.0,62,19.2,0.0,29,544.0,4.5,299,3.935788682127281,-2.181643291108518
2019-10-22 12:00:00,27.5,60,19.1,0.0,47,600.0,6.4,297,5.702441754805555,-2.9055391983330985
2019-10-22 13:00:00,27.7,60,19.1,0.0,41,534.0,7.3,303,6.122295146001597,-3.975864955609695
2019-10-22 14:00:00,27.6,60,19.2,0.0,30,391.0,8.7,318,5.821436275322065,-6.46535998165333
2019-10-22 15:00:00,27.6,60,19.0,0.0,21,285.0,10.1,325,5.79312200714557,-8.273435647318815
2019-10-22 16:00:00,27.4,60,18.9,0.0,18,186.0,9.8,336,3.986019102142842,-8.95274548489749
2019-10-22 17:00:00,26.9,61,18.8,0.0,35,63.0,7.3,349,1.392905666248776,-7.165878439167947
2019-10-22 18:00:00,26.1,65,19.0,0.0,38,2.0,7.2,333,3.2687315981247385,-6.415246974156248
2019-10-22 19:00:00,25.3,70,19.5,0.0,39,0.0,6.9,354,0.7212463965468086,-6.862201078041086
2019-10-22 20:00:00,24.7,74,19.6,0.0,27,0.0,6.3,24,-2.5624408513775414,-5.755336383148386
2019-10-22 21:00:00,24.2,77,19.8,0.0,32,0.0,5.9,52,-4.64926344627966,-3.632402704421384
2019-10-22 22:00:00,23.8,80,20.1,0.0,39,0.0,5.4,86,-5.386845871403051,-0.3766849582182763
2019-10-22 23:00:00,23.1,84,20.3,0.0,39,0.0,4.1,105,-3.96029588778518,1.0611580849203357
2019-10-23 00:00:00,22.8,87,20.4,0.0,55,0.0,2.3,108,-2.187429987478853,0.7107390870623789
2019-10-23 01:00:00,22.5,88,20.5,0.0,44,0.0,0.5,45,-0.3535533905932738,-0.3535533905932738
2019-10-23 02:00:00,22.4,90,20.6,0.0,39,0.0,2.2,9,-0.3441558230885079,-2.1729143493093037
2019-10-23 03:00:00,22.9,88,20.8,0.0,32,0.0,4.0,360,9.797174393178826e-16,-4.0
2019-10-23 04:00:00,22.3,90,20.6,0.0,34,0.0,4.7,351,0.7352419856890862,-4.642135200797148
2019-10-23 05:00:00,22.2,89,20.4,0.0,34,0.0,7.0,348,1.4553818357243191,-6.847033205136639
2019-10-23 06:00:00,22.3,88,20.2,0.0,61,0.0,7.6,352,1.0577155672965006,-7.526037322435934
2019-10-23 07:00:00,22.9,86,20.4,0.0,88,25.0,6.1,360,1.4940690949597709e-15,-6.1
2019-10-23 08:00:00,24.8,73,19.6,0.0,87,124.0,6.1,3,-0.3192493330819573,-6.0916401620029
2019-10-23 09:00:00,25.8,68,19.5,0.0,87,263.0,7.2,360,1.7634913907721889e-15,-7.2
2019-10-23 10:00:00,26.9,63,19.4,0.0,77,430.0,8.6,358,0.300135671641507,-8.594761112364223
2019-10-23 11:00:00,27.6,60,19.2,0.0,78,401.0,9.8,354,1.0243789400230034,-9.746314574609078
2019-10-23 12:00:00,28.2,58,19.3,0.0,62,480.0,10.2,350,1.7712114122026898,-10.04503908072452
2019-10-23 13:00:00,28.5,58,19.4,0.0,44,471.0,10.7,346,2.588564282916446,-10.382164271153162
2019-10-23 14:00:00,28.5,58,19.5,0.0,39,442.0,12.4,343,3.625409138561941,-11.85817897394164
2019-10-23 15:00:00,27.8,61,19.5,0.0,43,196.0,15.0,349,2.86213493064817,-14.72440775171496
2019-10-23 16:00:00,27.4,62,19.4,0.0,35,149.0,14.4,357,0.7536377698983989,-14.380265300465863
2019-10-23 17:00:00,26.8,64,19.4,0.0,30,34.0,11.2,360,2.743208830090071e-15,-11.2
2019-10-23 18:00:00,25.9,68,19.5,0.0,27,1.0,10.5,356,0.7324429743133192,-10.474422527728152
2019-10-23 19:00:00,25.3,71,19.6,0.0,11,0.0,11.2,354,1.1707187885977182,-11.13864522812466
2019-10-23 20:00:00,24.7,73,19.6,0.0,10,0.0,11.5,360,2.8166876380389124e-15,-11.5
2019-10-23 21:00:00,24.2,76,19.6,0.0,8,0.0,9.4,360,2.3023359823970247e-15,-9.4
2019-10-23 22:00:00,23.8,78,19.7,0.0,8,0.0,8.3,358,0.2896658226307568,-8.294943864258496
2019-10-23 23:00:00,23.5,80,19.8,0.0,9,0.0,8.3,358,0.2896658226307568,-8.294943864258496
2019-10-24 00:00:00,23.2,81,19.9,0.0,14,0.0,7.9,3,-0.4134540543192563,-7.889173324561134
2019-10-24 01:00:00,23.1,82,19.9,0.0,11,0.0,8.0,5,-0.6972459419812653,-7.969557584733964
2019-10-24 02:00:00,23.0,83,19.9,0.0,25,0.0,7.6,3,-0.3977532674463731,-7.589584464134761
2019-10-24 03:00:00,22.6,87,20.3,0.0,41,0.0,7.9,3,-0.4134540543192563,-7.889173324561134
2019-10-24 04:00:00,22.7,87,20.3,0.0,41,0.0,7.9,3,-0.4134540543192563,-7.889173324561134
2019-10-24 05:00:00,22.8,86,20.4,0.0,43,0.0,8.6,2,-0.3001356716415083,-8.594761112364223
2019-10-24 06:00:00,22.8,86,20.4,0.0,57,0.0,10.1,358,0.3524849166952583,-10.093847352892867
2019-10-24 07:00:00,23.3,84,20.4,0.0,83,15.0,10.8,2,-0.3769145643870105,-10.793420931806237
2019-10-24 08:00:00,24.4,77,20.1,0.0,52,92.0,9.0,5,-0.7844016847289235,-8.96575228282571
2019-10-24 09:00:00,25.6,68,19.4,0.0,16,177.0,7.2,6,-0.7526049355271051,-7.160557646651568
2019-10-24 10:00:00,26.5,64,19.1,0.0,21,254.0,6.2,353,0.7555899291119128,-6.153786140176197
2019-10-24 11:00:00,27.6,59,18.7,0.0,23,410.0,6.8,342,2.101315561749644,-6.467184310807044
2019-10-24 12:00:00,28.1,56,18.6,0.0,23,387.0,7.6,335,3.211898789229314,-6.88793918147854
2019-10-24 13:00:00,28.4,55,18.6,0.0,18,418.0,8.4,329,4.326319829244458,-7.200205325897742
2019-10-24 14:00:00,28.5,55,18.7,0.0,10,356.0,9.3,332,4.366085533908785,-8.211412613588022
2019-10-24 15:00:00,28.3,58,19.2,0.0,8,330.0,9.2,339,3.296985135816767,-8.588939923774253
2019-10-24 16:00:00,27.9,58,19.0,0.0,5,174.0,9.8,343,2.8652427062828245,-9.371786608437748
2019-10-24 17:00:00,27.2,61,18.9,0.0,4,61.0,9.1,353,1.1090110249868397,-9.03216997993603
2019-10-24 18:00:00,26.1,65,19.0,0.0,1,2.0,9.4,4,-0.6557108531947778,-9.377102072442348
2019-10-24 19:00:00,25.3,69,19.1,0.0,1,0.0,9.9,10,-1.7191169589026103,-9.74959675482086
2019-10-24 20:00:00,24.6,72,19.3,0.0,2,0.0,10.0,13,-2.24951054343865,-9.743700647852352
2019-10-24 21:00:00,24.0,75,19.4,0.0,3,0.0,9.3,13,-2.092044805397945,-9.06164160250269
2019-10-24 22:00:00,23.6,78,19.6,0.0,2,0.0,9.3,16,-2.5634274090980926,-8.939733772226367
2019-10-24 23:00:00,23.4,80,19.8,0.0,2,0.0,6.9,9,-1.079397808777593,-6.815049550106451
2019-10-25 00:00:00,23.6,79,19.8,0.0,2,0.0,6.2,10,-1.0766187015349682,-6.10580806867569
2019-10-25 01:00:00,23.5,80,19.9,0.0,2,0.0,4.9,17,-1.4326213531414105,-4.685893304218874
2019-10-25 02:00:00,22.5,86,20.1,0.0,1,0.0,3.1,21,-1.1109406435904308,-2.8940993221413254
2019-10-25 03:00:00,22.3,87,19.9,0.0,2,0.0,4.0,10,-0.6945927106677213,-3.939231012048832
2019-10-25 04:00:00,22.2,87,19.9,0.0,0,0.0,3.6,37,-2.166534083347374,-2.875087836170254
2019-10-25 05:00:00,22.4,86,20.0,0.0,2,0.0,2.6,56,-2.1554976886431088,-1.4539015490239418
2019-10-25 06:00:00,22.5,87,20.2,0.0,4,0.0,2.3,39,-1.4474368994146258,-1.7874357113510329
2019-10-25 07:00:00,22.9,89,20.9,0.0,9,24.0,2.8,50,-2.1449244407331385,-1.79980530712231
2019-10-25 08:00:00,25.1,77,20.7,0.0,12,116.0,1.6,63,-1.4256104387013886,-0.726384799583275
2019-10-25 09:00:00,26.1,74,21.1,0.0,10,281.0,1.8,233,1.437543918085127,1.083267041673687
2019-10-25 10:00:00,27.0,68,20.6,0.0,17,365.0,3.8,253,3.633958072659534,1.111012477946401
2019-10-25 11:00:00,27.8,64,20.4,0.0,23,516.0,6.5,289,6.14587074139556,-2.116193003971516
2019-10-25 12:00:00,28.0,63,20.3,0.0,17,538.0,7.9,309,6.13945309551007,-4.971631089293717
2019-10-25 13:00:00,28.1,62,20.1,0.0,11,482.0,8.4,320,5.399415921366932,-6.434773322199414
2019-10-25 14:00:00,28.2,60,19.7,0.0,12,436.0,9.3,324,5.466402846320003,-7.52385804768701
2019-10-25 15:00:00,28.4,58,19.4,0.0,6,347.0,10.6,332,4.976398565530443,-9.359244484304623
2019-10-25 16:00:00,28.0,59,19.1,0.0,9,225.0,10.1,343,2.952954217699645,-9.658678035226655
2019-10-25 17:00:00,27.4,60,18.9,0.0,14,63.0,8.0,355,0.6972459419812665,-7.969557584733964
2019-10-25 18:00:00,26.5,63,19.0,0.0,17,1.0,11.3,351,1.7677094549546115,-11.160878248725057
2019-10-25 19:00:00,25.7,67,19.1,0.0,24,0.0,11.5,2,-0.4013442120787611,-11.4929945107196
2019-10-25 20:00:00,25.1,69,19.0,0.0,13,0.0,10.9,9,-1.7051356689385164,-10.765802912487002
2019-10-25 21:00:00,24.6,71,19.1,0.0,8,0.0,9.7,15,-2.510544737494451,-9.369480515003962
2019-10-25 22:00:00,23.9,76,19.4,0.0,3,0.0,9.3,16,-2.5634274090980926,-8.939733772226367
2019-10-25 23:00:00,23.4,80,19.7,0.0,5,0.0,8.1,13,-1.8221035401853063,-7.892397524760405
2019-10-26 00:00:00,22.8,84,20.0,0.0,5,0.0,7.3,11,-1.392905666248777,-7.165878439167947
2019-10-26 01:00:00,22.3,87,20.1,0.0,2,0.0,6.8,18,-2.1013155617496424,-6.467184310807044
2019-10-26 02:00:00,22.0,89,20.2,0.0,5,0.0,4.6,39,-2.894873798829252,-3.5748714227020657
2019-10-26 03:00:00,21.5,90,19.8,0.0,2,0.0,3.1,45,-2.192031021678297,-2.192031021678297
2019-10-26 04:00:00,21.4,91,19.9,0.0,12,0.0,2.5,45,-1.7677669529663689,-1.7677669529663689
2019-10-26 05:00:00,21.0,93,19.9,0.0,17,0.0,3.3,49,-2.490541614735148,-2.1649947956686737
2019-10-26 06:00:00,21.0,94,19.9,0.0,32,0.0,3.9,34,-2.180852323535913,-3.233246532964663
2019-10-26 07:00:00,21.8,92,20.4,0.0,12,25.0,5.2,34,-2.907803098047884,-4.3109953772862175
2019-10-26 08:00:00,24.2,78,20.1,0.0,8,133.0,5.3,28,-2.4881992827652213,-4.679622242152313
2019-10-26 09:00:00,25.3,73,20.2,0.0,10,295.0,3.0,14,-0.7257656867990032,-2.910887178827989
2019-10-26 10:00:00,26.4,69,20.2,0.0,10,417.0,4.2,329,2.163159914622229,-3.600102662948871
2019-10-26 11:00:00,27.2,65,20.0,0.0,14,546.0,5.9,322,3.632402704421384,-4.64926344627966
2019-10-26 12:00:00,27.7,62,19.7,0.0,10,593.0,7.7,319,5.051654523226907,-5.811263767715344
2019-10-26 13:00:00,27.8,61,19.6,0.0,11,509.0,8.3,326,4.6413010988071965,-6.881011852206848
2019-10-26 14:00:00,27.8,60,19.4,0.0,14,367.0,9.3,332,4.366085533908785,-8.211412613588022
2019-10-26 15:00:00,28.0,57,18.7,0.0,13,317.0,11.4,342,3.522793735874404,-10.84204428576475
2019-10-26 16:00:00,27.6,59,18.7,0.0,20,205.0,13.0,354,1.3588700224794945,-12.928784639787551
2019-10-26 17:00:00,26.7,62,18.7,0.0,14,49.0,12.3,3,-0.6437322617882092,-12.283143277481258
2019-10-26 18:00:00,25.7,66,18.9,0.0,11,1.0,10.5,6,-1.0975488643103617,-10.44247990136687
2019-10-26 19:00:00,25.1,69,19.0,0.0,8,0.0,10.0,15,-2.5881904510252074,-9.659258262890685
2019-10-26 20:00:00,24.6,71,19.1,0.0,7,0.0,9.7,15,-2.510544737494451,-9.369480515003962
2019-10-26 21:00:00,24.2,74,19.3,0.0,2,0.0,9.4,7,-1.1455718280083864,-9.329933825428428
2019-10-26 22:00:00,23.8,76,19.3,0.0,5,0.0,9.4,4,-0.6557108531947778,-9.377102072442348
2019-10-26 23:00:00,23.5,78,19.4,0.0,9,0.0,9.4,7,-1.1455718280083864,-9.329933825428428
2019-10-27 00:00:00,23.0,81,19.5,0.0,4,0.0,8.7,7,-1.060263287624783,-8.6351515192795
2019-10-27 01:00:00,22.5,83,19.6,0.0,3,0.0,6.8,360,1.6655196468404002e-15,-6.8
2019-10-27 02:00:00,22.4,84,19.6,0.0,4,0.0,7.6,355,0.6623836448822031,-7.571079705497266
2019-10-27 03:00:00,22.5,84,19.7,0.0,8,0.0,8.3,2,-0.2896658226307581,-8.294943864258496
2019-10-27 04:00:00,22.5,83,19.5,0.0,7,0.0,8.1,13,-1.8221035401853063,-7.892397524760405
2019-10-27 05:00:00,22.3,84,19.5,0.0,4,0.0,8.4,10,-1.458644692402215,-8.272385125302547
2019-10-27 06:00:00,22.3,84,19.5,0.0,3,0.0,8.4,7,-1.0237024846032388,-8.337387673787106
2019-10-27 07:00:00,22.7,83,19.7,0.0,3,25.0,8.0,27,-3.631923997916374,-7.128052193506943
2019-10-27 08:00:00,24.3,74,19.3,0.0,8,144.0,5.2,34,-2.907803098047884,-4.3109953772862175
2019-10-27 09:00:00,25.5,69,19.4,0.0,2,316.0,2.0,45,-1.4142135623730951,-1.4142135623730951
2019-10-27 10:00:00,26.5,64,19.2,0.0,3,446.0,3.3,319,2.164994795668674,-2.490541614735147
2019-10-27 11:00:00,27.5,60,18.9,0.0,3,560.0,7.4,321,4.656970893768801,-5.750880114781583
2019-10-27 12:00:00,27.9,58,18.8,0.0,7,527.0,9.9,327,5.391926446648768,-8.302838622659698
2019-10-27 13:00:00,28.1,57,18.8,0.0,12,507.0,11.5,328,6.094071538681858,-9.752553105798896
2019-10-27 14:00:00,28.2,57,18.8,0.0,15,470.0,13.8,332,6.478707566445293,-12.184676781453192
2019-10-27 15:00:00,27.9,60,19.5,0.0,17,331.0,16.2,343,4.736421616508342,-15.492137046601172
2019-10-27 16:00:00,27.2,63,19.5,0.0,11,146.0,17.4,353,2.1205265752495617,-17.270303038559003
2019-10-27 17:00:00,26.4,66,19.5,0.0,12,52.0,16.6,356,1.1579574641524857,-16.55956323431308
2019-10-27 18:00:00,25.5,71,19.7,0.0,20,1.0,16.3,355,1.4206386067868306,-16.237973578895453
2019-10-27 19:00:00,24.8,75,20.1,0.0,28,0.0,15.8,359,0.2757480217090802,-15.797593583470984
2019-10-27 20:00:00,24.3,78,20.3,0.0,30,0.0,13.3,2,-0.4641633061432629,-13.291897999353974
2019-10-27 21:00:00,24.1,80,20.5,0.0,37,0.0,10.4,360,2.547265342226495e-15,-10.4
2019-10-27 22:00:00,23.8,82,20.6,0.0,35,0.0,8.0,352,1.113384807680527,-7.922144549932562
2019-10-27 23:00:00,23.4,86,20.9,0.0,31,0.0,6.7,344,1.8467702839738929,-6.440453362786736
2019-10-28 00:00:00,23.1,88,21.0,0.0,45,0.0,6.2,339,2.2218812871808646,-5.78819864428265
2019-10-28 01:00:00,22.9,90,21.1,0.0,50,0.0,5.9,346,1.4273391840380405,-5.72474478502838
2019-10-28 02:00:00,22.8,91,21.2,0.0,55,0.0,6.2,353,0.7555899291119128,-6.153786140176197
2019-10-28 03:00:00,23.0,92,21.5,0.0,45,0.0,6.2,353,0.7555899291119128,-6.153786140176197
2019-10-28 04:00:00,22.8,92,21.5,0.0,47,0.0,8.0,355,0.6972459419812665,-7.969557584733964
2019-10-28 05:00:00,22.8,93,21.5,0.0,43,0.0,9.4,358,0.3280552690035077,-9.3942737739795
2019-10-28 06:00:00,22.7,93,21.5,0.0,35,0.0,9.4,353,1.145571828008384,-9.329933825428428
2019-10-28 07:00:00,23.2,90,21.5,0.0,10,21.0,11.9,2,-0.4153040107597615,-11.89275084152724
2019-10-28 08:00:00,24.5,81,21.1,0.0,9,113.0,12.7,8,-1.767498382192831,-12.576404473017943
2019-10-28 09:00:00,25.9,72,20.5,0.0,8,244.0,12.0,7,-1.4624321208617697,-11.910553819695863
2019-10-28 10:00:00,27.2,66,20.4,0.0,2,484.0,11.2,356,0.781272505934207,-11.17271736291003
2019-10-28 11:00:00,28.1,63,20.4,0.0,1,584.0,12.8,349,2.442355140819772,-12.5648279481301
2019-10-28 12:00:00,28.6,62,20.5,0.0,0,611.0,15.3,345,3.959931390068567,-14.778665142222746
2019-10-28 13:00:00,28.7,61,20.6,0.0,0,594.0,17.0,347,3.824167923845711,-16.564291101348996
2019-10-28 14:00:00,28.5,62,20.6,0.0,0,471.0,19.0,350,3.2993153756716773,-18.711347307231957
2019-10-28 15:00:00,28.3,64,20.7,0.0,2,353.0,21.0,354,2.1950977286207216,-20.88495980273374
2019-10-28 16:00:00,27.5,66,20.6,0.0,0,228.0,22.0,357,1.1513910373447762,-21.969849764600625
2019-10-28 17:00:00,26.3,71,20.6,0.0,1,70.0,21.2,359,0.3699910164704114,-21.19677113731549
2019-10-28 18:00:00,25.0,76,20.6,0.0,1,1.0,20.2,360,4.9475730685553065e-15,-20.2
2019-10-28 19:00:00,24.3,80,20.6,0.0,7,0.0,19.5,2,-0.680540185698769,-19.488121126872368
2019-10-28 20:00:00,23.7,83,20.5,0.0,5,0.0,18.4,2,-0.6421507393260177,-18.38879121715136
2019-10-28 21:00:00,23.2,85,20.5,0.0,0,0.0,17.3,1,-0.3019266313650047,-17.29736512620557
2019-10-28 22:00:00,22.8,87,20.5,0.0,0,0.0,16.2,1,-0.2827289842839929,-16.197532661533536
2019-10-28 23:00:00,22.5,89,20.5,0.0,2,0.0,15.8,360,3.869883885305636e-15,-15.8
2019-10-29 00:00:00,22.2,90,20.5,0.0,0,0.0,15.8,359,0.2757480217090802,-15.797593583470984
2019-10-29 01:00:00,21.9,92,20.5,0.0,1,0.0,14.8,360,3.624954525476166e-15,-14.8
2019-10-29 02:00:00,21.7,93,20.5,0.0,2,0.0,15.5,356,1.0812253430339474,-15.462242779027276
2019-10-29 03:00:00,21.8,93,20.6,0.0,2,0.0,17.3,356,1.2067869957733734,-17.257858069494958
2019-10-29 04:00:00,21.9,92,20.6,0.0,3,0.0,18.4,1,-0.3211242784460166,-18.3971975908776
2019-10-29 05:00:00,21.8,92,20.4,0.0,4,0.0,18.0,3,-0.942047212372989,-17.975331625582328
2019-10-29 06:00:00,21.7,92,20.3,0.0,3,0.0,17.0,4,-1.18586005365013,-16.958588854417012
2019-10-29 07:00:00,22.2,89,20.3,0.0,7,28.0,18.4,3,-0.9629815948701664,-18.37478343948416
2019-10-29 08:00:00,23.8,79,19.9,0.0,12,168.0,20.6,5,-1.7954083006017585,-20.52161078068996
2019-10-29 09:00:00,25.3,70,19.4,0.0,6,338.0,20.3,6,-2.1219278043333656,-20.18879447597595
2019-10-29 10:00:00,26.6,63,19.0,0.0,4,512.0,19.1,4,-1.332348648512793,-19.053473359962645
2019-10-29 11:00:00,27.5,59,18.8,0.0,2,612.0,18.0,360,4.408728476930472e-15,-18.0
2019-10-29 12:00:00,28.1,58,19.0,0.0,6,678.0,19.2,355,1.6733902607550395,-19.126938203361515
2019-10-29 13:00:00,28.3,58,19.1,0.0,7,613.0,21.3,354,2.226456267601018,-21.183316371344223
2019-10-29 14:00:00,28.1,59,19.2,0.0,9,501.0,22.7,357,1.188026206714837,-22.668890438928827
2019-10-29 15:00:00,27.2,61,19.2,0.0,15,375.0,23.8,358,0.8306080215195196,-23.78550168305448
2019-10-29 16:00:00,26.4,64,19.1,0.0,13,201.0,23.0,360,5.633375276077825e-15,-23.0
2019-10-29 17:00:00,25.3,68,18.9,0.0,8,68.0,20.2,358,0.7049698333905167,-20.18769470578573
2019-10-29 18:00:00,24.3,72,18.9,0.0,17,1.0,19.1,358,0.6665803870177658,-19.08836479606473
2019-10-29 19:00:00,23.6,75,19.0,0.0,32,0.0,17.6,360,4.310756732998684e-15,-17.6
2019-10-29 20:00:00,23.4,77,19.0,0.0,36,0.0,15.5,359,0.2705122997778952,-15.497639274924063
2019-10-29 21:00:00,23.2,78,19.1,0.0,46,0.0,13.0,357,0.6803674311582768,-12.98218395180946
2019-10-29 22:00:00,23.2,79,19.3,0.0,48,0.0,12.3,355,1.0720156357961974,-12.253194786528471
2019-10-29 23:00:00,23.1,80,19.5,0.3,45,0.0,12.6,358,0.4397336584515103,-12.592324420440606
2019-10-30 00:00:00,23.0,81,19.7,0.0,62,0.0,12.6,358,0.4397336584515103,-12.592324420440606
2019-10-30 01:00:00,23.1,82,19.9,0.3,68,0.0,13.3,360,3.25756048573196e-15,-13.3
2019-10-30 02:00:00,23.1,83,20.1,0.0,74,0.0,14.0,359,0.2443336901219698,-13.997867732189478
2019-10-30 03:00:00,22.9,83,19.8,0.0,62,0.0,13.7,357,0.7170026005283379,-13.68122462613766
2019-10-30 04:00:00,22.9,83,19.9,0.0,59,0.0,14.0,359,0.2443336901219698,-13.997867732189478
2019-10-30 05:00:00,22.9,83,19.9,0.0,65,0.0,13.7,2,-0.4781231048242632,-13.691654330161612
2019-10-30 06:00:00,22.7,84,19.9,0.0,55,0.0,14.4,360,3.5269827815443773e-15,-14.4
2019-10-30 07:00:00,23.1,83,20.1,0.0,42,23.0,15.5,360,3.796405077356795e-15,-15.5
2019-10-30 08:00:00,24.4,76,20.0,0.0,40,132.0,14.8,359,0.2582956152717967,-14.79774588831459
2019-10-30 09:00:00,25.9,70,20.0,0.0,34,330.0,13.7,355,1.1940336756429188,-13.647867363856914
2019-10-30 10:00:00,27.4,63,19.8,0.0,21,494.0,12.7,353,1.5477406612453697,-12.60533612584479
2019-10-30 11:00:00,28.3,59,19.7,0.0,15,601.0,11.4,347,2.564442019520065,-11.10781873855168
2019-10-30 12:00:00,28.8,58,19.8,0.0,17,610.0,13.4,346,3.2417534010355493,-13.001962732098352
2019-10-30 13:00:00,29.0,58,19.8,0.0,14,551.0,15.5,355,1.350914012588704,-15.441017820422056
2019-10-30 14:00:00,28.9,58,19.9,0.0,18,453.0,15.9,6,-1.6620025659556903,-15.812898136355546
2019-10-30 15:00:00,28.6,61,20.4,0.0,40,312.0,15.9,4,-1.1091279325315924,-15.861268399131204
2019-10-30 16:00:00,27.9,64,20.4,0.0,40,141.0,16.2,1,-0.2827289842839929,-16.197532661533536
2019-10-30 17:00:00,27.1,67,20.5,0.0,53,36.0,14.0,360,3.429011037612589e-15,-14.0
2019-10-30 18:00:00,26.1,72,20.7,0.0,60,0.0,14.8,359,0.2582956152717967,-14.79774588831459
2019-10-30 19:00:00,25.4,76,20.8,0.0,60,0.0,14.4,359,0.2513146526968833,-14.397806810252035
2019-10-30 20:00:00,24.9,78,20.9,0.0,61,0.0,13.3,360,3.25756048573196e-15,-13.3
2019-10-30 21:00:00,24.6,80,21.0,0.0,65,0.0,10.8,360,2.645237086158283e-15,-10.8
2019-10-30 22:00:00,24.4,82,21.1,0.0,58,0.0,9.7,358,0.3385251180142579,-9.694091022085228
2019-10-30 23:00:00,24.2,84,21.3,0.0,59,0.0,9.7,360,2.3758147903458648e-15,-9.7
2019-10-31 00:00:00,24.0,85,21.4,0.0,55,0.0,9.0,2,-0.3140954703225087,-8.994517443171862
2019-10-31 01:00:00,23.8,87,21.5,0.0,44,0.0,7.9,357,0.4134540543192605,-7.889173324561134
2019-10-31 02:00:00,23.6,88,21.5,0.0,62,0.0,8.4,7,-1.0237024846032388,-8.337387673787106
2019-10-31 03:00:00,24.0,86,21.5,0.1,68,0.0,6.8,360,1.6655196468404002e-15,-6.8
2019-10-31 04:00:00,23.9,87,21.6,0.6,68,0.0,7.7,11,-1.469229264399395,-7.558529312547013
2019-10-31 05:00:00,23.5,90,21.8,1.3,74,0.0,7.6,360,1.8614631347039767e-15,-7.6
2019-10-31 06:00:00,23.5,90,21.8,0.9,67,0.0,8.1,13,-1.8221035401853063,-7.892397524760405
2019-10-31 07:00:00,23.5,91,22.0,0.6,49,1.0,7.6,360,1.8614631347039767e-15,-7.6
2019-10-31 08:00:00,24.1,89,22.2,0.4,54,34.0,9.8,354,1.0243789400230034,-9.746314574609078
2019-10-31 09:00:00,25.3,82,22.1,0.2,41,94.0,11.5,360,2.8166876380389124e-15,-11.5
2019-10-31 10:00:00,26.1,78,21.9,0.2,51,153.0,10.8,2,-0.3769145643870105,-10.793420931806237
2019-10-31 11:00:00,26.9,73,21.8,0.1,49,282.0,11.3,353,1.3771235804781636,-11.21577151354694
2019-10-31 12:00:00,27.6,71,21.8,0.0,62,324.0,11.4,349,2.175222547292609,-11.19054989130337
2019-10-31 13:00:00,28.2,68,21.8,0.0,67,434.0,13.8,353,1.681796938991032,-13.697136892650246
2019-10-31 14:00:00,28.5,67,21.8,0.0,55,422.0,14.4,360,3.5269827815443773e-15,-14.4
2019-10-31 15:00:00,27.9,71,22.1,0.0,51,266.0,14.8,1,-0.258295615271796,-14.79774588831459
2019-10-31 16:00:00,27.4,73,22.1,0.0,44,132.0,14.4,3,-0.7536377698983913,-14.380265300465863
2019-10-31 17:00:00,26.8,76,22.2,0.0,36,36.0,12.2,2,-0.4257738597705118,-12.192568089632967
2019-10-31 18:00:00,25.8,81,22.3,0.0,35,0.0,9.7,4,-0.6766377953180154,-9.676371287520292
2019-10-31 19:00:00,25.1,84,22.3,0.0,28,0.0,11.2,2,-0.3908743630680108,-11.193177262613872
2019-10-31 20:00:00,24.6,88,22.4,0.0,29,0.0,10.4,358,0.3629547657060086,-10.393664600998596
2019-10-31 21:00:00,24.3,90,22.5,0.0,29,0.0,8.6,358,0.300135671641507,-8.594761112364223
2019-10-31 22:00:00,24.1,91,22.5,0.0,56,0.0,7.9,357,0.4134540543192605,-7.889173324561134
2019-10-31 23:00:00,23.9,92,22.6,0.0,56,0.0,7.2,360,1.7634913907721889e-15,-7.2
2019-11-01 00:00:00,23.7,94,22.6,0.0,54,0.0,6.8,357,0.3558845024520217,-6.790680836331102
2019-11-01 01:00:00,23.6,94,22.6,0.0,43,0.0,6.8,357,0.3558845024520217,-6.790680836331102
2019-11-01 02:00:00,23.5,95,22.6,0.0,46,0.0,6.9,354,0.7212463965468086,-6.862201078041086
2019-11-01 03:00:00,23.8,94,22.7,0.0,50,0.0,6.9,354,0.7212463965468086,-6.862201078041086
2019-11-01 04:00:00,23.8,93,22.7,0.0,56,0.0,6.5,3,-0.3401837155791349,-6.49109197590473
2019-11-01 05:00:00,23.8,93,22.7,0.0,45,0.0,7.2,3,-0.3768188849491956,-7.190132650232932
2019-11-01 06:00:00,23.7,94,22.6,0.0,25,0.0,6.9,354,0.7212463965468086,-6.862201078041086
2019-11-01 07:00:00,24.1,92,22.6,0.0,21,15.0,8.3,5,-0.7233926648055629,-8.268415994161488
2019-11-01 08:00:00,25.4,82,22.2,0.0,20,101.0,8.4,10,-1.458644692402215,-8.272385125302547
2019-11-01 09:00:00,26.6,78,22.3,0.0,19,249.0,8.0,10,-1.3891854213354426,-7.878462024097664
2019-11-01 10:00:00,27.6,74,22.6,0.0,19,387.0,6.8,360,1.6655196468404002e-15,-6.8
2019-11-01 11:00:00,28.3,72,22.8,0.0,20,473.0,7.1,345,1.8376152202278968,-6.858073366652385
2019-11-01 12:00:00,28.9,70,22.8,0.0,16,537.0,8.6,338,3.221616703376846,-7.97378114927437
2019-11-01 13:00:00,29.0,69,22.8,0.0,19,500.0,10.5,356,0.7324429743133192,-10.474422527728152
2019-11-01 14:00:00,28.9,69,22.7,0.0,18,369.0,12.8,349,2.442355140819772,-12.5648279481301
2019-11-01 15:00:00,28.8,67,22.1,0.0,12,301.0,13.4,352,1.8649195528648828,-13.26959212113704
2019-11-01 16:00:00,28.3,68,21.9,0.0,21,169.0,13.7,355,1.1940336756429188,-13.647867363856914
2019-11-01 17:00:00,27.6,70,21.8,0.0,26,49.0,10.2,8,-1.419565629792667,-10.100734301164016
2019-11-01 18:00:00,26.7,75,21.8,0.0,40,0.0,9.0,5,-0.7844016847289235,-8.96575228282571
2019-11-01 19:00:00,26.1,78,21.9,0.0,44,0.0,10.1,2,-0.3524849166952598,-10.093847352892867
2019-11-01 20:00:00,25.5,81,21.9,0.0,42,0.0,10.1,356,0.7045403848156689,-10.075396907624224
2019-11-01 21:00:00,24.9,83,21.9,0.0,42,0.0,9.4,356,0.655710853194781,-9.377102072442348
2019-11-01 22:00:00,24.5,85,21.9,0.0,50,0.0,8.7,355,0.7582549619046273,-8.666893873398186
2019-11-01 23:00:00,24.3,86,21.9,0.0,52,0.0,8.7,353,1.0602632876247808,-8.635151519279502
2019-11-02 00:00:00,24.1,87,21.8,0.0,59,0.0,9.7,358,0.3385251180142579,-9.694091022085228
2019-11-02 01:00:00,23.9,88,21.8,0.0,51,0.0,9.7,2,-0.3385251180142594,-9.694091022085228
2019-11-02 02:00:00,23.6,89,21.7,0.0,62,0.0,9.0,2,-0.3140954703225087,-8.994517443171862
2019-11-02 03:00:00,23.7,87,21.4,0.0,58,0.0,8.7,5,-0.7582549619046259,-8.666893873398186
2019-11-02 04:00:00,23.4,89,21.4,0.0,63,0.0,8.7,5,-0.7582549619046259,-8.666893873398186
2019-11-02 05:00:00,23.2,90,21.4,0.0,76,0.0,9.0,5,-0.7844016847289235,-8.96575228282571
2019-11-02 06:00:00,23.0,91,21.4,0.0,45,0.0,9.0,358,0.3140954703225074,-8.994517443171862
2019-11-02 07:00:00,23.5,89,21.5,0.0,53,15.0,10.1,360,2.473786534277653e-15,-10.1
2019-11-02 08:00:00,24.6,83,21.5,0.0,60,83.0,9.0,2,-0.3140954703225087,-8.994517443171862
2019-11-02 09:00:00,25.9,77,21.6,0.0,49,248.0,8.3,360,2.0329136865846065e-15,-8.3
2019-11-02 10:00:00,27.0,73,21.9,0.0,39,363.0,8.1,347,1.8221035401853087,-7.892397524760404
2019-11-02 11:00:00,27.9,70,22.0,0.0,36,409.0,9.1,342,2.812054648812024,-8.654614298285896
2019-11-02 12:00:00,28.5,68,22.0,0.0,34,435.0,10.4,340,3.5570094905869536,-9.772803256173448
2019-11-02 13:00:00,28.9,66,21.9,0.0,25,512.0,12.1,337,4.727846654720214,-11.138108726774528
2019-11-02 14:00:00,28.8,66,21.8,0.0,23,412.0,12.1,337,4.727846654720214,-11.138108726774528
2019-11-02 15:00:00,28.2,66,21.3,0.0,25,287.0,12.1,343,3.5376976271451195,-11.571287547152728
2019-11-02 16:00:00,27.8,67,21.1,0.0,32,201.0,12.4,352,1.725746451904817,-12.279324052395472
2019-11-02 17:00:00,27.0,70,21.0,0.0,31,52.0,11.2,354,1.1707187885977182,-11.13864522812466
2019-11-02 18:00:00,25.9,74,20.9,0.0,25,0.0,12.7,353,1.5477406612453697,-12.60533612584479
2019-11-02 19:00:00,25.3,76,20.8,0.0,18,0.0,13.7,360,3.355532229663748e-15,-13.7
2019-11-02 20:00:00,24.8,78,20.8,0.0,16,0.0,13.0,358,0.4536934571325107,-12.992080751248244
2019-11-02 21:00:00,24.4,81,21.0,0.0,14,0.0,11.5,356,0.8021994480574448,-11.47198657798798
2019-11-02 22:00:00,24.0,84,21.1,0.0,8,0.0,12.3,357,0.6437322617882157,-12.283143277481258
2019-11-02 23:00:00,23.6,86,21.1,0.0,7,0.0,13.7,355,1.1940336756429188,-13.647867363856914
2019-11-03 00:00:00,23.3,88,21.2,0.0,5,0.0,13.4,355,1.1678869528186215,-13.34900895442939
2019-11-03 01:00:00,22.9,90,21.3,0.0,7,0.0,9.7,356,0.6766377953180186,-9.676371287520292
2019-11-03 02:00:00,22.6,92,21.3,0.0,6,0.0,9.0,358,0.3140954703225074,-8.994517443171862
2019-11-03 03:00:00,22.5,91,21.0,0.0,9,0.0,10.4,2,-0.3629547657060101,-10.393664600998596
2019-11-03 04:00:00,22.5,91,21.0,0.0,14,0.0,11.5,4,-0.802199448057441,-11.47198657798798
2019-11-03 05:00:00,22.5,91,20.9,0.0,16,0.0,11.2,4,-0.7812725059342034,-11.17271736291003
2019-11-03 06:00:00,22.4,91,20.9,0.0,35,0.0,11.9,358,0.4153040107597598,-11.89275084152724
2019-11-03 07:00:00,22.9,89,20.9,0.0,31,21.0,14.0,1,-0.2443336901219691,-13.997867732189478
2019-11-03 08:00:00,24.6,80,20.9,0.0,22,141.0,14.8,4,-1.0323958114130545,-14.763947943845398
2019-11-03 09:00:00,26.1,72,20.7,0.0,23,321.0,15.1,3,-0.7902729392684519,-15.079305974794064
2019-11-03 10:00:00,27.4,67,20.8,0.0,11,470.0,15.5,359,0.2705122997778952,-15.497639274924063
2019-11-03 11:00:00,28.3,64,20.9,0.0,11,569.0,15.9,356,1.1091279325315977,-15.861268399131204
2019-11-03 12:00:00,28.7,63,20.9,0.0,8,577.0,17.0,355,1.4816476267101917,-16.935309867559674
2019-11-03 13:00:00,29.0,62,20.9,0.0,10,586.0,17.7,354,1.8501537998374653,-17.60303754801844
2019-11-03 14:00:00,28.7,62,20.8,0.0,15,409.0,18.1,355,1.5775189437326156,-18.0311240354606
2019-11-03 15:00:00,28.4,63,20.7,0.0,13,342.0,18.4,357,0.9629815948701764,-18.37478343948416
2019-11-03 16:00:00,27.7,65,20.6,0.0,13,209.0,19.8,359,0.3455576474582145,-19.79698436409655
2019-11-03 17:00:00,26.7,69,20.5,0.0,11,54.0,19.1,359,0.333340962952116,-19.097090977487078
2019-11-03 18:00:00,25.5,73,20.4,0.0,21,0.0,20.2,2,-0.7049698333905196,-20.18769470578573
2019-11-03 19:00:00,24.7,77,20.3,0.0,27,0.0,19.5,2,-0.680540185698769,-19.488121126872368
2019-11-03 20:00:00,24.2,78,20.2,0.0,42,0.0,17.3,359,0.3019266313650056,-17.29736512620557
2019-11-03 21:00:00,23.9,79,20.1,0.0,38,0.0,17.7,358,0.6177210916342646,-17.689217638237995
2019-11-03 22:00:00,23.7,80,20.0,0.0,41,0.0,18.7,359,0.3263600003772026,-18.697151899424515
2019-11-03 23:00:00,23.6,80,19.9,0.0,41,0.0,17.6,1,-0.3071623532961898,-17.59731943475249
2019-11-04 00:00:00,23.4,80,19.8,0.0,59,0.0,16.6,360,4.065827373169213e-15,-16.6
2019-11-04 01:00:00,23.3,80,19.7,0.2,62,0.0,16.6,1,-0.2897099468589063,-16.597471739596095
2019-11-04 02:00:00,23.2,80,19.7,0.0,65,0.0,15.9,3,-0.832141704262807,-15.878209602597725
2019-11-04 03:00:00,23.3,79,19.4,0.0,53,0.0,14.8,3,-0.7745721523955688,-14.779717114367694
2019-11-04 04:00:00,23.3,79,19.4,0.0,56,0.0,14.4,360,3.5269827815443773e-15,-14.4
2019-11-04 05:00:00,23.3,79,19.4,0.0,71,0.0,15.9,357,0.8321417042628155,-15.878209602597725
2019-11-04 06:00:00,23.3,79,19.4,0.0,52,0.0,16.6,1,-0.2897099468589063,-16.597471739596095
2019-11-04 07:00:00,23.5,77,19.3,0.0,76,7.0,18.1,6,-1.891965185144528,-18.000846306165748
2019-11-04 08:00:00,24.0,75,19.2,0.0,80,25.0,18.4,1,-0.3211242784460166,-18.3971975908776
2019-11-04 09:00:00,24.7,71,19.2,0.0,94,106.0,21.3,3,-1.1147558679747036,-21.270809090272422
2019-11-04 10:00:00,25.1,69,19.1,0.0,95,69.0,20.7,8,-2.8808831898733547,-20.498549022950503
2019-11-04 11:00:00,26.1,65,19.1,0.0,87,239.0,20.7,7,-2.5226954084865527,-20.545705338975363
2019-11-04 12:00:00,27.0,62,19.0,0.0,81,320.0,21.6,4,-1.5067398328731063,-21.547383485612205
2019-11-04 13:00:00,27.2,61,19.1,0.0,82,213.0,21.6,3,-1.130456654847587,-21.5703979506988
2019-11-04 14:00:00,26.8,63,19.1,0.2,89,95.0,21.3,4,-1.4858128907498689,-21.248114270534256
2019-11-04 15:00:00,26.0,63,18.4,0.0,85,31.0,21.3,3,-1.1147558679747036,-21.270809090272422
2019-11-04 16:00:00,25.5,65,18.4,0.0,90,14.0,20.2,2,-0.7049698333905196,-20.18769470578573
2019-11-04 17:00:00,24.9,67,18.4,0.1,71,1.0,18.7,1,-0.3263600003772016,-18.697151899424515
2019-11-04 18:00:00,23.9,73,18.7,0.2,62,0.0,18.1,6,-1.891965185144528,-18.000846306165748
2019-11-04 19:00:00,23.4,76,18.9,0.1,60,0.0,17.1,8,-2.379860026417119,-16.933583975480854
2019-11-04 20:00:00,23.1,77,18.9,0.0,69,0.0,15.5,359,0.2705122997778952,-15.497639274924063
2019-11-04 21:00:00,22.8,79,19.0,0.0,68,0.0,16.2,359,0.2827289842839937,-16.197532661533536
2019-11-04 22:00:00,22.8,79,19.0,0.1,62,0.0,15.9,4,-1.1091279325315924,-15.861268399131204
2019-11-04 23:00:00,22.6,80,19.0,0.0,58,0.0,16.6,2,-0.5793316452615161,-16.58988772851699
2019-11-05 00:00:00,22.5,80,18.9,0.0,59,0.0,16.6,4,-1.15795746415248,-16.55956323431308
2019-11-05 01:00:00,22.4,81,19.0,0.1,73,0.0,16.3,5,-1.4206386067868282,-16.237973578895453
2019-11-05 02:00:00,22.4,81,19.0,0.1,80,0.0,15.6,8,-2.171100374977021,-15.448181872368496
2019-11-05 03:00:00,22.8,75,18.2,0.0,66,0.0,14.9,8,-2.073679204304975,-14.7549942242494
2019-11-05 04:00:00,22.7,76,18.2,0.0,60,0.0,14.9,8,-2.073679204304975,-14.7549942242494
2019-11-05 05:00:00,22.5,77,18.3,0.0,65,0.0,14.8,6,-1.5470212563612715,-14.718924051450443
2019-11-05 06:00:00,22.4,78,18.4,0.0,56,0.0,17.2,10,-2.9867486558712018,-16.938693351809977
2019-11-05 07:00:00,22.7,78,18.6,0.0,62,14.0,16.8,10,-2.91728938480443,-16.544770250605094
2019-11-05 08:00:00,23.8,73,18.6,0.0,38,104.0,16.2,4,-1.1300548746548298,-16.16053761420915
2019-11-05 09:00:00,25.0,68,18.7,0.0,40,246.0,15.5,3,-0.8112073217656295,-15.478757788695894
2019-11-05 10:00:00,26.2,63,18.7,0.0,47,374.0,14.4,4,-1.0044932219154044,-14.36492232374147
2019-11-05 11:00:00,27.2,60,18.8,0.0,48,441.0,11.7,9,-1.830283240970701,-11.555953584963111
2019-11-05 12:00:00,27.9,59,19.2,0.0,43,578.0,10.1,4,-0.7045403848156655,-10.075396907624224
2019-11-05 13:00:00,28.2,59,19.4,0.0,32,509.0,10.6,350,1.840670683269462,-10.438962181929403
2019-11-05 14:00:00,28.1,60,19.6,0.0,39,376.0,13.0,355,1.1330246557195582,-12.950531075192693
2019-11-05 15:00:00,27.3,61,19.2,0.0,48,279.0,14.2,9,-2.2213694035712783,-14.025174436450955
2019-11-05 16:00:00,26.6,64,19.2,0.0,42,132.0,13.0,14,-3.1449846427956807,-12.613844441587954
2019-11-05 17:00:00,25.9,67,19.3,0.0,54,44.0,9.8,17,-2.8652427062828205,-9.371786608437748
2019-11-05 18:00:00,25.1,71,19.5,0.0,41,0.0,9.4,23,-3.6728726077991736,-8.65274562245294
2019-11-05 19:00:00,24.5,74,19.6,0.0,36,0.0,8.9,21,-3.1894747509531727,-8.308865795825096
2019-11-05 20:00:00,24.1,76,19.7,0.0,85,0.0,9.3,13,-2.092044805397945,-9.06164160250269
2019-11-05 21:00:00,23.7,78,19.7,0.0,67,0.0,8.8,12,-1.8296228791962823,-8.607698886457491
2019-11-05 22:00:00,23.4,79,19.7,0.0,68,0.0,8.0,8,-1.1133848076805235,-7.922144549932563
2019-11-05 23:00:00,23.3,80,19.7,0.0,48,0.0,8.0,10,-1.3891854213354426,-7.878462024097664
2019-11-06 00:00:00,23.2,81,19.8,0.0,42,0.0,8.0,5,-0.6972459419812653,-7.969557584733964
2019-11-06 01:00:00,23.0,82,19.8,0.0,41,0.0,8.3,5,-0.7233926648055629,-8.268415994161488
2019-11-06 02:00:00,22.8,83,19.8,0.0,41,0.0,8.6,15,-2.2258437878816784,-8.306962106085987
2019-11-06 03:00:00,22.4,83,19.4,0.0,32,0.0,7.9,16,-2.177535110954293,-7.59396739791272
2019-11-06 04:00:00,22.1,85,19.4,0.0,37,0.0,7.8,13,-1.754618223882147,-7.600086505324834
2019-11-06 05:00:00,21.9,86,19.4,0.0,40,0.0,9.1,9,-1.4235536318661008,-8.987963899415753
2019-11-06 06:00:00,21.6,87,19.4,0.0,45,0.0,8.5,12,-1.7672493719509543,-8.314254606237348
2019-11-06 07:00:00,21.7,88,19.5,0.0,24,15.0,9.1,18,-2.8120546488120213,-8.654614298285896
2019-11-06 08:00:00,23.0,82,19.7,0.0,24,104.0,8.1,21,-2.902780391316932,-7.562001454627333
2019-11-06 09:00:00,24.5,75,19.7,0.0,20,270.0,6.6,9,-1.0324674692655236,-6.518743047927909
2019-11-06 10:00:00,25.6,72,20.1,0.0,11,384.0,5.1,356,0.3557580160950407,-5.087576656325103
2019-11-06 11:00:00,26.5,69,20.2,0.0,14,476.0,4.3,336,1.7489675652259409,-3.928245467863184
2019-11-06 12:00:00,27.1,65,20.0,0.0,17,501.0,6.2,306,5.015905365124675,-3.644268564213332
2019-11-06 13:00:00,27.5,64,20.0,0.0,10,486.0,9.4,302,7.971652103870405,-4.981241083792124
2019-11-06 14:00:00,27.5,64,20.0,0.0,8,396.0,10.9,314,7.840803823691297,-7.57177623800307
2019-11-06 15:00:00,27.2,63,19.5,0.0,11,299.0,11.6,338,4.345436483624583,-10.755332712974733
2019-11-06 16:00:00,26.8,63,19.2,0.0,13,158.0,12.7,352,1.7674983821928365,-12.57640447301794
2019-11-06 17:00:00,26.0,66,19.1,0.0,28,56.0,11.2,2,-0.3908743630680108,-11.193177262613872
2019-11-06 18:00:00,25.2,69,19.1,0.0,37,0.0,11.5,2,-0.4013442120787611,-11.4929945107196
2019-11-06 19:00:00,24.5,72,19.1,0.0,38,0.0,13.4,5,-1.1678869528186195,-13.34900895442939
2019-11-06 20:00:00,23.8,74,19.0,0.0,41,0.0,13.4,6,-1.4006814077865566,-13.326593397934865
2019-11-06 21:00:00,23.3,77,19.0,0.0,40,0.0,12.6,5,-1.098162358620493,-12.552053195955994
2019-11-06 22:00:00,23.0,79,19.1,0.0,29,0.0,12.6,2,-0.4397336584515122,-12.592324420440606
2019-11-06 23:00:00,22.6,81,19.2,0.0,9,0.0,13.0,2,-0.4536934571325126,-12.992080751248244
2019-11-07 00:00:00,22.3,83,19.2,0.0,15,0.0,11.6,5,-1.0110066158728348,-11.555858497864248
2019-11-07 01:00:00,22.1,84,19.2,0.0,18,0.0,9.4,4,-0.6557108531947778,-9.377102072442348
2019-11-07 02:00:00,22.0,85,19.3,0.0,38,0.0,9.0,2,-0.3140954703225087,-8.994517443171862
2019-11-07 03:00:00,21.7,84,18.9,0.0,46,0.0,9.0,2,-0.3140954703225087,-8.994517443171862
2019-11-07 04:00:00,21.6,85,18.9,0.0,43,0.0,10.1,360,2.473786534277653e-15,-10.1
2019-11-07 05:00:00,21.4,86,18.9,0.0,48,0.0,12.3,357,0.6437322617882157,-12.283143277481258
2019-11-07 06:00:00,21.3,86,18.9,0.0,48,0.0,13.4,355,1.1678869528186215,-13.34900895442939
2019-11-07 07:00:00,21.7,84,19.0,0.0,52,15.0,14.8,1,-0.258295615271796,-14.79774588831459
2019-11-07 08:00:00,23.2,77,18.9,0.0,46,114.0,14.8,3,-0.7745721523955688,-14.779717114367694
2019-11-07 09:00:00,24.6,69,18.5,0.0,49,236.0,14.0,1,-0.2443336901219691,-13.997867732189478
2019-11-07 10:00:00,25.7,63,18.2,0.0,46,355.0,13.3,2,-0.4641633061432629,-13.291897999353974
2019-11-07 11:00:00,26.7,59,18.1,0.0,48,493.0,11.9,358,0.4153040107597598,-11.89275084152724
2019-11-07 12:00:00,27.2,57,18.0,0.0,46,533.0,10.9,352,1.5169868004647182,-10.793921949283115
2019-11-07 13:00:00,27.7,56,18.2,0.0,44,581.0,11.2,345,2.8987733051482314,-10.818369254437563
2019-11-07 14:00:00,27.7,57,18.4,0.0,55,479.0,13.2,343,3.85930650234013,-12.623222778712066
2019-11-07 15:00:00,27.4,58,18.4,0.0,52,314.0,15.6,345,4.037577103599323,-15.068442890109464
2019-11-07 16:00:00,26.8,60,18.4,0.0,37,165.0,17.4,353,2.1205265752495617,-17.270303038559003
2019-11-07 17:00:00,25.8,64,18.6,0.0,19,52.0,14.4,357,0.7536377698983989,-14.380265300465863
2019-11-07 18:00:00,24.6,70,18.7,0.0,33,0.0,13.3,3,-0.696068218031153,-13.281772812235833
2019-11-07 19:00:00,23.8,73,18.8,0.0,33,0.0,13.0,5,-1.1330246557195562,-12.950531075192693
2019-11-07 20:00:00,23.3,76,18.9,0.0,35,0.0,11.9,5,-1.037153338697132,-11.854716907291772
2019-11-07 21:00:00,22.8,80,19.1,0.0,29,0.0,12.2,360,2.9881381899195417e-15,-12.2
2019-11-07 22:00:00,22.3,82,19.2,0.0,8,0.0,13.3,358,0.4641633061432609,-13.291897999353974
2019-11-07 23:00:00,22.0,84,19.2,0.0,1,0.0,14.0,1,-0.2443336901219691,-13.997867732189478
2019-11-08 00:00:00,21.8,85,19.2,0.0,0,0.0,13.4,5,-1.1678869528186195,-13.34900895442939
2019-11-08 01:00:00,21.6,86,19.1,0.0,2,0.0,13.4,6,-1.4006814077865566,-13.326593397934865
2019-11-08 02:00:00,21.3,87,19.0,0.0,4,0.0,13.7,5,-1.1940336756429168,-13.647867363856914
2019-11-08 03:00:00,21.2,81,17.9,0.0,4,0.0,14.5,6,-1.5156627173809754,-14.420567482839962
2019-11-08 04:00:00,21.1,81,17.7,0.0,4,0.0,14.5,7,-1.7671054793746384,-14.391919198799169
2019-11-08 05:00:00,20.8,81,17.5,0.0,6,0.0,15.2,5,-1.324767289764404,-15.142159410994532
2019-11-08 06:00:00,20.8,81,17.3,0.0,8,0.0,15.5,3,-0.8112073217656295,-15.478757788695894
2019-11-08 07:00:00,21.2,78,17.2,0.0,9,20.0,17.4,7,-2.120526575249566,-17.270303038559
2019-11-08 08:00:00,22.7,70,17.0,0.0,7,140.0,18.5,7,-2.2545828529952283,-18.362103805364452
2019-11-08 09:00:00,24.1,64,16.9,0.0,9,308.0,18.8,7,-2.291143656016773,-18.659867650856853
2019-11-08 10:00:00,25.4,59,16.9,0.0,10,469.0,18.1,6,-1.891965185144528,-18.000846306165748
2019-11-08 11:00:00,26.3,55,16.7,0.0,7,565.0,17.3,5,-1.5077943495344863,-17.234168276987198
2019-11-08 12:00:00,26.9,53,16.4,0.0,5,631.0,16.6,1,-0.2897099468589063,-16.597471739596095
2019-11-08 13:00:00,27.2,52,16.4,0.0,6,597.0,17.3,360,4.237277925049842e-15,-17.3
2019-11-08 14:00:00,27.3,52,16.5,0.0,14,499.0,19.1,1,-0.333340962952115,-19.097090977487078
2019-11-08 15:00:00,26.8,55,17.1,0.0,19,363.0,21.3,3,-1.1147558679747036,-21.270809090272422
2019-11-08 16:00:00,25.8,59,17.1,0.0,23,180.0,21.7,5,-1.8912796176241824,-21.61742494859088
2019-11-08 17:00:00,24.6,63,17.1,0.0,26,56.0,18.1,5,-1.577518943732613,-18.0311240354606
2019-11-08 18:00:00,23.2,68,17.1,0.0,30,0.0,16.2,1,-0.2827289842839929,-16.197532661533536
2019-11-08 19:00:00,22.5,71,17.0,0.0,29,0.0,17.3,1,-0.3019266313650047,-17.29736512620557
2019-11-08 20:00:00,22.0,73,17.0,0.0,39,0.0,16.2,1,-0.2827289842839929,-16.197532661533536
2019-11-08 21:00:00,21.6,76,17.1,0.0,53,0.0,15.5,360,3.796405077356795e-15,-15.5
2019-11-08 22:00:00,21.4,77,17.1,0.0,48,0.0,15.5,1,-0.2705122997778944,-15.497639274924063
2019-11-08 23:00:00,21.2,77,17.1,0.0,54,0.0,13.4,6,-1.4006814077865566,-13.326593397934865
2019-11-09 00:00:00,20.9,79,17.1,0.0,50,0.0,12.0,9,-1.8772135804827703,-11.852260087141651
2019-11-09 01:00:00,20.8,80,17.2,0.0,38,0.0,10.7,12,-2.2246550917500247,-10.46617932785172
2019-11-09 02:00:00,20.6,81,17.3,0.0,52,0.0,10.2,10,-1.7712114122026892,-10.04503908072452
2019-11-09 03:00:00,20.6,82,17.5,0.0,35,0.0,10.9,9,-1.7051356689385164,-10.765802912487002
2019-11-09 04:00:00,20.6,82,17.5,0.0,30,0.0,10.4,14,-2.5159877142365445,-10.091075553270365
2019-11-09 05:00:00,20.5,82,17.4,0.0,25,0.0,10.0,15,-2.5881904510252074,-9.659258262890685
2019-11-09 06:00:00,20.2,83,17.3,0.0,20,0.0,10.9,6,-1.1393602496174229,-10.84028865951418
2019-11-09 07:00:00,20.5,82,17.4,0.0,22,14.0,14.1,13,-3.1718098662484966,-13.738617913471815
2019-11-09 08:00:00,21.9,75,17.2,0.0,30,103.0,14.8,14,-3.5804440548750827,-14.360376748884748
2019-11-09 09:00:00,23.4,67,17.0,0.0,35,256.0,14.6,16,-4.024305394928188,-14.034420760699456
2019-11-09 10:00:00,24.5,64,17.2,0.0,30,403.0,12.9,13,-2.9018686010358588,-12.569373835729534
2019-11-09 11:00:00,25.4,60,17.1,0.0,27,507.0,11.6,5,-1.0110066158728348,-11.555858497864248
2019-11-09 12:00:00,26.0,57,16.8,0.0,34,570.0,10.4,360,2.547265342226495e-15,-10.4
2019-11-09 13:00:00,26.3,55,16.6,0.0,31,485.0,10.5,352,1.4613175600806918,-10.397814721786489
2019-11-09 14:00:00,26.3,55,16.5,0.0,28,417.0,12.0,351,1.8772135804827728,-11.852260087141651
2019-11-09 15:00:00,26.2,53,15.8,0.0,25,257.0,14.1,354,1.473851332073913,-14.022758724692652
2019-11-09 16:00:00,25.6,54,15.6,0.0,5,194.0,14.8,357,0.7745721523955768,-14.779717114367694
2019-11-09 17:00:00,24.5,58,15.6,0.0,11,50.0,14.0,1,-0.2443336901219691,-13.997867732189478
2019-11-09 18:00:00,23.1,63,15.7,0.0,25,0.0,13.4,8,-1.864919552864877,-13.269592121137045
2019-11-09 19:00:00,22.2,67,15.7,0.0,19,0.0,13.1,8,-1.8231676225768567,-12.972511700514572
2019-11-09 20:00:00,21.7,69,15.8,0.0,16,0.0,11.3,7,-1.3771235804781663,-11.215771513546938
2019-11-09 21:00:00,21.3,72,16.1,0.0,17,0.0,10.2,10,-1.7712114122026892,-10.04503908072452
2019-11-09 22:00:00,21.2,74,16.3,0.0,40,0.0,9.6,13,-2.159530121701104,-9.35395262193826
2019-11-09 23:00:00,21.1,75,16.5,0.0,30,0.0,8.5,12,-1.7672493719509543,-8.314254606237348
2019-11-10 00:00:00,21.0,77,16.8,0.0,20,0.0,8.4,7,-1.0237024846032388,-8.337387673787106
2019-11-10 01:00:00,20.9,77,16.8,0.0,8,0.0,8.3,5,-0.7233926648055629,-8.268415994161488
2019-11-10 02:00:00,20.9,78,16.9,0.0,11,0.0,8.3,5,-0.7233926648055629,-8.268415994161488
2019-11-10 03:00:00,20.6,78,16.5,0.0,9,0.0,9.7,358,0.3385251180142579,-9.694091022085228
2019-11-10 04:00:00,20.3,80,16.6,0.0,10,0.0,9.4,360,2.3023359823970247e-15,-9.4
2019-11-10 05:00:00,20.0,81,16.6,0.0,11,0.0,9.0,2,-0.3140954703225087,-8.994517443171862
2019-11-10 06:00:00,19.9,81,16.6,0.0,10,0.0,8.7,7,-1.060263287624783,-8.6351515192795
2019-11-10 07:00:00,20.0,82,16.8,0.0,4,15.0,8.8,9,-1.3766232923540318,-8.691657397237213
2019-11-10 08:00:00,21.6,73,16.5,0.0,2,95.0,7.2,6,-0.7526049355271051,-7.160557646651568
2019-11-10 09:00:00,22.9,67,16.3,0.0,2,283.0,5.8,353,0.7068421917498539,-5.756767679519668
2019-11-10 10:00:00,23.9,61,15.9,0.0,2,382.0,4.8,333,2.179154398749825,-4.276831316104166
2019-11-10 11:00:00,24.6,57,15.6,0.0,12,506.0,5.1,315,3.606244584051393,-3.606244584051391
2019-11-10 12:00:00,25.2,55,15.6,0.0,7,562.0,5.2,304,4.310995377286217,-2.9078030980478844
2019-11-10 13:00:00,25.4,55,15.6,0.0,6,516.0,4.9,287,4.685893304218874,-1.43262135314141
2019-11-10 14:00:00,25.5,54,15.5,0.0,16,488.0,5.4,270,5.4,9.919639073093561e-16
2019-11-10 15:00:00,25.5,54,15.5,0.0,19,308.0,5.9,281,5.791600382341217,-1.1257730727216162
2019-11-10 16:00:00,25.0,56,15.5,0.0,22,165.0,6.1,315,4.31335136523794,-4.3133513652379385
2019-11-10 17:00:00,24.3,59,15.7,0.0,20,36.0,7.5,343,2.1927877854205287,-7.172285669722765
2019-11-10 18:00:00,23.3,64,16.1,0.0,25,0.0,9.0,355,0.7844016847289249,-8.96575228282571
2019-11-10 19:00:00,22.3,68,16.2,0.0,35,0.0,10.8,356,0.7533699164365569,-10.773691742806102
2019-11-10 20:00:00,21.7,69,15.9,0.0,53,0.0,12.6,358,0.4397336584515103,-12.592324420440606
2019-11-10 21:00:00,21.2,72,15.9,0.0,57,0.0,11.5,4,-0.802199448057441,-11.47198657798798
2019-11-10 22:00:00,20.8,74,16.0,0.0,59,0.0,8.1,13,-1.8221035401853063,-7.892397524760405
2019-11-10 23:00:00,20.5,77,16.2,0.0,63,0.0,5.7,35,-3.2693856872009626,-4.669166652447253
2019-11-11 00:00:00,19.7,83,16.6,0.0,59,0.0,3.3,96,-3.281922254715301,0.3449439287832567
2019-11-11 01:00:00,19.1,87,16.8,0.0,62,0.0,2.3,141,-1.4474368994146258,1.7874357113510329
2019-11-11 02:00:00,20.0,83,17.0,0.0,42,0.0,1.4,270,1.4,2.571758278209441e-16
2019-11-11 03:00:00,19.8,83,16.9,0.0,27,0.0,5.2,335,2.197614961051636,-4.71280049259058
2019-11-11 04:00:00,18.5,89,16.7,0.0,12,0.0,9.4,356,0.655710853194781,-9.377102072442348
2019-11-11 05:00:00,19.1,87,16.9,0.0,13,0.0,9.1,7,-1.109011024986842,-9.032169979936029
2019-11-11 06:00:00,19.4,86,17.0,0.0,11,0.0,9.1,9,-1.4235536318661008,-8.987963899415753
2019-11-11 07:00:00,19.9,85,17.3,0.0,8,17.0,8.8,9,-1.3766232923540318,-8.691657397237213
2019-11-11 08:00:00,21.5,77,17.4,0.0,8,121.0,8.8,12,-1.8296228791962823,-8.607698886457491
2019-11-11 09:00:00,23.1,65,16.1,0.0,16,294.0,8.4,7,-1.0237024846032388,-8.337387673787106
2019-11-11 10:00:00,24.3,57,15.2,0.0,15,445.0,6.2,353,0.7555899291119128,-6.153786140176197
2019-11-11 11:00:00,25.2,52,14.7,0.0,17,549.0,4.9,324,2.88014773623312,-3.9641832724372414
2019-11-11 12:00:00,25.9,50,14.7,0.0,22,570.0,5.9,308,4.649263446279659,-3.6324027044213856
2019-11-11 13:00:00,26.1,50,14.9,0.0,33,524.0,6.3,301,5.400153994423308,-3.244739871933341
2019-11-11 14:00:00,26.1,51,15.2,0.0,29,389.0,7.0,305,5.734064310022943,-4.015035054457322
2019-11-11 15:00:00,26.0,50,14.6,0.0,26,262.0,8.3,326,4.6413010988071965,-6.881011852206848
2019-11-11 16:00:00,25.6,50,14.5,0.0,39,138.0,8.8,348,1.829622879196287,-8.60769888645749
2019-11-11 17:00:00,24.8,53,14.6,0.0,52,36.0,7.7,11,-1.469229264399395,-7.558529312547013
2019-11-11 18:00:00,23.9,58,15.1,0.0,45,0.0,7.6,25,-3.211898789229316,-6.887939181478539
2019-11-11 19:00:00,23.1,63,15.7,0.0,47,0.0,6.6,41,-4.329989591337347,-4.981083229470295
2019-11-11 20:00:00,22.3,69,16.4,0.0,33,0.0,5.6,63,-4.989636535454859,-2.542346798541462
2019-11-11 21:00:00,21.4,77,17.1,0.0,38,0.0,5.2,78,-5.086367523815789,-1.0811407922523493
2019-11-11 22:00:00,20.7,82,17.5,0.0,33,0.0,5.1,82,-5.050367150582009,-0.7097828148963339
2019-11-11 23:00:00,20.2,85,17.6,0.0,47,0.0,5.5,79,-5.398949508962152,-1.049449474570997
2019-11-12 00:00:00,20.2,86,17.7,0.0,31,0.0,5.6,75,-5.409184627218783,-1.449386652574116
2019-11-12 01:00:00,20.3,86,17.8,0.0,33,0.0,4.9,73,-4.685893304218874,-1.4326213531414105
2019-11-12 02:00:00,20.3,85,17.7,0.0,31,0.0,4.1,52,-3.23084408978756,-2.524212048835199
2019-11-12 03:00:00,19.5,86,17.1,0.0,28,0.0,5.8,30,-2.8999999999999995,-5.022947341949744
2019-11-12 04:00:00,19.4,86,17.0,0.0,21,0.0,7.8,13,-1.754618223882147,-7.600086505324834
2019-11-12 05:00:00,19.7,83,16.8,0.0,19,0.0,6.6,9,-1.0324674692655236,-6.518743047927909
2019-11-12 06:00:00,21.4,74,16.6,0.0,10,0.0,3.6,354,0.3763024677635523,-3.580278823325784
2019-11-12 07:00:00,21.8,72,16.5,0.0,3,15.0,2.9,7,-0.3534210958749276,-2.8783838397598336
2019-11-12 08:00:00,23.1,68,16.9,0.0,11,127.0,2.5,45,-1.7677669529663689,-1.7677669529663689
2019-11-12 09:00:00,24.4,63,17.0,0.0,7,280.0,1.1,360,2.694222958124177e-16,-1.1
2019-11-12 10:00:00,25.3,60,17.1,0.0,6,401.0,1.8,281,1.766928930205795,-0.3434561916777812
2019-11-12 11:00:00,25.9,58,17.0,0.0,7,498.0,3.3,283,3.2154212137912763,-0.7423384793347542
2019-11-12 12:00:00,26.3,57,17.0,0.0,3,487.0,5.3,298,4.6796222421523135,-2.488199282765219
2019-11-12 13:00:00,26.5,56,17.0,0.0,7,436.0,7.4,309,5.750880114781584,-4.656970893768798
2019-11-12 14:00:00,26.3,57,17.0,0.0,2,348.0,8.4,313,6.143371093601031,-5.728786224524988
2019-11-12 15:00:00,26.3,49,14.8,0.0,5,356.0,9.2,318,6.156001578501495,-6.836932394392027
2019-11-12 16:00:00,25.8,50,14.7,0.0,4,193.0,9.5,323,5.717242719944458,-7.587037345449282
2019-11-12 17:00:00,25.0,53,14.8,0.0,2,49.0,6.6,331,3.199743493625823,-5.772490067120012
2019-11-12 18:00:00,24.0,57,15.0,0.0,0,0.0,10.0,347,2.249510543438653,-9.743700647852352
2019-11-12 19:00:00,23.0,62,15.5,0.0,1,0.0,9.7,4,-0.6766377953180154,-9.676371287520292
2019-11-12 20:00:00,22.2,68,16.0,0.0,0,0.0,7.6,25,-3.211898789229316,-6.887939181478539
2019-11-12 21:00:00,21.3,75,16.6,0.0,2,0.0,4.3,66,-3.928245467863184,-1.7489675652259409
2019-11-12 22:00:00,20.6,80,17.0,0.0,3,0.0,3.0,104,-2.910887178827989,0.7257656867990033
2019-11-12 23:00:00,20.1,83,17.1,0.0,1,0.0,3.7,119,-3.236092916415765,1.793795594911447
2019-11-13 00:00:00,19.7,86,17.3,0.0,0,0.0,3.4,122,-2.8833635269318485,1.8017254983928963
2019-11-13 01:00:00,20.1,85,17.4,0.0,1,0.0,1.6,117,-1.4256104387013888,0.7263847995832748
2019-11-13 02:00:00,20.4,83,17.4,0.0,0,0.0,1.3,56,-1.0777488443215544,-0.7269507745119709
2019-11-13 03:00:00,20.9,78,16.9,0.0,0,0.0,2.8,40,-1.7998053071223097,-2.1449244407331385
2019-11-13 04:00:00,20.1,81,16.8,0.0,2,0.0,4.1,38,-2.524212048835199,-3.2308440897875594
2019-11-13 05:00:00,19.7,83,16.6,0.0,1,0.0,4.7,32,-2.490620541896063,-3.985826051935202
2019-11-13 06:00:00,19.6,82,16.5,0.0,7,0.0,5.2,56,-4.3109953772862175,-2.9078030980478835
2019-11-13 07:00:00,20.6,79,16.8,0.0,3,14.0,2.4,63,-2.138415658052083,-1.0895771993749124
2019-11-13 08:00:00,23.2,68,17.0,0.0,2,105.0,1.1,90,-1.1,-6.735557395310444e-17
2019-11-13 09:00:00,24.4,64,17.1,0.0,6,291.0,2.9,277,2.8783838397598336,-0.3534210958749282
2019-11-13 10:00:00,25.3,57,16.3,0.0,4,426.0,5.3,298,4.6796222421523135,-2.488199282765219
2019-11-13 11:00:00,26.0,55,16.2,0.0,8,550.0,8.2,322,5.048424097670397,-6.46168817957512
2019-11-13 12:00:00,26.5,53,16.0,0.0,5,569.0,11.3,333,5.130092647056881,-10.068373723328556
2019-11-13 13:00:00,26.7,53,16.2,0.0,5,529.0,13.0,341,4.232386007943037,-12.29174148279112
2019-11-13 14:00:00,26.8,54,16.6,0.0,4,514.0,14.8,346,3.5804440548750844,-14.360376748884748
2019-11-13 15:00:00,26.7,54,16.5,0.0,1,362.0,16.5,350,2.8651949315043512,-16.249327924701433
2019-11-13 16:00:00,26.2,55,16.5,0.0,11,205.0,17.4,354,1.8187952608571691,-17.304680979407955
2019-11-13 17:00:00,25.1,59,16.5,0.0,16,55.0,14.8,356,1.0323958114130594,-14.763947943845398
2019-11-13 18:00:00,23.9,64,16.8,0.0,20,0.0,13.3,358,0.4641633061432609,-13.291897999353974
2019-11-13 19:00:00,23.2,69,17.2,0.0,28,0.0,13.0,3,-0.6803674311582698,-12.98218395180946
2019-11-13 20:00:00,22.8,73,17.6,0.0,29,0.0,12.2,2,-0.4257738597705118,-12.192568089632967
2019-11-13 21:00:00,22.4,76,18.0,0.0,30,0.0,11.9,2,-0.4153040107597615,-11.89275084152724
2019-11-13 22:00:00,22.3,78,18.2,0.0,30,0.0,10.5,6,-1.0975488643103617,-10.44247990136687
2019-11-13 23:00:00,22.0,80,18.3,0.0,29,0.0,10.1,356,0.7045403848156689,-10.075396907624224
2019-11-14 00:00:00,21.5,83,18.4,0.0,29,0.0,9.8,354,1.0243789400230034,-9.746314574609078
2019-11-14 01:00:00,21.1,85,18.5,0.0,31,0.0,10.4,2,-0.3629547657060101,-10.393664600998596
2019-11-14 02:00:00,20.9,86,18.4,0.0,35,0.0,9.9,19,-3.223124729125852,-9.360633898433235
2019-11-14 03:00:00,20.0,91,18.5,0.0,30,0.0,8.1,32,-4.29234604028896,-6.86918957886705
2019-11-14 04:00:00,19.8,92,18.4,0.0,31,0.0,8.5,28,-3.990508283680072,-7.505054539300879
2019-11-14 05:00:00,19.7,91,18.2,0.0,41,0.0,10.8,15,-2.795245687107224,-10.431998923921938
2019-11-14 06:00:00,19.8,89,17.9,0.0,40,0.0,10.9,17,-3.186851581477831,-10.423721839997087
2019-11-14 07:00:00,20.2,86,17.7,0.0,50,8.0,13.9,21,-4.981314498679674,-12.976767928311103
2019-11-14 08:00:00,21.9,77,17.6,0.0,45,79.0,13.9,21,-4.981314498679674,-12.976767928311103
2019-11-14 09:00:00,23.6,68,17.5,0.0,43,207.0,12.9,18,-3.986319227436821,-12.26862906020748
2019-11-14 10:00:00,24.7,64,17.5,0.0,38,306.0,10.5,16,-2.8941922360784917,-10.093247807352348
2019-11-14 11:00:00,25.6,61,17.6,0.0,29,409.0,9.0,5,-0.7844016847289235,-8.96575228282571
2019-11-14 12:00:00,26.1,60,17.6,0.0,26,372.0,10.1,356,0.7045403848156689,-10.075396907624224
2019-11-14 13:00:00,26.5,58,17.5,0.0,34,389.0,11.9,355,1.037153338697134,-11.854716907291772
2019-11-14 14:00:00,26.6,57,17.3,0.0,33,371.0,13.7,355,1.1940336756429188,-13.647867363856914
2019-11-14 15:00:00,26.1,55,16.2,0.0,48,199.0,15.5,357,0.8112073217656377,-15.478757788695894
2019-11-14 16:00:00,25.5,55,15.9,0.0,71,118.0,16.9,360,4.139306181118054e-15,-16.9
2019-11-14 17:00:00,24.5,59,15.8,0.0,80,23.0,15.9,4,-1.1091279325315924,-15.861268399131204
2019-11-14 18:00:00,23.3,63,15.9,0.0,91,0.0,15.2,7,-1.8524140197582413,-15.086701504948094
2019-11-14 19:00:00,22.6,67,16.2,0.0,100,0.0,14.3,12,-2.9731371786939587,-13.987510690493425
2019-11-14 20:00:00,22.1,71,16.5,0.0,100,0.0,12.8,10,-2.222696674136708,-12.605539238556265
2019-11-14 21:00:00,21.7,73,16.7,0.0,100,0.0,11.4,11,-2.175222547292611,-11.19054989130337
2019-11-14 22:00:00,21.7,75,17.0,0.0,100,0.0,8.9,14,-2.153104870837043,-8.635631963856369
2019-11-14 23:00:00,21.6,76,17.3,0.0,100,0.0,7.4,14,-1.790222027437541,-7.180188374442374
2019-11-15 00:00:00,21.6,77,17.4,0.0,100,0.0,7.3,11,-1.392905666248777,-7.165878439167947
2019-11-15 01:00:00,21.4,79,17.6,0.0,93,0.0,6.6,9,-1.0324674692655236,-6.518743047927909
2019-11-15 02:00:00,21.2,80,17.7,0.0,100,0.0,6.1,360,1.4940690949597709e-15,-6.1
2019-11-15 03:00:00,21.2,80,17.6,0.1,78,0.0,6.8,357,0.3558845024520217,-6.790680836331102
2019-11-15 04:00:00,21.1,81,17.7,0.0,83,0.0,6.8,3,-0.3558845024520181,-6.790680836331102
2019-11-15 05:00:00,20.8,82,17.6,0.0,77,0.0,7.9,3,-0.4134540543192563,-7.889173324561134
2019-11-15 06:00:00,20.7,83,17.6,0.0,59,0.0,8.0,10,-1.3891854213354426,-7.878462024097664
2019-11-15 07:00:00,20.8,83,17.9,0.0,59,10.0,6.9,6,-0.721246396546809,-6.862201078041086
2019-11-15 08:00:00,21.9,79,18.1,0.0,51,106.0,7.2,360,1.7634913907721889e-15,-7.2
2019-11-15 09:00:00,23.2,74,18.3,0.0,45,229.0,5.8,356,0.4045875477159287,-5.78587149150698
2019-11-15 10:00:00,24.1,71,18.4,0.0,41,323.0,2.6,326,1.453901549023941,-2.1554976886431088
2019-11-15 11:00:00,25.1,65,18.1,0.0,37,402.0,3.5,246,3.1974091017491038,1.4235782507653003
2019-11-15 12:00:00,25.7,62,17.9,0.0,60,407.0,5.0,240,4.330127018922193,2.500000000000002
2019-11-15 13:00:00,26.2,60,17.9,0.0,81,422.0,6.1,242,5.385980316439454,2.863776532993933
2019-11-15 14:00:00,26.4,60,18.0,0.0,74,359.0,7.0,258,6.847033205136639,1.4553818357243185
2019-11-15 15:00:00,25.8,62,18.1,0.0,60,222.0,8.8,289,8.32056346527399,-2.864999759222976
2019-11-15 16:00:00,25.3,63,17.9,0.0,56,104.0,10.0,319,6.560590289905074,-7.547095802227719
2019-11-15 17:00:00,24.6,65,17.7,0.0,61,33.0,8.1,347,1.8221035401853087,-7.892397524760404
2019-11-15 18:00:00,24.0,68,17.6,0.0,42,0.0,8.3,360,2.0329136865846065e-15,-8.3
2019-11-15 19:00:00,23.3,71,17.8,0.0,54,0.0,7.2,27,-3.2687315981247367,-6.415246974156249
2019-11-15 20:00:00,22.7,76,18.2,0.0,58,0.0,6.9,43,-4.70578868443124,-5.046340541172277
2019-11-15 21:00:00,22.1,81,18.6,0.0,59,0.0,6.7,36,-3.93816119035957,-5.420413862312148
2019-11-15 22:00:00,21.7,83,18.7,0.0,55,0.0,6.6,22,-2.472403516545019,-6.1194134401407965
2019-11-15 23:00:00,21.2,86,18.7,0.0,50,0.0,6.5,19,-2.1161930039715187,-6.14587074139556
2019-11-16 00:00:00,20.9,87,18.7,0.0,46,0.0,6.5,6,-0.6794350112397476,-6.4643923198937765
2019-11-16 01:00:00,20.9,88,18.7,0.0,52,0.0,5.8,7,-0.7068421917498553,-5.756767679519667
2019-11-16 02:00:00,20.6,88,18.6,0.0,48,0.0,4.8,13,-1.079765060850552,-4.676976310969129
2019-11-16 03:00:00,20.7,86,18.4,0.0,49,0.0,4.2,20,-1.4364846019678086,-3.946709007300816
2019-11-16 04:00:00,20.7,87,18.4,0.0,47,0.0,4.6,18,-1.421478174124758,-4.3748599749577055
2019-11-16 05:00:00,20.7,87,18.4,0.0,41,0.0,4.5,14,-1.0886485301985047,-4.366330768241984
2019-11-16 06:00:00,20.5,88,18.4,0.0,34,0.0,4.6,18,-1.421478174124758,-4.3748599749577055
2019-11-16 07:00:00,20.5,90,18.8,0.0,25,9.0,3.6,6,-0.3763024677635525,-3.580278823325784
2019-11-16 08:00:00,23.0,74,18.1,0.0,26,89.0,2.5,360,6.123233995736766e-16,-2.5
2019-11-16 09:00:00,24.1,70,18.4,0.0,31,202.0,2.1,301,1.800051331474436,-1.0815799573111138
2019-11-16 10:00:00,25.1,66,18.3,0.0,26,365.0,3.5,294,3.197409101749104,-1.4235782507652992
2019-11-16 11:00:00,25.7,64,18.3,0.0,24,395.0,4.6,288,4.374859974957706,-1.421478174124757
2019-11-16 12:00:00,26.3,62,18.5,0.0,19,479.0,5.5,281,5.398949508962152,-1.049449474570998
2019-11-16 13:00:00,26.8,60,18.4,0.0,50,387.0,6.0,287,5.737828535778212,-1.7542302283364202
2019-11-16 14:00:00,26.6,62,18.6,0.0,51,269.0,8.6,292,7.973781149274371,-3.2216167033768426
2019-11-16 15:00:00,26.2,62,18.3,0.0,25,284.0,10.0,300,8.660254037844386,-5.000000000000001
2019-11-16 16:00:00,25.6,64,18.2,0.0,33,149.0,10.3,306,8.33287504206196,-6.054188098612472
2019-11-16 17:00:00,24.7,67,18.2,0.0,27,41.0,7.6,315,5.374011537017762,-5.37401153701776
2019-11-16 18:00:00,23.9,71,18.3,0.0,29,0.0,7.6,329,3.914289369316414,-6.514471485336052
2019-11-16 19:00:00,23.3,74,18.3,0.0,25,0.0,7.1,336,2.887830165838181,-6.486172749262467
2019-11-16 20:00:00,22.7,77,18.4,0.0,23,0.0,7.1,336,2.887830165838181,-6.486172749262467
2019-11-16 21:00:00,22.1,81,18.6,0.0,21,0.0,5.6,333,2.542346798541463,-4.989636535454859
2019-11-16 22:00:00,21.2,85,18.7,0.0,21,0.0,6.1,332,2.863776532993933,-5.385980316439454
2019-11-16 23:00:00,20.8,88,18.7,0.0,16,0.0,6.8,342,2.101315561749644,-6.467184310807044
2019-11-17 00:00:00,20.3,90,18.6,0.0,14,0.0,7.0,348,1.4553818357243191,-6.847033205136639
2019-11-17 01:00:00,20.3,90,18.6,0.0,8,0.0,8.4,353,1.0237024846032368,-8.337387673787106
2019-11-17 02:00:00,20.4,89,18.5,0.0,6,0.0,9.7,356,0.6766377953180186,-9.676371287520292
2019-11-17 03:00:00,20.4,87,18.1,0.0,6,0.0,10.8,360,2.645237086158283e-15,-10.8
2019-11-17 04:00:00,20.4,86,18.0,0.0,5,0.0,10.8,2,-0.3769145643870105,-10.793420931806237
2019-11-17 05:00:00,20.3,86,18.0,0.0,1,0.0,10.8,2,-0.3769145643870105,-10.793420931806237
2019-11-17 06:00:00,20.2,87,18.0,0.0,1,0.0,11.2,2,-0.3908743630680108,-11.193177262613872
2019-11-17 07:00:00,20.5,86,18.1,0.0,1,13.0,12.3,5,-1.0720156357961954,-12.253194786528471
2019-11-17 08:00:00,22.5,77,18.3,0.0,0,122.0,11.9,360,2.9146593819707008e-15,-11.9
2019-11-17 09:00:00,24.5,66,17.9,0.0,0,290.0,12.3,355,1.0720156357961974,-12.253194786528471
2019-11-17 10:00:00,26.1,60,17.6,0.0,0,448.0,13.6,349,2.595002337121008,-13.35012969488823
2019-11-17 11:00:00,27.3,55,17.4,0.0,0,561.0,15.1,348,3.139466531348174,-14.770028771080463
2019-11-17 12:00:00,27.8,54,17.5,0.0,0,574.0,16.8,345,4.348159957722348,-16.22755388165635
2019-11-17 13:00:00,28.0,53,17.6,0.0,0,569.0,17.6,345,4.555215193804364,-17.000294542687605
2019-11-17 14:00:00,28.0,53,17.6,0.0,0,486.0,17.5,346,4.233633172994188,-16.980175209829937
2019-11-17 15:00:00,27.6,52,16.8,0.0,0,378.0,16.9,348,3.5137075748201414,-16.530694452401313
2019-11-17 16:00:00,27.0,53,16.7,0.0,0,207.0,15.3,351,2.393447315115536,-15.111631611105606
2019-11-17 17:00:00,25.7,59,17.1,0.0,0,52.0,12.4,350,2.153237403069937,-12.21161613735138
2019-11-17 18:00:00,24.3,65,17.4,0.0,0,0.0,13.0,354,1.3588700224794945,-12.928784639787551
2019-11-17 19:00:00,23.5,71,18.0,0.0,0,0.0,11.9,357,0.622797879291038,-11.88369146357943
2019-11-17 20:00:00,22.9,77,18.5,0.0,1,0.0,10.1,358,0.3524849166952583,-10.093847352892867
2019-11-17 21:00:00,22.4,81,18.9,0.0,1,0.0,8.6,358,0.300135671641507,-8.594761112364223
2019-11-17 22:00:00,22.1,84,19.2,0.0,1,0.0,8.6,360,2.1063924945334478e-15,-8.6
2019-11-17 23:00:00,21.9,86,19.4,0.0,5,0.0,8.6,2,-0.3001356716415083,-8.594761112364223
2019-11-18 00:00:00,21.6,88,19.5,0.0,12,0.0,9.0,360,2.204364238465236e-15,-9.0
2019-11-18 01:00:00,21.6,89,19.7,0.0,13,0.0,10.8,356,0.7533699164365569,-10.773691742806102
2019-11-18 02:00:00,21.7,90,19.9,0.0,22,0.0,12.3,355,1.0720156357961974,-12.253194786528471
2019-11-18 03:00:00,21.2,91,19.6,0.0,18,0.0,13.4,355,1.1678869528186215,-13.34900895442939
2019-11-18 04:00:00,21.2,92,19.8,0.0,9,0.0,14.1,354,1.473851332073913,-14.022758724692652
2019-11-18 05:00:00,21.2,93,20.0,0.0,11,0.0,15.2,353,1.8524140197582375,-15.086701504948095
2019-11-18 06:00:00,21.2,93,20.1,0.0,19,0.0,13.4,355,1.1678869528186215,-13.34900895442939
2019-11-18 07:00:00,21.7,90,20.1,0.0,34,9.0,14.0,1,-0.2443336901219691,-13.997867732189478
2019-11-18 08:00:00,23.1,84,20.2,0.0,36,56.0,14.1,3,-0.737936983025508,-14.080676440039491
2019-11-18 09:00:00,24.7,77,20.3,0.0,27,183.0,13.7,3,-0.7170026005283305,-13.68122462613766
2019-11-18 10:00:00,26.1,70,20.2,0.0,41,294.0,13.3,358,0.4641633061432609,-13.291897999353974
2019-11-18 11:00:00,27.0,66,20.1,0.0,46,333.0,14.6,351,2.283943189587374,-14.42024977268901
2019-11-18 12:00:00,27.4,65,20.2,0.0,58,290.0,17.5,352,2.435529266801153,-17.32969120297748
2019-11-18 13:00:00,27.7,63,19.9,0.0,55,377.0,18.0,358,0.6281909406450148,-17.989034886343724
2019-11-18 14:00:00,27.7,62,19.8,0.0,50,331.0,18.4,3,-0.9629815948701664,-18.37478343948416
2019-11-18 15:00:00,27.2,64,19.9,0.0,44,220.0,19.1,1,-0.333340962952115,-19.097090977487078
2019-11-18 16:00:00,26.4,67,19.8,0.0,54,116.0,20.5,2,-0.7154396824012699,-20.487511953891463
2019-11-18 17:00:00,25.3,71,19.6,0.0,62,29.0,20.5,1,-0.3577743319643119,-20.49687775070602
2019-11-18 18:00:00,24.1,74,19.3,0.0,64,0.0,20.6,5,-1.7954083006017585,-20.52161078068996
2019-11-18 19:00:00,23.6,75,18.9,0.0,54,0.0,20.0,7,-2.4373868681029496,-19.85092303282644
2019-11-18 20:00:00,23.3,75,18.6,0.0,60,0.0,20.5,3,-1.0728871029803486,-20.471905462468765
2019-11-18 21:00:00,23.1,74,18.2,0.0,59,0.0,20.9,3,-1.093821485477526,-20.871357276370592
2019-11-18 22:00:00,22.8,74,17.9,0.0,65,0.0,22.3,360,5.4619247241971945e-15,-22.3
2019-11-18 23:00:00,22.4,74,17.5,0.0,47,0.0,25.6,360,6.270191611634449e-15,-25.6
2019-11-19 00:00:00,22.2,74,17.2,0.0,40,0.0,24.9,2,-0.8689974678922741,-24.884831592775484
2019-11-19 01:00:00,22.0,73,17.0,0.0,46,0.0,23.4,1,-0.4083863106324341,-23.396436066659557
2019-11-19 02:00:00,21.9,73,16.7,0.0,51,0.0,22.3,1,-0.3891886635514223,-22.296603601987528
2019-11-19 03:00:00,21.9,73,16.8,0.0,65,0.0,22.0,1,-0.3839529416202372,-21.99664929344061
2019-11-19 04:00:00,21.8,73,16.7,0.0,77,0.0,22.7,2,-0.792218575146772,-22.686171773333477
2019-11-19 05:00:00,21.8,72,16.5,0.0,87,0.0,22.3,3,-1.1670918242176476,-22.269438625027
2019-11-19 06:00:00,21.5,73,16.5,0.0,95,0.0,21.7,6,-2.2682676529080803,-21.58112512949153
2019-11-19 07:00:00,21.6,73,16.6,0.0,92,3.0,20.6,5,-1.7954083006017585,-20.52161078068996
2019-11-19 08:00:00,22.2,70,16.5,0.2,82,32.0,21.6,3,-1.130456654847587,-21.5703979506988
2019-11-19 09:00:00,23.0,67,16.5,0.0,93,95.0,23.8,4,-1.6602040751101823,-23.74202439618381
2019-11-19 10:00:00,24.0,63,16.5,0.0,93,138.0,23.1,5,-2.013297657470904,-23.012097525919323
2019-11-19 11:00:00,24.8,59,16.4,0.0,100,164.0,22.3,2,-0.7782587764657717,-22.28641544252584
2019-11-19 12:00:00,25.0,58,16.2,0.0,93,141.0,24.5,2,-0.8550376692112738,-24.485075261967847
2019-11-19 13:00:00,25.2,57,16.2,0.0,90,117.0,24.2,3,-1.266530141079241,-24.166834741060686
2019-11-19 14:00:00,25.2,57,16.2,0.0,85,114.0,23.4,4,-1.632301485612532,-23.342998776079884
2019-11-19 15:00:00,24.1,60,15.8,0.1,83,91.0,22.7,2,-0.792218575146772,-22.686171773333477
2019-11-19 16:00:00,23.6,61,15.6,0.0,90,31.0,22.3,2,-0.7782587764657717,-22.28641544252584
2019-11-19 17:00:00,23.0,63,15.5,0.0,82,8.0,20.5,1,-0.3577743319643119,-20.49687775070602
2019-11-19 18:00:00,22.2,66,15.4,0.0,89,0.0,17.8,8,-2.477281197089165,-17.626771623599954
2019-11-19 19:00:00,21.7,68,15.5,0.0,89,0.0,14.8,6,-1.5470212563612715,-14.718924051450443
2019-11-19 20:00:00,21.6,69,15.6,0.0,83,0.0,15.1,359,0.2635313372029818,-15.097700196861508
2019-11-19 21:00:00,21.4,70,15.7,0.0,96,0.0,15.5,360,3.796405077356795e-15,-15.5
2019-11-19 22:00:00,21.3,71,15.8,0.0,96,0.0,14.4,360,3.5269827815443773e-15,-14.4
2019-11-19 23:00:00,21.2,72,15.9,0.0,96,0.0,14.8,360,3.624954525476166e-15,-14.8
2019-11-20 00:00:00,21.3,71,15.9,0.0,95,0.0,14.8,1,-0.258295615271796,-14.79774588831459
2019-11-20 01:00:00,21.2,72,16.0,0.0,83,0.0,14.4,4,-1.0044932219154044,-14.36492232374147
2019-11-20 02:00:00,21.1,73,16.1,0.0,85,0.0,11.9,5,-1.037153338697132,-11.854716907291772
2019-11-20 03:00:00,21.2,74,16.4,0.0,77,0.0,10.8,360,2.645237086158283e-15,-10.8
2019-11-20 04:00:00,21.0,75,16.5,0.0,75,0.0,12.2,360,2.9881381899195417e-15,-12.2
2019-11-20 05:00:00,20.9,76,16.5,0.0,72,0.0,14.1,3,-0.737936983025508,-14.080676440039491
2019-11-20 06:00:00,20.7,77,16.5,0.0,63,0.0,13.0,6,-1.3588700224794952,-12.928784639787551
2019-11-20 07:00:00,20.8,77,16.6,0.0,73,6.0,12.4,17,-3.625409138561936,-11.85817897394164
2019-11-20 08:00:00,22.1,71,16.5,0.0,74,73.0,11.1,13,-2.4969567032169016,-10.81550771911611
2019-11-20 09:00:00,23.5,65,16.7,0.0,76,220.0,9.5,9,-1.4861274178821933,-9.38303923565381
2019-11-20 10:00:00,24.4,64,17.2,0.0,67,252.0,8.0,355,0.6972459419812665,-7.969557584733964
2019-11-20 11:00:00,25.0,64,17.6,0.0,71,302.0,9.7,345,2.5105447374944503,-9.369480515003962
2019-11-20 12:00:00,25.3,63,17.8,0.0,59,270.0,11.3,351,1.7677094549546115,-11.160878248725057
2019-11-20 13:00:00,25.8,62,17.9,0.0,46,317.0,12.4,352,1.725746451904817,-12.279324052395472
2019-11-20 14:00:00,25.9,61,17.8,0.0,55,198.0,12.7,353,1.5477406612453697,-12.60533612584479
2019-11-20 15:00:00,26.0,58,17.2,0.0,47,204.0,12.6,358,0.4397336584515103,-12.592324420440606
2019-11-20 16:00:00,25.6,59,17.0,0.0,49,120.0,13.0,357,0.6803674311582768,-12.98218395180946
2019-11-20 17:00:00,24.9,61,16.9,0.0,49,36.0,12.2,2,-0.4257738597705118,-12.192568089632967
2019-11-20 18:00:00,23.6,66,16.9,0.0,57,0.0,13.7,5,-1.1940336756429168,-13.647867363856914
2019-11-20 19:00:00,22.8,69,16.9,0.0,60,0.0,15.1,3,-0.7902729392684519,-15.079305974794064
2019-11-20 20:00:00,22.3,72,17.0,0.0,69,0.0,13.7,5,-1.1940336756429168,-13.647867363856914
2019-11-20 21:00:00,21.8,75,17.2,0.0,77,0.0,11.2,6,-1.1707187885977188,-11.13864522812466
2019-11-20 22:00:00,21.6,76,17.3,0.0,72,0.0,11.5,2,-0.4013442120787611,-11.4929945107196
2019-11-20 23:00:00,21.4,78,17.4,0.0,83,0.0,11.6,7,-1.4136843834997106,-11.513535359039334
2019-11-21 00:00:00,21.3,79,17.5,0.0,80,0.0,9.9,10,-1.7191169589026103,-9.74959675482086
2019-11-21 01:00:00,21.2,80,17.6,0.0,78,0.0,8.8,12,-1.8296228791962823,-8.607698886457491
2019-11-21 02:00:00,20.9,81,17.6,0.0,67,0.0,8.9,14,-2.153104870837043,-8.635631963856369
2019-11-21 03:00:00,21.0,81,17.5,0.0,55,0.0,8.3,18,-2.564841053312064,-7.893769085249775
2019-11-21 04:00:00,20.8,82,17.6,0.0,62,0.0,7.6,8,-1.0577155672964973,-7.5260373224359345
2019-11-21 05:00:00,20.6,84,17.7,0.0,54,0.0,9.4,360,2.3023359823970247e-15,-9.4
2019-11-21 06:00:00,20.6,84,17.8,0.0,29,0.0,8.6,2,-0.3001356716415083,-8.594761112364223
2019-11-21 07:00:00,20.6,85,17.9,0.0,35,8.0,8.0,27,-3.631923997916374,-7.128052193506943
2019-11-21 08:00:00,22.3,76,17.9,0.0,40,91.0,5.6,15,-1.449386652574116,-5.409184627218783
2019-11-21 09:00:00,24.1,67,17.7,0.0,32,243.0,5.4,4,-0.3766849582182766,-5.386845871403051
2019-11-21 10:00:00,25.5,63,18.0,0.0,25,386.0,7.0,348,1.4553818357243191,-6.847033205136639
2019-11-21 11:00:00,26.5,60,18.2,0.0,12,477.0,10.0,347,2.249510543438653,-9.743700647852352
2019-11-21 12:00:00,27.3,57,18.1,0.0,6,567.0,13.5,351,2.1118652780431195,-13.33379259803436
2019-11-21 13:00:00,27.6,56,18.0,0.0,6,535.0,15.9,354,1.6620025659556894,-15.812898136355546
2019-11-21 14:00:00,27.6,55,17.9,0.0,9,426.0,17.7,358,0.6177210916342646,-17.689217638237995
2019-11-21 15:00:00,27.1,58,18.2,0.0,16,349.0,19.8,359,0.3455576474582145,-19.79698436409655
2019-11-21 16:00:00,26.3,62,18.3,0.0,16,192.0,21.2,360,5.1925024283847775e-15,-21.2
2019-11-21 17:00:00,24.9,68,18.5,0.0,11,45.0,20.9,360,5.119023620435936e-15,-20.9
2019-11-21 18:00:00,23.5,75,18.7,0.0,5,0.0,21.2,359,0.3699910164704114,-21.19677113731549
2019-11-21 19:00:00,22.7,79,18.8,0.0,7,0.0,21.3,2,-0.7433592797632707,-21.28702461550674
2019-11-21 20:00:00,22.4,80,18.9,0.0,5,0.0,22.3,2,-0.7782587764657717,-22.28641544252584
2019-11-21 21:00:00,22.3,82,19.0,0.0,16,0.0,24.1,2,-0.8410778705302734,-24.08531893116021
2019-11-21 22:00:00,22.2,82,19.0,0.0,27,0.0,24.5,1,-0.427583957713446,-24.496268531331587
2019-11-21 23:00:00,22.1,83,19.1,0.0,25,0.0,24.5,360,6.000769315822031e-15,-24.5
2019-11-22 00:00:00,21.9,85,19.3,0.0,32,0.0,24.5,360,6.000769315822031e-15,-24.5
2019-11-22 01:00:00,21.9,86,19.4,0.0,27,0.0,24.8,360,6.074248123770872e-15,-24.8
2019-11-22 02:00:00,21.9,86,19.5,0.0,35,0.0,25.2,2,-0.8794673169030244,-25.184648840881213
2019-11-22 03:00:00,21.9,83,18.9,0.0,27,0.0,24.5,2,-0.8550376692112738,-24.485075261967847
2019-11-22 04:00:00,21.9,84,19.1,0.0,21,0.0,24.9,2,-0.8689974678922741,-24.884831592775484
2019-11-22 05:00:00,21.7,86,19.3,0.0,15,0.0,24.5,1,-0.427583957713446,-24.496268531331587
2019-11-22 06:00:00,21.6,88,19.4,0.0,22,0.0,20.9,357,1.0938214854775372,-20.871357276370592
2019-11-22 07:00:00,21.7,87,19.5,0.0,13,8.0,22.7,360,5.559896468128984e-15,-22.7
2019-11-22 08:00:00,23.1,80,19.4,0.0,8,100.0,24.1,2,-0.8410778705302734,-24.08531893116021
2019-11-22 09:00:00,24.6,73,19.4,0.0,10,260.0,24.5,2,-0.8550376692112738,-24.485075261967847
2019-11-22 10:00:00,26.0,68,19.6,0.0,13,438.0,23.4,2,-0.8166482228385227,-23.38574535224684
2019-11-22 11:00:00,27.1,64,19.7,0.0,1,549.0,21.3,358,0.7433592797632675,-21.28702461550674
2019-11-22 12:00:00,27.8,62,19.9,0.0,2,607.0,19.2,355,1.6733902607550395,-19.126938203361515
2019-11-22 13:00:00,28.0,62,20.1,0.0,4,572.0,18.2,352,2.532950437473199,-18.02287885109658
2019-11-22 14:00:00,27.8,64,20.2,0.0,5,435.0,17.7,354,1.8501537998374653,-17.60303754801844
2019-11-22 15:00:00,27.1,66,20.3,0.0,3,293.0,17.3,359,0.3019266313650056,-17.29736512620557
2019-11-22 16:00:00,26.6,68,20.3,0.0,5,167.0,16.6,359,0.2897099468589071,-16.597471739596095
2019-11-22 17:00:00,25.5,73,20.3,0.0,4,35.0,15.1,359,0.2635313372029818,-15.097700196861508
2019-11-22 18:00:00,24.3,79,20.4,0.0,6,0.0,13.4,355,1.1678869528186215,-13.34900895442939
2019-11-22 19:00:00,23.5,83,20.5,0.0,2,0.0,12.6,358,0.4397336584515103,-12.592324420440606
2019-11-22 20:00:00,22.9,87,20.5,0.0,3,0.0,11.9,358,0.4153040107597598,-11.89275084152724
2019-11-22 21:00:00,22.4,90,20.6,0.0,3,0.0,10.5,356,0.7324429743133192,-10.474422527728152
2019-11-22 22:00:00,21.9,93,20.7,0.0,2,0.0,8.7,355,0.7582549619046273,-8.666893873398186
2019-11-22 23:00:00,21.3,96,20.6,0.0,0,0.0,8.0,352,1.113384807680527,-7.922144549932562
2019-11-23 00:00:00,20.9,98,20.5,0.0,45,0.0,6.9,354,0.7212463965468086,-6.862201078041086
2019-11-23 01:00:00,20.6,98,20.4,0.0,72,0.0,6.8,357,0.3558845024520217,-6.790680836331102
2019-11-23 02:00:00,20.5,98,20.2,0.0,78,0.0,7.2,6,-0.7526049355271051,-7.160557646651568
2019-11-23 03:00:00,20.3,99,20.1,0.0,77,0.0,6.2,10,-1.0766187015349682,-6.10580806867569
2019-11-23 04:00:00,20.2,99,20.1,0.0,83,0.0,5.4,8,-0.7515347451843534,-5.34744757120448
2019-11-23 05:00:00,20.1,100,20.1,0.0,84,0.0,4.7,4,-0.3278554265973889,-4.688551036221174
2019-11-23 06:00:00,19.8,99,19.7,0.0,90,0.0,5.5,349,1.0494494745709957,-5.398949508962152
2019-11-23 07:00:00,20.0,99,19.9,0.0,85,7.0,6.0,343,1.7542302283364228,-5.737828535778212
2019-11-23 08:00:00,22.2,97,21.7,0.0,35,89.0,7.1,330,3.550000000000003,-6.148780366869512
2019-11-23 09:00:00,24.2,84,21.4,0.0,24,217.0,9.0,337,3.516580156403465,-8.284543681071963
2019-11-23 10:00:00,25.8,75,21.0,0.0,43,405.0,10.5,338,3.93336923086708,-9.735430472951268
2019-11-23 11:00:00,26.6,70,20.8,0.0,78,476.0,9.8,336,3.986019102142842,-8.95274548489749
2019-11-23 12:00:00,27.3,66,20.5,0.0,78,514.0,10.2,328,5.405176495178691,-8.650090580795544
2019-11-23 13:00:00,27.6,65,20.4,0.0,72,480.0,12.1,323,7.281961780139784,-9.663489671572243
2019-11-23 14:00:00,27.5,65,20.4,0.0,61,354.0,12.9,324,7.582429754572907,-10.43631922743682
2019-11-23 15:00:00,27.3,66,20.5,0.0,29,240.0,13.5,331,6.544929873325548,-11.807366046381844
2019-11-23 16:00:00,26.6,69,20.5,0.0,27,119.0,13.9,339,4.981314498679681,-12.9767679283111
2019-11-23 17:00:00,25.6,75,20.7,0.0,24,37.0,13.1,344,3.610849361202686,-12.592528216791978
2019-11-23 18:00:00,24.5,80,20.8,0.0,18,0.0,13.8,351,2.158795617555189,-13.6300991002129
2019-11-23 19:00:00,23.8,84,20.9,0.0,11,0.0,13.0,355,1.1330246557195582,-12.950531075192693
2019-11-23 20:00:00,23.2,87,21.0,0.0,12,0.0,10.9,352,1.5169868004647182,-10.793921949283115
2019-11-23 21:00:00,22.7,91,21.1,0.0,9,0.0,9.5,349,1.8126854560771744,-9.325458242752807
2019-11-23 22:00:00,22.3,93,21.2,0.0,5,0.0,8.5,348,1.767249371950959,-8.314254606237347
2019-11-23 23:00:00,22.0,96,21.2,0.0,13,0.0,8.9,346,2.153104870837044,-8.635631963856369
2019-11-24 00:00:00,21.8,96,21.2,0.0,14,0.0,9.5,349,1.8126854560771744,-9.325458242752807
2019-11-24 01:00:00,21.7,96,21.1,0.0,13,0.0,9.4,353,1.145571828008384,-9.329933825428428
2019-11-24 02:00:00,21.5,97,21.0,0.0,10,0.0,9.4,360,2.3023359823970247e-15,-9.4
2019-11-24 03:00:00,21.5,96,20.9,0.0,12,0.0,9.7,356,0.6766377953180186,-9.676371287520292
2019-11-24 04:00:00,21.4,97,20.9,0.0,7,0.0,10.5,354,1.0975488643103608,-10.44247990136687
2019-11-24 05:00:00,21.3,97,20.8,0.0,9,0.0,11.2,354,1.1707187885977182,-11.13864522812466
2019-11-24 06:00:00,21.4,97,20.9,0.0,4,0.0,12.3,355,1.0720156357961974,-12.253194786528471
2019-11-24 07:00:00,21.5,96,20.9,0.0,4,8.0,13.4,352,1.8649195528648828,-13.26959212113704
2019-11-24 08:00:00,22.7,91,21.2,0.0,3,88.0,13.8,351,2.158795617555189,-13.6300991002129
2019-11-24 09:00:00,24.5,80,20.8,0.0,9,250.0,14.5,354,1.5156627173809745,-14.420567482839962
2019-11-24 10:00:00,26.0,71,20.3,0.0,7,410.0,13.0,357,0.6803674311582768,-12.98218395180946
2019-11-24 11:00:00,27.2,65,20.1,0.0,5,462.0,11.4,349,2.175222547292609,-11.19054989130337
2019-11-24 12:00:00,27.9,63,20.2,0.0,0,534.0,12.4,338,4.6451217583573134,-11.497079796628164
2019-11-24 13:00:00,28.2,61,20.1,0.0,6,519.0,14.2,339,5.08882488354327,-13.25684205626026
2019-11-24 14:00:00,28.2,61,20.0,0.0,6,413.0,14.5,346,3.507867486195184,-14.06928803100195
2019-11-24 15:00:00,27.9,61,19.7,0.0,14,312.0,14.8,346,3.5804440548750844,-14.360376748884748
2019-11-24 16:00:00,27.3,63,19.7,0.0,5,170.0,14.8,346,3.5804440548750844,-14.360376748884748
2019-11-24 17:00:00,26.2,68,19.8,0.0,6,40.0,12.8,350,2.222696674136709,-12.605539238556265
2019-11-24 18:00:00,25.2,73,19.9,0.0,1,0.0,10.9,354,1.1393602496174222,-10.84028865951418
2019-11-24 19:00:00,24.6,76,20.0,0.0,1,0.0,9.0,358,0.3140954703225074,-8.994517443171862
2019-11-24 20:00:00,24.0,80,20.3,0.0,2,0.0,7.8,347,1.7546182238821495,-7.600086505324834
2019-11-24 21:00:00,23.4,85,20.6,0.0,5,0.0,8.6,345,2.225843787881678,-8.306962106085987
2019-11-24 22:00:00,22.9,88,20.9,0.0,18,0.0,9.1,353,1.1090110249868397,-9.03216997993603
2019-11-24 23:00:00,22.6,90,21.0,0.0,13,0.0,8.6,2,-0.3001356716415083,-8.594761112364223
2019-11-25 00:00:00,22.3,93,21.0,0.0,14,0.0,7.6,3,-0.3977532674463731,-7.589584464134761
2019-11-25 01:00:00,21.7,96,21.0,0.0,8,0.0,6.8,357,0.3558845024520217,-6.790680836331102
2019-11-25 02:00:00,21.5,97,20.9,0.0,12,0.0,7.7,349,1.469229264399394,-7.558529312547013
2019-11-25 03:00:00,21.7,96,21.0,0.0,11,0.0,8.3,355,0.7233926648055641,-8.268415994161488
2019-11-25 04:00:00,21.7,95,20.9,0.0,17,0.0,8.3,2,-0.2896658226307581,-8.294943864258496
2019-11-25 05:00:00,21.5,96,20.8,0.0,18,0.0,8.0,8,-1.1133848076805235,-7.922144549932563
2019-11-25 06:00:00,21.2,98,20.8,0.0,13,0.0,8.8,351,1.3766232923540338,-8.691657397237211
2019-11-25 07:00:00,21.4,97,20.8,0.0,15,6.0,8.6,360,2.1063924945334478e-15,-8.6
2019-11-25 08:00:00,23.0,90,21.2,0.0,15,66.0,9.7,4,-0.6766377953180154,-9.676371287520292
2019-11-25 09:00:00,24.8,78,20.8,0.0,11,231.0,10.5,6,-1.0975488643103617,-10.44247990136687
2019-11-25 10:00:00,26.1,72,20.7,0.0,8,376.0,10.1,2,-0.3524849166952598,-10.093847352892867
2019-11-25 11:00:00,27.1,68,20.6,0.0,5,462.0,10.5,354,1.0975488643103608,-10.44247990136687
2019-11-25 12:00:00,27.6,65,20.5,0.0,6,456.0,11.7,349,2.2324652459055723,-11.485038046337667
2019-11-25 13:00:00,28.0,64,20.4,0.0,5,481.0,13.1,351,2.0492914920270278,-12.938717261796302
2019-11-25 14:00:00,27.8,63,20.2,0.0,9,357.0,14.2,353,1.7305446763530905,-14.094155353306771
2019-11-25 15:00:00,27.8,60,19.5,0.0,5,291.0,14.8,357,0.7745721523955768,-14.779717114367694
2019-11-25 16:00:00,27.2,62,19.4,0.0,10,138.0,15.9,356,1.1091279325315977,-15.861268399131204
2019-11-25 17:00:00,25.9,67,19.3,0.0,10,35.0,16.7,353,2.0352180348659585,-16.575520732410077
2019-11-25 18:00:00,24.5,72,19.1,0.0,11,0.0,18.8,356,1.311421706389562,-18.754204144884696
2019-11-25 19:00:00,23.7,75,18.9,0.0,23,0.0,18.0,2,-0.6281909406450175,-17.989034886343724
2019-11-25 20:00:00,23.2,76,18.8,0.0,33,0.0,15.9,4,-1.1091279325315924,-15.861268399131204
2019-11-25 21:00:00,22.8,78,18.8,0.0,42,0.0,13.7,5,-1.1940336756429168,-13.647867363856914
2019-11-25 22:00:00,22.6,79,18.8,0.0,38,0.0,13.3,2,-0.4641633061432629,-13.291897999353974
2019-11-25 23:00:00,22.4,80,18.8,0.0,55,0.0,13.0,2,-0.4536934571325126,-12.992080751248244
2019-11-26 00:00:00,22.4,80,18.8,0.0,56,0.0,12.6,3,-0.6594330486610923,-12.58273213790763
2019-11-26 01:00:00,22.2,81,18.7,0.0,50,0.0,11.5,2,-0.4013442120787611,-11.4929945107196
2019-11-26 02:00:00,22.3,80,18.7,0.0,48,0.0,11.5,2,-0.4013442120787611,-11.4929945107196
2019-11-26 03:00:00,22.1,81,18.6,0.0,63,0.0,11.2,2,-0.3908743630680108,-11.193177262613872
2019-11-26 04:00:00,22.0,81,18.6,0.0,58,0.0,11.5,2,-0.4013442120787611,-11.4929945107196
2019-11-26 05:00:00,21.8,82,18.5,0.0,55,0.0,11.9,360,2.9146593819707008e-15,-11.9
2019-11-26 06:00:00,21.7,82,18.4,0.0,68,0.0,11.9,2,-0.4153040107597615,-11.89275084152724
2019-11-26 07:00:00,21.7,82,18.5,0.0,73,5.0,11.2,360,2.743208830090071e-15,-11.2
2019-11-26 08:00:00,22.6,77,18.5,0.0,72,49.0,10.8,358,0.3769145643870089,-10.793420931806237
2019-11-26 09:00:00,23.9,72,18.4,0.0,66,164.0,10.1,358,0.3524849166952583,-10.093847352892867
2019-11-26 10:00:00,25.2,68,18.9,0.0,64,336.0,8.4,350,1.4586446924022154,-8.272385125302547
2019-11-26 11:00:00,26.1,66,19.3,0.0,62,392.0,7.1,336,2.887830165838181,-6.486172749262467
2019-11-26 12:00:00,26.7,64,19.4,0.0,62,437.0,7.4,331,3.587591189822893,-6.47218583283153
2019-11-26 13:00:00,27.1,63,19.4,0.0,44,488.0,9.8,332,4.60082131530173,-8.652886410017485
2019-11-26 14:00:00,27.0,62,19.2,0.0,44,394.0,11.5,340,3.933231648245189,-10.806465139037948
2019-11-26 15:00:00,26.8,64,19.3,0.0,31,292.0,12.2,346,2.951447126315948,-11.837607860567156
2019-11-26 16:00:00,26.3,64,19.0,0.0,40,157.0,13.6,349,2.595002337121008,-13.35012969488823
2019-11-26 17:00:00,25.5,67,18.8,0.0,38,36.0,13.1,352,1.823167622576863,-12.97251170051457
2019-11-26 18:00:00,24.1,71,18.6,0.0,29,0.0,14.5,353,1.7671054793746348,-14.39191919879917
2019-11-26 19:00:00,23.4,74,18.4,0.0,24,0.0,14.4,356,1.0044932219154092,-14.36492232374147
2019-11-26 20:00:00,22.8,77,18.5,0.0,14,0.0,13.8,354,1.442492793093617,-13.724402156082173
2019-11-26 21:00:00,22.4,79,18.7,0.0,11,0.0,13.8,353,1.681796938991032,-13.697136892650246
2019-11-26 22:00:00,22.1,82,18.8,0.0,15,0.0,13.8,353,1.681796938991032,-13.697136892650246
2019-11-26 23:00:00,21.8,84,18.9,0.0,19,0.0,13.7,355,1.1940336756429188,-13.647867363856914
2019-11-27 00:00:00,21.6,85,19.0,0.0,11,0.0,13.0,357,0.6803674311582768,-12.98218395180946
2019-11-27 01:00:00,21.3,87,19.1,0.0,15,0.0,13.3,357,0.6960682180311601,-13.281772812235833
2019-11-27 02:00:00,21.0,89,19.2,0.0,11,0.0,14.0,359,0.2443336901219698,-13.997867732189478
2019-11-27 03:00:00,21.3,87,19.1,0.0,9,0.0,14.4,359,0.2513146526968833,-14.397806810252035
2019-11-27 04:00:00,21.2,88,19.1,0.0,9,0.0,15.1,357,0.79027293926846,-15.079305974794064
2019-11-27 05:00:00,21.1,89,19.1,0.0,17,0.0,14.8,360,3.624954525476166e-15,-14.8
2019-11-27 06:00:00,21.0,89,19.1,0.0,14,0.0,13.0,360,3.1840816777831178e-15,-13.0
2019-11-27 07:00:00,20.9,90,19.2,0.0,20,5.0,11.9,2,-0.4153040107597615,-11.89275084152724
2019-11-27 08:00:00,22.4,82,19.2,0.0,10,88.0,9.7,356,0.6766377953180186,-9.676371287520292
2019-11-27 09:00:00,23.9,74,19.0,0.0,24,195.0,7.6,352,1.0577155672965006,-7.526037322435934
2019-11-27 10:00:00,25.3,67,18.8,0.0,20,316.0,6.3,347,1.4171916423663515,-6.1385314081469815
2019-11-27 11:00:00,26.3,63,18.7,0.0,25,403.0,5.6,333,2.542346798541463,-4.989636535454859
2019-11-27 12:00:00,26.9,61,18.8,0.0,13,403.0,6.3,329,3.244739871933344,-5.400153994423306
2019-11-27 13:00:00,27.1,61,18.9,0.0,9,323.0,7.9,330,3.950000000000004,-6.841600689897064
2019-11-27 14:00:00,27.2,61,18.9,0.0,14,362.0,9.5,335,4.014873486536643,-8.609923976848176
2019-11-27 15:00:00,27.0,63,19.3,0.0,11,308.0,12.6,340,4.309453805903424,-11.840127021902443
2019-11-27 16:00:00,26.5,64,19.1,0.0,7,168.0,15.2,346,3.6772128131149513,-14.748495039395143
2019-11-27 17:00:00,25.4,68,19.0,0.0,7,37.0,14.3,350,2.4831689406371047,-14.082750868074577
2019-11-27 18:00:00,24.0,74,19.0,0.0,4,0.0,15.7,349,2.995701227411751,-15.411546780128324
2019-11-27 19:00:00,23.0,78,19.0,0.0,3,0.0,17.7,355,1.5426566466335525,-17.632646156223895
2019-11-27 20:00:00,22.4,81,19.0,0.0,5,0.0,18.0,357,0.9420472123729986,-17.975331625582328
2019-11-27 21:00:00,21.9,83,18.9,0.0,7,0.0,18.0,358,0.6281909406450148,-17.989034886343724
2019-11-27 22:00:00,21.5,85,18.8,0.0,8,0.0,18.0,359,0.3141433158711041,-17.997258512815044
2019-11-27 23:00:00,21.2,86,18.7,0.0,4,0.0,16.6,359,0.2897099468589071,-16.597471739596095
2019-11-28 00:00:00,20.9,87,18.6,0.0,13,0.0,16.2,356,1.1300548746548351,-16.16053761420915
2019-11-28 01:00:00,20.7,88,18.6,0.0,9,0.0,17.0,355,1.4816476267101917,-16.935309867559674
2019-11-28 02:00:00,20.5,87,18.3,0.0,9,0.0,18.8,357,0.983915977367354,-18.77423525338599
2019-11-28 03:00:00,20.3,87,18.0,0.0,8,0.0,19.4,1,-0.3385766848833001,-19.39704528603399
2019-11-28 04:00:00,20.1,86,17.7,0.0,3,0.0,19.8,2,-0.6910100347095192,-19.787938374978097
2019-11-28 05:00:00,19.9,85,17.4,0.0,7,0.0,19.8,1,-0.3455576474582135,-19.79698436409655
2019-11-28 06:00:00,19.8,85,17.2,0.0,3,0.0,18.4,359,0.3211242784460175,-18.3971975908776
2019-11-28 07:00:00,19.9,83,17.0,0.0,3,6.0,19.1,358,0.6665803870177658,-19.08836479606473
2019-11-28 08:00:00,21.2,75,16.6,0.0,5,102.0,20.9,359,0.3647552945392264,-20.89681682876857
2019-11-28 09:00:00,22.6,67,16.1,0.0,2,263.0,22.3,1,-0.3891886635514223,-22.296603601987528
2019-11-28 10:00:00,23.7,61,15.7,0.0,0,383.0,23.8,1,-0.4153672732073475,-23.796375144722116
2019-11-28 11:00:00,24.6,57,15.4,0.0,0,501.0,25.2,360,6.17221986770266e-15,-25.2
2019-11-28 12:00:00,24.9,55,15.2,0.0,0,553.0,25.9,360,6.343670419583289e-15,-25.9
2019-11-28 13:00:00,25.0,54,15.1,0.0,4,558.0,27.4,360,6.711064459327495e-15,-27.4
2019-11-28 14:00:00,24.7,55,15.0,0.0,5,485.0,28.4,1,-0.4956483428188517,-28.395674542441512
2019-11-28 15:00:00,24.0,57,15.0,0.0,3,354.0,28.1,1,-0.4904126208876667,-28.0957202338946
2019-11-28 16:00:00,22.9,60,14.8,0.0,4,182.0,26.6,1,-0.4642340112317414,-26.59594869116001
2019-11-28 17:00:00,21.6,64,14.6,0.0,6,48.0,24.5,359,0.4275839577134472,-24.496268531331587
2019-11-28 18:00:00,20.4,69,14.5,0.0,12,0.0,22.7,359,0.3961696261263368,-22.69654268005008
2019-11-28 19:00:00,19.8,71,14.4,0.0,16,0.0,20.9,1,-0.3647552945392254,-20.89681682876857
2019-11-28 20:00:00,19.6,72,14.3,0.0,28,0.0,19.1,359,0.333340962952116,-19.097090977487078
2019-11-28 21:00:00,19.4,72,14.2,0.0,50,0.0,18.7,359,0.3263600003772026,-18.697151899424515
2019-11-28 22:00:00,19.2,72,14.0,0.0,64,0.0,18.0,358,0.6281909406450148,-17.989034886343724
2019-11-28 23:00:00,19.0,72,13.9,0.0,76,0.0,17.6,359,0.3071623532961907,-17.59731943475249
2019-11-29 00:00:00,18.8,73,13.8,0.0,80,0.0,17.3,360,4.237277925049842e-15,-17.3
2019-11-29 01:00:00,18.7,73,13.8,0.0,72,0.0,16.2,360,3.967855629237425e-15,-16.2
2019-11-29 02:00:00,18.8,73,13.9,0.0,71,0.0,15.8,359,0.2757480217090802,-15.797593583470984
2019-11-29 03:00:00,19.0,73,14.0,0.0,61,0.0,15.1,360,3.698433333425007e-15,-15.1
2019-11-29 04:00:00,18.8,74,14.1,0.0,41,0.0,14.1,3,-0.737936983025508,-14.080676440039491
2019-11-29 05:00:00,18.6,75,14.2,0.0,31,0.0,13.0,3,-0.6803674311582698,-12.98218395180946
2019-11-29 06:00:00,18.6,76,14.3,0.0,14,0.0,10.1,2,-0.3524849166952598,-10.093847352892867
2019-11-29 07:00:00,18.7,76,14.4,0.0,2,5.0,11.9,360,2.9146593819707008e-15,-11.9
2019-11-29 08:00:00,19.8,70,14.3,0.0,8,82.0,13.3,2,-0.4641633061432629,-13.291897999353974
2019-11-29 09:00:00,21.1,65,14.3,0.0,5,225.0,12.3,3,-0.6437322617882092,-12.283143277481258
2019-11-29 10:00:00,22.3,62,14.7,0.0,1,334.0,10.4,2,-0.3629547657060101,-10.393664600998596
2019-11-29 11:00:00,23.3,59,15.0,0.0,0,465.0,9.7,356,0.6766377953180186,-9.676371287520292
2019-11-29 12:00:00,24.1,57,15.1,0.0,2,526.0,10.2,350,1.7712114122026898,-10.04503908072452
2019-11-29 13:00:00,24.4,56,15.0,0.0,3,473.0,11.4,349,2.175222547292609,-11.19054989130337
2019-11-29 14:00:00,24.4,56,15.0,0.0,10,362.0,12.4,350,2.153237403069937,-12.21161613735138
2019-11-29 15:00:00,24.5,52,14.1,0.0,16,321.0,14.2,353,1.7305446763530905,-14.094155353306771
2019-11-29 16:00:00,23.8,54,13.9,0.0,30,126.0,15.8,359,0.2757480217090802,-15.797593583470984
2019-11-29 17:00:00,22.8,57,13.8,0.0,50,29.0,13.4,5,-1.1678869528186195,-13.34900895442939
2019-11-29 18:00:00,21.9,61,14.1,0.0,64,0.0,11.9,5,-1.037153338697132,-11.854716907291772
2019-11-29 19:00:00,21.3,65,14.3,0.0,85,0.0,10.6,10,-1.8406706832694613,-10.438962181929403
2019-11-29 20:00:00,20.9,67,14.5,0.0,90,0.0,9.3,13,-2.092044805397945,-9.06164160250269
2019-11-29 21:00:00,20.4,70,14.9,0.0,100,0.0,7.4,14,-1.790222027437541,-7.180188374442374
2019-11-29 22:00:00,20.2,73,15.2,0.0,100,0.0,7.6,3,-0.3977532674463731,-7.589584464134761
2019-11-29 23:00:00,20.1,75,15.5,0.0,94,0.0,8.6,2,-0.3001356716415083,-8.594761112364223
2019-11-30 00:00:00,19.6,78,15.8,0.0,68,0.0,8.0,8,-1.1133848076805235,-7.922144549932563
2019-11-30 01:00:00,19.3,81,16.0,0.0,76,0.0,9.5,11,-1.812685456077176,-9.325458242752807
2019-11-30 02:00:00,19.1,83,16.1,0.0,68,0.0,8.7,17,-2.543633831087809,-8.319851376878407
2019-11-30 03:00:00,19.1,83,16.2,0.0,58,0.0,8.6,22,-3.221616703376843,-7.973781149274371
2019-11-30 04:00:00,19.2,83,16.3,0.0,53,0.0,8.0,27,-3.631923997916374,-7.128052193506943
2019-11-30 05:00:00,18.9,86,16.4,0.0,46,0.0,6.0,25,-2.5357095704441965,-5.437846722219899
2019-11-30 06:00:00,18.6,88,16.6,0.0,43,0.0,5.2,348,1.0811407922523513,-5.086367523815789
2019-11-30 07:00:00,18.5,89,16.6,0.0,41,5.0,4.7,351,0.7352419856890862,-4.642135200797148
2019-11-30 08:00:00,20.4,82,17.3,0.0,35,65.0,4.3,360,1.0531962472667237e-15,-4.3
2019-11-30 09:00:00,22.2,68,16.0,0.0,23,206.0,4.7,351,0.7352419856890862,-4.642135200797148
2019-11-30 10:00:00,23.3,63,15.7,0.0,26,338.0,6.3,336,2.562440851377541,-5.755336383148386
2019-11-30 11:00:00,24.2,59,15.7,0.0,21,428.0,7.4,331,3.587591189822893,-6.47218583283153
2019-11-30 12:00:00,24.8,57,15.7,0.0,17,490.0,9.2,321,5.789747597658508,-7.149742845404129
2019-11-30 13:00:00,25.2,56,15.9,0.0,18,479.0,11.5,316,7.988571260278472,-8.272407703894485
2019-11-30 14:00:00,25.2,57,16.0,0.0,25,420.0,12.7,317,8.661379172793728,-9.288192010563469
2019-11-30 15:00:00,24.5,60,16.1,0.0,40,235.0,13.6,320,8.741911491736937,-10.418204426418098
2019-11-30 16:00:00,23.7,63,16.3,0.0,39,107.0,13.3,327,7.2436991656998595,-11.15431855367414
2019-11-30 17:00:00,22.9,68,16.6,0.0,52,33.0,10.1,333,4.585304047369425,-8.999165894302514
2019-11-30 18:00:00,22.0,73,17.0,0.0,57,0.0,10.6,342,3.275580140374445,-10.081199072728626
2019-11-30 19:00:00,21.3,78,17.4,0.0,71,0.0,10.8,345,2.7952456871072235,-10.431998923921938
2019-11-30 20:00:00,20.9,83,17.8,0.0,78,0.0,10.0,345,2.588190451025207,-9.659258262890685
2019-11-30 21:00:00,20.6,86,18.2,0.0,74,0.0,9.9,341,3.223124729125852,-9.360633898433235
2019-11-30 22:00:00,20.3,89,18.4,0.0,66,0.0,10.6,336,4.311408416603482,-9.68358185101157
2019-11-30 23:00:00,19.9,91,18.4,0.0,100,0.0,10.7,340,3.659615533584654,-10.05471104240922
2019-12-01 00:00:00,19.8,91,18.4,0.2,100,0.0,10.8,345,2.7952456871072235,-10.431998923921938
2019-12-01 01:00:00,19.7,92,18.4,0.3,100,0.0,10.6,350,1.840670683269462,-10.438962181929403
2019-12-01 02:00:00,19.5,92,18.3,0.2,86,0.0,10.5,354,1.0975488643103608,-10.44247990136687
2019-12-01 03:00:00,19.6,92,18.3,0.0,72,0.0,11.5,356,0.8021994480574448,-11.47198657798798
2019-12-01 04:00:00,19.6,91,18.1,0.0,62,0.0,12.3,357,0.6437322617882157,-12.283143277481258
2019-12-01 05:00:00,19.5,91,17.9,0.0,42,0.0,12.2,360,2.9881381899195417e-15,-12.2
2019-12-01 06:00:00,19.3,91,17.8,0.0,39,0.0,13.3,358,0.4641633061432609,-13.291897999353974
2019-12-01 07:00:00,19.4,91,17.9,0.0,41,4.0,13.3,2,-0.4641633061432629,-13.291897999353974
2019-12-01 08:00:00,20.2,88,18.1,0.0,37,59.0,13.3,3,-0.696068218031153,-13.281772812235833
2019-12-01 09:00:00,21.6,80,18.0,0.0,20,209.0,11.6,5,-1.0110066158728348,-11.555858497864248
2019-12-01 10:00:00,23.2,70,17.5,0.0,13,357.0,9.7,4,-0.6766377953180154,-9.676371287520292
2019-12-01 11:00:00,24.7,60,16.5,0.0,10,516.0,10.1,4,-0.7045403848156655,-10.075396907624224
2019-12-01 12:00:00,25.6,55,15.9,0.0,9,548.0,12.0,353,1.4624321208617668,-11.910553819695863
2019-12-01 13:00:00,26.0,53,15.7,0.0,5,502.0,14.7,343,4.297864059424236,-14.05767991265662
2019-12-01 14:00:00,26.1,51,15.3,0.0,2,439.0,16.9,344,4.6582713133072815,-16.245322661357587
2019-12-01 15:00:00,26.2,50,14.8,0.0,4,331.0,17.3,348,3.596872251147246,-16.921953492694836
2019-12-01 16:00:00,25.4,52,15.0,0.0,1,168.0,16.5,350,2.8651949315043512,-16.249327924701433
2019-12-01 17:00:00,24.1,58,15.4,0.0,0,47.0,15.0,349,2.86213493064817,-14.72440775171496
2019-12-01 18:00:00,22.6,67,16.1,0.0,4,0.0,15.6,352,2.171100374977028,-15.448181872368496
2019-12-01 19:00:00,21.7,73,16.7,0.0,1,0.0,16.6,358,0.5793316452615137,-16.58988772851699
2019-12-01 20:00:00,21.0,77,16.9,0.0,5,0.0,16.9,1,-0.2949456687900913,-16.89742604814301
2019-12-01 21:00:00,20.5,80,16.9,0.0,0,0.0,17.0,6,-1.776983875550109,-16.906872221260645
2019-12-01 22:00:00,20.1,82,16.9,0.0,1,0.0,15.7,9,-2.4560211011316246,-15.506706947343664
2019-12-01 23:00:00,19.6,85,17.0,0.0,1,0.0,15.2,4,-1.0602984009107046,-15.162973563949327
2019-12-02 00:00:00,19.4,88,17.3,0.0,1,0.0,16.2,1,-0.2827289842839929,-16.197532661533536
2019-12-02 01:00:00,19.2,90,17.5,0.0,4,0.0,18.4,1,-0.3211242784460166,-18.3971975908776
2019-12-02 02:00:00,19.0,91,17.5,0.0,8,0.0,20.2,3,-1.0571863161074655,-20.17231660204239
2019-12-02 03:00:00,19.1,90,17.4,0.0,13,0.0,21.3,3,-1.1147558679747036,-21.270809090272422
2019-12-02 04:00:00,18.8,90,17.1,0.0,15,0.0,21.3,4,-1.4858128907498689,-21.248114270534256
2019-12-02 05:00:00,18.7,87,16.6,0.0,8,0.0,21.6,4,-1.5067398328731063,-21.547383485612205
2019-12-02 06:00:00,18.6,84,15.8,0.0,4,0.0,20.9,2,-0.7293994810822702,-20.8872682846991
2019-12-02 07:00:00,18.6,80,15.1,0.0,3,5.0,22.7,4,-1.5834719539916444,-22.644703940898008
2019-12-02 08:00:00,19.3,74,14.5,0.0,1,101.0,26.7,3,-1.3973700316866005,-26.66340857794712
2019-12-02 09:00:00,20.3,67,13.9,0.0,4,279.0,28.9,4,-2.015962091205221,-28.82960105250892
2019-12-02 10:00:00,21.0,62,13.3,0.0,7,428.0,31.0,3,-1.622414643531259,-30.95751557739179
2019-12-02 11:00:00,21.4,58,12.8,0.0,5,528.0,32.1,3,-1.679984195398497,-32.056008065621825
2019-12-02 12:00:00,21.7,55,12.4,0.0,16,599.0,32.8,2,-1.1447034918420318,-32.780019126226335
2019-12-02 13:00:00,21.7,54,12.1,0.0,11,563.0,33.5,1,-0.5846556156489976,-33.494897787739106
2019-12-02 14:00:00,21.4,54,11.8,0.0,12,447.0,33.9,2,-1.1830929382147828,-33.87934903594734
2019-12-02 15:00:00,21.0,56,12.0,0.0,8,359.0,34.2,2,-1.1935627872255332,-34.179166284053075
2019-12-02 16:00:00,19.9,60,11.8,0.0,5,176.0,33.1,1,-0.5776746530740843,-33.094958709676554
2019-12-02 17:00:00,18.5,64,11.6,0.0,5,50.0,30.6,1,-0.5340436369808755,-30.59533947178557
2019-12-02 18:00:00,17.6,67,11.3,0.0,5,0.0,28.4,359,0.495648342818853,-28.395674542441512
2019-12-02 19:00:00,17.1,67,10.9,0.0,3,0.0,27.7,2,-0.9667160586592768,-27.683125908428952
2019-12-02 20:00:00,16.9,66,10.5,0.0,2,0.0,27.0,3,-1.4130708185594836,-26.96299743837349
2019-12-02 21:00:00,16.7,65,10.2,0.0,6,0.0,25.9,2,-0.9038969645947752,-25.88422241979458
2019-12-02 22:00:00,16.5,65,9.9,0.0,14,0.0,24.2,3,-1.266530141079241,-24.166834741060686
2019-12-02 23:00:00,16.5,65,9.8,0.0,36,0.0,22.0,4,-1.5346424223707569,-21.94640910571613
2019-12-03 00:00:00,16.6,64,9.8,0.0,66,0.0,19.8,3,-1.036251933610288,-19.772864788140563
2019-12-03 01:00:00,16.5,65,9.9,0.0,62,0.0,18.0,3,-0.942047212372989,-17.975331625582328
2019-12-03 02:00:00,16.4,65,9.9,0.0,65,0.0,17.0,4,-1.18586005365013,-16.958588854417012
2019-12-03 03:00:00,16.8,63,9.7,0.0,46,0.0,15.9,4,-1.1091279325315924,-15.861268399131204
2019-12-03 04:00:00,16.6,65,9.9,0.0,43,0.0,14.8,4,-1.0323958114130545,-14.763947943845398
2019-12-03 05:00:00,16.6,66,10.2,0.0,51,0.0,13.7,5,-1.1940336756429168,-13.647867363856914
2019-12-03 06:00:00,16.4,68,10.5,0.0,37,0.0,10.9,8,-1.5169868004647131,-10.793921949283115
2019-12-03 07:00:00,16.4,69,10.8,0.0,38,5.0,11.4,11,-2.175222547292611,-11.19054989130337
2019-12-03 08:00:00,17.6,65,10.9,0.0,63,67.0,13.1,8,-1.8231676225768567,-12.972511700514572
2019-12-03 09:00:00,18.9,59,10.7,0.0,59,183.0,12.4,8,-1.7257464519048116,-12.279324052395474
2019-12-03 10:00:00,20.0,57,11.2,0.0,66,305.0,8.4,7,-1.0237024846032388,-8.337387673787106
2019-12-03 11:00:00,21.0,54,11.5,0.0,54,410.0,3.3,347,0.7423384793347556,-3.215421213791276
2019-12-03 12:00:00,21.8,52,11.6,0.0,56,431.0,4.0,297,3.564026096753472,-1.8159619989581863
2019-12-03 13:00:00,22.3,51,11.7,0.0,35,418.0,7.1,319,4.658019105832603,-5.35843801958168
2019-12-03 14:00:00,22.2,51,11.6,0.0,61,247.0,9.0,337,3.516580156403465,-8.284543681071963
2019-12-03 15:00:00,22.1,50,11.1,0.0,85,230.0,12.0,351,1.8772135804827728,-11.852260087141651
2019-12-03 16:00:00,21.8,50,11.0,0.0,95,113.0,14.4,360,3.5269827815443773e-15,-14.4
2019-12-03 17:00:00,21.1,53,11.2,0.0,98,33.0,12.7,7,-1.5477406612453728,-12.605336125844788
2019-12-03 18:00:00,20.1,59,11.8,0.0,86,0.0,13.1,16,-3.610849361202689,-12.592528216791978
2019-12-03 19:00:00,19.5,62,12.1,0.0,91,0.0,13.7,18,-4.23353282293678,-13.029474273243602
2019-12-03 20:00:00,19.0,65,12.2,0.0,88,0.0,12.8,16,-3.5281581544575893,-12.304149708010485
2019-12-03 21:00:00,18.7,66,12.3,0.0,94,0.0,12.8,11,-2.4423551408197737,-12.5648279481301
2019-12-03 22:00:00,18.5,67,12.3,0.0,92,0.0,13.4,8,-1.864919552864877,-13.269592121137045
2019-12-03 23:00:00,18.3,68,12.3,0.0,82,0.0,13.0,6,-1.3588700224794952,-12.928784639787551
2019-12-04 00:00:00,18.1,69,12.3,0.0,70,0.0,12.7,7,-1.5477406612453728,-12.605336125844788
2019-12-04 01:00:00,18.0,70,12.4,0.0,77,0.0,13.7,5,-1.1940336756429168,-13.647867363856914
2019-12-04 02:00:00,18.2,69,12.4,0.0,89,0.0,15.5,4,-1.0812253430339422,-15.462242779027276
2019-12-04 03:00:00,17.9,70,12.3,0.0,84,0.0,17.0,5,-1.4816476267101888,-16.935309867559674
2019-12-04 04:00:00,18.0,69,12.2,0.0,95,0.0,17.0,5,-1.4816476267101888,-16.935309867559674
2019-12-04 05:00:00,17.9,69,12.1,0.0,93,0.0,15.9,4,-1.1091279325315924,-15.861268399131204
2019-12-04 06:00:00,18.0,69,12.2,0.0,92,0.0,15.5,3,-0.8112073217656295,-15.478757788695894
2019-12-04 07:00:00,18.2,68,12.3,0.0,60,2.0,15.2,7,-1.8524140197582413,-15.086701504948094
2019-12-04 08:00:00,19.0,65,12.4,0.0,66,20.0,15.5,1,-0.2705122997778944,-15.497639274924063
2019-12-04 09:00:00,19.8,62,12.3,0.0,77,33.0,16.6,359,0.2897099468589071,-16.597471739596095
2019-12-04 10:00:00,20.7,58,12.2,0.0,80,89.0,17.3,356,1.2067869957733734,-17.257858069494958
2019-12-04 11:00:00,21.4,56,12.2,0.0,82,93.0,18.7,360,4.580179028811101e-15,-18.7
2019-12-04 12:00:00,22.0,54,12.1,0.0,83,80.0,19.1,2,-0.6665803870177686,-19.08836479606473
2019-12-04 13:00:00,21.9,54,12.2,0.0,85,31.0,19.1,1,-0.333340962952115,-19.097090977487078
2019-12-04 14:00:00,21.1,59,12.8,0.3,88,22.0,18.0,1,-0.3141433158711032,-17.997258512815044
2019-12-04 15:00:00,20.6,59,12.3,0.0,91,8.0,16.6,358,0.5793316452615137,-16.58988772851699
2019-12-04 16:00:00,19.5,68,13.4,0.7,90,0.0,14.4,360,3.5269827815443773e-15,-14.4
2019-12-04 17:00:00,18.1,82,15.0,1.8,93,0.0,14.8,360,3.624954525476166e-15,-14.8
2019-12-04 18:00:00,17.8,84,15.0,2.9,91,0.0,13.7,2,-0.4781231048242632,-13.691654330161612
2019-12-04 19:00:00,17.6,85,15.0,2.1,91,0.0,16.9,360,4.139306181118054e-15,-16.9
2019-12-04 20:00:00,17.5,85,15.0,2.3,92,0.0,17.7,2,-0.6177210916342671,-17.689217638237995
2019-12-04 21:00:00,17.5,84,14.8,0.8,95,0.0,16.6,359,0.2897099468589071,-16.597471739596095
2019-12-04 22:00:00,17.6,83,14.7,0.5,95,0.0,18.0,360,4.408728476930472e-15,-18.0
2019-12-04 23:00:00,17.5,85,14.9,0.4,97,0.0,18.7,2,-0.6526205883367681,-18.68860846525709
2019-12-05 00:00:00,17.4,86,15.0,1.2,92,0.0,19.5,2,-0.680540185698769,-19.488121126872368
2019-12-05 01:00:00,17.2,88,15.2,2.2,85,0.0,20.2,2,-0.7049698333905196,-20.18769470578573
2019-12-05 02:00:00,17.2,88,15.2,2.3,91,0.0,19.8,360,4.849601324623519e-15,-19.8
2019-12-05 03:00:00,17.3,87,15.1,1.5,85,0.0,20.9,1,-0.3647552945392254,-20.89681682876857
2019-12-05 04:00:00,17.1,88,15.1,1.0,82,0.0,21.6,2,-0.753829128774021,-21.58684186361247
2019-12-05 05:00:00,17.1,87,14.9,0.7,81,0.0,22.3,1,-0.3891886635514223,-22.296603601987528
2019-12-05 06:00:00,17.2,86,14.8,0.3,88,0.0,20.6,5,-1.7954083006017585,-20.52161078068996
2019-12-05 07:00:00,17.4,85,14.9,0.4,89,0.0,20.9,3,-1.093821485477526,-20.871357276370592
2019-12-05 08:00:00,17.5,85,15.0,0.6,95,1.0,22.7,2,-0.792218575146772,-22.686171773333477
2019-12-05 09:00:00,18.0,84,15.3,0.6,90,9.0,22.7,1,-0.3961696261263357,-22.69654268005008
2019-12-05 10:00:00,18.5,81,15.3,0.6,89,47.0,23.8,359,0.4153672732073487,-23.796375144722116
2019-12-05 11:00:00,18.5,83,15.6,0.7,87,20.0,25.6,358,0.8934271155840211,-25.584405171688854
2019-12-05 12:00:00,18.3,84,15.6,0.9,93,5.0,28.1,360,6.8825150112081245e-15,-28.1
2019-12-05 13:00:00,17.8,88,15.7,1.1,100,0.0,28.4,360,6.955993819156966e-15,-28.4
2019-12-05 14:00:00,17.7,89,15.8,1.4,90,2.0,29.2,1,-0.5096102679686785,-29.195552698566622
2019-12-05 15:00:00,17.6,87,15.4,1.3,95,31.0,28.4,1,-0.4956483428188517,-28.395674542441512
2019-12-05 16:00:00,17.4,88,15.4,1.6,91,1.0,26.6,360,6.515120971463919e-15,-26.6
2019-12-05 17:00:00,17.3,88,15.4,2.0,95,0.0,25.9,1,-0.4520173267256429,-25.896055304550533
2019-12-05 18:00:00,17.3,88,15.3,1.7,92,0.0,22.5,6,-2.351890423522203,-22.37674264578615
2019-12-05 19:00:00,17.2,88,15.2,1.6,91,0.0,22.0,4,-1.5346424223707569,-21.94640910571613
2019-12-05 20:00:00,17.3,88,15.2,1.6,89,0.0,23.4,358,0.8166482228385192,-23.38574535224684
2019-12-05 21:00:00,17.4,88,15.3,1.7,87,0.0,22.0,1,-0.3839529416202372,-21.99664929344061
2019-12-05 22:00:00,17.5,88,15.4,1.6,93,0.0,22.0,1,-0.3839529416202372,-21.99664929344061
2019-12-05 23:00:00,17.6,88,15.5,1.1,89,0.0,22.7,3,-1.188026206714825,-22.668890438928827
2019-12-06 00:00:00,17.5,87,15.4,0.9,90,0.0,21.7,6,-2.2682676529080803,-21.58112512949153
2019-12-06 01:00:00,17.5,88,15.5,0.9,91,0.0,21.0,6,-2.195097728620723,-20.88495980273374
2019-12-06 02:00:00,17.4,88,15.3,0.5,100,0.0,22.0,4,-1.5346424223707569,-21.94640910571613
2019-12-06 03:00:00,17.3,86,14.8,0.2,100,0.0,23.1,4,-1.6113745434892943,-23.04372956100194
2019-12-06 04:00:00,17.3,84,14.7,0.3,100,0.0,24.2,5,-2.109168974493328,-24.10791169382024
2019-12-06 05:00:00,17.3,83,14.4,0.2,83,0.0,24.3,7,-2.961425044745084,-24.118871484884124
2019-12-06 06:00:00,17.3,83,14.4,0.4,87,0.0,21.7,6,-2.2682676529080803,-21.58112512949153
2019-12-06 07:00:00,17.5,83,14.6,0.6,74,0.0,22.9,7,-2.790807963977877,-22.72930687258627
2019-12-06 08:00:00,17.6,84,14.8,0.9,70,5.0,21.5,9,-3.363340998364964,-21.235299322795463
2019-12-06 09:00:00,18.1,84,15.3,0.5,67,25.0,18.4,3,-0.9629815948701664,-18.37478343948416
2019-12-06 10:00:00,18.6,83,15.7,0.6,72,57.0,20.5,357,1.0728871029803595,-20.471905462468765
2019-12-06 11:00:00,18.7,85,16.1,0.7,76,45.0,23.0,1,-0.4014053480575207,-22.996496988597
2019-12-06 12:00:00,18.8,85,16.2,0.5,79,15.0,24.2,357,1.2665301410792538,-24.166834741060686
2019-12-06 13:00:00,18.7,84,15.9,0.1,78,2.0,25.2,3,-1.3188660973221846,-25.16546427581526
2019-12-06 14:00:00,18.5,83,15.5,0.1,84,0.0,22.7,10,-3.9418136330393194,-22.35513599337712
2019-12-06 15:00:00,17.9,88,15.9,1.1,80,3.0,20.0,7,-2.4373868681029496,-19.85092303282644
2019-12-06 16:00:00,17.9,88,15.9,0.6,80,4.0,19.4,359,0.338576684883301,-19.39704528603399
2019-12-06 17:00:00,17.8,88,15.7,0.4,77,4.0,21.3,357,1.1147558679747152,-21.270809090272422
2019-12-06 18:00:00,17.7,86,15.4,0.2,83,0.0,24.5,357,1.2822309279521371,-24.466423601487055
2019-12-06 19:00:00,17.7,86,15.3,0.1,84,0.0,24.9,2,-0.8689974678922741,-24.884831592775484
2019-12-06 20:00:00,17.6,86,15.2,0.1,75,0.0,25.6,2,-0.8934271155840249,-25.584405171688854
2019-12-06 21:00:00,17.5,84,14.8,0.0,85,0.0,26.4,5,-2.300911608538176,-26.29954002962208
2019-12-06 22:00:00,17.4,83,14.4,0.0,94,0.0,27.0,1,-0.4712149738066548,-26.995887769222563
2019-12-06 23:00:00,17.4,81,14.1,0.0,74,0.0,29.3,5,-2.5536632625063844,-29.188504654088145
2019-12-07 00:00:00,17.2,80,13.7,0.2,72,0.0,27.5,11,-5.247247372854982,-26.99474754481076
2019-12-07 01:00:00,17.0,80,13.6,0.0,66,0.0,25.3,4,-1.76483878572637,-25.238370471573557
2019-12-07 02:00:00,16.9,80,13.4,0.0,56,0.0,28.4,1,-0.4956483428188517,-28.395674542441512
2019-12-07 03:00:00,16.6,81,13.3,0.0,49,0.0,29.9,3,-1.5648450916640206,-29.85902308916176
2019-12-07 04:00:00,16.4,81,13.1,0.0,62,0.0,30.3,3,-1.585779474161198,-30.258474903063583
2019-12-07 05:00:00,16.2,81,12.9,0.0,57,0.0,29.2,3,-1.52820992229396,-29.159982414833557
2019-12-07 06:00:00,16.3,79,12.7,0.0,69,0.0,25.2,2,-0.8794673169030244,-25.184648840881213
2019-12-07 07:00:00,16.4,77,12.4,0.0,63,1.0,26.3,360,6.441642163515078e-15,-26.3
2019-12-07 08:00:00,16.7,75,12.2,0.0,63,22.0,27.0,360,6.613092715395708e-15,-27.0
2019-12-07 09:00:00,17.1,71,11.9,0.0,67,74.0,26.3,359,0.4589982893005576,-26.29599438261309
2019-12-07 10:00:00,17.5,69,11.7,0.0,67,71.0,28.8,1,-0.5026293053937652,-28.79561362050407
2019-12-07 11:00:00,17.7,67,11.6,0.0,64,60.0,29.6,3,-1.5491443047911375,-29.559434228735388
2019-12-07 12:00:00,18.2,65,11.6,0.0,53,127.0,29.6,3,-1.5491443047911375,-29.559434228735388
2019-12-07 13:00:00,18.9,63,11.6,0.0,47,279.0,30.3,2,-1.0574547500857794,-30.281542058678603
2019-12-07 14:00:00,19.1,62,11.6,0.0,48,257.0,30.3,2,-1.0574547500857794,-30.281542058678603
2019-12-07 15:00:00,18.7,65,11.9,0.0,39,222.0,30.2,1,-0.527062674405962,-30.195400393723016
2019-12-07 16:00:00,18.0,67,11.8,0.0,41,131.0,28.1,360,6.8825150112081245e-15,-28.1
2019-12-07 17:00:00,17.3,69,11.5,0.0,53,28.0,27.4,1,-0.4781959363815682,-27.39582684728512
2019-12-07 18:00:00,16.6,70,11.2,0.0,75,0.0,24.1,3,-1.2612965454549463,-24.06697178758523
2019-12-07 19:00:00,16.4,70,10.9,0.0,79,0.0,23.1,4,-1.6113745434892943,-23.04372956100194
2019-12-07 20:00:00,16.2,69,10.5,0.0,78,0.0,21.7,5,-1.8912796176241824,-21.61742494859088
2019-12-07 21:00:00,16.0,69,10.3,0.0,100,0.0,21.0,5,-1.8302705977008216,-20.920088659926652
2019-12-07 22:00:00,16.0,68,10.0,0.0,100,0.0,20.2,5,-1.760546003502695,-20.12313290145326
2019-12-07 23:00:00,15.8,68,9.8,0.0,100,0.0,19.5,4,-1.3602512380104437,-19.45249898006657
2019-12-08 00:00:00,15.9,66,9.6,0.0,89,0.0,18.5,7,-2.2545828529952283,-18.362103805364452
2019-12-08 01:00:00,15.7,66,9.4,0.0,77,0.0,17.4,7,-2.120526575249566,-17.270303038559
2019-12-08 02:00:00,15.8,66,9.3,0.0,56,0.0,16.7,7,-2.035218034865963,-16.575520732410077
2019-12-08 03:00:00,15.7,67,9.6,0.0,62,0.0,16.4,9,-2.565525226659786,-16.19808878576026
2019-12-08 04:00:00,15.5,68,9.5,0.0,49,0.0,15.7,11,-2.9957012274117534,-15.411546780128324
2019-12-08 05:00:00,15.1,70,9.6,0.0,38,0.0,15.0,10,-2.6047226650039548,-14.77211629518312
2019-12-08 06:00:00,15.0,71,9.7,0.0,29,0.0,12.8,10,-2.222696674136708,-12.605539238556265
2019-12-08 07:00:00,14.9,72,10.0,0.0,15,3.0,13.0,14,-3.1449846427956807,-12.613844441587954
2019-12-08 08:00:00,16.1,70,10.6,0.0,21,69.0,13.4,14,-3.2417534010355475,-13.001962732098352
2019-12-08 09:00:00,17.8,64,10.8,0.0,29,210.0,12.5,12,-2.598896135221992,-12.226845009172573
2019-12-08 10:00:00,19.2,58,10.8,0.0,22,351.0,12.0,7,-1.4624321208617697,-11.910553819695863
2019-12-08 11:00:00,20.1,57,11.4,0.0,34,437.0,11.2,6,-1.1707187885977188,-11.13864522812466
2019-12-08 12:00:00,20.5,57,11.8,0.0,38,458.0,10.4,2,-0.3629547657060101,-10.393664600998596
2019-12-08 13:00:00,20.9,57,12.1,0.0,37,522.0,10.1,2,-0.3524849166952598,-10.093847352892867
2019-12-08 14:00:00,20.9,58,12.2,0.0,33,385.0,9.7,4,-0.6766377953180154,-9.676371287520292
2019-12-08 15:00:00,20.6,56,11.6,0.0,52,265.0,10.1,6,-1.0557374790033,-10.04467114321956
2019-12-08 16:00:00,20.2,57,11.5,0.0,63,159.0,10.3,12,-2.141490415422921,-10.0749202875582
2019-12-08 17:00:00,19.2,63,12.0,0.0,61,31.0,10.7,20,-3.659615533584655,-10.05471104240922
2019-12-08 18:00:00,18.2,69,12.4,0.0,74,0.0,9.8,28,-4.60082131530173,-8.652886410017485
2019-12-08 19:00:00,17.6,72,12.6,0.0,70,0.0,9.8,28,-4.60082131530173,-8.652886410017485
2019-12-08 20:00:00,17.2,75,12.8,0.0,81,0.0,10.4,34,-5.815606196095768,-8.621990754572435
2019-12-08 21:00:00,16.8,78,12.9,0.0,91,0.0,9.5,37,-5.717242719944458,-7.587037345449282
2019-12-08 22:00:00,16.5,80,13.0,0.0,93,0.0,9.1,34,-5.0886554215837965,-7.544241910250879
2019-12-08 23:00:00,16.3,81,13.0,0.0,100,0.0,9.2,31,-4.738350289172498,-7.885939166459432
2019-12-09 00:00:00,16.1,81,12.9,0.0,92,0.0,8.7,30,-4.349999999999999,-7.534421012924616
2019-12-09 01:00:00,15.9,82,12.8,0.0,97,0.0,8.9,27,-4.040515447681966,-7.929958065276475
2019-12-09 02:00:00,15.9,81,12.6,0.0,93,0.0,9.0,23,-3.516580156403464,-8.284543681071963
2019-12-09 03:00:00,15.9,78,12.0,0.0,70,0.0,9.0,23,-3.516580156403464,-8.284543681071963
2019-12-09 04:00:00,16.0,77,12.0,0.0,65,0.0,8.6,22,-3.221616703376843,-7.973781149274371
2019-12-09 05:00:00,15.7,78,11.9,0.0,56,0.0,8.4,25,-3.5499933986218752,-7.61298541110786
2019-12-09 06:00:00,15.6,79,12.0,0.0,39,0.0,8.6,22,-3.221616703376843,-7.973781149274371
2019-12-09 07:00:00,15.2,82,12.2,0.0,30,3.0,7.1,24,-2.887830165838181,-6.486172749262466
2019-12-09 08:00:00,16.7,80,13.1,0.0,17,58.0,6.9,28,-3.2393537832226467,-6.092338390726597
2019-12-09 09:00:00,18.7,68,12.7,0.0,17,211.0,5.2,16,-1.4333142502483958,-4.998560818879258
2019-12-09 10:00:00,19.8,63,12.5,0.0,19,326.0,4.0,360,9.797174393178826e-16,-4.0
2019-12-09 11:00:00,20.5,62,13.0,0.0,19,456.0,3.1,324,1.8221342821066675,-2.507952682562337
2019-12-09 12:00:00,21.1,61,13.4,0.0,20,494.0,4.5,299,3.935788682127281,-2.181643291108518
2019-12-09 13:00:00,21.2,61,13.5,0.0,21,384.0,5.0,300,4.330127018922193,-2.5000000000000004
2019-12-09 14:00:00,21.3,61,13.4,0.0,16,374.0,5.2,304,4.310995377286217,-2.9078030980478844
2019-12-09 15:00:00,21.4,55,12.1,0.0,16,262.0,5.4,318,3.613305274337834,-4.012982057577929
2019-12-09 16:00:00,21.1,56,11.8,0.0,16,148.0,5.3,332,2.4881992827652213,-4.679622242152313
2019-12-09 17:00:00,20.5,57,11.8,0.0,13,31.0,5.4,356,0.3766849582182784,-5.386845871403051
2019-12-09 18:00:00,19.3,66,12.7,0.0,9,0.0,3.1,45,-2.192031021678297,-2.192031021678297
2019-12-09 19:00:00,17.6,78,13.8,0.0,9,0.0,2.3,51,-1.7874357113510329,-1.447436899414626
2019-12-09 20:00:00,17.3,78,13.4,0.0,11,0.0,2.9,60,-2.511473670974872,-1.4500000000000002
2019-12-09 21:00:00,17.3,79,13.6,0.0,18,0.0,3.3,96,-3.281922254715301,0.3449439287832567
2019-12-09 22:00:00,17.8,77,13.6,0.0,18,0.0,4.3,138,-2.8772616073430908,3.1955227495527945
2019-12-09 23:00:00,18.2,75,13.7,0.0,28,0.0,4.5,166,-1.0886485301985047,4.366330768241984
2019-12-10 00:00:00,18.1,76,13.7,0.0,29,0.0,3.3,186,0.3449439287832565,3.281922254715301
2019-12-10 01:00:00,17.6,78,13.7,0.0,19,0.0,1.1,198,0.339918693812442,1.046162167924669
2019-12-10 02:00:00,17.3,79,13.7,0.0,38,0.0,1.1,252,1.0461621679246689,0.3399186938124423
2019-12-10 03:00:00,17.6,78,13.6,0.0,46,0.0,0.5,315,0.3535533905932738,-0.3535533905932737
2019-12-10 04:00:00,16.8,83,13.9,0.0,47,0.0,1.1,360,2.694222958124177e-16,-1.1
2019-12-10 05:00:00,16.7,83,13.9,0.0,43,0.0,1.9,22,-0.7117525274902328,-1.761649323676896
2019-12-10 06:00:00,16.9,82,13.9,0.0,31,0.0,2.5,45,-1.7677669529663689,-1.7677669529663689
2019-12-10 07:00:00,17.2,81,13.9,0.0,30,1.0,2.4,63,-2.138415658052083,-1.0895771993749124
2019-12-10 08:00:00,18.1,83,15.1,0.0,26,47.0,3.7,61,-3.2360929164157644,-1.7937955949114477
2019-12-10 09:00:00,19.9,69,14.1,0.0,20,90.0,2.5,45,-1.7677669529663689,-1.7677669529663689
2019-12-10 10:00:00,20.8,66,14.2,0.0,26,223.0,3.8,343,1.1110124779464012,-3.633958072659534
2019-12-10 11:00:00,21.6,64,14.6,0.0,15,387.0,5.7,325,3.269385687200965,-4.669166652447252
2019-12-10 12:00:00,22.0,63,14.5,0.0,14,389.0,7.5,325,4.3018232726328485,-6.143640332167437
2019-12-10 13:00:00,22.4,60,14.2,0.0,12,497.0,8.5,324,4.996174644486024,-6.876644452187052
2019-12-10 14:00:00,22.2,60,14.1,0.0,12,335.0,10.2,328,5.405176495178691,-8.650090580795544
2019-12-10 15:00:00,22.0,59,13.6,0.0,7,318.0,11.3,338,4.23305450559981,-10.477177556604698
2019-12-10 16:00:00,21.5,61,13.6,0.0,7,187.0,11.4,349,2.175222547292609,-11.19054989130337
2019-12-10 17:00:00,20.4,66,13.8,0.0,8,39.0,10.5,356,0.7324429743133192,-10.474422527728152
2019-12-10 18:00:00,19.4,71,14.0,0.0,7,0.0,11.6,7,-1.4136843834997106,-11.513535359039334
2019-12-10 19:00:00,18.7,76,14.4,0.0,7,0.0,11.6,5,-1.0110066158728348,-11.555858497864248
2019-12-10 20:00:00,18.5,80,15.0,0.0,5,0.0,11.2,6,-1.1707187885977188,-11.13864522812466
2019-12-10 21:00:00,18.2,84,15.5,0.0,5,0.0,11.6,5,-1.0110066158728348,-11.555858497864248
2019-12-10 22:00:00,17.9,88,15.9,0.0,4,0.0,12.3,3,-0.6437322617882092,-12.283143277481258
2019-12-10 23:00:00,17.9,90,16.1,0.0,6,0.0,13.7,360,3.355532229663748e-15,-13.7
2019-12-11 00:00:00,17.8,91,16.3,0.0,7,0.0,14.8,360,3.624954525476166e-15,-14.8
2019-12-11 01:00:00,17.8,91,16.3,0.0,9,0.0,16.6,359,0.2897099468589071,-16.597471739596095
2019-12-11 02:00:00,17.9,92,16.6,0.0,12,0.0,17.3,358,0.6037612929532643,-17.289461307430358
2019-12-11 03:00:00,18.0,92,16.7,0.0,13,0.0,18.7,358,0.6526205883367654,-18.68860846525709
2019-12-11 04:00:00,18.0,92,16.7,0.0,11,0.0,19.8,359,0.3455576474582145,-19.79698436409655
2019-12-11 05:00:00,18.0,92,16.7,0.0,10,0.0,20.9,359,0.3647552945392264,-20.89681682876857
2019-12-11 06:00:00,18.0,92,16.6,0.0,7,0.0,19.8,359,0.3455576474582145,-19.79698436409655
2019-12-11 07:00:00,18.0,92,16.7,0.0,6,3.0,20.2,356,1.409080769631338,-20.15079381524845
2019-12-11 08:00:00,18.9,89,17.1,0.0,5,85.0,21.0,353,2.559256211508092,-20.843469184467764
2019-12-11 09:00:00,20.4,82,17.3,0.0,3,247.0,22.4,354,2.3414375771954363,-22.27729045624932
2019-12-11 10:00:00,21.8,75,17.1,0.0,6,412.0,21.7,355,1.8912796176241853,-21.61742494859088
2019-12-11 11:00:00,22.8,69,16.9,0.0,3,529.0,21.1,352,2.9365524302573904,-20.89465625044713
2019-12-11 12:00:00,23.3,67,16.9,0.0,3,539.0,21.2,350,3.681341366538924,-20.87792436385881
2019-12-11 13:00:00,23.5,66,16.8,0.0,6,560.0,21.1,351,3.3007672123488763,-20.840223986557405
2019-12-11 14:00:00,23.3,66,16.6,0.0,14,452.0,20.7,353,2.5226954084865474,-20.545705338975367
2019-12-11 15:00:00,22.7,67,16.2,0.0,13,295.0,20.2,355,1.760546003502698,-20.12313290145326
2019-12-11 16:00:00,22.1,68,15.9,0.0,13,152.0,18.4,359,0.3211242784460175,-18.3971975908776
2019-12-11 17:00:00,21.1,72,15.7,0.0,19,29.0,15.1,3,-0.7902729392684519,-15.079305974794064
2019-12-11 18:00:00,20.1,75,15.6,0.0,18,0.0,12.3,7,-1.498992923883314,-12.20831766518826
2019-12-11 19:00:00,19.5,78,15.6,0.0,21,0.0,10.5,8,-1.4613175600806871,-10.397814721786489
2019-12-11 20:00:00,19.2,80,15.7,0.0,21,0.0,8.7,5,-0.7582549619046259,-8.666893873398186
2019-12-11 21:00:00,19.1,81,15.8,0.0,31,0.0,9.4,358,0.3280552690035077,-9.3942737739795
2019-12-11 22:00:00,18.8,83,15.9,0.0,41,0.0,8.3,358,0.2896658226307568,-8.294943864258496
2019-12-11 23:00:00,18.4,86,16.0,0.0,44,0.0,6.9,354,0.7212463965468086,-6.862201078041086
2019-12-12 00:00:00,18.2,88,16.1,0.0,51,0.0,5.8,360,1.4205902870109297e-15,-5.8
2019-12-12 01:00:00,17.8,89,16.0,0.0,60,0.0,5.1,8,-0.7097828148963337,-5.050367150582009
2019-12-12 02:00:00,17.2,91,15.7,0.0,66,0.0,5.4,8,-0.7515347451843534,-5.34744757120448
2019-12-12 03:00:00,17.2,89,15.5,0.0,75,0.0,6.9,6,-0.721246396546809,-6.862201078041086
2019-12-12 04:00:00,17.2,90,15.5,0.0,74,0.0,8.0,10,-1.3891854213354426,-7.878462024097664
2019-12-12 05:00:00,17.2,90,15.5,0.0,76,0.0,8.0,10,-1.3891854213354426,-7.878462024097664
2019-12-12 06:00:00,17.2,90,15.5,0.0,69,0.0,4.1,15,-1.061158084920335,-3.96029588778518
2019-12-12 07:00:00,17.3,90,15.6,0.0,64,1.0,3.0,14,-0.7257656867990032,-2.910887178827989
2019-12-12 08:00:00,18.6,89,16.8,0.0,50,52.0,3.2,360,7.837739514543061e-16,-3.2
2019-12-12 09:00:00,20.5,81,17.1,0.0,52,137.0,2.7,337,1.0549740469210396,-2.4853631043215887
2019-12-12 10:00:00,21.4,76,17.0,0.0,44,245.0,2.8,310,2.1449244407331385,-1.7998053071223097
2019-12-12 11:00:00,22.2,72,16.9,0.0,45,326.0,4.2,290,3.9467090073008153,-1.43648460196781
2019-12-12 12:00:00,22.7,69,16.8,0.0,37,365.0,6.1,298,5.385980316439455,-2.8637765329939318
2019-12-12 13:00:00,22.9,67,16.5,0.0,25,325.0,8.4,310,6.434773322199416,-5.39941592136693
2019-12-12 14:00:00,23.1,65,16.2,0.0,24,315.0,9.2,321,5.789747597658508,-7.149742845404129
2019-12-12 15:00:00,22.9,59,14.4,0.0,26,204.0,10.1,333,4.585304047369425,-8.999165894302514
2019-12-12 16:00:00,22.5,60,14.4,0.0,17,123.0,11.9,346,2.878870557636048,-11.54651914268436
2019-12-12 17:00:00,21.3,66,14.6,0.0,25,37.0,11.2,354,1.1707187885977182,-11.13864522812466
2019-12-12 18:00:00,20.2,70,14.6,0.0,28,0.0,11.2,354,1.1707187885977182,-11.13864522812466
2019-12-12 19:00:00,19.5,75,14.8,0.0,32,0.0,10.8,360,2.645237086158283e-15,-10.8
2019-12-12 20:00:00,19.0,78,15.1,0.0,45,0.0,9.7,2,-0.3385251180142594,-9.694091022085228
2019-12-12 21:00:00,18.6,82,15.4,0.0,63,0.0,9.4,2,-0.3280552690035091,-9.3942737739795
2019-12-12 22:00:00,18.4,83,15.5,0.0,86,0.0,8.6,358,0.300135671641507,-8.594761112364223
2019-12-12 23:00:00,18.2,84,15.5,0.0,91,0.0,7.9,357,0.4134540543192605,-7.889173324561134
2019-12-13 00:00:00,18.1,85,15.4,0.0,91,0.0,8.8,351,1.3766232923540338,-8.691657397237211
2019-12-13 01:00:00,17.8,85,15.3,0.0,83,0.0,8.1,347,1.8221035401853087,-7.892397524760404
2019-12-13 02:00:00,17.7,86,15.3,0.0,95,0.0,8.1,347,1.8221035401853087,-7.892397524760404
2019-12-13 03:00:00,17.9,87,15.7,0.0,67,0.0,9.1,351,1.4235536318661028,-8.987963899415753
2019-12-13 04:00:00,17.9,87,15.7,0.0,51,0.0,9.8,354,1.0243789400230034,-9.746314574609078
2019-12-13 05:00:00,17.8,87,15.7,0.0,31,0.0,11.6,355,1.0110066158728364,-11.555858497864248
2019-12-13 06:00:00,17.8,86,15.5,0.0,26,0.0,11.9,355,1.037153338697134,-11.854716907291772
2019-12-13 07:00:00,17.7,86,15.4,0.0,18,2.0,13.4,355,1.1678869528186215,-13.34900895442939
2019-12-13 08:00:00,18.9,81,15.6,0.0,14,78.0,15.2,355,1.3247672897644065,-15.142159410994532
2019-12-13 09:00:00,20.4,73,15.4,0.0,8,236.0,16.6,358,0.5793316452615137,-16.58988772851699
2019-12-13 10:00:00,21.7,64,14.5,0.0,4,379.0,18.0,358,0.6281909406450148,-17.989034886343724
2019-12-13 11:00:00,22.7,59,14.3,0.0,7,497.0,18.1,355,1.5775189437326156,-18.0311240354606
2019-12-13 12:00:00,23.3,57,14.4,0.0,4,562.0,18.1,354,1.891965185144527,-18.000846306165748
2019-12-13 13:00:00,23.7,57,14.6,0.0,2,566.0,17.8,353,2.1692743126116207,-17.667321499215532
2019-12-13 14:00:00,23.8,57,14.8,0.0,1,487.0,17.8,352,2.4772811970891726,-17.62677162359995
2019-12-13 15:00:00,23.2,58,14.6,0.0,2,370.0,18.5,352,2.574702367761218,-18.31995927171905
2019-12-13 16:00:00,22.4,63,15.0,0.0,0,203.0,17.8,353,2.1692743126116207,-17.667321499215532
2019-12-13 17:00:00,20.9,70,15.3,0.0,0,51.0,15.9,355,1.385776309687767,-15.839495699658755
2019-12-13 18:00:00,19.5,78,15.6,0.0,0,0.0,15.5,357,0.8112073217656377,-15.478757788695894
2019-12-13 19:00:00,18.8,83,15.8,0.0,1,0.0,14.1,357,0.7379369830255156,-14.080676440039491
2019-12-13 20:00:00,18.3,86,16.0,0.0,0,0.0,13.8,354,1.442492793093617,-13.724402156082173
2019-12-13 21:00:00,18.0,89,16.2,0.0,0,0.0,13.8,354,1.442492793093617,-13.724402156082173
2019-12-13 22:00:00,17.9,90,16.2,0.0,0,0.0,12.6,355,1.0981623586204947,-12.552053195955994
2019-12-13 23:00:00,17.8,91,16.3,0.0,0,0.0,11.6,355,1.0110066158728364,-11.555858497864248
2019-12-14 00:00:00,17.6,92,16.3,0.0,0,0.0,10.9,354,1.1393602496174222,-10.84028865951418
2019-12-14 01:00:00,17.4,93,16.2,0.0,1,0.0,10.4,358,0.3629547657060086,-10.393664600998596
2019-12-14 02:00:00,17.2,94,16.2,0.0,1,0.0,9.7,2,-0.3385251180142594,-9.694091022085228
2019-12-14 03:00:00,17.0,94,16.0,0.0,4,0.0,9.0,2,-0.3140954703225087,-8.994517443171862
2019-12-14 04:00:00,16.8,94,15.9,0.0,3,0.0,8.6,2,-0.3001356716415083,-8.594761112364223
2019-12-14 05:00:00,16.6,95,15.8,0.0,3,0.0,8.6,360,2.1063924945334478e-15,-8.6
2019-12-14 06:00:00,16.3,97,15.8,0.0,41,0.0,9.4,353,1.145571828008384,-9.329933825428428
2019-12-14 07:00:00,16.4,98,16.0,0.0,61,2.0,10.5,354,1.0975488643103608,-10.44247990136687
2019-12-14 08:00:00,17.7,97,17.2,0.0,11,59.0,10.9,354,1.1393602496174222,-10.84028865951418
2019-12-14 09:00:00,19.8,90,18.1,0.0,2,177.0,10.9,352,1.5169868004647182,-10.793921949283115
2019-12-14 10:00:00,21.7,75,17.0,0.0,1,361.0,12.0,351,1.8772135804827728,-11.852260087141651
2019-12-14 11:00:00,23.0,67,16.5,0.0,2,490.0,12.5,348,2.5988961352219984,-12.22684500917257
2019-12-14 12:00:00,23.9,61,16.0,0.0,0,580.0,13.5,344,3.7211043035294855,-12.977032895167303
2019-12-14 13:00:00,24.4,59,15.9,0.0,0,565.0,14.6,344,4.024305394928184,-14.034420760699456
2019-12-14 14:00:00,24.4,59,16.0,0.0,0,493.0,15.2,346,3.6772128131149513,-14.748495039395143
2019-12-14 15:00:00,24.2,61,16.1,0.0,0,370.0,15.4,349,2.938458528798788,-15.117058625094026
2019-12-14 16:00:00,23.5,65,16.5,0.0,0,204.0,13.5,351,2.1118652780431195,-13.33379259803436
2019-12-14 17:00:00,22.2,72,16.9,0.0,0,53.0,10.3,348,2.141490415422927,-10.074920287558198
2019-12-14 18:00:00,20.8,80,17.3,0.0,0,0.0,10.7,346,2.588564282916446,-10.382164271153162
2019-12-14 19:00:00,19.9,86,17.5,0.0,0,0.0,9.8,352,1.3638963894086458,-9.704627073667387
2019-12-14 20:00:00,19.3,90,17.6,0.0,0,0.0,9.5,349,1.8126854560771744,-9.325458242752807
2019-12-14 21:00:00,18.9,92,17.6,0.0,0,0.0,9.2,349,1.7554427574642109,-9.030970087718508
2019-12-14 22:00:00,18.6,93,17.5,0.0,3,0.0,8.8,351,1.3766232923540338,-8.691657397237211
2019-12-14 23:00:00,18.4,94,17.4,0.0,5,0.0,8.7,353,1.0602632876247808,-8.635151519279502
2019-12-15 00:00:00,18.2,95,17.3,0.0,8,0.0,8.6,358,0.300135671641507,-8.594761112364223
2019-12-15 01:00:00,17.9,95,17.2,0.0,4,0.0,9.0,5,-0.7844016847289235,-8.96575228282571
2019-12-15 02:00:00,17.7,96,17.0,0.0,9,0.0,8.7,7,-1.060263287624783,-8.6351515192795
2019-12-15 03:00:00,17.3,96,16.7,0.0,11,0.0,6.6,13,-1.484676958669509,-6.430842427582553
2019-12-15 04:00:00,17.0,97,16.6,0.0,2,0.0,6.9,9,-1.079397808777593,-6.815049550106451
2019-12-15 05:00:00,16.8,98,16.5,0.0,77,0.0,5.9,11,-1.1257730727216144,-5.791600382341218
2019-12-15 06:00:00,16.7,99,16.6,0.0,31,0.0,5.2,12,-1.0811407922523486,-5.08636752381579
2019-12-15 07:00:00,16.8,99,16.7,0.0,24,1.0,5.0,21,-1.7918397477265011,-4.667902132486009
2019-12-15 08:00:00,18.3,96,17.6,0.0,25,58.0,4.7,360,1.1511679911985121e-15,-4.7
2019-12-15 09:00:00,20.5,87,18.3,0.0,13,169.0,4.8,347,1.0797650608505536,-4.6769763109691285
2019-12-15 10:00:00,22.4,77,18.2,0.0,8,353.0,7.4,346,1.7902220274375422,-7.180188374442374
2019-12-15 11:00:00,23.7,70,17.9,0.0,6,507.0,10.4,346,2.515987714236546,-10.091075553270365
2019-12-15 12:00:00,24.5,66,17.6,0.0,4,542.0,12.6,347,2.834383284732703,-12.277062816293965
2019-12-15 13:00:00,24.9,63,17.4,0.0,1,556.0,13.6,348,2.827598995121534,-13.302807369979757
2019-12-15 14:00:00,25.1,62,17.3,0.0,1,484.0,14.3,350,2.4831689406371047,-14.082750868074577
2019-12-15 15:00:00,24.9,61,16.8,0.0,0,347.0,14.6,351,2.283943189587374,-14.42024977268901
2019-12-15 16:00:00,24.3,64,17.1,0.0,0,200.0,13.1,352,1.823167622576863,-12.97251170051457
2019-12-15 17:00:00,23.0,71,17.3,0.0,0,51.0,10.9,352,1.5169868004647182,-10.793921949283115
2019-12-15 18:00:00,21.4,78,17.4,0.0,0,0.0,11.6,355,1.0110066158728364,-11.555858497864248
2019-12-15 19:00:00,20.5,83,17.5,0.0,0,0.0,9.7,356,0.6766377953180186,-9.676371287520292
2019-12-15 20:00:00,19.8,87,17.5,0.0,0,0.0,8.0,352,1.113384807680527,-7.922144549932562
2019-12-15 21:00:00,18.9,92,17.5,0.0,0,0.0,8.4,340,2.8729692039356163,-7.893418014601631
2019-12-15 22:00:00,18.5,93,17.3,0.0,0,0.0,7.6,335,3.211898789229314,-6.88793918147854
2019-12-15 23:00:00,18.3,94,17.3,0.0,0,0.0,7.0,339,2.508575646817105,-6.535062985480411
2019-12-16 00:00:00,16.9,98,16.5,0.0,0,0.0,6.8,335,2.873804179836754,-6.16289295184922
2019-12-16 01:00:00,16.6,98,16.4,0.0,0,0.0,6.7,324,3.938161190359572,-5.420413862312147
2019-12-16 02:00:00,16.8,99,16.6,0.0,75,0.0,7.1,330,3.550000000000003,-6.148780366869512
2019-12-16 03:00:00,17.2,97,16.8,0.0,75,0.0,7.1,336,2.887830165838181,-6.486172749262467
2019-12-16 04:00:00,17.4,98,17.0,0.0,75,0.0,7.1,336,2.887830165838181,-6.486172749262467
2019-12-16 05:00:00,17.6,97,17.1,0.0,75,0.0,6.4,333,2.9055391983331007,-5.702441754805554
2019-12-16 06:00:00,17.3,97,16.8,0.0,75,0.0,5.8,338,2.172718241812292,-5.377666356487366
2019-12-16 07:00:00,16.7,97,16.3,0.0,75,2.0,7.3,340,2.4967470462773806,-6.859756131737131
2019-12-16 08:00:00,18.9,96,18.2,0.0,68,61.0,8.2,337,3.203995253612045,-7.548139798310009
2019-12-16 09:00:00,21.0,86,18.6,0.0,13,172.0,9.0,337,3.516580156403465,-8.284543681071963
2019-12-16 10:00:00,22.4,76,18.0,0.0,1,365.0,10.2,337,3.985457510590593,-9.38914950521489
2019-12-16 11:00:00,23.4,70,17.7,0.0,1,485.0,12.0,339,4.300415394543609,-11.202965117966418
2019-12-16 12:00:00,24.1,67,17.5,0.0,1,549.0,13.7,342,4.233532822936783,-13.029474273243602
2019-12-16 13:00:00,24.5,65,17.6,0.0,0,542.0,14.8,346,3.5804440548750844,-14.360376748884748
2019-12-16 14:00:00,24.6,65,17.7,0.0,0,474.0,14.6,350,2.535263393937184,-14.378193193978236
2019-12-16 15:00:00,24.7,61,16.6,0.0,0,354.0,13.6,349,2.595002337121008,-13.35012969488823
2019-12-16 16:00:00,24.2,63,16.6,0.0,0,199.0,10.9,343,3.186851581477835,-10.423721839997086
2019-12-16 17:00:00,23.0,68,16.8,0.0,0,52.0,7.6,335,3.211898789229314,-6.88793918147854
2019-12-16 18:00:00,21.7,74,16.9,0.0,0,0.0,7.9,336,3.213219480298821,-7.217009115376548
2019-12-16 19:00:00,20.8,80,17.1,0.0,0,0.0,7.6,341,2.474317973874391,-7.185941174554808
2019-12-16 20:00:00,20.0,84,17.3,0.0,0,0.0,6.8,342,2.101315561749644,-6.467184310807044
2019-12-16 21:00:00,19.0,90,17.4,0.0,0,0.0,7.0,339,2.508575646817105,-6.535062985480411
2019-12-16 22:00:00,18.2,93,17.1,0.0,0,0.0,6.3,336,2.562440851377541,-5.755336383148386
2019-12-16 23:00:00,17.9,94,16.9,0.0,3,0.0,6.8,342,2.101315561749644,-6.467184310807044
2019-12-17 00:00:00,18.0,94,17.0,0.0,0,0.0,6.9,351,1.0793978087775946,-6.81504955010645
2019-12-17 01:00:00,18.0,94,17.0,0.0,0,0.0,6.1,357,0.3192493330819606,-6.0916401620029
2019-12-17 02:00:00,17.7,95,16.9,0.0,0,0.0,6.1,357,0.3192493330819606,-6.0916401620029
2019-12-17 03:00:00,17.4,94,16.5,0.0,0,0.0,6.8,3,-0.3558845024520181,-6.790680836331102
2019-12-17 04:00:00,17.2,94,16.3,0.0,0,0.0,6.9,9,-1.079397808777593,-6.815049550106451
2019-12-17 05:00:00,17.0,94,16.1,0.0,1,0.0,6.9,6,-0.721246396546809,-6.862201078041086
2019-12-17 06:00:00,16.7,95,15.9,0.0,0,0.0,7.6,5,-0.662383644882202,-7.571079705497266
2019-12-17 07:00:00,16.8,94,15.9,0.0,1,2.0,8.0,5,-0.6972459419812653,-7.969557584733964
2019-12-17 08:00:00,19.4,86,17.0,0.0,1,75.0,10.1,356,0.7045403848156689,-10.075396907624224
2019-12-17 09:00:00,22.5,73,17.4,0.0,1,227.0,10.1,354,1.0557374790032994,-10.04467114321956
2019-12-17 10:00:00,24.2,65,17.3,0.0,5,388.0,11.2,354,1.1707187885977182,-11.13864522812466
2019-12-17 11:00:00,25.3,60,16.9,0.0,14,503.0,11.5,356,0.8021994480574448,-11.47198657798798
2019-12-17 12:00:00,25.9,58,17.1,0.0,22,568.0,12.3,353,1.498992923883311,-12.208317665188265
2019-12-17 13:00:00,26.3,58,17.3,0.0,20,558.0,12.1,350,2.1011429497698577,-11.916173811447717
2019-12-17 14:00:00,26.3,58,17.4,0.0,13,487.0,12.1,348,2.5157314588948942,-11.835585968879046
2019-12-17 15:00:00,26.4,58,17.4,0.0,1,361.0,12.2,346,2.951447126315948,-11.837607860567156
2019-12-17 16:00:00,25.7,61,17.7,0.0,1,201.0,10.0,347,2.249510543438653,-9.743700647852352
2019-12-17 17:00:00,24.5,66,17.8,0.0,0,54.0,8.1,347,1.8221035401853087,-7.892397524760404
2019-12-17 18:00:00,22.9,72,17.7,0.0,0,0.0,8.8,351,1.3766232923540338,-8.691657397237211
2019-12-17 19:00:00,21.8,77,17.5,0.0,1,0.0,9.5,351,1.4861274178821953,-9.383039235653808
2019-12-17 20:00:00,21.0,79,17.2,0.0,4,0.0,9.5,351,1.4861274178821953,-9.383039235653808
2019-12-17 21:00:00,20.5,81,17.0,0.0,7,0.0,8.6,358,0.300135671641507,-8.594761112364223
2019-12-17 22:00:00,20.0,83,16.9,0.0,5,0.0,7.6,360,1.8614631347039767e-15,-7.6
2019-12-17 23:00:00,19.5,84,16.8,0.0,1,0.0,7.6,3,-0.3977532674463731,-7.589584464134761
2019-12-18 00:00:00,19.1,86,16.7,0.0,0,0.0,7.6,5,-0.662383644882202,-7.571079705497266
2019-12-18 01:00:00,18.6,88,16.6,0.0,0,0.0,8.0,8,-1.1133848076805235,-7.922144549932563
2019-12-18 02:00:00,18.0,90,16.3,0.0,0,0.0,7.7,11,-1.469229264399395,-7.558529312547013
2019-12-18 03:00:00,17.3,92,16.0,0.0,0,0.0,7.7,11,-1.469229264399395,-7.558529312547013
2019-12-18 04:00:00,16.9,92,15.6,0.0,0,0.0,7.9,16,-2.177535110954293,-7.59396739791272
2019-12-18 05:00:00,16.7,91,15.3,0.0,0,0.0,7.7,11,-1.469229264399395,-7.558529312547013
2019-12-18 06:00:00,16.8,91,15.3,0.0,0,0.0,8.3,2,-0.2896658226307581,-8.294943864258496
2019-12-18 07:00:00,17.4,90,15.7,0.0,0,2.0,8.3,2,-0.2896658226307581,-8.294943864258496
2019-12-18 08:00:00,19.7,85,17.1,0.0,0,75.0,11.6,355,1.0110066158728364,-11.555858497864248
2019-12-18 09:00:00,22.1,78,18.0,0.0,0,224.0,12.3,357,0.6437322617882157,-12.283143277481258
2019-12-18 10:00:00,23.6,72,18.3,0.0,0,376.0,13.3,357,0.6960682180311601,-13.281772812235833
2019-12-18 11:00:00,24.8,68,18.4,0.0,0,494.0,15.2,356,1.0602984009107097,-15.162973563949327
2019-12-18 12:00:00,25.4,66,18.5,0.0,0,571.0,15.9,355,1.385776309687767,-15.839495699658755
2019-12-18 13:00:00,25.7,64,18.5,0.0,0,558.0,16.0,351,2.502951440643697,-15.803013449522204
2019-12-18 14:00:00,25.7,64,18.4,0.0,0,475.0,15.1,348,3.139466531348174,-14.770028771080463
2019-12-18 15:00:00,25.4,66,18.5,0.0,0,345.0,14.6,344,4.024305394928184,-14.034420760699456
2019-12-18 16:00:00,24.5,70,18.6,0.0,3,177.0,15.2,346,3.6772128131149513,-14.748495039395143
2019-12-18 17:00:00,23.1,77,18.8,0.0,5,47.0,14.3,348,2.973137178693966,-13.98751069049342
2019-12-18 18:00:00,21.6,84,18.8,0.0,16,0.0,15.6,352,2.171100374977028,-15.448181872368496
2019-12-18 19:00:00,20.9,88,18.8,0.0,36,0.0,15.9,355,1.385776309687767,-15.839495699658755
2019-12-18 20:00:00,20.5,90,18.8,0.0,47,0.0,15.5,355,1.350914012588704,-15.441017820422056
2019-12-18 21:00:00,20.0,93,18.8,0.0,55,0.0,15.9,355,1.385776309687767,-15.839495699658755
2019-12-18 22:00:00,19.8,93,18.7,0.0,57,0.0,15.5,355,1.350914012588704,-15.441017820422056
2019-12-18 23:00:00,19.6,94,18.5,0.0,39,0.0,15.1,357,0.79027293926846,-15.079305974794064
2019-12-19 00:00:00,19.4,94,18.4,0.0,31,0.0,14.0,360,3.429011037612589e-15,-14.0
2019-12-19 01:00:00,19.3,94,18.3,0.0,25,0.0,12.2,360,2.9881381899195417e-15,-12.2
2019-12-19 02:00:00,19.1,94,18.2,0.0,28,0.0,11.2,356,0.781272505934207,-11.17271736291003
2019-12-19 03:00:00,19.1,93,18.0,0.0,19,0.0,10.9,352,1.5169868004647182,-10.793921949283115
2019-12-19 04:00:00,19.0,94,18.0,0.0,19,0.0,11.6,353,1.4136843834997077,-11.513535359039336
2019-12-19 05:00:00,18.6,95,17.9,0.0,17,0.0,12.7,353,1.5477406612453697,-12.60533612584479
2019-12-19 06:00:00,18.6,95,17.8,0.0,21,0.0,12.6,358,0.4397336584515103,-12.592324420440606
2019-12-19 07:00:00,18.6,95,17.9,0.0,20,1.0,11.9,360,2.9146593819707008e-15,-11.9
2019-12-19 08:00:00,19.6,92,18.3,0.0,8,70.0,11.6,353,1.4136843834997077,-11.513535359039336
2019-12-19 09:00:00,21.3,84,18.5,0.0,2,211.0,11.8,348,2.4533579516495667,-11.542141688658909
2019-12-19 10:00:00,22.8,76,18.4,0.0,3,382.0,12.7,345,3.2870018728020125,-12.267257993871167
2019-12-19 11:00:00,24.0,70,18.2,0.0,2,519.0,15.0,343,4.385575570841057,-14.34457133944553
2019-12-19 12:00:00,24.7,67,18.1,0.0,0,581.0,18.6,345,4.814034238906885,-17.96622036897667
2019-12-19 13:00:00,25.0,65,18.0,0.0,0,549.0,20.7,352,2.880883189873364,-20.498549022950503
2019-12-19 14:00:00,24.9,66,18.0,0.0,0,472.0,21.7,355,1.8912796176241853,-21.61742494859088
2019-12-19 15:00:00,24.0,70,18.1,0.0,1,335.0,21.6,358,0.7538291287740179,-21.58684186361247
2019-12-19 16:00:00,23.2,73,18.0,0.0,2,179.0,20.2,1,-0.3525386100331269,-20.196923442159104
2019-12-19 17:00:00,22.0,78,18.0,0.0,4,48.0,16.9,359,0.2949456687900921,-16.89742604814301
2019-12-19 18:00:00,20.7,84,17.9,0.0,4,0.0,16.6,358,0.5793316452615137,-16.58988772851699
2019-12-19 19:00:00,19.9,87,17.8,0.0,3,0.0,17.4,354,1.8187952608571691,-17.304680979407955
2019-12-19 20:00:00,19.5,89,17.7,0.0,9,0.0,19.9,355,1.7343992806784003,-19.824274492025737
2019-12-19 21:00:00,19.3,90,17.5,0.0,11,0.0,20.2,357,1.0571863161074762,-20.17231660204239
2019-12-19 22:00:00,19.0,90,17.2,0.0,17,0.0,19.9,356,1.3881538275081,-19.8515246001705
2019-12-19 23:00:00,18.7,89,16.9,0.0,27,0.0,19.8,358,0.6910100347095163,-19.787938374978097
2019-12-20 00:00:00,18.4,89,16.6,0.0,62,0.0,19.4,359,0.338576684883301,-19.39704528603399
2019-12-20 01:00:00,18.3,88,16.3,0.0,61,0.0,19.5,358,0.6805401856987661,-19.488121126872368
2019-12-20 02:00:00,18.4,86,15.9,0.0,62,0.0,20.2,357,1.0571863161074762,-20.17231660204239
2019-12-20 03:00:00,18.6,84,15.9,0.4,54,0.0,20.2,360,4.9475730685553065e-15,-20.2
2019-12-20 04:00:00,18.6,84,15.8,0.1,45,0.0,18.4,360,4.506700220862259e-15,-18.4
2019-12-20 05:00:00,18.7,83,15.8,0.3,50,0.0,17.6,360,4.310756732998684e-15,-17.6
2019-12-20 06:00:00,18.6,84,15.8,0.0,46,0.0,16.2,4,-1.1300548746548298,-16.16053761420915
2019-12-20 07:00:00,18.6,84,15.8,0.1,48,1.0,15.5,360,3.796405077356795e-15,-15.5
2019-12-20 08:00:00,19.4,81,16.1,0.0,34,48.0,15.9,357,0.8321417042628155,-15.878209602597725
2019-12-20 09:00:00,20.7,76,16.3,0.0,28,153.0,15.9,355,1.385776309687767,-15.839495699658755
2019-12-20 10:00:00,21.6,72,16.4,0.0,23,232.0,16.7,353,2.0352180348659585,-16.575520732410077
2019-12-20 11:00:00,22.8,67,16.3,0.0,20,395.0,17.1,352,2.3798600264171266,-16.933583975480854
2019-12-20 12:00:00,23.5,64,16.4,0.2,23,434.0,17.7,347,3.981633661886416,-17.24635014669866
2019-12-20 13:00:00,23.4,66,16.7,0.4,17,408.0,18.7,349,3.568128213541385,-18.35642833047132
2019-12-20 14:00:00,23.3,66,16.7,0.3,45,387.0,18.4,356,1.2835191168919116,-18.355178524780765
2019-12-20 15:00:00,22.6,71,17.1,0.7,48,235.0,17.6,359,0.3071623532961907,-17.59731943475249
2019-12-20 16:00:00,22.0,76,17.6,0.5,55,129.0,16.9,358,0.5898014942722639,-16.889704976622717
2019-12-20 17:00:00,21.2,80,17.6,0.2,42,34.0,17.8,353,2.1692743126116207,-17.667321499215532
2019-12-20 18:00:00,20.3,85,17.7,0.5,59,0.0,18.1,354,1.891965185144527,-18.000846306165748
2019-12-20 19:00:00,19.8,89,17.9,0.7,39,0.0,19.5,356,1.36025123801045,-19.45249898006657
2019-12-20 20:00:00,19.6,90,17.9,0.4,49,0.0,19.5,355,1.6995369835793372,-19.42579661278904
2019-12-20 21:00:00,19.4,91,17.9,0.4,57,0.0,20.2,355,1.760546003502698,-20.12313290145326
2019-12-20 22:00:00,19.2,92,17.9,0.3,61,0.0,19.9,355,1.7343992806784003,-19.824274492025737
2019-12-20 23:00:00,19.1,92,17.8,0.5,30,0.0,18.8,357,0.983915977367354,-18.77423525338599
2019-12-21 00:00:00,19.0,93,17.8,0.2,26,0.0,17.3,359,0.3019266313650056,-17.29736512620557
2019-12-21 01:00:00,18.8,94,17.8,0.3,25,0.0,14.8,357,0.7745721523955768,-14.779717114367694
2019-12-21 02:00:00,18.6,94,17.6,0.0,35,0.0,13.4,352,1.8649195528648828,-13.26959212113704
2019-12-21 03:00:00,18.6,94,17.6,0.0,32,0.0,12.8,350,2.222696674136709,-12.605539238556265
2019-12-21 04:00:00,18.6,95,17.7,0.0,39,0.0,13.6,349,2.595002337121008,-13.35012969488823
2019-12-21 05:00:00,18.7,95,17.8,0.0,34,0.0,13.5,351,2.1118652780431195,-13.33379259803436
2019-12-21 06:00:00,18.7,94,17.7,0.0,26,0.0,13.7,357,0.7170026005283379,-13.68122462613766
2019-12-21 07:00:00,18.7,94,17.8,0.0,27,1.0,12.3,355,1.0720156357961974,-12.253194786528471
2019-12-21 08:00:00,19.4,93,18.3,0.0,23,58.0,13.9,350,2.4137096695703324,-13.688827766869691
2019-12-21 09:00:00,21.0,86,18.6,0.0,27,193.0,15.2,353,1.8524140197582375,-15.086701504948095
2019-12-21 10:00:00,22.4,78,18.4,0.0,30,339.0,15.2,356,1.0602984009107097,-15.162973563949327
2019-12-21 11:00:00,23.4,73,18.3,0.0,18,466.0,13.8,354,1.442492793093617,-13.724402156082173
2019-12-21 12:00:00,24.2,70,18.4,0.0,51,501.0,13.8,353,1.681796938991032,-13.697136892650246
2019-12-21 13:00:00,24.5,69,18.5,0.0,60,462.0,15.3,351,2.393447315115536,-15.111631611105606
2019-12-21 14:00:00,24.5,69,18.5,0.0,61,433.0,17.7,356,1.2346895852710238,-17.65688368959889
2019-12-21 15:00:00,22.9,77,18.7,0.2,51,142.0,17.3,360,4.237277925049842e-15,-17.3
2019-12-21 16:00:00,22.5,78,18.6,0.0,36,120.0,16.2,1,-0.2827289842839929,-16.197532661533536
2019-12-21 17:00:00,21.8,82,18.5,0.0,21,41.0,14.1,357,0.7379369830255156,-14.080676440039491
2019-12-21 18:00:00,20.9,86,18.5,0.0,13,0.0,14.0,1,-0.2443336901219691,-13.997867732189478
2019-12-21 19:00:00,20.4,88,18.4,0.0,14,0.0,12.2,358,0.42577385977051,-12.192568089632967
2019-12-21 20:00:00,20.0,90,18.3,0.0,13,0.0,10.5,354,1.0975488643103608,-10.44247990136687
2019-12-21 21:00:00,19.5,92,18.3,0.0,55,0.0,9.9,350,1.719116958902611,-9.74959675482086
2019-12-21 22:00:00,19.2,94,18.2,0.0,32,0.0,9.6,347,2.159530121701107,-9.353952621938255
2019-12-21 23:00:00,19.2,94,18.2,0.0,52,0.0,9.5,349,1.8126854560771744,-9.325458242752807
2019-12-22 00:00:00,19.0,95,18.1,0.0,60,0.0,8.8,351,1.3766232923540338,-8.691657397237211
2019-12-22 01:00:00,18.9,95,18.1,0.0,56,0.0,9.2,349,1.7554427574642109,-9.030970087718508
2019-12-22 02:00:00,18.9,95,18.1,0.0,52,0.0,9.1,351,1.4235536318661028,-8.987963899415753
2019-12-22 03:00:00,19.5,93,18.4,0.0,47,0.0,9.8,354,1.0243789400230034,-9.746314574609078
2019-12-22 04:00:00,19.4,94,18.4,0.0,32,0.0,9.5,351,1.4861274178821953,-9.383039235653808
2019-12-22 05:00:00,19.3,94,18.4,0.0,27,0.0,9.8,343,2.8652427062828245,-9.371786608437748
2019-12-22 06:00:00,19.3,94,18.4,0.1,14,0.0,9.7,345,2.5105447374944503,-9.369480515003962
2019-12-22 07:00:00,19.3,94,18.4,0.0,27,1.0,9.4,356,0.655710853194781,-9.377102072442348
2019-12-22 08:00:00,20.3,90,18.6,0.1,29,54.0,9.7,356,0.6766377953180186,-9.676371287520292
2019-12-22 09:00:00,21.5,84,18.7,0.0,20,159.0,9.3,344,2.5634274090980904,-8.939733772226367
2019-12-22 10:00:00,22.4,79,18.6,0.0,21,267.0,11.8,333,5.357087896926655,-10.51387698542274
2019-12-22 11:00:00,23.0,77,18.6,0.1,35,371.0,13.9,335,5.87439383819572,-12.597678239809436
2019-12-22 12:00:00,23.3,75,18.6,0.0,41,339.0,15.7,340,5.3697162502129965,-14.75317414633876
2019-12-22 13:00:00,23.4,74,18.6,0.0,30,399.0,17.1,345,4.425805671253104,-16.51733162954307
2019-12-22 14:00:00,23.4,74,18.4,0.0,38,338.0,17.2,349,3.281914720476568,-16.883987555299818
2019-12-22 15:00:00,23.9,71,18.4,0.0,25,298.0,17.2,350,2.986748655871202,-16.938693351809977
2019-12-22 16:00:00,23.3,73,18.1,0.0,25,162.0,16.7,353,2.0352180348659585,-16.575520732410077
2019-12-22 17:00:00,22.3,76,17.9,0.0,18,51.0,16.0,351,2.502951440643697,-15.803013449522204
2019-12-22 18:00:00,21.0,82,17.8,0.0,14,0.0,14.8,356,1.0323958114130594,-14.763947943845398
2019-12-22 19:00:00,20.2,86,17.8,0.0,13,0.0,14.4,357,0.7536377698983989,-14.380265300465863
2019-12-22 20:00:00,19.7,89,17.8,0.0,11,0.0,13.0,358,0.4536934571325107,-12.992080751248244
2019-12-22 21:00:00,19.2,91,17.7,0.0,11,0.0,11.2,360,2.743208830090071e-15,-11.2
2019-12-22 22:00:00,18.9,92,17.6,0.0,9,0.0,10.8,358,0.3769145643870089,-10.793420931806237
2019-12-22 23:00:00,18.7,93,17.5,0.0,8,0.0,10.8,356,0.7533699164365569,-10.773691742806102
2019-12-23 00:00:00,18.4,93,17.3,0.0,8,0.0,12.0,353,1.4624321208617668,-11.910553819695863
2019-12-23 01:00:00,18.2,93,17.1,0.0,9,0.0,12.8,350,2.222696674136709,-12.605539238556265
2019-12-23 02:00:00,18.1,93,16.9,0.0,16,0.0,14.2,353,1.7305446763530905,-14.094155353306771
2019-12-23 03:00:00,17.9,93,16.7,0.0,21,0.0,15.2,356,1.0602984009107097,-15.162973563949327
2019-12-23 04:00:00,17.7,93,16.5,0.0,20,0.0,14.8,359,0.2582956152717967,-14.79774588831459
2019-12-23 05:00:00,17.5,93,16.3,0.0,28,0.0,14.4,359,0.2513146526968833,-14.397806810252035
2019-12-23 06:00:00,17.4,92,16.2,0.0,12,0.0,13.7,358,0.4781231048242612,-13.691654330161612
2019-12-23 07:00:00,17.3,92,16.1,0.0,8,1.0,13.3,360,3.25756048573196e-15,-13.3
2019-12-23 08:00:00,18.4,89,16.6,0.0,9,70.0,14.1,357,0.7379369830255156,-14.080676440039491
2019-12-23 09:00:00,20.3,81,16.9,0.0,7,226.0,14.0,359,0.2443336901219698,-13.997867732189478
2019-12-23 10:00:00,21.9,72,16.7,0.0,2,386.0,13.3,358,0.4641633061432609,-13.291897999353974
2019-12-23 11:00:00,23.2,66,16.6,0.0,5,509.0,12.6,357,0.659433048661099,-12.58273213790763
2019-12-23 12:00:00,24.0,64,16.7,0.0,2,569.0,13.4,352,1.8649195528648828,-13.26959212113704
2019-12-23 13:00:00,24.4,63,16.9,0.0,1,566.0,13.4,352,1.8649195528648828,-13.26959212113704
2019-12-23 14:00:00,24.4,64,17.1,0.0,1,499.0,13.8,351,2.158795617555189,-13.6300991002129
2019-12-23 15:00:00,23.9,65,16.9,0.0,2,375.0,15.3,351,2.393447315115536,-15.111631611105606
2019-12-23 16:00:00,23.1,68,16.8,0.0,2,211.0,16.3,352,2.268521545649074,-16.141369520487597
2019-12-23 17:00:00,21.8,74,16.9,0.0,3,56.0,15.2,355,1.3247672897644065,-15.142159410994532
2019-12-23 18:00:00,20.2,80,16.7,0.0,5,0.0,15.9,356,1.1091279325315977,-15.861268399131204
2019-12-23 19:00:00,19.4,84,16.7,0.0,1,0.0,15.5,360,3.796405077356795e-15,-15.5
2019-12-23 20:00:00,18.8,88,16.7,0.0,1,0.0,14.4,360,3.5269827815443773e-15,-14.4
2019-12-23 21:00:00,18.4,90,16.7,0.0,1,0.0,13.3,358,0.4641633061432609,-13.291897999353974
2019-12-23 22:00:00,18.1,92,16.8,0.0,0,0.0,12.3,357,0.6437322617882157,-12.283143277481258
2019-12-23 23:00:00,18.0,93,16.8,0.0,1,0.0,12.6,355,1.0981623586204947,-12.552053195955994
2019-12-24 00:00:00,18.0,93,16.9,0.0,1,0.0,13.0,358,0.4536934571325107,-12.992080751248244
2019-12-24 01:00:00,17.9,94,16.8,0.0,3,0.0,12.2,2,-0.4257738597705118,-12.192568089632967
2019-12-24 02:00:00,17.8,93,16.7,0.0,5,0.0,10.9,6,-1.1393602496174229,-10.84028865951418
2019-12-24 03:00:00,17.4,94,16.5,0.0,5,0.0,9.5,9,-1.4861274178821933,-9.38303923565381
2019-12-24 04:00:00,17.3,94,16.4,0.0,5,0.0,9.1,7,-1.109011024986842,-9.032169979936029
2019-12-24 05:00:00,17.0,95,16.3,0.0,3,0.0,9.1,7,-1.109011024986842,-9.032169979936029
2019-12-24 06:00:00,16.9,96,16.2,0.0,0,0.0,9.0,360,2.204364238465236e-15,-9.0
2019-12-24 07:00:00,16.9,96,16.2,0.0,1,1.0,10.4,2,-0.3629547657060101,-10.393664600998596
2019-12-24 08:00:00,18.1,93,17.0,0.0,3,71.0,13.0,358,0.4536934571325107,-12.992080751248244
2019-12-24 09:00:00,20.5,83,17.6,0.0,4,231.0,14.4,359,0.2513146526968833,-14.397806810252035
2019-12-24 10:00:00,22.0,74,17.2,0.0,3,362.0,14.8,1,-0.258295615271796,-14.79774588831459
2019-12-24 11:00:00,23.1,68,16.9,0.0,0,467.0,14.0,359,0.2443336901219698,-13.997867732189478
2019-12-24 12:00:00,23.8,65,16.9,0.0,0,551.0,14.1,354,1.473851332073913,-14.022758724692652
2019-12-24 13:00:00,24.2,64,17.0,0.0,1,573.0,16.0,352,2.226769615361054,-15.844289099865124
2019-12-24 14:00:00,24.2,65,17.1,0.0,2,493.0,18.4,354,1.9233237241248229,-18.299202874776228
2019-12-24 15:00:00,23.5,68,17.3,0.0,2,348.0,19.5,358,0.6805401856987661,-19.488121126872368
2019-12-24 16:00:00,22.8,70,17.2,0.0,0,206.0,18.7,359,0.3263600003772026,-18.697151899424515
2019-12-24 17:00:00,21.5,76,17.1,0.0,1,53.0,17.3,358,0.6037612929532643,-17.289461307430358
2019-12-24 18:00:00,20.1,83,17.1,0.0,3,0.0,16.6,4,-1.15795746415248,-16.55956323431308
2019-12-24 19:00:00,19.2,88,17.2,0.0,1,0.0,16.6,360,4.065827373169213e-15,-16.6
2019-12-24 20:00:00,18.7,91,17.2,0.0,2,0.0,16.2,357,0.8478424911356988,-16.177798463024097
2019-12-24 21:00:00,18.4,93,17.2,0.0,1,0.0,15.9,357,0.8321417042628155,-15.878209602597725
2019-12-24 22:00:00,18.0,94,17.1,0.0,3,0.0,15.5,356,1.0812253430339474,-15.462242779027276
2019-12-24 23:00:00,17.8,95,17.0,0.0,4,0.0,16.2,357,0.8478424911356988,-16.177798463024097
2019-12-25 00:00:00,17.7,95,16.9,0.0,8,0.0,15.1,360,3.698433333425007e-15,-15.1
2019-12-25 01:00:00,17.6,95,16.8,0.0,12,0.0,13.0,358,0.4536934571325107,-12.992080751248244
2019-12-25 02:00:00,17.6,94,16.7,0.0,15,0.0,11.9,357,0.622797879291038,-11.88369146357943
2019-12-25 03:00:00,17.8,93,16.7,0.0,38,0.0,11.5,356,0.8021994480574448,-11.47198657798798
2019-12-25 04:00:00,17.7,94,16.8,0.0,75,0.0,11.6,355,1.0110066158728364,-11.555858497864248
2019-12-25 05:00:00,17.9,95,17.0,0.0,65,0.0,11.9,355,1.037153338697134,-11.854716907291772
2019-12-25 06:00:00,18.1,95,17.3,0.0,70,0.0,13.4,355,1.1678869528186215,-13.34900895442939
2019-12-25 07:00:00,18.2,95,17.4,0.0,83,0.0,13.7,358,0.4781231048242612,-13.691654330161612
2019-12-25 08:00:00,19.2,91,17.7,0.0,71,34.0,13.7,357,0.7170026005283379,-13.68122462613766
2019-12-25 09:00:00,20.7,83,17.8,0.0,67,89.0,12.7,352,1.7674983821928365,-12.57640447301794
2019-12-25 10:00:00,21.8,76,17.5,0.0,65,126.0,11.8,348,2.4533579516495667,-11.542141688658909
2019-12-25 11:00:00,22.8,70,17.1,0.0,56,190.0,10.6,342,3.275580140374445,-10.081199072728626
2019-12-25 12:00:00,23.7,67,17.1,0.0,69,325.0,10.7,340,3.659615533584654,-10.05471104240922
2019-12-25 13:00:00,24.3,64,17.2,0.0,69,447.0,12.1,343,3.5376976271451195,-11.571287547152728
2019-12-25 14:00:00,24.5,64,17.1,0.0,71,399.0,11.8,348,2.4533579516495667,-11.542141688658909
2019-12-25 15:00:00,24.3,63,16.8,0.0,43,221.0,10.3,348,2.141490415422927,-10.074920287558198
2019-12-25 16:00:00,23.8,65,16.9,0.0,30,151.0,10.6,342,3.275580140374445,-10.081199072728626
2019-12-25 17:00:00,22.6,72,17.3,0.0,25,46.0,10.9,343,3.186851581477835,-10.423721839997086
2019-12-25 18:00:00,21.1,80,17.5,0.0,24,0.0,12.7,353,1.5477406612453697,-12.60533612584479
2019-12-25 19:00:00,20.3,86,17.8,0.0,21,0.0,11.5,358,0.4013442120787595,-11.4929945107196
2019-12-25 20:00:00,19.7,89,17.9,0.0,34,0.0,9.4,353,1.145571828008384,-9.329933825428428
2019-12-25 21:00:00,19.3,92,18.0,0.0,21,0.0,8.9,346,2.153104870837044,-8.635631963856369
2019-12-25 22:00:00,19.0,94,18.0,0.0,21,0.0,9.3,347,2.092044805397948,-9.061641602502688
2019-12-25 23:00:00,18.8,95,17.9,0.0,24,0.0,10.9,351,1.7051356689385189,-10.765802912487
2019-12-26 00:00:00,18.7,95,17.8,0.0,28,0.0,11.5,356,0.8021994480574448,-11.47198657798798
2019-12-26 01:00:00,18.6,95,17.8,0.0,24,0.0,11.5,356,0.8021994480574448,-11.47198657798798
2019-12-26 02:00:00,18.5,95,17.7,0.0,23,0.0,11.2,354,1.1707187885977182,-11.13864522812466
2019-12-26 03:00:00,18.4,96,17.8,0.0,23,0.0,12.4,352,1.725746451904817,-12.279324052395472
2019-12-26 04:00:00,18.5,96,17.9,0.0,26,0.0,14.6,351,2.283943189587374,-14.42024977268901
2019-12-26 05:00:00,18.6,96,17.9,0.0,27,0.0,16.0,352,2.226769615361054,-15.844289099865124
2019-12-26 06:00:00,18.7,95,18.0,0.0,21,0.0,17.0,356,1.1858600536501358,-16.958588854417012
2019-12-26 07:00:00,18.8,95,17.9,0.0,17,1.0,17.3,359,0.3019266313650056,-17.29736512620557
2019-12-26 08:00:00,19.6,92,18.2,0.0,40,49.0,18.7,360,4.580179028811101e-15,-18.7
2019-12-26 09:00:00,21.1,84,18.3,0.0,35,144.0,18.4,1,-0.3211242784460166,-18.3971975908776
2019-12-26 10:00:00,22.8,75,18.1,0.0,25,258.0,19.1,1,-0.333340962952115,-19.097090977487078
2019-12-26 11:00:00,24.3,67,17.8,0.0,23,328.0,19.8,1,-0.3455576474582135,-19.79698436409655
2019-12-26 12:00:00,25.3,63,17.8,0.0,28,379.0,20.5,359,0.3577743319643129,-20.49687775070602
2019-12-26 13:00:00,25.6,62,17.9,0.0,25,419.0,22.0,358,0.7677889274550181,-21.986598194420107
2019-12-26 14:00:00,25.4,63,17.9,0.0,21,392.0,22.7,359,0.3961696261263368,-22.69654268005008
2019-12-26 15:00:00,25.6,63,18.0,0.0,19,322.0,22.7,358,0.7922185751467686,-22.686171773333477
2019-12-26 16:00:00,24.7,67,18.1,0.0,18,196.0,21.3,354,2.226456267601018,-21.183316371344223
2019-12-26 17:00:00,23.2,72,17.9,0.0,19,55.0,21.7,354,2.268267652908079,-21.58112512949153
2019-12-26 18:00:00,21.6,79,17.7,0.0,20,1.0,20.9,2,-0.7293994810822702,-20.8872682846991
2019-12-26 19:00:00,20.6,83,17.7,0.0,41,0.0,19.4,360,4.75162958069173e-15,-19.4
2019-12-26 20:00:00,20.0,87,17.7,0.0,41,0.0,19.6,354,2.048757880046007,-19.49262914921816
2019-12-26 21:00:00,19.8,87,17.6,0.0,41,0.0,22.0,355,1.917426340448483,-21.9162833580184
2019-12-26 22:00:00,19.4,86,17.0,0.0,47,0.0,22.3,358,0.7782587764657684,-22.28641544252584
2019-12-26 23:00:00,19.1,84,16.3,0.0,46,0.0,21.6,356,1.506739832873114,-21.547383485612205
2019-12-27 00:00:00,18.7,82,15.6,0.0,47,0.0,22.8,355,1.9871509346466096,-22.7132391164918
2019-12-27 01:00:00,18.3,81,14.9,0.0,44,0.0,23.4,356,1.6323014856125395,-23.342998776079884
2019-12-27 02:00:00,18.0,79,14.3,0.0,42,0.0,24.1,357,1.2612965454549594,-24.06697178758523
2019-12-27 03:00:00,18.1,78,14.3,0.0,44,0.0,24.5,358,0.8550376692112702,-24.485075261967847
2019-12-27 04:00:00,17.9,77,13.9,0.0,48,0.0,24.8,359,0.4328196796446323,-24.796222839878503
2019-12-27 05:00:00,17.7,77,13.6,0.0,59,0.0,24.5,358,0.8550376692112702,-24.485075261967847
2019-12-27 06:00:00,17.6,76,13.3,0.0,60,0.0,23.4,357,1.224661376084898,-23.367931113257026
2019-12-27 07:00:00,17.5,76,13.1,0.0,62,0.0,23.4,357,1.224661376084898,-23.367931113257026
2019-12-27 08:00:00,17.8,73,13.0,0.0,58,39.0,24.9,355,2.170177994416692,-24.805247982484463
2019-12-27 09:00:00,18.5,70,12.9,0.0,57,138.0,26.7,356,1.8624978489681543,-26.634960141937302
2019-12-27 10:00:00,19.4,66,12.8,0.0,57,247.0,26.4,355,2.30091160853818,-26.29954002962208
2019-12-27 11:00:00,19.9,64,12.9,0.0,46,271.0,25.7,355,2.239902588614819,-25.60220374095786
2019-12-27 12:00:00,20.7,61,13.0,0.0,53,412.0,24.3,354,2.540041657403978,-24.16688205744904
2019-12-27 13:00:00,21.2,60,13.1,0.0,75,424.0,22.5,354,2.351890423522202,-22.37674264578615
2019-12-27 14:00:00,21.2,60,13.2,0.0,95,336.0,21.1,352,2.9365524302573904,-20.89465625044713
2019-12-27 15:00:00,20.1,63,12.8,0.0,100,129.0,20.1,351,3.144332747308645,-19.85253564596227
2019-12-27 16:00:00,19.4,66,12.8,0.0,100,32.0,19.0,350,3.2993153756716773,-18.711347307231957
2019-12-27 17:00:00,18.6,71,13.2,0.1,100,5.0,18.2,352,2.532950437473199,-18.02287885109658
2019-12-27 18:00:00,17.8,74,13.2,0.1,100,0.0,19.1,358,0.6665803870177658,-19.08836479606473
2019-12-27 19:00:00,17.2,77,13.2,0.1,100,0.0,18.4,357,0.9629815948701764,-18.37478343948416
2019-12-27 20:00:00,17.1,78,13.2,0.1,100,0.0,16.9,358,0.5898014942722639,-16.889704976622717
2019-12-27 21:00:00,17.0,78,13.2,0.0,100,0.0,15.8,359,0.2757480217090802,-15.797593583470984
2019-12-27 22:00:00,16.9,79,13.2,0.0,100,0.0,15.5,356,1.0812253430339474,-15.462242779027276
2019-12-27 23:00:00,16.9,79,13.2,0.0,100,0.0,14.1,354,1.473851332073913,-14.022758724692652
2019-12-28 00:00:00,17.0,79,13.2,0.0,100,0.0,13.8,354,1.442492793093617,-13.724402156082173
2019-12-28 01:00:00,16.9,79,13.2,0.0,100,0.0,14.1,354,1.473851332073913,-14.022758724692652
2019-12-28 02:00:00,16.9,79,13.3,0.0,100,0.0,14.8,354,1.5470212563612706,-14.718924051450443
2019-12-28 03:00:00,17.2,79,13.6,0.0,96,0.0,15.1,357,0.79027293926846,-15.079305974794064
2019-12-28 04:00:00,17.1,79,13.5,0.0,88,0.0,15.1,359,0.2635313372029818,-15.097700196861508
2019-12-28 05:00:00,17.1,80,13.6,0.0,85,0.0,13.7,357,0.7170026005283379,-13.68122462613766
2019-12-28 06:00:00,17.2,80,13.7,0.0,65,0.0,10.1,354,1.0557374790032994,-10.04467114321956
2019-12-28 07:00:00,17.2,81,13.8,0.0,58,0.0,10.8,4,-0.7533699164365533,-10.773691742806102
2019-12-28 08:00:00,18.0,78,14.2,0.0,50,30.0,10.2,352,1.419565629792672,-10.100734301164016
2019-12-28 09:00:00,19.2,73,14.3,0.0,65,89.0,10.0,345,2.588190451025207,-9.659258262890685
2019-12-28 10:00:00,20.3,69,14.4,0.0,79,128.0,11.2,345,2.8987733051482314,-10.818369254437563
2019-12-28 11:00:00,21.2,66,14.5,0.0,97,201.0,11.8,348,2.4533579516495667,-11.542141688658909
2019-12-28 12:00:00,22.0,63,14.6,0.0,85,318.0,11.5,346,2.7821017993961803,-11.15840085217396
2019-12-28 13:00:00,22.5,61,14.7,0.0,66,374.0,10.7,340,3.659615533584654,-10.05471104240922
2019-12-28 14:00:00,22.9,60,14.8,0.0,60,330.0,10.0,339,3.583679495453008,-9.335804264972015
2019-12-28 15:00:00,22.8,60,14.5,0.0,54,173.0,9.5,335,4.014873486536643,-8.609923976848176
2019-12-28 16:00:00,22.3,62,14.7,0.0,58,35.0,10.8,334,4.73440838532204,-9.706975700031002
2019-12-28 17:00:00,21.6,66,15.0,0.0,59,12.0,10.4,340,3.5570094905869536,-9.772803256173448
2019-12-28 18:00:00,20.9,71,15.4,0.0,62,0.0,12.9,347,2.9018686010358627,-12.569373835729534
2019-12-28 19:00:00,20.5,74,15.7,0.0,52,0.0,11.9,357,0.622797879291038,-11.88369146357943
2019-12-28 20:00:00,20.2,77,16.0,0.0,54,0.0,10.9,351,1.7051356689385189,-10.765802912487
2019-12-28 21:00:00,20.0,79,16.3,0.1,54,0.0,10.2,337,3.985457510590593,-9.38914950521489
2019-12-28 22:00:00,19.8,82,16.6,0.2,68,0.0,9.8,332,4.60082131530173,-8.652886410017485
2019-12-28 23:00:00,19.6,85,17.0,2.0,68,0.0,10.2,337,3.985457510590593,-9.38914950521489
2019-12-29 00:00:00,19.2,87,16.9,2.1,56,0.0,9.1,342,2.812054648812024,-8.654614298285896
2019-12-29 01:00:00,18.8,90,17.2,1.6,47,0.0,11.8,337,4.610627316173432,-10.861957270738795
2019-12-29 02:00:00,18.7,90,17.1,1.6,37,0.0,12.9,347,2.9018686010358627,-12.569373835729534
2019-12-29 03:00:00,18.8,91,17.3,1.5,51,0.0,12.5,348,2.5988961352219984,-12.22684500917257
2019-12-29 04:00:00,18.6,91,17.2,0.7,30,0.0,11.7,342,3.615498834186888,-11.127361240653295
2019-12-29 05:00:00,18.5,91,17.1,1.5,47,0.0,12.4,343,3.625409138561941,-11.85817897394164
2019-12-29 06:00:00,18.6,92,17.2,1.9,67,0.0,12.8,350,2.222696674136709,-12.605539238556265
2019-12-29 07:00:00,18.6,92,17.2,1.8,75,0.0,15.9,356,1.1091279325315977,-15.861268399131204
2019-12-29 08:00:00,18.9,91,17.5,2.2,67,8.0,16.5,349,3.148348423712987,-16.196848526886455
2019-12-29 09:00:00,19.1,92,17.8,2.1,89,9.0,16.0,346,3.870750329594686,-15.524731620415944
2019-12-29 10:00:00,19.2,92,17.8,2.2,90,12.0,15.7,351,2.456021101131628,-15.50670694734366
2019-12-29 11:00:00,19.2,92,17.8,2.5,94,2.0,15.5,357,0.8112073217656377,-15.478757788695894
2019-12-29 12:00:00,19.2,93,18.0,2.6,95,36.0,15.5,355,1.350914012588704,-15.441017820422056
2019-12-29 13:00:00,19.5,92,18.3,2.5,99,56.0,17.0,356,1.1858600536501358,-16.958588854417012
2019-12-29 14:00:00,19.6,92,18.3,2.4,95,59.0,17.7,356,1.2346895852710238,-17.65688368959889
2019-12-29 15:00:00,19.4,93,18.3,4.1,91,0.0,18.8,353,2.291143656016768,-18.659867650856857
2019-12-29 16:00:00,19.4,93,18.3,3.3,77,26.0,17.3,360,4.237277925049842e-15,-17.3
2019-12-29 17:00:00,19.3,92,18.1,2.7,73,18.0,15.5,360,3.796405077356795e-15,-15.5
2019-12-29 18:00:00,19.2,92,18.0,2.1,47,0.0,17.3,356,1.2067869957733734,-17.257858069494958
2019-12-29 19:00:00,19.2,92,18.0,1.6,54,0.0,16.6,2,-0.5793316452615161,-16.58988772851699
2019-12-29 20:00:00,19.3,92,18.0,1.2,67,0.0,15.7,11,-2.9957012274117534,-15.411546780128324
2019-12-29 21:00:00,19.3,92,17.9,0.7,56,0.0,14.3,12,-2.9731371786939587,-13.987510690493425
2019-12-29 22:00:00,19.2,92,17.8,0.0,41,0.0,13.1,8,-1.8231676225768567,-12.972511700514572
2019-12-29 23:00:00,19.2,92,17.9,0.0,52,0.0,12.6,2,-0.4397336584515122,-12.592324420440606
2019-12-30 00:00:00,19.1,93,17.9,0.4,35,0.0,13.0,354,1.3588700224794945,-12.928784639787551
2019-12-30 01:00:00,19.1,94,18.0,0.4,38,0.0,13.8,351,2.158795617555189,-13.6300991002129
2019-12-30 02:00:00,19.1,94,18.1,0.4,40,0.0,14.8,357,0.7745721523955768,-14.779717114367694
2019-12-30 03:00:00,19.2,93,18.1,0.4,32,0.0,14.8,360,3.624954525476166e-15,-14.8
2019-12-30 04:00:00,19.2,93,18.0,0.4,32,0.0,14.8,360,3.624954525476166e-15,-14.8
2019-12-30 05:00:00,19.2,93,18.1,0.5,66,0.0,14.8,1,-0.258295615271796,-14.79774588831459
2019-12-30 06:00:00,19.3,93,18.2,0.6,100,0.0,18.0,357,0.9420472123729986,-17.975331625582328
2019-12-30 07:00:00,19.5,93,18.4,0.8,100,0.0,16.8,351,2.6280990126758823,-16.593164121998313
2019-12-30 08:00:00,20.0,93,18.7,0.8,100,21.0,17.5,352,2.435529266801153,-17.32969120297748
2019-12-30 09:00:00,21.0,90,19.3,1.1,74,57.0,17.8,353,2.1692743126116207,-17.667321499215532
2019-12-30 10:00:00,22.0,85,19.4,1.5,100,145.0,21.4,352,2.9783043605454096,-21.1917366710696
2019-12-30 11:00:00,22.3,81,18.9,1.2,94,153.0,25.3,356,1.7648387857263783,-25.238370471573557
2019-12-30 12:00:00,22.1,82,18.8,2.3,92,185.0,25.3,4,-1.76483878572637,-25.238370471573557
2019-12-30 13:00:00,21.6,84,18.8,1.8,98,100.0,23.1,4,-1.6113745434892943,-23.04372956100194
2019-12-30 14:00:00,21.7,83,18.7,0.9,99,123.0,22.7,2,-0.792218575146772,-22.686171773333477
2019-12-30 15:00:00,21.4,77,17.1,0.0,100,69.0,21.6,360,5.290474172316566e-15,-21.6
2019-12-30 16:00:00,21.0,78,17.1,0.0,100,60.0,21.3,358,0.7433592797632675,-21.28702461550674
2019-12-30 17:00:00,20.4,82,17.2,0.2,100,22.0,21.2,1,-0.3699910164704104,-21.19677113731549
2019-12-30 18:00:00,20.1,84,17.4,0.1,55,0.0,20.2,2,-0.7049698333905196,-20.18769470578573
2019-12-30 19:00:00,20.0,86,17.6,0.0,71,0.0,19.1,357,0.9996167642402376,-19.07382411381236
2019-12-30 20:00:00,20.0,88,17.9,0.1,56,0.0,16.2,360,3.967855629237425e-15,-16.2
2019-12-30 21:00:00,20.0,90,18.2,0.2,61,0.0,14.9,353,1.8158532167366936,-14.7889376594557
2019-12-30 22:00:00,19.8,92,18.5,0.3,51,0.0,19.7,351,3.0817589612925524,-19.45746030972421
2019-12-30 23:00:00,19.8,94,18.8,0.6,52,0.0,20.6,356,1.4369833591289882,-20.54981943535238
2019-12-31 00:00:00,19.6,96,18.9,0.6,59,0.0,18.7,360,4.580179028811101e-15,-18.7
2019-12-31 01:00:00,19.5,95,18.8,0.6,68,0.0,17.3,356,1.2067869957733734,-17.257858069494958
2019-12-31 02:00:00,19.3,96,18.7,0.7,45,0.0,18.1,355,1.5775189437326156,-18.0311240354606
2019-12-31 03:00:00,19.2,95,18.4,0.5,34,0.0,19.5,356,1.36025123801045,-19.45249898006657
2019-12-31 04:00:00,19.0,94,18.0,0.4,49,0.0,21.3,358,0.7433592797632675,-21.28702461550674
2019-12-31 05:00:00,18.7,93,17.6,0.2,81,0.0,21.6,360,5.290474172316566e-15,-21.6
2019-12-31 06:00:00,18.5,92,17.1,0.6,88,0.0,19.4,360,4.75162958069173e-15,-19.4
2019-12-31 07:00:00,18.2,92,16.9,0.7,100,0.0,20.2,357,1.0571863161074762,-20.17231660204239
2019-12-31 08:00:00,18.3,91,16.9,1.4,100,13.0,22.0,356,1.534642422370764,-21.94640910571613
2019-12-31 09:00:00,18.7,90,17.0,1.2,100,55.0,22.0,356,1.534642422370764,-21.94640910571613
2019-12-31 10:00:00,19.2,86,16.8,0.7,99,162.0,23.1,356,1.6113745434893023,-23.04372956100194
2019-12-31 11:00:00,20.3,80,16.8,0.0,100,235.0,23.4,356,1.6323014856125395,-23.342998776079884
2019-12-31 12:00:00,21.0,76,16.6,0.1,100,316.0,22.3,357,1.1670918242176596,-22.269438625027
2019-12-31 13:00:00,21.1,75,16.4,0.1,100,318.0,20.6,355,1.7954083006017614,-20.52161078068996
2019-12-31 14:00:00,21.0,74,16.2,0.1,100,281.0,20.3,353,2.4739476711244888,-20.14868687831884
2019-12-31 15:00:00,20.3,77,16.1,0.2,100,130.0,20.7,352,2.880883189873364,-20.498549022950503
2019-12-31 16:00:00,19.6,78,15.7,0.2,97,62.0,21.0,353,2.559256211508092,-20.843469184467764
2019-12-31 17:00:00,18.7,81,15.4,0.2,100,25.0,20.2,355,1.760546003502698,-20.12313290145326
2019-12-31 18:00:00,18.0,83,15.0,0.3,100,0.0,19.9,355,1.7343992806784003,-19.824274492025737
2019-12-31 19:00:00,17.7,84,14.9,0.1,92,0.0,17.7,354,1.8501537998374653,-17.60303754801844
2019-12-31 20:00:00,17.5,84,14.7,0.1,99,0.0,17.2,350,2.986748655871202,-16.938693351809977
2019-12-31 21:00:00,17.4,84,14.6,0.1,90,0.0,16.5,350,2.8651949315043512,-16.249327924701433
2019-12-31 22:00:00,17.3,84,14.6,0.0,100,0.0,15.7,349,2.995701227411751,-15.411546780128324
2019-12-31 23:00:00,17.3,84,14.5,0.0,100,0.0,15.4,349,2.938458528798788,-15.117058625094026
2020-01-01 00:00:00,17.2,84,14.4,0.0,100,0.0,15.0,350,2.604722665003956,-14.77211629518312
2020-01-01 01:00:00,17.2,84,14.4,0.0,91,0.0,14.6,350,2.535263393937184,-14.378193193978236
2020-01-01 02:00:00,17.1,84,14.4,0.0,97,0.0,14.7,349,2.8048922320352063,-14.42991959668066
2020-01-01 03:00:00,17.1,85,14.6,0.3,99,0.0,14.3,350,2.4831689406371047,-14.082750868074577
2020-01-01 04:00:00,17.0,86,14.6,0.2,95,0.0,14.2,351,2.221369403571281,-14.025174436450952
2020-01-01 05:00:00,16.8,87,14.7,0.2,100,0.0,13.4,352,1.8649195528648828,-13.26959212113704
2020-01-01 06:00:00,16.7,88,14.7,0.1,93,0.0,11.2,356,0.781272505934207,-11.17271736291003
2020-01-01 07:00:00,16.7,89,14.8,0.0,84,0.0,10.5,352,1.4613175600806918,-10.397814721786489
2020-01-01 08:00:00,17.1,88,15.1,0.0,65,31.0,11.7,349,2.2324652459055723,-11.485038046337667
2020-01-01 09:00:00,18.3,84,15.5,0.0,44,128.0,12.8,350,2.222696674136709,-12.605539238556265
2020-01-01 10:00:00,19.1,80,15.6,0.0,50,175.0,12.4,350,2.153237403069937,-12.21161613735138
2020-01-01 11:00:00,20.1,77,15.9,0.0,45,317.0,11.8,348,2.4533579516495667,-11.542141688658909
2020-01-01 12:00:00,20.9,74,16.1,0.0,45,398.0,11.7,342,3.615498834186888,-11.127361240653295
2020-01-01 13:00:00,21.2,73,16.2,0.0,31,359.0,12.6,340,4.309453805903424,-11.840127021902443
2020-01-01 14:00:00,21.4,73,16.3,0.0,26,356.0,13.6,343,3.976255184229225,-13.00574468109728
2020-01-01 15:00:00,21.3,72,16.1,0.0,29,250.0,14.8,347,3.329275604289207,-14.42067695882148
2020-01-01 16:00:00,20.8,74,15.9,0.0,30,155.0,14.9,353,1.8158532167366936,-14.7889376594557
2020-01-01 17:00:00,20.0,77,15.9,0.0,30,56.0,12.3,355,1.0720156357961974,-12.253194786528471
2020-01-01 18:00:00,18.9,81,15.7,0.0,38,1.0,11.6,355,1.0110066158728364,-11.555858497864248
2020-01-01 19:00:00,18.4,84,15.6,0.0,42,0.0,9.4,358,0.3280552690035077,-9.3942737739795
2020-01-01 20:00:00,17.9,86,15.5,0.0,35,0.0,8.0,352,1.113384807680527,-7.922144549932562
2020-01-01 21:00:00,17.6,87,15.5,0.0,39,0.0,7.5,343,2.1927877854205287,-7.172285669722765
2020-01-01 22:00:00,17.4,88,15.5,0.0,37,0.0,7.3,340,2.4967470462773806,-6.859756131737131
2020-01-01 23:00:00,17.2,89,15.4,0.0,45,0.0,7.4,337,2.891410350820627,-6.811735915548058
2020-01-02 00:00:00,17.2,89,15.5,0.0,46,0.0,8.0,342,2.4721359549995814,-7.608452130361228
2020-01-02 01:00:00,17.3,89,15.6,0.0,53,0.0,8.1,347,1.8221035401853087,-7.892397524760404
2020-01-02 02:00:00,17.2,90,15.6,0.0,79,0.0,8.4,353,1.0237024846032368,-8.337387673787106
2020-01-02 03:00:00,17.5,89,15.6,0.1,73,0.0,8.3,355,0.7233926648055641,-8.268415994161488
2020-01-02 04:00:00,17.4,89,15.6,0.0,76,0.0,8.3,355,0.7233926648055641,-8.268415994161488
2020-01-02 05:00:00,17.4,89,15.6,0.1,78,0.0,8.0,352,1.113384807680527,-7.922144549932562
2020-01-02 06:00:00,17.4,89,15.6,0.0,65,0.0,7.6,352,1.0577155672965006,-7.526037322435934
2020-01-02 07:00:00,17.5,89,15.7,0.0,51,0.0,7.6,355,0.6623836448822031,-7.571079705497266
2020-01-02 08:00:00,18.0,89,16.2,0.0,37,39.0,8.0,355,0.6972459419812665,-7.969557584733964
2020-01-02 09:00:00,19.1,84,16.4,0.0,34,127.0,6.9,354,0.7212463965468086,-6.862201078041086
2020-01-02 10:00:00,20.2,79,16.4,0.0,26,243.0,4.8,347,1.0797650608505536,-4.6769763109691285
2020-01-02 11:00:00,20.9,76,16.6,0.0,20,341.0,3.8,319,2.493024310163928,-2.867896404846533
2020-01-02 12:00:00,21.6,74,16.7,0.0,14,389.0,6.5,304,5.38874422160777,-3.634753872559856
2020-01-02 13:00:00,21.9,72,16.7,0.0,8,365.0,9.2,309,7.1497428454041305,-5.789747597658504
2020-01-02 14:00:00,21.9,72,16.5,0.0,11,332.0,11.8,320,7.584893794301167,-9.03932442880394
2020-01-02 15:00:00,21.6,71,16.2,0.0,15,239.0,12.9,333,5.856477446640156,-11.493984162029944
2020-01-02 16:00:00,21.1,73,16.0,0.0,24,141.0,13.1,344,3.610849361202686,-12.592528216791978
2020-01-02 17:00:00,20.3,77,16.1,0.0,21,43.0,11.3,353,1.3771235804781636,-11.21577151354694
2020-01-02 18:00:00,19.5,80,16.1,0.0,24,1.0,9.7,358,0.3385251180142579,-9.694091022085228
2020-01-02 19:00:00,19.1,83,16.2,0.0,23,0.0,8.6,358,0.300135671641507,-8.594761112364223
2020-01-02 20:00:00,18.6,86,16.3,0.0,27,0.0,8.0,352,1.113384807680527,-7.922144549932562
2020-01-02 21:00:00,18.2,88,16.3,0.0,26,0.0,7.4,346,1.7902220274375422,-7.180188374442374
2020-01-02 22:00:00,17.9,90,16.3,0.0,26,0.0,7.2,342,2.2249223594996232,-6.8476069173251055
2020-01-02 23:00:00,17.7,92,16.4,0.0,16,0.0,7.5,343,2.1927877854205287,-7.172285669722765
2020-01-03 00:00:00,17.4,93,16.3,0.0,20,0.0,8.2,337,3.203995253612045,-7.548139798310009
2020-01-03 01:00:00,16.9,95,16.1,0.0,16,0.0,7.6,329,3.914289369316414,-6.514471485336052
2020-01-03 02:00:00,16.7,95,15.9,0.0,18,0.0,6.7,324,3.938161190359572,-5.420413862312147
2020-01-03 03:00:00,16.3,96,15.6,0.0,22,0.0,6.9,321,4.342310698243882,-5.362307134053097
2020-01-03 04:00:00,16.1,96,15.5,0.0,17,0.0,8.1,328,4.292346040288961,-6.869189578867049
2020-01-03 05:00:00,16.3,96,15.7,0.0,35,0.0,7.3,340,2.4967470462773806,-6.859756131737131
2020-01-03 06:00:00,16.6,96,16.0,0.0,23,0.0,7.1,345,1.8376152202278968,-6.858073366652385
2020-01-03 07:00:00,16.7,96,16.1,0.0,34,0.0,7.6,341,2.474317973874391,-7.185941174554808
2020-01-03 08:00:00,17.9,94,16.9,0.0,7,32.0,7.6,341,2.474317973874391,-7.185941174554808
2020-01-03 09:00:00,19.6,83,16.6,0.0,11,132.0,7.9,344,2.177535110954292,-7.59396739791272
2020-01-03 10:00:00,20.6,78,16.6,0.0,17,302.0,7.5,343,2.1927877854205287,-7.172285669722765
2020-01-03 11:00:00,21.3,74,16.5,0.0,16,380.0,6.8,335,2.873804179836754,-6.16289295184922
2020-01-03 12:00:00,21.8,71,16.3,0.0,17,405.0,7.1,319,4.658019105832603,-5.35843801958168
2020-01-03 13:00:00,22.1,68,15.9,0.0,16,423.0,7.6,315,5.374011537017762,-5.37401153701776
2020-01-03 14:00:00,22.2,67,15.8,0.0,22,393.0,8.4,310,6.434773322199416,-5.39941592136693
2020-01-03 15:00:00,22.0,66,15.4,0.0,31,316.0,8.9,310,6.817795543758906,-5.7208097262102
2020-01-03 16:00:00,21.6,68,15.4,0.0,38,198.0,8.2,319,5.37968403772216,-6.188618557826729
2020-01-03 17:00:00,21.0,71,15.6,0.0,43,38.0,5.6,333,2.542346798541463,-4.989636535454859
2020-01-03 18:00:00,20.2,76,15.7,0.0,38,1.0,6.8,360,1.6655196468404002e-15,-6.8
2020-01-03 19:00:00,19.3,82,16.1,0.0,24,0.0,6.2,353,0.7555899291119128,-6.153786140176197
2020-01-03 20:00:00,18.5,86,16.2,0.0,15,0.0,7.1,345,1.8376152202278968,-6.858073366652385
2020-01-03 21:00:00,18.1,89,16.2,0.0,9,0.0,7.5,343,2.1927877854205287,-7.172285669722765
2020-01-03 22:00:00,17.8,91,16.4,0.0,18,0.0,7.1,345,1.8376152202278968,-6.858073366652385
2020-01-03 23:00:00,17.4,93,16.3,0.0,19,0.0,7.0,339,2.508575646817105,-6.535062985480411
2020-01-04 00:00:00,17.1,94,16.2,0.0,28,0.0,6.0,335,2.535709570444195,-5.4378467222199
2020-01-04 01:00:00,18.1,90,16.5,0.0,24,0.0,4.5,331,2.181643291108516,-3.9357886821272814
2020-01-04 02:00:00,18.3,90,16.6,0.0,22,0.0,4.6,321,2.894873798829254,-3.5748714227020644
2020-01-04 03:00:00,16.8,92,15.5,0.0,28,0.0,6.1,320,3.921004419087891,-4.672871103025765
2020-01-04 04:00:00,16.1,95,15.2,0.0,30,0.0,6.2,324,3.644268564213335,-5.015905365124674
2020-01-04 05:00:00,16.4,94,15.5,0.0,32,0.0,6.8,335,2.873804179836754,-6.16289295184922
2020-01-04 06:00:00,16.7,95,15.9,0.0,48,0.0,7.5,343,2.1927877854205287,-7.172285669722765
2020-01-04 07:00:00,16.9,96,16.2,0.0,56,0.0,7.3,349,1.392905666248776,-7.165878439167947
2020-01-04 08:00:00,18.0,94,17.0,0.0,49,30.0,7.5,343,2.1927877854205287,-7.172285669722765
2020-01-04 09:00:00,19.7,80,16.1,0.0,42,133.0,6.8,342,2.101315561749644,-6.467184310807044
2020-01-04 10:00:00,20.7,73,15.6,0.0,32,253.0,5.6,333,2.542346798541463,-4.989636535454859
2020-01-04 11:00:00,21.5,68,15.4,0.0,47,396.0,4.9,324,2.88014773623312,-3.9641832724372414
2020-01-04 12:00:00,22.0,65,15.1,0.0,45,418.0,4.8,312,3.5670951622914937,-3.211826910522517
2020-01-04 13:00:00,22.5,62,14.9,0.0,35,446.0,5.5,302,4.664264528860343,-2.9145559532826257
2020-01-04 14:00:00,22.6,62,14.9,0.0,34,396.0,7.2,307,5.75017567234051,-4.333068166694745
2020-01-04 15:00:00,22.1,65,15.1,0.0,36,253.0,9.3,324,5.466402846320003,-7.52385804768701
2020-01-04 16:00:00,21.5,68,15.4,0.0,41,128.0,10.2,342,3.151973342624466,-9.700776466210565
2020-01-04 17:00:00,20.8,73,15.8,0.0,40,34.0,8.0,350,1.389185421335443,-7.878462024097664
2020-01-04 18:00:00,20.1,77,15.9,0.0,52,1.0,7.6,360,1.8614631347039767e-15,-7.6
2020-01-04 19:00:00,19.7,80,16.2,0.0,45,0.0,6.8,357,0.3558845024520217,-6.790680836331102
2020-01-04 20:00:00,19.1,85,16.5,0.0,70,0.0,7.8,347,1.7546182238821495,-7.600086505324834
2020-01-04 21:00:00,18.6,89,16.8,0.0,82,0.0,6.6,338,2.4724035165450213,-6.119413440140796
2020-01-04 22:00:00,18.2,92,16.9,0.0,69,0.0,6.4,333,2.9055391983331007,-5.702441754805554
2020-01-04 23:00:00,18.0,93,16.8,0.0,70,0.0,7.3,327,3.9758649556096968,-6.122295146001595
2020-01-05 00:00:00,18.3,92,17.0,0.0,51,0.0,6.8,335,2.873804179836754,-6.16289295184922
2020-01-05 01:00:00,18.4,92,17.0,0.0,57,0.0,6.0,343,1.7542302283364228,-5.737828535778212
2020-01-05 02:00:00,18.4,92,17.1,0.0,60,0.0,4.4,351,0.6883116461770169,-4.345828698618606
2020-01-05 03:00:00,18.8,90,17.2,0.0,46,0.0,1.9,338,0.7117525274902334,-1.7616493236768958
2020-01-05 04:00:00,18.6,92,17.2,0.0,55,0.0,2.3,288,2.187429987478853,-0.7107390870623785
2020-01-05 05:00:00,18.2,94,17.2,0.0,84,0.0,4.4,279,4.345828698618607,-0.688311646177015
2020-01-05 06:00:00,18.1,94,17.2,0.0,62,0.0,5.8,277,5.756767679519667,-0.7068421917498565
2020-01-05 07:00:00,18.2,94,17.3,0.0,80,0.0,4.3,265,4.283637201794505,0.3747696938149304
2020-01-05 08:00:00,18.2,96,17.5,0.0,61,41.0,3.8,229,2.8678964048465336,2.493024310163928
2020-01-05 09:00:00,20.6,86,18.1,0.0,25,191.0,4.3,228,3.195522749552796,2.87726160734309
2020-01-05 10:00:00,21.6,78,17.7,0.0,31,340.0,5.5,238,4.664264528860342,2.9145559532826275
2020-01-05 11:00:00,22.2,74,17.4,0.0,41,442.0,6.3,257,6.1385314081469815,1.417191642366351
2020-01-05 12:00:00,22.6,72,17.3,0.0,61,487.0,6.8,270,6.8,1.2491397351303002e-15
2020-01-05 13:00:00,22.8,71,17.2,0.0,39,437.0,8.0,278,7.922144549932563,-1.1133848076805235
2020-01-05 14:00:00,22.7,71,17.1,0.0,35,384.0,9.7,285,9.369480515003962,-2.5105447374944467
2020-01-05 15:00:00,22.4,70,16.6,0.0,36,286.0,10.0,300,8.660254037844386,-5.000000000000001
2020-01-05 16:00:00,21.9,71,16.4,0.0,39,151.0,10.4,314,7.481133923521972,-7.224447052773572
2020-01-05 17:00:00,21.0,76,16.7,0.0,52,39.0,9.4,328,4.981241083792128,-7.971652103870404
2020-01-05 18:00:00,20.1,81,16.8,0.0,69,1.0,9.9,341,3.223124729125852,-9.360633898433235
2020-01-05 19:00:00,19.4,85,16.9,0.0,83,0.0,10.0,347,2.249510543438653,-9.743700647852352
2020-01-05 20:00:00,19.1,88,17.0,0.0,70,0.0,8.8,351,1.3766232923540338,-8.691657397237211
2020-01-05 21:00:00,18.8,90,17.1,0.0,63,0.0,7.3,349,1.392905666248776,-7.165878439167947
2020-01-05 22:00:00,18.5,92,17.2,0.0,77,0.0,6.6,338,2.4724035165450213,-6.119413440140796
2020-01-05 23:00:00,18.1,94,17.2,0.0,74,0.0,6.2,324,3.644268564213335,-5.015905365124674
2020-01-06 00:00:00,18.0,95,17.2,0.0,71,0.0,6.3,329,3.244739871933344,-5.400153994423306
2020-01-06 01:00:00,17.9,96,17.2,0.0,67,0.0,7.2,333,3.2687315981247385,-6.415246974156248
2020-01-06 02:00:00,18.0,95,17.2,0.0,60,0.0,8.2,337,3.203995253612045,-7.548139798310009
2020-01-06 03:00:00,18.3,94,17.2,0.0,59,0.0,7.6,341,2.474317973874391,-7.185941174554808
2020-01-06 04:00:00,18.4,93,17.2,0.0,75,0.0,7.1,345,1.8376152202278968,-6.858073366652385
2020-01-06 05:00:00,18.2,93,17.1,0.0,77,0.0,7.3,340,2.4967470462773806,-6.859756131737131
2020-01-06 06:00:00,18.3,93,17.1,0.0,84,0.0,8.3,342,2.564841053312066,-7.893769085249775
2020-01-06 07:00:00,18.2,93,17.0,0.0,82,0.0,9.7,345,2.5105447374944503,-9.369480515003962
2020-01-06 08:00:00,19.1,88,17.0,0.0,79,21.0,11.4,347,2.564442019520065,-11.10781873855168
2020-01-06 09:00:00,20.0,81,16.5,0.0,89,43.0,11.4,347,2.564442019520065,-11.10781873855168
2020-01-06 10:00:00,20.7,76,16.2,0.0,83,115.0,11.6,344,3.1973933274771875,-11.1506356728845
2020-01-06 11:00:00,21.3,72,16.1,0.0,64,195.0,11.4,342,3.522793735874404,-10.84204428576475
2020-01-06 12:00:00,21.9,69,16.0,0.0,54,274.0,10.7,340,3.659615533584654,-10.05471104240922
2020-01-06 13:00:00,22.2,68,16.1,0.0,55,284.0,10.1,333,4.585304047369425,-8.999165894302514
2020-01-06 14:00:00,22.3,68,16.1,0.0,50,311.0,10.7,327,5.827637674660788,-8.973775077016036
2020-01-06 15:00:00,21.7,69,15.9,0.0,33,201.0,10.6,332,4.976398565530443,-9.359244484304623
2020-01-06 16:00:00,21.4,71,16.0,0.0,40,124.0,10.5,338,3.93336923086708,-9.735430472951268
2020-01-06 17:00:00,20.8,75,16.3,0.0,41,29.0,9.4,342,2.9047597471245084,-8.939931253174443
2020-01-06 18:00:00,20.0,80,16.4,0.0,34,1.0,10.9,354,1.1393602496174222,-10.84028865951418
2020-01-06 19:00:00,19.5,83,16.6,0.0,30,0.0,10.8,2,-0.3769145643870105,-10.793420931806237
2020-01-06 20:00:00,19.2,86,16.8,0.0,28,0.0,8.3,5,-0.7233926648055629,-8.268415994161488
2020-01-06 21:00:00,19.0,88,17.0,0.0,26,0.0,6.8,3,-0.3558845024520181,-6.790680836331102
2020-01-06 22:00:00,18.5,92,17.2,0.0,16,0.0,6.5,354,0.6794350112397471,-6.4643923198937765
2020-01-06 23:00:00,19.3,88,17.2,0.0,16,0.0,5.0,339,1.7918397477265038,-4.667902132486008
2020-01-07 00:00:00,19.5,87,17.2,0.0,17,0.0,2.4,297,2.1384156580520832,-1.089577199374912
2020-01-07 01:00:00,19.6,86,17.2,0.0,17,0.0,3.7,241,3.236092916415765,1.7937955949114464
2020-01-07 02:00:00,19.7,85,17.1,0.0,13,0.0,6.4,218,3.940233442084213,5.043268823083022
2020-01-07 03:00:00,17.4,91,15.9,0.0,12,0.0,8.7,218,5.3562548353332256,6.855693556378481
2020-01-07 04:00:00,17.5,90,15.9,0.0,16,0.0,8.9,223,6.069785404556236,6.509047944410618
2020-01-07 05:00:00,18.2,89,16.4,0.0,18,0.0,8.2,241,7.171881598543045,3.975438886019962
2020-01-07 06:00:00,19.9,85,17.2,0.0,20,0.0,4.2,290,3.9467090073008153,-1.43648460196781
2020-01-07 07:00:00,20.4,84,17.6,0.0,23,0.0,4.6,342,1.4214781741247593,-4.3748599749577055
2020-01-07 08:00:00,20.3,87,18.1,0.0,22,43.0,6.5,3,-0.3401837155791349,-6.49109197590473
2020-01-07 09:00:00,21.9,83,18.8,0.0,2,152.0,5.4,352,0.7515347451843558,-5.34744757120448
2020-01-07 10:00:00,22.9,78,18.9,0.0,3,310.0,12.4,324,7.28853712842667,-10.031810730249347
2020-01-07 11:00:00,23.4,75,18.8,0.0,12,406.0,15.5,338,5.806402197946642,-14.371349745785205
2020-01-07 12:00:00,23.2,75,18.5,0.0,10,355.0,15.9,347,3.576721764067459,-15.492484030085238
2020-01-07 13:00:00,22.9,74,18.0,0.0,8,236.0,13.8,354,1.442492793093617,-13.724402156082173
2020-01-07 14:00:00,22.9,72,17.6,0.0,9,196.0,11.9,358,0.4153040107597598,-11.89275084152724
2020-01-07 15:00:00,23.3,66,16.6,0.0,11,292.0,10.6,350,1.840670683269462,-10.438962181929403
2020-01-07 16:00:00,23.2,67,16.6,0.0,14,206.0,8.7,355,0.7582549619046273,-8.666893873398186
2020-01-07 17:00:00,22.5,71,17.0,0.0,8,75.0,6.5,360,1.5920408388915589e-15,-6.5
2020-01-07 18:00:00,21.2,77,17.0,0.0,5,2.0,10.9,354,1.1393602496174222,-10.84028865951418
2020-01-07 19:00:00,20.3,83,17.2,0.0,3,0.0,11.9,357,0.622797879291038,-11.88369146357943
2020-01-07 20:00:00,19.7,86,17.2,0.0,1,0.0,11.9,357,0.622797879291038,-11.88369146357943
2020-01-07 21:00:00,19.3,87,17.1,0.0,3,0.0,10.4,360,2.547265342226495e-15,-10.4
2020-01-07 22:00:00,18.7,89,16.8,0.0,0,0.0,8.3,360,2.0329136865846065e-15,-8.3
2020-01-07 23:00:00,17.8,91,16.3,0.0,0,0.0,8.2,345,2.1223161698406696,-7.92059177557036
2020-01-08 00:00:00,17.7,89,15.9,0.0,0,0.0,7.4,331,3.587591189822893,-6.47218583283153
2020-01-08 01:00:00,16.8,92,15.6,0.0,0,0.0,6.7,324,3.938161190359572,-5.420413862312147
2020-01-08 02:00:00,15.8,95,15.0,0.0,0,0.0,6.5,341,2.1161930039715187,-6.14587074139556
2020-01-08 03:00:00,15.7,95,14.9,0.0,0,0.0,7.9,360,1.934941942652818e-15,-7.9
2020-01-08 04:00:00,15.9,94,15.0,0.0,1,0.0,7.7,11,-1.469229264399395,-7.558529312547013
2020-01-08 05:00:00,16.7,93,15.6,0.0,0,0.0,10.8,4,-0.7533699164365533,-10.773691742806102
2020-01-08 06:00:00,17.3,93,16.1,0.0,1,0.0,11.2,358,0.3908743630680092,-11.193177262613872
2020-01-08 07:00:00,17.5,92,16.2,0.0,0,0.0,12.3,355,1.0720156357961974,-12.253194786528471
2020-01-08 08:00:00,18.5,90,16.7,0.0,0,59.0,14.0,360,3.429011037612589e-15,-14.0
2020-01-08 09:00:00,20.2,82,17.1,0.0,0,212.0,14.0,360,3.429011037612589e-15,-14.0
2020-01-08 10:00:00,21.5,76,17.2,0.0,0,351.0,13.7,358,0.4781231048242612,-13.691654330161612
2020-01-08 11:00:00,22.5,72,17.2,0.0,0,494.0,13.0,355,1.1330246557195582,-12.950531075192693
2020-01-08 12:00:00,23.1,69,17.1,0.0,1,564.0,13.1,351,2.0492914920270278,-12.938717261796302
2020-01-08 13:00:00,23.2,68,17.0,0.0,5,547.0,14.3,348,2.973137178693966,-13.98751069049342
2020-01-08 14:00:00,23.0,68,16.7,0.0,11,429.0,15.8,348,3.285004714920606,-15.45473209159413
2020-01-08 15:00:00,22.7,68,16.5,0.0,14,302.0,16.9,349,3.2246720218636047,-16.58949940026552
2020-01-08 16:00:00,21.9,71,16.4,0.0,27,141.0,16.8,350,2.917289384804431,-16.544770250605094
2020-01-08 17:00:00,20.9,75,16.3,0.0,49,50.0,14.6,351,2.283943189587374,-14.42024977268901
2020-01-08 18:00:00,19.8,79,16.1,0.0,56,2.0,15.3,352,2.129348444689008,-15.151101451746026
2020-01-08 19:00:00,19.2,81,16.0,0.0,48,0.0,14.8,354,1.5470212563612706,-14.718924051450443
2020-01-08 20:00:00,18.8,83,15.8,0.0,33,0.0,13.4,352,1.8649195528648828,-13.26959212113704
2020-01-08 21:00:00,18.4,84,15.6,0.0,9,0.0,13.0,354,1.3588700224794945,-12.928784639787551
2020-01-08 22:00:00,18.1,85,15.5,0.0,8,0.0,12.3,353,1.498992923883311,-12.208317665188265
2020-01-08 23:00:00,17.8,86,15.3,0.0,15,0.0,11.7,351,1.830283240970704,-11.55595358496311
2020-01-09 00:00:00,17.5,86,15.2,0.0,13,0.0,12.0,351,1.8772135804827728,-11.852260087141651
2020-01-09 01:00:00,17.2,87,15.1,0.0,17,0.0,11.3,353,1.3771235804781636,-11.21577151354694
2020-01-09 02:00:00,17.3,87,15.1,0.0,22,0.0,10.1,354,1.0557374790032994,-10.04467114321956
2020-01-09 03:00:00,17.2,84,14.5,0.0,29,0.0,9.9,350,1.719116958902611,-9.74959675482086
2020-01-09 04:00:00,17.0,85,14.5,0.0,21,0.0,10.9,351,1.7051356689385189,-10.765802912487
2020-01-09 05:00:00,16.9,86,14.5,0.0,26,0.0,11.6,355,1.0110066158728364,-11.555858497864248
2020-01-09 06:00:00,16.9,87,14.6,0.0,18,0.0,13.0,357,0.6803674311582768,-12.98218395180946
2020-01-09 07:00:00,16.9,87,14.7,0.0,15,0.0,13.7,2,-0.4781231048242632,-13.691654330161612
2020-01-09 08:00:00,17.7,84,15.0,0.0,17,49.0,15.5,1,-0.2705122997778944,-15.497639274924063
2020-01-09 09:00:00,18.8,80,15.2,0.0,19,139.0,16.6,2,-0.5793316452615161,-16.58988772851699
2020-01-09 10:00:00,20.0,75,15.3,0.0,14,269.0,17.3,4,-1.2067869957733677,-17.257858069494958
2020-01-09 11:00:00,21.0,71,15.6,0.0,9,430.0,15.5,5,-1.3509140125887016,-15.441017820422056
2020-01-09 12:00:00,21.8,69,15.9,0.0,4,454.0,14.0,360,3.429011037612589e-15,-14.0
2020-01-09 13:00:00,22.2,68,16.0,0.0,8,421.0,13.4,355,1.1678869528186215,-13.34900895442939
2020-01-09 14:00:00,22.3,67,16.0,0.0,4,387.0,13.8,354,1.442492793093617,-13.724402156082173
2020-01-09 15:00:00,22.4,65,15.6,0.0,7,323.0,14.4,357,0.7536377698983989,-14.380265300465863
2020-01-09 16:00:00,21.9,67,15.5,0.0,3,199.0,14.4,359,0.2513146526968833,-14.397806810252035
2020-01-09 17:00:00,21.0,71,15.6,0.0,12,72.0,11.9,357,0.622797879291038,-11.88369146357943
2020-01-09 18:00:00,19.7,76,15.5,0.0,44,3.0,12.7,353,1.5477406612453697,-12.60533612584479
2020-01-09 19:00:00,19.0,80,15.4,0.0,42,0.0,12.6,2,-0.4397336584515122,-12.592324420440606
2020-01-09 20:00:00,18.5,82,15.4,0.0,36,0.0,10.9,6,-1.1393602496174229,-10.84028865951418
2020-01-09 21:00:00,18.1,85,15.5,0.0,32,0.0,9.7,360,2.3758147903458648e-15,-9.7
2020-01-09 22:00:00,17.9,86,15.6,0.0,28,0.0,9.4,356,0.655710853194781,-9.377102072442348
2020-01-09 23:00:00,17.6,88,15.6,0.0,33,0.0,8.3,355,0.7233926648055641,-8.268415994161488
2020-01-10 00:00:00,17.5,88,15.6,0.0,25,0.0,7.6,352,1.0577155672965006,-7.526037322435934
2020-01-10 01:00:00,17.3,89,15.4,0.0,22,0.0,8.3,342,2.564841053312066,-7.893769085249775
2020-01-10 02:00:00,17.1,89,15.4,0.0,14,0.0,7.4,346,1.7902220274375422,-7.180188374442374
2020-01-10 03:00:00,17.4,89,15.5,0.0,13,0.0,8.5,348,1.767249371950959,-8.314254606237347
2020-01-10 04:00:00,17.2,90,15.6,0.0,6,0.0,9.1,353,1.1090110249868397,-9.03216997993603
2020-01-10 05:00:00,17.2,90,15.6,0.0,5,0.0,9.7,356,0.6766377953180186,-9.676371287520292
2020-01-10 06:00:00,17.2,90,15.6,0.0,5,0.0,11.9,355,1.037153338697134,-11.854716907291772
2020-01-10 07:00:00,17.2,90,15.6,0.0,4,0.0,11.9,3,-0.6227978792910317,-11.88369146357943
2020-01-10 08:00:00,18.1,88,16.0,0.0,5,51.0,13.0,5,-1.1330246557195562,-12.950531075192693
2020-01-10 09:00:00,19.6,80,16.0,0.0,5,188.0,12.3,5,-1.0720156357961954,-12.253194786528471
2020-01-10 10:00:00,20.9,71,15.5,0.0,4,330.0,10.5,6,-1.0975488643103617,-10.44247990136687
2020-01-10 11:00:00,21.9,68,15.8,0.0,2,444.0,7.6,5,-0.662383644882202,-7.571079705497266
2020-01-10 12:00:00,22.8,64,15.7,0.0,4,559.0,5.9,349,1.1257730727216135,-5.791600382341218
2020-01-10 13:00:00,23.3,62,15.5,0.0,2,582.0,7.0,339,2.508575646817105,-6.535062985480411
2020-01-10 14:00:00,23.4,61,15.5,0.0,2,490.0,8.3,342,2.564841053312066,-7.893769085249775
2020-01-10 15:00:00,23.3,62,15.6,0.0,3,352.0,9.5,351,1.4861274178821953,-9.383039235653808
2020-01-10 16:00:00,22.8,65,15.8,0.0,5,204.0,10.5,356,0.7324429743133192,-10.474422527728152
2020-01-10 17:00:00,21.8,71,16.2,0.0,4,76.0,10.1,358,0.3524849166952583,-10.093847352892867
2020-01-10 18:00:00,20.3,78,16.4,0.0,6,3.0,11.2,358,0.3908743630680092,-11.193177262613872
2020-01-10 19:00:00,19.4,84,16.6,0.0,3,0.0,11.2,356,0.781272505934207,-11.17271736291003
2020-01-10 20:00:00,18.7,88,16.7,0.0,1,0.0,10.5,354,1.0975488643103608,-10.44247990136687
2020-01-10 21:00:00,18.3,91,16.8,0.0,5,0.0,10.1,354,1.0557374790032994,-10.04467114321956
2020-01-10 22:00:00,18.0,92,16.7,0.0,1,0.0,8.7,353,1.0602632876247808,-8.635151519279502
2020-01-10 23:00:00,17.6,93,16.5,0.0,1,0.0,8.4,350,1.4586446924022154,-8.272385125302547
2020-01-11 00:00:00,17.4,94,16.4,0.0,0,0.0,8.1,339,2.902780391316936,-7.562001454627332
2020-01-11 01:00:00,17.0,95,16.2,0.0,1,0.0,7.9,344,2.177535110954292,-7.59396739791272
2020-01-11 02:00:00,16.5,97,15.9,0.0,21,0.0,5.1,8,-0.7097828148963337,-5.050367150582009
2020-01-11 03:00:00,15.9,98,15.6,0.0,75,0.0,4.7,360,1.1511679911985121e-15,-4.7
2020-01-11 04:00:00,15.6,100,15.5,0.0,77,0.0,6.2,353,0.7555899291119128,-6.153786140176197
2020-01-11 05:00:00,15.5,100,15.5,0.0,90,0.0,4.7,356,0.3278554265973905,-4.688551036221174
2020-01-11 06:00:00,15.7,100,15.7,0.0,87,0.0,6.3,347,1.4171916423663515,-6.1385314081469815
2020-01-11 07:00:00,15.8,100,15.8,0.0,87,0.0,4.7,360,1.1511679911985121e-15,-4.7
2020-01-11 08:00:00,17.5,98,17.2,0.0,86,43.0,6.2,353,0.7555899291119128,-6.153786140176197
2020-01-11 09:00:00,19.5,88,17.5,0.0,41,163.0,7.6,352,1.0577155672965006,-7.526037322435934
2020-01-11 10:00:00,20.8,80,17.1,0.0,12,345.0,8.6,345,2.225843787881678,-8.306962106085987
2020-01-11 11:00:00,21.9,73,16.8,0.0,5,441.0,10.7,340,3.659615533584654,-10.05471104240922
2020-01-11 12:00:00,22.5,69,16.6,0.0,2,525.0,12.2,341,3.971931484377312,-11.535326622311665
2020-01-11 13:00:00,22.9,67,16.5,0.0,2,534.0,13.0,341,4.232386007943037,-12.29174148279112
2020-01-11 14:00:00,22.9,67,16.5,0.0,0,435.0,14.3,342,4.418943019561752,-13.600108183020696
2020-01-11 15:00:00,22.6,68,16.4,0.0,1,388.0,15.9,347,3.576721764067459,-15.492484030085238
2020-01-11 16:00:00,22.1,69,16.1,0.0,0,238.0,16.8,351,2.6280990126758823,-16.593164121998313
2020-01-11 17:00:00,21.0,73,16.0,0.0,0,85.0,15.6,352,2.171100374977028,-15.448181872368496
2020-01-11 18:00:00,19.8,78,15.9,0.0,2,3.0,16.3,355,1.4206386067868306,-16.237973578895453
2020-01-11 19:00:00,19.1,83,16.1,0.0,2,0.0,17.3,359,0.3019266313650056,-17.29736512620557
2020-01-11 20:00:00,18.5,87,16.3,0.0,1,0.0,17.3,360,4.237277925049842e-15,-17.3
2020-01-11 21:00:00,18.0,91,16.4,0.0,0,0.0,16.2,359,0.2827289842839937,-16.197532661533536
2020-01-11 22:00:00,17.7,92,16.4,0.0,0,0.0,15.9,355,1.385776309687767,-15.839495699658755
2020-01-11 23:00:00,17.5,92,16.3,0.0,0,0.0,16.8,350,2.917289384804431,-16.544770250605094
2020-01-12 00:00:00,17.3,93,16.2,0.0,5,0.0,19.0,350,3.2993153756716773,-18.711347307231957
2020-01-12 01:00:00,17.2,94,16.1,0.0,5,0.0,20.6,354,2.1532863433136606,-20.48715104458643
2020-01-12 02:00:00,17.1,94,16.0,0.0,6,0.0,20.2,357,1.0571863161074762,-20.17231660204239
2020-01-12 03:00:00,16.9,96,16.2,0.0,8,0.0,19.1,356,1.3323486485127998,-19.053473359962645
2020-01-12 04:00:00,16.8,96,16.1,0.0,9,0.0,19.5,355,1.6995369835793372,-19.42579661278904
2020-01-12 05:00:00,16.7,96,16.1,0.0,10,0.0,20.2,355,1.760546003502698,-20.12313290145326
2020-01-12 06:00:00,16.6,96,16.0,0.0,8,0.0,21.0,353,2.559256211508092,-20.843469184467764
2020-01-12 07:00:00,16.5,95,15.8,0.0,12,0.0,21.3,357,1.1147558679747152,-21.270809090272422
2020-01-12 08:00:00,17.2,89,15.5,0.0,7,55.0,22.0,358,0.7677889274550181,-21.986598194420107
2020-01-12 09:00:00,18.7,77,14.6,0.0,4,227.0,24.5,359,0.4275839577134472,-24.496268531331587
2020-01-12 10:00:00,19.8,71,14.3,0.0,2,393.0,25.9,358,0.9038969645947712,-25.88422241979458
2020-01-12 11:00:00,20.5,67,14.1,0.0,6,538.0,25.9,360,6.343670419583289e-15,-25.9
2020-01-12 12:00:00,21.0,65,14.1,0.0,5,616.0,24.8,359,0.4328196796446323,-24.796222839878503
2020-01-12 13:00:00,21.2,64,14.0,0.0,4,628.0,26.3,357,1.376435649189437,-26.263956764045293
2020-01-12 14:00:00,21.0,64,13.9,0.0,8,557.0,25.9,360,6.343670419583289e-15,-25.9
2020-01-12 15:00:00,20.6,64,13.7,0.0,15,423.0,24.5,1,-0.427583957713446,-24.496268531331587
2020-01-12 16:00:00,19.9,67,13.6,0.0,14,263.0,22.3,360,5.4619247241971945e-15,-22.3
2020-01-12 17:00:00,18.9,71,13.5,0.0,21,93.0,19.5,357,1.020551146737415,-19.47327592771419
2020-01-12 18:00:00,17.6,76,13.3,0.0,16,4.0,19.2,355,1.6733902607550395,-19.126938203361515
2020-01-12 19:00:00,16.9,78,13.0,0.0,12,0.0,19.5,358,0.6805401856987661,-19.488121126872368
2020-01-12 20:00:00,16.6,79,12.9,0.0,15,0.0,18.0,358,0.6281909406450148,-17.989034886343724
2020-01-12 21:00:00,16.5,79,12.8,0.0,18,0.0,16.6,358,0.5793316452615137,-16.58988772851699
2020-01-12 22:00:00,16.6,78,12.8,0.0,27,0.0,17.2,350,2.986748655871202,-16.938693351809977
2020-01-12 23:00:00,16.6,78,12.8,0.0,37,0.0,18.9,351,2.956611389260368,-18.6673096372481
2020-01-13 00:00:00,16.5,79,12.8,0.0,64,0.0,18.4,354,1.9233237241248229,-18.299202874776228
2020-01-13 01:00:00,16.6,78,12.7,0.0,39,0.0,16.6,358,0.5793316452615137,-16.58988772851699
2020-01-13 02:00:00,16.6,78,12.8,0.0,38,0.0,14.0,359,0.2443336901219698,-13.997867732189478
2020-01-13 03:00:00,16.6,81,13.4,0.0,36,0.0,13.8,351,2.158795617555189,-13.6300991002129
2020-01-13 04:00:00,16.5,82,13.5,0.0,34,0.0,15.0,349,2.86213493064817,-14.72440775171496
2020-01-13 05:00:00,16.4,83,13.6,0.0,32,0.0,15.3,352,2.129348444689008,-15.151101451746026
2020-01-13 06:00:00,16.4,84,13.6,0.0,32,0.0,16.3,354,1.7038139512627508,-16.210706894502856
2020-01-13 07:00:00,16.3,85,13.7,0.0,19,0.0,15.9,357,0.8321417042628155,-15.878209602597725
2020-01-13 08:00:00,17.1,82,13.9,0.0,17,54.0,16.4,351,2.5655252266597897,-16.198088785760255
2020-01-13 09:00:00,18.2,76,13.9,0.0,18,163.0,17.9,350,3.1083023802380536,-17.628058778918522
2020-01-13 10:00:00,19.2,71,13.7,0.0,14,290.0,18.9,351,2.956611389260368,-18.6673096372481
2020-01-13 11:00:00,20.1,67,13.8,0.0,13,412.0,18.1,353,2.205835115633165,-17.96508534470793
2020-01-13 12:00:00,20.8,65,14.0,0.0,11,530.0,17.7,354,1.8501537998374653,-17.60303754801844
2020-01-13 13:00:00,21.3,63,14.1,0.0,14,558.0,15.5,356,1.0812253430339474,-15.462242779027276
2020-01-13 14:00:00,21.6,63,14.2,0.0,12,527.0,13.4,352,1.8649195528648828,-13.26959212113704
2020-01-13 15:00:00,21.5,63,14.2,0.0,6,431.0,13.8,345,3.5717028224147858,-13.329776402789143
2020-01-13 16:00:00,21.0,65,14.2,0.0,10,275.0,14.8,347,3.329275604289207,-14.42067695882148
2020-01-13 17:00:00,20.0,70,14.3,0.0,4,98.0,14.1,354,1.473851332073913,-14.022758724692652
2020-01-13 18:00:00,18.5,76,14.2,0.0,5,5.0,16.6,2,-0.5793316452615161,-16.58988772851699
2020-01-13 19:00:00,17.7,80,14.2,0.0,1,0.0,18.4,11,-3.510885514928424,-18.061940175437016
2020-01-13 20:00:00,17.1,84,14.4,0.0,0,0.0,12.6,2,-0.4397336584515122,-12.592324420440606
2020-01-13 21:00:00,16.7,87,14.6,0.0,0,0.0,18.4,337,7.189452764202639,-16.9372893035249
2020-01-13 22:00:00,16.7,89,14.8,0.0,14,0.0,18.4,358,0.6421507393260151,-18.38879121715136
2020-01-13 23:00:00,16.6,89,14.8,0.0,35,0.0,17.7,5,-1.5426566466335494,-17.632646156223895
2020-01-14 00:00:00,16.6,89,14.8,0.0,99,0.0,18.4,360,4.506700220862259e-15,-18.4
2020-01-14 01:00:00,16.7,89,14.9,0.0,100,0.0,18.4,1,-0.3211242784460166,-18.3971975908776
2020-01-14 02:00:00,16.8,88,14.8,0.2,100,0.0,17.7,2,-0.6177210916342671,-17.689217638237995
2020-01-14 03:00:00,16.8,86,14.4,0.3,100,0.0,17.3,4,-1.2067869957733677,-17.257858069494958
2020-01-14 04:00:00,16.7,86,14.3,0.1,100,0.0,16.2,4,-1.1300548746548298,-16.16053761420915
2020-01-14 05:00:00,16.6,86,14.3,0.1,81,0.0,15.5,5,-1.3509140125887016,-15.441017820422056
2020-01-14 06:00:00,16.6,87,14.4,0.0,53,0.0,13.0,360,3.1840816777831178e-15,-13.0
2020-01-14 07:00:00,16.6,88,14.6,0.0,57,0.0,15.1,357,0.79027293926846,-15.079305974794064
2020-01-14 08:00:00,17.3,87,15.1,0.0,46,47.0,17.3,5,-1.5077943495344863,-17.234168276987198
2020-01-14 09:00:00,18.5,80,15.0,0.0,29,187.0,17.7,12,-3.68003692747434,-17.31321253298836
2020-01-14 10:00:00,19.9,70,14.3,0.0,25,323.0,16.9,12,-3.5137075748201325,-16.530694452401313
2020-01-14 11:00:00,21.0,64,13.9,0.0,20,415.0,15.4,11,-2.93845852879879,-15.117058625094026
2020-01-14 12:00:00,21.8,60,13.8,0.0,20,524.0,14.9,8,-2.073679204304975,-14.7549942242494
2020-01-14 13:00:00,22.1,60,14.1,0.0,18,552.0,15.5,3,-0.8112073217656295,-15.478757788695894
2020-01-14 14:00:00,22.1,62,14.4,0.0,13,480.0,16.6,1,-0.2897099468589063,-16.597471739596095
2020-01-14 15:00:00,22.4,60,14.3,0.0,2,420.0,18.4,360,4.506700220862259e-15,-18.4
2020-01-14 16:00:00,21.7,65,14.9,0.0,3,255.0,18.4,359,0.3211242784460175,-18.3971975908776
2020-01-14 17:00:00,20.6,72,15.3,0.0,2,104.0,14.8,354,1.5470212563612706,-14.718924051450443
2020-01-14 18:00:00,19.0,79,15.4,0.0,0,5.0,14.6,351,2.283943189587374,-14.42024977268901
2020-01-14 19:00:00,18.1,86,15.6,0.0,0,0.0,16.3,355,1.4206386067868306,-16.237973578895453
2020-01-14 20:00:00,17.6,89,15.7,0.0,0,0.0,16.2,357,0.8478424911356988,-16.177798463024097
2020-01-14 21:00:00,17.2,90,15.6,0.0,0,0.0,14.4,357,0.7536377698983989,-14.380265300465863
2020-01-14 22:00:00,16.9,91,15.4,0.0,1,0.0,12.3,353,1.498992923883311,-12.208317665188265
2020-01-14 23:00:00,16.6,92,15.2,0.0,0,0.0,12.3,353,1.498992923883311,-12.208317665188265
2020-01-15 00:00:00,16.3,92,15.0,0.0,0,0.0,10.4,360,2.547265342226495e-15,-10.4
2020-01-15 01:00:00,16.1,92,14.7,0.0,0,0.0,9.0,2,-0.3140954703225087,-8.994517443171862
2020-01-15 02:00:00,15.8,92,14.5,0.0,4,0.0,9.0,2,-0.3140954703225087,-8.994517443171862
2020-01-15 03:00:00,15.5,93,14.4,0.0,13,0.0,9.8,8,-1.363896389408641,-9.70462707366739
2020-01-15 04:00:00,15.2,94,14.2,0.0,25,0.0,8.1,13,-1.8221035401853063,-7.892397524760405
2020-01-15 05:00:00,15.0,94,14.1,0.0,27,0.0,8.0,8,-1.1133848076805235,-7.922144549932563
2020-01-15 06:00:00,15.0,94,14.0,0.0,14,0.0,7.6,8,-1.0577155672964973,-7.5260373224359345
2020-01-15 07:00:00,15.2,93,14.0,0.0,29,0.0,5.8,22,-2.172718241812289,-5.377666356487367
2020-01-15 08:00:00,16.3,89,14.5,0.0,34,43.0,7.7,11,-1.469229264399395,-7.558529312547013
2020-01-15 09:00:00,18.5,81,15.1,0.0,34,169.0,7.9,357,0.4134540543192605,-7.889173324561134
2020-01-15 10:00:00,20.3,71,14.9,0.0,42,355.0,10.1,358,0.3524849166952583,-10.093847352892867
2020-01-15 11:00:00,21.3,68,15.1,0.0,35,472.0,11.6,355,1.0110066158728364,-11.555858497864248
2020-01-15 12:00:00,21.8,66,15.1,0.0,29,495.0,11.8,348,2.4533579516495667,-11.542141688658909
2020-01-15 13:00:00,22.2,64,15.0,0.0,21,531.0,12.5,342,3.862712429686846,-11.88820645368942
2020-01-15 14:00:00,22.2,63,14.9,0.0,17,370.0,13.4,340,4.583069920563959,-12.591881118531171
2020-01-15 15:00:00,22.1,60,14.0,0.0,13,377.0,15.3,345,3.959931390068567,-14.778665142222746
2020-01-15 16:00:00,21.5,63,14.1,0.0,5,207.0,16.0,351,2.502951440643697,-15.803013449522204
2020-01-15 17:00:00,20.5,68,14.5,0.0,5,95.0,16.0,352,2.226769615361054,-15.844289099865124
2020-01-15 18:00:00,19.2,76,14.9,0.0,2,4.0,17.3,358,0.6037612929532643,-17.289461307430358
2020-01-15 19:00:00,18.6,82,15.5,0.0,4,0.0,17.6,1,-0.3071623532961898,-17.59731943475249
2020-01-15 20:00:00,18.2,87,16.0,0.0,5,0.0,16.6,360,4.065827373169213e-15,-16.6
2020-01-15 21:00:00,17.8,90,16.1,0.0,3,0.0,15.5,359,0.2705122997778952,-15.497639274924063
2020-01-15 22:00:00,17.7,91,16.2,0.0,5,0.0,15.5,356,1.0812253430339474,-15.462242779027276
2020-01-15 23:00:00,17.5,92,16.2,0.0,1,0.0,15.9,357,0.8321417042628155,-15.878209602597725
2020-01-16 00:00:00,17.5,92,16.2,0.0,4,0.0,14.8,1,-0.258295615271796,-14.79774588831459
2020-01-16 01:00:00,17.4,93,16.2,0.0,2,0.0,14.0,360,3.429011037612589e-15,-14.0
2020-01-16 02:00:00,17.4,93,16.3,0.0,5,0.0,14.0,360,3.429011037612589e-15,-14.0
2020-01-16 03:00:00,16.7,93,15.6,0.0,4,0.0,13.7,360,3.355532229663748e-15,-13.7
2020-01-16 04:00:00,16.6,94,15.6,0.0,3,0.0,14.1,357,0.7379369830255156,-14.080676440039491
2020-01-16 05:00:00,16.7,94,15.7,0.0,4,0.0,14.4,357,0.7536377698983989,-14.380265300465863
2020-01-16 06:00:00,16.5,94,15.6,0.0,3,0.0,15.5,3,-0.8112073217656295,-15.478757788695894
2020-01-16 07:00:00,16.4,95,15.6,0.0,8,0.0,14.1,3,-0.737936983025508,-14.080676440039491
2020-01-16 08:00:00,17.3,94,16.3,0.0,1,63.0,14.4,357,0.7536377698983989,-14.380265300465863
2020-01-16 09:00:00,19.0,86,16.7,0.0,3,207.0,14.4,356,1.0044932219154092,-14.36492232374147
2020-01-16 10:00:00,20.6,75,16.0,0.0,1,384.0,14.8,354,1.5470212563612706,-14.718924051450443
2020-01-16 11:00:00,21.6,68,15.4,0.0,1,482.0,15.3,351,2.393447315115536,-15.111631611105606
2020-01-16 12:00:00,22.2,65,15.2,0.0,1,522.0,15.7,349,2.995701227411751,-15.411546780128324
2020-01-16 13:00:00,22.6,63,15.1,0.0,0,559.0,16.4,351,2.5655252266597897,-16.198088785760255
2020-01-16 14:00:00,22.5,63,15.2,0.0,0,472.0,16.5,350,2.8651949315043512,-16.249327924701433
2020-01-16 15:00:00,22.7,63,15.2,0.0,0,424.0,17.2,349,3.281914720476568,-16.883987555299818
2020-01-16 16:00:00,22.2,66,15.4,0.0,0,261.0,17.1,352,2.3798600264171266,-16.933583975480854
2020-01-16 17:00:00,21.2,71,15.8,0.0,1,101.0,15.2,353,1.8524140197582375,-15.086701504948095
2020-01-16 18:00:00,19.7,79,16.0,0.0,0,6.0,14.4,357,0.7536377698983989,-14.380265300465863
2020-01-16 19:00:00,18.7,85,16.2,0.0,1,0.0,14.8,359,0.2582956152717967,-14.79774588831459
2020-01-16 20:00:00,18.2,89,16.4,0.0,0,0.0,14.4,356,1.0044932219154092,-14.36492232374147
2020-01-16 21:00:00,17.8,91,16.3,0.0,0,0.0,13.8,354,1.442492793093617,-13.724402156082173
2020-01-16 22:00:00,17.5,92,16.1,0.0,0,0.0,12.3,355,1.0720156357961974,-12.253194786528471
2020-01-16 23:00:00,17.3,92,16.0,0.0,0,0.0,11.5,356,0.8021994480574448,-11.47198657798798
2020-01-17 00:00:00,17.1,92,15.9,0.0,1,0.0,13.4,354,1.4006814077865557,-13.326593397934865
2020-01-17 01:00:00,16.9,94,15.9,0.0,3,0.0,15.9,357,0.8321417042628155,-15.878209602597725
2020-01-17 02:00:00,16.8,94,15.8,0.0,6,0.0,16.9,358,0.5898014942722639,-16.889704976622717
2020-01-17 03:00:00,16.8,96,16.2,0.0,6,0.0,18.1,355,1.5775189437326156,-18.0311240354606
2020-01-17 04:00:00,16.7,97,16.2,0.0,6,0.0,19.1,356,1.3323486485127998,-19.053473359962645
2020-01-17 05:00:00,16.5,97,16.0,0.0,12,0.0,20.2,356,1.409080769631338,-20.15079381524845
2020-01-17 06:00:00,16.4,97,15.9,0.0,16,0.0,18.9,352,2.630371608145245,-18.716066499215675
2020-01-17 07:00:00,16.2,96,15.6,0.0,10,0.0,19.9,354,2.080116419026303,-19.79098571782864
2020-01-17 08:00:00,17.0,92,15.7,0.0,12,49.0,21.3,356,1.485812890749876,-21.248114270534256
2020-01-17 09:00:00,18.5,82,15.3,0.0,3,195.0,22.3,360,5.4619247241971945e-15,-22.3
2020-01-17 10:00:00,19.7,73,14.7,0.0,1,348.0,22.0,357,1.1513910373447762,-21.969849764600625
2020-01-17 11:00:00,20.7,67,14.4,0.0,1,499.0,22.0,356,1.534642422370764,-21.94640910571613
2020-01-17 12:00:00,21.3,65,14.4,0.0,4,580.0,22.0,355,1.917426340448483,-21.9162833580184
2020-01-17 13:00:00,21.6,64,14.4,0.0,8,603.0,22.8,355,1.9871509346466096,-22.7132391164918
2020-01-17 14:00:00,21.2,64,14.2,0.0,15,499.0,23.9,354,2.4982302720969165,-23.76907329930173
2020-01-17 15:00:00,20.6,67,14.1,0.0,16,348.0,25.3,356,1.7648387857263783,-25.238370471573557
2020-01-17 16:00:00,19.6,69,13.8,0.0,23,215.0,25.2,359,0.4398006422195457,-25.19616191794106
2020-01-17 17:00:00,18.6,73,13.6,0.0,37,90.0,22.7,360,5.559896468128984e-15,-22.7
2020-01-17 18:00:00,17.5,77,13.5,0.0,26,5.0,21.2,359,0.3699910164704114,-21.19677113731549
2020-01-17 19:00:00,17.0,80,13.5,0.0,38,0.0,20.5,1,-0.3577743319643119,-20.49687775070602
2020-01-17 20:00:00,16.8,80,13.4,0.0,35,0.0,20.2,358,0.7049698333905167,-20.18769470578573
2020-01-17 21:00:00,16.5,81,13.3,0.0,26,0.0,20.2,358,0.7049698333905167,-20.18769470578573
2020-01-17 22:00:00,16.3,82,13.2,0.0,21,0.0,20.2,356,1.409080769631338,-20.15079381524845
2020-01-17 23:00:00,16.2,81,13.0,0.0,17,0.0,20.6,356,1.4369833591289882,-20.54981943535238
2020-01-18 00:00:00,16.0,82,12.9,0.0,16,0.0,20.2,357,1.0571863161074762,-20.17231660204239
2020-01-18 01:00:00,16.0,82,12.9,0.0,11,0.0,19.1,357,0.9996167642402376,-19.07382411381236
2020-01-18 02:00:00,15.7,83,12.8,0.0,8,0.0,19.1,356,1.3323486485127998,-19.053473359962645
2020-01-18 03:00:00,15.4,83,12.6,0.0,5,0.0,19.9,355,1.7343992806784003,-19.824274492025737
2020-01-18 04:00:00,15.2,84,12.5,0.0,4,0.0,19.1,356,1.3323486485127998,-19.053473359962645
2020-01-18 05:00:00,15.1,84,12.4,0.0,6,0.0,18.8,357,0.983915977367354,-18.77423525338599
2020-01-18 06:00:00,14.9,85,12.4,0.0,7,0.0,16.2,359,0.2827289842839937,-16.197532661533536
2020-01-18 07:00:00,14.8,86,12.4,0.0,4,0.0,15.1,357,0.79027293926846,-15.079305974794064
2020-01-18 08:00:00,15.8,82,12.6,0.0,0,59.0,14.8,354,1.5470212563612706,-14.718924051450443
2020-01-18 09:00:00,17.3,73,12.5,0.0,1,213.0,13.6,348,2.827598995121534,-13.302807369979757
2020-01-18 10:00:00,18.6,67,12.5,0.0,2,393.0,18.0,344,4.961472404705981,-17.30271052688974
2020-01-18 11:00:00,19.5,64,12.5,0.0,5,526.0,19.7,351,3.0817589612925524,-19.45746030972421
2020-01-18 12:00:00,20.0,63,12.7,0.0,5,582.0,18.5,353,2.254582852995224,-18.36210380536446
2020-01-18 13:00:00,20.2,62,12.7,0.0,3,615.0,17.5,351,2.737603138204044,-17.28454596041491
2020-01-18 14:00:00,20.1,62,12.6,0.0,13,545.0,19.0,350,3.2993153756716773,-18.711347307231957
2020-01-18 15:00:00,19.7,63,12.6,0.0,26,341.0,21.1,351,3.3007672123488763,-20.840223986557405
2020-01-18 16:00:00,19.1,65,12.4,0.0,30,215.0,21.0,355,1.830270597700825,-20.920088659926652
2020-01-18 17:00:00,18.3,68,12.2,0.0,31,80.0,18.4,356,1.2835191168919116,-18.355178524780765
2020-01-18 18:00:00,17.1,73,12.2,0.0,41,6.0,17.7,355,1.5426566466335525,-17.632646156223895
2020-01-18 19:00:00,16.4,76,12.1,0.0,43,0.0,16.9,359,0.2949456687900921,-16.89742604814301
2020-01-18 20:00:00,16.1,77,12.2,0.0,41,0.0,14.8,359,0.2582956152717967,-14.79774588831459
2020-01-18 21:00:00,16.0,78,12.2,0.0,48,0.0,13.0,357,0.6803674311582768,-12.98218395180946
2020-01-18 22:00:00,15.8,79,12.3,0.0,43,0.0,12.6,355,1.0981623586204947,-12.552053195955994
2020-01-18 23:00:00,15.8,80,12.3,0.0,47,0.0,12.7,353,1.5477406612453697,-12.60533612584479
2020-01-19 00:00:00,15.7,81,12.4,0.0,43,0.0,13.0,355,1.1330246557195582,-12.950531075192693
2020-01-19 01:00:00,15.7,81,12.5,0.0,34,0.0,13.0,357,0.6803674311582768,-12.98218395180946
2020-01-19 02:00:00,15.7,82,12.6,0.0,34,0.0,13.0,357,0.6803674311582768,-12.98218395180946
2020-01-19 03:00:00,15.7,83,12.8,0.0,35,0.0,13.3,358,0.4641633061432609,-13.291897999353974
2020-01-19 04:00:00,15.8,83,12.9,0.0,21,0.0,13.3,2,-0.4641633061432629,-13.291897999353974
2020-01-19 05:00:00,15.6,85,13.0,0.0,37,0.0,12.2,360,2.9881381899195417e-15,-12.2
2020-01-19 06:00:00,15.4,86,13.2,0.0,46,0.0,12.6,355,1.0981623586204947,-12.552053195955994
2020-01-19 07:00:00,15.8,86,13.5,0.0,41,0.0,14.2,351,2.221369403571281,-14.025174436450952
2020-01-19 08:00:00,16.7,83,13.8,0.0,36,47.0,16.1,350,2.79573566043758,-15.855404823496553
2020-01-19 09:00:00,17.8,77,13.8,0.0,32,134.0,17.4,353,2.1205265752495617,-17.270303038559003
2020-01-19 10:00:00,18.9,71,13.5,0.0,24,318.0,17.9,350,3.1083023802380536,-17.628058778918522
2020-01-19 11:00:00,19.9,67,13.5,0.0,14,473.0,19.1,348,3.971113294619214,-18.682619174015688
2020-01-19 12:00:00,20.6,64,13.6,0.0,8,601.0,21.6,349,4.121474300133365,-21.203147162469545
2020-01-19 13:00:00,20.8,64,13.8,0.0,2,601.0,22.2,352,3.0896428413134625,-21.98395112606286
2020-01-19 14:00:00,20.8,65,13.9,0.0,1,541.0,21.3,355,1.8564173205251224,-21.21894706935418
2020-01-19 15:00:00,20.7,65,13.9,0.0,1,429.0,20.2,356,1.409080769631338,-20.15079381524845
2020-01-19 16:00:00,20.1,67,13.9,0.0,1,262.0,19.6,353,2.3886391307408856,-19.453904572169915
2020-01-19 17:00:00,19.1,71,13.8,0.0,1,104.0,19.4,349,3.701694510304966,-19.04356735888468
2020-01-19 18:00:00,17.9,76,13.5,0.0,3,6.0,19.5,355,1.6995369835793372,-19.42579661278904
2020-01-19 19:00:00,17.1,79,13.4,0.0,4,0.0,19.1,357,0.9996167642402376,-19.07382411381236
2020-01-19 20:00:00,16.7,81,13.4,0.0,7,0.0,18.4,356,1.2835191168919116,-18.355178524780765
2020-01-19 21:00:00,16.4,83,13.5,0.0,9,0.0,16.9,358,0.5898014942722639,-16.889704976622717
2020-01-19 22:00:00,16.1,85,13.6,0.0,4,0.0,14.4,360,3.5269827815443773e-15,-14.4
2020-01-19 23:00:00,15.8,87,13.7,0.0,6,0.0,12.6,357,0.659433048661099,-12.58273213790763
2020-01-20 00:00:00,15.6,88,13.7,0.0,2,0.0,13.5,351,2.1118652780431195,-13.33379259803436
2020-01-20 01:00:00,15.5,89,13.7,0.0,3,0.0,14.9,352,2.0736792043049816,-14.754994224249398
2020-01-20 02:00:00,15.3,90,13.7,0.0,1,0.0,15.5,355,1.350914012588704,-15.441017820422056
2020-01-20 03:00:00,15.4,91,14.0,0.0,1,0.0,16.7,354,1.745625336569812,-16.608515652650162
2020-01-20 04:00:00,15.3,92,14.0,0.0,3,0.0,17.7,355,1.5426566466335525,-17.632646156223895
2020-01-20 05:00:00,15.3,92,13.9,0.0,2,0.0,18.4,357,0.9629815948701764,-18.37478343948416
2020-01-20 06:00:00,15.1,92,13.8,0.0,5,0.0,18.4,1,-0.3211242784460166,-18.3971975908776
2020-01-20 07:00:00,15.1,91,13.7,0.0,10,0.0,17.7,2,-0.6177210916342671,-17.689217638237995
2020-01-20 08:00:00,16.2,87,14.0,0.0,5,62.0,18.0,360,4.408728476930472e-15,-18.0
2020-01-20 09:00:00,18.2,77,14.0,0.0,2,223.0,17.0,5,-1.4816476267101888,-16.935309867559674
2020-01-20 10:00:00,19.8,69,13.9,0.0,1,385.0,14.4,13,-3.2392951825516563,-14.030928932907388
2020-01-20 11:00:00,21.0,64,14.0,0.0,0,535.0,13.7,5,-1.1940336756429168,-13.647867363856914
2020-01-20 12:00:00,21.8,62,14.1,0.0,0,616.0,17.4,353,2.1205265752495617,-17.270303038559003
2020-01-20 13:00:00,22.1,61,14.1,0.0,1,626.0,19.2,354,2.006946494738945,-19.094820391070847
2020-01-20 14:00:00,22.1,61,14.1,0.0,0,566.0,19.1,357,0.9996167642402376,-19.07382411381236
2020-01-20 15:00:00,22.6,59,14.3,0.0,0,447.0,18.4,358,0.6421507393260151,-18.38879121715136
2020-01-20 16:00:00,21.9,62,14.4,0.0,0,285.0,17.7,358,0.6177210916342646,-17.689217638237995
2020-01-20 17:00:00,20.7,68,14.6,0.0,0,111.0,15.5,356,1.0812253430339474,-15.462242779027276
2020-01-20 18:00:00,19.0,75,14.4,0.0,0,7.0,16.6,358,0.5793316452615137,-16.58988772851699
2020-01-20 19:00:00,18.0,79,14.3,0.0,0,0.0,15.2,4,-1.0602984009107046,-15.162973563949327
2020-01-20 20:00:00,17.3,81,14.1,0.0,0,0.0,13.0,2,-0.4536934571325126,-12.992080751248244
2020-01-20 21:00:00,16.9,83,14.1,0.0,0,0.0,11.5,360,2.8166876380389124e-15,-11.5
2020-01-20 22:00:00,16.6,85,14.0,0.0,0,0.0,10.4,358,0.3629547657060086,-10.393664600998596
2020-01-20 23:00:00,16.3,86,14.0,0.0,2,0.0,9.7,358,0.3385251180142579,-9.694091022085228
2020-01-21 00:00:00,16.2,87,14.0,0.0,0,0.0,10.5,354,1.0975488643103608,-10.44247990136687
2020-01-21 01:00:00,16.0,87,13.9,0.0,0,0.0,11.5,356,0.8021994480574448,-11.47198657798798
2020-01-21 02:00:00,15.9,87,13.8,0.0,0,0.0,12.6,358,0.4397336584515103,-12.592324420440606
2020-01-21 03:00:00,15.5,89,13.7,0.0,0,0.0,12.3,5,-1.0720156357961954,-12.253194786528471
2020-01-21 04:00:00,15.3,89,13.5,0.0,0,0.0,11.9,2,-0.4153040107597615,-11.89275084152724
2020-01-21 05:00:00,15.2,89,13.3,0.0,0,0.0,12.2,2,-0.4257738597705118,-12.192568089632967
2020-01-21 06:00:00,15.0,89,13.2,0.0,0,0.0,12.3,5,-1.0720156357961954,-12.253194786528471
2020-01-21 07:00:00,14.9,90,13.2,0.0,0,0.0,11.6,7,-1.4136843834997106,-11.513535359039334
2020-01-21 08:00:00,16.2,85,13.6,0.0,0,65.0,13.3,3,-0.696068218031153,-13.281772812235833
2020-01-21 09:00:00,18.7,74,14.0,0.0,0,228.0,12.2,360,2.9881381899195417e-15,-12.2
2020-01-21 10:00:00,20.6,64,13.5,0.0,0,407.0,11.5,360,2.8166876380389124e-15,-11.5
2020-01-21 11:00:00,21.9,59,13.6,0.0,0,539.0,11.2,360,2.743208830090071e-15,-11.2
2020-01-21 12:00:00,22.9,55,13.5,0.0,0,625.0,9.7,356,0.6766377953180186,-9.676371287520292
2020-01-21 13:00:00,23.5,53,13.4,0.0,0,630.0,9.5,349,1.8126854560771744,-9.325458242752807
2020-01-21 14:00:00,23.6,53,13.6,0.0,2,568.0,10.4,346,2.515987714236546,-10.091075553270365
2020-01-21 15:00:00,23.3,54,13.6,0.0,0,447.0,10.9,351,1.7051356689385189,-10.765802912487
2020-01-21 16:00:00,22.8,56,13.7,0.0,0,286.0,11.2,356,0.781272505934207,-11.17271736291003
2020-01-21 17:00:00,21.9,61,14.1,0.0,0,111.0,9.4,360,2.3023359823970247e-15,-9.4
2020-01-21 18:00:00,20.4,68,14.3,0.0,2,8.0,11.2,2,-0.3908743630680108,-11.193177262613872
2020-01-21 19:00:00,19.3,74,14.6,0.0,0,0.0,11.2,360,2.743208830090071e-15,-11.2
2020-01-21 20:00:00,18.5,80,14.9,0.0,0,0.0,10.8,356,0.7533699164365569,-10.773691742806102
2020-01-21 21:00:00,17.9,84,15.1,0.0,0,0.0,10.5,356,0.7324429743133192,-10.474422527728152
2020-01-21 22:00:00,17.4,87,15.3,0.0,0,0.0,10.1,360,2.473786534277653e-15,-10.1
2020-01-21 23:00:00,16.9,91,15.4,0.0,0,0.0,7.6,5,-0.662383644882202,-7.571079705497266
2020-01-22 00:00:00,16.4,93,15.3,0.0,2,0.0,7.2,3,-0.3768188849491956,-7.190132650232932
2020-01-22 01:00:00,16.0,95,15.1,0.0,5,0.0,6.1,360,1.4940690949597709e-15,-6.1
2020-01-22 02:00:00,15.6,96,14.9,0.0,20,0.0,5.4,352,0.7515347451843558,-5.34744757120448
2020-01-22 03:00:00,15.5,95,14.7,0.0,26,0.0,6.6,347,1.4846769586695112,-6.430842427582552
2020-01-22 04:00:00,16.0,93,15.0,0.0,28,0.0,11.2,345,2.8987733051482314,-10.818369254437563
2020-01-22 05:00:00,16.7,93,15.6,0.0,28,0.0,14.5,353,1.7671054793746348,-14.39191919879917
2020-01-22 06:00:00,16.9,92,15.6,0.0,36,0.0,14.8,13,-3.329275604289202,-14.420676958821485
2020-01-22 07:00:00,16.7,89,15.0,0.0,40,0.0,11.1,25,-4.691062705321763,-10.060016436106814
2020-01-22 08:00:00,17.8,83,14.8,0.0,37,37.0,8.5,28,-3.990508283680072,-7.505054539300879
2020-01-22 09:00:00,20.1,72,14.9,0.0,35,140.0,5.0,21,-1.7918397477265011,-4.667902132486009
2020-01-22 10:00:00,22.0,65,15.0,0.0,30,289.0,5.4,356,0.3766849582182784,-5.386845871403051
2020-01-22 11:00:00,23.0,63,15.6,0.0,32,351.0,6.4,344,1.764079077228793,-6.1520748540052415
2020-01-22 12:00:00,23.8,62,16.0,0.0,30,508.0,6.1,332,2.863776532993933,-5.385980316439454
2020-01-22 13:00:00,24.2,61,16.3,0.0,25,504.0,6.4,313,4.680663690362691,-4.364789504399991
2020-01-22 14:00:00,24.4,62,16.7,0.0,39,433.0,6.3,301,5.400153994423308,-3.244739871933341
2020-01-22 15:00:00,24.1,64,16.9,0.0,54,239.0,7.7,311,5.811263767715347,-5.051654523226905
2020-01-22 16:00:00,23.6,66,16.9,0.0,67,135.0,8.7,330,4.350000000000003,-7.534421012924613
2020-01-22 17:00:00,22.9,70,17.1,0.0,73,60.0,6.6,347,1.4846769586695112,-6.430842427582552
2020-01-22 18:00:00,22.1,73,17.1,0.0,57,2.0,9.4,360,2.3023359823970247e-15,-9.4
2020-01-22 19:00:00,21.3,77,17.1,0.0,56,0.0,8.4,25,-3.5499933986218752,-7.61298541110786
2020-01-22 20:00:00,20.7,80,17.2,0.0,62,0.0,7.3,20,-2.496747046277381,-6.859756131737131
2020-01-22 21:00:00,20.2,83,17.2,0.0,97,0.0,5.8,4,-0.4045875477159267,-5.78587149150698
2020-01-22 22:00:00,19.7,86,17.2,0.0,75,0.0,6.5,3,-0.3401837155791349,-6.49109197590473
2020-01-22 23:00:00,19.4,87,17.2,0.0,63,0.0,7.2,6,-0.7526049355271051,-7.160557646651568
2020-01-23 00:00:00,19.3,87,17.0,0.0,54,0.0,7.8,13,-1.754618223882147,-7.600086505324834
2020-01-23 01:00:00,19.0,87,16.8,0.0,56,0.0,7.8,13,-1.754618223882147,-7.600086505324834
2020-01-23 02:00:00,18.9,85,16.4,0.0,43,0.0,7.2,18,-2.224922359499621,-6.8476069173251055
2020-01-23 03:00:00,18.9,85,16.4,0.0,37,0.0,6.8,18,-2.1013155617496424,-6.467184310807044
2020-01-23 04:00:00,18.5,87,16.3,0.0,33,0.0,7.0,12,-1.4553818357243151,-6.84703320513664
2020-01-23 05:00:00,18.3,88,16.2,0.0,33,0.0,7.2,18,-2.224922359499621,-6.8476069173251055
2020-01-23 06:00:00,18.2,88,16.1,0.0,21,0.0,8.2,23,-3.2039952536120446,-7.54813979831001
2020-01-23 07:00:00,18.1,88,16.1,0.0,28,0.0,7.9,16,-2.177535110954293,-7.59396739791272
2020-01-23 08:00:00,19.6,84,16.9,0.0,37,45.0,9.6,20,-3.28339337592642,-9.02104915954472
2020-01-23 09:00:00,21.8,79,18.0,0.0,41,190.0,8.0,27,-3.631923997916374,-7.128052193506943
2020-01-23 10:00:00,23.3,75,18.7,0.0,32,330.0,7.1,15,-1.8376152202278973,-6.858073366652385
2020-01-23 11:00:00,24.1,73,19.1,0.0,28,377.0,5.4,352,0.7515347451843558,-5.34744757120448
2020-01-23 12:00:00,24.7,72,19.3,0.0,41,434.0,3.6,307,2.875087836170255,-2.1665340833473725
2020-01-23 13:00:00,25.0,71,19.4,0.0,77,354.0,4.5,284,4.366330768241984,-1.0886485301985034
2020-01-23 14:00:00,25.1,71,19.4,0.0,74,326.0,5.7,288,5.421022142882376,-1.7613968679371992
2020-01-23 15:00:00,25.1,75,20.4,0.0,74,293.0,6.4,297,5.702441754805555,-2.9055391983330985
2020-01-23 16:00:00,24.8,77,20.5,0.1,86,187.0,6.4,313,4.680663690362691,-4.364789504399991
2020-01-23 17:00:00,24.1,81,20.7,0.2,100,59.0,5.5,337,2.1490212066910064,-5.062776693988422
2020-01-23 18:00:00,23.3,85,20.6,0.2,91,5.0,6.5,354,0.6794350112397471,-6.4643923198937765
2020-01-23 19:00:00,22.5,88,20.5,0.3,93,0.0,8.0,8,-1.1133848076805235,-7.922144549932563
2020-01-23 20:00:00,21.9,89,20.0,0.3,100,0.0,8.3,18,-2.564841053312064,-7.893769085249775
2020-01-23 21:00:00,21.5,90,19.7,0.2,100,0.0,7.1,15,-1.8376152202278973,-6.858073366652385
2020-01-23 22:00:00,21.2,90,19.4,0.3,100,0.0,6.4,16,-1.7640790772287946,-6.1520748540052415
2020-01-23 23:00:00,20.7,91,19.1,0.3,100,0.0,6.6,13,-1.484676958669509,-6.430842427582553
2020-01-24 00:00:00,20.3,92,19.0,0.4,100,0.0,7.6,8,-1.0577155672964973,-7.5260373224359345
2020-01-24 01:00:00,20.3,92,18.9,0.6,100,0.0,8.7,7,-1.060263287624783,-8.6351515192795
2020-01-24 02:00:00,20.2,92,18.8,0.6,100,0.0,9.4,4,-0.6557108531947778,-9.377102072442348
2020-01-24 03:00:00,20.2,90,18.6,0.6,100,0.0,10.4,2,-0.3629547657060101,-10.393664600998596
2020-01-24 04:00:00,20.2,91,18.6,0.7,100,0.0,11.9,2,-0.4153040107597615,-11.89275084152724
2020-01-24 05:00:00,20.1,91,18.6,0.5,100,0.0,13.0,5,-1.1330246557195562,-12.950531075192693
2020-01-24 06:00:00,20.1,92,18.7,0.3,100,0.0,13.1,9,-2.049291492027024,-12.938717261796304
2020-01-24 07:00:00,20.1,92,18.7,0.2,100,0.0,12.2,14,-2.951447126315946,-11.837607860567156
2020-01-24 08:00:00,20.4,91,19.0,0.0,96,30.0,12.0,7,-1.4624321208617697,-11.910553819695863
2020-01-24 09:00:00,21.4,88,19.4,0.0,78,94.0,12.2,358,0.42577385977051,-12.192568089632967
2020-01-24 10:00:00,22.4,83,19.5,0.0,65,215.0,12.0,353,1.4624321208617668,-11.910553819695863
2020-01-24 11:00:00,23.3,79,19.5,0.0,34,344.0,11.8,348,2.4533579516495667,-11.542141688658909
2020-01-24 12:00:00,24.1,75,19.5,0.0,14,486.0,14.0,342,4.326237921249268,-13.31479122813215
2020-01-24 13:00:00,24.3,74,19.3,0.0,17,409.0,15.8,339,5.662213602815752,-14.750570738655783
2020-01-24 14:00:00,24.0,74,19.2,0.0,23,306.0,17.9,338,6.70545802214483,-16.59659099674549
2020-01-24 15:00:00,23.3,76,18.8,0.0,33,196.0,19.2,343,5.613536730676553,-18.36105131449028
2020-01-24 16:00:00,22.5,79,18.7,0.0,46,142.0,19.5,348,4.054277970946317,-19.073878214309207
2020-01-24 17:00:00,21.6,83,18.6,0.0,59,8.0,18.6,351,2.9096810497482983,-18.37100313506956
2020-01-24 18:00:00,20.6,88,18.6,0.0,81,3.0,18.4,356,1.2835191168919116,-18.355178524780765
2020-01-24 19:00:00,20.0,91,18.5,0.0,91,0.0,18.0,360,4.408728476930472e-15,-18.0
2020-01-24 20:00:00,20.0,91,18.5,0.0,89,0.0,17.3,360,4.237277925049842e-15,-17.3
2020-01-24 21:00:00,19.6,93,18.5,0.0,87,0.0,16.9,360,4.139306181118054e-15,-16.9
2020-01-24 22:00:00,19.5,93,18.4,0.0,67,0.0,16.9,360,4.139306181118054e-15,-16.9
2020-01-24 23:00:00,19.5,92,18.3,0.0,75,0.0,17.0,4,-1.18586005365013,-16.958588854417012
2020-01-25 00:00:00,19.4,92,18.1,0.0,76,0.0,16.6,5,-1.4467853296111255,-16.536831988322977
2020-01-25 01:00:00,19.4,92,18.1,0.0,71,0.0,15.2,7,-1.8524140197582413,-15.086701504948094
2020-01-25 02:00:00,19.2,92,18.0,0.0,46,0.0,14.8,4,-1.0323958114130545,-14.763947943845398
2020-01-25 03:00:00,18.8,94,17.8,0.0,30,0.0,14.8,3,-0.7745721523955688,-14.779717114367694
2020-01-25 04:00:00,18.7,95,17.8,0.0,31,0.0,14.4,3,-0.7536377698983913,-14.380265300465863
2020-01-25 05:00:00,18.5,95,17.6,0.0,17,0.0,14.8,3,-0.7745721523955688,-14.779717114367694
2020-01-25 06:00:00,18.3,95,17.5,0.0,14,0.0,15.1,3,-0.7902729392684519,-15.079305974794064
2020-01-25 07:00:00,18.3,94,17.3,0.0,15,0.0,15.9,6,-1.6620025659556903,-15.812898136355546
2020-01-25 08:00:00,19.2,91,17.6,0.0,30,45.0,17.7,4,-1.2346895852710178,-17.65688368959889
2020-01-25 09:00:00,20.9,82,17.8,0.0,43,185.0,19.6,6,-2.048757880046008,-19.49262914921816
2020-01-25 10:00:00,22.2,76,17.7,0.0,54,292.0,18.6,9,-2.9096810497482943,-18.371003135069564
2020-01-25 11:00:00,23.0,73,17.9,0.0,51,379.0,17.1,7,-2.083965772228022,-16.972539193066606
2020-01-25 12:00:00,23.6,71,18.0,0.0,56,465.0,16.7,6,-1.745625336569813,-16.608515652650162
2020-01-25 13:00:00,23.6,70,17.9,0.0,42,413.0,16.6,359,0.2897099468589071,-16.597471739596095
2020-01-25 14:00:00,23.1,71,17.6,0.1,48,193.0,16.6,356,1.1579574641524857,-16.55956323431308
2020-01-25 15:00:00,23.3,71,17.8,0.1,51,276.0,17.3,359,0.3019266313650056,-17.29736512620557
2020-01-25 16:00:00,22.7,74,17.8,0.0,47,138.0,17.0,5,-1.4816476267101888,-16.935309867559674
2020-01-25 17:00:00,22.0,78,17.9,0.0,62,70.0,14.8,360,3.624954525476166e-15,-14.8
2020-01-25 18:00:00,20.8,83,17.9,0.0,59,4.0,13.2,349,2.5186787389703893,-12.957478821509165
2020-01-25 19:00:00,20.1,87,17.9,0.4,60,0.0,12.1,10,-2.101142949769857,-11.916173811447717
2020-01-25 20:00:00,19.7,90,18.0,0.2,48,0.0,14.1,357,0.7379369830255156,-14.080676440039491
2020-01-25 21:00:00,19.4,93,18.2,0.5,54,0.0,16.3,352,2.268521545649074,-16.141369520487597
2020-01-25 22:00:00,19.2,93,18.0,0.6,56,0.0,19.5,355,1.6995369835793372,-19.42579661278904
2020-01-25 23:00:00,19.1,93,17.9,0.8,68,0.0,19.1,357,0.9996167642402376,-19.07382411381236
2020-01-26 00:00:00,19.0,93,17.8,1.1,89,0.0,18.1,5,-1.577518943732613,-18.0311240354606
2020-01-26 01:00:00,19.0,92,17.8,0.9,77,0.0,17.1,7,-2.083965772228022,-16.972539193066606
2020-01-26 02:00:00,18.9,93,17.7,0.9,67,0.0,17.3,1,-0.3019266313650047,-17.29736512620557
2020-01-26 03:00:00,18.8,93,17.6,0.4,62,0.0,17.3,2,-0.6037612929532667,-17.289461307430358
2020-01-26 04:00:00,18.7,94,17.7,0.3,98,0.0,16.5,10,-2.8651949315043503,-16.249327924701433
2020-01-26 05:00:00,18.6,94,17.6,0.4,100,0.0,14.8,359,0.2582956152717967,-14.79774588831459
2020-01-26 06:00:00,18.6,95,17.7,1.9,77,0.0,18.8,355,1.6385279636559764,-18.728460324124818
2020-01-26 07:00:00,18.7,95,17.8,1.5,100,0.0,23.0,1,-0.4014053480575207,-22.996496988597
2020-01-26 08:00:00,18.9,94,17.8,2.7,100,7.0,25.6,4,-1.7857657278496075,-25.537639686651502
2020-01-26 09:00:00,19.1,92,17.8,2.9,100,28.0,23.8,4,-1.6602040751101823,-23.74202439618381
2020-01-26 10:00:00,19.8,89,17.9,2.3,100,58.0,22.4,4,-1.5625450118684068,-22.34543472582006
2020-01-26 11:00:00,20.8,86,18.3,2.5,100,75.0,20.2,355,1.760546003502698,-20.12313290145326
2020-01-26 12:00:00,21.3,84,18.6,2.4,100,107.0,20.2,341,6.576476720034565,-19.0994752271062
2020-01-26 13:00:00,21.2,85,18.6,1.1,100,91.0,20.1,350,3.490328371105301,-19.79463583554538
2020-01-26 14:00:00,21.3,84,18.6,0.0,90,59.0,19.4,1,-0.3385766848833001,-19.39704528603399
2020-01-26 15:00:00,21.5,78,17.5,0.0,69,107.0,16.3,5,-1.4206386067868282,-16.237973578895453
2020-01-26 16:00:00,21.7,77,17.4,0.0,24,175.0,16.3,352,2.268521545649074,-16.141369520487597
2020-01-26 17:00:00,20.6,81,17.3,0.0,52,87.0,26.1,337,10.198082453570049,-24.025176675108693
2020-01-26 18:00:00,18.8,83,15.8,0.0,95,5.0,31.6,348,6.570009429841212,-30.90946418318826
2020-01-26 19:00:00,18.2,80,14.8,0.0,66,0.0,26.3,356,1.834595259470504,-26.23593452183338
2020-01-26 20:00:00,18.0,81,14.7,0.0,49,0.0,21.3,4,-1.4858128907498689,-21.248114270534256
2020-01-26 21:00:00,18.0,82,14.8,0.0,38,0.0,16.2,356,1.1300548746548351,-16.16053761420915
2020-01-26 22:00:00,17.9,83,15.0,0.0,45,0.0,15.7,340,5.3697162502129965,-14.75317414633876
2020-01-26 23:00:00,17.9,86,15.5,0.0,69,0.0,18.5,333,8.398824245181618,-16.483620697484803
2020-01-27 00:00:00,17.8,87,15.6,0.0,57,0.0,24.3,335,10.269623760298993,-22.0232792249906
2020-01-27 01:00:00,17.5,89,15.7,0.0,49,0.0,27.3,347,6.141163783587524,-26.60030276863692
2020-01-27 02:00:00,17.3,88,15.2,0.0,45,0.0,26.3,359,0.4589982893005576,-26.29599438261309
2020-01-27 03:00:00,17.5,86,15.0,0.0,20,0.0,24.1,358,0.8410778705302699,-24.08531893116021
2020-01-27 04:00:00,17.0,87,14.7,0.0,11,0.0,23.9,355,2.0830222516690338,-23.80905328439272
2020-01-27 05:00:00,16.7,87,14.5,0.0,10,0.0,23.6,352,3.284485182657555,-23.37032642230106
2020-01-27 06:00:00,16.5,87,14.3,0.0,4,0.0,22.5,348,4.678013043399597,-22.008321016510624
2020-01-27 07:00:00,16.4,86,14.1,0.0,4,0.0,22.9,347,5.151379144474516,-22.31307448358188
2020-01-27 08:00:00,16.9,83,14.1,0.0,9,50.0,24.7,352,3.437575593713627,-24.459621297916783
2020-01-27 09:00:00,17.9,78,14.0,0.0,37,178.0,27.0,358,0.9422864109675222,-26.983552329515582
2020-01-27 10:00:00,18.8,72,13.8,0.0,41,277.0,25.6,360,6.270191611634449e-15,-25.6
2020-01-27 11:00:00,19.7,68,13.6,0.0,47,368.0,24.1,357,1.2612965454549594,-24.06697178758523
2020-01-27 12:00:00,20.2,65,13.4,0.0,42,477.0,23.1,356,1.6113745434893023,-23.04372956100194
2020-01-27 13:00:00,20.4,64,13.4,0.0,30,562.0,22.4,355,1.952288637547546,-22.314761237255095
2020-01-27 14:00:00,20.3,64,13.3,0.0,16,545.0,21.7,355,1.8912796176241853,-21.61742494859088
2020-01-27 15:00:00,20.2,64,13.1,0.0,11,433.0,21.7,353,2.6445647518916946,-21.538251490616688
2020-01-27 16:00:00,19.4,66,13.0,0.0,11,268.0,20.8,350,3.611882095472152,-20.484001262653926
2020-01-27 17:00:00,18.4,70,12.8,0.0,25,102.0,20.3,348,4.220607323600525,-19.856396294896253
2020-01-27 18:00:00,17.1,74,12.5,0.0,78,6.0,18.2,351,2.8471072637322057,-17.975927798831506
2020-01-27 19:00:00,16.6,76,12.4,0.0,92,0.0,18.7,349,3.568128213541385,-18.35642833047132
2020-01-27 20:00:00,16.4,77,12.5,0.0,93,0.0,18.6,342,5.747716095374027,-17.689651203089856
2020-01-27 21:00:00,16.5,77,12.5,0.0,90,0.0,14.5,341,4.720738239628772,-13.710019346190094
2020-01-27 22:00:00,16.5,78,12.7,0.0,89,0.0,13.9,339,4.981314498679681,-12.9767679283111
2020-01-27 23:00:00,16.5,79,12.8,0.1,85,0.0,13.1,339,4.69462013904344,-12.22990358711334
2020-01-28 00:00:00,16.4,80,12.9,0.2,75,0.0,12.4,338,4.6451217583573134,-11.497079796628164
2020-01-28 01:00:00,16.4,80,12.9,0.0,71,0.0,10.6,350,1.840670683269462,-10.438962181929403
2020-01-28 02:00:00,16.2,81,12.9,0.3,84,0.0,12.3,339,4.4079257794072,-11.48303924591558
2020-01-28 03:00:00,16.6,80,13.2,0.0,90,0.0,15.5,342,4.789763412811689,-14.74137600257488
2020-01-28 04:00:00,16.5,80,13.1,0.0,93,0.0,16.1,350,2.79573566043758,-15.855404823496553
2020-01-28 05:00:00,16.4,81,13.2,0.3,91,0.0,14.4,357,0.7536377698983989,-14.380265300465863
2020-01-28 06:00:00,16.0,85,13.6,0.6,91,0.0,13.7,5,-1.1940336756429168,-13.647867363856914
2020-01-28 07:00:00,16.0,86,13.7,0.5,91,0.0,15.1,1,-0.263531337202981,-15.097700196861508
2020-01-28 08:00:00,16.0,86,13.6,0.4,93,0.0,13.4,355,1.1678869528186215,-13.34900895442939
2020-01-28 09:00:00,16.3,87,14.0,0.4,92,8.0,11.7,342,3.615498834186888,-11.127361240653295
2020-01-28 10:00:00,16.6,86,14.2,0.4,95,6.0,15.2,338,5.694020219921868,-14.093194589415166
2020-01-28 11:00:00,16.6,86,14.3,0.4,99,0.0,18.6,351,2.9096810497482983,-18.37100313506956
2020-01-28 12:00:00,16.8,83,14.0,0.2,96,4.0,18.4,1,-0.3211242784460166,-18.3971975908776
2020-01-28 13:00:00,17.6,78,13.7,0.0,86,59.0,18.4,1,-0.3211242784460166,-18.3971975908776
2020-01-28 14:00:00,17.7,75,13.3,0.0,80,18.0,19.1,356,1.3323486485127998,-19.053473359962645
2020-01-28 15:00:00,17.4,78,13.5,0.0,83,16.0,20.3,354,2.1219278043333643,-20.18879447597595
2020-01-28 16:00:00,17.2,77,13.2,0.0,73,30.0,19.8,357,1.0362519336102984,-19.772864788140563
2020-01-28 17:00:00,16.8,79,13.0,0.2,73,5.0,18.8,357,0.983915977367354,-18.77423525338599
2020-01-28 18:00:00,16.4,80,13.0,0.6,52,4.0,16.4,351,2.5655252266597897,-16.198088785760255
2020-01-28 19:00:00,16.0,83,13.2,0.5,69,0.0,19.1,349,3.644451811692004,-18.749079203850386
2020-01-28 20:00:00,15.7,85,13.2,0.0,65,0.0,24.7,352,3.437575593713627,-24.459621297916783
2020-01-28 21:00:00,15.5,85,12.9,0.0,85,0.0,26.3,356,1.834595259470504,-26.23593452183338
2020-01-28 22:00:00,15.2,84,12.6,0.0,74,0.0,26.3,357,1.376435649189437,-26.263956764045293
2020-01-28 23:00:00,14.9,84,12.3,0.0,65,0.0,25.2,360,6.17221986770266e-15,-25.2
2020-01-29 00:00:00,14.6,84,12.0,0.0,55,0.0,23.4,360,5.7313470200096116e-15,-23.4
2020-01-29 01:00:00,14.5,83,11.7,0.0,64,0.0,22.4,355,1.952288637547546,-22.314761237255095
2020-01-29 02:00:00,14.5,83,11.7,0.0,40,0.0,21.7,353,2.6445647518916946,-21.538251490616688
2020-01-29 03:00:00,14.3,82,11.3,0.0,39,0.0,22.1,353,2.6933124892537537,-21.93526995127322
2020-01-29 04:00:00,14.2,82,11.2,0.0,38,0.0,22.8,354,2.3832489625024977,-22.67509921439663
2020-01-29 05:00:00,14.2,82,11.2,0.0,30,0.0,23.1,356,1.6113745434893023,-23.04372956100194
2020-01-29 06:00:00,14.2,82,11.2,0.0,29,0.0,22.3,357,1.1670918242176596,-22.269438625027
2020-01-29 07:00:00,14.0,83,11.1,0.0,30,0.0,21.3,355,1.8564173205251224,-21.21894706935418
2020-01-29 08:00:00,14.7,79,11.1,0.0,22,54.0,21.4,352,2.9783043605454096,-21.1917366710696
2020-01-29 09:00:00,16.0,72,11.0,0.0,29,199.0,23.6,352,3.284485182657555,-23.37032642230106
2020-01-29 10:00:00,17.0,67,10.9,0.0,40,354.0,25.7,354,2.6863815059786926,-25.559212710964623
2020-01-29 11:00:00,17.9,63,10.7,0.0,55,504.0,25.4,353,3.09548132249074,-25.21067225168958
2020-01-29 12:00:00,18.1,62,10.6,0.0,71,444.0,24.0,351,3.7544271609655455,-23.704520174283303
2020-01-29 13:00:00,18.2,61,10.6,0.0,67,502.0,24.4,352,3.395823663425608,-24.16254087729431
2020-01-29 14:00:00,18.0,61,10.5,0.0,66,525.0,26.0,355,2.2660493114391165,-25.901062150385386
2020-01-29 15:00:00,17.5,64,10.6,0.0,59,302.0,27.0,359,0.4712149738066561,-26.995887769222563
2020-01-29 16:00:00,17.1,64,10.3,0.0,33,205.0,26.3,360,6.441642163515078e-15,-26.3
2020-01-29 17:00:00,16.3,67,10.1,0.0,23,101.0,25.2,359,0.4398006422195457,-25.19616191794106
2020-01-29 18:00:00,15.1,71,9.8,0.0,22,10.0,22.7,357,1.188026206714837,-22.668890438928827
2020-01-29 19:00:00,14.5,74,9.9,0.0,20,0.0,23.1,355,2.013297657470907,-23.012097525919323
2020-01-29 20:00:00,14.2,75,9.7,0.0,32,0.0,24.6,355,2.144031271592395,-24.506389573056943
2020-01-29 21:00:00,14.0,75,9.7,0.0,46,0.0,24.9,358,0.8689974678922705,-24.884831592775484
2020-01-29 22:00:00,14.0,74,9.5,0.0,50,0.0,24.8,359,0.4328196796446323,-24.796222839878503
2020-01-29 23:00:00,13.9,73,9.2,0.0,59,0.0,24.1,359,0.4206029951385338,-24.096329453269032
2020-01-30 00:00:00,13.9,71,8.7,0.0,49,0.0,23.8,359,0.4153672732073487,-23.796375144722116
2020-01-30 01:00:00,13.8,70,8.4,0.0,40,0.0,23.4,359,0.4083863106324353,-23.396436066659557
2020-01-30 02:00:00,13.7,69,8.2,0.0,49,0.0,23.4,358,0.8166482228385192,-23.38574535224684
2020-01-30 03:00:00,13.6,68,7.7,0.0,50,0.0,24.5,358,0.8550376692112702,-24.485075261967847
2020-01-30 04:00:00,13.5,68,7.6,0.0,48,0.0,25.2,359,0.4398006422195457,-25.19616191794106
2020-01-30 05:00:00,13.3,67,7.4,0.0,48,0.0,25.6,360,6.270191611634449e-15,-25.6
2020-01-30 06:00:00,13.2,67,7.2,0.0,40,0.0,23.4,2,-0.8166482228385227,-23.38574535224684
2020-01-30 07:00:00,13.0,67,7.0,0.0,28,1.0,23.0,359,0.4014053480575218,-22.996496988597
2020-01-30 08:00:00,13.5,66,7.2,0.0,19,63.0,24.1,360,5.9027975718902425e-15,-24.1
2020-01-30 09:00:00,14.5,61,7.0,0.0,14,207.0,27.7,1,-0.4834316583127532,-27.69578115583204
2020-01-30 10:00:00,15.5,57,6.9,0.0,10,392.0,28.8,1,-0.5026293053937652,-28.79561362050407
2020-01-30 11:00:00,16.4,53,6.9,0.0,10,519.0,28.8,1,-0.5026293053937652,-28.79561362050407
2020-01-30 12:00:00,17.0,52,6.9,0.0,8,658.0,28.4,359,0.495648342818853,-28.395674542441512
2020-01-30 13:00:00,17.1,51,6.8,0.0,4,625.0,29.2,359,0.5096102679686799,-29.195552698566622
2020-01-30 14:00:00,17.1,50,6.6,0.0,5,612.0,29.9,359,0.5218269524747784,-29.895446085176097
2020-01-30 15:00:00,16.5,50,6.2,0.0,3,483.0,29.2,360,7.151937307020543e-15,-29.2
2020-01-30 16:00:00,15.9,51,5.9,0.0,1,295.0,28.1,360,6.8825150112081245e-15,-28.1
2020-01-30 17:00:00,15.1,54,5.8,0.0,1,140.0,26.3,360,6.441642163515078e-15,-26.3
2020-01-30 18:00:00,14.0,57,5.6,0.0,1,14.0,24.8,1,-0.4328196796446311,-24.796222839878503
2020-01-30 19:00:00,13.3,59,5.4,0.0,0,0.0,25.6,2,-0.8934271155840249,-25.584405171688854
2020-01-30 20:00:00,13.0,59,5.1,0.0,0,0.0,25.6,3,-1.3398004798193623,-25.56491608971709
2020-01-30 21:00:00,12.8,58,4.7,0.0,0,0.0,24.2,4,-1.6881066646078322,-24.141050016287743
2020-01-30 22:00:00,12.7,57,4.3,0.0,0,0.0,23.1,4,-1.6113745434892943,-23.04372956100194
2020-01-30 23:00:00,12.6,55,3.9,0.0,0,0.0,22.4,4,-1.5625450118684068,-22.34543472582006
2020-01-31 00:00:00,12.5,54,3.4,0.0,0,0.0,21.6,3,-1.130456654847587,-21.5703979506988
2020-01-31 01:00:00,12.3,54,3.1,0.0,0,0.0,20.9,2,-0.7293994810822702,-20.8872682846991
2020-01-31 02:00:00,12.1,55,3.2,0.0,0,0.0,20.2,2,-0.7049698333905196,-20.18769470578573
2020-01-31 03:00:00,11.9,57,3.6,0.0,0,0.0,19.1,2,-0.6665803870177686,-19.08836479606473
2020-01-31 04:00:00,11.7,59,3.9,0.0,0,0.0,18.0,2,-0.6281909406450175,-17.989034886343724
2020-01-31 05:00:00,11.5,60,4.1,0.0,0,0.0,16.9,2,-0.5898014942722664,-16.889704976622717
2020-01-31 06:00:00,11.3,63,4.4,0.0,0,0.0,14.4,4,-1.0044932219154044,-14.36492232374147
2020-01-31 07:00:00,11.2,65,4.8,0.0,0,1.0,13.4,5,-1.1678869528186195,-13.34900895442939
2020-01-31 08:00:00,12.6,62,5.6,0.0,0,79.0,15.1,360,3.698433333425007e-15,-15.1
2020-01-31 09:00:00,14.5,55,5.5,0.0,1,264.0,15.9,4,-1.1091279325315924,-15.861268399131204
2020-01-31 10:00:00,16.0,47,4.7,0.0,0,441.0,14.8,3,-0.7745721523955688,-14.779717114367694
2020-01-31 11:00:00,17.1,43,4.5,0.0,0,593.0,12.6,360,3.08610993385133e-15,-12.6
2020-01-31 12:00:00,17.9,42,5.0,0.0,0,675.0,12.0,351,1.8772135804827728,-11.852260087141651
2020-01-31 13:00:00,18.4,42,5.4,0.0,1,676.0,11.5,346,2.7821017993961803,-11.15840085217396
2020-01-31 14:00:00,18.6,43,5.8,0.0,0,628.0,11.4,347,2.564442019520065,-11.10781873855168
2020-01-31 15:00:00,18.4,43,5.8,0.0,1,500.0,11.9,346,2.878870557636048,-11.54651914268436
2020-01-31 16:00:00,18.0,45,5.9,0.0,0,320.0,12.8,350,2.222696674136709,-12.605539238556265
2020-01-31 17:00:00,17.1,50,6.7,0.0,1,140.0,11.5,356,0.8021994480574448,-11.47198657798798
2020-01-31 18:00:00,15.7,56,7.0,0.0,0,14.0,10.5,4,-0.7324429743133156,-10.474422527728152
2020-01-31 19:00:00,14.5,62,7.4,0.0,0,0.0,10.4,2,-0.3629547657060101,-10.393664600998596
2020-01-31 20:00:00,13.9,66,7.8,0.0,1,0.0,11.2,4,-0.7812725059342034,-11.17271736291003
2020-01-31 21:00:00,13.6,69,8.0,0.0,1,0.0,10.9,6,-1.1393602496174229,-10.84028865951418
2020-01-31 22:00:00,13.3,71,8.2,0.0,2,0.0,10.2,8,-1.419565629792667,-10.100734301164016
2020-01-31 23:00:00,13.1,72,8.3,0.0,6,0.0,10.0,13,-2.24951054343865,-9.743700647852352
2020-02-01 00:00:00,13.0,74,8.4,0.0,5,0.0,10.8,15,-2.795245687107224,-10.431998923921938
2020-02-01 01:00:00,12.8,74,8.4,0.0,10,0.0,10.1,17,-2.952954217699641,-9.658678035226655
2020-02-01 02:00:00,12.6,75,8.3,0.0,10,0.0,9.5,25,-4.014873486536644,-8.609923976848174
2020-02-01 03:00:00,12.1,77,8.2,0.0,12,0.0,8.9,27,-4.040515447681966,-7.929958065276475
2020-02-01 04:00:00,11.6,79,8.1,0.0,14,0.0,8.0,27,-3.631923997916374,-7.128052193506943
2020-02-01 05:00:00,11.2,80,8.0,0.0,5,0.0,7.2,27,-3.2687315981247367,-6.415246974156249
2020-02-01 06:00:00,10.9,82,7.9,0.0,13,0.0,6.4,38,-3.940233442084213,-5.043268823083021
2020-02-01 07:00:00,10.6,85,8.2,0.0,7,1.0,7.0,35,-4.015035054457322,-5.734064310022943
2020-02-01 08:00:00,12.5,79,9.0,0.0,13,48.0,7.9,24,-3.2132194802988217,-7.217009115376547
2020-02-01 09:00:00,15.5,68,9.7,0.0,3,186.0,6.0,17,-1.7542302283364206,-5.737828535778212
2020-02-01 10:00:00,17.3,59,9.3,0.0,3,341.0,5.0,360,1.2246467991473533e-15,-5.0
2020-02-01 11:00:00,18.5,57,9.7,0.0,3,560.0,4.3,318,2.87726160734309,-3.195522749552795
2020-02-01 12:00:00,19.2,54,9.8,0.0,2,636.0,6.0,303,5.032023407672545,-3.26783421009016
2020-02-01 13:00:00,19.7,53,9.8,0.0,0,662.0,7.0,305,5.734064310022943,-4.015035054457322
2020-02-01 14:00:00,19.7,53,9.8,0.0,0,531.0,8.2,311,6.188618557826731,-5.379684037722157
2020-02-01 15:00:00,19.7,55,10.3,0.0,2,442.0,8.7,322,5.3562548353332256,-6.855693556378481
2020-02-01 16:00:00,19.3,55,10.1,0.0,1,287.0,9.7,338,3.6336839561343495,-8.993683389297836
2020-02-01 17:00:00,18.6,58,10.3,0.0,1,119.0,8.7,353,1.0602632876247808,-8.635151519279502
2020-02-01 18:00:00,17.4,64,10.5,0.0,1,13.0,9.8,6,-1.024378940023004,-9.746314574609078
2020-02-01 19:00:00,16.3,69,10.6,0.0,1,0.0,9.3,16,-2.5634274090980926,-8.939733772226367
2020-02-01 20:00:00,15.5,73,10.7,0.0,1,0.0,9.7,22,-3.6336839561343455,-8.993683389297837
2020-02-01 21:00:00,15.0,76,10.8,0.0,1,0.0,9.4,18,-2.9047597471245057,-8.939931253174443
2020-02-01 22:00:00,14.6,78,10.8,0.0,1,0.0,9.1,7,-1.109011024986842,-9.032169979936029
2020-02-01 23:00:00,14.3,79,10.7,0.0,0,0.0,9.4,4,-0.6557108531947778,-9.377102072442348
2020-02-02 00:00:00,14.2,79,10.6,0.0,0,0.0,9.8,6,-1.024378940023004,-9.746314574609078
2020-02-02 01:00:00,14.1,79,10.4,0.0,0,0.0,9.6,13,-2.159530121701104,-9.35395262193826
2020-02-02 02:00:00,13.9,79,10.3,0.0,0,0.0,9.3,13,-2.092044805397945,-9.06164160250269
2020-02-02 03:00:00,13.5,82,10.5,0.0,0,0.0,9.0,16,-2.4807362023529924,-8.65135526344487
2020-02-02 04:00:00,13.2,83,10.5,0.0,0,0.0,8.6,22,-3.221616703376843,-7.973781149274371
2020-02-02 05:00:00,13.1,84,10.5,0.0,0,0.0,8.5,28,-3.990508283680072,-7.505054539300879
2020-02-02 06:00:00,12.9,85,10.5,0.0,0,0.0,9.2,31,-4.738350289172498,-7.885939166459432
2020-02-02 07:00:00,12.4,89,10.6,0.0,1,1.0,5.1,39,-3.2095339943541705,-3.963444403430551
2020-02-02 08:00:00,14.2,85,11.8,0.0,1,64.0,6.6,331,3.199743493625823,-5.772490067120012
2020-02-02 09:00:00,17.1,75,12.6,0.0,1,180.0,7.5,325,4.3018232726328485,-6.143640332167437
2020-02-02 10:00:00,18.9,63,11.8,0.0,2,393.0,9.0,337,3.516580156403465,-8.284543681071963
2020-02-02 11:00:00,19.9,59,11.7,0.0,0,559.0,9.4,342,2.9047597471245084,-8.939931253174443
2020-02-02 12:00:00,20.5,57,11.6,0.0,2,635.0,8.6,345,2.225843787881678,-8.306962106085987
2020-02-02 13:00:00,20.9,55,11.5,0.0,7,640.0,7.9,344,2.177535110954292,-7.59396739791272
2020-02-02 14:00:00,21.0,54,11.4,0.0,21,541.0,8.4,340,2.8729692039356163,-7.893418014601631
2020-02-02 15:00:00,21.0,53,11.1,0.0,25,303.0,10.9,343,3.186851581477835,-10.423721839997086
2020-02-02 16:00:00,20.6,54,11.0,0.0,34,198.0,13.0,354,1.3588700224794945,-12.928784639787551
2020-02-02 17:00:00,19.6,59,11.4,0.0,43,56.0,12.2,2,-0.4257738597705118,-12.192568089632967
2020-02-02 18:00:00,18.4,64,11.4,0.0,46,6.0,11.5,4,-0.802199448057441,-11.47198657798798
2020-02-02 19:00:00,17.7,67,11.5,0.0,35,0.0,11.9,3,-0.6227978792910317,-11.88369146357943
2020-02-02 20:00:00,17.3,70,11.7,0.0,38,0.0,11.5,2,-0.4013442120787611,-11.4929945107196
2020-02-02 21:00:00,17.0,72,11.9,0.0,26,0.0,10.4,2,-0.3629547657060101,-10.393664600998596
2020-02-02 22:00:00,16.4,75,12.1,0.0,29,0.0,8.3,5,-0.7233926648055629,-8.268415994161488
2020-02-02 23:00:00,16.2,77,12.2,0.0,25,0.0,7.6,360,1.8614631347039767e-15,-7.6
2020-02-03 00:00:00,16.1,79,12.4,0.0,44,0.0,9.1,353,1.1090110249868397,-9.03216997993603
2020-02-03 01:00:00,16.0,80,12.6,0.0,30,0.0,10.5,354,1.0975488643103608,-10.44247990136687
2020-02-03 02:00:00,15.8,83,12.9,0.0,10,0.0,10.1,358,0.3524849166952583,-10.093847352892867
2020-02-03 03:00:00,15.1,87,13.0,0.0,3,0.0,10.4,358,0.3629547657060086,-10.393664600998596
2020-02-03 04:00:00,15.0,89,13.2,0.0,1,0.0,11.2,356,0.781272505934207,-11.17271736291003
2020-02-03 05:00:00,14.9,90,13.3,0.0,0,0.0,10.4,2,-0.3629547657060101,-10.393664600998596
2020-02-03 06:00:00,14.7,91,13.3,0.0,0,0.0,10.0,13,-2.24951054343865,-9.743700647852352
2020-02-03 07:00:00,14.6,92,13.2,0.0,0,1.0,7.6,19,-2.474317973874391,-7.185941174554808
2020-02-03 08:00:00,15.7,90,14.0,0.0,0,56.0,6.5,354,0.6794350112397471,-6.4643923198937765
2020-02-03 09:00:00,18.0,81,14.7,0.0,0,203.0,5.8,353,0.7068421917498539,-5.756767679519668
2020-02-03 10:00:00,19.6,68,13.5,0.0,0,386.0,5.4,340,1.8469087739586103,-5.074340152243906
2020-02-03 11:00:00,20.7,61,13.0,0.0,0,563.0,4.4,325,2.523736319944605,-3.604268994871563
2020-02-03 12:00:00,21.6,56,12.5,0.0,0,650.0,6.4,317,4.364789504399989,-4.680663690362692
2020-02-03 13:00:00,22.0,54,12.4,0.0,0,677.0,9.1,326,5.088655421583794,-7.54424191025088
2020-02-03 14:00:00,22.0,55,12.6,0.0,0,592.0,11.7,342,3.615498834186888,-11.127361240653295
2020-02-03 15:00:00,21.7,59,13.3,0.0,0,464.0,15.0,349,2.86213493064817,-14.72440775171496
2020-02-03 16:00:00,21.0,62,13.5,0.0,2,265.0,18.0,358,0.6281909406450148,-17.989034886343724
2020-02-03 17:00:00,19.8,69,13.9,0.0,5,126.0,18.4,3,-0.9629815948701664,-18.37478343948416
2020-02-03 18:00:00,18.3,77,14.1,0.0,13,14.0,17.3,4,-1.2067869957733677,-17.257858069494958
2020-02-03 19:00:00,17.4,83,14.4,0.0,15,0.0,16.7,6,-1.745625336569813,-16.608515652650162
2020-02-03 20:00:00,17.0,86,14.7,0.0,14,0.0,15.9,4,-1.1091279325315924,-15.861268399131204
2020-02-03 21:00:00,16.7,89,14.8,0.0,12,0.0,14.8,3,-0.7745721523955688,-14.779717114367694
2020-02-03 22:00:00,16.5,90,14.8,0.0,7,0.0,13.3,360,3.25756048573196e-15,-13.3
2020-02-03 23:00:00,16.3,91,14.7,0.0,4,0.0,13.0,358,0.4536934571325107,-12.992080751248244
2020-02-04 00:00:00,16.1,91,14.6,0.0,2,0.0,13.3,2,-0.4641633061432629,-13.291897999353974
2020-02-04 01:00:00,16.1,91,14.6,0.0,7,0.0,12.6,5,-1.098162358620493,-12.552053195955994
2020-02-04 02:00:00,16.1,91,14.6,0.0,14,0.0,11.5,2,-0.4013442120787611,-11.4929945107196
2020-02-04 03:00:00,16.0,91,14.5,0.0,12,0.0,12.3,357,0.6437322617882157,-12.283143277481258
2020-02-04 04:00:00,15.9,91,14.5,0.0,12,0.0,14.1,356,0.9835662797921716,-14.06565310866352
2020-02-04 05:00:00,15.9,91,14.5,0.0,9,0.0,14.4,359,0.2513146526968833,-14.397806810252035
2020-02-04 06:00:00,15.9,91,14.4,0.0,55,0.0,12.4,10,-2.1532374030699364,-12.21161613735138
2020-02-04 07:00:00,15.8,91,14.2,0.0,100,1.0,11.0,19,-3.5812496990287235,-10.400704331592486
2020-02-04 08:00:00,17.0,85,14.4,0.0,100,37.0,9.5,11,-1.812685456077176,-9.325458242752807
2020-02-04 09:00:00,18.5,78,14.6,0.0,95,94.0,9.1,353,1.1090110249868397,-9.03216997993603
2020-02-04 10:00:00,19.9,70,14.3,0.0,82,257.0,13.5,351,2.1118652780431195,-13.33379259803436
2020-02-04 11:00:00,20.6,66,14.1,0.0,82,301.0,15.2,5,-1.324767289764404,-15.142159410994532
2020-02-04 12:00:00,20.9,65,14.1,0.0,72,267.0,14.6,9,-2.2839431895873705,-14.420249772689012
2020-02-04 13:00:00,21.2,64,14.1,0.0,65,266.0,14.4,1,-0.2513146526968826,-14.397806810252035
2020-02-04 14:00:00,21.8,61,14.0,0.0,53,454.0,15.2,356,1.0602984009107097,-15.162973563949327
2020-02-04 15:00:00,21.2,65,14.3,0.0,31,259.0,17.7,355,1.5426566466335525,-17.632646156223895
2020-02-04 16:00:00,20.8,67,14.5,0.0,25,220.0,19.8,358,0.6910100347095163,-19.787938374978097
2020-02-04 17:00:00,19.9,72,14.8,0.0,29,89.0,18.7,359,0.3263600003772026,-18.697151899424515
2020-02-04 18:00:00,18.7,79,15.0,0.0,27,9.0,17.7,358,0.6177210916342646,-17.689217638237995
2020-02-04 19:00:00,17.8,84,15.1,0.0,27,0.0,16.6,355,1.4467853296111282,-16.536831988322977
2020-02-04 20:00:00,17.5,86,15.1,0.0,26,0.0,16.8,351,2.6280990126758823,-16.593164121998313
2020-02-04 21:00:00,17.4,87,15.2,0.0,26,0.0,17.5,351,2.737603138204044,-17.28454596041491
2020-02-04 22:00:00,17.5,86,15.2,0.0,26,0.0,17.4,354,1.8187952608571691,-17.304680979407955
2020-02-04 23:00:00,17.5,86,15.1,0.0,33,0.0,17.3,356,1.2067869957733734,-17.257858069494958
2020-02-05 00:00:00,17.4,86,15.1,0.0,39,0.0,17.6,359,0.3071623532961907,-17.59731943475249
2020-02-05 01:00:00,17.4,86,15.0,0.0,58,0.0,15.8,360,3.869883885305636e-15,-15.8
2020-02-05 02:00:00,17.5,85,14.9,0.0,59,0.0,15.9,357,0.8321417042628155,-15.878209602597725
2020-02-05 03:00:00,17.0,89,15.1,0.3,48,0.0,16.3,355,1.4206386067868306,-16.237973578895453
2020-02-05 04:00:00,17.0,90,15.3,0.0,30,0.0,16.3,355,1.4206386067868306,-16.237973578895453
2020-02-05 05:00:00,16.8,90,15.2,0.0,21,0.0,17.3,355,1.507794349534489,-17.234168276987198
2020-02-05 06:00:00,16.5,91,15.0,0.0,4,0.0,18.1,355,1.5775189437326156,-18.0311240354606
2020-02-05 07:00:00,16.3,91,14.8,0.0,4,1.0,18.0,359,0.3141433158711041,-17.997258512815044
2020-02-05 08:00:00,17.3,86,15.0,0.0,2,63.0,18.4,357,0.9629815948701764,-18.37478343948416
2020-02-05 09:00:00,18.9,78,14.9,0.0,5,208.0,19.5,357,1.020551146737415,-19.47327592771419
2020-02-05 10:00:00,20.2,71,14.7,0.0,7,392.0,19.5,357,1.020551146737415,-19.47327592771419
2020-02-05 11:00:00,21.2,66,14.5,0.0,7,536.0,18.4,358,0.6421507393260151,-18.38879121715136
2020-02-05 12:00:00,21.8,64,14.6,0.0,9,626.0,17.7,355,1.5426566466335525,-17.632646156223895
2020-02-05 13:00:00,21.9,64,14.7,0.0,14,615.0,17.8,353,2.1692743126116207,-17.667321499215532
2020-02-05 14:00:00,21.8,64,14.6,0.0,16,531.0,18.4,354,1.9233237241248229,-18.299202874776228
2020-02-05 15:00:00,21.5,64,14.5,0.0,12,385.0,20.2,356,1.409080769631338,-20.15079381524845
2020-02-05 16:00:00,20.8,66,14.2,0.0,12,241.0,21.3,357,1.1147558679747152,-21.270809090272422
2020-02-05 17:00:00,19.9,69,14.0,0.0,11,122.0,19.5,358,0.6805401856987661,-19.488121126872368
2020-02-05 18:00:00,18.6,73,13.7,0.0,10,15.0,18.0,358,0.6281909406450148,-17.989034886343724
2020-02-05 19:00:00,17.8,76,13.5,0.0,11,0.0,18.0,359,0.3141433158711041,-17.997258512815044
2020-02-05 20:00:00,17.5,77,13.4,0.0,15,0.0,16.9,358,0.5898014942722639,-16.889704976622717
2020-02-05 21:00:00,17.2,78,13.4,0.0,28,0.0,16.2,357,0.8478424911356988,-16.177798463024097
2020-02-05 22:00:00,17.0,79,13.4,0.0,27,0.0,15.5,356,1.0812253430339474,-15.462242779027276
2020-02-05 23:00:00,16.8,81,13.5,0.0,31,0.0,15.5,356,1.0812253430339474,-15.462242779027276
2020-02-06 00:00:00,16.5,83,13.6,0.0,22,0.0,14.8,360,3.624954525476166e-15,-14.8
2020-02-06 01:00:00,16.2,85,13.7,0.0,18,0.0,12.6,3,-0.6594330486610923,-12.58273213790763
2020-02-06 02:00:00,15.9,87,13.8,0.0,17,0.0,11.2,4,-0.7812725059342034,-11.17271736291003
2020-02-06 03:00:00,16.0,87,13.8,0.0,11,0.0,10.8,360,2.645237086158283e-15,-10.8
2020-02-06 04:00:00,15.9,88,13.9,0.0,9,0.0,10.4,360,2.547265342226495e-15,-10.4
2020-02-06 05:00:00,15.6,90,13.9,0.0,7,0.0,9.4,2,-0.3280552690035091,-9.3942737739795
2020-02-06 06:00:00,15.3,91,13.9,0.0,5,0.0,9.0,2,-0.3140954703225087,-8.994517443171862
2020-02-06 07:00:00,15.3,92,14.0,0.0,3,1.0,8.3,5,-0.7233926648055629,-8.268415994161488
2020-02-06 08:00:00,16.6,88,14.6,0.0,4,62.0,6.5,6,-0.6794350112397476,-6.4643923198937765
2020-02-06 09:00:00,18.7,82,15.5,0.0,1,188.0,1.0,315,0.7071067811865477,-0.7071067811865474
2020-02-06 10:00:00,20.7,74,15.8,0.0,1,392.0,5.5,238,4.664264528860342,2.9145559532826275
2020-02-06 11:00:00,21.8,69,15.9,0.0,1,523.0,9.3,257,9.061641602502688,2.092044805397947
2020-02-06 12:00:00,22.4,66,15.9,0.0,1,582.0,9.7,270,9.7,1.7818610927593987e-15
2020-02-06 13:00:00,22.7,65,15.8,0.0,12,522.0,10.3,282,10.074920287558198,-2.1414904154229224
2020-02-06 14:00:00,22.9,64,15.8,0.0,17,461.0,11.6,300,10.045894683899489,-5.800000000000001
2020-02-06 15:00:00,22.7,67,16.1,0.0,24,426.0,13.0,316,9.030558815966968,-9.35141740440246
2020-02-06 16:00:00,22.0,69,16.0,0.0,24,259.0,14.4,328,7.630837404958152,-12.211892584652531
2020-02-06 17:00:00,21.0,73,16.0,0.0,26,105.0,16.1,340,5.506524307543265,-15.129051194653128
2020-02-06 18:00:00,19.5,80,16.0,0.0,35,10.0,17.6,349,3.3582383186271865,-17.276638428678886
2020-02-06 19:00:00,18.7,84,16.0,0.0,41,0.0,17.3,356,1.2067869957733734,-17.257858069494958
2020-02-06 20:00:00,18.2,88,16.1,0.0,35,0.0,17.3,358,0.6037612929532643,-17.289461307430358
2020-02-06 21:00:00,18.0,89,16.2,0.0,27,0.0,16.3,5,-1.4206386067868282,-16.237973578895453
2020-02-06 22:00:00,17.7,91,16.2,0.0,25,0.0,14.8,360,3.624954525476166e-15,-14.8
2020-02-06 23:00:00,17.5,93,16.4,0.0,21,0.0,15.3,352,2.129348444689008,-15.151101451746026
2020-02-07 00:00:00,17.3,94,16.4,0.0,21,0.0,16.7,354,1.745625336569812,-16.608515652650162
2020-02-07 01:00:00,17.1,95,16.3,0.0,50,0.0,18.0,357,0.9420472123729986,-17.975331625582328
2020-02-07 02:00:00,16.9,94,16.0,0.0,60,0.0,19.8,359,0.3455576474582145,-19.79698436409655
2020-02-07 03:00:00,16.8,93,15.6,0.0,58,0.0,20.5,360,5.021051876504148e-15,-20.5
2020-02-07 04:00:00,16.4,93,15.2,0.0,66,0.0,21.6,360,5.290474172316566e-15,-21.6
2020-02-07 05:00:00,16.3,93,15.1,0.0,54,0.0,22.0,359,0.3839529416202383,-21.99664929344061
2020-02-07 06:00:00,15.9,93,14.8,0.0,44,0.0,22.0,359,0.3839529416202383,-21.99664929344061
2020-02-07 07:00:00,15.8,93,14.8,0.0,57,1.0,21.3,357,1.1147558679747152,-21.270809090272422
2020-02-07 08:00:00,16.9,87,14.7,0.0,29,56.0,22.4,356,1.562545011868414,-22.34543472582006
2020-02-07 09:00:00,18.5,78,14.6,0.0,33,183.0,24.2,356,1.6881066646078404,-24.141050016287743
2020-02-07 10:00:00,19.9,72,14.7,0.0,40,348.0,25.6,358,0.8934271155840211,-25.584405171688854
2020-02-07 11:00:00,20.9,69,14.9,0.0,33,510.0,24.5,1,-0.427583957713446,-24.496268531331587
2020-02-07 12:00:00,21.8,66,15.1,0.0,29,611.0,24.1,358,0.8410778705302699,-24.08531893116021
2020-02-07 13:00:00,22.1,65,15.3,0.0,27,591.0,26.0,356,1.8136683173472663,-25.93666530675543
2020-02-07 14:00:00,22.2,65,15.3,0.0,31,607.0,27.8,357,1.4549395835538534,-27.761901066177156
2020-02-07 15:00:00,21.5,68,15.2,0.0,21,434.0,28.4,359,0.495648342818853,-28.395674542441512
2020-02-07 16:00:00,20.7,69,14.9,0.0,20,300.0,27.7,359,0.4834316583127546,-27.69578115583204
2020-02-07 17:00:00,19.8,72,14.7,0.0,23,132.0,24.9,358,0.8689974678922705,-24.884831592775484
2020-02-07 18:00:00,18.5,77,14.4,0.0,10,16.0,23.1,356,1.6113745434893023,-23.04372956100194
2020-02-07 19:00:00,17.8,80,14.3,0.0,5,0.0,22.0,355,1.917426340448483,-21.9162833580184
2020-02-07 20:00:00,17.3,82,14.2,0.0,8,0.0,22.9,353,2.790807963977872,-22.729306872586275
2020-02-07 21:00:00,17.1,83,14.1,0.0,5,0.0,23.1,355,2.013297657470907,-23.012097525919323
2020-02-07 22:00:00,16.9,83,13.9,0.0,2,0.0,22.0,355,1.917426340448483,-21.9162833580184
2020-02-07 23:00:00,16.7,82,13.7,0.0,6,0.0,21.3,354,2.226456267601018,-21.183316371344223
2020-02-08 00:00:00,16.6,82,13.6,0.0,4,0.0,21.7,354,2.268267652908079,-21.58112512949153
2020-02-08 01:00:00,16.5,82,13.4,0.0,0,0.0,21.3,355,1.8564173205251224,-21.21894706935418
2020-02-08 02:00:00,16.4,82,13.3,0.0,2,0.0,20.5,357,1.0728871029803595,-20.471905462468765
2020-02-08 03:00:00,16.5,83,13.6,0.0,2,0.0,19.8,357,1.0362519336102984,-19.772864788140563
2020-02-08 04:00:00,16.4,83,13.5,0.0,2,0.0,19.9,356,1.3881538275081,-19.8515246001705
2020-02-08 05:00:00,16.2,83,13.4,0.0,6,0.0,19.9,356,1.3881538275081,-19.8515246001705
2020-02-08 06:00:00,16.1,83,13.2,0.0,1,0.0,19.1,357,0.9996167642402376,-19.07382411381236
2020-02-08 07:00:00,16.0,83,13.2,0.0,1,1.0,18.8,357,0.983915977367354,-18.77423525338599
2020-02-08 08:00:00,17.0,78,13.2,0.0,3,68.0,18.8,357,0.983915977367354,-18.77423525338599
2020-02-08 09:00:00,18.6,71,13.2,0.0,2,233.0,19.1,357,0.9996167642402376,-19.07382411381236
2020-02-08 10:00:00,20.0,66,13.4,0.0,1,388.0,19.1,356,1.3323486485127998,-19.053473359962645
2020-02-08 11:00:00,21.0,63,13.6,0.0,6,549.0,19.5,355,1.6995369835793372,-19.42579661278904
2020-02-08 12:00:00,21.5,61,13.7,0.0,10,612.0,20.2,355,1.760546003502698,-20.12313290145326
2020-02-08 13:00:00,21.6,61,13.7,0.0,12,632.0,20.6,356,1.4369833591289882,-20.54981943535238
2020-02-08 14:00:00,21.4,61,13.5,0.0,12,568.0,22.0,355,1.917426340448483,-21.9162833580184
2020-02-08 15:00:00,21.0,60,13.0,0.0,10,457.0,24.2,357,1.2665301410792538,-24.166834741060686
2020-02-08 16:00:00,20.1,62,12.7,0.0,11,313.0,24.9,358,0.8689974678922705,-24.884831592775484
2020-02-08 17:00:00,18.9,66,12.3,0.0,21,133.0,22.8,355,1.9871509346466096,-22.7132391164918
2020-02-08 18:00:00,17.5,70,11.9,0.0,32,17.0,23.4,356,1.6323014856125395,-23.342998776079884
2020-02-08 19:00:00,16.7,72,11.6,0.0,25,0.0,23.4,359,0.4083863106324353,-23.396436066659557
2020-02-08 20:00:00,16.3,73,11.4,0.0,21,0.0,22.0,359,0.3839529416202383,-21.99664929344061
2020-02-08 21:00:00,16.2,73,11.4,0.0,16,0.0,21.6,357,1.1304566548475985,-21.5703979506988
2020-02-08 22:00:00,16.1,73,11.3,0.0,23,0.0,19.8,358,0.6910100347095163,-19.787938374978097
2020-02-08 23:00:00,16.0,74,11.3,0.0,16,0.0,17.7,358,0.6177210916342646,-17.689217638237995
2020-02-09 00:00:00,15.8,75,11.4,0.0,22,0.0,17.0,354,1.776983875550108,-16.906872221260645
2020-02-09 01:00:00,15.7,76,11.5,0.0,31,0.0,18.1,354,1.891965185144527,-18.000846306165748
2020-02-09 02:00:00,15.7,77,11.6,0.0,45,0.0,18.8,357,0.983915977367354,-18.77423525338599
2020-02-09 03:00:00,15.8,78,11.9,0.0,48,0.0,18.0,359,0.3141433158711041,-17.997258512815044
2020-02-09 04:00:00,15.8,78,11.9,0.0,53,0.0,17.3,356,1.2067869957733734,-17.257858069494958
2020-02-09 05:00:00,15.7,78,11.9,0.0,62,0.0,17.7,355,1.5426566466335525,-17.632646156223895
2020-02-09 06:00:00,15.8,77,11.8,0.0,56,0.0,17.3,359,0.3019266313650056,-17.29736512620557
2020-02-09 07:00:00,15.7,78,11.8,0.0,58,1.0,15.5,360,3.796405077356795e-15,-15.5
2020-02-09 08:00:00,16.5,74,11.9,0.0,63,58.0,16.0,352,2.226769615361054,-15.844289099865124
2020-02-09 09:00:00,17.6,69,11.9,0.0,72,184.0,18.4,356,1.2835191168919116,-18.355178524780765
2020-02-09 10:00:00,18.5,66,12.0,0.0,91,307.0,19.1,360,4.6781507727428894e-15,-19.1
2020-02-09 11:00:00,19.4,64,12.3,0.0,92,414.0,19.4,360,4.75162958069173e-15,-19.4
2020-02-09 12:00:00,19.6,63,12.3,0.0,97,392.0,19.5,358,0.6805401856987661,-19.488121126872368
2020-02-09 13:00:00,20.0,61,12.3,0.0,99,481.0,19.5,356,1.36025123801045,-19.45249898006657
2020-02-09 14:00:00,20.0,61,12.3,0.0,100,474.0,19.9,355,1.7343992806784003,-19.824274492025737
2020-02-09 15:00:00,19.6,64,12.5,0.1,100,333.0,20.5,357,1.0728871029803595,-20.471905462468765
2020-02-09 16:00:00,18.9,66,12.3,0.2,98,224.0,19.8,359,0.3455576474582145,-19.79698436409655
2020-02-09 17:00:00,18.2,67,12.0,0.0,95,101.0,17.3,360,4.237277925049842e-15,-17.3
2020-02-09 18:00:00,17.1,72,12.0,0.1,80,14.0,16.2,357,0.8478424911356988,-16.177798463024097
2020-02-09 19:00:00,16.2,75,11.9,0.2,78,0.0,17.3,356,1.2067869957733734,-17.257858069494958
2020-02-09 20:00:00,15.7,77,11.8,0.1,89,0.0,16.9,360,4.139306181118054e-15,-16.9
2020-02-09 21:00:00,15.6,78,11.8,0.1,93,0.0,14.8,360,3.624954525476166e-15,-14.8
2020-02-09 22:00:00,15.5,79,11.9,0.1,100,0.0,11.9,360,2.9146593819707008e-15,-11.9
2020-02-09 23:00:00,15.5,79,11.9,0.1,100,0.0,10.9,354,1.1393602496174222,-10.84028865951418
2020-02-10 00:00:00,15.5,80,12.0,0.0,100,0.0,10.9,352,1.5169868004647182,-10.793921949283115
2020-02-10 01:00:00,15.4,81,12.2,0.0,100,0.0,10.1,358,0.3524849166952583,-10.093847352892867
2020-02-10 02:00:00,15.3,81,12.2,0.0,93,0.0,9.0,360,2.204364238465236e-15,-9.0
2020-02-10 03:00:00,15.5,82,12.5,0.2,93,0.0,7.9,3,-0.4134540543192563,-7.889173324561134
2020-02-10 04:00:00,15.5,82,12.4,0.0,79,0.0,7.6,360,1.8614631347039767e-15,-7.6
2020-02-10 05:00:00,15.5,82,12.5,0.0,78,0.0,6.9,354,0.7212463965468086,-6.862201078041086
2020-02-10 06:00:00,15.5,83,12.7,0.0,70,0.0,7.6,352,1.0577155672965006,-7.526037322435934
2020-02-10 07:00:00,15.5,85,12.9,0.0,53,1.0,6.8,357,0.3558845024520217,-6.790680836331102
2020-02-10 08:00:00,16.5,83,13.5,0.0,46,59.0,6.8,3,-0.3558845024520181,-6.790680836331102
2020-02-10 09:00:00,17.9,77,13.7,0.0,45,194.0,4.3,355,0.3747696938149307,-4.283637201794505
2020-02-10 10:00:00,18.9,73,14.0,0.0,41,263.0,1.9,292,1.761649323676896,-0.7117525274902327
2020-02-10 11:00:00,20.0,69,14.2,0.0,28,415.0,4.3,228,3.195522749552796,2.87726160734309
2020-02-10 12:00:00,20.7,66,14.2,0.0,31,426.0,7.5,235,6.143640332167437,4.301823272632848
2020-02-10 13:00:00,21.2,64,14.1,0.0,25,407.0,10.0,249,9.335804264972015,3.583679495453007
2020-02-10 14:00:00,21.4,64,14.2,0.0,32,418.0,10.5,266,10.474422527728152,0.7324429743133186
2020-02-10 15:00:00,20.9,66,14.3,0.0,22,327.0,9.7,285,9.369480515003962,-2.5105447374944467
2020-02-10 16:00:00,20.6,66,14.1,0.0,38,194.0,8.8,305,7.208537989743128,-5.047472639889206
2020-02-10 17:00:00,20.0,68,14.0,0.0,39,85.0,8.3,326,4.6413010988071965,-6.881011852206848
2020-02-10 18:00:00,19.3,72,14.1,0.0,37,12.0,7.2,342,2.2249223594996232,-6.8476069173251055
2020-02-10 19:00:00,18.4,76,14.1,0.0,39,0.0,7.6,355,0.6623836448822031,-7.571079705497266
2020-02-10 20:00:00,17.8,78,13.9,0.0,35,0.0,7.2,354,0.7526049355271046,-7.160557646651568
2020-02-10 21:00:00,17.7,78,13.9,0.0,32,0.0,7.3,351,1.141971594793687,-7.210124886344505
2020-02-10 22:00:00,17.5,80,13.9,0.0,26,0.0,8.4,350,1.4586446924022154,-8.272385125302547
2020-02-10 23:00:00,16.9,84,14.2,0.0,32,0.0,7.8,347,1.7546182238821495,-7.600086505324834
2020-02-11 00:00:00,16.6,87,14.3,0.0,34,0.0,7.0,348,1.4553818357243191,-6.847033205136639
2020-02-11 01:00:00,16.3,88,14.3,0.1,48,0.0,6.3,347,1.4171916423663515,-6.1385314081469815
2020-02-11 02:00:00,16.2,88,14.3,0.2,83,0.0,6.3,347,1.4171916423663515,-6.1385314081469815
2020-02-11 03:00:00,16.6,89,14.8,0.1,82,0.0,5.9,349,1.1257730727216135,-5.791600382341218
2020-02-11 04:00:00,16.7,89,14.8,0.1,85,0.0,6.3,347,1.4171916423663515,-6.1385314081469815
2020-02-11 05:00:00,16.7,89,14.8,0.0,76,0.0,6.2,353,0.7555899291119128,-6.153786140176197
2020-02-11 06:00:00,16.5,89,14.7,0.0,77,0.0,5.8,7,-0.7068421917498553,-5.756767679519667
2020-02-11 07:00:00,16.4,91,14.9,0.0,74,0.0,4.4,9,-0.6883116461770159,-4.345828698618607
2020-02-11 08:00:00,17.7,86,15.3,0.0,71,17.0,5.1,8,-0.7097828148963337,-5.050367150582009
2020-02-11 09:00:00,19.3,78,15.4,0.0,91,97.0,6.9,354,0.7212463965468086,-6.862201078041086
2020-02-11 10:00:00,20.2,76,15.8,0.0,100,128.0,8.7,343,2.543633831087813,-8.319851376878407
2020-02-11 11:00:00,21.1,71,15.6,0.0,71,272.0,11.2,339,4.013721034907368,-10.456100776768656
2020-02-11 12:00:00,21.4,69,15.5,0.0,68,289.0,11.9,346,2.878870557636048,-11.54651914268436
2020-02-11 13:00:00,21.2,69,15.2,0.0,41,219.0,9.7,358,0.3385251180142579,-9.694091022085228
2020-02-11 14:00:00,21.3,66,14.8,0.0,47,169.0,6.5,354,0.6794350112397471,-6.4643923198937765
2020-02-11 15:00:00,21.7,61,13.8,0.0,67,131.0,3.0,346,0.7257656867990037,-2.910887178827989
2020-02-11 16:00:00,21.6,60,13.6,0.0,78,58.0,2.9,263,2.878383839759834,0.3534210958749267
2020-02-11 17:00:00,21.3,63,13.9,0.0,94,0.0,5.2,286,4.998560818879258,-1.4333142502483969
2020-02-11 18:00:00,20.6,67,14.1,0.2,85,1.0,5.7,18,-1.7613968679372003,-5.421022142882375
2020-02-11 19:00:00,19.8,73,14.8,0.2,89,0.0,6.8,18,-2.1013155617496424,-6.467184310807044
2020-02-11 20:00:00,19.1,78,15.2,0.1,97,0.0,9.7,338,3.6336839561343495,-8.993683389297836
2020-02-11 21:00:00,18.9,80,15.4,0.0,92,0.0,10.1,360,2.473786534277653e-15,-10.1
2020-02-11 22:00:00,18.7,81,15.4,0.0,89,0.0,9.8,17,-2.8652427062828205,-9.371786608437748
2020-02-11 23:00:00,18.6,81,15.2,0.2,85,0.0,7.7,11,-1.469229264399395,-7.558529312547013
2020-02-12 00:00:00,18.4,81,15.2,0.0,45,0.0,7.2,354,0.7526049355271046,-7.160557646651568
2020-02-12 01:00:00,18.3,82,15.2,0.0,17,0.0,6.8,360,1.6655196468404002e-15,-6.8
2020-02-12 02:00:00,18.0,84,15.2,0.0,9,0.0,6.3,13,-1.4171916423663495,-6.1385314081469815
2020-02-12 03:00:00,16.9,90,15.3,0.0,22,0.0,5.2,25,-2.197614961051637,-4.71280049259058
2020-02-12 04:00:00,16.6,91,15.0,0.0,49,0.0,4.1,38,-2.524212048835199,-3.2308440897875594
2020-02-12 05:00:00,16.5,90,14.9,0.0,42,0.0,3.4,18,-1.0506577808748212,-3.233592155403522
2020-02-12 06:00:00,16.7,90,15.0,0.0,44,0.0,5.9,11,-1.1257730727216144,-5.791600382341218
2020-02-12 07:00:00,16.9,91,15.3,0.0,40,1.0,7.0,21,-2.5085756468171017,-6.535062985480412
2020-02-12 08:00:00,18.8,85,16.2,0.0,67,29.0,7.4,23,-2.891410350820626,-6.811735915548059
2020-02-12 09:00:00,21.2,73,16.3,0.0,73,128.0,4.1,15,-1.061158084920335,-3.96029588778518
2020-02-12 10:00:00,22.3,68,16.2,0.0,69,178.0,1.1,18,-0.3399186938124421,-1.0461621679246689
2020-02-12 11:00:00,23.4,65,16.4,0.0,53,273.0,4.0,190,0.6945927106677219,3.939231012048832
2020-02-12 12:00:00,24.8,61,16.7,0.0,26,505.0,9.4,198,2.904759747124505,8.939931253174445
2020-02-12 13:00:00,25.7,59,17.1,0.0,35,530.0,12.8,196,3.5281581544575875,12.304149708010485
2020-02-12 14:00:00,26.1,60,17.6,0.0,29,495.0,14.5,194,3.507867486195179,14.06928803100195
2020-02-12 15:00:00,26.5,61,18.3,0.0,26,443.0,15.2,194,3.677212813114946,14.748495039395143
2020-02-12 16:00:00,26.1,62,18.4,0.0,19,299.0,14.9,187,1.815853216736695,14.7889376594557
2020-02-12 17:00:00,25.3,66,18.5,0.0,8,133.0,13.0,180,-1.5920408388915589e-15,13.0
2020-02-12 18:00:00,24.2,70,18.3,0.0,8,15.0,10.4,178,-0.3629547657060119,10.393664600998596
2020-02-12 19:00:00,23.4,73,18.4,0.0,7,0.0,9.0,178,-0.3140954703225103,8.994517443171862
2020-02-12 20:00:00,22.9,76,18.4,0.0,14,0.0,3.1,135,-2.192031021678297,2.192031021678297
2020-02-12 21:00:00,21.8,81,18.4,0.0,20,0.0,2.3,108,-2.187429987478853,0.7107390870623789
2020-02-12 22:00:00,20.7,86,18.3,0.0,26,0.0,4.0,90,-4.0,-2.4492935982947064e-16
2020-02-12 23:00:00,19.9,89,18.0,0.0,22,0.0,3.6,90,-3.6,-2.2043642384652358e-16
2020-02-13 00:00:00,19.2,91,17.7,0.0,37,0.0,2.4,63,-2.138415658052083,-1.0895771993749124
2020-02-13 01:00:00,18.6,94,17.6,0.0,37,0.0,4.2,31,-2.163159914622228,-3.600102662948872
2020-02-13 02:00:00,18.3,95,17.4,0.0,38,0.0,5.4,20,-1.8469087739586112,-5.074340152243906
2020-02-13 03:00:00,18.0,96,17.3,0.0,57,0.0,6.9,6,-0.721246396546809,-6.862201078041086
2020-02-13 04:00:00,18.4,95,17.6,0.0,72,0.0,6.9,6,-0.721246396546809,-6.862201078041086
2020-02-13 05:00:00,18.3,95,17.5,0.0,75,0.0,5.6,15,-1.449386652574116,-5.409184627218783
2020-02-13 06:00:00,18.2,95,17.3,0.0,51,0.0,6.0,17,-1.7542302283364206,-5.737828535778212
2020-02-13 07:00:00,18.2,95,17.4,0.0,63,1.0,4.4,35,-2.523736319944603,-3.604268994871564
2020-02-13 08:00:00,20.4,89,18.4,0.0,48,58.0,2.1,31,-1.0815799573111138,-1.800051331474436
2020-02-13 09:00:00,23.1,80,19.5,0.0,38,199.0,2.3,162,-0.7107390870623792,2.1874299874788528
2020-02-13 10:00:00,24.9,76,20.4,0.0,38,361.0,8.3,178,-0.2896658226307595,8.294943864258496
2020-02-13 11:00:00,26.3,71,20.7,0.0,38,449.0,16.4,189,2.565525226659784,16.19808878576026
2020-02-13 12:00:00,26.9,69,20.7,0.0,71,469.0,22.5,196,6.201840505882477,21.62838815861217
2020-02-13 13:00:00,27.1,68,20.6,0.0,56,487.0,25.0,198,7.725424859373682,23.77641290737884
2020-02-13 14:00:00,27.0,68,20.6,0.0,67,384.0,27.6,195,7.143405644829574,26.659552805578286
2020-02-13 15:00:00,25.5,76,20.9,0.4,63,198.0,25.3,200,8.653109626139416,23.774223305883485
2020-02-13 16:00:00,23.8,84,21.0,3.0,81,101.0,21.5,218,13.23672171950165,16.942231202544523
2020-02-13 17:00:00,22.8,91,21.2,3.1,95,30.0,21.3,231,16.553208979033474,13.404524329361546
2020-02-13 18:00:00,22.1,94,21.1,3.0,100,8.0,16.1,241,14.081377284944274,7.805434885966024
2020-02-13 19:00:00,21.5,95,20.6,2.3,100,0.0,11.9,268,11.89275084152724,0.4153040107597591
2020-02-13 20:00:00,20.8,97,20.3,2.0,100,0.0,5.4,312,4.012982057577931,-3.613305274337832
2020-02-13 21:00:00,20.7,95,20.0,0.6,100,0.0,7.9,74,-7.59396739791272,-2.177535110954293
2020-02-13 22:00:00,20.7,95,20.0,0.2,100,0.0,12.4,98,-12.279324052395474,1.7257464519048105
2020-02-13 23:00:00,20.8,94,19.8,0.1,61,0.0,8.2,113,-7.548139798310009,3.203995253612045
2020-02-14 00:00:00,20.8,93,19.6,0.0,50,0.0,10.4,136,-7.224447052773571,7.481133923521973
2020-02-14 01:00:00,20.6,93,19.5,0.0,34,0.0,10.2,135,-7.212489168102785,7.212489168102784
2020-02-14 02:00:00,20.6,93,19.4,0.0,32,0.0,9.2,141,-5.789747597658503,7.149742845404131
2020-02-14 03:00:00,21.0,87,18.7,0.6,32,0.0,8.2,142,-5.048424097670399,6.461688179575119
2020-02-14 04:00:00,20.7,86,18.3,0.8,22,0.0,7.7,131,-5.811263767715346,5.0516545232269054
2020-02-14 05:00:00,21.9,75,17.3,0.0,25,0.0,3.4,72,-3.233592155403522,-1.0506577808748212
2020-02-14 06:00:00,19.6,88,17.6,0.0,36,0.0,9.7,329,4.9958693266275285,-8.314522816810486
2020-02-14 07:00:00,19.0,92,17.7,0.0,11,1.0,11.4,336,4.636797731064122,-10.414418217125652
2020-02-14 08:00:00,21.5,89,19.7,0.0,6,70.0,9.5,351,1.4861274178821953,-9.383039235653808
2020-02-14 09:00:00,23.2,85,20.4,0.0,8,187.0,7.1,330,3.550000000000003,-6.148780366869512
2020-02-14 10:00:00,24.5,77,20.2,0.0,11,341.0,6.4,313,4.680663690362691,-4.364789504399991
2020-02-14 11:00:00,25.2,74,20.2,0.0,16,453.0,5.0,291,4.667902132486009,-1.791839747726502
2020-02-14 12:00:00,25.5,73,20.3,0.0,29,454.0,6.6,283,6.430842427582553,-1.4846769586695083
2020-02-14 13:00:00,25.0,75,20.3,0.2,77,368.0,6.2,260,6.10580806867569,1.0766187015349682
2020-02-14 14:00:00,25.0,76,20.6,0.2,100,163.0,6.6,241,5.772490067120012,3.199743493625823
2020-02-14 15:00:00,23.2,85,20.6,1.5,100,125.0,7.3,281,7.165878439167946,-1.392905666248779
2020-02-14 16:00:00,22.7,87,20.5,0.6,100,89.0,6.2,339,2.2218812871808646,-5.78819864428265
2020-02-14 17:00:00,22.3,91,20.8,0.6,100,23.0,8.4,10,-1.458644692402215,-8.272385125302547
2020-02-14 18:00:00,21.8,94,20.9,0.4,100,2.0,7.7,11,-1.469229264399395,-7.558529312547013
2020-02-14 19:00:00,21.4,95,20.7,0.4,100,0.0,8.5,12,-1.7672493719509543,-8.314254606237348
2020-02-14 20:00:00,21.2,95,20.4,0.2,100,0.0,7.4,29,-3.5875911898228945,-6.472185832831529
2020-02-14 21:00:00,21.4,93,20.3,0.0,91,0.0,6.1,40,-3.921004419087889,-4.6728711030257655
2020-02-14 22:00:00,21.5,94,20.5,0.0,70,0.0,5.2,25,-2.197614961051637,-4.71280049259058
2020-02-14 23:00:00,21.6,93,20.5,0.0,65,0.0,5.5,11,-1.0494494745709964,-5.398949508962152
2020-02-15 00:00:00,20.7,95,19.9,0.0,80,0.0,8.0,10,-1.3891854213354426,-7.878462024097664
2020-02-15 01:00:00,20.5,95,19.7,0.0,71,0.0,8.6,15,-2.2258437878816784,-8.306962106085987
2020-02-15 02:00:00,20.5,96,19.8,0.0,52,0.0,7.1,15,-1.8376152202278973,-6.858073366652385
2020-02-15 03:00:00,20.0,95,19.2,0.0,45,0.0,5.8,22,-2.172718241812289,-5.377666356487367
2020-02-15 04:00:00,19.6,97,19.1,0.0,43,0.0,4.7,23,-1.8364363038995868,-4.32637281122647
2020-02-15 05:00:00,19.2,98,18.8,0.0,25,0.0,4.7,23,-1.8364363038995868,-4.32637281122647
2020-02-15 06:00:00,19.2,98,18.8,0.0,23,0.0,4.6,18,-1.421478174124758,-4.3748599749577055
2020-02-15 07:00:00,18.9,98,18.5,0.0,7,2.0,2.3,51,-1.7874357113510329,-1.447436899414626
2020-02-15 08:00:00,21.4,94,20.5,0.0,24,71.0,1.4,90,-1.4,-8.572527594031472e-17
2020-02-15 09:00:00,23.8,87,21.4,0.0,31,208.0,0.7,270,0.7,1.2858791391047207e-16
2020-02-15 10:00:00,25.2,80,21.6,0.0,18,395.0,3.6,233,2.875087836170254,2.166534083347374
2020-02-15 11:00:00,26.4,75,21.6,0.0,15,527.0,7.7,221,5.051654523226905,5.811263767715346
2020-02-15 12:00:00,27.2,71,21.6,0.0,23,630.0,11.5,212,6.094071538681855,9.7525531057989
2020-02-15 13:00:00,27.6,70,21.7,0.0,36,642.0,15.5,211,7.98309016110584,13.28609316088274
2020-02-15 14:00:00,27.7,70,21.6,0.1,27,540.0,18.4,206,8.066029100919025,16.53781045190467
2020-02-15 15:00:00,27.8,69,21.6,0.0,21,418.0,20.1,204,8.175406525823584,18.36226369861628
2020-02-15 16:00:00,27.4,72,21.8,0.0,12,269.0,19.8,207,8.989011894843024,17.641929178929686
2020-02-15 17:00:00,26.7,75,21.8,0.0,10,125.0,18.0,209,8.726573164434065,15.743154728509126
2020-02-15 18:00:00,25.7,78,21.6,0.0,26,17.0,16.2,197,4.736421616508335,15.492137046601174
2020-02-15 19:00:00,25.0,81,21.6,0.0,19,0.0,15.4,196,4.244815279581784,14.80343011745011
2020-02-15 20:00:00,24.6,83,21.6,0.0,16,0.0,14.3,190,2.483168940637106,14.082750868074577
2020-02-15 21:00:00,24.0,86,21.6,0.0,19,0.0,14.0,181,0.2443336901219709,13.997867732189478
2020-02-15 22:00:00,23.7,87,21.5,0.0,49,0.0,13.0,183,0.6803674311582664,12.98218395180946
2020-02-15 23:00:00,23.5,87,21.3,0.0,49,0.0,13.0,185,1.1330246557195534,12.950531075192693
2020-02-16 00:00:00,23.5,87,21.1,0.0,56,0.0,12.6,182,0.4397336584515113,12.592324420440606
2020-02-16 01:00:00,23.4,87,21.1,0.0,59,0.0,11.2,180,-1.3716044150450357e-15,11.2
2020-02-16 02:00:00,22.9,90,21.1,0.0,96,0.0,8.6,182,0.3001356716415077,8.594761112364223
2020-02-16 03:00:00,22.6,91,21.1,0.4,93,0.0,6.5,174,-0.6794350112397493,6.4643923198937765
2020-02-16 04:00:00,21.7,94,20.7,0.4,94,0.0,6.7,164,-1.8467702839738949,6.440453362786736
2020-02-16 05:00:00,21.0,95,20.1,0.9,100,0.0,4.0,190,0.6945927106677219,3.939231012048832
2020-02-16 06:00:00,20.7,96,20.0,0.9,100,0.0,3.6,307,2.875087836170255,-2.1665340833473725
2020-02-16 07:00:00,20.5,97,20.0,0.7,100,1.0,6.1,3,-0.3192493330819573,-6.0916401620029
2020-02-16 08:00:00,21.1,95,20.3,0.4,100,37.0,9.0,358,0.3140954703225074,-8.994517443171862
2020-02-16 09:00:00,21.3,94,20.3,0.2,100,50.0,11.6,355,1.0110066158728364,-11.555858497864248
2020-02-16 10:00:00,21.2,91,19.7,0.0,100,94.0,14.2,351,2.221369403571281,-14.025174436450952
2020-02-16 11:00:00,21.6,83,18.6,0.0,92,235.0,16.5,350,2.8651949315043512,-16.249327924701433
2020-02-16 12:00:00,22.0,77,17.8,0.0,92,406.0,17.5,351,2.737603138204044,-17.28454596041491
2020-02-16 13:00:00,21.5,74,16.6,0.0,69,400.0,23.5,349,4.484011391348799,-23.0682388110201
2020-02-16 14:00:00,20.1,72,14.9,0.0,54,307.0,27.5,354,2.8745327398604688,-27.349352122627515
2020-02-16 15:00:00,19.7,73,14.6,0.0,33,265.0,28.8,358,1.0051055050320237,-28.78245581814996
2020-02-16 16:00:00,18.7,72,13.6,0.0,29,207.0,28.8,358,1.0051055050320237,-28.78245581814996
2020-02-16 17:00:00,17.5,74,12.8,0.0,36,67.0,28.6,355,2.492654242583028,-28.491168365423924
2020-02-16 18:00:00,16.5,75,12.0,0.0,66,8.0,27.9,353,3.4001546810036074,-27.692037630792885
2020-02-16 19:00:00,15.9,76,11.6,0.0,100,0.0,29.3,354,3.0626839737422453,-29.139491534290407
2020-02-16 20:00:00,15.6,77,11.5,0.0,100,0.0,28.1,356,1.9601569122099305,-28.031549812301066
2020-02-16 21:00:00,15.3,78,11.4,0.1,100,0.0,26.3,356,1.834595259470504,-26.23593452183338
2020-02-16 22:00:00,14.8,81,11.6,0.6,100,0.0,25.7,355,2.239902588614819,-25.60220374095786
2020-02-16 23:00:00,14.2,86,12.0,0.8,100,0.0,26.8,355,2.335773905637243,-26.69801790885878
2020-02-17 00:00:00,14.1,87,11.9,0.8,100,0.0,27.4,355,2.3880673512858377,-27.29573472771383
2020-02-17 01:00:00,14.1,86,11.8,1.0,100,0.0,27.0,357,1.413070818559498,-26.96299743837349
2020-02-17 02:00:00,13.9,87,11.7,1.2,100,0.0,25.6,357,1.339800479819376,-25.56491608971709
2020-02-17 03:00:00,13.4,85,11.0,0.9,98,0.0,26.1,354,2.7281928912857545,-25.957021469111933
2020-02-17 04:00:00,13.3,85,10.8,0.9,100,0.0,27.4,355,2.3880673512858377,-27.29573472771383
2020-02-17 05:00:00,13.3,85,10.7,0.7,100,0.0,27.4,358,0.9562462096485224,-27.383308660323223
2020-02-17 06:00:00,13.4,81,10.2,0.6,100,0.0,25.2,358,0.8794673169030207,-25.184648840881213
2020-02-17 07:00:00,13.4,80,10.1,0.4,100,1.0,24.1,351,3.770070607469569,-23.80328900834282
2020-02-17 08:00:00,13.4,80,10.0,0.7,100,6.0,25.4,353,3.09548132249074,-25.21067225168958
2020-02-17 09:00:00,13.4,82,10.4,0.7,100,15.0,25.6,356,1.7857657278496164,-25.537639686651502
2020-02-17 10:00:00,13.8,79,10.3,0.6,100,56.0,25.7,355,2.239902588614819,-25.60220374095786
2020-02-17 11:00:00,14.3,77,10.4,0.6,100,51.0,26.0,357,1.3607348623165536,-25.96436790361892
2020-02-17 12:00:00,14.7,74,10.0,0.4,100,148.0,25.9,358,0.9038969645947712,-25.88422241979458
2020-02-17 13:00:00,15.4,69,9.7,0.2,92,245.0,26.6,1,-0.4642340112317414,-26.59594869116001
2020-02-17 14:00:00,15.7,66,9.4,0.0,80,254.0,25.2,2,-0.8794673169030244,-25.184648840881213
2020-02-17 15:00:00,15.8,66,9.5,0.0,69,226.0,23.8,360,5.8293187639414016e-15,-23.8
2020-02-17 16:00:00,15.5,66,9.2,0.0,53,173.0,24.1,357,1.2612965454549594,-24.06697178758523
2020-02-17 17:00:00,15.0,66,8.8,0.0,58,97.0,24.1,358,0.8410778705302699,-24.08531893116021
2020-02-17 18:00:00,14.3,68,8.5,0.0,83,13.0,24.5,360,6.000769315822031e-15,-24.5
2020-02-17 19:00:00,13.7,70,8.3,0.1,93,0.0,23.4,4,-1.632301485612532,-23.342998776079884
2020-02-17 20:00:00,13.6,70,8.2,0.1,89,0.0,20.9,3,-1.093821485477526,-20.871357276370592
2020-02-17 21:00:00,13.7,69,8.0,0.0,86,0.0,19.4,1,-0.3385766848833001,-19.39704528603399
2020-02-17 22:00:00,13.9,67,7.8,0.0,83,0.0,18.7,1,-0.3263600003772016,-18.697151899424515
2020-02-17 23:00:00,14.0,64,7.3,0.0,86,0.0,18.4,1,-0.3211242784460166,-18.3971975908776
2020-02-18 00:00:00,14.0,62,6.8,0.0,79,0.0,17.3,2,-0.6037612929532667,-17.289461307430358
2020-02-18 01:00:00,14.0,60,6.2,0.0,62,0.0,16.2,3,-0.8478424911356901,-16.177798463024097
2020-02-18 02:00:00,13.9,59,5.9,0.0,66,0.0,16.2,1,-0.2827289842839929,-16.197532661533536
2020-02-18 03:00:00,13.7,58,5.7,0.0,66,0.0,15.5,3,-0.8112073217656295,-15.478757788695894
2020-02-18 04:00:00,13.7,59,5.9,0.0,68,0.0,14.4,3,-0.7536377698983913,-14.380265300465863
2020-02-18 05:00:00,13.6,61,6.3,0.0,82,0.0,13.7,3,-0.7170026005283305,-13.68122462613766
2020-02-18 06:00:00,13.7,63,6.7,0.0,69,0.0,13.0,2,-0.4536934571325126,-12.992080751248244
2020-02-18 07:00:00,13.7,65,7.2,0.0,61,2.0,13.0,6,-1.3588700224794952,-12.928784639787551
2020-02-18 08:00:00,14.5,63,7.7,0.0,47,59.0,12.8,10,-2.222696674136708,-12.605539238556265
2020-02-18 09:00:00,15.6,60,7.8,0.0,43,154.0,9.7,4,-0.6766377953180154,-9.676371287520292
2020-02-18 10:00:00,16.6,58,8.3,0.0,35,252.0,7.0,339,2.508575646817105,-6.535062985480411
2020-02-18 11:00:00,17.6,57,9.1,0.0,33,398.0,6.6,319,4.329989591337348,-4.981083229470294
2020-02-18 12:00:00,18.3,57,9.7,0.0,38,437.0,7.7,319,5.051654523226907,-5.811263767715344
2020-02-18 13:00:00,18.8,57,10.1,0.0,41,472.0,8.4,329,4.326319829244458,-7.200205325897742
2020-02-18 14:00:00,19.0,57,10.4,0.0,46,422.0,8.0,333,3.631923997916376,-7.128052193506942
2020-02-18 15:00:00,18.9,58,10.4,0.0,46,302.0,7.8,338,2.921931428644116,-7.232034065620941
2020-02-18 16:00:00,18.5,59,10.4,0.0,58,172.0,8.2,345,2.1223161698406696,-7.92059177557036
2020-02-18 17:00:00,18.1,60,10.3,0.0,72,85.0,6.9,351,1.0793978087775946,-6.81504955010645
2020-02-18 18:00:00,17.4,64,10.5,0.0,41,15.0,9.7,4,-0.6766377953180154,-9.676371287520292
2020-02-18 19:00:00,16.5,70,11.0,0.0,30,0.0,11.6,5,-1.0110066158728348,-11.555858497864248
2020-02-18 20:00:00,16.0,73,11.2,0.0,25,0.0,12.3,5,-1.0720156357961954,-12.253194786528471
2020-02-18 21:00:00,15.6,76,11.3,0.0,14,0.0,11.2,6,-1.1707187885977188,-11.13864522812466
2020-02-18 22:00:00,15.4,77,11.4,0.0,29,0.0,9.8,8,-1.363896389408641,-9.70462707366739
2020-02-18 23:00:00,15.4,77,11.4,0.0,26,0.0,9.7,360,2.3758147903458648e-15,-9.7
2020-02-19 00:00:00,15.5,76,11.3,0.0,35,0.0,10.4,358,0.3629547657060086,-10.393664600998596
2020-02-19 01:00:00,15.4,76,11.2,0.0,38,0.0,10.4,360,2.547265342226495e-15,-10.4
2020-02-19 02:00:00,15.5,75,11.0,0.0,44,0.0,10.4,360,2.547265342226495e-15,-10.4
2020-02-19 03:00:00,14.7,77,10.7,0.0,34,0.0,10.1,2,-0.3524849166952598,-10.093847352892867
2020-02-19 04:00:00,14.6,78,10.8,0.0,39,0.0,9.7,2,-0.3385251180142594,-9.694091022085228
2020-02-19 05:00:00,14.5,79,10.9,0.0,29,0.0,9.7,2,-0.3385251180142594,-9.694091022085228
2020-02-19 06:00:00,14.4,80,11.0,0.0,11,0.0,8.8,12,-1.8296228791962823,-8.607698886457491
2020-02-19 07:00:00,14.5,81,11.2,0.0,12,2.0,7.9,16,-2.177535110954293,-7.59396739791272
2020-02-19 08:00:00,15.6,77,11.6,0.0,12,61.0,6.6,13,-1.484676958669509,-6.430842427582553
2020-02-19 09:00:00,17.3,69,11.7,0.0,12,220.0,4.3,360,1.0531962472667237e-15,-4.3
2020-02-19 10:00:00,18.3,66,12.0,0.0,11,376.0,3.6,307,2.875087836170255,-2.1665340833473725
2020-02-19 11:00:00,19.3,64,12.3,0.0,6,586.0,5.7,288,5.421022142882376,-1.7613968679371992
2020-02-19 12:00:00,19.8,62,12.3,0.0,1,581.0,8.9,297,7.929958065276476,-4.040515447681965
2020-02-19 13:00:00,20.0,61,12.3,0.0,14,526.0,11.1,306,8.980088637561918,-6.5244163004464495
2020-02-19 14:00:00,20.0,60,12.1,0.0,10,501.0,12.2,315,8.62670273047588,-8.626702730475877
2020-02-19 15:00:00,20.0,61,12.4,0.0,8,386.0,12.8,328,6.782966582185025,-10.855015630802251
2020-02-19 16:00:00,19.6,62,12.0,0.0,3,240.0,12.8,338,4.794964395723678,-11.867953338454878
2020-02-19 17:00:00,19.1,63,11.9,0.0,4,125.0,11.4,349,2.175222547292609,-11.19054989130337
2020-02-19 18:00:00,17.9,68,12.0,0.0,0,22.0,10.4,360,2.547265342226495e-15,-10.4
2020-02-19 19:00:00,16.9,72,11.9,0.0,0,0.0,11.5,4,-0.802199448057441,-11.47198657798798
2020-02-19 20:00:00,16.4,75,12.0,0.0,1,0.0,11.2,2,-0.3908743630680108,-11.193177262613872
2020-02-19 21:00:00,16.1,78,12.2,0.0,0,0.0,11.5,356,0.8021994480574448,-11.47198657798798
2020-02-19 22:00:00,16.0,79,12.3,0.0,0,0.0,11.5,358,0.4013442120787595,-11.4929945107196
2020-02-19 23:00:00,15.7,81,12.5,0.0,0,0.0,10.8,2,-0.3769145643870105,-10.793420931806237
2020-02-20 00:00:00,15.5,83,12.5,0.0,0,0.0,9.4,2,-0.3280552690035091,-9.3942737739795
2020-02-20 01:00:00,15.3,84,12.6,0.0,0,0.0,9.0,360,2.204364238465236e-15,-9.0
2020-02-20 02:00:00,15.1,85,12.5,0.0,0,0.0,9.4,360,2.3023359823970247e-15,-9.4
2020-02-20 03:00:00,14.9,86,12.7,0.0,0,0.0,9.7,2,-0.3385251180142594,-9.694091022085228
2020-02-20 04:00:00,14.8,87,12.6,0.0,0,0.0,9.7,360,2.3758147903458648e-15,-9.7
2020-02-20 05:00:00,14.7,87,12.6,0.0,0,0.0,10.4,358,0.3629547657060086,-10.393664600998596
2020-02-20 06:00:00,14.7,88,12.7,0.0,1,0.0,10.4,2,-0.3629547657060101,-10.393664600998596
2020-02-20 07:00:00,15.0,88,13.1,0.0,1,3.0,10.8,4,-0.7533699164365533,-10.773691742806102
2020-02-20 08:00:00,16.7,84,14.0,0.0,4,92.0,10.5,356,0.7324429743133192,-10.474422527728152
2020-02-20 09:00:00,18.5,73,13.6,0.0,3,265.0,10.1,354,1.0557374790032994,-10.04467114321956
2020-02-20 10:00:00,19.9,61,12.0,0.0,1,447.0,7.8,347,1.7546182238821495,-7.600086505324834
2020-02-20 11:00:00,20.8,56,11.7,0.0,2,580.0,6.2,324,3.644268564213335,-5.015905365124674
2020-02-20 12:00:00,21.5,54,11.9,0.0,5,631.0,8.7,312,6.465359981653332,-5.821436275322062
2020-02-20 13:00:00,21.9,54,12.3,0.0,0,650.0,11.0,319,7.216649318895581,-8.30180538245049
2020-02-20 14:00:00,22.0,56,12.7,0.0,2,533.0,11.8,329,6.077449283938643,-10.114574148284923
2020-02-20 15:00:00,21.9,60,13.8,0.0,8,342.0,11.8,337,4.610627316173432,-10.861957270738795
2020-02-20 16:00:00,21.4,63,14.1,0.0,19,202.0,12.0,339,4.300415394543609,-11.202965117966418
2020-02-20 17:00:00,21.0,66,14.3,0.0,10,124.0,11.3,343,3.30380026336693,-10.8062437423823
2020-02-20 18:00:00,20.0,72,14.7,0.0,3,20.0,10.1,358,0.3524849166952583,-10.093847352892867
2020-02-20 19:00:00,19.1,77,15.0,0.0,22,0.0,9.7,2,-0.3385251180142594,-9.694091022085228
2020-02-20 20:00:00,18.6,81,15.2,0.0,28,0.0,9.0,2,-0.3140954703225087,-8.994517443171862
2020-02-20 21:00:00,18.2,84,15.4,0.0,35,0.0,8.3,360,2.0329136865846065e-15,-8.3
2020-02-20 22:00:00,17.8,87,15.6,0.0,35,0.0,8.3,355,0.7233926648055641,-8.268415994161488
2020-02-20 23:00:00,17.6,89,15.8,0.0,30,0.0,8.4,353,1.0237024846032368,-8.337387673787106
2020-02-21 00:00:00,17.6,90,15.9,0.0,32,0.0,8.7,353,1.0602632876247808,-8.635151519279502
2020-02-21 01:00:00,17.7,89,16.0,0.0,25,0.0,8.3,355,0.7233926648055641,-8.268415994161488
2020-02-21 02:00:00,17.7,89,16.0,0.0,31,0.0,8.6,360,2.1063924945334478e-15,-8.6
2020-02-21 03:00:00,17.4,91,16.0,0.0,25,0.0,9.4,360,2.3023359823970247e-15,-9.4
2020-02-21 04:00:00,17.2,92,15.9,0.0,43,0.0,9.7,2,-0.3385251180142594,-9.694091022085228
2020-02-21 05:00:00,17.1,92,15.8,0.0,48,0.0,9.4,2,-0.3280552690035091,-9.3942737739795
2020-02-21 06:00:00,17.0,92,15.8,0.0,44,0.0,9.4,7,-1.1455718280083864,-9.329933825428428
2020-02-21 07:00:00,16.8,94,15.8,0.0,39,2.0,9.5,9,-1.4861274178821933,-9.38303923565381
2020-02-21 08:00:00,18.0,91,16.5,0.0,45,39.0,10.1,360,2.473786534277653e-15,-10.1
2020-02-21 09:00:00,19.6,83,16.6,0.0,26,145.0,10.5,356,0.7324429743133192,-10.474422527728152
2020-02-21 10:00:00,20.9,73,15.8,0.0,21,360.0,9.6,347,2.159530121701107,-9.353952621938255
2020-02-21 11:00:00,21.8,69,15.8,0.0,25,442.0,8.9,339,3.189474750953177,-8.308865795825094
2020-02-21 12:00:00,22.4,67,16.1,0.0,14,544.0,9.3,332,4.366085533908785,-8.211412613588022
2020-02-21 13:00:00,22.9,66,16.3,0.0,14,633.0,10.0,330,5.000000000000004,-8.660254037844384
2020-02-21 14:00:00,22.8,66,16.2,0.0,14,489.0,10.8,330,5.400000000000005,-9.353074360871934
2020-02-21 15:00:00,22.7,68,16.4,0.0,21,423.0,12.1,333,5.493285046848518,-10.781178942679247
2020-02-21 16:00:00,22.2,69,16.3,0.0,11,245.0,13.2,343,3.85930650234013,-12.623222778712066
2020-02-21 17:00:00,21.6,72,16.3,0.0,13,139.0,13.4,355,1.1678869528186215,-13.34900895442939
2020-02-21 18:00:00,20.4,77,16.3,0.0,8,23.0,12.2,358,0.42577385977051,-12.192568089632967
2020-02-21 19:00:00,19.3,83,16.3,0.0,5,0.0,12.0,7,-1.4624321208617697,-11.910553819695863
2020-02-21 20:00:00,18.8,86,16.4,0.0,4,0.0,11.0,11,-2.0988989491419927,-10.797899017924305
2020-02-21 21:00:00,18.5,88,16.5,0.0,2,0.0,10.1,6,-1.0557374790033,-10.04467114321956
2020-02-21 22:00:00,18.1,90,16.4,0.0,5,0.0,9.4,4,-0.6557108531947778,-9.377102072442348
2020-02-21 23:00:00,17.9,91,16.4,0.0,2,0.0,8.0,5,-0.6972459419812653,-7.969557584733964
2020-02-22 00:00:00,17.5,92,16.2,0.0,2,0.0,7.3,11,-1.392905666248777,-7.165878439167947
2020-02-22 01:00:00,17.3,93,16.1,0.0,11,0.0,6.0,17,-1.7542302283364206,-5.737828535778212
2020-02-22 02:00:00,16.9,94,15.9,0.0,76,0.0,5.6,15,-1.449386652574116,-5.409184627218783
2020-02-22 03:00:00,15.8,97,15.4,0.0,74,0.0,6.5,360,1.5920408388915589e-15,-6.5
2020-02-22 04:00:00,16.1,97,15.6,0.0,73,0.0,10.2,352,1.419565629792672,-10.100734301164016
2020-02-22 05:00:00,16.5,97,16.0,0.0,66,0.0,11.9,357,0.622797879291038,-11.88369146357943
2020-02-22 06:00:00,16.8,97,16.3,0.0,31,0.0,12.6,2,-0.4397336584515122,-12.592324420440606
2020-02-22 07:00:00,16.9,97,16.4,0.0,21,3.0,11.5,4,-0.802199448057441,-11.47198657798798
2020-02-22 08:00:00,17.9,92,16.5,0.0,8,72.0,10.1,360,2.473786534277653e-15,-10.1
2020-02-22 09:00:00,19.7,83,16.7,0.0,8,203.0,9.8,352,1.3638963894086458,-9.704627073667387
2020-02-22 10:00:00,21.2,74,16.3,0.0,2,321.0,9.6,347,2.159530121701107,-9.353952621938255
2020-02-22 11:00:00,22.2,68,15.9,0.0,5,438.0,9.4,342,2.9047597471245084,-8.939931253174443
2020-02-22 12:00:00,22.8,65,16.0,0.0,3,515.0,9.7,333,4.403707847473605,-8.642763284627167
2020-02-22 13:00:00,23.4,63,15.9,0.0,14,539.0,11.1,331,5.38138678473434,-9.708278749247294
2020-02-22 14:00:00,23.6,61,15.7,0.0,26,494.0,12.2,336,4.962187045524762,-11.145254583239732
2020-02-22 15:00:00,23.3,66,16.5,0.0,41,306.0,12.7,345,3.2870018728020125,-12.267257993871167
2020-02-22 16:00:00,23.0,67,16.6,0.0,63,199.0,11.7,349,2.2324652459055723,-11.485038046337667
2020-02-22 17:00:00,22.3,71,16.9,0.0,68,70.0,9.8,352,1.3638963894086458,-9.704627073667387
2020-02-22 18:00:00,21.5,76,17.0,0.0,62,17.0,8.6,358,0.300135671641507,-8.594761112364223
2020-02-22 19:00:00,20.5,81,17.2,0.0,56,0.0,10.4,358,0.3629547657060086,-10.393664600998596
2020-02-22 20:00:00,19.8,85,17.3,0.0,100,0.0,11.9,355,1.037153338697134,-11.854716907291772
2020-02-22 21:00:00,19.3,88,17.3,0.0,100,0.0,11.5,356,0.8021994480574448,-11.47198657798798
2020-02-22 22:00:00,19.0,90,17.4,0.0,100,0.0,10.8,358,0.3769145643870089,-10.793420931806237
2020-02-22 23:00:00,18.9,91,17.4,0.0,100,0.0,9.4,360,2.3023359823970247e-15,-9.4
2020-02-23 00:00:00,18.5,93,17.4,0.0,100,0.0,8.6,360,2.1063924945334478e-15,-8.6
2020-02-23 01:00:00,18.4,93,17.3,0.0,100,0.0,8.3,358,0.2896658226307568,-8.294943864258496
2020-02-23 02:00:00,18.4,93,17.3,0.1,100,0.0,7.9,357,0.4134540543192605,-7.889173324561134
2020-02-23 03:00:00,18.7,90,17.1,0.2,100,0.0,8.0,355,0.6972459419812665,-7.969557584733964
2020-02-23 04:00:00,18.5,91,17.0,0.0,98,0.0,8.7,355,0.7582549619046273,-8.666893873398186
2020-02-23 05:00:00,18.4,91,16.9,0.2,100,0.0,9.0,358,0.3140954703225074,-8.994517443171862
2020-02-23 06:00:00,18.3,91,16.9,0.1,99,0.0,9.7,4,-0.6766377953180154,-9.676371287520292
2020-02-23 07:00:00,18.2,92,16.8,0.2,100,2.0,8.9,14,-2.153104870837043,-8.635631963856369
2020-02-23 08:00:00,18.9,90,17.2,0.0,90,46.0,8.1,13,-1.8221035401853063,-7.892397524760405
2020-02-23 09:00:00,20.1,84,17.4,0.1,98,149.0,6.2,10,-1.0766187015349682,-6.10580806867569
2020-02-23 10:00:00,21.2,79,17.4,0.0,95,248.0,4.3,355,0.3747696938149307,-4.283637201794505
2020-02-23 11:00:00,22.3,75,17.6,0.0,81,384.0,2.8,320,1.7998053071223108,-2.1449244407331376
2020-02-23 12:00:00,23.0,73,17.8,0.0,65,435.0,4.8,297,4.2768313161041664,-2.179154398749824
2020-02-23 13:00:00,23.5,71,17.8,0.0,54,445.0,6.6,299,5.772490067120011,-3.1997434936258258
2020-02-23 14:00:00,23.7,69,17.7,0.0,52,459.0,8.2,311,6.188618557826731,-5.379684037722157
2020-02-23 15:00:00,23.0,70,17.3,0.0,32,252.0,8.8,325,5.047472639889209,-7.208537989743126
2020-02-23 16:00:00,22.9,70,17.2,0.0,31,199.0,8.9,339,3.189474750953177,-8.308865795825094
2020-02-23 17:00:00,22.5,72,17.2,0.0,32,82.0,7.7,349,1.469229264399394,-7.558529312547013
2020-02-23 18:00:00,21.8,75,17.1,0.0,29,19.0,7.9,360,1.934941942652818e-15,-7.9
2020-02-23 19:00:00,21.0,79,17.2,0.0,26,0.0,9.4,360,2.3023359823970247e-15,-9.4
2020-02-23 20:00:00,20.4,82,17.3,0.0,29,0.0,9.0,360,2.204364238465236e-15,-9.0
2020-02-23 21:00:00,20.1,84,17.3,0.0,20,0.0,8.3,358,0.2896658226307568,-8.294943864258496
2020-02-23 22:00:00,19.6,87,17.3,0.0,17,0.0,7.2,354,0.7526049355271046,-7.160557646651568
2020-02-23 23:00:00,19.3,88,17.3,0.0,15,0.0,7.2,354,0.7526049355271046,-7.160557646651568
2020-02-24 00:00:00,19.1,89,17.2,0.0,25,0.0,7.9,357,0.4134540543192605,-7.889173324561134
2020-02-24 01:00:00,18.9,90,17.1,0.0,17,0.0,7.6,3,-0.3977532674463731,-7.589584464134761
2020-02-24 02:00:00,18.7,90,17.1,0.0,16,0.0,7.9,3,-0.4134540543192563,-7.889173324561134
2020-02-24 03:00:00,18.7,90,17.0,0.0,21,0.0,7.2,3,-0.3768188849491956,-7.190132650232932
2020-02-24 04:00:00,18.5,91,17.0,0.0,22,0.0,6.8,360,1.6655196468404002e-15,-6.8
2020-02-24 05:00:00,18.1,92,16.9,0.0,27,0.0,6.8,357,0.3558845024520217,-6.790680836331102
2020-02-24 06:00:00,18.0,92,16.8,0.0,21,0.0,7.6,8,-1.0577155672964973,-7.5260373224359345
2020-02-24 07:00:00,18.0,92,16.7,0.0,22,3.0,5.9,14,-1.4273391840380396,-5.72474478502838
2020-02-24 08:00:00,20.2,85,17.7,0.0,21,53.0,5.4,8,-0.7515347451843534,-5.34744757120448
2020-02-24 09:00:00,21.5,78,17.6,0.0,30,147.0,4.5,346,1.0886485301985054,-4.366330768241984
2020-02-24 10:00:00,22.5,76,18.1,0.0,24,270.0,4.4,325,2.523736319944605,-3.604268994871563
2020-02-24 11:00:00,23.3,73,18.1,0.0,29,384.0,5.2,304,4.310995377286217,-2.9078030980478844
2020-02-24 12:00:00,23.9,70,18.0,0.0,22,371.0,6.2,306,5.015905365124675,-3.644268564213332
2020-02-24 13:00:00,24.2,68,18.0,0.0,17,441.0,8.0,306,6.4721359549995805,-4.702282018339783
2020-02-24 14:00:00,24.4,68,18.0,0.0,5,383.0,11.0,311,8.301805382450494,-7.216649318895578
2020-02-24 15:00:00,23.9,70,18.0,0.0,16,334.0,12.3,320,7.906287599144437,-9.422346650363428
2020-02-24 16:00:00,23.6,70,17.7,0.0,14,290.0,11.5,328,6.094071538681858,-9.752553105798896
2020-02-24 17:00:00,23.1,71,17.4,0.0,11,143.0,9.8,336,3.986019102142842,-8.95274548489749
2020-02-24 18:00:00,22.1,75,17.4,0.0,6,25.0,7.1,345,1.8376152202278968,-6.858073366652385
2020-02-24 19:00:00,21.2,79,17.4,0.0,9,0.0,8.0,352,1.113384807680527,-7.922144549932562
2020-02-24 20:00:00,20.4,82,17.3,0.0,12,0.0,8.0,352,1.113384807680527,-7.922144549932562
2020-02-24 21:00:00,19.8,86,17.3,0.0,6,0.0,6.7,344,1.8467702839738929,-6.440453362786736
2020-02-24 22:00:00,19.0,90,17.3,0.0,11,0.0,6.7,344,1.8467702839738929,-6.440453362786736
2020-02-24 23:00:00,18.4,92,17.0,0.0,17,0.0,6.7,344,1.8467702839738929,-6.440453362786736
2020-02-25 00:00:00,18.0,93,16.9,0.0,24,0.0,6.6,351,1.0324674692655251,-6.5187430479279085
2020-02-25 01:00:00,17.8,94,16.7,0.0,19,0.0,6.9,354,0.7212463965468086,-6.862201078041086
2020-02-25 02:00:00,17.8,94,16.7,0.0,12,0.0,7.2,3,-0.3768188849491956,-7.190132650232932
2020-02-25 03:00:00,18.2,93,17.0,0.0,15,0.0,7.6,3,-0.3977532674463731,-7.589584464134761
2020-02-25 04:00:00,18.2,93,17.0,0.0,13,0.0,7.9,357,0.4134540543192605,-7.889173324561134
2020-02-25 05:00:00,18.2,92,16.9,0.0,13,0.0,8.3,355,0.7233926648055641,-8.268415994161488
2020-02-25 06:00:00,18.1,92,16.9,0.0,12,0.0,10.1,358,0.3524849166952583,-10.093847352892867
2020-02-25 07:00:00,18.3,92,17.0,0.0,16,5.0,10.8,4,-0.7533699164365533,-10.773691742806102
2020-02-25 08:00:00,20.3,86,17.9,0.0,12,96.0,10.8,2,-0.3769145643870105,-10.793420931806237
2020-02-25 09:00:00,22.9,74,17.9,0.0,17,290.0,10.1,360,2.473786534277653e-15,-10.1
2020-02-25 10:00:00,24.3,66,17.7,0.0,11,434.0,10.1,354,1.0557374790032994,-10.04467114321956
2020-02-25 11:00:00,25.4,62,17.6,0.0,9,586.0,10.3,348,2.141490415422927,-10.074920287558198
2020-02-25 12:00:00,25.9,61,17.8,0.0,15,639.0,10.7,346,2.588564282916446,-10.382164271153162
2020-02-25 13:00:00,26.3,60,18.0,0.0,19,672.0,10.9,351,1.7051356689385189,-10.765802912487
2020-02-25 14:00:00,26.4,60,18.0,0.0,14,644.0,11.3,351,1.7677094549546115,-11.160878248725057
2020-02-25 15:00:00,26.6,57,17.5,0.0,12,520.0,11.6,353,1.4136843834997077,-11.513535359039336
2020-02-25 16:00:00,26.2,59,17.4,0.0,7,359.0,11.2,354,1.1707187885977182,-11.13864522812466
2020-02-25 17:00:00,25.5,62,17.7,0.0,5,178.0,8.7,355,0.7582549619046273,-8.666893873398186
2020-02-25 18:00:00,24.4,66,17.6,0.0,2,32.0,10.1,4,-0.7045403848156655,-10.075396907624224
2020-02-25 19:00:00,23.0,71,17.5,0.0,1,0.0,9.5,9,-1.4861274178821933,-9.38303923565381
2020-02-25 20:00:00,21.9,76,17.5,0.0,0,0.0,9.2,11,-1.755442757464212,-9.030970087718508
2020-02-25 21:00:00,21.2,79,17.5,0.0,2,0.0,9.7,15,-2.510544737494451,-9.369480515003962
2020-02-25 22:00:00,20.6,82,17.4,0.0,8,0.0,9.6,20,-3.28339337592642,-9.02104915954472
2020-02-25 23:00:00,20.2,84,17.4,0.0,5,0.0,9.5,25,-4.014873486536644,-8.609923976848174
2020-02-26 00:00:00,19.8,86,17.4,0.0,2,0.0,7.9,39,-4.971631089293716,-6.139453095510071
2020-02-26 01:00:00,19.6,87,17.4,0.0,1,0.0,6.4,43,-4.36478950439999,-4.680663690362692
2020-02-26 02:00:00,19.2,89,17.3,0.0,22,0.0,5.4,42,-3.613305274337834,-4.012982057577929
2020-02-26 03:00:00,17.7,97,17.2,0.0,26,0.0,4.1,38,-2.524212048835199,-3.2308440897875594
2020-02-26 04:00:00,17.4,96,16.8,0.0,5,0.0,4.4,35,-2.523736319944603,-3.604268994871564
2020-02-26 05:00:00,17.3,95,16.5,0.0,7,0.0,5.0,30,-2.5,-4.330127018922194
2020-02-26 06:00:00,17.2,95,16.5,0.0,8,0.0,6.7,16,-1.8467702839738944,-6.440453362786736
2020-02-26 07:00:00,17.5,94,16.6,0.0,14,5.0,4.7,32,-2.490620541896063,-3.985826051935202
2020-02-26 08:00:00,21.3,84,18.5,0.0,15,95.0,5.3,28,-2.4881992827652213,-4.679622242152313
2020-02-26 09:00:00,24.0,72,18.7,0.0,13,268.0,4.7,9,-0.7352419856890852,-4.642135200797148
2020-02-26 10:00:00,25.3,61,17.4,0.0,7,324.0,8.0,355,0.6972459419812665,-7.969557584733964
2020-02-26 11:00:00,26.3,60,17.8,0.0,0,545.0,10.9,351,1.7051356689385189,-10.765802912487
2020-02-26 12:00:00,26.8,60,18.5,0.0,0,654.0,12.9,347,2.9018686010358627,-12.569373835729534
2020-02-26 13:00:00,27.1,61,18.9,0.0,0,649.0,14.6,344,4.024305394928184,-14.034420760699456
2020-02-26 14:00:00,27.2,61,19.1,0.0,1,607.0,15.5,342,4.789763412811689,-14.74137600257488
2020-02-26 15:00:00,27.0,62,19.0,0.0,0,510.0,16.5,344,4.548016370980482,-15.860817982982262
2020-02-26 16:00:00,26.4,65,19.2,0.0,0,357.0,17.5,351,2.737603138204044,-17.28454596041491
2020-02-26 17:00:00,25.4,70,19.4,0.0,0,166.0,15.9,357,0.8321417042628155,-15.878209602597725
2020-02-26 18:00:00,23.9,76,19.4,0.0,0,28.0,13.7,5,-1.1940336756429168,-13.647867363856914
2020-02-26 19:00:00,22.6,82,19.4,0.0,0,0.0,11.5,4,-0.802199448057441,-11.47198657798798
2020-02-26 20:00:00,21.8,86,19.4,0.0,0,0.0,10.1,360,2.473786534277653e-15,-10.1
2020-02-26 21:00:00,21.3,89,19.4,0.0,0,0.0,9.1,353,1.1090110249868397,-9.03216997993603
2020-02-26 22:00:00,20.9,91,19.3,0.0,0,0.0,8.8,348,1.829622879196287,-8.60769888645749
2020-02-26 23:00:00,20.6,93,19.3,0.0,1,0.0,9.5,349,1.8126854560771744,-9.325458242752807
2020-02-27 00:00:00,20.4,94,19.4,0.0,4,0.0,9.8,354,1.0243789400230034,-9.746314574609078
2020-02-27 01:00:00,20.3,95,19.4,0.0,6,0.0,9.4,358,0.3280552690035077,-9.3942737739795
2020-02-27 02:00:00,20.2,95,19.3,0.0,14,0.0,9.7,360,2.3758147903458648e-15,-9.7
2020-02-27 03:00:00,19.5,98,19.2,0.0,21,0.0,12.2,360,2.9881381899195417e-15,-12.2
2020-02-27 04:00:00,19.4,98,19.0,0.0,35,0.0,13.3,360,3.25756048573196e-15,-13.3
2020-02-27 05:00:00,19.1,98,18.8,0.0,35,0.0,13.3,2,-0.4641633061432629,-13.291897999353974
2020-02-27 06:00:00,19.0,98,18.6,0.0,36,0.0,13.7,360,3.355532229663748e-15,-13.7
2020-02-27 07:00:00,19.0,97,18.5,0.0,40,4.0,15.1,360,3.698433333425007e-15,-15.1
2020-02-27 08:00:00,20.4,89,18.6,0.0,28,83.0,16.6,2,-0.5793316452615161,-16.58988772851699
2020-02-27 09:00:00,21.8,81,18.5,0.0,20,246.0,17.0,5,-1.4816476267101888,-16.935309867559674
2020-02-27 10:00:00,23.2,74,18.4,0.0,27,454.0,15.5,360,3.796405077356795e-15,-15.5
2020-02-27 11:00:00,24.1,71,18.5,0.0,10,454.0,14.8,354,1.5470212563612706,-14.718924051450443
2020-02-27 12:00:00,25.0,67,18.4,0.0,11,593.0,15.3,352,2.129348444689008,-15.151101451746026
2020-02-27 13:00:00,25.3,65,18.2,0.0,14,573.0,16.5,350,2.8651949315043512,-16.249327924701433
2020-02-27 14:00:00,25.4,64,18.0,0.0,8,591.0,18.1,353,2.205835115633165,-17.96508534470793
2020-02-27 15:00:00,24.9,64,17.7,0.0,10,419.0,17.7,355,1.5426566466335525,-17.632646156223895
2020-02-27 16:00:00,24.5,65,17.5,0.0,7,225.0,17.7,356,1.2346895852710238,-17.65688368959889
2020-02-27 17:00:00,23.7,68,17.6,0.0,15,139.0,16.2,359,0.2827289842839937,-16.197532661533536
2020-02-27 18:00:00,22.5,74,17.7,0.0,18,22.0,14.4,359,0.2513146526968833,-14.397806810252035
2020-02-27 19:00:00,21.4,79,17.6,0.0,19,0.0,14.4,357,0.7536377698983989,-14.380265300465863
2020-02-27 20:00:00,20.9,81,17.6,0.0,18,0.0,13.3,357,0.6960682180311601,-13.281772812235833
2020-02-27 21:00:00,20.5,84,17.7,0.0,28,0.0,11.9,355,1.037153338697134,-11.854716907291772
2020-02-27 22:00:00,20.2,86,17.7,0.0,41,0.0,12.4,352,1.725746451904817,-12.279324052395472
2020-02-27 23:00:00,20.1,87,17.8,0.0,50,0.0,11.9,355,1.037153338697134,-11.854716907291772
2020-02-28 00:00:00,19.8,89,17.9,0.0,51,0.0,10.8,358,0.3769145643870089,-10.793420931806237
2020-02-28 01:00:00,19.6,90,17.9,0.0,58,0.0,10.1,358,0.3524849166952583,-10.093847352892867
2020-02-28 02:00:00,19.5,90,17.9,0.0,55,0.0,9.7,358,0.3385251180142579,-9.694091022085228
2020-02-28 03:00:00,19.5,90,17.9,0.0,64,0.0,9.7,360,2.3758147903458648e-15,-9.7
2020-02-28 04:00:00,19.5,91,17.9,0.0,75,0.0,8.6,360,2.1063924945334478e-15,-8.6
2020-02-28 05:00:00,19.3,92,18.0,0.0,65,0.0,7.9,360,1.934941942652818e-15,-7.9
2020-02-28 06:00:00,19.3,92,18.1,0.0,59,0.0,8.7,355,0.7582549619046273,-8.666893873398186
2020-02-28 07:00:00,19.3,93,18.2,0.0,57,4.0,9.0,360,2.204364238465236e-15,-9.0
2020-02-28 08:00:00,20.9,87,18.6,0.0,72,77.0,8.3,360,2.0329136865846065e-15,-8.3
2020-02-28 09:00:00,22.4,78,18.4,0.0,65,234.0,8.4,353,1.0237024846032368,-8.337387673787106
2020-02-28 10:00:00,23.4,74,18.6,0.0,61,356.0,9.0,344,2.48073620235299,-8.65135526344487
2020-02-28 11:00:00,24.4,71,18.7,0.0,71,473.0,9.5,331,4.6056913923402005,-8.30888721782426
2020-02-28 12:00:00,25.2,67,18.6,0.0,45,610.0,10.5,329,5.407899786555572,-9.000256657372177
2020-02-28 13:00:00,25.5,66,18.6,0.0,39,624.0,12.7,331,6.157082177128478,-11.107670280670328
2020-02-28 14:00:00,25.4,66,18.5,0.0,37,459.0,14.7,335,6.212488447588278,-13.322724469438755
2020-02-28 15:00:00,24.7,68,18.4,0.0,36,384.0,14.8,342,4.573451516749226,-14.075636441168273
2020-02-28 16:00:00,24.2,69,18.3,0.0,28,262.0,14.3,350,2.4831689406371047,-14.082750868074577
2020-02-28 17:00:00,23.7,71,18.2,0.0,41,105.0,12.6,355,1.0981623586204947,-12.552053195955994
2020-02-28 18:00:00,22.7,76,18.2,0.0,31,20.0,10.1,2,-0.3524849166952598,-10.093847352892867
2020-02-28 19:00:00,21.9,80,18.3,0.0,48,0.0,9.7,4,-0.6766377953180154,-9.676371287520292
2020-02-28 20:00:00,21.4,83,18.3,0.0,45,0.0,8.4,7,-1.0237024846032388,-8.337387673787106
2020-02-28 21:00:00,20.9,85,18.4,0.0,48,0.0,6.9,9,-1.079397808777593,-6.815049550106451
2020-02-28 22:00:00,20.4,89,18.5,0.0,45,0.0,7.2,360,1.7634913907721889e-15,-7.2
2020-02-28 23:00:00,19.8,93,18.6,0.0,44,0.0,5.4,4,-0.3766849582182766,-5.386845871403051
2020-02-29 00:00:00,20.2,90,18.5,0.0,42,0.0,2.4,27,-1.0895771993749122,-2.138415658052083
2020-02-29 01:00:00,20.8,88,18.7,0.0,52,0.0,1.1,72,-1.0461621679246689,-0.3399186938124422
2020-02-29 02:00:00,20.7,88,18.7,0.0,48,0.0,1.1,108,-1.046162167924669,0.3399186938124421
2020-02-29 03:00:00,19.8,92,18.5,0.0,59,0.0,1.8,101,-1.7669289302057951,0.3434561916777806
2020-02-29 04:00:00,19.6,93,18.4,0.0,46,0.0,2.2,81,-2.1729143493093037,-0.344155823088508
2020-02-29 05:00:00,19.5,92,18.3,0.0,41,0.0,2.3,51,-1.7874357113510329,-1.447436899414626
2020-02-29 06:00:00,19.3,93,18.1,0.0,34,0.0,5.5,23,-2.149021206691006,-5.062776693988422
2020-02-29 07:00:00,18.2,96,17.5,0.0,35,4.0,5.2,16,-1.4333142502483958,-4.998560818879258
2020-02-29 08:00:00,21.0,89,19.2,0.0,34,52.0,5.1,4,-0.355758016095039,-5.087576656325103
2020-02-29 09:00:00,22.8,78,18.9,0.0,48,160.0,5.0,339,1.7918397477265038,-4.667902132486008
2020-02-29 10:00:00,24.0,71,18.4,0.0,61,303.0,5.6,320,3.5996106142446216,-4.289848881466275
2020-02-29 11:00:00,24.9,64,17.7,0.0,58,460.0,4.9,306,3.964183272437243,-2.8801477362331176
2020-02-29 12:00:00,25.3,62,17.4,0.0,49,400.0,4.9,287,4.685893304218874,-1.43262135314141
2020-02-29 13:00:00,25.6,61,17.4,0.0,42,487.0,5.4,262,5.34744757120448,0.7515347451843555
2020-02-29 14:00:00,25.7,61,17.7,0.0,23,426.0,5.2,245,4.712800492590581,2.197614961051636
2020-02-29 15:00:00,26.0,59,17.4,0.0,23,380.0,5.6,230,4.289848881466276,3.5996106142446207
2020-02-29 16:00:00,25.9,61,17.8,0.0,21,312.0,5.9,232,4.649263446279661,3.632402704421383
2020-02-29 17:00:00,25.4,64,18.2,0.0,29,159.0,5.4,250,5.074340152243906,1.8469087739586103
2020-02-29 18:00:00,24.6,68,18.4,0.0,21,27.0,5.8,292,5.377666356487367,-2.172718241812289
2020-02-29 19:00:00,23.4,79,19.6,0.0,29,0.0,3.3,319,2.164994795668674,-2.490541614735147
2020-02-29 20:00:00,23.0,78,19.0,0.0,35,0.0,4.8,333,2.179154398749825,-4.276831316104166
2020-02-29 21:00:00,22.2,83,19.1,0.0,40,0.0,6.3,347,1.4171916423663515,-6.1385314081469815
2020-02-29 22:00:00,20.4,92,19.0,0.0,68,0.0,6.8,360,1.6655196468404002e-15,-6.8
2020-02-29 23:00:00,20.5,91,19.0,0.0,47,0.0,6.2,21,-2.221881287180861,-5.788198644282651
2020-03-01 00:00:00,20.3,92,18.9,0.0,34,0.0,6.1,40,-3.921004419087889,-4.6728711030257655
2020-03-01 01:00:00,20.2,92,18.9,0.0,39,0.0,6.5,56,-5.388744221607771,-3.634753872559854
2020-03-01 02:00:00,20.0,92,18.6,0.0,32,0.0,5.5,79,-5.398949508962152,-1.049449474570997
2020-03-01 03:00:00,19.8,91,18.2,0.0,16,0.0,3.6,84,-3.580278823325784,-0.3763024677635525
2020-03-01 04:00:00,20.2,89,18.4,0.0,22,0.0,2.2,81,-2.1729143493093037,-0.344155823088508
2020-03-01 05:00:00,20.7,88,18.6,0.0,17,0.0,2.6,56,-2.1554976886431088,-1.4539015490239418
2020-03-01 06:00:00,20.3,89,18.3,0.0,8,0.0,5.3,28,-2.4881992827652213,-4.679622242152313
2020-03-01 07:00:00,19.2,92,17.8,0.0,14,6.0,4.4,55,-3.604268994871564,-2.523736319944603
2020-03-01 08:00:00,21.9,85,19.4,0.0,11,97.0,4.8,27,-2.1791543987498243,-4.276831316104166
2020-03-01 09:00:00,24.1,74,19.1,0.0,9,287.0,5.8,4,-0.4045875477159267,-5.78587149150698
2020-03-01 10:00:00,25.1,70,19.3,0.0,20,398.0,7.8,347,1.7546182238821495,-7.600086505324834
2020-03-01 11:00:00,26.0,68,19.6,0.0,47,564.0,10.0,339,3.583679495453008,-9.335804264972015
2020-03-01 12:00:00,26.3,68,19.9,0.1,30,593.0,11.1,335,4.6910627053217615,-10.060016436106816
2020-03-01 13:00:00,26.5,68,20.1,0.0,6,633.0,13.0,326,7.269507745119705,-10.777488443215544
2020-03-01 14:00:00,26.4,69,20.3,0.0,3,500.0,15.0,325,8.603646545265697,-12.287280664334874
2020-03-01 15:00:00,26.4,65,19.3,0.0,2,499.0,17.3,329,8.910158695943943,-14.82899430214654
2020-03-01 16:00:00,26.0,66,19.2,0.0,1,364.0,17.4,336,7.077217589518922,-15.895690962981256
2020-03-01 17:00:00,25.2,70,19.4,0.0,2,185.0,15.8,343,4.619472934619247,-15.109615144215958
2020-03-01 18:00:00,23.9,77,19.6,0.0,0,35.0,14.5,341,4.720738239628772,-13.710019346190094
2020-03-01 19:00:00,22.6,84,19.7,0.0,0,0.0,16.2,348,3.3681693912477098,-15.845991131887647
2020-03-01 20:00:00,21.8,88,19.7,0.0,0,0.0,16.2,356,1.1300548746548351,-16.16053761420915
2020-03-01 21:00:00,21.2,90,19.6,0.0,3,0.0,16.6,359,0.2897099468589071,-16.597471739596095
2020-03-01 22:00:00,20.8,92,19.5,0.0,5,0.0,16.9,359,0.2949456687900921,-16.89742604814301
2020-03-01 23:00:00,20.5,93,19.2,0.0,8,0.0,16.9,358,0.5898014942722639,-16.889704976622717
2020-03-02 00:00:00,20.2,93,18.9,0.0,11,0.0,17.3,359,0.3019266313650056,-17.29736512620557
2020-03-02 01:00:00,19.8,92,18.5,0.0,10,0.0,17.3,1,-0.3019266313650047,-17.29736512620557
2020-03-02 02:00:00,19.5,92,18.1,0.0,10,0.0,16.2,360,3.967855629237425e-15,-16.2
2020-03-02 03:00:00,19.3,90,17.7,0.0,9,0.0,15.8,360,3.869883885305636e-15,-15.8
2020-03-02 04:00:00,18.9,91,17.4,0.0,6,0.0,15.5,360,3.796405077356795e-15,-15.5
2020-03-02 05:00:00,18.5,90,16.9,0.0,0,0.0,15.8,1,-0.2757480217090794,-15.797593583470984
2020-03-02 06:00:00,18.3,90,16.6,0.0,0,0.0,16.2,357,0.8478424911356988,-16.177798463024097
2020-03-02 07:00:00,18.5,88,16.5,0.0,0,9.0,17.7,2,-0.6177210916342671,-17.689217638237995
2020-03-02 08:00:00,20.1,79,16.4,0.0,0,122.0,18.4,2,-0.6421507393260177,-18.38879121715136
2020-03-02 09:00:00,21.8,70,16.1,0.0,1,303.0,18.4,1,-0.3211242784460166,-18.3971975908776
2020-03-02 10:00:00,23.1,65,16.1,0.0,5,494.0,16.9,359,0.2949456687900921,-16.89742604814301
2020-03-02 11:00:00,24.1,62,16.5,0.0,6,652.0,15.9,355,1.385776309687767,-15.839495699658755
2020-03-02 12:00:00,24.7,61,16.6,0.0,6,711.0,16.0,352,2.226769615361054,-15.844289099865124
2020-03-02 13:00:00,25.0,59,16.5,0.0,6,736.0,16.1,350,2.79573566043758,-15.855404823496553
2020-03-02 14:00:00,24.9,59,16.4,0.0,0,652.0,17.2,350,2.986748655871202,-16.938693351809977
2020-03-02 15:00:00,24.4,59,15.8,0.0,1,468.0,17.8,352,2.4772811970891726,-17.62677162359995
2020-03-02 16:00:00,23.8,60,15.6,0.0,0,287.0,18.0,357,0.9420472123729986,-17.975331625582328
2020-03-02 17:00:00,23.1,62,15.4,0.0,0,183.0,16.9,359,0.2949456687900921,-16.89742604814301
2020-03-02 18:00:00,21.9,67,15.5,0.0,0,35.0,12.7,353,1.5477406612453697,-12.60533612584479
2020-03-02 19:00:00,20.8,71,15.4,0.0,0,0.0,13.8,354,1.442492793093617,-13.724402156082173
2020-03-02 20:00:00,20.3,73,15.4,0.0,10,0.0,14.4,356,1.0044932219154092,-14.36492232374147
2020-03-02 21:00:00,19.9,76,15.5,0.0,22,0.0,14.4,356,1.0044932219154092,-14.36492232374147
2020-03-02 22:00:00,19.6,78,15.6,0.0,37,0.0,14.1,356,0.9835662797921716,-14.06565310866352
2020-03-02 23:00:00,19.5,79,15.7,0.0,51,0.0,14.1,357,0.7379369830255156,-14.080676440039491
2020-03-03 00:00:00,19.5,79,15.8,0.0,43,0.0,14.0,359,0.2443336901219698,-13.997867732189478
2020-03-03 01:00:00,19.3,81,15.9,0.0,46,0.0,13.0,358,0.4536934571325107,-12.992080751248244
2020-03-03 02:00:00,19.3,81,16.0,0.0,56,0.0,13.7,355,1.1940336756429188,-13.647867363856914
2020-03-03 03:00:00,19.2,81,15.9,0.0,50,0.0,13.7,360,3.355532229663748e-15,-13.7
2020-03-03 04:00:00,19.0,82,15.9,0.0,44,0.0,13.3,2,-0.4641633061432629,-13.291897999353974
2020-03-03 05:00:00,18.9,82,15.9,0.0,43,0.0,12.6,2,-0.4397336584515122,-12.592324420440606
2020-03-03 06:00:00,18.8,84,16.0,0.0,36,0.0,13.4,355,1.1678869528186215,-13.34900895442939
2020-03-03 07:00:00,18.9,84,16.1,0.0,42,7.0,13.7,2,-0.4781231048242632,-13.691654330161612
2020-03-03 08:00:00,20.3,78,16.3,0.0,39,98.0,13.8,6,-1.442492793093618,-13.724402156082173
2020-03-03 09:00:00,21.7,71,16.3,0.0,39,254.0,13.0,6,-1.3588700224794952,-12.928784639787551
2020-03-03 10:00:00,22.9,68,16.6,0.0,35,442.0,11.9,355,1.037153338697134,-11.854716907291772
2020-03-03 11:00:00,24.0,65,16.9,0.0,32,574.0,12.1,343,3.5376976271451195,-11.571287547152728
2020-03-03 12:00:00,24.6,62,16.9,0.0,28,614.0,12.9,342,3.986319227436825,-12.26862906020748
2020-03-03 13:00:00,24.9,61,16.9,0.0,22,521.0,13.4,346,3.2417534010355493,-13.001962732098352
2020-03-03 14:00:00,25.0,60,16.8,0.0,14,516.0,14.1,347,3.171809866248501,-13.738617913471815
2020-03-03 15:00:00,24.8,61,16.7,0.0,25,447.0,15.1,348,3.139466531348174,-14.770028771080463
2020-03-03 16:00:00,24.4,62,16.6,0.0,24,307.0,15.9,354,1.6620025659556894,-15.812898136355546
2020-03-03 17:00:00,23.8,64,16.5,0.0,19,151.0,15.5,1,-0.2705122997778944,-15.497639274924063
2020-03-03 18:00:00,22.6,69,16.6,0.0,9,29.0,12.3,3,-0.6437322617882092,-12.283143277481258
2020-03-03 19:00:00,21.5,74,16.7,0.0,6,0.0,12.2,360,2.9881381899195417e-15,-12.2
2020-03-03 20:00:00,20.9,78,16.9,0.0,8,0.0,13.0,360,3.1840816777831178e-15,-13.0
2020-03-03 21:00:00,20.5,81,17.0,0.0,16,0.0,12.6,360,3.08610993385133e-15,-12.6
2020-03-03 22:00:00,20.2,83,17.2,0.0,19,0.0,12.2,358,0.42577385977051,-12.192568089632967
2020-03-03 23:00:00,20.0,84,17.3,0.0,15,0.0,10.8,360,2.645237086158283e-15,-10.8
2020-03-04 00:00:00,19.9,86,17.5,0.0,24,0.0,9.0,5,-0.7844016847289235,-8.96575228282571
2020-03-04 01:00:00,19.7,88,17.6,0.0,23,0.0,7.9,357,0.4134540543192605,-7.889173324561134
2020-03-04 02:00:00,19.6,89,17.7,0.0,15,0.0,8.0,355,0.6972459419812665,-7.969557584733964
2020-03-04 03:00:00,19.9,89,18.0,0.0,22,0.0,7.2,354,0.7526049355271046,-7.160557646651568
2020-03-04 04:00:00,19.9,89,18.1,0.0,17,0.0,8.0,350,1.389185421335443,-7.878462024097664
2020-03-04 05:00:00,19.8,91,18.2,0.0,20,0.0,9.1,351,1.4235536318661028,-8.987963899415753
2020-03-04 06:00:00,19.7,92,18.3,0.0,24,0.0,10.1,354,1.0557374790032994,-10.04467114321956
2020-03-04 07:00:00,19.9,91,18.4,0.0,32,8.0,12.6,360,3.08610993385133e-15,-12.6
2020-03-04 08:00:00,21.3,85,18.7,0.0,53,104.0,14.8,1,-0.258295615271796,-14.79774588831459
2020-03-04 09:00:00,22.7,76,18.2,0.0,62,255.0,16.6,2,-0.5793316452615161,-16.58988772851699
2020-03-04 10:00:00,24.0,69,17.9,0.0,59,435.0,16.2,360,3.967855629237425e-15,-16.2
2020-03-04 11:00:00,25.0,65,17.9,0.0,67,557.0,17.8,353,2.1692743126116207,-17.667321499215532
2020-03-04 12:00:00,25.3,64,18.0,0.0,43,463.0,18.8,356,1.311421706389562,-18.754204144884696
2020-03-04 13:00:00,25.5,64,18.1,0.0,41,580.0,18.7,358,0.6526205883367654,-18.68860846525709
2020-03-04 14:00:00,25.3,64,18.0,0.0,38,542.0,20.7,353,2.5226954084865474,-20.545705338975367
2020-03-04 15:00:00,24.5,66,17.6,0.0,40,473.0,21.6,358,0.7538291287740179,-21.58684186361247
2020-03-04 16:00:00,23.8,67,17.4,0.0,45,285.0,19.5,2,-0.680540185698769,-19.488121126872368
2020-03-04 17:00:00,22.9,70,17.2,0.0,53,67.0,18.4,357,0.9629815948701764,-18.37478343948416
2020-03-04 18:00:00,21.7,75,17.0,0.0,71,7.0,20.6,356,1.4369833591289882,-20.54981943535238
2020-03-04 19:00:00,20.5,78,16.6,0.0,94,0.0,22.8,355,1.9871509346466096,-22.7132391164918
2020-03-04 20:00:00,20.0,79,16.3,0.0,67,0.0,23.9,355,2.0830222516690338,-23.80905328439272
2020-03-04 21:00:00,19.8,78,15.9,0.0,73,0.0,24.5,357,1.2822309279521371,-24.466423601487055
2020-03-04 22:00:00,19.6,77,15.6,0.0,56,0.0,24.9,358,0.8689974678922705,-24.884831592775484
2020-03-04 23:00:00,19.4,77,15.3,0.0,90,0.0,26.3,358,0.9178567632757716,-26.28397875060222
2020-03-05 00:00:00,18.9,78,15.1,0.2,90,0.0,26.6,360,6.515120971463919e-15,-26.6
2020-03-05 01:00:00,18.4,81,15.0,0.4,100,0.0,26.3,2,-0.9178567632757756,-26.28397875060222
2020-03-05 02:00:00,18.2,82,15.0,0.4,100,0.0,23.1,3,-1.2089605892120026,-23.068342252830657
2020-03-05 03:00:00,17.9,84,15.1,0.7,100,0.0,21.6,3,-1.130456654847587,-21.5703979506988
2020-03-05 04:00:00,18.0,84,15.2,0.8,100,0.0,18.8,3,-0.9839159773673442,-18.77423525338599
2020-03-05 05:00:00,18.0,86,15.5,0.6,100,0.0,17.3,1,-0.3019266313650047,-17.29736512620557
2020-03-05 06:00:00,18.1,85,15.5,0.6,100,0.0,15.5,357,0.8112073217656377,-15.478757788695894
2020-03-05 07:00:00,18.0,87,15.8,0.7,73,2.0,14.0,1,-0.2443336901219691,-13.997867732189478
2020-03-05 08:00:00,18.4,85,15.8,0.7,64,15.0,12.6,357,0.659433048661099,-12.58273213790763
2020-03-05 09:00:00,18.7,84,16.0,0.8,59,15.0,13.8,354,1.442492793093617,-13.724402156082173
2020-03-05 10:00:00,19.6,80,16.2,0.4,41,78.0,14.5,354,1.5156627173809745,-14.420567482839962
2020-03-05 11:00:00,20.5,76,16.2,0.3,27,121.0,14.9,345,3.856403772027558,-14.39229481170712
2020-03-05 12:00:00,20.7,77,16.4,0.3,14,92.0,19.4,342,5.994929690873985,-18.450496416125976
2020-03-05 13:00:00,21.1,72,15.9,0.0,17,217.0,24.5,350,4.254380352839794,-24.127789948799094
2020-03-05 14:00:00,21.6,69,15.6,0.0,37,293.0,24.2,356,1.6881066646078404,-24.141050016287743
2020-03-05 15:00:00,21.9,65,15.0,0.0,55,293.0,22.0,358,0.7677889274550181,-21.986598194420107
2020-03-05 16:00:00,21.4,67,14.9,0.0,61,155.0,20.5,358,0.7154396824012669,-20.487511953891463
2020-03-05 17:00:00,20.7,69,14.9,0.0,60,98.0,18.7,359,0.3263600003772026,-18.697151899424515
2020-03-05 18:00:00,19.9,73,14.9,0.0,56,20.0,15.5,357,0.8112073217656377,-15.478757788695894
2020-03-05 19:00:00,19.3,75,14.8,0.0,51,0.0,13.7,358,0.4781231048242612,-13.691654330161612
2020-03-05 20:00:00,18.9,77,14.8,0.0,57,0.0,13.8,351,2.158795617555189,-13.6300991002129
2020-03-05 21:00:00,18.8,77,14.7,0.0,52,0.0,15.3,352,2.129348444689008,-15.151101451746026
2020-03-05 22:00:00,18.7,78,14.7,0.0,49,0.0,14.1,354,1.473851332073913,-14.022758724692652
2020-03-05 23:00:00,18.6,78,14.8,0.0,61,0.0,13.5,351,2.1118652780431195,-13.33379259803436
2020-03-06 00:00:00,18.6,79,14.8,0.0,73,0.0,12.7,353,1.5477406612453697,-12.60533612584479
2020-03-06 01:00:00,18.7,78,14.9,0.0,81,0.0,12.7,353,1.5477406612453697,-12.60533612584479
2020-03-06 02:00:00,18.6,79,14.9,0.0,81,0.0,12.3,355,1.0720156357961974,-12.253194786528471
2020-03-06 03:00:00,18.4,81,15.1,0.0,74,0.0,11.2,354,1.1707187885977182,-11.13864522812466
2020-03-06 04:00:00,18.4,81,15.1,0.0,62,0.0,9.8,354,1.0243789400230034,-9.746314574609078
2020-03-06 05:00:00,18.4,82,15.2,0.0,65,0.0,8.3,358,0.2896658226307568,-8.294943864258496
2020-03-06 06:00:00,18.3,82,15.3,0.0,85,0.0,7.6,360,1.8614631347039767e-15,-7.6
2020-03-06 07:00:00,18.4,84,15.6,0.0,68,6.0,5.6,345,1.4493866525741157,-5.409184627218783
2020-03-06 08:00:00,19.4,80,15.9,0.0,91,30.0,5.2,335,2.197614961051636,-4.71280049259058
2020-03-06 09:00:00,20.7,73,15.7,0.0,95,110.0,5.9,322,3.632402704421384,-4.64926344627966
2020-03-06 10:00:00,21.5,71,15.9,0.0,99,158.0,6.6,311,4.981083229470297,-4.3299895913373465
2020-03-06 11:00:00,22.4,68,16.2,0.0,100,355.0,7.4,299,6.472185832831528,-3.5875911898228963
2020-03-06 12:00:00,22.6,67,16.2,0.0,94,192.0,6.1,320,3.921004419087891,-4.672871103025765
2020-03-06 13:00:00,22.8,67,16.3,0.0,68,229.0,7.5,325,4.3018232726328485,-6.143640332167437
2020-03-06 14:00:00,23.3,65,16.4,0.0,56,303.0,9.7,315,6.858935777509512,-6.858935777509509
2020-03-06 15:00:00,23.2,65,16.2,0.0,65,421.0,8.2,319,5.37968403772216,-6.188618557826729
2020-03-06 16:00:00,22.7,66,16.0,0.0,66,49.0,7.7,319,5.051654523226907,-5.811263767715344
2020-03-06 17:00:00,22.1,69,16.1,0.0,69,26.0,7.4,321,4.656970893768801,-5.750880114781583
2020-03-06 18:00:00,21.5,72,16.3,0.0,70,18.0,7.0,339,2.508575646817105,-6.535062985480411
2020-03-06 19:00:00,20.9,76,16.5,0.0,68,0.0,7.2,342,2.2249223594996232,-6.8476069173251055
2020-03-06 20:00:00,20.6,79,16.7,0.0,60,0.0,8.1,339,2.902780391316936,-7.562001454627332
2020-03-06 21:00:00,20.1,81,16.8,0.0,57,0.0,9.4,337,3.6728726077991753,-8.652745622452938
2020-03-06 22:00:00,19.7,83,16.8,0.0,41,0.0,7.8,347,1.7546182238821495,-7.600086505324834
2020-03-06 23:00:00,19.4,85,16.9,0.0,26,0.0,6.9,354,0.7212463965468086,-6.862201078041086
2020-03-07 00:00:00,19.0,87,16.9,0.0,20,0.0,6.9,354,0.7212463965468086,-6.862201078041086
2020-03-07 01:00:00,19.0,88,16.9,0.0,27,0.0,7.6,355,0.6623836448822031,-7.571079705497266
2020-03-07 02:00:00,19.0,88,16.9,0.0,29,0.0,7.6,355,0.6623836448822031,-7.571079705497266
2020-03-07 03:00:00,18.8,90,17.0,0.0,31,0.0,8.6,358,0.300135671641507,-8.594761112364223
2020-03-07 04:00:00,18.7,90,17.0,0.0,34,0.0,9.7,358,0.3385251180142579,-9.694091022085228
2020-03-07 05:00:00,18.7,90,17.0,0.0,44,0.0,10.1,358,0.3524849166952583,-10.093847352892867
2020-03-07 06:00:00,18.7,90,17.0,0.0,42,0.0,10.4,360,2.547265342226495e-15,-10.4
2020-03-07 07:00:00,19.0,89,17.2,0.0,38,11.0,11.5,4,-0.802199448057441,-11.47198657798798
2020-03-07 08:00:00,20.6,83,17.6,0.0,47,93.0,10.4,2,-0.3629547657060101,-10.393664600998596
2020-03-07 09:00:00,22.6,74,17.7,0.0,41,244.0,9.4,2,-0.3280552690035091,-9.3942737739795
2020-03-07 10:00:00,24.1,67,17.7,0.0,33,404.0,8.0,8,-1.1133848076805235,-7.922144549932563
2020-03-07 11:00:00,25.4,65,18.2,0.0,23,614.0,6.1,360,1.4940690949597709e-15,-6.1
2020-03-07 12:00:00,26.0,64,18.8,0.0,10,652.0,6.4,344,1.764079077228793,-6.1520748540052415
2020-03-07 13:00:00,26.3,65,19.2,0.0,13,607.0,7.4,331,3.587591189822893,-6.47218583283153
2020-03-07 14:00:00,26.4,66,19.4,0.0,5,589.0,7.7,319,5.051654523226907,-5.811263767715344
2020-03-07 15:00:00,26.5,62,18.7,0.0,9,487.0,8.4,317,5.728786224524986,-6.143371093601034
2020-03-07 16:00:00,26.1,64,18.7,0.0,4,359.0,9.1,326,5.088655421583794,-7.54424191025088
2020-03-07 17:00:00,25.5,66,18.8,0.0,1,190.0,8.9,333,4.040515447681968,-7.929958065276474
2020-03-07 18:00:00,24.3,72,19.0,0.0,4,39.0,7.6,335,3.211898789229314,-6.88793918147854
2020-03-07 19:00:00,23.0,78,19.0,0.0,0,0.0,7.4,346,1.7902220274375422,-7.180188374442374
2020-03-07 20:00:00,22.1,82,19.0,0.0,3,0.0,7.2,357,0.3768188849491994,-7.190132650232932
2020-03-07 21:00:00,21.4,86,19.0,0.0,0,0.0,9.0,358,0.3140954703225074,-8.994517443171862
2020-03-07 22:00:00,20.9,89,18.9,0.0,0,0.0,9.4,2,-0.3280552690035091,-9.3942737739795
2020-03-07 23:00:00,20.6,90,18.9,0.0,1,0.0,9.4,2,-0.3280552690035091,-9.3942737739795
2020-03-08 00:00:00,20.3,91,18.8,0.0,3,0.0,8.6,360,2.1063924945334478e-15,-8.6
2020-03-08 01:00:00,20.2,91,18.7,0.0,5,0.0,8.3,358,0.2896658226307568,-8.294943864258496
2020-03-08 02:00:00,20.1,92,18.7,0.0,9,0.0,7.6,352,1.0577155672965006,-7.526037322435934
2020-03-08 03:00:00,19.5,92,18.2,0.0,9,0.0,8.5,348,1.767249371950959,-8.314254606237347
2020-03-08 04:00:00,19.4,93,18.2,0.0,12,0.0,9.2,349,1.7554427574642109,-9.030970087718508
2020-03-08 05:00:00,19.5,93,18.3,0.0,12,0.0,9.8,354,1.0243789400230034,-9.746314574609078
2020-03-08 06:00:00,19.4,94,18.4,0.0,8,0.0,11.5,2,-0.4013442120787611,-11.4929945107196
2020-03-08 07:00:00,19.7,94,18.7,0.0,7,13.0,10.8,356,0.7533699164365569,-10.773691742806102
2020-03-08 08:00:00,21.3,88,19.3,0.0,10,124.0,10.3,348,2.141490415422927,-10.074920287558198
2020-03-08 09:00:00,23.3,77,19.0,0.0,9,307.0,10.1,343,2.952954217699645,-9.658678035226655
2020-03-08 10:00:00,24.7,68,18.3,0.0,8,472.0,8.9,339,3.189474750953177,-8.308865795825094
2020-03-08 11:00:00,25.9,63,18.3,0.0,10,647.0,7.8,326,4.361704647071823,-6.466493065929326
2020-03-08 12:00:00,26.6,62,18.8,0.0,4,731.0,6.4,313,4.680663690362691,-4.364789504399991
2020-03-08 13:00:00,27.0,62,19.0,0.0,3,747.0,6.0,295,5.4378467222198985,-2.535709570444197
2020-03-08 14:00:00,27.0,62,19.1,0.0,5,690.0,7.0,291,6.535062985480412,-2.5085756468171025
2020-03-08 15:00:00,26.6,64,19.3,0.0,2,545.0,8.5,306,6.876644452187055,-4.99617464448602
2020-03-08 16:00:00,26.0,66,19.3,0.0,4,370.0,8.5,324,4.996174644486024,-6.876644452187052
2020-03-08 17:00:00,25.4,69,19.3,0.0,11,184.0,8.0,342,2.4721359549995814,-7.608452130361228
2020-03-08 18:00:00,24.5,73,19.4,0.0,13,37.0,8.4,350,1.4586446924022154,-8.272385125302547
2020-03-08 19:00:00,23.5,78,19.4,0.0,9,0.0,10.2,352,1.419565629792672,-10.100734301164016
2020-03-08 20:00:00,22.6,83,19.6,0.0,20,0.0,9.7,356,0.6766377953180186,-9.676371287520292
2020-03-08 21:00:00,21.8,88,19.6,0.0,39,0.0,9.4,358,0.3280552690035077,-9.3942737739795
2020-03-08 22:00:00,21.3,90,19.6,0.0,35,0.0,9.7,358,0.3385251180142579,-9.694091022085228
2020-03-08 23:00:00,21.0,92,19.6,0.0,39,0.0,9.4,2,-0.3280552690035091,-9.3942737739795
2020-03-09 00:00:00,20.5,94,19.5,0.0,43,0.0,8.3,5,-0.7233926648055629,-8.268415994161488
2020-03-09 01:00:00,20.4,95,19.5,0.0,37,0.0,6.9,9,-1.079397808777593,-6.815049550106451
2020-03-09 02:00:00,20.1,96,19.4,0.0,33,0.0,5.8,360,1.4205902870109297e-15,-5.8
2020-03-09 03:00:00,20.2,95,19.3,0.0,27,0.0,1.8,360,4.4087284769304716e-16,-1.8
2020-03-09 04:00:00,20.6,93,19.5,0.0,35,0.0,2.1,301,1.800051331474436,-1.0815799573111138
2020-03-09 05:00:00,20.5,94,19.5,0.0,32,0.0,3.7,209,1.7937955949114468,3.236092916415765
2020-03-09 06:00:00,19.5,96,18.8,0.0,46,0.0,1.0,45,-0.7071067811865476,-0.7071067811865476
2020-03-09 07:00:00,20.0,95,19.1,0.0,38,11.0,5.1,141,-3.2095339943541705,3.963444403430551
2020-03-09 08:00:00,23.2,84,20.4,0.0,14,113.0,9.7,165,-2.510544737494454,9.36948051500396
2020-03-09 09:00:00,25.4,73,20.3,0.0,13,250.0,15.7,169,-2.995701227411756,15.411546780128324
2020-03-09 10:00:00,26.7,70,20.8,0.0,24,340.0,21.3,177,-1.1147558679747032,21.270809090272422
2020-03-09 11:00:00,27.3,69,21.2,0.0,47,468.0,23.3,189,3.644923035437376,23.01313833586671
2020-03-09 12:00:00,27.7,69,21.4,0.0,35,625.0,22.8,196,6.284531712627578,21.91676666739367
2020-03-09 13:00:00,27.4,69,21.3,0.6,29,546.0,21.3,199,6.934601689937439,20.139545660265448
2020-03-09 14:00:00,27.3,68,20.9,0.4,27,595.0,19.3,209,9.356825670754304,16.88016034779034
2020-03-09 15:00:00,27.2,69,21.1,0.2,19,514.0,16.5,216,9.698456662825803,13.348780407186633
2020-03-09 16:00:00,26.7,71,21.1,0.0,22,329.0,14.8,209,7.175182379645787,12.94437166566306
2020-03-09 17:00:00,26.1,74,21.2,0.0,17,146.0,11.4,204,4.636797731064123,10.41441821712565
2020-03-09 18:00:00,25.2,79,21.3,0.0,25,36.0,8.7,210,4.3500000000000005,7.534421012924615
2020-03-09 19:00:00,24.2,84,21.4,0.0,21,0.0,8.5,208,3.990508283680073,7.505054539300878
2020-03-09 20:00:00,23.6,87,21.3,0.0,20,0.0,8.5,216,4.996174644486021,6.876644452187053
2020-03-09 21:00:00,23.3,89,21.3,0.0,27,0.0,8.7,204,3.5386087947594613,7.947845481490627
2020-03-09 22:00:00,23.2,89,21.2,0.0,20,0.0,10.1,215,5.793122007145566,8.273435647318816
2020-03-09 23:00:00,23.1,88,21.0,0.0,39,0.0,10.7,230,8.196675541373063,6.877827423645972
2020-03-10 00:00:00,23.2,87,20.9,0.0,33,0.0,9.4,227,6.874724795220202,6.410784584587487
2020-03-10 01:00:00,23.1,87,20.9,0.0,24,0.0,7.9,210,3.950000000000001,6.841600689897065
2020-03-10 02:00:00,22.9,88,20.8,0.0,27,0.0,6.6,209,3.199743493625824,5.772490067120012
2020-03-10 03:00:00,22.5,91,21.0,0.0,40,0.0,6.4,232,5.043268823083022,3.940233442084212
2020-03-10 04:00:00,22.2,92,20.9,0.0,46,0.0,6.8,245,6.162892951849221,2.873804179836754
2020-03-10 05:00:00,21.7,94,20.7,0.0,65,0.0,5.6,255,5.409184627218783,1.4493866525741157
2020-03-10 06:00:00,21.7,94,20.6,0.0,30,0.0,4.5,209,2.181643291108516,3.9357886821272814
2020-03-10 07:00:00,22.1,92,20.7,0.2,59,6.0,4.4,235,3.604268994871563,2.523736319944604
2020-03-10 08:00:00,23.1,89,21.2,0.5,67,22.0,5.6,225,3.9597979746446654,3.9597979746446663
2020-03-10 09:00:00,23.5,89,21.6,0.4,66,25.0,6.8,205,2.873804179836755,6.16289295184922
2020-03-10 10:00:00,23.8,87,21.5,1.0,100,83.0,6.8,212,3.6034509967857926,5.766727053863697
2020-03-10 11:00:00,23.4,87,21.2,2.1,100,74.0,6.1,298,5.385980316439455,-2.8637765329939318
2020-03-10 12:00:00,23.1,87,20.7,2.3,100,190.0,11.4,347,2.564442019520065,-11.10781873855168
2020-03-10 13:00:00,22.6,89,20.7,1.6,100,81.0,12.4,10,-2.1532374030699364,-12.21161613735138
2020-03-10 14:00:00,21.7,92,20.4,0.8,94,1.0,10.9,8,-1.5169868004647131,-10.793921949283115
2020-03-10 15:00:00,22.9,82,19.6,0.3,100,168.0,13.5,351,2.1118652780431195,-13.33379259803436
2020-03-10 16:00:00,22.7,81,19.3,0.5,100,257.0,18.5,352,2.574702367761218,-18.31995927171905
2020-03-10 17:00:00,21.7,84,18.9,0.5,100,113.0,19.4,360,4.75162958069173e-15,-19.4
2020-03-10 18:00:00,20.6,86,18.2,0.3,99,28.0,19.4,1,-0.3385766848833001,-19.39704528603399
2020-03-10 19:00:00,19.8,86,17.3,0.1,100,0.0,19.1,358,0.6665803870177658,-19.08836479606473
2020-03-10 20:00:00,19.4,84,16.6,0.0,100,0.0,19.5,356,1.36025123801045,-19.45249898006657
2020-03-10 21:00:00,19.1,83,16.2,0.0,100,0.0,19.1,358,0.6665803870177658,-19.08836479606473
2020-03-10 22:00:00,18.9,82,15.9,0.0,100,0.0,17.6,360,4.310756732998684e-15,-17.6
2020-03-10 23:00:00,18.7,82,15.7,0.0,100,0.0,16.6,356,1.1579574641524857,-16.55956323431308
2020-03-11 00:00:00,18.6,82,15.4,0.0,100,0.0,16.7,354,1.745625336569812,-16.608515652650162
2020-03-11 01:00:00,18.6,81,15.2,0.0,100,0.0,16.6,356,1.1579574641524857,-16.55956323431308
2020-03-11 02:00:00,18.5,81,15.1,0.1,100,0.0,15.5,360,3.796405077356795e-15,-15.5
2020-03-11 03:00:00,18.4,80,15.0,0.1,100,0.0,13.7,360,3.355532229663748e-15,-13.7
2020-03-11 04:00:00,18.2,81,14.8,0.0,100,0.0,12.6,357,0.659433048661099,-12.58273213790763
2020-03-11 05:00:00,18.2,80,14.7,0.0,100,0.0,10.9,354,1.1393602496174222,-10.84028865951418
2020-03-11 06:00:00,18.1,81,14.8,0.0,100,0.0,10.6,350,1.840670683269462,-10.438962181929403
2020-03-11 07:00:00,18.4,81,15.0,0.0,100,10.0,10.1,354,1.0557374790032994,-10.04467114321956
2020-03-11 08:00:00,19.1,78,15.2,0.0,100,67.0,8.7,5,-0.7582549619046259,-8.666893873398186
2020-03-11 09:00:00,20.0,75,15.5,0.0,75,151.0,5.9,346,1.4273391840380405,-5.72474478502838
2020-03-11 10:00:00,21.2,72,16.0,0.0,100,336.0,6.4,322,3.940233442084213,-5.043268823083022
2020-03-11 11:00:00,22.1,70,16.3,0.0,100,407.0,6.1,320,3.921004419087891,-4.672871103025765
2020-03-11 12:00:00,23.1,66,16.4,0.0,72,520.0,4.5,284,4.366330768241984,-1.0886485301985034
2020-03-11 13:00:00,23.4,65,16.4,0.0,90,336.0,7.9,273,7.889173324561134,-0.4134540543192572
2020-03-11 14:00:00,23.8,63,16.5,0.0,88,429.0,8.4,295,7.612985411107859,-3.549993398621877
2020-03-11 15:00:00,22.6,66,15.9,0.1,100,167.0,9.2,329,4.738350289172501,-7.885939166459431
2020-03-11 16:00:00,21.7,70,15.9,0.0,100,3.0,11.6,353,1.4136843834997077,-11.513535359039336
2020-03-11 17:00:00,21.0,73,16.1,0.0,100,25.0,11.9,360,2.9146593819707008e-15,-11.9
2020-03-11 18:00:00,20.5,76,16.1,0.0,100,3.0,13.3,357,0.6960682180311601,-13.281772812235833
2020-03-11 19:00:00,20.0,78,16.0,0.0,100,0.0,13.0,5,-1.1330246557195562,-12.950531075192693
2020-03-11 20:00:00,19.8,78,15.9,0.0,100,0.0,11.2,4,-0.7812725059342034,-11.17271736291003
2020-03-11 21:00:00,19.7,79,15.9,0.0,100,0.0,10.4,360,2.547265342226495e-15,-10.4
2020-03-11 22:00:00,19.7,79,15.9,0.0,100,0.0,9.1,353,1.1090110249868397,-9.03216997993603
2020-03-11 23:00:00,19.7,79,16.0,0.0,100,0.0,6.2,339,2.2218812871808646,-5.78819864428265
2020-03-12 00:00:00,19.6,80,16.1,0.0,100,0.0,4.1,315,2.8991378028648453,-2.899137802864844
2020-03-12 01:00:00,19.5,81,16.1,0.0,82,0.0,6.2,306,5.015905365124675,-3.644268564213332
2020-03-12 02:00:00,19.2,83,16.2,0.0,41,0.0,5.6,320,3.5996106142446216,-4.289848881466275
2020-03-12 03:00:00,19.3,85,16.7,0.0,58,0.0,6.3,329,3.244739871933344,-5.400153994423306
2020-03-12 04:00:00,19.1,86,16.7,0.0,78,0.0,7.4,331,3.587591189822893,-6.47218583283153
2020-03-12 05:00:00,19.1,86,16.7,0.0,93,0.0,7.3,340,2.4967470462773806,-6.859756131737131
2020-03-12 06:00:00,19.1,87,16.8,0.0,91,0.0,7.1,15,-1.8376152202278973,-6.858073366652385
2020-03-12 07:00:00,19.2,89,17.3,0.0,89,7.0,6.7,16,-1.8467702839738944,-6.440453362786736
2020-03-12 08:00:00,20.8,81,17.3,0.0,81,54.0,6.9,354,0.7212463965468086,-6.862201078041086
2020-03-12 09:00:00,21.7,78,17.7,0.0,77,105.0,6.8,342,2.101315561749644,-6.467184310807044
2020-03-12 10:00:00,22.7,75,17.9,0.0,70,187.0,7.9,330,3.950000000000004,-6.841600689897064
2020-03-12 11:00:00,23.7,71,18.1,0.0,56,281.0,7.6,341,2.474317973874391,-7.185941174554808
2020-03-12 12:00:00,24.9,67,18.4,0.0,62,526.0,4.5,346,1.0886485301985054,-4.366330768241984
2020-03-12 13:00:00,25.4,66,18.6,0.0,47,457.0,3.2,270,3.2,5.878304635907295e-16
2020-03-12 14:00:00,25.6,67,18.9,0.0,40,353.0,7.0,249,6.535062985480412,2.508575646817105
2020-03-12 15:00:00,26.0,66,19.1,0.0,39,411.0,9.1,263,9.03216997993603,1.1090110249868392
2020-03-12 16:00:00,25.5,68,19.2,0.0,65,280.0,10.3,295,9.334970206477491,-4.352968095929207
2020-03-12 17:00:00,24.6,72,19.2,0.0,78,85.0,10.4,326,5.815606196095764,-8.621990754572435
2020-03-12 18:00:00,23.7,77,19.3,0.0,53,26.0,9.1,353,1.1090110249868397,-9.03216997993603
2020-03-12 19:00:00,22.8,81,19.3,0.0,73,0.0,7.9,357,0.4134540543192605,-7.889173324561134
2020-03-12 20:00:00,22.5,83,19.4,0.0,84,0.0,6.8,357,0.3558845024520217,-6.790680836331102
2020-03-12 21:00:00,21.7,87,19.4,0.0,100,0.0,8.1,347,1.8221035401853087,-7.892397524760404
2020-03-12 22:00:00,21.1,90,19.4,0.0,100,0.0,9.2,349,1.7554427574642109,-9.030970087718508
2020-03-12 23:00:00,20.7,93,19.4,0.0,96,0.0,8.3,360,2.0329136865846065e-15,-8.3
2020-03-13 00:00:00,20.6,94,19.5,0.2,100,0.0,7.9,357,0.4134540543192605,-7.889173324561134
2020-03-13 01:00:00,20.9,92,19.6,0.3,96,0.0,8.6,360,2.1063924945334478e-15,-8.6
2020-03-13 02:00:00,20.8,93,19.7,0.3,100,0.0,9.0,5,-0.7844016847289235,-8.96575228282571
2020-03-13 03:00:00,20.7,92,19.4,0.6,94,0.0,9.0,5,-0.7844016847289235,-8.96575228282571
2020-03-13 04:00:00,20.7,91,19.2,0.4,84,0.0,11.2,358,0.3908743630680092,-11.193177262613872
2020-03-13 05:00:00,20.6,92,19.3,0.6,77,0.0,13.0,355,1.1330246557195582,-12.950531075192693
2020-03-13 06:00:00,20.7,91,19.1,0.2,66,0.0,11.5,358,0.4013442120787595,-11.4929945107196
2020-03-13 07:00:00,20.9,90,19.3,0.0,50,11.0,11.2,354,1.1707187885977182,-11.13864522812466
2020-03-13 08:00:00,22.3,86,19.9,0.0,42,113.0,10.3,348,2.141490415422927,-10.074920287558198
2020-03-13 09:00:00,24.0,80,20.4,0.0,50,277.0,10.8,339,3.8703738550892486,-10.082668606169776
2020-03-13 10:00:00,25.6,74,20.7,0.0,35,514.0,12.2,336,4.962187045524762,-11.145254583239732
2020-03-13 11:00:00,26.4,71,20.8,0.0,34,609.0,12.7,335,5.36725192410688,-11.510108895365455
2020-03-13 12:00:00,26.9,69,20.7,0.0,51,716.0,14.7,335,6.212488447588278,-13.322724469438755
2020-03-13 13:00:00,27.2,68,20.7,0.0,66,716.0,14.8,337,5.782820701641254,-13.623471831096117
2020-03-13 14:00:00,27.2,67,20.6,0.0,54,689.0,14.9,340,5.096100135552462,-14.001420049710037
2020-03-13 15:00:00,26.6,69,20.5,0.0,36,458.0,15.6,341,5.078863209531645,-14.750089779349343
2020-03-13 16:00:00,26.2,70,20.2,0.0,29,323.0,14.3,342,4.418943019561752,-13.600108183020696
2020-03-13 17:00:00,25.6,71,20.0,0.0,24,187.0,12.7,345,3.2870018728020125,-12.267257993871167
2020-03-13 18:00:00,24.3,77,19.9,0.0,19,27.0,13.1,339,4.69462013904344,-12.22990358711334
2020-03-13 19:00:00,23.2,81,19.8,0.0,9,0.0,13.6,343,3.976255184229225,-13.00574468109728
2020-03-13 20:00:00,22.5,84,19.6,0.0,12,0.0,14.9,340,5.096100135552462,-14.001420049710037
2020-03-13 21:00:00,22.0,85,19.4,0.0,17,0.0,16.9,348,3.5137075748201414,-16.530694452401313
2020-03-13 22:00:00,21.7,86,19.3,0.2,19,0.0,15.9,355,1.385776309687767,-15.839495699658755
2020-03-13 23:00:00,21.4,88,19.3,0.3,31,0.0,14.5,353,1.7671054793746348,-14.39191919879917
2020-03-14 00:00:00,21.3,89,19.3,0.2,34,0.0,14.9,352,2.0736792043049816,-14.754994224249398
2020-03-14 01:00:00,21.1,90,19.4,0.1,55,0.0,16.1,350,2.79573566043758,-15.855404823496553
2020-03-14 02:00:00,20.8,91,19.3,0.3,59,0.0,17.8,352,2.4772811970891726,-17.62677162359995
2020-03-14 03:00:00,20.9,90,19.3,0.3,56,0.0,18.8,355,1.6385279636559764,-18.728460324124818
2020-03-14 04:00:00,20.5,90,18.8,0.6,77,0.0,18.1,355,1.5775189437326156,-18.0311240354606
2020-03-14 05:00:00,20.1,90,18.4,0.6,95,0.0,18.4,357,0.9629815948701764,-18.37478343948416
2020-03-14 06:00:00,19.7,90,18.0,1.2,100,0.0,17.4,353,2.1205265752495617,-17.270303038559003
2020-03-14 07:00:00,19.5,89,17.7,2.2,100,1.0,18.0,358,0.6281909406450148,-17.989034886343724
2020-03-14 08:00:00,19.4,88,17.3,3.1,100,0.0,16.6,358,0.5793316452615137,-16.58988772851699
2020-03-14 09:00:00,19.3,90,17.6,2.2,100,0.0,18.9,352,2.630371608145245,-18.716066499215675
2020-03-14 10:00:00,19.4,90,17.7,1.0,100,1.0,21.6,360,5.290474172316566e-15,-21.6
2020-03-14 11:00:00,19.6,88,17.5,0.4,100,8.0,20.2,4,-1.409080769631331,-20.15079381524845
2020-03-14 12:00:00,20.0,84,17.3,0.2,100,43.0,19.8,1,-0.3455576474582135,-19.79698436409655
2020-03-14 13:00:00,19.5,86,17.1,0.6,100,0.0,19.4,360,4.75162958069173e-15,-19.4
2020-03-14 14:00:00,18.8,88,16.9,0.6,53,0.0,20.5,359,0.3577743319643129,-20.49687775070602
2020-03-14 15:00:00,20.5,76,16.1,0.0,56,222.0,22.7,356,1.583471953991652,-22.644703940898008
2020-03-14 16:00:00,20.9,72,15.6,0.0,56,205.0,23.4,359,0.4083863106324353,-23.396436066659557
2020-03-14 17:00:00,20.4,71,15.1,0.0,54,116.0,22.3,359,0.3891886635514234,-22.296603601987528
2020-03-14 18:00:00,19.7,73,14.7,0.1,27,27.0,19.8,360,4.849601324623519e-15,-19.8
2020-03-14 19:00:00,18.9,76,14.5,0.2,98,0.0,19.5,357,1.020551146737415,-19.47327592771419
2020-03-14 20:00:00,18.3,78,14.3,0.1,100,0.0,19.5,355,1.6995369835793372,-19.42579661278904
2020-03-14 21:00:00,18.2,77,14.2,0.0,100,0.0,19.2,355,1.6733902607550395,-19.126938203361515
2020-03-14 22:00:00,18.1,78,14.1,0.2,78,0.0,19.5,355,1.6995369835793372,-19.42579661278904
2020-03-14 23:00:00,18.1,77,14.0,0.0,53,0.0,18.8,356,1.311421706389562,-18.754204144884696
2020-03-15 00:00:00,18.1,76,13.8,0.0,51,0.0,17.0,355,1.4816476267101917,-16.935309867559674
2020-03-15 01:00:00,18.2,74,13.5,0.0,47,0.0,17.4,353,2.1205265752495617,-17.270303038559003
2020-03-15 02:00:00,18.1,73,13.2,0.0,42,0.0,19.6,354,2.048757880046007,-19.49262914921816
2020-03-15 03:00:00,18.1,70,12.5,0.0,44,0.0,20.9,356,1.4579103012522256,-20.849088650430325
2020-03-15 04:00:00,17.8,69,12.1,0.0,39,0.0,19.8,359,0.3455576474582145,-19.79698436409655
2020-03-15 05:00:00,17.6,69,11.9,0.0,31,0.0,17.3,358,0.6037612929532643,-17.289461307430358
2020-03-15 06:00:00,17.2,71,11.9,0.0,39,0.0,15.5,355,1.350914012588704,-15.441017820422056
2020-03-15 07:00:00,17.3,72,12.1,0.0,26,17.0,14.4,356,1.0044932219154092,-14.36492232374147
2020-03-15 08:00:00,18.3,67,12.1,0.0,22,140.0,14.8,357,0.7745721523955768,-14.779717114367694
2020-03-15 09:00:00,19.4,62,12.0,0.0,16,326.0,14.4,359,0.2513146526968833,-14.397806810252035
2020-03-15 10:00:00,20.3,58,11.9,0.0,16,485.0,12.2,358,0.42577385977051,-12.192568089632967
2020-03-15 11:00:00,21.0,56,12.0,0.0,11,526.0,10.1,354,1.0557374790032994,-10.04467114321956
2020-03-15 12:00:00,21.6,55,12.2,0.0,8,561.0,9.3,344,2.5634274090980904,-8.939733772226367
2020-03-15 13:00:00,22.2,54,12.4,0.0,5,638.0,9.4,342,2.9047597471245084,-8.939931253174443
2020-03-15 14:00:00,22.5,54,12.6,0.0,8,604.0,9.2,349,1.7554427574642109,-9.030970087718508
2020-03-15 15:00:00,22.3,52,11.9,0.0,11,448.0,7.6,355,0.6623836448822031,-7.571079705497266
2020-03-15 16:00:00,21.9,53,11.9,0.0,10,303.0,6.5,357,0.3401837155791384,-6.49109197590473
2020-03-15 17:00:00,21.4,55,12.0,0.0,6,160.0,6.2,10,-1.0766187015349682,-6.10580806867569
2020-03-15 18:00:00,20.7,60,12.6,0.0,1,37.0,5.5,23,-2.149021206691006,-5.062776693988422
2020-03-15 19:00:00,19.7,66,13.2,0.0,4,0.0,6.8,32,-3.603450996785793,-5.766727053863696
2020-03-15 20:00:00,19.0,71,13.6,0.0,11,0.0,6.9,39,-4.342310698243878,-5.3623071340531
2020-03-15 21:00:00,18.7,73,13.8,0.0,12,0.0,5.6,45,-3.9597979746446654,-3.9597979746446654
2020-03-15 22:00:00,18.4,76,14.1,0.0,14,0.0,4.4,55,-3.604268994871564,-2.523736319944603
2020-03-15 23:00:00,18.1,79,14.4,0.0,10,0.0,3.6,53,-2.875087836170254,-2.1665340833473743
2020-03-16 00:00:00,17.9,81,14.6,0.0,5,0.0,4.5,29,-2.1816432911085166,-3.935788682127281
2020-03-16 01:00:00,17.6,83,14.7,0.0,1,0.0,5.5,32,-2.914555953282627,-4.664264528860342
2020-03-16 02:00:00,17.1,86,14.8,0.0,0,0.0,6.1,40,-3.921004419087889,-4.6728711030257655
2020-03-16 03:00:00,16.9,85,14.3,0.0,1,0.0,5.9,38,-3.632402704421384,-4.64926344627966
2020-03-16 04:00:00,16.1,87,14.0,0.0,7,0.0,6.9,28,-3.2393537832226467,-6.092338390726597
2020-03-16 05:00:00,16.1,87,13.9,0.0,10,0.0,6.7,36,-3.93816119035957,-5.420413862312148
2020-03-16 06:00:00,15.9,87,13.7,0.0,12,0.0,6.0,73,-5.737828535778212,-1.7542302283364206
2020-03-16 07:00:00,16.4,87,14.3,0.0,18,20.0,3.6,96,-3.580278823325784,0.3763024677635528
2020-03-16 08:00:00,20.0,72,14.8,0.0,12,161.0,3.6,143,-2.1665340833473734,2.8750878361702545
2020-03-16 09:00:00,21.4,60,13.3,0.0,23,329.0,6.2,190,1.0766187015349689,6.10580806867569
2020-03-16 10:00:00,22.3,55,12.7,0.0,19,419.0,8.0,216,4.702282018339784,6.47213595499958
2020-03-16 11:00:00,23.0,54,13.1,0.0,36,525.0,10.0,229,7.54709580222772,6.560590289905073
2020-03-16 12:00:00,23.4,53,13.3,0.0,56,532.0,10.9,243,9.71197111365321,4.9484964471610615
2020-03-16 13:00:00,23.5,53,13.4,0.0,68,471.0,11.4,259,11.19054989130337,2.1752225472926088
2020-03-16 14:00:00,23.5,55,13.9,0.0,68,464.0,10.8,270,10.8,1.9839278146187122e-15
2020-03-16 15:00:00,23.3,56,14.0,0.0,71,408.0,9.8,278,9.70462707366739,-1.3638963894086416
2020-03-16 16:00:00,22.8,57,14.0,0.0,62,210.0,9.3,286,8.939733772226365,-2.5634274090980944
2020-03-16 17:00:00,22.2,59,13.9,0.0,60,120.0,8.2,299,7.171881598543044,-3.975438886019965
2020-03-16 18:00:00,21.5,62,14.0,0.0,93,33.0,7.2,333,3.2687315981247385,-6.415246974156248
2020-03-16 19:00:00,20.5,67,14.1,0.0,93,0.0,7.6,355,0.6623836448822031,-7.571079705497266
2020-03-16 20:00:00,19.7,71,14.2,0.0,89,0.0,7.0,21,-2.5085756468171017,-6.535062985480412
2020-03-16 21:00:00,19.0,76,14.6,0.0,76,0.0,6.4,38,-3.940233442084213,-5.043268823083021
2020-03-16 22:00:00,18.6,78,14.7,0.0,60,0.0,5.6,50,-4.289848881466277,-3.5996106142446203
2020-03-16 23:00:00,18.0,80,14.5,0.0,50,0.0,5.7,55,-4.669166652447253,-3.2693856872009626
2020-03-17 00:00:00,17.8,80,14.3,0.0,55,0.0,4.1,45,-2.899137802864845,-2.899137802864845
2020-03-17 01:00:00,17.4,81,14.1,0.0,35,0.0,3.8,41,-2.493024310163928,-2.8678964048465336
2020-03-17 02:00:00,17.2,81,14.0,0.0,24,0.0,4.6,45,-3.2526911934581184,-3.2526911934581184
2020-03-17 03:00:00,19.0,72,13.8,0.0,5,0.0,3.7,11,-0.7059932828932158,-3.632020578756357
2020-03-17 04:00:00,18.8,72,13.5,0.0,15,0.0,4.8,347,1.0797650608505536,-4.6769763109691285
2020-03-17 05:00:00,19.5,67,13.3,0.0,32,0.0,4.5,346,1.0886485301985054,-4.366330768241984
2020-03-17 06:00:00,20.1,64,13.1,0.0,11,0.0,2.6,344,0.7166571251241973,-2.499280409439629
2020-03-17 07:00:00,20.1,65,13.3,0.0,8,20.0,1.1,288,1.046162167924669,-0.339918693812442
2020-03-17 08:00:00,21.4,60,13.3,0.0,10,145.0,2.4,243,2.138415658052083,1.0895771993749126
2020-03-17 09:00:00,22.4,57,13.6,0.0,14,309.0,3.7,241,3.236092916415765,1.7937955949114464
2020-03-17 10:00:00,23.1,57,14.2,0.0,24,427.0,5.8,248,5.377666356487366,2.1727182418122912
2020-03-17 11:00:00,23.8,56,14.6,0.0,31,594.0,7.8,257,7.600086505324834,1.7546182238821488
2020-03-17 12:00:00,24.1,56,14.9,0.0,34,651.0,8.0,260,7.878462024097664,1.3891854213354426
2020-03-17 13:00:00,24.3,57,15.2,0.0,32,620.0,9.4,263,9.329933825428428,1.1455718280083835
2020-03-17 14:00:00,24.3,58,15.5,0.0,31,503.0,9.4,274,9.37710207244235,-0.6557108531947771
2020-03-17 15:00:00,24.4,58,15.5,0.0,35,428.0,10.0,291,9.335804264972015,-3.583679495453004
2020-03-17 16:00:00,24.0,59,15.4,0.0,44,200.0,10.6,305,8.683011669463312,-6.079910225321088
2020-03-17 17:00:00,23.3,60,15.2,0.0,56,84.0,10.9,326,6.095202647831138,-9.036509540849956
2020-03-17 18:00:00,22.3,65,15.5,0.0,44,15.0,9.8,343,2.8652427062828245,-9.371786608437748
2020-03-17 19:00:00,21.3,71,15.8,0.0,44,0.0,10.5,352,1.4613175600806918,-10.397814721786489
2020-03-17 20:00:00,20.5,75,16.0,0.0,41,0.0,11.9,357,0.622797879291038,-11.88369146357943
2020-03-17 21:00:00,20.0,78,16.1,0.0,54,0.0,12.6,2,-0.4397336584515122,-12.592324420440606
2020-03-17 22:00:00,19.7,79,15.9,0.0,64,0.0,11.9,5,-1.037153338697132,-11.854716907291772
2020-03-17 23:00:00,19.4,79,15.6,0.0,50,0.0,10.2,8,-1.419565629792667,-10.100734301164016
2020-03-18 00:00:00,19.1,79,15.4,0.0,52,0.0,7.2,6,-0.7526049355271051,-7.160557646651568
2020-03-18 01:00:00,18.9,80,15.3,0.0,25,0.0,5.9,346,1.4273391840380405,-5.72474478502838
2020-03-18 02:00:00,18.7,80,15.1,0.0,23,0.0,5.9,346,1.4273391840380405,-5.72474478502838
2020-03-18 03:00:00,18.8,84,15.9,0.0,17,0.0,6.4,344,1.764079077228793,-6.1520748540052415
2020-03-18 04:00:00,18.3,86,15.9,0.0,18,0.0,5.5,337,2.1490212066910064,-5.062776693988422
2020-03-18 05:00:00,18.1,87,16.0,0.0,28,0.0,6.0,327,3.267834210090162,-5.032023407672544
2020-03-18 06:00:00,18.7,84,15.9,0.0,45,0.0,5.9,346,1.4273391840380405,-5.72474478502838
2020-03-18 07:00:00,19.6,80,16.0,0.0,36,17.0,2.1,329,1.0815799573111144,-1.8000513314744355
2020-03-18 08:00:00,21.0,70,15.3,0.0,19,101.0,1.3,214,0.7269507745119708,1.0777488443215544
2020-03-18 09:00:00,22.2,64,15.1,0.0,22,228.0,4.4,261,4.345828698618606,0.6883116461770166
2020-03-18 10:00:00,23.0,63,15.5,0.0,39,327.0,4.7,266,4.688551036221174,0.3278554265973902
2020-03-18 11:00:00,23.6,62,16.0,0.0,46,404.0,5.8,266,5.78587149150698,0.4045875477159283
2020-03-18 12:00:00,24.1,62,16.4,0.2,37,415.0,6.1,267,6.0916401620029,0.3192493330819602
2020-03-18 13:00:00,24.3,62,16.7,0.0,76,387.0,7.9,286,7.593967397912719,-2.1775351109542957
2020-03-18 14:00:00,24.6,62,16.9,0.0,85,315.0,9.7,318,6.490566881680923,-7.208504807130724
2020-03-18 15:00:00,23.8,69,17.9,0.5,91,98.0,14.0,334,6.137196055047089,-12.583116648188335
2020-03-18 16:00:00,23.1,73,18.1,0.2,97,61.0,13.8,353,1.681796938991032,-13.697136892650246
2020-03-18 17:00:00,22.6,76,18.1,0.0,100,24.0,10.9,8,-1.5169868004647131,-10.793921949283115
2020-03-18 18:00:00,22.2,79,18.3,0.1,99,1.0,9.1,9,-1.4235536318661008,-8.987963899415753
2020-03-18 19:00:00,21.7,81,18.4,0.2,66,0.0,6.9,39,-4.342310698243878,-5.3623071340531
2020-03-18 20:00:00,21.4,84,18.5,0.1,82,0.0,5.8,68,-5.377666356487367,-2.172718241812289
2020-03-18 21:00:00,21.2,85,18.6,0.2,86,0.0,0.7,180,-8.572527594031472e-17,0.7
2020-03-18 22:00:00,20.7,89,18.8,0.3,72,0.0,3.9,292,3.616017032810471,-1.460965714322057
2020-03-18 23:00:00,20.3,91,18.7,0.4,73,0.0,5.9,313,4.3149868395531055,-4.023790324368742
2020-03-19 00:00:00,19.9,92,18.6,0.6,66,0.0,8.2,331,3.9754388860199614,-7.171881598543045
2020-03-19 01:00:00,19.8,93,18.6,0.2,64,0.0,7.0,339,2.508575646817105,-6.535062985480411
2020-03-19 02:00:00,19.5,92,18.3,0.2,73,0.0,6.7,344,1.8467702839738929,-6.440453362786736
2020-03-19 03:00:00,20.0,94,18.9,0.0,67,0.0,6.0,343,1.7542302283364228,-5.737828535778212
2020-03-19 04:00:00,19.8,93,18.6,0.0,62,0.0,6.7,344,1.8467702839738929,-6.440453362786736
2020-03-19 05:00:00,19.6,93,18.4,0.0,67,0.0,7.2,3,-0.3768188849491956,-7.190132650232932
2020-03-19 06:00:00,19.6,92,18.3,0.0,50,0.0,8.3,18,-2.564841053312064,-7.893769085249775
2020-03-19 07:00:00,20.1,92,18.8,0.0,52,18.0,6.3,24,-2.5624408513775414,-5.755336383148386
2020-03-19 08:00:00,22.5,83,19.4,0.0,38,105.0,5.8,360,1.4205902870109297e-15,-5.8
2020-03-19 09:00:00,23.8,76,19.3,0.0,36,232.0,8.3,342,2.564841053312066,-7.893769085249775
2020-03-19 10:00:00,24.4,76,19.8,0.4,47,342.0,8.5,348,1.767249371950959,-8.314254606237347
2020-03-19 11:00:00,25.0,74,19.9,0.2,29,407.0,6.1,357,0.3192493330819606,-6.0916401620029
2020-03-19 12:00:00,25.1,75,20.2,0.4,17,263.0,6.5,326,3.6347538725598527,-5.388744221607772
2020-03-19 13:00:00,25.3,74,20.3,0.3,26,271.0,9.2,312,6.836932394392029,-6.156001578501491
2020-03-19 14:00:00,25.5,72,20.1,0.2,31,287.0,11.2,320,7.199221228489243,-8.57969776293255
2020-03-19 15:00:00,25.8,68,19.4,0.0,30,316.0,12.9,330,6.4500000000000055,-11.171727708819256
2020-03-19 16:00:00,25.3,69,19.3,0.0,37,163.0,13.3,341,4.330056454280184,-12.575397055470916
2020-03-19 17:00:00,24.8,72,19.3,0.0,45,122.0,13.4,346,3.2417534010355493,-13.001962732098352
2020-03-19 18:00:00,23.9,75,19.3,0.0,60,12.0,12.3,355,1.0720156357961974,-12.253194786528471
2020-03-19 19:00:00,23.2,78,19.2,0.0,51,0.0,12.6,358,0.4397336584515103,-12.592324420440606
2020-03-19 20:00:00,22.6,82,19.4,0.0,44,0.0,12.6,357,0.659433048661099,-12.58273213790763
2020-03-19 21:00:00,22.1,85,19.5,0.0,56,0.0,10.7,346,2.588564282916446,-10.382164271153162
2020-03-19 22:00:00,21.7,88,19.6,0.0,32,0.0,11.2,339,4.013721034907368,-10.456100776768656
2020-03-19 23:00:00,21.5,90,19.7,0.0,64,0.0,10.8,345,2.7952456871072235,-10.431998923921938
2020-03-20 00:00:00,21.3,90,19.5,0.0,49,0.0,9.1,353,1.1090110249868397,-9.03216997993603
2020-03-20 01:00:00,21.2,88,19.2,0.0,65,0.0,10.7,348,2.2246550917500305,-10.46617932785172
2020-03-20 02:00:00,20.9,89,19.1,0.0,42,0.0,12.9,347,2.9018686010358627,-12.569373835729534
2020-03-20 03:00:00,21.4,89,19.6,0.0,25,0.0,14.3,350,2.4831689406371047,-14.082750868074577
2020-03-20 04:00:00,21.2,89,19.3,0.0,26,0.0,11.5,356,0.8021994480574448,-11.47198657798798
2020-03-20 05:00:00,20.9,89,19.0,0.0,17,0.0,9.4,353,1.145571828008384,-9.329933825428428
2020-03-20 06:00:00,20.7,89,18.9,0.0,19,0.0,9.0,355,0.7844016847289249,-8.96575228282571
2020-03-20 07:00:00,21.0,89,19.2,0.0,26,24.0,9.0,355,0.7844016847289249,-8.96575228282571
2020-03-20 08:00:00,22.6,82,19.3,0.0,48,117.0,7.4,346,1.7902220274375422,-7.180188374442374
2020-03-20 09:00:00,23.8,75,19.1,0.0,53,247.0,6.2,339,2.2218812871808646,-5.78819864428265
2020-03-20 10:00:00,24.9,68,18.5,0.0,47,394.0,2.9,330,1.4500000000000013,-2.5114736709748717
2020-03-20 11:00:00,25.8,64,18.4,0.0,53,553.0,4.4,279,4.345828698618607,-0.688311646177015
2020-03-20 12:00:00,26.4,62,18.6,0.0,35,620.0,7.1,285,6.858073366652386,-1.837615220227894
2020-03-20 13:00:00,26.5,62,18.7,0.0,34,591.0,8.9,302,7.547628055792193,-4.716281451675522
2020-03-20 14:00:00,26.3,64,18.9,0.0,32,550.0,10.2,321,6.4190679887083455,-7.9268888068611
2020-03-20 15:00:00,26.1,65,19.0,0.0,36,378.0,10.5,333,4.766900247265244,-9.355568503977862
2020-03-20 16:00:00,25.6,67,19.0,0.0,36,221.0,9.1,342,2.812054648812024,-8.654614298285896
2020-03-20 17:00:00,25.2,69,19.0,0.0,51,116.0,7.6,355,0.6623836448822031,-7.571079705497266
2020-03-20 18:00:00,24.5,72,19.1,0.0,49,37.0,7.6,357,0.3977532674463772,-7.589584464134761
2020-03-20 19:00:00,23.7,76,19.3,0.0,40,0.0,8.0,350,1.389185421335443,-7.878462024097664
2020-03-20 20:00:00,22.9,81,19.5,0.0,23,0.0,8.4,350,1.4586446924022154,-8.272385125302547
2020-03-20 21:00:00,22.1,86,19.7,0.0,40,0.0,9.4,353,1.145571828008384,-9.329933825428428
2020-03-20 22:00:00,21.6,89,19.7,0.0,36,0.0,9.4,353,1.145571828008384,-9.329933825428428
2020-03-20 23:00:00,20.8,93,19.7,0.0,35,0.0,9.0,358,0.3140954703225074,-8.994517443171862
2020-03-21 00:00:00,20.2,97,19.6,0.0,29,0.0,7.9,360,1.934941942652818e-15,-7.9
2020-03-21 01:00:00,19.9,97,19.4,0.0,30,0.0,7.6,3,-0.3977532674463731,-7.589584464134761
2020-03-21 02:00:00,19.8,97,19.3,0.0,49,0.0,7.9,360,1.934941942652818e-15,-7.9
2020-03-21 03:00:00,20.1,96,19.4,0.0,45,0.0,7.9,360,1.934941942652818e-15,-7.9
2020-03-21 04:00:00,19.9,96,19.3,0.0,28,0.0,6.8,360,1.6655196468404002e-15,-6.8
2020-03-21 05:00:00,19.8,96,19.2,0.0,28,0.0,6.5,357,0.3401837155791384,-6.49109197590473
2020-03-21 06:00:00,19.5,97,19.0,0.0,29,0.0,6.8,360,1.6655196468404002e-15,-6.8
2020-03-21 07:00:00,20.0,97,19.4,0.0,29,15.0,8.0,8,-1.1133848076805235,-7.922144549932563
2020-03-21 08:00:00,22.1,90,20.3,0.0,28,71.0,5.8,7,-0.7068421917498553,-5.756767679519667
2020-03-21 09:00:00,23.9,79,20.0,0.0,30,249.0,4.0,360,9.797174393178826e-16,-4.0
2020-03-21 10:00:00,25.3,71,19.7,0.0,30,459.0,3.1,315,2.192031021678298,-2.192031021678297
2020-03-21 11:00:00,26.2,67,19.7,0.0,29,608.0,4.5,284,4.366330768241984,-1.0886485301985034
2020-03-21 12:00:00,26.9,66,19.9,0.0,30,625.0,6.5,276,6.464392319893777,-0.6794350112397444
2020-03-21 13:00:00,27.1,65,20.0,0.0,29,707.0,8.6,272,8.594761112364223,-0.300135671641511
2020-03-21 14:00:00,27.2,65,20.0,0.0,7,642.0,9.0,268,8.994517443171862,0.3140954703225068
2020-03-21 15:00:00,27.0,66,20.0,0.0,4,570.0,7.7,259,7.558529312547013,1.4692292643993936
2020-03-21 16:00:00,26.8,66,19.9,0.0,4,392.0,6.4,243,5.702441754805554,2.9055391983331003
2020-03-21 17:00:00,26.3,67,19.7,0.0,24,204.0,7.4,227,5.412017391981862,5.04678786446249
2020-03-21 18:00:00,25.2,72,19.9,0.0,20,39.0,5.7,252,5.421022142882375,1.7613968679372012
2020-03-21 19:00:00,24.2,78,20.0,0.0,14,0.0,6.5,251,6.14587074139556,2.116193003971518
2020-03-21 20:00:00,23.6,81,20.2,0.0,1,0.0,7.5,253,7.172285669722765,2.192787785420528
2020-03-21 21:00:00,23.2,85,20.5,0.0,0,0.0,7.2,267,7.190132650232932,0.376818884949199
2020-03-21 22:00:00,22.6,89,20.7,0.0,1,0.0,6.8,273,6.790680836331102,-0.3558845024520188
2020-03-21 23:00:00,21.9,93,20.7,0.0,2,0.0,6.5,273,6.49109197590473,-0.3401837155791356
2020-03-22 00:00:00,21.5,95,20.6,0.0,1,0.0,5.8,263,5.756767679519668,0.7068421917498535
2020-03-22 01:00:00,21.2,96,20.5,0.0,1,0.0,5.5,247,5.062776693988422,2.149021206691006
2020-03-22 02:00:00,21.1,96,20.5,0.0,4,0.0,5.7,235,4.669166652447252,3.2693856872009643
2020-03-22 03:00:00,20.3,96,19.7,0.0,1,0.0,6.9,223,4.705788684431239,5.0463405411722775
2020-03-22 04:00:00,20.1,97,19.6,0.0,53,0.0,7.4,231,5.750880114781583,4.656970893768801
2020-03-22 05:00:00,20.0,97,19.6,0.0,74,0.0,7.6,245,6.887939181478541,3.2118987892293136
2020-03-22 06:00:00,20.1,98,19.7,0.0,3,0.0,7.6,239,6.514471485336052,3.914289369316413
2020-03-22 07:00:00,21.4,97,20.9,0.0,5,27.0,4.7,238,3.985826051935202,2.490620541896064
2020-03-22 08:00:00,24.3,86,21.9,0.0,3,166.0,4.3,246,3.928245467863184,1.7489675652259404
2020-03-22 09:00:00,25.6,79,21.6,0.0,18,332.0,6.6,241,5.772490067120012,3.199743493625823
2020-03-22 10:00:00,26.6,74,21.6,0.0,31,489.0,7.8,248,7.232034065620941,2.921931428644116
2020-03-22 11:00:00,27.2,72,21.7,0.0,39,497.0,8.4,260,8.272385125302547,1.458644692402215
2020-03-22 12:00:00,27.6,70,21.7,0.0,48,622.0,8.6,270,8.6,1.5797943709000857e-15
2020-03-22 13:00:00,27.9,69,21.8,0.0,19,619.0,9.8,276,9.74631457460908,-1.0243789400229992
2020-03-22 14:00:00,27.9,70,21.9,0.0,18,593.0,10.0,283,9.743700647852352,-2.249510543438649
2020-03-22 15:00:00,27.6,71,21.8,0.2,23,536.0,10.0,285,9.659258262890685,-2.588190451025203
2020-03-22 16:00:00,27.4,71,21.7,0.0,19,380.0,8.8,279,8.691657397237213,-1.37662329235403
2020-03-22 17:00:00,26.7,74,21.7,0.0,19,192.0,8.6,270,8.6,1.5797943709000857e-15
2020-03-22 18:00:00,25.6,80,21.8,0.0,1,44.0,8.0,278,7.922144549932563,-1.1133848076805235
2020-03-22 19:00:00,24.3,87,21.9,0.0,0,0.0,8.0,278,7.922144549932563,-1.1133848076805235
2020-03-22 20:00:00,23.6,90,21.9,0.0,0,0.0,7.3,279,7.210124886344506,-1.141971594793684
2020-03-22 21:00:00,23.0,93,21.9,0.0,0,0.0,7.3,281,7.165878439167946,-1.392905666248779
2020-03-22 22:00:00,22.3,96,21.7,0.0,0,0.0,6.2,291,5.788198644282651,-2.2218812871808624
2020-03-22 23:00:00,21.6,97,21.2,0.0,22,0.0,5.9,322,3.632402704421384,-4.64926344627966
2020-03-23 00:00:00,21.3,97,20.8,0.0,22,0.0,6.4,344,1.764079077228793,-6.1520748540052415
2020-03-23 01:00:00,20.6,97,20.2,0.0,22,0.0,7.4,346,1.7902220274375422,-7.180188374442374
2020-03-23 02:00:00,20.9,96,20.3,0.0,21,0.0,10.0,339,3.583679495453008,-9.335804264972015
2020-03-23 03:00:00,21.4,94,20.4,0.0,2,0.0,11.6,344,3.1973933274771875,-11.1506356728845
2020-03-23 04:00:00,21.5,94,20.4,0.0,3,0.0,11.6,344,3.1973933274771875,-11.1506356728845
2020-03-23 05:00:00,21.5,94,20.6,0.0,2,0.0,12.1,343,3.5376976271451195,-11.571287547152728
2020-03-23 06:00:00,21.4,95,20.6,0.0,0,0.0,11.4,349,2.175222547292609,-11.19054989130337
2020-03-23 07:00:00,21.9,96,21.2,0.0,0,31.0,11.0,341,3.5812496990287235,-10.400704331592486
2020-03-23 08:00:00,23.6,88,21.6,0.0,0,183.0,10.5,338,3.93336923086708,-9.735430472951268
2020-03-23 09:00:00,25.1,80,21.4,0.0,0,379.0,10.2,337,3.985457510590593,-9.38914950521489
2020-03-23 10:00:00,26.3,73,21.1,0.0,0,558.0,8.5,332,3.990508283680072,-7.505054539300879
2020-03-23 11:00:00,27.2,68,20.8,0.0,0,683.0,8.7,318,5.821436275322065,-6.46535998165333
2020-03-23 12:00:00,27.8,65,20.7,0.0,5,713.0,10.3,324,6.054188098612476,-8.332875042061959
2020-03-23 13:00:00,28.1,64,20.6,0.0,14,731.0,12.5,327,6.807987937687837,-10.4833820993178
2020-03-23 14:00:00,28.1,64,20.6,0.0,29,662.0,14.8,337,5.782820701641254,-13.623471831096117
2020-03-23 15:00:00,27.8,65,20.6,0.0,19,569.0,15.7,344,4.327506486326883,-15.091808626231606
2020-03-23 16:00:00,27.3,67,20.8,0.0,2,379.0,14.7,349,2.8048922320352063,-14.42991959668066
2020-03-23 17:00:00,26.6,71,21.0,0.0,1,199.0,14.5,346,3.507867486195184,-14.06928803100195
2020-03-23 18:00:00,25.2,78,21.1,0.0,4,44.0,16.2,348,3.3681693912477098,-15.845991131887647
2020-03-23 19:00:00,23.9,83,20.9,0.0,3,0.0,17.7,354,1.8501537998374653,-17.60303754801844
2020-03-23 20:00:00,23.2,86,20.7,0.0,6,0.0,17.4,354,1.8187952608571691,-17.304680979407955
2020-03-23 21:00:00,22.7,87,20.4,0.0,8,0.0,14.8,359,0.2582956152717967,-14.79774588831459
2020-03-23 22:00:00,22.3,88,20.1,0.0,3,0.0,9.7,358,0.3385251180142579,-9.694091022085228
2020-03-23 23:00:00,22.0,88,20.0,0.0,3,0.0,7.8,347,1.7546182238821495,-7.600086505324834
2020-03-24 00:00:00,21.5,90,19.9,0.0,0,0.0,6.3,336,2.562440851377541,-5.755336383148386
2020-03-24 01:00:00,21.3,91,19.8,0.0,0,0.0,10.1,333,4.585304047369425,-8.999165894302514
2020-03-24 02:00:00,21.1,91,19.7,0.0,7,0.0,14.2,344,3.914050452601385,-13.649916082324127
2020-03-24 03:00:00,20.9,92,19.5,0.0,24,0.0,13.7,358,0.4781231048242612,-13.691654330161612
2020-03-24 04:00:00,20.8,91,19.3,0.0,33,0.0,11.5,358,0.4013442120787595,-11.4929945107196
2020-03-24 05:00:00,20.8,90,19.1,0.0,43,0.0,10.5,354,1.0975488643103608,-10.44247990136687
2020-03-24 06:00:00,20.9,89,19.1,0.0,38,0.0,11.2,356,0.781272505934207,-11.17271736291003
2020-03-24 07:00:00,21.4,87,19.1,0.0,42,25.0,11.9,358,0.4153040107597598,-11.89275084152724
2020-03-24 08:00:00,22.7,80,19.2,0.0,31,138.0,9.4,358,0.3280552690035077,-9.3942737739795
2020-03-24 09:00:00,24.0,77,19.7,0.0,43,266.0,7.5,343,2.1927877854205287,-7.172285669722765
2020-03-24 10:00:00,25.2,73,20.0,0.0,37,408.0,7.7,332,3.61493103345136,-6.798696465013738
2020-03-24 11:00:00,26.1,68,19.8,0.0,38,551.0,9.5,323,5.717242719944458,-7.587037345449282
2020-03-24 12:00:00,26.8,66,19.8,0.0,26,638.0,12.4,324,7.28853712842667,-10.031810730249347
2020-03-24 13:00:00,27.1,65,19.8,0.0,27,669.0,15.1,332,7.089020598066951,-13.332508652169798
2020-03-24 14:00:00,27.0,65,19.8,0.0,16,606.0,17.0,339,6.092255142270113,-15.870867250452426
2020-03-24 15:00:00,26.5,66,19.7,0.0,9,478.0,16.8,345,4.348159957722348,-16.22755388165635
2020-03-24 16:00:00,26.3,66,19.6,0.0,11,355.0,16.4,351,2.5655252266597897,-16.198088785760255
2020-03-24 17:00:00,25.8,68,19.5,0.0,11,179.0,15.2,355,1.3247672897644065,-15.142159410994532
2020-03-24 18:00:00,24.7,74,19.8,0.0,8,45.0,14.8,347,3.329275604289207,-14.42067695882148
2020-03-24 19:00:00,23.6,80,19.9,0.0,18,0.0,15.2,353,1.8524140197582375,-15.086701504948095
2020-03-24 20:00:00,22.9,84,20.0,0.0,20,0.0,13.3,360,3.25756048573196e-15,-13.3
2020-03-24 21:00:00,22.4,87,20.0,0.0,19,0.0,9.7,2,-0.3385251180142594,-9.694091022085228
2020-03-24 22:00:00,22.2,88,20.1,0.0,15,0.0,8.3,358,0.2896658226307568,-8.294943864258496
2020-03-24 23:00:00,22.0,90,20.2,0.0,13,0.0,7.6,355,0.6623836448822031,-7.571079705497266
2020-03-25 00:00:00,21.9,91,20.3,0.0,19,0.0,7.6,355,0.6623836448822031,-7.571079705497266
2020-03-25 01:00:00,21.7,92,20.4,0.0,13,0.0,7.3,349,1.392905666248776,-7.165878439167947
2020-03-25 02:00:00,21.3,94,20.3,0.0,17,0.0,7.3,349,1.392905666248776,-7.165878439167947
2020-03-25 03:00:00,21.2,94,20.2,0.0,24,0.0,8.4,350,1.4586446924022154,-8.272385125302547
2020-03-25 04:00:00,21.3,94,20.3,0.0,20,0.0,9.0,355,0.7844016847289249,-8.96575228282571
2020-03-25 05:00:00,21.3,94,20.3,0.0,32,0.0,8.6,2,-0.3001356716415083,-8.594761112364223
2020-03-25 06:00:00,21.2,95,20.3,0.0,28,0.0,10.8,356,0.7533699164365569,-10.773691742806102
2020-03-25 07:00:00,21.7,93,20.5,0.0,23,24.0,11.9,360,2.9146593819707008e-15,-11.9
2020-03-25 08:00:00,23.3,85,20.6,0.0,23,160.0,12.2,360,2.9881381899195417e-15,-12.2
2020-03-25 09:00:00,24.6,77,20.4,0.0,23,359.0,10.8,358,0.3769145643870089,-10.793420931806237
2020-03-25 10:00:00,25.8,72,20.4,0.0,11,541.0,8.8,351,1.3766232923540338,-8.691657397237211
2020-03-25 11:00:00,26.8,68,20.4,0.0,8,653.0,8.9,328,4.716281451675525,-7.54762805579219
2020-03-25 12:00:00,27.4,66,20.5,0.0,5,700.0,10.9,316,7.571776238003074,-7.840803823691295
2020-03-25 13:00:00,27.5,65,20.3,0.0,12,600.0,12.5,314,8.991747504233139,-8.683229630737465
2020-03-25 14:00:00,27.4,65,20.3,0.0,44,529.0,11.7,317,7.979380812731229,-8.556838308944297
2020-03-25 15:00:00,26.6,70,20.6,0.0,47,416.0,10.7,327,5.827637674660788,-8.973775077016036
2020-03-25 16:00:00,26.2,72,20.6,0.0,38,273.0,9.2,339,3.296985135816767,-8.588939923774253
2020-03-25 17:00:00,25.6,74,20.6,0.0,52,128.0,7.1,345,1.8376152202278968,-6.858073366652385
2020-03-25 18:00:00,25.0,77,20.6,0.0,50,24.0,6.4,344,1.764079077228793,-6.1520748540052415
2020-03-25 19:00:00,24.4,80,20.8,0.0,43,0.0,6.9,351,1.0793978087775946,-6.81504955010645
2020-03-25 20:00:00,23.9,84,21.0,0.0,43,0.0,6.8,3,-0.3558845024520181,-6.790680836331102
2020-03-25 21:00:00,23.4,87,21.2,0.0,35,0.0,6.6,9,-1.0324674692655236,-6.518743047927909
2020-03-25 22:00:00,23.1,89,21.2,0.0,24,0.0,7.3,9,-1.1419715947936853,-7.210124886344506
2020-03-25 23:00:00,22.8,91,21.3,0.0,23,0.0,7.2,3,-0.3768188849491956,-7.190132650232932
2020-03-26 00:00:00,22.5,93,21.3,0.0,18,0.0,6.6,13,-1.484676958669509,-6.430842427582553
2020-03-26 01:00:00,22.0,94,21.0,0.0,12,0.0,5.8,30,-2.8999999999999995,-5.022947341949744
2020-03-26 02:00:00,21.8,94,20.9,0.0,10,0.0,3.4,32,-1.8017254983928963,-2.883363526931848
2020-03-26 03:00:00,22.1,93,20.9,0.0,7,0.0,3.3,13,-0.7423384793347545,-3.2154212137912763
2020-03-26 04:00:00,21.0,96,20.4,0.0,14,0.0,5.0,360,1.2246467991473533e-15,-5.0
2020-03-26 05:00:00,20.7,97,20.2,0.0,21,0.0,5.2,16,-1.4333142502483958,-4.998560818879258
2020-03-26 06:00:00,20.7,97,20.3,0.0,8,0.0,6.8,18,-2.1013155617496424,-6.467184310807044
2020-03-26 07:00:00,21.6,96,20.8,0.0,12,21.0,7.2,37,-4.333068166694748,-5.750175672340508
2020-03-26 08:00:00,23.8,85,21.1,0.0,10,115.0,4.3,48,-3.195522749552795,-2.8772616073430903
2020-03-26 09:00:00,25.4,77,21.1,0.0,8,280.0,2.2,9,-0.3441558230885079,-2.1729143493093037
2020-03-26 10:00:00,26.7,71,21.0,0.0,10,496.0,2.9,240,2.511473670974872,1.4500000000000013
2020-03-26 11:00:00,27.8,67,21.0,0.0,11,613.0,7.7,217,4.633975678270772,6.149493427364155
2020-03-26 12:00:00,28.4,64,20.9,0.0,22,593.0,12.1,217,7.281961780139786,9.663489671572243
2020-03-26 13:00:00,28.7,62,20.7,0.0,13,506.0,15.0,210,7.500000000000002,12.990381056766578
2020-03-26 14:00:00,29.1,60,20.4,0.0,14,434.0,17.0,201,6.0922551422701074,15.870867250452427
2020-03-26 15:00:00,29.6,57,20.1,0.0,8,459.0,18.5,193,4.161594505361502,18.025846198526853
2020-03-26 16:00:00,29.6,56,19.8,0.0,8,377.0,19.9,185,1.734399280678393,19.824274492025737
2020-03-26 17:00:00,29.1,59,20.2,0.0,6,208.0,18.4,182,0.6421507393260165,18.38879121715136
2020-03-26 18:00:00,27.9,64,20.3,0.0,3,48.0,15.5,183,0.8112073217656253,15.478757788695894
2020-03-26 19:00:00,26.9,69,20.6,0.0,5,0.0,12.7,187,1.5477406612453708,12.60533612584479
2020-03-26 20:00:00,26.1,73,20.9,0.0,5,0.0,9.0,178,-0.3140954703225103,8.994517443171862
2020-03-26 21:00:00,25.6,77,21.2,0.0,2,0.0,5.4,143,-3.2498011250210603,4.312631754255382
2020-03-26 22:00:00,25.1,79,21.3,0.0,5,0.0,3.3,77,-3.2154212137912763,-0.7423384793347542
2020-03-26 23:00:00,24.2,85,21.5,0.0,9,0.0,3.5,66,-3.197409101749103,-1.4235782507653008
2020-03-27 00:00:00,23.4,88,21.3,0.0,14,0.0,5.7,125,-4.669166652447252,3.269385687200963
2020-03-27 01:00:00,23.3,87,21.0,0.0,5,0.0,11.0,157,-4.298042413382012,10.125553387976844
2020-03-27 02:00:00,23.4,86,21.0,0.0,5,0.0,10.2,170,-1.7712114122026887,10.04503908072452
2020-03-27 03:00:00,23.3,86,20.8,0.0,15,0.0,10.0,165,-2.58819045102521,9.65925826289068
2020-03-27 04:00:00,23.3,85,20.7,0.0,17,0.0,10.1,163,-2.95295421769964,9.65867803522666
2020-03-27 05:00:00,23.2,86,20.8,0.0,24,0.0,9.3,167,-2.0920448053979466,9.061641602502688
2020-03-27 06:00:00,23.2,87,20.9,0.0,37,0.0,8.8,168,-1.829622879196282,8.607698886457491
2020-03-27 07:00:00,24.0,85,21.2,0.0,32,34.0,8.9,159,-3.189474750953172,8.308865795825096
2020-03-27 08:00:00,25.7,78,21.5,0.0,28,167.0,7.6,161,-2.47431797387439,7.185941174554808
2020-03-27 09:00:00,26.9,73,21.7,0.0,21,317.0,9.9,170,-1.7191169589026098,9.74959675482086
2020-03-27 10:00:00,27.9,70,22.0,0.0,22,484.0,10.9,188,1.5169868004647142,10.793921949283115
2020-03-27 11:00:00,28.5,69,22.2,0.0,27,523.0,11.9,205,5.029157314714322,10.785062665736136
2020-03-27 12:00:00,28.5,70,22.5,0.1,26,548.0,12.6,211,6.489479743866682,10.800307988846615
2020-03-27 13:00:00,27.8,73,22.6,0.3,35,502.0,12.7,205,5.36725192410688,11.510108895365455
2020-03-27 14:00:00,26.8,78,22.6,2.4,18,509.0,12.1,190,2.1011429497698586,11.916173811447717
2020-03-27 15:00:00,28.3,71,22.5,0.0,12,463.0,12.1,192,2.51573145889489,11.835585968879046
2020-03-27 16:00:00,27.9,71,22.2,0.2,16,361.0,13.5,189,2.111865278043114,13.33379259803436
2020-03-27 17:00:00,27.2,72,21.7,0.0,19,159.0,14.4,179,-0.2513146526968815,14.397806810252035
2020-03-27 18:00:00,26.6,73,21.4,0.0,8,41.0,8.8,171,-1.3766232923540327,8.691657397237211
2020-03-27 19:00:00,25.8,76,21.4,0.0,5,0.0,8.5,168,-1.767249371950954,8.314254606237348
2020-03-27 20:00:00,25.3,80,21.6,0.0,5,0.0,6.7,164,-1.8467702839738949,6.440453362786736
2020-03-27 21:00:00,25.0,83,21.8,0.0,12,0.0,4.8,167,-1.079765060850553,4.6769763109691285
2020-03-27 22:00:00,24.6,85,22.0,0.0,10,0.0,3.8,131,-2.867896404846534,2.493024310163927
2020-03-27 23:00:00,24.3,88,22.2,0.0,11,0.0,3.2,117,-2.8512208774027776,1.4527695991665497
2020-03-28 00:00:00,23.8,90,22.2,0.0,45,0.0,5.4,8,-0.7515347451843534,-5.34744757120448
2020-03-28 01:00:00,22.9,94,21.9,0.3,88,0.0,10.8,356,0.7533699164365569,-10.773691742806102
2020-03-28 02:00:00,22.1,95,21.3,1.2,92,0.0,13.4,352,1.8649195528648828,-13.26959212113704
2020-03-28 03:00:00,20.9,91,19.3,0.6,73,0.0,11.3,351,1.7677094549546115,-11.160878248725057
2020-03-28 04:00:00,20.9,91,19.3,0.6,100,0.0,7.9,336,3.213219480298821,-7.217009115376548
2020-03-28 05:00:00,20.9,90,19.2,1.2,100,0.0,6.5,326,3.6347538725598527,-5.388744221607772
2020-03-28 06:00:00,20.8,91,19.4,1.5,100,0.0,9.0,299,7.871577364254561,-4.363286582217036
2020-03-28 07:00:00,21.1,91,19.6,1.2,100,12.0,6.1,310,4.672871103025766,-3.921004419087889
2020-03-28 08:00:00,21.7,87,19.4,0.6,100,36.0,4.1,38,-2.524212048835199,-3.2308440897875594
2020-03-28 09:00:00,22.9,81,19.6,0.2,100,78.0,3.6,37,-2.166534083347374,-2.875087836170254
2020-03-28 10:00:00,24.4,76,19.9,0.0,91,130.0,4.1,38,-2.524212048835199,-3.2308440897875594
2020-03-28 11:00:00,26.0,70,20.1,0.0,100,390.0,6.3,347,1.4171916423663515,-6.1385314081469815
2020-03-28 12:00:00,27.0,69,20.7,0.1,100,715.0,10.2,342,3.151973342624466,-9.700776466210565
2020-03-28 13:00:00,25.6,73,20.5,1.9,100,660.0,16.2,347,3.6442070803706175,-15.784795049520808
2020-03-28 14:00:00,25.5,75,20.8,0.2,86,336.0,21.3,349,4.064231601520402,-20.908659007435244
2020-03-28 15:00:00,24.9,76,20.4,0.1,21,363.0,22.3,358,0.7782587764657684,-22.28641544252584
2020-03-28 16:00:00,24.4,75,19.6,0.1,11,291.0,23.1,358,0.806178373827769,-23.085928104141114
2020-03-28 17:00:00,23.3,75,18.6,0.0,1,187.0,24.9,355,2.170177994416692,-24.805247982484463
2020-03-28 18:00:00,21.8,77,17.5,0.0,5,51.0,24.9,356,1.7369361962287282,-24.839344851469622
2020-03-28 19:00:00,20.7,77,16.6,0.0,6,0.0,24.9,356,1.7369361962287282,-24.839344851469622
2020-03-28 20:00:00,20.1,77,16.0,0.0,6,0.0,26.3,356,1.834595259470504,-26.23593452183338
2020-03-28 21:00:00,19.7,77,15.5,0.0,5,0.0,26.3,359,0.4589982893005576,-26.29599438261309
2020-03-28 22:00:00,19.5,76,15.2,0.0,3,0.0,25.2,360,6.17221986770266e-15,-25.2
2020-03-28 23:00:00,19.2,76,15.0,0.0,1,0.0,23.4,359,0.4083863106324353,-23.396436066659557
2020-03-29 00:00:00,19.0,77,14.8,0.0,1,0.0,22.0,356,1.534642422370764,-21.94640910571613
2020-03-29 01:00:00,18.8,77,14.7,0.0,5,0.0,20.9,356,1.4579103012522256,-20.849088650430325
2020-03-29 02:00:00,18.6,77,14.5,0.0,4,0.0,19.5,355,1.6995369835793372,-19.42579661278904
2020-03-29 03:00:00,18.4,78,14.5,0.0,13,0.0,18.4,354,1.9233237241248229,-18.299202874776228
2020-03-29 04:00:00,18.2,79,14.5,0.0,29,0.0,17.7,355,1.5426566466335525,-17.632646156223895
2020-03-29 05:00:00,18.1,80,14.5,0.0,23,0.0,16.2,359,0.2827289842839937,-16.197532661533536
2020-03-29 06:00:00,18.0,80,14.5,0.0,23,0.0,15.5,4,-1.0812253430339422,-15.462242779027276
2020-03-29 07:00:00,18.8,77,14.7,0.0,30,42.0,15.1,1,-0.263531337202981,-15.097700196861508
2020-03-29 08:00:00,20.4,71,14.9,0.0,32,194.0,13.7,355,1.1940336756429188,-13.647867363856914
2020-03-29 09:00:00,21.8,68,15.6,0.0,28,400.0,11.0,349,2.098898949141992,-10.797899017924305
2020-03-29 10:00:00,22.9,66,16.1,0.0,30,574.0,9.2,334,4.033014550459515,-8.268905225952334
2020-03-29 11:00:00,23.8,64,16.5,0.0,22,698.0,9.1,326,5.088655421583794,-7.54424191025088
2020-03-29 12:00:00,24.5,62,16.8,0.0,6,781.0,8.7,322,5.3562548353332256,-6.855693556378481
2020-03-29 13:00:00,25.0,61,17.0,0.0,6,757.0,8.9,317,6.069785404556234,-6.50904794441062
2020-03-29 14:00:00,25.1,61,17.1,0.0,2,698.0,10.0,311,7.547095802227722,-6.56059028990507
2020-03-29 15:00:00,24.7,63,17.2,0.0,3,590.0,9.9,314,7.121464023352646,-6.877117867544073
2020-03-29 16:00:00,24.4,64,17.2,0.0,3,424.0,9.4,310,7.200817765318394,-6.042203531053469
2020-03-29 17:00:00,23.7,66,17.1,0.0,3,221.0,10.2,315,7.212489168102786,-7.212489168102782
2020-03-29 18:00:00,22.7,71,17.1,0.0,6,55.0,11.7,326,6.542556970607735,-9.69973959889399
2020-03-29 19:00:00,21.5,76,17.0,0.0,23,0.0,14.7,338,5.506716923213912,-13.629602662131774
2020-03-29 20:00:00,21.0,77,16.8,0.0,33,0.0,14.4,356,1.0044932219154092,-14.36492232374147
2020-03-29 21:00:00,20.7,78,16.7,0.0,38,0.0,12.6,2,-0.4397336584515122,-12.592324420440606
2020-03-29 22:00:00,20.4,79,16.6,0.0,34,0.0,11.6,353,1.4136843834997077,-11.513535359039336
2020-03-29 23:00:00,20.3,79,16.6,0.0,36,0.0,13.4,346,3.2417534010355493,-13.001962732098352
2020-03-30 00:00:00,20.2,80,16.6,0.0,39,0.0,12.8,349,2.442355140819772,-12.5648279481301
2020-03-30 01:00:00,20.2,80,16.6,0.0,39,0.0,9.5,351,1.4861274178821953,-9.383039235653808
2020-03-30 02:00:00,20.0,81,16.6,0.0,42,0.0,10.8,339,3.8703738550892486,-10.082668606169776
2020-03-30 03:00:00,19.7,84,17.0,0.1,45,0.0,11.4,349,2.175222547292609,-11.19054989130337
2020-03-30 04:00:00,19.6,85,17.1,0.0,42,0.0,9.4,358,0.3280552690035077,-9.3942737739795
2020-03-30 05:00:00,19.4,86,17.0,0.0,38,0.0,7.6,3,-0.3977532674463731,-7.589584464134761
2020-03-30 06:00:00,19.2,88,17.1,0.0,39,0.0,7.3,11,-1.392905666248777,-7.165878439167947
2020-03-30 07:00:00,19.9,87,17.7,0.0,52,42.0,7.7,349,1.469229264399394,-7.558529312547013
2020-03-30 08:00:00,21.8,78,17.7,0.0,32,193.0,5.0,360,1.2246467991473533e-15,-5.0
2020-03-30 09:00:00,23.4,70,17.7,0.0,21,330.0,2.3,18,-0.710739087062379,-2.1874299874788528
2020-03-30 10:00:00,24.7,66,17.9,0.0,10,532.0,4.2,301,3.600102662948872,-2.163159914622228
2020-03-30 11:00:00,25.8,63,18.2,0.0,18,705.0,7.6,301,6.5144714853360535,-3.9142893693164114
2020-03-30 12:00:00,26.2,62,18.3,0.0,27,720.0,8.7,312,6.465359981653332,-5.821436275322062
2020-03-30 13:00:00,26.4,62,18.5,0.0,31,638.0,9.2,321,5.789747597658508,-7.149742845404129
2020-03-30 14:00:00,26.3,63,18.7,0.0,30,528.0,11.3,329,5.819930246483616,-9.685990497933869
2020-03-30 15:00:00,25.9,66,19.0,0.0,51,467.0,12.8,338,4.794964395723678,-11.867953338454878
2020-03-30 16:00:00,25.1,69,19.1,0.1,46,221.0,13.7,346,3.3143299697154496,-13.293051449981151
2020-03-30 17:00:00,24.3,73,19.1,0.0,42,124.0,14.1,357,0.7379369830255156,-14.080676440039491
2020-03-30 18:00:00,23.5,77,19.2,0.0,46,26.0,13.0,3,-0.6803674311582698,-12.98218395180946
2020-03-30 19:00:00,22.7,81,19.3,0.0,23,0.0,11.9,358,0.4153040107597598,-11.89275084152724
2020-03-30 20:00:00,22.1,84,19.3,0.0,6,0.0,13.0,357,0.6803674311582768,-12.98218395180946
2020-03-30 21:00:00,21.7,86,19.2,0.0,8,0.0,14.4,356,1.0044932219154092,-14.36492232374147
2020-03-30 22:00:00,21.5,86,19.1,0.0,16,0.0,15.5,356,1.0812253430339474,-15.462242779027276
2020-03-30 23:00:00,21.2,87,18.9,0.0,25,0.0,14.4,359,0.2513146526968833,-14.397806810252035
2020-03-31 00:00:00,21.0,87,18.8,0.0,29,0.0,13.4,355,1.1678869528186215,-13.34900895442939
2020-03-31 01:00:00,20.9,87,18.7,0.0,37,0.0,13.0,354,1.3588700224794945,-12.928784639787551
2020-03-31 02:00:00,20.9,88,18.7,0.0,37,0.0,13.0,355,1.1330246557195582,-12.950531075192693
2020-03-31 03:00:00,20.8,88,18.7,0.0,53,0.0,11.5,4,-0.802199448057441,-11.47198657798798
2020-03-31 04:00:00,20.9,87,18.6,0.0,60,0.0,9.9,10,-1.7191169589026103,-9.74959675482086
2020-03-31 05:00:00,21.0,86,18.6,0.0,56,0.0,8.3,2,-0.2896658226307581,-8.294943864258496
2020-03-31 06:00:00,21.1,86,18.8,0.0,47,0.0,10.3,348,2.141490415422927,-10.074920287558198
2020-03-31 07:00:00,21.8,85,19.1,0.0,71,31.0,12.7,345,3.2870018728020125,-12.267257993871167
2020-03-31 08:00:00,22.9,80,19.2,0.0,45,122.0,11.3,353,1.3771235804781636,-11.21577151354694
2020-03-31 09:00:00,24.3,74,19.4,0.0,25,285.0,8.0,352,1.113384807680527,-7.922144549932562
2020-03-31 10:00:00,25.6,71,20.0,0.0,32,457.0,4.7,328,2.490620541896064,-3.985826051935202
2020-03-31 11:00:00,26.6,70,20.6,0.0,17,553.0,4.3,270,4.3,7.898971854500429e-16
2020-03-31 12:00:00,27.5,67,20.8,0.0,16,638.0,7.9,267,7.889173324561134,0.41345405431926
2020-03-31 13:00:00,27.7,66,20.7,0.0,9,699.0,9.1,279,8.987963899415753,-1.423553631866099
2020-03-31 14:00:00,27.5,66,20.7,0.0,3,560.0,8.0,288,7.608452130361229,-2.472135954999578
2020-03-31 15:00:00,27.4,66,20.6,0.0,12,559.0,8.4,290,7.893418014601631,-2.87296920393562
2020-03-31 16:00:00,26.7,69,20.5,0.0,13,366.0,12.1,300,10.478907385791707,-6.050000000000002
2020-03-31 17:00:00,25.7,72,20.2,0.0,13,208.0,12.2,317,8.320379992762478,-8.922515159753882
2020-03-31 18:00:00,24.6,76,20.1,0.0,20,44.0,10.2,342,3.151973342624466,-9.700776466210565
2020-03-31 19:00:00,23.8,80,20.1,0.0,11,0.0,7.7,349,1.469229264399394,-7.558529312547013
2020-03-31 20:00:00,23.2,83,20.1,0.0,21,0.0,10.2,337,3.985457510590593,-9.38914950521489
2020-03-31 21:00:00,22.8,85,20.1,0.0,33,0.0,11.4,336,4.636797731064122,-10.414418217125652
2020-03-31 22:00:00,22.5,86,20.0,0.0,56,0.0,10.1,343,2.952954217699645,-9.658678035226655
2020-03-31 23:00:00,22.4,86,19.9,0.0,32,0.0,11.1,347,2.496956703216905,-10.815507719116107
2020-04-01 00:00:00,22.2,87,19.9,0.0,19,0.0,12.6,347,2.834383284732703,-12.277062816293965
2020-04-01 01:00:00,21.9,88,19.9,0.2,16,0.0,16.2,343,4.736421616508342,-15.492137046601172
2020-04-01 02:00:00,21.7,89,19.8,0.0,17,0.0,16.8,345,4.348159957722348,-16.22755388165635
2020-04-01 03:00:00,21.6,90,19.9,0.1,17,0.0,16.0,351,2.502951440643697,-15.803013449522204
2020-04-01 04:00:00,21.5,91,19.9,0.0,23,0.0,17.9,351,2.8001769242201364,-17.679621296652964
2020-04-01 05:00:00,21.4,91,19.9,0.0,26,0.0,18.6,351,2.9096810497482983,-18.37100313506956
2020-04-01 06:00:00,21.3,91,19.8,0.0,41,0.0,18.5,352,2.574702367761218,-18.31995927171905
2020-04-01 07:00:00,21.6,90,20.0,0.3,50,35.0,18.3,350,3.1777616513048264,-18.02198188012341
2020-04-01 08:00:00,22.2,87,20.0,0.2,36,119.0,20.4,351,3.191263086820714,-20.148842148140808
2020-04-01 09:00:00,23.5,81,20.0,0.0,33,343.0,21.1,352,2.9365524302573904,-20.89465625044713
2020-04-01 10:00:00,24.7,74,19.7,0.0,21,457.0,20.3,354,2.1219278043333643,-20.18879447597595
2020-04-01 11:00:00,25.3,71,19.6,0.0,15,497.0,19.4,349,3.701694510304966,-19.04356735888468
2020-04-01 12:00:00,25.5,70,19.6,0.0,15,559.0,19.6,347,4.409040665139761,-19.09765326979061
2020-04-01 13:00:00,26.0,67,19.5,0.0,23,654.0,20.3,348,4.220607323600525,-19.856396294896253
2020-04-01 14:00:00,25.9,67,19.3,0.0,26,563.0,19.8,350,3.438233917805222,-19.49919350964172
2020-04-01 15:00:00,25.4,67,18.9,0.0,23,363.0,19.8,350,3.438233917805222,-19.49919350964172
2020-04-01 16:00:00,24.9,67,18.4,0.0,17,344.0,19.8,350,3.438233917805222,-19.49919350964172
2020-04-01 17:00:00,24.1,68,17.9,0.0,19,172.0,18.6,350,3.229856104604905,-18.31742420602707
2020-04-01 18:00:00,22.8,72,17.4,0.0,58,48.0,18.0,348,3.7424104347196776,-17.6066568132085
2020-04-01 19:00:00,21.7,75,17.0,0.0,65,0.0,18.9,352,2.630371608145245,-18.716066499215675
2020-04-01 20:00:00,21.1,76,16.7,0.0,78,0.0,18.1,355,1.5775189437326156,-18.0311240354606
2020-04-01 21:00:00,20.8,77,16.5,0.0,100,0.0,17.3,356,1.2067869957733734,-17.257858069494958
2020-04-01 22:00:00,20.6,78,16.5,0.0,100,0.0,16.2,357,0.8478424911356988,-16.177798463024097
2020-04-01 23:00:00,20.4,79,16.6,0.1,100,0.0,14.4,357,0.7536377698983989,-14.380265300465863
2020-04-02 00:00:00,20.3,80,16.7,0.1,100,0.0,12.2,358,0.42577385977051,-12.192568089632967
2020-04-02 01:00:00,20.2,81,16.8,0.2,96,0.0,10.9,352,1.5169868004647182,-10.793921949283115
2020-04-02 02:00:00,20.1,82,17.0,0.1,100,0.0,10.5,352,1.4613175600806918,-10.397814721786489
2020-04-02 03:00:00,19.9,86,17.4,0.3,100,0.0,10.2,352,1.419565629792672,-10.100734301164016
2020-04-02 04:00:00,19.7,87,17.5,0.3,100,0.0,10.6,350,1.840670683269462,-10.438962181929403
2020-04-02 05:00:00,19.5,89,17.6,0.3,90,0.0,9.8,354,1.0243789400230034,-9.746314574609078
2020-04-02 06:00:00,19.5,89,17.7,0.2,100,0.0,10.9,354,1.1393602496174222,-10.84028865951418
2020-04-02 07:00:00,20.0,89,18.1,0.2,100,28.0,12.4,350,2.153237403069937,-12.21161613735138
2020-04-02 08:00:00,21.2,84,18.3,0.2,100,118.0,14.7,349,2.8048922320352063,-14.42991959668066
2020-04-02 09:00:00,22.1,79,18.4,0.2,100,179.0,15.6,353,1.9011617571202968,-15.483719965604624
2020-04-02 10:00:00,22.7,77,18.5,0.2,100,155.0,13.0,3,-0.6803674311582698,-12.98218395180946
2020-04-02 11:00:00,23.3,75,18.6,0.0,100,240.0,8.4,7,-1.0237024846032388,-8.337387673787106
2020-04-02 12:00:00,23.8,74,19.0,0.6,94,324.0,5.0,339,1.7918397477265038,-4.667902132486008
2020-04-02 13:00:00,23.8,76,19.4,1.0,31,300.0,5.4,307,4.312631754255383,-3.249801125021059
2020-04-02 14:00:00,23.8,78,19.7,1.4,66,309.0,8.7,300,7.534421012924615,-4.3500000000000005
2020-04-02 15:00:00,24.3,71,18.7,0.0,92,239.0,12.3,320,7.906287599144437,-9.422346650363428
2020-04-02 16:00:00,24.0,72,18.5,0.0,100,245.0,14.7,335,6.212488447588278,-13.322724469438755
2020-04-02 17:00:00,23.3,74,18.3,0.0,100,145.0,14.3,348,2.973137178693966,-13.98751069049342
2020-04-02 18:00:00,22.5,77,18.2,0.0,100,28.0,15.2,356,1.0602984009107097,-15.162973563949327
2020-04-02 19:00:00,21.7,80,18.1,0.0,95,0.0,14.8,357,0.7745721523955768,-14.779717114367694
2020-04-02 20:00:00,21.3,82,18.0,0.0,52,0.0,14.0,359,0.2443336901219698,-13.997867732189478
2020-04-02 21:00:00,20.9,84,18.1,0.0,33,0.0,13.3,357,0.6960682180311601,-13.281772812235833
2020-04-02 22:00:00,20.6,85,18.1,0.0,30,0.0,14.5,346,3.507867486195184,-14.06928803100195
2020-04-02 23:00:00,20.6,86,18.2,0.0,21,0.0,15.0,349,2.86213493064817,-14.72440775171496
2020-04-03 00:00:00,20.4,87,18.2,0.1,7,0.0,13.7,355,1.1940336756429188,-13.647867363856914
2020-04-03 01:00:00,20.2,88,18.2,0.0,16,0.0,12.4,350,2.153237403069937,-12.21161613735138
2020-04-03 02:00:00,20.2,89,18.3,0.3,27,0.0,12.2,346,2.951447126315948,-11.837607860567156
2020-04-03 03:00:00,20.3,89,18.5,0.2,40,0.0,11.3,351,1.7677094549546115,-11.160878248725057
2020-04-03 04:00:00,20.2,90,18.5,0.1,55,0.0,10.6,350,1.840670683269462,-10.438962181929403
2020-04-03 05:00:00,20.2,90,18.6,0.3,48,0.0,10.4,346,2.515987714236546,-10.091075553270365
2020-04-03 06:00:00,20.3,91,18.7,0.2,76,0.0,13.3,357,0.6960682180311601,-13.281772812235833
2020-04-03 07:00:00,20.6,90,18.9,0.2,80,19.0,12.6,357,0.659433048661099,-12.58273213790763
2020-04-03 08:00:00,22.0,83,18.9,0.0,52,162.0,10.8,358,0.3769145643870089,-10.793420931806237
2020-04-03 09:00:00,23.1,77,18.9,0.1,50,287.0,6.2,350,1.0766187015349684,-6.10580806867569
2020-04-03 10:00:00,24.3,73,19.1,0.0,32,438.0,5.8,300,5.022947341949744,-2.9000000000000004
2020-04-03 11:00:00,25.3,70,19.4,0.0,37,585.0,7.9,286,7.593967397912719,-2.1775351109542957
2020-04-03 12:00:00,25.6,69,19.6,0.0,39,540.0,10.5,286,10.093247807352348,-2.894192236078493
2020-04-03 13:00:00,25.8,69,19.6,0.0,36,474.0,11.3,292,10.4771775566047,-4.233054505599806
2020-04-03 14:00:00,25.4,71,19.7,0.0,50,251.0,13.8,309,10.724614268106198,-8.684621396487758
2020-04-03 15:00:00,24.9,72,19.5,0.0,70,250.0,16.5,328,8.743667859847882,-13.992793586581026
2020-04-03 16:00:00,24.3,75,19.5,0.0,74,203.0,18.0,340,6.1563625798620345,-16.914467174146353
2020-04-03 17:00:00,23.8,77,19.4,0.0,69,108.0,18.4,348,3.825575111046781,-17.997915853502022
2020-04-03 18:00:00,22.9,81,19.5,0.0,55,25.0,19.7,351,3.0817589612925524,-19.45746030972421
2020-04-03 19:00:00,22.1,85,19.5,0.0,77,0.0,19.8,358,0.6910100347095163,-19.787938374978097
2020-04-03 20:00:00,21.5,88,19.4,0.0,71,0.0,18.7,360,4.580179028811101e-15,-18.7
2020-04-03 21:00:00,21.2,89,19.3,0.0,85,0.0,17.6,360,4.310756732998684e-15,-17.6
2020-04-03 22:00:00,20.9,90,19.3,0.0,79,0.0,16.6,360,4.065827373169213e-15,-16.6
2020-04-03 23:00:00,20.8,91,19.3,0.0,100,0.0,15.5,359,0.2705122997778952,-15.497639274924063
2020-04-04 00:00:00,20.6,92,19.2,0.0,100,0.0,13.7,357,0.7170026005283379,-13.68122462613766
2020-04-04 01:00:00,20.6,92,19.2,0.0,100,0.0,14.8,354,1.5470212563612706,-14.718924051450443
2020-04-04 02:00:00,20.6,91,19.1,0.0,78,0.0,13.0,3,-0.6803674311582698,-12.98218395180946
2020-04-04 03:00:00,20.7,89,18.7,0.0,69,0.0,11.9,2,-0.4153040107597615,-11.89275084152724
2020-04-04 04:00:00,20.6,89,18.7,0.0,54,0.0,10.8,358,0.3769145643870089,-10.793420931806237
2020-04-04 05:00:00,20.5,89,18.7,0.0,39,0.0,9.5,351,1.4861274178821953,-9.383039235653808
2020-04-04 06:00:00,20.4,90,18.7,0.0,20,0.0,12.1,343,3.5376976271451195,-11.571287547152728
2020-04-04 07:00:00,21.0,89,19.2,0.0,18,41.0,18.2,346,4.402978499913955,-17.659382218223136
2020-04-04 08:00:00,22.0,84,19.2,0.0,36,173.0,23.8,357,1.245595758582076,-23.76738292715886
2020-04-04 09:00:00,23.0,77,18.9,0.0,20,308.0,20.3,7,-2.4739476711244937,-20.14868687831884
2020-04-04 10:00:00,24.5,70,18.7,0.0,17,490.0,12.7,8,-1.767498382192831,-12.576404473017943
2020-04-04 11:00:00,25.5,67,18.9,0.0,23,614.0,13.9,339,4.981314498679681,-12.9767679283111
2020-04-04 12:00:00,25.7,66,19.0,0.0,20,711.0,20.9,345,5.409318042642682,-20.187849769441527
2020-04-04 13:00:00,25.5,66,18.8,0.0,16,699.0,21.8,352,3.0339736009294365,-21.58784389856623
2020-04-04 14:00:00,25.2,66,18.5,0.0,31,538.0,24.3,352,3.381906353329601,-24.06351407042016
2020-04-04 15:00:00,24.5,67,18.0,0.0,40,429.0,23.0,1,-0.4014053480575207,-22.996496988597
2020-04-04 16:00:00,24.1,68,17.8,0.0,20,298.0,20.5,3,-1.0728871029803486,-20.471905462468765
2020-04-04 17:00:00,23.5,70,17.7,0.0,21,173.0,20.9,359,0.3647552945392264,-20.89681682876857
2020-04-04 18:00:00,22.4,74,17.5,0.0,26,49.0,20.9,357,1.0938214854775372,-20.871357276370592
2020-04-04 19:00:00,21.2,77,17.0,0.0,19,0.0,22.3,359,0.3891886635514234,-22.296603601987528
2020-04-04 20:00:00,20.6,78,16.7,0.0,18,0.0,22.0,359,0.3839529416202383,-21.99664929344061
2020-04-04 21:00:00,20.3,79,16.5,0.0,26,0.0,20.2,2,-0.7049698333905196,-20.18769470578573
2020-04-04 22:00:00,20.0,80,16.4,0.0,25,0.0,18.0,359,0.3141433158711041,-17.997258512815044
2020-04-04 23:00:00,19.8,80,16.2,0.0,25,0.0,19.5,356,1.36025123801045,-19.45249898006657
2020-04-05 00:00:00,19.7,79,16.0,0.0,31,0.0,19.4,360,4.75162958069173e-15,-19.4
2020-04-05 01:00:00,19.4,79,15.8,0.0,28,0.0,18.0,360,4.408728476930472e-15,-18.0
2020-04-05 02:00:00,19.2,79,15.5,0.0,40,0.0,18.4,354,1.9233237241248229,-18.299202874776228
2020-04-05 03:00:00,19.2,78,15.3,0.0,43,0.0,17.6,1,-0.3071623532961898,-17.59731943475249
2020-04-05 04:00:00,19.3,77,15.1,0.0,48,0.0,16.2,357,0.8478424911356988,-16.177798463024097
2020-04-05 05:00:00,19.4,76,15.1,0.0,43,0.0,16.6,356,1.1579574641524857,-16.55956323431308
2020-04-05 06:00:00,19.4,76,15.1,0.0,89,0.0,17.3,356,1.2067869957733734,-17.257858069494958
2020-04-05 07:00:00,20.0,75,15.3,0.0,71,30.0,15.8,360,3.869883885305636e-15,-15.8
2020-04-05 08:00:00,21.1,70,15.4,0.0,62,136.0,13.3,360,3.25756048573196e-15,-13.3
2020-04-05 09:00:00,22.2,68,16.1,0.0,35,241.0,10.9,354,1.1393602496174222,-10.84028865951418
2020-04-05 10:00:00,23.4,66,16.8,0.0,31,484.0,9.6,340,3.2833933759264187,-9.02104915954472
2020-04-05 11:00:00,24.1,65,17.2,0.0,62,447.0,10.6,332,4.976398565530443,-9.359244484304623
2020-04-05 12:00:00,24.6,64,17.3,0.0,70,603.0,15.7,340,5.3697162502129965,-14.75317414633876
2020-04-05 13:00:00,25.2,61,17.2,0.2,99,583.0,19.9,354,2.080116419026303,-19.79098571782864
2020-04-05 14:00:00,25.0,62,17.1,0.0,100,502.0,22.3,360,5.4619247241971945e-15,-22.3
2020-04-05 15:00:00,22.4,68,16.1,0.2,100,150.0,22.7,2,-0.792218575146772,-22.686171773333477
2020-04-05 16:00:00,21.2,75,16.5,0.6,93,95.0,18.0,3,-0.942047212372989,-17.975331625582328
2020-04-05 17:00:00,20.1,84,17.4,0.5,91,4.0,15.9,6,-1.6620025659556903,-15.812898136355546
2020-04-05 18:00:00,19.6,87,17.5,0.4,80,0.0,14.8,356,1.0323958114130594,-14.763947943845398
2020-04-05 19:00:00,19.4,86,17.0,0.2,66,0.0,13.7,358,0.4781231048242612,-13.691654330161612
2020-04-05 20:00:00,19.4,86,17.0,0.0,68,0.0,11.9,2,-0.4153040107597615,-11.89275084152724
2020-04-05 21:00:00,19.5,86,17.0,0.0,67,0.0,12.2,358,0.42577385977051,-12.192568089632967
2020-04-05 22:00:00,19.4,86,17.0,0.0,59,0.0,12.6,358,0.4397336584515103,-12.592324420440606
2020-04-05 23:00:00,19.4,86,16.9,0.0,69,0.0,12.7,352,1.7674983821928365,-12.57640447301794
2020-04-06 00:00:00,19.4,85,16.9,0.0,78,0.0,14.9,352,2.0736792043049816,-14.754994224249398
2020-04-06 01:00:00,19.4,85,16.8,0.0,77,0.0,15.9,355,1.385776309687767,-15.839495699658755
2020-04-06 02:00:00,19.3,85,16.7,0.1,81,0.0,15.5,355,1.350914012588704,-15.441017820422056
2020-04-06 03:00:00,19.5,81,16.2,0.0,83,0.0,14.1,354,1.473851332073913,-14.022758724692652
2020-04-06 04:00:00,19.5,82,16.3,0.2,88,0.0,13.1,351,2.0492914920270278,-12.938717261796302
2020-04-06 05:00:00,19.4,83,16.4,0.3,88,0.0,13.0,355,1.1330246557195582,-12.950531075192693
2020-04-06 06:00:00,19.0,87,16.8,0.4,92,0.0,11.2,354,1.1707187885977182,-11.13864522812466
2020-04-06 07:00:00,19.1,87,16.9,0.3,90,3.0,9.7,356,0.6766377953180186,-9.676371287520292
2020-04-06 08:00:00,19.4,86,17.0,0.8,100,10.0,9.5,349,1.8126854560771744,-9.325458242752807
2020-04-06 09:00:00,19.8,86,17.4,1.4,100,39.0,10.4,346,2.515987714236546,-10.091075553270365
2020-04-06 10:00:00,20.0,86,17.5,0.8,100,21.0,9.8,354,1.0243789400230034,-9.746314574609078
2020-04-06 11:00:00,20.4,82,17.2,0.5,100,43.0,8.9,346,2.153104870837044,-8.635631963856369
2020-04-06 12:00:00,21.2,78,17.2,0.3,100,62.0,9.9,350,1.719116958902611,-9.74959675482086
2020-04-06 13:00:00,21.7,76,17.3,0.2,100,84.0,9.7,356,0.6766377953180186,-9.676371287520292
2020-04-06 14:00:00,22.3,74,17.3,0.0,92,181.0,9.9,350,1.719116958902611,-9.74959675482086
2020-04-06 15:00:00,22.2,75,17.6,0.2,74,196.0,11.0,349,2.098898949141992,-10.797899017924305
2020-04-06 16:00:00,21.9,76,17.6,0.2,63,66.0,11.5,346,2.7821017993961803,-11.15840085217396
2020-04-06 17:00:00,21.5,80,18.0,0.8,95,31.0,11.8,337,4.610627316173432,-10.861957270738795
2020-04-06 18:00:00,20.5,88,18.4,1.0,89,3.0,14.8,346,3.5804440548750844,-14.360376748884748
2020-04-06 19:00:00,20.1,89,18.2,1.3,92,0.0,17.1,353,2.0839657722280176,-16.97253919306661
2020-04-06 20:00:00,19.8,90,18.1,1.7,92,0.0,17.7,358,0.6177210916342646,-17.689217638237995
2020-04-06 21:00:00,19.6,90,18.0,1.2,94,0.0,17.0,5,-1.4816476267101888,-16.935309867559674
2020-04-06 22:00:00,19.6,90,18.0,1.0,82,0.0,14.1,4,-0.9835662797921668,-14.06565310866352
2020-04-06 23:00:00,19.6,91,18.1,1.4,100,0.0,15.3,345,3.959931390068567,-14.778665142222746
2020-04-07 00:00:00,19.6,90,18.0,2.1,100,0.0,15.5,348,3.222631207675278,-15.161287811373986
2020-04-07 01:00:00,19.5,91,18.0,2.4,89,0.0,13.8,7,-1.6817969389910352,-13.697136892650244
2020-04-07 02:00:00,19.5,91,17.9,2.4,77,0.0,10.4,2,-0.3629547657060101,-10.393664600998596
2020-04-07 03:00:00,19.7,92,18.3,1.9,73,0.0,14.8,334,6.487892972478352,-13.30215188522767
2020-04-07 04:00:00,19.7,93,18.4,0.8,77,0.0,18.3,350,3.1777616513048264,-18.02198188012341
2020-04-07 05:00:00,19.7,92,18.3,0.4,78,0.0,18.8,357,0.983915977367354,-18.77423525338599
2020-04-07 06:00:00,19.6,91,18.2,0.3,67,0.0,17.3,355,1.507794349534489,-17.234168276987198
2020-04-07 07:00:00,19.8,91,18.3,0.2,41,22.0,18.6,350,3.229856104604905,-18.31742420602707
2020-04-07 08:00:00,20.5,87,18.3,0.0,35,53.0,20.3,353,2.4739476711244888,-20.14868687831884
2020-04-07 09:00:00,21.6,81,18.1,0.0,32,304.0,23.1,356,1.6113745434893023,-23.04372956100194
2020-04-07 10:00:00,22.7,74,17.8,0.0,32,491.0,22.7,359,0.3961696261263368,-22.69654268005008
2020-04-07 11:00:00,23.6,69,17.6,0.0,8,593.0,20.2,357,1.0571863161074762,-20.17231660204239
2020-04-07 12:00:00,24.1,68,17.7,0.0,10,652.0,19.2,355,1.6733902607550395,-19.126938203361515
2020-04-07 13:00:00,24.5,66,17.8,0.0,4,787.0,19.9,354,2.080116419026303,-19.79098571782864
2020-04-07 14:00:00,24.5,66,17.8,0.0,7,708.0,20.7,352,2.880883189873364,-20.498549022950503
2020-04-07 15:00:00,24.0,68,17.8,0.0,6,515.0,21.9,351,3.4259147843810607,-21.630374659033517
2020-04-07 16:00:00,23.4,69,17.4,0.0,7,388.0,22.1,353,2.6933124892537537,-21.93526995127322
2020-04-07 17:00:00,22.5,71,17.0,0.0,6,164.0,21.3,355,1.8564173205251224,-21.21894706935418
2020-04-07 18:00:00,21.4,74,16.6,0.0,12,49.0,20.0,353,2.4373868681029447,-19.850923032826444
2020-04-07 19:00:00,20.3,77,16.2,0.0,14,0.0,20.0,352,2.783462019201317,-19.805361374831406
2020-04-07 20:00:00,19.8,78,15.9,0.0,25,0.0,19.9,354,2.080116419026303,-19.79098571782864
2020-04-07 21:00:00,19.4,79,15.6,0.0,30,0.0,19.1,357,0.9996167642402376,-19.07382411381236
2020-04-07 22:00:00,19.2,79,15.5,0.0,38,0.0,16.6,358,0.5793316452615137,-16.58988772851699
2020-04-07 23:00:00,19.0,80,15.5,0.0,45,0.0,15.5,356,1.0812253430339474,-15.462242779027276
2020-04-08 00:00:00,18.8,81,15.5,0.0,54,0.0,15.1,357,0.79027293926846,-15.079305974794064
2020-04-08 01:00:00,18.7,82,15.6,0.0,50,0.0,13.7,358,0.4781231048242612,-13.691654330161612
2020-04-08 02:00:00,18.6,83,15.7,0.0,26,0.0,13.1,351,2.0492914920270278,-12.938717261796302
2020-04-08 03:00:00,18.7,82,15.7,0.0,31,0.0,13.1,352,1.823167622576863,-12.97251170051457
2020-04-08 04:00:00,18.6,84,15.7,0.0,31,0.0,12.0,353,1.4624321208617668,-11.910553819695863
2020-04-08 05:00:00,18.5,84,15.8,0.0,32,0.0,11.2,354,1.1707187885977182,-11.13864522812466
2020-04-08 06:00:00,18.5,85,15.9,0.0,13,0.0,11.6,355,1.0110066158728364,-11.555858497864248
2020-04-08 07:00:00,19.2,84,16.4,0.0,12,49.0,11.7,351,1.830283240970704,-11.55595358496311
2020-04-08 08:00:00,20.7,77,16.5,0.0,18,203.0,10.5,352,1.4613175600806918,-10.397814721786489
2020-04-08 09:00:00,22.0,72,16.7,0.0,7,394.0,9.4,353,1.145571828008384,-9.329933825428428
2020-04-08 10:00:00,23.0,70,17.3,0.0,14,579.0,8.7,343,2.543633831087813,-8.319851376878407
2020-04-08 11:00:00,23.9,68,17.7,0.0,10,716.0,9.5,335,4.014873486536643,-8.609923976848176
2020-04-08 12:00:00,24.6,66,17.8,0.0,16,777.0,10.3,331,4.99353908853727,-9.008582983535778
2020-04-08 13:00:00,24.9,66,18.1,0.0,26,739.0,12.2,332,5.727553065987867,-10.771960632878908
2020-04-08 14:00:00,24.9,66,18.1,0.0,20,664.0,13.1,339,4.69462013904344,-12.22990358711334
2020-04-08 15:00:00,24.6,65,17.7,0.0,19,410.0,13.0,346,3.1449846427956825,-12.613844441587954
2020-04-08 16:00:00,24.3,67,17.7,0.0,12,301.0,12.5,348,2.5988961352219984,-12.22684500917257
2020-04-08 17:00:00,23.9,68,17.7,0.0,2,178.0,12.7,345,3.2870018728020125,-12.267257993871167
2020-04-08 18:00:00,22.9,73,17.9,0.0,11,42.0,10.2,342,3.151973342624466,-9.700776466210565
2020-04-08 19:00:00,21.9,78,17.8,0.0,11,0.0,11.3,351,1.7677094549546115,-11.160878248725057
2020-04-08 20:00:00,21.2,80,17.7,0.0,26,0.0,12.3,355,1.0720156357961974,-12.253194786528471
2020-04-08 21:00:00,20.8,82,17.6,0.0,31,0.0,13.0,357,0.6803674311582768,-12.98218395180946
2020-04-08 22:00:00,20.4,84,17.7,0.0,28,0.0,11.9,2,-0.4153040107597615,-11.89275084152724
2020-04-08 23:00:00,20.0,87,17.7,0.0,26,0.0,10.1,4,-0.7045403848156655,-10.075396907624224
2020-04-09 00:00:00,19.8,88,17.8,0.0,29,0.0,8.4,7,-1.0237024846032388,-8.337387673787106
2020-04-09 01:00:00,19.6,90,17.8,0.0,18,0.0,7.9,3,-0.4134540543192563,-7.889173324561134
2020-04-09 02:00:00,19.3,90,17.7,0.0,17,0.0,7.3,351,1.141971594793687,-7.210124886344505
2020-04-09 03:00:00,19.3,91,17.8,0.0,21,0.0,8.8,348,1.829622879196287,-8.60769888645749
2020-04-09 04:00:00,19.4,90,17.8,0.0,24,0.0,10.2,350,1.7712114122026898,-10.04503908072452
2020-04-09 05:00:00,19.5,90,17.8,0.0,21,0.0,12.0,353,1.4624321208617668,-11.910553819695863
2020-04-09 06:00:00,19.5,90,17.9,0.0,29,0.0,13.2,349,2.5186787389703893,-12.957478821509165
2020-04-09 07:00:00,20.4,88,18.3,0.0,23,51.0,16.0,352,2.226769615361054,-15.844289099865124
2020-04-09 08:00:00,21.7,82,18.5,0.0,24,212.0,19.8,358,0.6910100347095163,-19.787938374978097
2020-04-09 09:00:00,22.8,75,18.2,0.0,19,390.0,19.4,360,4.75162958069173e-15,-19.4
2020-04-09 10:00:00,23.9,69,17.9,0.0,11,602.0,18.0,358,0.6281909406450148,-17.989034886343724
2020-04-09 11:00:00,24.8,66,17.9,0.0,8,696.0,16.7,353,2.0352180348659585,-16.575520732410077
2020-04-09 12:00:00,25.4,63,17.9,0.0,3,810.0,17.8,346,4.306209741674088,-17.271263927712738
2020-04-09 13:00:00,25.6,63,18.0,0.0,0,824.0,19.7,345,5.098735188519657,-19.028738777894645
2020-04-09 14:00:00,25.4,64,18.1,0.0,1,736.0,20.3,347,4.566506403180466,-19.779712315140277
2020-04-09 15:00:00,25.1,64,17.7,0.0,0,585.0,20.4,352,2.839131259585344,-20.20146860232803
2020-04-09 16:00:00,24.7,64,17.4,0.0,3,411.0,18.4,356,1.2835191168919116,-18.355178524780765
2020-04-09 17:00:00,24.1,65,17.1,0.0,4,226.0,15.2,355,1.3247672897644065,-15.142159410994532
2020-04-09 18:00:00,23.0,70,17.2,0.0,2,59.0,11.3,353,1.3771235804781636,-11.21577151354694
2020-04-09 19:00:00,21.9,74,17.1,0.0,2,0.0,10.5,356,0.7324429743133192,-10.474422527728152
2020-04-09 20:00:00,21.1,77,17.0,0.0,1,0.0,9.4,360,2.3023359823970247e-15,-9.4
2020-04-09 21:00:00,20.7,80,17.1,0.0,2,0.0,10.1,360,2.473786534277653e-15,-10.1
2020-04-09 22:00:00,20.3,82,17.1,0.0,0,0.0,9.0,358,0.3140954703225074,-8.994517443171862
2020-04-09 23:00:00,19.9,85,17.3,0.0,4,0.0,6.5,360,1.5920408388915589e-15,-6.5
2020-04-10 00:00:00,19.6,88,17.5,0.0,3,0.0,4.7,360,1.1511679911985121e-15,-4.7
2020-04-10 01:00:00,19.1,90,17.5,0.0,5,0.0,3.6,6,-0.3763024677635525,-3.580278823325784
2020-04-10 02:00:00,18.6,92,17.3,0.0,6,0.0,3.4,342,1.050657780874822,-3.233592155403522
2020-04-10 03:00:00,19.0,90,17.3,0.0,11,0.0,5.5,337,2.1490212066910064,-5.062776693988422
2020-04-10 04:00:00,18.5,92,17.1,0.0,12,0.0,6.4,344,1.764079077228793,-6.1520748540052415
2020-04-10 05:00:00,18.4,92,17.1,0.0,12,0.0,6.1,360,1.4940690949597709e-15,-6.1
2020-04-10 06:00:00,18.2,93,17.1,0.0,5,0.0,7.3,340,2.4967470462773806,-6.859756131737131
2020-04-10 07:00:00,20.0,91,18.4,0.0,5,53.0,6.4,16,-1.7640790772287946,-6.1520748540052415
2020-04-10 08:00:00,22.5,77,18.3,0.0,19,208.0,3.7,29,-1.7937955949114472,-3.2360929164157644
2020-04-10 09:00:00,23.5,74,18.7,0.0,23,365.0,0.5,315,0.3535533905932738,-0.3535533905932737
2020-04-10 10:00:00,24.5,69,18.6,0.0,26,535.0,3.4,252,3.233592155403522,1.0506577808748216
2020-04-10 11:00:00,25.3,66,18.4,0.0,27,628.0,5.6,255,5.409184627218783,1.4493866525741157
2020-04-10 12:00:00,25.7,64,18.3,0.0,20,666.0,7.2,270,7.2,1.3226185430791417e-15
2020-04-10 13:00:00,25.8,63,18.3,0.0,16,682.0,8.0,278,7.922144549932563,-1.1133848076805235
2020-04-10 14:00:00,25.8,63,18.3,0.0,22,624.0,8.8,289,8.32056346527399,-2.864999759222976
2020-04-10 15:00:00,25.6,64,18.3,0.0,10,494.0,9.3,306,7.523858047687013,-5.466402846319999
2020-04-10 16:00:00,25.2,65,18.1,0.0,11,321.0,9.2,318,6.156001578501495,-6.836932394392027
2020-04-10 17:00:00,24.7,66,17.8,0.0,8,195.0,7.6,329,3.914289369316414,-6.514471485336052
2020-04-10 18:00:00,24.0,68,17.8,0.0,8,52.0,7.3,327,3.9758649556096968,-6.122295146001595
2020-04-10 19:00:00,22.9,76,18.5,0.0,12,0.0,5.6,345,1.4493866525741157,-5.409184627218783
2020-04-10 20:00:00,22.4,79,18.5,0.0,17,0.0,2.6,34,-1.453901549023942,-2.1554976886431088
2020-04-10 21:00:00,22.0,81,18.5,0.0,29,0.0,1.9,112,-1.761649323676896,0.7117525274902329
2020-04-10 22:00:00,21.7,83,18.6,0.0,54,0.0,3.0,166,-0.7257656867990032,2.910887178827989
2020-04-10 23:00:00,21.8,83,18.7,0.0,52,0.0,4.2,200,1.4364846019678084,3.946709007300816
2020-04-11 00:00:00,21.8,83,18.7,0.0,51,0.0,5.0,201,1.7918397477265022,4.667902132486009
2020-04-11 01:00:00,21.6,84,18.8,0.0,49,0.0,4.6,219,2.894873798829253,3.5748714227020653
2020-04-11 02:00:00,20.6,89,18.7,0.0,43,0.0,1.3,236,1.0777488443215544,0.7269507745119705
2020-04-11 03:00:00,21.7,85,19.0,0.0,49,0.0,1.5,76,-1.4554435894139948,-0.3628828433995015
2020-04-11 04:00:00,21.2,87,18.9,0.0,27,0.0,2.2,99,-2.1729143493093037,0.3441558230885078
2020-04-11 05:00:00,21.1,87,18.8,0.0,13,0.0,1.1,90,-1.1,-6.735557395310444e-17
2020-04-11 06:00:00,21.0,87,18.7,0.0,14,0.0,3.3,84,-3.281922254715301,-0.3449439287832564
2020-04-11 07:00:00,20.9,91,19.4,0.0,14,43.0,2.3,51,-1.7874357113510329,-1.447436899414626
2020-04-11 08:00:00,23.1,76,18.7,0.0,12,166.0,1.9,338,0.7117525274902334,-1.7616493236768958
2020-04-11 09:00:00,24.2,74,19.3,0.0,10,369.0,3.2,297,2.8512208774027776,-1.4527695991665492
2020-04-11 10:00:00,24.9,71,19.3,0.0,24,465.0,5.1,309,3.963444403430551,-3.209533994354171
2020-04-11 11:00:00,25.7,68,19.3,0.0,43,638.0,6.1,310,4.672871103025766,-3.921004419087889
2020-04-11 12:00:00,26.2,66,19.3,0.0,40,645.0,7.3,303,6.122295146001597,-3.975864955609695
2020-04-11 13:00:00,26.3,66,19.3,0.0,47,537.0,9.1,304,7.544241910250879,-5.088655421583797
2020-04-11 14:00:00,26.0,66,19.2,0.0,29,451.0,10.8,307,8.625263508510766,-6.499602250042118
2020-04-11 15:00:00,25.7,67,19.0,0.0,40,403.0,13.0,314,9.351417404402463,-9.030558815966964
2020-04-11 16:00:00,25.2,68,18.8,0.0,63,244.0,15.1,327,8.224049428726907,-12.663925575975902
2020-04-11 17:00:00,24.1,73,19.0,0.5,66,104.0,13.0,346,3.1449846427956825,-12.613844441587954
2020-04-11 18:00:00,23.3,77,18.9,0.2,86,16.0,11.5,360,2.8166876380389124e-15,-11.5
2020-04-11 19:00:00,22.5,81,19.1,0.4,76,0.0,8.3,2,-0.2896658226307581,-8.294943864258496
2020-04-11 20:00:00,22.0,84,19.2,0.0,100,0.0,7.3,349,1.392905666248776,-7.165878439167947
2020-04-11 21:00:00,21.8,85,19.2,0.0,100,0.0,8.3,342,2.564841053312066,-7.893769085249775
2020-04-11 22:00:00,21.6,86,19.1,0.0,100,0.0,10.5,338,3.93336923086708,-9.735430472951268
2020-04-11 23:00:00,21.4,86,19.0,0.1,100,0.0,13.9,339,4.981314498679681,-12.9767679283111
2020-04-12 00:00:00,21.1,88,18.9,0.3,100,0.0,15.3,345,3.959931390068567,-14.778665142222746
2020-04-12 01:00:00,20.7,89,18.9,0.4,100,0.0,16.0,352,2.226769615361054,-15.844289099865124
2020-04-12 02:00:00,20.4,91,18.8,0.8,100,0.0,16.6,355,1.4467853296111282,-16.536831988322977
2020-04-12 03:00:00,20.7,92,19.3,0.8,100,0.0,18.0,357,0.9420472123729986,-17.975331625582328
2020-04-12 04:00:00,20.6,90,18.9,0.2,100,0.0,19.2,355,1.6733902607550395,-19.126938203361515
2020-04-12 05:00:00,20.5,90,18.8,0.4,57,0.0,20.8,350,3.611882095472152,-20.484001262653926
2020-04-12 06:00:00,20.3,89,18.5,0.5,43,0.0,23.0,350,3.993908086339399,-22.650578319280783
2020-04-12 07:00:00,20.1,89,18.2,0.2,26,17.0,24.0,351,3.7544271609655455,-23.704520174283303
2020-04-12 08:00:00,20.1,85,17.5,0.0,18,90.0,26.3,351,4.114226430558078,-25.97620335765212
2020-04-12 09:00:00,20.8,77,16.5,0.0,23,305.0,30.5,352,4.244779579282009,-30.20317609661789
2020-04-12 10:00:00,21.4,69,15.4,0.0,27,440.0,33.2,358,1.1586632905230274,-33.17977545703398
2020-04-12 11:00:00,21.7,64,14.6,0.0,46,575.0,34.2,358,1.1935627872255283,-34.179166284053075
2020-04-12 12:00:00,21.9,61,14.1,0.0,38,782.0,33.8,359,0.5898913375801843,-33.79485209628602
2020-04-12 13:00:00,21.7,60,13.7,0.0,28,763.0,33.1,359,0.5776746530740858,-33.094958709676554
2020-04-12 14:00:00,21.4,59,13.2,0.0,23,661.0,32.8,359,0.5724389311429007,-32.79500440112963
2020-04-12 15:00:00,21.2,60,13.2,0.0,13,586.0,32.8,358,1.144703491842027,-32.780019126226335
2020-04-12 16:00:00,20.5,60,12.5,0.0,4,416.0,33.5,359,0.5846556156489993,-33.494897787739106
2020-04-12 17:00:00,19.5,60,11.5,0.0,1,223.0,32.0,1,-0.5584770059930724,-31.99512624500452
2020-04-12 18:00:00,18.6,59,10.5,0.0,14,64.0,28.8,2,-1.005105505032028,-28.78245581814996
2020-04-12 19:00:00,17.8,58,9.5,0.0,20,0.0,29.2,2,-1.0190653037130282,-29.1822121489576
2020-04-12 20:00:00,17.5,56,8.7,0.0,7,0.0,28.9,6,-3.020872588435185,-28.741682776143097
2020-04-12 21:00:00,17.4,54,8.0,0.0,12,0.0,27.9,7,-3.4001546810036145,-27.69203763079288
2020-04-12 22:00:00,17.5,51,7.2,0.0,32,0.0,26.4,5,-2.300911608538176,-26.29954002962208
2020-04-12 23:00:00,17.6,48,6.4,0.0,25,0.0,25.6,3,-1.3398004798193623,-25.56491608971709
2020-04-13 00:00:00,17.5,46,5.7,0.0,20,0.0,25.6,3,-1.3398004798193623,-25.56491608971709
2020-04-13 01:00:00,17.4,45,5.3,0.0,7,0.0,24.5,3,-1.282230927952124,-24.466423601487055
2020-04-13 02:00:00,17.1,45,5.2,0.0,3,0.0,23.4,2,-0.8166482228385227,-23.38574535224684
2020-04-13 03:00:00,16.9,47,5.4,0.0,2,0.0,23.8,2,-0.8306080215195231,-23.78550168305448
2020-04-13 04:00:00,16.8,48,5.7,0.0,6,0.0,24.9,4,-1.73693619622872,-24.839344851469622
2020-04-13 05:00:00,16.6,49,5.8,0.0,20,0.0,25.4,7,-3.0954813224907456,-25.210672251689576
2020-04-13 06:00:00,16.5,50,6.1,0.0,21,1.0,25.1,8,-3.4932448340976427,-24.85572852541342
2020-04-13 07:00:00,17.2,50,6.8,0.0,27,78.0,24.3,7,-2.961425044745084,-24.118871484884124
2020-04-13 08:00:00,18.5,46,6.6,0.0,7,267.0,26.8,5,-2.335773905637239,-26.69801790885878
2020-04-13 09:00:00,19.9,39,5.6,0.0,22,507.0,27.1,5,-2.3619206284615366,-26.996876318286304
2020-04-13 10:00:00,21.0,35,5.1,0.0,23,646.0,26.3,4,-1.8345952594704955,-26.23593452183338
2020-04-13 11:00:00,21.8,35,5.5,0.0,26,797.0,25.3,5,-2.205040291515752,-25.203725861721164
2020-04-13 12:00:00,22.4,35,6.2,0.0,0,891.0,23.8,3,-1.2455957585820634,-23.76738292715886
2020-04-13 13:00:00,22.7,36,6.8,0.0,0,869.0,22.7,1,-0.3961696261263357,-22.69654268005008
2020-04-13 14:00:00,22.6,37,7.4,0.0,0,807.0,21.2,360,5.1925024283847775e-15,-21.2
2020-04-13 15:00:00,22.2,41,8.2,0.0,0,665.0,21.6,2,-0.753829128774021,-21.58684186361247
2020-04-13 16:00:00,21.6,44,8.7,0.0,2,479.0,20.9,4,-1.4579103012522188,-20.849088650430325
2020-04-13 17:00:00,20.7,48,9.2,0.0,7,251.0,19.9,6,-2.080116419026304,-19.79098571782864
2020-04-13 18:00:00,19.5,53,9.8,0.0,19,71.0,15.7,11,-2.9957012274117534,-15.411546780128324
2020-04-13 19:00:00,18.4,58,10.1,0.0,14,0.0,13.6,11,-2.5950023371210094,-13.35012969488823
2020-04-13 20:00:00,17.6,62,10.3,0.0,29,0.0,12.0,16,-3.30764826980399,-11.535140351259829
2020-04-13 21:00:00,17.1,66,10.6,0.0,30,0.0,9.9,19,-3.223124729125852,-9.360633898433235
2020-04-13 22:00:00,16.9,68,10.9,0.0,31,0.0,10.8,26,-4.734408385322037,-9.706975700031006
2020-04-13 23:00:00,16.7,70,11.2,0.0,29,0.0,9.4,43,-6.410784584587486,-6.874724795220202
2020-04-14 00:00:00,16.2,73,11.4,0.0,57,0.0,7.5,55,-6.143640332167439,-4.301823272632845
2020-04-14 01:00:00,15.5,78,11.6,0.0,34,0.0,6.3,77,-6.1385314081469815,-1.4171916423663489
2020-04-14 02:00:00,15.3,79,11.7,0.0,29,0.0,3.6,90,-3.6,-2.2043642384652358e-16
2020-04-14 03:00:00,17.6,68,11.7,0.0,29,0.0,2.2,90,-2.2,-1.3471114790620887e-16
2020-04-14 04:00:00,17.2,70,11.7,0.0,31,0.0,2.2,81,-2.1729143493093037,-0.344155823088508
2020-04-14 05:00:00,18.0,67,11.8,0.0,36,0.0,1.8,90,-1.8,-1.1021821192326179e-16
2020-04-14 06:00:00,17.3,71,11.9,0.0,36,0.0,4.3,132,-3.195522749552795,2.8772616073430903
2020-04-14 07:00:00,18.9,65,12.2,0.0,38,42.0,4.9,126,-3.9641832724372423,2.880147736233118
2020-04-14 08:00:00,20.8,56,11.8,0.0,50,147.0,3.7,151,-1.7937955949114477,3.2360929164157644
2020-04-14 09:00:00,21.6,57,12.8,0.0,82,217.0,4.3,222,2.8772616073430903,3.195522749552795
2020-04-14 10:00:00,22.4,55,12.8,0.0,87,214.0,5.5,259,5.398949508962152,1.0494494745709957
2020-04-14 11:00:00,22.9,51,12.3,0.0,84,234.0,6.1,267,6.0916401620029,0.3192493330819602
2020-04-14 12:00:00,23.2,49,11.9,0.0,82,334.0,8.0,278,7.922144549932563,-1.1133848076805235
2020-04-14 13:00:00,23.4,47,11.6,0.0,84,300.0,8.7,287,8.319851376878407,-2.543633831087809
2020-04-14 14:00:00,23.3,47,11.2,0.0,81,286.0,7.6,295,6.887939181478538,-3.2118987892293167
2020-04-14 15:00:00,22.8,48,11.3,0.0,75,151.0,7.2,297,6.41524697415625,-3.268731598124736
2020-04-14 16:00:00,22.6,49,11.2,0.0,84,135.0,7.4,299,6.472185832831528,-3.5875911898228963
2020-04-14 17:00:00,22.1,50,11.1,0.0,63,65.0,7.0,325,4.015035054457325,-5.734064310022941
2020-04-14 18:00:00,21.3,53,11.5,0.0,59,23.0,5.9,349,1.1257730727216135,-5.791600382341218
2020-04-14 19:00:00,20.3,58,11.8,0.0,25,0.0,8.0,352,1.113384807680527,-7.922144549932562
2020-04-14 20:00:00,19.5,63,12.2,0.0,16,0.0,7.5,17,-2.192787785420526,-7.172285669722766
2020-04-14 21:00:00,18.6,68,12.5,0.0,19,0.0,7.4,29,-3.5875911898228945,-6.472185832831529
2020-04-14 22:00:00,17.8,72,12.7,0.0,26,0.0,8.4,31,-4.326319829244455,-7.200205325897744
2020-04-14 23:00:00,17.1,77,12.9,0.0,31,0.0,7.6,31,-3.9142893693164114,-6.5144714853360535
2020-04-15 00:00:00,16.5,79,12.8,0.0,39,0.0,6.7,36,-3.93816119035957,-5.420413862312148
2020-04-15 01:00:00,16.3,79,12.7,0.0,32,0.0,6.6,45,-4.666904755831213,-4.666904755831213
2020-04-15 02:00:00,16.2,79,12.6,0.0,31,0.0,5.9,52,-4.64926344627966,-3.632402704421384
2020-04-15 03:00:00,17.9,69,12.1,0.0,19,0.0,5.1,45,-3.606244584051392,-3.606244584051392
2020-04-15 04:00:00,17.6,70,12.0,0.0,22,0.0,5.9,38,-3.632402704421384,-4.64926344627966
2020-04-15 05:00:00,17.7,69,11.9,0.0,31,0.0,6.5,34,-3.634753872559855,-5.388744221607771
2020-04-15 06:00:00,17.5,71,12.2,0.0,25,1.0,8.0,18,-2.472135954999579,-7.608452130361228
2020-04-15 07:00:00,18.6,77,14.6,0.0,14,55.0,6.1,3,-0.3192493330819573,-6.0916401620029
2020-04-15 08:00:00,22.3,51,11.8,0.0,15,227.0,5.5,349,1.0494494745709957,-5.398949508962152
2020-04-15 09:00:00,23.4,50,12.4,0.0,22,444.0,10.5,333,4.766900247265244,-9.355568503977862
2020-04-15 10:00:00,24.1,52,13.5,0.0,25,609.0,13.2,331,6.399486987251646,-11.544980134240024
2020-04-15 11:00:00,24.8,52,14.2,0.0,18,755.0,14.5,333,6.582862246223431,-12.919594600731331
2020-04-15 12:00:00,25.2,52,14.6,0.0,31,806.0,14.8,334,6.487892972478352,-13.30215188522767
2020-04-15 13:00:00,25.4,52,14.9,0.0,44,851.0,15.3,333,6.946054646015069,-13.632399820082028
2020-04-15 14:00:00,25.4,53,15.1,0.0,41,759.0,15.5,335,6.550583056980838,-14.047770699068076
2020-04-15 15:00:00,24.6,57,15.6,0.0,18,533.0,15.0,336,6.101049646137002,-13.703181864639015
2020-04-15 16:00:00,24.4,58,15.6,0.0,18,457.0,14.5,337,5.665601363094472,-13.347320375060384
2020-04-15 17:00:00,23.8,60,15.6,0.0,17,252.0,13.8,340,4.719877977894227,-12.967758166845536
2020-04-15 18:00:00,22.8,65,15.8,0.0,13,71.0,11.2,339,4.013721034907368,-10.456100776768656
2020-04-15 19:00:00,21.4,70,15.8,0.0,4,1.0,10.6,350,1.840670683269462,-10.438962181929403
2020-04-15 20:00:00,20.6,74,15.8,0.0,14,0.0,9.7,360,2.3758147903458648e-15,-9.7
2020-04-15 21:00:00,19.9,78,15.8,0.0,31,0.0,9.4,353,1.145571828008384,-9.329933825428428
2020-04-15 22:00:00,19.2,80,15.7,0.0,30,0.0,8.6,358,0.300135671641507,-8.594761112364223
2020-04-15 23:00:00,18.3,83,15.5,0.0,29,0.0,9.0,2,-0.3140954703225087,-8.994517443171862
2020-04-16 00:00:00,17.5,86,15.2,0.0,29,0.0,9.1,7,-1.109011024986842,-9.032169979936029
2020-04-16 01:00:00,16.9,87,14.8,0.0,29,0.0,8.8,12,-1.8296228791962823,-8.607698886457491
2020-04-16 02:00:00,16.4,88,14.5,0.0,28,0.0,9.1,7,-1.109011024986842,-9.032169979936029
2020-04-16 03:00:00,16.3,89,14.5,0.0,20,0.0,8.3,358,0.2896658226307568,-8.294943864258496
2020-04-16 04:00:00,16.3,88,14.4,0.0,6,0.0,8.3,360,2.0329136865846065e-15,-8.3
2020-04-16 05:00:00,16.3,89,14.5,0.0,10,0.0,8.7,7,-1.060263287624783,-8.6351515192795
2020-04-16 06:00:00,16.2,91,14.7,0.0,6,1.0,7.9,360,1.934941942652818e-15,-7.9
2020-04-16 07:00:00,18.3,88,16.4,0.0,11,81.0,6.9,351,1.0793978087775946,-6.81504955010645
2020-04-16 08:00:00,22.4,66,15.9,0.0,14,283.0,4.2,329,2.163159914622229,-3.600102662948871
2020-04-16 09:00:00,23.8,58,15.1,0.0,21,491.0,4.6,288,4.374859974957706,-1.421478174124757
2020-04-16 10:00:00,25.0,55,15.3,0.0,23,654.0,6.6,279,6.518743047927909,-1.0324674692655225
2020-04-16 11:00:00,25.8,52,15.3,0.0,24,745.0,8.3,288,7.893769085249776,-2.5648410533120622
2020-04-16 12:00:00,26.3,51,15.3,0.0,27,813.0,8.3,288,7.893769085249776,-2.5648410533120622
2020-04-16 13:00:00,26.5,51,15.5,0.0,25,683.0,9.2,281,9.030970087718506,-1.7554427574642149
2020-04-16 14:00:00,26.6,51,15.8,0.0,12,663.0,9.4,277,9.329933825428428,-1.1455718280083882
2020-04-16 15:00:00,26.4,53,16.1,0.0,2,607.0,9.4,277,9.329933825428428,-1.1455718280083882
2020-04-16 16:00:00,26.0,56,16.5,0.0,0,441.0,9.2,281,9.030970087718506,-1.7554427574642149
2020-04-16 17:00:00,25.3,59,16.8,0.0,0,238.0,8.4,290,7.893418014601631,-2.87296920393562
2020-04-16 18:00:00,24.4,64,17.1,0.0,0,67.0,6.2,306,5.015905365124675,-3.644268564213332
2020-04-16 19:00:00,23.2,73,18.1,0.0,0,1.0,7.4,317,5.046787864462488,-5.412017391981864
2020-04-16 20:00:00,21.8,79,18.1,0.0,3,0.0,6.7,344,1.8467702839738929,-6.440453362786736
2020-04-16 21:00:00,20.6,84,17.8,0.0,10,0.0,6.1,357,0.3192493330819606,-6.0916401620029
2020-04-16 22:00:00,20.0,87,17.8,0.0,18,0.0,5.8,360,1.4205902870109297e-15,-5.8
2020-04-16 23:00:00,19.6,89,17.7,0.0,20,0.0,5.4,360,1.3226185430791417e-15,-5.4
2020-04-17 00:00:00,19.2,89,17.4,0.0,21,0.0,5.1,8,-0.7097828148963337,-5.050367150582009
2020-04-17 01:00:00,18.8,90,17.1,0.0,20,0.0,4.5,14,-1.0886485301985047,-4.366330768241984
2020-04-17 02:00:00,18.4,91,16.9,0.0,33,0.0,4.7,9,-0.7352419856890852,-4.642135200797148
2020-04-17 03:00:00,18.8,92,17.4,0.0,17,0.0,6.2,10,-1.0766187015349682,-6.10580806867569
2020-04-17 04:00:00,18.0,94,17.0,0.0,6,0.0,6.2,10,-1.0766187015349682,-6.10580806867569
2020-04-17 05:00:00,17.7,95,16.9,0.0,6,0.0,6.2,10,-1.0766187015349682,-6.10580806867569
2020-04-17 06:00:00,17.9,96,17.2,0.0,5,1.0,7.3,11,-1.392905666248777,-7.165878439167947
2020-04-17 07:00:00,20.3,92,19.0,0.0,14,60.0,7.3,9,-1.1419715947936853,-7.210124886344506
2020-04-17 08:00:00,23.3,80,19.7,0.0,11,229.0,6.1,357,0.3192493330819606,-6.0916401620029
2020-04-17 09:00:00,24.9,73,19.7,0.0,11,437.0,7.4,337,2.891410350820627,-6.811735915548058
2020-04-17 10:00:00,26.1,66,19.3,0.0,47,639.0,8.0,324,4.702282018339787,-6.472135954999579
2020-04-17 11:00:00,27.1,61,19.0,0.0,56,759.0,8.9,320,5.720809726210202,-6.817795543758902
2020-04-17 12:00:00,27.7,59,19.0,0.0,35,825.0,9.4,317,6.410784584587484,-6.874724795220205
2020-04-17 13:00:00,28.0,58,18.9,0.0,20,801.0,10.4,316,7.224447052773575,-7.481133923521969
2020-04-17 14:00:00,28.0,57,18.8,0.0,30,626.0,10.9,316,7.571776238003074,-7.840803823691295
2020-04-17 15:00:00,27.8,58,18.9,0.0,12,600.0,10.9,316,7.571776238003074,-7.840803823691295
2020-04-17 16:00:00,27.5,59,18.7,0.0,8,411.0,10.5,319,6.888619804400328,-7.924450592339105
2020-04-17 17:00:00,27.0,60,18.7,0.0,10,238.0,9.8,324,5.76029547246624,-7.928366544874485
2020-04-17 18:00:00,25.8,66,18.9,0.0,21,65.0,6.5,326,3.6347538725598527,-5.388744221607772
2020-04-17 19:00:00,24.7,72,19.2,0.0,31,1.0,7.7,332,3.61493103345136,-6.798696465013738
2020-04-17 20:00:00,24.2,74,19.2,0.0,32,0.0,2.2,351,0.3441558230885084,-2.172914349309303
2020-04-17 21:00:00,23.7,76,19.3,0.0,35,0.0,1.1,180,-1.3471114790620887e-16,1.1
2020-04-17 22:00:00,23.3,78,19.3,0.0,33,0.0,2.7,157,-1.0549740469210394,2.485363104321589
2020-04-17 23:00:00,22.4,82,19.2,0.0,24,0.0,1.6,207,0.7263847995832746,1.4256104387013888
2020-04-18 00:00:00,20.7,89,18.9,0.0,20,0.0,1.9,338,0.7117525274902334,-1.7616493236768958
2020-04-18 01:00:00,20.0,92,18.7,0.0,20,0.0,3.3,347,0.7423384793347556,-3.215421213791276
2020-04-18 02:00:00,19.4,94,18.4,0.0,24,0.0,4.2,20,-1.4364846019678086,-3.946709007300816
2020-04-18 03:00:00,20.9,91,19.4,0.0,25,0.0,4.3,48,-3.195522749552795,-2.8772616073430903
2020-04-18 04:00:00,19.5,94,18.6,0.0,29,0.0,5.0,60,-4.330127018922193,-2.5000000000000004
2020-04-18 05:00:00,19.5,94,18.5,0.0,31,0.0,5.4,48,-4.012982057577929,-3.613305274337834
2020-04-18 06:00:00,19.3,95,18.4,0.0,32,1.0,6.6,29,-3.1997434936258244,-5.772490067120011
2020-04-18 07:00:00,21.9,90,20.2,0.0,30,55.0,7.2,18,-2.224922359499621,-6.8476069173251055
2020-04-18 08:00:00,25.3,74,20.4,0.0,34,238.0,5.9,14,-1.4273391840380396,-5.72474478502838
2020-04-18 09:00:00,26.7,68,20.2,0.0,32,413.0,3.6,6,-0.3763024677635525,-3.580278823325784
2020-04-18 10:00:00,27.8,63,20.2,0.0,31,542.0,1.8,323,1.083267041673687,-1.437543918085127
2020-04-18 11:00:00,28.6,62,20.6,0.0,34,598.0,4.0,280,3.939231012048833,-0.6945927106677199
2020-04-18 12:00:00,29.1,62,20.9,0.0,36,561.0,6.2,277,6.153786140176196,-0.7555899291119157
2020-04-18 13:00:00,29.2,62,21.2,0.0,42,503.0,7.2,267,7.190132650232932,0.376818884949199
2020-04-18 14:00:00,29.0,64,21.4,0.0,42,346.0,7.2,264,7.160557646651569,0.7526049355271042
2020-04-18 15:00:00,29.0,62,21.1,0.0,33,357.0,6.5,264,6.464392319893777,0.6794350112397468
2020-04-18 16:00:00,28.7,64,21.2,0.0,39,253.0,6.1,273,6.0916401620029,-0.3192493330819581
2020-04-18 17:00:00,28.2,66,21.4,0.0,24,156.0,5.0,291,4.667902132486009,-1.791839747726502
2020-04-18 18:00:00,27.3,72,21.8,0.0,28,44.0,5.1,321,3.2095339943541727,-3.96344440343055
2020-04-18 19:00:00,26.3,78,22.1,0.0,37,0.0,7.0,325,4.015035054457325,-5.734064310022941
2020-04-18 20:00:00,25.7,82,22.3,0.0,46,0.0,6.0,335,2.535709570444195,-5.4378467222199
2020-04-18 21:00:00,25.4,84,22.4,0.0,45,0.0,3.6,6,-0.3763024677635525,-3.580278823325784
2020-04-18 22:00:00,25.1,85,22.4,0.0,47,0.0,2.2,81,-2.1729143493093037,-0.344155823088508
2020-04-18 23:00:00,24.5,87,22.3,0.0,42,0.0,2.4,153,-1.0895771993749124,2.138415658052083
2020-04-19 00:00:00,23.1,92,21.8,0.0,49,0.0,5.2,164,-1.433314250248396,4.998560818879258
2020-04-19 01:00:00,23.2,93,21.9,0.0,29,0.0,6.2,187,0.7555899291119134,6.153786140176197
2020-04-19 02:00:00,23.3,93,22.1,0.0,17,0.0,5.6,195,1.4493866525741164,5.409184627218783
2020-04-19 03:00:00,23.3,93,22.1,0.0,28,0.0,6.3,167,-1.4171916423663506,6.1385314081469815
2020-04-19 04:00:00,23.7,92,22.4,0.0,45,0.0,6.6,167,-1.4846769586695103,6.430842427582552
2020-04-19 05:00:00,23.1,94,22.1,0.0,80,0.0,7.9,164,-2.177535110954294,7.59396739791272
2020-04-19 06:00:00,23.6,92,22.3,0.0,74,1.0,6.2,159,-2.221881287180861,5.788198644282651
2020-04-19 07:00:00,24.9,87,22.6,0.0,65,29.0,10.1,163,-2.95295421769964,9.65867803522666
2020-04-19 08:00:00,26.6,78,22.4,0.0,89,93.0,13.2,169,-2.5186787389703933,12.957478821509165
2020-04-19 09:00:00,27.7,74,22.6,0.0,92,155.0,17.0,174,-1.7769838755501135,16.906872221260645
2020-04-19 10:00:00,28.3,73,22.9,0.0,92,115.0,18.0,183,0.9420472123729842,17.975331625582328
2020-04-19 11:00:00,28.8,71,23.1,0.0,58,156.0,18.4,191,3.5108855149284226,18.061940175437016
2020-04-19 12:00:00,28.9,71,23.1,0.0,65,234.0,19.9,197,5.818196923982462,19.0304646436644
2020-04-19 13:00:00,29.6,68,23.1,0.0,88,489.0,17.6,215,10.094945279778411,14.417075979486256
2020-04-19 14:00:00,29.6,67,22.9,0.0,99,490.0,16.3,229,12.301766157631183,10.693762172545268
2020-04-19 15:00:00,28.4,73,23.0,0.2,82,299.0,14.3,231,11.11318724883468,8.999281592012682
2020-04-19 16:00:00,28.3,73,22.9,0.0,39,304.0,11.9,235,9.747909327039,6.825559592577452
2020-04-19 17:00:00,27.7,74,22.7,0.0,29,181.0,9.4,227,6.874724795220202,6.410784584587487
2020-04-19 18:00:00,26.8,79,22.8,0.0,23,52.0,5.4,228,4.01298205757793,3.613305274337834
2020-04-19 19:00:00,25.7,85,22.9,0.0,24,1.0,7.1,221,4.6580191058326,5.358438019581682
2020-04-19 20:00:00,24.8,89,22.9,0.0,22,0.0,6.5,214,3.6347538725598536,5.388744221607771
2020-04-19 21:00:00,24.0,93,22.8,0.0,22,0.0,7.5,215,4.301823272632846,6.143640332167439
2020-04-19 22:00:00,23.5,94,22.5,0.0,21,0.0,7.5,215,4.301823272632846,6.143640332167439
2020-04-19 23:00:00,23.1,95,22.2,0.0,20,0.0,7.7,217,4.633975678270772,6.149493427364155
2020-04-20 00:00:00,22.8,95,21.9,0.0,32,0.0,7.6,225,5.37401153701776,5.374011537017762
2020-04-20 01:00:00,22.7,95,21.8,0.0,28,0.0,8.4,239,7.200205325897742,4.326319829244457
2020-04-20 02:00:00,22.5,95,21.7,0.0,27,0.0,8.9,256,8.635631963856369,2.1531048708370437
2020-04-20 03:00:00,22.2,95,21.4,0.0,31,0.0,7.7,281,7.558529312547012,-1.4692292643993974
2020-04-20 04:00:00,21.5,96,20.9,0.0,33,0.0,7.0,305,5.734064310022943,-4.015035054457322
2020-04-20 05:00:00,21.4,95,20.6,0.0,46,0.0,6.4,322,3.940233442084213,-5.043268823083022
2020-04-20 06:00:00,21.4,95,20.6,0.0,32,2.0,5.9,346,1.4273391840380405,-5.72474478502838
2020-04-20 07:00:00,23.0,94,22.0,0.0,21,74.0,6.2,353,0.7555899291119128,-6.153786140176197
2020-04-20 08:00:00,25.3,83,22.2,0.0,19,236.0,6.8,342,2.101315561749644,-6.467184310807044
2020-04-20 09:00:00,26.4,75,21.6,0.0,5,402.0,5.9,322,3.632402704421384,-4.64926344627966
2020-04-20 10:00:00,27.4,68,21.0,0.0,1,569.0,5.5,302,4.664264528860343,-2.9145559532826257
2020-04-20 11:00:00,28.5,62,20.4,0.0,1,744.0,5.5,281,5.398949508962152,-1.049449474570998
2020-04-20 12:00:00,29.3,58,20.0,0.0,6,843.0,7.6,273,7.589584464134761,-0.3977532674463739
2020-04-20 13:00:00,29.6,56,19.9,0.0,7,842.0,9.4,277,9.329933825428428,-1.1455718280083882
2020-04-20 14:00:00,29.5,56,19.8,0.0,5,745.0,10.6,280,10.438962181929409,-1.8406706832694577
2020-04-20 15:00:00,29.1,58,20.0,0.0,2,593.0,11.2,291,10.45610077676866,-4.013721034907364
2020-04-20 16:00:00,28.6,60,20.0,0.0,1,441.0,11.2,303,9.393110360988752,-6.099957192168298
2020-04-20 17:00:00,27.8,63,20.1,0.0,0,237.0,9.9,316,6.877117867544077,-7.121464023352644
2020-04-20 18:00:00,26.7,69,20.5,0.0,0,63.0,8.5,324,4.996174644486024,-6.876644452187052
2020-04-20 19:00:00,25.6,75,20.8,0.0,0,1.0,5.8,330,2.9000000000000026,-5.022947341949743
2020-04-20 20:00:00,24.7,83,21.5,0.0,1,0.0,5.9,313,4.3149868395531055,-4.023790324368742
2020-04-20 21:00:00,23.9,86,21.4,0.0,2,0.0,6.1,315,4.31335136523794,-4.3133513652379385
2020-04-20 22:00:00,23.5,87,21.2,0.0,1,0.0,5.5,337,2.1490212066910064,-5.062776693988422
2020-04-20 23:00:00,22.5,91,20.9,0.0,1,0.0,5.2,326,2.907803098047882,-4.3109953772862175
2020-04-21 00:00:00,22.2,92,20.7,0.0,0,0.0,6.8,328,3.603450996785794,-5.766727053863695
2020-04-21 01:00:00,22.3,91,20.8,0.0,1,0.0,7.4,337,2.891410350820627,-6.811735915548058
2020-04-21 02:00:00,21.9,93,20.6,0.0,2,0.0,6.8,342,2.101315561749644,-6.467184310807044
2020-04-21 03:00:00,21.4,93,20.3,0.0,4,0.0,7.3,340,2.4967470462773806,-6.859756131737131
2020-04-21 04:00:00,21.2,94,20.1,0.0,2,0.0,7.8,338,2.921931428644116,-7.232034065620941
2020-04-21 05:00:00,21.0,94,19.9,0.0,2,0.0,7.6,341,2.474317973874391,-7.185941174554808
2020-04-21 06:00:00,21.0,94,20.0,0.0,4,2.0,6.5,354,0.6794350112397471,-6.4643923198937765
2020-04-21 07:00:00,23.7,87,21.3,0.0,1,79.0,5.8,353,0.7068421917498539,-5.756767679519668
2020-04-21 08:00:00,25.6,73,20.5,0.0,0,249.0,5.2,335,2.197614961051636,-4.71280049259058
2020-04-21 09:00:00,26.7,69,20.5,0.0,4,441.0,5.8,300,5.022947341949744,-2.9000000000000004
2020-04-21 10:00:00,27.6,65,20.5,0.0,2,580.0,8.9,297,7.929958065276476,-4.040515447681965
2020-04-21 11:00:00,28.4,63,20.6,0.0,13,732.0,11.1,306,8.980088637561918,-6.5244163004464495
2020-04-21 12:00:00,28.9,61,20.7,0.0,19,810.0,12.0,316,8.33590044550797,-8.63207760406381
2020-04-21 13:00:00,29.0,61,20.8,0.0,31,765.0,12.8,320,8.227681403987708,-9.805368871922916
2020-04-21 14:00:00,28.9,62,20.9,0.0,30,686.0,12.9,324,7.582429754572907,-10.43631922743682
2020-04-21 15:00:00,28.3,64,20.9,0.0,77,540.0,13.9,329,7.159029241249757,-11.914625479759358
2020-04-21 16:00:00,27.8,66,20.8,0.0,83,377.0,14.8,334,6.487892972478352,-13.30215188522767
2020-04-21 17:00:00,26.8,70,20.8,0.0,66,196.0,15.8,339,5.662213602815752,-14.750570738655783
2020-04-21 18:00:00,25.7,74,20.8,0.0,46,57.0,16.2,343,4.736421616508342,-15.492137046601172
2020-04-21 19:00:00,24.6,80,20.9,0.0,28,1.0,14.6,344,4.024305394928184,-14.034420760699456
2020-04-21 20:00:00,23.9,83,20.9,0.0,27,0.0,14.7,349,2.8048922320352063,-14.42991959668066
2020-04-21 21:00:00,23.3,87,20.9,0.0,48,0.0,17.1,353,2.0839657722280176,-16.97253919306661
2020-04-21 22:00:00,22.9,88,20.9,0.0,65,0.0,18.1,355,1.5775189437326156,-18.0311240354606
2020-04-21 23:00:00,22.7,89,20.8,0.0,37,0.0,17.3,359,0.3019266313650056,-17.29736512620557
2020-04-22 00:00:00,22.4,90,20.7,0.0,43,0.0,15.8,359,0.2757480217090802,-15.797593583470984
2020-04-22 01:00:00,22.3,91,20.7,0.0,43,0.0,15.2,353,1.8524140197582375,-15.086701504948095
2020-04-22 02:00:00,22.2,91,20.7,0.0,47,0.0,16.3,352,2.268521545649074,-16.141369520487597
2020-04-22 03:00:00,22.0,91,20.4,0.0,34,0.0,17.5,352,2.435529266801153,-17.32969120297748
2020-04-22 04:00:00,21.9,91,20.3,0.0,42,0.0,17.8,352,2.4772811970891726,-17.62677162359995
2020-04-22 05:00:00,21.9,90,20.2,0.0,35,0.0,17.8,353,2.1692743126116207,-17.667321499215532
2020-04-22 06:00:00,21.9,90,20.1,0.0,55,2.0,18.8,353,2.291143656016768,-18.659867650856857
2020-04-22 07:00:00,22.5,85,19.8,0.0,32,57.0,19.1,357,0.9996167642402376,-19.07382411381236
2020-04-22 08:00:00,23.4,79,19.6,0.0,22,198.0,19.9,354,2.080116419026303,-19.79098571782864
2020-04-22 09:00:00,24.6,72,19.3,0.2,30,393.0,18.4,354,1.9233237241248229,-18.299202874776228
2020-04-22 10:00:00,25.9,67,19.2,0.0,26,503.0,15.9,354,1.6620025659556894,-15.812898136355546
2020-04-22 11:00:00,26.7,64,19.3,0.0,37,518.0,14.1,345,3.6493485359455415,-13.619554150675864
2020-04-22 12:00:00,27.4,62,19.3,0.0,35,679.0,15.6,341,5.078863209531645,-14.750089779349343
2020-04-22 13:00:00,27.4,62,19.3,0.0,35,557.0,16.0,346,3.870750329594686,-15.524731620415944
2020-04-22 14:00:00,27.4,61,19.2,0.0,38,624.0,16.8,345,4.348159957722348,-16.22755388165635
2020-04-22 15:00:00,26.8,63,19.1,0.1,49,391.0,18.9,346,4.572323826833722,-18.33858922661633
2020-04-22 16:00:00,25.7,67,19.1,0.2,61,174.0,21.7,349,4.140555199671019,-21.30130988081431
2020-04-22 17:00:00,24.4,74,19.4,0.4,47,51.0,21.6,356,1.506739832873114,-21.547383485612205
2020-04-22 18:00:00,23.5,77,19.3,0.3,60,25.0,19.4,1,-0.3385766848833001,-19.39704528603399
2020-04-22 19:00:00,23.0,79,19.1,0.2,60,0.0,17.7,356,1.2346895852710238,-17.65688368959889
2020-04-22 20:00:00,22.7,80,19.1,0.2,87,0.0,17.0,354,1.776983875550108,-16.906872221260645
2020-04-22 21:00:00,22.4,83,19.3,0.9,100,0.0,16.3,355,1.4206386067868306,-16.237973578895453
2020-04-22 22:00:00,22.1,85,19.5,0.7,100,0.0,15.5,355,1.350914012588704,-15.441017820422056
2020-04-22 23:00:00,21.9,87,19.6,0.5,100,0.0,15.2,355,1.3247672897644065,-15.142159410994532
2020-04-23 00:00:00,21.9,87,19.6,0.6,100,0.0,13.3,347,2.991849022773409,-12.959121861643627
2020-04-23 01:00:00,21.8,88,19.6,0.7,100,0.0,12.5,342,3.862712429686846,-11.88820645368942
2020-04-23 02:00:00,21.6,88,19.6,0.3,100,0.0,14.0,348,2.9107636714486382,-13.694066410273278
2020-04-23 03:00:00,21.3,90,19.6,1.0,100,0.0,13.3,3,-0.696068218031153,-13.281772812235833
2020-04-23 04:00:00,21.2,91,19.6,0.4,75,0.0,12.0,7,-1.4624321208617697,-11.910553819695863
2020-04-23 05:00:00,21.1,93,19.8,0.5,78,0.0,9.4,360,2.3023359823970247e-15,-9.4
2020-04-23 06:00:00,21.0,93,19.8,0.8,83,0.0,10.4,360,2.547265342226495e-15,-10.4
2020-04-23 07:00:00,21.4,92,20.0,0.3,95,2.0,11.9,355,1.037153338697134,-11.854716907291772
2020-04-23 08:00:00,21.8,89,19.9,0.2,100,10.0,14.6,350,2.535263393937184,-14.378193193978236
2020-04-23 09:00:00,22.2,87,19.8,0.2,100,19.0,14.2,351,2.221369403571281,-14.025174436450952
2020-04-23 10:00:00,22.7,84,19.9,0.5,100,92.0,13.5,351,2.1118652780431195,-13.33379259803436
2020-04-23 11:00:00,23.6,81,20.2,0.6,100,238.0,13.8,353,1.681796938991032,-13.697136892650246
2020-04-23 12:00:00,24.3,79,20.4,0.4,100,243.0,13.4,352,1.8649195528648828,-13.26959212113704
2020-04-23 13:00:00,24.4,77,20.2,0.2,95,215.0,14.1,345,3.6493485359455415,-13.619554150675864
2020-04-23 14:00:00,24.6,76,20.0,0.2,81,292.0,15.3,345,3.959931390068567,-14.778665142222746
2020-04-23 15:00:00,24.5,71,18.9,0.0,81,204.0,16.8,350,2.917289384804431,-16.544770250605094
2020-04-23 16:00:00,24.3,71,18.6,0.0,64,183.0,17.3,358,0.6037612929532643,-17.289461307430358
2020-04-23 17:00:00,23.9,71,18.3,0.0,69,106.0,18.0,358,0.6281909406450148,-17.989034886343724
2020-04-23 18:00:00,23.0,74,18.2,0.0,57,22.0,18.4,354,1.9233237241248229,-18.299202874776228
2020-04-23 19:00:00,22.0,79,18.1,0.0,50,0.0,20.6,354,2.1532863433136606,-20.48715104458643
2020-04-23 20:00:00,21.4,81,18.1,0.1,40,0.0,20.2,2,-0.7049698333905196,-20.18769470578573
2020-04-23 21:00:00,21.0,83,18.1,0.3,45,0.0,17.7,358,0.6177210916342646,-17.689217638237995
2020-04-23 22:00:00,20.8,85,18.1,0.0,50,0.0,17.0,355,1.4816476267101917,-16.935309867559674
2020-04-23 23:00:00,20.8,85,18.1,0.4,54,0.0,16.4,351,2.5655252266597897,-16.198088785760255
2020-04-24 00:00:00,20.7,86,18.2,0.2,100,0.0,16.5,350,2.8651949315043512,-16.249327924701433
2020-04-24 01:00:00,20.6,86,18.1,0.4,100,0.0,16.0,351,2.502951440643697,-15.803013449522204
2020-04-24 02:00:00,20.6,86,18.1,0.2,100,0.0,17.4,354,1.8187952608571691,-17.304680979407955
2020-04-24 03:00:00,20.4,85,17.8,0.5,100,0.0,17.7,356,1.2346895852710238,-17.65688368959889
2020-04-24 04:00:00,20.2,86,17.8,0.4,100,0.0,14.1,3,-0.737936983025508,-14.080676440039491
2020-04-24 05:00:00,20.2,86,17.8,0.4,100,0.0,11.2,356,0.781272505934207,-11.17271736291003
2020-04-24 06:00:00,20.4,86,18.0,0.4,100,0.0,10.8,356,0.7533699164365569,-10.773691742806102
2020-04-24 07:00:00,20.8,85,18.2,0.4,100,17.0,10.4,346,2.515987714236546,-10.091075553270365
2020-04-24 08:00:00,21.3,83,18.3,0.3,100,42.0,12.2,341,3.971931484377312,-11.535326622311665
2020-04-24 09:00:00,21.6,82,18.4,0.2,100,107.0,13.7,342,4.233532822936783,-13.029474273243602
2020-04-24 10:00:00,22.3,78,18.3,0.2,100,169.0,14.3,342,4.418943019561752,-13.600108183020696
2020-04-24 11:00:00,23.0,74,18.1,0.2,100,234.0,15.4,344,4.244815279581784,-14.80343011745011
2020-04-24 12:00:00,23.2,73,18.2,0.4,100,196.0,16.6,347,3.7341875021081647,-16.174543075434904
2020-04-24 13:00:00,23.2,73,18.1,0.6,100,146.0,18.2,352,2.532950437473199,-18.02287885109658
2020-04-24 14:00:00,23.3,71,17.9,0.3,100,191.0,18.4,356,1.2835191168919116,-18.355178524780765
2020-04-24 15:00:00,22.0,75,17.4,0.3,100,84.0,16.9,358,0.5898014942722639,-16.889704976622717
2020-04-24 16:00:00,21.6,77,17.4,0.2,100,43.0,14.1,357,0.7379369830255156,-14.080676440039491
2020-04-24 17:00:00,21.3,77,17.2,0.4,100,37.0,13.7,357,0.7170026005283379,-13.68122462613766
2020-04-24 18:00:00,20.8,81,17.3,0.5,96,1.0,13.7,357,0.7170026005283379,-13.68122462613766
2020-04-24 19:00:00,20.3,83,17.3,0.1,93,0.0,11.9,357,0.622797879291038,-11.88369146357943
2020-04-24 20:00:00,20.1,84,17.3,0.0,86,0.0,9.5,349,1.8126854560771744,-9.325458242752807
2020-04-24 21:00:00,20.1,84,17.2,0.0,76,0.0,8.3,342,2.564841053312066,-7.893769085249775
2020-04-24 22:00:00,20.1,84,17.3,0.0,97,0.0,9.3,332,4.366085533908785,-8.211412613588022
2020-04-24 23:00:00,20.1,84,17.3,0.0,100,0.0,10.0,339,3.583679495453008,-9.335804264972015
2020-04-25 00:00:00,19.9,85,17.3,0.0,99,0.0,10.3,348,2.141490415422927,-10.074920287558198
2020-04-25 01:00:00,19.8,85,17.3,0.2,80,0.0,8.3,360,2.0329136865846065e-15,-8.3
2020-04-25 02:00:00,19.8,86,17.3,0.2,95,0.0,6.1,360,1.4940690949597709e-15,-6.1
2020-04-25 03:00:00,20.0,84,17.3,0.0,100,0.0,5.2,348,1.0811407922523513,-5.086367523815789
2020-04-25 04:00:00,19.8,86,17.4,0.0,91,0.0,4.7,328,2.490620541896064,-3.985826051935202
2020-04-25 05:00:00,19.6,88,17.6,0.0,87,0.0,4.8,318,3.211826910522519,-3.5670951622914924
2020-04-25 06:00:00,19.7,89,17.8,0.0,100,0.0,5.5,337,2.1490212066910064,-5.062776693988422
2020-04-25 07:00:00,21.1,81,17.6,0.0,91,46.0,6.4,344,1.764079077228793,-6.1520748540052415
2020-04-25 08:00:00,21.9,75,17.3,0.0,77,142.0,6.8,342,2.101315561749644,-6.467184310807044
2020-04-25 09:00:00,22.8,72,17.5,0.0,69,223.0,6.8,335,2.873804179836754,-6.16289295184922
2020-04-25 10:00:00,23.7,69,17.6,0.0,74,346.0,5.8,338,2.172718241812292,-5.377666356487366
2020-04-25 11:00:00,24.3,67,17.8,0.0,73,397.0,5.4,318,3.613305274337834,-4.012982057577929
2020-04-25 12:00:00,25.0,64,17.8,0.0,77,399.0,7.5,305,6.143640332167439,-4.301823272632845
2020-04-25 13:00:00,25.4,63,17.9,0.0,83,292.0,8.9,313,6.509047944410616,-6.069785404556238
2020-04-25 14:00:00,25.9,61,17.8,0.0,76,382.0,9.6,326,5.368251873319167,-7.958760696528401
2020-04-25 15:00:00,25.1,65,17.9,0.0,74,176.0,10.5,333,4.766900247265244,-9.355568503977862
2020-04-25 16:00:00,24.5,67,18.0,0.0,67,38.0,11.3,338,4.23305450559981,-10.477177556604698
2020-04-25 17:00:00,23.9,70,18.1,0.0,70,10.0,12.8,344,3.528158154457586,-12.304149708010485
2020-04-25 18:00:00,23.2,73,18.1,0.0,62,4.0,13.8,353,1.681796938991032,-13.697136892650246
2020-04-25 19:00:00,22.6,75,18.0,0.0,45,0.0,13.1,351,2.0492914920270278,-12.938717261796302
2020-04-25 20:00:00,22.3,76,17.9,0.0,61,0.0,11.9,346,2.878870557636048,-11.54651914268436
2020-04-25 21:00:00,22.0,78,17.9,0.0,59,0.0,10.5,356,0.7324429743133192,-10.474422527728152
2020-04-25 22:00:00,21.6,80,18.0,0.0,64,0.0,9.4,7,-1.1455718280083864,-9.329933825428428
2020-04-25 23:00:00,21.5,82,18.2,0.0,68,0.0,10.1,6,-1.0557374790033,-10.04467114321956
2020-04-26 00:00:00,21.2,84,18.4,0.0,71,0.0,9.5,9,-1.4861274178821933,-9.38303923565381
2020-04-26 01:00:00,21.0,86,18.5,0.0,52,0.0,7.6,3,-0.3977532674463731,-7.589584464134761
2020-04-26 02:00:00,20.7,87,18.4,0.0,57,0.0,6.5,354,0.6794350112397471,-6.4643923198937765
2020-04-26 03:00:00,21.1,84,18.2,0.0,67,0.0,6.4,344,1.764079077228793,-6.1520748540052415
2020-04-26 04:00:00,21.2,82,18.0,0.0,62,0.0,7.4,331,3.587591189822893,-6.47218583283153
2020-04-26 05:00:00,21.4,80,17.9,0.0,56,0.0,9.5,335,4.014873486536643,-8.609923976848176
2020-04-26 06:00:00,21.5,80,18.0,0.0,74,1.0,12.2,332,5.727553065987867,-10.771960632878908
2020-04-26 07:00:00,22.1,78,18.1,0.2,50,32.0,14.9,352,2.0736792043049816,-14.754994224249398
2020-04-26 08:00:00,23.2,72,17.8,0.0,45,141.0,16.6,356,1.1579574641524857,-16.55956323431308
2020-04-26 09:00:00,24.2,68,18.0,0.0,25,263.0,16.6,1,-0.2897099468589063,-16.597471739596095
2020-04-26 10:00:00,25.1,66,18.3,0.0,17,359.0,17.3,360,4.237277925049842e-15,-17.3
2020-04-26 11:00:00,26.0,64,18.5,0.0,22,596.0,17.0,354,1.776983875550108,-16.906872221260645
2020-04-26 12:00:00,26.5,62,18.6,0.0,27,698.0,17.9,351,2.8001769242201364,-17.679621296652964
2020-04-26 13:00:00,26.9,61,18.7,0.0,34,696.0,18.4,348,3.825575111046781,-17.997915853502022
2020-04-26 14:00:00,26.9,60,18.4,0.0,47,445.0,20.2,349,3.854341706606202,-19.828869105642813
2020-04-26 15:00:00,26.7,61,18.4,0.0,63,273.0,21.5,351,3.3633409983649685,-21.23529932279546
2020-04-26 16:00:00,26.1,61,18.0,0.0,66,125.0,20.6,354,2.1532863433136606,-20.48715104458643
2020-04-26 17:00:00,25.5,63,17.9,0.0,37,111.0,18.4,356,1.2835191168919116,-18.355178524780765
2020-04-26 18:00:00,24.6,66,17.9,0.0,42,42.0,17.7,354,1.8501537998374653,-17.60303754801844
2020-04-26 19:00:00,23.7,71,18.0,0.0,24,1.0,17.4,354,1.8187952608571691,-17.304680979407955
2020-04-26 20:00:00,23.0,74,18.2,0.0,19,0.0,16.2,356,1.1300548746548351,-16.16053761420915
2020-04-26 21:00:00,22.7,76,18.4,0.0,11,0.0,14.4,357,0.7536377698983989,-14.380265300465863
2020-04-26 22:00:00,22.5,78,18.6,0.0,4,0.0,11.5,360,2.8166876380389124e-15,-11.5
2020-04-26 23:00:00,22.2,81,18.8,0.0,9,0.0,9.0,360,2.204364238465236e-15,-9.0
2020-04-27 00:00:00,22.0,83,19.0,0.0,16,0.0,8.0,352,1.113384807680527,-7.922144549932562
2020-04-27 01:00:00,21.6,86,19.2,0.0,19,0.0,8.4,353,1.0237024846032368,-8.337387673787106
2020-04-27 02:00:00,21.2,89,19.3,0.0,26,0.0,8.0,352,1.113384807680527,-7.922144549932562
2020-04-27 03:00:00,20.8,90,19.2,0.0,32,0.0,8.4,350,1.4586446924022154,-8.272385125302547
2020-04-27 04:00:00,21.2,89,19.4,0.0,55,0.0,8.7,353,1.0602632876247808,-8.635151519279502
2020-04-27 05:00:00,21.3,89,19.5,0.0,54,0.0,9.0,355,0.7844016847289249,-8.96575228282571
2020-04-27 06:00:00,21.5,89,19.6,0.0,36,0.0,7.0,348,1.4553818357243191,-6.847033205136639
2020-04-27 07:00:00,22.6,84,19.8,0.0,28,31.0,7.0,348,1.4553818357243191,-6.847033205136639
2020-04-27 08:00:00,24.1,74,19.2,0.0,15,222.0,6.6,347,1.4846769586695112,-6.430842427582552
2020-04-27 09:00:00,25.2,67,18.6,0.0,20,358.0,5.6,345,1.4493866525741157,-5.409184627218783
2020-04-27 10:00:00,26.3,62,18.3,0.0,26,597.0,3.8,319,2.493024310163928,-2.867896404846533
2020-04-27 11:00:00,27.4,57,18.2,0.0,23,701.0,6.0,295,5.4378467222198985,-2.535709570444197
2020-04-27 12:00:00,27.9,57,18.5,0.0,23,635.0,8.2,299,7.171881598543044,-3.975438886019965
2020-04-27 13:00:00,27.9,58,18.9,0.0,16,644.0,10.2,309,7.926888806861101,-6.419067988708342
2020-04-27 14:00:00,27.6,59,18.9,0.0,27,572.0,11.1,324,6.524416300446454,-8.980088637561915
2020-04-27 15:00:00,27.0,62,19.0,0.0,50,396.0,11.5,340,3.933231648245189,-10.806465139037948
2020-04-27 16:00:00,26.3,65,19.1,0.3,57,163.0,9.3,347,2.092044805397948,-9.061641602502688
2020-04-27 17:00:00,25.8,67,19.1,0.0,57,80.0,8.1,347,1.8221035401853087,-7.892397524760404
2020-04-27 18:00:00,25.2,70,19.2,0.0,57,29.0,6.7,344,1.8467702839738929,-6.440453362786736
2020-04-27 19:00:00,24.5,74,19.5,0.0,53,1.0,7.6,355,0.6623836448822031,-7.571079705497266
2020-04-27 20:00:00,23.8,78,19.7,0.0,47,0.0,6.6,9,-1.0324674692655236,-6.518743047927909
2020-04-27 21:00:00,22.9,83,19.9,0.0,44,0.0,3.7,29,-1.7937955949114472,-3.2360929164157644
2020-04-27 22:00:00,22.3,87,20.0,0.0,32,0.0,2.1,59,-1.800051331474436,-1.0815799573111138
2020-04-27 23:00:00,22.0,88,20.0,0.0,26,0.0,2.2,81,-2.1729143493093037,-0.344155823088508
2020-04-28 00:00:00,21.8,89,19.9,0.0,37,0.0,3.8,107,-3.633958072659535,1.1110124779463992
2020-04-28 01:00:00,21.3,91,19.8,0.0,46,0.0,4.7,122,-3.9858260519352022,2.4906205418960625
2020-04-28 02:00:00,21.0,92,19.6,0.0,44,0.0,3.8,131,-2.867896404846534,2.493024310163927
2020-04-28 03:00:00,23.2,83,20.1,0.0,45,0.0,1.1,270,1.1,2.0206672185931328e-16
2020-04-28 04:00:00,21.9,88,19.9,0.0,51,0.0,3.9,338,1.460965714322058,-3.616017032810471
2020-04-28 05:00:00,20.7,93,19.6,0.0,50,0.0,4.7,9,-0.7352419856890852,-4.642135200797148
2020-04-28 06:00:00,20.9,94,19.8,0.0,39,2.0,4.9,36,-2.8801477362331185,-3.9641832724372423
2020-04-28 07:00:00,23.2,83,20.1,0.0,38,54.0,4.3,42,-2.8772616073430903,-3.195522749552795
2020-04-28 08:00:00,24.8,74,19.8,0.0,22,169.0,3.6,360,8.817456953860943e-16,-3.6
2020-04-28 09:00:00,25.7,70,19.7,0.0,21,350.0,6.1,332,2.863776532993933,-5.385980316439454
2020-04-28 10:00:00,26.6,65,19.5,0.0,29,508.0,6.8,328,3.603450996785794,-5.766727053863695
2020-04-28 11:00:00,27.1,63,19.4,0.0,32,600.0,6.9,321,4.342310698243882,-5.362307134053097
2020-04-28 12:00:00,27.4,61,19.2,0.0,40,578.0,8.4,320,5.399415921366932,-6.434773322199414
2020-04-28 13:00:00,27.5,60,19.0,0.0,54,600.0,9.9,327,5.391926446648768,-8.302838622659698
2020-04-28 14:00:00,27.5,60,19.1,0.0,47,546.0,10.3,335,4.352968095929202,-9.334970206477497
2020-04-28 15:00:00,27.3,59,18.5,0.0,39,344.0,11.0,337,4.298042413382013,-10.125553387976844
2020-04-28 16:00:00,26.8,60,18.5,0.0,56,169.0,9.2,339,3.296985135816767,-8.588939923774253
2020-04-28 17:00:00,26.3,62,18.4,0.0,61,148.0,6.8,357,0.3558845024520217,-6.790680836331102
2020-04-28 18:00:00,25.8,64,18.5,0.0,54,48.0,3.0,14,-0.7257656867990032,-2.910887178827989
2020-04-28 19:00:00,25.0,70,19.1,0.0,29,1.0,2.9,90,-2.9,-1.7757378587636622e-16
2020-04-28 20:00:00,24.1,78,20.1,0.0,32,0.0,3.3,131,-2.490541614735148,2.1649947956686737
2020-04-28 21:00:00,24.0,79,20.1,0.0,27,0.0,3.1,159,-1.1109406435904308,2.8940993221413254
2020-04-28 22:00:00,23.7,82,20.5,0.0,27,0.0,3.6,174,-0.3763024677635534,3.580278823325784
2020-04-28 23:00:00,23.4,85,20.7,0.0,20,0.0,5.0,180,-6.123233995736766e-16,5.0
2020-04-29 00:00:00,22.8,88,20.7,0.0,21,0.0,6.2,190,1.0766187015349689,6.10580806867569
2020-04-29 01:00:00,22.4,90,20.6,0.0,16,0.0,7.7,191,1.4692292643993945,7.558529312547013
2020-04-29 02:00:00,22.2,90,20.4,0.0,23,0.0,8.6,202,3.221616703376843,7.973781149274371
2020-04-29 03:00:00,21.6,90,19.8,0.0,23,0.0,7.9,219,4.971631089293718,6.13945309551007
2020-04-29 04:00:00,22.2,87,19.9,0.0,31,0.0,5.8,248,5.377666356487366,2.1727182418122912
2020-04-29 05:00:00,23.4,82,20.1,0.0,41,0.0,3.8,287,3.633958072659535,-1.1110124779463997
2020-04-29 06:00:00,22.4,87,20.2,0.0,43,2.0,3.5,336,1.4235782507653003,-3.1974091017491038
2020-04-29 07:00:00,23.6,83,20.6,0.0,41,50.0,5.4,352,0.7515347451843558,-5.34744757120448
2020-04-29 08:00:00,25.0,73,19.8,0.0,36,151.0,6.7,344,1.8467702839738929,-6.440453362786736
2020-04-29 09:00:00,25.9,69,19.8,0.0,38,339.0,7.1,345,1.8376152202278968,-6.858073366652385
2020-04-29 10:00:00,26.8,64,19.5,0.0,26,495.0,7.6,341,2.474317973874391,-7.185941174554808
2020-04-29 11:00:00,27.5,61,19.4,0.0,9,677.0,9.4,337,3.6728726077991753,-8.652745622452938
2020-04-29 12:00:00,28.1,59,19.3,0.0,1,829.0,11.1,335,4.6910627053217615,-10.060016436106816
2020-04-29 13:00:00,28.2,58,19.2,0.0,3,708.0,12.4,334,5.435802220184565,-11.14504617410967
2020-04-29 14:00:00,28.1,59,19.3,0.0,3,676.0,12.7,335,5.36725192410688,-11.510108895365455
2020-04-29 15:00:00,27.9,58,19.0,0.0,8,563.0,11.8,340,4.0358376912428895,-11.08837292527372
2020-04-29 16:00:00,27.6,59,18.9,0.0,8,438.0,10.7,346,2.588564282916446,-10.382164271153162
2020-04-29 17:00:00,27.1,61,18.9,0.0,4,225.0,9.5,351,1.4861274178821953,-9.383039235653808
2020-04-29 18:00:00,26.3,64,19.0,0.0,4,60.0,6.7,344,1.8467702839738929,-6.440453362786736
2020-04-29 19:00:00,25.4,69,19.3,0.0,0,2.0,5.8,338,2.172718241812292,-5.377666356487366
2020-04-29 20:00:00,24.4,76,19.9,0.0,1,0.0,2.0,315,1.4142135623730954,-1.4142135623730947
2020-04-29 21:00:00,23.9,78,19.9,0.0,1,0.0,1.8,307,1.4375439180851275,-1.0832670416736865
2020-04-29 22:00:00,23.8,79,19.9,0.0,2,0.0,1.3,304,1.0777488443215542,-0.7269507745119711
2020-04-29 23:00:00,24.0,79,20.1,0.0,9,0.0,1.8,307,1.4375439180851275,-1.0832670416736865
2020-04-30 00:00:00,23.7,81,20.2,0.0,11,0.0,3.1,291,2.8940993221413254,-1.1109406435904312
2020-04-30 01:00:00,23.5,83,20.4,0.0,13,0.0,3.8,311,2.8678964048465345,-2.4930243101639267
2020-04-30 02:00:00,23.3,85,20.5,0.0,20,0.0,3.9,326,2.180852323535912,-3.233246532964663
2020-04-30 03:00:00,21.3,93,20.1,0.0,55,0.0,6.2,324,3.644268564213335,-5.015905365124674
2020-04-30 04:00:00,20.4,95,19.6,0.0,92,0.0,6.6,331,3.199743493625823,-5.772490067120012
2020-04-30 05:00:00,20.9,94,19.9,0.0,74,0.0,7.6,341,2.474317973874391,-7.185941174554808
2020-04-30 06:00:00,21.4,93,20.3,0.0,66,1.0,10.0,347,2.249510543438653,-9.743700647852352
2020-04-30 07:00:00,23.0,87,20.7,0.0,63,76.0,9.9,350,1.719116958902611,-9.74959675482086
2020-04-30 08:00:00,24.6,77,20.3,0.0,53,210.0,10.1,354,1.0557374790032994,-10.04467114321956
2020-04-30 09:00:00,25.8,70,20.0,0.0,48,363.0,9.1,353,1.1090110249868397,-9.03216997993603
2020-04-30 10:00:00,27.1,64,19.6,0.0,41,553.0,9.9,341,3.223124729125852,-9.360633898433235
2020-04-30 11:00:00,28.1,57,18.8,0.0,35,669.0,10.6,336,4.311408416603482,-9.68358185101157
2020-04-30 12:00:00,28.6,53,18.1,0.0,41,634.0,10.6,332,4.976398565530443,-9.359244484304623
2020-04-30 13:00:00,29.0,49,17.4,0.0,41,702.0,10.9,326,6.095202647831138,-9.036509540849956
2020-04-30 14:00:00,29.1,48,16.9,0.0,37,685.0,11.4,325,6.5387713744019305,-9.338333304894505
2020-04-30 15:00:00,28.7,48,16.6,0.0,37,580.0,11.8,333,5.357087896926655,-10.51387698542274
2020-04-30 16:00:00,28.3,49,16.6,0.0,28,412.0,11.4,342,3.522793735874404,-10.84204428576475
2020-04-30 17:00:00,27.7,52,17.0,0.0,32,205.0,10.7,346,2.588564282916446,-10.382164271153162
2020-04-30 18:00:00,26.8,57,17.5,0.0,28,60.0,10.2,352,1.419565629792672,-10.100734301164016
2020-04-30 19:00:00,25.7,63,18.1,0.0,22,1.0,8.6,358,0.300135671641507,-8.594761112364223
2020-04-30 20:00:00,24.9,69,18.8,0.0,28,0.0,7.6,3,-0.3977532674463731,-7.589584464134761
2020-04-30 21:00:00,24.2,75,19.4,0.0,28,0.0,8.3,2,-0.2896658226307581,-8.294943864258496
2020-04-30 22:00:00,23.5,81,20.1,0.0,26,0.0,5.6,15,-1.449386652574116,-5.409184627218783
2020-04-30 23:00:00,23.7,81,20.3,0.0,16,0.0,1.8,90,-1.8,-1.1021821192326179e-16
2020-05-01 00:00:00,24.2,79,20.4,0.0,17,0.0,3.5,156,-1.4235782507653014,3.197409101749103
2020-05-01 01:00:00,24.0,81,20.5,0.0,10,0.0,6.3,193,1.417191642366349,6.1385314081469815
2020-05-01 02:00:00,23.4,83,20.4,0.0,17,0.0,6.2,173,-0.7555899291119148,6.153786140176196
2020-05-01 03:00:00,23.5,81,20.1,0.0,19,0.0,4.7,180,-5.755839955992562e-16,4.7
2020-05-01 04:00:00,24.0,80,20.4,0.0,29,0.0,3.6,225,2.545584412271571,2.545584412271572
2020-05-01 05:00:00,24.1,81,20.5,0.0,34,0.0,3.3,319,2.164994795668674,-2.490541614735147
2020-05-01 06:00:00,22.6,88,20.4,0.0,41,3.0,6.6,338,2.4724035165450213,-6.119413440140796
2020-05-01 07:00:00,24.6,80,20.9,0.0,42,60.0,8.9,346,2.153104870837044,-8.635631963856369
2020-05-01 08:00:00,26.2,69,20.2,0.0,29,257.0,9.7,345,2.5105447374944503,-9.369480515003962
2020-05-01 09:00:00,27.4,63,19.6,0.0,36,409.0,8.7,343,2.543633831087813,-8.319851376878407
2020-05-01 10:00:00,28.4,54,18.2,0.0,27,539.0,8.7,336,3.538608794759461,-7.947845481490628
2020-05-01 11:00:00,29.0,49,17.4,0.0,26,560.0,10.6,332,4.976398565530443,-9.359244484304623
2020-05-01 12:00:00,29.6,47,17.1,0.0,30,657.0,12.9,330,6.4500000000000055,-11.171727708819256
2020-05-01 13:00:00,29.8,46,16.9,0.0,35,733.0,12.9,337,5.040431557511633,-11.87451260953648
2020-05-01 14:00:00,29.9,45,16.6,0.0,33,656.0,12.1,343,3.5376976271451195,-11.571287547152728
2020-05-01 15:00:00,29.4,43,15.7,0.0,27,427.0,11.8,340,4.0358376912428895,-11.08837292527372
2020-05-01 16:00:00,29.3,44,15.8,0.0,40,360.0,11.9,346,2.878870557636048,-11.54651914268436
2020-05-01 17:00:00,28.7,46,16.1,0.0,41,217.0,10.1,354,1.0557374790032994,-10.04467114321956
2020-05-01 18:00:00,27.9,50,16.5,0.0,32,71.0,10.2,352,1.419565629792672,-10.100734301164016
2020-05-01 19:00:00,26.8,56,17.4,0.0,22,2.0,10.5,352,1.4613175600806918,-10.397814721786489
2020-05-01 20:00:00,25.9,64,18.5,0.0,17,0.0,9.4,2,-0.3280552690035091,-9.3942737739795
2020-05-01 21:00:00,25.4,69,19.2,0.0,12,0.0,7.3,9,-1.1419715947936853,-7.210124886344506
2020-05-01 22:00:00,24.8,73,19.7,0.0,30,0.0,7.4,23,-2.891410350820626,-6.811735915548059
2020-05-01 23:00:00,24.1,78,20.0,0.0,22,0.0,4.0,80,-3.939231012048832,-0.6945927106677217
2020-05-02 00:00:00,23.5,79,19.7,0.0,26,0.0,5.1,135,-3.606244584051392,3.606244584051392
2020-05-02 01:00:00,23.3,77,19.1,0.0,28,0.0,7.4,151,-3.587591189822896,6.472185832831529
2020-05-02 02:00:00,23.3,76,18.9,0.0,29,0.0,8.4,170,-1.4586446924022145,8.272385125302547
2020-05-02 03:00:00,23.1,83,20.0,0.0,33,0.0,9.0,180,-1.102182119232618e-15,9.0
2020-05-02 04:00:00,22.9,85,20.3,0.0,25,0.0,8.7,187,1.0602632876247815,8.635151519279502
2020-05-02 05:00:00,22.8,88,20.7,0.0,25,0.0,6.9,189,1.0793978087775922,6.815049550106451
2020-05-02 06:00:00,23.0,89,21.0,0.0,26,5.0,1.4,180,-1.7145055188062944e-16,1.4
2020-05-02 07:00:00,25.6,78,21.5,0.0,38,90.0,0.8,333,0.3631923997916376,-0.7128052193506943
2020-05-02 08:00:00,27.4,68,21.0,0.0,37,258.0,2.2,261,2.172914349309303,0.3441558230885083
2020-05-02 09:00:00,28.7,64,21.1,0.0,20,433.0,3.6,225,2.545584412271571,2.545584412271572
2020-05-02 10:00:00,29.8,61,21.4,0.0,26,578.0,5.9,232,4.649263446279661,3.632402704421383
2020-05-02 11:00:00,30.8,58,21.5,0.0,25,649.0,9.4,238,7.971652103870404,4.981241083792128
2020-05-02 12:00:00,31.3,58,22.0,0.0,75,659.0,13.0,236,10.777488443215544,7.269507745119705
2020-05-02 13:00:00,30.7,62,22.6,0.2,40,626.0,14.8,252,14.075636441168273,4.573451516749224
2020-05-02 14:00:00,29.9,66,22.8,0.5,67,595.0,14.6,261,14.42024977268901,2.283943189587373
2020-05-02 15:00:00,27.7,76,23.1,0.6,74,484.0,11.6,254,11.1506356728845,3.197393327477187
2020-05-02 16:00:00,27.9,76,23.2,0.2,65,333.0,8.7,253,8.319851376878407,2.5436338310878126
2020-05-02 17:00:00,27.8,76,23.2,0.0,45,175.0,6.3,239,5.400153994423306,3.2447398719333425
2020-05-02 18:00:00,27.4,78,23.2,0.0,34,42.0,3.3,264,3.281922254715302,0.3449439287832561
2020-05-02 19:00:00,26.8,81,23.3,0.0,31,1.0,0.4,180,-4.8985871965894125e-17,0.4
2020-05-02 20:00:00,26.3,85,23.5,0.0,31,0.0,1.1,180,-1.3471114790620887e-16,1.1
2020-05-02 21:00:00,25.4,90,23.6,0.0,22,0.0,1.0,225,0.7071067811865475,0.7071067811865477
2020-05-02 22:00:00,24.8,92,23.5,0.0,18,0.0,4.8,138,-3.21182691052252,3.567095162291492
2020-05-02 23:00:00,24.3,93,23.2,0.0,22,0.0,7.3,160,-2.496747046277383,6.8597561317371305
2020-05-03 00:00:00,24.1,94,23.0,0.0,37,0.0,7.6,177,-0.3977532674463729,7.589584464134761
2020-05-03 01:00:00,24.2,93,22.9,0.0,48,0.0,6.9,171,-1.0793978087775935,6.81504955010645
2020-05-03 02:00:00,24.3,91,22.8,0.0,36,0.0,7.5,163,-2.1927877854205247,7.172285669722767
2020-05-03 03:00:00,24.0,93,22.8,0.0,30,0.0,8.6,165,-2.2258437878816806,8.306962106085987
2020-05-03 04:00:00,24.0,92,22.6,0.0,29,0.0,9.4,173,-1.1455718280083869,9.329933825428428
2020-05-03 05:00:00,24.0,91,22.5,0.0,43,0.0,10.1,178,-0.3524849166952615,10.093847352892867
2020-05-03 06:00:00,24.1,90,22.4,0.0,32,4.0,7.2,180,-8.817456953860943e-16,7.2
2020-05-03 07:00:00,25.7,83,22.5,0.0,43,95.0,8.3,198,2.5648410533120627,7.893769085249776
2020-05-03 08:00:00,27.4,75,22.5,0.0,53,260.0,10.6,208,4.976398565530443,9.359244484304623
2020-05-03 09:00:00,28.5,69,22.2,0.0,41,442.0,11.6,216,6.818308926592687,9.38459713474939
2020-05-03 10:00:00,29.5,64,22.0,0.0,29,580.0,13.0,231,10.102897498940616,8.181165083647892
2020-05-03 11:00:00,29.9,63,22.1,0.0,38,576.0,12.7,235,10.403230962470191,7.284420741658288
2020-05-03 12:00:00,30.4,61,22.0,0.0,38,664.0,12.9,243,11.493984162029944,5.856477446640155
2020-05-03 13:00:00,30.6,60,22.1,0.0,44,726.0,13.9,253,13.29263610788619,4.063966695646045
2020-05-03 14:00:00,30.6,61,22.2,0.0,42,660.0,13.6,259,13.35012969488823,2.5950023371210067
2020-05-03 15:00:00,30.2,63,22.4,0.0,28,595.0,12.7,262,12.57640447301794,1.7674983821928358
2020-05-03 16:00:00,29.7,65,22.5,0.0,20,442.0,11.7,259,11.485038046337667,2.232465245905572
2020-05-03 17:00:00,28.9,68,22.5,0.0,15,246.0,11.3,253,10.8062437423823,3.303800263366929
2020-05-03 18:00:00,27.8,74,22.8,0.0,13,77.0,10.7,258,10.46617932785172,2.2246550917500296
2020-05-03 19:00:00,26.6,81,23.0,0.0,12,2.0,9.6,257,9.353952621938255,2.1595301217011063
2020-05-03 20:00:00,25.9,85,23.2,0.0,13,0.0,7.9,246,7.217009115376548,3.2132194802988208
2020-05-03 21:00:00,25.4,88,23.3,0.0,5,0.0,7.4,231,5.750880114781583,4.656970893768801
2020-05-03 22:00:00,25.1,90,23.3,0.0,9,0.0,7.3,213,3.9758649556096977,6.122295146001595
2020-05-03 23:00:00,24.9,92,23.4,0.0,21,0.0,7.6,205,3.2118987892293145,6.88793918147854
2020-05-04 00:00:00,24.7,93,23.5,0.0,34,0.0,7.1,210,3.5500000000000007,6.148780366869514
2020-05-04 01:00:00,24.6,93,23.4,0.0,47,0.0,6.4,223,4.364789504399989,4.680663690362692
2020-05-04 02:00:00,24.5,94,23.4,0.0,59,0.0,6.3,239,5.400153994423306,3.2447398719333425
2020-05-04 03:00:00,24.2,94,23.1,0.0,53,0.0,6.0,245,5.437846722219901,2.5357095704441948
2020-05-04 04:00:00,23.7,95,22.9,0.0,50,0.0,5.4,250,5.074340152243906,1.8469087739586103
2020-05-04 05:00:00,23.3,95,22.5,0.0,54,0.0,4.7,261,4.642135200797148,0.7352419856890859
2020-05-04 06:00:00,23.6,93,22.5,0.0,36,5.0,4.0,280,3.939231012048833,-0.6945927106677199
2020-05-04 07:00:00,25.6,85,22.8,0.0,31,87.0,3.4,288,3.2335921554035223,-1.0506577808748203
2020-05-04 08:00:00,26.9,76,22.3,0.0,15,264.0,3.3,264,3.281922254715302,0.3449439287832561
2020-05-04 09:00:00,28.0,70,22.0,0.0,12,435.0,4.8,257,4.6769763109691285,1.0797650608505531
2020-05-04 10:00:00,29.3,63,21.6,0.0,14,650.0,6.5,251,6.14587074139556,2.116193003971518
2020-05-04 11:00:00,30.2,60,21.5,0.0,26,767.0,8.9,249,8.308865795825096,3.1894747509531767
2020-05-04 12:00:00,30.8,57,21.4,0.0,27,834.0,11.2,249,10.456100776768658,4.013721034907368
2020-05-04 13:00:00,31.2,55,21.2,0.0,29,830.0,12.5,252,11.88820645368942,3.862712429686845
2020-05-04 14:00:00,31.3,55,21.1,0.0,29,728.0,12.9,252,12.26862906020748,3.986319227436824
2020-05-04 15:00:00,30.8,58,21.4,0.0,29,547.0,12.5,252,11.88820645368942,3.862712429686845
2020-05-04 16:00:00,30.2,60,21.5,0.0,29,268.0,13.2,248,12.238826880281591,4.944807033090042
2020-05-04 17:00:00,29.3,64,21.7,0.0,29,122.0,12.6,243,11.226682204773434,5.720280296718291
2020-05-04 18:00:00,28.2,70,22.2,0.0,26,31.0,9.9,237,8.3028386226597,5.391926446648768
2020-05-04 19:00:00,27.3,75,22.5,0.0,26,1.0,8.1,225,5.727564927611034,5.727564927611036
2020-05-04 20:00:00,26.6,80,22.8,0.0,20,0.0,7.7,217,4.633975678270772,6.149493427364155
2020-05-04 21:00:00,26.2,83,23.1,0.0,4,0.0,7.4,209,3.5875911898228936,6.47218583283153
2020-05-04 22:00:00,25.9,86,23.3,0.0,1,0.0,6.8,205,2.873804179836755,6.16289295184922
2020-05-04 23:00:00,25.5,88,23.5,0.0,5,0.0,7.2,198,2.2249223594996206,6.847606917325106
2020-05-05 00:00:00,25.1,91,23.6,0.0,11,0.0,7.6,199,2.474317973874391,7.185941174554807
2020-05-05 01:00:00,24.7,93,23.5,0.0,13,0.0,7.9,196,2.177535110954292,7.59396739791272
2020-05-05 02:00:00,24.5,94,23.4,0.0,20,0.0,8.6,195,2.225843787881679,8.306962106085987
2020-05-05 03:00:00,24.4,92,23.1,0.0,13,0.0,8.3,198,2.5648410533120627,7.893769085249776
2020-05-05 04:00:00,24.3,93,23.0,0.0,23,0.0,7.0,201,2.508575646817103,6.535062985480412
2020-05-05 05:00:00,24.1,92,22.8,0.0,20,0.0,7.4,203,2.8914103508206246,6.811735915548059
2020-05-05 06:00:00,24.5,91,22.9,0.0,21,5.0,5.0,210,2.5000000000000004,4.330127018922193
2020-05-05 07:00:00,26.1,83,23.0,0.0,19,86.0,8.4,200,2.8729692039356167,7.893418014601631
2020-05-05 08:00:00,27.7,74,22.7,0.0,1,268.0,12.0,201,4.300415394543605,11.20296511796642
2020-05-05 09:00:00,29.2,66,22.1,0.0,2,481.0,13.4,204,5.450271017215723,12.241509132410853
2020-05-05 10:00:00,30.4,60,21.7,0.0,2,645.0,14.8,209,7.175182379645787,12.94437166566306
2020-05-05 11:00:00,31.3,56,21.5,0.0,0,768.0,16.8,215,9.636084130697576,13.761754344055063
2020-05-05 12:00:00,31.8,54,21.3,0.0,0,825.0,18.4,219,11.579495195317012,14.29948569080826
2020-05-05 13:00:00,31.9,52,21.0,0.0,0,816.0,20.1,223,13.70816703725622,14.70020940254533
2020-05-05 14:00:00,31.8,52,20.6,0.0,0,745.0,19.6,227,14.334532551735744,13.367167857224974
2020-05-05 15:00:00,30.7,58,21.4,0.0,0,563.0,18.1,226,13.020050386129588,12.57331650530785
2020-05-05 16:00:00,30.4,57,21.0,0.0,0,416.0,16.6,219,10.446718491427305,12.900622960185716
2020-05-05 17:00:00,29.8,58,20.7,0.0,0,250.0,15.9,213,8.65976065673893,13.334862030332244
2020-05-05 18:00:00,28.7,64,21.1,0.0,0,82.0,13.6,230,10.418204426418098,8.741911491736937
2020-05-05 19:00:00,27.6,70,21.7,0.0,4,2.0,11.6,216,6.818308926592687,9.38459713474939
2020-05-05 20:00:00,26.9,75,22.1,0.0,3,0.0,9.4,203,3.6728726077991714,8.65274562245294
2020-05-05 21:00:00,26.5,78,22.3,0.0,3,0.0,9.8,188,1.3638963894086422,9.704627073667387
2020-05-05 22:00:00,26.1,81,22.6,0.0,5,0.0,10.8,182,0.3769145643870097,10.793420931806237
2020-05-05 23:00:00,25.8,83,22.7,0.0,6,0.0,9.5,189,1.486127417882192,9.38303923565381
2020-05-06 00:00:00,25.5,85,22.7,0.0,7,0.0,8.5,192,1.767249371950956,8.314254606237347
2020-05-06 01:00:00,25.3,85,22.5,0.0,13,0.0,7.9,196,2.177535110954292,7.59396739791272
2020-05-06 02:00:00,25.1,85,22.4,0.0,10,0.0,8.1,201,2.902780391316933,7.562001454627333
2020-05-06 03:00:00,25.0,88,23.0,0.0,5,0.0,8.5,208,3.990508283680073,7.505054539300878
2020-05-06 04:00:00,25.0,89,23.1,0.0,2,0.0,8.6,213,4.683895701129233,7.212566884330647
2020-05-06 05:00:00,25.1,90,23.4,0.0,1,0.0,8.7,218,5.3562548353332256,6.855693556378481
2020-05-06 06:00:00,25.4,90,23.5,0.0,6,6.0,10.0,244,8.987940462991668,4.383711467890778
2020-05-06 07:00:00,27.2,80,23.5,0.0,12,95.0,11.4,252,10.84204428576475,3.5227937358744024
2020-05-06 08:00:00,28.6,72,23.1,0.0,15,220.0,11.7,252,11.127361240653295,3.6154988341868863
2020-05-06 09:00:00,29.6,68,23.1,0.0,17,422.0,11.1,245,10.060016436106816,4.691062705321761
2020-05-06 10:00:00,30.3,66,23.2,0.0,38,584.0,11.5,238,9.7525531057989,6.094071538681858
2020-05-06 11:00:00,31.0,64,23.3,0.0,42,705.0,13.4,239,11.486041829408302,6.901510203794729
2020-05-06 12:00:00,30.8,66,23.7,0.0,59,679.0,14.8,244,13.30215188522767,6.487892972478351
2020-05-06 13:00:00,30.7,67,23.9,0.0,33,628.0,15.1,252,14.360953396056818,4.666156615061708
2020-05-06 14:00:00,30.8,66,23.7,0.0,30,669.0,11.8,258,11.542141688658909,2.453357951649566
2020-05-06 15:00:00,30.0,68,23.4,0.0,28,380.0,10.0,257,9.743700647852352,2.2495105434386526
2020-05-06 16:00:00,29.9,67,23.0,0.0,35,322.0,10.2,247,9.38914950521489,3.9854575105905927
2020-05-06 17:00:00,29.5,68,22.9,0.0,34,160.0,10.1,235,8.273435647318815,5.793122007145568
2020-05-06 18:00:00,28.7,71,23.0,0.0,32,31.0,10.0,229,7.54709580222772,6.560590289905073
2020-05-06 19:00:00,27.8,77,23.4,0.0,30,0.0,9.4,230,7.2008177653183925,6.042203531053471
2020-05-06 20:00:00,27.3,81,23.7,0.0,32,0.0,6.6,209,3.199743493625824,5.772490067120012
2020-05-06 21:00:00,26.9,84,24.0,0.0,30,0.0,5.6,195,1.4493866525741164,5.409184627218783
2020-05-06 22:00:00,26.3,89,24.4,0.0,23,0.0,5.9,191,1.125773072721614,5.791600382341218
2020-05-06 23:00:00,26.2,90,24.4,0.0,16,0.0,6.5,177,-0.3401837155791347,6.49109197590473
2020-05-07 00:00:00,26.5,88,24.4,0.0,16,0.0,6.8,183,0.3558845024520162,6.790680836331102
2020-05-07 01:00:00,26.2,90,24.4,0.0,25,0.0,6.6,189,1.032467469265523,6.518743047927909
2020-05-07 02:00:00,26.1,91,24.5,0.0,32,0.0,5.0,201,1.7918397477265022,4.667902132486009
2020-05-07 03:00:00,26.0,88,23.9,0.0,31,0.0,3.8,221,2.4930243101639267,2.867896404846534
2020-05-07 04:00:00,26.2,87,24.0,0.0,29,0.0,3.3,276,3.281922254715302,-0.3449439287832548
2020-05-07 05:00:00,26.2,88,24.0,0.0,26,0.0,5.4,278,5.34744757120448,-0.7515347451843536
2020-05-07 06:00:00,25.3,91,23.7,0.0,20,5.0,5.5,302,4.664264528860343,-2.9145559532826257
2020-05-07 07:00:00,27.0,83,23.8,0.0,13,76.0,7.1,300,6.148780366869514,-3.5500000000000007
2020-05-07 08:00:00,28.4,73,23.2,0.0,2,263.0,9.1,288,8.654614298285898,-2.8120546488120195
2020-05-07 09:00:00,29.5,69,23.2,0.0,1,465.0,11.3,277,11.215771513546938,-1.377123580478169
2020-05-07 10:00:00,30.4,65,23.2,0.0,1,630.0,12.6,268,12.592324420440606,0.4397336584515096
2020-05-07 11:00:00,31.1,63,23.3,0.0,5,786.0,13.4,265,13.34900895442939,1.1678869528186206
2020-05-07 12:00:00,31.5,62,23.3,0.0,12,821.0,13.7,267,13.68122462613766,0.717002600528337
2020-05-07 13:00:00,31.6,61,23.2,0.0,10,747.0,13.3,273,13.281772812235833,-0.6960682180311545
2020-05-07 14:00:00,31.6,61,23.2,0.0,9,645.0,13.7,275,13.647867363856914,-1.194033675642913
2020-05-07 15:00:00,31.0,61,22.7,0.0,20,616.0,13.4,278,13.269592121137045,-1.8649195528648768
2020-05-07 16:00:00,30.6,62,22.5,0.0,28,407.0,11.3,277,11.215771513546938,-1.377123580478169
2020-05-07 17:00:00,30.0,64,22.5,0.0,13,217.0,9.1,277,9.032169979936029,-1.109011024986844
2020-05-07 18:00:00,29.1,69,22.7,0.0,11,76.0,8.9,302,7.547628055792193,-4.716281451675522
2020-05-07 19:00:00,28.0,75,23.2,0.0,9,2.0,5.9,313,4.3149868395531055,-4.023790324368742
2020-05-07 20:00:00,27.5,80,23.7,0.0,9,0.0,5.9,322,3.632402704421384,-4.64926344627966
2020-05-07 21:00:00,26.8,86,24.3,0.0,8,0.0,6.0,335,2.535709570444195,-5.4378467222199
2020-05-07 22:00:00,26.4,89,24.4,0.0,22,0.0,5.4,340,1.8469087739586103,-5.074340152243906
2020-05-07 23:00:00,26.4,89,24.4,0.0,25,0.0,4.7,328,2.490620541896064,-3.985826051935202
2020-05-08 00:00:00,26.5,89,24.5,0.0,17,0.0,4.0,297,3.564026096753472,-1.8159619989581863
2020-05-08 01:00:00,25.8,91,24.3,0.0,15,0.0,3.7,259,3.632020578756357,0.7059932828932151
2020-05-08 02:00:00,25.0,94,24.0,0.0,17,0.0,4.8,243,4.276831316104166,2.179154398749825
2020-05-08 03:00:00,25.0,91,23.4,0.0,21,0.0,6.2,249,5.78819864428265,2.2218812871808646
2020-05-08 04:00:00,24.9,91,23.4,0.0,17,0.0,5.2,245,4.712800492590581,2.197614961051636
2020-05-08 05:00:00,25.1,91,23.4,0.0,12,0.0,4.8,243,4.276831316104166,2.179154398749825
2020-05-08 06:00:00,24.9,92,23.5,0.0,9,6.0,2.6,254,2.499280409439629,0.7166571251241971
2020-05-08 07:00:00,27.0,82,23.7,0.0,8,83.0,2.9,277,2.8783838397598336,-0.3534210958749282
2020-05-08 08:00:00,28.4,73,23.1,0.0,4,278.0,4.0,270,4.0,7.34788079488412e-16
2020-05-08 09:00:00,29.5,69,23.1,0.0,2,414.0,5.8,263,5.756767679519668,0.7068421917498535
2020-05-08 10:00:00,30.5,65,23.2,0.0,2,635.0,8.4,260,8.272385125302547,1.458644692402215
2020-05-08 11:00:00,31.2,62,23.0,0.0,41,671.0,10.5,254,10.09324780735235,2.894192236078488
2020-05-08 12:00:00,31.6,60,22.9,0.0,70,662.0,12.4,248,11.497079796628164,4.645121758357313
2020-05-08 13:00:00,31.7,60,23.1,0.0,67,623.0,14.0,241,12.244675899951542,6.787334683448716
2020-05-08 14:00:00,31.7,61,23.2,0.0,14,578.0,15.1,237,12.663925575975904,8.224049428726907
2020-05-08 15:00:00,31.5,60,22.9,0.0,38,499.0,15.3,231,11.89033321029165,9.62860198306252
2020-05-08 16:00:00,31.3,61,22.9,0.0,51,399.0,16.1,230,12.333315534215544,10.348880515953288
2020-05-08 17:00:00,30.5,66,23.4,0.0,4,209.0,16.6,231,12.900622960185713,10.446718491427308
2020-05-08 18:00:00,29.3,73,24.0,0.0,17,81.0,14.5,243,12.919594600731331,6.582862246223431
2020-05-08 19:00:00,28.3,79,24.4,0.0,18,3.0,10.3,241,9.008582983535778,4.99353908853727
2020-05-08 20:00:00,27.7,83,24.6,0.0,27,0.0,5.9,218,3.632402704421384,4.64926344627966
2020-05-08 21:00:00,27.4,85,24.6,0.0,32,0.0,5.4,188,0.7515347451843538,5.34744757120448
2020-05-08 22:00:00,27.0,86,24.6,0.0,22,0.0,6.2,159,-2.221881287180861,5.788198644282651
2020-05-08 23:00:00,26.8,88,24.5,0.0,8,0.0,7.6,155,-3.211898789229316,6.887939181478539
2020-05-09 00:00:00,26.5,89,24.5,0.0,4,0.0,7.4,166,-1.790222027437541,7.180188374442374
2020-05-09 01:00:00,26.2,90,24.4,0.0,2,0.0,7.2,177,-0.3768188849491954,7.190132650232932
2020-05-09 02:00:00,25.9,91,24.4,0.0,3,0.0,8.0,185,0.6972459419812636,7.969557584733964
2020-05-09 03:00:00,25.8,93,24.5,0.0,5,0.0,7.7,191,1.4692292643993945,7.558529312547013
2020-05-09 04:00:00,25.7,93,24.4,0.0,5,0.0,7.0,201,2.508575646817103,6.535062985480412
2020-05-09 05:00:00,25.5,94,24.4,0.0,9,0.0,6.8,212,3.6034509967857926,5.766727053863697
2020-05-09 06:00:00,25.5,94,24.5,0.0,13,7.0,3.8,253,3.633958072659534,1.111012477946401
2020-05-09 07:00:00,27.5,85,24.7,0.0,27,97.0,3.6,270,3.6,6.613092715395707e-16
2020-05-09 08:00:00,28.5,79,24.5,0.1,50,260.0,5.4,270,5.4,9.919639073093561e-16
2020-05-09 09:00:00,29.6,73,24.4,0.2,43,450.0,8.3,268,8.294943864258496,0.2896658226307563
2020-05-09 10:00:00,30.6,69,24.1,0.0,28,601.0,10.1,266,10.075396907624224,0.7045403848156684
2020-05-09 11:00:00,31.1,66,23.9,0.0,21,642.0,11.6,263,11.513535359039336,1.413684383499707
2020-05-09 12:00:00,31.9,62,23.7,0.0,15,783.0,13.4,264,13.326593397934865,1.400681407786555
2020-05-09 13:00:00,32.1,62,23.8,0.0,3,699.0,14.6,261,14.42024977268901,2.283943189587373
2020-05-09 14:00:00,31.8,62,23.6,0.0,11,630.0,15.1,258,14.770028771080463,3.1394665313481727
2020-05-09 15:00:00,31.4,64,23.8,0.0,17,517.0,14.9,255,14.39229481170712,3.856403772027557
2020-05-09 16:00:00,31.0,65,23.7,0.0,8,361.0,14.3,252,13.600108183020696,4.41894301956175
2020-05-09 17:00:00,30.3,68,23.7,0.0,8,235.0,13.0,242,11.47831870716605,6.10313031621658
2020-05-09 18:00:00,29.4,72,23.8,0.0,6,77.0,12.1,243,10.781178942679247,5.493285046848517
2020-05-09 19:00:00,28.4,78,24.2,0.0,6,3.0,11.4,235,9.338333304894505,6.538771374401929
2020-05-09 20:00:00,27.8,83,24.6,0.0,9,0.0,10.2,219,6.419067988708343,7.926888806861101
2020-05-09 21:00:00,27.4,86,24.9,0.0,15,0.0,8.5,208,3.990508283680073,7.505054539300878
2020-05-09 22:00:00,27.1,88,25.0,0.0,8,0.0,8.2,195,2.1223161698406705,7.92059177557036
2020-05-09 23:00:00,26.8,90,25.0,0.0,12,0.0,7.1,195,1.8376152202278973,6.858073366652385
2020-05-10 00:00:00,26.5,91,25.0,0.0,12,0.0,6.5,183,0.3401837155791332,6.49109197590473
2020-05-10 01:00:00,26.2,93,25.0,0.0,12,0.0,6.5,174,-0.6794350112397493,6.4643923198937765
2020-05-10 02:00:00,25.8,96,25.1,0.0,14,0.0,6.5,180,-7.960204194457795e-16,6.5
2020-05-10 03:00:00,25.7,94,24.7,0.0,17,0.0,6.3,204,2.5624408513775414,5.755336383148386
2020-05-10 04:00:00,25.4,95,24.6,0.0,19,0.0,6.3,204,2.5624408513775414,5.755336383148386
2020-05-10 05:00:00,25.3,96,24.5,0.0,18,0.0,5.7,198,1.7613968679371996,5.421022142882376
2020-05-10 06:00:00,25.3,95,24.5,0.0,23,6.0,1.6,207,0.7263847995832746,1.4256104387013888
2020-05-10 07:00:00,27.1,86,24.5,0.0,15,80.0,3.8,221,2.4930243101639267,2.867896404846534
2020-05-10 08:00:00,28.5,78,24.2,0.0,26,258.0,7.1,240,6.148780366869513,3.550000000000003
2020-05-10 09:00:00,29.7,71,23.8,0.0,23,419.0,8.4,245,7.612985411107862,3.549993398621873
2020-05-10 10:00:00,30.6,66,23.5,0.0,33,562.0,9.6,250,9.02104915954472,3.283393375926418
2020-05-10 11:00:00,31.3,63,23.4,0.0,50,596.0,11.4,259,11.19054989130337,2.1752225472926088
2020-05-10 12:00:00,31.7,62,23.5,0.0,62,643.0,12.9,257,12.569373835729534,2.901868601035862
2020-05-10 13:00:00,32.1,61,23.6,0.0,32,638.0,14.9,250,14.001420049710037,5.0961001355524616
2020-05-10 14:00:00,32.2,61,23.6,0.0,10,589.0,15.1,242,13.332508652169798,7.08902059806695
2020-05-10 15:00:00,31.7,64,24.0,0.0,11,470.0,15.3,240,13.25018867790191,7.650000000000007
2020-05-10 16:00:00,31.4,65,24.1,0.0,10,379.0,15.3,240,13.25018867790191,7.650000000000007
2020-05-10 17:00:00,30.4,71,24.4,0.0,13,161.0,14.5,240,12.557368354874358,7.250000000000006
2020-05-10 18:00:00,29.3,77,24.8,0.0,34,68.0,13.3,257,12.959121861643627,2.991849022773408
2020-05-10 19:00:00,28.4,83,25.2,0.0,35,2.0,10.5,264,10.442479901366871,1.0975488643103604
2020-05-10 20:00:00,28.0,86,25.3,0.0,36,0.0,7.6,270,7.6,1.3960973510279824e-15
2020-05-10 21:00:00,27.6,87,25.3,0.1,43,0.0,5.1,274,5.087576656325104,-0.3557580160950386
2020-05-10 22:00:00,27.5,88,25.2,0.2,41,0.0,4.0,270,4.0,7.34788079488412e-16
2020-05-10 23:00:00,27.1,89,25.2,0.4,54,0.0,6.5,267,6.49109197590473,0.340183715579138
2020-05-11 00:00:00,26.5,93,25.3,1.0,80,0.0,8.3,268,8.294943864258496,0.2896658226307563
2020-05-11 01:00:00,26.1,96,25.4,0.9,86,0.0,8.4,280,8.272385125302549,-1.4586446924022118
2020-05-11 02:00:00,25.9,97,25.3,0.4,86,0.0,6.9,298,6.0923383907265976,-3.239353783222644
2020-05-11 03:00:00,25.6,96,25.0,0.6,93,0.0,6.1,315,4.31335136523794,-4.3133513652379385
2020-05-11 04:00:00,25.6,96,25.0,0.6,95,0.0,5.2,326,2.907803098047882,-4.3109953772862175
2020-05-11 05:00:00,25.5,96,24.9,0.3,99,0.0,5.2,326,2.907803098047882,-4.3109953772862175
2020-05-11 06:00:00,25.5,95,24.7,0.3,93,3.0,9.2,334,4.033014550459515,-8.268905225952334
2020-05-11 07:00:00,26.1,93,24.8,0.3,77,61.0,9.0,344,2.48073620235299,-8.65135526344487
2020-05-11 08:00:00,27.0,86,24.4,0.4,79,153.0,9.5,349,1.8126854560771744,-9.325458242752807
2020-05-11 09:00:00,28.3,78,24.1,0.1,59,348.0,9.8,343,2.8652427062828245,-9.371786608437748
2020-05-11 10:00:00,29.5,73,24.2,0.0,45,490.0,11.0,337,4.298042413382013,-10.125553387976844
2020-05-11 11:00:00,30.2,71,24.3,0.1,30,513.0,11.7,342,3.615498834186888,-11.127361240653295
2020-05-11 12:00:00,30.6,69,24.4,0.5,9,631.0,11.0,341,3.5812496990287235,-10.400704331592486
2020-05-11 13:00:00,30.4,71,24.6,0.3,10,562.0,11.2,339,4.013721034907368,-10.456100776768656
2020-05-11 14:00:00,30.2,72,24.7,1.0,29,570.0,11.4,332,5.351975815759156,-10.065602558591769
2020-05-11 15:00:00,31.2,68,24.5,0.0,13,510.0,13.0,336,5.287576359985402,-11.876090949353811
2020-05-11 16:00:00,30.8,70,24.6,0.0,6,386.0,12.6,340,4.309453805903424,-11.840127021902443
2020-05-11 17:00:00,29.4,77,24.9,2.2,21,225.0,10.8,339,3.8703738550892486,-10.082668606169776
2020-05-11 18:00:00,28.3,84,25.4,1.0,11,64.0,12.1,343,3.5376976271451195,-11.571287547152728
2020-05-11 19:00:00,27.7,87,25.3,0.0,5,2.0,10.5,352,1.4613175600806918,-10.397814721786489
2020-05-11 20:00:00,27.2,89,25.3,0.0,7,0.0,9.4,353,1.145571828008384,-9.329933825428428
2020-05-11 21:00:00,26.7,92,25.2,0.0,8,0.0,7.3,351,1.141971594793687,-7.210124886344505
2020-05-11 22:00:00,26.3,93,25.2,0.0,3,0.0,8.1,339,2.902780391316936,-7.562001454627332
2020-05-11 23:00:00,26.0,94,25.0,0.0,12,0.0,8.3,342,2.564841053312066,-7.893769085249775
2020-05-12 00:00:00,25.7,95,24.8,0.0,29,0.0,8.1,347,1.8221035401853087,-7.892397524760404
2020-05-12 01:00:00,25.5,95,24.6,0.0,37,0.0,9.9,341,3.223124729125852,-9.360633898433235
2020-05-12 02:00:00,25.4,95,24.5,0.0,49,0.0,10.1,343,2.952954217699645,-9.658678035226655
2020-05-12 03:00:00,25.3,94,24.3,0.3,65,0.0,8.2,345,2.1223161698406696,-7.92059177557036
2020-05-12 04:00:00,25.1,95,24.2,0.6,67,0.0,7.2,357,0.3768188849491994,-7.190132650232932
2020-05-12 05:00:00,25.3,93,24.1,0.0,59,0.0,4.7,4,-0.3278554265973889,-4.688551036221174
2020-05-12 06:00:00,25.3,93,24.2,0.2,56,5.0,7.4,346,1.7902220274375422,-7.180188374442374
2020-05-12 07:00:00,26.1,90,24.3,0.4,53,67.0,9.0,344,2.48073620235299,-8.65135526344487
2020-05-12 08:00:00,27.0,83,24.0,0.3,64,216.0,8.4,340,2.8729692039356163,-7.893418014601631
2020-05-12 09:00:00,27.9,78,23.8,0.1,46,343.0,11.0,328,5.829111906565255,-9.328529057720685
2020-05-12 10:00:00,28.1,75,23.3,0.2,38,331.0,13.5,326,7.549104196855079,-11.192007229493065
2020-05-12 11:00:00,28.3,73,23.1,0.1,32,338.0,13.5,326,7.549104196855079,-11.192007229493065
2020-05-12 12:00:00,28.0,75,23.2,0.5,35,150.0,14.2,330,7.100000000000006,-12.297560733739024
2020-05-12 13:00:00,28.4,75,23.5,0.6,38,346.0,15.9,327,8.659760656738928,-13.334862030332244
2020-05-12 14:00:00,27.3,80,23.5,2.1,45,41.0,19.0,333,8.625819495051392,-16.929123959578988
2020-05-12 15:00:00,27.9,74,22.9,0.4,32,498.0,18.4,356,1.2835191168919116,-18.355178524780765
2020-05-12 16:00:00,28.2,72,22.7,0.1,16,349.0,16.9,359,0.2949456687900921,-16.89742604814301
2020-05-12 17:00:00,27.9,73,22.7,0.0,17,193.0,15.2,356,1.0602984009107097,-15.162973563949327
2020-05-12 18:00:00,27.4,76,22.7,0.0,14,69.0,14.8,359,0.2582956152717967,-14.79774588831459
2020-05-12 19:00:00,26.6,80,22.9,0.0,15,2.0,13.0,354,1.3588700224794945,-12.928784639787551
2020-05-12 20:00:00,26.0,84,23.0,0.0,1,0.0,12.3,355,1.0720156357961974,-12.253194786528471
2020-05-12 21:00:00,25.6,86,23.1,0.1,3,0.0,10.6,350,1.840670683269462,-10.438962181929403
2020-05-12 22:00:00,25.4,87,23.2,0.0,2,0.0,9.5,349,1.8126854560771744,-9.325458242752807
2020-05-12 23:00:00,25.2,89,23.2,0.0,8,0.0,8.4,353,1.0237024846032368,-8.337387673787106
2020-05-13 00:00:00,25.0,89,23.2,0.0,16,0.0,7.6,355,0.6623836448822031,-7.571079705497266
2020-05-13 01:00:00,24.8,91,23.2,0.0,11,0.0,8.0,350,1.389185421335443,-7.878462024097664
2020-05-13 02:00:00,24.6,92,23.2,0.1,14,0.0,7.3,340,2.4967470462773806,-6.859756131737131
2020-05-13 03:00:00,24.5,92,23.2,0.0,14,0.0,7.4,337,2.891410350820627,-6.811735915548058
2020-05-13 04:00:00,23.9,96,23.2,0.0,12,0.0,7.8,347,1.7546182238821495,-7.600086505324834
2020-05-13 05:00:00,23.8,96,23.2,0.0,21,0.0,7.3,9,-1.1419715947936853,-7.210124886344506
2020-05-13 06:00:00,23.9,96,23.2,0.0,40,7.0,7.2,18,-2.224922359499621,-6.8476069173251055
2020-05-13 07:00:00,25.6,87,23.3,0.0,23,79.0,4.9,17,-1.4326213531414105,-4.685893304218874
2020-05-13 08:00:00,27.2,78,23.0,0.0,37,264.0,2.3,18,-0.710739087062379,-2.1874299874788528
2020-05-13 09:00:00,28.4,72,22.9,0.0,29,443.0,2.2,279,2.1729143493093037,-0.3441558230885075
2020-05-13 10:00:00,29.4,68,22.9,0.0,39,636.0,5.1,266,5.087576656325103,0.3557580160950404
2020-05-13 11:00:00,30.0,66,23.0,0.0,26,695.0,7.2,273,7.190132650232932,-0.3768188849491964
2020-05-13 12:00:00,30.2,66,23.1,0.0,37,708.0,8.8,279,8.691657397237213,-1.37662329235403
2020-05-13 13:00:00,30.4,66,23.3,0.0,22,740.0,9.6,290,9.02104915954472,-3.283393375926422
2020-05-13 14:00:00,30.3,66,23.1,0.0,11,667.0,9.3,306,7.523858047687013,-5.466402846319999
2020-05-13 15:00:00,29.9,64,22.4,0.0,18,481.0,8.8,325,5.047472639889209,-7.208537989743126
2020-05-13 16:00:00,29.5,65,22.3,0.0,16,309.0,8.1,339,2.902780391316936,-7.562001454627332
2020-05-13 17:00:00,29.1,67,22.2,0.0,24,169.0,6.1,332,2.863776532993933,-5.385980316439454
2020-05-13 18:00:00,28.5,69,22.1,0.0,26,63.0,3.5,336,1.4235782507653003,-3.1974091017491038
2020-05-13 19:00:00,27.9,72,22.4,0.0,48,3.0,3.1,36,-1.8221342821066668,-2.5079526825623373
2020-05-13 20:00:00,27.4,76,22.7,0.0,58,0.0,3.1,69,-2.8940993221413254,-1.1109406435904312
2020-05-13 21:00:00,27.0,79,23.1,0.0,34,0.0,2.4,27,-1.0895771993749122,-2.138415658052083
2020-05-13 22:00:00,26.5,83,23.4,0.0,39,0.0,2.5,8,-0.3479327524001636,-2.475670171853926
2020-05-13 23:00:00,25.7,88,23.5,0.0,20,0.0,2.4,333,1.0895771993749126,-2.138415658052083
2020-05-14 00:00:00,25.2,91,23.6,0.0,37,0.0,3.3,319,2.164994795668674,-2.490541614735147
2020-05-14 01:00:00,25.1,91,23.5,0.0,32,0.0,3.4,342,1.050657780874822,-3.233592155403522
2020-05-14 02:00:00,25.1,91,23.5,0.0,27,0.0,2.2,360,5.388445916248355e-16,-2.2
2020-05-14 03:00:00,26.2,81,22.6,0.0,29,0.0,0.7,360,1.7145055188062944e-16,-0.7
2020-05-14 04:00:00,26.3,80,22.6,0.0,34,0.0,1.5,284,1.4554435894139948,-0.3628828433995011
2020-05-14 05:00:00,26.2,81,22.7,0.0,35,0.0,3.5,294,3.197409101749104,-1.4235782507652992
2020-05-14 06:00:00,25.6,85,22.9,0.0,27,7.0,4.4,325,2.523736319944605,-3.604268994871563
2020-05-14 07:00:00,26.5,82,23.2,0.0,17,94.0,5.7,325,3.269385687200965,-4.669166652447252
2020-05-14 08:00:00,27.5,77,23.2,0.0,11,275.0,5.1,315,3.606244584051393,-3.606244584051391
2020-05-14 09:00:00,28.5,72,22.9,0.0,8,473.0,5.6,310,4.289848881466277,-3.59961061424462
2020-05-14 10:00:00,29.4,67,22.7,0.0,11,595.0,6.6,299,5.772490067120011,-3.1997434936258258
2020-05-14 11:00:00,30.1,64,22.5,0.0,7,696.0,8.4,295,7.612985411107859,-3.549993398621877
2020-05-14 12:00:00,30.5,62,22.4,0.0,7,758.0,10.0,296,8.98794046299167,-4.383711467890774
2020-05-14 13:00:00,30.6,61,22.3,0.0,5,768.0,10.6,298,9.359244484304629,-4.976398565530438
2020-05-14 14:00:00,30.6,61,22.3,0.0,4,672.0,10.6,305,8.683011669463312,-6.079910225321088
2020-05-14 15:00:00,30.1,60,21.6,0.0,7,544.0,10.2,312,7.580077219869424,-6.825132184860349
2020-05-14 16:00:00,29.9,61,21.5,0.0,8,347.0,8.5,324,4.996174644486024,-6.876644452187052
2020-05-14 17:00:00,29.5,62,21.4,0.0,12,185.0,7.2,323,4.333068166694748,-5.750175672340508
2020-05-14 18:00:00,28.7,65,21.4,0.0,27,74.0,8.7,322,5.3562548353332256,-6.855693556378481
2020-05-14 19:00:00,27.6,71,21.8,0.0,32,3.0,7.7,311,5.811263767715347,-5.051654523226905
2020-05-14 20:00:00,26.9,75,22.1,0.0,34,0.0,6.2,306,5.015905365124675,-3.644268564213332
2020-05-14 21:00:00,26.3,79,22.4,0.0,46,0.0,4.6,309,3.5748714227020653,-2.894873798829252
2020-05-14 22:00:00,25.8,83,22.6,0.0,52,0.0,4.4,325,2.523736319944605,-3.604268994871563
2020-05-14 23:00:00,25.1,87,22.8,0.0,26,0.0,4.3,336,1.7489675652259409,-3.928245467863184
2020-05-15 00:00:00,24.5,90,22.8,0.0,23,0.0,4.7,337,1.8364363038995872,-4.326372811226469
2020-05-15 01:00:00,24.2,92,22.7,0.0,1,0.0,4.9,343,1.4326213531414125,-4.685893304218873
2020-05-15 02:00:00,23.9,92,22.6,0.0,1,0.0,4.2,340,1.436484601967808,-3.946709007300816
2020-05-15 03:00:00,24.2,92,22.8,0.0,17,0.0,3.3,354,0.3449439287832562,-3.281922254715301
2020-05-15 04:00:00,23.5,95,22.6,0.0,22,0.0,3.9,22,-1.460965714322057,-3.616017032810471
2020-05-15 05:00:00,23.2,96,22.4,0.0,21,0.0,3.5,24,-1.4235782507653008,-3.197409101749103
2020-05-15 06:00:00,23.8,93,22.7,0.0,13,9.0,8.0,355,0.6972459419812665,-7.969557584733964
2020-05-15 07:00:00,26.7,77,22.4,0.0,0,117.0,5.8,353,0.7068421917498539,-5.756767679519668
2020-05-15 08:00:00,28.3,68,21.9,0.0,1,302.0,4.1,345,1.0611580849203348,-3.96029588778518
2020-05-15 09:00:00,29.6,64,22.1,0.0,1,498.0,3.5,294,3.197409101749104,-1.4235782507652992
2020-05-15 10:00:00,30.8,60,22.3,0.0,0,658.0,6.2,263,6.153786140176197,0.7555899291119125
2020-05-15 11:00:00,31.7,59,22.6,0.0,1,739.0,9.3,257,9.061641602502688,2.092044805397947
2020-05-15 12:00:00,32.2,58,22.9,0.0,0,797.0,11.4,259,11.19054989130337,2.1752225472926088
2020-05-15 13:00:00,32.3,59,23.3,0.0,9,750.0,12.3,265,12.253194786528471,1.0720156357961963
2020-05-15 14:00:00,32.2,61,23.8,0.0,11,650.0,13.3,270,13.3,2.4431703642989694e-15
2020-05-15 15:00:00,30.8,67,24.0,0.2,27,531.0,11.5,268,11.4929945107196,0.4013442120787587
2020-05-15 16:00:00,30.6,69,24.3,0.0,25,323.0,5.4,274,5.386845871403052,-0.3766849582182762
2020-05-15 17:00:00,30.4,70,24.3,0.0,24,206.0,2.6,254,2.499280409439629,0.7166571251241971
2020-05-15 18:00:00,30.2,71,24.3,0.0,35,78.0,4.3,294,3.9282454678631846,-1.7489675652259389
2020-05-15 19:00:00,29.7,73,24.4,0.0,29,3.0,2.3,321,1.447436899414627,-1.7874357113510322
2020-05-15 20:00:00,29.2,75,24.2,0.0,25,0.0,0.7,360,1.7145055188062944e-16,-0.7
2020-05-15 21:00:00,28.8,75,24.0,0.0,23,0.0,0.7,90,-0.7,-4.286263797015736e-17
2020-05-15 22:00:00,28.4,76,23.8,0.0,22,0.0,4.0,190,0.6945927106677219,3.939231012048832
2020-05-15 23:00:00,28.0,78,23.7,0.0,25,0.0,5.8,180,-7.10295143505465e-16,5.8
2020-05-16 00:00:00,27.7,79,23.7,0.0,27,0.0,2.5,225,1.7677669529663689,1.767766952966369
2020-05-16 01:00:00,27.3,81,23.8,0.0,24,0.0,1.8,349,0.3434561916777804,-1.7669289302057951
2020-05-16 02:00:00,27.3,82,23.9,0.0,23,0.0,3.6,6,-0.3763024677635525,-3.580278823325784
2020-05-16 03:00:00,26.1,91,24.5,0.0,27,0.0,6.4,16,-1.7640790772287946,-6.1520748540052415
2020-05-16 04:00:00,25.6,93,24.4,0.0,22,0.0,7.4,14,-1.790222027437541,-7.180188374442374
2020-05-16 05:00:00,25.6,93,24.4,0.0,23,0.0,7.3,11,-1.392905666248777,-7.165878439167947
2020-05-16 06:00:00,25.6,94,24.6,0.0,17,7.0,8.3,2,-0.2896658226307581,-8.294943864258496
2020-05-16 07:00:00,27.9,83,24.7,0.0,11,103.0,5.2,16,-1.4333142502483958,-4.998560818879258
2020-05-16 08:00:00,29.5,75,24.5,0.0,6,298.0,2.5,45,-1.7677669529663689,-1.7677669529663689
2020-05-16 09:00:00,31.0,67,24.1,0.0,2,485.0,4.3,185,0.3747696938149291,4.283637201794505
2020-05-16 10:00:00,32.4,60,23.6,0.0,1,622.0,10.4,200,3.557009490586954,9.772803256173448
2020-05-16 11:00:00,33.4,54,22.7,0.0,3,680.0,12.2,204,4.962187045524762,11.14525458323973
2020-05-16 12:00:00,33.3,52,22.0,0.0,13,489.0,11.8,211,6.077449283938639,10.114574148284929
2020-05-16 13:00:00,33.6,49,21.6,0.0,23,598.0,2.5,225,1.7677669529663689,1.767766952966369
2020-05-16 14:00:00,33.5,49,21.3,0.1,25,482.0,6.1,315,4.31335136523794,-4.3133513652379385
2020-05-16 15:00:00,30.3,69,23.9,1.2,37,232.0,11.1,347,2.496956703216905,-10.815507719116107
2020-05-16 16:00:00,29.9,69,23.7,0.7,37,220.0,6.4,344,1.764079077228793,-6.1520748540052415
2020-05-16 17:00:00,29.5,72,23.9,0.2,41,114.0,6.9,317,4.705788684431238,-5.046340541172278
2020-05-16 18:00:00,29.4,72,23.8,0.0,24,55.0,6.1,28,-2.863776532993933,-5.385980316439454
2020-05-16 19:00:00,29.1,74,23.9,0.0,39,2.0,6.4,38,-3.940233442084213,-5.043268823083021
2020-05-16 20:00:00,28.3,82,25.0,0.0,42,0.0,5.4,20,-1.8469087739586112,-5.074340152243906
2020-05-16 21:00:00,27.6,86,25.1,0.0,45,0.0,5.8,360,1.4205902870109297e-15,-5.8
2020-05-16 22:00:00,27.0,91,25.4,0.0,38,0.0,6.2,350,1.0766187015349684,-6.10580806867569
2020-05-16 23:00:00,26.5,95,25.5,0.0,32,0.0,6.4,333,2.9055391983331007,-5.702441754805554
2020-05-17 00:00:00,26.1,97,25.5,0.0,20,0.0,6.5,326,3.6347538725598527,-5.388744221607772
2020-05-17 01:00:00,26.3,96,25.6,0.0,28,0.0,6.6,331,3.199743493625823,-5.772490067120012
2020-05-17 02:00:00,26.2,97,25.6,0.0,29,0.0,7.5,343,2.1927877854205287,-7.172285669722765
2020-05-17 03:00:00,26.2,94,25.1,0.0,28,0.0,6.8,3,-0.3558845024520181,-6.790680836331102
2020-05-17 04:00:00,26.1,93,24.8,0.1,31,0.0,8.4,7,-1.0237024846032388,-8.337387673787106
2020-05-17 05:00:00,25.9,93,24.6,0.0,37,0.0,9.1,9,-1.4235536318661008,-8.987963899415753
2020-05-17 06:00:00,26.2,89,24.3,0.0,21,7.0,12.9,18,-3.986319227436821,-12.26862906020748
2020-05-17 07:00:00,27.6,79,23.6,0.0,18,88.0,12.0,16,-3.30764826980399,-11.535140351259829
2020-05-17 08:00:00,29.1,71,23.2,0.0,16,250.0,12.6,5,-1.098162358620493,-12.552053195955994
2020-05-17 09:00:00,30.3,64,22.8,0.0,14,412.0,10.1,356,0.7045403848156689,-10.075396907624224
2020-05-17 10:00:00,31.2,61,22.8,0.0,11,588.0,12.1,337,4.727846654720214,-11.138108726774528
2020-05-17 11:00:00,31.8,60,23.2,0.0,10,713.0,15.8,333,7.1730498958848425,-14.077903082176212
2020-05-17 12:00:00,31.4,63,23.4,0.0,15,580.0,16.3,338,6.106087472679372,-15.113096829438634
2020-05-17 13:00:00,30.8,67,24.0,0.1,11,569.0,15.4,344,4.244815279581784,-14.80343011745011
2020-05-17 14:00:00,30.3,71,24.6,0.0,14,423.0,17.5,341,5.697442703000243,-16.546575072988045
2020-05-17 15:00:00,30.9,66,23.9,0.0,26,479.0,17.3,343,5.058030491703353,-16.544072278160513
2020-05-17 16:00:00,30.5,67,23.8,0.0,14,342.0,16.3,342,5.036977008311648,-15.502221215611003
2020-05-17 17:00:00,30.0,69,23.7,0.0,9,204.0,15.9,335,6.719630361677118,-14.410293813882737
2020-05-17 18:00:00,29.1,73,23.7,0.0,0,68.0,16.1,333,7.309247045806707,-14.345205039432722
2020-05-17 19:00:00,28.3,77,23.9,0.0,2,4.0,10.0,345,2.588190451025207,-9.659258262890685
2020-05-17 20:00:00,27.7,81,24.2,0.0,3,0.0,6.1,332,2.863776532993933,-5.385980316439454
2020-05-17 21:00:00,27.2,85,24.4,0.0,9,0.0,5.4,307,4.312631754255383,-3.249801125021059
2020-05-17 22:00:00,26.9,88,24.7,0.0,28,0.0,5.0,300,4.330127018922193,-2.5000000000000004
2020-05-17 23:00:00,26.4,91,24.8,0.0,23,0.0,3.9,292,3.616017032810471,-1.460965714322057
2020-05-18 00:00:00,26.1,94,25.0,0.0,18,0.0,2.9,300,2.511473670974872,-1.4500000000000002
2020-05-18 01:00:00,25.7,95,24.8,0.3,47,0.0,1.5,166,-0.3628828433995016,1.4554435894139948
2020-05-18 02:00:00,25.1,94,24.1,1.2,44,0.0,2.5,188,0.3479327524001638,2.475670171853926
2020-05-18 03:00:00,25.3,95,24.4,0.0,59,0.0,4.6,198,1.4214781741247573,4.374859974957706
2020-05-18 04:00:00,25.2,94,24.3,0.0,60,0.0,5.9,191,1.125773072721614,5.791600382341218
2020-05-18 05:00:00,25.4,93,24.2,0.0,48,0.0,7.6,188,1.057715567296498,7.526037322435934
2020-05-18 06:00:00,25.7,91,24.2,0.0,46,9.0,8.6,202,3.221616703376843,7.973781149274371
2020-05-18 07:00:00,27.0,84,24.1,0.0,53,71.0,9.9,213,5.391926446648768,8.302838622659698
2020-05-18 08:00:00,28.0,80,24.2,0.2,63,207.0,12.0,224,8.335900445507967,8.632077604063813
2020-05-18 09:00:00,28.8,75,24.0,0.4,87,306.0,11.0,218,6.77227622858224,8.668118289673941
2020-05-18 10:00:00,28.8,76,24.1,1.7,82,176.0,8.7,222,5.821436275322066,6.46535998165333
2020-05-18 11:00:00,28.8,75,24.0,2.3,100,339.0,8.7,225,6.151828996322962,6.151828996322965
2020-05-18 12:00:00,29.3,73,23.9,0.0,79,234.0,9.2,231,7.149742845404129,5.789747597658508
2020-05-18 13:00:00,29.8,71,24.0,0.1,61,173.0,13.1,238,11.10943005964918,6.941942361454985
2020-05-18 14:00:00,29.9,70,24.0,0.2,74,237.0,16.1,246,14.708081868045875,6.548459953520382
2020-05-18 15:00:00,28.9,72,23.4,0.9,80,310.0,11.5,256,11.15840085217396,2.7821017993961794
2020-05-18 16:00:00,28.2,76,23.5,1.0,64,77.0,10.8,255,10.431998923921938,2.795245687107223
2020-05-18 17:00:00,26.8,84,23.8,5.2,64,20.0,8.9,243,7.929958065276474,4.040515447681968
2020-05-18 18:00:00,26.2,88,24.1,2.1,95,3.0,4.8,243,4.276831316104166,2.179154398749825
2020-05-18 19:00:00,25.9,91,24.3,1.8,80,0.0,3.6,127,-2.8750878361702537,2.1665340833473743
2020-05-18 20:00:00,25.8,90,24.0,1.4,99,0.0,5.4,138,-3.613305274337835,4.012982057577928
2020-05-18 21:00:00,25.8,89,23.9,0.8,81,0.0,6.4,142,-3.9402334420842138,5.043268823083021
2020-05-18 22:00:00,25.4,91,23.9,0.7,100,0.0,7.9,156,-3.2132194802988234,7.217009115376546
2020-05-18 23:00:00,25.2,92,23.8,0.4,89,0.0,9.8,172,-1.3638963894086402,9.70462707366739
2020-05-19 00:00:00,24.9,93,23.6,0.7,65,0.0,11.5,180,-1.4083438190194562e-15,11.5
2020-05-19 01:00:00,24.8,93,23.6,0.8,80,0.0,11.9,177,-0.6227978792910314,11.88369146357943
2020-05-19 02:00:00,24.6,94,23.5,1.9,95,0.0,11.2,178,-0.3908743630680127,11.193177262613872
2020-05-19 03:00:00,24.5,91,22.9,5.4,100,0.0,10.4,182,0.3629547657060094,10.393664600998596
2020-05-19 04:00:00,24.3,92,23.0,6.0,100,0.0,9.5,171,-1.4861274178821944,9.383039235653808
2020-05-19 05:00:00,24.5,92,23.0,5.5,100,0.0,8.5,168,-1.767249371950954,8.314254606237348
2020-05-19 06:00:00,24.3,91,22.7,4.5,100,0.0,11.4,156,-4.636797731064125,10.414418217125649
2020-05-19 07:00:00,24.3,90,22.6,2.8,100,1.0,10.0,165,-2.58819045102521,9.65925826289068
2020-05-19 08:00:00,24.6,89,22.7,1.5,100,0.0,8.3,175,-0.7233926648055631,8.268415994161488
2020-05-19 09:00:00,24.8,89,22.9,1.1,95,1.0,8.4,173,-1.0237024846032394,8.337387673787106
2020-05-19 10:00:00,25.4,87,23.1,0.5,69,7.0,7.9,180,-9.67470971326409e-16,7.9
2020-05-19 11:00:00,25.6,85,22.9,0.4,61,23.0,7.6,177,-0.3977532674463729,7.589584464134761
2020-05-19 12:00:00,26.5,82,23.1,0.5,69,44.0,8.4,187,1.0237024846032374,8.337387673787106
2020-05-19 13:00:00,26.7,80,23.0,0.5,100,85.0,9.9,199,3.223124729125852,9.360633898433235
2020-05-19 14:00:00,26.3,83,23.2,2.0,100,27.0,10.8,201,3.870373855089245,10.08266860616978
2020-05-19 15:00:00,25.1,86,22.7,3.6,70,20.0,10.6,208,4.976398565530443,9.359244484304623
2020-05-19 16:00:00,24.9,89,23.0,2.1,100,11.0,9.7,207,4.403707847473602,8.642763284627168
2020-05-19 17:00:00,24.6,92,23.2,2.2,100,0.0,10.7,192,2.2246550917500265,10.46617932785172
2020-05-19 18:00:00,24.6,92,23.3,2.0,85,2.0,10.2,172,-1.4195656297926662,10.100734301164016
2020-05-19 19:00:00,24.5,93,23.3,1.0,83,0.0,8.5,152,-3.990508283680071,7.505054539300879
2020-05-19 20:00:00,24.5,92,23.1,0.6,71,0.0,6.3,167,-1.4171916423663506,6.1385314081469815
2020-05-19 21:00:00,24.5,90,22.8,0.2,51,0.0,6.0,147,-3.267834210090164,5.032023407672543
2020-05-19 22:00:00,24.8,86,22.3,0.0,48,0.0,6.4,128,-5.043268823083022,3.940233442084213
2020-05-19 23:00:00,24.9,83,21.9,0.0,54,0.0,6.9,133,-5.0463405411722775,4.705788684431239
2020-05-20 00:00:00,24.8,82,21.6,0.0,52,0.0,7.1,150,-3.5499999999999994,6.148780366869515
2020-05-20 01:00:00,23.9,87,21.6,0.9,63,0.0,8.5,168,-1.767249371950954,8.314254606237348
2020-05-20 02:00:00,23.6,88,21.4,3.2,100,0.0,9.2,159,-3.2969851358167617,8.588939923774255
2020-05-20 03:00:00,24.1,81,20.6,0.6,84,0.0,9.2,149,-4.7383502891725,7.885939166459432
2020-05-20 04:00:00,24.3,79,20.4,0.4,70,0.0,8.9,153,-4.040515447681967,7.929958065276474
2020-05-20 05:00:00,24.4,79,20.5,0.2,47,0.0,9.9,161,-3.2231247291258502,9.360633898433235
2020-05-20 06:00:00,24.6,80,20.9,0.0,26,5.0,10.9,163,-3.186851581477829,10.423721839997087
2020-05-20 07:00:00,25.5,80,21.7,0.1,25,63.0,11.5,176,-0.8021994480574435,11.47198657798798
2020-05-20 08:00:00,26.0,81,22.5,0.2,29,167.0,13.1,189,2.0492914920270224,12.938717261796304
2020-05-20 09:00:00,26.4,82,23.1,0.5,37,165.0,16.1,200,5.506524307543266,15.129051194653128
2020-05-20 10:00:00,26.9,79,23.1,0.5,37,268.0,15.3,207,6.946054646015064,13.63239982008203
2020-05-20 11:00:00,26.9,83,23.7,2.9,30,310.0,14.5,210,7.250000000000002,12.55736835487436
2020-05-20 12:00:00,28.2,76,23.6,0.3,41,477.0,15.6,206,6.838589889909608,14.021187122267005
2020-05-20 13:00:00,27.4,79,23.5,6.1,54,428.0,15.3,210,7.650000000000002,13.250188677901912
2020-05-20 14:00:00,26.5,83,23.3,8.5,68,288.0,14.4,217,8.666136333389497,11.500351344681016
2020-05-20 15:00:00,26.0,87,23.7,8.5,100,60.0,11.8,211,6.077449283938639,10.114574148284929
2020-05-20 16:00:00,25.9,88,23.7,6.7,80,26.0,9.1,187,1.1090110249868406,9.03216997993603
2020-05-20 17:00:00,25.8,87,23.6,4.4,91,31.0,10.5,186,1.0975488643103617,10.44247990136687
2020-05-20 18:00:00,25.4,90,23.6,3.1,100,10.0,7.2,183,0.3768188849491937,7.190132650232932
2020-05-20 19:00:00,24.9,92,23.5,3.5,100,0.0,6.9,186,0.7212463965468092,6.862201078041086
2020-05-20 20:00:00,24.6,94,23.5,2.5,100,0.0,7.3,189,1.1419715947936844,7.210124886344506
2020-05-20 21:00:00,24.5,93,23.3,1.9,100,0.0,7.3,169,-1.3929056662487782,7.165878439167947
2020-05-20 22:00:00,24.6,92,23.2,0.7,100,0.0,6.3,149,-3.2447398719333425,5.400153994423307
2020-05-20 23:00:00,24.8,91,23.2,0.4,100,0.0,5.6,153,-2.542346798541462,4.989636535454859
2020-05-21 00:00:00,24.7,90,23.0,0.6,100,0.0,4.5,166,-1.0886485301985047,4.366330768241984
2020-05-21 01:00:00,24.5,91,23.0,0.9,100,0.0,5.5,169,-1.0494494745709972,5.398949508962152
2020-05-21 02:00:00,24.2,92,22.9,1.4,100,0.0,5.8,173,-0.7068421917498557,5.756767679519667
2020-05-21 03:00:00,24.6,92,23.2,0.5,100,0.0,6.5,183,0.3401837155791332,6.49109197590473
2020-05-21 04:00:00,24.5,91,23.0,0.4,100,0.0,6.4,164,-1.764079077228795,6.1520748540052415
2020-05-21 05:00:00,24.5,90,22.8,0.2,86,0.0,6.7,164,-1.8467702839738949,6.440453362786736
2020-05-21 06:00:00,24.4,92,22.9,0.4,77,4.0,6.0,163,-1.7542302283364195,5.737828535778213
2020-05-21 07:00:00,25.1,90,23.4,0.4,95,46.0,8.1,159,-2.902780391316932,7.562001454627333
2020-05-21 08:00:00,25.6,88,23.5,0.6,100,86.0,8.3,180,-1.0164568432923032e-15,8.3
2020-05-21 09:00:00,25.8,89,23.9,1.3,100,90.0,8.8,161,-2.8649997592229783,8.320563465273988
2020-05-21 10:00:00,25.6,91,24.1,2.6,100,30.0,10.8,159,-3.8703738550892415,10.08266860616978
2020-05-21 11:00:00,25.5,91,24.0,3.0,100,18.0,12.9,157,-5.040431557511631,11.87451260953648
2020-05-21 12:00:00,25.5,91,24.0,3.0,100,3.0,14.9,160,-5.096100135552466,14.001420049710037
2020-05-21 13:00:00,25.8,91,24.1,2.6,100,15.0,16.5,169,-3.148348423712992,16.196848526886455
2020-05-21 14:00:00,25.6,90,23.9,2.1,100,4.0,16.2,180,-1.9839278146187122e-15,16.2
2020-05-21 15:00:00,25.7,90,24.0,3.4,100,43.0,14.5,186,1.5156627173809758,14.420567482839962
2020-05-21 16:00:00,25.2,93,23.9,3.4,100,0.0,14.1,184,0.9835662797921664,14.06565310866352
2020-05-21 17:00:00,25.0,93,23.8,2.5,100,0.0,13.5,171,-2.111865278043118,13.33379259803436
2020-05-21 18:00:00,25.0,92,23.7,1.6,100,10.0,10.5,149,-5.407899786555571,9.000256657372178
2020-05-21 19:00:00,25.0,91,23.4,1.0,93,0.0,12.3,142,-7.572636146505599,9.69253226936268
2020-05-21 20:00:00,25.2,89,23.3,1.5,83,0.0,11.1,151,-5.381386784734342,9.708278749247292
2020-05-21 21:00:00,25.3,88,23.2,5.9,94,0.0,12.3,148,-6.518006950068421,10.43099158272404
2020-05-21 22:00:00,25.1,88,23.1,10.0,100,0.0,14.8,137,-10.09357572892498,10.824034783963723
2020-05-21 23:00:00,25.1,87,22.7,12.3,100,0.0,17.8,122,-15.095256111584384,9.432562903351046
2020-05-22 00:00:00,25.2,86,22.7,15.3,100,0.0,19.7,128,-15.523811846052425,12.128531063915467
2020-05-22 01:00:00,24.9,91,23.4,16.8,100,0.0,22.3,162,-6.89107897456133,21.208560313381923
2020-05-22 02:00:00,25.2,94,24.1,13.8,100,0.0,21.9,189,3.4259147843810527,21.63037465903352
2020-05-22 03:00:00,25.1,94,24.1,4.1,100,0.0,18.5,188,2.574702367761212,18.31995927171905
2020-05-22 04:00:00,24.9,96,24.3,5.2,100,0.0,15.1,183,0.7902729392684478,15.079305974794064
2020-05-22 05:00:00,25.1,96,24.3,5.5,100,0.0,11.6,185,1.011006615872832,11.555858497864248
2020-05-22 06:00:00,25.3,96,24.5,4.6,100,1.0,10.8,182,0.3769145643870097,10.793420931806237
2020-05-22 07:00:00,25.6,94,24.6,4.7,100,3.0,12.1,197,3.5376976271451146,11.571287547152728
2020-05-22 08:00:00,25.7,96,24.9,3.3,100,2.0,13.8,187,1.681796938991033,13.697136892650246
2020-05-22 09:00:00,25.9,94,24.9,3.9,100,0.0,12.7,165,-3.287001872802017,12.267257993871166
2020-05-22 10:00:00,26.4,93,25.1,5.5,100,13.0,14.1,161,-4.5905109778459074,13.331811915950368
2020-05-22 11:00:00,26.6,91,25.1,5.3,100,7.0,14.1,167,-3.1718098662484997,13.738617913471815
2020-05-22 12:00:00,26.6,92,25.2,5.3,100,0.0,12.7,173,-1.5477406612453737,12.605336125844788
2020-05-22 13:00:00,26.5,93,25.3,4.1,100,1.0,11.8,192,2.4533579516495623,11.542141688658909
2020-05-22 14:00:00,26.5,94,25.4,4.0,100,1.0,16.2,217,9.749403375063183,12.937895262766144
2020-05-22 15:00:00,26.0,95,25.2,11.6,100,0.0,16.9,214,9.450360068655618,14.010734976180204
2020-05-22 16:00:00,26.1,95,25.2,10.3,100,0.0,19.2,193,4.319060243402207,18.70790524387652
2020-05-22 17:00:00,25.8,96,25.1,9.4,100,0.0,23.5,162,-7.261899367811266,22.349828132936107
2020-05-22 18:00:00,25.8,94,24.7,21.3,100,0.0,14.6,142,-8.988657539754612,11.50495700265814
2020-05-22 19:00:00,26.0,93,24.8,27.5,100,0.0,13.3,177,-0.6960682180311527,13.281772812235833
2020-05-22 20:00:00,26.1,93,24.9,10.9,100,0.0,13.2,191,2.51867873897039,12.957478821509165
2020-05-22 21:00:00,26.0,94,25.0,2.0,100,0.0,11.2,180,-1.3716044150450357e-15,11.2
2020-05-22 22:00:00,25.8,96,25.1,1.4,100,0.0,12.1,168,-2.515731458894888,11.835585968879048
2020-05-22 23:00:00,25.6,96,25.0,1.0,100,0.0,11.0,161,-3.5812496990287226,10.400704331592486
2020-05-23 00:00:00,25.6,96,24.9,0.5,100,0.0,9.0,164,-2.480736202352993,8.65135526344487
2020-05-23 01:00:00,25.6,95,24.8,0.1,100,0.0,7.6,185,0.6623836448822004,7.571079705497266
2020-05-23 02:00:00,25.6,95,24.8,0.0,100,0.0,7.3,191,1.3929056662487764,7.165878439167947
2020-05-23 03:00:00,25.5,96,24.8,0.4,100,0.0,8.2,195,2.1223161698406705,7.92059177557036
2020-05-23 04:00:00,25.2,97,24.7,0.6,100,0.0,6.7,196,1.846770283973893,6.440453362786736
2020-05-23 05:00:00,25.1,97,24.5,0.5,100,0.0,4.3,204,1.7489675652259409,3.928245467863184
2020-05-23 06:00:00,25.3,96,24.5,1.1,100,2.0,4.0,275,3.984778792366982,-0.3486229709906315
2020-05-23 07:00:00,25.6,95,24.8,1.3,100,5.0,8.1,328,4.292346040288961,-6.869189578867049
2020-05-23 08:00:00,25.6,94,24.5,1.1,100,8.0,11.9,335,5.029157314714321,-10.785062665736136
2020-05-23 09:00:00,25.7,93,24.6,0.5,100,6.0,17.2,344,4.740962520052381,-16.533701170139086
2020-05-23 10:00:00,26.4,89,24.5,0.3,100,144.0,20.6,354,2.1532863433136606,-20.48715104458643
2020-05-23 11:00:00,27.2,85,24.6,0.0,100,220.0,19.5,357,1.020551146737415,-19.47327592771419
2020-05-23 12:00:00,27.7,84,24.7,0.3,100,224.0,14.8,354,1.5470212563612706,-14.718924051450443
2020-05-23 13:00:00,28.2,82,24.9,0.4,100,446.0,11.8,348,2.4533579516495667,-11.542141688658909
2020-05-23 14:00:00,27.8,84,24.8,1.0,100,201.0,10.8,345,2.7952456871072235,-10.431998923921938
2020-05-23 15:00:00,26.7,87,24.4,2.8,100,63.0,9.4,342,2.9047597471245084,-8.939931253174443
2020-05-23 16:00:00,26.5,89,24.5,1.0,86,22.0,8.2,345,2.1223161698406696,-7.92059177557036
2020-05-23 17:00:00,26.2,89,24.2,0.2,68,10.0,7.2,342,2.2249223594996232,-6.8476069173251055
2020-05-23 18:00:00,26.0,89,24.1,0.1,68,26.0,6.5,326,3.6347538725598527,-5.388744221607772
2020-05-23 19:00:00,25.7,88,23.7,0.2,64,2.0,6.2,339,2.2218812871808646,-5.78819864428265
2020-05-23 20:00:00,25.5,90,23.7,0.0,67,0.0,6.6,347,1.4846769586695112,-6.430842427582552
2020-05-23 21:00:00,25.4,90,23.7,0.0,52,0.0,6.5,6,-0.6794350112397476,-6.4643923198937765
2020-05-23 22:00:00,25.2,91,23.7,0.0,65,0.0,7.1,15,-1.8376152202278973,-6.858073366652385
2020-05-23 23:00:00,25.0,93,23.8,0.0,59,0.0,5.4,356,0.3766849582182784,-5.386845871403051
2020-05-24 00:00:00,25.1,91,23.5,0.0,85,0.0,4.7,337,1.8364363038995872,-4.326372811226469
2020-05-24 01:00:00,25.2,89,23.3,0.1,93,0.0,4.5,346,1.0886485301985054,-4.366330768241984
2020-05-24 02:00:00,24.9,90,23.2,0.5,100,0.0,5.1,352,0.709782814896336,-5.050367150582008
2020-05-24 03:00:00,24.6,94,23.5,0.6,100,0.0,6.5,357,0.3401837155791384,-6.49109197590473
2020-05-24 04:00:00,24.7,94,23.6,0.9,100,0.0,7.6,360,1.8614631347039767e-15,-7.6
2020-05-24 05:00:00,24.8,93,23.6,0.6,100,0.0,7.9,360,1.934941942652818e-15,-7.9
2020-05-24 06:00:00,24.8,93,23.6,0.2,100,4.0,5.1,4,-0.355758016095039,-5.087576656325103
2020-05-24 07:00:00,25.3,91,23.8,0.0,84,41.0,4.2,20,-1.4364846019678086,-3.946709007300816
2020-05-24 08:00:00,26.2,87,23.8,0.0,76,86.0,2.9,360,7.10295143505465e-16,-2.9
2020-05-24 09:00:00,26.9,83,23.7,0.0,85,149.0,4.6,342,1.4214781741247593,-4.3748599749577055
2020-05-24 10:00:00,27.6,79,23.6,0.0,59,307.0,4.7,337,1.8364363038995872,-4.326372811226469
2020-05-24 11:00:00,28.6,74,23.6,0.1,38,557.0,3.1,324,1.8221342821066675,-2.507952682562337
2020-05-24 12:00:00,29.2,73,23.8,0.0,37,663.0,4.1,255,3.96029588778518,1.0611580849203346
2020-05-24 13:00:00,29.5,73,24.2,0.0,24,670.0,7.6,262,7.526037322435934,1.0577155672965002
2020-05-24 14:00:00,29.0,77,24.5,0.0,29,573.0,10.5,286,10.093247807352348,-2.894192236078493
2020-05-24 15:00:00,29.0,77,24.5,0.1,80,523.0,8.9,310,6.817795543758906,-5.7208097262102
2020-05-24 16:00:00,28.4,79,24.4,0.3,100,308.0,7.9,330,3.950000000000004,-6.841600689897064
2020-05-24 17:00:00,27.3,81,23.9,0.8,96,156.0,6.8,328,3.603450996785794,-5.766727053863695
2020-05-24 18:00:00,27.1,83,24.0,0.3,68,55.0,1.5,346,0.3628828433995018,-1.4554435894139948
2020-05-24 19:00:00,26.7,85,24.0,0.0,59,4.0,1.6,117,-1.4256104387013888,0.7263847995832748
2020-05-24 20:00:00,26.2,90,24.4,0.0,70,0.0,2.5,135,-1.7677669529663689,1.7677669529663689
2020-05-24 21:00:00,26.2,88,24.1,0.0,72,0.0,4.0,170,-0.6945927106677211,3.939231012048832
2020-05-24 22:00:00,25.8,90,24.1,0.2,85,0.0,5.4,180,-6.613092715395707e-16,5.4
2020-05-24 23:00:00,25.5,92,24.0,0.6,100,0.0,5.1,176,-0.3557580160950401,5.087576656325103
2020-05-25 00:00:00,24.5,96,23.9,0.7,100,0.0,5.7,162,-1.7613968679372007,5.421022142882375
2020-05-25 01:00:00,24.4,96,23.8,0.5,100,0.0,5.2,155,-2.1976149610516376,4.71280049259058
2020-05-25 02:00:00,24.3,97,23.7,0.2,88,0.0,5.7,145,-3.269385687200962,4.669166652447254
2020-05-25 03:00:00,25.1,92,23.7,0.2,93,0.0,6.8,148,-3.603450996785793,5.766727053863696
2020-05-25 04:00:00,25.0,92,23.6,0.2,93,0.0,6.8,155,-2.8738041798367564,6.162892951849219
2020-05-25 05:00:00,24.8,93,23.6,0.2,95,0.0,7.3,160,-2.496747046277383,6.8597561317371305
2020-05-25 06:00:00,24.6,94,23.6,0.5,74,3.0,3.4,122,-2.8833635269318485,1.8017254983928963
2020-05-25 07:00:00,26.1,88,24.0,0.2,62,57.0,4.0,117,-3.564026096753472,1.815961998958187
2020-05-25 08:00:00,26.7,83,23.5,0.0,43,160.0,4.9,144,-2.880147736233119,3.9641832724372414
2020-05-25 09:00:00,27.6,80,23.9,0.0,23,348.0,5.8,176,-0.404587547715928,5.78587149150698
2020-05-25 10:00:00,28.4,79,24.4,0.0,23,521.0,7.3,200,2.496747046277381,6.859756131737131
2020-05-25 11:00:00,29.0,79,25.0,0.0,29,658.0,8.0,216,4.702282018339784,6.47213595499958
2020-05-25 12:00:00,29.3,80,25.4,0.0,17,639.0,9.2,231,7.149742845404129,5.789747597658508
2020-05-25 13:00:00,29.5,79,25.5,0.0,30,520.0,8.5,242,7.505054539300879,3.990508283680072
2020-05-25 14:00:00,29.5,80,25.7,0.0,43,455.0,8.1,249,7.562001454627333,2.902780391316936
2020-05-25 15:00:00,29.5,77,24.9,0.2,25,533.0,8.8,258,8.60769888645749,1.8296228791962863
2020-05-25 16:00:00,28.8,79,24.7,0.5,44,347.0,8.7,275,8.666893873398186,-0.7582549619046236
2020-05-25 17:00:00,27.6,81,24.0,1.0,29,219.0,3.3,283,3.2154212137912763,-0.7423384793347542
2020-05-25 18:00:00,27.4,81,23.9,0.1,25,83.0,3.3,319,2.164994795668674,-2.490541614735147
2020-05-25 19:00:00,26.9,84,24.0,0.0,22,5.0,2.4,297,2.1384156580520832,-1.089577199374912
2020-05-25 20:00:00,26.4,87,24.1,0.0,11,0.0,1.1,180,-1.3471114790620887e-16,1.1
2020-05-25 21:00:00,26.1,89,24.2,0.0,13,0.0,5.4,176,-0.3766849582182778,5.386845871403051
2020-05-25 22:00:00,25.9,90,24.2,0.0,21,0.0,8.6,202,3.221616703376843,7.973781149274371
2020-05-25 23:00:00,25.9,90,24.2,0.0,13,0.0,9.5,209,4.605691392340201,8.30888721782426
2020-05-26 00:00:00,25.9,91,24.3,0.0,26,0.0,8.4,200,2.8729692039356167,7.893418014601631
2020-05-26 01:00:00,25.9,91,24.3,0.0,44,0.0,8.5,192,1.767249371950956,8.314254606237347
2020-05-26 02:00:00,26.0,90,24.1,0.0,68,0.0,9.5,189,1.486127417882192,9.38303923565381
2020-05-26 03:00:00,26.0,91,24.3,0.0,100,0.0,10.2,172,-1.4195656297926662,10.100734301164016
2020-05-26 04:00:00,25.9,90,24.1,0.0,83,0.0,9.6,160,-3.2833933759264213,9.02104915954472
2020-05-26 05:00:00,25.8,88,23.7,0.0,100,0.0,12.0,164,-3.30764826980399,11.535140351259829
2020-05-26 06:00:00,25.8,88,23.7,0.0,58,4.0,11.6,173,-1.4136843834997117,11.513535359039334
2020-05-26 07:00:00,26.4,88,24.2,0.0,55,38.0,12.6,175,-1.0981623586204932,12.552053195955994
2020-05-26 08:00:00,27.0,86,24.4,0.3,72,80.0,14.4,180,-1.7634913907721889e-15,14.4
2020-05-26 09:00:00,27.6,85,24.8,0.4,63,150.0,15.2,185,1.3247672897644007,15.142159410994532
2020-05-26 10:00:00,28.2,84,25.2,0.4,84,178.0,15.6,195,4.037577103599324,15.068442890109464
2020-05-26 11:00:00,28.0,82,24.6,3.6,95,191.0,15.8,210,7.900000000000002,13.68320137979413
2020-05-26 12:00:00,27.3,85,24.5,4.9,100,76.0,14.6,190,2.5352633939371847,14.378193193978236
2020-05-26 13:00:00,27.9,86,25.3,0.9,80,320.0,13.6,191,2.595002337121008,13.35012969488823
2020-05-26 14:00:00,28.1,83,24.9,5.1,83,158.0,16.0,194,3.87075032959468,15.524731620415944
2020-05-26 15:00:00,28.3,81,24.8,3.3,100,212.0,15.3,199,4.981192763194499,14.466434206669549
2020-05-26 16:00:00,28.1,83,24.9,2.3,92,128.0,13.0,180,-1.5920408388915589e-15,13.0
2020-05-26 17:00:00,27.7,85,25.0,0.6,86,31.0,11.5,166,-2.782101799396179,11.15840085217396
2020-05-26 18:00:00,27.4,86,24.8,0.4,80,18.0,8.0,144,-4.702282018339786,6.472135954999579
2020-05-26 19:00:00,27.0,86,24.4,0.2,64,0.0,7.8,146,-4.361704647071826,6.466493065929325
2020-05-26 20:00:00,26.4,88,24.3,0.3,49,0.0,8.0,162,-2.47213595499958,7.608452130361228
2020-05-26 21:00:00,26.2,88,24.1,0.9,58,0.0,9.8,172,-1.3638963894086402,9.70462707366739
2020-05-26 22:00:00,25.7,91,24.1,1.7,55,0.0,11.2,180,-1.3716044150450357e-15,11.2
2020-05-26 23:00:00,25.7,90,24.0,1.3,52,0.0,11.6,187,1.4136843834997088,11.513535359039336
2020-05-27 00:00:00,25.6,90,23.9,0.4,56,0.0,12.1,190,2.1011429497698586,11.916173811447717
2020-05-27 01:00:00,25.4,91,23.8,0.2,81,0.0,10.9,186,1.139360249617423,10.84028865951418
2020-05-27 02:00:00,25.5,88,23.3,0.3,77,0.0,9.0,178,-0.3140954703225103,8.994517443171862
2020-05-27 03:00:00,25.3,92,23.8,0.6,74,0.0,7.7,169,-1.4692292643993965,7.558529312547013
2020-05-27 04:00:00,25.1,93,23.8,0.7,92,0.0,7.7,169,-1.4692292643993965,7.558529312547013
2020-05-27 05:00:00,25.0,93,23.8,1.4,100,0.0,8.0,172,-1.1133848076805226,7.922144549932563
2020-05-27 06:00:00,25.0,93,23.8,2.2,70,3.0,6.5,180,-7.960204194457795e-16,6.5
2020-05-27 07:00:00,25.4,91,23.8,1.8,100,26.0,6.6,202,2.472403516545019,6.1194134401407965
2020-05-27 08:00:00,25.8,89,23.9,1.8,100,63.0,6.2,187,0.7555899291119134,6.153786140176197
2020-05-27 09:00:00,25.8,90,24.1,3.2,100,56.0,5.8,187,0.7068421917498544,5.756767679519668
2020-05-27 10:00:00,26.2,90,24.4,2.8,100,93.0,7.4,203,2.8914103508206246,6.811735915548059
2020-05-27 11:00:00,26.2,91,24.6,3.0,100,20.0,11.9,215,6.8255595925774495,9.747909327039002
2020-05-27 12:00:00,26.5,89,24.6,1.5,100,26.0,15.8,240,13.683201379794127,7.900000000000007
2020-05-27 13:00:00,27.4,84,24.5,0.9,100,77.0,14.6,250,13.719512263474265,4.99349409255476
2020-05-27 14:00:00,27.3,85,24.6,2.4,100,166.0,12.5,252,11.88820645368942,3.862712429686845
2020-05-27 15:00:00,27.3,86,24.7,3.9,100,103.0,10.0,257,9.743700647852352,2.2495105434386526
2020-05-27 16:00:00,27.0,86,24.6,1.0,100,63.0,6.1,267,6.0916401620029,0.3192493330819602
2020-05-27 17:00:00,27.1,85,24.5,0.1,100,81.0,2.6,196,0.7166571251241974,2.499280409439629
2020-05-27 18:00:00,27.0,86,24.4,0.0,100,37.0,2.5,98,-2.475670171853926,0.3479327524001634
2020-05-27 19:00:00,26.7,87,24.4,0.2,93,2.0,2.1,121,-1.800051331474436,1.081579957311114
2020-05-27 20:00:00,26.1,91,24.5,0.3,83,0.0,1.8,180,-2.2043642384652358e-16,1.8
2020-05-27 21:00:00,25.7,92,24.3,0.2,69,0.0,5.2,196,1.4333142502483949,4.998560818879258
2020-05-27 22:00:00,25.6,93,24.3,0.0,66,0.0,5.2,192,1.0811407922523495,5.086367523815789
2020-05-27 23:00:00,25.2,94,24.1,0.0,62,0.0,5.4,200,1.846908773958611,5.074340152243906
2020-05-28 00:00:00,25.0,95,24.1,0.6,68,0.0,6.1,208,2.863776532993934,5.385980316439453
2020-05-28 01:00:00,25.0,94,24.0,0.4,63,0.0,6.3,193,1.417191642366349,6.1385314081469815
2020-05-28 02:00:00,24.9,95,24.0,0.2,67,0.0,8.4,205,3.549993398621874,7.612985411107861
2020-05-28 03:00:00,25.3,93,24.0,4.6,100,0.0,7.7,217,4.633975678270772,6.149493427364155
2020-05-28 04:00:00,25.2,93,24.0,2.6,100,0.0,8.1,225,5.727564927611034,5.727564927611036
2020-05-28 05:00:00,25.0,94,24.0,0.9,100,0.0,5.1,231,3.96344440343055,3.2095339943541727
2020-05-28 06:00:00,25.2,93,24.0,0.4,100,1.0,4.5,194,1.0886485301985038,4.366330768241984
2020-05-28 07:00:00,25.9,90,24.1,1.0,100,30.0,6.0,197,1.7542302283364206,5.737828535778212
2020-05-28 08:00:00,26.5,87,24.1,1.1,95,104.0,7.3,200,2.496747046277381,6.859756131737131
2020-05-28 09:00:00,27.0,87,24.6,0.1,81,200.0,8.0,207,3.631923997916373,7.128052193506943
2020-05-28 10:00:00,27.8,86,25.1,0.6,89,375.0,10.4,200,3.557009490586954,9.772803256173448
2020-05-28 11:00:00,28.5,81,25.0,0.8,75,512.0,7.9,204,3.2132194802988217,7.217009115376547
2020-05-28 12:00:00,28.4,83,25.3,1.0,77,433.0,7.7,221,5.051654523226905,5.811263767715346
2020-05-28 13:00:00,28.6,80,24.9,4.0,41,476.0,8.6,237,7.212566884330648,4.683895701129232
2020-05-28 14:00:00,28.4,83,25.2,2.7,98,373.0,8.5,216,4.996174644486021,6.876644452187053
2020-05-28 15:00:00,28.0,82,24.6,5.3,45,283.0,9.0,247,8.284543681071963,3.5165801564034647
2020-05-28 16:00:00,27.5,83,24.5,4.5,99,190.0,6.4,254,6.152074854005242,1.7640790772287929
2020-05-28 17:00:00,27.0,86,24.5,1.7,76,99.0,5.0,249,4.667902132486008,1.7918397477265036
2020-05-28 18:00:00,26.5,89,24.5,0.9,50,32.0,2.4,297,2.1384156580520832,-1.089577199374912
2020-05-28 19:00:00,26.1,88,24.0,1.1,66,3.0,2.4,297,2.1384156580520832,-1.089577199374912
2020-05-28 20:00:00,25.2,94,24.2,2.9,90,0.0,4.6,288,4.374859974957706,-1.421478174124757
2020-05-28 21:00:00,24.9,94,23.9,2.6,100,0.0,3.3,264,3.281922254715302,0.3449439287832561
2020-05-28 22:00:00,24.8,95,23.9,0.4,77,0.0,2.3,252,2.1874299874788528,0.7107390870623793
2020-05-28 23:00:00,24.8,94,23.7,0.0,38,0.0,1.4,270,1.4,2.571758278209441e-16
2020-05-29 00:00:00,24.6,94,23.7,0.0,45,0.0,4.3,246,3.928245467863184,1.7489675652259404
2020-05-29 01:00:00,24.3,96,23.6,0.0,46,0.0,5.7,235,4.669166652447252,3.2693856872009643
2020-05-29 02:00:00,24.1,97,23.6,0.1,46,0.0,5.8,248,5.377666356487366,2.1727182418122912
2020-05-29 03:00:00,25.1,96,24.4,0.0,58,0.0,3.8,287,3.633958072659535,-1.1110124779463997
2020-05-29 04:00:00,24.1,98,23.8,0.0,69,0.0,1.6,63,-1.4256104387013886,-0.726384799583275
2020-05-29 05:00:00,24.1,98,23.8,0.0,94,0.0,1.8,79,-1.7669289302057951,-0.3434561916777808
2020-05-29 06:00:00,24.7,96,24.1,0.0,94,6.0,1.8,349,0.3434561916777804,-1.7669289302057951
2020-05-29 07:00:00,26.0,94,25.0,0.0,50,89.0,2.4,27,-1.0895771993749122,-2.138415658052083
2020-05-29 08:00:00,26.8,88,24.6,0.2,27,190.0,3.1,36,-1.8221342821066668,-2.5079526825623373
2020-05-29 09:00:00,27.6,84,24.7,0.1,39,317.0,1.6,27,-0.7263847995832748,-1.4256104387013888
2020-05-29 10:00:00,28.1,82,24.8,0.4,51,356.0,2.0,225,1.414213562373095,1.4142135623730954
2020-05-29 11:00:00,28.5,83,25.3,0.3,47,375.0,5.9,223,4.023790324368741,4.314986839553106
2020-05-29 12:00:00,28.9,84,25.9,0.2,48,443.0,9.7,228,7.208504807130724,6.490566881680923
2020-05-29 13:00:00,29.1,81,25.5,1.1,69,466.0,10.8,217,6.499602250042123,8.625263508510763
2020-05-29 14:00:00,27.7,85,25.0,3.5,94,79.0,11.4,215,6.538771374401926,9.338333304894508
2020-05-29 15:00:00,28.1,84,25.1,6.6,59,329.0,12.8,218,7.880466884168425,10.086537646166043
2020-05-29 16:00:00,27.7,87,25.3,8.7,93,165.0,10.8,210,5.400000000000001,9.353074360871938
2020-05-29 17:00:00,27.3,87,25.0,6.7,98,90.0,9.0,182,0.3140954703225081,8.994517443171862
2020-05-29 18:00:00,26.8,89,24.7,1.5,59,14.0,2.6,146,-1.453901549023942,2.1554976886431083
2020-05-29 19:00:00,26.4,90,24.6,0.0,49,3.0,3.6,174,-0.3763024677635534,3.580278823325784
2020-05-29 20:00:00,26.3,90,24.6,0.0,46,0.0,5.4,160,-1.846908773958612,5.074340152243905
2020-05-29 21:00:00,26.1,92,24.7,0.0,47,0.0,6.5,146,-3.634753872559855,5.38874422160777
2020-05-29 22:00:00,26.0,92,24.6,0.0,45,0.0,6.1,140,-3.9210044190878905,4.672871103025765
2020-05-29 23:00:00,25.9,92,24.5,0.0,46,0.0,6.9,141,-4.342310698243878,5.3623071340531
2020-05-30 00:00:00,25.8,91,24.3,0.0,36,0.0,7.4,151,-3.587591189822896,6.472185832831529
2020-05-30 01:00:00,25.6,91,24.1,0.0,38,0.0,8.1,159,-2.902780391316932,7.562001454627333
2020-05-30 02:00:00,25.5,91,23.9,0.0,35,0.0,9.0,164,-2.480736202352993,8.65135526344487
2020-05-30 03:00:00,25.5,88,23.3,0.0,36,0.0,10.0,167,-2.249510543438652,9.743700647852352
2020-05-30 04:00:00,25.2,89,23.3,0.0,41,0.0,10.2,170,-1.7712114122026887,10.04503908072452
2020-05-30 05:00:00,25.1,89,23.2,0.0,45,0.0,10.8,176,-0.7533699164365557,10.773691742806102
2020-05-30 06:00:00,25.2,91,23.5,0.0,46,6.0,9.4,173,-1.1455718280083869,9.329933825428428
2020-05-30 07:00:00,26.0,89,24.0,0.0,54,61.0,10.7,166,-2.5885642829164444,10.382164271153162
2020-05-30 08:00:00,27.1,85,24.3,0.1,40,203.0,12.8,169,-2.442355140819776,12.5648279481301
2020-05-30 09:00:00,27.8,83,24.7,0.2,40,249.0,14.4,176,-1.0044932219154077,14.36492232374147
2020-05-30 10:00:00,28.4,82,25.1,0.4,40,347.0,14.1,183,0.7379369830255043,14.080676440039491
2020-05-30 11:00:00,28.4,81,24.8,1.6,39,292.0,13.8,186,1.4424927930936184,13.724402156082173
2020-05-30 12:00:00,27.6,84,24.7,6.4,51,385.0,13.6,192,2.827598995121529,13.302807369979757
2020-05-30 13:00:00,28.2,84,25.3,0.3,58,245.0,13.7,198,4.233532822936778,13.029474273243604
2020-05-30 14:00:00,29.1,79,25.1,0.0,96,289.0,13.7,210,6.850000000000001,11.864548031846809
2020-05-30 15:00:00,29.3,81,25.8,1.1,49,419.0,11.6,206,5.085105302753298,10.426010937070336
2020-05-30 16:00:00,29.3,80,25.5,0.2,43,240.0,9.6,200,3.283393375926419,9.02104915954472
2020-05-30 17:00:00,28.2,84,25.2,3.9,51,133.0,9.1,214,5.088655421583795,7.544241910250879
2020-05-30 18:00:00,27.3,90,25.5,2.6,52,13.0,1.8,169,-0.3434561916777809,1.7669289302057951
2020-05-30 19:00:00,26.6,91,25.1,2.2,41,0.0,7.1,131,-5.358438019581682,4.658019105832601
2020-05-30 20:00:00,26.2,91,24.6,0.3,35,0.0,8.4,149,-4.326319829244457,7.200205325897743
2020-05-30 21:00:00,26.1,90,24.3,0.0,37,0.0,7.2,186,0.7526049355271052,7.160557646651568
2020-05-30 22:00:00,26.1,90,24.3,0.0,40,0.0,8.4,205,3.549993398621874,7.612985411107861
2020-05-30 23:00:00,26.1,91,24.5,0.0,32,0.0,8.4,205,3.549993398621874,7.612985411107861
2020-05-31 00:00:00,26.0,92,24.6,0.0,37,0.0,8.4,200,2.8729692039356167,7.893418014601631
2020-05-31 01:00:00,25.8,94,24.7,0.1,41,0.0,8.0,190,1.3891854213354438,7.878462024097664
2020-05-31 02:00:00,25.7,94,24.7,0.0,38,0.0,7.2,183,0.3768188849491937,7.190132650232932
2020-05-31 03:00:00,26.2,94,25.1,0.0,38,0.0,6.7,196,1.846770283973893,6.440453362786736
2020-05-31 04:00:00,25.9,94,24.9,0.0,40,0.0,7.1,210,3.5500000000000007,6.148780366869514
2020-05-31 05:00:00,25.7,95,24.8,0.0,38,0.0,7.1,210,3.5500000000000007,6.148780366869514
2020-05-31 06:00:00,25.9,95,25.0,0.0,33,9.0,4.1,232,3.2308440897875603,2.524212048835198
2020-05-31 07:00:00,27.4,91,25.8,0.0,34,95.0,4.1,218,2.5242120488351985,3.23084408978756
2020-05-31 08:00:00,28.4,85,25.6,0.0,7,263.0,4.2,211,2.163159914622228,3.600102662948872
2020-05-31 09:00:00,29.0,82,25.6,0.1,9,452.0,5.4,217,3.2498011250210617,4.312631754255381
2020-05-31 10:00:00,29.7,79,25.7,0.1,11,606.0,6.6,241,5.772490067120012,3.199743493625823
2020-05-31 11:00:00,30.0,79,26.0,0.1,32,675.0,7.6,251,7.185941174554808,2.4743179738743906
2020-05-31 12:00:00,30.1,80,26.3,0.5,16,634.0,8.8,251,8.320563465273988,2.864999759222979
2020-05-31 13:00:00,30.0,79,26.0,0.2,17,581.0,8.1,249,7.562001454627333,2.902780391316936
2020-05-31 14:00:00,29.7,82,26.2,0.2,23,461.0,7.7,242,6.798696465013738,3.614931033451359
2020-05-31 15:00:00,30.1,78,25.8,0.0,36,486.0,9.2,244,8.268905225952334,4.033014550459515
2020-05-31 16:00:00,29.9,78,25.7,0.0,38,383.0,9.4,247,8.652745622452938,3.672872607799174
2020-05-31 17:00:00,29.2,80,25.5,0.5,38,205.0,5.9,232,4.649263446279661,3.632402704421383
2020-05-31 18:00:00,28.7,84,25.7,0.0,36,74.0,5.1,262,5.050367150582008,0.7097828148963357
2020-05-31 19:00:00,28.2,87,25.8,0.0,31,4.0,4.4,279,4.345828698618607,-0.688311646177015
2020-05-31 20:00:00,27.6,90,25.9,0.0,30,0.0,2.4,243,2.138415658052083,1.0895771993749126
2020-05-31 21:00:00,27.1,93,25.9,0.0,34,0.0,1.5,194,0.3628828433995013,1.4554435894139948
2020-05-31 22:00:00,26.6,95,25.7,0.0,33,0.0,1.3,146,-0.726950774511971,1.0777488443215542
2020-05-31 23:00:00,26.4,96,25.6,0.0,33,0.0,2.1,121,-1.800051331474436,1.081579957311114
2020-06-01 00:00:00,26.1,97,25.5,0.0,56,0.0,2.7,157,-1.0549740469210394,2.485363104321589
2020-06-01 01:00:00,25.7,98,25.4,0.0,53,0.0,4.5,151,-2.181643291108517,3.935788682127281
2020-06-01 02:00:00,25.2,97,24.7,0.9,57,0.0,6.9,137,-4.70578868443124,5.046340541172277
2020-06-01 03:00:00,25.4,97,24.9,0.0,58,0.0,6.9,133,-5.0463405411722775,4.705788684431239
2020-06-01 04:00:00,25.5,96,24.7,0.0,43,0.0,6.6,135,-4.666904755831213,4.666904755831213
2020-06-01 05:00:00,25.5,94,24.4,0.0,35,0.0,6.9,141,-4.342310698243878,5.3623071340531
2020-06-01 06:00:00,25.7,93,24.4,0.0,36,9.0,4.6,162,-1.4214781741247584,4.3748599749577055
2020-06-01 07:00:00,27.3,85,24.5,0.0,33,98.0,6.2,170,-1.0766187015349675,6.10580806867569
2020-06-01 08:00:00,28.4,79,24.5,0.0,33,282.0,8.7,175,-0.7582549619046263,8.666893873398186
2020-06-01 09:00:00,29.2,78,25.0,0.0,20,460.0,9.4,184,0.6557108531947776,9.377102072442348
2020-06-01 10:00:00,29.8,75,25.0,0.0,28,626.0,10.0,206,4.383711467890775,8.98794046299167
2020-06-01 11:00:00,30.1,75,25.2,0.0,29,665.0,9.9,224,6.877117867544073,7.121464023352646
2020-06-01 12:00:00,30.4,76,25.7,0.0,29,741.0,8.4,230,6.434773322199415,5.399415921366932
2020-06-01 13:00:00,30.6,77,26.0,0.0,25,746.0,8.2,229,6.18861855782673,5.379684037722159
2020-06-01 14:00:00,30.5,78,26.2,0.0,28,664.0,6.6,229,4.981083229470295,4.329989591337347
2020-06-01 15:00:00,30.5,70,24.5,0.3,30,544.0,6.6,241,5.772490067120012,3.199743493625823
2020-06-01 16:00:00,30.3,72,24.7,0.0,28,420.0,7.8,248,7.232034065620941,2.921931428644116
2020-06-01 17:00:00,29.8,75,25.0,0.0,28,237.0,8.4,263,8.337387673787106,1.0237024846032363
2020-06-01 18:00:00,29.2,78,25.0,0.0,27,91.0,4.5,284,4.366330768241984,-1.0886485301985034
2020-06-01 19:00:00,28.8,81,25.1,0.0,34,6.0,6.2,280,6.105808068675691,-1.0766187015349655
2020-06-01 20:00:00,28.2,86,25.5,0.0,30,0.0,5.5,293,5.062776693988423,-2.149021206691004
2020-06-01 21:00:00,27.0,91,25.4,0.0,34,0.0,4.3,294,3.9282454678631846,-1.7489675652259389
2020-06-01 22:00:00,26.5,94,25.4,0.0,35,0.0,2.3,288,2.187429987478853,-0.7107390870623785
2020-06-01 23:00:00,26.3,95,25.5,0.0,34,0.0,1.6,207,0.7263847995832746,1.4256104387013888
2020-06-02 00:00:00,26.0,97,25.4,0.0,29,0.0,3.2,180,-3.91886975727153e-16,3.2
2020-06-02 01:00:00,25.7,98,25.3,0.0,29,0.0,4.4,171,-0.6883116461770163,4.345828698618606
2020-06-02 02:00:00,25.4,98,25.0,0.0,50,0.0,3.3,167,-0.7423384793347552,3.215421213791276
2020-06-02 03:00:00,25.8,97,25.2,0.0,47,0.0,3.3,174,-0.3449439287832573,3.281922254715301
2020-06-02 04:00:00,25.8,97,25.3,0.0,100,0.0,3.3,186,0.3449439287832565,3.281922254715301
2020-06-02 05:00:00,25.6,97,25.2,0.0,100,0.0,3.6,180,-4.4087284769304716e-16,3.6
2020-06-02 06:00:00,25.1,98,24.8,0.0,36,13.0,1.1,162,-0.3399186938124423,1.0461621679246689
2020-06-02 07:00:00,27.3,91,25.8,0.0,21,117.0,3.1,144,-1.822134282106667,2.507952682562337
2020-06-02 08:00:00,28.4,84,25.4,0.0,16,305.0,4.7,176,-0.32785542659739,4.688551036221174
2020-06-02 09:00:00,29.1,80,25.2,0.0,14,466.0,6.6,193,1.4846769586695088,6.430842427582553
2020-06-02 10:00:00,29.8,76,25.1,0.0,6,631.0,8.2,203,3.203995253612043,7.54813979831001
2020-06-02 11:00:00,30.3,73,25.0,0.0,14,741.0,10.4,214,5.815606196095766,8.621990754572435
2020-06-02 12:00:00,30.6,73,25.1,0.0,30,816.0,11.5,224,7.988571260278468,8.272407703894487
2020-06-02 13:00:00,30.5,73,25.1,0.0,53,810.0,12.2,236,10.11425838517151,6.822153422343108
2020-06-02 14:00:00,30.3,74,25.1,0.1,53,704.0,11.9,241,10.407974514958813,5.769234480931408
2020-06-02 15:00:00,30.2,74,25.1,0.0,47,604.0,10.0,240,8.660254037844386,5.000000000000004
2020-06-02 16:00:00,30.0,75,25.1,0.0,56,436.0,9.1,236,7.54424191025088,5.088655421583794
2020-06-02 17:00:00,29.6,77,25.1,0.0,50,248.0,8.1,238,6.86918957886705,4.292346040288961
2020-06-02 18:00:00,29.1,79,25.1,0.0,31,92.0,5.8,270,5.8,1.0654427152581972e-15
2020-06-02 19:00:00,28.5,83,25.4,0.0,20,7.0,7.0,291,6.535062985480412,-2.5085756468171025
2020-06-02 20:00:00,27.9,89,25.8,0.0,18,0.0,2.7,337,1.0549740469210396,-2.4853631043215887
2020-06-02 21:00:00,27.6,89,25.6,0.0,11,0.0,2.9,90,-2.9,-1.7757378587636622e-16
2020-06-02 22:00:00,26.7,92,25.4,0.0,13,0.0,3.8,139,-2.493024310163928,2.8678964048465336
2020-06-02 23:00:00,26.1,94,25.1,0.0,17,0.0,3.7,191,0.7059932828932155,3.632020578756357
2020-06-03 00:00:00,25.6,95,24.8,0.0,19,0.0,5.4,184,0.3766849582182765,5.386845871403051
2020-06-03 01:00:00,25.3,96,24.7,0.0,68,0.0,8.4,160,-2.8729692039356185,7.893418014601631
2020-06-03 02:00:00,25.3,97,24.8,0.0,63,0.0,8.7,156,-3.5386087947594635,7.947845481490626
2020-06-03 03:00:00,25.4,95,24.5,0.0,29,0.0,9.5,155,-4.014873486536645,8.609923976848174
2020-06-03 04:00:00,25.4,93,24.1,0.0,31,0.0,8.6,165,-2.2258437878816806,8.306962106085987
2020-06-03 05:00:00,25.3,93,24.0,0.0,30,0.0,9.0,182,0.3140954703225081,8.994517443171862
2020-06-03 06:00:00,25.4,93,24.2,0.0,32,8.0,7.0,201,2.508575646817103,6.535062985480412
2020-06-03 07:00:00,26.9,89,24.8,0.0,32,113.0,5.5,212,2.914555953282626,4.664264528860343
2020-06-03 08:00:00,28.3,81,24.7,0.0,26,282.0,5.6,220,3.59961061424462,4.289848881466277
2020-06-03 09:00:00,29.2,77,24.8,0.0,26,464.0,6.9,231,5.362307134053097,4.342310698243882
2020-06-03 10:00:00,29.8,72,24.3,0.0,33,598.0,8.7,232,6.8556935563784815,5.356254835333225
2020-06-03 11:00:00,30.0,71,24.3,0.1,41,624.0,9.7,231,7.538315826132614,6.104407793183427
2020-06-03 12:00:00,30.2,71,24.5,0.2,46,755.0,10.0,232,7.880107536067221,6.156614753256581
2020-06-03 13:00:00,30.3,72,24.7,0.4,46,750.0,10.1,235,8.273435647318815,5.793122007145568
2020-06-03 14:00:00,30.4,72,24.8,0.2,47,739.0,9.6,236,7.958760696528401,5.368251873319167
2020-06-03 15:00:00,30.4,70,24.2,0.0,36,602.0,7.9,223,5.387787044493737,5.777694242791448
2020-06-03 16:00:00,30.3,71,24.3,0.0,29,456.0,7.5,215,4.301823272632846,6.143640332167439
2020-06-03 17:00:00,30.0,72,24.4,0.0,17,278.0,7.1,221,4.6580191058326,5.358438019581682
2020-06-03 18:00:00,29.4,76,24.7,0.0,7,110.0,4.9,253,4.685893304218873,1.4326213531414118
2020-06-03 19:00:00,28.7,80,24.9,0.0,2,9.0,7.3,261,7.210124886344505,1.1419715947936866
2020-06-03 20:00:00,27.9,85,25.1,0.0,2,0.0,7.5,253,7.172285669722765,2.192787785420528
2020-06-03 21:00:00,27.2,89,25.2,0.0,3,0.0,7.2,243,6.415246974156248,3.268731598124738
2020-06-03 22:00:00,26.7,90,25.0,0.0,2,0.0,7.4,241,6.47218583283153,3.5875911898228927
2020-06-03 23:00:00,26.4,91,24.8,0.0,1,0.0,5.6,225,3.9597979746446654,3.9597979746446663
2020-06-04 00:00:00,26.2,92,24.7,0.0,0,0.0,4.7,180,-5.755839955992562e-16,4.7
2020-06-04 01:00:00,26.1,93,24.8,0.0,1,0.0,5.9,169,-1.1257730727216153,5.791600382341218
2020-06-04 02:00:00,26.0,94,24.9,0.0,77,0.0,7.2,177,-0.3768188849491954,7.190132650232932
2020-06-04 03:00:00,25.4,97,24.8,0.0,75,0.0,7.2,180,-8.817456953860943e-16,7.2
2020-06-04 04:00:00,25.2,98,24.9,0.0,75,0.0,7.2,198,2.2249223594996206,6.847606917325106
2020-06-04 05:00:00,25.2,99,25.0,0.0,75,0.0,7.2,207,3.268731598124736,6.415246974156249
2020-06-04 06:00:00,25.5,99,25.2,0.0,57,11.0,3.7,209,1.7937955949114468,3.236092916415765
2020-06-04 07:00:00,27.2,92,25.8,0.0,41,95.0,3.3,167,-0.7423384793347552,3.215421213791276
2020-06-04 08:00:00,28.2,86,25.7,0.0,11,296.0,3.3,174,-0.3449439287832573,3.281922254715301
2020-06-04 09:00:00,28.9,83,25.7,0.0,14,422.0,4.1,218,2.5242120488351985,3.23084408978756
2020-06-04 10:00:00,29.6,81,25.9,0.0,28,609.0,5.6,230,4.289848881466276,3.5996106142446207
2020-06-04 11:00:00,30.2,78,26.0,0.0,30,637.0,7.2,233,5.750175672340508,4.333068166694748
2020-06-04 12:00:00,30.6,77,26.1,0.0,27,676.0,8.0,234,6.472135954999579,4.702282018339786
2020-06-04 13:00:00,30.8,77,26.3,0.0,28,734.0,8.7,240,7.534421012924614,4.350000000000003
2020-06-04 14:00:00,30.8,74,25.7,0.0,23,593.0,8.9,243,7.929958065276474,4.040515447681968
2020-06-04 15:00:00,30.7,70,24.6,0.0,13,585.0,7.8,236,6.466493065929326,4.361704647071823
2020-06-04 16:00:00,30.5,71,24.6,0.0,12,429.0,7.1,221,4.6580191058326,5.358438019581682
2020-06-04 17:00:00,30.1,73,24.8,0.0,16,244.0,7.4,209,3.5875911898228936,6.47218583283153
2020-06-04 18:00:00,29.5,78,25.2,0.0,23,110.0,5.4,228,4.01298205757793,3.613305274337834
2020-06-04 19:00:00,28.9,81,25.4,0.0,26,8.0,6.6,229,4.981083229470295,4.329989591337347
2020-06-04 20:00:00,28.2,86,25.5,0.0,26,0.0,4.8,222,3.2118269105225195,3.5670951622914924
2020-06-04 21:00:00,27.7,89,25.7,0.0,26,0.0,6.3,239,5.400153994423306,3.2447398719333425
2020-06-04 22:00:00,27.4,91,25.8,0.0,27,0.0,7.4,231,5.750880114781583,4.656970893768801
2020-06-04 23:00:00,27.0,92,25.7,0.0,13,0.0,7.3,200,2.496747046277381,6.859756131737131
2020-06-05 00:00:00,26.7,93,25.5,0.0,9,0.0,8.0,175,-0.6972459419812655,7.969557584733964
2020-06-05 01:00:00,26.4,94,25.3,0.0,15,0.0,7.1,156,-2.887830165838183,6.486172749262465
2020-06-05 02:00:00,26.1,94,25.1,0.0,17,0.0,7.1,150,-3.5499999999999994,6.148780366869515
2020-06-05 03:00:00,25.9,92,24.5,0.0,16,0.0,7.9,156,-3.2132194802988234,7.217009115376546
2020-06-05 04:00:00,25.9,91,24.3,0.0,21,0.0,9.1,173,-1.1090110249868426,9.032169979936029
2020-06-05 05:00:00,25.8,91,24.2,0.0,25,0.0,8.1,167,-1.822103540185308,7.892397524760404
2020-06-05 06:00:00,25.7,91,24.2,0.1,25,11.0,5.3,152,-2.4881992827652204,4.679622242152313
2020-06-05 07:00:00,27.1,85,24.3,0.0,17,94.0,6.2,173,-0.7555899291119148,6.153786140176196
2020-06-05 08:00:00,28.1,81,24.6,0.0,30,196.0,8.0,198,2.4721359549995783,7.608452130361229
2020-06-05 09:00:00,28.9,80,25.0,0.0,45,342.0,9.8,188,1.3638963894086422,9.704627073667387
2020-06-05 10:00:00,29.4,80,25.5,0.1,50,421.0,11.3,197,3.303800263366926,10.806243742382302
2020-06-05 11:00:00,29.8,80,25.9,0.1,99,516.0,13.9,205,5.87439383819572,12.597678239809436
2020-06-05 12:00:00,29.6,78,25.3,0.8,98,440.0,12.7,209,6.157082177128479,11.107670280670328
2020-06-05 13:00:00,28.6,82,25.2,3.5,100,335.0,11.9,209,5.76923448093141,10.407974514958813
2020-06-05 14:00:00,28.0,86,25.4,1.4,70,173.0,14.9,200,5.096100135552463,14.001420049710037
2020-06-05 15:00:00,29.5,78,25.3,0.0,45,250.0,14.1,195,3.6493485359455433,13.619554150675864
2020-06-05 16:00:00,28.9,81,25.3,0.4,64,218.0,15.0,191,2.8621349306481707,14.72440775171496
2020-06-05 17:00:00,28.8,82,25.4,0.4,79,167.0,10.4,194,2.5159877142365423,10.091075553270365
2020-06-05 18:00:00,28.4,84,25.4,0.0,48,27.0,9.1,187,1.1090110249868406,9.03216997993603
2020-06-05 19:00:00,28.0,86,25.4,0.0,59,2.0,7.6,185,0.6623836448822004,7.571079705497266
2020-06-05 20:00:00,27.6,88,25.4,0.0,52,0.0,7.6,172,-1.0577155672964964,7.5260373224359345
2020-06-05 21:00:00,27.2,90,25.4,0.0,48,0.0,8.0,162,-2.47213595499958,7.608452130361228
2020-06-05 22:00:00,26.6,91,25.0,0.2,50,0.0,7.8,158,-2.921931428644116,7.232034065620941
2020-06-05 23:00:00,26.2,91,24.7,0.0,47,0.0,8.1,159,-2.902780391316932,7.562001454627333
2020-06-06 00:00:00,26.0,92,24.6,0.0,42,0.0,8.6,158,-3.221616703376845,7.97378114927437
2020-06-06 01:00:00,26.0,92,24.5,0.0,32,0.0,8.2,157,-3.2039952536120446,7.54813979831001
2020-06-06 02:00:00,25.8,93,24.6,0.0,29,0.0,8.4,160,-2.8729692039356185,7.893418014601631
2020-06-06 03:00:00,26.5,84,23.5,0.0,31,0.0,8.3,185,0.723392664805561,8.268415994161488
2020-06-06 04:00:00,26.4,85,23.7,0.0,30,0.0,8.4,190,1.458644692402216,8.272385125302547
2020-06-06 05:00:00,26.4,87,24.1,0.0,36,0.0,9.0,185,0.7844016847289215,8.96575228282571
2020-06-06 06:00:00,26.5,88,24.3,0.0,40,5.0,9.4,180,-1.1511679911985121e-15,9.4
2020-06-06 07:00:00,27.6,84,24.7,0.0,44,80.0,11.5,178,-0.4013442120787631,11.4929945107196
2020-06-06 08:00:00,28.3,81,24.7,0.0,46,164.0,12.6,177,-0.659433048661092,12.58273213790763
2020-06-06 09:00:00,28.3,82,24.9,1.1,52,284.0,13.7,177,-0.7170026005283301,13.68122462613766
2020-06-06 10:00:00,28.1,85,25.3,2.2,42,269.0,14.4,181,0.2513146526968843,14.397806810252035
2020-06-06 11:00:00,28.3,83,25.2,1.5,47,298.0,15.4,191,2.938458528798789,15.117058625094026
2020-06-06 12:00:00,27.2,85,24.4,7.2,61,196.0,13.8,208,6.478707566445294,12.184676781453192
2020-06-06 13:00:00,27.8,85,25.0,1.2,53,275.0,15.1,232,11.898962379461503,9.296488277417437
2020-06-06 14:00:00,27.7,83,24.6,3.5,100,123.0,12.8,248,11.867953338454878,4.794964395723677
2020-06-06 15:00:00,26.6,90,24.7,6.9,100,20.0,9.1,236,7.54424191025088,5.088655421583794
2020-06-06 16:00:00,26.5,91,24.9,4.0,100,18.0,6.4,232,5.043268823083022,3.940233442084212
2020-06-06 17:00:00,26.5,90,24.7,2.1,100,21.0,5.5,203,2.1490212066910046,5.062776693988422
2020-06-06 18:00:00,26.2,91,24.6,2.4,96,3.0,3.2,153,-1.45276959916655,2.851220877402777
2020-06-06 19:00:00,26.1,91,24.5,0.9,68,0.0,5.5,101,-5.398949508962152,1.0494494745709964
2020-06-06 20:00:00,25.7,94,24.7,0.5,56,0.0,2.8,50,-2.1449244407331385,-1.79980530712231
2020-06-06 21:00:00,25.9,92,24.6,0.4,40,0.0,1.1,180,-1.3471114790620887e-16,1.1
2020-06-06 22:00:00,26.3,89,24.2,0.1,45,0.0,3.7,191,0.7059932828932155,3.632020578756357
2020-06-06 23:00:00,26.5,86,24.1,0.0,71,0.0,5.2,205,2.197614961051636,4.71280049259058
2020-06-07 00:00:00,26.6,86,24.0,0.0,84,0.0,6.1,220,3.921004419087889,4.6728711030257655
2020-06-07 01:00:00,26.3,87,23.9,0.0,86,0.0,6.1,230,4.672871103025765,3.9210044190878905
2020-06-07 02:00:00,25.9,88,23.7,0.0,88,0.0,5.7,252,5.421022142882375,1.7613968679372012
2020-06-07 03:00:00,25.4,93,24.2,0.1,92,0.0,5.5,247,5.062776693988422,2.149021206691006
2020-06-07 04:00:00,26.3,89,24.3,0.0,90,0.0,5.0,210,2.5000000000000004,4.330127018922193
2020-06-07 05:00:00,25.6,92,24.2,0.0,77,0.0,5.5,191,1.049449474570996,5.398949508962152
2020-06-07 06:00:00,26.1,91,24.5,0.0,77,3.0,2.9,187,0.3534210958749272,2.878383839759834
2020-06-07 07:00:00,27.2,89,25.3,0.0,64,50.0,4.8,167,-1.079765060850553,4.6769763109691285
2020-06-07 08:00:00,28.4,83,25.1,0.0,32,168.0,5.6,195,1.4493866525741164,5.409184627218783
2020-06-07 09:00:00,29.2,77,24.8,0.0,41,287.0,9.1,214,5.088655421583795,7.544241910250879
2020-06-07 10:00:00,29.5,75,24.6,0.3,40,270.0,10.7,213,5.82763767466079,8.973775077016036
2020-06-07 11:00:00,28.8,77,24.5,3.1,43,168.0,10.6,208,4.976398565530443,9.359244484304623
2020-06-07 12:00:00,27.4,86,24.9,5.0,49,15.0,9.5,191,1.8126854560771748,9.325458242752807
2020-06-07 13:00:00,27.0,86,24.5,3.7,41,14.0,9.1,187,1.1090110249868406,9.03216997993603
2020-06-07 14:00:00,26.9,87,24.5,2.1,44,17.0,10.4,200,3.557009490586954,9.772803256173448
2020-06-07 15:00:00,29.1,79,25.1,0.9,65,143.0,9.8,188,1.3638963894086422,9.704627073667387
2020-06-07 16:00:00,28.9,79,24.9,0.1,51,47.0,9.7,180,-1.1879073951729326e-15,9.7
2020-06-07 17:00:00,28.4,83,25.2,0.3,50,1.0,7.2,177,-0.3768188849491954,7.190132650232932
2020-06-07 18:00:00,28.3,83,25.1,0.2,87,4.0,4.8,243,4.276831316104166,2.179154398749825
2020-06-07 19:00:00,27.8,86,25.2,0.0,68,0.0,4.7,274,4.688551036221175,-0.3278554265973885
2020-06-07 20:00:00,27.3,89,25.3,0.0,52,0.0,3.1,249,2.894099322141325,1.1109406435904323
2020-06-07 21:00:00,27.0,91,25.4,0.0,43,0.0,3.0,194,0.7257656867990026,2.910887178827989
2020-06-07 22:00:00,26.9,92,25.4,0.0,39,0.0,4.9,163,-1.4326213531414094,4.685893304218874
2020-06-07 23:00:00,26.6,92,25.3,0.0,40,0.0,6.2,190,1.0766187015349689,6.10580806867569
2020-06-08 00:00:00,26.4,92,25.1,0.0,44,0.0,8.1,193,1.8221035401853063,7.892397524760405
2020-06-08 01:00:00,26.4,91,24.8,0.0,53,0.0,6.8,177,-0.3558845024520178,6.790680836331102
2020-06-08 02:00:00,26.3,88,24.2,0.0,61,0.0,8.0,162,-2.47213595499958,7.608452130361228
2020-06-08 03:00:00,26.4,83,23.3,0.0,60,0.0,9.2,159,-3.2969851358167617,8.588939923774255
2020-06-08 04:00:00,26.4,80,22.7,0.0,81,0.0,9.5,169,-1.8126854560771768,9.325458242752807
2020-06-08 05:00:00,26.5,79,22.6,0.0,89,0.0,10.1,178,-0.3524849166952615,10.093847352892867
2020-06-08 06:00:00,26.7,80,23.0,0.0,89,0.0,9.8,172,-1.3638963894086402,9.70462707366739
2020-06-08 07:00:00,27.0,81,23.4,0.0,87,0.0,10.7,160,-3.659615533584657,10.05471104240922
2020-06-08 08:00:00,27.7,79,23.8,0.0,67,29.0,12.9,162,-3.986319227436823,12.26862906020748
2020-06-08 09:00:00,27.9,80,24.2,0.4,75,40.0,14.0,168,-2.9107636714486302,13.69406641027328
2020-06-08 10:00:00,28.2,82,24.8,0.9,80,48.0,14.2,173,-1.7305446763530952,14.094155353306771
2020-06-08 11:00:00,28.3,83,25.1,0.4,79,62.0,14.1,177,-0.7379369830255077,14.080676440039491
2020-06-08 12:00:00,28.6,81,25.0,0.5,92,47.0,13.3,180,-1.62878024286598e-15,13.3
2020-06-08 13:00:00,28.2,81,24.7,1.5,100,57.0,11.5,180,-1.4083438190194562e-15,11.5
2020-06-08 14:00:00,27.8,86,25.3,0.9,98,31.0,10.9,188,1.5169868004647142,10.793921949283115
2020-06-08 15:00:00,26.6,89,24.7,2.9,100,19.0,12.7,187,1.5477406612453708,12.60533612584479
2020-06-08 16:00:00,26.1,91,24.6,3.4,100,7.0,11.7,189,1.8302832409706995,11.555953584963111
2020-06-08 17:00:00,25.6,92,24.2,3.8,100,0.0,8.3,185,0.723392664805561,8.268415994161488
2020-06-08 18:00:00,25.7,90,24.0,3.2,89,0.0,5.4,98,-5.34744757120448,0.7515347451843529
2020-06-08 19:00:00,25.8,88,23.6,2.0,63,0.0,8.7,83,-8.6351515192795,-1.060263287624783
2020-06-08 20:00:00,25.8,85,23.0,0.6,69,0.0,9.1,81,-8.987963899415753,-1.4235536318661013
2020-06-08 21:00:00,25.7,80,21.9,0.0,79,0.0,9.7,86,-9.676371287520292,-0.6766377953180147
2020-06-08 22:00:00,26.0,75,21.3,0.0,64,0.0,7.9,93,-7.889173324561134,0.4134540543192563
2020-06-08 23:00:00,26.2,73,21.0,0.0,56,0.0,6.7,106,-6.440453362786736,1.8467702839738935
2020-06-09 00:00:00,26.2,74,21.2,0.0,44,0.0,7.2,127,-5.750175672340507,4.333068166694749
2020-06-09 01:00:00,26.2,76,21.6,0.0,45,0.0,4.8,103,-4.676976310969129,1.079765060850552
2020-06-09 02:00:00,25.9,79,21.9,0.0,89,0.0,7.7,79,-7.558529312547013,-1.4692292643993958
2020-06-09 03:00:00,25.3,73,20.1,0.0,91,0.0,9.0,95,-8.96575228282571,0.7844016847289241
2020-06-09 04:00:00,25.1,72,19.8,0.0,90,0.0,6.4,117,-5.702441754805555,2.9055391983331
2020-06-09 05:00:00,25.0,76,20.5,0.0,88,0.0,6.7,126,-5.420413862312148,3.9381611903595695
2020-06-09 06:00:00,25.2,79,21.2,0.0,87,1.0,5.2,155,-2.1976149610516376,4.71280049259058
2020-06-09 07:00:00,25.8,80,22.2,0.3,79,14.0,2.3,141,-1.4474368994146258,1.7874357113510329
2020-06-09 08:00:00,26.4,77,22.1,0.2,89,15.0,1.4,180,-1.7145055188062944e-16,1.4
2020-06-09 09:00:00,26.7,74,21.6,0.5,86,51.0,3.3,186,0.3449439287832565,3.281922254715301
2020-06-09 10:00:00,26.7,75,21.9,0.8,85,123.0,6.9,174,-0.7212463965468108,6.862201078041086
2020-06-09 11:00:00,27.4,74,22.4,0.4,85,134.0,8.9,166,-2.153104870837043,8.635631963856369
2020-06-09 12:00:00,26.9,79,22.8,0.9,91,24.0,8.6,165,-2.2258437878816806,8.306962106085987
2020-06-09 13:00:00,26.9,78,22.7,0.6,92,24.0,7.3,171,-1.1419715947936862,7.210124886344505
2020-06-09 14:00:00,27.4,75,22.7,0.7,92,77.0,6.2,173,-0.7555899291119148,6.153786140176196
2020-06-09 15:00:00,28.7,76,24.0,0.0,92,70.0,5.2,164,-1.433314250248396,4.998560818879258
2020-06-09 16:00:00,28.5,75,23.7,0.0,95,34.0,4.3,138,-2.8772616073430908,3.1955227495527945
2020-06-09 17:00:00,28.3,78,24.0,0.0,90,2.0,4.5,104,-4.366330768241984,1.088648530198505
2020-06-09 18:00:00,28.0,77,23.7,0.0,90,9.0,4.7,90,-4.7,-2.8779199779962803e-16
2020-06-09 19:00:00,27.7,76,23.0,0.0,67,0.0,7.9,106,-7.59396739791272,2.1775351109542926
2020-06-09 20:00:00,27.1,80,23.3,0.0,32,0.0,9.5,115,-8.609923976848176,4.014873486536644
2020-06-09 21:00:00,26.8,80,23.2,0.0,81,0.0,6.8,238,5.766727053863696,3.603450996785794
2020-06-09 22:00:00,26.2,85,23.5,0.0,89,0.0,7.0,249,6.535062985480412,2.508575646817105
2020-06-09 23:00:00,27.4,80,23.6,0.0,87,0.0,2.9,263,2.878383839759834,0.3534210958749267
2020-06-10 00:00:00,27.1,82,23.8,0.4,70,0.0,2.4,153,-1.0895771993749124,2.138415658052083
2020-06-10 01:00:00,25.4,90,23.7,0.0,44,0.0,6.9,137,-4.70578868443124,5.046340541172277
2020-06-10 02:00:00,25.3,90,23.5,0.1,45,0.0,8.2,142,-5.048424097670399,6.461688179575119
2020-06-10 03:00:00,25.8,83,22.6,0.0,53,0.0,8.2,151,-3.975438886019965,7.171881598543044
2020-06-10 04:00:00,25.7,80,22.0,0.0,64,0.0,9.0,151,-4.363286582217034,7.871577364254562
2020-06-10 05:00:00,25.8,79,21.9,0.0,58,0.0,9.7,149,-4.995869326627527,8.314522816810488
2020-06-10 06:00:00,25.8,81,22.2,0.0,52,4.0,7.3,160,-2.496747046277383,6.8597561317371305
2020-06-10 07:00:00,26.6,81,23.1,0.0,29,34.0,8.2,151,-3.975438886019965,7.171881598543044
2020-06-10 08:00:00,28.1,78,23.8,0.0,24,139.0,7.8,167,-1.7546182238821486,7.600086505324834
2020-06-10 09:00:00,29.1,77,24.6,0.0,29,293.0,8.6,178,-0.3001356716415098,8.594761112364223
2020-06-10 10:00:00,30.0,75,25.2,0.0,30,518.0,8.4,187,1.0237024846032374,8.337387673787106
2020-06-10 11:00:00,30.4,75,25.5,0.0,32,582.0,8.7,197,2.543633831087809,8.319851376878407
2020-06-10 12:00:00,30.7,76,25.9,0.0,38,570.0,9.8,208,4.600821315301731,8.652886410017484
2020-06-10 13:00:00,30.9,77,26.4,0.0,48,695.0,11.7,214,6.542556970607736,9.699739598893988
2020-06-10 14:00:00,29.2,79,25.2,1.0,49,492.0,12.9,207,5.856477446640152,11.493984162029946
2020-06-10 15:00:00,29.9,77,25.5,0.1,27,402.0,13.1,201,4.694620139043436,12.229903587113345
2020-06-10 16:00:00,29.7,78,25.5,0.0,51,247.0,13.9,190,2.4137096695703337,13.688827766869691
2020-06-10 17:00:00,29.4,79,25.3,0.0,50,137.0,13.4,175,-1.1678869528186198,13.34900895442939
2020-06-10 18:00:00,28.9,80,25.0,0.0,48,46.0,9.1,173,-1.1090110249868426,9.032169979936029
2020-06-10 19:00:00,28.2,82,24.8,0.0,48,4.0,8.7,173,-1.0602632876247835,8.6351515192795
2020-06-10 20:00:00,27.9,83,24.7,0.0,59,0.0,8.8,168,-1.829622879196282,8.607698886457491
2020-06-10 21:00:00,27.6,84,24.7,0.0,63,0.0,7.4,166,-1.790222027437541,7.180188374442374
2020-06-10 22:00:00,27.4,85,24.7,0.0,60,0.0,7.9,164,-2.177535110954294,7.59396739791272
2020-06-10 23:00:00,27.2,86,24.7,0.0,57,0.0,8.1,167,-1.822103540185308,7.892397524760404
2020-06-11 00:00:00,27.1,86,24.7,0.0,73,0.0,8.0,162,-2.47213595499958,7.608452130361228
2020-06-11 01:00:00,27.0,87,24.6,0.0,97,0.0,8.1,159,-2.902780391316932,7.562001454627333
2020-06-11 02:00:00,26.9,87,24.5,0.0,92,0.0,9.1,171,-1.423553631866102,8.987963899415753
2020-06-11 03:00:00,27.0,85,24.3,0.0,79,0.0,8.0,175,-0.6972459419812655,7.969557584733964
2020-06-11 04:00:00,26.8,86,24.2,0.0,76,0.0,8.6,165,-2.2258437878816806,8.306962106085987
2020-06-11 05:00:00,26.6,86,24.1,0.2,68,0.0,8.1,159,-2.902780391316932,7.562001454627333
2020-06-11 06:00:00,26.4,88,24.2,0.2,60,5.0,2.1,149,-1.0815799573111142,1.8000513314744355
2020-06-11 07:00:00,27.2,87,24.9,0.0,56,43.0,3.3,139,-2.1649947956686737,2.490541614735148
2020-06-11 08:00:00,28.3,80,24.6,0.0,55,166.0,3.8,163,-1.111012477946399,3.633958072659535
2020-06-11 09:00:00,29.0,77,24.5,0.0,74,200.0,5.1,184,0.3557580160950389,5.087576656325103
2020-06-11 10:00:00,29.6,74,24.5,0.0,76,287.0,5.2,196,1.4333142502483949,4.998560818879258
2020-06-11 11:00:00,30.2,72,24.5,0.0,65,455.0,5.2,205,2.197614961051636,4.71280049259058
2020-06-11 12:00:00,30.6,70,24.5,0.0,74,510.0,5.9,223,4.023790324368741,4.314986839553106
2020-06-11 13:00:00,30.8,70,24.7,0.0,60,470.0,4.4,235,3.604268994871563,2.523736319944604
2020-06-11 14:00:00,30.8,71,25.0,0.0,51,511.0,4.0,260,3.939231012048832,0.6945927106677213
2020-06-11 15:00:00,30.6,72,25.0,0.0,40,428.0,4.3,265,4.283637201794505,0.3747696938149304
2020-06-11 16:00:00,30.5,73,25.1,0.0,26,341.0,5.0,270,5.0,9.184850993605148e-16
2020-06-11 17:00:00,30.2,75,25.2,0.0,20,192.0,5.0,270,5.0,9.184850993605148e-16
2020-06-11 18:00:00,29.7,77,25.2,0.0,14,87.0,3.6,276,3.5802788233257843,-0.3763024677635507
2020-06-11 19:00:00,29.1,80,25.3,0.0,21,8.0,5.1,231,3.96344440343055,3.2095339943541727
2020-06-11 20:00:00,28.4,84,25.5,0.0,19,0.0,4.7,189,0.7352419856890845,4.642135200797148
2020-06-11 21:00:00,28.1,86,25.5,0.0,17,0.0,4.4,171,-0.6883116461770163,4.345828698618606
2020-06-11 22:00:00,27.8,87,25.5,0.0,16,0.0,5.6,165,-1.4493866525741177,5.409184627218782
2020-06-11 23:00:00,27.6,88,25.5,0.0,8,0.0,7.9,177,-0.4134540543192561,7.889173324561134
2020-06-12 00:00:00,27.5,89,25.5,0.0,8,0.0,9.5,191,1.8126854560771748,9.325458242752807
2020-06-12 01:00:00,27.4,89,25.4,0.0,10,0.0,7.7,217,4.633975678270772,6.149493427364155
2020-06-12 02:00:00,27.1,90,25.4,0.0,5,0.0,3.2,243,2.851220877402777,1.45276959916655
2020-06-12 03:00:00,27.2,89,25.3,0.0,7,0.0,1.3,56,-1.0777488443215544,-0.7269507745119709
2020-06-12 04:00:00,26.9,90,25.0,0.0,12,0.0,2.1,59,-1.800051331474436,-1.0815799573111138
2020-06-12 05:00:00,26.3,91,24.8,0.0,10,0.0,4.4,35,-2.523736319944603,-3.604268994871564
2020-06-12 06:00:00,25.7,96,25.0,0.0,3,10.0,7.7,28,-3.61493103345136,-6.798696465013738
2020-06-12 07:00:00,27.9,88,25.8,0.0,2,86.0,7.8,34,-4.361704647071826,-6.466493065929326
2020-06-12 08:00:00,28.8,83,25.6,0.0,4,245.0,10.4,20,-3.557009490586955,-9.772803256173448
2020-06-12 09:00:00,29.6,78,25.5,0.0,3,440.0,10.0,15,-2.5881904510252074,-9.659258262890685
2020-06-12 10:00:00,30.3,75,25.4,0.0,8,527.0,8.3,5,-0.7233926648055629,-8.268415994161488
2020-06-12 11:00:00,30.7,74,25.5,0.0,17,597.0,6.9,354,0.7212463965468086,-6.862201078041086
2020-06-12 12:00:00,30.7,74,25.5,0.0,25,588.0,7.0,348,1.4553818357243191,-6.847033205136639
2020-06-12 13:00:00,30.7,74,25.6,0.0,43,614.0,8.7,353,1.0602632876247808,-8.635151519279502
2020-06-12 14:00:00,30.5,76,25.7,0.4,50,299.0,8.7,5,-0.7582549619046259,-8.666893873398186
2020-06-12 15:00:00,30.4,76,25.7,0.0,59,227.0,12.2,14,-2.951447126315946,-11.837607860567156
2020-06-12 16:00:00,29.9,78,25.7,0.0,44,146.0,10.5,8,-1.4613175600806871,-10.397814721786489
2020-06-12 17:00:00,29.5,80,25.6,0.0,34,70.0,7.9,357,0.4134540543192605,-7.889173324561134
2020-06-12 18:00:00,29.2,81,25.7,0.0,42,31.0,4.7,23,-1.8364363038995868,-4.32637281122647
2020-06-12 19:00:00,28.8,84,25.8,0.0,34,5.0,7.0,12,-1.4553818357243151,-6.84703320513664
2020-06-12 20:00:00,28.2,87,25.8,0.0,28,0.0,7.8,22,-2.921931428644114,-7.232034065620942
2020-06-12 21:00:00,27.7,89,25.8,0.0,27,0.0,7.6,31,-3.9142893693164114,-6.5144714853360535
2020-06-12 22:00:00,27.3,91,25.8,0.0,15,0.0,5.6,40,-3.59961061424462,-4.289848881466277
2020-06-12 23:00:00,26.8,94,25.7,0.0,11,0.0,5.8,22,-2.172718241812289,-5.377666356487367
2020-06-13 00:00:00,26.2,97,25.6,0.0,4,0.0,5.1,8,-0.7097828148963337,-5.050367150582009
2020-06-13 01:00:00,26.6,95,25.7,0.0,0,0.0,4.0,355,0.3486229709906333,-3.984778792366982
2020-06-13 02:00:00,27.0,93,25.9,0.0,3,0.0,2.9,7,-0.3534210958749276,-2.8783838397598336
2020-06-13 03:00:00,26.1,98,25.7,0.0,5,0.0,3.7,11,-0.7059932828932158,-3.632020578756357
2020-06-13 04:00:00,25.7,99,25.5,0.0,6,0.0,3.9,22,-1.460965714322057,-3.616017032810471
2020-06-13 05:00:00,25.8,99,25.6,0.0,29,0.0,4.1,38,-2.524212048835199,-3.2308440897875594
2020-06-13 06:00:00,26.1,98,25.7,0.0,31,9.0,4.6,39,-2.894873798829252,-3.5748714227020657
2020-06-13 07:00:00,27.4,93,26.2,0.0,23,82.0,3.9,22,-1.460965714322057,-3.616017032810471
2020-06-13 08:00:00,28.8,87,26.4,0.0,25,271.0,3.8,17,-1.1110124779463997,-3.633958072659535
2020-06-13 09:00:00,29.7,81,26.2,0.0,37,387.0,1.9,338,0.7117525274902334,-1.7616493236768958
2020-06-13 10:00:00,30.6,77,26.0,0.0,26,550.0,2.3,231,1.7874357113510322,1.447436899414627
2020-06-13 11:00:00,31.2,73,25.8,0.0,19,592.0,3.6,225,2.545584412271571,2.545584412271572
2020-06-13 12:00:00,31.4,72,25.7,0.2,26,574.0,5.6,225,3.9597979746446654,3.9597979746446663
2020-06-13 13:00:00,31.4,71,25.5,0.6,32,525.0,6.6,209,3.199743493625824,5.772490067120012
2020-06-13 14:00:00,31.3,71,25.3,0.6,39,407.0,7.3,191,1.3929056662487764,7.165878439167947
2020-06-13 15:00:00,31.5,71,25.6,0.0,60,414.0,7.3,191,1.3929056662487764,7.165878439167947
2020-06-13 16:00:00,30.9,72,25.3,0.6,49,189.0,3.8,253,3.633958072659534,1.111012477946401
2020-06-13 17:00:00,30.4,75,25.4,0.0,47,81.0,0.5,315,0.3535533905932738,-0.3535533905932737
2020-06-13 18:00:00,29.8,78,25.6,0.0,31,51.0,2.4,27,-1.0895771993749122,-2.138415658052083
2020-06-13 19:00:00,29.2,81,25.6,0.0,29,6.0,3.1,21,-1.1109406435904308,-2.8940993221413254
2020-06-13 20:00:00,28.2,87,25.8,0.0,26,0.0,2.7,67,-2.485363104321589,-1.0549740469210391
2020-06-13 21:00:00,27.9,88,25.7,0.0,22,0.0,4.1,105,-3.96029588778518,1.0611580849203357
2020-06-13 22:00:00,27.9,87,25.6,0.0,17,0.0,4.4,99,-4.345828698618607,0.6883116461770157
2020-06-13 23:00:00,27.8,86,25.3,0.0,12,0.0,5.7,108,-5.421022142882376,1.7613968679372
2020-06-14 00:00:00,27.5,86,25.0,0.0,10,0.0,9.2,135,-6.505382386916237,6.505382386916236
2020-06-14 01:00:00,27.3,85,24.6,0.0,4,0.0,10.9,163,-3.186851581477829,10.423721839997087
2020-06-14 02:00:00,27.2,85,24.5,0.0,3,0.0,13.8,171,-2.1587956175551875,13.6300991002129
2020-06-14 03:00:00,27.1,83,24.0,0.0,4,0.0,14.6,170,-2.535263393937182,14.378193193978236
2020-06-14 04:00:00,26.8,84,23.9,0.0,3,0.0,14.8,174,-1.5470212563612753,14.718924051450443
2020-06-14 05:00:00,26.8,86,24.2,0.0,4,0.0,18.0,183,0.9420472123729842,17.975331625582328
2020-06-14 06:00:00,26.9,88,24.6,0.0,4,13.0,20.5,177,-1.072887102980348,20.471905462468765
2020-06-14 07:00:00,27.6,85,24.8,0.0,4,121.0,17.2,170,-2.9867486558712004,16.938693351809977
2020-06-14 08:00:00,28.7,80,25.0,0.0,4,297.0,19.8,190,3.4382339178052232,19.49919350964172
2020-06-14 09:00:00,29.4,77,25.1,0.0,2,420.0,21.0,186,2.1950977286207234,20.88495980273374
2020-06-14 10:00:00,30.1,74,25.0,0.0,0,548.0,20.5,183,1.072887102980343,20.471905462468765
2020-06-14 11:00:00,30.8,72,25.1,0.0,0,673.0,20.1,189,3.144332747308638,19.85253564596227
2020-06-14 12:00:00,31.2,70,25.1,0.0,4,722.0,19.0,195,4.917561856947895,18.352590699492296
2020-06-14 13:00:00,31.1,70,25.1,0.3,16,628.0,18.9,201,6.773154246406178,17.64467006079711
2020-06-14 14:00:00,31.0,72,25.3,0.1,22,582.0,17.8,201,6.378949501906348,16.61773159165019
2020-06-14 15:00:00,31.1,68,24.6,0.0,26,392.0,16.9,200,5.7801404222038,15.88080529128185
2020-06-14 16:00:00,30.7,70,24.7,0.1,26,290.0,15.1,205,6.381535752284559,13.685247584253416
2020-06-14 17:00:00,30.0,74,24.8,0.2,20,193.0,12.6,193,2.834383284732698,12.277062816293965
2020-06-14 18:00:00,29.5,76,24.9,0.0,22,64.0,7.6,183,0.3977532674463711,7.589584464134761
2020-06-14 19:00:00,28.7,79,24.8,0.0,17,9.0,7.3,169,-1.3929056662487782,7.165878439167947
2020-06-14 20:00:00,28.2,82,24.8,0.0,8,0.0,7.0,159,-2.5085756468171017,6.535062985480412
2020-06-14 21:00:00,27.9,84,24.8,0.0,7,0.0,6.6,158,-2.4724035165450204,6.119413440140796
2020-06-14 22:00:00,27.6,85,24.8,0.0,5,0.0,7.1,156,-2.887830165838183,6.486172749262465
2020-06-14 23:00:00,27.5,85,24.7,0.0,8,0.0,7.0,159,-2.5085756468171017,6.535062985480412
2020-06-15 00:00:00,27.2,85,24.6,0.0,10,0.0,7.6,161,-2.47431797387439,7.185941174554808
2020-06-15 01:00:00,27.1,85,24.4,0.0,5,0.0,7.4,157,-2.891410350820626,6.811735915548059
2020-06-15 02:00:00,26.9,85,24.3,0.0,4,0.0,7.1,150,-3.5499999999999994,6.148780366869515
2020-06-15 03:00:00,26.7,85,24.0,0.0,2,0.0,6.6,139,-4.329989591337347,4.981083229470295
2020-06-15 04:00:00,26.4,84,23.6,0.0,2,0.0,7.1,131,-5.358438019581682,4.658019105832601
2020-06-15 05:00:00,25.9,86,23.4,0.0,4,0.0,6.2,126,-5.0159053651246746,3.644268564213333
2020-06-15 06:00:00,25.7,88,23.5,0.0,1,12.0,4.1,135,-2.899137802864845,2.8991378028648445
2020-06-15 07:00:00,27.3,82,24.0,0.0,3,99.0,5.9,142,-3.6324027044213847,4.64926344627966
2020-06-15 08:00:00,28.5,76,23.9,0.0,0,278.0,6.8,162,-2.101315561749643,6.467184310807044
2020-06-15 09:00:00,29.4,74,24.3,0.0,2,463.0,8.3,175,-0.7233926648055631,8.268415994161488
2020-06-15 10:00:00,30.0,73,24.6,0.0,5,574.0,9.8,188,1.3638963894086422,9.704627073667387
2020-06-15 11:00:00,30.4,71,24.6,0.0,4,667.0,10.7,194,2.588564282916442,10.382164271153162
2020-06-15 12:00:00,30.6,71,24.8,0.0,14,707.0,11.4,204,4.636797731064123,10.41441821712565
2020-06-15 13:00:00,30.6,71,24.8,0.1,29,622.0,12.1,217,7.281961780139786,9.663489671572243
2020-06-15 14:00:00,30.7,73,25.3,0.1,47,643.0,11.2,222,7.494262791219212,8.323222045346816
2020-06-15 15:00:00,30.9,68,24.3,0.0,33,549.0,7.9,223,5.387787044493737,5.777694242791448
2020-06-15 16:00:00,30.8,69,24.3,0.0,23,426.0,4.1,225,2.8991378028648445,2.8991378028648453
2020-06-15 17:00:00,30.4,70,24.3,0.0,21,255.0,2.8,220,1.7998053071223097,2.1449244407331385
2020-06-15 18:00:00,30.0,72,24.3,0.0,12,101.0,2.9,270,2.9,5.327213576290986e-16
2020-06-15 19:00:00,29.4,76,24.7,0.0,17,9.0,3.8,287,3.633958072659535,-1.1110124779463997
2020-06-15 20:00:00,28.5,80,24.7,0.0,10,0.0,4.5,299,3.935788682127281,-2.181643291108518
2020-06-15 21:00:00,27.9,84,25.0,0.0,8,0.0,6.0,295,5.4378467222198985,-2.535709570444197
2020-06-15 22:00:00,27.6,87,25.1,0.0,6,0.0,5.1,274,5.087576656325104,-0.3557580160950386
2020-06-15 23:00:00,27.2,89,25.2,0.0,8,0.0,4.9,253,4.685893304218873,1.4326213531414118
2020-06-16 00:00:00,26.8,91,25.2,0.0,9,0.0,4.0,243,3.564026096753471,1.815961998958188
2020-06-16 01:00:00,26.4,93,25.1,0.0,4,0.0,3.9,236,3.233246532964663,2.180852323535912
2020-06-16 02:00:00,26.0,95,25.0,0.0,0,0.0,4.7,247,4.326372811226469,1.836436303899587
2020-06-16 03:00:00,26.6,91,25.0,0.0,0,0.0,4.8,243,4.276831316104166,2.179154398749825
2020-06-16 04:00:00,26.0,93,24.8,0.0,21,0.0,4.3,246,3.928245467863184,1.7489675652259404
2020-06-16 05:00:00,25.7,94,24.7,0.0,63,0.0,3.9,248,3.616017032810471,1.460965714322058
2020-06-16 06:00:00,25.5,95,24.7,0.0,1,14.0,4.0,265,3.984778792366982,0.348622970990633
2020-06-16 07:00:00,28.0,87,25.6,0.0,3,127.0,3.3,264,3.281922254715302,0.3449439287832561
2020-06-16 08:00:00,28.9,81,25.3,0.0,5,306.0,4.7,270,4.7,8.63375993398884e-16
2020-06-16 09:00:00,29.5,78,25.2,0.0,21,436.0,5.4,266,5.386845871403051,0.3766849582182781
2020-06-16 10:00:00,30.1,74,25.0,0.0,30,580.0,6.2,263,6.153786140176197,0.7555899291119125
2020-06-16 11:00:00,30.5,72,24.9,0.0,27,636.0,7.2,264,7.160557646651569,0.7526049355271042
2020-06-16 12:00:00,30.6,72,24.9,0.1,24,730.0,8.6,268,8.594761112364223,0.3001356716415065
2020-06-16 13:00:00,30.7,72,25.0,0.2,27,764.0,10.4,272,10.393664600998596,-0.3629547657060133
2020-06-16 14:00:00,30.5,73,25.0,0.2,36,687.0,11.3,279,11.160878248725057,-1.7677094549546066
2020-06-16 15:00:00,30.4,71,24.5,0.0,32,518.0,11.4,281,11.190549891303368,-2.175222547292614
2020-06-16 16:00:00,30.1,72,24.4,0.0,32,425.0,10.0,285,9.659258262890685,-2.588190451025203
2020-06-16 17:00:00,29.7,73,24.3,0.0,25,228.0,7.5,287,7.172285669722766,-2.192787785420525
2020-06-16 18:00:00,29.3,74,24.2,0.0,29,84.0,4.5,299,3.935788682127281,-2.181643291108518
2020-06-16 19:00:00,28.8,79,24.8,0.0,14,9.0,2.9,330,1.4500000000000013,-2.5114736709748717
2020-06-16 20:00:00,28.0,82,24.6,0.0,9,0.0,0.5,135,-0.3535533905932738,0.3535533905932737
2020-06-16 21:00:00,27.0,86,24.5,0.0,1,0.0,2.7,203,1.054974046921039,2.485363104321589
2020-06-16 22:00:00,26.5,89,24.4,0.0,0,0.0,3.9,202,1.460965714322057,3.616017032810471
2020-06-16 23:00:00,26.2,90,24.4,0.0,5,0.0,4.0,190,0.6945927106677219,3.939231012048832
2020-06-17 00:00:00,26.0,91,24.5,0.0,2,0.0,3.9,158,-1.4609657143220578,3.616017032810471
2020-06-17 01:00:00,26.0,92,24.6,0.0,0,0.0,4.3,138,-2.8772616073430908,3.1955227495527945
2020-06-17 02:00:00,25.7,93,24.5,0.0,0,0.0,5.1,135,-3.606244584051392,3.606244584051392
2020-06-17 03:00:00,25.3,94,24.2,0.0,0,0.0,4.8,138,-3.21182691052252,3.567095162291492
2020-06-17 04:00:00,24.8,96,24.2,0.0,0,0.0,4.7,157,-1.8364363038995868,4.32637281122647
2020-06-17 05:00:00,24.7,97,24.2,0.0,76,0.0,4.2,160,-1.4364846019678092,3.9467090073008153
2020-06-17 06:00:00,25.1,96,24.5,0.0,0,11.0,2.4,243,2.138415658052083,1.0895771993749126
2020-06-17 07:00:00,27.5,88,25.4,0.0,6,103.0,2.5,225,1.7677669529663689,1.767766952966369
2020-06-17 08:00:00,28.7,80,25.0,0.0,8,246.0,4.0,243,3.564026096753471,1.815961998958188
2020-06-17 09:00:00,29.4,77,24.9,0.0,15,411.0,5.5,247,5.062776693988422,2.149021206691006
2020-06-17 10:00:00,29.9,73,24.6,0.0,20,563.0,6.6,248,6.119413440140796,2.472403516545021
2020-06-17 11:00:00,30.3,72,24.6,0.1,25,644.0,8.4,250,7.893418014601631,2.872969203935616
2020-06-17 12:00:00,30.4,71,24.6,0.2,39,633.0,9.6,250,9.02104915954472,3.283393375926418
2020-06-17 13:00:00,30.4,73,24.9,0.3,28,690.0,9.9,251,9.360633898433235,3.2231247291258507
2020-06-17 14:00:00,30.3,74,25.1,0.2,32,624.0,9.9,251,9.360633898433235,3.2231247291258507
2020-06-17 15:00:00,30.7,68,24.2,0.0,30,572.0,8.9,249,8.308865795825096,3.1894747509531767
2020-06-17 16:00:00,30.5,70,24.3,0.0,30,424.0,7.1,246,6.486172749262467,2.8878301658381806
2020-06-17 17:00:00,30.2,71,24.4,0.0,32,267.0,5.1,231,3.96344440343055,3.2095339943541727
2020-06-17 18:00:00,29.8,73,24.4,0.0,33,109.0,3.7,259,3.632020578756357,0.7059932828932151
2020-06-17 19:00:00,29.2,75,24.3,0.0,28,11.0,5.6,243,4.989636535454859,2.5423467985414625
2020-06-17 20:00:00,28.3,80,24.5,0.0,26,0.0,6.4,218,3.940233442084213,5.043268823083022
2020-06-17 21:00:00,27.6,84,24.6,0.0,27,0.0,6.7,196,1.846770283973893,6.440453362786736
2020-06-17 22:00:00,27.1,87,24.7,0.0,28,0.0,7.0,192,1.4553818357243165,6.847033205136639
2020-06-17 23:00:00,26.6,89,24.6,0.0,27,0.0,6.9,186,0.7212463965468092,6.862201078041086
2020-06-18 00:00:00,26.1,91,24.6,0.0,24,0.0,6.9,174,-0.7212463965468108,6.862201078041086
2020-06-18 01:00:00,25.8,93,24.6,0.0,83,0.0,6.9,174,-0.7212463965468108,6.862201078041086
2020-06-18 02:00:00,25.5,94,24.5,0.0,79,0.0,7.6,175,-0.6623836448822022,7.571079705497266
2020-06-18 03:00:00,25.3,95,24.4,0.0,76,0.0,7.4,166,-1.790222027437541,7.180188374442374
2020-06-18 04:00:00,25.2,95,24.4,0.0,62,0.0,7.3,160,-2.496747046277383,6.8597561317371305
2020-06-18 05:00:00,25.2,95,24.4,0.0,52,0.0,8.7,163,-2.543633831087808,8.31985137687841
2020-06-18 06:00:00,25.4,95,24.6,0.0,21,13.0,5.9,169,-1.1257730727216153,5.791600382341218
2020-06-18 07:00:00,27.1,88,25.0,0.0,30,110.0,4.6,162,-1.4214781741247584,4.3748599749577055
2020-06-18 08:00:00,28.8,78,24.5,0.0,34,276.0,3.4,162,-1.0506577808748214,3.233592155403522
2020-06-18 09:00:00,29.5,76,24.8,0.0,39,402.0,1.8,217,1.0832670416736871,1.437543918085127
2020-06-18 10:00:00,30.1,72,24.5,0.0,35,540.0,2.9,263,2.878383839759834,0.3534210958749267
2020-06-18 11:00:00,30.4,71,24.4,0.2,40,611.0,4.7,274,4.688551036221175,-0.3278554265973885
2020-06-18 12:00:00,30.6,70,24.5,0.2,47,613.0,5.8,277,5.756767679519667,-0.7068421917498565
2020-06-18 13:00:00,30.5,71,24.7,0.4,48,600.0,6.8,273,6.790680836331102,-0.3558845024520188
2020-06-18 14:00:00,30.7,71,24.9,0.0,46,635.0,7.2,270,7.2,1.3226185430791417e-15
2020-06-18 15:00:00,31.1,66,24.1,0.0,34,582.0,7.3,261,7.210124886344505,1.1419715947936866
2020-06-18 16:00:00,30.9,67,24.0,0.0,31,424.0,7.1,246,6.486172749262467,2.8878301658381806
2020-06-18 17:00:00,30.5,68,23.9,0.0,29,208.0,7.5,235,6.143640332167437,4.301823272632848
2020-06-18 18:00:00,29.9,72,24.2,0.0,29,97.0,5.0,240,4.330127018922193,2.500000000000002
2020-06-18 19:00:00,29.2,75,24.2,0.0,28,8.0,8.2,229,6.18861855782673,5.379684037722159
2020-06-18 20:00:00,28.5,79,24.4,0.0,26,0.0,8.4,205,3.549993398621874,7.612985411107861
2020-06-18 21:00:00,28.0,82,24.6,0.0,27,0.0,8.5,192,1.767249371950956,8.314254606237347
2020-06-18 22:00:00,27.6,84,24.7,0.0,29,0.0,8.2,195,2.1223161698406705,7.92059177557036
2020-06-18 23:00:00,27.2,87,24.8,0.0,30,0.0,8.9,194,2.153104870837041,8.635631963856369
2020-06-19 00:00:00,26.8,89,24.9,0.0,29,0.0,8.8,189,1.3766232923540305,8.691657397237213
2020-06-19 01:00:00,26.3,92,24.9,0.0,85,0.0,7.6,172,-1.0577155672964964,7.5260373224359345
2020-06-19 02:00:00,26.1,93,24.9,0.0,47,0.0,7.3,160,-2.496747046277383,6.8597561317371305
2020-06-19 03:00:00,25.7,93,24.4,0.0,36,0.0,7.5,163,-2.1927877854205247,7.172285669722767
2020-06-19 04:00:00,25.8,91,24.3,0.0,37,0.0,8.4,170,-1.4586446924022145,8.272385125302547
2020-06-19 05:00:00,25.9,90,24.2,0.0,37,0.0,7.9,164,-2.177535110954294,7.59396739791272
2020-06-19 06:00:00,26.1,89,24.2,0.0,40,6.0,5.9,166,-1.4273391840380396,5.72474478502838
2020-06-19 07:00:00,27.5,83,24.4,0.0,35,79.0,6.3,167,-1.4171916423663506,6.1385314081469815
2020-06-19 08:00:00,28.8,76,24.1,0.0,38,214.0,7.0,168,-1.4553818357243151,6.84703320513664
2020-06-19 09:00:00,29.6,75,24.6,0.0,31,424.0,6.5,183,0.3401837155791332,6.49109197590473
2020-06-19 10:00:00,30.3,72,24.6,0.0,44,554.0,5.5,212,2.914555953282626,4.664264528860343
2020-06-19 11:00:00,30.9,69,24.6,0.0,57,660.0,5.5,238,4.664264528860342,2.9145559532826275
2020-06-19 12:00:00,31.1,69,24.7,0.2,62,671.0,6.1,267,6.0916401620029,0.3192493330819602
2020-06-19 13:00:00,31.4,69,25.0,0.0,55,697.0,7.2,288,6.847606917325106,-2.22492235949962
2020-06-19 14:00:00,31.4,69,25.1,0.0,46,666.0,7.8,292,7.232034065620942,-2.9219314286441134
2020-06-19 15:00:00,31.3,69,24.8,0.0,32,483.0,7.6,289,7.1859411745548085,-2.474317973874388
2020-06-19 16:00:00,31.1,70,24.9,0.0,30,419.0,6.8,288,6.467184310807045,-2.101315561749641
2020-06-19 17:00:00,30.6,72,25.0,0.0,30,238.0,5.8,277,5.756767679519667,-0.7068421917498565
2020-06-19 18:00:00,30.0,75,25.1,0.0,30,90.0,4.7,270,4.7,8.63375993398884e-16
2020-06-19 19:00:00,29.3,79,25.2,0.0,30,7.0,6.2,260,6.10580806867569,1.0766187015349682
2020-06-19 20:00:00,28.6,83,25.4,0.0,30,0.0,5.2,258,5.086367523815789,1.0811407922523508
2020-06-19 21:00:00,27.8,87,25.5,0.0,30,0.0,4.7,238,3.985826051935202,2.490620541896064
2020-06-19 22:00:00,27.3,89,25.4,0.0,28,0.0,5.6,207,2.542346798541461,4.98963653545486
2020-06-19 23:00:00,27.0,91,25.3,0.0,26,0.0,8.4,200,2.8729692039356167,7.893418014601631
2020-06-20 00:00:00,27.0,91,25.4,0.0,28,0.0,8.3,182,0.2896658226307575,8.294943864258496
2020-06-20 01:00:00,26.9,91,25.4,0.0,27,0.0,8.6,180,-1.0531962472667237e-15,8.6
2020-06-20 02:00:00,26.8,92,25.3,0.0,24,0.0,9.0,178,-0.3140954703225103,8.994517443171862
2020-06-20 03:00:00,26.8,92,25.4,0.0,23,0.0,8.4,170,-1.4586446924022145,8.272385125302547
2020-06-20 04:00:00,26.3,94,25.2,0.0,26,0.0,7.4,166,-1.790222027437541,7.180188374442374
2020-06-20 05:00:00,26.1,93,24.9,0.0,27,0.0,7.0,159,-2.5085756468171017,6.535062985480412
2020-06-20 06:00:00,26.1,92,24.7,0.0,32,10.0,4.8,138,-3.21182691052252,3.567095162291492
2020-06-20 07:00:00,27.6,84,24.7,0.0,27,94.0,5.0,159,-1.7918397477265011,4.667902132486009
2020-06-20 08:00:00,28.7,79,24.6,0.0,34,231.0,5.8,176,-0.404587547715928,5.78587149150698
2020-06-20 09:00:00,29.2,79,25.2,0.0,50,365.0,7.1,204,2.887830165838181,6.486172749262466
2020-06-20 10:00:00,29.7,78,25.4,0.1,53,398.0,7.9,219,4.971631089293718,6.13945309551007
2020-06-20 11:00:00,30.4,76,25.8,0.0,33,538.0,8.6,237,7.212566884330648,4.683895701129232
2020-06-20 12:00:00,30.5,75,25.7,0.3,33,622.0,8.7,246,7.947845481490628,3.5386087947594604
2020-06-20 13:00:00,31.0,72,25.4,0.2,37,632.0,9.6,250,9.02104915954472,3.283393375926418
2020-06-20 14:00:00,31.0,72,25.4,0.2,33,631.0,10.0,249,9.335804264972015,3.583679495453007
2020-06-20 15:00:00,31.2,69,24.7,0.0,32,568.0,9.7,248,8.993683389297836,3.633683956134349
2020-06-20 16:00:00,30.8,70,24.8,0.0,29,436.0,9.4,252,8.939931253174443,2.904759747124507
2020-06-20 17:00:00,30.4,72,24.9,0.0,42,233.0,8.0,243,7.128052193506942,3.6319239979163753
2020-06-20 18:00:00,29.9,75,24.9,0.0,42,113.0,5.5,259,5.398949508962152,1.0494494745709957
2020-06-20 19:00:00,29.4,77,24.9,0.0,29,12.0,5.7,215,3.269385687200963,4.669166652447253
2020-06-20 20:00:00,28.7,81,25.1,0.0,12,0.0,6.8,180,-8.327598234202001e-16,6.8
2020-06-20 21:00:00,28.2,84,25.2,0.0,17,0.0,7.2,174,-0.7526049355271069,7.160557646651568
2020-06-20 22:00:00,27.8,86,25.3,0.0,27,0.0,8.2,165,-2.1223161698406723,7.920591775570359
2020-06-20 23:00:00,27.7,87,25.3,0.0,28,0.0,7.8,167,-1.7546182238821486,7.600086505324834
2020-06-21 00:00:00,27.5,87,25.2,0.0,29,0.0,8.1,167,-1.822103540185308,7.892397524760404
2020-06-21 01:00:00,27.2,88,25.0,0.0,31,0.0,7.5,163,-2.1927877854205247,7.172285669722767
2020-06-21 02:00:00,26.8,89,24.8,0.0,36,0.0,8.1,159,-2.902780391316932,7.562001454627333
2020-06-21 03:00:00,26.7,86,24.1,0.0,41,0.0,8.9,159,-3.189474750953172,8.308865795825096
2020-06-21 04:00:00,26.6,84,23.7,0.0,46,0.0,9.4,162,-2.9047597471245066,8.939931253174443
2020-06-21 05:00:00,26.5,83,23.4,0.0,47,0.0,10.0,165,-2.58819045102521,9.65925826289068
2020-06-21 06:00:00,26.6,83,23.5,0.0,48,8.0,8.0,172,-1.1133848076805226,7.922144549932563
2020-06-21 07:00:00,27.5,80,23.8,0.0,47,83.0,6.9,171,-1.0793978087775935,6.81504955010645
2020-06-21 08:00:00,28.0,79,23.9,0.3,79,182.0,4.7,180,-5.755839955992562e-16,4.7
2020-06-21 09:00:00,27.8,81,24.3,0.5,100,281.0,3.6,186,0.3763024677635526,3.580278823325784
2020-06-21 10:00:00,28.2,82,24.7,0.6,88,441.0,5.1,176,-0.3557580160950401,5.087576656325103
2020-06-21 11:00:00,29.0,79,24.9,0.1,60,392.0,5.9,166,-1.4273391840380396,5.72474478502838
2020-06-21 12:00:00,29.4,78,25.2,0.0,58,394.0,5.2,192,1.0811407922523495,5.086367523815789
2020-06-21 13:00:00,30.0,78,25.7,0.0,48,542.0,5.7,215,3.269385687200963,4.669166652447253
2020-06-21 14:00:00,30.0,78,25.7,0.0,39,380.0,6.7,216,3.9381611903595695,5.420413862312148
2020-06-21 15:00:00,30.3,75,25.3,0.0,38,333.0,6.4,207,2.9055391983330985,5.702441754805555
2020-06-21 16:00:00,30.3,74,25.3,0.0,34,290.0,5.5,203,2.1490212066910046,5.062776693988422
2020-06-21 17:00:00,30.2,75,25.2,0.0,47,150.0,6.2,201,2.221881287180863,5.788198644282651
2020-06-21 18:00:00,29.8,77,25.3,0.0,41,71.0,4.8,222,3.2118269105225195,3.5670951622914924
2020-06-21 19:00:00,29.1,81,25.4,0.0,38,4.0,7.5,215,4.301823272632846,6.143640332167439
2020-06-21 20:00:00,28.7,83,25.6,0.0,33,0.0,7.6,199,2.474317973874391,7.185941174554807
2020-06-21 21:00:00,28.4,85,25.7,0.0,32,0.0,8.0,185,0.6972459419812636,7.969557584733964
2020-06-21 22:00:00,28.3,86,25.7,0.0,31,0.0,8.3,178,-0.2896658226307595,8.294943864258496
2020-06-21 23:00:00,28.0,87,25.7,0.0,30,0.0,8.0,170,-1.3891854213354422,7.878462024097664
2020-06-22 00:00:00,27.8,88,25.7,0.0,31,0.0,8.7,173,-1.0602632876247835,8.6351515192795
2020-06-22 01:00:00,27.6,90,25.7,0.0,36,0.0,8.3,178,-0.2896658226307595,8.294943864258496
2020-06-22 02:00:00,27.4,90,25.7,0.0,35,0.0,8.3,178,-0.2896658226307595,8.294943864258496
2020-06-22 03:00:00,27.1,86,24.7,0.0,47,0.0,8.3,180,-1.0164568432923032e-15,8.3
2020-06-22 04:00:00,27.0,87,24.6,0.0,46,0.0,8.3,175,-0.7233926648055631,8.268415994161488
2020-06-22 05:00:00,26.8,88,24.6,0.0,53,0.0,7.6,177,-0.3977532674463729,7.589584464134761
2020-06-22 06:00:00,26.8,89,24.8,0.0,46,4.0,6.0,197,1.7542302283364206,5.737828535778212
2020-06-22 07:00:00,27.7,85,25.0,0.1,49,29.0,6.0,205,2.535709570444196,5.4378467222199
2020-06-22 08:00:00,28.4,81,24.7,0.2,54,60.0,5.9,218,3.632402704421384,4.64926344627966
2020-06-22 09:00:00,28.6,81,25.0,0.1,74,83.0,8.2,232,6.461688179575121,5.048424097670396
2020-06-22 10:00:00,29.4,80,25.5,0.0,77,260.0,8.7,246,7.947845481490628,3.5386087947594604
2020-06-22 11:00:00,30.0,78,25.8,0.1,53,357.0,9.0,247,8.284543681071963,3.5165801564034647
2020-06-22 12:00:00,30.6,75,25.7,0.0,67,422.0,7.9,246,7.217009115376548,3.2132194802988208
2020-06-22 13:00:00,30.8,75,25.9,0.0,62,429.0,8.0,252,7.608452130361228,2.4721359549995805
2020-06-22 14:00:00,30.5,77,26.1,0.1,49,341.0,8.6,255,8.306962106085987,2.225843787881677
2020-06-22 15:00:00,30.7,74,25.6,0.0,51,416.0,7.5,253,7.172285669722765,2.192787785420528
2020-06-22 16:00:00,30.5,75,25.5,0.2,41,284.0,6.5,251,6.14587074139556,2.116193003971518
2020-06-22 17:00:00,30.2,76,25.5,0.0,39,153.0,5.2,236,4.3109953772862175,2.907803098047882
2020-06-22 18:00:00,29.9,77,25.5,0.0,54,77.0,5.2,236,4.3109953772862175,2.907803098047882
2020-06-22 19:00:00,29.4,80,25.5,0.0,44,7.0,5.1,188,0.7097828148963341,5.050367150582008
2020-06-22 20:00:00,28.8,83,25.6,0.0,42,0.0,6.1,177,-0.3192493330819572,6.0916401620029
2020-06-22 21:00:00,28.5,85,25.7,0.0,40,0.0,6.6,167,-1.4846769586695103,6.430842427582552
2020-06-22 22:00:00,28.2,86,25.7,0.0,37,0.0,6.6,167,-1.4846769586695103,6.430842427582552
2020-06-22 23:00:00,28.0,87,25.7,0.0,32,0.0,7.2,174,-0.7526049355271069,7.160557646651568
2020-06-23 00:00:00,27.8,88,25.6,0.0,31,0.0,7.6,175,-0.6623836448822022,7.571079705497266
2020-06-23 01:00:00,27.6,88,25.5,0.0,13,0.0,6.7,164,-1.8467702839738949,6.440453362786736
2020-06-23 02:00:00,27.2,89,25.2,0.0,11,0.0,5.6,153,-2.542346798541462,4.989636535454859
2020-06-23 03:00:00,26.9,88,24.8,0.0,14,0.0,6.6,158,-2.4724035165450204,6.119413440140796
2020-06-23 04:00:00,26.6,89,24.6,0.0,24,0.0,7.2,177,-0.3768188849491954,7.190132650232932
2020-06-23 05:00:00,26.2,90,24.5,0.0,37,0.0,6.5,174,-0.6794350112397493,6.4643923198937765
2020-06-23 06:00:00,26.2,91,24.7,0.0,51,6.0,3.8,163,-1.111012477946399,3.633958072659535
2020-06-23 07:00:00,27.9,84,24.9,0.0,35,73.0,4.3,185,0.3747696938149291,4.283637201794505
2020-06-23 08:00:00,28.8,77,24.3,0.1,47,214.0,5.8,187,0.7068421917498544,5.756767679519668
2020-06-23 09:00:00,29.5,78,25.2,0.1,47,375.0,6.6,202,2.472403516545019,6.1194134401407965
2020-06-23 10:00:00,30.1,77,25.6,0.1,65,454.0,8.4,223,5.7287862245249865,6.143371093601033
2020-06-23 11:00:00,30.3,78,26.0,0.0,84,510.0,10.0,232,7.880107536067221,6.156614753256581
2020-06-23 12:00:00,30.5,79,26.3,0.1,62,562.0,10.3,234,8.332875042061959,6.0541880986124745
2020-06-23 13:00:00,30.3,80,26.5,0.1,45,477.0,10.3,241,9.008582983535778,4.99353908853727
2020-06-23 14:00:00,30.8,76,26.0,0.2,35,476.0,7.8,236,6.466493065929326,4.361704647071823
2020-06-23 15:00:00,30.6,76,25.8,0.0,37,350.0,6.9,227,5.046340541172277,4.705788684431241
2020-06-23 16:00:00,30.4,76,25.7,0.1,47,227.0,8.1,212,4.292346040288959,6.869189578867051
2020-06-23 17:00:00,30.0,77,25.5,0.0,53,140.0,9.0,203,3.516580156403462,8.284543681071963
2020-06-23 18:00:00,29.3,80,25.5,0.0,47,39.0,5.8,202,2.172718241812289,5.377666356487367
2020-06-23 19:00:00,28.9,83,25.6,0.0,36,4.0,7.2,174,-0.7526049355271069,7.160557646651568
2020-06-23 20:00:00,28.5,85,25.7,0.0,31,0.0,6.7,164,-1.8467702839738949,6.440453362786736
2020-06-23 21:00:00,28.3,86,25.6,0.0,31,0.0,7.0,168,-1.4553818357243151,6.84703320513664
2020-06-23 22:00:00,28.1,87,25.7,0.0,35,0.0,7.2,177,-0.3768188849491954,7.190132650232932
2020-06-23 23:00:00,27.9,88,25.7,0.0,35,0.0,8.7,173,-1.0602632876247835,8.6351515192795
2020-06-24 00:00:00,27.5,90,25.7,0.0,37,0.0,8.4,170,-1.4586446924022145,8.272385125302547
2020-06-24 01:00:00,27.1,91,25.5,0.0,52,0.0,7.4,166,-1.790222027437541,7.180188374442374
2020-06-24 02:00:00,26.9,91,25.3,0.0,59,0.0,7.3,169,-1.3929056662487782,7.165878439167947
2020-06-24 03:00:00,26.6,89,24.7,0.0,48,0.0,6.8,162,-2.101315561749643,6.467184310807044
2020-06-24 04:00:00,26.5,89,24.5,0.0,59,0.0,7.0,168,-1.4553818357243151,6.84703320513664
2020-06-24 05:00:00,26.6,88,24.4,0.0,67,0.0,6.9,174,-0.7212463965468108,6.862201078041086
2020-06-24 06:00:00,26.6,89,24.5,0.0,53,4.0,5.4,172,-0.7515347451843528,5.34744757120448
2020-06-24 07:00:00,27.7,83,24.5,0.0,52,43.0,5.9,166,-1.4273391840380396,5.72474478502838
2020-06-24 08:00:00,28.6,79,24.5,0.0,64,164.0,6.5,180,-7.960204194457795e-16,6.5
2020-06-24 09:00:00,29.0,79,25.1,0.2,62,216.0,7.9,196,2.177535110954292,7.59396739791272
2020-06-24 10:00:00,29.5,80,25.7,0.0,83,267.0,10.0,218,6.156614753256582,7.88010753606722
2020-06-24 11:00:00,30.1,79,26.1,0.0,86,459.0,10.7,228,7.951649632608119,7.1596974880397815
2020-06-24 12:00:00,30.4,79,26.3,0.0,63,459.0,10.2,228,7.580077219869421,6.825132184860353
2020-06-24 13:00:00,30.5,79,26.4,0.1,52,372.0,10.2,228,7.580077219869421,6.825132184860353
2020-06-24 14:00:00,30.8,79,26.6,0.0,64,382.0,11.3,233,9.02458126353441,6.800509761618146
2020-06-24 15:00:00,30.8,74,25.5,0.3,61,415.0,12.5,229,9.43386975278465,8.200737862381342
2020-06-24 16:00:00,30.4,74,25.3,0.1,46,266.0,11.7,223,7.979380812731231,8.556838308944295
2020-06-24 17:00:00,30.1,75,25.2,0.0,49,126.0,10.7,220,6.87782742364597,8.196675541373065
2020-06-24 18:00:00,29.6,77,25.2,0.0,59,39.0,7.1,229,5.358438019581681,4.658019105832602
2020-06-24 19:00:00,29.1,80,25.3,0.0,56,4.0,5.9,191,1.125773072721614,5.791600382341218
2020-06-24 20:00:00,28.5,83,25.3,0.0,65,0.0,6.9,174,-0.7212463965468108,6.862201078041086
2020-06-24 21:00:00,28.2,84,25.2,0.0,53,0.0,8.1,167,-1.822103540185308,7.892397524760404
2020-06-24 22:00:00,27.9,85,25.1,0.0,48,0.0,9.6,160,-3.2833933759264213,9.02104915954472
2020-06-24 23:00:00,27.7,85,24.9,0.0,43,0.0,11.8,153,-5.357087896926653,10.51387698542274
2020-06-25 00:00:00,27.6,84,24.7,0.0,35,0.0,11.6,154,-5.085105302753297,10.426010937070338
2020-06-25 01:00:00,27.3,85,24.5,0.0,49,0.0,10.9,163,-3.186851581477829,10.423721839997087
2020-06-25 02:00:00,27.0,86,24.4,0.2,56,0.0,10.1,163,-2.95295421769964,9.65867803522666
2020-06-25 03:00:00,27.2,83,24.1,0.0,56,0.0,9.7,153,-4.403707847473604,8.642763284627167
2020-06-25 04:00:00,26.9,84,24.0,0.0,57,0.0,9.4,157,-3.6728726077991736,8.65274562245294
2020-06-25 05:00:00,26.5,85,23.9,0.1,48,0.0,9.8,156,-3.9860191021428446,8.952745484897488
2020-06-25 06:00:00,26.3,86,23.9,0.0,59,3.0,10.0,150,-4.999999999999999,8.660254037844387
2020-06-25 07:00:00,27.0,84,24.0,0.0,47,38.0,10.8,150,-5.4,9.353074360871938
2020-06-25 08:00:00,27.8,81,24.3,0.0,46,116.0,10.8,159,-3.8703738550892415,10.08266860616978
2020-06-25 09:00:00,28.6,80,24.7,0.0,49,238.0,10.6,170,-1.8406706832694608,10.438962181929403
2020-06-25 10:00:00,29.3,78,25.1,0.0,51,278.0,10.9,189,1.705135668938515,10.765802912487002
2020-06-25 11:00:00,29.8,78,25.5,0.0,51,425.0,12.2,204,4.962187045524762,11.14525458323973
2020-06-25 12:00:00,29.7,78,25.5,0.2,41,260.0,12.1,207,5.493285046848515,10.78117894267925
2020-06-25 13:00:00,29.9,78,25.8,0.0,42,284.0,11.4,204,4.636797731064123,10.41441821712565
2020-06-25 14:00:00,30.2,79,26.1,0.0,56,351.0,12.1,207,5.493285046848515,10.78117894267925
2020-06-25 15:00:00,30.6,76,25.8,0.2,76,255.0,13.1,212,6.9419423614549824,11.10943005964918
2020-06-25 16:00:00,30.5,77,25.9,0.0,48,210.0,12.2,204,4.962187045524762,11.14525458323973
2020-06-25 17:00:00,29.5,78,25.4,0.4,60,80.0,11.2,184,0.781272505934203,11.17271736291003
2020-06-25 18:00:00,29.2,80,25.4,0.0,61,27.0,6.4,196,1.7640790772287938,6.1520748540052415
2020-06-25 19:00:00,28.7,82,25.4,0.0,50,0.0,8.8,189,1.3766232923540305,8.691657397237213
2020-06-25 20:00:00,28.2,85,25.3,0.0,53,0.0,10.8,180,-1.3226185430791417e-15,10.8
2020-06-25 21:00:00,27.7,87,25.3,0.0,52,0.0,9.8,174,-1.0243789400230068,9.746314574609078
2020-06-25 22:00:00,27.7,87,25.4,0.0,50,0.0,9.8,163,-2.8652427062828187,9.371786608437748
2020-06-25 23:00:00,27.4,88,25.2,0.0,44,0.0,9.9,161,-3.2231247291258502,9.360633898433235
2020-06-26 00:00:00,27.1,88,24.9,0.0,36,0.0,9.9,170,-1.7191169589026098,9.74959675482086
2020-06-26 01:00:00,26.8,89,24.9,0.0,43,0.0,9.4,180,-1.1511679911985121e-15,9.4
2020-06-26 02:00:00,26.6,91,25.0,0.0,39,0.0,9.4,182,0.3280552690035084,9.3942737739795
2020-06-26 03:00:00,27.0,86,24.6,0.0,45,0.0,10.5,174,-1.097548864310364,10.44247990136687
2020-06-26 04:00:00,26.9,87,24.5,0.0,42,0.0,12.8,169,-2.442355140819776,12.5648279481301
2020-06-26 05:00:00,26.8,86,24.4,0.0,43,0.0,12.6,167,-2.8343832847327013,12.277062816293965
2020-06-26 06:00:00,26.8,87,24.4,0.0,39,3.0,9.8,163,-2.8652427062828187,9.371786608437748
2020-06-26 07:00:00,27.8,83,24.6,0.0,33,42.0,9.6,167,-2.159530121701106,9.353952621938255
2020-06-26 08:00:00,28.7,79,24.6,0.0,33,145.0,10.7,168,-2.2246550917500247,10.46617932785172
2020-06-26 09:00:00,29.5,77,25.1,0.0,35,310.0,10.5,172,-1.461317560080686,10.397814721786489
2020-06-26 10:00:00,30.0,76,25.4,0.0,38,362.0,10.5,186,1.0975488643103617,10.44247990136687
2020-06-26 11:00:00,30.5,76,25.7,0.1,45,450.0,10.8,195,2.795245687107225,10.431998923921938
2020-06-26 12:00:00,30.7,76,26.0,0.0,53,422.0,12.4,202,4.645121758357309,11.497079796628164
2020-06-26 13:00:00,31.1,76,26.4,0.0,52,461.0,12.6,207,5.720280296718287,11.226682204773436
2020-06-26 14:00:00,31.1,77,26.6,0.0,37,425.0,12.3,212,6.518006950068419,10.430991582724042
2020-06-26 15:00:00,31.5,72,25.9,0.0,36,299.0,12.1,217,7.281961780139786,9.663489671572243
2020-06-26 16:00:00,29.6,79,25.6,3.1,36,151.0,12.7,215,7.284420741658286,10.403230962470197
2020-06-26 17:00:00,28.6,83,25.4,3.7,70,97.0,9.4,203,3.6728726077991714,8.65274562245294
2020-06-26 18:00:00,28.3,85,25.4,0.3,39,3.0,3.1,135,-2.192031021678297,2.192031021678297
2020-06-26 19:00:00,28.2,85,25.5,0.0,34,0.0,5.6,135,-3.9597979746446654,3.9597979746446654
2020-06-26 20:00:00,28.1,86,25.5,0.0,29,0.0,6.4,142,-3.9402334420842138,5.043268823083021
2020-06-26 21:00:00,27.9,87,25.6,0.0,28,0.0,5.6,153,-2.542346798541462,4.989636535454859
2020-06-26 22:00:00,27.4,90,25.6,0.0,28,0.0,6.6,151,-3.1997434936258253,5.772490067120011
2020-06-26 23:00:00,27.2,91,25.6,0.0,29,0.0,6.3,156,-2.5624408513775427,5.755336383148385
2020-06-27 00:00:00,27.1,90,25.3,0.0,38,0.0,6.3,156,-2.5624408513775427,5.755336383148385
2020-06-27 01:00:00,27.1,89,25.1,0.0,39,0.0,6.2,159,-2.221881287180861,5.788198644282651
2020-06-27 02:00:00,27.0,88,24.8,0.0,21,0.0,6.6,158,-2.4724035165450204,6.119413440140796
2020-06-27 03:00:00,26.9,86,24.5,0.0,8,0.0,7.2,153,-3.2687315981247376,6.415246974156248
2020-06-27 04:00:00,26.9,84,24.0,0.0,4,0.0,7.9,150,-3.95,6.841600689897066
2020-06-27 05:00:00,26.7,83,23.6,0.0,9,0.0,8.9,148,-4.716281451675524,7.547628055792192
2020-06-27 06:00:00,26.8,83,23.6,0.0,14,9.0,8.7,150,-4.349999999999999,7.534421012924616
2020-06-27 07:00:00,27.9,81,24.3,0.0,15,100.0,10.8,159,-3.8703738550892415,10.08266860616978
2020-06-27 08:00:00,29.3,77,24.8,0.0,17,263.0,12.0,173,-1.4624321208617703,11.910553819695863
2020-06-27 09:00:00,30.2,74,25.2,0.0,25,420.0,14.5,186,1.5156627173809758,14.420567482839962
2020-06-27 10:00:00,30.9,70,24.8,0.0,32,564.0,15.3,195,3.959931390068568,14.778665142222746
2020-06-27 11:00:00,31.4,68,24.7,0.0,42,618.0,15.5,202,5.806402197946636,14.371349745785205
2020-06-27 12:00:00,31.7,67,24.8,0.0,21,696.0,13.8,208,6.478707566445294,12.184676781453192
2020-06-27 13:00:00,31.6,68,25.0,0.0,45,601.0,14.3,214,7.996458519631678,11.855237287537095
2020-06-27 14:00:00,31.3,70,25.1,0.1,42,498.0,11.8,203,4.610627316173428,10.861957270738795
2020-06-27 15:00:00,30.8,70,24.8,0.2,50,284.0,12.7,187,1.5477406612453708,12.60533612584479
2020-06-27 16:00:00,30.7,71,24.9,0.0,65,204.0,11.4,167,-2.5644420195200635,11.10781873855168
2020-06-27 17:00:00,30.5,72,24.8,0.0,30,147.0,10.6,162,-3.275580140374444,10.081199072728626
2020-06-27 18:00:00,30.1,74,24.8,0.0,35,50.0,8.1,159,-2.902780391316932,7.562001454627333
2020-06-27 19:00:00,29.3,77,24.8,0.0,34,8.0,8.7,156,-3.5386087947594635,7.947845481490626
2020-06-27 20:00:00,28.8,79,24.7,0.0,30,0.0,10.0,159,-3.5836794954530022,9.335804264972015
2020-06-27 21:00:00,28.4,81,24.7,0.0,24,0.0,8.8,161,-2.8649997592229783,8.320563465273988
2020-06-27 22:00:00,27.9,83,24.8,0.0,26,0.0,9.2,169,-1.7554427574642135,9.030970087718508
2020-06-27 23:00:00,27.4,86,24.9,0.0,28,0.0,10.1,174,-1.0557374790033027,10.04467114321956
2020-06-28 00:00:00,27.1,88,24.9,0.0,29,0.0,8.8,168,-1.829622879196282,8.607698886457491
2020-06-28 01:00:00,26.8,89,24.9,0.0,29,0.0,9.1,171,-1.423553631866102,8.987963899415753
2020-06-28 02:00:00,26.4,91,24.8,0.0,30,0.0,9.8,172,-1.3638963894086402,9.70462707366739
2020-06-28 03:00:00,26.5,90,24.7,0.0,30,0.0,10.2,172,-1.4195656297926662,10.100734301164016
2020-06-28 04:00:00,26.4,90,24.7,0.0,31,0.0,10.9,172,-1.516986800464712,10.793921949283115
2020-06-28 05:00:00,26.3,91,24.7,0.0,31,0.0,10.0,165,-2.58819045102521,9.65925826289068
2020-06-28 06:00:00,26.4,90,24.7,0.0,36,5.0,8.9,159,-3.189474750953172,8.308865795825096
2020-06-28 07:00:00,27.8,84,24.9,0.0,31,88.0,8.2,157,-3.2039952536120446,7.54813979831001
2020-06-28 08:00:00,29.2,76,24.6,0.0,29,257.0,10.4,166,-2.5159877142365445,10.091075553270365
2020-06-28 09:00:00,30.1,73,24.7,0.0,28,434.0,11.6,175,-1.011006615872835,11.555858497864248
2020-06-28 10:00:00,31.0,69,24.7,0.0,30,619.0,11.5,182,0.4013442120787603,11.4929945107196
2020-06-28 11:00:00,31.7,67,24.7,0.0,30,709.0,11.5,194,2.7821017993961763,11.15840085217396
2020-06-28 12:00:00,31.8,66,24.7,0.0,43,664.0,12.6,207,5.720280296718287,11.226682204773436
2020-06-28 13:00:00,31.6,68,24.9,0.1,49,763.0,12.6,217,7.582869291715809,10.062807426595889
2020-06-28 14:00:00,31.2,72,25.4,0.0,51,516.0,11.2,222,7.494262791219212,8.323222045346816
2020-06-28 15:00:00,31.4,67,24.7,0.0,55,503.0,9.7,222,6.490566881680924,7.208504807130724
2020-06-28 16:00:00,31.0,70,24.8,0.0,46,292.0,8.5,216,4.996174644486021,6.876644452187053
2020-06-28 17:00:00,30.7,71,24.9,0.0,44,152.0,8.0,207,3.631923997916373,7.128052193506943
2020-06-28 18:00:00,30.2,75,25.2,0.0,30,42.0,4.8,193,1.0797650608505518,4.676976310969129
2020-06-28 19:00:00,29.4,78,25.2,0.0,31,5.0,6.9,174,-0.7212463965468108,6.862201078041086
2020-06-28 20:00:00,28.9,80,25.1,0.0,29,0.0,8.4,173,-1.0237024846032394,8.337387673787106
2020-06-28 21:00:00,28.5,83,25.3,0.0,30,0.0,10.9,174,-1.1393602496174258,10.84028865951418
2020-06-28 22:00:00,28.2,86,25.6,0.0,29,0.0,13.0,177,-0.6803674311582695,12.98218395180946
2020-06-28 23:00:00,28.0,88,25.8,0.0,30,0.0,15.1,180,-1.8492166667125037e-15,15.1
2020-06-29 00:00:00,27.8,89,25.9,0.0,31,0.0,17.3,181,0.3019266313650069,17.29736512620557
2020-06-29 01:00:00,27.5,90,25.8,0.0,35,0.0,17.6,181,0.307162353296192,17.59731943475249
2020-06-29 02:00:00,27.2,92,25.7,0.0,35,0.0,18.0,180,-2.204364238465236e-15,18.0
2020-06-29 03:00:00,27.6,89,25.5,0.0,42,0.0,18.0,178,-0.6281909406450206,17.989034886343724
2020-06-29 04:00:00,27.4,88,25.3,0.0,65,0.0,17.3,175,-1.5077943495344868,17.234168276987198
2020-06-29 05:00:00,27.3,88,25.0,0.0,60,0.0,15.6,172,-2.1711003749770192,15.448181872368496
2020-06-29 06:00:00,27.4,87,25.1,0.0,46,4.0,13.0,177,-0.6803674311582695,12.98218395180946
2020-06-29 07:00:00,27.9,85,25.2,0.1,47,72.0,13.0,174,-1.3588700224794985,12.928784639787551
2020-06-29 08:00:00,28.3,83,25.0,0.1,49,162.0,13.7,175,-1.1940336756429173,13.647867363856914
2020-06-29 09:00:00,28.9,82,25.5,0.2,43,275.0,14.1,177,-0.7379369830255077,14.080676440039491
2020-06-29 10:00:00,29.3,81,25.8,0.1,40,271.0,13.3,180,-1.62878024286598e-15,13.3
2020-06-29 11:00:00,30.1,80,26.2,0.0,42,471.0,12.4,188,1.7257464519048125,12.279324052395472
2020-06-29 12:00:00,30.8,77,26.4,0.0,39,597.0,12.2,199,3.971931484377312,11.535326622311665
2020-06-29 13:00:00,31.1,76,26.4,0.0,34,561.0,12.4,210,6.200000000000002,10.73871500692704
2020-06-29 14:00:00,30.8,77,26.3,0.6,41,403.0,12.1,217,7.281961780139786,9.663489671572243
2020-06-29 15:00:00,31.4,71,25.6,0.0,42,434.0,12.7,223,8.661379172793728,9.288192010563463
2020-06-29 16:00:00,31.1,73,25.6,0.1,50,217.0,13.7,215,7.857997178009332,11.222383006759188
2020-06-29 17:00:00,29.7,78,25.5,1.6,49,80.0,11.0,218,6.77227622858224,8.668118289673941
2020-06-29 18:00:00,29.3,81,25.6,0.0,47,14.0,5.9,194,1.4273391840380385,5.72474478502838
2020-06-29 19:00:00,28.9,83,25.7,0.0,39,1.0,6.5,177,-0.3401837155791347,6.49109197590473
2020-06-29 20:00:00,28.5,85,25.7,0.0,42,0.0,6.5,183,0.3401837155791332,6.49109197590473
2020-06-29 21:00:00,28.1,87,25.7,0.0,35,0.0,8.4,187,1.0237024846032374,8.337387673787106
2020-06-29 22:00:00,27.9,87,25.6,0.0,31,0.0,10.1,184,0.7045403848156653,10.075396907624224
2020-06-29 23:00:00,27.7,88,25.5,0.0,38,0.0,11.9,177,-0.6227978792910314,11.88369146357943
2020-06-30 00:00:00,27.6,87,25.3,0.0,53,0.0,12.0,171,-1.877213580482772,11.852260087141651
2020-06-30 01:00:00,27.2,89,25.1,0.7,56,0.0,10.6,170,-1.8406706832694608,10.438962181929403
2020-06-30 02:00:00,26.7,92,25.2,1.0,50,0.0,9.7,176,-0.6766377953180175,9.676371287520292
2020-06-30 03:00:00,26.9,90,25.0,0.5,89,0.0,10.1,184,0.7045403848156653,10.075396907624224
2020-06-30 04:00:00,26.6,90,24.8,1.6,99,0.0,10.2,170,-1.7712114122026887,10.04503908072452
2020-06-30 05:00:00,26.6,90,24.7,0.3,76,0.0,10.5,164,-2.894192236078492,10.093247807352348
2020-06-30 06:00:00,26.7,90,24.9,0.0,81,3.0,9.8,172,-1.3638963894086402,9.70462707366739
2020-06-30 07:00:00,27.3,89,25.4,0.0,77,68.0,12.1,170,-2.1011429497698564,11.916173811447717
2020-06-30 08:00:00,27.9,86,25.4,0.2,61,144.0,13.8,173,-1.681796938991036,13.697136892650244
2020-06-30 09:00:00,28.6,84,25.7,0.1,45,269.0,16.0,172,-2.226769615361045,15.844289099865126
2020-06-30 10:00:00,29.4,80,25.6,0.1,59,358.0,18.0,180,-2.204364238465236e-15,18.0
2020-06-30 11:00:00,30.4,76,25.7,0.0,45,487.0,17.0,186,1.7769838755501095,16.906872221260645
2020-06-30 12:00:00,30.9,74,25.7,0.0,67,549.0,16.2,193,3.6442070803706126,15.78479504952081
2020-06-30 13:00:00,29.1,79,25.1,4.4,100,500.0,16.5,203,6.447063620073013,15.188330081965264
2020-06-30 14:00:00,29.8,77,25.4,0.2,93,375.0,17.4,204,7.077217589518923,15.895690962981254
2020-06-30 15:00:00,28.5,83,25.3,2.2,100,174.0,17.3,181,0.3019266313650069,17.29736512620557
2020-06-30 16:00:00,28.5,83,25.2,0.9,100,27.0,13.9,170,-2.413709669570331,13.688827766869691
2020-06-30 17:00:00,28.5,83,25.3,0.1,76,32.0,13.6,168,-2.8275989951215266,13.302807369979757
2020-06-30 18:00:00,28.3,85,25.4,0.0,78,28.0,11.5,184,0.8021994480574407,11.47198657798798
2020-06-30 19:00:00,27.9,86,25.3,0.0,65,2.0,13.3,180,-1.62878024286598e-15,13.3
2020-06-30 20:00:00,27.7,87,25.3,0.0,67,0.0,12.7,172,-1.7674983821928296,12.576404473017943
2020-06-30 21:00:00,27.7,87,25.3,0.0,65,0.0,11.3,173,-1.3771235804781674,11.215771513546938
2020-06-30 22:00:00,27.5,88,25.3,0.0,65,0.0,12.7,173,-1.5477406612453737,12.605336125844788
2020-06-30 23:00:00,27.4,87,25.1,0.1,61,0.0,15.8,179,-0.2757480217090783,15.797593583470984
2020-07-01 00:00:00,27.0,88,24.8,0.6,51,0.0,17.6,169,-3.358238318627192,17.276638428678886
2020-07-01 01:00:00,26.6,89,24.6,0.4,39,0.0,14.9,148,-7.895797037074753,12.635916632730748
2020-07-01 02:00:00,26.7,88,24.5,0.0,42,0.0,11.4,169,-2.1752225472926128,11.19054989130337
2020-07-01 03:00:00,26.4,87,24.1,0.0,44,0.0,11.6,164,-3.19739332747719,11.1506356728845
2020-07-01 04:00:00,26.4,87,24.0,0.0,31,0.0,13.0,161,-4.232386007943036,12.29174148279112
2020-07-01 05:00:00,26.5,86,23.9,0.0,33,0.0,12.8,164,-3.52815815445759,12.304149708010485
2020-07-01 06:00:00,26.8,85,24.0,0.0,41,4.0,10.6,162,-3.275580140374444,10.081199072728626
2020-07-01 07:00:00,27.8,82,24.5,0.0,43,72.0,13.8,171,-2.1587956175551875,13.6300991002129
2020-07-01 08:00:00,28.9,78,24.8,0.0,40,174.0,18.4,176,-1.2835191168919096,18.355178524780765
2020-07-01 09:00:00,29.9,76,25.1,0.0,51,262.0,19.8,177,-1.0362519336102871,19.772864788140563
2020-07-01 10:00:00,30.7,72,25.1,0.0,59,390.0,20.2,184,1.4090807696313306,20.15079381524845
2020-07-01 11:00:00,31.0,72,25.4,0.2,56,526.0,18.2,198,5.624109297624041,17.309228596571796
2020-07-01 12:00:00,31.0,73,25.7,0.2,100,552.0,18.2,198,5.624109297624041,17.309228596571796
2020-07-01 13:00:00,30.9,74,25.6,0.7,100,504.0,21.1,194,5.104551997152985,20.473239824423526
2020-07-01 14:00:00,28.7,80,24.8,5.0,100,223.0,16.9,180,-2.069653090559027e-15,16.9
2020-07-01 15:00:00,28.9,82,25.5,0.1,100,21.0,14.5,174,-1.5156627173809791,14.420567482839962
2020-07-01 16:00:00,29.0,81,25.5,0.0,100,39.0,13.8,174,-1.4424927930936216,13.724402156082173
2020-07-01 17:00:00,28.9,80,25.1,0.0,98,70.0,13.7,166,-3.314329969715448,13.293051449981151
2020-07-01 18:00:00,28.6,81,25.1,0.0,53,20.0,9.0,178,-0.3140954703225103,8.994517443171862
2020-07-01 19:00:00,27.9,85,25.1,0.0,42,4.0,10.1,184,0.7045403848156653,10.075396907624224
2020-07-01 20:00:00,27.4,87,25.1,0.2,41,0.0,9.4,176,-0.65571085319478,9.377102072442348
2020-07-01 21:00:00,27.1,88,24.9,0.0,42,0.0,9.1,162,-2.812054648812022,8.654614298285896
2020-07-01 22:00:00,26.9,89,25.0,0.0,42,0.0,11.5,180,-1.4083438190194562e-15,11.5
2020-07-01 23:00:00,26.6,90,24.9,0.3,44,0.0,15.1,179,-0.2635313372029799,15.097700196861508
2020-07-02 00:00:00,26.1,91,24.6,1.1,48,0.0,14.2,159,-5.088824883543262,13.256842056260265
2020-07-02 01:00:00,26.2,90,24.5,0.3,47,0.0,11.3,163,-3.303800263366924,10.806243742382302
2020-07-02 02:00:00,26.4,89,24.4,0.0,39,0.0,11.6,173,-1.4136843834997117,11.513535359039334
2020-07-02 03:00:00,27.1,88,24.9,0.0,38,0.0,11.9,175,-1.0371533386971326,11.854716907291772
2020-07-02 04:00:00,27.2,87,24.8,0.0,32,0.0,13.4,174,-1.40068140778656,13.326593397934865
2020-07-02 05:00:00,27.3,86,24.7,0.0,30,0.0,15.5,177,-0.811207321765629,15.478757788695894
2020-07-02 06:00:00,27.4,86,24.8,0.0,29,7.0,13.5,171,-2.111865278043118,13.33379259803436
2020-07-02 07:00:00,28.0,84,25.0,0.0,31,48.0,12.6,167,-2.8343832847327013,12.277062816293965
2020-07-02 08:00:00,28.9,80,25.0,0.0,36,200.0,14.3,168,-2.973137178693958,13.987510690493425
2020-07-02 09:00:00,29.5,78,25.3,0.0,41,338.0,16.6,179,-0.2897099468589051,16.597471739596095
2020-07-02 10:00:00,29.9,78,25.6,0.0,38,364.0,18.5,187,2.254582852995225,18.36210380536446
2020-07-02 11:00:00,30.6,76,25.8,0.0,38,489.0,18.8,197,5.496588048787451,17.97852941210507
2020-07-02 12:00:00,30.7,78,26.4,0.2,50,584.0,20.2,196,5.56787458750338,19.41748625795404
2020-07-02 13:00:00,30.7,77,26.1,0.7,68,409.0,19.3,194,4.669092585073583,18.726707517126734
2020-07-02 14:00:00,28.9,82,25.4,3.0,63,330.0,15.5,181,0.2705122997778963,15.497639274924063
2020-07-02 15:00:00,28.7,83,25.4,0.4,83,77.0,18.0,200,6.156362579862035,16.914467174146353
2020-07-02 16:00:00,28.9,82,25.4,0.2,68,139.0,14.8,186,1.5470212563612715,14.718924051450443
2020-07-02 17:00:00,28.7,81,25.2,0.0,100,74.0,13.0,166,-3.1449846427956807,12.613844441587954
2020-07-02 18:00:00,28.5,82,25.0,0.1,74,18.0,10.7,168,-2.2246550917500247,10.46617932785172
2020-07-02 19:00:00,28.1,83,24.8,0.0,55,5.0,8.1,167,-1.822103540185308,7.892397524760404
2020-07-02 20:00:00,27.8,84,24.7,0.0,38,0.0,7.4,157,-2.891410350820626,6.811735915548059
2020-07-02 21:00:00,27.5,84,24.7,0.0,34,0.0,7.4,141,-4.656970893768797,5.750880114781585
2020-07-02 22:00:00,27.4,84,24.5,0.0,35,0.0,7.7,143,-4.633975678270771,6.149493427364156
2020-07-02 23:00:00,27.3,85,24.5,0.0,34,0.0,8.2,151,-3.975438886019965,7.171881598543044
2020-07-03 00:00:00,27.2,85,24.5,0.0,33,0.0,8.6,158,-3.221616703376845,7.97378114927437
2020-07-03 01:00:00,27.0,87,24.6,0.0,34,0.0,9.7,165,-2.510544737494454,9.36948051500396
2020-07-03 02:00:00,26.9,88,24.7,0.0,34,0.0,10.8,176,-0.7533699164365557,10.773691742806102
2020-07-03 03:00:00,26.9,85,24.2,0.0,38,0.0,11.5,182,0.4013442120787603,11.4929945107196
2020-07-03 04:00:00,26.7,89,24.6,0.0,40,0.0,12.3,173,-1.4989929238833148,12.20831766518826
2020-07-03 05:00:00,26.6,90,24.7,0.0,41,0.0,12.9,167,-2.901868601035861,12.569373835729534
2020-07-03 06:00:00,26.6,90,24.8,0.0,35,4.0,9.6,167,-2.159530121701106,9.353952621938255
2020-07-03 07:00:00,27.7,86,25.2,0.0,35,73.0,8.8,171,-1.3766232923540327,8.691657397237211
2020-07-03 08:00:00,28.9,80,25.2,0.0,33,236.0,9.4,180,-1.1511679911985121e-15,9.4
2020-07-03 09:00:00,29.9,76,25.2,0.0,33,419.0,11.2,184,0.781272505934203,11.17271736291003
2020-07-03 10:00:00,30.8,71,24.9,0.0,32,578.0,13.4,188,1.864919552864878,13.26959212113704
2020-07-03 11:00:00,31.2,69,24.8,0.0,32,540.0,14.9,195,3.85640377202756,14.39229481170712
2020-07-03 12:00:00,31.4,68,24.8,0.0,30,576.0,15.7,200,5.369716250212997,14.75317414633876
2020-07-03 13:00:00,31.3,69,24.9,0.0,35,424.0,16.6,207,7.536242295676475,14.790708301526909
2020-07-03 14:00:00,31.1,70,25.1,0.2,46,400.0,16.5,212,8.743667859847879,13.99279358658103
2020-07-03 15:00:00,31.0,70,24.9,0.0,45,321.0,15.2,211,7.828578738632823,13.028942970672109
2020-07-03 16:00:00,30.5,72,25.0,0.2,46,284.0,13.2,197,3.859306502340125,12.623222778712067
2020-07-03 17:00:00,30.1,74,24.9,0.1,49,141.0,9.0,180,-1.102182119232618e-15,9.0
2020-07-03 18:00:00,29.7,76,25.0,0.0,55,40.0,4.0,170,-0.6945927106677211,3.939231012048832
2020-07-03 19:00:00,29.2,78,25.0,0.0,55,2.0,5.0,159,-1.7918397477265011,4.667902132486009
2020-07-03 20:00:00,28.7,80,24.9,0.0,50,0.0,5.6,165,-1.4493866525741177,5.409184627218782
2020-07-03 21:00:00,28.4,81,24.8,0.0,46,0.0,6.4,164,-1.764079077228795,6.1520748540052415
2020-07-03 22:00:00,28.1,82,24.7,0.0,38,0.0,6.0,163,-1.7542302283364195,5.737828535778213
2020-07-03 23:00:00,27.7,84,24.7,0.0,40,0.0,7.1,165,-1.837615220227899,6.858073366652384
2020-07-04 00:00:00,27.4,85,24.7,0.0,35,0.0,8.0,162,-2.47213595499958,7.608452130361228
2020-07-04 01:00:00,27.1,87,24.7,0.0,39,0.0,6.6,158,-2.4724035165450204,6.119413440140796
2020-07-04 02:00:00,27.0,88,24.8,0.0,32,0.0,7.1,156,-2.887830165838183,6.486172749262465
2020-07-04 03:00:00,27.0,87,24.6,0.0,30,0.0,6.3,149,-3.2447398719333425,5.400153994423307
2020-07-04 04:00:00,26.8,87,24.4,0.0,33,0.0,6.1,135,-4.31335136523794,4.313351365237939
2020-07-04 05:00:00,26.5,88,24.3,0.0,34,0.0,5.4,132,-4.012982057577929,3.613305274337834
2020-07-04 06:00:00,26.2,90,24.3,0.0,31,5.0,4.3,138,-2.8772616073430908,3.1955227495527945
2020-07-04 07:00:00,27.5,85,24.7,0.0,37,67.0,6.3,149,-3.2447398719333425,5.400153994423307
2020-07-04 08:00:00,28.7,79,24.7,0.0,31,183.0,6.5,161,-2.1161930039715178,6.14587074139556
2020-07-04 09:00:00,29.5,77,25.1,0.0,29,389.0,4.5,166,-1.0886485301985047,4.366330768241984
2020-07-04 10:00:00,30.3,74,25.1,0.0,27,500.0,2.8,220,1.7998053071223097,2.1449244407331385
2020-07-04 11:00:00,30.9,71,25.1,0.0,21,672.0,5.6,255,5.409184627218783,1.4493866525741157
2020-07-04 12:00:00,31.1,70,25.1,0.0,18,616.0,7.4,256,7.180188374442374,1.7902220274375418
2020-07-04 13:00:00,31.1,71,25.3,0.1,29,589.0,8.8,258,8.60769888645749,1.8296228791962863
2020-07-04 14:00:00,30.9,74,25.6,0.0,48,466.0,7.9,267,7.889173324561134,0.41345405431926
2020-07-04 15:00:00,31.0,70,24.9,0.0,46,418.0,7.2,267,7.190132650232932,0.376818884949199
2020-07-04 16:00:00,30.8,71,24.9,0.0,46,208.0,5.9,259,5.791600382341218,1.1257730727216133
2020-07-04 17:00:00,30.5,72,24.9,0.0,33,111.0,4.7,247,4.326372811226469,1.836436303899587
2020-07-04 18:00:00,30.1,75,25.1,0.0,31,32.0,4.6,252,4.3748599749577055,1.4214781741247586
2020-07-04 19:00:00,29.5,78,25.2,0.0,34,5.0,5.0,240,4.330127018922193,2.500000000000002
2020-07-04 20:00:00,28.9,81,25.3,0.0,31,0.0,3.8,197,1.1110124779463997,3.633958072659535
2020-07-04 21:00:00,28.4,84,25.3,0.0,31,0.0,3.3,193,0.7423384793347544,3.2154212137912763
2020-07-04 22:00:00,28.1,85,25.3,0.0,32,0.0,5.4,160,-1.846908773958612,5.074340152243905
2020-07-04 23:00:00,27.8,86,25.3,0.0,32,0.0,6.6,171,-1.0324674692655245,6.5187430479279085
2020-07-05 00:00:00,27.6,87,25.2,0.0,30,0.0,7.6,175,-0.6623836448822022,7.571079705497266
2020-07-05 01:00:00,27.4,88,25.2,0.0,32,0.0,8.8,168,-1.829622879196282,8.607698886457491
2020-07-05 02:00:00,27.2,89,25.2,0.0,31,0.0,7.6,172,-1.0577155672964964,7.5260373224359345
2020-07-05 03:00:00,27.3,88,25.1,0.0,38,0.0,7.3,169,-1.3929056662487782,7.165878439167947
2020-07-05 04:00:00,27.1,89,25.0,0.0,40,0.0,7.4,166,-1.790222027437541,7.180188374442374
2020-07-05 05:00:00,27.0,89,24.9,0.0,44,0.0,7.3,169,-1.3929056662487782,7.165878439167947
2020-07-05 06:00:00,26.9,89,25.0,0.0,44,2.0,4.3,156,-1.7489675652259418,3.9282454678631833
2020-07-05 07:00:00,27.6,86,25.1,0.0,41,45.0,4.6,129,-3.5748714227020666,2.894873798829251
2020-07-05 08:00:00,28.4,82,25.0,0.0,34,143.0,5.4,138,-3.613305274337835,4.012982057577928
2020-07-05 09:00:00,29.2,79,25.1,0.0,32,277.0,4.7,171,-0.7352419856890856,4.642135200797148
2020-07-05 10:00:00,29.9,74,24.8,0.0,27,421.0,5.8,202,2.172718241812289,5.377666356487367
2020-07-05 11:00:00,30.5,72,24.8,0.1,31,566.0,9.0,217,5.416335208368436,7.187719590425635
2020-07-05 12:00:00,30.7,70,24.7,0.1,35,586.0,11.2,220,7.199221228489239,8.579697762932554
2020-07-05 13:00:00,30.7,72,25.0,0.3,39,527.0,12.2,227,8.922515159753878,8.320379992762483
2020-07-05 14:00:00,30.8,73,25.5,0.0,47,550.0,11.8,232,9.29852689255932,7.264805408842766
2020-07-05 15:00:00,31.0,69,24.6,0.2,60,473.0,11.4,242,10.065602558591769,5.351975815759155
2020-07-05 16:00:00,30.7,70,24.7,0.0,55,290.0,8.8,235,7.208537989743126,5.047472639889208
2020-07-05 17:00:00,30.3,72,24.6,0.0,45,142.0,7.1,221,4.6580191058326,5.358438019581682
2020-07-05 18:00:00,29.9,73,24.6,0.0,40,55.0,1.8,180,-2.2043642384652358e-16,1.8
2020-07-05 19:00:00,29.3,77,24.8,0.0,38,5.0,5.7,145,-3.269385687200962,4.669166652447254
2020-07-05 20:00:00,28.6,81,24.9,0.0,31,0.0,5.5,148,-2.914555953282627,4.664264528860342
2020-07-05 21:00:00,28.2,82,24.9,0.0,30,0.0,6.8,155,-2.8738041798367564,6.162892951849219
2020-07-05 22:00:00,28.0,83,24.8,0.0,29,0.0,8.7,156,-3.5386087947594635,7.947845481490626
2020-07-05 23:00:00,27.9,83,24.8,0.0,30,0.0,8.1,159,-2.902780391316932,7.562001454627333
2020-07-06 00:00:00,27.7,84,24.7,0.0,32,0.0,7.1,156,-2.887830165838183,6.486172749262465
2020-07-06 01:00:00,27.4,85,24.6,0.0,35,0.0,8.1,159,-2.902780391316932,7.562001454627333
2020-07-06 02:00:00,26.8,87,24.5,0.1,40,0.0,9.2,159,-3.2969851358167617,8.588939923774255
2020-07-06 03:00:00,27.2,82,23.8,0.0,42,0.0,10.4,160,-3.5570094905869563,9.772803256173448
2020-07-06 04:00:00,27.0,82,23.7,0.0,42,0.0,10.5,164,-2.894192236078492,10.093247807352348
2020-07-06 05:00:00,26.5,85,23.8,0.0,36,0.0,11.2,165,-2.8987733051482354,10.818369254437563
2020-07-06 06:00:00,26.6,86,24.1,0.0,43,5.0,9.8,172,-1.3638963894086402,9.70462707366739
2020-07-06 07:00:00,27.6,84,24.7,0.0,47,67.0,9.8,172,-1.3638963894086402,9.70462707366739
2020-07-06 08:00:00,28.5,81,24.8,0.3,43,209.0,10.1,182,0.352484916695259,10.093847352892867
2020-07-06 09:00:00,28.9,81,25.4,0.4,47,311.0,10.7,194,2.588564282916442,10.382164271153162
2020-07-06 10:00:00,29.7,77,25.2,0.5,78,375.0,11.0,203,4.298042413382009,10.125553387976844
2020-07-06 11:00:00,30.2,74,25.1,0.5,62,507.0,10.5,218,6.464445490919411,8.274112912870581
2020-07-06 12:00:00,30.5,74,25.4,0.0,45,459.0,10.3,216,6.054188098612473,8.332875042061959
2020-07-06 13:00:00,30.4,77,25.9,1.2,48,459.0,11.3,217,6.800509761618147,9.02458126353441
2020-07-06 14:00:00,30.3,79,26.2,0.1,47,375.0,12.0,224,8.335900445507967,8.632077604063813
2020-07-06 15:00:00,30.6,77,26.0,0.0,59,400.0,11.7,225,8.273149339882604,8.273149339882607
2020-07-06 16:00:00,30.4,78,26.0,0.0,65,198.0,12.0,226,8.632077604063815,8.335900445507967
2020-07-06 17:00:00,30.1,79,25.9,0.0,83,98.0,10.7,222,7.159697488039782,7.951649632608118
2020-07-06 18:00:00,29.1,81,25.5,0.9,66,27.0,6.1,225,4.313351365237939,4.31335136523794
2020-07-06 19:00:00,28.6,83,25.5,0.0,58,3.0,4.4,189,0.6883116461770152,4.345828698618607
2020-07-06 20:00:00,28.0,86,25.5,0.0,43,0.0,6.5,180,-7.960204194457795e-16,6.5
2020-07-06 21:00:00,27.7,88,25.5,0.0,42,0.0,8.7,175,-0.7582549619046263,8.666893873398186
2020-07-06 22:00:00,27.5,88,25.4,0.0,38,0.0,10.9,171,-1.7051356689385178,10.765802912487
2020-07-06 23:00:00,27.3,88,25.1,0.0,44,0.0,11.2,165,-2.8987733051482354,10.818369254437563
2020-07-07 00:00:00,27.0,89,25.0,0.0,50,0.0,11.2,165,-2.8987733051482354,10.818369254437563
2020-07-07 01:00:00,26.6,90,24.8,0.2,57,0.0,10.1,174,-1.0557374790033027,10.04467114321956
2020-07-07 02:00:00,26.1,92,24.7,0.6,55,0.0,9.7,176,-0.6766377953180175,9.676371287520292
2020-07-07 03:00:00,26.5,92,25.0,0.3,68,0.0,9.7,178,-0.338525118014261,9.694091022085228
2020-07-07 04:00:00,26.6,91,25.1,0.2,62,0.0,10.1,174,-1.0557374790033027,10.04467114321956
2020-07-07 05:00:00,26.5,91,25.0,0.0,58,0.0,10.4,166,-2.5159877142365445,10.091075553270365
2020-07-07 06:00:00,26.5,92,25.1,0.0,43,2.0,8.3,175,-0.7233926648055631,8.268415994161488
2020-07-07 07:00:00,27.3,88,25.2,0.0,43,46.0,7.8,167,-1.7546182238821486,7.600086505324834
2020-07-07 08:00:00,28.4,82,25.0,0.0,49,125.0,8.5,168,-1.767249371950954,8.314254606237348
2020-07-07 09:00:00,29.5,77,24.9,0.0,44,306.0,9.0,178,-0.3140954703225103,8.994517443171862
2020-07-07 10:00:00,30.1,74,24.9,0.0,44,331.0,10.5,196,2.894192236078489,10.093247807352348
2020-07-07 11:00:00,30.6,72,24.9,0.0,54,398.0,12.2,208,5.727553065987868,10.771960632878908
2020-07-07 12:00:00,30.8,73,25.3,0.2,45,474.0,13.4,211,6.901510203794726,11.486041829408306
2020-07-07 13:00:00,30.9,74,25.6,0.1,42,443.0,12.9,216,7.582429754572902,10.436319227436822
2020-07-07 14:00:00,30.8,76,26.0,0.1,43,351.0,13.3,218,8.188297621831254,10.480543022969403
2020-07-07 15:00:00,31.0,74,25.8,0.0,46,357.0,13.6,217,8.184684314867857,10.861442936643185
2020-07-07 16:00:00,30.7,75,25.7,0.0,43,270.0,12.7,215,7.284420741658286,10.403230962470197
2020-07-07 17:00:00,29.6,79,25.5,0.2,74,68.0,10.4,214,5.815606196095766,8.621990754572435
2020-07-07 18:00:00,29.2,81,25.5,0.1,47,29.0,7.1,204,2.887830165838181,6.486172749262466
2020-07-07 19:00:00,28.6,84,25.5,0.0,51,6.0,6.5,177,-0.3401837155791347,6.49109197590473
2020-07-07 20:00:00,28.2,85,25.5,0.0,42,0.0,8.2,165,-2.1223161698406723,7.920591775570359
2020-07-07 21:00:00,27.8,87,25.4,0.0,31,0.0,8.0,162,-2.47213595499958,7.608452130361228
2020-07-07 22:00:00,27.5,88,25.3,0.0,31,0.0,7.9,164,-2.177535110954294,7.59396739791272
2020-07-07 23:00:00,27.4,88,25.3,0.0,31,0.0,7.4,166,-1.790222027437541,7.180188374442374
2020-07-08 00:00:00,27.2,89,25.2,0.0,33,0.0,8.9,166,-2.153104870837043,8.635631963856369
2020-07-08 01:00:00,27.0,89,25.1,0.0,30,0.0,9.8,172,-1.3638963894086402,9.70462707366739
2020-07-08 02:00:00,27.0,89,25.0,0.0,33,0.0,9.0,175,-0.7844016847289237,8.96575228282571
2020-07-08 03:00:00,27.3,85,24.6,0.0,39,0.0,7.6,175,-0.6623836448822022,7.571079705497266
2020-07-08 04:00:00,27.1,85,24.5,0.0,43,0.0,7.3,169,-1.3929056662487782,7.165878439167947
2020-07-08 05:00:00,26.9,86,24.3,0.0,42,0.0,8.0,162,-2.47213595499958,7.608452130361228
2020-07-08 06:00:00,26.8,86,24.3,0.0,49,5.0,8.8,168,-1.829622879196282,8.607698886457491
2020-07-08 07:00:00,27.5,83,24.4,0.0,43,79.0,10.1,178,-0.3524849166952615,10.093847352892867
2020-07-08 08:00:00,28.3,81,24.8,0.0,50,213.0,11.2,186,1.170718788597719,11.13864522812466
2020-07-08 09:00:00,29.2,79,25.1,0.1,31,345.0,11.6,187,1.4136843834997088,11.513535359039336
2020-07-08 10:00:00,30.0,76,25.3,0.2,48,510.0,11.5,200,3.9332316482451897,10.806465139037948
2020-07-08 11:00:00,30.4,76,25.7,0.1,52,517.0,11.9,209,5.76923448093141,10.407974514958813
2020-07-08 12:00:00,30.8,75,26.0,0.2,57,517.0,13.0,214,7.269507745119707,10.777488443215542
2020-07-08 13:00:00,31.1,75,26.3,0.2,65,500.0,13.2,223,9.002378352824978,9.65386886137305
2020-07-08 14:00:00,31.1,76,26.4,0.2,46,368.0,12.5,226,8.99174750423314,8.683229630737465
2020-07-08 15:00:00,31.1,73,25.8,0.4,51,387.0,13.5,228,10.032455143944825,9.033263185844584
2020-07-08 16:00:00,30.2,76,25.6,1.1,63,308.0,11.5,212,6.094071538681855,9.7525531057989
2020-07-08 17:00:00,29.1,80,25.3,2.8,62,53.0,10.3,209,4.993539088537271,9.008582983535778
2020-07-08 18:00:00,28.1,86,25.4,2.6,61,10.0,3.6,180,-4.4087284769304716e-16,3.6
2020-07-08 19:00:00,27.5,88,25.3,0.8,43,2.0,6.8,155,-2.8738041798367564,6.162892951849219
2020-07-08 20:00:00,27.3,87,25.0,0.0,37,0.0,7.0,159,-2.5085756468171017,6.535062985480412
2020-07-08 21:00:00,27.3,87,24.8,0.0,34,0.0,7.3,171,-1.1419715947936862,7.210124886344505
2020-07-08 22:00:00,27.2,86,24.6,0.0,41,0.0,8.6,180,-1.0531962472667237e-15,8.6
2020-07-08 23:00:00,27.1,85,24.4,0.0,58,0.0,10.1,174,-1.0557374790033027,10.04467114321956
2020-07-09 00:00:00,27.1,84,24.2,0.0,42,0.0,10.3,168,-2.141490415422921,10.0749202875582
2020-07-09 01:00:00,27.0,85,24.2,0.0,48,0.0,9.1,171,-1.423553631866102,8.987963899415753
2020-07-09 02:00:00,26.8,86,24.2,0.0,49,0.0,9.4,180,-1.1511679911985121e-15,9.4
2020-07-09 03:00:00,26.6,86,24.0,0.1,50,0.0,10.4,194,2.5159877142365423,10.091075553270365
2020-07-09 04:00:00,26.3,88,24.2,0.2,58,0.0,10.3,192,2.1414904154229237,10.074920287558198
2020-07-09 05:00:00,26.3,88,24.1,0.5,65,0.0,8.7,197,2.543633831087809,8.319851376878407
2020-07-09 06:00:00,26.1,91,24.5,1.8,63,0.0,6.4,223,4.364789504399989,4.680663690362692
2020-07-09 07:00:00,26.4,92,25.0,0.9,75,3.0,5.9,191,1.125773072721614,5.791600382341218
2020-07-09 08:00:00,27.2,89,25.2,0.0,55,10.0,6.6,193,1.4846769586695088,6.430842427582553
2020-07-09 09:00:00,28.3,84,25.3,0.1,44,79.0,8.4,187,1.0237024846032374,8.337387673787106
2020-07-09 10:00:00,29.1,80,25.4,0.2,59,144.0,10.7,194,2.588564282916442,10.382164271153162
2020-07-09 11:00:00,29.6,79,25.6,0.3,76,146.0,12.6,204,5.124881702755083,11.510672766296771
2020-07-09 12:00:00,30.1,78,25.8,1.0,66,218.0,13.6,212,7.206901993571585,11.533454107727394
2020-07-09 13:00:00,30.1,76,25.3,1.7,53,158.0,13.8,219,8.68462139648776,10.724614268106198
2020-07-09 14:00:00,29.9,76,25.2,2.1,48,144.0,13.2,215,7.571208959833809,10.81280698461469
2020-07-09 15:00:00,29.9,74,24.8,1.5,52,45.0,11.4,193,2.564442019520061,11.107818738551682
2020-07-09 16:00:00,30.1,74,24.9,0.0,47,42.0,12.6,178,-0.4397336584515144,12.592324420440606
2020-07-09 17:00:00,30.3,73,25.0,0.0,51,17.0,14.5,186,1.5156627173809758,14.420567482839962
2020-07-09 18:00:00,30.0,75,25.0,0.0,57,13.0,9.7,207,4.403707847473602,8.642763284627168
2020-07-09 19:00:00,29.5,77,25.1,0.0,70,0.0,9.0,196,2.480736202352991,8.65135526344487
2020-07-09 20:00:00,29.2,79,25.1,0.0,46,0.0,10.0,165,-2.58819045102521,9.65925826289068
2020-07-09 21:00:00,28.8,79,24.8,0.0,43,0.0,11.4,169,-2.1752225472926128,11.19054989130337
2020-07-09 22:00:00,28.6,79,24.5,0.0,50,0.0,10.3,192,2.1414904154229237,10.074920287558198
2020-07-09 23:00:00,28.5,79,24.6,0.0,65,0.0,9.6,193,2.159530121701104,9.35395262193826
2020-07-10 00:00:00,28.5,80,24.7,0.0,55,0.0,9.0,178,-0.3140954703225103,8.994517443171862
2020-07-10 01:00:00,28.3,80,24.6,0.0,62,0.0,8.4,173,-1.0237024846032394,8.337387673787106
2020-07-10 02:00:00,28.0,81,24.3,0.0,76,0.0,8.4,170,-1.4586446924022145,8.272385125302547
2020-07-10 03:00:00,27.9,80,24.1,0.0,42,0.0,8.4,170,-1.4586446924022145,8.272385125302547
2020-07-10 04:00:00,27.6,81,24.0,0.0,29,0.0,8.7,173,-1.0602632876247835,8.6351515192795
2020-07-10 05:00:00,27.4,82,24.1,0.0,33,0.0,9.0,178,-0.3140954703225103,8.994517443171862
2020-07-10 06:00:00,27.4,84,24.4,0.0,38,2.0,6.1,180,-7.470345474798854e-16,6.1
2020-07-10 07:00:00,28.5,80,24.7,0.0,36,54.0,7.3,171,-1.1419715947936862,7.210124886344505
2020-07-10 08:00:00,29.8,74,24.8,0.0,37,191.0,8.7,175,-0.7582549619046263,8.666893873398186
2020-07-10 09:00:00,30.6,73,25.3,0.0,28,375.0,11.6,185,1.011006615872832,11.555858497864248
2020-07-10 10:00:00,31.1,71,25.2,0.0,14,524.0,14.0,192,2.910763671448633,13.694066410273278
2020-07-10 11:00:00,31.5,69,25.2,0.0,22,615.0,15.0,197,4.385575570841052,14.344571339445531
2020-07-10 12:00:00,31.8,69,25.4,0.0,23,649.0,15.2,202,5.694020219921862,14.093194589415168
2020-07-10 13:00:00,31.7,71,25.8,0.3,38,718.0,15.6,206,6.838589889909608,14.021187122267005
2020-07-10 14:00:00,31.7,71,25.8,0.1,35,623.0,13.9,211,7.159029241249753,11.914625479759362
2020-07-10 15:00:00,31.9,67,24.9,0.0,49,435.0,13.5,214,7.54910419685508,11.192007229493065
2020-07-10 16:00:00,31.6,68,25.1,0.0,56,357.0,12.3,218,7.572636146505596,9.69253226936268
2020-07-10 17:00:00,31.1,72,25.4,0.0,49,198.0,11.5,224,7.988571260278468,8.272407703894487
2020-07-10 18:00:00,30.6,75,25.6,0.0,44,76.0,7.1,246,6.486172749262467,2.8878301658381806
2020-07-10 19:00:00,29.8,78,25.6,0.0,45,6.0,6.8,238,5.766727053863696,3.603450996785794
2020-07-10 20:00:00,29.3,81,25.7,0.0,35,0.0,6.9,223,4.705788684431239,5.0463405411722775
2020-07-10 21:00:00,28.8,83,25.7,0.0,33,0.0,5.7,198,1.7613968679371996,5.421022142882376
2020-07-10 22:00:00,28.5,85,25.7,0.0,33,0.0,6.6,167,-1.4846769586695103,6.430842427582552
2020-07-10 23:00:00,28.2,86,25.6,0.0,30,0.0,6.9,171,-1.0793978087775935,6.81504955010645
2020-07-11 00:00:00,27.9,86,25.4,0.0,29,0.0,6.9,174,-0.7212463965468108,6.862201078041086
2020-07-11 01:00:00,27.7,87,25.3,0.0,35,0.0,7.6,183,0.3977532674463711,7.589584464134761
2020-07-11 02:00:00,27.6,87,25.2,0.0,37,0.0,9.1,187,1.1090110249868406,9.03216997993603
2020-07-11 03:00:00,27.5,89,25.5,0.0,48,0.0,7.2,174,-0.7526049355271069,7.160557646651568
2020-07-11 04:00:00,26.9,91,25.3,0.1,65,0.0,6.3,156,-2.5624408513775427,5.755336383148385
2020-07-11 05:00:00,26.4,92,25.0,0.1,85,0.0,5.1,129,-3.963444403430552,3.20953399435417
2020-07-11 06:00:00,26.3,92,24.9,0.2,35,4.0,4.2,149,-2.1631599146222285,3.6001026629488715
2020-07-11 07:00:00,27.6,87,25.2,0.0,29,61.0,5.6,135,-3.9597979746446654,3.9597979746446654
2020-07-11 08:00:00,28.7,80,25.0,0.0,11,205.0,5.1,141,-3.2095339943541705,3.963444403430551
2020-07-11 09:00:00,29.6,78,25.4,0.0,4,390.0,3.3,167,-0.7423384793347552,3.215421213791276
2020-07-11 10:00:00,30.4,75,25.4,0.0,3,530.0,4.0,207,1.8159619989581863,3.564026096753472
2020-07-11 11:00:00,30.9,73,25.4,0.0,1,611.0,6.1,230,4.672871103025765,3.9210044190878905
2020-07-11 12:00:00,31.2,72,25.5,0.1,7,706.0,7.2,233,5.750175672340508,4.333068166694748
2020-07-11 13:00:00,31.1,73,25.8,0.4,23,710.0,7.7,233,6.149493427364155,4.633975678270772
2020-07-11 14:00:00,31.2,73,25.7,0.1,19,579.0,6.6,241,5.772490067120012,3.199743493625823
2020-07-11 15:00:00,31.7,68,25.0,0.0,17,553.0,7.0,249,6.535062985480412,2.508575646817105
2020-07-11 16:00:00,31.5,69,25.2,0.0,21,379.0,7.0,258,6.847033205136639,1.4553818357243185
2020-07-11 17:00:00,31.1,71,25.2,0.0,14,258.0,5.7,252,5.421022142882375,1.7613968679372012
2020-07-11 18:00:00,30.6,73,25.2,0.0,13,106.0,3.9,292,3.616017032810471,-1.460965714322057
2020-07-11 19:00:00,29.8,78,25.5,0.0,8,12.0,3.0,284,2.910887178827989,-0.7257656867990023
2020-07-11 20:00:00,28.9,82,25.6,0.0,3,0.0,3.6,217,2.1665340833473743,2.875087836170254
2020-07-11 21:00:00,28.2,87,25.8,0.0,1,0.0,3.7,191,0.7059932828932155,3.632020578756357
2020-07-11 22:00:00,27.8,89,25.8,0.0,0,0.0,5.4,184,0.3766849582182765,5.386845871403051
2020-07-11 23:00:00,27.4,90,25.6,0.0,0,0.0,7.8,202,2.921931428644114,7.232034065620942
2020-07-12 00:00:00,27.0,91,25.5,0.0,0,0.0,8.2,209,3.9754388860199623,7.171881598543045
2020-07-12 01:00:00,27.0,92,25.5,0.0,2,0.0,6.8,180,-8.327598234202001e-16,6.8
2020-07-12 02:00:00,26.5,93,25.3,0.0,5,0.0,6.6,158,-2.4724035165450204,6.119413440140796
2020-07-12 03:00:00,27.1,90,25.3,0.0,18,0.0,5.5,148,-2.914555953282627,4.664264528860342
2020-07-12 04:00:00,28.0,86,25.4,0.0,26,0.0,4.6,135,-3.2526911934581184,3.252691193458118
2020-07-12 05:00:00,27.6,87,25.1,0.0,22,0.0,4.2,121,-3.600102662948872,2.163159914622228
2020-07-12 06:00:00,26.4,92,25.0,0.0,15,6.0,3.7,79,-3.632020578756357,-0.7059932828932162
2020-07-12 07:00:00,28.3,84,25.3,0.0,6,71.0,5.4,82,-5.34744757120448,-0.7515347451843536
2020-07-12 08:00:00,29.1,80,25.2,0.0,5,263.0,4.3,66,-3.928245467863184,-1.7489675652259409
2020-07-12 09:00:00,29.9,75,25.0,0.0,10,386.0,3.1,36,-1.8221342821066668,-2.5079526825623373
2020-07-12 10:00:00,30.7,71,24.9,0.0,4,580.0,2.6,326,1.453901549023941,-2.1554976886431088
2020-07-12 11:00:00,31.3,70,25.1,0.0,4,710.0,5.2,295,4.71280049259058,-2.197614961051638
2020-07-12 12:00:00,31.5,70,25.3,0.0,3,752.0,7.2,297,6.41524697415625,-3.268731598124736
2020-07-12 13:00:00,31.7,70,25.5,0.0,7,691.0,9.5,307,7.587037345449284,-5.717242719944456
2020-07-12 14:00:00,31.6,70,25.6,0.0,22,672.0,10.2,315,7.212489168102786,-7.212489168102782
2020-07-12 15:00:00,31.8,66,24.7,0.0,24,590.0,11.5,314,8.272407703894487,-7.988571260278468
2020-07-12 16:00:00,31.4,68,24.9,0.0,22,418.0,10.0,311,7.547095802227722,-6.56059028990507
2020-07-12 17:00:00,30.9,71,24.9,0.0,20,268.0,7.0,305,5.734064310022943,-4.015035054457322
2020-07-12 18:00:00,30.2,74,25.2,0.0,10,96.0,4.7,293,4.32637281122647,-1.8364363038995852
2020-07-12 19:00:00,29.6,78,25.4,0.0,6,14.0,5.8,274,5.785871491506981,-0.4045875477159262
2020-07-12 20:00:00,28.8,84,25.8,0.0,8,0.0,5.2,282,5.086367523815789,-1.081140792252349
2020-07-12 21:00:00,28.1,88,26.0,0.0,5,0.0,3.4,288,3.2335921554035223,-1.0506577808748203
2020-07-12 22:00:00,28.1,88,25.9,0.0,18,0.0,3.6,233,2.875087836170254,2.166534083347374
2020-07-12 23:00:00,27.4,91,25.8,0.0,14,0.0,4.9,197,1.4326213531414105,4.685893304218874
2020-07-13 00:00:00,27.0,93,25.7,0.0,23,0.0,4.0,153,-1.8159619989581877,3.564026096753471
2020-07-13 01:00:00,27.1,91,25.5,0.0,32,0.0,4.4,125,-3.604268994871564,2.5237363199446032
2020-07-13 02:00:00,27.1,90,25.3,0.0,31,0.0,3.8,107,-3.633958072659535,1.1110124779463992
2020-07-13 03:00:00,26.7,91,25.1,0.0,30,0.0,3.9,112,-3.616017032810471,1.4609657143220571
2020-07-13 04:00:00,26.7,90,25.0,0.0,29,0.0,3.4,108,-3.2335921554035223,1.050657780874821
2020-07-13 05:00:00,26.4,91,24.9,0.0,34,0.0,2.5,98,-2.475670171853926,0.3479327524001634
2020-07-13 06:00:00,26.6,90,24.9,0.0,23,5.0,4.1,75,-3.96029588778518,-1.061158084920335
2020-07-13 07:00:00,28.2,83,25.1,0.0,20,85.0,3.2,63,-2.851220877402777,-1.45276959916655
2020-07-13 08:00:00,29.2,76,24.6,0.0,23,232.0,3.3,13,-0.7423384793347545,-3.2154212137912763
2020-07-13 09:00:00,29.8,73,24.5,0.0,19,341.0,3.8,343,1.1110124779464012,-3.633958072659534
2020-07-13 10:00:00,30.4,71,24.6,0.0,18,571.0,4.2,329,2.163159914622229,-3.600102662948871
2020-07-13 11:00:00,30.9,69,24.6,0.0,21,684.0,6.6,319,4.329989591337348,-4.981083229470294
2020-07-13 12:00:00,31.0,69,24.7,0.0,26,622.0,7.1,319,4.658019105832603,-5.35843801958168
2020-07-13 13:00:00,31.4,68,24.8,0.0,23,768.0,6.6,311,4.981083229470297,-4.3299895913373465
2020-07-13 14:00:00,31.2,68,24.7,0.0,11,665.0,5.8,292,5.377666356487367,-2.172718241812289
2020-07-13 15:00:00,31.5,64,23.9,0.0,22,586.0,1.5,256,1.4554435894139948,0.3628828433995016
2020-07-13 16:00:00,31.0,67,24.1,0.0,12,333.0,1.3,146,-0.726950774511971,1.0777488443215542
2020-07-13 17:00:00,30.7,68,24.2,0.0,8,242.0,1.8,217,1.0832670416736871,1.437543918085127
2020-07-13 18:00:00,30.3,71,24.3,0.0,2,115.0,2.5,278,2.475670171853926,-0.3479327524001636
2020-07-13 19:00:00,29.6,77,25.1,0.0,3,13.0,1.3,214,0.7269507745119708,1.0777488443215544
2020-07-13 20:00:00,28.8,82,25.5,0.0,3,0.0,0.8,153,-0.3631923997916375,0.7128052193506943
2020-07-13 21:00:00,27.6,89,25.5,0.0,1,0.0,3.2,153,-1.45276959916655,2.851220877402777
2020-07-13 22:00:00,27.3,89,25.3,0.0,4,0.0,5.7,162,-1.7613968679372007,5.421022142882375
2020-07-13 23:00:00,27.0,90,25.2,0.0,10,0.0,6.7,164,-1.8467702839738949,6.440453362786736
2020-07-14 00:00:00,26.6,91,25.1,0.0,20,0.0,7.3,160,-2.496747046277383,6.8597561317371305
2020-07-14 01:00:00,26.5,91,25.0,0.0,22,0.0,7.8,167,-1.7546182238821486,7.600086505324834
2020-07-14 02:00:00,26.8,89,24.9,0.0,25,0.0,6.1,177,-0.3192493330819572,6.0916401620029
2020-07-14 03:00:00,27.6,85,24.8,0.0,28,0.0,3.0,166,-0.7257656867990032,2.910887178827989
2020-07-14 04:00:00,28.2,81,24.7,0.0,28,0.0,3.1,144,-1.822134282106667,2.507952682562337
2020-07-14 05:00:00,27.8,82,24.4,0.0,31,0.0,4.1,135,-2.899137802864845,2.8991378028648445
2020-07-14 06:00:00,27.5,83,24.3,0.0,29,6.0,3.1,126,-2.5079526825623373,1.8221342821066664
2020-07-14 07:00:00,28.1,82,24.7,0.0,28,84.0,4.7,99,-4.642135200797148,0.7352419856890848
2020-07-14 08:00:00,28.8,81,25.3,0.0,32,226.0,3.3,84,-3.281922254715301,-0.3449439287832564
2020-07-14 09:00:00,29.6,79,25.5,0.0,29,413.0,0.8,27,-0.3631923997916374,-0.7128052193506944
2020-07-14 10:00:00,30.4,74,25.3,0.0,25,571.0,1.3,304,1.0777488443215542,-0.7269507745119711
2020-07-14 11:00:00,30.7,72,25.1,0.0,28,679.0,2.6,286,2.499280409439629,-0.7166571251241984
2020-07-14 12:00:00,30.8,72,25.1,0.0,27,728.0,3.0,284,2.910887178827989,-0.7257656867990023
2020-07-14 13:00:00,30.8,72,25.1,0.0,31,690.0,3.3,283,3.2154212137912763,-0.7423384793347542
2020-07-14 14:00:00,30.9,71,25.0,0.0,35,613.0,3.9,248,3.616017032810471,1.460965714322058
2020-07-14 15:00:00,31.0,68,24.5,0.0,31,470.0,3.7,241,3.236092916415765,1.7937955949114464
2020-07-14 16:00:00,30.8,70,24.6,0.0,25,333.0,3.3,186,0.3449439287832565,3.281922254715301
2020-07-14 17:00:00,30.6,71,24.6,0.0,27,215.0,7.6,175,-0.6623836448822022,7.571079705497266
2020-07-14 18:00:00,30.2,72,24.7,0.0,32,102.0,7.3,169,-1.3929056662487782,7.165878439167947
2020-07-14 19:00:00,29.4,76,24.8,0.0,14,10.0,8.1,167,-1.822103540185308,7.892397524760404
2020-07-14 20:00:00,29.0,78,24.8,0.0,20,0.0,9.3,167,-2.0920448053979466,9.061641602502688
2020-07-14 21:00:00,28.7,80,25.0,0.0,17,0.0,6.6,158,-2.4724035165450204,6.119413440140796
2020-07-14 22:00:00,28.5,82,25.1,0.0,15,0.0,6.8,148,-3.603450996785793,5.766727053863696
2020-07-14 23:00:00,28.3,84,25.3,0.0,13,0.0,5.4,172,-0.7515347451843528,5.34744757120448
2020-07-15 00:00:00,28.2,84,25.3,0.0,13,0.0,7.6,188,1.057715567296498,7.526037322435934
2020-07-15 01:00:00,28.1,86,25.4,0.0,14,0.0,7.6,177,-0.3977532674463729,7.589584464134761
2020-07-15 02:00:00,27.9,87,25.5,0.0,16,0.0,7.7,169,-1.4692292643993965,7.558529312547013
2020-07-15 03:00:00,27.7,86,25.2,0.0,25,0.0,6.1,152,-2.863776532993933,5.385980316439454
2020-07-15 04:00:00,27.7,87,25.3,0.0,32,0.0,6.0,155,-2.535709570444197,5.437846722219899
2020-07-15 05:00:00,27.3,89,25.3,0.0,38,0.0,8.3,185,0.723392664805561,8.268415994161488
2020-07-15 06:00:00,27.3,89,25.3,0.2,44,5.0,5.2,205,2.197614961051636,4.71280049259058
2020-07-15 07:00:00,28.1,85,25.2,0.3,100,68.0,9.7,211,4.995869326627525,8.31452281681049
2020-07-15 08:00:00,28.3,85,25.6,0.4,100,175.0,10.0,210,5.000000000000001,8.660254037844386
2020-07-15 09:00:00,28.3,84,25.4,1.1,100,147.0,11.7,223,7.979380812731231,8.556838308944295
2020-07-15 10:00:00,28.0,86,25.4,1.0,100,95.0,8.4,220,5.39941592136693,6.434773322199416
2020-07-15 11:00:00,28.6,84,25.6,0.4,100,143.0,8.1,212,4.292346040288959,6.869189578867051
2020-07-15 12:00:00,29.5,79,25.5,0.4,77,317.0,8.2,209,3.9754388860199623,7.171881598543045
2020-07-15 13:00:00,28.7,84,25.6,2.7,67,214.0,10.3,209,4.993539088537271,9.008582983535778
2020-07-15 14:00:00,28.2,87,25.9,6.7,68,280.0,12.3,212,6.518006950068419,10.430991582724042
2020-07-15 15:00:00,28.8,81,25.3,1.4,100,265.0,13.7,198,4.233532822936778,13.029474273243604
2020-07-15 16:00:00,28.8,81,25.2,1.2,100,114.0,11.9,182,0.4153040107597607,11.89275084152724
2020-07-15 17:00:00,28.7,82,25.2,0.2,100,26.0,9.7,180,-1.1879073951729326e-15,9.7
2020-07-15 18:00:00,28.3,84,25.3,0.1,64,5.0,9.1,187,1.1090110249868406,9.03216997993603
2020-07-15 19:00:00,27.9,86,25.3,0.0,44,0.0,8.0,170,-1.3891854213354422,7.878462024097664
2020-07-15 20:00:00,27.6,87,25.3,0.0,43,0.0,8.2,165,-2.1223161698406723,7.920591775570359
2020-07-15 21:00:00,27.3,89,25.3,0.0,48,0.0,8.0,172,-1.1133848076805226,7.922144549932563
2020-07-15 22:00:00,27.3,88,25.2,0.0,46,0.0,8.3,175,-0.7233926648055631,8.268415994161488
2020-07-15 23:00:00,27.3,88,25.0,0.0,46,0.0,9.0,175,-0.7844016847289237,8.96575228282571
2020-07-16 00:00:00,27.2,87,24.9,0.0,46,0.0,10.5,172,-1.461317560080686,10.397814721786489
2020-07-16 01:00:00,26.7,90,24.9,0.7,52,0.0,12.1,170,-2.1011429497698564,11.916173811447717
2020-07-16 02:00:00,26.4,91,24.8,2.7,68,0.0,11.7,169,-2.232465245905576,11.485038046337667
2020-07-16 03:00:00,26.6,88,24.4,0.3,71,0.0,10.5,176,-0.7324429743133181,10.474422527728152
2020-07-16 04:00:00,26.3,90,24.5,0.8,100,0.0,8.7,187,1.0602632876247815,8.635151519279502
2020-07-16 05:00:00,25.9,92,24.5,2.0,100,0.0,7.3,191,1.3929056662487764,7.165878439167947
2020-07-16 06:00:00,25.4,94,24.4,2.4,100,1.0,5.2,205,2.197614961051636,4.71280049259058
2020-07-16 07:00:00,26.0,93,24.7,1.8,100,18.0,6.2,173,-0.7555899291119148,6.153786140176196
2020-07-16 08:00:00,26.6,87,24.3,2.1,76,44.0,7.2,162,-2.224922359499622,6.8476069173251055
2020-07-16 09:00:00,27.5,82,24.1,0.9,81,118.0,7.1,150,-3.5499999999999994,6.148780366869515
2020-07-16 10:00:00,28.2,79,24.3,0.2,100,134.0,6.5,161,-2.1161930039715178,6.14587074139556
2020-07-16 11:00:00,28.8,79,24.7,0.0,69,155.0,4.6,162,-1.4214781741247584,4.3748599749577055
2020-07-16 12:00:00,29.7,77,25.1,0.0,72,300.0,3.0,166,-0.7257656867990032,2.910887178827989
2020-07-16 13:00:00,30.1,77,25.5,0.0,54,375.0,2.9,210,1.4500000000000002,2.511473670974872
2020-07-16 14:00:00,30.1,77,25.6,0.0,60,258.0,2.2,189,0.3441558230885076,2.1729143493093037
2020-07-16 15:00:00,30.1,74,24.9,0.0,52,194.0,2.3,198,0.7107390870623786,2.187429987478853
2020-07-16 16:00:00,30.1,74,25.0,0.0,37,130.0,4.0,190,0.6945927106677219,3.939231012048832
2020-07-16 17:00:00,30.1,75,25.1,0.0,38,97.0,4.0,190,0.6945927106677219,3.939231012048832
2020-07-16 18:00:00,29.8,76,25.1,0.0,33,29.0,2.8,220,1.7998053071223097,2.1449244407331385
2020-07-16 19:00:00,29.4,78,25.1,0.0,30,6.0,5.1,188,0.7097828148963341,5.050367150582008
2020-07-16 20:00:00,28.7,82,25.3,0.0,29,0.0,7.6,172,-1.0577155672964964,7.5260373224359345
2020-07-16 21:00:00,28.3,85,25.4,0.0,29,0.0,8.3,182,0.2896658226307575,8.294943864258496
2020-07-16 22:00:00,28.0,86,25.5,0.0,27,0.0,8.4,190,1.458644692402216,8.272385125302547
2020-07-16 23:00:00,27.8,88,25.6,0.0,26,0.0,8.3,182,0.2896658226307575,8.294943864258496
2020-07-17 00:00:00,27.6,89,25.6,0.0,27,0.0,8.3,180,-1.0164568432923032e-15,8.3
2020-07-17 01:00:00,27.4,89,25.4,0.0,26,0.0,8.3,175,-0.7233926648055631,8.268415994161488
2020-07-17 02:00:00,27.3,88,25.1,0.0,28,0.0,8.8,171,-1.3766232923540327,8.691657397237211
2020-07-17 03:00:00,27.1,86,24.6,0.0,30,0.0,9.4,176,-0.65571085319478,9.377102072442348
2020-07-17 04:00:00,27.0,86,24.4,0.0,38,0.0,8.6,178,-0.3001356716415098,8.594761112364223
2020-07-17 05:00:00,26.9,85,24.2,0.0,48,0.0,7.3,169,-1.3929056662487782,7.165878439167947
2020-07-17 06:00:00,26.7,87,24.3,0.2,43,3.0,5.0,159,-1.7918397477265011,4.667902132486009
2020-07-17 07:00:00,27.5,84,24.6,0.2,48,49.0,4.5,166,-1.0886485301985047,4.366330768241984
2020-07-17 08:00:00,28.1,82,24.6,0.6,56,120.0,4.8,167,-1.079765060850553,4.6769763109691285
2020-07-17 09:00:00,28.3,82,24.9,0.8,42,177.0,4.0,170,-0.6945927106677211,3.939231012048832
2020-07-17 10:00:00,28.8,82,25.4,0.5,51,361.0,3.3,186,0.3449439287832565,3.281922254715301
2020-07-17 11:00:00,29.3,82,25.9,0.3,51,410.0,4.1,218,2.5242120488351985,3.23084408978756
2020-07-17 12:00:00,29.9,81,26.3,0.0,57,524.0,7.3,237,6.122295146001596,3.9758649556096968
2020-07-17 13:00:00,30.0,81,26.4,0.1,63,476.0,9.0,247,8.284543681071963,3.5165801564034647
2020-07-17 14:00:00,30.4,81,26.7,0.0,49,551.0,8.2,247,7.548139798310009,3.203995253612045
2020-07-17 15:00:00,31.0,73,25.6,0.0,44,489.0,8.1,238,6.86918957886705,4.292346040288961
2020-07-17 16:00:00,30.8,74,25.6,0.0,37,339.0,6.6,229,4.981083229470295,4.329989591337347
2020-07-17 17:00:00,30.6,75,25.7,0.0,37,175.0,6.6,221,4.3299895913373465,4.981083229470296
2020-07-17 18:00:00,30.2,78,25.9,0.0,34,56.0,3.9,248,3.616017032810471,1.460965714322058
2020-07-17 19:00:00,29.5,81,26.0,0.0,35,6.0,6.5,236,5.388744221607772,3.6347538725598527
2020-07-17 20:00:00,29.0,84,26.0,0.0,31,0.0,7.4,219,4.656970893768799,5.750880114781584
2020-07-17 21:00:00,28.6,86,26.0,0.0,30,0.0,7.4,194,1.7902220274375396,7.180188374442374
2020-07-17 22:00:00,28.4,87,26.1,0.0,30,0.0,7.9,180,-9.67470971326409e-16,7.9
2020-07-17 23:00:00,27.9,89,26.0,0.0,28,0.0,8.1,167,-1.822103540185308,7.892397524760404
2020-07-18 00:00:00,27.6,90,25.8,0.0,24,0.0,9.2,169,-1.7554427574642135,9.030970087718508
2020-07-18 01:00:00,27.4,90,25.6,0.0,19,0.0,9.2,169,-1.7554427574642135,9.030970087718508
2020-07-18 02:00:00,27.2,90,25.4,0.0,17,0.0,8.0,170,-1.3891854213354422,7.878462024097664
2020-07-18 03:00:00,26.8,91,25.1,0.0,17,0.0,8.1,167,-1.822103540185308,7.892397524760404
2020-07-18 04:00:00,26.7,90,25.0,0.0,31,0.0,8.0,162,-2.47213595499958,7.608452130361228
2020-07-18 05:00:00,26.3,92,24.9,0.0,31,0.0,6.6,151,-3.1997434936258253,5.772490067120011
2020-07-18 06:00:00,26.1,93,24.8,0.0,41,5.0,2.4,153,-1.0895771993749124,2.138415658052083
2020-07-18 07:00:00,27.6,87,25.2,0.0,43,71.0,3.4,148,-1.8017254983928963,2.883363526931848
2020-07-18 08:00:00,28.9,80,25.1,0.0,38,223.0,3.4,162,-1.0506577808748214,3.233592155403522
2020-07-18 09:00:00,29.6,80,25.8,0.0,43,368.0,3.5,204,1.4235782507653008,3.197409101749103
2020-07-18 10:00:00,30.2,78,25.8,0.1,36,503.0,4.3,222,2.8772616073430903,3.195522749552795
2020-07-18 11:00:00,30.8,75,25.9,0.2,44,617.0,6.1,230,4.672871103025765,3.9210044190878905
2020-07-18 12:00:00,31.2,73,25.8,0.1,39,704.0,8.2,232,6.461688179575121,5.048424097670396
2020-07-18 13:00:00,31.3,72,25.7,0.0,39,608.0,10.1,235,8.273435647318815,5.793122007145568
2020-07-18 14:00:00,31.3,72,25.7,0.0,34,534.0,11.1,234,8.980088637561915,6.524416300446453
2020-07-18 15:00:00,31.6,70,25.4,0.0,37,545.0,11.1,234,8.980088637561915,6.524416300446453
2020-07-18 16:00:00,31.3,71,25.4,0.0,26,342.0,11.0,232,8.668118289673943,6.772276228582239
2020-07-18 17:00:00,30.9,73,25.5,0.0,16,205.0,10.2,222,6.825132184860354,7.580077219869421
2020-07-18 18:00:00,30.4,76,25.6,0.0,21,115.0,7.1,229,5.358438019581681,4.658019105832602
2020-07-18 19:00:00,29.6,79,25.7,0.0,20,12.0,7.2,207,3.268731598124736,6.415246974156249
2020-07-18 20:00:00,29.0,82,25.7,0.0,16,0.0,7.3,200,2.496747046277381,6.859756131737131
2020-07-18 21:00:00,28.7,85,25.8,0.0,26,0.0,7.2,183,0.3768188849491937,7.190132650232932
2020-07-18 22:00:00,28.4,86,25.8,0.0,32,0.0,7.9,177,-0.4134540543192561,7.889173324561134
2020-07-18 23:00:00,28.1,87,25.8,0.0,37,0.0,9.4,173,-1.1455718280083869,9.329933825428428
2020-07-19 00:00:00,28.0,87,25.6,0.0,39,0.0,11.3,173,-1.3771235804781674,11.215771513546938
2020-07-19 01:00:00,27.8,87,25.4,0.0,40,0.0,13.0,174,-1.3588700224794985,12.928784639787551
2020-07-19 02:00:00,27.5,87,25.1,0.0,39,0.0,12.3,173,-1.4989929238833148,12.20831766518826
2020-07-19 03:00:00,27.6,85,24.9,0.0,53,0.0,11.4,167,-2.5644420195200635,11.10781873855168
2020-07-19 04:00:00,27.4,85,24.6,0.0,64,0.0,10.5,158,-3.933369230867079,9.735430472951268
2020-07-19 05:00:00,27.1,84,24.2,0.0,80,0.0,9.2,154,-4.033014550459511,8.268905225952336
2020-07-19 06:00:00,27.0,84,24.0,0.0,48,4.0,6.8,148,-3.603450996785793,5.766727053863696
2020-07-19 07:00:00,28.1,78,23.9,0.0,42,79.0,8.0,153,-3.631923997916375,7.128052193506942
2020-07-19 08:00:00,29.3,71,23.5,0.0,41,202.0,9.0,157,-3.516580156403464,8.284543681071963
2020-07-19 09:00:00,30.0,71,24.0,0.0,36,332.0,9.8,172,-1.3638963894086402,9.70462707366739
2020-07-19 10:00:00,30.5,71,24.6,0.0,40,438.0,10.0,193,2.249510543438649,9.743700647852352
2020-07-19 11:00:00,31.1,69,24.8,0.0,29,559.0,10.8,206,4.734408385322037,9.706975700031004
2020-07-19 12:00:00,31.5,68,24.8,0.0,38,670.0,12.2,208,5.727553065987868,10.771960632878908
2020-07-19 13:00:00,31.6,68,25.0,0.0,42,643.0,13.9,205,5.87439383819572,12.597678239809436
2020-07-19 14:00:00,31.5,70,25.3,0.0,48,492.0,13.1,201,4.694620139043436,12.229903587113345
2020-07-19 15:00:00,31.7,68,25.1,0.0,48,451.0,13.5,205,5.705346533499441,12.235155124994776
2020-07-19 16:00:00,31.4,69,25.0,0.1,37,211.0,12.6,204,5.124881702755083,11.510672766296771
2020-07-19 17:00:00,31.0,71,25.1,0.0,38,110.0,11.3,202,4.233054505599806,10.4771775566047
2020-07-19 18:00:00,30.4,74,25.3,0.0,40,28.0,7.6,199,2.474317973874391,7.185941174554807
2020-07-19 19:00:00,29.6,77,25.2,0.0,34,3.0,7.2,174,-0.7526049355271069,7.160557646651568
2020-07-19 20:00:00,29.0,80,25.2,0.0,32,0.0,7.2,174,-0.7526049355271069,7.160557646651568
2020-07-19 21:00:00,28.6,82,25.3,0.0,28,0.0,8.0,170,-1.3891854213354422,7.878462024097664
2020-07-19 22:00:00,28.3,84,25.3,0.0,27,0.0,8.8,161,-2.8649997592229783,8.320563465273988
2020-07-19 23:00:00,28.1,85,25.3,0.0,18,0.0,9.5,155,-4.014873486536645,8.609923976848174
2020-07-20 00:00:00,27.8,87,25.3,0.0,21,0.0,9.2,159,-3.2969851358167617,8.588939923774255
2020-07-20 01:00:00,27.5,88,25.3,0.0,19,0.0,8.9,159,-3.189474750953172,8.308865795825096
2020-07-20 02:00:00,27.4,88,25.2,0.0,10,0.0,7.8,158,-2.921931428644116,7.232034065620941
2020-07-20 03:00:00,27.4,85,24.8,0.0,6,0.0,8.6,158,-3.221616703376845,7.97378114927437
2020-07-20 04:00:00,27.3,85,24.7,0.0,9,0.0,9.2,159,-3.2969851358167617,8.588939923774255
2020-07-20 05:00:00,27.3,86,24.7,0.0,2,0.0,8.7,163,-2.543633831087808,8.31985137687841
2020-07-20 06:00:00,27.5,86,24.8,0.0,1,5.0,6.4,164,-1.764079077228795,6.1520748540052415
2020-07-20 07:00:00,28.2,84,25.2,0.0,7,83.0,6.5,161,-2.1161930039715178,6.14587074139556
2020-07-20 08:00:00,29.1,81,25.4,0.0,4,255.0,8.0,172,-1.1133848076805226,7.922144549932563
2020-07-20 09:00:00,29.7,78,25.3,0.0,11,303.0,9.4,184,0.6557108531947776,9.377102072442348
2020-07-20 10:00:00,30.4,73,25.1,0.0,21,491.0,9.8,197,2.8652427062828205,9.371786608437748
2020-07-20 11:00:00,30.8,72,25.1,0.0,36,514.0,9.4,187,1.1455718280083849,9.329933825428428
2020-07-20 12:00:00,30.7,72,25.1,0.0,40,444.0,9.0,180,-1.102182119232618e-15,9.0
2020-07-20 13:00:00,30.7,73,25.3,0.0,33,430.0,7.9,180,-9.67470971326409e-16,7.9
2020-07-20 14:00:00,30.7,73,25.2,0.0,31,462.0,7.7,191,1.4692292643993945,7.558529312547013
2020-07-20 15:00:00,30.8,69,24.6,0.0,33,359.0,9.3,167,-2.0920448053979466,9.061641602502688
2020-07-20 16:00:00,30.4,71,24.6,0.0,41,218.0,11.0,148,-5.829111906565254,9.328529057720685
2020-07-20 17:00:00,29.9,74,24.7,0.0,25,131.0,9.2,159,-3.2969851358167617,8.588939923774255
2020-07-20 18:00:00,29.5,75,24.7,0.0,27,53.0,7.2,162,-2.224922359499622,6.8476069173251055
2020-07-20 19:00:00,29.0,78,24.8,0.0,35,7.0,4.2,121,-3.600102662948872,2.163159914622228
2020-07-20 20:00:00,28.6,80,24.9,0.0,20,0.0,4.9,126,-3.9641832724372423,2.880147736233118
2020-07-20 21:00:00,28.4,82,25.0,0.0,14,0.0,5.2,124,-4.3109953772862175,2.907803098047883
2020-07-20 22:00:00,28.1,84,25.1,0.0,10,0.0,5.0,120,-4.330127018922194,2.499999999999999
2020-07-20 23:00:00,27.9,85,25.2,0.0,12,0.0,6.1,130,-4.6728711030257655,3.92100441908789
2020-07-21 00:00:00,27.7,86,25.2,0.0,13,0.0,6.1,130,-4.6728711030257655,3.92100441908789
2020-07-21 01:00:00,27.3,88,25.2,0.0,9,0.0,5.5,122,-4.664264528860343,2.914555953282626
2020-07-21 02:00:00,27.0,89,25.0,0.0,5,0.0,5.0,120,-4.330127018922194,2.499999999999999
2020-07-21 03:00:00,26.5,90,24.7,0.0,7,0.0,4.4,125,-3.604268994871564,2.5237363199446032
2020-07-21 04:00:00,26.0,92,24.6,0.0,13,0.0,3.1,126,-2.5079526825623373,1.8221342821066664
2020-07-21 05:00:00,25.5,95,24.7,0.0,17,0.0,2.9,97,-2.878383839759834,0.3534210958749273
2020-07-21 06:00:00,25.6,95,24.7,0.0,11,2.0,5.9,52,-4.64926344627966,-3.632402704421384
2020-07-21 07:00:00,27.0,88,24.9,0.0,8,60.0,4.8,63,-4.276831316104166,-2.1791543987498248
2020-07-21 08:00:00,28.6,81,25.0,0.0,2,156.0,3.8,41,-2.493024310163928,-2.8678964048465336
2020-07-21 09:00:00,29.6,76,24.9,0.0,0,374.0,3.8,17,-1.1110124779463997,-3.633958072659535
2020-07-21 10:00:00,30.5,70,24.5,0.0,3,557.0,4.0,355,0.3486229709906333,-3.984778792366982
2020-07-21 11:00:00,31.2,67,24.4,0.0,11,697.0,5.0,330,2.500000000000002,-4.330127018922192
2020-07-21 12:00:00,31.5,66,24.5,0.0,16,777.0,5.9,322,3.632402704421384,-4.64926344627966
2020-07-21 13:00:00,31.5,67,24.6,0.0,24,637.0,6.0,327,3.267834210090162,-5.032023407672544
2020-07-21 14:00:00,31.3,68,24.8,0.0,27,569.0,5.1,356,0.3557580160950407,-5.087576656325103
2020-07-21 15:00:00,31.6,67,24.6,0.0,19,535.0,6.6,338,2.4724035165450213,-6.119413440140796
2020-07-21 16:00:00,31.3,68,24.7,0.0,29,383.0,7.8,347,1.7546182238821495,-7.600086505324834
2020-07-21 17:00:00,30.8,70,24.6,0.0,31,205.0,6.5,354,0.6794350112397471,-6.4643923198937765
2020-07-21 18:00:00,30.3,73,24.8,0.0,20,58.0,5.8,330,2.9000000000000026,-5.022947341949743
2020-07-21 19:00:00,29.7,78,25.4,0.0,14,12.0,5.4,356,0.3766849582182784,-5.386845871403051
2020-07-21 20:00:00,28.8,85,26.0,0.0,13,0.0,5.2,25,-2.197614961051637,-4.71280049259058
2020-07-21 21:00:00,27.9,88,25.7,0.0,17,0.0,6.0,25,-2.5357095704441965,-5.437846722219899
2020-07-21 22:00:00,27.8,89,25.7,0.0,11,0.0,6.1,45,-4.31335136523794,-4.31335136523794
2020-07-21 23:00:00,27.7,88,25.6,0.0,8,0.0,5.6,75,-5.409184627218783,-1.449386652574116
2020-07-22 00:00:00,27.3,90,25.6,0.0,5,0.0,5.2,78,-5.086367523815789,-1.0811407922523493
2020-07-22 01:00:00,27.0,91,25.4,0.0,1,0.0,4.7,86,-4.688551036221174,-0.3278554265973886
2020-07-22 02:00:00,26.6,92,25.2,0.0,1,0.0,4.7,94,-4.688551036221174,0.3278554265973891
2020-07-22 03:00:00,26.4,92,25.0,0.0,3,0.0,4.3,95,-4.283637201794505,0.3747696938149304
2020-07-22 04:00:00,26.6,90,24.8,0.0,6,0.0,3.3,103,-3.2154212137912763,0.7423384793347546
2020-07-22 05:00:00,26.4,90,24.6,0.0,5,0.0,3.3,84,-3.281922254715301,-0.3449439287832564
2020-07-22 06:00:00,26.2,92,24.7,0.0,3,4.0,4.1,38,-2.524212048835199,-3.2308440897875594
2020-07-22 07:00:00,28.5,81,24.9,0.0,5,80.0,4.6,45,-3.2526911934581184,-3.2526911934581184
2020-07-22 08:00:00,29.4,75,24.6,0.0,3,246.0,7.2,27,-3.2687315981247367,-6.415246974156249
2020-07-22 09:00:00,30.3,71,24.5,0.0,0,438.0,7.3,11,-1.392905666248777,-7.165878439167947
2020-07-22 10:00:00,31.0,68,24.4,0.0,0,556.0,6.5,354,0.6794350112397471,-6.4643923198937765
2020-07-22 11:00:00,31.5,67,24.7,0.0,5,757.0,7.0,339,2.508575646817105,-6.535062985480411
2020-07-22 12:00:00,31.8,67,24.9,0.0,17,732.0,7.6,355,0.6623836448822031,-7.571079705497266
2020-07-22 13:00:00,31.4,69,25.1,0.0,23,603.0,6.5,3,-0.3401837155791349,-6.49109197590473
2020-07-22 14:00:00,31.4,70,25.2,0.0,24,564.0,5.4,356,0.3766849582182784,-5.386845871403051
2020-07-22 15:00:00,31.5,69,25.1,0.0,38,420.0,7.0,12,-1.4553818357243151,-6.84703320513664
2020-07-22 16:00:00,30.8,72,25.1,0.0,43,260.0,4.7,32,-2.490620541896063,-3.985826051935202
2020-07-22 17:00:00,30.7,72,25.1,0.0,23,155.0,3.8,343,1.1110124779464012,-3.633958072659534
2020-07-22 18:00:00,30.1,74,25.0,0.0,38,66.0,5.6,27,-2.5423467985414616,-4.98963653545486
2020-07-22 19:00:00,29.6,78,25.3,0.0,37,8.0,4.6,45,-3.2526911934581184,-3.2526911934581184
2020-07-22 20:00:00,29.0,83,25.9,0.0,13,0.0,1.5,166,-0.3628828433995016,1.4554435894139948
2020-07-22 21:00:00,28.4,84,25.3,0.0,5,0.0,5.1,188,0.7097828148963341,5.050367150582008
2020-07-22 22:00:00,28.1,86,25.4,0.0,2,0.0,6.1,183,0.3192493330819557,6.0916401620029
2020-07-22 23:00:00,27.9,87,25.5,0.0,4,0.0,6.9,174,-0.7212463965468108,6.862201078041086
2020-07-23 00:00:00,27.9,87,25.6,0.0,5,0.0,6.9,174,-0.7212463965468108,6.862201078041086
2020-07-23 01:00:00,27.8,88,25.6,0.0,6,0.0,7.3,169,-1.3929056662487782,7.165878439167947
2020-07-23 02:00:00,27.5,90,25.6,0.0,3,0.0,6.8,162,-2.101315561749643,6.467184310807044
2020-07-23 03:00:00,26.8,93,25.5,0.0,4,0.0,6.3,156,-2.5624408513775427,5.755336383148385
2020-07-23 04:00:00,26.7,92,25.3,0.0,1,0.0,5.0,150,-2.5,4.330127018922194
2020-07-23 05:00:00,26.3,93,25.1,0.0,3,0.0,3.6,135,-2.5455844122715714,2.545584412271571
2020-07-23 06:00:00,26.2,93,25.1,0.0,1,4.0,5.8,83,-5.756767679519667,-0.7068421917498554
2020-07-23 07:00:00,27.5,89,25.5,0.0,2,55.0,5.8,68,-5.377666356487367,-2.172718241812289
2020-07-23 08:00:00,29.0,82,25.6,0.0,0,197.0,5.4,48,-4.012982057577929,-3.613305274337834
2020-07-23 09:00:00,30.0,76,25.3,0.0,0,399.0,5.2,25,-2.197614961051637,-4.71280049259058
2020-07-23 10:00:00,31.0,71,25.0,0.0,0,617.0,5.8,4,-0.4045875477159267,-5.78587149150698
2020-07-23 11:00:00,31.5,68,24.9,0.0,0,692.0,6.8,335,2.873804179836754,-6.16289295184922
2020-07-23 12:00:00,32.1,67,25.1,0.0,1,806.0,7.7,311,5.811263767715347,-5.051654523226905
2020-07-23 13:00:00,31.9,68,25.3,0.0,15,727.0,8.5,306,6.876644452187055,-4.99617464448602
2020-07-23 14:00:00,31.7,69,25.3,0.0,20,570.0,4.2,329,2.163159914622229,-3.600102662948871
2020-07-23 15:00:00,31.7,69,25.3,0.0,25,318.0,5.3,298,4.6796222421523135,-2.488199282765219
2020-07-23 16:00:00,31.4,70,25.3,0.0,25,341.0,2.9,330,1.4500000000000013,-2.5114736709748717
2020-07-23 17:00:00,31.1,71,25.3,0.0,30,123.0,1.9,292,1.761649323676896,-0.7117525274902327
2020-07-23 18:00:00,30.8,73,25.3,0.0,24,62.0,2.2,261,2.172914349309303,0.3441558230885083
2020-07-23 19:00:00,30.3,75,25.3,0.0,11,10.0,2.9,187,0.3534210958749272,2.878383839759834
2020-07-23 20:00:00,29.5,80,25.7,0.0,19,0.0,6.5,186,0.6794350112397477,6.4643923198937765
2020-07-23 21:00:00,28.9,83,25.8,0.0,11,0.0,7.2,177,-0.3768188849491954,7.190132650232932
2020-07-23 22:00:00,28.6,85,25.8,0.0,11,0.0,9.7,176,-0.6766377953180175,9.676371287520292
2020-07-23 23:00:00,28.3,87,25.9,0.0,6,0.0,10.1,176,-0.7045403848156677,10.075396907624224
2020-07-24 00:00:00,28.1,88,25.9,0.0,2,0.0,9.5,171,-1.4861274178821944,9.383039235653808
2020-07-24 01:00:00,27.8,89,25.9,0.0,1,0.0,9.7,176,-0.6766377953180175,9.676371287520292
2020-07-24 02:00:00,27.7,90,25.9,0.0,3,0.0,9.7,176,-0.6766377953180175,9.676371287520292
2020-07-24 03:00:00,27.6,89,25.6,0.0,5,0.0,8.8,168,-1.829622879196282,8.607698886457491
2020-07-24 04:00:00,27.2,90,25.5,0.0,10,0.0,7.6,161,-2.47431797387439,7.185941174554808
2020-07-24 05:00:00,26.9,92,25.4,0.2,19,0.0,6.6,158,-2.4724035165450204,6.119413440140796
2020-07-24 06:00:00,26.7,92,25.3,0.0,23,4.0,4.1,142,-2.5242120488352,3.2308440897875594
2020-07-24 07:00:00,27.9,87,25.6,0.0,20,54.0,3.9,124,-3.233246532964663,2.180852323535912
2020-07-24 08:00:00,28.9,82,25.6,0.0,23,214.0,3.3,139,-2.1649947956686737,2.490541614735148
2020-07-24 09:00:00,29.7,78,25.5,0.0,25,354.0,4.0,170,-0.6945927106677211,3.939231012048832
2020-07-24 10:00:00,30.5,74,25.2,0.0,35,544.0,4.0,185,0.3486229709906318,3.984778792366982
2020-07-24 11:00:00,30.9,72,25.2,0.0,36,538.0,2.3,219,1.4474368994146265,1.7874357113510326
2020-07-24 12:00:00,31.3,70,25.2,0.0,33,542.0,3.0,284,2.910887178827989,-0.7257656867990023
2020-07-24 13:00:00,31.5,70,25.4,0.0,38,585.0,4.5,284,4.366330768241984,-1.0886485301985034
2020-07-24 14:00:00,31.5,71,25.5,0.0,32,533.0,4.4,261,4.345828698618606,0.6883116461770166
2020-07-24 15:00:00,31.6,69,25.3,0.0,23,455.0,5.8,240,5.022947341949744,2.9000000000000026
2020-07-24 16:00:00,31.3,71,25.3,0.0,26,327.0,4.7,212,2.4906205418960625,3.9858260519352022
2020-07-24 17:00:00,30.9,72,25.3,0.0,32,155.0,3.7,191,0.7059932828932155,3.632020578756357
2020-07-24 18:00:00,30.5,74,25.3,0.0,32,36.0,0.5,45,-0.3535533905932738,-0.3535533905932738
2020-07-24 19:00:00,30.1,76,25.4,0.0,30,0.0,2.5,90,-2.5,-1.5308084989341916e-16
2020-07-24 20:00:00,29.7,79,25.6,0.0,31,0.0,4.0,170,-0.6945927106677211,3.939231012048832
2020-07-24 21:00:00,29.2,82,25.8,0.0,32,0.0,6.9,208,3.239353783222647,6.092338390726596
2020-07-24 22:00:00,29.0,83,25.9,0.0,31,0.0,8.0,198,2.4721359549995783,7.608452130361229
2020-07-24 23:00:00,28.6,86,26.1,0.0,34,0.0,9.8,188,1.3638963894086422,9.704627073667387
2020-07-25 00:00:00,28.5,87,26.1,0.0,37,0.0,11.6,187,1.4136843834997088,11.513535359039336
2020-07-25 01:00:00,28.3,87,26.0,0.0,47,0.0,11.9,180,-1.4573296909853504e-15,11.9
2020-07-25 02:00:00,28.0,88,25.9,0.0,44,0.0,11.7,171,-1.8302832409707024,11.55595358496311
2020-07-25 03:00:00,28.4,85,25.7,0.0,42,0.0,12.1,168,-2.515731458894888,11.835585968879048
2020-07-25 04:00:00,28.2,85,25.5,0.0,44,0.0,10.9,171,-1.7051356689385178,10.765802912487
2020-07-25 05:00:00,27.9,86,25.4,0.0,48,0.0,10.7,168,-2.2246550917500247,10.46617932785172
2020-07-25 06:00:00,27.7,87,25.4,0.0,43,0.0,8.2,157,-3.2039952536120446,7.54813979831001
2020-07-25 07:00:00,28.1,86,25.5,0.0,95,15.0,6.6,112,-6.1194134401407965,2.47240351654502
2020-07-25 08:00:00,28.8,83,25.5,0.0,97,96.0,7.8,124,-6.466493065929326,4.361704647071824
2020-07-25 09:00:00,29.3,81,25.7,0.0,70,155.0,5.6,135,-3.9597979746446654,3.9597979746446654
2020-07-25 10:00:00,29.8,79,25.8,0.3,71,308.0,4.4,171,-0.6883116461770163,4.345828698618606
2020-07-25 11:00:00,29.9,79,25.8,0.3,57,350.0,4.4,215,2.5237363199446032,3.604268994871564
2020-07-25 12:00:00,30.4,77,25.8,0.2,61,449.0,6.0,213,3.2678342100901627,5.032023407672544
2020-07-25 13:00:00,30.7,75,25.8,0.2,86,468.0,6.9,219,4.34231069824388,5.362307134053099
2020-07-25 14:00:00,30.6,76,25.8,0.1,100,343.0,3.8,197,1.1110124779463997,3.633958072659535
2020-07-25 15:00:00,30.6,75,25.7,0.0,44,193.0,3.6,233,2.875087836170254,2.166534083347374
2020-07-25 16:00:00,30.5,75,25.6,0.0,54,109.0,4.5,256,4.366330768241984,1.088648530198505
2020-07-25 17:00:00,30.3,76,25.7,0.0,44,112.0,3.8,221,2.4930243101639267,2.867896404846534
2020-07-25 18:00:00,30.1,77,25.7,0.0,42,35.0,4.9,216,2.880147736233118,3.9641832724372423
2020-07-25 19:00:00,29.6,80,25.8,0.0,39,3.0,6.0,197,1.7542302283364206,5.737828535778212
2020-07-25 20:00:00,29.1,83,25.9,0.0,29,0.0,6.8,180,-8.327598234202001e-16,6.8
2020-07-25 21:00:00,28.8,84,25.9,0.0,32,0.0,6.9,174,-0.7212463965468108,6.862201078041086
2020-07-25 22:00:00,28.6,85,25.9,0.0,29,0.0,7.3,171,-1.1419715947936862,7.210124886344505
2020-07-25 23:00:00,28.3,87,26.0,0.0,31,0.0,7.2,174,-0.7526049355271069,7.160557646651568
2020-07-26 00:00:00,27.9,90,26.1,0.0,31,0.0,6.5,177,-0.3401837155791347,6.49109197590473
2020-07-26 01:00:00,27.7,91,26.1,0.2,31,0.0,5.3,152,-2.4881992827652204,4.679622242152313
2020-07-26 02:00:00,27.4,92,26.0,0.0,29,0.0,6.1,140,-3.9210044190878905,4.672871103025765
2020-07-26 03:00:00,27.2,90,25.5,0.0,25,0.0,6.4,142,-3.9402334420842138,5.043268823083021
2020-07-26 04:00:00,26.9,91,25.3,0.0,42,0.0,10.1,163,-2.95295421769964,9.65867803522666
2020-07-26 05:00:00,26.7,92,25.2,0.0,42,0.0,10.6,162,-3.275580140374444,10.081199072728626
2020-07-26 06:00:00,26.7,92,25.3,0.0,47,1.0,9.6,160,-3.2833933759264213,9.02104915954472
2020-07-26 07:00:00,27.5,89,25.5,0.0,40,32.0,8.4,160,-2.8729692039356185,7.893418014601631
2020-07-26 08:00:00,28.4,85,25.6,0.0,41,102.0,7.3,171,-1.1419715947936862,7.210124886344505
2020-07-26 09:00:00,29.2,81,25.6,0.1,48,245.0,6.6,193,1.4846769586695088,6.430842427582553
2020-07-26 10:00:00,29.6,80,25.8,0.1,53,350.0,7.9,204,3.2132194802988217,7.217009115376547
2020-07-26 11:00:00,30.2,79,26.2,0.1,54,490.0,9.4,212,4.981241083792125,7.971652103870405
2020-07-26 12:00:00,30.3,79,26.2,0.0,56,377.0,10.2,219,6.419067988708343,7.926888806861101
2020-07-26 13:00:00,30.6,78,26.4,0.0,62,456.0,10.5,232,8.274112912870581,6.46444549091941
2020-07-26 14:00:00,30.7,78,26.4,0.0,53,281.0,9.9,237,8.3028386226597,5.391926446648768
2020-07-26 15:00:00,30.6,75,25.8,0.4,40,334.0,7.5,253,7.172285669722765,2.192787785420528
2020-07-26 16:00:00,30.4,76,25.7,0.0,36,206.0,2.6,214,1.4539015490239415,2.1554976886431088
2020-07-26 17:00:00,30.2,76,25.5,0.0,46,58.0,3.7,169,-0.7059932828932164,3.632020578756357
2020-07-26 18:00:00,29.7,78,25.5,0.0,34,10.0,1.9,248,1.7616493236768958,0.7117525274902333
2020-07-26 19:00:00,29.2,81,25.7,0.0,35,1.0,3.2,180,-3.91886975727153e-16,3.2
2020-07-26 20:00:00,28.7,84,25.7,0.0,32,0.0,5.5,169,-1.0494494745709972,5.398949508962152
2020-07-26 21:00:00,28.5,84,25.6,0.0,33,0.0,6.2,159,-2.221881287180861,5.788198644282651
2020-07-26 22:00:00,28.4,84,25.5,0.0,31,0.0,6.3,156,-2.5624408513775427,5.755336383148385
2020-07-26 23:00:00,28.3,85,25.5,0.0,33,0.0,7.1,165,-1.837615220227899,6.858073366652384
2020-07-27 00:00:00,28.0,87,25.6,0.0,32,0.0,7.2,174,-0.7526049355271069,7.160557646651568
2020-07-27 01:00:00,27.8,88,25.7,0.0,35,0.0,9.8,174,-1.0243789400230068,9.746314574609078
2020-07-27 02:00:00,27.5,90,25.7,0.0,35,0.0,10.1,174,-1.0557374790033027,10.04467114321956
2020-07-27 03:00:00,27.2,90,25.4,0.0,43,0.0,9.7,184,0.6766377953180152,9.676371287520292
2020-07-27 04:00:00,26.7,93,25.4,0.4,91,0.0,8.7,187,1.0602632876247815,8.635151519279502
2020-07-27 05:00:00,26.3,93,25.2,0.6,100,0.0,9.2,169,-1.7554427574642135,9.030970087718508
2020-07-27 06:00:00,26.2,94,25.1,0.1,73,1.0,8.4,155,-3.549993398621876,7.61298541110786
2020-07-27 07:00:00,26.8,92,25.3,0.0,69,29.0,9.2,154,-4.033014550459511,8.268905225952336
2020-07-27 08:00:00,27.4,88,25.2,0.1,52,88.0,9.3,167,-2.0920448053979466,9.061641602502688
2020-07-27 09:00:00,28.2,85,25.3,0.0,41,225.0,9.7,165,-2.510544737494454,9.36948051500396
2020-07-27 10:00:00,29.2,80,25.4,0.0,25,336.0,9.0,175,-0.7844016847289237,8.96575228282571
2020-07-27 11:00:00,30.3,74,25.2,0.0,33,501.0,9.6,193,2.159530121701104,9.35395262193826
2020-07-27 12:00:00,30.7,73,25.3,0.0,41,438.0,10.3,209,4.993539088537271,9.008582983535778
2020-07-27 13:00:00,30.9,73,25.5,0.0,56,441.0,10.0,218,6.156614753256582,7.88010753606722
2020-07-27 14:00:00,30.9,74,25.7,0.0,65,186.0,10.4,224,7.224447052773572,7.481133923521972
2020-07-27 15:00:00,31.0,71,25.2,0.3,51,290.0,9.8,234,7.928366544874485,5.760295472466238
2020-07-27 16:00:00,30.5,74,25.3,0.4,59,164.0,8.7,225,6.151828996322962,6.151828996322965
2020-07-27 17:00:00,29.1,80,25.3,1.6,80,9.0,8.4,187,1.0237024846032374,8.337387673787106
2020-07-27 18:00:00,28.5,84,25.4,0.0,51,0.0,4.5,209,2.181643291108516,3.9357886821272814
2020-07-27 19:00:00,28.2,85,25.5,0.0,50,0.0,5.1,172,-0.7097828148963331,5.050367150582009
2020-07-27 20:00:00,27.9,87,25.5,0.0,42,0.0,5.2,155,-2.1976149610516376,4.71280049259058
2020-07-27 21:00:00,27.7,88,25.5,0.0,39,0.0,8.1,159,-2.902780391316932,7.562001454627333
2020-07-27 22:00:00,27.7,88,25.5,0.0,35,0.0,9.7,165,-2.510544737494454,9.36948051500396
2020-07-27 23:00:00,27.5,89,25.5,0.0,35,0.0,9.4,176,-0.65571085319478,9.377102072442348
2020-07-28 00:00:00,27.4,89,25.5,0.0,38,0.0,7.6,177,-0.3977532674463729,7.589584464134761
2020-07-28 01:00:00,27.3,90,25.5,0.0,34,0.0,9.0,178,-0.3140954703225103,8.994517443171862
2020-07-28 02:00:00,27.2,91,25.6,0.0,31,0.0,9.7,182,0.3385251180142587,9.694091022085228
2020-07-28 03:00:00,27.4,89,25.4,0.0,37,0.0,11.2,186,1.170718788597719,11.13864522812466
2020-07-28 04:00:00,27.1,90,25.3,0.0,39,0.0,10.2,188,1.4195656297926682,10.100734301164016
2020-07-28 05:00:00,27.0,90,25.3,0.0,29,0.0,9.0,175,-0.7844016847289237,8.96575228282571
2020-07-28 06:00:00,26.8,92,25.3,0.0,28,2.0,7.2,153,-3.2687315981247376,6.415246974156248
2020-07-28 07:00:00,27.3,89,25.4,0.1,34,57.0,7.3,147,-3.975864955609699,6.122295146001594
2020-07-28 08:00:00,28.1,86,25.5,0.2,24,172.0,6.5,161,-2.1161930039715178,6.14587074139556
2020-07-28 09:00:00,28.8,81,25.3,0.2,21,285.0,5.1,188,0.7097828148963341,5.050367150582008
2020-07-28 10:00:00,29.3,79,25.2,0.5,56,419.0,6.4,218,3.940233442084213,5.043268823083022
2020-07-28 11:00:00,29.3,80,25.5,0.4,63,382.0,4.2,200,1.4364846019678084,3.946709007300816
2020-07-28 12:00:00,29.1,81,25.4,0.3,73,216.0,5.4,228,4.01298205757793,3.613305274337834
2020-07-28 13:00:00,29.1,81,25.4,0.2,53,189.0,6.5,251,6.14587074139556,2.116193003971518
2020-07-28 14:00:00,29.0,80,25.2,0.2,65,78.0,5.2,254,4.998560818879259,1.4333142502483942
2020-07-28 15:00:00,28.9,79,24.8,0.6,71,22.0,6.9,227,5.046340541172277,4.705788684431241
2020-07-28 16:00:00,28.1,83,24.9,1.3,100,45.0,6.1,180,-7.470345474798854e-16,6.1
2020-07-28 17:00:00,27.9,84,24.9,0.0,69,3.0,6.7,126,-5.420413862312148,3.9381611903595695
2020-07-28 18:00:00,27.9,83,24.8,0.0,61,1.0,4.3,138,-2.8772616073430908,3.1955227495527945
2020-07-28 19:00:00,27.6,86,24.9,0.0,68,2.0,5.9,142,-3.6324027044213847,4.64926344627966
2020-07-28 20:00:00,27.3,88,25.1,0.0,84,0.0,5.6,153,-2.542346798541462,4.989636535454859
2020-07-28 21:00:00,27.1,90,25.2,0.2,68,0.0,6.3,193,1.417191642366349,6.1385314081469815
2020-07-28 22:00:00,27.0,90,25.2,0.0,44,0.0,4.5,166,-1.0886485301985047,4.366330768241984
2020-07-28 23:00:00,26.4,92,25.1,0.0,26,0.0,4.9,126,-3.9641832724372423,2.880147736233118
2020-07-29 00:00:00,26.1,94,25.1,0.3,21,0.0,5.5,101,-5.398949508962152,1.0494494745709964
2020-07-29 01:00:00,25.9,95,25.1,0.4,22,0.0,5.4,98,-5.34744757120448,0.7515347451843529
2020-07-29 02:00:00,26.3,91,24.8,0.3,25,0.0,2.5,98,-2.475670171853926,0.3479327524001634
2020-07-29 03:00:00,25.5,95,24.7,0.0,36,0.0,3.4,72,-3.233592155403522,-1.0506577808748212
2020-07-29 04:00:00,25.4,95,24.6,0.0,30,0.0,3.6,53,-2.875087836170254,-2.1665340833473743
2020-07-29 05:00:00,25.1,96,24.4,0.4,25,0.0,4.6,39,-2.894873798829252,-3.5748714227020657
2020-07-29 06:00:00,25.3,94,24.3,0.0,11,2.0,7.3,33,-3.9758649556096977,-6.122295146001595
2020-07-29 07:00:00,26.4,89,24.5,0.0,13,54.0,6.9,43,-4.70578868443124,-5.046340541172277
2020-07-29 08:00:00,27.7,80,23.9,0.0,12,133.0,7.0,35,-4.015035054457322,-5.734064310022943
2020-07-29 09:00:00,28.6,75,23.7,0.0,11,312.0,8.6,22,-3.221616703376843,-7.973781149274371
2020-07-29 10:00:00,29.1,74,23.9,0.2,24,489.0,8.3,5,-0.7233926648055629,-8.268415994161488
2020-07-29 11:00:00,29.5,72,24.0,0.0,31,495.0,8.3,360,2.0329136865846065e-15,-8.3
2020-07-29 12:00:00,29.4,74,24.4,0.2,36,292.0,7.2,3,-0.3768188849491956,-7.190132650232932
2020-07-29 13:00:00,29.4,75,24.6,0.3,37,299.0,7.6,357,0.3977532674463772,-7.589584464134761
2020-07-29 14:00:00,29.6,75,24.7,0.0,37,203.0,9.9,341,3.223124729125852,-9.360633898433235
2020-07-29 15:00:00,30.5,70,24.3,0.0,41,301.0,9.0,344,2.48073620235299,-8.65135526344487
2020-07-29 16:00:00,30.4,70,24.3,0.0,86,137.0,7.3,351,1.141971594793687,-7.210124886344505
2020-07-29 17:00:00,30.0,72,24.3,0.0,37,104.0,2.9,7,-0.3534210958749276,-2.8783838397598336
2020-07-29 18:00:00,29.7,73,24.4,0.0,35,60.0,1.3,304,1.0777488443215542,-0.7269507745119711
2020-07-29 19:00:00,29.0,83,25.8,0.0,59,5.0,3.3,139,-2.1649947956686737,2.490541614735148
2020-07-29 20:00:00,28.4,83,25.2,0.0,55,0.0,2.7,113,-2.4853631043215887,1.0549740469210394
2020-07-29 21:00:00,27.7,86,25.2,0.0,54,0.0,4.2,70,-3.9467090073008153,-1.436484601967809
2020-07-29 22:00:00,27.5,86,25.0,0.0,50,0.0,3.9,68,-3.616017032810471,-1.460965714322057
2020-07-29 23:00:00,27.4,86,24.8,0.0,44,0.0,3.8,49,-2.8678964048465336,-2.493024310163928
2020-07-30 00:00:00,27.4,85,24.7,0.0,40,0.0,6.9,47,-5.046340541172277,-4.70578868443124
2020-07-30 01:00:00,27.5,84,24.6,0.0,29,0.0,5.4,53,-4.312631754255381,-3.2498011250210617
2020-07-30 02:00:00,27.4,85,24.7,0.0,15,0.0,5.5,32,-2.914555953282627,-4.664264528860342
2020-07-30 03:00:00,26.9,85,24.3,0.0,11,0.0,5.4,20,-1.8469087739586112,-5.074340152243906
2020-07-30 04:00:00,26.7,86,24.2,0.0,26,0.0,6.4,16,-1.7640790772287946,-6.1520748540052415
2020-07-30 05:00:00,26.8,85,24.1,0.0,21,0.0,7.9,24,-3.2132194802988217,-7.217009115376547
2020-07-30 06:00:00,26.8,85,24.1,0.0,25,3.0,6.0,33,-3.2678342100901627,-5.032023407672544
2020-07-30 07:00:00,27.8,81,24.3,0.0,29,59.0,5.9,47,-4.314986839553106,-4.023790324368742
2020-07-30 08:00:00,29.0,75,24.1,0.0,53,198.0,5.1,82,-5.050367150582009,-0.7097828148963339
2020-07-30 09:00:00,29.7,71,23.9,0.0,50,237.0,7.1,135,-5.020458146424487,5.020458146424486
2020-07-30 10:00:00,30.7,67,23.8,0.0,54,526.0,6.8,148,-3.603450996785793,5.766727053863696
2020-07-30 11:00:00,31.2,66,24.0,0.0,58,556.0,1.8,169,-0.3434561916777809,1.7669289302057951
2020-07-30 12:00:00,31.6,66,24.4,0.0,63,622.0,5.6,320,3.5996106142446216,-4.289848881466275
2020-07-30 13:00:00,31.7,67,24.7,0.0,41,538.0,7.7,349,1.469229264399394,-7.558529312547013
2020-07-30 14:00:00,31.7,67,24.8,0.0,31,507.0,6.5,3,-0.3401837155791349,-6.49109197590473
2020-07-30 15:00:00,31.5,64,23.8,0.0,40,294.0,6.5,354,0.6794350112397471,-6.4643923198937765
2020-07-30 16:00:00,31.3,65,24.0,0.0,37,166.0,6.2,353,0.7555899291119128,-6.153786140176197
2020-07-30 17:00:00,31.0,67,24.2,0.0,32,137.0,5.1,4,-0.355758016095039,-5.087576656325103
2020-07-30 18:00:00,30.4,71,24.6,0.0,36,24.0,5.1,8,-0.7097828148963337,-5.050367150582009
2020-07-30 19:00:00,29.8,75,25.0,0.0,34,3.0,7.3,11,-1.392905666248777,-7.165878439167947
2020-07-30 20:00:00,29.1,80,25.3,0.0,27,0.0,6.9,43,-4.70578868443124,-5.046340541172277
2020-07-30 21:00:00,28.6,83,25.5,0.0,27,0.0,5.9,38,-3.632402704421384,-4.64926344627966
2020-07-30 22:00:00,28.2,86,25.6,0.0,29,0.0,7.4,51,-5.750880114781585,-4.656970893768798
2020-07-30 23:00:00,27.9,86,25.4,0.0,30,0.0,7.4,61,-6.472185832831529,-3.587591189822895
2020-07-31 00:00:00,27.6,87,25.3,0.0,30,0.0,5.2,56,-4.3109953772862175,-2.9078030980478835
2020-07-31 01:00:00,27.5,86,25.0,0.0,28,0.0,3.9,68,-3.616017032810471,-1.460965714322057
2020-07-31 02:00:00,27.2,89,25.2,0.0,24,0.0,3.1,159,-1.1109406435904308,2.8940993221413254
2020-07-31 03:00:00,27.4,89,25.3,0.0,18,0.0,6.3,193,1.417191642366349,6.1385314081469815
2020-07-31 04:00:00,28.2,84,25.3,0.0,22,0.0,0.4,90,-0.4,-2.4492935982947065e-17
2020-07-31 05:00:00,26.8,92,25.3,0.0,28,0.0,3.6,6,-0.3763024677635525,-3.580278823325784
2020-07-31 06:00:00,26.9,91,25.3,0.0,29,1.0,4.0,360,9.797174393178826e-16,-4.0
2020-07-31 07:00:00,28.6,85,25.8,0.0,35,44.0,1.3,124,-1.0777488443215544,0.7269507745119708
2020-07-31 08:00:00,29.8,82,26.3,0.0,34,151.0,0.4,180,-4.8985871965894125e-17,0.4
2020-07-31 09:00:00,30.6,78,26.4,0.0,39,306.0,3.4,198,1.0506577808748208,3.2335921554035223
2020-07-31 10:00:00,31.3,75,26.3,0.0,37,461.0,4.8,228,3.567095162291493,3.211826910522519
2020-07-31 11:00:00,31.8,72,26.1,0.0,30,608.0,4.4,279,4.345828698618607,-0.688311646177015
2020-07-31 12:00:00,32.1,70,25.9,0.0,16,650.0,4.7,293,4.32637281122647,-1.8364363038995852
2020-07-31 13:00:00,32.1,70,26.0,0.0,18,657.0,7.9,286,7.593967397912719,-2.1775351109542957
2020-07-31 14:00:00,31.8,71,26.0,0.0,28,603.0,6.5,289,6.14587074139556,-2.116193003971516
2020-07-31 15:00:00,31.3,75,26.3,2.2,30,438.0,8.9,320,5.720809726210202,-6.817795543758902
2020-07-31 16:00:00,31.1,76,26.3,0.0,37,305.0,11.6,344,3.1973933274771875,-11.1506356728845
2020-07-31 17:00:00,30.7,77,26.1,0.0,39,149.0,10.4,358,0.3629547657060086,-10.393664600998596
2020-07-31 18:00:00,30.3,78,26.0,0.0,33,47.0,7.0,12,-1.4553818357243151,-6.84703320513664
2020-07-31 19:00:00,29.8,81,26.1,0.0,30,4.0,6.0,33,-3.2678342100901627,-5.032023407672544
2020-07-31 20:00:00,29.3,86,26.8,0.0,28,0.0,6.2,54,-5.0159053651246746,-3.6442685642133337
2020-07-31 21:00:00,29.2,86,26.5,0.0,29,0.0,6.0,57,-5.032023407672544,-3.2678342100901627
2020-07-31 22:00:00,28.5,90,26.7,0.0,31,0.0,6.0,57,-5.032023407672544,-3.2678342100901627
2020-07-31 23:00:00,28.1,90,26.3,0.0,31,0.0,4.7,67,-4.32637281122647,-1.8364363038995863
2020-08-01 00:00:00,28.2,89,26.2,0.0,32,0.0,1.8,143,-1.0832670416736867,1.4375439180851273
2020-08-01 01:00:00,27.5,92,26.1,0.0,34,0.0,4.9,163,-1.4326213531414094,4.685893304218874
2020-08-01 02:00:00,27.2,93,25.9,0.3,35,0.0,3.6,143,-2.1665340833473734,2.8750878361702545
2020-08-01 03:00:00,27.2,93,26.0,0.0,34,0.0,2.9,60,-2.511473670974872,-1.4500000000000002
2020-08-01 04:00:00,26.7,95,25.8,0.0,31,0.0,4.3,42,-2.8772616073430903,-3.195522749552795
2020-08-01 05:00:00,26.5,96,25.8,0.0,30,0.0,3.1,339,1.1109406435904323,-2.894099322141325
2020-08-01 06:00:00,26.4,96,25.7,0.0,31,1.0,4.7,360,1.1511679911985121e-15,-4.7
2020-08-01 07:00:00,28.1,87,25.7,0.0,32,39.0,4.0,10,-0.6945927106677213,-3.939231012048832
2020-08-01 08:00:00,29.2,79,25.2,0.0,30,165.0,4.4,35,-2.523736319944603,-3.604268994871564
2020-08-01 09:00:00,29.8,76,25.1,0.0,34,271.0,3.4,32,-1.8017254983928963,-2.883363526931848
2020-08-01 10:00:00,30.7,73,25.2,0.0,31,533.0,2.4,297,2.1384156580520832,-1.089577199374912
2020-08-01 11:00:00,30.9,72,25.3,0.0,35,489.0,4.7,261,4.642135200797148,0.7352419856890859
2020-08-01 12:00:00,31.0,73,25.5,0.1,42,456.0,6.8,245,6.162892951849221,2.873804179836754
2020-08-01 13:00:00,30.7,73,25.4,0.1,60,480.0,5.6,255,5.409184627218783,1.4493866525741157
2020-08-01 14:00:00,30.7,74,25.5,0.3,60,405.0,4.3,270,4.3,7.898971854500429e-16
2020-08-01 15:00:00,30.5,74,25.4,0.0,40,332.0,5.8,277,5.756767679519667,-0.7068421917498565
2020-08-01 16:00:00,30.6,74,25.3,0.0,40,359.0,4.6,252,4.3748599749577055,1.4214781741247586
2020-08-01 17:00:00,30.0,76,25.3,0.0,40,143.0,3.0,256,2.910887178827989,0.7257656867990033
2020-08-01 18:00:00,29.2,79,25.2,0.0,52,44.0,2.5,180,-3.061616997868383e-16,2.5
2020-08-01 19:00:00,28.8,82,25.3,0.0,45,3.0,3.7,101,-3.632020578756357,0.7059932828932158
2020-08-01 20:00:00,28.4,84,25.5,0.0,45,0.0,4.0,90,-4.0,-2.4492935982947064e-16
2020-08-01 21:00:00,28.0,87,25.7,0.0,41,0.0,4.2,70,-3.9467090073008153,-1.436484601967809
2020-08-01 22:00:00,27.6,90,25.9,0.0,42,0.0,6.3,59,-5.400153994423308,-3.244739871933341
2020-08-01 23:00:00,27.3,91,25.8,0.0,45,0.0,5.9,52,-4.64926344627966,-3.632402704421384
2020-08-02 00:00:00,27.1,90,25.3,0.1,40,0.0,6.6,49,-4.981083229470295,-4.329989591337347
2020-08-02 01:00:00,27.0,89,25.1,0.1,41,0.0,7.3,57,-6.122295146001595,-3.9758649556096977
2020-08-02 02:00:00,26.7,90,25.0,0.3,37,0.0,6.2,54,-5.0159053651246746,-3.6442685642133337
2020-08-02 03:00:00,26.8,79,23.0,0.0,35,0.0,6.4,43,-4.36478950439999,-4.680663690362692
2020-08-02 04:00:00,26.4,85,23.6,0.0,40,0.0,6.1,28,-2.863776532993933,-5.385980316439454
2020-08-02 05:00:00,26.2,87,23.8,0.0,40,0.0,5.3,28,-2.4881992827652213,-4.679622242152313
2020-08-02 06:00:00,26.2,86,23.8,0.0,18,3.0,5.2,12,-1.0811407922523486,-5.08636752381579
2020-08-02 07:00:00,27.8,78,23.5,0.0,16,64.0,6.0,17,-1.7542302283364206,-5.737828535778212
2020-08-02 08:00:00,28.9,70,22.9,0.0,19,236.0,6.5,6,-0.6794350112397476,-6.4643923198937765
2020-08-02 09:00:00,29.3,71,23.4,0.0,28,333.0,5.4,360,1.3226185430791417e-15,-5.4
2020-08-02 10:00:00,29.4,73,23.9,0.2,39,474.0,5.5,349,1.0494494745709957,-5.398949508962152
2020-08-02 11:00:00,29.6,73,24.3,0.2,37,562.0,4.1,345,1.0611580849203348,-3.96029588778518
2020-08-02 12:00:00,29.7,73,24.3,0.0,45,407.0,7.2,342,2.2249223594996232,-6.8476069173251055
2020-08-02 13:00:00,29.9,72,24.3,0.1,52,390.0,9.7,345,2.5105447374944503,-9.369480515003962
2020-08-02 14:00:00,30.1,72,24.5,0.1,43,416.0,9.4,353,1.145571828008384,-9.329933825428428
2020-08-02 15:00:00,30.4,72,24.7,0.1,49,351.0,9.4,358,0.3280552690035077,-9.3942737739795
2020-08-02 16:00:00,30.2,73,24.9,0.0,50,231.0,9.7,360,2.3758147903458648e-15,-9.7
2020-08-02 17:00:00,30.0,74,24.9,0.0,42,131.0,9.4,2,-0.3280552690035091,-9.3942737739795
2020-08-02 18:00:00,29.6,75,24.8,0.0,80,41.0,6.3,301,5.400153994423308,-3.244739871933341
2020-08-02 19:00:00,29.2,79,25.2,0.0,100,3.0,6.2,249,5.78819864428265,2.2218812871808646
2020-08-02 20:00:00,28.7,81,25.0,0.0,100,0.0,5.2,236,4.3109953772862175,2.907803098047882
2020-08-02 21:00:00,27.8,87,25.3,0.0,100,0.0,6.0,213,3.2678342100901627,5.032023407672544
2020-08-02 22:00:00,27.3,86,24.8,0.3,100,0.0,6.8,205,2.873804179836755,6.16289295184922
2020-08-02 23:00:00,26.6,90,24.8,0.4,100,0.0,7.1,195,1.8376152202278973,6.858073366652385
2020-08-03 00:00:00,26.4,91,24.7,0.3,100,0.0,4.4,189,0.6883116461770152,4.345828698618607
2020-08-03 01:00:00,26.1,93,24.8,0.3,89,0.0,2.8,140,-1.7998053071223103,2.144924440733138
2020-08-03 02:00:00,25.8,93,24.6,1.0,100,0.0,4.6,162,-1.4214781741247584,4.3748599749577055
2020-08-03 03:00:00,26.1,91,24.5,1.4,100,0.0,6.1,183,0.3192493330819557,6.0916401620029
2020-08-03 04:00:00,25.8,93,24.6,1.5,100,0.0,6.8,177,-0.3558845024520178,6.790680836331102
2020-08-03 05:00:00,25.9,93,24.7,0.4,90,0.0,6.5,174,-0.6794350112397493,6.4643923198937765
2020-08-03 06:00:00,26.0,93,24.8,0.1,82,0.0,4.0,207,1.8159619989581863,3.564026096753472
2020-08-03 07:00:00,26.6,90,24.9,0.1,65,12.0,4.2,211,2.163159914622228,3.600102662948872
2020-08-03 08:00:00,27.4,86,24.8,0.1,61,68.0,5.2,214,2.907803098047883,4.3109953772862175
2020-08-03 09:00:00,27.5,86,24.9,0.4,66,98.0,7.3,213,3.9758649556096977,6.122295146001595
2020-08-03 10:00:00,27.6,87,25.1,1.3,100,110.0,5.4,217,3.2498011250210617,4.312631754255381
2020-08-03 11:00:00,27.8,85,25.0,1.1,86,61.0,5.7,215,3.269385687200963,4.669166652447253
2020-08-03 12:00:00,28.1,84,25.2,1.6,82,101.0,4.7,212,2.4906205418960625,3.9858260519352022
2020-08-03 13:00:00,28.9,80,25.1,0.5,100,201.0,8.2,218,5.048424097670397,6.46168817957512
2020-08-03 14:00:00,28.5,81,25.0,1.6,100,150.0,8.2,218,5.048424097670397,6.46168817957512
2020-08-03 15:00:00,28.4,80,24.6,1.1,93,59.0,3.3,221,2.1649947956686733,2.490541614735148
2020-08-03 16:00:00,28.3,81,24.8,0.8,100,36.0,6.5,199,2.116193003971519,6.145870741395559
2020-08-03 17:00:00,27.4,89,25.4,4.3,100,11.0,9.7,195,2.510544737494452,9.369480515003962
2020-08-03 18:00:00,26.9,91,25.3,2.7,100,9.0,8.7,187,1.0602632876247815,8.635151519279502
2020-08-03 19:00:00,26.5,92,25.1,1.3,65,1.0,12.7,165,-3.287001872802017,12.267257993871166
2020-08-03 20:00:00,26.3,92,24.9,1.1,53,0.0,15.3,165,-3.959931390068572,14.778665142222744
2020-08-03 21:00:00,26.2,91,24.7,1.2,80,0.0,17.3,163,-5.058030491703343,16.544072278160517
2020-08-03 22:00:00,26.1,90,24.4,0.9,81,0.0,19.2,163,-5.613536730676542,18.36105131449028
2020-08-03 23:00:00,26.0,90,24.3,0.7,100,0.0,21.1,172,-2.9365524302573784,20.89465625044713
2020-08-04 00:00:00,26.1,90,24.2,1.1,100,0.0,22.4,175,-1.9522886375475437,22.314761237255095
2020-08-04 01:00:00,26.2,89,24.2,1.9,100,0.0,23.5,174,-2.456418886789862,23.37126454115442
2020-08-04 02:00:00,26.1,90,24.3,2.1,100,0.0,24.0,172,-3.340154423041568,23.76643364979769
2020-08-04 03:00:00,25.6,93,24.4,3.0,100,0.0,23.7,171,-3.707496821453474,23.40821367210476
2020-08-04 04:00:00,25.8,92,24.4,4.5,100,0.0,23.9,169,-4.560334989499425,23.460889684399167
2020-08-04 05:00:00,26.0,91,24.4,5.5,95,0.0,24.7,167,-5.55629104229347,24.066940600195306
2020-08-04 06:00:00,26.1,90,24.3,5.4,100,0.0,24.4,172,-3.3958236634255936,24.162540877294315
2020-08-04 07:00:00,26.2,89,24.3,5.8,100,0.0,24.9,170,-4.323839623906563,24.521713050003974
2020-08-04 08:00:00,26.3,89,24.2,6.4,100,0.0,23.9,168,-4.969089410544448,23.377727657537957
2020-08-04 09:00:00,26.4,89,24.3,6.0,100,0.0,20.8,166,-5.031975428473089,20.18215110654073
2020-08-04 10:00:00,26.5,88,24.3,5.4,95,0.0,20.4,166,-4.935206670233222,19.794032816030327
2020-08-04 11:00:00,26.6,87,24.3,5.0,78,2.0,20.2,169,-3.854341706606209,19.828869105642813
2020-08-04 12:00:00,26.8,87,24.4,4.0,42,0.0,18.8,173,-2.2911436560167737,18.659867650856853
2020-08-04 13:00:00,26.6,89,24.7,3.0,50,0.0,21.2,179,-0.3699910164704089,21.19677113731549
2020-08-04 14:00:00,26.7,91,25.0,2.1,41,0.0,21.6,179,-0.3769719790453223,21.596710215378053
2020-08-04 15:00:00,27.8,85,25.0,0.1,37,14.0,19.8,177,-1.0362519336102871,19.772864788140563
2020-08-04 16:00:00,28.2,83,25.1,0.2,37,16.0,18.8,177,-0.9839159773673436,18.77423525338599
2020-08-04 17:00:00,28.0,84,25.1,0.1,39,19.0,18.4,181,0.3211242784460189,18.3971975908776
2020-08-04 18:00:00,27.5,86,25.0,0.0,54,2.0,15.9,186,1.6620025659556907,15.812898136355546
2020-08-04 19:00:00,27.2,88,25.0,0.0,71,0.0,14.8,181,0.2582956152717978,14.79774588831459
2020-08-04 20:00:00,27.0,88,24.9,0.0,73,0.0,15.1,180,-1.8492166667125037e-15,15.1
2020-08-04 21:00:00,27.0,88,24.8,0.0,62,0.0,15.5,177,-0.811207321765629,15.478757788695894
2020-08-04 22:00:00,27.0,88,24.8,0.0,52,0.0,13.6,168,-2.8275989951215266,13.302807369979757
2020-08-04 23:00:00,26.9,88,24.8,0.0,35,0.0,10.4,166,-2.5159877142365445,10.091075553270365
2020-08-05 00:00:00,26.8,89,24.9,0.0,32,0.0,9.8,174,-1.0243789400230068,9.746314574609078
2020-08-05 01:00:00,26.7,89,24.8,0.0,30,0.0,10.3,168,-2.141490415422921,10.0749202875582
2020-08-05 02:00:00,26.7,89,24.8,0.0,29,0.0,9.3,164,-2.563427409098093,8.939733772226367
2020-08-05 03:00:00,26.6,87,24.4,0.0,30,0.0,10.3,168,-2.141490415422921,10.0749202875582
2020-08-05 04:00:00,26.6,88,24.4,0.0,29,0.0,9.0,180,-1.102182119232618e-15,9.0
2020-08-05 05:00:00,26.5,90,24.7,0.0,28,0.0,9.7,182,0.3385251180142587,9.694091022085228
2020-08-05 06:00:00,26.5,91,24.9,0.0,28,0.0,9.1,187,1.1090110249868406,9.03216997993603
2020-08-05 07:00:00,27.3,90,25.5,0.0,29,35.0,4.9,163,-1.4326213531414094,4.685893304218874
2020-08-05 08:00:00,28.5,85,25.8,0.0,29,130.0,4.7,148,-2.490620541896063,3.985826051935202
2020-08-05 09:00:00,29.5,81,25.9,0.0,29,301.0,3.3,139,-2.1649947956686737,2.490541614735148
2020-08-05 10:00:00,30.2,78,25.9,0.0,29,409.0,1.8,127,-1.4375439180851268,1.0832670416736871
2020-08-05 11:00:00,30.9,73,25.6,0.0,33,593.0,1.8,180,-2.2043642384652358e-16,1.8
2020-08-05 12:00:00,31.1,73,25.6,0.0,33,545.0,2.0,225,1.414213562373095,1.4142135623730954
2020-08-05 13:00:00,30.8,73,25.5,0.2,32,458.0,1.0,225,0.7071067811865475,0.7071067811865477
2020-08-05 14:00:00,30.9,73,25.5,0.0,43,421.0,1.4,90,-1.4,-8.572527594031472e-17
2020-08-05 15:00:00,31.3,70,25.2,0.0,49,275.0,5.2,34,-2.907803098047884,-4.3109953772862175
2020-08-05 16:00:00,30.9,72,25.3,0.0,43,165.0,6.3,13,-1.4171916423663495,-6.1385314081469815
2020-08-05 17:00:00,30.1,76,25.4,0.1,38,113.0,7.6,360,1.8614631347039767e-15,-7.6
2020-08-05 18:00:00,29.2,80,25.5,0.2,52,51.0,6.9,351,1.0793978087775946,-6.81504955010645
2020-08-05 19:00:00,28.7,82,25.4,0.0,39,4.0,6.2,353,0.7555899291119128,-6.153786140176197
2020-08-05 20:00:00,28.2,87,25.8,0.0,26,0.0,6.8,342,2.101315561749644,-6.467184310807044
2020-08-05 21:00:00,27.6,90,25.9,0.0,30,0.0,6.8,342,2.101315561749644,-6.467184310807044
2020-08-05 22:00:00,27.2,91,25.7,0.0,27,0.0,7.6,355,0.6623836448822031,-7.571079705497266
2020-08-05 23:00:00,27.0,92,25.5,0.0,25,0.0,6.9,9,-1.079397808777593,-6.815049550106451
2020-08-06 00:00:00,26.8,92,25.4,0.0,5,0.0,7.4,23,-2.891410350820626,-6.811735915548059
2020-08-06 01:00:00,26.6,92,25.2,0.0,25,0.0,6.6,49,-4.981083229470295,-4.329989591337347
2020-08-06 02:00:00,26.4,92,25.1,0.0,42,0.0,7.1,41,-4.658019105832602,-5.358438019581681
2020-08-06 03:00:00,26.6,89,24.6,0.0,32,0.0,8.7,24,-3.5386087947594613,-7.947845481490627
2020-08-06 04:00:00,26.2,90,24.5,0.0,27,0.0,7.3,20,-2.496747046277381,-6.859756131737131
2020-08-06 05:00:00,25.9,93,24.6,0.0,26,0.0,7.4,14,-1.790222027437541,-7.180188374442374
2020-08-06 06:00:00,25.8,94,24.7,0.0,26,1.0,9.3,13,-2.092044805397945,-9.06164160250269
2020-08-06 07:00:00,27.1,90,25.4,0.0,20,54.0,7.8,22,-2.921931428644114,-7.232034065620942
2020-08-06 08:00:00,28.7,82,25.4,0.0,25,150.0,6.6,22,-2.472403516545019,-6.1194134401407965
2020-08-06 09:00:00,29.7,75,24.9,0.0,26,310.0,8.1,21,-2.902780391316932,-7.562001454627333
2020-08-06 10:00:00,30.4,72,24.8,0.0,23,413.0,8.9,14,-2.153104870837043,-8.635631963856369
2020-08-06 11:00:00,31.0,70,24.9,0.0,18,538.0,9.8,6,-1.024378940023004,-9.746314574609078
2020-08-06 12:00:00,31.3,69,25.1,0.0,21,450.0,10.9,6,-1.1393602496174229,-10.84028865951418
2020-08-06 13:00:00,31.4,71,25.4,0.0,14,416.0,9.8,6,-1.024378940023004,-9.746314574609078
2020-08-06 14:00:00,31.1,72,25.6,0.0,18,292.0,8.2,15,-2.12231616984067,-7.92059177557036
2020-08-06 15:00:00,31.4,71,25.6,0.0,31,347.0,6.6,22,-2.472403516545019,-6.1194134401407965
2020-08-06 16:00:00,31.2,73,25.7,0.0,36,264.0,3.0,14,-0.7257656867990032,-2.910887178827989
2020-08-06 17:00:00,30.8,75,25.8,0.0,42,192.0,3.1,225,2.192031021678297,2.192031021678298
2020-08-06 18:00:00,29.9,79,25.9,0.0,43,70.0,4.1,225,2.8991378028648445,2.8991378028648453
2020-08-06 19:00:00,29.0,84,25.9,0.0,40,3.0,4.0,175,-0.3486229709906328,3.984778792366982
2020-08-06 20:00:00,28.0,91,26.3,0.3,50,0.0,4.3,138,-2.8772616073430908,3.1955227495527945
2020-08-06 21:00:00,27.5,94,26.4,0.0,44,0.0,3.0,166,-0.7257656867990032,2.910887178827989
2020-08-06 22:00:00,28.0,90,26.1,0.0,38,0.0,1.1,180,-1.3471114790620887e-16,1.1
2020-08-06 23:00:00,27.7,91,26.0,0.0,37,0.0,1.8,53,-1.437543918085127,-1.0832670416736871
2020-08-07 00:00:00,27.4,92,25.9,0.0,35,0.0,3.8,49,-2.8678964048465336,-2.493024310163928
2020-08-07 01:00:00,27.1,92,25.7,0.0,36,0.0,4.1,38,-2.524212048835199,-3.2308440897875594
2020-08-07 02:00:00,27.4,90,25.6,0.0,33,0.0,3.9,34,-2.180852323535913,-3.233246532964663
2020-08-07 03:00:00,25.7,95,24.9,0.0,30,0.0,2.9,30,-1.4499999999999995,-2.511473670974872
2020-08-07 04:00:00,25.5,96,24.9,0.0,23,0.0,3.7,29,-1.7937955949114472,-3.2360929164157644
2020-08-07 05:00:00,25.5,96,24.8,0.0,20,0.0,4.7,23,-1.8364363038995868,-4.32637281122647
2020-08-07 06:00:00,25.7,95,24.8,0.0,20,1.0,8.6,2,-0.3001356716415083,-8.594761112364223
2020-08-07 07:00:00,27.2,88,25.1,0.0,5,63.0,9.0,16,-2.4807362023529924,-8.65135526344487
2020-08-07 08:00:00,28.8,80,25.0,0.0,12,213.0,10.0,13,-2.24951054343865,-9.743700647852352
2020-08-07 09:00:00,29.7,76,25.0,0.0,24,408.0,10.9,9,-1.7051356689385164,-10.765802912487002
2020-08-07 10:00:00,30.4,73,25.0,0.0,35,519.0,11.6,5,-1.0110066158728348,-11.555858497864248
2020-08-07 11:00:00,30.8,72,25.1,0.0,32,631.0,10.9,6,-1.1393602496174229,-10.84028865951418
2020-08-07 12:00:00,31.0,70,25.0,0.0,33,612.0,9.8,6,-1.024378940023004,-9.746314574609078
2020-08-07 13:00:00,30.8,71,24.9,0.1,44,569.0,7.9,16,-2.177535110954293,-7.59396739791272
2020-08-07 14:00:00,30.6,73,25.2,0.0,38,447.0,8.6,15,-2.2258437878816784,-8.306962106085987
2020-08-07 15:00:00,31.0,72,25.5,0.0,17,392.0,4.6,18,-1.421478174124758,-4.3748599749577055
2020-08-07 16:00:00,30.9,73,25.5,0.0,35,253.0,4.7,360,1.1511679911985121e-15,-4.7
2020-08-07 17:00:00,30.6,74,25.5,0.0,28,161.0,2.9,353,0.3534210958749269,-2.878383839759834
2020-08-07 18:00:00,30.1,76,25.4,0.0,15,76.0,4.1,315,2.8991378028648453,-2.899137802864844
2020-08-07 19:00:00,29.5,79,25.6,0.0,40,3.0,3.7,29,-1.7937955949114472,-3.2360929164157644
2020-08-07 20:00:00,28.6,84,25.6,0.6,57,0.0,4.5,61,-3.935788682127281,-2.181643291108517
2020-08-07 21:00:00,27.6,89,25.6,0.6,29,0.0,2.9,120,-2.511473670974872,1.4499999999999993
2020-08-07 22:00:00,27.3,91,25.7,0.0,38,0.0,4.3,156,-1.7489675652259418,3.9282454678631833
2020-08-07 23:00:00,27.0,93,25.8,0.0,48,0.0,4.7,157,-1.8364363038995868,4.32637281122647
2020-08-08 00:00:00,27.6,89,25.6,0.0,46,0.0,4.7,180,-5.755839955992562e-16,4.7
2020-08-08 01:00:00,27.7,88,25.6,0.0,64,0.0,4.5,194,1.0886485301985038,4.366330768241984
2020-08-08 02:00:00,27.4,89,25.4,0.1,55,0.0,2.6,196,0.7166571251241974,2.499280409439629
2020-08-08 03:00:00,27.8,86,25.2,0.0,19,0.0,0.8,207,0.3631923997916373,0.7128052193506944
2020-08-08 04:00:00,26.9,89,25.0,0.0,16,0.0,1.3,56,-1.0777488443215544,-0.7269507745119709
2020-08-08 05:00:00,25.9,94,24.8,0.0,24,0.0,2.9,30,-1.4499999999999995,-2.511473670974872
2020-08-08 06:00:00,26.0,94,24.9,0.0,32,1.0,6.6,9,-1.0324674692655236,-6.518743047927909
2020-08-08 07:00:00,27.3,89,25.3,0.0,26,58.0,8.9,14,-2.153104870837043,-8.635631963856369
2020-08-08 08:00:00,28.0,85,25.3,0.0,22,138.0,10.7,14,-2.5885642829164444,-10.382164271153162
2020-08-08 09:00:00,28.8,81,25.2,0.0,34,328.0,11.9,2,-0.4153040107597615,-11.89275084152724
2020-08-08 10:00:00,29.7,77,25.2,0.0,27,490.0,13.1,352,1.823167622576863,-12.97251170051457
2020-08-08 11:00:00,30.2,74,25.0,0.0,24,535.0,14.1,345,3.6493485359455415,-13.619554150675864
2020-08-08 12:00:00,30.7,72,25.2,0.0,26,701.0,14.5,354,1.5156627173809745,-14.420567482839962
2020-08-08 13:00:00,30.8,73,25.3,0.0,29,615.0,14.1,354,1.473851332073913,-14.022758724692652
2020-08-08 14:00:00,30.7,72,25.1,0.0,64,463.0,13.3,358,0.4641633061432609,-13.291897999353974
2020-08-08 15:00:00,30.7,71,24.9,0.0,81,404.0,13.4,354,1.4006814077865557,-13.326593397934865
2020-08-08 16:00:00,30.6,72,24.9,0.0,62,347.0,13.8,354,1.442492793093617,-13.724402156082173
2020-08-08 17:00:00,30.2,73,24.9,0.0,28,211.0,12.8,349,2.442355140819772,-12.5648279481301
2020-08-08 18:00:00,29.6,76,24.9,0.0,13,97.0,10.5,344,2.894192236078489,-10.093247807352348
2020-08-08 19:00:00,28.9,79,24.9,0.0,11,5.0,7.6,357,0.3977532674463772,-7.589584464134761
2020-08-08 20:00:00,28.2,84,25.3,0.0,8,0.0,7.6,357,0.3977532674463772,-7.589584464134761
2020-08-08 21:00:00,27.6,88,25.4,0.0,8,0.0,7.8,13,-1.754618223882147,-7.600086505324834
2020-08-08 22:00:00,27.2,89,25.2,0.0,5,0.0,4.1,38,-2.524212048835199,-3.2308440897875594
2020-08-08 23:00:00,27.7,85,24.9,0.0,3,0.0,1.0,135,-0.7071067811865476,0.7071067811865475
2020-08-09 00:00:00,27.6,85,24.9,0.0,2,0.0,3.1,234,2.507952682562337,1.822134282106667
2020-08-09 01:00:00,27.5,86,24.9,0.0,2,0.0,1.8,281,1.766928930205795,-0.3434561916777812
2020-08-09 02:00:00,27.2,87,24.9,0.0,6,0.0,0.8,243,0.7128052193506943,0.3631923997916375
2020-08-09 03:00:00,27.5,87,25.2,0.0,10,0.0,0.8,297,0.7128052193506944,-0.3631923997916373
2020-08-09 04:00:00,27.3,88,25.0,0.0,13,0.0,1.8,360,4.4087284769304716e-16,-1.8
2020-08-09 05:00:00,27.1,88,24.9,0.0,13,0.0,2.2,351,0.3441558230885084,-2.172914349309303
2020-08-09 06:00:00,26.5,90,24.7,0.0,9,1.0,3.4,342,1.050657780874822,-3.233592155403522
2020-08-09 07:00:00,27.6,87,25.2,0.0,13,60.0,4.3,355,0.3747696938149307,-4.283637201794505
2020-08-09 08:00:00,28.6,81,25.1,0.0,14,208.0,6.8,357,0.3558845024520217,-6.790680836331102
2020-08-09 09:00:00,29.5,75,24.5,0.0,11,372.0,9.6,347,2.159530121701107,-9.353952621938255
2020-08-09 10:00:00,30.1,71,24.2,0.0,13,440.0,11.8,337,4.610627316173432,-10.861957270738795
2020-08-09 11:00:00,30.6,68,24.0,0.0,11,646.0,12.1,330,6.050000000000005,-10.478907385791704
2020-08-09 12:00:00,30.7,68,24.2,0.0,20,707.0,11.0,319,7.216649318895581,-8.30180538245049
2020-08-09 13:00:00,30.7,69,24.4,0.0,24,751.0,10.7,312,7.951649632608121,-7.159697488039778
2020-08-09 14:00:00,30.4,71,24.6,0.2,31,574.0,9.8,306,7.928366544874486,-5.760295472466235
2020-08-09 15:00:00,30.7,69,24.5,0.0,38,504.0,9.4,310,7.200817765318394,-6.042203531053469
2020-08-09 16:00:00,30.6,69,24.4,0.0,29,352.0,9.7,315,6.858935777509512,-6.858935777509509
2020-08-09 17:00:00,30.2,72,24.5,0.0,21,230.0,7.0,305,5.734064310022943,-4.015035054457322
2020-08-09 18:00:00,29.5,76,24.9,0.0,18,76.0,5.4,290,5.074340152243905,-1.8469087739586127
2020-08-09 19:00:00,29.0,80,25.1,0.0,14,6.0,6.9,279,6.815049550106451,-1.0793978087775915
2020-08-09 20:00:00,28.3,84,25.2,0.0,14,0.0,4.6,231,3.5748714227020644,2.894873798829254
2020-08-09 21:00:00,27.8,87,25.3,0.0,19,0.0,6.2,190,1.0766187015349689,6.10580806867569
2020-08-09 22:00:00,27.6,88,25.4,0.0,20,0.0,7.3,189,1.1419715947936844,7.210124886344506
2020-08-09 23:00:00,27.5,88,25.4,0.0,22,0.0,7.6,185,0.6623836448822004,7.571079705497266
2020-08-10 00:00:00,27.4,89,25.4,0.0,16,0.0,7.2,177,-0.3768188849491954,7.190132650232932
2020-08-10 01:00:00,27.4,89,25.5,0.0,9,0.0,7.6,177,-0.3977532674463729,7.589584464134761
2020-08-10 02:00:00,27.2,90,25.5,0.0,14,0.0,8.3,182,0.2896658226307575,8.294943864258496
2020-08-10 03:00:00,27.1,90,25.2,0.0,23,0.0,7.6,185,0.6623836448822004,7.571079705497266
2020-08-10 04:00:00,27.0,90,25.2,0.0,36,0.0,8.4,170,-1.4586446924022145,8.272385125302547
2020-08-10 05:00:00,27.0,90,25.1,0.0,56,0.0,7.2,162,-2.224922359499622,6.8476069173251055
2020-08-10 06:00:00,26.9,89,25.0,0.0,34,1.0,6.0,155,-2.535709570444197,5.437846722219899
2020-08-10 07:00:00,27.8,86,25.2,0.0,29,69.0,5.4,160,-1.846908773958612,5.074340152243905
2020-08-10 08:00:00,28.8,82,25.4,0.0,24,219.0,5.9,194,1.4273391840380385,5.72474478502838
2020-08-10 09:00:00,29.6,78,25.4,0.0,30,346.0,7.6,205,3.2118987892293145,6.88793918147854
2020-08-10 10:00:00,30.1,75,25.2,0.1,32,471.0,6.9,227,5.046340541172277,4.705788684431241
2020-08-10 11:00:00,30.2,76,25.4,0.2,32,366.0,5.5,259,5.398949508962152,1.0494494745709957
2020-08-10 12:00:00,30.3,77,25.8,0.0,47,359.0,3.0,284,2.910887178827989,-0.7257656867990023
2020-08-10 13:00:00,30.2,78,26.0,0.1,85,327.0,4.3,246,3.928245467863184,1.7489675652259404
2020-08-10 14:00:00,29.9,80,26.0,0.4,74,214.0,7.4,227,5.412017391981862,5.04678786446249
2020-08-10 15:00:00,29.0,82,25.7,5.5,84,242.0,10.8,182,0.3769145643870097,10.793420931806237
2020-08-10 16:00:00,28.5,86,25.9,4.0,100,24.0,9.1,171,-1.423553631866102,8.987963899415753
2020-08-10 17:00:00,28.4,86,25.9,1.8,88,3.0,9.2,169,-1.7554427574642135,9.030970087718508
2020-08-10 18:00:00,28.1,88,26.0,1.7,71,0.0,5.8,158,-2.172718241812291,5.377666356487366
2020-08-10 19:00:00,27.9,88,25.7,1.5,88,0.0,3.3,139,-2.1649947956686737,2.490541614735148
2020-08-10 20:00:00,27.7,87,25.4,1.5,86,0.0,4.0,153,-1.8159619989581877,3.564026096753471
2020-08-10 21:00:00,27.4,87,25.0,1.7,96,0.0,3.7,191,0.7059932828932155,3.632020578756357
2020-08-10 22:00:00,27.2,87,24.8,1.0,100,0.0,5.4,172,-0.7515347451843528,5.34744757120448
2020-08-10 23:00:00,27.0,87,24.7,0.3,100,0.0,9.7,165,-2.510544737494454,9.36948051500396
2020-08-11 00:00:00,26.8,88,24.6,0.3,100,0.0,12.9,157,-5.040431557511631,11.87451260953648
2020-08-11 01:00:00,26.5,90,24.7,0.5,84,0.0,15.8,163,-4.619472934619239,15.109615144215962
2020-08-11 02:00:00,26.5,90,24.8,0.5,100,0.0,21.2,170,-3.6813413665389216,20.87792436385881
2020-08-11 03:00:00,26.3,91,24.7,0.2,100,0.0,26.0,166,-6.289969285591361,25.227688883175908
2020-08-11 04:00:00,26.3,90,24.5,0.1,65,0.0,27.9,163,-8.157170561764351,26.68090269136869
2020-08-11 05:00:00,26.7,87,24.4,0.1,56,0.0,27.4,163,-8.010984709402983,26.20275031338717
2020-08-11 06:00:00,26.5,89,24.5,0.3,42,0.0,26.7,166,-6.459314612511128,25.906895891569103
2020-08-11 07:00:00,26.8,88,24.6,0.3,50,0.0,26.9,168,-5.592824482997726,26.31217045973937
2020-08-11 08:00:00,27.1,88,24.9,0.4,64,18.0,26.0,174,-2.717740044958997,25.857569279575102
2020-08-11 09:00:00,27.2,89,25.2,1.6,59,29.0,24.1,179,-0.4206029951385309,24.096329453269032
2020-08-11 10:00:00,27.5,89,25.4,1.4,58,32.0,26.3,178,-0.91785676327578,26.28397875060222
2020-08-11 11:00:00,27.9,86,25.4,0.8,76,61.0,26.3,177,-1.376435649189422,26.263956764045293
2020-08-11 12:00:00,28.0,87,25.6,1.4,72,67.0,23.8,180,-2.9146593819707008e-15,23.8
2020-08-11 13:00:00,27.9,88,25.7,1.2,72,11.0,21.3,177,-1.1147558679747032,21.270809090272422
2020-08-11 14:00:00,27.9,87,25.5,1.4,45,29.0,18.2,172,-2.532950437473189,18.02287885109658
2020-08-11 15:00:00,27.9,86,25.3,0.4,39,7.0,15.9,176,-1.109127932531596,15.861268399131204
2020-08-11 16:00:00,28.1,86,25.4,0.1,31,0.0,16.2,177,-0.8478424911356897,16.177798463024097
2020-08-11 17:00:00,28.0,87,25.5,0.0,44,2.0,18.0,180,-2.204364238465236e-15,18.0
2020-08-11 18:00:00,27.6,87,25.3,0.1,42,0.0,14.4,180,-1.7634913907721889e-15,14.4
2020-08-11 19:00:00,27.1,88,24.9,0.0,44,0.0,15.0,163,-4.385575570841049,14.344571339445531
2020-08-11 20:00:00,26.9,87,24.6,0.0,48,0.0,15.9,162,-4.9133702105616655,15.12179860909294
2020-08-11 21:00:00,26.8,86,24.4,0.0,32,0.0,16.2,179,-0.2827289842839917,16.197532661533536
2020-08-11 22:00:00,26.7,87,24.3,0.0,35,0.0,19.8,181,0.345557647458216,19.79698436409655
2020-08-11 23:00:00,26.7,87,24.3,0.0,34,0.0,19.5,176,-1.3602512380104477,19.45249898006657
2020-08-12 00:00:00,26.6,87,24.2,0.0,30,0.0,18.8,176,-1.31142170638956,18.754204144884696
2020-08-12 01:00:00,26.4,88,24.2,0.0,34,0.0,17.0,174,-1.7769838755501135,16.906872221260645
2020-08-12 02:00:00,26.4,88,24.3,0.0,32,0.0,15.8,179,-0.2757480217090783,15.797593583470984
2020-08-12 03:00:00,27.0,86,24.4,0.0,38,0.0,14.8,180,-1.812477262738083e-15,14.8
2020-08-12 04:00:00,26.9,87,24.6,0.0,33,0.0,13.0,178,-0.4536934571325148,12.992080751248244
2020-08-12 05:00:00,26.7,88,24.6,0.0,30,0.0,10.1,174,-1.0557374790033027,10.04467114321956
2020-08-12 06:00:00,26.6,89,24.7,0.0,31,1.0,7.8,158,-2.921931428644116,7.232034065620941
2020-08-12 07:00:00,27.4,88,25.2,0.0,28,47.0,5.2,155,-2.1976149610516376,4.71280049259058
2020-08-12 08:00:00,28.7,83,25.5,0.0,23,167.0,6.3,156,-2.5624408513775427,5.755336383148385
2020-08-12 09:00:00,29.6,80,25.7,0.0,18,346.0,7.8,167,-1.7546182238821486,7.600086505324834
2020-08-12 10:00:00,30.2,76,25.4,0.0,21,427.0,10.2,198,3.151973342624462,9.700776466210566
2020-08-12 11:00:00,30.8,73,25.4,0.0,34,566.0,12.9,207,5.856477446640152,11.493984162029946
2020-08-12 12:00:00,30.9,73,25.5,0.2,31,553.0,13.9,197,4.063966695646041,13.292636107886192
2020-08-12 13:00:00,30.7,74,25.6,0.0,36,462.0,14.8,183,0.7745721523955648,14.779717114367694
2020-08-12 14:00:00,30.6,75,25.6,0.0,41,377.0,10.8,176,-0.7533699164365557,10.773691742806102
2020-08-12 15:00:00,30.7,74,25.5,0.0,36,286.0,9.4,187,1.1455718280083849,9.329933825428428
2020-08-12 16:00:00,30.4,75,25.5,0.1,53,181.0,8.4,187,1.0237024846032374,8.337387673787106
2020-08-12 17:00:00,30.1,76,25.5,0.0,62,76.0,4.0,190,0.6945927106677219,3.939231012048832
2020-08-12 18:00:00,29.3,80,25.5,0.1,37,32.0,3.2,27,-1.4527695991665497,-2.8512208774027776
2020-08-12 19:00:00,28.1,85,25.4,0.5,37,1.0,4.9,36,-2.8801477362331185,-3.9641832724372423
2020-08-12 20:00:00,27.1,88,24.9,1.2,46,0.0,6.6,29,-3.1997434936258244,-5.772490067120011
2020-08-12 21:00:00,26.7,89,24.8,0.4,41,0.0,6.0,17,-1.7542302283364206,-5.737828535778212
2020-08-12 22:00:00,26.6,87,24.4,0.0,14,0.0,7.3,9,-1.1419715947936853,-7.210124886344506
2020-08-12 23:00:00,26.6,87,24.3,0.0,5,0.0,6.6,13,-1.484676958669509,-6.430842427582553
2020-08-13 00:00:00,26.4,88,24.2,0.0,1,0.0,6.3,13,-1.4171916423663495,-6.1385314081469815
2020-08-13 01:00:00,26.0,91,24.3,0.0,2,0.0,6.2,21,-2.221881287180861,-5.788198644282651
2020-08-13 02:00:00,25.6,93,24.5,0.0,0,0.0,7.6,25,-3.211898789229316,-6.887939181478539
2020-08-13 03:00:00,25.3,94,24.3,0.0,0,0.0,7.9,30,-3.95,-6.841600689897066
2020-08-13 04:00:00,25.1,94,24.2,0.0,0,0.0,7.4,29,-3.5875911898228945,-6.472185832831529
2020-08-13 05:00:00,25.2,93,24.1,0.0,0,0.0,6.9,28,-3.2393537832226467,-6.092338390726597
2020-08-13 06:00:00,25.2,94,24.1,0.0,2,2.0,6.8,25,-2.873804179836756,-6.162892951849219
2020-08-13 07:00:00,26.6,89,24.6,0.0,0,78.0,6.5,34,-3.634753872559855,-5.388744221607771
2020-08-13 08:00:00,28.0,82,24.6,0.0,1,204.0,6.4,43,-4.36478950439999,-4.680663690362692
2020-08-13 09:00:00,29.1,77,24.7,0.0,3,406.0,7.1,30,-3.5499999999999994,-6.148780366869515
2020-08-13 10:00:00,30.0,73,24.7,0.0,1,581.0,8.1,21,-2.902780391316932,-7.562001454627333
2020-08-13 11:00:00,30.7,71,24.8,0.0,4,714.0,9.4,356,0.655710853194781,-9.377102072442348
2020-08-13 12:00:00,31.0,70,25.0,0.0,17,704.0,11.6,355,1.0110066158728364,-11.555858497864248
2020-08-13 13:00:00,31.1,71,25.1,0.0,24,625.0,12.6,360,3.08610993385133e-15,-12.6
2020-08-13 14:00:00,30.5,73,25.1,0.3,38,493.0,12.8,350,2.222696674136709,-12.605539238556265
2020-08-13 15:00:00,30.3,71,24.5,0.3,44,371.0,12.2,346,2.951447126315948,-11.837607860567156
2020-08-13 16:00:00,29.9,73,24.5,0.1,53,310.0,10.8,2,-0.3769145643870105,-10.793420931806237
2020-08-13 17:00:00,29.3,75,24.5,0.3,55,158.0,7.7,349,1.469229264399394,-7.558529312547013
2020-08-13 18:00:00,28.9,78,24.7,0.0,53,38.0,6.9,354,0.7212463965468086,-6.862201078041086
2020-08-13 19:00:00,28.2,82,24.8,0.1,47,2.0,6.6,22,-2.472403516545019,-6.1194134401407965
2020-08-13 20:00:00,27.7,86,25.1,0.1,31,0.0,6.9,9,-1.079397808777593,-6.815049550106451
2020-08-13 21:00:00,27.4,87,25.1,0.0,23,0.0,6.0,17,-1.7542302283364206,-5.737828535778212
2020-08-13 22:00:00,27.2,87,24.9,0.0,21,0.0,3.1,54,-2.5079526825623373,-1.8221342821066668
2020-08-13 23:00:00,26.8,89,24.8,0.0,10,0.0,1.6,117,-1.4256104387013888,0.7263847995832748
2020-08-14 00:00:00,26.1,92,24.7,0.0,12,0.0,3.9,124,-3.233246532964663,2.180852323535912
2020-08-14 01:00:00,26.0,93,24.8,0.2,20,0.0,5.3,118,-4.679622242152313,2.4881992827652217
2020-08-14 02:00:00,25.9,92,24.6,0.0,17,0.0,4.9,107,-4.685893304218874,1.4326213531414098
2020-08-14 03:00:00,26.3,89,24.4,0.0,6,0.0,3.3,84,-3.281922254715301,-0.3449439287832564
2020-08-14 04:00:00,26.7,85,24.1,0.0,10,0.0,1.0,45,-0.7071067811865476,-0.7071067811865476
2020-08-14 05:00:00,25.0,94,24.0,0.1,22,0.0,1.6,27,-0.7263847995832748,-1.4256104387013888
2020-08-14 06:00:00,24.8,96,24.2,0.3,13,1.0,6.2,10,-1.0766187015349682,-6.10580806867569
2020-08-14 07:00:00,26.2,92,24.7,0.0,8,38.0,7.2,18,-2.224922359499621,-6.8476069173251055
2020-08-14 08:00:00,27.5,85,24.7,0.0,9,108.0,8.3,2,-0.2896658226307581,-8.294943864258496
2020-08-14 09:00:00,28.7,79,24.6,0.0,5,334.0,9.4,358,0.3280552690035077,-9.3942737739795
2020-08-14 10:00:00,29.3,75,24.4,0.0,16,377.0,9.4,360,2.3023359823970247e-15,-9.4
2020-08-14 11:00:00,29.8,73,24.3,0.0,27,542.0,8.6,358,0.300135671641507,-8.594761112364223
2020-08-14 12:00:00,30.2,71,24.4,0.1,27,611.0,9.1,353,1.1090110249868397,-9.03216997993603
2020-08-14 13:00:00,30.1,72,24.6,0.2,30,622.0,8.0,350,1.389185421335443,-7.878462024097664
2020-08-14 14:00:00,30.0,74,24.8,0.2,47,502.0,6.4,344,1.764079077228793,-6.1520748540052415
2020-08-14 15:00:00,30.1,71,24.2,0.0,39,411.0,8.0,352,1.113384807680527,-7.922144549932562
2020-08-14 16:00:00,29.8,72,24.2,0.0,42,247.0,8.7,7,-1.060263287624783,-8.6351515192795
2020-08-14 17:00:00,29.3,74,24.2,0.1,33,116.0,7.6,19,-2.474317973874391,-7.185941174554808
2020-08-14 18:00:00,29.0,75,24.1,0.0,29,45.0,3.4,328,1.801725498392897,-2.883363526931848
2020-08-14 19:00:00,28.5,78,24.2,0.0,39,2.0,5.6,40,-3.59961061424462,-4.289848881466277
2020-08-14 20:00:00,27.9,85,25.1,0.0,24,0.0,0.4,90,-0.4,-2.4492935982947065e-17
2020-08-14 21:00:00,28.0,79,24.1,0.0,42,0.0,1.5,225,1.0606601717798212,1.0606601717798214
2020-08-14 22:00:00,26.7,89,24.8,0.0,38,0.0,4.3,132,-3.195522749552795,2.8772616073430903
2020-08-14 23:00:00,26.5,90,24.7,0.0,50,0.0,4.8,132,-3.5670951622914924,3.2118269105225195
2020-08-15 00:00:00,26.3,91,24.7,0.0,38,0.0,5.6,140,-3.5996106142446207,4.289848881466276
2020-08-15 01:00:00,26.6,88,24.5,0.0,34,0.0,5.6,153,-2.542346798541462,4.989636535454859
2020-08-15 02:00:00,26.8,86,24.3,0.0,34,0.0,3.3,139,-2.1649947956686737,2.490541614735148
2020-08-15 03:00:00,25.6,91,23.9,0.0,29,0.0,3.7,79,-3.632020578756357,-0.7059932828932162
2020-08-15 04:00:00,25.5,91,23.9,0.0,33,0.0,4.1,75,-3.96029588778518,-1.061158084920335
2020-08-15 05:00:00,25.3,91,23.8,0.0,18,0.0,4.4,81,-4.345828698618607,-0.6883116461770161
2020-08-15 06:00:00,25.2,91,23.7,0.0,29,1.0,4.2,59,-3.600102662948872,-2.163159914622228
2020-08-15 07:00:00,26.6,85,23.9,0.0,35,36.0,6.3,103,-6.1385314081469815,1.4171916423663498
2020-08-15 08:00:00,27.4,79,23.5,0.0,32,109.0,4.3,90,-4.3,-2.632990618166809e-16
2020-08-15 09:00:00,28.3,75,23.5,0.0,41,342.0,2.5,82,-2.475670171853926,-0.3479327524001636
2020-08-15 10:00:00,29.1,71,23.4,0.0,30,545.0,2.6,344,0.7166571251241973,-2.499280409439629
2020-08-15 11:00:00,29.6,70,23.5,0.0,27,587.0,2.6,326,1.453901549023941,-2.1554976886431088
2020-08-15 12:00:00,29.8,70,23.7,0.0,27,597.0,4.5,331,2.181643291108516,-3.9357886821272814
2020-08-15 13:00:00,29.8,70,23.8,0.0,38,514.0,1.8,349,0.3434561916777804,-1.7669289302057951
2020-08-15 14:00:00,29.8,71,24.0,0.2,27,386.0,0.5,135,-0.3535533905932738,0.3535533905932737
2020-08-15 15:00:00,29.8,68,23.3,0.0,30,327.0,2.0,225,1.414213562373095,1.4142135623730954
2020-08-15 16:00:00,29.7,69,23.3,0.0,22,276.0,1.4,180,-1.7145055188062944e-16,1.4
2020-08-15 17:00:00,29.5,69,23.2,0.0,23,167.0,0.4,270,0.4,7.347880794884119e-17
2020-08-15 18:00:00,29.1,71,23.3,0.0,32,45.0,1.5,346,0.3628828433995018,-1.4554435894139948
2020-08-15 19:00:00,28.4,82,25.1,0.0,17,3.0,2.3,342,0.7107390870623796,-2.1874299874788528
2020-08-15 20:00:00,27.7,86,25.1,0.0,26,0.0,4.2,31,-2.163159914622228,-3.600102662948872
2020-08-15 21:00:00,27.2,86,24.7,0.0,21,0.0,4.6,39,-2.894873798829252,-3.5748714227020657
2020-08-15 22:00:00,27.3,84,24.4,0.0,18,0.0,5.8,30,-2.8999999999999995,-5.022947341949744
2020-08-15 23:00:00,27.1,85,24.4,0.0,19,0.0,5.4,42,-3.613305274337834,-4.012982057577929
2020-08-16 00:00:00,26.4,90,24.6,0.0,23,0.0,6.1,45,-4.31335136523794,-4.31335136523794
2020-08-16 01:00:00,26.4,90,24.6,0.0,26,0.0,5.9,47,-4.314986839553106,-4.023790324368742
2020-08-16 02:00:00,26.1,90,24.4,0.0,32,0.0,5.6,40,-3.59961061424462,-4.289848881466277
2020-08-16 03:00:00,25.9,87,23.7,0.0,33,0.0,6.2,36,-3.6442685642133337,-5.0159053651246746
2020-08-16 04:00:00,25.5,89,23.6,0.0,31,0.0,6.6,29,-3.1997434936258244,-5.772490067120011
2020-08-16 05:00:00,25.3,91,23.7,0.0,23,0.0,4.8,42,-3.2118269105225195,-3.5670951622914924
2020-08-16 06:00:00,25.1,93,23.9,0.0,33,1.0,6.1,28,-2.863776532993933,-5.385980316439454
2020-08-16 07:00:00,26.3,88,24.1,0.0,38,56.0,7.8,34,-4.361704647071826,-6.466493065929326
2020-08-16 08:00:00,27.8,79,23.9,0.0,52,174.0,6.2,36,-3.6442685642133337,-5.0159053651246746
2020-08-16 09:00:00,28.9,74,23.9,0.0,38,388.0,5.2,16,-1.4333142502483958,-4.998560818879258
2020-08-16 10:00:00,29.7,71,23.9,0.0,37,537.0,5.4,356,0.3766849582182784,-5.386845871403051
2020-08-16 11:00:00,30.0,70,23.8,0.0,30,607.0,6.4,333,2.9055391983331007,-5.702441754805554
2020-08-16 12:00:00,30.1,70,24.0,0.0,37,587.0,8.9,333,4.040515447681968,-7.929958065276474
2020-08-16 13:00:00,30.2,70,24.1,0.0,45,540.0,10.3,335,4.352968095929202,-9.334970206477497
2020-08-16 14:00:00,29.9,72,24.4,0.8,79,569.0,8.4,353,1.0237024846032368,-8.337387673787106
2020-08-16 15:00:00,29.8,72,24.2,1.2,61,268.0,9.0,355,0.7844016847289249,-8.96575228282571
2020-08-16 16:00:00,29.1,75,24.2,0.4,72,163.0,6.3,31,-3.244739871933341,-5.400153994423308
2020-08-16 17:00:00,29.0,75,24.2,0.0,53,106.0,3.4,32,-1.8017254983928963,-2.883363526931848
2020-08-16 18:00:00,28.7,77,24.2,0.0,35,34.0,4.2,31,-2.163159914622228,-3.600102662948872
2020-08-16 19:00:00,28.1,81,24.4,0.0,23,1.0,6.4,38,-3.940233442084213,-5.043268823083021
2020-08-16 20:00:00,27.7,84,24.7,0.0,28,0.0,5.8,60,-5.022947341949744,-2.9000000000000004
2020-08-16 21:00:00,27.1,89,25.2,0.0,24,0.0,4.7,81,-4.642135200797148,-0.7352419856890854
2020-08-16 22:00:00,26.7,90,24.9,0.0,28,0.0,3.8,73,-3.633958072659535,-1.1110124779463997
2020-08-16 23:00:00,27.5,85,24.7,0.0,30,0.0,4.5,61,-3.935788682127281,-2.181643291108517
2020-08-17 00:00:00,27.4,85,24.7,0.0,30,0.0,4.4,55,-3.604268994871564,-2.523736319944603
2020-08-17 01:00:00,25.6,93,24.4,0.1,23,0.0,5.2,25,-2.197614961051637,-4.71280049259058
2020-08-17 02:00:00,25.9,91,24.4,0.0,20,0.0,6.1,40,-3.921004419087889,-4.6728711030257655
2020-08-17 03:00:00,26.2,89,24.3,0.0,29,0.0,5.9,38,-3.632402704421384,-4.64926344627966
2020-08-17 04:00:00,26.2,89,24.3,0.0,26,0.0,6.5,360,1.5920408388915589e-15,-6.5
2020-08-17 05:00:00,26.0,91,24.5,0.0,23,0.0,6.6,9,-1.0324674692655236,-6.518743047927909
2020-08-17 06:00:00,25.9,92,24.5,0.0,22,1.0,5.5,23,-2.149021206691006,-5.062776693988422
2020-08-17 07:00:00,26.9,89,24.9,0.0,14,49.0,3.9,22,-1.460965714322057,-3.616017032810471
2020-08-17 08:00:00,28.0,81,24.5,0.0,28,101.0,1.8,323,1.083267041673687,-1.437543918085127
2020-08-17 09:00:00,29.1,77,24.7,0.0,23,359.0,2.2,270,2.2,4.0413344371862655e-16
2020-08-17 10:00:00,29.9,74,24.7,0.0,41,427.0,2.2,279,2.1729143493093037,-0.3441558230885075
2020-08-17 11:00:00,30.4,72,24.8,0.0,53,484.0,3.8,253,3.633958072659534,1.111012477946401
2020-08-17 12:00:00,30.6,71,24.8,0.0,47,594.0,5.8,266,5.78587149150698,0.4045875477159283
2020-08-17 13:00:00,30.6,72,25.0,0.0,58,459.0,5.0,249,4.667902132486008,1.7918397477265036
2020-08-17 14:00:00,30.4,73,25.1,0.0,45,334.0,3.4,238,2.883363526931848,1.801725498392897
2020-08-17 15:00:00,30.2,72,24.5,0.0,64,239.0,2.7,203,1.054974046921039,2.485363104321589
2020-08-17 16:00:00,29.9,73,24.5,0.0,52,124.0,3.7,191,0.7059932828932155,3.632020578756357
2020-08-17 17:00:00,29.6,74,24.5,0.0,45,52.0,2.5,180,-3.061616997868383e-16,2.5
2020-08-17 18:00:00,29.2,76,24.6,0.0,42,13.0,1.8,101,-1.7669289302057951,0.3434561916777806
2020-08-17 19:00:00,28.5,81,24.8,0.0,49,0.0,6.8,122,-5.766727053863697,3.6034509967857926
2020-08-17 20:00:00,27.9,85,25.1,0.0,42,0.0,5.1,129,-3.963444403430552,3.20953399435417
2020-08-17 21:00:00,27.5,88,25.3,0.0,56,0.0,3.8,139,-2.493024310163928,2.8678964048465336
2020-08-17 22:00:00,27.2,89,25.3,0.0,66,0.0,4.0,90,-4.0,-2.4492935982947064e-16
2020-08-17 23:00:00,27.1,90,25.3,0.0,59,0.0,6.3,59,-5.400153994423308,-3.244739871933341
2020-08-18 00:00:00,27.0,90,25.3,0.0,51,0.0,5.5,67,-5.062776693988422,-2.149021206691005
2020-08-18 01:00:00,26.9,91,25.2,0.0,52,0.0,3.0,76,-2.910887178827989,-0.725765686799003
2020-08-18 02:00:00,27.3,88,25.1,0.0,47,0.0,2.2,90,-2.2,-1.3471114790620887e-16
2020-08-18 03:00:00,26.4,91,24.9,0.0,41,0.0,2.1,59,-1.800051331474436,-1.0815799573111138
2020-08-18 04:00:00,26.2,91,24.7,0.0,37,0.0,3.3,49,-2.490541614735148,-2.1649947956686737
2020-08-18 05:00:00,26.1,91,24.5,0.0,35,0.0,5.0,30,-2.5,-4.330127018922194
2020-08-18 06:00:00,26.1,90,24.3,0.0,30,1.0,6.4,16,-1.7640790772287946,-6.1520748540052415
2020-08-18 07:00:00,27.2,86,24.7,0.0,28,54.0,5.2,34,-2.907803098047884,-4.3109953772862175
2020-08-18 08:00:00,28.8,75,23.9,0.0,22,196.0,3.6,354,0.3763024677635523,-3.580278823325784
2020-08-18 09:00:00,29.7,72,24.2,0.0,19,364.0,6.8,335,2.873804179836754,-6.16289295184922
2020-08-18 10:00:00,30.3,70,24.3,0.0,21,441.0,8.1,328,4.292346040288961,-6.869189578867049
2020-08-18 11:00:00,30.7,70,24.6,0.0,20,475.0,7.1,315,5.020458146424488,-5.0204581464244855
2020-08-18 12:00:00,30.6,72,25.1,0.0,26,538.0,6.1,315,4.31335136523794,-4.3133513652379385
2020-08-18 13:00:00,30.5,73,25.1,0.0,26,459.0,6.1,310,4.672871103025766,-3.921004419087889
2020-08-18 14:00:00,30.6,72,25.0,0.0,32,381.0,8.1,291,7.562001454627333,-2.902780391316933
2020-08-18 15:00:00,30.9,70,24.9,0.1,43,359.0,7.7,233,6.149493427364155,4.633975678270772
2020-08-18 16:00:00,30.0,75,25.1,0.2,65,200.0,11.6,210,5.800000000000001,10.045894683899489
2020-08-18 17:00:00,29.2,80,25.3,0.1,40,104.0,6.4,207,2.9055391983330985,5.702441754805555
2020-08-18 18:00:00,28.8,81,25.3,0.0,62,34.0,4.4,305,3.604268994871564,-2.523736319944603
2020-08-18 19:00:00,28.3,84,25.4,0.0,46,0.0,3.6,354,0.3763024677635523,-3.580278823325784
2020-08-18 20:00:00,28.0,87,25.6,0.0,56,0.0,3.3,347,0.7423384793347556,-3.215421213791276
2020-08-18 21:00:00,27.9,89,25.9,0.0,53,0.0,3.0,104,-2.910887178827989,0.7257656867990033
2020-08-18 22:00:00,28.3,84,25.4,0.0,51,0.0,4.5,119,-3.9357886821272814,2.1816432911085166
2020-08-18 23:00:00,27.2,91,25.6,0.0,40,0.0,3.2,90,-3.2,-1.9594348786357647e-16
2020-08-19 00:00:00,26.9,92,25.5,0.0,37,0.0,4.4,55,-3.604268994871564,-2.523736319944603
2020-08-19 01:00:00,26.9,90,25.2,0.0,32,0.0,6.1,40,-3.921004419087889,-4.6728711030257655
2020-08-19 02:00:00,26.9,89,25.0,0.0,32,0.0,6.9,28,-3.2393537832226467,-6.092338390726597
2020-08-19 03:00:00,26.9,90,25.1,0.0,37,0.0,7.0,21,-2.5085756468171017,-6.535062985480412
2020-08-19 04:00:00,26.8,90,25.0,0.0,37,0.0,6.6,22,-2.472403516545019,-6.1194134401407965
2020-08-19 05:00:00,26.6,90,24.8,0.0,37,0.0,7.1,30,-3.5499999999999994,-6.148780366869515
2020-08-19 06:00:00,26.5,89,24.6,0.0,33,0.0,13.2,26,-5.786499137615821,-11.864081411149003
2020-08-19 07:00:00,27.2,87,24.8,0.0,22,48.0,11.4,13,-2.564442019520061,-11.107818738551682
2020-08-19 08:00:00,28.3,83,25.2,0.0,30,153.0,13.0,6,-1.3588700224794952,-12.928784639787551
2020-08-19 09:00:00,28.9,82,25.5,0.0,26,324.0,13.0,2,-0.4536934571325126,-12.992080751248244
2020-08-19 10:00:00,29.6,80,25.8,0.2,26,484.0,10.8,4,-0.7533699164365533,-10.773691742806102
2020-08-19 11:00:00,29.8,80,26.0,0.2,18,502.0,9.0,358,0.3140954703225074,-8.994517443171862
2020-08-19 12:00:00,30.1,81,26.5,0.2,14,445.0,9.4,337,3.6728726077991753,-8.652745622452938
2020-08-19 13:00:00,30.4,82,26.9,0.1,29,521.0,8.7,315,6.151828996322965,-6.151828996322961
2020-08-19 14:00:00,30.7,81,27.0,0.0,49,518.0,7.7,307,6.149493427364157,-4.633975678270769
2020-08-19 15:00:00,30.3,77,25.8,0.1,95,217.0,7.2,273,7.190132650232932,-0.3768188849491964
2020-08-19 16:00:00,28.9,81,25.3,3.5,59,201.0,9.7,270,9.7,1.7818610927593987e-15
2020-08-19 17:00:00,28.2,82,24.8,0.6,97,62.0,4.5,241,3.9357886821272814,2.181643291108516
2020-08-19 18:00:00,28.0,83,24.7,0.0,34,20.0,3.0,76,-2.910887178827989,-0.725765686799003
2020-08-19 19:00:00,27.7,84,24.8,0.0,27,0.0,5.2,78,-5.086367523815789,-1.0811407922523493
2020-08-19 20:00:00,27.2,90,25.5,0.0,18,0.0,2.9,120,-2.511473670974872,1.4499999999999993
2020-08-19 21:00:00,26.8,90,25.0,0.0,11,0.0,5.9,166,-1.4273391840380396,5.72474478502838
2020-08-19 22:00:00,26.6,92,25.1,0.0,8,0.0,5.9,169,-1.1257730727216153,5.791600382341218
2020-08-19 23:00:00,26.3,93,25.2,0.0,4,0.0,7.3,171,-1.1419715947936862,7.210124886344505
2020-08-20 00:00:00,26.1,95,25.2,0.0,5,0.0,6.9,174,-0.7212463965468108,6.862201078041086
2020-08-20 01:00:00,25.7,95,24.9,0.4,5,0.0,6.6,171,-1.0324674692655245,6.5187430479279085
2020-08-20 02:00:00,25.7,95,24.8,0.3,9,0.0,7.0,168,-1.4553818357243151,6.84703320513664
2020-08-20 03:00:00,26.2,91,24.7,0.0,11,0.0,8.1,167,-1.822103540185308,7.892397524760404
2020-08-20 04:00:00,26.2,90,24.4,0.0,14,0.0,7.9,164,-2.177535110954294,7.59396739791272
2020-08-20 05:00:00,26.1,90,24.3,0.0,5,0.0,6.8,155,-2.8738041798367564,6.162892951849219
2020-08-20 06:00:00,26.0,91,24.4,0.0,4,1.0,6.0,155,-2.535709570444197,5.437846722219899
2020-08-20 07:00:00,27.3,86,24.8,0.0,1,67.0,5.7,145,-3.269385687200962,4.669166652447254
2020-08-20 08:00:00,28.3,82,25.0,0.0,2,218.0,5.8,150,-2.8999999999999995,5.022947341949744
2020-08-20 09:00:00,29.2,79,25.2,0.0,2,408.0,6.5,180,-7.960204194457795e-16,6.5
2020-08-20 10:00:00,29.9,75,25.1,0.0,1,529.0,6.8,198,2.101315561749641,6.467184310807045
2020-08-20 11:00:00,30.6,73,25.1,0.0,3,692.0,8.7,222,5.821436275322066,6.46535998165333
2020-08-20 12:00:00,30.8,73,25.3,0.0,17,558.0,9.6,236,7.958760696528401,5.368251873319167
2020-08-20 13:00:00,30.5,74,25.4,0.2,33,665.0,7.7,242,6.798696465013738,3.614931033451359
2020-08-20 14:00:00,30.3,75,25.4,0.2,40,527.0,7.3,250,6.859756131737131,2.49674704627738
2020-08-20 15:00:00,30.2,73,24.9,0.0,35,420.0,5.8,248,5.377666356487366,2.1727182418122912
2020-08-20 16:00:00,29.9,74,24.8,0.0,29,231.0,4.7,266,4.688551036221174,0.3278554265973902
2020-08-20 17:00:00,29.6,75,24.6,0.0,34,128.0,4.9,287,4.685893304218874,-1.43262135314141
2020-08-20 18:00:00,29.0,77,24.6,0.0,30,42.0,3.9,326,2.180852323535912,-3.233246532964663
2020-08-20 19:00:00,28.4,83,25.2,0.0,28,2.0,2.9,83,-2.8783838397598336,-0.3534210958749277
2020-08-20 20:00:00,28.0,84,25.0,0.0,25,0.0,3.2,117,-2.8512208774027776,1.4527695991665497
2020-08-20 21:00:00,27.8,85,25.0,0.0,26,0.0,3.8,139,-2.493024310163928,2.8678964048465336
2020-08-20 22:00:00,27.1,89,25.0,0.0,19,0.0,1.8,37,-1.083267041673687,-1.437543918085127
2020-08-20 23:00:00,26.9,88,24.7,0.0,14,0.0,6.1,28,-2.863776532993933,-5.385980316439454
2020-08-21 00:00:00,26.7,87,24.4,0.0,25,0.0,6.6,45,-4.666904755831213,-4.666904755831213
2020-08-21 01:00:00,26.5,87,24.2,0.0,24,0.0,4.7,58,-3.9858260519352022,-2.490620541896063
2020-08-21 02:00:00,26.2,89,24.1,0.0,29,0.0,4.2,59,-3.600102662948872,-2.163159914622228
2020-08-21 03:00:00,26.2,87,23.8,0.0,28,0.0,2.7,67,-2.485363104321589,-1.0549740469210391
2020-08-21 04:00:00,26.1,86,23.6,0.0,20,0.0,3.6,84,-3.580278823325784,-0.3763024677635525
2020-08-21 05:00:00,25.5,87,23.3,0.0,25,0.0,3.9,68,-3.616017032810471,-1.460965714322057
2020-08-21 06:00:00,25.1,90,23.4,0.0,7,1.0,5.2,344,1.4333142502483949,-4.998560818879258
2020-08-21 07:00:00,27.0,83,23.9,0.0,5,54.0,4.4,9,-0.6883116461770159,-4.345828698618607
2020-08-21 08:00:00,28.4,75,23.6,0.0,5,207.0,4.3,360,1.0531962472667237e-15,-4.3
2020-08-21 09:00:00,29.2,73,23.9,0.0,3,374.0,5.4,352,0.7515347451843558,-5.34744757120448
2020-08-21 10:00:00,30.0,70,23.9,0.0,8,524.0,5.4,352,0.7515347451843558,-5.34744757120448
2020-08-21 11:00:00,30.5,68,24.0,0.0,13,653.0,5.1,352,0.709782814896336,-5.050367150582008
2020-08-21 12:00:00,30.6,69,24.2,0.0,29,627.0,6.6,347,1.4846769586695112,-6.430842427582552
2020-08-21 13:00:00,30.9,68,24.3,0.0,39,695.0,6.2,339,2.2218812871808646,-5.78819864428265
2020-08-21 14:00:00,30.7,69,24.2,0.1,60,477.0,4.8,318,3.211826910522519,-3.5670951622914924
2020-08-21 15:00:00,30.5,75,25.5,0.5,68,304.0,5.1,315,3.606244584051393,-3.606244584051391
2020-08-21 16:00:00,30.0,77,25.4,0.6,53,157.0,3.4,32,-1.8017254983928963,-2.883363526931848
2020-08-21 17:00:00,28.9,80,25.2,1.3,67,98.0,1.8,143,-1.0832670416736867,1.4375439180851273
2020-08-21 18:00:00,28.4,84,25.4,0.1,48,17.0,5.6,195,1.4493866525741164,5.409184627218783
2020-08-21 19:00:00,27.5,89,25.4,0.8,50,0.0,10.0,154,-4.383711467890773,8.98794046299167
2020-08-21 20:00:00,26.9,90,25.1,0.8,100,0.0,10.7,147,-5.827637674660791,8.973775077016036
2020-08-21 21:00:00,26.7,91,25.0,0.0,50,0.0,8.9,153,-4.040515447681967,7.929958065276474
2020-08-21 22:00:00,26.6,91,25.0,0.0,48,0.0,9.7,153,-4.403707847473604,8.642763284627167
2020-08-21 23:00:00,26.3,93,25.1,0.2,59,0.0,10.7,160,-3.659615533584657,10.05471104240922
2020-08-22 00:00:00,26.2,93,25.0,0.2,59,0.0,11.2,165,-2.8987733051482354,10.818369254437563
2020-08-22 01:00:00,26.1,93,24.9,0.0,58,0.0,9.8,163,-2.8652427062828187,9.371786608437748
2020-08-22 02:00:00,26.1,92,24.7,0.0,57,0.0,9.0,157,-3.516580156403464,8.284543681071963
2020-08-22 03:00:00,26.2,90,24.5,0.0,54,0.0,10.4,160,-3.5570094905869563,9.772803256173448
2020-08-22 04:00:00,26.2,90,24.5,0.0,56,0.0,11.4,162,-3.522793735874401,10.84204428576475
2020-08-22 05:00:00,26.2,90,24.4,0.0,47,0.0,10.7,160,-3.659615533584657,10.05471104240922
2020-08-22 06:00:00,26.2,90,24.5,0.0,39,1.0,7.7,169,-1.4692292643993965,7.558529312547013
2020-08-22 07:00:00,27.0,88,24.8,0.0,36,45.0,7.7,169,-1.4692292643993965,7.558529312547013
2020-08-22 08:00:00,27.9,84,24.9,0.0,32,180.0,8.1,148,-4.29234604028896,6.86918957886705
2020-08-22 09:00:00,28.9,80,25.0,0.0,49,367.0,6.4,153,-2.9055391983331003,5.702441754805554
2020-08-22 10:00:00,29.7,76,25.1,0.0,55,449.0,5.1,176,-0.3557580160950401,5.087576656325103
2020-08-22 11:00:00,30.2,75,25.3,0.0,100,473.0,6.3,204,2.5624408513775414,5.755336383148386
2020-08-22 12:00:00,30.3,77,25.8,0.0,100,468.0,7.8,236,6.466493065929326,4.361704647071823
2020-08-22 13:00:00,30.3,77,25.8,0.1,100,526.0,5.4,262,5.34744757120448,0.7515347451843555
2020-08-22 14:00:00,29.7,78,25.6,1.8,100,324.0,6.4,308,5.04326882308302,-3.940233442084215
2020-08-22 15:00:00,29.0,79,25.0,3.5,100,141.0,8.9,328,4.716281451675525,-7.54762805579219
2020-08-22 16:00:00,28.4,83,25.2,4.9,100,79.0,10.5,338,3.93336923086708,-9.735430472951268
2020-08-22 17:00:00,28.2,85,25.5,1.5,100,33.0,9.1,342,2.812054648812024,-8.654614298285896
2020-08-22 18:00:00,27.9,88,25.7,0.6,94,10.0,8.5,332,3.990508283680072,-7.505054539300879
2020-08-22 19:00:00,27.3,90,25.5,0.9,62,0.0,9.0,323,5.416335208368435,-7.187719590425635
2020-08-22 20:00:00,26.6,92,25.2,1.4,72,0.0,10.5,338,3.93336923086708,-9.735430472951268
2020-08-22 21:00:00,26.2,92,24.8,2.0,65,0.0,9.3,347,2.092044805397948,-9.061641602502688
2020-08-22 22:00:00,25.9,95,25.0,1.3,65,0.0,8.2,345,2.1223161698406696,-7.92059177557036
2020-08-22 23:00:00,25.8,96,25.1,0.2,58,0.0,7.8,338,2.921931428644116,-7.232034065620941
2020-08-23 00:00:00,25.9,94,24.9,0.2,66,0.0,8.1,328,4.292346040288961,-6.869189578867049
2020-08-23 01:00:00,25.7,95,24.9,1.0,83,0.0,8.7,315,6.151828996322965,-6.151828996322961
2020-08-23 02:00:00,25.5,96,24.8,1.2,100,0.0,6.7,306,5.420413862312149,-3.938161190359569
2020-08-23 03:00:00,26.0,91,24.5,0.5,100,0.0,7.4,313,5.412017391981861,-5.04678786446249
2020-08-23 04:00:00,25.9,92,24.4,0.2,54,0.0,9.7,329,4.9958693266275285,-8.314522816810486
2020-08-23 05:00:00,25.7,92,24.3,0.3,72,0.0,10.1,325,5.79312200714557,-8.273435647318815
2020-08-23 06:00:00,25.7,94,24.6,0.3,50,0.0,10.3,324,6.054188098612476,-8.332875042061959
2020-08-23 07:00:00,26.2,94,25.1,0.3,48,26.0,10.6,325,6.079910225321092,-8.68301166946331
2020-08-23 08:00:00,27.0,88,24.9,0.4,31,103.0,12.1,330,6.050000000000005,-10.478907385791704
2020-08-23 09:00:00,27.4,88,25.2,1.6,30,163.0,11.6,324,6.818308926592691,-9.38459713474939
2020-08-23 10:00:00,28.5,82,25.0,0.4,38,281.0,10.5,319,6.888619804400328,-7.924450592339105
2020-08-23 11:00:00,29.3,77,25.0,0.2,33,494.0,11.5,319,7.544678833390835,-8.679160172561877
2020-08-23 12:00:00,29.4,76,24.8,0.8,32,413.0,12.7,313,9.288192010563463,-8.661379172793731
2020-08-23 13:00:00,29.5,77,25.1,0.0,33,439.0,13.2,305,10.81280698461469,-7.571208959833807
2020-08-23 14:00:00,28.7,78,24.5,0.9,37,492.0,11.7,304,9.699739598893986,-6.542556970607739
2020-08-23 15:00:00,30.0,73,24.6,0.0,36,546.0,9.8,294,8.952745484897491,-3.986019102142838
2020-08-23 16:00:00,29.7,74,24.6,0.0,41,337.0,8.3,272,8.294943864258496,-0.2896658226307607
2020-08-23 17:00:00,28.6,78,24.4,0.2,47,143.0,7.9,254,7.593967397912721,2.1775351109542918
2020-08-23 18:00:00,28.1,82,24.7,0.0,59,48.0,6.1,220,3.921004419087889,4.6728711030257655
2020-08-23 19:00:00,27.6,85,24.8,0.0,60,1.0,7.4,194,1.7902220274375396,7.180188374442374
2020-08-23 20:00:00,27.1,87,24.8,0.0,66,0.0,8.0,175,-0.6972459419812655,7.969557584733964
2020-08-23 21:00:00,26.8,89,24.8,0.0,67,0.0,8.3,162,-2.5648410533120645,7.893769085249775
2020-08-23 22:00:00,26.6,90,24.8,0.0,53,0.0,8.8,161,-2.8649997592229783,8.320563465273988
2020-08-23 23:00:00,26.4,90,24.6,0.0,65,0.0,9.1,162,-2.812054648812022,8.654614298285896
2020-08-24 00:00:00,26.2,90,24.4,0.0,62,0.0,10.0,154,-4.383711467890773,8.98794046299167
2020-08-24 01:00:00,26.1,88,24.0,0.0,60,0.0,9.8,156,-3.9860191021428446,8.952745484897488
2020-08-24 02:00:00,26.0,88,23.8,0.0,50,0.0,9.2,149,-4.7383502891725,7.885939166459432
2020-08-24 03:00:00,25.4,85,22.6,0.0,59,0.0,9.0,143,-5.416335208368434,7.187719590425637
2020-08-24 04:00:00,25.3,85,22.5,0.0,66,0.0,8.7,135,-6.151828996322964,6.151828996322962
2020-08-24 05:00:00,25.2,85,22.4,0.0,56,0.0,8.2,139,-5.379684037722159,6.18861855782673
2020-08-24 06:00:00,25.2,86,22.7,0.0,57,1.0,10.0,159,-3.5836794954530022,9.335804264972015
2020-08-24 07:00:00,26.0,85,23.2,0.0,48,43.0,10.6,156,-4.311408416603484,9.683581851011567
2020-08-24 08:00:00,27.2,80,23.6,0.0,45,172.0,9.8,163,-2.8652427062828187,9.371786608437748
2020-08-24 09:00:00,28.1,79,24.1,0.0,53,317.0,10.2,162,-3.1519733426244643,9.700776466210565
2020-08-24 10:00:00,29.0,77,24.5,0.0,87,544.0,9.9,170,-1.7191169589026098,9.74959675482086
2020-08-24 11:00:00,29.9,74,24.6,0.0,80,648.0,9.7,184,0.6766377953180152,9.676371287520292
2020-08-24 12:00:00,30.4,71,24.7,0.0,73,694.0,10.7,194,2.588564282916442,10.382164271153162
2020-08-24 13:00:00,30.5,72,25.0,0.1,53,684.0,11.5,212,6.094071538681855,9.7525531057989
2020-08-24 14:00:00,30.3,76,25.5,0.0,65,628.0,11.8,220,7.584893794301164,9.03932442880394
2020-08-24 15:00:00,29.9,77,25.4,0.2,68,490.0,11.9,215,6.8255595925774495,9.747909327039002
2020-08-24 16:00:00,29.6,78,25.5,0.0,62,362.0,11.6,206,5.085105302753298,10.426010937070336
2020-08-24 17:00:00,28.9,80,25.1,0.2,55,159.0,12.6,204,5.124881702755083,11.510672766296771
2020-08-24 18:00:00,27.9,84,24.8,0.4,79,50.0,9.2,191,1.7554427574642113,9.030970087718508
2020-08-24 19:00:00,27.3,86,24.8,0.0,62,1.0,10.5,176,-0.7324429743133181,10.474422527728152
2020-08-24 20:00:00,27.1,87,24.8,0.0,46,0.0,9.7,165,-2.510544737494454,9.36948051500396
2020-08-24 21:00:00,27.0,87,24.7,0.0,54,0.0,8.8,171,-1.3766232923540327,8.691657397237211
2020-08-24 22:00:00,27.0,88,24.7,0.0,55,0.0,8.1,193,1.8221035401853063,7.892397524760405
2020-08-24 23:00:00,27.0,88,24.8,0.0,53,0.0,9.8,204,3.9860191021428415,8.95274548489749
2020-08-25 00:00:00,26.8,90,24.9,0.0,100,0.0,8.0,198,2.4721359549995783,7.608452130361229
2020-08-25 01:00:00,26.5,91,24.9,0.0,100,0.0,5.4,180,-6.613092715395707e-16,5.4
2020-08-25 02:00:00,26.5,91,24.9,0.2,67,0.0,2.5,180,-3.061616997868383e-16,2.5
2020-08-25 03:00:00,26.6,89,24.7,0.2,90,0.0,3.0,256,2.910887178827989,0.7257656867990033
2020-08-25 04:00:00,26.2,91,24.6,0.2,100,0.0,3.3,257,3.215421213791276,0.7423384793347553
2020-08-25 05:00:00,26.2,92,24.8,0.0,85,0.0,2.7,157,-1.0549740469210394,2.485363104321589
2020-08-25 06:00:00,25.8,93,24.6,0.2,53,0.0,6.4,142,-3.9402334420842138,5.043268823083021
2020-08-25 07:00:00,26.8,90,25.0,0.3,25,44.0,8.7,142,-5.356254835333227,6.85569355637848
2020-08-25 08:00:00,27.4,85,24.6,0.3,26,119.0,8.5,144,-4.996174644486023,6.876644452187052
2020-08-25 09:00:00,28.3,80,24.5,0.0,33,220.0,7.0,159,-2.5085756468171017,6.535062985480412
2020-08-25 10:00:00,29.0,78,24.8,0.1,38,311.0,7.6,188,1.057715567296498,7.526037322435934
2020-08-25 11:00:00,29.4,78,25.2,0.1,33,410.0,10.2,198,3.151973342624462,9.700776466210566
2020-08-25 12:00:00,28.4,82,25.0,2.7,16,351.0,9.7,202,3.6336839561343455,8.993683389297837
2020-08-25 13:00:00,28.8,83,25.5,0.2,28,309.0,11.1,205,4.6910627053217615,10.060016436106816
2020-08-25 14:00:00,29.0,83,25.8,0.2,57,239.0,13.9,217,8.365228821813472,11.101033589657373
2020-08-25 15:00:00,28.4,83,25.2,2.8,100,282.0,17.3,211,8.910158695943938,14.828994302146544
2020-08-25 16:00:00,28.2,84,25.2,0.7,100,224.0,15.7,189,2.4560211011316224,15.506706947343664
2020-08-25 17:00:00,28.2,83,25.0,0.2,100,86.0,15.9,184,1.109127932531592,15.861268399131204
2020-08-25 18:00:00,27.6,86,25.1,0.1,100,25.0,10.2,190,1.7712114122026907,10.04503908072452
2020-08-25 19:00:00,27.3,88,25.2,0.0,88,0.0,9.0,185,0.7844016847289215,8.96575228282571
2020-08-25 20:00:00,27.0,90,25.2,0.0,79,0.0,11.2,178,-0.3908743630680127,11.193177262613872
2020-08-25 21:00:00,26.9,90,25.1,0.1,82,0.0,11.5,178,-0.4013442120787631,11.4929945107196
2020-08-25 22:00:00,26.8,91,25.1,0.3,87,0.0,11.2,180,-1.3716044150450357e-15,11.2
2020-08-25 23:00:00,26.4,93,25.2,0.8,89,0.0,12.0,171,-1.877213580482772,11.852260087141651
2020-08-26 00:00:00,26.2,95,25.2,0.4,100,0.0,10.7,166,-2.5885642829164444,10.382164271153162
2020-08-26 01:00:00,26.0,95,25.2,1.1,100,0.0,8.0,162,-2.47213595499958,7.608452130361228
2020-08-26 02:00:00,25.9,96,25.2,2.5,100,0.0,6.6,158,-2.4724035165450204,6.119413440140796
2020-08-26 03:00:00,25.7,91,24.2,1.3,100,0.0,7.8,158,-2.921931428644116,7.232034065620941
2020-08-26 04:00:00,25.6,91,24.1,0.8,100,0.0,11.2,147,-6.099957192168305,9.393110360988748
2020-08-26 05:00:00,25.6,90,23.8,0.2,100,0.0,10.3,155,-4.352968095929205,9.334970206477497
2020-08-26 06:00:00,25.8,89,23.9,0.9,100,0.0,11.2,165,-2.8987733051482354,10.818369254437563
2020-08-26 07:00:00,25.8,91,24.3,1.4,100,20.0,11.9,166,-2.8788705576360463,11.54651914268436
2020-08-26 08:00:00,26.3,89,24.4,2.3,100,51.0,11.5,160,-3.933231648245192,10.806465139037943
2020-08-26 09:00:00,26.7,88,24.5,2.2,100,59.0,11.3,153,-5.13009264705688,10.068373723328556
2020-08-26 10:00:00,26.8,89,24.8,1.6,100,39.0,11.6,164,-3.19739332747719,11.1506356728845
2020-08-26 11:00:00,27.8,85,25.0,0.3,100,67.0,11.5,182,0.4013442120787603,11.4929945107196
2020-08-26 12:00:00,28.2,83,25.1,1.0,100,138.0,10.8,178,-0.3769145643870124,10.793420931806237
2020-08-26 13:00:00,27.4,87,25.1,8.5,100,95.0,12.3,187,1.498992923883312,12.208317665188265
2020-08-26 14:00:00,27.5,88,25.4,3.7,100,74.0,14.1,184,0.9835662797921664,14.06565310866352
2020-08-26 15:00:00,27.7,85,24.9,0.4,100,19.0,16.3,172,-2.268521545649065,16.141369520487597
2020-08-26 16:00:00,27.6,86,25.0,0.8,100,25.0,16.2,179,-0.2827289842839917,16.197532661533536
2020-08-26 17:00:00,26.9,89,24.9,1.4,100,2.0,15.5,175,-1.350914012588702,15.441017820422056
2020-08-26 18:00:00,26.5,90,24.8,1.0,97,4.0,14.5,174,-1.5156627173809791,14.420567482839962
2020-08-26 19:00:00,26.1,91,24.6,0.5,46,0.0,16.4,161,-5.339317733097368,15.506504639828796
2020-08-26 20:00:00,25.7,93,24.5,0.4,64,0.0,16.4,161,-5.339317733097368,15.506504639828796
2020-08-26 21:00:00,25.7,92,24.3,0.4,68,0.0,16.8,157,-6.5642829586198,15.464481538001
2020-08-26 22:00:00,25.9,90,24.2,0.2,63,0.0,17.8,162,-5.500502499874066,16.928805990053732
2020-08-26 23:00:00,26.1,87,23.8,0.3,85,0.0,17.9,171,-2.800176924220134,17.679621296652964
2020-08-27 00:00:00,25.9,90,24.1,0.6,100,0.0,17.1,172,-2.379860026417117,16.933583975480854
2020-08-27 01:00:00,25.7,91,24.1,0.6,100,0.0,16.8,165,-4.348159957722353,16.227553881656345
2020-08-27 02:00:00,25.6,92,24.1,1.0,100,0.0,16.4,165,-4.244632339681345,15.841183551140718
2020-08-27 03:00:00,25.4,92,24.0,1.0,100,0.0,14.7,169,-2.8048922320352108,14.42991959668066
2020-08-27 04:00:00,25.3,93,24.0,2.3,100,0.0,13.8,165,-3.57170282241479,13.32977640278914
2020-08-27 05:00:00,25.3,92,23.9,1.5,100,0.0,13.8,160,-4.719877977894231,12.967758166845536
2020-08-27 06:00:00,25.5,91,23.8,1.1,100,0.0,14.2,153,-6.446665096301565,12.65229264347482
2020-08-27 07:00:00,25.5,91,24.0,1.1,100,8.0,15.5,144,-9.110671410533335,12.539763412811684
2020-08-27 08:00:00,26.2,88,24.0,1.1,100,31.0,16.2,143,-9.74940337506318,12.937895262766146
2020-08-27 09:00:00,26.8,86,24.2,0.8,100,85.0,16.9,160,-5.780140422203804,15.880805291281847
2020-08-27 10:00:00,27.2,84,24.2,0.7,100,100.0,17.6,169,-3.358238318627192,17.276638428678886
2020-08-27 11:00:00,27.7,83,24.5,0.7,100,125.0,17.6,169,-3.358238318627192,17.276638428678886
2020-08-27 12:00:00,28.3,82,24.9,0.4,100,145.0,18.9,167,-4.251574927099052,18.41559422444094
2020-08-27 13:00:00,28.7,80,25.0,0.5,86,222.0,19.4,169,-3.701694510304972,19.04356735888468
2020-08-27 14:00:00,27.9,82,24.6,5.3,92,105.0,21.1,172,-2.9365524302573784,20.89465625044713
2020-08-27 15:00:00,28.2,80,24.5,0.8,100,106.0,21.3,177,-1.1147558679747032,21.270809090272422
2020-08-27 16:00:00,27.3,86,24.7,3.1,100,32.0,22.0,178,-0.7677889274550251,21.986598194420107
2020-08-27 17:00:00,26.6,91,25.0,3.8,100,10.0,21.9,171,-3.4259147843810585,21.630374659033517
2020-08-27 18:00:00,26.2,92,24.8,3.0,100,1.0,18.6,162,-5.747716095374024,17.689651203089856
2020-08-27 19:00:00,26.1,91,24.5,1.8,100,0.0,18.7,157,-7.3066721027494195,17.213440759560633
2020-08-27 20:00:00,26.1,90,24.2,1.6,59,0.0,19.3,153,-8.762016644973254,17.196425916835498
2020-08-27 21:00:00,25.8,91,24.3,1.5,77,0.0,20.3,155,-8.5791507133362,18.398048076843995
2020-08-27 22:00:00,25.6,93,24.4,1.3,59,0.0,21.9,157,-8.557011713915095,20.159056290608444
2020-08-27 23:00:00,25.7,93,24.5,1.2,63,0.0,22.2,155,-9.382125410643528,20.120032872213628
2020-08-28 00:00:00,25.6,93,24.4,1.3,72,0.0,21.1,163,-6.169042969649743,20.17803035082005
2020-08-28 01:00:00,25.6,93,24.4,0.9,91,0.0,20.0,173,-2.437386868102951,19.85092303282644
2020-08-28 02:00:00,25.6,93,24.4,0.7,100,0.0,18.0,178,-0.6281909406450206,17.989034886343724
2020-08-28 03:00:00,26.1,91,24.4,1.8,100,0.0,17.4,186,1.8187952608571707,17.304680979407955
2020-08-28 04:00:00,25.8,92,24.4,3.4,100,0.0,16.7,186,1.7456253365698131,16.608515652650162
2020-08-28 05:00:00,25.9,93,24.6,4.0,100,0.0,15.5,183,0.8112073217656253,15.478757788695894
2020-08-28 06:00:00,25.8,93,24.7,2.7,100,0.0,15.2,176,-1.060298400910708,15.162973563949327
2020-08-28 07:00:00,25.9,93,24.7,0.7,100,4.0,15.9,174,-1.6620025659556945,15.812898136355546
2020-08-28 08:00:00,26.3,90,24.5,0.4,100,30.0,16.8,171,-2.6280990126758805,16.593164121998313
2020-08-28 09:00:00,26.5,91,25.0,1.0,100,35.0,16.4,171,-2.565525226659788,16.198088785760255
2020-08-28 10:00:00,27.1,91,25.5,1.2,100,103.0,17.4,174,-1.818795260857175,17.304680979407955
2020-08-28 11:00:00,27.5,88,25.3,7.2,100,239.0,18.4,180,-2.2533501104311296e-15,18.4
2020-08-28 12:00:00,26.9,86,24.5,8.3,100,158.0,17.9,189,2.8001769242201298,17.679621296652964
2020-08-28 13:00:00,27.2,88,25.0,1.8,100,112.0,19.1,200,6.532584737520272,17.948129057010853
2020-08-28 14:00:00,27.6,85,24.8,0.3,100,7.0,16.6,184,1.1579574641524797,16.55956323431308
2020-08-28 15:00:00,27.4,86,24.9,0.3,100,57.0,17.3,181,0.3019266313650069,17.29736512620557
2020-08-28 16:00:00,27.5,86,24.9,0.2,100,68.0,16.2,180,-1.9839278146187122e-15,16.2
2020-08-28 17:00:00,27.5,84,24.6,0.2,100,50.0,14.8,179,-0.2582956152717949,14.79774588831459
2020-08-28 18:00:00,27.1,86,24.5,0.0,77,3.0,11.7,169,-2.232465245905576,11.485038046337667
2020-08-28 19:00:00,26.7,87,24.4,0.0,76,0.0,14.2,171,-2.22136940357128,14.025174436450952
2020-08-28 20:00:00,26.6,87,24.2,0.0,53,0.0,15.0,170,-2.6047226650039543,14.77211629518312
2020-08-28 21:00:00,26.6,87,24.2,0.0,59,0.0,14.3,170,-2.483168940637103,14.082750868074577
2020-08-28 22:00:00,26.5,87,24.2,0.0,48,0.0,14.1,167,-3.1718098662484997,13.738617913471815
2020-08-28 23:00:00,26.3,88,24.2,0.0,53,0.0,13.3,167,-2.991849022773408,12.959121861643627
2020-08-29 00:00:00,26.3,88,24.2,0.0,48,0.0,12.8,170,-2.222696674136708,12.605539238556265
2020-08-29 01:00:00,26.2,89,24.2,0.0,53,0.0,12.1,170,-2.1011429497698564,11.916173811447717
2020-08-29 02:00:00,26.0,89,24.1,0.0,49,0.0,10.1,174,-1.0557374790033027,10.04467114321956
2020-08-29 03:00:00,26.2,88,24.1,0.0,64,0.0,7.9,177,-0.4134540543192561,7.889173324561134
2020-08-29 04:00:00,25.8,90,24.1,0.1,73,0.0,7.2,174,-0.7526049355271069,7.160557646651568
2020-08-29 05:00:00,25.5,92,24.1,0.2,100,0.0,6.3,167,-1.4171916423663506,6.1385314081469815
2020-08-29 06:00:00,25.2,93,24.1,0.1,67,0.0,6.6,167,-1.4846769586695103,6.430842427582552
2020-08-29 07:00:00,25.9,91,24.4,0.0,60,31.0,6.2,144,-3.644268564213334,5.015905365124674
2020-08-29 08:00:00,27.3,85,24.7,0.0,50,162.0,6.8,155,-2.8738041798367564,6.162892951849219
2020-08-29 09:00:00,28.2,84,25.1,0.0,30,333.0,7.2,174,-0.7526049355271069,7.160557646651568
2020-08-29 10:00:00,28.9,82,25.5,0.0,22,433.0,6.8,180,-8.327598234202001e-16,6.8
2020-08-29 11:00:00,29.6,81,26.0,0.0,8,616.0,7.3,200,2.496747046277381,6.859756131737131
2020-08-29 12:00:00,29.9,81,26.3,0.0,9,679.0,7.9,227,5.777694242791447,5.387787044493739
2020-08-29 13:00:00,29.9,83,26.6,0.0,29,644.0,6.2,201,2.221881287180863,5.788198644282651
2020-08-29 14:00:00,30.2,80,26.3,0.2,92,440.0,5.5,191,1.049449474570996,5.398949508962152
2020-08-29 15:00:00,30.2,80,26.3,0.0,99,360.0,3.1,159,-1.1109406435904308,2.8940993221413254
2020-08-29 16:00:00,29.5,81,25.9,1.2,92,84.0,1.8,143,-1.0832670416736867,1.4375439180851273
2020-08-29 17:00:00,28.9,82,25.5,0.4,79,5.0,1.5,256,1.4554435894139948,0.3628828433995016
2020-08-29 18:00:00,28.4,85,25.7,0.0,49,1.0,3.1,249,2.894099322141325,1.1109406435904323
2020-08-29 19:00:00,28.1,89,26.1,0.0,48,0.0,2.7,203,1.054974046921039,2.485363104321589
2020-08-29 20:00:00,27.4,92,25.9,0.0,39,0.0,4.5,166,-1.0886485301985047,4.366330768241984
2020-08-29 21:00:00,27.0,93,25.8,0.0,46,0.0,5.8,180,-7.10295143505465e-16,5.8
2020-08-29 22:00:00,27.1,92,25.7,0.0,36,0.0,5.6,195,1.4493866525741164,5.409184627218783
2020-08-29 23:00:00,27.2,91,25.6,0.0,42,0.0,3.0,194,0.7257656867990026,2.910887178827989
2020-08-30 00:00:00,27.0,92,25.5,0.0,48,0.0,0.5,45,-0.3535533905932738,-0.3535533905932738
2020-08-30 01:00:00,26.3,95,25.4,0.2,61,0.0,2.3,51,-1.7874357113510329,-1.447436899414626
2020-08-30 02:00:00,26.2,95,25.4,0.3,69,0.0,3.4,32,-1.8017254983928963,-2.883363526931848
2020-08-30 03:00:00,26.2,94,25.1,0.1,58,0.0,4.3,336,1.7489675652259409,-3.928245467863184
2020-08-30 04:00:00,26.2,94,25.1,0.0,58,0.0,5.6,333,2.542346798541463,-4.989636535454859
2020-08-30 05:00:00,26.3,94,25.2,0.0,98,0.0,4.0,10,-0.6945927106677213,-3.939231012048832
2020-08-30 06:00:00,26.2,94,25.2,0.0,50,0.0,5.1,45,-3.606244584051392,-3.606244584051392
2020-08-30 07:00:00,26.7,93,25.5,0.1,61,6.0,6.3,77,-6.1385314081469815,-1.4171916423663489
2020-08-30 08:00:00,27.4,88,25.2,0.3,38,14.0,7.2,96,-7.160557646651568,0.7526049355271056
2020-08-30 09:00:00,27.7,86,25.2,0.8,41,101.0,6.7,106,-6.440453362786736,1.8467702839738935
2020-08-30 10:00:00,27.6,87,25.3,1.3,39,64.0,4.4,81,-4.345828698618607,-0.6883116461770161
2020-08-30 11:00:00,27.9,87,25.6,1.1,42,99.0,3.6,37,-2.166534083347374,-2.875087836170254
2020-08-30 12:00:00,28.1,88,25.9,0.9,46,97.0,5.8,356,0.4045875477159287,-5.78587149150698
2020-08-30 13:00:00,28.3,89,26.3,0.6,46,264.0,8.8,351,1.3766232923540338,-8.691657397237211
2020-08-30 14:00:00,28.1,90,26.3,1.2,49,143.0,9.5,351,1.4861274178821953,-9.383039235653808
2020-08-30 15:00:00,30.2,75,25.2,0.0,69,298.0,10.4,360,2.547265342226495e-15,-10.4
2020-08-30 16:00:00,30.1,76,25.4,0.0,36,163.0,6.8,357,0.3558845024520217,-6.790680836331102
2020-08-30 17:00:00,30.0,76,25.3,0.0,41,124.0,5.1,356,0.3557580160950407,-5.087576656325103
2020-08-30 18:00:00,29.6,79,25.5,0.0,29,35.0,6.4,317,4.364789504399989,-4.680663690362692
2020-08-30 19:00:00,28.6,86,26.0,0.0,28,0.0,5.0,300,4.330127018922193,-2.5000000000000004
2020-08-30 20:00:00,27.8,89,25.9,0.0,26,0.0,3.1,315,2.192031021678298,-2.192031021678297
2020-08-30 21:00:00,27.5,90,25.8,0.0,15,0.0,2.4,297,2.1384156580520832,-1.089577199374912
2020-08-30 22:00:00,27.4,91,25.8,0.0,15,0.0,2.6,326,1.453901549023941,-2.1554976886431088
2020-08-30 23:00:00,27.6,90,25.9,0.0,21,0.0,2.5,90,-2.5,-1.5308084989341916e-16
2020-08-31 00:00:00,25.9,96,25.2,0.2,24,0.0,4.7,113,-4.326372811226469,1.836436303899587
2020-08-31 01:00:00,25.8,95,24.9,0.3,19,0.0,5.1,135,-3.606244584051392,3.606244584051392
2020-08-31 02:00:00,25.7,94,24.7,0.3,12,0.0,6.0,147,-3.267834210090164,5.032023407672543
2020-08-31 03:00:00,25.8,95,25.0,0.0,6,0.0,4.7,148,-2.490620541896063,3.985826051935202
2020-08-31 04:00:00,25.4,96,24.8,0.0,13,0.0,6.1,140,-3.9210044190878905,4.672871103025765
2020-08-31 05:00:00,25.3,95,24.5,0.0,32,0.0,5.9,137,-4.023790324368742,4.314986839553106
2020-08-31 06:00:00,25.3,95,24.5,0.0,18,0.0,6.4,142,-3.9402334420842138,5.043268823083021
2020-08-31 07:00:00,26.3,92,24.9,0.1,7,38.0,5.6,153,-2.542346798541462,4.989636535454859
2020-08-31 08:00:00,27.3,88,25.1,0.0,14,168.0,6.3,156,-2.5624408513775427,5.755336383148385
2020-08-31 09:00:00,28.2,85,25.4,0.0,21,297.0,5.8,173,-0.7068421917498557,5.756767679519667
2020-08-31 10:00:00,28.8,85,25.9,0.0,28,491.0,3.9,202,1.460965714322057,3.616017032810471
2020-08-31 11:00:00,29.4,80,25.6,0.0,45,562.0,2.7,247,2.4853631043215887,1.0549740469210394
2020-08-31 12:00:00,29.6,78,25.3,0.0,43,382.0,3.3,311,2.4905416147351485,-2.1649947956686733
2020-08-31 13:00:00,29.5,77,25.0,0.1,51,207.0,6.4,333,2.9055391983331007,-5.702441754805554
2020-08-31 14:00:00,29.3,77,24.9,0.1,42,205.0,10.4,358,0.3629547657060086,-10.393664600998596
2020-08-31 15:00:00,28.9,82,25.5,0.0,65,165.0,10.2,10,-1.7712114122026892,-10.04503908072452
2020-08-31 16:00:00,28.7,83,25.4,0.2,48,134.0,9.6,13,-2.159530121701104,-9.35395262193826
2020-08-31 17:00:00,28.6,83,25.3,0.0,49,68.0,10.2,10,-1.7712114122026892,-10.04503908072452
2020-08-31 18:00:00,28.3,83,25.2,0.0,47,39.0,8.0,8,-1.1133848076805235,-7.922144549932563
2020-08-31 19:00:00,28.1,84,25.1,0.0,46,0.0,8.7,353,1.0602632876247808,-8.635151519279502
2020-08-31 20:00:00,27.8,86,25.2,0.0,52,0.0,9.0,360,2.204364238465236e-15,-9.0
2020-08-31 21:00:00,27.4,88,25.3,0.0,48,0.0,9.0,360,2.204364238465236e-15,-9.0
2020-08-31 22:00:00,27.1,90,25.3,0.0,51,0.0,9.7,358,0.3385251180142579,-9.694091022085228
2020-08-31 23:00:00,26.8,92,25.3,0.0,40,0.0,11.5,356,0.8021994480574448,-11.47198657798798
2020-09-01 00:00:00,26.5,93,25.3,0.0,38,0.0,13.4,354,1.4006814077865557,-13.326593397934865
2020-09-01 01:00:00,26.4,93,25.3,0.0,37,0.0,14.5,353,1.7671054793746348,-14.39191919879917
2020-09-01 02:00:00,26.3,95,25.4,0.0,17,0.0,15.6,352,2.171100374977028,-15.448181872368496
2020-09-01 03:00:00,26.3,93,25.2,0.0,39,0.0,16.3,352,2.268521545649074,-16.141369520487597
2020-09-01 04:00:00,26.2,93,25.1,0.0,37,0.0,16.8,350,2.917289384804431,-16.544770250605094
2020-09-01 05:00:00,26.1,93,24.9,0.0,37,0.0,17.4,347,3.9141483455832566,-16.95403912726309
2020-09-01 06:00:00,26.1,93,24.9,0.0,40,0.0,16.9,349,3.2246720218636047,-16.58949940026552
2020-09-01 07:00:00,26.9,89,25.0,0.0,38,46.0,18.1,347,4.071614083623963,-17.63609817261276
2020-09-01 08:00:00,27.9,84,24.9,0.0,39,202.0,21.9,351,3.4259147843810607,-21.630374659033517
2020-09-01 09:00:00,28.7,79,24.8,0.0,37,306.0,22.5,348,4.678013043399597,-22.008321016510624
2020-09-01 10:00:00,29.6,75,24.7,0.0,36,492.0,23.4,346,5.660972357032228,-22.704919994858315
2020-09-01 11:00:00,30.2,72,24.5,0.0,43,684.0,25.5,341,8.301987938657495,-24.11072367778258
2020-09-01 12:00:00,30.2,71,24.4,0.0,67,615.0,26.9,335,11.368431240824808,-24.37967947128589
2020-09-01 13:00:00,30.3,70,24.3,0.0,64,695.0,25.0,332,11.736789069647273,-22.07368982147317
2020-09-01 14:00:00,30.2,73,24.8,0.0,50,539.0,21.2,328,11.234288401743946,-17.97861963851623
2020-09-01 15:00:00,29.8,77,25.2,0.0,76,319.0,18.3,324,10.756470116952263,-14.805010997061537
2020-09-01 16:00:00,29.8,76,25.1,0.0,58,245.0,15.4,323,9.267951356541545,-12.29898685472831
2020-09-01 17:00:00,29.2,79,25.2,0.1,74,118.0,14.5,314,10.43042710491044,-10.07254637165546
2020-09-01 18:00:00,28.5,83,25.3,0.3,54,30.0,11.8,310,9.039324428803942,-7.584893794301164
2020-09-01 19:00:00,27.8,87,25.4,0.0,62,0.0,9.8,298,8.652886410017485,-4.600821315301727
2020-09-01 20:00:00,27.4,89,25.5,0.2,55,0.0,7.4,293,6.81173591554806,-2.891410350820624
2020-09-01 21:00:00,27.0,91,25.4,0.7,66,0.0,6.8,267,6.790680836331102,0.3558845024520213
2020-09-01 22:00:00,26.5,94,25.4,0.1,79,0.0,4.2,211,2.163159914622228,3.600102662948872
2020-09-01 23:00:00,26.3,94,25.2,0.1,94,0.0,4.7,184,0.3278554265973888,4.688551036221174
2020-09-02 00:00:00,26.2,93,25.0,0.0,67,0.0,5.4,172,-0.7515347451843528,5.34744757120448
2020-09-02 01:00:00,26.1,93,24.9,0.0,74,0.0,5.8,158,-2.172718241812291,5.377666356487366
2020-09-02 02:00:00,25.9,93,24.6,0.0,100,0.0,7.7,139,-5.051654523226906,5.811263767715345
2020-09-02 03:00:00,25.4,94,24.3,0.1,69,0.0,9.2,135,-6.505382386916237,6.505382386916236
2020-09-02 04:00:00,25.3,93,24.0,0.0,74,0.0,8.7,138,-5.821436275322067,6.465359981653329
2020-09-02 05:00:00,25.3,91,23.8,0.0,84,0.0,7.9,137,-5.387787044493738,5.777694242791447
2020-09-02 06:00:00,25.3,92,23.9,0.0,57,0.0,6.8,162,-2.101315561749643,6.467184310807044
2020-09-02 07:00:00,26.0,90,24.3,0.0,30,26.0,8.2,157,-3.2039952536120446,7.54813979831001
2020-09-02 08:00:00,27.2,84,24.3,0.1,44,141.0,8.4,155,-3.549993398621876,7.61298541110786
2020-09-02 09:00:00,28.2,81,24.5,0.0,27,287.0,9.0,157,-3.516580156403464,8.284543681071963
2020-09-02 10:00:00,28.9,79,24.9,0.0,29,358.0,8.8,161,-2.8649997592229783,8.320563465273988
2020-09-02 11:00:00,29.3,79,25.3,0.0,36,365.0,8.3,182,0.2896658226307575,8.294943864258496
2020-09-02 12:00:00,29.9,78,25.7,0.0,23,511.0,9.8,197,2.8652427062828205,9.371786608437748
2020-09-02 13:00:00,30.0,79,25.9,0.1,36,451.0,11.8,203,4.610627316173428,10.861957270738795
2020-09-02 14:00:00,30.1,80,26.2,0.3,57,528.0,12.4,206,5.435802220184561,11.14504617410967
2020-09-02 15:00:00,30.6,79,26.4,0.2,82,438.0,11.9,205,5.029157314714322,10.785062665736136
2020-09-02 16:00:00,29.6,81,26.0,2.5,63,278.0,12.2,204,4.962187045524762,11.14525458323973
2020-09-02 17:00:00,28.9,84,25.9,1.1,84,137.0,12.1,197,3.5376976271451146,11.571287547152728
2020-09-02 18:00:00,28.1,87,25.7,0.9,39,33.0,9.1,187,1.1090110249868406,9.03216997993603
2020-09-02 19:00:00,27.5,89,25.6,0.4,26,0.0,9.7,178,-0.338525118014261,9.694091022085228
2020-09-02 20:00:00,27.3,90,25.6,0.0,25,0.0,10.3,168,-2.141490415422921,10.0749202875582
2020-09-02 21:00:00,27.0,92,25.6,0.0,40,0.0,9.6,167,-2.159530121701106,9.353952621938255
2020-09-02 22:00:00,26.5,94,25.5,0.0,56,0.0,10.7,160,-3.659615533584657,10.05471104240922
2020-09-02 23:00:00,26.4,94,25.4,0.0,26,0.0,11.0,157,-4.298042413382012,10.125553387976844
2020-09-03 00:00:00,26.3,94,25.3,0.0,18,0.0,10.5,153,-4.766900247265242,9.355568503977862
2020-09-03 01:00:00,26.2,94,25.1,0.0,10,0.0,9.3,152,-4.366085533908784,8.211412613588022
2020-09-03 02:00:00,25.9,94,24.8,0.0,16,0.0,9.7,153,-4.403707847473604,8.642763284627167
2020-09-03 03:00:00,26.3,87,24.0,0.0,32,0.0,8.4,149,-4.326319829244457,7.200205325897743
2020-09-03 04:00:00,26.1,88,23.9,0.0,41,0.0,7.7,152,-3.6149310334513594,6.798696465013738
2020-09-03 05:00:00,25.8,89,23.9,0.0,60,0.0,7.4,157,-2.891410350820626,6.811735915548059
2020-09-03 06:00:00,25.9,90,24.1,0.4,51,0.0,6.9,189,1.0793978087775922,6.815049550106451
2020-09-03 07:00:00,26.3,91,24.7,1.0,40,33.0,6.6,167,-1.4846769586695103,6.430842427582552
2020-09-03 08:00:00,27.0,86,24.5,1.9,14,105.0,7.3,160,-2.496747046277383,6.8597561317371305
2020-09-03 09:00:00,27.2,85,24.5,1.7,14,163.0,7.9,156,-3.2132194802988234,7.217009115376546
2020-09-03 10:00:00,27.4,85,24.7,1.6,21,129.0,7.3,169,-1.3929056662487782,7.165878439167947
2020-09-03 11:00:00,28.2,83,25.0,0.4,48,310.0,6.6,189,1.032467469265523,6.518743047927909
2020-09-03 12:00:00,29.2,81,25.6,0.0,27,456.0,8.1,212,4.292346040288959,6.869189578867051
2020-09-03 13:00:00,29.5,81,25.8,0.1,21,348.0,7.4,223,5.046787864462488,5.412017391981863
2020-09-03 14:00:00,29.6,81,26.0,0.1,35,359.0,5.9,223,4.023790324368741,4.314986839553106
2020-09-03 15:00:00,29.9,82,26.5,1.3,23,335.0,5.1,225,3.606244584051392,3.606244584051393
2020-09-03 16:00:00,29.6,82,26.2,2.9,41,195.0,5.6,230,4.289848881466276,3.5996106142446207
2020-09-03 17:00:00,29.0,86,26.4,2.8,45,82.0,4.1,225,2.8991378028648445,2.8991378028648453
2020-09-03 18:00:00,27.8,89,25.8,2.2,68,3.0,4.6,309,3.5748714227020653,-2.894873798829252
2020-09-03 19:00:00,26.8,92,25.3,2.3,100,0.0,2.9,360,7.10295143505465e-16,-2.9
2020-09-03 20:00:00,26.2,93,25.0,1.2,100,0.0,3.4,72,-3.233592155403522,-1.0506577808748212
2020-09-03 21:00:00,26.0,94,24.9,0.9,100,0.0,4.0,100,-3.939231012048832,0.6945927106677212
2020-09-03 22:00:00,25.9,94,24.8,0.6,100,0.0,3.9,124,-3.233246532964663,2.180852323535912
2020-09-03 23:00:00,25.8,94,24.8,0.2,70,0.0,3.4,122,-2.8833635269318485,1.8017254983928963
2020-09-04 00:00:00,25.7,94,24.7,0.2,76,0.0,1.8,79,-1.7669289302057951,-0.3434561916777808
2020-09-04 01:00:00,25.5,95,24.7,0.2,47,0.0,3.7,61,-3.2360929164157644,-1.7937955949114477
2020-09-04 02:00:00,25.5,95,24.6,0.0,58,0.0,3.5,66,-3.197409101749103,-1.4235782507653008
2020-09-04 03:00:00,25.4,93,24.1,0.0,52,0.0,3.9,68,-3.616017032810471,-1.460965714322057
2020-09-04 04:00:00,25.5,91,24.0,0.0,39,0.0,3.4,72,-3.233592155403522,-1.0506577808748212
2020-09-04 05:00:00,25.3,92,23.9,0.0,31,0.0,3.3,77,-3.2154212137912763,-0.7423384793347542
2020-09-04 06:00:00,25.0,94,23.9,0.0,13,0.0,4.0,27,-1.815961998958187,-3.564026096753472
2020-09-04 07:00:00,26.2,91,24.6,0.0,8,57.0,7.2,342,2.2249223594996232,-6.8476069173251055
2020-09-04 08:00:00,27.7,83,24.6,0.0,9,222.0,9.2,339,3.296985135816767,-8.588939923774253
2020-09-04 09:00:00,28.6,79,24.7,0.0,8,416.0,9.7,345,2.5105447374944503,-9.369480515003962
2020-09-04 10:00:00,29.4,76,24.7,0.0,14,588.0,9.4,342,2.9047597471245084,-8.939931253174443
2020-09-04 11:00:00,30.0,73,24.7,0.2,26,640.0,9.7,333,4.403707847473605,-8.642763284627167
2020-09-04 12:00:00,30.1,74,25.0,0.2,25,609.0,10.9,326,6.095202647831138,-9.036509540849956
2020-09-04 13:00:00,30.1,76,25.5,0.0,36,612.0,12.1,323,7.281961780139784,-9.663489671572243
2020-09-04 14:00:00,30.1,76,25.5,0.1,26,581.0,10.3,331,4.99353908853727,-9.008582983535778
2020-09-04 15:00:00,29.6,76,25.0,0.0,24,378.0,6.8,335,2.873804179836754,-6.16289295184922
2020-09-04 16:00:00,29.2,78,24.9,0.2,24,291.0,4.0,355,0.3486229709906333,-3.984778792366982
2020-09-04 17:00:00,29.0,78,24.9,0.0,31,171.0,1.5,14,-0.3628828433995016,-1.4554435894139948
2020-09-04 18:00:00,28.6,81,25.0,0.0,32,46.0,2.4,243,2.138415658052083,1.0895771993749126
2020-09-04 19:00:00,27.8,88,25.6,0.0,27,0.0,4.1,232,3.2308440897875603,2.524212048835198
2020-09-04 20:00:00,27.5,88,25.3,0.0,25,0.0,3.1,234,2.507952682562337,1.822134282106667
2020-09-04 21:00:00,26.9,91,25.3,0.0,20,0.0,2.9,150,-1.4499999999999995,2.511473670974872
2020-09-04 22:00:00,26.9,90,25.2,0.0,18,0.0,4.1,165,-1.061158084920336,3.96029588778518
2020-09-04 23:00:00,26.3,92,25.0,0.0,16,0.0,5.4,176,-0.3766849582182778,5.386845871403051
2020-09-05 00:00:00,26.2,93,24.9,0.0,16,0.0,5.4,160,-1.846908773958612,5.074340152243905
2020-09-05 01:00:00,25.6,94,24.6,0.0,11,0.0,5.1,141,-3.2095339943541705,3.963444403430551
2020-09-05 02:00:00,25.3,95,24.5,0.0,14,0.0,4.8,132,-3.5670951622914924,3.2118269105225195
2020-09-05 03:00:00,25.3,93,24.0,0.0,25,0.0,6.6,139,-4.329989591337347,4.981083229470295
2020-09-05 04:00:00,25.9,89,23.9,0.0,22,0.0,5.7,145,-3.269385687200962,4.669166652447254
2020-09-05 05:00:00,26.5,86,24.0,0.0,19,0.0,3.2,117,-2.8512208774027776,1.4527695991665497
2020-09-05 06:00:00,26.3,87,24.0,0.0,22,0.0,4.6,342,1.4214781741247593,-4.3748599749577055
2020-09-05 07:00:00,26.5,90,24.7,0.0,33,53.0,8.3,342,2.564841053312066,-7.893769085249775
2020-09-05 08:00:00,27.9,84,24.8,0.0,34,218.0,11.5,358,0.4013442120787595,-11.4929945107196
2020-09-05 09:00:00,28.4,82,25.0,0.0,39,329.0,12.0,9,-1.8772135804827703,-11.852260087141651
2020-09-05 10:00:00,29.1,77,24.8,0.0,16,423.0,12.2,360,2.9881381899195417e-15,-12.2
2020-09-05 11:00:00,30.1,72,24.6,0.0,12,681.0,15.2,355,1.3247672897644065,-15.142159410994532
2020-09-05 12:00:00,30.5,70,24.3,0.0,6,674.0,17.7,354,1.8501537998374653,-17.60303754801844
2020-09-05 13:00:00,30.8,68,24.2,0.0,29,726.0,18.8,356,1.311421706389562,-18.754204144884696
2020-09-05 14:00:00,30.6,68,24.0,0.0,47,548.0,18.4,357,0.9629815948701764,-18.37478343948416
2020-09-05 15:00:00,29.8,69,23.6,0.0,30,249.0,17.7,356,1.2346895852710238,-17.65688368959889
2020-09-05 16:00:00,29.6,70,23.6,0.0,4,294.0,17.7,356,1.2346895852710238,-17.65688368959889
2020-09-05 17:00:00,29.1,73,23.7,0.0,2,202.0,15.9,355,1.385776309687767,-15.839495699658755
2020-09-05 18:00:00,28.2,76,23.5,0.0,3,53.0,17.4,354,1.8187952608571691,-17.304680979407955
2020-09-05 19:00:00,27.5,77,23.1,0.0,3,0.0,18.8,355,1.6385279636559764,-18.728460324124818
2020-09-05 20:00:00,27.1,77,22.7,0.0,2,0.0,18.7,359,0.3263600003772026,-18.697151899424515
2020-09-05 21:00:00,26.8,77,22.4,0.0,4,0.0,16.9,358,0.5898014942722639,-16.889704976622717
2020-09-05 22:00:00,26.5,78,22.3,0.0,2,0.0,15.9,355,1.385776309687767,-15.839495699658755
2020-09-05 23:00:00,26.2,79,22.3,0.0,2,0.0,15.9,354,1.6620025659556894,-15.812898136355546
2020-09-06 00:00:00,26.0,79,22.1,0.0,0,0.0,16.3,354,1.7038139512627508,-16.210706894502856
2020-09-06 01:00:00,25.8,78,21.8,0.0,0,0.0,15.6,353,1.9011617571202968,-15.483719965604624
2020-09-06 02:00:00,25.6,78,21.5,0.0,0,0.0,15.2,353,1.8524140197582375,-15.086701504948095
2020-09-06 03:00:00,25.2,78,21.0,0.0,0,0.0,15.5,355,1.350914012588704,-15.441017820422056
2020-09-06 04:00:00,25.0,77,20.6,0.0,0,0.0,16.6,359,0.2897099468589071,-16.597471739596095
2020-09-06 05:00:00,24.9,75,20.3,0.0,0,0.0,16.9,358,0.5898014942722639,-16.889704976622717
2020-09-06 06:00:00,24.8,76,20.2,0.0,1,0.0,18.1,353,2.205835115633165,-17.96508534470793
2020-09-06 07:00:00,25.4,75,20.7,0.0,3,74.0,19.2,354,2.006946494738945,-19.094820391070847
2020-09-06 08:00:00,26.5,71,20.9,0.0,0,263.0,21.3,354,2.226456267601018,-21.183316371344223
2020-09-06 09:00:00,27.5,67,20.8,0.0,0,472.0,24.5,357,1.2822309279521371,-24.466423601487055
2020-09-06 10:00:00,28.2,63,20.6,0.0,0,646.0,24.8,359,0.4328196796446323,-24.796222839878503
2020-09-06 11:00:00,28.8,60,20.3,0.0,10,772.0,24.1,358,0.8410778705302699,-24.08531893116021
2020-09-06 12:00:00,29.3,57,20.0,0.0,13,808.0,23.8,357,1.245595758582076,-23.76738292715886
2020-09-06 13:00:00,29.6,56,19.8,0.0,17,752.0,23.4,356,1.6323014856125395,-23.342998776079884
2020-09-06 14:00:00,29.5,56,19.8,0.0,7,648.0,22.8,355,1.9871509346466096,-22.7132391164918
2020-09-06 15:00:00,29.2,56,19.4,0.0,4,616.0,22.4,355,1.952288637547546,-22.314761237255095
2020-09-06 16:00:00,28.8,59,19.9,0.0,0,459.0,21.3,354,2.226456267601018,-21.183316371344223
2020-09-06 17:00:00,28.0,61,19.8,0.0,3,252.0,19.1,356,1.3323486485127998,-19.053473359962645
2020-09-06 18:00:00,27.0,61,18.8,0.0,8,64.0,16.9,359,0.2949456687900921,-16.89742604814301
2020-09-06 19:00:00,26.2,60,17.9,0.0,9,0.0,13.3,3,-0.696068218031153,-13.281772812235833
2020-09-06 20:00:00,25.4,62,17.6,0.0,0,0.0,9.7,4,-0.6766377953180154,-9.676371287520292
2020-09-06 21:00:00,24.6,66,17.8,0.0,0,0.0,11.0,341,3.5812496990287235,-10.400704331592486
2020-09-06 22:00:00,23.9,70,18.0,0.0,0,0.0,11.8,301,10.114574148284929,-6.077449283938639
2020-09-06 23:00:00,23.7,73,18.6,0.0,0,0.0,10.8,291,10.08266860616978,-3.870373855089244
2020-09-07 00:00:00,23.7,75,19.1,0.0,4,0.0,3.2,297,2.8512208774027776,-1.4527695991665492
2020-09-07 01:00:00,24.6,72,19.2,0.0,10,0.0,1.8,101,-1.7669289302057951,0.3434561916777806
2020-09-07 02:00:00,23.8,76,19.3,0.0,14,0.0,4.0,100,-3.939231012048832,0.6945927106677212
2020-09-07 03:00:00,21.3,89,19.4,0.0,9,0.0,5.2,102,-5.08636752381579,1.0811407922523486
2020-09-07 04:00:00,21.3,90,19.5,0.0,12,0.0,5.8,112,-5.377666356487367,2.17271824181229
2020-09-07 05:00:00,21.3,90,19.7,0.0,7,0.0,6.2,126,-5.0159053651246746,3.644268564213333
2020-09-07 06:00:00,21.3,91,19.8,0.0,8,0.0,6.3,156,-2.5624408513775427,5.755336383148385
2020-09-07 07:00:00,23.3,89,21.4,0.0,10,65.0,5.8,158,-2.172718241812291,5.377666356487366
2020-09-07 08:00:00,26.5,72,21.2,0.0,11,229.0,3.5,156,-1.4235782507653014,3.197409101749103
2020-09-07 09:00:00,27.6,63,20.0,0.0,7,410.0,1.8,169,-0.3434561916777809,1.7669289302057951
2020-09-07 10:00:00,28.6,58,19.5,0.0,7,621.0,1.6,243,1.4256104387013886,0.7263847995832751
2020-09-07 11:00:00,29.3,55,19.3,0.0,11,705.0,3.6,270,3.6,6.613092715395707e-16
2020-09-07 12:00:00,29.7,54,19.5,0.0,8,754.0,5.4,274,5.386845871403052,-0.3766849582182762
2020-09-07 13:00:00,30.0,55,19.9,0.0,7,751.0,5.1,266,5.087576656325103,0.3557580160950404
2020-09-07 14:00:00,30.0,56,20.3,0.0,4,740.0,4.7,247,4.326372811226469,1.836436303899587
2020-09-07 15:00:00,30.0,56,20.3,0.0,1,583.0,5.6,220,3.59961061424462,4.289848881466277
2020-09-07 16:00:00,29.7,58,20.6,0.0,3,422.0,6.1,220,3.921004419087889,4.6728711030257655
2020-09-07 17:00:00,29.2,61,21.0,0.0,10,210.0,4.5,209,2.181643291108516,3.9357886821272814
2020-09-07 18:00:00,28.4,67,21.8,0.0,17,45.0,3.6,135,-2.5455844122715714,2.545584412271571
2020-09-07 19:00:00,27.3,73,22.1,0.0,34,0.0,5.9,137,-4.023790324368742,4.314986839553106
2020-09-07 20:00:00,26.7,77,22.3,0.0,38,0.0,7.3,147,-3.975864955609699,6.122295146001594
2020-09-07 21:00:00,26.3,80,22.6,0.0,38,0.0,8.2,151,-3.975438886019965,7.171881598543044
2020-09-07 22:00:00,26.0,83,22.9,0.0,38,0.0,8.4,155,-3.549993398621876,7.61298541110786
2020-09-07 23:00:00,26.2,83,23.0,0.0,36,0.0,4.9,144,-2.880147736233119,3.9641832724372414
2020-09-08 00:00:00,27.1,76,22.5,0.0,38,0.0,0.4,90,-0.4,-2.4492935982947065e-17
2020-09-08 01:00:00,26.9,77,22.5,0.0,38,0.0,1.9,22,-0.7117525274902328,-1.761649323676896
2020-09-08 02:00:00,26.3,80,22.5,0.0,31,0.0,2.6,56,-2.1554976886431088,-1.4539015490239418
2020-09-08 03:00:00,25.3,86,22.8,0.0,32,0.0,3.9,56,-3.233246532964663,-2.1808523235359125
2020-09-08 04:00:00,24.4,91,22.8,0.0,30,0.0,4.7,58,-3.9858260519352022,-2.490620541896063
2020-09-08 05:00:00,24.4,90,22.7,0.0,28,0.0,5.0,60,-4.330127018922193,-2.5000000000000004
2020-09-08 06:00:00,24.3,91,22.7,0.0,25,0.0,6.0,33,-3.2678342100901627,-5.032023407672544
2020-09-08 07:00:00,26.1,84,23.3,0.0,18,45.0,7.8,34,-4.361704647071826,-6.466493065929326
2020-09-08 08:00:00,28.1,75,23.3,0.0,12,189.0,4.9,36,-2.8801477362331185,-3.9641832724372423
2020-09-08 09:00:00,29.1,71,23.3,0.0,5,403.0,4.1,15,-1.061158084920335,-3.96029588778518
2020-09-08 10:00:00,29.9,68,23.2,0.0,6,577.0,5.4,340,1.8469087739586103,-5.074340152243906
2020-09-08 11:00:00,30.4,66,23.4,0.0,12,568.0,8.2,331,3.9754388860199614,-7.171881598543045
2020-09-08 12:00:00,30.4,67,23.6,0.0,15,505.0,10.5,329,5.407899786555572,-9.000256657372177
2020-09-08 13:00:00,30.4,68,23.8,0.0,15,469.0,10.5,338,3.93336923086708,-9.735430472951268
2020-09-08 14:00:00,30.1,69,23.7,0.0,22,358.0,6.3,329,3.244739871933344,-5.400153994423306
2020-09-08 15:00:00,30.0,70,24.0,0.0,27,418.0,3.3,311,2.4905416147351485,-2.1649947956686733
2020-09-08 16:00:00,29.8,71,24.0,0.0,34,275.0,2.4,297,2.1384156580520832,-1.089577199374912
2020-09-08 17:00:00,29.4,73,24.1,0.0,21,125.0,4.1,285,3.960295887785181,-1.061158084920333
2020-09-08 18:00:00,28.8,75,24.0,0.0,34,34.0,7.0,305,5.734064310022943,-4.015035054457322
2020-09-08 19:00:00,28.0,82,24.6,0.0,30,0.0,6.7,324,3.938161190359572,-5.420413862312147
2020-09-08 20:00:00,28.0,79,24.1,0.0,39,0.0,6.6,347,1.4846769586695112,-6.430842427582552
2020-09-08 21:00:00,27.5,83,24.4,0.0,30,0.0,6.6,351,1.0324674692655251,-6.5187430479279085
2020-09-08 22:00:00,27.3,84,24.4,0.0,32,0.0,6.5,3,-0.3401837155791349,-6.49109197590473
2020-09-08 23:00:00,27.0,86,24.4,0.0,33,0.0,5.9,346,1.4273391840380405,-5.72474478502838
2020-09-09 00:00:00,26.4,89,24.5,0.0,33,0.0,5.8,353,0.7068421917498539,-5.756767679519668
2020-09-09 01:00:00,25.8,92,24.4,0.0,32,0.0,5.9,11,-1.1257730727216144,-5.791600382341218
2020-09-09 02:00:00,24.9,96,24.3,0.0,35,0.0,5.0,21,-1.7918397477265011,-4.667902132486009
2020-09-09 03:00:00,26.1,92,24.6,0.0,32,0.0,2.9,30,-1.4499999999999995,-2.511473670974872
2020-09-09 04:00:00,25.9,93,24.7,0.0,31,0.0,1.3,304,1.0777488443215542,-0.7269507745119711
2020-09-09 05:00:00,25.8,94,24.8,0.0,52,0.0,0.8,207,0.3631923997916373,0.7128052193506944
2020-09-09 06:00:00,25.7,95,24.9,0.0,50,0.0,1.8,101,-1.7669289302057951,0.3434561916777806
2020-09-09 07:00:00,26.1,95,25.2,0.0,44,10.0,1.5,104,-1.4554435894139948,0.3628828433995016
2020-09-09 08:00:00,27.8,86,25.3,0.0,17,112.0,0.4,270,0.4,7.347880794884119e-17
2020-09-09 09:00:00,28.8,78,24.5,0.0,10,356.0,3.2,297,2.8512208774027776,-1.4527695991665492
2020-09-09 10:00:00,29.5,74,24.3,0.0,11,544.0,5.5,302,4.664264528860343,-2.9145559532826257
2020-09-09 11:00:00,29.6,73,24.3,0.0,19,491.0,7.1,315,5.020458146424488,-5.0204581464244855
2020-09-09 12:00:00,29.8,74,24.6,0.0,24,534.0,7.9,313,5.777694242791446,-5.387787044493739
2020-09-09 13:00:00,29.9,74,24.8,0.0,40,600.0,9.1,304,7.544241910250879,-5.088655421583797
2020-09-09 14:00:00,29.9,74,24.8,0.0,38,520.0,7.8,304,6.466493065929325,-4.361704647071827
2020-09-09 15:00:00,30.1,70,24.1,0.0,38,486.0,6.7,306,5.420413862312149,-3.938161190359569
2020-09-09 16:00:00,29.9,70,23.9,0.0,31,319.0,6.6,319,4.329989591337348,-4.981083229470294
2020-09-09 17:00:00,29.4,72,23.9,0.0,47,103.0,2.4,333,1.0895771993749126,-2.138415658052083
2020-09-09 18:00:00,29.0,74,24.0,0.0,64,20.0,5.6,315,3.9597979746446663,-3.959797974644665
2020-09-09 19:00:00,28.1,80,24.4,0.0,53,0.0,6.3,329,3.244739871933344,-5.400153994423306
2020-09-09 20:00:00,27.4,85,24.8,0.0,52,0.0,6.5,3,-0.3401837155791349,-6.49109197590473
2020-09-09 21:00:00,26.7,90,24.9,0.0,49,0.0,6.4,16,-1.7640790772287946,-6.1520748540052415
2020-09-09 22:00:00,26.8,89,24.7,0.0,49,0.0,5.4,8,-0.7515347451843534,-5.34744757120448
2020-09-09 23:00:00,27.2,87,24.8,0.0,53,0.0,3.9,34,-2.180852323535913,-3.233246532964663
2020-09-10 00:00:00,26.8,89,24.8,0.0,35,0.0,4.0,100,-3.939231012048832,0.6945927106677212
2020-09-10 01:00:00,26.5,90,24.8,0.0,39,0.0,5.5,122,-4.664264528860343,2.914555953282626
2020-09-10 02:00:00,26.3,91,24.7,0.0,37,0.0,5.6,117,-4.98963653545486,2.5423467985414616
2020-09-10 03:00:00,25.2,94,24.1,0.0,32,0.0,5.2,115,-4.71280049259058,2.1976149610516367
2020-09-10 04:00:00,25.4,93,24.1,0.0,32,0.0,5.5,122,-4.664264528860343,2.914555953282626
2020-09-10 05:00:00,25.5,91,24.0,0.0,16,0.0,5.4,127,-4.312631754255381,3.2498011250210617
2020-09-10 06:00:00,25.2,93,24.0,0.0,20,0.0,5.0,150,-2.5,4.330127018922194
2020-09-10 07:00:00,26.4,91,24.8,0.0,23,42.0,2.9,120,-2.511473670974872,1.4499999999999993
2020-09-10 08:00:00,27.8,81,24.3,0.0,23,137.0,3.4,108,-3.2335921554035223,1.050657780874821
2020-09-10 09:00:00,28.5,78,24.4,0.0,23,213.0,1.3,124,-1.0777488443215544,0.7269507745119708
2020-09-10 10:00:00,29.3,75,24.4,0.0,20,473.0,1.4,270,1.4,2.571758278209441e-16
2020-09-10 11:00:00,29.9,73,24.5,0.0,36,685.0,3.2,270,3.2,5.878304635907295e-16
2020-09-10 12:00:00,30.0,72,24.5,0.1,23,572.0,4.8,257,4.6769763109691285,1.0797650608505531
2020-09-10 13:00:00,30.2,73,24.9,0.0,17,592.0,6.4,254,6.152074854005242,1.7640790772287929
2020-09-10 14:00:00,30.1,74,25.1,0.0,12,426.0,4.8,257,4.6769763109691285,1.0797650608505531
2020-09-10 15:00:00,30.2,72,24.6,0.2,35,452.0,2.6,236,2.1554976886431088,1.453901549023941
2020-09-10 16:00:00,29.3,74,24.2,2.6,54,252.0,2.9,240,2.511473670974872,1.4500000000000013
2020-09-10 17:00:00,28.6,77,24.2,1.6,75,127.0,5.0,201,1.7918397477265022,4.667902132486009
2020-09-10 18:00:00,28.1,80,24.3,0.0,30,25.0,3.9,124,-3.233246532964663,2.180852323535912
2020-09-10 19:00:00,27.6,82,24.3,0.0,28,0.0,4.8,132,-3.5670951622914924,3.2118269105225195
2020-09-10 20:00:00,27.3,84,24.3,0.0,24,0.0,5.4,132,-4.012982057577929,3.613305274337834
2020-09-10 21:00:00,27.0,84,24.1,0.0,21,0.0,7.1,135,-5.020458146424487,5.020458146424486
2020-09-10 22:00:00,26.9,84,23.9,0.0,25,0.0,7.4,133,-5.412017391981863,5.046787864462488
2020-09-10 23:00:00,26.5,84,23.6,0.0,28,0.0,7.7,131,-5.811263767715346,5.0516545232269054
2020-09-11 00:00:00,26.2,85,23.5,0.0,28,0.0,7.6,135,-5.374011537017761,5.37401153701776
2020-09-11 01:00:00,26.1,85,23.5,0.0,29,0.0,8.5,144,-4.996174644486023,6.876644452187052
2020-09-11 02:00:00,25.9,86,23.4,0.0,29,0.0,7.0,145,-4.0150350544573215,5.734064310022943
2020-09-11 03:00:00,25.8,86,23.3,0.0,29,0.0,7.8,146,-4.361704647071826,6.466493065929325
2020-09-11 04:00:00,25.8,85,23.1,0.0,30,0.0,7.5,145,-4.301823272632845,6.14364033216744
2020-09-11 05:00:00,25.8,84,22.9,0.0,32,0.0,7.0,145,-4.0150350544573215,5.734064310022943
2020-09-11 06:00:00,25.8,84,22.9,0.0,29,0.0,6.1,140,-3.9210044190878905,4.672871103025765
2020-09-11 07:00:00,26.3,85,23.7,0.0,34,23.0,5.6,130,-4.289848881466277,3.5996106142446203
2020-09-11 08:00:00,27.9,77,23.5,0.0,32,99.0,6.6,139,-4.329989591337347,4.981083229470295
2020-09-11 09:00:00,28.7,75,23.8,0.0,32,219.0,7.3,169,-1.3929056662487782,7.165878439167947
2020-09-11 10:00:00,29.2,76,24.4,0.0,36,279.0,7.9,196,2.177535110954292,7.59396739791272
2020-09-11 11:00:00,29.2,78,25.0,0.4,61,357.0,8.9,212,4.716281451675523,7.547628055792193
2020-09-11 12:00:00,29.6,76,24.9,0.5,63,496.0,8.9,220,5.7208097262102,6.817795543758905
2020-09-11 13:00:00,29.1,80,25.2,0.9,55,321.0,9.2,228,6.836932394392028,6.156001578501495
2020-09-11 14:00:00,29.1,81,25.5,0.1,47,234.0,9.2,222,6.156001578501495,6.836932394392027
2020-09-11 15:00:00,29.8,77,25.4,0.2,35,327.0,8.3,214,4.641301098807197,6.881011852206847
2020-09-11 16:00:00,29.7,78,25.5,0.1,29,231.0,6.9,219,4.34231069824388,5.362307134053099
2020-09-11 17:00:00,29.1,80,25.4,2.0,38,122.0,6.2,234,5.015905365124674,3.644268564213334
2020-09-11 18:00:00,28.0,87,25.6,2.6,33,25.0,3.7,151,-1.7937955949114477,3.2360929164157644
2020-09-11 19:00:00,27.3,90,25.5,1.6,23,0.0,6.0,147,-3.267834210090164,5.032023407672543
2020-09-11 20:00:00,27.0,89,25.1,0.0,24,0.0,5.9,166,-1.4273391840380396,5.72474478502838
2020-09-11 21:00:00,26.7,91,25.1,0.0,35,0.0,5.8,158,-2.172718241812291,5.377666356487366
2020-09-11 22:00:00,26.4,93,25.1,0.0,35,0.0,6.1,152,-2.863776532993933,5.385980316439454
2020-09-11 23:00:00,26.2,93,25.0,0.0,24,0.0,6.6,139,-4.329989591337347,4.981083229470295
2020-09-12 00:00:00,26.1,93,24.9,0.0,20,0.0,6.9,141,-4.342310698243878,5.3623071340531
2020-09-12 01:00:00,26.0,93,24.8,0.0,22,0.0,7.4,157,-2.891410350820626,6.811735915548059
2020-09-12 02:00:00,25.9,93,24.8,0.0,29,0.0,7.0,159,-2.5085756468171017,6.535062985480412
2020-09-12 03:00:00,26.2,93,24.9,0.0,23,0.0,6.5,146,-3.634753872559855,5.38874422160777
2020-09-12 04:00:00,26.1,92,24.7,0.0,31,0.0,5.9,142,-3.6324027044213847,4.64926344627966
2020-09-12 05:00:00,25.9,92,24.5,0.0,38,0.0,5.4,132,-4.012982057577929,3.613305274337834
2020-09-12 06:00:00,25.4,94,24.3,0.0,39,0.0,2.3,129,-1.7874357113510333,1.4474368994146256
2020-09-12 07:00:00,26.4,91,24.8,0.0,35,5.0,4.2,110,-3.946709007300816,1.4364846019678086
2020-09-12 08:00:00,27.5,86,24.8,0.0,31,43.0,3.3,103,-3.2154212137912763,0.7423384793347546
2020-09-12 09:00:00,28.2,82,24.9,0.0,37,195.0,1.8,360,4.4087284769304716e-16,-1.8
2020-09-12 10:00:00,28.7,82,25.3,0.2,35,273.0,3.3,319,2.164994795668674,-2.490541614735147
2020-09-12 11:00:00,29.1,82,25.8,0.1,59,324.0,5.5,302,4.664264528860343,-2.9145559532826257
2020-09-12 12:00:00,29.1,83,26.0,0.2,57,253.0,6.9,309,5.362307134053099,-4.342310698243879
2020-09-12 13:00:00,29.4,83,26.3,0.4,100,315.0,5.8,330,2.9000000000000026,-5.022947341949743
2020-09-12 14:00:00,29.6,80,25.8,0.4,100,304.0,6.7,324,3.938161190359572,-5.420413862312147
2020-09-12 15:00:00,29.5,85,26.7,0.4,87,320.0,2.4,333,1.0895771993749126,-2.138415658052083
2020-09-12 16:00:00,28.9,86,26.3,2.2,56,198.0,1.8,360,4.4087284769304716e-16,-1.8
2020-09-12 17:00:00,28.3,86,25.8,2.0,68,58.0,3.3,13,-0.7423384793347545,-3.2154212137912763
2020-09-12 18:00:00,27.9,88,25.8,0.0,41,15.0,3.7,29,-1.7937955949114472,-3.2360929164157644
2020-09-12 19:00:00,27.6,90,25.7,0.0,30,0.0,5.2,56,-4.3109953772862175,-2.9078030980478835
2020-09-12 20:00:00,27.5,90,25.7,0.0,28,0.0,7.0,55,-5.734064310022943,-4.015035054457322
2020-09-12 21:00:00,27.1,93,25.8,0.0,24,0.0,2.2,351,0.3441558230885084,-2.172914349309303
2020-09-12 22:00:00,26.7,94,25.6,0.0,17,0.0,4.6,309,3.5748714227020653,-2.894873798829252
2020-09-12 23:00:00,26.4,95,25.6,0.0,14,0.0,3.9,338,1.460965714322058,-3.616017032810471
2020-09-13 00:00:00,26.2,96,25.4,0.2,27,0.0,3.6,360,8.817456953860943e-16,-3.6
2020-09-13 01:00:00,26.0,96,25.3,0.2,47,0.0,3.3,49,-2.490541614735148,-2.1649947956686737
2020-09-13 02:00:00,25.9,95,25.1,0.0,56,0.0,1.1,108,-1.046162167924669,0.3399186938124421
2020-09-13 03:00:00,26.6,92,25.2,0.0,47,0.0,2.9,263,2.878383839759834,0.3534210958749267
2020-09-13 04:00:00,25.7,96,25.0,0.0,31,0.0,3.5,294,3.197409101749104,-1.4235782507652992
2020-09-13 05:00:00,25.4,96,24.7,0.0,21,0.0,4.1,322,2.5242120488351985,-3.23084408978756
2020-09-13 06:00:00,25.4,96,24.7,0.0,14,0.0,5.9,349,1.1257730727216135,-5.791600382341218
2020-09-13 07:00:00,26.7,93,25.6,0.0,19,42.0,6.8,3,-0.3558845024520181,-6.790680836331102
2020-09-13 08:00:00,27.7,88,25.5,0.0,10,167.0,6.8,3,-0.3558845024520181,-6.790680836331102
2020-09-13 09:00:00,28.7,82,25.3,0.0,14,357.0,6.5,360,1.5920408388915589e-15,-6.5
2020-09-13 10:00:00,29.4,78,25.2,0.0,12,467.0,6.1,357,0.3192493330819606,-6.0916401620029
2020-09-13 11:00:00,29.9,76,25.2,0.0,16,628.0,4.2,329,2.163159914622229,-3.600102662948871
2020-09-13 12:00:00,30.1,76,25.4,0.0,23,530.0,3.9,326,2.180852323535912,-3.233246532964663
2020-09-13 13:00:00,30.0,77,25.6,0.4,40,462.0,5.4,340,1.8469087739586103,-5.074340152243906
2020-09-13 14:00:00,29.6,79,25.5,0.7,46,382.0,6.2,339,2.2218812871808646,-5.78819864428265
2020-09-13 15:00:00,29.7,77,25.3,0.1,42,165.0,6.2,350,1.0766187015349684,-6.10580806867569
2020-09-13 16:00:00,29.3,78,25.1,0.9,47,73.0,4.8,13,-1.079765060850552,-4.676976310969129
2020-09-13 17:00:00,29.1,79,25.0,0.0,39,62.0,4.0,350,0.6945927106677215,-3.939231012048832
2020-09-13 18:00:00,28.9,79,24.9,0.0,39,15.0,2.5,270,2.5,4.592425496802574e-16
2020-09-13 19:00:00,28.5,83,25.3,0.0,38,0.0,1.5,284,1.4554435894139948,-0.3628828433995011
2020-09-13 20:00:00,27.6,88,25.3,0.2,36,0.0,3.9,56,-3.233246532964663,-2.1808523235359125
2020-09-13 21:00:00,27.0,89,25.1,0.2,40,0.0,5.0,69,-4.667902132486009,-1.791839747726502
2020-09-13 22:00:00,26.6,92,25.1,0.0,36,0.0,5.4,37,-3.2498011250210608,-4.312631754255381
2020-09-13 23:00:00,27.5,86,24.9,0.0,35,0.0,6.6,22,-2.472403516545019,-6.1194134401407965
2020-09-14 00:00:00,27.4,87,25.0,0.0,31,0.0,6.6,22,-2.472403516545019,-6.1194134401407965
2020-09-14 01:00:00,27.3,87,25.0,0.0,18,0.0,6.6,41,-4.329989591337347,-4.981083229470295
2020-09-14 02:00:00,26.8,89,24.8,0.0,11,0.0,5.7,55,-4.669166652447253,-3.2693856872009626
2020-09-14 03:00:00,25.6,92,24.2,0.0,9,0.0,2.9,60,-2.511473670974872,-1.4500000000000002
2020-09-14 04:00:00,26.3,88,24.2,0.0,2,0.0,2.3,51,-1.7874357113510329,-1.447436899414626
2020-09-14 05:00:00,27.0,84,24.1,0.0,2,0.0,1.5,45,-1.0606601717798214,-1.0606601717798214
2020-09-14 06:00:00,26.6,86,24.1,0.0,3,0.0,4.4,351,0.6883116461770169,-4.345828698618606
2020-09-14 07:00:00,26.7,90,24.9,0.0,1,51.0,6.5,19,-2.1161930039715187,-6.14587074139556
2020-09-14 08:00:00,28.1,80,24.4,0.0,1,185.0,4.7,351,0.7352419856890862,-4.642135200797148
2020-09-14 09:00:00,28.9,79,24.8,0.0,3,384.0,5.8,330,2.9000000000000026,-5.022947341949743
2020-09-14 10:00:00,29.6,77,25.1,0.0,2,574.0,6.4,333,2.9055391983331007,-5.702441754805554
2020-09-14 11:00:00,30.1,74,24.9,0.0,3,680.0,7.5,343,2.1927877854205287,-7.172285669722765
2020-09-14 12:00:00,30.5,72,24.9,0.0,5,673.0,9.5,335,4.014873486536643,-8.609923976848176
2020-09-14 13:00:00,30.7,71,25.0,0.0,12,602.0,9.4,356,0.655710853194781,-9.377102072442348
2020-09-14 14:00:00,30.6,72,25.0,0.0,15,610.0,8.7,5,-0.7582549619046259,-8.666893873398186
2020-09-14 15:00:00,30.7,72,25.0,0.0,20,481.0,7.7,349,1.469229264399394,-7.558529312547013
2020-09-14 16:00:00,30.3,74,25.1,0.0,25,281.0,4.8,13,-1.079765060850552,-4.676976310969129
2020-09-14 17:00:00,29.8,75,24.9,0.3,49,126.0,4.4,35,-2.523736319944603,-3.604268994871564
2020-09-14 18:00:00,29.4,76,24.8,0.0,42,25.0,5.2,344,1.4333142502483949,-4.998560818879258
2020-09-14 19:00:00,28.7,81,25.1,0.0,40,0.0,5.0,339,1.7918397477265038,-4.667902132486008
2020-09-14 20:00:00,28.1,84,25.2,0.0,41,0.0,4.5,346,1.0886485301985054,-4.366330768241984
2020-09-14 21:00:00,27.6,87,25.2,0.0,44,0.0,5.2,16,-1.4333142502483958,-4.998560818879258
2020-09-14 22:00:00,27.2,89,25.3,0.0,44,0.0,5.2,25,-2.197614961051637,-4.71280049259058
2020-09-14 23:00:00,27.6,88,25.4,0.0,27,0.0,3.3,13,-0.7423384793347545,-3.2154212137912763
2020-09-15 00:00:00,27.8,87,25.4,0.0,20,0.0,0.8,27,-0.3631923997916374,-0.7128052193506944
2020-09-15 01:00:00,27.6,88,25.3,0.0,22,0.0,2.8,50,-2.1449244407331385,-1.79980530712231
2020-09-15 02:00:00,27.4,88,25.2,0.0,28,0.0,3.6,53,-2.875087836170254,-2.1665340833473743
2020-09-15 03:00:00,26.4,91,24.8,0.0,34,0.0,3.1,69,-2.8940993221413254,-1.1109406435904312
2020-09-15 04:00:00,27.1,87,24.8,0.0,51,0.0,2.3,108,-2.187429987478853,0.7107390870623789
2020-09-15 05:00:00,26.1,91,24.6,0.0,35,0.0,2.9,83,-2.8783838397598336,-0.3534210958749277
2020-09-15 06:00:00,26.1,91,24.5,0.0,18,0.0,3.9,22,-1.460965714322057,-3.616017032810471
2020-09-15 07:00:00,27.1,91,25.5,0.0,12,45.0,2.5,8,-0.3479327524001636,-2.475670171853926
2020-09-15 08:00:00,28.4,83,25.1,0.0,12,189.0,4.3,5,-0.3747696938149301,-4.283637201794505
2020-09-15 09:00:00,29.1,80,25.4,0.0,9,390.0,5.8,360,1.4205902870109297e-15,-5.8
2020-09-15 10:00:00,29.8,77,25.3,0.0,6,518.0,5.5,337,2.1490212066910064,-5.062776693988422
2020-09-15 11:00:00,30.4,75,25.4,0.1,16,630.0,6.6,319,4.329989591337348,-4.981083229470294
2020-09-15 12:00:00,30.5,74,25.3,0.0,6,635.0,7.5,325,4.3018232726328485,-6.143640332167437
2020-09-15 13:00:00,30.5,74,25.3,0.0,23,576.0,9.4,328,4.981241083792128,-7.971652103870404
2020-09-15 14:00:00,30.3,75,25.4,0.2,26,496.0,11.2,345,2.8987733051482314,-10.818369254437563
2020-09-15 15:00:00,30.4,73,25.0,0.0,38,402.0,11.2,360,2.743208830090071e-15,-11.2
2020-09-15 16:00:00,30.2,73,24.9,0.0,41,262.0,10.2,10,-1.7712114122026892,-10.04503908072452
2020-09-15 17:00:00,29.8,75,25.0,0.0,32,97.0,9.0,16,-2.4807362023529924,-8.65135526344487
2020-09-15 18:00:00,29.3,77,24.9,0.0,24,26.0,6.4,16,-1.7640790772287946,-6.1520748540052415
2020-09-15 19:00:00,28.7,81,25.1,0.0,33,0.0,5.8,68,-5.377666356487367,-2.172718241812289
2020-09-15 20:00:00,28.0,85,25.3,0.0,33,0.0,5.1,82,-5.050367150582009,-0.7097828148963339
2020-09-15 21:00:00,27.4,88,25.3,0.0,37,0.0,4.6,108,-4.374859974957706,1.4214781741247575
2020-09-15 22:00:00,27.1,89,25.2,0.0,39,0.0,5.6,153,-2.542346798541462,4.989636535454859
2020-09-15 23:00:00,27.0,90,25.3,0.0,39,0.0,5.8,173,-0.7068421917498557,5.756767679519667
2020-09-16 00:00:00,26.9,91,25.4,0.0,29,0.0,6.1,177,-0.3192493330819572,6.0916401620029
2020-09-16 01:00:00,26.6,93,25.4,0.0,26,0.0,6.8,177,-0.3558845024520178,6.790680836331102
2020-09-16 02:00:00,26.4,94,25.4,0.0,17,0.0,5.5,157,-2.149021206691006,5.062776693988422
2020-09-16 03:00:00,26.2,94,25.2,0.0,8,0.0,3.8,131,-2.867896404846534,2.493024310163927
2020-09-16 04:00:00,25.9,94,24.9,0.0,8,0.0,2.3,108,-2.187429987478853,0.7107390870623789
2020-09-16 05:00:00,25.3,96,24.5,0.0,4,0.0,1.4,90,-1.4,-8.572527594031472e-17
2020-09-16 06:00:00,24.8,98,24.5,0.0,3,0.0,2.3,51,-1.7874357113510329,-1.447436899414626
2020-09-16 07:00:00,26.4,95,25.5,0.0,1,43.0,3.6,53,-2.875087836170254,-2.1665340833473743
2020-09-16 08:00:00,28.1,89,26.1,0.0,1,182.0,3.5,24,-1.4235782507653008,-3.197409101749103
2020-09-16 09:00:00,29.3,82,25.9,0.0,0,314.0,5.9,349,1.1257730727216135,-5.791600382341218
2020-09-16 10:00:00,30.1,77,25.7,0.0,1,537.0,8.4,340,2.8729692039356163,-7.893418014601631
2020-09-16 11:00:00,30.7,73,25.3,0.0,4,665.0,10.9,333,4.948496447161062,-9.71197111365321
2020-09-16 12:00:00,30.7,73,25.2,0.0,17,564.0,12.4,334,5.435802220184565,-11.14504617410967
2020-09-16 13:00:00,30.8,72,25.3,0.0,27,644.0,13.0,346,3.1449846427956825,-12.613844441587954
2020-09-16 14:00:00,30.7,73,25.2,0.0,18,495.0,12.3,355,1.0720156357961974,-12.253194786528471
2020-09-16 15:00:00,30.7,73,25.2,0.0,19,437.0,10.5,8,-1.4613175600806871,-10.397814721786489
2020-09-16 16:00:00,30.4,74,25.2,0.0,15,284.0,9.0,16,-2.4807362023529924,-8.65135526344487
2020-09-16 17:00:00,30.0,75,25.1,0.0,15,116.0,6.2,7,-0.7555899291119144,-6.153786140176196
2020-09-16 18:00:00,29.5,79,25.4,0.0,6,24.0,5.4,8,-0.7515347451843534,-5.34744757120448
2020-09-16 19:00:00,28.5,86,26.0,0.0,6,0.0,4.0,27,-1.815961998958187,-3.564026096753472
2020-09-16 20:00:00,27.9,88,25.7,0.0,2,0.0,3.3,41,-2.1649947956686737,-2.490541614735148
2020-09-16 21:00:00,28.5,84,25.6,0.0,1,0.0,3.1,36,-1.8221342821066668,-2.5079526825623373
2020-09-16 22:00:00,27.1,90,25.4,0.0,2,0.0,4.0,27,-1.815961998958187,-3.564026096753472
2020-09-16 23:00:00,26.3,93,25.1,0.0,6,0.0,4.7,23,-1.8364363038995868,-4.32637281122647
2020-09-17 00:00:00,26.1,94,25.1,0.0,14,0.0,3.6,37,-2.166534083347374,-2.875087836170254
2020-09-17 01:00:00,25.9,96,25.2,0.0,26,0.0,3.4,58,-2.8833635269318485,-1.8017254983928963
2020-09-17 02:00:00,25.9,96,25.2,0.0,33,0.0,2.9,83,-2.8783838397598336,-0.3534210958749277
2020-09-17 03:00:00,25.6,96,24.8,0.0,32,0.0,3.0,104,-2.910887178827989,0.7257656867990033
2020-09-17 04:00:00,25.7,94,24.7,0.0,31,0.0,2.3,108,-2.187429987478853,0.7107390870623789
2020-09-17 05:00:00,25.9,92,24.6,0.0,30,0.0,2.3,72,-2.1874299874788528,-0.7107390870623791
2020-09-17 06:00:00,25.6,94,24.5,0.0,31,0.0,1.8,53,-1.437543918085127,-1.0832670416736871
2020-09-17 07:00:00,27.0,90,25.3,0.0,30,37.0,3.1,36,-1.8221342821066668,-2.5079526825623373
2020-09-17 08:00:00,28.6,84,25.6,0.0,29,152.0,3.0,346,0.7257656867990037,-2.910887178827989
2020-09-17 09:00:00,29.6,81,26.0,0.0,26,353.0,5.8,330,2.9000000000000026,-5.022947341949743
2020-09-17 10:00:00,30.3,77,25.9,0.0,24,543.0,8.9,333,4.040515447681968,-7.929958065276474
2020-09-17 11:00:00,30.7,74,25.6,0.0,28,627.0,10.8,334,4.73440838532204,-9.706975700031002
2020-09-17 12:00:00,30.9,73,25.4,0.0,30,610.0,11.5,340,3.933231648245189,-10.806465139037948
2020-09-17 13:00:00,31.1,71,25.3,0.0,43,556.0,10.8,339,3.8703738550892486,-10.082668606169776
2020-09-17 14:00:00,30.8,72,25.1,0.0,43,489.0,9.5,351,1.4861274178821953,-9.383039235653808
2020-09-17 15:00:00,30.6,73,25.1,0.0,45,324.0,8.7,5,-0.7582549619046259,-8.666893873398186
2020-09-17 16:00:00,30.3,74,25.1,0.0,46,231.0,7.6,25,-3.211898789229316,-6.887939181478539
2020-09-17 17:00:00,29.8,76,25.2,0.0,52,40.0,7.0,55,-5.734064310022943,-4.015035054457322
2020-09-17 18:00:00,29.3,79,25.3,0.0,35,15.0,4.6,45,-3.2526911934581184,-3.2526911934581184
2020-09-17 19:00:00,28.6,84,25.6,0.0,32,0.0,5.4,82,-5.34744757120448,-0.7515347451843536
2020-09-17 20:00:00,27.9,88,25.7,0.0,11,0.0,5.3,118,-4.679622242152313,2.4881992827652217
2020-09-17 21:00:00,27.3,92,25.8,0.0,15,0.0,6.4,133,-4.680663690362692,4.364789504399989
2020-09-17 22:00:00,27.3,91,25.7,0.0,16,0.0,5.1,129,-3.963444403430552,3.20953399435417
2020-09-17 23:00:00,27.3,90,25.6,0.0,8,0.0,6.1,152,-2.863776532993933,5.385980316439454
2020-09-18 00:00:00,28.1,86,25.6,0.0,6,0.0,5.4,160,-1.846908773958612,5.074340152243905
2020-09-18 01:00:00,27.5,88,25.3,0.0,7,0.0,2.4,153,-1.0895771993749124,2.138415658052083
2020-09-18 02:00:00,26.8,90,25.0,0.0,5,0.0,2.5,82,-2.475670171853926,-0.3479327524001636
2020-09-18 03:00:00,26.9,91,25.2,0.0,11,0.0,2.5,90,-2.5,-1.5308084989341916e-16
2020-09-18 04:00:00,25.7,96,25.0,0.0,27,0.0,4.0,95,-3.984778792366982,0.3486229709906329
2020-09-18 05:00:00,25.8,95,24.9,0.0,36,0.0,5.8,86,-5.78587149150698,-0.4045875477159263
2020-09-18 06:00:00,25.5,94,24.5,0.0,24,0.0,4.7,81,-4.642135200797148,-0.7352419856890854
2020-09-18 07:00:00,26.5,90,24.7,0.0,14,41.0,5.1,94,-5.087576656325103,0.3557580160950391
2020-09-18 08:00:00,28.5,82,25.1,0.0,25,188.0,3.1,111,-2.8940993221413254,1.1109406435904308
2020-09-18 09:00:00,29.9,74,24.7,0.0,28,404.0,1.6,63,-1.4256104387013886,-0.726384799583275
2020-09-18 10:00:00,30.6,70,24.6,0.0,29,561.0,2.9,7,-0.3534210958749276,-2.8783838397598336
2020-09-18 11:00:00,31.2,68,24.7,0.0,32,678.0,4.7,360,1.1511679911985121e-15,-4.7
2020-09-18 12:00:00,31.4,68,24.8,0.0,45,665.0,7.1,345,1.8376152202278968,-6.858073366652385
2020-09-18 13:00:00,30.6,70,24.5,0.2,71,560.0,6.1,3,-0.3192493330819573,-6.0916401620029
2020-09-18 14:00:00,29.7,75,24.7,0.2,48,463.0,8.0,324,4.702282018339787,-6.472135954999579
2020-09-18 15:00:00,30.2,74,25.0,0.3,53,297.0,8.3,326,4.6413010988071965,-6.881011852206848
2020-09-18 16:00:00,28.7,80,24.9,0.9,67,171.0,7.1,345,1.8376152202278968,-6.858073366652385
2020-09-18 17:00:00,28.1,82,24.8,0.3,47,107.0,6.2,339,2.2218812871808646,-5.78819864428265
2020-09-18 18:00:00,27.8,85,24.9,0.1,47,20.0,4.5,331,2.181643291108516,-3.9357886821272814
2020-09-18 19:00:00,27.6,86,25.0,0.0,59,0.0,2.8,50,-2.1449244407331385,-1.79980530712231
2020-09-18 20:00:00,27.4,88,25.2,0.0,85,0.0,3.6,360,8.817456953860943e-16,-3.6
2020-09-18 21:00:00,26.9,90,25.1,0.5,71,0.0,3.7,331,1.7937955949114466,-3.236092916415765
2020-09-18 22:00:00,26.5,92,25.1,0.2,42,0.0,3.0,284,2.910887178827989,-0.7257656867990023
2020-09-18 23:00:00,26.2,93,25.0,0.0,41,0.0,5.4,278,5.34744757120448,-0.7515347451843536
2020-09-19 00:00:00,26.2,93,24.9,0.0,49,0.0,4.0,280,3.939231012048833,-0.6945927106677199
2020-09-19 01:00:00,26.1,93,25.0,0.0,44,0.0,0.0,180,-0.0,0.0
2020-09-19 02:00:00,26.4,92,25.0,0.0,54,0.0,1.3,56,-1.0777488443215544,-0.7269507745119709
2020-09-19 03:00:00,25.9,95,25.1,0.2,50,0.0,3.1,21,-1.1109406435904308,-2.8940993221413254
2020-09-19 04:00:00,26.4,93,25.1,0.2,42,0.0,2.3,39,-1.4474368994146258,-1.7874357113510329
2020-09-19 05:00:00,25.9,95,25.1,0.0,36,0.0,1.9,112,-1.761649323676896,0.7117525274902329
2020-09-19 06:00:00,25.9,94,24.9,0.0,32,0.0,5.2,254,4.998560818879259,1.4333142502483942
2020-09-19 07:00:00,26.8,90,25.1,0.0,31,28.0,4.1,232,3.2308440897875603,2.524212048835198
2020-09-19 08:00:00,27.7,85,25.0,0.0,30,121.0,2.4,243,2.138415658052083,1.0895771993749126
2020-09-19 09:00:00,28.3,85,25.4,0.0,61,215.0,3.2,297,2.8512208774027776,-1.4527695991665492
2020-09-19 10:00:00,28.9,82,25.6,0.1,50,357.0,6.1,310,4.672871103025766,-3.921004419087889
2020-09-19 11:00:00,29.5,78,25.3,0.0,45,611.0,8.7,308,6.855693556378479,-5.356254835333228
2020-09-19 12:00:00,30.0,76,25.3,0.1,45,555.0,9.2,315,6.505382386916239,-6.505382386916235
2020-09-19 13:00:00,30.1,77,25.6,0.1,54,611.0,8.2,308,6.461688179575118,-5.0484240976704
2020-09-19 14:00:00,30.1,77,25.6,0.0,43,505.0,9.4,317,6.410784584587484,-6.874724795220205
2020-09-19 15:00:00,30.2,76,25.6,0.0,45,323.0,10.1,343,2.952954217699645,-9.658678035226655
2020-09-19 16:00:00,28.8,79,24.9,2.2,61,214.0,10.1,4,-0.7045403848156655,-10.075396907624224
2020-09-19 17:00:00,28.5,81,24.9,0.1,54,89.0,7.3,9,-1.1419715947936853,-7.210124886344506
2020-09-19 18:00:00,28.3,81,24.8,0.0,20,25.0,7.2,6,-0.7526049355271051,-7.160557646651568
2020-09-19 19:00:00,27.9,84,25.0,0.0,15,0.0,4.0,10,-0.6945927106677213,-3.939231012048832
2020-09-19 20:00:00,27.4,88,25.2,0.0,17,0.0,2.9,7,-0.3534210958749276,-2.8783838397598336
2020-09-19 21:00:00,27.8,86,25.2,0.0,7,0.0,1.1,288,1.046162167924669,-0.339918693812442
2020-09-19 22:00:00,27.6,88,25.3,0.0,14,0.0,2.4,243,2.138415658052083,1.0895771993749126
2020-09-19 23:00:00,27.2,90,25.4,0.0,15,0.0,0.4,90,-0.4,-2.4492935982947065e-17
2020-09-20 00:00:00,26.3,93,25.1,0.0,8,0.0,1.6,27,-0.7263847995832748,-1.4256104387013888
2020-09-20 01:00:00,27.2,89,25.1,0.0,10,0.0,1.5,14,-0.3628828433995016,-1.4554435894139948
2020-09-20 02:00:00,27.1,89,25.1,0.0,12,0.0,1.8,11,-0.3434561916777806,-1.7669289302057951
2020-09-20 03:00:00,25.7,95,24.7,0.0,14,0.0,3.4,18,-1.0506577808748212,-3.233592155403522
2020-09-20 04:00:00,25.6,95,24.7,0.0,15,0.0,5.2,34,-2.907803098047884,-4.3109953772862175
2020-09-20 05:00:00,25.5,95,24.6,0.0,22,0.0,5.2,25,-2.197614961051637,-4.71280049259058
2020-09-20 06:00:00,25.4,95,24.6,0.0,26,0.0,5.8,338,2.172718241812292,-5.377666356487366
2020-09-20 07:00:00,26.7,93,25.5,0.0,23,38.0,5.2,348,1.0811407922523513,-5.086367523815789
2020-09-20 08:00:00,28.2,85,25.4,0.0,14,193.0,6.5,341,2.1161930039715187,-6.14587074139556
2020-09-20 09:00:00,29.1,80,25.2,0.0,25,361.0,10.7,348,2.2246550917500305,-10.46617932785172
2020-09-20 10:00:00,29.8,76,25.1,0.0,25,534.0,12.3,355,1.0720156357961974,-12.253194786528471
2020-09-20 11:00:00,30.2,73,24.9,0.0,24,553.0,13.1,351,2.0492914920270278,-12.938717261796302
2020-09-20 12:00:00,30.7,71,24.9,0.0,19,688.0,14.4,347,3.2392951825516607,-14.030928932907386
2020-09-20 13:00:00,30.8,71,24.9,0.0,38,665.0,14.8,357,0.7745721523955768,-14.779717114367694
2020-09-20 14:00:00,30.7,71,24.8,0.0,21,483.0,13.3,358,0.4641633061432609,-13.291897999353974
2020-09-20 15:00:00,30.0,76,25.3,0.2,43,319.0,13.3,2,-0.4641633061432629,-13.291897999353974
2020-09-20 16:00:00,29.9,76,25.2,0.2,29,196.0,11.6,355,1.0110066158728364,-11.555858497864248
2020-09-20 17:00:00,29.5,77,25.0,0.2,27,86.0,9.8,8,-1.363896389408641,-9.70462707366739
2020-09-20 18:00:00,29.0,79,24.9,0.1,15,18.0,4.7,9,-0.7352419856890852,-4.642135200797148
2020-09-20 19:00:00,28.4,83,25.2,0.0,16,0.0,4.7,4,-0.3278554265973889,-4.688551036221174
2020-09-20 20:00:00,27.8,86,25.3,0.1,24,0.0,5.8,7,-0.7068421917498553,-5.756767679519667
2020-09-20 21:00:00,27.2,90,25.5,0.2,32,0.0,6.8,357,0.3558845024520217,-6.790680836331102
2020-09-20 22:00:00,27.0,92,25.5,0.1,41,0.0,8.3,2,-0.2896658226307581,-8.294943864258496
2020-09-20 23:00:00,26.9,91,25.3,0.0,26,0.0,7.5,17,-2.192787785420526,-7.172285669722766
2020-09-21 00:00:00,26.8,91,25.2,0.0,26,0.0,6.7,16,-1.8467702839738944,-6.440453362786736
2020-09-21 01:00:00,26.6,91,25.1,0.0,25,0.0,7.6,19,-2.474317973874391,-7.185941174554808
2020-09-21 02:00:00,26.3,93,25.1,0.0,26,0.0,7.0,35,-4.015035054457322,-5.734064310022943
2020-09-21 03:00:00,25.7,93,24.6,0.0,21,0.0,5.9,52,-4.64926344627966,-3.632402704421384
2020-09-21 04:00:00,25.6,93,24.5,0.0,27,0.0,4.8,48,-3.5670951622914924,-3.2118269105225195
2020-09-21 05:00:00,25.5,94,24.5,0.0,23,0.0,6.8,25,-2.873804179836756,-6.162892951849219
2020-09-21 06:00:00,25.6,93,24.4,0.0,22,0.0,8.4,7,-1.0237024846032388,-8.337387673787106
2020-09-21 07:00:00,26.3,90,24.6,0.0,20,50.0,10.3,12,-2.141490415422921,-10.0749202875582
2020-09-21 08:00:00,27.8,80,24.0,0.0,20,186.0,9.5,9,-1.4861274178821933,-9.38303923565381
2020-09-21 09:00:00,28.6,77,24.2,0.0,26,387.0,10.1,2,-0.3524849166952598,-10.093847352892867
2020-09-21 10:00:00,29.4,73,24.1,0.1,44,556.0,10.8,356,0.7533699164365569,-10.773691742806102
2020-09-21 11:00:00,30.0,70,24.0,0.1,37,660.0,12.7,352,1.7674983821928365,-12.57640447301794
2020-09-21 12:00:00,30.2,69,24.0,0.2,16,689.0,14.5,353,1.7671054793746348,-14.39191919879917
2020-09-21 13:00:00,30.5,69,24.2,0.1,16,653.0,13.7,357,0.7170026005283379,-13.68122462613766
2020-09-21 14:00:00,30.3,70,24.3,0.0,25,559.0,12.6,358,0.4397336584515103,-12.592324420440606
2020-09-21 15:00:00,30.3,68,23.7,0.0,16,436.0,12.6,358,0.4397336584515103,-12.592324420440606
2020-09-21 16:00:00,29.9,69,23.5,0.0,25,244.0,12.6,358,0.4397336584515103,-12.592324420440606
2020-09-21 17:00:00,29.3,71,23.4,0.0,30,117.0,11.3,7,-1.3771235804781663,-11.215771513546938
2020-09-21 18:00:00,28.8,72,23.3,0.0,26,20.0,10.8,2,-0.3769145643870105,-10.793420931806237
2020-09-21 19:00:00,28.2,75,23.3,0.0,25,0.0,10.5,8,-1.4613175600806871,-10.397814721786489
2020-09-21 20:00:00,27.8,77,23.3,0.0,11,0.0,10.2,10,-1.7712114122026892,-10.04503908072452
2020-09-21 21:00:00,27.5,78,23.3,0.0,15,0.0,10.2,10,-1.7712114122026892,-10.04503908072452
2020-09-21 22:00:00,27.2,80,23.3,0.0,14,0.0,9.5,11,-1.812685456077176,-9.325458242752807
2020-09-21 23:00:00,26.9,81,23.3,0.0,23,0.0,9.3,13,-2.092044805397945,-9.06164160250269
2020-09-22 00:00:00,26.7,82,23.3,0.0,14,0.0,8.9,14,-2.153104870837043,-8.635631963856369
2020-09-22 01:00:00,26.4,83,23.3,0.0,20,0.0,8.4,7,-1.0237024846032388,-8.337387673787106
2020-09-22 02:00:00,26.0,85,23.3,0.0,25,0.0,8.4,7,-1.0237024846032388,-8.337387673787106
2020-09-22 03:00:00,25.7,85,23.0,0.0,32,0.0,7.6,8,-1.0577155672964973,-7.5260373224359345
2020-09-22 04:00:00,25.5,87,23.1,0.0,32,0.0,7.2,3,-0.3768188849491956,-7.190132650232932
2020-09-22 05:00:00,25.4,87,23.1,0.0,33,0.0,8.5,12,-1.7672493719509543,-8.314254606237348
2020-09-22 06:00:00,25.5,86,23.0,0.0,29,0.0,8.3,355,0.7233926648055641,-8.268415994161488
2020-09-22 07:00:00,26.2,84,23.2,0.0,32,52.0,6.3,13,-1.4171916423663495,-6.1385314081469815
2020-09-22 08:00:00,27.4,76,22.8,0.0,28,206.0,6.4,16,-1.7640790772287946,-6.1520748540052415
2020-09-22 09:00:00,28.3,72,22.8,0.0,32,388.0,6.8,3,-0.3558845024520181,-6.790680836331102
2020-09-22 10:00:00,29.0,69,22.8,0.0,37,536.0,8.7,353,1.0602632876247808,-8.635151519279502
2020-09-22 11:00:00,29.7,67,22.9,0.0,33,646.0,10.2,352,1.419565629792672,-10.100734301164016
2020-09-22 12:00:00,30.1,66,23.0,0.0,33,628.0,11.0,349,2.098898949141992,-10.797899017924305
2020-09-22 13:00:00,30.5,65,23.2,0.0,27,704.0,11.1,347,2.496956703216905,-10.815507719116107
2020-09-22 14:00:00,30.6,65,23.1,0.0,30,555.0,12.1,343,3.5376976271451195,-11.571287547152728
2020-09-22 15:00:00,30.4,64,23.0,0.0,28,453.0,12.9,342,3.986319227436825,-12.26862906020748
2020-09-22 16:00:00,30.0,66,22.8,0.0,28,290.0,13.7,346,3.3143299697154496,-13.293051449981151
2020-09-22 17:00:00,29.3,67,22.6,0.0,34,145.0,12.7,352,1.7674983821928365,-12.57640447301794
2020-09-22 18:00:00,28.6,70,22.6,0.0,28,22.0,9.9,350,1.719116958902611,-9.74959675482086
2020-09-22 19:00:00,27.9,74,22.7,0.0,25,0.0,10.1,358,0.3524849166952583,-10.093847352892867
2020-09-22 20:00:00,27.3,78,23.2,0.0,22,0.0,10.1,2,-0.3524849166952598,-10.093847352892867
2020-09-22 21:00:00,26.8,81,23.3,0.0,16,0.0,10.1,358,0.3524849166952583,-10.093847352892867
2020-09-22 22:00:00,25.9,87,23.6,0.0,8,0.0,10.1,2,-0.3524849166952598,-10.093847352892867
2020-09-22 23:00:00,25.5,90,23.6,0.0,7,0.0,8.8,19,-2.8649997592229792,-8.320563465273988
2020-09-23 00:00:00,25.2,92,23.8,0.0,2,0.0,6.4,38,-3.940233442084213,-5.043268823083021
2020-09-23 01:00:00,25.0,94,23.9,0.0,3,0.0,3.6,37,-2.166534083347374,-2.875087836170254
2020-09-23 02:00:00,25.0,94,24.0,0.0,2,0.0,2.4,27,-1.0895771993749122,-2.138415658052083
2020-09-23 03:00:00,25.3,87,23.0,0.0,1,0.0,2.0,315,1.4142135623730954,-1.4142135623730947
2020-09-23 04:00:00,25.7,85,23.0,0.0,0,0.0,4.3,294,3.9282454678631846,-1.7489675652259389
2020-09-23 05:00:00,25.6,85,22.9,0.0,0,0.0,5.0,291,4.667902132486009,-1.791839747726502
2020-09-23 06:00:00,26.0,83,22.8,0.0,1,0.0,2.6,304,2.1554976886431083,-1.4539015490239422
2020-09-23 07:00:00,26.1,85,23.3,0.0,1,50.0,1.8,11,-0.3434561916777806,-1.7669289302057951
2020-09-23 08:00:00,27.5,75,22.7,0.0,5,200.0,3.0,346,0.7257656867990037,-2.910887178827989
2020-09-23 09:00:00,28.3,71,22.6,0.0,8,417.0,4.6,321,2.894873798829254,-3.5748714227020644
2020-09-23 10:00:00,28.9,68,22.5,0.0,17,568.0,6.0,327,3.267834210090162,-5.032023407672544
2020-09-23 11:00:00,29.6,66,22.6,0.0,14,703.0,7.9,330,3.950000000000004,-6.841600689897064
2020-09-23 12:00:00,30.1,65,22.8,0.0,14,730.0,9.7,329,4.9958693266275285,-8.314522816810486
2020-09-23 13:00:00,30.4,65,23.0,0.0,13,700.0,11.3,333,5.130092647056881,-10.068373723328556
2020-09-23 14:00:00,30.4,65,23.2,0.0,11,623.0,11.5,340,3.933231648245189,-10.806465139037948
2020-09-23 15:00:00,30.4,64,22.9,0.0,6,491.0,13.0,341,4.232386007943037,-12.29174148279112
2020-09-23 16:00:00,30.1,65,22.8,0.0,6,326.0,13.7,342,4.233532822936783,-13.029474273243602
2020-09-23 17:00:00,29.4,67,22.7,0.0,7,140.0,11.2,345,2.8987733051482314,-10.818369254437563
2020-09-23 18:00:00,28.5,71,22.8,0.0,23,24.0,9.6,340,3.2833933759264187,-9.02104915954472
2020-09-23 19:00:00,27.8,74,22.8,0.0,23,0.0,9.8,343,2.8652427062828245,-9.371786608437748
2020-09-23 20:00:00,27.4,76,22.8,0.0,20,0.0,9.1,353,1.1090110249868397,-9.03216997993603
2020-09-23 21:00:00,27.2,77,22.8,0.0,9,0.0,8.0,352,1.113384807680527,-7.922144549932562
2020-09-23 22:00:00,26.8,79,23.0,0.0,16,0.0,8.3,355,0.7233926648055641,-8.268415994161488
2020-09-23 23:00:00,26.3,83,23.1,0.0,23,0.0,7.6,360,1.8614631347039767e-15,-7.6
2020-09-24 00:00:00,26.0,84,23.0,0.0,20,0.0,8.3,5,-0.7233926648055629,-8.268415994161488
2020-09-24 01:00:00,25.8,85,23.0,0.0,17,0.0,8.3,5,-0.7233926648055629,-8.268415994161488
2020-09-24 02:00:00,25.6,86,23.0,0.0,7,0.0,7.9,360,1.934941942652818e-15,-7.9
2020-09-24 03:00:00,25.7,85,23.0,0.0,5,0.0,7.9,357,0.4134540543192605,-7.889173324561134
2020-09-24 04:00:00,25.6,86,23.1,0.0,7,0.0,8.0,355,0.6972459419812665,-7.969557584733964
2020-09-24 05:00:00,25.5,87,23.1,0.0,23,0.0,7.6,352,1.0577155672965006,-7.526037322435934
2020-09-24 06:00:00,25.5,87,23.2,0.0,29,0.0,8.2,345,2.1223161698406696,-7.92059177557036
2020-09-24 07:00:00,26.3,85,23.6,0.0,28,33.0,7.3,349,1.392905666248776,-7.165878439167947
2020-09-24 08:00:00,27.6,78,23.5,0.0,24,135.0,8.8,348,1.829622879196287,-8.60769888645749
2020-09-24 09:00:00,28.5,73,23.2,0.0,16,297.0,10.3,348,2.141490415422927,-10.074920287558198
2020-09-24 10:00:00,29.3,70,23.3,0.0,19,458.0,10.9,343,3.186851581477835,-10.423721839997086
2020-09-24 11:00:00,29.7,69,23.4,0.0,32,499.0,12.2,341,3.971931484377312,-11.535326622311665
2020-09-24 12:00:00,30.0,69,23.7,0.0,35,466.0,14.1,341,4.590510977845909,-13.331811915950368
2020-09-24 13:00:00,30.3,69,24.0,0.0,9,634.0,14.7,343,4.297864059424236,-14.05767991265662
2020-09-24 14:00:00,30.4,70,24.2,0.0,9,572.0,15.4,344,4.244815279581784,-14.80343011745011
2020-09-24 15:00:00,29.8,70,23.9,0.0,14,430.0,15.8,348,3.285004714920606,-15.45473209159413
2020-09-24 16:00:00,29.2,73,23.8,0.4,25,274.0,17.2,350,2.986748655871202,-16.938693351809977
2020-09-24 17:00:00,27.9,79,24.0,0.4,55,95.0,16.6,355,1.4467853296111282,-16.536831988322977
2020-09-24 18:00:00,27.3,81,23.7,0.0,32,11.0,14.8,357,0.7745721523955768,-14.779717114367694
2020-09-24 19:00:00,27.0,82,23.6,0.0,30,0.0,13.4,354,1.4006814077865557,-13.326593397934865
2020-09-24 20:00:00,26.6,83,23.5,0.0,29,0.0,15.2,353,1.8524140197582375,-15.086701504948095
2020-09-24 21:00:00,26.2,84,23.4,0.0,33,0.0,15.8,360,3.869883885305636e-15,-15.8
2020-09-24 22:00:00,25.8,86,23.2,0.0,34,0.0,14.8,4,-1.0323958114130545,-14.763947943845398
2020-09-24 23:00:00,25.5,86,23.0,0.0,35,0.0,13.7,5,-1.1940336756429168,-13.647867363856914
2020-09-25 00:00:00,25.3,86,22.9,0.0,16,0.0,12.6,5,-1.098162358620493,-12.552053195955994
2020-09-25 01:00:00,25.1,87,22.7,0.0,10,0.0,11.9,2,-0.4153040107597615,-11.89275084152724
2020-09-25 02:00:00,25.0,87,22.7,0.0,11,0.0,13.3,358,0.4641633061432609,-13.291897999353974
2020-09-25 03:00:00,25.0,88,22.9,0.0,23,0.0,14.0,1,-0.2443336901219691,-13.997867732189478
2020-09-25 04:00:00,25.0,87,22.8,0.0,39,0.0,14.0,360,3.429011037612589e-15,-14.0
2020-09-25 05:00:00,25.0,86,22.6,0.0,40,0.0,14.4,360,3.5269827815443773e-15,-14.4
2020-09-25 06:00:00,25.1,86,22.5,0.0,38,0.0,14.8,1,-0.258295615271796,-14.79774588831459
2020-09-25 07:00:00,25.7,83,22.5,0.0,60,27.0,15.8,360,3.869883885305636e-15,-15.8
2020-09-25 08:00:00,26.6,78,22.4,0.0,51,117.0,15.2,355,1.3247672897644065,-15.142159410994532
2020-09-25 09:00:00,27.5,74,22.4,0.0,46,206.0,15.8,359,0.2757480217090802,-15.797593583470984
2020-09-25 10:00:00,28.2,71,22.4,0.0,50,308.0,13.7,5,-1.1940336756429168,-13.647867363856914
2020-09-25 11:00:00,28.6,70,22.5,0.0,37,315.0,11.9,355,1.037153338697134,-11.854716907291772
2020-09-25 12:00:00,29.1,68,22.7,0.0,27,425.0,11.8,348,2.4533579516495667,-11.542141688658909
2020-09-25 13:00:00,29.5,67,22.7,0.0,58,481.0,12.7,345,3.2870018728020125,-12.267257993871167
2020-09-25 14:00:00,29.4,66,22.4,0.0,61,444.0,15.8,348,3.285004714920606,-15.45473209159413
2020-09-25 15:00:00,28.7,67,21.9,0.0,54,109.0,17.0,356,1.1858600536501358,-16.958588854417012
2020-09-25 16:00:00,28.3,67,21.6,0.0,50,131.0,15.5,1,-0.2705122997778944,-15.497639274924063
2020-09-25 17:00:00,27.8,68,21.4,0.0,60,66.0,12.6,5,-1.098162358620493,-12.552053195955994
2020-09-25 18:00:00,27.1,71,21.3,0.0,50,13.0,9.1,9,-1.4235536318661008,-8.987963899415753
2020-09-25 19:00:00,26.6,73,21.4,0.0,56,0.0,8.7,5,-0.7582549619046259,-8.666893873398186
2020-09-25 20:00:00,26.3,74,21.4,0.0,21,0.0,8.1,13,-1.8221035401853063,-7.892397524760405
2020-09-25 21:00:00,26.1,77,21.7,0.0,11,0.0,8.1,21,-2.902780391316932,-7.562001454627333
2020-09-25 22:00:00,25.8,80,22.0,0.0,13,0.0,6.9,9,-1.079397808777593,-6.815049550106451
2020-09-25 23:00:00,25.5,82,22.2,0.0,11,0.0,7.9,3,-0.4134540543192563,-7.889173324561134
2020-09-26 00:00:00,25.2,84,22.3,0.0,36,0.0,8.8,9,-1.3766232923540318,-8.691657397237213
2020-09-26 01:00:00,24.7,88,22.6,0.0,33,0.0,8.1,13,-1.8221035401853063,-7.892397524760405
2020-09-26 02:00:00,25.1,86,22.5,0.0,32,0.0,7.6,5,-0.662383644882202,-7.571079705497266
2020-09-26 03:00:00,24.6,85,21.9,0.0,36,0.0,7.6,355,0.6623836448822031,-7.571079705497266
2020-09-26 04:00:00,24.3,87,22.1,0.0,40,0.0,6.7,344,1.8467702839738929,-6.440453362786736
2020-09-26 05:00:00,24.2,89,22.3,0.0,44,0.0,4.7,360,1.1511679911985121e-15,-4.7
2020-09-26 06:00:00,24.0,91,22.5,0.0,45,0.0,5.1,8,-0.7097828148963337,-5.050367150582009
2020-09-26 07:00:00,25.4,85,22.6,0.0,44,26.0,3.5,66,-3.197409101749103,-1.4235782507653008
2020-09-26 08:00:00,26.8,74,21.7,0.0,41,124.0,2.5,90,-2.5,-1.5308084989341916e-16
2020-09-26 09:00:00,27.6,72,22.1,0.0,25,283.0,2.3,342,0.7107390870623796,-2.1874299874788528
2020-09-26 10:00:00,28.4,70,22.5,0.0,20,430.0,3.3,319,2.164994795668674,-2.490541614735147
2020-09-26 11:00:00,29.0,68,22.5,0.0,24,544.0,4.0,297,3.564026096753472,-1.8159619989581863
2020-09-26 12:00:00,29.3,67,22.5,0.0,26,552.0,6.1,298,5.385980316439455,-2.8637765329939318
2020-09-26 13:00:00,29.4,67,22.6,0.0,38,555.0,7.4,313,5.412017391981861,-5.04678786446249
2020-09-26 14:00:00,29.4,67,22.7,0.0,48,502.0,6.9,317,4.705788684431238,-5.046340541172278
2020-09-26 15:00:00,29.4,65,22.2,0.0,60,308.0,5.2,326,2.907803098047882,-4.3109953772862175
2020-09-26 16:00:00,28.8,68,22.4,0.0,56,175.0,4.3,360,1.0531962472667237e-15,-4.3
2020-09-26 17:00:00,28.3,71,22.5,0.0,53,77.0,4.3,42,-2.8772616073430903,-3.195522749552795
2020-09-26 18:00:00,27.6,75,22.7,0.0,35,15.0,4.8,63,-4.276831316104166,-2.1791543987498248
2020-09-26 19:00:00,27.1,78,23.0,0.0,33,0.0,4.6,72,-4.3748599749577055,-1.4214781741247582
2020-09-26 20:00:00,26.7,81,23.1,0.0,42,0.0,5.6,75,-5.409184627218783,-1.449386652574116
2020-09-26 21:00:00,26.3,84,23.3,0.0,35,0.0,5.1,98,-5.050367150582009,0.7097828148963332
2020-09-26 22:00:00,25.9,89,23.9,0.0,62,0.0,3.5,114,-3.197409101749103,1.423578250765301
2020-09-26 23:00:00,26.4,85,23.6,0.0,71,0.0,2.6,34,-1.453901549023942,-2.1554976886431088
2020-09-27 00:00:00,26.2,86,23.6,0.0,67,0.0,4.7,9,-0.7352419856890852,-4.642135200797148
2020-09-27 01:00:00,26.1,87,23.7,0.0,67,0.0,6.5,19,-2.1161930039715187,-6.14587074139556
2020-09-27 02:00:00,26.4,84,23.5,0.0,55,0.0,7.1,24,-2.887830165838181,-6.486172749262466
2020-09-27 03:00:00,25.7,84,22.8,0.0,48,0.0,6.8,32,-3.603450996785793,-5.766727053863696
2020-09-27 04:00:00,25.7,83,22.6,0.0,52,0.0,6.4,27,-2.9055391983331,-5.702441754805555
2020-09-27 05:00:00,25.6,83,22.5,0.0,43,0.0,7.1,24,-2.887830165838181,-6.486172749262466
2020-09-27 06:00:00,25.5,84,22.6,0.0,33,0.0,7.2,360,1.7634913907721889e-15,-7.2
2020-09-27 07:00:00,26.1,82,22.8,0.0,20,34.0,8.3,360,2.0329136865846065e-15,-8.3
2020-09-27 08:00:00,27.1,76,22.5,0.0,20,166.0,8.3,360,2.0329136865846065e-15,-8.3
2020-09-27 09:00:00,27.8,74,22.6,0.0,45,306.0,8.7,7,-1.060263287624783,-8.6351515192795
2020-09-27 10:00:00,28.5,72,22.9,0.0,47,467.0,9.4,7,-1.1455718280083864,-9.329933825428428
2020-09-27 11:00:00,29.0,70,23.0,0.0,43,440.0,8.8,348,1.829622879196287,-8.60769888645749
2020-09-27 12:00:00,29.3,69,23.1,0.0,39,375.0,10.6,336,4.311408416603482,-9.68358185101157
2020-09-27 13:00:00,29.4,69,23.2,0.0,31,434.0,11.6,334,5.085105302753302,-10.426010937070334
2020-09-27 14:00:00,29.5,69,23.2,0.0,30,394.0,12.6,340,4.309453805903424,-11.840127021902443
2020-09-27 15:00:00,29.1,69,22.8,0.1,24,357.0,14.7,349,2.8048922320352063,-14.42991959668066
2020-09-27 16:00:00,28.7,70,22.7,0.0,20,235.0,16.2,357,0.8478424911356988,-16.177798463024097
2020-09-27 17:00:00,28.1,72,22.6,0.0,13,79.0,15.5,1,-0.2705122997778944,-15.497639274924063
2020-09-27 18:00:00,27.3,75,22.5,0.0,15,14.0,15.1,357,0.79027293926846,-15.079305974794064
2020-09-27 19:00:00,26.7,77,22.4,0.0,19,0.0,14.1,357,0.7379369830255156,-14.080676440039491
2020-09-27 20:00:00,26.2,80,22.4,0.0,17,0.0,13.0,358,0.4536934571325107,-12.992080751248244
2020-09-27 21:00:00,25.9,81,22.4,0.0,17,0.0,13.3,357,0.6960682180311601,-13.281772812235833
2020-09-27 22:00:00,25.6,83,22.4,0.0,26,0.0,11.2,358,0.3908743630680092,-11.193177262613872
2020-09-27 23:00:00,25.4,84,22.5,0.0,18,0.0,8.3,358,0.2896658226307568,-8.294943864258496
2020-09-28 00:00:00,25.1,86,22.6,0.0,16,0.0,7.4,346,1.7902220274375422,-7.180188374442374
2020-09-28 01:00:00,24.9,87,22.5,0.0,25,0.0,6.5,357,0.3401837155791384,-6.49109197590473
2020-09-28 02:00:00,24.7,88,22.5,0.0,17,0.0,9.0,360,2.204364238465236e-15,-9.0
2020-09-28 03:00:00,24.3,89,22.3,0.0,9,0.0,10.5,356,0.7324429743133192,-10.474422527728152
2020-09-28 04:00:00,24.4,88,22.2,0.0,7,0.0,10.1,356,0.7045403848156689,-10.075396907624224
2020-09-28 05:00:00,24.5,87,22.2,0.0,12,0.0,9.8,354,1.0243789400230034,-9.746314574609078
2020-09-28 06:00:00,24.4,88,22.2,0.0,7,0.0,10.8,356,0.7533699164365569,-10.773691742806102
2020-09-28 07:00:00,25.1,85,22.4,0.0,15,41.0,10.5,354,1.0975488643103608,-10.44247990136687
2020-09-28 08:00:00,26.2,79,22.2,0.0,17,152.0,10.1,354,1.0557374790032994,-10.04467114321956
2020-09-28 09:00:00,27.2,74,22.1,0.0,33,280.0,10.2,352,1.419565629792672,-10.100734301164016
2020-09-28 10:00:00,27.8,72,22.2,0.0,41,336.0,10.8,345,2.7952456871072235,-10.431998923921938
2020-09-28 11:00:00,28.1,71,22.2,0.0,58,363.0,13.8,340,4.719877977894227,-12.967758166845536
2020-09-28 12:00:00,28.1,71,22.3,0.0,63,328.0,15.1,348,3.139466531348174,-14.770028771080463
2020-09-28 13:00:00,28.4,70,22.4,0.2,38,387.0,14.3,350,2.4831689406371047,-14.082750868074577
2020-09-28 14:00:00,28.6,69,22.5,0.0,22,439.0,14.6,350,2.535263393937184,-14.378193193978236
2020-09-28 15:00:00,29.0,67,22.3,0.0,14,352.0,14.5,353,1.7671054793746348,-14.39191919879917
2020-09-28 16:00:00,28.9,67,22.2,0.0,12,257.0,13.6,348,2.827598995121534,-13.302807369979757
2020-09-28 17:00:00,28.2,70,22.3,0.0,10,107.0,14.2,344,3.914050452601385,-13.649916082324127
2020-09-28 18:00:00,27.2,75,22.4,0.0,23,14.0,15.7,349,2.995701227411751,-15.411546780128324
2020-09-28 19:00:00,26.6,78,22.4,0.0,20,0.0,13.4,352,1.8649195528648828,-13.26959212113704
2020-09-28 20:00:00,26.2,80,22.5,0.0,28,0.0,12.1,348,2.5157314588948942,-11.835585968879046
2020-09-28 21:00:00,26.0,81,22.6,0.0,37,0.0,11.7,342,3.615498834186888,-11.127361240653295
2020-09-28 22:00:00,25.8,82,22.6,0.0,45,0.0,11.2,345,2.8987733051482314,-10.818369254437563
2020-09-28 23:00:00,25.8,82,22.6,0.0,45,0.0,10.1,343,2.952954217699645,-9.658678035226655
2020-09-29 00:00:00,25.6,84,22.6,0.0,41,0.0,9.4,342,2.9047597471245084,-8.939931253174443
2020-09-29 01:00:00,25.5,84,22.6,0.0,29,0.0,10.4,346,2.515987714236546,-10.091075553270365
2020-09-29 02:00:00,25.4,84,22.5,0.0,13,0.0,12.0,353,1.4624321208617668,-11.910553819695863
2020-09-29 03:00:00,25.3,86,22.7,0.0,9,0.0,13.7,357,0.7170026005283379,-13.68122462613766
2020-09-29 04:00:00,25.3,85,22.6,0.0,8,0.0,13.7,358,0.4781231048242612,-13.691654330161612
2020-09-29 05:00:00,25.2,86,22.6,0.0,7,0.0,13.0,354,1.3588700224794945,-12.928784639787551
2020-09-29 06:00:00,25.2,85,22.6,0.0,13,0.0,13.2,349,2.5186787389703893,-12.957478821509165
2020-09-29 07:00:00,25.8,83,22.7,0.0,2,43.0,13.0,346,3.1449846427956825,-12.613844441587954
2020-09-29 08:00:00,26.7,78,22.5,0.0,1,183.0,13.2,343,3.85930650234013,-12.623222778712066
2020-09-29 09:00:00,27.7,73,22.5,0.0,3,366.0,12.0,344,3.3076482698039875,-11.535140351259829
2020-09-29 10:00:00,28.6,69,22.5,0.0,5,537.0,10.9,343,3.186851581477835,-10.423721839997086
2020-09-29 11:00:00,29.3,67,22.6,0.0,12,644.0,9.8,336,3.986019102142842,-8.95274548489749
2020-09-29 12:00:00,29.7,66,22.6,0.0,11,628.0,10.0,322,6.156614753256582,-7.88010753606722
2020-09-29 13:00:00,29.8,65,22.5,0.0,1,629.0,11.7,315,8.273149339882607,-8.273149339882604
2020-09-29 14:00:00,29.7,65,22.4,0.0,14,563.0,14.3,319,9.381644114564256,-10.79234699718564
2020-09-29 15:00:00,29.2,66,22.1,0.0,17,376.0,15.1,335,6.381535752284558,-13.685247584253416
2020-09-29 16:00:00,28.8,66,21.8,0.0,15,266.0,15.4,349,2.938458528798788,-15.117058625094026
2020-09-29 17:00:00,28.3,67,21.6,0.0,14,127.0,13.7,357,0.7170026005283379,-13.68122462613766
2020-09-29 18:00:00,27.5,70,21.7,0.0,22,12.0,11.5,356,0.8021994480574448,-11.47198657798798
2020-09-29 19:00:00,27.0,73,21.7,0.0,17,0.0,11.9,357,0.622797879291038,-11.88369146357943
2020-09-29 20:00:00,26.5,75,21.8,0.0,8,0.0,10.4,358,0.3629547657060086,-10.393664600998596
2020-09-29 21:00:00,26.2,78,22.0,0.0,2,0.0,8.6,360,2.1063924945334478e-15,-8.6
2020-09-29 22:00:00,25.8,82,22.5,0.0,1,0.0,8.0,350,1.389185421335443,-7.878462024097664
2020-09-29 23:00:00,25.5,84,22.7,0.0,0,0.0,4.6,342,1.4214781741247593,-4.3748599749577055
2020-09-30 00:00:00,25.1,87,22.9,0.0,11,0.0,2.4,333,1.0895771993749126,-2.138415658052083
2020-09-30 01:00:00,24.4,91,22.8,0.0,12,0.0,4.0,5,-0.3486229709906326,-3.984778792366982
2020-09-30 02:00:00,24.3,91,22.7,0.0,13,0.0,5.2,25,-2.197614961051637,-4.71280049259058
2020-09-30 03:00:00,24.1,90,22.4,0.0,22,0.0,4.7,23,-1.8364363038995868,-4.32637281122647
2020-09-30 04:00:00,24.0,91,22.4,0.0,32,0.0,3.3,13,-0.7423384793347545,-3.2154212137912763
2020-09-30 05:00:00,23.7,92,22.3,0.0,45,0.0,4.3,360,1.0531962472667237e-15,-4.3
2020-09-30 06:00:00,23.6,92,22.3,0.0,30,0.0,6.0,343,1.7542302283364228,-5.737828535778212
2020-09-30 07:00:00,25.0,87,22.6,0.0,38,36.0,6.1,357,0.3192493330819606,-6.0916401620029
2020-09-30 08:00:00,26.5,79,22.5,0.0,35,147.0,6.5,6,-0.6794350112397476,-6.4643923198937765
2020-09-30 09:00:00,27.4,74,22.4,0.0,22,322.0,6.8,360,1.6655196468404002e-15,-6.8
2020-09-30 10:00:00,28.3,70,22.4,0.0,26,514.0,9.1,351,1.4235536318661028,-8.987963899415753
2020-09-30 11:00:00,29.0,67,22.3,0.0,21,611.0,11.4,347,2.564442019520065,-11.10781873855168
2020-09-30 12:00:00,29.2,65,22.0,0.0,38,548.0,13.4,346,3.2417534010355493,-13.001962732098352
2020-09-30 13:00:00,28.9,67,22.1,0.0,62,369.0,14.3,350,2.4831689406371047,-14.082750868074577
2020-09-30 14:00:00,28.5,68,22.0,0.0,38,310.0,15.5,356,1.0812253430339474,-15.462242779027276
2020-09-30 15:00:00,28.1,68,21.6,0.0,30,208.0,15.8,360,3.869883885305636e-15,-15.8
2020-09-30 16:00:00,27.5,69,21.4,0.0,35,167.0,16.2,3,-0.8478424911356901,-16.177798463024097
2020-09-30 17:00:00,26.9,71,21.2,0.0,18,68.0,13.7,3,-0.7170026005283305,-13.68122462613766
2020-09-30 18:00:00,26.2,74,21.2,0.0,20,11.0,11.2,354,1.1707187885977182,-11.13864522812466
2020-09-30 19:00:00,25.7,76,21.2,0.0,32,0.0,10.8,358,0.3769145643870089,-10.793420931806237
2020-09-30 20:00:00,25.2,78,21.1,0.0,43,0.0,9.8,8,-1.363896389408641,-9.70462707366739
2020-09-30 21:00:00,25.1,78,21.0,0.0,35,0.0,7.3,9,-1.1419715947936853,-7.210124886344506
2020-09-30 22:00:00,24.9,79,21.1,0.0,24,0.0,7.6,355,0.6623836448822031,-7.571079705497266
2020-09-30 23:00:00,24.7,81,21.2,0.0,17,0.0,7.6,3,-0.3977532674463731,-7.589584464134761
2020-10-01 00:00:00,24.6,82,21.4,0.0,41,0.0,7.3,9,-1.1419715947936853,-7.210124886344506
2020-10-01 01:00:00,24.6,83,21.5,0.0,38,0.0,6.0,33,-3.2678342100901627,-5.032023407672544
2020-10-01 02:00:00,24.5,85,21.7,0.0,30,0.0,4.9,73,-4.685893304218874,-1.4326213531414105
2020-10-01 03:00:00,24.6,83,21.6,0.0,29,0.0,4.8,103,-4.676976310969129,1.079765060850552
2020-10-01 04:00:00,24.2,87,22.0,0.0,29,0.0,4.4,125,-3.604268994871564,2.5237363199446032
2020-10-01 05:00:00,25.0,83,21.9,0.0,16,0.0,2.0,135,-1.4142135623730951,1.414213562373095
2020-10-01 06:00:00,25.4,81,21.9,0.0,14,0.0,1.6,27,-0.7263847995832748,-1.4256104387013888
2020-10-01 07:00:00,25.4,86,22.9,0.0,14,34.0,4.4,35,-2.523736319944603,-3.604268994871564
2020-10-01 08:00:00,26.6,76,22.1,0.0,5,139.0,4.1,38,-2.524212048835199,-3.2308440897875594
2020-10-01 09:00:00,27.4,74,22.4,0.0,4,302.0,2.6,16,-0.7166571251241979,-2.499280409439629
2020-10-01 10:00:00,28.0,73,22.7,0.0,8,436.0,3.5,336,1.4235782507653003,-3.1974091017491038
2020-10-01 11:00:00,28.5,72,23.0,0.0,39,605.0,3.8,319,2.493024310163928,-2.867896404846533
2020-10-01 12:00:00,28.7,72,23.1,0.0,38,488.0,5.4,307,4.312631754255383,-3.249801125021059
2020-10-01 13:00:00,28.9,71,23.0,0.2,42,510.0,6.6,315,4.666904755831214,-4.6669047558312124
2020-10-01 14:00:00,28.7,71,23.0,0.0,39,393.0,7.4,321,4.656970893768801,-5.750880114781583
2020-10-01 15:00:00,29.2,67,22.3,0.0,47,278.0,8.4,340,2.8729692039356163,-7.893418014601631
2020-10-01 16:00:00,28.5,69,22.3,0.1,58,226.0,6.5,354,0.6794350112397471,-6.4643923198937765
2020-10-01 17:00:00,27.6,72,22.0,0.2,42,70.0,2.4,27,-1.0895771993749122,-2.138415658052083
2020-10-01 18:00:00,26.8,77,22.5,0.0,66,9.0,1.6,27,-0.7263847995832748,-1.4256104387013888
2020-10-01 19:00:00,26.3,81,22.8,0.0,49,0.0,1.3,34,-0.726950774511971,-1.0777488443215544
2020-10-01 20:00:00,25.9,84,23.0,0.0,44,0.0,2.4,27,-1.0895771993749122,-2.138415658052083
2020-10-01 21:00:00,25.5,87,23.1,0.2,50,0.0,4.2,20,-1.4364846019678086,-3.946709007300816
2020-10-01 22:00:00,25.2,88,23.1,0.0,32,0.0,5.3,28,-2.4881992827652213,-4.679622242152313
2020-10-01 23:00:00,25.0,89,23.0,0.0,40,0.0,4.2,59,-3.600102662948872,-2.163159914622228
2020-10-02 00:00:00,24.6,92,23.2,0.0,29,0.0,3.1,111,-2.8940993221413254,1.1109406435904308
2020-10-02 01:00:00,25.0,88,22.9,0.0,31,0.0,1.8,143,-1.0832670416736867,1.4375439180851273
2020-10-02 02:00:00,25.4,86,22.8,0.0,32,0.0,0.0,180,-0.0,0.0
2020-10-02 03:00:00,24.3,92,22.9,0.0,34,0.0,1.4,360,3.4290110376125893e-16,-1.4
2020-10-02 04:00:00,23.9,93,22.7,0.0,30,0.0,3.2,360,7.837739514543061e-16,-3.2
2020-10-02 05:00:00,23.8,94,22.7,0.0,32,0.0,4.3,5,-0.3747696938149301,-4.283637201794505
2020-10-02 06:00:00,23.8,93,22.6,0.0,21,0.0,4.2,70,-3.9467090073008153,-1.436484601967809
2020-10-02 07:00:00,24.9,90,23.1,0.0,17,35.0,4.0,85,-3.984778792366982,-0.3486229709906325
2020-10-02 08:00:00,26.2,81,22.7,0.0,4,164.0,2.5,90,-2.5,-1.5308084989341916e-16
2020-10-02 09:00:00,26.8,77,22.4,0.0,7,293.0,0.8,117,-0.7128052193506944,0.3631923997916374
2020-10-02 10:00:00,27.6,73,22.3,0.0,11,494.0,1.3,236,1.0777488443215544,0.7269507745119705
2020-10-02 11:00:00,28.4,68,21.9,0.0,9,585.0,2.6,254,2.499280409439629,0.7166571251241971
2020-10-02 12:00:00,29.0,64,21.5,0.0,23,608.0,4.5,256,4.366330768241984,1.088648530198505
2020-10-02 13:00:00,29.3,63,21.4,0.0,21,529.0,6.3,283,6.1385314081469815,-1.4171916423663489
2020-10-02 14:00:00,29.2,64,21.6,0.0,52,440.0,6.8,295,6.162892951849218,-2.8738041798367573
2020-10-02 15:00:00,29.1,64,21.6,0.0,64,404.0,5.6,310,4.289848881466277,-3.59961061424462
2020-10-02 16:00:00,28.7,65,21.5,0.0,88,219.0,6.4,317,4.364789504399989,-4.680663690362692
2020-10-02 17:00:00,28.2,67,21.5,0.0,64,67.0,7.1,336,2.887830165838181,-6.486172749262467
2020-10-02 18:00:00,27.6,70,21.6,0.0,63,10.0,7.6,360,1.8614631347039767e-15,-7.6
2020-10-02 19:00:00,27.2,73,21.9,0.0,67,0.0,7.7,11,-1.469229264399395,-7.558529312547013
2020-10-02 20:00:00,26.7,77,22.4,0.0,86,0.0,7.8,13,-1.754618223882147,-7.600086505324834
2020-10-02 21:00:00,26.3,82,22.9,0.0,100,0.0,6.7,16,-1.8467702839738944,-6.440453362786736
2020-10-02 22:00:00,26.0,84,23.1,0.0,96,0.0,5.2,25,-2.197614961051637,-4.71280049259058
2020-10-02 23:00:00,25.7,85,23.0,0.0,97,0.0,3.3,41,-2.1649947956686737,-2.490541614735148
2020-10-03 00:00:00,25.5,87,23.1,0.0,80,0.0,2.9,30,-1.4499999999999995,-2.511473670974872
2020-10-03 01:00:00,25.2,88,23.1,0.1,100,0.0,3.8,41,-2.493024310163928,-2.8678964048465336
2020-10-03 02:00:00,24.9,90,23.2,0.0,100,0.0,4.9,54,-3.9641832724372423,-2.8801477362331185
2020-10-03 03:00:00,25.1,86,22.6,0.0,100,0.0,4.5,61,-3.935788682127281,-2.181643291108517
2020-10-03 04:00:00,25.0,87,22.7,0.0,100,0.0,3.7,61,-3.2360929164157644,-1.7937955949114477
2020-10-03 05:00:00,25.0,87,22.7,0.0,100,0.0,1.8,90,-1.8,-1.1021821192326179e-16
2020-10-03 06:00:00,25.0,89,23.1,0.0,100,0.0,3.4,122,-2.8833635269318485,1.8017254983928963
2020-10-03 07:00:00,25.7,85,23.0,0.0,100,16.0,2.2,99,-2.1729143493093037,0.3441558230885078
2020-10-03 08:00:00,26.4,80,22.7,0.0,79,79.0,0.8,297,0.7128052193506944,-0.3631923997916373
2020-10-03 09:00:00,27.3,75,22.6,0.0,38,165.0,3.4,302,2.8833635269318485,-1.801725498392896
2020-10-03 10:00:00,28.1,71,22.3,0.0,36,289.0,5.9,313,4.3149868395531055,-4.023790324368742
2020-10-03 11:00:00,28.8,68,22.2,0.0,36,466.0,8.1,315,5.727564927611036,-5.727564927611033
2020-10-03 12:00:00,29.1,67,22.3,0.0,45,549.0,8.7,312,6.465359981653332,-5.821436275322062
2020-10-03 13:00:00,29.3,66,22.4,0.0,43,611.0,8.7,315,6.151828996322965,-6.151828996322961
2020-10-03 14:00:00,29.2,67,22.4,0.0,50,546.0,10.2,321,6.4190679887083455,-7.9268888068611
2020-10-03 15:00:00,29.1,67,22.4,0.0,44,398.0,11.3,323,6.800509761618146,-9.02458126353441
2020-10-03 16:00:00,28.7,68,22.3,0.0,32,219.0,11.4,325,6.5387713744019305,-9.338333304894505
2020-10-03 17:00:00,28.1,71,22.3,0.0,56,75.0,10.0,339,3.583679495453008,-9.335804264972015
2020-10-03 18:00:00,27.4,74,22.4,0.0,59,10.0,7.5,343,2.1927877854205287,-7.172285669722765
2020-10-03 19:00:00,27.1,77,22.6,0.0,68,0.0,6.2,350,1.0766187015349684,-6.10580806867569
2020-10-03 20:00:00,26.8,79,22.8,0.0,71,0.0,6.2,7,-0.7555899291119144,-6.153786140176196
2020-10-03 21:00:00,26.4,83,23.3,0.0,61,0.0,5.4,37,-3.2498011250210608,-4.312631754255381
2020-10-03 22:00:00,26.0,87,23.6,0.0,64,0.0,3.7,79,-3.632020578756357,-0.7059932828932162
2020-10-03 23:00:00,25.7,87,23.4,0.0,56,0.0,3.5,114,-3.197409101749103,1.423578250765301
2020-10-04 00:00:00,25.3,89,23.3,0.0,50,0.0,3.8,131,-2.867896404846534,2.493024310163927
2020-10-04 01:00:00,25.6,87,23.3,0.0,50,0.0,4.1,142,-2.5242120488352,3.2308440897875594
2020-10-04 02:00:00,26.3,83,23.2,0.0,47,0.0,3.8,139,-2.493024310163928,2.8678964048465336
2020-10-04 03:00:00,26.6,81,23.1,0.0,47,0.0,1.3,124,-1.0777488443215544,0.7269507745119708
2020-10-04 04:00:00,26.6,81,23.1,0.0,38,0.0,1.9,292,1.761649323676896,-0.7117525274902327
2020-10-04 05:00:00,24.9,91,23.3,0.0,41,0.0,3.9,326,2.180852323535912,-3.233246532964663
2020-10-04 06:00:00,24.5,93,23.3,0.0,44,0.0,5.2,335,2.197614961051636,-4.71280049259058
2020-10-04 07:00:00,25.7,91,24.2,0.0,61,22.0,5.6,345,1.4493866525741157,-5.409184627218783
2020-10-04 08:00:00,27.3,78,23.1,0.0,46,103.0,3.3,347,0.7423384793347556,-3.215421213791276
2020-10-04 09:00:00,28.0,72,22.5,0.0,33,249.0,2.0,315,1.4142135623730954,-1.4142135623730947
2020-10-04 10:00:00,28.9,67,22.2,0.0,30,433.0,3.3,283,3.2154212137912763,-0.7423384793347542
2020-10-04 11:00:00,29.4,66,22.3,0.0,16,473.0,5.8,274,5.785871491506981,-0.4045875477159262
2020-10-04 12:00:00,29.7,65,22.4,0.0,13,585.0,7.3,279,7.210124886344506,-1.141971594793684
2020-10-04 13:00:00,29.8,65,22.4,0.0,11,608.0,8.0,288,7.608452130361229,-2.472135954999578
2020-10-04 14:00:00,29.8,64,22.4,0.0,9,562.0,7.4,299,6.472185832831528,-3.5875911898228963
2020-10-04 15:00:00,29.5,65,22.3,0.0,7,344.0,6.4,317,4.364789504399989,-4.680663690362692
2020-10-04 16:00:00,29.1,66,22.2,0.0,9,201.0,5.7,325,3.269385687200965,-4.669166652447252
2020-10-04 17:00:00,28.7,68,22.1,0.0,5,98.0,5.3,332,2.4881992827652213,-4.679622242152313
2020-10-04 18:00:00,28.1,71,22.3,0.0,6,10.0,5.5,337,2.1490212066910064,-5.062776693988422
2020-10-04 19:00:00,27.4,75,22.6,0.0,4,0.0,7.0,348,1.4553818357243191,-6.847033205136639
2020-10-04 20:00:00,26.9,79,22.9,0.0,26,0.0,6.9,6,-0.721246396546809,-6.862201078041086
2020-10-04 21:00:00,26.5,81,23.0,0.0,35,0.0,7.2,18,-2.224922359499621,-6.8476069173251055
2020-10-04 22:00:00,26.0,85,23.3,0.0,38,0.0,5.9,38,-3.632402704421384,-4.64926344627966
2020-10-04 23:00:00,25.8,87,23.5,0.0,41,0.0,4.3,66,-3.928245467863184,-1.7489675652259409
2020-10-05 00:00:00,25.9,86,23.4,0.0,44,0.0,3.7,119,-3.236092916415765,1.793795594911447
2020-10-05 01:00:00,26.0,85,23.3,0.0,42,0.0,3.3,167,-0.7423384793347552,3.215421213791276
2020-10-05 02:00:00,25.8,86,23.4,0.0,45,0.0,1.8,180,-2.2043642384652358e-16,1.8
2020-10-05 03:00:00,26.0,84,23.1,0.0,53,0.0,1.6,117,-1.4256104387013888,0.7263847995832748
2020-10-05 04:00:00,25.1,89,23.2,0.0,56,0.0,2.7,67,-2.485363104321589,-1.0549740469210391
2020-10-05 05:00:00,25.4,88,23.2,0.0,45,0.0,2.9,90,-2.9,-1.7757378587636622e-16
2020-10-05 06:00:00,25.6,87,23.2,0.0,14,0.0,1.8,127,-1.4375439180851268,1.0832670416736871
2020-10-05 07:00:00,26.3,83,23.3,0.0,18,28.0,3.7,61,-3.2360929164157644,-1.7937955949114477
2020-10-05 08:00:00,27.3,72,21.8,0.0,9,102.0,5.4,37,-3.2498011250210608,-4.312631754255381
2020-10-05 09:00:00,28.1,67,21.5,0.0,12,274.0,5.3,28,-2.4881992827652213,-4.679622242152313
2020-10-05 10:00:00,28.8,62,20.9,0.0,10,377.0,3.6,6,-0.3763024677635525,-3.580278823325784
2020-10-05 11:00:00,29.7,57,20.4,0.0,13,531.0,4.5,331,2.181643291108516,-3.9357886821272814
2020-10-05 12:00:00,30.1,56,20.2,0.0,10,546.0,7.6,335,3.211898789229314,-6.88793918147854
2020-10-05 13:00:00,30.3,56,20.6,0.0,43,588.0,10.6,342,3.275580140374445,-10.081199072728626
2020-10-05 14:00:00,30.1,58,21.0,0.0,48,425.0,12.3,353,1.498992923883311,-12.208317665188265
2020-10-05 15:00:00,29.9,60,21.2,0.0,52,334.0,14.8,4,-1.0323958114130545,-14.763947943845398
2020-10-05 16:00:00,29.1,64,21.5,0.0,65,153.0,15.5,13,-3.4867413423299074,-15.102736004171147
2020-10-05 17:00:00,28.4,67,21.7,0.0,65,81.0,15.0,17,-4.385575570841052,-14.344571339445531
2020-10-05 18:00:00,27.5,73,22.1,0.0,54,7.0,12.9,13,-2.9018686010358588,-12.569373835729534
2020-10-05 19:00:00,26.9,76,22.4,0.0,50,0.0,12.9,18,-3.986319227436821,-12.26862906020748
2020-10-05 20:00:00,26.5,79,22.6,0.0,53,0.0,11.2,15,-2.8987733051482323,-10.818369254437563
2020-10-05 21:00:00,26.2,81,22.7,0.0,43,0.0,10.3,12,-2.141490415422921,-10.0749202875582
2020-10-05 22:00:00,26.0,83,22.8,0.0,43,0.0,10.7,12,-2.2246550917500247,-10.46617932785172
2020-10-05 23:00:00,25.9,83,22.7,0.0,46,0.0,10.3,12,-2.141490415422921,-10.0749202875582
2020-10-06 00:00:00,25.7,83,22.6,0.0,47,0.0,9.7,15,-2.510544737494451,-9.369480515003962
2020-10-06 01:00:00,25.5,84,22.5,0.0,51,0.0,10.3,12,-2.141490415422921,-10.0749202875582
2020-10-06 02:00:00,25.3,84,22.4,0.0,53,0.0,11.9,14,-2.8788705576360463,-11.54651914268436
2020-10-06 03:00:00,25.1,83,21.9,0.0,58,0.0,13.0,14,-3.1449846427956807,-12.613844441587954
2020-10-06 04:00:00,24.9,83,21.8,0.0,55,0.0,13.3,13,-2.9918490227734047,-12.959121861643627
2020-10-06 05:00:00,24.7,83,21.7,0.0,51,0.0,14.0,12,-2.9107636714486307,-13.69406641027328
2020-10-06 06:00:00,24.5,84,21.6,0.0,51,0.0,14.2,7,-1.730544676353094,-14.094155353306771
2020-10-06 07:00:00,25.1,81,21.7,0.0,50,34.0,16.2,13,-3.644207080370613,-15.78479504952081
2020-10-06 08:00:00,26.0,76,21.4,0.0,44,110.0,17.1,15,-4.425805671253105,-16.51733162954307
2020-10-06 09:00:00,27.1,71,21.4,0.0,40,267.0,17.2,10,-2.9867486558712018,-16.938693351809977
2020-10-06 10:00:00,27.9,68,21.4,0.0,36,285.0,18.1,5,-1.577518943732613,-18.0311240354606
2020-10-06 11:00:00,28.6,65,21.4,0.0,32,352.0,19.1,2,-0.6665803870177686,-19.08836479606473
2020-10-06 12:00:00,29.1,64,21.5,0.0,35,480.0,19.5,4,-1.3602512380104437,-19.45249898006657
2020-10-06 13:00:00,29.4,63,21.5,0.0,37,492.0,18.4,6,-1.923323724124824,-18.299202874776228
2020-10-06 14:00:00,29.5,62,21.4,0.0,26,415.0,18.8,5,-1.6385279636559735,-18.728460324124818
2020-10-06 15:00:00,28.9,62,20.9,0.0,25,277.0,19.1,4,-1.332348648512793,-19.053473359962645
2020-10-06 16:00:00,28.4,62,20.5,0.0,29,185.0,19.9,5,-1.7343992806783974,-19.824274492025737
2020-10-06 17:00:00,27.8,63,20.1,0.0,36,80.0,18.4,4,-1.2835191168919056,-18.355178524780765
2020-10-06 18:00:00,27.0,65,19.9,0.0,41,8.0,18.4,2,-0.6421507393260177,-18.38879121715136
2020-10-06 19:00:00,26.5,67,19.8,0.0,40,0.0,16.0,8,-2.226769615361047,-15.844289099865126
2020-10-06 20:00:00,26.1,69,20.0,0.0,27,0.0,13.0,5,-1.1330246557195562,-12.950531075192693
2020-10-06 21:00:00,25.9,70,20.0,0.0,26,0.0,11.9,2,-0.4153040107597615,-11.89275084152724
2020-10-06 22:00:00,25.6,71,20.0,0.0,16,0.0,11.9,3,-0.6227978792910317,-11.88369146357943
2020-10-06 23:00:00,25.4,72,19.9,0.0,29,0.0,11.9,3,-0.6227978792910317,-11.88369146357943
2020-10-07 00:00:00,25.2,72,19.8,0.0,33,0.0,11.2,2,-0.3908743630680108,-11.193177262613872
2020-10-07 01:00:00,25.0,73,19.7,0.0,36,0.0,11.2,2,-0.3908743630680108,-11.193177262613872
2020-10-07 02:00:00,24.9,73,19.7,0.0,47,0.0,11.6,5,-1.0110066158728348,-11.555858497864248
2020-10-07 03:00:00,24.9,72,19.5,0.0,34,0.0,10.8,2,-0.3769145643870105,-10.793420931806237
2020-10-07 04:00:00,24.7,73,19.6,0.0,19,0.0,10.8,358,0.3769145643870089,-10.793420931806237
2020-10-07 05:00:00,24.5,74,19.7,0.0,15,0.0,11.5,360,2.8166876380389124e-15,-11.5
2020-10-07 06:00:00,24.4,75,19.8,0.0,23,0.0,11.2,4,-0.7812725059342034,-11.17271736291003
2020-10-07 07:00:00,24.8,74,19.9,0.0,18,39.0,13.4,6,-1.4006814077865566,-13.326593397934865
2020-10-07 08:00:00,25.8,71,20.1,0.0,15,180.0,14.2,7,-1.730544676353094,-14.094155353306771
2020-10-07 09:00:00,26.7,69,20.5,0.0,15,304.0,12.3,7,-1.498992923883314,-12.20831766518826
2020-10-07 10:00:00,27.6,66,20.7,0.0,21,446.0,11.5,2,-0.4013442120787611,-11.4929945107196
2020-10-07 11:00:00,28.4,63,20.6,0.0,17,536.0,13.0,357,0.6803674311582768,-12.98218395180946
2020-10-07 12:00:00,28.9,60,20.4,0.0,19,468.0,15.1,357,0.79027293926846,-15.079305974794064
2020-10-07 13:00:00,29.3,59,20.5,0.0,13,458.0,17.6,359,0.3071623532961907,-17.59731943475249
2020-10-07 14:00:00,29.2,59,20.4,0.0,16,423.0,20.5,1,-0.3577743319643119,-20.49687775070602
2020-10-07 15:00:00,28.4,58,19.4,0.0,14,308.0,21.3,3,-1.1147558679747036,-21.270809090272422
2020-10-07 16:00:00,27.8,59,19.1,0.0,23,167.0,21.6,4,-1.5067398328731063,-21.547383485612205
2020-10-07 17:00:00,26.9,61,18.7,0.0,30,81.0,21.6,3,-1.130456654847587,-21.5703979506988
2020-10-07 18:00:00,26.1,63,18.5,0.0,50,6.0,19.8,2,-0.6910100347095192,-19.787938374978097
2020-10-07 19:00:00,25.5,64,18.3,0.0,71,0.0,20.2,4,-1.409080769631331,-20.15079381524845
2020-10-07 20:00:00,25.2,66,18.3,0.0,87,0.0,19.2,6,-2.0069464947389464,-19.094820391070847
2020-10-07 21:00:00,24.9,67,18.4,0.0,77,0.0,17.4,7,-2.120526575249566,-17.270303038559
2020-10-07 22:00:00,24.8,68,18.4,0.0,89,0.0,16.3,6,-1.7038139512627517,-16.210706894502856
2020-10-07 23:00:00,24.5,69,18.4,0.0,82,0.0,15.3,8,-2.1293484446890014,-15.151101451746028
2020-10-08 00:00:00,24.2,71,18.5,0.0,70,0.0,13.8,9,-2.158795617555186,-13.630099100212902
2020-10-08 01:00:00,24.2,71,18.7,0.0,78,0.0,12.4,8,-1.7257464519048116,-12.279324052395474
2020-10-08 02:00:00,24.1,73,18.9,0.0,61,0.0,11.3,9,-1.7677094549546088,-11.160878248725057
2020-10-08 03:00:00,24.0,71,18.5,0.0,70,0.0,10.6,10,-1.8406706832694613,-10.438962181929403
2020-10-08 04:00:00,23.9,72,18.6,0.0,56,0.0,10.5,8,-1.4613175600806871,-10.397814721786489
2020-10-08 05:00:00,23.8,73,18.7,0.0,55,0.0,10.9,6,-1.1393602496174229,-10.84028865951418
2020-10-08 06:00:00,23.7,75,18.9,0.0,46,0.0,9.9,10,-1.7191169589026103,-9.74959675482086
2020-10-08 07:00:00,24.0,74,19.1,0.0,42,35.0,11.4,18,-3.5227937358744006,-10.84204428576475
2020-10-08 08:00:00,25.0,70,19.1,0.0,47,133.0,11.4,18,-3.5227937358744006,-10.84204428576475
2020-10-08 09:00:00,26.1,66,19.3,0.0,43,337.0,11.1,13,-2.4969567032169016,-10.81550771911611
2020-10-08 10:00:00,27.1,62,19.3,0.0,41,461.0,12.0,9,-1.8772135804827703,-11.852260087141651
2020-10-08 11:00:00,27.9,60,19.3,0.0,44,596.0,11.9,5,-1.037153338697132,-11.854716907291772
2020-10-08 12:00:00,28.6,58,19.5,0.0,38,627.0,11.9,3,-0.6227978792910317,-11.88369146357943
2020-10-08 13:00:00,28.8,58,19.7,0.0,54,519.0,13.0,360,3.1840816777831178e-15,-13.0
2020-10-08 14:00:00,28.9,58,19.8,0.0,56,352.0,15.5,357,0.8112073217656377,-15.478757788695894
2020-10-08 15:00:00,28.5,58,19.5,0.0,60,282.0,17.7,2,-0.6177210916342671,-17.689217638237995
2020-10-08 16:00:00,27.9,60,19.5,0.0,73,171.0,19.2,5,-1.6733902607550368,-19.126938203361515
2020-10-08 17:00:00,27.0,63,19.3,0.0,90,64.0,19.2,5,-1.6733902607550368,-19.126938203361515
2020-10-08 18:00:00,26.1,66,19.2,0.0,100,5.0,19.4,10,-3.3687746467384483,-19.105270408436837
2020-10-08 19:00:00,25.6,68,19.2,0.0,100,0.0,17.2,11,-3.2819147204765704,-16.883987555299818
2020-10-08 20:00:00,25.2,69,19.2,0.0,100,0.0,13.5,9,-2.111865278043117,-13.33379259803436
2020-10-08 21:00:00,25.1,70,19.3,0.0,100,0.0,10.5,8,-1.4613175600806871,-10.397814721786489
2020-10-08 22:00:00,24.9,72,19.5,0.0,100,0.0,9.8,8,-1.363896389408641,-9.70462707366739
2020-10-08 23:00:00,24.8,74,19.8,0.0,100,0.0,9.3,13,-2.092044805397945,-9.06164160250269
2020-10-09 00:00:00,24.7,75,20.1,0.0,100,0.0,8.4,20,-2.872969203935617,-7.893418014601631
2020-10-09 01:00:00,24.5,77,20.3,0.0,100,0.0,8.1,21,-2.902780391316932,-7.562001454627333
2020-10-09 02:00:00,24.5,78,20.5,0.0,100,0.0,8.1,21,-2.902780391316932,-7.562001454627333
2020-10-09 03:00:00,24.5,75,19.7,0.0,89,0.0,7.2,18,-2.224922359499621,-6.8476069173251055
2020-10-09 04:00:00,24.4,76,19.9,0.0,85,0.0,7.3,11,-1.392905666248777,-7.165878439167947
2020-10-09 05:00:00,24.3,77,20.1,0.0,77,0.0,7.2,3,-0.3768188849491956,-7.190132650232932
2020-10-09 06:00:00,24.2,79,20.3,0.0,73,0.0,7.9,360,1.934941942652818e-15,-7.9
2020-10-09 07:00:00,24.6,77,20.2,0.0,60,32.0,10.5,8,-1.4613175600806871,-10.397814721786489
2020-10-09 08:00:00,25.5,73,20.2,0.0,57,141.0,11.2,15,-2.8987733051482323,-10.818369254437563
2020-10-09 09:00:00,26.6,68,20.3,0.0,36,344.0,11.9,14,-2.8788705576360463,-11.54651914268436
2020-10-09 10:00:00,27.6,64,20.2,0.0,22,464.0,13.1,8,-1.8231676225768567,-12.972511700514572
2020-10-09 11:00:00,28.5,60,20.1,0.0,34,617.0,15.1,3,-0.7902729392684519,-15.079305974794064
2020-10-09 12:00:00,29.1,59,20.2,0.0,29,640.0,17.6,360,4.310756732998684e-15,-17.6
2020-10-09 13:00:00,29.3,58,20.3,0.0,33,573.0,19.4,359,0.338576684883301,-19.39704528603399
2020-10-09 14:00:00,29.2,59,20.3,0.0,29,398.0,20.5,359,0.3577743319643129,-20.49687775070602
2020-10-09 15:00:00,28.8,57,19.4,0.0,30,395.0,20.5,359,0.3577743319643129,-20.49687775070602
2020-10-09 16:00:00,28.1,59,19.3,0.0,25,255.0,20.5,360,5.021051876504148e-15,-20.5
2020-10-09 17:00:00,27.2,61,19.1,0.0,23,90.0,20.2,360,4.9475730685553065e-15,-20.2
2020-10-09 18:00:00,26.2,65,19.2,0.0,29,7.0,18.4,359,0.3211242784460175,-18.3971975908776
2020-10-09 19:00:00,25.5,68,19.3,0.0,36,0.0,17.6,1,-0.3071623532961898,-17.59731943475249
2020-10-09 20:00:00,25.1,71,19.4,0.0,42,0.0,15.1,3,-0.7902729392684519,-15.079305974794064
2020-10-09 21:00:00,24.6,73,19.5,0.0,49,0.0,11.5,4,-0.802199448057441,-11.47198657798798
2020-10-09 22:00:00,24.4,75,19.7,0.0,51,0.0,9.8,6,-1.024378940023004,-9.746314574609078
2020-10-09 23:00:00,24.4,76,19.9,0.0,51,0.0,8.8,12,-1.8296228791962823,-8.607698886457491
2020-10-10 00:00:00,24.3,77,20.1,0.0,53,0.0,7.8,13,-1.754618223882147,-7.600086505324834
2020-10-10 01:00:00,24.3,78,20.2,0.0,52,0.0,7.0,12,-1.4553818357243151,-6.84703320513664
2020-10-10 02:00:00,24.3,79,20.4,0.0,51,0.0,7.3,11,-1.392905666248777,-7.165878439167947
2020-10-10 03:00:00,24.2,80,20.6,0.0,49,0.0,7.4,14,-1.790222027437541,-7.180188374442374
2020-10-10 04:00:00,24.0,82,20.7,0.0,46,0.0,7.8,13,-1.754618223882147,-7.600086505324834
2020-10-10 05:00:00,23.9,83,20.8,0.0,40,0.0,8.2,15,-2.12231616984067,-7.92059177557036
2020-10-10 06:00:00,23.7,84,20.8,0.0,50,0.0,8.5,12,-1.7672493719509543,-8.314254606237348
2020-10-10 07:00:00,24.2,82,21.0,0.0,41,26.0,10.3,12,-2.141490415422921,-10.0749202875582
2020-10-10 08:00:00,25.6,75,20.8,0.0,50,129.0,10.7,14,-2.5885642829164444,-10.382164271153162
2020-10-10 09:00:00,26.9,70,20.9,0.0,32,292.0,10.0,15,-2.5881904510252074,-9.659258262890685
2020-10-10 10:00:00,27.8,66,20.8,0.0,30,365.0,10.1,4,-0.7045403848156655,-10.075396907624224
2020-10-10 11:00:00,28.5,63,20.7,0.0,32,460.0,10.8,356,0.7533699164365569,-10.773691742806102
2020-10-10 12:00:00,29.1,60,20.6,0.0,26,553.0,13.0,355,1.1330246557195582,-12.950531075192693
2020-10-10 13:00:00,29.3,60,20.7,0.0,29,502.0,15.2,355,1.3247672897644065,-15.142159410994532
2020-10-10 14:00:00,29.2,60,20.7,0.0,29,432.0,16.6,356,1.1579574641524857,-16.55956323431308
2020-10-10 15:00:00,28.9,62,20.8,0.0,34,296.0,17.3,355,1.507794349534489,-17.234168276987198
2020-10-10 16:00:00,28.5,64,20.9,0.0,32,215.0,17.3,359,0.3019266313650056,-17.29736512620557
2020-10-10 17:00:00,27.9,66,21.0,0.0,30,74.0,15.5,1,-0.2705122997778944,-15.497639274924063
2020-10-10 18:00:00,26.9,70,21.0,0.0,21,7.0,15.1,357,0.79027293926846,-15.079305974794064
2020-10-10 19:00:00,26.1,74,21.0,0.0,7,0.0,15.5,360,3.796405077356795e-15,-15.5
2020-10-10 20:00:00,25.7,76,21.1,0.0,5,0.0,13.3,2,-0.4641633061432629,-13.291897999353974
2020-10-10 21:00:00,25.4,78,21.3,0.0,7,0.0,10.8,358,0.3769145643870089,-10.793420931806237
2020-10-10 22:00:00,25.2,79,21.4,0.0,5,0.0,10.8,360,2.645237086158283e-15,-10.8
2020-10-10 23:00:00,25.0,81,21.5,0.0,6,0.0,10.8,2,-0.3769145643870105,-10.793420931806237
2020-10-11 00:00:00,24.7,83,21.7,0.0,8,0.0,10.1,4,-0.7045403848156655,-10.075396907624224
2020-10-11 01:00:00,24.4,85,21.8,0.0,7,0.0,9.4,2,-0.3280552690035091,-9.3942737739795
2020-10-11 02:00:00,24.1,87,21.9,0.0,9,0.0,9.4,4,-0.6557108531947778,-9.377102072442348
2020-10-11 03:00:00,23.7,90,21.9,0.0,9,0.0,8.8,9,-1.3766232923540318,-8.691657397237213
2020-10-11 04:00:00,23.5,91,21.9,0.0,10,0.0,8.4,10,-1.458644692402215,-8.272385125302547
2020-10-11 05:00:00,23.4,92,22.0,0.0,7,0.0,9.8,6,-1.024378940023004,-9.746314574609078
2020-10-11 06:00:00,23.4,92,22.0,0.0,2,0.0,10.9,6,-1.1393602496174229,-10.84028865951418
2020-10-11 07:00:00,24.3,88,22.1,0.0,4,39.0,11.2,6,-1.1707187885977188,-11.13864522812466
2020-10-11 08:00:00,26.1,78,22.0,0.0,3,173.0,10.8,4,-0.7533699164365533,-10.773691742806102
2020-10-11 09:00:00,27.6,70,21.6,0.0,4,332.0,9.7,360,2.3758147903458648e-15,-9.7
2020-10-11 10:00:00,28.8,64,21.3,0.0,2,536.0,10.2,352,1.419565629792672,-10.100734301164016
2020-10-11 11:00:00,29.7,61,21.3,0.0,3,636.0,11.7,349,2.2324652459055723,-11.485038046337667
2020-10-11 12:00:00,30.1,60,21.4,0.0,3,643.0,12.7,345,3.2870018728020125,-12.267257993871167
2020-10-11 13:00:00,30.3,59,21.5,0.0,3,662.0,12.2,341,3.971931484377312,-11.535326622311665
2020-10-11 14:00:00,30.2,60,21.7,0.0,7,524.0,11.5,340,3.933231648245189,-10.806465139037948
2020-10-11 15:00:00,29.8,62,21.9,0.0,9,421.0,12.2,346,2.951447126315948,-11.837607860567156
2020-10-11 16:00:00,29.4,64,21.9,0.0,10,260.0,12.6,355,1.0981623586204947,-12.552053195955994
2020-10-11 17:00:00,28.7,67,22.0,0.0,21,78.0,13.0,354,1.3588700224794945,-12.928784639787551
2020-10-11 18:00:00,27.8,72,22.3,0.0,19,5.0,12.3,357,0.6437322617882157,-12.283143277481258
2020-10-11 19:00:00,27.1,77,22.7,0.0,12,0.0,11.9,358,0.4153040107597598,-11.89275084152724
2020-10-11 20:00:00,26.7,80,22.9,0.0,14,0.0,10.4,2,-0.3629547657060101,-10.393664600998596
2020-10-11 21:00:00,26.4,82,23.1,0.0,6,0.0,9.0,2,-0.3140954703225087,-8.994517443171862
2020-10-11 22:00:00,26.2,84,23.3,0.0,15,0.0,9.0,2,-0.3140954703225087,-8.994517443171862
2020-10-11 23:00:00,26.0,86,23.4,0.0,16,0.0,9.1,7,-1.109011024986842,-9.032169979936029
2020-10-12 00:00:00,26.0,86,23.5,0.0,15,0.0,8.3,5,-0.7233926648055629,-8.268415994161488
2020-10-12 01:00:00,25.8,87,23.5,0.0,19,0.0,9.1,9,-1.4235536318661008,-8.987963899415753
2020-10-12 02:00:00,25.7,87,23.4,0.0,15,0.0,10.0,13,-2.24951054343865,-9.743700647852352
2020-10-12 03:00:00,25.5,89,23.5,0.0,17,0.0,9.2,21,-3.296985135816762,-8.588939923774255
2020-10-12 04:00:00,25.5,88,23.4,0.0,21,0.0,7.3,20,-2.496747046277381,-6.859756131737131
2020-10-12 05:00:00,25.2,90,23.4,0.0,17,0.0,6.9,9,-1.079397808777593,-6.815049550106451
2020-10-12 06:00:00,25.2,90,23.5,0.0,11,0.0,7.2,6,-0.7526049355271051,-7.160557646651568
2020-10-12 07:00:00,25.9,87,23.6,0.0,8,31.0,8.3,18,-2.564841053312064,-7.893769085249775
2020-10-12 08:00:00,27.3,79,23.2,0.0,5,136.0,7.3,11,-1.392905666248777,-7.165878439167947
2020-10-12 09:00:00,28.6,71,22.9,0.0,3,306.0,6.8,3,-0.3558845024520181,-6.790680836331102
2020-10-12 10:00:00,29.7,67,22.8,0.0,2,524.0,6.4,344,1.764079077228793,-6.1520748540052415
2020-10-12 11:00:00,30.4,64,22.9,0.0,4,603.0,6.9,317,4.705788684431238,-5.046340541172278
2020-10-12 12:00:00,30.7,64,23.0,0.0,5,665.0,8.9,313,6.509047944410616,-6.069785404556238
2020-10-12 13:00:00,30.7,64,23.0,0.0,13,590.0,10.3,335,4.352968095929202,-9.334970206477497
2020-10-12 14:00:00,30.4,64,22.9,0.0,18,411.0,12.1,343,3.5376976271451195,-11.571287547152728
2020-10-12 15:00:00,30.0,66,23.0,0.0,32,307.0,14.6,351,2.283943189587374,-14.42024977268901
2020-10-12 16:00:00,29.6,68,23.1,0.0,16,164.0,14.8,1,-0.258295615271796,-14.79774588831459
2020-10-12 17:00:00,29.0,72,23.3,0.0,29,79.0,14.1,4,-0.9835662797921668,-14.06565310866352
2020-10-12 18:00:00,28.1,76,23.5,0.0,16,4.0,13.7,3,-0.7170026005283305,-13.68122462613766
2020-10-12 19:00:00,27.6,79,23.6,0.0,27,0.0,13.4,6,-1.4006814077865566,-13.326593397934865
2020-10-12 20:00:00,27.2,81,23.7,0.0,38,0.0,10.8,358,0.3769145643870089,-10.793420931806237
2020-10-12 21:00:00,27.0,83,23.8,0.0,46,0.0,8.3,360,2.0329136865846065e-15,-8.3
2020-10-12 22:00:00,26.7,85,24.0,0.0,41,0.0,7.6,357,0.3977532674463772,-7.589584464134761
2020-10-12 23:00:00,26.2,89,24.1,0.0,32,0.0,8.3,355,0.7233926648055641,-8.268415994161488
2020-10-13 00:00:00,25.8,90,24.1,0.0,30,0.0,8.3,2,-0.2896658226307581,-8.294943864258496
2020-10-13 01:00:00,25.5,91,24.0,0.0,37,0.0,8.0,8,-1.1133848076805235,-7.922144549932563
2020-10-13 02:00:00,25.3,92,23.9,0.0,18,0.0,8.0,10,-1.3891854213354426,-7.878462024097664
2020-10-13 03:00:00,25.0,96,24.3,0.0,16,0.0,8.4,7,-1.0237024846032388,-8.337387673787106
2020-10-13 04:00:00,24.9,96,24.2,0.0,21,0.0,9.1,7,-1.109011024986842,-9.032169979936029
2020-10-13 05:00:00,24.8,96,24.1,0.0,15,0.0,8.8,9,-1.3766232923540318,-8.691657397237213
2020-10-13 06:00:00,24.6,96,24.0,0.0,17,0.0,9.2,11,-1.755442757464212,-9.030970087718508
2020-10-13 07:00:00,25.3,93,24.1,0.0,20,34.0,9.3,16,-2.5634274090980926,-8.939733772226367
2020-10-13 08:00:00,27.0,81,23.5,0.0,21,136.0,7.7,11,-1.469229264399395,-7.558529312547013
2020-10-13 09:00:00,28.5,74,23.3,0.0,11,352.0,6.6,351,1.0324674692655251,-6.5187430479279085
2020-10-13 10:00:00,29.5,69,23.2,0.0,7,455.0,7.2,333,3.2687315981247385,-6.415246974156248
2020-10-13 11:00:00,30.1,66,23.1,0.0,5,537.0,8.5,324,4.996174644486024,-6.876644452187052
2020-10-13 12:00:00,30.4,65,23.1,0.0,10,610.0,10.0,330,5.000000000000004,-8.660254037844384
2020-10-13 13:00:00,30.4,65,23.0,0.0,17,522.0,10.9,333,4.948496447161062,-9.71197111365321
2020-10-13 14:00:00,30.4,65,23.0,0.0,18,557.0,11.1,347,2.496956703216905,-10.815507719116107
2020-10-13 15:00:00,30.2,62,22.2,0.0,17,381.0,10.8,358,0.3769145643870089,-10.793420931806237
2020-10-13 16:00:00,29.9,64,22.2,0.0,24,237.0,11.5,356,0.8021994480574448,-11.47198657798798
2020-10-13 17:00:00,29.2,66,22.3,0.0,34,68.0,11.5,356,0.8021994480574448,-11.47198657798798
2020-10-13 18:00:00,28.5,70,22.5,0.0,36,3.0,11.3,343,3.30380026336693,-10.8062437423823
2020-10-13 19:00:00,27.7,74,22.8,0.0,33,0.0,13.1,352,1.823167622576863,-12.97251170051457
2020-10-13 20:00:00,27.2,78,23.0,0.0,32,0.0,13.3,360,3.25756048573196e-15,-13.3
2020-10-13 21:00:00,26.8,81,23.2,0.0,33,0.0,11.5,2,-0.4013442120787611,-11.4929945107196
2020-10-13 22:00:00,26.4,84,23.4,0.0,30,0.0,9.4,2,-0.3280552690035091,-9.3942737739795
2020-10-13 23:00:00,26.1,86,23.6,0.0,44,0.0,7.6,360,1.8614631347039767e-15,-7.6
2020-10-14 00:00:00,25.9,87,23.7,0.0,40,0.0,6.8,342,2.101315561749644,-6.467184310807044
2020-10-14 01:00:00,25.7,90,23.8,0.0,41,0.0,7.0,339,2.508575646817105,-6.535062985480411
2020-10-14 02:00:00,25.6,90,23.9,0.0,58,0.0,7.2,357,0.3768188849491994,-7.190132650232932
2020-10-14 03:00:00,25.6,90,23.8,0.0,50,0.0,7.0,21,-2.5085756468171017,-6.535062985480412
2020-10-14 04:00:00,25.6,88,23.6,0.0,53,0.0,7.1,41,-4.658019105832602,-5.358438019581681
2020-10-14 05:00:00,25.3,90,23.5,0.0,53,0.0,4.6,51,-3.5748714227020657,-2.894873798829252
2020-10-14 06:00:00,25.4,91,23.7,0.0,38,0.0,4.8,312,3.5670951622914937,-3.211826910522517
2020-10-14 07:00:00,25.8,90,24.0,0.0,34,23.0,6.2,353,0.7555899291119128,-6.153786140176197
2020-10-14 08:00:00,27.4,79,23.3,0.0,14,115.0,6.1,357,0.3192493330819606,-6.0916401620029
2020-10-14 09:00:00,28.2,75,23.3,0.0,21,236.0,5.6,345,1.4493866525741157,-5.409184627218783
2020-10-14 10:00:00,29.0,71,23.1,0.0,12,366.0,6.4,333,2.9055391983331007,-5.702441754805554
2020-10-14 11:00:00,29.8,67,22.9,0.0,14,492.0,7.4,317,5.046787864462488,-5.412017391981864
2020-10-14 12:00:00,29.9,66,22.8,0.0,32,524.0,9.9,316,6.877117867544077,-7.121464023352644
2020-10-14 13:00:00,30.0,65,22.7,0.0,27,483.0,11.6,334,5.085105302753302,-10.426010937070334
2020-10-14 14:00:00,30.1,64,22.6,0.0,38,461.0,12.7,345,3.2870018728020125,-12.267257993871167
2020-10-14 15:00:00,30.0,62,21.8,0.0,44,326.0,13.4,354,1.4006814077865557,-13.326593397934865
2020-10-14 16:00:00,29.6,63,21.8,0.0,29,185.0,13.3,357,0.6960682180311601,-13.281772812235833
2020-10-14 17:00:00,29.0,65,21.7,0.0,16,82.0,12.3,355,1.0720156357961974,-12.253194786528471
2020-10-14 18:00:00,28.3,69,21.9,0.0,11,4.0,12.3,355,1.0720156357961974,-12.253194786528471
2020-10-14 19:00:00,27.7,72,22.2,0.0,12,0.0,10.9,6,-1.1393602496174229,-10.84028865951418
2020-10-14 20:00:00,27.2,75,22.4,0.0,20,0.0,8.8,9,-1.3766232923540318,-8.691657397237213
2020-10-14 21:00:00,26.9,78,22.7,0.0,19,0.0,8.0,5,-0.6972459419812653,-7.969557584733964
2020-10-14 22:00:00,26.8,79,22.8,0.0,24,0.0,5.8,356,0.4045875477159287,-5.78587149150698
2020-10-14 23:00:00,26.2,83,23.1,0.0,21,0.0,7.0,339,2.508575646817105,-6.535062985480411
2020-10-15 00:00:00,25.9,85,23.2,0.0,26,0.0,7.2,3,-0.3768188849491956,-7.190132650232932
2020-10-15 01:00:00,25.9,86,23.3,0.0,27,0.0,7.4,23,-2.891410350820626,-6.811735915548059
2020-10-15 02:00:00,25.7,88,23.6,0.0,26,0.0,6.8,32,-3.603450996785793,-5.766727053863696
2020-10-15 03:00:00,25.2,87,22.9,0.0,23,0.0,5.8,30,-2.8999999999999995,-5.022947341949744
2020-10-15 04:00:00,25.3,87,23.0,0.0,37,0.0,4.8,27,-2.1791543987498243,-4.276831316104166
2020-10-15 05:00:00,25.3,87,23.0,0.0,38,0.0,3.9,22,-1.460965714322057,-3.616017032810471
2020-10-15 06:00:00,25.4,87,23.0,0.0,29,0.0,5.6,15,-1.449386652574116,-5.409184627218783
2020-10-15 07:00:00,25.6,87,23.4,0.0,28,18.0,5.6,50,-4.289848881466277,-3.5996106142446203
2020-10-15 08:00:00,26.5,83,23.4,0.0,45,39.0,3.3,77,-3.2154212137912763,-0.7423384793347542
2020-10-15 09:00:00,27.3,80,23.6,0.0,47,164.0,0.5,225,0.3535533905932737,0.3535533905932738
2020-10-15 10:00:00,28.2,75,23.4,0.0,40,219.0,2.3,288,2.187429987478853,-0.7107390870623785
2020-10-15 11:00:00,29.2,70,23.1,0.0,45,407.0,4.6,309,3.5748714227020653,-2.894873798829252
2020-10-15 12:00:00,29.8,66,22.9,0.0,51,456.0,6.2,306,5.015905365124675,-3.644268564213332
2020-10-15 13:00:00,30.1,65,22.8,0.0,71,508.0,7.8,304,6.466493065929325,-4.361704647071827
2020-10-15 14:00:00,29.9,65,22.7,0.0,94,419.0,8.9,310,6.817795543758906,-5.7208097262102
2020-10-15 15:00:00,30.2,62,22.1,0.0,92,351.0,9.7,329,4.9958693266275285,-8.314522816810486
2020-10-15 16:00:00,29.6,64,22.0,0.0,74,186.0,10.5,344,2.894192236078489,-10.093247807352348
2020-10-15 17:00:00,29.1,65,21.9,0.0,54,81.0,9.1,353,1.1090110249868397,-9.03216997993603
2020-10-15 18:00:00,28.5,68,22.0,0.0,40,4.0,9.7,345,2.5105447374944503,-9.369480515003962
2020-10-15 19:00:00,27.9,71,22.3,0.0,55,0.0,9.8,6,-1.024378940023004,-9.746314574609078
2020-10-15 20:00:00,27.4,76,22.7,0.0,60,0.0,5.2,34,-2.907803098047884,-4.3109953772862175
2020-10-15 21:00:00,27.0,78,22.9,0.0,62,0.0,3.3,77,-3.2154212137912763,-0.7423384793347542
2020-10-15 22:00:00,26.5,81,23.1,0.0,75,0.0,3.0,104,-2.910887178827989,0.7257656867990033
2020-10-15 23:00:00,26.3,83,23.2,0.0,65,0.0,2.2,99,-2.1729143493093037,0.3441558230885078
2020-10-16 00:00:00,26.7,81,23.2,0.0,54,0.0,1.8,11,-0.3434561916777806,-1.7669289302057951
2020-10-16 01:00:00,26.6,83,23.4,0.0,40,0.0,2.6,16,-0.7166571251241979,-2.499280409439629
2020-10-16 02:00:00,26.4,84,23.6,0.0,50,0.0,3.1,36,-1.8221342821066668,-2.5079526825623373
2020-10-16 03:00:00,24.7,88,22.6,0.0,46,0.0,3.9,56,-3.233246532964663,-2.1808523235359125
2020-10-16 04:00:00,24.4,89,22.5,0.0,43,0.0,3.9,68,-3.616017032810471,-1.460965714322057
2020-10-16 05:00:00,24.4,89,22.4,0.0,48,0.0,3.4,58,-2.8833635269318485,-1.8017254983928963
2020-10-16 06:00:00,24.2,89,22.3,0.0,59,0.0,1.8,101,-1.7669289302057951,0.3434561916777806
2020-10-16 07:00:00,25.3,86,22.8,0.0,45,33.0,3.0,104,-2.910887178827989,0.7257656867990033
2020-10-16 08:00:00,27.2,79,23.2,0.0,46,146.0,2.9,173,-0.3534210958749278,2.8783838397598336
2020-10-16 09:00:00,28.1,75,23.4,0.0,72,258.0,3.7,241,3.236092916415765,1.7937955949114464
2020-10-16 10:00:00,28.7,71,22.9,0.2,61,398.0,4.8,283,4.676976310969129,-1.0797650608505516
2020-10-16 11:00:00,28.9,69,22.7,0.0,32,399.0,5.5,302,4.664264528860343,-2.9145559532826257
2020-10-16 12:00:00,29.5,66,22.5,0.0,19,585.0,6.6,311,4.981083229470297,-4.3299895913373465
2020-10-16 13:00:00,29.6,65,22.2,0.0,20,546.0,8.9,320,5.720809726210202,-6.817795543758902
2020-10-16 14:00:00,29.5,64,22.1,0.0,20,378.0,10.9,326,6.095202647831138,-9.036509540849956
2020-10-16 15:00:00,29.3,65,22.0,0.0,28,296.0,11.8,340,4.0358376912428895,-11.08837292527372
2020-10-16 16:00:00,28.9,66,21.9,0.0,27,201.0,13.2,349,2.5186787389703893,-12.957478821509165
2020-10-16 17:00:00,28.4,67,21.7,0.0,22,76.0,14.1,356,0.9835662797921716,-14.06565310866352
2020-10-16 18:00:00,27.6,71,21.8,0.0,17,3.0,13.7,355,1.1940336756429188,-13.647867363856914
2020-10-16 19:00:00,27.0,74,22.0,0.0,24,0.0,13.4,8,-1.864919552864877,-13.269592121137045
2020-10-16 20:00:00,26.5,77,22.1,0.0,22,0.0,12.0,9,-1.8772135804827703,-11.852260087141651
2020-10-16 21:00:00,26.1,80,22.4,0.0,27,0.0,10.2,10,-1.7712114122026892,-10.04503908072452
2020-10-16 22:00:00,25.7,83,22.6,0.0,23,0.0,9.5,9,-1.4861274178821933,-9.38303923565381
2020-10-16 23:00:00,25.3,86,22.7,0.0,23,0.0,9.5,11,-1.812685456077176,-9.325458242752807
2020-10-17 00:00:00,25.1,87,22.7,0.0,20,0.0,8.9,14,-2.153104870837043,-8.635631963856369
2020-10-17 01:00:00,24.9,88,22.7,0.0,20,0.0,8.6,15,-2.2258437878816784,-8.306962106085987
2020-10-17 02:00:00,24.7,89,22.7,0.0,24,0.0,9.2,11,-1.755442757464212,-9.030970087718508
2020-10-17 03:00:00,25.0,86,22.6,0.0,18,0.0,9.6,13,-2.159530121701104,-9.35395262193826
2020-10-17 04:00:00,24.9,87,22.5,0.0,23,0.0,10.0,15,-2.5881904510252074,-9.659258262890685
2020-10-17 05:00:00,24.7,87,22.3,0.0,23,0.0,9.7,15,-2.510544737494451,-9.369480515003962
2020-10-17 06:00:00,24.2,89,22.3,0.0,15,0.0,9.3,13,-2.092044805397945,-9.06164160250269
2020-10-17 07:00:00,24.6,87,22.3,0.0,21,23.0,10.7,20,-3.659615533584655,-10.05471104240922
2020-10-17 08:00:00,26.0,77,21.7,0.0,21,123.0,10.2,23,-3.985457510590592,-9.389149505214892
2020-10-17 09:00:00,27.1,72,21.7,0.0,28,254.0,7.8,13,-1.754618223882147,-7.600086505324834
2020-10-17 10:00:00,27.9,70,21.9,0.0,21,327.0,5.4,8,-0.7515347451843534,-5.34744757120448
2020-10-17 11:00:00,28.6,68,22.0,0.0,22,398.0,4.9,343,1.4326213531414125,-4.685893304218873
2020-10-17 12:00:00,29.0,66,22.1,0.0,18,448.0,5.8,330,2.9000000000000026,-5.022947341949743
2020-10-17 13:00:00,29.1,65,21.9,0.0,17,467.0,9.5,323,5.717242719944458,-7.587037345449282
2020-10-17 14:00:00,29.1,65,21.8,0.0,26,349.0,12.1,350,2.1011429497698577,-11.916173811447717
2020-10-17 15:00:00,28.7,63,20.9,0.0,26,231.0,11.3,7,-1.3771235804781663,-11.215771513546938
2020-10-17 16:00:00,28.4,64,20.9,0.0,35,132.0,10.2,10,-1.7712114122026892,-10.04503908072452
2020-10-17 17:00:00,27.9,66,20.9,0.0,38,47.0,9.5,9,-1.4861274178821933,-9.38303923565381
2020-10-17 18:00:00,27.1,70,21.1,0.0,42,2.0,10.4,360,2.547265342226495e-15,-10.4
2020-10-17 19:00:00,26.5,73,21.3,0.0,40,0.0,10.2,10,-1.7712114122026892,-10.04503908072452
2020-10-17 20:00:00,25.9,76,21.4,0.0,49,0.0,11.5,4,-0.802199448057441,-11.47198657798798
2020-10-17 21:00:00,25.4,79,21.5,0.0,59,0.0,12.6,5,-1.098162358620493,-12.552053195955994
2020-10-17 22:00:00,25.1,81,21.6,0.0,46,0.0,12.0,9,-1.8772135804827703,-11.852260087141651
2020-10-17 23:00:00,24.8,82,21.6,0.0,38,0.0,11.4,11,-2.175222547292611,-11.19054989130337
2020-10-18 00:00:00,24.5,84,21.6,0.0,35,0.0,10.9,9,-1.7051356689385164,-10.765802912487002
2020-10-18 01:00:00,24.4,83,21.4,0.0,38,0.0,11.3,9,-1.7677094549546088,-11.160878248725057
2020-10-18 02:00:00,24.2,84,21.3,0.0,35,0.0,10.3,12,-2.141490415422921,-10.0749202875582
2020-10-18 03:00:00,24.0,84,21.2,0.0,37,0.0,9.7,15,-2.510544737494451,-9.369480515003962
2020-10-18 04:00:00,23.9,85,21.2,0.0,26,0.0,9.3,16,-2.5634274090980926,-8.939733772226367
2020-10-18 05:00:00,23.9,84,21.1,0.0,32,0.0,9.3,13,-2.092044805397945,-9.06164160250269
2020-10-18 06:00:00,23.8,85,21.1,0.0,36,0.0,9.2,11,-1.755442757464212,-9.030970087718508
2020-10-18 07:00:00,24.3,83,21.2,0.0,35,25.0,10.7,12,-2.2246550917500247,-10.46617932785172
2020-10-18 08:00:00,25.5,76,20.9,0.0,42,110.0,11.4,13,-2.564442019520061,-11.107818738551682
2020-10-18 09:00:00,26.6,71,20.9,0.0,45,240.0,11.4,13,-2.564442019520061,-11.107818738551682
2020-10-18 10:00:00,27.7,67,20.9,0.0,42,395.0,11.2,2,-0.3908743630680108,-11.193177262613872
2020-10-18 11:00:00,28.4,63,20.8,0.0,41,404.0,11.5,358,0.4013442120787595,-11.4929945107196
2020-10-18 12:00:00,29.0,61,20.8,0.0,36,450.0,12.6,357,0.659433048661099,-12.58273213790763
2020-10-18 13:00:00,29.4,60,20.9,0.0,32,516.0,13.4,354,1.4006814077865557,-13.326593397934865
2020-10-18 14:00:00,29.6,60,21.0,0.0,31,490.0,14.1,354,1.473851332073913,-14.022758724692652
2020-10-18 15:00:00,28.9,63,21.3,0.0,28,271.0,14.1,354,1.473851332073913,-14.022758724692652
2020-10-18 16:00:00,28.2,66,21.3,0.0,30,129.0,15.1,360,3.698433333425007e-15,-15.1
2020-10-18 17:00:00,27.4,69,21.3,0.0,30,55.0,15.9,3,-0.832141704262807,-15.878209602597725
2020-10-18 18:00:00,26.6,73,21.3,0.0,46,2.0,16.3,5,-1.4206386067868282,-16.237973578895453
2020-10-18 19:00:00,26.0,76,21.4,0.0,35,0.0,17.8,7,-2.169274312611625,-17.667321499215532
2020-10-18 20:00:00,25.5,78,21.4,0.0,47,0.0,18.1,6,-1.891965185144528,-18.000846306165748
2020-10-18 21:00:00,25.3,80,21.5,0.0,67,0.0,16.7,7,-2.035218034865963,-16.575520732410077
2020-10-18 22:00:00,25.0,81,21.5,0.0,72,0.0,14.6,10,-2.535263393937183,-14.378193193978236
2020-10-18 23:00:00,24.9,82,21.5,0.0,55,0.0,12.5,12,-2.598896135221992,-12.226845009172573
2020-10-19 00:00:00,24.8,82,21.5,0.0,47,0.0,10.6,10,-1.8406706832694613,-10.438962181929403
2020-10-19 01:00:00,24.7,83,21.5,0.0,42,0.0,10.8,4,-0.7533699164365533,-10.773691742806102
2020-10-19 02:00:00,24.5,83,21.5,0.0,31,0.0,10.8,4,-0.7533699164365533,-10.773691742806102
2020-10-19 03:00:00,24.3,83,21.2,0.0,39,0.0,10.8,2,-0.3769145643870105,-10.793420931806237
2020-10-19 04:00:00,24.2,83,21.2,0.0,36,0.0,11.5,2,-0.4013442120787611,-11.4929945107196
2020-10-19 05:00:00,24.1,84,21.2,0.0,49,0.0,11.9,5,-1.037153338697132,-11.854716907291772
2020-10-19 06:00:00,24.1,84,21.2,0.0,46,0.0,11.7,9,-1.830283240970701,-11.555953584963111
2020-10-19 07:00:00,24.5,82,21.2,0.0,34,22.0,11.0,11,-2.0988989491419927,-10.797899017924305
2020-10-19 08:00:00,25.4,77,21.1,0.0,30,103.0,10.9,6,-1.1393602496174229,-10.84028865951418
2020-10-19 09:00:00,26.5,73,21.2,0.0,41,173.0,11.9,358,0.4153040107597598,-11.89275084152724
2020-10-19 10:00:00,27.5,69,21.2,0.0,40,304.0,13.0,358,0.4536934571325107,-12.992080751248244
2020-10-19 11:00:00,28.3,66,21.3,0.0,35,357.0,13.3,357,0.6960682180311601,-13.281772812235833
2020-10-19 12:00:00,28.8,64,21.3,0.0,29,425.0,13.5,351,2.1118652780431195,-13.33379259803436
2020-10-19 13:00:00,29.0,63,21.3,0.0,33,422.0,14.6,350,2.535263393937184,-14.378193193978236
2020-10-19 14:00:00,29.1,62,21.2,0.0,32,402.0,16.3,352,2.268521545649074,-16.141369520487597
2020-10-19 15:00:00,29.0,62,21.0,0.0,31,251.0,17.0,356,1.1858600536501358,-16.958588854417012
2020-10-19 16:00:00,28.5,63,20.9,0.0,38,148.0,16.9,1,-0.2949456687900913,-16.89742604814301
2020-10-19 17:00:00,27.8,66,20.8,0.0,45,57.0,17.6,1,-0.3071623532961898,-17.59731943475249
2020-10-19 18:00:00,26.8,70,20.8,0.0,52,2.0,16.9,1,-0.2949456687900913,-16.89742604814301
2020-10-19 19:00:00,25.9,74,20.8,0.0,63,0.0,18.8,5,-1.6385279636559735,-18.728460324124818
2020-10-19 20:00:00,25.4,76,20.9,0.0,87,0.0,18.1,7,-2.2058351156331697,-17.96508534470793
2020-10-19 21:00:00,25.2,78,21.0,0.0,99,0.0,16.3,5,-1.4206386067868282,-16.237973578895453
2020-10-19 22:00:00,25.1,78,21.0,0.0,100,0.0,14.5,6,-1.5156627173809754,-14.420567482839962
2020-10-19 23:00:00,24.9,79,21.1,0.0,100,0.0,13.0,5,-1.1330246557195562,-12.950531075192693
2020-10-20 00:00:00,24.7,81,21.2,0.0,45,0.0,12.3,3,-0.6437322617882092,-12.283143277481258
2020-10-20 01:00:00,24.5,82,21.2,0.0,29,0.0,12.2,2,-0.4257738597705118,-12.192568089632967
2020-10-20 02:00:00,24.5,82,21.2,0.0,27,0.0,11.6,5,-1.0110066158728348,-11.555858497864248
2020-10-20 03:00:00,24.6,81,21.1,0.0,31,0.0,11.6,7,-1.4136843834997106,-11.513535359039334
2020-10-20 04:00:00,24.5,82,21.1,0.0,27,0.0,11.9,5,-1.037153338697132,-11.854716907291772
2020-10-20 05:00:00,24.3,82,21.1,0.0,36,0.0,12.6,5,-1.098162358620493,-12.552053195955994
2020-10-20 06:00:00,24.0,83,21.0,0.0,16,0.0,12.3,7,-1.498992923883314,-12.20831766518826
2020-10-20 07:00:00,24.5,81,21.1,0.0,12,32.0,13.4,8,-1.864919552864877,-13.269592121137045
2020-10-20 08:00:00,25.9,74,20.9,0.0,10,158.0,13.7,3,-0.7170026005283305,-13.68122462613766
2020-10-20 09:00:00,27.3,68,20.9,0.0,14,339.0,13.0,357,0.6803674311582768,-12.98218395180946
2020-10-20 10:00:00,28.4,64,20.9,0.0,26,473.0,12.0,353,1.4624321208617668,-11.910553819695863
2020-10-20 11:00:00,29.4,60,20.9,0.0,29,602.0,13.6,348,2.827598995121534,-13.302807369979757
2020-10-20 12:00:00,30.0,58,20.9,0.0,31,664.0,16.0,351,2.502951440643697,-15.803013449522204
2020-10-20 13:00:00,30.1,58,20.8,0.0,24,601.0,17.2,350,2.986748655871202,-16.938693351809977
2020-10-20 14:00:00,30.0,58,20.8,0.0,22,551.0,20.1,351,3.144332747308645,-19.85253564596227
2020-10-20 15:00:00,29.9,57,20.5,0.0,26,419.0,23.1,356,1.6113745434893023,-23.04372956100194
2020-10-20 16:00:00,29.0,61,20.8,0.0,35,260.0,23.0,360,5.633375276077825e-15,-23.0
2020-10-20 17:00:00,28.0,67,21.3,0.0,39,74.0,19.4,1,-0.3385766848833001,-19.39704528603399
2020-10-20 18:00:00,26.9,73,21.6,0.0,40,2.0,15.6,7,-1.9011617571203008,-15.483719965604624
2020-10-20 19:00:00,26.1,78,21.9,0.0,37,0.0,13.4,6,-1.4006814077865566,-13.326593397934865
2020-10-20 20:00:00,25.7,81,22.1,0.0,41,0.0,12.6,3,-0.6594330486610923,-12.58273213790763
2020-10-20 21:00:00,25.5,82,22.3,0.0,40,0.0,13.7,360,3.355532229663748e-15,-13.7
2020-10-20 22:00:00,25.2,84,22.4,0.0,29,0.0,13.0,3,-0.6803674311582698,-12.98218395180946
2020-10-20 23:00:00,25.0,86,22.5,0.0,30,0.0,11.6,5,-1.0110066158728348,-11.555858497864248
2020-10-21 00:00:00,24.8,87,22.5,0.0,34,0.0,12.2,2,-0.4257738597705118,-12.192568089632967
2020-10-21 01:00:00,24.6,88,22.5,0.0,36,0.0,14.4,1,-0.2513146526968826,-14.397806810252035
2020-10-21 02:00:00,24.5,88,22.4,0.0,32,0.0,15.9,4,-1.1091279325315924,-15.861268399131204
2020-10-21 03:00:00,24.6,88,22.5,0.0,33,0.0,15.5,5,-1.3509140125887016,-15.441017820422056
2020-10-21 04:00:00,24.5,89,22.6,0.0,30,0.0,14.1,3,-0.737936983025508,-14.080676440039491
2020-10-21 05:00:00,24.4,91,22.7,0.0,32,0.0,12.6,360,3.08610993385133e-15,-12.6
2020-10-21 06:00:00,24.3,91,22.8,0.0,31,0.0,10.9,6,-1.1393602496174229,-10.84028865951418
2020-10-21 07:00:00,24.8,89,22.9,0.0,31,8.0,12.6,360,3.08610993385133e-15,-12.6
2020-10-21 08:00:00,26.0,83,22.9,0.0,34,13.0,13.7,360,3.355532229663748e-15,-13.7
2020-10-21 09:00:00,27.0,78,22.8,0.0,32,67.0,14.1,356,0.9835662797921716,-14.06565310866352
2020-10-21 10:00:00,28.1,73,22.7,0.0,33,130.0,14.9,353,1.8158532167366936,-14.7889376594557
2020-10-21 11:00:00,28.9,69,22.5,0.0,32,177.0,13.3,358,0.4641633061432609,-13.291897999353974
2020-10-21 12:00:00,29.5,66,22.4,0.0,29,261.0,11.6,355,1.0110066158728364,-11.555858497864248
2020-10-21 13:00:00,29.9,64,22.4,0.0,28,250.0,12.5,342,3.862712429686846,-11.88820645368942
2020-10-21 14:00:00,29.8,65,22.4,0.0,34,170.0,14.0,342,4.326237921249268,-13.31479122813215
2020-10-21 15:00:00,29.9,67,23.1,0.0,42,240.0,14.8,347,3.329275604289207,-14.42067695882148
2020-10-21 16:00:00,29.3,70,23.2,0.0,59,79.0,15.5,355,1.350914012588704,-15.441017820422056
2020-10-21 17:00:00,28.7,72,23.2,0.0,60,25.0,15.5,357,0.8112073217656377,-15.478757788695894
2020-10-21 18:00:00,27.9,77,23.4,0.0,71,1.0,11.2,2,-0.3908743630680108,-11.193177262613872
2020-10-21 19:00:00,27.2,81,23.6,0.0,79,0.0,10.4,358,0.3629547657060086,-10.393664600998596
2020-10-21 20:00:00,26.7,84,23.7,0.0,72,0.0,12.2,2,-0.4257738597705118,-12.192568089632967
2020-10-21 21:00:00,26.4,86,23.8,0.0,59,0.0,13.1,8,-1.8231676225768567,-12.972511700514572
2020-10-21 22:00:00,26.1,88,23.9,0.0,52,0.0,12.1,12,-2.515731458894888,-11.835585968879048
2020-10-21 23:00:00,25.9,89,23.9,0.0,53,0.0,10.7,12,-2.2246550917500247,-10.46617932785172
2020-10-22 00:00:00,25.8,90,23.9,0.0,42,0.0,9.8,8,-1.363896389408641,-9.70462707366739
2020-10-22 01:00:00,25.6,91,24.0,0.0,83,0.0,9.7,358,0.3385251180142579,-9.694091022085228
2020-10-22 02:00:00,25.4,91,23.9,0.1,83,0.0,11.9,358,0.4153040107597598,-11.89275084152724
2020-10-22 03:00:00,25.3,92,23.9,0.0,60,0.0,13.7,360,3.355532229663748e-15,-13.7
2020-10-22 04:00:00,25.0,93,23.8,1.1,68,0.0,14.0,359,0.2443336901219698,-13.997867732189478
2020-10-22 05:00:00,24.9,93,23.6,0.4,82,0.0,15.2,5,-1.324767289764404,-15.142159410994532
2020-10-22 06:00:00,24.6,94,23.5,2.2,66,0.0,16.9,12,-3.5137075748201325,-16.530694452401313
2020-10-22 07:00:00,24.5,94,23.4,0.3,50,2.0,18.7,359,0.3263600003772026,-18.697151899424515
2020-10-22 08:00:00,24.8,92,23.5,0.5,69,25.0,23.4,3,-1.2246613760848857,-23.367931113257026
2020-10-22 09:00:00,25.3,89,23.4,0.6,56,136.0,25.1,7,-3.058920519469202,-24.912908406197182
2020-10-22 10:00:00,26.1,84,23.2,1.5,50,134.0,24.8,9,-3.8795747329977255,-24.494670846759416
2020-10-22 11:00:00,26.9,79,22.9,0.4,35,221.0,24.3,8,-3.3819063533295903,-24.06351407042016
2020-10-22 12:00:00,26.8,78,22.6,0.4,35,145.0,26.0,6,-2.7177400449589904,-25.857569279575102
2020-10-22 13:00:00,26.5,78,22.4,0.2,52,45.0,27.2,6,-2.843174200880174,-27.05099555401703
2020-10-22 14:00:00,27.2,74,22.1,0.0,67,326.0,28.2,4,-1.9671325595843332,-28.13130621732704
2020-10-22 15:00:00,25.9,73,20.7,0.2,70,91.0,29.6,3,-1.5491443047911375,-29.559434228735388
2020-10-22 16:00:00,24.9,77,20.6,0.4,77,89.0,29.6,3,-1.5491443047911375,-29.559434228735388
2020-10-22 17:00:00,23.8,82,20.6,0.5,93,23.0,28.8,3,-1.5072755397967823,-28.760530600931727
2020-10-22 18:00:00,22.9,85,20.3,0.5,92,1.0,30.2,1,-0.527062674405962,-30.195400393723016
2020-10-22 19:00:00,22.5,86,20.1,0.4,100,0.0,31.0,2,-1.08188439777753,-30.98111563759197
2020-10-22 20:00:00,22.4,86,20.0,0.5,98,0.0,29.6,3,-1.5491443047911375,-29.559434228735388
2020-10-22 21:00:00,22.4,85,19.8,0.7,96,0.0,28.5,3,-1.4915747529238992,-28.460941740505355
2020-10-22 22:00:00,22.3,85,19.7,0.9,100,0.0,27.0,3,-1.4130708185594836,-26.96299743837349
2020-10-22 23:00:00,22.4,84,19.6,0.4,100,0.0,25.3,4,-1.76483878572637,-25.238370471573557
2020-10-23 00:00:00,22.5,83,19.6,0.3,100,0.0,23.4,4,-1.632301485612532,-23.342998776079884
2020-10-23 01:00:00,22.7,82,19.5,0.0,100,0.0,22.3,3,-1.1670918242176476,-22.269438625027
2020-10-23 02:00:00,22.8,80,19.3,0.0,100,0.0,21.6,360,5.290474172316566e-15,-21.6
2020-10-23 03:00:00,21.9,86,19.5,4.8,100,0.0,22.0,359,0.3839529416202383,-21.99664929344061
2020-10-23 04:00:00,21.8,87,19.5,3.9,100,0.0,22.7,360,5.559896468128984e-15,-22.7
2020-10-23 05:00:00,21.6,87,19.4,2.6,99,0.0,22.3,359,0.3891886635514234,-22.296603601987528
2020-10-23 06:00:00,21.6,86,19.2,1.6,83,0.0,22.7,3,-1.188026206714825,-22.668890438928827
2020-10-23 07:00:00,21.7,86,19.3,1.0,83,1.0,23.0,360,5.633375276077825e-15,-23.0
2020-10-23 08:00:00,22.2,84,19.4,0.8,69,38.0,23.0,1,-0.4014053480575207,-22.996496988597
2020-10-23 09:00:00,22.4,84,19.6,0.9,67,26.0,22.3,1,-0.3891886635514223,-22.296603601987528
2020-10-23 10:00:00,22.4,84,19.5,1.1,65,36.0,23.0,1,-0.4014053480575207,-22.996496988597
2020-10-23 11:00:00,22.6,83,19.5,0.9,81,80.0,23.4,360,5.7313470200096116e-15,-23.4
2020-10-23 12:00:00,22.8,81,19.4,0.6,89,82.0,22.0,359,0.3839529416202383,-21.99664929344061
2020-10-23 13:00:00,23.0,80,19.4,0.9,92,69.0,20.2,358,0.7049698333905167,-20.18769470578573
2020-10-23 14:00:00,23.0,80,19.3,0.9,94,38.0,19.1,357,0.9996167642402376,-19.07382411381236
2020-10-23 15:00:00,22.1,85,19.4,2.8,92,1.0,19.5,358,0.6805401856987661,-19.488121126872368
2020-10-23 16:00:00,21.9,85,19.2,1.8,97,15.0,18.7,359,0.3263600003772026,-18.697151899424515
2020-10-23 17:00:00,21.7,84,18.9,1.3,94,0.0,17.3,358,0.6037612929532643,-17.289461307430358
2020-10-23 18:00:00,21.5,84,18.8,0.8,95,0.0,16.7,7,-2.035218034865963,-16.575520732410077
2020-10-23 19:00:00,21.6,82,18.4,0.5,95,0.0,12.9,13,-2.9018686010358588,-12.569373835729534
2020-10-23 20:00:00,21.9,81,18.5,0.2,96,0.0,11.9,358,0.4153040107597598,-11.89275084152724
2020-10-23 21:00:00,22.0,81,18.5,0.2,84,0.0,13.3,358,0.4641633061432609,-13.291897999353974
2020-10-23 22:00:00,22.0,81,18.6,0.1,69,0.0,11.9,360,2.9146593819707008e-15,-11.9
2020-10-23 23:00:00,22.1,81,18.7,0.1,61,0.0,10.8,2,-0.3769145643870105,-10.793420931806237
2020-10-24 00:00:00,22.2,81,18.7,0.1,86,0.0,10.2,10,-1.7712114122026892,-10.04503908072452
2020-10-24 01:00:00,22.3,81,18.8,0.2,92,0.0,9.4,360,2.3023359823970247e-15,-9.4
2020-10-24 02:00:00,22.3,81,18.9,0.0,89,0.0,8.7,353,1.0602632876247808,-8.635151519279502
2020-10-24 03:00:00,22.8,77,18.5,0.0,92,0.0,9.4,358,0.3280552690035077,-9.3942737739795
2020-10-24 04:00:00,22.9,76,18.5,0.0,96,0.0,9.4,7,-1.1455718280083864,-9.329933825428428
2020-10-24 05:00:00,23.0,76,18.5,0.3,90,0.0,8.6,358,0.300135671641507,-8.594761112364223
2020-10-24 06:00:00,22.9,78,18.8,0.3,89,0.0,9.1,9,-1.4235536318661008,-8.987963899415753
2020-10-24 07:00:00,22.8,80,19.3,0.6,84,0.0,8.3,18,-2.564841053312064,-7.893769085249775
2020-10-24 08:00:00,22.9,83,19.9,1.4,83,26.0,6.4,16,-1.7640790772287946,-6.1520748540052415
2020-10-24 09:00:00,23.6,81,20.2,1.4,68,74.0,4.7,4,-0.3278554265973889,-4.688551036221174
2020-10-24 10:00:00,23.9,79,20.0,0.8,75,108.0,6.6,338,2.4724035165450213,-6.119413440140796
2020-10-24 11:00:00,24.3,78,20.1,0.3,56,70.0,6.8,335,2.873804179836754,-6.16289295184922
2020-10-24 12:00:00,24.3,78,20.2,0.3,66,69.0,6.3,329,3.244739871933344,-5.400153994423306
2020-10-24 13:00:00,24.6,77,20.3,0.3,46,116.0,5.6,320,3.5996106142446216,-4.289848881466275
2020-10-24 14:00:00,24.8,76,20.3,0.2,34,182.0,6.4,313,4.680663690362691,-4.364789504399991
2020-10-24 15:00:00,26.4,67,19.7,0.0,47,173.0,7.1,311,5.3584380195816825,-4.6580191058326
2020-10-24 16:00:00,26.1,67,19.5,0.0,50,100.0,8.4,335,3.549993398621873,-7.612985411107861
2020-10-24 17:00:00,25.5,69,19.5,0.0,62,24.0,8.3,358,0.2896658226307568,-8.294943864258496
2020-10-24 18:00:00,24.9,72,19.5,0.0,68,0.0,9.5,351,1.4861274178821953,-9.383039235653808
2020-10-24 19:00:00,24.4,74,19.5,0.0,72,0.0,10.2,352,1.419565629792672,-10.100734301164016
2020-10-24 20:00:00,24.1,76,19.6,0.0,85,0.0,9.4,353,1.145571828008384,-9.329933825428428
2020-10-24 21:00:00,24.0,77,19.7,0.0,100,0.0,8.4,353,1.0237024846032368,-8.337387673787106
2020-10-24 22:00:00,23.9,80,20.3,0.0,100,0.0,5.8,338,2.172718241812292,-5.377666356487366
2020-10-24 23:00:00,24.2,79,20.2,0.0,100,0.0,6.2,324,3.644268564213335,-5.015905365124674
2020-10-25 00:00:00,24.1,81,20.6,0.0,100,0.0,6.2,324,3.644268564213335,-5.015905365124674
2020-10-25 01:00:00,24.4,81,20.9,0.0,100,0.0,5.2,326,2.907803098047882,-4.3109953772862175
2020-10-25 02:00:00,24.4,81,21.0,0.0,100,0.0,5.3,332,2.4881992827652213,-4.679622242152313
2020-10-25 03:00:00,23.0,83,20.1,0.0,100,0.0,5.3,332,2.4881992827652213,-4.679622242152313
2020-10-25 04:00:00,23.3,82,20.1,0.0,100,0.0,6.2,339,2.2218812871808646,-5.78819864428265
2020-10-25 05:00:00,23.1,84,20.2,0.1,100,0.0,6.5,354,0.6794350112397471,-6.4643923198937765
2020-10-25 06:00:00,23.1,85,20.5,0.0,71,0.0,5.1,39,-3.2095339943541705,-3.963444403430551
2020-10-25 07:00:00,23.3,88,21.1,0.0,97,19.0,3.0,76,-2.910887178827989,-0.725765686799003
2020-10-25 08:00:00,24.8,81,21.3,0.0,55,73.0,1.8,90,-1.8,-1.1021821192326179e-16
2020-10-25 09:00:00,25.5,80,21.7,0.0,47,158.0,2.2,189,0.3441558230885076,2.1729143493093037
2020-10-25 10:00:00,26.2,76,21.6,0.0,52,276.0,4.4,235,3.604268994871563,2.523736319944604
2020-10-25 11:00:00,26.8,73,21.5,0.2,49,386.0,5.9,281,5.791600382341217,-1.1257730727216162
2020-10-25 12:00:00,27.2,71,21.5,0.0,80,437.0,9.2,318,6.156001578501495,-6.836932394392027
2020-10-25 13:00:00,27.3,70,21.2,0.0,63,367.0,8.9,333,4.040515447681968,-7.929958065276474
2020-10-25 14:00:00,27.5,68,21.2,0.0,50,376.0,7.1,336,2.887830165838181,-6.486172749262467
2020-10-25 15:00:00,27.6,69,21.3,0.0,67,302.0,6.8,335,2.873804179836754,-6.16289295184922
2020-10-25 16:00:00,27.2,69,21.1,0.0,62,183.0,8.7,330,4.350000000000003,-7.534421012924613
2020-10-25 17:00:00,26.5,72,21.0,0.0,72,50.0,10.0,345,2.588190451025207,-9.659258262890685
2020-10-25 18:00:00,25.6,75,20.9,0.0,72,1.0,10.5,356,0.7324429743133192,-10.474422527728152
2020-10-25 19:00:00,24.9,77,20.7,0.0,81,0.0,10.4,2,-0.3629547657060101,-10.393664600998596
2020-10-25 20:00:00,24.5,79,20.6,0.0,82,0.0,8.4,10,-1.458644692402215,-8.272385125302547
2020-10-25 21:00:00,24.3,80,20.6,0.0,87,0.0,7.9,16,-2.177535110954293,-7.59396739791272
2020-10-25 22:00:00,24.2,80,20.6,0.0,100,0.0,5.4,360,1.3226185430791417e-15,-5.4
2020-10-25 23:00:00,24.2,81,20.7,0.0,100,0.0,6.1,332,2.863776532993933,-5.385980316439454
2020-10-26 00:00:00,24.1,81,20.6,0.0,100,0.0,6.0,343,1.7542302283364228,-5.737828535778212
2020-10-26 01:00:00,23.9,81,20.4,0.0,100,0.0,6.4,344,1.764079077228793,-6.1520748540052415
2020-10-26 02:00:00,23.8,81,20.3,0.0,100,0.0,6.0,343,1.7542302283364228,-5.737828535778212
2020-10-26 03:00:00,23.9,83,20.8,0.1,100,0.0,5.8,338,2.172718241812292,-5.377666356487366
2020-10-26 04:00:00,23.9,83,20.8,0.2,100,0.0,5.7,342,1.7613968679372018,-5.421022142882375
2020-10-26 05:00:00,23.8,83,20.7,0.0,100,0.0,6.3,347,1.4171916423663515,-6.1385314081469815
2020-10-26 06:00:00,23.8,83,20.8,0.0,100,0.0,6.1,3,-0.3192493330819573,-6.0916401620029
2020-10-26 07:00:00,23.9,84,21.1,0.0,100,11.0,5.4,8,-0.7515347451843534,-5.34744757120448
2020-10-26 08:00:00,24.8,79,20.9,0.1,100,82.0,4.5,14,-1.0886485301985047,-4.366330768241984
2020-10-26 09:00:00,25.4,77,21.2,0.0,100,206.0,1.5,346,0.3628828433995018,-1.4554435894139948
2020-10-26 10:00:00,25.9,76,21.4,0.0,87,206.0,2.9,263,2.878383839759834,0.3534210958749267
2020-10-26 11:00:00,26.6,74,21.5,0.0,76,334.0,4.7,266,4.688551036221174,0.3278554265973902
2020-10-26 12:00:00,27.4,71,21.6,0.0,72,515.0,7.4,284,7.180188374442375,-1.790222027437539
2020-10-26 13:00:00,27.5,69,21.2,0.0,69,393.0,9.7,312,7.208504807130727,-6.4905668816809206
2020-10-26 14:00:00,27.5,68,21.1,0.0,59,319.0,11.4,336,4.636797731064122,-10.414418217125652
2020-10-26 15:00:00,27.3,69,21.2,0.0,59,226.0,11.7,351,1.830283240970704,-11.55595358496311
2020-10-26 16:00:00,27.1,69,21.0,0.0,47,144.0,12.0,351,1.8772135804827728,-11.852260087141651
2020-10-26 17:00:00,26.5,72,21.0,0.0,42,58.0,11.3,353,1.3771235804781636,-11.21577151354694
2020-10-26 18:00:00,25.7,76,21.0,0.0,28,1.0,10.1,360,2.473786534277653e-15,-10.1
2020-10-26 19:00:00,25.2,78,21.1,0.0,38,0.0,8.6,2,-0.3001356716415083,-8.594761112364223
2020-10-26 20:00:00,24.9,80,21.1,0.0,32,0.0,7.6,352,1.0577155672965006,-7.526037322435934
2020-10-26 21:00:00,24.6,81,21.2,0.0,35,0.0,7.4,346,1.7902220274375422,-7.180188374442374
2020-10-26 22:00:00,24.4,83,21.3,0.0,38,0.0,6.7,344,1.8467702839738929,-6.440453362786736
2020-10-26 23:00:00,24.4,83,21.4,0.0,51,0.0,6.6,347,1.4846769586695112,-6.430842427582552
2020-10-27 00:00:00,24.2,84,21.4,0.0,45,0.0,7.6,352,1.0577155672965006,-7.526037322435934
2020-10-27 01:00:00,24.1,84,21.3,0.0,43,0.0,7.6,357,0.3977532674463772,-7.589584464134761
2020-10-27 02:00:00,24.0,85,21.3,0.0,55,0.0,7.2,360,1.7634913907721889e-15,-7.2
2020-10-27 03:00:00,24.1,84,21.2,0.0,52,0.0,7.6,3,-0.3977532674463731,-7.589584464134761
2020-10-27 04:00:00,24.0,85,21.2,0.0,40,0.0,5.8,4,-0.4045875477159267,-5.78587149150698
2020-10-27 05:00:00,23.7,87,21.4,0.0,45,0.0,4.7,351,0.7352419856890862,-4.642135200797148
2020-10-27 06:00:00,23.4,90,21.6,0.0,43,0.0,5.0,339,1.7918397477265038,-4.667902132486008
2020-10-27 07:00:00,23.9,89,22.1,0.0,38,16.0,5.1,356,0.3557580160950407,-5.087576656325103
2020-10-27 08:00:00,25.8,78,21.8,0.0,33,111.0,5.1,4,-0.355758016095039,-5.087576656325103
2020-10-27 09:00:00,26.5,78,22.2,0.0,31,193.0,4.1,15,-1.061158084920335,-3.96029588778518
2020-10-27 10:00:00,27.3,75,22.6,0.0,11,375.0,3.6,360,8.817456953860943e-16,-3.6
2020-10-27 11:00:00,28.0,73,22.6,0.0,6,408.0,3.8,343,1.1110124779464012,-3.633958072659534
2020-10-27 12:00:00,28.5,70,22.6,0.0,11,525.0,3.6,307,2.875087836170255,-2.1665340833473725
2020-10-27 13:00:00,28.6,70,22.7,0.0,7,468.0,6.0,287,5.737828535778212,-1.7542302283364202
2020-10-27 14:00:00,28.5,70,22.6,0.0,8,475.0,8.4,301,7.200205325897744,-4.326319829244455
2020-10-27 15:00:00,28.6,68,22.1,0.0,8,330.0,10.3,324,6.054188098612476,-8.332875042061959
2020-10-27 16:00:00,28.2,69,22.0,0.0,8,210.0,11.3,338,4.23305450559981,-10.477177556604698
2020-10-27 17:00:00,27.5,72,22.1,0.0,6,68.0,9.3,347,2.092044805397948,-9.061641602502688
2020-10-27 18:00:00,26.6,76,22.1,0.0,15,1.0,9.5,349,1.8126854560771744,-9.325458242752807
2020-10-27 19:00:00,26.0,79,22.1,0.0,26,0.0,9.4,358,0.3280552690035077,-9.3942737739795
2020-10-27 20:00:00,25.6,82,22.3,0.0,34,0.0,9.0,2,-0.3140954703225087,-8.994517443171862
2020-10-27 21:00:00,25.2,84,22.4,0.0,36,0.0,8.3,2,-0.2896658226307581,-8.294943864258496
2020-10-27 22:00:00,24.8,87,22.4,0.0,41,0.0,6.9,6,-0.721246396546809,-6.862201078041086
2020-10-27 23:00:00,24.5,88,22.4,0.0,56,0.0,5.1,356,0.3557580160950407,-5.087576656325103
2020-10-28 00:00:00,24.1,90,22.4,0.0,60,0.0,6.5,354,0.6794350112397471,-6.4643923198937765
2020-10-28 01:00:00,24.0,91,22.4,0.0,61,0.0,6.2,353,0.7555899291119128,-6.153786140176197
2020-10-28 02:00:00,23.8,92,22.3,0.0,56,0.0,5.5,349,1.0494494745709957,-5.398949508962152
2020-10-28 03:00:00,23.6,92,22.2,0.0,43,0.0,5.2,348,1.0811407922523513,-5.086367523815789
2020-10-28 04:00:00,23.5,92,22.1,0.0,44,0.0,5.5,349,1.0494494745709957,-5.398949508962152
2020-10-28 05:00:00,23.5,92,22.2,0.0,27,0.0,7.2,360,1.7634913907721889e-15,-7.2
2020-10-28 06:00:00,23.5,92,22.1,0.0,19,0.0,8.7,5,-0.7582549619046259,-8.666893873398186
2020-10-28 07:00:00,24.0,90,22.2,0.0,15,20.0,9.6,20,-3.28339337592642,-9.02104915954472
2020-10-28 08:00:00,25.4,83,22.4,0.0,13,105.0,6.9,6,-0.721246396546809,-6.862201078041086
2020-10-28 09:00:00,26.9,75,22.2,0.0,6,286.0,7.0,348,1.4553818357243191,-6.847033205136639
2020-10-28 10:00:00,28.0,71,22.3,0.0,15,476.0,8.2,337,3.203995253612045,-7.548139798310009
2020-10-28 11:00:00,28.7,69,22.3,0.0,17,562.0,9.7,333,4.403707847473605,-8.642763284627167
2020-10-28 12:00:00,29.1,68,22.5,0.0,22,622.0,10.3,335,4.352968095929202,-9.334970206477497
2020-10-28 13:00:00,29.0,69,22.6,0.0,29,564.0,10.7,340,3.659615533584654,-10.05471104240922
2020-10-28 14:00:00,28.9,69,22.7,0.0,18,499.0,11.8,348,2.4533579516495667,-11.542141688658909
2020-10-28 15:00:00,28.5,70,22.5,0.0,8,327.0,12.6,357,0.659433048661099,-12.58273213790763
2020-10-28 16:00:00,28.0,72,22.5,0.0,3,177.0,13.0,358,0.4536934571325107,-12.992080751248244
2020-10-28 17:00:00,27.4,75,22.6,0.0,7,54.0,10.5,356,0.7324429743133192,-10.474422527728152
2020-10-28 18:00:00,26.7,78,22.6,0.0,10,1.0,11.2,360,2.743208830090071e-15,-11.2
2020-10-28 19:00:00,26.2,81,22.7,0.0,13,0.0,9.5,11,-1.812685456077176,-9.325458242752807
2020-10-28 20:00:00,25.8,83,22.7,0.0,9,0.0,8.3,2,-0.2896658226307581,-8.294943864258496
2020-10-28 21:00:00,25.4,85,22.7,0.0,17,0.0,7.6,352,1.0577155672965006,-7.526037322435934
2020-10-28 22:00:00,25.1,86,22.6,0.0,20,0.0,8.1,347,1.8221035401853087,-7.892397524760404
2020-10-28 23:00:00,24.9,87,22.6,0.0,16,0.0,8.0,350,1.389185421335443,-7.878462024097664
2020-10-29 00:00:00,24.7,88,22.6,0.0,19,0.0,7.6,357,0.3977532674463772,-7.589584464134761
2020-10-29 01:00:00,24.4,90,22.7,0.0,15,0.0,7.3,11,-1.392905666248777,-7.165878439167947
2020-10-29 02:00:00,24.2,91,22.7,0.0,22,0.0,6.3,24,-2.5624408513775414,-5.755336383148386
2020-10-29 03:00:00,24.0,91,22.4,0.0,34,0.0,5.8,22,-2.172718241812289,-5.377666356487367
2020-10-29 04:00:00,24.1,91,22.5,0.0,38,0.0,6.0,17,-1.7542302283364206,-5.737828535778212
2020-10-29 05:00:00,24.1,91,22.5,0.0,36,0.0,6.8,18,-2.1013155617496424,-6.467184310807044
2020-10-29 06:00:00,24.2,91,22.5,0.0,32,0.0,6.9,28,-3.2393537832226467,-6.092338390726597
2020-10-29 07:00:00,24.5,90,22.8,0.0,43,6.0,5.4,48,-4.012982057577929,-3.613305274337834
2020-10-29 08:00:00,25.9,83,22.7,0.0,54,55.0,2.8,50,-2.1449244407331385,-1.79980530712231
2020-10-29 09:00:00,26.9,79,23.1,0.0,44,207.0,2.5,8,-0.3479327524001636,-2.475670171853926
2020-10-29 10:00:00,27.5,77,23.0,0.0,24,331.0,6.0,343,1.7542302283364228,-5.737828535778212
2020-10-29 11:00:00,28.2,73,22.9,0.0,27,447.0,9.6,347,2.159530121701107,-9.353952621938255
2020-10-29 12:00:00,28.6,70,22.7,0.0,49,465.0,11.8,348,2.4533579516495667,-11.542141688658909
2020-10-29 13:00:00,28.4,71,22.6,0.0,82,415.0,15.0,350,2.604722665003956,-14.77211629518312
2020-10-29 14:00:00,28.1,71,22.4,0.0,73,354.0,17.3,358,0.6037612929532643,-17.289461307430358
2020-10-29 15:00:00,28.1,70,22.1,0.0,67,301.0,18.8,3,-0.9839159773673442,-18.77423525338599
2020-10-29 16:00:00,27.3,72,21.8,0.0,53,145.0,18.4,3,-0.9629815948701664,-18.37478343948416
2020-10-29 17:00:00,26.5,74,21.5,0.0,43,56.0,18.0,359,0.3141433158711041,-17.997258512815044
2020-10-29 18:00:00,25.5,77,21.2,0.0,27,1.0,17.6,360,4.310756732998684e-15,-17.6
2020-10-29 19:00:00,24.9,78,20.9,0.0,16,0.0,16.2,357,0.8478424911356988,-16.177798463024097
2020-10-29 20:00:00,24.5,79,20.6,0.0,28,0.0,16.6,355,1.4467853296111282,-16.536831988322977
2020-10-29 21:00:00,24.3,79,20.4,0.0,54,0.0,16.6,360,4.065827373169213e-15,-16.6
2020-10-29 22:00:00,24.2,79,20.3,0.0,47,0.0,15.5,3,-0.8112073217656295,-15.478757788695894
2020-10-29 23:00:00,23.9,80,20.2,0.0,64,0.0,13.7,2,-0.4781231048242632,-13.691654330161612
2020-10-30 00:00:00,23.8,80,20.2,0.0,86,0.0,11.9,360,2.9146593819707008e-15,-11.9
2020-10-30 01:00:00,23.8,81,20.3,0.2,94,0.0,11.2,358,0.3908743630680092,-11.193177262613872
2020-10-30 02:00:00,23.8,81,20.4,0.2,100,0.0,10.8,4,-0.7533699164365533,-10.773691742806102
2020-10-30 03:00:00,24.0,78,19.8,0.0,97,0.0,9.4,2,-0.3280552690035091,-9.3942737739795
2020-10-30 04:00:00,23.9,79,20.0,0.0,100,0.0,11.6,353,1.4136843834997077,-11.513535359039336
2020-10-30 05:00:00,23.8,79,20.0,0.0,98,0.0,14.4,360,3.5269827815443773e-15,-14.4
2020-10-30 06:00:00,23.6,80,20.0,0.0,54,0.0,16.2,4,-1.1300548746548298,-16.16053761420915
2020-10-30 07:00:00,23.7,81,20.2,0.0,77,14.0,17.7,6,-1.8501537998374664,-17.60303754801844
2020-10-30 08:00:00,24.5,76,20.1,0.0,35,117.0,18.5,7,-2.2545828529952283,-18.362103805364452
2020-10-30 09:00:00,25.5,73,20.2,0.0,27,280.0,19.5,4,-1.3602512380104437,-19.45249898006657
2020-10-30 10:00:00,26.4,70,20.4,0.0,23,409.0,20.2,3,-1.0571863161074655,-20.17231660204239
2020-10-30 11:00:00,26.9,68,20.5,0.0,17,483.0,20.5,3,-1.0728871029803486,-20.471905462468765
2020-10-30 12:00:00,27.3,66,20.3,0.0,18,531.0,20.2,2,-0.7049698333905196,-20.18769470578573
2020-10-30 13:00:00,27.2,65,20.1,0.0,16,523.0,21.6,359,0.3769719790453249,-21.596710215378053
2020-10-30 14:00:00,27.1,64,19.7,0.0,15,469.0,22.3,2,-0.7782587764657717,-22.28641544252584
2020-10-30 15:00:00,26.6,61,18.6,0.0,13,386.0,21.6,2,-0.753829128774021,-21.58684186361247
2020-10-30 16:00:00,25.8,62,18.1,0.0,5,217.0,21.2,360,5.1925024283847775e-15,-21.2
2020-10-30 17:00:00,24.8,65,17.7,0.0,8,55.0,20.2,359,0.3525386100331279,-20.196923442159104
2020-10-30 18:00:00,23.8,67,17.2,0.0,26,1.0,20.5,359,0.3577743319643129,-20.49687775070602
2020-10-30 19:00:00,23.3,68,17.1,0.0,32,0.0,18.0,360,4.408728476930472e-15,-18.0
2020-10-30 20:00:00,22.9,70,17.1,0.0,33,0.0,15.5,360,3.796405077356795e-15,-15.5
2020-10-30 21:00:00,22.7,71,17.1,0.0,50,0.0,12.6,358,0.4397336584515103,-12.592324420440606
2020-10-30 22:00:00,22.5,72,17.2,0.0,61,0.0,11.2,356,0.781272505934207,-11.17271736291003
2020-10-30 23:00:00,22.4,74,17.4,0.0,49,0.0,10.5,356,0.7324429743133192,-10.474422527728152
2020-10-31 00:00:00,22.3,75,17.6,0.0,59,0.0,9.4,360,2.3023359823970247e-15,-9.4
2020-10-31 01:00:00,22.2,76,17.9,0.0,60,0.0,7.6,3,-0.3977532674463731,-7.589584464134761
2020-10-31 02:00:00,22.3,77,18.1,0.0,61,0.0,7.9,360,1.934941942652818e-15,-7.9
2020-10-31 03:00:00,22.4,76,18.0,0.0,62,0.0,9.0,2,-0.3140954703225087,-8.994517443171862
2020-10-31 04:00:00,22.4,76,18.0,0.0,61,0.0,8.4,7,-1.0237024846032388,-8.337387673787106
2020-10-31 05:00:00,22.3,77,18.1,0.0,65,0.0,7.6,8,-1.0577155672964973,-7.5260373224359345
2020-10-31 06:00:00,22.2,78,18.3,0.0,50,0.0,8.7,5,-0.7582549619046259,-8.666893873398186
2020-10-31 07:00:00,22.3,79,18.4,0.0,44,18.0,9.5,11,-1.812685456077176,-9.325458242752807
2020-10-31 08:00:00,23.1,74,18.1,0.0,47,97.0,9.2,11,-1.755442757464212,-9.030970087718508
2020-10-31 09:00:00,23.9,71,18.4,0.0,51,233.0,7.6,3,-0.3977532674463731,-7.589584464134761
2020-10-31 10:00:00,24.7,69,18.5,0.0,36,333.0,7.8,347,1.7546182238821495,-7.600086505324834
2020-10-31 11:00:00,25.1,67,18.6,0.0,48,363.0,9.1,342,2.812054648812024,-8.654614298285896
2020-10-31 12:00:00,25.3,66,18.5,0.0,45,360.0,10.6,342,3.275580140374445,-10.081199072728626
2020-10-31 13:00:00,25.6,64,18.4,0.0,50,296.0,11.5,346,2.7821017993961803,-11.15840085217396
2020-10-31 14:00:00,25.8,63,18.3,0.0,53,293.0,12.0,351,1.8772135804827728,-11.852260087141651
2020-10-31 15:00:00,25.8,61,17.6,0.0,55,295.0,13.0,354,1.3588700224794945,-12.928784639787551
2020-10-31 16:00:00,25.4,61,17.2,0.0,59,146.0,14.8,356,1.0323958114130594,-14.763947943845398
2020-10-31 17:00:00,24.6,63,17.1,0.0,60,44.0,13.0,2,-0.4536934571325126,-12.992080751248244
2020-10-31 18:00:00,24.0,65,17.1,0.0,62,1.0,11.8,12,-2.4533579516495605,-11.542141688658909
2020-10-31 19:00:00,23.5,69,17.5,0.0,62,0.0,10.2,32,-5.40517649517869,-8.650090580795544
2020-10-31 20:00:00,23.0,75,18.4,0.0,67,0.0,7.0,69,-6.535062985480412,-2.5085756468171025
2020-10-31 21:00:00,22.6,82,19.4,0.0,85,0.0,4.7,94,-4.688551036221174,0.3278554265973891
2020-10-31 22:00:00,22.6,84,19.9,0.0,84,0.0,2.6,106,-2.499280409439629,0.7166571251241975
2020-10-31 23:00:00,23.4,80,19.8,0.0,100,0.0,3.1,111,-2.8940993221413254,1.1109406435904308
2020-11-01 00:00:00,23.4,81,20.0,0.0,84,0.0,3.3,96,-3.281922254715301,0.3449439287832567
2020-11-01 01:00:00,23.4,82,20.2,0.0,60,0.0,2.9,83,-2.8783838397598336,-0.3534210958749277
2020-11-01 02:00:00,22.9,85,20.3,0.0,67,0.0,1.9,68,-1.761649323676896,-0.7117525274902327
2020-11-01 03:00:00,22.7,82,19.5,0.0,72,0.0,1.8,79,-1.7669289302057951,-0.3434561916777808
2020-11-01 04:00:00,21.9,86,19.5,0.0,90,0.0,3.1,111,-2.8940993221413254,1.1109406435904308
2020-11-01 05:00:00,21.5,89,19.6,0.0,70,0.0,4.5,119,-3.9357886821272814,2.1816432911085166
2020-11-01 06:00:00,21.2,91,19.6,0.0,100,0.0,4.8,117,-4.276831316104166,2.1791543987498243
2020-11-01 07:00:00,22.2,89,20.2,0.0,100,13.0,4.8,103,-4.676976310969129,1.079765060850552
2020-11-01 08:00:00,23.9,78,19.8,0.0,100,53.0,4.0,100,-3.939231012048832,0.6945927106677212
2020-11-01 09:00:00,24.8,73,19.6,0.0,94,165.0,2.4,63,-2.138415658052083,-1.0895771993749124
2020-11-01 10:00:00,25.6,69,19.5,0.0,84,321.0,4.3,336,1.7489675652259409,-3.928245467863184
2020-11-01 11:00:00,26.1,67,19.5,0.0,44,375.0,7.9,336,3.213219480298821,-7.217009115376548
2020-11-01 12:00:00,26.6,64,19.3,0.0,33,523.0,9.4,342,2.9047597471245084,-8.939931253174443
2020-11-01 13:00:00,26.8,63,19.2,0.0,33,464.0,11.1,347,2.496956703216905,-10.815507719116107
2020-11-01 14:00:00,26.8,63,19.2,0.0,35,385.0,11.4,347,2.564442019520065,-11.10781873855168
2020-11-01 15:00:00,26.5,63,19.0,0.0,44,286.0,11.7,349,2.2324652459055723,-11.485038046337667
2020-11-01 16:00:00,26.1,67,19.4,0.0,46,139.0,11.3,351,1.7677094549546115,-11.160878248725057
2020-11-01 17:00:00,25.5,71,19.7,0.0,56,36.0,8.7,355,0.7582549619046273,-8.666893873398186
2020-11-01 18:00:00,24.8,76,20.2,0.0,100,0.0,8.4,7,-1.0237024846032388,-8.337387673787106
2020-11-01 19:00:00,24.3,80,20.6,0.0,100,0.0,7.6,25,-3.211898789229316,-6.887939181478539
2020-11-01 20:00:00,23.9,83,20.8,0.0,100,0.0,8.6,33,-4.683895701129233,-7.212566884330647
2020-11-01 21:00:00,23.3,89,21.3,0.0,78,0.0,5.8,30,-2.8999999999999995,-5.022947341949744
2020-11-01 22:00:00,23.4,86,21.0,0.0,71,0.0,1.9,22,-0.7117525274902328,-1.761649323676896
2020-11-01 23:00:00,23.8,84,20.9,0.0,48,0.0,3.1,339,1.1109406435904323,-2.894099322141325
2020-11-02 00:00:00,23.6,86,21.2,0.0,47,0.0,6.5,357,0.3401837155791384,-6.49109197590473
2020-11-02 01:00:00,22.7,92,21.2,0.0,44,0.0,7.2,3,-0.3768188849491956,-7.190132650232932
2020-11-02 02:00:00,22.2,93,20.9,0.0,38,0.0,6.5,3,-0.3401837155791349,-6.49109197590473
2020-11-02 03:00:00,21.9,94,20.9,0.0,46,0.0,6.2,7,-0.7555899291119144,-6.153786140176196
2020-11-02 04:00:00,21.8,96,21.2,0.0,61,0.0,5.1,8,-0.7097828148963337,-5.050367150582009
2020-11-02 05:00:00,21.8,97,21.2,0.0,100,0.0,5.1,4,-0.355758016095039,-5.087576656325103
2020-11-02 06:00:00,21.7,97,21.2,0.0,53,0.0,3.3,6,-0.3449439287832564,-3.281922254715301
2020-11-02 07:00:00,22.4,94,21.4,0.0,59,11.0,4.3,5,-0.3747696938149301,-4.283637201794505
2020-11-02 08:00:00,23.8,86,21.4,0.0,66,50.0,5.2,348,1.0811407922523513,-5.086367523815789
2020-11-02 09:00:00,25.2,77,20.8,0.0,61,169.0,6.7,344,1.8467702839738929,-6.440453362786736
2020-11-02 10:00:00,26.1,71,20.4,0.0,59,275.0,8.7,343,2.543633831087813,-8.319851376878407
2020-11-02 11:00:00,26.8,67,20.3,0.0,33,409.0,11.3,343,3.30380026336693,-10.8062437423823
2020-11-02 12:00:00,27.4,65,20.3,0.0,33,416.0,13.6,349,2.595002337121008,-13.35012969488823
2020-11-02 13:00:00,27.7,64,20.3,0.0,35,468.0,14.2,353,1.7305446763530905,-14.094155353306771
2020-11-02 14:00:00,27.9,64,20.3,0.0,23,448.0,16.0,351,2.502951440643697,-15.803013449522204
2020-11-02 15:00:00,27.4,66,20.5,0.0,23,268.0,17.4,354,1.8187952608571691,-17.304680979407955
2020-11-02 16:00:00,26.8,69,20.5,0.0,15,220.0,18.4,359,0.3211242784460175,-18.3971975908776
2020-11-02 17:00:00,25.7,73,20.6,0.0,11,59.0,17.3,360,4.237277925049842e-15,-17.3
2020-11-02 18:00:00,24.5,79,20.5,0.0,14,0.0,16.9,359,0.2949456687900921,-16.89742604814301
2020-11-02 19:00:00,23.8,82,20.5,0.0,18,0.0,16.9,2,-0.5898014942722664,-16.889704976622717
2020-11-02 20:00:00,23.4,84,20.4,0.0,25,0.0,15.9,4,-1.1091279325315924,-15.861268399131204
2020-11-02 21:00:00,23.1,85,20.4,0.0,23,0.0,14.5,6,-1.5156627173809754,-14.420567482839962
2020-11-02 22:00:00,22.8,86,20.2,0.0,32,0.0,13.4,6,-1.4006814077865566,-13.326593397934865
2020-11-02 23:00:00,22.6,86,20.1,0.0,41,0.0,13.4,6,-1.4006814077865566,-13.326593397934865
2020-11-03 00:00:00,22.5,86,20.0,0.0,35,0.0,13.8,6,-1.442492793093618,-13.724402156082173
2020-11-03 01:00:00,22.5,85,19.8,0.0,40,0.0,13.8,7,-1.6817969389910352,-13.697136892650244
2020-11-03 02:00:00,22.4,84,19.6,0.0,29,0.0,14.2,7,-1.730544676353094,-14.094155353306771
2020-11-03 03:00:00,22.4,83,19.3,0.0,30,0.0,14.1,6,-1.473851332073914,-14.022758724692652
2020-11-03 04:00:00,22.2,83,19.1,0.0,18,0.0,14.4,4,-1.0044932219154044,-14.36492232374147
2020-11-03 05:00:00,22.1,82,18.9,0.0,30,0.0,16.3,5,-1.4206386067868282,-16.237973578895453
2020-11-03 06:00:00,22.1,81,18.7,0.0,38,0.0,18.2,9,-2.8471072637322017,-17.975927798831506
2020-11-03 07:00:00,22.3,80,18.7,0.0,27,20.0,19.4,11,-3.7016945103049688,-19.04356735888468
2020-11-03 08:00:00,23.3,75,18.5,0.0,34,116.0,20.8,9,-3.253836872836802,-20.543917484378863
2020-11-03 09:00:00,24.4,69,18.5,0.0,32,256.0,21.1,9,-3.3007672123488714,-20.840223986557408
2020-11-03 10:00:00,25.6,66,18.7,0.0,34,436.0,19.7,8,-2.741710088913289,-19.50828095420893
2020-11-03 11:00:00,26.4,63,18.8,0.0,30,513.0,18.4,6,-1.923323724124824,-18.299202874776228
2020-11-03 12:00:00,26.8,61,18.7,0.0,26,559.0,20.2,2,-0.7049698333905196,-20.18769470578573
2020-11-03 13:00:00,26.8,60,18.4,0.0,7,470.0,22.3,1,-0.3891886635514223,-22.296603601987528
2020-11-03 14:00:00,26.4,60,18.0,0.0,6,423.0,23.4,2,-0.8166482228385227,-23.38574535224684
2020-11-03 15:00:00,25.8,59,17.2,0.0,6,363.0,23.8,3,-1.2455957585820634,-23.76738292715886
2020-11-03 16:00:00,25.0,60,16.8,0.0,8,210.0,22.4,6,-2.3414375771954377,-22.27729045624932
2020-11-03 17:00:00,24.0,64,16.7,0.0,5,63.0,18.4,4,-1.2835191168919056,-18.355178524780765
2020-11-03 18:00:00,23.1,67,16.5,0.0,11,0.0,16.2,3,-0.8478424911356901,-16.177798463024097
2020-11-03 19:00:00,22.6,68,16.4,0.0,12,0.0,16.2,4,-1.1300548746548298,-16.16053761420915
2020-11-03 20:00:00,22.4,68,16.2,0.0,32,0.0,14.1,6,-1.473851332073914,-14.022758724692652
2020-11-03 21:00:00,22.3,69,16.3,0.0,35,0.0,10.6,10,-1.8406706832694613,-10.438962181929403
2020-11-03 22:00:00,22.3,69,16.4,0.0,74,0.0,8.0,5,-0.6972459419812653,-7.969557584733964
2020-11-03 23:00:00,22.3,70,16.6,0.0,79,0.0,7.6,357,0.3977532674463772,-7.589584464134761
2020-11-04 00:00:00,22.3,71,16.7,0.0,43,0.0,7.9,357,0.4134540543192605,-7.889173324561134
2020-11-04 01:00:00,22.3,71,16.8,0.0,62,0.0,8.7,5,-0.7582549619046259,-8.666893873398186
2020-11-04 02:00:00,22.2,73,17.1,0.0,47,0.0,9.2,11,-1.755442757464212,-9.030970087718508
2020-11-04 03:00:00,22.1,73,17.0,0.0,37,0.0,8.9,21,-3.1894747509531727,-8.308865795825096
2020-11-04 04:00:00,22.0,75,17.4,0.0,18,0.0,6.9,43,-4.70578868443124,-5.046340541172277
2020-11-04 05:00:00,21.8,80,18.1,0.0,13,0.0,4.6,51,-3.5748714227020657,-2.894873798829252
2020-11-04 06:00:00,21.8,83,18.8,0.0,17,0.0,3.8,49,-2.8678964048465336,-2.493024310163928
2020-11-04 07:00:00,22.1,85,19.4,0.0,6,14.0,3.8,41,-2.493024310163928,-2.8678964048465336
2020-11-04 08:00:00,23.4,75,18.8,0.0,5,81.0,2.6,34,-1.453901549023942,-2.1554976886431088
2020-11-04 09:00:00,24.2,72,18.9,0.0,5,153.0,0.7,360,1.7145055188062944e-16,-0.7
2020-11-04 10:00:00,25.0,69,18.9,0.0,8,287.0,1.8,281,1.766928930205795,-0.3434561916777812
2020-11-04 11:00:00,25.6,66,18.9,0.0,23,260.0,4.0,243,3.564026096753471,1.815961998958188
2020-11-04 12:00:00,25.9,66,19.0,0.0,58,308.0,6.3,239,5.400153994423306,3.2447398719333425
2020-11-04 13:00:00,25.9,66,19.0,0.0,81,187.0,7.6,267,7.589584464134761,0.3977532674463767
2020-11-04 14:00:00,26.0,65,18.8,0.0,84,284.0,7.5,287,7.172285669722766,-2.192787785420525
2020-11-04 15:00:00,26.0,61,18.0,0.0,79,214.0,7.4,313,5.412017391981861,-5.04678786446249
2020-11-04 16:00:00,25.6,62,17.9,0.0,37,124.0,8.6,345,2.225843787881678,-8.306962106085987
2020-11-04 17:00:00,24.9,65,17.8,0.0,33,38.0,9.8,6,-1.024378940023004,-9.746314574609078
2020-11-04 18:00:00,24.0,70,18.2,0.0,27,0.0,8.2,29,-3.975438886019964,-7.171881598543044
2020-11-04 19:00:00,23.3,75,18.6,0.0,40,0.0,7.1,41,-4.658019105832602,-5.358438019581681
2020-11-04 20:00:00,22.8,79,19.0,0.0,57,0.0,6.5,56,-5.388744221607771,-3.634753872559854
2020-11-04 21:00:00,22.6,82,19.3,0.0,51,0.0,4.9,73,-4.685893304218874,-1.4326213531414105
2020-11-04 22:00:00,22.3,85,19.7,0.0,46,0.0,4.0,85,-3.984778792366982,-0.3486229709906325
2020-11-04 23:00:00,22.0,87,19.8,0.0,38,0.0,4.1,45,-2.899137802864845,-2.899137802864845
2020-11-05 00:00:00,21.8,88,19.8,0.0,38,0.0,4.3,24,-1.7489675652259409,-3.928245467863184
2020-11-05 01:00:00,21.8,88,19.8,0.0,39,0.0,5.1,8,-0.7097828148963337,-5.050367150582009
2020-11-05 02:00:00,21.7,89,19.8,0.0,38,0.0,6.2,10,-1.0766187015349682,-6.10580806867569
2020-11-05 03:00:00,21.7,87,19.4,0.0,18,0.0,5.5,23,-2.149021206691006,-5.062776693988422
2020-11-05 04:00:00,21.4,88,19.4,0.0,22,0.0,4.4,35,-2.523736319944603,-3.604268994871564
2020-11-05 05:00:00,21.1,89,19.2,0.0,22,0.0,4.3,24,-1.7489675652259409,-3.928245467863184
2020-11-05 06:00:00,20.8,90,19.0,0.0,20,0.0,4.6,51,-3.5748714227020657,-2.894873798829252
2020-11-05 07:00:00,21.3,89,19.5,0.0,15,14.0,5.2,65,-4.71280049259058,-2.197614961051637
2020-11-05 08:00:00,23.6,77,19.2,0.0,8,117.0,3.8,73,-3.633958072659535,-1.1110124779463997
2020-11-05 09:00:00,24.5,72,19.1,0.0,5,271.0,2.3,39,-1.4474368994146258,-1.7874357113510329
2020-11-05 10:00:00,25.4,67,18.9,0.0,2,423.0,1.8,360,4.4087284769304716e-16,-1.8
2020-11-05 11:00:00,26.1,64,18.7,0.0,7,497.0,3.6,315,2.545584412271572,-2.5455844122715705
2020-11-05 12:00:00,26.6,62,18.7,0.0,9,542.0,6.4,322,3.940233442084213,-5.043268823083022
2020-11-05 13:00:00,26.8,61,18.6,0.0,11,497.0,8.4,329,4.326319829244458,-7.200205325897742
2020-11-05 14:00:00,26.9,60,18.6,0.0,18,455.0,10.5,338,3.93336923086708,-9.735430472951268
2020-11-05 15:00:00,26.9,59,18.1,0.0,8,346.0,12.7,345,3.2870018728020125,-12.267257993871167
2020-11-05 16:00:00,26.5,60,18.0,0.0,23,185.0,13.4,352,1.8649195528648828,-13.26959212113704
2020-11-05 17:00:00,25.7,63,18.1,0.0,23,49.0,11.5,358,0.4013442120787595,-11.4929945107196
2020-11-05 18:00:00,24.7,68,18.4,0.0,24,0.0,13.3,2,-0.4641633061432629,-13.291897999353974
2020-11-05 19:00:00,24.1,72,18.8,0.0,47,0.0,11.6,7,-1.4136843834997106,-11.513535359039334
2020-11-05 20:00:00,23.8,75,19.1,0.0,72,0.0,10.5,8,-1.4613175600806871,-10.397814721786489
2020-11-05 21:00:00,23.6,77,19.4,0.0,82,0.0,9.8,8,-1.363896389408641,-9.70462707366739
2020-11-05 22:00:00,23.2,80,19.6,0.0,80,0.0,10.1,4,-0.7045403848156655,-10.075396907624224
2020-11-05 23:00:00,23.0,82,19.7,0.0,76,0.0,10.5,4,-0.7324429743133156,-10.474422527728152
2020-11-06 00:00:00,22.7,84,19.9,0.0,59,0.0,11.9,3,-0.6227978792910317,-11.88369146357943
2020-11-06 01:00:00,22.4,86,19.9,0.0,43,0.0,11.9,2,-0.4153040107597615,-11.89275084152724
2020-11-06 02:00:00,22.2,86,19.7,0.0,41,0.0,12.3,3,-0.6437322617882092,-12.283143277481258
2020-11-06 03:00:00,22.3,89,20.4,0.0,34,0.0,13.0,360,3.1840816777831178e-15,-13.0
2020-11-06 04:00:00,22.3,90,20.5,0.0,42,0.0,13.7,360,3.355532229663748e-15,-13.7
2020-11-06 05:00:00,22.3,90,20.6,0.0,47,0.0,15.1,1,-0.263531337202981,-15.097700196861508
2020-11-06 06:00:00,22.4,91,20.8,0.0,50,0.0,14.1,4,-0.9835662797921668,-14.06565310866352
2020-11-06 07:00:00,23.0,89,21.1,0.0,53,12.0,15.2,353,1.8524140197582375,-15.086701504948095
2020-11-06 08:00:00,24.5,83,21.4,0.0,61,93.0,16.7,354,1.745625336569812,-16.608515652650162
2020-11-06 09:00:00,26.0,77,21.6,0.0,55,183.0,19.1,357,0.9996167642402376,-19.07382411381236
2020-11-06 10:00:00,27.0,73,21.7,0.0,52,253.0,20.9,360,5.119023620435936e-15,-20.9
2020-11-06 11:00:00,27.5,72,21.9,0.0,47,276.0,21.2,359,0.3699910164704114,-21.19677113731549
2020-11-06 12:00:00,27.9,71,22.2,0.0,46,289.0,21.3,358,0.7433592797632675,-21.28702461550674
2020-11-06 13:00:00,27.9,72,22.4,0.0,55,165.0,22.4,356,1.562545011868414,-22.34543472582006
2020-11-06 14:00:00,27.5,75,22.6,0.0,88,113.0,23.5,355,2.0481599545699707,-23.41057540515602
2020-11-06 15:00:00,27.0,79,23.0,0.0,85,94.0,22.7,350,3.94181363303932,-22.35513599337712
2020-11-06 16:00:00,26.4,82,23.0,0.1,97,15.0,22.3,350,3.872354361972548,-21.96121289217224
2020-11-06 17:00:00,25.6,86,23.1,0.0,100,1.0,23.5,354,2.456418886789855,-23.37126454115442
2020-11-06 18:00:00,25.3,88,23.1,0.0,100,0.0,23.9,355,2.0830222516690338,-23.80905328439272
2020-11-06 19:00:00,25.2,89,23.2,0.1,100,0.0,21.6,358,0.7538291287740179,-21.58684186361247
2020-11-06 20:00:00,25.2,90,23.4,0.1,99,0.0,18.7,2,-0.6526205883367681,-18.68860846525709
2020-11-06 21:00:00,25.2,89,23.3,0.2,100,0.0,13.2,11,-2.518678738970391,-12.957478821509165
2020-11-06 22:00:00,24.9,92,23.5,0.3,100,0.0,10.9,8,-1.5169868004647131,-10.793921949283115
2020-11-06 23:00:00,24.7,94,23.6,0.5,100,0.0,11.2,2,-0.3908743630680108,-11.193177262613872
2020-11-07 00:00:00,24.6,94,23.7,0.8,100,0.0,10.5,356,0.7324429743133192,-10.474422527728152
2020-11-07 01:00:00,24.6,95,23.8,1.0,100,0.0,8.4,350,1.4586446924022154,-8.272385125302547
2020-11-07 02:00:00,24.5,96,23.8,1.5,100,0.0,7.1,336,2.887830165838181,-6.486172749262467
2020-11-07 03:00:00,24.6,96,23.9,1.8,100,0.0,7.5,325,4.3018232726328485,-6.143640332167437
2020-11-07 04:00:00,24.6,96,23.9,2.1,100,0.0,7.7,323,4.633975678270772,-6.149493427364155
2020-11-07 05:00:00,24.7,95,23.8,1.9,100,0.0,7.1,330,3.550000000000003,-6.148780366869512
2020-11-07 06:00:00,24.6,95,23.8,1.6,100,0.0,6.7,344,1.8467702839738929,-6.440453362786736
2020-11-07 07:00:00,24.7,94,23.8,1.9,100,0.0,8.2,345,2.1223161698406696,-7.92059177557036
2020-11-07 08:00:00,24.9,94,23.9,1.7,100,2.0,11.6,344,3.1973933274771875,-11.1506356728845
2020-11-07 09:00:00,24.9,94,23.9,1.2,68,0.0,13.7,346,3.3143299697154496,-13.293051449981151
2020-11-07 10:00:00,25.1,94,24.0,0.8,56,25.0,14.6,350,2.535263393937184,-14.378193193978236
2020-11-07 11:00:00,25.2,93,23.9,0.5,46,17.0,14.4,356,1.0044932219154092,-14.36492232374147
2020-11-07 12:00:00,26.0,87,23.6,0.1,38,68.0,13.7,360,3.355532229663748e-15,-13.7
2020-11-07 13:00:00,26.3,83,23.1,0.2,50,85.0,15.5,359,0.2705122997778952,-15.497639274924063
2020-11-07 14:00:00,26.2,82,22.9,0.3,70,86.0,14.5,6,-1.5156627173809754,-14.420567482839962
2020-11-07 15:00:00,26.1,83,22.9,0.0,68,106.0,16.4,9,-2.565525226659786,-16.19808878576026
2020-11-07 16:00:00,25.8,84,22.8,0.0,65,51.0,18.3,16,-5.044163611451085,-17.591089035671235
2020-11-07 17:00:00,25.1,87,22.9,0.0,92,0.0,16.6,18,-5.129682106624127,-15.78753817049955
2020-11-07 18:00:00,24.6,91,23.0,0.0,100,0.0,17.0,13,-3.824167923845705,-16.564291101349
2020-11-07 19:00:00,24.3,92,22.9,0.0,94,0.0,18.1,13,-4.071614083623957,-17.63609817261276
2020-11-07 20:00:00,24.1,93,22.8,0.0,96,0.0,18.5,8,-2.57470236776121,-18.319959271719053
2020-11-07 21:00:00,23.9,93,22.6,0.0,71,0.0,18.4,6,-1.923323724124824,-18.299202874776228
2020-11-07 22:00:00,23.6,93,22.4,0.0,72,0.0,19.2,5,-1.6733902607550368,-19.126938203361515
2020-11-07 23:00:00,23.3,94,22.2,0.0,54,0.0,20.2,4,-1.409080769631331,-20.15079381524845
2020-11-08 00:00:00,23.0,94,21.9,0.0,63,0.0,21.6,3,-1.130456654847587,-21.5703979506988
2020-11-08 01:00:00,22.7,94,21.6,0.0,58,0.0,22.0,3,-1.1513910373447644,-21.969849764600625
2020-11-08 02:00:00,22.4,93,21.3,0.0,30,0.0,21.6,3,-1.130456654847587,-21.5703979506988
2020-11-08 03:00:00,22.1,91,20.6,0.0,33,0.0,21.3,2,-0.7433592797632707,-21.28702461550674
2020-11-08 04:00:00,21.9,91,20.3,0.0,27,0.0,21.6,2,-0.753829128774021,-21.58684186361247
2020-11-08 05:00:00,21.6,91,20.1,0.0,16,0.0,20.5,1,-0.3577743319643119,-20.49687775070602
2020-11-08 06:00:00,21.5,91,20.0,0.0,17,0.0,19.8,357,1.0362519336102984,-19.772864788140563
2020-11-08 07:00:00,21.8,89,20.0,0.0,9,15.0,21.3,358,0.7433592797632675,-21.28702461550674
2020-11-08 08:00:00,23.0,82,19.8,0.0,14,128.0,23.8,4,-1.6602040751101823,-23.74202439618381
2020-11-08 09:00:00,24.2,77,19.9,0.0,4,289.0,22.8,5,-1.9871509346466063,-22.7132391164918
2020-11-08 10:00:00,25.2,73,20.1,0.0,1,448.0,22.0,4,-1.5346424223707569,-21.94640910571613
2020-11-08 11:00:00,25.9,71,20.2,0.0,5,518.0,22.0,3,-1.1513910373447644,-21.969849764600625
2020-11-08 12:00:00,26.4,69,20.3,0.0,1,577.0,22.0,2,-0.7677889274550214,-21.986598194420107
2020-11-08 13:00:00,26.6,68,20.3,0.0,0,532.0,23.4,360,5.7313470200096116e-15,-23.4
2020-11-08 14:00:00,26.4,69,20.2,0.0,5,448.0,24.1,1,-0.4206029951385326,-24.096329453269032
2020-11-08 15:00:00,25.7,69,19.6,0.0,3,321.0,23.8,2,-0.8306080215195231,-23.78550168305448
2020-11-08 16:00:00,25.2,70,19.3,0.0,8,198.0,22.3,1,-0.3891886635514223,-22.296603601987528
2020-11-08 17:00:00,24.3,73,19.2,0.0,19,51.0,20.2,359,0.3525386100331279,-20.196923442159104
2020-11-08 18:00:00,23.5,76,19.0,0.0,7,0.0,20.2,2,-0.7049698333905196,-20.18769470578573
2020-11-08 19:00:00,23.0,77,18.8,0.0,9,0.0,17.0,4,-1.18586005365013,-16.958588854417012
2020-11-08 20:00:00,22.8,78,18.7,0.0,10,0.0,16.6,1,-0.2897099468589063,-16.597471739596095
2020-11-08 21:00:00,22.6,78,18.5,0.0,13,0.0,16.6,360,4.065827373169213e-15,-16.6
2020-11-08 22:00:00,22.6,77,18.5,0.0,19,0.0,16.2,359,0.2827289842839937,-16.197532661533536
2020-11-08 23:00:00,22.5,78,18.5,0.0,26,0.0,15.9,3,-0.832141704262807,-15.878209602597725
2020-11-09 00:00:00,22.3,79,18.5,0.0,22,0.0,15.5,1,-0.2705122997778944,-15.497639274924063
2020-11-09 01:00:00,22.3,79,18.5,0.0,34,0.0,15.5,3,-0.8112073217656295,-15.478757788695894
2020-11-09 02:00:00,22.2,80,18.5,0.0,43,0.0,15.1,359,0.2635313372029818,-15.097700196861508
2020-11-09 03:00:00,22.0,78,18.0,0.0,51,0.0,14.8,4,-1.0323958114130545,-14.763947943845398
2020-11-09 04:00:00,22.0,78,18.0,0.0,61,0.0,14.1,4,-0.9835662797921668,-14.06565310866352
2020-11-09 05:00:00,22.0,78,17.9,0.1,53,0.0,13.7,360,3.355532229663748e-15,-13.7
2020-11-09 06:00:00,21.9,78,17.9,0.2,73,0.0,14.4,360,3.5269827815443773e-15,-14.4
2020-11-09 07:00:00,21.9,80,18.3,0.1,77,5.0,11.2,6,-1.1707187885977188,-11.13864522812466
2020-11-09 08:00:00,22.5,79,18.7,0.2,72,32.0,8.4,353,1.0237024846032368,-8.337387673787106
2020-11-09 09:00:00,22.9,78,18.9,0.3,78,23.0,9.1,351,1.4235536318661028,-8.987963899415753
2020-11-09 10:00:00,23.2,77,19.0,0.1,83,14.0,9.8,352,1.3638963894086458,-9.704627073667387
2020-11-09 11:00:00,24.0,74,19.0,0.0,87,97.0,9.4,353,1.145571828008384,-9.329933825428428
2020-11-09 12:00:00,24.9,70,19.1,0.0,89,221.0,9.4,360,2.3023359823970247e-15,-9.4
2020-11-09 13:00:00,25.2,69,19.1,0.0,90,126.0,9.4,2,-0.3280552690035091,-9.3942737739795
2020-11-09 14:00:00,25.4,67,18.8,0.0,91,187.0,9.7,360,2.3758147903458648e-15,-9.7
2020-11-09 15:00:00,23.2,81,19.7,0.7,89,0.0,10.4,360,2.547265342226495e-15,-10.4
2020-11-09 16:00:00,22.8,85,20.1,0.6,87,0.0,10.9,354,1.1393602496174222,-10.84028865951418
2020-11-09 17:00:00,22.3,84,19.5,0.6,86,0.0,12.3,353,1.498992923883311,-12.208317665188265
2020-11-09 18:00:00,22.0,83,19.0,0.7,91,0.0,15.2,355,1.3247672897644065,-15.142159410994532
2020-11-09 19:00:00,21.9,82,18.7,0.6,94,0.0,14.8,359,0.2582956152717967,-14.79774588831459
2020-11-09 20:00:00,21.4,84,18.6,0.5,97,0.0,13.7,360,3.355532229663748e-15,-13.7
2020-11-09 21:00:00,21.3,84,18.4,0.2,87,0.0,14.1,356,0.9835662797921716,-14.06565310866352
2020-11-09 22:00:00,21.3,84,18.4,0.0,87,0.0,15.9,354,1.6620025659556894,-15.812898136355546
2020-11-09 23:00:00,21.4,83,18.3,0.0,85,0.0,17.3,356,1.2067869957733734,-17.257858069494958
2020-11-10 00:00:00,21.4,81,18.1,0.0,90,0.0,15.9,3,-0.832141704262807,-15.878209602597725
2020-11-10 01:00:00,21.5,80,17.9,0.0,86,0.0,12.6,2,-0.4397336584515122,-12.592324420440606
2020-11-10 02:00:00,21.4,79,17.7,0.0,80,0.0,12.0,353,1.4624321208617668,-11.910553819695863
2020-11-10 03:00:00,21.6,80,18.0,0.0,89,0.0,12.3,353,1.498992923883311,-12.208317665188265
2020-11-10 04:00:00,21.6,79,17.9,0.0,74,0.0,12.6,355,1.0981623586204947,-12.552053195955994
2020-11-10 05:00:00,21.5,80,17.9,0.0,82,0.0,12.6,360,3.08610993385133e-15,-12.6
2020-11-10 06:00:00,21.5,80,17.9,0.0,41,0.0,12.3,7,-1.498992923883314,-12.20831766518826
2020-11-10 07:00:00,21.6,80,18.0,0.0,69,8.0,12.1,12,-2.515731458894888,-11.835585968879048
2020-11-10 08:00:00,22.3,77,18.0,0.0,71,59.0,13.7,3,-0.7170026005283305,-13.68122462613766
2020-11-10 09:00:00,23.1,74,18.1,0.0,73,107.0,14.1,3,-0.737936983025508,-14.080676440039491
2020-11-10 10:00:00,23.6,72,18.2,0.0,64,167.0,13.7,2,-0.4781231048242632,-13.691654330161612
2020-11-10 11:00:00,24.1,70,18.4,0.0,58,253.0,14.4,359,0.2513146526968833,-14.397806810252035
2020-11-10 12:00:00,24.2,70,18.4,0.0,63,140.0,15.5,357,0.8112073217656377,-15.478757788695894
2020-11-10 13:00:00,24.0,70,18.3,0.0,71,74.0,16.9,360,4.139306181118054e-15,-16.9
2020-11-10 14:00:00,23.8,71,18.2,0.0,67,73.0,17.0,356,1.1858600536501358,-16.958588854417012
2020-11-10 15:00:00,24.0,70,18.1,0.0,70,98.0,17.4,354,1.8187952608571691,-17.304680979407955
2020-11-10 16:00:00,23.5,71,17.9,0.0,72,17.0,16.7,353,2.0352180348659585,-16.575520732410077
2020-11-10 17:00:00,22.8,73,17.8,0.1,73,7.0,17.1,353,2.0839657722280176,-16.97253919306661
2020-11-10 18:00:00,22.4,75,17.6,0.0,77,0.0,19.5,357,1.020551146737415,-19.47327592771419
2020-11-10 19:00:00,22.2,75,17.6,0.0,70,0.0,17.7,4,-1.2346895852710178,-17.65688368959889
2020-11-10 20:00:00,22.1,75,17.6,0.0,79,0.0,14.0,1,-0.2443336901219691,-13.997867732189478
2020-11-10 21:00:00,22.1,76,17.6,0.0,72,0.0,13.0,355,1.1330246557195582,-12.950531075192693
2020-11-10 22:00:00,22.1,76,17.6,0.0,80,0.0,13.4,355,1.1678869528186215,-13.34900895442939
2020-11-10 23:00:00,22.1,76,17.6,0.0,74,0.0,13.0,357,0.6803674311582768,-12.98218395180946
2020-11-11 00:00:00,22.1,76,17.7,0.0,65,0.0,11.9,358,0.4153040107597598,-11.89275084152724
2020-11-11 01:00:00,22.1,77,17.8,0.2,64,0.0,10.5,4,-0.7324429743133156,-10.474422527728152
2020-11-11 02:00:00,22.0,78,18.0,0.0,68,0.0,9.7,2,-0.3385251180142594,-9.694091022085228
2020-11-11 03:00:00,21.8,76,17.5,0.0,70,0.0,10.4,2,-0.3629547657060101,-10.393664600998596
2020-11-11 04:00:00,21.8,77,17.5,0.0,75,0.0,11.5,4,-0.802199448057441,-11.47198657798798
2020-11-11 05:00:00,21.7,77,17.5,0.0,77,0.0,11.6,5,-1.0110066158728348,-11.555858497864248
2020-11-11 06:00:00,21.5,78,17.6,0.0,64,0.0,10.9,6,-1.1393602496174229,-10.84028865951418
2020-11-11 07:00:00,21.7,79,17.9,0.0,50,9.0,10.9,9,-1.7051356689385164,-10.765802912487002
2020-11-11 08:00:00,22.6,76,18.1,0.0,44,72.0,10.5,4,-0.7324429743133156,-10.474422527728152
2020-11-11 09:00:00,23.6,72,18.3,0.0,38,177.0,10.1,356,0.7045403848156689,-10.075396907624224
2020-11-11 10:00:00,24.5,69,18.5,0.0,37,301.0,9.9,350,1.719116958902611,-9.74959675482086
2020-11-11 11:00:00,25.2,67,18.7,0.0,34,376.0,10.4,346,2.515987714236546,-10.091075553270365
2020-11-11 12:00:00,25.6,66,18.8,0.0,30,400.0,11.5,346,2.7821017993961803,-11.15840085217396
2020-11-11 13:00:00,25.7,66,18.8,0.0,35,395.0,11.8,348,2.4533579516495667,-11.542141688658909
2020-11-11 14:00:00,25.7,66,18.8,0.0,33,255.0,12.4,350,2.153237403069937,-12.21161613735138
2020-11-11 15:00:00,25.8,64,18.5,0.0,31,251.0,12.6,355,1.0981623586204947,-12.552053195955994
2020-11-11 16:00:00,25.3,65,18.3,0.0,35,154.0,13.7,358,0.4781231048242612,-13.691654330161612
2020-11-11 17:00:00,24.5,68,18.3,0.0,38,40.0,13.3,2,-0.4641633061432629,-13.291897999353974
2020-11-11 18:00:00,23.5,71,18.0,0.0,34,0.0,12.6,3,-0.6594330486610923,-12.58273213790763
2020-11-11 19:00:00,23.0,73,17.8,0.0,45,0.0,13.3,3,-0.696068218031153,-13.281772812235833
2020-11-11 20:00:00,22.5,74,17.7,0.0,59,0.0,12.6,3,-0.6594330486610923,-12.58273213790763
2020-11-11 21:00:00,22.3,76,17.8,0.0,66,0.0,10.1,2,-0.3524849166952598,-10.093847352892867
2020-11-11 22:00:00,21.9,78,17.9,0.0,68,0.0,9.4,356,0.655710853194781,-9.377102072442348
2020-11-11 23:00:00,21.6,80,18.0,0.0,67,0.0,10.8,356,0.7533699164365569,-10.773691742806102
2020-11-12 00:00:00,21.5,80,17.9,0.0,52,0.0,13.3,360,3.25756048573196e-15,-13.3
2020-11-12 01:00:00,21.4,80,17.8,0.0,54,0.0,13.7,3,-0.7170026005283305,-13.68122462613766
2020-11-12 02:00:00,21.2,81,17.8,0.0,49,0.0,11.6,5,-1.0110066158728348,-11.555858497864248
2020-11-12 03:00:00,21.3,79,17.6,0.0,42,0.0,11.9,3,-0.6227978792910317,-11.88369146357943
2020-11-12 04:00:00,21.1,80,17.6,0.0,38,0.0,13.7,360,3.355532229663748e-15,-13.7
2020-11-12 05:00:00,20.9,81,17.5,0.0,36,0.0,14.4,360,3.5269827815443773e-15,-14.4
2020-11-12 06:00:00,20.8,81,17.4,0.0,31,0.0,12.8,10,-2.222696674136708,-12.605539238556265
2020-11-12 07:00:00,21.0,80,17.5,0.0,29,14.0,11.2,6,-1.1707187885977188,-11.13864522812466
2020-11-12 08:00:00,22.6,75,17.8,0.0,24,130.0,9.5,351,1.4861274178821953,-9.383039235653808
2020-11-12 09:00:00,24.3,68,18.0,0.0,17,299.0,10.1,343,2.952954217699645,-9.658678035226655
2020-11-12 10:00:00,25.6,64,18.2,0.0,4,454.0,11.7,342,3.615498834186888,-11.127361240653295
2020-11-12 11:00:00,26.4,61,18.3,0.0,4,529.0,11.9,346,2.878870557636048,-11.54651914268436
2020-11-12 12:00:00,26.8,61,18.6,0.0,18,518.0,10.4,346,2.515987714236546,-10.091075553270365
2020-11-12 13:00:00,27.0,61,18.8,0.0,31,443.0,10.8,345,2.7952456871072235,-10.431998923921938
2020-11-12 14:00:00,26.8,61,18.7,0.0,58,302.0,12.3,345,3.1834742547610047,-11.88088766335554
2020-11-12 15:00:00,26.6,62,18.8,0.0,77,177.0,13.7,346,3.3143299697154496,-13.293051449981151
2020-11-12 16:00:00,26.0,66,19.1,0.0,84,50.0,13.3,347,2.991849022773409,-12.959121861643627
2020-11-12 17:00:00,25.5,68,19.2,0.0,86,9.0,10.7,348,2.2246550917500305,-10.46617932785172
2020-11-12 18:00:00,25.0,70,19.3,0.0,92,0.0,10.1,356,0.7045403848156689,-10.075396907624224
2020-11-12 19:00:00,24.7,73,19.5,0.0,100,0.0,9.0,355,0.7844016847289249,-8.96575228282571
2020-11-12 20:00:00,24.2,76,19.7,0.0,100,0.0,7.7,349,1.469229264399394,-7.558529312547013
2020-11-12 21:00:00,23.9,78,19.8,0.0,91,0.0,9.6,347,2.159530121701107,-9.353952621938255
2020-11-12 22:00:00,23.7,80,19.9,0.0,89,0.0,11.3,353,1.3771235804781636,-11.21577151354694
2020-11-12 23:00:00,23.5,81,20.0,0.0,90,0.0,11.9,357,0.622797879291038,-11.88369146357943
2020-11-13 00:00:00,23.4,81,20.0,0.0,89,0.0,13.0,2,-0.4536934571325126,-12.992080751248244
2020-11-13 01:00:00,23.3,82,20.0,0.1,89,0.0,14.1,3,-0.737936983025508,-14.080676440039491
2020-11-13 02:00:00,23.2,81,19.9,0.0,88,0.0,14.0,1,-0.2443336901219691,-13.997867732189478
2020-11-13 03:00:00,23.2,81,19.8,0.0,82,0.0,14.8,354,1.5470212563612706,-14.718924051450443
2020-11-13 04:00:00,23.1,81,19.7,0.0,77,0.0,14.8,356,1.0323958114130594,-14.763947943845398
2020-11-13 05:00:00,22.9,82,19.6,0.0,72,0.0,14.8,354,1.5470212563612706,-14.718924051450443
2020-11-13 06:00:00,22.8,81,19.4,0.0,61,0.0,15.5,356,1.0812253430339474,-15.462242779027276
2020-11-13 07:00:00,22.9,81,19.4,0.0,68,4.0,14.8,357,0.7745721523955768,-14.779717114367694
2020-11-13 08:00:00,23.6,77,19.4,0.0,79,45.0,16.2,357,0.8478424911356988,-16.177798463024097
2020-11-13 09:00:00,24.2,75,19.6,0.0,78,49.0,15.2,356,1.0602984009107097,-15.162973563949327
2020-11-13 10:00:00,24.9,74,19.8,0.0,80,114.0,14.6,351,2.283943189587374,-14.42024977268901
2020-11-13 11:00:00,25.1,74,20.0,0.2,74,123.0,16.3,354,1.7038139512627508,-16.210706894502856
2020-11-13 12:00:00,24.7,77,20.4,0.5,76,119.0,17.7,355,1.5426566466335525,-17.632646156223895
2020-11-13 13:00:00,24.1,83,21.1,0.5,74,51.0,18.7,358,0.6526205883367654,-18.68860846525709
2020-11-13 14:00:00,23.8,85,21.2,0.5,74,26.0,18.4,359,0.3211242784460175,-18.3971975908776
2020-11-13 15:00:00,23.9,78,19.9,0.0,78,20.0,18.4,1,-0.3211242784460166,-18.3971975908776
2020-11-13 16:00:00,24.1,78,19.9,0.0,75,4.0,18.8,356,1.311421706389562,-18.754204144884696
2020-11-13 17:00:00,23.8,79,19.9,0.0,76,5.0,21.2,359,0.3699910164704114,-21.19677113731549
2020-11-13 18:00:00,23.6,80,19.9,0.0,78,0.0,22.7,356,1.583471953991652,-22.644703940898008
2020-11-13 19:00:00,23.5,81,20.0,0.0,66,0.0,21.6,4,-1.5067398328731063,-21.547383485612205
2020-11-13 20:00:00,23.4,82,20.1,0.0,69,0.0,20.2,360,4.9475730685553065e-15,-20.2
2020-11-13 21:00:00,23.4,83,20.2,0.0,72,0.0,18.1,355,1.5775189437326156,-18.0311240354606
2020-11-13 22:00:00,23.3,84,20.3,0.0,69,0.0,16.2,4,-1.1300548746548298,-16.16053761420915
2020-11-13 23:00:00,23.2,85,20.5,0.0,68,0.0,11.2,6,-1.1707187885977188,-11.13864522812466
2020-11-14 00:00:00,23.1,86,20.7,0.0,57,0.0,7.4,346,1.7902220274375422,-7.180188374442374
2020-11-14 01:00:00,23.1,87,20.8,0.1,62,0.0,7.0,325,4.015035054457325,-5.734064310022941
2020-11-14 02:00:00,23.2,87,20.9,0.2,56,0.0,7.1,330,3.550000000000003,-6.148780366869512
2020-11-14 03:00:00,22.7,92,21.3,0.0,61,0.0,7.0,348,1.4553818357243191,-6.847033205136639
2020-11-14 04:00:00,22.6,93,21.4,0.0,51,0.0,6.8,357,0.3558845024520217,-6.790680836331102
2020-11-14 05:00:00,22.6,93,21.3,0.0,53,0.0,6.5,354,0.6794350112397471,-6.4643923198937765
2020-11-14 06:00:00,22.5,93,21.3,0.0,64,0.0,9.0,2,-0.3140954703225087,-8.994517443171862
2020-11-14 07:00:00,22.6,93,21.4,0.0,49,6.0,5.9,43,-4.023790324368742,-4.314986839553106
2020-11-14 08:00:00,23.7,89,21.7,0.0,38,49.0,2.4,63,-2.138415658052083,-1.0895771993749124
2020-11-14 09:00:00,24.9,84,22.1,0.0,25,131.0,1.1,180,-1.3471114790620887e-16,1.1
2020-11-14 10:00:00,25.8,81,22.2,0.0,25,173.0,4.1,225,2.8991378028648445,2.8991378028648453
2020-11-14 11:00:00,26.5,78,22.3,0.0,31,326.0,5.6,230,4.289848881466276,3.5996106142446207
2020-11-14 12:00:00,26.7,76,22.1,0.0,61,313.0,7.0,235,5.734064310022941,4.015035054457325
2020-11-14 13:00:00,26.1,79,22.1,0.0,93,86.0,7.6,251,7.185941174554808,2.4743179738743906
2020-11-14 14:00:00,25.6,81,22.0,0.0,100,72.0,7.2,264,7.160557646651569,0.7526049355271042
2020-11-14 15:00:00,25.8,78,21.6,0.2,100,22.0,6.9,309,5.362307134053099,-4.342310698243879
2020-11-14 16:00:00,25.3,80,21.6,0.1,95,1.0,9.7,333,4.403707847473605,-8.642763284627167
2020-11-14 17:00:00,24.7,82,21.4,0.2,100,3.0,8.1,347,1.8221035401853087,-7.892397524760404
2020-11-14 18:00:00,24.3,83,21.3,0.4,86,0.0,11.2,345,2.8987733051482314,-10.818369254437563
2020-11-14 19:00:00,23.9,86,21.4,0.3,94,0.0,11.5,360,2.8166876380389124e-15,-11.5
2020-11-14 20:00:00,23.7,87,21.4,0.5,87,0.0,10.3,348,2.141490415422927,-10.074920287558198
2020-11-14 21:00:00,23.5,89,21.5,0.5,91,0.0,10.0,345,2.588190451025207,-9.659258262890685
2020-11-14 22:00:00,23.3,89,21.4,0.5,91,0.0,10.6,342,3.275580140374445,-10.081199072728626
2020-11-14 23:00:00,23.1,89,21.3,0.3,88,0.0,10.9,351,1.7051356689385189,-10.765802912487
2020-11-15 00:00:00,22.9,90,21.1,0.2,86,0.0,10.4,360,2.547265342226495e-15,-10.4
2020-11-15 01:00:00,22.9,89,21.0,0.2,92,0.0,9.7,356,0.6766377953180186,-9.676371287520292
2020-11-15 02:00:00,22.8,90,21.0,0.1,89,0.0,8.8,348,1.829622879196287,-8.60769888645749
2020-11-15 03:00:00,22.4,87,20.2,0.0,93,0.0,8.5,348,1.767249371950959,-8.314254606237347
2020-11-15 04:00:00,22.5,87,20.2,0.0,95,0.0,8.5,348,1.767249371950959,-8.314254606237347
2020-11-15 05:00:00,22.5,86,20.1,0.0,92,0.0,7.6,352,1.0577155672965006,-7.526037322435934
2020-11-15 06:00:00,22.6,86,20.1,0.0,92,0.0,6.6,351,1.0324674692655251,-6.5187430479279085
2020-11-15 07:00:00,22.7,86,20.3,0.0,87,0.0,6.6,351,1.0324674692655251,-6.5187430479279085
2020-11-15 08:00:00,22.9,87,20.7,0.0,78,12.0,7.9,344,2.177535110954292,-7.59396739791272
2020-11-15 09:00:00,23.3,87,21.0,0.0,69,13.0,8.1,339,2.902780391316936,-7.562001454627332
2020-11-15 10:00:00,23.8,84,20.8,0.0,65,10.0,8.0,342,2.4721359549995814,-7.608452130361228
2020-11-15 11:00:00,24.7,80,21.0,0.0,49,145.0,7.3,340,2.4967470462773806,-6.859756131737131
2020-11-15 12:00:00,25.3,78,21.2,0.0,48,214.0,7.4,337,2.891410350820627,-6.811735915548058
2020-11-15 13:00:00,25.5,78,21.3,0.0,49,143.0,8.2,331,3.9754388860199614,-7.171881598543045
2020-11-15 14:00:00,25.7,77,21.3,0.0,60,192.0,9.0,337,3.516580156403465,-8.284543681071963
2020-11-15 15:00:00,25.6,77,21.2,0.0,65,98.0,9.0,344,2.48073620235299,-8.65135526344487
2020-11-15 16:00:00,25.3,78,21.2,0.0,77,31.0,8.7,355,0.7582549619046273,-8.666893873398186
2020-11-15 17:00:00,24.9,80,21.2,0.0,72,15.0,6.8,360,1.6655196468404002e-15,-6.8
2020-11-15 18:00:00,24.3,83,21.3,0.0,73,0.0,6.8,3,-0.3558845024520181,-6.790680836331102
2020-11-15 19:00:00,23.8,86,21.4,0.0,68,0.0,6.5,3,-0.3401837155791349,-6.49109197590473
2020-11-15 20:00:00,23.5,89,21.5,0.0,71,0.0,5.4,360,1.3226185430791417e-15,-5.4
2020-11-15 21:00:00,23.2,90,21.5,0.0,74,0.0,4.0,350,0.6945927106677215,-3.939231012048832
2020-11-15 22:00:00,23.0,91,21.5,0.0,56,0.0,5.0,339,1.7918397477265038,-4.667902132486008
2020-11-15 23:00:00,22.9,92,21.5,0.0,63,0.0,5.9,346,1.4273391840380405,-5.72474478502838
2020-11-16 00:00:00,22.6,93,21.4,0.0,66,0.0,6.6,347,1.4846769586695112,-6.430842427582552
2020-11-16 01:00:00,22.3,94,21.3,0.0,70,0.0,7.3,349,1.392905666248776,-7.165878439167947
2020-11-16 02:00:00,22.3,94,21.3,0.0,78,0.0,7.3,351,1.141971594793687,-7.210124886344505
2020-11-16 03:00:00,22.4,93,21.1,0.0,84,0.0,7.2,354,0.7526049355271046,-7.160557646651568
2020-11-16 04:00:00,22.3,93,21.1,0.0,95,0.0,6.5,360,1.5920408388915589e-15,-6.5
2020-11-16 05:00:00,22.4,93,21.2,0.0,96,0.0,6.9,351,1.0793978087775946,-6.81504955010645
2020-11-16 06:00:00,22.5,93,21.3,0.0,83,0.0,6.5,341,2.1161930039715187,-6.14587074139556
2020-11-16 07:00:00,22.7,93,21.5,0.0,69,3.0,7.2,354,0.7526049355271046,-7.160557646651568
2020-11-16 08:00:00,23.5,90,21.7,0.0,50,61.0,7.9,360,1.934941942652818e-15,-7.9
2020-11-16 09:00:00,24.2,85,21.5,0.0,54,83.0,8.3,5,-0.7233926648055629,-8.268415994161488
2020-11-16 10:00:00,25.0,80,21.4,0.0,65,160.0,8.7,353,1.0602632876247808,-8.635151519279502
2020-11-16 11:00:00,25.9,76,21.3,0.0,61,242.0,8.8,348,1.829622879196287,-8.60769888645749
2020-11-16 12:00:00,26.3,73,21.1,0.0,23,266.0,9.4,337,3.6728726077991753,-8.652745622452938
2020-11-16 13:00:00,26.6,72,21.2,0.0,15,267.0,10.8,330,5.400000000000005,-9.353074360871934
2020-11-16 14:00:00,26.6,73,21.3,0.0,19,272.0,11.9,331,5.769234480931409,-10.407974514958813
2020-11-16 15:00:00,26.7,71,21.1,0.0,21,331.0,12.6,340,4.309453805903424,-11.840127021902443
2020-11-16 16:00:00,26.3,73,21.1,0.0,20,142.0,11.8,348,2.4533579516495667,-11.542141688658909
2020-11-16 17:00:00,25.6,77,21.2,0.0,36,42.0,8.0,355,0.6972459419812665,-7.969557584733964
2020-11-16 18:00:00,24.7,81,21.2,0.0,20,0.0,8.6,360,2.1063924945334478e-15,-8.6
2020-11-16 19:00:00,24.1,84,21.3,0.0,41,0.0,8.3,358,0.2896658226307568,-8.294943864258496
2020-11-16 20:00:00,23.6,87,21.4,0.0,35,0.0,8.8,351,1.3766232923540338,-8.691657397237211
2020-11-16 21:00:00,23.2,90,21.5,0.0,59,0.0,8.8,348,1.829622879196287,-8.60769888645749
2020-11-16 22:00:00,22.8,93,21.5,0.0,60,0.0,7.9,344,2.177535110954292,-7.59396739791272
2020-11-16 23:00:00,22.4,94,21.4,0.0,60,0.0,7.3,340,2.4967470462773806,-6.859756131737131
2020-11-17 00:00:00,22.2,95,21.3,0.0,68,0.0,6.4,333,2.9055391983331007,-5.702441754805554
2020-11-17 01:00:00,22.0,95,21.2,0.0,33,0.0,6.5,341,2.1161930039715187,-6.14587074139556
2020-11-17 02:00:00,21.8,96,21.1,0.0,33,0.0,5.5,349,1.0494494745709957,-5.398949508962152
2020-11-17 03:00:00,21.2,98,20.8,0.0,38,0.0,4.0,360,9.797174393178826e-16,-4.0
2020-11-17 04:00:00,21.5,97,21.0,0.0,44,0.0,1.3,34,-0.726950774511971,-1.0777488443215544
2020-11-17 05:00:00,22.3,94,21.4,0.0,39,0.0,0.8,153,-0.3631923997916375,0.7128052193506943
2020-11-17 06:00:00,22.3,95,21.4,0.0,38,0.0,1.1,252,1.0461621679246689,0.3399186938124423
2020-11-17 07:00:00,22.5,94,21.5,0.0,37,7.0,1.1,198,0.339918693812442,1.046162167924669
2020-11-17 08:00:00,23.6,91,22.1,0.0,30,65.0,1.3,214,0.7269507745119708,1.0777488443215544
2020-11-17 09:00:00,25.1,84,22.3,0.0,24,229.0,3.4,212,1.8017254983928963,2.8833635269318485
2020-11-17 10:00:00,26.1,78,22.0,0.0,18,360.0,5.1,231,3.96344440343055,3.2095339943541727
2020-11-17 11:00:00,26.8,75,21.9,0.0,11,456.0,7.0,249,6.535062985480412,2.508575646817105
2020-11-17 12:00:00,27.2,72,21.8,0.0,10,446.0,8.3,275,8.268415994161488,-0.7233926648055605
2020-11-17 13:00:00,27.4,71,21.7,0.0,14,515.0,9.6,290,9.02104915954472,-3.283393375926422
2020-11-17 14:00:00,27.1,71,21.5,0.0,7,360.0,10.1,297,8.999165894302516,-4.585304047369421
2020-11-17 15:00:00,26.9,70,21.0,0.0,9,286.0,9.7,312,7.208504807130727,-6.4905668816809206
2020-11-17 16:00:00,26.4,72,20.8,0.0,16,143.0,9.2,329,4.738350289172501,-7.885939166459431
2020-11-17 17:00:00,25.6,75,20.9,0.0,9,39.0,6.3,347,1.4171916423663515,-6.1385314081469815
2020-11-17 18:00:00,25.0,78,20.9,0.0,16,0.0,6.5,341,2.1161930039715187,-6.14587074139556
2020-11-17 19:00:00,24.4,82,21.1,0.0,3,0.0,7.3,340,2.4967470462773806,-6.859756131737131
2020-11-17 20:00:00,23.8,86,21.3,0.0,10,0.0,5.0,330,2.500000000000002,-4.330127018922192
2020-11-17 21:00:00,24.3,82,21.0,0.0,7,0.0,4.6,309,3.5748714227020653,-2.894873798829252
2020-11-17 22:00:00,24.3,82,21.1,0.0,5,0.0,4.7,293,4.32637281122647,-1.8364363038995852
2020-11-17 23:00:00,23.8,84,21.0,0.0,6,0.0,5.6,285,5.409184627218783,-1.4493866525741137
2020-11-18 00:00:00,23.5,85,20.9,0.0,2,0.0,5.8,300,5.022947341949744,-2.9000000000000004
2020-11-18 01:00:00,22.8,88,20.7,0.0,2,0.0,5.3,298,4.6796222421523135,-2.488199282765219
2020-11-18 02:00:00,22.3,90,20.5,0.0,1,0.0,4.9,306,3.964183272437243,-2.8801477362331176
2020-11-18 03:00:00,23.1,89,21.1,0.0,2,0.0,3.6,323,2.166534083347374,-2.875087836170254
2020-11-18 04:00:00,22.5,91,21.0,0.0,22,0.0,3.4,342,1.050657780874822,-3.233592155403522
2020-11-18 05:00:00,21.8,95,20.9,0.0,21,0.0,3.5,336,1.4235782507653003,-3.1974091017491038
2020-11-18 06:00:00,21.2,97,20.6,0.0,5,0.0,6.0,343,1.7542302283364228,-5.737828535778212
2020-11-18 07:00:00,21.2,97,20.7,0.0,2,8.0,8.1,347,1.8221035401853087,-7.892397524760404
2020-11-18 08:00:00,23.9,88,21.8,0.0,1,80.0,7.5,343,2.1927877854205287,-7.172285669722765
2020-11-18 09:00:00,25.4,80,21.7,0.0,2,213.0,8.2,337,3.203995253612045,-7.548139798310009
2020-11-18 10:00:00,26.6,73,21.3,0.0,0,416.0,9.5,335,4.014873486536643,-8.609923976848176
2020-11-18 11:00:00,27.3,68,21.0,0.0,3,530.0,10.3,335,4.352968095929202,-9.334970206477497
2020-11-18 12:00:00,27.7,66,20.8,0.0,0,551.0,10.8,334,4.73440838532204,-9.706975700031002
2020-11-18 13:00:00,27.9,65,20.7,0.0,0,558.0,11.0,337,4.298042413382013,-10.125553387976844
2020-11-18 14:00:00,27.7,65,20.4,0.0,6,398.0,11.2,339,4.013721034907368,-10.456100776768656
2020-11-18 15:00:00,27.6,61,19.4,0.0,2,277.0,12.2,341,3.971931484377312,-11.535326622311665
2020-11-18 16:00:00,27.1,63,19.4,0.0,2,183.0,11.7,349,2.2324652459055723,-11.485038046337667
2020-11-18 17:00:00,26.1,67,19.6,0.0,7,43.0,8.7,355,0.7582549619046273,-8.666893873398186
2020-11-18 18:00:00,25.1,72,19.7,0.0,9,0.0,10.1,2,-0.3524849166952598,-10.093847352892867
2020-11-18 19:00:00,24.4,76,20.0,0.0,5,0.0,8.7,5,-0.7582549619046259,-8.666893873398186
2020-11-18 20:00:00,23.9,80,20.3,0.0,5,0.0,7.2,3,-0.3768188849491956,-7.190132650232932
2020-11-18 21:00:00,23.3,85,20.6,0.0,6,0.0,6.9,354,0.7212463965468086,-6.862201078041086
2020-11-18 22:00:00,22.6,89,20.7,0.0,0,0.0,5.9,346,1.4273391840380405,-5.72474478502838
2020-11-18 23:00:00,21.9,92,20.6,0.0,3,0.0,5.5,349,1.0494494745709957,-5.398949508962152
2020-11-19 00:00:00,21.6,94,20.5,0.0,26,0.0,4.0,360,9.797174393178826e-16,-4.0
2020-11-19 01:00:00,21.5,94,20.5,0.0,23,0.0,5.1,4,-0.355758016095039,-5.087576656325103
2020-11-19 02:00:00,21.2,95,20.3,0.0,23,0.0,5.5,11,-1.0494494745709964,-5.398949508962152
2020-11-19 03:00:00,21.4,95,20.5,0.0,23,0.0,5.6,15,-1.449386652574116,-5.409184627218783
2020-11-19 04:00:00,21.1,95,20.3,0.0,6,0.0,5.5,11,-1.0494494745709964,-5.398949508962152
2020-11-19 05:00:00,21.0,95,20.1,0.0,6,0.0,5.4,360,1.3226185430791417e-15,-5.4
2020-11-19 06:00:00,20.9,93,19.8,0.0,8,0.0,6.2,353,0.7555899291119128,-6.153786140176197
2020-11-19 07:00:00,21.3,93,20.1,0.0,9,11.0,8.3,355,0.7233926648055641,-8.268415994161488
2020-11-19 08:00:00,24.3,80,20.7,0.0,10,109.0,7.3,351,1.141971594793687,-7.210124886344505
2020-11-19 09:00:00,26.5,69,20.4,0.0,11,257.0,7.6,355,0.6623836448822031,-7.571079705497266
2020-11-19 10:00:00,27.7,63,20.0,0.0,7,418.0,8.7,355,0.7582549619046273,-8.666893873398186
2020-11-19 11:00:00,28.4,61,20.0,0.0,4,494.0,9.2,349,1.7554427574642109,-9.030970087718508
2020-11-19 12:00:00,28.7,60,20.3,0.0,7,536.0,8.9,346,2.153104870837044,-8.635631963856369
2020-11-19 13:00:00,28.9,61,20.6,0.0,6,540.0,8.6,345,2.225843787881678,-8.306962106085987
2020-11-19 14:00:00,28.8,62,20.7,0.0,6,452.0,8.6,345,2.225843787881678,-8.306962106085987
2020-11-19 15:00:00,28.4,63,20.6,0.0,8,313.0,9.6,347,2.159530121701107,-9.353952621938255
2020-11-19 16:00:00,27.8,65,20.7,0.0,14,147.0,10.2,350,1.7712114122026898,-10.04503908072452
2020-11-19 17:00:00,27.0,70,20.9,0.0,15,38.0,8.7,353,1.0602632876247808,-8.635151519279502
2020-11-19 18:00:00,26.0,74,21.0,0.0,14,0.0,9.8,6,-1.024378940023004,-9.746314574609078
2020-11-19 19:00:00,25.3,77,21.0,0.0,21,0.0,9.1,7,-1.109011024986842,-9.032169979936029
2020-11-19 20:00:00,25.0,79,21.2,0.0,22,0.0,7.2,6,-0.7526049355271051,-7.160557646651568
2020-11-19 21:00:00,24.5,82,21.3,0.0,24,0.0,7.2,3,-0.3768188849491956,-7.190132650232932
2020-11-19 22:00:00,24.2,84,21.4,0.0,21,0.0,6.9,6,-0.721246396546809,-6.862201078041086
2020-11-19 23:00:00,24.0,85,21.4,0.0,22,0.0,6.7,16,-1.8467702839738944,-6.440453362786736
2020-11-20 00:00:00,23.6,87,21.3,0.0,30,0.0,5.8,22,-2.172718241812289,-5.377666356487367
2020-11-20 01:00:00,23.2,89,21.3,0.0,39,0.0,5.2,25,-2.197614961051637,-4.71280049259058
2020-11-20 02:00:00,22.9,91,21.4,0.0,48,0.0,5.0,21,-1.7918397477265011,-4.667902132486009
2020-11-20 03:00:00,22.4,94,21.3,0.0,36,0.0,5.2,12,-1.0811407922523486,-5.08636752381579
2020-11-20 04:00:00,22.1,95,21.3,0.0,35,0.0,5.4,8,-0.7515347451843534,-5.34744757120448
2020-11-20 05:00:00,22.2,94,21.2,0.0,45,0.0,6.8,360,1.6655196468404002e-15,-6.8
2020-11-20 06:00:00,22.3,94,21.3,0.0,34,0.0,7.6,357,0.3977532674463772,-7.589584464134761
2020-11-20 07:00:00,22.5,93,21.3,0.0,26,8.0,8.6,2,-0.3001356716415083,-8.594761112364223
2020-11-20 08:00:00,24.3,85,21.6,0.0,26,79.0,6.5,3,-0.3401837155791349,-6.49109197590473
2020-11-20 09:00:00,26.0,76,21.4,0.0,14,215.0,6.1,357,0.3192493330819606,-6.0916401620029
2020-11-20 10:00:00,27.3,70,21.3,0.0,11,371.0,7.0,348,1.4553818357243191,-6.847033205136639
2020-11-20 11:00:00,28.2,66,21.3,0.0,10,505.0,8.8,348,1.829622879196287,-8.60769888645749
2020-11-20 12:00:00,28.6,65,21.4,0.0,14,519.0,10.7,346,2.588564282916446,-10.382164271153162
2020-11-20 13:00:00,28.6,65,21.5,0.0,11,440.0,13.4,346,3.2417534010355493,-13.001962732098352
2020-11-20 14:00:00,28.3,66,21.5,0.0,12,458.0,16.0,351,2.502951440643697,-15.803013449522204
2020-11-20 15:00:00,28.3,64,20.8,0.0,7,323.0,17.0,356,1.1858600536501358,-16.958588854417012
2020-11-20 16:00:00,27.6,67,20.8,0.0,11,164.0,15.5,360,3.796405077356795e-15,-15.5
2020-11-20 17:00:00,26.6,71,20.9,0.0,14,44.0,13.3,357,0.6960682180311601,-13.281772812235833
2020-11-20 18:00:00,25.4,77,21.0,0.0,5,0.0,13.0,357,0.6803674311582768,-12.98218395180946
2020-11-20 19:00:00,24.8,81,21.3,0.0,10,0.0,12.6,358,0.4397336584515103,-12.592324420440606
2020-11-20 20:00:00,24.2,85,21.5,0.0,3,0.0,10.8,2,-0.3769145643870105,-10.793420931806237
2020-11-20 21:00:00,23.9,88,21.7,0.0,5,0.0,9.0,2,-0.3140954703225087,-8.994517443171862
2020-11-20 22:00:00,23.6,90,21.8,0.0,4,0.0,8.7,353,1.0602632876247808,-8.635151519279502
2020-11-20 23:00:00,23.3,91,21.8,0.0,5,0.0,9.1,351,1.4235536318661028,-8.987963899415753
2020-11-21 00:00:00,23.1,93,21.9,0.0,4,0.0,8.3,360,2.0329136865846065e-15,-8.3
2020-11-21 01:00:00,22.9,94,21.8,0.0,8,0.0,8.7,7,-1.060263287624783,-8.6351515192795
2020-11-21 02:00:00,22.8,94,21.8,0.0,8,0.0,9.3,13,-2.092044805397945,-9.06164160250269
2020-11-21 03:00:00,23.0,93,21.9,0.0,9,0.0,7.8,13,-1.754618223882147,-7.600086505324834
2020-11-21 04:00:00,23.0,93,21.9,0.0,9,0.0,6.6,9,-1.0324674692655236,-6.518743047927909
2020-11-21 05:00:00,22.9,94,21.9,0.0,16,0.0,7.6,3,-0.3977532674463731,-7.589584464134761
2020-11-21 06:00:00,23.1,93,21.9,0.0,11,0.0,7.3,351,1.141971594793687,-7.210124886344505
2020-11-21 07:00:00,23.2,93,22.0,0.0,11,5.0,7.6,5,-0.662383644882202,-7.571079705497266
2020-11-21 08:00:00,24.4,88,22.2,0.0,20,74.0,7.4,14,-1.790222027437541,-7.180188374442374
2020-11-21 09:00:00,25.7,81,22.1,0.0,23,192.0,6.2,10,-1.0766187015349682,-6.10580806867569
2020-11-21 10:00:00,26.6,78,22.3,0.0,23,296.0,4.5,346,1.0886485301985054,-4.366330768241984
2020-11-21 11:00:00,27.4,75,22.5,0.0,23,412.0,5.4,318,3.613305274337834,-4.012982057577929
2020-11-21 12:00:00,27.9,72,22.4,0.0,13,489.0,8.2,319,5.37968403772216,-6.188618557826729
2020-11-21 13:00:00,28.1,71,22.3,0.0,20,504.0,9.6,326,5.368251873319167,-7.958760696528401
2020-11-21 14:00:00,28.0,71,22.1,0.0,16,419.0,9.0,331,4.363286582217032,-7.871577364254563
2020-11-21 15:00:00,27.8,71,22.2,0.0,17,279.0,8.0,342,2.4721359549995814,-7.608452130361228
2020-11-21 16:00:00,27.6,72,22.1,0.0,15,169.0,7.0,348,1.4553818357243191,-6.847033205136639
2020-11-21 17:00:00,26.9,75,22.1,0.0,13,37.0,7.1,345,1.8376152202278968,-6.858073366652385
2020-11-21 18:00:00,26.0,80,22.3,0.0,5,0.0,7.9,336,3.213219480298821,-7.217009115376548
2020-11-21 19:00:00,25.2,85,22.5,0.0,3,0.0,7.6,355,0.6623836448822031,-7.571079705497266
2020-11-21 20:00:00,24.7,88,22.6,0.0,8,0.0,7.8,347,1.7546182238821495,-7.600086505324834
2020-11-21 21:00:00,24.3,91,22.7,0.0,4,0.0,8.4,340,2.8729692039356163,-7.893418014601631
2020-11-21 22:00:00,23.9,93,22.7,0.0,4,0.0,8.0,342,2.4721359549995814,-7.608452130361228
2020-11-21 23:00:00,23.6,94,22.6,0.0,10,0.0,7.3,349,1.392905666248776,-7.165878439167947
2020-11-22 00:00:00,23.3,96,22.5,0.0,17,0.0,6.8,357,0.3558845024520217,-6.790680836331102
2020-11-22 01:00:00,23.0,96,22.4,0.0,16,0.0,6.1,360,1.4940690949597709e-15,-6.1
2020-11-22 02:00:00,23.0,96,22.4,0.0,21,0.0,6.8,3,-0.3558845024520181,-6.790680836331102
2020-11-22 03:00:00,23.2,96,22.5,0.0,13,0.0,7.2,3,-0.3768188849491956,-7.190132650232932
2020-11-22 04:00:00,23.2,95,22.4,0.0,18,0.0,7.2,6,-0.7526049355271051,-7.160557646651568
2020-11-22 05:00:00,23.2,95,22.4,0.0,20,0.0,7.6,3,-0.3977532674463731,-7.589584464134761
2020-11-22 06:00:00,23.2,94,22.2,0.0,15,0.0,9.0,360,2.204364238465236e-15,-9.0
2020-11-22 07:00:00,23.4,94,22.4,0.0,13,6.0,10.4,358,0.3629547657060086,-10.393664600998596
2020-11-22 08:00:00,24.5,89,22.6,0.0,16,75.0,11.5,356,0.8021994480574448,-11.47198657798798
2020-11-22 09:00:00,25.8,83,22.6,0.0,7,249.0,12.6,357,0.659433048661099,-12.58273213790763
2020-11-22 10:00:00,26.9,77,22.5,0.0,3,372.0,11.9,355,1.037153338697134,-11.854716907291772
2020-11-22 11:00:00,27.8,73,22.5,0.0,1,470.0,11.7,351,1.830283240970704,-11.55595358496311
2020-11-22 12:00:00,28.5,70,22.5,0.0,3,578.0,13.6,348,2.827598995121534,-13.302807369979757
2020-11-22 13:00:00,28.8,68,22.3,0.0,5,558.0,16.5,349,3.148348423712987,-16.196848526886455
2020-11-22 14:00:00,28.6,69,22.2,0.0,2,428.0,18.2,351,2.8471072637322057,-17.975927798831506
2020-11-22 15:00:00,28.1,68,21.7,0.0,2,316.0,18.5,353,2.254582852995224,-18.36210380536446
2020-11-22 16:00:00,27.4,71,21.7,0.0,2,176.0,17.0,356,1.1858600536501358,-16.958588854417012
2020-11-22 17:00:00,26.4,76,21.9,0.0,2,44.0,14.4,357,0.7536377698983989,-14.380265300465863
2020-11-22 18:00:00,25.3,82,22.0,0.0,1,0.0,13.3,358,0.4641633061432609,-13.291897999353974
2020-11-22 19:00:00,24.5,86,22.0,0.0,4,0.0,12.0,7,-1.4624321208617697,-11.910553819695863
2020-11-22 20:00:00,23.9,90,22.1,0.0,0,0.0,10.1,2,-0.3524849166952598,-10.093847352892867
2020-11-22 21:00:00,23.5,92,22.1,0.0,2,0.0,9.4,358,0.3280552690035077,-9.3942737739795
2020-11-22 22:00:00,23.3,93,22.1,0.0,1,0.0,9.0,358,0.3140954703225074,-8.994517443171862
2020-11-22 23:00:00,23.0,94,22.0,0.0,1,0.0,9.4,358,0.3280552690035077,-9.3942737739795
2020-11-23 00:00:00,22.8,95,22.0,0.0,5,0.0,9.7,2,-0.3385251180142594,-9.694091022085228
2020-11-23 01:00:00,22.5,96,21.8,0.0,11,0.0,10.8,360,2.645237086158283e-15,-10.8
2020-11-23 02:00:00,22.2,96,21.6,0.0,11,0.0,11.5,2,-0.4013442120787611,-11.4929945107196
2020-11-23 03:00:00,21.6,98,21.2,0.0,11,0.0,11.2,6,-1.1707187885977188,-11.13864522812466
2020-11-23 04:00:00,21.5,97,21.0,0.0,22,0.0,11.3,7,-1.3771235804781663,-11.215771513546938
2020-11-23 05:00:00,21.3,97,20.8,0.0,33,0.0,11.6,7,-1.4136843834997106,-11.513535359039334
2020-11-23 06:00:00,21.3,95,20.5,0.0,16,0.0,14.3,10,-2.483168940637104,-14.082750868074577
2020-11-23 07:00:00,21.4,93,20.3,0.0,16,5.0,14.1,15,-3.6493485359455424,-13.619554150675864
2020-11-23 08:00:00,22.9,86,20.4,0.0,14,78.0,12.4,10,-2.1532374030699364,-12.21161613735138
2020-11-23 09:00:00,24.4,78,20.4,0.0,6,182.0,13.0,3,-0.6803674311582698,-12.98218395180946
2020-11-23 10:00:00,25.7,73,20.5,0.0,15,294.0,12.6,358,0.4397336584515103,-12.592324420440606
2020-11-23 11:00:00,26.6,71,21.0,0.0,10,430.0,11.9,355,1.037153338697134,-11.854716907291772
2020-11-23 12:00:00,27.3,70,21.3,0.0,6,452.0,11.3,351,1.7677094549546115,-11.160878248725057
2020-11-23 13:00:00,27.5,68,21.2,0.0,27,431.0,9.8,352,1.3638963894086458,-9.704627073667387
2020-11-23 14:00:00,27.5,68,21.1,0.0,56,327.0,8.3,360,2.0329136865846065e-15,-8.3
2020-11-23 15:00:00,27.2,67,20.6,0.0,17,242.0,8.4,353,1.0237024846032368,-8.337387673787106
2020-11-23 16:00:00,26.8,69,20.6,0.0,10,154.0,10.2,350,1.7712114122026898,-10.04503908072452
2020-11-23 17:00:00,26.0,72,20.7,0.0,5,40.0,9.8,354,1.0243789400230034,-9.746314574609078
2020-11-23 18:00:00,24.9,78,20.7,0.0,10,0.0,11.5,356,0.8021994480574448,-11.47198657798798
2020-11-23 19:00:00,24.2,81,20.6,0.0,11,0.0,10.2,8,-1.419565629792667,-10.100734301164016
2020-11-23 20:00:00,23.6,84,20.6,0.0,30,0.0,9.7,358,0.3385251180142579,-9.694091022085228
2020-11-23 21:00:00,23.2,85,20.6,0.0,31,0.0,10.9,354,1.1393602496174222,-10.84028865951418
2020-11-23 22:00:00,23.0,86,20.5,0.0,33,0.0,10.4,358,0.3629547657060086,-10.393664600998596
2020-11-23 23:00:00,22.9,87,20.6,0.0,26,0.0,10.1,358,0.3524849166952583,-10.093847352892867
2020-11-24 00:00:00,22.7,88,20.7,0.0,21,0.0,10.1,356,0.7045403848156689,-10.075396907624224
2020-11-24 01:00:00,22.5,90,20.8,0.0,12,0.0,9.7,358,0.3385251180142579,-9.694091022085228
2020-11-24 02:00:00,22.3,92,20.8,0.0,14,0.0,9.7,2,-0.3385251180142594,-9.694091022085228
2020-11-24 03:00:00,22.9,88,20.8,0.0,10,0.0,10.1,358,0.3524849166952583,-10.093847352892867
2020-11-24 04:00:00,22.7,89,20.7,0.0,12,0.0,11.2,360,2.743208830090071e-15,-11.2
2020-11-24 05:00:00,22.6,89,20.6,0.0,17,0.0,12.3,3,-0.6437322617882092,-12.283143277481258
2020-11-24 06:00:00,22.4,89,20.5,0.0,13,0.0,11.2,6,-1.1707187885977188,-11.13864522812466
2020-11-24 07:00:00,22.5,88,20.5,0.0,16,6.0,10.9,17,-3.186851581477831,-10.423721839997087
2020-11-24 08:00:00,23.5,83,20.4,0.0,12,90.0,9.7,4,-0.6766377953180154,-9.676371287520292
2020-11-24 09:00:00,24.6,77,20.4,0.0,15,206.0,11.3,351,1.7677094549546115,-11.160878248725057
2020-11-24 10:00:00,25.5,73,20.3,0.0,13,350.0,11.6,355,1.0110066158728364,-11.555858497864248
2020-11-24 11:00:00,26.2,70,20.2,0.0,17,431.0,9.7,358,0.3385251180142579,-9.694091022085228
2020-11-24 12:00:00,26.8,67,20.2,0.0,16,523.0,9.0,355,0.7844016847289249,-8.96575228282571
2020-11-24 13:00:00,26.9,67,20.2,0.0,14,433.0,10.4,346,2.515987714236546,-10.091075553270365
2020-11-24 14:00:00,26.7,67,20.1,0.0,8,370.0,12.5,348,2.5988961352219984,-12.22684500917257
2020-11-24 15:00:00,26.6,69,20.4,0.0,12,228.0,13.7,357,0.7170026005283379,-13.68122462613766
2020-11-24 16:00:00,26.0,70,20.2,0.0,20,122.0,14.0,1,-0.2443336901219691,-13.997867732189478
2020-11-24 17:00:00,25.2,73,20.1,0.0,24,33.0,11.9,5,-1.037153338697132,-11.854716907291772
2020-11-24 18:00:00,24.5,77,20.1,0.0,23,0.0,10.1,2,-0.3524849166952598,-10.093847352892867
2020-11-24 19:00:00,24.0,79,20.1,0.0,25,0.0,12.6,360,3.08610993385133e-15,-12.6
2020-11-24 20:00:00,23.5,81,20.1,0.0,40,0.0,13.3,3,-0.696068218031153,-13.281772812235833
2020-11-24 21:00:00,23.2,82,20.0,0.0,41,0.0,12.3,3,-0.6437322617882092,-12.283143277481258
2020-11-24 22:00:00,23.0,83,20.0,0.0,31,0.0,11.2,2,-0.3908743630680108,-11.193177262613872
2020-11-24 23:00:00,22.8,84,20.0,0.0,35,0.0,10.4,2,-0.3629547657060101,-10.393664600998596
2020-11-25 00:00:00,22.7,85,20.0,0.0,39,0.0,9.0,5,-0.7844016847289235,-8.96575228282571
2020-11-25 01:00:00,22.6,86,20.1,0.0,40,0.0,8.3,5,-0.7233926648055629,-8.268415994161488
2020-11-25 02:00:00,22.3,88,20.2,0.0,29,0.0,8.6,358,0.300135671641507,-8.594761112364223
2020-11-25 03:00:00,22.4,87,20.1,0.0,33,0.0,8.6,358,0.300135671641507,-8.594761112364223
2020-11-25 04:00:00,22.3,88,20.2,0.0,30,0.0,8.0,5,-0.6972459419812653,-7.969557584733964
2020-11-25 05:00:00,22.3,88,20.2,0.0,35,0.0,8.0,8,-1.1133848076805235,-7.922144549932563
2020-11-25 06:00:00,22.2,89,20.2,0.0,53,0.0,9.1,7,-1.109011024986842,-9.032169979936029
2020-11-25 07:00:00,22.1,89,20.2,0.0,44,6.0,8.4,10,-1.458644692402215,-8.272385125302547
2020-11-25 08:00:00,23.2,84,20.3,0.0,38,71.0,7.2,3,-0.3768188849491956,-7.190132650232932
2020-11-25 09:00:00,24.6,75,19.9,0.0,32,220.0,6.9,354,0.7212463965468086,-6.862201078041086
2020-11-25 10:00:00,25.6,71,20.0,0.0,35,367.0,6.8,342,2.101315561749644,-6.467184310807044
2020-11-25 11:00:00,26.3,68,20.0,0.0,36,458.0,8.1,339,2.902780391316936,-7.562001454627332
2020-11-25 12:00:00,26.9,66,20.0,0.0,39,494.0,8.9,339,3.189474750953177,-8.308865795825094
2020-11-25 13:00:00,27.2,65,20.0,0.0,41,512.0,10.2,337,3.985457510590593,-9.38914950521489
2020-11-25 14:00:00,27.1,65,19.9,0.0,50,370.0,11.2,339,4.013721034907368,-10.456100776768656
2020-11-25 15:00:00,26.6,67,19.9,0.0,38,232.0,11.6,344,3.1973933274771875,-11.1506356728845
2020-11-25 16:00:00,26.2,69,20.0,0.0,48,158.0,12.2,346,2.951447126315948,-11.837607860567156
2020-11-25 17:00:00,25.4,73,20.2,0.0,36,38.0,9.8,354,1.0243789400230034,-9.746314574609078
2020-11-25 18:00:00,24.4,79,20.4,0.0,33,0.0,10.5,352,1.4613175600806918,-10.397814721786489
2020-11-25 19:00:00,24.0,81,20.6,0.0,35,0.0,10.1,358,0.3524849166952583,-10.093847352892867
2020-11-25 20:00:00,23.7,84,20.8,0.0,34,0.0,9.4,4,-0.6557108531947778,-9.377102072442348
2020-11-25 21:00:00,23.4,86,20.9,0.0,14,0.0,8.3,355,0.7233926648055641,-8.268415994161488
2020-11-25 22:00:00,23.2,88,21.1,0.0,20,0.0,8.0,352,1.113384807680527,-7.922144549932562
2020-11-25 23:00:00,22.9,90,21.2,0.0,18,0.0,7.9,360,1.934941942652818e-15,-7.9
2020-11-26 00:00:00,22.8,91,21.3,0.0,28,0.0,8.3,5,-0.7233926648055629,-8.268415994161488
2020-11-26 01:00:00,22.7,92,21.3,0.0,21,0.0,5.5,11,-1.0494494745709964,-5.398949508962152
2020-11-26 02:00:00,22.3,94,21.3,0.0,19,0.0,1.1,18,-0.3399186938124421,-1.0461621679246689
2020-11-26 03:00:00,23.2,90,21.4,0.0,16,0.0,2.5,278,2.475670171853926,-0.3479327524001636
2020-11-26 04:00:00,21.5,95,20.7,0.0,20,0.0,6.1,315,4.31335136523794,-4.3133513652379385
2020-11-26 05:00:00,21.4,96,20.7,0.0,29,0.0,7.0,339,2.508575646817105,-6.535062985480411
2020-11-26 06:00:00,21.9,95,21.1,0.0,18,0.0,8.0,350,1.389185421335443,-7.878462024097664
2020-11-26 07:00:00,22.2,95,21.3,0.0,26,4.0,6.5,19,-2.1161930039715187,-6.14587074139556
2020-11-26 08:00:00,23.4,88,21.3,0.0,36,58.0,5.5,32,-2.914555953282627,-4.664264528860342
2020-11-26 09:00:00,24.7,78,20.7,0.0,43,190.0,4.7,9,-0.7352419856890852,-4.642135200797148
2020-11-26 10:00:00,25.6,74,20.5,0.0,21,284.0,5.1,352,0.709782814896336,-5.050367150582008
2020-11-26 11:00:00,26.3,70,20.3,0.0,22,427.0,5.5,337,2.1490212066910064,-5.062776693988422
2020-11-26 12:00:00,26.7,68,20.2,0.0,13,453.0,7.1,315,5.020458146424488,-5.0204581464244855
2020-11-26 13:00:00,26.8,67,20.2,0.0,13,436.0,9.4,313,6.874724795220201,-6.410784584587487
2020-11-26 14:00:00,26.8,67,20.1,0.0,13,313.0,11.0,328,5.829111906565255,-9.328529057720685
2020-11-26 15:00:00,26.7,68,20.3,0.0,13,259.0,11.5,346,2.7821017993961803,-11.15840085217396
2020-11-26 16:00:00,26.4,69,20.3,0.0,33,154.0,10.6,350,1.840670683269462,-10.438962181929403
2020-11-26 17:00:00,25.7,72,20.3,0.0,29,38.0,7.7,349,1.469229264399394,-7.558529312547013
2020-11-26 18:00:00,25.0,76,20.5,0.0,9,0.0,10.3,348,2.141490415422927,-10.074920287558198
2020-11-26 19:00:00,24.4,80,20.6,0.0,5,0.0,11.2,354,1.1707187885977182,-11.13864522812466
2020-11-26 20:00:00,23.9,83,20.8,0.0,8,0.0,10.1,360,2.473786534277653e-15,-10.1
2020-11-26 21:00:00,23.4,86,20.9,0.0,16,0.0,9.7,356,0.6766377953180186,-9.676371287520292
2020-11-26 22:00:00,23.4,87,21.0,0.0,10,0.0,9.4,2,-0.3280552690035091,-9.3942737739795
2020-11-26 23:00:00,23.2,89,21.2,0.0,21,0.0,8.5,12,-1.7672493719509543,-8.314254606237348
2020-11-27 00:00:00,22.9,90,21.3,0.0,13,0.0,7.9,16,-2.177535110954293,-7.59396739791272
2020-11-27 01:00:00,22.3,94,21.3,0.0,15,0.0,7.1,24,-2.887830165838181,-6.486172749262466
2020-11-27 02:00:00,21.8,96,21.2,0.0,20,0.0,5.8,22,-2.172718241812289,-5.377666356487367
2020-11-27 03:00:00,22.1,94,21.1,0.0,19,0.0,7.0,12,-1.4553818357243151,-6.84703320513664
2020-11-27 04:00:00,21.9,95,21.1,0.0,19,0.0,7.6,25,-3.211898789229316,-6.887939181478539
2020-11-27 05:00:00,21.8,95,20.9,0.0,19,0.0,5.9,43,-4.023790324368742,-4.314986839553106
2020-11-27 06:00:00,21.6,95,20.8,0.0,23,0.0,4.3,355,0.3747696938149307,-4.283637201794505
2020-11-27 07:00:00,21.4,97,21.0,0.0,23,5.0,5.9,14,-1.4273391840380396,-5.72474478502838
2020-11-27 08:00:00,22.8,91,21.3,0.0,22,65.0,8.2,23,-3.2039952536120446,-7.54813979831001
2020-11-27 09:00:00,24.4,81,21.0,0.0,14,194.0,7.8,22,-2.921931428644114,-7.232034065620942
2020-11-27 10:00:00,25.4,76,20.9,0.0,10,318.0,8.6,358,0.300135671641507,-8.594761112364223
2020-11-27 11:00:00,26.2,71,20.6,0.0,7,418.0,12.4,352,1.725746451904817,-12.279324052395472
2020-11-27 12:00:00,26.6,68,20.1,0.0,7,390.0,15.2,353,1.8524140197582375,-15.086701504948095
2020-11-27 13:00:00,26.8,65,19.7,0.0,3,385.0,17.3,355,1.507794349534489,-17.234168276987198
2020-11-27 14:00:00,26.7,65,19.5,0.0,7,357.0,19.1,356,1.3323486485127998,-19.053473359962645
2020-11-27 15:00:00,26.3,67,19.7,0.0,5,321.0,20.5,358,0.7154396824012669,-20.487511953891463
2020-11-27 16:00:00,25.5,69,19.5,0.0,7,166.0,20.2,359,0.3525386100331279,-20.196923442159104
2020-11-27 17:00:00,24.3,74,19.4,0.0,11,42.0,18.0,360,4.408728476930472e-15,-18.0
2020-11-27 18:00:00,23.2,78,19.2,0.0,6,0.0,18.0,2,-0.6281909406450175,-17.989034886343724
2020-11-27 19:00:00,22.5,81,19.0,0.0,13,0.0,17.3,5,-1.5077943495344863,-17.234168276987198
2020-11-27 20:00:00,22.0,82,18.9,0.0,20,0.0,14.8,3,-0.7745721523955688,-14.779717114367694
2020-11-27 21:00:00,21.8,83,18.8,0.0,38,0.0,14.8,359,0.2582956152717967,-14.79774588831459
2020-11-27 22:00:00,21.5,85,18.8,0.0,66,0.0,15.5,360,3.796405077356795e-15,-15.5
2020-11-27 23:00:00,21.3,85,18.7,0.0,74,0.0,15.5,1,-0.2705122997778944,-15.497639274924063
2020-11-28 00:00:00,21.1,86,18.7,0.0,81,0.0,15.8,1,-0.2757480217090794,-15.797593583470984
2020-11-28 01:00:00,21.1,85,18.5,0.0,88,0.0,16.2,4,-1.1300548746548298,-16.16053761420915
2020-11-28 02:00:00,21.0,85,18.4,0.0,89,0.0,17.3,4,-1.2067869957733677,-17.257858069494958
2020-11-28 03:00:00,21.2,86,18.8,0.0,98,0.0,17.7,5,-1.5426566466335494,-17.632646156223895
2020-11-28 04:00:00,21.0,86,18.7,0.0,83,0.0,17.0,6,-1.776983875550109,-16.906872221260645
2020-11-28 05:00:00,21.0,85,18.3,0.0,76,0.0,16.3,8,-2.2685215456490666,-16.141369520487597
2020-11-28 06:00:00,20.9,84,18.1,0.0,63,0.0,14.1,6,-1.473851332073914,-14.022758724692652
2020-11-28 07:00:00,21.0,84,18.1,0.0,60,5.0,14.4,4,-1.0044932219154044,-14.36492232374147
2020-11-28 08:00:00,22.1,77,17.9,0.0,51,76.0,16.2,3,-0.8478424911356901,-16.177798463024097
2020-11-28 09:00:00,23.3,71,17.8,0.0,49,214.0,17.7,4,-1.2346895852710178,-17.65688368959889
2020-11-28 10:00:00,24.6,65,17.6,0.0,43,377.0,17.7,2,-0.6177210916342671,-17.689217638237995
2020-11-28 11:00:00,25.5,62,17.6,0.0,40,499.0,16.9,2,-0.5898014942722664,-16.889704976622717
2020-11-28 12:00:00,26.0,60,17.7,0.0,33,555.0,16.2,357,0.8478424911356988,-16.177798463024097
2020-11-28 13:00:00,26.0,60,17.7,0.0,28,459.0,15.6,353,1.9011617571202968,-15.483719965604624
2020-11-28 14:00:00,26.0,61,17.8,0.0,9,449.0,16.0,351,2.502951440643697,-15.803013449522204
2020-11-28 15:00:00,25.7,61,17.6,0.0,7,328.0,17.1,352,2.3798600264171266,-16.933583975480854
2020-11-28 16:00:00,24.9,64,17.6,0.0,14,154.0,17.8,352,2.4772811970891726,-17.62677162359995
2020-11-28 17:00:00,23.8,68,17.6,0.0,28,45.0,15.2,353,1.8524140197582375,-15.086701504948095
2020-11-28 18:00:00,22.6,74,17.7,0.0,40,0.0,14.5,353,1.7671054793746348,-14.39191919879917
2020-11-28 19:00:00,22.1,76,17.8,0.0,49,0.0,14.8,356,1.0323958114130594,-14.763947943845398
2020-11-28 20:00:00,21.7,79,17.8,0.0,37,0.0,13.3,358,0.4641633061432609,-13.291897999353974
2020-11-28 21:00:00,21.4,80,17.9,0.0,41,0.0,12.2,360,2.9881381899195417e-15,-12.2
2020-11-28 22:00:00,21.2,81,17.9,0.0,48,0.0,11.5,360,2.8166876380389124e-15,-11.5
2020-11-28 23:00:00,21.1,82,17.9,0.0,71,0.0,10.4,358,0.3629547657060086,-10.393664600998596
2020-11-29 00:00:00,21.0,82,17.9,0.0,74,0.0,10.4,358,0.3629547657060086,-10.393664600998596
2020-11-29 01:00:00,20.8,83,17.8,0.0,58,0.0,10.1,360,2.473786534277653e-15,-10.1
2020-11-29 02:00:00,20.8,83,17.8,0.0,61,0.0,10.1,360,2.473786534277653e-15,-10.1
2020-11-29 03:00:00,21.1,81,17.8,0.0,59,0.0,10.4,360,2.547265342226495e-15,-10.4
2020-11-29 04:00:00,21.0,82,17.8,0.0,54,0.0,11.2,358,0.3908743630680092,-11.193177262613872
2020-11-29 05:00:00,20.8,83,17.8,0.0,52,0.0,11.2,358,0.3908743630680092,-11.193177262613872
2020-11-29 06:00:00,20.8,83,17.8,0.0,42,0.0,10.4,358,0.3629547657060086,-10.393664600998596
2020-11-29 07:00:00,20.8,83,17.8,0.0,32,4.0,10.5,6,-1.0975488643103617,-10.44247990136687
2020-11-29 08:00:00,21.6,79,17.8,0.0,34,52.0,9.8,8,-1.363896389408641,-9.70462707366739
2020-11-29 09:00:00,22.6,75,17.8,0.0,15,122.0,9.0,2,-0.3140954703225087,-8.994517443171862
2020-11-29 10:00:00,23.7,69,17.7,0.0,15,271.0,9.1,353,1.1090110249868397,-9.03216997993603
2020-11-29 11:00:00,24.6,65,17.7,0.0,17,400.0,9.2,349,1.7554427574642109,-9.030970087718508
2020-11-29 12:00:00,25.0,63,17.5,0.0,16,433.0,11.4,342,3.522793735874404,-10.84204428576475
2020-11-29 13:00:00,25.1,63,17.4,0.0,19,427.0,14.0,342,4.326237921249268,-13.31479122813215
2020-11-29 14:00:00,25.1,62,17.2,0.0,25,358.0,16.9,349,3.2246720218636047,-16.58949940026552
2020-11-29 15:00:00,24.7,63,17.2,0.0,45,243.0,18.8,356,1.311421706389562,-18.754204144884696
2020-11-29 16:00:00,24.2,64,16.9,0.0,39,131.0,18.7,358,0.6526205883367654,-18.68860846525709
2020-11-29 17:00:00,23.3,67,16.9,0.0,50,26.0,16.6,358,0.5793316452615137,-16.58988772851699
2020-11-29 18:00:00,22.5,72,17.1,0.0,60,0.0,16.6,356,1.1579574641524857,-16.55956323431308
2020-11-29 19:00:00,21.8,75,17.2,0.0,69,0.0,16.6,360,4.065827373169213e-15,-16.6
2020-11-29 20:00:00,21.6,77,17.3,0.0,64,0.0,15.9,356,1.1091279325315977,-15.861268399131204
2020-11-29 21:00:00,21.3,78,17.4,0.0,56,0.0,15.5,5,-1.3509140125887016,-15.441017820422056
2020-11-29 22:00:00,21.0,80,17.5,0.0,50,0.0,13.7,2,-0.4781231048242632,-13.691654330161612
2020-11-29 23:00:00,21.0,80,17.5,0.0,71,0.0,13.7,360,3.355532229663748e-15,-13.7
2020-11-30 00:00:00,20.9,81,17.5,0.0,87,0.0,13.7,360,3.355532229663748e-15,-13.7
2020-11-30 01:00:00,20.9,81,17.6,0.0,77,0.0,13.3,2,-0.4641633061432629,-13.291897999353974
2020-11-30 02:00:00,20.7,82,17.6,0.0,65,0.0,11.9,2,-0.4153040107597615,-11.89275084152724
2020-11-30 03:00:00,21.2,81,17.8,0.0,69,0.0,10.8,360,2.645237086158283e-15,-10.8
2020-11-30 04:00:00,21.3,81,17.9,0.0,86,0.0,10.5,354,1.0975488643103608,-10.44247990136687
2020-11-30 05:00:00,21.4,81,18.0,0.0,84,0.0,10.9,351,1.7051356689385189,-10.765802912487
2020-11-30 06:00:00,21.5,81,18.1,0.0,90,0.0,12.5,348,2.5988961352219984,-12.22684500917257
2020-11-30 07:00:00,21.5,81,18.1,0.0,100,2.0,12.4,8,-1.7257464519048116,-12.279324052395474
2020-11-30 08:00:00,22.0,79,18.1,0.0,100,18.0,12.0,16,-3.30764826980399,-11.535140351259829
2020-11-30 09:00:00,22.6,75,17.9,0.0,100,68.0,10.9,17,-3.186851581477831,-10.423721839997087
2020-11-30 10:00:00,23.0,72,17.7,0.0,100,60.0,9.2,11,-1.755442757464212,-9.030970087718508
2020-11-30 11:00:00,23.5,70,17.6,0.0,100,66.0,8.3,355,0.7233926648055641,-8.268415994161488
2020-11-30 12:00:00,24.1,67,17.6,0.0,96,105.0,9.2,349,1.7554427574642109,-9.030970087718508
2020-11-30 13:00:00,24.5,65,17.6,0.0,91,190.0,9.6,347,2.159530121701107,-9.353952621938255
2020-11-30 14:00:00,24.4,65,17.5,0.0,82,153.0,10.2,352,1.419565629792672,-10.100734301164016
2020-11-30 15:00:00,23.9,68,17.6,0.0,67,105.0,11.3,351,1.7677094549546115,-11.160878248725057
2020-11-30 16:00:00,23.6,69,17.7,0.1,59,104.0,11.9,355,1.037153338697134,-11.854716907291772
2020-11-30 17:00:00,22.8,75,18.1,0.2,62,22.0,10.1,6,-1.0557374790033,-10.04467114321956
2020-11-30 18:00:00,22.2,80,18.5,0.2,52,0.0,6.8,25,-2.873804179836756,-6.162892951849219
2020-11-30 19:00:00,21.9,82,18.7,0.0,50,0.0,6.5,19,-2.1161930039715187,-6.14587074139556
2020-11-30 20:00:00,21.6,85,18.9,0.0,47,0.0,8.3,2,-0.2896658226307581,-8.294943864258496
2020-11-30 21:00:00,21.6,85,19.0,0.0,58,0.0,9.4,360,2.3023359823970247e-15,-9.4
2020-11-30 22:00:00,21.6,85,18.9,0.0,68,0.0,10.1,2,-0.3524849166952598,-10.093847352892867
2020-11-30 23:00:00,21.4,85,18.9,0.0,69,0.0,10.5,8,-1.4613175600806871,-10.397814721786489
2020-12-01 00:00:00,21.2,86,18.7,0.0,54,0.0,11.0,11,-2.0988989491419927,-10.797899017924305
2020-12-01 01:00:00,20.9,86,18.6,0.0,45,0.0,10.0,15,-2.5881904510252074,-9.659258262890685
2020-12-01 02:00:00,20.6,87,18.3,0.0,49,0.0,8.7,17,-2.543633831087809,-8.319851376878407
2020-12-01 03:00:00,20.8,83,17.8,0.0,38,0.0,8.8,12,-1.8296228791962823,-8.607698886457491
2020-12-01 04:00:00,20.5,84,17.7,0.0,52,0.0,9.5,11,-1.812685456077176,-9.325458242752807
2020-12-01 05:00:00,20.4,85,17.7,0.0,52,0.0,8.6,15,-2.2258437878816784,-8.306962106085987
2020-12-01 06:00:00,20.2,86,17.7,0.0,35,0.0,9.0,29,-4.363286582217033,-7.871577364254562
2020-12-01 07:00:00,20.1,87,17.8,0.0,32,4.0,6.1,45,-4.31335136523794,-4.31335136523794
2020-12-01 08:00:00,21.1,85,18.5,0.0,37,54.0,5.7,35,-3.2693856872009626,-4.669166652447253
2020-12-01 09:00:00,22.3,78,18.2,0.0,28,169.0,3.7,29,-1.7937955949114472,-3.2360929164157644
2020-12-01 10:00:00,23.2,76,18.6,0.0,22,276.0,2.2,9,-0.3441558230885079,-2.1729143493093037
2020-12-01 11:00:00,24.0,72,18.6,0.0,21,330.0,1.8,323,1.083267041673687,-1.437543918085127
2020-12-01 12:00:00,24.6,70,18.7,0.0,31,387.0,4.0,280,3.939231012048833,-0.6945927106677199
2020-12-01 13:00:00,25.0,68,18.7,0.0,36,403.0,6.0,303,5.032023407672545,-3.26783421009016
2020-12-01 14:00:00,24.9,68,18.5,0.0,53,293.0,7.2,333,3.2687315981247385,-6.415246974156248
2020-12-01 15:00:00,24.4,68,18.2,0.0,67,171.0,9.4,2,-0.3280552690035091,-9.3942737739795
2020-12-01 16:00:00,23.8,70,18.1,0.0,64,74.0,9.8,17,-2.8652427062828205,-9.371786608437748
2020-12-01 17:00:00,23.1,74,18.2,0.0,64,26.0,8.7,30,-4.349999999999999,-7.534421012924616
2020-12-01 18:00:00,22.2,79,18.4,0.0,43,0.0,7.7,49,-5.811263767715345,-5.051654523226906
2020-12-01 19:00:00,21.7,82,18.5,0.0,34,0.0,8.9,43,-6.069785404556237,-6.509047944410617
2020-12-01 20:00:00,21.4,84,18.6,0.0,30,0.0,8.2,29,-3.975438886019964,-7.171881598543044
2020-12-01 21:00:00,21.1,86,18.7,0.0,23,0.0,8.0,5,-0.6972459419812653,-7.969557584733964
2020-12-01 22:00:00,20.8,88,18.7,0.0,19,0.0,8.3,5,-0.7233926648055629,-8.268415994161488
2020-12-01 23:00:00,20.5,89,18.6,0.0,17,0.0,8.7,7,-1.060263287624783,-8.6351515192795
2020-12-02 00:00:00,20.4,89,18.5,0.0,14,0.0,9.1,9,-1.4235536318661008,-8.987963899415753
2020-12-02 01:00:00,19.8,92,18.4,0.0,14,0.0,9.3,13,-2.092044805397945,-9.06164160250269
2020-12-02 02:00:00,19.7,92,18.3,0.0,17,0.0,9.7,15,-2.510544737494451,-9.369480515003962
2020-12-02 03:00:00,20.0,89,18.2,0.0,12,0.0,10.3,12,-2.141490415422921,-10.0749202875582
2020-12-02 04:00:00,19.8,89,18.0,0.0,18,0.0,12.4,10,-2.1532374030699364,-12.21161613735138
2020-12-02 05:00:00,19.8,89,17.9,0.0,16,0.0,15.3,8,-2.1293484446890014,-15.151101451746028
2020-12-02 06:00:00,19.7,88,17.7,0.0,13,0.0,15.8,12,-3.2850047149205976,-15.454732091594131
2020-12-02 07:00:00,19.8,87,17.5,0.0,6,3.0,16.9,11,-3.224672021863607,-16.58949940026552
2020-12-02 08:00:00,20.8,81,17.4,0.0,8,61.0,17.8,7,-2.169274312611625,-17.667321499215532
2020-12-02 09:00:00,22.2,73,17.2,0.0,6,218.0,19.6,7,-2.3886391307408905,-19.45390457216991
2020-12-02 10:00:00,23.3,68,17.0,0.0,7,333.0,19.3,9,-3.019185175276456,-19.06238497348616
2020-12-02 11:00:00,24.2,64,16.9,0.0,6,452.0,18.8,7,-2.291143656016773,-18.659867650856853
2020-12-02 12:00:00,24.9,61,16.8,0.0,5,469.0,18.0,2,-0.6281909406450175,-17.989034886343724
2020-12-02 13:00:00,25.3,59,16.8,0.0,4,506.0,18.7,358,0.6526205883367654,-18.68860846525709
2020-12-02 14:00:00,25.3,60,16.8,0.0,16,384.0,20.6,354,2.1532863433136606,-20.48715104458643
2020-12-02 15:00:00,24.7,60,16.5,0.0,20,327.0,22.7,358,0.7922185751467686,-22.686171773333477
2020-12-02 16:00:00,23.8,65,16.8,0.0,20,163.0,23.1,2,-0.8061783738277725,-23.085928104141114
2020-12-02 17:00:00,22.7,70,16.9,0.0,13,42.0,20.9,2,-0.7293994810822702,-20.8872682846991
2020-12-02 18:00:00,21.7,74,17.0,0.0,29,0.0,17.5,8,-2.435529266801145,-17.329691202977482
2020-12-02 19:00:00,21.3,76,17.0,0.0,35,0.0,15.9,5,-1.3857763096877649,-15.839495699658755
2020-12-02 20:00:00,21.2,76,16.8,0.0,41,0.0,16.6,356,1.1579574641524857,-16.55956323431308
2020-12-02 21:00:00,21.2,74,16.4,0.0,49,0.0,19.1,357,0.9996167642402376,-19.07382411381236
2020-12-02 22:00:00,21.0,73,16.0,0.0,53,0.0,20.2,1,-0.3525386100331269,-20.196923442159104
2020-12-02 23:00:00,20.9,72,15.7,0.0,61,0.0,20.9,2,-0.7293994810822702,-20.8872682846991
2020-12-03 00:00:00,20.8,71,15.4,0.0,57,0.0,22.0,3,-1.1513910373447644,-21.969849764600625
2020-12-03 01:00:00,20.6,71,15.1,0.0,44,0.0,22.0,4,-1.5346424223707569,-21.94640910571613
2020-12-03 02:00:00,20.4,71,14.9,0.0,39,0.0,21.3,3,-1.1147558679747036,-21.270809090272422
2020-12-03 03:00:00,20.5,71,15.0,0.0,33,0.0,22.3,2,-0.7782587764657717,-22.28641544252584
2020-12-03 04:00:00,20.3,71,14.9,0.0,29,0.0,22.7,2,-0.792218575146772,-22.686171773333477
2020-12-03 05:00:00,20.2,71,14.7,0.0,35,0.0,24.1,2,-0.8410778705302734,-24.08531893116021
2020-12-03 06:00:00,20.1,71,14.6,0.0,76,0.0,23.1,4,-1.6113745434892943,-23.04372956100194
2020-12-03 07:00:00,20.2,70,14.5,0.0,69,2.0,23.5,4,-1.6392771329869449,-23.44275518110587
2020-12-03 08:00:00,20.7,67,14.4,0.0,72,33.0,24.5,3,-1.282230927952124,-24.466423601487055
2020-12-03 09:00:00,21.3,65,14.5,0.0,79,82.0,26.3,3,-1.376435649189423,-26.263956764045293
2020-12-03 10:00:00,22.1,62,14.4,0.0,60,204.0,27.4,2,-0.9562462096485264,-27.383308660323223
2020-12-03 11:00:00,23.0,59,14.5,0.0,59,423.0,28.5,2,-0.9946356560212776,-28.48263857004423
2020-12-03 12:00:00,23.2,58,14.6,0.0,60,400.0,28.8,3,-1.5072755397967823,-28.760530600931727
2020-12-03 13:00:00,23.5,58,14.7,0.0,74,474.0,28.1,3,-1.470640370426722,-28.061489926603524
2020-12-03 14:00:00,23.1,59,14.7,0.0,96,309.0,28.4,1,-0.4956483428188517,-28.395674542441512
2020-12-03 15:00:00,21.9,63,14.6,0.0,100,100.0,29.2,1,-0.5096102679686785,-29.195552698566622
2020-12-03 16:00:00,21.2,66,14.5,0.0,94,74.0,29.2,2,-1.0190653037130282,-29.1822121489576
2020-12-03 17:00:00,20.4,68,14.4,0.0,85,23.0,27.4,2,-0.9562462096485264,-27.383308660323223
2020-12-03 18:00:00,20.0,69,14.2,0.0,77,0.0,25.2,3,-1.3188660973221846,-25.16546427581526
2020-12-03 19:00:00,19.8,69,14.0,0.0,47,0.0,23.5,5,-2.0481599545699667,-23.41057540515602
2020-12-03 20:00:00,19.8,69,13.9,0.0,42,0.0,21.6,2,-0.753829128774021,-21.58684186361247
2020-12-03 21:00:00,19.6,69,13.9,0.0,50,0.0,21.2,360,5.1925024283847775e-15,-21.2
2020-12-03 22:00:00,19.6,69,13.8,0.0,44,0.0,20.9,2,-0.7293994810822702,-20.8872682846991
2020-12-03 23:00:00,19.5,70,13.8,0.0,46,0.0,19.8,2,-0.6910100347095192,-19.787938374978097
2020-12-04 00:00:00,19.4,70,13.8,0.0,36,0.0,19.4,1,-0.3385766848833001,-19.39704528603399
2020-12-04 01:00:00,19.3,71,13.9,0.0,49,0.0,19.8,1,-0.3455576474582135,-19.79698436409655
2020-12-04 02:00:00,19.4,71,14.0,0.0,79,0.0,20.2,3,-1.0571863161074655,-20.17231660204239
2020-12-04 03:00:00,19.5,73,14.5,0.0,77,0.0,19.1,4,-1.332348648512793,-19.053473359962645
2020-12-04 04:00:00,19.5,74,14.6,0.0,68,0.0,18.5,7,-2.2545828529952283,-18.362103805364452
2020-12-04 05:00:00,19.6,73,14.7,0.0,71,0.0,17.7,6,-1.8501537998374664,-17.60303754801844
2020-12-04 06:00:00,19.6,74,14.7,0.0,68,0.0,15.2,7,-1.8524140197582413,-15.086701504948094
2020-12-04 07:00:00,19.6,74,14.9,0.0,75,2.0,17.0,6,-1.776983875550109,-16.906872221260645
2020-12-04 08:00:00,20.4,71,15.0,0.0,75,33.0,18.8,7,-2.291143656016773,-18.659867650856853
2020-12-04 09:00:00,21.2,68,15.0,0.0,75,97.0,20.3,7,-2.4739476711244937,-20.14868687831884
2020-12-04 10:00:00,22.2,64,15.0,0.0,52,294.0,20.6,6,-2.153286343313661,-20.48715104458643
2020-12-04 11:00:00,23.2,60,15.0,0.0,54,365.0,20.2,4,-1.409080769631331,-20.15079381524845
2020-12-04 12:00:00,23.6,59,15.1,0.0,49,402.0,20.2,2,-0.7049698333905196,-20.18769470578573
2020-12-04 13:00:00,23.8,58,15.1,0.0,63,393.0,20.5,359,0.3577743319643129,-20.49687775070602
2020-12-04 14:00:00,23.2,60,15.0,0.0,55,196.0,23.4,358,0.8166482228385192,-23.38574535224684
2020-12-04 15:00:00,23.0,62,15.3,0.0,59,241.0,24.9,3,-1.3031653104493015,-24.86587541538889
2020-12-04 16:00:00,22.2,65,15.2,0.0,73,109.0,23.5,4,-1.6392771329869449,-23.44275518110587
2020-12-04 17:00:00,21.3,68,15.1,0.0,54,36.0,22.0,1,-0.3839529416202372,-21.99664929344061
2020-12-04 18:00:00,20.4,71,15.0,0.0,48,0.0,19.8,2,-0.6910100347095192,-19.787938374978097
2020-12-04 19:00:00,20.0,73,14.9,0.0,51,0.0,18.0,359,0.3141433158711041,-17.997258512815044
2020-12-04 20:00:00,19.7,74,14.9,0.0,68,0.0,16.9,360,4.139306181118054e-15,-16.9
2020-12-04 21:00:00,19.7,73,14.7,0.0,74,0.0,15.5,3,-0.8112073217656295,-15.478757788695894
2020-12-04 22:00:00,19.5,74,14.7,0.0,83,0.0,15.5,3,-0.8112073217656295,-15.478757788695894
2020-12-04 23:00:00,19.4,74,14.7,0.0,67,0.0,15.5,5,-1.3509140125887016,-15.441017820422056
2020-12-05 00:00:00,19.3,74,14.6,0.0,74,0.0,15.6,7,-1.9011617571203008,-15.483719965604624
2020-12-05 01:00:00,19.3,74,14.6,0.0,68,0.0,15.7,9,-2.4560211011316246,-15.506706947343664
2020-12-05 02:00:00,19.3,74,14.6,0.0,69,0.0,15.3,8,-2.1293484446890014,-15.151101451746028
2020-12-05 03:00:00,19.4,78,15.4,0.0,68,0.0,15.6,7,-1.9011617571203008,-15.483719965604624
2020-12-05 04:00:00,19.4,77,15.3,0.0,63,0.0,16.3,8,-2.2685215456490666,-16.141369520487597
2020-12-05 05:00:00,19.3,77,15.2,0.0,55,0.0,16.3,6,-1.7038139512627517,-16.210706894502856
2020-12-05 06:00:00,19.3,77,15.1,0.0,25,0.0,15.5,5,-1.3509140125887016,-15.441017820422056
2020-12-05 07:00:00,19.4,76,15.1,0.0,21,2.0,16.3,5,-1.4206386067868282,-16.237973578895453
2020-12-05 08:00:00,20.3,73,15.2,0.0,28,54.0,17.6,360,4.310756732998684e-15,-17.6
2020-12-05 09:00:00,21.5,67,15.0,0.0,31,165.0,19.8,360,4.849601324623519e-15,-19.8
2020-12-05 10:00:00,22.8,61,14.9,0.0,35,314.0,21.3,2,-0.7433592797632707,-21.28702461550674
2020-12-05 11:00:00,23.6,58,14.9,0.0,31,342.0,20.9,4,-1.4579103012522188,-20.849088650430325
2020-12-05 12:00:00,24.4,56,15.1,0.0,26,447.0,20.2,3,-1.0571863161074655,-20.17231660204239
2020-12-05 13:00:00,24.5,56,15.2,0.0,19,347.0,19.4,1,-0.3385766848833001,-19.39704528603399
2020-12-05 14:00:00,24.5,57,15.3,0.0,27,334.0,19.4,359,0.338576684883301,-19.39704528603399
2020-12-05 15:00:00,24.5,57,15.5,0.0,28,318.0,19.8,359,0.3455576474582145,-19.79698436409655
2020-12-05 16:00:00,23.8,60,15.5,0.0,22,156.0,20.2,360,4.9475730685553065e-15,-20.2
2020-12-05 17:00:00,22.6,64,15.5,0.0,26,44.0,18.7,359,0.3263600003772026,-18.697151899424515
2020-12-05 18:00:00,21.5,69,15.7,0.0,15,0.0,17.3,4,-1.2067869957733677,-17.257858069494958
2020-12-05 19:00:00,20.9,73,15.8,0.0,16,0.0,15.9,4,-1.1091279325315924,-15.861268399131204
2020-12-05 20:00:00,20.6,75,16.0,0.0,12,0.0,16.2,356,1.1300548746548351,-16.16053761420915
2020-12-05 21:00:00,20.4,77,16.1,0.0,9,0.0,17.0,356,1.1858600536501358,-16.958588854417012
2020-12-05 22:00:00,20.2,78,16.2,0.0,9,0.0,16.9,359,0.2949456687900921,-16.89742604814301
2020-12-05 23:00:00,19.9,80,16.3,0.0,15,0.0,17.3,359,0.3019266313650056,-17.29736512620557
2020-12-06 00:00:00,19.7,81,16.4,0.0,11,0.0,17.6,1,-0.3071623532961898,-17.59731943475249
2020-12-06 01:00:00,19.6,82,16.4,0.0,8,0.0,17.7,2,-0.6177210916342671,-17.689217638237995
2020-12-06 02:00:00,19.4,83,16.5,0.0,2,0.0,17.7,2,-0.6177210916342671,-17.689217638237995
2020-12-06 03:00:00,19.2,85,16.7,0.0,9,0.0,17.3,1,-0.3019266313650047,-17.29736512620557
2020-12-06 04:00:00,19.1,86,16.7,0.0,1,0.0,17.3,2,-0.6037612929532667,-17.289461307430358
2020-12-06 05:00:00,19.0,86,16.7,0.0,2,0.0,16.9,1,-0.2949456687900913,-16.89742604814301
2020-12-06 06:00:00,18.9,87,16.7,0.0,2,0.0,15.1,1,-0.263531337202981,-15.097700196861508
2020-12-06 07:00:00,19.0,87,16.8,0.0,4,4.0,15.5,359,0.2705122997778952,-15.497639274924063
2020-12-06 08:00:00,20.6,80,17.1,0.0,2,85.0,15.9,355,1.385776309687767,-15.839495699658755
2020-12-06 09:00:00,22.6,71,17.0,0.0,4,257.0,17.0,356,1.1858600536501358,-16.958588854417012
2020-12-06 10:00:00,24.0,64,16.8,0.0,4,404.0,16.3,355,1.4206386067868306,-16.237973578895453
2020-12-06 11:00:00,25.1,59,16.6,0.0,8,514.0,16.3,354,1.7038139512627508,-16.210706894502856
2020-12-06 12:00:00,25.5,58,16.6,0.0,12,484.0,16.7,353,2.0352180348659585,-16.575520732410077
2020-12-06 13:00:00,25.6,58,16.6,0.0,14,449.0,17.4,353,2.1205265752495617,-17.270303038559003
2020-12-06 14:00:00,25.5,58,16.6,0.0,14,311.0,18.1,355,1.5775189437326156,-18.0311240354606
2020-12-06 15:00:00,25.1,60,16.8,0.0,16,213.0,18.8,357,0.983915977367354,-18.77423525338599
2020-12-06 16:00:00,24.4,64,17.2,0.0,11,142.0,19.5,356,1.36025123801045,-19.45249898006657
2020-12-06 17:00:00,23.4,69,17.4,0.0,23,37.0,16.6,356,1.1579574641524857,-16.55956323431308
2020-12-06 18:00:00,22.4,75,17.7,0.0,22,0.0,13.7,355,1.1940336756429188,-13.647867363856914
2020-12-06 19:00:00,21.9,78,17.9,0.0,25,0.0,12.3,355,1.0720156357961974,-12.253194786528471
2020-12-06 20:00:00,21.4,81,18.1,0.0,27,0.0,12.0,351,1.8772135804827728,-11.852260087141651
2020-12-06 21:00:00,21.2,84,18.3,0.0,26,0.0,13.1,351,2.0492914920270278,-12.938717261796302
2020-12-06 22:00:00,21.0,85,18.5,0.0,33,0.0,13.4,354,1.4006814077865557,-13.326593397934865
2020-12-06 23:00:00,20.9,86,18.5,0.0,37,0.0,13.7,357,0.7170026005283379,-13.68122462613766
2020-12-07 00:00:00,20.8,87,18.5,0.0,40,0.0,13.3,360,3.25756048573196e-15,-13.3
2020-12-07 01:00:00,20.8,87,18.5,0.0,40,0.0,13.3,360,3.25756048573196e-15,-13.3
2020-12-07 02:00:00,20.8,86,18.4,0.0,53,0.0,14.0,359,0.2443336901219698,-13.997867732189478
2020-12-07 03:00:00,20.6,86,18.2,0.0,44,0.0,15.5,357,0.8112073217656377,-15.478757788695894
2020-12-07 04:00:00,20.6,86,18.2,0.0,53,0.0,17.3,359,0.3019266313650056,-17.29736512620557
2020-12-07 05:00:00,20.6,86,18.3,0.0,52,0.0,18.7,360,4.580179028811101e-15,-18.7
2020-12-07 06:00:00,20.7,86,18.3,0.0,20,0.0,18.0,3,-0.942047212372989,-17.975331625582328
2020-12-07 07:00:00,20.7,86,18.3,0.0,26,2.0,18.7,2,-0.6526205883367681,-18.68860846525709
2020-12-07 08:00:00,21.8,81,18.3,0.0,23,56.0,19.1,3,-0.9996167642402272,-19.07382411381236
2020-12-07 09:00:00,23.3,73,18.2,0.0,25,175.0,19.1,4,-1.332348648512793,-19.053473359962645
2020-12-07 10:00:00,24.2,69,18.2,0.0,20,271.0,19.1,359,0.333340962952116,-19.097090977487078
2020-12-07 11:00:00,25.4,64,18.2,0.0,20,418.0,19.9,356,1.3881538275081,-19.8515246001705
2020-12-07 12:00:00,25.8,63,18.2,0.0,17,411.0,21.3,356,1.485812890749876,-21.248114270534256
2020-12-07 13:00:00,25.9,63,18.3,0.0,18,360.0,21.6,356,1.506739832873114,-21.547383485612205
2020-12-07 14:00:00,26.0,63,18.5,0.0,25,356.0,21.6,357,1.1304566548475985,-21.5703979506988
2020-12-07 15:00:00,25.3,67,18.7,0.0,22,274.0,21.6,359,0.3769719790453249,-21.596710215378053
2020-12-07 16:00:00,24.5,70,18.7,0.0,26,123.0,20.9,360,5.119023620435936e-15,-20.9
2020-12-07 17:00:00,23.5,75,18.7,0.0,24,39.0,17.7,358,0.6177210916342646,-17.689217638237995
2020-12-07 18:00:00,22.6,79,18.8,0.0,24,0.0,14.8,360,3.624954525476166e-15,-14.8
2020-12-07 19:00:00,22.0,82,18.8,0.0,45,0.0,13.0,357,0.6803674311582768,-12.98218395180946
2020-12-07 20:00:00,21.8,84,18.9,0.2,62,0.0,13.5,351,2.1118652780431195,-13.33379259803436
2020-12-07 21:00:00,21.6,85,19.1,0.4,59,0.0,14.2,353,1.7305446763530905,-14.094155353306771
2020-12-07 22:00:00,21.3,88,19.3,0.7,50,0.0,14.3,350,2.4831689406371047,-14.082750868074577
2020-12-07 23:00:00,21.2,89,19.3,0.2,39,0.0,14.5,354,1.5156627173809745,-14.420567482839962
2020-12-08 00:00:00,21.2,90,19.4,0.7,42,0.0,14.4,357,0.7536377698983989,-14.380265300465863
2020-12-08 01:00:00,21.1,89,19.3,0.7,38,0.0,16.2,357,0.8478424911356988,-16.177798463024097
2020-12-08 02:00:00,21.1,89,19.2,0.2,43,0.0,16.6,358,0.5793316452615137,-16.58988772851699
2020-12-08 03:00:00,20.8,89,19.0,0.0,53,0.0,16.6,360,4.065827373169213e-15,-16.6
2020-12-08 04:00:00,20.7,89,18.8,0.0,58,0.0,16.6,359,0.2897099468589071,-16.597471739596095
2020-12-08 05:00:00,20.5,88,18.5,0.0,59,0.0,16.9,359,0.2949456687900921,-16.89742604814301
2020-12-08 06:00:00,20.4,88,18.4,0.0,45,0.0,16.9,1,-0.2949456687900913,-16.89742604814301
2020-12-08 07:00:00,20.5,87,18.3,0.0,47,2.0,16.6,1,-0.2897099468589063,-16.597471739596095
2020-12-08 08:00:00,21.0,85,18.3,0.0,47,42.0,17.7,356,1.2346895852710238,-17.65688368959889
2020-12-08 09:00:00,21.8,80,18.2,0.0,51,120.0,19.5,358,0.6805401856987661,-19.488121126872368
2020-12-08 10:00:00,22.8,74,18.0,0.0,50,260.0,20.9,360,5.119023620435936e-15,-20.9
2020-12-08 11:00:00,23.4,71,17.9,0.0,39,250.0,21.2,1,-0.3699910164704104,-21.19677113731549
2020-12-08 12:00:00,24.1,68,17.8,0.0,48,399.0,20.5,360,5.021051876504148e-15,-20.5
2020-12-08 13:00:00,24.1,68,17.8,0.4,38,268.0,19.8,360,4.849601324623519e-15,-19.8
2020-12-08 14:00:00,23.3,73,18.1,0.3,38,200.0,22.0,358,0.7677889274550181,-21.986598194420107
2020-12-08 15:00:00,22.2,79,18.3,0.4,61,67.0,21.6,359,0.3769719790453249,-21.596710215378053
2020-12-08 16:00:00,21.7,82,18.4,0.4,77,56.0,21.6,358,0.7538291287740179,-21.58684186361247
2020-12-08 17:00:00,21.0,84,18.2,0.6,95,13.0,22.0,358,0.7677889274550181,-21.986598194420107
2020-12-08 18:00:00,20.5,86,18.0,0.8,80,0.0,21.6,358,0.7538291287740179,-21.58684186361247
2020-12-08 19:00:00,20.3,86,17.9,0.7,72,0.0,24.2,357,1.2665301410792538,-24.166834741060686
2020-12-08 20:00:00,20.3,86,17.9,0.5,62,0.0,24.5,358,0.8550376692112702,-24.485075261967847
2020-12-08 21:00:00,20.3,86,17.8,0.3,41,0.0,24.5,359,0.4275839577134472,-24.496268531331587
2020-12-08 22:00:00,20.3,85,17.7,0.0,59,0.0,23.0,360,5.633375276077825e-15,-23.0
2020-12-08 23:00:00,20.3,84,17.6,0.2,57,0.0,21.6,357,1.1304566548475985,-21.5703979506988
2020-12-09 00:00:00,20.3,85,17.7,0.6,56,0.0,21.3,357,1.1147558679747152,-21.270809090272422
2020-12-09 01:00:00,20.2,86,17.7,0.8,50,0.0,20.5,358,0.7154396824012669,-20.487511953891463
2020-12-09 02:00:00,20.2,86,17.8,1.0,29,0.0,19.1,359,0.333340962952116,-19.097090977487078
2020-12-09 03:00:00,19.6,89,17.8,0.5,53,0.0,16.9,358,0.5898014942722639,-16.889704976622717
2020-12-09 04:00:00,19.6,90,17.8,1.4,58,0.0,15.5,357,0.8112073217656377,-15.478757788695894
2020-12-09 05:00:00,19.7,89,17.9,1.4,58,0.0,13.4,355,1.1678869528186215,-13.34900895442939
2020-12-09 06:00:00,19.7,90,18.1,1.4,82,0.0,13.2,349,2.5186787389703893,-12.957478821509165
2020-12-09 07:00:00,19.9,91,18.3,1.3,64,1.0,12.1,348,2.5157314588948942,-11.835585968879046
2020-12-09 08:00:00,20.6,89,18.7,1.1,73,41.0,14.6,351,2.283943189587374,-14.42024977268901
2020-12-09 09:00:00,21.1,87,18.9,0.9,72,61.0,15.5,359,0.2705122997778952,-15.497639274924063
2020-12-09 10:00:00,21.7,86,19.2,0.8,67,144.0,14.4,360,3.5269827815443773e-15,-14.4
2020-12-09 11:00:00,22.0,85,19.4,0.9,41,125.0,13.3,357,0.6960682180311601,-13.281772812235833
2020-12-09 12:00:00,22.2,85,19.6,1.1,74,106.0,13.3,357,0.6960682180311601,-13.281772812235833
2020-12-09 13:00:00,22.9,83,19.9,1.2,71,314.0,14.1,356,0.9835662797921716,-14.06565310866352
2020-12-09 14:00:00,22.7,85,20.0,1.3,54,84.0,14.3,348,2.973137178693966,-13.98751069049342
2020-12-09 15:00:00,23.1,84,20.2,0.6,69,125.0,14.6,350,2.535263393937184,-14.378193193978236
2020-12-09 16:00:00,22.4,88,20.4,0.6,68,35.0,13.6,349,2.595002337121008,-13.35012969488823
2020-12-09 17:00:00,21.9,91,20.3,0.9,83,12.0,13.8,353,1.681796938991032,-13.697136892650246
2020-12-09 18:00:00,21.4,93,20.2,1.1,87,0.0,12.3,345,3.1834742547610047,-11.88088766335554
2020-12-09 19:00:00,21.1,94,20.1,1.1,95,0.0,11.0,349,2.098898949141992,-10.797899017924305
2020-12-09 20:00:00,21.0,94,20.0,0.9,100,0.0,10.7,340,3.659615533584654,-10.05471104240922
2020-12-09 21:00:00,20.9,94,19.9,1.0,100,0.0,12.4,350,2.153237403069937,-12.21161613735138
2020-12-09 22:00:00,20.8,94,19.9,1.1,100,0.0,12.4,350,2.153237403069937,-12.21161613735138
2020-12-09 23:00:00,20.8,94,19.8,0.7,100,0.0,13.0,355,1.1330246557195582,-12.950531075192693
2020-12-10 00:00:00,20.8,94,19.8,0.7,100,0.0,12.3,353,1.498992923883311,-12.208317665188265
2020-12-10 01:00:00,20.7,94,19.7,0.4,100,0.0,12.6,357,0.659433048661099,-12.58273213790763
2020-12-10 02:00:00,20.7,94,19.6,0.6,100,0.0,10.8,358,0.3769145643870089,-10.793420931806237
2020-12-10 03:00:00,20.9,91,19.4,0.1,100,0.0,10.9,354,1.1393602496174222,-10.84028865951418
2020-12-10 04:00:00,20.9,92,19.5,0.2,100,0.0,11.9,355,1.037153338697134,-11.854716907291772
2020-12-10 05:00:00,20.9,93,19.7,0.2,100,0.0,13.0,357,0.6803674311582768,-12.98218395180946
2020-12-10 06:00:00,21.0,92,19.7,0.2,100,0.0,14.1,357,0.7379369830255156,-14.080676440039491
2020-12-10 07:00:00,21.0,92,19.7,0.2,83,1.0,14.1,357,0.7379369830255156,-14.080676440039491
2020-12-10 08:00:00,21.6,91,20.1,0.5,87,33.0,15.2,353,1.8524140197582375,-15.086701504948095
2020-12-10 09:00:00,22.4,88,20.3,0.2,81,115.0,17.1,352,2.3798600264171266,-16.933583975480854
2020-12-10 10:00:00,23.2,85,20.5,0.4,81,239.0,17.7,356,1.2346895852710238,-17.65688368959889
2020-12-10 11:00:00,23.8,82,20.4,0.4,89,263.0,15.8,360,3.869883885305636e-15,-15.8
2020-12-10 12:00:00,24.0,81,20.5,0.4,100,246.0,13.0,3,-0.6803674311582698,-12.98218395180946
2020-12-10 13:00:00,24.3,79,20.3,0.2,96,213.0,12.2,358,0.42577385977051,-12.192568089632967
2020-12-10 14:00:00,24.3,79,20.5,0.4,54,159.0,12.6,358,0.4397336584515103,-12.592324420440606
2020-12-10 15:00:00,24.3,81,20.9,0.2,49,185.0,13.8,351,2.158795617555189,-13.6300991002129
2020-12-10 16:00:00,23.9,83,20.8,0.3,59,113.0,15.1,348,3.139466531348174,-14.770028771080463
2020-12-10 17:00:00,23.0,87,20.6,0.3,63,27.0,15.5,355,1.350914012588704,-15.441017820422056
2020-12-10 18:00:00,22.2,89,20.3,0.4,40,0.0,14.4,359,0.2513146526968833,-14.397806810252035
2020-12-10 19:00:00,21.9,89,20.1,0.0,30,0.0,14.1,354,1.473851332073913,-14.022758724692652
2020-12-10 20:00:00,21.7,90,20.0,0.0,33,0.0,14.2,353,1.7305446763530905,-14.094155353306771
2020-12-10 21:00:00,21.6,90,19.9,0.0,27,0.0,13.4,355,1.1678869528186215,-13.34900895442939
2020-12-10 22:00:00,21.4,91,19.9,0.0,18,0.0,13.0,355,1.1330246557195582,-12.950531075192693
2020-12-10 23:00:00,21.2,92,19.9,0.1,16,0.0,12.3,353,1.498992923883311,-12.208317665188265
2020-12-11 00:00:00,21.1,92,19.8,0.0,16,0.0,11.4,349,2.175222547292609,-11.19054989130337
2020-12-11 01:00:00,20.9,93,19.7,0.0,26,0.0,12.6,347,2.834383284732703,-12.277062816293965
2020-12-11 02:00:00,21.0,93,19.7,0.0,25,0.0,13.4,352,1.8649195528648828,-13.26959212113704
2020-12-11 03:00:00,20.6,95,19.7,0.0,18,0.0,14.0,359,0.2443336901219698,-13.997867732189478
2020-12-11 04:00:00,20.4,95,19.6,0.0,25,0.0,13.3,358,0.4641633061432609,-13.291897999353974
2020-12-11 05:00:00,20.4,95,19.6,0.0,50,0.0,13.3,357,0.6960682180311601,-13.281772812235833
2020-12-11 06:00:00,20.4,95,19.6,0.0,36,0.0,12.3,355,1.0720156357961974,-12.253194786528471
2020-12-11 07:00:00,20.5,94,19.5,0.0,32,1.0,10.1,354,1.0557374790032994,-10.04467114321956
2020-12-11 08:00:00,21.5,92,20.1,0.0,23,55.0,10.7,348,2.2246550917500305,-10.46617932785172
2020-12-11 09:00:00,22.7,86,20.2,0.1,26,154.0,12.1,348,2.5157314588948942,-11.835585968879046
2020-12-11 10:00:00,23.4,83,20.3,0.2,24,243.0,12.5,348,2.5988961352219984,-12.22684500917257
2020-12-11 11:00:00,24.2,80,20.4,0.0,21,347.0,12.4,350,2.153237403069937,-12.21161613735138
2020-12-11 12:00:00,24.8,75,20.2,0.0,25,441.0,11.7,349,2.2324652459055723,-11.485038046337667
2020-12-11 13:00:00,25.1,73,19.9,0.0,25,360.0,13.6,348,2.827598995121534,-13.302807369979757
2020-12-11 14:00:00,25.1,72,19.7,0.0,31,252.0,15.7,349,2.995701227411751,-15.411546780128324
2020-12-11 15:00:00,24.7,75,20.0,0.0,42,237.0,16.2,356,1.1300548746548351,-16.16053761420915
2020-12-11 16:00:00,24.2,77,19.9,0.0,52,80.0,14.8,4,-1.0323958114130545,-14.763947943845398
2020-12-11 17:00:00,23.6,80,19.9,0.0,66,23.0,11.9,5,-1.037153338697132,-11.854716907291772
2020-12-11 18:00:00,22.9,83,19.9,0.0,60,0.0,13.3,358,0.4641633061432609,-13.291897999353974
2020-12-11 19:00:00,22.6,84,19.9,0.0,61,0.0,15.3,352,2.129348444689008,-15.151101451746026
2020-12-11 20:00:00,22.4,85,19.7,0.0,61,0.0,16.4,351,2.5655252266597897,-16.198088785760255
2020-12-11 21:00:00,22.3,84,19.5,0.0,51,0.0,16.8,351,2.6280990126758823,-16.593164121998313
2020-12-11 22:00:00,22.0,85,19.3,0.0,30,0.0,17.1,353,2.0839657722280176,-16.97253919306661
2020-12-11 23:00:00,21.7,86,19.2,0.0,19,0.0,16.3,355,1.4206386067868306,-16.237973578895453
2020-12-12 00:00:00,21.3,87,19.1,0.0,22,0.0,15.5,357,0.8112073217656377,-15.478757788695894
2020-12-12 01:00:00,21.1,88,19.0,0.0,59,0.0,15.5,359,0.2705122997778952,-15.497639274924063
2020-12-12 02:00:00,20.9,88,18.9,0.0,50,0.0,15.8,1,-0.2757480217090794,-15.797593583470984
2020-12-12 03:00:00,20.7,88,18.7,0.0,45,0.0,14.8,3,-0.7745721523955688,-14.779717114367694
2020-12-12 04:00:00,20.8,88,18.6,0.0,53,0.0,14.4,360,3.5269827815443773e-15,-14.4
2020-12-12 05:00:00,20.7,88,18.6,0.0,53,0.0,15.9,355,1.385776309687767,-15.839495699658755
2020-12-12 06:00:00,20.6,89,18.7,0.0,53,0.0,15.7,351,2.456021101131628,-15.50670694734366
2020-12-12 07:00:00,20.5,89,18.7,0.0,52,2.0,15.6,352,2.171100374977028,-15.448181872368496
2020-12-12 08:00:00,21.3,85,18.7,0.0,51,53.0,16.3,355,1.4206386067868306,-16.237973578895453
2020-12-12 09:00:00,22.3,80,18.7,0.0,46,161.0,16.9,360,4.139306181118054e-15,-16.9
2020-12-12 10:00:00,23.2,76,18.6,0.0,34,223.0,14.1,3,-0.737936983025508,-14.080676440039491
2020-12-12 11:00:00,23.9,72,18.6,0.0,14,243.0,9.5,349,1.8126854560771744,-9.325458242752807
2020-12-12 12:00:00,24.5,70,18.6,0.0,3,333.0,10.3,324,6.054188098612476,-8.332875042061959
2020-12-12 13:00:00,24.9,68,18.6,0.0,3,433.0,13.7,325,7.857997178009336,-11.222383006759184
2020-12-12 14:00:00,24.9,68,18.6,0.0,1,427.0,15.0,339,5.375519243179512,-14.003706397458023
2020-12-12 15:00:00,24.0,72,18.6,0.0,2,322.0,14.6,350,2.535263393937184,-14.378193193978236
2020-12-12 16:00:00,23.4,73,18.2,0.0,12,167.0,13.7,355,1.1940336756429188,-13.647867363856914
2020-12-12 17:00:00,22.5,76,18.1,0.0,14,38.0,11.6,355,1.0110066158728364,-11.555858497864248
2020-12-12 18:00:00,21.4,80,17.9,0.0,14,0.0,12.3,357,0.6437322617882157,-12.283143277481258
2020-12-12 19:00:00,20.8,82,17.7,0.0,23,0.0,12.6,358,0.4397336584515103,-12.592324420440606
2020-12-12 20:00:00,20.3,84,17.5,0.0,29,0.0,11.9,360,2.9146593819707008e-15,-11.9
2020-12-12 21:00:00,20.1,84,17.4,0.0,40,0.0,10.8,360,2.645237086158283e-15,-10.8
2020-12-12 22:00:00,19.8,86,17.4,0.0,39,0.0,8.3,2,-0.2896658226307581,-8.294943864258496
2020-12-12 23:00:00,19.7,87,17.4,0.0,40,0.0,6.8,360,1.6655196468404002e-15,-6.8
2020-12-13 00:00:00,19.7,87,17.5,0.0,41,0.0,7.2,354,0.7526049355271046,-7.160557646651568
2020-12-13 01:00:00,19.7,87,17.5,0.0,50,0.0,7.3,349,1.392905666248776,-7.165878439167947
2020-12-13 02:00:00,19.6,87,17.4,0.0,89,0.0,7.3,349,1.392905666248776,-7.165878439167947
2020-12-13 03:00:00,19.5,87,17.3,0.0,87,0.0,9.4,356,0.655710853194781,-9.377102072442348
2020-12-13 04:00:00,19.4,87,17.2,0.0,67,0.0,10.8,358,0.3769145643870089,-10.793420931806237
2020-12-13 05:00:00,19.3,87,17.1,0.0,59,0.0,10.8,360,2.645237086158283e-15,-10.8
2020-12-13 06:00:00,19.3,87,17.0,0.0,44,0.0,11.5,2,-0.4013442120787611,-11.4929945107196
2020-12-13 07:00:00,19.2,88,17.1,0.0,33,2.0,10.9,6,-1.1393602496174229,-10.84028865951418
2020-12-13 08:00:00,20.1,86,17.7,0.0,24,65.0,11.2,360,2.743208830090071e-15,-11.2
2020-12-13 09:00:00,21.6,80,18.0,0.0,9,215.0,11.2,358,0.3908743630680092,-11.193177262613872
2020-12-13 10:00:00,23.0,73,17.9,0.0,3,387.0,9.4,4,-0.6557108531947778,-9.377102072442348
2020-12-13 11:00:00,24.0,69,18.0,0.0,2,509.0,7.6,3,-0.3977532674463731,-7.589584464134761
2020-12-13 12:00:00,24.7,67,18.1,0.0,0,573.0,10.1,343,2.952954217699645,-9.658678035226655
2020-12-13 13:00:00,25.0,66,18.1,0.0,1,570.0,12.2,346,2.951447126315948,-11.837607860567156
2020-12-13 14:00:00,25.0,66,18.1,0.0,0,473.0,12.0,351,1.8772135804827728,-11.852260087141651
2020-12-13 15:00:00,25.0,64,17.8,0.0,1,364.0,13.1,352,1.823167622576863,-12.97251170051457
2020-12-13 16:00:00,24.3,68,17.9,0.0,0,199.0,14.9,353,1.8158532167366936,-14.7889376594557
2020-12-13 17:00:00,22.9,74,18.1,0.0,0,51.0,13.0,355,1.1330246557195582,-12.950531075192693
2020-12-13 18:00:00,21.5,80,18.0,0.0,0,0.0,13.0,360,3.1840816777831178e-15,-13.0
2020-12-13 19:00:00,20.6,84,17.8,0.0,0,0.0,11.2,6,-1.1707187885977188,-11.13864522812466
2020-12-13 20:00:00,20.1,86,17.6,0.0,0,0.0,9.4,7,-1.1455718280083864,-9.329933825428428
2020-12-13 21:00:00,19.7,87,17.5,0.0,0,0.0,8.4,7,-1.0237024846032388,-8.337387673787106
2020-12-13 22:00:00,19.5,88,17.4,0.0,5,0.0,8.0,5,-0.6972459419812653,-7.969557584733964
2020-12-13 23:00:00,19.3,89,17.4,0.0,13,0.0,8.7,5,-0.7582549619046259,-8.666893873398186
2020-12-14 00:00:00,19.2,90,17.5,0.0,17,0.0,9.0,2,-0.3140954703225087,-8.994517443171862
2020-12-14 01:00:00,18.8,92,17.5,0.0,25,0.0,6.2,353,0.7555899291119128,-6.153786140176197
2020-12-14 02:00:00,18.8,92,17.5,0.0,31,0.0,7.6,341,2.474317973874391,-7.185941174554808
2020-12-14 03:00:00,19.0,91,17.5,0.0,26,0.0,7.8,347,1.7546182238821495,-7.600086505324834
2020-12-14 04:00:00,19.3,91,17.8,0.0,41,0.0,11.3,353,1.3771235804781636,-11.21577151354694
2020-12-14 05:00:00,19.4,91,17.9,0.1,62,0.0,13.7,358,0.4781231048242612,-13.691654330161612
2020-12-14 06:00:00,19.3,91,17.9,0.2,59,0.0,13.3,358,0.4641633061432609,-13.291897999353974
2020-12-14 07:00:00,19.5,91,18.0,0.0,81,1.0,14.8,3,-0.7745721523955688,-14.779717114367694
2020-12-14 08:00:00,20.1,89,18.3,0.0,100,59.0,17.0,5,-1.4816476267101888,-16.935309867559674
2020-12-14 09:00:00,21.1,80,17.4,0.0,78,186.0,18.9,9,-2.956611389260363,-18.667309637248103
2020-12-14 10:00:00,21.9,72,16.7,0.0,63,310.0,18.4,6,-1.923323724124824,-18.299202874776228
2020-12-14 11:00:00,22.6,68,16.4,0.0,45,447.0,19.8,1,-0.3455576474582135,-19.79698436409655
2020-12-14 12:00:00,22.8,66,16.2,0.0,48,447.0,20.2,3,-1.0571863161074655,-20.17231660204239
2020-12-14 13:00:00,22.9,65,16.0,0.0,43,408.0,18.0,2,-0.6281909406450175,-17.989034886343724
2020-12-14 14:00:00,22.8,66,16.0,0.0,47,344.0,16.2,359,0.2827289842839937,-16.197532661533536
2020-12-14 15:00:00,22.6,67,16.1,0.0,41,316.0,17.4,354,1.8187952608571691,-17.304680979407955
2020-12-14 16:00:00,21.9,69,15.8,0.0,33,173.0,20.6,356,1.4369833591289882,-20.54981943535238
2020-12-14 17:00:00,20.6,73,15.6,0.0,39,45.0,21.2,359,0.3699910164704114,-21.19677113731549
2020-12-14 18:00:00,19.6,76,15.2,0.0,29,0.0,20.6,356,1.4369833591289882,-20.54981943535238
2020-12-14 19:00:00,19.1,77,15.1,0.0,33,0.0,20.6,356,1.4369833591289882,-20.54981943535238
2020-12-14 20:00:00,18.8,78,15.0,0.0,42,0.0,20.9,356,1.4579103012522256,-20.849088650430325
2020-12-14 21:00:00,18.6,79,14.9,0.0,58,0.0,22.3,357,1.1670918242176596,-22.269438625027
2020-12-14 22:00:00,18.5,79,14.7,0.0,69,0.0,22.7,359,0.3961696261263368,-22.69654268005008
2020-12-14 23:00:00,18.2,79,14.5,0.0,70,0.0,22.7,358,0.7922185751467686,-22.686171773333477
2020-12-15 00:00:00,18.1,79,14.4,0.0,73,0.0,23.4,358,0.8166482228385192,-23.38574535224684
2020-12-15 01:00:00,18.2,78,14.3,0.0,72,0.0,23.0,359,0.4014053480575218,-22.996496988597
2020-12-15 02:00:00,18.0,79,14.2,0.0,70,0.0,22.3,358,0.7782587764657684,-22.28641544252584
2020-12-15 03:00:00,17.8,79,14.1,0.0,65,0.0,23.1,356,1.6113745434893023,-23.04372956100194
2020-12-15 04:00:00,17.8,79,14.1,0.0,55,0.0,24.1,357,1.2612965454549594,-24.06697178758523
2020-12-15 05:00:00,17.7,79,14.0,0.0,51,0.0,23.0,360,5.633375276077825e-15,-23.0
2020-12-15 06:00:00,17.6,79,14.0,0.0,62,0.0,20.2,357,1.0571863161074762,-20.17231660204239
2020-12-15 07:00:00,17.6,80,14.1,0.0,51,2.0,19.2,354,2.006946494738945,-19.094820391070847
2020-12-15 08:00:00,18.4,77,14.3,0.0,68,69.0,21.0,353,2.559256211508092,-20.843469184467764
2020-12-15 09:00:00,19.4,73,14.5,0.0,70,172.0,22.4,356,1.562545011868414,-22.34543472582006
2020-12-15 10:00:00,20.2,70,14.6,0.0,74,329.0,22.3,358,0.7782587764657684,-22.28641544252584
2020-12-15 11:00:00,20.9,68,14.7,0.0,75,402.0,20.9,357,1.0938214854775372,-20.871357276370592
2020-12-15 12:00:00,21.6,66,15.0,0.0,76,483.0,18.8,355,1.6385279636559764,-18.728460324124818
2020-12-15 13:00:00,21.7,67,15.2,0.0,71,414.0,16.0,351,2.502951440643697,-15.803013449522204
2020-12-15 14:00:00,21.8,67,15.4,0.0,68,397.0,15.7,344,4.327506486326883,-15.091808626231606
2020-12-15 15:00:00,21.4,68,15.4,0.0,61,275.0,18.3,345,4.736388525376129,-17.67644262108995
2020-12-15 16:00:00,20.5,71,15.1,0.0,62,143.0,20.8,351,3.253836872836807,-20.543917484378863
2020-12-15 17:00:00,19.6,75,14.9,0.0,54,39.0,20.2,357,1.0571863161074762,-20.17231660204239
2020-12-15 18:00:00,18.7,78,14.7,0.0,41,0.0,19.5,358,0.6805401856987661,-19.488121126872368
2020-12-15 19:00:00,18.2,79,14.6,0.0,62,0.0,19.8,358,0.6910100347095163,-19.787938374978097
2020-12-15 20:00:00,18.0,80,14.5,0.0,59,0.0,20.5,357,1.0728871029803595,-20.471905462468765
2020-12-15 21:00:00,18.0,80,14.4,0.0,55,0.0,20.5,358,0.7154396824012669,-20.487511953891463
2020-12-15 22:00:00,18.1,79,14.4,0.0,52,0.0,18.7,358,0.6526205883367654,-18.68860846525709
2020-12-15 23:00:00,18.0,79,14.4,0.0,50,0.0,17.0,355,1.4816476267101917,-16.935309867559674
2020-12-16 00:00:00,17.9,79,14.3,0.0,50,0.0,15.7,351,2.456021101131628,-15.50670694734366
2020-12-16 01:00:00,17.9,80,14.4,0.0,53,0.0,16.0,351,2.502951440643697,-15.803013449522204
2020-12-16 02:00:00,18.0,79,14.4,0.0,59,0.0,17.3,355,1.507794349534489,-17.234168276987198
2020-12-16 03:00:00,18.1,83,15.2,0.0,69,0.0,18.0,358,0.6281909406450148,-17.989034886343724
2020-12-16 04:00:00,17.9,84,15.1,0.0,68,0.0,18.0,358,0.6281909406450148,-17.989034886343724
2020-12-16 05:00:00,17.9,83,15.1,0.0,65,0.0,17.3,356,1.2067869957733734,-17.257858069494958
2020-12-16 06:00:00,17.8,84,15.1,0.0,44,0.0,15.9,355,1.385776309687767,-15.839495699658755
2020-12-16 07:00:00,17.7,85,15.1,0.0,27,1.0,17.8,353,2.1692743126116207,-17.667321499215532
2020-12-16 08:00:00,18.4,82,15.2,0.0,27,61.0,19.9,354,2.080116419026303,-19.79098571782864
2020-12-16 09:00:00,19.4,76,15.2,0.0,21,206.0,21.6,357,1.1304566548475985,-21.5703979506988
2020-12-16 10:00:00,20.6,71,15.2,0.0,25,390.0,20.5,360,5.021051876504148e-15,-20.5
2020-12-16 11:00:00,21.5,68,15.3,0.0,16,466.0,17.7,356,1.2346895852710238,-17.65688368959889
2020-12-16 12:00:00,22.0,67,15.5,0.0,23,556.0,16.9,349,3.2246720218636047,-16.58949940026552
2020-12-16 13:00:00,22.2,66,15.5,0.0,29,512.0,16.9,349,3.2246720218636047,-16.58949940026552
2020-12-16 14:00:00,22.0,66,15.4,0.0,34,407.0,18.2,352,2.532950437473199,-18.02287885109658
2020-12-16 15:00:00,21.4,68,15.2,0.0,32,211.0,18.8,357,0.983915977367354,-18.77423525338599
2020-12-16 16:00:00,20.9,69,14.9,0.0,39,138.0,18.4,358,0.6421507393260151,-18.38879121715136
2020-12-16 17:00:00,20.0,72,14.9,0.0,44,35.0,17.0,356,1.1858600536501358,-16.958588854417012
2020-12-16 18:00:00,19.1,76,14.9,0.0,42,0.0,16.2,357,0.8478424911356988,-16.177798463024097
2020-12-16 19:00:00,18.6,79,14.9,0.0,39,0.0,17.0,356,1.1858600536501358,-16.958588854417012
2020-12-16 20:00:00,18.3,80,14.8,0.0,40,0.0,18.1,355,1.5775189437326156,-18.0311240354606
2020-12-16 21:00:00,18.2,80,14.7,0.0,45,0.0,17.7,356,1.2346895852710238,-17.65688368959889
2020-12-16 22:00:00,18.1,80,14.6,0.0,51,0.0,16.3,355,1.4206386067868306,-16.237973578895453
2020-12-16 23:00:00,17.9,81,14.6,0.0,41,0.0,15.6,353,1.9011617571202968,-15.483719965604624
2020-12-17 00:00:00,17.8,81,14.5,0.0,43,0.0,16.3,354,1.7038139512627508,-16.210706894502856
2020-12-17 01:00:00,17.8,81,14.5,0.0,54,0.0,16.2,356,1.1300548746548351,-16.16053761420915
2020-12-17 02:00:00,17.8,81,14.5,0.0,47,0.0,16.2,359,0.2827289842839937,-16.197532661533536
2020-12-17 03:00:00,17.8,81,14.5,0.0,61,0.0,15.5,360,3.796405077356795e-15,-15.5
2020-12-17 04:00:00,17.8,81,14.4,0.0,59,0.0,15.8,360,3.869883885305636e-15,-15.8
2020-12-17 05:00:00,17.7,81,14.4,0.0,42,0.0,16.2,360,3.967855629237425e-15,-16.2
2020-12-17 06:00:00,17.6,82,14.4,0.0,38,0.0,13.7,357,0.7170026005283379,-13.68122462613766
2020-12-17 07:00:00,17.6,82,14.5,0.0,44,1.0,14.1,356,0.9835662797921716,-14.06565310866352
2020-12-17 08:00:00,18.2,80,14.8,0.0,44,36.0,16.3,354,1.7038139512627508,-16.210706894502856
2020-12-17 09:00:00,19.7,74,14.9,0.0,34,166.0,17.3,356,1.2067869957733734,-17.257858069494958
2020-12-17 10:00:00,20.9,69,15.0,0.0,27,308.0,16.6,356,1.1579574641524857,-16.55956323431308
2020-12-17 11:00:00,21.7,66,15.2,0.0,24,430.0,16.8,351,2.6280990126758823,-16.593164121998313
2020-12-17 12:00:00,22.3,65,15.3,0.0,20,543.0,17.9,351,2.8001769242201364,-17.679621296652964
2020-12-17 13:00:00,22.4,64,15.3,0.0,16,439.0,17.9,351,2.8001769242201364,-17.679621296652964
2020-12-17 14:00:00,22.3,65,15.3,0.0,16,364.0,17.2,350,2.986748655871202,-16.938693351809977
2020-12-17 15:00:00,22.3,65,15.4,0.0,12,330.0,16.5,350,2.8651949315043512,-16.249327924701433
2020-12-17 16:00:00,21.8,67,15.3,0.0,14,170.0,16.5,349,3.148348423712987,-16.196848526886455
2020-12-17 17:00:00,20.8,71,15.3,0.0,14,38.0,14.7,349,2.8048922320352063,-14.42991959668066
2020-12-17 18:00:00,19.8,75,15.3,0.0,32,0.0,13.8,353,1.681796938991032,-13.697136892650246
2020-12-17 19:00:00,19.4,78,15.4,0.0,47,0.0,14.1,356,0.9835662797921716,-14.06565310866352
2020-12-17 20:00:00,19.1,79,15.4,0.0,52,0.0,13.3,357,0.6960682180311601,-13.281772812235833
2020-12-17 21:00:00,19.1,80,15.5,0.0,48,0.0,13.0,354,1.3588700224794945,-12.928784639787551
2020-12-17 22:00:00,19.0,81,15.6,0.0,46,0.0,12.4,350,2.153237403069937,-12.21161613735138
2020-12-17 23:00:00,18.8,82,15.7,0.0,53,0.0,12.1,348,2.5157314588948942,-11.835585968879046
2020-12-18 00:00:00,18.8,83,15.8,0.0,41,0.0,12.4,352,1.725746451904817,-12.279324052395472
2020-12-18 01:00:00,18.9,82,15.9,0.0,37,0.0,12.7,353,1.5477406612453697,-12.60533612584479
2020-12-18 02:00:00,18.9,83,16.0,0.0,54,0.0,13.8,354,1.442492793093617,-13.724402156082173
2020-12-18 03:00:00,18.9,84,16.1,0.0,62,0.0,14.5,354,1.5156627173809745,-14.420567482839962
2020-12-18 04:00:00,18.9,84,16.1,0.0,42,0.0,15.6,353,1.9011617571202968,-15.483719965604624
2020-12-18 05:00:00,18.7,86,16.3,0.0,57,0.0,17.0,354,1.776983875550108,-16.906872221260645
2020-12-18 06:00:00,18.8,87,16.5,0.0,43,0.0,15.5,355,1.350914012588704,-15.441017820422056
2020-12-18 07:00:00,18.7,88,16.7,0.0,53,1.0,15.9,355,1.385776309687767,-15.839495699658755
2020-12-18 08:00:00,19.5,85,17.0,0.0,29,45.0,17.9,351,2.8001769242201364,-17.679621296652964
2020-12-18 09:00:00,20.6,80,17.1,0.0,18,143.0,19.6,354,2.048757880046007,-19.49262914921816
2020-12-18 10:00:00,21.6,76,17.1,0.0,20,271.0,19.2,354,2.006946494738945,-19.094820391070847
2020-12-18 11:00:00,22.0,74,17.2,0.0,37,258.0,19.4,349,3.701694510304966,-19.04356735888468
2020-12-18 12:00:00,22.1,73,17.1,0.0,45,239.0,21.9,351,3.4259147843810607,-21.630374659033517
2020-12-18 13:00:00,22.1,73,17.0,0.0,56,254.0,23.5,356,1.6392771329869524,-23.44275518110587
2020-12-18 14:00:00,22.1,72,16.8,0.0,60,281.0,23.8,358,0.8306080215195196,-23.78550168305448
2020-12-18 15:00:00,22.1,73,17.1,0.0,51,187.0,23.4,356,1.6323014856125395,-23.342998776079884
2020-12-18 16:00:00,21.6,75,16.9,0.0,47,111.0,23.5,355,2.0481599545699707,-23.41057540515602
2020-12-18 17:00:00,20.8,78,16.8,0.0,55,32.0,24.2,357,1.2665301410792538,-24.166834741060686
2020-12-18 18:00:00,19.9,82,16.8,0.0,63,0.0,23.8,357,1.245595758582076,-23.76738292715886
2020-12-18 19:00:00,19.4,85,16.8,0.0,81,0.0,23.8,358,0.8306080215195196,-23.78550168305448
2020-12-18 20:00:00,19.2,85,16.7,0.0,78,0.0,24.1,357,1.2612965454549594,-24.06697178758523
2020-12-18 21:00:00,19.2,84,16.4,0.0,56,0.0,24.9,358,0.8689974678922705,-24.884831592775484
2020-12-18 22:00:00,19.0,84,16.2,0.0,59,0.0,24.5,359,0.4275839577134472,-24.496268531331587
2020-12-18 23:00:00,18.8,86,16.4,0.0,50,0.0,23.8,358,0.8306080215195196,-23.78550168305448
2020-12-19 00:00:00,18.7,86,16.3,0.0,30,0.0,23.4,358,0.8166482228385192,-23.38574535224684
2020-12-19 01:00:00,18.6,85,16.1,0.0,31,0.0,23.0,359,0.4014053480575218,-22.996496988597
2020-12-19 02:00:00,18.5,86,16.1,0.0,26,0.0,24.1,359,0.4206029951385338,-24.096329453269032
2020-12-19 03:00:00,18.5,86,16.1,0.0,50,0.0,25.2,359,0.4398006422195457,-25.19616191794106
2020-12-19 04:00:00,18.4,86,16.1,0.0,62,0.0,27.0,359,0.4712149738066561,-26.995887769222563
2020-12-19 05:00:00,18.4,85,15.9,0.0,61,0.0,27.4,359,0.4781959363815695,-27.39582684728512
2020-12-19 06:00:00,18.2,84,15.5,0.0,56,0.0,25.9,360,6.343670419583289e-15,-25.9
2020-12-19 07:00:00,18.0,83,15.1,0.0,52,1.0,27.0,1,-0.4712149738066548,-26.995887769222563
2020-12-19 08:00:00,18.6,78,14.8,0.0,47,56.0,27.4,359,0.4781959363815695,-27.39582684728512
2020-12-19 09:00:00,19.6,73,14.7,0.0,38,192.0,29.5,359,0.5148459898998651,-29.49550700711354
2020-12-19 10:00:00,20.5,69,14.7,0.0,45,326.0,29.9,360,7.323387858901172e-15,-29.9
2020-12-19 11:00:00,21.3,66,14.7,0.0,28,468.0,28.4,1,-0.4956483428188517,-28.395674542441512
2020-12-19 12:00:00,21.8,64,14.8,0.0,38,517.0,27.7,359,0.4834316583127546,-27.69578115583204
2020-12-19 13:00:00,21.9,64,14.8,0.0,42,514.0,27.0,360,6.613092715395708e-15,-27.0
2020-12-19 14:00:00,21.6,65,14.7,0.0,52,397.0,25.9,358,0.9038969645947712,-25.88422241979458
2020-12-19 15:00:00,21.3,65,14.5,0.0,48,333.0,26.7,358,0.931816561956772,-26.683735081409857
2020-12-19 16:00:00,20.3,68,14.2,0.0,38,184.0,26.7,357,1.3973700316866149,-26.66340857794712
2020-12-19 17:00:00,19.2,71,13.8,0.0,53,51.0,25.6,358,0.8934271155840211,-25.584405171688854
2020-12-19 18:00:00,18.4,73,13.5,0.0,25,0.0,24.8,359,0.4328196796446323,-24.796222839878503
2020-12-19 19:00:00,18.1,74,13.4,0.0,51,0.0,22.7,359,0.3961696261263368,-22.69654268005008
2020-12-19 20:00:00,17.9,75,13.4,0.0,63,0.0,21.6,356,1.506739832873114,-21.547383485612205
2020-12-19 21:00:00,17.8,76,13.5,0.0,69,0.0,22.0,355,1.917426340448483,-21.9162833580184
2020-12-19 22:00:00,17.8,76,13.5,0.0,61,0.0,21.6,356,1.506739832873114,-21.547383485612205
2020-12-19 23:00:00,17.7,76,13.5,0.0,92,0.0,20.9,357,1.0938214854775372,-20.871357276370592
2020-12-20 00:00:00,17.7,77,13.6,0.0,100,0.0,19.8,357,1.0362519336102984,-19.772864788140563
2020-12-20 01:00:00,17.7,78,13.7,0.0,100,0.0,19.1,356,1.3323486485127998,-19.053473359962645
2020-12-20 02:00:00,17.7,78,13.8,0.0,100,0.0,19.1,357,0.9996167642402376,-19.07382411381236
2020-12-20 03:00:00,18.0,78,14.0,0.0,100,0.0,19.1,358,0.6665803870177658,-19.08836479606473
2020-12-20 04:00:00,17.9,78,14.1,0.0,100,0.0,19.5,358,0.6805401856987661,-19.488121126872368
2020-12-20 05:00:00,17.8,80,14.3,0.0,100,0.0,19.4,360,4.75162958069173e-15,-19.4
2020-12-20 06:00:00,17.9,80,14.4,0.0,100,0.0,17.3,2,-0.6037612929532667,-17.289461307430358
2020-12-20 07:00:00,17.8,81,14.5,0.0,100,0.0,16.9,360,4.139306181118054e-15,-16.9
2020-12-20 08:00:00,18.5,79,14.7,0.0,100,48.0,18.7,358,0.6526205883367654,-18.68860846525709
2020-12-20 09:00:00,19.3,75,14.7,0.0,100,130.0,20.9,358,0.7293994810822672,-20.8872682846991
2020-12-20 10:00:00,20.3,71,14.9,0.0,88,298.0,20.2,359,0.3525386100331279,-20.196923442159104
2020-12-20 11:00:00,21.4,67,15.1,0.0,74,436.0,19.9,356,1.3881538275081,-19.8515246001705
2020-12-20 12:00:00,21.9,66,15.2,0.0,71,487.0,21.3,356,1.485812890749876,-21.248114270534256
2020-12-20 13:00:00,22.1,65,15.3,0.0,72,478.0,23.1,356,1.6113745434893023,-23.04372956100194
2020-12-20 14:00:00,21.7,66,15.1,0.0,71,322.0,23.8,357,1.245595758582076,-23.76738292715886
2020-12-20 15:00:00,21.3,67,14.9,0.0,88,133.0,23.1,358,0.806178373827769,-23.085928104141114
2020-12-20 16:00:00,20.4,70,14.8,0.0,91,44.0,22.0,357,1.1513910373447762,-21.969849764600625
2020-12-20 17:00:00,19.7,73,14.6,0.0,100,24.0,21.3,357,1.1147558679747152,-21.270809090272422
2020-12-20 18:00:00,19.1,75,14.5,0.0,95,0.0,19.8,357,1.0362519336102984,-19.772864788140563
2020-12-20 19:00:00,18.9,75,14.3,0.0,100,0.0,18.7,358,0.6526205883367654,-18.68860846525709
2020-12-20 20:00:00,18.8,75,14.3,0.0,100,0.0,17.7,356,1.2346895852710238,-17.65688368959889
2020-12-20 21:00:00,18.8,75,14.3,0.0,100,0.0,17.3,355,1.507794349534489,-17.234168276987198
2020-12-20 22:00:00,18.7,75,14.3,0.0,100,0.0,17.7,355,1.5426566466335525,-17.632646156223895
2020-12-20 23:00:00,18.8,75,14.3,0.0,100,0.0,17.7,356,1.2346895852710238,-17.65688368959889
2020-12-21 00:00:00,18.7,76,14.3,0.0,100,0.0,17.6,1,-0.3071623532961898,-17.59731943475249
2020-12-21 01:00:00,18.8,76,14.4,0.0,100,0.0,16.9,1,-0.2949456687900913,-16.89742604814301
2020-12-21 02:00:00,18.8,76,14.5,0.0,100,0.0,16.6,1,-0.2897099468589063,-16.597471739596095
2020-12-21 03:00:00,18.7,78,14.8,0.0,90,0.0,15.8,360,3.869883885305636e-15,-15.8
2020-12-21 04:00:00,18.7,78,14.8,0.0,90,0.0,16.6,359,0.2897099468589071,-16.597471739596095
2020-12-21 05:00:00,18.5,79,14.7,0.1,91,0.0,17.3,358,0.6037612929532643,-17.289461307430358
2020-12-21 06:00:00,18.4,79,14.6,0.0,88,0.0,15.5,360,3.796405077356795e-15,-15.5
2020-12-21 07:00:00,18.5,78,14.6,0.0,92,0.0,14.8,3,-0.7745721523955688,-14.779717114367694
2020-12-21 08:00:00,18.8,78,14.8,0.0,92,15.0,15.5,360,3.796405077356795e-15,-15.5
2020-12-21 09:00:00,19.1,78,15.1,0.5,94,25.0,15.5,356,1.0812253430339474,-15.462242779027276
2020-12-21 10:00:00,19.5,77,15.3,0.6,90,26.0,15.2,353,1.8524140197582375,-15.086701504948095
2020-12-21 11:00:00,19.5,78,15.6,0.4,95,34.0,15.6,353,1.9011617571202968,-15.483719965604624
2020-12-21 12:00:00,18.9,84,16.2,0.6,98,19.0,14.4,357,0.7536377698983989,-14.380265300465863
2020-12-21 13:00:00,18.8,86,16.3,1.0,100,1.0,14.1,357,0.7379369830255156,-14.080676440039491
2020-12-21 14:00:00,18.5,87,16.3,1.5,100,0.0,13.0,355,1.1330246557195582,-12.950531075192693
2020-12-21 15:00:00,18.7,86,16.3,0.8,99,4.0,13.3,357,0.6960682180311601,-13.281772812235833
2020-12-21 16:00:00,18.5,87,16.3,0.3,98,0.0,13.3,358,0.4641633061432609,-13.291897999353974
2020-12-21 17:00:00,18.3,88,16.3,0.5,93,0.0,12.6,360,3.08610993385133e-15,-12.6
2020-12-21 18:00:00,18.2,89,16.4,0.3,90,0.0,11.7,351,1.830283240970704,-11.55595358496311
2020-12-21 19:00:00,18.3,89,16.4,0.6,86,0.0,11.2,354,1.1707187885977182,-11.13864522812466
2020-12-21 20:00:00,18.3,88,16.3,0.1,86,0.0,12.1,348,2.5157314588948942,-11.835585968879046
2020-12-21 21:00:00,18.4,87,16.1,0.0,84,0.0,14.2,353,1.7305446763530905,-14.094155353306771
2020-12-21 22:00:00,18.5,86,16.1,0.0,73,0.0,14.8,356,1.0323958114130594,-14.763947943845398
2020-12-21 23:00:00,18.4,87,16.1,0.0,80,0.0,14.2,351,2.221369403571281,-14.025174436450952
2020-12-22 00:00:00,18.3,87,16.1,0.0,100,0.0,15.2,353,1.8524140197582375,-15.086701504948095
2020-12-22 01:00:00,18.3,87,16.1,0.0,100,0.0,16.9,359,0.2949456687900921,-16.89742604814301
2020-12-22 02:00:00,18.2,87,16.0,0.0,100,0.0,17.3,360,4.237277925049842e-15,-17.3
2020-12-22 03:00:00,18.4,84,15.7,0.0,100,0.0,17.0,356,1.1858600536501358,-16.958588854417012
2020-12-22 04:00:00,18.4,84,15.7,0.0,92,0.0,18.1,355,1.5775189437326156,-18.0311240354606
2020-12-22 05:00:00,18.4,84,15.6,0.0,64,0.0,18.1,354,1.891965185144527,-18.000846306165748
2020-12-22 06:00:00,18.3,84,15.6,0.0,65,0.0,18.1,354,1.891965185144527,-18.000846306165748
2020-12-22 07:00:00,18.3,84,15.6,0.0,59,1.0,19.2,355,1.6733902607550395,-19.126938203361515
2020-12-22 08:00:00,18.9,82,15.7,0.0,69,41.0,18.1,355,1.5775189437326156,-18.0311240354606
2020-12-22 09:00:00,19.6,78,15.8,0.0,63,68.0,18.0,358,0.6281909406450148,-17.989034886343724
2020-12-22 10:00:00,20.8,74,16.0,0.0,55,185.0,15.9,354,1.6620025659556894,-15.812898136355546
2020-12-22 11:00:00,21.7,71,16.1,0.0,44,253.0,13.6,348,2.827598995121534,-13.302807369979757
2020-12-22 12:00:00,22.4,68,16.2,0.0,29,360.0,11.2,345,2.8987733051482314,-10.818369254437563
2020-12-22 13:00:00,22.8,66,16.2,0.0,62,280.0,9.9,341,3.223124729125852,-9.360633898433235
2020-12-22 14:00:00,22.6,67,16.2,0.0,71,131.0,9.5,331,4.6056913923402005,-8.30888721782426
2020-12-22 15:00:00,22.4,67,16.0,0.0,81,102.0,12.6,329,6.489479743866687,-10.800307988846612
2020-12-22 16:00:00,21.6,73,16.5,0.2,74,33.0,13.9,343,4.063966695646046,-13.29263610788619
2020-12-22 17:00:00,21.0,76,16.6,0.7,61,12.0,12.7,353,1.5477406612453697,-12.60533612584479
2020-12-22 18:00:00,20.3,80,16.8,0.2,48,0.0,10.8,356,0.7533699164365569,-10.773691742806102
2020-12-22 19:00:00,19.9,83,17.0,0.4,61,0.0,11.5,360,2.8166876380389124e-15,-11.5
2020-12-22 20:00:00,19.7,85,17.1,0.0,60,0.0,14.0,348,2.9107636714486382,-13.694066410273278
2020-12-22 21:00:00,19.4,87,17.2,0.0,59,0.0,14.6,351,2.283943189587374,-14.42024977268901
2020-12-22 22:00:00,19.2,88,17.2,0.0,58,0.0,13.8,354,1.442492793093617,-13.724402156082173
2020-12-22 23:00:00,19.1,90,17.3,0.0,51,0.0,15.2,355,1.3247672897644065,-15.142159410994532
2020-12-23 00:00:00,19.1,90,17.4,0.0,58,0.0,15.5,3,-0.8112073217656295,-15.478757788695894
2020-12-23 01:00:00,19.0,90,17.4,0.0,69,0.0,14.3,10,-2.483168940637104,-14.082750868074577
2020-12-23 02:00:00,18.9,91,17.4,0.0,76,0.0,13.7,5,-1.1940336756429168,-13.647867363856914
2020-12-23 03:00:00,19.3,90,17.7,0.2,78,0.0,12.6,2,-0.4397336584515122,-12.592324420440606
2020-12-23 04:00:00,19.3,91,17.8,0.3,72,0.0,10.8,356,0.7533699164365569,-10.773691742806102
2020-12-23 05:00:00,19.4,91,18.0,0.2,56,0.0,10.7,348,2.2246550917500305,-10.46617932785172
2020-12-23 06:00:00,19.4,91,17.9,0.2,87,0.0,11.6,353,1.4136843834997077,-11.513535359039336
2020-12-23 07:00:00,19.4,92,18.1,0.5,95,0.0,15.5,359,0.2705122997778952,-15.497639274924063
2020-12-23 08:00:00,19.6,92,18.2,0.4,68,12.0,17.0,6,-1.776983875550109,-16.906872221260645
2020-12-23 09:00:00,20.1,91,18.6,0.6,99,68.0,18.1,6,-1.891965185144528,-18.000846306165748
2020-12-23 10:00:00,20.9,88,18.9,0.6,63,153.0,17.3,1,-0.3019266313650047,-17.29736512620557
2020-12-23 11:00:00,21.1,86,18.8,0.6,52,123.0,19.7,352,2.741710088913298,-19.50828095420893
2020-12-23 12:00:00,21.7,81,18.3,0.2,32,175.0,22.7,350,3.94181363303932,-22.35513599337712
2020-12-23 13:00:00,22.0,78,18.0,0.3,45,234.0,23.5,355,2.0481599545699707,-23.41057540515602
2020-12-23 14:00:00,21.9,79,18.1,0.1,60,204.0,23.4,357,1.224661376084898,-23.367931113257026
2020-12-23 15:00:00,21.5,82,18.3,0.4,66,146.0,22.0,358,0.7677889274550181,-21.986598194420107
2020-12-23 16:00:00,20.9,86,18.5,0.4,67,92.0,20.9,359,0.3647552945392264,-20.89681682876857
2020-12-23 17:00:00,20.2,89,18.4,0.4,48,21.0,19.9,355,1.7343992806784003,-19.824274492025737
2020-12-23 18:00:00,19.7,92,18.3,0.3,80,0.0,21.0,353,2.559256211508092,-20.843469184467764
2020-12-23 19:00:00,19.5,93,18.3,0.4,92,0.0,20.5,358,0.7154396824012669,-20.487511953891463
2020-12-23 20:00:00,19.2,94,18.2,0.5,94,0.0,20.2,358,0.7049698333905167,-20.18769470578573
2020-12-23 21:00:00,19.2,94,18.2,0.5,100,0.0,21.3,354,2.226456267601018,-21.183316371344223
2020-12-23 22:00:00,19.2,94,18.1,0.5,100,0.0,22.5,354,2.351890423522202,-22.37674264578615
2020-12-23 23:00:00,19.0,94,18.0,0.4,100,0.0,22.7,356,1.583471953991652,-22.644703940898008
2020-12-24 00:00:00,19.0,94,18.0,0.7,100,0.0,21.6,357,1.1304566548475985,-21.5703979506988
2020-12-24 01:00:00,19.0,95,18.1,0.6,66,0.0,21.3,355,1.8564173205251224,-21.21894706935418
2020-12-24 02:00:00,19.0,94,18.0,0.9,47,0.0,20.6,354,2.1532863433136606,-20.48715104458643
2020-12-24 03:00:00,19.0,92,17.6,0.5,47,0.0,20.2,355,1.760546003502698,-20.12313290145326
2020-12-24 04:00:00,19.0,92,17.6,0.5,99,0.0,20.2,356,1.409080769631338,-20.15079381524845
2020-12-24 05:00:00,19.0,91,17.6,0.3,100,0.0,20.6,356,1.4369833591289882,-20.54981943535238
2020-12-24 06:00:00,19.2,91,17.6,0.0,100,0.0,21.0,355,1.830270597700825,-20.920088659926652
2020-12-24 07:00:00,19.3,90,17.7,0.0,100,0.0,22.4,354,2.3414375771954363,-22.27729045624932
2020-12-24 08:00:00,19.7,89,17.9,0.0,86,25.0,22.3,357,1.1670918242176596,-22.269438625027
2020-12-24 09:00:00,20.5,86,18.0,0.0,40,67.0,22.3,358,0.7782587764657684,-22.28641544252584
2020-12-24 10:00:00,21.8,80,18.2,0.0,12,283.0,21.6,359,0.3769719790453249,-21.596710215378053
2020-12-24 11:00:00,22.9,75,18.3,0.0,8,426.0,20.2,356,1.409080769631338,-20.15079381524845
2020-12-24 12:00:00,23.5,73,18.4,0.0,2,499.0,20.3,348,4.220607323600525,-19.856396294896253
2020-12-24 13:00:00,23.8,72,18.4,0.0,3,525.0,22.0,345,5.694018992255455,-21.2503681783595
2020-12-24 14:00:00,23.5,72,18.3,0.0,2,415.0,23.3,347,5.241359566212062,-22.70282250949598
2020-12-24 15:00:00,22.6,74,17.7,0.0,4,351.0,23.0,350,3.993908086339399,-22.650578319280783
2020-12-24 16:00:00,21.7,75,17.2,0.0,1,190.0,22.2,352,3.0896428413134625,-21.98395112606286
2020-12-24 17:00:00,20.6,78,16.6,0.0,1,51.0,20.8,351,3.253836872836807,-20.543917484378863
2020-12-24 18:00:00,19.4,82,16.2,0.0,14,0.0,20.7,352,2.880883189873364,-20.498549022950503
2020-12-24 19:00:00,18.8,83,15.9,0.0,11,0.0,22.0,355,1.917426340448483,-21.9162833580184
2020-12-24 20:00:00,18.4,84,15.6,0.0,18,0.0,21.3,357,1.1147558679747152,-21.270809090272422
2020-12-24 21:00:00,18.2,84,15.4,0.0,21,0.0,19.5,356,1.36025123801045,-19.45249898006657
2020-12-24 22:00:00,17.8,85,15.2,0.0,24,0.0,18.1,353,2.205835115633165,-17.96508534470793
2020-12-24 23:00:00,17.6,85,15.0,0.0,26,0.0,17.8,353,2.1692743126116207,-17.667321499215532
2020-12-25 00:00:00,17.5,85,14.9,0.0,31,0.0,17.0,354,1.776983875550108,-16.906872221260645
2020-12-25 01:00:00,17.3,85,14.7,0.0,42,0.0,16.3,354,1.7038139512627508,-16.210706894502856
2020-12-25 02:00:00,17.4,84,14.7,0.0,53,0.0,16.3,355,1.4206386067868306,-16.237973578895453
2020-12-25 03:00:00,17.5,82,14.4,0.0,52,0.0,15.9,356,1.1091279325315977,-15.861268399131204
2020-12-25 04:00:00,17.5,83,14.5,0.0,50,0.0,16.6,355,1.4467853296111282,-16.536831988322977
2020-12-25 05:00:00,17.5,83,14.7,0.0,52,0.0,16.6,359,0.2897099468589071,-16.597471739596095
2020-12-25 06:00:00,17.4,84,14.8,0.0,42,0.0,15.5,1,-0.2705122997778944,-15.497639274924063
2020-12-25 07:00:00,17.6,84,14.9,0.0,35,1.0,14.4,1,-0.2513146526968826,-14.397806810252035
2020-12-25 08:00:00,18.2,83,15.2,0.0,27,37.0,14.1,357,0.7379369830255156,-14.080676440039491
2020-12-25 09:00:00,19.5,78,15.6,0.0,26,147.0,14.1,354,1.473851332073913,-14.022758724692652
2020-12-25 10:00:00,20.5,75,15.9,0.0,18,241.0,12.4,350,2.153237403069937,-12.21161613735138
2020-12-25 11:00:00,21.4,72,16.3,0.0,9,389.0,12.1,348,2.5157314588948942,-11.835585968879046
2020-12-25 12:00:00,22.0,71,16.5,0.0,7,438.0,12.3,345,3.1834742547610047,-11.88088766335554
2020-12-25 13:00:00,22.3,70,16.6,0.0,4,421.0,13.0,346,3.1449846427956825,-12.613844441587954
2020-12-25 14:00:00,22.3,70,16.5,0.0,1,302.0,14.4,347,3.2392951825516607,-14.030928932907386
2020-12-25 15:00:00,22.1,66,15.4,0.0,8,286.0,14.9,352,2.0736792043049816,-14.754994224249398
2020-12-25 16:00:00,21.6,67,15.1,0.0,6,186.0,14.8,354,1.5470212563612706,-14.718924051450443
2020-12-25 17:00:00,20.5,71,15.1,0.0,11,50.0,13.4,355,1.1678869528186215,-13.34900895442939
2020-12-25 18:00:00,19.4,76,15.0,0.0,10,0.0,14.5,353,1.7671054793746348,-14.39191919879917
2020-12-25 19:00:00,18.8,78,14.9,0.0,14,0.0,13.7,358,0.4781231048242612,-13.691654330161612
2020-12-25 20:00:00,18.4,80,14.9,0.0,23,0.0,11.2,360,2.743208830090071e-15,-11.2
2020-12-25 21:00:00,18.2,82,15.0,0.0,28,0.0,9.0,355,0.7844016847289249,-8.96575228282571
2020-12-25 22:00:00,18.1,83,15.1,0.0,22,0.0,8.0,352,1.113384807680527,-7.922144549932562
2020-12-25 23:00:00,17.9,84,15.2,0.0,33,0.0,7.8,347,1.7546182238821495,-7.600086505324834
2020-12-26 00:00:00,17.8,85,15.3,0.0,29,0.0,7.8,347,1.7546182238821495,-7.600086505324834
2020-12-26 01:00:00,17.8,86,15.4,0.0,35,0.0,8.0,350,1.389185421335443,-7.878462024097664
2020-12-26 02:00:00,17.7,86,15.4,0.0,31,0.0,9.1,353,1.1090110249868397,-9.03216997993603
2020-12-26 03:00:00,17.7,85,15.1,0.0,37,0.0,10.1,356,0.7045403848156689,-10.075396907624224
2020-12-26 04:00:00,17.5,85,15.0,0.0,25,0.0,10.9,354,1.1393602496174222,-10.84028865951418
2020-12-26 05:00:00,17.4,86,14.9,0.0,21,0.0,12.0,353,1.4624321208617668,-11.910553819695863
2020-12-26 06:00:00,17.3,86,15.0,0.0,16,0.0,12.4,352,1.725746451904817,-12.279324052395472
2020-12-26 07:00:00,17.1,88,15.1,0.0,8,1.0,13.0,360,3.1840816777831178e-15,-13.0
2020-12-26 08:00:00,18.0,85,15.4,0.0,5,54.0,14.8,4,-1.0323958114130545,-14.763947943845398
2020-12-26 09:00:00,19.8,76,15.5,0.0,6,200.0,14.8,4,-1.0323958114130545,-14.763947943845398
2020-12-26 10:00:00,21.2,69,15.4,0.0,1,368.0,15.1,3,-0.7902729392684519,-15.079305974794064
2020-12-26 11:00:00,22.2,66,15.5,0.0,2,463.0,14.8,1,-0.258295615271796,-14.79774588831459
2020-12-26 12:00:00,22.8,63,15.5,0.0,0,518.0,15.1,359,0.2635313372029818,-15.097700196861508
2020-12-26 13:00:00,23.1,62,15.4,0.0,0,542.0,15.9,356,1.1091279325315977,-15.861268399131204
2020-12-26 14:00:00,23.0,63,15.5,0.0,0,467.0,17.4,353,2.1205265752495617,-17.270303038559003
2020-12-26 15:00:00,23.0,59,14.5,0.0,0,366.0,18.5,353,2.254582852995224,-18.36210380536446
2020-12-26 16:00:00,22.2,64,14.9,0.0,2,212.0,17.3,358,0.6037612929532643,-17.289461307430358
2020-12-26 17:00:00,21.0,70,15.4,0.0,2,65.0,14.0,359,0.2443336901219698,-13.997867732189478
2020-12-26 18:00:00,19.6,78,15.8,0.0,1,1.0,16.6,356,1.1579574641524857,-16.55956323431308
2020-12-26 19:00:00,18.9,84,16.2,0.0,5,0.0,15.1,360,3.698433333425007e-15,-15.1
2020-12-26 20:00:00,18.5,88,16.5,0.0,12,0.0,14.4,1,-0.2513146526968826,-14.397806810252035
2020-12-26 21:00:00,18.3,90,16.7,0.0,21,0.0,14.4,1,-0.2513146526968826,-14.397806810252035
2020-12-26 22:00:00,18.3,91,16.8,0.0,37,0.0,15.1,3,-0.7902729392684519,-15.079305974794064
2020-12-26 23:00:00,18.4,90,16.8,0.0,55,0.0,16.2,1,-0.2827289842839929,-16.197532661533536
2020-12-27 00:00:00,18.4,90,16.8,0.0,44,0.0,17.3,2,-0.6037612929532667,-17.289461307430358
2020-12-27 01:00:00,18.3,91,16.8,0.0,55,0.0,16.6,4,-1.15795746415248,-16.55956323431308
2020-12-27 02:00:00,18.3,90,16.7,0.0,55,0.0,15.1,1,-0.263531337202981,-15.097700196861508
2020-12-27 03:00:00,18.2,92,16.9,0.0,55,0.0,14.8,359,0.2582956152717967,-14.79774588831459
2020-12-27 04:00:00,18.0,93,16.9,0.0,35,0.0,15.5,356,1.0812253430339474,-15.462242779027276
2020-12-27 05:00:00,18.1,93,17.0,0.0,44,0.0,16.7,353,2.0352180348659585,-16.575520732410077
2020-12-27 06:00:00,18.0,94,17.1,0.0,59,0.0,18.1,353,2.205835115633165,-17.96508534470793
2020-12-27 07:00:00,18.3,93,17.1,0.0,64,0.0,17.7,356,1.2346895852710238,-17.65688368959889
2020-12-27 08:00:00,19.3,87,17.2,0.0,58,27.0,17.7,358,0.6177210916342646,-17.689217638237995
2020-12-27 09:00:00,20.3,81,16.9,0.0,60,68.0,15.1,1,-0.263531337202981,-15.097700196861508
2020-12-27 10:00:00,21.6,71,16.1,0.0,59,160.0,12.6,358,0.4397336584515103,-12.592324420440606
2020-12-27 11:00:00,22.3,63,15.0,0.1,59,220.0,11.6,353,1.4136843834997077,-11.513535359039336
2020-12-27 12:00:00,23.0,61,15.0,0.0,56,290.0,12.2,346,2.951447126315948,-11.837607860567156
2020-12-27 13:00:00,23.1,61,15.2,0.0,42,279.0,15.9,347,3.576721764067459,-15.492484030085238
2020-12-27 14:00:00,22.6,64,15.5,0.2,53,158.0,18.1,354,1.891965185144527,-18.000846306165748
2020-12-27 15:00:00,23.2,65,16.3,0.0,63,237.0,16.6,358,0.5793316452615137,-16.58988772851699
2020-12-27 16:00:00,22.9,67,16.4,0.0,77,61.0,14.1,356,0.9835662797921716,-14.06565310866352
2020-12-27 17:00:00,22.2,70,16.6,0.0,68,15.0,12.6,355,1.0981623586204947,-12.552053195955994
2020-12-27 18:00:00,21.6,74,16.7,0.0,73,0.0,13.0,3,-0.6803674311582698,-12.98218395180946
2020-12-27 19:00:00,21.1,76,16.7,0.0,74,0.0,10.9,6,-1.1393602496174229,-10.84028865951418
2020-12-27 20:00:00,20.8,76,16.5,0.0,75,0.0,10.2,350,1.7712114122026898,-10.04503908072452
2020-12-27 21:00:00,20.6,76,16.3,0.0,75,0.0,11.1,347,2.496956703216905,-10.815507719116107
2020-12-27 22:00:00,20.3,78,16.3,0.0,57,0.0,12.3,353,1.498992923883311,-12.208317665188265
2020-12-27 23:00:00,20.1,79,16.4,0.0,56,0.0,13.7,357,0.7170026005283379,-13.68122462613766
2020-12-28 00:00:00,19.9,80,16.4,0.2,53,0.0,14.8,3,-0.7745721523955688,-14.779717114367694
2020-12-28 01:00:00,19.8,81,16.4,0.0,45,0.0,14.1,4,-0.9835662797921668,-14.06565310866352
2020-12-28 02:00:00,19.7,82,16.5,0.0,35,0.0,12.6,360,3.08610993385133e-15,-12.6
2020-12-28 03:00:00,19.5,80,16.0,0.2,32,0.0,13.8,353,1.681796938991032,-13.697136892650246
2020-12-28 04:00:00,19.5,82,16.3,0.0,35,0.0,13.7,355,1.1940336756429188,-13.647867363856914
2020-12-28 05:00:00,19.5,83,16.6,0.0,32,0.0,13.4,354,1.4006814077865557,-13.326593397934865
2020-12-28 06:00:00,19.3,86,16.9,0.3,29,0.0,11.6,353,1.4136843834997077,-11.513535359039336
2020-12-28 07:00:00,19.2,88,17.2,0.2,34,0.0,12.2,358,0.42577385977051,-12.192568089632967
2020-12-28 08:00:00,19.8,89,17.8,0.3,34,29.0,12.2,2,-0.4257738597705118,-12.192568089632967
2020-12-28 09:00:00,20.8,86,18.3,0.3,38,90.0,9.5,351,1.4861274178821953,-9.383039235653808
2020-12-28 10:00:00,21.8,79,18.1,0.2,44,180.0,9.6,347,2.159530121701107,-9.353952621938255
2020-12-28 11:00:00,22.1,78,18.1,0.3,45,192.0,9.4,342,2.9047597471245084,-8.939931253174443
2020-12-28 12:00:00,22.5,76,18.1,0.3,44,192.0,9.5,335,4.014873486536643,-8.609923976848176
2020-12-28 13:00:00,22.9,73,17.9,0.4,31,236.0,11.1,324,6.524416300446454,-8.980088637561915
2020-12-28 14:00:00,23.2,72,17.8,0.0,38,216.0,10.9,333,4.948496447161062,-9.71197111365321
2020-12-28 15:00:00,23.6,70,17.8,0.0,45,225.0,11.3,338,4.23305450559981,-10.477177556604698
2020-12-28 16:00:00,23.3,71,17.7,0.0,47,138.0,12.6,347,2.834383284732703,-12.277062816293965
2020-12-28 17:00:00,22.4,75,17.8,0.0,34,22.0,12.3,345,3.1834742547610047,-11.88088766335554
2020-12-28 18:00:00,21.4,80,17.8,0.0,72,0.0,13.6,348,2.827598995121534,-13.302807369979757
2020-12-28 19:00:00,20.9,82,17.8,0.0,71,0.0,13.8,351,2.158795617555189,-13.6300991002129
2020-12-28 20:00:00,20.4,85,17.7,0.0,71,0.0,11.9,357,0.622797879291038,-11.88369146357943
2020-12-28 21:00:00,20.4,85,17.7,0.0,50,0.0,8.8,351,1.3766232923540338,-8.691657397237211
2020-12-28 22:00:00,20.3,85,17.7,0.0,51,0.0,9.4,337,3.6728726077991753,-8.652745622452938
2020-12-28 23:00:00,20.1,86,17.8,0.0,50,0.0,11.4,336,4.636797731064122,-10.414418217125652
2020-12-29 00:00:00,20.0,87,17.8,0.0,44,0.0,13.2,343,3.85930650234013,-12.623222778712066
2020-12-29 01:00:00,19.9,88,17.8,0.0,55,0.0,13.6,349,2.595002337121008,-13.35012969488823
2020-12-29 02:00:00,19.6,89,17.7,0.0,53,0.0,12.6,355,1.0981623586204947,-12.552053195955994
2020-12-29 03:00:00,19.3,89,17.5,0.0,48,0.0,13.0,357,0.6803674311582768,-12.98218395180946
2020-12-29 04:00:00,19.3,90,17.5,0.0,39,0.0,14.1,357,0.7379369830255156,-14.080676440039491
2020-12-29 05:00:00,19.2,90,17.6,0.0,57,0.0,14.4,357,0.7536377698983989,-14.380265300465863
2020-12-29 06:00:00,19.1,92,17.7,0.0,61,0.0,15.9,354,1.6620025659556894,-15.812898136355546
2020-12-29 07:00:00,19.0,92,17.8,0.0,60,0.0,15.9,355,1.385776309687767,-15.839495699658755
2020-12-29 08:00:00,19.7,90,18.0,0.0,59,36.0,15.5,359,0.2705122997778952,-15.497639274924063
2020-12-29 09:00:00,21.1,84,18.3,0.0,51,165.0,14.4,360,3.5269827815443773e-15,-14.4
2020-12-29 10:00:00,22.4,79,18.6,0.0,48,310.0,14.0,1,-0.2443336901219691,-13.997867732189478
2020-12-29 11:00:00,23.4,76,18.8,0.0,37,412.0,13.3,358,0.4641633061432609,-13.291897999353974
2020-12-29 12:00:00,24.1,73,18.9,0.0,47,461.0,14.9,352,2.0736792043049816,-14.754994224249398
2020-12-29 13:00:00,24.0,73,18.9,0.0,52,286.0,17.1,352,2.3798600264171266,-16.933583975480854
2020-12-29 14:00:00,24.0,73,18.9,0.0,50,314.0,18.1,354,1.891965185144527,-18.000846306165748
2020-12-29 15:00:00,23.7,74,18.8,0.0,49,198.0,17.7,354,1.8501537998374653,-17.60303754801844
2020-12-29 16:00:00,23.2,77,18.8,0.0,50,149.0,17.8,353,2.1692743126116207,-17.667321499215532
2020-12-29 17:00:00,22.2,81,18.8,0.0,51,46.0,17.5,352,2.435529266801153,-17.32969120297748
2020-12-29 18:00:00,21.1,85,18.6,0.0,40,1.0,16.0,352,2.226769615361054,-15.844289099865124
2020-12-29 19:00:00,20.5,88,18.5,0.0,26,0.0,14.8,356,1.0323958114130594,-14.763947943845398
2020-12-29 20:00:00,20.2,89,18.3,0.0,17,0.0,14.5,354,1.5156627173809745,-14.420567482839962
2020-12-29 21:00:00,19.9,91,18.3,0.0,14,0.0,16.0,351,2.502951440643697,-15.803013449522204
2020-12-29 22:00:00,19.6,91,18.1,0.0,15,0.0,18.1,353,2.205835115633165,-17.96508534470793
2020-12-29 23:00:00,19.5,90,17.9,0.0,12,0.0,19.5,357,1.020551146737415,-19.47327592771419
2020-12-30 00:00:00,19.5,89,17.6,0.0,7,0.0,19.1,359,0.333340962952116,-19.097090977487078
2020-12-30 01:00:00,19.4,89,17.5,0.0,2,0.0,18.8,357,0.983915977367354,-18.77423525338599
2020-12-30 02:00:00,19.1,91,17.5,0.0,4,0.0,20.8,350,3.611882095472152,-20.484001262653926
2020-12-30 03:00:00,19.0,90,17.3,0.0,19,0.0,29.9,359,0.5218269524747784,-29.895446085176097
2020-12-30 04:00:00,17.7,85,15.2,0.0,16,0.0,31.4,3,-1.6433490260284362,-31.35696739129361
2020-12-30 05:00:00,16.5,82,13.5,0.0,22,0.0,34.6,1,-0.6038532627300095,-34.59473025241114
2020-12-30 06:00:00,15.6,79,11.9,0.0,11,0.0,35.4,4,-2.469379170542036,-35.31376737919778
2020-12-30 07:00:00,15.1,76,10.9,0.0,6,0.0,37.5,2,-1.3087311263437864,-37.47715601321609
2020-12-30 08:00:00,15.0,72,10.1,0.0,3,63.0,39.3,2,-1.371550220408288,-39.27605950185046
2020-12-30 09:00:00,15.5,68,9.6,0.0,4,213.0,40.4,3,-2.114372632214931,-40.34463320408478
2020-12-30 10:00:00,16.0,64,9.3,0.0,3,312.0,39.3,3,-2.0568030803476924,-39.24614071585475
2020-12-30 11:00:00,16.3,62,9.1,0.0,3,438.0,38.9,2,-1.3575904217272876,-38.87630317104282
2020-12-30 12:00:00,16.4,61,8.9,0.0,4,501.0,39.2,1,-0.6841343323415137,-39.19402965013054
2020-12-30 13:00:00,16.2,61,8.7,0.0,6,488.0,39.6,360,9.699202649247038e-15,-39.6
2020-12-30 14:00:00,15.8,61,8.2,0.0,7,407.0,39.6,359,0.691115294916429,-39.5939687281931
2020-12-30 15:00:00,15.4,62,8.1,0.0,11,342.0,38.2,359,0.666681925904232,-38.19418195497415
2020-12-30 16:00:00,14.7,62,7.6,0.0,6,176.0,35.6,359,0.6213056691672948,-35.59457794756753
2020-12-30 17:00:00,13.9,64,7.2,0.0,7,64.0,32.1,357,1.6799841953985144,-32.056008065621825
2020-12-30 18:00:00,13.2,65,6.8,0.0,7,1.0,31.7,359,0.5532412840618889,-31.6951719364576
2020-12-30 19:00:00,12.9,65,6.4,0.0,6,0.0,30.2,359,0.5270626744059635,-30.195400393723016
2020-12-30 20:00:00,12.8,64,6.1,0.0,20,0.0,30.2,359,0.5270626744059635,-30.195400393723016
2020-12-30 21:00:00,12.7,63,5.8,0.0,40,0.0,29.2,359,0.5096102679686799,-29.195552698566622
2020-12-30 22:00:00,12.5,62,5.5,0.0,46,0.0,27.7,359,0.4834316583127546,-27.69578115583204
2020-12-30 23:00:00,12.3,62,5.3,0.0,66,0.0,27.4,358,0.9562462096485224,-27.383308660323223
2020-12-31 00:00:00,12.0,63,5.2,0.0,65,0.0,27.7,360,6.784543267276337e-15,-27.7
2020-12-31 01:00:00,11.7,64,5.2,0.0,68,0.0,27.7,1,-0.4834316583127532,-27.69578115583204
2020-12-31 02:00:00,11.4,66,5.2,0.0,75,0.0,27.7,1,-0.4834316583127532,-27.69578115583204
2020-12-31 03:00:00,11.3,65,5.1,0.0,71,0.0,27.7,1,-0.4834316583127532,-27.69578115583204
2020-12-31 04:00:00,11.1,66,5.0,0.0,81,0.0,27.4,1,-0.4781959363815682,-27.39582684728512
2020-12-31 05:00:00,10.9,66,4.8,0.0,75,0.0,27.4,360,6.711064459327495e-15,-27.4
2020-12-31 06:00:00,10.7,66,4.6,0.0,86,0.0,25.9,360,6.343670419583289e-15,-25.9
2020-12-31 07:00:00,10.6,66,4.5,0.0,95,0.0,25.2,1,-0.4398006422195444,-25.19616191794106
2020-12-31 08:00:00,10.9,64,4.5,0.0,100,42.0,25.2,1,-0.4398006422195444,-25.19616191794106
2020-12-31 09:00:00,11.8,62,4.6,0.0,100,156.0,25.6,1,-0.4467816047944579,-25.596100996003617
2020-12-31 10:00:00,12.8,60,5.2,0.0,100,252.0,24.9,2,-0.8689974678922741,-24.884831592775484
2020-12-31 11:00:00,13.6,61,6.1,0.0,100,387.0,23.8,1,-0.4153672732073475,-23.796375144722116
2020-12-31 12:00:00,14.1,61,6.7,0.0,100,400.0,23.1,358,0.806178373827769,-23.085928104141114
2020-12-31 13:00:00,14.3,62,7.1,0.0,100,386.0,23.8,357,1.245595758582076,-23.76738292715886
2020-12-31 14:00:00,14.6,61,7.2,0.0,100,374.0,24.8,359,0.4328196796446323,-24.796222839878503
2020-12-31 15:00:00,13.5,64,6.9,0.2,95,233.0,23.8,360,5.8293187639414016e-15,-23.8
2020-12-31 16:00:00,13.1,66,6.8,0.0,80,177.0,23.0,359,0.4014053480575218,-22.996496988597
2020-12-31 17:00:00,12.3,69,6.8,0.0,83,48.0,21.2,360,5.1925024283847775e-15,-21.2
2020-12-31 18:00:00,11.6,72,6.8,0.0,79,1.0,19.6,6,-2.048757880046008,-19.49262914921816
2020-12-31 19:00:00,11.3,74,6.8,0.0,76,0.0,19.1,1,-0.333340962952115,-19.097090977487078
2020-12-31 20:00:00,11.3,74,6.8,0.0,86,0.0,19.9,4,-1.3881538275080934,-19.8515246001705
2020-12-31 21:00:00,11.3,74,6.9,0.0,83,0.0,19.2,6,-2.0069464947389464,-19.094820391070847
2020-12-31 22:00:00,11.4,75,7.1,0.0,80,0.0,17.4,6,-1.8187952608571705,-17.304680979407955
2020-12-31 23:00:00,11.4,75,7.2,0.0,78,0.0,15.9,6,-1.6620025659556903,-15.812898136355546
2021-01-01 00:00:00,11.5,76,7.4,0.0,99,0.0,14.9,7,-1.8158532167366972,-14.788937659455698
2021-01-01 01:00:00,11.6,76,7.5,0.0,100,0.0,14.5,7,-1.7671054793746384,-14.391919198799169
2021-01-01 02:00:00,11.8,76,7.6,0.0,100,0.0,14.6,10,-2.535263393937183,-14.378193193978236
2021-01-01 03:00:00,11.3,78,7.6,0.0,86,0.0,14.6,9,-2.2839431895873705,-14.420249772689012
2021-01-01 04:00:00,11.2,79,7.6,0.0,87,0.0,14.2,9,-2.2213694035712783,-14.025174436450955
2021-01-01 05:00:00,11.2,78,7.6,0.0,85,0.0,12.4,10,-2.1532374030699364,-12.21161613735138
2021-01-01 06:00:00,11.4,78,7.7,0.0,49,0.0,10.5,16,-2.8941922360784917,-10.093247807352348
2021-01-01 07:00:00,11.6,77,7.7,0.0,58,0.0,9.9,19,-3.223124729125852,-9.360633898433235
2021-01-01 08:00:00,12.4,74,7.9,0.0,54,29.0,10.9,17,-3.186851581477831,-10.423721839997087
2021-01-01 09:00:00,13.4,69,7.9,0.0,56,111.0,12.1,10,-2.101142949769857,-11.916173811447717
2021-01-01 10:00:00,14.2,66,8.0,0.0,56,146.0,12.3,3,-0.6437322617882092,-12.283143277481258
2021-01-01 11:00:00,14.7,63,7.8,0.0,62,117.0,10.9,352,1.5169868004647182,-10.793921949283115
2021-01-01 12:00:00,15.4,60,7.7,0.0,60,208.0,11.3,343,3.30380026336693,-10.8062437423823
2021-01-01 13:00:00,15.7,59,7.7,0.0,65,144.0,11.0,341,3.5812496990287235,-10.400704331592486
2021-01-01 14:00:00,15.9,58,7.7,0.0,50,130.0,11.3,343,3.30380026336693,-10.8062437423823
2021-01-01 15:00:00,16.4,54,7.2,0.0,48,281.0,11.6,344,3.1973933274771875,-11.1506356728845
2021-01-01 16:00:00,16.0,55,7.0,0.0,39,178.0,12.4,350,2.153237403069937,-12.21161613735138
2021-01-01 17:00:00,15.3,59,7.3,0.0,45,42.0,11.2,354,1.1707187885977182,-11.13864522812466
2021-01-01 18:00:00,14.5,63,7.6,0.0,39,1.0,11.4,11,-2.175222547292611,-11.19054989130337
2021-01-01 19:00:00,14.1,67,8.0,0.0,47,0.0,12.4,8,-1.7257464519048116,-12.279324052395474
2021-01-01 20:00:00,13.7,70,8.4,0.0,42,0.0,13.0,6,-1.3588700224794952,-12.928784639787551
2021-01-01 21:00:00,13.6,73,8.8,0.0,49,0.0,13.1,8,-1.8231676225768567,-12.972511700514572
2021-01-01 22:00:00,13.4,75,9.0,0.0,43,0.0,13.1,8,-1.8231676225768567,-12.972511700514572
2021-01-01 23:00:00,13.3,76,9.2,0.0,35,0.0,13.1,8,-1.8231676225768567,-12.972511700514572
2021-01-02 00:00:00,13.2,77,9.3,0.0,39,0.0,13.1,8,-1.8231676225768567,-12.972511700514572
2021-01-02 01:00:00,13.2,78,9.5,0.0,28,0.0,14.2,7,-1.730544676353094,-14.094155353306771
2021-01-02 02:00:00,13.3,79,9.6,0.0,18,0.0,15.6,7,-1.9011617571203008,-15.483719965604624
2021-01-02 03:00:00,13.5,77,9.6,0.0,16,0.0,16.7,6,-1.745625336569813,-16.608515652650162
2021-01-02 04:00:00,13.4,79,9.9,0.0,22,0.0,17.4,6,-1.8187952608571705,-17.304680979407955
2021-01-02 05:00:00,13.3,80,9.9,0.0,11,0.0,16.7,7,-2.035218034865963,-16.575520732410077
2021-01-02 06:00:00,13.2,81,10.0,0.0,8,0.0,11.9,14,-2.8788705576360463,-11.54651914268436
2021-01-02 07:00:00,12.9,83,10.1,0.0,11,0.0,10.4,2,-0.3629547657060101,-10.393664600998596
2021-01-02 08:00:00,14.0,79,10.5,0.0,8,66.0,12.0,353,1.4624321208617668,-11.910553819695863
2021-01-02 09:00:00,15.8,71,10.6,0.0,6,202.0,13.4,354,1.4006814077865557,-13.326593397934865
2021-01-02 10:00:00,17.1,62,9.7,0.0,4,352.0,13.7,355,1.1940336756429188,-13.647867363856914
2021-01-02 11:00:00,18.2,58,9.7,0.0,3,545.0,14.5,354,1.5156627173809745,-14.420567482839962
2021-01-02 12:00:00,18.8,56,9.9,0.0,2,571.0,15.7,351,2.456021101131628,-15.50670694734366
2021-01-02 13:00:00,19.2,56,10.1,0.0,1,481.0,16.5,350,2.8651949315043512,-16.249327924701433
2021-01-02 14:00:00,19.1,56,10.1,0.0,8,313.0,16.1,350,2.79573566043758,-15.855404823496553
2021-01-02 15:00:00,18.8,56,9.8,0.0,10,240.0,16.8,350,2.917289384804431,-16.544770250605094
2021-01-02 16:00:00,18.2,59,10.0,0.0,20,133.0,16.7,354,1.745625336569812,-16.608515652650162
2021-01-02 17:00:00,17.5,64,10.5,0.0,20,41.0,14.1,357,0.7379369830255156,-14.080676440039491
2021-01-02 18:00:00,16.4,70,10.9,0.0,42,1.0,11.6,5,-1.0110066158728348,-11.555858497864248
2021-01-02 19:00:00,15.7,75,11.3,0.0,55,0.0,10.6,10,-1.8406706832694613,-10.438962181929403
2021-01-02 20:00:00,15.5,78,11.6,0.0,41,0.0,9.2,11,-1.755442757464212,-9.030970087718508
2021-01-02 21:00:00,15.3,80,11.8,0.0,30,0.0,9.4,4,-0.6557108531947778,-9.377102072442348
2021-01-02 22:00:00,15.3,80,11.9,0.0,20,0.0,10.1,4,-0.7045403848156655,-10.075396907624224
2021-01-02 23:00:00,15.2,80,11.8,0.0,15,0.0,10.1,6,-1.0557374790033,-10.04467114321956
2021-01-03 00:00:00,14.8,82,11.7,0.0,21,0.0,10.6,10,-1.8406706832694613,-10.438962181929403
2021-01-03 01:00:00,14.6,82,11.6,0.0,15,0.0,10.2,8,-1.419565629792667,-10.100734301164016
2021-01-03 02:00:00,14.4,83,11.5,0.0,18,0.0,11.6,5,-1.0110066158728348,-11.555858497864248
2021-01-03 03:00:00,14.3,85,11.8,0.0,24,0.0,11.9,5,-1.037153338697132,-11.854716907291772
2021-01-03 04:00:00,14.1,86,11.9,0.0,26,0.0,12.6,5,-1.098162358620493,-12.552053195955994
2021-01-03 05:00:00,14.1,86,11.9,0.0,21,0.0,13.7,3,-0.7170026005283305,-13.68122462613766
2021-01-03 06:00:00,14.0,87,11.9,0.0,22,0.0,14.5,6,-1.5156627173809754,-14.420567482839962
2021-01-03 07:00:00,14.0,87,11.9,0.0,20,0.0,13.8,7,-1.6817969389910352,-13.697136892650244
2021-01-03 08:00:00,15.3,83,12.4,0.0,16,65.0,14.8,359,0.2582956152717967,-14.79774588831459
2021-01-03 09:00:00,17.4,73,12.6,0.0,19,220.0,14.8,354,1.5470212563612706,-14.718924051450443
2021-01-03 10:00:00,19.0,65,12.2,0.0,13,377.0,15.9,356,1.1091279325315977,-15.861268399131204
2021-01-03 11:00:00,20.2,60,12.1,0.0,15,510.0,15.9,357,0.8321417042628155,-15.878209602597725
2021-01-03 12:00:00,21.0,57,12.2,0.0,6,585.0,16.7,354,1.745625336569812,-16.608515652650162
2021-01-03 13:00:00,21.3,57,12.5,0.0,7,598.0,18.8,353,2.291143656016768,-18.659867650856857
2021-01-03 14:00:00,21.3,58,12.7,0.0,4,479.0,22.0,355,1.917426340448483,-21.9162833580184
2021-01-03 15:00:00,21.2,58,12.7,0.0,3,367.0,23.8,360,5.8293187639414016e-15,-23.8
2021-01-03 16:00:00,20.5,63,13.2,0.0,3,232.0,23.0,1,-0.4014053480575207,-22.996496988597
2021-01-03 17:00:00,19.2,70,13.7,0.0,2,75.0,21.6,360,5.290474172316566e-15,-21.6
2021-01-03 18:00:00,17.9,78,14.1,0.0,1,2.0,20.2,1,-0.3525386100331269,-20.196923442159104
2021-01-03 19:00:00,17.1,83,14.3,0.0,2,0.0,19.5,4,-1.3602512380104437,-19.45249898006657
2021-01-03 20:00:00,16.8,86,14.4,0.0,2,0.0,18.8,4,-1.3114217063895557,-18.754204144884696
2021-01-03 21:00:00,16.5,88,14.5,0.0,4,0.0,18.7,1,-0.3263600003772016,-18.697151899424515
2021-01-03 22:00:00,16.3,90,14.6,0.0,11,0.0,19.8,359,0.3455576474582145,-19.79698436409655
2021-01-03 23:00:00,16.0,91,14.6,0.0,13,0.0,21.6,2,-0.753829128774021,-21.58684186361247
2021-01-04 00:00:00,15.8,93,14.6,0.0,17,0.0,22.0,5,-1.91742634044848,-21.9162833580184
2021-01-04 01:00:00,15.7,93,14.5,0.0,20,0.0,20.9,4,-1.4579103012522188,-20.849088650430325
2021-01-04 02:00:00,15.5,93,14.5,0.0,0,0.0,20.5,1,-0.3577743319643119,-20.49687775070602
2021-01-04 03:00:00,16.0,91,14.6,0.0,4,0.0,20.5,360,5.021051876504148e-15,-20.5
2021-01-04 04:00:00,16.0,91,14.6,0.0,3,0.0,20.5,358,0.7154396824012669,-20.487511953891463
2021-01-04 05:00:00,15.9,92,14.5,0.0,2,0.0,19.1,359,0.333340962952116,-19.097090977487078
2021-01-04 06:00:00,15.6,93,14.4,0.0,1,0.0,17.0,355,1.4816476267101917,-16.935309867559674
2021-01-04 07:00:00,15.5,93,14.4,0.0,0,0.0,15.9,357,0.8321417042628155,-15.878209602597725
2021-01-04 08:00:00,16.7,89,14.8,0.0,1,62.0,16.6,358,0.5793316452615137,-16.58988772851699
2021-01-04 09:00:00,18.8,79,15.0,0.0,1,216.0,15.9,355,1.385776309687767,-15.839495699658755
2021-01-04 10:00:00,20.4,71,14.9,0.0,0,388.0,16.3,352,2.268521545649074,-16.141369520487597
2021-01-04 11:00:00,21.6,65,14.8,0.0,0,515.0,17.4,353,2.1205265752495617,-17.270303038559003
2021-01-04 12:00:00,22.2,63,14.8,0.0,0,580.0,17.4,353,2.1205265752495617,-17.270303038559003
2021-01-04 13:00:00,22.6,61,14.8,0.0,0,576.0,17.8,353,2.1692743126116207,-17.667321499215532
2021-01-04 14:00:00,22.8,61,14.9,0.0,0,503.0,17.0,354,1.776983875550108,-16.906872221260645
2021-01-04 15:00:00,22.4,63,15.0,0.0,0,406.0,16.4,351,2.5655252266597897,-16.198088785760255
2021-01-04 16:00:00,21.7,67,15.3,0.0,0,246.0,17.2,349,3.281914720476568,-16.883987555299818
2021-01-04 17:00:00,20.4,74,15.6,0.0,1,79.0,17.6,349,3.3582383186271865,-17.276638428678886
2021-01-04 18:00:00,19.0,81,15.7,0.0,0,2.0,18.9,351,2.956611389260368,-18.6673096372481
2021-01-04 19:00:00,18.3,86,15.9,0.0,1,0.0,17.3,355,1.507794349534489,-17.234168276987198
2021-01-04 20:00:00,17.8,89,16.0,0.0,1,0.0,16.8,351,2.6280990126758823,-16.593164121998313
2021-01-04 21:00:00,17.5,91,16.1,0.0,4,0.0,17.9,351,2.8001769242201364,-17.679621296652964
2021-01-04 22:00:00,17.3,92,16.1,0.0,6,0.0,19.2,354,2.006946494738945,-19.094820391070847
2021-01-04 23:00:00,17.3,92,16.0,0.0,9,0.0,20.2,356,1.409080769631338,-20.15079381524845
2021-01-05 00:00:00,17.3,92,16.0,0.0,11,0.0,21.6,357,1.1304566548475985,-21.5703979506988
2021-01-05 01:00:00,17.3,92,16.0,0.0,11,0.0,21.6,356,1.506739832873114,-21.547383485612205
2021-01-05 02:00:00,17.2,93,16.0,0.0,13,0.0,21.3,354,2.226456267601018,-21.183316371344223
2021-01-05 03:00:00,16.9,94,16.0,0.0,15,0.0,21.8,352,3.0339736009294365,-21.58784389856623
2021-01-05 04:00:00,16.9,94,16.0,0.0,14,0.0,22.5,354,2.351890423522202,-22.37674264578615
2021-01-05 05:00:00,16.9,93,15.8,0.0,14,0.0,21.4,352,2.9783043605454096,-21.1917366710696
2021-01-05 06:00:00,16.7,94,15.7,0.0,11,0.0,19.7,351,3.0817589612925524,-19.45746030972421
2021-01-05 07:00:00,16.7,94,15.7,0.0,14,0.0,19.8,350,3.438233917805222,-19.49919350964172
2021-01-05 08:00:00,17.5,91,15.9,0.0,5,61.0,20.8,351,3.253836872836807,-20.543917484378863
2021-01-05 09:00:00,19.1,81,15.7,0.0,6,210.0,21.0,355,1.830270597700825,-20.920088659926652
2021-01-05 10:00:00,20.3,74,15.6,0.0,1,388.0,19.2,354,2.006946494738945,-19.094820391070847
2021-01-05 11:00:00,21.3,69,15.4,0.0,0,476.0,18.9,352,2.630371608145245,-18.716066499215675
2021-01-05 12:00:00,21.9,66,15.3,0.0,0,570.0,19.6,353,2.3886391307408856,-19.453904572169915
2021-01-05 13:00:00,22.2,65,15.2,0.0,0,579.0,20.3,353,2.4739476711244888,-20.14868687831884
2021-01-05 14:00:00,22.3,64,15.1,0.0,1,519.0,20.3,354,2.1219278043333643,-20.18879447597595
2021-01-05 15:00:00,21.8,65,14.9,0.0,1,384.0,21.0,353,2.559256211508092,-20.843469184467764
2021-01-05 16:00:00,21.0,67,14.6,0.0,3,244.0,22.8,354,2.3832489625024977,-22.67509921439663
2021-01-05 17:00:00,19.7,71,14.4,0.0,5,77.0,23.5,354,2.456418886789855,-23.37126454115442
2021-01-05 18:00:00,18.2,77,14.1,0.0,5,2.0,24.5,357,1.2822309279521371,-24.466423601487055
2021-01-05 19:00:00,17.5,80,13.9,0.0,10,0.0,23.1,358,0.806178373827769,-23.085928104141114
2021-01-05 20:00:00,17.1,81,13.8,0.0,13,0.0,22.8,355,1.9871509346466096,-22.7132391164918
2021-01-05 21:00:00,16.8,82,13.7,0.0,7,0.0,23.8,356,1.66020407511019,-23.74202439618381
2021-01-05 22:00:00,16.7,82,13.6,0.0,12,0.0,23.1,357,1.208960589212015,-23.068342252830657
2021-01-05 23:00:00,16.5,82,13.5,0.0,13,0.0,22.0,356,1.534642422370764,-21.94640910571613
2021-01-06 00:00:00,16.4,83,13.5,0.0,24,0.0,20.6,355,1.7954083006017614,-20.52161078068996
2021-01-06 01:00:00,16.4,84,13.6,0.0,43,0.0,19.5,355,1.6995369835793372,-19.42579661278904
2021-01-06 02:00:00,16.3,84,13.7,0.0,58,0.0,19.5,356,1.36025123801045,-19.45249898006657
2021-01-06 03:00:00,16.1,85,13.7,0.1,66,0.0,18.8,356,1.311421706389562,-18.754204144884696
2021-01-06 04:00:00,15.9,87,13.6,0.1,73,0.0,18.4,357,0.9629815948701764,-18.37478343948416
2021-01-06 05:00:00,15.8,86,13.5,0.0,75,0.0,17.3,358,0.6037612929532643,-17.289461307430358
2021-01-06 06:00:00,15.8,86,13.5,0.0,65,0.0,14.0,360,3.429011037612589e-15,-14.0
2021-01-06 07:00:00,15.9,86,13.5,0.0,61,0.0,12.2,2,-0.4257738597705118,-12.192568089632967
2021-01-06 08:00:00,16.5,85,14.0,0.0,82,37.0,13.4,355,1.1678869528186215,-13.34900895442939
2021-01-06 09:00:00,17.7,80,14.1,0.0,78,130.0,12.8,350,2.222696674136709,-12.605539238556265
2021-01-06 10:00:00,19.0,74,14.2,0.0,72,251.0,11.4,347,2.564442019520065,-11.10781873855168
2021-01-06 11:00:00,20.0,71,14.5,0.0,57,373.0,10.0,339,3.583679495453008,-9.335804264972015
2021-01-06 12:00:00,20.8,68,14.6,0.0,45,471.0,8.7,330,4.350000000000003,-7.534421012924613
2021-01-06 13:00:00,21.0,67,14.6,0.0,51,420.0,10.5,322,6.464445490919411,-8.274112912870581
2021-01-06 14:00:00,20.9,67,14.5,0.0,53,258.0,13.1,328,6.941942361454985,-11.109430059649178
2021-01-06 15:00:00,20.5,68,14.4,0.0,65,263.0,14.5,341,4.720738239628772,-13.710019346190094
2021-01-06 16:00:00,20.0,69,14.2,0.0,53,165.0,14.8,347,3.329275604289207,-14.42067695882148
2021-01-06 17:00:00,18.9,74,14.2,0.0,74,39.0,15.8,348,3.285004714920606,-15.45473209159413
2021-01-06 18:00:00,17.9,79,14.2,0.0,52,1.0,15.7,351,2.456021101131628,-15.50670694734366
2021-01-06 19:00:00,17.3,81,14.1,0.0,36,0.0,17.0,355,1.4816476267101917,-16.935309867559674
2021-01-06 20:00:00,16.9,83,13.9,0.0,62,0.0,16.9,358,0.5898014942722639,-16.889704976622717
2021-01-06 21:00:00,16.7,84,13.9,0.0,74,0.0,16.2,357,0.8478424911356988,-16.177798463024097
2021-01-06 22:00:00,16.4,85,13.8,0.1,80,0.0,17.7,356,1.2346895852710238,-17.65688368959889
2021-01-06 23:00:00,16.4,85,13.9,0.2,94,0.0,18.4,358,0.6421507393260151,-18.38879121715136
2021-01-07 00:00:00,16.2,86,13.9,0.1,89,0.0,16.9,360,4.139306181118054e-15,-16.9
2021-01-07 01:00:00,16.1,86,13.8,0.0,86,0.0,15.8,359,0.2757480217090802,-15.797593583470984
2021-01-07 02:00:00,16.1,86,13.7,0.0,84,0.0,16.9,358,0.5898014942722639,-16.889704976622717
2021-01-07 03:00:00,16.2,86,13.9,0.1,74,0.0,17.6,360,4.310756732998684e-15,-17.6
2021-01-07 04:00:00,16.1,87,13.8,0.0,96,0.0,18.0,357,0.9420472123729986,-17.975331625582328
2021-01-07 05:00:00,16.1,86,13.8,0.0,100,0.0,20.5,357,1.0728871029803595,-20.471905462468765
2021-01-07 06:00:00,15.9,86,13.6,0.0,100,0.0,19.8,358,0.6910100347095163,-19.787938374978097
2021-01-07 07:00:00,15.8,85,13.3,0.0,100,0.0,20.2,359,0.3525386100331279,-20.196923442159104
2021-01-07 08:00:00,16.1,83,13.3,0.0,100,30.0,22.0,356,1.534642422370764,-21.94640910571613
2021-01-07 09:00:00,16.8,78,12.9,0.0,100,119.0,24.1,358,0.8410778705302699,-24.08531893116021
2021-01-07 10:00:00,17.6,73,12.6,0.0,100,201.0,24.1,359,0.4206029951385338,-24.096329453269032
2021-01-07 11:00:00,17.9,70,12.4,0.0,100,177.0,24.5,360,6.000769315822031e-15,-24.5
2021-01-07 12:00:00,18.4,67,12.2,0.0,100,374.0,24.8,359,0.4328196796446323,-24.796222839878503
2021-01-07 13:00:00,18.3,66,11.8,0.0,100,341.0,25.9,358,0.9038969645947712,-25.88422241979458
2021-01-07 14:00:00,18.0,65,11.4,0.0,100,309.0,28.1,358,0.9806758573402732,-28.082882239236596
2021-01-07 15:00:00,17.4,68,11.4,0.0,100,277.0,29.9,359,0.5218269524747784,-29.895446085176097
2021-01-07 16:00:00,16.4,71,11.1,0.0,100,137.0,29.5,359,0.5148459898998651,-29.49550700711354
2021-01-07 17:00:00,15.4,74,10.8,0.0,100,49.0,27.4,358,0.9562462096485224,-27.383308660323223
2021-01-07 18:00:00,14.5,76,10.3,0.0,100,1.0,26.3,358,0.9178567632757716,-26.28397875060222
2021-01-07 19:00:00,14.2,76,10.0,0.0,100,0.0,27.4,357,1.4340052010566755,-27.36244925227532
2021-01-07 20:00:00,13.8,77,9.9,0.3,100,0.0,28.1,358,0.9806758573402732,-28.082882239236596
2021-01-07 21:00:00,13.4,80,10.0,0.4,100,0.0,28.1,357,1.4706403704267368,-28.061489926603524
2021-01-07 22:00:00,13.0,81,9.9,0.5,100,0.0,28.1,356,1.9601569122099305,-28.031549812301066
2021-01-07 23:00:00,12.7,83,9.9,0.5,100,0.0,28.1,357,1.4706403704267368,-28.061489926603524
2021-01-08 00:00:00,12.4,83,9.7,0.4,100,0.0,27.8,356,1.9392299700866928,-27.732280597223117
2021-01-08 01:00:00,12.2,84,9.5,0.5,100,0.0,28.1,357,1.4706403704267368,-28.061489926603524
2021-01-08 02:00:00,11.9,84,9.3,0.6,100,0.0,28.1,358,0.9806758573402732,-28.082882239236596
2021-01-08 03:00:00,11.6,82,8.7,0.4,100,0.0,28.4,359,0.495648342818853,-28.395674542441512
2021-01-08 04:00:00,11.4,81,8.3,0.2,100,0.0,29.2,359,0.5096102679686799,-29.195552698566622
2021-01-08 05:00:00,11.1,81,8.1,0.3,100,0.0,29.9,358,1.0434949514047749,-29.88178572787096
2021-01-08 06:00:00,11.0,80,7.8,0.2,100,0.0,29.5,359,0.5148459898998651,-29.49550700711354
2021-01-08 07:00:00,11.0,80,7.6,0.2,100,0.0,28.5,357,1.4915747529239145,-28.460941740505355
2021-01-08 08:00:00,11.0,79,7.5,0.2,100,11.0,27.9,354,2.91634412516753,-27.747160880774825
2021-01-08 09:00:00,11.2,78,7.5,0.3,100,16.0,28.5,357,1.4915747529239145,-28.460941740505355
2021-01-08 10:00:00,11.5,76,7.5,0.3,100,33.0,28.8,358,1.0051055050320237,-28.78245581814996
2021-01-08 11:00:00,11.8,75,7.5,0.3,100,41.0,30.6,358,1.0679245990965252,-30.58135930678433
2021-01-08 12:00:00,12.4,72,7.5,0.2,100,146.0,29.9,357,1.5648450916640366,-29.85902308916176
2021-01-08 13:00:00,12.7,70,7.3,0.2,100,106.0,30.3,358,1.057454750085775,-30.281542058678603
2021-01-08 14:00:00,12.5,69,7.0,0.2,100,102.0,29.2,359,0.5096102679686799,-29.195552698566622
2021-01-08 15:00:00,12.2,70,6.8,0.0,100,69.0,28.8,358,1.0051055050320237,-28.78245581814996
2021-01-08 16:00:00,12.0,68,6.4,0.0,100,32.0,28.5,357,1.4915747529239145,-28.460941740505355
2021-01-08 17:00:00,11.6,70,6.2,0.0,100,0.0,28.5,356,1.9880595017075808,-28.43057543240499
2021-01-08 18:00:00,11.1,72,6.3,0.1,100,0.0,26.6,358,0.928326612286522,-26.58379599870795
2021-01-08 19:00:00,11.0,73,6.3,0.2,100,0.0,26.4,355,2.30091160853818,-26.29954002962208
2021-01-08 20:00:00,11.0,71,5.9,0.0,100,0.0,25.6,358,0.8934271155840211,-25.584405171688854
2021-01-08 21:00:00,11.1,68,5.4,0.0,100,0.0,24.5,359,0.4275839577134472,-24.496268531331587
2021-01-08 22:00:00,11.1,67,5.1,0.0,100,0.0,24.1,357,1.2612965454549594,-24.06697178758523
2021-01-08 23:00:00,11.0,67,5.2,0.0,100,0.0,23.1,358,0.806178373827769,-23.085928104141114
2021-01-09 00:00:00,10.9,69,5.4,0.0,100,0.0,21.6,356,1.506739832873114,-21.547383485612205
2021-01-09 01:00:00,10.7,71,5.7,0.1,100,0.0,21.6,356,1.506739832873114,-21.547383485612205
2021-01-09 02:00:00,10.7,72,5.9,0.1,100,0.0,21.6,359,0.3769719790453249,-21.596710215378053
2021-01-09 03:00:00,11.1,65,4.7,0.0,100,0.0,21.6,360,5.290474172316566e-15,-21.6
2021-01-09 04:00:00,11.0,66,4.9,0.0,100,0.0,21.2,1,-0.3699910164704104,-21.19677113731549
2021-01-09 05:00:00,11.0,66,4.9,0.0,100,0.0,21.3,2,-0.7433592797632707,-21.28702461550674
2021-01-09 06:00:00,11.0,67,5.0,0.0,100,0.0,20.5,2,-0.7154396824012699,-20.487511953891463
2021-01-09 07:00:00,11.0,67,5.1,0.0,100,0.0,19.5,4,-1.3602512380104437,-19.45249898006657
2021-01-09 08:00:00,11.2,67,5.4,0.0,100,31.0,19.5,5,-1.699536983579334,-19.42579661278904
2021-01-09 09:00:00,11.9,66,5.8,0.0,100,109.0,19.2,6,-2.0069464947389464,-19.094820391070847
2021-01-09 10:00:00,12.7,64,6.1,0.0,100,178.0,18.4,4,-1.2835191168919056,-18.355178524780765
2021-01-09 11:00:00,13.4,63,6.6,0.0,100,246.0,19.4,359,0.338576684883301,-19.39704528603399
2021-01-09 12:00:00,14.0,62,6.9,0.0,100,259.0,21.2,1,-0.3699910164704104,-21.19677113731549
2021-01-09 13:00:00,14.1,62,6.9,0.0,93,165.0,21.6,3,-1.130456654847587,-21.5703979506988
2021-01-09 14:00:00,14.1,62,6.9,0.0,84,221.0,20.5,3,-1.0728871029803486,-20.471905462468765
2021-01-09 15:00:00,13.9,61,6.4,0.0,87,226.0,20.5,1,-0.3577743319643119,-20.49687775070602
2021-01-09 16:00:00,13.3,62,6.3,0.0,78,79.0,20.5,3,-1.0728871029803486,-20.471905462468765
2021-01-09 17:00:00,12.8,64,6.2,0.0,91,40.0,19.1,3,-0.9996167642402272,-19.07382411381236
2021-01-09 18:00:00,12.0,67,6.1,0.0,93,1.0,19.9,6,-2.080116419026304,-19.79098571782864
2021-01-09 19:00:00,11.6,69,6.0,0.0,89,0.0,18.9,8,-2.6303716081452366,-18.71606649921568
2021-01-09 20:00:00,11.5,70,6.1,0.0,100,0.0,16.4,9,-2.565525226659786,-16.19808878576026
2021-01-09 21:00:00,11.5,69,6.0,0.0,95,0.0,14.1,6,-1.473851332073914,-14.022758724692652
2021-01-09 22:00:00,11.6,68,5.9,0.0,86,0.0,15.1,1,-0.263531337202981,-15.097700196861508
2021-01-09 23:00:00,11.8,67,5.9,0.0,69,0.0,14.8,6,-1.5470212563612715,-14.718924051450443
2021-01-10 00:00:00,11.9,67,5.9,0.0,53,0.0,13.8,6,-1.442492793093618,-13.724402156082173
2021-01-10 01:00:00,12.0,67,6.1,0.0,45,0.0,12.7,8,-1.767498382192831,-12.576404473017943
2021-01-10 02:00:00,12.0,68,6.2,0.0,50,0.0,11.7,9,-1.830283240970701,-11.555953584963111
2021-01-10 03:00:00,11.5,70,6.3,0.0,35,0.0,12.1,10,-2.101142949769857,-11.916173811447717
2021-01-10 04:00:00,11.3,72,6.3,0.0,36,0.0,11.0,11,-2.0988989491419927,-10.797899017924305
2021-01-10 05:00:00,11.3,72,6.4,0.0,25,0.0,10.6,10,-1.8406706832694613,-10.438962181929403
2021-01-10 06:00:00,11.0,74,6.6,0.0,21,0.0,9.9,10,-1.7191169589026103,-9.74959675482086
2021-01-10 07:00:00,10.8,77,6.9,0.0,16,0.0,8.7,24,-3.5386087947594613,-7.947845481490627
2021-01-10 08:00:00,11.9,75,7.6,0.0,15,50.0,8.6,22,-3.221616703376843,-7.973781149274371
2021-01-10 09:00:00,14.3,63,7.4,0.0,11,201.0,5.9,11,-1.1257730727216144,-5.791600382341218
2021-01-10 10:00:00,15.4,60,7.6,0.0,9,321.0,4.2,329,2.163159914622229,-3.600102662948871
2021-01-10 11:00:00,16.5,57,8.0,0.0,4,516.0,5.4,307,4.312631754255383,-3.249801125021059
2021-01-10 12:00:00,17.1,56,8.3,0.0,9,526.0,6.6,315,4.666904755831214,-4.6669047558312124
2021-01-10 13:00:00,17.4,56,8.4,0.0,14,452.0,8.2,311,6.188618557826731,-5.379684037722157
2021-01-10 14:00:00,17.6,55,8.5,0.0,51,383.0,8.7,308,6.855693556378479,-5.356254835333228
2021-01-10 15:00:00,17.7,54,8.4,0.0,80,313.0,8.7,308,6.855693556378479,-5.356254835333228
2021-01-10 16:00:00,17.4,55,8.2,0.0,100,94.0,8.9,328,4.716281451675525,-7.54762805579219
2021-01-10 17:00:00,16.7,58,8.5,0.0,100,20.0,7.2,360,1.7634913907721889e-15,-7.2
2021-01-10 18:00:00,16.0,62,8.8,0.0,100,1.0,7.3,20,-2.496747046277381,-6.859756131737131
2021-01-10 19:00:00,15.5,64,8.8,0.0,100,0.0,7.3,20,-2.496747046277381,-6.859756131737131
2021-01-10 20:00:00,15.3,65,8.7,0.0,100,0.0,7.6,8,-1.0577155672964973,-7.5260373224359345
2021-01-10 21:00:00,15.0,66,8.8,0.0,90,0.0,7.2,357,0.3768188849491994,-7.190132650232932
2021-01-10 22:00:00,14.8,68,9.0,0.0,71,0.0,7.7,349,1.469229264399394,-7.558529312547013
2021-01-10 23:00:00,14.7,70,9.3,0.0,74,0.0,6.8,357,0.3558845024520217,-6.790680836331102
2021-01-11 00:00:00,14.7,71,9.5,0.0,82,0.0,7.2,3,-0.3768188849491956,-7.190132650232932
2021-01-11 01:00:00,14.6,72,9.6,0.0,88,0.0,7.9,3,-0.4134540543192563,-7.889173324561134
2021-01-11 02:00:00,14.6,72,9.7,0.0,95,0.0,9.7,2,-0.3385251180142594,-9.694091022085228
2021-01-11 03:00:00,14.6,76,10.3,0.0,100,0.0,11.2,2,-0.3908743630680108,-11.193177262613872
2021-01-11 04:00:00,14.5,76,10.3,0.0,92,0.0,12.2,2,-0.4257738597705118,-12.192568089632967
2021-01-11 05:00:00,14.4,77,10.4,0.0,99,0.0,12.3,357,0.6437322617882157,-12.283143277481258
2021-01-11 06:00:00,14.4,78,10.5,0.0,100,0.0,12.2,360,2.9881381899195417e-15,-12.2
2021-01-11 07:00:00,14.4,79,10.8,0.0,87,0.0,15.6,8,-2.171100374977021,-15.448181872368496
2021-01-11 08:00:00,14.6,79,11.0,0.0,82,2.0,16.2,12,-3.3681693912477013,-15.84599113188765
2021-01-11 09:00:00,15.0,78,11.1,0.0,59,4.0,14.8,1,-0.258295615271796,-14.79774588831459
2021-01-11 10:00:00,15.7,74,11.0,0.0,86,58.0,19.6,343,5.730485412565649,-18.743573216875493
2021-01-11 11:00:00,16.0,72,11.1,0.0,77,61.0,23.1,355,2.013297657470907,-23.012097525919323
2021-01-11 12:00:00,16.2,72,11.1,0.0,73,96.0,24.1,2,-0.8410778705302734,-24.08531893116021
2021-01-11 13:00:00,15.9,72,10.8,0.0,83,42.0,24.5,360,6.000769315822031e-15,-24.5
2021-01-11 14:00:00,15.6,72,10.6,0.0,82,31.0,26.6,359,0.4642340112317427,-26.59594869116001
2021-01-11 15:00:00,15.2,75,10.8,0.0,91,35.0,28.1,359,0.490412620887668,-28.0957202338946
2021-01-11 16:00:00,14.7,73,9.9,0.0,97,39.0,29.2,359,0.5096102679686799,-29.195552698566622
2021-01-11 17:00:00,14.0,75,9.5,0.0,95,1.0,29.5,359,0.5148459898998651,-29.49550700711354
2021-01-11 18:00:00,13.4,75,9.1,0.0,100,0.0,29.9,1,-0.521826952474777,-29.895446085176097
2021-01-11 19:00:00,12.9,76,8.7,0.0,81,0.0,28.8,358,1.0051055050320237,-28.78245581814996
2021-01-11 20:00:00,12.8,76,8.7,0.0,73,0.0,29.0,354,3.031325434761949,-28.841134965679924
2021-01-11 21:00:00,12.7,76,8.7,0.0,74,0.0,30.7,355,2.6756813023531105,-30.583177231416588
2021-01-11 22:00:00,12.7,76,8.6,0.0,77,0.0,29.5,359,0.5148459898998651,-29.49550700711354
2021-01-11 23:00:00,12.6,76,8.5,0.0,80,0.0,28.5,357,1.4915747529239145,-28.460941740505355
2021-01-12 00:00:00,12.6,76,8.4,0.0,100,0.0,27.8,356,1.9392299700866928,-27.732280597223117
2021-01-12 01:00:00,12.4,74,7.8,0.0,100,0.0,27.0,358,0.9422864109675222,-26.983552329515582
2021-01-12 02:00:00,12.4,72,7.6,0.0,66,0.0,26.7,357,1.3973700316866149,-26.66340857794712
2021-01-12 03:00:00,11.7,80,8.4,0.4,68,0.0,27.0,357,1.413070818559498,-26.96299743837349
2021-01-12 04:00:00,11.6,81,8.4,0.4,63,0.0,26.6,358,0.928326612286522,-26.58379599870795
2021-01-12 05:00:00,11.6,81,8.4,0.3,67,0.0,25.6,359,0.4467816047944591,-25.596100996003617
2021-01-12 06:00:00,11.7,80,8.3,0.1,100,0.0,24.8,359,0.4328196796446323,-24.796222839878503
2021-01-12 07:00:00,11.8,77,7.9,0.0,100,0.0,26.3,357,1.376435649189437,-26.263956764045293
2021-01-12 08:00:00,12.1,72,7.3,0.0,98,20.0,27.4,358,0.9562462096485224,-27.383308660323223
2021-01-12 09:00:00,12.8,66,6.7,0.0,97,112.0,28.4,359,0.495648342818853,-28.395674542441512
2021-01-12 10:00:00,13.7,61,6.3,0.0,100,213.0,30.6,359,0.534043636980877,-30.59533947178557
2021-01-12 11:00:00,14.5,58,6.3,0.0,100,337.0,30.3,2,-1.0574547500857794,-30.281542058678603
2021-01-12 12:00:00,15.2,56,6.5,0.0,90,424.0,28.1,2,-0.9806758573402772,-28.082882239236596
2021-01-12 13:00:00,15.3,56,6.7,0.0,96,337.0,26.6,1,-0.4642340112317414,-26.59594869116001
2021-01-12 14:00:00,15.6,56,6.8,0.0,97,388.0,24.1,360,5.9027975718902425e-15,-24.1
2021-01-12 15:00:00,15.6,57,7.0,0.0,100,320.0,24.9,358,0.8689974678922705,-24.884831592775484
2021-01-12 16:00:00,14.9,59,6.9,0.0,100,182.0,23.8,360,5.8293187639414016e-15,-23.8
2021-01-12 17:00:00,14.1,61,6.8,0.0,100,74.0,20.2,1,-0.3525386100331269,-20.196923442159104
2021-01-12 18:00:00,13.2,64,6.6,0.0,100,3.0,17.3,359,0.3019266313650056,-17.29736512620557
2021-01-12 19:00:00,12.6,67,6.6,0.0,100,0.0,17.3,360,4.237277925049842e-15,-17.3
2021-01-12 20:00:00,12.5,68,6.6,0.0,100,0.0,17.0,4,-1.18586005365013,-16.958588854417012
2021-01-12 21:00:00,12.5,68,6.7,0.0,100,0.0,14.8,4,-1.0323958114130545,-14.763947943845398
2021-01-12 22:00:00,12.6,68,6.8,0.0,100,0.0,14.8,1,-0.258295615271796,-14.79774588831459
2021-01-12 23:00:00,12.5,68,6.8,0.0,100,0.0,14.8,6,-1.5470212563612715,-14.718924051450443
2021-01-13 00:00:00,12.4,69,6.8,0.0,93,0.0,14.9,8,-2.073679204304975,-14.7549942242494
2021-01-13 01:00:00,12.5,69,6.9,0.0,81,0.0,14.5,7,-1.7671054793746384,-14.391919198799169
2021-01-13 02:00:00,12.4,69,6.9,0.0,60,0.0,14.2,7,-1.730544676353094,-14.094155353306771
2021-01-13 03:00:00,11.8,70,6.4,0.0,43,0.0,14.5,7,-1.7671054793746384,-14.391919198799169
2021-01-13 04:00:00,11.7,71,6.5,0.0,35,0.0,13.8,6,-1.442492793093618,-13.724402156082173
2021-01-13 05:00:00,11.3,73,6.6,0.0,23,0.0,12.6,5,-1.098162358620493,-12.552053195955994
2021-01-13 06:00:00,11.1,75,6.8,0.0,18,0.0,12.7,7,-1.5477406612453728,-12.605336125844788
2021-01-13 07:00:00,10.9,77,7.0,0.0,21,0.0,10.7,12,-2.2246550917500247,-10.46617932785172
2021-01-13 08:00:00,12.2,73,7.6,0.0,16,63.0,11.3,7,-1.3771235804781663,-11.215771513546938
2021-01-13 09:00:00,14.5,63,7.6,0.0,17,231.0,9.4,7,-1.1455718280083864,-9.329933825428428
2021-01-13 10:00:00,16.2,57,7.7,0.0,21,391.0,7.9,360,1.934941942652818e-15,-7.9
2021-01-13 11:00:00,17.4,56,8.5,0.0,7,551.0,7.9,344,2.177535110954292,-7.59396739791272
2021-01-13 12:00:00,18.1,54,8.7,0.0,3,610.0,10.0,334,4.383711467890778,-8.987940462991668
2021-01-13 13:00:00,18.5,53,8.7,0.0,2,595.0,11.4,336,4.636797731064122,-10.414418217125652
2021-01-13 14:00:00,18.7,52,8.7,0.0,3,559.0,12.0,339,4.300415394543609,-11.202965117966418
2021-01-13 15:00:00,18.8,47,7.2,0.0,3,422.0,12.1,343,3.5376976271451195,-11.571287547152728
2021-01-13 16:00:00,18.3,47,6.8,0.0,2,253.0,12.5,348,2.5988961352219984,-12.22684500917257
2021-01-13 17:00:00,17.2,51,7.1,0.0,1,102.0,10.5,354,1.0975488643103608,-10.44247990136687
2021-01-13 18:00:00,15.5,58,7.3,0.0,2,5.0,13.0,358,0.4536934571325107,-12.992080751248244
2021-01-13 19:00:00,14.6,62,7.5,0.0,2,0.0,13.0,6,-1.3588700224794952,-12.928784639787551
2021-01-13 20:00:00,13.9,66,7.7,0.0,2,0.0,11.4,13,-2.564442019520061,-11.107818738551682
2021-01-13 21:00:00,13.4,70,8.0,0.0,0,0.0,10.7,14,-2.5885642829164444,-10.382164271153162
2021-01-13 22:00:00,13.0,73,8.2,0.0,0,0.0,10.3,12,-2.141490415422921,-10.0749202875582
2021-01-13 23:00:00,12.6,75,8.4,0.0,0,0.0,8.9,14,-2.153104870837043,-8.635631963856369
2021-01-14 00:00:00,12.1,79,8.5,0.0,0,0.0,9.2,21,-3.296985135816762,-8.588939923774255
2021-01-14 01:00:00,11.6,81,8.4,0.0,0,0.0,9.2,21,-3.296985135816762,-8.588939923774255
2021-01-14 02:00:00,11.0,83,8.3,0.0,0,0.0,9.6,20,-3.28339337592642,-9.02104915954472
2021-01-14 03:00:00,10.8,82,7.9,0.0,0,0.0,9.4,18,-2.9047597471245057,-8.939931253174443
2021-01-14 04:00:00,10.4,84,7.9,0.0,0,0.0,9.4,7,-1.1455718280083864,-9.329933825428428
2021-01-14 05:00:00,10.3,84,7.8,0.0,0,0.0,8.6,2,-0.3001356716415083,-8.594761112364223
2021-01-14 06:00:00,10.2,85,7.8,0.0,0,0.0,9.1,9,-1.4235536318661008,-8.987963899415753
2021-01-14 07:00:00,10.1,85,7.7,0.0,0,0.0,8.2,15,-2.12231616984067,-7.92059177557036
2021-01-14 08:00:00,12.0,83,9.1,0.0,0,71.0,9.4,360,2.3023359823970247e-15,-9.4
2021-01-14 09:00:00,16.2,65,9.7,0.0,0,241.0,7.7,349,1.469229264399394,-7.558529312547013
2021-01-14 10:00:00,17.8,50,7.2,0.0,0,421.0,8.3,342,2.564841053312066,-7.893769085249775
2021-01-14 11:00:00,18.8,46,6.9,0.0,0,555.0,8.7,336,3.538608794759461,-7.947845481490628
2021-01-14 12:00:00,19.4,44,6.8,0.0,0,628.0,9.0,331,4.363286582217032,-7.871577364254563
2021-01-14 13:00:00,19.9,43,7.1,0.0,0,638.0,10.0,330,5.000000000000004,-8.660254037844384
2021-01-14 14:00:00,20.0,45,7.7,0.0,0,573.0,10.5,333,4.766900247265244,-9.355568503977862
2021-01-14 15:00:00,19.9,45,7.7,0.0,0,452.0,11.0,337,4.298042413382013,-10.125553387976844
2021-01-14 16:00:00,19.5,47,8.0,0.0,0,278.0,11.0,341,3.5812496990287235,-10.400704331592486
2021-01-14 17:00:00,18.5,53,8.8,0.0,0,106.0,8.9,346,2.153104870837044,-8.635631963856369
2021-01-14 18:00:00,17.0,60,9.1,0.0,0,6.0,9.8,354,1.0243789400230034,-9.746314574609078
2021-01-14 19:00:00,15.8,66,9.5,0.0,0,0.0,9.0,355,0.7844016847289249,-8.96575228282571
2021-01-14 20:00:00,15.0,72,9.9,0.0,0,0.0,8.6,358,0.300135671641507,-8.594761112364223
2021-01-14 21:00:00,14.4,76,10.3,0.0,0,0.0,8.6,358,0.300135671641507,-8.594761112364223
2021-01-14 22:00:00,13.9,80,10.6,0.0,0,0.0,8.6,2,-0.3001356716415083,-8.594761112364223
2021-01-14 23:00:00,13.1,85,10.6,0.0,0,0.0,9.0,2,-0.3140954703225087,-8.994517443171862
2021-01-15 00:00:00,12.4,88,10.5,0.0,0,0.0,9.0,2,-0.3140954703225087,-8.994517443171862
2021-01-15 01:00:00,11.8,90,10.2,0.0,0,0.0,8.6,360,2.1063924945334478e-15,-8.6
2021-01-15 02:00:00,11.5,91,10.1,0.0,0,0.0,7.9,3,-0.4134540543192563,-7.889173324561134
2021-01-15 03:00:00,11.5,91,10.1,0.0,0,0.0,7.6,3,-0.3977532674463731,-7.589584464134761
2021-01-15 04:00:00,11.4,91,10.0,0.0,2,0.0,7.6,3,-0.3977532674463731,-7.589584464134761
2021-01-15 05:00:00,11.3,92,10.0,0.0,4,0.0,7.9,360,1.934941942652818e-15,-7.9
2021-01-15 06:00:00,11.3,92,10.0,0.0,32,0.0,8.3,358,0.2896658226307568,-8.294943864258496
2021-01-15 07:00:00,11.4,93,10.3,0.0,29,0.0,7.6,360,1.8614631347039767e-15,-7.6
2021-01-15 08:00:00,13.5,91,12.0,0.0,20,57.0,9.4,342,2.9047597471245084,-8.939931253174443
2021-01-15 09:00:00,16.9,79,13.2,0.0,0,212.0,9.4,337,3.6728726077991753,-8.652745622452938
2021-01-15 10:00:00,18.9,60,11.1,0.0,0,404.0,10.9,343,3.186851581477835,-10.423721839997086
2021-01-15 11:00:00,20.0,54,10.5,0.0,0,529.0,11.6,344,3.1973933274771875,-11.1506356728845
2021-01-15 12:00:00,20.6,52,10.3,0.0,0,565.0,12.8,338,4.794964395723678,-11.867953338454878
2021-01-15 13:00:00,20.9,50,10.0,0.0,0,615.0,12.8,338,4.794964395723678,-11.867953338454878
2021-01-15 14:00:00,21.1,48,9.8,0.0,0,562.0,11.0,341,3.5812496990287235,-10.400704331592486
2021-01-15 15:00:00,20.9,51,10.4,0.0,0,453.0,11.0,341,3.5812496990287235,-10.400704331592486
2021-01-15 16:00:00,20.4,54,10.7,0.0,0,281.0,12.0,344,3.3076482698039875,-11.535140351259829
2021-01-15 17:00:00,19.3,59,11.2,0.0,0,107.0,11.8,348,2.4533579516495667,-11.542141688658909
2021-01-15 18:00:00,17.6,67,11.3,0.0,0,6.0,11.6,355,1.0110066158728364,-11.555858497864248
2021-01-15 19:00:00,16.5,74,11.8,0.0,0,0.0,11.5,2,-0.4013442120787611,-11.4929945107196
2021-01-15 20:00:00,15.8,80,12.4,0.0,0,0.0,10.9,6,-1.1393602496174229,-10.84028865951418
2021-01-15 21:00:00,15.3,85,12.8,0.0,0,0.0,10.2,8,-1.419565629792667,-10.100734301164016
2021-01-15 22:00:00,14.8,88,12.8,0.0,0,0.0,9.5,9,-1.4861274178821933,-9.38303923565381
2021-01-15 23:00:00,14.4,90,12.8,0.0,0,0.0,9.4,7,-1.1455718280083864,-9.329933825428428
2021-01-16 00:00:00,14.0,92,12.8,0.0,0,0.0,9.0,5,-0.7844016847289235,-8.96575228282571
2021-01-16 01:00:00,13.8,93,12.8,0.0,0,0.0,9.0,360,2.204364238465236e-15,-9.0
2021-01-16 02:00:00,13.7,94,12.8,0.0,0,0.0,9.4,360,2.3023359823970247e-15,-9.4
2021-01-16 03:00:00,13.6,93,12.5,0.0,0,0.0,9.7,2,-0.3385251180142594,-9.694091022085228
2021-01-16 04:00:00,13.5,93,12.4,0.0,0,0.0,10.2,8,-1.419565629792667,-10.100734301164016
2021-01-16 05:00:00,13.3,93,12.1,0.0,3,0.0,9.5,9,-1.4861274178821933,-9.38303923565381
2021-01-16 06:00:00,13.1,94,12.2,0.0,0,0.0,6.5,360,1.5920408388915589e-15,-6.5
2021-01-16 07:00:00,13.4,94,12.4,0.0,1,0.0,6.3,13,-1.4171916423663495,-6.1385314081469815
2021-01-16 08:00:00,14.6,92,13.3,0.0,0,42.0,2.8,40,-1.7998053071223097,-2.1449244407331385
2021-01-16 09:00:00,17.3,83,14.3,0.0,0,155.0,0.4,270,0.4,7.347880794884119e-17
2021-01-16 10:00:00,19.1,76,14.7,0.0,0,299.0,2.7,247,2.4853631043215887,1.0549740469210394
2021-01-16 11:00:00,20.7,68,14.5,0.0,0,519.0,4.7,247,4.326372811226469,1.836436303899587
2021-01-16 12:00:00,21.6,63,14.3,0.0,0,595.0,6.2,263,6.153786140176197,0.7555899291119125
2021-01-16 13:00:00,22.0,61,14.1,0.0,0,582.0,8.4,295,7.612985411107859,-3.549993398621877
2021-01-16 14:00:00,22.1,61,14.1,0.0,1,539.0,12.0,327,6.535668420180324,-10.064046815345089
2021-01-16 15:00:00,21.6,61,13.7,0.0,5,328.0,15.3,351,2.393447315115536,-15.111631611105606
2021-01-16 16:00:00,20.9,63,13.6,0.0,11,209.0,18.0,1,-0.3141433158711032,-17.997258512815044
2021-01-16 17:00:00,19.7,69,13.7,0.0,7,77.0,18.7,2,-0.6526205883367681,-18.68860846525709
2021-01-16 18:00:00,18.1,76,13.8,0.0,4,5.0,19.1,1,-0.333340962952115,-19.097090977487078
2021-01-16 19:00:00,17.1,81,13.9,0.0,6,0.0,18.4,3,-0.9629815948701664,-18.37478343948416
2021-01-16 20:00:00,16.5,84,13.8,0.0,4,0.0,17.7,2,-0.6177210916342671,-17.689217638237995
2021-01-16 21:00:00,16.2,85,13.6,0.0,2,0.0,17.7,4,-1.2346895852710178,-17.65688368959889
2021-01-16 22:00:00,16.0,85,13.4,0.0,6,0.0,16.6,4,-1.15795746415248,-16.55956323431308
2021-01-16 23:00:00,15.7,85,13.1,0.0,8,0.0,16.9,1,-0.2949456687900913,-16.89742604814301
2021-01-17 00:00:00,15.6,84,12.9,0.0,13,0.0,18.4,360,4.506700220862259e-15,-18.4
2021-01-17 01:00:00,15.5,83,12.6,0.0,28,0.0,20.5,1,-0.3577743319643119,-20.49687775070602
2021-01-17 02:00:00,15.3,82,12.2,0.0,37,0.0,20.9,4,-1.4579103012522188,-20.849088650430325
2021-01-17 03:00:00,15.5,79,11.9,0.0,33,0.0,21.3,4,-1.4858128907498689,-21.248114270534256
2021-01-17 04:00:00,15.4,78,11.6,0.0,28,0.0,21.6,3,-1.130456654847587,-21.5703979506988
2021-01-17 05:00:00,15.2,78,11.4,0.0,29,0.0,23.1,2,-0.8061783738277725,-23.085928104141114
2021-01-17 06:00:00,14.9,78,11.1,0.0,39,0.0,23.8,1,-0.4153672732073475,-23.796375144722116
2021-01-17 07:00:00,14.7,77,10.8,0.0,26,0.0,24.2,3,-1.266530141079241,-24.166834741060686
2021-01-17 08:00:00,15.4,75,10.9,0.0,24,54.0,24.9,2,-0.8689974678922741,-24.884831592775484
2021-01-17 09:00:00,16.8,68,10.8,0.0,17,222.0,25.9,2,-0.9038969645947752,-25.88422241979458
2021-01-17 10:00:00,17.9,63,10.8,0.0,12,394.0,25.9,1,-0.4520173267256429,-25.896055304550533
2021-01-17 11:00:00,18.7,60,10.7,0.0,11,514.0,27.4,1,-0.4781959363815682,-27.39582684728512
2021-01-17 12:00:00,19.1,58,10.6,0.0,5,602.0,28.8,1,-0.5026293053937652,-28.79561362050407
2021-01-17 13:00:00,19.2,57,10.4,0.0,13,578.0,29.9,1,-0.521826952474777,-29.895446085176097
2021-01-17 14:00:00,18.9,57,10.2,0.0,10,517.0,31.3,1,-0.5462603214869739,-31.29523285839505
2021-01-17 15:00:00,18.7,57,10.1,0.0,11,405.0,30.6,2,-1.0679245990965298,-30.58135930678433
2021-01-17 16:00:00,17.9,60,9.9,0.0,7,268.0,28.8,1,-0.5026293053937652,-28.79561362050407
2021-01-17 17:00:00,16.8,63,9.8,0.0,5,103.0,26.6,358,0.928326612286522,-26.58379599870795
2021-01-17 18:00:00,15.5,68,9.6,0.0,5,6.0,25.6,1,-0.4467816047944579,-25.596100996003617
2021-01-17 19:00:00,14.9,70,9.4,0.0,10,0.0,24.5,1,-0.427583957713446,-24.496268531331587
2021-01-17 20:00:00,14.6,71,9.3,0.0,15,0.0,24.5,359,0.4275839577134472,-24.496268531331587
2021-01-17 21:00:00,14.4,71,9.3,0.0,25,0.0,25.2,360,6.17221986770266e-15,-25.2
2021-01-17 22:00:00,14.3,72,9.3,0.0,23,0.0,24.5,2,-0.8550376692112738,-24.485075261967847
2021-01-17 23:00:00,14.2,72,9.2,0.0,32,0.0,22.0,2,-0.7677889274550214,-21.986598194420107
2021-01-18 00:00:00,14.1,72,9.2,0.0,34,0.0,20.2,1,-0.3525386100331269,-20.196923442159104
2021-01-18 01:00:00,14.0,73,9.2,0.0,36,0.0,18.4,360,4.506700220862259e-15,-18.4
2021-01-18 02:00:00,13.9,74,9.3,0.0,35,0.0,18.4,359,0.3211242784460175,-18.3971975908776
2021-01-18 03:00:00,13.8,74,9.3,0.0,30,0.0,18.7,358,0.6526205883367654,-18.68860846525709
2021-01-18 04:00:00,13.7,75,9.2,0.0,28,0.0,19.1,359,0.333340962952116,-19.097090977487078
2021-01-18 05:00:00,13.6,75,9.3,0.0,28,0.0,18.0,1,-0.3141433158711032,-17.997258512815044
2021-01-18 06:00:00,13.6,75,9.3,0.0,26,0.0,17.3,360,4.237277925049842e-15,-17.3
2021-01-18 07:00:00,13.5,76,9.4,0.0,28,0.0,16.6,360,4.065827373169213e-15,-16.6
2021-01-18 08:00:00,14.5,73,9.7,0.0,27,61.0,16.9,359,0.2949456687900921,-16.89742604814301
2021-01-18 09:00:00,16.1,66,9.6,0.0,26,208.0,16.2,359,0.2827289842839937,-16.197532661533536
2021-01-18 10:00:00,17.3,61,9.7,0.0,17,346.0,14.0,359,0.2443336901219698,-13.997867732189478
2021-01-18 11:00:00,18.3,59,10.2,0.0,21,485.0,12.3,353,1.498992923883311,-12.208317665188265
2021-01-18 12:00:00,19.0,58,10.4,0.0,17,563.0,12.2,346,2.951447126315948,-11.837607860567156
2021-01-18 13:00:00,19.4,57,10.5,0.0,21,547.0,12.8,344,3.528158154457586,-12.304149708010485
2021-01-18 14:00:00,19.5,56,10.5,0.0,21,517.0,14.1,345,3.6493485359455415,-13.619554150675864
2021-01-18 15:00:00,19.0,56,10.0,0.0,14,335.0,15.7,349,2.995701227411751,-15.411546780128324
2021-01-18 16:00:00,18.4,58,9.9,0.0,10,212.0,17.4,353,2.1205265752495617,-17.270303038559003
2021-01-18 17:00:00,17.5,61,9.8,0.0,14,84.0,16.6,355,1.4467853296111282,-16.536831988322977
2021-01-18 18:00:00,16.2,66,9.8,0.0,18,6.0,15.5,359,0.2705122997778952,-15.497639274924063
2021-01-18 19:00:00,15.3,70,9.9,0.0,26,0.0,14.8,1,-0.258295615271796,-14.79774588831459
2021-01-18 20:00:00,15.0,73,10.1,0.0,27,0.0,12.6,3,-0.6594330486610923,-12.58273213790763
2021-01-18 21:00:00,14.7,75,10.3,0.0,33,0.0,11.2,360,2.743208830090071e-15,-11.2
2021-01-18 22:00:00,14.5,77,10.5,0.0,31,0.0,10.8,360,2.645237086158283e-15,-10.8
2021-01-18 23:00:00,14.4,78,10.7,0.0,32,0.0,10.1,360,2.473786534277653e-15,-10.1
2021-01-19 00:00:00,14.4,79,10.8,0.0,22,0.0,9.4,360,2.3023359823970247e-15,-9.4
2021-01-19 01:00:00,14.3,80,10.9,0.0,17,0.0,9.4,360,2.3023359823970247e-15,-9.4
2021-01-19 02:00:00,14.0,82,10.9,0.0,16,0.0,9.0,2,-0.3140954703225087,-8.994517443171862
2021-01-19 03:00:00,13.4,84,10.8,0.0,20,0.0,8.6,360,2.1063924945334478e-15,-8.6
2021-01-19 04:00:00,13.2,86,10.9,0.0,24,0.0,8.6,358,0.300135671641507,-8.594761112364223
2021-01-19 05:00:00,13.0,87,11.0,0.0,26,0.0,8.3,360,2.0329136865846065e-15,-8.3
2021-01-19 06:00:00,12.8,89,11.0,0.0,20,0.0,8.4,7,-1.0237024846032388,-8.337387673787106
2021-01-19 07:00:00,12.8,90,11.1,0.0,33,0.0,7.6,357,0.3977532674463772,-7.589584464134761
2021-01-19 08:00:00,14.3,86,11.9,0.0,21,54.0,6.4,344,1.764079077228793,-6.1520748540052415
2021-01-19 09:00:00,16.9,75,12.3,0.0,17,184.0,6.1,332,2.863776532993933,-5.385980316439454
2021-01-19 10:00:00,18.2,68,12.2,0.0,22,314.0,6.6,319,4.329989591337348,-4.981083229470294
2021-01-19 11:00:00,19.1,64,12.1,0.0,17,420.0,7.6,315,5.374011537017762,-5.37401153701776
2021-01-19 12:00:00,19.8,61,12.0,0.0,15,487.0,9.4,317,6.410784584587484,-6.874724795220205
2021-01-19 13:00:00,20.3,58,11.9,0.0,11,541.0,10.6,325,6.079910225321092,-8.68301166946331
2021-01-19 14:00:00,20.5,57,11.8,0.0,14,454.0,11.9,331,5.769234480931409,-10.407974514958813
2021-01-19 15:00:00,20.6,54,11.1,0.0,15,361.0,12.8,338,4.794964395723678,-11.867953338454878
2021-01-19 16:00:00,20.3,55,10.9,0.0,21,217.0,13.1,339,4.69462013904344,-12.22990358711334
2021-01-19 17:00:00,19.5,59,11.2,0.0,23,90.0,11.4,342,3.522793735874404,-10.84204428576475
2021-01-19 18:00:00,18.2,65,11.6,0.0,17,7.0,11.5,346,2.7821017993961803,-11.15840085217396
2021-01-19 19:00:00,17.5,71,12.1,0.0,23,0.0,9.8,354,1.0243789400230034,-9.746314574609078
2021-01-19 20:00:00,17.1,75,12.6,0.0,34,0.0,10.0,347,2.249510543438653,-9.743700647852352
2021-01-19 21:00:00,16.8,78,13.0,0.0,34,0.0,8.9,339,3.189474750953177,-8.308865795825094
2021-01-19 22:00:00,16.2,83,13.3,0.0,44,0.0,8.8,341,2.8649997592229792,-8.320563465273988
2021-01-19 23:00:00,15.8,86,13.5,0.0,37,0.0,7.8,347,1.7546182238821495,-7.600086505324834
2021-01-20 00:00:00,15.5,89,13.7,0.0,20,0.0,8.8,348,1.829622879196287,-8.60769888645749
2021-01-20 01:00:00,15.3,90,13.7,0.0,11,0.0,10.1,354,1.0557374790032994,-10.04467114321956
2021-01-20 02:00:00,15.1,92,13.7,0.0,6,0.0,10.4,358,0.3629547657060086,-10.393664600998596
2021-01-20 03:00:00,15.2,91,13.8,0.0,8,0.0,9.7,358,0.3385251180142579,-9.694091022085228
2021-01-20 04:00:00,15.0,92,13.7,0.0,9,0.0,9.4,353,1.145571828008384,-9.329933825428428
2021-01-20 05:00:00,14.9,93,13.7,0.0,13,0.0,9.8,352,1.3638963894086458,-9.704627073667387
2021-01-20 06:00:00,14.6,94,13.6,0.0,10,0.0,10.1,356,0.7045403848156689,-10.075396907624224
2021-01-20 07:00:00,14.5,94,13.6,0.0,14,0.0,10.8,356,0.7533699164365569,-10.773691742806102
2021-01-20 08:00:00,15.8,91,14.3,0.0,14,61.0,12.8,349,2.442355140819772,-12.5648279481301
2021-01-20 09:00:00,18.4,80,14.8,0.0,8,197.0,11.8,348,2.4533579516495667,-11.542141688658909
2021-01-20 10:00:00,20.3,69,14.4,0.0,6,377.0,10.2,342,3.151973342624466,-9.700776466210565
2021-01-20 11:00:00,21.6,63,14.3,0.0,2,426.0,10.3,335,4.352968095929202,-9.334970206477497
2021-01-20 12:00:00,22.2,61,14.4,0.0,5,496.0,12.0,327,6.535668420180324,-10.064046815345089
2021-01-20 13:00:00,22.4,62,14.6,0.0,7,521.0,14.4,328,7.630837404958152,-12.211892584652531
2021-01-20 14:00:00,22.3,63,14.8,0.0,10,464.0,15.3,336,6.223070639059743,-13.977245501931796
2021-01-20 15:00:00,22.0,65,15.1,0.0,11,402.0,15.1,348,3.139466531348174,-14.770028771080463
2021-01-20 16:00:00,21.6,66,15.0,0.0,12,242.0,14.5,353,1.7671054793746348,-14.39191919879917
2021-01-20 17:00:00,20.9,70,15.2,0.0,16,93.0,12.3,353,1.498992923883311,-12.208317665188265
2021-01-20 18:00:00,19.4,77,15.3,0.0,16,6.0,11.9,357,0.622797879291038,-11.88369146357943
2021-01-20 19:00:00,18.3,84,15.6,0.0,20,0.0,9.7,2,-0.3385251180142594,-9.694091022085228
2021-01-20 20:00:00,17.7,88,15.7,0.0,14,0.0,9.0,358,0.3140954703225074,-8.994517443171862
2021-01-20 21:00:00,17.2,91,15.8,0.0,10,0.0,9.5,351,1.4861274178821953,-9.383039235653808
2021-01-20 22:00:00,16.8,94,15.9,0.0,18,0.0,10.4,346,2.515987714236546,-10.091075553270365
2021-01-20 23:00:00,16.5,96,15.9,0.0,23,0.0,11.1,347,2.496956703216905,-10.815507719116107
2021-01-21 00:00:00,16.5,97,15.9,0.0,29,0.0,10.2,350,1.7712114122026898,-10.04503908072452
2021-01-21 01:00:00,16.5,97,16.0,0.0,43,0.0,8.7,355,0.7582549619046273,-8.666893873398186
2021-01-21 02:00:00,16.7,97,16.2,0.0,51,0.0,8.3,358,0.2896658226307568,-8.294943864258496
2021-01-21 03:00:00,16.2,96,15.6,0.0,43,0.0,9.0,358,0.3140954703225074,-8.994517443171862
2021-01-21 04:00:00,16.4,95,15.7,0.0,50,0.0,11.2,356,0.781272505934207,-11.17271736291003
2021-01-21 05:00:00,16.6,95,15.8,0.0,67,0.0,13.0,358,0.4536934571325107,-12.992080751248244
2021-01-21 06:00:00,16.9,94,15.8,0.0,83,0.0,11.9,5,-1.037153338697132,-11.854716907291772
2021-01-21 07:00:00,17.1,92,15.8,0.0,71,0.0,10.1,6,-1.0557374790033,-10.04467114321956
2021-01-21 08:00:00,17.9,88,15.8,0.0,50,30.0,10.5,354,1.0975488643103608,-10.44247990136687
2021-01-21 09:00:00,19.6,80,16.1,0.0,49,124.0,10.1,343,2.952954217699645,-9.658678035226655
2021-01-21 10:00:00,21.2,74,16.4,0.0,53,231.0,9.8,352,1.3638963894086458,-9.704627073667387
2021-01-21 11:00:00,22.8,67,16.4,0.0,51,340.0,9.0,360,2.204364238465236e-15,-9.0
2021-01-21 12:00:00,23.5,64,16.3,0.0,50,253.0,9.6,347,2.159530121701107,-9.353952621938255
2021-01-21 13:00:00,23.7,63,16.4,0.0,60,171.0,12.1,337,4.727846654720214,-11.138108726774528
2021-01-21 14:00:00,23.5,65,16.5,0.0,61,99.0,12.4,338,4.6451217583573134,-11.497079796628164
2021-01-21 15:00:00,23.3,68,16.9,0.0,61,103.0,11.2,345,2.8987733051482314,-10.818369254437563
2021-01-21 16:00:00,22.9,69,17.0,0.0,57,55.0,10.0,347,2.249510543438653,-9.743700647852352
2021-01-21 17:00:00,22.3,72,17.1,0.0,55,36.0,8.1,347,1.8221035401853087,-7.892397524760404
2021-01-21 18:00:00,21.3,77,17.1,0.0,60,3.0,9.9,350,1.719116958902611,-9.74959675482086
2021-01-21 19:00:00,20.4,81,17.1,0.0,51,0.0,10.1,356,0.7045403848156689,-10.075396907624224
2021-01-21 20:00:00,19.8,84,17.0,0.0,29,0.0,8.6,358,0.300135671641507,-8.594761112364223
2021-01-21 21:00:00,19.2,87,17.0,0.0,38,0.0,8.7,355,0.7582549619046273,-8.666893873398186
2021-01-21 22:00:00,18.8,90,17.0,0.0,29,0.0,6.6,351,1.0324674692655251,-6.5187430479279085
2021-01-21 23:00:00,18.4,92,17.0,0.0,48,0.0,6.0,343,1.7542302283364228,-5.737828535778212
2021-01-22 00:00:00,17.9,94,17.0,0.0,69,0.0,5.9,346,1.4273391840380405,-5.72474478502838
2021-01-22 01:00:00,17.7,96,17.0,0.0,68,0.0,8.9,346,2.153104870837044,-8.635631963856369
2021-01-22 02:00:00,17.5,97,17.0,0.0,57,0.0,10.0,345,2.588190451025207,-9.659258262890685
2021-01-22 03:00:00,18.1,95,17.3,0.0,53,0.0,10.3,348,2.141490415422927,-10.074920287558198
2021-01-22 04:00:00,17.9,97,17.4,0.0,43,0.0,9.9,350,1.719116958902611,-9.74959675482086
2021-01-22 05:00:00,17.8,98,17.5,0.0,53,0.0,10.4,346,2.515987714236546,-10.091075553270365
2021-01-22 06:00:00,17.9,98,17.6,0.0,82,0.0,12.0,344,3.3076482698039875,-11.535140351259829
2021-01-22 07:00:00,17.9,99,17.7,0.0,98,0.0,11.7,342,3.615498834186888,-11.127361240653295
2021-01-22 08:00:00,18.7,96,18.0,0.0,100,26.0,10.9,343,3.186851581477835,-10.423721839997086
2021-01-22 09:00:00,20.0,90,18.3,0.0,100,84.0,11.4,342,3.522793735874404,-10.84204428576475
2021-01-22 10:00:00,21.0,85,18.3,0.0,100,146.0,12.4,338,4.6451217583573134,-11.497079796628164
2021-01-22 11:00:00,21.6,82,18.4,0.0,91,135.0,13.6,338,5.094649670456408,-12.609700422108308
2021-01-22 12:00:00,21.8,82,18.5,0.2,86,115.0,12.4,343,3.625409138561941,-11.85817897394164
2021-01-22 13:00:00,21.7,83,18.7,0.3,88,34.0,12.9,347,2.9018686010358627,-12.569373835729534
2021-01-22 14:00:00,21.6,85,19.0,0.3,89,24.0,12.6,355,1.0981623586204947,-12.552053195955994
2021-01-22 15:00:00,21.1,86,18.8,0.3,82,5.0,13.4,5,-1.1678869528186195,-13.34900895442939
2021-01-22 16:00:00,21.1,88,18.9,0.4,92,13.0,10.1,4,-0.7045403848156655,-10.075396907624224
2021-01-22 17:00:00,21.0,88,18.9,0.7,100,14.0,8.7,343,2.543633831087813,-8.319851376878407
2021-01-22 18:00:00,20.5,89,18.7,0.6,86,1.0,11.1,335,4.6910627053217615,-10.060016436106816
2021-01-22 19:00:00,20.1,91,18.6,0.3,95,0.0,13.0,332,6.10313031621658,-11.47831870716605
2021-01-22 20:00:00,19.8,92,18.4,0.0,87,0.0,13.0,341,4.232386007943037,-12.29174148279112
2021-01-22 21:00:00,19.3,94,18.3,0.0,57,0.0,12.5,348,2.5988961352219984,-12.22684500917257
2021-01-22 22:00:00,19.0,95,18.2,0.0,42,0.0,12.8,349,2.442355140819772,-12.5648279481301
2021-01-22 23:00:00,18.9,95,18.1,0.0,40,0.0,11.0,349,2.098898949141992,-10.797899017924305
2021-01-23 00:00:00,18.7,95,18.0,0.0,36,0.0,7.9,344,2.177535110954292,-7.59396739791272
2021-01-23 01:00:00,18.5,96,17.8,0.0,29,0.0,8.1,328,4.292346040288961,-6.869189578867049
2021-01-23 02:00:00,18.3,96,17.7,0.0,28,0.0,11.9,325,6.825559592577453,-9.747909327039
2021-01-23 03:00:00,18.2,96,17.6,0.0,47,0.0,13.0,336,5.287576359985402,-11.876090949353811
2021-01-23 04:00:00,18.1,97,17.6,0.0,59,0.0,12.9,342,3.986319227436825,-12.26862906020748
2021-01-23 05:00:00,18.0,97,17.5,0.0,66,0.0,14.0,342,4.326237921249268,-13.31479122813215
2021-01-23 06:00:00,18.0,97,17.5,0.0,73,0.0,13.8,345,3.5717028224147858,-13.329776402789143
2021-01-23 07:00:00,18.0,96,17.4,0.0,62,0.0,14.3,348,2.973137178693966,-13.98751069049342
2021-01-23 08:00:00,18.4,95,17.6,0.0,48,31.0,14.7,349,2.8048922320352063,-14.42991959668066
2021-01-23 09:00:00,19.4,90,17.6,0.0,43,110.0,16.3,352,2.268521545649074,-16.141369520487597
2021-01-23 10:00:00,20.7,82,17.4,0.0,25,260.0,16.4,351,2.5655252266597897,-16.198088785760255
2021-01-23 11:00:00,21.9,74,17.2,0.0,14,360.0,17.2,350,2.986748655871202,-16.938693351809977
2021-01-23 12:00:00,22.9,69,17.0,0.0,4,563.0,17.8,346,4.306209741674088,-17.271263927712738
2021-01-23 13:00:00,23.4,66,16.8,0.0,0,610.0,19.5,344,5.374928438431479,-18.74460307079722
2021-01-23 14:00:00,23.6,65,16.7,0.0,0,574.0,19.1,349,3.644451811692004,-18.749079203850386
2021-01-23 15:00:00,23.4,66,16.7,0.0,0,444.0,17.7,355,1.5426566466335525,-17.632646156223895
2021-01-23 16:00:00,23.1,67,16.7,0.0,0,292.0,16.7,354,1.745625336569812,-16.608515652650162
2021-01-23 17:00:00,22.1,72,16.8,0.0,0,116.0,14.7,349,2.8048922320352063,-14.42991959668066
2021-01-23 18:00:00,20.2,81,16.7,0.0,0,9.0,15.5,347,3.4867413423299127,-15.102736004171144
2021-01-23 19:00:00,18.9,86,16.4,0.0,5,0.0,16.6,358,0.5793316452615137,-16.58988772851699
2021-01-23 20:00:00,18.2,88,16.2,0.0,2,0.0,14.1,4,-0.9835662797921668,-14.06565310866352
2021-01-23 21:00:00,17.8,89,16.0,0.0,0,0.0,12.0,7,-1.4624321208617697,-11.910553819695863
2021-01-23 22:00:00,17.5,89,15.8,0.0,0,0.0,10.6,10,-1.8406706832694613,-10.438962181929403
2021-01-23 23:00:00,17.4,89,15.5,0.0,0,0.0,10.0,13,-2.24951054343865,-9.743700647852352
2021-01-24 00:00:00,17.2,89,15.3,0.0,0,0.0,9.1,9,-1.4235536318661008,-8.987963899415753
2021-01-24 01:00:00,17.0,89,15.2,0.0,0,0.0,10.1,360,2.473786534277653e-15,-10.1
2021-01-24 02:00:00,16.8,89,15.0,0.0,1,0.0,9.4,356,0.655710853194781,-9.377102072442348
2021-01-24 03:00:00,16.3,92,15.0,0.0,3,0.0,10.5,356,0.7324429743133192,-10.474422527728152
2021-01-24 04:00:00,16.1,92,14.9,0.0,3,0.0,10.4,358,0.3629547657060086,-10.393664600998596
2021-01-24 05:00:00,15.8,93,14.7,0.0,5,0.0,10.1,358,0.3524849166952583,-10.093847352892867
2021-01-24 06:00:00,15.6,93,14.6,0.0,9,0.0,10.1,356,0.7045403848156689,-10.075396907624224
2021-01-24 07:00:00,15.5,94,14.5,0.0,6,0.0,10.1,4,-0.7045403848156655,-10.075396907624224
2021-01-24 08:00:00,16.5,90,14.9,0.0,14,57.0,10.4,360,2.547265342226495e-15,-10.4
2021-01-24 09:00:00,18.8,79,15.2,0.0,11,190.0,11.2,354,1.1707187885977182,-11.13864522812466
2021-01-24 10:00:00,20.5,72,15.3,0.0,16,344.0,12.0,351,1.8772135804827728,-11.852260087141651
2021-01-24 11:00:00,21.6,69,15.7,0.0,15,441.0,12.4,350,2.153237403069937,-12.21161613735138
2021-01-24 12:00:00,22.3,68,16.0,0.0,14,550.0,13.5,344,3.7211043035294855,-12.977032895167303
2021-01-24 13:00:00,22.6,67,16.1,0.0,18,503.0,15.4,344,4.244815279581784,-14.80343011745011
2021-01-24 14:00:00,22.5,66,15.9,0.0,12,437.0,16.9,348,3.5137075748201414,-16.530694452401313
2021-01-24 15:00:00,21.8,63,14.4,0.0,11,292.0,17.5,352,2.435529266801153,-17.32969120297748
2021-01-24 16:00:00,21.2,63,14.0,0.0,20,192.0,17.3,356,1.2067869957733734,-17.257858069494958
2021-01-24 17:00:00,20.2,66,13.7,0.0,26,70.0,16.6,359,0.2897099468589071,-16.597471739596095
2021-01-24 18:00:00,19.0,71,13.5,0.0,17,7.0,15.9,357,0.8321417042628155,-15.878209602597725
2021-01-24 19:00:00,18.2,74,13.5,0.0,27,0.0,13.7,5,-1.1940336756429168,-13.647867363856914
2021-01-24 20:00:00,17.7,77,13.5,0.0,30,0.0,10.5,8,-1.4613175600806871,-10.397814721786489
2021-01-24 21:00:00,17.4,79,13.7,0.0,32,0.0,8.8,9,-1.3766232923540318,-8.691657397237213
2021-01-24 22:00:00,17.2,81,13.8,0.0,35,0.0,7.9,3,-0.4134540543192563,-7.889173324561134
2021-01-24 23:00:00,16.9,83,14.0,0.0,32,0.0,8.3,355,0.7233926648055641,-8.268415994161488
2021-01-25 00:00:00,16.9,84,14.1,0.0,41,0.0,10.0,345,2.588190451025207,-9.659258262890685
2021-01-25 01:00:00,16.4,86,14.0,0.0,53,0.0,12.7,345,3.2870018728020125,-12.267257993871167
2021-01-25 02:00:00,16.2,86,13.8,0.0,54,0.0,15.6,352,2.171100374977028,-15.448181872368496
2021-01-25 03:00:00,16.3,84,13.5,0.0,37,0.0,16.6,358,0.5793316452615137,-16.58988772851699
2021-01-25 04:00:00,16.2,83,13.2,0.0,39,0.0,16.6,359,0.2897099468589071,-16.597471739596095
2021-01-25 05:00:00,16.0,83,13.1,0.0,29,0.0,16.2,357,0.8478424911356988,-16.177798463024097
2021-01-25 06:00:00,15.8,83,13.0,0.0,31,0.0,17.3,359,0.3019266313650056,-17.29736512620557
2021-01-25 07:00:00,15.8,83,13.0,0.0,19,0.0,16.2,360,3.967855629237425e-15,-16.2
2021-01-25 08:00:00,16.8,80,13.2,0.0,20,47.0,15.1,1,-0.263531337202981,-15.097700196861508
2021-01-25 09:00:00,18.4,72,13.3,0.0,21,143.0,13.7,360,3.355532229663748e-15,-13.7
2021-01-25 10:00:00,20.1,66,13.5,0.0,17,310.0,13.4,352,1.8649195528648828,-13.26959212113704
2021-01-25 11:00:00,21.4,61,13.6,0.0,17,417.0,15.4,349,2.938458528798788,-15.117058625094026
2021-01-25 12:00:00,22.2,58,13.5,0.0,9,461.0,17.2,349,3.281914720476568,-16.883987555299818
2021-01-25 13:00:00,22.5,56,13.4,0.0,14,458.0,19.1,349,3.644451811692004,-18.749079203850386
2021-01-25 14:00:00,22.6,56,13.3,0.0,22,475.0,20.1,350,3.490328371105301,-19.79463583554538
2021-01-25 15:00:00,22.5,56,13.2,0.0,23,451.0,20.1,351,3.144332747308645,-19.85253564596227
2021-01-25 16:00:00,21.7,59,13.4,0.0,26,299.0,18.6,351,2.9096810497482983,-18.37100313506956
2021-01-25 17:00:00,20.5,65,13.7,0.0,29,122.0,15.3,351,2.393447315115536,-15.111631611105606
2021-01-25 18:00:00,18.7,73,13.8,0.0,29,11.0,14.2,351,2.221369403571281,-14.025174436450952
2021-01-25 19:00:00,17.6,79,14.0,0.0,28,0.0,13.0,355,1.1330246557195582,-12.950531075192693
2021-01-25 20:00:00,16.9,84,14.1,0.0,15,0.0,11.3,353,1.3771235804781636,-11.21577151354694
2021-01-25 21:00:00,16.3,87,14.2,0.0,3,0.0,9.9,350,1.719116958902611,-9.74959675482086
2021-01-25 22:00:00,15.9,89,14.2,0.0,1,0.0,8.8,351,1.3766232923540338,-8.691657397237211
2021-01-25 23:00:00,15.5,91,14.1,0.0,0,0.0,7.6,352,1.0577155672965006,-7.526037322435934
2021-01-26 00:00:00,15.1,93,14.0,0.0,2,0.0,8.4,340,2.8729692039356163,-7.893418014601631
2021-01-26 01:00:00,14.8,94,13.9,0.0,6,0.0,7.8,338,2.921931428644116,-7.232034065620941
2021-01-26 02:00:00,14.6,94,13.7,0.0,24,0.0,7.6,341,2.474317973874391,-7.185941174554808
2021-01-26 03:00:00,14.9,94,13.9,0.0,13,0.0,7.5,343,2.1927877854205287,-7.172285669722765
2021-01-26 04:00:00,14.9,94,13.9,0.0,0,0.0,8.9,346,2.153104870837044,-8.635631963856369
2021-01-26 05:00:00,14.9,94,13.9,0.0,1,0.0,9.5,351,1.4861274178821953,-9.383039235653808
2021-01-26 06:00:00,15.0,94,14.0,0.0,9,0.0,9.2,349,1.7554427574642109,-9.030970087718508
2021-01-26 07:00:00,15.0,94,14.0,0.0,10,0.0,8.7,353,1.0602632876247808,-8.635151519279502
2021-01-26 08:00:00,16.0,93,14.8,0.0,9,68.0,9.2,349,1.7554427574642109,-9.030970087718508
2021-01-26 09:00:00,18.1,82,14.9,0.0,2,233.0,7.1,345,1.8376152202278968,-6.858073366652385
2021-01-26 10:00:00,19.8,73,14.7,0.0,0,417.0,5.1,321,3.2095339943541727,-3.96344440343055
2021-01-26 11:00:00,21.1,66,14.4,0.0,0,553.0,6.7,306,5.420413862312149,-3.938161190359569
2021-01-26 12:00:00,21.8,62,14.3,0.0,0,633.0,10.5,319,6.888619804400328,-7.924450592339105
2021-01-26 13:00:00,22.1,61,14.4,0.0,0,644.0,14.0,331,6.787334683448717,-12.244675899951542
2021-01-26 14:00:00,22.1,62,14.4,0.0,0,587.0,15.7,340,5.3697162502129965,-14.75317414633876
2021-01-26 15:00:00,21.8,63,14.5,0.0,1,461.0,16.5,349,3.148348423712987,-16.196848526886455
2021-01-26 16:00:00,21.3,65,14.4,0.0,0,301.0,17.5,351,2.737603138204044,-17.28454596041491
2021-01-26 17:00:00,20.5,69,14.5,0.0,0,120.0,16.8,351,2.6280990126758823,-16.593164121998313
2021-01-26 18:00:00,19.0,76,14.7,0.0,0,11.0,14.2,353,1.7305446763530905,-14.094155353306771
2021-01-26 19:00:00,18.0,83,15.0,0.0,0,0.0,13.0,357,0.6803674311582768,-12.98218395180946
2021-01-26 20:00:00,17.5,86,15.2,0.0,0,0.0,10.4,360,2.547265342226495e-15,-10.4
2021-01-26 21:00:00,17.1,89,15.2,0.0,2,0.0,8.0,355,0.6972459419812665,-7.969557584733964
2021-01-26 22:00:00,16.8,91,15.3,0.0,0,0.0,7.9,336,3.213219480298821,-7.217009115376548
2021-01-26 23:00:00,16.2,94,15.2,0.0,5,0.0,8.6,338,3.221616703376846,-7.97378114927437
2021-01-27 00:00:00,16.1,94,15.1,0.0,18,0.0,10.0,345,2.588190451025207,-9.659258262890685
2021-01-27 01:00:00,16.1,94,15.1,0.0,16,0.0,10.2,352,1.419565629792672,-10.100734301164016
2021-01-27 02:00:00,16.0,94,15.0,0.0,16,0.0,11.6,353,1.4136843834997077,-11.513535359039336
2021-01-27 03:00:00,16.2,93,15.1,0.0,19,0.0,12.3,357,0.6437322617882157,-12.283143277481258
2021-01-27 04:00:00,16.2,93,15.0,0.0,17,0.0,12.6,358,0.4397336584515103,-12.592324420440606
2021-01-27 05:00:00,16.0,92,14.7,0.0,19,0.0,12.2,360,2.9881381899195417e-15,-12.2
2021-01-27 06:00:00,16.0,92,14.6,0.0,15,0.0,12.2,358,0.42577385977051,-12.192568089632967
2021-01-27 07:00:00,15.9,91,14.5,0.0,19,0.0,11.9,2,-0.4153040107597615,-11.89275084152724
2021-01-27 08:00:00,16.7,88,14.7,0.0,17,59.0,12.6,2,-0.4397336584515122,-12.592324420440606
2021-01-27 09:00:00,18.3,81,14.9,0.0,21,213.0,12.2,360,2.9881381899195417e-15,-12.2
2021-01-27 10:00:00,19.6,76,15.2,0.0,23,329.0,11.9,357,0.622797879291038,-11.88369146357943
2021-01-27 11:00:00,20.9,72,15.6,0.0,20,512.0,10.9,351,1.7051356689385189,-10.765802912487
2021-01-27 12:00:00,21.7,69,15.7,0.0,22,583.0,10.6,342,3.275580140374445,-10.081199072728626
2021-01-27 13:00:00,22.2,66,15.7,0.0,29,592.0,12.6,336,5.124881702755082,-11.510672766296771
2021-01-27 14:00:00,22.2,65,15.4,0.0,31,462.0,15.7,340,5.3697162502129965,-14.75317414633876
2021-01-27 15:00:00,21.6,65,14.7,0.0,31,325.0,17.7,347,3.981633661886416,-17.24635014669866
2021-01-27 16:00:00,21.0,65,14.3,0.0,29,175.0,18.1,353,2.205835115633165,-17.96508534470793
2021-01-27 17:00:00,20.1,69,14.3,0.0,20,89.0,16.3,354,1.7038139512627508,-16.210706894502856
2021-01-27 18:00:00,18.6,76,14.3,0.0,23,9.0,16.3,352,2.268521545649074,-16.141369520487597
2021-01-27 19:00:00,17.5,81,14.3,0.0,21,0.0,15.5,357,0.8112073217656377,-15.478757788695894
2021-01-27 20:00:00,16.9,85,14.4,0.0,18,0.0,15.1,359,0.2635313372029818,-15.097700196861508
2021-01-27 21:00:00,16.6,87,14.4,0.0,16,0.0,16.2,357,0.8478424911356988,-16.177798463024097
2021-01-27 22:00:00,16.4,88,14.5,0.0,18,0.0,16.6,359,0.2897099468589071,-16.597471739596095
2021-01-27 23:00:00,16.3,89,14.5,0.0,19,0.0,15.8,1,-0.2757480217090794,-15.797593583470984
2021-01-28 00:00:00,16.3,89,14.4,0.0,13,0.0,14.4,3,-0.7536377698983913,-14.380265300465863
2021-01-28 01:00:00,16.1,90,14.4,0.0,10,0.0,13.7,2,-0.4781231048242632,-13.691654330161612
2021-01-28 02:00:00,16.0,91,14.5,0.0,7,0.0,13.0,3,-0.6803674311582698,-12.98218395180946
2021-01-28 03:00:00,16.0,89,14.1,0.0,5,0.0,12.2,2,-0.4257738597705118,-12.192568089632967
2021-01-28 04:00:00,15.8,89,14.1,0.0,1,0.0,11.9,2,-0.4153040107597615,-11.89275084152724
2021-01-28 05:00:00,15.7,90,14.0,0.0,0,0.0,11.2,356,0.781272505934207,-11.17271736291003
2021-01-28 06:00:00,15.6,91,14.1,0.0,2,0.0,12.0,344,3.3076482698039875,-11.535140351259829
2021-01-28 07:00:00,15.6,92,14.3,0.0,4,1.0,16.5,344,4.548016370980482,-15.860817982982262
2021-01-28 08:00:00,16.5,91,14.9,0.0,22,67.0,20.5,350,3.559787642172073,-20.188558936750265
2021-01-28 09:00:00,18.1,81,14.8,0.0,14,225.0,22.1,354,2.310079038215141,-21.97893388763884
2021-01-28 10:00:00,19.4,73,14.5,0.0,5,400.0,23.1,356,1.6113745434893023,-23.04372956100194
2021-01-28 11:00:00,20.6,66,14.0,0.0,0,526.0,24.2,355,2.1091689744933317,-24.10791169382024
2021-01-28 12:00:00,21.4,62,13.7,0.0,0,631.0,27.5,354,2.8745327398604688,-27.349352122627515
2021-01-28 13:00:00,21.4,61,13.5,0.0,0,638.0,30.7,356,2.141523743944657,-30.625216342976604
2021-01-28 14:00:00,21.0,61,13.2,0.0,4,568.0,31.4,357,1.6433490260284531,-31.35696739129361
2021-01-28 15:00:00,20.0,64,13.1,0.0,0,415.0,31.0,358,1.0818843977775254,-30.98111563759197
2021-01-28 16:00:00,19.1,66,12.6,0.0,0,285.0,30.6,358,1.0679245990965252,-30.58135930678433
2021-01-28 17:00:00,17.8,69,12.0,0.0,0,126.0,28.5,358,0.9946356560212736,-28.48263857004423
2021-01-28 18:00:00,16.4,72,11.4,0.0,0,12.0,27.4,358,0.9562462096485224,-27.383308660323223
2021-01-28 19:00:00,15.7,73,10.9,0.0,0,0.0,26.3,359,0.4589982893005576,-26.29599438261309
2021-01-28 20:00:00,15.3,73,10.6,0.0,0,0.0,24.5,360,6.000769315822031e-15,-24.5
2021-01-28 21:00:00,15.1,73,10.3,0.0,6,0.0,23.4,360,5.7313470200096116e-15,-23.4
2021-01-28 22:00:00,15.0,73,10.2,0.0,17,0.0,20.9,1,-0.3647552945392254,-20.89681682876857
2021-01-28 23:00:00,14.9,73,10.1,0.0,34,0.0,19.4,359,0.338576684883301,-19.39704528603399
2021-01-29 00:00:00,14.8,73,10.1,0.0,41,0.0,18.0,359,0.3141433158711041,-17.997258512815044
2021-01-29 01:00:00,14.8,73,10.1,0.0,63,0.0,17.7,358,0.6177210916342646,-17.689217638237995
2021-01-29 02:00:00,14.9,72,9.9,0.0,63,0.0,16.9,359,0.2949456687900921,-16.89742604814301
2021-01-29 03:00:00,14.9,73,10.2,0.0,56,0.0,15.5,359,0.2705122997778952,-15.497639274924063
2021-01-29 04:00:00,14.8,74,10.2,0.0,49,0.0,14.0,359,0.2443336901219698,-13.997867732189478
2021-01-29 05:00:00,14.9,74,10.3,0.0,40,0.0,12.6,358,0.4397336584515103,-12.592324420440606
2021-01-29 06:00:00,14.7,75,10.4,0.0,68,0.0,11.2,358,0.3908743630680092,-11.193177262613872
2021-01-29 07:00:00,14.7,77,10.6,0.0,72,0.0,9.4,356,0.655710853194781,-9.377102072442348
2021-01-29 08:00:00,15.7,73,10.8,0.0,65,54.0,11.2,356,0.781272505934207,-11.17271736291003
2021-01-29 09:00:00,17.3,66,10.9,0.0,62,189.0,9.4,358,0.3280552690035077,-9.3942737739795
2021-01-29 10:00:00,18.7,62,11.4,0.0,41,341.0,6.2,339,2.2218812871808646,-5.78819864428265
2021-01-29 11:00:00,19.7,60,11.7,0.0,41,428.0,5.7,305,4.669166652447253,-3.2693856872009626
2021-01-29 12:00:00,20.1,59,11.9,0.0,30,370.0,8.7,300,7.534421012924615,-4.3500000000000005
2021-01-29 13:00:00,20.4,59,12.0,0.0,32,379.0,10.7,310,8.196675541373065,-6.87782742364597
2021-01-29 14:00:00,20.7,58,12.1,0.0,26,424.0,11.7,326,6.542556970607735,-9.69973959889399
2021-01-29 15:00:00,20.0,58,11.4,0.0,29,260.0,14.0,342,4.326237921249268,-13.31479122813215
2021-01-29 16:00:00,19.2,59,11.0,0.0,44,98.0,15.7,349,2.995701227411751,-15.411546780128324
2021-01-29 17:00:00,18.5,60,10.7,0.0,44,42.0,15.9,356,1.1091279325315977,-15.861268399131204
2021-01-29 18:00:00,17.7,63,10.5,0.0,98,6.0,12.2,360,2.9881381899195417e-15,-12.2
2021-01-29 19:00:00,17.0,66,10.5,0.0,70,0.0,10.1,4,-0.7045403848156655,-10.075396907624224
2021-01-29 20:00:00,16.6,68,10.6,0.0,45,0.0,8.3,360,2.0329136865846065e-15,-8.3
2021-01-29 21:00:00,16.2,71,10.9,0.0,30,0.0,8.4,350,1.4586446924022154,-8.272385125302547
2021-01-29 22:00:00,15.9,73,11.1,0.0,66,0.0,8.0,342,2.4721359549995814,-7.608452130361228
2021-01-29 23:00:00,15.8,75,11.3,0.0,35,0.0,8.0,342,2.4721359549995814,-7.608452130361228
2021-01-30 00:00:00,15.6,77,11.5,0.0,30,0.0,8.2,345,2.1223161698406696,-7.92059177557036
2021-01-30 01:00:00,15.4,78,11.7,0.0,29,0.0,7.7,349,1.469229264399394,-7.558529312547013
2021-01-30 02:00:00,15.3,80,11.8,0.0,26,0.0,8.7,353,1.0602632876247808,-8.635151519279502
2021-01-30 03:00:00,15.2,81,11.9,0.0,30,0.0,8.6,360,2.1063924945334478e-15,-8.6
2021-01-30 04:00:00,15.0,81,11.8,0.0,12,0.0,7.9,3,-0.4134540543192563,-7.889173324561134
2021-01-30 05:00:00,14.8,82,11.8,0.0,10,0.0,7.6,3,-0.3977532674463731,-7.589584464134761
2021-01-30 06:00:00,14.7,83,11.9,0.0,28,0.0,7.6,5,-0.662383644882202,-7.571079705497266
2021-01-30 07:00:00,14.6,85,12.1,0.0,22,0.0,6.8,32,-3.603450996785793,-5.766727053863696
2021-01-30 08:00:00,16.1,79,12.4,0.0,17,38.0,4.1,45,-2.899137802864845,-2.899137802864845
2021-01-30 09:00:00,17.9,70,12.2,0.0,18,168.0,0.0,180,-0.0,0.0
2021-01-30 10:00:00,19.2,64,12.2,0.0,15,280.0,3.8,221,2.4930243101639267,2.867896404846534
2021-01-30 11:00:00,20.0,61,12.2,0.0,20,315.0,6.5,236,5.388744221607772,3.6347538725598527
2021-01-30 12:00:00,20.7,59,12.4,0.0,15,418.0,8.4,250,7.893418014601631,2.872969203935616
2021-01-30 13:00:00,20.8,60,12.7,0.0,32,324.0,10.1,264,10.044671143219562,1.055737479003299
2021-01-30 14:00:00,20.6,62,12.9,0.0,19,264.0,10.4,272,10.393664600998596,-0.3629547657060133
2021-01-30 15:00:00,20.4,63,13.2,0.0,9,304.0,9.9,289,9.36063389843324,-3.223124729125848
2021-01-30 16:00:00,19.9,65,13.2,0.0,17,240.0,10.2,312,7.580077219869424,-6.825132184860349
2021-01-30 17:00:00,19.2,67,13.0,0.0,31,84.0,11.0,337,4.298042413382013,-10.125553387976844
2021-01-30 18:00:00,18.2,71,12.9,0.0,25,9.0,10.2,352,1.419565629792672,-10.100734301164016
2021-01-30 19:00:00,17.4,74,12.8,0.0,29,0.0,9.7,2,-0.3385251180142594,-9.694091022085228
2021-01-30 20:00:00,17.0,76,12.6,0.0,39,0.0,8.3,5,-0.7233926648055629,-8.268415994161488
2021-01-30 21:00:00,16.8,76,12.6,0.0,41,0.0,7.2,6,-0.7526049355271051,-7.160557646651568
2021-01-30 22:00:00,16.6,78,12.7,0.0,49,0.0,6.8,3,-0.3558845024520181,-6.790680836331102
2021-01-30 23:00:00,16.5,79,12.8,0.0,47,0.0,6.5,3,-0.3401837155791349,-6.49109197590473
2021-01-31 00:00:00,16.4,80,12.9,0.0,57,0.0,6.8,360,1.6655196468404002e-15,-6.8
2021-01-31 01:00:00,16.1,82,12.9,0.0,57,0.0,6.8,357,0.3558845024520217,-6.790680836331102
2021-01-31 02:00:00,16.1,82,13.0,0.0,55,0.0,6.5,360,1.5920408388915589e-15,-6.5
2021-01-31 03:00:00,15.9,82,12.9,0.0,50,0.0,7.2,3,-0.3768188849491956,-7.190132650232932
2021-01-31 04:00:00,15.7,83,12.9,0.0,68,0.0,6.5,360,1.5920408388915589e-15,-6.5
2021-01-31 05:00:00,15.5,85,12.9,0.0,81,0.0,6.8,360,1.6655196468404002e-15,-6.8
2021-01-31 06:00:00,15.3,86,13.0,0.0,76,0.0,6.8,357,0.3558845024520217,-6.790680836331102
2021-01-31 07:00:00,15.1,88,13.1,0.0,56,0.0,7.2,360,1.7634913907721889e-15,-7.2
2021-01-31 08:00:00,16.5,81,13.2,0.0,75,21.0,9.7,2,-0.3385251180142594,-9.694091022085228
2021-01-31 09:00:00,18.2,71,12.9,0.0,82,126.0,9.7,358,0.3385251180142579,-9.694091022085228
2021-01-31 10:00:00,19.4,65,12.7,0.0,78,228.0,8.8,351,1.3766232923540338,-8.691657397237211
2021-01-31 11:00:00,20.1,63,12.8,0.0,68,301.0,7.9,344,2.177535110954292,-7.59396739791272
2021-01-31 12:00:00,20.9,60,12.9,0.0,86,397.0,7.9,330,3.950000000000004,-6.841600689897064
2021-01-31 13:00:00,21.2,59,12.8,0.0,80,360.0,10.7,312,7.951649632608121,-7.159697488039778
2021-01-31 14:00:00,21.1,59,12.9,0.0,82,339.0,12.3,310,9.422346650363432,-7.9062875991444335
2021-01-31 15:00:00,20.8,57,11.9,0.0,68,246.0,12.0,319,7.872708347886089,-9.056514962673262
2021-01-31 16:00:00,20.5,57,11.7,0.0,60,182.0,11.4,332,5.351975815759156,-10.065602558591769
2021-01-31 17:00:00,19.8,60,11.8,0.0,47,68.0,10.4,346,2.515987714236546,-10.091075553270365
2021-01-31 18:00:00,19.0,64,12.0,0.0,37,7.0,9.4,358,0.3280552690035077,-9.3942737739795
2021-01-31 19:00:00,18.3,68,12.2,0.0,31,0.0,8.7,5,-0.7582549619046259,-8.666893873398186
2021-01-31 20:00:00,17.5,72,12.4,0.0,26,0.0,8.0,8,-1.1133848076805235,-7.922144549932563
2021-01-31 21:00:00,17.1,76,12.7,0.0,35,0.0,7.6,3,-0.3977532674463731,-7.589584464134761
2021-01-31 22:00:00,16.6,79,13.0,0.0,29,0.0,7.9,360,1.934941942652818e-15,-7.9
2021-01-31 23:00:00,16.3,82,13.2,0.0,38,0.0,8.6,358,0.300135671641507,-8.594761112364223
2021-02-01 00:00:00,15.9,84,13.3,0.0,33,0.0,8.0,5,-0.6972459419812653,-7.969557584733964
2021-02-01 01:00:00,15.5,87,13.3,0.0,37,0.0,7.2,6,-0.7526049355271051,-7.160557646651568
2021-02-01 02:00:00,15.3,87,13.2,0.0,43,0.0,6.5,3,-0.3401837155791349,-6.49109197590473
2021-02-01 03:00:00,14.7,91,13.2,0.0,53,0.0,5.8,4,-0.4045875477159267,-5.78587149150698
2021-02-01 04:00:00,14.2,93,13.1,0.0,56,0.0,5.4,8,-0.7515347451843534,-5.34744757120448
2021-02-01 05:00:00,13.8,94,12.9,0.0,49,0.0,5.4,4,-0.3766849582182766,-5.386845871403051
2021-02-01 06:00:00,13.3,96,12.6,0.0,37,0.0,7.2,360,1.7634913907721889e-15,-7.2
2021-02-01 07:00:00,13.1,97,12.6,0.0,41,1.0,6.2,10,-1.0766187015349682,-6.10580806867569
2021-02-01 08:00:00,15.4,90,13.8,0.0,25,53.0,5.9,11,-1.1257730727216144,-5.791600382341218
2021-02-01 09:00:00,18.6,70,13.1,0.0,17,185.0,3.6,354,0.3763024677635523,-3.580278823325784
2021-02-01 10:00:00,20.5,58,12.0,0.0,13,362.0,2.9,330,1.4500000000000013,-2.5114736709748717
2021-02-01 11:00:00,21.7,51,11.2,0.0,15,518.0,4.4,305,3.604268994871564,-2.523736319944603
2021-02-01 12:00:00,22.5,48,10.8,0.0,10,597.0,7.9,313,5.777694242791446,-5.387787044493739
2021-02-01 13:00:00,22.8,47,10.9,0.0,8,589.0,10.5,319,6.888619804400328,-7.924450592339105
2021-02-01 14:00:00,22.9,47,11.1,0.0,5,568.0,12.9,324,7.582429754572907,-10.43631922743682
2021-02-01 15:00:00,22.6,43,9.5,0.0,5,458.0,14.0,331,6.787334683448717,-12.244675899951542
2021-02-01 16:00:00,22.2,45,9.5,0.0,4,311.0,13.6,338,5.094649670456408,-12.609700422108308
2021-02-01 17:00:00,21.3,48,9.9,0.0,2,130.0,10.4,346,2.515987714236546,-10.091075553270365
2021-02-01 18:00:00,19.8,54,10.2,0.0,1,15.0,9.1,351,1.4235536318661028,-8.987963899415753
2021-02-01 19:00:00,18.7,59,10.6,0.0,0,0.0,8.4,7,-1.0237024846032388,-8.337387673787106
2021-02-01 20:00:00,17.6,66,11.2,0.0,1,0.0,8.5,12,-1.7672493719509543,-8.314254606237348
2021-02-01 21:00:00,17.1,70,11.5,0.0,0,0.0,6.5,6,-0.6794350112397476,-6.4643923198937765
2021-02-01 22:00:00,17.8,65,11.2,0.0,0,0.0,3.2,27,-1.4527695991665497,-2.8512208774027776
2021-02-01 23:00:00,17.2,68,11.3,0.0,0,0.0,1.8,349,0.3434561916777804,-1.7669289302057951
2021-02-02 00:00:00,16.8,71,11.5,0.0,0,0.0,4.8,318,3.211826910522519,-3.5670951622914924
2021-02-02 01:00:00,15.3,78,11.4,0.0,0,0.0,6.5,326,3.6347538725598527,-5.388744221607772
2021-02-02 02:00:00,13.1,88,11.1,0.0,0,0.0,7.2,342,2.2249223594996232,-6.8476069173251055
2021-02-02 03:00:00,12.7,90,11.1,0.0,0,0.0,7.6,355,0.6623836448822031,-7.571079705497266
2021-02-02 04:00:00,12.7,91,11.2,0.0,0,0.0,7.6,357,0.3977532674463772,-7.589584464134761
2021-02-02 05:00:00,12.7,91,11.2,0.0,0,0.0,8.0,355,0.6972459419812665,-7.969557584733964
2021-02-02 06:00:00,12.9,90,11.2,0.0,0,0.0,9.0,358,0.3140954703225074,-8.994517443171862
2021-02-02 07:00:00,13.4,87,11.3,0.0,0,1.0,11.5,358,0.4013442120787595,-11.4929945107196
2021-02-02 08:00:00,15.6,77,11.6,0.0,0,77.0,14.5,354,1.5156627173809745,-14.420567482839962
2021-02-02 09:00:00,18.7,63,11.5,0.0,0,254.0,13.8,351,2.158795617555189,-13.6300991002129
2021-02-02 10:00:00,20.6,56,11.5,0.0,0,434.0,14.3,350,2.4831689406371047,-14.082750868074577
2021-02-02 11:00:00,21.8,53,11.8,0.0,0,569.0,14.3,348,2.973137178693966,-13.98751069049342
2021-02-02 12:00:00,22.6,52,12.1,0.0,0,652.0,14.7,349,2.8048922320352063,-14.42991959668066
2021-02-02 13:00:00,23.2,51,12.4,0.0,0,653.0,14.6,351,2.283943189587374,-14.42024977268901
2021-02-02 14:00:00,23.5,51,12.7,0.0,0,610.0,14.1,354,1.473851332073913,-14.022758724692652
2021-02-02 15:00:00,23.4,52,13.1,0.0,0,486.0,14.5,354,1.5156627173809745,-14.420567482839962
2021-02-02 16:00:00,22.8,55,13.4,0.0,0,324.0,15.2,355,1.3247672897644065,-15.142159410994532
2021-02-02 17:00:00,21.8,60,13.8,0.0,0,139.0,14.5,353,1.7671054793746348,-14.39191919879917
2021-02-02 18:00:00,19.8,69,14.1,0.0,0,15.0,16.7,354,1.745625336569812,-16.608515652650162
2021-02-02 19:00:00,18.5,76,14.2,0.0,0,0.0,17.6,360,4.310756732998684e-15,-17.6
2021-02-02 20:00:00,17.7,80,14.3,0.0,0,0.0,15.1,1,-0.263531337202981,-15.097700196861508
2021-02-02 21:00:00,17.1,83,14.3,0.0,0,0.0,13.0,360,3.1840816777831178e-15,-13.0
2021-02-02 22:00:00,16.7,86,14.3,0.0,0,0.0,11.5,358,0.4013442120787595,-11.4929945107196
2021-02-02 23:00:00,16.4,88,14.3,0.0,0,0.0,11.2,358,0.3908743630680092,-11.193177262613872
2021-02-03 00:00:00,16.2,89,14.3,0.0,0,0.0,10.8,358,0.3769145643870089,-10.793420931806237
2021-02-03 01:00:00,15.8,90,14.2,0.0,0,0.0,10.8,358,0.3769145643870089,-10.793420931806237
2021-02-03 02:00:00,15.5,91,14.0,0.0,0,0.0,10.8,2,-0.3769145643870105,-10.793420931806237
2021-02-03 03:00:00,15.5,90,13.8,0.0,0,0.0,10.1,6,-1.0557374790033,-10.04467114321956
2021-02-03 04:00:00,15.4,90,13.7,0.0,0,0.0,9.5,9,-1.4861274178821933,-9.38303923565381
2021-02-03 05:00:00,15.2,90,13.6,0.0,0,0.0,9.1,7,-1.109011024986842,-9.032169979936029
2021-02-03 06:00:00,15.1,91,13.6,0.0,0,0.0,9.4,2,-0.3280552690035091,-9.3942737739795
2021-02-03 07:00:00,14.9,91,13.5,0.0,0,1.0,9.4,2,-0.3280552690035091,-9.3942737739795
2021-02-03 08:00:00,16.3,87,14.1,0.0,1,59.0,9.7,360,2.3758147903458648e-15,-9.7
2021-02-03 09:00:00,18.7,77,14.5,0.0,1,197.0,7.9,357,0.4134540543192605,-7.889173324561134
2021-02-03 10:00:00,20.6,68,14.6,0.0,0,414.0,4.9,343,1.4326213531414125,-4.685893304218873
2021-02-03 11:00:00,21.7,64,14.6,0.0,0,512.0,3.8,319,2.493024310163928,-2.867896404846533
2021-02-03 12:00:00,22.7,60,14.4,0.0,0,645.0,5.0,300,4.330127018922193,-2.5000000000000004
2021-02-03 13:00:00,23.2,57,14.3,0.0,0,631.0,6.7,306,5.420413862312149,-3.938161190359569
2021-02-03 14:00:00,23.2,57,14.2,0.0,2,567.0,9.4,320,6.042203531053472,-7.200817765318392
2021-02-03 15:00:00,22.7,57,13.8,0.0,3,412.0,12.2,336,4.962187045524762,-11.145254583239732
2021-02-03 16:00:00,22.1,58,13.5,0.0,0,289.0,14.6,350,2.535263393937184,-14.378193193978236
2021-02-03 17:00:00,21.1,60,13.1,0.0,2,123.0,15.1,359,0.2635313372029818,-15.097700196861508
2021-02-03 18:00:00,19.5,67,13.1,0.0,1,15.0,12.6,3,-0.6594330486610923,-12.58273213790763
2021-02-03 19:00:00,18.3,72,13.1,0.0,2,0.0,11.6,5,-1.0110066158728348,-11.555858497864248
2021-02-03 20:00:00,17.5,76,13.2,0.0,1,0.0,9.7,2,-0.3385251180142594,-9.694091022085228
2021-02-03 21:00:00,17.0,79,13.4,0.0,1,0.0,9.4,356,0.655710853194781,-9.377102072442348
2021-02-03 22:00:00,16.6,83,13.6,0.0,0,0.0,8.6,358,0.300135671641507,-8.594761112364223
2021-02-03 23:00:00,16.3,85,13.8,0.0,2,0.0,8.6,360,2.1063924945334478e-15,-8.6
2021-02-04 00:00:00,16.1,87,13.9,0.0,2,0.0,8.6,2,-0.3001356716415083,-8.594761112364223
2021-02-04 01:00:00,15.9,88,13.9,0.0,3,0.0,8.4,10,-1.458644692402215,-8.272385125302547
2021-02-04 02:00:00,15.6,89,13.8,0.0,5,0.0,8.0,10,-1.3891854213354426,-7.878462024097664
2021-02-04 03:00:00,15.1,91,13.7,0.0,3,0.0,8.4,10,-1.458644692402215,-8.272385125302547
2021-02-04 04:00:00,15.0,91,13.6,0.0,18,0.0,8.4,10,-1.458644692402215,-8.272385125302547
2021-02-04 05:00:00,14.9,91,13.5,0.0,14,0.0,8.4,10,-1.458644692402215,-8.272385125302547
2021-02-04 06:00:00,14.8,92,13.5,0.0,16,0.0,7.7,11,-1.469229264399395,-7.558529312547013
2021-02-04 07:00:00,14.8,93,13.6,0.0,15,1.0,7.8,13,-1.754618223882147,-7.600086505324834
2021-02-04 08:00:00,16.3,88,14.2,0.0,6,67.0,8.0,5,-0.6972459419812653,-7.969557584733964
2021-02-04 09:00:00,19.1,74,14.3,0.0,6,243.0,6.8,357,0.3558845024520217,-6.790680836331102
2021-02-04 10:00:00,20.8,65,14.1,0.0,5,414.0,4.5,346,1.0886485301985054,-4.366330768241984
2021-02-04 11:00:00,22.1,60,13.9,0.0,2,555.0,4.1,315,2.8991378028648453,-2.899137802864844
2021-02-04 12:00:00,22.8,57,13.8,0.0,1,597.0,7.1,311,5.3584380195816825,-4.6580191058326
2021-02-04 13:00:00,23.3,55,13.8,0.0,3,658.0,9.2,321,5.789747597658508,-7.149742845404129
2021-02-04 14:00:00,23.4,55,13.8,0.0,8,593.0,11.9,331,5.769234480931409,-10.407974514958813
2021-02-04 15:00:00,22.9,57,13.8,0.0,4,446.0,13.8,340,4.719877977894227,-12.967758166845536
2021-02-04 16:00:00,22.4,57,13.6,0.0,6,297.0,14.3,350,2.4831689406371047,-14.082750868074577
2021-02-04 17:00:00,21.7,60,13.6,0.0,8,127.0,13.4,355,1.1678869528186215,-13.34900895442939
2021-02-04 18:00:00,20.2,66,13.7,0.0,6,15.0,11.9,355,1.037153338697134,-11.854716907291772
2021-02-04 19:00:00,19.1,72,13.9,0.0,8,0.0,12.2,360,2.9881381899195417e-15,-12.2
2021-02-04 20:00:00,18.3,77,14.1,0.0,9,0.0,10.5,6,-1.0975488643103617,-10.44247990136687
2021-02-04 21:00:00,17.7,81,14.4,0.0,8,0.0,8.3,5,-0.7233926648055629,-8.268415994161488
2021-02-04 22:00:00,17.4,84,14.6,0.0,12,0.0,7.6,357,0.3977532674463772,-7.589584464134761
2021-02-04 23:00:00,17.2,87,14.9,0.0,16,0.0,7.6,355,0.6623836448822031,-7.571079705497266
2021-02-05 00:00:00,16.7,90,15.1,0.0,17,0.0,6.5,354,0.6794350112397471,-6.4643923198937765
2021-02-05 01:00:00,16.3,92,15.0,0.0,14,0.0,7.0,348,1.4553818357243191,-6.847033205136639
2021-02-05 02:00:00,16.0,93,14.8,0.0,13,0.0,8.0,352,1.113384807680527,-7.922144549932562
2021-02-05 03:00:00,16.0,93,14.8,0.0,14,0.0,7.2,3,-0.3768188849491956,-7.190132650232932
2021-02-05 04:00:00,16.1,92,14.8,0.0,15,0.0,6.8,3,-0.3558845024520181,-6.790680836331102
2021-02-05 05:00:00,15.9,93,14.7,0.0,12,0.0,6.8,3,-0.3558845024520181,-6.790680836331102
2021-02-05 06:00:00,15.9,93,14.7,0.0,11,0.0,6.9,354,0.7212463965468086,-6.862201078041086
2021-02-05 07:00:00,15.9,93,14.7,0.0,9,1.0,5.6,15,-1.449386652574116,-5.409184627218783
2021-02-05 08:00:00,17.7,89,15.8,0.0,10,51.0,3.7,29,-1.7937955949114472,-3.2360929164157644
2021-02-05 09:00:00,20.0,75,15.3,0.0,13,164.0,1.1,108,-1.046162167924669,0.3399186938124421
2021-02-05 10:00:00,21.3,70,15.6,0.0,14,298.0,2.1,211,1.0815799573111138,1.800051331474436
2021-02-05 11:00:00,22.2,65,15.4,0.0,18,421.0,3.6,225,2.545584412271571,2.545584412271572
2021-02-05 12:00:00,22.9,60,14.7,0.0,11,488.0,5.5,238,4.664264528860342,2.9145559532826275
2021-02-05 13:00:00,23.2,58,14.5,0.0,18,516.0,8.2,247,7.548139798310009,3.203995253612045
2021-02-05 14:00:00,23.1,58,14.5,0.0,10,481.0,10.0,255,9.659258262890685,2.5881904510252065
2021-02-05 15:00:00,23.2,57,14.3,0.0,11,384.0,10.1,266,10.075396907624224,0.7045403848156684
2021-02-05 16:00:00,22.6,61,14.6,0.0,10,240.0,9.6,283,9.35395262193826,-2.159530121701103
2021-02-05 17:00:00,21.7,65,14.9,0.0,14,115.0,7.6,301,6.5144714853360535,-3.9142893693164114
2021-02-05 18:00:00,20.5,71,15.2,0.0,9,14.0,7.0,325,4.015035054457325,-5.734064310022941
2021-02-05 19:00:00,19.4,78,15.4,0.0,11,0.0,6.3,336,2.562440851377541,-5.755336383148386
2021-02-05 20:00:00,18.4,83,15.5,0.0,13,0.0,7.3,349,1.392905666248776,-7.165878439167947
2021-02-05 21:00:00,17.6,88,15.6,0.0,11,0.0,6.1,357,0.3192493330819606,-6.0916401620029
2021-02-05 22:00:00,16.9,91,15.5,0.0,11,0.0,6.1,357,0.3192493330819606,-6.0916401620029
2021-02-05 23:00:00,17.1,89,15.2,0.0,8,0.0,5.0,360,1.2246467991473533e-15,-5.0
2021-02-06 00:00:00,17.6,87,15.4,0.0,4,0.0,2.9,353,0.3534210958749269,-2.878383839759834
2021-02-06 01:00:00,17.8,86,15.4,0.0,10,0.0,0.7,360,1.7145055188062944e-16,-0.7
2021-02-06 02:00:00,17.8,86,15.4,0.0,6,0.0,0.5,315,0.3535533905932738,-0.3535533905932737
2021-02-06 03:00:00,18.1,86,15.6,0.0,8,0.0,2.7,337,1.0549740469210396,-2.4853631043215887
2021-02-06 04:00:00,17.0,89,15.2,0.0,10,0.0,4.1,345,1.0611580849203348,-3.96029588778518
2021-02-06 05:00:00,15.4,93,14.4,0.0,9,0.0,6.5,354,0.6794350112397471,-6.4643923198937765
2021-02-06 06:00:00,14.7,95,13.9,0.0,17,0.0,7.9,357,0.4134540543192605,-7.889173324561134
2021-02-06 07:00:00,15.0,95,14.2,0.0,11,1.0,7.3,11,-1.392905666248777,-7.165878439167947
2021-02-06 08:00:00,17.2,92,15.9,0.0,14,48.0,6.5,19,-2.1161930039715187,-6.14587074139556
2021-02-06 09:00:00,20.2,77,16.1,0.0,15,179.0,5.4,352,0.7515347451843558,-5.34744757120448
2021-02-06 10:00:00,21.6,67,15.3,0.0,15,386.0,6.1,320,3.921004419087891,-4.672871103025765
2021-02-06 11:00:00,22.7,59,14.3,0.0,12,533.0,7.5,305,6.143640332167439,-4.301823272632845
2021-02-06 12:00:00,23.3,56,14.0,0.0,9,579.0,8.4,301,7.200205325897744,-4.326319829244455
2021-02-06 13:00:00,23.7,55,14.1,0.0,10,573.0,9.8,294,8.952745484897491,-3.986019102142838
2021-02-06 14:00:00,23.6,57,14.4,0.0,10,467.0,11.4,298,10.065602558591769,-5.351975815759151
2021-02-06 15:00:00,23.3,57,14.4,0.0,4,396.0,12.0,309,9.325751537483647,-7.55184469259805
2021-02-06 16:00:00,22.9,59,14.5,0.0,5,287.0,11.8,322,7.264805408842767,-9.29852689255932
2021-02-06 17:00:00,22.1,63,14.7,0.0,2,125.0,10.9,333,4.948496447161062,-9.71197111365321
2021-02-06 18:00:00,20.6,70,15.0,0.0,2,17.0,10.0,339,3.583679495453008,-9.335804264972015
2021-02-06 19:00:00,19.5,76,15.2,0.0,2,0.0,11.6,355,1.0110066158728364,-11.555858497864248
2021-02-06 20:00:00,18.7,80,15.2,0.0,0,0.0,10.1,2,-0.3524849166952598,-10.093847352892867
2021-02-06 21:00:00,18.1,82,15.0,0.0,2,0.0,8.6,360,2.1063924945334478e-15,-8.6
2021-02-06 22:00:00,17.5,84,14.7,0.0,2,0.0,7.6,360,1.8614631347039767e-15,-7.6
2021-02-06 23:00:00,16.4,89,14.6,0.0,0,0.0,7.3,351,1.141971594793687,-7.210124886344505
2021-02-07 00:00:00,17.5,83,14.5,0.0,1,0.0,5.0,339,1.7918397477265038,-4.667902132486008
2021-02-07 01:00:00,15.7,89,13.9,0.0,22,0.0,5.2,326,2.907803098047882,-4.3109953772862175
2021-02-07 02:00:00,14.8,93,13.6,0.0,1,0.0,7.6,341,2.474317973874391,-7.185941174554808
2021-02-07 03:00:00,15.4,93,14.3,0.0,4,0.0,10.9,351,1.7051356689385189,-10.765802912487
2021-02-07 04:00:00,15.7,94,14.7,0.0,12,0.0,11.9,357,0.622797879291038,-11.88369146357943
2021-02-07 05:00:00,15.7,95,15.0,0.0,16,0.0,11.5,358,0.4013442120787595,-11.4929945107196
2021-02-07 06:00:00,15.8,96,15.1,0.0,26,0.0,12.0,353,1.4624321208617668,-11.910553819695863
2021-02-07 07:00:00,15.9,96,15.2,0.0,27,1.0,12.0,353,1.4624321208617668,-11.910553819695863
2021-02-07 08:00:00,17.1,91,15.5,0.0,24,52.0,11.3,351,1.7677094549546115,-11.160878248725057
2021-02-07 09:00:00,19.1,75,14.6,0.0,11,165.0,9.5,349,1.8126854560771744,-9.325458242752807
2021-02-07 10:00:00,20.6,66,14.1,0.0,5,311.0,8.4,340,2.8729692039356163,-7.893418014601631
2021-02-07 11:00:00,21.8,62,14.1,0.0,3,401.0,7.9,336,3.213219480298821,-7.217009115376548
2021-02-07 12:00:00,22.7,58,14.0,0.0,2,502.0,8.9,333,4.040515447681968,-7.929958065276474
2021-02-07 13:00:00,23.3,56,14.1,0.0,0,515.0,10.6,332,4.976398565530443,-9.359244484304623
2021-02-07 14:00:00,23.5,57,14.4,0.0,0,509.0,12.9,337,5.040431557511633,-11.87451260953648
2021-02-07 15:00:00,23.6,58,15.0,0.0,0,500.0,14.0,342,4.326237921249268,-13.31479122813215
2021-02-07 16:00:00,23.1,62,15.4,0.0,0,314.0,14.1,347,3.171809866248501,-13.738617913471815
2021-02-07 17:00:00,22.2,67,15.9,0.0,0,140.0,12.9,347,2.9018686010358627,-12.569373835729534
2021-02-07 18:00:00,20.7,76,16.2,0.0,0,18.0,9.9,350,1.719116958902611,-9.74959675482086
2021-02-07 19:00:00,19.4,83,16.5,0.0,0,0.0,8.7,353,1.0602632876247808,-8.635151519279502
2021-02-07 20:00:00,18.6,89,16.7,0.0,0,0.0,8.0,352,1.113384807680527,-7.922144549932562
2021-02-07 21:00:00,18.0,92,16.6,0.0,0,0.0,8.0,350,1.389185421335443,-7.878462024097664
2021-02-07 22:00:00,17.6,94,16.5,0.0,0,0.0,8.4,350,1.4586446924022154,-8.272385125302547
2021-02-07 23:00:00,17.2,95,16.4,0.0,0,0.0,8.8,351,1.3766232923540338,-8.691657397237211
2021-02-08 00:00:00,16.7,96,16.1,0.0,0,0.0,5.1,4,-0.355758016095039,-5.087576656325103
2021-02-08 01:00:00,17.7,94,16.7,0.0,0,0.0,1.9,22,-0.7117525274902328,-1.761649323676896
2021-02-08 02:00:00,17.8,93,16.7,0.0,21,0.0,1.9,338,0.7117525274902334,-1.7616493236768958
2021-02-08 03:00:00,16.2,97,15.7,0.0,21,0.0,6.1,332,2.863776532993933,-5.385980316439454
2021-02-08 04:00:00,14.6,99,14.5,0.0,23,0.0,8.3,342,2.564841053312066,-7.893769085249775
2021-02-08 05:00:00,15.2,100,15.1,0.0,38,0.0,8.7,355,0.7582549619046273,-8.666893873398186
2021-02-08 06:00:00,15.8,99,15.6,0.0,79,0.0,8.6,360,2.1063924945334478e-15,-8.6
2021-02-08 07:00:00,16.1,99,16.0,0.0,89,1.0,8.6,2,-0.3001356716415083,-8.594761112364223
2021-02-08 08:00:00,17.6,97,17.1,0.0,62,47.0,7.9,360,1.934941942652818e-15,-7.9
2021-02-08 09:00:00,19.6,87,17.3,0.0,8,165.0,7.2,354,0.7526049355271046,-7.160557646651568
2021-02-08 10:00:00,21.6,73,16.5,0.0,5,351.0,6.6,347,1.4846769586695112,-6.430842427582552
2021-02-08 11:00:00,22.9,66,16.2,0.0,2,550.0,6.9,332,3.2393537832226467,-6.092338390726597
2021-02-08 12:00:00,23.9,61,15.9,0.0,3,664.0,9.2,329,4.738350289172501,-7.885939166459431
2021-02-08 13:00:00,24.4,58,15.6,0.0,11,664.0,10.9,333,4.948496447161062,-9.71197111365321
2021-02-08 14:00:00,24.4,57,15.4,0.0,16,590.0,12.9,333,5.856477446640156,-11.493984162029944
2021-02-08 15:00:00,23.9,60,15.6,0.0,7,443.0,14.6,340,4.993494092554761,-13.719512263474265
2021-02-08 16:00:00,23.2,61,15.4,0.0,23,223.0,15.5,348,3.222631207675278,-15.161287811373986
2021-02-08 17:00:00,22.4,64,15.3,0.0,29,112.0,14.2,353,1.7305446763530905,-14.094155353306771
2021-02-08 18:00:00,21.2,69,15.4,0.0,17,16.0,12.1,350,2.1011429497698577,-11.916173811447717
2021-02-08 19:00:00,20.1,75,15.6,0.0,30,0.0,12.6,355,1.0981623586204947,-12.552053195955994
2021-02-08 20:00:00,19.4,79,15.7,0.0,46,0.0,13.0,355,1.1330246557195582,-12.950531075192693
2021-02-08 21:00:00,18.9,82,15.8,0.0,47,0.0,13.0,354,1.3588700224794945,-12.928784639787551
2021-02-08 22:00:00,18.7,83,15.8,0.0,53,0.0,13.1,352,1.823167622576863,-12.97251170051457
2021-02-08 23:00:00,18.4,85,15.8,0.0,48,0.0,12.7,353,1.5477406612453697,-12.60533612584479
2021-02-09 00:00:00,18.2,86,15.8,0.0,49,0.0,12.6,355,1.0981623586204947,-12.552053195955994
2021-02-09 01:00:00,18.1,86,15.8,0.0,40,0.0,11.9,357,0.622797879291038,-11.88369146357943
2021-02-09 02:00:00,17.9,87,15.7,0.0,38,0.0,11.5,360,2.8166876380389124e-15,-11.5
2021-02-09 03:00:00,17.8,85,15.2,0.0,52,0.0,10.8,360,2.645237086158283e-15,-10.8
2021-02-09 04:00:00,17.8,85,15.2,0.0,52,0.0,10.4,358,0.3629547657060086,-10.393664600998596
2021-02-09 05:00:00,17.6,87,15.4,0.0,63,0.0,10.6,350,1.840670683269462,-10.438962181929403
2021-02-09 06:00:00,17.4,89,15.5,0.0,56,0.0,10.1,343,2.952954217699645,-9.658678035226655
2021-02-09 07:00:00,17.4,89,15.6,0.0,58,1.0,11.2,345,2.8987733051482314,-10.818369254437563
2021-02-09 08:00:00,18.4,84,15.7,0.0,100,54.0,12.1,348,2.5157314588948942,-11.835585968879046
2021-02-09 09:00:00,19.8,77,15.5,0.0,100,189.0,11.4,347,2.564442019520065,-11.10781873855168
2021-02-09 10:00:00,20.9,71,15.4,0.0,100,298.0,9.4,342,2.9047597471245084,-8.939931253174443
2021-02-09 11:00:00,21.7,68,15.5,0.0,100,316.0,8.9,333,4.040515447681968,-7.929958065276474
2021-02-09 12:00:00,22.2,66,15.6,0.0,100,400.0,10.9,326,6.095202647831138,-9.036509540849956
2021-02-09 13:00:00,22.7,64,15.5,0.0,100,441.0,14.1,328,7.471861625688191,-11.957478155805603
2021-02-09 14:00:00,22.9,63,15.4,0.0,100,456.0,16.1,336,6.548459953520383,-14.708081868045875
2021-02-09 15:00:00,22.2,63,14.9,0.0,100,312.0,17.1,342,5.284190603811606,-16.263066428647125
2021-02-09 16:00:00,21.8,64,14.6,0.0,100,210.0,17.3,343,5.058030491703353,-16.544072278160513
2021-02-09 17:00:00,21.1,66,14.5,0.0,80,91.0,17.1,345,4.425805671253104,-16.51733162954307
2021-02-09 18:00:00,20.1,71,14.6,0.0,77,9.0,14.1,345,3.6493485359455415,-13.619554150675864
2021-02-09 19:00:00,19.4,75,14.8,0.0,83,0.0,13.5,351,2.1118652780431195,-13.33379259803436
2021-02-09 20:00:00,19.0,77,14.9,0.0,83,0.0,11.3,353,1.3771235804781636,-11.21577151354694
2021-02-09 21:00:00,18.7,80,15.1,0.0,80,0.0,9.5,351,1.4861274178821953,-9.383039235653808
2021-02-09 22:00:00,18.5,81,15.2,0.0,78,0.0,7.6,352,1.0577155672965006,-7.526037322435934
2021-02-09 23:00:00,18.6,82,15.4,0.0,63,0.0,5.5,337,2.1490212066910064,-5.062776693988422
2021-02-10 00:00:00,18.5,83,15.5,0.0,48,0.0,6.2,324,3.644268564213335,-5.015905365124674
2021-02-10 01:00:00,18.4,84,15.6,0.0,50,0.0,6.6,338,2.4724035165450213,-6.119413440140796
2021-02-10 02:00:00,18.2,86,15.8,0.0,51,0.0,8.5,348,1.767249371950959,-8.314254606237347
2021-02-10 03:00:00,18.1,89,16.3,0.0,51,0.0,8.7,355,0.7582549619046273,-8.666893873398186
2021-02-10 04:00:00,18.1,89,16.2,0.0,50,0.0,7.8,347,1.7546182238821495,-7.600086505324834
2021-02-10 05:00:00,18.0,90,16.3,0.0,48,0.0,6.8,335,2.873804179836754,-6.16289295184922
2021-02-10 06:00:00,18.0,91,16.5,0.1,74,0.0,8.0,333,3.631923997916376,-7.128052193506942
2021-02-10 07:00:00,18.1,92,16.7,0.0,79,1.0,6.5,354,0.6794350112397471,-6.4643923198937765
2021-02-10 08:00:00,18.9,90,17.2,0.0,100,31.0,7.2,342,2.2249223594996232,-6.8476069173251055
2021-02-10 09:00:00,19.9,83,16.9,0.0,100,93.0,8.6,327,4.683895701129232,-7.212566884330647
2021-02-10 10:00:00,21.1,77,16.9,0.0,96,226.0,10.2,328,5.405176495178691,-8.650090580795544
2021-02-10 11:00:00,21.8,73,16.8,0.0,81,255.0,7.9,344,2.177535110954292,-7.59396739791272
2021-02-10 12:00:00,22.9,69,16.8,0.0,94,437.0,7.3,303,6.122295146001597,-3.975864955609695
2021-02-10 13:00:00,23.1,67,16.7,0.0,100,421.0,11.8,293,10.8619572707388,-4.610627316173428
2021-02-10 14:00:00,23.2,67,16.7,0.0,100,359.0,11.4,305,9.338333304894508,-6.538771374401925
2021-02-10 15:00:00,22.4,70,16.6,0.0,72,219.0,12.3,322,7.572636146505596,-9.69253226936268
2021-02-10 16:00:00,22.0,71,16.6,0.1,39,143.0,12.6,329,6.489479743866687,-10.800307988846612
2021-02-10 17:00:00,21.1,77,16.9,0.6,41,48.0,11.6,334,5.085105302753302,-10.426010937070334
2021-02-10 18:00:00,20.4,81,17.0,0.6,56,12.0,8.7,343,2.543633831087813,-8.319851376878407
2021-02-10 19:00:00,19.7,84,17.0,0.3,55,0.0,7.8,347,1.7546182238821495,-7.600086505324834
2021-02-10 20:00:00,19.3,87,17.1,0.9,57,0.0,7.5,343,2.1927877854205287,-7.172285669722765
2021-02-10 21:00:00,19.1,88,17.1,1.4,47,0.0,9.0,344,2.48073620235299,-8.65135526344487
2021-02-10 22:00:00,19.0,89,17.1,1.3,39,0.0,13.1,344,3.610849361202686,-12.592528216791978
2021-02-10 23:00:00,18.9,90,17.2,1.3,59,0.0,13.5,351,2.1118652780431195,-13.33379259803436
2021-02-11 00:00:00,18.7,91,17.2,1.9,92,0.0,11.9,346,2.878870557636048,-11.54651914268436
2021-02-11 01:00:00,18.7,92,17.4,1.7,100,0.0,11.2,339,4.013721034907368,-10.456100776768656
2021-02-11 02:00:00,18.7,93,17.5,1.5,100,0.0,13.4,329,6.9015102037947305,-11.486041829408302
2021-02-11 03:00:00,18.8,92,17.4,1.3,100,0.0,18.5,336,7.524627896902302,-16.90059096638812
2021-02-11 04:00:00,18.4,93,17.2,2.0,100,0.0,23.9,354,2.4982302720969165,-23.76907329930173
2021-02-11 05:00:00,17.9,94,17.0,1.8,100,0.0,25.9,2,-0.9038969645947752,-25.88422241979458
2021-02-11 06:00:00,17.6,95,16.7,2.5,100,0.0,24.5,3,-1.282230927952124,-24.466423601487055
2021-02-11 07:00:00,17.6,94,16.6,3.5,100,0.0,20.7,20,-7.079816966841342,-19.451637250268305
2021-02-11 08:00:00,18.1,91,16.6,2.9,100,1.0,16.7,19,-5.4369881794345165,-15.79016021250859
2021-02-11 09:00:00,18.9,89,17.0,2.5,100,10.0,16.2,12,-3.3681693912477013,-15.84599113188765
2021-02-11 10:00:00,19.9,87,17.6,2.0,56,44.0,14.8,360,3.624954525476166e-15,-14.8
2021-02-11 11:00:00,20.6,83,17.5,1.0,60,99.0,16.3,354,1.7038139512627508,-16.210706894502856
2021-02-11 12:00:00,21.1,81,17.7,0.3,100,116.0,18.3,344,5.044163611451081,-17.591089035671235
2021-02-11 13:00:00,21.3,79,17.5,0.0,100,114.0,21.3,341,6.934601689937438,-20.13954566026545
2021-02-11 14:00:00,21.5,78,17.6,0.0,100,185.0,23.7,340,8.105877396818345,-22.27071511262603
2021-02-11 15:00:00,21.3,76,17.0,0.0,73,281.0,25.6,343,7.484715640902071,-24.481401752653703
2021-02-11 16:00:00,20.7,77,16.5,0.0,41,223.0,26.4,346,6.386738043831231,-25.615807173686303
2021-02-11 17:00:00,19.7,79,15.9,0.0,30,103.0,27.3,347,6.141163783587524,-26.60030276863692
2021-02-11 18:00:00,18.7,82,15.5,0.0,52,12.0,29.6,350,5.13998605894114,-29.15030948916136
2021-02-11 19:00:00,18.3,83,15.3,0.0,72,0.0,30.5,353,3.7170149738569904,-30.27265762506032
2021-02-11 20:00:00,17.8,83,15.0,0.0,72,0.0,31.5,354,3.2926465929310824,-31.32743970410061
2021-02-11 21:00:00,17.4,84,14.6,0.0,73,0.0,31.4,356,2.190353275565545,-31.32351117815848
2021-02-11 22:00:00,17.2,83,14.3,0.0,32,0.0,29.9,357,1.5648450916640366,-29.85902308916176
2021-02-11 23:00:00,17.0,83,14.0,0.0,21,0.0,28.1,358,0.9806758573402732,-28.082882239236596
2021-02-12 00:00:00,16.8,83,13.9,0.0,20,0.0,27.0,359,0.4712149738066561,-26.995887769222563
2021-02-12 01:00:00,16.5,84,13.7,0.0,24,0.0,26.3,359,0.4589982893005576,-26.29599438261309
2021-02-12 02:00:00,16.3,84,13.6,0.0,34,0.0,25.2,359,0.4398006422195457,-25.19616191794106
2021-02-12 03:00:00,16.8,85,14.3,0.0,35,0.0,24.1,357,1.2612965454549594,-24.06697178758523
2021-02-12 04:00:00,16.8,87,14.6,0.0,62,0.0,23.1,357,1.208960589212015,-23.068342252830657
2021-02-12 05:00:00,16.9,87,14.8,0.0,74,0.0,21.6,356,1.506739832873114,-21.547383485612205
2021-02-12 06:00:00,17.1,87,15.0,0.0,71,0.0,17.7,354,1.8501537998374653,-17.60303754801844
2021-02-12 07:00:00,17.1,88,15.2,0.0,44,1.0,18.1,353,2.205835115633165,-17.96508534470793
2021-02-12 08:00:00,17.9,85,15.3,0.0,59,39.0,20.2,356,1.409080769631338,-20.15079381524845
2021-02-12 09:00:00,19.1,79,15.3,0.0,59,135.0,19.9,355,1.7343992806784003,-19.824274492025737
2021-02-12 10:00:00,19.9,76,15.5,0.0,43,240.0,19.5,356,1.36025123801045,-19.45249898006657
2021-02-12 11:00:00,21.0,70,15.4,0.0,39,337.0,18.1,355,1.5775189437326156,-18.0311240354606
2021-02-12 12:00:00,21.6,67,15.3,0.0,27,384.0,16.7,354,1.745625336569812,-16.608515652650162
2021-02-12 13:00:00,22.1,65,15.3,0.0,39,457.0,15.7,349,2.995701227411751,-15.411546780128324
2021-02-12 14:00:00,22.3,66,15.5,0.0,46,377.0,16.9,349,3.2246720218636047,-16.58949940026552
2021-02-12 15:00:00,21.5,67,15.2,0.0,46,254.0,17.9,350,3.1083023802380536,-17.628058778918522
2021-02-12 16:00:00,21.2,69,15.2,0.0,46,173.0,17.9,350,3.1083023802380536,-17.628058778918522
2021-02-12 17:00:00,20.5,73,15.4,0.0,38,60.0,16.3,352,2.268521545649074,-16.141369520487597
2021-02-12 18:00:00,19.5,78,15.5,0.0,32,11.0,15.6,352,2.171100374977028,-15.448181872368496
2021-02-12 19:00:00,18.8,82,15.7,0.0,26,0.0,14.8,354,1.5470212563612706,-14.718924051450443
2021-02-12 20:00:00,18.2,86,15.9,0.0,49,0.0,14.5,353,1.7671054793746348,-14.39191919879917
2021-02-12 21:00:00,18.2,88,16.1,0.0,68,0.0,13.0,354,1.3588700224794945,-12.928784639787551
2021-02-12 22:00:00,17.9,90,16.2,0.1,94,0.0,12.7,353,1.5477406612453697,-12.60533612584479
2021-02-12 23:00:00,17.7,92,16.3,0.1,86,0.0,12.4,352,1.725746451904817,-12.279324052395472
2021-02-13 00:00:00,17.6,92,16.3,0.1,84,0.0,12.3,353,1.498992923883311,-12.208317665188265
2021-02-13 01:00:00,17.6,93,16.4,0.1,71,0.0,11.9,355,1.037153338697134,-11.854716907291772
2021-02-13 02:00:00,17.6,93,16.5,0.0,66,0.0,12.3,355,1.0720156357961974,-12.253194786528471
2021-02-13 03:00:00,17.3,93,16.1,0.1,77,0.0,12.3,357,0.6437322617882157,-12.283143277481258
2021-02-13 04:00:00,17.2,93,16.1,0.0,74,0.0,12.3,357,0.6437322617882157,-12.283143277481258
2021-02-13 05:00:00,17.2,93,16.0,0.0,64,0.0,12.7,353,1.5477406612453697,-12.60533612584479
2021-02-13 06:00:00,17.1,93,15.9,0.0,68,0.0,12.1,348,2.5157314588948942,-11.835585968879046
2021-02-13 07:00:00,17.2,93,16.0,0.0,50,1.0,12.6,355,1.0981623586204947,-12.552053195955994
2021-02-13 08:00:00,17.8,90,16.2,0.0,53,58.0,15.5,357,0.8112073217656377,-15.478757788695894
2021-02-13 09:00:00,19.0,85,16.3,0.0,53,165.0,16.9,359,0.2949456687900921,-16.89742604814301
2021-02-13 10:00:00,20.3,76,16.0,0.0,44,335.0,16.2,359,0.2827289842839937,-16.197532661533536
2021-02-13 11:00:00,21.4,70,15.8,0.0,37,400.0,15.5,356,1.0812253430339474,-15.462242779027276
2021-02-13 12:00:00,21.9,68,15.8,0.0,17,382.0,15.5,348,3.222631207675278,-15.161287811373986
2021-02-13 13:00:00,22.5,65,15.7,0.0,6,519.0,16.9,344,4.6582713133072815,-16.245322661357587
2021-02-13 14:00:00,22.7,65,15.7,0.0,4,541.0,18.1,347,4.071614083623963,-17.63609817261276
2021-02-13 15:00:00,22.3,66,15.7,0.0,4,347.0,17.5,352,2.435529266801153,-17.32969120297748
2021-02-13 16:00:00,21.8,69,15.9,0.0,8,222.0,15.9,354,1.6620025659556894,-15.812898136355546
2021-02-13 17:00:00,21.0,74,16.1,0.0,13,69.0,13.8,353,1.681796938991032,-13.697136892650246
2021-02-13 18:00:00,19.9,80,16.3,0.0,21,13.0,13.5,351,2.1118652780431195,-13.33379259803436
2021-02-13 19:00:00,19.2,84,16.5,0.0,34,0.0,13.3,357,0.6960682180311601,-13.281772812235833
2021-02-13 20:00:00,18.7,88,16.6,0.0,18,0.0,11.2,358,0.3908743630680092,-11.193177262613872
2021-02-13 21:00:00,18.3,90,16.6,0.0,18,0.0,9.8,352,1.3638963894086458,-9.704627073667387
2021-02-13 22:00:00,18.0,92,16.6,0.0,15,0.0,8.8,348,1.829622879196287,-8.60769888645749
2021-02-13 23:00:00,17.8,93,16.6,0.0,12,0.0,8.3,342,2.564841053312066,-7.893769085249775
2021-02-14 00:00:00,17.5,94,16.5,0.0,5,0.0,8.2,337,3.203995253612045,-7.548139798310009
2021-02-14 01:00:00,17.4,94,16.5,0.0,9,0.0,8.4,335,3.549993398621873,-7.612985411107861
2021-02-14 02:00:00,17.3,95,16.4,0.0,9,0.0,8.1,339,2.902780391316936,-7.562001454627332
2021-02-14 03:00:00,17.1,94,16.2,0.0,14,0.0,7.8,347,1.7546182238821495,-7.600086505324834
2021-02-14 04:00:00,17.1,95,16.2,0.0,18,0.0,7.6,352,1.0577155672965006,-7.526037322435934
2021-02-14 05:00:00,16.9,96,16.2,0.0,42,0.0,7.6,355,0.6623836448822031,-7.571079705497266
2021-02-14 06:00:00,17.0,96,16.4,0.0,43,0.0,8.0,350,1.389185421335443,-7.878462024097664
2021-02-14 07:00:00,17.2,97,16.7,0.0,38,1.0,7.9,360,1.934941942652818e-15,-7.9
2021-02-14 08:00:00,17.9,95,17.1,0.0,32,36.0,6.8,357,0.3558845024520217,-6.790680836331102
2021-02-14 09:00:00,19.6,88,17.6,0.0,37,149.0,7.1,345,1.8376152202278968,-6.858073366652385
2021-02-14 10:00:00,21.0,78,17.0,0.0,30,357.0,7.8,338,2.921931428644116,-7.232034065620941
2021-02-14 11:00:00,22.2,71,16.7,0.0,25,534.0,8.4,335,3.549993398621873,-7.612985411107861
2021-02-14 12:00:00,22.9,68,16.7,0.0,8,607.0,10.2,328,5.405176495178691,-8.650090580795544
2021-02-14 13:00:00,23.2,66,16.6,0.0,19,630.0,11.6,324,6.818308926592691,-9.38459713474939
2021-02-14 14:00:00,23.1,66,16.5,0.0,8,535.0,13.2,325,7.571208959833814,-10.812806984614689
2021-02-14 15:00:00,22.6,70,16.7,0.0,4,406.0,14.4,328,7.630837404958152,-12.211892584652531
2021-02-14 16:00:00,21.9,72,16.6,0.0,2,285.0,15.5,332,7.276809223181307,-13.685687689313369
2021-02-14 17:00:00,21.0,75,16.4,0.0,2,125.0,15.2,338,5.694020219921868,-14.093194589415166
2021-02-14 18:00:00,19.6,80,16.1,0.0,8,20.0,13.6,338,5.094649670456408,-12.609700422108308
2021-02-14 19:00:00,18.6,85,16.0,0.0,4,0.0,12.2,341,3.971931484377312,-11.535326622311665
2021-02-14 20:00:00,17.9,88,15.9,0.0,4,0.0,10.2,350,1.7712114122026898,-10.04503908072452
2021-02-14 21:00:00,17.5,90,15.8,0.0,0,0.0,8.4,353,1.0237024846032368,-8.337387673787106
2021-02-14 22:00:00,17.2,91,15.8,0.0,1,0.0,8.4,353,1.0237024846032368,-8.337387673787106
2021-02-14 23:00:00,17.1,91,15.7,0.0,1,0.0,9.1,353,1.1090110249868397,-9.03216997993603
2021-02-15 00:00:00,17.1,91,15.6,0.0,1,0.0,9.5,351,1.4861274178821953,-9.383039235653808
2021-02-15 01:00:00,17.1,90,15.5,0.0,3,0.0,11.9,346,2.878870557636048,-11.54651914268436
2021-02-15 02:00:00,17.1,90,15.4,0.0,3,0.0,14.9,345,3.856403772027558,-14.39229481170712
2021-02-15 03:00:00,17.1,90,15.4,0.0,3,0.0,17.0,347,3.824167923845711,-16.564291101348996
2021-02-15 04:00:00,17.0,90,15.3,0.0,3,0.0,18.5,353,2.254582852995224,-18.36210380536446
2021-02-15 05:00:00,16.8,89,15.0,0.0,2,0.0,18.8,357,0.983915977367354,-18.77423525338599
2021-02-15 06:00:00,16.5,89,14.6,0.0,0,0.0,16.6,359,0.2897099468589071,-16.597471739596095
2021-02-15 07:00:00,16.3,88,14.3,0.0,0,2.0,15.1,357,0.79027293926846,-15.079305974794064
2021-02-15 08:00:00,17.5,82,14.4,0.0,0,90.0,13.7,357,0.7170026005283379,-13.68122462613766
2021-02-15 09:00:00,19.4,72,14.3,0.0,0,273.0,13.0,355,1.1330246557195582,-12.950531075192693
2021-02-15 10:00:00,21.1,65,14.2,0.0,0,468.0,11.6,353,1.4136843834997077,-11.513535359039336
2021-02-15 11:00:00,22.4,59,14.1,0.0,0,611.0,11.2,345,2.8987733051482314,-10.818369254437563
2021-02-15 12:00:00,23.2,56,13.9,0.0,1,697.0,11.5,340,3.933231648245189,-10.806465139037948
2021-02-15 13:00:00,23.5,55,13.8,0.0,4,658.0,11.1,335,4.6910627053217615,-10.060016436106816
2021-02-15 14:00:00,23.4,55,13.8,0.0,13,571.0,12.1,337,4.727846654720214,-11.138108726774528
2021-02-15 15:00:00,22.9,55,13.3,0.0,21,364.0,12.7,345,3.2870018728020125,-12.267257993871167
2021-02-15 16:00:00,22.3,57,13.3,0.0,30,244.0,12.7,352,1.7674983821928365,-12.57640447301794
2021-02-15 17:00:00,21.5,62,13.8,0.0,47,93.0,10.4,360,2.547265342226495e-15,-10.4
2021-02-15 18:00:00,20.6,67,14.2,0.0,56,14.0,9.0,2,-0.3140954703225087,-8.994517443171862
2021-02-15 19:00:00,19.9,71,14.4,0.0,55,0.0,7.9,3,-0.4134540543192563,-7.889173324561134
2021-02-15 20:00:00,19.2,76,14.9,0.0,66,0.0,4.8,347,1.0797650608505536,-4.6769763109691285
2021-02-15 21:00:00,18.8,79,15.0,0.0,67,0.0,2.8,320,1.7998053071223108,-2.1449244407331376
2021-02-15 22:00:00,18.1,83,15.3,0.0,45,0.0,2.8,320,1.7998053071223108,-2.1449244407331376
2021-02-15 23:00:00,17.7,87,15.5,0.0,43,0.0,3.9,326,2.180852323535912,-3.233246532964663
2021-02-16 00:00:00,17.1,90,15.4,0.0,37,0.0,4.4,325,2.523736319944605,-3.604268994871563
2021-02-16 01:00:00,16.8,91,15.3,0.0,33,0.0,5.2,335,2.197614961051636,-4.71280049259058
2021-02-16 02:00:00,16.4,93,15.2,0.0,38,0.0,5.9,349,1.1257730727216135,-5.791600382341218
2021-02-16 03:00:00,16.1,93,15.0,0.0,29,0.0,6.5,354,0.6794350112397471,-6.4643923198937765
2021-02-16 04:00:00,16.3,93,15.2,0.0,36,0.0,7.2,354,0.7526049355271046,-7.160557646651568
2021-02-16 05:00:00,16.4,94,15.3,0.0,29,0.0,8.0,355,0.6972459419812665,-7.969557584733964
2021-02-16 06:00:00,16.6,94,15.6,0.0,34,0.0,7.0,348,1.4553818357243191,-6.847033205136639
2021-02-16 07:00:00,16.8,94,15.8,0.0,47,1.0,6.8,3,-0.3558845024520181,-6.790680836331102
2021-02-16 08:00:00,17.9,90,16.3,0.0,39,38.0,4.9,17,-1.4326213531414105,-4.685893304218874
2021-02-16 09:00:00,19.5,77,15.4,0.0,29,106.0,2.5,8,-0.3479327524001636,-2.475670171853926
2021-02-16 10:00:00,20.9,68,14.7,0.0,25,266.0,0.7,270,0.7,1.2858791391047207e-16
2021-02-16 11:00:00,22.1,61,14.2,0.0,22,436.0,3.2,270,3.2,5.878304635907295e-16
2021-02-16 12:00:00,22.5,59,14.2,0.0,15,382.0,5.9,284,5.72474478502838,-1.4273391840380378
2021-02-16 13:00:00,22.8,60,14.6,0.0,20,557.0,8.0,297,7.128052193506944,-3.631923997916373
2021-02-16 14:00:00,22.5,62,14.7,0.0,18,432.0,10.0,311,7.547095802227722,-6.56059028990507
2021-02-16 15:00:00,22.5,63,15.0,0.0,16,393.0,10.9,326,6.095202647831138,-9.036509540849956
2021-02-16 16:00:00,22.1,64,14.9,0.0,24,285.0,12.2,341,3.971931484377312,-11.535326622311665
2021-02-16 17:00:00,21.4,66,14.8,0.0,21,118.0,12.0,351,1.8772135804827728,-11.852260087141651
2021-02-16 18:00:00,20.3,71,14.9,0.0,14,21.0,10.8,358,0.3769145643870089,-10.793420931806237
2021-02-16 19:00:00,19.2,77,15.0,0.0,13,0.0,11.5,356,0.8021994480574448,-11.47198657798798
2021-02-16 20:00:00,18.5,81,15.2,0.0,15,0.0,12.3,355,1.0720156357961974,-12.253194786528471
2021-02-16 21:00:00,18.0,85,15.4,0.0,19,0.0,12.6,358,0.4397336584515103,-12.592324420440606
2021-02-16 22:00:00,17.6,88,15.5,0.0,19,0.0,11.9,3,-0.6227978792910317,-11.88369146357943
2021-02-16 23:00:00,17.3,89,15.5,0.0,30,0.0,13.0,360,3.1840816777831178e-15,-13.0
2021-02-17 00:00:00,17.3,88,15.4,0.0,32,0.0,14.0,1,-0.2443336901219691,-13.997867732189478
2021-02-17 01:00:00,17.3,86,14.9,0.0,50,0.0,12.6,360,3.08610993385133e-15,-12.6
2021-02-17 02:00:00,17.3,84,14.6,0.0,37,0.0,14.2,353,1.7305446763530905,-14.094155353306771
2021-02-17 03:00:00,17.9,84,15.1,0.0,22,0.0,18.3,350,3.1777616513048264,-18.02198188012341
2021-02-17 04:00:00,17.5,87,15.2,0.0,12,0.0,21.0,354,2.1950977286207216,-20.88495980273374
2021-02-17 05:00:00,17.0,89,15.3,0.0,10,0.0,21.6,357,1.1304566548475985,-21.5703979506988
2021-02-17 06:00:00,16.8,90,15.1,0.0,6,0.0,22.0,355,1.917426340448483,-21.9162833580184
2021-02-17 07:00:00,16.6,89,14.8,0.0,5,2.0,23.0,359,0.4014053480575218,-22.996496988597
2021-02-17 08:00:00,17.5,83,14.5,0.0,5,90.0,24.5,1,-0.427583957713446,-24.496268531331587
2021-02-17 09:00:00,18.9,74,14.2,0.0,8,251.0,27.0,2,-0.9422864109675262,-26.983552329515582
2021-02-17 10:00:00,20.0,68,14.0,0.0,2,452.0,28.1,3,-1.470640370426722,-28.061489926603524
2021-02-17 11:00:00,20.9,63,13.7,0.0,0,591.0,28.5,3,-1.4915747529238992,-28.460941740505355
2021-02-17 12:00:00,21.4,60,13.3,0.0,0,687.0,27.7,1,-0.4834316583127532,-27.69578115583204
2021-02-17 13:00:00,21.6,58,13.0,0.0,0,703.0,27.4,360,6.711064459327495e-15,-27.4
2021-02-17 14:00:00,21.3,58,12.6,0.0,0,606.0,27.4,360,6.711064459327495e-15,-27.4
2021-02-17 15:00:00,20.7,58,12.2,0.0,0,507.0,27.0,1,-0.4712149738066548,-26.995887769222563
2021-02-17 16:00:00,20.1,59,11.9,0.0,0,321.0,25.2,1,-0.4398006422195444,-25.19616191794106
2021-02-17 17:00:00,19.1,62,11.6,0.0,3,154.0,23.0,359,0.4014053480575218,-22.996496988597
2021-02-17 18:00:00,17.8,66,11.4,0.0,9,25.0,22.0,358,0.7677889274550181,-21.986598194420107
2021-02-17 19:00:00,16.8,70,11.3,0.0,11,0.0,21.2,359,0.3699910164704114,-21.19677113731549
2021-02-17 20:00:00,16.3,72,11.3,0.0,16,0.0,20.9,357,1.0938214854775372,-20.871357276370592
2021-02-17 21:00:00,16.1,73,11.2,0.0,19,0.0,20.2,357,1.0571863161074762,-20.17231660204239
2021-02-17 22:00:00,16.1,73,11.2,0.0,21,0.0,18.7,358,0.6526205883367654,-18.68860846525709
2021-02-17 23:00:00,15.8,74,11.2,0.0,23,0.0,16.9,358,0.5898014942722639,-16.889704976622717
2021-02-18 00:00:00,15.6,75,11.2,0.0,35,0.0,15.1,357,0.79027293926846,-15.079305974794064
2021-02-18 01:00:00,15.6,75,11.2,0.0,35,0.0,14.4,357,0.7536377698983989,-14.380265300465863
2021-02-18 02:00:00,15.5,75,11.1,0.0,46,0.0,14.8,357,0.7745721523955768,-14.779717114367694
2021-02-18 03:00:00,15.6,71,10.4,0.0,42,0.0,14.8,359,0.2582956152717967,-14.79774588831459
2021-02-18 04:00:00,15.4,72,10.3,0.0,72,0.0,15.1,359,0.2635313372029818,-15.097700196861508
2021-02-18 05:00:00,15.4,71,10.2,0.0,98,0.0,16.2,360,3.967855629237425e-15,-16.2
2021-02-18 06:00:00,15.3,71,10.0,0.0,75,0.0,16.6,4,-1.15795746415248,-16.55956323431308
2021-02-18 07:00:00,15.2,71,10.0,0.0,60,2.0,16.2,4,-1.1300548746548298,-16.16053761420915
2021-02-18 08:00:00,16.0,67,9.9,0.0,45,70.0,17.6,360,4.310756732998684e-15,-17.6
2021-02-18 09:00:00,17.2,63,10.0,0.0,28,225.0,18.0,1,-0.3141433158711032,-17.997258512815044
2021-02-18 10:00:00,18.2,60,10.4,0.0,36,345.0,16.9,1,-0.2949456687900913,-16.89742604814301
2021-02-18 11:00:00,19.0,59,10.7,0.0,40,388.0,15.8,360,3.869883885305636e-15,-15.8
2021-02-18 12:00:00,19.5,58,10.9,0.0,38,461.0,14.4,359,0.2513146526968833,-14.397806810252035
2021-02-18 13:00:00,19.8,56,10.9,0.0,29,452.0,14.5,354,1.5156627173809745,-14.420567482839962
2021-02-18 14:00:00,19.9,56,10.8,0.0,40,427.0,15.9,354,1.6620025659556894,-15.812898136355546
2021-02-18 15:00:00,19.6,55,10.3,0.0,42,436.0,18.4,356,1.2835191168919116,-18.355178524780765
2021-02-18 16:00:00,19.1,55,9.8,0.0,40,306.0,19.1,358,0.6665803870177658,-19.08836479606473
2021-02-18 17:00:00,18.1,56,9.1,0.0,41,146.0,18.7,360,4.580179028811101e-15,-18.7
2021-02-18 18:00:00,16.8,59,8.8,0.0,31,23.0,16.2,3,-0.8478424911356901,-16.177798463024097
2021-02-18 19:00:00,15.7,63,8.7,0.0,33,0.0,14.9,7,-1.8158532167366972,-14.788937659455698
2021-02-18 20:00:00,15.2,65,8.7,0.0,32,0.0,12.6,5,-1.098162358620493,-12.552053195955994
2021-02-18 21:00:00,14.9,67,8.9,0.0,40,0.0,11.2,4,-0.7812725059342034,-11.17271736291003
2021-02-18 22:00:00,14.8,69,9.1,0.0,43,0.0,9.7,2,-0.3385251180142594,-9.694091022085228
2021-02-18 23:00:00,14.5,71,9.4,0.0,36,0.0,9.0,5,-0.7844016847289235,-8.96575228282571
2021-02-19 00:00:00,14.4,73,9.6,0.0,44,0.0,9.0,5,-0.7844016847289235,-8.96575228282571
2021-02-19 01:00:00,14.4,74,9.8,0.0,30,0.0,8.7,5,-0.7582549619046259,-8.666893873398186
2021-02-19 02:00:00,14.5,74,9.9,0.0,29,0.0,8.7,5,-0.7582549619046259,-8.666893873398186
2021-02-19 03:00:00,14.3,73,9.5,0.0,29,0.0,8.4,7,-1.0237024846032388,-8.337387673787106
2021-02-19 04:00:00,14.2,73,9.5,0.0,20,0.0,8.0,5,-0.6972459419812653,-7.969557584733964
2021-02-19 05:00:00,14.2,75,9.8,0.0,18,0.0,8.3,5,-0.7233926648055629,-8.268415994161488
2021-02-19 06:00:00,13.8,78,10.1,0.0,19,0.0,6.5,6,-0.6794350112397476,-6.4643923198937765
2021-02-19 07:00:00,13.6,82,10.5,0.0,29,3.0,5.4,4,-0.3766849582182766,-5.386845871403051
2021-02-19 08:00:00,15.3,74,10.7,0.0,22,60.0,4.0,5,-0.3486229709906326,-3.984778792366982
2021-02-19 09:00:00,17.0,67,10.9,0.0,29,231.0,2.6,326,1.453901549023941,-2.1554976886431088
2021-02-19 10:00:00,18.1,63,11.0,0.0,39,371.0,3.0,284,2.910887178827989,-0.7257656867990023
2021-02-19 11:00:00,19.0,57,10.3,0.0,37,475.0,5.6,285,5.409184627218783,-1.4493866525741137
2021-02-19 12:00:00,19.8,52,9.8,0.0,33,551.0,7.8,292,7.232034065620942,-2.9219314286441134
2021-02-19 13:00:00,20.0,51,9.6,0.0,31,509.0,9.1,304,7.544241910250879,-5.088655421583797
2021-02-19 14:00:00,20.1,51,9.7,0.0,29,511.0,9.2,315,6.505382386916239,-6.505382386916235
2021-02-19 15:00:00,19.7,50,9.1,0.0,26,428.0,8.8,325,5.047472639889209,-7.208537989743126
2021-02-19 16:00:00,19.3,51,8.9,0.0,15,276.0,8.9,333,4.040515447681968,-7.929958065276474
2021-02-19 17:00:00,18.7,52,8.8,0.0,17,135.0,7.9,344,2.177535110954292,-7.59396739791272
2021-02-19 18:00:00,17.9,56,9.1,0.0,28,23.0,6.8,357,0.3558845024520217,-6.790680836331102
2021-02-19 19:00:00,16.9,62,9.6,0.0,30,0.0,7.2,3,-0.3768188849491956,-7.190132650232932
2021-02-19 20:00:00,15.9,69,10.2,0.0,31,0.0,6.1,3,-0.3192493330819573,-6.0916401620029
2021-02-19 21:00:00,15.0,75,10.6,0.0,28,0.0,5.8,360,1.4205902870109297e-15,-5.8
2021-02-19 22:00:00,14.4,80,10.9,0.0,27,0.0,6.9,6,-0.721246396546809,-6.862201078041086
2021-02-19 23:00:00,13.7,84,11.1,0.0,26,0.0,8.0,10,-1.3891854213354426,-7.878462024097664
2021-02-20 00:00:00,13.2,87,11.0,0.0,28,0.0,7.3,20,-2.496747046277381,-6.859756131737131
2021-02-20 01:00:00,13.5,84,10.9,0.0,29,0.0,5.8,30,-2.8999999999999995,-5.022947341949744
2021-02-20 02:00:00,13.8,82,10.8,0.0,35,0.0,3.6,37,-2.166534083347374,-2.875087836170254
2021-02-20 03:00:00,13.9,82,10.9,0.0,37,0.0,4.8,13,-1.079765060850552,-4.676976310969129
2021-02-20 04:00:00,12.4,88,10.5,0.0,35,0.0,6.8,3,-0.3558845024520181,-6.790680836331102
2021-02-20 05:00:00,12.3,88,10.4,0.0,36,0.0,7.9,360,1.934941942652818e-15,-7.9
2021-02-20 06:00:00,12.3,88,10.4,0.0,34,0.0,8.8,12,-1.8296228791962823,-8.607698886457491
2021-02-20 07:00:00,12.3,89,10.6,0.0,34,4.0,6.2,10,-1.0766187015349682,-6.10580806867569
2021-02-20 08:00:00,15.5,79,11.8,0.0,25,89.0,6.1,360,1.4940690949597709e-15,-6.1
2021-02-20 09:00:00,17.6,68,11.7,0.0,34,269.0,5.2,344,1.4333142502483949,-4.998560818879258
2021-02-20 10:00:00,18.8,61,11.1,0.0,32,467.0,4.8,312,3.5670951622914937,-3.211826910522517
2021-02-20 11:00:00,19.8,52,9.7,0.0,32,595.0,5.7,288,5.421022142882376,-1.7613968679371992
2021-02-20 12:00:00,20.4,49,9.2,0.0,44,641.0,7.3,279,7.210124886344506,-1.141971594793684
2021-02-20 13:00:00,20.7,48,9.3,0.0,50,621.0,8.4,280,8.272385125302549,-1.4586446924022118
2021-02-20 14:00:00,20.7,49,9.5,0.0,59,506.0,9.0,293,8.284543681071964,-3.5165801564034616
2021-02-20 15:00:00,20.2,46,8.2,0.0,52,363.0,9.2,312,6.836932394392029,-6.156001578501491
2021-02-20 16:00:00,19.8,46,8.0,0.0,53,221.0,8.1,328,4.292346040288961,-6.869189578867049
2021-02-20 17:00:00,19.4,47,7.9,0.0,57,102.0,7.4,346,1.7902220274375422,-7.180188374442374
2021-02-20 18:00:00,18.5,52,8.6,0.0,56,22.0,7.2,3,-0.3768188849491956,-7.190132650232932
2021-02-20 19:00:00,17.3,58,9.0,0.0,50,0.0,8.4,10,-1.458644692402215,-8.272385125302547
2021-02-20 20:00:00,16.6,63,9.6,0.0,45,0.0,7.5,17,-2.192787785420526,-7.172285669722766
2021-02-20 21:00:00,15.7,70,10.2,0.0,44,0.0,8.6,15,-2.2258437878816784,-8.306962106085987
2021-02-20 22:00:00,14.8,77,10.8,0.0,43,0.0,8.0,18,-2.472135954999579,-7.608452130361228
2021-02-20 23:00:00,14.1,82,11.0,0.0,36,0.0,7.5,17,-2.192787785420526,-7.172285669722766
2021-02-21 00:00:00,13.6,85,11.2,0.0,38,0.0,7.1,15,-1.8376152202278973,-6.858073366652385
2021-02-21 01:00:00,13.5,85,11.0,0.0,36,0.0,7.1,15,-1.8376152202278973,-6.858073366652385
2021-02-21 02:00:00,13.2,84,10.6,0.0,33,0.0,7.7,11,-1.469229264399395,-7.558529312547013
2021-02-21 03:00:00,13.5,79,10.0,0.0,37,0.0,7.0,12,-1.4553818357243151,-6.84703320513664
2021-02-21 04:00:00,13.5,78,9.7,0.0,35,0.0,5.2,16,-1.4333142502483958,-4.998560818879258
2021-02-21 05:00:00,13.8,76,9.5,0.0,31,0.0,4.2,20,-1.4364846019678086,-3.946709007300816
2021-02-21 06:00:00,14.8,70,9.5,0.0,30,0.0,4.6,18,-1.421478174124758,-4.3748599749577055
2021-02-21 07:00:00,15.1,70,9.6,0.0,30,4.0,3.1,45,-2.192031021678297,-2.192031021678297
2021-02-21 08:00:00,16.1,78,12.4,0.0,30,91.0,2.6,74,-2.499280409439629,-0.7166571251241979
2021-02-21 09:00:00,19.6,58,11.2,0.0,30,280.0,1.3,146,-0.726950774511971,1.0777488443215542
2021-02-21 10:00:00,20.6,58,12.0,0.0,30,450.0,3.1,249,2.894099322141325,1.1109406435904323
2021-02-21 11:00:00,21.4,54,11.8,0.0,30,584.0,6.1,273,6.0916401620029,-0.3192493330819581
2021-02-21 12:00:00,22.0,52,11.6,0.0,31,644.0,7.3,279,7.210124886344506,-1.141971594793684
2021-02-21 13:00:00,22.4,51,11.7,0.0,31,679.0,8.1,291,7.562001454627333,-2.902780391316933
2021-02-21 14:00:00,22.4,51,11.8,0.0,30,628.0,9.2,296,8.268905225952336,-4.033014550459511
2021-02-21 15:00:00,22.2,48,10.7,0.0,33,515.0,9.4,302,7.971652103870405,-4.981241083792124
2021-02-21 16:00:00,21.8,49,10.6,0.0,25,351.0,8.8,305,7.208537989743128,-5.047472639889206
2021-02-21 17:00:00,21.1,51,10.7,0.0,1,167.0,7.4,321,4.656970893768801,-5.750880114781583
2021-02-21 18:00:00,20.1,57,11.2,0.0,1,29.0,8.1,339,2.902780391316936,-7.562001454627332
2021-02-21 19:00:00,18.9,63,11.6,0.0,1,0.0,8.1,347,1.8221035401853087,-7.892397524760404
2021-02-21 20:00:00,17.5,70,12.1,0.0,0,0.0,8.7,353,1.0602632876247808,-8.635151519279502
2021-02-21 21:00:00,16.4,77,12.4,0.0,3,0.0,8.3,355,0.7233926648055641,-8.268415994161488
2021-02-21 22:00:00,15.6,82,12.5,0.0,6,0.0,7.6,357,0.3977532674463772,-7.589584464134761
2021-02-21 23:00:00,14.9,86,12.6,0.0,8,0.0,6.5,360,1.5920408388915589e-15,-6.5
2021-02-22 00:00:00,14.4,87,12.3,0.0,12,0.0,4.7,9,-0.7352419856890852,-4.642135200797148
2021-02-22 01:00:00,14.1,87,12.0,0.0,18,0.0,4.7,9,-0.7352419856890852,-4.642135200797148
2021-02-22 02:00:00,13.7,86,11.5,0.0,0,0.0,5.8,4,-0.4045875477159267,-5.78587149150698
2021-02-22 03:00:00,12.9,94,12.0,0.0,0,0.0,6.8,360,1.6655196468404002e-15,-6.8
2021-02-22 04:00:00,12.8,94,11.9,0.0,0,0.0,7.9,357,0.4134540543192605,-7.889173324561134
2021-02-22 05:00:00,12.8,93,11.7,0.0,0,0.0,8.3,355,0.7233926648055641,-8.268415994161488
2021-02-22 06:00:00,12.7,91,11.4,0.0,2,0.0,7.9,3,-0.4134540543192563,-7.889173324561134
2021-02-22 07:00:00,12.6,92,11.3,0.0,0,5.0,7.6,360,1.8614631347039767e-15,-7.6
2021-02-22 08:00:00,16.4,78,12.6,0.0,14,87.0,7.2,357,0.3768188849491994,-7.190132650232932
2021-02-22 09:00:00,20.1,58,11.6,0.0,14,286.0,6.8,342,2.101315561749644,-6.467184310807044
2021-02-22 10:00:00,21.9,48,10.4,0.0,0,484.0,7.9,336,3.213219480298821,-7.217009115376548
2021-02-22 11:00:00,22.9,44,10.1,0.0,0,623.0,8.6,327,4.683895701129232,-7.212566884330647
2021-02-22 12:00:00,23.6,43,10.2,0.0,0,703.0,8.4,317,5.728786224524986,-6.143371093601034
2021-02-22 13:00:00,24.0,43,10.8,0.0,0,714.0,9.7,312,7.208504807130727,-6.4905668816809206
2021-02-22 14:00:00,24.1,45,11.4,0.0,0,662.0,10.4,316,7.224447052773575,-7.481133923521969
2021-02-22 15:00:00,23.8,46,11.3,0.0,0,536.0,11.2,327,6.099957192168302,-9.393110360988748
2021-02-22 16:00:00,23.3,48,11.7,0.0,0,367.0,11.1,335,4.6910627053217615,-10.060016436106816
2021-02-22 17:00:00,22.5,53,12.4,0.0,0,179.0,9.6,340,3.2833933759264187,-9.02104915954472
2021-02-22 18:00:00,21.1,60,13.1,0.0,0,32.0,8.2,345,2.1223161698406696,-7.92059177557036
2021-02-22 19:00:00,19.8,68,13.8,0.0,0,0.0,7.9,344,2.177535110954292,-7.59396739791272
2021-02-22 20:00:00,18.8,76,14.5,0.0,0,0.0,7.9,344,2.177535110954292,-7.59396739791272
2021-02-22 21:00:00,17.9,83,15.1,0.0,0,0.0,7.9,344,2.177535110954292,-7.59396739791272
2021-02-22 22:00:00,16.9,89,15.1,0.0,0,0.0,8.5,348,1.767249371950959,-8.314254606237347
2021-02-22 23:00:00,16.6,89,14.9,0.0,0,0.0,9.4,353,1.145571828008384,-9.329933825428428
2021-02-23 00:00:00,16.6,88,14.6,0.0,4,0.0,10.8,358,0.3769145643870089,-10.793420931806237
2021-02-23 01:00:00,16.9,80,13.4,0.0,5,0.0,12.2,2,-0.4257738597705118,-12.192568089632967
2021-02-23 02:00:00,17.1,72,12.1,0.0,21,0.0,12.2,2,-0.4257738597705118,-12.192568089632967
2021-02-23 03:00:00,16.8,76,12.5,0.0,27,0.0,12.2,360,2.9881381899195417e-15,-12.2
2021-02-23 04:00:00,16.7,75,12.2,0.0,45,0.0,13.0,357,0.6803674311582768,-12.98218395180946
2021-02-23 05:00:00,16.6,76,12.4,0.0,38,0.0,14.4,359,0.2513146526968833,-14.397806810252035
2021-02-23 06:00:00,16.5,80,13.1,0.0,44,0.0,16.2,357,0.8478424911356988,-16.177798463024097
2021-02-23 07:00:00,16.9,82,13.8,0.0,49,4.0,16.9,358,0.5898014942722639,-16.889704976622717
2021-02-23 08:00:00,18.4,79,14.6,0.0,50,66.0,17.0,356,1.1858600536501358,-16.958588854417012
2021-02-23 09:00:00,20.4,72,15.3,0.0,49,179.0,17.0,355,1.4816476267101917,-16.935309867559674
2021-02-23 10:00:00,22.0,67,15.6,0.0,47,331.0,16.3,352,2.268521545649074,-16.141369520487597
2021-02-23 11:00:00,23.0,64,15.8,0.0,47,398.0,15.7,349,2.995701227411751,-15.411546780128324
2021-02-23 12:00:00,24.0,60,15.8,0.0,43,441.0,15.0,349,2.86213493064817,-14.72440775171496
2021-02-23 13:00:00,24.4,58,15.7,0.0,24,362.0,15.8,348,3.285004714920606,-15.45473209159413
2021-02-23 14:00:00,24.4,59,15.8,0.0,33,368.0,16.4,351,2.5655252266597897,-16.198088785760255
2021-02-23 15:00:00,24.4,60,16.1,0.0,23,364.0,17.0,355,1.4816476267101917,-16.935309867559674
2021-02-23 16:00:00,23.9,62,16.3,0.0,27,243.0,17.0,355,1.4816476267101917,-16.935309867559674
2021-02-23 17:00:00,22.9,68,16.6,0.0,25,120.0,15.6,352,2.171100374977028,-15.448181872368496
2021-02-23 18:00:00,21.4,75,16.8,0.0,38,23.0,12.9,347,2.9018686010358627,-12.569373835729534
2021-02-23 19:00:00,20.2,81,16.9,0.0,29,0.0,13.1,351,2.0492914920270278,-12.938717261796302
2021-02-23 20:00:00,19.4,85,16.9,0.0,47,0.0,12.8,349,2.442355140819772,-12.5648279481301
2021-02-23 21:00:00,18.9,87,16.8,0.0,50,0.0,13.6,348,2.827598995121534,-13.302807369979757
2021-02-23 22:00:00,18.6,89,16.7,0.0,49,0.0,12.7,352,1.7674983821928365,-12.57640447301794
2021-02-23 23:00:00,18.3,90,16.7,0.0,41,0.0,10.9,352,1.5169868004647182,-10.793921949283115
2021-02-24 00:00:00,18.1,92,16.7,0.0,38,0.0,10.7,346,2.588564282916446,-10.382164271153162
2021-02-24 01:00:00,17.9,92,16.6,0.0,26,0.0,11.4,347,2.564442019520065,-11.10781873855168
2021-02-24 02:00:00,17.7,93,16.6,0.0,31,0.0,11.7,351,1.830283240970704,-11.55595358496311
2021-02-24 03:00:00,18.0,92,16.8,0.0,27,0.0,11.7,351,1.830283240970704,-11.55595358496311
2021-02-24 04:00:00,17.9,94,16.8,0.0,28,0.0,12.0,353,1.4624321208617668,-11.910553819695863
2021-02-24 05:00:00,17.7,94,16.7,0.0,35,0.0,11.9,355,1.037153338697134,-11.854716907291772
2021-02-24 06:00:00,17.5,95,16.7,0.0,38,0.0,11.2,356,0.781272505934207,-11.17271736291003
2021-02-24 07:00:00,17.5,96,16.8,0.0,40,4.0,11.5,356,0.8021994480574448,-11.47198657798798
2021-02-24 08:00:00,18.9,89,17.0,0.0,49,83.0,11.3,351,1.7677094549546115,-11.160878248725057
2021-02-24 09:00:00,20.8,79,17.1,0.0,37,228.0,11.4,349,2.175222547292609,-11.19054989130337
2021-02-24 10:00:00,22.1,74,17.2,0.0,28,290.0,10.0,347,2.249510543438653,-9.743700647852352
2021-02-24 11:00:00,23.2,69,17.3,0.0,28,381.0,8.4,335,3.549993398621873,-7.612985411107861
2021-02-24 12:00:00,23.7,68,17.4,0.0,27,486.0,8.8,325,5.047472639889209,-7.208537989743126
2021-02-24 13:00:00,24.1,66,17.4,0.0,29,482.0,10.0,322,6.156614753256582,-7.88010753606722
2021-02-24 14:00:00,23.9,67,17.4,0.0,28,369.0,11.4,325,6.5387713744019305,-9.338333304894505
2021-02-24 15:00:00,23.8,67,17.4,0.0,30,397.0,12.1,330,6.050000000000005,-10.478907385791704
2021-02-24 16:00:00,23.1,70,17.4,0.0,34,233.0,14.2,336,5.775660331676362,-12.972345498524934
2021-02-24 17:00:00,22.3,73,17.3,0.0,47,100.0,14.2,344,3.914050452601385,-13.649916082324127
2021-02-24 18:00:00,21.2,78,17.3,0.0,51,19.0,11.7,349,2.2324652459055723,-11.485038046337667
2021-02-24 19:00:00,20.3,83,17.2,0.0,37,0.0,11.4,349,2.175222547292609,-11.19054989130337
2021-02-24 20:00:00,19.8,85,17.2,0.0,42,0.0,9.3,344,2.5634274090980904,-8.939733772226367
2021-02-24 21:00:00,19.6,86,17.2,0.0,44,0.0,9.5,335,4.014873486536643,-8.609923976848176
2021-02-24 22:00:00,19.2,88,17.2,0.0,53,0.0,9.5,331,4.6056913923402005,-8.30888721782426
2021-02-24 23:00:00,19.0,90,17.3,0.0,67,0.0,8.7,330,4.350000000000003,-7.534421012924613
2021-02-25 00:00:00,18.8,91,17.3,0.0,80,0.0,8.5,332,3.990508283680072,-7.505054539300879
2021-02-25 01:00:00,18.7,92,17.4,0.0,85,0.0,7.7,332,3.61493103345136,-6.798696465013738
2021-02-25 02:00:00,18.5,94,17.5,0.0,69,0.0,5.7,325,3.269385687200965,-4.669166652447252
2021-02-25 03:00:00,18.5,95,17.6,0.0,71,0.0,4.9,306,3.964183272437243,-2.8801477362331176
2021-02-25 04:00:00,18.3,95,17.5,0.0,64,0.0,5.9,308,4.649263446279659,-3.6324027044213856
2021-02-25 05:00:00,18.4,95,17.6,0.0,71,0.0,6.6,315,4.666904755831214,-4.6669047558312124
2021-02-25 06:00:00,18.5,95,17.8,0.0,65,0.0,6.8,335,2.873804179836754,-6.16289295184922
2021-02-25 07:00:00,18.8,95,18.0,0.0,50,2.0,5.6,345,1.4493866525741157,-5.409184627218783
2021-02-25 08:00:00,20.1,89,18.2,0.0,33,33.0,4.1,308,3.230844089787559,-2.5242120488352
2021-02-25 09:00:00,21.5,80,18.0,0.0,26,156.0,6.6,283,6.430842427582553,-1.4846769586695083
2021-02-25 10:00:00,23.2,73,18.1,0.0,20,368.0,9.0,286,8.651355263444868,-2.480736202352994
2021-02-25 11:00:00,24.2,69,18.1,0.0,26,558.0,12.1,297,10.781178942679253,-5.493285046848515
2021-02-25 12:00:00,24.5,67,17.9,0.0,26,620.0,13.2,305,10.81280698461469,-7.571208959833807
2021-02-25 13:00:00,24.6,66,17.8,0.0,24,610.0,12.7,315,8.980256121069155,-8.98025612106915
2021-02-25 14:00:00,24.5,66,17.7,0.0,20,553.0,12.4,324,7.28853712842667,-10.031810730249347
2021-02-25 15:00:00,24.2,66,17.6,0.0,25,412.0,12.3,328,6.518006950068422,-10.430991582724038
2021-02-25 16:00:00,24.0,67,17.4,0.0,25,285.0,12.6,333,5.720280296718292,-11.226682204773434
2021-02-25 17:00:00,23.4,68,17.2,0.0,41,156.0,13.2,338,4.944807033090043,-12.238826880281591
2021-02-25 18:00:00,22.2,74,17.2,0.0,31,27.0,14.0,348,2.9107636714486382,-13.694066410273278
2021-02-25 19:00:00,21.2,78,17.2,0.0,25,0.0,14.4,360,3.5269827815443773e-15,-14.4
2021-02-25 20:00:00,20.8,80,17.1,0.0,19,0.0,11.9,358,0.4153040107597598,-11.89275084152724
2021-02-25 21:00:00,20.4,81,17.1,0.0,10,0.0,11.9,346,2.878870557636048,-11.54651914268436
2021-02-25 22:00:00,20.0,83,17.1,0.0,7,0.0,10.1,354,1.0557374790032994,-10.04467114321956
2021-02-25 23:00:00,19.8,85,17.1,0.0,7,0.0,8.3,360,2.0329136865846065e-15,-8.3
2021-02-26 00:00:00,19.4,87,17.1,0.0,17,0.0,6.9,351,1.0793978087775946,-6.81504955010645
2021-02-26 01:00:00,19.2,88,17.2,0.0,38,0.0,6.1,360,1.4940690949597709e-15,-6.1
2021-02-26 02:00:00,18.9,90,17.2,0.0,38,0.0,5.8,7,-0.7068421917498553,-5.756767679519667
2021-02-26 03:00:00,18.1,95,17.3,0.0,20,0.0,6.2,7,-0.7555899291119144,-6.153786140176196
2021-02-26 04:00:00,18.2,95,17.3,0.0,20,0.0,6.1,360,1.4940690949597709e-15,-6.1
2021-02-26 05:00:00,17.8,95,17.0,0.0,24,0.0,6.6,338,2.4724035165450213,-6.119413440140796
2021-02-26 06:00:00,17.9,95,17.2,0.0,20,0.0,7.9,330,3.950000000000004,-6.841600689897064
2021-02-26 07:00:00,18.4,96,17.7,0.0,19,6.0,10.7,340,3.659615533584654,-10.05471104240922
2021-02-26 08:00:00,20.4,89,18.5,0.0,30,99.0,11.4,349,2.175222547292609,-11.19054989130337
2021-02-26 09:00:00,22.4,77,18.2,0.0,26,256.0,10.8,358,0.3769145643870089,-10.793420931806237
2021-02-26 10:00:00,23.9,68,17.7,0.0,14,373.0,8.0,355,0.6972459419812665,-7.969557584733964
2021-02-26 11:00:00,25.0,65,17.9,0.0,12,555.0,7.9,321,4.971631089293719,-6.139453095510068
2021-02-26 12:00:00,25.6,63,18.1,0.0,9,641.0,11.2,310,8.579697762932554,-7.199221228489239
2021-02-26 13:00:00,25.7,63,18.1,0.0,9,608.0,13.7,315,9.687362902255703,-9.687362902255698
2021-02-26 14:00:00,25.7,62,18.0,0.0,7,595.0,14.0,325,8.03007010891465,-11.46812862004588
2021-02-26 15:00:00,25.3,63,17.7,0.0,4,512.0,13.5,335,5.70534653349944,-12.235155124994776
2021-02-26 16:00:00,24.9,64,17.5,0.0,8,350.0,13.9,339,4.981314498679681,-12.9767679283111
2021-02-26 17:00:00,24.0,67,17.4,0.0,15,137.0,13.8,340,4.719877977894227,-12.967758166845536
2021-02-26 18:00:00,22.6,73,17.5,0.0,23,32.0,13.0,341,4.232386007943037,-12.29174148279112
2021-02-26 19:00:00,21.3,80,17.6,0.0,22,0.0,16.9,344,4.6582713133072815,-16.245322661357587
2021-02-26 20:00:00,20.4,84,17.5,0.0,22,0.0,14.4,356,1.0044932219154092,-14.36492232374147
2021-02-26 21:00:00,19.9,86,17.5,0.0,12,0.0,12.3,355,1.0720156357961974,-12.253194786528471
2021-02-26 22:00:00,19.5,88,17.5,0.0,19,0.0,12.0,351,1.8772135804827728,-11.852260087141651
2021-02-26 23:00:00,19.1,90,17.5,0.0,14,0.0,14.9,345,3.856403772027558,-14.39229481170712
2021-02-27 00:00:00,18.7,92,17.3,0.0,35,0.0,16.0,346,3.870750329594686,-15.524731620415944
2021-02-27 01:00:00,18.5,91,17.0,0.0,36,0.0,16.8,350,2.917289384804431,-16.544770250605094
2021-02-27 02:00:00,18.4,90,16.6,0.0,37,0.0,17.4,354,1.8187952608571691,-17.304680979407955
2021-02-27 03:00:00,18.2,90,16.5,0.0,40,0.0,17.0,355,1.4816476267101917,-16.935309867559674
2021-02-27 04:00:00,18.1,90,16.3,0.0,42,0.0,16.5,350,2.8651949315043512,-16.249327924701433
2021-02-27 05:00:00,17.9,90,16.3,0.0,44,0.0,16.8,351,2.6280990126758823,-16.593164121998313
2021-02-27 06:00:00,18.0,89,16.2,0.0,45,0.0,14.6,351,2.283943189587374,-14.42024977268901
2021-02-27 07:00:00,18.1,88,16.1,0.0,32,4.0,15.0,350,2.604722665003956,-14.77211629518312
2021-02-27 08:00:00,18.9,83,16.0,0.0,32,64.0,17.0,354,1.776983875550108,-16.906872221260645
2021-02-27 09:00:00,20.1,78,16.0,0.0,26,156.0,17.7,355,1.5426566466335525,-17.632646156223895
2021-02-27 10:00:00,21.2,72,16.0,0.0,19,239.0,18.5,353,2.254582852995224,-18.36210380536446
2021-02-27 11:00:00,22.4,68,16.1,0.0,8,456.0,18.4,354,1.9233237241248229,-18.299202874776228
2021-02-27 12:00:00,22.9,66,16.1,0.0,9,503.0,18.0,357,0.9420472123729986,-17.975331625582328
2021-02-27 13:00:00,23.6,63,16.1,0.0,10,589.0,18.0,358,0.6281909406450148,-17.989034886343724
2021-02-27 14:00:00,24.0,61,16.1,0.0,11,586.0,18.0,357,0.9420472123729986,-17.975331625582328
2021-02-27 15:00:00,24.0,62,16.2,0.0,5,519.0,18.8,356,1.311421706389562,-18.754204144884696
2021-02-27 16:00:00,23.5,63,16.1,0.0,1,332.0,20.3,354,2.1219278043333643,-20.18879447597595
2021-02-27 17:00:00,22.3,68,16.0,0.0,3,174.0,21.0,353,2.559256211508092,-20.843469184467764
2021-02-27 18:00:00,20.7,74,15.8,0.0,3,32.0,19.6,354,2.048757880046007,-19.49262914921816
2021-02-27 19:00:00,19.4,78,15.6,0.0,3,0.0,19.3,351,3.01918517527646,-19.06238497348616
2021-02-27 20:00:00,18.8,81,15.5,0.0,14,0.0,19.4,350,3.368774646738449,-19.105270408436837
2021-02-27 21:00:00,18.4,83,15.4,0.0,13,0.0,18.5,353,2.254582852995224,-18.36210380536446
2021-02-27 22:00:00,18.3,83,15.4,0.0,8,0.0,16.6,356,1.1579574641524857,-16.55956323431308
2021-02-27 23:00:00,18.1,85,15.5,0.0,8,0.0,14.9,353,1.8158532167366936,-14.7889376594557
2021-02-28 00:00:00,17.9,86,15.5,0.0,11,0.0,13.2,349,2.5186787389703893,-12.957478821509165
2021-02-28 01:00:00,17.7,88,15.6,0.0,5,0.0,12.6,347,2.834383284732703,-12.277062816293965
2021-02-28 02:00:00,17.5,89,15.7,0.0,3,0.0,12.8,349,2.442355140819772,-12.5648279481301
2021-02-28 03:00:00,17.4,90,15.7,0.0,4,0.0,13.1,351,2.0492914920270278,-12.938717261796302
2021-02-28 04:00:00,17.2,91,15.7,0.0,7,0.0,12.7,352,1.7674983821928365,-12.57640447301794
2021-02-28 05:00:00,17.2,91,15.7,0.0,11,0.0,12.7,352,1.7674983821928365,-12.57640447301794
2021-02-28 06:00:00,17.0,92,15.7,0.0,8,0.0,14.0,348,2.9107636714486382,-13.694066410273278
2021-02-28 07:00:00,17.3,90,15.7,0.0,8,7.0,13.8,351,2.158795617555189,-13.6300991002129
2021-02-28 08:00:00,19.1,81,15.7,0.0,3,108.0,12.8,350,2.222696674136709,-12.605539238556265
2021-02-28 09:00:00,21.1,71,15.7,0.0,9,287.0,11.8,348,2.4533579516495667,-11.542141688658909
2021-02-28 10:00:00,22.7,65,15.9,0.0,4,444.0,11.8,340,4.0358376912428895,-11.08837292527372
2021-02-28 11:00:00,23.7,63,16.3,0.0,11,619.0,11.6,338,4.345436483624583,-10.755332712974733
2021-02-28 12:00:00,24.4,61,16.4,0.0,21,677.0,10.5,333,4.766900247265244,-9.355568503977862
2021-02-28 13:00:00,24.8,60,16.5,0.0,24,677.0,11.9,331,5.769234480931409,-10.407974514958813
2021-02-28 14:00:00,24.9,60,16.5,0.0,18,657.0,13.9,335,5.87439383819572,-12.597678239809436
2021-02-28 15:00:00,24.5,59,15.9,0.0,5,534.0,13.9,343,4.063966695646046,-13.29263610788619
2021-02-28 16:00:00,24.2,59,15.7,0.0,1,372.0,12.4,350,2.153237403069937,-12.21161613735138
2021-02-28 17:00:00,23.6,61,15.7,0.0,2,183.0,10.6,350,1.840670683269462,-10.438962181929403
2021-02-28 18:00:00,22.5,66,15.8,0.0,2,35.0,7.9,344,2.177535110954292,-7.59396739791272
2021-02-28 19:00:00,21.0,73,16.0,0.0,0,0.0,9.1,342,2.812054648812024,-8.654614298285896
2021-02-28 20:00:00,20.1,78,16.0,0.0,0,0.0,8.2,337,3.203995253612045,-7.548139798310009
2021-02-28 21:00:00,19.4,81,16.2,0.0,0,0.0,8.4,335,3.549993398621873,-7.612985411107861
2021-02-28 22:00:00,18.9,85,16.3,0.0,1,0.0,8.6,338,3.221616703376846,-7.97378114927437
2021-02-28 23:00:00,18.4,89,16.5,0.0,0,0.0,9.4,342,2.9047597471245084,-8.939931253174443
2021-03-01 00:00:00,18.1,91,16.6,0.0,1,0.0,9.3,347,2.092044805397948,-9.061641602502688
2021-03-01 01:00:00,17.9,92,16.6,0.0,4,0.0,8.6,345,2.225843787881678,-8.306962106085987
2021-03-01 02:00:00,17.7,93,16.5,0.0,1,0.0,8.2,345,2.1223161698406696,-7.92059177557036
2021-03-01 03:00:00,17.9,92,16.5,0.0,5,0.0,7.9,344,2.177535110954292,-7.59396739791272
2021-03-01 04:00:00,17.7,93,16.5,0.0,3,0.0,7.5,343,2.1927877854205287,-7.172285669722765
2021-03-01 05:00:00,17.6,94,16.6,0.0,4,0.0,8.0,342,2.4721359549995814,-7.608452130361228
2021-03-01 06:00:00,17.6,94,16.6,0.0,7,0.0,8.6,338,3.221616703376846,-7.97378114927437
2021-03-01 07:00:00,17.8,94,16.8,0.0,9,8.0,10.4,340,3.5570094905869536,-9.772803256173448
2021-03-01 08:00:00,19.5,87,17.2,0.0,6,115.0,10.3,348,2.141490415422927,-10.074920287558198
2021-03-01 09:00:00,21.7,74,16.8,0.0,15,277.0,10.9,352,1.5169868004647182,-10.793921949283115
2021-03-01 10:00:00,23.3,65,16.2,0.0,9,389.0,12.1,350,2.1011429497698577,-11.916173811447717
2021-03-01 11:00:00,24.5,60,16.4,0.0,7,531.0,12.6,347,2.834383284732703,-12.277062816293965
2021-03-01 12:00:00,25.4,58,16.6,0.0,1,639.0,12.4,343,3.625409138561941,-11.85817897394164
2021-03-01 13:00:00,25.7,58,16.7,0.0,1,578.0,12.9,337,5.040431557511633,-11.87451260953648
2021-03-01 14:00:00,25.8,58,16.9,0.0,2,565.0,12.9,333,5.856477446640156,-11.493984162029944
2021-03-01 15:00:00,25.6,59,17.0,0.0,5,523.0,11.1,331,5.38138678473434,-9.708278749247294
2021-03-01 16:00:00,25.2,60,16.9,0.0,7,352.0,8.9,328,4.716281451675525,-7.54762805579219
2021-03-01 17:00:00,24.6,62,16.9,0.0,11,152.0,6.6,331,3.199743493625823,-5.772490067120012
2021-03-01 18:00:00,23.8,66,17.1,0.0,17,25.0,6.9,332,3.2393537832226467,-6.092338390726597
2021-03-01 19:00:00,23.0,71,17.4,0.0,32,0.0,6.6,347,1.4846769586695112,-6.430842427582552
2021-03-01 20:00:00,22.3,75,17.7,0.0,37,0.0,7.1,345,1.8376152202278968,-6.858073366652385
2021-03-01 21:00:00,21.7,79,17.8,0.0,89,0.0,7.2,360,1.7634913907721889e-15,-7.2
2021-03-01 22:00:00,21.1,82,17.9,0.0,95,0.0,6.7,54,-5.420413862312148,-3.93816119035957
2021-03-01 23:00:00,20.7,85,18.1,0.0,100,0.0,4.5,346,1.0886485301985054,-4.366330768241984
2021-03-02 00:00:00,20.5,85,17.8,0.1,80,0.0,5.1,352,0.709782814896336,-5.050367150582008
2021-03-02 01:00:00,20.3,84,17.6,0.0,51,0.0,5.4,53,-4.312631754255381,-3.2498011250210617
2021-03-02 02:00:00,19.8,87,17.5,0.2,42,0.0,6.1,62,-5.385980316439453,-2.863776532993934
2021-03-02 03:00:00,19.3,90,17.6,0.0,38,0.0,7.1,45,-5.020458146424487,-5.020458146424487
2021-03-02 04:00:00,19.5,90,17.8,0.0,36,0.0,7.7,11,-1.469229264399395,-7.558529312547013
2021-03-02 05:00:00,19.9,89,18.0,0.0,49,0.0,10.5,356,0.7324429743133192,-10.474422527728152
2021-03-02 06:00:00,20.2,89,18.3,0.0,63,0.0,13.3,357,0.6960682180311601,-13.281772812235833
2021-03-02 07:00:00,20.4,90,18.7,0.0,100,4.0,17.5,352,2.435529266801153,-17.32969120297748
2021-03-02 08:00:00,20.4,90,18.6,0.0,100,36.0,20.2,355,1.760546003502698,-20.12313290145326
2021-03-02 09:00:00,21.0,83,18.0,0.0,82,167.0,21.6,357,1.1304566548475985,-21.5703979506988
2021-03-02 10:00:00,21.5,76,17.1,0.0,44,254.0,22.1,353,2.6933124892537537,-21.93526995127322
2021-03-02 11:00:00,22.2,68,16.0,0.0,37,402.0,24.1,350,4.184921081773022,-23.73386684759421
2021-03-02 12:00:00,22.7,63,15.4,0.0,42,470.0,26.7,350,4.6364063437070415,-26.294367005425958
2021-03-02 13:00:00,23.0,60,14.9,0.0,21,622.0,28.6,354,2.989514049454888,-28.443326207532618
2021-03-02 14:00:00,22.6,60,14.3,0.0,10,553.0,28.1,358,0.9806758573402732,-28.082882239236596
2021-03-02 15:00:00,22.2,60,14.0,0.0,11,452.0,26.3,359,0.4589982893005576,-26.29599438261309
2021-03-02 16:00:00,21.7,60,13.7,0.0,24,281.0,25.2,358,0.8794673169030207,-25.184648840881213
2021-03-02 17:00:00,20.7,63,13.4,0.0,51,125.0,23.8,357,1.245595758582076,-23.76738292715886
2021-03-02 18:00:00,19.5,67,13.1,0.0,43,27.0,22.7,356,1.583471953991652,-22.644703940898008
2021-03-02 19:00:00,18.6,70,13.0,0.0,49,0.0,22.4,356,1.562545011868414,-22.34543472582006
2021-03-02 20:00:00,18.1,73,13.1,0.0,54,0.0,21.7,355,1.8912796176241853,-21.61742494859088
2021-03-02 21:00:00,18.0,73,13.2,0.0,60,0.0,21.0,354,2.1950977286207216,-20.88495980273374
2021-03-02 22:00:00,18.0,74,13.2,0.0,85,0.0,18.8,353,2.291143656016768,-18.659867650856857
2021-03-02 23:00:00,17.9,74,13.3,0.0,100,0.0,17.9,350,3.1083023802380536,-17.628058778918522
2021-03-03 00:00:00,17.8,76,13.5,0.0,100,0.0,16.8,350,2.917289384804431,-16.544770250605094
2021-03-03 01:00:00,17.7,77,13.7,0.0,100,0.0,15.4,349,2.938458528798788,-15.117058625094026
2021-03-03 02:00:00,17.6,79,14.0,0.1,100,0.0,14.3,348,2.973137178693966,-13.98751069049342
2021-03-03 03:00:00,17.3,83,14.3,0.3,100,0.0,13.1,352,1.823167622576863,-12.97251170051457
2021-03-03 04:00:00,17.3,83,14.5,0.2,100,0.0,12.0,353,1.4624321208617668,-11.910553819695863
2021-03-03 05:00:00,17.3,84,14.6,0.1,100,0.0,10.9,352,1.5169868004647182,-10.793921949283115
2021-03-03 06:00:00,17.3,85,14.8,0.1,100,0.0,8.3,2,-0.2896658226307581,-8.294943864258496
2021-03-03 07:00:00,17.5,86,15.1,0.1,100,2.0,7.6,3,-0.3977532674463731,-7.589584464134761
2021-03-03 08:00:00,18.1,84,15.3,0.2,96,42.0,8.3,358,0.2896658226307568,-8.294943864258496
2021-03-03 09:00:00,19.2,77,15.2,0.0,80,170.0,6.5,354,0.6794350112397471,-6.4643923198937765
2021-03-03 10:00:00,20.3,73,15.2,0.0,57,250.0,6.4,317,4.364789504399989,-4.680663690362692
2021-03-03 11:00:00,21.0,70,15.3,0.0,66,264.0,9.4,310,7.200817765318394,-6.042203531053469
2021-03-03 12:00:00,21.9,66,15.3,0.0,67,418.0,11.2,318,7.49426279121921,-8.323222045346816
2021-03-03 13:00:00,22.4,64,15.4,0.0,70,457.0,12.6,329,6.489479743866687,-10.800307988846612
2021-03-03 14:00:00,22.6,64,15.4,0.0,62,313.0,13.4,340,4.583069920563959,-12.591881118531171
2021-03-03 15:00:00,22.2,66,15.5,0.0,73,225.0,12.7,345,3.2870018728020125,-12.267257993871167
2021-03-03 16:00:00,22.0,67,15.5,0.0,67,146.0,11.3,351,1.7677094549546115,-11.160878248725057
2021-03-03 17:00:00,21.6,68,15.4,0.0,52,66.0,11.6,353,1.4136843834997077,-11.513535359039336
2021-03-03 18:00:00,20.8,72,15.5,0.0,29,24.0,13.8,351,2.158795617555189,-13.6300991002129
2021-03-03 19:00:00,19.7,77,15.6,0.0,36,0.0,15.2,356,1.0602984009107097,-15.162973563949327
2021-03-03 20:00:00,18.9,81,15.7,0.0,41,0.0,15.1,357,0.79027293926846,-15.079305974794064
2021-03-03 21:00:00,18.5,84,15.7,0.1,42,0.0,14.4,357,0.7536377698983989,-14.380265300465863
2021-03-03 22:00:00,18.1,86,15.8,0.2,35,0.0,13.7,355,1.1940336756429188,-13.647867363856914
2021-03-03 23:00:00,17.9,88,15.8,0.0,35,0.0,13.5,351,2.1118652780431195,-13.33379259803436
2021-03-04 00:00:00,18.0,88,15.9,0.0,40,0.0,13.1,351,2.0492914920270278,-12.938717261796302
2021-03-04 01:00:00,17.8,89,15.9,0.0,35,0.0,13.1,351,2.0492914920270278,-12.938717261796302
2021-03-04 02:00:00,17.6,90,16.0,0.0,23,0.0,13.1,351,2.0492914920270278,-12.938717261796302
2021-03-04 03:00:00,17.1,92,15.8,0.0,18,0.0,10.8,356,0.7533699164365569,-10.773691742806102
2021-03-04 04:00:00,16.7,95,15.8,0.0,23,0.0,8.8,351,1.3766232923540338,-8.691657397237211
2021-03-04 05:00:00,16.5,95,15.8,0.0,26,0.0,9.2,339,3.296985135816767,-8.588939923774253
2021-03-04 06:00:00,16.6,95,15.8,0.0,29,0.0,9.4,353,1.145571828008384,-9.329933825428428
2021-03-04 07:00:00,16.7,96,16.1,0.0,23,8.0,9.5,349,1.8126854560771744,-9.325458242752807
2021-03-04 08:00:00,18.5,89,16.7,0.0,20,107.0,11.1,335,4.6910627053217615,-10.060016436106816
2021-03-04 09:00:00,20.4,79,16.5,0.0,17,261.0,13.4,336,5.450271017215722,-12.241509132410853
2021-03-04 10:00:00,21.8,71,16.4,0.0,13,458.0,12.0,344,3.3076482698039875,-11.535140351259829
2021-03-04 11:00:00,23.0,67,16.4,0.0,19,601.0,10.9,333,4.948496447161062,-9.71197111365321
2021-03-04 12:00:00,23.7,64,16.5,0.0,23,695.0,11.8,320,7.584893794301167,-9.03932442880394
2021-03-04 13:00:00,24.1,63,16.5,0.0,47,706.0,11.0,319,7.216649318895581,-8.30180538245049
2021-03-04 14:00:00,24.0,63,16.5,0.0,59,432.0,11.2,315,7.919595949289333,-7.91959594928933
2021-03-04 15:00:00,23.5,65,16.6,0.0,83,232.0,12.0,321,7.5518446925980545,-9.325751537483647
2021-03-04 16:00:00,22.7,68,16.6,0.0,83,23.0,10.4,340,3.5570094905869536,-9.772803256173448
2021-03-04 17:00:00,21.8,73,16.7,0.0,78,0.0,10.7,346,2.588564282916446,-10.382164271153162
2021-03-04 18:00:00,21.2,76,16.8,0.0,75,0.0,14.5,354,1.5156627173809745,-14.420567482839962
2021-03-04 19:00:00,20.5,79,16.7,0.0,74,0.0,16.6,356,1.1579574641524857,-16.55956323431308
2021-03-04 20:00:00,20.1,81,16.6,0.0,80,0.0,17.0,354,1.776983875550108,-16.906872221260645
2021-03-04 21:00:00,20.0,81,16.6,0.0,91,0.0,15.7,351,2.456021101131628,-15.50670694734366
2021-03-04 22:00:00,19.9,82,16.7,0.0,85,0.0,14.1,356,0.9835662797921716,-14.06565310866352
2021-03-04 23:00:00,20.0,82,16.8,0.0,65,0.0,12.6,360,3.08610993385133e-15,-12.6
2021-03-05 00:00:00,20.0,82,16.8,0.0,74,0.0,12.2,2,-0.4257738597705118,-12.192568089632967
2021-03-05 01:00:00,20.0,82,16.9,0.0,80,0.0,12.2,358,0.42577385977051,-12.192568089632967
2021-03-05 02:00:00,19.9,83,16.9,0.0,88,0.0,11.9,2,-0.4153040107597615,-11.89275084152724
2021-03-05 03:00:00,20.2,81,16.9,0.2,55,0.0,7.7,11,-1.469229264399395,-7.558529312547013
2021-03-05 04:00:00,20.1,83,17.1,0.0,36,0.0,8.6,338,3.221616703376846,-7.97378114927437
2021-03-05 05:00:00,19.4,88,17.4,0.0,32,0.0,10.8,339,3.8703738550892486,-10.082668606169776
2021-03-05 06:00:00,19.2,91,17.6,0.0,27,0.0,10.2,350,1.7712114122026898,-10.04503908072452
2021-03-05 07:00:00,19.4,90,17.7,0.0,62,7.0,8.2,345,2.1223161698406696,-7.92059177557036
2021-03-05 08:00:00,20.6,83,17.7,0.0,46,66.0,5.5,328,2.9145559532826275,-4.664264528860342
2021-03-05 09:00:00,22.2,75,17.6,0.0,16,200.0,4.1,308,3.230844089787559,-2.5242120488352
2021-03-05 10:00:00,24.0,68,17.7,0.0,22,481.0,3.4,302,2.8833635269318485,-1.801725498392896
2021-03-05 11:00:00,24.6,67,18.0,0.0,20,356.0,4.8,283,4.676976310969129,-1.0797650608505516
2021-03-05 12:00:00,24.6,67,18.1,0.0,32,378.0,6.5,276,6.464392319893777,-0.6794350112397444
2021-03-05 13:00:00,24.2,69,18.1,0.0,24,275.0,6.5,273,6.49109197590473,-0.3401837155791356
2021-03-05 14:00:00,23.9,72,18.5,0.1,23,273.0,7.3,281,7.165878439167946,-1.392905666248779
2021-03-05 15:00:00,24.8,67,18.3,0.0,44,296.0,8.1,302,6.869189578867051,-4.292346040288957
2021-03-05 16:00:00,24.5,68,18.3,0.0,28,205.0,9.7,315,6.858935777509512,-6.858935777509509
2021-03-05 17:00:00,24.0,70,18.1,0.0,8,130.0,10.3,331,4.99353908853727,-9.008582983535778
2021-03-05 18:00:00,23.1,73,18.1,0.0,10,29.0,8.7,353,1.0602632876247808,-8.635151519279502
2021-03-05 19:00:00,22.0,79,18.1,0.0,11,0.0,10.5,352,1.4613175600806918,-10.397814721786489
2021-03-05 20:00:00,21.3,81,18.0,0.0,8,0.0,10.9,343,3.186851581477835,-10.423721839997086
2021-03-05 21:00:00,20.8,83,17.8,0.0,14,0.0,11.5,340,3.933231648245189,-10.806465139037948
2021-03-05 22:00:00,20.4,84,17.6,0.0,17,0.0,11.6,344,3.1973933274771875,-11.1506356728845
2021-03-05 23:00:00,20.1,86,17.6,0.0,24,0.0,10.3,348,2.141490415422927,-10.074920287558198
2021-03-06 00:00:00,19.9,87,17.7,0.0,35,0.0,9.8,354,1.0243789400230034,-9.746314574609078
2021-03-06 01:00:00,19.6,89,17.8,0.0,37,0.0,8.6,358,0.300135671641507,-8.594761112364223
2021-03-06 02:00:00,19.5,90,17.8,0.0,38,0.0,7.2,354,0.7526049355271046,-7.160557646651568
2021-03-06 03:00:00,19.2,93,18.1,0.2,24,0.0,7.1,345,1.8376152202278968,-6.858073366652385
2021-03-06 04:00:00,19.2,94,18.2,0.0,39,0.0,8.0,342,2.4721359549995814,-7.608452130361228
2021-03-06 05:00:00,19.1,95,18.3,0.0,66,0.0,9.5,349,1.8126854560771744,-9.325458242752807
2021-03-06 06:00:00,19.1,95,18.3,0.0,36,0.0,10.1,358,0.3524849166952583,-10.093847352892867
2021-03-06 07:00:00,19.2,95,18.4,0.0,45,9.0,9.0,355,0.7844016847289249,-8.96575228282571
2021-03-06 08:00:00,21.0,87,18.8,0.0,56,106.0,8.1,347,1.8221035401853087,-7.892397524760404
2021-03-06 09:00:00,23.0,78,18.9,0.0,84,246.0,10.2,350,1.7712114122026898,-10.04503908072452
2021-03-06 10:00:00,24.4,72,19.0,0.0,76,294.0,11.2,354,1.1707187885977182,-11.13864522812466
2021-03-06 11:00:00,25.2,70,19.4,0.0,79,376.0,10.7,346,2.588564282916446,-10.382164271153162
2021-03-06 12:00:00,25.6,69,19.6,0.0,64,417.0,10.8,339,3.8703738550892486,-10.082668606169776
2021-03-06 13:00:00,25.8,69,19.6,0.0,62,344.0,10.8,339,3.8703738550892486,-10.082668606169776
2021-03-06 14:00:00,25.7,69,19.6,0.0,62,292.0,11.6,344,3.1973933274771875,-11.1506356728845
2021-03-06 15:00:00,25.6,68,19.3,0.0,54,306.0,13.4,352,1.8649195528648828,-13.26959212113704
2021-03-06 16:00:00,25.5,68,19.3,0.0,42,295.0,14.9,353,1.8158532167366936,-14.7889376594557
2021-03-06 17:00:00,24.9,71,19.2,0.0,31,166.0,14.2,353,1.7305446763530905,-14.094155353306771
2021-03-06 18:00:00,23.6,76,19.2,0.0,19,33.0,14.3,350,2.4831689406371047,-14.082750868074577
2021-03-06 19:00:00,22.3,82,19.0,0.0,25,0.0,16.3,354,1.7038139512627508,-16.210706894502856
2021-03-06 20:00:00,21.4,85,18.8,0.0,30,0.0,18.6,351,2.9096810497482983,-18.37100313506956
2021-03-06 21:00:00,20.7,88,18.7,0.0,32,0.0,20.1,350,3.490328371105301,-19.79463583554538
2021-03-06 22:00:00,20.1,91,18.6,0.0,42,0.0,19.6,354,2.048757880046007,-19.49262914921816
2021-03-06 23:00:00,19.7,93,18.6,0.0,49,0.0,19.1,356,1.3323486485127998,-19.053473359962645
2021-03-07 00:00:00,19.5,94,18.5,0.0,41,0.0,19.2,354,2.006946494738945,-19.094820391070847
2021-03-07 01:00:00,19.4,94,18.4,0.0,27,0.0,18.1,354,1.891965185144527,-18.000846306165748
2021-03-07 02:00:00,19.3,93,18.2,0.0,23,0.0,17.0,355,1.4816476267101917,-16.935309867559674
2021-03-07 03:00:00,19.4,92,18.0,0.3,33,0.0,17.1,353,2.0839657722280176,-16.97253919306661
2021-03-07 04:00:00,19.1,93,18.0,0.2,60,0.0,17.1,352,2.3798600264171266,-16.933583975480854
2021-03-07 05:00:00,18.9,94,17.8,0.0,83,0.0,16.8,351,2.6280990126758823,-16.593164121998313
2021-03-07 06:00:00,18.8,94,17.7,0.1,61,0.0,16.0,351,2.502951440643697,-15.803013449522204
2021-03-07 07:00:00,19.0,93,17.8,0.2,32,6.0,16.2,347,3.6442070803706175,-15.784795049520808
2021-03-07 08:00:00,19.8,89,17.9,0.3,41,57.0,17.0,347,3.824167923845711,-16.564291101348996
2021-03-07 09:00:00,20.3,87,18.1,0.3,40,93.0,17.3,348,3.596872251147246,-16.921953492694836
2021-03-07 10:00:00,21.2,84,18.3,0.5,30,252.0,16.2,348,3.3681693912477098,-15.845991131887647
2021-03-07 11:00:00,22.7,74,17.9,0.0,27,446.0,16.2,348,3.3681693912477098,-15.845991131887647
2021-03-07 12:00:00,23.7,70,17.8,0.3,32,587.0,16.0,346,3.870750329594686,-15.524731620415944
2021-03-07 13:00:00,24.1,68,17.8,0.3,44,507.0,17.8,346,4.306209741674088,-17.271263927712738
2021-03-07 14:00:00,24.1,67,17.6,0.0,30,492.0,19.8,348,4.1166514781916455,-19.36732249452935
2021-03-07 15:00:00,23.8,66,17.2,0.0,44,438.0,21.2,350,3.681341366538924,-20.87792436385881
2021-03-07 16:00:00,23.0,69,16.9,0.0,46,312.0,22.2,352,3.0896428413134625,-21.98395112606286
2021-03-07 17:00:00,21.8,72,16.6,0.0,46,161.0,21.7,353,2.6445647518916946,-21.538251490616688
2021-03-07 18:00:00,20.4,78,16.4,0.0,44,34.0,18.5,352,2.574702367761218,-18.31995927171905
2021-03-07 19:00:00,19.2,83,16.2,0.0,46,0.0,18.6,351,2.9096810497482983,-18.37100313506956
2021-03-07 20:00:00,18.6,85,16.1,0.0,53,0.0,18.2,352,2.532950437473199,-18.02287885109658
2021-03-07 21:00:00,18.4,86,16.1,0.0,35,0.0,18.5,352,2.574702367761218,-18.31995927171905
2021-03-07 22:00:00,18.4,86,16.0,0.1,35,0.0,19.6,354,2.048757880046007,-19.49262914921816
2021-03-07 23:00:00,18.3,86,15.9,0.0,58,0.0,20.2,355,1.760546003502698,-20.12313290145326
2021-03-08 00:00:00,18.1,87,15.9,0.0,66,0.0,20.2,357,1.0571863161074762,-20.17231660204239
2021-03-08 01:00:00,18.0,88,15.9,0.0,72,0.0,19.1,357,0.9996167642402376,-19.07382411381236
2021-03-08 02:00:00,17.9,88,15.8,0.0,58,0.0,17.7,354,1.8501537998374653,-17.60303754801844
2021-03-08 03:00:00,17.8,88,15.8,0.0,59,0.0,15.9,354,1.6620025659556894,-15.812898136355546
2021-03-08 04:00:00,17.8,88,15.8,0.0,60,0.0,14.9,352,2.0736792043049816,-14.754994224249398
2021-03-08 05:00:00,17.7,89,15.9,0.0,52,0.0,15.4,349,2.938458528798788,-15.117058625094026
2021-03-08 06:00:00,17.8,89,16.0,0.0,33,0.0,14.9,352,2.0736792043049816,-14.754994224249398
2021-03-08 07:00:00,18.0,89,16.1,0.0,50,11.0,15.2,355,1.3247672897644065,-15.142159410994532
2021-03-08 08:00:00,19.2,83,16.3,0.0,55,98.0,15.2,356,1.0602984009107097,-15.162973563949327
2021-03-08 09:00:00,20.6,77,16.4,0.0,45,244.0,13.4,355,1.1678869528186215,-13.34900895442939
2021-03-08 10:00:00,22.1,71,16.5,0.0,45,424.0,12.4,350,2.153237403069937,-12.21161613735138
2021-03-08 11:00:00,23.5,66,16.8,0.0,36,630.0,12.8,344,3.528158154457586,-12.304149708010485
2021-03-08 12:00:00,24.1,64,16.9,0.0,31,609.0,12.5,342,3.862712429686846,-11.88820645368942
2021-03-08 13:00:00,24.6,63,17.0,0.0,27,667.0,13.2,338,4.944807033090043,-12.238826880281591
2021-03-08 14:00:00,25.0,61,17.0,0.0,24,665.0,16.3,338,6.106087472679372,-15.113096829438634
2021-03-08 15:00:00,24.2,64,16.9,0.0,18,514.0,20.0,342,6.1803398874989535,-19.02113032590307
2021-03-08 16:00:00,23.3,66,16.6,0.0,14,330.0,21.4,347,4.813952562958718,-20.851519386404032
2021-03-08 17:00:00,22.2,69,16.2,0.0,11,179.0,21.2,350,3.681341366538924,-20.87792436385881
2021-03-08 18:00:00,20.9,74,16.1,0.0,12,34.0,19.0,350,3.2993153756716773,-18.711347307231957
2021-03-08 19:00:00,19.8,79,16.0,0.0,16,0.0,18.6,351,2.9096810497482983,-18.37100313506956
2021-03-08 20:00:00,19.1,82,16.0,0.0,21,0.0,17.0,354,1.776983875550108,-16.906872221260645
2021-03-08 21:00:00,18.7,84,16.0,0.0,28,0.0,15.2,355,1.3247672897644065,-15.142159410994532
2021-03-08 22:00:00,18.5,86,16.1,0.0,26,0.0,14.2,351,2.221369403571281,-14.025174436450952
2021-03-08 23:00:00,18.2,88,16.2,0.0,35,0.0,14.6,350,2.535263393937184,-14.378193193978236
2021-03-09 00:00:00,18.0,89,16.2,0.0,32,0.0,14.2,353,1.7305446763530905,-14.094155353306771
2021-03-09 01:00:00,17.8,91,16.3,0.0,36,0.0,13.5,351,2.1118652780431195,-13.33379259803436
2021-03-09 02:00:00,17.8,91,16.3,0.0,44,0.0,13.6,349,2.595002337121008,-13.35012969488823
2021-03-09 03:00:00,17.9,90,16.1,0.0,37,0.0,12.4,350,2.153237403069937,-12.21161613735138
2021-03-09 04:00:00,17.7,91,16.2,0.0,38,0.0,12.1,348,2.5157314588948942,-11.835585968879046
2021-03-09 05:00:00,17.6,92,16.3,0.0,42,0.0,12.1,348,2.5157314588948942,-11.835585968879046
2021-03-09 06:00:00,17.5,93,16.3,0.0,41,0.0,13.6,349,2.595002337121008,-13.35012969488823
2021-03-09 07:00:00,17.7,92,16.5,0.0,50,13.0,15.7,351,2.456021101131628,-15.50670694734366
2021-03-09 08:00:00,19.2,84,16.5,0.0,42,109.0,16.3,355,1.4206386067868306,-16.237973578895453
2021-03-09 09:00:00,20.9,75,16.2,0.0,41,319.0,14.1,357,0.7379369830255156,-14.080676440039491
2021-03-09 10:00:00,22.5,67,16.1,0.0,34,491.0,10.9,352,1.5169868004647182,-10.793921949283115
2021-03-09 11:00:00,23.8,62,16.2,0.0,39,658.0,9.4,337,3.6728726077991753,-8.652745622452938
2021-03-09 12:00:00,24.4,61,16.3,0.0,26,667.0,10.9,333,4.948496447161062,-9.71197111365321
2021-03-09 13:00:00,24.6,60,16.5,0.0,26,599.0,13.0,336,5.287576359985402,-11.876090949353811
2021-03-09 14:00:00,24.7,61,16.6,0.0,13,611.0,14.3,342,4.418943019561752,-13.600108183020696
2021-03-09 15:00:00,24.4,62,16.7,0.0,13,502.0,16.3,346,3.9433268982745866,-15.815820338298742
2021-03-09 16:00:00,23.8,65,16.8,0.0,8,312.0,17.2,349,3.281914720476568,-16.883987555299818
2021-03-09 17:00:00,22.8,69,16.9,0.0,4,190.0,17.2,350,2.986748655871202,-16.938693351809977
2021-03-09 18:00:00,21.5,76,17.0,0.0,11,40.0,13.9,350,2.4137096695703324,-13.688827766869691
2021-03-09 19:00:00,20.2,82,16.9,0.0,9,0.0,13.1,352,1.823167622576863,-12.97251170051457
2021-03-09 20:00:00,19.4,85,16.9,0.0,14,0.0,12.0,353,1.4624321208617668,-11.910553819695863
2021-03-09 21:00:00,18.9,88,16.9,0.0,13,0.0,10.5,352,1.4613175600806918,-10.397814721786489
2021-03-09 22:00:00,18.6,90,16.9,0.0,16,0.0,9.8,352,1.3638963894086458,-9.704627073667387
2021-03-09 23:00:00,18.4,91,16.9,0.0,14,0.0,9.1,353,1.1090110249868397,-9.03216997993603
2021-03-10 00:00:00,18.3,92,16.9,0.0,14,0.0,8.7,355,0.7582549619046273,-8.666893873398186
2021-03-10 01:00:00,18.1,93,16.9,0.0,15,0.0,8.4,353,1.0237024846032368,-8.337387673787106
2021-03-10 02:00:00,18.0,93,16.9,0.0,8,0.0,9.2,349,1.7554427574642109,-9.030970087718508
2021-03-10 03:00:00,18.2,93,17.0,0.0,10,0.0,9.9,350,1.719116958902611,-9.74959675482086
2021-03-10 04:00:00,18.0,93,16.9,0.0,11,0.0,11.2,354,1.1707187885977182,-11.13864522812466
2021-03-10 05:00:00,17.9,94,16.8,0.0,11,0.0,11.2,356,0.781272505934207,-11.17271736291003
2021-03-10 06:00:00,17.8,94,16.7,0.0,11,0.0,10.8,358,0.3769145643870089,-10.793420931806237
2021-03-10 07:00:00,18.0,92,16.8,0.0,20,14.0,11.9,355,1.037153338697134,-11.854716907291772
2021-03-10 08:00:00,19.8,84,17.0,0.0,15,139.0,10.8,356,0.7533699164365569,-10.773691742806102
2021-03-10 09:00:00,21.8,75,17.2,0.0,17,336.0,10.2,350,1.7712114122026898,-10.04503908072452
2021-03-10 10:00:00,23.4,69,17.3,0.0,12,528.0,10.9,343,3.186851581477835,-10.423721839997086
2021-03-10 11:00:00,24.3,65,17.3,0.0,10,660.0,12.4,338,4.6451217583573134,-11.497079796628164
2021-03-10 12:00:00,24.9,62,17.1,0.0,8,751.0,14.3,335,6.043441142891999,-12.960201354624097
2021-03-10 13:00:00,25.1,60,16.9,0.0,13,708.0,15.5,338,5.806402197946642,-14.371349745785205
2021-03-10 14:00:00,25.0,60,16.7,0.0,7,571.0,17.7,343,5.174979173592448,-16.926594180545724
2021-03-10 15:00:00,24.6,60,16.4,0.0,9,505.0,19.3,346,4.66909258507359,-18.726707517126734
2021-03-10 16:00:00,24.1,61,16.2,0.0,5,379.0,21.0,348,4.366145507172957,-20.54109961540992
2021-03-10 17:00:00,23.2,65,16.2,0.0,6,192.0,20.0,352,2.783462019201317,-19.805361374831406
2021-03-10 18:00:00,21.9,71,16.3,0.0,5,39.0,16.7,353,2.0352180348659585,-16.575520732410077
2021-03-10 19:00:00,20.8,76,16.5,0.0,7,0.0,14.9,352,2.0736792043049816,-14.754994224249398
2021-03-10 20:00:00,20.1,80,16.6,0.0,18,0.0,12.8,350,2.222696674136709,-12.605539238556265
2021-03-10 21:00:00,19.7,82,16.6,0.0,27,0.0,11.7,342,3.615498834186888,-11.127361240653295
2021-03-10 22:00:00,19.3,85,16.7,0.0,37,0.0,12.1,343,3.5376976271451195,-11.571287547152728
2021-03-10 23:00:00,19.0,87,16.8,0.0,45,0.0,11.5,346,2.7821017993961803,-11.15840085217396
2021-03-11 00:00:00,18.8,88,16.8,0.0,46,0.0,10.6,350,1.840670683269462,-10.438962181929403
2021-03-11 01:00:00,18.6,90,16.9,0.0,57,0.0,9.8,352,1.3638963894086458,-9.704627073667387
2021-03-11 02:00:00,18.3,92,16.9,0.0,50,0.0,9.5,349,1.8126854560771744,-9.325458242752807
2021-03-11 03:00:00,18.3,89,16.4,0.0,40,0.0,9.5,351,1.4861274178821953,-9.383039235653808
2021-03-11 04:00:00,18.2,90,16.4,0.0,41,0.0,9.8,352,1.3638963894086458,-9.704627073667387
2021-03-11 05:00:00,18.0,90,16.4,0.0,39,0.0,9.4,353,1.145571828008384,-9.329933825428428
2021-03-11 06:00:00,17.9,91,16.4,0.0,25,0.0,8.8,351,1.3766232923540338,-8.691657397237211
2021-03-11 07:00:00,18.2,90,16.5,0.0,24,13.0,9.8,352,1.3638963894086458,-9.704627073667387
2021-03-11 08:00:00,19.6,83,16.7,0.0,21,114.0,9.3,344,2.5634274090980904,-8.939733772226367
2021-03-11 09:00:00,21.3,75,16.7,0.0,17,294.0,9.7,338,3.6336839561343495,-8.993683389297836
2021-03-11 10:00:00,22.8,69,16.8,0.0,13,481.0,8.6,338,3.221616703376846,-7.97378114927437
2021-03-11 11:00:00,24.0,63,16.6,0.0,15,623.0,7.6,329,3.914289369316414,-6.514471485336052
2021-03-11 12:00:00,24.8,59,16.3,0.0,6,684.0,7.6,315,5.374011537017762,-5.37401153701776
2021-03-11 13:00:00,25.3,57,16.2,0.0,12,652.0,10.2,312,7.580077219869424,-6.825132184860349
2021-03-11 14:00:00,25.3,57,16.2,0.0,9,608.0,11.7,317,7.979380812731229,-8.556838308944297
2021-03-11 15:00:00,24.7,60,16.4,0.0,10,484.0,13.7,325,7.857997178009336,-11.222383006759184
2021-03-11 16:00:00,24.1,61,16.2,0.0,11,369.0,14.5,333,6.582862246223431,-12.919594600731331
2021-03-11 17:00:00,23.4,64,16.2,0.0,4,199.0,13.3,341,4.330056454280184,-12.575397055470916
2021-03-11 18:00:00,22.2,69,16.3,0.0,5,40.0,12.2,346,2.951447126315948,-11.837607860567156
2021-03-11 19:00:00,20.9,76,16.4,0.0,6,0.0,12.1,350,2.1011429497698577,-11.916173811447717
2021-03-11 20:00:00,20.1,80,16.6,0.0,2,0.0,11.3,351,1.7677094549546115,-11.160878248725057
2021-03-11 21:00:00,19.5,84,16.7,0.0,0,0.0,8.8,348,1.829622879196287,-8.60769888645749
2021-03-11 22:00:00,19.0,87,16.8,0.0,0,0.0,7.1,345,1.8376152202278968,-6.858073366652385
2021-03-11 23:00:00,18.4,90,16.8,0.0,3,0.0,7.4,337,2.891410350820627,-6.811735915548058
2021-03-12 00:00:00,17.8,93,16.7,0.0,19,0.0,5.8,330,2.9000000000000026,-5.022947341949743
2021-03-12 01:00:00,17.3,95,16.5,0.0,27,0.0,4.1,322,2.5242120488351985,-3.23084408978756
2021-03-12 02:00:00,17.1,96,16.5,0.0,83,0.0,5.2,335,2.197614961051636,-4.71280049259058
2021-03-12 03:00:00,17.3,97,16.9,0.0,31,0.0,8.1,347,1.8221035401853087,-7.892397524760404
2021-03-12 04:00:00,17.4,97,16.9,0.0,41,0.0,7.6,355,0.6623836448822031,-7.571079705497266
2021-03-12 05:00:00,17.6,96,16.9,0.0,29,0.0,8.4,353,1.0237024846032368,-8.337387673787106
2021-03-12 06:00:00,17.7,95,16.9,0.0,5,0.0,9.5,351,1.4861274178821953,-9.383039235653808
2021-03-12 07:00:00,18.1,94,17.1,0.0,2,16.0,10.8,356,0.7533699164365569,-10.773691742806102
2021-03-12 08:00:00,20.0,84,17.3,0.0,0,142.0,9.5,351,1.4861274178821953,-9.383039235653808
2021-03-12 09:00:00,22.3,72,17.0,0.0,0,351.0,9.8,343,2.8652427062828245,-9.371786608437748
2021-03-12 10:00:00,23.9,63,16.4,0.0,0,535.0,10.7,340,3.659615533584654,-10.05471104240922
2021-03-12 11:00:00,25.0,59,16.4,0.0,0,678.0,12.6,336,5.124881702755082,-11.510672766296771
2021-03-12 12:00:00,25.6,58,16.7,0.0,0,752.0,15.0,336,6.101049646137002,-13.703181864639015
2021-03-12 13:00:00,25.8,58,16.9,0.0,0,764.0,17.7,340,6.053756536864334,-16.63255938791058
2021-03-12 14:00:00,25.7,59,17.0,0.0,0,709.0,19.4,345,5.021089474988901,-18.738961030007925
2021-03-12 15:00:00,25.5,59,16.8,0.0,0,568.0,19.4,350,3.368774646738449,-19.105270408436837
2021-03-12 16:00:00,25.1,60,16.8,0.0,0,405.0,17.8,352,2.4772811970891726,-17.62677162359995
2021-03-12 17:00:00,24.4,63,16.9,0.0,1,206.0,15.0,350,2.604722665003956,-14.77211629518312
2021-03-12 18:00:00,23.1,69,17.2,0.0,0,44.0,11.8,348,2.4533579516495667,-11.542141688658909
2021-03-12 19:00:00,21.8,76,17.4,0.0,0,0.0,10.1,358,0.3524849166952583,-10.093847352892867
2021-03-12 20:00:00,21.1,79,17.4,0.0,0,0.0,8.7,5,-0.7582549619046259,-8.666893873398186
2021-03-12 21:00:00,20.6,82,17.5,0.0,0,0.0,9.4,356,0.655710853194781,-9.377102072442348
2021-03-12 22:00:00,20.2,85,17.6,0.0,0,0.0,8.5,348,1.767249371950959,-8.314254606237347
2021-03-12 23:00:00,19.7,88,17.7,0.0,0,0.0,8.9,346,2.153104870837044,-8.635631963856369
2021-03-13 00:00:00,19.3,90,17.7,0.0,0,0.0,9.1,353,1.1090110249868397,-9.03216997993603
2021-03-13 01:00:00,19.1,92,17.7,0.0,1,0.0,9.0,358,0.3140954703225074,-8.994517443171862
2021-03-13 02:00:00,18.9,92,17.6,0.0,0,0.0,8.3,358,0.2896658226307568,-8.294943864258496
2021-03-13 03:00:00,19.1,90,17.4,0.0,0,0.0,8.3,358,0.2896658226307568,-8.294943864258496
2021-03-13 04:00:00,18.9,91,17.3,0.0,1,0.0,8.3,355,0.7233926648055641,-8.268415994161488
2021-03-13 05:00:00,18.6,92,17.2,0.0,1,0.0,8.6,358,0.300135671641507,-8.594761112364223
2021-03-13 06:00:00,18.5,92,17.1,0.0,1,0.0,8.0,355,0.6972459419812665,-7.969557584733964
2021-03-13 07:00:00,18.8,91,17.2,0.0,2,16.0,10.5,354,1.0975488643103608,-10.44247990136687
2021-03-13 08:00:00,20.6,81,17.3,0.0,3,129.0,9.7,358,0.3385251180142579,-9.694091022085228
2021-03-13 09:00:00,22.2,74,17.5,0.0,3,322.0,8.0,355,0.6972459419812665,-7.969557584733964
2021-03-13 10:00:00,23.4,70,17.6,0.0,5,456.0,6.7,344,1.8467702839738929,-6.440453362786736
2021-03-13 11:00:00,24.2,66,17.5,0.0,3,577.0,7.4,331,3.587591189822893,-6.47218583283153
2021-03-13 12:00:00,24.7,63,17.2,0.0,2,618.0,10.2,328,5.405176495178691,-8.650090580795544
2021-03-13 13:00:00,24.8,62,16.9,0.0,0,579.0,14.3,335,6.043441142891999,-12.960201354624097
2021-03-13 14:00:00,24.9,60,16.6,0.0,4,582.0,18.0,344,4.961472404705981,-17.30271052688974
2021-03-13 15:00:00,24.4,60,16.0,0.0,8,455.0,19.7,352,2.741710088913298,-19.50828095420893
2021-03-13 16:00:00,23.9,60,15.6,0.0,4,355.0,20.2,356,1.409080769631338,-20.15079381524845
2021-03-13 17:00:00,22.9,62,15.2,0.0,7,180.0,19.8,358,0.6910100347095163,-19.787938374978097
2021-03-13 18:00:00,21.6,66,15.0,0.0,2,39.0,18.1,355,1.5775189437326156,-18.0311240354606
2021-03-13 19:00:00,20.3,71,14.9,0.0,2,0.0,17.3,359,0.3019266313650056,-17.29736512620557
2021-03-13 20:00:00,19.6,74,14.9,0.0,2,0.0,16.6,358,0.5793316452615137,-16.58988772851699
2021-03-13 21:00:00,19.1,77,15.0,0.0,7,0.0,13.7,358,0.4781231048242612,-13.691654330161612
2021-03-13 22:00:00,18.7,80,15.1,0.0,12,0.0,10.8,356,0.7533699164365569,-10.773691742806102
2021-03-13 23:00:00,18.4,82,15.3,0.0,18,0.0,9.1,351,1.4235536318661028,-8.987963899415753
2021-03-14 00:00:00,18.2,84,15.4,0.0,23,0.0,8.8,348,1.829622879196287,-8.60769888645749
2021-03-14 01:00:00,18.1,85,15.5,0.0,22,0.0,9.9,350,1.719116958902611,-9.74959675482086
2021-03-14 02:00:00,18.0,85,15.5,0.0,34,0.0,10.1,356,0.7045403848156689,-10.075396907624224
2021-03-14 03:00:00,18.0,85,15.4,0.0,18,0.0,9.7,358,0.3385251180142579,-9.694091022085228
2021-03-14 04:00:00,17.9,85,15.4,0.0,20,0.0,10.9,354,1.1393602496174222,-10.84028865951418
2021-03-14 05:00:00,17.7,86,15.3,0.0,28,0.0,12.6,358,0.4397336584515103,-12.592324420440606
2021-03-14 06:00:00,17.6,86,15.3,0.0,11,0.0,13.0,2,-0.4536934571325126,-12.992080751248244
2021-03-14 07:00:00,18.0,84,15.2,0.0,13,16.0,13.4,6,-1.4006814077865566,-13.326593397934865
2021-03-14 08:00:00,19.6,75,15.0,0.0,6,131.0,12.0,7,-1.4624321208617697,-11.910553819695863
2021-03-14 09:00:00,21.3,67,15.0,0.0,7,315.0,10.8,356,0.7533699164365569,-10.773691742806102
2021-03-14 10:00:00,22.8,62,15.1,0.0,2,502.0,10.1,343,2.952954217699645,-9.658678035226655
2021-03-14 11:00:00,23.9,57,14.8,0.0,8,677.0,11.2,339,4.013721034907368,-10.456100776768656
2021-03-14 12:00:00,24.5,55,14.8,0.0,9,735.0,12.2,336,4.962187045524762,-11.145254583239732
2021-03-14 13:00:00,24.6,55,14.9,0.0,9,660.0,14.4,338,5.394334945189138,-13.351447505761737
2021-03-14 14:00:00,24.4,55,14.9,0.0,6,527.0,15.4,344,4.244815279581784,-14.80343011745011
2021-03-14 15:00:00,24.1,56,14.7,0.0,7,399.0,16.1,350,2.79573566043758,-15.855404823496553
2021-03-14 16:00:00,23.8,57,14.7,0.0,11,291.0,15.6,353,1.9011617571202968,-15.483719965604624
2021-03-14 17:00:00,23.1,60,14.8,0.0,15,144.0,14.1,354,1.473851332073913,-14.022758724692652
2021-03-14 18:00:00,22.0,65,15.0,0.0,29,36.0,11.2,354,1.1707187885977182,-11.13864522812466
2021-03-14 19:00:00,20.8,71,15.3,0.0,35,0.0,11.2,356,0.781272505934207,-11.17271736291003
2021-03-14 20:00:00,20.0,75,15.5,0.0,32,0.0,9.7,356,0.6766377953180186,-9.676371287520292
2021-03-14 21:00:00,19.4,79,15.7,0.0,34,0.0,8.4,353,1.0237024846032368,-8.337387673787106
2021-03-14 22:00:00,19.3,81,15.9,0.0,35,0.0,6.9,351,1.0793978087775946,-6.81504955010645
2021-03-14 23:00:00,19.2,83,16.1,0.0,32,0.0,5.9,346,1.4273391840380405,-5.72474478502838
2021-03-15 00:00:00,19.0,85,16.3,0.0,41,0.0,5.2,344,1.4333142502483949,-4.998560818879258
2021-03-15 01:00:00,18.8,87,16.6,0.0,21,0.0,4.9,343,1.4326213531414125,-4.685893304218873
2021-03-15 02:00:00,18.7,89,16.8,0.0,30,0.0,4.9,343,1.4326213531414125,-4.685893304218873
2021-03-15 03:00:00,18.6,90,16.9,0.0,32,0.0,5.8,338,2.172718241812292,-5.377666356487366
2021-03-15 04:00:00,18.3,92,17.0,0.0,23,0.0,6.0,335,2.535709570444195,-5.4378467222199
2021-03-15 05:00:00,18.0,93,16.9,0.0,24,0.0,6.8,335,2.873804179836754,-6.16289295184922
2021-03-15 06:00:00,17.9,93,16.8,0.0,22,0.0,6.6,331,3.199743493625823,-5.772490067120012
2021-03-15 07:00:00,18.1,93,17.0,0.0,23,15.0,7.2,342,2.2249223594996232,-6.8476069173251055
2021-03-15 08:00:00,20.7,79,17.0,0.0,32,125.0,5.2,344,1.4333142502483949,-4.998560818879258
2021-03-15 09:00:00,21.9,73,16.9,0.0,28,247.0,4.4,325,2.523736319944605,-3.604268994871563
2021-03-15 10:00:00,23.1,69,17.0,0.0,26,414.0,5.5,302,4.664264528860343,-2.9145559532826257
2021-03-15 11:00:00,24.3,64,17.0,0.0,23,525.0,6.9,298,6.0923383907265976,-3.239353783222644
2021-03-15 12:00:00,24.7,62,16.9,0.0,45,523.0,8.0,297,7.128052193506944,-3.631923997916373
2021-03-15 13:00:00,25.0,60,16.6,0.0,36,559.0,10.3,299,9.008582983535776,-4.993539088537275
2021-03-15 14:00:00,25.2,58,16.3,0.0,10,611.0,12.4,306,10.03181073024935,-7.288537128426665
2021-03-15 15:00:00,24.7,59,16.2,0.0,5,441.0,13.5,314,9.71108730457179,-9.377888001196464
2021-03-15 16:00:00,24.1,60,15.9,0.0,5,336.0,13.7,325,7.857997178009336,-11.222383006759184
2021-03-15 17:00:00,23.4,62,15.6,0.0,6,162.0,12.7,335,5.36725192410688,-11.510108895365455
2021-03-15 18:00:00,22.4,65,15.5,0.0,5,41.0,10.0,345,2.588190451025207,-9.659258262890685
2021-03-15 19:00:00,21.4,70,15.7,0.0,4,0.0,8.4,353,1.0237024846032368,-8.337387673787106
2021-03-15 20:00:00,20.6,74,15.8,0.0,9,0.0,7.3,349,1.392905666248776,-7.165878439167947
2021-03-15 21:00:00,20.1,77,15.9,0.0,9,0.0,6.7,344,1.8467702839738929,-6.440453362786736
2021-03-15 22:00:00,19.6,80,16.1,0.0,9,0.0,6.5,341,2.1161930039715187,-6.14587074139556
2021-03-15 23:00:00,19.0,85,16.4,0.0,10,0.0,6.4,322,3.940233442084213,-5.043268823083022
2021-03-16 00:00:00,19.7,81,16.3,0.0,9,0.0,5.1,309,3.963444403430551,-3.209533994354171
2021-03-16 01:00:00,18.5,87,16.3,0.0,8,0.0,5.4,312,4.012982057577931,-3.613305274337832
2021-03-16 02:00:00,18.1,88,16.0,0.0,5,0.0,6.4,333,2.9055391983331007,-5.702441754805554
2021-03-16 03:00:00,18.1,89,16.2,0.0,14,0.0,8.8,348,1.829622879196287,-8.60769888645749
2021-03-16 04:00:00,18.4,85,15.9,0.0,41,0.0,9.7,358,0.3385251180142579,-9.694091022085228
2021-03-16 05:00:00,18.6,82,15.5,0.0,40,0.0,10.1,2,-0.3524849166952598,-10.093847352892867
2021-03-16 06:00:00,18.8,80,15.2,0.0,54,0.0,10.9,6,-1.1393602496174229,-10.84028865951418
2021-03-16 07:00:00,19.5,77,15.3,0.0,62,20.0,11.9,358,0.4153040107597598,-11.89275084152724
2021-03-16 08:00:00,22.0,65,15.2,0.0,42,139.0,10.5,354,1.0975488643103608,-10.44247990136687
2021-03-16 09:00:00,24.4,57,15.2,0.0,56,346.0,11.5,356,0.8021994480574448,-11.47198657798798
2021-03-16 10:00:00,25.8,53,15.5,0.0,33,543.0,10.6,350,1.840670683269462,-10.438962181929403
2021-03-16 11:00:00,26.7,53,16.3,0.0,23,671.0,10.8,339,3.8703738550892486,-10.082668606169776
2021-03-16 12:00:00,27.2,54,17.0,0.0,12,744.0,10.8,334,4.73440838532204,-9.706975700031002
2021-03-16 13:00:00,27.5,54,17.3,0.0,11,781.0,11.1,331,5.38138678473434,-9.708278749247294
2021-03-16 14:00:00,27.5,54,17.4,0.0,9,689.0,11.0,328,5.829111906565255,-9.328529057720685
2021-03-16 15:00:00,27.4,53,17.0,0.0,5,586.0,11.5,328,6.094071538681858,-9.752553105798896
2021-03-16 16:00:00,26.9,54,16.9,0.0,7,414.0,12.9,333,5.856477446640156,-11.493984162029944
2021-03-16 17:00:00,26.1,57,16.8,0.0,3,212.0,13.0,341,4.232386007943037,-12.29174148279112
2021-03-16 18:00:00,24.8,61,16.8,0.0,1,47.0,10.8,345,2.7952456871072235,-10.431998923921938
2021-03-16 19:00:00,23.5,66,16.8,0.0,1,0.0,9.8,354,1.0243789400230034,-9.746314574609078
2021-03-16 20:00:00,22.7,69,16.8,0.0,1,0.0,7.9,357,0.4134540543192605,-7.889173324561134
2021-03-16 21:00:00,22.0,72,16.7,0.0,1,0.0,7.2,354,0.7526049355271046,-7.160557646651568
2021-03-16 22:00:00,21.5,74,16.7,0.0,1,0.0,8.0,355,0.6972459419812665,-7.969557584733964
2021-03-16 23:00:00,21.0,77,16.8,0.0,3,0.0,7.6,357,0.3977532674463772,-7.589584464134761
2021-03-17 00:00:00,20.7,78,16.8,0.0,3,0.0,7.9,357,0.4134540543192605,-7.889173324561134
2021-03-17 01:00:00,20.6,78,16.7,0.0,4,0.0,8.3,360,2.0329136865846065e-15,-8.3
2021-03-17 02:00:00,20.6,78,16.6,0.0,1,0.0,9.0,2,-0.3140954703225087,-8.994517443171862
2021-03-17 03:00:00,20.3,78,16.4,0.0,0,0.0,10.5,6,-1.0975488643103617,-10.44247990136687
2021-03-17 04:00:00,20.3,78,16.3,0.0,7,0.0,11.6,5,-1.0110066158728348,-11.555858497864248
2021-03-17 05:00:00,20.2,79,16.3,0.0,6,0.0,11.5,2,-0.4013442120787611,-11.4929945107196
2021-03-17 06:00:00,19.8,82,16.5,0.0,4,0.0,11.5,358,0.4013442120787595,-11.4929945107196
2021-03-17 07:00:00,20.1,82,17.0,0.0,2,23.0,13.3,358,0.4641633061432609,-13.291897999353974
2021-03-17 08:00:00,22.3,73,17.3,0.0,2,164.0,12.2,358,0.42577385977051,-12.192568089632967
2021-03-17 09:00:00,24.3,64,17.2,0.0,5,373.0,12.3,353,1.498992923883311,-12.208317665188265
2021-03-17 10:00:00,25.9,58,17.0,0.0,5,526.0,12.8,350,2.222696674136709,-12.605539238556265
2021-03-17 11:00:00,27.0,54,17.0,0.0,5,694.0,13.5,344,3.7211043035294855,-12.977032895167303
2021-03-17 12:00:00,27.6,53,17.1,0.0,4,780.0,14.7,343,4.297864059424236,-14.05767991265662
2021-03-17 13:00:00,27.8,53,17.4,0.0,2,772.0,16.4,345,4.244632339681339,-15.84118355114072
2021-03-17 14:00:00,27.8,54,17.6,0.0,2,703.0,18.0,348,3.7424104347196776,-17.6066568132085
2021-03-17 15:00:00,27.6,55,17.7,0.0,1,583.0,19.2,355,1.6733902607550395,-19.126938203361515
2021-03-17 16:00:00,27.3,56,17.7,0.0,1,407.0,19.1,359,0.333340962952116,-19.097090977487078
2021-03-17 17:00:00,26.5,59,17.7,0.0,0,198.0,18.7,2,-0.6526205883367681,-18.68860846525709
2021-03-17 18:00:00,25.2,64,17.9,0.0,1,47.0,15.9,4,-1.1091279325315924,-15.861268399131204
2021-03-17 19:00:00,23.9,70,18.1,0.0,0,0.0,14.8,6,-1.5470212563612715,-14.718924051450443
2021-03-17 20:00:00,23.0,74,18.2,0.0,0,0.0,12.3,7,-1.498992923883314,-12.20831766518826
2021-03-17 21:00:00,22.4,77,18.3,0.0,0,0.0,9.0,2,-0.3140954703225087,-8.994517443171862
2021-03-17 22:00:00,21.9,81,18.4,0.0,0,0.0,7.6,357,0.3977532674463772,-7.589584464134761
2021-03-17 23:00:00,21.3,84,18.6,0.0,0,0.0,7.6,355,0.6623836448822031,-7.571079705497266
2021-03-18 00:00:00,20.7,89,18.8,0.0,0,0.0,8.0,355,0.6972459419812665,-7.969557584733964
2021-03-18 01:00:00,20.3,91,18.8,0.0,4,0.0,10.9,354,1.1393602496174222,-10.84028865951418
2021-03-18 02:00:00,20.0,93,18.9,0.0,19,0.0,13.4,355,1.1678869528186215,-13.34900895442939
2021-03-18 03:00:00,19.6,94,18.6,0.0,26,0.0,14.1,356,0.9835662797921716,-14.06565310866352
2021-03-18 04:00:00,19.3,96,18.6,0.0,24,0.0,14.1,356,0.9835662797921716,-14.06565310866352
2021-03-18 05:00:00,19.1,97,18.6,0.0,28,0.0,13.8,354,1.442492793093617,-13.724402156082173
2021-03-18 06:00:00,19.0,97,18.5,0.0,32,0.0,15.2,355,1.3247672897644065,-15.142159410994532
2021-03-18 07:00:00,19.5,95,18.6,0.0,27,21.0,15.2,355,1.3247672897644065,-15.142159410994532
2021-03-18 08:00:00,21.4,83,18.3,0.0,14,129.0,14.8,354,1.5470212563612706,-14.718924051450443
2021-03-18 09:00:00,23.1,72,17.9,0.0,5,304.0,13.8,353,1.681796938991032,-13.697136892650246
2021-03-18 10:00:00,24.9,64,17.5,0.0,1,519.0,13.6,349,2.595002337121008,-13.35012969488823
2021-03-18 11:00:00,26.2,59,17.5,0.0,1,656.0,12.8,344,3.528158154457586,-12.304149708010485
2021-03-18 12:00:00,27.0,57,17.8,0.0,0,749.0,13.2,338,4.944807033090043,-12.238826880281591
2021-03-18 13:00:00,27.3,57,18.0,0.0,0,746.0,14.2,333,6.446665096301567,-12.65229264347482
2021-03-18 14:00:00,27.2,58,18.1,0.0,0,713.0,14.7,332,6.901231972952594,-12.979329615026224
2021-03-18 15:00:00,26.9,58,18.0,0.0,0,594.0,14.8,337,5.782820701641254,-13.623471831096117
2021-03-18 16:00:00,26.4,60,18.0,0.0,1,409.0,14.8,342,4.573451516749226,-14.075636441168273
2021-03-18 17:00:00,25.5,63,18.0,0.0,0,212.0,14.9,345,3.856403772027558,-14.39229481170712
2021-03-18 18:00:00,24.2,69,18.1,0.0,0,47.0,13.6,349,2.595002337121008,-13.35012969488823
2021-03-18 19:00:00,22.8,76,18.3,0.0,0,0.0,13.1,352,1.823167622576863,-12.97251170051457
2021-03-18 20:00:00,21.9,81,18.5,0.0,0,0.0,11.3,353,1.3771235804781636,-11.21577151354694
2021-03-18 21:00:00,21.3,84,18.6,0.0,0,0.0,9.4,356,0.655710853194781,-9.377102072442348
2021-03-18 22:00:00,20.9,87,18.7,0.0,1,0.0,7.6,355,0.6623836448822031,-7.571079705497266
2021-03-18 23:00:00,20.4,90,18.8,0.0,1,0.0,6.6,351,1.0324674692655251,-6.5187430479279085
2021-03-19 00:00:00,19.8,94,18.8,0.0,4,0.0,6.5,341,2.1161930039715187,-6.14587074139556
2021-03-19 01:00:00,19.5,94,18.5,0.0,8,0.0,6.0,343,1.7542302283364228,-5.737828535778212
2021-03-19 02:00:00,19.1,95,18.4,0.0,19,0.0,8.9,346,2.153104870837044,-8.635631963856369
2021-03-19 03:00:00,19.8,94,18.8,0.0,20,0.0,11.7,349,2.2324652459055723,-11.485038046337667
2021-03-19 04:00:00,19.7,95,18.9,0.0,33,0.0,12.4,352,1.725746451904817,-12.279324052395472
2021-03-19 05:00:00,19.8,94,18.8,0.0,36,0.0,11.7,351,1.830283240970704,-11.55595358496311
2021-03-19 06:00:00,19.6,95,18.8,0.0,27,0.0,10.9,351,1.7051356689385189,-10.765802912487
2021-03-19 07:00:00,20.0,92,18.7,0.0,28,16.0,10.9,351,1.7051356689385189,-10.765802912487
2021-03-19 08:00:00,21.5,83,18.4,0.0,14,134.0,8.9,346,2.153104870837044,-8.635631963856369
2021-03-19 09:00:00,23.4,73,18.2,0.0,6,261.0,7.8,338,2.921931428644116,-7.232034065620941
2021-03-19 10:00:00,25.4,64,18.0,0.0,6,505.0,7.0,325,4.015035054457325,-5.734064310022941
2021-03-19 11:00:00,26.6,60,18.1,0.0,7,682.0,8.4,310,6.434773322199416,-5.39941592136693
2021-03-19 12:00:00,27.2,58,18.3,0.0,0,749.0,9.9,303,8.302838622659701,-5.391926446648764
2021-03-19 13:00:00,27.5,57,18.3,0.0,0,763.0,10.7,303,8.97377507701604,-5.827637674660784
2021-03-19 14:00:00,27.6,57,18.3,0.0,5,705.0,11.8,310,9.039324428803942,-7.584893794301164
2021-03-19 15:00:00,26.9,59,18.1,0.0,5,555.0,12.7,317,8.661379172793728,-9.288192010563469
2021-03-19 16:00:00,26.4,60,18.0,0.0,8,371.0,13.1,328,6.941942361454985,-11.109430059649178
2021-03-19 17:00:00,25.6,63,18.1,0.0,6,180.0,13.1,339,4.69462013904344,-12.22990358711334
2021-03-19 18:00:00,24.5,68,18.2,0.0,2,45.0,11.7,351,1.830283240970704,-11.55595358496311
2021-03-19 19:00:00,23.2,74,18.4,0.0,0,0.0,10.9,354,1.1393602496174222,-10.84028865951418
2021-03-19 20:00:00,22.5,78,18.5,0.0,0,0.0,9.0,360,2.204364238465236e-15,-9.0
2021-03-19 21:00:00,22.0,81,18.6,0.0,0,0.0,7.2,360,1.7634913907721889e-15,-7.2
2021-03-19 22:00:00,21.5,85,18.8,0.0,0,0.0,6.1,360,1.4940690949597709e-15,-6.1
2021-03-19 23:00:00,20.6,90,19.0,0.0,0,0.0,6.5,354,0.6794350112397471,-6.4643923198937765
2021-03-20 00:00:00,20.4,91,18.8,0.0,0,0.0,5.9,346,1.4273391840380405,-5.72474478502838
2021-03-20 01:00:00,20.6,90,18.9,0.0,0,0.0,4.8,333,2.179154398749825,-4.276831316104166
2021-03-20 02:00:00,21.1,89,19.2,0.0,1,0.0,4.4,325,2.523736319944605,-3.604268994871563
2021-03-20 03:00:00,21.4,88,19.4,0.0,1,0.0,3.5,336,1.4235782507653003,-3.1974091017491038
2021-03-20 04:00:00,21.4,88,19.4,0.0,4,0.0,1.9,292,1.761649323676896,-0.7117525274902327
2021-03-20 05:00:00,21.4,89,19.5,0.0,11,0.0,3.2,297,2.8512208774027776,-1.4527695991665492
2021-03-20 06:00:00,21.3,90,19.6,0.0,5,0.0,7.4,321,4.656970893768801,-5.750880114781583
2021-03-20 07:00:00,19.8,94,18.8,0.0,1,27.0,8.6,338,3.221616703376846,-7.97378114927437
2021-03-20 08:00:00,23.5,77,19.1,0.0,1,172.0,9.3,344,2.5634274090980904,-8.939733772226367
2021-03-20 09:00:00,24.9,67,18.5,0.0,0,375.0,10.8,345,2.7952456871072235,-10.431998923921938
2021-03-20 10:00:00,26.1,62,18.2,0.0,0,557.0,10.5,338,3.93336923086708,-9.735430472951268
2021-03-20 11:00:00,27.0,58,18.2,0.0,0,687.0,10.4,326,5.815606196095764,-8.621990754572435
2021-03-20 12:00:00,27.7,56,18.2,0.0,0,761.0,11.7,317,7.979380812731229,-8.556838308944297
2021-03-20 13:00:00,28.0,55,18.1,0.0,0,772.0,13.2,315,9.333809511662428,-9.333809511662423
2021-03-20 14:00:00,28.1,54,17.9,0.0,0,706.0,12.7,317,8.661379172793728,-9.288192010563469
2021-03-20 15:00:00,27.6,56,18.0,0.0,0,568.0,12.0,319,7.872708347886089,-9.056514962673262
2021-03-20 16:00:00,27.1,58,18.1,0.0,0,375.0,11.6,324,6.818308926592691,-9.38459713474939
2021-03-20 17:00:00,26.4,61,18.3,0.0,0,214.0,12.4,334,5.435802220184565,-11.14504617410967
2021-03-20 18:00:00,25.1,67,18.6,0.0,4,50.0,11.6,338,4.345436483624583,-10.755332712974733
2021-03-20 19:00:00,23.8,74,18.9,0.0,6,0.0,12.5,348,2.5988961352219984,-12.22684500917257
2021-03-20 20:00:00,23.0,78,19.0,0.0,9,0.0,11.5,358,0.4013442120787595,-11.4929945107196
2021-03-20 21:00:00,22.4,81,19.0,0.0,11,0.0,10.1,358,0.3524849166952583,-10.093847352892867
2021-03-20 22:00:00,22.0,83,18.9,0.0,6,0.0,8.7,353,1.0602632876247808,-8.635151519279502
2021-03-20 23:00:00,21.6,85,19.0,0.0,11,0.0,8.0,352,1.113384807680527,-7.922144549932562
2021-03-21 00:00:00,21.2,88,19.0,0.0,19,0.0,8.8,348,1.829622879196287,-8.60769888645749
2021-03-21 01:00:00,20.7,91,19.1,0.0,5,0.0,10.7,348,2.2246550917500305,-10.46617932785172
2021-03-21 02:00:00,20.3,93,19.1,0.0,1,0.0,12.4,352,1.725746451904817,-12.279324052395472
2021-03-21 03:00:00,20.6,93,19.4,0.0,11,0.0,13.4,354,1.4006814077865557,-13.326593397934865
2021-03-21 04:00:00,20.3,94,19.3,0.0,16,0.0,13.4,354,1.4006814077865557,-13.326593397934865
2021-03-21 05:00:00,20.2,94,19.2,0.0,17,0.0,13.8,354,1.442492793093617,-13.724402156082173
2021-03-21 06:00:00,20.0,95,19.1,0.0,12,0.0,13.8,351,2.158795617555189,-13.6300991002129
2021-03-21 07:00:00,20.5,91,18.9,0.0,14,23.0,15.5,355,1.350914012588704,-15.441017820422056
2021-03-21 08:00:00,21.7,82,18.5,0.0,17,142.0,16.2,1,-0.2827289842839929,-16.197532661533536
2021-03-21 09:00:00,23.2,72,17.9,0.0,4,356.0,17.0,356,1.1858600536501358,-16.958588854417012
2021-03-21 10:00:00,24.8,63,17.2,0.0,2,558.0,16.4,351,2.5655252266597897,-16.198088785760255
2021-03-21 11:00:00,25.8,58,16.8,0.0,1,685.0,17.6,345,4.555215193804364,-17.000294542687605
2021-03-21 12:00:00,26.4,55,16.5,0.0,0,760.0,20.3,343,5.935145605871565,-19.412986546049616
2021-03-21 13:00:00,26.5,53,16.1,0.0,2,789.0,24.2,349,4.617577688112381,-23.755377839433468
2021-03-21 14:00:00,26.0,53,15.7,0.0,2,697.0,26.3,356,1.834595259470504,-26.23593452183338
2021-03-21 15:00:00,24.7,56,15.2,0.0,3,542.0,25.9,359,0.4520173267256442,-25.896055304550533
2021-03-21 16:00:00,23.7,57,14.8,0.0,7,402.0,25.6,356,1.7857657278496164,-25.537639686651502
2021-03-21 17:00:00,21.8,62,14.3,0.0,14,188.0,29.3,354,3.0626839737422453,-29.139491534290407
2021-03-21 18:00:00,19.6,69,13.7,0.0,9,41.0,29.3,355,2.553663262506389,-29.188504654088145
2021-03-21 19:00:00,18.3,73,13.3,0.0,12,0.0,28.8,359,0.5026293053937666,-28.79561362050407
2021-03-21 20:00:00,17.9,73,13.0,0.0,11,0.0,25.6,359,0.4467816047944591,-25.596100996003617
2021-03-21 21:00:00,18.0,73,13.0,0.0,11,0.0,23.9,355,2.0830222516690338,-23.80905328439272
2021-03-21 22:00:00,18.0,72,12.9,0.0,34,0.0,24.6,353,2.997985847766622,-24.41663533037653
2021-03-21 23:00:00,18.0,72,12.8,0.0,55,0.0,25.3,354,2.644570120671632,-25.16140395281732
2021-03-22 00:00:00,18.1,71,12.8,0.0,68,0.0,25.2,357,1.318866097322198,-25.16546427581526
2021-03-22 01:00:00,18.1,71,12.8,0.0,89,0.0,23.8,358,0.8306080215195196,-23.78550168305448
2021-03-22 02:00:00,18.0,72,12.9,0.0,97,0.0,23.1,357,1.208960589212015,-23.068342252830657
2021-03-22 03:00:00,17.5,74,12.8,0.0,100,0.0,22.4,356,1.562545011868414,-22.34543472582006
2021-03-22 04:00:00,17.5,74,12.9,0.0,100,0.0,22.4,354,2.3414375771954363,-22.27729045624932
2021-03-22 05:00:00,17.3,75,12.9,0.0,100,0.0,22.7,356,1.583471953991652,-22.644703940898008
2021-03-22 06:00:00,17.3,74,12.7,0.0,100,0.0,22.3,359,0.3891886635514234,-22.296603601987528
2021-03-22 07:00:00,17.5,73,12.7,0.0,100,10.0,19.9,356,1.3881538275081,-19.8515246001705
2021-03-22 08:00:00,18.0,72,13.0,0.1,100,58.0,20.8,351,3.253836872836807,-20.543917484378863
2021-03-22 09:00:00,18.1,74,13.3,0.2,100,33.0,22.4,354,2.3414375771954363,-22.27729045624932
2021-03-22 10:00:00,18.1,74,13.5,0.2,93,23.0,21.6,359,0.3769719790453249,-21.596710215378053
2021-03-22 11:00:00,18.7,72,13.7,0.4,100,152.0,23.1,355,2.013297657470907,-23.012097525919323
2021-03-22 12:00:00,19.3,70,13.7,0.3,100,262.0,24.9,357,1.3031653104493146,-24.86587541538889
2021-03-22 13:00:00,20.2,66,13.6,0.1,100,329.0,23.8,359,0.4153672732073487,-23.796375144722116
2021-03-22 14:00:00,20.2,65,13.5,0.1,100,218.0,22.7,359,0.3961696261263368,-22.69654268005008
2021-03-22 15:00:00,18.5,72,13.4,0.5,100,72.0,22.7,359,0.3961696261263368,-22.69654268005008
2021-03-22 16:00:00,18.1,73,13.1,0.2,100,66.0,23.0,360,5.633375276077825e-15,-23.0
2021-03-22 17:00:00,17.7,72,12.6,0.0,100,25.0,22.0,360,5.388445916248354e-15,-22.0
2021-03-22 18:00:00,17.4,73,12.5,0.0,100,10.0,19.1,358,0.6665803870177658,-19.08836479606473
2021-03-22 19:00:00,17.2,74,12.6,0.0,100,0.0,17.7,354,1.8501537998374653,-17.60303754801844
2021-03-22 20:00:00,17.2,75,12.7,0.0,100,0.0,17.8,353,2.1692743126116207,-17.667321499215532
2021-03-22 21:00:00,17.3,74,12.7,0.0,100,0.0,16.7,354,1.745625336569812,-16.608515652650162
2021-03-22 22:00:00,17.6,73,12.7,0.0,100,0.0,15.5,355,1.350914012588704,-15.441017820422056
2021-03-22 23:00:00,17.6,73,12.7,0.0,100,0.0,12.2,2,-0.4257738597705118,-12.192568089632967
2021-03-23 00:00:00,17.6,73,12.8,0.0,100,0.0,8.3,360,2.0329136865846065e-15,-8.3
2021-03-23 01:00:00,17.7,74,13.0,0.0,100,0.0,8.4,340,2.8729692039356163,-7.893418014601631
2021-03-23 02:00:00,17.6,75,13.2,0.0,100,0.0,8.6,338,3.221616703376846,-7.97378114927437
2021-03-23 03:00:00,17.2,81,13.9,0.2,83,0.0,6.6,347,1.4846769586695112,-6.430842427582552
2021-03-23 04:00:00,17.3,81,14.1,0.0,90,0.0,5.8,360,1.4205902870109297e-15,-5.8
2021-03-23 05:00:00,17.4,83,14.4,0.2,53,0.0,5.4,360,1.3226185430791417e-15,-5.4
2021-03-23 06:00:00,17.5,83,14.6,0.4,100,0.0,3.6,354,0.3763024677635523,-3.580278823325784
2021-03-23 07:00:00,17.8,83,14.9,0.6,100,5.0,5.2,348,1.0811407922523513,-5.086367523815789
2021-03-23 08:00:00,18.5,78,14.6,0.7,100,40.0,6.5,357,0.3401837155791384,-6.49109197590473
2021-03-23 09:00:00,19.2,77,15.0,0.4,92,107.0,6.2,353,0.7555899291119128,-6.153786140176197
2021-03-23 10:00:00,20.0,75,15.4,0.7,95,217.0,6.2,350,1.0766187015349684,-6.10580806867569
2021-03-23 11:00:00,20.6,71,15.2,0.0,70,210.0,5.7,342,1.7613968679372018,-5.421022142882375
2021-03-23 12:00:00,21.4,68,15.1,0.3,100,236.0,4.8,312,3.5670951622914937,-3.211826910522517
2021-03-23 13:00:00,21.8,66,15.2,0.0,100,239.0,5.2,282,5.086367523815789,-1.081140792252349
2021-03-23 14:00:00,21.7,67,15.4,0.4,70,152.0,6.7,286,6.440453362786736,-1.846770283973896
2021-03-23 15:00:00,22.1,66,15.4,0.0,87,180.0,8.2,299,7.171881598543044,-3.975438886019965
2021-03-23 16:00:00,22.0,65,15.1,0.0,85,177.0,8.9,310,6.817795543758906,-5.7208097262102
2021-03-23 17:00:00,21.2,67,14.9,0.0,66,41.0,11.5,328,6.094071538681858,-9.752553105798896
2021-03-23 18:00:00,20.5,70,14.8,0.0,79,13.0,13.3,347,2.991849022773409,-12.959121861643627
2021-03-23 19:00:00,19.9,72,14.7,0.0,86,0.0,12.7,353,1.5477406612453697,-12.60533612584479
2021-03-23 20:00:00,19.6,73,14.7,0.0,94,0.0,10.9,351,1.7051356689385189,-10.765802912487
2021-03-23 21:00:00,19.4,74,14.7,0.2,100,0.0,10.6,342,3.275580140374445,-10.081199072728626
2021-03-23 22:00:00,19.1,77,15.0,0.2,100,0.0,10.2,337,3.985457510590593,-9.38914950521489
2021-03-23 23:00:00,18.8,81,15.4,0.4,100,0.0,9.9,341,3.223124729125852,-9.360633898433235
2021-03-24 00:00:00,18.5,84,15.8,0.4,100,0.0,10.6,342,3.275580140374445,-10.081199072728626
2021-03-24 01:00:00,18.3,86,16.0,0.2,100,0.0,11.1,347,2.496956703216905,-10.815507719116107
2021-03-24 02:00:00,18.1,88,16.1,0.2,100,0.0,11.6,353,1.4136843834997077,-11.513535359039336
2021-03-24 03:00:00,18.3,92,17.0,1.0,100,0.0,11.9,358,0.4153040107597598,-11.89275084152724
2021-03-24 04:00:00,18.1,92,16.9,1.1,100,0.0,10.8,4,-0.7533699164365533,-10.773691742806102
2021-03-24 05:00:00,18.1,92,16.8,1.3,100,0.0,9.7,356,0.6766377953180186,-9.676371287520292
2021-03-24 06:00:00,18.0,93,16.9,1.8,100,0.0,12.6,355,1.0981623586204947,-12.552053195955994
2021-03-24 07:00:00,18.1,93,16.9,1.6,100,2.0,14.4,357,0.7536377698983989,-14.380265300465863
2021-03-24 08:00:00,18.3,91,16.9,1.2,100,4.0,15.5,359,0.2705122997778952,-15.497639274924063
2021-03-24 09:00:00,18.7,89,16.9,0.7,80,4.0,18.7,349,3.568128213541385,-18.35642833047132
2021-03-24 10:00:00,19.0,87,16.8,0.5,100,36.0,20.8,351,3.253836872836807,-20.543917484378863
2021-03-24 11:00:00,19.2,84,16.5,0.4,100,53.0,21.3,358,0.7433592797632675,-21.28702461550674
2021-03-24 12:00:00,19.6,80,16.2,0.2,89,95.0,19.1,2,-0.6665803870177686,-19.08836479606473
2021-03-24 13:00:00,20.8,72,15.6,0.0,58,202.0,17.3,356,1.2067869957733734,-17.257858069494958
2021-03-24 14:00:00,22.5,64,15.4,0.0,98,408.0,17.3,348,3.596872251147246,-16.921953492694836
2021-03-24 15:00:00,22.6,63,15.3,0.0,100,262.0,17.7,347,3.981633661886416,-17.24635014669866
2021-03-24 16:00:00,22.6,63,15.2,0.0,100,167.0,17.1,353,2.0839657722280176,-16.97253919306661
2021-03-24 17:00:00,22.4,64,15.2,0.0,84,77.0,15.5,357,0.8112073217656377,-15.478757788695894
2021-03-24 18:00:00,21.6,68,15.5,0.0,47,31.0,14.4,356,1.0044932219154092,-14.36492232374147
2021-03-24 19:00:00,20.6,74,15.8,0.0,0,0.0,16.8,351,2.6280990126758823,-16.593164121998313
2021-03-24 20:00:00,19.7,79,15.9,0.0,0,0.0,17.8,352,2.4772811970891726,-17.62677162359995
2021-03-24 21:00:00,19.1,81,15.8,0.0,0,0.0,18.4,356,1.2835191168919116,-18.355178524780765
2021-03-24 22:00:00,18.7,81,15.4,0.0,1,0.0,18.7,359,0.3263600003772026,-18.697151899424515
2021-03-24 23:00:00,18.5,79,14.7,0.0,1,0.0,18.4,1,-0.3211242784460166,-18.3971975908776
2021-03-25 00:00:00,18.3,78,14.3,0.0,0,0.0,18.0,2,-0.6281909406450175,-17.989034886343724
2021-03-25 01:00:00,17.9,78,14.0,0.0,0,0.0,17.3,1,-0.3019266313650047,-17.29736512620557
2021-03-25 02:00:00,17.6,79,13.8,0.0,0,0.0,16.2,360,3.967855629237425e-15,-16.2
2021-03-25 03:00:00,17.0,79,13.4,0.0,0,0.0,15.1,359,0.2635313372029818,-15.097700196861508
2021-03-25 04:00:00,16.8,80,13.3,0.0,0,0.0,14.4,359,0.2513146526968833,-14.397806810252035
2021-03-25 05:00:00,16.6,81,13.3,0.0,1,0.0,14.4,359,0.2513146526968833,-14.397806810252035
2021-03-25 06:00:00,16.4,82,13.3,0.0,0,0.0,14.8,356,1.0323958114130594,-14.763947943845398
2021-03-25 07:00:00,17.4,78,13.6,0.0,0,40.0,16.3,355,1.4206386067868306,-16.237973578895453
2021-03-25 08:00:00,19.6,68,13.6,0.0,1,192.0,16.7,354,1.745625336569812,-16.608515652650162
2021-03-25 09:00:00,21.5,59,13.1,0.0,5,397.0,17.3,355,1.507794349534489,-17.234168276987198
2021-03-25 10:00:00,22.8,55,13.2,0.0,3,561.0,17.4,354,1.8187952608571691,-17.304680979407955
2021-03-25 11:00:00,23.9,52,13.4,0.0,12,721.0,16.7,353,2.0352180348659585,-16.575520732410077
2021-03-25 12:00:00,24.6,51,13.9,0.0,12,820.0,17.1,352,2.3798600264171266,-16.933583975480854
2021-03-25 13:00:00,25.0,52,14.4,0.0,23,849.0,17.1,352,2.3798600264171266,-16.933583975480854
2021-03-25 14:00:00,25.1,52,14.7,0.0,23,773.0,17.8,352,2.4772811970891726,-17.62677162359995
2021-03-25 15:00:00,24.6,54,14.6,0.0,22,585.0,18.1,353,2.205835115633165,-17.96508534470793
2021-03-25 16:00:00,24.1,56,14.6,0.0,15,431.0,17.7,355,1.5426566466335525,-17.632646156223895
2021-03-25 17:00:00,23.3,59,14.8,0.0,13,233.0,16.3,354,1.7038139512627508,-16.210706894502856
2021-03-25 18:00:00,21.9,65,15.1,0.0,6,56.0,14.4,356,1.0044932219154092,-14.36492232374147
2021-03-25 19:00:00,20.5,73,15.4,0.0,9,0.0,13.3,357,0.6960682180311601,-13.281772812235833
2021-03-25 20:00:00,19.7,78,15.7,0.0,4,0.0,10.8,358,0.3769145643870089,-10.793420931806237
2021-03-25 21:00:00,19.3,81,16.0,0.0,6,0.0,9.4,353,1.145571828008384,-9.329933825428428
2021-03-25 22:00:00,19.1,84,16.3,0.0,9,0.0,9.2,349,1.7554427574642109,-9.030970087718508
2021-03-25 23:00:00,18.9,86,16.5,0.0,10,0.0,9.2,349,1.7554427574642109,-9.030970087718508
2021-03-26 00:00:00,18.7,88,16.7,0.0,9,0.0,8.4,350,1.4586446924022154,-8.272385125302547
2021-03-26 01:00:00,18.5,90,16.9,0.0,8,0.0,8.1,347,1.8221035401853087,-7.892397524760404
2021-03-26 02:00:00,18.4,91,17.0,0.0,7,0.0,8.4,350,1.4586446924022154,-8.272385125302547
2021-03-26 03:00:00,18.1,92,16.7,0.0,4,0.0,8.7,355,0.7582549619046273,-8.666893873398186
2021-03-26 04:00:00,17.9,93,16.7,0.0,17,0.0,9.0,360,2.204364238465236e-15,-9.0
2021-03-26 05:00:00,17.9,93,16.7,0.0,13,0.0,9.0,358,0.3140954703225074,-8.994517443171862
2021-03-26 06:00:00,17.8,93,16.6,0.0,15,0.0,9.0,355,0.7844016847289249,-8.96575228282571
2021-03-26 07:00:00,18.5,91,17.0,0.0,16,32.0,10.5,356,0.7324429743133192,-10.474422527728152
2021-03-26 08:00:00,21.2,77,17.0,0.0,16,164.0,9.1,351,1.4235536318661028,-8.987963899415753
2021-03-26 09:00:00,22.7,66,16.0,0.0,17,311.0,11.3,343,3.30380026336693,-10.8062437423823
2021-03-26 10:00:00,23.8,63,16.5,0.0,19,531.0,12.1,337,4.727846654720214,-11.138108726774528
2021-03-26 11:00:00,24.6,62,16.8,0.0,12,563.0,12.4,334,5.435802220184565,-11.14504617410967
2021-03-26 12:00:00,25.0,61,16.9,0.0,9,572.0,12.6,333,5.720280296718292,-11.226682204773434
2021-03-26 13:00:00,25.6,59,17.0,0.0,5,679.0,12.9,330,6.4500000000000055,-11.171727708819256
2021-03-26 14:00:00,25.4,60,17.2,0.0,9,487.0,13.4,333,6.083472696509929,-11.93948742412413
2021-03-26 15:00:00,25.2,61,17.1,0.0,17,491.0,13.9,339,4.981314498679681,-12.9767679283111
2021-03-26 16:00:00,24.8,62,17.0,0.0,18,336.0,14.1,345,3.6493485359455415,-13.619554150675864
2021-03-26 17:00:00,24.3,64,16.9,0.0,11,184.0,12.8,350,2.222696674136709,-12.605539238556265
2021-03-26 18:00:00,23.3,68,17.0,0.0,9,46.0,10.8,2,-0.3769145643870105,-10.793420931806237
2021-03-26 19:00:00,22.1,74,17.2,0.0,10,0.0,10.5,6,-1.0975488643103617,-10.44247990136687
2021-03-26 20:00:00,21.3,79,17.5,0.0,8,0.0,9.4,4,-0.6557108531947778,-9.377102072442348
2021-03-26 21:00:00,20.8,83,17.8,0.0,8,0.0,8.6,358,0.300135671641507,-8.594761112364223
2021-03-26 22:00:00,20.4,86,18.1,0.0,18,0.0,8.0,355,0.6972459419812665,-7.969557584733964
2021-03-26 23:00:00,20.1,89,18.2,0.0,25,0.0,7.6,357,0.3977532674463772,-7.589584464134761
2021-03-27 00:00:00,19.9,90,18.2,0.0,24,0.0,7.6,355,0.6623836448822031,-7.571079705497266
2021-03-27 01:00:00,19.9,90,18.2,0.0,32,0.0,6.1,357,0.3192493330819606,-6.0916401620029
2021-03-27 02:00:00,19.5,92,18.2,0.0,44,0.0,5.8,360,1.4205902870109297e-15,-5.8
2021-03-27 03:00:00,19.0,94,17.9,0.0,61,0.0,5.4,360,1.3226185430791417e-15,-5.4
2021-03-27 04:00:00,19.1,93,17.9,0.0,62,0.0,5.8,360,1.4205902870109297e-15,-5.8
2021-03-27 05:00:00,19.1,93,17.9,0.0,80,0.0,6.2,353,0.7555899291119128,-6.153786140176197
2021-03-27 06:00:00,19.1,92,17.8,0.0,100,0.0,8.7,355,0.7582549619046273,-8.666893873398186
2021-03-27 07:00:00,20.2,88,18.2,0.0,91,29.0,10.1,356,0.7045403848156689,-10.075396907624224
2021-03-27 08:00:00,22.7,76,18.2,0.0,70,152.0,9.4,353,1.145571828008384,-9.329933825428428
2021-03-27 09:00:00,24.4,64,17.1,0.0,50,325.0,9.4,353,1.145571828008384,-9.329933825428428
2021-03-27 10:00:00,25.6,60,17.3,0.0,27,525.0,8.4,353,1.0237024846032368,-8.337387673787106
2021-03-27 11:00:00,26.5,58,17.6,0.0,12,615.0,6.5,341,2.1161930039715187,-6.14587074139556
2021-03-27 12:00:00,27.2,57,18.0,0.0,3,660.0,5.6,320,3.5996106142446216,-4.289848881466275
2021-03-27 13:00:00,27.6,57,18.4,0.0,0,638.0,6.0,295,5.4378467222198985,-2.535709570444197
2021-03-27 14:00:00,27.9,57,18.7,0.0,1,662.0,5.9,284,5.72474478502838,-1.4273391840380378
2021-03-27 15:00:00,27.6,59,19.0,0.0,1,524.0,5.1,274,5.087576656325104,-0.3557580160950386
2021-03-27 16:00:00,27.3,61,19.1,0.0,1,379.0,4.7,266,4.688551036221174,0.3278554265973902
2021-03-27 17:00:00,26.8,63,19.1,0.0,8,146.0,4.3,275,4.283637201794505,-0.3747696938149289
2021-03-27 18:00:00,26.1,66,19.3,0.0,0,52.0,6.0,303,5.032023407672545,-3.26783421009016
2021-03-27 19:00:00,25.0,72,19.5,0.0,0,0.0,7.1,319,4.658019105832603,-5.35843801958168
2021-03-27 20:00:00,23.8,79,19.9,0.0,0,0.0,6.6,331,3.199743493625823,-5.772490067120012
2021-03-27 21:00:00,22.6,86,20.1,0.0,0,0.0,6.8,335,2.873804179836754,-6.16289295184922
2021-03-27 22:00:00,21.6,92,20.2,0.0,0,0.0,7.2,333,3.2687315981247385,-6.415246974156248
2021-03-27 23:00:00,22.3,88,20.3,0.0,1,0.0,5.3,332,2.4881992827652213,-4.679622242152313
2021-03-28 00:00:00,22.3,89,20.4,0.0,4,0.0,0.7,360,1.7145055188062944e-16,-0.7
2021-03-28 01:00:00,21.4,92,20.1,0.0,4,0.0,3.4,148,-1.8017254983928963,2.883363526931848
2021-03-28 02:00:00,20.2,95,19.3,0.0,3,0.0,5.6,135,-3.9597979746446654,3.9597979746446654
2021-03-28 03:00:00,19.7,95,19.0,0.0,2,0.0,6.2,126,-5.0159053651246746,3.644268564213333
2021-03-28 04:00:00,19.8,95,18.9,0.0,13,0.0,6.1,118,-5.385980316439453,2.8637765329939344
2021-03-28 05:00:00,19.8,94,18.8,0.0,21,0.0,5.5,113,-5.062776693988422,2.149021206691006
2021-03-28 06:00:00,20.0,93,18.8,0.0,34,0.0,4.0,100,-3.939231012048832,0.6945927106677212
2021-03-28 07:00:00,21.8,86,19.4,0.0,32,29.0,1.8,90,-1.8,-1.1021821192326179e-16
2021-03-28 08:00:00,24.3,75,19.6,0.2,31,122.0,0.8,153,-0.3631923997916375,0.7128052193506943
2021-03-28 09:00:00,25.5,72,20.0,0.2,17,263.0,3.1,201,1.1109406435904314,2.8940993221413254
2021-03-28 10:00:00,26.7,70,20.8,0.0,37,476.0,5.1,225,3.606244584051392,3.606244584051393
2021-03-28 11:00:00,27.6,68,21.1,0.0,39,581.0,6.2,234,5.015905365124674,3.644268564213334
2021-03-28 12:00:00,28.4,66,21.5,0.0,28,651.0,7.3,250,6.859756131737131,2.49674704627738
2021-03-28 13:00:00,28.6,67,21.8,0.0,9,664.0,10.1,270,10.1,1.85533990070824e-15
2021-03-28 14:00:00,28.5,68,22.0,0.0,28,608.0,12.1,280,11.916173811447718,-2.1011429497698524
2021-03-28 15:00:00,27.9,70,22.0,0.2,23,514.0,11.5,284,11.15840085217396,-2.7821017993961754
2021-03-28 16:00:00,27.5,72,21.9,0.0,20,364.0,11.0,289,10.400704331592486,-3.5812496990287195
2021-03-28 17:00:00,26.8,74,21.7,0.0,16,199.0,10.6,294,9.68358185101157,-4.311408416603477
2021-03-28 18:00:00,25.7,79,21.8,0.0,25,44.0,7.8,292,7.232034065620942,-2.9219314286441134
2021-03-28 19:00:00,24.5,85,21.8,0.0,29,0.0,6.8,288,6.467184310807045,-2.101315561749641
2021-03-28 20:00:00,23.9,88,21.7,0.0,23,0.0,6.4,286,6.152074854005241,-1.7640790772287962
2021-03-28 21:00:00,23.2,91,21.7,0.0,22,0.0,5.2,286,4.998560818879258,-1.4333142502483969
2021-03-28 22:00:00,22.5,95,21.6,0.0,19,0.0,5.2,295,4.71280049259058,-2.197614961051638
2021-03-28 23:00:00,22.3,94,21.3,0.0,17,0.0,4.1,308,3.230844089787559,-2.5242120488352
2021-03-29 00:00:00,22.0,94,21.0,0.0,17,0.0,5.4,312,4.012982057577931,-3.613305274337832
2021-03-29 01:00:00,21.4,95,20.6,0.0,19,0.0,5.8,330,2.9000000000000026,-5.022947341949743
2021-03-29 02:00:00,20.8,96,20.2,0.0,23,0.0,5.2,335,2.197614961051636,-4.71280049259058
2021-03-29 03:00:00,20.8,97,20.2,0.0,26,0.0,6.1,332,2.863776532993933,-5.385980316439454
2021-03-29 04:00:00,20.9,97,20.4,0.0,27,0.0,7.2,333,3.2687315981247385,-6.415246974156248
2021-03-29 05:00:00,21.0,97,20.5,0.0,45,0.0,6.4,344,1.764079077228793,-6.1520748540052415
2021-03-29 06:00:00,20.7,97,20.2,0.0,39,0.0,6.5,341,2.1161930039715187,-6.14587074139556
2021-03-29 07:00:00,21.7,96,21.1,0.0,24,36.0,6.6,338,2.4724035165450213,-6.119413440140796
2021-03-29 08:00:00,24.2,84,21.3,0.0,16,162.0,6.3,336,2.562440851377541,-5.755336383148386
2021-03-29 09:00:00,25.5,73,20.3,0.0,18,359.0,6.3,329,3.244739871933344,-5.400153994423306
2021-03-29 10:00:00,26.6,69,20.4,0.0,11,568.0,6.6,319,4.329989591337348,-4.981083229470294
2021-03-29 11:00:00,27.5,66,20.6,0.0,12,713.0,6.7,306,5.420413862312149,-3.938161190359569
2021-03-29 12:00:00,28.1,64,20.7,0.0,6,790.0,7.4,293,6.81173591554806,-2.891410350820624
2021-03-29 13:00:00,28.4,63,20.7,0.0,3,791.0,7.3,281,7.165878439167946,-1.392905666248779
2021-03-29 14:00:00,28.5,63,20.9,0.0,2,717.0,7.6,273,7.589584464134761,-0.3977532674463739
2021-03-29 15:00:00,28.4,63,20.7,0.0,0,605.0,8.0,262,7.922144549932562,1.1133848076805266
2021-03-29 16:00:00,28.1,64,20.7,0.0,0,423.0,10.1,253,9.658678035226655,2.9529542176996446
2021-03-29 17:00:00,27.3,67,20.7,0.0,1,222.0,11.4,252,10.84204428576475,3.5227937358744024
2021-03-29 18:00:00,26.1,73,20.9,0.0,2,54.0,8.8,258,8.60769888645749,1.8296228791962863
2021-03-29 19:00:00,25.1,79,21.2,0.0,6,0.0,7.0,249,6.535062985480412,2.508575646817105
2021-03-29 20:00:00,24.6,82,21.4,0.0,6,0.0,6.6,241,5.772490067120012,3.199743493625823
2021-03-29 21:00:00,24.3,85,21.6,0.0,14,0.0,6.4,232,5.043268823083022,3.940233442084212
2021-03-29 22:00:00,24.1,86,21.7,0.0,3,0.0,7.1,210,3.5500000000000007,6.148780366869514
2021-03-29 23:00:00,23.9,88,21.7,0.0,16,0.0,7.7,208,3.61493103345136,6.798696465013737
2021-03-30 00:00:00,23.8,88,21.7,0.0,27,0.0,9.1,214,5.088655421583795,7.544241910250879
2021-03-30 01:00:00,23.6,89,21.7,0.0,47,0.0,9.3,216,5.466402846319999,7.523858047687012
2021-03-30 02:00:00,23.5,89,21.6,0.0,50,0.0,8.1,212,4.292346040288959,6.869189578867051
2021-03-30 03:00:00,23.4,90,21.8,0.0,47,0.0,7.8,214,4.361704647071824,6.466493065929326
2021-03-30 04:00:00,23.3,91,21.7,0.0,38,0.0,7.4,219,4.656970893768799,5.750880114781584
2021-03-30 05:00:00,23.2,91,21.6,0.0,48,0.0,7.1,229,5.358438019581681,4.658019105832602
2021-03-30 06:00:00,22.9,92,21.5,0.0,49,0.0,4.9,253,4.685893304218873,1.4326213531414118
2021-03-30 07:00:00,23.8,89,22.0,0.0,53,22.0,6.4,254,6.152074854005242,1.7640790772287929
2021-03-30 08:00:00,25.5,80,21.8,0.0,68,77.0,6.0,253,5.737828535778212,1.7542302283364226
2021-03-30 09:00:00,26.4,74,21.4,0.0,60,186.0,5.5,247,5.062776693988422,2.149021206691006
2021-03-30 10:00:00,27.7,68,21.1,0.0,38,371.0,5.7,235,4.669166652447252,3.2693856872009643
2021-03-30 11:00:00,28.7,63,20.9,0.0,18,478.0,6.6,248,6.119413440140796,2.472403516545021
2021-03-30 12:00:00,29.6,60,20.9,0.0,13,669.0,8.0,260,7.878462024097664,1.3891854213354426
2021-03-30 13:00:00,30.0,58,20.8,0.0,5,725.0,10.4,270,10.4,1.910449006669871e-15
2021-03-30 14:00:00,30.1,57,20.6,0.0,1,662.0,11.2,270,11.2,2.0574066225675528e-15
2021-03-30 15:00:00,29.4,63,21.6,0.0,1,567.0,11.2,268,11.193177262613872,0.3908743630680085
2021-03-30 16:00:00,28.9,64,21.5,0.0,0,408.0,11.9,265,11.854716907291772,1.0371533386971332
2021-03-30 17:00:00,28.0,67,21.4,0.0,5,219.0,12.3,265,12.253194786528471,1.0720156357961963
2021-03-30 18:00:00,26.7,74,21.6,0.0,7,52.0,10.8,274,10.773691742806104,-0.7533699164365524
2021-03-30 19:00:00,25.5,80,21.8,0.0,14,0.0,7.6,270,7.6,1.3960973510279824e-15
2021-03-30 20:00:00,25.0,83,22.0,0.0,16,0.0,6.2,260,6.10580806867569,1.0766187015349682
2021-03-30 21:00:00,24.6,86,22.2,0.0,12,0.0,6.2,263,6.153786140176197,0.7555899291119125
2021-03-30 22:00:00,24.0,91,22.4,0.0,14,0.0,5.9,281,5.791600382341217,-1.1257730727216162
2021-03-30 23:00:00,23.3,93,22.2,0.0,13,0.0,5.8,300,5.022947341949744,-2.9000000000000004
2021-03-31 00:00:00,22.6,95,21.7,0.0,20,0.0,5.7,325,3.269385687200965,-4.669166652447252
2021-03-31 01:00:00,22.2,96,21.5,0.0,81,0.0,6.2,350,1.0766187015349684,-6.10580806867569
2021-03-31 02:00:00,22.2,96,21.4,0.0,12,0.0,6.9,354,0.7212463965468086,-6.862201078041086
2021-03-31 03:00:00,21.9,95,21.0,0.0,9,0.0,6.6,331,3.199743493625823,-5.772490067120012
2021-03-31 04:00:00,21.9,94,20.8,0.0,2,0.0,6.2,324,3.644268564213335,-5.015905365124674
2021-03-31 05:00:00,22.7,90,21.1,0.0,21,0.0,6.6,315,4.666904755831214,-4.6669047558312124
2021-03-31 06:00:00,23.1,89,21.2,0.0,6,0.0,5.6,333,2.542346798541463,-4.989636535454859
2021-03-31 07:00:00,23.5,88,21.5,0.0,0,45.0,7.4,321,4.656970893768801,-5.750880114781583
2021-03-31 08:00:00,25.5,76,21.0,0.0,0,208.0,7.9,313,5.777694242791446,-5.387787044493739
2021-03-31 09:00:00,26.7,68,20.4,0.0,1,413.0,7.9,300,6.841600689897065,-3.950000000000001
2021-03-31 10:00:00,27.8,64,20.3,0.0,1,605.0,7.7,281,7.558529312547012,-1.4692292643993974
2021-03-31 11:00:00,28.6,62,20.5,0.0,0,736.0,8.7,275,8.666893873398186,-0.7582549619046236
2021-03-31 12:00:00,29.1,61,20.7,0.0,7,801.0,9.0,275,8.96575228282571,-0.784401684728921
2021-03-31 13:00:00,29.4,60,20.9,0.0,10,776.0,10.5,278,10.397814721786489,-1.4613175600806874
2021-03-31 14:00:00,29.3,61,21.0,0.0,0,718.0,11.1,283,10.81550771911611,-2.4969567032169007
2021-03-31 15:00:00,28.8,64,21.3,0.0,0,588.0,11.2,291,10.45610077676866,-4.013721034907364
2021-03-31 16:00:00,28.4,65,21.3,0.0,0,420.0,10.5,301,9.00025665737218,-5.407899786555569
2021-03-31 17:00:00,27.6,69,21.3,0.0,0,220.0,9.7,309,7.538315826132616,-6.104407793183423
2021-03-31 18:00:00,26.5,75,21.6,0.0,0,55.0,10.5,319,6.888619804400328,-7.924450592339105
2021-03-31 19:00:00,25.2,82,21.9,0.0,0,0.0,10.2,328,5.405176495178691,-8.650090580795544
2021-03-31 20:00:00,24.5,86,22.0,0.0,7,0.0,7.6,335,3.211898789229314,-6.88793918147854
2021-03-31 21:00:00,23.9,89,22.1,0.0,20,0.0,6.9,321,4.342310698243882,-5.362307134053097
2021-03-31 22:00:00,23.4,92,22.1,0.0,22,0.0,6.9,313,5.046340541172276,-4.705788684431241
2021-03-31 23:00:00,22.7,95,21.8,0.0,25,0.0,5.8,300,5.022947341949744,-2.9000000000000004
2021-04-01 00:00:00,22.6,94,21.6,0.0,20,0.0,5.9,284,5.72474478502838,-1.4273391840380378
2021-04-01 01:00:00,22.5,94,21.5,0.0,21,0.0,6.0,253,5.737828535778212,1.7542302283364226
2021-04-01 02:00:00,22.4,94,21.4,0.0,20,0.0,6.1,242,5.385980316439454,2.863776532993933
2021-04-01 03:00:00,22.9,92,21.6,0.0,34,0.0,6.0,253,5.737828535778212,1.7542302283364226
2021-04-01 04:00:00,22.6,93,21.4,0.0,23,0.0,7.0,249,6.535062985480412,2.508575646817105
2021-04-01 05:00:00,21.6,95,20.8,0.0,80,0.0,7.2,264,7.160557646651569,0.7526049355271042
2021-04-01 06:00:00,22.8,94,21.7,0.0,76,0.0,6.8,328,3.603450996785794,-5.766727053863695
2021-04-01 07:00:00,23.3,92,21.8,0.0,38,44.0,5.4,340,1.8469087739586103,-5.074340152243906
2021-04-01 08:00:00,25.1,80,21.5,0.0,4,192.0,6.3,347,1.4171916423663515,-6.1385314081469815
2021-04-01 09:00:00,26.6,72,21.2,0.0,6,340.0,6.0,343,1.7542302283364228,-5.737828535778212
2021-04-01 10:00:00,27.7,68,21.3,0.0,12,458.0,5.8,300,5.022947341949744,-2.9000000000000004
2021-04-01 11:00:00,28.3,66,21.3,0.0,30,406.0,6.1,267,6.0916401620029,0.3192493330819602
2021-04-01 12:00:00,28.8,64,21.4,0.0,29,446.0,6.6,257,6.430842427582552,1.4846769586695103
2021-04-01 13:00:00,29.3,63,21.5,0.0,22,580.0,7.6,265,7.571079705497266,0.6623836448822027
2021-04-01 14:00:00,29.6,62,21.5,0.0,23,641.0,7.9,270,7.9,1.4512064569896137e-15
2021-04-01 15:00:00,29.0,63,21.3,0.0,14,401.0,7.2,270,7.2,1.3226185430791417e-15
2021-04-01 16:00:00,28.9,63,21.3,0.0,17,406.0,6.6,261,6.5187430479279085,1.032467469265525
2021-04-01 17:00:00,28.4,65,21.2,0.0,0,210.0,7.0,249,6.535062985480412,2.508575646817105
2021-04-01 18:00:00,27.3,70,21.4,0.0,0,57.0,6.1,267,6.0916401620029,0.3192493330819602
2021-04-01 19:00:00,26.2,77,21.8,0.0,1,0.0,6.5,273,6.49109197590473,-0.3401837155791356
2021-04-01 20:00:00,25.4,82,22.1,0.0,1,0.0,6.4,286,6.152074854005241,-1.7640790772287962
2021-04-01 21:00:00,24.5,88,22.4,0.0,7,0.0,6.1,298,5.385980316439455,-2.8637765329939318
2021-04-01 22:00:00,23.7,92,22.4,0.0,26,0.0,4.9,287,4.685893304218874,-1.43262135314141
2021-04-01 23:00:00,23.2,94,22.1,0.0,40,0.0,5.2,282,5.086367523815789,-1.081140792252349
2021-04-02 00:00:00,22.7,95,21.9,0.0,43,0.0,5.9,284,5.72474478502838,-1.4273391840380378
2021-04-02 01:00:00,22.3,96,21.6,0.0,37,0.0,5.8,292,5.377666356487367,-2.172718241812289
2021-04-02 02:00:00,22.1,96,21.4,0.0,57,0.0,6.8,302,5.766727053863697,-3.603450996785792
2021-04-02 03:00:00,22.0,95,21.2,0.0,29,0.0,6.2,306,5.015905365124675,-3.644268564213332
2021-04-02 04:00:00,21.9,95,21.1,0.0,28,0.0,6.1,315,4.31335136523794,-4.3133513652379385
2021-04-02 05:00:00,21.8,95,20.9,0.0,28,0.0,6.2,324,3.644268564213335,-5.015905365124674
2021-04-02 06:00:00,22.1,93,20.9,0.0,26,0.0,7.3,327,3.9758649556096968,-6.122295146001595
2021-04-02 07:00:00,22.9,93,21.7,0.0,21,48.0,5.8,330,2.9000000000000026,-5.022947341949743
2021-04-02 08:00:00,25.6,82,22.3,0.0,1,210.0,6.2,324,3.644268564213335,-5.015905365124674
2021-04-02 09:00:00,26.9,74,21.9,0.0,3,380.0,7.4,321,4.656970893768801,-5.750880114781583
2021-04-02 10:00:00,28.0,69,21.8,0.0,2,604.0,7.9,317,5.387787044493736,-5.777694242791449
2021-04-02 11:00:00,29.0,65,21.7,0.0,4,752.0,8.2,308,6.461688179575118,-5.0484240976704
2021-04-02 12:00:00,29.6,62,21.6,0.0,4,787.0,8.7,300,7.534421012924615,-4.3500000000000005
2021-04-02 13:00:00,29.9,60,21.4,0.0,3,775.0,9.5,295,8.609923976848174,-4.014873486536646
2021-04-02 14:00:00,30.0,60,21.3,0.0,2,737.0,9.7,292,8.993683389297837,-3.633683956134346
2021-04-02 15:00:00,29.8,61,21.4,0.0,2,600.0,9.8,294,8.952745484897491,-3.986019102142838
2021-04-02 16:00:00,29.4,62,21.3,0.0,1,431.0,10.0,296,8.98794046299167,-4.383711467890774
2021-04-02 17:00:00,28.6,64,21.2,0.0,0,228.0,10.5,301,9.00025665737218,-5.407899786555569
2021-04-02 18:00:00,27.2,72,21.7,0.0,0,58.0,8.7,308,6.855693556378479,-5.356254835333228
2021-04-02 19:00:00,25.8,80,22.2,0.0,0,0.0,7.9,313,5.777694242791446,-5.387787044493739
2021-04-02 20:00:00,24.9,86,22.4,0.0,0,0.0,6.9,321,4.342310698243882,-5.362307134053097
2021-04-02 21:00:00,24.1,91,22.5,0.0,0,0.0,6.8,335,2.873804179836754,-6.16289295184922
2021-04-02 22:00:00,23.2,94,22.2,0.0,0,0.0,7.0,339,2.508575646817105,-6.535062985480411
2021-04-02 23:00:00,22.4,95,21.6,0.0,0,0.0,6.9,332,3.2393537832226467,-6.092338390726597
2021-04-03 00:00:00,22.1,95,21.2,0.0,21,0.0,6.6,331,3.199743493625823,-5.772490067120012
2021-04-03 01:00:00,21.6,95,20.8,0.0,24,0.0,7.0,339,2.508575646817105,-6.535062985480411
2021-04-03 02:00:00,21.0,96,20.4,0.0,24,0.0,7.9,344,2.177535110954292,-7.59396739791272
2021-04-03 03:00:00,21.2,96,20.6,0.0,27,0.0,8.9,346,2.153104870837044,-8.635631963856369
2021-04-03 04:00:00,21.6,97,21.1,0.0,32,0.0,10.0,347,2.249510543438653,-9.743700647852352
2021-04-03 05:00:00,21.9,97,21.3,0.0,40,0.0,9.8,352,1.3638963894086458,-9.704627073667387
2021-04-03 06:00:00,21.9,97,21.4,0.0,50,0.0,10.9,352,1.5169868004647182,-10.793921949283115
2021-04-03 07:00:00,22.8,95,21.9,0.0,22,45.0,12.0,353,1.4624321208617668,-11.910553819695863
2021-04-03 08:00:00,24.6,84,21.7,0.0,2,205.0,12.8,350,2.222696674136709,-12.605539238556265
2021-04-03 09:00:00,26.6,69,20.5,0.0,0,432.0,13.6,348,2.827598995121534,-13.302807369979757
2021-04-03 10:00:00,27.9,63,20.2,0.0,1,611.0,12.8,344,3.528158154457586,-12.304149708010485
2021-04-03 11:00:00,28.9,59,20.1,0.0,5,728.0,12.4,334,5.435802220184565,-11.14504617410967
2021-04-03 12:00:00,29.5,57,20.2,0.0,5,803.0,12.2,326,6.822153422343108,-10.11425838517151
2021-04-03 13:00:00,29.7,57,20.2,0.0,8,732.0,12.7,317,8.661379172793728,-9.288192010563469
2021-04-03 14:00:00,29.7,57,20.3,0.0,3,725.0,13.8,317,9.411577368862476,-10.092681082344557
2021-04-03 15:00:00,29.0,59,20.1,0.0,1,542.0,13.7,325,7.857997178009336,-11.222383006759184
2021-04-03 16:00:00,28.3,62,20.3,0.0,1,314.0,13.0,336,5.287576359985402,-11.876090949353811
2021-04-03 17:00:00,27.6,65,20.5,0.0,0,212.0,12.6,340,4.309453805903424,-11.840127021902443
2021-04-03 18:00:00,26.4,71,20.8,0.0,0,59.0,11.4,336,4.636797731064122,-10.414418217125652
2021-04-03 19:00:00,25.0,78,20.9,0.0,0,0.0,12.8,338,4.794964395723678,-11.867953338454878
2021-04-03 20:00:00,24.2,82,20.9,0.0,0,0.0,11.4,347,2.564442019520065,-11.10781873855168
2021-04-03 21:00:00,23.7,85,20.9,0.0,0,0.0,10.1,343,2.952954217699645,-9.658678035226655
2021-04-03 22:00:00,23.3,87,20.9,0.0,0,0.0,8.9,346,2.153104870837044,-8.635631963856369
2021-04-03 23:00:00,22.9,90,21.1,0.0,1,0.0,7.6,352,1.0577155672965006,-7.526037322435934
2021-04-04 00:00:00,22.5,93,21.3,0.0,0,0.0,8.4,340,2.8729692039356163,-7.893418014601631
2021-04-04 01:00:00,22.5,94,21.5,0.0,1,0.0,9.4,337,3.6728726077991753,-8.652745622452938
2021-04-04 02:00:00,22.5,96,21.8,0.0,5,0.0,10.1,343,2.952954217699645,-9.658678035226655
2021-04-04 03:00:00,22.7,94,21.7,0.0,6,0.0,10.8,345,2.7952456871072235,-10.431998923921938
2021-04-04 04:00:00,22.6,94,21.6,0.0,12,0.0,11.7,349,2.2324652459055723,-11.485038046337667
2021-04-04 05:00:00,22.6,94,21.5,0.0,14,0.0,12.0,353,1.4624321208617668,-11.910553819695863
2021-04-04 06:00:00,22.6,94,21.6,0.0,17,0.0,11.7,349,2.2324652459055723,-11.485038046337667
2021-04-04 07:00:00,23.2,91,21.7,0.0,17,40.0,13.1,352,1.823167622576863,-12.97251170051457
2021-04-04 08:00:00,24.9,81,21.5,0.0,18,190.0,13.0,354,1.3588700224794945,-12.928784639787551
2021-04-04 09:00:00,26.3,73,21.0,0.0,14,386.0,13.2,349,2.5186787389703893,-12.957478821509165
2021-04-04 10:00:00,27.5,65,20.4,0.0,13,587.0,12.8,350,2.222696674136709,-12.605539238556265
2021-04-04 11:00:00,28.6,60,20.0,0.0,12,740.0,11.9,346,2.878870557636048,-11.54651914268436
2021-04-04 12:00:00,29.2,57,19.8,0.0,9,821.0,12.9,337,5.040431557511633,-11.87451260953648
2021-04-04 13:00:00,29.4,56,19.7,0.0,8,810.0,15.8,336,6.426438960597642,-14.434018230753097
2021-04-04 14:00:00,29.3,56,19.6,0.0,7,677.0,19.0,341,6.185794934685977,-17.96485293638702
2021-04-04 15:00:00,28.2,60,19.7,0.0,7,502.0,20.3,348,4.220607323600525,-19.856396294896253
2021-04-04 16:00:00,27.5,62,19.5,0.0,9,360.0,20.7,352,2.880883189873364,-20.498549022950503
2021-04-04 17:00:00,26.6,64,19.2,0.0,5,207.0,19.6,354,2.048757880046007,-19.49262914921816
2021-04-04 18:00:00,25.4,67,18.9,0.0,4,49.0,18.5,353,2.254582852995224,-18.36210380536446
2021-04-04 19:00:00,24.2,71,18.6,0.0,5,0.0,17.3,356,1.2067869957733734,-17.257858069494958
2021-04-04 20:00:00,23.5,73,18.4,0.0,5,0.0,16.2,356,1.1300548746548351,-16.16053761420915
2021-04-04 21:00:00,22.8,76,18.3,0.0,10,0.0,17.0,356,1.1858600536501358,-16.958588854417012
2021-04-04 22:00:00,22.4,77,18.1,0.0,5,0.0,16.6,359,0.2897099468589071,-16.597471739596095
2021-04-04 23:00:00,22.1,77,17.9,0.0,12,0.0,15.1,357,0.79027293926846,-15.079305974794064
2021-04-05 00:00:00,21.9,78,17.8,0.0,18,0.0,15.2,355,1.3247672897644065,-15.142159410994532
2021-04-05 01:00:00,21.6,78,17.6,0.0,28,0.0,16.3,355,1.4206386067868306,-16.237973578895453
2021-04-05 02:00:00,21.3,78,17.3,0.0,34,0.0,16.6,358,0.5793316452615137,-16.58988772851699
2021-04-05 03:00:00,21.3,74,16.5,0.0,35,0.0,15.8,359,0.2757480217090802,-15.797593583470984
2021-04-05 04:00:00,21.2,73,16.1,0.0,51,0.0,15.5,357,0.8112073217656377,-15.478757788695894
2021-04-05 05:00:00,21.1,71,15.6,0.0,49,0.0,16.6,356,1.1579574641524857,-16.55956323431308
2021-04-05 06:00:00,20.9,70,15.2,0.0,53,0.0,17.7,355,1.5426566466335525,-17.632646156223895
2021-04-05 07:00:00,21.3,66,14.7,0.0,49,40.0,18.7,1,-0.3263600003772016,-18.697151899424515
2021-04-05 08:00:00,22.3,61,14.4,0.0,38,158.0,18.7,2,-0.6526205883367681,-18.68860846525709
2021-04-05 09:00:00,23.7,57,14.7,0.0,43,320.0,17.3,1,-0.3019266313650047,-17.29736512620557
2021-04-05 10:00:00,24.9,56,15.5,0.0,27,507.0,15.1,359,0.2635313372029818,-15.097700196861508
2021-04-05 11:00:00,26.0,53,15.7,0.0,19,701.0,13.4,355,1.1678869528186215,-13.34900895442939
2021-04-05 12:00:00,26.4,51,15.6,0.0,12,716.0,12.1,350,2.1011429497698577,-11.916173811447717
2021-04-05 13:00:00,26.7,50,15.3,0.0,13,696.0,12.1,343,3.5376976271451195,-11.571287547152728
2021-04-05 14:00:00,26.7,49,15.1,0.0,14,665.0,14.0,342,4.326237921249268,-13.31479122813215
2021-04-05 15:00:00,26.3,50,14.9,0.0,6,517.0,16.2,347,3.6442070803706175,-15.784795049520808
2021-04-05 16:00:00,25.8,50,14.6,0.0,5,396.0,18.6,351,2.9096810497482983,-18.37100313506956
2021-04-05 17:00:00,24.9,52,14.4,0.0,1,223.0,19.2,354,2.006946494738945,-19.094820391070847
2021-04-05 18:00:00,23.6,57,14.4,0.0,2,58.0,17.0,355,1.4816476267101917,-16.935309867559674
2021-04-05 19:00:00,22.3,62,14.6,0.0,2,0.0,16.7,354,1.745625336569812,-16.608515652650162
2021-04-05 20:00:00,21.6,65,14.7,0.0,0,0.0,16.3,355,1.4206386067868306,-16.237973578895453
2021-04-05 21:00:00,21.2,67,14.9,0.0,0,0.0,15.5,355,1.350914012588704,-15.441017820422056
2021-04-05 22:00:00,20.9,69,15.1,0.0,0,0.0,14.6,351,2.283943189587374,-14.42024977268901
2021-04-05 23:00:00,20.7,71,15.3,0.0,0,0.0,14.3,350,2.4831689406371047,-14.082750868074577
2021-04-06 00:00:00,20.5,73,15.5,0.0,0,0.0,14.3,350,2.4831689406371047,-14.082750868074577
2021-04-06 01:00:00,20.4,74,15.6,0.0,0,0.0,13.6,349,2.595002337121008,-13.35012969488823
2021-04-06 02:00:00,20.2,75,15.6,0.0,0,0.0,12.9,347,2.9018686010358627,-12.569373835729534
2021-04-06 03:00:00,20.1,76,15.7,0.0,0,0.0,13.4,346,3.2417534010355493,-13.001962732098352
2021-04-06 04:00:00,20.0,76,15.6,0.0,0,0.0,13.6,348,2.827598995121534,-13.302807369979757
2021-04-06 05:00:00,19.9,76,15.5,0.0,0,0.0,12.1,348,2.5157314588948942,-11.835585968879046
2021-04-06 06:00:00,19.9,76,15.6,0.0,1,0.0,9.3,347,2.092044805397948,-9.061641602502688
2021-04-06 07:00:00,20.8,72,15.5,0.0,18,55.0,9.7,345,2.5105447374944503,-9.369480515003962
2021-04-06 08:00:00,22.2,64,15.1,0.0,15,221.0,9.0,344,2.48073620235299,-8.65135526344487
2021-04-06 09:00:00,23.5,58,14.8,0.0,17,400.0,8.5,332,3.990508283680072,-7.505054539300879
2021-04-06 10:00:00,24.7,53,14.5,0.0,14,572.0,9.7,329,4.9958693266275285,-8.314522816810486
2021-04-06 11:00:00,25.4,51,14.5,0.0,5,647.0,10.8,330,5.400000000000005,-9.353074360871934
2021-04-06 12:00:00,26.1,49,14.7,0.0,8,717.0,13.0,336,5.287576359985402,-11.876090949353811
2021-04-06 13:00:00,26.3,49,14.9,0.0,10,689.0,15.5,342,4.789763412811689,-14.74137600257488
2021-04-06 14:00:00,26.5,49,15.0,0.0,8,608.0,16.8,345,4.348159957722348,-16.22755388165635
2021-04-06 15:00:00,26.3,49,14.7,0.0,5,498.0,17.7,348,3.6800369274743496,-17.31321253298836
2021-04-06 16:00:00,25.9,51,14.8,0.0,4,382.0,17.2,349,3.281914720476568,-16.883987555299818
2021-04-06 17:00:00,25.2,53,14.9,0.0,7,228.0,16.2,347,3.6442070803706175,-15.784795049520808
2021-04-06 18:00:00,24.0,58,15.1,0.0,4,58.0,14.3,348,2.973137178693966,-13.98751069049342
2021-04-06 19:00:00,22.7,63,15.4,0.0,3,0.0,15.3,351,2.393447315115536,-15.111631611105606
2021-04-06 20:00:00,21.8,68,15.6,0.0,8,0.0,15.9,354,1.6620025659556894,-15.812898136355546
2021-04-06 21:00:00,21.3,71,15.8,0.0,15,0.0,15.2,356,1.0602984009107097,-15.162973563949327
2021-04-06 22:00:00,21.0,73,16.0,0.0,18,0.0,13.7,357,0.7170026005283379,-13.68122462613766
2021-04-06 23:00:00,20.8,75,16.1,0.0,14,0.0,11.5,358,0.4013442120787595,-11.4929945107196
2021-04-07 00:00:00,20.6,77,16.3,0.0,26,0.0,10.4,358,0.3629547657060086,-10.393664600998596
2021-04-07 01:00:00,20.5,78,16.5,0.0,18,0.0,10.8,358,0.3769145643870089,-10.793420931806237
2021-04-07 02:00:00,20.3,79,16.5,0.0,14,0.0,10.4,360,2.547265342226495e-15,-10.4
2021-04-07 03:00:00,20.2,80,16.6,0.0,17,0.0,9.0,355,0.7844016847289249,-8.96575228282571
2021-04-07 04:00:00,20.0,81,16.6,0.0,5,0.0,8.4,353,1.0237024846032368,-8.337387673787106
2021-04-07 05:00:00,19.8,82,16.7,0.0,3,0.0,9.1,353,1.1090110249868397,-9.03216997993603
2021-04-07 06:00:00,19.7,83,16.7,0.0,2,0.0,9.7,356,0.6766377953180186,-9.676371287520292
2021-04-07 07:00:00,20.6,78,16.5,0.0,3,50.0,10.1,4,-0.7045403848156655,-10.075396907624224
2021-04-07 08:00:00,22.0,69,15.9,0.0,5,176.0,7.6,360,1.8614631347039767e-15,-7.6
2021-04-07 09:00:00,23.5,64,16.2,0.0,5,396.0,4.2,340,1.436484601967808,-3.946709007300816
2021-04-07 10:00:00,24.9,58,16.2,0.0,8,595.0,4.3,294,3.9282454678631846,-1.7489675652259389
2021-04-07 11:00:00,25.8,55,16.1,0.0,38,565.0,5.7,288,5.421022142882376,-1.7613968679371992
2021-04-07 12:00:00,26.3,54,16.3,0.0,53,554.0,7.2,297,6.41524697415625,-3.268731598124736
2021-04-07 13:00:00,26.4,55,16.6,0.0,70,512.0,9.7,301,8.31452281681049,-4.995869326627525
2021-04-07 14:00:00,26.5,56,17.0,0.0,63,531.0,11.7,313,8.556838308944293,-7.979380812731233
2021-04-07 15:00:00,25.8,57,16.8,0.0,78,404.0,12.6,323,7.582869291715808,-10.062807426595889
2021-04-07 16:00:00,25.2,60,16.8,0.0,90,297.0,12.4,334,5.435802220184565,-11.14504617410967
2021-04-07 17:00:00,24.6,61,16.6,0.0,71,143.0,12.6,347,2.834383284732703,-12.277062816293965
2021-04-07 18:00:00,23.9,63,16.4,0.0,54,37.0,12.4,352,1.725746451904817,-12.279324052395472
2021-04-07 19:00:00,23.0,66,16.4,0.0,65,0.0,10.8,4,-0.7533699164365533,-10.773691742806102
2021-04-07 20:00:00,22.6,68,16.5,0.0,55,0.0,9.8,8,-1.363896389408641,-9.70462707366739
2021-04-07 21:00:00,22.2,71,16.6,0.0,36,0.0,9.1,7,-1.109011024986842,-9.032169979936029
2021-04-07 22:00:00,21.7,73,16.7,0.0,35,0.0,9.0,2,-0.3140954703225087,-8.994517443171862
2021-04-07 23:00:00,21.3,76,16.9,0.0,13,0.0,8.3,360,2.0329136865846065e-15,-8.3
2021-04-08 00:00:00,20.7,80,17.1,0.0,11,0.0,7.6,357,0.3977532674463772,-7.589584464134761
2021-04-08 01:00:00,20.3,83,17.3,0.0,7,0.0,7.1,345,1.8376152202278968,-6.858073366652385
2021-04-08 02:00:00,20.1,84,17.3,0.0,7,0.0,7.6,341,2.474317973874391,-7.185941174554808
2021-04-08 03:00:00,20.0,86,17.6,0.0,13,0.0,7.2,342,2.2249223594996232,-6.8476069173251055
2021-04-08 04:00:00,19.7,88,17.6,0.0,11,0.0,7.4,346,1.7902220274375422,-7.180188374442374
2021-04-08 05:00:00,19.5,89,17.6,0.0,14,0.0,6.6,351,1.0324674692655251,-6.5187430479279085
2021-04-08 06:00:00,19.3,90,17.6,0.0,16,0.0,5.4,356,0.3766849582182784,-5.386845871403051
2021-04-08 07:00:00,21.2,81,17.7,0.0,12,43.0,6.5,357,0.3401837155791384,-6.49109197590473
2021-04-08 08:00:00,22.9,70,17.1,0.0,25,192.0,8.8,351,1.3766232923540338,-8.691657397237211
2021-04-08 09:00:00,23.9,66,17.2,0.0,49,336.0,8.9,339,3.189474750953177,-8.308865795825094
2021-04-08 10:00:00,25.0,61,16.9,0.0,49,479.0,9.8,336,3.986019102142842,-8.95274548489749
2021-04-08 11:00:00,25.7,58,16.7,0.0,56,491.0,10.2,337,3.985457510590593,-9.38914950521489
2021-04-08 12:00:00,26.1,56,16.6,0.0,69,482.0,11.6,330,5.800000000000005,-10.045894683899483
2021-04-08 13:00:00,26.3,56,16.9,0.0,86,374.0,14.9,328,7.895797037074755,-12.635916632730746
2021-04-08 14:00:00,26.5,57,17.2,0.0,83,514.0,17.7,331,8.581130278360163,-15.480768816367306
2021-04-08 15:00:00,26.5,57,17.2,0.0,96,453.0,20.4,339,7.310706170724135,-19.04504070054291
2021-04-08 16:00:00,25.6,60,17.3,0.0,85,254.0,22.3,350,3.872354361972548,-21.96121289217224
2021-04-08 17:00:00,24.3,66,17.6,0.0,82,97.0,22.4,355,1.952288637547546,-22.314761237255095
2021-04-08 18:00:00,23.2,71,17.7,0.0,63,32.0,19.5,355,1.6995369835793372,-19.42579661278904
2021-04-08 19:00:00,22.2,77,17.9,0.0,34,0.0,20.7,353,2.5226954084865474,-20.545705338975367
2021-04-08 20:00:00,21.4,81,18.0,0.0,30,0.0,22.8,355,1.9871509346466096,-22.7132391164918
2021-04-08 21:00:00,20.9,83,18.0,0.0,34,0.0,21.6,360,5.290474172316566e-15,-21.6
2021-04-08 22:00:00,20.6,84,17.8,0.0,35,0.0,19.8,1,-0.3455576474582135,-19.79698436409655
2021-04-08 23:00:00,20.4,84,17.6,0.0,30,0.0,17.6,359,0.3071623532961907,-17.59731943475249
2021-04-09 00:00:00,20.1,84,17.3,0.0,32,0.0,17.3,358,0.6037612929532643,-17.289461307430358
2021-04-09 01:00:00,20.0,83,17.0,0.0,27,0.0,16.2,3,-0.8478424911356901,-16.177798463024097
2021-04-09 02:00:00,19.9,83,16.9,0.0,25,0.0,13.7,360,3.355532229663748e-15,-13.7
2021-04-09 03:00:00,19.6,82,16.4,0.0,48,0.0,15.3,352,2.129348444689008,-15.151101451746026
2021-04-09 04:00:00,19.6,82,16.4,0.0,54,0.0,17.3,358,0.6037612929532643,-17.289461307430358
2021-04-09 05:00:00,19.5,82,16.3,0.0,62,0.0,16.3,6,-1.7038139512627517,-16.210706894502856
2021-04-09 06:00:00,19.6,81,16.3,0.0,74,0.0,14.5,7,-1.7671054793746384,-14.391919198799169
2021-04-09 07:00:00,20.4,77,16.3,0.0,81,30.0,15.9,3,-0.832141704262807,-15.878209602597725
2021-04-09 08:00:00,21.4,72,16.2,0.0,100,98.0,17.3,4,-1.2067869957733677,-17.257858069494958
2021-04-09 09:00:00,22.5,68,16.3,0.0,94,195.0,17.3,2,-0.6037612929532667,-17.289461307430358
2021-04-09 10:00:00,23.7,64,16.4,0.0,67,422.0,19.2,354,2.006946494738945,-19.094820391070847
2021-04-09 11:00:00,23.8,64,16.5,0.3,87,260.0,19.2,355,1.6733902607550395,-19.126938203361515
2021-04-09 12:00:00,24.6,61,16.5,0.0,54,465.0,18.8,357,0.983915977367354,-18.77423525338599
2021-04-09 13:00:00,24.9,59,16.4,0.0,51,420.0,19.1,357,0.9996167642402376,-19.07382411381236
2021-04-09 14:00:00,24.9,59,16.3,0.0,66,366.0,18.8,357,0.983915977367354,-18.77423525338599
2021-04-09 15:00:00,24.2,60,16.0,0.0,86,95.0,18.4,357,0.9629815948701764,-18.37478343948416
2021-04-09 16:00:00,23.4,63,15.9,0.0,100,21.0,18.0,357,0.9420472123729986,-17.975331625582328
2021-04-09 17:00:00,22.6,67,16.0,0.1,99,5.0,17.3,359,0.3019266313650056,-17.29736512620557
2021-04-09 18:00:00,21.6,72,16.4,0.3,100,0.0,16.2,356,1.1300548746548351,-16.16053761420915
2021-04-09 19:00:00,20.9,77,16.7,0.3,98,0.0,15.2,356,1.0602984009107097,-15.162973563949327
2021-04-09 20:00:00,20.5,80,16.9,0.3,67,0.0,14.5,353,1.7671054793746348,-14.39191919879917
2021-04-09 21:00:00,20.3,81,16.9,0.0,61,0.0,14.1,356,0.9835662797921716,-14.06565310866352
2021-04-09 22:00:00,20.0,82,16.8,0.0,51,0.0,14.1,357,0.7379369830255156,-14.080676440039491
2021-04-09 23:00:00,20.0,82,16.7,0.0,43,0.0,14.8,357,0.7745721523955768,-14.779717114367694
2021-04-10 00:00:00,19.8,82,16.6,0.0,40,0.0,15.2,356,1.0602984009107097,-15.162973563949327
2021-04-10 01:00:00,19.6,82,16.5,0.0,49,0.0,15.5,356,1.0812253430339474,-15.462242779027276
2021-04-10 02:00:00,19.6,82,16.5,0.0,44,0.0,15.1,357,0.79027293926846,-15.079305974794064
2021-04-10 03:00:00,19.5,81,16.2,0.0,42,0.0,14.4,1,-0.2513146526968826,-14.397806810252035
2021-04-10 04:00:00,19.5,82,16.3,0.0,32,0.0,13.0,3,-0.6803674311582698,-12.98218395180946
2021-04-10 05:00:00,19.5,82,16.4,0.0,30,0.0,13.3,2,-0.4641633061432629,-13.291897999353974
2021-04-10 06:00:00,19.6,83,16.5,0.3,57,0.0,15.1,359,0.2635313372029818,-15.097700196861508
2021-04-10 07:00:00,20.3,80,16.7,0.0,49,37.0,13.9,10,-2.4137096695703315,-13.688827766869691
2021-04-10 08:00:00,21.6,73,16.6,0.0,47,135.0,12.7,8,-1.767498382192831,-12.576404473017943
2021-04-10 09:00:00,23.3,65,16.4,0.0,41,312.0,12.3,355,1.0720156357961974,-12.253194786528471
2021-04-10 10:00:00,24.5,62,16.7,0.0,35,491.0,13.1,344,3.610849361202686,-12.592528216791978
2021-04-10 11:00:00,25.5,59,16.9,0.0,33,562.0,14.2,344,3.914050452601385,-13.649916082324127
2021-04-10 12:00:00,26.3,57,17.1,0.0,33,674.0,14.8,346,3.5804440548750844,-14.360376748884748
2021-04-10 13:00:00,26.6,57,17.3,0.0,33,577.0,15.2,346,3.6772128131149513,-14.748495039395143
2021-04-10 14:00:00,26.7,57,17.4,0.0,31,577.0,16.4,345,4.244632339681339,-15.84118355114072
2021-04-10 15:00:00,26.9,55,17.1,0.0,27,521.0,17.7,347,3.981633661886416,-17.24635014669866
2021-04-10 16:00:00,26.2,58,17.2,0.0,25,328.0,19.4,350,3.368774646738449,-19.105270408436837
2021-04-10 17:00:00,25.1,62,17.4,0.0,28,191.0,20.3,353,2.4739476711244888,-20.14868687831884
2021-04-10 18:00:00,23.9,67,17.4,0.0,14,42.0,19.8,357,1.0362519336102984,-19.772864788140563
2021-04-10 19:00:00,22.9,71,17.4,0.0,20,0.0,18.7,1,-0.3263600003772016,-18.697151899424515
2021-04-10 20:00:00,22.3,75,17.5,0.0,20,0.0,16.3,5,-1.4206386067868282,-16.237973578895453
2021-04-10 21:00:00,21.9,77,17.6,0.0,14,0.0,14.0,360,3.429011037612589e-15,-14.0
2021-04-10 22:00:00,21.6,79,17.8,0.0,18,0.0,12.7,353,1.5477406612453697,-12.60533612584479
2021-04-10 23:00:00,21.2,82,18.0,0.0,13,0.0,11.4,349,2.175222547292609,-11.19054989130337
2021-04-11 00:00:00,21.0,84,18.2,0.0,13,0.0,11.7,351,1.830283240970704,-11.55595358496311
2021-04-11 01:00:00,20.8,86,18.3,0.0,15,0.0,12.6,355,1.0981623586204947,-12.552053195955994
2021-04-11 02:00:00,20.5,87,18.4,0.0,23,0.0,12.3,7,-1.498992923883314,-12.20831766518826
2021-04-11 03:00:00,20.4,88,18.3,0.0,26,0.0,10.0,13,-2.24951054343865,-9.743700647852352
2021-04-11 04:00:00,20.3,89,18.3,0.0,32,0.0,9.4,7,-1.1455718280083864,-9.329933825428428
2021-04-11 05:00:00,20.0,91,18.4,0.0,43,0.0,9.7,4,-0.6766377953180154,-9.676371287520292
2021-04-11 06:00:00,20.0,91,18.5,0.0,29,0.0,10.4,358,0.3629547657060086,-10.393664600998596
2021-04-11 07:00:00,21.1,86,18.6,0.0,31,44.0,10.2,8,-1.419565629792667,-10.100734301164016
2021-04-11 08:00:00,22.8,76,18.4,0.0,41,151.0,11.2,4,-0.7812725059342034,-11.17271736291003
2021-04-11 09:00:00,24.3,69,18.2,0.0,31,320.0,10.8,2,-0.3769145643870105,-10.793420931806237
2021-04-11 10:00:00,25.5,64,18.3,0.0,26,515.0,8.7,355,0.7582549619046273,-8.666893873398186
2021-04-11 11:00:00,26.5,62,18.6,0.0,36,575.0,6.8,328,3.603450996785794,-5.766727053863695
2021-04-11 12:00:00,27.2,60,18.7,0.0,30,727.0,8.7,308,6.855693556378479,-5.356254835333228
2021-04-11 13:00:00,27.4,59,18.7,0.0,29,645.0,10.5,311,7.924450592339109,-6.888619804400324
2021-04-11 14:00:00,27.2,60,18.8,0.0,41,568.0,10.5,319,6.888619804400328,-7.924450592339105
2021-04-11 15:00:00,27.0,61,18.9,0.0,19,529.0,10.2,328,5.405176495178691,-8.650090580795544
2021-04-11 16:00:00,26.7,62,18.8,0.0,26,301.0,10.9,333,4.948496447161062,-9.71197111365321
2021-04-11 17:00:00,26.1,65,18.9,0.0,20,144.0,13.8,340,4.719877977894227,-12.967758166845536
2021-04-11 18:00:00,24.9,70,19.0,0.0,17,37.0,15.1,342,4.66615661506171,-14.360953396056818
2021-04-11 19:00:00,23.8,75,19.1,0.0,19,0.0,13.8,354,1.442492793093617,-13.724402156082173
2021-04-11 20:00:00,23.1,78,19.1,0.0,10,0.0,11.9,360,2.9146593819707008e-15,-11.9
2021-04-11 21:00:00,22.6,81,19.2,0.0,13,0.0,9.4,356,0.655710853194781,-9.377102072442348
2021-04-11 22:00:00,22.2,84,19.3,0.0,6,0.0,8.1,347,1.8221035401853087,-7.892397524760404
2021-04-11 23:00:00,21.9,86,19.5,0.0,6,0.0,6.7,344,1.8467702839738929,-6.440453362786736
2021-04-12 00:00:00,21.6,88,19.6,0.0,7,0.0,6.6,338,2.4724035165450213,-6.119413440140796
2021-04-12 01:00:00,21.2,91,19.7,0.0,6,0.0,7.0,325,4.015035054457325,-5.734064310022941
2021-04-12 02:00:00,20.7,94,19.6,0.0,4,0.0,6.1,320,3.921004419087891,-4.672871103025765
2021-04-12 03:00:00,21.2,91,19.7,0.0,3,0.0,5.4,318,3.613305274337834,-4.012982057577929
2021-04-12 04:00:00,20.8,93,19.7,0.0,26,0.0,5.2,326,2.907803098047882,-4.3109953772862175
2021-04-12 05:00:00,19.6,97,19.1,0.0,31,0.0,6.7,344,1.8467702839738929,-6.440453362786736
2021-04-12 06:00:00,19.7,97,19.2,0.0,33,0.0,7.2,354,0.7526049355271046,-7.160557646651568
2021-04-12 07:00:00,21.7,93,20.4,0.0,19,44.0,8.0,352,1.113384807680527,-7.922144549932562
2021-04-12 08:00:00,23.8,79,20.0,0.0,7,208.0,7.6,352,1.0577155672965006,-7.526037322435934
2021-04-12 09:00:00,25.2,69,19.2,0.0,13,381.0,6.2,339,2.2218812871808646,-5.78819864428265
2021-04-12 10:00:00,26.2,64,18.9,0.0,8,464.0,7.1,319,4.658019105832603,-5.35843801958168
2021-04-12 11:00:00,27.1,61,18.8,0.0,10,635.0,8.2,311,6.188618557826731,-5.379684037722157
2021-04-12 12:00:00,27.7,59,18.9,0.0,4,673.0,8.7,308,6.855693556378479,-5.356254835333228
2021-04-12 13:00:00,28.0,58,18.8,0.0,1,691.0,9.8,306,7.928366544874486,-5.760295472466235
2021-04-12 14:00:00,28.1,57,18.7,0.0,0,681.0,10.2,312,7.580077219869424,-6.825132184860349
2021-04-12 15:00:00,27.7,58,18.6,0.0,1,559.0,11.0,319,7.216649318895581,-8.30180538245049
2021-04-12 16:00:00,27.5,59,18.6,0.0,11,404.0,11.0,328,5.829111906565255,-9.328529057720685
2021-04-12 17:00:00,26.9,60,18.6,0.0,19,205.0,10.6,332,4.976398565530443,-9.359244484304623
2021-04-12 18:00:00,26.0,64,18.7,0.0,17,60.0,9.3,332,4.366085533908785,-8.211412613588022
2021-04-12 19:00:00,24.7,71,19.1,0.0,18,0.0,8.5,332,3.990508283680072,-7.505054539300879
2021-04-12 20:00:00,23.9,76,19.4,0.0,16,0.0,7.4,337,2.891410350820627,-6.811735915548058
2021-04-12 21:00:00,23.3,80,19.6,0.0,4,0.0,6.8,342,2.101315561749644,-6.467184310807044
2021-04-12 22:00:00,22.6,84,19.9,0.0,0,0.0,6.4,333,2.9055391983331007,-5.702441754805554
2021-04-12 23:00:00,21.6,91,20.2,0.0,0,0.0,6.7,306,5.420413862312149,-3.938161190359569
2021-04-13 00:00:00,22.1,89,20.2,0.0,0,0.0,5.4,266,5.386845871403051,0.3766849582182781
2021-04-13 01:00:00,21.6,92,20.3,0.0,0,0.0,5.6,220,3.59961061424462,4.289848881466277
2021-04-13 02:00:00,20.4,96,19.7,0.0,5,0.0,5.7,198,1.7613968679371996,5.421022142882376
2021-04-13 03:00:00,20.7,94,19.7,0.0,21,0.0,5.9,191,1.125773072721614,5.791600382341218
2021-04-13 04:00:00,20.8,94,19.8,0.0,21,0.0,5.8,210,2.9000000000000004,5.022947341949744
2021-04-13 05:00:00,21.1,93,20.0,0.0,21,0.0,5.1,231,3.96344440343055,3.2095339943541727
2021-04-13 06:00:00,22.5,91,20.9,0.0,3,0.0,4.0,297,3.564026096753472,-1.8159619989581863
2021-04-13 07:00:00,23.0,90,21.4,0.0,0,65.0,3.4,342,1.050657780874822,-3.233592155403522
2021-04-13 08:00:00,25.3,78,21.2,0.0,0,238.0,3.6,315,2.545584412271572,-2.5455844122715705
2021-04-13 09:00:00,26.6,71,20.8,0.0,0,437.0,5.5,293,5.062776693988423,-2.149021206691004
2021-04-13 10:00:00,27.8,65,20.6,0.0,32,602.0,8.1,302,6.869189578867051,-4.292346040288957
2021-04-13 11:00:00,28.4,63,20.6,0.1,49,703.0,9.3,306,7.523858047687013,-5.466402846319999
2021-04-13 12:00:00,28.7,62,20.6,0.0,76,697.0,9.8,306,7.928366544874486,-5.760295472466235
2021-04-13 13:00:00,29.2,60,20.6,0.0,79,712.0,11.0,308,8.66811828967394,-6.772276228582244
2021-04-13 14:00:00,29.1,59,20.4,0.0,89,595.0,13.2,315,9.333809511662428,-9.333809511662423
2021-04-13 15:00:00,28.8,61,20.5,0.0,80,399.0,15.4,323,9.267951356541545,-12.29898685472831
2021-04-13 16:00:00,28.5,62,20.5,0.0,87,352.0,16.6,336,6.751828275058283,-15.164854596867178
2021-04-13 17:00:00,27.6,66,20.7,0.0,95,180.0,16.4,345,4.244632339681339,-15.84118355114072
2021-04-13 18:00:00,26.5,72,21.0,0.0,53,44.0,14.3,342,4.418943019561752,-13.600108183020696
2021-04-13 19:00:00,25.2,78,21.1,0.0,44,0.0,13.5,351,2.1118652780431195,-13.33379259803436
2021-04-13 20:00:00,24.3,82,21.1,0.0,46,0.0,13.3,360,3.25756048573196e-15,-13.3
2021-04-13 21:00:00,23.6,85,21.0,0.0,46,0.0,12.6,2,-0.4397336584515122,-12.592324420440606
2021-04-13 22:00:00,23.2,87,20.9,0.0,44,0.0,11.5,2,-0.4013442120787611,-11.4929945107196
2021-04-13 23:00:00,22.8,88,20.8,0.0,44,0.0,10.4,360,2.547265342226495e-15,-10.4
2021-04-14 00:00:00,22.5,90,20.8,0.0,44,0.0,9.7,356,0.6766377953180186,-9.676371287520292
2021-04-14 01:00:00,22.3,91,20.8,0.0,42,0.0,10.5,352,1.4613175600806918,-10.397814721786489
2021-04-14 02:00:00,22.1,92,20.8,0.0,64,0.0,11.6,355,1.0110066158728364,-11.555858497864248
2021-04-14 03:00:00,21.9,94,20.9,0.0,76,0.0,12.3,357,0.6437322617882157,-12.283143277481258
2021-04-14 04:00:00,21.7,95,20.8,0.0,88,0.0,12.2,360,2.9881381899195417e-15,-12.2
2021-04-14 05:00:00,21.6,95,20.7,0.0,80,0.0,12.6,358,0.4397336584515103,-12.592324420440606
2021-04-14 06:00:00,21.5,95,20.7,0.0,52,0.0,14.0,359,0.2443336901219698,-13.997867732189478
2021-04-14 07:00:00,22.2,91,20.6,0.0,53,30.0,14.1,3,-0.737936983025508,-14.080676440039491
2021-04-14 08:00:00,23.5,82,20.3,0.0,55,124.0,12.6,3,-0.6594330486610923,-12.58273213790763
2021-04-14 09:00:00,25.1,74,20.0,0.0,48,292.0,12.3,353,1.498992923883311,-12.208317665188265
2021-04-14 10:00:00,26.6,66,19.7,0.0,41,443.0,13.4,346,3.2417534010355493,-13.001962732098352
2021-04-14 11:00:00,27.6,62,19.6,0.0,35,656.0,14.9,345,3.856403772027558,-14.39229481170712
2021-04-14 12:00:00,28.0,61,19.7,0.0,29,745.0,15.7,344,4.327506486326883,-15.091808626231606
2021-04-14 13:00:00,28.3,59,19.5,0.0,28,658.0,16.9,344,4.6582713133072815,-16.245322661357587
2021-04-14 14:00:00,28.3,59,19.4,0.0,28,668.0,17.9,345,4.63286090733512,-17.290072290574322
2021-04-14 15:00:00,27.6,58,18.7,0.0,34,463.0,18.7,349,3.568128213541385,-18.35642833047132
2021-04-14 16:00:00,27.1,59,18.5,0.0,23,323.0,18.9,352,2.630371608145245,-18.716066499215675
2021-04-14 17:00:00,26.4,62,18.4,0.0,24,196.0,19.6,354,2.048757880046007,-19.49262914921816
2021-04-14 18:00:00,25.2,66,18.4,0.0,28,55.0,19.4,350,3.368774646738449,-19.105270408436837
2021-04-14 19:00:00,24.0,71,18.5,0.0,33,0.0,19.2,355,1.6733902607550395,-19.126938203361515
2021-04-14 20:00:00,23.1,76,18.6,0.0,34,0.0,18.4,356,1.2835191168919116,-18.355178524780765
2021-04-14 21:00:00,22.5,78,18.6,0.0,31,0.0,16.7,354,1.745625336569812,-16.608515652650162
2021-04-14 22:00:00,22.1,81,18.6,0.0,29,0.0,15.4,349,2.938458528798788,-15.117058625094026
2021-04-14 23:00:00,21.9,82,18.6,0.0,42,0.0,15.0,349,2.86213493064817,-14.72440775171496
2021-04-15 00:00:00,21.7,83,18.6,0.0,56,0.0,14.6,351,2.283943189587374,-14.42024977268901
2021-04-15 01:00:00,21.5,84,18.6,0.0,94,0.0,13.3,357,0.6960682180311601,-13.281772812235833
2021-04-15 02:00:00,21.4,84,18.6,0.0,100,0.0,11.9,358,0.4153040107597598,-11.89275084152724
2021-04-15 03:00:00,21.2,84,18.5,0.0,100,0.0,11.2,354,1.1707187885977182,-11.13864522812466
2021-04-15 04:00:00,21.1,86,18.6,0.1,87,0.0,10.4,358,0.3629547657060086,-10.393664600998596
2021-04-15 05:00:00,21.0,87,18.7,0.0,83,0.0,9.7,358,0.3385251180142579,-9.694091022085228
2021-04-15 06:00:00,21.1,87,18.9,0.0,49,0.0,11.2,354,1.1707187885977182,-11.13864522812466
2021-04-15 07:00:00,22.0,84,19.1,0.0,41,38.0,12.4,352,1.725746451904817,-12.279324052395472
2021-04-15 08:00:00,23.4,76,19.0,0.0,35,159.0,13.8,351,2.158795617555189,-13.6300991002129
2021-04-15 09:00:00,24.7,70,18.8,0.0,38,253.0,14.3,348,2.973137178693966,-13.98751069049342
2021-04-15 10:00:00,25.9,65,18.9,0.0,31,357.0,14.3,348,2.973137178693966,-13.98751069049342
2021-04-15 11:00:00,27.2,61,19.0,0.0,24,621.0,14.4,347,3.2392951825516607,-14.030928932907386
2021-04-15 12:00:00,27.8,60,19.2,0.0,22,608.0,15.7,344,4.327506486326883,-15.091808626231606
2021-04-15 13:00:00,28.2,59,19.4,0.0,11,696.0,18.7,344,5.15441855377788,-17.975593714046564
2021-04-15 14:00:00,28.3,58,19.3,0.0,8,653.0,21.9,346,5.298089513632726,-21.249476405444323
2021-04-15 15:00:00,27.6,60,19.2,0.0,11,538.0,22.6,351,3.535418909909223,-22.321756497450117
2021-04-15 16:00:00,27.1,61,19.0,0.0,16,393.0,22.1,353,2.6933124892537537,-21.93526995127322
2021-04-15 17:00:00,26.4,63,18.9,0.0,14,208.0,21.3,356,1.485812890749876,-21.248114270534256
2021-04-15 18:00:00,25.1,69,19.0,0.0,8,53.0,20.0,353,2.4373868681029447,-19.850923032826444
2021-04-15 19:00:00,23.8,75,19.1,0.0,8,0.0,20.0,352,2.783462019201317,-19.805361374831406
2021-04-15 20:00:00,23.0,79,19.2,0.0,10,0.0,19.6,354,2.048757880046007,-19.49262914921816
2021-04-15 21:00:00,22.6,81,19.2,0.0,8,0.0,16.2,356,1.1300548746548351,-16.16053761420915
2021-04-15 22:00:00,22.3,83,19.3,0.0,4,0.0,13.1,352,1.823167622576863,-12.97251170051457
2021-04-15 23:00:00,22.1,85,19.5,0.0,4,0.0,12.7,345,3.2870018728020125,-12.267257993871167
2021-04-16 00:00:00,21.9,87,19.7,0.0,9,0.0,13.3,347,2.991849022773409,-12.959121861643627
2021-04-16 01:00:00,21.7,89,19.8,0.0,19,0.0,12.7,353,1.5477406612453697,-12.60533612584479
2021-04-16 02:00:00,21.6,89,19.7,0.0,12,0.0,11.9,355,1.037153338697134,-11.854716907291772
2021-04-16 03:00:00,21.4,89,19.6,0.0,10,0.0,12.7,352,1.7674983821928365,-12.57640447301794
2021-04-16 04:00:00,21.3,90,19.6,0.0,11,0.0,13.8,353,1.681796938991032,-13.697136892650246
2021-04-16 05:00:00,21.2,91,19.7,0.0,8,0.0,14.4,356,1.0044932219154092,-14.36492232374147
2021-04-16 06:00:00,21.1,91,19.6,0.0,8,1.0,14.1,357,0.7379369830255156,-14.080676440039491
2021-04-16 07:00:00,22.2,85,19.5,0.0,6,62.0,14.0,360,3.429011037612589e-15,-14.0
2021-04-16 08:00:00,23.8,75,19.0,0.0,5,218.0,12.6,360,3.08610993385133e-15,-12.6
2021-04-16 09:00:00,25.4,66,18.7,0.0,1,437.0,10.2,352,1.419565629792672,-10.100734301164016
2021-04-16 10:00:00,26.9,60,18.3,0.0,1,621.0,8.6,338,3.221616703376846,-7.97378114927437
2021-04-16 11:00:00,27.9,56,18.2,0.0,5,698.0,7.7,319,5.051654523226907,-5.811263767715344
2021-04-16 12:00:00,28.6,54,18.2,0.0,5,827.0,7.8,304,6.466493065929325,-4.361704647071827
2021-04-16 13:00:00,28.8,53,18.3,0.0,5,800.0,10.2,302,8.650090580795545,-5.405176495178687
2021-04-16 14:00:00,28.8,53,18.4,0.0,9,749.0,11.8,310,9.039324428803942,-7.584893794301164
2021-04-16 15:00:00,28.3,55,18.4,0.0,15,541.0,14.0,318,9.367828489024014,-10.40402755668352
2021-04-16 16:00:00,27.3,59,18.6,0.0,16,243.0,15.3,330,7.650000000000007,-13.250188677901908
2021-04-16 17:00:00,26.5,62,18.7,0.0,17,160.0,14.8,346,3.5804440548750844,-14.360376748884748
2021-04-16 18:00:00,25.7,66,18.9,0.0,18,51.0,14.6,350,2.535263393937184,-14.378193193978236
2021-04-16 19:00:00,25.0,70,19.1,0.0,14,0.0,13.1,351,2.0492914920270278,-12.938717261796302
2021-04-16 20:00:00,24.3,74,19.4,0.0,7,0.0,13.1,352,1.823167622576863,-12.97251170051457
2021-04-16 21:00:00,23.7,78,19.6,0.0,7,0.0,11.5,356,0.8021994480574448,-11.47198657798798
2021-04-16 22:00:00,23.4,80,19.8,0.0,5,0.0,10.9,354,1.1393602496174222,-10.84028865951418
2021-04-16 23:00:00,23.0,83,20.0,0.0,2,0.0,11.7,351,1.830283240970704,-11.55595358496311
2021-04-17 00:00:00,22.7,86,20.2,0.0,7,0.0,11.9,355,1.037153338697134,-11.854716907291772
2021-04-17 01:00:00,22.5,88,20.3,0.0,14,0.0,10.4,360,2.547265342226495e-15,-10.4
2021-04-17 02:00:00,22.3,88,20.3,0.0,16,0.0,8.0,5,-0.6972459419812653,-7.969557584733964
2021-04-17 03:00:00,22.1,89,20.1,0.0,23,0.0,7.6,357,0.3977532674463772,-7.589584464134761
2021-04-17 04:00:00,21.8,91,20.2,0.0,30,0.0,10.2,350,1.7712114122026898,-10.04503908072452
2021-04-17 05:00:00,21.8,91,20.3,0.0,32,0.0,11.9,355,1.037153338697134,-11.854716907291772
2021-04-17 06:00:00,21.8,91,20.3,0.0,20,1.0,13.3,347,2.991849022773409,-12.959121861643627
2021-04-17 07:00:00,23.0,84,20.2,0.0,44,54.0,15.5,356,1.0812253430339474,-15.462242779027276
2021-04-17 08:00:00,24.5,75,19.7,0.0,31,201.0,16.9,1,-0.2949456687900913,-16.89742604814301
2021-04-17 09:00:00,25.9,67,19.2,0.0,15,360.0,15.5,1,-0.2705122997778944,-15.497639274924063
2021-04-17 10:00:00,27.2,60,18.8,0.0,14,484.0,14.9,353,1.8158532167366936,-14.7889376594557
2021-04-17 11:00:00,28.3,56,18.7,0.0,7,698.0,17.1,345,4.425805671253104,-16.51733162954307
2021-04-17 12:00:00,28.9,54,18.7,0.0,6,736.0,18.3,345,4.736388525376129,-17.67644262108995
2021-04-17 13:00:00,29.1,53,18.6,0.0,9,768.0,18.3,344,5.044163611451081,-17.591089035671235
2021-04-17 14:00:00,29.2,52,18.4,0.0,21,662.0,19.4,345,5.021089474988901,-18.738961030007925
2021-04-17 15:00:00,28.9,52,18.0,0.0,17,542.0,18.8,348,3.908739787373886,-18.389174893795545
2021-04-17 16:00:00,28.4,53,17.8,0.0,13,350.0,18.1,353,2.205835115633165,-17.96508534470793
2021-04-17 17:00:00,27.5,55,17.8,0.0,10,198.0,17.3,355,1.507794349534489,-17.234168276987198
2021-04-17 18:00:00,26.4,59,17.8,0.0,5,57.0,15.2,355,1.3247672897644065,-15.142159410994532
2021-04-17 19:00:00,25.4,63,17.9,0.0,6,0.0,14.0,359,0.2443336901219698,-13.997867732189478
2021-04-17 20:00:00,24.6,67,18.0,0.0,15,0.0,11.9,358,0.4153040107597598,-11.89275084152724
2021-04-17 21:00:00,24.2,69,18.2,0.0,13,0.0,9.7,358,0.3385251180142579,-9.694091022085228
2021-04-17 22:00:00,23.9,72,18.5,0.0,19,0.0,8.6,360,2.1063924945334478e-15,-8.6
2021-04-17 23:00:00,23.7,74,18.9,0.0,15,0.0,5.1,352,0.709782814896336,-5.050367150582008
2021-04-18 00:00:00,23.6,77,19.3,0.0,16,0.0,2.6,326,1.453901549023941,-2.1554976886431088
2021-04-18 01:00:00,22.9,82,19.8,0.0,27,0.0,2.3,231,1.7874357113510322,1.447436899414627
2021-04-18 02:00:00,23.1,83,20.1,0.0,40,0.0,4.2,211,2.163159914622228,3.600102662948872
2021-04-18 03:00:00,23.4,79,19.5,0.0,42,0.0,4.9,234,3.9641832724372414,2.880147736233119
2021-04-18 04:00:00,23.6,79,19.8,0.0,55,0.0,5.1,262,5.050367150582008,0.7097828148963357
2021-04-18 05:00:00,23.8,79,20.0,0.0,61,0.0,3.2,270,3.2,5.878304635907295e-16
2021-04-18 06:00:00,23.8,80,20.2,0.0,64,1.0,5.4,217,3.2498011250210617,4.312631754255381
2021-04-18 07:00:00,24.2,82,20.9,0.0,42,37.0,1.1,180,-1.3471114790620887e-16,1.1
2021-04-18 08:00:00,25.5,73,20.2,0.0,61,146.0,2.0,225,1.414213562373095,1.4142135623730954
2021-04-18 09:00:00,26.1,70,20.1,0.1,53,263.0,3.2,243,2.851220877402777,1.45276959916655
2021-04-18 10:00:00,27.1,66,20.1,0.0,42,432.0,5.1,262,5.050367150582008,0.7097828148963357
2021-04-18 11:00:00,27.5,64,20.1,0.0,38,492.0,6.5,276,6.464392319893777,-0.6794350112397444
2021-04-18 12:00:00,27.5,64,20.1,0.0,40,524.0,7.6,289,7.1859411745548085,-2.474317973874388
2021-04-18 13:00:00,27.5,63,20.0,0.0,63,535.0,7.2,297,6.41524697415625,-3.268731598124736
2021-04-18 14:00:00,27.7,62,19.7,0.0,20,437.0,8.9,313,6.509047944410616,-6.069785404556238
2021-04-18 15:00:00,27.5,60,19.1,0.0,27,377.0,10.3,324,6.054188098612476,-8.332875042061959
2021-04-18 16:00:00,26.8,61,18.7,0.0,44,224.0,12.1,337,4.727846654720214,-11.138108726774528
2021-04-18 17:00:00,26.1,63,18.5,0.0,53,123.0,10.9,354,1.1393602496174222,-10.84028865951418
2021-04-18 18:00:00,25.4,65,18.4,0.0,39,39.0,8.3,5,-0.7233926648055629,-8.268415994161488
2021-04-18 19:00:00,24.8,69,18.8,0.0,41,0.0,5.7,18,-1.7613968679372003,-5.421022142882375
2021-04-18 20:00:00,24.3,73,19.2,0.0,41,0.0,3.4,18,-1.0506577808748212,-3.233592155403522
2021-04-18 21:00:00,23.8,74,18.8,0.2,44,0.0,2.5,8,-0.3479327524001636,-2.475670171853926
2021-04-18 22:00:00,23.3,77,19.1,0.0,35,0.0,1.6,27,-0.7263847995832748,-1.4256104387013888
2021-04-18 23:00:00,22.9,79,19.1,0.0,37,0.0,0.5,135,-0.3535533905932738,0.3535533905932737
2021-04-19 00:00:00,22.5,81,19.1,0.0,38,0.0,1.1,198,0.339918693812442,1.046162167924669
2021-04-19 01:00:00,22.3,80,18.7,0.0,42,0.0,1.9,248,1.7616493236768958,0.7117525274902333
2021-04-19 02:00:00,21.9,81,18.6,0.0,38,0.0,1.5,284,1.4554435894139948,-0.3628828433995011
2021-04-19 03:00:00,22.6,79,18.7,0.0,53,0.0,1.0,225,0.7071067811865475,0.7071067811865477
2021-04-19 04:00:00,22.3,80,18.6,0.0,54,0.0,2.4,207,1.089577199374912,2.138415658052083
2021-04-19 05:00:00,22.3,79,18.5,0.0,49,0.0,3.2,243,2.851220877402777,1.45276959916655
2021-04-19 06:00:00,22.6,77,18.3,0.0,42,1.0,4.0,297,3.564026096753472,-1.8159619989581863
2021-04-19 07:00:00,22.9,73,17.7,0.0,42,52.0,3.4,342,1.050657780874822,-3.233592155403522
2021-04-19 08:00:00,23.7,69,17.8,0.0,37,144.0,4.0,350,0.6945927106677215,-3.939231012048832
2021-04-19 09:00:00,24.9,64,17.6,0.0,47,320.0,2.1,301,1.800051331474436,-1.0815799573111138
2021-04-19 10:00:00,25.6,61,17.4,0.0,53,342.0,4.6,231,3.5748714227020644,2.894873798829254
2021-04-19 11:00:00,26.1,59,17.5,0.0,86,247.0,6.8,245,6.162892951849221,2.873804179836754
2021-04-19 12:00:00,26.5,58,17.5,0.0,95,314.0,9.0,265,8.96575228282571,0.7844016847289242
2021-04-19 13:00:00,27.2,56,17.6,0.0,96,504.0,11.6,286,11.150635672884498,-3.197393327477193
2021-04-19 14:00:00,27.4,55,17.6,0.0,93,393.0,12.1,307,9.663489671572243,-7.281961780139779
2021-04-19 15:00:00,27.1,56,17.5,0.0,100,294.0,13.1,328,6.941942361454985,-11.109430059649178
2021-04-19 16:00:00,26.8,56,17.2,0.0,77,186.0,13.5,351,2.1118652780431195,-13.33379259803436
2021-04-19 17:00:00,26.5,56,17.1,0.0,71,116.0,12.3,5,-1.0720156357961954,-12.253194786528471
2021-04-19 18:00:00,25.9,59,17.2,0.0,83,31.0,8.6,2,-0.3001356716415083,-8.594761112364223
2021-04-19 19:00:00,25.2,63,17.6,0.0,79,0.0,6.1,28,-2.863776532993933,-5.385980316439454
2021-04-19 20:00:00,24.6,68,18.3,0.0,79,0.0,1.8,53,-1.437543918085127,-1.0832670416736871
2021-04-19 21:00:00,24.3,72,19.0,0.0,75,0.0,1.1,198,0.339918693812442,1.046162167924669
2021-04-19 22:00:00,24.1,75,19.4,0.0,100,0.0,2.3,219,1.4474368994146265,1.7874357113510326
2021-04-19 23:00:00,23.7,78,19.7,0.0,100,0.0,2.0,225,1.414213562373095,1.4142135623730954
2021-04-20 00:00:00,23.4,81,19.9,0.0,92,0.0,2.3,288,2.187429987478853,-0.7107390870623785
2021-04-20 01:00:00,23.4,80,19.8,0.0,77,0.0,3.3,311,2.4905416147351485,-2.1649947956686733
2021-04-20 02:00:00,23.3,81,19.8,0.0,73,0.0,1.3,304,1.0777488443215542,-0.7269507745119711
2021-04-20 03:00:00,23.3,80,19.6,0.1,86,0.0,3.3,186,0.3449439287832565,3.281922254715301
2021-04-20 04:00:00,22.6,86,20.1,0.2,98,0.0,3.3,186,0.3449439287832565,3.281922254715301
2021-04-20 05:00:00,22.7,86,20.3,0.0,94,0.0,3.7,191,0.7059932828932155,3.632020578756357
2021-04-20 06:00:00,22.8,86,20.3,0.0,100,1.0,3.3,193,0.7423384793347544,3.2154212137912763
2021-04-20 07:00:00,23.6,81,20.2,0.0,98,48.0,4.1,195,1.0611580849203353,3.96029588778518
2021-04-20 08:00:00,24.4,75,19.8,0.0,87,144.0,5.8,202,2.172718241812289,5.377666356487367
2021-04-20 09:00:00,25.2,70,19.5,0.0,87,202.0,6.4,218,3.940233442084213,5.043268823083022
2021-04-20 10:00:00,26.4,65,19.2,0.0,91,371.0,8.4,230,6.434773322199415,5.399415921366932
2021-04-20 11:00:00,26.9,63,19.2,0.0,93,398.0,10.5,248,9.735430472951268,3.933369230867079
2021-04-20 12:00:00,27.1,63,19.5,0.0,96,407.0,11.5,272,11.4929945107196,-0.4013442120787647
2021-04-20 13:00:00,27.7,61,19.4,0.0,89,572.0,12.1,300,10.478907385791707,-6.050000000000002
2021-04-20 14:00:00,27.8,60,19.3,0.0,88,503.0,12.0,321,7.5518446925980545,-9.325751537483647
2021-04-20 15:00:00,27.5,58,18.6,0.0,89,348.0,9.2,315,6.505382386916239,-6.505382386916235
2021-04-20 16:00:00,27.2,60,18.6,0.0,91,233.0,7.9,273,7.889173324561134,-0.4134540543192572
2021-04-20 17:00:00,26.0,66,19.2,0.0,100,86.0,8.0,234,6.472135954999579,4.702282018339786
2021-04-20 18:00:00,25.4,70,19.5,0.0,100,27.0,5.1,262,5.050367150582008,0.7097828148963357
2021-04-20 19:00:00,25.1,71,19.5,0.0,20,0.0,6.9,351,1.0793978087775946,-6.81504955010645
2021-04-20 20:00:00,24.6,73,19.4,0.0,24,0.0,4.6,18,-1.421478174124758,-4.3748599749577055
2021-04-20 21:00:00,24.3,76,19.9,0.0,64,0.0,3.7,191,0.7059932828932155,3.632020578756357
2021-04-20 22:00:00,23.9,78,19.9,0.0,63,0.0,3.9,202,1.460965714322057,3.616017032810471
2021-04-20 23:00:00,23.7,80,20.1,0.0,46,0.0,3.6,217,2.1665340833473743,2.875087836170254
2021-04-21 00:00:00,23.6,82,20.4,0.0,35,0.0,2.7,247,2.4853631043215887,1.0549740469210394
2021-04-21 01:00:00,22.9,87,20.6,0.0,42,0.0,3.2,270,3.2,5.878304635907295e-16
2021-04-21 02:00:00,22.9,88,20.7,0.0,60,0.0,3.8,287,3.633958072659535,-1.1110124779463997
2021-04-21 03:00:00,23.9,83,20.8,0.0,62,0.0,2.7,247,2.4853631043215887,1.0549740469210394
2021-04-21 04:00:00,23.7,82,20.5,0.0,67,0.0,3.3,221,2.1649947956686733,2.490541614735148
2021-04-21 05:00:00,23.8,82,20.4,0.0,62,0.0,3.6,270,3.6,6.613092715395707e-16
2021-04-21 06:00:00,23.5,83,20.4,0.0,51,1.0,2.1,329,1.0815799573111144,-1.8000513314744355
2021-04-21 07:00:00,23.9,81,20.5,0.0,42,54.0,4.5,331,2.181643291108516,-3.9357886821272814
2021-04-21 08:00:00,25.0,74,20.0,0.0,39,197.0,4.3,318,2.87726160734309,-3.195522749552795
2021-04-21 09:00:00,26.2,66,19.5,0.0,41,335.0,4.9,306,3.964183272437243,-2.8801477362331176
2021-04-21 10:00:00,27.3,63,19.5,0.0,20,372.0,6.0,303,5.032023407672545,-3.26783421009016
2021-04-21 11:00:00,28.2,59,19.6,0.0,15,503.0,8.1,302,6.869189578867051,-4.292346040288957
2021-04-21 12:00:00,28.7,58,19.6,0.0,14,462.0,10.5,308,8.274112912870578,-6.464445490919414
2021-04-21 13:00:00,29.0,58,19.8,0.0,10,569.0,12.5,309,9.714324518212134,-7.866504888122969
2021-04-21 14:00:00,28.7,58,19.7,0.0,11,422.0,13.8,317,9.411577368862476,-10.092681082344557
2021-04-21 15:00:00,28.2,58,19.2,0.0,25,441.0,15.3,330,7.650000000000007,-13.250188677901908
2021-04-21 16:00:00,28.2,57,18.8,0.0,36,357.0,15.5,338,5.806402197946642,-14.371349745785205
2021-04-21 17:00:00,27.7,58,18.6,0.0,51,191.0,15.3,341,4.981192763194498,-14.466434206669549
2021-04-21 18:00:00,26.8,61,18.8,0.0,47,41.0,15.0,336,6.101049646137002,-13.703181864639015
2021-04-21 19:00:00,25.9,67,19.2,0.0,53,1.0,13.3,341,4.330056454280184,-12.575397055470916
2021-04-21 20:00:00,25.3,71,19.6,0.0,52,0.0,12.8,349,2.442355140819772,-12.5648279481301
2021-04-21 21:00:00,24.8,74,20.0,0.0,45,0.0,12.1,350,2.1011429497698577,-11.916173811447717
2021-04-21 22:00:00,24.4,78,20.3,0.0,31,0.0,10.9,352,1.5169868004647182,-10.793921949283115
2021-04-21 23:00:00,24.3,80,20.6,0.0,24,0.0,10.1,354,1.0557374790032994,-10.04467114321956
2021-04-22 00:00:00,23.9,83,20.9,0.0,20,0.0,9.4,353,1.145571828008384,-9.329933825428428
2021-04-22 01:00:00,23.7,85,21.1,0.0,24,0.0,8.0,355,0.6972459419812665,-7.969557584733964
2021-04-22 02:00:00,23.5,87,21.2,0.0,25,0.0,7.6,352,1.0577155672965006,-7.526037322435934
2021-04-22 03:00:00,22.9,92,21.6,0.0,20,0.0,8.5,348,1.767249371950959,-8.314254606237347
2021-04-22 04:00:00,22.9,93,21.7,0.0,22,0.0,8.8,351,1.3766232923540338,-8.691657397237211
2021-04-22 05:00:00,22.8,94,21.8,0.0,23,0.0,8.0,352,1.113384807680527,-7.922144549932562
2021-04-22 06:00:00,22.8,95,22.0,0.0,23,1.0,7.4,346,1.7902220274375422,-7.180188374442374
2021-04-22 07:00:00,23.8,88,21.6,0.0,20,59.0,7.3,349,1.392905666248776,-7.165878439167947
2021-04-22 08:00:00,25.3,78,21.1,0.0,24,179.0,8.0,333,3.631923997916376,-7.128052193506942
2021-04-22 09:00:00,26.6,70,20.7,0.0,26,347.0,10.4,326,5.815606196095764,-8.621990754572435
2021-04-22 10:00:00,27.5,65,20.4,0.0,31,404.0,10.9,326,6.095202647831138,-9.036509540849956
2021-04-22 11:00:00,28.5,61,20.3,0.0,31,623.0,9.4,320,6.042203531053472,-7.200817765318392
2021-04-22 12:00:00,29.3,59,20.4,0.0,26,680.0,10.2,309,7.926888806861101,-6.419067988708342
2021-04-22 13:00:00,29.3,58,20.3,0.0,35,621.0,10.4,314,7.481133923521972,-7.224447052773572
2021-04-22 14:00:00,28.9,59,20.1,0.0,83,505.0,9.6,326,5.368251873319167,-7.958760696528401
2021-04-22 15:00:00,28.4,60,20.0,0.0,63,311.0,10.2,337,3.985457510590593,-9.38914950521489
2021-04-22 16:00:00,28.4,60,19.8,0.0,5,317.0,10.5,338,3.93336923086708,-9.735430472951268
2021-04-22 17:00:00,27.8,62,19.8,0.0,3,183.0,10.2,337,3.985457510590593,-9.38914950521489
2021-04-22 18:00:00,26.9,66,20.1,0.0,0,61.0,9.8,332,4.60082131530173,-8.652886410017485
2021-04-22 19:00:00,25.8,73,20.5,0.0,0,1.0,8.7,336,3.538608794759461,-7.947845481490628
2021-04-22 20:00:00,25.1,77,20.9,0.0,0,0.0,5.9,349,1.1257730727216135,-5.791600382341218
2021-04-22 21:00:00,24.7,80,21.1,0.0,2,0.0,4.0,5,-0.3486229709906326,-3.984778792366982
2021-04-22 22:00:00,24.0,85,21.3,0.0,1,0.0,2.0,315,1.4142135623730954,-1.4142135623730947
2021-04-22 23:00:00,23.4,89,21.6,0.0,0,0.0,5.9,308,4.649263446279659,-3.6324027044213856
2021-04-23 00:00:00,22.6,95,21.8,0.0,4,0.0,8.0,324,4.702282018339787,-6.472135954999579
2021-04-23 01:00:00,22.4,96,21.8,0.0,27,0.0,9.2,334,4.033014550459515,-8.268905225952334
2021-04-23 02:00:00,22.4,96,21.8,0.0,41,0.0,9.6,340,3.2833933759264187,-9.02104915954472
2021-04-23 03:00:00,22.6,96,21.9,0.0,50,0.0,10.4,340,3.5570094905869536,-9.772803256173448
2021-04-23 04:00:00,22.6,96,21.9,0.0,61,0.0,11.4,342,3.522793735874404,-10.84204428576475
2021-04-23 05:00:00,22.7,96,22.0,0.0,62,0.0,12.1,343,3.5376976271451195,-11.571287547152728
2021-04-23 06:00:00,22.8,96,22.1,0.0,43,1.0,13.2,338,4.944807033090043,-12.238826880281591
2021-04-23 07:00:00,23.8,89,22.0,0.0,32,59.0,18.0,344,4.961472404705981,-17.30271052688974
2021-04-23 08:00:00,25.6,79,21.6,0.0,20,214.0,19.1,349,3.644451811692004,-18.749079203850386
2021-04-23 09:00:00,27.0,69,20.8,0.0,8,346.0,20.1,351,3.144332747308645,-19.85253564596227
2021-04-23 10:00:00,28.4,62,20.4,0.0,17,586.0,21.3,348,4.428519014418286,-20.83454389563006
2021-04-23 11:00:00,29.2,58,20.1,0.0,11,625.0,22.8,348,4.740386550644925,-22.301765296730768
2021-04-23 12:00:00,29.6,56,19.9,0.0,15,799.0,24.7,347,5.5562910422934735,-24.066940600195306
2021-04-23 13:00:00,29.5,57,20.0,0.0,12,732.0,26.9,348,5.59282448299774,-26.31217045973937
2021-04-23 14:00:00,29.1,59,20.1,0.0,13,595.0,28.5,351,4.458382253646586,-28.149117706961423
2021-04-23 15:00:00,28.9,58,19.7,0.0,4,562.0,28.2,354,2.947702664147826,-28.045517449385304
2021-04-23 16:00:00,28.4,59,19.5,0.0,1,353.0,26.7,356,1.8624978489681543,-26.634960141937302
2021-04-23 17:00:00,27.6,61,19.4,0.0,0,237.0,24.9,356,1.7369361962287282,-24.839344851469622
2021-04-23 18:00:00,26.5,66,19.7,0.0,0,69.0,21.6,356,1.506739832873114,-21.547383485612205
2021-04-23 19:00:00,25.2,72,19.9,0.0,0,1.0,19.5,2,-0.680540185698769,-19.488121126872368
2021-04-23 20:00:00,24.4,76,20.0,0.0,0,0.0,16.0,8,-2.226769615361047,-15.844289099865126
2021-04-23 21:00:00,23.9,79,20.1,0.0,0,0.0,11.7,9,-1.830283240970701,-11.555953584963111
2021-04-23 22:00:00,23.5,82,20.2,0.0,0,0.0,8.7,7,-1.060263287624783,-8.6351515192795
2021-04-23 23:00:00,23.1,85,20.4,0.0,0,0.0,8.0,355,0.6972459419812665,-7.969557584733964
2021-04-24 00:00:00,22.6,89,20.7,0.0,0,0.0,5.8,338,2.172718241812292,-5.377666356487366
2021-04-24 01:00:00,22.2,92,20.8,0.0,0,0.0,5.9,308,4.649263446279659,-3.6324027044213856
2021-04-24 02:00:00,22.1,93,20.9,0.0,1,0.0,6.2,306,5.015905365124675,-3.644268564213332
2021-04-24 03:00:00,21.9,93,20.7,0.0,1,0.0,6.7,324,3.938161190359572,-5.420413862312147
2021-04-24 04:00:00,21.8,93,20.7,0.0,2,0.0,6.9,354,0.7212463965468086,-6.862201078041086
2021-04-24 05:00:00,21.8,93,20.6,0.0,6,0.0,7.3,9,-1.1419715947936853,-7.210124886344506
2021-04-24 06:00:00,21.8,93,20.7,0.0,5,2.0,6.0,17,-1.7542302283364206,-5.737828535778212
2021-04-24 07:00:00,23.4,84,20.6,0.0,5,48.0,5.2,34,-2.907803098047884,-4.3109953772862175
2021-04-24 08:00:00,25.0,75,20.2,0.0,3,225.0,3.7,29,-1.7937955949114472,-3.2360929164157644
2021-04-24 09:00:00,26.5,67,19.8,0.0,3,421.0,2.2,360,5.388445916248355e-16,-2.2
2021-04-24 10:00:00,27.7,60,19.4,0.0,0,513.0,2.5,315,1.767766952966369,-1.7677669529663684
2021-04-24 11:00:00,28.8,56,19.1,0.0,2,679.0,4.8,297,4.2768313161041664,-2.179154398749824
2021-04-24 12:00:00,29.6,53,18.9,0.0,6,821.0,8.2,299,7.171881598543044,-3.975438886019965
2021-04-24 13:00:00,29.7,52,18.9,0.0,6,693.0,10.4,304,8.621990754572433,-5.815606196095769
2021-04-24 14:00:00,29.7,52,18.7,0.0,7,605.0,10.7,310,8.196675541373065,-6.87782742364597
2021-04-24 15:00:00,29.2,56,19.4,0.0,4,510.0,10.4,314,7.481133923521972,-7.224447052773572
2021-04-24 16:00:00,28.7,57,19.3,0.0,9,393.0,11.5,321,7.237184497073135,-8.937178556755162
2021-04-24 17:00:00,27.7,61,19.6,0.0,12,191.0,14.3,335,6.043441142891999,-12.960201354624097
2021-04-24 18:00:00,26.6,67,19.9,0.0,27,53.0,15.5,347,3.4867413423299127,-15.102736004171144
2021-04-24 19:00:00,25.6,72,20.1,0.0,27,1.0,13.8,9,-2.158795617555186,-13.630099100212902
2021-04-24 20:00:00,25.0,74,20.2,0.0,11,0.0,10.5,31,-5.407899786555569,-9.00025665737218
2021-04-24 21:00:00,24.5,77,20.2,0.0,15,0.0,6.0,65,-5.437846722219899,-2.5357095704441965
2021-04-24 22:00:00,23.9,80,20.2,0.0,25,0.0,3.4,108,-3.2335921554035223,1.050657780874821
2021-04-24 23:00:00,23.4,83,20.4,0.0,23,0.0,3.6,174,-0.3763024677635534,3.580278823325784
2021-04-25 00:00:00,23.0,86,20.6,0.0,10,0.0,5.1,184,0.3557580160950389,5.087576656325103
2021-04-25 01:00:00,22.6,90,20.8,0.0,19,0.0,6.5,183,0.3401837155791332,6.49109197590473
2021-04-25 02:00:00,22.3,92,20.9,0.0,24,0.0,5.9,194,1.4273391840380385,5.72474478502838
2021-04-25 03:00:00,22.2,92,20.8,0.0,34,0.0,7.2,198,2.2249223594996206,6.847606917325106
2021-04-25 04:00:00,22.1,93,20.8,0.0,39,0.0,5.2,192,1.0811407922523495,5.086367523815789
2021-04-25 05:00:00,22.1,93,21.0,0.0,34,0.0,4.5,194,1.0886485301985038,4.366330768241984
2021-04-25 06:00:00,22.3,94,21.2,0.0,35,1.0,5.0,201,1.7918397477265022,4.667902132486009
2021-04-25 07:00:00,23.6,86,21.1,0.3,66,42.0,4.9,197,1.4326213531414105,4.685893304218874
2021-04-25 08:00:00,24.5,80,20.9,0.2,97,99.0,7.0,201,2.508575646817103,6.535062985480412
2021-04-25 09:00:00,25.3,77,20.9,0.0,100,144.0,7.3,200,2.496747046277381,6.859756131737131
2021-04-25 10:00:00,25.6,75,20.7,0.2,94,66.0,7.7,221,5.051654523226905,5.811263767715346
2021-04-25 11:00:00,25.8,76,21.1,0.8,100,126.0,8.8,251,8.320563465273988,2.864999759222979
2021-04-25 12:00:00,24.4,84,21.6,3.1,100,48.0,8.3,265,8.268415994161488,0.7233926648055635
2021-04-25 13:00:00,24.4,87,22.1,2.4,100,129.0,7.2,264,7.160557646651569,0.7526049355271042
2021-04-25 14:00:00,24.3,86,21.8,3.1,100,47.0,7.0,258,6.847033205136639,1.4553818357243185
2021-04-25 15:00:00,23.8,86,21.2,3.2,100,31.0,5.1,266,5.087576656325103,0.3557580160950404
2021-04-25 16:00:00,23.6,87,21.4,3.1,100,12.0,3.5,294,3.197409101749104,-1.4235782507652992
2021-04-25 17:00:00,23.6,86,21.2,2.3,100,28.0,4.1,322,2.5242120488351985,-3.23084408978756
2021-04-25 18:00:00,23.4,87,21.2,0.5,100,8.0,3.0,14,-0.7257656867990032,-2.910887178827989
2021-04-25 19:00:00,23.2,87,21.0,0.0,67,0.0,3.2,27,-1.4527695991665497,-2.8512208774027776
2021-04-25 20:00:00,23.2,88,21.1,0.0,62,0.0,2.5,45,-1.7677669529663689,-1.7677669529663689
2021-04-25 21:00:00,23.0,91,21.4,0.0,56,0.0,2.8,130,-2.1449244407331385,1.79980530712231
2021-04-25 22:00:00,23.1,90,21.4,0.0,55,0.0,3.3,193,0.7423384793347544,3.2154212137912763
2021-04-25 23:00:00,23.3,88,21.2,0.0,60,0.0,3.1,216,1.8221342821066664,2.5079526825623373
2021-04-26 00:00:00,23.3,88,21.2,0.2,53,0.0,3.5,204,1.4235782507653008,3.197409101749103
2021-04-26 01:00:00,23.3,88,21.1,0.5,58,0.0,2.7,203,1.054974046921039,2.485363104321589
2021-04-26 02:00:00,23.1,89,21.1,0.6,66,0.0,2.6,214,1.4539015490239415,2.1554976886431088
2021-04-26 03:00:00,22.5,92,21.1,0.1,66,0.0,3.1,315,2.192031021678298,-2.192031021678297
2021-04-26 04:00:00,22.1,93,20.9,0.0,100,0.0,2.2,351,0.3441558230885084,-2.172914349309303
2021-04-26 05:00:00,22.0,93,20.9,0.1,84,0.0,2.1,59,-1.800051331474436,-1.0815799573111138
2021-04-26 06:00:00,22.0,93,20.8,0.0,64,1.0,2.1,31,-1.0815799573111138,-1.800051331474436
2021-04-26 07:00:00,23.2,87,20.9,0.0,51,44.0,2.9,83,-2.8783838397598336,-0.3534210958749277
2021-04-26 08:00:00,23.8,81,20.4,0.0,46,130.0,2.4,117,-2.138415658052083,1.0895771993749122
2021-04-26 09:00:00,24.5,77,20.1,0.0,28,252.0,4.0,180,-4.898587196589413e-16,4.0
2021-04-26 10:00:00,25.2,73,19.9,0.0,35,339.0,6.1,208,2.863776532993934,5.385980316439453
2021-04-26 11:00:00,25.8,71,20.2,0.0,19,408.0,8.4,223,5.7287862245249865,6.143371093601033
2021-04-26 12:00:00,26.0,71,20.3,0.0,8,430.0,11.0,229,8.301805382450492,7.2166493188955805
2021-04-26 13:00:00,25.9,72,20.5,0.0,50,387.0,13.4,239,11.486041829408302,6.901510203794729
2021-04-26 14:00:00,25.4,74,20.5,0.0,84,317.0,13.0,242,11.47831870716605,6.10313031621658
2021-04-26 15:00:00,25.0,73,19.9,0.4,100,384.0,11.6,244,10.426010937070334,5.085105302753302
2021-04-26 16:00:00,24.7,75,20.0,0.4,100,212.0,10.2,252,9.700776466210565,3.1519733426244647
2021-04-26 17:00:00,24.0,79,20.1,1.0,100,82.0,7.9,246,7.217009115376548,3.2132194802988208
2021-04-26 18:00:00,23.6,82,20.3,0.4,75,26.0,4.0,260,3.939231012048832,0.6945927106677213
2021-04-26 19:00:00,23.2,86,20.6,0.1,73,0.0,0.8,297,0.7128052193506944,-0.3631923997916373
2021-04-26 20:00:00,23.2,86,20.7,0.1,54,0.0,1.4,90,-1.4,-8.572527594031472e-17
2021-04-26 21:00:00,23.1,86,20.6,0.0,51,0.0,1.8,90,-1.8,-1.1021821192326179e-16
2021-04-26 22:00:00,23.1,86,20.6,0.0,77,0.0,1.6,27,-0.7263847995832748,-1.4256104387013888
2021-04-26 23:00:00,22.9,89,20.9,0.0,90,0.0,2.9,353,0.3534210958749269,-2.878383839759834
2021-04-27 00:00:00,23.3,84,20.4,0.0,100,0.0,5.8,338,2.172718241812292,-5.377666356487366
2021-04-27 01:00:00,22.7,90,20.9,0.0,100,0.0,5.9,349,1.1257730727216135,-5.791600382341218
2021-04-27 02:00:00,22.4,91,20.8,0.0,100,0.0,3.4,18,-1.0506577808748212,-3.233592155403522
2021-04-27 03:00:00,22.7,90,20.9,0.0,72,0.0,3.2,90,-3.2,-1.9594348786357647e-16
2021-04-27 04:00:00,22.7,87,20.4,0.0,75,0.0,2.7,157,-1.0549740469210394,2.485363104321589
2021-04-27 05:00:00,22.7,88,20.6,0.0,59,0.0,4.0,207,1.8159619989581863,3.564026096753472
2021-04-27 06:00:00,22.8,88,20.7,0.0,62,0.0,3.8,221,2.4930243101639267,2.867896404846534
2021-04-27 07:00:00,23.7,82,20.5,0.0,67,28.0,3.3,221,2.1649947956686733,2.490541614735148
2021-04-27 08:00:00,24.3,77,20.0,0.0,67,57.0,5.9,223,4.023790324368741,4.314986839553106
2021-04-27 09:00:00,25.1,72,19.7,0.0,75,186.0,7.9,231,6.139453095510068,4.971631089293719
2021-04-27 10:00:00,25.6,70,19.7,0.0,87,236.0,9.0,241,7.871577364254563,4.363286582217032
2021-04-27 11:00:00,25.5,70,19.7,0.0,89,268.0,9.8,246,8.95274548489749,3.986019102142841
2021-04-27 12:00:00,25.1,73,20.0,0.2,100,133.0,11.7,261,11.55595358496311,1.830283240970703
2021-04-27 13:00:00,25.1,75,20.4,0.1,100,125.0,12.3,275,12.253194786528471,-1.072015635796192
2021-04-27 14:00:00,24.9,76,20.3,0.2,100,116.0,13.3,289,12.575397055470916,-4.33005645428018
2021-04-27 15:00:00,24.5,78,20.4,0.3,100,66.0,13.7,315,9.687362902255703,-9.687362902255698
2021-04-27 16:00:00,24.0,80,20.3,0.3,100,25.0,13.7,342,4.233532822936783,-13.029474273243602
2021-04-27 17:00:00,23.5,82,20.2,0.2,100,27.0,12.6,2,-0.4397336584515122,-12.592324420440606
2021-04-27 18:00:00,23.2,82,19.9,0.2,95,2.0,11.3,17,-3.303800263366926,-10.806243742382302
2021-04-27 19:00:00,22.8,83,19.7,0.0,92,0.0,10.9,9,-1.7051356689385164,-10.765802912487002
2021-04-27 20:00:00,22.7,81,19.4,0.0,77,0.0,10.5,356,0.7324429743133192,-10.474422527728152
2021-04-27 21:00:00,22.7,81,19.2,0.0,100,0.0,12.0,353,1.4624321208617668,-11.910553819695863
2021-04-27 22:00:00,22.7,80,19.1,0.0,100,0.0,10.1,2,-0.3524849166952598,-10.093847352892867
2021-04-27 23:00:00,22.8,79,19.0,0.0,100,0.0,8.4,10,-1.458644692402215,-8.272385125302547
2021-04-28 00:00:00,22.6,80,19.0,0.0,78,0.0,6.5,360,1.5920408388915589e-15,-6.5
2021-04-28 01:00:00,22.5,81,19.0,0.0,73,0.0,7.1,345,1.8376152202278968,-6.858073366652385
2021-04-28 02:00:00,22.5,81,19.0,0.0,91,0.0,6.6,347,1.4846769586695112,-6.430842427582552
2021-04-28 03:00:00,22.4,84,19.6,0.0,86,0.0,7.2,357,0.3768188849491994,-7.190132650232932
2021-04-28 04:00:00,22.4,85,19.7,0.0,80,0.0,6.9,9,-1.079397808777593,-6.815049550106451
2021-04-28 05:00:00,22.4,85,19.8,0.1,74,0.0,6.3,13,-1.4171916423663495,-6.1385314081469815
2021-04-28 06:00:00,22.4,86,19.9,0.0,72,1.0,6.6,9,-1.0324674692655236,-6.518743047927909
2021-04-28 07:00:00,23.1,83,20.1,0.0,87,25.0,6.8,3,-0.3558845024520181,-6.790680836331102
2021-04-28 08:00:00,23.7,78,19.6,0.0,48,50.0,6.5,3,-0.3401837155791349,-6.49109197590473
2021-04-28 09:00:00,24.2,74,19.4,0.0,41,70.0,5.4,4,-0.3766849582182766,-5.386845871403051
2021-04-28 10:00:00,25.1,70,19.2,0.0,35,182.0,4.5,346,1.0886485301985054,-4.366330768241984
2021-04-28 11:00:00,25.6,68,19.2,0.0,29,139.0,6.1,315,4.31335136523794,-4.3133513652379385
2021-04-28 12:00:00,26.4,65,19.4,0.0,66,367.0,8.2,319,5.37968403772216,-6.188618557826729
2021-04-28 13:00:00,26.8,64,19.4,0.0,100,348.0,9.5,331,4.6056913923402005,-8.30888721782426
2021-04-28 14:00:00,27.0,64,19.6,0.0,95,333.0,9.5,331,4.6056913923402005,-8.30888721782426
2021-04-28 15:00:00,27.3,64,19.9,0.0,100,397.0,11.2,327,6.099957192168302,-9.393110360988748
2021-04-28 16:00:00,27.0,65,19.9,0.0,99,323.0,13.2,334,5.786499137615826,-11.864081411149002
2021-04-28 17:00:00,25.9,70,20.1,0.0,68,105.0,13.4,354,1.4006814077865557,-13.326593397934865
2021-04-28 18:00:00,24.9,75,20.3,0.3,69,40.0,14.5,354,1.5156627173809745,-14.420567482839962
2021-04-28 19:00:00,24.2,79,20.3,0.0,26,1.0,14.0,359,0.2443336901219698,-13.997867732189478
2021-04-28 20:00:00,23.8,81,20.4,0.0,43,0.0,11.6,5,-1.0110066158728348,-11.555858497864248
2021-04-28 21:00:00,23.5,84,20.5,0.0,36,0.0,8.5,12,-1.7672493719509543,-8.314254606237348
2021-04-28 22:00:00,23.2,85,20.6,0.0,57,0.0,6.5,19,-2.1161930039715187,-6.14587074139556
2021-04-28 23:00:00,23.0,87,20.8,0.0,54,0.0,4.8,27,-2.1791543987498243,-4.276831316104166
2021-04-29 00:00:00,22.8,89,20.8,0.0,83,0.0,3.3,13,-0.7423384793347545,-3.2154212137912763
2021-04-29 01:00:00,22.7,89,20.8,0.0,100,0.0,3.6,6,-0.3763024677635525,-3.580278823325784
2021-04-29 02:00:00,22.4,92,21.0,0.3,100,0.0,3.6,360,8.817456953860943e-16,-3.6
2021-04-29 03:00:00,22.7,88,20.6,0.0,100,0.0,4.3,360,1.0531962472667237e-15,-4.3
2021-04-29 04:00:00,22.7,88,20.7,0.2,100,0.0,5.1,4,-0.355758016095039,-5.087576656325103
2021-04-29 05:00:00,22.6,89,20.6,0.3,100,0.0,6.5,3,-0.3401837155791349,-6.49109197590473
2021-04-29 06:00:00,22.5,90,20.7,0.3,81,0.0,8.5,12,-1.7672493719509543,-8.314254606237348
2021-04-29 07:00:00,22.7,89,20.7,0.7,91,5.0,10.6,350,1.840670683269462,-10.438962181929403
2021-04-29 08:00:00,22.9,87,20.7,1.2,100,6.0,12.3,353,1.498992923883311,-12.208317665188265
2021-04-29 09:00:00,22.8,90,21.2,1.5,100,2.0,12.2,360,2.9881381899195417e-15,-12.2
2021-04-29 10:00:00,22.9,91,21.4,2.6,100,0.0,11.3,353,1.3771235804781636,-11.21577151354694
2021-04-29 11:00:00,23.0,92,21.6,2.1,100,6.0,13.8,345,3.5717028224147858,-13.329776402789143
2021-04-29 12:00:00,23.1,92,21.7,1.1,100,12.0,15.5,348,3.222631207675278,-15.161287811373986
2021-04-29 13:00:00,23.3,89,21.5,0.4,100,9.0,13.8,353,1.681796938991032,-13.697136892650246
2021-04-29 14:00:00,24.2,84,21.3,0.0,100,82.0,13.1,352,1.823167622576863,-12.97251170051457
2021-04-29 15:00:00,24.3,80,20.6,0.2,100,130.0,14.3,350,2.4831689406371047,-14.082750868074577
2021-04-29 16:00:00,24.2,79,20.4,0.1,100,52.0,12.6,3,-0.6594330486610923,-12.58273213790763
2021-04-29 17:00:00,24.1,80,20.4,0.2,97,72.0,9.7,15,-2.510544737494451,-9.369480515003962
2021-04-29 18:00:00,23.9,82,20.6,0.0,44,24.0,8.3,358,0.2896658226307568,-8.294943864258496
2021-04-29 19:00:00,23.2,86,20.7,0.0,19,1.0,8.4,340,2.8729692039356163,-7.893418014601631
2021-04-29 20:00:00,22.6,89,20.7,0.0,15,0.0,9.4,337,3.6728726077991753,-8.652745622452938
2021-04-29 21:00:00,22.3,90,20.6,0.0,4,0.0,7.3,340,2.4967470462773806,-6.859756131737131
2021-04-29 22:00:00,21.7,93,20.5,0.0,9,0.0,6.1,332,2.863776532993933,-5.385980316439454
2021-04-29 23:00:00,21.0,95,20.2,0.0,16,0.0,7.1,319,4.658019105832603,-5.35843801958168
2021-04-30 00:00:00,20.6,96,19.9,0.0,29,0.0,7.4,337,2.891410350820627,-6.811735915548058
2021-04-30 01:00:00,20.6,95,19.7,0.0,49,0.0,7.6,357,0.3977532674463772,-7.589584464134761
2021-04-30 02:00:00,20.4,95,19.7,0.0,95,0.0,6.8,18,-2.1013155617496424,-6.467184310807044
2021-04-30 03:00:00,20.1,96,19.5,0.0,100,0.0,5.0,30,-2.5,-4.330127018922194
2021-04-30 04:00:00,19.8,97,19.3,0.0,100,0.0,2.8,40,-1.7998053071223097,-2.1449244407331385
2021-04-30 05:00:00,19.9,97,19.3,0.0,87,0.0,2.7,23,-1.0549740469210394,-2.485363104321589
2021-04-30 06:00:00,20.0,97,19.4,0.0,80,2.0,3.7,11,-0.7059932828932158,-3.632020578756357
2021-04-30 07:00:00,21.9,91,20.4,0.0,69,47.0,4.8,347,1.0797650608505536,-4.6769763109691285
2021-04-30 08:00:00,23.5,83,20.5,0.0,49,197.0,6.3,336,2.562440851377541,-5.755336383148386
2021-04-30 09:00:00,24.5,76,20.0,0.0,43,330.0,6.9,332,3.2393537832226467,-6.092338390726597
2021-04-30 10:00:00,25.4,72,19.9,0.0,41,452.0,5.3,332,2.4881992827652213,-4.679622242152313
2021-04-30 11:00:00,26.3,68,19.9,0.0,38,542.0,4.6,309,3.5748714227020653,-2.894873798829252
2021-04-30 12:00:00,27.0,66,20.2,0.0,22,765.0,5.6,285,5.409184627218783,-1.4493866525741137
2021-04-30 13:00:00,27.3,66,20.4,0.0,26,772.0,7.6,273,7.589584464134761,-0.3977532674463739
2021-04-30 14:00:00,27.2,68,20.7,0.0,18,577.0,8.6,272,8.594761112364223,-0.300135671641511
2021-04-30 15:00:00,27.0,67,20.3,0.0,25,563.0,8.3,272,8.294943864258496,-0.2896658226307607
2021-04-30 16:00:00,26.6,67,20.0,0.0,26,390.0,8.0,275,7.969557584733964,-0.6972459419812631
2021-04-30 17:00:00,26.1,69,19.9,0.0,24,204.0,7.0,282,6.847033205136639,-1.455381835724316
2021-04-30 18:00:00,25.3,72,19.9,0.0,29,67.0,5.3,298,4.6796222421523135,-2.488199282765219
2021-04-30 19:00:00,24.4,76,19.9,0.0,31,1.0,6.6,315,4.666904755831214,-4.6669047558312124
2021-04-30 20:00:00,23.6,80,19.9,0.0,31,0.0,6.8,328,3.603450996785794,-5.766727053863695
2021-04-30 21:00:00,22.9,83,19.9,0.0,26,0.0,6.9,332,3.2393537832226467,-6.092338390726597
2021-04-30 22:00:00,22.3,86,19.8,0.0,32,0.0,7.1,336,2.887830165838181,-6.486172749262467
2021-04-30 23:00:00,21.7,88,19.7,0.0,27,0.0,6.0,335,2.535709570444195,-5.4378467222199
2021-05-01 00:00:00,21.7,87,19.5,0.0,25,0.0,4.2,290,3.9467090073008153,-1.43648460196781
2021-05-01 01:00:00,22.0,85,19.4,0.0,19,0.0,5.6,243,4.989636535454859,2.5423467985414625
2021-05-01 02:00:00,22.1,85,19.5,0.0,19,0.0,5.4,233,4.312631754255381,3.2498011250210608
2021-05-01 03:00:00,22.4,85,19.8,0.0,6,0.0,4.7,238,3.985826051935202,2.490620541896064
2021-05-01 04:00:00,21.5,89,19.6,0.0,12,0.0,4.5,241,3.9357886821272814,2.181643291108516
2021-05-01 05:00:00,19.7,95,18.8,0.0,49,0.0,5.7,215,3.269385687200963,4.669166652447253
2021-05-01 06:00:00,19.9,95,19.1,0.0,45,2.0,4.4,215,2.5237363199446032,3.604268994871564
2021-05-01 07:00:00,22.6,90,20.9,0.0,16,42.0,4.9,216,2.880147736233118,3.9641832724372423
2021-05-01 08:00:00,24.7,77,20.5,0.0,7,220.0,2.3,231,1.7874357113510322,1.447436899414627
2021-05-01 09:00:00,25.7,72,20.4,0.0,7,414.0,3.4,238,2.883363526931848,1.801725498392897
2021-05-01 10:00:00,26.8,67,20.1,0.0,12,630.0,6.0,253,5.737828535778212,1.7542302283364226
2021-05-01 11:00:00,27.3,64,19.8,0.0,24,482.0,6.7,254,6.440453362786737,1.8467702839738929
2021-05-01 12:00:00,27.6,63,19.8,0.0,24,475.0,8.3,252,7.893769085249775,2.564841053312065
2021-05-01 13:00:00,27.5,63,19.8,0.0,28,431.0,8.5,258,8.314254606237347,1.767249371950958
2021-05-01 14:00:00,27.8,62,19.7,0.0,33,599.0,7.6,265,7.571079705497266,0.6623836448822027
2021-05-01 15:00:00,27.3,60,18.8,0.0,32,113.0,6.5,267,6.49109197590473,0.340183715579138
2021-05-01 16:00:00,27.1,60,18.8,0.0,28,172.0,6.9,264,6.862201078041087,0.7212463965468082
2021-05-01 17:00:00,26.5,63,18.9,0.0,23,100.0,5.9,256,5.72474478502838,1.42733918403804
2021-05-01 18:00:00,26.0,65,18.9,0.0,17,35.0,3.7,259,3.632020578756357,0.7059932828932151
2021-05-01 19:00:00,24.9,75,20.3,0.0,15,1.0,2.6,304,2.1554976886431083,-1.4539015490239422
2021-05-01 20:00:00,24.6,72,19.3,0.0,14,0.0,3.0,284,2.910887178827989,-0.7257656867990023
2021-05-01 21:00:00,24.7,72,19.3,0.0,4,0.0,3.4,252,3.233592155403522,1.0506577808748216
2021-05-01 22:00:00,24.4,74,19.5,0.0,9,0.0,1.1,252,1.0461621679246689,0.3399186938124423
2021-05-01 23:00:00,23.7,77,19.5,0.0,8,0.0,1.8,259,1.7669289302057951,0.3434561916777803
2021-05-02 00:00:00,23.4,79,19.6,0.0,6,0.0,3.7,281,3.632020578756357,-0.705993282893217
2021-05-02 01:00:00,23.3,80,19.7,0.0,8,0.0,2.6,326,1.453901549023941,-2.1554976886431088
2021-05-02 02:00:00,23.2,81,19.8,0.0,12,0.0,4.4,351,0.6883116461770169,-4.345828698618606
2021-05-02 03:00:00,20.6,89,18.7,0.0,22,0.0,4.7,356,0.3278554265973905,-4.688551036221174
2021-05-02 04:00:00,19.4,95,18.6,0.0,22,0.0,5.5,11,-1.0494494745709964,-5.398949508962152
2021-05-02 05:00:00,19.2,97,18.7,0.0,29,0.0,4.9,17,-1.4326213531414105,-4.685893304218874
2021-05-02 06:00:00,19.7,97,19.2,0.0,30,3.0,5.9,11,-1.1257730727216144,-5.791600382341218
2021-05-02 07:00:00,22.2,88,20.2,0.0,29,43.0,4.7,360,1.1511679911985121e-15,-4.7
2021-05-02 08:00:00,23.9,80,20.3,0.0,30,83.0,3.4,328,1.801725498392897,-2.883363526931848
2021-05-02 09:00:00,25.4,71,19.7,0.0,30,243.0,3.8,311,2.8678964048465345,-2.4930243101639267
2021-05-02 10:00:00,26.6,63,18.9,0.0,29,386.0,5.4,318,3.613305274337834,-4.012982057577929
2021-05-02 11:00:00,27.4,59,18.7,0.0,24,492.0,7.0,325,4.015035054457325,-5.734064310022941
2021-05-02 12:00:00,27.9,58,18.9,0.0,20,580.0,9.0,331,4.363286582217032,-7.871577364254563
2021-05-02 13:00:00,28.3,58,19.2,0.0,13,589.0,9.0,331,4.363286582217032,-7.871577364254563
2021-05-02 14:00:00,28.5,58,19.4,0.0,20,643.0,8.5,324,4.996174644486024,-6.876644452187052
2021-05-02 15:00:00,28.4,59,19.6,0.0,26,489.0,8.4,329,4.326319829244458,-7.200205325897742
2021-05-02 16:00:00,28.0,61,19.7,0.0,32,271.0,9.3,344,2.5634274090980904,-8.939733772226367
2021-05-02 17:00:00,27.5,63,19.9,0.0,30,181.0,10.4,358,0.3629547657060086,-10.393664600998596
2021-05-02 18:00:00,26.7,67,20.2,0.0,27,48.0,10.8,360,2.645237086158283e-15,-10.8
2021-05-02 19:00:00,25.7,72,20.3,0.0,31,1.0,11.2,2,-0.3908743630680108,-11.193177262613872
2021-05-02 20:00:00,24.9,78,20.7,0.0,35,0.0,9.8,8,-1.363896389408641,-9.70462707366739
2021-05-02 21:00:00,24.3,83,21.2,0.0,43,0.0,9.4,18,-2.9047597471245057,-8.939931253174443
2021-05-02 22:00:00,24.0,86,21.6,0.0,51,0.0,7.6,5,-0.662383644882202,-7.571079705497266
2021-05-02 23:00:00,23.8,89,21.9,0.0,55,0.0,6.1,28,-2.863776532993933,-5.385980316439454
2021-05-03 00:00:00,23.5,92,22.0,0.0,64,0.0,6.5,3,-0.3401837155791349,-6.49109197590473
2021-05-03 01:00:00,23.3,93,22.1,0.0,69,0.0,5.8,4,-0.4045875477159267,-5.78587149150698
2021-05-03 02:00:00,23.2,94,22.2,0.0,78,0.0,4.7,9,-0.7352419856890852,-4.642135200797148
2021-05-03 03:00:00,23.4,93,22.3,0.0,96,0.0,5.1,8,-0.7097828148963337,-5.050367150582009
2021-05-03 04:00:00,23.3,95,22.4,0.0,100,0.0,4.7,351,0.7352419856890862,-4.642135200797148
2021-05-03 05:00:00,23.2,96,22.5,0.0,100,0.0,4.7,351,0.7352419856890862,-4.642135200797148
2021-05-03 06:00:00,23.2,96,22.6,0.0,54,1.0,6.8,360,1.6655196468404002e-15,-6.8
2021-05-03 07:00:00,23.9,94,22.9,0.0,67,5.0,6.5,354,0.6794350112397471,-6.4643923198937765
2021-05-03 08:00:00,25.1,87,22.8,0.0,84,6.0,3.0,346,0.7257656867990037,-2.910887178827989
2021-05-03 09:00:00,25.6,84,22.6,0.0,92,13.0,4.3,360,1.0531962472667237e-15,-4.3
2021-05-03 10:00:00,26.1,80,22.4,0.2,91,72.0,3.6,360,8.817456953860943e-16,-3.6
2021-05-03 11:00:00,26.6,77,22.2,0.1,86,51.0,4.0,350,0.6945927106677215,-3.939231012048832
2021-05-03 12:00:00,26.5,77,22.2,0.1,81,70.0,4.7,351,0.7352419856890862,-4.642135200797148
2021-05-03 13:00:00,26.6,77,22.2,0.0,86,7.0,7.9,336,3.213219480298821,-7.217009115376548
2021-05-03 14:00:00,27.1,73,21.9,0.0,88,31.0,8.9,346,2.153104870837044,-8.635631963856369
2021-05-03 15:00:00,27.3,70,21.3,0.0,89,45.0,9.6,347,2.159530121701107,-9.353952621938255
2021-05-03 16:00:00,27.1,70,21.2,0.0,89,68.0,9.0,344,2.48073620235299,-8.65135526344487
2021-05-03 17:00:00,26.6,72,21.2,0.0,92,23.0,8.8,341,2.8649997592229792,-8.320563465273988
2021-05-03 18:00:00,25.9,76,21.2,0.0,78,1.0,10.0,345,2.588190451025207,-9.659258262890685
2021-05-03 19:00:00,25.4,77,21.1,0.0,53,0.0,9.8,352,1.3638963894086458,-9.704627073667387
2021-05-03 20:00:00,24.9,80,21.3,0.3,56,0.0,9.7,360,2.3758147903458648e-15,-9.7
2021-05-03 21:00:00,24.6,83,21.5,0.1,66,0.0,7.6,8,-1.0577155672964973,-7.5260373224359345
2021-05-03 22:00:00,24.3,85,21.7,0.1,78,0.0,6.2,339,2.2218812871808646,-5.78819864428265
2021-05-03 23:00:00,24.0,88,21.9,0.2,69,0.0,5.3,332,2.4881992827652213,-4.679622242152313
2021-05-04 00:00:00,23.9,89,22.0,0.0,61,0.0,5.2,335,2.197614961051636,-4.71280049259058
2021-05-04 01:00:00,23.6,91,22.0,0.0,81,0.0,7.1,336,2.887830165838181,-6.486172749262467
2021-05-04 02:00:00,23.1,94,22.1,0.0,78,0.0,6.1,360,1.4940690949597709e-15,-6.1
2021-05-04 03:00:00,23.1,91,21.6,0.0,57,0.0,6.2,7,-0.7555899291119144,-6.153786140176196
2021-05-04 04:00:00,22.8,92,21.5,0.0,58,0.0,6.6,347,1.4846769586695112,-6.430842427582552
2021-05-04 05:00:00,22.8,92,21.5,0.2,54,0.0,5.8,356,0.4045875477159287,-5.78587149150698
2021-05-04 06:00:00,22.5,94,21.5,0.0,57,3.0,6.5,3,-0.3401837155791349,-6.49109197590473
2021-05-04 07:00:00,24.0,89,22.2,0.0,55,27.0,6.6,29,-3.1997434936258244,-5.772490067120011
2021-05-04 08:00:00,25.4,81,22.0,0.0,66,102.0,3.9,34,-2.180852323535913,-3.233246532964663
2021-05-04 09:00:00,26.6,78,22.5,0.0,61,217.0,3.2,297,2.8512208774027776,-1.4527695991665492
2021-05-04 10:00:00,28.2,72,22.7,0.0,44,425.0,5.4,233,4.312631754255381,3.2498011250210608
2021-05-04 11:00:00,29.8,64,22.4,0.0,32,566.0,9.0,203,3.516580156403462,8.284543681071963
2021-05-04 12:00:00,31.1,58,22.0,0.0,31,660.0,14.2,196,3.9140504526013857,13.649916082324127
2021-05-04 13:00:00,31.7,55,21.6,0.0,28,658.0,18.9,194,4.572323826833715,18.33858922661633
2021-05-04 14:00:00,31.5,56,21.7,0.0,22,588.0,22.1,192,4.594848367072485,21.617061976217105
2021-05-04 15:00:00,31.5,57,21.9,0.0,17,615.0,22.6,189,3.5354189099092146,22.321756497450117
2021-05-04 16:00:00,30.8,60,22.2,0.0,23,447.0,22.1,187,2.693312489253756,21.93526995127322
2021-05-04 17:00:00,29.8,65,22.6,0.0,26,217.0,20.5,183,1.072887102980343,20.471905462468765
2021-05-04 18:00:00,28.6,70,22.7,0.0,30,48.0,15.5,181,0.2705122997778963,15.497639274924063
2021-05-04 19:00:00,27.5,75,22.6,0.0,28,1.0,14.8,183,0.7745721523955648,14.779717114367694
2021-05-04 20:00:00,26.8,78,22.7,0.0,26,0.0,14.0,181,0.2443336901219709,13.997867732189478
2021-05-04 21:00:00,26.3,81,22.8,0.0,23,0.0,13.0,177,-0.6803674311582695,12.98218395180946
2021-05-04 22:00:00,25.9,83,22.8,0.0,27,0.0,12.3,177,-0.6437322617882089,12.283143277481258
2021-05-04 23:00:00,25.6,84,22.6,0.0,26,0.0,11.9,175,-1.0371533386971326,11.854716907291772
2021-05-05 00:00:00,25.4,83,22.4,0.0,33,0.0,12.8,170,-2.222696674136708,12.605539238556265
2021-05-05 01:00:00,25.2,84,22.3,0.0,31,0.0,13.4,172,-1.8649195528648757,13.269592121137045
2021-05-05 02:00:00,25.1,84,22.3,0.0,31,0.0,13.4,174,-1.40068140778656,13.326593397934865
2021-05-05 03:00:00,25.0,87,22.8,0.0,38,0.0,11.5,176,-0.8021994480574435,11.47198657798798
2021-05-05 04:00:00,25.0,88,22.8,0.0,46,0.0,9.5,169,-1.8126854560771768,9.325458242752807
2021-05-05 05:00:00,24.8,88,22.8,0.0,38,0.0,8.0,153,-3.631923997916375,7.128052193506942
2021-05-05 06:00:00,24.8,88,22.6,0.0,30,3.0,7.2,162,-2.224922359499622,6.8476069173251055
2021-05-05 07:00:00,26.0,82,22.6,0.0,38,50.0,7.6,172,-1.0577155672964964,7.5260373224359345
2021-05-05 08:00:00,27.5,76,22.9,0.0,30,185.0,8.7,185,0.758254961904624,8.666893873398186
2021-05-05 09:00:00,28.3,74,23.3,0.0,30,299.0,9.2,206,4.033014550459512,8.268905225952334
2021-05-05 10:00:00,29.1,71,23.3,0.0,44,440.0,9.2,225,6.505382386916236,6.505382386916239
2021-05-05 11:00:00,29.5,70,23.3,0.1,38,422.0,8.8,258,8.60769888645749,1.8296228791962863
2021-05-05 12:00:00,29.2,72,23.7,0.4,41,347.0,10.0,291,9.335804264972015,-3.583679495453004
2021-05-05 13:00:00,28.7,75,23.8,2.1,50,292.0,12.0,303,10.06404681534509,-6.53566842018032
2021-05-05 14:00:00,27.4,82,24.2,5.0,50,214.0,14.6,327,7.9517299112193935,-12.24459029200319
2021-05-05 15:00:00,27.0,81,23.4,2.5,99,250.0,13.6,11,-2.5950023371210094,-13.35012969488823
2021-05-05 16:00:00,27.2,78,23.0,0.0,82,140.0,11.6,16,-3.19739332747719,-11.1506356728845
2021-05-05 17:00:00,27.3,77,22.9,0.0,82,109.0,12.3,357,0.6437322617882157,-12.283143277481258
2021-05-05 18:00:00,26.4,81,22.9,0.0,52,39.0,16.2,347,3.6442070803706175,-15.784795049520808
2021-05-05 19:00:00,25.1,85,22.5,0.0,37,1.0,18.8,355,1.6385279636559764,-18.728460324124818
2021-05-05 20:00:00,24.4,86,21.9,0.0,20,0.0,18.0,2,-0.6281909406450175,-17.989034886343724
2021-05-05 21:00:00,24.0,86,21.5,0.0,19,0.0,15.2,4,-1.0602984009107046,-15.162973563949327
2021-05-05 22:00:00,23.8,86,21.3,0.0,15,0.0,12.6,360,3.08610993385133e-15,-12.6
2021-05-05 23:00:00,23.6,86,21.2,0.0,28,0.0,11.6,355,1.0110066158728364,-11.555858497864248
2021-05-06 00:00:00,23.3,87,21.1,0.0,17,0.0,11.3,353,1.3771235804781636,-11.21577151354694
2021-05-06 01:00:00,23.2,87,21.0,0.0,19,0.0,10.9,354,1.1393602496174222,-10.84028865951418
2021-05-06 02:00:00,23.1,88,21.0,0.0,23,0.0,10.1,354,1.0557374790032994,-10.04467114321956
2021-05-06 03:00:00,23.2,87,20.8,0.0,22,0.0,9.7,356,0.6766377953180186,-9.676371287520292
2021-05-06 04:00:00,23.1,87,20.9,0.0,35,0.0,9.4,356,0.655710853194781,-9.377102072442348
2021-05-06 05:00:00,23.0,89,21.0,0.0,32,0.0,9.0,355,0.7844016847289249,-8.96575228282571
2021-05-06 06:00:00,23.1,89,21.2,0.0,27,5.0,9.7,356,0.6766377953180186,-9.676371287520292
2021-05-06 07:00:00,24.5,84,21.6,0.0,18,97.0,9.0,358,0.3140954703225074,-8.994517443171862
2021-05-06 08:00:00,26.1,77,21.6,0.0,13,280.0,8.3,358,0.2896658226307568,-8.294943864258496
2021-05-06 09:00:00,27.3,73,22.0,0.0,4,475.0,6.6,351,1.0324674692655251,-6.5187430479279085
2021-05-06 10:00:00,28.2,70,22.3,0.0,6,619.0,5.6,333,2.542346798541463,-4.989636535454859
2021-05-06 11:00:00,29.0,68,22.4,0.0,2,749.0,7.4,321,4.656970893768801,-5.750880114781583
2021-05-06 12:00:00,29.4,66,22.5,0.0,2,798.0,9.7,318,6.490566881680923,-7.208504807130724
2021-05-06 13:00:00,29.5,66,22.6,0.0,13,730.0,11.3,323,6.800509761618146,-9.02458126353441
2021-05-06 14:00:00,29.5,66,22.6,0.0,12,686.0,12.2,332,5.727553065987867,-10.771960632878908
2021-05-06 15:00:00,29.2,67,22.5,0.0,5,523.0,12.0,339,4.300415394543609,-11.202965117966418
2021-05-06 16:00:00,29.0,68,22.4,0.0,7,392.0,11.3,343,3.30380026336693,-10.8062437423823
2021-05-06 17:00:00,28.5,69,22.2,0.0,4,228.0,11.0,341,3.5812496990287235,-10.400704331592486
2021-05-06 18:00:00,27.6,73,22.3,0.0,7,79.0,12.0,339,4.300415394543609,-11.202965117966418
2021-05-06 19:00:00,26.4,78,22.3,0.0,9,2.0,11.6,344,3.1973933274771875,-11.1506356728845
2021-05-06 20:00:00,25.8,80,22.2,0.0,11,0.0,10.9,352,1.5169868004647182,-10.793921949283115
2021-05-06 21:00:00,25.3,82,22.1,0.0,10,0.0,9.0,358,0.3140954703225074,-8.994517443171862
2021-05-06 22:00:00,25.0,85,22.3,0.0,11,0.0,6.5,357,0.3401837155791384,-6.49109197590473
2021-05-06 23:00:00,24.3,90,22.5,0.0,8,0.0,6.6,338,2.4724035165450213,-6.119413440140796
2021-05-07 00:00:00,23.4,95,22.5,0.0,5,0.0,5.2,326,2.907803098047882,-4.3109953772862175
2021-05-07 01:00:00,22.9,96,22.2,0.0,12,0.0,6.1,310,4.672871103025766,-3.921004419087889
2021-05-07 02:00:00,22.6,96,22.0,0.0,20,0.0,6.6,315,4.666904755831214,-4.6669047558312124
2021-05-07 03:00:00,24.0,90,22.3,0.0,33,0.0,5.2,326,2.907803098047882,-4.3109953772862175
2021-05-07 04:00:00,24.5,88,22.4,0.0,32,0.0,3.1,315,2.192031021678298,-2.192031021678297
2021-05-07 05:00:00,24.4,89,22.5,0.0,32,0.0,4.8,297,4.2768313161041664,-2.179154398749824
2021-05-07 06:00:00,24.4,89,22.5,0.0,21,5.0,4.2,329,2.163159914622229,-3.600102662948871
2021-05-07 07:00:00,25.5,84,22.7,0.0,24,94.0,2.3,321,1.447436899414627,-1.7874357113510322
2021-05-07 08:00:00,26.9,74,22.0,0.0,28,274.0,2.9,277,2.8783838397598336,-0.3534210958749282
2021-05-07 09:00:00,27.9,72,22.4,0.0,26,479.0,5.0,270,5.0,9.184850993605148e-16
2021-05-07 10:00:00,28.7,70,22.7,0.0,22,626.0,5.4,270,5.4,9.919639073093561e-16
2021-05-07 11:00:00,29.5,67,22.8,0.0,17,754.0,6.1,273,6.0916401620029,-0.3192493330819581
2021-05-07 12:00:00,30.1,66,23.0,0.0,8,810.0,8.2,285,7.920591775570361,-2.122316169840666
2021-05-07 13:00:00,30.3,66,23.2,0.0,9,811.0,9.4,293,8.65274562245294,-3.672872607799171
2021-05-07 14:00:00,30.3,66,23.3,0.0,14,653.0,9.0,293,8.284543681071964,-3.5165801564034616
2021-05-07 15:00:00,29.9,66,22.8,0.0,4,619.0,8.4,295,7.612985411107859,-3.549993398621877
2021-05-07 16:00:00,29.5,67,22.8,0.0,0,417.0,7.9,294,7.217009115376549,-3.213219480298818
2021-05-07 17:00:00,29.0,69,22.8,0.0,7,258.0,7.1,294,6.486172749262467,-2.887830165838178
2021-05-07 18:00:00,28.2,73,22.9,0.0,6,85.0,5.4,307,4.312631754255383,-3.249801125021059
2021-05-07 19:00:00,27.2,79,23.2,0.0,5,3.0,6.1,310,4.672871103025766,-3.921004419087889
2021-05-07 20:00:00,26.3,84,23.4,0.0,20,0.0,6.1,315,4.31335136523794,-4.3133513652379385
2021-05-07 21:00:00,25.6,88,23.5,0.0,28,0.0,6.4,308,5.04326882308302,-3.940233442084215
2021-05-07 22:00:00,24.7,94,23.6,0.0,27,0.0,4.7,274,4.688551036221175,-0.3278554265973885
2021-05-07 23:00:00,24.6,92,23.3,0.0,25,0.0,7.2,233,5.750175672340508,4.333068166694748
2021-05-08 00:00:00,25.2,91,23.6,0.0,21,0.0,6.6,225,4.666904755831213,4.666904755831214
2021-05-08 01:00:00,24.8,93,23.6,0.0,27,0.0,7.8,202,2.921931428644114,7.232034065620942
2021-05-08 02:00:00,23.4,97,22.9,0.0,30,0.0,8.2,195,2.1223161698406705,7.92059177557036
2021-05-08 03:00:00,24.4,93,23.2,0.0,46,0.0,9.2,191,1.7554427574642113,9.030970087718508
2021-05-08 04:00:00,24.8,92,23.5,0.0,63,0.0,9.6,193,2.159530121701104,9.35395262193826
2021-05-08 05:00:00,24.9,92,23.5,0.0,64,0.0,10.0,193,2.249510543438649,9.743700647852352
2021-05-08 06:00:00,25.2,91,23.6,0.0,61,4.0,5.5,191,1.049449474570996,5.398949508962152
2021-05-08 07:00:00,26.1,87,23.7,0.0,50,59.0,7.6,188,1.057715567296498,7.526037322435934
2021-05-08 08:00:00,27.4,79,23.5,0.0,44,171.0,12.4,188,1.7257464519048125,12.279324052395472
2021-05-08 09:00:00,28.7,71,22.9,0.0,35,361.0,14.8,194,3.580444054875079,14.360376748884748
2021-05-08 10:00:00,29.7,67,22.8,0.0,28,513.0,15.2,202,5.694020219921862,14.093194589415168
2021-05-08 11:00:00,30.4,64,22.9,0.0,14,618.0,15.3,210,7.650000000000002,13.250188677901912
2021-05-08 12:00:00,31.0,62,22.8,0.0,8,761.0,15.7,217,9.44849586348716,12.538577507742495
2021-05-08 13:00:00,31.2,62,23.1,0.0,5,804.0,15.8,225,11.17228714274745,11.172287142747454
2021-05-08 14:00:00,31.1,62,23.1,0.0,7,727.0,15.3,231,11.89033321029165,9.62860198306252
2021-05-08 15:00:00,30.6,66,23.4,0.0,20,637.0,14.1,232,11.11095162585478,8.68082680209178
2021-05-08 16:00:00,30.1,67,23.4,0.0,19,424.0,12.6,243,11.226682204773434,5.720280296718291
2021-05-08 17:00:00,29.3,70,23.4,0.0,6,258.0,10.7,250,10.05471104240922,3.659615533584653
2021-05-08 18:00:00,28.3,75,23.5,0.0,11,87.0,7.4,299,6.472185832831528,-3.5875911898228963
2021-05-08 19:00:00,27.3,81,23.7,0.0,6,3.0,6.4,322,3.940233442084213,-5.043268823083022
2021-05-08 20:00:00,26.5,86,23.9,0.0,6,0.0,7.1,330,3.550000000000003,-6.148780366869512
2021-05-08 21:00:00,25.5,91,24.0,0.0,1,0.0,7.7,323,4.633975678270772,-6.149493427364155
2021-05-08 22:00:00,24.8,94,23.8,0.0,2,0.0,4.3,294,3.9282454678631846,-1.7489675652259389
2021-05-08 23:00:00,24.4,95,23.5,0.0,1,0.0,3.6,225,2.545584412271571,2.545584412271572
2021-05-09 00:00:00,23.9,96,23.3,0.0,0,0.0,6.6,202,2.472403516545019,6.1194134401407965
2021-05-09 01:00:00,23.4,97,22.9,0.0,74,0.0,8.5,208,3.990508283680073,7.505054539300878
2021-05-09 02:00:00,23.4,97,22.9,0.0,74,0.0,8.2,221,5.379684037722157,6.1886185578267305
2021-05-09 03:00:00,24.5,94,23.5,0.0,75,0.0,4.0,280,3.939231012048833,-0.6945927106677199
2021-05-09 04:00:00,24.5,94,23.4,0.0,75,0.0,4.1,15,-1.061158084920335,-3.96029588778518
2021-05-09 05:00:00,22.9,95,22.1,0.0,64,0.0,4.8,42,-3.2118269105225195,-3.5670951622914924
2021-05-09 06:00:00,22.7,96,22.0,0.0,44,8.0,6.2,21,-2.221881287180861,-5.788198644282651
2021-05-09 07:00:00,25.4,89,23.5,0.0,27,108.0,4.5,29,-2.1816432911085166,-3.935788682127281
2021-05-09 08:00:00,26.9,82,23.6,0.0,25,274.0,4.5,346,1.0886485301985054,-4.366330768241984
2021-05-09 09:00:00,28.0,76,23.5,0.0,28,439.0,4.7,302,3.9858260519352022,-2.490620541896062
2021-05-09 10:00:00,29.1,71,23.3,0.0,48,604.0,4.7,274,4.688551036221175,-0.3278554265973885
2021-05-09 11:00:00,30.0,66,23.1,0.0,59,704.0,6.5,264,6.464392319893777,0.6794350112397468
2021-05-09 12:00:00,30.7,64,23.0,0.0,43,798.0,8.3,268,8.294943864258496,0.2896658226307563
2021-05-09 13:00:00,30.9,64,23.3,0.0,18,828.0,9.8,276,9.74631457460908,-1.0243789400229992
2021-05-09 14:00:00,30.8,65,23.5,0.0,11,716.0,9.8,278,9.70462707366739,-1.3638963894086416
2021-05-09 15:00:00,30.2,65,22.9,0.0,15,620.0,8.7,275,8.666893873398186,-0.7582549619046236
2021-05-09 16:00:00,30.0,65,22.8,0.0,18,446.0,8.5,282,8.314254606237347,-1.7672493719509552
2021-05-09 17:00:00,29.4,67,22.7,0.0,10,264.0,8.9,291,8.308865795825096,-3.1894747509531736
2021-05-09 18:00:00,28.4,72,22.9,0.0,17,85.0,9.9,303,8.302838622659701,-5.391926446648764
2021-05-09 19:00:00,27.2,79,23.2,0.0,21,2.0,10.2,315,7.212489168102786,-7.212489168102782
2021-05-09 20:00:00,26.4,84,23.5,0.0,24,0.0,10.8,323,6.4996022500421216,-8.625263508510763
2021-05-09 21:00:00,25.8,88,23.6,0.0,23,0.0,9.0,337,3.516580156403465,-8.284543681071963
2021-05-09 22:00:00,24.9,93,23.7,0.0,14,0.0,7.0,348,1.4553818357243191,-6.847033205136639
2021-05-09 23:00:00,24.3,94,23.3,0.0,21,0.0,6.2,324,3.644268564213335,-5.015905365124674
2021-05-10 00:00:00,24.2,94,23.2,0.0,28,0.0,3.1,225,2.192031021678297,2.192031021678298
2021-05-10 01:00:00,24.1,94,23.2,0.0,30,0.0,5.2,196,1.4333142502483949,4.998560818879258
2021-05-10 02:00:00,24.0,95,23.1,0.0,29,0.0,6.8,205,2.873804179836755,6.16289295184922
2021-05-10 03:00:00,24.1,92,22.8,0.0,30,0.0,6.5,214,3.6347538725598536,5.388744221607771
2021-05-10 04:00:00,24.1,93,22.9,0.0,30,0.0,7.0,235,5.734064310022941,4.015035054457325
2021-05-10 05:00:00,24.1,93,22.9,0.0,31,0.0,6.6,248,6.119413440140796,2.472403516545021
2021-05-10 06:00:00,24.2,93,23.0,0.0,28,4.0,3.6,270,3.6,6.613092715395707e-16
2021-05-10 07:00:00,25.9,86,23.4,0.0,55,52.0,2.3,231,1.7874357113510322,1.447436899414627
2021-05-10 08:00:00,27.3,78,23.1,0.0,58,214.0,5.4,233,4.312631754255381,3.2498011250210608
2021-05-10 09:00:00,28.3,72,22.7,0.0,42,346.0,8.9,230,6.817795543758904,5.720809726210201
2021-05-10 10:00:00,29.3,67,22.5,0.0,34,491.0,9.7,225,6.85893577750951,6.858935777509512
2021-05-10 11:00:00,30.0,65,22.6,0.0,28,653.0,10.7,228,7.951649632608119,7.1596974880397815
2021-05-10 12:00:00,30.6,64,22.9,0.0,18,797.0,12.0,229,9.056514962673264,7.872708347886087
2021-05-10 13:00:00,30.7,63,22.9,0.0,12,729.0,12.5,226,8.99174750423314,8.683229630737465
2021-05-10 14:00:00,30.7,63,22.8,0.0,7,605.0,12.2,227,8.922515159753878,8.320379992762483
2021-05-10 15:00:00,30.7,62,22.5,0.0,22,619.0,11.2,230,8.579697762932552,7.199221228489241
2021-05-10 16:00:00,30.4,62,22.2,0.0,27,440.0,10.7,230,8.196675541373063,6.877827423645972
2021-05-10 17:00:00,29.8,63,22.0,0.0,29,226.0,11.2,228,8.323222045346816,7.49426279121921
2021-05-10 18:00:00,28.8,68,22.2,0.0,11,59.0,7.4,241,6.47218583283153,3.5875911898228927
2021-05-10 19:00:00,27.5,74,22.5,0.0,28,3.0,6.9,231,5.362307134053097,4.342310698243882
2021-05-10 20:00:00,26.8,78,22.7,0.0,29,0.0,7.1,229,5.358438019581681,4.658019105832602
2021-05-10 21:00:00,26.5,81,22.9,0.0,27,0.0,7.4,219,4.656970893768799,5.750880114781584
2021-05-10 22:00:00,26.2,84,23.3,0.0,20,0.0,8.0,188,1.1133848076805242,7.922144549932562
2021-05-10 23:00:00,26.0,87,23.6,0.0,7,0.0,9.0,180,-1.102182119232618e-15,9.0
2021-05-11 00:00:00,25.9,89,23.9,0.0,6,0.0,10.5,184,0.7324429743133154,10.474422527728152
2021-05-11 01:00:00,25.9,89,24.0,0.0,10,0.0,11.5,178,-0.4013442120787631,11.4929945107196
2021-05-11 02:00:00,25.9,90,24.1,0.0,20,0.0,11.9,182,0.4153040107597607,11.89275084152724
2021-05-11 03:00:00,25.5,91,23.9,0.0,20,0.0,12.7,187,1.5477406612453708,12.60533612584479
2021-05-11 04:00:00,25.5,91,24.0,0.0,26,0.0,12.3,187,1.498992923883312,12.208317665188265
2021-05-11 05:00:00,25.5,91,24.0,0.0,28,0.0,11.5,184,0.8021994480574407,11.47198657798798
2021-05-11 06:00:00,25.7,91,24.0,0.0,48,6.0,7.6,177,-0.3977532674463729,7.589584464134761
2021-05-11 07:00:00,27.1,84,24.2,0.0,32,91.0,8.0,175,-0.6972459419812655,7.969557584733964
2021-05-11 08:00:00,28.5,77,24.1,0.0,51,229.0,12.3,185,1.0720156357961927,12.253194786528471
2021-05-11 09:00:00,29.6,71,23.8,0.0,47,385.0,12.3,195,3.183474254761006,11.88088766335554
2021-05-11 10:00:00,30.6,67,23.7,0.0,35,502.0,12.4,202,4.645121758357309,11.497079796628164
2021-05-11 11:00:00,31.5,62,23.5,0.0,19,744.0,12.6,217,7.582869291715809,10.062807426595889
2021-05-11 12:00:00,32.0,60,23.2,0.0,18,734.0,13.5,228,10.032455143944825,9.033263185844584
2021-05-11 13:00:00,32.3,58,22.9,0.0,35,834.0,13.6,233,10.861442936643185,8.184684314867857
2021-05-11 14:00:00,32.3,57,22.6,0.0,23,782.0,13.6,233,10.861442936643185,8.184684314867857
2021-05-11 15:00:00,31.4,60,22.8,0.0,14,574.0,12.8,232,10.086537646166043,7.880466884168424
2021-05-11 16:00:00,31.1,60,22.5,0.0,6,461.0,12.0,229,9.056514962673264,7.872708347886087
2021-05-11 17:00:00,30.5,61,22.3,0.0,4,279.0,11.0,229,8.301805382450492,7.2166493188955805
2021-05-11 18:00:00,29.5,66,22.5,0.0,5,94.0,7.3,250,6.859756131737131,2.49674704627738
2021-05-11 19:00:00,28.3,72,22.9,0.0,5,4.0,8.4,245,7.612985411107862,3.549993398621873
2021-05-11 20:00:00,27.5,78,23.2,0.0,3,0.0,7.5,215,4.301823272632846,6.143640332167439
2021-05-11 21:00:00,26.8,82,23.6,0.0,14,0.0,7.9,180,-9.67470971326409e-16,7.9
2021-05-11 22:00:00,26.4,86,23.8,0.0,14,0.0,8.0,170,-1.3891854213354422,7.878462024097664
2021-05-11 23:00:00,26.0,88,24.0,0.0,8,0.0,8.5,168,-1.767249371950954,8.314254606237348
2021-05-12 00:00:00,25.7,90,24.0,0.0,12,0.0,9.3,164,-2.563427409098093,8.939733772226367
2021-05-12 01:00:00,25.5,91,23.9,0.0,25,0.0,9.8,172,-1.3638963894086402,9.70462707366739
2021-05-12 02:00:00,25.4,90,23.6,0.0,26,0.0,10.1,176,-0.7045403848156677,10.075396907624224
2021-05-12 03:00:00,25.3,90,23.4,0.0,29,0.0,9.4,182,0.3280552690035084,9.3942737739795
2021-05-12 04:00:00,25.2,90,23.5,0.0,29,0.0,9.4,187,1.1455718280083849,9.329933825428428
2021-05-12 05:00:00,25.2,91,23.7,0.0,36,0.0,9.8,186,1.0243789400230043,9.746314574609078
2021-05-12 06:00:00,25.4,90,23.7,0.0,34,5.0,5.8,173,-0.7068421917498557,5.756767679519667
2021-05-12 07:00:00,26.8,83,23.6,0.0,30,68.0,5.4,180,-6.613092715395707e-16,5.4
2021-05-12 08:00:00,28.3,76,23.6,0.0,21,228.0,7.3,189,1.1419715947936844,7.210124886344506
2021-05-12 09:00:00,29.6,69,23.3,0.0,9,448.0,6.8,198,2.101315561749641,6.467184310807045
2021-05-12 10:00:00,30.7,62,22.7,0.0,0,652.0,6.9,208,3.239353783222647,6.092338390726596
2021-05-12 11:00:00,31.5,60,22.7,0.0,3,778.0,7.9,231,6.139453095510068,4.971631089293719
2021-05-12 12:00:00,32.1,58,22.8,0.0,5,839.0,9.8,246,8.95274548489749,3.986019102142841
2021-05-12 13:00:00,32.4,57,22.9,0.0,0,837.0,9.8,253,9.371786608437748,2.865242706282824
2021-05-12 14:00:00,32.5,57,22.8,0.0,0,777.0,9.7,255,9.369480515003962,2.51054473749445
2021-05-12 15:00:00,32.0,57,22.5,0.0,0,638.0,9.8,253,9.371786608437748,2.865242706282824
2021-05-12 16:00:00,31.7,58,22.4,0.0,0,465.0,10.6,252,10.081199072728626,3.275580140374444
2021-05-12 17:00:00,31.2,59,22.3,0.0,0,265.0,9.7,255,9.369480515003962,2.51054473749445
2021-05-12 18:00:00,30.3,63,22.6,0.0,1,92.0,7.3,279,7.210124886344506,-1.141971594793684
2021-05-12 19:00:00,29.2,70,23.2,0.0,14,3.0,6.8,288,6.467184310807045,-2.101315561749641
2021-05-12 20:00:00,28.4,76,23.7,0.0,26,0.0,6.4,297,5.702441754805555,-2.9055391983330985
2021-05-12 21:00:00,27.5,82,24.0,0.0,27,0.0,3.4,288,3.2335921554035223,-1.0506577808748203
2021-05-12 22:00:00,26.9,85,24.2,0.0,26,0.0,1.8,233,1.437543918085127,1.083267041673687
2021-05-12 23:00:00,26.6,87,24.3,0.0,30,0.0,3.2,180,-3.91886975727153e-16,3.2
2021-05-13 00:00:00,26.5,88,24.3,0.0,30,0.0,5.4,176,-0.3766849582182778,5.386845871403051
2021-05-13 01:00:00,26.4,87,24.2,0.0,29,0.0,7.0,168,-1.4553818357243151,6.84703320513664
2021-05-13 02:00:00,26.4,87,24.0,0.0,29,0.0,7.8,167,-1.7546182238821486,7.600086505324834
2021-05-13 03:00:00,26.0,89,24.1,0.0,27,0.0,8.0,170,-1.3891854213354422,7.878462024097664
2021-05-13 04:00:00,25.9,88,23.9,0.0,26,0.0,8.0,170,-1.3891854213354422,7.878462024097664
2021-05-13 05:00:00,25.8,88,23.6,0.0,24,0.0,8.4,173,-1.0237024846032394,8.337387673787106
2021-05-13 06:00:00,26.0,86,23.6,0.0,16,7.0,6.1,177,-0.3192493330819572,6.0916401620029
2021-05-13 07:00:00,27.7,79,23.8,0.0,14,110.0,5.2,192,1.0811407922523495,5.086367523815789
2021-05-13 08:00:00,29.3,71,23.5,0.0,35,297.0,6.8,198,2.101315561749641,6.467184310807045
2021-05-13 09:00:00,30.5,65,23.1,0.0,35,458.0,6.5,199,2.116193003971519,6.145870741395559
2021-05-13 10:00:00,31.5,61,23.1,0.0,14,654.0,6.0,213,3.2678342100901627,5.032023407672544
2021-05-13 11:00:00,32.3,59,23.2,0.0,20,767.0,7.9,231,6.139453095510068,4.971631089293719
2021-05-13 12:00:00,32.8,58,23.3,0.0,10,816.0,10.0,240,8.660254037844386,5.000000000000004
2021-05-13 13:00:00,33.0,57,23.4,0.0,26,779.0,12.1,247,11.138108726774528,4.727846654720214
2021-05-13 14:00:00,33.0,57,23.4,0.0,52,715.0,11.5,250,10.806465139037948,3.933231648245188
2021-05-13 15:00:00,31.5,66,24.5,0.0,30,533.0,11.3,248,10.477177556604698,4.233054505599809
2021-05-13 16:00:00,31.2,67,24.3,0.0,19,399.0,10.2,238,8.650090580795544,5.405176495178691
2021-05-13 17:00:00,30.8,68,24.3,0.0,36,230.0,10.5,232,8.274112912870581,6.46444549091941
2021-05-13 18:00:00,30.0,72,24.5,0.0,79,63.0,8.9,243,7.929958065276474,4.040515447681968
2021-05-13 19:00:00,29.1,78,24.8,0.0,62,2.0,6.2,216,3.644268564213333,5.0159053651246746
2021-05-13 20:00:00,28.4,82,25.0,0.0,44,0.0,5.8,180,-7.10295143505465e-16,5.8
2021-05-13 21:00:00,28.0,84,25.0,0.0,37,0.0,6.9,174,-0.7212463965468108,6.862201078041086
2021-05-13 22:00:00,27.6,86,25.0,0.0,33,0.0,8.5,168,-1.767249371950954,8.314254606237348
2021-05-13 23:00:00,27.3,87,24.9,0.0,30,0.0,9.5,171,-1.4861274178821944,9.383039235653808
2021-05-14 00:00:00,27.2,87,24.9,0.0,27,0.0,10.1,178,-0.3524849166952615,10.093847352892867
2021-05-14 01:00:00,26.9,89,24.9,0.0,25,0.0,10.1,180,-1.2368932671388266e-15,10.1
2021-05-14 02:00:00,26.7,90,24.8,0.0,18,0.0,11.2,180,-1.3716044150450357e-15,11.2
2021-05-14 03:00:00,26.7,89,24.6,0.0,15,0.0,11.9,185,1.0371533386971297,11.854716907291772
2021-05-14 04:00:00,26.5,89,24.5,0.0,22,0.0,12.3,185,1.0720156357961927,12.253194786528471
2021-05-14 05:00:00,26.3,89,24.4,0.0,21,0.0,12.1,190,2.1011429497698586,11.916173811447717
2021-05-14 06:00:00,26.4,88,24.3,0.0,25,8.0,9.1,198,2.8120546488120204,8.654614298285898
2021-05-14 07:00:00,27.6,82,24.1,0.0,26,109.0,8.7,197,2.543633831087809,8.319851376878407
2021-05-14 08:00:00,28.9,73,23.7,0.0,16,304.0,8.8,199,2.86499975922298,8.320563465273988
2021-05-14 09:00:00,30.3,66,23.2,0.0,16,504.0,8.9,207,4.040515447681965,7.929958065276475
2021-05-14 10:00:00,31.6,59,22.6,0.0,20,636.0,9.7,219,6.104407793183424,7.538315826132616
2021-05-14 11:00:00,32.5,54,22.0,0.0,25,770.0,11.2,228,8.323222045346816,7.49426279121921
2021-05-14 12:00:00,33.3,49,21.3,0.0,29,841.0,13.4,234,10.840827724624294,7.876322380719142
2021-05-14 13:00:00,33.7,46,20.6,0.0,35,800.0,14.7,239,12.600359320321049,7.571059701177799
2021-05-14 14:00:00,33.8,45,20.0,0.0,36,642.0,13.1,238,11.10943005964918,6.941942361454985
2021-05-14 15:00:00,32.4,57,22.6,0.0,35,400.0,11.0,247,10.125553387976844,4.298042413382012
2021-05-14 16:00:00,32.1,57,22.5,0.0,31,344.0,10.8,249,10.082668606169776,3.870373855089248
2021-05-14 17:00:00,31.4,59,22.4,0.0,26,202.0,10.2,238,8.650090580795544,5.405176495178691
2021-05-14 18:00:00,30.5,63,22.6,0.0,24,73.0,10.1,253,9.658678035226655,2.9529542176996446
2021-05-14 19:00:00,29.5,68,23.0,0.0,23,2.0,7.8,236,6.466493065929326,4.361704647071823
2021-05-14 20:00:00,28.8,72,23.1,0.0,17,0.0,9.4,220,6.042203531053469,7.200817765318393
2021-05-14 21:00:00,28.2,74,23.1,0.0,16,0.0,8.7,222,5.821436275322066,6.46535998165333
2021-05-14 22:00:00,27.7,76,23.2,0.0,12,0.0,9.0,196,2.480736202352991,8.65135526344487
2021-05-14 23:00:00,27.2,79,23.3,0.0,16,0.0,11.3,189,1.7677094549546073,11.160878248725057
2021-05-15 00:00:00,26.6,82,23.3,0.0,25,0.0,10.5,188,1.461317560080688,10.397814721786489
2021-05-15 01:00:00,26.1,85,23.5,0.0,26,0.0,10.9,189,1.705135668938515,10.765802912487002
2021-05-15 02:00:00,25.9,87,23.6,0.0,26,0.0,10.2,190,1.7712114122026907,10.04503908072452
2021-05-15 03:00:00,25.7,87,23.4,0.0,25,0.0,10.0,195,2.588190451025208,9.659258262890685
2021-05-15 04:00:00,25.5,89,23.6,0.0,24,0.0,10.0,195,2.588190451025208,9.659258262890685
2021-05-15 05:00:00,25.3,91,23.8,0.0,24,0.0,10.2,198,3.151973342624462,9.700776466210566
2021-05-15 06:00:00,25.6,92,24.1,0.0,18,10.0,8.6,202,3.221616703376843,7.973781149274371
2021-05-15 07:00:00,27.6,83,24.4,0.0,10,115.0,8.2,195,2.1223161698406705,7.92059177557036
2021-05-15 08:00:00,29.6,70,23.5,0.0,5,302.0,10.1,197,2.952954217699641,9.658678035226655
2021-05-15 09:00:00,31.2,61,22.7,0.0,2,487.0,12.5,192,2.598896135221994,12.22684500917257
2021-05-15 10:00:00,32.3,57,22.6,0.0,0,666.0,15.2,194,3.677212813114946,14.748495039395143
2021-05-15 11:00:00,33.2,54,22.7,0.0,0,788.0,16.9,200,5.7801404222038,15.88080529128185
2021-05-15 12:00:00,33.6,53,22.8,0.0,0,836.0,18.5,207,8.398824245181613,16.483620697484806
2021-05-15 13:00:00,33.8,53,22.8,0.0,3,837.0,20.5,208,9.624167037110762,18.100425653608
2021-05-15 14:00:00,33.7,53,22.9,0.0,3,740.0,21.9,207,9.942391944296071,19.51304287972525
2021-05-15 15:00:00,33.3,56,23.2,0.0,1,619.0,22.2,205,9.382125410643525,20.12003287221363
2021-05-15 16:00:00,32.6,58,23.3,0.0,0,418.0,21.7,201,7.77658450513302,20.25869525498928
2021-05-15 17:00:00,31.9,61,23.5,0.0,0,258.0,21.1,197,6.169042969649746,20.17803035082005
2021-05-15 18:00:00,30.8,66,23.8,0.0,0,78.0,17.2,200,5.8827464652015005,16.162713077517623
2021-05-15 19:00:00,29.7,71,23.8,0.0,0,4.0,16.2,192,3.368169391247704,15.845991131887647
2021-05-15 20:00:00,29.0,74,24.0,0.0,0,0.0,16.2,184,1.1300548746548291,16.16053761420915
2021-05-15 21:00:00,28.4,78,24.1,0.0,0,0.0,15.8,179,-0.2757480217090783,15.797593583470984
2021-05-15 22:00:00,28.0,80,24.3,0.0,0,0.0,15.5,177,-0.811207321765629,15.478757788695894
2021-05-15 23:00:00,27.7,82,24.3,0.0,0,0.0,15.5,179,-0.2705122997778933,15.497639274924063
2021-05-16 00:00:00,27.5,82,24.2,0.0,1,0.0,16.6,181,0.2897099468589084,16.597471739596095
2021-05-16 01:00:00,27.4,82,24.1,0.0,2,0.0,17.3,181,0.3019266313650069,17.29736512620557
2021-05-16 02:00:00,27.2,82,24.0,0.0,2,0.0,17.6,181,0.307162353296192,17.59731943475249
2021-05-16 03:00:00,27.2,82,24.0,0.0,2,0.0,17.6,180,-2.155378366499342e-15,17.6
2021-05-16 04:00:00,27.0,83,23.9,0.0,4,0.0,17.7,175,-1.54265664663355,17.632646156223895
2021-05-16 05:00:00,26.8,84,23.8,0.0,4,0.0,17.1,173,-2.083965772228024,16.972539193066606
2021-05-16 06:00:00,27.0,83,23.8,0.0,2,10.0,14.1,176,-0.9835662797921698,14.06565310866352
2021-05-16 07:00:00,28.2,76,23.5,0.0,2,117.0,15.2,173,-1.8524140197582424,15.086701504948094
2021-05-16 08:00:00,29.7,66,22.8,0.0,0,302.0,18.0,177,-0.9420472123729884,17.975331625582328
2021-05-16 09:00:00,31.0,60,22.4,0.0,1,494.0,18.7,182,0.6526205883367668,18.68860846525709
2021-05-16 10:00:00,32.2,56,22.3,0.0,1,662.0,18.2,188,2.5329504374731924,18.02287885109658
2021-05-16 11:00:00,33.0,54,22.5,0.0,0,796.0,17.3,197,5.058030491703346,16.544072278160513
2021-05-16 12:00:00,33.4,53,22.7,0.0,0,852.0,17.6,206,7.715332183487764,15.818775214865338
2021-05-16 13:00:00,33.5,53,22.8,0.0,0,852.0,18.5,213,10.075822147778002,15.515405506990344
2021-05-16 14:00:00,33.3,55,22.9,0.0,0,781.0,18.5,217,11.133577928312896,14.774756935874915
2021-05-16 15:00:00,32.8,58,23.4,0.0,2,648.0,18.1,221,11.874668424728178,13.660243402032176
2021-05-16 16:00:00,32.3,59,23.3,0.0,8,479.0,16.8,222,11.24139418682882,12.484833068020224
2021-05-16 17:00:00,31.6,62,23.3,0.0,17,268.0,15.1,220,9.706092906266742,11.567271091096568
2021-05-16 18:00:00,30.5,67,23.7,0.0,27,88.0,8.9,227,6.509047944410617,6.069785404556238
2021-05-16 19:00:00,29.3,74,24.2,0.0,30,3.0,6.8,212,3.6034509967857926,5.766727053863697
2021-05-16 20:00:00,28.6,79,24.5,0.0,30,0.0,6.6,193,1.4846769586695088,6.430842427582553
2021-05-16 21:00:00,28.0,82,24.7,0.0,30,0.0,7.2,183,0.3768188849491937,7.190132650232932
2021-05-16 22:00:00,27.6,85,24.8,0.0,30,0.0,8.6,180,-1.0531962472667237e-15,8.6
2021-05-16 23:00:00,27.3,87,24.9,0.0,30,0.0,9.7,176,-0.6766377953180175,9.676371287520292
2021-05-17 00:00:00,27.0,89,25.0,0.0,28,0.0,11.3,173,-1.3771235804781674,11.215771513546938
2021-05-17 01:00:00,26.7,90,24.9,0.0,21,0.0,11.8,168,-2.45335795164956,11.542141688658909
2021-05-17 02:00:00,26.5,90,24.7,0.0,17,0.0,11.3,173,-1.3771235804781674,11.215771513546938
2021-05-17 03:00:00,26.5,91,24.8,0.0,15,0.0,11.3,171,-1.7677094549546102,11.160878248725057
2021-05-17 04:00:00,26.4,90,24.7,0.0,30,0.0,11.3,173,-1.3771235804781674,11.215771513546938
2021-05-17 05:00:00,26.3,90,24.6,0.0,42,0.0,10.9,174,-1.1393602496174258,10.84028865951418
2021-05-17 06:00:00,26.6,88,24.5,0.0,39,8.0,10.6,170,-1.8406706832694608,10.438962181929403
2021-05-17 07:00:00,27.8,81,24.3,0.0,33,85.0,11.5,176,-0.8021994480574435,11.47198657798798
2021-05-17 08:00:00,29.3,72,23.8,0.0,28,241.0,12.6,178,-0.4397336584515144,12.592324420440606
2021-05-17 09:00:00,30.6,66,23.5,0.0,26,392.0,11.3,187,1.3771235804781647,11.21577151354694
2021-05-17 10:00:00,31.7,62,23.4,0.0,20,613.0,10.8,206,4.734408385322037,9.706975700031004
2021-05-17 11:00:00,32.4,60,23.6,0.0,19,692.0,10.7,228,7.951649632608119,7.1596974880397815
2021-05-17 12:00:00,32.8,59,23.6,0.0,21,776.0,12.2,242,10.771960632878908,5.727553065987867
2021-05-17 13:00:00,32.8,59,23.7,0.0,19,798.0,13.3,251,12.575397055470916,4.330056454280184
2021-05-17 14:00:00,32.7,59,23.7,0.0,8,717.0,12.5,252,11.88820645368942,3.862712429686845
2021-05-17 15:00:00,32.4,60,23.5,0.0,4,596.0,10.7,250,10.05471104240922,3.659615533584653
2021-05-17 16:00:00,32.1,60,23.3,0.0,5,431.0,8.8,235,7.208537989743126,5.047472639889208
2021-05-17 17:00:00,31.7,61,23.3,0.0,11,268.0,8.9,230,6.817795543758904,5.720809726210201
2021-05-17 18:00:00,30.8,65,23.5,0.0,11,90.0,9.0,254,8.651355263444872,2.4807362023529897
2021-05-17 19:00:00,29.7,72,24.1,0.0,13,4.0,6.1,242,5.385980316439454,2.863776532993933
2021-05-17 20:00:00,29.0,77,24.5,0.0,15,0.0,7.0,235,5.734064310022941,4.015035054457325
2021-05-17 21:00:00,28.5,80,24.8,0.0,25,0.0,3.9,202,1.460965714322057,3.616017032810471
2021-05-17 22:00:00,27.9,84,24.9,0.0,29,0.0,5.0,150,-2.5,4.330127018922194
2021-05-17 23:00:00,27.6,86,25.0,0.0,30,0.0,6.6,158,-2.4724035165450204,6.119413440140796
2021-05-18 00:00:00,27.3,88,25.1,0.0,26,0.0,7.6,175,-0.6623836448822022,7.571079705497266
2021-05-18 01:00:00,27.1,89,25.2,0.0,24,0.0,8.6,182,0.3001356716415077,8.594761112364223
2021-05-18 02:00:00,26.9,91,25.3,0.0,23,0.0,8.6,180,-1.0531962472667237e-15,8.6
2021-05-18 03:00:00,27.1,90,25.3,0.0,20,0.0,7.9,180,-9.67470971326409e-16,7.9
2021-05-18 04:00:00,26.8,91,25.2,0.0,27,0.0,8.8,171,-1.3766232923540327,8.691657397237211
2021-05-18 05:00:00,26.6,91,25.1,0.0,19,0.0,8.9,166,-2.153104870837043,8.635631963856369
2021-05-18 06:00:00,26.6,91,25.0,0.0,39,6.0,7.3,160,-2.496747046277383,6.8597561317371305
2021-05-18 07:00:00,27.8,84,24.8,0.0,24,52.0,9.0,175,-0.7844016847289237,8.96575228282571
2021-05-18 08:00:00,29.1,74,24.0,0.0,15,216.0,10.8,180,-1.3226185430791417e-15,10.8
2021-05-18 09:00:00,30.3,67,23.4,0.0,34,377.0,12.3,183,0.6437322617882059,12.283143277481258
2021-05-18 10:00:00,31.4,61,23.1,0.0,38,526.0,13.0,194,3.1449846427956776,12.613844441587954
2021-05-18 11:00:00,32.2,58,23.0,0.0,50,625.0,12.9,210,6.450000000000002,11.171727708819258
2021-05-18 12:00:00,32.7,56,22.9,0.0,37,645.0,13.0,222,8.698697882665158,9.660882731206126
2021-05-18 13:00:00,32.7,56,22.8,0.0,44,532.0,14.0,222,9.367828489024015,10.40402755668352
2021-05-18 14:00:00,32.4,57,22.7,0.0,31,452.0,14.9,217,8.967043844965522,11.899669099704663
2021-05-18 15:00:00,32.4,59,23.2,0.0,27,430.0,14.7,216,8.640443208699352,11.892549817311728
2021-05-18 16:00:00,31.9,60,23.2,0.0,21,347.0,14.3,223,9.752576548893726,10.45835793315414
2021-05-18 17:00:00,31.3,63,23.3,0.0,30,231.0,13.6,230,10.418204426418098,8.741911491736937
2021-05-18 18:00:00,30.3,67,23.5,0.0,38,53.0,8.7,232,6.8556935563784815,5.356254835333225
2021-05-18 19:00:00,29.5,70,23.6,0.0,41,1.0,6.4,232,5.043268823083022,3.940233442084212
2021-05-18 20:00:00,28.9,74,23.7,0.0,38,0.0,5.4,228,4.01298205757793,3.613305274337834
2021-05-18 21:00:00,28.4,76,23.8,0.0,34,0.0,2.9,180,-3.5514757175273243e-16,2.9
2021-05-18 22:00:00,28.0,78,23.8,0.0,34,0.0,4.8,153,-2.1791543987498248,4.276831316104166
2021-05-18 23:00:00,27.7,79,23.7,0.0,36,0.0,5.7,145,-3.269385687200962,4.669166652447254
2021-05-19 00:00:00,27.4,80,23.7,0.0,37,0.0,7.2,143,-4.333068166694747,5.750175672340509
2021-05-19 01:00:00,27.2,81,23.6,0.0,31,0.0,7.8,146,-4.361704647071826,6.466493065929325
2021-05-19 02:00:00,27.0,81,23.5,0.0,28,0.0,8.2,151,-3.975438886019965,7.171881598543044
2021-05-19 03:00:00,26.8,81,23.3,0.0,29,0.0,9.3,152,-4.366085533908784,8.211412613588022
2021-05-19 04:00:00,26.1,84,23.2,0.0,18,0.0,9.7,158,-3.6336839561343486,8.993683389297836
2021-05-19 05:00:00,25.5,87,23.2,0.0,16,0.0,9.2,169,-1.7554427574642135,9.030970087718508
2021-05-19 06:00:00,25.5,88,23.5,0.0,16,8.0,7.2,174,-0.7526049355271069,7.160557646651568
2021-05-19 07:00:00,27.5,79,23.6,0.0,10,82.0,6.1,180,-7.470345474798854e-16,6.1
2021-05-19 08:00:00,29.4,69,23.2,0.0,7,285.0,8.0,185,0.6972459419812636,7.969557584733964
2021-05-19 09:00:00,30.8,62,22.6,0.0,3,478.0,9.5,189,1.486127417882192,9.38303923565381
2021-05-19 10:00:00,32.1,56,22.2,0.0,9,646.0,11.4,191,2.17522254729261,11.19054989130337
2021-05-19 11:00:00,33.2,52,22.1,0.0,16,782.0,13.5,196,3.7211043035294864,12.977032895167303
2021-05-19 12:00:00,33.8,51,22.3,0.0,22,822.0,15.6,209,7.563030075842856,13.644067431374577
2021-05-19 13:00:00,33.9,51,22.5,0.0,6,783.0,18.1,215,10.381733497953936,14.826652001630752
2021-05-19 14:00:00,33.9,51,22.5,0.0,18,730.0,19.9,212,10.545393358240776,16.87615711351288
2021-05-19 15:00:00,33.1,56,23.2,0.0,15,563.0,20.4,206,8.94277139449718,18.335398544503004
2021-05-19 16:00:00,32.6,58,23.4,0.0,7,424.0,21.7,199,7.064828951720301,20.51775309050517
2021-05-19 17:00:00,31.8,63,23.8,0.0,3,254.0,21.3,196,5.871075678902079,20.47487412348619
2021-05-19 18:00:00,30.8,68,24.3,0.0,16,90.0,16.7,199,5.436988179434517,15.790160212508589
2021-05-19 19:00:00,29.8,73,24.5,0.0,18,4.0,15.3,195,3.959931390068568,14.778665142222746
2021-05-19 20:00:00,29.1,77,24.6,0.0,25,0.0,15.5,184,1.0812253430339418,15.462242779027276
2021-05-19 21:00:00,28.6,79,24.6,0.0,27,0.0,15.2,176,-1.060298400910708,15.162973563949327
2021-05-19 22:00:00,28.2,81,24.6,0.0,23,0.0,14.9,172,-2.073679204304973,14.7549942242494
2021-05-19 23:00:00,27.9,81,24.4,0.0,31,0.0,16.1,170,-2.7957356604375776,15.855404823496553
2021-05-20 00:00:00,27.7,81,24.1,0.0,31,0.0,17.1,173,-2.083965772228024,16.972539193066606
2021-05-20 01:00:00,27.5,81,23.9,0.0,35,0.0,17.7,174,-1.850153799837471,17.60303754801844
2021-05-20 02:00:00,27.3,81,23.8,0.0,36,0.0,18.1,174,-1.8919651851445327,18.000846306165748
2021-05-20 03:00:00,27.4,79,23.5,0.0,34,0.0,17.7,175,-1.54265664663355,17.632646156223895
2021-05-20 04:00:00,27.4,79,23.5,0.0,36,0.0,17.1,172,-2.379860026417117,16.933583975480854
2021-05-20 05:00:00,27.3,80,23.5,0.0,36,0.0,15.3,172,-2.129348444689,15.151101451746028
2021-05-20 06:00:00,27.4,80,23.5,0.0,38,6.0,14.7,169,-2.8048922320352108,14.42991959668066
2021-05-20 07:00:00,28.3,75,23.4,0.0,39,47.0,15.1,168,-3.1394665313481656,14.770028771080463
2021-05-20 08:00:00,29.4,69,23.2,0.0,39,127.0,16.0,172,-2.226769615361045,15.844289099865126
2021-05-20 09:00:00,30.8,63,22.9,0.0,29,278.0,16.6,179,-0.2897099468589051,16.597471739596095
2021-05-20 10:00:00,32.0,58,22.7,0.0,31,512.0,16.3,185,1.4206386067868246,16.237973578895453
2021-05-20 11:00:00,32.7,55,22.6,0.0,30,505.0,16.2,197,4.736421616508335,15.492137046601174
2021-05-20 12:00:00,33.3,54,22.8,0.0,28,768.0,16.7,205,7.057724971069677,15.135340043512056
2021-05-20 13:00:00,33.4,54,22.9,0.0,33,685.0,17.1,215,9.80815706160289,14.00749995734176
2021-05-20 14:00:00,33.2,55,23.0,0.0,33,639.0,16.3,221,10.693762172545265,12.301766157631189
2021-05-20 15:00:00,32.7,58,23.3,0.0,33,456.0,14.0,224,9.725217186425962,10.070757204741115
2021-05-20 16:00:00,32.3,59,23.2,0.0,19,338.0,12.3,218,7.572636146505596,9.69253226936268
2021-05-20 17:00:00,31.9,60,23.1,0.0,17,252.0,11.3,211,5.8199302464836125,9.68599049793387
2021-05-20 18:00:00,31.1,63,23.3,0.0,24,81.0,6.9,227,5.046340541172277,4.705788684431241
2021-05-20 19:00:00,30.0,69,23.7,0.0,25,4.0,6.6,209,3.199743493625824,5.772490067120012
2021-05-20 20:00:00,29.3,73,24.0,0.0,31,0.0,7.4,203,2.8914103508206246,6.811735915548059
2021-05-20 21:00:00,28.8,76,24.2,0.0,30,0.0,6.5,177,-0.3401837155791347,6.49109197590473
2021-05-20 22:00:00,28.4,79,24.4,0.0,29,0.0,7.6,172,-1.0577155672964964,7.5260373224359345
2021-05-20 23:00:00,28.0,81,24.4,0.0,28,0.0,9.4,176,-0.65571085319478,9.377102072442348
2021-05-21 00:00:00,27.8,82,24.5,0.0,30,0.0,9.2,191,1.7554427574642113,9.030970087718508
2021-05-21 01:00:00,27.6,84,24.7,0.0,32,0.0,8.6,195,2.225843787881679,8.306962106085987
2021-05-21 02:00:00,27.5,86,24.9,0.0,32,0.0,8.3,180,-1.0164568432923032e-15,8.3
2021-05-21 03:00:00,27.4,84,24.5,0.0,30,0.0,7.6,177,-0.3977532674463729,7.589584464134761
2021-05-21 04:00:00,27.2,84,24.4,0.0,28,0.0,7.6,175,-0.6623836448822022,7.571079705497266
2021-05-21 05:00:00,27.1,83,24.1,0.0,34,0.0,7.8,167,-1.7546182238821486,7.600086505324834
2021-05-21 06:00:00,27.4,80,23.6,0.0,29,8.0,9.4,157,-3.6728726077991736,8.65274562245294
2021-05-21 07:00:00,28.7,74,23.5,0.0,25,98.0,11.5,160,-3.933231648245192,10.806465139037943
2021-05-21 08:00:00,30.0,70,23.8,0.0,22,252.0,12.4,170,-2.1532374030699355,12.21161613735138
2021-05-21 09:00:00,31.2,63,23.3,0.0,20,433.0,11.2,186,1.170718788597719,11.13864522812466
2021-05-21 10:00:00,31.5,63,23.5,0.2,26,452.0,11.0,199,3.5812496990287244,10.400704331592484
2021-05-21 11:00:00,31.9,62,23.6,0.0,30,457.0,11.1,209,5.38138678473434,9.708278749247294
2021-05-21 12:00:00,32.0,61,23.7,0.0,32,377.0,11.7,223,7.979380812731231,8.556838308944295
2021-05-21 13:00:00,32.0,63,24.0,0.0,28,371.0,11.6,234,9.38459713474939,6.81830892659269
2021-05-21 14:00:00,31.9,64,24.2,0.0,12,427.0,11.8,232,9.29852689255932,7.264805408842766
2021-05-21 15:00:00,32.7,59,23.7,0.0,5,570.0,11.5,224,7.988571260278468,8.272407703894487
2021-05-21 16:00:00,32.4,60,23.7,0.0,16,413.0,10.5,229,7.924450592339106,6.888619804400326
2021-05-21 17:00:00,31.9,62,23.6,0.0,17,251.0,10.5,239,9.000256657372177,5.407899786555571
2021-05-21 18:00:00,31.1,66,23.9,0.0,33,80.0,7.7,242,6.798696465013738,3.614931033451359
2021-05-21 19:00:00,30.1,72,24.4,0.0,32,3.0,6.9,219,4.34231069824388,5.362307134053099
2021-05-21 20:00:00,29.5,76,24.8,0.0,31,0.0,6.9,208,3.239353783222647,6.092338390726596
2021-05-21 21:00:00,29.0,80,25.2,0.0,30,0.0,5.9,194,1.4273391840380385,5.72474478502838
2021-05-21 22:00:00,28.7,83,25.4,0.0,28,0.0,5.8,180,-7.10295143505465e-16,5.8
2021-05-21 23:00:00,28.4,85,25.6,0.0,30,0.0,6.6,171,-1.0324674692655245,6.5187430479279085
2021-05-22 00:00:00,28.0,88,25.8,0.0,31,0.0,5.8,173,-0.7068421917498557,5.756767679519667
2021-05-22 01:00:00,27.5,91,25.9,0.0,30,0.0,6.4,164,-1.764079077228795,6.1520748540052415
2021-05-22 02:00:00,27.0,93,25.8,0.0,30,0.0,5.7,162,-1.7613968679372007,5.421022142882375
2021-05-22 03:00:00,26.9,89,24.8,0.0,31,0.0,6.5,161,-2.1161930039715178,6.14587074139556
2021-05-22 04:00:00,26.5,90,24.7,0.0,32,0.0,4.5,151,-2.181643291108517,3.935788682127281
2021-05-22 05:00:00,26.2,91,24.6,0.0,34,0.0,4.7,148,-2.490620541896063,3.985826051935202
2021-05-22 06:00:00,26.3,91,24.6,0.0,33,3.0,5.0,180,-6.123233995736766e-16,5.0
2021-05-22 07:00:00,28.4,77,24.0,0.0,30,28.0,4.7,180,-5.755839955992562e-16,4.7
2021-05-22 08:00:00,29.5,74,24.4,0.0,26,167.0,5.0,201,1.7918397477265022,4.667902132486009
2021-05-22 09:00:00,30.5,69,24.2,0.0,23,311.0,5.1,225,3.606244584051392,3.606244584051393
2021-05-22 10:00:00,31.6,63,23.7,0.0,14,531.0,6.1,230,4.672871103025765,3.9210044190878905
2021-05-22 11:00:00,32.3,59,23.4,0.0,41,640.0,7.9,240,6.8416006898970645,3.950000000000004
2021-05-22 12:00:00,32.9,57,23.3,0.0,40,800.0,9.4,247,8.652745622452938,3.672872607799174
2021-05-22 13:00:00,33.1,57,23.3,0.0,35,783.0,10.8,249,10.082668606169776,3.870373855089248
2021-05-22 14:00:00,32.8,58,23.5,0.0,43,666.0,12.1,247,11.138108726774528,4.727846654720214
2021-05-22 15:00:00,32.6,58,23.2,0.0,35,554.0,12.0,249,11.20296511796642,4.3004153945436085
2021-05-22 16:00:00,32.2,59,23.2,0.0,40,350.0,10.5,254,10.09324780735235,2.894192236078488
2021-05-22 17:00:00,31.5,62,23.4,0.0,32,166.0,8.2,255,7.92059177557036,2.122316169840669
2021-05-22 18:00:00,30.8,66,23.7,0.0,22,58.0,7.6,275,7.571079705497266,-0.6623836448821999
2021-05-22 19:00:00,30.0,71,24.2,0.0,20,4.0,4.9,253,4.685893304218873,1.4326213531414118
2021-05-22 20:00:00,29.5,75,24.5,0.0,11,0.0,3.5,246,3.1974091017491038,1.4235782507653003
2021-05-22 21:00:00,29.0,78,24.8,0.0,13,0.0,1.8,281,1.766928930205795,-0.3434561916777812
2021-05-22 22:00:00,28.3,84,25.2,0.0,25,0.0,1.3,326,0.7269507745119705,-1.0777488443215544
2021-05-22 23:00:00,27.8,87,25.4,0.0,29,0.0,0.5,45,-0.3535533905932738,-0.3535533905932738
2021-05-23 00:00:00,27.5,88,25.3,0.0,33,0.0,1.1,108,-1.046162167924669,0.3399186938124421
2021-05-23 01:00:00,26.8,91,25.2,0.0,32,0.0,1.9,158,-0.7117525274902332,1.7616493236768958
2021-05-23 02:00:00,26.6,91,25.1,0.2,37,0.0,4.1,195,1.0611580849203353,3.96029588778518
2021-05-23 03:00:00,26.7,90,24.9,0.0,43,0.0,5.1,188,0.7097828148963341,5.050367150582008
2021-05-23 04:00:00,26.4,91,24.8,0.0,47,0.0,4.8,167,-1.079765060850553,4.6769763109691285
2021-05-23 05:00:00,26.3,90,24.6,0.0,38,0.0,6.4,164,-1.764079077228795,6.1520748540052415
2021-05-23 06:00:00,26.6,89,24.5,0.0,48,6.0,2.6,236,2.1554976886431088,1.453901549023941
2021-05-23 07:00:00,28.5,76,23.8,0.0,27,87.0,3.6,217,2.1665340833473743,2.875087836170254
2021-05-23 08:00:00,29.6,70,23.6,0.0,32,240.0,3.4,212,1.8017254983928963,2.8833635269318485
2021-05-23 09:00:00,30.7,65,23.4,0.0,20,383.0,3.1,225,2.192031021678297,2.192031021678298
2021-05-23 10:00:00,31.6,62,23.4,0.0,20,471.0,4.0,243,3.564026096753471,1.815961998958188
2021-05-23 11:00:00,32.3,60,23.5,0.0,27,598.0,5.6,255,5.409184627218783,1.4493866525741157
2021-05-23 12:00:00,32.6,60,23.7,0.0,14,617.0,7.6,270,7.6,1.3960973510279824e-15
2021-05-23 13:00:00,32.7,60,23.8,0.0,9,666.0,8.8,282,8.60769888645749,-1.8296228791962832
2021-05-23 14:00:00,32.9,59,23.8,0.0,32,626.0,5.4,278,5.34744757120448,-0.7515347451843536
2021-05-23 15:00:00,32.2,63,24.2,0.0,53,499.0,5.2,254,4.998560818879259,1.4333142502483942
2021-05-23 16:00:00,32.1,63,24.2,0.0,53,297.0,6.9,231,5.362307134053097,4.342310698243882
2021-05-23 17:00:00,31.8,64,24.1,0.0,40,165.0,7.4,223,5.046787864462488,5.412017391981863
2021-05-23 18:00:00,31.1,67,24.2,0.0,42,39.0,6.1,270,6.1,1.120551821219828e-15
2021-05-23 19:00:00,30.3,71,24.6,0.0,34,1.0,1.9,292,1.761649323676896,-0.7117525274902327
2021-05-23 20:00:00,29.7,75,24.9,0.0,33,0.0,4.0,185,0.3486229709906318,3.984778792366982
2021-05-23 21:00:00,29.3,79,25.2,0.0,29,0.0,5.5,203,2.1490212066910046,5.062776693988422
2021-05-23 22:00:00,29.1,80,25.3,0.0,28,0.0,5.9,194,1.4273391840380385,5.72474478502838
2021-05-23 23:00:00,28.7,82,25.3,0.0,27,0.0,6.1,177,-0.3192493330819572,6.0916401620029
2021-05-24 00:00:00,28.5,83,25.3,0.0,28,0.0,8.0,170,-1.3891854213354422,7.878462024097664
2021-05-24 01:00:00,28.2,84,25.2,0.1,26,0.0,8.7,173,-1.0602632876247835,8.6351515192795
2021-05-24 02:00:00,27.9,85,25.1,0.1,25,0.0,8.3,175,-0.7233926648055631,8.268415994161488
2021-05-24 03:00:00,28.0,84,25.0,0.0,26,0.0,7.2,174,-0.7526049355271069,7.160557646651568
2021-05-24 04:00:00,27.7,85,24.9,0.0,32,0.0,6.6,167,-1.4846769586695103,6.430842427582552
2021-05-24 05:00:00,27.2,86,24.7,0.0,51,0.0,5.8,180,-7.10295143505465e-16,5.8
2021-05-24 06:00:00,27.2,86,24.7,0.2,45,6.0,4.0,170,-0.6945927106677211,3.939231012048832
2021-05-24 07:00:00,28.2,81,24.6,0.0,44,79.0,5.2,155,-2.1976149610516376,4.71280049259058
2021-05-24 08:00:00,29.3,76,24.6,0.0,33,245.0,7.2,177,-0.3768188849491954,7.190132650232932
2021-05-24 09:00:00,30.2,71,24.3,0.2,28,439.0,8.1,193,1.8221035401853063,7.892397524760405
2021-05-24 10:00:00,30.8,68,24.3,0.2,12,521.0,9.5,209,4.605691392340201,8.30888721782426
2021-05-24 11:00:00,31.3,67,24.4,0.0,38,552.0,10.7,220,6.87782742364597,8.196675541373065
2021-05-24 12:00:00,32.0,66,24.7,0.0,38,698.0,10.9,226,7.840803823691298,7.57177623800307
2021-05-24 13:00:00,32.2,65,24.7,0.0,39,671.0,11.8,232,9.29852689255932,7.264805408842766
2021-05-24 14:00:00,32.3,64,24.6,0.0,27,565.0,11.4,242,10.065602558591769,5.351975815759155
2021-05-24 15:00:00,31.9,65,24.6,0.0,26,381.0,9.6,257,9.353952621938255,2.1595301217011063
2021-05-24 16:00:00,31.7,66,24.6,0.0,18,305.0,7.6,270,7.6,1.3960973510279824e-15
2021-05-24 17:00:00,31.2,68,24.6,0.0,21,179.0,5.8,277,5.756767679519667,-0.7068421917498565
2021-05-24 18:00:00,29.4,77,24.9,0.5,39,56.0,7.7,281,7.558529312547012,-1.4692292643993974
2021-05-24 19:00:00,28.9,81,25.3,0.2,41,4.0,4.2,290,3.9467090073008153,-1.43648460196781
2021-05-24 20:00:00,28.5,85,25.7,0.1,36,0.0,3.1,339,1.1109406435904323,-2.894099322141325
2021-05-24 21:00:00,28.4,87,26.0,0.0,32,0.0,4.1,15,-1.061158084920335,-3.96029588778518
2021-05-24 22:00:00,27.7,87,25.3,0.2,35,0.0,4.7,360,1.1511679911985121e-15,-4.7
2021-05-24 23:00:00,27.1,91,25.5,0.1,26,0.0,3.2,333,1.4527695991665504,-2.851220877402777
2021-05-25 00:00:00,27.1,90,25.2,0.0,28,0.0,2.9,277,2.8783838397598336,-0.3534210958749282
2021-05-25 01:00:00,26.8,92,25.4,0.0,8,0.0,3.6,264,3.5802788233257843,0.3763024677635521
2021-05-25 02:00:00,26.8,92,25.4,0.0,5,0.0,4.3,265,4.283637201794505,0.3747696938149304
2021-05-25 03:00:00,27.6,88,25.4,0.0,17,0.0,1.5,284,1.4554435894139948,-0.3628828433995011
2021-05-25 04:00:00,26.6,92,25.2,0.0,19,0.0,0.7,360,1.7145055188062944e-16,-0.7
2021-05-25 05:00:00,26.2,94,25.1,0.1,23,0.0,2.6,344,0.7166571251241973,-2.499280409439629
2021-05-25 06:00:00,26.0,95,25.1,0.4,35,8.0,5.3,332,2.4881992827652213,-4.679622242152313
2021-05-25 07:00:00,26.7,91,25.1,0.4,39,68.0,3.8,343,1.1110124779464012,-3.633958072659534
2021-05-25 08:00:00,27.4,85,24.7,0.0,31,187.0,3.1,324,1.8221342821066675,-2.507952682562337
2021-05-25 09:00:00,28.6,80,24.8,0.0,24,282.0,3.7,299,3.236092916415764,-1.793795594911448
2021-05-25 10:00:00,29.7,75,24.8,0.0,20,399.0,5.3,298,4.6796222421523135,-2.488199282765219
2021-05-25 11:00:00,30.4,72,24.8,0.0,28,325.0,6.6,311,4.981083229470297,-4.3299895913373465
2021-05-25 12:00:00,31.3,67,24.4,0.0,55,515.0,8.5,324,4.996174644486024,-6.876644452187052
2021-05-25 13:00:00,31.9,64,24.2,0.0,81,588.0,11.7,326,6.542556970607735,-9.69973959889399
2021-05-25 14:00:00,32.0,64,24.4,0.0,37,567.0,10.6,336,4.311408416603482,-9.68358185101157
2021-05-25 15:00:00,31.4,66,24.3,0.0,40,396.0,9.0,323,5.416335208368435,-7.187719590425635
2021-05-25 16:00:00,30.5,70,24.3,0.0,86,283.0,4.0,333,1.815961998958188,-3.564026096753471
2021-05-25 17:00:00,29.6,73,24.4,0.5,86,162.0,4.3,24,-1.7489675652259409,-3.928245467863184
2021-05-25 18:00:00,28.2,80,24.5,1.5,93,67.0,5.4,8,-0.7515347451843534,-5.34744757120448
2021-05-25 19:00:00,27.5,84,24.6,0.4,37,4.0,4.4,35,-2.523736319944603,-3.604268994871564
2021-05-25 20:00:00,27.1,86,24.6,0.3,35,0.0,4.3,66,-3.928245467863184,-1.7489675652259409
2021-05-25 21:00:00,26.7,89,24.7,0.2,21,0.0,4.0,85,-3.984778792366982,-0.3486229709906325
2021-05-25 22:00:00,26.7,87,24.3,0.0,16,0.0,3.9,112,-3.616017032810471,1.4609657143220571
2021-05-25 23:00:00,26.9,86,24.4,0.0,10,0.0,4.1,142,-2.5242120488352,3.2308440897875594
2021-05-26 00:00:00,27.0,86,24.4,0.0,8,0.0,4.7,171,-0.7352419856890856,4.642135200797148
2021-05-26 01:00:00,27.1,85,24.5,0.0,10,0.0,5.4,180,-6.613092715395707e-16,5.4
2021-05-26 02:00:00,27.0,86,24.4,0.0,6,0.0,6.1,177,-0.3192493330819572,6.0916401620029
2021-05-26 03:00:00,27.1,85,24.4,0.0,18,0.0,6.6,171,-1.0324674692655245,6.5187430479279085
2021-05-26 04:00:00,26.5,88,24.3,0.0,17,0.0,4.5,166,-1.0886485301985047,4.366330768241984
2021-05-26 05:00:00,26.6,87,24.4,0.0,38,0.0,2.5,188,0.3479327524001638,2.475670171853926
2021-05-26 06:00:00,26.5,89,24.5,0.0,44,6.0,3.4,302,2.8833635269318485,-1.801725498392896
2021-05-26 07:00:00,27.8,81,24.2,0.0,52,64.0,3.4,302,2.8833635269318485,-1.801725498392896
2021-05-26 08:00:00,28.5,76,23.8,0.0,45,190.0,1.9,292,1.761649323676896,-0.7117525274902327
2021-05-26 09:00:00,29.7,70,23.6,0.0,34,338.0,3.6,217,2.1665340833473743,2.875087836170254
2021-05-26 10:00:00,30.7,66,23.5,0.1,40,476.0,7.5,215,4.301823272632846,6.143640332167439
2021-05-26 11:00:00,31.2,64,23.6,0.1,25,570.0,10.0,221,6.56059028990507,7.547095802227721
2021-05-26 12:00:00,31.3,64,23.7,0.0,23,444.0,10.4,226,7.481133923521972,7.224447052773572
2021-05-26 13:00:00,31.8,63,23.9,0.0,22,698.0,11.8,230,9.03932442880394,7.584893794301166
2021-05-26 14:00:00,31.8,63,23.8,0.0,23,631.0,13.3,229,10.037637416962868,8.725585085573748
2021-05-26 15:00:00,31.6,66,24.3,0.0,17,540.0,13.2,223,9.002378352824978,9.65386886137305
2021-05-26 16:00:00,31.3,66,24.1,0.0,20,382.0,12.9,216,7.582429754572902,10.436319227436822
2021-05-26 17:00:00,30.9,66,23.9,0.0,17,232.0,12.4,206,5.435802220184561,11.14504617410967
2021-05-26 18:00:00,30.4,68,23.8,0.0,20,84.0,7.7,221,5.051654523226905,5.811263767715346
2021-05-26 19:00:00,29.6,72,23.9,0.0,14,6.0,6.7,216,3.9381611903595695,5.420413862312148
2021-05-26 20:00:00,29.1,74,24.0,0.0,19,0.0,6.6,193,1.4846769586695088,6.430842427582553
2021-05-26 21:00:00,28.7,76,24.1,0.0,16,0.0,6.5,174,-0.6794350112397493,6.4643923198937765
2021-05-26 22:00:00,28.2,78,24.1,0.0,25,0.0,6.9,171,-1.0793978087775935,6.81504955010645
2021-05-26 23:00:00,27.8,80,24.0,0.0,30,0.0,7.1,165,-1.837615220227899,6.858073366652384
2021-05-27 00:00:00,27.3,82,24.0,0.0,35,0.0,6.8,148,-3.603450996785793,5.766727053863696
2021-05-27 01:00:00,27.1,83,23.9,0.0,33,0.0,7.1,150,-3.5499999999999994,6.148780366869515
2021-05-27 02:00:00,26.7,83,23.6,0.0,31,0.0,6.4,153,-2.9055391983331003,5.702441754805554
2021-05-27 03:00:00,27.1,77,22.7,0.0,33,0.0,6.6,151,-3.1997434936258253,5.772490067120011
2021-05-27 04:00:00,26.8,78,22.6,0.0,33,0.0,6.4,153,-2.9055391983331003,5.702441754805554
2021-05-27 05:00:00,26.5,80,22.7,0.0,33,0.0,6.2,159,-2.221881287180861,5.788198644282651
2021-05-27 06:00:00,26.7,80,23.0,0.0,32,8.0,5.6,165,-1.4493866525741177,5.409184627218782
2021-05-27 07:00:00,28.6,70,22.6,0.0,29,87.0,5.4,184,0.3766849582182765,5.386845871403051
2021-05-27 08:00:00,30.1,69,23.8,0.0,26,283.0,5.8,202,2.172718241812289,5.377666356487367
2021-05-27 09:00:00,31.0,66,23.9,0.0,34,415.0,6.9,223,4.705788684431239,5.0463405411722775
2021-05-27 10:00:00,31.8,63,24.0,0.1,37,599.0,9.0,233,7.187719590425635,5.416335208368435
2021-05-27 11:00:00,32.4,62,24.3,0.0,33,676.0,11.3,243,10.068373723328556,5.13009264705688
2021-05-27 12:00:00,32.8,62,24.6,0.0,30,799.0,13.1,254,12.592528216791978,3.6108493612026855
2021-05-27 13:00:00,32.8,62,24.6,0.0,23,656.0,14.2,261,14.025174436450952,2.2213694035712805
2021-05-27 14:00:00,32.5,62,24.4,0.0,32,573.0,14.3,258,13.98751069049342,2.973137178693965
2021-05-27 15:00:00,32.6,59,23.4,0.0,20,614.0,13.4,256,13.001962732098352,3.2417534010355484
2021-05-27 16:00:00,32.2,59,23.2,0.0,15,446.0,12.0,254,11.535140351259829,3.307648269803986
2021-05-27 17:00:00,31.6,62,23.3,0.0,34,238.0,10.5,254,10.09324780735235,2.894192236078488
2021-05-27 18:00:00,30.9,65,23.5,0.0,39,87.0,8.4,263,8.337387673787106,1.0237024846032363
2021-05-27 19:00:00,30.1,70,24.0,0.0,39,4.0,4.1,255,3.96029588778518,1.0611580849203346
2021-05-27 20:00:00,29.6,74,24.4,0.0,35,0.0,1.3,124,-1.0777488443215544,0.7269507745119708
2021-05-27 21:00:00,28.9,78,24.7,0.0,30,0.0,5.0,120,-4.330127018922194,2.499999999999999
2021-05-27 22:00:00,28.4,82,25.0,0.0,30,0.0,5.6,140,-3.5996106142446207,4.289848881466276
2021-05-27 23:00:00,27.9,85,25.1,0.0,30,0.0,7.0,159,-2.5085756468171017,6.535062985480412
2021-05-28 00:00:00,27.6,87,25.3,0.0,30,0.0,6.8,177,-0.3558845024520178,6.790680836331102
2021-05-28 01:00:00,27.3,89,25.4,0.0,32,0.0,6.1,183,0.3192493330819557,6.0916401620029
2021-05-28 02:00:00,27.2,89,25.3,0.0,31,0.0,6.4,164,-1.764079077228795,6.1520748540052415
2021-05-28 03:00:00,27.1,85,24.3,0.0,32,0.0,6.9,174,-0.7212463965468108,6.862201078041086
2021-05-28 04:00:00,27.1,84,24.1,0.0,30,0.0,7.6,188,1.057715567296498,7.526037322435934
2021-05-28 05:00:00,27.1,84,24.1,0.0,36,0.0,7.8,193,1.7546182238821468,7.600086505324834
2021-05-28 06:00:00,27.2,84,24.3,0.0,37,6.0,5.2,196,1.4333142502483949,4.998560818879258
2021-05-28 07:00:00,28.7,73,23.3,0.0,51,76.0,6.3,204,2.5624408513775414,5.755336383148386
2021-05-28 08:00:00,29.3,71,23.5,0.2,56,236.0,8.3,214,4.641301098807197,6.881011852206847
2021-05-28 09:00:00,29.8,72,24.2,0.1,57,342.0,9.9,226,7.121464023352647,6.877117867544073
2021-05-28 10:00:00,30.8,70,24.6,0.2,64,478.0,11.2,230,8.579697762932552,7.199221228489241
2021-05-28 11:00:00,31.5,68,24.8,0.1,59,559.0,12.8,230,9.805368871922918,8.227681403987706
2021-05-28 12:00:00,32.2,64,24.6,0.0,56,552.0,13.3,237,11.15431855367414,7.2436991656998595
2021-05-28 13:00:00,32.6,64,24.8,0.0,63,609.0,14.0,244,12.583116648188335,6.137196055047088
2021-05-28 14:00:00,32.8,63,24.7,0.0,38,623.0,14.2,243,12.65229264347482,6.446665096301566
2021-05-28 15:00:00,32.7,63,24.8,0.0,37,549.0,14.1,238,11.957478155805603,7.471861625688191
2021-05-28 16:00:00,32.2,65,24.8,0.0,30,379.0,12.9,234,10.43631922743682,7.582429754572905
2021-05-28 17:00:00,31.0,72,25.3,0.4,50,210.0,11.5,231,8.937178556755162,7.237184497073135
2021-05-28 18:00:00,30.6,74,25.4,0.0,42,47.0,9.9,237,8.3028386226597,5.391926446648768
2021-05-28 19:00:00,29.9,78,25.7,0.0,33,1.0,6.9,227,5.046340541172277,4.705788684431241
2021-05-28 20:00:00,29.5,81,25.9,0.0,32,0.0,5.8,202,2.172718241812289,5.377666356487367
2021-05-28 21:00:00,29.1,84,26.1,0.0,32,0.0,6.1,208,2.863776532993934,5.385980316439453
2021-05-28 22:00:00,28.8,86,26.2,0.0,31,0.0,6.0,213,3.2678342100901627,5.032023407672544
2021-05-28 23:00:00,28.5,87,26.1,0.0,42,0.0,6.6,189,1.032467469265523,6.518743047927909
2021-05-29 00:00:00,28.0,89,26.0,0.3,57,0.0,6.5,199,2.116193003971519,6.145870741395559
2021-05-29 01:00:00,27.3,89,25.4,0.6,62,0.0,6.8,198,2.101315561749641,6.467184310807045
2021-05-29 02:00:00,27.1,91,25.5,0.4,64,0.0,7.1,195,1.8376152202278973,6.858073366652385
2021-05-29 03:00:00,27.4,89,25.3,0.1,67,0.0,7.0,192,1.4553818357243165,6.847033205136639
2021-05-29 04:00:00,27.3,88,25.1,0.1,52,0.0,6.8,180,-8.327598234202001e-16,6.8
2021-05-29 05:00:00,27.1,86,24.7,0.1,61,0.0,6.5,174,-0.6794350112397493,6.4643923198937765
2021-05-29 06:00:00,27.0,87,24.6,0.1,43,8.0,7.2,177,-0.3768188849491954,7.190132650232932
2021-05-29 07:00:00,27.9,82,24.6,0.4,64,77.0,8.7,185,0.758254961904624,8.666893873398186
2021-05-29 08:00:00,28.5,81,24.9,0.3,64,177.0,9.8,188,1.3638963894086422,9.704627073667387
2021-05-29 09:00:00,29.5,77,25.1,0.3,75,372.0,10.0,206,4.383711467890775,8.98794046299167
2021-05-29 10:00:00,30.4,73,25.0,0.1,53,418.0,10.5,218,6.464445490919411,8.274112912870581
2021-05-29 11:00:00,31.0,71,25.1,0.4,51,515.0,10.7,220,6.87782742364597,8.196675541373065
2021-05-29 12:00:00,30.5,73,25.1,1.6,90,306.0,11.5,221,7.544678833390831,8.679160172561879
2021-05-29 13:00:00,30.5,72,24.9,0.1,67,216.0,13.0,224,9.030558815966964,9.351417404402463
2021-05-29 14:00:00,30.1,73,24.7,0.3,84,187.0,10.1,207,4.585304047369421,8.999165894302516
2021-05-29 15:00:00,29.2,79,25.1,0.4,74,147.0,7.5,215,4.301823272632846,6.143640332167439
2021-05-29 16:00:00,29.6,76,25.0,0.0,71,129.0,8.4,190,1.458644692402216,8.272385125302547
2021-05-29 17:00:00,29.5,76,24.9,0.0,72,64.0,8.0,172,-1.1133848076805226,7.922144549932563
2021-05-29 18:00:00,29.3,77,24.8,0.0,45,44.0,6.3,193,1.417191642366349,6.1385314081469815
2021-05-29 19:00:00,28.9,79,24.9,0.1,39,3.0,5.9,191,1.125773072721614,5.791600382341218
2021-05-29 20:00:00,28.5,81,25.0,0.2,40,0.0,6.7,196,1.846770283973893,6.440453362786736
2021-05-29 21:00:00,28.2,84,25.3,0.1,60,0.0,5.8,202,2.172718241812289,5.377666356487367
2021-05-29 22:00:00,28.0,86,25.4,0.0,61,0.0,5.2,196,1.4333142502483949,4.998560818879258
2021-05-29 23:00:00,27.8,87,25.4,0.0,61,0.0,6.0,155,-2.535709570444197,5.437846722219899
2021-05-30 00:00:00,27.6,87,25.3,0.0,56,0.0,6.6,167,-1.4846769586695103,6.430842427582552
2021-05-30 01:00:00,27.5,88,25.3,0.0,50,0.0,5.8,210,2.9000000000000004,5.022947341949744
2021-05-30 02:00:00,27.4,88,25.3,0.0,41,0.0,6.5,183,0.3401837155791332,6.49109197590473
2021-05-30 03:00:00,27.4,82,24.0,0.0,35,0.0,6.6,189,1.032467469265523,6.518743047927909
2021-05-30 04:00:00,27.3,82,23.9,0.0,50,0.0,7.3,189,1.1419715947936844,7.210124886344506
2021-05-30 05:00:00,27.0,82,23.7,0.1,47,0.0,7.3,200,2.496747046277381,6.859756131737131
2021-05-30 06:00:00,26.8,85,24.0,0.4,53,1.0,9.2,222,6.156001578501495,6.836932394392027
2021-05-30 07:00:00,27.0,84,24.0,0.5,53,3.0,9.7,222,6.490566881680924,7.208504807130724
2021-05-30 08:00:00,27.0,84,24.1,0.9,79,27.0,11.5,221,7.544678833390831,8.679160172561879
2021-05-30 09:00:00,27.0,84,24.0,0.9,86,10.0,12.9,216,7.582429754572902,10.436319227436822
2021-05-30 10:00:00,27.6,82,24.1,0.8,77,10.0,9.8,204,3.9860191021428415,8.95274548489749
2021-05-30 11:00:00,27.8,83,24.5,1.7,70,47.0,10.8,195,2.795245687107225,10.431998923921938
2021-05-30 12:00:00,27.5,82,24.3,3.8,72,7.0,11.5,200,3.9332316482451897,10.806465139037948
2021-05-30 13:00:00,27.7,82,24.3,5.1,100,13.0,13.1,233,10.462125181619536,7.883776803291832
2021-05-30 14:00:00,27.0,89,25.0,3.9,100,7.0,11.0,247,10.125553387976844,4.298042413382012
2021-05-30 15:00:00,26.4,89,24.4,2.2,100,2.0,10.2,260,10.04503908072452,1.7712114122026892
2021-05-30 16:00:00,26.0,90,24.2,2.9,100,1.0,6.8,273,6.790680836331102,-0.3558845024520188
2021-05-30 17:00:00,25.8,90,24.0,2.5,100,0.0,1.4,360,3.4290110376125893e-16,-1.4
2021-05-30 18:00:00,25.8,90,24.0,1.6,64,0.0,4.0,85,-3.984778792366982,-0.3486229709906325
2021-05-30 19:00:00,25.9,90,24.2,0.4,63,0.0,6.9,84,-6.862201078041086,-0.7212463965468089
2021-05-30 20:00:00,25.8,92,24.4,0.7,78,0.0,6.8,72,-6.467184310807044,-2.1013155617496424
2021-05-30 21:00:00,25.7,94,24.6,2.0,69,0.0,7.4,67,-6.811735915548059,-2.891410350820625
2021-05-30 22:00:00,25.5,94,24.5,2.7,59,0.0,7.5,73,-7.172285669722766,-2.192787785420526
2021-05-30 23:00:00,25.5,94,24.4,2.0,52,0.0,2.3,129,-1.7874357113510333,1.4474368994146256
2021-05-31 00:00:00,25.5,93,24.3,2.0,65,0.0,4.3,228,3.195522749552796,2.87726160734309
2021-05-31 01:00:00,25.4,94,24.4,1.4,60,0.0,4.0,207,1.8159619989581863,3.564026096753472
2021-05-31 02:00:00,25.3,95,24.4,0.9,41,0.0,5.9,218,3.632402704421384,4.64926344627966
2021-05-31 03:00:00,25.9,92,24.5,0.0,45,0.0,6.0,237,5.032023407672545,3.267834210090162
2021-05-31 04:00:00,25.9,93,24.6,0.0,69,0.0,7.7,242,6.798696465013738,3.614931033451359
2021-05-31 05:00:00,25.7,94,24.6,0.4,95,0.0,4.3,222,2.8772616073430903,3.195522749552795
2021-05-31 06:00:00,25.8,94,24.8,0.4,100,0.0,4.2,200,1.4364846019678084,3.946709007300816
2021-05-31 07:00:00,26.5,92,25.1,0.5,98,17.0,6.3,211,3.244739871933341,5.400153994423308
2021-05-31 08:00:00,26.9,89,24.9,0.3,86,36.0,7.1,210,3.5500000000000007,6.148780366869514
2021-05-31 09:00:00,27.7,86,25.1,0.3,100,149.0,8.4,211,4.326319829244455,7.200205325897744
2021-05-31 10:00:00,28.7,82,25.4,0.6,100,345.0,10.5,232,8.274112912870581,6.46444549091941
2021-05-31 11:00:00,29.2,82,25.7,1.0,100,369.0,12.4,244,11.14504617410967,5.435802220184564
2021-05-31 12:00:00,29.5,81,25.9,0.5,100,326.0,6.9,264,6.862201078041087,0.7212463965468082
2021-05-31 13:00:00,29.8,77,25.2,1.4,100,259.0,1.8,233,1.437543918085127,1.083267041673687
2021-05-31 14:00:00,28.6,82,25.1,6.7,100,133.0,3.0,166,-0.7257656867990032,2.910887178827989
2021-05-31 15:00:00,27.5,84,24.6,0.8,50,37.0,4.9,126,-3.9641832724372423,2.880147736233118
2021-05-31 16:00:00,27.8,83,24.5,0.3,37,12.0,4.2,110,-3.946709007300816,1.4364846019678086
2021-05-31 17:00:00,27.9,82,24.5,0.2,36,8.0,3.1,126,-2.5079526825623373,1.8221342821066664
2021-05-31 18:00:00,27.9,82,24.5,0.0,38,0.0,3.3,77,-3.2154212137912763,-0.7423384793347542
2021-05-31 19:00:00,27.7,84,24.6,0.0,35,0.0,5.4,70,-5.074340152243905,-1.846908773958612
2021-05-31 20:00:00,27.2,87,24.9,0.2,41,0.0,2.8,130,-2.1449244407331385,1.79980530712231
2021-05-31 21:00:00,26.9,89,25.0,0.3,48,0.0,4.1,218,2.5242120488351985,3.23084408978756
2021-05-31 22:00:00,26.9,90,25.0,0.5,80,0.0,4.3,222,2.8772616073430903,3.195522749552795
2021-05-31 23:00:00,26.7,90,25.0,0.5,95,0.0,3.3,131,-2.490541614735148,2.1649947956686737
2021-06-01 00:00:00,26.7,90,24.9,0.4,100,0.0,3.7,101,-3.632020578756357,0.7059932828932158
2021-06-01 01:00:00,26.8,89,24.9,0.3,100,0.0,5.2,102,-5.08636752381579,1.0811407922523486
2021-06-01 02:00:00,26.8,90,24.9,0.9,85,0.0,6.6,119,-5.772490067120012,3.199743493625824
2021-06-01 03:00:00,26.2,88,24.1,0.3,86,0.0,6.6,131,-4.981083229470296,4.329989591337347
2021-06-01 04:00:00,26.1,88,23.9,0.2,89,0.0,6.2,126,-5.0159053651246746,3.644268564213333
2021-06-01 05:00:00,26.1,86,23.6,0.0,86,0.0,7.4,141,-4.656970893768797,5.750880114781585
2021-06-01 06:00:00,26.2,89,24.1,0.0,50,4.0,5.8,173,-0.7068421917498557,5.756767679519667
2021-06-01 07:00:00,26.8,88,24.6,0.3,44,20.0,6.4,153,-2.9055391983331003,5.702441754805554
2021-06-01 08:00:00,27.0,87,24.6,0.4,46,41.0,6.5,174,-0.6794350112397493,6.4643923198937765
2021-06-01 09:00:00,27.4,86,24.8,0.5,47,79.0,8.0,216,4.702282018339784,6.47213595499958
2021-06-01 10:00:00,27.8,85,25.1,0.6,50,79.0,8.6,237,7.212566884330648,4.683895701129232
2021-06-01 11:00:00,28.1,85,25.2,0.5,100,48.0,7.9,240,6.8416006898970645,3.950000000000004
2021-06-01 12:00:00,28.2,85,25.5,0.3,92,65.0,6.0,245,5.437846722219901,2.5357095704441948
2021-06-01 13:00:00,28.5,85,25.6,0.4,55,81.0,7.2,252,6.8476069173251055,2.2249223594996224
2021-06-01 14:00:00,28.6,85,25.8,1.7,56,68.0,7.6,245,6.887939181478541,3.2118987892293136
2021-06-01 15:00:00,29.2,83,26.1,4.0,49,331.0,8.5,242,7.505054539300879,3.990508283680072
2021-06-01 16:00:00,28.2,86,25.6,14.4,40,118.0,7.9,223,5.387787044493737,5.777694242791448
2021-06-01 17:00:00,27.9,88,25.7,6.2,60,42.0,7.3,213,3.9758649556096977,6.122295146001595
2021-06-01 18:00:00,27.4,91,25.8,3.4,100,9.0,0.7,180,-8.572527594031472e-17,0.7
2021-06-01 19:00:00,27.1,92,25.7,2.1,90,0.0,6.4,74,-6.1520748540052415,-1.7640790772287946
2021-06-01 20:00:00,26.9,92,25.5,0.4,74,0.0,5.5,79,-5.398949508962152,-1.049449474570997
2021-06-01 21:00:00,26.8,91,25.2,0.0,74,0.0,4.1,52,-3.23084408978756,-2.524212048835199
2021-06-01 22:00:00,26.7,90,24.9,0.0,80,0.0,1.1,342,0.3399186938124424,-1.0461621679246689
2021-06-01 23:00:00,26.4,92,24.9,0.0,79,0.0,4.2,200,1.4364846019678084,3.946709007300816
2021-06-02 00:00:00,26.2,93,25.0,0.0,82,0.0,6.9,171,-1.0793978087775935,6.81504955010645
2021-06-02 01:00:00,26.1,95,25.1,0.0,92,0.0,6.0,163,-1.7542302283364195,5.737828535778213
2021-06-02 02:00:00,26.0,95,25.1,0.0,87,0.0,6.8,162,-2.101315561749643,6.467184310807044
2021-06-02 03:00:00,26.0,93,24.8,0.0,77,0.0,6.7,164,-1.8467702839738949,6.440453362786736
2021-06-02 04:00:00,26.0,93,24.8,0.0,67,0.0,6.7,164,-1.8467702839738949,6.440453362786736
2021-06-02 05:00:00,25.9,94,24.8,0.0,47,0.0,5.5,148,-2.914555953282627,4.664264528860342
2021-06-02 06:00:00,25.9,94,24.9,0.0,37,4.0,5.1,135,-3.606244584051392,3.606244584051392
2021-06-02 07:00:00,27.4,88,25.2,0.0,30,80.0,6.3,149,-3.2447398719333425,5.400153994423307
2021-06-02 08:00:00,28.7,81,25.1,0.0,31,209.0,6.3,167,-1.4171916423663506,6.1385314081469815
2021-06-02 09:00:00,29.6,78,25.3,0.0,29,357.0,6.6,193,1.4846769586695088,6.430842427582553
2021-06-02 10:00:00,30.5,73,25.1,0.0,32,541.0,8.4,200,2.8729692039356167,7.893418014601631
2021-06-02 11:00:00,31.0,70,24.9,0.0,34,531.0,10.0,206,4.383711467890775,8.98794046299167
2021-06-02 12:00:00,31.1,69,24.9,0.1,27,484.0,11.2,213,6.099957192168303,9.393110360988748
2021-06-02 13:00:00,31.2,70,25.0,0.2,19,584.0,13.2,215,7.571208959833809,10.81280698461469
2021-06-02 14:00:00,31.1,70,25.0,0.2,17,488.0,13.8,213,7.516018683207374,11.573653837646852
2021-06-02 15:00:00,31.5,70,25.4,0.0,19,576.0,14.8,219,9.313941787537598,11.501760229563168
2021-06-02 16:00:00,31.2,71,25.2,0.0,16,400.0,12.8,218,7.880466884168425,10.086537646166043
2021-06-02 17:00:00,30.6,73,25.3,0.0,26,242.0,11.2,222,7.494262791219212,8.323222045346816
2021-06-02 18:00:00,29.9,77,25.5,0.0,27,87.0,5.4,250,5.074340152243906,1.8469087739586103
2021-06-02 19:00:00,29.3,80,25.5,0.0,28,6.0,5.0,291,4.667902132486009,-1.791839747726502
2021-06-02 20:00:00,28.6,83,25.4,0.0,26,0.0,3.1,306,2.5079526825623377,-1.8221342821066664
2021-06-02 21:00:00,27.9,85,25.2,0.0,27,0.0,2.0,225,1.414213562373095,1.4142135623730954
2021-06-02 22:00:00,27.5,87,25.1,0.0,31,0.0,3.3,186,0.3449439287832565,3.281922254715301
2021-06-02 23:00:00,27.2,88,25.1,0.0,28,0.0,1.1,180,-1.3471114790620887e-16,1.1
2021-06-03 00:00:00,26.6,92,25.2,0.0,29,0.0,1.6,63,-1.4256104387013886,-0.726384799583275
2021-06-03 01:00:00,26.3,93,25.2,0.0,32,0.0,2.7,23,-1.0549740469210394,-2.485363104321589
2021-06-03 02:00:00,25.9,95,25.0,0.0,31,0.0,1.9,22,-0.7117525274902328,-1.761649323676896
2021-06-03 03:00:00,25.5,96,24.9,0.0,82,0.0,2.4,117,-2.138415658052083,1.0895771993749122
2021-06-03 04:00:00,24.6,98,24.3,0.0,100,0.0,8.1,159,-2.902780391316932,7.562001454627333
2021-06-03 05:00:00,24.6,98,24.3,0.0,94,0.0,8.3,182,0.2896658226307575,8.294943864258496
2021-06-03 06:00:00,25.1,96,24.5,0.0,81,11.0,3.8,221,2.4930243101639267,2.867896404846534
2021-06-03 07:00:00,27.4,88,25.3,0.0,24,125.0,4.8,297,4.2768313161041664,-2.179154398749824
2021-06-03 08:00:00,29.0,78,24.8,0.0,20,326.0,3.6,315,2.545584412271572,-2.5455844122715705
2021-06-03 09:00:00,30.0,73,24.7,0.0,24,514.0,2.3,321,1.447436899414627,-1.7874357113510322
2021-06-03 10:00:00,30.8,70,24.6,0.0,28,666.0,4.7,279,4.642135200797148,-0.7352419856890842
2021-06-03 11:00:00,31.3,69,24.9,0.0,28,737.0,7.2,270,7.2,1.3226185430791417e-15
2021-06-03 12:00:00,31.6,69,25.3,0.0,28,786.0,8.0,262,7.922144549932562,1.1133848076805266
2021-06-03 13:00:00,31.8,69,25.4,0.0,29,712.0,8.9,256,8.635631963856369,2.1531048708370437
2021-06-03 14:00:00,31.6,71,25.7,0.0,30,612.0,9.5,241,8.30888721782426,4.6056913923402
2021-06-03 15:00:00,31.5,71,25.5,0.0,41,515.0,10.9,226,7.840803823691298,7.57177623800307
2021-06-03 16:00:00,31.5,71,25.7,0.0,44,350.0,12.8,212,6.782966582185022,10.855015630802257
2021-06-03 17:00:00,31.2,73,25.9,0.0,25,217.0,12.4,210,6.200000000000002,10.73871500692704
2021-06-03 18:00:00,30.7,77,26.2,0.0,32,98.0,7.5,235,6.143640332167437,4.301823272632848
2021-06-03 19:00:00,30.0,81,26.3,0.0,24,6.0,7.2,233,5.750175672340508,4.333068166694748
2021-06-03 20:00:00,29.5,83,26.3,0.0,21,0.0,8.5,208,3.990508283680073,7.505054539300878
2021-06-03 21:00:00,29.0,85,26.2,0.0,17,0.0,9.9,190,1.7191169589026116,9.74959675482086
2021-06-03 22:00:00,28.7,85,25.9,0.0,6,0.0,10.8,180,-1.3226185430791417e-15,10.8
2021-06-03 23:00:00,28.5,85,25.8,0.0,2,0.0,12.2,180,-1.4940690949597709e-15,12.2
2021-06-04 00:00:00,28.3,86,25.7,0.0,10,0.0,14.8,180,-1.812477262738083e-15,14.8
2021-06-04 01:00:00,28.1,87,25.6,0.0,23,0.0,15.8,181,0.2757480217090814,15.797593583470984
2021-06-04 02:00:00,27.9,87,25.5,0.0,33,0.0,15.1,181,0.2635313372029829,15.097700196861508
2021-06-04 03:00:00,28.0,85,25.3,0.0,35,0.0,13.1,171,-2.049291492027026,12.938717261796302
2021-06-04 04:00:00,27.9,84,25.0,0.0,42,0.0,13.2,163,-3.859306502340123,12.62322277871207
2021-06-04 05:00:00,27.8,84,24.9,0.0,54,0.0,13.0,161,-4.232386007943036,12.29174148279112
2021-06-04 06:00:00,27.7,85,25.0,0.0,33,6.0,12.8,164,-3.52815815445759,12.304149708010485
2021-06-04 07:00:00,28.8,81,25.2,0.0,61,89.0,14.5,166,-3.507867486195182,14.06928803100195
2021-06-04 08:00:00,29.6,78,25.2,0.0,51,232.0,16.3,172,-2.268521545649065,16.141369520487597
2021-06-04 09:00:00,30.1,76,25.3,0.3,63,367.0,15.8,179,-0.2757480217090783,15.797593583470984
2021-06-04 10:00:00,30.7,74,25.6,0.0,54,400.0,14.1,177,-0.7379369830255077,14.080676440039491
2021-06-04 11:00:00,31.3,72,25.8,0.0,51,393.0,13.3,183,0.6960682180311495,13.281772812235833
2021-06-04 12:00:00,31.6,72,26.0,0.0,47,450.0,12.9,193,2.9018686010358583,12.569373835729534
2021-06-04 13:00:00,32.0,71,26.1,0.0,53,459.0,13.0,194,3.1449846427956776,12.613844441587954
2021-06-04 14:00:00,32.0,71,26.2,0.0,47,392.0,13.0,204,5.287576359985403,11.876090949353811
2021-06-04 15:00:00,31.1,74,26.0,0.2,63,326.0,11.9,205,5.029157314714322,10.785062665736136
2021-06-04 16:00:00,29.1,83,25.9,6.9,60,78.0,10.2,228,7.580077219869421,6.825132184860353
2021-06-04 17:00:00,28.6,86,26.1,2.2,68,44.0,9.0,265,8.96575228282571,0.7844016847289242
2021-06-04 18:00:00,27.9,91,26.3,1.5,83,1.0,8.6,338,3.221616703376846,-7.97378114927437
2021-06-04 19:00:00,27.3,91,25.8,2.2,95,0.0,8.7,7,-1.060263287624783,-8.6351515192795
2021-06-04 20:00:00,26.9,93,25.6,2.1,91,0.0,6.8,25,-2.873804179836756,-6.162892951849219
2021-06-04 21:00:00,26.6,94,25.6,2.0,75,0.0,0.8,63,-0.7128052193506943,-0.3631923997916375
2021-06-04 22:00:00,26.7,93,25.4,4.3,62,0.0,1.1,108,-1.046162167924669,0.3399186938124421
2021-06-04 23:00:00,26.7,91,25.1,5.1,73,0.0,4.3,90,-4.3,-2.632990618166809e-16
2021-06-05 00:00:00,26.4,93,25.1,1.1,90,0.0,3.7,119,-3.236092916415765,1.793795594911447
2021-06-05 01:00:00,26.2,94,25.2,0.3,75,0.0,3.0,166,-0.7257656867990032,2.910887178827989
2021-06-05 02:00:00,26.2,94,25.1,0.2,73,0.0,5.7,198,1.7613968679371996,5.421022142882376
2021-06-05 03:00:00,26.4,94,25.4,0.0,54,0.0,7.6,188,1.057715567296498,7.526037322435934
2021-06-05 04:00:00,26.1,95,25.2,0.2,75,0.0,9.4,184,0.6557108531947776,9.377102072442348
2021-06-05 05:00:00,25.6,94,24.6,2.0,100,0.0,8.7,187,1.0602632876247815,8.635151519279502
2021-06-05 06:00:00,25.6,93,24.3,0.9,100,3.0,9.9,170,-1.7191169589026098,9.74959675482086
2021-06-05 07:00:00,25.7,92,24.3,1.1,100,7.0,9.4,176,-0.65571085319478,9.377102072442348
2021-06-05 08:00:00,26.0,90,24.2,1.3,100,20.0,9.7,178,-0.338525118014261,9.694091022085228
2021-06-05 09:00:00,26.1,90,24.3,1.1,100,13.0,9.9,199,3.223124729125852,9.360633898433235
2021-06-05 10:00:00,26.0,91,24.4,1.7,100,78.0,10.0,210,5.000000000000001,8.660254037844386
2021-06-05 11:00:00,26.0,91,24.4,2.6,100,10.0,11.3,202,4.233054505599806,10.4771775566047
2021-06-05 12:00:00,26.0,91,24.5,2.2,100,38.0,10.9,189,1.705135668938515,10.765802912487002
2021-06-05 13:00:00,26.2,90,24.5,2.0,100,78.0,11.5,182,0.4013442120787603,11.4929945107196
2021-06-05 14:00:00,26.2,90,24.4,2.7,100,4.0,12.1,190,2.1011429497698586,11.916173811447717
2021-06-05 15:00:00,27.2,89,25.3,6.4,100,29.0,13.4,200,4.58306992056396,12.591881118531171
2021-06-05 16:00:00,26.9,92,25.5,11.0,100,24.0,15.1,213,8.224049428726909,12.663925575975902
2021-06-05 17:00:00,26.5,93,25.3,8.2,100,2.0,13.9,217,8.365228821813472,11.101033589657373
2021-06-05 18:00:00,26.2,94,25.2,5.4,100,0.0,12.7,205,5.36725192410688,11.510108895365455
2021-06-05 19:00:00,26.2,94,25.1,5.6,100,0.0,12.9,198,3.98631922743682,12.268629060207482
2021-06-05 20:00:00,26.1,94,25.1,3.3,100,0.0,14.1,183,0.7379369830255043,14.080676440039491
2021-06-05 21:00:00,26.1,93,25.0,2.9,100,0.0,14.8,176,-1.0323958114130578,14.763947943845398
2021-06-05 22:00:00,26.0,94,24.9,2.6,100,0.0,14.6,171,-2.2839431895873723,14.42024977268901
2021-06-05 23:00:00,25.7,94,24.7,3.9,100,0.0,13.7,166,-3.314329969715448,13.293051449981151
2021-06-06 00:00:00,25.5,95,24.7,4.6,100,0.0,14.2,159,-5.088824883543262,13.256842056260265
2021-06-06 01:00:00,25.4,96,24.7,5.7,100,0.0,13.9,159,-4.981314498679673,12.976767928311103
2021-06-06 02:00:00,25.3,96,24.6,7.3,100,0.0,12.9,153,-5.856477446640155,11.493984162029944
2021-06-06 03:00:00,25.4,91,23.9,4.7,100,0.0,12.2,161,-3.9719314843773104,11.535326622311665
2021-06-06 04:00:00,25.4,92,23.9,5.9,100,0.0,12.6,175,-1.0981623586204932,12.552053195955994
2021-06-06 05:00:00,25.3,93,24.1,3.8,100,0.0,14.1,186,1.4738513320739144,14.022758724692652
2021-06-06 06:00:00,25.3,94,24.2,3.2,100,0.0,13.3,182,0.464163306143262,13.291897999353974
2021-06-06 07:00:00,25.2,95,24.3,2.7,100,0.0,14.8,176,-1.0323958114130578,14.763947943845398
2021-06-06 08:00:00,25.4,95,24.6,4.8,100,1.0,15.0,169,-2.8621349306481747,14.72440775171496
2021-06-06 09:00:00,25.6,95,24.8,4.1,100,12.0,11.6,175,-1.011006615872835,11.555858497864248
2021-06-06 10:00:00,26.0,93,24.8,1.5,100,37.0,14.5,173,-1.7671054793746397,14.391919198799169
2021-06-06 11:00:00,26.5,89,24.6,0.6,100,5.0,13.8,171,-2.1587956175551875,13.6300991002129
2021-06-06 12:00:00,27.3,88,25.1,1.9,100,162.0,15.6,172,-2.1711003749770192,15.448181872368496
2021-06-06 13:00:00,27.1,88,24.9,11.8,100,80.0,16.9,179,-0.2949456687900901,16.89742604814301
2021-06-06 14:00:00,27.2,86,24.7,6.5,100,7.0,18.1,187,2.2058351156331666,17.96508534470793
2021-06-06 15:00:00,26.3,91,24.8,8.0,77,3.0,20.5,177,-1.072887102980348,20.471905462468765
2021-06-06 16:00:00,26.0,88,24.0,7.0,98,8.0,22.4,174,-2.3414375771954434,22.27729045624932
2021-06-06 17:00:00,25.9,88,23.8,1.3,100,14.0,23.1,166,-5.588395788352325,22.41383127697552
2021-06-06 18:00:00,25.8,86,23.2,0.5,75,3.0,14.4,158,-5.3943349451891365,13.351447505761737
2021-06-06 19:00:00,25.7,83,22.5,0.2,71,0.0,17.4,156,-7.077217589518927,15.895690962981252
2021-06-06 20:00:00,25.9,80,22.2,0.2,56,0.0,19.2,152,-9.0138540054891,16.952593782891398
2021-06-06 21:00:00,26.0,79,22.1,0.3,61,0.0,18.6,148,-9.856498314737612,15.773694588509525
2021-06-06 22:00:00,25.8,80,22.1,0.3,50,0.0,16.3,152,-7.652386473410019,14.39204576360051
2021-06-06 23:00:00,25.9,80,22.1,0.3,32,0.0,15.2,158,-5.694020219921866,14.093194589415166
2021-06-07 00:00:00,25.4,83,22.3,0.7,42,0.0,13.7,157,-5.35301646030305,12.610916492298433
2021-06-07 01:00:00,25.3,84,22.4,1.3,36,0.0,12.8,158,-4.794964395723677,11.867953338454878
2021-06-07 02:00:00,25.3,84,22.3,0.9,39,0.0,12.1,163,-3.537697627145113,11.57128754715273
2021-06-07 03:00:00,25.4,74,20.5,0.0,63,0.0,11.0,161,-3.5812496990287226,10.400704331592486
2021-06-07 04:00:00,25.5,73,20.4,0.0,81,0.0,10.5,158,-3.933369230867079,9.735430472951268
2021-06-07 05:00:00,25.7,73,20.5,0.0,93,0.0,9.2,159,-3.2969851358167617,8.588939923774255
2021-06-07 06:00:00,25.9,74,20.8,0.0,76,3.0,8.7,173,-1.0602632876247835,8.6351515192795
2021-06-07 07:00:00,26.4,74,21.5,0.0,70,11.0,7.1,204,2.887830165838181,6.486172749262466
2021-06-07 08:00:00,27.4,72,22.0,0.0,69,64.0,6.6,202,2.472403516545019,6.1194134401407965
2021-06-07 09:00:00,27.7,73,22.4,0.0,66,44.0,10.8,206,4.734408385322037,9.706975700031004
2021-06-07 10:00:00,28.1,73,22.8,0.0,95,75.0,10.8,206,4.734408385322037,9.706975700031004
2021-06-07 11:00:00,27.7,78,23.5,0.3,100,19.0,11.2,195,2.8987733051482327,10.818369254437563
2021-06-07 12:00:00,27.0,86,24.5,1.6,100,21.0,14.6,189,2.2839431895873687,14.420249772689012
2021-06-07 13:00:00,26.9,87,24.6,1.2,100,37.0,14.5,187,1.767105479374636,14.39191919879917
2021-06-07 14:00:00,27.0,87,24.6,1.2,91,16.0,10.8,184,0.753369916436553,10.773691742806102
2021-06-07 15:00:00,27.5,86,24.9,0.4,86,8.0,9.8,172,-1.3638963894086402,9.70462707366739
2021-06-07 16:00:00,27.9,83,24.8,0.2,94,46.0,12.6,167,-2.8343832847327013,12.277062816293965
2021-06-07 17:00:00,28.3,81,24.7,0.0,89,52.0,11.7,189,1.8302832409706995,11.555953584963111
2021-06-07 18:00:00,27.8,84,24.8,0.0,45,6.0,6.9,223,4.705788684431239,5.0463405411722775
2021-06-07 19:00:00,27.4,85,24.6,0.0,47,0.0,6.4,196,1.7640790772287938,6.1520748540052415
2021-06-07 20:00:00,27.2,85,24.6,0.0,57,0.0,6.0,155,-2.535709570444197,5.437846722219899
2021-06-07 21:00:00,27.0,86,24.5,0.0,47,0.0,4.7,212,2.4906205418960625,3.9858260519352022
2021-06-07 22:00:00,26.7,87,24.5,0.0,43,0.0,2.0,135,-1.4142135623730951,1.414213562373095
2021-06-07 23:00:00,26.2,90,24.5,0.0,39,0.0,1.5,45,-1.0606601717798214,-1.0606601717798214
2021-06-08 00:00:00,25.7,93,24.5,0.0,43,0.0,2.0,45,-1.4142135623730951,-1.4142135623730951
2021-06-08 01:00:00,25.5,94,24.5,0.0,39,0.0,4.3,42,-2.8772616073430903,-3.195522749552795
2021-06-08 02:00:00,25.3,94,24.4,0.0,36,0.0,5.4,53,-4.312631754255381,-3.2498011250210617
2021-06-08 03:00:00,24.9,92,23.4,0.0,44,0.0,6.7,36,-3.93816119035957,-5.420413862312148
2021-06-08 04:00:00,24.7,92,23.3,0.0,31,0.0,6.2,36,-3.6442685642133337,-5.0159053651246746
2021-06-08 05:00:00,24.2,94,23.3,0.0,30,0.0,4.2,20,-1.4364846019678086,-3.946709007300816
2021-06-08 06:00:00,24.9,91,23.4,0.0,28,5.0,5.2,335,2.197614961051636,-4.71280049259058
2021-06-08 07:00:00,26.6,88,24.4,0.0,29,82.0,3.6,37,-2.166534083347374,-2.875087836170254
2021-06-08 08:00:00,28.0,81,24.3,0.0,32,227.0,3.7,11,-0.7059932828932158,-3.632020578756357
2021-06-08 09:00:00,28.8,76,24.3,0.0,37,438.0,5.1,352,0.709782814896336,-5.050367150582008
2021-06-08 10:00:00,29.3,74,24.2,0.1,35,521.0,5.1,356,0.3557580160950407,-5.087576656325103
2021-06-08 11:00:00,29.6,74,24.4,0.1,35,558.0,4.0,350,0.6945927106677215,-3.939231012048832
2021-06-08 12:00:00,29.7,75,24.8,0.1,37,515.0,5.2,295,4.71280049259058,-2.197614961051638
2021-06-08 13:00:00,29.4,76,24.8,0.4,47,481.0,8.6,292,7.973781149274371,-3.2216167033768426
2021-06-08 14:00:00,28.4,82,25.0,1.7,59,243.0,7.9,309,6.13945309551007,-4.971631089293717
2021-06-08 15:00:00,28.9,80,25.1,1.4,73,371.0,10.7,318,7.1596974880397815,-7.951649632608118
2021-06-08 16:00:00,27.9,84,24.9,2.1,100,229.0,10.2,328,5.405176495178691,-8.650090580795544
2021-06-08 17:00:00,27.3,86,24.7,1.3,100,82.0,8.7,300,7.534421012924615,-4.3500000000000005
2021-06-08 18:00:00,26.4,91,24.8,1.4,100,36.0,7.6,329,3.914289369316414,-6.514471485336052
2021-06-08 19:00:00,26.0,93,24.7,0.5,71,1.0,8.5,348,1.767249371950959,-8.314254606237347
2021-06-08 20:00:00,25.8,93,24.6,0.2,58,0.0,9.0,360,2.204364238465236e-15,-9.0
2021-06-08 21:00:00,25.7,93,24.5,0.0,52,0.0,9.7,15,-2.510544737494451,-9.369480515003962
2021-06-08 22:00:00,25.8,92,24.4,0.0,38,0.0,7.4,23,-2.891410350820626,-6.811735915548059
2021-06-08 23:00:00,25.7,93,24.4,0.0,37,0.0,5.4,20,-1.8469087739586112,-5.074340152243906
2021-06-09 00:00:00,25.5,94,24.5,0.0,38,0.0,4.3,5,-0.3747696938149301,-4.283637201794505
2021-06-09 01:00:00,25.4,95,24.5,0.0,57,0.0,5.8,360,1.4205902870109297e-15,-5.8
2021-06-09 02:00:00,25.1,96,24.5,0.0,100,0.0,4.0,10,-0.6945927106677213,-3.939231012048832
2021-06-09 03:00:00,24.7,98,24.3,0.0,54,0.0,1.6,63,-1.4256104387013886,-0.726384799583275
2021-06-09 04:00:00,24.3,99,24.2,0.0,52,0.0,2.3,72,-2.1874299874788528,-0.7107390870623791
2021-06-09 05:00:00,24.2,99,24.1,0.0,68,0.0,2.6,74,-2.499280409439629,-0.7166571251241979
2021-06-09 06:00:00,24.9,99,24.6,0.0,38,6.0,4.7,4,-0.3278554265973889,-4.688551036221174
2021-06-09 07:00:00,26.0,95,25.2,0.0,36,35.0,5.5,11,-1.0494494745709964,-5.398949508962152
2021-06-09 08:00:00,27.4,87,25.0,0.0,31,179.0,7.3,11,-1.392905666248777,-7.165878439167947
2021-06-09 09:00:00,28.5,80,24.8,0.0,32,375.0,6.5,360,1.5920408388915589e-15,-6.5
2021-06-09 10:00:00,29.3,75,24.4,0.0,31,485.0,6.6,338,2.4724035165450213,-6.119413440140796
2021-06-09 11:00:00,29.9,72,24.3,0.0,40,588.0,7.7,323,4.633975678270772,-6.149493427364155
2021-06-09 12:00:00,30.2,72,24.5,0.0,39,690.0,7.8,326,4.361704647071823,-6.466493065929326
2021-06-09 13:00:00,30.2,72,24.6,0.0,48,590.0,8.3,342,2.564841053312066,-7.893769085249775
2021-06-09 14:00:00,30.0,73,24.7,0.0,67,404.0,9.8,6,-1.024378940023004,-9.746314574609078
2021-06-09 15:00:00,30.3,73,24.9,0.0,46,442.0,9.8,8,-1.363896389408641,-9.70462707366739
2021-06-09 16:00:00,30.0,74,24.8,0.0,27,249.0,5.9,14,-1.4273391840380396,-5.72474478502838
2021-06-09 17:00:00,29.7,75,24.8,0.0,40,145.0,0.4,360,9.797174393178825e-17,-0.4
2021-06-09 18:00:00,29.1,78,24.8,0.0,53,61.0,4.0,260,3.939231012048832,0.6945927106677213
2021-06-09 19:00:00,27.8,83,24.6,0.6,49,7.0,3.8,197,1.1110124779463997,3.633958072659535
2021-06-09 20:00:00,27.1,87,24.7,0.2,41,0.0,5.7,162,-1.7613968679372007,5.421022142882375
2021-06-09 21:00:00,27.0,88,24.9,0.0,43,0.0,5.5,191,1.049449474570996,5.398949508962152
2021-06-09 22:00:00,26.8,90,25.0,0.0,50,0.0,6.7,196,1.846770283973893,6.440453362786736
2021-06-09 23:00:00,26.7,91,25.1,0.0,52,0.0,4.7,203,1.8364363038995857,4.32637281122647
2021-06-10 00:00:00,26.5,93,25.2,0.0,53,0.0,1.1,270,1.1,2.0206672185931328e-16
2021-06-10 01:00:00,26.8,91,25.2,0.0,49,0.0,1.8,360,4.4087284769304716e-16,-1.8
2021-06-10 02:00:00,26.4,91,24.8,0.0,50,0.0,1.0,45,-0.7071067811865476,-0.7071067811865476
2021-06-10 03:00:00,26.5,91,24.9,0.0,48,0.0,1.5,45,-1.0606601717798214,-1.0606601717798214
2021-06-10 04:00:00,26.3,90,24.5,0.0,48,0.0,2.2,360,5.388445916248355e-16,-2.2
2021-06-10 05:00:00,25.9,92,24.6,0.0,39,0.0,3.0,346,0.7257656867990037,-2.910887178827989
2021-06-10 06:00:00,25.7,95,24.8,0.0,35,8.0,5.8,4,-0.4045875477159267,-5.78587149150698
2021-06-10 07:00:00,26.9,91,25.3,0.0,34,40.0,4.4,35,-2.523736319944603,-3.604268994871564
2021-06-10 08:00:00,27.9,85,25.0,0.0,39,181.0,4.9,17,-1.4326213531414105,-4.685893304218874
2021-06-10 09:00:00,28.6,80,24.8,0.0,34,258.0,4.5,14,-1.0886485301985047,-4.366330768241984
2021-06-10 10:00:00,29.2,76,24.6,0.0,34,399.0,5.4,356,0.3766849582182784,-5.386845871403051
2021-06-10 11:00:00,29.7,73,24.4,0.0,37,451.0,7.8,347,1.7546182238821495,-7.600086505324834
2021-06-10 12:00:00,30.0,72,24.5,0.0,43,509.0,9.2,349,1.7554427574642109,-9.030970087718508
2021-06-10 13:00:00,29.8,74,24.6,0.0,53,448.0,8.9,346,2.153104870837044,-8.635631963856369
2021-06-10 14:00:00,29.5,74,24.5,0.1,50,393.0,6.4,344,1.764079077228793,-6.1520748540052415
2021-06-10 15:00:00,29.9,74,24.6,0.0,46,253.0,3.3,347,0.7423384793347556,-3.215421213791276
2021-06-10 16:00:00,29.9,73,24.6,0.0,40,221.0,4.2,329,2.163159914622229,-3.600102662948871
2021-06-10 17:00:00,29.7,74,24.6,0.0,44,142.0,3.6,276,3.5802788233257843,-0.3763024677635507
2021-06-10 18:00:00,29.0,78,24.8,0.0,52,47.0,4.3,275,4.283637201794505,-0.3747696938149289
2021-06-10 19:00:00,28.1,83,24.8,0.2,58,5.0,5.1,315,3.606244584051393,-3.606244584051391
2021-06-10 20:00:00,27.2,88,25.0,0.2,62,0.0,3.7,281,3.632020578756357,-0.705993282893217
2021-06-10 21:00:00,26.8,90,25.0,0.0,57,0.0,3.3,257,3.215421213791276,0.7423384793347553
2021-06-10 22:00:00,26.7,91,25.1,0.0,52,0.0,1.4,360,3.4290110376125893e-16,-1.4
2021-06-10 23:00:00,26.6,92,25.1,0.0,60,0.0,0.8,117,-0.7128052193506944,0.3631923997916374
2021-06-11 00:00:00,26.3,94,25.2,0.0,74,0.0,2.5,225,1.7677669529663689,1.767766952966369
2021-06-11 01:00:00,26.5,92,25.1,0.0,74,0.0,1.4,90,-1.4,-8.572527594031472e-17
2021-06-11 02:00:00,26.0,95,25.0,0.0,70,0.0,3.3,49,-2.490541614735148,-2.1649947956686737
2021-06-11 03:00:00,25.9,94,24.9,0.0,45,0.0,3.6,45,-2.5455844122715714,-2.5455844122715714
2021-06-11 04:00:00,25.7,95,24.8,0.0,37,0.0,2.7,23,-1.0549740469210394,-2.485363104321589
2021-06-11 05:00:00,25.6,95,24.8,0.0,30,0.0,3.2,27,-1.4527695991665497,-2.8512208774027776
2021-06-11 06:00:00,25.8,96,25.1,0.0,31,8.0,4.7,32,-2.490620541896063,-3.985826051935202
2021-06-11 07:00:00,27.6,84,24.7,0.0,22,90.0,3.9,22,-1.460965714322057,-3.616017032810471
2021-06-11 08:00:00,28.6,79,24.5,0.0,20,267.0,3.8,343,1.1110124779464012,-3.633958072659534
2021-06-11 09:00:00,29.3,75,24.4,0.0,22,440.0,4.2,340,1.436484601967808,-3.946709007300816
2021-06-11 10:00:00,29.9,73,24.5,0.0,28,540.0,4.4,351,0.6883116461770169,-4.345828698618606
2021-06-11 11:00:00,30.3,73,24.8,0.0,39,642.0,4.7,328,2.490620541896064,-3.985826051935202
2021-06-11 12:00:00,30.4,73,25.1,0.0,39,673.0,4.6,321,2.894873798829254,-3.5748714227020644
2021-06-11 13:00:00,30.6,73,25.3,0.0,41,622.0,6.4,344,1.764079077228793,-6.1520748540052415
2021-06-11 14:00:00,30.4,73,25.0,0.0,35,403.0,4.0,333,1.815961998958188,-3.564026096753471
2021-06-11 15:00:00,30.0,74,24.9,0.0,63,268.0,2.4,297,2.1384156580520832,-1.089577199374912
2021-06-11 16:00:00,29.1,77,24.6,0.3,65,110.0,2.1,301,1.800051331474436,-1.0815799573111138
2021-06-11 17:00:00,28.7,78,24.5,0.0,58,75.0,4.3,318,2.87726160734309,-3.195522749552795
2021-06-11 18:00:00,28.1,82,24.6,0.2,68,30.0,2.3,321,1.447436899414627,-1.7874357113510322
2021-06-11 19:00:00,27.6,85,24.8,0.2,68,4.0,1.6,27,-0.7263847995832748,-1.4256104387013888
2021-06-11 20:00:00,27.1,88,24.8,0.0,65,0.0,4.4,81,-4.345828698618607,-0.6883116461770161
2021-06-11 21:00:00,26.9,89,25.0,0.0,58,0.0,4.0,95,-3.984778792366982,0.3486229709906329
2021-06-11 22:00:00,27.1,88,24.9,0.0,34,0.0,4.3,66,-3.928245467863184,-1.7489675652259409
2021-06-11 23:00:00,27.3,86,24.8,0.0,42,0.0,4.2,59,-3.600102662948872,-2.163159914622228
2021-06-12 00:00:00,27.0,88,24.9,0.0,49,0.0,2.2,99,-2.1729143493093037,0.3441558230885078
2021-06-12 01:00:00,26.2,92,24.8,0.0,47,0.0,4.2,121,-3.600102662948872,2.163159914622228
2021-06-12 02:00:00,26.2,93,24.9,0.0,46,0.0,4.8,132,-3.5670951622914924,3.2118269105225195
2021-06-12 03:00:00,26.3,91,24.8,0.1,52,0.0,5.1,141,-3.2095339943541705,3.963444403430551
2021-06-12 04:00:00,26.5,90,24.8,0.0,44,0.0,4.3,138,-2.8772616073430908,3.1955227495527945
2021-06-12 05:00:00,26.9,88,24.6,0.0,37,0.0,1.4,90,-1.4,-8.572527594031472e-17
2021-06-12 06:00:00,27.3,85,24.6,0.0,39,6.0,3.1,324,1.8221342821066675,-2.507952682562337
2021-06-12 07:00:00,28.2,85,25.5,0.0,36,86.0,3.4,302,2.8833635269318485,-1.801725498392896
2021-06-12 08:00:00,28.6,82,25.3,0.0,36,219.0,2.1,301,1.800051331474436,-1.0815799573111138
2021-06-12 09:00:00,29.2,80,25.4,0.2,46,402.0,1.5,315,1.0606601717798214,-1.060660171779821
2021-06-12 10:00:00,29.9,76,25.1,0.0,43,472.0,2.8,310,2.1449244407331385,-1.7998053071223097
2021-06-12 11:00:00,30.5,74,25.2,0.0,50,590.0,4.7,293,4.32637281122647,-1.8364363038995852
2021-06-12 12:00:00,30.6,74,25.4,0.2,61,675.0,4.3,275,4.283637201794505,-0.3747696938149289
2021-06-12 13:00:00,30.3,76,25.6,0.3,59,636.0,4.4,261,4.345828698618606,0.6883116461770166
2021-06-12 14:00:00,30.3,76,25.7,0.2,58,574.0,4.5,256,4.366330768241984,1.088648530198505
2021-06-12 15:00:00,30.1,77,25.7,0.4,59,364.0,0.5,315,0.3535533905932738,-0.3535533905932737
2021-06-12 16:00:00,29.0,81,25.4,1.8,45,155.0,3.7,101,-3.632020578756357,0.7059932828932158
2021-06-12 17:00:00,28.4,82,25.0,1.9,46,122.0,4.9,107,-4.685893304218874,1.4326213531414098
2021-06-12 18:00:00,28.3,82,24.9,0.3,47,37.0,2.8,40,-1.7998053071223097,-2.1449244407331385
2021-06-12 19:00:00,28.0,84,25.1,0.0,43,2.0,5.7,35,-3.2693856872009626,-4.669166652447253
2021-06-12 20:00:00,27.5,88,25.3,0.0,37,0.0,5.7,18,-1.7613968679372003,-5.421022142882375
2021-06-12 21:00:00,27.8,87,25.3,0.0,41,0.0,5.0,30,-2.5,-4.330127018922194
2021-06-12 22:00:00,27.8,87,25.4,0.0,36,0.0,5.5,23,-2.149021206691006,-5.062776693988422
2021-06-12 23:00:00,27.2,91,25.6,0.0,35,0.0,4.0,355,0.3486229709906333,-3.984778792366982
2021-06-13 00:00:00,26.6,93,25.4,0.0,37,0.0,1.8,323,1.083267041673687,-1.437543918085127
2021-06-13 01:00:00,26.5,93,25.4,0.3,40,0.0,1.1,162,-0.3399186938124423,1.0461621679246689
2021-06-13 02:00:00,26.6,93,25.4,0.0,48,0.0,4.2,121,-3.600102662948872,2.163159914622228
2021-06-13 03:00:00,26.9,89,25.0,0.0,40,0.0,6.2,144,-3.644268564213334,5.015905365124674
2021-06-13 04:00:00,26.6,90,24.9,0.0,38,0.0,7.3,191,1.3929056662487764,7.165878439167947
2021-06-13 05:00:00,26.5,91,24.9,0.0,35,0.0,8.2,218,5.048424097670397,6.46168817957512
2021-06-13 06:00:00,26.9,91,25.3,0.0,39,9.0,5.4,228,4.01298205757793,3.613305274337834
2021-06-13 07:00:00,27.4,89,25.5,0.2,38,81.0,5.0,180,-6.123233995736766e-16,5.0
2021-06-13 08:00:00,28.0,85,25.2,0.1,28,174.0,5.0,159,-1.7918397477265011,4.667902132486009
2021-06-13 09:00:00,28.9,80,25.0,0.0,17,317.0,4.5,166,-1.0886485301985047,4.366330768241984
2021-06-13 10:00:00,29.8,75,25.0,0.0,15,480.0,4.0,175,-0.3486229709906328,3.984778792366982
2021-06-13 11:00:00,30.3,73,25.0,0.0,29,554.0,3.9,214,2.180852323535912,3.233246532964663
2021-06-13 12:00:00,30.8,72,25.2,0.0,23,665.0,5.3,242,4.679622242152313,2.488199282765221
2021-06-13 13:00:00,30.8,73,25.4,0.0,12,542.0,6.4,243,5.702441754805554,2.9055391983331003
2021-06-13 14:00:00,30.5,75,25.6,0.1,27,473.0,9.2,222,6.156001578501495,6.836932394392027
2021-06-13 15:00:00,31.0,72,25.4,0.0,43,472.0,8.2,218,5.048424097670397,6.46168817957512
2021-06-13 16:00:00,30.8,72,25.3,0.0,40,375.0,8.1,225,5.727564927611034,5.727564927611036
2021-06-13 17:00:00,29.9,77,25.5,0.4,66,197.0,7.9,219,4.971631089293718,6.13945309551007
2021-06-13 18:00:00,29.5,80,25.8,0.0,40,69.0,6.1,242,5.385980316439454,2.863776532993933
2021-06-13 19:00:00,28.7,84,25.7,0.0,31,5.0,6.1,208,2.863776532993934,5.385980316439453
2021-06-13 20:00:00,28.2,85,25.4,0.6,47,0.0,5.6,207,2.542346798541461,4.98963653545486
2021-06-13 21:00:00,27.9,87,25.4,0.0,50,0.0,3.8,131,-2.867896404846534,2.493024310163927
2021-06-13 22:00:00,27.7,87,25.4,0.0,40,0.0,6.8,115,-6.16289295184922,2.8738041798367555
2021-06-13 23:00:00,27.4,88,25.3,0.0,42,0.0,6.4,133,-4.680663690362692,4.364789504399989
2021-06-14 00:00:00,27.2,89,25.3,0.0,38,0.0,6.8,155,-2.8738041798367564,6.162892951849219
2021-06-14 01:00:00,26.8,91,25.2,0.0,40,0.0,6.8,162,-2.101315561749643,6.467184310807044
2021-06-14 02:00:00,26.1,93,24.9,0.5,34,0.0,7.2,174,-0.7526049355271069,7.160557646651568
2021-06-14 03:00:00,26.3,91,24.8,0.0,38,0.0,6.4,164,-1.764079077228795,6.1520748540052415
2021-06-14 04:00:00,25.9,93,24.8,0.0,32,0.0,5.6,153,-2.542346798541462,4.989636535454859
2021-06-14 05:00:00,25.6,95,24.7,0.0,31,0.0,4.9,144,-2.880147736233119,3.9641832724372414
2021-06-14 06:00:00,25.7,95,24.9,0.0,32,10.0,3.1,144,-1.822134282106667,2.507952682562337
2021-06-14 07:00:00,27.6,86,25.0,0.0,29,105.0,2.0,135,-1.4142135623730951,1.414213562373095
2021-06-14 08:00:00,29.1,77,24.5,0.0,30,281.0,1.8,53,-1.437543918085127,-1.0832670416736871
2021-06-14 09:00:00,30.1,71,24.2,0.0,28,470.0,2.7,337,1.0549740469210396,-2.4853631043215887
2021-06-14 10:00:00,30.7,68,24.2,0.0,52,643.0,5.0,291,4.667902132486009,-1.791839747726502
2021-06-14 11:00:00,30.8,68,24.3,0.0,70,727.0,7.7,281,7.558529312547012,-1.4692292643993974
2021-06-14 12:00:00,30.8,69,24.4,0.1,68,718.0,7.2,273,7.190132650232932,-0.3768188849491964
2021-06-14 13:00:00,30.8,71,24.9,0.0,51,685.0,7.0,258,6.847033205136639,1.4553818357243185
2021-06-14 14:00:00,30.7,73,25.2,0.0,40,579.0,8.9,249,8.308865795825096,3.1894747509531767
2021-06-14 15:00:00,31.0,69,24.8,0.0,36,512.0,10.8,244,9.706975700031002,4.73440838532204
2021-06-14 16:00:00,30.5,72,24.8,0.0,32,286.0,9.5,241,8.30888721782426,4.6056913923402
2021-06-14 17:00:00,30.0,74,25.0,0.0,29,138.0,9.3,234,7.52385804768701,5.466402846320002
2021-06-14 18:00:00,29.5,78,25.3,0.0,35,32.0,7.4,247,6.811735915548058,2.8914103508206264
2021-06-14 19:00:00,28.9,81,25.4,0.0,36,2.0,6.9,219,4.34231069824388,5.362307134053099
2021-06-14 20:00:00,28.4,84,25.4,0.0,35,0.0,6.2,187,0.7555899291119134,6.153786140176197
2021-06-14 21:00:00,28.1,85,25.3,0.0,33,0.0,6.5,186,0.6794350112397477,6.4643923198937765
2021-06-14 22:00:00,27.8,86,25.2,0.0,43,0.0,8.6,182,0.3001356716415077,8.594761112364223
2021-06-14 23:00:00,27.5,87,25.2,0.1,28,0.0,8.3,182,0.2896658226307575,8.294943864258496
2021-06-15 00:00:00,27.2,88,25.1,0.1,31,0.0,7.2,186,0.7526049355271052,7.160557646651568
2021-06-15 01:00:00,26.9,89,24.9,0.2,72,0.0,6.8,183,0.3558845024520162,6.790680836331102
2021-06-15 02:00:00,26.7,89,24.7,0.2,100,0.0,7.6,175,-0.6623836448822022,7.571079705497266
2021-06-15 03:00:00,26.7,89,24.7,0.0,100,0.0,8.0,170,-1.3891854213354422,7.878462024097664
2021-06-15 04:00:00,26.2,90,24.5,0.0,100,0.0,8.4,173,-1.0237024846032394,8.337387673787106
2021-06-15 05:00:00,26.2,91,24.6,0.0,100,0.0,9.4,182,0.3280552690035084,9.3942737739795
2021-06-15 06:00:00,26.3,92,24.9,0.2,100,6.0,9.4,184,0.6557108531947776,9.377102072442348
2021-06-15 07:00:00,26.7,91,25.2,0.4,93,65.0,8.9,166,-2.153104870837043,8.635631963856369
2021-06-15 08:00:00,27.5,87,25.1,0.2,86,120.0,10.5,164,-2.894192236078492,10.093247807352348
2021-06-15 09:00:00,28.7,81,25.0,0.5,77,313.0,8.8,171,-1.3766232923540327,8.691657397237211
2021-06-15 10:00:00,28.9,80,25.2,0.2,73,261.0,7.2,183,0.3768188849491937,7.190132650232932
2021-06-15 11:00:00,29.8,77,25.2,0.0,45,392.0,7.6,205,3.2118987892293145,6.88793918147854
2021-06-15 12:00:00,30.3,76,25.5,0.0,75,500.0,8.9,223,6.069785404556236,6.509047944410618
2021-06-15 13:00:00,30.8,74,25.6,0.0,57,567.0,10.2,231,7.9268888068611,6.4190679887083455
2021-06-15 14:00:00,30.6,75,25.6,0.0,60,437.0,9.7,231,7.538315826132614,6.104407793183427
2021-06-15 15:00:00,30.4,75,25.5,0.0,39,403.0,7.8,214,4.361704647071824,6.466493065929326
2021-06-15 16:00:00,30.4,76,25.7,0.0,57,226.0,8.9,194,2.153104870837041,8.635631963856369
2021-06-15 17:00:00,28.9,80,25.0,2.3,78,98.0,11.6,202,4.345436483624579,10.755332712974734
2021-06-15 18:00:00,28.2,83,25.1,0.3,50,22.0,8.0,207,3.631923997916373,7.128052193506943
2021-06-15 19:00:00,27.8,85,25.1,0.0,44,2.0,10.2,203,3.98545751059059,9.389149505214892
2021-06-15 20:00:00,27.6,87,25.2,0.0,44,0.0,11.4,191,2.17522254729261,11.19054989130337
2021-06-15 21:00:00,27.5,88,25.3,0.0,37,0.0,12.2,182,0.4257738597705109,12.192568089632967
2021-06-15 22:00:00,27.3,88,25.2,0.0,34,0.0,11.4,169,-2.1752225472926128,11.19054989130337
2021-06-15 23:00:00,27.1,89,25.0,0.0,31,0.0,11.0,169,-2.0988989491419945,10.797899017924305
2021-06-16 00:00:00,26.8,89,24.9,0.0,36,0.0,11.3,171,-1.7677094549546102,11.160878248725057
2021-06-16 01:00:00,26.7,89,24.7,0.0,47,0.0,11.5,182,0.4013442120787603,11.4929945107196
2021-06-16 02:00:00,26.5,91,24.8,0.0,46,0.0,11.9,183,0.6227978792910285,11.88369146357943
2021-06-16 03:00:00,26.7,90,24.9,0.0,64,0.0,11.2,178,-0.3908743630680127,11.193177262613872
2021-06-16 04:00:00,26.6,91,24.9,0.0,100,0.0,10.5,184,0.7324429743133154,10.474422527728152
2021-06-16 05:00:00,26.1,95,25.1,0.5,100,0.0,10.0,195,2.588190451025208,9.659258262890685
2021-06-16 06:00:00,26.3,94,25.3,0.5,97,5.0,8.6,202,3.221616703376843,7.973781149274371
2021-06-16 07:00:00,26.6,94,25.6,1.2,100,48.0,9.6,200,3.283393375926419,9.02104915954472
2021-06-16 08:00:00,26.9,92,25.4,2.1,100,85.0,9.2,206,4.033014550459512,8.268905225952334
2021-06-16 09:00:00,27.1,90,25.3,3.7,100,123.0,6.3,193,1.417191642366349,6.1385314081469815
2021-06-16 10:00:00,28.0,86,25.4,0.6,100,259.0,7.2,198,2.2249223594996206,6.847606917325106
2021-06-16 11:00:00,27.8,85,25.1,6.0,100,86.0,7.2,217,4.333068166694749,5.750175672340508
2021-06-16 12:00:00,27.9,85,25.1,4.5,100,195.0,6.4,218,3.940233442084213,5.043268823083022
2021-06-16 13:00:00,28.5,84,25.4,0.6,90,125.0,4.9,197,1.4326213531414105,4.685893304218874
2021-06-16 14:00:00,28.9,80,25.1,1.9,75,187.0,6.6,171,-1.0324674692655245,6.5187430479279085
2021-06-16 15:00:00,28.6,83,25.4,0.9,67,76.0,8.3,180,-1.0164568432923032e-15,8.3
2021-06-16 16:00:00,28.9,80,25.0,0.6,42,157.0,9.7,176,-0.6766377953180175,9.676371287520292
2021-06-16 17:00:00,29.0,79,25.0,0.0,43,112.0,8.3,175,-0.7233926648055631,8.268415994161488
2021-06-16 18:00:00,28.9,80,25.0,0.0,37,49.0,8.8,192,1.829622879196284,8.60769888645749
2021-06-16 19:00:00,28.4,82,25.0,0.0,30,5.0,9.0,185,0.7844016847289215,8.96575228282571
2021-06-16 20:00:00,28.0,84,25.1,0.0,35,0.0,9.4,182,0.3280552690035084,9.3942737739795
2021-06-16 21:00:00,27.7,86,25.2,0.0,33,0.0,9.7,184,0.6766377953180152,9.676371287520292
2021-06-16 22:00:00,27.4,88,25.3,0.0,41,0.0,10.1,184,0.7045403848156653,10.075396907624224
2021-06-16 23:00:00,27.2,90,25.4,0.0,47,0.0,10.4,182,0.3629547657060094,10.393664600998596
2021-06-17 00:00:00,27.1,90,25.3,0.0,59,0.0,9.7,180,-1.1879073951729326e-15,9.7
2021-06-17 01:00:00,27.0,89,25.1,0.2,69,0.0,9.4,178,-0.3280552690035107,9.3942737739795
2021-06-17 02:00:00,26.6,91,25.0,0.2,72,0.0,8.3,180,-1.0164568432923032e-15,8.3
2021-06-17 03:00:00,26.4,88,24.3,0.0,74,0.0,7.6,180,-9.307315673519883e-16,7.6
2021-06-17 04:00:00,26.2,89,24.3,0.0,75,0.0,6.9,174,-0.7212463965468108,6.862201078041086
2021-06-17 05:00:00,26.1,90,24.2,0.0,65,0.0,7.2,180,-8.817456953860943e-16,7.2
2021-06-17 06:00:00,26.0,91,24.5,0.1,69,9.0,9.0,175,-0.7844016847289237,8.96575228282571
2021-06-17 07:00:00,27.1,88,24.8,0.1,56,68.0,8.4,173,-1.0237024846032394,8.337387673787106
2021-06-17 08:00:00,28.0,82,24.7,0.2,61,185.0,9.1,171,-1.423553631866102,8.987963899415753
2021-06-17 09:00:00,28.6,80,24.8,0.0,45,363.0,9.0,157,-3.516580156403464,8.284543681071963
2021-06-17 10:00:00,29.1,79,25.1,0.0,35,387.0,7.8,167,-1.7546182238821486,7.600086505324834
2021-06-17 11:00:00,29.6,78,25.3,0.1,33,448.0,8.1,201,2.902780391316933,7.562001454627333
2021-06-17 12:00:00,29.8,78,25.5,0.0,29,532.0,11.1,216,6.52441630044645,8.980088637561916
2021-06-17 13:00:00,29.8,78,25.6,0.1,33,491.0,12.2,225,8.626702730475879,8.62670273047588
2021-06-17 14:00:00,29.9,79,25.8,0.0,32,524.0,13.2,227,9.65386886137305,9.00237835282498
2021-06-17 15:00:00,29.9,82,26.4,0.2,75,258.0,11.0,218,6.77227622858224,8.668118289673941
2021-06-17 16:00:00,28.8,80,25.1,1.0,99,145.0,10.5,218,6.464445490919411,8.274112912870581
2021-06-17 17:00:00,28.6,82,25.2,0.2,60,89.0,9.7,202,3.6336839561343455,8.993683389297837
2021-06-17 18:00:00,28.5,82,25.2,0.0,55,52.0,6.3,193,1.417191642366349,6.1385314081469815
2021-06-17 19:00:00,27.9,86,25.4,0.0,46,5.0,7.9,180,-9.67470971326409e-16,7.9
2021-06-17 20:00:00,27.6,88,25.4,0.0,27,0.0,9.4,173,-1.1455718280083869,9.329933825428428
2021-06-17 21:00:00,27.5,88,25.4,0.0,11,0.0,8.4,173,-1.0237024846032394,8.337387673787106
2021-06-17 22:00:00,27.3,89,25.4,0.0,19,0.0,8.0,172,-1.1133848076805226,7.922144549932563
2021-06-17 23:00:00,27.0,91,25.4,0.0,23,0.0,8.6,180,-1.0531962472667237e-15,8.6
2021-06-18 00:00:00,26.8,93,25.5,0.1,37,0.0,8.9,194,2.153104870837041,8.635631963856369
2021-06-18 01:00:00,26.7,92,25.3,0.3,46,0.0,8.0,190,1.3891854213354438,7.878462024097664
2021-06-18 02:00:00,26.4,93,25.2,0.2,52,0.0,6.5,174,-0.6794350112397493,6.4643923198937765
2021-06-18 03:00:00,26.0,94,24.9,0.4,59,0.0,5.9,166,-1.4273391840380396,5.72474478502838
2021-06-18 04:00:00,25.7,93,24.5,0.2,68,0.0,5.8,173,-0.7068421917498557,5.756767679519667
2021-06-18 05:00:00,25.5,93,24.3,0.3,63,0.0,4.7,180,-5.755839955992562e-16,4.7
2021-06-18 06:00:00,25.7,93,24.5,0.4,71,8.0,4.4,125,-3.604268994871564,2.5237363199446032
2021-06-18 07:00:00,26.6,87,24.3,0.2,62,64.0,7.8,124,-6.466493065929326,4.361704647071824
2021-06-18 08:00:00,27.5,84,24.5,0.0,33,169.0,7.9,141,-4.971631089293716,6.139453095510071
2021-06-18 09:00:00,28.5,81,25.0,0.0,14,299.0,8.7,142,-5.356254835333227,6.85569355637848
2021-06-18 10:00:00,29.3,79,25.2,0.0,13,449.0,7.6,155,-3.211898789229316,6.887939181478539
2021-06-18 11:00:00,29.9,77,25.4,0.1,11,528.0,6.5,177,-0.3401837155791347,6.49109197590473
2021-06-18 12:00:00,30.1,78,25.8,0.0,12,490.0,5.8,210,2.9000000000000004,5.022947341949744
2021-06-18 13:00:00,30.5,78,26.2,0.0,19,681.0,7.9,223,5.387787044493737,5.777694242791448
2021-06-18 14:00:00,30.2,79,26.2,0.6,20,490.0,8.1,212,4.292346040288959,6.869189578867051
2021-06-18 15:00:00,30.5,77,25.9,0.0,34,530.0,6.7,196,1.846770283973893,6.440453362786736
2021-06-18 16:00:00,30.4,77,25.9,0.0,31,299.0,9.1,214,5.088655421583795,7.544241910250879
2021-06-18 17:00:00,28.8,83,25.7,1.4,55,173.0,11.2,213,6.099957192168303,9.393110360988748
2021-06-18 18:00:00,28.4,86,25.8,0.0,50,57.0,8.3,185,0.723392664805561,8.268415994161488
2021-06-18 19:00:00,28.1,87,25.7,0.0,42,5.0,8.6,178,-0.3001356716415098,8.594761112364223
2021-06-18 20:00:00,27.9,88,25.7,0.0,32,0.0,8.6,180,-1.0531962472667237e-15,8.6
2021-06-18 21:00:00,27.9,88,25.7,0.0,46,0.0,8.3,178,-0.2896658226307595,8.294943864258496
2021-06-18 22:00:00,27.7,89,25.7,0.0,54,0.0,9.7,182,0.3385251180142587,9.694091022085228
2021-06-18 23:00:00,27.4,90,25.7,0.0,43,0.0,9.4,180,-1.1511679911985121e-15,9.4
2021-06-19 00:00:00,26.9,91,25.3,0.3,63,0.0,9.1,171,-1.423553631866102,8.987963899415753
2021-06-19 01:00:00,26.3,93,25.2,0.2,100,0.0,9.0,164,-2.480736202352993,8.65135526344487
2021-06-19 02:00:00,25.8,93,24.6,0.4,100,0.0,8.9,148,-4.716281451675524,7.547628055792192
2021-06-19 03:00:00,25.8,92,24.4,0.1,69,0.0,8.4,140,-5.399415921366932,6.434773322199415
2021-06-19 04:00:00,25.7,91,24.1,0.2,72,0.0,6.4,142,-3.9402334420842138,5.043268823083021
2021-06-19 05:00:00,25.7,90,24.0,0.5,65,0.0,6.6,151,-3.1997434936258253,5.772490067120011
2021-06-19 06:00:00,25.8,91,24.3,0.4,64,4.0,6.5,177,-0.3401837155791347,6.49109197590473
2021-06-19 07:00:00,26.9,86,24.3,0.3,55,39.0,7.9,177,-0.4134540543192561,7.889173324561134
2021-06-19 08:00:00,27.9,81,24.4,0.5,66,179.0,8.4,170,-1.4586446924022145,8.272385125302547
2021-06-19 09:00:00,28.2,82,24.8,1.0,79,262.0,8.4,155,-3.549993398621876,7.61298541110786
2021-06-19 10:00:00,28.5,81,25.0,0.6,59,307.0,7.4,157,-2.891410350820626,6.811735915548059
2021-06-19 11:00:00,29.1,81,25.4,0.2,70,453.0,6.5,180,-7.960204194457795e-16,6.5
2021-06-19 12:00:00,29.4,80,25.7,0.2,86,389.0,6.4,196,1.7640790772287938,6.1520748540052415
2021-06-19 13:00:00,29.9,78,25.6,0.2,51,428.0,9.0,203,3.516580156403462,8.284543681071963
2021-06-19 14:00:00,29.9,78,25.7,0.2,47,305.0,9.5,205,4.014873486536644,8.609923976848176
2021-06-19 15:00:00,29.7,82,26.3,0.0,43,223.0,9.1,189,1.4235536318660995,8.987963899415753
2021-06-19 16:00:00,29.5,79,25.5,1.0,61,127.0,10.5,184,0.7324429743133154,10.474422527728152
2021-06-19 17:00:00,28.4,83,25.2,0.3,57,43.0,10.1,178,-0.3524849166952615,10.093847352892867
2021-06-19 18:00:00,28.1,84,25.1,0.0,42,36.0,10.0,165,-2.58819045102521,9.65925826289068
2021-06-19 19:00:00,27.7,85,25.0,0.0,45,5.0,11.8,157,-4.610627316173431,10.861957270738795
2021-06-19 20:00:00,27.4,87,24.9,0.0,56,0.0,10.9,153,-4.948496447161061,9.71197111365321
2021-06-19 21:00:00,27.2,87,24.8,0.0,59,0.0,10.8,159,-3.8703738550892415,10.08266860616978
2021-06-19 22:00:00,27.1,87,24.7,0.0,77,0.0,9.9,170,-1.7191169589026098,9.74959675482086
2021-06-19 23:00:00,26.9,86,24.4,0.2,100,0.0,9.6,167,-2.159530121701106,9.353952621938255
2021-06-20 00:00:00,26.6,88,24.4,0.4,100,0.0,9.0,157,-3.516580156403464,8.284543681071963
2021-06-20 01:00:00,26.3,89,24.3,0.3,100,0.0,7.7,152,-3.6149310334513594,6.798696465013738
2021-06-20 02:00:00,26.1,89,24.2,0.2,100,0.0,8.1,148,-4.29234604028896,6.86918957886705
2021-06-20 03:00:00,25.9,91,24.2,0.5,100,0.0,7.1,156,-2.887830165838183,6.486172749262465
2021-06-20 04:00:00,25.8,91,24.2,0.5,100,0.0,6.9,171,-1.0793978087775935,6.81504955010645
2021-06-20 05:00:00,25.7,92,24.3,0.7,100,0.0,6.9,171,-1.0793978087775935,6.81504955010645
2021-06-20 06:00:00,25.9,91,24.2,1.1,100,0.0,9.4,140,-6.042203531053471,7.2008177653183925
2021-06-20 07:00:00,26.2,90,24.5,1.6,100,11.0,9.2,149,-4.7383502891725,7.885939166459432
2021-06-20 08:00:00,26.5,89,24.6,1.6,100,16.0,9.4,157,-3.6728726077991736,8.65274562245294
2021-06-20 09:00:00,26.6,89,24.5,1.7,100,1.0,8.7,163,-2.543633831087808,8.31985137687841
2021-06-20 10:00:00,26.6,89,24.7,1.3,100,8.0,8.5,168,-1.767249371950954,8.314254606237348
2021-06-20 11:00:00,27.0,87,24.6,1.2,100,12.0,6.3,167,-1.4171916423663506,6.1385314081469815
2021-06-20 12:00:00,27.8,84,24.7,0.6,100,88.0,6.8,162,-2.101315561749643,6.467184310807044
2021-06-20 13:00:00,28.1,83,24.8,0.5,58,80.0,8.4,160,-2.8729692039356185,7.893418014601631
2021-06-20 14:00:00,28.9,81,25.3,0.0,71,233.0,10.1,153,-4.585304047369423,8.999165894302514
2021-06-20 15:00:00,29.1,81,25.4,0.0,71,172.0,10.5,164,-2.894192236078492,10.093247807352348
2021-06-20 16:00:00,29.1,80,25.4,0.0,64,53.0,11.3,173,-1.3771235804781674,11.215771513546938
2021-06-20 17:00:00,28.9,81,25.4,0.0,59,37.0,13.0,182,0.4536934571325117,12.992080751248244
2021-06-20 18:00:00,28.2,84,25.3,0.0,52,6.0,14.9,188,2.0736792043049763,14.754994224249398
2021-06-20 19:00:00,27.6,87,25.2,0.0,51,2.0,12.2,182,0.4257738597705109,12.192568089632967
2021-06-20 20:00:00,27.2,89,25.3,0.0,50,0.0,11.2,174,-1.1707187885977215,11.13864522812466
2021-06-20 21:00:00,27.1,90,25.4,0.0,52,0.0,11.7,169,-2.232465245905576,11.485038046337667
2021-06-20 22:00:00,26.9,90,25.2,0.3,71,0.0,11.3,173,-1.3771235804781674,11.215771513546938
2021-06-20 23:00:00,26.5,92,25.1,0.5,100,0.0,10.5,164,-2.894192236078492,10.093247807352348
2021-06-21 00:00:00,26.1,93,24.9,1.3,100,0.0,10.6,152,-4.976398565530441,9.359244484304623
2021-06-21 01:00:00,25.9,93,24.7,1.7,100,0.0,10.7,140,-6.877827423645972,8.196675541373063
2021-06-21 02:00:00,25.8,92,24.4,1.5,100,0.0,10.0,139,-6.560590289905073,7.54709580222772
2021-06-21 03:00:00,25.9,92,24.5,2.4,100,0.0,8.2,157,-3.2039952536120446,7.54813979831001
2021-06-21 04:00:00,26.1,92,24.6,1.6,100,0.0,6.5,177,-0.3401837155791347,6.49109197590473
2021-06-21 05:00:00,26.1,92,24.7,1.3,100,0.0,7.6,183,0.3977532674463711,7.589584464134761
2021-06-21 06:00:00,25.9,93,24.8,0.8,100,0.0,9.2,149,-4.7383502891725,7.885939166459432
2021-06-21 07:00:00,25.9,95,25.0,1.5,100,1.0,12.0,141,-7.551844692598049,9.32575153748365
2021-06-21 08:00:00,25.9,93,24.7,2.3,93,10.0,10.9,146,-6.095202647831141,9.036509540849954
2021-06-21 09:00:00,25.9,93,24.6,2.0,100,7.0,10.9,153,-4.948496447161061,9.71197111365321
2021-06-21 10:00:00,26.4,89,24.5,1.3,100,32.0,9.3,152,-4.366085533908784,8.211412613588022
2021-06-21 11:00:00,26.3,89,24.4,1.5,100,7.0,9.5,143,-5.7172427199444575,7.587037345449283
2021-06-21 12:00:00,26.8,85,24.2,0.8,100,54.0,8.6,147,-4.683895701129234,7.212566884330646
2021-06-21 13:00:00,27.3,84,24.4,0.4,100,41.0,10.1,163,-2.95295421769964,9.65867803522666
2021-06-21 14:00:00,27.0,86,24.6,1.9,100,19.0,12.0,164,-3.30764826980399,11.535140351259829
2021-06-21 15:00:00,27.5,86,24.9,0.8,86,19.0,13.7,157,-5.35301646030305,12.610916492298433
2021-06-21 16:00:00,27.8,84,24.9,0.1,93,9.0,12.2,166,-2.951447126315946,11.837607860567156
2021-06-21 17:00:00,27.5,87,25.1,0.3,86,0.0,10.8,165,-2.795245687107227,10.431998923921936
2021-06-21 18:00:00,27.0,90,25.2,0.4,95,0.0,8.8,168,-1.829622879196282,8.607698886457491
2021-06-21 19:00:00,26.6,91,25.0,0.3,100,0.0,11.7,171,-1.8302832409707024,11.55595358496311
2021-06-21 20:00:00,26.2,91,24.7,0.5,97,0.0,11.2,174,-1.1707187885977215,11.13864522812466
2021-06-21 21:00:00,25.8,92,24.4,1.1,98,0.0,9.4,180,-1.1511679911985121e-15,9.4
2021-06-21 22:00:00,25.5,93,24.2,1.4,100,0.0,9.4,180,-1.1511679911985121e-15,9.4
2021-06-21 23:00:00,25.3,92,23.9,1.5,100,0.0,10.1,178,-0.3524849166952615,10.093847352892867
2021-06-22 00:00:00,25.1,92,23.8,1.6,100,0.0,9.7,178,-0.338525118014261,9.694091022085228
2021-06-22 01:00:00,24.9,93,23.7,1.6,100,0.0,9.7,182,0.3385251180142587,9.694091022085228
2021-06-22 02:00:00,24.7,93,23.6,1.8,100,0.0,9.7,165,-2.510544737494454,9.36948051500396
2021-06-22 03:00:00,25.4,92,24.0,1.9,100,0.0,9.1,146,-5.0886554215837965,7.544241910250879
2021-06-22 04:00:00,25.2,92,23.8,2.6,100,0.0,7.3,147,-3.975864955609699,6.122295146001594
2021-06-22 05:00:00,25.3,90,23.5,6.2,100,0.0,5.4,184,0.3766849582182765,5.386845871403051
2021-06-22 06:00:00,25.3,92,23.9,6.3,100,0.0,8.7,218,5.3562548353332256,6.855693556378481
2021-06-22 07:00:00,25.4,94,24.4,7.2,100,0.0,7.9,219,4.971631089293718,6.13945309551007
2021-06-22 08:00:00,25.8,94,24.7,5.9,100,0.0,6.1,183,0.3192493330819557,6.0916401620029
2021-06-22 09:00:00,26.2,93,25.0,5.5,100,0.0,6.7,164,-1.8467702839738949,6.440453362786736
2021-06-22 10:00:00,26.0,95,25.1,2.3,100,0.0,10.1,163,-2.95295421769964,9.65867803522666
2021-06-22 11:00:00,26.3,93,25.0,2.3,100,0.0,11.0,169,-2.0988989491419945,10.797899017924305
2021-06-22 12:00:00,26.3,92,24.9,2.4,100,0.0,9.8,163,-2.8652427062828187,9.371786608437748
2021-06-22 13:00:00,26.3,92,24.9,2.4,100,0.0,8.0,190,1.3891854213354438,7.878462024097664
2021-06-22 14:00:00,26.4,91,24.8,2.0,100,3.0,10.1,215,5.793122007145566,8.273435647318816
2021-06-22 15:00:00,26.1,93,24.8,6.1,100,0.0,13.0,224,9.030558815966964,9.351417404402463
2021-06-22 16:00:00,26.1,92,24.7,5.7,100,3.0,10.1,207,4.585304047369421,8.999165894302516
2021-06-22 17:00:00,25.9,93,24.6,3.9,100,2.0,8.3,182,0.2896658226307575,8.294943864258496
2021-06-22 18:00:00,25.7,91,24.2,2.8,100,0.0,10.7,132,-7.951649632608118,7.159697488039782
2021-06-22 19:00:00,25.7,90,23.8,1.9,92,0.0,10.7,135,-7.566042558696059,7.566042558696057
2021-06-22 20:00:00,25.5,90,23.7,1.9,90,0.0,9.7,129,-7.538315826132618,6.104407793183421
2021-06-22 21:00:00,25.4,90,23.7,2.2,90,0.0,9.8,126,-7.928366544874485,5.760295472466236
2021-06-22 22:00:00,25.3,91,23.6,1.2,96,0.0,9.2,132,-6.836932394392027,6.156001578501495
2021-06-22 23:00:00,25.2,90,23.5,0.9,100,0.0,10.2,141,-6.419067988708341,7.926888806861102
2021-06-23 00:00:00,25.0,90,23.3,1.1,100,0.0,10.2,157,-3.985457510590592,9.389149505214892
2021-06-23 01:00:00,25.1,89,23.2,1.0,100,0.0,12.0,173,-1.4624321208617703,11.910553819695863
2021-06-23 02:00:00,25.1,89,23.2,0.5,100,0.0,12.6,183,0.6594330486610889,12.58273213790763
2021-06-23 03:00:00,25.1,89,23.2,0.6,100,0.0,12.3,183,0.6437322617882059,12.283143277481258
2021-06-23 04:00:00,25.0,91,23.5,0.5,100,0.0,12.3,185,1.0720156357961927,12.253194786528471
2021-06-23 05:00:00,25.2,91,23.5,1.2,100,0.0,11.2,186,1.170718788597719,11.13864522812466
2021-06-23 06:00:00,25.1,91,23.5,2.1,100,0.0,9.5,171,-1.4861274178821944,9.383039235653808
2021-06-23 07:00:00,25.3,91,23.7,2.7,100,0.0,9.6,167,-2.159530121701106,9.353952621938255
2021-06-23 08:00:00,25.6,90,23.7,2.7,100,1.0,10.5,174,-1.097548864310364,10.44247990136687
2021-06-23 09:00:00,25.6,91,24.0,2.6,100,0.0,10.1,180,-1.2368932671388266e-15,10.1
2021-06-23 10:00:00,25.8,91,24.3,2.6,100,2.0,10.8,178,-0.3769145643870124,10.793420931806237
2021-06-23 11:00:00,26.0,91,24.4,2.2,100,1.0,13.0,174,-1.3588700224794985,12.928784639787551
2021-06-23 12:00:00,26.1,91,24.6,1.7,100,2.0,13.8,160,-4.719877977894231,12.967758166845536
2021-06-23 13:00:00,26.2,91,24.6,1.7,80,0.0,14.4,158,-5.3943349451891365,13.351447505761737
2021-06-23 14:00:00,26.2,91,24.7,1.6,100,0.0,13.5,155,-5.705346533499443,12.235155124994774
2021-06-23 15:00:00,26.5,89,24.5,1.9,89,2.0,12.1,153,-5.493285046848517,10.781178942679247
2021-06-23 16:00:00,26.4,88,24.3,2.2,100,14.0,11.3,153,-5.13009264705688,10.068373723328556
2021-06-23 17:00:00,26.1,89,24.1,2.2,100,0.0,10.3,168,-2.141490415422921,10.0749202875582
2021-06-23 18:00:00,25.9,88,23.8,2.3,75,0.0,10.2,162,-3.1519733426244643,9.700776466210565
2021-06-23 19:00:00,25.6,89,23.7,2.8,62,0.0,10.0,159,-3.5836794954530022,9.335804264972015
2021-06-23 20:00:00,25.4,90,23.6,2.6,64,0.0,8.0,153,-3.631923997916375,7.128052193506942
2021-06-23 21:00:00,25.4,90,23.7,1.7,59,0.0,9.0,157,-3.516580156403464,8.284543681071963
2021-06-23 22:00:00,25.1,91,23.5,1.4,47,0.0,11.4,162,-3.522793735874401,10.84204428576475
2021-06-23 23:00:00,24.9,92,23.5,0.9,41,0.0,11.8,168,-2.45335795164956,11.542141688658909
2021-06-24 00:00:00,24.8,92,23.4,0.4,45,0.0,15.1,179,-0.2635313372029799,15.097700196861508
2021-06-24 01:00:00,24.8,92,23.5,0.2,53,0.0,15.5,179,-0.2705122997778933,15.497639274924063
2021-06-24 02:00:00,24.8,93,23.5,0.2,65,0.0,14.9,173,-1.8158532167366983,14.788937659455698
2021-06-24 03:00:00,25.3,90,23.5,0.0,87,0.0,13.5,164,-3.7211043035294895,12.977032895167303
2021-06-24 04:00:00,25.4,88,23.3,0.0,83,0.0,13.0,161,-4.232386007943036,12.29174148279112
2021-06-24 05:00:00,25.3,88,23.1,0.0,75,0.0,13.1,164,-3.6108493612026895,12.592528216791978
2021-06-24 06:00:00,25.3,89,23.4,0.1,62,2.0,8.2,165,-2.1223161698406723,7.920591775570359
2021-06-24 07:00:00,25.6,91,24.0,0.4,55,24.0,9.7,184,0.6766377953180152,9.676371287520292
2021-06-24 08:00:00,26.7,87,24.3,0.7,67,149.0,11.7,191,2.232465245905573,11.485038046337667
2021-06-24 09:00:00,27.1,84,24.2,0.8,78,155.0,13.4,186,1.4006814077865568,13.326593397934865
2021-06-24 10:00:00,27.7,83,24.5,0.7,65,183.0,14.8,184,1.032395811413054,14.763947943845398
2021-06-24 11:00:00,27.7,83,24.5,3.4,93,183.0,14.6,189,2.2839431895873687,14.420249772689012
2021-06-24 12:00:00,27.7,84,24.8,2.8,100,293.0,14.0,192,2.910763671448633,13.694066410273278
2021-06-24 13:00:00,27.5,84,24.5,2.5,77,133.0,13.8,187,1.681796938991033,13.697136892650246
2021-06-24 14:00:00,27.5,85,24.7,3.3,68,126.0,12.4,188,1.7257464519048125,12.279324052395472
2021-06-24 15:00:00,27.3,82,24.0,0.5,69,132.0,11.2,201,4.013721034907364,10.45610077676866
2021-06-24 16:00:00,26.6,88,24.4,2.6,100,102.0,10.0,201,3.5836794954530045,9.335804264972015
2021-06-24 17:00:00,26.2,90,24.4,2.3,100,73.0,8.6,178,-0.3001356716415098,8.594761112364223
2021-06-24 18:00:00,25.8,92,24.4,0.8,100,22.0,6.2,187,0.7555899291119134,6.153786140176197
2021-06-24 19:00:00,25.4,93,24.2,0.8,100,2.0,5.5,169,-1.0494494745709972,5.398949508962152
2021-06-24 20:00:00,25.3,93,24.0,0.6,100,0.0,4.8,153,-2.1791543987498248,4.276831316104166
2021-06-24 21:00:00,25.2,93,23.9,0.5,41,0.0,6.4,142,-3.9402334420842138,5.043268823083021
2021-06-24 22:00:00,25.2,92,23.8,0.2,31,0.0,7.9,156,-3.2132194802988234,7.217009115376546
2021-06-24 23:00:00,25.1,92,23.7,0.1,31,0.0,8.8,171,-1.3766232923540327,8.691657397237211
2021-06-25 00:00:00,25.1,91,23.6,0.0,27,0.0,10.1,184,0.7045403848156653,10.075396907624224
2021-06-25 01:00:00,25.0,92,23.6,0.2,32,0.0,11.2,186,1.170718788597719,11.13864522812466
2021-06-25 02:00:00,24.9,92,23.6,0.3,40,0.0,10.4,178,-0.3629547657060119,10.393664600998596
2021-06-25 03:00:00,24.9,93,23.7,0.3,91,0.0,9.6,167,-2.159530121701106,9.353952621938255
2021-06-25 04:00:00,25.0,92,23.6,0.0,85,0.0,9.2,154,-4.033014550459511,8.268905225952336
2021-06-25 05:00:00,25.0,92,23.6,0.0,100,0.0,9.2,159,-3.2969851358167617,8.588939923774255
2021-06-25 06:00:00,25.0,92,23.6,0.2,50,3.0,10.9,163,-3.186851581477829,10.423721839997087
2021-06-25 07:00:00,25.5,91,24.0,0.1,43,34.0,12.1,170,-2.1011429497698564,11.916173811447717
2021-06-25 08:00:00,26.3,87,24.0,0.1,33,99.0,12.3,173,-1.4989929238833148,12.20831766518826
2021-06-25 09:00:00,27.1,85,24.3,0.1,40,271.0,14.1,177,-0.7379369830255077,14.080676440039491
2021-06-25 10:00:00,27.5,84,24.5,0.1,48,198.0,15.9,184,1.109127932531592,15.861268399131204
2021-06-25 11:00:00,28.0,82,24.7,0.1,84,328.0,15.3,188,2.1293484446890028,15.151101451746026
2021-06-25 12:00:00,28.5,78,24.4,0.4,97,271.0,14.0,192,2.910763671448633,13.694066410273278
2021-06-25 13:00:00,28.6,79,24.5,0.1,100,322.0,15.3,195,3.959931390068568,14.778665142222746
2021-06-25 14:00:00,28.1,80,24.3,0.6,100,285.0,18.1,201,6.486459886769938,16.897805719599354
2021-06-25 15:00:00,27.1,87,24.8,0.3,97,121.0,15.6,195,4.037577103599324,15.068442890109464
2021-06-25 16:00:00,27.4,85,24.6,0.3,100,114.0,14.3,190,2.483168940637106,14.082750868074577
2021-06-25 17:00:00,26.4,89,24.4,1.9,89,72.0,13.0,186,1.3588700224794954,12.928784639787551
2021-06-25 18:00:00,25.9,93,24.6,0.7,100,25.0,10.2,172,-1.4195656297926662,10.100734301164016
2021-06-25 19:00:00,25.4,95,24.5,0.4,100,2.0,11.3,171,-1.7677094549546102,11.160878248725057
2021-06-25 20:00:00,25.4,94,24.4,0.6,100,0.0,11.2,176,-0.7812725059342058,11.17271736291003
2021-06-25 21:00:00,25.4,93,24.2,0.4,100,0.0,11.2,174,-1.1707187885977215,11.13864522812466
2021-06-25 22:00:00,25.5,91,24.0,0.4,100,0.0,12.0,171,-1.877213580482772,11.852260087141651
2021-06-25 23:00:00,25.4,93,24.2,0.8,100,0.0,12.7,172,-1.7674983821928296,12.576404473017943
2021-06-26 00:00:00,25.4,91,23.9,0.6,100,0.0,12.3,175,-1.072015635796196,12.253194786528471
2021-06-26 01:00:00,25.3,93,24.0,0.8,100,0.0,10.1,174,-1.0557374790033027,10.04467114321956
2021-06-26 02:00:00,25.3,92,23.9,0.9,100,0.0,10.7,166,-2.5885642829164444,10.382164271153162
2021-06-26 03:00:00,25.0,93,23.8,1.1,100,0.0,11.7,162,-3.615498834186885,11.127361240653295
2021-06-26 04:00:00,25.0,93,23.8,0.5,95,0.0,10.6,162,-3.275580140374444,10.081199072728626
2021-06-26 05:00:00,25.0,93,23.7,0.4,100,0.0,9.3,167,-2.0920448053979466,9.061641602502688
2021-06-26 06:00:00,25.0,92,23.7,0.5,85,1.0,6.9,171,-1.0793978087775935,6.81504955010645
2021-06-26 07:00:00,25.4,91,23.7,0.4,93,13.0,9.3,152,-4.366085533908784,8.211412613588022
2021-06-26 08:00:00,26.2,86,23.8,0.0,90,40.0,9.4,140,-6.042203531053471,7.2008177653183925
2021-06-26 09:00:00,27.3,81,23.9,0.0,80,164.0,9.7,138,-6.490566881680926,7.208504807130723
2021-06-26 10:00:00,27.8,79,23.8,0.0,76,149.0,10.5,142,-6.464445490919413,8.27411291287058
2021-06-26 11:00:00,28.5,76,24.0,0.0,57,280.0,10.4,160,-3.5570094905869563,9.772803256173448
2021-06-26 12:00:00,28.4,78,24.2,0.1,48,239.0,11.2,182,0.39087436306801,11.193177262613872
2021-06-26 13:00:00,28.8,77,24.3,0.3,46,343.0,12.5,192,2.598896135221994,12.22684500917257
2021-06-26 14:00:00,27.9,83,24.6,4.6,62,200.0,12.6,178,-0.4397336584515144,12.592324420440606
2021-06-26 15:00:00,28.7,77,24.3,0.0,62,75.0,11.9,177,-0.6227978792910314,11.88369146357943
2021-06-26 16:00:00,28.7,76,24.1,0.0,68,124.0,13.0,186,1.3588700224794954,12.928784639787551
2021-06-26 17:00:00,28.1,80,24.4,0.0,94,67.0,12.1,190,2.1011429497698586,11.916173811447717
2021-06-26 18:00:00,27.2,85,24.5,0.1,66,4.0,10.9,189,1.705135668938515,10.765802912487002
2021-06-26 19:00:00,26.5,89,24.5,0.4,62,0.0,13.4,185,1.1678869528186164,13.34900895442939
2021-06-26 20:00:00,26.0,92,24.6,0.3,66,0.0,15.2,176,-1.060298400910708,15.162973563949327
2021-06-26 21:00:00,25.8,92,24.4,0.3,78,0.0,14.8,174,-1.5470212563612753,14.718924051450443
2021-06-26 22:00:00,25.7,92,24.2,0.6,78,0.0,14.5,173,-1.7671054793746397,14.391919198799169
2021-06-26 23:00:00,25.6,92,24.1,0.2,100,0.0,13.1,172,-1.823167622576856,12.972511700514572
2021-06-27 00:00:00,25.4,92,24.0,0.2,100,0.0,11.7,169,-2.232465245905576,11.485038046337667
2021-06-27 01:00:00,25.3,92,23.8,0.4,100,0.0,11.6,158,-4.345436483624582,10.755332712974733
2021-06-27 02:00:00,25.1,91,23.5,1.0,100,0.0,11.4,156,-4.636797731064125,10.414418217125649
2021-06-27 03:00:00,25.1,91,23.5,0.7,81,0.0,12.1,153,-5.493285046848517,10.781178942679247
2021-06-27 04:00:00,25.2,91,23.6,0.5,62,0.0,12.2,152,-5.727553065987866,10.771960632878908
2021-06-27 05:00:00,25.2,91,23.6,0.5,95,0.0,12.2,152,-5.727553065987866,10.771960632878908
2021-06-27 06:00:00,25.3,90,23.5,0.4,65,2.0,8.4,160,-2.8729692039356185,7.893418014601631
2021-06-27 07:00:00,25.8,88,23.6,0.3,63,45.0,9.0,151,-4.363286582217034,7.871577364254562
2021-06-27 08:00:00,26.9,83,23.7,0.2,67,113.0,9.2,138,-6.156001578501496,6.836932394392026
2021-06-27 09:00:00,27.6,80,23.8,0.7,89,177.0,9.5,155,-4.014873486536645,8.609923976848174
2021-06-27 10:00:00,27.8,79,23.8,0.4,100,142.0,10.5,186,1.0975488643103617,10.44247990136687
2021-06-27 11:00:00,28.2,78,24.0,1.0,100,225.0,10.9,197,3.186851581477831,10.423721839997087
2021-06-27 12:00:00,28.1,80,24.4,1.6,100,178.0,11.9,205,5.029157314714322,10.785062665736136
2021-06-27 13:00:00,28.0,82,24.6,1.6,93,170.0,10.7,213,5.82763767466079,8.973775077016036
2021-06-27 14:00:00,27.6,83,24.5,0.8,83,60.0,12.7,223,8.661379172793728,9.288192010563463
2021-06-27 15:00:00,27.4,86,24.8,4.9,100,86.0,12.9,210,6.450000000000002,11.171727708819258
2021-06-27 16:00:00,27.2,88,25.1,5.7,100,48.0,14.8,194,3.580444054875079,14.360376748884748
2021-06-27 17:00:00,27.0,88,24.9,5.6,100,62.0,13.6,191,2.595002337121008,13.35012969488823
2021-06-27 18:00:00,26.6,90,24.8,6.0,100,21.0,9.8,204,3.9860191021428415,8.95274548489749
2021-06-27 19:00:00,26.1,94,25.0,2.6,100,4.0,10.1,180,-1.2368932671388266e-15,10.1
2021-06-27 20:00:00,25.9,94,24.9,0.8,100,0.0,12.8,164,-3.52815815445759,12.304149708010485
2021-06-27 21:00:00,26.0,92,24.6,0.5,100,0.0,13.6,163,-3.9762551842292178,13.005744681097283
2021-06-27 22:00:00,25.8,92,24.5,0.6,100,0.0,12.5,162,-3.862712429686844,11.88820645368942
2021-06-27 23:00:00,25.6,93,24.3,1.7,100,0.0,11.3,173,-1.3771235804781674,11.215771513546938
2021-06-28 00:00:00,25.5,93,24.2,3.2,100,0.0,10.9,174,-1.1393602496174258,10.84028865951418
2021-06-28 01:00:00,25.4,92,24.1,1.8,100,0.0,11.7,169,-2.232465245905576,11.485038046337667
2021-06-28 02:00:00,25.5,92,24.1,0.9,100,0.0,10.5,164,-2.894192236078492,10.093247807352348
2021-06-28 03:00:00,25.4,92,24.1,0.9,100,0.0,10.8,154,-4.734408385322035,9.706975700031006
2021-06-28 04:00:00,25.3,92,23.9,0.8,100,0.0,11.4,156,-4.636797731064125,10.414418217125649
2021-06-28 05:00:00,25.3,91,23.7,0.7,100,0.0,11.4,162,-3.522793735874401,10.84204428576475
2021-06-28 06:00:00,25.4,90,23.6,1.0,100,1.0,7.2,153,-3.2687315981247376,6.415246974156248
2021-06-28 07:00:00,25.7,90,23.9,2.0,99,8.0,9.4,140,-6.042203531053471,7.2008177653183925
2021-06-28 08:00:00,26.2,87,23.9,1.9,72,40.0,10.2,141,-6.419067988708341,7.926888806861102
2021-06-28 09:00:00,26.8,85,24.1,1.4,73,47.0,11.1,151,-5.381386784734342,9.708278749247292
2021-06-28 10:00:00,26.9,85,24.2,1.8,84,19.0,10.7,168,-2.2246550917500247,10.46617932785172
2021-06-28 11:00:00,27.5,83,24.4,2.7,90,130.0,11.2,165,-2.8987733051482354,10.818369254437563
2021-06-28 12:00:00,27.8,84,24.7,1.7,69,116.0,11.6,175,-1.011006615872835,11.555858497864248
2021-06-28 13:00:00,28.5,80,24.8,0.3,84,173.0,11.9,182,0.4153040107597607,11.89275084152724
2021-06-28 14:00:00,28.2,80,24.5,1.9,97,152.0,11.3,189,1.7677094549546073,11.160878248725057
2021-06-28 15:00:00,28.3,81,24.6,3.6,100,213.0,12.3,185,1.0720156357961927,12.253194786528471
2021-06-28 16:00:00,27.9,83,24.7,2.6,100,100.0,12.6,182,0.4397336584515113,12.592324420440606
2021-06-28 17:00:00,27.8,84,24.8,0.4,100,43.0,12.0,196,3.307648269803988,11.535140351259829
2021-06-28 18:00:00,27.1,87,24.7,0.6,100,3.0,10.8,210,5.400000000000001,9.353074360871938
2021-06-28 19:00:00,26.5,90,24.7,1.3,100,2.0,10.8,201,3.870373855089245,10.08266860616978
2021-06-28 20:00:00,26.2,92,24.8,0.6,100,0.0,11.6,206,5.085105302753298,10.426010937070336
2021-06-28 21:00:00,26.2,92,24.8,0.4,100,0.0,11.9,194,2.878870557636044,11.54651914268436
2021-06-28 22:00:00,26.2,91,24.7,0.4,100,0.0,11.2,184,0.781272505934203,11.17271736291003
2021-06-28 23:00:00,26.1,91,24.5,0.5,100,0.0,10.2,188,1.4195656297926682,10.100734301164016
2021-06-29 00:00:00,25.8,91,24.2,0.9,100,0.0,9.7,182,0.3385251180142587,9.694091022085228
2021-06-29 01:00:00,25.6,92,24.2,1.6,100,0.0,9.8,174,-1.0243789400230068,9.746314574609078
2021-06-29 02:00:00,25.4,93,24.3,2.3,100,0.0,9.9,170,-1.7191169589026098,9.74959675482086
2021-06-29 03:00:00,25.6,91,24.0,1.4,100,0.0,9.6,167,-2.159530121701106,9.353952621938255
2021-06-29 04:00:00,25.5,91,24.0,1.3,100,0.0,9.0,175,-0.7844016847289237,8.96575228282571
2021-06-29 05:00:00,25.4,92,24.0,1.1,100,0.0,8.1,167,-1.822103540185308,7.892397524760404
2021-06-29 06:00:00,25.4,91,23.8,2.5,100,0.0,6.9,137,-4.70578868443124,5.046340541172277
2021-06-29 07:00:00,25.4,90,23.7,2.4,100,5.0,7.8,146,-4.361704647071826,6.466493065929325
2021-06-29 08:00:00,25.9,88,23.7,1.7,73,13.0,8.9,159,-3.189474750953172,8.308865795825096
2021-06-29 09:00:00,26.5,86,23.9,1.5,69,40.0,10.8,165,-2.795245687107227,10.431998923921936
2021-06-29 10:00:00,27.3,82,24.0,0.4,77,38.0,11.8,160,-4.035837691242893,11.08837292527372
2021-06-29 11:00:00,28.0,81,24.4,0.2,71,104.0,11.3,173,-1.3771235804781674,11.215771513546938
2021-06-29 12:00:00,28.4,80,24.6,0.3,71,72.0,10.9,188,1.5169868004647142,10.793921949283115
2021-06-29 13:00:00,28.5,81,25.0,0.7,86,124.0,12.6,193,2.834383284732698,12.277062816293965
2021-06-29 14:00:00,27.6,83,24.5,3.7,100,58.0,14.3,198,4.4189430195617465,13.600108183020698
2021-06-29 15:00:00,27.8,85,25.0,0.7,100,56.0,11.2,201,4.013721034907364,10.45610077676866
2021-06-29 16:00:00,27.2,86,24.6,1.2,100,46.0,12.9,216,7.582429754572902,10.436319227436822
2021-06-29 17:00:00,26.9,87,24.6,0.8,100,56.0,7.6,199,2.474317973874391,7.185941174554807
2021-06-29 18:00:00,26.9,88,24.7,0.3,100,16.0,6.2,173,-0.7555899291119148,6.153786140176196
2021-06-29 19:00:00,26.8,88,24.6,0.0,100,0.0,6.8,155,-2.8738041798367564,6.162892951849219
2021-06-29 20:00:00,26.6,89,24.6,0.0,65,0.0,5.1,141,-3.2095339943541705,3.963444403430551
2021-06-29 21:00:00,26.6,88,24.4,0.0,53,0.0,7.4,137,-5.046787864462489,5.412017391981862
2021-06-29 22:00:00,26.4,88,24.3,0.0,47,0.0,8.4,149,-4.326319829244457,7.200205325897743
2021-06-29 23:00:00,26.1,90,24.3,0.0,48,0.0,8.4,160,-2.8729692039356185,7.893418014601631
2021-06-30 00:00:00,26.0,89,24.0,0.0,47,0.0,7.9,164,-2.177535110954294,7.59396739791272
2021-06-30 01:00:00,25.8,91,24.2,0.0,42,0.0,8.8,168,-1.829622879196282,8.607698886457491
2021-06-30 02:00:00,25.8,91,24.2,0.1,36,0.0,9.4,176,-0.65571085319478,9.377102072442348
2021-06-30 03:00:00,25.7,86,23.1,0.0,38,0.0,9.7,178,-0.338525118014261,9.694091022085228
2021-06-30 04:00:00,25.6,87,23.2,0.0,47,0.0,9.7,184,0.6766377953180152,9.676371287520292
2021-06-30 05:00:00,25.5,88,23.4,0.0,43,0.0,9.5,189,1.486127417882192,9.38303923565381
2021-06-30 06:00:00,25.7,89,23.7,0.0,42,8.0,9.1,198,2.8120546488120204,8.654614298285898
2021-06-30 07:00:00,26.8,87,24.5,0.0,48,91.0,10.4,200,3.557009490586954,9.772803256173448
2021-06-30 08:00:00,27.6,85,24.9,0.2,47,176.0,11.0,203,4.298042413382009,10.125553387976844
2021-06-30 09:00:00,28.6,81,25.1,0.2,69,329.0,12.1,203,4.72784665472021,11.138108726774528
2021-06-30 10:00:00,29.1,80,25.3,1.1,78,353.0,13.4,204,5.450271017215723,12.241509132410853
2021-06-30 11:00:00,30.0,76,25.2,0.6,63,541.0,14.0,206,6.1371960550470845,12.583116648188335
2021-06-30 12:00:00,30.4,74,25.3,0.3,53,650.0,15.6,206,6.838589889909608,14.021187122267005
2021-06-30 13:00:00,30.5,77,25.9,0.2,56,721.0,16.3,205,6.888677666373399,14.772816928697395
2021-06-30 14:00:00,30.5,74,25.4,0.3,63,589.0,16.3,205,6.888677666373399,14.772816928697395
2021-06-30 15:00:00,30.4,76,25.8,0.2,59,494.0,14.3,205,6.043441142892,12.960201354624097
2021-06-30 16:00:00,30.4,77,25.8,0.2,66,455.0,13.2,202,4.944807033090038,12.238826880281591
2021-06-30 17:00:00,29.9,78,25.7,0.3,57,250.0,12.1,203,4.72784665472021,11.138108726774528
2021-06-30 18:00:00,29.3,81,25.6,0.0,47,97.0,8.7,225,6.151828996322962,6.151828996322965
2021-06-30 19:00:00,28.7,82,25.4,0.0,50,13.0,8.4,211,4.326319829244455,7.200205325897744
2021-06-30 20:00:00,28.2,85,25.3,0.0,45,0.0,8.0,188,1.1133848076805242,7.922144549932562
2021-06-30 21:00:00,27.6,87,25.2,0.0,53,0.0,8.3,180,-1.0164568432923032e-15,8.3
2021-06-30 22:00:00,27.3,88,25.2,0.0,36,0.0,8.0,170,-1.3891854213354422,7.878462024097664
2021-06-30 23:00:00,26.9,90,25.1,0.0,38,0.0,8.5,168,-1.767249371950954,8.314254606237348
2021-07-01 00:00:00,26.5,90,24.8,0.0,39,0.0,8.7,163,-2.543633831087808,8.31985137687841
2021-07-01 01:00:00,26.1,90,24.4,0.0,38,0.0,9.0,157,-3.516580156403464,8.284543681071963
2021-07-01 02:00:00,25.8,89,23.9,0.0,41,0.0,9.0,157,-3.516580156403464,8.284543681071963
2021-07-01 03:00:00,25.7,86,23.1,0.0,43,0.0,8.6,158,-3.221616703376845,7.97378114927437
2021-07-01 04:00:00,25.5,85,22.8,0.0,40,0.0,8.2,157,-3.2039952536120446,7.54813979831001
2021-07-01 05:00:00,25.4,85,22.7,0.0,38,0.0,8.0,162,-2.47213595499958,7.608452130361228
2021-07-01 06:00:00,25.4,86,23.0,0.0,39,9.0,5.5,157,-2.149021206691006,5.062776693988422
2021-07-01 07:00:00,26.8,84,23.8,0.0,32,92.0,7.4,166,-1.790222027437541,7.180188374442374
2021-07-01 08:00:00,28.3,78,24.0,0.0,32,235.0,7.7,169,-1.4692292643993965,7.558529312547013
2021-07-01 09:00:00,29.3,73,24.1,0.0,31,414.0,8.8,171,-1.3766232923540327,8.691657397237211
2021-07-01 10:00:00,30.0,71,24.1,0.0,29,598.0,8.6,180,-1.0531962472667237e-15,8.6
2021-07-01 11:00:00,30.5,70,24.4,0.0,25,649.0,9.6,193,2.159530121701104,9.35395262193826
2021-07-01 12:00:00,30.6,71,24.7,0.0,28,615.0,11.4,193,2.564442019520061,11.107818738551682
2021-07-01 13:00:00,30.7,73,25.2,0.2,30,663.0,12.3,195,3.183474254761006,11.88088766335554
2021-07-01 14:00:00,30.6,75,25.6,0.0,37,581.0,12.0,201,4.300415394543605,11.20296511796642
2021-07-01 15:00:00,30.9,69,24.5,0.0,41,577.0,10.6,208,4.976398565530443,9.359244484304623
2021-07-01 16:00:00,30.7,70,24.7,0.0,24,432.0,10.0,210,5.000000000000001,8.660254037844386
2021-07-01 17:00:00,30.3,73,25.0,0.0,28,266.0,9.5,205,4.014873486536644,8.609923976848176
2021-07-01 18:00:00,29.7,77,25.2,0.0,26,116.0,6.6,225,4.666904755831213,4.666904755831214
2021-07-01 19:00:00,29.1,80,25.2,0.0,19,13.0,8.1,212,4.292346040288959,6.869189578867051
2021-07-01 20:00:00,28.4,83,25.3,0.0,27,0.0,8.0,190,1.3891854213354438,7.878462024097664
2021-07-01 21:00:00,27.9,86,25.3,0.0,27,0.0,7.9,183,0.4134540543192542,7.889173324561134
2021-07-01 22:00:00,27.4,88,25.3,0.0,23,0.0,9.8,172,-1.3638963894086402,9.70462707366739
2021-07-01 23:00:00,27.1,90,25.3,0.0,35,0.0,9.4,176,-0.65571085319478,9.377102072442348
2021-07-02 00:00:00,26.8,91,25.2,0.0,41,0.0,9.4,178,-0.3280552690035107,9.3942737739795
2021-07-02 01:00:00,26.5,91,25.0,0.0,55,0.0,9.8,174,-1.0243789400230068,9.746314574609078
2021-07-02 02:00:00,26.2,92,24.9,0.2,60,0.0,8.4,173,-1.0237024846032394,8.337387673787106
2021-07-02 03:00:00,26.3,88,24.2,0.0,70,0.0,8.2,165,-2.1223161698406723,7.920591775570359
2021-07-02 04:00:00,26.0,88,24.0,0.0,62,0.0,7.6,161,-2.47431797387439,7.185941174554808
2021-07-02 05:00:00,25.8,89,23.9,0.0,59,0.0,7.1,165,-1.837615220227899,6.858073366652384
2021-07-02 06:00:00,25.7,91,24.2,0.1,59,4.0,5.2,192,1.0811407922523495,5.086367523815789
2021-07-02 07:00:00,26.8,89,24.8,0.1,51,65.0,4.7,189,0.7352419856890845,4.642135200797148
2021-07-02 08:00:00,28.0,84,25.1,0.0,43,204.0,5.4,188,0.7515347451843538,5.34744757120448
2021-07-02 09:00:00,28.7,83,25.5,0.1,51,393.0,7.4,209,3.5875911898228936,6.47218583283153
2021-07-02 10:00:00,29.4,81,25.7,0.2,65,512.0,10.0,229,7.54709580222772,6.560590289905073
2021-07-02 11:00:00,30.0,79,26.0,0.0,74,642.0,10.6,235,8.68301166946331,6.079910225321092
2021-07-02 12:00:00,30.3,79,26.3,0.0,64,661.0,10.7,237,8.973775077016038,5.827637674660788
2021-07-02 13:00:00,30.5,79,26.5,0.0,61,621.0,11.6,240,10.045894683899489,5.800000000000005
2021-07-02 14:00:00,30.4,80,26.6,0.0,45,515.0,11.6,240,10.045894683899489,5.800000000000005
2021-07-02 15:00:00,30.5,77,26.1,0.0,40,526.0,10.8,233,8.625263508510763,6.4996022500421216
2021-07-02 16:00:00,30.3,78,26.0,0.2,43,412.0,10.9,224,7.57177623800307,7.840803823691297
2021-07-02 17:00:00,30.0,78,25.7,0.0,45,238.0,11.5,219,7.237184497073133,8.937178556755164
2021-07-02 18:00:00,29.4,80,25.6,0.0,40,83.0,9.0,233,7.187719590425635,5.416335208368435
2021-07-02 19:00:00,28.7,83,25.6,0.0,39,11.0,8.1,225,5.727564927611034,5.727564927611036
2021-07-02 20:00:00,28.2,86,25.6,0.0,42,0.0,7.8,202,2.921931428644114,7.232034065620942
2021-07-02 21:00:00,27.8,88,25.6,0.0,40,0.0,6.6,171,-1.0324674692655245,6.5187430479279085
2021-07-02 22:00:00,27.4,89,25.5,0.0,40,0.0,6.6,167,-1.4846769586695103,6.430842427582552
2021-07-02 23:00:00,27.1,90,25.4,0.0,35,0.0,8.0,172,-1.1133848076805226,7.922144549932563
2021-07-03 00:00:00,26.9,91,25.3,0.0,35,0.0,7.9,180,-9.67470971326409e-16,7.9
2021-07-03 01:00:00,26.4,93,25.2,0.0,32,0.0,8.3,182,0.2896658226307575,8.294943864258496
2021-07-03 02:00:00,26.1,94,25.1,0.0,37,0.0,7.6,185,0.6623836448822004,7.571079705497266
2021-07-03 03:00:00,26.2,91,24.7,0.0,38,0.0,6.5,174,-0.6794350112397493,6.4643923198937765
2021-07-03 04:00:00,26.0,91,24.5,0.0,44,0.0,7.4,157,-2.891410350820626,6.811735915548059
2021-07-03 05:00:00,25.9,91,24.3,0.0,46,0.0,7.9,156,-3.2132194802988234,7.217009115376546
2021-07-03 06:00:00,26.0,90,24.3,0.0,45,4.0,6.9,137,-4.70578868443124,5.046340541172277
2021-07-03 07:00:00,27.1,86,24.6,0.0,33,65.0,6.9,137,-4.70578868443124,5.046340541172277
2021-07-03 08:00:00,28.3,82,24.8,0.0,32,186.0,6.5,146,-3.634753872559855,5.38874422160777
2021-07-03 09:00:00,29.2,78,24.9,0.0,31,346.0,5.2,168,-1.0811407922523484,5.08636752381579
2021-07-03 10:00:00,29.9,74,24.7,0.0,44,448.0,5.7,198,1.7613968679371996,5.421022142882376
2021-07-03 11:00:00,30.5,71,24.5,0.0,38,602.0,6.9,208,3.239353783222647,6.092338390726596
2021-07-03 12:00:00,30.9,68,24.3,0.0,26,661.0,8.8,215,5.047472639889207,7.208537989743128
2021-07-03 13:00:00,31.1,67,24.3,0.0,31,636.0,10.5,221,6.888619804400324,7.924450592339108
2021-07-03 14:00:00,31.0,69,24.6,0.0,43,628.0,11.7,225,8.273149339882604,8.273149339882607
2021-07-03 15:00:00,31.1,67,24.2,0.0,43,609.0,13.0,224,9.030558815966964,9.351417404402463
2021-07-03 16:00:00,30.6,69,24.2,0.0,69,429.0,13.1,217,7.883776803291833,10.462125181619536
2021-07-03 17:00:00,30.1,72,24.4,0.0,60,236.0,11.6,196,3.1973933274771884,11.1506356728845
2021-07-03 18:00:00,29.5,75,24.6,0.0,47,102.0,7.7,191,1.4692292643993945,7.558529312547013
2021-07-03 19:00:00,28.5,79,24.4,0.0,35,8.0,6.7,164,-1.8467702839738949,6.440453362786736
2021-07-03 20:00:00,28.0,81,24.4,0.0,37,0.0,6.8,162,-2.101315561749643,6.467184310807044
2021-07-03 21:00:00,27.5,83,24.4,0.0,10,0.0,6.8,155,-2.8738041798367564,6.162892951849219
2021-07-03 22:00:00,27.2,85,24.5,0.0,3,0.0,6.6,151,-3.1997434936258253,5.772490067120011
2021-07-03 23:00:00,26.9,87,24.5,0.0,20,0.0,7.7,152,-3.6149310334513594,6.798696465013738
2021-07-04 00:00:00,26.6,88,24.4,0.0,29,0.0,7.2,153,-3.2687315981247376,6.415246974156248
2021-07-04 01:00:00,26.5,88,24.3,0.0,24,0.0,8.0,153,-3.631923997916375,7.128052193506942
2021-07-04 02:00:00,26.4,87,24.1,0.0,16,0.0,8.3,162,-2.5648410533120645,7.893769085249775
2021-07-04 03:00:00,26.3,88,24.2,0.0,18,0.0,8.4,173,-1.0237024846032394,8.337387673787106
2021-07-04 04:00:00,26.2,89,24.1,0.0,29,0.0,9.0,178,-0.3140954703225103,8.994517443171862
2021-07-04 05:00:00,25.9,90,24.2,0.0,28,0.0,9.8,188,1.3638963894086422,9.704627073667387
2021-07-04 06:00:00,25.6,93,24.3,0.0,29,7.0,0.5,135,-0.3535533905932738,0.3535533905932737
2021-07-04 07:00:00,27.4,87,25.0,0.0,27,94.0,3.1,36,-1.8221342821066668,-2.5079526825623373
2021-07-04 08:00:00,28.6,81,25.0,0.0,26,259.0,3.8,17,-1.1110124779463997,-3.633958072659535
2021-07-04 09:00:00,29.3,77,24.9,0.0,26,445.0,4.0,350,0.6945927106677215,-3.939231012048832
2021-07-04 10:00:00,30.0,74,24.8,0.0,24,578.0,5.6,315,3.9597979746446663,-3.959797974644665
2021-07-04 11:00:00,30.4,73,25.0,0.0,27,658.0,7.4,309,5.750880114781584,-4.656970893768798
2021-07-04 12:00:00,30.7,72,25.1,0.0,37,605.0,8.2,319,5.37968403772216,-6.188618557826729
2021-07-04 13:00:00,30.8,71,24.9,0.0,33,568.0,8.4,340,2.8729692039356163,-7.893418014601631
2021-07-04 14:00:00,30.7,71,24.7,0.0,48,355.0,8.0,355,0.6972459419812665,-7.969557584733964
2021-07-04 15:00:00,30.7,72,25.1,0.0,44,352.0,11.3,353,1.3771235804781636,-11.21577151354694
2021-07-04 16:00:00,30.5,72,25.0,0.0,46,346.0,13.0,346,3.1449846427956825,-12.613844441587954
2021-07-04 17:00:00,30.0,74,25.0,0.0,29,193.0,12.3,355,1.0720156357961974,-12.253194786528471
2021-07-04 18:00:00,29.5,77,25.1,0.0,19,92.0,11.2,358,0.3908743630680092,-11.193177262613872
2021-07-04 19:00:00,28.7,81,25.0,0.0,13,12.0,11.6,5,-1.0110066158728348,-11.555858497864248
2021-07-04 20:00:00,28.1,84,25.1,0.0,8,0.0,11.1,13,-2.4969567032169016,-10.81550771911611
2021-07-04 21:00:00,27.7,86,25.1,0.0,2,0.0,9.2,26,-4.033014550459511,-8.268905225952336
2021-07-04 22:00:00,27.4,88,25.2,0.0,5,0.0,8.2,41,-5.379684037722159,-6.18861855782673
2021-07-04 23:00:00,27.0,90,25.2,0.0,6,0.0,5.8,60,-5.022947341949744,-2.9000000000000004
2021-07-05 00:00:00,26.7,91,25.1,0.0,1,0.0,5.1,45,-3.606244584051392,-3.606244584051392
2021-07-05 01:00:00,26.4,92,25.0,0.0,4,0.0,5.7,35,-3.2693856872009626,-4.669166652447253
2021-07-05 02:00:00,26.2,92,24.8,0.0,8,0.0,5.4,53,-4.312631754255381,-3.2498011250210617
2021-07-05 03:00:00,26.0,93,24.7,0.0,1,0.0,2.7,67,-2.485363104321589,-1.0549740469210391
2021-07-05 04:00:00,25.7,94,24.7,0.0,5,0.0,2.3,51,-1.7874357113510329,-1.447436899414626
2021-07-05 05:00:00,25.3,96,24.5,0.0,8,0.0,2.3,51,-1.7874357113510329,-1.447436899414626
2021-07-05 06:00:00,25.4,95,24.6,0.0,13,7.0,5.5,23,-2.149021206691006,-5.062776693988422
2021-07-05 07:00:00,27.6,87,25.2,0.0,4,79.0,5.8,30,-2.8999999999999995,-5.022947341949744
2021-07-05 08:00:00,28.6,80,24.8,0.0,2,187.0,7.0,21,-2.5085756468171017,-6.535062985480412
2021-07-05 09:00:00,29.6,74,24.5,0.0,1,477.0,8.4,10,-1.458644692402215,-8.272385125302547
2021-07-05 10:00:00,30.3,71,24.5,0.0,1,606.0,10.4,358,0.3629547657060086,-10.393664600998596
2021-07-05 11:00:00,30.6,70,24.5,0.0,7,694.0,12.6,355,1.0981623586204947,-12.552053195955994
2021-07-05 12:00:00,30.7,70,24.7,0.0,20,677.0,12.6,3,-0.6594330486610923,-12.58273213790763
2021-07-05 13:00:00,30.7,71,24.8,0.0,25,616.0,10.8,4,-0.7533699164365533,-10.773691742806102
2021-07-05 14:00:00,30.5,72,24.9,0.0,21,438.0,10.8,360,2.645237086158283e-15,-10.8
2021-07-05 15:00:00,30.6,72,24.9,0.0,30,389.0,11.3,7,-1.3771235804781663,-11.215771513546938
2021-07-05 16:00:00,30.3,74,25.0,0.0,30,277.0,10.5,8,-1.4613175600806871,-10.397814721786489
2021-07-05 17:00:00,29.8,75,25.0,0.0,35,90.0,9.1,9,-1.4235536318661008,-8.987963899415753
2021-07-05 18:00:00,29.4,77,25.0,0.0,38,23.0,6.9,9,-1.079397808777593,-6.815049550106451
2021-07-05 19:00:00,28.9,81,25.4,0.0,38,4.0,7.6,25,-3.211898789229316,-6.887939181478539
2021-07-05 20:00:00,28.1,88,26.0,0.0,45,0.0,5.0,60,-4.330127018922193,-2.5000000000000004
2021-07-05 21:00:00,27.8,89,25.9,0.0,51,0.0,5.0,60,-4.330127018922193,-2.5000000000000004
2021-07-05 22:00:00,27.4,90,25.7,0.0,54,0.0,5.6,40,-3.59961061424462,-4.289848881466277
2021-07-05 23:00:00,27.3,91,25.7,0.0,59,0.0,6.2,36,-3.6442685642133337,-5.0159053651246746
2021-07-06 00:00:00,27.2,92,25.7,0.0,57,0.0,6.6,9,-1.0324674692655236,-6.518743047927909
2021-07-06 01:00:00,27.1,92,25.6,0.0,57,0.0,6.5,3,-0.3401837155791349,-6.49109197590473
2021-07-06 02:00:00,27.2,90,25.3,0.0,50,0.0,7.6,5,-0.662383644882202,-7.571079705497266
2021-07-06 03:00:00,27.6,86,25.1,0.0,50,0.0,7.6,357,0.3977532674463772,-7.589584464134761
2021-07-06 04:00:00,27.5,87,25.2,0.0,54,0.0,7.8,338,2.921931428644116,-7.232034065620941
2021-07-06 05:00:00,27.3,90,25.6,0.1,92,0.0,3.0,284,2.910887178827989,-0.7257656867990023
2021-07-06 06:00:00,27.1,89,25.2,0.2,67,1.0,2.7,113,-2.4853631043215887,1.0549740469210394
2021-07-06 07:00:00,27.3,86,24.7,0.2,83,0.0,6.2,159,-2.221881287180861,5.788198644282651
2021-07-06 08:00:00,27.4,82,24.0,0.1,83,4.0,10.4,180,-1.2736326711132477e-15,10.4
2021-07-06 09:00:00,27.9,78,23.6,0.0,73,26.0,16.1,190,2.7957356604375807,15.855404823496553
2021-07-06 10:00:00,28.9,75,23.9,0.0,64,167.0,18.9,204,7.687322554132623,17.266009149445154
2021-07-06 11:00:00,30.0,73,24.7,0.0,57,345.0,20.9,209,10.132521063148442,18.27955187921337
2021-07-06 12:00:00,31.0,72,25.3,0.0,61,402.0,23.1,203,9.02588906810222,21.263662114751373
2021-07-06 13:00:00,31.3,70,25.2,0.0,53,444.0,26.0,194,6.289969285591355,25.227688883175908
2021-07-06 14:00:00,30.7,72,25.1,0.1,42,328.0,27.3,192,5.675989159324835,26.703429500032893
2021-07-06 15:00:00,30.3,71,24.4,0.0,30,283.0,26.1,192,5.426495130343524,25.529652379152328
2021-07-06 16:00:00,29.9,73,24.4,0.0,20,219.0,23.0,194,5.564203598792353,22.31680170434792
2021-07-06 17:00:00,29.5,75,24.5,0.0,19,204.0,20.7,193,4.656486824918005,20.169460341054368
2021-07-06 18:00:00,29.0,77,24.5,0.0,13,93.0,16.4,189,2.565525226659784,16.19808878576026
2021-07-06 19:00:00,28.4,80,24.5,0.0,17,10.0,13.0,185,1.1330246557195534,12.950531075192693
2021-07-06 20:00:00,28.0,82,24.6,0.0,21,0.0,11.9,183,0.6227978792910285,11.88369146357943
2021-07-06 21:00:00,27.8,84,24.7,0.0,24,0.0,10.2,172,-1.4195656297926662,10.100734301164016
2021-07-06 22:00:00,27.6,85,24.8,0.0,20,0.0,8.7,163,-2.543633831087808,8.31985137687841
2021-07-06 23:00:00,27.4,86,24.8,0.0,19,0.0,7.8,158,-2.921931428644116,7.232034065620941
2021-07-07 00:00:00,27.1,87,24.8,0.0,25,0.0,8.3,162,-2.5648410533120645,7.893769085249775
2021-07-07 01:00:00,26.9,88,24.8,0.0,26,0.0,9.8,172,-1.3638963894086402,9.70462707366739
2021-07-07 02:00:00,26.7,89,24.8,0.0,16,0.0,13.0,175,-1.1330246557195565,12.950531075192693
2021-07-07 03:00:00,27.0,88,24.7,0.0,11,0.0,15.5,177,-0.811207321765629,15.478757788695894
2021-07-07 04:00:00,26.7,88,24.6,0.0,16,0.0,13.8,173,-1.681796938991036,13.697136892650244
2021-07-07 05:00:00,26.5,89,24.5,0.0,5,0.0,13.0,182,0.4536934571325117,12.992080751248244
2021-07-07 06:00:00,26.6,89,24.7,0.0,4,8.0,13.4,188,1.864919552864878,13.26959212113704
2021-07-07 07:00:00,27.6,86,25.0,0.0,2,108.0,14.5,186,1.5156627173809758,14.420567482839962
2021-07-07 08:00:00,28.5,82,25.2,0.0,4,268.0,14.1,183,0.7379369830255043,14.080676440039491
2021-07-07 09:00:00,29.4,79,25.3,0.0,4,445.0,14.9,188,2.0736792043049763,14.754994224249398
2021-07-07 10:00:00,30.3,75,25.3,0.0,2,593.0,17.0,193,3.824167923845705,16.564291101349
2021-07-07 11:00:00,30.8,73,25.5,0.0,10,679.0,17.7,200,6.053756536864335,16.63255938791058
2021-07-07 12:00:00,30.9,73,25.6,0.2,22,712.0,17.8,201,6.378949501906348,16.61773159165019
2021-07-07 13:00:00,31.0,73,25.7,0.2,26,663.0,16.6,193,3.734187502108159,16.174543075434908
2021-07-07 14:00:00,31.2,72,25.7,0.0,23,606.0,15.7,196,4.327506486326884,15.091808626231606
2021-07-07 15:00:00,31.2,71,25.4,0.0,23,590.0,15.5,192,3.2226312076752723,15.161287811373986
2021-07-07 16:00:00,30.8,73,25.5,0.0,26,355.0,13.8,187,1.681796938991033,13.697136892650246
2021-07-07 17:00:00,30.6,75,25.5,0.0,29,250.0,11.5,178,-0.4013442120787631,11.4929945107196
2021-07-07 18:00:00,30.0,77,25.6,0.0,23,84.0,7.8,193,1.7546182238821468,7.600086505324834
2021-07-07 19:00:00,29.2,81,25.5,0.0,20,12.0,6.3,167,-1.4171916423663506,6.1385314081469815
2021-07-07 20:00:00,28.6,84,25.6,0.0,29,0.0,6.3,149,-3.2447398719333425,5.400153994423307
2021-07-07 21:00:00,28.2,86,25.7,0.0,22,0.0,5.9,142,-3.6324027044213847,4.64926344627966
2021-07-07 22:00:00,27.9,88,25.7,0.0,9,0.0,4.3,132,-3.195522749552795,2.8772616073430903
2021-07-07 23:00:00,27.6,89,25.7,0.0,12,0.0,3.9,112,-3.616017032810471,1.4609657143220571
2021-07-08 00:00:00,27.4,90,25.7,0.0,8,0.0,4.9,107,-4.685893304218874,1.4326213531414098
2021-07-08 01:00:00,27.2,91,25.6,0.0,6,0.0,4.2,121,-3.600102662948872,2.163159914622228
2021-07-08 02:00:00,27.0,92,25.5,0.0,3,0.0,5.1,141,-3.2095339943541705,3.963444403430551
2021-07-08 03:00:00,26.6,91,25.0,0.0,3,0.0,5.8,150,-2.8999999999999995,5.022947341949744
2021-07-08 04:00:00,26.3,92,24.9,0.0,8,0.0,6.7,144,-3.938161190359571,5.420413862312147
2021-07-08 05:00:00,26.0,93,24.7,0.0,11,0.0,6.1,140,-3.9210044190878905,4.672871103025765
2021-07-08 06:00:00,26.1,92,24.6,0.0,5,7.0,5.2,102,-5.08636752381579,1.0811407922523486
2021-07-08 07:00:00,27.3,88,25.2,0.0,2,96.0,4.7,99,-4.642135200797148,0.7352419856890848
2021-07-08 08:00:00,28.5,82,25.2,0.0,2,258.0,2.2,81,-2.1729143493093037,-0.344155823088508
2021-07-08 09:00:00,29.4,78,25.2,0.0,0,449.0,1.3,34,-0.726950774511971,-1.0777488443215544
2021-07-08 10:00:00,30.1,75,25.1,0.0,2,602.0,1.8,270,1.8,3.306546357697853e-16
2021-07-08 11:00:00,30.8,72,25.2,0.0,4,753.0,5.1,262,5.050367150582008,0.7097828148963357
2021-07-08 12:00:00,31.1,71,25.3,0.0,13,775.0,6.9,279,6.815049550106451,-1.0793978087775915
2021-07-08 13:00:00,31.1,71,25.3,0.0,18,664.0,7.6,295,6.887939181478538,-3.2118987892293167
2021-07-08 14:00:00,31.0,71,25.2,0.0,35,623.0,6.4,308,5.04326882308302,-3.940233442084215
2021-07-08 15:00:00,30.3,74,25.1,0.2,53,357.0,5.1,321,3.2095339943541727,-3.96344440343055
2021-07-08 16:00:00,30.0,74,24.9,0.2,53,379.0,2.3,321,1.447436899414627,-1.7874357113510322
2021-07-08 17:00:00,29.9,74,24.8,0.0,38,236.0,4.5,299,3.935788682127281,-2.181643291108518
2021-07-08 18:00:00,29.5,76,24.8,0.0,17,90.0,3.9,292,3.616017032810471,-1.460965714322057
2021-07-08 19:00:00,29.1,77,24.7,0.0,21,12.0,3.5,246,3.1974091017491038,1.4235782507653003
2021-07-08 20:00:00,28.6,80,24.8,0.0,14,0.0,5.4,180,-6.613092715395707e-16,5.4
2021-07-08 21:00:00,28.1,83,25.0,0.0,8,0.0,7.2,162,-2.224922359499622,6.8476069173251055
2021-07-08 22:00:00,27.9,86,25.2,0.0,7,0.0,7.2,153,-3.2687315981247376,6.415246974156248
2021-07-08 23:00:00,27.6,87,25.3,0.0,7,0.0,6.8,148,-3.603450996785793,5.766727053863696
2021-07-09 00:00:00,27.5,88,25.4,0.0,9,0.0,7.4,151,-3.587591189822896,6.472185832831529
2021-07-09 01:00:00,27.3,89,25.4,0.0,10,0.0,7.6,155,-3.211898789229316,6.887939181478539
2021-07-09 02:00:00,27.2,90,25.3,0.0,6,0.0,8.2,165,-2.1223161698406723,7.920591775570359
2021-07-09 03:00:00,27.1,90,25.3,0.0,2,0.0,8.4,170,-1.4586446924022145,8.272385125302547
2021-07-09 04:00:00,26.7,91,25.2,0.0,2,0.0,7.2,174,-0.7526049355271069,7.160557646651568
2021-07-09 05:00:00,26.3,93,25.0,0.0,4,0.0,7.7,169,-1.4692292643993965,7.558529312547013
2021-07-09 06:00:00,26.0,94,25.0,0.0,1,6.0,2.2,171,-0.3441558230885082,2.172914349309303
2021-07-09 07:00:00,27.3,90,25.6,0.0,2,76.0,2.0,135,-1.4142135623730951,1.414213562373095
2021-07-09 08:00:00,28.6,83,25.5,0.0,3,231.0,0.8,153,-0.3631923997916375,0.7128052193506943
2021-07-09 09:00:00,29.4,78,25.3,0.0,1,442.0,1.8,323,1.083267041673687,-1.437543918085127
2021-07-09 10:00:00,30.3,74,25.1,0.0,5,610.0,4.1,322,2.5242120488351985,-3.23084408978756
2021-07-09 11:00:00,30.9,70,24.9,0.0,10,705.0,5.4,307,4.312631754255383,-3.249801125021059
2021-07-09 12:00:00,31.2,69,24.9,0.0,14,785.0,5.7,288,5.421022142882376,-1.7613968679371992
2021-07-09 13:00:00,31.4,69,25.1,0.0,13,713.0,7.2,270,7.2,1.3226185430791417e-15
2021-07-09 14:00:00,31.2,71,25.3,0.0,28,663.0,9.3,257,9.061641602502688,2.092044805397947
2021-07-09 15:00:00,31.0,71,25.1,0.0,38,527.0,7.1,240,6.148780366869513,3.550000000000003
2021-07-09 16:00:00,30.8,72,25.1,0.0,57,309.0,5.1,219,3.2095339943541714,3.963444403430551
2021-07-09 17:00:00,30.4,73,25.1,0.0,60,257.0,4.8,228,3.567095162291493,3.211826910522519
2021-07-09 18:00:00,30.0,76,25.2,0.0,54,68.0,4.3,275,4.283637201794505,-0.3747696938149289
2021-07-09 19:00:00,29.5,78,25.4,0.0,41,12.0,3.1,306,2.5079526825623377,-1.8221342821066664
2021-07-09 20:00:00,28.9,81,25.4,0.0,41,0.0,1.8,101,-1.7669289302057951,0.3434561916777806
2021-07-09 21:00:00,28.4,84,25.3,0.0,40,0.0,5.1,135,-3.606244584051392,3.606244584051392
2021-07-09 22:00:00,28.1,85,25.4,0.0,28,0.0,6.1,140,-3.9210044190878905,4.672871103025765
2021-07-09 23:00:00,28.0,86,25.4,0.0,29,0.0,6.9,141,-4.342310698243878,5.3623071340531
2021-07-10 00:00:00,27.8,87,25.4,0.0,32,0.0,6.7,144,-3.938161190359571,5.420413862312147
2021-07-10 01:00:00,27.6,88,25.3,0.0,30,0.0,7.3,147,-3.975864955609699,6.122295146001594
2021-07-10 02:00:00,27.3,89,25.3,0.0,19,0.0,8.5,152,-3.990508283680071,7.505054539300879
2021-07-10 03:00:00,26.8,89,24.9,0.0,18,0.0,6.8,148,-3.603450996785793,5.766727053863696
2021-07-10 04:00:00,26.5,91,24.9,0.0,20,0.0,2.0,135,-1.4142135623730951,1.414213562373095
2021-07-10 05:00:00,26.5,91,24.9,0.0,26,0.0,1.8,90,-1.8,-1.1021821192326179e-16
2021-07-10 06:00:00,26.5,91,25.0,0.0,23,7.0,4.0,27,-1.815961998958187,-3.564026096753472
2021-07-10 07:00:00,27.9,86,25.3,0.0,16,72.0,4.6,39,-2.894873798829252,-3.5748714227020657
2021-07-10 08:00:00,28.8,81,25.2,0.0,9,215.0,4.2,31,-2.163159914622228,-3.600102662948872
2021-07-10 09:00:00,29.6,77,25.1,0.0,9,460.0,2.9,353,0.3534210958749269,-2.878383839759834
2021-07-10 10:00:00,30.3,73,24.9,0.0,14,634.0,2.9,330,1.4500000000000013,-2.5114736709748717
2021-07-10 11:00:00,31.0,70,24.9,0.0,12,720.0,3.6,307,2.875087836170255,-2.1665340833473725
2021-07-10 12:00:00,31.2,70,25.0,0.0,34,680.0,6.6,299,5.772490067120011,-3.1997434936258258
2021-07-10 13:00:00,31.2,70,25.0,0.0,48,725.0,5.4,318,3.613305274337834,-4.012982057577929
2021-07-10 14:00:00,31.1,70,24.9,0.0,62,629.0,2.4,333,1.0895771993749126,-2.138415658052083
2021-07-10 15:00:00,31.0,70,25.0,0.0,68,401.0,2.6,326,1.453901549023941,-2.1554976886431088
2021-07-10 16:00:00,30.5,73,25.0,0.0,78,274.0,1.1,18,-0.3399186938124421,-1.0461621679246689
2021-07-10 17:00:00,30.2,74,25.0,0.0,57,183.0,0.8,333,0.3631923997916376,-0.7128052193506943
2021-07-10 18:00:00,29.9,75,25.0,0.0,54,75.0,1.8,360,4.4087284769304716e-16,-1.8
2021-07-10 19:00:00,29.5,77,25.0,0.0,49,6.0,4.1,38,-2.524212048835199,-3.2308440897875594
2021-07-10 20:00:00,28.6,87,26.3,0.0,50,0.0,4.7,360,1.1511679911985121e-15,-4.7
2021-07-10 21:00:00,28.6,83,25.4,0.0,42,0.0,4.6,342,1.4214781741247593,-4.3748599749577055
2021-07-10 22:00:00,28.5,83,25.4,0.0,47,0.0,4.2,329,2.163159914622229,-3.600102662948871
2021-07-10 23:00:00,27.7,88,25.5,0.0,45,0.0,1.8,281,1.766928930205795,-0.3434561916777812
2021-07-11 00:00:00,27.2,90,25.3,0.0,37,0.0,1.8,143,-1.0832670416736867,1.4375439180851273
2021-07-11 01:00:00,26.8,90,25.1,0.0,28,0.0,3.0,104,-2.910887178827989,0.7257656867990033
2021-07-11 02:00:00,26.6,91,25.0,0.0,30,0.0,3.7,119,-3.236092916415765,1.793795594911447
2021-07-11 03:00:00,27.1,89,25.0,0.0,31,0.0,2.3,108,-2.187429987478853,0.7107390870623789
2021-07-11 04:00:00,27.9,84,25.0,0.0,32,0.0,1.8,53,-1.437543918085127,-1.0832670416736871
2021-07-11 05:00:00,27.2,87,24.9,0.0,32,0.0,2.9,30,-1.4499999999999995,-2.511473670974872
2021-07-11 06:00:00,26.8,91,25.2,0.0,29,6.0,5.8,4,-0.4045875477159267,-5.78587149150698
2021-07-11 07:00:00,28.1,86,25.5,0.0,30,75.0,5.1,356,0.3557580160950407,-5.087576656325103
2021-07-11 08:00:00,29.2,81,25.5,0.0,31,239.0,4.2,340,1.436484601967808,-3.946709007300816
2021-07-11 09:00:00,29.8,77,25.3,0.0,31,409.0,3.3,311,2.4905416147351485,-2.1649947956686733
2021-07-11 10:00:00,30.3,74,25.1,0.0,60,491.0,3.3,319,2.164994795668674,-2.490541614735147
2021-07-11 11:00:00,30.8,72,25.2,0.0,61,581.0,3.4,342,1.050657780874822,-3.233592155403522
2021-07-11 12:00:00,31.0,71,25.2,0.0,48,597.0,4.9,343,1.4326213531414125,-4.685893304218873
2021-07-11 13:00:00,31.0,72,25.4,0.1,52,436.0,5.1,356,0.3557580160950407,-5.087576656325103
2021-07-11 14:00:00,30.8,73,25.5,0.2,43,265.0,7.1,15,-1.8376152202278973,-6.858073366652385
2021-07-11 15:00:00,30.8,74,25.6,0.0,48,238.0,6.9,28,-3.2393537832226467,-6.092338390726597
2021-07-11 16:00:00,30.4,76,25.6,0.2,44,223.0,4.8,27,-2.1791543987498243,-4.276831316104166
2021-07-11 17:00:00,30.1,76,25.5,0.0,35,115.0,2.7,23,-1.0549740469210394,-2.485363104321589
2021-07-11 18:00:00,29.7,78,25.4,0.0,54,28.0,3.7,11,-0.7059932828932158,-3.632020578756357
2021-07-11 19:00:00,29.4,78,25.2,0.0,56,2.0,4.3,360,1.0531962472667237e-15,-4.3
2021-07-11 20:00:00,28.9,81,25.2,0.0,55,0.0,7.6,360,1.8614631347039767e-15,-7.6
2021-07-11 21:00:00,28.6,83,25.5,0.0,38,0.0,5.4,356,0.3766849582182784,-5.386845871403051
2021-07-11 22:00:00,28.2,87,25.7,0.0,34,0.0,5.4,356,0.3766849582182784,-5.386845871403051
2021-07-11 23:00:00,27.7,89,25.8,0.0,29,0.0,4.7,4,-0.3278554265973889,-4.688551036221174
2021-07-12 00:00:00,28.6,82,25.2,0.0,18,0.0,1.8,37,-1.083267041673687,-1.437543918085127
2021-07-12 01:00:00,28.3,83,25.2,0.0,11,0.0,3.1,144,-1.822134282106667,2.507952682562337
2021-07-12 02:00:00,27.5,88,25.3,0.0,24,0.0,4.6,162,-1.4214781741247584,4.3748599749577055
2021-07-12 03:00:00,27.5,88,25.3,0.0,28,0.0,2.6,146,-1.453901549023942,2.1554976886431083
2021-07-12 04:00:00,27.7,87,25.2,0.0,31,0.0,1.1,108,-1.046162167924669,0.3399186938124421
2021-07-12 05:00:00,26.5,91,25.0,0.0,30,0.0,2.1,59,-1.800051331474436,-1.0815799573111138
2021-07-12 06:00:00,26.3,94,25.3,0.0,32,2.0,4.2,31,-2.163159914622228,-3.600102662948872
2021-07-12 07:00:00,27.7,88,25.5,0.0,31,29.0,3.9,56,-3.233246532964663,-2.1808523235359125
2021-07-12 08:00:00,28.6,83,25.4,0.0,31,88.0,2.8,40,-1.7998053071223097,-2.1449244407331385
2021-07-12 09:00:00,29.3,80,25.6,0.0,31,172.0,2.5,8,-0.3479327524001636,-2.475670171853926
2021-07-12 10:00:00,30.1,77,25.6,0.0,30,335.0,2.9,353,0.3534210958749269,-2.878383839759834
2021-07-12 11:00:00,30.6,74,25.5,0.0,31,368.0,4.1,345,1.0611580849203348,-3.96029588778518
2021-07-12 12:00:00,31.2,72,25.5,0.0,33,409.0,5.0,339,1.7918397477265038,-4.667902132486008
2021-07-12 13:00:00,31.4,71,25.4,0.0,37,368.0,5.2,348,1.0811407922523513,-5.086367523815789
2021-07-12 14:00:00,31.3,71,25.3,0.0,36,168.0,1.9,338,0.7117525274902334,-1.7616493236768958
2021-07-12 15:00:00,31.4,70,25.2,0.0,52,465.0,3.7,281,3.632020578756357,-0.705993282893217
2021-07-12 16:00:00,30.7,73,25.3,0.2,80,247.0,1.8,233,1.437543918085127,1.083267041673687
2021-07-12 17:00:00,30.5,74,25.4,0.0,60,158.0,4.2,250,3.946709007300816,1.436484601967808
2021-07-12 18:00:00,30.2,75,25.3,0.0,66,100.0,2.5,270,2.5,4.592425496802574e-16
2021-07-12 19:00:00,29.7,78,25.4,0.0,49,8.0,2.5,352,0.3479327524001647,-2.475670171853926
2021-07-12 20:00:00,29.1,83,26.0,0.0,42,0.0,0.8,297,0.7128052193506944,-0.3631923997916373
2021-07-12 21:00:00,28.8,85,25.9,0.0,38,0.0,0.4,90,-0.4,-2.4492935982947065e-17
2021-07-12 22:00:00,28.5,86,25.8,0.0,37,0.0,1.3,124,-1.0777488443215544,0.7269507745119708
2021-07-12 23:00:00,28.1,87,25.7,0.0,38,0.0,1.3,124,-1.0777488443215544,0.7269507745119708
2021-07-13 00:00:00,28.0,87,25.7,0.0,34,0.0,3.3,96,-3.281922254715301,0.3449439287832567
2021-07-13 01:00:00,28.3,86,25.6,0.0,33,0.0,2.5,90,-2.5,-1.5308084989341916e-16
2021-07-13 02:00:00,27.7,88,25.6,0.0,31,0.0,2.3,72,-2.1874299874788528,-0.7107390870623791
2021-07-13 03:00:00,27.9,86,25.4,0.0,27,0.0,2.1,59,-1.800051331474436,-1.0815799573111138
2021-07-13 04:00:00,28.0,86,25.4,0.0,29,0.0,1.3,34,-0.726950774511971,-1.0777488443215544
2021-07-13 05:00:00,27.7,87,25.3,0.0,29,0.0,2.5,8,-0.3479327524001636,-2.475670171853926
2021-07-13 06:00:00,27.3,89,25.4,0.0,30,5.0,3.6,360,8.817456953860943e-16,-3.6
2021-07-13 07:00:00,28.3,85,25.5,0.0,26,83.0,5.2,34,-2.907803098047884,-4.3109953772862175
2021-07-13 08:00:00,29.2,81,25.5,0.0,25,250.0,6.3,31,-3.244739871933341,-5.400153994423308
2021-07-13 09:00:00,29.9,77,25.4,0.0,20,411.0,7.2,37,-4.333068166694748,-5.750175672340508
2021-07-13 10:00:00,30.5,73,25.2,0.0,20,613.0,4.7,23,-1.8364363038995868,-4.32637281122647
2021-07-13 11:00:00,31.0,71,25.2,0.0,23,727.0,2.3,342,0.7107390870623796,-2.1874299874788528
2021-07-13 12:00:00,31.4,70,25.2,0.0,40,685.0,2.7,203,1.054974046921039,2.485363104321589
2021-07-13 13:00:00,31.0,71,25.1,0.3,52,617.0,5.7,235,4.669166652447252,3.2693856872009643
2021-07-13 14:00:00,31.0,71,25.2,0.3,42,463.0,6.6,202,2.472403516545019,6.1194134401407965
2021-07-13 15:00:00,30.5,73,25.1,0.0,69,321.0,4.9,234,3.9641832724372414,2.880147736233119
2021-07-13 16:00:00,30.4,74,25.1,0.0,100,217.0,3.4,122,-2.8833635269318485,1.8017254983928963
2021-07-13 17:00:00,30.2,74,25.1,0.0,69,149.0,2.3,39,-1.4474368994146258,-1.7874357113510329
2021-07-13 18:00:00,29.9,75,25.0,0.0,45,71.0,2.9,263,2.878383839759834,0.3534210958749267
2021-07-13 19:00:00,29.4,77,25.0,0.0,47,9.0,2.7,113,-2.4853631043215887,1.0549740469210394
2021-07-13 20:00:00,28.7,80,25.0,0.0,41,0.0,4.0,117,-3.564026096753472,1.815961998958187
2021-07-13 21:00:00,28.2,82,24.9,0.0,27,0.0,4.0,117,-3.564026096753472,1.815961998958187
2021-07-13 22:00:00,28.0,83,24.8,0.0,12,0.0,5.7,125,-4.669166652447252,3.269385687200963
2021-07-13 23:00:00,27.7,84,24.8,0.0,18,0.0,6.9,141,-4.342310698243878,5.3623071340531
2021-07-14 00:00:00,27.4,84,24.5,0.0,17,0.0,7.8,146,-4.361704647071826,6.466493065929325
2021-07-14 01:00:00,27.2,85,24.4,0.0,14,0.0,7.9,141,-4.971631089293716,6.139453095510071
2021-07-14 02:00:00,26.7,87,24.4,0.0,17,0.0,7.4,137,-5.046787864462489,5.412017391981862
2021-07-14 03:00:00,26.4,89,24.4,0.0,20,0.0,3.6,127,-2.8750878361702537,2.1665340833473743
2021-07-14 04:00:00,25.9,93,24.7,0.0,19,0.0,1.5,104,-1.4554435894139948,0.3628828433995016
2021-07-14 05:00:00,26.0,91,24.4,0.0,11,0.0,3.8,41,-2.493024310163928,-2.8678964048465336
2021-07-14 06:00:00,25.9,92,24.6,0.0,13,5.0,8.7,24,-3.5386087947594613,-7.947845481490627
2021-07-14 07:00:00,27.1,86,24.6,0.0,16,40.0,9.5,25,-4.014873486536644,-8.609923976848174
2021-07-14 08:00:00,28.1,80,24.4,0.3,14,164.0,11.3,17,-3.303800263366926,-10.806243742382302
2021-07-14 09:00:00,28.9,77,24.5,0.0,14,310.0,13.9,10,-2.4137096695703315,-13.688827766869691
2021-07-14 10:00:00,30.0,72,24.5,0.0,12,545.0,15.5,3,-0.8112073217656295,-15.478757788695894
2021-07-14 11:00:00,30.6,70,24.5,0.0,18,564.0,15.5,360,3.796405077356795e-15,-15.5
2021-07-14 12:00:00,31.0,69,24.7,0.0,20,719.0,15.2,355,1.3247672897644065,-15.142159410994532
2021-07-14 13:00:00,31.0,70,24.9,0.0,23,660.0,13.0,355,1.1330246557195582,-12.950531075192693
2021-07-14 14:00:00,30.6,72,24.9,0.0,42,434.0,11.6,353,1.4136843834997077,-11.513535359039336
2021-07-14 15:00:00,31.1,68,24.4,0.0,35,376.0,11.4,349,2.175222547292609,-11.19054989130337
2021-07-14 16:00:00,30.6,70,24.6,0.0,54,185.0,10.5,354,1.0975488643103608,-10.44247990136687
2021-07-14 17:00:00,30.0,73,24.5,0.0,44,125.0,7.6,5,-0.662383644882202,-7.571079705497266
2021-07-14 18:00:00,29.4,75,24.5,0.0,37,51.0,3.7,11,-0.7059932828932158,-3.632020578756357
2021-07-14 19:00:00,28.7,78,24.4,0.0,33,7.0,3.3,84,-3.281922254715301,-0.3449439287832564
2021-07-14 20:00:00,28.0,82,24.7,0.0,20,0.0,4.1,128,-3.23084408978756,2.524212048835199
2021-07-14 21:00:00,27.4,86,24.9,0.0,16,0.0,4.4,145,-2.5237363199446023,3.604268994871565
2021-07-14 22:00:00,27.1,89,25.0,0.0,6,0.0,5.1,135,-3.606244584051392,3.606244584051392
2021-07-14 23:00:00,26.9,89,25.0,0.0,2,0.0,5.6,135,-3.9597979746446654,3.9597979746446654
2021-07-15 00:00:00,26.8,88,24.7,0.0,3,0.0,5.4,127,-4.312631754255381,3.2498011250210617
2021-07-15 01:00:00,26.9,87,24.6,0.0,8,0.0,3.3,103,-3.2154212137912763,0.7423384793347546
2021-07-15 02:00:00,26.4,90,24.6,0.1,11,0.0,2.3,72,-2.1874299874788528,-0.7107390870623791
2021-07-15 03:00:00,26.3,89,24.4,0.0,17,0.0,2.4,63,-2.138415658052083,-1.0895771993749124
2021-07-15 04:00:00,26.0,91,24.4,0.0,21,0.0,3.3,49,-2.490541614735148,-2.1649947956686737
2021-07-15 05:00:00,26.0,90,24.3,0.1,29,0.0,2.0,45,-1.4142135623730951,-1.4142135623730951
2021-07-15 06:00:00,25.8,92,24.4,0.2,22,3.0,3.3,13,-0.7423384793347545,-3.2154212137912763
2021-07-15 07:00:00,27.5,81,23.9,0.0,20,35.0,5.2,12,-1.0811407922523486,-5.08636752381579
2021-07-15 08:00:00,27.8,79,23.9,0.2,16,124.0,8.0,10,-1.3891854213354426,-7.878462024097664
2021-07-15 09:00:00,28.4,78,24.1,0.0,19,201.0,10.5,8,-1.4613175600806871,-10.397814721786489
2021-07-15 10:00:00,29.2,75,24.2,0.0,25,323.0,11.9,358,0.4153040107597598,-11.89275084152724
2021-07-15 11:00:00,29.8,73,24.4,0.0,23,463.0,11.2,354,1.1707187885977182,-11.13864522812466
2021-07-15 12:00:00,30.3,72,24.6,0.0,41,541.0,8.3,2,-0.2896658226307581,-8.294943864258496
2021-07-15 13:00:00,30.2,73,24.8,0.0,57,311.0,5.4,352,0.7515347451843558,-5.34744757120448
2021-07-15 14:00:00,29.9,74,24.7,0.0,63,100.0,6.8,342,2.101315561749644,-6.467184310807044
2021-07-15 15:00:00,30.5,70,24.4,0.0,71,283.0,6.0,327,3.267834210090162,-5.032023407672544
2021-07-15 16:00:00,29.7,74,24.6,0.0,68,79.0,2.9,300,2.511473670974872,-1.4500000000000002
2021-07-15 17:00:00,28.7,80,25.0,0.5,62,22.0,2.6,164,-0.716657125124198,2.499280409439629
2021-07-15 18:00:00,28.1,83,24.9,0.1,65,1.0,2.9,187,0.3534210958749272,2.878383839759834
2021-07-15 19:00:00,27.5,86,25.0,0.0,44,0.0,5.2,155,-2.1976149610516376,4.71280049259058
2021-07-15 20:00:00,27.2,88,25.1,0.0,36,0.0,3.9,146,-2.180852323535913,3.2332465329646625
2021-07-15 21:00:00,27.0,90,25.3,0.0,31,0.0,4.4,125,-3.604268994871564,2.5237363199446032
2021-07-15 22:00:00,26.7,93,25.5,0.0,29,0.0,4.5,119,-3.9357886821272814,2.1816432911085166
2021-07-15 23:00:00,26.9,91,25.3,0.0,30,0.0,5.2,115,-4.71280049259058,2.1976149610516367
2021-07-16 00:00:00,27.3,88,25.1,0.0,32,0.0,5.0,120,-4.330127018922194,2.499999999999999
2021-07-16 01:00:00,27.1,89,25.1,0.0,29,0.0,4.6,108,-4.374859974957706,1.4214781741247575
2021-07-16 02:00:00,26.8,90,25.0,0.4,34,0.0,3.7,79,-3.632020578756357,-0.7059932828932162
2021-07-16 03:00:00,26.5,89,24.6,0.0,37,0.0,3.3,41,-2.1649947956686737,-2.490541614735148
2021-07-16 04:00:00,25.8,92,24.5,0.0,41,0.0,3.7,29,-1.7937955949114472,-3.2360929164157644
2021-07-16 05:00:00,25.8,92,24.4,0.0,47,0.0,3.5,24,-1.4235782507653008,-3.197409101749103
2021-07-16 06:00:00,25.7,93,24.5,0.2,45,3.0,4.3,24,-1.7489675652259409,-3.928245467863184
2021-07-16 07:00:00,26.8,87,24.5,0.1,46,31.0,4.5,76,-4.366330768241984,-1.0886485301985045
2021-07-16 08:00:00,27.7,81,24.1,0.0,46,105.0,5.8,97,-5.756767679519668,0.7068421917498547
2021-07-16 09:00:00,28.9,75,23.9,0.0,43,271.0,3.4,108,-3.2335921554035223,1.050657780874821
2021-07-16 10:00:00,29.6,71,23.9,0.0,44,340.0,2.9,270,2.9,5.327213576290986e-16
2021-07-16 11:00:00,30.0,70,23.9,0.0,47,499.0,6.8,295,6.162892951849218,-2.8738041798367573
2021-07-16 12:00:00,30.1,70,23.9,0.0,64,444.0,5.7,305,4.669166652447253,-3.2693856872009626
2021-07-16 13:00:00,30.2,70,24.1,0.0,74,414.0,7.9,321,4.971631089293719,-6.139453095510068
2021-07-16 14:00:00,30.2,70,24.2,0.0,85,374.0,7.4,346,1.7902220274375422,-7.180188374442374
2021-07-16 15:00:00,29.8,71,24.0,0.0,76,218.0,5.1,4,-0.355758016095039,-5.087576656325103
2021-07-16 16:00:00,29.7,72,24.1,0.0,73,117.0,2.0,45,-1.4142135623730951,-1.4142135623730951
2021-07-16 17:00:00,29.4,73,24.2,0.0,58,99.0,3.7,119,-3.236092916415765,1.793795594911447
2021-07-16 18:00:00,29.1,75,24.2,0.0,45,46.0,1.5,194,0.3628828433995013,1.4554435894139948
2021-07-16 19:00:00,28.6,77,24.3,0.0,46,6.0,2.8,130,-2.1449244407331385,1.79980530712231
2021-07-16 20:00:00,27.7,87,25.3,0.0,29,0.0,4.0,153,-1.8159619989581877,3.564026096753471
2021-07-16 21:00:00,27.6,85,24.9,0.0,32,0.0,5.0,159,-1.7918397477265011,4.667902132486009
2021-07-16 22:00:00,27.5,86,24.9,0.0,29,0.0,4.3,175,-0.3747696938149302,4.283637201794505
2021-07-16 23:00:00,27.9,83,24.7,0.0,32,0.0,4.6,162,-1.4214781741247584,4.3748599749577055
2021-07-17 00:00:00,26.7,90,24.9,0.0,35,0.0,5.2,146,-2.907803098047884,4.310995377286217
2021-07-17 01:00:00,26.1,93,24.8,0.0,35,0.0,4.6,162,-1.4214781741247584,4.3748599749577055
2021-07-17 02:00:00,26.0,93,24.8,0.0,35,0.0,3.9,158,-1.4609657143220578,3.616017032810471
2021-07-17 03:00:00,27.2,85,24.6,0.0,35,0.0,3.2,153,-1.45276959916655,2.851220877402777
2021-07-17 04:00:00,27.3,84,24.4,0.0,36,0.0,1.6,117,-1.4256104387013888,0.7263847995832748
2021-07-17 05:00:00,26.8,85,24.1,0.0,28,0.0,2.3,51,-1.7874357113510329,-1.447436899414626
2021-07-17 06:00:00,25.9,92,24.4,0.0,42,3.0,5.1,4,-0.355758016095039,-5.087576656325103
2021-07-17 07:00:00,27.3,85,24.5,0.0,47,32.0,5.2,348,1.0811407922523513,-5.086367523815789
2021-07-17 08:00:00,28.3,79,24.3,0.0,36,161.0,5.2,348,1.0811407922523513,-5.086367523815789
2021-07-17 09:00:00,29.1,75,24.3,0.0,35,336.0,3.3,347,0.7423384793347556,-3.215421213791276
2021-07-17 10:00:00,29.6,73,24.3,0.0,37,405.0,4.1,345,1.0611580849203348,-3.96029588778518
2021-07-17 11:00:00,30.1,71,24.3,0.0,37,536.0,6.0,343,1.7542302283364228,-5.737828535778212
2021-07-17 12:00:00,30.5,70,24.3,0.0,40,515.0,7.2,333,3.2687315981247385,-6.415246974156248
2021-07-17 13:00:00,30.6,69,24.4,0.0,49,498.0,6.2,353,0.7555899291119128,-6.153786140176197
2021-07-17 14:00:00,30.7,70,24.5,0.0,36,469.0,3.1,324,1.8221342821066675,-2.507952682562337
2021-07-17 15:00:00,30.5,70,24.4,0.0,36,458.0,2.2,261,2.172914349309303,0.3441558230885083
2021-07-17 16:00:00,30.0,72,24.5,0.3,41,318.0,1.1,198,0.339918693812442,1.046162167924669
2021-07-17 17:00:00,29.8,73,24.4,0.0,31,189.0,2.1,121,-1.800051331474436,1.081579957311114
2021-07-17 18:00:00,29.5,74,24.4,0.0,22,84.0,1.5,104,-1.4554435894139948,0.3628828433995016
2021-07-17 19:00:00,28.8,78,24.6,0.0,12,11.0,3.4,162,-1.0506577808748214,3.233592155403522
2021-07-17 20:00:00,28.1,83,24.9,0.0,15,0.0,4.3,138,-2.8772616073430908,3.1955227495527945
2021-07-17 21:00:00,27.6,86,25.1,0.0,15,0.0,5.4,132,-4.012982057577929,3.613305274337834
2021-07-17 22:00:00,27.1,89,25.2,0.0,32,0.0,6.1,130,-4.6728711030257655,3.92100441908789
2021-07-17 23:00:00,26.8,91,25.2,0.0,40,0.0,6.4,128,-5.043268823083022,3.940233442084213
2021-07-18 00:00:00,26.8,90,25.1,0.0,44,0.0,5.9,133,-4.314986839553106,4.023790324368741
2021-07-18 01:00:00,26.6,91,24.9,0.0,45,0.0,6.5,146,-3.634753872559855,5.38874422160777
2021-07-18 02:00:00,26.3,91,24.8,0.0,24,0.0,6.6,158,-2.4724035165450204,6.119413440140796
2021-07-18 03:00:00,26.2,90,24.4,0.0,29,0.0,6.1,152,-2.863776532993933,5.385980316439454
2021-07-18 04:00:00,27.3,82,24.1,0.0,42,0.0,3.4,122,-2.8833635269318485,1.8017254983928963
2021-07-18 05:00:00,27.2,82,23.8,0.0,39,0.0,3.8,73,-3.633958072659535,-1.1110124779463997
2021-07-18 06:00:00,26.3,88,24.1,0.0,40,3.0,3.4,32,-1.8017254983928963,-2.883363526931848
2021-07-18 07:00:00,28.0,78,23.9,0.0,38,62.0,4.1,15,-1.061158084920335,-3.96029588778518
2021-07-18 08:00:00,28.9,75,24.1,0.0,35,217.0,5.2,348,1.0811407922523513,-5.086367523815789
2021-07-18 09:00:00,29.7,73,24.4,0.0,35,435.0,7.3,340,2.4967470462773806,-6.859756131737131
2021-07-18 10:00:00,30.3,70,24.2,0.0,42,542.0,7.1,330,3.550000000000003,-6.148780366869512
2021-07-18 11:00:00,30.7,69,24.3,0.0,67,664.0,5.6,320,3.5996106142446216,-4.289848881466275
2021-07-18 12:00:00,30.8,69,24.4,0.0,77,650.0,2.7,337,1.0549740469210396,-2.4853631043215887
2021-07-18 13:00:00,31.0,69,24.6,0.0,75,641.0,5.7,325,3.269385687200965,-4.669166652447252
2021-07-18 14:00:00,30.8,70,24.6,0.0,50,543.0,8.3,342,2.564841053312066,-7.893769085249775
2021-07-18 15:00:00,30.9,67,24.0,0.0,44,443.0,6.7,344,1.8467702839738929,-6.440453362786736
2021-07-18 16:00:00,30.8,67,23.9,0.0,42,351.0,5.8,353,0.7068421917498539,-5.756767679519668
2021-07-18 17:00:00,30.4,68,23.9,0.0,54,184.0,6.6,9,-1.0324674692655236,-6.518743047927909
2021-07-18 18:00:00,29.9,71,24.0,0.5,52,42.0,7.5,343,2.1927877854205287,-7.172285669722765
2021-07-18 19:00:00,29.1,76,24.5,0.0,58,7.0,7.4,346,1.7902220274375422,-7.180188374442374
2021-07-18 20:00:00,28.6,79,24.6,0.0,60,0.0,4.3,42,-2.8772616073430903,-3.195522749552795
2021-07-18 21:00:00,28.2,81,24.7,0.0,49,0.0,5.6,50,-4.289848881466277,-3.5996106142446203
2021-07-18 22:00:00,27.8,84,24.8,0.0,33,0.0,5.8,30,-2.8999999999999995,-5.022947341949744
2021-07-18 23:00:00,27.2,88,25.0,0.0,45,0.0,6.5,34,-3.634753872559855,-5.388744221607771
2021-07-19 00:00:00,27.1,88,24.8,0.0,45,0.0,6.3,31,-3.244739871933341,-5.400153994423308
2021-07-19 01:00:00,26.7,89,24.8,0.0,39,0.0,6.1,40,-3.921004419087889,-4.6728711030257655
2021-07-19 02:00:00,26.2,91,24.5,0.0,40,0.0,6.1,40,-3.921004419087889,-4.6728711030257655
2021-07-19 03:00:00,26.4,85,23.6,0.1,42,0.0,6.4,43,-4.36478950439999,-4.680663690362692
2021-07-19 04:00:00,26.2,85,23.4,0.0,42,0.0,6.6,49,-4.981083229470295,-4.329989591337347
2021-07-19 05:00:00,26.6,84,23.7,0.0,62,0.0,5.4,48,-4.012982057577929,-3.613305274337834
2021-07-19 06:00:00,27.6,77,23.1,0.0,55,2.0,3.5,24,-1.4235782507653008,-3.197409101749103
2021-07-19 07:00:00,28.0,74,23.0,0.1,59,61.0,3.6,354,0.3763024677635523,-3.580278823325784
2021-07-19 08:00:00,28.5,71,22.6,0.3,47,184.0,7.1,330,3.550000000000003,-6.148780366869512
2021-07-19 09:00:00,29.3,67,22.5,0.0,44,349.0,7.4,321,4.656970893768801,-5.750880114781583
2021-07-19 10:00:00,30.1,64,22.5,0.0,42,586.0,8.3,304,6.881011852206846,-4.641301098807201
2021-07-19 11:00:00,30.6,63,22.8,0.0,45,553.0,7.8,304,6.466493065929325,-4.361704647071827
2021-07-19 12:00:00,30.9,64,23.2,0.0,54,587.0,6.3,329,3.244739871933344,-5.400153994423306
2021-07-19 13:00:00,30.9,65,23.5,0.0,51,570.0,8.7,315,6.151828996322965,-6.151828996322961
2021-07-19 14:00:00,31.0,65,23.7,0.0,72,481.0,6.8,342,2.101315561749644,-6.467184310807044
2021-07-19 15:00:00,30.3,69,23.9,0.0,63,181.0,5.6,345,1.4493866525741157,-5.409184627218783
2021-07-19 16:00:00,30.1,70,24.1,0.0,63,121.0,3.1,306,2.5079526825623377,-1.8221342821066664
2021-07-19 17:00:00,30.1,71,24.2,0.0,55,160.0,3.1,225,2.192031021678297,2.192031021678298
2021-07-19 18:00:00,29.6,73,24.2,0.2,58,52.0,3.8,253,3.633958072659534,1.111012477946401
2021-07-19 19:00:00,29.0,77,24.4,0.0,70,6.0,5.1,219,3.2095339943541714,3.963444403430551
2021-07-19 20:00:00,28.4,80,24.6,0.0,72,0.0,4.7,184,0.3278554265973888,4.688551036221174
2021-07-19 21:00:00,28.0,82,24.7,0.0,67,0.0,5.4,172,-0.7515347451843528,5.34744757120448
2021-07-19 22:00:00,27.8,84,24.9,0.0,60,0.0,5.1,176,-0.3557580160950401,5.087576656325103
2021-07-19 23:00:00,27.3,86,24.8,0.0,60,0.0,4.8,167,-1.079765060850553,4.6769763109691285
2021-07-20 00:00:00,27.2,87,24.9,0.1,61,0.0,3.3,193,0.7423384793347544,3.2154212137912763
2021-07-20 01:00:00,27.0,88,24.9,0.1,50,0.0,1.5,256,1.4554435894139948,0.3628828433995016
2021-07-20 02:00:00,26.9,90,25.2,0.1,45,0.0,0.7,360,1.7145055188062944e-16,-0.7
2021-07-20 03:00:00,27.4,84,24.4,0.0,48,0.0,3.3,6,-0.3449439287832564,-3.281922254715301
2021-07-20 04:00:00,26.8,87,24.5,0.0,35,0.0,4.3,336,1.7489675652259409,-3.928245467863184
2021-07-20 05:00:00,26.3,90,24.5,0.0,38,0.0,4.8,318,3.211826910522519,-3.5670951622914924
2021-07-20 06:00:00,26.6,89,24.6,0.0,60,0.0,5.6,310,4.289848881466277,-3.59961061424462
2021-07-20 07:00:00,27.5,83,24.4,0.0,68,23.0,6.6,315,4.666904755831214,-4.6669047558312124
2021-07-20 08:00:00,28.3,77,23.9,0.0,72,100.0,7.0,305,5.734064310022943,-4.015035054457322
2021-07-20 09:00:00,28.9,74,23.8,0.0,65,212.0,8.0,297,7.128052193506944,-3.631923997916373
2021-07-20 10:00:00,29.3,73,23.9,0.0,64,288.0,8.3,304,6.881011852206846,-4.641301098807201
2021-07-20 11:00:00,29.8,71,24.0,0.0,55,472.0,8.2,331,3.9754388860199614,-7.171881598543045
2021-07-20 12:00:00,30.2,70,24.1,0.0,47,482.0,9.8,332,4.60082131530173,-8.652886410017485
2021-07-20 13:00:00,30.2,71,24.4,0.0,46,459.0,10.7,315,7.56604255869606,-7.566042558696056
2021-07-20 14:00:00,30.1,72,24.6,0.0,74,333.0,11.8,297,10.513876985422742,-5.35708789692665
2021-07-20 15:00:00,29.7,74,24.5,0.0,62,231.0,13.2,287,12.623222778712067,-3.859306502340124
2021-07-20 16:00:00,29.2,75,24.4,0.1,71,160.0,8.9,291,8.308865795825096,-3.1894747509531736
2021-07-20 17:00:00,28.6,79,24.6,0.5,79,121.0,5.6,315,3.9597979746446663,-3.959797974644665
2021-07-20 18:00:00,27.6,85,24.8,1.7,81,55.0,6.9,298,6.0923383907265976,-3.239353783222644
2021-07-20 19:00:00,27.2,89,25.2,0.3,77,5.0,6.3,301,5.400153994423308,-3.244739871933341
2021-07-20 20:00:00,27.1,87,24.8,0.0,79,0.0,6.9,298,6.0923383907265976,-3.239353783222644
2021-07-20 21:00:00,26.8,90,25.0,0.0,89,0.0,7.1,294,6.486172749262467,-2.887830165838178
2021-07-20 22:00:00,26.7,90,25.0,0.0,100,0.0,7.0,305,5.734064310022943,-4.015035054457322
2021-07-20 23:00:00,26.5,91,25.0,0.1,93,0.0,6.9,298,6.0923383907265976,-3.239353783222644
2021-07-21 00:00:00,26.4,90,24.7,0.3,79,0.0,5.1,309,3.963444403430551,-3.209533994354171
2021-07-21 01:00:00,26.2,89,24.1,0.4,41,0.0,2.8,320,1.7998053071223108,-2.1449244407331376
2021-07-21 02:00:00,26.7,84,23.7,0.0,45,0.0,4.0,333,1.815961998958188,-3.564026096753471
2021-07-21 03:00:00,26.0,94,25.0,0.0,57,0.0,4.0,355,0.3486229709906333,-3.984778792366982
2021-07-21 04:00:00,25.9,95,25.0,0.0,57,0.0,3.6,6,-0.3763024677635525,-3.580278823325784
2021-07-21 05:00:00,25.7,95,24.9,0.0,56,0.0,3.3,6,-0.3449439287832564,-3.281922254715301
2021-07-21 06:00:00,25.8,96,25.1,0.0,43,3.0,2.9,7,-0.3534210958749276,-2.8783838397598336
2021-07-21 07:00:00,27.3,90,25.5,0.0,22,65.0,1.3,56,-1.0777488443215544,-0.7269507745119709
2021-07-21 08:00:00,28.0,86,25.5,0.0,12,235.0,0.7,360,1.7145055188062944e-16,-0.7
2021-07-21 09:00:00,28.7,85,25.9,0.0,50,418.0,3.6,323,2.166534083347374,-2.875087836170254
2021-07-21 10:00:00,29.5,82,26.1,0.0,58,530.0,5.1,309,3.963444403430551,-3.209533994354171
2021-07-21 11:00:00,30.4,76,25.8,0.1,50,638.0,5.1,321,3.2095339943541727,-3.96344440343055
2021-07-21 12:00:00,31.1,72,25.3,0.0,44,621.0,5.4,318,3.613305274337834,-4.012982057577929
2021-07-21 13:00:00,30.7,73,25.3,0.2,68,340.0,6.9,354,0.7212463965468086,-6.862201078041086
2021-07-21 14:00:00,30.7,72,25.2,0.1,77,339.0,9.4,18,-2.9047597471245057,-8.939931253174443
2021-07-21 15:00:00,30.6,70,24.6,0.0,66,308.0,9.8,28,-4.60082131530173,-8.652886410017485
2021-07-21 16:00:00,30.5,71,24.6,0.0,46,157.0,10.1,6,-1.0557374790033,-10.04467114321956
2021-07-21 17:00:00,30.3,71,24.5,0.0,57,137.0,16.3,6,-1.7038139512627517,-16.210706894502856
2021-07-21 18:00:00,29.7,74,24.5,0.0,58,70.0,19.9,4,-1.3881538275080934,-19.8515246001705
2021-07-21 19:00:00,29.0,77,24.4,0.0,40,5.0,19.6,6,-2.048757880046008,-19.49262914921816
2021-07-21 20:00:00,28.4,79,24.4,0.0,34,0.0,17.7,6,-1.8501537998374664,-17.60303754801844
2021-07-21 21:00:00,27.8,82,24.4,0.0,39,0.0,16.2,3,-0.8478424911356901,-16.177798463024097
2021-07-21 22:00:00,27.4,83,24.4,0.0,33,0.0,15.9,6,-1.6620025659556903,-15.812898136355546
2021-07-21 23:00:00,27.1,85,24.3,0.0,38,0.0,15.6,8,-2.171100374977021,-15.448181872368496
2021-07-22 00:00:00,27.0,85,24.3,0.0,44,0.0,16.6,5,-1.4467853296111255,-16.536831988322977
2021-07-22 01:00:00,27.0,85,24.2,0.0,39,0.0,19.1,3,-0.9996167642402272,-19.07382411381236
2021-07-22 02:00:00,27.0,84,24.2,0.0,57,0.0,21.3,3,-1.1147558679747036,-21.270809090272422
2021-07-22 03:00:00,27.2,85,24.4,0.0,50,0.0,23.4,1,-0.4083863106324341,-23.396436066659557
2021-07-22 04:00:00,27.1,85,24.4,0.0,54,0.0,25.9,358,0.9038969645947712,-25.88422241979458
2021-07-22 05:00:00,27.0,85,24.3,0.0,59,0.0,28.1,359,0.490412620887668,-28.0957202338946
2021-07-22 06:00:00,27.2,84,24.2,0.0,57,1.0,29.7,354,3.1044953590493063,-29.53730029243772
2021-07-22 07:00:00,27.6,83,24.4,0.0,72,38.0,29.6,356,2.0647916228261187,-29.5278958876908
2021-07-22 08:00:00,28.3,79,24.3,0.0,81,151.0,33.8,359,0.5898913375801843,-33.79485209628602
2021-07-22 09:00:00,29.1,75,24.3,0.0,100,136.0,34.9,1,-0.6090889846611945,-34.894684560958055
2021-07-22 10:00:00,29.5,74,24.4,0.0,100,172.0,35.3,360,8.646006401980313e-15,-35.3
2021-07-22 11:00:00,29.9,73,24.5,0.0,100,162.0,35.0,356,2.441476581044397,-34.91474175909385
2021-07-22 12:00:00,30.2,72,24.5,0.0,100,198.0,35.1,354,3.668949060694635,-34.9077185274264
2021-07-22 13:00:00,30.3,72,24.6,0.0,100,230.0,35.5,354,3.710760446001696,-35.3055272855737
2021-07-22 14:00:00,30.1,73,24.7,0.0,100,118.0,37.6,354,3.9302702188637686,-37.39402326584708
2021-07-22 15:00:00,30.2,75,25.2,0.0,100,167.0,35.8,355,3.120175590366168,-35.663770191684485
2021-07-22 16:00:00,29.9,76,25.2,0.0,100,116.0,35.8,355,3.120175590366168,-35.663770191684485
2021-07-22 17:00:00,29.4,79,25.3,0.0,80,79.0,34.6,356,2.413573991546747,-34.51571613898992
2021-07-22 18:00:00,28.8,81,25.3,0.0,41,23.0,31.0,356,2.1624506860678947,-30.92448555805455
2021-07-22 19:00:00,28.3,83,25.1,0.0,52,2.0,28.8,359,0.5026293053937666,-28.79561362050407
2021-07-22 20:00:00,27.9,85,25.1,0.0,64,0.0,28.1,359,0.490412620887668,-28.0957202338946
2021-07-22 21:00:00,27.8,86,25.2,0.0,65,0.0,27.0,358,0.9422864109675222,-26.983552329515582
2021-07-22 22:00:00,27.8,86,25.2,0.0,73,0.0,25.7,355,2.239902588614819,-25.60220374095786
2021-07-22 23:00:00,27.7,86,25.2,0.0,70,0.0,26.2,352,3.646335245153726,-25.94502340102914
2021-07-23 00:00:00,27.6,86,25.1,0.0,75,0.0,26.6,351,4.161156770070147,-26.272509859830663
2021-07-23 01:00:00,27.5,87,25.0,0.0,62,0.0,27.0,351,4.223730556086239,-26.66758519606872
2021-07-23 02:00:00,27.1,87,24.7,0.2,96,0.0,27.8,350,4.827419339140665,-27.377655533739382
2021-07-23 03:00:00,27.2,87,24.8,0.1,88,0.0,28.1,350,4.879513792440744,-27.673097859643047
2021-07-23 04:00:00,27.1,87,24.7,0.0,77,0.0,29.4,352,4.091689168225937,-29.113881221002163
2021-07-23 05:00:00,27.0,86,24.5,0.1,71,0.0,30.7,355,2.6756813023531105,-30.583177231416588
2021-07-23 06:00:00,26.8,87,24.4,0.1,72,1.0,26.7,350,4.6364063437070415,-26.294367005425958
2021-07-23 07:00:00,27.0,87,24.6,0.0,69,30.0,29.8,352,4.147358408609963,-29.509988448498795
2021-07-23 08:00:00,27.7,83,24.5,0.0,80,137.0,30.4,355,2.649534579528813,-30.284318821989064
2021-07-23 09:00:00,28.6,77,24.2,0.0,100,217.0,31.6,352,4.397869990338082,-31.29247097223362
2021-07-23 10:00:00,29.1,74,24.1,0.0,92,240.0,31.7,351,4.958972541775325,-31.309720396865863
2021-07-23 11:00:00,29.7,72,24.1,0.2,72,478.0,33.7,350,5.851943587375555,-33.188021276511414
2021-07-23 12:00:00,29.6,75,24.8,0.2,75,423.0,33.4,346,8.080191313028907,-32.40787725761828
2021-07-23 13:00:00,28.4,83,25.2,0.8,56,256.0,32.8,347,7.378394582478783,-31.95933812495571
2021-07-23 14:00:00,29.2,79,25.2,0.2,54,279.0,33.1,348,6.881876966067852,-32.376685584288964
2021-07-23 15:00:00,29.9,77,25.3,0.0,53,296.0,33.7,349,6.430263144189556,-33.08083608218628
2021-07-23 16:00:00,30.0,75,25.1,0.1,52,247.0,34.1,353,4.15574461011552,-33.84582377096908
2021-07-23 17:00:00,29.6,76,25.0,0.0,60,134.0,32.6,354,3.4076279025255016,-32.42141378900571
2021-07-23 18:00:00,29.1,78,24.9,0.0,31,65.0,31.8,355,2.7715526193755347,-31.67899139931751
2021-07-23 19:00:00,28.6,80,24.8,0.0,30,4.0,30.7,355,2.6756813023531105,-30.583177231416588
2021-07-23 20:00:00,28.0,82,24.7,0.0,31,0.0,29.2,357,1.5282099222939756,-29.159982414833557
2021-07-23 21:00:00,27.5,84,24.6,0.0,33,0.0,27.0,357,1.413070818559498,-26.96299743837349
2021-07-23 22:00:00,27.2,85,24.6,0.0,39,0.0,27.8,356,1.9392299700866928,-27.732280597223117
2021-07-23 23:00:00,27.1,86,24.6,0.0,51,0.0,28.5,358,0.9946356560212736,-28.48263857004423
2021-07-24 00:00:00,26.8,88,24.6,0.0,51,0.0,27.1,355,2.3619206284615406,-26.996876318286304
2021-07-24 01:00:00,26.7,88,24.5,0.0,59,0.0,26.8,354,2.8013628155731114,-26.65318679586973
2021-07-24 02:00:00,26.6,88,24.5,0.0,56,0.0,26.9,352,3.743756415825772,-26.63821104914824
2021-07-24 03:00:00,26.6,87,24.3,0.1,45,0.0,27.2,349,5.190004674242015,-26.70025938977646
2021-07-24 04:00:00,26.8,85,24.1,0.1,44,0.0,28.6,345,7.402224689932092,-27.62547863186736
2021-07-24 05:00:00,27.1,82,23.8,0.0,48,0.0,28.7,345,7.428106594442343,-27.72207121449626
2021-07-24 06:00:00,27.4,80,23.6,0.0,57,1.0,27.9,345,7.221051358360326,-26.949330553465003
2021-07-24 07:00:00,27.8,79,23.7,0.0,74,43.0,26.5,342,8.188950350936114,-25.202997681821568
2021-07-24 08:00:00,28.2,78,23.9,0.2,62,119.0,22.0,339,7.884094889996617,-20.538769382938437
2021-07-24 09:00:00,28.6,80,24.8,0.3,64,235.0,24.1,340,8.242685454148614,-22.646592160940397
2021-07-24 10:00:00,29.0,80,25.3,0.5,100,225.0,22.6,335,9.551172715339804,-20.48255598702829
2021-07-24 11:00:00,28.8,83,25.7,3.3,100,214.0,19.6,328,10.38641757897082,-16.621742684665946
2021-07-24 12:00:00,29.3,81,25.7,3.2,100,381.0,19.0,323,11.434485439888917,-15.174074690898564
2021-07-24 13:00:00,29.6,80,25.8,3.1,100,437.0,17.9,322,11.02034040832928,-14.105392489560325
2021-07-24 14:00:00,29.2,82,25.9,4.4,100,219.0,15.3,317,10.434574908956224,-11.189711634773312
2021-07-24 15:00:00,30.3,72,24.7,0.0,100,392.0,14.3,313,10.458357933154137,-9.75257654889373
2021-07-24 16:00:00,30.1,72,24.5,0.0,88,258.0,12.2,326,6.822153422343108,-10.11425838517151
2021-07-24 17:00:00,29.8,74,24.6,0.0,100,149.0,9.3,332,4.366085533908785,-8.211412613588022
2021-07-24 18:00:00,29.5,76,24.9,0.0,49,54.0,8.1,291,7.562001454627333,-2.902780391316933
2021-07-24 19:00:00,28.6,82,25.3,0.0,31,4.0,10.0,257,9.743700647852352,2.2495105434386526
2021-07-24 20:00:00,28.1,85,25.4,0.0,34,0.0,10.7,230,8.196675541373063,6.877827423645972
2021-07-24 21:00:00,27.6,88,25.5,0.0,42,0.0,7.7,208,3.61493103345136,6.798696465013737
2021-07-24 22:00:00,27.2,90,25.4,0.0,32,0.0,6.5,183,0.3401837155791332,6.49109197590473
2021-07-24 23:00:00,26.7,92,25.3,0.0,35,0.0,6.8,183,0.3558845024520162,6.790680836331102
2021-07-25 00:00:00,26.3,95,25.4,0.0,88,0.0,8.0,198,2.4721359549995783,7.608452130361229
2021-07-25 01:00:00,26.2,95,25.2,0.6,100,0.0,9.2,206,4.033014550459512,8.268905225952334
2021-07-25 02:00:00,26.2,94,25.2,1.4,100,0.0,8.2,195,2.1223161698406705,7.92059177557036
2021-07-25 03:00:00,26.1,92,24.7,1.3,100,0.0,7.2,177,-0.3768188849491954,7.190132650232932
2021-07-25 04:00:00,25.8,92,24.5,1.2,100,0.0,6.7,164,-1.8467702839738949,6.440453362786736
2021-07-25 05:00:00,25.8,92,24.3,0.6,100,0.0,7.0,145,-4.0150350544573215,5.734064310022943
2021-07-25 06:00:00,25.9,89,24.0,0.5,74,1.0,8.4,130,-6.434773322199416,5.399415921366931
2021-07-25 07:00:00,26.3,89,24.4,0.8,59,36.0,11.0,157,-4.298042413382012,10.125553387976844
2021-07-25 08:00:00,27.3,84,24.3,0.4,76,136.0,12.0,164,-3.30764826980399,11.535140351259829
2021-07-25 09:00:00,27.9,82,24.6,0.3,63,220.0,12.6,167,-2.8343832847327013,12.277062816293965
2021-07-25 10:00:00,28.9,78,24.7,0.3,97,410.0,13.0,178,-0.4536934571325148,12.992080751248244
2021-07-25 11:00:00,29.7,77,25.1,0.3,55,509.0,11.5,182,0.4013442120787603,11.4929945107196
2021-07-25 12:00:00,30.1,76,25.5,0.4,27,448.0,11.2,182,0.39087436306801,11.193177262613872
2021-07-25 13:00:00,30.6,76,25.9,0.7,49,522.0,11.6,196,3.1973933274771884,11.1506356728845
2021-07-25 14:00:00,30.9,75,25.9,0.9,47,454.0,14.0,215,8.030070108914646,11.468128620045883
2021-07-25 15:00:00,29.2,84,26.2,3.4,77,286.0,14.2,204,5.775660331676363,12.972345498524932
2021-07-25 16:00:00,29.6,83,26.3,0.4,54,244.0,14.5,210,7.250000000000002,12.55736835487436
2021-07-25 17:00:00,28.8,84,25.9,4.4,89,165.0,13.4,200,4.58306992056396,12.591881118531171
2021-07-25 18:00:00,28.2,88,26.0,1.2,47,60.0,10.1,186,1.0557374790033005,10.04467114321956
2021-07-25 19:00:00,27.4,92,25.9,1.1,83,6.0,9.4,176,-0.65571085319478,9.377102072442348
2021-07-25 20:00:00,27.1,93,25.8,1.4,100,0.0,9.2,169,-1.7554427574642135,9.030970087718508
2021-07-25 21:00:00,27.0,93,25.7,1.1,100,0.0,9.6,167,-2.159530121701106,9.353952621938255
2021-07-25 22:00:00,26.8,93,25.6,1.4,100,0.0,9.0,164,-2.480736202352993,8.65135526344487
2021-07-25 23:00:00,26.7,93,25.4,1.1,100,0.0,10.0,154,-4.383711467890773,8.98794046299167
2021-07-26 00:00:00,26.6,92,25.2,0.9,100,0.0,10.6,152,-4.976398565530441,9.359244484304623
2021-07-26 01:00:00,26.4,93,25.1,0.7,100,0.0,11.0,157,-4.298042413382012,10.125553387976844
2021-07-26 02:00:00,26.3,92,24.9,1.0,100,0.0,10.9,153,-4.948496447161061,9.71197111365321
2021-07-26 03:00:00,26.4,89,24.5,0.4,100,0.0,10.3,155,-4.352968095929205,9.334970206477497
2021-07-26 04:00:00,26.4,89,24.4,0.3,100,0.0,9.9,161,-3.2231247291258502,9.360633898433235
2021-07-26 05:00:00,26.3,89,24.2,0.5,100,0.0,9.2,159,-3.2969851358167617,8.588939923774255
2021-07-26 06:00:00,26.3,89,24.3,0.5,80,1.0,10.5,142,-6.464445490919413,8.27411291287058
2021-07-26 07:00:00,26.7,89,24.6,0.9,70,41.0,10.9,146,-6.095202647831141,9.036509540849954
2021-07-26 08:00:00,27.3,85,24.6,0.9,95,102.0,11.3,149,-5.819930246483615,9.685990497933869
2021-07-26 09:00:00,28.1,82,24.7,0.5,72,150.0,11.1,155,-4.691062705321764,10.060016436106814
2021-07-26 10:00:00,28.4,81,24.8,0.4,76,203.0,10.6,170,-1.8406706832694608,10.438962181929403
2021-07-26 11:00:00,28.8,81,25.2,0.6,66,224.0,11.2,174,-1.1707187885977215,11.13864522812466
2021-07-26 12:00:00,29.1,81,25.5,0.6,45,244.0,11.9,177,-0.6227978792910314,11.88369146357943
2021-07-26 13:00:00,29.5,80,25.8,0.0,34,214.0,11.2,184,0.781272505934203,11.17271736291003
2021-07-26 14:00:00,29.8,80,26.0,0.0,43,282.0,11.6,196,3.1973933274771884,11.1506356728845
2021-07-26 15:00:00,29.1,82,25.7,0.5,48,338.0,12.4,206,5.435802220184561,11.14504617410967
2021-07-26 16:00:00,29.1,84,26.0,0.2,42,282.0,12.1,197,3.5376976271451146,11.571287547152728
2021-07-26 17:00:00,29.0,84,26.0,0.0,51,199.0,13.1,188,1.8231676225768585,12.97251170051457
2021-07-26 18:00:00,28.3,86,25.8,0.2,38,87.0,11.6,187,1.4136843834997088,11.513535359039336
2021-07-26 19:00:00,27.8,87,25.5,0.0,27,7.0,11.2,174,-1.1707187885977215,11.13864522812466
2021-07-26 20:00:00,27.5,89,25.5,0.0,23,0.0,11.0,169,-2.0988989491419945,10.797899017924305
2021-07-26 21:00:00,27.2,90,25.4,0.0,49,0.0,11.1,167,-2.496956703216904,10.815507719116107
2021-07-26 22:00:00,26.8,91,25.2,0.2,58,0.0,10.7,160,-3.659615533584657,10.05471104240922
2021-07-26 23:00:00,26.7,91,25.1,0.0,54,0.0,11.2,159,-4.013721034907362,10.45610077676866
2021-07-27 00:00:00,26.5,91,25.0,0.0,82,0.0,12.8,158,-4.794964395723677,11.867953338454878
2021-07-27 01:00:00,26.4,91,24.9,0.0,84,0.0,12.6,156,-5.1248817027550855,11.51067276629677
2021-07-27 02:00:00,26.5,91,24.9,0.0,74,0.0,11.6,158,-4.345436483624582,10.755332712974733
2021-07-27 03:00:00,26.3,90,24.5,0.0,91,0.0,10.4,166,-2.5159877142365445,10.091075553270365
2021-07-27 04:00:00,26.0,93,24.8,0.3,100,0.0,9.8,163,-2.8652427062828187,9.371786608437748
2021-07-27 05:00:00,25.9,94,24.8,0.4,100,0.0,7.7,152,-3.6149310334513594,6.798696465013738
2021-07-27 06:00:00,25.8,94,24.7,0.3,100,1.0,6.8,162,-2.101315561749643,6.467184310807044
2021-07-27 07:00:00,26.3,92,25.0,0.3,89,37.0,7.7,139,-5.051654523226906,5.811263767715345
2021-07-27 08:00:00,26.9,88,24.8,0.2,65,118.0,8.7,138,-5.821436275322067,6.465359981653329
2021-07-27 09:00:00,27.6,85,24.8,0.1,38,179.0,8.4,155,-3.549993398621876,7.61298541110786
2021-07-27 10:00:00,28.6,83,25.4,0.0,17,418.0,5.1,172,-0.7097828148963331,5.050367150582009
2021-07-27 11:00:00,29.7,79,25.7,0.0,18,552.0,6.6,202,2.472403516545019,6.1194134401407965
2021-07-27 12:00:00,30.3,79,26.3,0.0,25,692.0,8.0,207,3.631923997916373,7.128052193506943
2021-07-27 13:00:00,30.6,79,26.5,0.0,23,638.0,6.4,218,3.940233442084213,5.043268823083022
2021-07-27 14:00:00,30.9,77,26.5,0.0,26,601.0,8.9,220,5.7208097262102,6.817795543758905
2021-07-27 15:00:00,31.2,75,26.3,0.0,24,578.0,14.6,220,9.384699101423474,11.18424886953708
2021-07-27 16:00:00,30.8,77,26.3,0.0,28,382.0,15.6,206,6.838589889909608,14.021187122267005
2021-07-27 17:00:00,30.4,78,26.2,0.0,36,225.0,13.2,197,3.859306502340125,12.623222778712067
2021-07-27 18:00:00,29.9,82,26.4,0.0,46,86.0,10.0,210,5.000000000000001,8.660254037844386
2021-07-27 19:00:00,29.1,85,26.4,0.0,38,8.0,11.9,205,5.029157314714322,10.785062665736136
2021-07-27 20:00:00,28.6,88,26.4,0.0,43,0.0,11.5,200,3.9332316482451897,10.806465139037948
2021-07-27 21:00:00,28.3,89,26.4,0.0,43,0.0,9.8,186,1.0243789400230043,9.746314574609078
2021-07-27 22:00:00,27.9,91,26.3,0.0,46,0.0,9.4,182,0.3280552690035084,9.3942737739795
2021-07-27 23:00:00,27.7,92,26.3,0.0,46,0.0,10.5,186,1.0975488643103617,10.44247990136687
2021-07-28 00:00:00,27.6,93,26.3,0.0,73,0.0,10.4,182,0.3629547657060094,10.393664600998596
2021-07-28 01:00:00,27.0,95,26.1,0.0,100,0.0,10.1,176,-0.7045403848156677,10.075396907624224
2021-07-28 02:00:00,26.8,94,25.8,0.3,100,0.0,10.8,165,-2.795245687107227,10.431998923921936
2021-07-28 03:00:00,26.5,91,25.0,0.2,95,0.0,10.6,145,-6.079910225321087,8.683011669463314
2021-07-28 04:00:00,26.5,91,25.0,0.0,61,0.0,10.7,132,-7.951649632608118,7.159697488039782
2021-07-28 05:00:00,26.4,91,24.8,0.0,70,0.0,10.5,142,-6.464445490919413,8.27411291287058
2021-07-28 06:00:00,26.4,91,24.9,0.2,64,0.0,8.9,166,-2.153104870837043,8.635631963856369
2021-07-28 07:00:00,27.0,90,25.2,0.2,39,23.0,9.9,161,-3.2231247291258502,9.360633898433235
2021-07-28 08:00:00,27.8,86,25.2,0.0,32,108.0,12.3,159,-4.407925779407193,11.483039245915585
2021-07-28 09:00:00,28.3,84,25.4,0.2,34,259.0,12.7,173,-1.5477406612453737,12.605336125844788
2021-07-28 10:00:00,28.8,82,25.4,0.5,48,328.0,11.9,175,-1.0371533386971326,11.854716907291772
2021-07-28 11:00:00,29.7,81,26.0,0.0,34,573.0,13.0,185,1.1330246557195534,12.950531075192693
2021-07-28 12:00:00,30.4,79,26.4,0.0,32,626.0,14.8,184,1.032395811413054,14.763947943845398
2021-07-28 13:00:00,30.7,80,26.8,0.1,93,585.0,15.6,188,2.171100374977022,15.448181872368496
2021-07-28 14:00:00,30.6,78,26.2,2.4,62,477.0,16.2,197,4.736421616508335,15.492137046601174
2021-07-28 15:00:00,28.9,85,26.1,5.9,98,184.0,15.5,184,1.0812253430339418,15.462242779027276
2021-07-28 16:00:00,28.7,86,26.1,3.7,100,118.0,16.3,185,1.4206386067868246,16.237973578895453
2021-07-28 17:00:00,28.2,88,26.1,3.6,100,30.0,15.1,168,-3.1394665313481656,14.770028771080463
2021-07-28 18:00:00,27.4,92,26.0,3.2,100,9.0,12.9,162,-3.986319227436823,12.26862906020748
2021-07-28 19:00:00,27.1,92,25.7,1.3,51,0.0,12.9,162,-3.986319227436823,12.26862906020748
2021-07-28 20:00:00,27.1,91,25.4,0.0,43,0.0,13.7,153,-6.219669846431792,12.206789381380638
2021-07-28 21:00:00,27.2,89,25.3,0.0,35,0.0,12.1,157,-4.727846654720213,11.138108726774528
2021-07-28 22:00:00,27.3,89,25.3,0.0,48,0.0,11.0,161,-3.5812496990287226,10.400704331592486
2021-07-28 23:00:00,27.2,89,25.3,0.0,62,0.0,10.3,168,-2.141490415422921,10.0749202875582
2021-07-29 00:00:00,26.9,91,25.3,0.3,66,0.0,12.6,180,-1.5430549669256649e-15,12.6
2021-07-29 01:00:00,26.5,93,25.3,1.1,100,0.0,12.2,180,-1.4940690949597709e-15,12.2
2021-07-29 02:00:00,26.3,94,25.2,1.6,100,0.0,10.5,176,-0.7324429743133181,10.474422527728152
2021-07-29 03:00:00,26.2,94,25.1,0.9,55,0.0,9.8,152,-4.600821315301729,8.652886410017485
2021-07-29 04:00:00,26.1,93,25.0,1.1,59,0.0,10.7,160,-3.659615533584657,10.05471104240922
2021-07-29 05:00:00,26.0,93,24.8,2.3,63,0.0,11.0,161,-3.5812496990287226,10.400704331592486
2021-07-29 06:00:00,25.9,93,24.7,2.3,53,0.0,11.0,169,-2.0988989491419945,10.797899017924305
2021-07-29 07:00:00,26.0,93,24.8,1.0,45,12.0,10.2,172,-1.4195656297926662,10.100734301164016
2021-07-29 08:00:00,26.5,91,24.9,0.3,49,17.0,12.2,180,-1.4940690949597709e-15,12.2
2021-07-29 09:00:00,27.1,88,24.9,0.5,49,31.0,14.9,187,1.815853216736695,14.7889376594557
2021-07-29 10:00:00,27.5,87,25.1,0.4,80,45.0,18.9,188,2.630371608145238,18.716066499215675
2021-07-29 11:00:00,28.0,85,25.2,0.2,100,84.0,20.5,181,0.3577743319643146,20.49687775070602
2021-07-29 12:00:00,28.4,83,25.3,0.6,86,101.0,21.6,182,0.7538291287740195,21.58684186361247
2021-07-29 13:00:00,28.8,84,25.7,1.1,91,167.0,21.7,185,1.8912796176241773,21.61742494859088
2021-07-29 14:00:00,29.2,83,26.0,0.1,100,165.0,20.1,190,3.490328371105303,19.79463583554538
2021-07-29 15:00:00,28.9,81,25.3,0.2,100,75.0,16.6,175,-1.4467853296111262,16.536831988322977
2021-07-29 16:00:00,28.2,85,25.4,3.8,81,42.0,12.0,173,-1.4624321208617703,11.910553819695863
2021-07-29 17:00:00,28.0,86,25.4,0.2,99,5.0,13.1,171,-2.049291492027026,12.938717261796302
2021-07-29 18:00:00,27.9,86,25.3,0.0,38,18.0,10.9,186,1.139360249617423,10.84028865951418
2021-07-29 19:00:00,27.6,87,25.2,0.2,39,1.0,11.9,180,-1.4573296909853504e-15,11.9
2021-07-29 20:00:00,27.1,89,25.1,0.4,47,0.0,12.0,171,-1.877213580482772,11.852260087141651
2021-07-29 21:00:00,26.8,91,25.2,0.2,56,0.0,13.1,171,-2.049291492027026,12.938717261796302
2021-07-29 22:00:00,26.5,92,25.1,1.1,73,0.0,15.3,171,-2.393447315115534,15.111631611105606
2021-07-29 23:00:00,26.5,92,25.0,0.0,86,0.0,14.8,166,-3.5804440548750827,14.360376748884748
2021-07-30 00:00:00,26.4,92,25.0,0.0,100,0.0,14.1,167,-3.1718098662484997,13.738617913471815
2021-07-30 01:00:00,26.4,92,25.0,0.6,100,0.0,13.8,165,-3.57170282241479,13.32977640278914
2021-07-30 02:00:00,26.2,93,24.9,1.5,100,0.0,13.8,160,-4.719877977894231,12.967758166845536
2021-07-30 03:00:00,26.2,92,24.7,1.1,100,0.0,13.8,165,-3.57170282241479,13.32977640278914
2021-07-30 04:00:00,26.0,93,24.7,1.4,100,0.0,12.8,170,-2.222696674136708,12.605539238556265
2021-07-30 05:00:00,26.0,92,24.6,1.2,100,0.0,10.5,153,-4.766900247265242,9.355568503977862
2021-07-30 06:00:00,26.0,92,24.7,0.4,100,0.0,11.2,147,-6.099957192168305,9.393110360988748
2021-07-30 07:00:00,26.1,93,24.8,2.1,68,9.0,10.9,163,-3.186851581477829,10.423721839997087
2021-07-30 08:00:00,26.6,89,24.6,3.3,100,37.0,9.8,172,-1.3638963894086402,9.70462707366739
2021-07-30 09:00:00,26.9,89,24.9,2.1,100,36.0,9.9,190,1.7191169589026116,9.74959675482086
2021-07-30 10:00:00,27.2,88,25.1,1.4,100,72.0,10.0,206,4.383711467890775,8.98794046299167
2021-07-30 11:00:00,27.7,87,25.3,0.3,100,86.0,9.3,208,4.366085533908786,8.21141261358802
2021-07-30 12:00:00,27.3,89,25.4,5.1,100,37.0,11.2,222,7.494262791219212,8.323222045346816
2021-07-30 13:00:00,28.0,87,25.6,1.9,100,59.0,15.0,228,11.147172382160916,10.036959095382873
2021-07-30 14:00:00,27.9,86,25.4,4.9,100,85.0,18.1,221,11.874668424728178,13.660243402032176
2021-07-30 15:00:00,27.0,91,25.4,8.1,100,0.0,18.9,204,7.687322554132623,17.266009149445154
2021-07-30 16:00:00,26.6,93,25.4,4.2,100,0.0,19.2,188,2.672123538433258,19.01314691983815
2021-07-30 17:00:00,26.5,94,25.4,3.2,100,1.0,17.1,165,-4.4258056712531095,16.51733162954307
2021-07-30 18:00:00,26.3,93,25.2,2.9,100,0.0,13.5,155,-5.705346533499443,12.235155124994774
2021-07-30 19:00:00,26.1,93,25.0,2.2,92,0.0,15.1,152,-7.089020598066949,13.332508652169798
2021-07-30 20:00:00,26.3,91,24.7,1.3,81,0.0,14.7,155,-6.212488447588282,13.322724469438754
2021-07-30 21:00:00,26.4,90,24.6,0.8,68,0.0,13.8,160,-4.719877977894231,12.967758166845536
2021-07-30 22:00:00,26.3,91,24.7,0.8,74,0.0,13.8,165,-3.57170282241479,13.32977640278914
2021-07-30 23:00:00,26.2,92,24.8,0.7,88,0.0,15.8,179,-0.2757480217090783,15.797593583470984
2021-07-31 00:00:00,26.0,93,24.7,0.5,100,0.0,15.5,179,-0.2705122997778933,15.497639274924063
2021-07-31 01:00:00,25.8,93,24.7,0.5,100,0.0,14.1,176,-0.9835662797921698,14.06565310866352
2021-07-31 02:00:00,25.8,93,24.6,0.8,100,0.0,13.0,174,-1.3588700224794985,12.928784639787551
2021-07-31 03:00:00,25.5,93,24.3,1.7,100,0.0,13.2,163,-3.859306502340123,12.62322277871207
2021-07-31 04:00:00,25.6,92,24.2,1.6,100,0.0,13.1,164,-3.6108493612026895,12.592528216791978
2021-07-31 05:00:00,25.7,92,24.2,3.3,100,0.0,14.1,165,-3.6493485359455455,13.619554150675862
2021-07-31 06:00:00,25.8,91,24.3,4.2,100,0.0,13.2,169,-2.5186787389703933,12.957478821509165
2021-07-31 07:00:00,25.7,93,24.4,3.2,100,0.0,13.7,177,-0.7170026005283301,13.68122462613766
2021-07-31 08:00:00,25.6,94,24.6,2.7,100,0.0,13.1,171,-2.049291492027026,12.938717261796302
2021-07-31 09:00:00,25.7,94,24.7,1.4,100,6.0,15.0,163,-4.385575570841049,14.344571339445531
2021-07-31 10:00:00,26.0,94,25.0,1.6,100,36.0,16.1,156,-6.548459953520387,14.708081868045872
2021-07-31 11:00:00,26.3,92,24.9,2.7,100,19.0,16.3,155,-6.888677666373402,14.772816928697395
2021-07-31 12:00:00,26.5,91,25.0,3.7,100,10.0,16.0,157,-6.25169805582838,14.728077655239046
2021-07-31 13:00:00,26.6,91,25.1,3.7,100,19.0,16.1,160,-5.50652430754327,15.129051194653126
2021-07-31 14:00:00,26.4,92,25.0,2.6,100,1.0,15.8,168,-3.285004714920597,15.454732091594131
2021-07-31 15:00:00,26.8,91,25.3,4.6,100,0.0,16.9,168,-3.513707574820132,16.530694452401313
2021-07-31 16:00:00,26.6,92,25.1,5.2,100,4.0,17.8,172,-2.477281197089163,17.626771623599954
2021-07-31 17:00:00,26.2,93,24.9,5.4,100,2.0,18.7,169,-3.568128213541391,18.35642833047132
2021-07-31 18:00:00,26.2,92,24.8,5.2,100,0.0,14.8,166,-3.5804440548750827,14.360376748884748
2021-07-31 19:00:00,26.3,91,24.7,6.4,100,0.0,15.7,171,-2.4560211011316264,15.50670694734366
2021-07-31 20:00:00,26.2,92,24.7,9.3,100,0.0,16.0,171,-2.502951440643696,15.803013449522204
2021-07-31 21:00:00,26.3,93,25.0,14.1,100,0.0,18.4,183,0.9629815948701616,18.37478343948416
2021-07-31 22:00:00,26.1,95,25.2,7.7,100,0.0,19.5,185,1.69953698357933,19.42579661278904
2021-07-31 23:00:00,25.8,96,25.2,4.2,100,0.0,18.4,183,0.9629815948701616,18.37478343948416
2021-08-01 00:00:00,25.8,95,25.0,2.7,100,0.0,16.8,171,-2.6280990126758805,16.593164121998313
2021-08-01 01:00:00,25.4,96,24.8,2.7,100,0.0,17.4,162,-5.376895702124086,16.54838338353567
2021-08-01 02:00:00,25.2,97,24.6,2.4,100,0.0,16.1,164,-4.437761428653688,15.476313304606936
2021-08-01 03:00:00,25.5,93,24.3,2.1,100,0.0,14.5,166,-3.507867486195182,14.06928803100195
2021-08-01 04:00:00,25.6,92,24.1,1.6,100,0.0,13.6,163,-3.9762551842292178,13.005744681097283
2021-08-01 05:00:00,25.4,93,24.1,2.0,100,0.0,13.6,163,-3.9762551842292178,13.005744681097283
2021-08-01 06:00:00,25.5,92,24.1,1.9,100,0.0,13.8,147,-7.516018683207378,11.573653837646852
2021-08-01 07:00:00,25.6,92,24.2,1.5,100,1.0,14.3,152,-6.713443347838237,12.626150577882656
2021-08-01 08:00:00,25.8,91,24.2,1.7,100,2.0,14.8,154,-6.4878929724783445,13.302151885227673
2021-08-01 09:00:00,26.0,91,24.4,1.7,100,13.0,15.1,162,-4.666156615061707,14.360953396056818
2021-08-01 10:00:00,26.0,91,24.4,1.9,100,4.0,16.0,171,-2.502951440643696,15.803013449522204
2021-08-01 11:00:00,26.1,92,24.6,2.0,100,9.0,16.9,182,0.5898014942722651,16.889704976622717
2021-08-01 12:00:00,26.1,92,24.7,2.1,100,16.0,16.9,200,5.7801404222038,15.88080529128185
2021-08-01 13:00:00,26.1,92,24.7,2.9,100,0.0,17.8,201,6.378949501906348,16.61773159165019
2021-08-01 14:00:00,26.3,91,24.8,3.0,100,0.0,16.2,197,4.736421616508335,15.492137046601174
2021-08-01 15:00:00,26.5,93,25.3,3.7,100,0.0,15.5,184,1.0812253430339418,15.462242779027276
2021-08-01 16:00:00,26.5,93,25.3,2.7,100,0.0,15.1,177,-0.7902729392684514,15.079305974794064
2021-08-01 17:00:00,26.5,93,25.2,1.6,100,0.0,12.6,175,-1.0981623586204932,12.552053195955994
2021-08-01 18:00:00,26.5,93,25.2,1.8,100,0.0,9.0,180,-1.102182119232618e-15,9.0
2021-08-01 19:00:00,26.4,93,25.1,1.7,100,0.0,8.9,153,-4.040515447681967,7.929958065276474
2021-08-01 20:00:00,26.3,93,25.1,0.7,100,0.0,10.2,157,-3.985457510590592,9.389149505214892
2021-08-01 21:00:00,26.1,93,24.9,1.3,100,0.0,10.4,160,-3.5570094905869563,9.772803256173448
2021-08-01 22:00:00,25.8,94,24.8,2.3,100,0.0,10.2,172,-1.4195656297926662,10.100734301164016
2021-08-01 23:00:00,25.4,97,25.0,4.2,100,0.0,9.0,175,-0.7844016847289237,8.96575228282571
2021-08-02 00:00:00,25.6,96,24.9,6.2,100,0.0,8.6,180,-1.0531962472667237e-15,8.6
2021-08-02 01:00:00,25.6,96,25.0,6.4,100,0.0,9.0,180,-1.102182119232618e-15,9.0
2021-08-02 02:00:00,25.5,97,24.9,3.0,100,0.0,10.1,180,-1.2368932671388266e-15,10.1
2021-08-02 03:00:00,25.8,93,24.5,3.4,100,0.0,10.1,180,-1.2368932671388266e-15,10.1
2021-08-02 04:00:00,25.7,93,24.5,1.8,100,0.0,9.8,186,1.0243789400230043,9.746314574609078
2021-08-02 05:00:00,25.6,93,24.3,1.3,100,0.0,8.3,178,-0.2896658226307595,8.294943864258496
2021-08-02 06:00:00,25.4,94,24.3,1.2,100,0.0,8.2,151,-3.975438886019965,7.171881598543044
2021-08-02 07:00:00,25.5,94,24.6,1.0,100,6.0,10.3,144,-6.0541880986124745,8.332875042061959
2021-08-02 08:00:00,25.7,94,24.7,0.8,100,5.0,11.5,148,-6.094071538681856,9.7525531057989
2021-08-02 09:00:00,26.2,93,25.0,0.7,100,46.0,11.8,157,-4.610627316173431,10.861957270738795
2021-08-02 10:00:00,26.6,91,25.0,0.6,100,30.0,12.2,166,-2.951447126315946,11.837607860567156
2021-08-02 11:00:00,26.7,91,25.1,0.4,100,62.0,12.7,173,-1.5477406612453737,12.605336125844788
2021-08-02 12:00:00,27.1,90,25.3,0.3,100,32.0,10.8,182,0.3769145643870097,10.793420931806237
2021-08-02 13:00:00,27.4,89,25.5,0.2,100,46.0,9.4,180,-1.1511679911985121e-15,9.4
2021-08-02 14:00:00,27.7,86,25.1,1.2,100,30.0,8.4,187,1.0237024846032374,8.337387673787106
2021-08-02 15:00:00,27.6,86,25.1,0.3,100,31.0,10.8,206,4.734408385322037,9.706975700031004
2021-08-02 16:00:00,27.5,86,24.9,0.9,100,47.0,12.0,224,8.335900445507967,8.632077604063813
2021-08-02 17:00:00,27.2,90,25.4,0.6,100,19.0,9.5,217,5.717242719944459,7.587037345449282
2021-08-02 18:00:00,26.9,91,25.4,0.8,100,5.0,6.1,220,3.921004419087889,4.6728711030257655
2021-08-02 19:00:00,26.7,92,25.2,0.6,77,0.0,5.1,172,-0.7097828148963331,5.050367150582009
2021-08-02 20:00:00,26.3,93,25.2,0.3,80,0.0,5.4,176,-0.3766849582182778,5.386845871403051
2021-08-02 21:00:00,26.2,93,25.1,0.1,100,0.0,6.1,183,0.3192493330819557,6.0916401620029
2021-08-02 22:00:00,26.2,94,25.1,0.0,100,0.0,6.5,186,0.6794350112397477,6.4643923198937765
2021-08-02 23:00:00,26.1,94,25.0,0.2,100,0.0,6.5,180,-7.960204194457795e-16,6.5
2021-08-03 00:00:00,25.9,94,24.8,0.7,100,0.0,6.1,183,0.3192493330819557,6.0916401620029
2021-08-03 01:00:00,25.7,95,24.8,1.0,100,0.0,7.7,169,-1.4692292643993965,7.558529312547013
2021-08-03 02:00:00,25.6,95,24.8,1.1,100,0.0,8.1,159,-2.902780391316932,7.562001454627333
2021-08-03 03:00:00,25.6,94,24.5,0.0,100,0.0,7.3,169,-1.3929056662487782,7.165878439167947
2021-08-03 04:00:00,25.7,93,24.5,0.0,100,0.0,9.4,182,0.3280552690035084,9.3942737739795
2021-08-03 05:00:00,25.7,93,24.5,0.2,79,0.0,10.2,172,-1.4195656297926662,10.100734301164016
2021-08-03 06:00:00,25.8,93,24.6,0.0,62,1.0,12.0,173,-1.4624321208617703,11.910553819695863
2021-08-03 07:00:00,26.1,92,24.7,0.5,83,26.0,13.0,180,-1.5920408388915589e-15,13.0
2021-08-03 08:00:00,26.9,89,25.0,0.2,85,66.0,13.7,182,0.4781231048242623,13.691654330161612
2021-08-03 09:00:00,27.5,88,25.4,0.3,100,146.0,13.7,185,1.1940336756429135,13.647867363856914
2021-08-03 10:00:00,28.1,86,25.6,0.5,100,181.0,10.8,180,-1.3226185430791417e-15,10.8
2021-08-03 11:00:00,28.6,83,25.4,0.6,100,140.0,10.4,178,-0.3629547657060119,10.393664600998596
2021-08-03 12:00:00,28.2,85,25.3,2.9,100,205.0,8.8,192,1.829622879196284,8.60769888645749
2021-08-03 13:00:00,28.2,85,25.5,1.2,100,65.0,11.3,189,1.7677094549546073,11.160878248725057
2021-08-03 14:00:00,27.5,87,25.1,6.4,100,21.0,13.4,186,1.4006814077865568,13.326593397934865
2021-08-03 15:00:00,27.3,89,25.4,1.4,100,104.0,12.7,188,1.767498382192832,12.57640447301794
2021-08-03 16:00:00,27.3,90,25.6,3.2,100,71.0,11.6,196,3.1973933274771884,11.1506356728845
2021-08-03 17:00:00,26.9,93,25.7,4.6,100,7.0,9.3,196,2.563427409098091,8.939733772226367
2021-08-03 18:00:00,26.6,93,25.4,2.9,100,0.0,12.4,197,3.625409138561936,11.85817897394164
2021-08-03 19:00:00,26.5,93,25.3,2.4,100,0.0,15.1,177,-0.7902729392684514,15.079305974794064
2021-08-03 20:00:00,26.4,93,25.1,1.8,100,0.0,16.7,174,-1.745625336569817,16.608515652650162
2021-08-03 21:00:00,26.3,94,25.3,1.2,100,0.0,15.8,163,-4.619472934619239,15.109615144215962
2021-08-03 22:00:00,26.2,94,25.1,0.5,91,0.0,14.7,149,-7.571059701177799,12.600359320321049
2021-08-03 23:00:00,26.1,93,24.9,0.6,79,0.0,15.0,156,-6.101049646137007,13.703181864639012
2021-08-04 00:00:00,26.0,92,24.7,0.7,56,0.0,15.4,164,-4.244815279581788,14.80343011745011
2021-08-04 01:00:00,26.0,92,24.5,0.5,43,0.0,15.3,165,-3.959931390068572,14.778665142222744
2021-08-04 02:00:00,26.1,91,24.6,0.4,58,0.0,16.8,165,-4.348159957722353,16.227553881656345
2021-08-04 03:00:00,25.7,91,24.1,0.4,84,0.0,17.3,168,-3.596872251147236,16.92195349269484
2021-08-04 04:00:00,25.6,92,24.1,0.4,94,0.0,16.3,162,-5.036977008311645,15.502221215611003
2021-08-04 05:00:00,25.6,92,24.1,0.4,100,0.0,16.1,160,-5.50652430754327,15.129051194653126
2021-08-04 06:00:00,25.6,92,24.1,0.6,100,1.0,16.8,157,-6.5642829586198,15.464481538001
2021-08-04 07:00:00,26.1,91,24.4,0.3,100,20.0,16.9,156,-6.873849267981027,15.438918234159951
2021-08-04 08:00:00,26.7,90,24.9,0.5,100,80.0,18.6,158,-6.967682637535968,17.245619694942246
2021-08-04 09:00:00,26.8,92,25.3,1.3,100,113.0,18.5,156,-7.524627896902308,16.900590966388116
2021-08-04 10:00:00,26.8,93,25.6,2.4,78,117.0,20.5,158,-7.6794351650262,19.00726901861914
2021-08-04 11:00:00,26.4,93,25.3,2.9,86,1.0,22.0,162,-6.798373876248845,20.923243358493377
2021-08-04 12:00:00,26.3,94,25.2,1.8,100,4.0,23.4,169,-4.464930491811152,22.97007609267533
2021-08-04 13:00:00,26.4,94,25.3,1.7,100,6.0,22.8,175,-1.987150934646607,22.7132391164918
2021-08-04 14:00:00,26.4,94,25.3,1.8,100,6.0,23.9,173,-2.912677307383026,23.721853024227595
2021-08-04 15:00:00,26.6,93,25.3,3.3,76,1.0,26.1,174,-2.7281928912857625,25.957021469111933
2021-08-04 16:00:00,26.5,93,25.2,4.0,100,10.0,26.2,172,-3.646335245153712,25.945023401029143
2021-08-04 17:00:00,26.5,92,25.1,1.4,100,1.0,25.8,167,-5.803737202071722,25.13874767145907
2021-08-04 18:00:00,26.3,92,25.0,0.7,74,0.0,23.7,150,-11.849999999999998,20.5248020696912
2021-08-04 19:00:00,26.4,91,24.9,0.6,47,0.0,23.3,145,-13.36433096697937,19.086242631933512
2021-08-04 20:00:00,26.6,90,24.8,0.3,51,0.0,22.0,148,-11.658223813130508,18.65705811544137
2021-08-04 21:00:00,26.6,89,24.6,0.2,54,0.0,22.9,154,-10.03869926146987,20.58238366025092
2021-08-04 22:00:00,26.8,87,24.4,0.0,66,0.0,23.2,152,-10.891740256632664,20.484384154327103
2021-08-04 23:00:00,27.0,86,24.4,0.0,62,0.0,23.2,154,-10.170210605506592,20.852021874140675
2021-08-05 00:00:00,27.0,86,24.5,0.1,64,0.0,24.5,156,-9.96504775535711,22.38186371224372
2021-08-05 01:00:00,26.6,87,24.3,0.1,100,0.0,25.2,158,-9.440086154080989,23.36503313508304
2021-08-05 02:00:00,26.4,88,24.3,0.2,100,0.0,24.8,154,-10.871604440369117,22.290092348219343
2021-08-05 03:00:00,26.1,90,24.4,0.5,100,0.0,24.2,155,-10.227361934124929,21.93264844628693
2021-08-05 04:00:00,26.1,91,24.5,0.6,100,0.0,23.1,159,-8.278299634496435,21.56570785208536
2021-08-05 05:00:00,25.9,94,24.8,2.1,100,0.0,22.9,164,-6.3120954482092815,22.0128928369875
2021-08-05 06:00:00,26.0,93,24.8,1.8,100,0.0,22.5,160,-7.69545322482755,21.143083967682937
2021-08-05 07:00:00,26.1,94,25.0,0.7,100,14.0,23.1,157,-9.025889068102224,21.263662114751373
2021-08-05 08:00:00,26.5,93,25.3,1.0,100,26.0,23.3,153,-10.57797864393144,20.76045201358897
2021-08-05 09:00:00,26.7,93,25.5,1.1,100,16.0,24.1,158,-9.028018901323485,22.345130895059576
2021-08-05 10:00:00,27.5,90,25.8,1.4,100,63.0,23.3,160,-7.969069339488085,21.894838064311664
2021-08-05 11:00:00,28.0,88,25.8,1.3,100,155.0,23.9,168,-4.969089410544448,23.377727657537957
2021-08-05 12:00:00,27.6,89,25.6,13.2,91,91.0,24.5,177,-1.2822309279521231,24.466423601487055
2021-08-05 13:00:00,27.2,92,25.8,8.5,100,56.0,26.7,184,1.8624978489681447,26.634960141937302
2021-08-05 14:00:00,27.1,92,25.7,7.9,100,12.0,29.9,180,-3.661693929450586e-15,29.9
2021-08-05 15:00:00,27.0,93,25.8,3.7,100,7.0,25.7,169,-4.903791181177206,25.227818614604963
2021-08-05 16:00:00,26.9,93,25.6,3.9,100,10.0,25.8,165,-6.677531363645042,24.92088631825796
2021-08-05 17:00:00,26.9,92,25.4,3.7,100,0.0,22.7,160,-7.7638572534926835,21.33102249184012
2021-08-05 18:00:00,26.8,90,25.1,1.9,100,0.0,22.1,156,-8.98887981197519,20.18935461390148
2021-08-05 19:00:00,26.7,91,25.1,1.6,100,0.0,23.2,161,-7.553181183406033,21.93603095390415
2021-08-05 20:00:00,26.6,91,25.0,1.3,100,0.0,25.0,162,-7.725424859373688,23.77641290737884
2021-08-05 21:00:00,26.4,91,24.9,0.9,100,0.0,25.3,157,-9.885497550778627,23.28877279234674
2021-08-05 22:00:00,26.4,90,24.7,1.2,100,0.0,24.3,159,-8.708341173950796,22.686004363882
2021-08-05 23:00:00,26.5,91,24.8,1.9,100,0.0,24.1,160,-8.24268545414862,22.646592160940397
2021-08-06 00:00:00,26.4,91,24.9,1.6,100,0.0,24.0,161,-7.813635706971758,22.692445814383603
2021-08-06 01:00:00,26.0,93,24.8,1.1,100,0.0,25.3,165,-6.548121841093782,24.437923405113427
2021-08-06 02:00:00,25.9,93,24.8,1.1,100,0.0,26.0,158,-9.739771428813718,24.10678021873647
2021-08-06 03:00:00,26.3,92,24.9,2.4,100,0.0,27.8,161,-9.050794693908951,26.28541640166101
2021-08-06 04:00:00,26.5,92,25.2,4.0,100,0.0,28.8,167,-6.478590365103318,28.061857865814773
2021-08-06 05:00:00,26.5,93,25.3,6.4,100,0.0,29.1,171,-4.552242932670722,28.741730711318507
2021-08-06 06:00:00,26.3,95,25.4,7.3,100,0.0,29.9,177,-1.5648450916640195,29.85902308916176
2021-08-06 07:00:00,26.5,94,25.4,5.0,100,0.0,28.1,170,-4.879513792440741,27.673097859643047
2021-08-06 08:00:00,26.5,93,25.4,5.1,100,0.0,26.3,161,-8.562442462223219,24.867138538262036
2021-08-06 09:00:00,26.6,94,25.5,6.1,100,0.0,29.0,166,-7.015734972390364,28.1385760620039
2021-08-06 10:00:00,26.8,93,25.7,5.3,100,6.0,29.6,176,-2.064791622826116,29.5278958876908
2021-08-06 11:00:00,27.0,94,25.9,4.6,100,0.0,32.8,178,-1.1447034918420371,32.780019126226335
2021-08-06 12:00:00,27.2,94,26.1,5.8,100,17.0,34.6,178,-1.2075225859065395,34.57892261486072
2021-08-06 13:00:00,27.1,94,26.1,5.5,100,14.0,34.4,187,4.192305413137067,34.14358761646148
2021-08-06 14:00:00,26.8,94,25.7,5.6,100,2.0,35.3,197,10.320721176712608,33.757557885495146
2021-08-06 15:00:00,26.7,94,25.7,6.7,100,0.0,35.2,198,10.877398201998146,33.47718937358941
2021-08-06 16:00:00,26.5,95,25.6,6.3,100,0.0,33.5,199,10.90653317431475,31.67487228257711
2021-08-06 17:00:00,26.5,95,25.6,5.2,100,0.0,28.1,199,9.148465140246106,26.5690719743408
2021-08-06 18:00:00,26.7,94,25.7,4.3,100,0.0,23.3,188,3.242733252369527,23.073246001678587
2021-08-06 19:00:00,26.7,95,25.7,3.7,100,0.0,24.4,188,3.3958236634255985,24.16254087729431
2021-08-06 20:00:00,26.6,95,25.7,3.6,100,0.0,26.2,196,7.221698722405374,25.18505643358396
2021-08-06 21:00:00,26.7,95,25.8,5.6,100,0.0,29.2,200,9.986988185109524,27.43902452694853
2021-08-06 22:00:00,26.5,95,25.7,7.6,100,0.0,29.6,198,9.14690303349844,28.15127288233655
2021-08-06 23:00:00,26.4,96,25.7,8.0,100,0.0,27.1,194,6.55608337075099,26.295014182079505
2021-08-07 00:00:00,26.4,95,25.6,5.8,100,0.0,25.1,193,5.646271464031011,24.456688626109408
2021-08-07 01:00:00,26.5,93,25.4,4.0,100,0.0,25.4,196,7.001188837751774,24.416047076833294
2021-08-07 02:00:00,26.4,95,25.5,2.5,100,0.0,28.9,203,11.292129613340006,26.602590264775525
2021-08-07 03:00:00,26.5,95,25.6,6.6,100,0.0,28.2,207,12.802532092655214,25.12638398211197
2021-08-07 04:00:00,26.5,95,25.5,7.7,100,0.0,28.0,209,13.574669366897435,24.489351799903083
2021-08-07 05:00:00,26.5,94,25.4,8.4,100,0.0,28.3,211,14.575577519954534,24.25783460986978
2021-08-07 06:00:00,26.4,95,25.5,7.4,100,0.0,27.5,214,15.377804845445532,22.79853324526365
2021-08-07 07:00:00,26.5,95,25.6,8.5,100,0.0,29.5,226,21.22052410999021,20.49242192854042
2021-08-07 08:00:00,26.5,95,25.6,9.6,100,0.0,27.7,244,24.89659508248692,12.142880766057454
2021-08-07 09:00:00,26.6,94,25.6,9.8,100,0.0,25.7,259,25.227818614604963,4.903791181177196
2021-08-07 10:00:00,26.7,94,25.7,9.2,100,0.0,24.6,265,24.506389573056943,2.144031271592393
2021-08-07 11:00:00,26.7,95,25.7,10.9,100,0.0,21.3,264,21.183316371344223,2.2264562676010167
2021-08-07 12:00:00,26.7,94,25.6,10.4,100,0.0,20.7,262,20.498549022950503,2.8808831898733627
2021-08-07 13:00:00,26.7,93,25.5,5.4,100,0.0,18.9,262,18.716066499215675,2.630371608145244
2021-08-07 14:00:00,26.8,93,25.5,4.5,100,0.0,17.4,264,17.304680979407955,1.8187952608571685
2021-08-07 15:00:00,26.9,93,25.7,3.8,100,0.0,18.2,261,17.975927798831506,2.847107263732205
2021-08-07 16:00:00,27.0,93,25.7,1.7,100,0.0,16.0,261,15.803013449522204,2.502951440643697
2021-08-07 17:00:00,27.0,91,25.5,2.8,100,0.0,15.3,262,15.151101451746026,2.129348444689007
2021-08-07 18:00:00,26.6,94,25.5,4.1,100,0.0,12.1,287,11.571287547152728,-3.537697627145114
2021-08-07 19:00:00,26.4,95,25.5,5.1,100,0.0,11.2,312,8.323222045346819,-7.494262791219207
2021-08-07 20:00:00,26.4,94,25.4,4.6,100,0.0,5.7,305,4.669166652447253,-3.2693856872009626
2021-08-07 21:00:00,26.4,95,25.5,3.1,100,0.0,6.1,310,4.672871103025766,-3.921004419087889
2021-08-07 22:00:00,26.5,94,25.4,1.9,100,0.0,6.9,317,4.705788684431238,-5.046340541172278
2021-08-07 23:00:00,26.5,93,25.3,2.1,92,0.0,4.0,265,3.984778792366982,0.348622970990633
2021-08-08 00:00:00,26.5,94,25.4,2.0,72,0.0,8.0,234,6.472135954999579,4.702282018339786
2021-08-08 01:00:00,26.2,95,25.4,2.5,94,0.0,8.6,202,3.221616703376843,7.973781149274371
2021-08-08 02:00:00,26.2,94,25.2,2.5,100,0.0,8.8,189,1.3766232923540305,8.691657397237213
2021-08-08 03:00:00,26.2,93,25.0,0.5,100,0.0,10.5,188,1.461317560080688,10.397814721786489
2021-08-08 04:00:00,26.0,94,25.0,1.4,100,0.0,8.8,192,1.829622879196284,8.60769888645749
2021-08-08 05:00:00,25.8,95,24.9,2.0,100,0.0,7.9,177,-0.4134540543192561,7.889173324561134
2021-08-08 06:00:00,25.8,95,24.9,1.6,100,0.0,4.7,180,-5.755839955992562e-16,4.7
2021-08-08 07:00:00,26.3,93,25.1,1.7,100,1.0,8.0,216,4.702282018339784,6.47213595499958
2021-08-08 08:00:00,26.6,92,25.2,1.2,100,4.0,10.9,236,9.036509540849956,6.095202647831138
2021-08-08 09:00:00,27.3,90,25.5,0.5,100,44.0,17.5,251,16.546575072988045,5.697442703000242
2021-08-08 10:00:00,27.4,91,25.8,0.3,100,31.0,17.1,255,16.51733162954307,4.425805671253103
2021-08-08 11:00:00,28.1,84,25.2,1.1,100,38.0,13.9,239,11.914625479759358,7.159029241249756
2021-08-08 12:00:00,28.0,86,25.5,1.4,100,53.0,14.8,221,9.709673629059504,11.169701787297027
2021-08-08 13:00:00,27.6,89,25.6,2.8,100,24.0,14.3,208,6.71344334783824,12.626150577882656
2021-08-08 14:00:00,27.7,89,25.7,0.9,100,19.0,16.7,187,2.03521803486596,16.575520732410077
2021-08-08 15:00:00,26.8,94,25.7,8.0,100,0.0,17.3,181,0.3019266313650069,17.29736512620557
2021-08-08 16:00:00,26.7,94,25.7,6.0,100,17.0,18.8,184,1.3114217063895552,18.754204144884696
2021-08-08 17:00:00,26.6,93,25.4,9.8,100,1.0,17.9,190,3.1083023802380554,17.628058778918522
2021-08-08 18:00:00,26.3,93,25.2,5.9,100,0.0,11.5,180,-1.4083438190194562e-15,11.5
2021-08-08 19:00:00,26.3,93,25.1,1.4,100,0.0,10.8,154,-4.734408385322035,9.706975700031006
2021-08-08 20:00:00,26.4,92,25.0,0.7,70,0.0,12.1,153,-5.493285046848517,10.781178942679247
2021-08-08 21:00:00,26.5,91,24.9,0.4,57,0.0,12.6,156,-5.1248817027550855,11.51067276629677
2021-08-08 22:00:00,26.5,89,24.6,0.1,48,0.0,12.9,157,-5.040431557511631,11.87451260953648
2021-08-08 23:00:00,26.6,89,24.6,0.1,47,0.0,13.4,160,-4.583069920563963,12.591881118531171
2021-08-09 00:00:00,26.4,91,24.8,0.5,53,0.0,14.2,164,-3.914050452601389,13.649916082324127
2021-08-09 01:00:00,26.2,92,24.8,0.8,59,0.0,14.5,173,-1.7671054793746397,14.391919198799169
2021-08-09 02:00:00,26.1,92,24.8,0.6,73,0.0,15.1,177,-0.7902729392684514,15.079305974794064
2021-08-09 03:00:00,25.7,92,24.3,1.5,100,0.0,13.7,183,0.7170026005283268,13.68122462613766
2021-08-09 04:00:00,25.6,93,24.3,1.2,100,0.0,13.4,174,-1.40068140778656,13.326593397934865
2021-08-09 05:00:00,25.5,93,24.3,0.8,100,0.0,12.7,172,-1.7674983821928296,12.576404473017943
2021-08-09 06:00:00,25.4,93,24.3,1.1,100,0.0,9.7,158,-3.6336839561343486,8.993683389297836
2021-08-09 07:00:00,25.8,93,24.5,1.8,76,22.0,10.5,158,-3.933369230867079,9.735430472951268
2021-08-09 08:00:00,25.9,91,24.3,2.4,100,22.0,11.3,163,-3.303800263366924,10.806243742382302
2021-08-09 09:00:00,26.4,89,24.5,2.2,75,4.0,10.8,178,-0.3769145643870124,10.793420931806237
2021-08-09 10:00:00,27.2,85,24.5,1.1,77,37.0,10.9,197,3.186851581477831,10.423721839997087
2021-08-09 11:00:00,28.0,84,24.9,0.1,70,95.0,10.3,192,2.1414904154229237,10.074920287558198
2021-08-09 12:00:00,28.7,83,25.5,0.1,80,257.0,10.9,189,1.705135668938515,10.765802912487002
2021-08-09 13:00:00,29.4,82,26.0,0.1,100,484.0,11.6,202,4.345436483624579,10.755332712974734
2021-08-09 14:00:00,29.8,81,26.2,0.6,79,551.0,10.7,194,2.588564282916442,10.382164271153162
2021-08-09 15:00:00,29.3,83,26.2,0.6,50,206.0,10.4,180,-1.2736326711132477e-15,10.4
2021-08-09 16:00:00,28.9,85,26.0,1.6,42,165.0,10.2,172,-1.4195656297926662,10.100734301164016
2021-08-09 17:00:00,28.7,84,25.7,0.3,53,122.0,8.6,165,-2.2258437878816806,8.306962106085987
2021-08-09 18:00:00,28.5,85,25.7,0.0,33,43.0,5.7,162,-1.7613968679372007,5.421022142882375
2021-08-09 19:00:00,28.0,87,25.6,0.0,34,3.0,7.4,166,-1.790222027437541,7.180188374442374
2021-08-09 20:00:00,27.6,89,25.7,0.0,26,0.0,8.8,171,-1.3766232923540327,8.691657397237211
2021-08-09 21:00:00,27.3,91,25.7,0.0,26,0.0,9.1,173,-1.1090110249868426,9.032169979936029
2021-08-09 22:00:00,27.0,92,25.6,0.0,29,0.0,9.2,169,-1.7554427574642135,9.030970087718508
2021-08-09 23:00:00,26.7,93,25.5,0.0,22,0.0,8.8,161,-2.8649997592229783,8.320563465273988
2021-08-10 00:00:00,26.3,95,25.4,0.0,18,0.0,10.0,154,-4.383711467890773,8.98794046299167
2021-08-10 01:00:00,26.1,95,25.1,0.0,17,0.0,10.8,154,-4.734408385322035,9.706975700031006
2021-08-10 02:00:00,25.8,95,24.8,0.1,21,0.0,11.0,157,-4.298042413382012,10.125553387976844
2021-08-10 03:00:00,26.2,91,24.6,0.0,27,0.0,13.0,161,-4.232386007943036,12.29174148279112
2021-08-10 04:00:00,26.0,90,24.3,0.0,45,0.0,15.0,159,-5.375519243179503,14.003706397458028
2021-08-10 05:00:00,25.9,90,24.2,0.0,41,0.0,13.5,155,-5.705346533499443,12.235155124994774
2021-08-10 06:00:00,25.6,91,24.1,0.0,30,1.0,9.2,159,-3.2969851358167617,8.588939923774255
2021-08-10 07:00:00,26.6,89,24.6,0.0,30,55.0,12.0,171,-1.877213580482772,11.852260087141651
2021-08-10 08:00:00,27.9,84,24.9,0.0,29,177.0,15.1,181,0.2635313372029829,15.097700196861508
2021-08-10 09:00:00,28.6,82,25.3,0.0,32,343.0,17.7,185,1.5426566466335456,17.632646156223895
2021-08-10 10:00:00,29.0,83,25.9,0.3,48,476.0,16.1,190,2.7957356604375807,15.855404823496553
2021-08-10 11:00:00,29.2,85,26.4,0.8,46,539.0,15.1,198,4.666156615061704,14.36095339605682
2021-08-10 12:00:00,29.6,81,26.0,0.7,100,372.0,12.8,190,2.22269667413671,12.605539238556265
2021-08-10 13:00:00,29.5,80,25.6,1.3,100,281.0,12.6,185,1.09816235862049,12.552053195955994
2021-08-10 14:00:00,29.3,80,25.5,2.4,100,292.0,11.2,178,-0.3908743630680127,11.193177262613872
2021-08-10 15:00:00,28.6,89,26.7,3.2,92,52.0,10.4,194,2.5159877142365423,10.091075553270365
2021-08-10 16:00:00,28.4,89,26.5,1.9,94,2.0,8.0,190,1.3891854213354438,7.878462024097664
2021-08-10 17:00:00,28.3,88,26.2,0.6,68,0.0,6.8,180,-8.327598234202001e-16,6.8
2021-08-10 18:00:00,28.2,88,26.0,0.0,44,4.0,2.9,180,-3.5514757175273243e-16,2.9
2021-08-10 19:00:00,27.9,89,25.9,0.0,40,1.0,4.0,207,1.8159619989581863,3.564026096753472
2021-08-10 20:00:00,27.5,87,25.2,0.2,33,0.0,5.9,194,1.4273391840380385,5.72474478502838
2021-08-10 21:00:00,27.1,90,25.4,0.4,35,0.0,6.1,177,-0.3192493330819572,6.0916401620029
2021-08-10 22:00:00,26.9,92,25.4,0.0,43,0.0,8.1,159,-2.902780391316932,7.562001454627333
2021-08-10 23:00:00,26.7,92,25.3,0.0,53,0.0,8.7,163,-2.543633831087808,8.31985137687841
2021-08-11 00:00:00,26.5,93,25.2,0.0,55,0.0,9.1,173,-1.1090110249868426,9.032169979936029
2021-08-11 01:00:00,26.2,92,24.9,0.2,58,0.0,10.4,178,-0.3629547657060119,10.393664600998596
2021-08-11 02:00:00,26.1,92,24.7,0.0,55,0.0,10.1,176,-0.7045403848156677,10.075396907624224
2021-08-11 03:00:00,26.3,91,24.8,0.0,49,0.0,10.3,168,-2.141490415422921,10.0749202875582
2021-08-11 04:00:00,26.3,90,24.6,0.0,44,0.0,10.6,170,-1.8406706832694608,10.438962181929403
2021-08-11 05:00:00,26.1,90,24.4,0.0,40,0.0,10.3,168,-2.141490415422921,10.0749202875582
2021-08-11 06:00:00,26.1,90,24.4,0.0,42,1.0,7.7,152,-3.6149310334513594,6.798696465013738
2021-08-11 07:00:00,26.8,88,24.7,0.0,34,48.0,9.5,143,-5.7172427199444575,7.587037345449283
2021-08-11 08:00:00,27.9,83,24.7,0.0,32,163.0,10.4,160,-3.5570094905869563,9.772803256173448
2021-08-11 09:00:00,28.7,79,24.8,0.0,36,333.0,10.8,182,0.3769145643870097,10.793420931806237
2021-08-11 10:00:00,29.4,77,24.8,0.0,49,457.0,10.9,197,3.186851581477831,10.423721839997087
2021-08-11 11:00:00,29.6,77,25.1,0.1,47,520.0,11.1,205,4.6910627053217615,10.060016436106816
2021-08-11 12:00:00,29.7,79,25.6,0.0,47,440.0,11.5,212,6.094071538681855,9.7525531057989
2021-08-11 13:00:00,29.8,77,25.4,0.2,75,417.0,12.4,210,6.200000000000002,10.73871500692704
2021-08-11 14:00:00,28.4,81,24.8,1.5,100,212.0,10.6,204,4.311408416603482,9.683581851011567
2021-08-11 15:00:00,29.1,84,26.2,0.4,100,242.0,9.8,216,5.760295472466236,7.928366544874485
2021-08-11 16:00:00,28.9,84,25.9,0.3,100,75.0,6.9,219,4.34231069824388,5.362307134053099
2021-08-11 17:00:00,28.3,85,25.5,1.2,83,28.0,4.7,238,3.985826051935202,2.490620541896064
2021-08-11 18:00:00,27.8,88,25.5,0.7,56,5.0,3.9,214,2.180852323535912,3.233246532964663
2021-08-11 19:00:00,27.2,89,25.2,0.0,61,0.0,5.6,195,1.4493866525741164,5.409184627218783
2021-08-11 20:00:00,26.6,93,25.4,0.1,46,0.0,7.3,191,1.3929056662487764,7.165878439167947
2021-08-11 21:00:00,26.5,92,25.1,0.0,38,0.0,8.9,166,-2.153104870837043,8.635631963856369
2021-08-11 22:00:00,26.4,92,25.0,0.0,35,0.0,7.4,166,-1.790222027437541,7.180188374442374
2021-08-11 23:00:00,26.3,92,24.9,0.0,32,0.0,7.3,169,-1.3929056662487782,7.165878439167947
2021-08-12 00:00:00,26.3,91,24.8,0.0,33,0.0,6.8,162,-2.101315561749643,6.467184310807044
2021-08-12 01:00:00,26.3,91,24.7,0.0,35,0.0,7.9,164,-2.177535110954294,7.59396739791272
2021-08-12 02:00:00,26.0,92,24.6,0.0,35,0.0,8.5,168,-1.767249371950954,8.314254606237348
2021-08-12 03:00:00,26.1,89,24.2,0.0,43,0.0,9.1,171,-1.423553631866102,8.987963899415753
2021-08-12 04:00:00,25.8,91,24.2,0.2,49,0.0,9.7,178,-0.338525118014261,9.694091022085228
2021-08-12 05:00:00,25.7,91,24.2,0.3,67,0.0,9.0,182,0.3140954703225081,8.994517443171862
2021-08-12 06:00:00,25.5,92,24.1,0.5,100,0.0,5.5,169,-1.0494494745709972,5.398949508962152
2021-08-12 07:00:00,25.9,91,24.3,0.1,100,31.0,6.1,152,-2.863776532993933,5.385980316439454
2021-08-12 08:00:00,26.7,87,24.4,0.0,91,90.0,8.0,175,-0.6972459419812655,7.969557584733964
2021-08-12 09:00:00,27.8,84,24.9,0.0,73,244.0,7.9,183,0.4134540543192542,7.889173324561134
2021-08-12 10:00:00,28.7,80,25.0,0.0,63,367.0,6.2,190,1.0766187015349689,6.10580806867569
2021-08-12 11:00:00,29.4,76,24.8,0.0,86,471.0,7.6,205,3.2118987892293145,6.88793918147854
2021-08-12 12:00:00,29.3,79,25.2,0.1,95,405.0,10.6,215,6.079910225321089,8.683011669463312
2021-08-12 13:00:00,28.3,83,25.1,1.2,93,148.0,11.0,212,5.829111906565252,9.328529057720688
2021-08-12 14:00:00,27.9,86,25.3,1.0,100,195.0,11.0,199,3.5812496990287244,10.400704331592484
2021-08-12 15:00:00,28.8,80,25.1,0.9,54,231.0,10.6,208,4.976398565530443,9.359244484304623
2021-08-12 16:00:00,28.9,80,25.0,0.0,97,178.0,11.0,218,6.77227622858224,8.668118289673941
2021-08-12 17:00:00,28.3,82,24.9,0.5,66,91.0,10.3,209,4.993539088537271,9.008582983535778
2021-08-12 18:00:00,27.6,86,24.9,0.7,60,28.0,8.4,187,1.0237024846032374,8.337387673787106
2021-08-12 19:00:00,26.9,89,24.9,0.0,46,2.0,8.7,175,-0.7582549619046263,8.666893873398186
2021-08-12 20:00:00,26.4,91,24.8,0.1,50,0.0,9.1,171,-1.423553631866102,8.987963899415753
2021-08-12 21:00:00,26.2,91,24.7,0.0,40,0.0,9.6,167,-2.159530121701106,9.353952621938255
2021-08-12 22:00:00,26.1,92,24.7,0.0,35,0.0,10.6,162,-3.275580140374444,10.081199072728626
2021-08-12 23:00:00,25.9,92,24.5,0.0,43,0.0,10.6,156,-4.311408416603484,9.683581851011567
2021-08-13 00:00:00,25.9,91,24.3,0.0,53,0.0,11.3,158,-4.233054505599808,10.477177556604698
2021-08-13 01:00:00,25.8,90,24.1,0.0,50,0.0,10.9,163,-3.186851581477829,10.423721839997087
2021-08-13 02:00:00,25.7,90,23.9,0.0,55,0.0,11.5,160,-3.933231648245192,10.806465139037943
2021-08-13 03:00:00,25.6,90,23.9,0.0,55,0.0,11.5,166,-2.782101799396179,11.15840085217396
2021-08-13 04:00:00,25.4,91,23.8,0.0,53,0.0,11.4,169,-2.1752225472926128,11.19054989130337
2021-08-13 05:00:00,25.3,91,23.8,0.0,47,0.0,10.3,168,-2.141490415422921,10.0749202875582
2021-08-13 06:00:00,25.2,92,23.8,0.0,43,1.0,7.9,164,-2.177535110954294,7.59396739791272
2021-08-13 07:00:00,26.0,89,24.0,0.0,46,47.0,10.5,164,-2.894192236078492,10.093247807352348
2021-08-13 08:00:00,27.1,83,24.1,0.0,33,138.0,12.1,163,-3.537697627145113,11.57128754715273
2021-08-13 09:00:00,28.0,81,24.4,0.0,38,229.0,14.8,167,-3.329275604289205,14.42067695882148
2021-08-13 10:00:00,28.8,78,24.6,0.0,47,433.0,15.6,172,-2.1711003749770192,15.448181872368496
2021-08-13 11:00:00,29.1,78,24.8,0.0,32,495.0,18.1,186,1.8919651851445285,18.000846306165748
2021-08-13 12:00:00,28.9,82,25.4,0.2,33,460.0,18.9,198,5.840421193686503,17.974968157978402
2021-08-13 13:00:00,28.1,82,24.8,0.8,100,331.0,19.7,204,8.012711868593264,17.996845515559237
2021-08-13 14:00:00,26.9,87,24.6,1.8,93,195.0,17.4,193,3.9141483455832495,16.95403912726309
2021-08-13 15:00:00,27.7,85,25.0,0.6,65,195.0,16.8,170,-2.917289384804429,16.544770250605094
2021-08-13 16:00:00,27.5,85,24.7,0.8,65,118.0,15.6,172,-2.1711003749770192,15.448181872368496
2021-08-13 17:00:00,27.1,87,24.7,0.6,63,46.0,17.3,192,3.59687225114724,16.921953492694836
2021-08-13 18:00:00,26.6,87,24.3,0.2,84,5.0,11.2,176,-0.7812725059342058,11.17271736291003
2021-08-13 19:00:00,26.3,88,24.1,0.0,54,0.0,12.4,158,-4.645121758357312,11.497079796628164
2021-08-13 20:00:00,26.0,89,24.1,0.2,45,0.0,11.7,162,-3.615498834186885,11.127361240653295
2021-08-13 21:00:00,26.0,88,23.9,0.2,39,0.0,13.8,174,-1.4424927930936216,13.724402156082173
2021-08-13 22:00:00,26.0,87,23.7,0.0,40,0.0,15.9,176,-1.109127932531596,15.861268399131204
2021-08-13 23:00:00,26.0,88,23.8,0.0,37,0.0,18.0,180,-2.204364238465236e-15,18.0
2021-08-14 00:00:00,26.0,89,24.0,0.0,50,0.0,18.4,179,-0.3211242784460152,18.3971975908776
2021-08-14 01:00:00,25.7,90,24.0,0.1,63,0.0,16.7,173,-2.035218034865964,16.575520732410077
2021-08-14 02:00:00,25.8,90,24.0,0.0,48,0.0,16.4,171,-2.565525226659788,16.198088785760255
2021-08-14 03:00:00,25.6,92,24.2,0.4,58,0.0,17.1,173,-2.083965772228024,16.972539193066606
2021-08-14 04:00:00,25.4,92,24.1,0.8,88,0.0,17.0,174,-1.7769838755501135,16.906872221260645
2021-08-14 05:00:00,25.1,93,24.0,1.8,100,0.0,16.2,177,-0.8478424911356897,16.177798463024097
2021-08-14 06:00:00,25.1,94,24.0,1.0,100,0.0,13.8,174,-1.4424927930936216,13.724402156082173
2021-08-14 07:00:00,25.6,93,24.3,0.2,100,32.0,12.1,163,-3.537697627145113,11.57128754715273
2021-08-14 08:00:00,26.3,90,24.4,0.1,78,102.0,13.0,174,-1.3588700224794985,12.928784639787551
2021-08-14 09:00:00,27.2,87,24.8,0.2,52,244.0,15.5,179,-0.2705122997778933,15.497639274924063
2021-08-14 10:00:00,28.3,81,24.7,0.3,49,508.0,15.9,185,1.385776309687761,15.839495699658755
2021-08-14 11:00:00,28.4,80,24.5,0.4,67,345.0,15.8,197,4.619472934619242,15.10961514421596
2021-08-14 12:00:00,27.8,83,24.6,2.6,100,232.0,14.7,202,5.506716923213906,13.629602662131774
2021-08-14 13:00:00,27.7,86,25.1,2.3,100,130.0,15.9,208,7.464597848295665,14.038866726456938
2021-08-14 14:00:00,27.0,89,25.0,3.6,100,12.0,18.7,218,11.512869588589808,14.7358010924457
2021-08-14 15:00:00,26.7,91,25.0,2.3,100,136.0,14.6,200,4.993494092554762,13.719512263474265
2021-08-14 16:00:00,27.1,87,24.7,1.5,100,75.0,10.8,182,0.3769145643870097,10.793420931806237
2021-08-14 17:00:00,27.2,86,24.7,0.9,100,39.0,13.0,185,1.1330246557195534,12.950531075192693
2021-08-14 18:00:00,26.8,86,24.3,0.6,80,8.0,8.3,180,-1.0164568432923032e-15,8.3
2021-08-14 19:00:00,26.0,91,24.4,0.6,68,1.0,8.0,175,-0.6972459419812655,7.969557584733964
2021-08-14 20:00:00,25.9,91,24.4,0.9,100,0.0,8.4,187,1.0237024846032374,8.337387673787106
2021-08-14 21:00:00,25.6,94,24.5,1.7,100,0.0,9.5,169,-1.8126854560771768,9.325458242752807
2021-08-14 22:00:00,25.4,94,24.4,1.4,37,0.0,11.4,156,-4.636797731064125,10.414418217125649
2021-08-14 23:00:00,25.5,92,24.1,0.5,19,0.0,11.5,139,-7.544678833390834,8.679160172561879
2021-08-15 00:00:00,25.5,90,23.8,0.0,10,0.0,11.7,133,-8.556838308944295,7.979380812731231
2021-08-15 01:00:00,25.3,91,23.7,0.0,9,0.0,10.0,142,-6.156614753256584,7.880107536067219
2021-08-15 02:00:00,25.1,91,23.6,0.1,9,0.0,9.4,157,-3.6728726077991736,8.65274562245294
2021-08-15 03:00:00,25.3,87,23.1,0.0,13,0.0,10.5,158,-3.933369230867079,9.735430472951268
2021-08-15 04:00:00,25.4,86,22.9,0.0,6,0.0,10.9,146,-6.095202647831141,9.036509540849954
2021-08-15 05:00:00,25.4,85,22.7,0.0,11,0.0,9.0,157,-3.516580156403464,8.284543681071963
2021-08-15 06:00:00,25.3,87,22.9,0.0,15,1.0,7.3,171,-1.1419715947936862,7.210124886344505
2021-08-15 07:00:00,26.2,85,23.5,0.0,14,54.0,9.3,152,-4.366085533908784,8.211412613588022
2021-08-15 08:00:00,27.4,81,23.8,0.0,4,210.0,9.6,160,-3.2833933759264213,9.02104915954472
2021-08-15 09:00:00,28.3,79,24.4,0.0,11,386.0,10.1,180,-1.2368932671388266e-15,10.1
2021-08-15 10:00:00,29.1,77,24.7,0.0,16,495.0,10.4,194,2.5159877142365423,10.091075553270365
2021-08-15 11:00:00,29.5,77,25.1,0.0,36,589.0,11.3,207,5.130092647056878,10.068373723328556
2021-08-15 12:00:00,29.7,78,25.4,0.0,36,549.0,11.8,218,7.264805408842767,9.29852689255932
2021-08-15 13:00:00,29.8,79,25.8,0.0,41,602.0,12.0,224,8.335900445507967,8.632077604063813
2021-08-15 14:00:00,29.8,76,25.1,0.4,47,386.0,11.0,218,6.77227622858224,8.668118289673941
2021-08-15 15:00:00,29.3,76,24.7,0.3,37,305.0,10.0,193,2.249510543438649,9.743700647852352
2021-08-15 16:00:00,29.3,77,24.8,0.0,23,256.0,9.8,188,1.3638963894086422,9.704627073667387
2021-08-15 17:00:00,29.2,77,24.8,0.0,39,188.0,9.5,191,1.8126854560771748,9.325458242752807
2021-08-15 18:00:00,28.6,80,24.9,0.0,26,78.0,4.7,184,0.3278554265973888,4.688551036221174
2021-08-15 19:00:00,28.2,82,24.8,0.0,22,2.0,6.3,167,-1.4171916423663506,6.1385314081469815
2021-08-15 20:00:00,27.7,85,24.9,0.0,22,0.0,5.0,150,-2.5,4.330127018922194
2021-08-15 21:00:00,27.3,86,24.8,0.0,12,0.0,6.6,139,-4.329989591337347,4.981083229470295
2021-08-15 22:00:00,26.9,89,24.8,0.0,12,0.0,6.2,144,-3.644268564213334,5.015905365124674
2021-08-15 23:00:00,26.6,90,24.8,0.0,4,0.0,6.0,147,-3.267834210090164,5.032023407672543
2021-08-16 00:00:00,26.5,90,24.7,0.0,3,0.0,6.5,146,-3.634753872559855,5.38874422160777
2021-08-16 01:00:00,26.4,90,24.6,0.0,2,0.0,6.4,153,-2.9055391983331003,5.702441754805554
2021-08-16 02:00:00,26.0,92,24.5,0.0,4,0.0,5.6,140,-3.5996106142446207,4.289848881466276
2021-08-16 03:00:00,25.4,94,24.4,0.0,5,0.0,4.3,132,-3.195522749552795,2.8772616073430903
2021-08-16 04:00:00,25.2,94,24.2,0.0,7,0.0,4.6,129,-3.5748714227020666,2.894873798829251
2021-08-16 05:00:00,25.4,92,24.0,0.0,6,0.0,5.4,127,-4.312631754255381,3.2498011250210617
2021-08-16 06:00:00,25.3,92,23.9,0.0,6,1.0,5.5,113,-5.062776693988422,2.149021206691006
2021-08-16 07:00:00,26.4,88,24.2,0.0,1,60.0,6.0,115,-5.4378467222199,2.535709570444196
2021-08-16 08:00:00,27.9,81,24.3,0.0,1,228.0,3.6,135,-2.5455844122715714,2.545584412271571
2021-08-16 09:00:00,28.8,79,24.7,0.0,0,414.0,1.1,198,0.339918693812442,1.046162167924669
2021-08-16 10:00:00,29.4,77,24.9,0.0,1,578.0,3.6,270,3.6,6.613092715395707e-16
2021-08-16 11:00:00,30.0,75,25.0,0.0,2,661.0,6.5,267,6.49109197590473,0.340183715579138
2021-08-16 12:00:00,30.2,75,25.2,0.0,8,660.0,7.2,270,7.2,1.3226185430791417e-15
2021-08-16 13:00:00,30.1,75,25.2,0.1,28,681.0,5.4,262,5.34744757120448,0.7515347451843555
2021-08-16 14:00:00,30.0,75,25.1,0.1,50,488.0,6.4,232,5.043268823083022,3.940233442084212
2021-08-16 15:00:00,30.0,74,24.8,0.0,45,336.0,5.5,191,1.049449474570996,5.398949508962152
2021-08-16 16:00:00,29.9,74,24.8,0.0,34,220.0,7.8,193,1.7546182238821468,7.600086505324834
2021-08-16 17:00:00,29.5,76,24.9,0.0,34,180.0,9.1,189,1.4235536318660995,8.987963899415753
2021-08-16 18:00:00,28.9,80,25.0,0.0,24,53.0,6.2,187,0.7555899291119134,6.153786140176197
2021-08-16 19:00:00,28.3,83,25.0,0.0,17,2.0,7.6,205,3.2118987892293145,6.88793918147854
2021-08-16 20:00:00,27.8,85,25.0,0.0,17,0.0,7.5,197,2.192787785420526,7.172285669722766
2021-08-16 21:00:00,27.6,86,25.0,0.0,7,0.0,7.6,183,0.3977532674463711,7.589584464134761
2021-08-16 22:00:00,27.5,86,25.0,0.0,9,0.0,8.0,185,0.6972459419812636,7.969557584733964
2021-08-16 23:00:00,27.3,88,25.1,0.0,3,0.0,7.3,171,-1.1419715947936862,7.210124886344505
2021-08-17 00:00:00,26.9,90,25.1,0.0,6,0.0,6.6,151,-3.1997434936258253,5.772490067120011
2021-08-17 01:00:00,26.5,91,25.0,0.0,1,0.0,6.3,156,-2.5624408513775427,5.755336383148385
2021-08-17 02:00:00,26.0,93,24.8,0.0,3,0.0,7.1,150,-3.5499999999999994,6.148780366869515
2021-08-17 03:00:00,25.9,94,24.8,0.0,8,0.0,6.5,146,-3.634753872559855,5.38874422160777
2021-08-17 04:00:00,25.9,93,24.7,0.0,19,0.0,6.6,158,-2.4724035165450204,6.119413440140796
2021-08-17 05:00:00,25.8,93,24.6,0.0,18,0.0,6.2,144,-3.644268564213334,5.015905365124674
2021-08-17 06:00:00,25.5,94,24.5,0.0,14,1.0,3.5,114,-3.197409101749103,1.423578250765301
2021-08-17 07:00:00,26.9,89,24.9,0.0,17,65.0,5.4,110,-5.074340152243906,1.8469087739586112
2021-08-17 08:00:00,28.2,82,24.8,0.0,20,224.0,4.6,141,-2.894873798829252,3.5748714227020657
2021-08-17 09:00:00,29.0,77,24.5,0.0,21,398.0,4.3,175,-0.3747696938149302,4.283637201794505
2021-08-17 10:00:00,29.5,75,24.5,0.0,17,508.0,4.0,207,1.8159619989581863,3.564026096753472
2021-08-17 11:00:00,30.0,72,24.4,0.0,2,655.0,5.5,238,4.664264528860342,2.9145559532826275
2021-08-17 12:00:00,30.3,71,24.3,0.0,18,717.0,7.4,247,6.811735915548058,2.8914103508206264
2021-08-17 13:00:00,30.1,72,24.4,0.0,29,603.0,7.9,246,7.217009115376548,3.2132194802988208
2021-08-17 14:00:00,30.1,73,24.6,0.1,41,539.0,8.0,234,6.472135954999579,4.702282018339786
2021-08-17 15:00:00,30.2,72,24.6,0.0,33,470.0,9.4,220,6.042203531053469,7.200817765318393
2021-08-17 16:00:00,30.0,73,24.6,0.0,46,303.0,9.4,203,3.6728726077991714,8.65274562245294
2021-08-17 17:00:00,29.7,75,24.7,0.0,42,186.0,8.0,207,3.631923997916373,7.128052193506943
2021-08-17 18:00:00,29.2,78,24.9,0.0,46,53.0,3.7,209,1.7937955949114468,3.236092916415765
2021-08-17 19:00:00,28.7,80,24.8,0.0,44,2.0,3.8,197,1.1110124779463997,3.633958072659535
2021-08-17 20:00:00,28.1,82,24.8,0.0,45,0.0,5.4,184,0.3766849582182765,5.386845871403051
2021-08-17 21:00:00,27.5,85,24.8,0.0,38,0.0,6.9,174,-0.7212463965468108,6.862201078041086
2021-08-17 22:00:00,27.3,87,24.9,0.0,45,0.0,7.6,172,-1.0577155672964964,7.5260373224359345
2021-08-17 23:00:00,27.0,89,24.9,0.0,38,0.0,7.8,167,-1.7546182238821486,7.600086505324834
2021-08-18 00:00:00,26.8,89,24.9,0.0,34,0.0,7.0,159,-2.5085756468171017,6.535062985480412
2021-08-18 01:00:00,26.5,91,24.8,0.0,33,0.0,7.9,150,-3.95,6.841600689897066
2021-08-18 02:00:00,26.4,91,24.8,0.0,36,0.0,5.4,127,-4.312631754255381,3.2498011250210617
2021-08-18 03:00:00,26.3,90,24.6,0.0,32,0.0,5.3,118,-4.679622242152313,2.4881992827652217
2021-08-18 04:00:00,26.1,91,24.5,0.0,31,0.0,6.5,124,-5.388744221607771,3.6347538725598536
2021-08-18 05:00:00,25.8,91,24.3,0.0,32,0.0,6.4,133,-4.680663690362692,4.364789504399989
2021-08-18 06:00:00,25.7,91,24.2,0.0,31,0.0,2.6,106,-2.499280409439629,0.7166571251241975
2021-08-18 07:00:00,26.6,89,24.6,0.0,33,4.0,2.7,113,-2.4853631043215887,1.0549740469210394
2021-08-18 08:00:00,27.7,83,24.5,0.0,31,25.0,3.9,158,-1.4609657143220578,3.616017032810471
2021-08-18 09:00:00,28.4,78,24.2,0.0,36,70.0,4.8,167,-1.079765060850553,4.6769763109691285
2021-08-18 10:00:00,29.3,73,24.0,0.0,35,291.0,5.8,173,-0.7068421917498557,5.756767679519667
2021-08-18 11:00:00,30.0,70,23.9,0.0,53,627.0,6.1,183,0.3192493330819557,6.0916401620029
2021-08-18 12:00:00,30.2,69,23.8,0.0,57,717.0,6.3,204,2.5624408513775414,5.755336383148386
2021-08-18 13:00:00,29.7,73,24.2,0.3,58,542.0,9.4,198,2.904759747124505,8.939931253174445
2021-08-18 14:00:00,29.3,76,24.6,0.0,49,384.0,10.0,206,4.383711467890775,8.98794046299167
2021-08-18 15:00:00,29.9,72,24.2,0.0,66,396.0,9.2,206,4.033014550459512,8.268905225952334
2021-08-18 16:00:00,29.5,74,24.3,0.0,71,168.0,8.0,207,3.631923997916373,7.128052193506943
2021-08-18 17:00:00,29.1,76,24.4,0.0,65,75.0,5.2,205,2.197614961051636,4.71280049259058
2021-08-18 18:00:00,28.5,79,24.6,0.0,79,20.0,4.2,211,2.163159914622228,3.600102662948872
2021-08-18 19:00:00,27.9,83,24.7,0.2,67,0.0,7.1,204,2.887830165838181,6.486172749262466
2021-08-18 20:00:00,27.3,87,24.9,0.2,54,0.0,4.7,212,2.4906205418960625,3.9858260519352022
2021-08-18 21:00:00,27.0,89,25.0,0.0,55,0.0,4.9,163,-1.4326213531414094,4.685893304218874
2021-08-18 22:00:00,26.6,91,25.0,0.0,41,0.0,5.0,120,-4.330127018922194,2.499999999999999
2021-08-18 23:00:00,26.5,91,24.9,0.0,39,0.0,4.4,145,-2.5237363199446023,3.604268994871565
2021-08-19 00:00:00,26.1,93,24.8,0.0,36,0.0,5.1,176,-0.3557580160950401,5.087576656325103
2021-08-19 01:00:00,25.9,94,24.8,0.0,34,0.0,6.4,153,-2.9055391983331003,5.702441754805554
2021-08-19 02:00:00,25.8,93,24.6,0.0,35,0.0,7.4,151,-3.587591189822896,6.472185832831529
2021-08-19 03:00:00,25.7,93,24.4,0.0,36,0.0,6.1,152,-2.863776532993933,5.385980316439454
2021-08-19 04:00:00,25.8,92,24.4,0.0,46,0.0,6.0,155,-2.535709570444197,5.437846722219899
2021-08-19 05:00:00,25.7,92,24.3,0.0,46,0.0,6.6,151,-3.1997434936258253,5.772490067120011
2021-08-19 06:00:00,25.7,92,24.3,0.0,39,0.0,2.0,135,-1.4142135623730951,1.414213562373095
2021-08-19 07:00:00,27.1,88,25.0,0.0,37,39.0,2.9,120,-2.511473670974872,1.4499999999999993
2021-08-19 08:00:00,28.4,80,24.7,0.0,37,124.0,3.3,139,-2.1649947956686737,2.490541614735148
2021-08-19 09:00:00,29.1,77,24.6,0.0,32,276.0,4.2,160,-1.4364846019678092,3.9467090073008153
2021-08-19 10:00:00,29.8,73,24.5,0.0,25,393.0,3.6,180,-4.4087284769304716e-16,3.6
2021-08-19 11:00:00,30.1,73,24.7,0.0,15,532.0,4.3,228,3.195522749552796,2.87726160734309
2021-08-19 12:00:00,30.0,75,25.1,0.2,12,577.0,7.2,243,6.415246974156248,3.268731598124738
2021-08-19 13:00:00,30.1,77,25.5,0.2,19,573.0,10.1,243,8.999165894302514,4.585304047369424
2021-08-19 14:00:00,29.8,79,25.8,0.2,44,356.0,8.2,241,7.171881598543045,3.975438886019962
2021-08-19 15:00:00,30.2,76,25.4,0.2,88,307.0,3.6,217,2.1665340833473743,2.875087836170254
2021-08-19 16:00:00,29.0,79,25.0,1.9,69,179.0,4.4,261,4.345828698618606,0.6883116461770166
2021-08-19 17:00:00,28.7,80,25.0,0.3,68,116.0,1.9,292,1.761649323676896,-0.7117525274902327
2021-08-19 18:00:00,28.4,81,24.8,0.0,57,30.0,1.6,297,1.4256104387013888,-0.7263847995832746
2021-08-19 19:00:00,28.0,83,24.9,0.0,65,1.0,3.9,56,-3.233246532964663,-2.1808523235359125
2021-08-19 20:00:00,27.4,87,25.1,0.0,53,0.0,6.5,96,-6.4643923198937765,0.6794350112397481
2021-08-19 21:00:00,27.0,89,25.0,0.0,40,0.0,6.8,115,-6.16289295184922,2.8738041798367555
2021-08-19 22:00:00,26.7,90,25.0,0.0,26,0.0,5.6,130,-4.289848881466277,3.5996106142446203
2021-08-19 23:00:00,26.5,91,24.9,0.0,19,0.0,6.4,133,-4.680663690362692,4.364789504399989
2021-08-20 00:00:00,26.3,91,24.8,0.0,19,0.0,6.6,151,-3.1997434936258253,5.772490067120011
2021-08-20 01:00:00,26.2,92,24.8,0.0,20,0.0,7.2,153,-3.2687315981247376,6.415246974156248
2021-08-20 02:00:00,26.1,93,24.9,0.0,13,0.0,5.6,130,-4.289848881466277,3.5996106142446203
2021-08-20 03:00:00,25.5,93,24.3,0.0,9,0.0,5.0,120,-4.330127018922194,2.499999999999999
2021-08-20 04:00:00,25.3,92,23.9,0.0,5,0.0,5.9,128,-4.64926344627966,3.632402704421384
2021-08-20 05:00:00,25.3,91,23.7,0.0,7,0.0,5.9,128,-4.64926344627966,3.632402704421384
2021-08-20 06:00:00,25.2,91,23.7,0.0,9,1.0,2.9,120,-2.511473670974872,1.4499999999999993
2021-08-20 07:00:00,26.7,88,24.5,0.0,14,73.0,2.9,120,-2.511473670974872,1.4499999999999993
2021-08-20 08:00:00,28.1,81,24.6,0.0,4,216.0,3.1,144,-1.822134282106667,2.507952682562337
2021-08-20 09:00:00,29.0,78,24.8,0.0,10,362.0,1.8,191,0.3434561916777805,1.7669289302057951
2021-08-20 10:00:00,29.7,74,24.5,0.0,29,528.0,3.1,234,2.507952682562337,1.822134282106667
2021-08-20 11:00:00,30.1,72,24.5,0.1,51,574.0,5.4,250,5.074340152243906,1.8469087739586103
2021-08-20 12:00:00,30.2,72,24.5,0.4,58,619.0,6.8,252,6.467184310807044,2.1013155617496437
2021-08-20 13:00:00,30.1,73,24.7,0.3,76,603.0,8.2,255,7.92059177557036,2.122316169840669
2021-08-20 14:00:00,30.1,74,24.9,0.0,54,510.0,8.5,234,6.876644452187052,4.996174644486023
2021-08-20 15:00:00,29.6,75,24.6,0.0,45,391.0,8.7,228,6.4653599816533305,5.821436275322065
2021-08-20 16:00:00,29.3,76,24.6,0.0,59,216.0,7.9,231,6.139453095510068,4.971631089293719
2021-08-20 17:00:00,28.8,78,24.7,0.0,54,57.0,5.9,194,1.4273391840380385,5.72474478502838
2021-08-20 18:00:00,28.5,79,24.6,0.0,30,13.0,2.9,173,-0.3534210958749278,2.8783838397598336
2021-08-20 19:00:00,28.0,83,24.8,0.0,43,1.0,5.1,141,-3.2095339943541705,3.963444403430551
2021-08-20 20:00:00,27.7,85,24.9,0.0,34,0.0,5.6,135,-3.9597979746446654,3.9597979746446654
2021-08-20 21:00:00,27.3,88,25.0,0.0,35,0.0,5.6,130,-4.289848881466277,3.5996106142446203
2021-08-20 22:00:00,26.9,89,25.0,0.0,24,0.0,6.9,129,-5.3623071340531006,4.342310698243877
2021-08-20 23:00:00,26.6,90,24.8,0.0,21,0.0,7.7,139,-5.051654523226906,5.811263767715345
2021-08-21 00:00:00,26.2,92,24.8,0.0,25,0.0,6.8,148,-3.603450996785793,5.766727053863696
2021-08-21 01:00:00,25.8,94,24.7,0.0,26,0.0,7.2,153,-3.2687315981247376,6.415246974156248
2021-08-21 02:00:00,25.7,94,24.7,0.0,27,0.0,6.8,155,-2.8738041798367564,6.162892951849219
2021-08-21 03:00:00,25.9,91,24.4,0.0,25,0.0,6.3,156,-2.5624408513775427,5.755336383148385
2021-08-21 04:00:00,25.9,91,24.3,0.0,32,0.0,6.5,161,-2.1161930039715178,6.14587074139556
2021-08-21 05:00:00,25.8,91,24.2,0.0,32,0.0,6.7,164,-1.8467702839738949,6.440453362786736
2021-08-21 06:00:00,25.6,92,24.3,0.0,33,0.0,1.6,153,-0.7263847995832751,1.4256104387013886
2021-08-21 07:00:00,26.6,89,24.7,0.0,30,55.0,1.4,90,-1.4,-8.572527594031472e-17
2021-08-21 08:00:00,27.9,84,24.9,0.0,37,163.0,1.3,34,-0.726950774511971,-1.0777488443215544
2021-08-21 09:00:00,28.5,81,25.0,0.3,63,292.0,2.6,286,2.499280409439629,-0.7166571251241984
2021-08-21 10:00:00,29.0,81,25.4,0.0,61,401.0,4.7,279,4.642135200797148,-0.7352419856890842
2021-08-21 11:00:00,29.3,82,25.8,0.0,64,422.0,6.5,267,6.49109197590473,0.340183715579138
2021-08-21 12:00:00,29.6,82,26.2,0.0,55,449.0,8.3,265,8.268415994161488,0.7233926648055635
2021-08-21 13:00:00,29.9,82,26.4,0.0,57,411.0,7.0,249,6.535062985480412,2.508575646817105
2021-08-21 14:00:00,29.8,78,25.6,0.2,47,295.0,5.9,227,4.314986839553106,4.023790324368742
2021-08-21 15:00:00,29.9,76,25.2,0.2,100,239.0,7.8,214,4.361704647071824,6.466493065929326
2021-08-21 16:00:00,29.5,77,25.0,0.2,84,160.0,7.8,202,2.921931428644114,7.232034065620942
2021-08-21 17:00:00,29.1,78,24.9,0.0,89,77.0,4.7,184,0.3278554265973888,4.688551036221174
2021-08-21 18:00:00,28.2,81,24.5,1.1,59,15.0,2.9,187,0.3534210958749272,2.878383839759834
2021-08-21 19:00:00,27.7,83,24.5,0.4,52,0.0,1.3,124,-1.0777488443215544,0.7269507745119708
2021-08-21 20:00:00,27.3,86,24.7,0.0,32,0.0,4.0,100,-3.939231012048832,0.6945927106677212
2021-08-21 21:00:00,27.1,87,24.7,0.0,12,0.0,5.6,135,-3.9597979746446654,3.9597979746446654
2021-08-21 22:00:00,27.0,87,24.7,0.0,16,0.0,6.4,164,-1.764079077228795,6.1520748540052415
2021-08-21 23:00:00,26.9,87,24.6,0.0,28,0.0,7.4,157,-2.891410350820626,6.811735915548059
2021-08-22 00:00:00,26.5,89,24.6,0.0,31,0.0,7.4,151,-3.587591189822896,6.472185832831529
2021-08-22 01:00:00,26.2,91,24.6,0.0,28,0.0,6.6,158,-2.4724035165450204,6.119413440140796
2021-08-22 02:00:00,25.8,93,24.5,0.0,25,0.0,5.7,162,-1.7613968679372007,5.421022142882375
2021-08-22 03:00:00,25.0,96,24.4,0.0,47,0.0,5.3,152,-2.4881992827652204,4.679622242152313
2021-08-22 04:00:00,24.9,96,24.3,0.0,48,0.0,4.2,149,-2.1631599146222285,3.6001026629488715
2021-08-22 05:00:00,24.9,96,24.2,0.0,51,0.0,3.7,151,-1.7937955949114477,3.2360929164157644
2021-08-22 06:00:00,24.7,96,24.1,0.0,48,1.0,4.3,114,-3.928245467863184,1.748967565225941
2021-08-22 07:00:00,25.9,91,24.4,0.0,34,49.0,4.2,121,-3.600102662948872,2.163159914622228
2021-08-22 08:00:00,27.3,85,24.5,0.0,26,181.0,2.6,146,-1.453901549023942,2.1554976886431083
2021-08-22 09:00:00,28.2,82,24.7,0.0,30,373.0,1.9,202,0.7117525274902328,1.761649323676896
2021-08-22 10:00:00,28.9,78,24.6,0.0,22,497.0,3.1,234,2.507952682562337,1.822134282106667
2021-08-22 11:00:00,29.6,74,24.5,0.1,37,574.0,5.5,247,5.062776693988422,2.149021206691006
2021-08-22 12:00:00,29.8,73,24.4,0.1,51,489.0,6.8,252,6.467184310807044,2.1013155617496437
2021-08-22 13:00:00,30.1,71,24.3,0.1,53,488.0,7.9,246,7.217009115376548,3.2132194802988208
2021-08-22 14:00:00,30.1,71,24.4,0.0,63,496.0,8.9,243,7.929958065276474,4.040515447681968
2021-08-22 15:00:00,29.9,72,24.3,0.1,76,390.0,7.8,248,7.232034065620941,2.921931428644116
2021-08-22 16:00:00,29.7,73,24.4,0.0,77,263.0,8.2,255,7.92059177557036,2.122316169840669
2021-08-22 17:00:00,29.3,75,24.3,0.0,68,109.0,6.3,246,5.755336383148386,2.5624408513775405
2021-08-22 18:00:00,28.9,76,24.3,0.0,37,17.0,4.4,279,4.345828698618607,-0.688311646177015
2021-08-22 19:00:00,28.3,81,24.8,0.0,48,0.0,0.8,117,-0.7128052193506944,0.3631923997916374
2021-08-22 20:00:00,27.6,84,24.7,0.0,40,0.0,5.2,155,-2.1976149610516376,4.71280049259058
2021-08-22 21:00:00,27.3,85,24.6,0.0,32,0.0,6.4,153,-2.9055391983331003,5.702441754805554
2021-08-22 22:00:00,27.0,87,24.6,0.0,33,0.0,6.8,155,-2.8738041798367564,6.162892951849219
2021-08-22 23:00:00,26.8,88,24.6,0.0,29,0.0,7.2,153,-3.2687315981247376,6.415246974156248
2021-08-23 00:00:00,26.6,88,24.4,0.0,27,0.0,7.8,158,-2.921931428644116,7.232034065620941
2021-08-23 01:00:00,26.5,87,24.2,0.0,25,0.0,7.6,161,-2.47431797387439,7.185941174554808
2021-08-23 02:00:00,26.3,88,24.2,0.0,21,0.0,7.6,161,-2.47431797387439,7.185941174554808
2021-08-23 03:00:00,25.9,87,23.6,0.0,34,0.0,6.8,155,-2.8738041798367564,6.162892951849219
2021-08-23 04:00:00,25.8,87,23.4,0.0,37,0.0,6.3,149,-3.2447398719333425,5.400153994423307
2021-08-23 05:00:00,25.6,86,23.1,0.0,45,0.0,7.0,145,-4.0150350544573215,5.734064310022943
2021-08-23 06:00:00,25.6,85,22.9,0.0,39,1.0,5.4,138,-3.613305274337835,4.012982057577928
2021-08-23 07:00:00,26.6,81,23.1,0.0,34,60.0,5.1,135,-3.606244584051392,3.606244584051392
2021-08-23 08:00:00,28.1,75,23.1,0.0,33,205.0,4.8,132,-3.5670951622914924,3.2118269105225195
2021-08-23 09:00:00,28.9,76,24.1,0.0,26,346.0,4.7,171,-0.7352419856890856,4.642135200797148
2021-08-23 10:00:00,29.6,74,24.5,0.0,31,504.0,8.6,195,2.225843787881679,8.306962106085987
2021-08-23 11:00:00,30.2,72,24.5,0.3,51,627.0,11.1,205,4.6910627053217615,10.060016436106816
2021-08-23 12:00:00,30.5,72,24.9,0.1,50,646.0,11.5,212,6.094071538681855,9.7525531057989
2021-08-23 13:00:00,30.8,71,24.9,0.0,58,681.0,11.8,218,7.264805408842767,9.29852689255932
2021-08-23 14:00:00,30.1,74,25.0,0.2,59,486.0,12.4,216,7.288537128426666,10.031810730249347
2021-08-23 15:00:00,30.5,67,23.6,0.0,42,421.0,11.1,216,6.52441630044645,8.980088637561916
2021-08-23 16:00:00,30.4,67,23.7,0.0,42,289.0,8.9,212,4.716281451675523,7.547628055792193
2021-08-23 17:00:00,30.0,69,23.7,0.0,34,206.0,6.9,189,1.0793978087775922,6.815049550106451
2021-08-23 18:00:00,29.3,73,23.9,0.0,31,74.0,5.4,172,-0.7515347451843528,5.34744757120448
2021-08-23 19:00:00,28.4,77,24.0,0.0,29,1.0,6.7,164,-1.8467702839738949,6.440453362786736
2021-08-23 20:00:00,27.8,80,24.0,0.0,32,0.0,8.4,155,-3.549993398621876,7.61298541110786
2021-08-23 21:00:00,27.5,81,24.0,0.0,29,0.0,10.2,148,-5.40517649517869,8.650090580795544
2021-08-23 22:00:00,27.3,82,23.9,0.0,32,0.0,9.6,146,-5.36825187331917,7.958760696528399
2021-08-23 23:00:00,27.1,82,23.7,0.0,28,0.0,9.9,147,-5.39192644664877,8.302838622659698
2021-08-24 00:00:00,27.0,81,23.5,0.0,14,0.0,10.5,149,-5.407899786555571,9.000256657372178
2021-08-24 01:00:00,26.8,81,23.4,0.0,22,0.0,8.9,153,-4.040515447681967,7.929958065276474
2021-08-24 02:00:00,26.7,82,23.3,0.0,24,0.0,7.9,156,-3.2132194802988234,7.217009115376546
2021-08-24 03:00:00,26.6,80,22.8,0.0,28,0.0,8.2,157,-3.2039952536120446,7.54813979831001
2021-08-24 04:00:00,26.6,80,22.8,0.0,28,0.0,8.3,162,-2.5648410533120645,7.893769085249775
2021-08-24 05:00:00,26.5,80,22.8,0.0,40,0.0,7.2,162,-2.224922359499622,6.8476069173251055
2021-08-24 06:00:00,26.3,82,22.9,0.0,43,1.0,6.6,151,-3.1997434936258253,5.772490067120011
2021-08-24 07:00:00,26.8,82,23.4,0.1,38,59.0,6.9,137,-4.70578868443124,5.046340541172277
2021-08-24 08:00:00,27.9,78,23.7,0.0,44,205.0,6.7,144,-3.938161190359571,5.420413862312147
2021-08-24 09:00:00,28.6,79,24.7,0.0,39,396.0,8.0,170,-1.3891854213354422,7.878462024097664
2021-08-24 10:00:00,29.0,80,25.2,0.1,37,503.0,9.7,184,0.6766377953180152,9.676371287520292
2021-08-24 11:00:00,29.5,80,25.7,0.1,29,558.0,11.2,195,2.8987733051482327,10.818369254437563
2021-08-24 12:00:00,29.7,78,25.4,0.1,30,447.0,12.2,194,2.9514471263159434,11.837607860567156
2021-08-24 13:00:00,29.6,79,25.6,0.8,32,409.0,12.4,190,2.1532374030699377,12.21161613735138
2021-08-24 14:00:00,29.8,80,25.9,0.1,40,368.0,12.9,198,3.98631922743682,12.268629060207482
2021-08-24 15:00:00,29.5,80,25.7,0.5,64,381.0,14.6,213,7.951729911219395,12.24459029200319
2021-08-24 16:00:00,28.6,83,25.4,0.5,94,224.0,13.5,205,5.705346533499441,12.235155124994776
2021-08-24 17:00:00,27.9,85,25.1,1.7,74,86.0,11.5,160,-3.933231648245192,10.806465139037943
2021-08-24 18:00:00,27.4,84,24.5,0.6,85,22.0,6.0,147,-3.267834210090164,5.032023407672543
2021-08-24 19:00:00,27.2,84,24.3,0.0,38,0.0,6.4,153,-2.9055391983331003,5.702441754805554
2021-08-24 20:00:00,26.9,85,24.2,0.0,16,0.0,7.0,159,-2.5085756468171017,6.535062985480412
2021-08-24 21:00:00,26.8,85,24.0,0.0,14,0.0,7.3,160,-2.496747046277383,6.8597561317371305
2021-08-24 22:00:00,26.5,86,23.9,0.0,16,0.0,8.2,157,-3.2039952536120446,7.54813979831001
2021-08-24 23:00:00,26.2,87,23.9,0.0,17,0.0,8.4,155,-3.549993398621876,7.61298541110786
2021-08-25 00:00:00,26.1,87,23.7,0.0,16,0.0,8.8,145,-5.047472639889205,7.208537989743129
2021-08-25 01:00:00,25.8,87,23.4,0.0,31,0.0,8.6,147,-4.683895701129234,7.212566884330646
2021-08-25 02:00:00,25.6,87,23.2,0.0,26,0.0,7.9,150,-3.95,6.841600689897066
2021-08-25 03:00:00,26.0,85,23.2,0.0,29,0.0,7.7,152,-3.6149310334513594,6.798696465013738
2021-08-25 04:00:00,25.9,85,23.2,0.0,29,0.0,7.7,152,-3.6149310334513594,6.798696465013738
2021-08-25 05:00:00,25.7,86,23.2,0.0,28,0.0,8.0,153,-3.631923997916375,7.128052193506942
2021-08-25 06:00:00,25.5,88,23.3,0.0,25,1.0,6.9,133,-5.0463405411722775,4.705788684431239
2021-08-25 07:00:00,26.5,85,23.8,0.0,18,65.0,7.2,127,-5.750175672340507,4.333068166694749
2021-08-25 08:00:00,28.0,79,24.1,0.0,10,221.0,5.8,150,-2.8999999999999995,5.022947341949744
2021-08-25 09:00:00,28.9,79,24.8,0.0,8,397.0,6.8,180,-8.327598234202001e-16,6.8
2021-08-25 10:00:00,29.5,77,25.0,0.0,12,506.0,7.3,200,2.496747046277381,6.859756131737131
2021-08-25 11:00:00,30.1,74,24.8,0.0,18,568.0,7.8,214,4.361704647071824,6.466493065929326
2021-08-25 12:00:00,30.3,72,24.7,0.0,34,490.0,8.2,221,5.379684037722157,6.1886185578267305
2021-08-25 13:00:00,30.3,73,24.9,0.3,47,521.0,7.7,208,3.61493103345136,6.798696465013737
2021-08-25 14:00:00,30.2,75,25.2,0.2,29,472.0,9.7,207,4.403707847473602,8.642763284627168
2021-08-25 15:00:00,30.4,72,24.9,0.0,41,401.0,10.3,209,4.993539088537271,9.008582983535778
2021-08-25 16:00:00,29.9,74,24.8,0.0,35,199.0,8.7,187,1.0602632876247815,8.635151519279502
2021-08-25 17:00:00,29.3,77,24.8,0.1,43,114.0,8.3,175,-0.7233926648055631,8.268415994161488
2021-08-25 18:00:00,28.8,79,24.8,0.0,36,36.0,5.0,159,-1.7918397477265011,4.667902132486009
2021-08-25 19:00:00,28.3,81,24.8,0.0,20,0.0,5.4,132,-4.012982057577929,3.613305274337834
2021-08-25 20:00:00,28.1,82,24.8,0.0,17,0.0,5.3,118,-4.679622242152313,2.4881992827652217
2021-08-25 21:00:00,27.9,83,24.7,0.0,10,0.0,6.4,128,-5.043268823083022,3.940233442084213
2021-08-25 22:00:00,27.8,83,24.6,0.0,16,0.0,5.4,132,-4.012982057577929,3.613305274337834
2021-08-25 23:00:00,27.4,85,24.7,0.0,28,0.0,4.9,126,-3.9641832724372423,2.880147736233118
2021-08-26 00:00:00,27.0,87,24.7,0.1,30,0.0,5.7,108,-5.421022142882376,1.7613968679372
2021-08-26 01:00:00,26.2,92,24.7,0.3,21,0.0,5.1,98,-5.050367150582009,0.7097828148963332
2021-08-26 02:00:00,26.9,86,24.3,0.2,21,0.0,5.1,98,-5.050367150582009,0.7097828148963332
2021-08-26 03:00:00,25.9,88,23.8,0.0,22,0.0,4.3,90,-4.3,-2.632990618166809e-16
2021-08-26 04:00:00,25.7,88,23.6,0.0,21,0.0,4.7,86,-4.688551036221174,-0.3278554265973886
2021-08-26 05:00:00,25.5,88,23.3,0.0,24,0.0,5.8,83,-5.756767679519667,-0.7068421917498554
2021-08-26 06:00:00,25.6,86,23.1,0.0,21,0.0,6.0,73,-5.737828535778212,-1.7542302283364206
2021-08-26 07:00:00,26.5,83,23.3,0.0,6,59.0,6.8,72,-6.467184310807044,-2.1013155617496424
2021-08-26 08:00:00,28.0,76,23.4,0.0,2,209.0,5.5,67,-5.062776693988422,-2.149021206691005
2021-08-26 09:00:00,29.1,71,23.2,0.0,3,415.0,4.8,48,-3.5670951622914924,-3.2118269105225195
2021-08-26 10:00:00,30.0,68,23.3,0.0,1,626.0,3.9,22,-1.460965714322057,-3.616017032810471
2021-08-26 11:00:00,30.6,66,23.5,0.0,1,736.0,4.2,340,1.436484601967808,-3.946709007300816
2021-08-26 12:00:00,30.7,68,24.0,0.0,6,766.0,6.4,317,4.364789504399989,-4.680663690362692
2021-08-26 13:00:00,30.4,70,24.2,0.0,21,572.0,5.9,346,1.4273391840380405,-5.72474478502838
2021-08-26 14:00:00,29.9,72,24.3,0.1,22,473.0,6.8,3,-0.3558845024520181,-6.790680836331102
2021-08-26 15:00:00,29.8,72,24.3,0.1,30,394.0,6.5,6,-0.6794350112397476,-6.4643923198937765
2021-08-26 16:00:00,29.5,73,24.3,0.1,32,291.0,6.6,9,-1.0324674692655236,-6.518743047927909
2021-08-26 17:00:00,28.8,76,24.2,0.0,32,112.0,6.4,16,-1.7640790772287946,-6.1520748540052415
2021-08-26 18:00:00,28.5,77,24.1,0.0,23,52.0,4.7,360,1.1511679911985121e-15,-4.7
2021-08-26 19:00:00,27.9,80,24.2,0.0,17,1.0,6.3,13,-1.4171916423663495,-6.1385314081469815
2021-08-26 20:00:00,27.4,83,24.3,0.0,20,0.0,6.2,36,-3.6442685642133337,-5.0159053651246746
2021-08-26 21:00:00,27.2,85,24.4,0.0,8,0.0,6.3,59,-5.400153994423308,-3.244739871933341
2021-08-26 22:00:00,26.6,90,24.8,0.0,1,0.0,5.1,94,-5.087576656325103,0.3557580160950391
2021-08-26 23:00:00,26.4,90,24.6,0.0,3,0.0,3.6,90,-3.6,-2.2043642384652358e-16
2021-08-27 00:00:00,26.2,90,24.4,0.0,8,0.0,4.7,67,-4.32637281122647,-1.8364363038995863
2021-08-27 01:00:00,25.7,91,24.2,0.0,8,0.0,5.8,60,-5.022947341949744,-2.9000000000000004
2021-08-27 02:00:00,25.4,93,24.1,0.0,10,0.0,5.4,53,-4.312631754255381,-3.2498011250210617
2021-08-27 03:00:00,25.2,92,23.8,0.0,14,0.0,4.4,35,-2.523736319944603,-3.604268994871564
2021-08-27 04:00:00,25.0,94,23.9,0.0,15,0.0,4.5,29,-2.1816432911085166,-3.935788682127281
2021-08-27 05:00:00,24.8,96,24.1,0.0,5,0.0,4.7,23,-1.8364363038995868,-4.32637281122647
2021-08-27 06:00:00,24.8,96,24.1,0.0,2,1.0,6.7,16,-1.8467702839738944,-6.440453362786736
2021-08-27 07:00:00,26.0,91,24.4,0.0,0,50.0,6.1,28,-2.863776532993933,-5.385980316439454
2021-08-27 08:00:00,27.6,83,24.5,0.0,1,181.0,4.5,29,-2.1816432911085166,-3.935788682127281
2021-08-27 09:00:00,28.8,76,24.3,0.0,0,378.0,3.8,17,-1.1110124779463997,-3.633958072659535
2021-08-27 10:00:00,29.8,72,24.3,0.0,1,615.0,4.3,355,0.3747696938149307,-4.283637201794505
2021-08-27 11:00:00,30.4,71,24.4,0.0,6,707.0,5.5,328,2.9145559532826275,-4.664264528860342
2021-08-27 12:00:00,30.6,70,24.6,0.0,11,766.0,6.8,335,2.873804179836754,-6.16289295184922
2021-08-27 13:00:00,30.8,69,24.5,0.0,11,737.0,8.3,355,0.7233926648055641,-8.268415994161488
2021-08-27 14:00:00,30.4,71,24.6,0.0,14,513.0,8.6,2,-0.3001356716415083,-8.594761112364223
2021-08-27 15:00:00,30.6,70,24.5,0.0,13,496.0,7.6,357,0.3977532674463772,-7.589584464134761
2021-08-27 16:00:00,30.4,71,24.5,0.0,14,375.0,7.6,5,-0.662383644882202,-7.571079705497266
2021-08-27 17:00:00,29.7,74,24.6,0.0,15,166.0,6.7,16,-1.8467702839738944,-6.440453362786736
2021-08-27 18:00:00,29.0,78,24.7,0.0,9,60.0,5.1,51,-3.963444403430551,-3.209533994354171
2021-08-27 19:00:00,28.2,82,24.8,0.0,14,1.0,5.5,67,-5.062776693988422,-2.149021206691005
2021-08-27 20:00:00,27.5,87,25.2,0.0,10,0.0,6.2,69,-5.788198644282651,-2.2218812871808624
2021-08-27 21:00:00,26.9,90,25.2,0.0,11,0.0,4.9,73,-4.685893304218874,-1.4326213531414105
2021-08-27 22:00:00,26.6,90,24.9,0.0,3,0.0,3.2,63,-2.851220877402777,-1.45276959916655
2021-08-27 23:00:00,26.4,90,24.7,0.0,5,0.0,2.9,60,-2.511473670974872,-1.4500000000000002
2021-08-28 00:00:00,26.3,90,24.6,0.0,4,0.0,3.3,41,-2.1649947956686737,-2.490541614735148
2021-08-28 01:00:00,26.2,91,24.5,0.0,8,0.0,4.6,18,-1.421478174124758,-4.3748599749577055
2021-08-28 02:00:00,26.1,90,24.4,0.0,9,0.0,6.5,19,-2.1161930039715187,-6.14587074139556
2021-08-28 03:00:00,26.2,90,24.3,0.0,14,0.0,7.1,24,-2.887830165838181,-6.486172749262466
2021-08-28 04:00:00,25.8,91,24.2,0.0,11,0.0,6.0,25,-2.5357095704441965,-5.437846722219899
2021-08-28 05:00:00,25.7,92,24.3,0.0,14,0.0,4.7,32,-2.490620541896063,-3.985826051935202
2021-08-28 06:00:00,25.6,93,24.3,0.0,13,1.0,6.0,25,-2.5357095704441965,-5.437846722219899
2021-08-28 07:00:00,26.5,90,24.6,0.0,12,50.0,5.6,40,-3.59961061424462,-4.289848881466277
2021-08-28 08:00:00,27.8,82,24.4,0.0,14,169.0,4.5,61,-3.935788682127281,-2.181643291108517
2021-08-28 09:00:00,28.9,75,24.1,0.0,18,375.0,1.3,124,-1.0777488443215544,0.7269507745119708
2021-08-28 10:00:00,29.8,69,23.6,0.0,13,566.0,2.4,243,2.138415658052083,1.0895771993749126
2021-08-28 11:00:00,30.5,66,23.5,0.0,11,700.0,2.9,270,2.9,5.327213576290986e-16
2021-08-28 12:00:00,30.7,66,23.7,0.0,17,703.0,4.4,261,4.345828698618606,0.6883116461770166
2021-08-28 13:00:00,30.7,67,24.0,0.0,24,618.0,4.4,261,4.345828698618606,0.6883116461770166
2021-08-28 14:00:00,30.7,68,24.1,0.0,37,562.0,0.7,360,1.7145055188062944e-16,-0.7
2021-08-28 15:00:00,30.6,68,24.1,0.0,39,359.0,5.8,330,2.9000000000000026,-5.022947341949743
2021-08-28 16:00:00,30.3,71,24.4,0.0,23,268.0,9.0,323,5.416335208368435,-7.187719590425635
2021-08-28 17:00:00,29.8,74,24.6,0.0,36,151.0,9.3,347,2.092044805397948,-9.061641602502688
2021-08-28 18:00:00,29.1,77,24.7,0.0,19,46.0,8.3,358,0.2896658226307568,-8.294943864258496
2021-08-28 19:00:00,28.4,81,24.8,0.0,15,1.0,9.3,16,-2.5634274090980926,-8.939733772226367
2021-08-28 20:00:00,27.9,83,24.8,0.0,9,0.0,8.6,22,-3.221616703376843,-7.973781149274371
2021-08-28 21:00:00,27.6,85,24.9,0.0,11,0.0,7.2,27,-3.2687315981247367,-6.415246974156249
2021-08-28 22:00:00,27.3,88,25.0,0.0,11,0.0,7.9,51,-6.139453095510071,-4.971631089293717
2021-08-28 23:00:00,26.8,89,24.9,0.0,8,0.0,5.5,67,-5.062776693988422,-2.149021206691005
2021-08-29 00:00:00,26.1,93,24.8,0.0,7,0.0,3.7,101,-3.632020578756357,0.7059932828932158
2021-08-29 01:00:00,25.9,92,24.6,0.0,12,0.0,4.8,138,-3.21182691052252,3.567095162291492
2021-08-29 02:00:00,26.1,90,24.4,0.0,12,0.0,5.4,138,-3.613305274337835,4.012982057577928
2021-08-29 03:00:00,25.8,90,24.1,0.0,13,0.0,3.9,124,-3.233246532964663,2.180852323535912
2021-08-29 04:00:00,26.0,89,24.0,0.0,13,0.0,1.1,108,-1.046162167924669,0.3399186938124421
2021-08-29 05:00:00,26.2,87,23.8,0.0,16,0.0,2.1,59,-1.800051331474436,-1.0815799573111138
2021-08-29 06:00:00,25.7,89,23.8,0.0,15,0.0,3.3,96,-3.281922254715301,0.3449439287832567
2021-08-29 07:00:00,27.0,85,24.3,0.0,15,56.0,3.4,72,-3.233592155403522,-1.0506577808748212
2021-08-29 08:00:00,28.2,80,24.4,0.0,4,214.0,4.1,52,-3.23084408978756,-2.524212048835199
2021-08-29 09:00:00,29.1,74,24.0,0.0,2,376.0,3.7,11,-0.7059932828932158,-3.632020578756357
2021-08-29 10:00:00,29.9,68,23.4,0.0,3,577.0,3.1,339,1.1109406435904323,-2.894099322141325
2021-08-29 11:00:00,30.4,66,23.4,0.0,1,727.0,3.6,315,2.545584412271572,-2.5455844122715705
2021-08-29 12:00:00,30.7,66,23.6,0.0,4,729.0,5.4,290,5.074340152243905,-1.8469087739586127
2021-08-29 13:00:00,30.8,67,23.9,0.0,21,766.0,6.8,302,5.766727053863697,-3.603450996785792
2021-08-29 14:00:00,30.5,68,24.0,0.0,26,582.0,4.1,345,1.0611580849203348,-3.96029588778518
2021-08-29 15:00:00,30.6,69,24.2,0.0,15,468.0,5.9,322,3.632402704421384,-4.64926344627966
2021-08-29 16:00:00,30.3,70,24.2,0.0,17,257.0,7.5,343,2.1927877854205287,-7.172285669722765
2021-08-29 17:00:00,29.9,71,24.1,0.0,11,144.0,3.6,360,8.817456953860943e-16,-3.6
2021-08-29 18:00:00,29.4,72,23.9,0.0,14,33.0,3.4,328,1.801725498392897,-2.883363526931848
2021-08-29 19:00:00,29.0,75,24.1,0.0,18,0.0,3.3,77,-3.2154212137912763,-0.7423384793347542
2021-08-29 20:00:00,27.7,87,25.2,0.0,25,0.0,6.5,84,-6.4643923198937765,-0.6794350112397475
2021-08-29 21:00:00,27.2,89,25.2,0.0,26,0.0,5.0,90,-5.0,-3.061616997868383e-16
2021-08-29 22:00:00,26.9,88,24.7,0.0,29,0.0,6.1,90,-6.1,-3.735172737399427e-16
2021-08-29 23:00:00,26.8,86,24.2,0.0,33,0.0,7.6,85,-7.571079705497266,-0.6623836448822018
2021-08-30 00:00:00,26.7,84,23.8,0.0,27,0.0,6.5,90,-6.5,-3.980102097228897e-16
2021-08-30 01:00:00,26.4,86,23.8,0.0,19,0.0,5.8,86,-5.78587149150698,-0.4045875477159263
2021-08-30 02:00:00,26.2,87,23.9,0.0,15,0.0,6.0,107,-5.737828535778213,1.75423022833642
2021-08-30 03:00:00,25.9,87,23.5,0.0,20,0.0,6.8,122,-5.766727053863697,3.6034509967857926
2021-08-30 04:00:00,25.5,91,23.9,0.0,29,0.0,4.2,121,-3.600102662948872,2.163159914622228
2021-08-30 05:00:00,25.4,91,23.9,0.0,32,0.0,4.2,121,-3.600102662948872,2.163159914622228
2021-08-30 06:00:00,25.5,91,24.0,0.0,31,0.0,2.3,108,-2.187429987478853,0.7107390870623789
2021-08-30 07:00:00,27.0,88,24.8,0.0,31,13.0,1.4,90,-1.4,-8.572527594031472e-17
2021-08-30 08:00:00,28.1,79,24.1,0.0,36,19.0,1.5,135,-1.0606601717798214,1.0606601717798212
2021-08-30 09:00:00,28.4,78,24.2,0.0,42,4.0,1.4,180,-1.7145055188062944e-16,1.4
2021-08-30 10:00:00,29.1,78,24.8,0.0,43,91.0,0.8,333,0.3631923997916376,-0.7128052193506943
2021-08-30 11:00:00,29.6,76,24.8,0.0,57,246.0,1.8,323,1.083267041673687,-1.437543918085127
2021-08-30 12:00:00,29.9,74,24.6,0.1,54,386.0,1.8,349,0.3434561916777804,-1.7669289302057951
2021-08-30 13:00:00,30.2,72,24.5,0.0,43,310.0,4.7,356,0.3278554265973905,-4.688551036221174
2021-08-30 14:00:00,30.2,71,24.4,0.0,32,265.0,8.4,350,1.4586446924022154,-8.272385125302547
2021-08-30 15:00:00,28.9,75,24.0,0.0,32,3.0,10.5,6,-1.0975488643103617,-10.44247990136687
2021-08-30 16:00:00,28.8,74,23.7,0.0,35,36.0,11.5,20,-3.93323164824519,-10.806465139037948
2021-08-30 17:00:00,28.5,75,23.6,0.0,36,15.0,11.3,27,-5.130092647056879,-10.068373723328556
2021-08-30 18:00:00,28.0,77,23.6,0.0,35,7.0,8.8,35,-5.047472639889206,-7.208537989743128
2021-08-30 19:00:00,27.5,80,23.7,0.0,37,0.0,7.2,53,-5.750175672340508,-4.333068166694749
2021-08-30 20:00:00,26.8,88,24.5,0.0,33,0.0,5.8,60,-5.022947341949744,-2.9000000000000004
2021-08-30 21:00:00,26.2,88,24.1,0.0,32,0.0,3.6,143,-2.1665340833473734,2.8750878361702545
2021-08-30 22:00:00,26.0,90,24.2,0.0,32,0.0,5.8,176,-0.404587547715928,5.78587149150698
2021-08-30 23:00:00,25.8,91,24.2,0.0,34,0.0,6.7,164,-1.8467702839738949,6.440453362786736
2021-08-31 00:00:00,26.1,90,24.3,0.0,34,0.0,5.9,191,1.125773072721614,5.791600382341218
2021-08-31 01:00:00,27.1,84,24.2,0.0,34,0.0,4.8,222,3.2118269105225195,3.5670951622914924
2021-08-31 02:00:00,26.9,85,24.2,0.0,38,0.0,6.1,242,5.385980316439454,2.863776532993933
2021-08-31 03:00:00,26.1,91,24.4,0.0,38,0.0,7.1,221,4.6580191058326,5.358438019581682
2021-08-31 04:00:00,26.1,91,24.5,0.0,42,0.0,6.9,208,3.239353783222647,6.092338390726596
2021-08-31 05:00:00,26.5,90,24.8,0.0,43,0.0,4.8,193,1.0797650608505518,4.676976310969129
2021-08-31 06:00:00,27.2,86,24.6,0.0,46,0.0,1.1,72,-1.0461621679246689,-0.3399186938124422
2021-08-31 07:00:00,27.2,91,25.6,0.0,38,29.0,1.6,333,0.7263847995832752,-1.4256104387013886
2021-08-31 08:00:00,28.7,81,25.2,0.0,28,156.0,4.4,305,3.604268994871564,-2.523736319944603
2021-08-31 09:00:00,29.3,79,25.3,0.0,37,313.0,6.7,286,6.440453362786736,-1.846770283973896
2021-08-31 10:00:00,29.8,76,25.1,0.0,23,421.0,8.6,285,8.306962106085988,-2.2258437878816744
2021-08-31 11:00:00,30.1,74,25.0,0.0,46,549.0,11.0,289,10.400704331592486,-3.5812496990287195
2021-08-31 12:00:00,30.0,74,24.9,0.2,57,583.0,10.4,304,8.621990754572433,-5.815606196095769
2021-08-31 13:00:00,29.8,74,24.7,0.3,54,375.0,9.7,312,7.208504807130727,-6.4905668816809206
2021-08-31 14:00:00,29.7,76,24.9,0.8,54,382.0,11.5,340,3.933231648245189,-10.806465139037948
2021-08-31 15:00:00,29.6,74,24.5,0.0,77,209.0,14.6,344,4.024305394928184,-14.034420760699456
2021-08-31 16:00:00,29.3,76,24.6,0.0,59,156.0,13.7,346,3.3143299697154496,-13.293051449981151
2021-08-31 17:00:00,29.0,77,24.5,0.0,65,148.0,10.5,354,1.0975488643103608,-10.44247990136687
2021-08-31 18:00:00,28.5,79,24.5,0.0,41,43.0,5.1,8,-0.7097828148963337,-5.050367150582009
2021-08-31 19:00:00,28.0,82,24.6,0.0,29,0.0,5.7,35,-3.2693856872009626,-4.669166652447253
2021-08-31 20:00:00,27.4,88,25.3,0.0,33,0.0,4.4,99,-4.345828698618607,0.6883116461770157
2021-08-31 21:00:00,26.9,90,25.2,0.0,24,0.0,5.4,138,-3.613305274337835,4.012982057577928
2021-08-31 22:00:00,26.7,91,25.0,0.0,24,0.0,5.3,152,-2.4881992827652204,4.679622242152313
2021-08-31 23:00:00,26.4,93,25.1,0.0,27,0.0,5.9,142,-3.6324027044213847,4.64926344627966
2021-09-01 00:00:00,26.7,89,24.8,0.0,26,0.0,5.6,130,-4.289848881466277,3.5996106142446203
2021-09-01 01:00:00,26.1,92,24.7,0.0,32,0.0,5.3,118,-4.679622242152313,2.4881992827652217
2021-09-01 02:00:00,26.2,89,24.2,0.0,28,0.0,5.2,115,-4.71280049259058,2.1976149610516367
2021-09-01 03:00:00,27.2,83,24.0,0.0,16,0.0,1.5,104,-1.4554435894139948,0.3628828433995016
2021-09-01 04:00:00,27.1,82,23.9,0.0,4,0.0,1.0,45,-0.7071067811865476,-0.7071067811865476
2021-09-01 05:00:00,27.0,83,23.8,0.0,11,0.0,0.7,90,-0.7,-4.286263797015736e-17
2021-09-01 06:00:00,26.4,85,23.7,0.1,8,0.0,1.0,45,-0.7071067811865476,-0.7071067811865476
2021-09-01 07:00:00,26.7,87,24.4,0.0,9,43.0,1.3,56,-1.0777488443215544,-0.7269507745119709
2021-09-01 08:00:00,27.8,82,24.5,0.0,6,181.0,1.5,346,0.3628828433995018,-1.4554435894139948
2021-09-01 09:00:00,28.7,79,24.8,0.0,9,396.0,3.1,306,2.5079526825623377,-1.8221342821066664
2021-09-01 10:00:00,29.1,77,24.8,0.0,7,565.0,4.8,283,4.676976310969129,-1.0797650608505516
2021-09-01 11:00:00,29.4,76,24.7,0.1,10,585.0,7.2,273,7.190132650232932,-0.3768188849491964
2021-09-01 12:00:00,29.7,74,24.6,0.1,36,566.0,5.8,270,5.8,1.0654427152581972e-15
2021-09-01 13:00:00,29.6,74,24.6,0.2,37,480.0,5.8,263,5.756767679519668,0.7068421917498535
2021-09-01 14:00:00,29.5,76,24.9,0.3,38,418.0,6.6,283,6.430842427582553,-1.4846769586695083
2021-09-01 15:00:00,29.6,74,24.6,0.0,31,235.0,7.3,303,6.122295146001597,-3.975864955609695
2021-09-01 16:00:00,29.7,74,24.6,0.0,66,195.0,6.7,306,5.420413862312149,-3.938161190359569
2021-09-01 17:00:00,28.8,77,24.4,0.2,80,115.0,4.9,306,3.964183272437243,-2.8801477362331176
2021-09-01 18:00:00,28.2,81,24.6,0.0,40,27.0,4.8,257,4.6769763109691285,1.0797650608505531
2021-09-01 19:00:00,27.6,84,24.7,0.0,56,0.0,4.3,175,-0.3747696938149302,4.283637201794505
2021-09-01 20:00:00,27.3,85,24.6,0.0,58,0.0,4.3,175,-0.3747696938149302,4.283637201794505
2021-09-01 21:00:00,26.7,87,24.4,0.2,37,0.0,5.2,196,1.4333142502483949,4.998560818879258
2021-09-01 22:00:00,26.1,93,24.8,0.4,40,0.0,4.1,165,-1.061158084920336,3.96029588778518
2021-09-01 23:00:00,25.9,92,24.5,1.2,52,0.0,3.4,148,-1.8017254983928963,2.883363526931848
2021-09-02 00:00:00,25.5,92,24.1,1.8,33,0.0,4.1,135,-2.899137802864845,2.8991378028648445
2021-09-02 01:00:00,25.4,92,24.0,0.3,27,0.0,5.8,97,-5.756767679519668,0.7068421917498547
2021-09-02 02:00:00,25.5,90,23.6,0.0,20,0.0,5.1,86,-5.087576656325103,-0.3557580160950386
2021-09-02 03:00:00,26.1,87,23.7,0.4,17,0.0,3.4,18,-1.0506577808748212,-3.233592155403522
2021-09-02 04:00:00,25.3,93,24.2,0.2,15,0.0,2.3,321,1.447436899414627,-1.7874357113510322
2021-09-02 05:00:00,25.2,94,24.1,0.1,29,0.0,4.0,180,-4.898587196589413e-16,4.0
2021-09-02 06:00:00,25.2,94,24.2,0.1,29,0.0,1.8,259,1.7669289302057951,0.3434561916777803
2021-09-02 07:00:00,26.3,86,23.8,0.0,20,28.0,3.1,45,-2.192031021678297,-2.192031021678297
2021-09-02 08:00:00,27.1,82,23.7,0.0,6,193.0,5.0,360,1.2246467991473533e-15,-5.0
2021-09-02 09:00:00,28.1,79,24.1,0.0,6,358.0,5.8,330,2.9000000000000026,-5.022947341949743
2021-09-02 10:00:00,29.0,76,24.3,0.0,17,564.0,7.1,315,5.020458146424488,-5.0204581464244855
2021-09-02 11:00:00,29.4,74,24.4,0.3,50,540.0,9.1,304,7.544241910250879,-5.088655421583797
2021-09-02 12:00:00,29.2,76,24.5,0.3,63,416.0,10.7,315,7.56604255869606,-7.566042558696056
2021-09-02 13:00:00,29.2,77,24.8,0.3,63,462.0,11.2,320,7.199221228489243,-8.57969776293255
2021-09-02 14:00:00,28.0,79,24.1,1.1,65,261.0,8.7,322,5.3562548353332256,-6.855693556378481
2021-09-02 15:00:00,28.0,82,24.6,1.2,38,146.0,5.2,335,2.197614961051636,-4.71280049259058
2021-09-02 16:00:00,27.9,82,24.5,0.0,82,63.0,3.8,73,-3.633958072659535,-1.1110124779463997
2021-09-02 17:00:00,27.9,80,24.2,0.0,51,65.0,4.2,110,-3.946709007300816,1.4364846019678086
2021-09-02 18:00:00,27.6,81,24.1,0.0,19,15.0,3.4,148,-1.8017254983928963,2.883363526931848
2021-09-02 19:00:00,27.3,83,24.2,0.0,7,0.0,6.2,173,-0.7555899291119148,6.153786140176196
2021-09-02 20:00:00,27.0,86,24.4,0.0,16,0.0,6.2,159,-2.221881287180861,5.788198644282651
2021-09-02 21:00:00,26.6,89,24.5,0.0,25,0.0,6.0,155,-2.535709570444197,5.437846722219899
2021-09-02 22:00:00,26.4,89,24.4,0.0,27,0.0,6.0,147,-3.267834210090164,5.032023407672543
2021-09-02 23:00:00,26.1,90,24.2,0.0,32,0.0,7.3,147,-3.975864955609699,6.122295146001594
2021-09-03 00:00:00,25.8,91,24.2,0.0,35,0.0,6.4,153,-2.9055391983331003,5.702441754805554
2021-09-03 01:00:00,25.8,90,24.1,0.0,27,0.0,5.9,128,-4.64926344627966,3.632402704421384
2021-09-03 02:00:00,25.4,90,23.7,0.0,18,0.0,5.3,118,-4.679622242152313,2.4881992827652217
2021-09-03 03:00:00,25.4,89,23.4,0.0,12,0.0,5.3,118,-4.679622242152313,2.4881992827652217
2021-09-03 04:00:00,25.3,89,23.3,0.0,9,0.0,5.1,129,-3.963444403430552,3.20953399435417
2021-09-03 05:00:00,24.9,91,23.3,0.0,7,0.0,5.9,142,-3.6324027044213847,4.64926344627966
2021-09-03 06:00:00,24.7,92,23.2,0.0,23,0.0,2.4,117,-2.138415658052083,1.0895771993749122
2021-09-03 07:00:00,26.0,88,23.8,0.0,20,48.0,3.0,76,-2.910887178827989,-0.725765686799003
2021-09-03 08:00:00,27.4,79,23.4,0.0,2,163.0,4.3,66,-3.928245467863184,-1.7489675652259409
2021-09-03 09:00:00,28.0,78,23.7,0.0,1,275.0,3.8,49,-2.8678964048465336,-2.493024310163928
2021-09-03 10:00:00,28.7,74,23.7,0.1,2,477.0,2.5,8,-0.3479327524001636,-2.475670171853926
2021-09-03 11:00:00,29.2,73,23.9,0.0,5,530.0,4.4,305,3.604268994871564,-2.523736319944603
2021-09-03 12:00:00,29.4,74,24.3,0.0,27,601.0,3.8,253,3.633958072659534,1.111012477946401
2021-09-03 13:00:00,29.4,76,24.7,0.0,50,424.0,3.2,270,3.2,5.878304635907295e-16
2021-09-03 14:00:00,29.2,78,24.9,0.6,55,393.0,4.0,260,3.939231012048832,0.6945927106677213
2021-09-03 15:00:00,29.3,73,24.0,0.0,57,322.0,4.0,275,3.984778792366982,-0.3486229709906315
2021-09-03 16:00:00,29.0,75,24.2,0.6,65,180.0,3.2,270,3.2,5.878304635907295e-16
2021-09-03 17:00:00,28.1,79,24.1,0.6,61,74.0,4.4,235,3.604268994871563,2.523736319944604
2021-09-03 18:00:00,27.6,81,24.0,0.0,48,13.0,2.7,67,-2.485363104321589,-1.0549740469210391
2021-09-03 19:00:00,27.2,82,24.0,0.0,40,0.0,4.8,77,-4.676976310969129,-1.0797650608505516
2021-09-03 20:00:00,27.0,84,24.1,0.0,28,0.0,5.4,132,-4.012982057577929,3.613305274337834
2021-09-03 21:00:00,26.9,85,24.2,0.0,19,0.0,5.8,158,-2.172718241812291,5.377666356487366
2021-09-03 22:00:00,26.7,87,24.4,0.0,16,0.0,7.6,180,-9.307315673519883e-16,7.6
2021-09-03 23:00:00,26.4,90,24.6,0.0,17,0.0,7.3,169,-1.3929056662487782,7.165878439167947
2021-09-04 00:00:00,26.0,92,24.6,0.1,15,0.0,4.6,135,-3.2526911934581184,3.252691193458118
2021-09-04 01:00:00,25.6,94,24.5,0.0,21,0.0,4.2,110,-3.946709007300816,1.4364846019678086
2021-09-04 02:00:00,25.5,94,24.5,0.0,18,0.0,4.0,100,-3.939231012048832,0.6945927106677212
2021-09-04 03:00:00,25.3,93,24.0,0.1,18,0.0,4.0,90,-4.0,-2.4492935982947064e-16
2021-09-04 04:00:00,25.9,88,23.8,0.0,18,0.0,1.8,53,-1.437543918085127,-1.0832670416736871
2021-09-04 05:00:00,25.8,89,23.8,0.0,9,0.0,3.1,36,-1.8221342821066668,-2.5079526825623373
2021-09-04 06:00:00,25.0,93,23.9,0.0,13,0.0,4.2,20,-1.4364846019678086,-3.946709007300816
2021-09-04 07:00:00,26.3,89,24.3,0.0,5,39.0,5.3,28,-2.4881992827652213,-4.679622242152313
2021-09-04 08:00:00,27.7,81,24.0,0.0,3,204.0,4.5,14,-1.0886485301985047,-4.366330768241984
2021-09-04 09:00:00,28.5,78,24.3,0.0,2,400.0,3.1,339,1.1109406435904323,-2.894099322141325
2021-09-04 10:00:00,29.2,76,24.5,0.0,4,571.0,4.6,315,3.2526911934581197,-3.252691193458117
2021-09-04 11:00:00,29.8,74,24.7,0.0,2,660.0,8.2,311,6.188618557826731,-5.379684037722157
2021-09-04 12:00:00,29.9,74,24.8,0.0,27,646.0,9.0,323,5.416335208368435,-7.187719590425635
2021-09-04 13:00:00,30.1,73,24.7,0.2,34,705.0,10.2,328,5.405176495178691,-8.650090580795544
2021-09-04 14:00:00,30.0,75,25.1,0.2,47,545.0,12.0,339,4.300415394543609,-11.202965117966418
2021-09-04 15:00:00,29.6,71,23.7,0.1,58,312.0,12.8,350,2.222696674136709,-12.605539238556265
2021-09-04 16:00:00,28.9,75,24.0,0.0,77,137.0,12.1,350,2.1011429497698577,-11.916173811447717
2021-09-04 17:00:00,28.5,77,24.0,0.0,71,62.0,8.7,5,-0.7582549619046259,-8.666893873398186
2021-09-04 18:00:00,28.1,79,24.1,0.0,50,20.0,6.8,360,1.6655196468404002e-15,-6.8
2021-09-04 19:00:00,27.7,81,24.2,0.0,61,0.0,6.6,29,-3.1997434936258244,-5.772490067120011
2021-09-04 20:00:00,27.2,87,24.8,0.0,62,0.0,6.0,57,-5.032023407672544,-3.2678342100901627
2021-09-04 21:00:00,27.0,88,24.7,0.0,55,0.0,4.0,80,-3.939231012048832,-0.6945927106677217
2021-09-04 22:00:00,26.8,88,24.6,0.0,46,0.0,4.3,185,0.3747696938149291,4.283637201794505
2021-09-04 23:00:00,26.2,91,24.7,0.0,44,0.0,6.2,201,2.221881287180863,5.788198644282651
2021-09-05 00:00:00,26.5,90,24.7,0.0,39,0.0,7.2,186,0.7526049355271052,7.160557646651568
2021-09-05 01:00:00,27.2,86,24.7,0.0,30,0.0,3.6,174,-0.3763024677635534,3.580278823325784
2021-09-05 02:00:00,25.7,94,24.6,0.0,23,0.0,2.2,360,5.388445916248355e-16,-2.2
2021-09-05 03:00:00,25.6,94,24.5,0.0,15,0.0,5.6,15,-1.449386652574116,-5.409184627218783
2021-09-05 04:00:00,25.6,93,24.4,0.0,22,0.0,6.0,25,-2.5357095704441965,-5.437846722219899
2021-09-05 05:00:00,25.7,91,24.2,0.0,29,0.0,5.3,28,-2.4881992827652213,-4.679622242152313
2021-09-05 06:00:00,25.5,92,24.1,0.1,17,0.0,6.0,25,-2.5357095704441965,-5.437846722219899
2021-09-05 07:00:00,26.5,88,24.3,0.0,7,48.0,5.2,16,-1.4333142502483958,-4.998560818879258
2021-09-05 08:00:00,27.7,81,24.2,0.0,4,145.0,6.1,357,0.3192493330819606,-6.0916401620029
2021-09-05 09:00:00,28.7,78,24.5,0.0,8,321.0,6.0,343,1.7542302283364228,-5.737828535778212
2021-09-05 10:00:00,29.2,76,24.5,0.0,13,374.0,7.3,327,3.9758649556096968,-6.122295146001595
2021-09-05 11:00:00,29.7,74,24.5,0.0,26,407.0,7.9,330,3.950000000000004,-6.841600689897064
2021-09-05 12:00:00,30.1,72,24.6,0.0,53,502.0,6.3,336,2.562440851377541,-5.755336383148386
2021-09-05 13:00:00,30.2,72,24.5,0.0,57,423.0,4.3,336,1.7489675652259409,-3.928245467863184
2021-09-05 14:00:00,29.8,73,24.4,0.2,56,188.0,3.7,349,0.7059932828932153,-3.632020578756357
2021-09-05 15:00:00,29.9,72,24.4,0.0,52,143.0,5.0,360,1.2246467991473533e-15,-5.0
2021-09-05 16:00:00,29.6,74,24.5,0.0,44,162.0,4.0,360,9.797174393178826e-16,-4.0
2021-09-05 17:00:00,28.8,77,24.4,0.1,53,55.0,0.8,243,0.7128052193506943,0.3631923997916375
2021-09-05 18:00:00,28.5,79,24.6,0.0,36,17.0,4.0,85,-3.984778792366982,-0.3486229709906325
2021-09-05 19:00:00,27.9,83,24.6,0.0,17,0.0,4.1,128,-3.23084408978756,2.524212048835199
2021-09-05 20:00:00,27.4,85,24.7,0.0,20,0.0,7.2,174,-0.7526049355271069,7.160557646651568
2021-09-05 21:00:00,27.0,88,24.8,0.0,37,0.0,9.5,169,-1.8126854560771768,9.325458242752807
2021-09-05 22:00:00,27.0,88,24.9,0.0,35,0.0,8.4,160,-2.8729692039356185,7.893418014601631
2021-09-05 23:00:00,26.7,89,24.8,0.0,33,0.0,6.7,144,-3.938161190359571,5.420413862312147
2021-09-06 00:00:00,26.5,90,24.7,0.0,33,0.0,5.6,140,-3.5996106142446207,4.289848881466276
2021-09-06 01:00:00,26.2,92,24.8,0.0,24,0.0,6.3,149,-3.2447398719333425,5.400153994423307
2021-09-06 02:00:00,26.0,93,24.9,0.0,23,0.0,3.5,156,-1.4235782507653014,3.197409101749103
2021-09-06 03:00:00,25.9,92,24.5,0.0,22,0.0,3.0,166,-0.7257656867990032,2.910887178827989
2021-09-06 04:00:00,25.7,92,24.3,0.0,35,0.0,4.3,156,-1.7489675652259418,3.9282454678631833
2021-09-06 05:00:00,25.6,91,24.1,0.0,37,0.0,3.4,108,-3.2335921554035223,1.050657780874821
2021-09-06 06:00:00,25.4,93,24.3,0.0,30,0.0,3.3,41,-2.1649947956686737,-2.490541614735148
2021-09-06 07:00:00,26.6,88,24.4,0.0,23,37.0,3.8,17,-1.1110124779463997,-3.633958072659535
2021-09-06 08:00:00,28.1,82,24.8,0.0,19,188.0,4.1,345,1.0611580849203348,-3.96029588778518
2021-09-06 09:00:00,29.1,79,25.1,0.0,23,334.0,6.8,335,2.873804179836754,-6.16289295184922
2021-09-06 10:00:00,29.8,75,24.9,0.0,33,480.0,9.2,329,4.738350289172501,-7.885939166459431
2021-09-06 11:00:00,30.3,72,24.8,0.0,41,650.0,10.7,318,7.1596974880397815,-7.951649632608118
2021-09-06 12:00:00,30.5,71,24.7,0.0,60,588.0,10.9,316,7.571776238003074,-7.840803823691295
2021-09-06 13:00:00,30.3,72,24.7,0.2,65,452.0,9.5,331,4.6056913923402005,-8.30888721782426
2021-09-06 14:00:00,29.8,74,24.6,0.3,47,291.0,9.2,334,4.033014550459515,-8.268905225952334
2021-09-06 15:00:00,29.7,74,24.6,0.2,47,247.0,10.7,340,3.659615533584654,-10.05471104240922
2021-09-06 16:00:00,29.3,76,24.6,0.5,62,176.0,9.0,2,-0.3140954703225087,-8.994517443171862
2021-09-06 17:00:00,28.9,78,24.6,0.0,41,35.0,6.6,29,-3.1997434936258244,-5.772490067120011
2021-09-06 18:00:00,28.5,79,24.6,0.0,18,17.0,5.1,45,-3.606244584051392,-3.606244584051392
2021-09-06 19:00:00,28.1,81,24.6,0.0,11,0.0,6.2,21,-2.221881287180861,-5.788198644282651
2021-09-06 20:00:00,27.7,84,24.7,0.0,16,0.0,6.2,36,-3.6442685642133337,-5.0159053651246746
2021-09-06 21:00:00,27.3,86,24.8,0.0,33,0.0,7.4,47,-5.412017391981862,-5.046787864462489
2021-09-06 22:00:00,26.8,89,24.9,0.0,36,0.0,4.7,81,-4.642135200797148,-0.7352419856890854
2021-09-06 23:00:00,26.5,90,24.8,0.0,40,0.0,3.8,107,-3.633958072659535,1.1110124779463992
2021-09-07 00:00:00,26.3,91,24.7,0.0,43,0.0,3.6,96,-3.580278823325784,0.3763024677635528
2021-09-07 01:00:00,25.8,93,24.6,0.0,37,0.0,3.7,79,-3.632020578756357,-0.7059932828932162
2021-09-07 02:00:00,25.7,93,24.5,0.0,30,0.0,2.1,59,-1.800051331474436,-1.0815799573111138
2021-09-07 03:00:00,25.1,94,24.2,0.0,23,0.0,2.8,50,-2.1449244407331385,-1.79980530712231
2021-09-07 04:00:00,24.9,96,24.3,0.0,35,0.0,3.8,41,-2.493024310163928,-2.8678964048465336
2021-09-07 05:00:00,24.8,97,24.4,0.0,52,0.0,5.2,25,-2.197614961051637,-4.71280049259058
2021-09-07 06:00:00,24.8,96,24.2,0.0,15,0.0,8.0,8,-1.1133848076805235,-7.922144549932563
2021-09-07 07:00:00,25.9,92,24.6,0.0,3,47.0,7.2,6,-0.7526049355271051,-7.160557646651568
2021-09-07 08:00:00,28.0,84,25.0,0.0,1,197.0,8.0,352,1.113384807680527,-7.922144549932562
2021-09-07 09:00:00,29.3,76,24.7,0.0,1,415.0,11.6,353,1.4136843834997077,-11.513535359039336
2021-09-07 10:00:00,30.1,73,24.7,0.0,2,603.0,11.9,355,1.037153338697134,-11.854716907291772
2021-09-07 11:00:00,30.6,72,24.9,0.0,1,705.0,10.6,350,1.840670683269462,-10.438962181929403
2021-09-07 12:00:00,31.0,70,25.0,0.0,10,729.0,9.9,341,3.223124729125852,-9.360633898433235
2021-09-07 13:00:00,31.1,70,24.9,0.0,34,676.0,9.3,347,2.092044805397948,-9.061641602502688
2021-09-07 14:00:00,30.6,71,24.8,0.1,36,516.0,7.2,360,1.7634913907721889e-15,-7.2
2021-09-07 15:00:00,30.5,72,24.9,0.0,34,441.0,6.6,351,1.0324674692655251,-6.5187430479279085
2021-09-07 16:00:00,30.2,73,24.9,0.2,40,276.0,5.0,339,1.7918397477265038,-4.667902132486008
2021-09-07 17:00:00,29.5,76,24.9,0.0,40,148.0,4.8,27,-2.1791543987498243,-4.276831316104166
2021-09-07 18:00:00,28.4,81,24.8,0.2,18,39.0,3.4,72,-3.233592155403522,-1.0506577808748212
2021-09-07 19:00:00,27.8,84,24.9,0.0,13,0.0,4.3,90,-4.3,-2.632990618166809e-16
2021-09-07 20:00:00,27.4,86,24.8,0.0,9,0.0,4.4,99,-4.345828698618607,0.6883116461770157
2021-09-07 21:00:00,27.0,86,24.5,0.0,10,0.0,5.0,111,-4.667902132486009,1.7918397477265011
2021-09-07 22:00:00,26.9,86,24.4,0.0,21,0.0,5.4,98,-5.34744757120448,0.7515347451843529
2021-09-07 23:00:00,26.6,86,24.2,0.0,33,0.0,6.9,96,-6.862201078041086,0.7212463965468096
2021-09-08 00:00:00,26.3,87,24.1,0.0,27,0.0,6.0,107,-5.737828535778213,1.75423022833642
2021-09-08 01:00:00,26.0,90,24.2,0.0,20,0.0,4.7,180,-5.755839955992562e-16,4.7
2021-09-08 02:00:00,26.8,84,23.8,0.0,14,0.0,5.2,196,1.4333142502483949,4.998560818879258
2021-09-08 03:00:00,26.6,83,23.6,0.0,4,0.0,1.8,180,-2.2043642384652358e-16,1.8
2021-09-08 04:00:00,25.9,87,23.5,0.0,6,0.0,2.5,45,-1.7677669529663689,-1.7677669529663689
2021-09-08 05:00:00,25.0,92,23.6,0.0,8,0.0,3.7,29,-1.7937955949114472,-3.2360929164157644
2021-09-08 06:00:00,24.7,94,23.6,0.0,8,0.0,3.3,354,0.3449439287832562,-3.281922254715301
2021-09-08 07:00:00,26.2,89,24.2,0.0,10,41.0,4.7,360,1.1511679911985121e-15,-4.7
2021-09-08 08:00:00,27.7,81,24.2,0.0,7,158.0,6.1,360,1.4940690949597709e-15,-6.1
2021-09-08 09:00:00,28.7,78,24.4,0.0,8,400.0,7.6,3,-0.3977532674463731,-7.589584464134761
2021-09-08 10:00:00,29.4,75,24.4,0.0,7,493.0,7.2,360,1.7634913907721889e-15,-7.2
2021-09-08 11:00:00,30.0,73,24.6,0.0,14,661.0,8.6,345,2.225843787881678,-8.306962106085987
2021-09-08 12:00:00,30.4,72,24.8,0.0,18,711.0,10.0,330,5.000000000000004,-8.660254037844384
2021-09-08 13:00:00,30.6,72,24.9,0.0,25,661.0,11.3,333,5.130092647056881,-10.068373723328556
2021-09-08 14:00:00,30.4,72,24.9,0.0,39,562.0,11.5,346,2.7821017993961803,-11.15840085217396
2021-09-08 15:00:00,30.2,73,24.8,0.0,47,375.0,10.1,2,-0.3524849166952598,-10.093847352892867
2021-09-08 16:00:00,29.2,76,24.6,0.0,48,172.0,5.6,27,-2.5423467985414616,-4.98963653545486
2021-09-08 17:00:00,28.8,78,24.5,0.0,56,118.0,2.9,120,-2.511473670974872,1.4499999999999993
2021-09-08 18:00:00,28.2,81,24.6,0.0,45,27.0,2.1,121,-1.800051331474436,1.081579957311114
2021-09-08 19:00:00,27.7,85,24.8,0.0,41,0.0,3.3,131,-2.490541614735148,2.1649947956686737
2021-09-08 20:00:00,27.3,88,25.0,0.0,44,0.0,3.9,112,-3.616017032810471,1.4609657143220571
2021-09-08 21:00:00,27.0,90,25.2,0.0,47,0.0,4.0,117,-3.564026096753472,1.815961998958187
2021-09-08 22:00:00,26.7,92,25.2,0.0,38,0.0,4.4,125,-3.604268994871564,2.5237363199446032
2021-09-08 23:00:00,27.3,87,24.9,0.0,38,0.0,5.4,127,-4.312631754255381,3.2498011250210617
2021-09-09 00:00:00,27.3,87,24.8,0.0,34,0.0,3.4,122,-2.8833635269318485,1.8017254983928963
2021-09-09 01:00:00,27.0,87,24.7,0.0,29,0.0,2.3,129,-1.7874357113510333,1.4474368994146256
2021-09-09 02:00:00,26.8,88,24.6,0.0,26,0.0,2.8,130,-2.1449244407331385,1.79980530712231
2021-09-09 03:00:00,27.1,85,24.3,0.0,17,0.0,3.1,126,-2.5079526825623373,1.8221342821066664
2021-09-09 04:00:00,26.4,89,24.3,0.0,15,0.0,3.9,124,-3.233246532964663,2.180852323535912
2021-09-09 05:00:00,26.3,89,24.2,0.0,14,0.0,3.9,124,-3.233246532964663,2.180852323535912
2021-09-09 06:00:00,26.3,87,24.0,0.0,14,0.0,1.4,90,-1.4,-8.572527594031472e-17
2021-09-09 07:00:00,27.0,87,24.6,0.0,19,40.0,1.4,90,-1.4,-8.572527594031472e-17
2021-09-09 08:00:00,28.1,83,25.0,0.0,16,132.0,1.0,225,0.7071067811865475,0.7071067811865477
2021-09-09 09:00:00,29.1,81,25.6,0.0,10,362.0,3.1,225,2.192031021678297,2.192031021678298
2021-09-09 10:00:00,29.8,78,25.4,0.0,31,390.0,5.1,231,3.96344440343055,3.2095339943541727
2021-09-09 11:00:00,30.3,75,25.4,0.0,41,604.0,6.4,243,5.702441754805554,2.9055391983331003
2021-09-09 12:00:00,30.7,73,25.4,0.0,56,598.0,7.2,264,7.160557646651569,0.7526049355271042
2021-09-09 13:00:00,30.7,74,25.5,0.0,65,571.0,7.6,289,7.1859411745548085,-2.474317973874388
2021-09-09 14:00:00,30.6,74,25.5,0.0,57,566.0,8.0,306,6.4721359549995805,-4.702282018339783
2021-09-09 15:00:00,30.5,74,25.4,0.0,83,350.0,3.9,338,1.460965714322058,-3.616017032810471
2021-09-09 16:00:00,30.3,75,25.3,0.0,83,207.0,3.1,69,-2.8940993221413254,-1.1109406435904312
2021-09-09 17:00:00,30.0,76,25.3,0.0,34,127.0,3.3,84,-3.281922254715301,-0.3449439287832564
2021-09-09 18:00:00,29.5,78,25.3,0.0,35,30.0,2.4,27,-1.0895771993749122,-2.138415658052083
2021-09-09 19:00:00,28.8,84,25.9,0.0,23,0.0,2.0,45,-1.4142135623730951,-1.4142135623730951
2021-09-09 20:00:00,28.2,89,26.2,0.0,19,0.0,2.3,72,-2.1874299874788528,-0.7107390870623791
2021-09-09 21:00:00,28.1,88,25.9,0.0,13,0.0,1.3,34,-0.726950774511971,-1.0777488443215544
2021-09-09 22:00:00,27.5,91,25.9,0.0,13,0.0,1.9,22,-0.7117525274902328,-1.761649323676896
2021-09-09 23:00:00,27.0,93,25.8,0.0,9,0.0,4.5,61,-3.935788682127281,-2.181643291108517
2021-09-10 00:00:00,26.6,93,25.5,0.0,10,0.0,4.5,76,-4.366330768241984,-1.0886485301985045
2021-09-10 01:00:00,26.4,93,25.3,0.0,17,0.0,3.6,84,-3.580278823325784,-0.3763024677635525
2021-09-10 02:00:00,26.3,93,25.1,0.0,24,0.0,3.6,84,-3.580278823325784,-0.3763024677635525
2021-09-10 03:00:00,26.1,93,24.9,0.0,15,0.0,1.8,79,-1.7669289302057951,-0.3434561916777808
2021-09-10 04:00:00,26.0,93,24.7,0.0,17,0.0,1.1,18,-0.3399186938124421,-1.0461621679246689
2021-09-10 05:00:00,25.6,95,24.8,0.0,20,0.0,2.7,23,-1.0549740469210394,-2.485363104321589
2021-09-10 06:00:00,25.6,94,24.6,0.0,14,0.0,5.0,21,-1.7918397477265011,-4.667902132486009
2021-09-10 07:00:00,26.9,88,24.8,0.0,10,30.0,4.3,24,-1.7489675652259409,-3.928245467863184
2021-09-10 08:00:00,28.1,82,24.8,0.0,8,121.0,4.4,351,0.6883116461770169,-4.345828698618606
2021-09-10 09:00:00,29.5,76,24.9,0.0,8,345.0,6.0,335,2.535709570444195,-5.4378467222199
2021-09-10 10:00:00,30.2,73,24.8,0.0,12,507.0,5.0,330,2.500000000000002,-4.330127018922192
2021-09-10 11:00:00,30.9,70,24.7,0.0,8,678.0,5.7,325,3.269385687200965,-4.669166652447252
2021-09-10 12:00:00,31.1,69,24.7,0.0,17,627.0,6.8,328,3.603450996785794,-5.766727053863695
2021-09-10 13:00:00,31.3,68,24.7,0.0,13,654.0,8.7,336,3.538608794759461,-7.947845481490628
2021-09-10 14:00:00,31.2,68,24.7,0.0,14,528.0,9.7,338,3.6336839561343495,-8.993683389297836
2021-09-10 15:00:00,31.0,69,24.7,0.0,14,462.0,9.0,337,3.516580156403465,-8.284543681071963
2021-09-10 16:00:00,30.7,71,24.8,0.0,15,339.0,9.5,351,1.4861274178821953,-9.383039235653808
2021-09-10 17:00:00,29.9,75,24.9,0.0,26,165.0,7.9,24,-3.2132194802988217,-7.217009115376547
2021-09-10 18:00:00,29.0,79,25.1,0.0,14,38.0,7.3,20,-2.496747046277381,-6.859756131737131
2021-09-10 19:00:00,28.5,82,25.1,0.0,12,0.0,8.3,18,-2.564841053312064,-7.893769085249775
2021-09-10 20:00:00,28.0,85,25.3,0.0,19,0.0,8.9,14,-2.153104870837043,-8.635631963856369
2021-09-10 21:00:00,27.7,87,25.3,0.0,21,0.0,7.1,41,-4.658019105832602,-5.358438019581681
2021-09-10 22:00:00,27.4,89,25.3,0.0,23,0.0,5.1,51,-3.963444403430551,-3.209533994354171
2021-09-10 23:00:00,27.1,89,25.1,0.0,26,0.0,4.5,14,-1.0886485301985047,-4.366330768241984
2021-09-11 00:00:00,26.8,91,25.1,0.0,36,0.0,5.3,28,-2.4881992827652213,-4.679622242152313
2021-09-11 01:00:00,26.4,92,25.0,0.0,34,0.0,5.4,37,-3.2498011250210608,-4.312631754255381
2021-09-11 02:00:00,26.4,91,24.9,0.0,39,0.0,4.6,51,-3.5748714227020657,-2.894873798829252
2021-09-11 03:00:00,25.9,95,25.0,0.0,36,0.0,4.5,76,-4.366330768241984,-1.0886485301985045
2021-09-11 04:00:00,26.1,92,24.6,0.0,33,0.0,4.0,95,-3.984778792366982,0.3486229709906329
2021-09-11 05:00:00,25.6,93,24.4,0.0,35,0.0,5.6,140,-3.5996106142446207,4.289848881466276
2021-09-11 06:00:00,26.1,91,24.5,0.0,44,0.0,5.4,262,5.34744757120448,0.7515347451843555
2021-09-11 07:00:00,27.3,90,25.4,0.0,52,32.0,3.4,342,1.050657780874822,-3.233592155403522
2021-09-11 08:00:00,28.4,84,25.5,0.0,47,73.0,2.3,39,-1.4474368994146258,-1.7874357113510329
2021-09-11 09:00:00,29.2,81,25.6,0.0,50,173.0,1.5,104,-1.4554435894139948,0.3628828433995016
2021-09-11 10:00:00,29.9,77,25.4,0.0,49,339.0,2.3,129,-1.7874357113510333,1.4474368994146256
2021-09-11 11:00:00,30.4,74,25.2,0.0,52,381.0,4.0,175,-0.3486229709906328,3.984778792366982
2021-09-11 12:00:00,31.1,70,25.0,0.0,46,491.0,5.5,203,2.1490212066910046,5.062776693988422
2021-09-11 13:00:00,31.3,69,24.9,0.0,47,449.0,2.6,214,1.4539015490239415,2.1554976886431088
2021-09-11 14:00:00,31.1,70,25.0,0.0,44,225.0,2.3,288,2.187429987478853,-0.7107390870623785
2021-09-11 15:00:00,30.9,72,25.2,0.0,50,188.0,4.0,333,1.815961998958188,-3.564026096753471
2021-09-11 16:00:00,30.6,73,25.3,0.0,58,50.0,5.5,23,-2.149021206691006,-5.062776693988422
2021-09-11 17:00:00,30.2,75,25.3,0.0,46,28.0,4.2,20,-1.4364846019678086,-3.946709007300816
2021-09-11 18:00:00,29.9,76,25.3,0.0,58,3.0,10.1,325,5.79312200714557,-8.273435647318815
2021-09-11 19:00:00,29.5,79,25.4,0.0,53,0.0,10.1,356,0.7045403848156689,-10.075396907624224
2021-09-11 20:00:00,29.1,82,25.7,0.0,88,0.0,10.1,360,2.473786534277653e-15,-10.1
2021-09-11 21:00:00,28.6,85,25.8,0.0,66,0.0,8.0,350,1.389185421335443,-7.878462024097664
2021-09-11 22:00:00,28.5,85,25.8,0.0,57,0.0,6.6,22,-2.472403516545019,-6.1194134401407965
2021-09-11 23:00:00,28.3,86,25.7,0.0,52,0.0,5.2,56,-4.3109953772862175,-2.9078030980478835
2021-09-12 00:00:00,28.1,87,25.7,0.0,57,0.0,0.7,360,1.7145055188062944e-16,-0.7
2021-09-12 01:00:00,27.8,89,25.8,0.0,57,0.0,5.6,297,4.989636535454861,-2.542346798541461
2021-09-12 02:00:00,27.6,90,25.7,0.2,68,0.0,6.2,306,5.015905365124675,-3.644268564213332
2021-09-12 03:00:00,27.2,93,26.0,1.3,64,0.0,8.6,327,4.683895701129232,-7.212566884330647
2021-09-12 04:00:00,27.2,94,26.1,0.8,76,0.0,8.9,320,5.720809726210202,-6.817795543758902
2021-09-12 05:00:00,27.2,94,26.2,0.4,93,0.0,11.8,320,7.584893794301167,-9.03932442880394
2021-09-12 06:00:00,27.2,95,26.3,0.5,100,0.0,8.4,301,7.200205325897744,-4.326319829244455
2021-09-12 07:00:00,27.3,94,26.3,0.7,86,1.0,15.3,309,11.890333210291654,-9.628601983062516
2021-09-12 08:00:00,27.3,94,26.2,1.7,93,31.0,19.6,316,13.615304060996351,-14.099060086637556
2021-09-12 09:00:00,28.0,90,26.1,1.9,64,86.0,22.4,315,15.839191898578669,-15.83919189857866
2021-09-12 10:00:00,28.0,89,26.0,6.8,100,197.0,22.4,318,14.98852558243842,-16.64644409069363
2021-09-12 11:00:00,27.7,89,25.7,9.0,100,74.0,24.1,325,13.823192116060222,-19.741564267364694
2021-09-12 12:00:00,27.2,90,25.4,15.1,100,9.0,25.1,336,10.209089741202584,-22.929990986829285
2021-09-12 13:00:00,27.1,89,25.2,10.4,100,13.0,24.6,333,11.168166293592856,-21.918760495033847
2021-09-12 14:00:00,26.8,91,25.2,6.9,100,4.0,21.0,325,12.045105163371977,-17.202192930068822
2021-09-12 15:00:00,27.1,87,24.7,9.8,65,174.0,21.9,324,12.872497025205163,-17.717472176811345
2021-09-12 16:00:00,27.4,89,25.4,2.1,84,167.0,19.1,317,13.026168677193718,-13.96885570092616
2021-09-12 17:00:00,27.6,88,25.4,0.7,69,49.0,14.7,329,7.5710597011778,-12.600359320321049
2021-09-12 18:00:00,27.1,90,25.4,1.8,64,14.0,10.0,345,2.588190451025207,-9.659258262890685
2021-09-12 19:00:00,27.0,88,24.9,0.4,59,0.0,8.7,336,3.538608794759461,-7.947845481490628
2021-09-12 20:00:00,26.6,90,24.8,2.3,44,0.0,6.8,335,2.873804179836754,-6.16289295184922
2021-09-12 21:00:00,26.4,91,24.8,0.3,53,0.0,5.4,318,3.613305274337834,-4.012982057577929
2021-09-12 22:00:00,26.3,93,25.0,0.2,55,0.0,5.4,270,5.4,9.919639073093561e-16
2021-09-12 23:00:00,26.3,92,24.9,0.5,34,0.0,5.9,232,4.649263446279661,3.632402704421383
2021-09-13 00:00:00,26.3,93,25.0,0.5,32,0.0,6.9,208,3.239353783222647,6.092338390726596
2021-09-13 01:00:00,26.6,90,24.9,0.4,47,0.0,11.8,192,2.4533579516495623,11.542141688658909
2021-09-13 02:00:00,26.3,92,24.9,0.3,100,0.0,12.0,189,1.8772135804827688,11.852260087141651
2021-09-13 03:00:00,25.8,91,24.3,1.0,100,0.0,11.5,176,-0.8021994480574435,11.47198657798798
2021-09-13 04:00:00,25.5,93,24.3,0.6,89,0.0,9.3,164,-2.563427409098093,8.939733772226367
2021-09-13 05:00:00,25.3,94,24.3,1.4,100,0.0,7.3,169,-1.3929056662487782,7.165878439167947
2021-09-13 06:00:00,25.2,94,24.2,1.2,83,0.0,7.6,199,2.474317973874391,7.185941174554807
2021-09-13 07:00:00,25.4,95,24.6,2.8,93,3.0,8.4,200,2.8729692039356167,7.893418014601631
2021-09-13 08:00:00,25.9,94,24.8,4.4,100,8.0,9.0,196,2.480736202352991,8.65135526344487
2021-09-13 09:00:00,25.9,94,24.9,3.4,100,13.0,10.2,188,1.4195656297926682,10.100734301164016
2021-09-13 10:00:00,26.1,93,24.8,2.3,84,20.0,10.7,168,-2.2246550917500247,10.46617932785172
2021-09-13 11:00:00,27.0,87,24.7,1.8,83,18.0,10.8,159,-3.8703738550892415,10.08266860616978
2021-09-13 12:00:00,27.7,83,24.6,1.8,94,33.0,12.9,153,-5.856477446640155,11.493984162029944
2021-09-13 13:00:00,27.9,82,24.6,1.3,100,20.0,11.8,168,-2.45335795164956,11.542141688658909
2021-09-13 14:00:00,27.8,85,25.1,6.0,100,35.0,11.5,176,-0.8021994480574435,11.47198657798798
2021-09-13 15:00:00,27.3,87,24.9,2.6,77,1.0,9.0,178,-0.3140954703225103,8.994517443171862
2021-09-13 16:00:00,27.0,90,25.2,3.2,100,8.0,9.7,165,-2.510544737494454,9.36948051500396
2021-09-13 17:00:00,26.9,89,25.0,0.9,54,0.0,8.4,160,-2.8729692039356185,7.893418014601631
2021-09-13 18:00:00,27.0,88,24.8,0.0,41,0.0,7.0,145,-4.0150350544573215,5.734064310022943
2021-09-13 19:00:00,26.8,88,24.7,0.0,46,0.0,8.9,166,-2.153104870837043,8.635631963856369
2021-09-13 20:00:00,26.6,88,24.5,0.0,35,0.0,10.6,162,-3.275580140374444,10.081199072728626
2021-09-13 21:00:00,26.2,90,24.4,1.3,41,0.0,11.8,160,-4.035837691242893,11.08837292527372
2021-09-13 22:00:00,26.1,90,24.2,0.7,38,0.0,12.9,162,-3.986319227436823,12.26862906020748
2021-09-13 23:00:00,26.1,89,24.1,0.0,46,0.0,13.0,161,-4.232386007943036,12.29174148279112
2021-09-14 00:00:00,26.1,89,24.1,0.0,54,0.0,12.9,167,-2.901868601035861,12.569373835729534
2021-09-14 01:00:00,25.8,91,24.1,0.1,67,0.0,12.8,169,-2.442355140819776,12.5648279481301
2021-09-14 02:00:00,25.6,92,24.1,0.1,74,0.0,9.8,174,-1.0243789400230068,9.746314574609078
2021-09-14 03:00:00,25.7,91,24.1,1.2,78,0.0,7.4,166,-1.790222027437541,7.180188374442374
2021-09-14 04:00:00,25.6,91,24.0,1.3,100,0.0,7.3,160,-2.496747046277383,6.8597561317371305
2021-09-14 05:00:00,25.3,92,23.9,1.7,100,0.0,6.4,164,-1.764079077228795,6.1520748540052415
2021-09-14 06:00:00,25.1,93,23.8,2.2,63,0.0,6.4,142,-3.9402334420842138,5.043268823083021
2021-09-14 07:00:00,25.1,94,24.0,1.7,80,9.0,7.3,171,-1.1419715947936862,7.210124886344505
2021-09-14 08:00:00,25.6,92,24.2,1.8,73,28.0,4.7,180,-5.755839955992562e-16,4.7
2021-09-14 09:00:00,26.3,87,24.0,1.0,69,102.0,6.4,196,1.7640790772287938,6.1520748540052415
2021-09-14 10:00:00,26.9,86,24.4,0.5,98,212.0,8.0,207,3.631923997916373,7.128052193506943
2021-09-14 11:00:00,27.4,86,24.8,0.6,100,295.0,8.7,210,4.3500000000000005,7.534421012924615
2021-09-14 12:00:00,28.3,84,25.2,0.0,100,346.0,9.8,216,5.760295472466236,7.928366544874485
2021-09-14 13:00:00,28.8,84,25.8,0.0,100,390.0,9.7,225,6.85893577750951,6.858935777509512
2021-09-14 14:00:00,29.1,84,26.2,0.1,100,345.0,8.2,229,6.18861855782673,5.379684037722159
2021-09-14 15:00:00,29.6,85,26.8,1.5,90,342.0,8.8,235,7.208537989743126,5.047472639889208
2021-09-14 16:00:00,29.0,83,25.7,1.4,94,103.0,8.1,238,6.86918957886705,4.292346040288961
2021-09-14 17:00:00,28.6,86,25.9,1.0,59,24.0,7.1,229,5.358438019581681,4.658019105832602
2021-09-14 18:00:00,27.5,90,25.6,3.2,92,10.0,2.9,180,-3.5514757175273243e-16,2.9
2021-09-14 19:00:00,26.8,92,25.4,4.8,79,0.0,5.8,184,0.4045875477159266,5.78587149150698
2021-09-14 20:00:00,26.3,93,25.0,3.6,59,0.0,6.9,174,-0.7212463965468108,6.862201078041086
2021-09-14 21:00:00,26.0,94,24.9,3.2,64,0.0,6.9,171,-1.0793978087775935,6.81504955010645
2021-09-14 22:00:00,25.8,94,24.7,1.7,76,0.0,7.0,168,-1.4553818357243151,6.84703320513664
2021-09-14 23:00:00,25.8,93,24.7,0.3,71,0.0,6.2,159,-2.221881287180861,5.788198644282651
2021-09-15 00:00:00,25.8,93,24.6,0.3,72,0.0,6.7,164,-1.8467702839738949,6.440453362786736
2021-09-15 01:00:00,25.6,93,24.5,0.1,57,0.0,6.2,159,-2.221881287180861,5.788198644282651
2021-09-15 02:00:00,25.5,93,24.3,0.2,46,0.0,6.3,149,-3.2447398719333425,5.400153994423307
2021-09-15 03:00:00,25.3,93,24.1,0.8,49,0.0,6.5,146,-3.634753872559855,5.38874422160777
2021-09-15 04:00:00,25.4,92,24.0,0.0,63,0.0,6.3,149,-3.2447398719333425,5.400153994423307
2021-09-15 05:00:00,25.5,91,24.0,0.0,92,0.0,5.7,145,-3.269385687200962,4.669166652447254
2021-09-15 06:00:00,25.4,92,24.1,0.0,45,0.0,4.7,176,-0.32785542659739,4.688551036221174
2021-09-15 07:00:00,26.3,89,24.4,0.0,47,23.0,3.1,126,-2.5079526825623373,1.8221342821066664
2021-09-15 08:00:00,27.4,83,24.4,0.0,43,144.0,1.6,153,-0.7263847995832751,1.4256104387013886
2021-09-15 09:00:00,28.4,81,24.9,0.0,29,276.0,3.1,225,2.192031021678297,2.192031021678298
2021-09-15 10:00:00,29.3,79,25.2,0.0,27,462.0,4.5,256,4.366330768241984,1.088648530198505
2021-09-15 11:00:00,29.8,77,25.2,0.0,59,420.0,6.1,270,6.1,1.120551821219828e-15
2021-09-15 12:00:00,30.1,77,25.6,0.1,48,567.0,6.8,273,6.790680836331102,-0.3558845024520188
2021-09-15 13:00:00,30.2,79,26.1,0.0,45,563.0,6.3,283,6.1385314081469815,-1.4171916423663489
2021-09-15 14:00:00,30.3,79,26.3,0.1,46,497.0,6.5,276,6.464392319893777,-0.6794350112397444
2021-09-15 15:00:00,30.1,82,26.7,0.0,49,240.0,7.3,261,7.210124886344505,1.1419715947936866
2021-09-15 16:00:00,29.2,83,26.1,1.3,49,102.0,7.7,233,6.149493427364155,4.633975678270772
2021-09-15 17:00:00,28.6,85,25.9,0.8,63,25.0,7.8,202,2.921931428644114,7.232034065620942
2021-09-15 18:00:00,27.7,87,25.3,1.6,82,2.0,6.6,171,-1.0324674692655245,6.5187430479279085
2021-09-15 19:00:00,27.0,91,25.4,0.5,90,0.0,6.4,142,-3.9402334420842138,5.043268823083021
2021-09-15 20:00:00,26.7,91,25.1,0.0,82,0.0,7.1,139,-4.658019105832602,5.358438019581681
2021-09-15 21:00:00,26.3,92,25.0,0.1,76,0.0,6.3,149,-3.2447398719333425,5.400153994423307
2021-09-15 22:00:00,26.1,93,24.8,0.1,61,0.0,5.9,142,-3.6324027044213847,4.64926344627966
2021-09-15 23:00:00,26.0,91,24.5,0.5,40,0.0,5.7,125,-4.669166652447252,3.269385687200963
2021-09-16 00:00:00,25.7,91,24.2,0.9,32,0.0,5.3,118,-4.679622242152313,2.4881992827652217
2021-09-16 01:00:00,25.4,93,24.2,0.3,29,0.0,5.4,138,-3.613305274337835,4.012982057577928
2021-09-16 02:00:00,25.3,93,24.1,0.1,27,0.0,4.6,162,-1.4214781741247584,4.3748599749577055
2021-09-16 03:00:00,25.5,91,23.9,0.0,25,0.0,5.5,169,-1.0494494745709972,5.398949508962152
2021-09-16 04:00:00,25.4,91,23.9,0.0,23,0.0,5.8,176,-0.404587547715928,5.78587149150698
2021-09-16 05:00:00,25.3,92,23.9,0.0,23,0.0,7.9,180,-9.67470971326409e-16,7.9
2021-09-16 06:00:00,25.2,94,24.1,0.0,15,0.0,6.1,180,-7.470345474798854e-16,6.1
2021-09-16 07:00:00,26.0,91,24.5,0.0,33,44.0,4.0,180,-4.898587196589413e-16,4.0
2021-09-16 08:00:00,27.4,85,24.6,0.0,14,197.0,4.0,190,0.6945927106677219,3.939231012048832
2021-09-16 09:00:00,28.3,81,24.8,0.0,22,378.0,3.4,162,-1.0506577808748214,3.233592155403522
2021-09-16 10:00:00,28.9,79,24.8,0.0,20,451.0,2.7,157,-1.0549740469210394,2.485363104321589
2021-09-16 11:00:00,29.7,75,24.8,0.0,26,609.0,3.8,197,1.1110124779463997,3.633958072659535
2021-09-16 12:00:00,30.1,75,25.2,0.0,16,650.0,4.9,216,2.880147736233118,3.9641832724372423
2021-09-16 13:00:00,30.3,74,25.2,0.1,21,606.0,6.6,221,4.3299895913373465,4.981083229470296
2021-09-16 14:00:00,29.6,77,25.1,2.1,47,518.0,8.1,225,5.727564927611034,5.727564927611036
2021-09-16 15:00:00,29.8,78,25.5,0.4,43,461.0,8.9,223,6.069785404556236,6.509047944410618
2021-09-16 16:00:00,28.9,78,24.7,2.1,63,189.0,7.9,204,3.2132194802988217,7.217009115376547
2021-09-16 17:00:00,28.1,82,24.8,1.2,62,77.0,5.4,172,-0.7515347451843528,5.34744757120448
2021-09-16 18:00:00,27.5,85,24.7,0.1,48,15.0,5.1,98,-5.050367150582009,0.7097828148963332
2021-09-16 19:00:00,27.3,85,24.7,0.0,32,0.0,6.3,114,-5.755336383148386,2.5624408513775414
2021-09-16 20:00:00,27.3,85,24.6,0.0,10,0.0,7.3,160,-2.496747046277383,6.8597561317371305
2021-09-16 21:00:00,27.0,87,24.7,0.0,4,0.0,7.1,165,-1.837615220227899,6.858073366652384
2021-09-16 22:00:00,26.9,88,24.7,0.0,2,0.0,7.8,167,-1.7546182238821486,7.600086505324834
2021-09-16 23:00:00,26.8,89,24.7,0.0,3,0.0,8.8,161,-2.8649997592229783,8.320563465273988
2021-09-17 00:00:00,26.5,90,24.6,0.0,4,0.0,9.2,154,-4.033014550459511,8.268905225952336
2021-09-17 01:00:00,26.2,90,24.5,0.0,4,0.0,7.2,143,-4.333068166694747,5.750175672340509
2021-09-17 02:00:00,25.9,91,24.3,0.0,5,0.0,5.6,130,-4.289848881466277,3.5996106142446203
2021-09-17 03:00:00,26.0,89,24.0,0.1,18,0.0,5.5,113,-5.062776693988422,2.149021206691006
2021-09-17 04:00:00,25.8,89,23.9,0.1,20,0.0,4.4,125,-3.604268994871564,2.5237363199446032
2021-09-17 05:00:00,25.7,90,23.9,0.1,17,0.0,6.5,199,2.116193003971519,6.145870741395559
2021-09-17 06:00:00,25.6,91,23.9,0.0,27,0.0,5.9,227,4.314986839553106,4.023790324368742
2021-09-17 07:00:00,26.4,90,24.7,0.0,14,46.0,4.7,189,0.7352419856890845,4.642135200797148
2021-09-17 08:00:00,27.5,86,24.9,0.0,17,155.0,4.5,194,1.0886485301985038,4.366330768241984
2021-09-17 09:00:00,28.4,82,25.0,0.0,21,368.0,5.2,205,2.197614961051636,4.71280049259058
2021-09-17 10:00:00,29.3,78,25.1,0.0,17,548.0,4.2,211,2.163159914622228,3.600102662948872
2021-09-17 11:00:00,29.8,76,25.1,0.0,16,560.0,3.8,229,2.8678964048465336,2.493024310163928
2021-09-17 12:00:00,30.2,74,25.2,0.1,14,639.0,4.7,261,4.642135200797148,0.7352419856890859
2021-09-17 13:00:00,30.5,73,25.2,0.1,27,697.0,6.1,270,6.1,1.120551821219828e-15
2021-09-17 14:00:00,30.4,75,25.4,0.0,51,566.0,7.4,284,7.180188374442375,-1.790222027437539
2021-09-17 15:00:00,30.2,73,24.8,0.2,28,436.0,5.2,295,4.71280049259058,-2.197614961051638
2021-09-17 16:00:00,29.2,76,24.4,0.4,35,288.0,1.5,284,1.4554435894139948,-0.3628828433995011
2021-09-17 17:00:00,28.4,79,24.4,1.0,48,114.0,2.2,189,0.3441558230885076,2.1729143493093037
2021-09-17 18:00:00,27.8,82,24.5,0.2,50,18.0,0.0,180,-0.0,0.0
2021-09-17 19:00:00,27.4,85,24.6,0.0,53,0.0,3.4,108,-3.2335921554035223,1.050657780874821
2021-09-17 20:00:00,26.9,88,24.8,0.0,39,0.0,4.0,80,-3.939231012048832,-0.6945927106677217
2021-09-17 21:00:00,26.5,91,25.0,0.0,36,0.0,4.6,72,-4.3748599749577055,-1.4214781741247582
2021-09-17 22:00:00,26.4,91,24.9,0.0,25,0.0,3.7,79,-3.632020578756357,-0.7059932828932162
2021-09-17 23:00:00,26.5,90,24.8,0.0,24,0.0,2.9,83,-2.8783838397598336,-0.3534210958749277
2021-09-18 00:00:00,26.4,90,24.6,0.0,17,0.0,3.5,66,-3.197409101749103,-1.4235782507653008
2021-09-18 01:00:00,26.1,91,24.6,0.0,17,0.0,3.6,45,-2.5455844122715714,-2.5455844122715714
2021-09-18 02:00:00,25.9,92,24.5,0.0,16,0.0,3.9,34,-2.180852323535913,-3.233246532964663
2021-09-18 03:00:00,26.4,89,24.3,0.0,23,0.0,4.5,29,-2.1816432911085166,-3.935788682127281
2021-09-18 04:00:00,25.9,91,24.3,0.0,21,0.0,5.2,25,-2.197614961051637,-4.71280049259058
2021-09-18 05:00:00,25.5,92,24.2,0.0,19,0.0,5.2,12,-1.0811407922523486,-5.08636752381579
2021-09-18 06:00:00,25.5,92,24.1,0.0,12,0.0,6.2,350,1.0766187015349684,-6.10580806867569
2021-09-18 07:00:00,27.0,88,24.8,0.0,6,54.0,8.8,351,1.3766232923540338,-8.691657397237211
2021-09-18 08:00:00,28.2,82,24.9,0.0,2,223.0,9.8,354,1.0243789400230034,-9.746314574609078
2021-09-18 09:00:00,29.0,80,25.2,0.0,0,417.0,10.1,358,0.3524849166952583,-10.093847352892867
2021-09-18 10:00:00,29.9,76,25.2,0.0,4,581.0,10.5,356,0.7324429743133192,-10.474422527728152
2021-09-18 11:00:00,30.4,73,25.1,0.1,18,678.0,10.8,345,2.7952456871072235,-10.431998923921938
2021-09-18 12:00:00,30.4,73,25.1,0.0,16,677.0,12.1,333,5.493285046848518,-10.781178942679247
2021-09-18 13:00:00,30.3,74,25.0,0.0,13,568.0,13.5,335,5.70534653349944,-12.235155124994776
2021-09-18 14:00:00,30.3,73,25.0,0.1,26,547.0,13.1,351,2.0492914920270278,-12.938717261796302
2021-09-18 15:00:00,30.2,72,24.7,0.0,35,375.0,12.7,353,1.5477406612453697,-12.60533612584479
2021-09-18 16:00:00,30.0,73,24.7,0.0,24,272.0,10.4,358,0.3629547657060086,-10.393664600998596
2021-09-18 17:00:00,29.6,75,24.8,0.0,17,100.0,8.3,360,2.0329136865846065e-15,-8.3
2021-09-18 18:00:00,29.0,78,24.8,0.0,19,20.0,7.6,8,-1.0577155672964973,-7.5260373224359345
2021-09-18 19:00:00,28.4,82,25.0,0.0,10,0.0,8.5,12,-1.7672493719509543,-8.314254606237348
2021-09-18 20:00:00,27.7,86,25.2,0.0,16,0.0,8.0,18,-2.472135954999579,-7.608452130361228
2021-09-18 21:00:00,27.1,90,25.3,0.0,10,0.0,6.0,25,-2.5357095704441965,-5.437846722219899
2021-09-18 22:00:00,26.9,91,25.3,0.0,13,0.0,3.1,45,-2.192031021678297,-2.192031021678297
2021-09-18 23:00:00,27.4,88,25.2,0.0,13,0.0,2.7,113,-2.4853631043215887,1.0549740469210394
2021-09-19 00:00:00,27.4,88,25.1,0.0,19,0.0,4.1,142,-2.5242120488352,3.2308440897875594
2021-09-19 01:00:00,27.2,88,25.0,0.0,16,0.0,5.1,141,-3.2095339943541705,3.963444403430551
2021-09-19 02:00:00,26.9,88,24.8,0.0,11,0.0,3.8,131,-2.867896404846534,2.493024310163927
2021-09-19 03:00:00,27.1,86,24.6,0.0,17,0.0,1.5,104,-1.4554435894139948,0.3628828433995016
2021-09-19 04:00:00,26.5,88,24.4,0.0,14,0.0,2.0,45,-1.4142135623730951,-1.4142135623730951
2021-09-19 05:00:00,25.4,94,24.3,0.0,14,0.0,2.3,18,-0.710739087062379,-2.1874299874788528
2021-09-19 06:00:00,24.8,96,24.1,0.0,17,0.0,4.7,360,1.1511679911985121e-15,-4.7
2021-09-19 07:00:00,26.5,93,25.4,0.0,15,43.0,5.8,356,0.4045875477159287,-5.78587149150698
2021-09-19 08:00:00,28.4,84,25.4,0.0,5,177.0,5.9,349,1.1257730727216135,-5.791600382341218
2021-09-19 09:00:00,29.2,80,25.4,0.0,5,383.0,6.4,344,1.764079077228793,-6.1520748540052415
2021-09-19 10:00:00,30.0,76,25.2,0.0,2,562.0,6.8,335,2.873804179836754,-6.16289295184922
2021-09-19 11:00:00,30.5,73,25.0,0.0,1,674.0,7.7,319,5.051654523226907,-5.811263767715344
2021-09-19 12:00:00,30.8,71,25.0,0.0,6,703.0,8.4,313,6.143371093601031,-5.728786224524988
2021-09-19 13:00:00,30.7,71,24.9,0.0,9,569.0,8.7,308,6.855693556378479,-5.356254835333228
2021-09-19 14:00:00,30.5,72,24.9,0.0,7,504.0,7.1,319,4.658019105832603,-5.35843801958168
2021-09-19 15:00:00,30.4,71,24.6,0.0,13,410.0,3.6,354,0.3763024677635523,-3.580278823325784
2021-09-19 16:00:00,30.2,72,24.7,0.0,20,234.0,3.7,29,-1.7937955949114472,-3.2360929164157644
2021-09-19 17:00:00,29.9,74,24.7,0.0,14,124.0,1.3,326,0.7269507745119705,-1.0777488443215544
2021-09-19 18:00:00,29.4,79,25.3,0.0,15,25.0,3.4,328,1.801725498392897,-2.883363526931848
2021-09-19 19:00:00,29.0,78,24.8,0.0,13,0.0,0.4,270,0.4,7.347880794884119e-17
2021-09-19 20:00:00,28.1,85,25.3,0.0,10,0.0,4.7,176,-0.32785542659739,4.688551036221174
2021-09-19 21:00:00,27.2,90,25.3,0.0,5,0.0,5.1,219,3.2095339943541714,3.963444403430551
2021-09-19 22:00:00,27.0,90,25.3,0.0,6,0.0,2.7,203,1.054974046921039,2.485363104321589
2021-09-19 23:00:00,27.1,89,25.2,0.0,13,0.0,2.9,120,-2.511473670974872,1.4499999999999993
2021-09-20 00:00:00,27.4,88,25.2,0.0,2,0.0,4.7,113,-4.326372811226469,1.836436303899587
2021-09-20 01:00:00,27.7,86,25.1,0.0,3,0.0,3.8,107,-3.633958072659535,1.1110124779463992
2021-09-20 02:00:00,27.5,87,25.1,0.0,5,0.0,4.9,126,-3.9641832724372423,2.880147736233118
2021-09-20 03:00:00,25.7,93,24.4,0.0,5,0.0,4.3,132,-3.195522749552795,2.8772616073430903
2021-09-20 04:00:00,26.2,91,24.6,0.0,3,0.0,2.4,117,-2.138415658052083,1.0895771993749122
2021-09-20 05:00:00,25.7,93,24.4,0.0,12,0.0,1.8,79,-1.7669289302057951,-0.3434561916777808
2021-09-20 06:00:00,24.8,96,24.1,0.0,24,0.0,3.9,22,-1.460965714322057,-3.616017032810471
2021-09-20 07:00:00,26.5,93,25.3,0.0,17,48.0,6.0,33,-3.2678342100901627,-5.032023407672544
2021-09-20 08:00:00,28.4,85,25.6,0.0,3,200.0,6.0,17,-1.7542302283364206,-5.737828535778212
2021-09-20 09:00:00,29.4,77,25.1,0.0,2,416.0,7.6,357,0.3977532674463772,-7.589584464134761
2021-09-20 10:00:00,30.1,73,24.8,0.0,2,577.0,8.0,342,2.4721359549995814,-7.608452130361228
2021-09-20 11:00:00,30.6,71,24.8,0.0,1,693.0,8.4,329,4.326319829244458,-7.200205325897742
2021-09-20 12:00:00,30.9,71,25.0,0.0,1,720.0,9.3,324,5.466402846320003,-7.52385804768701
2021-09-20 13:00:00,30.9,71,25.1,0.0,3,641.0,9.8,324,5.76029547246624,-7.928366544874485
2021-09-20 14:00:00,30.7,72,25.1,0.0,5,491.0,9.7,321,6.104407793183427,-7.538315826132614
2021-09-20 15:00:00,30.4,74,25.1,0.0,4,400.0,7.7,319,5.051654523226907,-5.811263767715344
2021-09-20 16:00:00,30.1,75,25.1,0.0,11,255.0,3.2,333,1.4527695991665504,-2.851220877402777
2021-09-20 17:00:00,29.8,75,25.0,0.0,15,123.0,2.6,304,2.1554976886431083,-1.4539015490239422
2021-09-20 18:00:00,29.3,80,25.5,0.0,15,23.0,5.9,313,4.3149868395531055,-4.023790324368742
2021-09-20 19:00:00,28.7,83,25.6,0.0,19,0.0,5.2,286,4.998560818879258,-1.4333142502483969
2021-09-20 20:00:00,28.0,86,25.5,0.0,28,0.0,2.4,207,1.089577199374912,2.138415658052083
2021-09-20 21:00:00,27.1,90,25.4,0.0,22,0.0,4.1,142,-2.5242120488352,3.2308440897875594
2021-09-20 22:00:00,27.0,90,25.3,0.0,16,0.0,5.9,133,-4.314986839553106,4.023790324368741
2021-09-20 23:00:00,26.9,91,25.3,0.0,13,0.0,5.6,135,-3.9597979746446654,3.9597979746446654
2021-09-21 00:00:00,26.9,91,25.2,0.0,10,0.0,6.6,151,-3.1997434936258253,5.772490067120011
2021-09-21 01:00:00,27.0,90,25.3,0.0,4,0.0,7.3,160,-2.496747046277383,6.8597561317371305
2021-09-21 02:00:00,26.9,91,25.3,0.0,3,0.0,8.4,160,-2.8729692039356185,7.893418014601631
2021-09-21 03:00:00,26.7,90,24.9,0.0,4,0.0,7.4,151,-3.587591189822896,6.472185832831529
2021-09-21 04:00:00,26.3,91,24.8,0.0,10,0.0,5.6,135,-3.9597979746446654,3.9597979746446654
2021-09-21 05:00:00,25.8,94,24.7,0.0,12,0.0,2.5,135,-1.7677669529663689,1.7677669529663689
2021-09-21 06:00:00,25.4,95,24.6,0.0,34,0.0,3.1,45,-2.192031021678297,-2.192031021678297
2021-09-21 07:00:00,26.9,90,25.2,0.0,19,45.0,4.4,35,-2.523736319944603,-3.604268994871564
2021-09-21 08:00:00,28.7,82,25.3,0.0,3,196.0,4.7,4,-0.3278554265973889,-4.688551036221174
2021-09-21 09:00:00,29.5,79,25.4,0.0,16,388.0,6.7,344,1.8467702839738929,-6.440453362786736
2021-09-21 10:00:00,30.1,75,25.2,0.0,22,486.0,8.2,331,3.9754388860199614,-7.171881598543045
2021-09-21 11:00:00,30.6,73,25.2,0.1,41,604.0,9.9,316,6.877117867544077,-7.121464023352644
2021-09-21 12:00:00,30.5,74,25.3,0.3,55,558.0,11.2,327,6.099957192168302,-9.393110360988748
2021-09-21 13:00:00,30.4,76,25.6,0.2,62,497.0,9.0,337,3.516580156403465,-8.284543681071963
2021-09-21 14:00:00,30.1,76,25.4,0.2,78,398.0,8.0,333,3.631923997916376,-7.128052193506942
2021-09-21 15:00:00,29.7,78,25.4,0.0,45,327.0,5.4,340,1.8469087739586103,-5.074340152243906
2021-09-21 16:00:00,29.2,79,25.2,0.6,40,235.0,1.9,338,0.7117525274902334,-1.7616493236768958
2021-09-21 17:00:00,28.7,80,25.0,0.5,36,101.0,2.5,188,0.3479327524001638,2.475670171853926
2021-09-21 18:00:00,28.5,81,24.8,0.0,29,17.0,2.2,180,-2.694222958124177e-16,2.2
2021-09-21 19:00:00,28.0,84,25.0,0.0,20,0.0,3.6,180,-4.4087284769304716e-16,3.6
2021-09-21 20:00:00,27.5,87,25.1,0.0,8,0.0,5.1,172,-0.7097828148963331,5.050367150582009
2021-09-21 21:00:00,27.0,90,25.2,0.0,5,0.0,5.9,191,1.125773072721614,5.791600382341218
2021-09-21 22:00:00,26.9,90,25.1,0.0,1,0.0,6.5,180,-7.960204194457795e-16,6.5
2021-09-21 23:00:00,27.0,89,25.1,0.0,1,0.0,8.4,173,-1.0237024846032394,8.337387673787106
2021-09-22 00:00:00,26.9,90,25.2,0.0,2,0.0,5.5,157,-2.149021206691006,5.062776693988422
2021-09-22 01:00:00,26.4,93,25.2,0.0,2,0.0,4.3,138,-2.8772616073430908,3.1955227495527945
2021-09-22 02:00:00,25.8,96,25.0,0.0,22,0.0,2.6,124,-2.1554976886431088,1.4539015490239415
2021-09-22 03:00:00,25.2,96,24.5,0.0,24,0.0,2.5,90,-2.5,-1.5308084989341916e-16
2021-09-22 04:00:00,24.9,96,24.2,0.0,26,0.0,3.5,66,-3.197409101749103,-1.4235782507653008
2021-09-22 05:00:00,24.8,96,24.1,0.0,25,0.0,4.6,51,-3.5748714227020657,-2.894873798829252
2021-09-22 06:00:00,24.8,96,24.0,0.0,28,0.0,6.0,33,-3.2678342100901627,-5.032023407672544
2021-09-22 07:00:00,26.2,92,24.8,0.0,18,48.0,8.2,23,-3.2039952536120446,-7.54813979831001
2021-09-22 08:00:00,28.2,85,25.4,0.0,3,206.0,7.8,13,-1.754618223882147,-7.600086505324834
2021-09-22 09:00:00,29.2,79,25.2,0.0,3,361.0,9.8,6,-1.024378940023004,-9.746314574609078
2021-09-22 10:00:00,30.0,75,25.1,0.0,3,561.0,10.4,360,2.547265342226495e-15,-10.4
2021-09-22 11:00:00,30.5,73,25.0,0.0,6,640.0,10.9,351,1.7051356689385189,-10.765802912487
2021-09-22 12:00:00,30.4,72,24.8,0.1,12,656.0,11.6,344,3.1973933274771875,-11.1506356728845
2021-09-22 13:00:00,30.3,74,25.2,0.1,11,611.0,12.0,351,1.8772135804827728,-11.852260087141651
2021-09-22 14:00:00,29.8,77,25.2,0.4,29,429.0,11.9,357,0.622797879291038,-11.88369146357943
2021-09-22 15:00:00,30.3,73,24.9,0.0,16,324.0,9.7,358,0.3385251180142579,-9.694091022085228
2021-09-22 16:00:00,30.3,73,24.8,0.0,15,217.0,7.6,5,-0.662383644882202,-7.571079705497266
2021-09-22 17:00:00,30.0,75,25.0,0.0,12,120.0,6.5,360,1.5920408388915589e-15,-6.5
2021-09-22 18:00:00,29.4,77,25.0,0.0,13,21.0,8.1,339,2.902780391316936,-7.562001454627332
2021-09-22 19:00:00,28.8,82,25.3,0.0,10,0.0,8.0,342,2.4721359549995814,-7.608452130361228
2021-09-22 20:00:00,28.1,85,25.4,0.0,10,0.0,7.6,360,1.8614631347039767e-15,-7.6
2021-09-22 21:00:00,27.7,88,25.5,0.0,11,0.0,7.1,24,-2.887830165838181,-6.486172749262466
2021-09-22 22:00:00,28.3,84,25.3,0.0,20,0.0,2.7,67,-2.485363104321589,-1.0549740469210391
2021-09-22 23:00:00,27.6,87,25.2,0.1,26,0.0,4.6,141,-2.894873798829252,3.5748714227020657
2021-09-23 00:00:00,26.5,93,25.2,0.0,39,0.0,5.6,165,-1.4493866525741177,5.409184627218782
2021-09-23 01:00:00,25.7,96,25.1,0.0,37,0.0,5.4,180,-6.613092715395707e-16,5.4
2021-09-23 02:00:00,25.7,97,25.2,0.0,39,0.0,6.2,190,1.0766187015349689,6.10580806867569
2021-09-23 03:00:00,26.6,93,25.4,0.0,93,0.0,1.0,135,-0.7071067811865476,0.7071067811865475
2021-09-23 04:00:00,25.9,95,25.0,0.0,51,0.0,1.9,68,-1.761649323676896,-0.7117525274902327
2021-09-23 05:00:00,25.3,97,24.8,0.0,87,0.0,1.8,37,-1.083267041673687,-1.437543918085127
2021-09-23 06:00:00,25.3,98,24.9,0.0,22,0.0,5.1,8,-0.7097828148963337,-5.050367150582009
2021-09-23 07:00:00,26.4,93,25.2,0.0,29,30.0,4.9,17,-1.4326213531414105,-4.685893304218874
2021-09-23 08:00:00,28.0,86,25.4,0.0,18,124.0,4.8,347,1.0797650608505536,-4.6769763109691285
2021-09-23 09:00:00,29.1,81,25.5,0.0,17,335.0,7.2,333,3.2687315981247385,-6.415246974156248
2021-09-23 10:00:00,29.8,77,25.2,0.0,5,513.0,7.4,331,3.587591189822893,-6.47218583283153
2021-09-23 11:00:00,30.2,73,24.9,0.0,24,621.0,7.4,317,5.046787864462488,-5.412017391981864
2021-09-23 12:00:00,30.3,73,25.0,0.0,40,498.0,7.9,321,4.971631089293719,-6.139453095510068
2021-09-23 13:00:00,30.4,73,24.9,0.0,45,414.0,7.8,338,2.921931428644116,-7.232034065620941
2021-09-23 14:00:00,30.5,72,24.9,0.0,45,417.0,6.9,354,0.7212463965468086,-6.862201078041086
2021-09-23 15:00:00,30.3,74,25.2,0.2,50,392.0,6.2,353,0.7555899291119128,-6.153786140176197
2021-09-23 16:00:00,29.8,75,24.9,0.6,32,236.0,4.7,356,0.3278554265973905,-4.688551036221174
2021-09-23 17:00:00,29.5,77,24.9,0.0,23,124.0,4.2,340,1.436484601967808,-3.946709007300816
2021-09-23 18:00:00,29.1,78,24.9,0.0,41,15.0,5.4,352,0.7515347451843558,-5.34744757120448
2021-09-23 19:00:00,28.5,83,25.4,0.0,40,0.0,3.7,29,-1.7937955949114472,-3.2360929164157644
2021-09-23 20:00:00,28.3,85,25.4,0.0,34,0.0,3.1,69,-2.8940993221413254,-1.1109406435904312
2021-09-23 21:00:00,27.4,89,25.5,0.0,34,0.0,4.7,86,-4.688551036221174,-0.3278554265973886
2021-09-23 22:00:00,26.7,93,25.4,0.0,29,0.0,6.5,93,-6.49109197590473,0.3401837155791349
2021-09-23 23:00:00,26.5,93,25.3,0.0,28,0.0,7.6,93,-7.589584464134761,0.3977532674463732
2021-09-24 00:00:00,26.2,94,25.1,0.0,16,0.0,5.4,94,-5.386845871403051,0.3766849582182768
2021-09-24 01:00:00,25.9,94,24.9,0.2,13,0.0,2.9,90,-2.9,-1.7757378587636622e-16
2021-09-24 02:00:00,26.0,92,24.7,0.0,15,0.0,2.5,90,-2.5,-1.5308084989341916e-16
2021-09-24 03:00:00,25.1,95,24.2,0.0,22,0.0,2.5,90,-2.5,-1.5308084989341916e-16
2021-09-24 04:00:00,24.7,96,24.1,0.0,21,0.0,3.0,76,-2.910887178827989,-0.725765686799003
2021-09-24 05:00:00,24.7,96,24.0,0.0,27,0.0,3.9,68,-3.616017032810471,-1.460965714322057
2021-09-24 06:00:00,24.6,96,23.9,0.0,27,0.0,5.3,62,-4.679622242152313,-2.4881992827652213
2021-09-24 07:00:00,25.7,90,24.0,0.0,20,20.0,5.4,86,-5.386845871403051,-0.3766849582182763
2021-09-24 08:00:00,27.4,82,24.0,0.0,7,130.0,1.1,108,-1.046162167924669,0.3399186938124421
2021-09-24 09:00:00,28.7,78,24.5,0.0,6,354.0,1.8,270,1.8,3.306546357697853e-16
2021-09-24 10:00:00,29.5,76,24.8,0.0,2,548.0,3.4,302,2.8833635269318485,-1.801725498392896
2021-09-24 11:00:00,29.9,75,24.9,0.0,10,630.0,5.2,304,4.310995377286217,-2.9078030980478844
2021-09-24 12:00:00,30.1,73,24.7,0.1,33,622.0,6.4,333,2.9055391983331007,-5.702441754805554
2021-09-24 13:00:00,30.2,72,24.6,0.0,47,515.0,6.2,7,-0.7555899291119144,-6.153786140176196
2021-09-24 14:00:00,29.6,75,24.6,0.2,50,415.0,4.4,9,-0.6883116461770159,-4.345828698618607
2021-09-24 15:00:00,29.9,73,24.6,0.0,43,251.0,5.1,352,0.709782814896336,-5.050367150582008
2021-09-24 16:00:00,29.4,75,24.6,0.0,33,145.0,4.8,42,-3.2118269105225195,-3.5670951622914924
2021-09-24 17:00:00,29.1,77,24.6,0.0,33,81.0,5.6,75,-5.409184627218783,-1.449386652574116
2021-09-24 18:00:00,28.6,79,24.6,0.0,16,13.0,3.2,90,-3.2,-1.9594348786357647e-16
2021-09-24 19:00:00,27.8,85,25.0,0.0,11,0.0,4.9,107,-4.685893304218874,1.4326213531414098
2021-09-24 20:00:00,27.0,91,25.3,0.0,8,0.0,5.1,129,-3.963444403430552,3.20953399435417
2021-09-24 21:00:00,26.8,91,25.1,0.0,8,0.0,5.4,143,-3.2498011250210603,4.312631754255382
2021-09-24 22:00:00,26.4,92,25.0,0.0,10,0.0,5.6,140,-3.5996106142446207,4.289848881466276
2021-09-24 23:00:00,26.2,93,24.9,0.0,11,0.0,5.9,142,-3.6324027044213847,4.64926344627966
2021-09-25 00:00:00,27.0,88,24.8,0.0,11,0.0,5.7,145,-3.269385687200962,4.669166652447254
2021-09-25 01:00:00,26.8,87,24.5,0.1,9,0.0,4.3,132,-3.195522749552795,2.8772616073430903
2021-09-25 02:00:00,26.9,86,24.4,0.0,11,0.0,3.7,119,-3.236092916415765,1.793795594911447
2021-09-25 03:00:00,25.1,93,23.9,0.0,11,0.0,4.3,114,-3.928245467863184,1.748967565225941
2021-09-25 04:00:00,25.0,93,23.8,0.0,15,0.0,4.3,114,-3.928245467863184,1.748967565225941
2021-09-25 05:00:00,24.9,94,23.8,0.0,7,0.0,4.2,110,-3.946709007300816,1.4364846019678086
2021-09-25 06:00:00,25.0,93,23.8,0.0,17,0.0,5.1,98,-5.050367150582009,0.7097828148963332
2021-09-25 07:00:00,25.9,88,23.9,0.0,3,39.0,6.7,106,-6.440453362786736,1.8467702839738935
2021-09-25 08:00:00,27.5,83,24.3,0.0,2,150.0,5.5,113,-5.062776693988422,2.149021206691006
2021-09-25 09:00:00,28.7,78,24.4,0.0,1,379.0,3.2,117,-2.8512208774027776,1.4527695991665497
2021-09-25 10:00:00,29.5,74,24.3,0.0,0,512.0,1.0,45,-0.7071067811865476,-0.7071067811865476
2021-09-25 11:00:00,30.1,71,24.3,0.0,0,654.0,3.9,338,1.460965714322058,-3.616017032810471
2021-09-25 12:00:00,30.5,68,24.0,0.0,10,643.0,5.9,349,1.1257730727216135,-5.791600382341218
2021-09-25 13:00:00,30.4,69,24.2,0.0,19,485.0,6.0,17,-1.7542302283364206,-5.737828535778212
2021-09-25 14:00:00,30.5,70,24.4,0.0,21,566.0,6.7,16,-1.8467702839738944,-6.440453362786736
2021-09-25 15:00:00,30.7,67,23.8,0.0,32,352.0,7.4,14,-1.790222027437541,-7.180188374442374
2021-09-25 16:00:00,30.3,69,23.9,0.0,31,247.0,6.8,25,-2.873804179836756,-6.162892951849219
2021-09-25 17:00:00,29.7,72,24.0,0.0,23,96.0,4.1,38,-2.524212048835199,-3.2308440897875594
2021-09-25 18:00:00,28.7,76,24.1,0.0,26,17.0,5.7,55,-4.669166652447253,-3.2693856872009626
2021-09-25 19:00:00,28.0,79,24.0,0.0,29,0.0,7.3,101,-7.165878439167947,1.392905666248777
2021-09-25 20:00:00,27.4,81,23.8,0.0,26,0.0,8.7,114,-7.947845481490627,3.538608794759462
2021-09-25 21:00:00,27.1,82,23.7,0.0,20,0.0,7.1,120,-6.148780366869515,3.549999999999998
2021-09-25 22:00:00,26.6,85,23.9,0.0,13,0.0,6.2,126,-5.0159053651246746,3.644268564213333
2021-09-25 23:00:00,26.3,87,23.9,0.0,9,0.0,3.9,124,-3.233246532964663,2.180852323535912
2021-09-26 00:00:00,26.2,86,23.6,0.0,4,0.0,2.2,90,-2.2,-1.3471114790620887e-16
2021-09-26 01:00:00,25.5,90,23.7,0.0,5,0.0,2.1,59,-1.800051331474436,-1.0815799573111138
2021-09-26 02:00:00,24.9,93,23.6,0.0,3,0.0,3.1,54,-2.5079526825623373,-1.8221342821066668
2021-09-26 03:00:00,25.0,90,23.3,0.0,6,0.0,4.0,63,-3.564026096753471,-1.8159619989581872
2021-09-26 04:00:00,25.0,88,22.9,0.0,1,0.0,3.7,61,-3.2360929164157644,-1.7937955949114477
2021-09-26 05:00:00,24.9,89,22.9,0.0,8,0.0,3.4,58,-2.8833635269318485,-1.8017254983928963
2021-09-26 06:00:00,24.8,90,23.0,0.0,5,0.0,4.4,35,-2.523736319944603,-3.604268994871564
2021-09-26 07:00:00,26.0,84,23.0,0.0,2,38.0,4.3,42,-2.8772616073430903,-3.195522749552795
2021-09-26 08:00:00,27.2,75,22.3,0.0,1,133.0,3.1,45,-2.192031021678297,-2.192031021678297
2021-09-26 09:00:00,28.1,74,23.0,0.0,2,338.0,1.1,18,-0.3399186938124421,-1.0461621679246689
2021-09-26 10:00:00,29.0,71,23.1,0.0,2,527.0,1.6,297,1.4256104387013888,-0.7263847995832746
2021-09-26 11:00:00,29.6,68,23.1,0.0,2,665.0,2.4,297,2.1384156580520832,-1.089577199374912
2021-09-26 12:00:00,30.1,67,23.4,0.0,1,721.0,4.1,308,3.230844089787559,-2.5242120488352
2021-09-26 13:00:00,30.2,68,23.6,0.0,2,615.0,6.1,320,3.921004419087891,-4.672871103025765
2021-09-26 14:00:00,30.1,69,23.7,0.0,4,468.0,8.0,333,3.631923997916376,-7.128052193506942
2021-09-26 15:00:00,30.2,69,23.8,0.0,13,462.0,9.6,347,2.159530121701107,-9.353952621938255
2021-09-26 16:00:00,29.9,69,23.6,0.0,14,281.0,10.5,356,0.7324429743133192,-10.474422527728152
2021-09-26 17:00:00,29.3,72,23.8,0.0,10,108.0,9.0,16,-2.4807362023529924,-8.65135526344487
2021-09-26 18:00:00,28.5,76,23.9,0.0,7,16.0,8.8,19,-2.8649997592229792,-8.320563465273988
2021-09-26 19:00:00,27.8,80,24.1,0.0,11,0.0,9.0,23,-3.516580156403464,-8.284543681071963
2021-09-26 20:00:00,27.4,83,24.2,0.0,12,0.0,8.0,36,-4.702282018339785,-6.47213595499958
2021-09-26 21:00:00,27.0,86,24.4,0.0,12,0.0,8.0,54,-6.47213595499958,-4.702282018339785
2021-09-26 22:00:00,26.4,90,24.5,0.0,12,0.0,5.0,60,-4.330127018922193,-2.5000000000000004
2021-09-26 23:00:00,26.2,90,24.4,0.0,11,0.0,4.3,42,-2.8772616073430903,-3.195522749552795
2021-09-27 00:00:00,26.4,88,24.2,0.0,14,0.0,4.8,42,-3.2118269105225195,-3.5670951622914924
2021-09-27 01:00:00,25.0,94,24.0,0.0,15,0.0,4.4,35,-2.523736319944603,-3.604268994871564
2021-09-27 02:00:00,24.8,96,24.1,0.0,16,0.0,4.7,32,-2.490620541896063,-3.985826051935202
2021-09-27 03:00:00,25.0,94,24.1,0.0,7,0.0,5.3,28,-2.4881992827652213,-4.679622242152313
2021-09-27 04:00:00,24.8,95,24.0,0.0,5,0.0,5.6,27,-2.5423467985414616,-4.98963653545486
2021-09-27 05:00:00,24.9,94,23.9,0.0,4,0.0,5.8,30,-2.8999999999999995,-5.022947341949744
2021-09-27 06:00:00,24.7,95,23.8,0.0,1,0.0,5.7,35,-3.2693856872009626,-4.669166652447253
2021-09-27 07:00:00,25.6,92,24.1,0.0,2,42.0,5.4,37,-3.2498011250210608,-4.312631754255381
2021-09-27 08:00:00,27.2,83,24.1,0.0,2,156.0,4.2,31,-2.163159914622228,-3.600102662948872
2021-09-27 09:00:00,28.4,75,23.6,0.0,2,350.0,3.8,17,-1.1110124779463997,-3.633958072659535
2021-09-27 10:00:00,29.3,71,23.5,0.0,3,548.0,3.7,349,0.7059932828932153,-3.632020578756357
2021-09-27 11:00:00,29.8,69,23.6,0.0,2,647.0,4.4,325,2.523736319944605,-3.604268994871563
2021-09-27 12:00:00,30.3,68,23.6,0.0,5,702.0,5.9,317,4.02379032436874,-4.314986839553107
2021-09-27 13:00:00,30.5,67,23.7,0.0,8,647.0,6.5,326,3.6347538725598527,-5.388744221607772
2021-09-27 14:00:00,30.4,67,23.7,0.0,11,575.0,6.3,336,2.562440851377541,-5.755336383148386
2021-09-27 15:00:00,30.0,69,23.8,0.0,23,390.0,6.5,360,1.5920408388915589e-15,-6.5
2021-09-27 16:00:00,29.8,70,23.8,0.0,17,275.0,8.3,5,-0.7233926648055629,-8.268415994161488
2021-09-27 17:00:00,29.2,74,24.1,0.0,25,80.0,8.1,13,-1.8221035401853063,-7.892397524760405
2021-09-27 18:00:00,28.6,77,24.2,0.0,34,14.0,9.1,7,-1.109011024986842,-9.032169979936029
2021-09-27 19:00:00,28.2,80,24.4,0.0,17,0.0,9.1,9,-1.4235536318661008,-8.987963899415753
2021-09-27 20:00:00,27.8,82,24.5,0.0,18,0.0,9.3,13,-2.092044805397945,-9.06164160250269
2021-09-27 21:00:00,27.3,86,24.7,0.0,21,0.0,9.8,17,-2.8652427062828205,-9.371786608437748
2021-09-27 22:00:00,26.8,89,24.7,0.0,20,0.0,7.4,29,-3.5875911898228945,-6.472185832831529
2021-09-27 23:00:00,26.2,91,24.6,0.0,30,0.0,6.4,63,-5.702441754805554,-2.9055391983331
2021-09-28 00:00:00,25.9,92,24.5,0.0,28,0.0,5.8,83,-5.756767679519667,-0.7068421917498554
2021-09-28 01:00:00,25.5,93,24.3,0.0,30,0.0,5.4,94,-5.386845871403051,0.3766849582182768
2021-09-28 02:00:00,25.2,93,24.0,0.0,24,0.0,4.5,104,-4.366330768241984,1.088648530198505
2021-09-28 03:00:00,25.7,91,24.1,0.0,19,0.0,3.9,112,-3.616017032810471,1.4609657143220571
2021-09-28 04:00:00,25.7,90,23.9,0.0,21,0.0,5.2,124,-4.3109953772862175,2.907803098047883
2021-09-28 05:00:00,26.5,84,23.6,0.0,23,0.0,4.1,135,-2.899137802864845,2.8991378028648445
2021-09-28 06:00:00,26.4,84,23.6,0.0,24,0.0,1.5,135,-1.0606601717798214,1.0606601717798212
2021-09-28 07:00:00,26.6,86,24.0,0.0,23,38.0,2.5,90,-2.5,-1.5308084989341916e-16
2021-09-28 08:00:00,27.6,78,23.4,0.0,28,146.0,1.8,79,-1.7669289302057951,-0.3434561916777808
2021-09-28 09:00:00,28.1,77,23.6,0.0,22,304.0,1.1,18,-0.3399186938124421,-1.0461621679246689
2021-09-28 10:00:00,28.7,74,23.6,0.0,23,402.0,2.6,344,0.7166571251241973,-2.499280409439629
2021-09-28 11:00:00,29.3,72,23.7,0.0,29,509.0,3.9,326,2.180852323535912,-3.233246532964663
2021-09-28 12:00:00,29.6,71,23.8,0.0,16,516.0,5.6,320,3.5996106142446216,-4.289848881466275
2021-09-28 13:00:00,29.8,71,23.9,0.0,13,478.0,6.8,328,3.603450996785794,-5.766727053863695
2021-09-28 14:00:00,30.0,71,24.0,0.0,29,512.0,7.3,349,1.392905666248776,-7.165878439167947
2021-09-28 15:00:00,29.8,71,24.0,0.0,50,400.0,7.2,3,-0.3768188849491956,-7.190132650232932
2021-09-28 16:00:00,29.6,72,24.0,0.0,28,257.0,7.2,18,-2.224922359499621,-6.8476069173251055
2021-09-28 17:00:00,29.2,73,23.9,0.0,18,107.0,5.4,20,-1.8469087739586112,-5.074340152243906
2021-09-28 18:00:00,28.7,75,23.9,0.0,16,14.0,6.1,28,-2.863776532993933,-5.385980316439454
2021-09-28 19:00:00,28.1,79,24.1,0.0,8,0.0,4.6,39,-2.894873798829252,-3.5748714227020657
2021-09-28 20:00:00,27.6,82,24.3,0.0,2,0.0,5.0,69,-4.667902132486009,-1.791839747726502
2021-09-28 21:00:00,27.1,86,24.5,0.0,3,0.0,5.4,98,-5.34744757120448,0.7515347451843529
2021-09-28 22:00:00,26.6,89,24.6,0.0,6,0.0,5.6,117,-4.98963653545486,2.5423467985414616
2021-09-28 23:00:00,26.4,90,24.5,0.0,2,0.0,6.2,126,-5.0159053651246746,3.644268564213333
2021-09-29 00:00:00,26.3,90,24.5,0.0,12,0.0,6.4,133,-4.680663690362692,4.364789504399989
2021-09-29 01:00:00,26.0,91,24.4,0.0,2,0.0,7.1,135,-5.020458146424487,5.020458146424486
2021-09-29 02:00:00,25.7,92,24.3,0.0,2,0.0,6.9,129,-5.3623071340531006,4.342310698243877
2021-09-29 03:00:00,25.0,93,23.9,0.0,3,0.0,5.8,120,-5.022947341949744,2.8999999999999986
2021-09-29 04:00:00,24.8,94,23.8,0.0,6,0.0,4.3,114,-3.928245467863184,1.748967565225941
2021-09-29 05:00:00,24.6,94,23.6,0.0,6,0.0,3.3,103,-3.2154212137912763,0.7423384793347546
2021-09-29 06:00:00,24.4,95,23.5,0.0,15,0.0,3.4,72,-3.233592155403522,-1.0506577808748212
2021-09-29 07:00:00,25.7,91,24.2,0.0,12,33.0,4.4,35,-2.523736319944603,-3.604268994871564
2021-09-29 08:00:00,27.4,79,23.5,0.0,5,130.0,5.4,20,-1.8469087739586112,-5.074340152243906
2021-09-29 09:00:00,28.2,74,23.1,0.0,5,307.0,5.4,4,-0.3766849582182766,-5.386845871403051
2021-09-29 10:00:00,29.0,72,23.4,0.0,1,447.0,4.8,333,2.179154398749825,-4.276831316104166
2021-09-29 11:00:00,29.5,70,23.6,0.0,3,600.0,5.9,317,4.02379032436874,-4.314986839553107
2021-09-29 12:00:00,29.9,69,23.7,0.0,9,620.0,6.9,321,4.342310698243882,-5.362307134053097
2021-09-29 13:00:00,30.0,69,23.7,0.0,28,562.0,7.2,323,4.333068166694748,-5.750175672340508
2021-09-29 14:00:00,30.1,69,23.9,0.0,39,524.0,8.2,322,5.048424097670397,-6.46168817957512
2021-09-29 15:00:00,30.1,70,23.9,0.0,38,431.0,9.2,329,4.738350289172501,-7.885939166459431
2021-09-29 16:00:00,29.6,72,24.0,0.0,14,246.0,10.2,337,3.985457510590593,-9.38914950521489
2021-09-29 17:00:00,29.1,74,24.1,0.0,14,127.0,8.7,343,2.543633831087813,-8.319851376878407
2021-09-29 18:00:00,28.4,78,24.1,0.0,8,17.0,7.4,346,1.7902220274375422,-7.180188374442374
2021-09-29 19:00:00,27.6,82,24.2,0.0,7,0.0,8.5,348,1.767249371950959,-8.314254606237347
2021-09-29 20:00:00,26.8,87,24.5,0.0,5,0.0,6.3,13,-1.4171916423663495,-6.1385314081469815
2021-09-29 21:00:00,27.2,84,24.3,0.0,5,0.0,1.1,72,-1.0461621679246689,-0.3399186938124422
2021-09-29 22:00:00,26.2,90,24.3,0.0,8,0.0,2.1,149,-1.0815799573111142,1.8000513314744355
2021-09-29 23:00:00,24.9,96,24.2,0.0,12,0.0,5.2,155,-2.1976149610516376,4.71280049259058
2021-09-30 00:00:00,24.9,95,24.1,0.0,15,0.0,7.3,169,-1.3929056662487782,7.165878439167947
2021-09-30 01:00:00,25.5,94,24.4,0.0,6,0.0,7.2,174,-0.7526049355271069,7.160557646651568
2021-09-30 02:00:00,26.4,90,24.7,0.0,12,0.0,3.6,180,-4.4087284769304716e-16,3.6
2021-09-30 03:00:00,26.8,89,24.7,0.0,19,0.0,2.3,321,1.447436899414627,-1.7874357113510322
2021-09-30 04:00:00,24.8,96,24.1,0.0,16,0.0,4.4,351,0.6883116461770169,-4.345828698618606
2021-09-30 05:00:00,25.0,96,24.2,0.0,20,0.0,6.2,7,-0.7555899291119144,-6.153786140176196
2021-09-30 06:00:00,25.1,95,24.3,0.0,19,0.0,6.9,9,-1.079397808777593,-6.815049550106451
2021-09-30 07:00:00,25.8,93,24.7,0.0,14,31.0,8.7,7,-1.060263287624783,-8.6351515192795
2021-09-30 08:00:00,27.4,85,24.7,0.0,10,144.0,9.7,360,2.3758147903458648e-15,-9.7
2021-09-30 09:00:00,28.4,79,24.5,0.0,15,357.0,9.8,352,1.3638963894086458,-9.704627073667387
2021-09-30 10:00:00,29.1,75,24.2,0.0,33,446.0,9.3,344,2.5634274090980904,-8.939733772226367
2021-09-30 11:00:00,29.5,72,24.0,0.0,25,512.0,8.9,333,4.040515447681968,-7.929958065276474
2021-09-30 12:00:00,29.9,69,23.7,0.0,9,586.0,9.8,324,5.76029547246624,-7.928366544874485
2021-09-30 13:00:00,30.2,67,23.4,0.0,6,701.0,10.5,322,6.464445490919411,-8.274112912870581
2021-09-30 14:00:00,30.3,66,23.2,0.0,4,584.0,10.0,330,5.000000000000004,-8.660254037844384
2021-09-30 15:00:00,30.1,67,23.4,0.0,2,468.0,7.8,338,2.921931428644116,-7.232034065620941
2021-09-30 16:00:00,29.9,68,23.4,0.0,2,319.0,6.3,336,2.562440851377541,-5.755336383148386
2021-09-30 17:00:00,29.3,72,23.6,0.0,3,131.0,5.7,325,3.269385687200965,-4.669166652447252
2021-09-30 18:00:00,28.5,76,23.8,0.0,0,17.0,7.1,319,4.658019105832603,-5.35843801958168
2021-09-30 19:00:00,27.2,85,24.6,0.0,0,0.0,6.0,303,5.032023407672545,-3.26783421009016
2021-09-30 20:00:00,27.6,81,24.0,0.0,5,0.0,4.2,301,3.600102662948872,-2.163159914622228
2021-09-30 21:00:00,26.9,84,24.1,0.0,5,0.0,6.5,304,5.38874422160777,-3.634753872559856
2021-09-30 22:00:00,25.3,91,23.8,0.0,7,0.0,7.4,331,3.587591189822893,-6.47218583283153
2021-09-30 23:00:00,24.8,93,23.6,0.0,17,0.0,5.8,4,-0.4045875477159267,-5.78587149150698
2021-10-01 00:00:00,24.8,94,23.7,0.0,0,0.0,5.1,4,-0.355758016095039,-5.087576656325103
2021-10-01 01:00:00,24.9,94,23.8,0.0,2,0.0,4.4,351,0.6883116461770169,-4.345828698618606
2021-10-01 02:00:00,24.8,95,23.9,0.0,4,0.0,4.1,345,1.0611580849203348,-3.96029588778518
2021-10-01 03:00:00,25.0,94,24.0,0.0,7,0.0,5.4,340,1.8469087739586103,-5.074340152243906
2021-10-01 04:00:00,24.4,95,23.6,0.0,9,0.0,6.6,351,1.0324674692655251,-6.5187430479279085
2021-10-01 05:00:00,24.4,95,23.6,0.0,33,0.0,6.1,357,0.3192493330819606,-6.0916401620029
2021-10-01 06:00:00,24.4,95,23.6,0.0,10,0.0,5.9,14,-1.4273391840380396,-5.72474478502838
2021-10-01 07:00:00,25.5,94,24.5,0.0,11,34.0,5.1,39,-3.2095339943541705,-3.963444403430551
2021-10-01 08:00:00,27.9,80,24.1,0.0,2,211.0,3.1,45,-2.192031021678297,-2.192031021678297
2021-10-01 09:00:00,28.5,77,24.1,0.0,0,355.0,0.7,90,-0.7,-4.286263797015736e-17
2021-10-01 10:00:00,29.2,74,24.1,0.0,2,518.0,1.1,270,1.1,2.0206672185931328e-16
2021-10-01 11:00:00,29.6,72,24.0,0.0,4,551.0,4.0,280,3.939231012048833,-0.6945927106677199
2021-10-01 12:00:00,29.9,70,23.8,0.0,6,632.0,7.2,288,6.847606917325106,-2.22492235949962
2021-10-01 13:00:00,30.2,68,23.7,0.0,4,693.0,7.8,292,7.232034065620942,-2.9219314286441134
2021-10-01 14:00:00,30.0,68,23.5,0.0,3,524.0,6.8,302,5.766727053863697,-3.603450996785792
2021-10-01 15:00:00,30.0,68,23.5,0.0,1,473.0,6.5,304,5.38874422160777,-3.634753872559856
2021-10-01 16:00:00,29.7,69,23.4,0.0,1,299.0,6.9,309,5.362307134053099,-4.342310698243879
2021-10-01 17:00:00,29.3,71,23.4,0.0,0,128.0,5.4,318,3.613305274337834,-4.012982057577929
2021-10-01 18:00:00,28.6,74,23.5,0.0,1,14.0,6.4,313,4.680663690362691,-4.364789504399991
2021-10-01 19:00:00,27.5,82,24.3,0.0,1,0.0,6.6,319,4.329989591337348,-4.981083229470294
2021-10-01 20:00:00,26.8,86,24.3,0.0,2,0.0,5.2,348,1.0811407922523513,-5.086367523815789
2021-10-01 21:00:00,27.0,84,24.1,0.0,1,0.0,4.0,10,-0.6945927106677213,-3.939231012048832
2021-10-01 22:00:00,27.5,82,24.1,0.0,2,0.0,2.6,16,-0.7166571251241979,-2.499280409439629
2021-10-01 23:00:00,27.2,84,24.2,0.0,2,0.0,1.6,63,-1.4256104387013886,-0.726384799583275
2021-10-02 00:00:00,25.6,90,23.9,0.0,5,0.0,2.6,124,-2.1554976886431088,1.4539015490239415
2021-10-02 01:00:00,25.0,93,23.7,0.0,6,0.0,3.9,146,-2.180852323535913,3.2332465329646625
2021-10-02 02:00:00,24.9,92,23.4,0.0,11,0.0,5.4,138,-3.613305274337835,4.012982057577928
2021-10-02 03:00:00,25.9,88,23.7,0.0,19,0.0,5.1,141,-3.2095339943541705,3.963444403430551
2021-10-02 04:00:00,26.5,85,23.7,0.0,34,0.0,4.4,125,-3.604268994871564,2.5237363199446032
2021-10-02 05:00:00,25.9,86,23.5,0.0,33,0.0,4.8,103,-4.676976310969129,1.079765060850552
2021-10-02 06:00:00,25.4,88,23.3,0.0,38,0.0,5.0,69,-4.667902132486009,-1.791839747726502
2021-10-02 07:00:00,26.0,91,24.4,0.0,24,38.0,4.8,48,-3.5670951622914924,-3.2118269105225195
2021-10-02 08:00:00,27.9,78,23.6,0.0,10,115.0,3.9,22,-1.460965714322057,-3.616017032810471
2021-10-02 09:00:00,28.6,76,24.0,0.0,9,340.0,4.4,351,0.6883116461770169,-4.345828698618606
2021-10-02 10:00:00,29.4,73,24.0,0.0,11,511.0,5.3,332,2.4881992827652213,-4.679622242152313
2021-10-02 11:00:00,29.8,70,23.8,0.0,10,538.0,7.3,327,3.9758649556096968,-6.122295146001595
2021-10-02 12:00:00,30.0,69,23.7,0.0,9,523.0,9.3,332,4.366085533908785,-8.211412613588022
2021-10-02 13:00:00,30.0,69,23.7,0.0,33,483.0,9.4,337,3.6728726077991753,-8.652745622452938
2021-10-02 14:00:00,30.0,69,23.7,0.0,20,433.0,9.0,355,0.7844016847289249,-8.96575228282571
2021-10-02 15:00:00,30.0,70,23.9,0.0,19,411.0,8.7,5,-0.7582549619046259,-8.666893873398186
2021-10-02 16:00:00,29.8,71,23.9,0.0,19,217.0,7.8,13,-1.754618223882147,-7.600086505324834
2021-10-02 17:00:00,29.3,73,23.8,0.0,9,82.0,4.5,14,-1.0886485301985047,-4.366330768241984
2021-10-02 18:00:00,28.5,76,23.8,0.0,12,10.0,4.0,80,-3.939231012048832,-0.6945927106677217
2021-10-02 19:00:00,27.8,80,24.1,0.0,12,0.0,4.5,104,-4.366330768241984,1.088648530198505
2021-10-02 20:00:00,27.1,84,24.2,0.0,7,0.0,5.5,122,-4.664264528860343,2.914555953282626
2021-10-02 21:00:00,26.5,87,24.3,0.0,7,0.0,6.1,140,-3.9210044190878905,4.672871103025765
2021-10-02 22:00:00,26.2,89,24.1,0.0,8,0.0,6.8,148,-3.603450996785793,5.766727053863696
2021-10-02 23:00:00,25.8,90,24.1,0.0,8,0.0,7.4,157,-2.891410350820626,6.811735915548059
2021-10-03 00:00:00,26.7,85,24.0,0.0,5,0.0,5.4,160,-1.846908773958612,5.074340152243905
2021-10-03 01:00:00,27.0,83,24.0,0.0,5,0.0,2.0,135,-1.4142135623730951,1.414213562373095
2021-10-03 02:00:00,25.5,91,23.9,0.0,12,0.0,2.2,81,-2.1729143493093037,-0.344155823088508
2021-10-03 03:00:00,25.6,88,23.5,0.0,17,0.0,2.9,30,-1.4499999999999995,-2.511473670974872
2021-10-03 04:00:00,25.1,91,23.6,0.0,12,0.0,3.9,22,-1.460965714322057,-3.616017032810471
2021-10-03 05:00:00,25.2,91,23.7,0.0,13,0.0,4.2,20,-1.4364846019678086,-3.946709007300816
2021-10-03 06:00:00,25.1,92,23.7,0.0,7,0.0,5.9,11,-1.1257730727216144,-5.791600382341218
2021-10-03 07:00:00,26.4,89,24.4,0.0,4,38.0,5.4,42,-3.613305274337834,-4.012982057577929
2021-10-03 08:00:00,28.0,78,23.8,0.0,0,177.0,2.5,82,-2.475670171853926,-0.3479327524001636
2021-10-03 09:00:00,28.7,76,24.1,0.0,1,317.0,1.5,135,-1.0606601717798214,1.0606601717798212
2021-10-03 10:00:00,29.6,72,24.0,0.0,1,435.0,2.0,225,1.414213562373095,1.4142135623730954
2021-10-03 11:00:00,30.2,69,23.9,0.0,3,548.0,3.3,264,3.281922254715302,0.3449439287832561
2021-10-03 12:00:00,30.4,69,24.0,0.0,4,532.0,4.5,284,4.366330768241984,-1.0886485301985034
2021-10-03 13:00:00,30.4,69,24.1,0.0,10,610.0,5.6,297,4.989636535454861,-2.542346798541461
2021-10-03 14:00:00,30.0,71,24.1,0.0,15,482.0,6.4,313,4.680663690362691,-4.364789504399991
2021-10-03 15:00:00,30.0,70,23.9,0.0,16,284.0,5.4,340,1.8469087739586103,-5.074340152243906
2021-10-03 16:00:00,29.6,72,23.9,0.0,15,220.0,4.4,9,-0.6883116461770159,-4.345828698618607
2021-10-03 17:00:00,29.0,75,24.1,0.0,22,72.0,4.4,55,-3.604268994871564,-2.523736319944603
2021-10-03 18:00:00,28.1,79,24.1,0.0,10,12.0,4.8,63,-4.276831316104166,-2.1791543987498248
2021-10-03 19:00:00,27.5,83,24.3,0.0,3,0.0,5.0,90,-5.0,-3.061616997868383e-16
2021-10-03 20:00:00,26.9,86,24.5,0.0,1,0.0,5.4,110,-5.074340152243906,1.8469087739586112
2021-10-03 21:00:00,26.4,90,24.6,0.0,3,0.0,5.4,127,-4.312631754255381,3.2498011250210617
2021-10-03 22:00:00,25.9,93,24.6,0.0,3,0.0,5.7,145,-3.269385687200962,4.669166652447254
2021-10-03 23:00:00,25.6,93,24.4,0.0,2,0.0,6.4,153,-2.9055391983331003,5.702441754805554
2021-10-04 00:00:00,26.2,90,24.3,0.0,3,0.0,5.9,142,-3.6324027044213847,4.64926344627966
2021-10-04 01:00:00,26.8,86,24.3,0.0,7,0.0,1.5,135,-1.0606601717798214,1.0606601717798212
2021-10-04 02:00:00,25.5,92,24.1,0.0,5,0.0,0.8,27,-0.3631923997916374,-0.7128052193506944
2021-10-04 03:00:00,25.8,89,23.9,0.0,8,0.0,1.6,27,-0.7263847995832748,-1.4256104387013888
2021-10-04 04:00:00,25.7,90,23.9,0.0,11,0.0,1.8,53,-1.437543918085127,-1.0832670416736871
2021-10-04 05:00:00,25.7,89,23.8,0.0,7,0.0,1.9,68,-1.761649323676896,-0.7117525274902327
2021-10-04 06:00:00,25.3,91,23.8,0.0,5,0.0,3.4,18,-1.0506577808748212,-3.233592155403522
2021-10-04 07:00:00,26.3,88,24.2,0.0,0,36.0,5.0,60,-4.330127018922193,-2.5000000000000004
2021-10-04 08:00:00,27.6,81,24.0,0.0,2,118.0,4.0,90,-4.0,-2.4492935982947064e-16
2021-10-04 09:00:00,28.4,78,24.2,0.0,2,262.0,2.6,124,-2.1554976886431088,1.4539015490239415
2021-10-04 10:00:00,29.2,72,23.7,0.0,1,417.0,1.0,225,0.7071067811865475,0.7071067811865477
2021-10-04 11:00:00,29.9,68,23.3,0.0,5,546.0,3.8,287,3.633958072659535,-1.1110124779463997
2021-10-04 12:00:00,30.2,65,22.9,0.0,13,596.0,6.0,303,5.032023407672545,-3.26783421009016
2021-10-04 13:00:00,30.2,65,22.8,0.0,17,572.0,7.1,315,5.020458146424488,-5.0204581464244855
2021-10-04 14:00:00,30.1,65,22.9,0.0,15,468.0,4.8,333,2.179154398749825,-4.276831316104166
2021-10-04 15:00:00,30.1,61,21.7,0.0,16,361.0,4.0,355,0.3486229709906333,-3.984778792366982
2021-10-04 16:00:00,29.7,64,22.1,0.0,14,233.0,5.2,12,-1.0811407922523486,-5.08636752381579
2021-10-04 17:00:00,29.0,69,22.7,0.0,11,103.0,4.7,32,-2.490620541896063,-3.985826051935202
2021-10-04 18:00:00,28.0,75,23.2,0.0,17,12.0,6.5,56,-5.388744221607771,-3.634753872559854
2021-10-04 19:00:00,27.2,80,23.6,0.0,17,0.0,6.4,74,-6.1520748540052415,-1.7640790772287946
2021-10-04 20:00:00,26.7,84,23.8,0.0,21,0.0,6.1,93,-6.0916401620029,0.3192493330819574
2021-10-04 21:00:00,26.0,88,23.9,0.0,7,0.0,5.8,97,-5.756767679519668,0.7068421917498547
2021-10-04 22:00:00,25.4,91,23.8,0.0,3,0.0,4.3,90,-4.3,-2.632990618166809e-16
2021-10-04 23:00:00,24.9,92,23.5,0.0,4,0.0,3.0,76,-2.910887178827989,-0.725765686799003
2021-10-05 00:00:00,24.5,92,23.2,0.0,4,0.0,2.6,56,-2.1554976886431088,-1.4539015490239418
2021-10-05 01:00:00,24.3,94,23.2,0.0,2,0.0,3.1,36,-1.8221342821066668,-2.5079526825623373
2021-10-05 02:00:00,24.1,94,23.1,0.0,1,0.0,4.1,38,-2.524212048835199,-3.2308440897875594
2021-10-05 03:00:00,23.9,94,22.9,0.0,0,0.0,4.2,31,-2.163159914622228,-3.600102662948872
2021-10-05 04:00:00,24.0,94,23.0,0.0,1,0.0,4.3,24,-1.7489675652259409,-3.928245467863184
2021-10-05 05:00:00,24.0,94,22.9,0.0,1,0.0,4.2,31,-2.163159914622228,-3.600102662948872
2021-10-05 06:00:00,24.0,94,22.9,0.0,1,0.0,4.1,38,-2.524212048835199,-3.2308440897875594
2021-10-05 07:00:00,25.4,90,23.7,0.0,0,30.0,4.7,90,-4.7,-2.8779199779962803e-16
2021-10-05 08:00:00,27.3,77,23.0,0.0,0,127.0,4.8,138,-3.21182691052252,3.567095162291492
2021-10-05 09:00:00,28.3,75,23.5,0.0,0,274.0,5.6,165,-1.4493866525741177,5.409184627218782
2021-10-05 10:00:00,29.1,72,23.5,0.0,0,528.0,5.4,188,0.7515347451843538,5.34744757120448
2021-10-05 11:00:00,29.8,68,23.2,0.0,0,616.0,5.8,210,2.9000000000000004,5.022947341949744
2021-10-05 12:00:00,30.3,65,23.0,0.0,0,737.0,5.8,240,5.022947341949744,2.9000000000000026
2021-10-05 13:00:00,30.4,64,22.9,0.0,1,692.0,6.1,273,6.0916401620029,-0.3192493330819581
2021-10-05 14:00:00,30.3,65,23.0,0.0,5,600.0,6.4,286,6.152074854005241,-1.7640790772287962
2021-10-05 15:00:00,30.1,66,23.0,0.0,9,457.0,6.0,303,5.032023407672545,-3.26783421009016
2021-10-05 16:00:00,29.7,68,23.1,0.0,14,279.0,3.4,342,1.050657780874822,-3.233592155403522
2021-10-05 17:00:00,29.1,71,23.4,0.0,19,96.0,3.7,29,-1.7937955949114472,-3.2360929164157644
2021-10-05 18:00:00,28.1,77,23.7,0.0,7,9.0,4.6,51,-3.5748714227020657,-2.894873798829252
2021-10-05 19:00:00,27.4,81,23.8,0.0,7,0.0,5.4,70,-5.074340152243905,-1.846908773958612
2021-10-05 20:00:00,26.8,84,23.9,0.0,1,0.0,6.2,83,-6.153786140176196,-0.7555899291119145
2021-10-05 21:00:00,26.0,88,24.0,0.0,0,0.0,6.3,103,-6.1385314081469815,1.4171916423663498
2021-10-05 22:00:00,25.2,92,23.8,0.0,1,0.0,5.9,128,-4.64926344627966,3.632402704421384
2021-10-05 23:00:00,24.7,93,23.5,0.0,2,0.0,5.9,137,-4.023790324368742,4.314986839553106
2021-10-06 00:00:00,24.5,93,23.2,0.0,2,0.0,4.6,129,-3.5748714227020666,2.894873798829251
2021-10-06 01:00:00,24.5,91,23.0,0.0,3,0.0,3.6,127,-2.8750878361702537,2.1665340833473743
2021-10-06 02:00:00,24.4,91,22.8,0.0,5,0.0,2.5,98,-2.475670171853926,0.3479327524001634
2021-10-06 03:00:00,23.8,94,22.8,0.0,4,0.0,2.9,60,-2.511473670974872,-1.4500000000000002
2021-10-06 04:00:00,23.6,96,23.0,0.0,3,0.0,2.6,56,-2.1554976886431088,-1.4539015490239418
2021-10-06 05:00:00,23.8,96,23.1,0.0,11,0.0,3.7,11,-0.7059932828932158,-3.632020578756357
2021-10-06 06:00:00,24.1,95,23.2,0.0,5,0.0,4.0,5,-0.3486229709906326,-3.984778792366982
2021-10-06 07:00:00,25.4,91,23.9,0.0,4,30.0,2.7,67,-2.485363104321589,-1.0549740469210391
2021-10-06 08:00:00,27.6,82,24.1,0.0,13,154.0,1.4,90,-1.4,-8.572527594031472e-17
2021-10-06 09:00:00,28.6,75,23.8,0.0,10,265.0,1.0,45,-0.7071067811865476,-0.7071067811865476
2021-10-06 10:00:00,29.5,70,23.5,0.0,9,487.0,2.5,315,1.767766952966369,-1.7677669529663684
2021-10-06 11:00:00,30.0,68,23.4,0.0,2,591.0,3.6,276,3.5802788233257843,-0.3763024677635507
2021-10-06 12:00:00,30.3,67,23.6,0.0,1,662.0,4.7,279,4.642135200797148,-0.7352419856890842
2021-10-06 13:00:00,30.5,67,23.7,0.0,2,609.0,5.6,297,4.989636535454861,-2.542346798541461
2021-10-06 14:00:00,30.5,67,23.8,0.0,5,529.0,7.4,309,5.750880114781584,-4.656970893768798
2021-10-06 15:00:00,30.5,64,22.9,0.0,7,456.0,10.2,318,6.825132184860353,-7.580077219869421
2021-10-06 16:00:00,29.9,67,23.1,0.0,7,283.0,9.3,324,5.466402846320003,-7.52385804768701
2021-10-06 17:00:00,29.2,70,23.3,0.0,8,117.0,4.3,336,1.7489675652259409,-3.928245467863184
2021-10-06 18:00:00,28.4,75,23.6,0.0,11,9.0,3.3,77,-3.2154212137912763,-0.7423384793347542
2021-10-06 19:00:00,27.4,81,23.7,0.0,11,0.0,7.2,127,-5.750175672340507,4.333068166694749
2021-10-06 20:00:00,26.8,85,24.0,0.0,8,0.0,7.4,133,-5.412017391981863,5.046787864462488
2021-10-06 21:00:00,26.1,89,24.2,0.0,5,0.0,6.1,152,-2.863776532993933,5.385980316439454
2021-10-06 22:00:00,25.9,91,24.3,0.0,6,0.0,6.1,152,-2.863776532993933,5.385980316439454
2021-10-06 23:00:00,25.3,93,24.1,0.0,8,0.0,6.3,149,-3.2447398719333425,5.400153994423307
2021-10-07 00:00:00,25.3,93,24.0,0.0,8,0.0,8.1,167,-1.822103540185308,7.892397524760404
2021-10-07 01:00:00,25.7,92,24.2,0.0,11,0.0,8.3,182,0.2896658226307575,8.294943864258496
2021-10-07 02:00:00,25.9,92,24.5,0.0,24,0.0,8.8,192,1.829622879196284,8.60769888645749
2021-10-07 03:00:00,26.3,92,24.9,0.0,31,0.0,7.2,180,-8.817456953860943e-16,7.2
2021-10-07 04:00:00,26.4,91,24.8,0.0,38,0.0,0.7,360,1.7145055188062944e-16,-0.7
2021-10-07 05:00:00,25.4,94,24.4,0.0,44,0.0,3.4,342,1.050657780874822,-3.233592155403522
2021-10-07 06:00:00,25.2,95,24.3,0.0,37,0.0,6.1,332,2.863776532993933,-5.385980316439454
2021-10-07 07:00:00,26.4,92,25.1,0.0,42,21.0,6.0,33,-3.2678342100901627,-5.032023407672544
2021-10-07 08:00:00,27.7,88,25.4,0.3,51,125.0,5.8,356,0.4045875477159287,-5.78587149150698
2021-10-07 09:00:00,28.3,83,25.2,0.3,49,254.0,7.4,346,1.7902220274375422,-7.180188374442374
2021-10-07 10:00:00,28.9,81,25.3,0.0,50,315.0,9.4,358,0.3280552690035077,-9.3942737739795
2021-10-07 11:00:00,29.1,81,25.4,0.1,42,407.0,9.7,2,-0.3385251180142594,-9.694091022085228
2021-10-07 12:00:00,29.4,80,25.6,0.1,49,405.0,8.2,345,2.1223161698406696,-7.92059177557036
2021-10-07 13:00:00,29.3,81,25.7,0.2,60,235.0,9.2,329,4.738350289172501,-7.885939166459431
2021-10-07 14:00:00,28.7,84,25.7,1.1,100,242.0,9.0,331,4.363286582217032,-7.871577364254563
2021-10-07 15:00:00,28.9,79,24.9,2.1,62,127.0,5.9,346,1.4273391840380405,-5.72474478502838
2021-10-07 16:00:00,28.2,82,24.8,0.2,78,57.0,5.8,353,0.7068421917498539,-5.756767679519668
2021-10-07 17:00:00,27.9,83,24.7,0.2,64,22.0,4.8,347,1.0797650608505536,-4.6769763109691285
2021-10-07 18:00:00,27.7,84,24.8,0.0,56,1.0,4.1,232,3.2308440897875603,2.524212048835198
2021-10-07 19:00:00,27.5,85,24.8,0.0,73,0.0,4.6,198,1.4214781741247573,4.374859974957706
2021-10-07 20:00:00,27.3,87,24.9,0.0,77,0.0,4.9,197,1.4326213531414105,4.685893304218874
2021-10-07 21:00:00,27.5,86,24.9,0.0,80,0.0,5.4,217,3.2498011250210617,4.312631754255381
2021-10-07 22:00:00,27.2,87,24.8,0.1,84,0.0,6.2,234,5.015905365124674,3.644268564213334
2021-10-07 23:00:00,27.1,86,24.7,0.0,78,0.0,5.7,235,4.669166652447252,3.2693856872009643
2021-10-08 00:00:00,26.6,88,24.5,0.0,73,0.0,5.4,222,3.613305274337834,4.012982057577929
2021-10-08 01:00:00,25.6,93,24.4,0.3,66,0.0,5.1,219,3.2095339943541714,3.963444403430551
2021-10-08 02:00:00,25.4,94,24.3,0.3,57,0.0,4.3,222,2.8772616073430903,3.195522749552795
2021-10-08 03:00:00,27.2,89,25.1,0.0,53,0.0,0.8,333,0.3631923997916376,-0.7128052193506943
2021-10-08 04:00:00,25.8,94,24.7,0.0,56,0.0,2.6,16,-0.7166571251241979,-2.499280409439629
2021-10-08 05:00:00,25.7,94,24.7,0.0,48,0.0,3.3,6,-0.3449439287832564,-3.281922254715301
2021-10-08 06:00:00,25.9,93,24.7,0.0,64,0.0,4.3,5,-0.3747696938149301,-4.283637201794505
2021-10-08 07:00:00,26.4,92,24.9,0.0,41,1.0,4.6,45,-3.2526911934581184,-3.2526911934581184
2021-10-08 08:00:00,27.8,83,24.7,0.0,28,44.0,3.8,49,-2.8678964048465336,-2.493024310163928
2021-10-08 09:00:00,28.7,79,24.6,0.0,45,201.0,4.8,347,1.0797650608505536,-4.6769763109691285
2021-10-08 10:00:00,29.5,74,24.4,0.0,63,390.0,6.6,338,2.4724035165450213,-6.119413440140796
2021-10-08 11:00:00,30.1,70,24.1,0.0,57,486.0,6.8,357,0.3558845024520217,-6.790680836331102
2021-10-08 12:00:00,30.3,69,24.0,0.0,48,357.0,6.5,354,0.6794350112397471,-6.4643923198937765
2021-10-08 13:00:00,30.4,69,24.1,0.0,43,440.0,6.2,350,1.0766187015349684,-6.10580806867569
2021-10-08 14:00:00,30.2,70,24.2,0.0,43,327.0,5.8,356,0.4045875477159287,-5.78587149150698
2021-10-08 15:00:00,30.5,69,24.1,0.0,41,341.0,5.1,4,-0.355758016095039,-5.087576656325103
2021-10-08 16:00:00,30.1,71,24.3,0.0,34,222.0,4.7,4,-0.3278554265973889,-4.688551036221174
2021-10-08 17:00:00,29.5,75,24.5,0.0,37,83.0,2.3,39,-1.4474368994146258,-1.7874357113510329
2021-10-08 18:00:00,28.6,79,24.6,0.0,55,6.0,1.8,90,-1.8,-1.1021821192326179e-16
2021-10-08 19:00:00,27.9,86,25.4,0.0,45,0.0,3.3,167,-0.7423384793347552,3.215421213791276
2021-10-08 20:00:00,27.4,89,25.5,0.0,61,0.0,5.2,192,1.0811407922523495,5.086367523815789
2021-10-08 21:00:00,27.0,90,25.2,0.0,61,0.0,5.9,218,3.632402704421384,4.64926344627966
2021-10-08 22:00:00,27.7,85,24.9,0.0,44,0.0,6.7,234,5.420413862312147,3.938161190359571
2021-10-08 23:00:00,27.5,86,25.0,0.0,47,0.0,6.5,264,6.464392319893777,0.6794350112397468
2021-10-09 00:00:00,26.3,92,24.9,0.0,38,0.0,4.8,312,3.5670951622914937,-3.211826910522517
2021-10-09 01:00:00,25.9,93,24.7,0.0,30,0.0,6.2,324,3.644268564213335,-5.015905365124674
2021-10-09 02:00:00,25.8,95,24.8,0.0,30,0.0,6.0,327,3.267834210090162,-5.032023407672544
2021-10-09 03:00:00,26.3,92,24.9,0.0,33,0.0,6.8,328,3.603450996785794,-5.766727053863695
2021-10-09 04:00:00,26.2,92,24.8,0.0,34,0.0,6.6,338,2.4724035165450213,-6.119413440140796
2021-10-09 05:00:00,26.0,93,24.7,0.0,35,0.0,6.0,343,1.7542302283364228,-5.737828535778212
2021-10-09 06:00:00,26.0,92,24.6,0.0,31,0.0,6.9,9,-1.079397808777593,-6.815049550106451
2021-10-09 07:00:00,26.5,90,24.7,0.0,37,15.0,7.0,21,-2.5085756468171017,-6.535062985480412
2021-10-09 08:00:00,27.9,82,24.5,0.0,41,112.0,6.6,13,-1.484676958669509,-6.430842427582553
2021-10-09 09:00:00,28.9,76,24.2,0.0,38,252.0,6.0,335,2.535709570444195,-5.4378467222199
2021-10-09 10:00:00,29.6,73,24.3,0.0,28,335.0,5.9,313,4.3149868395531055,-4.023790324368742
2021-10-09 11:00:00,30.1,72,24.5,0.0,23,470.0,5.1,309,3.963444403430551,-3.209533994354171
2021-10-09 12:00:00,30.2,72,24.6,0.0,26,470.0,4.3,318,2.87726160734309,-3.195522749552795
2021-10-09 13:00:00,30.2,72,24.7,0.0,34,422.0,2.3,309,1.7874357113510326,-1.447436899414626
2021-10-09 14:00:00,30.2,73,24.8,0.0,35,401.0,1.6,297,1.4256104387013888,-0.7263847995832746
2021-10-09 15:00:00,30.5,70,24.3,0.0,26,348.0,0.7,360,1.7145055188062944e-16,-0.7
2021-10-09 16:00:00,30.0,72,24.4,0.0,34,156.0,2.2,351,0.3441558230885084,-2.172914349309303
2021-10-09 17:00:00,29.5,74,24.5,0.0,28,72.0,2.9,360,7.10295143505465e-16,-2.9
2021-10-09 18:00:00,28.8,79,24.7,0.0,30,5.0,0.4,270,0.4,7.347880794884119e-17
2021-10-09 19:00:00,28.0,85,25.2,0.0,27,0.0,1.6,117,-1.4256104387013888,0.7263847995832748
2021-10-09 20:00:00,28.0,85,25.1,0.0,19,0.0,2.5,98,-2.475670171853926,0.3479327524001634
2021-10-09 21:00:00,27.7,86,25.1,0.0,17,0.0,2.4,117,-2.138415658052083,1.0895771993749122
2021-10-09 22:00:00,27.4,87,25.1,0.0,29,0.0,2.7,157,-1.0549740469210394,2.485363104321589
2021-10-09 23:00:00,27.3,88,25.1,0.0,31,0.0,2.3,141,-1.4474368994146258,1.7874357113510329
2021-10-10 00:00:00,27.4,87,25.0,0.0,39,0.0,2.7,113,-2.4853631043215887,1.0549740469210394
2021-10-10 01:00:00,25.9,93,24.7,0.0,35,0.0,4.1,105,-3.96029588778518,1.0611580849203357
2021-10-10 02:00:00,25.9,92,24.5,0.0,41,0.0,4.0,85,-3.984778792366982,-0.3486229709906325
2021-10-10 03:00:00,25.7,94,24.6,0.0,39,0.0,3.3,49,-2.490541614735148,-2.1649947956686737
2021-10-10 04:00:00,25.5,94,24.6,0.0,27,0.0,3.6,360,8.817456953860943e-16,-3.6
2021-10-10 05:00:00,25.7,94,24.7,0.0,35,0.0,4.4,9,-0.6883116461770159,-4.345828698618607
2021-10-10 06:00:00,25.8,93,24.5,0.0,22,0.0,6.1,40,-3.921004419087889,-4.6728711030257655
2021-10-10 07:00:00,26.4,87,24.1,0.0,11,18.0,7.0,55,-5.734064310022943,-4.015035054457322
2021-10-10 08:00:00,27.8,78,23.5,0.0,4,102.0,2.8,40,-1.7998053071223097,-2.1449244407331385
2021-10-10 09:00:00,28.9,74,23.7,0.0,2,305.0,3.1,324,1.8221342821066675,-2.507952682562337
2021-10-10 10:00:00,29.6,72,24.0,0.0,0,468.0,5.7,325,3.269385687200965,-4.669166652447252
2021-10-10 11:00:00,30.0,71,24.2,0.0,1,473.0,7.8,326,4.361704647071823,-6.466493065929326
2021-10-10 12:00:00,30.1,71,24.3,0.0,4,517.0,6.9,332,3.2393537832226467,-6.092338390726597
2021-10-10 13:00:00,30.2,71,24.4,0.0,14,513.0,6.1,3,-0.3192493330819573,-6.0916401620029
2021-10-10 14:00:00,30.1,72,24.5,0.0,21,496.0,4.3,5,-0.3747696938149301,-4.283637201794505
2021-10-10 15:00:00,30.2,71,24.2,0.0,17,389.0,4.0,355,0.3486229709906333,-3.984778792366982
2021-10-10 16:00:00,29.8,73,24.4,0.0,12,231.0,4.3,5,-0.3747696938149301,-4.283637201794505
2021-10-10 17:00:00,29.2,76,24.5,0.0,15,88.0,4.4,35,-2.523736319944603,-3.604268994871564
2021-10-10 18:00:00,28.4,80,24.7,0.0,6,7.0,3.1,69,-2.8940993221413254,-1.1109406435904312
2021-10-10 19:00:00,27.7,84,24.8,0.0,7,0.0,5.5,67,-5.062776693988422,-2.149021206691005
2021-10-10 20:00:00,27.3,87,24.8,0.0,13,0.0,6.6,81,-6.518743047927909,-1.032467469265524
2021-10-10 21:00:00,26.9,89,24.9,0.0,23,0.0,6.5,84,-6.4643923198937765,-0.6794350112397475
2021-10-10 22:00:00,26.4,91,24.8,0.0,32,0.0,6.6,41,-4.329989591337347,-4.981083229470295
2021-10-10 23:00:00,26.2,91,24.7,0.0,37,0.0,8.5,28,-3.990508283680072,-7.505054539300879
2021-10-11 00:00:00,25.9,93,24.6,0.0,41,0.0,8.9,32,-4.716281451675524,-7.547628055792192
2021-10-11 01:00:00,25.7,93,24.5,0.0,38,0.0,8.6,22,-3.221616703376843,-7.973781149274371
2021-10-11 02:00:00,25.5,94,24.4,0.0,33,0.0,8.9,21,-3.1894747509531727,-8.308865795825096
2021-10-11 03:00:00,25.4,93,24.1,0.0,38,0.0,10.3,25,-4.352968095929205,-9.334970206477497
2021-10-11 04:00:00,25.2,93,24.0,0.0,35,0.0,11.1,25,-4.691062705321763,-10.060016436106814
2021-10-11 05:00:00,25.5,91,24.0,0.0,58,0.0,11.6,26,-5.0851053027532975,-10.426010937070338
2021-10-11 06:00:00,25.7,90,23.9,0.0,71,0.0,9.8,8,-1.363896389408641,-9.70462707366739
2021-10-11 07:00:00,26.3,87,24.1,0.0,85,11.0,13.8,33,-7.516018683207374,-11.573653837646852
2021-10-11 08:00:00,27.4,83,24.2,0.0,68,28.0,12.1,37,-7.281961780139784,-9.663489671572243
2021-10-11 09:00:00,28.5,76,23.8,0.0,53,81.0,12.2,28,-5.727553065987867,-10.771960632878908
2021-10-11 10:00:00,29.0,72,23.3,0.0,61,34.0,15.0,17,-4.385575570841052,-14.344571339445531
2021-10-11 11:00:00,28.9,71,23.2,0.0,79,0.0,16.2,21,-5.805560782633864,-15.124002909254669
2021-10-11 12:00:00,28.8,72,23.3,0.0,85,1.0,16.3,22,-6.106087472679366,-15.113096829438636
2021-10-11 13:00:00,28.6,74,23.6,0.3,80,1.0,13.5,29,-6.54492987332555,-11.807366046381842
2021-10-11 14:00:00,28.1,79,24.1,0.6,74,4.0,10.9,44,-7.57177623800307,-7.840803823691298
2021-10-11 15:00:00,28.8,80,25.1,0.3,80,14.0,8.7,60,-7.534421012924615,-4.3500000000000005
2021-10-11 16:00:00,28.3,83,25.2,0.6,83,16.0,8.7,45,-6.151828996322964,-6.151828996322964
2021-10-11 17:00:00,27.6,88,25.4,1.0,94,1.0,9.5,37,-5.717242719944458,-7.587037345449282
2021-10-11 18:00:00,27.1,89,25.1,1.2,83,0.0,2.9,7,-0.3534210958749276,-2.8783838397598336
2021-10-11 19:00:00,26.9,89,25.0,2.2,85,0.0,8.4,25,-3.5499933986218752,-7.61298541110786
2021-10-11 20:00:00,26.8,90,25.0,1.7,46,0.0,15.7,16,-4.327506486326887,-15.091808626231606
2021-10-11 21:00:00,26.8,89,24.8,0.4,59,0.0,15.7,32,-8.319732448461316,-13.314355109655889
2021-10-11 22:00:00,26.8,88,24.7,0.2,57,0.0,13.0,42,-8.698697882665158,-9.660882731206126
2021-10-11 23:00:00,26.9,88,24.7,0.5,65,0.0,7.6,65,-6.887939181478539,-3.211898789229316
2021-10-12 00:00:00,26.7,90,24.9,1.5,68,0.0,2.6,74,-2.499280409439629,-0.7166571251241979
2021-10-12 01:00:00,26.6,90,24.9,2.8,55,0.0,3.2,63,-2.851220877402777,-1.45276959916655
2021-10-12 02:00:00,26.5,91,25.0,1.9,68,0.0,4.0,100,-3.939231012048832,0.6945927106677212
2021-10-12 03:00:00,26.6,92,25.2,1.9,60,0.0,4.5,61,-3.935788682127281,-2.181643291108517
2021-10-12 04:00:00,26.9,90,25.1,0.9,48,0.0,6.1,45,-4.31335136523794,-4.31335136523794
2021-10-12 05:00:00,26.8,90,25.1,0.3,53,0.0,7.8,34,-4.361704647071826,-6.466493065929326
2021-10-12 06:00:00,26.8,91,25.1,0.1,58,0.0,2.6,254,2.499280409439629,0.7166571251241971
2021-10-12 07:00:00,27.1,92,25.6,0.0,46,17.0,3.4,72,-3.233592155403522,-1.0506577808748212
2021-10-12 08:00:00,28.3,87,26.0,0.0,65,52.0,7.1,60,-6.148780366869514,-3.5500000000000007
2021-10-12 09:00:00,29.1,83,25.9,0.0,85,95.0,6.2,111,-5.788198644282651,2.221881287180861
2021-10-12 10:00:00,30.0,79,25.9,0.0,67,176.0,5.1,141,-3.2095339943541705,3.963444403430551
2021-10-12 11:00:00,30.8,75,25.9,0.0,35,323.0,3.7,119,-3.236092916415765,1.793795594911447
2021-10-12 12:00:00,31.2,74,26.0,0.0,42,417.0,6.6,151,-3.1997434936258253,5.772490067120011
2021-10-12 13:00:00,31.2,75,26.3,0.0,42,375.0,9.4,184,0.6557108531947776,9.377102072442348
2021-10-12 14:00:00,31.1,76,26.5,0.1,55,260.0,8.3,214,4.641301098807197,6.881011852206847
2021-10-12 15:00:00,30.9,67,24.2,0.0,47,190.0,8.4,220,5.39941592136693,6.434773322199416
2021-10-12 16:00:00,30.4,71,24.5,0.0,45,175.0,7.1,225,5.020458146424486,5.020458146424488
2021-10-12 17:00:00,29.9,75,25.0,0.0,48,73.0,5.6,225,3.9597979746446654,3.9597979746446663
2021-10-12 18:00:00,29.2,80,25.4,0.0,37,2.0,7.1,255,6.858073366652385,1.8376152202278964
2021-10-12 19:00:00,28.7,84,25.8,0.0,79,0.0,2.4,153,-1.0895771993749124,2.138415658052083
2021-10-12 20:00:00,28.1,89,26.2,0.0,55,0.0,2.2,81,-2.1729143493093037,-0.344155823088508
2021-10-12 21:00:00,27.7,90,26.0,0.0,47,0.0,1.8,101,-1.7669289302057951,0.3434561916777806
2021-10-12 22:00:00,27.5,93,26.2,0.0,45,0.0,4.4,145,-2.5237363199446023,3.604268994871565
2021-10-12 23:00:00,27.2,94,26.2,0.0,40,0.0,6.3,167,-1.4171916423663506,6.1385314081469815
2021-10-13 00:00:00,26.8,95,26.0,0.0,28,0.0,6.9,174,-0.7212463965468108,6.862201078041086
2021-10-13 01:00:00,26.6,96,25.9,0.0,28,0.0,9.1,189,1.4235536318660995,8.987963899415753
2021-10-13 02:00:00,26.8,95,26.0,0.0,33,0.0,8.7,204,3.5386087947594613,7.947845481490627
2021-10-13 03:00:00,26.7,92,25.4,0.0,31,0.0,8.9,212,4.716281451675523,7.547628055792193
2021-10-13 04:00:00,26.9,92,25.4,0.0,51,0.0,5.1,219,3.2095339943541714,3.963444403430551
2021-10-13 05:00:00,27.3,89,25.3,0.0,72,0.0,2.6,286,2.499280409439629,-0.7166571251241984
2021-10-13 06:00:00,27.1,90,25.3,0.0,90,0.0,6.6,209,3.199743493625824,5.772490067120012
2021-10-13 07:00:00,27.1,91,25.5,0.0,84,0.0,8.0,185,0.6972459419812636,7.969557584733964
2021-10-13 08:00:00,28.3,87,25.9,0.0,94,17.0,6.9,174,-0.7212463965468108,6.862201078041086
2021-10-13 09:00:00,28.6,85,25.9,0.0,88,26.0,5.2,146,-2.907803098047884,4.310995377286217
2021-10-13 10:00:00,28.8,84,25.7,0.0,92,27.0,4.3,95,-4.283637201794505,0.3747696938149304
2021-10-13 11:00:00,28.9,83,25.7,0.0,88,1.0,5.9,43,-4.023790324368742,-4.314986839553106
2021-10-13 12:00:00,29.4,81,25.7,0.0,93,66.0,7.3,20,-2.496747046277381,-6.859756131737131
2021-10-13 13:00:00,29.5,80,25.6,0.0,83,50.0,6.2,10,-1.0766187015349682,-6.10580806867569
2021-10-13 14:00:00,29.1,80,25.4,0.7,86,18.0,7.0,348,1.4553818357243191,-6.847033205136639
2021-10-13 15:00:00,26.9,93,25.7,5.6,98,0.0,7.6,8,-1.0577155672964973,-7.5260373224359345
2021-10-13 16:00:00,27.0,93,25.7,5.9,86,1.0,7.9,16,-2.177535110954293,-7.59396739791272
2021-10-13 17:00:00,26.9,93,25.7,5.4,97,0.0,8.7,24,-3.5386087947594613,-7.947845481490627
2021-10-13 18:00:00,26.6,93,25.4,5.7,95,0.0,8.8,35,-5.047472639889206,-7.208537989743128
2021-10-13 19:00:00,26.4,93,25.2,5.6,90,0.0,6.5,56,-5.388744221607771,-3.634753872559854
2021-10-13 20:00:00,26.5,92,25.1,5.0,83,0.0,6.5,87,-6.49109197590473,-0.3401837155791358
2021-10-13 21:00:00,26.6,91,25.1,5.2,80,0.0,6.1,87,-6.0916401620029,-0.3192493330819582
2021-10-13 22:00:00,26.4,92,25.0,5.9,77,0.0,6.1,62,-5.385980316439453,-2.863776532993934
2021-10-13 23:00:00,26.3,92,24.9,7.0,75,0.0,7.0,55,-5.734064310022943,-4.015035054457322
2021-10-14 00:00:00,26.2,92,24.8,6.1,76,0.0,5.9,38,-3.632402704421384,-4.64926344627966
2021-10-14 01:00:00,26.1,93,24.8,4.0,80,0.0,5.1,356,0.3557580160950407,-5.087576656325103
2021-10-14 02:00:00,25.8,93,24.7,2.2,87,0.0,4.2,340,1.436484601967808,-3.946709007300816
2021-10-14 03:00:00,26.2,92,24.8,0.5,96,0.0,4.4,325,2.523736319944605,-3.604268994871563
2021-10-14 04:00:00,26.1,92,24.7,0.4,95,0.0,4.9,324,2.88014773623312,-3.9641832724372414
2021-10-14 05:00:00,26.2,91,24.7,0.2,94,0.0,5.2,348,1.0811407922523513,-5.086367523815789
2021-10-14 06:00:00,26.2,91,24.6,0.2,88,0.0,7.2,342,2.2249223594996232,-6.8476069173251055
2021-10-14 07:00:00,26.3,89,24.3,0.1,93,0.0,3.4,58,-2.8833635269318485,-1.8017254983928963
2021-10-14 08:00:00,26.8,86,24.2,0.0,91,4.0,3.5,114,-3.197409101749103,1.423578250765301
2021-10-14 09:00:00,27.2,81,23.6,0.0,87,11.0,3.3,103,-3.2154212137912763,0.7423384793347546
2021-10-14 10:00:00,27.2,79,23.3,0.5,89,9.0,3.8,107,-3.633958072659535,1.1110124779463992
2021-10-14 11:00:00,27.0,81,23.5,0.6,71,7.0,3.6,84,-3.580278823325784,-0.3763024677635525
2021-10-14 12:00:00,26.8,82,23.4,0.6,82,3.0,4.0,63,-3.564026096753471,-1.8159619989581872
2021-10-14 13:00:00,26.6,82,23.3,0.5,63,6.0,5.4,42,-3.613305274337834,-4.012982057577929
2021-10-14 14:00:00,26.4,80,22.8,0.3,76,0.0,6.0,25,-2.5357095704441965,-5.437846722219899
2021-10-14 15:00:00,26.5,89,24.5,1.3,74,2.0,5.6,15,-1.449386652574116,-5.409184627218783
2021-10-14 16:00:00,26.3,90,24.5,1.9,89,3.0,4.7,4,-0.3278554265973889,-4.688551036221174
2021-10-14 17:00:00,25.9,91,24.3,1.2,90,0.0,4.6,18,-1.421478174124758,-4.3748599749577055
2021-10-14 18:00:00,25.7,90,23.9,0.5,82,0.0,6.0,25,-2.5357095704441965,-5.437846722219899
2021-10-14 19:00:00,25.6,89,23.6,0.2,77,0.0,4.1,52,-3.23084408978756,-2.524212048835199
2021-10-14 20:00:00,25.6,87,23.3,0.0,68,0.0,2.7,23,-1.0549740469210394,-2.485363104321589
2021-10-14 21:00:00,25.6,86,23.2,0.0,73,0.0,4.8,13,-1.079765060850552,-4.676976310969129
2021-10-14 22:00:00,25.6,87,23.3,0.1,83,0.0,3.6,37,-2.166534083347374,-2.875087836170254
2021-10-14 23:00:00,25.6,87,23.3,0.0,80,0.0,4.3,24,-1.7489675652259409,-3.928245467863184
2021-10-15 00:00:00,25.6,87,23.3,0.0,74,0.0,4.9,17,-1.4326213531414105,-4.685893304218874
2021-10-15 01:00:00,25.4,88,23.4,0.0,74,0.0,5.7,18,-1.7613968679372003,-5.421022142882375
2021-10-15 02:00:00,25.3,90,23.4,0.0,69,0.0,5.3,28,-2.4881992827652213,-4.679622242152313
2021-10-15 03:00:00,25.0,91,23.4,0.0,75,0.0,4.4,35,-2.523736319944603,-3.604268994871564
2021-10-15 04:00:00,24.7,92,23.3,0.0,67,0.0,4.5,29,-2.1816432911085166,-3.935788682127281
2021-10-15 05:00:00,24.8,91,23.2,0.0,74,0.0,3.8,17,-1.1110124779463997,-3.633958072659535
2021-10-15 06:00:00,24.9,90,23.2,0.0,21,0.0,6.2,353,0.7555899291119128,-6.153786140176197
2021-10-15 07:00:00,25.5,89,23.6,0.0,22,16.0,6.6,22,-2.472403516545019,-6.1194134401407965
2021-10-15 08:00:00,26.8,81,23.2,0.0,22,87.0,5.3,28,-2.4881992827652213,-4.679622242152313
2021-10-15 09:00:00,27.8,75,23.0,0.0,21,189.0,3.8,17,-1.1110124779463997,-3.633958072659535
2021-10-15 10:00:00,28.4,73,23.1,0.0,19,374.0,2.5,315,1.767766952966369,-1.7677669529663684
2021-10-15 11:00:00,28.9,73,23.5,0.0,25,488.0,5.0,291,4.667902132486009,-1.791839747726502
2021-10-15 12:00:00,29.2,73,23.9,0.0,19,414.0,6.4,297,5.702441754805555,-2.9055391983330985
2021-10-15 13:00:00,29.3,73,23.9,0.0,69,386.0,7.4,299,6.472185832831528,-3.5875911898228963
2021-10-15 14:00:00,29.0,75,24.1,0.0,33,344.0,8.9,302,7.547628055792193,-4.716281451675522
2021-10-15 15:00:00,28.8,76,24.1,0.0,44,336.0,7.9,313,5.777694242791446,-5.387787044493739
2021-10-15 16:00:00,28.4,78,24.1,0.0,38,177.0,6.6,347,1.4846769586695112,-6.430842427582552
2021-10-15 17:00:00,28.0,80,24.2,0.0,30,58.0,4.5,14,-1.0886485301985047,-4.366330768241984
2021-10-15 18:00:00,27.5,82,24.1,0.0,23,3.0,5.2,34,-2.907803098047884,-4.3109953772862175
2021-10-15 19:00:00,26.7,90,24.9,0.0,29,0.0,3.7,79,-3.632020578756357,-0.7059932828932162
2021-10-15 20:00:00,26.1,91,24.6,0.0,31,0.0,4.7,122,-3.9858260519352022,2.4906205418960625
2021-10-15 21:00:00,25.7,92,24.3,0.0,30,0.0,5.6,140,-3.5996106142446207,4.289848881466276
2021-10-15 22:00:00,25.6,93,24.3,0.0,36,0.0,7.1,150,-3.5499999999999994,6.148780366869515
2021-10-15 23:00:00,25.7,92,24.3,0.0,33,0.0,7.4,157,-2.891410350820626,6.811735915548059
2021-10-16 00:00:00,25.7,92,24.4,0.0,41,0.0,6.3,167,-1.4171916423663506,6.1385314081469815
2021-10-16 01:00:00,25.6,91,24.1,0.3,45,0.0,7.6,177,-0.3977532674463729,7.589584464134761
2021-10-16 02:00:00,25.1,93,23.9,0.6,32,0.0,6.5,174,-0.6794350112397493,6.4643923198937765
2021-10-16 03:00:00,25.3,93,24.1,0.0,35,0.0,6.1,180,-7.470345474798854e-16,6.1
2021-10-16 04:00:00,25.3,93,24.0,0.3,37,0.0,2.0,225,1.414213562373095,1.4142135623730954
2021-10-16 05:00:00,25.0,94,23.9,0.4,47,0.0,1.5,256,1.4554435894139948,0.3628828433995016
2021-10-16 06:00:00,25.6,91,23.9,0.0,30,0.0,1.9,292,1.761649323676896,-0.7117525274902327
2021-10-16 07:00:00,25.5,93,24.3,0.0,26,17.0,2.2,90,-2.2,-1.3471114790620887e-16
2021-10-16 08:00:00,26.8,86,24.3,0.0,34,113.0,2.8,130,-2.1449244407331385,1.79980530712231
2021-10-16 09:00:00,27.5,83,24.4,0.1,26,257.0,1.5,194,0.3628828433995013,1.4554435894139948
2021-10-16 10:00:00,28.2,80,24.5,0.0,39,325.0,4.1,285,3.960295887785181,-1.061158084920333
2021-10-16 11:00:00,28.6,78,24.4,0.0,31,392.0,5.5,302,4.664264528860343,-2.9145559532826257
2021-10-16 12:00:00,28.9,75,24.1,0.1,41,455.0,5.6,310,4.289848881466277,-3.59961061424462
2021-10-16 13:00:00,28.6,76,24.0,0.1,36,285.0,7.0,325,4.015035054457325,-5.734064310022941
2021-10-16 14:00:00,28.6,76,23.9,0.1,48,354.0,7.6,3,-0.3977532674463731,-7.589584464134761
2021-10-16 15:00:00,29.0,74,24.0,0.0,28,260.0,8.5,12,-1.7672493719509543,-8.314254606237348
2021-10-16 16:00:00,28.8,75,23.9,0.0,23,160.0,8.8,12,-1.8296228791962823,-8.607698886457491
2021-10-16 17:00:00,28.3,77,23.8,0.0,26,58.0,6.6,22,-2.472403516545019,-6.1194134401407965
2021-10-16 18:00:00,27.4,81,23.9,0.0,23,2.0,8.8,12,-1.8296228791962823,-8.607698886457491
2021-10-16 19:00:00,26.6,85,23.9,0.0,32,0.0,10.3,29,-4.993539088537272,-9.008582983535776
2021-10-16 20:00:00,26.2,88,24.1,0.2,35,0.0,10.6,28,-4.976398565530443,-9.359244484304623
2021-10-16 21:00:00,25.8,91,24.1,0.3,21,0.0,12.0,16,-3.30764826980399,-11.535140351259829
2021-10-16 22:00:00,25.4,92,24.0,0.4,25,0.0,14.8,14,-3.5804440548750827,-14.360376748884748
2021-10-16 23:00:00,25.0,93,23.7,0.4,17,0.0,17.2,16,-4.740962520052386,-16.533701170139086
2021-10-17 00:00:00,24.8,91,23.2,0.2,19,0.0,19.5,19,-6.348579011914556,-18.43761222418668
2021-10-17 01:00:00,24.7,87,22.4,0.0,14,0.0,18.7,19,-6.08812448834883,-17.681197363707224
2021-10-17 02:00:00,24.5,85,21.8,0.0,23,0.0,17.8,21,-6.378949501906345,-16.61773159165019
2021-10-17 03:00:00,24.2,85,21.6,0.0,6,0.0,15.2,22,-5.694020219921862,-14.093194589415168
2021-10-17 04:00:00,23.9,86,21.4,0.0,12,0.0,13.0,19,-4.232386007943037,-12.29174148279112
2021-10-17 05:00:00,23.7,86,21.3,0.0,10,0.0,14.1,15,-3.6493485359455424,-13.619554150675864
2021-10-17 06:00:00,23.8,85,21.1,0.0,18,0.0,18.4,17,-5.379639366898356,-17.59600750971985
2021-10-17 07:00:00,24.2,83,21.2,0.0,12,31.0,17.9,22,-6.705458022144825,-16.596590996745494
2021-10-17 08:00:00,25.4,77,21.2,0.0,5,156.0,17.1,22,-6.405772747412096,-15.854843913092068
2021-10-17 09:00:00,26.5,73,21.2,0.0,4,327.0,17.7,13,-3.9816336618864105,-17.246350146698664
2021-10-17 10:00:00,27.1,71,21.4,0.0,2,461.0,20.0,8,-2.7834620192013086,-19.805361374831406
2021-10-17 11:00:00,27.5,70,21.5,0.0,3,482.0,20.5,10,-3.559787642172072,-20.188558936750265
2021-10-17 12:00:00,27.6,70,21.7,0.0,5,561.0,18.7,11,-3.568128213541388,-18.35642833047132
2021-10-17 13:00:00,27.5,71,21.8,0.0,4,596.0,19.9,6,-2.080116419026304,-19.79098571782864
2021-10-17 14:00:00,27.2,71,21.6,0.0,8,458.0,22.5,6,-2.351890423522203,-22.37674264578615
2021-10-17 15:00:00,27.0,70,20.9,0.0,1,400.0,22.8,5,-1.9871509346466063,-22.7132391164918
2021-10-17 16:00:00,26.2,72,20.7,0.0,3,235.0,21.0,6,-2.195097728620723,-20.88495980273374
2021-10-17 17:00:00,25.5,74,20.4,0.0,2,92.0,18.8,3,-0.9839159773673442,-18.77423525338599
2021-10-17 18:00:00,24.7,75,19.9,0.0,2,4.0,19.1,3,-0.9996167642402272,-19.07382411381236
2021-10-17 19:00:00,24.3,75,19.5,0.0,9,0.0,17.8,8,-2.477281197089165,-17.626771623599954
2021-10-17 20:00:00,24.0,75,19.3,0.0,18,0.0,14.9,7,-1.8158532167366972,-14.788937659455698
2021-10-17 21:00:00,23.9,75,19.2,0.0,28,0.0,12.3,5,-1.0720156357961954,-12.253194786528471
2021-10-17 22:00:00,23.8,75,19.2,0.0,17,0.0,11.2,360,2.743208830090071e-15,-11.2
2021-10-17 23:00:00,23.7,76,19.1,0.0,17,0.0,11.5,358,0.4013442120787595,-11.4929945107196
2021-10-18 00:00:00,23.6,76,19.1,0.0,41,0.0,10.9,6,-1.1393602496174229,-10.84028865951418
2021-10-18 01:00:00,23.6,76,19.2,0.0,27,0.0,9.9,10,-1.7191169589026103,-9.74959675482086
2021-10-18 02:00:00,23.6,77,19.4,0.0,46,0.0,9.8,8,-1.363896389408641,-9.70462707366739
2021-10-18 03:00:00,23.5,76,19.1,0.0,33,0.0,10.1,6,-1.0557374790033,-10.04467114321956
2021-10-18 04:00:00,23.5,77,19.2,0.0,29,0.0,10.2,8,-1.419565629792667,-10.100734301164016
2021-10-18 05:00:00,23.5,77,19.2,0.0,38,0.0,10.0,13,-2.24951054343865,-9.743700647852352
2021-10-18 06:00:00,23.5,78,19.4,0.0,44,0.0,10.0,13,-2.24951054343865,-9.743700647852352
2021-10-18 07:00:00,23.7,79,19.9,0.0,32,22.0,11.4,13,-2.564442019520061,-11.107818738551682
2021-10-18 08:00:00,24.5,76,19.9,0.0,26,100.0,10.9,8,-1.5169868004647131,-10.793921949283115
2021-10-18 09:00:00,25.2,75,20.5,0.0,26,273.0,9.4,358,0.3280552690035077,-9.3942737739795
2021-10-18 10:00:00,25.8,74,20.7,0.0,22,303.0,9.9,350,1.719116958902611,-9.74959675482086
2021-10-18 11:00:00,26.3,71,20.7,0.0,51,355.0,8.3,355,0.7233926648055641,-8.268415994161488
2021-10-18 12:00:00,26.8,70,20.8,0.0,68,397.0,8.4,353,1.0237024846032368,-8.337387673787106
2021-10-18 13:00:00,27.3,67,20.7,0.0,76,499.0,7.6,355,0.6623836448822031,-7.571079705497266
2021-10-18 14:00:00,27.5,66,20.6,0.0,87,466.0,7.3,351,1.141971594793687,-7.210124886344505
2021-10-18 15:00:00,27.5,67,20.7,0.0,75,278.0,8.8,348,1.829622879196287,-8.60769888645749
2021-10-18 16:00:00,27.0,68,20.7,0.0,50,169.0,10.9,351,1.7051356689385189,-10.765802912487
2021-10-18 17:00:00,26.2,72,20.7,0.0,52,71.0,11.6,353,1.4136843834997077,-11.513535359039336
2021-10-18 18:00:00,25.3,75,20.5,0.0,29,3.0,14.0,359,0.2443336901219698,-13.997867732189478
2021-10-18 19:00:00,24.7,76,20.1,0.0,28,0.0,14.0,1,-0.2443336901219691,-13.997867732189478
2021-10-18 20:00:00,24.3,76,19.8,0.0,30,0.0,13.3,360,3.25756048573196e-15,-13.3
2021-10-18 21:00:00,23.9,78,19.7,0.0,31,0.0,11.2,360,2.743208830090071e-15,-11.2
2021-10-18 22:00:00,23.7,79,19.8,0.0,34,0.0,10.5,356,0.7324429743133192,-10.474422527728152
2021-10-18 23:00:00,23.4,81,19.9,0.0,41,0.0,10.5,354,1.0975488643103608,-10.44247990136687
2021-10-19 00:00:00,23.2,82,19.9,0.0,51,0.0,9.7,356,0.6766377953180186,-9.676371287520292
2021-10-19 01:00:00,23.0,83,20.0,0.0,61,0.0,8.3,5,-0.7233926648055629,-8.268415994161488
2021-10-19 02:00:00,22.6,86,20.1,0.0,55,0.0,8.0,5,-0.6972459419812653,-7.969557584733964
2021-10-19 03:00:00,22.7,84,19.9,0.0,68,0.0,7.9,3,-0.4134540543192563,-7.889173324561134
2021-10-19 04:00:00,22.8,83,19.8,0.0,76,0.0,7.9,3,-0.4134540543192563,-7.889173324561134
2021-10-19 05:00:00,22.8,83,19.8,0.0,66,0.0,9.7,2,-0.3385251180142594,-9.694091022085228
2021-10-19 06:00:00,22.7,83,19.8,0.0,50,0.0,10.1,6,-1.0557374790033,-10.04467114321956
2021-10-19 07:00:00,23.1,83,20.1,0.0,41,28.0,11.6,5,-1.0110066158728348,-11.555858497864248
2021-10-19 08:00:00,24.2,78,20.2,0.0,25,134.0,10.6,10,-1.8406706832694613,-10.438962181929403
2021-10-19 09:00:00,25.3,72,19.9,0.0,11,304.0,8.7,7,-1.060263287624783,-8.6351515192795
2021-10-19 10:00:00,26.2,68,19.8,0.0,1,492.0,6.9,354,0.7212463965468086,-6.862201078041086
2021-10-19 11:00:00,26.9,66,20.1,0.0,12,659.0,7.2,333,3.2687315981247385,-6.415246974156248
2021-10-19 12:00:00,27.4,66,20.4,0.0,23,702.0,11.0,337,4.298042413382013,-10.125553387976844
2021-10-19 13:00:00,27.5,65,20.4,0.0,18,606.0,14.1,347,3.171809866248501,-13.738617913471815
2021-10-19 14:00:00,27.6,65,20.3,0.0,14,516.0,14.1,356,0.9835662797921716,-14.06565310866352
2021-10-19 15:00:00,27.2,66,20.3,0.0,9,383.0,13.7,357,0.7170026005283379,-13.68122462613766
2021-10-19 16:00:00,26.8,67,20.2,0.0,5,218.0,13.0,360,3.1840816777831178e-15,-13.0
2021-10-19 17:00:00,26.1,71,20.4,0.0,13,64.0,9.4,4,-0.6557108531947778,-9.377102072442348
2021-10-19 18:00:00,25.3,74,20.4,0.0,7,3.0,10.1,6,-1.0557374790033,-10.04467114321956
2021-10-19 19:00:00,24.7,77,20.4,0.0,11,0.0,11.0,11,-2.0988989491419927,-10.797899017924305
2021-10-19 20:00:00,24.3,79,20.4,0.0,14,0.0,10.0,13,-2.24951054343865,-9.743700647852352
2021-10-19 21:00:00,24.0,81,20.5,0.0,29,0.0,9.5,9,-1.4861274178821933,-9.38303923565381
2021-10-19 22:00:00,23.8,82,20.6,0.0,33,0.0,8.0,8,-1.1133848076805235,-7.922144549932563
2021-10-19 23:00:00,23.5,84,20.7,0.0,34,0.0,5.4,360,1.3226185430791417e-15,-5.4
2021-10-20 00:00:00,23.3,86,20.8,0.0,42,0.0,6.6,351,1.0324674692655251,-6.5187430479279085
2021-10-20 01:00:00,22.9,88,20.9,0.0,50,0.0,7.9,357,0.4134540543192605,-7.889173324561134
2021-10-20 02:00:00,22.8,89,20.8,0.0,47,0.0,8.4,7,-1.0237024846032388,-8.337387673787106
2021-10-20 03:00:00,23.2,86,20.6,0.0,50,0.0,8.0,18,-2.472135954999579,-7.608452130361228
2021-10-20 04:00:00,23.3,85,20.6,0.0,49,0.0,8.0,27,-3.631923997916374,-7.128052193506943
2021-10-20 05:00:00,23.4,84,20.6,0.0,33,0.0,7.9,43,-5.387787044493738,-5.777694242791447
2021-10-20 06:00:00,23.2,87,21.0,0.0,29,0.0,2.7,67,-2.485363104321589,-1.0549740469210391
2021-10-20 07:00:00,23.5,91,21.9,0.0,12,25.0,2.7,67,-2.485363104321589,-1.0549740469210391
2021-10-20 08:00:00,25.4,78,21.2,0.0,7,158.0,2.1,31,-1.0815799573111138,-1.800051331474436
2021-10-20 09:00:00,26.2,76,21.7,0.0,4,333.0,3.4,342,1.050657780874822,-3.233592155403522
2021-10-20 10:00:00,26.7,75,21.9,0.0,0,450.0,4.1,315,2.8991378028648453,-2.899137802864844
2021-10-20 11:00:00,27.1,73,21.7,0.0,0,490.0,5.3,298,4.6796222421523135,-2.488199282765219
2021-10-20 12:00:00,27.4,70,21.6,0.0,3,537.0,6.5,289,6.14587074139556,-2.116193003971516
2021-10-20 13:00:00,27.6,69,21.4,0.0,2,478.0,6.9,279,6.815049550106451,-1.0793978087775915
2021-10-20 14:00:00,27.4,70,21.5,0.0,37,366.0,7.6,265,7.571079705497266,0.6623836448822027
2021-10-20 15:00:00,27.4,69,21.3,0.0,41,349.0,6.9,276,6.862201078041087,-0.7212463965468057
2021-10-20 16:00:00,26.9,71,21.3,0.0,69,151.0,5.0,300,4.330127018922193,-2.5000000000000004
2021-10-20 17:00:00,26.3,74,21.3,0.0,92,58.0,3.9,338,1.460965714322058,-3.616017032810471
2021-10-20 18:00:00,25.6,78,21.5,0.1,100,2.0,6.5,357,0.3401837155791384,-6.49109197590473
2021-10-20 19:00:00,25.2,81,21.7,0.2,100,0.0,7.6,3,-0.3977532674463731,-7.589584464134761
2021-10-20 20:00:00,24.7,83,21.7,0.3,100,0.0,8.7,7,-1.060263287624783,-8.6351515192795
2021-10-20 21:00:00,24.4,86,21.8,0.2,100,0.0,7.4,14,-1.790222027437541,-7.180188374442374
2021-10-20 22:00:00,24.1,87,21.8,0.1,100,0.0,6.5,19,-2.1161930039715187,-6.14587074139556
2021-10-20 23:00:00,23.9,88,21.8,0.0,87,0.0,5.9,11,-1.1257730727216144,-5.791600382341218
2021-10-21 00:00:00,23.8,89,21.8,0.0,70,0.0,5.4,356,0.3766849582182784,-5.386845871403051
2021-10-21 01:00:00,23.5,89,21.6,0.0,55,0.0,6.1,357,0.3192493330819606,-6.0916401620029
2021-10-21 02:00:00,23.1,91,21.5,0.0,55,0.0,7.6,3,-0.3977532674463731,-7.589584464134761
2021-10-21 03:00:00,23.5,88,21.4,0.0,70,0.0,7.6,5,-0.662383644882202,-7.571079705497266
2021-10-21 04:00:00,23.6,87,21.4,0.0,65,0.0,8.3,2,-0.2896658226307581,-8.294943864258496
2021-10-21 05:00:00,23.5,88,21.4,0.0,58,0.0,8.3,360,2.0329136865846065e-15,-8.3
2021-10-21 06:00:00,23.3,90,21.5,0.0,53,0.0,8.8,348,1.829622879196287,-8.60769888645749
2021-10-21 07:00:00,23.7,90,21.9,0.0,46,24.0,11.4,347,2.564442019520065,-11.10781873855168
2021-10-21 08:00:00,25.2,85,22.5,0.0,31,161.0,12.8,349,2.442355140819772,-12.5648279481301
2021-10-21 09:00:00,26.3,78,22.3,0.0,22,350.0,17.4,353,2.1205265752495617,-17.270303038559003
2021-10-21 10:00:00,27.0,75,22.2,0.0,30,509.0,19.2,352,2.6721235384332647,-19.01314691983815
2021-10-21 11:00:00,27.5,72,22.1,0.0,39,643.0,19.0,350,3.2993153756716773,-18.711347307231957
2021-10-21 12:00:00,27.8,70,21.9,0.0,47,614.0,19.8,348,4.1166514781916455,-19.36732249452935
2021-10-21 13:00:00,27.9,69,21.8,0.0,44,589.0,21.5,350,3.7334358198390034,-21.17336668976247
2021-10-21 14:00:00,27.6,70,21.7,0.0,36,446.0,23.1,356,1.6113745434893023,-23.04372956100194
2021-10-21 15:00:00,27.1,72,21.6,0.0,32,358.0,23.0,359,0.4014053480575218,-22.996496988597
2021-10-21 16:00:00,26.4,74,21.5,0.0,36,183.0,22.7,359,0.3961696261263368,-22.69654268005008
2021-10-21 17:00:00,25.5,77,21.2,0.0,36,66.0,23.0,360,5.633375276077825e-15,-23.0
2021-10-21 18:00:00,24.5,80,20.8,0.0,18,2.0,22.3,360,5.4619247241971945e-15,-22.3
2021-10-21 19:00:00,23.9,81,20.5,0.0,9,0.0,22.0,1,-0.3839529416202372,-21.99664929344061
2021-10-21 20:00:00,23.6,82,20.3,0.0,10,0.0,22.0,359,0.3839529416202383,-21.99664929344061
2021-10-21 21:00:00,23.5,81,20.1,0.0,15,0.0,21.6,359,0.3769719790453249,-21.596710215378053
2021-10-21 22:00:00,23.4,80,19.9,0.0,28,0.0,21.6,357,1.1304566548475985,-21.5703979506988
2021-10-21 23:00:00,23.2,81,19.7,0.0,48,0.0,21.6,359,0.3769719790453249,-21.596710215378053
2021-10-22 00:00:00,23.0,81,19.6,0.0,67,0.0,21.2,1,-0.3699910164704104,-21.19677113731549
2021-10-22 01:00:00,22.9,82,19.6,0.1,61,0.0,19.1,1,-0.333340962952115,-19.097090977487078
2021-10-22 02:00:00,22.7,82,19.5,0.2,54,0.0,18.4,360,4.506700220862259e-15,-18.4
2021-10-22 03:00:00,22.7,83,19.7,0.0,56,0.0,18.7,358,0.6526205883367654,-18.68860846525709
2021-10-22 04:00:00,22.7,83,19.7,0.2,76,0.0,19.5,358,0.6805401856987661,-19.488121126872368
2021-10-22 05:00:00,22.7,84,19.8,0.1,54,0.0,18.7,1,-0.3263600003772016,-18.697151899424515
2021-10-22 06:00:00,22.6,84,19.9,0.0,51,0.0,17.3,2,-0.6037612929532667,-17.289461307430358
2021-10-22 07:00:00,22.9,85,20.1,0.2,37,23.0,18.7,360,4.580179028811101e-15,-18.7
2021-10-22 08:00:00,23.4,82,20.2,0.2,49,80.0,20.5,360,5.021051876504148e-15,-20.5
2021-10-22 09:00:00,23.9,81,20.3,0.2,53,105.0,22.0,3,-1.1513910373447644,-21.969849764600625
2021-10-22 10:00:00,24.4,79,20.4,0.2,53,194.0,21.6,3,-1.130456654847587,-21.5703979506988
2021-10-22 11:00:00,24.7,78,20.7,0.9,54,304.0,21.6,4,-1.5067398328731063,-21.547383485612205
2021-10-22 12:00:00,24.8,78,20.6,0.4,51,305.0,23.8,3,-1.2455957585820634,-23.76738292715886
2021-10-22 13:00:00,25.0,77,20.7,1.0,55,311.0,23.5,5,-2.0481599545699667,-23.41057540515602
2021-10-22 14:00:00,25.1,76,20.6,0.2,48,289.0,21.4,7,-2.608003948870156,-21.24048764512429
2021-10-22 15:00:00,25.3,74,20.3,0.0,29,201.0,20.2,2,-0.7049698333905196,-20.18769470578573
2021-10-22 16:00:00,24.9,74,20.1,0.0,24,120.0,20.2,359,0.3525386100331279,-20.196923442159104
2021-10-22 17:00:00,24.3,76,19.8,0.0,29,38.0,19.1,359,0.333340962952116,-19.097090977487078
2021-10-22 18:00:00,23.5,78,19.5,0.0,29,2.0,19.1,358,0.6665803870177658,-19.08836479606473
2021-10-22 19:00:00,23.2,78,19.3,0.0,31,0.0,18.0,2,-0.6281909406450175,-17.989034886343724
2021-10-22 20:00:00,22.9,80,19.2,0.0,34,0.0,15.2,4,-1.0602984009107046,-15.162973563949327
2021-10-22 21:00:00,22.9,80,19.3,0.0,43,0.0,12.6,3,-0.6594330486610923,-12.58273213790763
2021-10-22 22:00:00,23.0,80,19.4,0.1,38,0.0,10.4,2,-0.3629547657060101,-10.393664600998596
2021-10-22 23:00:00,23.1,80,19.5,0.0,39,0.0,9.0,5,-0.7844016847289235,-8.96575228282571
2021-10-23 00:00:00,23.2,80,19.6,0.1,36,0.0,9.0,5,-0.7844016847289235,-8.96575228282571
2021-10-23 01:00:00,23.3,81,19.9,0.3,44,0.0,8.4,353,1.0237024846032368,-8.337387673787106
2021-10-23 02:00:00,23.2,82,20.1,0.1,64,0.0,8.7,355,0.7582549619046273,-8.666893873398186
2021-10-23 03:00:00,23.2,81,19.8,0.0,80,0.0,9.4,4,-0.6557108531947778,-9.377102072442348
2021-10-23 04:00:00,23.1,81,19.8,0.0,95,0.0,9.2,21,-3.296985135816762,-8.588939923774255
2021-10-23 05:00:00,23.0,82,19.8,0.0,78,0.0,8.2,23,-3.2039952536120446,-7.54813979831001
2021-10-23 06:00:00,23.0,83,19.9,0.0,58,0.0,8.0,18,-2.472135954999579,-7.608452130361228
2021-10-23 07:00:00,23.2,85,20.5,0.0,40,20.0,10.1,356,0.7045403848156689,-10.075396907624224
2021-10-23 08:00:00,24.8,78,20.7,0.0,42,144.0,12.6,355,1.0981623586204947,-12.552053195955994
2021-10-23 09:00:00,25.6,74,20.7,0.0,62,310.0,12.2,358,0.42577385977051,-12.192568089632967
2021-10-23 10:00:00,26.3,73,21.1,0.0,52,459.0,10.1,358,0.3524849166952583,-10.093847352892867
2021-10-23 11:00:00,26.7,73,21.3,0.0,46,488.0,7.7,349,1.469229264399394,-7.558529312547013
2021-10-23 12:00:00,26.9,72,21.5,0.0,44,381.0,6.6,331,3.199743493625823,-5.772490067120012
2021-10-23 13:00:00,27.1,71,21.4,0.0,37,339.0,9.2,329,4.738350289172501,-7.885939166459431
2021-10-23 14:00:00,27.3,70,21.4,0.0,29,383.0,11.5,340,3.933231648245189,-10.806465139037948
2021-10-23 15:00:00,26.7,70,20.8,0.0,30,245.0,12.1,350,2.1011429497698577,-11.916173811447717
2021-10-23 16:00:00,26.3,72,20.7,0.0,35,122.0,11.9,355,1.037153338697134,-11.854716907291772
2021-10-23 17:00:00,25.7,75,20.9,0.0,32,52.0,9.7,356,0.6766377953180186,-9.676371287520292
2021-10-23 18:00:00,24.9,79,20.9,0.0,31,1.0,10.9,354,1.1393602496174222,-10.84028865951418
2021-10-23 19:00:00,24.5,81,21.1,0.0,50,0.0,10.4,358,0.3629547657060086,-10.393664600998596
2021-10-23 20:00:00,24.2,83,21.2,0.0,54,0.0,9.1,7,-1.109011024986842,-9.032169979936029
2021-10-23 21:00:00,24.1,84,21.3,0.0,73,0.0,9.3,16,-2.5634274090980926,-8.939733772226367
2021-10-23 22:00:00,23.9,87,21.6,0.0,66,0.0,7.4,14,-1.790222027437541,-7.180188374442374
2021-10-23 23:00:00,24.0,86,21.6,0.0,78,0.0,6.5,6,-0.6794350112397476,-6.4643923198937765
2021-10-24 00:00:00,23.6,89,21.6,0.0,75,0.0,6.1,357,0.3192493330819606,-6.0916401620029
2021-10-24 01:00:00,23.1,92,21.6,0.0,85,0.0,6.1,360,1.4940690949597709e-15,-6.1
2021-10-24 02:00:00,23.1,91,21.6,0.0,66,0.0,4.7,360,1.1511679911985121e-15,-4.7
2021-10-24 03:00:00,23.0,89,21.0,0.0,58,0.0,5.8,353,0.7068421917498539,-5.756767679519668
2021-10-24 04:00:00,23.1,88,21.0,0.0,71,0.0,6.5,354,0.6794350112397471,-6.4643923198937765
2021-10-24 05:00:00,23.2,87,20.9,0.1,70,0.0,8.6,360,2.1063924945334478e-15,-8.6
2021-10-24 06:00:00,23.2,87,20.9,0.1,84,0.0,10.8,358,0.3769145643870089,-10.793420931806237
2021-10-24 07:00:00,23.4,87,21.1,0.2,92,18.0,11.9,3,-0.6227978792910317,-11.88369146357943
2021-10-24 08:00:00,24.0,84,21.1,0.2,90,72.0,11.6,5,-1.0110066158728348,-11.555858497864248
2021-10-24 09:00:00,24.8,80,21.2,0.2,50,193.0,11.9,2,-0.4153040107597615,-11.89275084152724
2021-10-24 10:00:00,25.5,77,21.2,0.2,38,301.0,13.3,357,0.6960682180311601,-13.281772812235833
2021-10-24 11:00:00,25.4,79,21.5,0.5,37,159.0,14.4,357,0.7536377698983989,-14.380265300465863
2021-10-24 12:00:00,25.8,78,21.8,0.2,36,339.0,14.4,3,-0.7536377698983913,-14.380265300465863
2021-10-24 13:00:00,26.2,76,21.7,0.0,32,440.0,13.4,5,-1.1678869528186195,-13.34900895442939
2021-10-24 14:00:00,26.5,74,21.5,0.0,31,401.0,14.4,356,1.0044932219154092,-14.36492232374147
2021-10-24 15:00:00,26.6,72,21.2,0.0,34,283.0,18.5,353,2.254582852995224,-18.36210380536446
2021-10-24 16:00:00,25.9,74,20.9,0.0,33,205.0,21.2,360,5.1925024283847775e-15,-21.2
2021-10-24 17:00:00,25.0,77,20.6,0.0,36,61.0,20.6,6,-2.153286343313661,-20.48715104458643
2021-10-24 18:00:00,24.2,79,20.4,0.0,19,1.0,21.0,6,-2.195097728620723,-20.88495980273374
2021-10-24 19:00:00,23.7,81,20.3,0.0,16,0.0,20.3,6,-2.1219278043333656,-20.18879447597595
2021-10-24 20:00:00,23.5,82,20.2,0.0,15,0.0,19.5,3,-1.0205511467374049,-19.47327592771419
2021-10-24 21:00:00,23.4,82,20.2,0.0,13,0.0,18.0,2,-0.6281909406450175,-17.989034886343724
2021-10-24 22:00:00,23.3,82,20.2,0.0,10,0.0,15.9,3,-0.832141704262807,-15.878209602597725
2021-10-24 23:00:00,23.1,84,20.2,0.0,14,0.0,14.4,360,3.5269827815443773e-15,-14.4
2021-10-25 00:00:00,22.8,86,20.3,0.0,19,0.0,14.8,360,3.624954525476166e-15,-14.8
2021-10-25 01:00:00,22.5,88,20.3,0.0,12,0.0,15.9,3,-0.832141704262807,-15.878209602597725
2021-10-25 02:00:00,22.3,88,20.3,0.0,13,0.0,15.2,5,-1.324767289764404,-15.142159410994532
2021-10-25 03:00:00,21.9,89,20.0,0.0,12,0.0,14.1,6,-1.473851332073914,-14.022758724692652
2021-10-25 04:00:00,21.9,89,20.0,0.0,12,0.0,13.7,3,-0.7170026005283305,-13.68122462613766
2021-10-25 05:00:00,21.8,89,20.0,0.0,8,0.0,16.2,3,-0.8478424911356901,-16.177798463024097
2021-10-25 06:00:00,21.6,90,20.0,0.0,4,0.0,18.0,2,-0.6281909406450175,-17.989034886343724
2021-10-25 07:00:00,22.2,88,20.1,0.0,1,28.0,17.4,7,-2.120526575249566,-17.270303038559
2021-10-25 08:00:00,23.8,82,20.5,0.0,2,156.0,15.2,5,-1.324767289764404,-15.142159410994532
2021-10-25 09:00:00,25.2,76,20.6,0.0,3,361.0,15.2,4,-1.0602984009107046,-15.162973563949327
2021-10-25 10:00:00,26.2,72,20.7,0.0,2,475.0,15.1,3,-0.7902729392684519,-15.079305974794064
2021-10-25 11:00:00,27.0,69,20.9,0.0,2,629.0,14.8,360,3.624954525476166e-15,-14.8
2021-10-25 12:00:00,27.2,69,21.1,0.0,3,593.0,15.2,355,1.3247672897644065,-15.142159410994532
2021-10-25 13:00:00,27.5,69,21.3,0.0,5,605.0,17.8,352,2.4772811970891726,-17.62677162359995
2021-10-25 14:00:00,27.6,69,21.4,0.0,11,507.0,19.5,355,1.6995369835793372,-19.42579661278904
2021-10-25 15:00:00,27.0,70,21.0,0.0,14,400.0,19.8,357,1.0362519336102984,-19.772864788140563
2021-10-25 16:00:00,26.5,72,21.0,0.0,11,232.0,18.7,360,4.580179028811101e-15,-18.7
2021-10-25 17:00:00,25.7,76,21.1,0.0,14,67.0,14.4,1,-0.2513146526968826,-14.397806810252035
2021-10-25 18:00:00,24.8,79,21.0,0.0,13,1.0,14.0,359,0.2443336901219698,-13.997867732189478
2021-10-25 19:00:00,24.4,82,21.1,0.0,15,0.0,10.9,8,-1.5169868004647131,-10.793921949283115
2021-10-25 20:00:00,24.1,84,21.2,0.0,17,0.0,10.3,12,-2.141490415422921,-10.0749202875582
2021-10-25 21:00:00,23.6,87,21.4,0.0,15,0.0,7.6,360,1.8614631347039767e-15,-7.6
2021-10-25 22:00:00,23.4,89,21.4,0.0,17,0.0,6.4,344,1.764079077228793,-6.1520748540052415
2021-10-25 23:00:00,23.3,90,21.5,0.0,18,0.0,6.7,344,1.8467702839738929,-6.440453362786736
2021-10-26 00:00:00,23.2,90,21.6,0.0,27,0.0,6.6,347,1.4846769586695112,-6.430842427582552
2021-10-26 01:00:00,23.0,92,21.6,0.0,24,0.0,7.2,357,0.3768188849491994,-7.190132650232932
2021-10-26 02:00:00,22.8,92,21.5,0.0,21,0.0,6.6,13,-1.484676958669509,-6.430842427582553
2021-10-26 03:00:00,22.3,92,21.0,0.0,23,0.0,5.3,28,-2.4881992827652213,-4.679622242152313
2021-10-26 04:00:00,22.1,93,20.9,0.0,22,0.0,3.4,32,-1.8017254983928963,-2.883363526931848
2021-10-26 05:00:00,21.9,93,20.8,0.0,19,0.0,2.6,34,-1.453901549023942,-2.1554976886431088
2021-10-26 06:00:00,21.7,94,20.6,0.0,15,0.0,2.9,7,-0.3534210958749276,-2.8783838397598336
2021-10-26 07:00:00,22.4,94,21.4,0.0,7,24.0,2.8,40,-1.7998053071223097,-2.1449244407331385
2021-10-26 08:00:00,24.9,83,21.8,0.0,12,137.0,1.8,53,-1.437543918085127,-1.0832670416736871
2021-10-26 09:00:00,25.8,81,22.3,0.0,10,311.0,1.1,18,-0.3399186938124421,-1.0461621679246689
2021-10-26 10:00:00,26.6,77,22.3,0.0,18,457.0,3.3,347,0.7423384793347556,-3.215421213791276
2021-10-26 11:00:00,27.2,74,22.1,0.0,25,540.0,5.2,348,1.0811407922523513,-5.086367523815789
2021-10-26 12:00:00,27.6,72,22.0,0.0,19,537.0,6.2,339,2.2218812871808646,-5.78819864428265
2021-10-26 13:00:00,27.8,70,21.8,0.0,19,402.0,6.4,344,1.764079077228793,-6.1520748540052415
2021-10-26 14:00:00,28.0,69,21.9,0.0,12,509.0,7.4,346,1.7902220274375422,-7.180188374442374
2021-10-26 15:00:00,28.0,70,22.0,0.0,14,332.0,8.9,346,2.153104870837044,-8.635631963856369
2021-10-26 16:00:00,27.6,72,22.0,0.0,10,199.0,8.5,348,1.767249371950959,-8.314254606237347
2021-10-26 17:00:00,27.0,75,22.1,0.0,13,64.0,6.2,353,0.7555899291119128,-6.153786140176197
2021-10-26 18:00:00,26.1,80,22.4,0.0,13,1.0,6.8,360,1.6655196468404002e-15,-6.8
2021-10-26 19:00:00,25.3,84,22.4,0.0,17,0.0,5.9,14,-1.4273391840380396,-5.72474478502838
2021-10-26 20:00:00,24.7,87,22.4,0.0,29,0.0,5.1,4,-0.355758016095039,-5.087576656325103
2021-10-26 21:00:00,24.5,87,22.3,0.0,85,0.0,6.5,354,0.6794350112397471,-6.4643923198937765
2021-10-26 22:00:00,24.1,88,22.0,0.0,75,0.0,9.0,358,0.3140954703225074,-8.994517443171862
2021-10-26 23:00:00,23.9,87,21.7,0.0,44,0.0,9.1,9,-1.4235536318661008,-8.987963899415753
2021-10-27 00:00:00,23.9,87,21.6,0.0,32,0.0,7.9,24,-3.2132194802988217,-7.217009115376547
2021-10-27 01:00:00,23.6,88,21.5,0.0,23,0.0,8.2,49,-6.18861855782673,-5.379684037722159
2021-10-27 02:00:00,23.1,91,21.5,0.0,26,0.0,6.9,81,-6.815049550106451,-1.0793978087775935
2021-10-27 03:00:00,22.4,95,21.5,0.0,14,0.0,4.1,105,-3.96029588778518,1.0611580849203357
2021-10-27 04:00:00,22.6,95,21.7,0.0,14,0.0,0.8,153,-0.3631923997916375,0.7128052193506943
2021-10-27 05:00:00,22.5,96,21.8,0.0,9,0.0,3.7,299,3.236092916415764,-1.793795594911448
2021-10-27 06:00:00,21.5,97,20.9,0.0,11,0.0,9.8,336,3.986019102142842,-8.95274548489749
2021-10-27 07:00:00,22.4,96,21.7,0.0,10,26.0,7.9,357,0.4134540543192605,-7.889173324561134
2021-10-27 08:00:00,24.5,88,22.3,0.0,4,153.0,7.9,3,-0.4134540543192563,-7.889173324561134
2021-10-27 09:00:00,25.4,81,21.9,0.0,3,299.0,8.6,2,-0.3001356716415083,-8.594761112364223
2021-10-27 10:00:00,26.3,75,21.4,0.0,0,461.0,8.0,350,1.389185421335443,-7.878462024097664
2021-10-27 11:00:00,27.0,70,21.1,0.0,1,564.0,9.2,339,3.296985135816767,-8.588939923774253
2021-10-27 12:00:00,27.4,68,21.0,0.0,2,628.0,12.1,337,4.727846654720214,-11.138108726774528
2021-10-27 13:00:00,27.6,67,21.0,0.0,1,603.0,12.8,344,3.528158154457586,-12.304149708010485
2021-10-27 14:00:00,27.5,68,21.0,0.0,0,467.0,12.9,347,2.9018686010358627,-12.569373835729534
2021-10-27 15:00:00,27.3,65,20.2,0.0,2,361.0,13.4,352,1.8649195528648828,-13.26959212113704
2021-10-27 16:00:00,26.8,67,20.2,0.0,0,249.0,13.3,360,3.25756048573196e-15,-13.3
2021-10-27 17:00:00,26.0,72,20.6,0.0,1,69.0,9.8,6,-1.024378940023004,-9.746314574609078
2021-10-27 18:00:00,25.1,77,20.7,0.0,0,1.0,9.3,16,-2.5634274090980926,-8.939733772226367
2021-10-27 19:00:00,24.3,81,20.9,0.0,1,0.0,8.1,13,-1.8221035401853063,-7.892397524760405
2021-10-27 20:00:00,23.7,85,21.0,0.0,3,0.0,7.3,9,-1.1419715947936853,-7.210124886344506
2021-10-27 21:00:00,23.4,86,21.0,0.0,3,0.0,7.6,3,-0.3977532674463731,-7.589584464134761
2021-10-27 22:00:00,23.2,87,21.0,0.0,0,0.0,8.7,355,0.7582549619046273,-8.666893873398186
2021-10-27 23:00:00,23.1,88,20.9,0.0,7,0.0,8.7,7,-1.060263287624783,-8.6351515192795
2021-10-28 00:00:00,23.1,88,21.0,0.0,6,0.0,9.2,21,-3.296985135816762,-8.588939923774255
2021-10-28 01:00:00,23.0,89,21.0,0.0,5,0.0,7.9,39,-4.971631089293716,-6.139453095510071
2021-10-28 02:00:00,22.8,90,21.0,0.0,4,0.0,5.6,50,-4.289848881466277,-3.5996106142446203
2021-10-28 03:00:00,22.6,89,20.7,0.0,1,0.0,4.8,42,-3.2118269105225195,-3.5670951622914924
2021-10-28 04:00:00,22.3,91,20.7,0.0,6,0.0,5.5,23,-2.149021206691006,-5.062776693988422
2021-10-28 05:00:00,22.1,91,20.6,0.0,7,0.0,7.0,12,-1.4553818357243151,-6.84703320513664
2021-10-28 06:00:00,22.1,91,20.6,0.0,20,0.0,9.1,7,-1.109011024986842,-9.032169979936029
2021-10-28 07:00:00,22.8,89,20.9,0.0,21,22.0,8.3,18,-2.564841053312064,-7.893769085249775
2021-10-28 08:00:00,24.1,82,20.8,0.0,6,104.0,8.2,15,-2.12231616984067,-7.92059177557036
2021-10-28 09:00:00,25.0,78,20.9,0.0,14,204.0,8.1,13,-1.8221035401853063,-7.892397524760405
2021-10-28 10:00:00,25.8,74,20.8,0.0,10,406.0,6.8,360,1.6655196468404002e-15,-6.8
2021-10-28 11:00:00,26.5,69,20.4,0.0,9,535.0,7.4,337,2.891410350820627,-6.811735915548058
2021-10-28 12:00:00,26.9,67,20.2,0.0,7,600.0,10.0,339,3.583679495453008,-9.335804264972015
2021-10-28 13:00:00,27.1,65,19.9,0.0,1,570.0,11.5,346,2.7821017993961803,-11.15840085217396
2021-10-28 14:00:00,26.9,65,19.8,0.0,1,408.0,13.4,352,1.8649195528648828,-13.26959212113704
2021-10-28 15:00:00,26.6,64,19.3,0.0,2,350.0,14.4,357,0.7536377698983989,-14.380265300465863
2021-10-28 16:00:00,26.1,66,19.2,0.0,4,213.0,14.1,3,-0.737936983025508,-14.080676440039491
2021-10-28 17:00:00,25.3,70,19.3,0.0,2,62.0,10.8,2,-0.3769145643870105,-10.793420931806237
2021-10-28 18:00:00,24.4,73,19.3,0.0,2,1.0,11.5,360,2.8166876380389124e-15,-11.5
2021-10-28 19:00:00,23.8,75,19.1,0.0,8,0.0,12.0,7,-1.4624321208617697,-11.910553819695863
2021-10-28 20:00:00,23.3,77,19.1,0.0,10,0.0,11.3,9,-1.7677094549546088,-11.160878248725057
2021-10-28 21:00:00,23.0,79,19.1,0.0,8,0.0,10.2,10,-1.7712114122026892,-10.04503908072452
2021-10-28 22:00:00,22.8,79,19.0,0.0,5,0.0,9.7,4,-0.6766377953180154,-9.676371287520292
2021-10-28 23:00:00,22.6,80,19.0,0.0,5,0.0,9.4,2,-0.3280552690035091,-9.3942737739795
2021-10-29 00:00:00,22.4,81,19.0,0.0,5,0.0,9.4,4,-0.6557108531947778,-9.377102072442348
2021-10-29 01:00:00,22.2,83,19.1,0.0,5,0.0,9.0,360,2.204364238465236e-15,-9.0
2021-10-29 02:00:00,22.0,83,19.0,0.0,6,0.0,9.0,2,-0.3140954703225087,-8.994517443171862
2021-10-29 03:00:00,21.9,82,18.6,0.0,4,0.0,10.1,4,-0.7045403848156655,-10.075396907624224
2021-10-29 04:00:00,21.9,82,18.7,0.0,4,0.0,9.4,358,0.3280552690035077,-9.3942737739795
2021-10-29 05:00:00,22.0,81,18.6,0.0,6,0.0,10.1,360,2.473786534277653e-15,-10.1
2021-10-29 06:00:00,21.9,82,18.7,0.0,7,0.0,10.9,6,-1.1393602496174229,-10.84028865951418
2021-10-29 07:00:00,22.1,83,19.0,0.0,5,26.0,8.6,15,-2.2258437878816784,-8.306962106085987
2021-10-29 08:00:00,23.3,77,19.0,0.0,11,163.0,8.6,2,-0.3001356716415083,-8.594761112364223
2021-10-29 09:00:00,24.3,71,18.7,0.0,25,337.0,9.0,2,-0.3140954703225087,-8.994517443171862
2021-10-29 10:00:00,25.1,66,18.4,0.0,26,472.0,7.9,357,0.4134540543192605,-7.889173324561134
2021-10-29 11:00:00,25.7,64,18.3,0.0,21,522.0,8.4,353,1.0237024846032368,-8.337387673787106
2021-10-29 12:00:00,26.1,62,18.2,0.0,23,539.0,8.8,351,1.3766232923540338,-8.691657397237211
2021-10-29 13:00:00,26.5,60,18.2,0.0,24,534.0,9.3,344,2.5634274090980904,-8.939733772226367
2021-10-29 14:00:00,26.7,60,18.4,0.0,13,483.0,11.3,343,3.30380026336693,-10.8062437423823
2021-10-29 15:00:00,26.4,62,18.5,0.0,15,342.0,13.5,351,2.1118652780431195,-13.33379259803436
2021-10-29 16:00:00,25.9,64,18.5,0.0,15,195.0,14.4,360,3.5269827815443773e-15,-14.4
2021-10-29 17:00:00,24.9,68,18.5,0.0,23,61.0,13.0,6,-1.3588700224794952,-12.928784639787551
2021-10-29 18:00:00,23.9,71,18.4,0.0,8,1.0,12.3,7,-1.498992923883314,-12.20831766518826
2021-10-29 19:00:00,23.4,74,18.4,0.0,7,0.0,10.8,15,-2.795245687107224,-10.431998923921938
2021-10-29 20:00:00,23.0,77,18.6,0.0,10,0.0,10.2,10,-1.7712114122026892,-10.04503908072452
2021-10-29 21:00:00,22.6,79,18.8,0.0,17,0.0,9.8,6,-1.024378940023004,-9.746314574609078
2021-10-29 22:00:00,22.3,81,18.8,0.0,14,0.0,9.0,2,-0.3140954703225087,-8.994517443171862
2021-10-29 23:00:00,22.1,81,18.7,0.0,25,0.0,9.4,360,2.3023359823970247e-15,-9.4
2021-10-30 00:00:00,21.9,82,18.6,0.0,14,0.0,9.1,9,-1.4235536318661008,-8.987963899415753
2021-10-30 01:00:00,21.7,83,18.7,0.0,12,0.0,8.5,28,-3.990508283680072,-7.505054539300879
2021-10-30 02:00:00,21.5,85,19.0,0.0,14,0.0,7.5,35,-4.301823272632845,-6.143640332167439
2021-10-30 03:00:00,21.6,85,19.1,0.0,20,0.0,4.7,9,-0.7352419856890852,-4.642135200797148
2021-10-30 04:00:00,21.3,87,19.1,0.0,14,0.0,5.1,352,0.709782814896336,-5.050367150582008
2021-10-30 05:00:00,21.4,86,19.0,0.0,20,0.0,7.2,360,1.7634913907721889e-15,-7.2
2021-10-30 06:00:00,21.5,85,18.9,0.0,27,0.0,7.3,11,-1.392905666248777,-7.165878439167947
2021-10-30 07:00:00,21.9,84,19.0,0.0,23,15.0,9.0,16,-2.4807362023529924,-8.65135526344487
2021-10-30 08:00:00,23.2,76,18.7,0.0,31,119.0,9.6,13,-2.159530121701104,-9.35395262193826
2021-10-30 09:00:00,24.1,72,18.7,0.0,17,226.0,10.9,8,-1.5169868004647131,-10.793921949283115
2021-10-30 10:00:00,24.9,69,18.8,0.0,12,362.0,12.6,2,-0.4397336584515122,-12.592324420440606
2021-10-30 11:00:00,25.6,66,18.8,0.0,24,529.0,13.3,358,0.4641633061432609,-13.291897999353974
2021-10-30 12:00:00,26.1,65,18.9,0.0,25,523.0,14.3,350,2.4831689406371047,-14.082750868074577
2021-10-30 13:00:00,26.2,64,18.9,0.0,30,429.0,15.9,354,1.6620025659556894,-15.812898136355546
2021-10-30 14:00:00,26.2,64,18.9,0.0,21,479.0,16.2,3,-0.8478424911356901,-16.177798463024097
2021-10-30 15:00:00,26.1,64,18.8,0.0,22,330.0,15.0,11,-2.862134930648172,-14.72440775171496
2021-10-30 16:00:00,25.6,67,19.0,0.0,28,201.0,12.1,10,-2.101142949769857,-11.916173811447717
2021-10-30 17:00:00,25.0,70,19.2,0.0,48,49.0,9.4,360,2.3023359823970247e-15,-9.4
2021-10-30 18:00:00,24.3,74,19.3,0.0,35,0.0,11.2,358,0.3908743630680092,-11.193177262613872
2021-10-30 19:00:00,24.0,75,19.4,0.0,44,0.0,12.0,9,-1.8772135804827703,-11.852260087141651
2021-10-30 20:00:00,23.7,77,19.5,0.0,49,0.0,9.1,9,-1.4235536318661008,-8.987963899415753
2021-10-30 21:00:00,23.4,79,19.6,0.0,67,0.0,7.8,347,1.7546182238821495,-7.600086505324834
2021-10-30 22:00:00,23.1,81,19.7,0.0,42,0.0,7.7,349,1.469229264399394,-7.558529312547013
2021-10-30 23:00:00,22.8,83,19.8,0.0,16,0.0,7.1,336,2.887830165838181,-6.486172749262467
2021-10-31 00:00:00,22.6,84,19.8,0.0,13,0.0,9.2,349,1.7554427574642109,-9.030970087718508
2021-10-31 01:00:00,22.3,86,19.8,0.0,9,0.0,10.8,2,-0.3769145643870105,-10.793420931806237
2021-10-31 02:00:00,22.2,87,19.8,0.0,1,0.0,10.7,14,-2.5885642829164444,-10.382164271153162
2021-10-31 03:00:00,22.0,88,19.9,0.0,0,0.0,9.7,15,-2.510544737494451,-9.369480515003962
2021-10-31 04:00:00,21.9,88,19.8,0.0,1,0.0,9.2,21,-3.296985135816762,-8.588939923774255
2021-10-31 05:00:00,21.9,87,19.7,0.0,1,0.0,8.4,20,-2.872969203935617,-7.893418014601631
2021-10-31 06:00:00,21.8,88,19.7,0.0,2,0.0,8.8,9,-1.3766232923540318,-8.691657397237213
2021-10-31 07:00:00,22.0,88,20.0,0.0,3,24.0,11.3,7,-1.3771235804781663,-11.215771513546938
2021-10-31 08:00:00,23.4,82,20.1,0.0,1,134.0,10.3,12,-2.141490415422921,-10.0749202875582
2021-10-31 09:00:00,24.7,75,19.9,0.0,1,298.0,8.3,5,-0.7233926648055629,-8.268415994161488
2021-10-31 10:00:00,25.5,71,19.7,0.0,5,403.0,7.6,352,1.0577155672965006,-7.526037322435934
2021-10-31 11:00:00,26.2,67,19.6,0.0,7,515.0,10.5,344,2.894192236078489,-10.093247807352348
2021-10-31 12:00:00,26.8,65,19.6,0.0,16,597.0,12.8,344,3.528158154457586,-12.304149708010485
2021-10-31 13:00:00,27.1,64,19.7,0.0,5,570.0,12.4,352,1.725746451904817,-12.279324052395472
2021-10-31 14:00:00,27.1,64,19.7,0.0,5,455.0,11.7,351,1.830283240970704,-11.55595358496311
2021-10-31 15:00:00,26.8,65,19.5,0.0,10,354.0,14.3,350,2.4831689406371047,-14.082750868074577
2021-10-31 16:00:00,26.2,67,19.7,0.0,7,208.0,16.2,3,-0.8478424911356901,-16.177798463024097
2021-10-31 17:00:00,25.3,72,19.9,0.0,12,49.0,14.2,7,-1.730544676353094,-14.094155353306771
2021-10-31 18:00:00,24.6,75,19.9,0.0,7,0.0,14.0,360,3.429011037612589e-15,-14.0
2021-10-31 19:00:00,24.2,78,20.0,0.0,8,0.0,14.1,4,-0.9835662797921668,-14.06565310866352
2021-10-31 20:00:00,23.8,80,20.2,0.0,10,0.0,12.4,8,-1.7257464519048116,-12.279324052395474
2021-10-31 21:00:00,23.5,82,20.3,0.0,10,0.0,10.8,2,-0.3769145643870105,-10.793420931806237
2021-10-31 22:00:00,23.1,85,20.5,0.0,10,0.0,10.8,356,0.7533699164365569,-10.773691742806102
2021-10-31 23:00:00,22.8,87,20.6,0.0,15,0.0,11.5,356,0.8021994480574448,-11.47198657798798
2021-11-01 00:00:00,22.6,89,20.7,0.0,16,0.0,11.9,358,0.4153040107597598,-11.89275084152724
2021-11-01 01:00:00,22.4,91,20.8,0.0,20,0.0,10.1,2,-0.3524849166952598,-10.093847352892867
2021-11-01 02:00:00,22.0,93,20.8,0.0,17,0.0,8.3,5,-0.7233926648055629,-8.268415994161488
2021-11-01 03:00:00,22.3,91,20.8,0.0,18,0.0,8.0,5,-0.6972459419812653,-7.969557584733964
2021-11-01 04:00:00,22.2,92,20.8,0.0,13,0.0,8.2,23,-3.2039952536120446,-7.54813979831001
2021-11-01 05:00:00,21.7,94,20.8,0.0,36,0.0,4.6,45,-3.2526911934581184,-3.2526911934581184
2021-11-01 06:00:00,21.4,96,20.7,0.0,22,0.0,5.6,345,1.4493866525741157,-5.409184627218783
2021-11-01 07:00:00,22.0,94,21.1,0.0,23,20.0,6.9,351,1.0793978087775946,-6.81504955010645
2021-11-01 08:00:00,24.2,85,21.5,0.0,7,134.0,6.5,357,0.3401837155791384,-6.49109197590473
2021-11-01 09:00:00,25.3,78,21.1,0.0,5,265.0,5.8,353,0.7068421917498539,-5.756767679519668
2021-11-01 10:00:00,26.2,72,20.8,0.0,5,492.0,4.7,337,1.8364363038995872,-4.326372811226469
2021-11-01 11:00:00,26.9,68,20.5,0.0,6,572.0,6.3,329,3.244739871933344,-5.400153994423306
2021-11-01 12:00:00,27.4,65,20.4,0.0,5,605.0,9.5,335,4.014873486536643,-8.609923976848176
2021-11-01 13:00:00,27.6,66,20.6,0.0,5,568.0,12.7,345,3.2870018728020125,-12.267257993871167
2021-11-01 14:00:00,27.6,67,20.9,0.0,6,497.0,14.8,354,1.5470212563612706,-14.718924051450443
2021-11-01 15:00:00,27.4,66,20.5,0.0,6,319.0,14.8,3,-0.7745721523955688,-14.779717114367694
2021-11-01 16:00:00,27.0,68,20.6,0.0,3,219.0,13.0,3,-0.6803674311582698,-12.98218395180946
2021-11-01 17:00:00,26.3,72,20.8,0.0,8,62.0,9.4,358,0.3280552690035077,-9.3942737739795
2021-11-01 18:00:00,25.3,76,20.8,0.0,4,1.0,11.3,351,1.7677094549546115,-11.160878248725057
2021-11-01 19:00:00,24.6,80,21.0,0.0,5,0.0,10.8,358,0.3769145643870089,-10.793420931806237
2021-11-01 20:00:00,24.0,84,21.1,0.0,3,0.0,10.8,358,0.3769145643870089,-10.793420931806237
2021-11-01 21:00:00,23.5,87,21.2,0.0,4,0.0,11.3,351,1.7677094549546115,-11.160878248725057
2021-11-01 22:00:00,23.0,89,21.1,0.0,11,0.0,13.4,355,1.1678869528186215,-13.34900895442939
2021-11-01 23:00:00,22.7,89,20.8,0.0,15,0.0,12.6,3,-0.6594330486610923,-12.58273213790763
2021-11-02 00:00:00,22.6,88,20.6,0.0,18,0.0,10.9,8,-1.5169868004647131,-10.793921949283115
2021-11-02 01:00:00,22.6,88,20.6,0.0,20,0.0,9.5,9,-1.4861274178821933,-9.38303923565381
2021-11-02 02:00:00,22.5,89,20.6,0.0,19,0.0,8.8,12,-1.8296228791962823,-8.607698886457491
2021-11-02 03:00:00,22.0,89,20.2,0.0,24,0.0,8.4,7,-1.0237024846032388,-8.337387673787106
2021-11-02 04:00:00,21.9,90,20.2,0.0,23,0.0,8.7,5,-0.7582549619046259,-8.666893873398186
2021-11-02 05:00:00,21.7,91,20.1,0.0,19,0.0,8.7,7,-1.060263287624783,-8.6351515192795
2021-11-02 06:00:00,21.7,90,20.0,0.0,17,0.0,9.4,4,-0.6557108531947778,-9.377102072442348
2021-11-02 07:00:00,22.0,90,20.2,0.0,23,21.0,11.6,5,-1.0110066158728348,-11.555858497864248
2021-11-02 08:00:00,23.7,82,20.5,0.0,19,130.0,11.6,7,-1.4136843834997106,-11.513535359039334
2021-11-02 09:00:00,25.0,76,20.5,0.0,17,295.0,11.7,11,-2.232465245905574,-11.485038046337667
2021-11-02 10:00:00,26.0,73,20.8,0.0,14,463.0,10.5,4,-0.7324429743133156,-10.474422527728152
2021-11-02 11:00:00,26.7,70,20.8,0.0,8,510.0,11.9,357,0.622797879291038,-11.88369146357943
2021-11-02 12:00:00,27.2,67,20.6,0.0,9,563.0,14.2,353,1.7305446763530905,-14.094155353306771
2021-11-02 13:00:00,27.5,66,20.5,0.0,11,529.0,14.8,354,1.5470212563612706,-14.718924051450443
2021-11-02 14:00:00,27.5,65,20.5,0.0,10,472.0,15.5,357,0.8112073217656377,-15.478757788695894
2021-11-02 15:00:00,27.1,65,20.0,0.0,4,355.0,14.8,3,-0.7745721523955688,-14.779717114367694
2021-11-02 16:00:00,26.7,67,20.0,0.0,9,200.0,12.3,7,-1.498992923883314,-12.20831766518826
2021-11-02 17:00:00,26.0,70,20.2,0.0,8,53.0,9.0,358,0.3140954703225074,-8.994517443171862
2021-11-02 18:00:00,25.1,74,20.2,0.0,9,0.0,10.7,346,2.588564282916446,-10.382164271153162
2021-11-02 19:00:00,24.3,78,20.3,0.0,8,0.0,11.6,353,1.4136843834997077,-11.513535359039336
2021-11-02 20:00:00,23.8,80,20.1,0.0,2,0.0,10.1,2,-0.3524849166952598,-10.093847352892867
2021-11-02 21:00:00,23.5,81,20.0,0.0,1,0.0,9.4,356,0.655710853194781,-9.377102072442348
2021-11-02 22:00:00,23.2,82,20.1,0.0,1,0.0,8.8,351,1.3766232923540338,-8.691657397237211
2021-11-02 23:00:00,22.8,85,20.1,0.0,7,0.0,8.6,360,2.1063924945334478e-15,-8.6
2021-11-03 00:00:00,22.6,87,20.2,0.0,14,0.0,8.7,7,-1.060263287624783,-8.6351515192795
2021-11-03 01:00:00,22.5,87,20.3,0.0,23,0.0,8.8,12,-1.8296228791962823,-8.607698886457491
2021-11-03 02:00:00,22.4,88,20.4,0.0,17,0.0,8.6,2,-0.3001356716415083,-8.594761112364223
2021-11-03 03:00:00,22.8,85,20.2,0.0,22,0.0,7.9,3,-0.4134540543192563,-7.889173324561134
2021-11-03 04:00:00,22.7,86,20.2,0.0,15,0.0,8.8,9,-1.3766232923540318,-8.691657397237213
2021-11-03 05:00:00,22.6,86,20.2,0.0,20,0.0,8.9,14,-2.153104870837043,-8.635631963856369
2021-11-03 06:00:00,22.6,87,20.3,0.0,16,0.0,8.6,2,-0.3001356716415083,-8.594761112364223
2021-11-03 07:00:00,22.8,87,20.5,0.0,15,17.0,8.5,12,-1.7672493719509543,-8.314254606237348
2021-11-03 08:00:00,24.1,81,20.6,0.0,10,112.0,7.6,19,-2.474317973874391,-7.185941174554808
2021-11-03 09:00:00,25.3,76,20.8,0.0,5,281.0,6.0,17,-1.7542302283364206,-5.737828535778212
2021-11-03 10:00:00,26.2,73,20.9,0.0,5,419.0,5.1,356,0.3557580160950407,-5.087576656325103
2021-11-03 11:00:00,26.8,71,21.0,0.0,7,520.0,6.3,336,2.562440851377541,-5.755336383148386
2021-11-03 12:00:00,27.2,69,21.0,0.0,2,476.0,7.7,332,3.61493103345136,-6.798696465013738
2021-11-03 13:00:00,27.4,69,21.1,0.0,4,462.0,7.9,330,3.950000000000004,-6.841600689897064
2021-11-03 14:00:00,27.3,69,21.0,0.0,6,362.0,7.6,335,3.211898789229314,-6.88793918147854
2021-11-03 15:00:00,27.3,68,20.9,0.0,9,366.0,7.2,333,3.2687315981247385,-6.415246974156248
2021-11-03 16:00:00,26.9,70,20.9,0.0,11,180.0,8.2,345,2.1223161698406696,-7.92059177557036
2021-11-03 17:00:00,26.2,73,21.0,0.0,14,55.0,7.2,357,0.3768188849491994,-7.190132650232932
2021-11-03 18:00:00,25.4,77,21.2,0.0,5,0.0,8.3,355,0.7233926648055641,-8.268415994161488
2021-11-03 19:00:00,24.8,81,21.3,0.0,4,0.0,9.0,2,-0.3140954703225087,-8.994517443171862
2021-11-03 20:00:00,24.4,84,21.5,0.0,3,0.0,8.6,15,-2.2258437878816784,-8.306962106085987
2021-11-03 21:00:00,24.0,86,21.5,0.0,12,0.0,7.7,28,-3.61493103345136,-6.798696465013738
2021-11-03 22:00:00,23.8,87,21.6,0.0,23,0.0,3.7,29,-1.7937955949114472,-3.2360929164157644
2021-11-03 23:00:00,23.4,90,21.7,0.0,24,0.0,1.4,360,3.4290110376125893e-16,-1.4
2021-11-04 00:00:00,23.3,91,21.8,0.0,33,0.0,2.3,342,0.7107390870623796,-2.1874299874788528
2021-11-04 01:00:00,23.2,91,21.7,0.0,43,0.0,4.5,346,1.0886485301985054,-4.366330768241984
2021-11-04 02:00:00,23.8,88,21.7,0.0,57,0.0,4.9,17,-1.4326213531414105,-4.685893304218874
2021-11-04 03:00:00,22.6,93,21.5,0.1,52,0.0,4.6,45,-3.2526911934581184,-3.2526911934581184
2021-11-04 04:00:00,22.5,94,21.4,0.0,36,0.0,3.8,41,-2.493024310163928,-2.8678964048465336
2021-11-04 05:00:00,22.2,94,21.2,0.0,35,0.0,4.0,27,-1.815961998958187,-3.564026096753472
2021-11-04 06:00:00,22.3,94,21.3,0.0,24,0.0,6.5,354,0.6794350112397471,-6.4643923198937765
2021-11-04 07:00:00,22.8,94,21.8,0.0,24,10.0,4.5,346,1.0886485301985054,-4.366330768241984
2021-11-04 08:00:00,24.7,84,21.7,0.0,20,99.0,3.9,338,1.460965714322058,-3.616017032810471
2021-11-04 09:00:00,25.5,81,21.9,0.0,37,243.0,3.3,319,2.164994795668674,-2.490541614735147
2021-11-04 10:00:00,26.3,76,21.8,0.0,39,346.0,4.3,312,3.1955227495527967,-2.877261607343089
2021-11-04 11:00:00,27.0,73,21.7,0.0,32,490.0,6.4,308,5.04326882308302,-3.940233442084215
2021-11-04 12:00:00,27.2,72,21.7,0.0,44,509.0,9.4,310,7.200817765318394,-6.042203531053469
2021-11-04 13:00:00,27.3,71,21.7,0.0,68,515.0,11.6,324,6.818308926592691,-9.38459713474939
2021-11-04 14:00:00,27.1,72,21.5,0.0,46,306.0,11.6,334,5.085105302753302,-10.426010937070334
2021-11-04 15:00:00,26.6,70,20.6,0.0,48,249.0,10.5,352,1.4613175600806918,-10.397814721786489
2021-11-04 16:00:00,26.2,71,20.5,0.0,36,92.0,8.6,2,-0.3001356716415083,-8.594761112364223
2021-11-04 17:00:00,25.6,74,20.7,0.0,26,39.0,6.5,357,0.3401837155791384,-6.49109197590473
2021-11-04 18:00:00,25.1,77,20.8,0.0,22,0.0,8.0,350,1.389185421335443,-7.878462024097664
2021-11-04 19:00:00,24.7,79,20.9,0.0,24,0.0,8.3,358,0.2896658226307568,-8.294943864258496
2021-11-04 20:00:00,24.2,84,21.3,0.0,27,0.0,8.0,352,1.113384807680527,-7.922144549932562
2021-11-04 21:00:00,24.4,82,21.2,0.0,24,0.0,5.5,337,2.1490212066910064,-5.062776693988422
2021-11-04 22:00:00,24.0,85,21.3,0.0,22,0.0,3.8,311,2.8678964048465345,-2.4930243101639267
2021-11-04 23:00:00,23.7,88,21.5,0.0,25,0.0,3.1,315,2.192031021678298,-2.192031021678297
2021-11-05 00:00:00,23.6,89,21.6,0.0,25,0.0,1.3,34,-0.726950774511971,-1.0777488443215544
2021-11-05 01:00:00,22.3,94,21.2,0.0,49,0.0,2.3,39,-1.4474368994146258,-1.7874357113510329
2021-11-05 02:00:00,21.9,95,21.1,0.0,51,0.0,5.6,27,-2.5423467985414616,-4.98963653545486
2021-11-05 03:00:00,22.3,94,21.3,0.0,60,0.0,5.8,22,-2.172718241812289,-5.377666356487367
2021-11-05 04:00:00,22.3,94,21.3,0.0,64,0.0,6.6,9,-1.0324674692655236,-6.518743047927909
2021-11-05 05:00:00,22.3,94,21.3,0.0,70,0.0,7.6,8,-1.0577155672964973,-7.5260373224359345
2021-11-05 06:00:00,22.4,94,21.3,0.0,70,0.0,8.6,2,-0.3001356716415083,-8.594761112364223
2021-11-05 07:00:00,22.8,93,21.5,0.0,43,16.0,10.1,4,-0.7045403848156655,-10.075396907624224
2021-11-05 08:00:00,24.1,87,21.8,0.0,41,108.0,8.0,10,-1.3891854213354426,-7.878462024097664
2021-11-05 09:00:00,25.4,78,21.3,0.0,25,247.0,6.2,7,-0.7555899291119144,-6.153786140176196
2021-11-05 10:00:00,26.5,71,20.9,0.0,17,408.0,3.4,342,1.050657780874822,-3.233592155403522
2021-11-05 11:00:00,27.2,68,20.8,0.0,28,484.0,3.0,284,2.910887178827989,-0.7257656867990023
2021-11-05 12:00:00,27.8,67,21.0,0.0,30,573.0,4.0,270,4.0,7.34788079488412e-16
2021-11-05 13:00:00,28.0,66,21.2,0.0,26,547.0,4.7,270,4.7,8.63375993398884e-16
2021-11-05 14:00:00,27.9,68,21.4,0.0,20,440.0,4.7,274,4.688551036221175,-0.3278554265973885
2021-11-05 15:00:00,27.6,68,21.3,0.0,21,304.0,4.0,270,4.0,7.34788079488412e-16
2021-11-05 16:00:00,27.3,70,21.3,0.0,14,164.0,4.0,280,3.939231012048833,-0.6945927106677199
2021-11-05 17:00:00,26.7,72,21.3,0.0,16,44.0,5.4,307,4.312631754255383,-3.249801125021059
2021-11-05 18:00:00,25.8,78,21.6,0.0,15,0.0,7.1,330,3.550000000000003,-6.148780366869512
2021-11-05 19:00:00,25.0,83,21.9,0.0,12,0.0,5.8,338,2.172718241812292,-5.377666356487366
2021-11-05 20:00:00,24.4,88,22.2,0.0,19,0.0,5.7,342,1.7613968679372018,-5.421022142882375
2021-11-05 21:00:00,24.0,90,22.3,0.0,20,0.0,5.2,344,1.4333142502483949,-4.998560818879258
2021-11-05 22:00:00,24.7,86,22.1,0.0,17,0.0,2.3,309,1.7874357113510326,-1.447436899414626
2021-11-05 23:00:00,24.0,89,22.2,0.0,19,0.0,2.9,300,2.511473670974872,-1.4500000000000002
2021-11-06 00:00:00,22.5,95,21.7,0.0,28,0.0,4.3,336,1.7489675652259409,-3.928245467863184
2021-11-06 01:00:00,22.1,96,21.4,0.0,53,0.0,5.1,4,-0.355758016095039,-5.087576656325103
2021-11-06 02:00:00,22.1,95,21.3,0.0,50,0.0,4.3,24,-1.7489675652259409,-3.928245467863184
2021-11-06 03:00:00,21.9,97,21.4,0.0,55,0.0,3.3,41,-2.1649947956686737,-2.490541614735148
2021-11-06 04:00:00,21.7,97,21.2,0.0,51,0.0,4.6,39,-2.894873798829252,-3.5748714227020657
2021-11-06 05:00:00,21.7,96,21.1,0.0,45,0.0,5.4,48,-4.012982057577929,-3.613305274337834
2021-11-06 06:00:00,21.6,95,20.8,0.0,39,0.0,6.1,50,-4.6728711030257655,-3.92100441908789
2021-11-06 07:00:00,22.1,93,20.9,0.0,16,20.0,7.0,55,-5.734064310022943,-4.015035054457322
2021-11-06 08:00:00,24.9,83,21.8,0.0,5,146.0,4.6,51,-3.5748714227020657,-2.894873798829252
2021-11-06 09:00:00,26.9,71,21.2,0.0,8,322.0,3.1,45,-2.192031021678297,-2.192031021678297
2021-11-06 10:00:00,27.9,68,21.4,0.0,12,485.0,3.2,360,7.837739514543061e-16,-3.2
2021-11-06 11:00:00,28.4,67,21.8,0.0,11,553.0,7.1,345,1.8376152202278968,-6.858073366652385
2021-11-06 12:00:00,28.7,68,22.1,0.0,10,617.0,8.7,343,2.543633831087813,-8.319851376878407
2021-11-06 13:00:00,28.8,68,22.3,0.0,4,614.0,10.0,339,3.583679495453008,-9.335804264972015
2021-11-06 14:00:00,28.7,69,22.5,0.0,6,513.0,12.3,339,4.4079257794072,-11.48303924591558
2021-11-06 15:00:00,28.5,70,22.5,0.0,6,365.0,13.1,344,3.610849361202686,-12.592528216791978
2021-11-06 16:00:00,27.9,73,22.5,0.0,16,213.0,12.7,345,3.2870018728020125,-12.267257993871167
2021-11-06 17:00:00,26.9,77,22.6,0.0,17,59.0,11.0,349,2.098898949141992,-10.797899017924305
2021-11-06 18:00:00,25.6,83,22.5,0.0,9,0.0,12.4,350,2.153237403069937,-12.21161613735138
2021-11-06 19:00:00,25.0,86,22.5,0.0,5,0.0,13.0,357,0.6803674311582768,-12.98218395180946
2021-11-06 20:00:00,24.5,89,22.6,0.0,2,0.0,13.7,3,-0.7170026005283305,-13.68122462613766
2021-11-06 21:00:00,24.1,91,22.5,0.0,4,0.0,12.2,2,-0.4257738597705118,-12.192568089632967
2021-11-06 22:00:00,23.8,91,22.3,0.0,1,0.0,10.1,358,0.3524849166952583,-10.093847352892867
2021-11-06 23:00:00,23.4,92,22.1,0.0,3,0.0,9.0,355,0.7844016847289249,-8.96575228282571
2021-11-07 00:00:00,23.1,94,22.0,0.0,21,0.0,9.4,358,0.3280552690035077,-9.3942737739795
2021-11-07 01:00:00,22.9,94,21.9,0.0,22,0.0,9.4,2,-0.3280552690035091,-9.3942737739795
2021-11-07 02:00:00,22.7,95,21.9,0.0,4,0.0,9.4,4,-0.6557108531947778,-9.377102072442348
2021-11-07 03:00:00,22.2,97,21.7,0.0,5,0.0,9.0,5,-0.7844016847289235,-8.96575228282571
2021-11-07 04:00:00,22.2,97,21.6,0.0,6,0.0,8.3,5,-0.7233926648055629,-8.268415994161488
2021-11-07 05:00:00,22.1,97,21.5,0.0,5,0.0,9.4,2,-0.3280552690035091,-9.3942737739795
2021-11-07 06:00:00,22.1,96,21.5,0.0,1,0.0,9.7,358,0.3385251180142579,-9.694091022085228
2021-11-07 07:00:00,22.3,95,21.5,0.0,4,19.0,10.5,8,-1.4613175600806871,-10.397814721786489
2021-11-07 08:00:00,24.0,89,22.1,0.0,6,144.0,9.4,2,-0.3280552690035091,-9.3942737739795
2021-11-07 09:00:00,25.9,79,21.9,0.0,3,326.0,9.0,2,-0.3140954703225087,-8.994517443171862
2021-11-07 10:00:00,27.1,71,21.3,0.0,2,492.0,6.5,3,-0.3401837155791349,-6.49109197590473
2021-11-07 11:00:00,28.0,65,20.7,0.0,2,594.0,5.9,349,1.1257730727216135,-5.791600382341218
2021-11-07 12:00:00,28.5,63,20.7,0.0,3,629.0,6.2,339,2.2218812871808646,-5.78819864428265
2021-11-07 13:00:00,28.8,62,20.8,0.0,2,624.0,7.1,336,2.887830165838181,-6.486172749262467
2021-11-07 14:00:00,28.7,63,21.1,0.0,4,513.0,7.9,336,3.213219480298821,-7.217009115376548
2021-11-07 15:00:00,28.4,61,20.2,0.0,8,380.0,9.2,339,3.296985135816767,-8.588939923774253
2021-11-07 16:00:00,27.8,65,20.5,0.0,16,211.0,9.8,352,1.3638963894086458,-9.704627073667387
2021-11-07 17:00:00,26.9,70,21.1,0.0,21,55.0,8.7,355,0.7582549619046273,-8.666893873398186
2021-11-07 18:00:00,25.9,76,21.3,0.0,10,0.0,10.7,340,3.659615533584654,-10.05471104240922
2021-11-07 19:00:00,25.1,81,21.6,0.0,10,0.0,9.7,360,2.3758147903458648e-15,-9.7
2021-11-07 20:00:00,24.5,85,21.9,0.0,12,0.0,9.7,358,0.3385251180142579,-9.694091022085228
2021-11-07 21:00:00,23.9,89,22.1,0.0,14,0.0,9.4,4,-0.6557108531947778,-9.377102072442348
2021-11-07 22:00:00,23.5,92,22.2,0.0,37,0.0,8.0,8,-1.1133848076805235,-7.922144549932563
2021-11-07 23:00:00,23.2,94,22.1,0.0,49,0.0,8.5,12,-1.7672493719509543,-8.314254606237348
2021-11-08 00:00:00,23.3,94,22.2,0.0,38,0.0,7.4,23,-2.891410350820626,-6.811735915548059
2021-11-08 01:00:00,23.2,94,22.3,0.0,21,0.0,7.4,23,-2.891410350820626,-6.811735915548059
2021-11-08 02:00:00,23.2,94,22.3,0.0,41,0.0,6.5,3,-0.3401837155791349,-6.49109197590473
2021-11-08 03:00:00,23.2,95,22.3,0.0,42,0.0,6.8,357,0.3558845024520217,-6.790680836331102
2021-11-08 04:00:00,23.2,95,22.3,0.0,25,0.0,10.6,350,1.840670683269462,-10.438962181929403
2021-11-08 05:00:00,23.3,95,22.5,0.0,32,0.0,13.8,353,1.681796938991032,-13.697136892650246
2021-11-08 06:00:00,23.4,94,22.5,0.0,100,0.0,11.3,353,1.3771235804781636,-11.21577151354694
2021-11-08 07:00:00,23.6,92,22.2,0.0,100,15.0,13.4,346,3.2417534010355493,-13.001962732098352
2021-11-08 08:00:00,24.3,84,21.4,0.0,100,122.0,18.6,350,3.229856104604905,-18.31742420602707
2021-11-08 09:00:00,24.3,81,20.9,0.0,95,208.0,26.7,356,1.8624978489681543,-26.634960141937302
2021-11-08 10:00:00,24.4,76,19.9,0.0,83,345.0,29.2,358,1.019065303713024,-29.1822121489576
2021-11-08 11:00:00,24.7,71,19.1,0.0,10,556.0,27.4,359,0.4781959363815695,-27.39582684728512
2021-11-08 12:00:00,25.0,67,18.5,0.0,11,630.0,27.9,354,2.91634412516753,-27.747160880774825
2021-11-08 13:00:00,24.8,66,18.1,0.0,15,597.0,29.9,357,1.5648450916640366,-29.85902308916176
2021-11-08 14:00:00,24.4,66,17.6,0.0,23,524.0,29.9,1,-0.521826952474777,-29.895446085176097
2021-11-08 15:00:00,24.2,67,17.8,0.0,22,371.0,28.8,360,7.053965563088755e-15,-28.8
2021-11-08 16:00:00,23.2,69,17.2,0.0,17,199.0,27.4,358,0.9562462096485224,-27.383308660323223
2021-11-08 17:00:00,22.1,72,16.7,0.0,39,48.0,26.3,356,1.834595259470504,-26.23593452183338
2021-11-08 18:00:00,21.1,74,16.3,0.0,31,0.0,26.3,359,0.4589982893005576,-26.29599438261309
2021-11-08 19:00:00,20.6,74,15.9,0.0,36,0.0,25.6,359,0.4467816047944591,-25.596100996003617
2021-11-08 20:00:00,20.3,74,15.6,0.0,38,0.0,24.9,358,0.8689974678922705,-24.884831592775484
2021-11-08 21:00:00,19.9,75,15.4,0.0,44,0.0,24.9,358,0.8689974678922705,-24.884831592775484
2021-11-08 22:00:00,19.7,76,15.3,0.2,80,0.0,23.8,357,1.245595758582076,-23.76738292715886
2021-11-08 23:00:00,19.5,77,15.3,0.3,100,0.0,23.5,356,1.6392771329869524,-23.44275518110587
2021-11-09 00:00:00,19.2,78,15.3,0.4,100,0.0,21.6,356,1.506739832873114,-21.547383485612205
2021-11-09 01:00:00,19.0,80,15.4,0.5,100,0.0,20.6,355,1.7954083006017614,-20.52161078068996
2021-11-09 02:00:00,19.0,80,15.5,0.3,100,0.0,20.3,354,2.1219278043333643,-20.18879447597595
2021-11-09 03:00:00,18.7,83,15.8,0.7,100,0.0,20.6,356,1.4369833591289882,-20.54981943535238
2021-11-09 04:00:00,18.7,83,15.8,0.7,100,0.0,21.6,358,0.7538291287740179,-21.58684186361247
2021-11-09 05:00:00,18.6,84,15.7,0.5,100,0.0,21.6,2,-0.753829128774021,-21.58684186361247
2021-11-09 06:00:00,18.6,83,15.6,0.3,91,0.0,19.8,358,0.6910100347095163,-19.787938374978097
2021-11-09 07:00:00,18.9,81,15.6,0.0,100,6.0,20.0,353,2.4373868681029447,-19.850923032826444
2021-11-09 08:00:00,19.4,79,15.7,0.0,86,25.0,20.9,356,1.4579103012522256,-20.849088650430325
2021-11-09 09:00:00,20.2,74,15.5,0.0,100,129.0,20.2,360,4.9475730685553065e-15,-20.2
2021-11-09 10:00:00,21.2,71,15.7,0.0,88,300.0,16.6,358,0.5793316452615137,-16.58988772851699
2021-11-09 11:00:00,21.6,70,15.9,0.0,84,311.0,15.4,349,2.938458528798788,-15.117058625094026
2021-11-09 12:00:00,22.0,69,16.1,0.1,94,352.0,15.6,345,4.037577103599323,-15.068442890109464
2021-11-09 13:00:00,22.4,68,16.2,0.0,37,415.0,14.8,347,3.329275604289207,-14.42067695882148
2021-11-09 14:00:00,22.5,67,16.1,0.0,33,393.0,16.2,348,3.3681693912477098,-15.845991131887647
2021-11-09 15:00:00,22.4,64,15.4,0.0,35,295.0,18.2,352,2.532950437473199,-18.02287885109658
2021-11-09 16:00:00,21.8,65,15.0,0.0,25,156.0,19.9,354,2.080116419026303,-19.79098571782864
2021-11-09 17:00:00,20.8,68,14.7,0.0,31,46.0,21.3,355,1.8564173205251224,-21.21894706935418
2021-11-09 18:00:00,19.9,70,14.2,0.0,39,0.0,20.9,356,1.4579103012522256,-20.849088650430325
2021-11-09 19:00:00,19.3,72,14.0,0.0,42,0.0,19.8,357,1.0362519336102984,-19.772864788140563
2021-11-09 20:00:00,18.9,73,14.0,0.0,38,0.0,18.8,357,0.983915977367354,-18.77423525338599
2021-11-09 21:00:00,18.7,74,14.0,0.0,42,0.0,17.0,356,1.1858600536501358,-16.958588854417012
2021-11-09 22:00:00,18.8,74,14.1,0.0,36,0.0,15.2,353,1.8524140197582375,-15.086701504948095
2021-11-09 23:00:00,18.7,75,14.2,0.0,52,0.0,15.3,352,2.129348444689008,-15.151101451746026
2021-11-10 00:00:00,18.6,75,14.2,0.0,56,0.0,14.5,354,1.5156627173809745,-14.420567482839962
2021-11-10 01:00:00,18.7,75,14.1,0.0,58,0.0,14.2,353,1.7305446763530905,-14.094155353306771
2021-11-10 02:00:00,18.8,74,14.0,0.0,57,0.0,16.4,351,2.5655252266597897,-16.198088785760255
2021-11-10 03:00:00,18.6,75,14.0,0.1,62,0.0,19.5,356,1.36025123801045,-19.45249898006657
2021-11-10 04:00:00,18.5,73,13.7,0.0,54,0.0,20.2,1,-0.3525386100331269,-20.196923442159104
2021-11-10 05:00:00,18.6,73,13.6,0.0,35,0.0,18.7,1,-0.3263600003772016,-18.697151899424515
2021-11-10 06:00:00,18.7,71,13.4,0.0,24,0.0,18.7,358,0.6526205883367654,-18.68860846525709
2021-11-10 07:00:00,19.0,70,13.3,0.0,26,11.0,20.6,354,2.1532863433136606,-20.48715104458643
2021-11-10 08:00:00,20.0,66,13.6,0.0,34,109.0,18.4,359,0.3211242784460175,-18.3971975908776
2021-11-10 09:00:00,21.1,63,13.9,0.0,35,151.0,19.6,353,2.3886391307408856,-19.453904572169915
2021-11-10 10:00:00,21.7,59,13.4,0.0,28,280.0,23.7,351,3.7074968214534767,-23.40821367210476
2021-11-10 11:00:00,21.6,58,13.1,0.1,27,331.0,25.6,356,1.7857657278496164,-25.537639686651502
2021-11-10 12:00:00,21.6,59,13.3,0.0,19,326.0,24.5,357,1.2822309279521371,-24.466423601487055
2021-11-10 13:00:00,22.0,57,13.1,0.0,17,357.0,22.5,354,2.351890423522202,-22.37674264578615
2021-11-10 14:00:00,22.4,55,13.0,0.0,22,316.0,21.0,355,1.830270597700825,-20.920088659926652
2021-11-10 15:00:00,22.2,56,13.0,0.0,16,265.0,19.9,356,1.3881538275081,-19.8515246001705
2021-11-10 16:00:00,21.8,57,12.9,0.0,19,164.0,19.1,357,0.9996167642402376,-19.07382411381236
2021-11-10 17:00:00,21.0,59,12.8,0.0,23,40.0,17.7,358,0.6177210916342646,-17.689217638237995
2021-11-10 18:00:00,20.2,62,12.6,0.0,4,0.0,17.3,2,-0.6037612929532667,-17.289461307430358
2021-11-10 19:00:00,19.8,64,12.9,0.0,2,0.0,15.8,360,3.869883885305636e-15,-15.8
2021-11-10 20:00:00,19.4,67,13.1,0.0,0,0.0,14.4,1,-0.2513146526968826,-14.397806810252035
2021-11-10 21:00:00,19.0,69,13.3,0.0,0,0.0,14.0,1,-0.2443336901219691,-13.997867732189478
2021-11-10 22:00:00,18.7,71,13.4,0.0,0,0.0,14.4,360,3.5269827815443773e-15,-14.4
2021-11-10 23:00:00,18.6,72,13.4,0.0,0,0.0,14.8,360,3.624954525476166e-15,-14.8
2021-11-11 00:00:00,18.5,72,13.3,0.0,2,0.0,15.1,3,-0.7902729392684519,-15.079305974794064
2021-11-11 01:00:00,18.3,72,13.1,0.0,3,0.0,14.1,4,-0.9835662797921668,-14.06565310866352
2021-11-11 02:00:00,18.1,72,13.0,0.0,8,0.0,12.6,5,-1.098162358620493,-12.552053195955994
2021-11-11 03:00:00,17.8,69,12.0,0.0,4,0.0,13.0,2,-0.4536934571325126,-12.992080751248244
2021-11-11 04:00:00,17.7,69,11.9,0.0,7,0.0,14.1,3,-0.737936983025508,-14.080676440039491
2021-11-11 05:00:00,17.8,69,11.9,0.0,8,0.0,14.4,4,-1.0044932219154044,-14.36492232374147
2021-11-11 06:00:00,17.7,69,12.0,0.0,2,0.0,14.8,4,-1.0323958114130545,-14.763947943845398
2021-11-11 07:00:00,17.9,70,12.4,0.0,1,18.0,14.4,4,-1.0044932219154044,-14.36492232374147
2021-11-11 08:00:00,19.5,65,12.8,0.0,2,149.0,14.8,3,-0.7745721523955688,-14.779717114367694
2021-11-11 09:00:00,21.0,58,12.5,0.0,2,321.0,15.2,4,-1.0602984009107046,-15.162973563949327
2021-11-11 10:00:00,22.3,52,11.9,0.0,2,477.0,13.7,2,-0.4781231048242632,-13.691654330161612
2021-11-11 11:00:00,23.2,48,11.7,0.0,9,611.0,11.5,358,0.4013442120787595,-11.4929945107196
2021-11-11 12:00:00,23.8,46,11.6,0.0,8,634.0,9.5,351,1.4861274178821953,-9.383039235653808
2021-11-11 13:00:00,24.1,45,11.4,0.0,9,581.0,8.4,340,2.8729692039356163,-7.893418014601631
2021-11-11 14:00:00,24.2,44,11.3,0.0,6,513.0,10.4,340,3.5570094905869536,-9.772803256173448
2021-11-11 15:00:00,23.9,46,11.5,0.0,8,330.0,14.3,350,2.4831689406371047,-14.082750868074577
2021-11-11 16:00:00,23.2,50,12.1,0.0,7,193.0,14.8,356,1.0323958114130594,-14.763947943845398
2021-11-11 17:00:00,22.0,54,12.3,0.0,3,56.0,15.1,360,3.698433333425007e-15,-15.1
2021-11-11 18:00:00,20.9,59,12.5,0.0,4,0.0,13.8,7,-1.6817969389910352,-13.697136892650244
2021-11-11 19:00:00,20.2,64,13.1,0.0,2,0.0,12.3,5,-1.0720156357961954,-12.253194786528471
2021-11-11 20:00:00,19.8,67,13.6,0.0,4,0.0,10.8,4,-0.7533699164365533,-10.773691742806102
2021-11-11 21:00:00,19.5,71,14.0,0.0,4,0.0,10.1,360,2.473786534277653e-15,-10.1
2021-11-11 22:00:00,19.2,74,14.4,0.0,8,0.0,9.7,356,0.6766377953180186,-9.676371287520292
2021-11-11 23:00:00,19.1,76,14.7,0.0,6,0.0,10.1,358,0.3524849166952583,-10.093847352892867
2021-11-12 00:00:00,18.9,77,14.8,0.0,2,0.0,10.1,2,-0.3524849166952598,-10.093847352892867
2021-11-12 01:00:00,18.8,78,14.9,0.0,7,0.0,9.7,2,-0.3385251180142594,-9.694091022085228
2021-11-12 02:00:00,18.8,79,15.0,0.0,14,0.0,10.5,4,-0.7324429743133156,-10.474422527728152
2021-11-12 03:00:00,18.5,82,15.3,0.0,17,0.0,11.2,6,-1.1707187885977188,-11.13864522812466
2021-11-12 04:00:00,18.5,82,15.5,0.0,26,0.0,14.4,1,-0.2513146526968826,-14.397806810252035
2021-11-12 05:00:00,19.0,80,15.5,0.0,27,0.0,15.6,8,-2.171100374977021,-15.448181872368496
2021-11-12 06:00:00,19.0,79,15.3,0.0,31,0.0,15.5,12,-3.2226312076752697,-15.161287811373988
2021-11-12 07:00:00,19.4,76,15.2,0.0,19,11.0,15.8,12,-3.2850047149205976,-15.454732091594131
2021-11-12 08:00:00,20.7,71,15.3,0.0,24,57.0,15.5,3,-0.8112073217656295,-15.478757788695894
2021-11-12 09:00:00,21.9,66,15.2,0.0,33,89.0,14.1,3,-0.737936983025508,-14.080676440039491
2021-11-12 10:00:00,23.1,60,14.9,0.0,31,214.0,11.2,4,-0.7812725059342034,-11.17271736291003
2021-11-12 11:00:00,23.9,56,14.6,0.0,34,298.0,6.1,360,1.4940690949597709e-15,-6.1
2021-11-12 12:00:00,24.5,52,14.1,0.0,32,380.0,3.9,326,2.180852323535912,-3.233246532964663
2021-11-12 13:00:00,24.8,50,13.8,0.0,41,463.0,6.9,321,4.342310698243882,-5.362307134053097
2021-11-12 14:00:00,24.9,49,13.5,0.0,48,397.0,11.0,337,4.298042413382013,-10.125553387976844
2021-11-12 15:00:00,24.4,53,14.3,0.0,39,169.0,13.0,357,0.6803674311582768,-12.98218395180946
2021-11-12 16:00:00,23.9,56,14.5,0.0,35,88.0,11.5,4,-0.802199448057441,-11.47198657798798
2021-11-12 17:00:00,23.2,59,14.8,0.0,32,17.0,9.0,5,-0.7844016847289235,-8.96575228282571
2021-11-12 18:00:00,22.5,63,15.0,0.0,49,0.0,10.4,360,2.547265342226495e-15,-10.4
2021-11-12 19:00:00,21.9,66,15.3,0.0,45,0.0,9.5,11,-1.812685456077176,-9.325458242752807
2021-11-12 20:00:00,21.4,71,15.9,0.3,49,0.0,9.0,29,-4.363286582217033,-7.871577364254562
2021-11-12 21:00:00,20.7,78,16.7,0.0,50,0.0,6.4,47,-4.680663690362692,-4.36478950439999
2021-11-12 22:00:00,20.4,79,16.7,0.0,33,0.0,4.3,85,-4.283637201794505,-0.3747696938149299
2021-11-12 23:00:00,21.4,73,16.3,0.0,39,0.0,1.6,297,1.4256104387013888,-0.7263847995832746
2021-11-13 00:00:00,20.1,83,17.0,0.4,80,0.0,4.5,299,3.935788682127281,-2.181643291108518
2021-11-13 01:00:00,20.3,82,17.1,0.7,100,0.0,6.5,3,-0.3401837155791349,-6.49109197590473
2021-11-13 02:00:00,19.6,87,17.4,0.8,100,0.0,9.0,16,-2.4807362023529924,-8.65135526344487
2021-11-13 03:00:00,20.6,80,17.0,0.2,100,0.0,12.3,15,-3.183474254761005,-11.88088766335554
2021-11-13 04:00:00,20.5,79,16.7,0.2,100,0.0,14.4,4,-1.0044932219154044,-14.36492232374147
2021-11-13 05:00:00,20.0,79,16.2,0.8,100,0.0,16.9,1,-0.2949456687900913,-16.89742604814301
2021-11-13 06:00:00,19.5,78,15.6,0.8,84,0.0,13.7,14,-3.314329969715448,-13.293051449981151
2021-11-13 07:00:00,19.2,79,15.4,1.0,68,5.0,12.9,23,-5.040431557511631,-11.87451260953648
2021-11-13 08:00:00,19.5,79,15.7,0.7,93,31.0,10.8,21,-3.8703738550892433,-10.08266860616978
2021-11-13 09:00:00,19.9,78,15.9,0.6,71,10.0,8.4,7,-1.0237024846032388,-8.337387673787106
2021-11-13 10:00:00,20.4,76,16.0,0.5,59,31.0,7.7,349,1.469229264399394,-7.558529312547013
2021-11-13 11:00:00,21.0,74,16.3,0.6,42,153.0,10.9,343,3.186851581477835,-10.423721839997086
2021-11-13 12:00:00,21.8,72,16.5,0.3,55,225.0,14.9,352,2.0736792043049816,-14.754994224249398
2021-11-13 13:00:00,22.3,70,16.6,0.2,60,216.0,17.3,356,1.2067869957733734,-17.257858069494958
2021-11-13 14:00:00,22.2,71,16.8,0.3,58,163.0,16.6,356,1.1579574641524857,-16.55956323431308
2021-11-13 15:00:00,22.4,69,16.4,0.0,49,93.0,17.3,355,1.507794349534489,-17.234168276987198
2021-11-13 16:00:00,22.1,72,16.9,0.1,39,100.0,18.0,3,-0.942047212372989,-17.975331625582328
2021-11-13 17:00:00,21.6,76,17.1,0.0,30,29.0,18.8,3,-0.9839159773673442,-18.77423525338599
2021-11-13 18:00:00,21.1,79,17.4,0.0,22,0.0,21.3,358,0.7433592797632675,-21.28702461550674
2021-11-13 19:00:00,20.6,82,17.5,0.0,27,0.0,22.7,358,0.7922185751467686,-22.686171773333477
2021-11-13 20:00:00,20.4,83,17.4,0.0,38,0.0,22.3,359,0.3891886635514234,-22.296603601987528
2021-11-13 21:00:00,20.3,83,17.2,0.0,30,0.0,22.0,358,0.7677889274550181,-21.986598194420107
2021-11-13 22:00:00,20.1,83,17.1,0.0,56,0.0,22.3,359,0.3891886635514234,-22.296603601987528
2021-11-13 23:00:00,20.0,83,17.0,0.0,46,0.0,22.7,1,-0.3961696261263357,-22.69654268005008
2021-11-14 00:00:00,19.8,83,16.9,0.0,26,0.0,22.3,1,-0.3891886635514223,-22.296603601987528
2021-11-14 01:00:00,19.7,84,16.9,0.0,14,0.0,22.0,359,0.3839529416202383,-21.99664929344061
2021-11-14 02:00:00,19.6,85,16.9,0.0,14,0.0,22.7,358,0.7922185751467686,-22.686171773333477
2021-11-14 03:00:00,19.1,86,16.7,0.0,26,0.0,22.7,358,0.7922185751467686,-22.686171773333477
2021-11-14 04:00:00,19.0,86,16.6,0.0,22,0.0,22.0,358,0.7677889274550181,-21.986598194420107
2021-11-14 05:00:00,18.9,86,16.5,0.0,23,0.0,20.9,358,0.7293994810822672,-20.8872682846991
2021-11-14 06:00:00,18.8,86,16.5,0.0,23,0.0,19.8,357,1.0362519336102984,-19.772864788140563
2021-11-14 07:00:00,19.1,85,16.5,0.0,28,13.0,20.2,356,1.409080769631338,-20.15079381524845
2021-11-14 08:00:00,20.7,78,16.7,0.0,25,129.0,20.9,358,0.7293994810822672,-20.8872682846991
2021-11-14 09:00:00,22.0,72,16.6,0.0,30,303.0,20.5,360,5.021051876504148e-15,-20.5
2021-11-14 10:00:00,23.0,67,16.6,0.0,24,471.0,19.5,358,0.6805401856987661,-19.488121126872368
2021-11-14 11:00:00,23.8,64,16.6,0.0,22,568.0,18.8,355,1.6385279636559764,-18.728460324124818
2021-11-14 12:00:00,24.3,63,16.7,0.0,27,631.0,19.2,355,1.6733902607550395,-19.126938203361515
2021-11-14 13:00:00,24.5,62,16.7,0.0,19,601.0,19.5,356,1.36025123801045,-19.45249898006657
2021-11-14 14:00:00,24.4,62,16.7,0.0,10,496.0,18.4,358,0.6421507393260151,-18.38879121715136
2021-11-14 15:00:00,24.2,62,16.4,0.0,2,362.0,18.1,355,1.5775189437326156,-18.0311240354606
2021-11-14 16:00:00,23.6,64,16.3,0.0,5,202.0,18.4,354,1.9233237241248229,-18.299202874776228
2021-11-14 17:00:00,22.5,67,16.2,0.0,2,51.0,17.3,358,0.6037612929532643,-17.289461307430358
2021-11-14 18:00:00,21.6,71,16.1,0.0,2,0.0,15.5,4,-1.0812253430339422,-15.462242779027276
2021-11-14 19:00:00,21.0,74,16.2,0.0,16,0.0,12.3,7,-1.498992923883314,-12.20831766518826
2021-11-14 20:00:00,20.8,76,16.4,0.0,24,0.0,9.4,2,-0.3280552690035091,-9.3942737739795
2021-11-14 21:00:00,20.7,78,16.7,0.0,29,0.0,9.1,353,1.1090110249868397,-9.03216997993603
2021-11-14 22:00:00,20.6,79,16.8,0.0,33,0.0,9.4,358,0.3280552690035077,-9.3942737739795
2021-11-14 23:00:00,20.3,81,16.9,0.0,30,0.0,9.4,4,-0.6557108531947778,-9.377102072442348
2021-11-15 00:00:00,20.0,83,17.0,0.0,32,0.0,10.1,4,-0.7045403848156655,-10.075396907624224
2021-11-15 01:00:00,19.6,85,17.1,0.0,32,0.0,8.0,355,0.6972459419812665,-7.969557584733964
2021-11-15 02:00:00,19.9,84,17.0,0.0,35,0.0,8.8,351,1.3766232923540338,-8.691657397237211
2021-11-15 03:00:00,19.1,88,17.1,0.0,48,0.0,8.3,5,-0.7233926648055629,-8.268415994161488
2021-11-15 04:00:00,19.0,89,17.1,0.0,49,0.0,7.4,14,-1.790222027437541,-7.180188374442374
2021-11-15 05:00:00,18.9,89,17.0,0.0,60,0.0,7.5,17,-2.192787785420526,-7.172285669722766
2021-11-15 06:00:00,19.0,88,17.0,0.0,44,0.0,7.6,19,-2.474317973874391,-7.185941174554808
2021-11-15 07:00:00,19.1,88,17.2,0.0,31,5.0,7.4,29,-3.5875911898228945,-6.472185832831529
2021-11-15 08:00:00,21.2,83,18.1,0.0,30,85.0,4.9,17,-1.4326213531414105,-4.685893304218874
2021-11-15 09:00:00,23.2,71,17.7,0.0,15,262.0,4.0,360,9.797174393178826e-16,-4.0
2021-11-15 10:00:00,24.4,68,18.0,0.0,15,403.0,4.5,331,2.181643291108516,-3.9357886821272814
2021-11-15 11:00:00,25.1,65,18.1,0.0,14,501.0,7.9,321,4.971631089293719,-6.139453095510068
2021-11-15 12:00:00,25.5,64,18.2,0.0,11,555.0,11.0,328,5.829111906565255,-9.328529057720685
2021-11-15 13:00:00,25.8,63,18.2,0.0,19,538.0,11.7,342,3.615498834186888,-11.127361240653295
2021-11-15 14:00:00,25.7,62,18.0,0.0,22,407.0,9.8,354,1.0243789400230034,-9.746314574609078
2021-11-15 15:00:00,25.8,61,17.7,0.0,2,256.0,7.6,355,0.6623836448822031,-7.571079705497266
2021-11-15 16:00:00,25.5,62,17.6,0.0,2,169.0,9.4,342,2.9047597471245084,-8.939931253174443
2021-11-15 17:00:00,24.5,66,17.8,0.0,2,49.0,9.3,347,2.092044805397948,-9.061641602502688
2021-11-15 18:00:00,23.4,71,17.9,0.0,7,0.0,9.4,353,1.145571828008384,-9.329933825428428
2021-11-15 19:00:00,22.8,74,17.9,0.0,2,0.0,10.9,9,-1.7051356689385164,-10.765802912487002
2021-11-15 20:00:00,21.9,80,18.4,0.0,2,0.0,6.5,19,-2.1161930039715187,-6.14587074139556
2021-11-15 21:00:00,22.1,79,18.4,0.0,10,0.0,2.4,333,1.0895771993749126,-2.138415658052083
2021-11-15 22:00:00,22.3,78,18.3,0.0,9,0.0,2.6,304,2.1554976886431083,-1.4539015490239422
2021-11-15 23:00:00,22.3,79,18.5,0.0,8,0.0,4.2,329,2.163159914622229,-3.600102662948871
2021-11-16 00:00:00,22.0,81,18.5,0.0,16,0.0,5.2,348,1.0811407922523513,-5.086367523815789
2021-11-16 01:00:00,21.3,84,18.5,0.0,24,0.0,4.5,14,-1.0886485301985047,-4.366330768241984
2021-11-16 02:00:00,20.8,86,18.4,0.0,32,0.0,3.8,41,-2.493024310163928,-2.8678964048465336
2021-11-16 03:00:00,19.5,91,18.0,0.0,35,0.0,2.7,67,-2.485363104321589,-1.0549740469210391
2021-11-16 04:00:00,19.6,91,18.0,0.0,46,0.0,2.5,82,-2.475670171853926,-0.3479327524001636
2021-11-16 05:00:00,19.6,90,17.9,0.0,32,0.0,2.4,117,-2.138415658052083,1.0895771993749122
2021-11-16 06:00:00,20.0,87,17.7,0.0,42,0.0,0.4,270,0.4,7.347880794884119e-17
2021-11-16 07:00:00,19.8,88,17.8,0.0,42,11.0,1.5,76,-1.4554435894139948,-0.3628828433995015
2021-11-16 08:00:00,22.7,79,18.8,0.0,26,98.0,2.3,51,-1.7874357113510329,-1.447436899414626
2021-11-16 09:00:00,24.4,68,18.1,0.0,37,258.0,2.5,360,6.123233995736766e-16,-2.5
2021-11-16 10:00:00,25.3,64,18.0,0.0,22,408.0,6.6,338,2.4724035165450213,-6.119413440140796
2021-11-16 11:00:00,26.0,62,18.1,0.0,21,512.0,10.0,339,3.583679495453008,-9.335804264972015
2021-11-16 12:00:00,26.3,60,18.0,0.0,10,548.0,11.7,342,3.615498834186888,-11.127361240653295
2021-11-16 13:00:00,26.2,61,18.1,0.0,16,460.0,13.1,339,4.69462013904344,-12.22990358711334
2021-11-16 14:00:00,25.9,62,18.0,0.0,15,323.0,13.8,340,4.719877977894227,-12.967758166845536
2021-11-16 15:00:00,25.6,63,17.9,0.0,8,276.0,14.5,346,3.507867486195184,-14.06928803100195
2021-11-16 16:00:00,25.0,66,18.2,0.0,7,147.0,15.7,349,2.995701227411751,-15.411546780128324
2021-11-16 17:00:00,24.0,72,18.5,0.0,5,35.0,14.4,356,1.0044932219154092,-14.36492232374147
2021-11-16 18:00:00,23.1,77,18.8,0.0,3,0.0,14.1,356,0.9835662797921716,-14.06565310866352
2021-11-16 19:00:00,22.6,81,19.1,0.0,3,0.0,13.3,357,0.6960682180311601,-13.281772812235833
2021-11-16 20:00:00,22.3,84,19.4,0.0,6,0.0,12.6,360,3.08610993385133e-15,-12.6
2021-11-16 21:00:00,22.0,86,19.5,0.0,8,0.0,12.2,2,-0.4257738597705118,-12.192568089632967
2021-11-16 22:00:00,21.8,87,19.6,0.0,2,0.0,10.5,8,-1.4613175600806871,-10.397814721786489
2021-11-16 23:00:00,21.5,89,19.7,0.0,5,0.0,9.4,4,-0.6557108531947778,-9.377102072442348
2021-11-17 00:00:00,21.8,88,19.6,0.0,3,0.0,4.9,324,2.88014773623312,-3.9641832724372414
2021-11-17 01:00:00,19.8,94,18.8,0.0,2,0.0,6.4,308,5.04326882308302,-3.940233442084215
2021-11-17 02:00:00,19.7,94,18.8,0.0,3,0.0,8.5,332,3.990508283680072,-7.505054539300879
2021-11-17 03:00:00,20.1,95,19.2,0.0,2,0.0,8.4,353,1.0237024846032368,-8.337387673787106
2021-11-17 04:00:00,20.4,94,19.5,0.0,5,0.0,8.7,5,-0.7582549619046259,-8.666893873398186
2021-11-17 05:00:00,20.3,95,19.5,0.0,4,0.0,9.3,16,-2.5634274090980926,-8.939733772226367
2021-11-17 06:00:00,20.0,97,19.4,0.0,1,0.0,7.0,12,-1.4553818357243151,-6.84703320513664
2021-11-17 07:00:00,20.0,97,19.6,0.0,1,9.0,5.5,11,-1.0494494745709964,-5.398949508962152
2021-11-17 08:00:00,21.9,93,20.6,0.0,0,90.0,2.5,8,-0.3479327524001636,-2.475670171853926
2021-11-17 09:00:00,23.7,83,20.7,0.0,3,222.0,2.6,304,2.1554976886431083,-1.4539015490239422
2021-11-17 10:00:00,24.7,77,20.4,0.0,5,378.0,3.6,264,3.5802788233257843,0.3763024677635521
2021-11-17 11:00:00,25.6,72,20.2,0.0,15,528.0,4.6,252,4.3748599749577055,1.4214781741247586
2021-11-17 12:00:00,26.0,70,20.1,0.0,20,470.0,6.1,242,5.385980316439454,2.863776532993933
2021-11-17 13:00:00,26.3,68,19.8,0.0,25,438.0,7.3,250,6.859756131737131,2.49674704627738
2021-11-17 14:00:00,26.1,68,19.7,0.0,25,359.0,8.3,268,8.294943864258496,0.2896658226307563
2021-11-17 15:00:00,25.8,67,19.1,0.0,30,220.0,8.9,297,7.929958065276476,-4.040515447681965
2021-11-17 16:00:00,25.1,70,19.2,0.0,38,108.0,10.0,322,6.156614753256582,-7.88010753606722
2021-11-17 17:00:00,24.3,75,19.5,0.0,34,31.0,9.3,344,2.5634274090980904,-8.939733772226367
2021-11-17 18:00:00,23.4,79,19.7,0.0,41,0.0,11.1,347,2.496956703216905,-10.815507719116107
2021-11-17 19:00:00,23.0,83,20.0,0.0,48,0.0,13.1,351,2.0492914920270278,-12.938717261796302
2021-11-17 20:00:00,22.6,86,20.2,0.0,45,0.0,13.3,357,0.6960682180311601,-13.281772812235833
2021-11-17 21:00:00,22.3,89,20.4,0.0,46,0.0,12.6,358,0.4397336584515103,-12.592324420440606
2021-11-17 22:00:00,22.1,90,20.4,0.0,45,0.0,11.2,354,1.1707187885977182,-11.13864522812466
2021-11-17 23:00:00,21.9,91,20.4,0.0,48,0.0,12.8,350,2.222696674136709,-12.605539238556265
2021-11-18 00:00:00,21.8,92,20.4,0.0,33,0.0,14.4,356,1.0044932219154092,-14.36492232374147
2021-11-18 01:00:00,21.6,93,20.5,0.0,27,0.0,14.4,360,3.5269827815443773e-15,-14.4
2021-11-18 02:00:00,21.4,95,20.6,0.0,41,0.0,13.7,358,0.4781231048242612,-13.691654330161612
2021-11-18 03:00:00,21.6,93,20.4,0.0,47,0.0,15.1,357,0.79027293926846,-15.079305974794064
2021-11-18 04:00:00,21.5,93,20.2,0.0,58,0.0,16.9,358,0.5898014942722639,-16.889704976622717
2021-11-18 05:00:00,21.4,92,20.0,0.0,58,0.0,17.3,360,4.237277925049842e-15,-17.3
2021-11-18 06:00:00,21.5,91,19.9,0.0,35,0.0,19.1,356,1.3323486485127998,-19.053473359962645
2021-11-18 07:00:00,21.4,91,19.8,0.0,49,8.0,22.5,354,2.351890423522202,-22.37674264578615
2021-11-18 08:00:00,21.9,87,19.7,0.0,37,50.0,25.6,358,0.8934271155840211,-25.584405171688854
2021-11-18 09:00:00,22.8,81,19.3,0.0,38,169.0,26.7,5,-2.327058331362473,-26.598398439049607
2021-11-18 10:00:00,23.9,74,19.0,0.0,37,322.0,24.7,8,-3.4375755937136163,-24.459621297916787
2021-11-18 11:00:00,24.8,70,18.9,0.0,6,492.0,22.0,2,-0.7677889274550214,-21.986598194420107
2021-11-18 12:00:00,25.4,67,18.8,0.0,7,551.0,22.0,355,1.917426340448483,-21.9162833580184
2021-11-18 13:00:00,25.7,65,18.7,0.0,13,543.0,23.1,356,1.6113745434893023,-23.04372956100194
2021-11-18 14:00:00,25.6,65,18.7,0.0,13,396.0,23.8,357,1.245595758582076,-23.76738292715886
2021-11-18 15:00:00,24.8,69,18.7,0.0,24,263.0,23.4,360,5.7313470200096116e-15,-23.4
2021-11-18 16:00:00,24.0,72,18.7,0.0,29,134.0,22.0,359,0.3839529416202383,-21.99664929344061
2021-11-18 17:00:00,23.2,76,18.6,0.0,38,32.0,20.9,357,1.0938214854775372,-20.871357276370592
2021-11-18 18:00:00,22.5,79,18.7,0.0,35,0.0,20.5,359,0.3577743319643129,-20.49687775070602
2021-11-18 19:00:00,22.3,80,18.8,0.0,26,0.0,19.1,357,0.9996167642402376,-19.07382411381236
2021-11-18 20:00:00,22.1,82,18.9,0.0,36,0.0,17.3,355,1.507794349534489,-17.234168276987198
2021-11-18 21:00:00,22.0,83,19.0,0.0,52,0.0,15.9,355,1.385776309687767,-15.839495699658755
2021-11-18 22:00:00,21.9,85,19.2,0.0,55,0.0,14.9,353,1.8158532167366936,-14.7889376594557
2021-11-18 23:00:00,21.9,85,19.3,0.0,46,0.0,13.8,351,2.158795617555189,-13.6300991002129
2021-11-19 00:00:00,21.7,87,19.4,0.0,34,0.0,14.3,350,2.4831689406371047,-14.082750868074577
2021-11-19 01:00:00,21.5,88,19.5,0.0,25,0.0,14.6,350,2.535263393937184,-14.378193193978236
2021-11-19 02:00:00,21.3,89,19.5,0.0,23,0.0,15.2,355,1.3247672897644065,-15.142159410994532
2021-11-19 03:00:00,21.6,88,19.6,0.0,26,0.0,15.5,356,1.0812253430339474,-15.462242779027276
2021-11-19 04:00:00,21.6,89,19.7,0.0,26,0.0,16.9,358,0.5898014942722639,-16.889704976622717
2021-11-19 05:00:00,21.6,90,19.8,0.0,25,0.0,16.6,360,4.065827373169213e-15,-16.6
2021-11-19 06:00:00,21.4,91,19.9,0.0,19,0.0,16.9,359,0.2949456687900921,-16.89742604814301
2021-11-19 07:00:00,21.4,92,20.1,0.0,6,9.0,19.1,356,1.3323486485127998,-19.053473359962645
2021-11-19 08:00:00,22.5,87,20.2,0.0,12,95.0,21.3,357,1.1147558679747152,-21.270809090272422
2021-11-19 09:00:00,23.9,77,19.7,0.0,1,282.0,19.1,360,4.6781507727428894e-15,-19.1
2021-11-19 10:00:00,25.0,72,19.6,0.0,1,441.0,17.8,353,2.1692743126116207,-17.667321499215532
2021-11-19 11:00:00,25.9,68,19.6,0.0,1,542.0,17.6,349,3.3582383186271865,-17.276638428678886
2021-11-19 12:00:00,26.4,67,19.8,0.0,0,607.0,19.1,344,5.26467349610468,-18.360098392421893
2021-11-19 13:00:00,26.5,67,19.9,0.0,3,589.0,22.0,345,5.694018992255455,-21.2503681783595
2021-11-19 14:00:00,26.4,67,19.7,0.0,2,516.0,21.3,354,2.226456267601018,-21.183316371344223
2021-11-19 15:00:00,26.1,67,19.5,0.0,3,322.0,18.4,360,4.506700220862259e-15,-18.4
2021-11-19 16:00:00,25.7,68,19.4,0.0,0,183.0,14.8,354,1.5470212563612706,-14.718924051450443
2021-11-19 17:00:00,24.6,74,19.6,0.0,0,46.0,12.6,347,2.834383284732703,-12.277062816293965
2021-11-19 18:00:00,23.5,80,19.8,0.0,0,0.0,13.1,352,1.823167622576863,-12.97251170051457
2021-11-19 19:00:00,22.8,84,20.0,0.0,2,0.0,11.5,356,0.8021994480574448,-11.47198657798798
2021-11-19 20:00:00,22.4,87,20.0,0.0,1,0.0,9.7,356,0.6766377953180186,-9.676371287520292
2021-11-19 21:00:00,22.1,88,20.1,0.0,6,0.0,10.5,354,1.0975488643103608,-10.44247990136687
2021-11-19 22:00:00,21.9,90,20.1,0.0,5,0.0,9.9,350,1.719116958902611,-9.74959675482086
2021-11-19 23:00:00,21.3,93,20.1,0.0,15,0.0,9.3,347,2.092044805397948,-9.061641602502688
2021-11-20 00:00:00,20.8,94,19.8,0.0,28,0.0,8.6,360,2.1063924945334478e-15,-8.6
2021-11-20 01:00:00,20.6,94,19.6,0.0,32,0.0,8.1,13,-1.8221035401853063,-7.892397524760405
2021-11-20 02:00:00,20.6,94,19.7,0.0,25,0.0,7.8,22,-2.921931428644114,-7.232034065620942
2021-11-20 03:00:00,21.0,92,19.6,0.0,25,0.0,6.9,28,-3.2393537832226467,-6.092338390726597
2021-11-20 04:00:00,21.1,91,19.5,0.0,21,0.0,7.9,24,-3.2132194802988217,-7.217009115376547
2021-11-20 05:00:00,21.1,91,19.5,0.0,17,0.0,8.0,18,-2.472135954999579,-7.608452130361228
2021-11-20 06:00:00,21.0,90,19.4,0.0,15,0.0,8.3,358,0.2896658226307568,-8.294943864258496
2021-11-20 07:00:00,21.1,91,19.5,0.0,9,9.0,6.9,9,-1.079397808777593,-6.815049550106451
2021-11-20 08:00:00,23.0,85,20.3,0.0,8,105.0,5.6,15,-1.449386652574116,-5.409184627218783
2021-11-20 09:00:00,24.4,77,20.1,0.0,5,230.0,5.2,12,-1.0811407922523486,-5.08636752381579
2021-11-20 10:00:00,25.4,72,20.0,0.0,9,377.0,4.3,360,1.0531962472667237e-15,-4.3
2021-11-20 11:00:00,26.2,69,20.1,0.0,8,462.0,3.7,331,1.7937955949114466,-3.236092916415765
2021-11-20 12:00:00,26.7,68,20.2,0.0,10,453.0,6.4,313,4.680663690362691,-4.364789504399991
2021-11-20 13:00:00,26.9,67,20.3,0.0,12,472.0,7.7,323,4.633975678270772,-6.149493427364155
2021-11-20 14:00:00,26.8,67,20.2,0.0,11,392.0,8.5,332,3.990508283680072,-7.505054539300879
2021-11-20 15:00:00,26.6,67,20.0,0.0,9,275.0,10.1,343,2.952954217699645,-9.658678035226655
2021-11-20 16:00:00,26.2,68,19.9,0.0,13,134.0,10.2,352,1.419565629792672,-10.100734301164016
2021-11-20 17:00:00,25.5,72,20.1,0.0,17,33.0,8.6,358,0.300135671641507,-8.594761112364223
2021-11-20 18:00:00,24.6,77,20.3,0.0,19,0.0,11.4,349,2.175222547292609,-11.19054989130337
2021-11-20 19:00:00,23.9,81,20.4,0.0,33,0.0,11.9,3,-0.6227978792910317,-11.88369146357943
2021-11-20 20:00:00,23.4,84,20.6,0.0,25,0.0,10.3,12,-2.141490415422921,-10.0749202875582
2021-11-20 21:00:00,23.1,86,20.7,0.0,25,0.0,8.4,10,-1.458644692402215,-8.272385125302547
2021-11-20 22:00:00,22.7,89,20.8,0.0,27,0.0,9.0,2,-0.3140954703225087,-8.994517443171862
2021-11-20 23:00:00,22.4,91,20.8,0.0,22,0.0,8.3,2,-0.2896658226307581,-8.294943864258496
2021-11-21 00:00:00,22.1,92,20.7,0.0,27,0.0,8.7,7,-1.060263287624783,-8.6351515192795
2021-11-21 01:00:00,21.9,93,20.7,0.0,23,0.0,8.8,9,-1.3766232923540318,-8.691657397237213
2021-11-21 02:00:00,21.7,94,20.6,0.0,24,0.0,7.9,3,-0.4134540543192563,-7.889173324561134
2021-11-21 03:00:00,21.7,93,20.4,0.0,14,0.0,7.2,357,0.3768188849491994,-7.190132650232932
2021-11-21 04:00:00,21.6,93,20.5,0.0,14,0.0,9.4,358,0.3280552690035077,-9.3942737739795
2021-11-21 05:00:00,21.7,93,20.6,0.0,22,0.0,10.8,4,-0.7533699164365533,-10.773691742806102
2021-11-21 06:00:00,21.6,94,20.7,0.0,18,0.0,10.9,9,-1.7051356689385164,-10.765802912487002
2021-11-21 07:00:00,21.7,93,20.6,0.0,9,6.0,9.1,18,-2.8120546488120213,-8.654614298285896
2021-11-21 08:00:00,23.0,88,20.9,0.0,2,87.0,7.4,14,-1.790222027437541,-7.180188374442374
2021-11-21 09:00:00,24.5,79,20.7,0.0,0,224.0,6.5,6,-0.6794350112397476,-6.4643923198937765
2021-11-21 10:00:00,25.8,72,20.4,0.0,0,429.0,5.7,342,1.7613968679372018,-5.421022142882375
2021-11-21 11:00:00,26.6,67,20.0,0.0,0,522.0,8.3,326,4.6413010988071965,-6.881011852206848
2021-11-21 12:00:00,27.1,65,19.9,0.0,0,537.0,11.8,333,5.357087896926655,-10.51387698542274
2021-11-21 13:00:00,27.2,65,20.0,0.0,0,516.0,13.3,341,4.330056454280184,-12.575397055470916
2021-11-21 14:00:00,27.0,66,20.1,0.0,0,412.0,13.6,349,2.595002337121008,-13.35012969488823
2021-11-21 15:00:00,26.6,68,20.3,0.0,0,276.0,12.6,358,0.4397336584515103,-12.592324420440606
2021-11-21 16:00:00,26.2,70,20.2,0.0,0,154.0,12.2,358,0.42577385977051,-12.192568089632967
2021-11-21 17:00:00,25.3,74,20.4,0.0,0,39.0,9.7,358,0.3385251180142579,-9.694091022085228
2021-11-21 18:00:00,24.2,80,20.5,0.0,0,0.0,10.1,356,0.7045403848156689,-10.075396907624224
2021-11-21 19:00:00,23.6,83,20.6,0.0,0,0.0,9.4,358,0.3280552690035077,-9.3942737739795
2021-11-21 20:00:00,23.0,87,20.8,0.0,0,0.0,8.3,360,2.0329136865846065e-15,-8.3
2021-11-21 21:00:00,22.6,90,20.9,0.0,0,0.0,8.0,355,0.6972459419812665,-7.969557584733964
2021-11-21 22:00:00,22.2,92,20.9,0.0,1,0.0,8.0,352,1.113384807680527,-7.922144549932562
2021-11-21 23:00:00,22.0,93,20.8,0.0,1,0.0,7.9,3,-0.4134540543192563,-7.889173324561134
2021-11-22 00:00:00,21.9,93,20.7,0.0,2,0.0,7.9,3,-0.4134540543192563,-7.889173324561134
2021-11-22 01:00:00,21.6,94,20.5,0.0,1,0.0,7.6,3,-0.3977532674463731,-7.589584464134761
2021-11-22 02:00:00,21.4,94,20.4,0.0,1,0.0,7.2,3,-0.3768188849491956,-7.190132650232932
2021-11-22 03:00:00,21.1,95,20.3,0.0,26,0.0,7.2,360,1.7634913907721889e-15,-7.2
2021-11-22 04:00:00,20.8,96,20.2,0.0,24,0.0,8.0,352,1.113384807680527,-7.922144549932562
2021-11-22 05:00:00,20.9,96,20.2,0.0,26,0.0,10.3,348,2.141490415422927,-10.074920287558198
2021-11-22 06:00:00,21.0,96,20.4,0.0,3,0.0,11.5,346,2.7821017993961803,-11.15840085217396
2021-11-22 07:00:00,21.4,96,20.7,0.0,7,9.0,13.0,346,3.1449846427956825,-12.613844441587954
2021-11-22 08:00:00,22.7,91,21.2,0.0,5,102.0,15.5,348,3.222631207675278,-15.161287811373986
2021-11-22 09:00:00,24.1,82,20.8,0.0,13,257.0,21.4,353,2.6080039488701505,-21.24048764512429
2021-11-22 10:00:00,24.7,75,20.0,0.0,16,406.0,22.0,357,1.1513910373447762,-21.969849764600625
2021-11-22 11:00:00,25.1,68,18.8,0.0,2,502.0,23.1,356,1.6113745434893023,-23.04372956100194
2021-11-22 12:00:00,25.3,64,18.0,0.0,1,587.0,25.2,358,0.8794673169030207,-25.184648840881213
2021-11-22 13:00:00,25.0,63,17.5,0.0,0,581.0,25.9,360,6.343670419583289e-15,-25.9
2021-11-22 14:00:00,24.5,63,16.9,0.0,5,504.0,27.7,358,0.9667160586592728,-27.683125908428952
2021-11-22 15:00:00,23.6,65,16.7,0.0,7,318.0,30.3,357,1.5857794741612143,-30.258474903063583
2021-11-22 16:00:00,22.4,67,15.9,0.0,15,168.0,30.6,360,7.494838410781802e-15,-30.6
2021-11-22 17:00:00,21.1,70,15.4,0.0,20,42.0,29.2,2,-1.0190653037130282,-29.1822121489576
2021-11-22 18:00:00,20.3,72,15.0,0.0,25,0.0,26.3,4,-1.8345952594704955,-26.23593452183338
2021-11-22 19:00:00,19.9,72,14.7,0.0,31,0.0,24.8,359,0.4328196796446323,-24.796222839878503
2021-11-22 20:00:00,19.9,71,14.5,0.0,42,0.0,25.9,358,0.9038969645947712,-25.88422241979458
2021-11-22 21:00:00,19.8,70,14.3,0.0,62,0.0,25.6,360,6.270191611634449e-15,-25.6
2021-11-22 22:00:00,19.6,71,14.2,0.0,65,0.0,22.3,2,-0.7782587764657717,-22.28641544252584
2021-11-22 23:00:00,19.4,71,14.1,0.0,50,0.0,19.9,356,1.3881538275081,-19.8515246001705
2021-11-23 00:00:00,19.2,71,13.9,0.0,63,0.0,22.8,355,1.9871509346466096,-22.7132391164918
2021-11-23 01:00:00,19.0,72,13.8,0.0,97,0.0,22.7,359,0.3961696261263368,-22.69654268005008
2021-11-23 02:00:00,18.7,73,13.8,0.0,100,0.0,21.6,358,0.7538291287740179,-21.58684186361247
2021-11-23 03:00:00,18.6,77,14.4,0.2,100,0.0,22.0,357,1.1513910373447762,-21.969849764600625
2021-11-23 04:00:00,18.4,78,14.4,0.1,100,0.0,22.3,358,0.7782587764657684,-22.28641544252584
2021-11-23 05:00:00,18.3,78,14.3,0.1,100,0.0,22.7,359,0.3961696261263368,-22.69654268005008
2021-11-23 06:00:00,18.2,79,14.4,0.0,100,0.0,21.3,4,-1.4858128907498689,-21.248114270534256
2021-11-23 07:00:00,18.3,79,14.5,0.0,100,3.0,19.5,2,-0.680540185698769,-19.488121126872368
2021-11-23 08:00:00,18.9,76,14.6,0.0,88,46.0,20.2,357,1.0571863161074762,-20.17231660204239
2021-11-23 09:00:00,19.6,73,14.7,0.0,74,60.0,22.3,358,0.7782587764657684,-22.28641544252584
2021-11-23 10:00:00,20.5,70,14.9,0.0,68,162.0,23.8,359,0.4153672732073487,-23.796375144722116
2021-11-23 11:00:00,21.0,69,15.1,0.0,63,214.0,23.8,359,0.4153672732073487,-23.796375144722116
2021-11-23 12:00:00,21.5,67,15.2,0.0,43,312.0,23.0,359,0.4014053480575218,-22.996496988597
2021-11-23 13:00:00,22.0,66,15.3,0.0,45,400.0,22.4,356,1.562545011868414,-22.34543472582006
2021-11-23 14:00:00,22.2,65,15.3,0.0,40,334.0,22.0,355,1.917426340448483,-21.9162833580184
2021-11-23 15:00:00,21.7,65,15.0,0.0,46,282.0,22.7,356,1.583471953991652,-22.644703940898008
2021-11-23 16:00:00,20.8,68,14.7,0.0,49,139.0,23.1,356,1.6113745434893023,-23.04372956100194
2021-11-23 17:00:00,19.9,71,14.4,0.0,59,30.0,21.3,358,0.7433592797632675,-21.28702461550674
2021-11-23 18:00:00,19.2,73,14.3,0.0,85,0.0,18.4,358,0.6421507393260151,-18.38879121715136
2021-11-23 19:00:00,18.9,75,14.3,0.0,100,0.0,17.4,354,1.8187952608571691,-17.304680979407955
2021-11-23 20:00:00,18.8,76,14.4,0.0,100,0.0,16.6,356,1.1579574641524857,-16.55956323431308
2021-11-23 21:00:00,18.8,76,14.5,0.0,100,0.0,15.9,354,1.6620025659556894,-15.812898136355546
2021-11-23 22:00:00,18.7,77,14.5,0.0,100,0.0,16.3,352,2.268521545649074,-16.141369520487597
2021-11-23 23:00:00,18.6,77,14.5,0.0,100,0.0,15.9,356,1.1091279325315977,-15.861268399131204
2021-11-24 00:00:00,18.5,78,14.6,0.0,99,0.0,15.2,356,1.0602984009107097,-15.162973563949327
2021-11-24 01:00:00,18.4,79,14.7,0.0,91,0.0,14.8,356,1.0323958114130594,-14.763947943845398
2021-11-24 02:00:00,18.3,80,14.8,0.0,77,0.0,14.0,360,3.429011037612589e-15,-14.0
2021-11-24 03:00:00,18.2,82,15.1,0.0,83,0.0,14.4,359,0.2513146526968833,-14.397806810252035
2021-11-24 04:00:00,18.2,82,15.2,0.0,75,0.0,14.1,357,0.7379369830255156,-14.080676440039491
2021-11-24 05:00:00,18.2,83,15.2,0.0,58,0.0,14.4,357,0.7536377698983989,-14.380265300465863
2021-11-24 06:00:00,18.1,83,15.2,0.0,58,0.0,13.0,357,0.6803674311582768,-12.98218395180946
2021-11-24 07:00:00,18.2,84,15.4,0.0,49,6.0,11.9,360,2.9146593819707008e-15,-11.9
2021-11-24 08:00:00,19.2,81,15.9,0.0,47,67.0,11.5,360,2.8166876380389124e-15,-11.5
2021-11-24 09:00:00,20.5,75,15.9,0.0,36,214.0,11.3,353,1.3771235804781636,-11.21577151354694
2021-11-24 10:00:00,21.6,69,15.8,0.0,41,358.0,10.6,342,3.275580140374445,-10.081199072728626
2021-11-24 11:00:00,22.4,67,15.9,0.0,46,444.0,9.5,335,4.014873486536643,-8.609923976848176
2021-11-24 12:00:00,22.9,65,15.9,0.0,71,514.0,8.5,324,4.996174644486024,-6.876644452187052
2021-11-24 13:00:00,23.2,63,15.8,0.0,44,399.0,10.0,322,6.156614753256582,-7.88010753606722
2021-11-24 14:00:00,23.4,62,15.7,0.0,38,335.0,11.5,328,6.094071538681858,-9.752553105798896
2021-11-24 15:00:00,22.9,62,15.3,0.0,20,185.0,14.2,336,5.775660331676362,-12.972345498524934
2021-11-24 16:00:00,22.4,64,15.3,0.0,20,115.0,15.0,343,4.385575570841057,-14.34457133944553
2021-11-24 17:00:00,21.5,68,15.3,0.0,27,30.0,14.4,347,3.2392951825516607,-14.030928932907386
2021-11-24 18:00:00,20.6,71,15.2,0.0,29,0.0,16.5,350,2.8651949315043512,-16.249327924701433
2021-11-24 19:00:00,20.0,74,15.3,0.0,39,0.0,15.5,357,0.8112073217656377,-15.478757788695894
2021-11-24 20:00:00,19.6,77,15.5,0.0,50,0.0,13.7,360,3.355532229663748e-15,-13.7
2021-11-24 21:00:00,19.4,79,15.7,0.0,54,0.0,11.9,355,1.037153338697134,-11.854716907291772
2021-11-24 22:00:00,19.2,81,15.9,0.0,65,0.0,11.7,349,2.2324652459055723,-11.485038046337667
2021-11-24 23:00:00,19.1,82,16.0,0.0,73,0.0,11.7,349,2.2324652459055723,-11.485038046337667
2021-11-25 00:00:00,19.1,83,16.2,0.0,66,0.0,11.2,356,0.781272505934207,-11.17271736291003
2021-11-25 01:00:00,19.0,84,16.3,0.0,53,0.0,10.8,358,0.3769145643870089,-10.793420931806237
2021-11-25 02:00:00,19.1,85,16.4,0.0,45,0.0,12.3,355,1.0720156357961974,-12.253194786528471
2021-11-25 03:00:00,19.3,85,16.7,0.0,44,0.0,15.6,353,1.9011617571202968,-15.483719965604624
2021-11-25 04:00:00,19.4,85,16.8,0.0,33,0.0,16.6,359,0.2897099468589071,-16.597471739596095
2021-11-25 05:00:00,19.5,84,16.8,0.0,41,0.0,14.8,360,3.624954525476166e-15,-14.8
2021-11-25 06:00:00,19.4,86,16.9,0.0,32,0.0,11.5,356,0.8021994480574448,-11.47198657798798
2021-11-25 07:00:00,19.6,86,17.2,0.0,23,5.0,11.4,349,2.175222547292609,-11.19054989130337
2021-11-25 08:00:00,20.7,82,17.5,0.0,32,58.0,12.6,347,2.834383284732703,-12.277062816293965
2021-11-25 09:00:00,22.2,74,17.4,0.0,53,137.0,15.7,349,2.995701227411751,-15.411546780128324
2021-11-25 10:00:00,23.1,69,17.1,0.0,68,222.0,18.1,353,2.205835115633165,-17.96508534470793
2021-11-25 11:00:00,23.7,67,17.2,0.0,63,214.0,17.7,355,1.5426566466335525,-17.632646156223895
2021-11-25 12:00:00,24.1,66,17.4,0.0,54,246.0,15.6,353,1.9011617571202968,-15.483719965604624
2021-11-25 13:00:00,24.1,67,17.5,0.0,52,153.0,15.7,349,2.995701227411751,-15.411546780128324
2021-11-25 14:00:00,23.9,68,17.7,0.0,54,56.0,16.9,349,3.2246720218636047,-16.58949940026552
2021-11-25 15:00:00,24.0,67,17.6,0.0,56,135.0,17.9,351,2.8001769242201364,-17.679621296652964
2021-11-25 16:00:00,23.7,68,17.6,0.0,47,107.0,15.6,353,1.9011617571202968,-15.483719965604624
2021-11-25 17:00:00,22.9,72,17.6,0.0,53,21.0,13.1,352,1.823167622576863,-12.97251170051457
2021-11-25 18:00:00,22.2,76,17.7,0.0,50,0.0,12.1,348,2.5157314588948942,-11.835585968879046
2021-11-25 19:00:00,21.7,79,17.9,0.0,51,0.0,11.7,351,1.830283240970704,-11.55595358496311
2021-11-25 20:00:00,21.4,81,18.1,0.0,40,0.0,12.3,355,1.0720156357961974,-12.253194786528471
2021-11-25 21:00:00,21.2,84,18.4,0.0,47,0.0,12.0,353,1.4624321208617668,-11.910553819695863
2021-11-25 22:00:00,21.2,85,18.6,0.0,41,0.0,11.3,353,1.3771235804781636,-11.21577151354694
2021-11-25 23:00:00,21.1,86,18.8,0.0,40,0.0,11.4,347,2.564442019520065,-11.10781873855168
2021-11-26 00:00:00,21.1,87,18.9,0.0,69,0.0,13.1,352,1.823167622576863,-12.97251170051457
2021-11-26 01:00:00,21.1,88,18.9,0.2,65,0.0,13.7,3,-0.7170026005283305,-13.68122462613766
2021-11-26 02:00:00,20.8,89,18.9,0.1,55,0.0,13.4,5,-1.1678869528186195,-13.34900895442939
2021-11-26 03:00:00,20.8,89,18.9,0.2,51,0.0,13.0,360,3.1840816777831178e-15,-13.0
2021-11-26 04:00:00,20.8,89,19.0,0.3,53,0.0,14.5,354,1.5156627173809745,-14.420567482839962
2021-11-26 05:00:00,20.7,90,19.0,0.4,40,0.0,16.6,358,0.5793316452615137,-16.58988772851699
2021-11-26 06:00:00,20.5,90,18.9,0.3,50,0.0,17.0,355,1.4816476267101917,-16.935309867559674
2021-11-26 07:00:00,20.6,90,18.9,0.0,47,5.0,16.9,359,0.2949456687900921,-16.89742604814301
2021-11-26 08:00:00,21.3,88,19.3,0.3,44,74.0,17.3,1,-0.3019266313650047,-17.29736512620557
2021-11-26 09:00:00,22.4,82,19.2,0.0,57,200.0,18.0,3,-0.942047212372989,-17.975331625582328
2021-11-26 10:00:00,23.2,77,19.0,0.2,50,270.0,18.4,2,-0.6421507393260177,-18.38879121715136
2021-11-26 11:00:00,23.9,73,18.8,0.0,55,293.0,19.1,357,0.9996167642402376,-19.07382411381236
2021-11-26 12:00:00,24.6,69,18.6,0.0,57,402.0,21.0,354,2.1950977286207216,-20.88495980273374
2021-11-26 13:00:00,24.5,69,18.6,0.0,58,279.0,20.5,1,-0.3577743319643119,-20.49687775070602
2021-11-26 14:00:00,24.4,70,18.5,0.0,51,305.0,22.7,360,5.559896468128984e-15,-22.7
2021-11-26 15:00:00,23.0,79,19.1,0.6,55,138.0,22.7,360,5.559896468128984e-15,-22.7
2021-11-26 16:00:00,22.4,81,18.9,0.3,50,72.0,21.3,358,0.7433592797632675,-21.28702461550674
2021-11-26 17:00:00,21.5,84,18.7,0.6,53,17.0,21.6,358,0.7538291287740179,-21.58684186361247
2021-11-26 18:00:00,20.9,87,18.6,0.6,61,0.0,22.7,360,5.559896468128984e-15,-22.7
2021-11-26 19:00:00,20.5,88,18.5,0.3,60,0.0,22.1,7,-2.6933124892537594,-21.935269951273217
2021-11-26 20:00:00,20.3,89,18.4,0.3,58,0.0,20.2,3,-1.0571863161074655,-20.17231660204239
2021-11-26 21:00:00,20.3,87,18.2,0.4,55,0.0,19.8,1,-0.3455576474582135,-19.79698436409655
2021-11-26 22:00:00,20.2,87,18.0,0.2,54,0.0,20.2,1,-0.3525386100331269,-20.196923442159104
2021-11-26 23:00:00,20.2,87,17.9,0.2,50,0.0,20.2,1,-0.3525386100331269,-20.196923442159104
2021-11-27 00:00:00,20.2,87,17.9,0.2,53,0.0,19.4,360,4.75162958069173e-15,-19.4
2021-11-27 01:00:00,20.2,86,17.8,0.0,30,0.0,18.8,4,-1.3114217063895557,-18.754204144884696
2021-11-27 02:00:00,20.0,86,17.7,0.0,33,0.0,16.6,4,-1.15795746415248,-16.55956323431308
2021-11-27 03:00:00,20.0,87,17.7,0.4,32,0.0,15.8,360,3.869883885305636e-15,-15.8
2021-11-27 04:00:00,19.9,87,17.7,0.3,46,0.0,15.8,359,0.2757480217090802,-15.797593583470984
2021-11-27 05:00:00,19.8,87,17.6,0.3,55,0.0,15.5,357,0.8112073217656377,-15.478757788695894
2021-11-27 06:00:00,19.8,87,17.6,0.2,53,0.0,14.8,1,-0.258295615271796,-14.79774588831459
2021-11-27 07:00:00,20.0,87,17.8,0.0,50,3.0,15.2,5,-1.324767289764404,-15.142159410994532
2021-11-27 08:00:00,21.0,85,18.3,0.2,52,83.0,14.8,6,-1.5470212563612715,-14.718924051450443
2021-11-27 09:00:00,22.4,79,18.5,0.0,41,240.0,12.3,3,-0.6437322617882092,-12.283143277481258
2021-11-27 10:00:00,23.6,73,18.5,0.0,37,330.0,11.2,354,1.1707187885977182,-11.13864522812466
2021-11-27 11:00:00,24.6,69,18.5,0.0,50,421.0,10.0,347,2.249510543438653,-9.743700647852352
2021-11-27 12:00:00,24.7,69,18.7,0.2,49,349.0,10.6,342,3.275580140374445,-10.081199072728626
2021-11-27 13:00:00,24.8,70,19.0,0.4,62,294.0,9.9,341,3.223124729125852,-9.360633898433235
2021-11-27 14:00:00,24.9,70,19.0,0.0,58,210.0,9.4,342,2.9047597471245084,-8.939931253174443
2021-11-27 15:00:00,24.8,68,18.5,0.3,56,223.0,9.8,352,1.3638963894086458,-9.704627073667387
2021-11-27 16:00:00,24.2,73,19.1,0.4,35,72.0,8.7,5,-0.7582549619046259,-8.666893873398186
2021-11-27 17:00:00,23.8,74,18.8,0.3,60,12.0,8.3,360,2.0329136865846065e-15,-8.3
2021-11-27 18:00:00,23.4,75,18.7,0.0,63,0.0,8.7,353,1.0602632876247808,-8.635151519279502
2021-11-27 19:00:00,23.0,78,19.0,0.0,55,0.0,9.0,2,-0.3140954703225087,-8.994517443171862
2021-11-27 20:00:00,22.5,82,19.3,0.0,54,0.0,6.1,332,2.863776532993933,-5.385980316439454
2021-11-27 21:00:00,22.0,86,19.6,0.0,59,0.0,5.7,305,4.669166652447253,-3.2693856872009626
2021-11-27 22:00:00,21.9,88,19.8,0.0,65,0.0,4.0,280,3.939231012048833,-0.6945927106677199
2021-11-27 23:00:00,22.1,87,19.8,0.0,69,0.0,1.9,248,1.7616493236768958,0.7117525274902333
2021-11-28 00:00:00,22.3,86,19.8,0.0,80,0.0,2.8,230,2.144924440733138,1.7998053071223103
2021-11-28 01:00:00,22.7,84,19.9,0.0,81,0.0,3.8,229,2.8678964048465336,2.493024310163928
2021-11-28 02:00:00,22.8,84,20.0,0.0,76,0.0,5.4,250,5.074340152243906,1.8469087739586103
2021-11-28 03:00:00,21.7,92,20.4,0.1,95,0.0,3.7,299,3.236092916415764,-1.793795594911448
2021-11-28 04:00:00,21.9,91,20.3,0.0,97,0.0,3.2,360,7.837739514543061e-16,-3.2
2021-11-28 05:00:00,21.7,91,20.3,0.0,95,0.0,2.9,7,-0.3534210958749276,-2.8783838397598336
2021-11-28 06:00:00,22.0,90,20.4,0.0,95,0.0,5.5,302,4.664264528860343,-2.9145559532826257
2021-11-28 07:00:00,21.8,92,20.4,0.0,79,1.0,5.5,328,2.9145559532826275,-4.664264528860342
2021-11-28 08:00:00,22.5,91,21.0,0.0,87,6.0,5.0,21,-1.7918397477265011,-4.667902132486009
2021-11-28 09:00:00,23.4,87,21.1,0.0,84,29.0,4.3,48,-3.195522749552795,-2.8772616073430903
2021-11-28 10:00:00,23.8,85,21.1,0.0,83,50.0,2.5,315,1.767766952966369,-1.7677669529663684
2021-11-28 11:00:00,24.2,82,21.0,0.0,83,89.0,3.7,299,3.236092916415764,-1.793795594911448
2021-11-28 12:00:00,24.2,83,21.0,0.0,71,32.0,3.2,297,2.8512208774027776,-1.4527695991665492
2021-11-28 13:00:00,24.1,84,21.1,0.0,80,7.0,3.0,284,2.910887178827989,-0.7257656867990023
2021-11-28 14:00:00,24.1,83,21.1,0.2,85,61.0,3.4,302,2.8833635269318485,-1.801725498392896
2021-11-28 15:00:00,23.9,84,20.9,0.2,87,16.0,5.0,339,1.7918397477265038,-4.667902132486008
2021-11-28 16:00:00,23.6,84,20.8,0.1,93,0.0,7.0,348,1.4553818357243191,-6.847033205136639
2021-11-28 17:00:00,23.3,85,20.6,0.1,65,0.0,8.0,352,1.113384807680527,-7.922144549932562
2021-11-28 18:00:00,22.9,86,20.5,1.4,69,0.0,7.3,9,-1.1419715947936853,-7.210124886344506
2021-11-28 19:00:00,22.6,87,20.3,0.4,68,0.0,8.3,5,-0.7233926648055629,-8.268415994161488
2021-11-28 20:00:00,22.3,89,20.3,1.7,70,0.0,7.6,335,3.211898789229314,-6.88793918147854
2021-11-28 21:00:00,21.9,91,20.3,0.5,68,0.0,10.2,342,3.151973342624466,-9.700776466210565
2021-11-28 22:00:00,21.8,91,20.3,1.3,62,0.0,8.7,353,1.0602632876247808,-8.635151519279502
2021-11-28 23:00:00,21.7,92,20.3,0.6,62,0.0,8.0,342,2.4721359549995814,-7.608452130361228
2021-11-29 00:00:00,21.6,92,20.2,0.6,63,0.0,8.7,353,1.0602632876247808,-8.635151519279502
2021-11-29 01:00:00,21.6,93,20.3,0.4,56,0.0,7.8,338,2.921931428644116,-7.232034065620941
2021-11-29 02:00:00,21.6,94,20.6,0.5,62,0.0,7.2,342,2.2249223594996232,-6.8476069173251055
2021-11-29 03:00:00,21.6,94,20.6,0.3,58,0.0,8.0,352,1.113384807680527,-7.922144549932562
2021-11-29 04:00:00,21.5,95,20.6,0.1,60,0.0,7.0,339,2.508575646817105,-6.535062985480411
2021-11-29 05:00:00,21.5,95,20.6,0.0,52,0.0,7.3,349,1.392905666248776,-7.165878439167947
2021-11-29 06:00:00,21.5,94,20.5,0.2,57,0.0,7.7,349,1.469229264399394,-7.558529312547013
2021-11-29 07:00:00,21.6,93,20.5,0.2,61,1.0,9.8,343,2.8652427062828245,-9.371786608437748
2021-11-29 08:00:00,22.2,92,20.7,0.0,59,37.0,11.5,346,2.7821017993961803,-11.15840085217396
2021-11-29 09:00:00,23.2,85,20.6,0.0,54,107.0,10.9,352,1.5169868004647182,-10.793921949283115
2021-11-29 10:00:00,23.9,79,20.0,0.0,51,144.0,9.2,349,1.7554427574642109,-9.030970087718508
2021-11-29 11:00:00,24.6,74,19.6,0.0,35,303.0,5.2,335,2.197614961051636,-4.71280049259058
2021-11-29 12:00:00,24.9,72,19.4,0.0,29,318.0,5.1,309,3.963444403430551,-3.209533994354171
2021-11-29 13:00:00,25.2,70,19.4,0.0,17,324.0,6.0,303,5.032023407672545,-3.26783421009016
2021-11-29 14:00:00,25.3,70,19.5,0.0,13,335.0,6.4,308,5.04326882308302,-3.940233442084215
2021-11-29 15:00:00,25.3,72,19.9,0.0,7,250.0,6.4,317,4.364789504399989,-4.680663690362692
2021-11-29 16:00:00,25.1,74,20.0,0.0,5,163.0,7.0,325,4.015035054457325,-5.734064310022941
2021-11-29 17:00:00,24.5,77,20.1,0.0,5,36.0,7.8,326,4.361704647071823,-6.466493065929326
2021-11-29 18:00:00,23.5,82,20.2,0.0,3,0.0,10.0,339,3.583679495453008,-9.335804264972015
2021-11-29 19:00:00,22.7,86,20.2,0.0,14,0.0,10.2,352,1.419565629792672,-10.100734301164016
2021-11-29 20:00:00,22.2,89,20.2,0.0,22,0.0,9.4,360,2.3023359823970247e-15,-9.4
2021-11-29 21:00:00,21.9,91,20.3,0.0,28,0.0,8.7,355,0.7582549619046273,-8.666893873398186
2021-11-29 22:00:00,21.9,92,20.5,0.0,34,0.0,8.4,350,1.4586446924022154,-8.272385125302547
2021-11-29 23:00:00,21.7,93,20.5,0.0,32,0.0,8.8,348,1.829622879196287,-8.60769888645749
2021-11-30 00:00:00,21.4,94,20.4,0.0,32,0.0,9.9,350,1.719116958902611,-9.74959675482086
2021-11-30 01:00:00,21.3,95,20.5,0.0,36,0.0,10.2,352,1.419565629792672,-10.100734301164016
2021-11-30 02:00:00,21.3,95,20.5,0.0,44,0.0,10.9,354,1.1393602496174222,-10.84028865951418
2021-11-30 03:00:00,21.6,95,20.8,0.0,39,0.0,10.8,356,0.7533699164365569,-10.773691742806102
2021-11-30 04:00:00,21.4,96,20.7,0.0,24,0.0,11.6,355,1.0110066158728364,-11.555858497864248
2021-11-30 05:00:00,21.3,96,20.7,0.0,19,0.0,13.1,352,1.823167622576863,-12.97251170051457
2021-11-30 06:00:00,21.3,96,20.7,0.0,12,0.0,15.6,352,2.171100374977028,-15.448181872368496
2021-11-30 07:00:00,21.3,97,20.8,0.0,23,4.0,16.9,358,0.5898014942722639,-16.889704976622717
2021-11-30 08:00:00,21.8,94,20.8,0.0,35,63.0,20.9,360,5.119023620435936e-15,-20.9
2021-11-30 09:00:00,22.7,88,20.6,0.0,36,166.0,23.4,4,-1.632301485612532,-23.342998776079884
2021-11-30 10:00:00,23.5,83,20.3,0.0,38,217.0,24.9,5,-2.1701779944166883,-24.805247982484463
2021-11-30 11:00:00,24.4,76,19.8,0.0,59,368.0,26.3,4,-1.8345952594704955,-26.23593452183338
2021-11-30 12:00:00,24.6,73,19.3,0.0,52,438.0,28.1,1,-0.4904126208876667,-28.0957202338946
2021-11-30 13:00:00,24.2,72,18.9,0.0,30,361.0,30.6,360,7.494838410781802e-15,-30.6
2021-11-30 14:00:00,23.7,71,18.2,0.0,3,344.0,32.4,2,-1.1307436931610313,-32.3802627954187
2021-11-30 15:00:00,23.8,68,17.6,0.0,2,280.0,32.1,3,-1.679984195398497,-32.056008065621825
2021-11-30 16:00:00,23.1,71,17.5,0.0,2,155.0,31.0,3,-1.622414643531259,-30.95751557739179
2021-11-30 17:00:00,22.0,74,17.2,0.0,5,41.0,31.0,3,-1.622414643531259,-30.95751557739179
2021-11-30 18:00:00,21.1,77,16.9,0.0,1,0.0,29.9,2,-1.0434949514047789,-29.88178572787096
2021-11-30 19:00:00,20.6,77,16.4,0.0,5,0.0,28.5,2,-0.9946356560212776,-28.48263857004423
2021-11-30 20:00:00,20.2,76,15.7,0.0,5,0.0,28.9,4,-2.015962091205221,-28.82960105250892
2021-11-30 21:00:00,19.8,75,15.1,0.0,6,0.0,28.5,4,-1.988059501707571,-28.43057543240499
2021-11-30 22:00:00,19.5,73,14.4,0.0,4,0.0,28.5,3,-1.4915747529238992,-28.460941740505355
2021-11-30 23:00:00,18.9,72,13.8,0.0,8,0.0,29.2,4,-2.0368890333284586,-29.128870267586866
2021-12-01 00:00:00,18.4,71,13.1,0.0,15,0.0,28.2,4,-1.9671325595843332,-28.13130621732704
2021-12-01 01:00:00,18.0,70,12.3,0.0,20,0.0,27.4,3,-1.434005201056661,-27.36244925227532
2021-12-01 02:00:00,17.7,68,11.7,0.0,20,0.0,27.8,3,-1.4549395835538386,-27.761901066177156
2021-12-01 03:00:00,18.0,67,11.7,0.0,26,0.0,27.8,4,-1.9392299700866835,-27.732280597223117
2021-12-01 04:00:00,17.8,65,11.2,0.0,13,0.0,28.5,2,-0.9946356560212776,-28.48263857004423
2021-12-01 05:00:00,17.5,64,10.6,0.0,17,0.0,29.2,3,-1.52820992229396,-29.159982414833557
2021-12-01 06:00:00,17.2,63,10.0,0.0,15,0.0,28.9,4,-2.015962091205221,-28.82960105250892
2021-12-01 07:00:00,17.1,63,9.9,0.0,22,6.0,27.0,3,-1.4130708185594836,-26.96299743837349
2021-12-01 08:00:00,17.6,62,10.2,0.0,21,96.0,25.6,2,-0.8934271155840249,-25.584405171688854
2021-12-01 09:00:00,18.5,59,10.3,0.0,14,219.0,25.9,359,0.4520173267256442,-25.896055304550533
2021-12-01 10:00:00,19.2,57,10.4,0.0,22,337.0,26.3,358,0.9178567632757716,-26.28397875060222
2021-12-01 11:00:00,19.8,55,10.4,0.0,28,400.0,26.3,358,0.9178567632757716,-26.28397875060222
2021-12-01 12:00:00,20.3,54,10.7,0.0,35,444.0,26.3,357,1.376435649189437,-26.263956764045293
2021-12-01 13:00:00,20.4,54,10.9,0.0,40,503.0,27.1,356,1.8904004384658049,-27.03398576204124
2021-12-01 14:00:00,20.0,56,10.9,0.0,51,387.0,27.0,359,0.4712149738066561,-26.995887769222563
2021-12-01 15:00:00,19.5,58,10.9,0.0,69,275.0,25.6,1,-0.4467816047944579,-25.596100996003617
2021-12-01 16:00:00,18.9,60,11.0,0.0,72,170.0,23.8,1,-0.4153672732073475,-23.796375144722116
2021-12-01 17:00:00,17.9,64,11.0,0.0,89,42.0,22.3,2,-0.7782587764657717,-22.28641544252584
2021-12-01 18:00:00,17.1,67,11.0,0.0,100,0.0,23.4,4,-1.632301485612532,-23.342998776079884
2021-12-01 19:00:00,16.7,69,11.0,0.0,100,0.0,21.5,10,-3.733435819839002,-21.17336668976247
2021-12-01 20:00:00,16.7,69,11.1,0.0,100,0.0,18.7,11,-3.568128213541388,-18.35642833047132
2021-12-01 21:00:00,16.6,70,11.2,0.0,100,0.0,17.9,9,-2.8001769242201324,-17.679621296652964
2021-12-01 22:00:00,16.5,71,11.3,0.0,100,0.0,17.3,12,-3.5968722511472366,-16.92195349269484
2021-12-01 23:00:00,16.5,72,11.5,0.0,100,0.0,15.6,15,-4.037577103599324,-15.068442890109464
2021-12-02 00:00:00,16.4,73,11.5,0.0,80,0.0,13.1,16,-3.610849361202689,-12.592528216791978
2021-12-02 01:00:00,16.6,72,11.6,0.0,76,0.0,12.4,10,-2.1532374030699364,-12.21161613735138
2021-12-02 02:00:00,16.9,71,11.7,0.0,61,0.0,12.7,8,-1.767498382192831,-12.576404473017943
2021-12-02 03:00:00,16.2,75,11.7,0.0,51,0.0,13.1,9,-2.049291492027024,-12.938717261796304
2021-12-02 04:00:00,16.0,75,11.7,0.0,52,0.0,14.6,10,-2.535263393937183,-14.378193193978236
2021-12-02 05:00:00,16.0,76,11.7,0.0,49,0.0,14.6,16,-4.024305394928188,-14.034420760699456
2021-12-02 06:00:00,16.1,76,11.8,0.0,45,0.0,11.0,23,-4.298042413382012,-10.125553387976844
2021-12-02 07:00:00,16.1,77,12.0,0.0,44,4.0,8.9,27,-4.040515447681966,-7.929958065276475
2021-12-02 08:00:00,17.2,74,12.6,0.0,56,61.0,10.2,10,-1.7712114122026892,-10.04503908072452
2021-12-02 09:00:00,18.6,67,12.2,0.0,35,195.0,14.1,3,-0.737936983025508,-14.080676440039491
2021-12-02 10:00:00,19.5,64,12.5,0.0,40,352.0,14.0,1,-0.2443336901219691,-13.997867732189478
2021-12-02 11:00:00,20.1,61,12.5,0.0,35,420.0,14.1,357,0.7379369830255156,-14.080676440039491
2021-12-02 12:00:00,20.6,59,12.3,0.0,44,455.0,11.9,2,-0.4153040107597615,-11.89275084152724
2021-12-02 13:00:00,20.6,59,12.2,0.0,45,295.0,11.6,353,1.4136843834997077,-11.513535359039336
2021-12-02 14:00:00,20.7,58,12.1,0.0,47,297.0,13.8,353,1.681796938991032,-13.697136892650246
2021-12-02 15:00:00,20.7,57,11.7,0.0,44,199.0,16.6,358,0.5793316452615137,-16.58988772851699
2021-12-02 16:00:00,19.9,60,11.9,0.0,44,97.0,17.3,360,4.237277925049842e-15,-17.3
2021-12-02 17:00:00,18.9,65,12.2,0.0,50,30.0,18.4,2,-0.6421507393260177,-18.38879121715136
2021-12-02 18:00:00,18.2,69,12.4,0.0,40,0.0,16.5,10,-2.8651949315043503,-16.249327924701433
2021-12-02 19:00:00,17.7,72,12.5,0.0,53,0.0,15.0,10,-2.6047226650039548,-14.77211629518312
2021-12-02 20:00:00,17.2,75,12.7,0.0,82,0.0,14.7,11,-2.8048922320352085,-14.42991959668066
2021-12-02 21:00:00,17.0,77,12.8,0.0,98,0.0,14.9,8,-2.073679204304975,-14.7549942242494
2021-12-02 22:00:00,17.1,76,12.9,0.0,93,0.0,16.1,10,-2.7957356604375785,-15.855404823496553
2021-12-02 23:00:00,16.8,77,12.8,0.0,94,0.0,16.1,10,-2.7957356604375785,-15.855404823496553
2021-12-03 00:00:00,16.7,77,12.6,0.0,84,0.0,18.2,8,-2.532950437473191,-18.02287885109658
2021-12-03 01:00:00,16.5,77,12.5,0.0,74,0.0,18.2,14,-4.402978499913953,-17.659382218223136
2021-12-03 02:00:00,16.6,76,12.3,0.0,68,0.0,17.6,11,-3.3582383186271887,-17.276638428678886
2021-12-03 03:00:00,16.6,75,12.2,0.0,38,0.0,18.6,9,-2.9096810497482943,-18.371003135069564
2021-12-03 04:00:00,16.4,75,12.0,0.0,21,0.0,18.8,12,-3.908739787373876,-18.38917489379555
2021-12-03 05:00:00,16.3,74,11.7,0.0,20,0.0,16.8,9,-2.6280990126758788,-16.593164121998313
2021-12-03 06:00:00,16.2,74,11.6,0.0,22,0.0,16.6,4,-1.15795746415248,-16.55956323431308
2021-12-03 07:00:00,16.2,74,11.5,0.0,15,4.0,17.7,6,-1.8501537998374664,-17.60303754801844
2021-12-03 08:00:00,17.2,70,11.7,0.0,5,90.0,18.8,7,-2.291143656016773,-18.659867650856853
2021-12-03 09:00:00,18.5,62,11.2,0.0,2,244.0,18.5,7,-2.2545828529952283,-18.362103805364452
2021-12-03 10:00:00,19.6,56,10.7,0.0,6,377.0,18.7,2,-0.6526205883367681,-18.68860846525709
2021-12-03 11:00:00,20.6,53,10.5,0.0,5,537.0,19.5,2,-0.680540185698769,-19.488121126872368
2021-12-03 12:00:00,21.1,51,10.5,0.0,2,548.0,19.8,2,-0.6910100347095192,-19.787938374978097
2021-12-03 13:00:00,21.4,50,10.4,0.0,14,567.0,20.2,1,-0.3525386100331269,-20.196923442159104
2021-12-03 14:00:00,21.3,49,10.1,0.0,4,505.0,23.8,2,-0.8306080215195231,-23.78550168305448
2021-12-03 15:00:00,20.9,49,9.8,0.0,1,359.0,24.9,3,-1.3031653104493015,-24.86587541538889
2021-12-03 16:00:00,20.0,52,9.9,0.0,2,203.0,22.8,5,-1.9871509346466063,-22.7132391164918
2021-12-03 17:00:00,18.7,56,9.8,0.0,4,51.0,20.3,6,-2.1219278043333656,-20.18879447597595
2021-12-03 18:00:00,17.7,59,9.7,0.0,9,0.0,18.5,8,-2.57470236776121,-18.319959271719053
2021-12-03 19:00:00,17.1,62,9.7,0.0,9,0.0,16.4,9,-2.565525226659786,-16.19808878576026
2021-12-03 20:00:00,16.9,63,9.8,0.0,1,0.0,14.6,9,-2.2839431895873705,-14.420249772689012
2021-12-03 21:00:00,16.6,64,9.7,0.0,5,0.0,13.4,8,-1.864919552864877,-13.269592121137045
2021-12-03 22:00:00,16.3,65,9.7,0.0,7,0.0,13.1,9,-2.049291492027024,-12.938717261796304
2021-12-03 23:00:00,16.0,66,9.6,0.0,10,0.0,12.1,12,-2.515731458894888,-11.835585968879048
2021-12-04 00:00:00,15.8,67,9.7,0.0,14,0.0,12.0,9,-1.8772135804827703,-11.852260087141651
2021-12-04 01:00:00,15.7,68,9.8,0.0,10,0.0,12.2,14,-2.951447126315946,-11.837607860567156
2021-12-04 02:00:00,15.4,70,10.0,0.0,15,0.0,12.8,16,-3.5281581544575893,-12.304149708010485
2021-12-04 03:00:00,15.7,69,10.1,0.0,11,0.0,13.0,19,-4.232386007943037,-12.29174148279112
2021-12-04 04:00:00,15.4,72,10.3,0.0,6,0.0,12.4,22,-4.645121758357309,-11.497079796628164
2021-12-04 05:00:00,15.1,74,10.5,0.0,3,0.0,11.3,22,-4.233054505599806,-10.4771775566047
2021-12-04 06:00:00,15.1,75,10.7,0.0,4,0.0,11.4,18,-3.5227937358744006,-10.84204428576475
2021-12-04 07:00:00,15.3,75,10.9,0.0,1,5.0,11.4,18,-3.5227937358744006,-10.84204428576475
2021-12-04 08:00:00,16.9,70,11.3,0.0,0,99.0,12.2,19,-3.971931484377312,-11.535326622311665
2021-12-04 09:00:00,19.1,60,11.2,0.0,1,258.0,10.9,17,-3.186851581477831,-10.423721839997087
2021-12-04 10:00:00,20.5,54,11.0,0.0,0,423.0,9.8,6,-1.024378940023004,-9.746314574609078
2021-12-04 11:00:00,21.4,50,10.5,0.0,1,534.0,9.4,360,2.3023359823970247e-15,-9.4
2021-12-04 12:00:00,21.9,47,10.0,0.0,0,589.0,7.2,357,0.3768188849491994,-7.190132650232932
2021-12-04 13:00:00,22.2,46,9.9,0.0,0,574.0,5.8,338,2.172718241812292,-5.377666356487366
2021-12-04 14:00:00,22.2,46,10.1,0.0,1,482.0,6.8,335,2.873804179836754,-6.16289295184922
2021-12-04 15:00:00,22.2,47,10.3,0.0,3,354.0,8.5,348,1.767249371950959,-8.314254606237347
2021-12-04 16:00:00,21.6,49,10.4,0.0,5,182.0,9.7,4,-0.6766377953180154,-9.676371287520292
2021-12-04 17:00:00,20.5,55,11.2,0.0,9,44.0,10.4,20,-3.557009490586955,-9.772803256173448
2021-12-04 18:00:00,19.3,61,11.6,0.0,27,0.0,10.5,31,-5.407899786555569,-9.00025665737218
2021-12-04 19:00:00,18.5,66,12.1,0.0,44,0.0,11.2,33,-6.099957192168303,-9.393110360988748
2021-12-04 20:00:00,18.0,70,12.4,0.0,43,0.0,10.2,39,-6.419067988708341,-7.926888806861102
2021-12-04 21:00:00,17.5,74,12.7,0.0,38,0.0,8.7,45,-6.151828996322964,-6.151828996322964
2021-12-04 22:00:00,17.2,76,12.9,0.0,52,0.0,7.4,51,-5.750880114781585,-4.656970893768798
2021-12-04 23:00:00,16.8,79,13.2,0.0,41,0.0,6.8,65,-6.162892951849219,-2.873804179836756
2021-12-05 00:00:00,16.3,82,13.3,0.0,40,0.0,5.7,72,-5.421022142882375,-1.7613968679372003
2021-12-05 01:00:00,16.0,85,13.4,0.0,45,0.0,5.1,82,-5.050367150582009,-0.7097828148963339
2021-12-05 02:00:00,16.0,85,13.5,0.0,45,0.0,4.3,85,-4.283637201794505,-0.3747696938149299
2021-12-05 03:00:00,16.5,82,13.4,0.0,45,0.0,4.3,90,-4.3,-2.632990618166809e-16
2021-12-05 04:00:00,16.7,81,13.3,0.0,48,0.0,4.7,94,-4.688551036221174,0.3278554265973891
2021-12-05 05:00:00,16.8,80,13.4,0.0,52,0.0,4.7,90,-4.7,-2.8779199779962803e-16
2021-12-05 06:00:00,16.3,84,13.5,0.0,41,0.0,5.6,63,-4.989636535454859,-2.542346798541462
2021-12-05 07:00:00,15.8,88,13.8,0.0,32,3.0,7.3,70,-6.8597561317371305,-2.4967470462773824
2021-12-05 08:00:00,18.6,75,14.1,0.0,29,57.0,8.0,63,-7.128052193506942,-3.6319239979163744
2021-12-05 09:00:00,20.6,66,14.1,0.0,28,184.0,6.8,58,-5.766727053863697,-3.603450996785793
2021-12-05 10:00:00,21.5,63,14.3,0.0,24,329.0,4.9,54,-3.9641832724372423,-2.8801477362331185
2021-12-05 11:00:00,22.1,61,14.2,0.0,18,426.0,3.7,11,-0.7059932828932158,-3.632020578756357
2021-12-05 12:00:00,22.7,58,14.0,0.0,26,481.0,5.8,338,2.172718241812292,-5.377666356487366
2021-12-05 13:00:00,22.9,56,13.8,0.0,18,513.0,8.2,337,3.203995253612045,-7.548139798310009
2021-12-05 14:00:00,23.0,55,13.4,0.0,14,418.0,9.5,335,4.014873486536643,-8.609923976848176
2021-12-05 15:00:00,22.7,54,13.0,0.0,10,271.0,10.7,340,3.659615533584654,-10.05471104240922
2021-12-05 16:00:00,22.1,57,13.2,0.0,12,156.0,10.9,354,1.1393602496174222,-10.84028865951418
2021-12-05 17:00:00,21.2,62,13.6,0.0,11,40.0,9.4,7,-1.1455718280083864,-9.329933825428428
2021-12-05 18:00:00,20.2,68,14.0,0.0,10,0.0,10.9,6,-1.1393602496174229,-10.84028865951418
2021-12-05 19:00:00,19.4,73,14.4,0.0,17,0.0,10.7,12,-2.2246550917500247,-10.46617932785172
2021-12-05 20:00:00,18.9,77,14.7,0.0,19,0.0,11.4,13,-2.564442019520061,-11.107818738551682
2021-12-05 21:00:00,18.5,80,14.9,0.0,20,0.0,11.7,9,-1.830283240970701,-11.555953584963111
2021-12-05 22:00:00,18.2,82,15.0,0.0,20,0.0,12.6,5,-1.098162358620493,-12.552053195955994
2021-12-05 23:00:00,17.8,84,15.1,0.0,20,0.0,14.8,3,-0.7745721523955688,-14.779717114367694
2021-12-06 00:00:00,17.6,86,15.3,0.0,20,0.0,16.6,4,-1.15795746415248,-16.55956323431308
2021-12-06 01:00:00,17.5,87,15.4,0.0,9,0.0,17.7,5,-1.5426566466335494,-17.632646156223895
2021-12-06 02:00:00,17.3,89,15.4,0.0,15,0.0,17.4,6,-1.8187952608571705,-17.304680979407955
2021-12-06 03:00:00,17.5,91,15.9,0.0,10,0.0,17.4,6,-1.8187952608571705,-17.304680979407955
2021-12-06 04:00:00,17.6,90,16.0,0.0,6,0.0,17.4,6,-1.8187952608571705,-17.304680979407955
2021-12-06 05:00:00,17.6,91,16.1,0.0,11,0.0,17.4,6,-1.8187952608571705,-17.304680979407955
2021-12-06 06:00:00,17.6,91,16.0,0.0,5,0.0,16.8,10,-2.91728938480443,-16.544770250605094
2021-12-06 07:00:00,17.6,90,16.0,0.0,6,4.0,16.3,8,-2.2685215456490666,-16.141369520487597
2021-12-06 08:00:00,18.8,85,16.2,0.0,5,87.0,17.0,6,-1.776983875550109,-16.906872221260645
2021-12-06 09:00:00,20.5,77,16.2,0.0,2,235.0,18.8,5,-1.6385279636559735,-18.728460324124818
2021-12-06 10:00:00,21.8,69,15.9,0.0,1,380.0,19.5,4,-1.3602512380104437,-19.45249898006657
2021-12-06 11:00:00,22.6,66,15.9,0.0,0,485.0,21.3,3,-1.1147558679747036,-21.270809090272422
2021-12-06 12:00:00,23.2,64,15.9,0.0,1,554.0,21.3,2,-0.7433592797632707,-21.28702461550674
2021-12-06 13:00:00,23.6,62,15.9,0.0,2,558.0,20.9,360,5.119023620435936e-15,-20.9
2021-12-06 14:00:00,23.6,62,15.9,0.0,3,417.0,20.2,359,0.3525386100331279,-20.196923442159104
2021-12-06 15:00:00,23.4,64,16.2,0.0,11,283.0,19.8,359,0.3455576474582145,-19.79698436409655
2021-12-06 16:00:00,22.7,68,16.6,0.0,9,124.0,17.6,360,4.310756732998684e-15,-17.6
2021-12-06 17:00:00,21.7,74,16.9,0.0,8,43.0,14.4,360,3.5269827815443773e-15,-14.4
2021-12-06 18:00:00,20.6,81,17.1,0.0,5,0.0,14.4,360,3.5269827815443773e-15,-14.4
2021-12-06 19:00:00,20.0,84,17.3,0.0,5,0.0,14.1,3,-0.737936983025508,-14.080676440039491
2021-12-06 20:00:00,19.6,87,17.4,0.0,7,0.0,13.0,5,-1.1330246557195562,-12.950531075192693
2021-12-06 21:00:00,19.1,89,17.3,0.0,4,0.0,11.6,5,-1.0110066158728348,-11.555858497864248
2021-12-06 22:00:00,18.7,91,17.2,0.0,0,0.0,10.8,4,-0.7533699164365533,-10.773691742806102
2021-12-06 23:00:00,18.3,92,17.0,0.0,0,0.0,10.8,4,-0.7533699164365533,-10.773691742806102
2021-12-07 00:00:00,17.9,93,16.7,0.0,3,0.0,11.2,6,-1.1707187885977188,-11.13864522812466
2021-12-07 01:00:00,17.6,94,16.5,0.0,2,0.0,10.9,8,-1.5169868004647131,-10.793921949283115
2021-12-07 02:00:00,17.0,96,16.4,0.0,1,0.0,11.7,9,-1.830283240970701,-11.555953584963111
2021-12-07 03:00:00,17.3,93,16.1,0.0,2,0.0,12.4,8,-1.7257464519048116,-12.279324052395474
2021-12-07 04:00:00,17.2,94,16.1,0.0,3,0.0,12.4,8,-1.7257464519048116,-12.279324052395474
2021-12-07 05:00:00,17.3,93,16.2,0.0,1,0.0,12.7,8,-1.767498382192831,-12.576404473017943
2021-12-07 06:00:00,17.2,94,16.1,0.0,13,0.0,12.3,7,-1.498992923883314,-12.20831766518826
2021-12-07 07:00:00,17.4,92,16.1,0.0,14,4.0,13.4,6,-1.4006814077865566,-13.326593397934865
2021-12-07 08:00:00,18.7,87,16.4,0.0,22,86.0,14.1,4,-0.9835662797921668,-14.06565310866352
2021-12-07 09:00:00,20.5,78,16.5,0.0,2,246.0,13.0,5,-1.1330246557195562,-12.950531075192693
2021-12-07 10:00:00,22.1,70,16.3,0.0,2,411.0,12.2,360,2.9881381899195417e-15,-12.2
2021-12-07 11:00:00,23.2,65,16.2,0.0,5,519.0,12.3,357,0.6437322617882157,-12.283143277481258
2021-12-07 12:00:00,23.9,63,16.3,0.0,2,574.0,13.4,355,1.1678869528186215,-13.34900895442939
2021-12-07 13:00:00,24.2,61,16.3,0.0,1,561.0,14.1,357,0.7379369830255156,-14.080676440039491
2021-12-07 14:00:00,24.1,61,16.1,0.0,1,468.0,13.3,358,0.4641633061432609,-13.291897999353974
2021-12-07 15:00:00,23.8,60,15.4,0.0,1,330.0,14.8,357,0.7745721523955768,-14.779717114367694
2021-12-07 16:00:00,23.1,62,15.3,0.0,2,173.0,15.5,1,-0.2705122997778944,-15.497639274924063
2021-12-07 17:00:00,21.9,67,15.4,0.0,1,42.0,13.3,3,-0.696068218031153,-13.281772812235833
2021-12-07 18:00:00,20.7,71,15.3,0.0,1,0.0,13.0,360,3.1840816777831178e-15,-13.0
2021-12-07 19:00:00,20.1,74,15.4,0.0,4,0.0,11.9,3,-0.6227978792910317,-11.88369146357943
2021-12-07 20:00:00,19.6,77,15.5,0.0,2,0.0,10.4,2,-0.3629547657060101,-10.393664600998596
2021-12-07 21:00:00,19.2,80,15.7,0.0,4,0.0,10.4,360,2.547265342226495e-15,-10.4
2021-12-07 22:00:00,19.0,82,15.8,0.0,7,0.0,10.4,2,-0.3629547657060101,-10.393664600998596
2021-12-07 23:00:00,18.6,84,15.9,0.0,11,0.0,9.4,4,-0.6557108531947778,-9.377102072442348
2021-12-08 00:00:00,18.3,86,15.9,0.0,14,0.0,8.3,2,-0.2896658226307581,-8.294943864258496
2021-12-08 01:00:00,17.9,88,15.8,0.0,12,0.0,8.6,360,2.1063924945334478e-15,-8.6
2021-12-08 02:00:00,17.6,89,15.7,0.0,14,0.0,9.4,4,-0.6557108531947778,-9.377102072442348
2021-12-08 03:00:00,18.0,85,15.5,0.0,13,0.0,9.8,8,-1.363896389408641,-9.70462707366739
2021-12-08 04:00:00,17.8,86,15.4,0.0,3,0.0,9.9,10,-1.7191169589026103,-9.74959675482086
2021-12-08 05:00:00,17.9,85,15.3,0.0,1,0.0,10.2,10,-1.7712114122026892,-10.04503908072452
2021-12-08 06:00:00,17.7,85,15.2,0.0,2,0.0,10.8,4,-0.7533699164365533,-10.773691742806102
2021-12-08 07:00:00,17.4,86,15.1,0.0,0,3.0,8.1,21,-2.902780391316932,-7.562001454627333
2021-12-08 08:00:00,18.9,81,15.6,0.0,0,76.0,6.0,25,-2.5357095704441965,-5.437846722219899
2021-12-08 09:00:00,20.8,72,15.6,0.0,1,238.0,3.7,11,-0.7059932828932158,-3.632020578756357
2021-12-08 10:00:00,22.1,68,15.9,0.0,2,381.0,2.7,337,1.0549740469210396,-2.4853631043215887
2021-12-08 11:00:00,22.8,64,15.7,0.0,2,456.0,3.6,315,2.545584412271572,-2.5455844122715705
2021-12-08 12:00:00,23.3,62,15.5,0.0,1,518.0,4.8,312,3.5670951622914937,-3.211826910522517
2021-12-08 13:00:00,23.6,59,15.2,0.0,5,475.0,7.1,311,5.3584380195816825,-4.6580191058326
2021-12-08 14:00:00,23.5,59,15.1,0.0,5,407.0,9.4,328,4.981241083792128,-7.971652103870404
2021-12-08 15:00:00,23.4,55,13.9,0.0,4,254.0,11.6,344,3.1973933274771875,-11.1506356728845
2021-12-08 16:00:00,22.9,57,13.8,0.0,14,137.0,12.2,358,0.42577385977051,-12.192568089632967
2021-12-08 17:00:00,21.9,62,14.2,0.0,12,39.0,9.8,6,-1.024378940023004,-9.746314574609078
2021-12-08 18:00:00,20.9,67,14.6,0.0,7,0.0,10.6,10,-1.8406706832694613,-10.438962181929403
2021-12-08 19:00:00,20.3,71,14.9,0.0,9,0.0,11.2,21,-4.013721034907363,-10.45610077676866
2021-12-08 20:00:00,20.0,74,15.2,0.0,13,0.0,9.1,34,-5.0886554215837965,-7.544241910250879
2021-12-08 21:00:00,19.5,78,15.5,0.0,31,0.0,5.1,45,-3.606244584051392,-3.606244584051392
2021-12-08 22:00:00,19.1,81,15.8,0.0,35,0.0,2.6,34,-1.453901549023942,-2.1554976886431088
2021-12-08 23:00:00,18.9,83,15.9,0.0,42,0.0,3.6,6,-0.3763024677635525,-3.580278823325784
2021-12-09 00:00:00,19.0,83,16.1,0.0,47,0.0,4.9,17,-1.4326213531414105,-4.685893304218874
2021-12-09 01:00:00,19.1,82,16.0,0.0,47,0.0,5.5,32,-2.914555953282627,-4.664264528860342
2021-12-09 02:00:00,18.7,84,16.0,0.0,44,0.0,5.4,42,-3.613305274337834,-4.012982057577929
2021-12-09 03:00:00,17.6,88,15.6,0.0,41,0.0,4.6,45,-3.2526911934581184,-3.2526911934581184
2021-12-09 04:00:00,17.7,87,15.5,0.0,50,0.0,4.8,48,-3.5670951622914924,-3.2118269105225195
2021-12-09 05:00:00,17.4,88,15.4,0.0,56,0.0,5.2,56,-4.3109953772862175,-2.9078030980478835
2021-12-09 06:00:00,17.2,89,15.4,0.0,41,0.0,5.2,65,-4.71280049259058,-2.197614961051637
2021-12-09 07:00:00,17.2,91,15.6,0.0,33,2.0,5.2,74,-4.998560818879258,-1.4333142502483958
2021-12-09 08:00:00,19.2,83,16.3,0.0,26,52.0,3.8,73,-3.633958072659535,-1.1110124779463997
2021-12-09 09:00:00,21.1,75,16.5,0.0,13,148.0,1.3,34,-0.726950774511971,-1.0777488443215544
2021-12-09 10:00:00,22.3,70,16.6,0.0,26,304.0,2.7,337,1.0549740469210396,-2.4853631043215887
2021-12-09 11:00:00,23.0,67,16.5,0.0,26,352.0,4.3,318,2.87726160734309,-3.195522749552795
2021-12-09 12:00:00,23.5,64,16.4,0.0,28,411.0,6.4,317,4.364789504399989,-4.680663690362692
2021-12-09 13:00:00,23.6,63,16.2,0.0,26,329.0,8.8,325,5.047472639889209,-7.208537989743126
2021-12-09 14:00:00,23.7,62,16.0,0.0,47,325.0,11.0,337,4.298042413382013,-10.125553387976844
2021-12-09 15:00:00,23.2,60,15.0,0.0,46,185.0,13.1,351,2.0492914920270278,-12.938717261796302
2021-12-09 16:00:00,22.7,63,15.2,0.0,65,113.0,15.1,1,-0.263531337202981,-15.097700196861508
2021-12-09 17:00:00,21.8,68,15.7,0.0,62,29.0,13.8,9,-2.158795617555186,-13.630099100212902
2021-12-09 18:00:00,20.9,75,16.3,0.0,38,0.0,10.8,15,-2.795245687107224,-10.431998923921938
2021-12-09 19:00:00,20.4,79,16.7,0.0,32,0.0,10.0,21,-3.5836794954530027,-9.335804264972015
2021-12-09 20:00:00,20.0,82,16.9,0.0,27,0.0,8.4,10,-1.458644692402215,-8.272385125302547
2021-12-09 21:00:00,19.4,86,17.0,0.0,27,0.0,6.1,357,0.3192493330819606,-6.0916401620029
2021-12-09 22:00:00,19.0,89,17.1,0.0,29,0.0,6.5,354,0.6794350112397471,-6.4643923198937765
2021-12-09 23:00:00,18.5,91,16.9,0.0,26,0.0,7.6,3,-0.3977532674463731,-7.589584464134761
2021-12-10 00:00:00,18.5,91,17.0,0.0,26,0.0,7.2,18,-2.224922359499621,-6.8476069173251055
2021-12-10 01:00:00,18.2,92,16.8,0.0,47,0.0,5.3,28,-2.4881992827652213,-4.679622242152313
2021-12-10 02:00:00,18.1,92,16.8,0.0,53,0.0,4.0,27,-1.815961998958187,-3.564026096753472
2021-12-10 03:00:00,17.9,92,16.5,0.0,66,0.0,3.5,24,-1.4235782507653008,-3.197409101749103
2021-12-10 04:00:00,17.9,91,16.4,0.0,65,0.0,4.2,20,-1.4364846019678086,-3.946709007300816
2021-12-10 05:00:00,17.8,91,16.3,0.0,74,0.0,4.7,23,-1.8364363038995868,-4.32637281122647
2021-12-10 06:00:00,17.8,91,16.4,0.0,64,0.0,4.7,9,-0.7352419856890852,-4.642135200797148
2021-12-10 07:00:00,17.9,91,16.4,0.0,60,1.0,4.6,18,-1.421478174124758,-4.3748599749577055
2021-12-10 08:00:00,19.6,85,17.1,0.0,74,50.0,4.2,20,-1.4364846019678086,-3.946709007300816
2021-12-10 09:00:00,21.3,78,17.3,0.0,71,121.0,1.0,45,-0.7071067811865476,-0.7071067811865476
2021-12-10 10:00:00,22.5,72,17.2,0.0,47,266.0,2.6,196,0.7166571251241974,2.499280409439629
2021-12-10 11:00:00,23.2,68,16.9,0.0,43,314.0,4.1,218,2.5242120488351985,3.23084408978756
2021-12-10 12:00:00,24.0,62,16.3,0.0,31,396.0,5.4,228,4.01298205757793,3.613305274337834
2021-12-10 13:00:00,24.3,61,16.2,0.0,19,415.0,6.9,242,6.092338390726597,3.239353783222646
2021-12-10 14:00:00,24.1,62,16.4,0.0,9,274.0,8.1,257,7.892397524760404,1.8221035401853083
2021-12-10 15:00:00,23.8,62,16.1,0.0,25,232.0,7.6,273,7.589584464134761,-0.3977532674463739
2021-12-10 16:00:00,23.5,64,16.2,0.0,14,115.0,6.3,294,5.755336383148387,-2.5624408513775383
2021-12-10 17:00:00,23.0,66,16.2,0.0,23,31.0,4.7,328,2.490620541896064,-3.985826051935202
2021-12-10 18:00:00,21.8,77,17.6,0.0,30,0.0,0.8,63,-0.7128052193506943,-0.3631923997916375
2021-12-10 19:00:00,20.6,82,17.4,0.0,32,0.0,4.0,100,-3.939231012048832,0.6945927106677212
2021-12-10 20:00:00,20.1,83,17.2,0.0,35,0.0,6.0,115,-5.4378467222199,2.535709570444196
2021-12-10 21:00:00,19.8,85,17.1,0.0,40,0.0,5.9,128,-4.64926344627966,3.632402704421384
2021-12-10 22:00:00,19.5,86,17.1,0.0,41,0.0,6.9,137,-4.70578868443124,5.046340541172277
2021-12-10 23:00:00,19.4,86,16.9,0.0,30,0.0,6.6,139,-4.329989591337347,4.981083229470295
2021-12-11 00:00:00,19.7,84,16.9,0.0,31,0.0,6.9,133,-5.0463405411722775,4.705788684431239
2021-12-11 01:00:00,20.1,82,16.8,0.0,41,0.0,6.0,123,-5.032023407672544,3.2678342100901627
2021-12-11 02:00:00,20.0,82,16.8,0.0,41,0.0,5.2,115,-4.71280049259058,2.1976149610516367
2021-12-11 03:00:00,18.4,89,16.6,0.0,34,0.0,4.3,85,-4.283637201794505,-0.3747696938149299
2021-12-11 04:00:00,17.9,91,16.4,0.0,30,0.0,3.6,53,-2.875087836170254,-2.1665340833473743
2021-12-11 05:00:00,18.0,90,16.3,0.0,32,0.0,4.6,45,-3.2526911934581184,-3.2526911934581184
2021-12-11 06:00:00,18.0,89,16.2,0.0,29,0.0,5.5,23,-2.149021206691006,-5.062776693988422
2021-12-11 07:00:00,18.1,89,16.3,0.0,47,2.0,6.5,34,-3.634753872559855,-5.388744221607771
2021-12-11 08:00:00,20.0,83,17.0,0.0,45,64.0,7.0,35,-4.015035054457322,-5.734064310022943
2021-12-11 09:00:00,22.2,70,16.4,0.0,50,190.0,4.8,27,-2.1791543987498243,-4.276831316104166
2021-12-11 10:00:00,23.1,69,17.1,0.0,50,314.0,4.3,360,1.0531962472667237e-15,-4.3
2021-12-11 11:00:00,23.8,68,17.6,0.0,34,360.0,6.3,347,1.4171916423663515,-6.1385314081469815
2021-12-11 12:00:00,24.3,66,17.5,0.0,34,467.0,8.3,342,2.564841053312066,-7.893769085249775
2021-12-11 13:00:00,24.7,64,17.5,0.0,32,504.0,10.4,340,3.5570094905869536,-9.772803256173448
2021-12-11 14:00:00,24.7,64,17.5,0.0,32,400.0,12.9,342,3.986319227436825,-12.26862906020748
2021-12-11 15:00:00,24.4,63,16.9,0.0,35,296.0,15.0,350,2.604722665003956,-14.77211629518312
2021-12-11 16:00:00,23.7,67,17.3,0.0,38,179.0,16.2,359,0.2827289842839937,-16.197532661533536
2021-12-11 17:00:00,22.5,74,17.6,0.0,18,38.0,14.4,360,3.5269827815443773e-15,-14.4
2021-12-11 18:00:00,21.4,81,17.9,0.0,24,0.0,15.1,1,-0.263531337202981,-15.097700196861508
2021-12-11 19:00:00,20.7,86,18.2,0.0,32,0.0,13.8,7,-1.6817969389910352,-13.697136892650244
2021-12-11 20:00:00,20.3,88,18.3,0.0,38,0.0,13.4,6,-1.4006814077865566,-13.326593397934865
2021-12-11 21:00:00,20.0,90,18.4,0.0,46,0.0,12.3,5,-1.0720156357961954,-12.253194786528471
2021-12-11 22:00:00,19.8,92,18.4,0.0,46,0.0,11.3,7,-1.3771235804781663,-11.215771513546938
2021-12-11 23:00:00,19.6,93,18.4,0.0,59,0.0,10.9,9,-1.7051356689385164,-10.765802912487002
2021-12-12 00:00:00,19.3,94,18.4,0.0,49,0.0,10.2,8,-1.419565629792667,-10.100734301164016
2021-12-12 01:00:00,19.3,95,18.4,0.0,65,0.0,9.7,4,-0.6766377953180154,-9.676371287520292
2021-12-12 02:00:00,19.1,95,18.4,0.0,64,0.0,11.2,2,-0.3908743630680108,-11.193177262613872
2021-12-12 03:00:00,19.3,94,18.3,0.0,56,0.0,12.2,2,-0.4257738597705118,-12.192568089632967
2021-12-12 04:00:00,19.4,94,18.5,0.0,57,0.0,13.0,6,-1.3588700224794952,-12.928784639787551
2021-12-12 05:00:00,19.4,94,18.4,0.0,54,0.0,12.8,10,-2.222696674136708,-12.605539238556265
2021-12-12 06:00:00,19.3,93,18.2,0.0,30,0.0,12.8,10,-2.222696674136708,-12.605539238556265
2021-12-12 07:00:00,19.2,93,18.0,0.0,20,2.0,12.3,15,-3.183474254761005,-11.88088766335554
2021-12-12 08:00:00,20.2,89,18.3,0.0,19,61.0,13.5,16,-3.7211043035294886,-12.977032895167303
2021-12-12 09:00:00,21.6,82,18.3,0.0,18,187.0,15.2,14,-3.6772128131149495,-14.748495039395143
2021-12-12 10:00:00,22.8,74,17.9,0.0,23,322.0,16.5,11,-3.148348423712989,-16.196848526886455
2021-12-12 11:00:00,23.8,68,17.6,0.0,31,476.0,17.2,10,-2.9867486558712018,-16.938693351809977
2021-12-12 12:00:00,24.3,65,17.3,0.0,33,463.0,17.8,7,-2.169274312611625,-17.667321499215532
2021-12-12 13:00:00,24.6,63,17.2,0.0,17,484.0,19.5,5,-1.699536983579334,-19.42579661278904
2021-12-12 14:00:00,24.5,63,17.1,0.0,7,391.0,22.1,6,-2.3100790382151417,-21.97893388763884
2021-12-12 15:00:00,24.1,64,16.9,0.0,2,278.0,23.6,7,-2.8761165043614807,-23.4240891787352
2021-12-12 16:00:00,23.3,68,17.0,0.0,2,185.0,22.1,7,-2.6933124892537594,-21.935269951273217
2021-12-12 17:00:00,22.0,73,17.0,0.0,1,44.0,19.9,6,-2.080116419026304,-19.79098571782864
2021-12-12 18:00:00,20.8,78,16.9,0.0,0,0.0,18.8,7,-2.291143656016773,-18.659867650856853
2021-12-12 19:00:00,20.1,81,16.8,0.0,5,0.0,17.5,9,-2.73760313820404,-17.28454596041491
2021-12-12 20:00:00,19.5,83,16.6,0.0,9,0.0,15.9,6,-1.6620025659556903,-15.812898136355546
2021-12-12 21:00:00,19.2,84,16.4,0.0,14,0.0,15.5,4,-1.0812253430339422,-15.462242779027276
2021-12-12 22:00:00,19.0,84,16.2,0.0,13,0.0,15.5,4,-1.0812253430339422,-15.462242779027276
2021-12-12 23:00:00,18.7,84,16.0,0.0,17,0.0,15.5,5,-1.3509140125887016,-15.441017820422056
2021-12-13 00:00:00,18.6,84,15.8,0.0,15,0.0,15.2,4,-1.0602984009107046,-15.162973563949327
2021-12-13 01:00:00,18.5,84,15.7,0.0,7,0.0,17.0,4,-1.18586005365013,-16.958588854417012
2021-12-13 02:00:00,18.4,84,15.6,0.0,7,0.0,18.4,6,-1.923323724124824,-18.299202874776228
2021-12-13 03:00:00,18.7,83,15.7,0.0,10,0.0,18.5,7,-2.2545828529952283,-18.362103805364452
2021-12-13 04:00:00,18.6,82,15.5,0.0,7,0.0,18.4,6,-1.923323724124824,-18.299202874776228
2021-12-13 05:00:00,18.4,82,15.4,0.0,0,0.0,19.2,5,-1.6733902607550368,-19.126938203361515
2021-12-13 06:00:00,18.3,82,15.2,0.0,11,0.0,19.2,5,-1.6733902607550368,-19.126938203361515
2021-12-13 07:00:00,18.3,81,15.1,0.0,10,2.0,18.8,5,-1.6385279636559735,-18.728460324124818
2021-12-13 08:00:00,19.3,77,15.1,0.0,9,61.0,18.4,1,-0.3211242784460166,-18.3971975908776
2021-12-13 09:00:00,20.6,71,15.2,0.0,11,213.0,20.2,1,-0.3525386100331269,-20.196923442159104
2021-12-13 10:00:00,21.7,67,15.3,0.0,4,351.0,20.5,1,-0.3577743319643119,-20.49687775070602
2021-12-13 11:00:00,22.5,64,15.3,0.0,4,427.0,20.2,360,4.9475730685553065e-15,-20.2
2021-12-13 12:00:00,23.1,62,15.5,0.0,2,514.0,19.8,358,0.6910100347095163,-19.787938374978097
2021-12-13 13:00:00,23.2,62,15.6,0.0,6,473.0,20.2,355,1.760546003502698,-20.12313290145326
2021-12-13 14:00:00,23.2,62,15.6,0.0,4,428.0,20.9,357,1.0938214854775372,-20.871357276370592
2021-12-13 15:00:00,22.9,62,15.3,0.0,5,313.0,19.4,360,4.75162958069173e-15,-19.4
2021-12-13 16:00:00,22.4,64,15.2,0.0,2,172.0,17.7,358,0.6177210916342646,-17.689217638237995
2021-12-13 17:00:00,21.4,68,15.3,0.0,6,41.0,15.2,356,1.0602984009107097,-15.162973563949327
2021-12-13 18:00:00,20.3,73,15.3,0.0,6,0.0,14.1,356,0.9835662797921716,-14.06565310866352
2021-12-13 19:00:00,19.7,76,15.3,0.0,5,0.0,13.0,2,-0.4536934571325126,-12.992080751248244
2021-12-13 20:00:00,19.4,78,15.5,0.0,17,0.0,11.9,360,2.9146593819707008e-15,-11.9
2021-12-13 21:00:00,19.1,80,15.6,0.0,17,0.0,11.2,2,-0.3908743630680108,-11.193177262613872
2021-12-13 22:00:00,18.9,82,15.8,0.0,20,0.0,10.4,2,-0.3629547657060101,-10.393664600998596
2021-12-13 23:00:00,18.8,84,16.0,0.0,30,0.0,9.4,360,2.3023359823970247e-15,-9.4
2021-12-14 00:00:00,18.6,85,16.1,0.0,26,0.0,9.0,360,2.204364238465236e-15,-9.0
2021-12-14 01:00:00,18.4,87,16.2,0.0,22,0.0,9.0,360,2.204364238465236e-15,-9.0
2021-12-14 02:00:00,18.4,88,16.3,0.0,37,0.0,9.4,360,2.3023359823970247e-15,-9.4
2021-12-14 03:00:00,18.2,89,16.3,0.0,36,0.0,9.4,4,-0.6557108531947778,-9.377102072442348
2021-12-14 04:00:00,18.0,90,16.2,0.0,32,0.0,9.5,9,-1.4861274178821933,-9.38303923565381
2021-12-14 05:00:00,17.7,91,16.2,0.0,31,0.0,9.1,7,-1.109011024986842,-9.032169979936029
2021-12-14 06:00:00,17.6,91,16.1,0.0,28,0.0,10.1,2,-0.3524849166952598,-10.093847352892867
2021-12-14 07:00:00,17.6,91,16.1,0.0,31,2.0,10.4,2,-0.3629547657060101,-10.393664600998596
2021-12-14 08:00:00,19.1,86,16.7,0.0,29,67.0,11.5,360,2.8166876380389124e-15,-11.5
2021-12-14 09:00:00,21.1,76,16.8,0.0,27,216.0,11.9,360,2.9146593819707008e-15,-11.9
2021-12-14 10:00:00,22.4,70,16.7,0.0,26,365.0,11.5,360,2.8166876380389124e-15,-11.5
2021-12-14 11:00:00,23.4,66,16.7,0.0,17,479.0,11.2,356,0.781272505934207,-11.17271736291003
2021-12-14 12:00:00,24.2,63,16.7,0.0,15,538.0,10.2,352,1.419565629792672,-10.100734301164016
2021-12-14 13:00:00,24.6,62,16.8,0.0,9,511.0,9.2,349,1.7554427574642109,-9.030970087718508
2021-12-14 14:00:00,24.7,61,16.8,0.0,14,433.0,8.7,343,2.543633831087813,-8.319851376878407
2021-12-14 15:00:00,24.5,62,16.8,0.0,7,340.0,9.5,335,4.014873486536643,-8.609923976848176
2021-12-14 16:00:00,23.9,65,16.9,0.0,13,167.0,9.8,343,2.8652427062828245,-9.371786608437748
2021-12-14 17:00:00,23.1,69,17.1,0.0,10,44.0,9.1,353,1.1090110249868397,-9.03216997993603
2021-12-14 18:00:00,21.9,74,17.0,0.0,6,0.0,10.2,8,-1.419565629792667,-10.100734301164016
2021-12-14 19:00:00,21.0,79,17.2,0.0,3,0.0,9.5,11,-1.812685456077176,-9.325458242752807
2021-12-14 20:00:00,20.4,82,17.3,0.0,8,0.0,8.7,5,-0.7582549619046259,-8.666893873398186
2021-12-14 21:00:00,20.0,85,17.4,0.0,10,0.0,9.7,4,-0.6766377953180154,-9.676371287520292
2021-12-14 22:00:00,19.6,88,17.5,0.0,13,0.0,10.1,6,-1.0557374790033,-10.04467114321956
2021-12-14 23:00:00,19.3,90,17.6,0.0,14,0.0,9.8,8,-1.363896389408641,-9.70462707366739
2021-12-15 00:00:00,19.2,91,17.7,0.0,14,0.0,9.2,11,-1.755442757464212,-9.030970087718508
2021-12-15 01:00:00,19.0,92,17.6,0.0,8,0.0,9.8,8,-1.363896389408641,-9.70462707366739
2021-12-15 02:00:00,19.0,92,17.6,0.0,4,0.0,10.0,13,-2.24951054343865,-9.743700647852352
2021-12-15 03:00:00,19.0,93,17.8,0.0,2,0.0,9.6,13,-2.159530121701104,-9.35395262193826
2021-12-15 04:00:00,18.9,93,17.8,0.0,10,0.0,10.0,13,-2.24951054343865,-9.743700647852352
2021-12-15 05:00:00,18.9,94,17.8,0.0,11,0.0,9.7,15,-2.510544737494451,-9.369480515003962
2021-12-15 06:00:00,18.7,94,17.7,0.0,11,0.0,9.4,4,-0.6557108531947778,-9.377102072442348
2021-12-15 07:00:00,18.7,95,17.8,0.0,16,1.0,9.1,9,-1.4235536318661008,-8.987963899415753
2021-12-15 08:00:00,19.8,91,18.3,0.0,9,61.0,9.4,2,-0.3280552690035091,-9.3942737739795
2021-12-15 09:00:00,22.0,81,18.6,0.0,8,203.0,8.3,360,2.0329136865846065e-15,-8.3
2021-12-15 10:00:00,23.5,73,18.3,0.0,4,338.0,6.8,360,1.6655196468404002e-15,-6.8
2021-12-15 11:00:00,24.6,67,18.0,0.0,3,486.0,6.2,353,0.7555899291119128,-6.153786140176197
2021-12-15 12:00:00,25.3,63,17.9,0.0,5,526.0,5.7,342,1.7613968679372018,-5.421022142882375
2021-12-15 13:00:00,25.7,62,18.0,0.0,5,518.0,6.3,329,3.244739871933344,-5.400153994423306
2021-12-15 14:00:00,25.6,63,18.1,0.0,6,432.0,7.4,321,4.656970893768801,-5.750880114781583
2021-12-15 15:00:00,25.2,63,17.7,0.0,6,314.0,9.5,323,5.717242719944458,-7.587037345449282
2021-12-15 16:00:00,24.5,67,18.0,0.0,7,137.0,11.3,333,5.130092647056881,-10.068373723328556
2021-12-15 17:00:00,23.4,73,18.3,0.0,8,45.0,8.9,346,2.153104870837044,-8.635631963856369
2021-12-15 18:00:00,22.2,79,18.3,0.0,8,0.0,8.7,355,0.7582549619046273,-8.666893873398186
2021-12-15 19:00:00,21.3,83,18.4,0.0,16,0.0,8.3,360,2.0329136865846065e-15,-8.3
2021-12-15 20:00:00,20.8,87,18.5,0.0,31,0.0,8.3,358,0.2896658226307568,-8.294943864258496
2021-12-15 21:00:00,20.4,89,18.6,0.0,33,0.0,7.6,355,0.6623836448822031,-7.571079705497266
2021-12-15 22:00:00,20.0,92,18.6,0.0,30,0.0,8.4,353,1.0237024846032368,-8.337387673787106
2021-12-15 23:00:00,19.7,93,18.6,0.0,29,0.0,8.0,355,0.6972459419812665,-7.969557584733964
2021-12-16 00:00:00,19.4,95,18.5,0.0,20,0.0,7.9,357,0.4134540543192605,-7.889173324561134
2021-12-16 01:00:00,19.5,95,18.6,0.0,27,0.0,6.8,357,0.3558845024520217,-6.790680836331102
2021-12-16 02:00:00,19.5,95,18.7,0.0,35,0.0,7.2,3,-0.3768188849491956,-7.190132650232932
2021-12-16 03:00:00,19.4,95,18.5,0.0,41,0.0,7.6,5,-0.662383644882202,-7.571079705497266
2021-12-16 04:00:00,19.2,96,18.5,0.0,37,0.0,8.3,2,-0.2896658226307581,-8.294943864258496
2021-12-16 05:00:00,19.2,96,18.6,0.0,20,0.0,9.0,358,0.3140954703225074,-8.994517443171862
2021-12-16 06:00:00,19.3,96,18.7,0.0,18,0.0,8.7,355,0.7582549619046273,-8.666893873398186
2021-12-16 07:00:00,19.4,96,18.7,0.0,24,1.0,9.1,353,1.1090110249868397,-9.03216997993603
2021-12-16 08:00:00,19.9,93,18.8,0.0,10,37.0,8.0,350,1.389185421335443,-7.878462024097664
2021-12-16 09:00:00,21.4,85,18.7,0.0,8,159.0,5.8,330,2.9000000000000026,-5.022947341949743
2021-12-16 10:00:00,22.7,76,18.3,0.0,3,327.0,5.4,307,4.312631754255383,-3.249801125021059
2021-12-16 11:00:00,23.9,69,17.9,0.0,1,480.0,5.0,291,4.667902132486009,-1.791839747726502
2021-12-16 12:00:00,24.7,64,17.5,0.0,0,552.0,6.6,292,6.1194134401407965,-2.4724035165450187
2021-12-16 13:00:00,25.0,63,17.4,0.0,0,544.0,7.1,300,6.148780366869514,-3.5500000000000007
2021-12-16 14:00:00,25.1,63,17.5,0.0,0,475.0,7.7,311,5.811263767715347,-5.051654523226905
2021-12-16 15:00:00,25.0,65,17.9,0.0,0,357.0,9.2,321,5.789747597658508,-7.149742845404129
2021-12-16 16:00:00,24.5,67,17.9,0.0,0,188.0,11.1,331,5.38138678473434,-9.708278749247294
2021-12-16 17:00:00,23.5,71,18.0,0.0,0,52.0,10.7,340,3.659615533584654,-10.05471104240922
2021-12-16 18:00:00,22.4,75,17.7,0.0,5,0.0,13.5,351,2.1118652780431195,-13.33379259803436
2021-12-16 19:00:00,21.6,77,17.5,0.0,5,0.0,14.4,357,0.7536377698983989,-14.380265300465863
2021-12-16 20:00:00,21.1,79,17.4,0.0,5,0.0,12.6,2,-0.4397336584515122,-12.592324420440606
2021-12-16 21:00:00,20.7,82,17.5,0.0,4,0.0,10.1,354,1.0557374790032994,-10.04467114321956
2021-12-16 22:00:00,20.3,84,17.6,0.0,6,0.0,10.9,343,3.186851581477835,-10.423721839997086
2021-12-16 23:00:00,19.9,87,17.7,0.0,2,0.0,11.0,349,2.098898949141992,-10.797899017924305
2021-12-17 00:00:00,19.7,90,17.9,0.0,2,0.0,12.0,353,1.4624321208617668,-11.910553819695863
2021-12-17 01:00:00,19.4,93,18.2,0.0,3,0.0,13.8,354,1.442492793093617,-13.724402156082173
2021-12-17 02:00:00,19.4,95,18.6,0.0,7,0.0,16.3,352,2.268521545649074,-16.141369520487597
2021-12-17 03:00:00,19.4,95,18.6,0.0,11,0.0,18.4,356,1.2835191168919116,-18.355178524780765
2021-12-17 04:00:00,19.4,95,18.7,0.0,12,0.0,18.7,359,0.3263600003772026,-18.697151899424515
2021-12-17 05:00:00,19.2,95,18.5,0.0,5,0.0,18.0,360,4.408728476930472e-15,-18.0
2021-12-17 06:00:00,19.0,95,18.1,0.0,6,0.0,16.6,1,-0.2897099468589063,-16.597471739596095
2021-12-17 07:00:00,18.9,94,17.9,0.0,17,2.0,17.3,4,-1.2067869957733677,-17.257858069494958
2021-12-17 08:00:00,20.0,88,17.9,0.0,21,67.0,17.7,6,-1.8501537998374664,-17.60303754801844
2021-12-17 09:00:00,21.8,78,17.7,0.0,27,222.0,17.7,2,-0.6177210916342671,-17.689217638237995
2021-12-17 10:00:00,22.9,71,17.4,0.0,19,352.0,18.4,2,-0.6421507393260177,-18.38879121715136
2021-12-17 11:00:00,23.8,65,16.8,0.0,6,491.0,18.8,4,-1.3114217063895557,-18.754204144884696
2021-12-17 12:00:00,24.3,61,16.3,0.0,9,566.0,20.9,3,-1.093821485477526,-20.871357276370592
2021-12-17 13:00:00,24.3,60,16.0,0.0,0,556.0,22.7,3,-1.188026206714825,-22.668890438928827
2021-12-17 14:00:00,23.8,61,15.8,0.0,0,494.0,26.3,360,6.441642163515078e-15,-26.3
2021-12-17 15:00:00,23.2,64,15.9,0.0,9,358.0,30.2,1,-0.527062674405962,-30.195400393723016
2021-12-17 16:00:00,22.0,66,15.4,0.0,19,188.0,29.6,3,-1.5491443047911375,-29.559434228735388
2021-12-17 17:00:00,20.7,69,14.9,0.0,29,51.0,28.5,3,-1.4915747529238992,-28.460941740505355
2021-12-17 18:00:00,19.6,71,14.3,0.0,29,0.0,27.4,2,-0.9562462096485264,-27.383308660323223
2021-12-17 19:00:00,19.1,72,13.8,0.0,38,0.0,26.7,4,-1.8624978489681456,-26.634960141937302
2021-12-17 20:00:00,18.7,72,13.4,0.0,53,0.0,26.0,4,-1.8136683173472576,-25.93666530675543
2021-12-17 21:00:00,18.5,71,13.0,0.0,59,0.0,25.2,2,-0.8794673169030244,-25.184648840881213
2021-12-17 22:00:00,18.3,70,12.7,0.0,75,0.0,24.9,2,-0.8689974678922741,-24.884831592775484
2021-12-17 23:00:00,18.1,70,12.4,0.0,85,0.0,23.1,3,-1.2089605892120026,-23.068342252830657
2021-12-18 00:00:00,17.9,69,12.2,0.0,97,0.0,23.4,2,-0.8166482228385227,-23.38574535224684
2021-12-18 01:00:00,17.9,69,12.0,0.0,53,0.0,23.8,2,-0.8306080215195231,-23.78550168305448
2021-12-18 02:00:00,17.7,69,11.9,0.0,42,0.0,24.9,2,-0.8689974678922741,-24.884831592775484
2021-12-18 03:00:00,17.7,69,11.9,0.0,59,0.0,23.1,4,-1.6113745434892943,-23.04372956100194
2021-12-18 04:00:00,17.5,69,11.7,0.0,50,0.0,21.2,1,-0.3699910164704104,-21.19677113731549
2021-12-18 05:00:00,17.4,69,11.7,0.0,40,0.0,20.9,360,5.119023620435936e-15,-20.9
2021-12-18 06:00:00,17.3,69,11.6,0.0,31,0.0,20.9,360,5.119023620435936e-15,-20.9
2021-12-18 07:00:00,17.2,69,11.5,0.0,47,1.0,19.4,1,-0.3385766848833001,-19.39704528603399
2021-12-18 08:00:00,17.8,67,11.6,0.0,59,49.0,20.2,358,0.7049698333905167,-20.18769470578573
2021-12-18 09:00:00,18.7,63,11.6,0.0,91,142.0,20.5,358,0.7154396824012669,-20.487511953891463
2021-12-18 10:00:00,19.7,60,11.7,0.0,92,218.0,20.5,357,1.0728871029803595,-20.471905462468765
2021-12-18 11:00:00,20.4,59,12.0,0.0,76,204.0,21.3,358,0.7433592797632675,-21.28702461550674
2021-12-18 12:00:00,20.8,58,12.3,0.0,64,298.0,22.0,356,1.534642422370764,-21.94640910571613
2021-12-18 13:00:00,20.9,58,12.3,0.0,87,368.0,24.2,356,1.6881066646078404,-24.141050016287743
2021-12-18 14:00:00,20.6,58,12.1,0.0,83,249.0,25.6,358,0.8934271155840211,-25.584405171688854
2021-12-18 15:00:00,19.8,58,11.2,0.0,82,193.0,24.9,358,0.8689974678922705,-24.884831592775484
2021-12-18 16:00:00,19.1,59,11.0,0.0,91,124.0,23.4,358,0.8166482228385192,-23.38574535224684
2021-12-18 17:00:00,18.3,62,11.0,0.0,100,35.0,20.9,357,1.0938214854775372,-20.871357276370592
2021-12-18 18:00:00,17.5,66,11.1,0.0,100,0.0,19.8,359,0.3455576474582145,-19.79698436409655
2021-12-18 19:00:00,17.2,68,11.1,0.0,100,0.0,19.4,359,0.338576684883301,-19.39704528603399
2021-12-18 20:00:00,17.1,68,11.3,0.0,100,0.0,18.0,360,4.408728476930472e-15,-18.0
2021-12-18 21:00:00,17.3,67,11.2,0.0,100,0.0,16.9,360,4.139306181118054e-15,-16.9
2021-12-18 22:00:00,17.5,67,11.2,0.0,100,0.0,15.8,360,3.869883885305636e-15,-15.8
2021-12-18 23:00:00,17.6,67,11.3,0.0,100,0.0,15.1,360,3.698433333425007e-15,-15.1
2021-12-19 00:00:00,17.6,67,11.4,0.0,100,0.0,14.4,359,0.2513146526968833,-14.397806810252035
2021-12-19 01:00:00,17.6,67,11.5,0.0,96,0.0,14.8,359,0.2582956152717967,-14.79774588831459
2021-12-19 02:00:00,17.5,68,11.6,0.0,87,0.0,15.5,360,3.796405077356795e-15,-15.5
2021-12-19 03:00:00,17.8,66,11.4,0.0,78,0.0,16.2,1,-0.2827289842839929,-16.197532661533536
2021-12-19 04:00:00,17.8,65,11.2,0.0,68,0.0,16.6,1,-0.2897099468589063,-16.597471739596095
2021-12-19 05:00:00,17.8,65,11.1,0.0,65,0.0,15.5,359,0.2705122997778952,-15.497639274924063
2021-12-19 06:00:00,17.9,64,11.1,0.0,65,0.0,13.4,354,1.4006814077865557,-13.326593397934865
2021-12-19 07:00:00,18.0,64,11.2,0.0,62,0.0,13.7,357,0.7170026005283379,-13.68122462613766
2021-12-19 08:00:00,18.2,64,11.2,0.0,65,9.0,13.3,2,-0.4641633061432629,-13.291897999353974
2021-12-19 09:00:00,18.4,63,11.3,0.0,61,3.0,12.2,360,2.9881381899195417e-15,-12.2
2021-12-19 10:00:00,18.8,63,11.5,0.0,74,8.0,10.4,358,0.3629547657060086,-10.393664600998596
2021-12-19 11:00:00,19.6,60,11.7,0.0,66,73.0,7.6,357,0.3977532674463772,-7.589584464134761
2021-12-19 12:00:00,19.7,60,11.8,0.0,73,23.0,3.9,326,2.180852323535912,-3.233246532964663
2021-12-19 13:00:00,19.9,60,12.0,0.0,79,19.0,4.7,270,4.7,8.63375993398884e-16
2021-12-19 14:00:00,20.2,60,12.1,0.0,77,71.0,5.0,270,5.0,9.184850993605148e-16
2021-12-19 15:00:00,20.4,58,11.9,0.0,76,9.0,3.7,299,3.236092916415764,-1.793795594911448
2021-12-19 16:00:00,20.2,59,11.9,0.0,76,3.0,4.2,340,1.436484601967808,-3.946709007300816
2021-12-19 17:00:00,20.0,60,12.0,0.0,80,5.0,4.7,356,0.3278554265973905,-4.688551036221174
2021-12-19 18:00:00,19.6,63,12.4,0.0,72,0.0,4.8,13,-1.079765060850552,-4.676976310969129
2021-12-19 19:00:00,19.3,65,12.6,0.0,66,0.0,4.3,360,1.0531962472667237e-15,-4.3
2021-12-19 20:00:00,19.0,67,12.7,0.0,53,0.0,6.6,347,1.4846769586695112,-6.430842427582552
2021-12-19 21:00:00,18.5,69,12.7,0.0,40,0.0,6.4,344,1.764079077228793,-6.1520748540052415
2021-12-19 22:00:00,18.2,71,12.8,0.0,42,0.0,7.1,345,1.8376152202278968,-6.858073366652385
2021-12-19 23:00:00,17.9,74,13.1,0.0,55,0.0,7.2,357,0.3768188849491994,-7.190132650232932
2021-12-20 00:00:00,17.7,76,13.4,0.0,77,0.0,6.9,9,-1.079397808777593,-6.815049550106451
2021-12-20 01:00:00,17.6,77,13.5,0.0,95,0.0,6.8,360,1.6655196468404002e-15,-6.8
2021-12-20 02:00:00,17.6,77,13.6,0.0,92,0.0,6.9,354,0.7212463965468086,-6.862201078041086
2021-12-20 03:00:00,17.9,76,13.6,0.0,84,0.0,6.8,357,0.3558845024520217,-6.790680836331102
2021-12-20 04:00:00,18.0,77,13.8,0.2,57,0.0,5.8,338,2.172718241812292,-5.377666356487366
2021-12-20 05:00:00,17.8,79,14.1,0.2,54,0.0,5.2,348,1.0811407922523513,-5.086367523815789
2021-12-20 06:00:00,17.7,80,14.2,0.0,64,0.0,5.4,8,-0.7515347451843534,-5.34744757120448
2021-12-20 07:00:00,17.6,82,14.4,0.0,53,0.0,6.2,350,1.0766187015349684,-6.10580806867569
2021-12-20 08:00:00,18.6,79,14.9,0.0,65,22.0,8.8,348,1.829622879196287,-8.60769888645749
2021-12-20 09:00:00,19.5,75,14.9,0.1,69,36.0,7.1,345,1.8376152202278968,-6.858073366652385
2021-12-20 10:00:00,19.8,73,14.8,0.1,72,16.0,6.8,342,2.101315561749644,-6.467184310807044
2021-12-20 11:00:00,20.1,72,14.8,0.2,87,32.0,6.8,335,2.873804179836754,-6.16289295184922
2021-12-20 12:00:00,20.1,72,15.0,0.3,99,73.0,8.2,331,3.9754388860199614,-7.171881598543045
2021-12-20 13:00:00,19.9,74,15.2,0.5,73,66.0,9.4,337,3.6728726077991753,-8.652745622452938
2021-12-20 14:00:00,19.8,74,15.1,0.1,69,41.0,10.8,2,-0.3769145643870105,-10.793420931806237
2021-12-20 15:00:00,20.0,74,15.2,0.0,77,17.0,12.1,12,-2.515731458894888,-11.835585968879048
2021-12-20 16:00:00,19.9,74,15.2,0.0,80,31.0,9.7,360,2.3758147903458648e-15,-9.7
2021-12-20 17:00:00,19.4,78,15.4,0.1,86,6.0,7.8,347,1.7546182238821495,-7.600086505324834
2021-12-20 18:00:00,19.0,80,15.6,0.3,87,0.0,10.5,354,1.0975488643103608,-10.44247990136687
2021-12-20 19:00:00,18.7,82,15.6,0.5,100,0.0,11.0,11,-2.0988989491419927,-10.797899017924305
2021-12-20 20:00:00,18.3,86,15.9,0.6,100,0.0,11.3,17,-3.303800263366926,-10.806243742382302
2021-12-20 21:00:00,18.2,85,15.7,0.0,82,0.0,11.9,2,-0.4153040107597615,-11.89275084152724
2021-12-20 22:00:00,18.4,85,15.8,0.0,79,0.0,13.4,352,1.8649195528648828,-13.26959212113704
2021-12-20 23:00:00,18.5,85,15.9,0.0,65,0.0,13.7,358,0.4781231048242612,-13.691654330161612
2021-12-21 00:00:00,18.7,84,16.0,0.0,61,0.0,12.7,345,3.2870018728020125,-12.267257993871167
2021-12-21 01:00:00,18.8,84,16.1,0.0,44,0.0,11.6,353,1.4136843834997077,-11.513535359039336
2021-12-21 02:00:00,18.8,85,16.3,0.0,60,0.0,10.5,354,1.0975488643103608,-10.44247990136687
2021-12-21 03:00:00,18.5,91,17.0,0.4,54,0.0,10.3,348,2.141490415422927,-10.074920287558198
2021-12-21 04:00:00,18.5,92,17.1,0.3,50,0.0,11.5,346,2.7821017993961803,-11.15840085217396
2021-12-21 05:00:00,18.5,92,17.2,0.3,43,0.0,10.7,348,2.2246550917500305,-10.46617932785172
2021-12-21 06:00:00,18.4,93,17.2,0.0,92,0.0,10.5,4,-0.7324429743133156,-10.474422527728152
2021-12-21 07:00:00,18.6,92,17.4,0.2,95,0.0,11.0,349,2.098898949141992,-10.797899017924305
2021-12-21 08:00:00,19.1,92,17.8,0.5,100,2.0,13.3,347,2.991849022773409,-12.959121861643627
2021-12-21 09:00:00,19.8,90,18.2,0.3,84,19.0,12.6,347,2.834383284732703,-12.277062816293965
2021-12-21 10:00:00,20.5,87,18.3,0.1,96,19.0,11.9,346,2.878870557636048,-11.54651914268436
2021-12-21 11:00:00,21.2,84,18.4,0.2,99,29.0,8.2,337,3.203995253612045,-7.548139798310009
2021-12-21 12:00:00,20.9,88,18.9,0.4,100,8.0,9.4,342,2.9047597471245084,-8.939931253174443
2021-12-21 13:00:00,20.7,90,19.0,1.5,100,0.0,11.9,360,2.9146593819707008e-15,-11.9
2021-12-21 14:00:00,21.0,89,19.1,0.7,100,21.0,12.7,7,-1.5477406612453728,-12.605336125844788
2021-12-21 15:00:00,20.7,93,19.5,0.8,100,0.0,13.2,349,2.5186787389703893,-12.957478821509165
2021-12-21 16:00:00,20.3,95,19.4,0.8,100,1.0,15.4,344,4.244815279581784,-14.80343011745011
2021-12-21 17:00:00,19.9,94,19.0,0.9,100,1.0,17.5,346,4.233633172994188,-16.980175209829937
2021-12-21 18:00:00,19.6,94,18.7,1.2,100,0.0,19.4,359,0.338576684883301,-19.39704528603399
2021-12-21 19:00:00,19.5,94,18.6,1.1,100,0.0,20.5,358,0.7154396824012669,-20.487511953891463
2021-12-21 20:00:00,19.6,94,18.6,1.1,100,0.0,21.3,358,0.7433592797632675,-21.28702461550674
2021-12-21 21:00:00,19.7,93,18.6,0.8,100,0.0,20.2,360,4.9475730685553065e-15,-20.2
2021-12-21 22:00:00,19.7,93,18.5,0.5,100,0.0,16.9,1,-0.2949456687900913,-16.89742604814301
2021-12-21 23:00:00,19.8,91,18.3,0.0,79,0.0,14.8,3,-0.7745721523955688,-14.779717114367694
2021-12-22 00:00:00,19.9,91,18.3,0.0,67,0.0,13.4,5,-1.1678869528186195,-13.34900895442939
2021-12-22 01:00:00,19.9,91,18.4,0.0,87,0.0,13.0,360,3.1840816777831178e-15,-13.0
2021-12-22 02:00:00,19.9,91,18.4,0.0,77,0.0,13.4,352,1.8649195528648828,-13.26959212113704
2021-12-22 03:00:00,19.3,92,18.0,0.0,69,0.0,15.7,349,2.995701227411751,-15.411546780128324
2021-12-22 04:00:00,19.3,92,18.0,0.0,59,0.0,18.2,351,2.8471072637322057,-17.975927798831506
2021-12-22 05:00:00,19.4,91,17.9,0.0,50,0.0,19.5,356,1.36025123801045,-19.45249898006657
2021-12-22 06:00:00,19.4,91,17.9,0.0,72,0.0,17.3,356,1.2067869957733734,-17.257858069494958
2021-12-22 07:00:00,19.4,91,17.9,0.0,86,1.0,17.8,353,2.1692743126116207,-17.667321499215532
2021-12-22 08:00:00,19.9,90,18.2,0.0,91,55.0,20.3,353,2.4739476711244888,-20.14868687831884
2021-12-22 09:00:00,20.9,85,18.2,0.0,100,157.0,22.1,354,2.310079038215141,-21.97893388763884
2021-12-22 10:00:00,21.8,79,18.0,0.0,100,227.0,23.1,356,1.6113745434893023,-23.04372956100194
2021-12-22 11:00:00,22.5,75,18.0,0.0,97,311.0,23.4,358,0.8166482228385192,-23.38574535224684
2021-12-22 12:00:00,23.2,73,18.0,0.0,98,462.0,22.7,357,1.188026206714837,-22.668890438928827
2021-12-22 13:00:00,23.3,72,18.0,0.0,92,421.0,22.8,355,1.9871509346466096,-22.7132391164918
2021-12-22 14:00:00,23.3,72,17.9,0.0,87,428.0,23.2,354,2.425060347809559,-23.07290797254394
2021-12-22 15:00:00,22.2,74,17.2,0.0,69,266.0,22.4,355,1.952288637547546,-22.314761237255095
2021-12-22 16:00:00,21.6,75,17.0,0.0,62,139.0,21.4,353,2.6080039488701505,-21.24048764512429
2021-12-22 17:00:00,20.6,79,16.8,0.1,61,46.0,20.4,352,2.839131259585344,-20.20146860232803
2021-12-22 18:00:00,19.8,82,16.6,0.1,61,0.0,18.8,353,2.291143656016768,-18.659867650856857
2021-12-22 19:00:00,19.6,83,16.6,0.1,54,0.0,17.4,354,1.8187952608571691,-17.304680979407955
2021-12-22 20:00:00,19.3,85,16.6,0.2,71,0.0,16.3,352,2.268521545649074,-16.141369520487597
2021-12-22 21:00:00,19.1,86,16.7,0.1,89,0.0,16.0,352,2.226769615361054,-15.844289099865124
2021-12-22 22:00:00,19.0,87,16.7,0.2,100,0.0,15.3,351,2.393447315115536,-15.111631611105606
2021-12-22 23:00:00,19.0,87,16.7,0.1,100,0.0,14.9,352,2.0736792043049816,-14.754994224249398
2021-12-23 00:00:00,19.0,87,16.7,0.1,100,0.0,13.8,354,1.442492793093617,-13.724402156082173
2021-12-23 01:00:00,18.9,87,16.7,0.0,100,0.0,12.6,355,1.0981623586204947,-12.552053195955994
2021-12-23 02:00:00,18.9,88,16.8,0.0,100,0.0,11.6,355,1.0110066158728364,-11.555858497864248
2021-12-23 03:00:00,19.0,87,16.7,0.0,100,0.0,11.6,355,1.0110066158728364,-11.555858497864248
2021-12-23 04:00:00,19.1,87,16.8,0.0,100,0.0,11.3,353,1.3771235804781636,-11.21577151354694
2021-12-23 05:00:00,19.1,87,16.9,0.0,95,0.0,12.0,351,1.8772135804827728,-11.852260087141651
2021-12-23 06:00:00,19.0,88,16.9,0.0,99,0.0,9.4,358,0.3280552690035077,-9.3942737739795
2021-12-23 07:00:00,19.0,88,17.0,0.0,100,1.0,8.6,2,-0.3001356716415083,-8.594761112364223
2021-12-23 08:00:00,19.6,87,17.4,0.0,65,27.0,10.1,358,0.3524849166952583,-10.093847352892867
2021-12-23 09:00:00,20.8,83,17.8,0.0,41,121.0,10.1,358,0.3524849166952583,-10.093847352892867
2021-12-23 10:00:00,22.2,77,18.0,0.0,19,252.0,10.4,358,0.3629547657060086,-10.393664600998596
2021-12-23 11:00:00,23.5,72,18.2,0.0,8,401.0,11.2,354,1.1707187885977182,-11.13864522812466
2021-12-23 12:00:00,24.1,70,18.3,0.0,12,333.0,12.4,350,2.153237403069937,-12.21161613735138
2021-12-23 13:00:00,24.6,69,18.5,0.0,23,465.0,13.8,351,2.158795617555189,-13.6300991002129
2021-12-23 14:00:00,24.4,70,18.6,0.0,14,311.0,15.2,355,1.3247672897644065,-15.142159410994532
2021-12-23 15:00:00,24.4,71,18.9,0.0,18,302.0,16.8,351,2.6280990126758823,-16.593164121998313
2021-12-23 16:00:00,23.6,74,18.7,0.0,23,174.0,17.5,351,2.737603138204044,-17.28454596041491
2021-12-23 17:00:00,22.3,79,18.6,0.0,31,43.0,17.1,352,2.3798600264171266,-16.933583975480854
2021-12-23 18:00:00,21.1,84,18.2,0.0,38,0.0,17.7,354,1.8501537998374653,-17.60303754801844
2021-12-23 19:00:00,20.6,85,18.0,0.0,37,0.0,15.9,356,1.1091279325315977,-15.861268399131204
2021-12-23 20:00:00,20.3,87,18.1,0.0,35,0.0,13.6,348,2.827598995121534,-13.302807369979757
2021-12-23 21:00:00,20.1,89,18.1,0.0,28,0.0,12.4,343,3.625409138561941,-11.85817897394164
2021-12-23 22:00:00,20.0,89,18.1,0.0,35,0.0,11.8,340,4.0358376912428895,-11.08837292527372
2021-12-23 23:00:00,19.9,89,18.1,0.0,33,0.0,10.8,345,2.7952456871072235,-10.431998923921938
2021-12-24 00:00:00,19.8,90,18.0,0.0,49,0.0,8.9,346,2.153104870837044,-8.635631963856369
2021-12-24 01:00:00,19.6,91,18.1,0.0,45,0.0,8.0,342,2.4721359549995814,-7.608452130361228
2021-12-24 02:00:00,19.5,92,18.2,0.0,60,0.0,8.3,342,2.564841053312066,-7.893769085249775
2021-12-24 03:00:00,19.4,92,18.1,0.0,71,0.0,10.2,342,3.151973342624466,-9.700776466210565
2021-12-24 04:00:00,19.3,94,18.3,0.0,77,0.0,12.8,349,2.442355140819772,-12.5648279481301
2021-12-24 05:00:00,19.4,94,18.4,0.0,84,0.0,13.0,358,0.4536934571325107,-12.992080751248244
2021-12-24 06:00:00,19.4,94,18.3,0.0,77,0.0,12.6,358,0.4397336584515103,-12.592324420440606
2021-12-24 07:00:00,19.5,92,18.2,0.0,75,0.0,10.8,360,2.645237086158283e-15,-10.8
2021-12-24 08:00:00,20.3,88,18.2,0.0,89,42.0,10.8,358,0.3769145643870089,-10.793420931806237
2021-12-24 09:00:00,21.6,83,18.5,0.0,33,116.0,12.4,352,1.725746451904817,-12.279324052395472
2021-12-24 10:00:00,22.6,79,18.7,0.0,23,279.0,15.5,348,3.222631207675278,-15.161287811373986
2021-12-24 11:00:00,23.4,75,18.8,0.0,9,392.0,17.2,350,2.986748655871202,-16.938693351809977
2021-12-24 12:00:00,24.0,73,18.8,0.0,14,472.0,18.0,348,3.7424104347196776,-17.6066568132085
2021-12-24 13:00:00,24.3,71,18.7,0.0,23,491.0,18.9,347,4.251574927099054,-18.41559422444094
2021-12-24 14:00:00,24.2,71,18.5,0.0,20,414.0,21.2,342,6.55116028074889,-20.162398145457253
2021-12-24 15:00:00,23.4,74,18.4,0.0,19,294.0,23.8,345,6.159893273439993,-22.989034665679828
2021-12-24 16:00:00,22.7,75,18.0,0.0,13,167.0,22.7,358,0.7922185751467686,-22.686171773333477
2021-12-24 17:00:00,21.9,78,17.9,0.0,12,46.0,19.5,5,-1.699536983579334,-19.42579661278904
2021-12-24 18:00:00,21.1,82,17.8,0.0,21,0.0,15.9,3,-0.832141704262807,-15.878209602597725
2021-12-24 19:00:00,20.7,84,17.8,0.0,32,0.0,14.3,348,2.973137178693966,-13.98751069049342
2021-12-24 20:00:00,20.5,85,17.8,0.0,59,0.0,18.3,338,6.8553006595111965,-16.96746453857221
2021-12-24 21:00:00,20.3,86,17.8,0.0,62,0.0,20.9,345,5.409318042642682,-20.187849769441527
2021-12-24 22:00:00,20.2,85,17.6,0.0,61,0.0,20.2,357,1.0571863161074762,-20.17231660204239
2021-12-24 23:00:00,19.9,86,17.4,0.0,74,0.0,15.9,4,-1.1091279325315924,-15.861268399131204
2021-12-25 00:00:00,19.8,84,17.1,0.0,74,0.0,12.6,355,1.0981623586204947,-12.552053195955994
2021-12-25 01:00:00,19.6,85,17.0,0.0,76,0.0,10.9,351,1.7051356689385189,-10.765802912487
2021-12-25 02:00:00,19.5,85,16.9,0.0,71,0.0,13.1,339,4.69462013904344,-12.22990358711334
2021-12-25 03:00:00,19.7,86,17.4,0.0,67,0.0,17.9,345,4.63286090733512,-17.290072290574322
2021-12-25 04:00:00,19.5,84,16.7,0.0,81,0.0,19.8,359,0.3455576474582145,-19.79698436409655
2021-12-25 05:00:00,19.3,81,16.0,0.0,78,0.0,18.4,1,-0.3211242784460166,-18.3971975908776
2021-12-25 06:00:00,19.2,80,15.6,0.0,71,0.0,17.8,7,-2.169274312611625,-17.667321499215532
2021-12-25 07:00:00,19.4,78,15.4,0.0,88,0.0,15.9,4,-1.1091279325315924,-15.861268399131204
2021-12-25 08:00:00,19.9,76,15.5,0.0,82,15.0,16.9,359,0.2949456687900921,-16.89742604814301
2021-12-25 09:00:00,20.6,74,15.7,0.0,74,57.0,18.4,357,0.9629815948701764,-18.37478343948416
2021-12-25 10:00:00,21.1,72,15.9,0.0,96,73.0,20.5,358,0.7154396824012669,-20.487511953891463
2021-12-25 11:00:00,21.9,70,16.1,0.0,97,123.0,20.2,358,0.7049698333905167,-20.18769470578573
2021-12-25 12:00:00,22.4,68,16.3,0.0,83,161.0,20.2,358,0.7049698333905167,-20.18769470578573
2021-12-25 13:00:00,22.5,68,16.3,0.0,79,164.0,20.5,359,0.3577743319643129,-20.49687775070602
2021-12-25 14:00:00,22.5,67,16.1,0.0,73,194.0,20.2,358,0.7049698333905167,-20.18769470578573
2021-12-25 15:00:00,21.1,72,15.8,0.4,77,21.0,19.8,359,0.3455576474582145,-19.79698436409655
2021-12-25 16:00:00,20.6,74,15.7,0.3,80,68.0,19.1,357,0.9996167642402376,-19.07382411381236
2021-12-25 17:00:00,19.8,77,15.6,0.2,100,28.0,18.1,353,2.205835115633165,-17.96508534470793
2021-12-25 18:00:00,19.1,79,15.3,0.3,79,0.0,19.1,358,0.6665803870177658,-19.08836479606473
2021-12-25 19:00:00,18.5,81,15.1,0.3,100,0.0,19.9,356,1.3881538275081,-19.8515246001705
2021-12-25 20:00:00,18.2,81,14.9,0.5,100,0.0,20.6,354,2.1532863433136606,-20.48715104458643
2021-12-25 21:00:00,18.0,81,14.7,0.7,100,0.0,21.0,355,1.830270597700825,-20.920088659926652
2021-12-25 22:00:00,17.9,81,14.6,0.6,100,0.0,22.4,356,1.562545011868414,-22.34543472582006
2021-12-25 23:00:00,17.8,81,14.5,0.4,100,0.0,23.1,358,0.806178373827769,-23.085928104141114
2021-12-26 00:00:00,17.5,83,14.6,0.6,100,0.0,21.6,1,-0.3769719790453238,-21.596710215378053
2021-12-26 01:00:00,17.4,83,14.5,0.6,100,0.0,19.8,360,4.849601324623519e-15,-19.8
2021-12-26 02:00:00,17.3,82,14.2,0.4,100,0.0,20.9,356,1.4579103012522256,-20.849088650430325
2021-12-26 03:00:00,17.2,81,13.9,0.3,100,0.0,22.0,358,0.7677889274550181,-21.986598194420107
2021-12-26 04:00:00,17.1,80,13.7,0.2,100,0.0,21.6,360,5.290474172316566e-15,-21.6
2021-12-26 05:00:00,17.0,81,13.7,0.2,100,0.0,22.0,2,-0.7677889274550214,-21.986598194420107
2021-12-26 06:00:00,16.9,80,13.5,0.1,100,0.0,20.5,2,-0.7154396824012699,-20.487511953891463
2021-12-26 07:00:00,16.9,80,13.4,0.1,100,0.0,19.5,2,-0.680540185698769,-19.488121126872368
2021-12-26 08:00:00,17.0,79,13.3,0.1,100,0.0,19.4,360,4.75162958069173e-15,-19.4
2021-12-26 09:00:00,17.7,75,13.3,0.2,100,46.0,19.5,2,-0.680540185698769,-19.488121126872368
2021-12-26 10:00:00,18.3,73,13.4,0.2,100,86.0,18.7,2,-0.6526205883367681,-18.68860846525709
2021-12-26 11:00:00,18.8,71,13.5,0.2,98,121.0,20.6,355,1.7954083006017614,-20.52161078068996
2021-12-26 12:00:00,19.0,70,13.4,0.0,97,145.0,21.6,358,0.7538291287740179,-21.58684186361247
2021-12-26 13:00:00,19.4,68,13.3,0.0,97,235.0,20.9,360,5.119023620435936e-15,-20.9
2021-12-26 14:00:00,19.3,67,13.1,0.0,80,144.0,20.5,1,-0.3577743319643119,-20.49687775070602
2021-12-26 15:00:00,18.8,70,13.3,0.0,76,80.0,20.2,358,0.7049698333905167,-20.18769470578573
2021-12-26 16:00:00,18.7,69,13.0,0.0,84,79.0,20.7,352,2.880883189873364,-20.498549022950503
2021-12-26 17:00:00,18.2,71,12.7,0.0,85,9.0,21.0,355,1.830270597700825,-20.920088659926652
2021-12-26 18:00:00,17.7,71,12.5,0.0,86,0.0,21.2,359,0.3699910164704114,-21.19677113731549
2021-12-26 19:00:00,17.4,72,12.4,0.0,100,0.0,21.6,359,0.3769719790453249,-21.596710215378053
2021-12-26 20:00:00,17.1,73,12.3,0.0,100,0.0,20.5,359,0.3577743319643129,-20.49687775070602
2021-12-26 21:00:00,16.8,75,12.4,0.0,100,0.0,19.1,360,4.6781507727428894e-15,-19.1
2021-12-26 22:00:00,16.5,77,12.5,0.1,100,0.0,19.1,357,0.9996167642402376,-19.07382411381236
2021-12-26 23:00:00,16.4,78,12.6,0.2,100,0.0,20.5,359,0.3577743319643129,-20.49687775070602
2021-12-27 00:00:00,16.3,79,12.6,0.1,100,0.0,20.5,1,-0.3577743319643119,-20.49687775070602
2021-12-27 01:00:00,16.2,79,12.6,0.1,100,0.0,19.1,360,4.6781507727428894e-15,-19.1
2021-12-27 02:00:00,16.2,79,12.6,0.2,100,0.0,18.4,360,4.506700220862259e-15,-18.4
2021-12-27 03:00:00,15.8,86,13.5,0.9,100,0.0,16.6,1,-0.2897099468589063,-16.597471739596095
2021-12-27 04:00:00,15.7,87,13.6,0.9,100,0.0,17.0,354,1.776983875550108,-16.906872221260645
2021-12-27 05:00:00,15.6,87,13.5,0.6,100,0.0,18.8,355,1.6385279636559764,-18.728460324124818
2021-12-27 06:00:00,15.6,87,13.5,0.5,100,0.0,20.5,359,0.3577743319643129,-20.49687775070602
2021-12-27 07:00:00,15.5,87,13.4,0.4,100,0.0,18.4,3,-0.9629815948701664,-18.37478343948416
2021-12-27 08:00:00,15.6,88,13.5,0.3,100,3.0,19.1,360,4.6781507727428894e-15,-19.1
2021-12-27 09:00:00,15.9,85,13.4,0.2,100,11.0,19.8,360,4.849601324623519e-15,-19.8
2021-12-27 10:00:00,16.4,82,13.4,0.1,98,25.0,20.9,358,0.7293994810822672,-20.8872682846991
2021-12-27 11:00:00,16.8,80,13.4,0.1,89,29.0,20.9,357,1.0938214854775372,-20.871357276370592
2021-12-27 12:00:00,17.3,78,13.4,0.1,95,71.0,19.9,354,2.080116419026303,-19.79098571782864
2021-12-27 13:00:00,17.7,76,13.4,0.0,88,86.0,20.7,353,2.5226954084865474,-20.545705338975367
2021-12-27 14:00:00,17.6,76,13.2,0.0,98,66.0,21.2,360,5.1925024283847775e-15,-21.2
2021-12-27 15:00:00,17.3,75,12.8,0.0,95,32.0,20.2,360,4.9475730685553065e-15,-20.2
2021-12-27 16:00:00,17.2,76,12.9,0.1,90,32.0,18.8,356,1.311421706389562,-18.754204144884696
2021-12-27 17:00:00,16.9,78,12.9,0.2,86,21.0,18.8,357,0.983915977367354,-18.77423525338599
2021-12-27 18:00:00,16.4,80,13.0,0.2,91,0.0,17.7,356,1.2346895852710238,-17.65688368959889
2021-12-27 19:00:00,16.2,82,13.0,0.0,89,0.0,15.8,359,0.2757480217090802,-15.797593583470984
2021-12-27 20:00:00,16.1,82,13.0,0.0,85,0.0,15.1,357,0.79027293926846,-15.079305974794064
2021-12-27 21:00:00,16.0,83,13.1,0.0,76,0.0,12.6,2,-0.4397336584515122,-12.592324420440606
2021-12-27 22:00:00,16.0,83,13.2,0.0,87,0.0,12.8,349,2.442355140819772,-12.5648279481301
2021-12-27 23:00:00,16.0,83,13.2,0.0,77,0.0,15.0,349,2.86213493064817,-14.72440775171496
2021-12-28 00:00:00,16.1,83,13.2,0.0,84,0.0,15.2,356,1.0602984009107097,-15.162973563949327
2021-12-28 01:00:00,16.1,83,13.2,0.0,99,0.0,15.5,360,3.796405077356795e-15,-15.5
2021-12-28 02:00:00,16.3,82,13.3,0.0,74,0.0,14.4,3,-0.7536377698983913,-14.380265300465863
2021-12-28 03:00:00,16.1,84,13.3,0.0,62,0.0,13.7,358,0.4781231048242612,-13.691654330161612
2021-12-28 04:00:00,16.2,84,13.5,0.0,46,0.0,13.3,357,0.6960682180311601,-13.281772812235833
2021-12-28 05:00:00,16.1,85,13.6,0.0,54,0.0,11.9,2,-0.4153040107597615,-11.89275084152724
2021-12-28 06:00:00,16.0,86,13.7,0.0,43,0.0,9.8,352,1.3638963894086458,-9.704627073667387
2021-12-28 07:00:00,15.8,88,13.8,0.0,33,1.0,10.7,346,2.588564282916446,-10.382164271153162
2021-12-28 08:00:00,16.8,87,14.6,0.0,29,57.0,12.1,348,2.5157314588948942,-11.835585968879046
2021-12-28 09:00:00,18.3,81,15.0,0.0,28,179.0,10.9,351,1.7051356689385189,-10.765802912487
2021-12-28 10:00:00,19.4,73,14.4,0.0,22,284.0,12.0,339,4.300415394543609,-11.202965117966418
2021-12-28 11:00:00,20.2,69,14.2,0.0,12,372.0,14.2,339,5.08882488354327,-13.25684205626026
2021-12-28 12:00:00,20.9,66,14.3,0.0,17,441.0,14.9,345,3.856403772027558,-14.39229481170712
2021-12-28 13:00:00,21.2,65,14.4,0.0,15,417.0,13.6,348,2.827598995121534,-13.302807369979757
2021-12-28 14:00:00,21.4,65,14.6,0.0,12,426.0,13.3,347,2.991849022773409,-12.959121861643627
2021-12-28 15:00:00,21.2,66,14.7,0.0,7,319.0,14.9,345,3.856403772027558,-14.39229481170712
2021-12-28 16:00:00,20.8,68,14.7,0.0,18,200.0,16.0,351,2.502951440643697,-15.803013449522204
2021-12-28 17:00:00,19.8,73,14.9,0.0,11,52.0,13.8,354,1.442492793093617,-13.724402156082173
2021-12-28 18:00:00,18.8,79,15.0,0.0,8,1.0,15.9,356,1.1091279325315977,-15.861268399131204
2021-12-28 19:00:00,18.0,83,15.2,0.0,6,0.0,16.9,358,0.5898014942722639,-16.889704976622717
2021-12-28 20:00:00,17.6,87,15.4,0.0,7,0.0,16.6,358,0.5793316452615137,-16.58988772851699
2021-12-28 21:00:00,17.2,89,15.5,0.0,6,0.0,13.7,358,0.4781231048242612,-13.691654330161612
2021-12-28 22:00:00,17.0,91,15.5,0.0,6,0.0,11.6,355,1.0110066158728364,-11.555858497864248
2021-12-28 23:00:00,16.9,91,15.5,0.0,5,0.0,12.1,350,2.1011429497698577,-11.916173811447717
2021-12-29 00:00:00,16.9,91,15.4,0.0,4,0.0,12.7,352,1.7674983821928365,-12.57640447301794
2021-12-29 01:00:00,16.8,91,15.3,0.0,6,0.0,13.0,357,0.6803674311582768,-12.98218395180946
2021-12-29 02:00:00,16.6,91,15.1,0.0,13,0.0,12.2,358,0.42577385977051,-12.192568089632967
2021-12-29 03:00:00,16.5,91,15.0,0.0,11,0.0,12.6,358,0.4397336584515103,-12.592324420440606
2021-12-29 04:00:00,16.6,90,15.0,0.0,9,0.0,13.3,358,0.4641633061432609,-13.291897999353974
2021-12-29 05:00:00,16.6,90,15.0,0.0,13,0.0,14.0,359,0.2443336901219698,-13.997867732189478
2021-12-29 06:00:00,16.5,90,14.9,0.0,10,0.0,14.8,360,3.624954525476166e-15,-14.8
2021-12-29 07:00:00,16.6,90,14.9,0.0,26,1.0,15.2,4,-1.0602984009107046,-15.162973563949327
2021-12-29 08:00:00,17.5,87,15.3,0.0,21,56.0,16.6,360,4.065827373169213e-15,-16.6
2021-12-29 09:00:00,19.0,80,15.4,0.0,13,189.0,15.9,3,-0.832141704262807,-15.878209602597725
2021-12-29 10:00:00,20.2,73,15.1,0.0,8,315.0,12.2,360,2.9881381899195417e-15,-12.2
2021-12-29 11:00:00,21.0,69,15.0,0.0,4,453.0,11.5,346,2.7821017993961803,-11.15840085217396
2021-12-29 12:00:00,21.5,67,15.1,0.0,2,485.0,16.1,336,6.548459953520383,-14.708081868045875
2021-12-29 13:00:00,21.7,66,15.1,0.0,6,475.0,21.7,345,5.616373278724699,-20.96059043047278
2021-12-29 14:00:00,21.6,66,15.1,0.0,10,412.0,23.1,355,2.013297657470907,-23.012097525919323
2021-12-29 15:00:00,21.2,68,15.2,0.0,12,288.0,22.0,360,5.388445916248354e-15,-22.0
2021-12-29 16:00:00,20.8,70,15.1,0.0,10,165.0,19.8,1,-0.3455576474582135,-19.79698436409655
2021-12-29 17:00:00,19.9,75,15.3,0.0,8,57.0,17.3,356,1.2067869957733734,-17.257858069494958
2021-12-29 18:00:00,18.8,80,15.3,0.0,4,1.0,16.3,355,1.4206386067868306,-16.237973578895453
2021-12-29 19:00:00,18.2,84,15.5,0.0,5,0.0,17.3,358,0.6037612929532643,-17.289461307430358
2021-12-29 20:00:00,17.8,87,15.6,0.0,3,0.0,16.9,359,0.2949456687900921,-16.89742604814301
2021-12-29 21:00:00,17.4,89,15.6,0.0,4,0.0,17.3,4,-1.2067869957733677,-17.257858069494958
2021-12-29 22:00:00,17.3,88,15.4,0.0,4,0.0,16.3,5,-1.4206386067868282,-16.237973578895453
2021-12-29 23:00:00,17.2,89,15.3,0.0,1,0.0,15.1,3,-0.7902729392684519,-15.079305974794064
2021-12-30 00:00:00,17.0,89,15.1,0.0,0,0.0,15.5,3,-0.8112073217656295,-15.478757788695894
2021-12-30 01:00:00,16.9,89,15.0,0.0,3,0.0,16.2,3,-0.8478424911356901,-16.177798463024097
2021-12-30 02:00:00,16.7,89,14.8,0.0,3,0.0,16.2,4,-1.1300548746548298,-16.16053761420915
2021-12-30 03:00:00,17.0,87,14.9,0.0,2,0.0,16.6,2,-0.5793316452615161,-16.58988772851699
2021-12-30 04:00:00,16.8,87,14.7,0.0,2,0.0,17.3,1,-0.3019266313650047,-17.29736512620557
2021-12-30 05:00:00,16.7,87,14.6,0.0,3,0.0,17.3,1,-0.3019266313650047,-17.29736512620557
2021-12-30 06:00:00,16.6,87,14.5,0.0,2,0.0,16.6,358,0.5793316452615137,-16.58988772851699
2021-12-30 07:00:00,16.5,87,14.3,0.0,2,1.0,16.6,359,0.2897099468589071,-16.597471739596095
2021-12-30 08:00:00,17.4,82,14.4,0.0,2,60.0,18.0,358,0.6281909406450148,-17.989034886343724
2021-12-30 09:00:00,19.0,74,14.3,0.0,3,218.0,18.4,360,4.506700220862259e-15,-18.4
2021-12-30 10:00:00,20.3,68,14.3,0.0,2,385.0,16.6,359,0.2897099468589071,-16.597471739596095
2021-12-30 11:00:00,21.3,64,14.3,0.0,0,520.0,15.6,353,1.9011617571202968,-15.483719965604624
2021-12-30 12:00:00,21.9,63,14.5,0.0,1,582.0,16.5,350,2.8651949315043512,-16.249327924701433
2021-12-30 13:00:00,22.0,62,14.5,0.0,2,578.0,19.2,352,2.6721235384332647,-19.01314691983815
2021-12-30 14:00:00,21.9,62,14.3,0.0,4,496.0,21.6,357,1.1304566548475985,-21.5703979506988
2021-12-30 15:00:00,21.3,63,13.9,0.0,4,369.0,21.6,359,0.3769719790453249,-21.596710215378053
2021-12-30 16:00:00,20.5,65,13.6,0.0,4,213.0,21.2,359,0.3699910164704114,-21.19677113731549
2021-12-30 17:00:00,19.2,68,13.3,0.0,7,64.0,19.8,359,0.3455576474582145,-19.79698436409655
2021-12-30 18:00:00,18.0,72,12.9,0.0,6,1.0,20.5,1,-0.3577743319643119,-20.49687775070602
2021-12-30 19:00:00,17.3,75,12.7,0.0,8,0.0,19.8,1,-0.3455576474582135,-19.79698436409655
2021-12-30 20:00:00,16.9,76,12.6,0.0,11,0.0,19.4,360,4.75162958069173e-15,-19.4
2021-12-30 21:00:00,16.7,76,12.5,0.0,6,0.0,19.1,2,-0.6665803870177686,-19.08836479606473
2021-12-30 22:00:00,16.4,78,12.6,0.0,8,0.0,18.0,2,-0.6281909406450175,-17.989034886343724
2021-12-30 23:00:00,16.0,80,12.6,0.0,5,0.0,16.9,2,-0.5898014942722664,-16.889704976622717
2021-12-31 00:00:00,15.8,82,12.6,0.0,5,0.0,16.2,1,-0.2827289842839929,-16.197532661533536
2021-12-31 01:00:00,15.8,82,12.6,0.0,7,0.0,15.8,1,-0.2757480217090794,-15.797593583470984
2021-12-31 02:00:00,15.7,82,12.6,0.0,10,0.0,16.2,3,-0.8478424911356901,-16.177798463024097
2021-12-31 03:00:00,15.8,79,12.2,0.0,15,0.0,16.2,3,-0.8478424911356901,-16.177798463024097
2021-12-31 04:00:00,15.7,80,12.2,0.0,20,0.0,15.5,3,-0.8112073217656295,-15.478757788695894
2021-12-31 05:00:00,15.5,81,12.3,0.0,15,0.0,15.1,3,-0.7902729392684519,-15.079305974794064
2021-12-31 06:00:00,15.4,82,12.3,0.0,9,0.0,15.5,1,-0.2705122997778944,-15.497639274924063
2021-12-31 07:00:00,15.5,82,12.5,0.0,7,0.0,16.2,3,-0.8478424911356901,-16.177798463024097
2021-12-31 08:00:00,16.6,79,12.8,0.0,5,58.0,17.3,4,-1.2067869957733677,-17.257858069494958
2021-12-31 09:00:00,18.5,71,13.0,0.0,7,213.0,17.3,360,4.237277925049842e-15,-17.3
2021-12-31 10:00:00,20.0,64,12.9,0.0,3,377.0,18.8,356,1.311421706389562,-18.754204144884696
2021-12-31 11:00:00,20.9,61,13.1,0.0,4,498.0,20.6,355,1.7954083006017614,-20.52161078068996
2021-12-31 12:00:00,21.5,59,13.2,0.0,1,556.0,21.7,354,2.268267652908079,-21.58112512949153
2021-12-31 13:00:00,21.8,59,13.3,0.0,0,559.0,22.0,356,1.534642422370764,-21.94640910571613
2021-12-31 14:00:00,21.7,59,13.3,0.0,0,500.0,21.6,356,1.506739832873114,-21.547383485612205
2021-12-31 15:00:00,21.3,59,12.9,0.0,0,382.0,21.7,355,1.8912796176241853,-21.61742494859088
2021-12-31 16:00:00,20.6,61,12.8,0.0,2,236.0,19.1,357,0.9996167642402376,-19.07382411381236
2021-12-31 17:00:00,19.6,66,13.0,0.0,2,72.0,14.8,356,1.0323958114130594,-14.763947943845398
2021-12-31 18:00:00,18.3,71,13.0,0.0,8,1.0,12.6,355,1.0981623586204947,-12.552053195955994
2021-12-31 19:00:00,17.5,75,13.1,0.0,13,0.0,13.3,358,0.4641633061432609,-13.291897999353974
2021-12-31 20:00:00,17.1,78,13.1,0.0,22,0.0,14.8,357,0.7745721523955768,-14.779717114367694
2021-12-31 21:00:00,16.9,79,13.2,0.0,28,0.0,15.9,356,1.1091279325315977,-15.861268399131204
2021-12-31 22:00:00,16.8,79,13.2,0.0,43,0.0,16.6,356,1.1579574641524857,-16.55956323431308
2021-12-31 23:00:00,16.7,80,13.3,0.0,47,0.0,15.8,359,0.2757480217090802,-15.797593583470984
2022-01-01 00:00:00,16.7,80,13.3,0.0,62,0.0,14.4,360,3.5269827815443773e-15,-14.4
2022-01-01 01:00:00,16.5,81,13.3,0.0,41,0.0,13.3,360,3.25756048573196e-15,-13.3
2022-01-01 02:00:00,16.5,82,13.4,0.0,43,0.0,13.0,358,0.4536934571325107,-12.992080751248244
2022-01-01 03:00:00,16.7,82,13.7,0.0,28,0.0,13.3,358,0.4641633061432609,-13.291897999353974
2022-01-01 04:00:00,16.6,84,13.8,0.0,19,0.0,13.3,358,0.4641633061432609,-13.291897999353974
2022-01-01 05:00:00,16.4,85,13.8,0.0,14,0.0,13.0,355,1.1330246557195582,-12.950531075192693
2022-01-01 06:00:00,16.4,85,13.9,0.0,14,0.0,16.7,353,2.0352180348659585,-16.575520732410077
2022-01-01 07:00:00,16.4,85,14.0,0.0,10,0.0,18.4,360,4.506700220862259e-15,-18.4
2022-01-01 08:00:00,17.4,82,14.3,0.0,17,55.0,20.2,95,-20.12313290145326,1.7605460035026963
2022-01-01 09:00:00,19.0,75,14.4,0.0,17,164.0,22.7,90,-22.7,-1.389974117032246e-15
2022-01-01 10:00:00,20.2,68,14.1,0.0,10,337.0,23.4,91,-23.396436066659557,0.4083863106324333
2022-01-01 11:00:00,21.1,65,14.1,0.0,5,468.0,24.9,93,-24.86587541538889,1.3031653104493015
2022-01-01 12:00:00,21.7,63,14.3,0.0,7,542.0,26.3,94,-26.23593452183338,1.834595259470496
2022-01-01 13:00:00,21.8,63,14.4,0.0,4,484.0,27.7,92,-27.683125908428952,0.9667160586592763
2022-01-01 14:00:00,21.9,63,14.5,0.0,5,493.0,28.1,91,-28.0957202338946,0.4904126208876657
2022-01-01 15:00:00,21.9,62,14.3,0.0,4,347.0,28.8,91,-28.79561362050407,0.5026293053937642
2022-01-01 16:00:00,21.3,64,14.3,0.0,1,206.0,28.1,89,-28.0957202338946,-0.4904126208876691
2022-01-01 17:00:00,20.2,70,14.4,0.0,2,70.0,24.8,90,-24.8,-1.518562030942718e-15
2022-01-01 18:00:00,18.8,75,14.4,0.0,1,1.0,22.0,89,-21.99664929344061,-0.3839529416202392
2022-01-01 19:00:00,18.1,80,14.5,0.0,1,0.0,22.0,91,-21.99664929344061,0.3839529416202365
2022-01-01 20:00:00,17.7,82,14.5,0.0,1,0.0,21.6,90,-21.6,-1.3226185430791417e-15
2022-01-01 21:00:00,17.4,83,14.5,0.0,0,0.0,21.2,90,-21.2,-1.2981256070961944e-15
2022-01-01 22:00:00,17.1,85,14.5,0.0,0,0.0,19.8,91,-19.79698436409655,0.3455576474582129
2022-01-01 23:00:00,16.8,86,14.5,0.0,0,0.0,19.5,92,-19.488121126872368,0.6805401856987686
2022-01-02 00:00:00,16.6,87,14.5,0.0,0,0.0,19.1,91,-19.097090977487078,0.3333409629521144
2022-01-02 01:00:00,16.5,88,14.5,0.0,0,0.0,18.0,90,-18.0,-1.102182119232618e-15
2022-01-02 02:00:00,16.3,89,14.5,0.0,0,0.0,16.6,90,-16.6,-1.0164568432923032e-15
2022-01-02 03:00:00,15.8,91,14.4,0.0,0,0.0,15.5,91,-15.497639274924063,0.2705122997778938
2022-01-02 04:00:00,15.8,92,14.5,0.0,1,0.0,15.5,91,-15.497639274924063,0.2705122997778938
2022-01-02 05:00:00,15.8,92,14.5,0.0,2,0.0,14.4,90,-14.4,-8.817456953860943e-16
2022-01-02 06:00:00,15.8,92,14.5,0.0,5,0.0,14.0,91,-13.997867732189478,0.2443336901219686
2022-01-02 07:00:00,15.9,91,14.4,0.0,5,1.0,13.3,90,-13.3,-8.1439012143299e-16
2022-01-02 08:00:00,17.1,86,14.8,0.0,3,65.0,15.6,82,-15.448181872368496,-2.171100374977021
2022-01-02 09:00:00,19.1,76,14.8,0.0,0,223.0,15.2,83,-15.086701504948094,-1.8524140197582415
2022-01-02 10:00:00,20.7,67,14.3,0.0,0,385.0,15.2,85,-15.142159410994532,-1.3247672897644036
2022-01-02 11:00:00,21.8,61,13.8,0.0,0,511.0,15.1,89,-15.097700196861508,-0.2635313372029823
2022-01-02 12:00:00,22.4,58,13.7,0.0,0,577.0,16.6,91,-16.597471739596095,0.2897099468589057
2022-01-02 13:00:00,22.7,58,13.9,0.0,0,580.0,16.9,90,-16.9,-1.0348265452795137e-15
2022-01-02 14:00:00,22.6,58,14.0,0.0,1,521.0,16.6,89,-16.597471739596095,-0.2897099468589078
2022-01-02 15:00:00,22.5,58,13.9,0.0,2,374.0,16.9,90,-16.9,-1.0348265452795137e-15
2022-01-02 16:00:00,21.8,62,14.2,0.0,3,204.0,16.9,88,-16.889704976622717,-0.5898014942722682
2022-01-02 17:00:00,20.7,67,14.5,0.0,7,62.0,14.8,86,-14.763947943845398,-1.0323958114130536
2022-01-02 18:00:00,19.3,74,14.6,0.0,14,1.0,15.9,86,-15.861268399131204,-1.1091279325315913
2022-01-02 19:00:00,18.6,79,14.9,0.0,15,0.0,16.0,82,-15.844289099865126,-2.2267696153610474
2022-01-02 20:00:00,18.1,82,15.0,0.0,14,0.0,14.2,83,-14.094155353306771,-1.7305446763530945
2022-01-02 21:00:00,17.8,84,15.0,0.0,12,0.0,13.0,87,-12.98218395180946,-0.6803674311582716
2022-01-02 22:00:00,17.5,85,15.0,0.0,10,0.0,13.3,92,-13.291897999353974,0.4641633061432627
2022-01-02 23:00:00,17.3,86,15.0,0.0,16,0.0,13.7,88,-13.691654330161612,-0.4781231048242648
2022-01-03 00:00:00,17.1,87,15.0,0.0,25,0.0,13.4,85,-13.34900895442939,-1.167886952818619
2022-01-03 01:00:00,17.0,88,15.0,0.0,30,0.0,12.3,83,-12.20831766518826,-1.4989929238833142
2022-01-03 02:00:00,16.8,89,14.9,0.0,35,0.0,12.0,83,-11.910553819695863,-1.46243212086177
2022-01-03 03:00:00,16.6,87,14.5,0.0,26,0.0,12.7,83,-12.605336125844788,-1.547740661245373
2022-01-03 04:00:00,16.4,88,14.5,0.0,31,0.0,13.4,84,-13.326593397934865,-1.4006814077865564
2022-01-03 05:00:00,16.4,88,14.4,0.0,23,0.0,13.8,83,-13.697136892650244,-1.6817969389910354
2022-01-03 06:00:00,16.3,89,14.4,0.0,20,0.0,15.1,90,-15.1,-9.246083333562517e-16
2022-01-03 07:00:00,16.2,89,14.4,0.0,16,0.0,15.5,87,-15.478757788695894,-0.8112073217656315
2022-01-03 08:00:00,17.5,83,14.6,0.0,10,55.0,18.0,89,-17.997258512815044,-0.3141433158711048
2022-01-03 09:00:00,19.6,73,14.7,0.0,14,203.0,18.8,87,-18.77423525338599,-0.9839159773673466
2022-01-03 10:00:00,21.1,65,14.3,0.0,6,361.0,18.8,87,-18.77423525338599,-0.9839159773673466
2022-01-03 11:00:00,22.2,60,14.0,0.0,6,448.0,18.0,88,-17.989034886343724,-0.6281909406450195
2022-01-03 12:00:00,22.9,57,13.9,0.0,11,553.0,18.0,91,-17.997258512815044,0.3141433158711025
2022-01-03 13:00:00,23.2,56,13.9,0.0,8,541.0,18.0,90,-18.0,-1.102182119232618e-15
2022-01-03 14:00:00,23.3,56,13.9,0.0,9,497.0,18.4,89,-18.3971975908776,-0.3211242784460182
2022-01-03 15:00:00,22.9,57,14.0,0.0,6,377.0,18.4,90,-18.4,-1.1266750552155648e-15
2022-01-03 16:00:00,22.2,60,14.1,0.0,3,224.0,17.6,90,-17.6,-1.077689183249671e-15
2022-01-03 17:00:00,21.1,65,14.3,0.0,2,75.0,15.5,89,-15.497639274924063,-0.2705122997778957
2022-01-03 18:00:00,19.6,72,14.4,0.0,4,2.0,14.8,87,-14.779717114367694,-0.7745721523955708
2022-01-03 19:00:00,18.7,77,14.5,0.0,4,0.0,12.7,82,-12.576404473017943,-1.7674983821928314
2022-01-03 20:00:00,18.2,81,14.8,0.0,3,0.0,11.2,86,-11.17271736291003,-0.7812725059342026
2022-01-03 21:00:00,17.8,83,14.9,0.0,2,0.0,10.1,86,-10.075396907624224,-0.7045403848156648
2022-01-03 22:00:00,17.5,86,15.1,0.0,4,0.0,9.0,88,-8.994517443171862,-0.3140954703225097
2022-01-03 23:00:00,17.1,88,15.1,0.0,2,0.0,9.0,88,-8.994517443171862,-0.3140954703225097
2022-01-04 00:00:00,16.7,90,15.1,0.0,4,0.0,9.7,86,-9.676371287520292,-0.6766377953180147
2022-01-04 01:00:00,16.4,92,15.1,0.0,1,0.0,11.2,86,-11.17271736291003,-0.7812725059342026
2022-01-04 02:00:00,16.3,93,15.1,0.0,1,0.0,11.9,85,-11.854716907291772,-1.037153338697132
2022-01-04 03:00:00,16.6,92,15.2,0.0,1,0.0,12.4,82,-12.279324052395474,-1.7257464519048118
2022-01-04 04:00:00,16.5,92,15.2,0.0,1,0.0,12.0,81,-11.852260087141651,-1.877213580482771
2022-01-04 05:00:00,16.4,92,15.1,0.0,1,0.0,12.3,83,-12.20831766518826,-1.4989929238833142
2022-01-04 06:00:00,16.3,92,15.1,0.0,5,0.0,12.7,83,-12.605336125844788,-1.547740661245373
2022-01-04 07:00:00,16.3,92,15.0,0.0,1,0.0,12.2,88,-12.192568089632967,-0.4257738597705131
2022-01-04 08:00:00,17.5,89,15.6,0.0,2,62.0,13.0,90,-13.0,-7.960204194457795e-16
2022-01-04 09:00:00,19.9,79,16.2,0.0,2,222.0,12.6,90,-12.6,-7.715274834628325e-16
2022-01-04 10:00:00,21.6,70,15.8,0.0,2,370.0,11.9,90,-11.9,-7.286648454926752e-16
2022-01-04 11:00:00,22.8,63,15.5,0.0,0,500.0,10.9,96,-10.84028865951418,1.1393602496174238
2022-01-04 12:00:00,23.6,60,15.4,0.0,0,580.0,9.5,101,-9.325458242752807,1.812685456077176
2022-01-04 13:00:00,23.9,59,15.5,0.0,0,566.0,9.7,105,-9.369480515003962,2.510544737494452
2022-01-04 14:00:00,24.0,59,15.6,0.0,2,502.0,11.8,102,-11.542141688658909,2.4533579516495605
2022-01-04 15:00:00,23.8,60,15.7,0.0,1,399.0,12.8,101,-12.5648279481301,2.4423551408197737
2022-01-04 16:00:00,23.2,63,15.8,0.0,0,228.0,12.8,100,-12.605539238556265,2.222696674136708
2022-01-04 17:00:00,22.3,68,16.1,0.0,1,75.0,9.1,97,-9.03216997993603,1.109011024986841
2022-01-04 18:00:00,21.0,74,16.1,0.0,9,2.0,10.9,96,-10.84028865951418,1.1393602496174238
2022-01-04 19:00:00,20.2,78,16.3,0.0,15,0.0,9.8,84,-9.746314574609078,-1.024378940023004
2022-01-04 20:00:00,19.7,82,16.4,0.0,20,0.0,10.1,86,-10.075396907624224,-0.7045403848156648
2022-01-04 21:00:00,19.3,84,16.6,0.0,39,0.0,9.1,97,-9.03216997993603,1.109011024986841
2022-01-04 22:00:00,18.9,87,16.7,0.0,57,0.0,9.0,90,-9.0,-5.51091059616309e-16
2022-01-04 23:00:00,18.5,90,16.7,0.0,55,0.0,8.0,82,-7.922144549932563,-1.1133848076805235
2022-01-05 00:00:00,18.4,90,16.8,0.0,50,0.0,8.4,83,-8.337387673787106,-1.023702484603239
2022-01-05 01:00:00,18.2,92,16.8,0.0,51,0.0,7.6,82,-7.5260373224359345,-1.0577155672964975
2022-01-05 02:00:00,18.0,92,16.8,0.0,48,0.0,8.0,82,-7.922144549932563,-1.1133848076805235
2022-01-05 03:00:00,17.9,92,16.6,0.0,53,0.0,8.3,85,-8.268415994161488,-0.7233926648055626
2022-01-05 04:00:00,17.8,93,16.7,0.0,51,0.0,8.1,77,-7.892397524760405,-1.8221035401853056
2022-01-05 05:00:00,17.7,94,16.7,0.0,43,0.0,9.1,81,-8.987963899415753,-1.4235536318661013
2022-01-05 06:00:00,17.5,94,16.6,0.0,41,0.0,10.9,84,-10.84028865951418,-1.1393602496174229
2022-01-05 07:00:00,17.4,95,16.6,0.0,58,0.0,12.3,83,-12.20831766518826,-1.4989929238833142
2022-01-05 08:00:00,18.6,90,16.9,0.0,55,31.0,13.3,87,-13.281772812235833,-0.6960682180311548
2022-01-05 09:00:00,20.5,82,17.3,0.0,53,119.0,14.1,87,-14.080676440039491,-0.7379369830255099
2022-01-05 10:00:00,21.6,75,17.0,0.0,54,166.0,14.8,90,-14.8,-9.062386313690414e-16
2022-01-05 11:00:00,22.6,69,16.7,0.0,68,240.0,14.4,90,-14.4,-8.817456953860943e-16
2022-01-05 12:00:00,23.2,67,16.7,0.0,58,237.0,13.7,90,-13.7,-8.388830574159369e-16
2022-01-05 13:00:00,23.5,65,16.7,0.0,56,259.0,13.3,88,-13.291897999353974,-0.4641633061432644
2022-01-05 14:00:00,23.5,66,16.7,0.0,55,233.0,13.7,93,-13.68122462613766,0.7170026005283306
2022-01-05 15:00:00,23.1,67,16.6,0.0,32,203.0,14.1,94,-14.06565310866352,0.9835662797921672
2022-01-05 16:00:00,22.8,69,16.7,0.0,42,140.0,12.6,95,-12.552053195955994,1.0981623586204938
2022-01-05 17:00:00,22.0,73,17.0,0.0,26,68.0,11.7,99,-11.555953584963111,1.8302832409707004
2022-01-05 18:00:00,20.9,79,17.2,0.0,35,1.0,14.0,91,-13.997867732189478,0.2443336901219686
2022-01-05 19:00:00,20.3,83,17.3,0.0,77,0.0,14.8,84,-14.718924051450443,-1.5470212563612713
2022-01-05 20:00:00,19.8,86,17.4,0.1,43,0.0,14.1,86,-14.06565310866352,-0.9835662797921656
2022-01-05 21:00:00,19.6,87,17.3,0.0,33,0.0,14.4,87,-14.380265300465863,-0.7536377698983932
2022-01-05 22:00:00,19.5,86,17.0,0.1,27,0.0,16.6,90,-16.6,-1.0164568432923032e-15
2022-01-05 23:00:00,19.3,85,16.8,0.2,40,0.0,17.7,88,-17.689217638237995,-0.6177210916342691
2022-01-06 00:00:00,19.2,85,16.6,0.2,47,0.0,16.2,89,-16.197532661533536,-0.2827289842839943
2022-01-06 01:00:00,19.4,83,16.4,0.1,43,0.0,14.8,90,-14.8,-9.062386313690414e-16
2022-01-06 02:00:00,19.3,83,16.3,0.0,37,0.0,14.4,90,-14.4,-8.817456953860943e-16
2022-01-06 03:00:00,19.0,84,16.2,0.1,41,0.0,15.1,89,-15.097700196861508,-0.2635313372029823
2022-01-06 04:00:00,18.7,86,16.4,0.0,56,0.0,16.2,90,-16.2,-9.919639073093561e-16
2022-01-06 05:00:00,18.7,86,16.4,0.0,68,0.0,16.9,90,-16.9,-1.0348265452795137e-15
2022-01-06 06:00:00,18.5,87,16.3,0.0,73,0.0,14.8,90,-14.8,-9.062386313690414e-16
2022-01-06 07:00:00,18.6,87,16.4,0.1,100,0.0,14.4,90,-14.4,-8.817456953860943e-16
2022-01-06 08:00:00,19.2,85,16.5,0.1,58,24.0,15.5,93,-15.478757788695894,0.8112073217656296
2022-01-06 09:00:00,19.7,81,16.4,0.2,100,41.0,16.9,90,-16.9,-1.0348265452795137e-15
2022-01-06 10:00:00,20.4,77,16.2,0.2,100,153.0,18.4,92,-18.38879121715136,0.6421507393260175
2022-01-06 11:00:00,21.2,72,16.0,0.1,100,240.0,19.8,93,-19.772864788140563,1.036251933610288
2022-01-06 12:00:00,21.3,71,15.8,0.3,100,169.0,18.7,89,-18.697151899424515,-0.3263600003772032
2022-01-06 13:00:00,21.2,72,16.1,0.8,100,222.0,17.7,88,-17.689217638237995,-0.6177210916342691
2022-01-06 14:00:00,21.3,72,16.0,0.7,100,277.0,19.2,96,-19.094820391070847,2.006946494738948
2022-01-06 15:00:00,20.4,77,16.2,1.0,100,137.0,21.6,93,-21.5703979506988,1.130456654847587
2022-01-06 16:00:00,19.6,79,16.0,0.6,100,59.0,21.3,88,-21.28702461550674,-0.743359279763273
2022-01-06 17:00:00,18.8,82,15.7,0.5,100,28.0,19.4,91,-19.39704528603399,0.3385766848832994
2022-01-06 18:00:00,18.0,83,15.1,0.7,100,1.0,20.6,95,-20.52161078068996,1.7954083006017598
2022-01-06 19:00:00,17.7,83,14.9,0.7,100,0.0,22.0,87,-21.969849764600625,-1.151391037344767
2022-01-06 20:00:00,17.6,84,14.9,0.8,100,0.0,19.5,87,-19.47327592771419,-1.020551146737407
2022-01-06 21:00:00,17.6,85,15.0,0.6,100,0.0,19.1,92,-19.08836479606473,0.6665803870177683
2022-01-06 22:00:00,17.4,86,15.0,0.7,100,0.0,20.9,91,-20.89681682876857,0.3647552945392246
2022-01-06 23:00:00,17.3,86,14.9,0.3,100,0.0,20.9,87,-20.871357276370592,-1.0938214854775288
2022-01-07 00:00:00,17.3,86,14.9,0.4,100,0.0,18.7,88,-18.68860846525709,-0.6526205883367702
2022-01-07 01:00:00,17.4,86,14.9,0.3,100,0.0,17.6,91,-17.59731943475249,0.3071623532961892
2022-01-07 02:00:00,17.3,86,15.0,0.2,100,0.0,17.7,92,-17.689217638237995,0.6177210916342669
2022-01-07 03:00:00,17.4,85,14.9,0.2,100,0.0,17.6,91,-17.59731943475249,0.3071623532961892
2022-01-07 04:00:00,17.3,86,14.9,0.3,100,0.0,19.1,89,-19.097090977487078,-0.3333409629521167
2022-01-07 05:00:00,17.3,86,14.9,0.2,100,0.0,19.5,88,-19.488121126872368,-0.6805401856987711
2022-01-07 06:00:00,17.3,86,14.8,0.3,54,0.0,18.4,90,-18.4,-1.1266750552155648e-15
2022-01-07 07:00:00,17.2,86,14.7,0.3,58,0.0,17.0,86,-16.958588854417012,-1.185860053650129
2022-01-07 08:00:00,17.5,85,15.0,0.1,62,18.0,18.4,96,-18.299202874776228,1.923323724124825
2022-01-07 09:00:00,18.4,82,15.2,0.2,64,79.0,19.6,96,-19.49262914921816,2.04875788004601
2022-01-07 10:00:00,19.3,77,15.1,0.4,52,150.0,20.5,89,-20.49687775070602,-0.3577743319643137
2022-01-07 11:00:00,19.9,75,15.3,0.7,43,197.0,20.5,91,-20.49687775070602,0.3577743319643113
2022-01-07 12:00:00,20.6,71,15.1,0.2,52,295.0,21.6,92,-21.58684186361247,0.7538291287740206
2022-01-07 13:00:00,20.7,70,15.0,0.3,47,258.0,20.5,93,-20.471905462468765,1.0728871029803488
2022-01-07 14:00:00,20.5,71,15.0,0.3,34,157.0,20.2,94,-20.15079381524845,1.4090807696313317
2022-01-07 15:00:00,20.6,69,14.7,0.0,32,244.0,21.6,94,-21.547383485612205,1.5067398328731072
2022-01-07 16:00:00,20.2,69,14.3,0.0,30,156.0,21.6,94,-21.547383485612205,1.5067398328731072
2022-01-07 17:00:00,19.4,71,14.0,0.0,27,47.0,19.8,93,-19.772864788140563,1.036251933610288
2022-01-07 18:00:00,18.6,74,13.8,0.0,29,1.0,18.4,91,-18.3971975908776,0.3211242784460159
2022-01-07 19:00:00,18.2,75,13.7,0.0,42,0.0,17.0,95,-16.935309867559674,1.48164762671019
2022-01-07 20:00:00,18.0,75,13.6,0.0,63,0.0,16.1,100,-15.855404823496553,2.795735660437578
2022-01-07 21:00:00,17.8,77,13.7,0.2,65,0.0,16.5,100,-16.249327924701433,2.86519493150435
2022-01-07 22:00:00,17.5,79,13.8,0.1,52,0.0,16.8,99,-16.593164121998313,2.628099012675878
2022-01-07 23:00:00,17.5,80,14.0,0.1,33,0.0,15.6,98,-15.448181872368496,2.17110037497702
2022-01-08 00:00:00,17.3,82,14.1,0.2,29,0.0,15.3,99,-15.111631611105608,2.3934473151155315
2022-01-08 01:00:00,17.2,83,14.2,0.7,27,0.0,17.1,98,-16.933583975480854,2.3798600264171177
2022-01-08 02:00:00,17.1,83,14.1,0.4,25,0.0,18.7,92,-18.68860846525709,0.6526205883367678
2022-01-08 03:00:00,16.8,83,13.9,0.2,27,0.0,18.7,89,-18.697151899424515,-0.3263600003772032
2022-01-08 04:00:00,16.8,83,13.9,0.0,54,0.0,18.4,89,-18.3971975908776,-0.3211242784460182
2022-01-08 05:00:00,16.7,84,14.0,0.0,60,0.0,17.6,90,-17.6,-1.077689183249671e-15
2022-01-08 06:00:00,16.8,84,14.0,0.0,53,0.0,13.7,87,-13.68122462613766,-0.7170026005283323
2022-01-08 07:00:00,16.9,84,14.1,0.0,56,0.0,12.6,92,-12.592324420440606,0.439733658451512
2022-01-08 08:00:00,17.4,82,14.4,0.0,46,29.0,14.6,99,-14.420249772689012,2.2839431895873696
2022-01-08 09:00:00,19.0,75,14.5,0.0,23,142.0,16.2,102,-15.84599113188765,3.3681693912477013
2022-01-08 10:00:00,20.3,69,14.3,0.0,1,292.0,17.2,101,-16.883987555299818,3.2819147204765704
2022-01-08 11:00:00,21.3,64,14.3,0.0,1,491.0,18.3,100,-18.02198188012341,3.177761651304825
2022-01-08 12:00:00,21.9,62,14.3,0.0,1,547.0,17.5,99,-17.28454596041491,2.7376031382040398
2022-01-08 13:00:00,22.3,61,14.4,0.0,1,572.0,16.8,99,-16.593164121998313,2.628099012675878
2022-01-08 14:00:00,22.4,61,14.4,0.0,3,526.0,16.0,98,-15.844289099865126,2.2267696153610457
2022-01-08 15:00:00,21.9,61,14.0,0.0,2,382.0,15.9,96,-15.812898136355546,1.6620025659556916
2022-01-08 16:00:00,21.3,63,14.0,0.0,4,238.0,15.5,95,-15.441017820422056,1.3509140125887027
2022-01-08 17:00:00,20.3,67,14.0,0.0,5,83.0,14.8,94,-14.763947943845398,1.032395811413055
2022-01-08 18:00:00,18.8,73,13.9,0.0,6,3.0,14.1,94,-14.06565310866352,0.9835662797921672
2022-01-08 19:00:00,18.0,77,13.8,0.0,6,0.0,15.5,93,-15.478757788695894,0.8112073217656296
2022-01-08 20:00:00,17.5,79,13.8,0.0,17,0.0,15.5,93,-15.478757788695894,0.8112073217656296
2022-01-08 21:00:00,17.2,81,13.9,0.0,28,0.0,13.7,88,-13.691654330161612,-0.4781231048242648
2022-01-08 22:00:00,17.1,82,13.9,0.0,34,0.0,11.9,90,-11.9,-7.286648454926752e-16
2022-01-08 23:00:00,16.9,83,14.0,0.0,41,0.0,11.2,94,-11.17271736291003,0.7812725059342036
2022-01-09 00:00:00,17.0,83,14.0,0.0,43,0.0,11.3,97,-11.21577151354694,1.3771235804781654
2022-01-09 01:00:00,16.9,84,14.1,0.0,43,0.0,11.3,97,-11.21577151354694,1.3771235804781654
2022-01-09 02:00:00,16.8,84,14.1,0.0,34,0.0,11.3,97,-11.21577151354694,1.3771235804781654
2022-01-09 03:00:00,17.0,84,14.3,0.0,34,0.0,11.9,93,-11.88369146357943,0.6227978792910317
2022-01-09 04:00:00,16.8,85,14.3,0.0,31,0.0,13.0,92,-12.992080751248244,0.4536934571325124
2022-01-09 05:00:00,16.6,86,14.3,0.0,37,0.0,13.7,90,-13.7,-8.388830574159369e-16
2022-01-09 06:00:00,16.5,87,14.3,0.0,22,0.0,14.4,91,-14.397806810252035,0.2513146526968821
2022-01-09 07:00:00,16.3,88,14.4,0.0,25,0.0,14.1,93,-14.080676440039491,0.7379369830255081
2022-01-09 08:00:00,17.3,85,14.7,0.0,18,58.0,13.7,93,-13.68122462613766,0.7170026005283306
2022-01-09 09:00:00,19.2,76,14.9,0.0,27,201.0,12.3,95,-12.253194786528471,1.0720156357961963
2022-01-09 10:00:00,20.6,69,14.7,0.0,16,362.0,12.7,98,-12.576404473017943,1.7674983821928298
2022-01-09 11:00:00,21.4,66,14.7,0.0,14,454.0,13.3,103,-12.959121861643627,2.991849022773405
2022-01-09 12:00:00,21.9,64,14.8,0.0,10,525.0,14.8,104,-14.360376748884748,3.5804440548750835
2022-01-09 13:00:00,22.4,63,14.9,0.0,17,576.0,14.8,104,-14.360376748884748,3.5804440548750835
2022-01-09 14:00:00,22.4,63,15.0,0.0,9,490.0,15.6,105,-15.068442890109464,4.037577103599325
2022-01-09 15:00:00,22.1,65,15.1,0.0,9,394.0,18.4,102,-17.997915853502022,3.825575111046772
2022-01-09 16:00:00,21.3,67,15.0,0.0,9,216.0,20.7,97,-20.545705338975367,2.5226954084865505
2022-01-09 17:00:00,20.2,72,14.9,0.0,9,80.0,19.1,93,-19.07382411381236,0.9996167642402276
2022-01-09 18:00:00,19.0,77,14.8,0.0,6,3.0,19.1,91,-19.097090977487078,0.3333409629521144
2022-01-09 19:00:00,18.4,80,14.8,0.0,4,0.0,19.8,90,-19.8,-1.2124003311558797e-15
2022-01-09 20:00:00,18.1,82,15.0,0.0,4,0.0,19.8,88,-19.787938374978097,-0.6910100347095214
2022-01-09 21:00:00,17.8,84,15.1,0.0,2,0.0,18.4,88,-18.38879121715136,-0.6421507393260198
2022-01-09 22:00:00,17.5,86,15.2,0.0,5,0.0,17.7,88,-17.689217638237995,-0.6177210916342691
2022-01-09 23:00:00,17.2,88,15.2,0.0,0,0.0,16.6,86,-16.55956323431308,-1.157957464152479
2022-01-10 00:00:00,16.8,90,15.1,0.0,2,0.0,14.8,87,-14.779717114367694,-0.7745721523955708
2022-01-10 01:00:00,16.4,92,15.1,0.0,6,0.0,14.0,91,-13.997867732189478,0.2443336901219686
2022-01-10 02:00:00,16.1,93,15.0,0.0,7,0.0,14.4,93,-14.380265300465863,0.7536377698983914
2022-01-10 03:00:00,16.1,93,14.9,0.0,5,0.0,14.8,91,-14.79774588831459,0.2582956152717954
2022-01-10 04:00:00,16.0,93,14.9,0.0,3,0.0,14.4,90,-14.4,-8.817456953860943e-16
2022-01-10 05:00:00,15.8,93,14.7,0.0,2,0.0,14.0,89,-13.997867732189478,-0.2443336901219703
2022-01-10 06:00:00,15.7,93,14.6,0.0,2,0.0,13.7,93,-13.68122462613766,0.7170026005283306
2022-01-10 07:00:00,15.6,93,14.5,0.0,2,0.0,13.7,90,-13.7,-8.388830574159369e-16
2022-01-10 08:00:00,16.7,90,15.0,0.0,0,62.0,13.7,90,-13.7,-8.388830574159369e-16
2022-01-10 09:00:00,18.9,80,15.3,0.0,4,227.0,13.7,93,-13.68122462613766,0.7170026005283306
2022-01-10 10:00:00,20.6,70,14.9,0.0,5,397.0,14.1,94,-14.06565310866352,0.9835662797921672
2022-01-10 11:00:00,21.6,65,14.8,0.0,6,519.0,14.9,97,-14.7889376594557,1.815853216736696
2022-01-10 12:00:00,22.3,63,14.9,0.0,11,597.0,16.0,98,-15.844289099865126,2.2267696153610457
2022-01-10 13:00:00,22.6,62,14.9,0.0,8,587.0,16.4,99,-16.19808878576026,2.565525226659785
2022-01-10 14:00:00,22.7,62,15.0,0.0,10,539.0,15.7,99,-15.506706947343664,2.456021101131624
2022-01-10 15:00:00,22.5,63,15.1,0.0,8,404.0,15.0,101,-14.72440775171496,2.862134930648172
2022-01-10 16:00:00,21.8,66,15.1,0.0,13,232.0,15.3,105,-14.778665142222746,3.959931390068569
2022-01-10 17:00:00,20.8,71,15.2,0.0,10,84.0,14.9,105,-14.39229481170712,3.856403772027561
2022-01-10 18:00:00,19.5,77,15.3,0.0,10,3.0,16.2,107,-15.492137046601176,4.736421616508333
2022-01-10 19:00:00,18.8,81,15.5,0.0,7,0.0,18.9,103,-18.415594224440945,4.251574927099049
2022-01-10 20:00:00,18.4,84,15.7,0.0,9,0.0,19.9,96,-19.79098571782864,2.080116419026305
2022-01-10 21:00:00,18.0,87,15.9,0.0,8,0.0,19.8,91,-19.79698436409655,0.3455576474582129
2022-01-10 22:00:00,17.8,89,16.0,0.0,10,0.0,18.8,93,-18.77423525338599,0.9839159773673444
2022-01-10 23:00:00,17.5,91,16.0,0.0,6,0.0,18.1,96,-18.000846306165748,1.8919651851445292
2022-01-11 00:00:00,17.2,92,16.0,0.0,7,0.0,18.1,96,-18.000846306165748,1.8919651851445292
2022-01-11 01:00:00,17.0,93,15.9,0.0,11,0.0,18.4,96,-18.299202874776228,1.923323724124825
2022-01-11 02:00:00,16.8,94,15.7,0.0,13,0.0,19.5,95,-19.42579661278904,1.6995369835793357
2022-01-11 03:00:00,16.9,90,15.3,0.0,10,0.0,21.6,94,-21.547383485612205,1.5067398328731072
2022-01-11 04:00:00,16.9,89,15.2,0.0,15,0.0,24.5,93,-24.466423601487055,1.282230927952124
2022-01-11 05:00:00,17.1,87,15.0,0.0,14,0.0,26.6,91,-26.59594869116001,0.4642340112317405
2022-01-11 06:00:00,16.8,87,14.7,0.0,20,0.0,25.2,88,-25.184648840881213,-0.8794673169030272
2022-01-11 07:00:00,16.7,87,14.4,0.0,13,0.0,25.9,90,-25.9,-1.5859176048958222e-15
2022-01-11 08:00:00,17.1,84,14.3,0.0,7,48.0,27.4,92,-27.383308660323223,0.956246209648526
2022-01-11 09:00:00,18.0,77,13.9,0.0,5,185.0,30.6,91,-30.59533947178557,0.5340436369808744
2022-01-11 10:00:00,18.9,70,13.3,0.0,6,363.0,31.3,92,-31.2809328856977,1.09235424678828
2022-01-11 11:00:00,19.4,64,12.5,0.0,11,506.0,31.7,92,-31.680689216505336,1.1063140454692804
2022-01-11 12:00:00,19.3,62,11.9,0.0,12,484.0,31.3,91,-31.29523285839505,0.5462603214869728
2022-01-11 13:00:00,19.2,61,11.5,0.0,20,556.0,30.6,90,-30.6,-1.8737096026954504e-15
2022-01-11 14:00:00,19.0,60,11.1,0.0,18,513.0,30.6,89,-30.59533947178557,-0.5340436369808781
2022-01-11 15:00:00,18.0,62,10.6,0.0,28,256.0,29.9,87,-29.85902308916176,-1.5648450916640244
2022-01-11 16:00:00,17.3,63,10.3,0.0,29,164.0,28.1,87,-28.061489926603524,-1.4706403704267257
2022-01-11 17:00:00,16.6,65,10.0,0.0,50,62.0,25.2,88,-25.184648840881213,-0.8794673169030272
2022-01-11 18:00:00,15.8,68,9.8,0.0,41,3.0,23.1,88,-23.085928104141114,-0.806178373827775
2022-01-11 19:00:00,15.5,69,9.8,0.0,29,0.0,21.2,89,-21.19677113731549,-0.3699910164704122
2022-01-11 20:00:00,15.5,69,9.8,0.0,31,0.0,19.8,91,-19.79698436409655,0.3455576474582129
2022-01-11 21:00:00,15.5,69,9.9,0.0,42,0.0,18.8,94,-18.754204144884696,1.3114217063895564
2022-01-11 22:00:00,15.6,69,9.9,0.0,45,0.0,18.0,92,-17.989034886343724,0.6281909406450172
2022-01-11 23:00:00,15.3,71,10.0,0.0,67,0.0,15.5,94,-15.462242779027276,1.081225343033943
2022-01-12 00:00:00,15.3,71,10.1,0.0,89,0.0,14.5,96,-14.420567482839962,1.5156627173809765
2022-01-12 01:00:00,15.3,71,10.2,0.0,87,0.0,13.4,95,-13.34900895442939,1.1678869528186204
2022-01-12 02:00:00,15.3,72,10.3,0.0,98,0.0,13.0,95,-12.950531075192693,1.1330246557195571
2022-01-12 03:00:00,14.9,73,10.2,0.0,96,0.0,11.9,93,-11.88369146357943,0.6227978792910317
2022-01-12 04:00:00,15.0,73,10.3,0.0,100,0.0,11.2,96,-11.13864522812466,1.1707187885977195
2022-01-12 05:00:00,15.2,73,10.4,0.0,100,0.0,11.6,95,-11.555858497864248,1.0110066158728357
2022-01-12 06:00:00,15.1,74,10.6,0.0,100,0.0,9.3,103,-9.06164160250269,2.092044805397945
2022-01-12 07:00:00,15.1,76,10.9,0.0,100,0.0,10.5,106,-10.093247807352348,2.89419223607849
2022-01-12 08:00:00,15.8,74,11.1,0.0,100,28.0,13.4,96,-13.326593397934865,1.4006814077865577
2022-01-12 09:00:00,16.7,69,11.0,0.0,100,104.0,14.4,94,-14.36492232374147,1.0044932219154048
2022-01-12 10:00:00,17.3,67,11.1,0.0,97,160.0,14.1,96,-14.022758724692652,1.473851332073915
2022-01-12 11:00:00,17.7,66,11.3,0.0,100,135.0,13.5,99,-13.33379259803436,2.111865278043116
2022-01-12 12:00:00,18.1,66,11.6,0.0,100,202.0,15.0,100,-14.77211629518312,2.6047226650039548
2022-01-12 13:00:00,18.2,66,11.8,0.0,100,166.0,16.0,98,-15.844289099865126,2.2267696153610457
2022-01-12 14:00:00,18.3,66,11.9,0.0,88,172.0,16.3,98,-16.141369520487597,2.2685215456490653
2022-01-12 15:00:00,18.2,65,11.5,0.0,100,267.0,16.3,95,-16.237973578895453,1.4206386067868293
2022-01-12 16:00:00,17.9,66,11.3,0.0,86,179.0,15.9,94,-15.861268399131204,1.1091279325315928
2022-01-12 17:00:00,17.2,68,11.3,0.0,62,49.0,14.8,94,-14.763947943845398,1.032395811413055
2022-01-12 18:00:00,16.3,72,11.3,0.0,45,3.0,13.3,93,-13.281772812235833,0.6960682180311532
2022-01-12 19:00:00,15.7,76,11.5,0.0,37,0.0,13.3,90,-13.3,-8.1439012143299e-16
2022-01-12 20:00:00,15.4,78,11.7,0.0,36,0.0,13.0,93,-12.98218395180946,0.6803674311582699
2022-01-12 21:00:00,15.1,80,11.7,0.0,18,0.0,14.2,99,-14.025174436450955,2.221369403571277
2022-01-12 22:00:00,15.0,81,11.8,0.0,28,0.0,15.9,96,-15.812898136355546,1.6620025659556916
2022-01-12 23:00:00,14.8,82,11.7,0.0,24,0.0,15.8,90,-15.8,-9.67470971326409e-16
2022-01-13 00:00:00,14.8,81,11.6,0.0,20,0.0,15.5,90,-15.5,-9.491012693391988e-16
2022-01-13 01:00:00,14.7,82,11.6,0.0,12,0.0,15.5,94,-15.462242779027276,1.081225343033943
2022-01-13 02:00:00,14.6,82,11.5,0.0,19,0.0,17.0,95,-16.935309867559674,1.48164762671019
2022-01-13 03:00:00,14.7,84,12.0,0.0,13,0.0,18.1,97,-17.96508534470793,2.2058351156331675
2022-01-13 04:00:00,14.6,84,11.9,0.0,16,0.0,18.5,97,-18.36210380536446,2.254582852995226
2022-01-13 05:00:00,14.6,83,11.8,0.0,20,0.0,19.6,96,-19.49262914921816,2.04875788004601
2022-01-13 06:00:00,14.7,82,11.7,0.0,15,0.0,18.8,94,-18.754204144884696,1.3114217063895564
2022-01-13 07:00:00,14.5,83,11.6,0.0,25,0.0,18.4,93,-18.37478343948416,0.9629815948701668
2022-01-13 08:00:00,15.4,78,11.7,0.0,29,50.0,20.2,95,-20.12313290145326,1.7605460035026963
2022-01-13 09:00:00,16.6,72,11.5,0.0,14,177.0,22.7,90,-22.7,-1.389974117032246e-15
2022-01-13 10:00:00,17.6,65,10.8,0.0,3,300.0,23.4,91,-23.396436066659557,0.4083863106324333
2022-01-13 11:00:00,18.3,60,10.5,0.0,4,436.0,24.9,93,-24.86587541538889,1.3031653104493015
2022-01-13 12:00:00,18.9,58,10.3,0.0,0,548.0,26.3,94,-26.23593452183338,1.834595259470496
2022-01-13 13:00:00,18.9,57,10.2,0.0,4,507.0,27.7,92,-27.683125908428952,0.9667160586592763
2022-01-13 14:00:00,18.7,57,10.1,0.0,4,520.0,28.1,91,-28.0957202338946,0.4904126208876657
2022-01-13 15:00:00,18.8,58,10.4,0.0,3,415.0,28.8,91,-28.79561362050407,0.5026293053937642
2022-01-13 16:00:00,17.9,61,10.1,0.0,0,232.0,28.1,89,-28.0957202338946,-0.4904126208876691
2022-01-13 17:00:00,16.8,64,10.0,0.0,0,94.0,24.8,90,-24.8,-1.518562030942718e-15
2022-01-13 18:00:00,15.8,68,9.9,0.0,0,4.0,22.0,89,-21.99664929344061,-0.3839529416202392
2022-01-13 19:00:00,15.2,70,9.9,0.0,0,0.0,22.0,91,-21.99664929344061,0.3839529416202365
2022-01-13 20:00:00,14.9,71,9.8,0.0,0,0.0,21.6,90,-21.6,-1.3226185430791417e-15
2022-01-13 21:00:00,14.8,72,9.7,0.0,0,0.0,21.2,90,-21.2,-1.2981256070961944e-15
2022-01-13 22:00:00,14.6,72,9.6,0.0,2,0.0,19.8,91,-19.79698436409655,0.3455576474582129
2022-01-13 23:00:00,14.5,73,9.6,0.0,0,0.0,19.5,92,-19.488121126872368,0.6805401856987686
2022-01-14 00:00:00,14.3,74,9.6,0.0,0,0.0,19.1,91,-19.097090977487078,0.3333409629521144
2022-01-14 01:00:00,14.1,74,9.6,0.0,5,0.0,18.0,90,-18.0,-1.102182119232618e-15
2022-01-14 02:00:00,14.0,75,9.7,0.0,8,0.0,16.6,90,-16.6,-1.0164568432923032e-15
2022-01-14 03:00:00,14.0,75,9.7,0.0,17,0.0,15.5,91,-15.497639274924063,0.2705122997778938
2022-01-14 04:00:00,14.0,75,9.7,0.0,29,0.0,15.5,91,-15.497639274924063,0.2705122997778938
2022-01-14 05:00:00,14.0,76,9.8,0.0,32,0.0,14.4,90,-14.4,-8.817456953860943e-16
2022-01-14 06:00:00,13.9,77,9.8,0.0,35,0.0,14.0,91,-13.997867732189478,0.2443336901219686
2022-01-14 07:00:00,13.8,78,10.0,0.0,40,0.0,13.3,90,-13.3,-8.1439012143299e-16
2022-01-14 08:00:00,14.8,74,10.3,0.0,38,60.0,30.3,86,-30.226190722872676,-2.1136211544469945
2022-01-14 09:00:00,16.7,66,10.4,0.0,34,214.0,28.1,86,-28.031549812301066,-1.9601569122099192
2022-01-14 10:00:00,18.1,62,10.6,0.0,25,376.0,26.0,87,-25.96436790361892,-1.3607348623165432
2022-01-14 11:00:00,19.1,59,10.9,0.0,20,503.0,25.9,89,-25.896055304550533,-0.4520173267256451
2022-01-14 12:00:00,19.8,57,11.1,0.0,17,560.0,24.5,91,-24.496268531331587,0.4275839577134452
2022-01-14 13:00:00,20.1,57,11.3,0.0,19,578.0,23.4,90,-23.4,-1.4328367550024029e-15
2022-01-14 14:00:00,20.3,57,11.4,0.0,8,531.0,20.5,89,-20.49687775070602,-0.3577743319643137
2022-01-14 15:00:00,20.0,57,11.3,0.0,5,400.0,15.8,90,-15.8,-9.67470971326409e-16
2022-01-14 16:00:00,19.7,58,11.2,0.0,4,257.0,12.4,64,-11.145046174109671,-5.435802220184561
2022-01-14 17:00:00,19.1,61,11.4,0.0,3,94.0,11.1,61,-9.708278749247292,-5.3813867847343415
2022-01-14 18:00:00,18.1,66,11.6,0.0,0,5.0,15.7,70,-14.75317414633876,-5.369716250213
2022-01-14 19:00:00,17.0,71,11.8,0.0,11,0.0,16.7,71,-15.790160212508589,-5.436988179434517
2022-01-14 20:00:00,16.5,74,11.8,0.0,24,0.0,16.1,70,-15.129051194653126,-5.506524307543269
2022-01-14 21:00:00,16.2,75,11.8,0.0,33,0.0,16.4,71,-15.506504639828792,-5.339317733097371
2022-01-14 22:00:00,15.8,77,11.8,0.0,44,0.0,16.4,71,-15.506504639828792,-5.339317733097371
2022-01-14 23:00:00,15.7,78,11.9,0.0,45,0.0,17.1,72,-16.263066428647125,-5.284190603811602
2022-01-15 00:00:00,15.8,78,11.9,0.0,68,0.0,18.8,73,-17.97852941210507,-5.496588048787451
2022-01-15 01:00:00,15.8,78,12.0,0.0,72,0.0,20.2,74,-19.41748625795404,-5.567874587503383
2022-01-15 02:00:00,15.9,78,12.1,0.0,72,0.0,22.9,62,-20.219499876469424,-10.7508987877969
2022-01-15 03:00:00,16.3,79,12.6,0.0,67,0.0,23.7,57,-19.87649246030655,-12.907945129856142
2022-01-15 04:00:00,16.3,79,12.7,0.0,62,0.0,23.5,54,-19.011899367811264,-13.81295342887312
2022-01-15 05:00:00,16.3,80,12.8,0.0,61,0.0,23.7,54,-19.17370276668625,-13.930510479331613
2022-01-15 06:00:00,16.3,81,13.1,0.0,55,0.0,23.6,59,-20.229148296569853,-12.15489856787728
2022-01-15 07:00:00,16.1,83,13.3,0.0,57,0.0,25.5,59,-21.857766167903865,-13.13347091020638
2022-01-15 08:00:00,16.8,82,13.7,0.0,53,34.0,15.2,97,-15.086701504948095,1.85241401975824
2022-01-15 09:00:00,18.1,76,13.8,0.0,34,114.0,16.0,98,-15.844289099865126,2.2267696153610457
2022-01-15 10:00:00,19.4,69,13.6,0.0,25,276.0,16.8,100,-16.544770250605094,2.917289384804429
2022-01-15 11:00:00,20.5,65,13.6,0.0,7,456.0,17.3,102,-16.92195349269484,3.5968722511472366
2022-01-15 12:00:00,21.4,62,13.9,0.0,4,599.0,17.2,101,-16.883987555299818,3.2819147204765704
2022-01-15 13:00:00,21.7,62,14.1,0.0,3,605.0,17.9,100,-17.628058778918522,3.1083023802380523
2022-01-15 14:00:00,21.8,62,14.3,0.0,2,548.0,18.9,99,-18.667309637248103,2.9566113892603623
2022-01-15 15:00:00,21.5,63,14.2,0.0,0,403.0,18.8,97,-18.659867650856857,2.2911436560167706
2022-01-15 16:00:00,21.1,65,14.2,0.0,0,267.0,17.3,95,-17.234168276987198,1.5077943495344874
2022-01-15 17:00:00,20.2,69,14.3,0.0,0,99.0,14.5,97,-14.39191919879917,1.7671054793746368
2022-01-15 18:00:00,18.8,74,14.2,0.0,0,5.0,13.7,93,-13.68122462613766,0.7170026005283306
2022-01-15 19:00:00,18.0,78,14.2,0.0,0,0.0,11.9,90,-11.9,-7.286648454926752e-16
2022-01-15 20:00:00,17.4,82,14.3,0.0,0,0.0,10.4,88,-10.393664600998596,-0.3629547657060112
2022-01-15 21:00:00,17.0,84,14.4,0.0,2,0.0,9.4,90,-9.4,-5.755839955992562e-16
2022-01-15 22:00:00,16.7,87,14.4,0.0,2,0.0,9.7,88,-9.694091022085228,-0.3385251180142604
2022-01-15 23:00:00,16.4,89,14.5,0.0,2,0.0,10.1,92,-10.093847352892867,0.3524849166952596
2022-01-16 00:00:00,16.3,89,14.6,0.0,2,0.0,9.0,90,-9.0,-5.51091059616309e-16
2022-01-16 01:00:00,16.2,90,14.6,0.0,1,0.0,7.3,81,-7.210124886344506,-1.1419715947936857
2022-01-16 02:00:00,16.1,91,14.5,0.0,0,0.0,8.7,83,-8.6351515192795,-1.060263287624783
2022-01-16 03:00:00,15.9,91,14.3,0.0,0,0.0,10.1,84,-10.04467114321956,-1.0557374790032998
2022-01-16 04:00:00,15.7,91,14.3,0.0,0,0.0,10.3,78,-10.074920287558198,-2.1414904154229224
2022-01-16 05:00:00,15.6,91,14.2,0.0,1,0.0,10.3,78,-10.074920287558198,-2.1414904154229224
2022-01-16 06:00:00,15.5,91,14.1,0.0,1,0.0,10.2,82,-10.100734301164016,-1.4195656297926678
2022-01-16 07:00:00,15.3,91,13.9,0.0,1,0.0,9.8,82,-9.70462707366739,-1.3638963894086416
2022-01-16 08:00:00,16.9,85,14.4,0.0,0,61.0,11.3,83,-11.215771513546938,-1.3771235804781667
2022-01-16 09:00:00,19.6,76,15.2,0.0,1,220.0,10.8,90,-10.8,-6.613092715395707e-16
2022-01-16 10:00:00,21.7,67,15.2,0.0,0,393.0,13.0,90,-13.0,-7.960204194457795e-16
2022-01-16 11:00:00,22.8,63,15.3,0.0,0,530.0,14.4,93,-14.380265300465863,0.7536377698983914
2022-01-16 12:00:00,23.3,60,15.2,0.0,0,596.0,14.8,93,-14.779717114367694,0.7745721523955689
2022-01-16 13:00:00,23.6,59,15.2,0.0,0,611.0,14.4,93,-14.380265300465863,0.7536377698983914
2022-01-16 14:00:00,23.7,59,15.2,0.0,0,547.0,13.4,96,-13.326593397934865,1.4006814077865577
2022-01-16 15:00:00,23.5,60,15.4,0.0,3,433.0,13.8,96,-13.724402156082173,1.442492793093619
2022-01-16 16:00:00,23.0,63,15.5,0.0,2,264.0,14.5,96,-14.420567482839962,1.5156627173809765
2022-01-16 17:00:00,21.9,69,15.8,0.0,4,100.0,14.4,94,-14.36492232374147,1.0044932219154048
2022-01-16 18:00:00,20.2,77,16.0,0.0,4,5.0,17.0,95,-16.935309867559674,1.48164762671019
2022-01-16 19:00:00,19.4,82,16.3,0.0,5,0.0,18.7,92,-18.68860846525709,0.6526205883367678
2022-01-16 20:00:00,19.0,86,16.5,0.0,10,0.0,18.0,91,-17.997258512815044,0.3141433158711025
2022-01-16 21:00:00,18.6,89,16.7,0.0,12,0.0,16.9,90,-16.9,-1.0348265452795137e-15
2022-01-16 22:00:00,18.3,91,16.8,0.0,14,0.0,15.8,91,-15.797593583470984,0.2757480217090789
2022-01-16 23:00:00,18.0,92,16.8,0.0,25,0.0,15.5,91,-15.497639274924063,0.2705122997778938
2022-01-17 00:00:00,17.9,93,16.7,0.0,29,0.0,15.1,91,-15.097700196861508,0.2635313372029805
2022-01-17 01:00:00,17.8,94,16.7,0.0,34,0.0,15.2,94,-15.162973563949327,1.060298400910705
2022-01-17 02:00:00,17.6,94,16.6,0.0,39,0.0,14.8,94,-14.763947943845398,1.032395811413055
2022-01-17 03:00:00,17.8,90,16.1,0.0,41,0.0,14.4,91,-14.397806810252035,0.2513146526968821
2022-01-17 04:00:00,17.9,88,15.9,0.0,40,0.0,14.1,94,-14.06565310866352,0.9835662797921672
2022-01-17 05:00:00,18.0,87,15.8,0.0,41,0.0,14.4,94,-14.36492232374147,1.0044932219154048
2022-01-17 06:00:00,18.1,86,15.8,0.0,57,0.0,15.5,93,-15.478757788695894,0.8112073217656296
2022-01-17 07:00:00,18.2,86,15.8,0.0,40,0.0,15.9,94,-15.861268399131204,1.1091279325315928
2022-01-17 08:00:00,18.7,83,15.8,0.0,40,21.0,17.4,97,-17.270303038559003,2.120526575249564
2022-01-17 09:00:00,19.7,77,15.6,0.0,34,74.0,18.4,92,-18.38879121715136,0.6421507393260175
2022-01-17 10:00:00,20.5,73,15.4,0.0,33,118.0,18.0,93,-17.975331625582328,0.9420472123729892
2022-01-17 11:00:00,21.3,69,15.3,0.0,36,160.0,18.4,94,-18.355178524780765,1.283519116891906
2022-01-17 12:00:00,21.8,66,15.3,0.1,41,239.0,17.7,94,-17.65688368959889,1.2346895852710182
2022-01-17 13:00:00,21.8,67,15.4,0.0,51,167.0,18.1,95,-18.0311240354606,1.5775189437326145
2022-01-17 14:00:00,21.8,67,15.4,0.1,79,155.0,19.1,94,-19.053473359962645,1.332348648512794
2022-01-17 15:00:00,21.4,68,15.3,0.0,88,110.0,19.9,94,-19.8515246001705,1.388153827508094
2022-01-17 16:00:00,20.9,71,15.4,0.1,81,97.0,19.5,94,-19.45249898006657,1.360251238010444
2022-01-17 17:00:00,20.2,74,15.4,0.2,68,23.0,19.5,94,-19.45249898006657,1.360251238010444
2022-01-17 18:00:00,19.2,81,15.9,0.5,62,2.0,20.0,97,-19.850923032826444,2.437386868102948
2022-01-17 19:00:00,18.6,85,16.0,0.5,66,0.0,21.1,99,-20.840223986557408,3.3007672123488705
2022-01-17 20:00:00,18.2,87,16.0,0.6,60,0.0,21.7,96,-21.58112512949153,2.268267652908082
2022-01-17 21:00:00,17.9,88,15.8,0.5,58,0.0,20.9,92,-20.8872682846991,0.7293994810822699
2022-01-17 22:00:00,17.7,89,15.9,1.0,59,0.0,19.8,93,-19.772864788140563,1.036251933610288
2022-01-17 23:00:00,17.6,90,15.9,0.8,63,0.0,18.4,94,-18.355178524780765,1.283519116891906
2022-01-18 00:00:00,17.5,89,15.6,1.2,63,0.0,18.1,96,-18.000846306165748,1.8919651851445292
2022-01-18 01:00:00,17.4,89,15.5,1.1,100,0.0,15.5,95,-15.441017820422056,1.3509140125887027
2022-01-18 02:00:00,17.4,88,15.4,0.9,91,0.0,14.5,96,-14.420567482839962,1.5156627173809765
2022-01-18 03:00:00,17.7,88,15.6,0.8,100,0.0,14.2,99,-14.025174436450955,2.221369403571277
2022-01-18 04:00:00,17.6,88,15.6,0.9,100,0.0,15.1,102,-14.770028771080463,3.139466531348166
2022-01-18 05:00:00,17.6,88,15.5,0.6,100,0.0,16.0,99,-15.803013449522204,2.502951440643693
2022-01-18 06:00:00,17.6,88,15.5,0.7,100,0.0,13.4,98,-13.269592121137045,1.864919552864876
2022-01-18 07:00:00,17.7,88,15.6,0.6,100,0.0,13.7,93,-13.68122462613766,0.7170026005283306
2022-01-18 08:00:00,17.8,88,15.8,0.6,100,9.0,15.2,97,-15.086701504948095,1.85241401975824
2022-01-18 09:00:00,18.6,86,16.2,0.4,100,68.0,17.8,98,-17.626771623599954,2.4772811970891637
2022-01-18 10:00:00,19.7,82,16.5,0.6,100,225.0,19.5,95,-19.42579661278904,1.6995369835793357
2022-01-18 11:00:00,20.1,79,16.4,0.4,100,165.0,20.2,90,-20.2,-1.2368932671388266e-15
2022-01-18 12:00:00,20.5,78,16.4,1.0,100,284.0,19.1,90,-19.1,-1.1695376931857224e-15
2022-01-18 13:00:00,20.5,77,16.3,0.4,100,242.0,19.5,92,-19.488121126872368,0.6805401856987686
2022-01-18 14:00:00,20.2,79,16.5,0.7,100,110.0,19.5,94,-19.45249898006657,1.360251238010444
2022-01-18 15:00:00,19.9,81,16.4,0.4,100,141.0,18.8,93,-18.77423525338599,0.9839159773673444
2022-01-18 16:00:00,19.6,81,16.3,0.3,95,70.0,16.9,90,-16.9,-1.0348265452795137e-15
2022-01-18 17:00:00,19.2,84,16.3,0.5,60,34.0,14.5,96,-14.420567482839962,1.5156627173809765
2022-01-18 18:00:00,18.6,85,16.1,0.2,50,2.0,14.0,102,-13.69406641027328,2.9107636714486307
2022-01-18 19:00:00,18.3,86,15.9,0.5,56,0.0,16.2,103,-15.78479504952081,3.6442070803706135
2022-01-18 20:00:00,18.1,86,15.7,0.3,55,0.0,17.1,97,-16.97253919306661,2.0839657722280203
2022-01-18 21:00:00,17.9,86,15.5,0.4,57,0.0,16.3,95,-16.237973578895453,1.4206386067868293
2022-01-18 22:00:00,17.7,86,15.4,0.2,60,0.0,14.9,98,-14.7549942242494,2.0736792043049737
2022-01-18 23:00:00,17.5,87,15.3,0.2,54,0.0,15.0,100,-14.77211629518312,2.6047226650039548
2022-01-19 00:00:00,17.5,88,15.4,0.3,37,0.0,14.8,103,-14.420676958821485,3.3292756042892027
2022-01-19 01:00:00,17.4,88,15.4,0.4,32,0.0,16.0,99,-15.803013449522204,2.502951440643693
2022-01-19 02:00:00,17.2,88,15.3,0.5,28,0.0,16.7,97,-16.575520732410077,2.0352180348659608
2022-01-19 03:00:00,17.4,88,15.4,0.2,58,0.0,18.1,97,-17.96508534470793,2.2058351156331675
2022-01-19 04:00:00,17.3,88,15.3,0.2,55,0.0,18.8,93,-18.77423525338599,0.9839159773673444
2022-01-19 05:00:00,17.3,88,15.3,0.0,64,0.0,18.0,93,-17.975331625582328,0.9420472123729892
2022-01-19 06:00:00,17.3,88,15.3,0.0,59,0.0,15.6,97,-15.483719965604624,1.9011617571202988
2022-01-19 07:00:00,17.5,87,15.4,0.0,59,0.0,16.6,95,-16.536831988322977,1.4467853296111268
2022-01-19 08:00:00,17.9,87,15.7,0.0,61,32.0,17.7,92,-17.689217638237995,0.6177210916342669
2022-01-19 09:00:00,18.6,84,15.8,0.0,52,79.0,18.0,92,-17.989034886343724,0.6281909406450172
2022-01-19 10:00:00,19.5,79,15.8,0.0,35,154.0,17.4,97,-17.270303038559003,2.120526575249564
2022-01-19 11:00:00,20.4,75,15.8,0.0,28,254.0,18.3,100,-18.02198188012341,3.177761651304825
2022-01-19 12:00:00,21.3,71,15.8,0.0,25,367.0,18.9,98,-18.71606649921568,2.630371608145235
2022-01-19 13:00:00,21.8,69,15.8,0.0,19,372.0,18.8,97,-18.659867650856857,2.2911436560167706
2022-01-19 14:00:00,22.2,68,15.9,0.0,18,414.0,19.2,96,-19.094820391070847,2.006946494738948
2022-01-19 15:00:00,21.9,68,15.7,0.0,17,334.0,19.2,95,-19.126938203361515,1.6733902607550382
2022-01-19 16:00:00,21.3,70,15.6,0.0,18,221.0,19.9,94,-19.8515246001705,1.388153827508094
2022-01-19 17:00:00,20.3,74,15.5,0.0,17,86.0,18.4,96,-18.299202874776228,1.923323724124825
2022-01-19 18:00:00,19.0,79,15.3,0.0,23,6.0,18.4,94,-18.355178524780765,1.283519116891906
2022-01-19 19:00:00,18.1,83,15.2,0.0,22,0.0,18.0,92,-17.989034886343724,0.6281909406450172
2022-01-19 20:00:00,17.7,85,15.1,0.0,16,0.0,15.5,94,-15.462242779027276,1.081225343033943
2022-01-19 21:00:00,17.4,87,15.1,0.0,23,0.0,15.6,97,-15.483719965604624,1.9011617571202988
2022-01-19 22:00:00,17.3,87,15.1,0.0,14,0.0,15.6,97,-15.483719965604624,1.9011617571202988
2022-01-19 23:00:00,17.0,89,15.1,0.0,24,0.0,14.8,96,-14.718924051450443,1.5470212563612726
2022-01-20 00:00:00,16.9,89,15.1,0.0,21,0.0,13.7,95,-13.647867363856914,1.1940336756429175
2022-01-20 01:00:00,16.7,90,15.1,0.0,24,0.0,13.7,95,-13.647867363856914,1.1940336756429175
2022-01-20 02:00:00,16.7,90,15.1,0.0,23,0.0,13.7,90,-13.7,-8.388830574159369e-16
2022-01-20 03:00:00,16.7,89,15.0,0.0,38,0.0,12.6,88,-12.592324420440606,-0.4397336584515136
2022-01-20 04:00:00,16.7,90,15.0,0.0,36,0.0,11.5,90,-11.5,-7.041719095097281e-16
2022-01-20 05:00:00,16.4,91,15.0,0.0,30,0.0,10.8,92,-10.793420931806237,0.3769145643870103
2022-01-20 06:00:00,16.3,92,15.0,0.0,38,0.0,12.7,97,-12.60533612584479,1.5477406612453717
2022-01-20 07:00:00,16.3,92,15.0,0.0,29,0.0,12.2,90,-12.2,-7.470345474798854e-16
2022-01-20 08:00:00,17.4,88,15.5,0.0,23,42.0,12.2,90,-12.2,-7.470345474798854e-16
2022-01-20 09:00:00,19.2,81,15.9,0.0,22,140.0,10.8,94,-10.773691742806102,0.7533699164365536
2022-01-20 10:00:00,20.7,74,15.8,0.0,16,266.0,10.2,98,-10.100734301164016,1.4195656297926664
2022-01-20 11:00:00,21.8,69,16.0,0.0,13,384.0,9.3,103,-9.06164160250269,2.092044805397945
2022-01-20 12:00:00,22.6,67,16.2,0.0,11,497.0,8.9,111,-8.308865795825096,3.1894747509531727
2022-01-20 13:00:00,23.1,66,16.4,0.0,13,517.0,10.2,122,-8.650090580795545,5.405176495178688
2022-01-20 14:00:00,23.1,66,16.5,0.0,33,491.0,12.4,120,-10.73871500692704,6.1999999999999975
2022-01-20 15:00:00,22.9,66,16.2,0.0,56,344.0,15.5,112,-14.371349745785205,5.806402197946637
2022-01-20 16:00:00,22.2,68,16.0,0.0,66,196.0,16.5,101,-16.196848526886455,3.148348423712989
2022-01-20 17:00:00,21.2,72,16.0,0.0,61,59.0,15.3,98,-15.151101451746028,2.129348444689
2022-01-20 18:00:00,20.1,77,15.9,0.2,50,5.0,15.2,97,-15.086701504948095,1.85241401975824
2022-01-20 19:00:00,19.4,80,15.9,0.3,65,0.0,15.5,90,-15.5,-9.491012693391988e-16
2022-01-20 20:00:00,19.0,83,16.0,0.4,67,0.0,14.0,91,-13.997867732189478,0.2443336901219686
2022-01-20 21:00:00,18.6,85,16.0,0.2,51,0.0,12.3,93,-12.283143277481258,0.6437322617882093
2022-01-20 22:00:00,18.5,86,16.1,0.3,58,0.0,10.4,90,-10.4,-6.368163355566237e-16
2022-01-20 23:00:00,18.4,87,16.2,0.5,72,0.0,9.0,92,-8.994517443171862,0.3140954703225086
2022-01-21 00:00:00,18.1,88,16.1,0.5,78,0.0,8.8,102,-8.607698886457491,1.8296228791962823
2022-01-21 01:00:00,18.0,89,16.1,0.5,100,0.0,9.8,107,-9.371786608437748,2.86524270628282
2022-01-21 02:00:00,17.8,89,15.9,0.4,100,0.0,9.5,99,-9.38303923565381,1.4861274178821928
2022-01-21 03:00:00,17.9,90,16.2,0.4,100,0.0,10.6,100,-10.438962181929403,1.8406706832694613
2022-01-21 04:00:00,17.7,90,16.1,0.6,100,0.0,13.0,93,-12.98218395180946,0.6803674311582699
2022-01-21 05:00:00,17.6,90,16.0,0.6,100,0.0,13.4,84,-13.326593397934865,-1.4006814077865564
2022-01-21 06:00:00,17.5,91,15.9,0.6,83,0.0,13.7,92,-13.691654330161612,0.478123104824263
2022-01-21 07:00:00,17.4,90,15.8,0.3,57,0.0,16.7,96,-16.608515652650162,1.7456253365698142
2022-01-21 08:00:00,18.0,90,16.2,0.3,82,41.0,17.3,90,-17.3,-1.0593194812624606e-15
2022-01-21 09:00:00,19.1,85,16.4,0.1,69,101.0,17.3,88,-17.289461307430358,-0.6037612929532687
2022-01-21 10:00:00,20.0,79,16.3,0.1,61,206.0,17.3,89,-17.29736512620557,-0.3019266313650062
2022-01-21 11:00:00,20.8,75,16.2,0.1,43,262.0,17.3,94,-17.257858069494958,1.2067869957733683
2022-01-21 12:00:00,21.5,73,16.4,0.2,56,361.0,18.4,94,-18.355178524780765,1.283519116891906
2022-01-21 13:00:00,21.7,73,16.6,0.4,47,309.0,17.9,100,-17.628058778918522,3.1083023802380523
2022-01-21 14:00:00,21.8,73,16.6,0.1,46,266.0,18.2,98,-18.02287885109658,2.5329504374731893
2022-01-21 15:00:00,21.5,73,16.5,0.0,65,195.0,18.4,91,-18.3971975908776,0.3211242784460159
2022-01-21 16:00:00,21.3,74,16.4,0.1,74,151.0,17.3,85,-17.234168276987198,-1.507794349534486
2022-01-21 17:00:00,20.7,77,16.5,0.0,57,55.0,14.5,84,-14.420567482839962,-1.5156627173809751
2022-01-21 18:00:00,19.8,81,16.4,0.0,49,3.0,13.0,96,-12.928784639787551,1.3588700224794965
2022-01-21 19:00:00,19.4,83,16.4,0.0,90,0.0,14.8,96,-14.718924051450443,1.5470212563612726
2022-01-21 20:00:00,19.1,85,16.4,0.0,99,0.0,16.6,88,-16.58988772851699,-0.579331645261518
2022-01-21 21:00:00,18.9,87,16.6,0.4,78,0.0,14.4,91,-14.397806810252035,0.2513146526968821
2022-01-21 22:00:00,18.6,89,16.8,0.5,79,0.0,16.2,102,-15.84599113188765,3.3681693912477013
2022-01-21 23:00:00,18.4,90,16.7,0.1,61,0.0,17.3,91,-17.29736512620557,0.3019266313650041
2022-01-22 00:00:00,18.2,92,16.8,0.1,69,0.0,17.3,88,-17.289461307430358,-0.6037612929532687
2022-01-22 01:00:00,18.1,93,16.9,0.3,56,0.0,16.6,85,-16.536831988322977,-1.4467853296111253
2022-01-22 02:00:00,18.0,92,16.8,0.6,58,0.0,14.4,86,-14.36492232374147,-1.0044932219154037
2022-01-22 03:00:00,18.3,91,16.8,0.8,70,0.0,13.4,82,-13.269592121137045,-1.8649195528648768
2022-01-22 04:00:00,18.1,92,16.8,1.0,74,0.0,10.1,96,-10.04467114321956,1.055737479003301
2022-01-22 05:00:00,18.0,93,16.9,0.8,75,0.0,11.1,103,-10.81550771911611,2.4969567032169016
2022-01-22 06:00:00,18.1,94,17.0,1.0,84,0.0,14.6,99,-14.420249772689012,2.2839431895873696
2022-01-22 07:00:00,18.1,92,16.8,0.8,53,0.0,16.2,89,-16.197532661533536,-0.2827289842839943
2022-01-22 08:00:00,18.6,91,17.1,0.5,74,25.0,16.6,90,-16.6,-1.0164568432923032e-15
2022-01-22 09:00:00,19.6,87,17.4,0.5,53,91.0,17.6,90,-17.6,-1.077689183249671e-15
2022-01-22 10:00:00,20.3,83,17.4,0.3,56,89.0,18.1,96,-18.000846306165748,1.8919651851445292
2022-01-22 11:00:00,21.0,79,17.2,0.0,53,141.0,17.5,98,-17.329691202977482,2.435529266801144
2022-01-22 12:00:00,21.2,76,16.9,0.0,94,87.0,17.5,98,-17.329691202977482,2.435529266801144
2022-01-22 13:00:00,21.1,76,16.7,0.0,88,7.0,14.9,97,-14.7889376594557,1.815853216736696
2022-01-22 14:00:00,21.0,76,16.7,0.0,77,23.0,17.1,105,-16.51733162954307,4.425805671253107
2022-01-22 15:00:00,20.3,79,16.6,0.5,100,94.0,22.7,100,-22.35513599337712,3.9418136330393176
2022-01-22 16:00:00,19.5,84,16.8,0.4,100,14.0,23.8,88,-23.78550168305448,-0.8306080215195257
2022-01-22 17:00:00,18.8,91,17.3,0.6,100,2.0,21.0,85,-20.920088659926652,-1.830270597700821
2022-01-22 18:00:00,18.6,93,17.4,0.6,100,0.0,21.6,91,-21.596710215378053,0.3769719790453231
2022-01-22 19:00:00,18.6,93,17.5,0.2,100,0.0,19.8,92,-19.787938374978097,0.6910100347095189
2022-01-22 20:00:00,18.6,93,17.4,0.6,100,0.0,19.5,95,-19.42579661278904,1.6995369835793357
2022-01-22 21:00:00,18.5,92,17.3,0.5,100,0.0,18.0,91,-17.997258512815044,0.3141433158711025
2022-01-22 22:00:00,18.4,93,17.3,0.4,81,0.0,15.2,86,-15.162973563949327,-1.0602984009107037
2022-01-22 23:00:00,18.4,94,17.3,0.1,89,0.0,14.0,90,-14.0,-8.572527594031472e-16
2022-01-23 00:00:00,18.3,94,17.3,0.3,91,0.0,12.3,97,-12.208317665188265,1.4989929238833126
2022-01-23 01:00:00,18.4,95,17.5,1.0,73,0.0,12.2,109,-11.535326622311665,3.971931484377311
2022-01-23 02:00:00,18.4,95,17.5,2.6,77,0.0,11.7,108,-11.127361240653295,3.615498834186884
2022-01-23 03:00:00,18.6,95,17.7,2.0,100,0.0,11.3,107,-10.806243742382302,3.303800263366925
2022-01-23 04:00:00,18.6,95,17.7,2.5,100,0.0,12.1,113,-11.138108726774528,4.727846654720214
2022-01-23 05:00:00,18.8,94,17.8,4.0,100,0.0,12.2,104,-11.837607860567156,2.951447126315947
2022-01-23 06:00:00,18.8,94,17.8,2.1,100,0.0,12.0,69,-11.20296511796642,-4.300415394543604
2022-01-23 07:00:00,19.1,91,17.6,0.3,100,0.0,6.4,63,-5.702441754805554,-2.9055391983331
2022-01-23 08:00:00,19.6,88,17.5,0.0,100,0.0,1.9,112,-1.761649323676896,0.7117525274902329
2022-01-23 09:00:00,21.5,82,18.3,0.0,58,60.0,2.5,135,-1.7677669529663689,1.7677669529663689
2022-01-23 10:00:00,22.8,79,19.0,0.0,65,147.0,2.3,129,-1.7874357113510333,1.4474368994146256
2022-01-23 11:00:00,24.0,78,19.9,0.2,47,316.0,1.8,169,-0.3434561916777809,1.7669289302057951
2022-01-23 12:00:00,24.7,77,20.4,0.1,40,364.0,3.3,193,0.7423384793347544,3.2154212137912763
2022-01-23 13:00:00,25.2,76,20.8,0.0,51,438.0,5.1,176,-0.3557580160950401,5.087576656325103
2022-01-23 14:00:00,25.3,77,21.0,0.1,73,462.0,7.6,155,-3.211898789229316,6.887939181478539
2022-01-23 15:00:00,24.2,78,20.2,0.1,48,246.0,11.2,140,-7.199221228489241,8.579697762932552
2022-01-23 16:00:00,23.1,82,19.9,0.0,47,119.0,14.7,126,-11.892549817311728,8.640443208699352
2022-01-23 17:00:00,21.8,86,19.3,0.1,62,69.0,15.5,108,-14.74137600257488,4.789763412811684
2022-01-23 18:00:00,20.6,88,18.6,0.2,71,4.0,13.8,96,-13.724402156082173,1.442492793093619
2022-01-23 19:00:00,20.0,89,18.1,0.1,55,0.0,12.4,98,-12.279324052395474,1.7257464519048105
2022-01-23 20:00:00,19.5,90,17.8,0.1,45,0.0,10.4,104,-10.091075553270365,2.515987714236545
2022-01-23 21:00:00,19.2,91,17.6,0.0,44,0.0,9.2,111,-8.588939923774255,3.296985135816762
2022-01-23 22:00:00,19.1,91,17.6,0.0,46,0.0,8.6,112,-7.973781149274371,3.2216167033768435
2022-01-23 23:00:00,19.0,92,17.7,0.0,39,0.0,8.9,117,-7.929958065276475,4.040515447681966
2022-01-24 00:00:00,18.9,93,17.8,0.0,35,0.0,11.6,120,-10.045894683899489,5.799999999999997
2022-01-24 01:00:00,18.9,93,17.8,0.0,42,0.0,14.5,113,-13.347320375060384,5.665601363094471
2022-01-24 02:00:00,18.8,94,17.9,0.0,65,0.0,13.9,100,-13.688827766869691,2.413709669570331
2022-01-24 03:00:00,18.8,95,18.0,0.0,53,0.0,14.3,102,-13.987510690493425,2.9731371786939587
2022-01-24 04:00:00,18.7,95,17.8,0.0,53,0.0,15.5,103,-15.102736004171147,3.486741342329908
2022-01-24 05:00:00,18.7,95,17.8,0.0,60,0.0,14.9,97,-14.7889376594557,1.815853216736696
2022-01-24 06:00:00,18.7,94,17.8,0.0,28,0.0,13.4,98,-13.269592121137045,1.864919552864876
2022-01-24 07:00:00,18.7,95,17.9,0.0,21,0.0,15.4,111,-14.377138568056909,5.5188664229976245
2022-01-24 08:00:00,19.2,95,18.3,0.0,42,45.0,19.8,106,-19.032981579578717,5.457619645176582
2022-01-24 09:00:00,20.2,87,18.0,0.0,47,112.0,21.7,96,-21.58112512949153,2.268267652908082
2022-01-24 10:00:00,21.2,81,17.8,0.0,32,216.0,22.4,94,-22.34543472582006,1.5625450118684072
2022-01-24 11:00:00,21.7,77,17.5,0.0,39,232.0,22.1,97,-21.93526995127322,2.6933124892537568
2022-01-24 12:00:00,21.5,76,17.1,0.0,53,155.0,20.5,93,-20.471905462468765,1.0728871029803488
2022-01-24 13:00:00,21.5,75,16.9,0.0,60,124.0,18.8,94,-18.754204144884696,1.3114217063895564
2022-01-24 14:00:00,21.3,76,16.9,0.0,59,71.0,19.9,94,-19.8515246001705,1.388153827508094
2022-01-24 15:00:00,20.6,78,16.7,0.0,60,13.0,19.4,90,-19.4,-1.1879073951729326e-15
2022-01-24 16:00:00,20.2,80,16.6,0.0,56,10.0,18.4,88,-18.38879121715136,-0.6421507393260198
2022-01-24 17:00:00,19.9,81,16.5,0.0,56,32.0,16.6,90,-16.6,-1.0164568432923032e-15
2022-01-24 18:00:00,19.5,82,16.4,0.0,40,4.0,14.4,89,-14.397806810252035,-0.2513146526968838
2022-01-24 19:00:00,19.3,83,16.4,0.0,11,0.0,12.4,100,-12.21161613735138,2.153237403069936
2022-01-24 20:00:00,18.9,85,16.3,0.0,13,0.0,14.8,104,-14.360376748884748,3.5804440548750835
2022-01-24 21:00:00,18.8,85,16.2,0.0,24,0.0,14.8,96,-14.718924051450443,1.5470212563612726
2022-01-24 22:00:00,18.6,85,16.1,0.0,29,0.0,15.1,93,-15.079305974794064,0.790272939268452
2022-01-24 23:00:00,18.6,85,16.0,0.0,35,0.0,12.6,90,-12.6,-7.715274834628325e-16
2022-01-25 00:00:00,18.6,85,16.1,0.0,29,0.0,10.2,98,-10.100734301164016,1.4195656297926664
2022-01-25 01:00:00,18.6,86,16.1,0.0,43,0.0,11.2,105,-10.818369254437563,2.898773305148233
2022-01-25 02:00:00,18.6,86,16.1,0.0,37,0.0,13.9,100,-13.688827766869691,2.413709669570331
2022-01-25 03:00:00,18.5,87,16.2,0.0,58,0.0,14.8,94,-14.763947943845398,1.032395811413055
2022-01-25 04:00:00,18.5,86,16.2,0.0,60,0.0,15.1,90,-15.1,-9.246083333562517e-16
2022-01-25 05:00:00,18.6,86,16.2,0.0,61,0.0,14.0,89,-13.997867732189478,-0.2443336901219703
2022-01-25 06:00:00,18.7,86,16.3,0.0,63,0.0,12.6,93,-12.58273213790763,0.6594330486610924
2022-01-25 07:00:00,18.7,87,16.5,0.0,52,0.0,11.9,95,-11.854716907291772,1.037153338697133
2022-01-25 08:00:00,19.1,86,16.7,0.0,45,34.0,14.3,102,-13.987510690493425,2.9731371786939587
2022-01-25 09:00:00,20.0,82,16.8,0.0,51,78.0,15.2,97,-15.086701504948095,1.85241401975824
2022-01-25 10:00:00,20.5,79,16.7,0.0,60,90.0,14.0,91,-13.997867732189478,0.2443336901219686
2022-01-25 11:00:00,21.2,76,16.8,0.0,59,136.0,11.2,92,-11.193177262613872,0.3908743630680106
2022-01-25 12:00:00,21.6,75,16.9,0.0,57,173.0,10.6,100,-10.438962181929403,1.8406706832694613
2022-01-25 13:00:00,21.9,73,16.9,0.0,53,236.0,11.8,102,-11.542141688658909,2.4533579516495605
2022-01-25 14:00:00,22.0,73,16.9,0.0,46,264.0,13.6,102,-13.302807369979757,2.827598995121527
2022-01-25 15:00:00,22.5,72,17.2,0.0,44,306.0,15.0,100,-14.77211629518312,2.6047226650039548
2022-01-25 16:00:00,22.1,74,17.1,0.0,19,208.0,16.4,99,-16.19808878576026,2.565525226659785
2022-01-25 17:00:00,21.1,78,17.1,0.0,14,95.0,16.8,100,-16.544770250605094,2.917289384804429
2022-01-25 18:00:00,19.8,83,16.8,0.0,1,8.0,15.6,97,-15.483719965604624,1.9011617571202988
2022-01-25 19:00:00,19.0,86,16.6,0.0,2,0.0,14.8,93,-14.779717114367694,0.7745721523955689
2022-01-25 20:00:00,18.5,88,16.5,0.0,2,0.0,14.0,91,-13.997867732189478,0.2443336901219686
2022-01-25 21:00:00,18.3,90,16.5,0.0,4,0.0,13.3,93,-13.281772812235833,0.6960682180311532
2022-01-25 22:00:00,18.1,90,16.5,0.0,5,0.0,12.7,97,-12.60533612584479,1.5477406612453717
2022-01-25 23:00:00,18.0,91,16.5,0.0,5,0.0,12.7,98,-12.576404473017943,1.7674983821928298
2022-01-26 00:00:00,18.0,92,16.6,0.0,25,0.0,13.7,95,-13.647867363856914,1.1940336756429175
2022-01-26 01:00:00,18.0,92,16.7,0.0,30,0.0,14.1,93,-14.080676440039491,0.7379369830255081
2022-01-26 02:00:00,18.0,92,16.7,0.0,32,0.0,14.4,91,-14.397806810252035,0.2513146526968821
2022-01-26 03:00:00,17.7,94,16.6,0.0,35,0.0,13.3,90,-13.3,-8.1439012143299e-16
2022-01-26 04:00:00,17.5,94,16.6,0.0,44,0.0,13.0,90,-13.0,-7.960204194457795e-16
2022-01-26 05:00:00,17.5,94,16.6,0.0,32,0.0,12.3,93,-12.283143277481258,0.6437322617882093
2022-01-26 06:00:00,17.4,95,16.6,0.0,24,0.0,10.9,96,-10.84028865951418,1.1393602496174238
2022-01-26 07:00:00,17.4,95,16.6,0.0,18,0.0,10.1,88,-10.093847352892867,-0.3524849166952609
2022-01-26 08:00:00,18.4,92,17.1,0.0,18,52.0,11.5,92,-11.4929945107196,0.401344212078761
2022-01-26 09:00:00,20.2,85,17.6,0.0,26,198.0,11.9,93,-11.88369146357943,0.6227978792910317
2022-01-26 10:00:00,21.5,78,17.5,0.0,25,322.0,13.4,96,-13.326593397934865,1.4006814077865577
2022-01-26 11:00:00,22.5,74,17.6,0.0,20,415.0,14.5,97,-14.39191919879917,1.7671054793746368
2022-01-26 12:00:00,23.3,71,17.7,0.0,13,552.0,15.4,101,-15.117058625094026,2.93845852879879
2022-01-26 13:00:00,23.6,70,17.8,0.0,7,528.0,15.7,101,-15.411546780128324,2.9957012274117534
2022-01-26 14:00:00,23.8,69,17.8,0.0,10,513.0,13.7,93,-13.68122462613766,0.7170026005283306
2022-01-26 15:00:00,24.0,68,17.8,0.0,16,409.0,11.2,92,-11.193177262613872,0.3908743630680106
2022-01-26 16:00:00,23.6,70,17.8,0.0,7,248.0,12.1,100,-11.916173811447717,2.101142949769857
2022-01-26 17:00:00,22.7,76,18.2,0.0,8,113.0,13.6,102,-13.302807369979757,2.827598995121527
2022-01-26 18:00:00,21.0,84,18.1,0.0,5,10.0,15.3,98,-15.151101451746028,2.129348444689
2022-01-26 19:00:00,19.9,89,18.0,0.0,4,0.0,14.4,94,-14.36492232374147,1.0044932219154048
2022-01-26 20:00:00,19.4,92,18.0,0.0,23,0.0,12.3,97,-12.208317665188265,1.4989929238833126
2022-01-26 21:00:00,19.1,94,18.1,0.0,30,0.0,11.4,103,-11.107818738551682,2.564442019520061
2022-01-26 22:00:00,18.8,95,18.0,0.0,37,0.0,11.3,99,-11.160878248725057,1.7677094549546084
2022-01-26 23:00:00,18.8,95,17.9,0.0,50,0.0,10.8,94,-10.773691742806102,0.7533699164365536
2022-01-27 00:00:00,18.7,95,17.8,0.0,43,0.0,11.2,94,-11.17271736291003,0.7812725059342036
2022-01-27 01:00:00,18.5,95,17.7,0.0,21,0.0,11.2,92,-11.193177262613872,0.3908743630680106
2022-01-27 02:00:00,18.4,95,17.6,0.0,14,0.0,12.3,93,-12.283143277481258,0.6437322617882093
2022-01-27 03:00:00,18.3,93,17.2,0.0,10,0.0,13.0,92,-12.992080751248244,0.4536934571325124
2022-01-27 04:00:00,18.2,94,17.1,0.0,6,0.0,13.7,93,-13.68122462613766,0.7170026005283306
2022-01-27 05:00:00,18.0,94,17.1,0.0,4,0.0,13.4,95,-13.34900895442939,1.1678869528186204
2022-01-27 06:00:00,17.7,95,17.0,0.0,4,0.0,15.5,95,-15.441017820422056,1.3509140125887027
2022-01-27 07:00:00,17.6,96,16.9,0.0,7,0.0,15.5,94,-15.462242779027276,1.081225343033943
2022-01-27 08:00:00,18.6,94,17.5,0.0,7,57.0,16.3,95,-16.237973578895453,1.4206386067868293
2022-01-27 09:00:00,20.4,86,17.9,0.0,5,219.0,15.1,93,-15.079305974794064,0.790272939268452
2022-01-27 10:00:00,21.7,78,17.6,0.0,2,355.0,13.0,96,-12.928784639787551,1.3588700224794965
2022-01-27 11:00:00,22.8,73,17.6,0.0,1,545.0,11.0,101,-10.797899017924305,2.0988989491419927
2022-01-27 12:00:00,23.5,71,17.9,0.0,1,621.0,10.2,108,-9.700776466210566,3.1519733426244625
2022-01-27 13:00:00,23.8,70,18.1,0.0,0,550.0,12.2,114,-11.14525458323973,4.962187045524763
2022-01-27 14:00:00,23.8,71,18.2,0.0,0,561.0,14.5,109,-13.710019346190094,4.720738239628771
2022-01-27 15:00:00,23.5,72,18.1,0.0,5,440.0,15.3,105,-14.778665142222746,3.959931390068569
2022-01-27 16:00:00,22.9,74,18.1,0.0,6,227.0,16.2,103,-15.78479504952081,3.6442070803706135
2022-01-27 17:00:00,21.9,79,18.0,0.0,6,99.0,15.7,99,-15.506706947343664,2.456021101131624
2022-01-27 18:00:00,20.7,84,17.9,0.0,8,9.0,15.2,95,-15.142159410994532,1.3247672897644052
2022-01-27 19:00:00,20.0,88,17.9,0.0,8,0.0,14.4,91,-14.397806810252035,0.2513146526968821
2022-01-27 20:00:00,19.5,90,17.9,0.0,11,0.0,13.8,96,-13.724402156082173,1.442492793093619
2022-01-27 21:00:00,19.1,92,17.9,0.0,24,0.0,14.2,99,-14.025174436450955,2.221369403571277
2022-01-27 22:00:00,18.9,93,17.8,0.0,27,0.0,14.4,94,-14.36492232374147,1.0044932219154048
2022-01-27 23:00:00,18.6,94,17.7,0.0,33,0.0,13.0,92,-12.992080751248244,0.4536934571325124
2022-01-28 00:00:00,18.6,94,17.6,0.0,31,0.0,14.1,94,-14.06565310866352,0.9835662797921672
2022-01-28 01:00:00,18.4,94,17.5,0.0,30,0.0,15.5,94,-15.462242779027276,1.081225343033943
2022-01-28 02:00:00,18.4,94,17.5,0.0,39,0.0,17.3,92,-17.289461307430358,0.6037612929532665
2022-01-28 03:00:00,18.2,95,17.5,0.0,23,0.0,18.0,90,-18.0,-1.102182119232618e-15
2022-01-28 04:00:00,18.0,96,17.3,0.0,18,0.0,17.6,91,-17.59731943475249,0.3071623532961892
2022-01-28 05:00:00,18.1,94,17.2,0.0,22,0.0,17.3,94,-17.257858069494958,1.2067869957733683
2022-01-28 06:00:00,17.9,96,17.2,0.0,24,0.0,17.0,94,-16.958588854417012,1.1858600536501307
2022-01-28 07:00:00,18.0,94,17.1,0.0,39,0.0,18.0,92,-17.989034886343724,0.6281909406450172
2022-01-28 08:00:00,18.9,88,16.9,0.0,71,46.0,19.1,92,-19.08836479606473,0.6665803870177683
2022-01-28 09:00:00,20.3,82,17.1,0.0,74,150.0,18.8,93,-18.77423525338599,0.9839159773673444
2022-01-28 10:00:00,21.2,78,17.2,0.0,57,249.0,17.7,94,-17.65688368959889,1.2346895852710182
2022-01-28 11:00:00,22.0,75,17.3,0.0,70,359.0,16.6,91,-16.597471739596095,0.2897099468589057
2022-01-28 12:00:00,22.3,74,17.4,0.1,75,312.0,12.1,100,-11.916173811447717,2.101142949769857
2022-01-28 13:00:00,22.6,72,17.4,0.3,87,349.0,12.0,106,-11.535140351259829,3.3076482698039884
2022-01-28 14:00:00,21.9,77,17.6,0.8,95,108.0,14.5,109,-13.710019346190094,4.720738239628771
2022-01-28 15:00:00,20.4,88,18.3,1.4,89,5.0,13.4,104,-13.001962732098352,3.2417534010355484
2022-01-28 16:00:00,19.9,91,18.3,1.3,83,3.0,14.7,101,-14.42991959668066,2.8048922320352085
2022-01-28 17:00:00,19.5,91,18.0,1.1,95,4.0,14.3,100,-14.082750868074577,2.483168940637104
2022-01-28 18:00:00,19.3,91,17.8,0.8,93,0.0,15.2,104,-14.748495039395143,3.67721281311495
2022-01-28 19:00:00,19.1,91,17.6,0.6,95,0.0,15.6,97,-15.483719965604624,1.9011617571202988
2022-01-28 20:00:00,18.9,91,17.4,0.3,94,0.0,17.3,92,-17.289461307430358,0.6037612929532665
2022-01-28 21:00:00,18.7,90,17.1,0.2,70,0.0,17.4,96,-17.304680979407955,1.818795260857172
2022-01-28 22:00:00,18.6,90,16.8,0.1,67,0.0,14.8,96,-14.718924051450443,1.5470212563612726
2022-01-28 23:00:00,18.6,89,16.7,0.1,71,0.0,15.8,102,-15.454732091594131,3.2850047149205976
2022-01-29 00:00:00,18.7,88,16.7,0.0,63,0.0,19.3,104,-18.726707517126734,4.669092585073589
2022-01-29 01:00:00,18.6,88,16.6,0.0,66,0.0,19.4,101,-19.04356735888468,3.7016945103049688
2022-01-29 02:00:00,18.5,88,16.5,0.0,64,0.0,19.1,93,-19.07382411381236,0.9996167642402276
2022-01-29 03:00:00,18.6,89,16.8,0.5,57,0.0,19.1,93,-19.07382411381236,0.9996167642402276
2022-01-29 04:00:00,18.5,90,16.8,0.1,59,0.0,20.5,93,-20.471905462468765,1.0728871029803488
2022-01-29 05:00:00,18.4,90,16.7,0.0,81,0.0,18.1,95,-18.0311240354606,1.5775189437326145
2022-01-29 06:00:00,18.5,90,16.8,0.1,73,0.0,15.1,102,-14.770028771080463,3.139466531348166
2022-01-29 07:00:00,18.3,91,16.8,1.6,88,0.0,17.1,98,-16.933583975480854,2.3798600264171177
2022-01-29 08:00:00,18.4,90,16.8,0.8,95,8.0,18.0,92,-17.989034886343724,0.6281909406450172
2022-01-29 09:00:00,19.0,89,17.1,0.2,92,30.0,17.7,95,-17.632646156223895,1.5426566466335507
2022-01-29 10:00:00,19.6,85,17.0,0.5,74,69.0,18.9,98,-18.71606649921568,2.630371608145235
2022-01-29 11:00:00,20.1,81,16.7,0.4,63,182.0,19.9,96,-19.79098571782864,2.080116419026305
2022-01-29 12:00:00,19.9,80,16.3,0.9,75,116.0,21.7,95,-21.61742494859088,1.891279617624184
2022-01-29 13:00:00,19.9,79,16.1,0.8,74,149.0,22.8,95,-22.7132391164918,1.987150934646608
2022-01-29 14:00:00,20.1,77,16.0,0.3,81,144.0,20.5,91,-20.49687775070602,0.3577743319643113
2022-01-29 15:00:00,19.7,81,16.3,0.6,71,53.0,17.8,97,-17.667321499215532,2.1692743126116234
2022-01-29 16:00:00,19.4,82,16.2,0.1,65,80.0,17.6,101,-17.276638428678886,3.3582383186271887
2022-01-29 17:00:00,19.0,82,15.9,0.1,63,19.0,19.4,101,-19.04356735888468,3.7016945103049688
2022-01-29 18:00:00,18.6,82,15.4,0.0,62,3.0,19.8,102,-19.367322494529358,4.116651478191635
2022-01-29 19:00:00,18.2,82,15.1,0.0,64,0.0,18.8,97,-18.659867650856857,2.2911436560167706
2022-01-29 20:00:00,17.9,83,14.9,0.0,79,0.0,19.9,94,-19.8515246001705,1.388153827508094
2022-01-29 21:00:00,17.8,83,14.8,0.0,71,0.0,19.9,96,-19.79098571782864,2.080116419026305
2022-01-29 22:00:00,17.6,84,14.8,0.0,53,0.0,19.3,99,-19.06238497348616,3.019185175276455
2022-01-29 23:00:00,17.3,85,14.7,0.0,49,0.0,19.7,98,-19.50828095420893,2.7417100889132877
2022-01-30 00:00:00,17.1,86,14.7,0.0,57,0.0,20.4,98,-20.201468602328035,2.839131259585333
2022-01-30 01:00:00,16.9,86,14.5,0.0,48,0.0,20.7,97,-20.545705338975367,2.5226954084865505
2022-01-30 02:00:00,16.5,88,14.5,0.1,29,0.0,22.1,97,-21.93526995127322,2.6933124892537568
2022-01-30 03:00:00,16.7,88,14.7,0.0,28,0.0,23.5,96,-23.37126454115442,2.456418886789858
2022-01-30 04:00:00,16.5,89,14.6,0.0,29,0.0,24.3,96,-24.16688205744904,2.540041657403981
2022-01-30 05:00:00,16.4,89,14.6,0.0,33,0.0,25.7,96,-25.559212710964623,2.686381505978696
2022-01-30 06:00:00,16.2,88,14.2,0.0,39,0.0,26.7,95,-26.598398439049607,2.327058331362475
2022-01-30 07:00:00,16.1,87,13.8,0.0,65,0.0,27.5,96,-27.349352122627515,2.8745327398604728
2022-01-30 08:00:00,16.4,84,13.6,0.0,48,41.0,29.3,95,-29.188504654088145,2.553663262506386
2022-01-30 09:00:00,17.1,78,13.3,0.0,24,148.0,31.0,91,-30.99527854984813,0.5410245995557877
2022-01-30 10:00:00,18.1,73,13.2,0.2,20,379.0,29.9,89,-29.895446085176097,-0.5218269524747796
2022-01-30 11:00:00,18.7,71,13.3,0.2,28,451.0,28.8,89,-28.79561362050407,-0.5026293053937676
2022-01-30 12:00:00,19.2,68,13.2,0.0,25,493.0,29.2,92,-29.1822121489576,1.019065303713028
2022-01-30 13:00:00,18.8,70,13.1,0.0,13,389.0,32.5,95,-32.37632768798173,2.8325616392988926
2022-01-30 14:00:00,18.5,70,12.8,0.0,23,435.0,35.4,94,-35.31376737919778,2.4693791705420365
2022-01-30 15:00:00,17.7,70,12.1,0.0,17,420.0,36.7,91,-36.69441041223956,0.6405033162483037
2022-01-30 16:00:00,17.0,69,11.4,0.0,9,285.0,33.9,88,-33.87934903594734,-1.1830929382147866
2022-01-30 17:00:00,16.2,71,11.0,0.0,7,121.0,29.9,89,-29.895446085176097,-0.5218269524747796
2022-01-30 18:00:00,15.3,74,10.6,0.0,12,12.0,28.1,90,-28.1,-1.7206287528020313e-15
2022-01-30 19:00:00,15.0,74,10.5,0.0,17,0.0,25.2,88,-25.184648840881213,-0.8794673169030272
2022-01-30 20:00:00,14.8,75,10.4,0.0,11,0.0,24.1,89,-24.096329453269032,-0.4206029951385347
2022-01-30 21:00:00,14.7,75,10.3,0.0,19,0.0,24.5,90,-24.5,-1.5001923289555077e-15
2022-01-30 22:00:00,14.7,74,10.2,0.0,14,0.0,23.8,89,-23.796375144722116,-0.4153672732073497
2022-01-30 23:00:00,14.6,74,10.0,0.0,19,0.0,21.6,87,-21.5703979506988,-1.1304566548475898
2022-01-31 00:00:00,14.6,74,10.0,0.0,18,0.0,19.1,91,-19.097090977487078,0.3333409629521144
2022-01-31 01:00:00,14.5,75,10.0,0.0,35,0.0,18.4,94,-18.355178524780765,1.283519116891906
2022-01-31 02:00:00,14.4,76,10.1,0.0,44,0.0,18.8,93,-18.77423525338599,0.9839159773673444
2022-01-31 03:00:00,14.3,77,10.3,0.0,60,0.0,18.4,88,-18.38879121715136,-0.6421507393260198
2022-01-31 04:00:00,14.2,77,10.2,0.0,52,0.0,17.3,88,-17.289461307430358,-0.6037612929532687
2022-01-31 05:00:00,14.3,76,10.2,0.0,51,0.0,16.2,93,-16.177798463024097,0.8478424911356902
2022-01-31 06:00:00,14.2,77,10.2,0.0,63,0.0,10.8,94,-10.773691742806102,0.7533699164365536
2022-01-31 07:00:00,13.9,79,10.4,0.0,35,1.0,9.0,90,-9.0,-5.51091059616309e-16
2022-01-31 08:00:00,15.1,77,11.0,0.0,23,64.0,10.1,88,-10.093847352892867,-0.3524849166952609
2022-01-31 09:00:00,16.9,69,11.1,0.0,19,237.0,9.7,94,-9.676371287520292,0.6766377953180156
2022-01-31 10:00:00,18.3,62,11.0,0.0,14,417.0,7.1,105,-6.858073366652385,1.837615220227898
2022-01-31 11:00:00,19.2,61,11.5,0.0,10,479.0,5.6,135,-3.9597979746446654,3.9597979746446654
2022-01-31 12:00:00,20.0,60,12.0,0.0,19,563.0,9.1,146,-5.0886554215837965,7.544241910250879
2022-01-31 13:00:00,20.4,60,12.3,0.0,29,536.0,12.0,129,-9.325751537483653,7.551844692598047
2022-01-31 14:00:00,20.4,60,12.4,0.0,52,442.0,14.1,109,-13.331811915950368,4.590510977845908
2022-01-31 15:00:00,19.7,61,12.0,0.0,60,198.0,14.5,97,-14.39191919879917,1.7671054793746368
2022-01-31 16:00:00,19.4,62,11.9,0.0,73,146.0,15.5,94,-15.462242779027276,1.081225343033943
2022-01-31 17:00:00,18.7,65,12.1,0.0,76,48.0,15.1,89,-15.097700196861508,-0.2635313372029823
2022-01-31 18:00:00,18.0,68,12.0,0.0,81,5.0,13.3,88,-13.291897999353974,-0.4641633061432644
2022-01-31 19:00:00,17.7,70,12.1,0.0,87,0.0,14.4,89,-14.397806810252035,-0.2513146526968838
2022-01-31 20:00:00,17.5,71,12.2,0.0,77,0.0,13.7,90,-13.7,-8.388830574159369e-16
2022-01-31 21:00:00,17.4,71,12.1,0.0,87,0.0,11.5,86,-11.47198657798798,-0.8021994480574401
2022-01-31 22:00:00,17.2,72,12.2,0.0,80,0.0,9.8,98,-9.70462707366739,1.3638963894086409
2022-01-31 23:00:00,17.1,74,12.4,0.0,77,0.0,11.9,104,-11.54651914268436,2.8788705576360467
2022-02-01 00:00:00,17.0,76,12.6,0.0,85,0.0,10.4,90,-10.4,-6.368163355566237e-16
2022-02-01 01:00:00,16.8,78,12.9,0.0,83,0.0,8.7,85,-8.666893873398186,-0.7582549619046257
2022-02-01 02:00:00,16.8,79,13.1,0.0,87,0.0,7.9,93,-7.889173324561134,0.4134540543192563
2022-02-01 03:00:00,17.1,78,13.2,0.1,86,0.0,8.4,97,-8.337387673787106,1.023702484603238
2022-02-01 04:00:00,16.9,80,13.4,0.2,70,0.0,8.3,85,-8.268415994161488,-0.7233926648055626
2022-02-01 05:00:00,16.5,82,13.3,0.5,54,0.0,8.7,83,-8.6351515192795,-1.060263287624783
2022-02-01 06:00:00,16.2,83,13.2,0.7,35,0.0,7.0,55,-5.734064310022943,-4.015035054457322
2022-02-01 07:00:00,16.0,84,13.3,0.6,26,0.0,6.6,61,-5.772490067120011,-3.199743493625825
2022-02-01 08:00:00,16.6,84,13.9,0.4,40,43.0,7.2,84,-7.160557646651568,-0.752604935527105
2022-02-01 09:00:00,18.0,78,14.2,0.0,32,124.0,6.2,97,-6.153786140176197,0.7555899291119137
2022-02-01 10:00:00,19.5,73,14.5,0.0,33,328.0,6.3,121,-5.400153994423308,3.2447398719333416
2022-02-01 11:00:00,20.4,70,14.7,0.0,35,419.0,9.7,132,-7.208504807130724,6.490566881680924
2022-02-01 12:00:00,20.9,68,14.8,0.0,63,390.0,14.0,119,-12.244675899951542,6.787334683448718
2022-02-01 13:00:00,21.3,66,14.8,0.0,62,493.0,16.1,100,-15.855404823496553,2.795735660437578
2022-02-01 14:00:00,21.0,68,14.8,0.0,46,368.0,16.2,89,-16.197532661533536,-0.2827289842839943
2022-02-01 15:00:00,20.0,74,15.3,0.2,38,160.0,16.6,91,-16.597471739596095,0.2897099468589057
2022-02-01 16:00:00,19.7,75,15.1,0.1,45,164.0,18.1,95,-18.0311240354606,1.5775189437326145
2022-02-01 17:00:00,19.2,75,14.8,0.0,27,78.0,17.7,94,-17.65688368959889,1.2346895852710182
2022-02-01 18:00:00,18.4,79,14.8,0.0,32,10.0,15.1,91,-15.097700196861508,0.2635313372029805
2022-02-01 19:00:00,17.9,83,15.0,0.0,34,0.0,17.3,94,-17.257858069494958,1.2067869957733683
2022-02-01 20:00:00,17.6,86,15.3,0.0,37,0.0,18.4,91,-18.3971975908776,0.3211242784460159
2022-02-01 21:00:00,17.4,88,15.3,0.0,69,0.0,18.7,89,-18.697151899424515,-0.3263600003772032
2022-02-01 22:00:00,17.3,89,15.4,0.0,52,0.0,16.6,89,-16.597471739596095,-0.2897099468589078
2022-02-01 23:00:00,17.2,89,15.4,0.1,66,0.0,14.8,91,-14.79774588831459,0.2582956152717954
2022-02-02 00:00:00,17.4,88,15.4,0.0,62,0.0,13.7,95,-13.647867363856914,1.1940336756429175
2022-02-02 01:00:00,17.3,88,15.4,0.0,64,0.0,14.8,94,-14.763947943845398,1.032395811413055
2022-02-02 02:00:00,17.3,88,15.3,0.0,65,0.0,14.0,91,-13.997867732189478,0.2443336901219686
2022-02-02 03:00:00,17.6,88,15.6,0.3,50,0.0,12.2,90,-12.2,-7.470345474798854e-16
2022-02-02 04:00:00,17.4,89,15.5,0.1,64,0.0,11.9,93,-11.88369146357943,0.6227978792910317
2022-02-02 05:00:00,17.3,89,15.5,0.0,58,0.0,11.3,97,-11.21577151354694,1.3771235804781654
2022-02-02 06:00:00,17.0,91,15.5,0.0,55,0.0,11.4,101,-11.19054989130337,2.175222547292611
2022-02-02 07:00:00,16.9,92,15.6,0.0,43,0.0,12.7,98,-12.576404473017943,1.7674983821928298
2022-02-02 08:00:00,17.8,89,16.0,0.0,32,49.0,0.8,207,0.3631923997916373,0.7128052193506944
2022-02-02 09:00:00,19.5,82,16.2,0.0,14,209.0,2.9,187,0.3534210958749272,2.878383839759834
2022-02-02 10:00:00,20.9,75,16.3,0.0,8,399.0,3.6,186,0.3763024677635526,3.580278823325784
2022-02-02 11:00:00,21.8,71,16.4,0.0,11,507.0,4.7,184,0.3278554265973888,4.688551036221174
2022-02-02 12:00:00,22.5,69,16.6,0.0,14,593.0,6.5,183,0.3401837155791332,6.49109197590473
2022-02-02 13:00:00,22.9,69,16.8,0.0,26,612.0,8.3,182,0.2896658226307575,8.294943864258496
2022-02-02 14:00:00,22.9,68,16.8,0.0,48,541.0,4.3,355,0.3747696938149307,-4.283637201794505
2022-02-02 15:00:00,21.6,73,16.6,0.0,54,193.0,4.3,355,0.3747696938149307,-4.283637201794505
2022-02-02 16:00:00,20.9,75,16.3,0.0,63,82.0,4.3,355,0.3747696938149307,-4.283637201794505
2022-02-02 17:00:00,20.2,78,16.2,0.0,56,28.0,4.3,355,0.3747696938149307,-4.283637201794505
2022-02-02 18:00:00,19.5,81,16.1,0.0,47,6.0,4.3,355,0.3747696938149307,-4.283637201794505
2022-02-02 19:00:00,18.9,83,16.0,0.0,60,0.0,4.3,355,0.3747696938149307,-4.283637201794505
2022-02-02 20:00:00,18.7,83,15.8,0.0,47,0.0,4.3,355,0.3747696938149307,-4.283637201794505
2022-02-02 21:00:00,18.6,84,15.8,0.0,47,0.0,4.3,355,0.3747696938149307,-4.283637201794505
2022-02-02 22:00:00,18.6,84,15.8,0.0,59,0.0,4.3,355,0.3747696938149307,-4.283637201794505
2022-02-02 23:00:00,18.4,85,15.8,0.2,55,0.0,4.3,355,0.3747696938149307,-4.283637201794505
2022-02-03 00:00:00,18.2,86,15.8,0.0,47,0.0,4.3,355,0.3747696938149307,-4.283637201794505
2022-02-03 01:00:00,17.9,88,15.8,0.0,24,0.0,4.3,355,0.3747696938149307,-4.283637201794505
2022-02-03 02:00:00,17.7,89,15.8,0.2,22,0.0,4.3,355,0.3747696938149307,-4.283637201794505
2022-02-03 03:00:00,17.7,92,16.3,0.0,43,0.0,4.3,355,0.3747696938149307,-4.283637201794505
2022-02-03 04:00:00,17.4,93,16.2,0.0,56,0.0,4.3,355,0.3747696938149307,-4.283637201794505
2022-02-03 05:00:00,17.2,93,16.1,0.0,51,0.0,4.3,355,0.3747696938149307,-4.283637201794505
2022-02-03 06:00:00,16.9,94,16.0,0.0,44,0.0,4.3,355,0.3747696938149307,-4.283637201794505
2022-02-03 07:00:00,16.7,96,16.0,0.0,39,0.0,4.3,355,0.3747696938149307,-4.283637201794505
2022-02-03 08:00:00,17.5,92,16.1,0.0,49,48.0,18.6,100,-18.31742420602707,3.229856104604904
2022-02-03 09:00:00,18.7,84,16.0,0.0,49,175.0,20.2,94,-20.15079381524845,1.4090807696313317
2022-02-03 10:00:00,19.7,78,15.9,0.0,62,270.0,18.4,93,-18.37478343948416,0.9629815948701668
2022-02-03 11:00:00,20.8,74,16.0,0.0,69,380.0,16.3,98,-16.141369520487597,2.2685215456490653
2022-02-03 12:00:00,21.2,73,16.3,0.0,66,342.0,16.7,104,-16.20393862880914,4.040095656514452
2022-02-03 13:00:00,21.5,73,16.4,0.0,100,288.0,18.2,99,-17.975927798831506,2.847107263732201
2022-02-03 14:00:00,21.8,72,16.4,0.0,94,344.0,13.7,95,-13.647867363856914,1.1940336756429175
2022-02-03 15:00:00,20.6,79,16.9,0.7,100,110.0,21.6,116,-19.413951400062007,9.468816770644075
2022-02-03 16:00:00,18.9,86,16.5,1.1,100,59.0,26.7,100,-26.294367005425958,4.636406343707039
2022-02-03 17:00:00,18.0,87,15.8,0.8,100,47.0,22.7,89,-22.69654268005008,-0.3961696261263376
2022-02-03 18:00:00,17.9,86,15.5,0.6,81,6.0,16.2,91,-16.197532661533536,0.2827289842839923
2022-02-03 19:00:00,17.7,88,15.8,0.7,51,0.0,13.5,99,-13.33379259803436,2.111865278043116
2022-02-03 20:00:00,17.8,88,15.7,0.8,60,0.0,16.5,106,-15.860817982982262,4.548016370980484
2022-02-03 21:00:00,17.6,89,15.8,0.8,28,0.0,19.4,101,-19.04356735888468,3.7016945103049688
2022-02-03 22:00:00,17.3,90,15.6,0.7,25,0.0,18.4,94,-18.355178524780765,1.283519116891906
2022-02-03 23:00:00,17.2,89,15.4,0.6,21,0.0,15.5,95,-15.441017820422056,1.3509140125887027
2022-02-04 00:00:00,17.0,90,15.3,0.4,32,0.0,16.4,105,-15.84118355114072,4.244632339681342
2022-02-04 01:00:00,16.9,91,15.4,0.3,27,0.0,20.5,105,-19.8014794389259,5.305790424601677
2022-02-04 02:00:00,16.6,91,15.2,0.2,36,0.0,21.9,99,-21.63037465903352,3.4259147843810545
2022-02-04 03:00:00,16.4,92,15.1,0.5,50,0.0,21.3,94,-21.248114270534256,1.4858128907498696
2022-02-04 04:00:00,16.2,92,14.9,0.4,44,0.0,21.7,95,-21.61742494859088,1.891279617624184
2022-02-04 05:00:00,16.2,91,14.8,0.4,69,0.0,22.4,96,-22.27729045624932,2.3414375771954394
2022-02-04 06:00:00,16.3,89,14.5,0.3,37,0.0,22.0,95,-21.9162833580184,1.9174263404484813
2022-02-04 07:00:00,16.3,89,14.4,0.1,37,0.0,22.7,93,-22.668890438928827,1.188026206714825
2022-02-04 08:00:00,16.8,85,14.4,0.0,20,53.0,24.1,92,-24.08531893116021,0.841077870530273
2022-02-04 09:00:00,17.9,80,14.4,0.0,24,215.0,25.2,88,-25.184648840881213,-0.8794673169030272
2022-02-04 10:00:00,19.0,75,14.5,0.0,12,329.0,23.1,86,-23.04372956100194,-1.611374543489293
2022-02-04 11:00:00,20.2,70,14.7,0.0,10,531.0,23.4,88,-23.38574535224684,-0.8166482228385252
2022-02-04 12:00:00,21.0,68,14.9,0.0,2,651.0,23.1,87,-23.068342252830657,-1.2089605892120057
2022-02-04 13:00:00,21.3,67,15.0,0.0,1,659.0,21.6,94,-21.547383485612205,1.5067398328731072
2022-02-04 14:00:00,21.2,68,15.0,0.0,2,617.0,24.6,102,-24.062430978051623,5.11462759411688
2022-02-04 15:00:00,20.5,70,14.8,0.0,3,501.0,27.4,100,-26.9837324325345,4.75796006807389
2022-02-04 16:00:00,19.6,71,14.2,0.0,4,315.0,26.9,98,-26.638211049148243,3.7437564158257577
2022-02-04 17:00:00,18.4,73,13.6,0.0,15,125.0,24.7,98,-24.459621297916787,3.437575593713614
2022-02-04 18:00:00,17.2,76,13.0,0.0,26,14.0,24.5,94,-24.44031923136569,1.7090336067310703
2022-02-04 19:00:00,16.3,78,12.6,0.0,38,0.0,24.2,94,-24.141050016287743,1.6881066646078329
2022-02-04 20:00:00,16.0,79,12.3,0.0,20,0.0,24.6,95,-24.506389573056943,2.1440312715923926
2022-02-04 21:00:00,15.8,79,12.2,0.0,32,0.0,24.5,91,-24.496268531331587,0.4275839577134452
2022-02-04 22:00:00,15.7,79,12.1,0.0,28,0.0,22.0,91,-21.99664929344061,0.3839529416202365
2022-02-04 23:00:00,15.6,79,12.0,0.0,29,0.0,20.9,93,-20.871357276370592,1.093821485477526
2022-02-05 00:00:00,15.5,79,11.9,0.0,49,0.0,19.8,93,-19.772864788140563,1.036251933610288
2022-02-05 01:00:00,15.4,79,11.9,0.1,68,0.0,18.8,93,-18.77423525338599,0.9839159773673444
2022-02-05 02:00:00,15.4,80,11.9,0.0,83,0.0,16.6,94,-16.55956323431308,1.1579574641524806
2022-02-05 03:00:00,15.3,81,12.1,0.1,71,0.0,16.3,96,-16.210706894502856,1.703813951262753
2022-02-05 04:00:00,15.3,81,12.1,0.0,81,0.0,18.1,95,-18.0311240354606,1.5775189437326145
2022-02-05 05:00:00,15.2,81,12.1,0.0,63,0.0,19.1,92,-19.08836479606473,0.6665803870177683
2022-02-05 06:00:00,15.1,82,12.1,0.0,34,0.0,16.6,92,-16.58988772851699,0.5793316452615159
2022-02-05 07:00:00,15.2,82,12.1,0.0,27,1.0,16.6,91,-16.597471739596095,0.2897099468589057
2022-02-05 08:00:00,16.0,80,12.5,0.0,25,61.0,18.0,91,-17.997258512815044,0.3141433158711025
2022-02-05 09:00:00,17.2,75,12.7,0.0,19,189.0,18.4,90,-18.4,-1.1266750552155648e-15
2022-02-05 10:00:00,18.5,70,12.9,0.0,19,386.0,17.3,92,-17.289461307430358,0.6037612929532665
2022-02-05 11:00:00,19.4,68,13.2,0.0,19,469.0,17.4,97,-17.270303038559003,2.120526575249564
2022-02-05 12:00:00,19.8,66,13.4,0.0,27,473.0,17.9,100,-17.628058778918522,3.1083023802380523
2022-02-05 13:00:00,20.1,65,13.4,0.0,38,487.0,21.3,102,-20.834543895630063,4.428519014418274
2022-02-05 14:00:00,20.0,65,13.3,0.0,47,399.0,22.8,95,-22.7132391164918,1.987150934646608
2022-02-05 15:00:00,19.2,67,12.9,0.0,48,227.0,22.0,92,-21.986598194420107,0.767788927455021
2022-02-05 16:00:00,18.7,68,12.8,0.0,41,194.0,20.6,94,-20.54981943535238,1.436983359128982
2022-02-05 17:00:00,18.1,71,12.7,0.0,44,94.0,19.6,96,-19.49262914921816,2.04875788004601
2022-02-05 18:00:00,17.1,74,12.5,0.0,26,15.0,18.2,99,-17.975927798831506,2.847107263732201
2022-02-05 19:00:00,16.2,77,12.3,0.0,37,0.0,19.1,92,-19.08836479606473,0.6665803870177683
2022-02-05 20:00:00,15.9,78,12.1,0.0,40,0.0,18.4,89,-18.3971975908776,-0.3211242784460182
2022-02-05 21:00:00,15.6,80,12.1,0.0,84,0.0,17.3,90,-17.3,-1.0593194812624606e-15
2022-02-05 22:00:00,15.5,80,12.1,0.0,96,0.0,15.5,90,-15.5,-9.491012693391988e-16
2022-02-05 23:00:00,15.3,81,12.1,0.0,100,0.0,13.3,90,-13.3,-8.1439012143299e-16
2022-02-06 00:00:00,15.3,81,12.2,0.0,78,0.0,13.0,90,-13.0,-7.960204194457795e-16
2022-02-06 01:00:00,15.3,82,12.2,0.0,68,0.0,13.3,88,-13.291897999353974,-0.4641633061432644
2022-02-06 02:00:00,15.4,82,12.3,0.0,54,0.0,13.0,87,-12.98218395180946,-0.6803674311582716
2022-02-06 03:00:00,15.3,82,12.3,0.0,47,0.0,13.4,85,-13.34900895442939,-1.167886952818619
2022-02-06 04:00:00,15.2,83,12.3,0.0,47,0.0,14.8,86,-14.763947943845398,-1.0323958114130536
2022-02-06 05:00:00,15.1,84,12.3,0.0,47,0.0,16.0,82,-15.844289099865126,-2.2267696153610474
2022-02-06 06:00:00,14.9,85,12.4,0.0,20,0.0,17.4,84,-17.304680979407955,-1.81879526085717
2022-02-06 07:00:00,14.9,85,12.5,0.0,11,1.0,17.1,82,-16.933583975480854,-2.3798600264171195
2022-02-06 08:00:00,15.8,83,12.9,0.0,8,61.0,18.4,84,-18.299202874776228,-1.923323724124824
2022-02-06 09:00:00,17.4,76,13.1,0.0,9,221.0,20.2,86,-20.15079381524845,-1.4090807696313297
2022-02-06 10:00:00,18.8,69,13.1,0.0,14,391.0,20.2,88,-20.18769470578573,-0.7049698333905218
2022-02-06 11:00:00,19.8,66,13.3,0.0,11,539.0,18.7,89,-18.697151899424515,-0.3263600003772032
2022-02-06 12:00:00,20.5,64,13.4,0.0,23,663.0,17.0,95,-16.935309867559674,1.48164762671019
2022-02-06 13:00:00,20.8,63,13.5,0.0,35,638.0,18.4,101,-18.061940175437016,3.510885514928424
2022-02-06 14:00:00,20.6,63,13.4,0.0,35,453.0,21.6,101,-21.203147162469545,4.121474300133368
2022-02-06 15:00:00,19.9,62,12.5,0.0,25,340.0,23.1,95,-23.012097525919323,2.0132976574709054
2022-02-06 16:00:00,19.5,64,12.5,0.0,18,245.0,22.7,90,-22.7,-1.389974117032246e-15
2022-02-06 17:00:00,18.7,68,12.8,0.0,12,108.0,20.2,91,-20.196923442159104,0.3525386100331262
2022-02-06 18:00:00,17.6,73,12.8,0.0,12,15.0,19.5,92,-19.488121126872368,0.6805401856987686
2022-02-06 19:00:00,16.9,78,12.9,0.0,13,0.0,18.1,84,-18.000846306165748,-1.891965185144528
2022-02-06 20:00:00,16.6,79,13.0,0.0,29,0.0,15.2,85,-15.142159410994532,-1.3247672897644036
2022-02-06 21:00:00,16.3,82,13.2,0.0,27,0.0,13.0,88,-12.992080751248244,-0.453693457132514
2022-02-06 22:00:00,16.0,85,13.4,0.0,20,0.0,11.9,93,-11.88369146357943,0.6227978792910317
2022-02-06 23:00:00,15.7,87,13.5,0.0,15,0.0,11.9,93,-11.88369146357943,0.6227978792910317
2022-02-07 00:00:00,15.5,89,13.7,0.0,16,0.0,10.8,92,-10.793420931806237,0.3769145643870103
2022-02-07 01:00:00,15.2,90,13.7,0.0,13,0.0,10.1,94,-10.075396907624224,0.7045403848156658
2022-02-07 02:00:00,15.0,92,13.7,0.0,16,0.0,10.5,96,-10.44247990136687,1.0975488643103624
2022-02-07 03:00:00,15.3,91,13.8,0.0,15,0.0,10.8,94,-10.773691742806102,0.7533699164365536
2022-02-07 04:00:00,15.2,92,13.9,0.0,17,0.0,10.4,92,-10.393664600998596,0.3629547657060099
2022-02-07 05:00:00,15.1,92,13.9,0.0,17,0.0,9.0,90,-9.0,-5.51091059616309e-16
2022-02-07 06:00:00,15.0,93,13.8,0.0,50,0.0,9.0,95,-8.96575228282571,0.7844016847289241
2022-02-07 07:00:00,14.9,93,13.9,0.0,52,1.0,10.1,92,-10.093847352892867,0.3524849166952596
2022-02-07 08:00:00,16.4,90,14.7,0.0,47,65.0,8.8,81,-8.691657397237213,-1.3766232923540322
2022-02-07 09:00:00,18.9,79,15.2,0.0,33,181.0,3.7,119,-3.236092916415765,1.793795594911447
2022-02-07 10:00:00,20.0,73,15.1,0.0,31,269.0,7.6,183,0.3977532674463711,7.589584464134761
2022-02-07 11:00:00,20.7,72,15.4,0.0,36,197.0,10.6,190,1.8406706832694628,10.438962181929403
2022-02-07 12:00:00,21.2,71,15.8,0.0,45,190.0,9.8,197,2.8652427062828205,9.371786608437748
2022-02-07 13:00:00,21.8,70,16.2,0.0,100,127.0,10.3,205,4.352968095929203,9.334970206477497
2022-02-07 14:00:00,22.5,69,16.6,0.0,100,282.0,10.4,182,0.3629547657060094,10.393664600998596
2022-02-07 15:00:00,21.9,73,16.8,0.0,71,155.0,10.9,153,-4.948496447161061,9.71197111365321
2022-02-07 16:00:00,21.2,76,16.9,0.2,57,110.0,11.2,138,-7.494262791219213,8.323222045346814
2022-02-07 17:00:00,20.3,80,16.8,0.1,49,81.0,14.5,125,-11.87770464219038,8.31685832709017
2022-02-07 18:00:00,18.9,85,16.3,0.1,100,8.0,21.0,106,-20.186495614704697,5.78838447215698
2022-02-07 19:00:00,17.7,88,15.6,0.3,100,0.0,28.8,90,-28.8,-1.7634913907721889e-15
2022-02-07 20:00:00,17.0,89,15.2,0.7,100,0.0,32.1,86,-32.02180601334036,-2.23918280718642
2022-02-07 21:00:00,16.6,89,14.8,0.6,100,0.0,34.6,91,-34.59473025241114,0.6038532627300083
2022-02-07 22:00:00,16.3,90,14.7,1.2,100,0.0,30.0,77,-29.231101943557057,-6.748531630315948
2022-02-07 23:00:00,16.2,90,14.5,1.3,100,0.0,24.7,82,-24.459621297916787,-3.4375755937136168
2022-02-08 00:00:00,16.3,87,14.1,1.4,100,0.0,23.4,90,-23.4,-1.4328367550024029e-15
2022-02-08 01:00:00,16.7,84,14.1,1.8,100,0.0,22.7,88,-22.686171773333477,-0.7922185751467745
2022-02-08 02:00:00,17.0,83,14.1,1.8,100,0.0,21.0,85,-20.920088659926652,-1.830270597700821
2022-02-08 03:00:00,17.7,80,14.3,0.0,100,0.0,22.0,88,-21.986598194420107,-0.7677889274550238
2022-02-08 04:00:00,17.5,82,14.3,0.0,73,0.0,23.8,90,-23.8,-1.4573296909853504e-15
2022-02-08 05:00:00,17.1,83,14.2,0.0,59,0.0,24.2,93,-24.166834741060686,1.266530141079241
2022-02-08 06:00:00,16.8,84,14.0,0.0,51,0.0,24.2,95,-24.10791169382024,2.109168974493329
2022-02-08 07:00:00,16.7,84,14.0,0.1,50,1.0,23.3,98,-23.07324600167859,3.242733252369523
2022-02-08 08:00:00,17.1,84,14.3,0.2,53,58.0,22.8,96,-22.67509921439663,2.3832489625025013
2022-02-08 09:00:00,17.8,81,14.6,0.5,54,169.0,22.0,93,-21.969849764600625,1.1513910373447644
2022-02-08 10:00:00,18.4,79,14.7,0.9,53,262.0,21.6,92,-21.58684186361247,0.7538291287740206
2022-02-08 11:00:00,18.9,78,14.9,0.9,52,328.0,20.5,90,-20.5,-1.255262969126037e-15
2022-02-08 12:00:00,19.5,75,15.1,0.5,38,397.0,19.4,90,-19.4,-1.1879073951729326e-15
2022-02-08 13:00:00,20.4,71,14.9,0.1,19,479.0,18.9,98,-18.71606649921568,2.630371608145235
2022-02-08 14:00:00,20.9,69,14.9,0.0,47,516.0,19.3,99,-19.06238497348616,3.019185175276455
2022-02-08 15:00:00,20.9,69,15.1,0.0,47,268.0,19.4,100,-19.105270408436837,3.368774646738448
2022-02-08 16:00:00,20.3,70,14.6,0.0,13,226.0,19.8,100,-19.49919350964172,3.43823391780522
2022-02-08 17:00:00,19.3,72,14.2,0.0,8,119.0,18.1,103,-17.63609817261276,4.071614083623958
2022-02-08 18:00:00,18.1,76,13.7,0.0,20,12.0,18.2,104,-17.659382218223136,4.402978499913954
2022-02-08 19:00:00,17.3,78,13.4,0.0,35,0.0,18.6,100,-18.31742420602707,3.229856104604904
2022-02-08 20:00:00,16.9,79,13.3,0.0,41,0.0,17.0,95,-16.935309867559674,1.48164762671019
2022-02-08 21:00:00,16.8,80,13.3,0.0,51,0.0,16.0,99,-15.803013449522204,2.502951440643693
2022-02-08 22:00:00,16.8,80,13.4,0.0,52,0.0,15.1,102,-14.770028771080463,3.139466531348166
2022-02-08 23:00:00,16.8,81,13.6,0.1,52,0.0,13.6,102,-13.302807369979757,2.827598995121527
2022-02-09 00:00:00,16.8,82,13.7,0.1,54,0.0,11.9,104,-11.54651914268436,2.8788705576360467
2022-02-09 01:00:00,16.7,84,13.9,0.0,52,0.0,10.9,107,-10.423721839997087,3.1868515814778298
2022-02-09 02:00:00,16.8,84,14.1,0.1,48,0.0,12.3,111,-11.483039245915585,4.4079257794071935
2022-02-09 03:00:00,16.4,87,14.3,0.1,55,0.0,12.4,107,-11.85817897394164,3.625409138561935
2022-02-09 04:00:00,16.5,87,14.4,0.1,60,0.0,11.9,104,-11.54651914268436,2.8788705576360467
2022-02-09 05:00:00,16.6,88,14.5,0.0,60,0.0,11.7,101,-11.485038046337667,2.232465245905574
2022-02-09 06:00:00,16.5,88,14.5,0.1,40,0.0,12.8,101,-12.5648279481301,2.4423551408197737
2022-02-09 07:00:00,16.2,90,14.6,0.0,39,1.0,14.3,100,-14.082750868074577,2.483168940637104
2022-02-09 08:00:00,17.0,90,15.3,0.1,42,54.0,16.5,101,-16.196848526886455,3.148348423712989
2022-02-09 09:00:00,17.9,87,15.6,0.3,46,170.0,18.2,99,-17.975927798831506,2.847107263732201
2022-02-09 10:00:00,18.7,81,15.4,0.4,37,241.0,17.7,92,-17.689217638237995,0.6177210916342669
2022-02-09 11:00:00,19.6,77,15.4,0.3,32,328.0,14.8,91,-14.79774588831459,0.2582956152717954
2022-02-09 12:00:00,20.7,74,15.9,0.4,20,411.0,13.6,102,-13.302807369979757,2.827598995121527
2022-02-09 13:00:00,21.8,71,16.2,0.0,30,447.0,14.4,112,-13.35144750576174,5.394334945189134
2022-02-09 14:00:00,22.2,69,16.4,0.0,22,401.0,14.0,113,-12.887067948334163,5.470235798849833
2022-02-09 15:00:00,22.2,70,16.4,0.0,17,450.0,15.2,112,-14.093194589415168,5.694020219921863
2022-02-09 16:00:00,21.4,72,16.3,0.0,15,306.0,18.6,108,-17.68965120308986,5.747716095374021
2022-02-09 17:00:00,20.3,76,16.0,0.0,11,119.0,17.2,100,-16.938693351809977,2.9867486558712013
2022-02-09 18:00:00,18.9,81,15.6,0.0,3,17.0,16.2,93,-16.177798463024097,0.8478424911356902
2022-02-09 19:00:00,18.0,85,15.4,0.0,4,0.0,18.2,99,-17.975927798831506,2.847107263732201
2022-02-09 20:00:00,17.3,87,15.2,0.0,12,0.0,21.0,102,-20.54109961540992,4.366145507172946
2022-02-09 21:00:00,16.9,89,15.1,0.0,31,0.0,19.4,100,-19.105270408436837,3.368774646738448
2022-02-09 22:00:00,16.5,92,15.2,0.0,31,0.0,19.1,102,-18.68261917401569,3.971113294619204
2022-02-09 23:00:00,16.4,93,15.2,0.0,22,0.0,19.5,102,-19.07387821430921,4.054277970946307
2022-02-10 00:00:00,16.3,92,15.0,0.0,26,0.0,17.4,97,-17.270303038559003,2.120526575249564
2022-02-10 01:00:00,16.3,92,15.0,0.0,48,0.0,15.5,95,-15.441017820422056,1.3509140125887027
2022-02-10 02:00:00,16.3,91,14.8,0.0,58,0.0,16.1,100,-15.855404823496553,2.795735660437578
2022-02-10 03:00:00,16.4,91,14.9,0.0,55,0.0,18.9,99,-18.667309637248103,2.9566113892603623
2022-02-10 04:00:00,16.3,92,14.9,0.0,44,0.0,18.7,91,-18.697151899424515,0.326360000377201
2022-02-10 05:00:00,16.3,91,14.8,0.0,21,0.0,17.6,91,-17.59731943475249,0.3071623532961892
2022-02-10 06:00:00,16.2,91,14.8,0.0,14,0.0,17.3,95,-17.234168276987198,1.5077943495344874
2022-02-10 07:00:00,16.2,92,15.0,0.0,19,1.0,18.0,92,-17.989034886343724,0.6281909406450172
2022-02-10 08:00:00,17.2,87,15.1,0.0,21,54.0,19.5,92,-19.488121126872368,0.6805401856987686
2022-02-10 09:00:00,19.0,78,15.0,0.0,15,209.0,19.9,86,-19.8515246001705,-1.388153827508092
2022-02-10 10:00:00,20.4,72,15.3,0.0,2,396.0,18.0,90,-18.0,-1.102182119232618e-15
2022-02-10 11:00:00,21.4,70,15.6,0.0,2,527.0,18.6,100,-18.31742420602707,3.229856104604904
2022-02-10 12:00:00,21.9,68,15.8,0.0,5,644.0,19.4,100,-19.105270408436837,3.368774646738448
2022-02-10 13:00:00,22.3,67,15.8,0.0,1,671.0,18.4,96,-18.299202874776228,1.923323724124825
2022-02-10 14:00:00,22.5,66,15.8,0.0,1,634.0,16.6,94,-16.55956323431308,1.1579574641524806
2022-02-10 15:00:00,22.6,66,15.8,0.0,0,522.0,16.7,96,-16.608515652650162,1.7456253365698142
2022-02-10 16:00:00,22.1,67,15.7,0.0,0,347.0,16.9,92,-16.889704976622717,0.5898014942722661
2022-02-10 17:00:00,21.2,72,15.9,0.0,0,153.0,13.7,88,-13.691654330161612,-0.4781231048242648
2022-02-10 18:00:00,19.8,78,15.8,0.0,0,20.0,11.3,97,-11.21577151354694,1.3771235804781654
2022-02-10 19:00:00,18.6,84,15.8,0.0,0,0.0,11.4,103,-11.107818738551682,2.564442019520061
2022-02-10 20:00:00,17.8,88,15.7,0.0,0,0.0,13.0,104,-12.613844441587954,3.144984642795681
2022-02-10 21:00:00,17.3,89,15.5,0.0,0,0.0,14.2,97,-14.094155353306771,1.7305446763530925
2022-02-10 22:00:00,17.0,90,15.3,0.0,0,0.0,12.3,93,-12.283143277481258,0.6437322617882093
2022-02-10 23:00:00,16.8,91,15.2,0.0,2,0.0,9.4,92,-9.3942737739795,0.328055269003509
2022-02-11 00:00:00,16.6,91,15.1,0.0,5,0.0,8.8,99,-8.691657397237213,1.3766232923540314
2022-02-11 01:00:00,16.4,92,15.1,0.0,2,0.0,8.1,103,-7.892397524760405,1.8221035401853067
2022-02-11 02:00:00,16.3,93,15.1,0.0,12,0.0,8.1,103,-7.892397524760405,1.8221035401853067
2022-02-11 03:00:00,16.1,94,15.1,0.0,6,0.0,10.8,105,-10.431998923921938,2.7952456871072253
2022-02-11 04:00:00,16.0,94,15.1,0.0,13,0.0,13.5,99,-13.33379259803436,2.111865278043116
2022-02-11 05:00:00,16.0,94,15.1,0.0,18,0.0,14.8,93,-14.779717114367694,0.7745721523955689
2022-02-11 06:00:00,15.9,95,15.1,0.0,15,0.0,15.9,95,-15.839495699658755,1.385776309687766
2022-02-11 07:00:00,15.9,96,15.2,0.0,11,1.0,16.2,93,-16.177798463024097,0.8478424911356902
2022-02-11 08:00:00,17.1,92,15.8,0.0,13,67.0,16.3,96,-16.210706894502856,1.703813951262753
2022-02-11 09:00:00,19.1,85,16.4,0.0,6,205.0,16.7,97,-16.575520732410077,2.0352180348659608
2022-02-11 10:00:00,20.6,79,16.8,0.0,2,402.0,16.3,98,-16.141369520487597,2.2685215456490653
2022-02-11 11:00:00,21.9,73,16.9,0.0,1,565.0,16.4,99,-16.19808878576026,2.565525226659785
2022-02-11 12:00:00,22.9,70,17.1,0.0,1,672.0,16.9,101,-16.58949940026552,3.224672021863607
2022-02-11 13:00:00,23.6,67,17.0,0.0,0,670.0,16.5,101,-16.196848526886455,3.148348423712989
2022-02-11 14:00:00,23.8,66,17.1,0.0,0,634.0,16.5,101,-16.196848526886455,3.148348423712989
2022-02-11 15:00:00,22.8,70,17.0,0.0,0,481.0,17.9,100,-17.628058778918522,3.1083023802380523
2022-02-11 16:00:00,22.2,72,16.9,0.0,0,333.0,18.4,96,-18.299202874776228,1.923323724124825
2022-02-11 17:00:00,21.3,76,16.9,0.0,0,150.0,17.0,94,-16.958588854417012,1.1858600536501307
2022-02-11 18:00:00,19.7,83,16.7,0.0,0,19.0,17.0,96,-16.906872221260645,1.7769838755501104
2022-02-11 19:00:00,18.7,87,16.6,0.0,3,0.0,16.9,92,-16.889704976622717,0.5898014942722661
2022-02-11 20:00:00,18.1,91,16.6,0.0,5,0.0,15.5,90,-15.5,-9.491012693391988e-16
2022-02-11 21:00:00,17.8,92,16.5,0.0,9,0.0,14.4,91,-14.397806810252035,0.2513146526968821
2022-02-11 22:00:00,17.5,94,16.4,0.0,16,0.0,14.4,91,-14.397806810252035,0.2513146526968821
2022-02-11 23:00:00,17.3,94,16.4,0.0,32,0.0,13.3,90,-13.3,-8.1439012143299e-16
2022-02-12 00:00:00,17.3,95,16.5,0.0,32,0.0,12.6,92,-12.592324420440606,0.439733658451512
2022-02-12 01:00:00,17.2,96,16.5,0.0,28,0.0,11.5,94,-11.47198657798798,0.8021994480574413
2022-02-12 02:00:00,16.9,96,16.3,0.0,15,0.0,11.2,96,-11.13864522812466,1.1707187885977195
2022-02-12 03:00:00,16.7,95,15.9,0.0,14,0.0,12.4,100,-12.21161613735138,2.153237403069936
2022-02-12 04:00:00,16.5,97,16.0,0.0,14,0.0,15.3,99,-15.111631611105608,2.3934473151155315
2022-02-12 05:00:00,16.5,98,16.1,0.0,19,0.0,17.0,96,-16.906872221260645,1.7769838755501104
2022-02-12 06:00:00,16.4,98,16.1,0.0,25,0.0,17.6,101,-17.276638428678886,3.3582383186271887
2022-02-12 07:00:00,16.4,98,16.1,0.0,45,1.0,17.4,97,-17.270303038559003,2.120526575249564
2022-02-12 08:00:00,17.4,94,16.5,0.0,41,70.0,20.5,93,-20.471905462468765,1.0728871029803488
2022-02-12 09:00:00,19.2,85,16.5,0.0,33,200.0,21.2,91,-21.19677113731549,0.3699910164704097
2022-02-12 10:00:00,20.7,75,16.1,0.0,21,411.0,22.0,93,-21.969849764600625,1.1513910373447644
2022-02-12 11:00:00,21.8,70,16.1,0.0,17,559.0,21.3,93,-21.270809090272422,1.1147558679747038
2022-02-12 12:00:00,22.3,68,16.2,0.0,8,662.0,20.9,93,-20.871357276370592,1.093821485477526
2022-02-12 13:00:00,22.6,68,16.3,0.0,8,643.0,22.1,96,-21.97893388763884,2.3100790382151435
2022-02-12 14:00:00,22.6,67,16.2,0.0,6,593.0,23.9,95,-23.80905328439272,2.0830222516690315
2022-02-12 15:00:00,22.1,70,16.3,0.0,4,438.0,23.8,92,-23.78550168305448,0.8306080215195227
2022-02-12 16:00:00,21.5,72,16.2,0.0,4,291.0,22.0,91,-21.99664929344061,0.3839529416202365
2022-02-12 17:00:00,20.6,76,16.2,0.0,10,145.0,20.2,94,-20.15079381524845,1.4090807696313317
2022-02-12 18:00:00,19.3,81,16.0,0.0,8,21.0,19.1,93,-19.07382411381236,0.9996167642402276
2022-02-12 19:00:00,18.4,85,15.9,0.0,14,0.0,16.6,91,-16.597471739596095,0.2897099468589057
2022-02-12 20:00:00,18.1,87,15.9,0.0,14,0.0,13.8,97,-13.697136892650246,1.6817969389910337
2022-02-12 21:00:00,17.7,89,16.0,0.0,16,0.0,13.1,99,-12.938717261796304,2.049291492027024
2022-02-12 22:00:00,17.6,90,15.9,0.0,16,0.0,12.5,102,-12.226845009172573,2.598896135221992
2022-02-12 23:00:00,17.4,91,15.9,0.0,20,0.0,12.1,102,-11.835585968879048,2.515731458894888
2022-02-13 00:00:00,17.2,92,15.9,0.0,14,0.0,12.1,100,-11.916173811447717,2.101142949769857
2022-02-13 01:00:00,17.1,93,15.9,0.0,17,0.0,12.7,98,-12.576404473017943,1.7674983821928298
2022-02-13 02:00:00,17.1,93,15.9,0.0,26,0.0,12.3,93,-12.283143277481258,0.6437322617882093
2022-02-13 03:00:00,16.9,92,15.6,0.0,46,0.0,12.3,93,-12.283143277481258,0.6437322617882093
2022-02-13 04:00:00,17.0,92,15.7,0.0,57,0.0,13.4,95,-13.34900895442939,1.1678869528186204
2022-02-13 05:00:00,17.1,92,15.8,0.0,59,0.0,13.0,93,-12.98218395180946,0.6803674311582699
2022-02-13 06:00:00,17.2,91,15.8,0.0,56,0.0,13.7,93,-13.68122462613766,0.7170026005283306
2022-02-13 07:00:00,17.3,91,15.9,0.0,59,1.0,9.4,90,-9.4,-5.755839955992562e-16
2022-02-13 08:00:00,18.3,89,16.5,0.0,52,43.0,7.3,99,-7.210124886344506,1.1419715947936848
2022-02-13 09:00:00,20.0,84,17.1,0.5,55,112.0,7.7,118,-6.798696465013737,3.61493103345136
2022-02-13 10:00:00,21.3,78,17.3,0.0,63,242.0,7.0,111,-6.535062985480412,2.5085756468171017
2022-02-13 11:00:00,21.9,75,17.3,0.0,53,262.0,5.3,118,-4.679622242152313,2.4881992827652217
2022-02-13 12:00:00,22.2,74,17.5,0.2,52,365.0,9.4,137,-6.410784584587486,6.874724795220202
2022-02-13 13:00:00,22.4,73,17.4,0.0,70,408.0,13.0,124,-10.777488443215542,7.269507745119707
2022-02-13 14:00:00,22.0,74,17.1,0.1,61,220.0,16.6,108,-15.787538170499552,5.129682106624126
2022-02-13 15:00:00,21.6,77,17.4,0.0,91,207.0,19.4,100,-19.105270408436837,3.368774646738448
2022-02-13 16:00:00,20.8,80,17.1,0.0,100,71.0,19.1,93,-19.07382411381236,0.9996167642402276
2022-02-13 17:00:00,19.8,84,16.9,0.0,100,10.0,19.3,99,-19.06238497348616,3.019185175276455
2022-02-13 18:00:00,19.0,87,16.7,0.0,87,1.0,19.6,97,-19.453904572169915,2.3886391307408887
2022-02-13 19:00:00,18.4,88,16.4,0.3,98,0.0,19.6,97,-19.453904572169915,2.3886391307408887
2022-02-13 20:00:00,18.0,90,16.3,0.5,100,0.0,21.4,97,-21.24048764512429,2.6080039488701536
2022-02-13 21:00:00,17.6,91,16.1,0.5,96,0.0,21.0,96,-20.88495980273374,2.1950977286207247
2022-02-13 22:00:00,17.3,91,15.9,0.7,100,0.0,21.7,102,-21.225802935923586,4.511683690745378
2022-02-13 23:00:00,16.9,91,15.5,0.7,100,0.0,25.6,100,-25.21107847711253,4.445393348273416
2022-02-14 00:00:00,16.6,91,15.1,0.7,100,0.0,25.9,92,-25.88422241979458,0.9038969645947746
2022-02-14 01:00:00,16.6,90,15.0,0.7,100,0.0,23.0,89,-22.996496988597,-0.4014053480575227
2022-02-14 02:00:00,16.8,88,14.8,1.1,100,0.0,20.5,90,-20.5,-1.255262969126037e-15
2022-02-14 03:00:00,17.3,86,15.0,0.8,100,0.0,18.7,91,-18.697151899424515,0.326360000377201
2022-02-14 04:00:00,17.3,87,15.1,0.7,100,0.0,20.0,97,-19.850923032826444,2.437386868102948
2022-02-14 05:00:00,17.1,89,15.2,0.7,100,0.0,24.3,98,-24.06351407042016,3.381906353329588
2022-02-14 06:00:00,17.1,89,15.2,0.4,77,0.0,24.6,97,-24.41663533037653,2.997985847766625
2022-02-14 07:00:00,17.0,86,14.7,0.3,52,0.0,25.0,96,-24.863047384206837,2.613211581691339
2022-02-14 08:00:00,17.3,85,14.8,0.0,53,13.0,25.7,95,-25.60220374095786,2.2399025886148167
2022-02-14 09:00:00,17.8,83,14.8,0.0,39,54.0,26.7,92,-26.683735081409857,0.9318165619567756
2022-02-14 10:00:00,17.9,81,14.6,0.0,46,48.0,28.6,95,-28.491168365423924,2.4926542425830256
2022-02-14 11:00:00,18.4,77,14.4,0.0,55,171.0,30.3,95,-30.18469935217989,2.640819005254045
2022-02-14 12:00:00,18.3,77,14.2,0.1,65,167.0,29.6,93,-29.559434228735388,1.5491443047911375
2022-02-14 13:00:00,17.8,79,14.1,0.3,63,50.0,28.1,92,-28.082882239236596,0.9806758573402768
2022-02-14 14:00:00,18.0,78,14.2,0.1,62,43.0,24.5,91,-24.496268531331587,0.4275839577134452
2022-02-14 15:00:00,17.6,78,13.7,0.0,44,14.0,23.4,94,-23.342998776079884,1.6323014856125326
2022-02-14 16:00:00,18.0,76,13.6,0.0,23,121.0,23.8,94,-23.74202439618381,1.660204075110183
2022-02-14 17:00:00,17.8,75,13.3,0.0,22,97.0,21.7,96,-21.58112512949153,2.268267652908082
2022-02-14 18:00:00,17.1,77,13.0,0.0,29,13.0,17.9,99,-17.679621296652964,2.8001769242201315
2022-02-14 19:00:00,16.7,78,12.9,0.0,22,0.0,14.5,97,-14.39191919879917,1.7671054793746368
2022-02-14 20:00:00,16.2,81,12.8,0.0,18,0.0,13.1,99,-12.938717261796304,2.049291492027024
2022-02-14 21:00:00,15.8,82,12.7,0.0,32,0.0,12.3,105,-11.88088766335554,3.1834742547610064
2022-02-14 22:00:00,15.6,83,12.7,0.0,39,0.0,13.5,106,-12.977032895167303,3.7211043035294873
2022-02-14 23:00:00,15.5,83,12.6,0.0,56,0.0,14.1,103,-13.738617913471815,3.171809866248497
2022-02-15 00:00:00,15.4,83,12.5,0.0,62,0.0,14.0,102,-13.69406641027328,2.9107636714486307
2022-02-15 01:00:00,15.4,83,12.5,0.1,77,0.0,11.7,99,-11.555953584963111,1.8302832409707004
2022-02-15 02:00:00,15.3,84,12.5,0.0,100,0.0,9.8,98,-9.70462707366739,1.3638963894086409
2022-02-15 03:00:00,15.5,85,12.9,0.2,100,0.0,9.5,101,-9.325458242752807,1.812685456077176
2022-02-15 04:00:00,15.5,85,13.1,0.2,100,0.0,10.3,102,-10.0749202875582,2.141490415422921
2022-02-15 05:00:00,15.6,86,13.3,0.1,100,0.0,10.2,100,-10.04503908072452,1.771211412202689
2022-02-15 06:00:00,15.6,86,13.4,0.1,100,0.0,9.4,97,-9.329933825428428,1.1455718280083853
2022-02-15 07:00:00,15.7,86,13.4,0.2,100,1.0,10.2,98,-10.100734301164016,1.4195656297926664
2022-02-15 08:00:00,16.5,85,14.0,0.1,83,34.0,10.6,100,-10.438962181929403,1.8406706832694613
2022-02-15 09:00:00,17.3,82,14.1,0.1,83,84.0,10.6,108,-10.081199072728628,3.2755801403744416
2022-02-15 10:00:00,18.1,77,14.1,0.1,100,169.0,12.1,117,-10.78117894267925,5.493285046848516
2022-02-15 11:00:00,18.8,75,14.2,0.0,100,248.0,15.8,117,-14.077903082176212,7.173049895884839
2022-02-15 12:00:00,19.1,73,14.2,0.2,80,243.0,18.4,107,-17.596007509719854,5.379639366898354
2022-02-15 13:00:00,19.3,73,14.4,0.1,81,294.0,17.8,98,-17.626771623599954,2.4772811970891637
2022-02-15 14:00:00,19.4,73,14.4,0.2,90,187.0,17.4,96,-17.304680979407955,1.818795260857172
2022-02-15 15:00:00,18.8,75,14.2,0.1,91,126.0,17.3,92,-17.289461307430358,0.6037612929532665
2022-02-15 16:00:00,18.5,76,14.2,0.1,100,74.0,16.9,91,-16.89742604814301,0.2949456687900907
2022-02-15 17:00:00,18.0,79,14.4,0.1,100,46.0,15.9,94,-15.861268399131204,1.1091279325315928
2022-02-15 18:00:00,17.2,83,14.4,0.2,100,4.0,15.3,98,-15.151101451746028,2.129348444689
2022-02-15 19:00:00,16.6,86,14.2,0.3,100,0.0,15.7,101,-15.411546780128324,2.9957012274117534
2022-02-15 20:00:00,16.2,87,14.1,0.3,100,0.0,15.7,99,-15.506706947343664,2.456021101131624
2022-02-15 21:00:00,15.9,88,13.8,0.2,100,0.0,15.7,99,-15.506706947343664,2.456021101131624
2022-02-15 22:00:00,15.7,89,13.9,0.2,100,0.0,16.0,99,-15.803013449522204,2.502951440643693
2022-02-15 23:00:00,15.5,90,13.9,0.2,100,0.0,15.9,96,-15.812898136355546,1.6620025659556916
2022-02-16 00:00:00,15.5,90,13.9,0.2,100,0.0,15.9,94,-15.861268399131204,1.1091279325315928
2022-02-16 01:00:00,15.4,90,13.8,0.2,100,0.0,16.2,93,-16.177798463024097,0.8478424911356902
2022-02-16 02:00:00,15.4,90,13.8,0.2,100,0.0,15.8,90,-15.8,-9.67470971326409e-16
2022-02-16 03:00:00,15.6,90,13.9,0.2,85,0.0,15.5,91,-15.497639274924063,0.2705122997778938
2022-02-16 04:00:00,15.5,89,13.8,0.0,58,0.0,15.9,94,-15.861268399131204,1.1091279325315928
2022-02-16 05:00:00,15.5,89,13.7,0.0,30,0.0,15.9,94,-15.861268399131204,1.1091279325315928
2022-02-16 06:00:00,15.4,89,13.6,0.0,12,0.0,17.0,96,-16.906872221260645,1.7769838755501104
2022-02-16 07:00:00,15.4,89,13.6,0.0,7,2.0,15.9,96,-15.812898136355546,1.6620025659556916
2022-02-16 08:00:00,16.3,87,14.1,0.0,4,85.0,17.0,94,-16.958588854417012,1.1858600536501307
2022-02-16 09:00:00,17.8,81,14.5,0.0,5,240.0,16.9,88,-16.889704976622717,-0.5898014942722682
2022-02-16 10:00:00,19.5,73,14.6,0.0,1,450.0,15.1,89,-15.097700196861508,-0.2635313372029823
2022-02-16 11:00:00,20.8,68,14.7,0.0,0,583.0,15.6,97,-15.483719965604624,1.9011617571202988
2022-02-16 12:00:00,21.6,65,14.9,0.0,0,687.0,16.0,98,-15.844289099865126,2.2267696153610457
2022-02-16 13:00:00,22.1,64,15.0,0.0,0,712.0,13.8,99,-13.630099100212902,2.158795617555185
2022-02-16 14:00:00,22.3,63,14.9,0.0,0,655.0,15.2,104,-14.748495039395143,3.67721281311495
2022-02-16 15:00:00,21.8,65,15.0,0.0,0,522.0,16.8,100,-16.544770250605094,2.917289384804429
2022-02-16 16:00:00,21.3,67,15.0,0.0,1,333.0,16.3,96,-16.210706894502856,1.703813951262753
2022-02-16 17:00:00,20.5,71,15.1,0.0,2,160.0,13.0,96,-12.928784639787551,1.3588700224794965
2022-02-16 18:00:00,19.3,76,15.0,0.0,0,24.0,10.9,107,-10.423721839997087,3.1868515814778298
2022-02-16 19:00:00,18.1,82,14.9,0.0,2,0.0,11.4,101,-11.19054989130337,2.175222547292611
2022-02-16 20:00:00,17.2,85,14.7,0.0,4,0.0,12.3,95,-12.253194786528471,1.0720156357961963
2022-02-16 21:00:00,16.7,87,14.6,0.0,2,0.0,10.9,96,-10.84028865951418,1.1393602496174238
2022-02-16 22:00:00,16.3,88,14.4,0.0,5,0.0,10.1,96,-10.04467114321956,1.055737479003301
2022-02-16 23:00:00,16.1,90,14.4,0.0,4,0.0,9.8,98,-9.70462707366739,1.3638963894086409
2022-02-17 00:00:00,15.8,91,14.3,0.0,3,0.0,10.1,96,-10.04467114321956,1.055737479003301
2022-02-17 01:00:00,15.6,92,14.2,0.0,2,0.0,10.4,88,-10.393664600998596,-0.3629547657060112
2022-02-17 02:00:00,15.3,93,14.1,0.0,4,0.0,9.4,86,-9.377102072442348,-0.6557108531947772
2022-02-17 03:00:00,15.3,92,13.9,0.0,3,0.0,9.4,92,-9.3942737739795,0.328055269003509
2022-02-17 04:00:00,15.2,93,14.0,0.0,12,0.0,10.9,98,-10.793921949283115,1.5169868004647125
2022-02-17 05:00:00,15.1,93,13.9,0.0,29,0.0,10.1,88,-10.093847352892867,-0.3524849166952609
2022-02-17 06:00:00,15.1,93,14.0,0.0,45,0.0,8.0,82,-7.922144549932563,-1.1133848076805235
2022-02-17 07:00:00,15.4,93,14.3,0.0,50,1.0,10.6,114,-9.683581851011567,4.3114084166034825
2022-02-17 08:00:00,16.7,89,15.0,0.0,53,16.0,13.6,107,-13.005744681097283,3.976255184229218
2022-02-17 09:00:00,18.5,82,15.4,0.0,63,109.0,12.3,85,-12.253194786528471,-1.0720156357961952
2022-02-17 10:00:00,19.4,76,15.2,0.0,45,83.0,9.0,88,-8.994517443171862,-0.3140954703225097
2022-02-17 11:00:00,20.9,71,15.5,0.0,60,308.0,11.6,116,-10.426010937070336,5.085105302753299
2022-02-17 12:00:00,21.5,70,15.8,0.0,91,352.0,14.6,123,-12.24459029200319,7.951729911219395
2022-02-17 13:00:00,20.8,72,15.5,0.0,72,122.0,14.8,104,-14.360376748884748,3.5804440548750835
2022-02-17 14:00:00,20.2,74,15.4,0.0,75,11.0,13.7,88,-13.691654330161612,-0.4781231048242648
2022-02-17 15:00:00,19.6,77,15.5,0.0,100,11.0,14.9,98,-14.7549942242494,2.0736792043049737
2022-02-17 16:00:00,19.2,79,15.5,0.0,95,25.0,16.4,99,-16.19808878576026,2.565525226659785
2022-02-17 17:00:00,18.9,81,15.6,0.0,96,6.0,15.9,93,-15.878209602597725,0.8321417042628071
2022-02-17 18:00:00,18.6,83,15.6,0.0,93,0.0,16.2,86,-16.16053761420915,-1.130054874654829
2022-02-17 19:00:00,18.5,84,15.7,0.0,72,0.0,15.9,85,-15.839495699658755,-1.3857763096877644
2022-02-17 20:00:00,18.5,85,15.8,0.0,62,0.0,19.1,91,-19.097090977487078,0.3333409629521144
2022-02-17 21:00:00,18.4,85,15.9,0.0,62,0.0,22.3,87,-22.269438625027,-1.1670918242176505
2022-02-17 22:00:00,18.3,85,15.8,0.0,72,0.0,21.2,75,-20.477627517328248,-5.48696375617344
2022-02-17 23:00:00,18.3,85,15.7,0.1,90,0.0,19.1,70,-17.94812905701085,-6.532584737520275
2022-02-18 00:00:00,18.1,85,15.5,0.3,90,0.0,18.7,74,-17.975593714046564,-5.154418553777884
2022-02-18 01:00:00,17.7,89,15.8,0.4,89,0.0,17.1,72,-16.263066428647125,-5.284190603811602
2022-02-18 02:00:00,17.5,90,15.8,0.5,89,0.0,15.2,76,-14.748495039395143,-3.6772128131149486
2022-02-18 03:00:00,17.9,85,15.3,0.2,90,0.0,15.9,85,-15.839495699658755,-1.3857763096877644
2022-02-18 04:00:00,17.6,88,15.5,0.2,89,0.0,18.4,87,-18.37478343948416,-0.9629815948701688
2022-02-18 05:00:00,17.3,88,15.3,0.2,87,0.0,19.9,84,-19.79098571782864,-2.080116419026304
2022-02-18 06:00:00,17.1,87,15.0,0.1,92,0.0,19.4,90,-19.4,-1.1879073951729326e-15
2022-02-18 07:00:00,17.1,87,14.9,0.0,88,0.0,17.3,91,-17.29736512620557,0.3019266313650041
2022-02-18 08:00:00,17.5,86,15.1,0.0,64,20.0,17.0,94,-16.958588854417012,1.1858600536501307
2022-02-18 09:00:00,18.1,83,15.2,0.0,61,27.0,17.7,92,-17.689217638237995,0.6177210916342669
2022-02-18 10:00:00,19.1,79,15.5,0.0,44,129.0,15.9,86,-15.861268399131204,-1.1091279325315913
2022-02-18 11:00:00,20.4,75,15.8,0.0,25,279.0,14.8,96,-14.718924051450443,1.5470212563612726
2022-02-18 12:00:00,21.7,71,16.1,0.0,28,463.0,14.0,102,-13.69406641027328,2.9107636714486307
2022-02-18 13:00:00,22.4,68,16.3,0.0,29,526.0,11.6,106,-11.1506356728845,3.197393327477189
2022-02-18 14:00:00,22.3,69,16.4,0.0,29,506.0,15.5,112,-14.371349745785205,5.806402197946637
2022-02-18 15:00:00,21.5,72,16.3,0.0,32,431.0,18.8,102,-18.38917489379555,3.908739787373876
2022-02-18 16:00:00,21.0,73,16.1,0.0,36,284.0,18.7,92,-18.68860846525709,0.6526205883367678
2022-02-18 17:00:00,20.5,75,16.0,0.0,31,135.0,16.2,89,-16.197532661533536,-0.2827289842839943
2022-02-18 18:00:00,19.3,81,15.9,0.0,13,20.0,14.4,91,-14.397806810252035,0.2513146526968821
2022-02-18 19:00:00,18.4,85,15.8,0.0,15,0.0,16.7,97,-16.575520732410077,2.0352180348659608
2022-02-18 20:00:00,17.8,87,15.6,0.0,20,0.0,19.4,100,-19.105270408436837,3.368774646738448
2022-02-18 21:00:00,17.5,88,15.5,0.0,17,0.0,19.9,103,-19.38996428922618,4.476525981442914
2022-02-18 22:00:00,17.2,89,15.4,0.0,45,0.0,22.3,100,-21.96121289217224,3.872354361972546
2022-02-18 23:00:00,17.1,88,15.0,0.0,47,0.0,21.3,95,-21.21894706935418,1.8564173205251204
2022-02-19 00:00:00,17.0,87,14.8,0.0,80,0.0,21.0,97,-20.843469184467764,2.5592562115080946
2022-02-19 01:00:00,17.0,87,14.8,0.0,83,0.0,20.7,97,-20.545705338975367,2.5226954084865505
2022-02-19 02:00:00,17.1,86,14.7,0.0,84,0.0,21.8,99,-21.531605824974005,3.410271337877032
2022-02-19 03:00:00,17.1,87,15.0,0.0,86,0.0,21.8,98,-21.587843898566238,3.033973600929425
2022-02-19 04:00:00,17.0,88,15.0,0.0,93,0.0,20.8,99,-20.543917484378863,3.253836872836801
2022-02-19 05:00:00,17.0,89,15.1,0.2,89,0.0,20.9,101,-20.51600813405617,3.987908003369786
2022-02-19 06:00:00,17.0,89,15.2,0.1,55,0.0,18.8,102,-18.38917489379555,3.908739787373876
2022-02-19 07:00:00,17.1,90,15.4,0.3,52,1.0,21.0,103,-20.46177136048994,4.723972141221165
2022-02-19 08:00:00,17.1,89,15.4,0.5,52,10.0,23.2,103,-22.60538550301745,5.218864460777668
2022-02-19 09:00:00,17.8,86,15.4,0.0,56,49.0,22.9,98,-22.67713877418196,3.1870640119854965
2022-02-19 10:00:00,19.3,79,15.6,0.0,52,278.0,20.2,94,-20.15079381524845,1.4090807696313317
2022-02-19 11:00:00,20.3,75,15.8,0.0,49,433.0,22.2,103,-21.63101543823222,4.993913406433803
2022-02-19 12:00:00,20.7,72,15.5,0.0,63,507.0,23.9,96,-23.76907329930173,2.49823027209692
2022-02-19 13:00:00,20.3,72,15.1,0.0,62,347.0,21.3,95,-21.21894706935418,1.8564173205251204
2022-02-19 14:00:00,20.3,72,15.0,0.0,100,301.0,23.2,97,-23.027070718078672,2.827368766999419
2022-02-19 15:00:00,18.8,78,14.9,0.3,100,84.0,25.4,97,-25.21067225168958,3.095481322490743
2022-02-19 16:00:00,17.8,82,14.6,0.6,100,34.0,24.9,95,-24.805247982484463,2.17017799441669
2022-02-19 17:00:00,17.0,85,14.5,0.6,100,8.0,23.4,93,-23.367931113257026,1.224661376084886
2022-02-19 18:00:00,16.4,89,14.6,0.8,100,1.0,21.0,95,-20.920088659926652,1.830270597700823
2022-02-19 19:00:00,16.0,89,14.3,0.9,100,0.0,20.2,95,-20.12313290145326,1.7605460035026963
2022-02-19 20:00:00,15.8,89,14.0,1.0,100,0.0,21.3,96,-21.183316371344223,2.2264562676010207
2022-02-19 21:00:00,15.7,88,13.8,1.1,100,0.0,22.4,96,-22.27729045624932,2.3414375771954394
2022-02-19 22:00:00,15.4,88,13.5,1.3,100,0.0,25.3,96,-25.16140395281732,2.6445701206716348
2022-02-19 23:00:00,15.0,88,13.1,1.6,100,0.0,28.1,93,-28.061489926603524,1.470640370426722
2022-02-20 00:00:00,14.7,88,12.8,2.1,100,0.0,28.4,89,-28.395674542441512,-0.4956483428188541
2022-02-20 01:00:00,14.4,88,12.4,2.4,100,0.0,26.3,88,-26.28397875060222,-0.9178567632757784
2022-02-20 02:00:00,14.0,88,12.0,2.0,100,0.0,27.9,96,-27.747160880774825,2.916344125167534
2022-02-20 03:00:00,13.8,86,11.5,2.3,100,0.0,31.7,91,-31.6951719364576,0.5532412840618862
2022-02-20 04:00:00,13.6,87,11.5,0.9,100,0.0,25.7,84,-25.559212710964623,-2.686381505978694
2022-02-20 05:00:00,13.7,87,11.6,1.6,100,0.0,26.4,96,-26.25537803772241,2.759551430266053
2022-02-20 06:00:00,13.6,87,11.4,1.6,100,0.0,27.4,92,-27.383308660323223,0.956246209648526
2022-02-20 07:00:00,13.5,87,11.3,1.2,100,0.0,24.9,92,-24.884831592775484,0.8689974678922737
2022-02-20 08:00:00,13.7,85,11.2,1.1,100,2.0,28.1,94,-28.031549812301066,1.9601569122099216
2022-02-20 09:00:00,13.7,86,11.4,1.0,100,12.0,28.1,91,-28.0957202338946,0.4904126208876657
2022-02-20 10:00:00,13.7,86,11.4,1.0,100,29.0,29.2,94,-29.128870267586866,2.0368890333284595
2022-02-20 11:00:00,13.8,86,11.4,0.8,100,72.0,29.5,90,-29.5,-1.8063540287423458e-15
2022-02-20 12:00:00,13.4,85,11.0,0.6,100,3.0,28.4,89,-28.395674542441512,-0.4956483428188541
2022-02-20 13:00:00,13.8,81,10.6,0.4,100,91.0,25.9,91,-25.896055304550533,0.452017326725642
2022-02-20 14:00:00,13.9,80,10.5,0.4,100,11.0,26.3,92,-26.28397875060222,0.9178567632757751
2022-02-20 15:00:00,13.7,82,10.7,0.5,100,19.0,26.3,91,-26.29599438261309,0.4589982893005555
2022-02-20 16:00:00,13.5,83,10.7,0.4,100,6.0,27.8,93,-27.761901066177156,1.4549395835538388
2022-02-20 17:00:00,13.3,81,10.2,0.4,100,0.0,28.8,90,-28.8,-1.7634913907721889e-15
2022-02-20 18:00:00,13.2,81,10.1,0.3,100,0.0,25.2,88,-25.184648840881213,-0.8794673169030272
2022-02-20 19:00:00,13.3,81,10.1,0.2,87,0.0,21.6,90,-21.6,-1.3226185430791417e-15
2022-02-20 20:00:00,13.5,80,10.0,0.2,95,0.0,21.0,95,-20.920088659926652,1.830270597700823
2022-02-20 21:00:00,13.6,79,10.0,0.1,100,0.0,21.0,96,-20.88495980273374,2.1950977286207247
2022-02-20 22:00:00,13.7,78,10.0,0.1,100,0.0,21.3,93,-21.270809090272422,1.1147558679747038
2022-02-20 23:00:00,13.6,79,10.1,0.2,100,0.0,18.7,90,-18.7,-1.1450447572027753e-15
2022-02-21 00:00:00,13.7,81,10.4,0.3,100,0.0,16.6,95,-16.536831988322977,1.4467853296111268
2022-02-21 01:00:00,13.6,83,10.8,0.4,89,0.0,17.8,97,-17.667321499215532,2.1692743126116234
2022-02-21 02:00:00,13.8,83,11.0,0.3,94,0.0,18.4,90,-18.4,-1.1266750552155648e-15
2022-02-21 03:00:00,13.5,85,11.0,0.4,87,0.0,16.4,81,-16.19808878576026,-2.565525226659787
2022-02-21 04:00:00,13.6,85,11.2,0.2,100,0.0,13.0,90,-13.0,-7.960204194457795e-16
2022-02-21 05:00:00,14.0,84,11.3,0.2,100,0.0,14.9,98,-14.7549942242494,2.0736792043049737
2022-02-21 06:00:00,14.1,85,11.6,0.2,100,0.0,15.9,94,-15.861268399131204,1.1091279325315928
2022-02-21 07:00:00,14.1,86,11.8,0.3,100,0.0,16.9,89,-16.89742604814301,-0.2949456687900927
2022-02-21 08:00:00,14.3,86,12.0,1.3,98,0.0,16.6,95,-16.536831988322977,1.4467853296111268
2022-02-21 09:00:00,14.4,88,12.4,1.3,93,5.0,19.1,93,-19.07382411381236,0.9996167642402276
2022-02-21 10:00:00,14.9,87,12.7,1.4,91,31.0,18.8,86,-18.754204144884696,-1.3114217063895544
2022-02-21 11:00:00,15.2,86,12.9,1.1,100,0.0,15.5,91,-15.497639274924063,0.2705122997778938
2022-02-21 12:00:00,16.0,83,13.2,0.5,100,34.0,15.5,102,-15.161287811373988,3.2226312076752697
2022-02-21 13:00:00,16.4,80,12.9,0.2,97,14.0,15.1,102,-14.770028771080463,3.139466531348166
2022-02-21 14:00:00,16.7,79,13.0,0.2,95,9.0,14.2,99,-14.025174436450955,2.221369403571277
2022-02-21 15:00:00,17.0,77,12.8,0.8,98,42.0,15.1,102,-14.770028771080463,3.139466531348166
2022-02-21 16:00:00,16.6,79,12.9,0.7,87,4.0,17.0,103,-16.564291101349,3.824167923845706
2022-02-21 17:00:00,16.3,80,12.9,0.2,84,11.0,18.5,98,-18.319959271719053,2.574702367761209
2022-02-21 18:00:00,16.1,81,12.8,0.1,87,1.0,18.4,94,-18.355178524780765,1.283519116891906
2022-02-21 19:00:00,16.0,82,12.9,0.0,100,0.0,19.8,92,-19.787938374978097,0.6910100347095189
2022-02-21 20:00:00,16.0,83,13.1,0.0,100,0.0,19.8,91,-19.79698436409655,0.3455576474582129
2022-02-21 21:00:00,16.1,83,13.2,0.1,100,0.0,17.6,90,-17.6,-1.077689183249671e-15
2022-02-21 22:00:00,16.2,84,13.5,0.1,100,0.0,15.2,94,-15.162973563949327,1.060298400910705
2022-02-21 23:00:00,16.2,85,13.6,0.1,100,0.0,14.6,100,-14.378193193978236,2.5352633939371825
2022-02-22 00:00:00,16.2,86,13.8,0.1,100,0.0,16.7,104,-16.20393862880914,4.040095656514452
2022-02-22 01:00:00,16.2,86,13.9,0.1,100,0.0,20.8,99,-20.543917484378863,3.253836872836801
2022-02-22 02:00:00,16.3,86,14.0,0.1,100,0.0,20.9,91,-20.89681682876857,0.3647552945392246
2022-02-22 03:00:00,16.2,88,14.1,0.2,100,0.0,18.7,88,-18.68860846525709,-0.6526205883367702
2022-02-22 04:00:00,16.2,88,14.2,0.2,100,0.0,18.0,93,-17.975331625582328,0.9420472123729892
2022-02-22 05:00:00,16.2,88,14.2,0.1,100,0.0,17.5,98,-17.329691202977482,2.435529266801144
2022-02-22 06:00:00,16.3,88,14.3,0.1,98,0.0,15.3,98,-15.151101451746028,2.129348444689
2022-02-22 07:00:00,16.3,89,14.5,0.1,100,1.0,14.1,86,-14.06565310866352,-0.9835662797921656
2022-02-22 08:00:00,16.9,88,15.0,0.1,87,20.0,14.5,97,-14.39191919879917,1.7671054793746368
2022-02-22 09:00:00,17.9,85,15.4,0.1,74,58.0,16.0,98,-15.844289099865126,2.2267696153610457
2022-02-22 10:00:00,18.9,82,15.7,0.0,72,159.0,16.2,93,-16.177798463024097,0.8478424911356902
2022-02-22 11:00:00,19.6,79,15.8,0.0,62,153.0,14.8,87,-14.779717114367694,-0.7745721523955708
2022-02-22 12:00:00,19.9,77,15.8,0.0,64,146.0,12.6,92,-12.592324420440606,0.439733658451512
2022-02-22 13:00:00,19.9,76,15.5,0.0,67,213.0,14.8,108,-14.075636441168276,4.573451516749221
2022-02-22 14:00:00,18.9,80,15.4,0.1,65,15.0,19.1,102,-18.68261917401569,3.971113294619204
2022-02-22 15:00:00,18.7,82,15.6,0.0,67,88.0,18.8,93,-18.77423525338599,0.9839159773673444
2022-02-22 16:00:00,18.6,82,15.5,0.0,67,67.0,16.3,96,-16.210706894502856,1.703813951262753
2022-02-22 17:00:00,18.2,83,15.4,0.0,74,28.0,16.9,102,-16.530694452401313,3.5137075748201325
2022-02-22 18:00:00,17.5,86,15.1,0.4,68,5.0,19.6,97,-19.453904572169915,2.3886391307408887
2022-02-22 19:00:00,17.0,87,14.8,0.4,71,0.0,18.7,92,-18.68860846525709,0.6526205883367678
2022-02-22 20:00:00,16.5,89,14.8,0.7,73,0.0,19.5,92,-19.488121126872368,0.6805401856987686
2022-02-22 21:00:00,16.3,90,14.7,0.3,71,0.0,20.9,91,-20.89681682876857,0.3647552945392246
2022-02-22 22:00:00,16.1,91,14.7,0.5,64,0.0,22.1,96,-21.97893388763884,2.3100790382151435
2022-02-22 23:00:00,15.8,90,14.2,0.3,70,0.0,23.5,95,-23.41057540515602,2.0481599545699685
2022-02-23 00:00:00,15.6,90,14.0,0.4,83,0.0,23.8,93,-23.76738292715886,1.2455957585820634
2022-02-23 01:00:00,15.5,89,13.8,0.4,86,0.0,23.8,93,-23.76738292715886,1.2455957585820634
2022-02-23 02:00:00,15.3,90,13.6,0.7,100,0.0,23.9,95,-23.80905328439272,2.0830222516690315
2022-02-23 03:00:00,15.3,89,13.5,1.2,100,0.0,23.1,94,-23.04372956100194,1.6113745434892952
2022-02-23 04:00:00,15.3,89,13.5,1.7,100,0.0,22.8,96,-22.67509921439663,2.3832489625025013
2022-02-23 05:00:00,15.3,89,13.5,2.2,100,0.0,25.9,100,-25.506520803016187,4.497487801573494
2022-02-23 06:00:00,15.2,89,13.3,2.6,100,0.0,25.0,97,-24.81365379103305,3.0467335851286843
2022-02-23 07:00:00,15.3,88,13.3,2.7,100,1.0,26.4,96,-26.25537803772241,2.759551430266053
2022-02-23 08:00:00,15.6,88,13.5,2.6,100,15.0,29.4,98,-29.113881221002167,4.091689168225921
2022-02-23 09:00:00,15.8,87,13.6,2.5,100,15.0,31.0,93,-30.95751557739179,1.6224146435312592
2022-02-23 10:00:00,15.8,86,13.5,2.4,100,5.0,27.8,94,-27.732280597223117,1.939229970086684
2022-02-23 11:00:00,15.8,86,13.5,2.5,100,2.0,31.0,99,-30.61833855844927,4.849468416247155
2022-02-23 12:00:00,16.2,84,13.5,3.4,100,53.0,31.5,96,-31.32743970410061,3.292646592931087
2022-02-23 13:00:00,16.2,84,13.5,3.8,100,87.0,30.9,98,-30.599283324114523,4.300448819666019
2022-02-23 14:00:00,15.9,88,13.9,3.2,100,46.0,28.6,96,-28.443326207532618,2.989514049454892
2022-02-23 15:00:00,15.7,87,13.6,2.7,100,14.0,25.6,91,-25.596100996003617,0.446781604794457
2022-02-23 16:00:00,15.5,89,13.6,2.8,100,6.0,21.2,91,-21.19677113731549,0.3699910164704097
2022-02-23 17:00:00,15.4,89,13.5,2.3,100,3.0,22.8,96,-22.67509921439663,2.3832489625025013
2022-02-23 18:00:00,15.1,88,13.1,1.4,100,3.0,26.8,95,-26.69801790885878,2.335773905637241
2022-02-23 19:00:00,14.9,85,12.4,0.3,100,0.0,27.4,93,-27.36244925227532,1.4340052010566613
2022-02-23 20:00:00,15.1,83,12.2,0.0,100,0.0,26.4,95,-26.29954002962208,2.3009116085381773
2022-02-23 21:00:00,15.1,82,12.0,0.2,100,0.0,26.0,96,-25.857569279575102,2.717740044958993
2022-02-23 22:00:00,14.9,83,12.0,0.4,100,0.0,26.1,96,-25.957021469111933,2.728192891285758
2022-02-23 23:00:00,14.6,85,12.1,0.4,100,0.0,26.0,95,-25.901062150385386,2.2660493114391143
2022-02-24 00:00:00,14.6,83,11.8,0.2,100,0.0,25.6,94,-25.537639686651502,1.7857657278496086
2022-02-24 01:00:00,14.7,82,11.6,0.1,100,0.0,25.3,95,-25.203725861721164,2.205040291515753
2022-02-24 02:00:00,14.7,81,11.5,0.1,100,0.0,25.3,95,-25.203725861721164,2.205040291515753
2022-02-24 03:00:00,14.7,77,10.8,0.0,100,0.0,25.3,96,-25.16140395281732,2.6445701206716348
2022-02-24 04:00:00,14.7,77,10.7,0.0,100,0.0,24.6,96,-24.465238626059524,2.5714001963842774
2022-02-24 05:00:00,14.7,76,10.6,0.0,90,0.0,24.3,97,-24.118871484884128,2.961425044745081
2022-02-24 06:00:00,14.5,77,10.6,0.1,86,0.0,23.2,97,-23.027070718078672,2.827368766999419
2022-02-24 07:00:00,14.6,79,10.9,0.2,88,3.0,22.5,97,-22.332288411929746,2.742060226615816
2022-02-24 08:00:00,15.1,79,11.5,0.2,77,66.0,22.1,97,-21.93526995127322,2.6933124892537568
2022-02-24 09:00:00,16.1,77,12.0,0.2,66,210.0,22.1,97,-21.93526995127322,2.6933124892537568
2022-02-24 10:00:00,17.3,73,12.4,0.1,73,357.0,22.1,97,-21.93526995127322,2.6933124892537568
2022-02-24 11:00:00,18.1,71,12.8,0.1,88,404.0,21.5,99,-21.235299322795463,3.3633409983649627
2022-02-24 12:00:00,18.8,70,13.2,0.1,57,530.0,21.6,101,-21.203147162469545,4.121474300133368
2022-02-24 13:00:00,19.2,69,13.4,0.1,58,551.0,22.0,101,-21.59579803584861,4.197797898283985
2022-02-24 14:00:00,19.2,70,13.5,0.1,72,437.0,22.3,99,-22.02544999527157,3.488488570397147
2022-02-24 15:00:00,18.5,69,12.6,0.1,60,266.0,22.5,97,-22.332288411929746,2.742060226615816
2022-02-24 16:00:00,18.0,70,12.5,0.1,75,185.0,22.1,97,-21.93526995127322,2.6933124892537568
2022-02-24 17:00:00,17.2,73,12.4,0.1,64,103.0,21.1,98,-20.89465625044713,2.9365524302573798
2022-02-24 18:00:00,16.2,77,12.2,0.1,65,20.0,17.9,99,-17.679621296652964,2.8001769242201315
2022-02-24 19:00:00,15.6,79,12.0,0.2,70,0.0,18.1,96,-18.000846306165748,1.8919651851445292
2022-02-24 20:00:00,15.1,81,12.0,0.2,75,0.0,16.6,94,-16.55956323431308,1.1579574641524806
2022-02-24 21:00:00,14.9,83,12.0,0.2,75,0.0,15.6,97,-15.483719965604624,1.9011617571202988
2022-02-24 22:00:00,14.8,83,11.9,0.1,76,0.0,15.4,101,-15.117058625094026,2.93845852879879
2022-02-24 23:00:00,14.7,83,11.9,0.1,68,0.0,15.7,101,-15.411546780128324,2.9957012274117534
2022-02-25 00:00:00,14.6,84,11.9,0.1,73,0.0,16.4,99,-16.19808878576026,2.565525226659785
2022-02-25 01:00:00,14.5,84,11.8,0.1,62,0.0,15.6,97,-15.483719965604624,1.9011617571202988
2022-02-25 02:00:00,14.5,85,11.9,0.1,63,0.0,14.5,96,-14.420567482839962,1.5156627173809765
2022-02-25 03:00:00,14.5,83,11.7,0.1,54,0.0,12.7,97,-12.60533612584479,1.5477406612453717
2022-02-25 04:00:00,14.5,84,11.7,0.1,60,0.0,12.1,102,-11.835585968879048,2.515731458894888
2022-02-25 05:00:00,14.5,84,11.8,0.0,46,0.0,12.5,102,-12.226845009172573,2.598896135221992
2022-02-25 06:00:00,14.5,84,11.8,0.0,49,0.0,10.6,100,-10.438962181929403,1.8406706832694613
2022-02-25 07:00:00,14.7,85,12.1,0.0,44,4.0,10.5,94,-10.474422527728152,0.732442974313316
2022-02-25 08:00:00,15.7,83,12.8,0.0,33,82.0,10.9,99,-10.765802912487002,1.705135668938516
2022-02-25 09:00:00,16.8,78,12.9,0.0,38,187.0,11.0,101,-10.797899017924305,2.0988989491419927
2022-02-25 10:00:00,18.1,71,12.9,0.0,45,350.0,10.2,108,-9.700776466210566,3.1519733426244625
2022-02-25 11:00:00,19.2,67,13.0,0.0,37,523.0,10.3,115,-9.334970206477497,4.352968095929203
2022-02-25 12:00:00,19.9,65,13.2,0.0,32,563.0,12.2,114,-11.14525458323973,4.962187045524763
2022-02-25 13:00:00,20.3,65,13.4,0.0,32,501.0,13.9,111,-12.976767928311103,4.981314498679674
2022-02-25 14:00:00,20.4,65,13.6,0.0,23,458.0,15.3,109,-14.466434206669549,4.981192763194497
2022-02-25 15:00:00,19.9,68,13.8,0.0,23,334.0,16.9,106,-16.245322661357587,4.658271313307283
2022-02-25 16:00:00,19.5,69,13.7,0.0,23,213.0,17.6,101,-17.276638428678886,3.3582383186271887
2022-02-25 17:00:00,18.8,72,13.7,0.0,28,89.0,17.1,97,-16.97253919306661,2.0839657722280203
2022-02-25 18:00:00,17.8,77,13.7,0.0,18,19.0,17.5,98,-17.329691202977482,2.435529266801144
2022-02-25 19:00:00,17.1,81,13.7,0.0,21,0.0,17.3,95,-17.234168276987198,1.5077943495344874
2022-02-25 20:00:00,16.4,84,13.8,0.0,18,0.0,15.9,93,-15.878209602597725,0.8321417042628071
2022-02-25 21:00:00,16.2,86,13.9,0.0,10,0.0,13.3,92,-13.291897999353974,0.4641633061432627
2022-02-25 22:00:00,16.0,88,14.0,0.0,12,0.0,11.9,95,-11.854716907291772,1.037153338697133
2022-02-25 23:00:00,15.9,89,14.1,0.0,19,0.0,10.9,96,-10.84028865951418,1.1393602496174238
2022-02-26 00:00:00,15.9,90,14.2,0.0,17,0.0,10.5,98,-10.397814721786489,1.4613175600806865
2022-02-26 01:00:00,15.7,91,14.1,0.0,18,0.0,12.0,99,-11.852260087141651,1.8772135804827697
2022-02-26 02:00:00,15.6,91,14.2,0.0,15,0.0,14.4,94,-14.36492232374147,1.0044932219154048
2022-02-26 03:00:00,15.6,93,14.4,0.0,11,0.0,14.8,90,-14.8,-9.062386313690414e-16
2022-02-26 04:00:00,15.4,93,14.3,0.0,13,0.0,14.0,89,-13.997867732189478,-0.2443336901219703
2022-02-26 05:00:00,15.4,93,14.3,0.0,16,0.0,14.4,90,-14.4,-8.817456953860943e-16
2022-02-26 06:00:00,15.3,94,14.4,0.0,40,0.0,15.5,90,-15.5,-9.491012693391988e-16
2022-02-26 07:00:00,15.4,94,14.5,0.0,35,5.0,15.8,90,-15.8,-9.67470971326409e-16
2022-02-26 08:00:00,16.7,90,15.1,0.0,29,84.0,16.2,93,-16.177798463024097,0.8478424911356902
2022-02-26 09:00:00,18.4,84,15.7,0.0,28,231.0,15.9,93,-15.878209602597725,0.8321417042628071
2022-02-26 10:00:00,19.9,79,16.2,0.0,18,428.0,15.5,95,-15.441017820422056,1.3509140125887027
2022-02-26 11:00:00,21.0,75,16.3,0.0,14,594.0,14.9,98,-14.7549942242494,2.0736792043049737
2022-02-26 12:00:00,21.7,72,16.4,0.0,13,663.0,15.5,103,-15.102736004171147,3.486741342329908
2022-02-26 13:00:00,22.0,71,16.6,0.0,5,723.0,16.8,105,-16.22755388165635,4.34815995772235
2022-02-26 14:00:00,22.1,71,16.6,0.0,10,644.0,17.9,105,-17.290072290574322,4.632860907335123
2022-02-26 15:00:00,21.4,73,16.3,0.0,7,428.0,18.3,106,-17.591089035671235,5.044163611451083
2022-02-26 16:00:00,20.9,74,16.0,0.0,3,334.0,16.9,102,-16.530694452401313,3.5137075748201325
2022-02-26 17:00:00,20.3,76,15.9,0.0,14,154.0,14.7,101,-14.42991959668066,2.8048922320352085
2022-02-26 18:00:00,19.0,81,15.7,0.0,12,27.0,12.4,100,-12.21161613735138,2.153237403069936
2022-02-26 19:00:00,18.0,86,15.5,0.0,5,0.0,13.7,95,-13.647867363856914,1.1940336756429175
2022-02-26 20:00:00,17.3,89,15.4,0.0,4,0.0,13.0,88,-12.992080751248244,-0.453693457132514
2022-02-26 21:00:00,17.0,90,15.4,0.0,5,0.0,10.9,84,-10.84028865951418,-1.1393602496174229
2022-02-26 22:00:00,16.7,91,15.2,0.0,2,0.0,8.4,83,-8.337387673787106,-1.023702484603239
2022-02-26 23:00:00,16.5,91,14.9,0.0,11,0.0,6.9,84,-6.862201078041086,-0.7212463965468089
2022-02-27 00:00:00,16.1,91,14.7,0.0,24,0.0,7.6,87,-7.589584464134761,-0.3977532674463741
2022-02-27 01:00:00,15.8,91,14.4,0.0,3,0.0,8.0,85,-7.969557584733964,-0.6972459419812651
2022-02-27 02:00:00,15.5,92,14.2,0.0,1,0.0,9.4,97,-9.329933825428428,1.1455718280083853
2022-02-27 03:00:00,15.5,95,14.7,0.0,3,0.0,10.9,98,-10.793921949283115,1.5169868004647125
2022-02-27 04:00:00,15.4,96,14.8,0.0,3,0.0,11.2,90,-11.2,-6.858022075225179e-16
2022-02-27 05:00:00,15.1,97,14.6,0.0,4,0.0,10.1,90,-10.1,-6.184466335694133e-16
2022-02-27 06:00:00,15.1,97,14.5,0.0,10,0.0,10.9,96,-10.84028865951418,1.1393602496174238
2022-02-27 07:00:00,15.2,96,14.5,0.0,6,5.0,12.3,95,-12.253194786528471,1.0720156357961963
2022-02-27 08:00:00,16.7,91,15.3,0.0,5,82.0,11.5,88,-11.4929945107196,-0.4013442120787624
2022-02-27 09:00:00,18.7,83,15.7,0.0,5,255.0,10.4,90,-10.4,-6.368163355566237e-16
2022-02-27 10:00:00,20.5,74,15.7,0.0,2,480.0,9.9,100,-9.74959675482086,1.71911695890261
2022-02-27 11:00:00,21.8,68,15.7,0.0,0,648.0,9.3,103,-9.06164160250269,2.092044805397945
2022-02-27 12:00:00,22.7,64,15.6,0.0,1,718.0,8.0,108,-7.608452130361229,2.4721359549995787
2022-02-27 13:00:00,23.2,61,15.3,0.0,5,741.0,7.6,115,-6.88793918147854,3.211898789229315
2022-02-27 14:00:00,23.2,60,15.1,0.0,7,615.0,8.6,123,-7.212566884330647,4.683895701129233
2022-02-27 15:00:00,23.1,59,14.6,0.0,20,466.0,10.8,120,-9.353074360871938,5.399999999999998
2022-02-27 16:00:00,22.7,61,14.7,0.0,41,300.0,12.1,107,-11.57128754715273,3.5376976271451133
2022-02-27 17:00:00,21.8,67,15.4,0.0,41,153.0,10.5,98,-10.397814721786489,1.4613175600806865
2022-02-27 18:00:00,20.6,72,15.3,0.0,25,31.0,11.6,95,-11.555858497864248,1.0110066158728357
2022-02-27 19:00:00,19.4,78,15.4,0.0,15,0.0,11.5,88,-11.4929945107196,-0.4013442120787624
2022-02-27 20:00:00,18.7,82,15.6,0.0,14,0.0,10.1,86,-10.075396907624224,-0.7045403848156648
2022-02-27 21:00:00,18.2,85,15.6,0.0,11,0.0,8.6,90,-8.6,-5.265981236333618e-16
2022-02-27 22:00:00,17.8,87,15.6,0.0,12,0.0,8.0,95,-7.969557584733964,0.6972459419812659
2022-02-27 23:00:00,17.4,88,15.5,0.0,14,0.0,8.9,104,-8.635631963856369,2.1531048708370437
2022-02-28 00:00:00,17.0,90,15.4,0.0,10,0.0,9.3,103,-9.06164160250269,2.092044805397945
2022-02-28 01:00:00,16.5,92,15.2,0.0,10,0.0,8.0,100,-7.878462024097664,1.3891854213354424
2022-02-28 02:00:00,16.3,92,15.0,0.0,5,0.0,7.3,101,-7.165878439167947,1.392905666248777
2022-02-28 03:00:00,15.9,93,14.8,0.0,4,0.0,6.9,99,-6.815049550106451,1.0793978087775926
2022-02-28 04:00:00,15.8,92,14.5,0.0,3,0.0,8.0,100,-7.878462024097664,1.3891854213354424
2022-02-28 05:00:00,15.8,93,14.6,0.0,2,0.0,9.8,98,-9.70462707366739,1.3638963894086409
2022-02-28 06:00:00,15.7,93,14.6,0.0,6,0.0,13.1,98,-12.972511700514572,1.823167622576856
2022-02-28 07:00:00,15.9,93,14.7,0.0,1,7.0,14.1,93,-14.080676440039491,0.7379369830255081
2022-02-28 08:00:00,17.7,87,15.4,0.0,2,114.0,13.7,90,-13.7,-8.388830574159369e-16
2022-02-28 09:00:00,20.1,75,15.5,0.0,2,308.0,12.2,90,-12.2,-7.470345474798854e-16
2022-02-28 10:00:00,21.7,67,15.2,0.0,2,491.0,11.5,94,-11.47198657798798,0.8021994480574413
2022-02-28 11:00:00,23.1,58,14.5,0.0,4,590.0,12.3,93,-12.283143277481258,0.6437322617882093
2022-02-28 12:00:00,24.0,56,14.7,0.0,1,691.0,12.3,95,-12.253194786528471,1.0720156357961963
2022-02-28 13:00:00,24.5,56,15.3,0.0,5,711.0,12.0,97,-11.910553819695863,1.4624321208617683
2022-02-28 14:00:00,24.8,57,15.8,0.0,7,628.0,10.9,99,-10.765802912487002,1.705135668938516
2022-02-28 15:00:00,24.7,57,15.6,0.0,2,534.0,9.5,99,-9.38303923565381,1.4861274178821928
2022-02-28 16:00:00,24.4,59,15.8,0.0,11,379.0,8.5,102,-8.314254606237348,1.7672493719509543
2022-02-28 17:00:00,23.7,64,16.4,0.0,8,188.0,7.3,101,-7.165878439167947,1.392905666248777
2022-02-28 18:00:00,22.6,68,16.5,0.0,9,31.0,10.1,90,-10.1,-6.184466335694133e-16
2022-02-28 19:00:00,21.2,75,16.6,0.0,13,0.0,9.5,81,-9.38303923565381,-1.4861274178821935
2022-02-28 20:00:00,20.2,80,16.6,0.0,14,0.0,9.3,77,-9.06164160250269,-2.092044805397944
2022-02-28 21:00:00,19.3,84,16.5,0.0,17,0.0,8.0,82,-7.922144549932563,-1.1133848076805235
2022-02-28 22:00:00,18.5,87,16.3,0.0,15,0.0,6.9,81,-6.815049550106451,-1.0793978087775935
2022-02-28 23:00:00,18.0,89,16.1,0.0,14,0.0,6.2,80,-6.10580806867569,-1.0766187015349686
2022-03-01 00:00:00,17.5,90,15.8,0.0,19,0.0,6.0,73,-5.737828535778212,-1.7542302283364206
2022-03-01 01:00:00,17.1,91,15.6,0.0,23,0.0,4.9,73,-4.685893304218874,-1.4326213531414105
2022-03-01 02:00:00,17.0,90,15.4,0.0,28,0.0,4.7,67,-4.32637281122647,-1.8364363038995863
2022-03-01 03:00:00,16.7,94,15.7,0.0,43,0.0,5.0,60,-4.330127018922193,-2.5000000000000004
2022-03-01 04:00:00,16.4,94,15.3,0.0,19,0.0,5.5,58,-4.664264528860343,-2.914555953282627
2022-03-01 05:00:00,16.2,93,15.0,0.0,26,0.0,5.5,67,-5.062776693988422,-2.149021206691005
2022-03-01 06:00:00,15.9,93,14.9,0.0,22,0.0,6.8,87,-6.790680836331102,-0.3558845024520189
2022-03-01 07:00:00,16.3,93,15.2,0.0,30,8.0,6.5,84,-6.4643923198937765,-0.6794350112397475
2022-03-01 08:00:00,20.2,83,17.1,0.0,38,109.0,7.4,76,-7.180188374442374,-1.7902220274375409
2022-03-01 09:00:00,22.9,69,16.9,0.0,49,287.0,8.0,82,-7.922144549932563,-1.1133848076805235
2022-03-01 10:00:00,24.2,64,17.0,0.0,45,470.0,9.8,82,-9.70462707366739,-1.3638963894086416
2022-03-01 11:00:00,24.9,65,17.9,0.0,38,571.0,9.4,83,-9.329933825428428,-1.1455718280083864
2022-03-01 12:00:00,25.5,65,18.4,0.0,28,602.0,10.1,96,-10.04467114321956,1.055737479003301
2022-03-01 13:00:00,25.9,64,18.5,0.0,32,654.0,11.7,101,-11.485038046337667,2.232465245905574
2022-03-01 14:00:00,26.1,63,18.4,0.0,18,604.0,12.8,101,-12.5648279481301,2.4423551408197737
2022-03-01 15:00:00,25.7,63,18.2,0.0,25,490.0,13.4,104,-13.001962732098352,3.2417534010355484
2022-03-01 16:00:00,25.2,64,18.0,0.0,14,329.0,12.8,106,-12.304149708010485,3.528158154457588
2022-03-01 17:00:00,24.5,68,18.3,0.0,16,158.0,9.7,105,-9.369480515003962,2.510544737494452
2022-03-01 18:00:00,23.4,72,18.2,0.0,11,31.0,7.9,106,-7.59396739791272,2.1775351109542926
2022-03-01 19:00:00,22.3,77,18.1,0.0,15,0.0,8.5,102,-8.314254606237348,1.7672493719509543
2022-03-01 20:00:00,21.4,81,18.0,0.0,10,0.0,9.2,101,-9.030970087718508,1.755442757464212
2022-03-01 21:00:00,20.7,84,17.9,0.0,8,0.0,8.7,107,-8.31985137687841,2.5436338310878086
2022-03-01 22:00:00,20.0,87,17.8,0.0,4,0.0,8.6,105,-8.306962106085987,2.2258437878816792
2022-03-01 23:00:00,19.4,89,17.5,0.0,2,0.0,8.3,95,-8.268415994161488,0.7233926648055634
2022-03-02 00:00:00,18.6,92,17.3,0.0,5,0.0,7.6,87,-7.589584464134761,-0.3977532674463741
2022-03-02 01:00:00,17.9,95,17.0,0.0,11,0.0,6.5,87,-6.49109197590473,-0.3401837155791358
2022-03-02 02:00:00,17.7,94,16.8,0.0,9,0.0,7.2,93,-7.190132650232932,0.3768188849491957
2022-03-02 03:00:00,18.4,92,17.0,0.0,12,0.0,9.4,97,-9.329933825428428,1.1455718280083853
2022-03-02 04:00:00,18.7,91,17.2,0.0,11,0.0,11.3,99,-11.160878248725057,1.7677094549546084
2022-03-02 05:00:00,18.7,92,17.3,0.0,11,0.0,12.0,99,-11.852260087141651,1.8772135804827697
2022-03-02 06:00:00,18.6,92,17.3,0.0,19,0.0,12.8,101,-12.5648279481301,2.4423551408197737
2022-03-02 07:00:00,18.8,92,17.5,0.0,11,7.0,14.6,100,-14.378193193978236,2.5352633939371825
2022-03-02 08:00:00,20.4,87,18.1,0.0,15,106.0,15.6,98,-15.448181872368496,2.17110037497702
2022-03-02 09:00:00,21.9,82,18.6,0.0,15,295.0,17.4,96,-17.304680979407955,1.818795260857172
2022-03-02 10:00:00,23.2,77,18.8,0.0,16,466.0,18.1,95,-18.0311240354606,1.5775189437326145
2022-03-02 11:00:00,24.1,73,19.0,0.0,10,599.0,19.2,96,-19.094820391070847,2.006946494738948
2022-03-02 12:00:00,24.5,72,19.2,0.0,7,692.0,20.4,99,-20.148842148140808,3.1912630868207086
2022-03-02 13:00:00,24.5,72,19.2,0.0,4,729.0,20.8,99,-20.543917484378863,3.253836872836801
2022-03-02 14:00:00,24.4,73,19.1,0.0,5,663.0,19.4,100,-19.105270408436837,3.368774646738448
2022-03-02 15:00:00,24.2,72,18.7,0.0,6,549.0,18.9,103,-18.415594224440945,4.251574927099049
2022-03-02 16:00:00,23.4,74,18.4,0.0,7,317.0,18.4,102,-17.997915853502022,3.825575111046772
2022-03-02 17:00:00,22.7,76,18.1,0.0,7,141.0,15.6,97,-15.483719965604624,1.9011617571202988
2022-03-02 18:00:00,21.5,80,17.9,0.0,17,31.0,10.9,98,-10.793921949283115,1.5169868004647125
2022-03-02 19:00:00,20.6,84,17.7,0.0,43,0.0,10.9,98,-10.793921949283115,1.5169868004647125
2022-03-02 20:00:00,20.0,86,17.5,0.0,65,0.0,9.4,97,-9.329933825428428,1.1455718280083853
2022-03-02 21:00:00,19.8,85,17.3,0.0,99,0.0,9.2,101,-9.030970087718508,1.755442757464212
2022-03-02 22:00:00,19.4,87,17.1,0.0,100,0.0,9.0,106,-8.65135526344487,2.4807362023529915
2022-03-02 23:00:00,19.2,87,17.0,0.1,100,0.0,9.3,106,-8.939733772226367,2.5634274090980917
2022-03-03 00:00:00,18.9,88,16.9,0.0,100,0.0,8.9,104,-8.635631963856369,2.1531048708370437
2022-03-03 01:00:00,18.6,89,16.8,0.0,100,0.0,8.9,104,-8.635631963856369,2.1531048708370437
2022-03-03 02:00:00,18.5,90,16.7,0.0,100,0.0,9.6,103,-9.35395262193826,2.159530121701104
2022-03-03 03:00:00,18.7,88,16.8,0.1,91,0.0,9.6,103,-9.35395262193826,2.159530121701104
2022-03-03 04:00:00,18.6,89,16.7,0.1,84,0.0,10.1,107,-9.65867803522666,2.95295421769964
2022-03-03 05:00:00,18.5,89,16.7,0.1,84,0.0,10.7,104,-10.382164271153162,2.588564282916445
2022-03-03 06:00:00,18.4,89,16.6,0.0,65,0.0,11.7,101,-11.485038046337667,2.232465245905574
2022-03-03 07:00:00,18.4,90,16.7,0.1,83,5.0,12.0,99,-11.852260087141651,1.8772135804827697
2022-03-03 08:00:00,19.2,88,17.1,0.0,87,64.0,12.4,98,-12.279324052395474,1.7257464519048105
2022-03-03 09:00:00,20.5,83,17.6,0.0,77,208.0,12.0,97,-11.910553819695863,1.4624321208617683
2022-03-03 10:00:00,21.8,78,17.7,0.0,70,320.0,10.5,98,-10.397814721786489,1.4613175600806865
2022-03-03 11:00:00,23.0,73,17.9,0.0,60,453.0,7.7,101,-7.558529312547013,1.469229264399395
2022-03-03 12:00:00,23.8,69,17.8,0.0,50,537.0,6.9,118,-6.092338390726596,3.239353783222648
2022-03-03 13:00:00,24.2,68,18.0,0.0,46,580.0,8.2,131,-6.1886185578267305,5.379684037722158
2022-03-03 14:00:00,24.3,68,18.0,0.0,33,559.0,8.2,139,-5.379684037722159,6.18861855782673
2022-03-03 15:00:00,24.0,68,17.8,0.0,26,484.0,7.9,141,-4.971631089293716,6.139453095510071
2022-03-03 16:00:00,23.5,70,17.8,0.0,19,321.0,9.7,132,-7.208504807130724,6.490566881680924
2022-03-03 17:00:00,22.7,74,17.8,0.0,13,169.0,9.4,122,-7.971652103870405,4.981241083792125
2022-03-03 18:00:00,21.7,79,17.9,0.0,17,32.0,8.2,105,-7.92059177557036,2.122316169840671
2022-03-03 19:00:00,20.7,84,17.8,0.0,10,0.0,8.6,92,-8.594761112364223,0.3001356716415082
2022-03-03 20:00:00,19.9,87,17.7,0.0,14,0.0,7.6,90,-7.6,-4.653657836759942e-16
2022-03-03 21:00:00,19.3,90,17.6,0.0,13,0.0,7.3,99,-7.210124886344506,1.1419715947936848
2022-03-03 22:00:00,18.9,91,17.5,0.0,10,0.0,7.1,105,-6.858073366652385,1.837615220227898
2022-03-03 23:00:00,18.7,92,17.3,0.0,5,0.0,6.3,103,-6.1385314081469815,1.4171916423663498
2022-03-04 00:00:00,18.3,93,17.1,0.0,8,0.0,7.2,108,-6.847606917325106,2.224922359499621
2022-03-04 01:00:00,18.0,94,17.0,0.0,4,0.0,6.2,111,-5.788198644282651,2.221881287180861
2022-03-04 02:00:00,17.7,94,16.7,0.0,11,0.0,6.6,103,-6.430842427582553,1.4846769586695092
2022-03-04 03:00:00,17.8,94,16.8,0.0,6,0.0,7.2,108,-6.847606917325106,2.224922359499621
2022-03-04 04:00:00,17.5,95,16.6,0.0,11,0.0,6.9,118,-6.092338390726596,3.239353783222648
2022-03-04 05:00:00,17.5,94,16.6,0.0,23,0.0,7.2,127,-5.750175672340507,4.333068166694749
2022-03-04 06:00:00,17.6,94,16.7,0.0,16,0.0,5.8,120,-5.022947341949744,2.8999999999999986
2022-03-04 07:00:00,17.8,94,16.9,0.0,17,7.0,7.4,119,-6.47218583283153,3.587591189822894
2022-03-04 08:00:00,20.4,87,18.2,0.0,18,65.0,6.4,117,-5.702441754805555,2.9055391983331
2022-03-04 09:00:00,21.8,78,17.9,0.0,18,162.0,7.3,123,-6.122295146001595,3.9758649556096977
2022-03-04 10:00:00,22.7,74,17.8,0.0,15,246.0,8.9,122,-7.547628055792193,4.716281451675523
2022-03-04 11:00:00,23.8,69,17.8,0.0,14,514.0,10.0,111,-9.335804264972015,3.5836794954530027
2022-03-04 12:00:00,24.5,65,17.6,0.0,3,579.0,11.8,110,-11.08837292527372,4.035837691242891
2022-03-04 13:00:00,25.1,63,17.5,0.0,5,631.0,13.2,112,-12.238826880281591,4.944807033090039
2022-03-04 14:00:00,25.2,62,17.5,0.0,10,496.0,12.4,112,-11.497079796628164,4.64512175835731
2022-03-04 15:00:00,25.2,61,17.2,0.0,5,513.0,11.4,108,-10.842044285764752,3.5227937358744
2022-03-04 16:00:00,25.0,62,17.2,0.0,3,373.0,10.7,110,-10.05471104240922,3.659615533584655
2022-03-04 17:00:00,24.4,66,17.7,0.0,2,188.0,8.6,112,-7.973781149274371,3.2216167033768435
2022-03-04 18:00:00,23.1,72,17.8,0.0,2,38.0,9.0,113,-8.284543681071963,3.5165801564034647
2022-03-04 19:00:00,21.8,77,17.7,0.0,0,0.0,9.9,109,-9.360633898433235,3.2231247291258507
2022-03-04 20:00:00,21.1,80,17.5,0.0,2,0.0,10.0,105,-9.659258262890685,2.5881904510252083
2022-03-04 21:00:00,20.6,81,17.3,0.0,1,0.0,10.6,100,-10.438962181929403,1.8406706832694613
2022-03-04 22:00:00,20.3,82,17.1,0.0,2,0.0,9.7,92,-9.694091022085228,0.3385251180142592
2022-03-04 23:00:00,20.0,82,16.9,0.0,0,0.0,8.3,92,-8.294943864258496,0.2896658226307579
2022-03-05 00:00:00,19.7,84,16.9,0.0,0,0.0,7.5,107,-7.172285669722767,2.192787785420525
2022-03-05 01:00:00,19.4,85,16.9,0.0,1,0.0,7.4,119,-6.47218583283153,3.587591189822894
2022-03-05 02:00:00,19.2,87,17.0,0.0,1,0.0,9.2,111,-8.588939923774255,3.296985135816762
2022-03-05 03:00:00,19.0,90,17.2,0.0,2,0.0,11.8,102,-11.542141688658909,2.4533579516495605
2022-03-05 04:00:00,18.8,90,17.1,0.0,1,0.0,11.7,101,-11.485038046337667,2.232465245905574
2022-03-05 05:00:00,18.5,91,17.0,0.0,0,0.0,11.6,106,-11.1506356728845,3.197393327477189
2022-03-05 06:00:00,18.4,92,17.0,0.0,0,0.0,10.7,104,-10.382164271153162,2.588564282916445
2022-03-05 07:00:00,18.5,92,17.2,0.0,1,11.0,10.9,107,-10.423721839997087,3.1868515814778298
2022-03-05 08:00:00,19.9,88,17.9,0.0,1,121.0,9.7,112,-8.993683389297837,3.633683956134347
2022-03-05 09:00:00,21.6,82,18.4,0.0,2,278.0,8.6,112,-7.973781149274371,3.2216167033768435
2022-03-05 10:00:00,23.0,77,18.7,0.0,2,421.0,8.0,117,-7.128052193506943,3.631923997916374
2022-03-05 11:00:00,24.0,73,18.8,0.0,4,568.0,9.3,118,-8.21141261358802,4.366085533908786
2022-03-05 12:00:00,24.6,70,18.9,0.0,5,665.0,11.8,113,-10.861957270738795,4.610627316173432
2022-03-05 13:00:00,24.8,70,19.0,0.0,2,657.0,13.1,111,-12.229903587113345,4.694620139043433
2022-03-05 14:00:00,24.9,70,19.1,0.0,6,655.0,13.5,106,-12.977032895167303,3.7211043035294873
2022-03-05 15:00:00,24.7,70,18.8,0.0,4,544.0,13.6,101,-13.35012969488823,2.5950023371210094
2022-03-05 16:00:00,24.5,70,18.7,0.0,3,353.0,12.7,98,-12.576404473017943,1.7674983821928298
2022-03-05 17:00:00,23.9,73,18.9,0.0,5,181.0,13.0,96,-12.928784639787551,1.3588700224794965
2022-03-05 18:00:00,22.7,79,19.0,0.0,4,38.0,10.8,92,-10.793420931806237,0.3769145643870103
2022-03-05 19:00:00,21.6,84,18.9,0.0,1,0.0,10.4,90,-10.4,-6.368163355566237e-16
2022-03-05 20:00:00,21.1,87,18.8,0.0,3,0.0,9.4,92,-9.3942737739795,0.328055269003509
2022-03-05 21:00:00,20.6,89,18.8,0.0,5,0.0,8.4,110,-7.893418014601631,2.872969203935617
2022-03-05 22:00:00,20.1,92,18.7,0.0,20,0.0,8.0,108,-7.608452130361229,2.4721359549995787
2022-03-05 23:00:00,19.7,93,18.4,0.0,36,0.0,8.8,102,-8.607698886457491,1.8296228791962823
2022-03-06 00:00:00,19.5,93,18.3,0.0,46,0.0,8.7,107,-8.31985137687841,2.5436338310878086
2022-03-06 01:00:00,19.4,93,18.2,0.0,68,0.0,8.4,115,-7.612985411107861,3.5499933986218744
2022-03-06 02:00:00,19.3,92,18.1,0.0,63,0.0,8.2,105,-7.92059177557036,2.122316169840671
2022-03-06 03:00:00,19.5,89,17.7,0.0,67,0.0,7.9,90,-7.9,-4.837354856632045e-16
2022-03-06 04:00:00,19.5,89,17.6,0.0,59,0.0,9.0,90,-9.0,-5.51091059616309e-16
2022-03-06 05:00:00,19.3,89,17.5,0.0,56,0.0,7.6,87,-7.589584464134761,-0.3977532674463741
2022-03-06 06:00:00,19.1,90,17.5,0.0,37,0.0,7.2,90,-7.2,-4.4087284769304716e-16
2022-03-06 07:00:00,19.1,92,17.7,0.0,27,8.0,5.1,86,-5.087576656325103,-0.3557580160950386
2022-03-06 08:00:00,20.5,88,18.4,0.0,37,52.0,4.4,81,-4.345828698618607,-0.6883116461770161
2022-03-06 09:00:00,21.9,82,18.7,0.0,21,108.0,2.6,74,-2.499280409439629,-0.7166571251241979
2022-03-06 10:00:00,22.9,79,19.1,0.0,15,286.0,1.1,180,-1.3471114790620887e-16,1.1
2022-03-06 11:00:00,23.7,76,19.3,0.0,12,420.0,4.4,189,0.6883116461770152,4.345828698618607
2022-03-06 12:00:00,24.4,73,19.2,0.0,27,568.0,5.8,176,-0.404587547715928,5.78587149150698
2022-03-06 13:00:00,24.7,71,19.0,0.0,46,618.0,6.5,174,-0.6794350112397493,6.4643923198937765
2022-03-06 14:00:00,24.9,69,18.9,0.0,78,551.0,9.9,161,-3.2231247291258502,9.360633898433235
2022-03-06 15:00:00,24.5,70,18.6,0.0,59,443.0,13.3,142,-8.188297621831257,10.4805430229694
2022-03-06 16:00:00,23.7,71,18.2,0.0,50,279.0,13.4,121,-11.486041829408306,6.901510203794728
2022-03-06 17:00:00,23.0,73,17.8,0.0,77,119.0,12.6,110,-11.840127021902443,4.309453805903425
2022-03-06 18:00:00,21.9,78,17.8,0.0,89,24.0,11.8,110,-11.08837292527372,4.035837691242891
2022-03-06 19:00:00,21.1,81,17.7,0.0,95,0.0,11.9,104,-11.54651914268436,2.8788705576360467
2022-03-06 20:00:00,20.6,83,17.7,0.0,100,0.0,13.1,98,-12.972511700514572,1.823167622576856
2022-03-06 21:00:00,20.3,84,17.6,0.1,100,0.0,14.4,94,-14.36492232374147,1.0044932219154048
2022-03-06 22:00:00,20.0,85,17.5,0.1,100,0.0,14.4,90,-14.4,-8.817456953860943e-16
2022-03-06 23:00:00,19.6,87,17.3,0.1,80,0.0,14.1,93,-14.080676440039491,0.7379369830255081
2022-03-07 00:00:00,19.3,87,17.2,0.0,83,0.0,13.3,92,-13.291897999353974,0.4641633061432627
2022-03-07 01:00:00,19.1,88,17.1,0.1,94,0.0,11.5,86,-11.47198657798798,-0.8021994480574401
2022-03-07 02:00:00,19.0,89,17.1,0.0,100,0.0,10.1,94,-10.075396907624224,0.7045403848156658
2022-03-07 03:00:00,18.9,91,17.4,0.1,98,0.0,10.5,106,-10.093247807352348,2.89419223607849
2022-03-07 04:00:00,18.6,93,17.5,0.4,100,0.0,12.2,104,-11.837607860567156,2.951447126315947
2022-03-07 05:00:00,18.7,93,17.5,0.5,97,0.0,14.5,97,-14.39191919879917,1.7671054793746368
2022-03-07 06:00:00,18.6,94,17.6,0.5,69,0.0,18.7,101,-18.35642833047132,3.568128213541388
2022-03-07 07:00:00,18.4,93,17.3,0.4,77,0.0,21.2,100,-20.87792436385881,3.6813413665389225
2022-03-07 08:00:00,18.3,92,17.0,0.5,86,0.0,21.7,97,-21.538251490616688,2.6445647518916977
2022-03-07 09:00:00,18.6,91,17.1,0.6,95,1.0,24.6,95,-24.506389573056943,2.1440312715923926
2022-03-07 10:00:00,18.5,91,17.0,0.3,100,0.0,23.4,86,-23.342998776079884,-1.6323014856125304
2022-03-07 11:00:00,18.5,90,16.9,0.1,100,7.0,19.8,87,-19.772864788140563,-1.0362519336102909
2022-03-07 12:00:00,18.7,87,16.5,0.1,100,24.0,23.0,99,-22.71683183368817,3.597992695925309
2022-03-07 13:00:00,18.7,85,16.1,0.0,100,83.0,24.7,98,-24.459621297916787,3.437575593713614
2022-03-07 14:00:00,18.3,83,15.5,0.1,100,42.0,30.9,97,-30.66967608571685,3.7657627112190535
2022-03-07 15:00:00,17.4,82,14.2,0.3,100,22.0,32.4,91,-32.39506532306707,0.5654579685679846
2022-03-07 16:00:00,16.7,81,13.5,0.3,100,4.0,34.2,89,-34.19479117434859,-0.5968723001550991
2022-03-07 17:00:00,16.3,80,12.8,0.2,92,22.0,34.3,86,-34.21644692391197,-2.3926470494234957
2022-03-07 18:00:00,15.9,81,12.6,0.1,55,19.0,31.2,83,-30.967439931209245,-3.8023235142406016
2022-03-07 19:00:00,15.6,81,12.4,0.0,18,0.0,32.4,89,-32.39506532306707,-0.5654579685679886
2022-03-07 20:00:00,15.2,81,11.9,0.0,8,0.0,31.7,87,-31.65655625171999,-1.6590498129013238
2022-03-07 21:00:00,15.0,78,11.2,0.0,14,0.0,30.6,87,-30.55806376348996,-1.6014802610340857
2022-03-07 22:00:00,14.7,77,10.7,0.0,4,0.0,31.0,87,-30.95751557739179,-1.622414643531263
2022-03-07 23:00:00,14.5,76,10.4,0.0,2,0.0,29.2,88,-29.1822121489576,-1.0190653037130315
2022-03-08 00:00:00,14.3,76,10.2,0.0,3,0.0,28.4,90,-28.4,-1.7389984547892417e-15
2022-03-08 01:00:00,14.0,77,10.0,0.0,7,0.0,27.7,90,-27.7,-1.6961358168190842e-15
2022-03-08 02:00:00,13.9,76,9.7,0.0,2,0.0,26.3,88,-26.28397875060222,-0.9178567632757784
2022-03-08 03:00:00,13.8,75,9.3,0.0,2,0.0,24.6,85,-24.506389573056943,-2.1440312715923904
2022-03-08 04:00:00,13.9,74,9.3,0.0,5,0.0,21.8,82,-21.587843898566238,-3.033973600929427
2022-03-08 05:00:00,13.8,75,9.4,0.0,4,0.0,20.0,82,-19.805361374831406,-2.783462019201309
2022-03-08 06:00:00,13.8,76,9.6,0.0,5,0.0,17.6,79,-17.276638428678886,-3.358238318627191
2022-03-08 07:00:00,14.1,76,9.9,0.0,7,14.0,17.2,80,-16.938693351809977,-2.986748655871203
2022-03-08 08:00:00,15.6,71,10.4,0.0,8,140.0,17.1,82,-16.933583975480854,-2.3798600264171195
2022-03-08 09:00:00,17.3,64,10.3,0.0,9,337.0,15.9,84,-15.812898136355546,-1.66200256595569
2022-03-08 10:00:00,18.6,57,10.0,0.0,11,515.0,12.3,85,-12.253194786528471,-1.0720156357961952
2022-03-08 11:00:00,19.7,56,10.6,0.0,8,665.0,8.4,97,-8.337387673787106,1.023702484603238
2022-03-08 12:00:00,20.5,56,11.4,0.0,6,753.0,5.2,124,-4.3109953772862175,2.907803098047883
2022-03-08 13:00:00,21.1,56,11.8,0.0,9,758.0,6.3,149,-3.2447398719333425,5.400153994423307
2022-03-08 14:00:00,21.3,55,11.9,0.0,11,643.0,8.2,142,-5.048424097670399,6.461688179575119
2022-03-08 15:00:00,21.1,54,11.5,0.0,3,499.0,10.1,125,-8.273435647318816,5.793122007145566
2022-03-08 16:00:00,20.6,56,11.4,0.0,1,333.0,12.1,107,-11.57128754715273,3.5376976271451133
2022-03-08 17:00:00,19.9,58,11.5,0.0,1,177.0,11.6,95,-11.555858497864248,1.0110066158728357
2022-03-08 18:00:00,19.1,63,11.8,0.0,0,37.0,10.2,82,-10.100734301164016,-1.4195656297926678
2022-03-08 19:00:00,18.1,68,12.0,0.0,4,0.0,10.6,80,-10.438962181929403,-1.8406706832694624
2022-03-08 20:00:00,17.3,73,12.4,0.0,8,0.0,9.9,71,-9.360633898433235,-3.223124729125852
2022-03-08 21:00:00,16.9,78,13.0,0.0,12,0.0,8.2,61,-7.171881598543044,-3.975438886019964
2022-03-08 22:00:00,16.0,84,13.3,0.0,10,0.0,7.1,49,-5.358438019581681,-4.658019105832602
2022-03-08 23:00:00,15.8,86,13.5,0.0,22,0.0,6.1,40,-3.921004419087889,-4.6728711030257655
2022-03-09 00:00:00,17.1,80,13.5,0.0,34,0.0,4.2,31,-2.163159914622228,-3.600102662948872
2022-03-09 01:00:00,17.5,78,13.7,0.0,49,0.0,1.9,22,-0.7117525274902328,-1.761649323676896
2022-03-09 02:00:00,17.6,78,13.7,0.0,61,0.0,1.3,34,-0.726950774511971,-1.0777488443215544
2022-03-09 03:00:00,16.4,81,13.1,0.0,56,0.0,2.3,72,-2.1874299874788528,-0.7107390870623791
2022-03-09 04:00:00,15.2,88,13.2,0.0,57,0.0,4.8,77,-4.676976310969129,-1.0797650608505516
2022-03-09 05:00:00,15.3,87,13.1,0.0,69,0.0,6.2,80,-6.10580806867569,-1.0766187015349686
2022-03-09 06:00:00,15.6,85,13.1,0.0,42,0.0,6.7,74,-6.440453362786736,-1.8467702839738944
2022-03-09 07:00:00,16.0,84,13.4,0.0,46,8.0,9.3,74,-8.939733772226367,-2.5634274090980926
2022-03-09 08:00:00,18.0,78,14.0,0.0,45,84.0,10.9,81,-10.765802912487002,-1.705135668938517
2022-03-09 09:00:00,19.3,72,14.2,0.0,38,225.0,13.0,90,-13.0,-7.960204194457795e-16
2022-03-09 10:00:00,20.1,70,14.4,0.0,31,356.0,13.1,98,-12.972511700514572,1.823167622576856
2022-03-09 11:00:00,20.9,67,14.5,0.0,23,476.0,13.8,105,-13.329776402789143,3.571702822414788
2022-03-09 12:00:00,21.5,64,14.5,0.0,22,548.0,14.6,110,-13.719512263474265,4.993494092554763
2022-03-09 13:00:00,21.6,63,14.3,0.0,29,453.0,16.0,113,-14.728077655239044,6.251698055828381
2022-03-09 14:00:00,21.6,62,14.1,0.0,25,504.0,17.0,111,-15.870867250452427,6.092255142270105
2022-03-09 15:00:00,21.5,57,12.8,0.0,18,473.0,15.4,111,-14.377138568056909,5.5188664229976245
2022-03-09 16:00:00,21.1,59,12.7,0.0,22,294.0,14.4,112,-13.35144750576174,5.394334945189134
2022-03-09 17:00:00,20.5,62,13.0,0.0,16,161.0,12.1,113,-11.138108726774528,4.727846654720214
2022-03-09 18:00:00,19.5,67,13.3,0.0,45,34.0,8.6,112,-7.973781149274371,3.2216167033768435
2022-03-09 19:00:00,18.8,72,13.5,0.0,51,0.0,8.0,108,-7.608452130361229,2.4721359549995787
2022-03-09 20:00:00,18.2,76,14.0,0.0,77,0.0,8.6,105,-8.306962106085987,2.2258437878816792
2022-03-09 21:00:00,17.8,81,14.6,0.0,68,0.0,6.8,108,-6.467184310807045,2.101315561749642
2022-03-09 22:00:00,18.1,80,14.5,0.0,92,0.0,4.6,108,-4.374859974957706,1.4214781741247575
2022-03-09 23:00:00,18.3,79,14.6,0.0,82,0.0,0.8,117,-0.7128052193506944,0.3631923997916374
2022-03-10 00:00:00,18.3,79,14.7,0.0,82,0.0,0.8,207,0.3631923997916373,0.7128052193506944
2022-03-10 01:00:00,18.3,80,14.8,0.0,80,0.0,1.8,233,1.437543918085127,1.083267041673687
2022-03-10 02:00:00,18.2,82,15.0,0.0,78,0.0,2.9,240,2.511473670974872,1.4500000000000013
2022-03-10 03:00:00,18.5,81,15.2,0.0,82,0.0,3.1,249,2.894099322141325,1.1109406435904323
2022-03-10 04:00:00,18.3,82,15.2,0.0,80,0.0,2.1,239,1.8000513314744355,1.0815799573111142
2022-03-10 05:00:00,18.2,82,15.1,0.0,77,0.0,0.4,180,-4.8985871965894125e-17,0.4
2022-03-10 06:00:00,18.1,82,15.0,0.0,86,0.0,2.1,31,-1.0815799573111138,-1.800051331474436
2022-03-10 07:00:00,18.1,82,15.1,0.0,100,5.0,3.9,56,-3.233246532964663,-2.1808523235359125
2022-03-10 08:00:00,19.3,76,14.9,0.0,100,54.0,6.6,61,-5.772490067120011,-3.199743493625825
2022-03-10 09:00:00,20.2,66,13.7,0.0,100,103.0,7.8,77,-7.600086505324834,-1.7546182238821464
2022-03-10 10:00:00,20.8,64,13.8,0.0,82,188.0,8.6,90,-8.6,-5.265981236333618e-16
2022-03-10 11:00:00,21.3,63,14.0,0.0,75,195.0,9.9,100,-9.74959675482086,1.71911695890261
2022-03-10 12:00:00,21.5,63,14.2,0.0,55,169.0,11.3,107,-10.806243742382302,3.303800263366925
2022-03-10 13:00:00,21.9,62,14.2,0.0,46,366.0,13.2,107,-12.62322277871207,3.859306502340124
2022-03-10 14:00:00,22.1,61,14.1,0.0,51,318.0,14.2,106,-13.649916082324127,3.914050452601386
2022-03-10 15:00:00,22.4,53,12.4,0.0,59,287.0,14.3,100,-14.082750868074577,2.483168940637104
2022-03-10 16:00:00,22.3,54,12.5,0.0,45,293.0,13.3,92,-13.291897999353974,0.4641633061432627
2022-03-10 17:00:00,21.7,57,12.9,0.0,35,142.0,10.0,77,-9.743700647852352,-2.249510543438649
2022-03-10 18:00:00,20.6,63,13.2,0.0,100,35.0,8.9,63,-7.929958065276474,-4.040515447681967
2022-03-10 19:00:00,19.5,68,13.4,0.0,100,0.0,8.5,54,-6.876644452187053,-4.996174644486022
2022-03-10 20:00:00,18.8,72,13.7,0.0,100,0.0,9.2,51,-7.149742845404131,-5.789747597658504
2022-03-10 21:00:00,18.3,76,14.0,0.0,87,0.0,9.7,51,-7.538315826132617,-6.104407793183423
2022-03-10 22:00:00,17.9,78,14.0,0.0,68,0.0,9.7,42,-6.490566881680924,-7.208504807130724
2022-03-10 23:00:00,17.4,80,13.9,0.0,100,0.0,7.7,37,-4.633975678270772,-6.149493427364155
2022-03-11 00:00:00,16.9,80,13.5,0.0,100,0.0,6.8,32,-3.603450996785793,-5.766727053863696
2022-03-11 01:00:00,16.8,79,13.1,0.0,100,0.0,4.8,27,-2.1791543987498243,-4.276831316104166
2022-03-11 02:00:00,16.7,76,12.5,0.0,95,0.0,4.5,29,-2.1816432911085166,-3.935788682127281
2022-03-11 03:00:00,15.9,86,13.5,0.0,77,0.0,5.3,28,-2.4881992827652213,-4.679622242152313
2022-03-11 04:00:00,15.6,85,13.1,0.0,66,0.0,5.3,28,-2.4881992827652213,-4.679622242152313
2022-03-11 05:00:00,15.4,85,12.9,0.0,63,0.0,5.1,39,-3.2095339943541705,-3.963444403430551
2022-03-11 06:00:00,14.6,88,12.6,0.0,62,0.0,7.8,68,-7.232034065620942,-2.9219314286441134
2022-03-11 07:00:00,14.9,87,12.8,0.0,37,17.0,8.3,72,-7.893769085249775,-2.564841053312064
2022-03-11 08:00:00,19.1,70,13.6,0.0,31,140.0,9.2,79,-9.030970087718508,-1.755442757464213
2022-03-11 09:00:00,21.4,58,12.8,0.0,31,336.0,12.4,82,-12.279324052395474,-1.7257464519048118
2022-03-11 10:00:00,22.6,55,13.0,0.0,19,508.0,15.3,82,-15.151101451746028,-2.129348444689002
2022-03-11 11:00:00,23.5,53,13.4,0.0,12,656.0,17.8,83,-17.667321499215532,-2.1692743126116256
2022-03-11 12:00:00,24.0,52,13.6,0.0,12,756.0,19.2,85,-19.126938203361515,-1.6733902607550362
2022-03-11 13:00:00,24.4,52,13.8,0.0,11,735.0,19.5,87,-19.47327592771419,-1.020551146737407
2022-03-11 14:00:00,24.4,52,14.0,0.0,5,684.0,18.0,89,-17.997258512815044,-0.3141433158711048
2022-03-11 15:00:00,24.3,52,13.7,0.0,11,555.0,17.3,91,-17.29736512620557,0.3019266313650041
2022-03-11 16:00:00,24.0,53,13.8,0.0,11,411.0,16.6,90,-16.6,-1.0164568432923032e-15
2022-03-11 17:00:00,23.2,57,14.3,0.0,7,213.0,13.0,88,-12.992080751248244,-0.453693457132514
2022-03-11 18:00:00,21.8,62,14.3,0.0,5,44.0,11.2,88,-11.193177262613872,-0.3908743630680121
2022-03-11 19:00:00,20.6,68,14.4,0.0,2,0.0,10.5,82,-10.397814721786489,-1.4613175600806874
2022-03-11 20:00:00,19.7,73,14.7,0.0,3,0.0,10.5,84,-10.44247990136687,-1.0975488643103612
2022-03-11 21:00:00,19.0,77,14.9,0.0,4,0.0,10.1,92,-10.093847352892867,0.3524849166952596
2022-03-11 22:00:00,18.4,81,15.0,0.0,3,0.0,10.5,96,-10.44247990136687,1.0975488643103624
2022-03-11 23:00:00,17.9,83,15.1,0.0,4,0.0,9.0,90,-9.0,-5.51091059616309e-16
2022-03-12 00:00:00,17.3,87,15.1,0.0,2,0.0,8.0,80,-7.878462024097664,-1.389185421335443
2022-03-12 01:00:00,16.7,89,15.0,0.0,1,0.0,7.0,69,-6.535062985480412,-2.5085756468171025
2022-03-12 02:00:00,16.4,91,14.8,0.0,2,0.0,6.0,65,-5.437846722219899,-2.5357095704441965
2022-03-12 03:00:00,16.2,92,14.9,0.0,0,0.0,5.8,60,-5.022947341949744,-2.9000000000000004
2022-03-12 04:00:00,15.7,93,14.5,0.0,1,0.0,6.0,57,-5.032023407672544,-3.2678342100901627
2022-03-12 05:00:00,15.4,93,14.3,0.0,2,0.0,7.8,68,-7.232034065620942,-2.9219314286441134
2022-03-12 06:00:00,15.6,93,14.4,0.0,10,0.0,8.0,80,-7.878462024097664,-1.389185421335443
2022-03-12 07:00:00,16.3,93,15.1,0.0,5,18.0,8.8,81,-8.691657397237213,-1.3766232923540322
2022-03-12 08:00:00,19.7,84,17.0,0.0,2,152.0,7.2,93,-7.190132650232932,0.3768188849491957
2022-03-12 09:00:00,22.1,73,17.0,0.0,2,355.0,6.0,107,-5.737828535778213,1.75423022833642
2022-03-12 10:00:00,23.4,68,17.1,0.0,0,548.0,4.8,132,-3.5670951622914924,3.2118269105225195
2022-03-12 11:00:00,24.3,64,17.2,0.0,1,690.0,6.0,147,-3.267834210090164,5.032023407672543
2022-03-12 12:00:00,24.9,62,17.2,0.0,1,765.0,7.9,150,-3.95,6.841600689897066
2022-03-12 13:00:00,25.1,62,17.2,0.0,4,770.0,9.6,146,-5.36825187331917,7.958760696528399
2022-03-12 14:00:00,25.0,62,17.1,0.0,6,663.0,11.5,139,-7.544678833390834,8.679160172561879
2022-03-12 15:00:00,24.5,64,17.3,0.0,4,481.0,12.5,123,-10.4833820993178,6.807987937687838
2022-03-12 16:00:00,24.1,65,17.1,0.0,1,352.0,12.0,111,-11.20296511796642,4.300415394543603
2022-03-12 17:00:00,23.6,67,17.2,0.0,5,195.0,9.6,103,-9.35395262193826,2.159530121701104
2022-03-12 18:00:00,22.7,72,17.3,0.0,4,43.0,8.0,98,-7.922144549932563,1.1133848076805228
2022-03-12 19:00:00,21.5,77,17.4,0.0,2,0.0,9.4,97,-9.329933825428428,1.1455718280083853
2022-03-12 20:00:00,20.1,87,17.8,0.0,8,0.0,6.4,106,-6.1520748540052415,1.764079077228794
2022-03-12 21:00:00,19.8,87,17.5,0.0,17,0.0,3.3,139,-2.1649947956686737,2.490541614735148
2022-03-12 22:00:00,19.2,89,17.4,0.0,22,0.0,4.4,171,-0.6883116461770163,4.345828698618606
2022-03-12 23:00:00,19.0,91,17.5,0.0,36,0.0,4.7,171,-0.7352419856890856,4.642135200797148
2022-03-13 00:00:00,18.6,92,17.3,0.0,38,0.0,4.1,165,-1.061158084920336,3.96029588778518
2022-03-13 01:00:00,18.1,94,17.2,0.0,34,0.0,4.1,142,-2.5242120488352,3.2308440897875594
2022-03-13 02:00:00,18.0,95,17.2,0.0,43,0.0,5.5,113,-5.062776693988422,2.149021206691006
2022-03-13 03:00:00,18.2,93,17.1,0.0,45,0.0,6.1,93,-6.0916401620029,0.3192493330819574
2022-03-13 04:00:00,17.3,95,16.5,0.0,22,0.0,6.8,90,-6.8,-4.1637991171010006e-16
2022-03-13 05:00:00,17.3,95,16.5,0.0,23,0.0,7.2,90,-7.2,-4.4087284769304716e-16
2022-03-13 06:00:00,17.5,95,16.7,0.0,18,0.0,8.6,92,-8.594761112364223,0.3001356716415082
2022-03-13 07:00:00,18.2,95,17.4,0.0,17,15.0,9.7,86,-9.676371287520292,-0.6766377953180147
2022-03-13 08:00:00,20.9,87,18.6,0.0,12,125.0,8.7,83,-8.6351515192795,-1.060263287624783
2022-03-13 09:00:00,22.7,71,17.2,0.0,2,311.0,8.8,78,-8.60769888645749,-1.8296228791962836
2022-03-13 10:00:00,24.2,61,16.3,0.0,1,505.0,9.7,75,-9.369480515003962,-2.510544737494451
2022-03-13 11:00:00,25.5,58,16.7,0.0,1,691.0,9.7,68,-8.993683389297837,-3.633683956134346
2022-03-13 12:00:00,26.2,57,17.0,0.0,1,639.0,8.9,69,-8.308865795825096,-3.1894747509531736
2022-03-13 13:00:00,26.6,56,17.1,0.0,1,616.0,8.8,71,-8.320563465273988,-2.86499975922298
2022-03-13 14:00:00,26.5,57,17.4,0.0,1,526.0,8.2,75,-7.92059177557036,-2.12231616984067
2022-03-13 15:00:00,27.1,52,16.5,0.0,4,552.0,8.4,83,-8.337387673787106,-1.023702484603239
2022-03-13 16:00:00,26.7,55,16.8,0.0,8,358.0,8.3,90,-8.3,-5.082284216461516e-16
2022-03-13 17:00:00,25.9,61,17.7,0.0,13,171.0,5.9,104,-5.72474478502838,1.42733918403804
2022-03-13 18:00:00,24.8,66,17.9,0.0,16,33.0,7.9,106,-7.59396739791272,2.1775351109542926
2022-03-13 19:00:00,23.3,74,18.5,0.0,16,0.0,7.1,114,-6.486172749262466,2.887830165838181
2022-03-13 20:00:00,22.4,78,18.5,0.0,13,0.0,3.9,112,-3.616017032810471,1.4609657143220571
2022-03-13 21:00:00,22.4,78,18.4,0.0,10,0.0,1.4,270,1.4,2.571758278209441e-16
2022-03-13 22:00:00,21.9,82,18.7,0.0,7,0.0,6.1,270,6.1,1.120551821219828e-15
2022-03-13 23:00:00,21.5,85,18.9,0.0,9,0.0,8.0,262,7.922144549932562,1.1133848076805266
2022-03-14 00:00:00,21.1,88,19.0,0.0,4,0.0,8.4,250,7.893418014601631,2.872969203935616
2022-03-14 01:00:00,20.8,90,19.1,0.0,5,0.0,7.8,248,7.232034065620941,2.921931428644116
2022-03-14 02:00:00,20.6,91,19.2,0.0,7,0.0,6.5,264,6.464392319893777,0.6794350112397468
2022-03-14 03:00:00,21.6,89,19.6,0.0,7,0.0,2.4,297,2.1384156580520832,-1.089577199374912
2022-03-14 04:00:00,21.2,89,19.4,0.0,30,0.0,2.6,56,-2.1554976886431088,-1.4539015490239418
2022-03-14 05:00:00,17.8,96,17.2,0.0,81,0.0,5.8,68,-5.377666356487367,-2.172718241812289
2022-03-14 06:00:00,17.9,96,17.3,0.0,7,0.0,8.9,76,-8.635631963856369,-2.1531048708370424
2022-03-14 07:00:00,19.0,95,18.1,0.0,4,17.0,10.4,70,-9.772803256173448,-3.557009490586956
2022-03-14 08:00:00,21.7,86,19.3,0.0,2,140.0,9.2,79,-9.030970087718508,-1.755442757464213
2022-03-14 09:00:00,23.6,77,19.3,0.0,1,324.0,10.1,86,-10.075396907624224,-0.7045403848156648
2022-03-14 10:00:00,25.0,68,18.7,0.0,3,514.0,10.8,94,-10.773691742806102,0.7533699164365536
2022-03-14 11:00:00,25.8,62,18.1,0.0,9,600.0,12.0,99,-11.852260087141651,1.8772135804827697
2022-03-14 12:00:00,26.4,60,18.0,0.0,18,678.0,13.0,96,-12.928784639787551,1.3588700224794965
2022-03-14 13:00:00,26.7,59,18.1,0.0,13,680.0,12.7,97,-12.60533612584479,1.5477406612453717
2022-03-14 14:00:00,26.7,60,18.2,0.0,18,633.0,13.7,104,-13.293051449981151,3.3143299697154487
2022-03-14 15:00:00,26.4,60,17.9,0.0,30,475.0,12.4,98,-12.279324052395474,1.7257464519048105
2022-03-14 16:00:00,26.0,61,17.9,0.0,37,371.0,11.3,99,-11.160878248725057,1.7677094549546084
2022-03-14 17:00:00,25.4,65,18.3,0.0,38,182.0,10.6,100,-10.438962181929403,1.8406706832694613
2022-03-14 18:00:00,24.3,70,18.5,0.0,28,44.0,9.0,85,-8.96575228282571,-0.7844016847289232
2022-03-14 19:00:00,23.2,74,18.4,0.0,30,0.0,10.0,75,-9.659258262890685,-2.5881904510252074
2022-03-14 20:00:00,22.5,78,18.5,0.0,36,0.0,7.3,70,-6.8597561317371305,-2.4967470462773824
2022-03-14 21:00:00,21.7,83,18.7,0.0,59,0.0,5.9,52,-4.64926344627966,-3.632402704421384
2022-03-14 22:00:00,21.6,84,18.8,0.0,59,0.0,1.6,27,-0.7263847995832748,-1.4256104387013888
2022-03-14 23:00:00,21.9,83,18.8,0.0,50,0.0,1.6,297,1.4256104387013888,-0.7263847995832746
2022-03-15 00:00:00,21.9,83,18.9,0.0,36,0.0,6.1,267,6.0916401620029,0.3192493330819602
2022-03-15 01:00:00,20.5,90,18.8,0.0,32,0.0,7.1,210,3.5500000000000007,6.148780366869514
2022-03-15 02:00:00,19.3,94,18.3,0.0,23,0.0,7.4,129,-5.750880114781586,4.656970893768796
2022-03-15 03:00:00,19.4,94,18.4,0.0,25,0.0,6.9,84,-6.862201078041086,-0.7212463965468089
2022-03-15 04:00:00,19.2,93,18.0,0.0,22,0.0,7.4,67,-6.811735915548059,-2.891410350820625
2022-03-15 05:00:00,18.7,94,17.6,0.0,23,0.0,8.0,80,-7.878462024097664,-1.389185421335443
2022-03-15 06:00:00,18.3,94,17.4,0.0,21,0.0,9.0,95,-8.96575228282571,0.7844016847289241
2022-03-15 07:00:00,19.1,93,18.0,0.0,21,16.0,9.4,94,-9.377102072442348,0.6557108531947782
2022-03-15 08:00:00,22.2,83,19.2,0.0,25,138.0,9.0,92,-8.994517443171862,0.3140954703225086
2022-03-15 09:00:00,23.6,74,18.7,0.0,20,289.0,10.1,94,-10.075396907624224,0.7045403848156658
2022-03-15 10:00:00,24.8,67,18.2,0.0,24,506.0,9.7,94,-9.676371287520292,0.6766377953180156
2022-03-15 11:00:00,25.7,62,17.9,0.0,26,636.0,9.7,105,-9.369480515003962,2.510544737494452
2022-03-15 12:00:00,26.3,60,18.0,0.0,26,737.0,10.5,112,-9.735430472951268,3.933369230867077
2022-03-15 13:00:00,26.5,61,18.3,0.0,23,753.0,13.1,111,-12.229903587113345,4.694620139043433
2022-03-15 14:00:00,26.4,62,18.6,0.0,12,673.0,14.8,104,-14.360376748884748,3.5804440548750835
2022-03-15 15:00:00,26.1,64,18.8,0.0,5,560.0,15.6,98,-15.448181872368496,2.17110037497702
2022-03-15 16:00:00,25.7,66,19.0,0.0,6,393.0,14.4,94,-14.36492232374147,1.0044932219154048
2022-03-15 17:00:00,25.1,70,19.2,0.0,8,206.0,11.5,94,-11.47198657798798,0.8021994480574413
2022-03-15 18:00:00,24.1,76,19.5,0.0,3,45.0,9.7,90,-9.7,-5.939536975864663e-16
2022-03-15 19:00:00,22.8,82,19.6,0.0,0,0.0,9.7,90,-9.7,-5.939536975864663e-16
2022-03-15 20:00:00,21.9,88,19.7,0.0,0,0.0,9.0,92,-8.994517443171862,0.3140954703225086
2022-03-15 21:00:00,21.2,91,19.8,0.0,2,0.0,9.4,97,-9.329933825428428,1.1455718280083853
2022-03-15 22:00:00,20.7,94,19.7,0.0,2,0.0,8.1,103,-7.892397524760405,1.8221035401853067
2022-03-15 23:00:00,20.4,95,19.6,0.0,12,0.0,5.6,105,-5.409184627218783,1.4493866525741166
2022-03-16 00:00:00,20.1,96,19.5,0.0,42,0.0,5.2,115,-4.71280049259058,2.1976149610516367
2022-03-16 01:00:00,19.8,97,19.3,0.0,51,0.0,7.4,113,-6.811735915548058,2.8914103508206264
2022-03-16 02:00:00,19.9,97,19.3,0.0,89,0.0,7.3,99,-7.210124886344506,1.1419715947936848
2022-03-16 03:00:00,19.9,97,19.4,0.0,41,0.0,7.6,87,-7.589584464134761,-0.3977532674463741
2022-03-16 04:00:00,19.9,97,19.4,0.0,34,0.0,7.3,79,-7.165878439167947,-1.3929056662487778
2022-03-16 05:00:00,19.9,97,19.3,0.0,40,0.0,7.0,78,-6.847033205136639,-1.4553818357243162
2022-03-16 06:00:00,19.8,97,19.2,0.0,32,0.0,6.8,87,-6.790680836331102,-0.3558845024520189
2022-03-16 07:00:00,20.1,96,19.4,0.0,33,7.0,7.2,87,-7.190132650232932,-0.3768188849491966
2022-03-16 08:00:00,22.0,91,20.4,0.0,32,67.0,5.4,98,-5.34744757120448,0.7515347451843529
2022-03-16 09:00:00,23.6,82,20.4,0.0,30,182.0,5.5,122,-4.664264528860343,2.914555953282626
2022-03-16 10:00:00,24.6,77,20.3,0.0,30,275.0,5.6,130,-4.289848881466277,3.5996106142446203
2022-03-16 11:00:00,25.5,73,20.2,0.0,29,354.0,5.7,145,-3.269385687200962,4.669166652447254
2022-03-16 12:00:00,25.9,70,20.1,0.0,29,419.0,6.6,171,-1.0324674692655245,6.5187430479279085
2022-03-16 13:00:00,26.1,69,20.0,0.0,32,456.0,8.3,182,0.2896658226307575,8.294943864258496
2022-03-16 14:00:00,26.0,69,19.8,0.0,36,474.0,10.0,167,-2.249510543438652,9.743700647852352
2022-03-16 15:00:00,25.5,69,19.4,0.0,38,304.0,11.2,147,-6.099957192168305,9.393110360988748
2022-03-16 16:00:00,25.0,71,19.3,0.0,37,238.0,10.5,128,-8.274112912870581,6.464445490919412
2022-03-16 17:00:00,24.4,73,19.2,0.0,40,102.0,8.0,108,-7.608452130361229,2.4721359549995787
2022-03-16 18:00:00,23.7,76,19.3,0.0,33,21.0,6.4,106,-6.1520748540052415,1.764079077228794
2022-03-16 19:00:00,23.0,81,19.5,0.0,36,0.0,7.6,109,-7.185941174554808,2.4743179738743906
2022-03-16 20:00:00,22.3,85,19.6,0.0,36,0.0,6.1,93,-6.0916401620029,0.3192493330819574
2022-03-16 21:00:00,21.9,87,19.7,0.0,38,0.0,6.1,93,-6.0916401620029,0.3192493330819574
2022-03-16 22:00:00,21.4,90,19.7,0.0,36,0.0,3.9,112,-3.616017032810471,1.4609657143220571
2022-03-16 23:00:00,21.2,91,19.8,0.0,41,0.0,3.6,180,-4.4087284769304716e-16,3.6
2022-03-17 00:00:00,21.8,88,19.8,0.0,42,0.0,6.6,202,2.472403516545019,6.1194134401407965
2022-03-17 01:00:00,21.1,91,19.6,0.0,37,0.0,7.7,221,5.051654523226905,5.811263767715346
2022-03-17 02:00:00,20.3,93,19.1,0.0,35,0.0,8.4,223,5.7287862245249865,6.143371093601033
2022-03-17 03:00:00,20.7,91,19.2,0.0,40,0.0,6.9,219,4.34231069824388,5.362307134053099
2022-03-17 04:00:00,20.9,91,19.4,0.0,62,0.0,6.1,177,-0.3192493330819572,6.0916401620029
2022-03-17 05:00:00,20.9,91,19.4,0.0,60,0.0,5.0,150,-2.5,4.330127018922194
2022-03-17 06:00:00,20.2,95,19.3,0.0,57,0.0,6.7,126,-5.420413862312148,3.9381611903595695
2022-03-17 07:00:00,21.1,93,20.0,0.0,69,5.0,8.7,114,-7.947845481490627,3.538608794759462
2022-03-17 08:00:00,23.0,87,20.7,0.0,79,32.0,9.7,112,-8.993683389297837,3.633683956134347
2022-03-17 09:00:00,24.0,81,20.4,0.2,100,97.0,12.5,108,-11.88820645368942,3.862712429686842
2022-03-17 10:00:00,24.3,79,20.4,0.4,100,191.0,14.4,103,-14.030928932907388,3.2392951825516567
2022-03-17 11:00:00,24.8,78,20.6,0.4,100,343.0,14.4,94,-14.36492232374147,1.0044932219154048
2022-03-17 12:00:00,25.2,76,20.8,0.4,100,337.0,11.6,97,-11.513535359039336,1.4136843834997097
2022-03-17 13:00:00,25.4,77,21.0,0.9,91,400.0,10.0,105,-9.659258262890685,2.5881904510252083
2022-03-17 14:00:00,25.4,78,21.2,1.0,100,312.0,10.3,119,-9.008582983535778,4.993539088537272
2022-03-17 15:00:00,25.7,76,21.0,0.0,86,212.0,10.2,113,-9.38914950521489,3.9854575105905927
2022-03-17 16:00:00,25.6,76,21.0,0.2,83,163.0,12.2,124,-10.114258385171508,6.822153422343109
2022-03-17 17:00:00,24.7,79,20.9,0.4,81,57.0,11.4,125,-9.338333304894505,6.538771374401926
2022-03-17 18:00:00,23.7,84,20.7,0.6,100,8.0,12.5,134,-8.991747504233139,8.683229630737467
2022-03-17 19:00:00,22.6,90,20.9,1.3,100,0.0,9.7,121,-8.31452281681049,4.995869326627526
2022-03-17 20:00:00,22.1,93,21.0,2.5,100,0.0,8.0,108,-7.608452130361229,2.4721359549995787
2022-03-17 21:00:00,21.8,94,20.9,3.7,100,0.0,6.1,93,-6.0916401620029,0.3192493330819574
2022-03-17 22:00:00,21.8,95,20.9,3.9,100,0.0,4.7,58,-3.9858260519352022,-2.490620541896063
2022-03-17 23:00:00,21.8,95,20.9,2.5,53,0.0,5.5,11,-1.0494494745709964,-5.398949508962152
2022-03-18 00:00:00,22.1,92,20.7,1.5,11,0.0,4.0,5,-0.3486229709906326,-3.984778792366982
2022-03-18 01:00:00,22.1,92,20.7,0.0,14,0.0,3.7,191,0.7059932828932155,3.632020578756357
2022-03-18 02:00:00,22.2,91,20.6,0.0,19,0.0,4.7,180,-5.755839955992562e-16,4.7
2022-03-18 03:00:00,21.7,96,21.0,0.0,38,0.0,4.9,163,-1.4326213531414094,4.685893304218874
2022-03-18 04:00:00,21.5,96,20.7,0.0,55,0.0,7.1,135,-5.020458146424487,5.020458146424486
2022-03-18 05:00:00,21.5,95,20.7,0.1,84,0.0,7.9,120,-6.841600689897066,3.9499999999999984
2022-03-18 06:00:00,21.5,96,20.8,0.0,82,0.0,8.0,117,-7.128052193506943,3.631923997916374
2022-03-18 07:00:00,22.0,96,21.3,0.0,84,15.0,8.9,117,-7.929958065276475,4.040515447681966
2022-03-18 08:00:00,23.1,93,22.0,0.0,66,87.0,10.9,124,-9.036509540849956,6.095202647831139
2022-03-18 09:00:00,24.3,89,22.5,0.0,50,266.0,14.5,125,-11.87770464219038,8.31685832709017
2022-03-18 10:00:00,25.1,86,22.7,0.0,50,410.0,16.2,122,-13.7383791577341,8.584692080577918
2022-03-18 11:00:00,25.5,85,22.8,0.0,62,417.0,18.7,120,-16.194675050769003,9.349999999999996
2022-03-18 12:00:00,25.8,84,22.8,0.0,70,468.0,20.4,111,-19.045040700542916,7.310706170724125
2022-03-18 13:00:00,25.7,80,21.9,0.0,36,506.0,22.3,99,-22.02544999527157,3.488488570397147
2022-03-18 14:00:00,25.9,74,20.9,0.0,41,606.0,22.5,96,-22.37674264578615,2.351890423522205
2022-03-18 15:00:00,25.8,70,19.9,0.0,49,452.0,21.0,95,-20.920088659926652,1.830270597700823
2022-03-18 16:00:00,25.4,70,19.6,0.0,25,286.0,18.0,92,-17.989034886343724,0.6281909406450172
2022-03-18 17:00:00,24.8,72,19.5,0.0,20,184.0,15.9,94,-15.861268399131204,1.1091279325315928
2022-03-18 18:00:00,23.7,77,19.4,0.0,20,44.0,11.9,95,-11.854716907291772,1.037153338697133
2022-03-18 19:00:00,22.7,80,19.1,0.0,23,0.0,10.5,96,-10.44247990136687,1.0975488643103624
2022-03-18 20:00:00,22.1,82,18.8,0.0,24,0.0,7.6,98,-7.5260373224359345,1.0577155672964966
2022-03-18 21:00:00,21.6,84,18.8,0.0,32,0.0,7.1,114,-6.486172749262466,2.887830165838181
2022-03-18 22:00:00,21.1,87,18.8,0.0,26,0.0,7.0,125,-5.734064310022942,4.015035054457323
2022-03-18 23:00:00,20.6,90,18.9,0.0,40,0.0,6.5,124,-5.388744221607771,3.6347538725598536
2022-03-19 00:00:00,21.0,88,19.0,0.0,34,0.0,6.4,133,-4.680663690362692,4.364789504399989
2022-03-19 01:00:00,20.9,89,19.1,0.0,36,0.0,6.1,140,-3.9210044190878905,4.672871103025765
2022-03-19 02:00:00,19.3,95,18.5,0.0,44,0.0,7.8,112,-7.232034065620942,2.9219314286441143
2022-03-19 03:00:00,20.1,91,18.6,0.0,68,0.0,12.7,97,-12.60533612584479,1.5477406612453717
2022-03-19 04:00:00,20.1,89,18.3,0.0,59,0.0,11.9,90,-11.9,-7.286648454926752e-16
2022-03-19 05:00:00,20.2,88,18.1,0.0,46,0.0,8.3,90,-8.3,-5.082284216461516e-16
2022-03-19 06:00:00,20.1,88,18.1,0.0,38,0.0,7.6,90,-7.6,-4.653657836759942e-16
2022-03-19 07:00:00,20.3,89,18.5,0.0,42,8.0,6.3,103,-6.1385314081469815,1.4171916423663498
2022-03-19 08:00:00,21.8,82,18.6,0.0,43,75.0,0.5,135,-0.3535533905932738,0.3535533905932737
2022-03-19 09:00:00,23.2,78,19.1,0.0,48,149.0,5.0,249,4.667902132486008,1.7918397477265036
2022-03-19 10:00:00,24.3,76,19.8,0.0,46,299.0,5.2,214,2.907803098047883,4.3109953772862175
2022-03-19 11:00:00,25.1,73,19.8,0.0,52,441.0,9.2,138,-6.156001578501496,6.836932394392026
2022-03-19 12:00:00,25.3,70,19.5,0.0,65,566.0,9.9,134,-7.121464023352646,6.877117867544074
2022-03-19 13:00:00,25.2,70,19.3,0.0,47,552.0,8.4,137,-5.728786224524987,6.143371093601032
2022-03-19 14:00:00,25.2,70,19.3,0.0,47,469.0,8.2,131,-6.1886185578267305,5.379684037722158
2022-03-19 15:00:00,24.9,68,18.5,0.0,40,339.0,8.4,121,-7.200205325897744,4.326319829244456
2022-03-19 16:00:00,24.7,68,18.4,0.0,53,258.0,7.1,114,-6.486172749262466,2.887830165838181
2022-03-19 17:00:00,24.4,69,18.4,0.0,58,135.0,5.2,102,-5.08636752381579,1.0811407922523486
2022-03-19 18:00:00,23.9,71,18.3,0.0,37,26.0,4.0,100,-3.939231012048832,0.6945927106677212
2022-03-19 19:00:00,23.1,76,18.7,0.0,23,0.0,6.6,68,-6.1194134401407965,-2.4724035165450187
2022-03-19 20:00:00,22.5,81,19.0,0.0,28,0.0,7.4,67,-6.811735915548059,-2.891410350820625
2022-03-19 21:00:00,22.1,84,19.2,0.0,32,0.0,6.9,96,-6.862201078041086,0.7212463965468096
2022-03-19 22:00:00,21.7,86,19.3,0.0,34,0.0,6.6,112,-6.1194134401407965,2.47240351654502
2022-03-19 23:00:00,21.4,88,19.3,0.0,40,0.0,6.4,106,-6.1520748540052415,1.764079077228794
2022-03-20 00:00:00,21.3,89,19.3,0.0,71,0.0,7.3,99,-7.210124886344506,1.1419715947936848
2022-03-20 01:00:00,21.1,89,19.3,0.0,93,0.0,7.9,90,-7.9,-4.837354856632045e-16
2022-03-20 02:00:00,20.9,91,19.3,0.0,99,0.0,7.9,90,-7.9,-4.837354856632045e-16
2022-03-20 03:00:00,20.9,91,19.3,0.5,100,0.0,8.3,92,-8.294943864258496,0.2896658226307579
2022-03-20 04:00:00,20.7,91,19.2,0.4,100,0.0,8.6,90,-8.6,-5.265981236333618e-16
2022-03-20 05:00:00,20.7,91,19.2,0.3,93,0.0,9.0,88,-8.994517443171862,-0.3140954703225097
2022-03-20 06:00:00,20.6,91,19.1,0.1,100,0.0,10.8,86,-10.773691742806102,-0.7533699164365526
2022-03-20 07:00:00,21.0,89,19.2,0.0,82,19.0,11.5,86,-11.47198657798798,-0.8021994480574401
2022-03-20 08:00:00,22.4,83,19.4,0.0,69,116.0,10.8,86,-10.773691742806102,-0.7533699164365526
2022-03-20 09:00:00,23.8,76,19.4,0.0,46,305.0,10.3,102,-10.0749202875582,2.141490415422921
2022-03-20 10:00:00,25.1,73,19.9,0.0,27,526.0,11.3,112,-10.4771775566047,4.233054505599807
2022-03-20 11:00:00,25.8,71,20.2,0.0,37,597.0,10.6,114,-9.683581851011567,4.3114084166034825
2022-03-20 12:00:00,26.3,69,20.2,0.0,37,684.0,8.4,110,-7.893418014601631,2.872969203935617
2022-03-20 13:00:00,26.6,68,20.3,0.0,25,669.0,6.5,109,-6.14587074139556,2.116193003971518
2022-03-20 14:00:00,26.6,68,20.2,0.0,24,608.0,7.8,124,-6.466493065929326,4.361704647071824
2022-03-20 15:00:00,26.4,70,20.4,0.0,36,457.0,8.4,130,-6.434773322199416,5.399415921366931
2022-03-20 16:00:00,25.8,71,20.3,0.0,16,236.0,8.5,126,-6.876644452187053,4.996174644486021
2022-03-20 17:00:00,25.3,74,20.3,0.0,36,169.0,7.7,118,-6.798696465013737,3.61493103345136
2022-03-20 18:00:00,24.6,77,20.3,0.0,20,43.0,7.6,95,-7.571079705497266,0.6623836448822026
2022-03-20 19:00:00,23.6,82,20.3,0.0,29,0.0,7.2,87,-7.190132650232932,-0.3768188849491966
2022-03-20 20:00:00,22.9,86,20.3,0.0,41,0.0,8.0,98,-7.922144549932563,1.1133848076805228
2022-03-20 21:00:00,22.4,88,20.3,0.0,56,0.0,10.1,92,-10.093847352892867,0.3524849166952596
2022-03-20 22:00:00,22.1,89,20.3,0.1,83,0.0,9.0,88,-8.994517443171862,-0.3140954703225097
2022-03-20 23:00:00,22.0,90,20.2,0.5,61,0.0,6.9,99,-6.815049550106451,1.0793978087775926
2022-03-21 00:00:00,21.9,90,20.2,0.2,47,0.0,6.8,115,-6.16289295184922,2.8738041798367555
2022-03-21 01:00:00,21.6,92,20.3,0.4,61,0.0,7.9,114,-7.217009115376547,3.213219480298822
2022-03-21 02:00:00,21.6,93,20.3,0.2,74,0.0,7.6,95,-7.571079705497266,0.6623836448822026
2022-03-21 03:00:00,21.7,90,20.1,0.1,62,0.0,9.8,98,-9.70462707366739,1.3638963894086409
2022-03-21 04:00:00,21.6,91,20.0,0.1,31,0.0,11.7,99,-11.555953584963111,1.8302832409707004
2022-03-21 05:00:00,21.4,91,19.9,0.6,27,0.0,10.8,92,-10.793420931806237,0.3769145643870103
2022-03-21 06:00:00,21.4,91,19.8,0.2,25,0.0,10.4,76,-10.091075553270365,-2.515987714236544
2022-03-21 07:00:00,21.6,91,20.1,0.0,19,14.0,10.4,110,-9.772803256173448,3.557009490586955
2022-03-21 08:00:00,23.0,87,20.6,0.0,21,84.0,12.6,117,-11.226682204773436,5.720280296718289
2022-03-21 09:00:00,24.4,81,20.8,0.0,34,307.0,12.5,108,-11.88820645368942,3.862712429686842
2022-03-21 10:00:00,25.3,76,20.9,0.0,32,413.0,10.1,94,-10.075396907624224,0.7045403848156658
2022-03-21 11:00:00,26.5,72,21.1,0.0,32,583.0,6.8,87,-6.790680836331102,-0.3558845024520189
2022-03-21 12:00:00,27.1,71,21.3,0.0,32,486.0,5.2,115,-4.71280049259058,2.1976149610516367
2022-03-21 13:00:00,27.4,71,21.7,0.0,14,610.0,6.9,152,-3.2393537832226458,6.092338390726597
2022-03-21 14:00:00,27.7,71,22.0,0.0,20,610.0,7.3,169,-1.3929056662487782,7.165878439167947
2022-03-21 15:00:00,27.8,71,22.0,0.0,25,500.0,9.8,163,-2.8652427062828187,9.371786608437748
2022-03-21 16:00:00,27.1,73,21.9,0.0,43,362.0,11.1,151,-5.381386784734342,9.708278749247292
2022-03-21 17:00:00,26.1,78,22.0,0.0,34,108.0,5.5,148,-2.914555953282627,4.664264528860342
2022-03-21 18:00:00,25.5,81,22.1,0.0,47,36.0,5.0,120,-4.330127018922194,2.499999999999999
2022-03-21 19:00:00,25.0,86,22.4,0.0,44,0.0,6.1,90,-6.1,-3.735172737399427e-16
2022-03-21 20:00:00,24.3,91,22.6,0.0,48,0.0,7.4,113,-6.811735915548058,2.8914103508206264
2022-03-21 21:00:00,23.7,93,22.5,0.0,37,0.0,6.1,93,-6.0916401620029,0.3192493330819574
2022-03-21 22:00:00,23.2,94,22.2,0.0,22,0.0,5.7,72,-5.421022142882375,-1.7613968679372003
2022-03-21 23:00:00,23.3,94,22.2,0.0,25,0.0,3.3,96,-3.281922254715301,0.3449439287832567
2022-03-22 00:00:00,23.4,93,22.2,0.0,23,0.0,3.4,122,-2.8833635269318485,1.8017254983928963
2022-03-22 01:00:00,23.4,93,22.3,0.0,32,0.0,2.3,141,-1.4474368994146258,1.7874357113510329
2022-03-22 02:00:00,23.4,93,22.2,0.0,59,0.0,4.4,215,2.5237363199446032,3.604268994871564
2022-03-22 03:00:00,22.9,94,21.8,0.0,55,0.0,6.2,260,6.10580806867569,1.0766187015349682
2022-03-22 04:00:00,23.0,93,21.9,0.0,57,0.0,6.8,273,6.790680836331102,-0.3558845024520188
2022-03-22 05:00:00,23.2,92,21.8,0.2,59,0.0,5.1,278,5.050367150582009,-0.7097828148963339
2022-03-22 06:00:00,23.0,92,21.7,1.1,39,0.0,4.2,340,1.436484601967808,-3.946709007300816
2022-03-22 07:00:00,23.4,92,22.1,1.3,68,13.0,4.8,48,-3.5670951622914924,-3.2118269105225195
2022-03-22 08:00:00,24.5,89,22.7,1.4,70,54.0,8.9,76,-8.635631963856369,-2.1531048708370424
2022-03-22 09:00:00,24.4,89,22.6,2.4,49,160.0,11.4,77,-11.107818738551682,-2.5644420195200603
2022-03-22 10:00:00,24.5,89,22.5,1.6,11,163.0,7.9,90,-7.9,-4.837354856632045e-16
2022-03-22 11:00:00,25.2,86,22.6,1.1,5,233.0,8.9,137,-6.069785404556237,6.509047944410617
2022-03-22 12:00:00,25.3,86,22.7,1.1,7,223.0,12.9,126,-10.436319227436822,7.582429754572902
2022-03-22 13:00:00,25.2,86,22.6,1.0,18,181.0,17.1,108,-16.26306642864713,5.2841906038116
2022-03-22 14:00:00,25.3,85,22.5,0.0,21,200.0,19.4,101,-19.04356735888468,3.7016945103049688
2022-03-22 15:00:00,26.4,77,22.0,0.0,23,434.0,19.1,101,-18.749079203850386,3.644451811692006
2022-03-22 16:00:00,25.5,78,21.3,0.0,26,210.0,19.1,102,-18.68261917401569,3.971113294619204
2022-03-22 17:00:00,24.1,80,20.5,0.2,19,136.0,19.4,100,-19.105270408436837,3.368774646738448
2022-03-22 18:00:00,23.0,83,19.9,0.5,35,24.0,18.0,92,-17.989034886343724,0.6281909406450172
2022-03-22 19:00:00,22.2,85,19.6,0.1,45,0.0,17.0,95,-16.935309867559674,1.48164762671019
2022-03-22 20:00:00,21.9,87,19.6,0.0,25,0.0,17.1,97,-16.97253919306661,2.0839657722280203
2022-03-22 21:00:00,21.7,87,19.5,0.0,28,0.0,17.4,103,-16.95403912726309,3.9141483455832513
2022-03-22 22:00:00,21.3,89,19.4,0.0,37,0.0,17.3,102,-16.92195349269484,3.5968722511472366
2022-03-22 23:00:00,21.0,89,19.1,0.0,35,0.0,18.5,97,-18.36210380536446,2.254582852995226
2022-03-23 00:00:00,20.7,88,18.7,0.0,44,0.0,15.2,94,-15.162973563949327,1.060298400910705
2022-03-23 01:00:00,20.5,88,18.5,0.0,33,0.0,14.2,111,-13.256842056260265,5.088824883543263
2022-03-23 02:00:00,20.3,89,18.4,0.0,57,0.0,17.3,111,-16.15094137840159,6.199765527133695
2022-03-23 03:00:00,20.6,89,18.7,0.0,100,0.0,20.3,103,-19.77971231514028,4.56650640318046
2022-03-23 04:00:00,20.3,91,18.7,0.0,100,0.0,19.7,99,-19.45746030972421,3.081758961292547
2022-03-23 05:00:00,20.3,89,18.4,0.1,100,0.0,18.9,99,-18.667309637248103,2.9566113892603623
2022-03-23 06:00:00,20.2,89,18.4,0.5,100,0.0,16.3,96,-16.210706894502856,1.703813951262753
2022-03-23 07:00:00,20.1,92,18.7,0.7,100,3.0,17.1,105,-16.51733162954307,4.425805671253107
2022-03-23 08:00:00,20.3,90,18.6,0.8,100,3.0,18.2,99,-17.975927798831506,2.847107263732201
2022-03-23 09:00:00,20.7,90,19.0,0.7,100,17.0,18.8,95,-18.728460324124818,1.6385279636559749
2022-03-23 10:00:00,20.6,92,19.2,1.2,100,1.0,20.8,99,-20.543917484378863,3.253836872836801
2022-03-23 11:00:00,20.3,91,18.7,1.2,100,37.0,22.0,100,-21.665770566268577,3.8202599086724662
2022-03-23 12:00:00,20.1,86,17.8,0.5,100,29.0,22.6,107,-21.612487484764603,6.607600526733849
2022-03-23 13:00:00,19.7,89,17.9,1.0,100,1.0,22.0,101,-21.59579803584861,4.197797898283985
2022-03-23 14:00:00,19.3,91,17.8,1.6,100,2.0,18.7,92,-18.68860846525709,0.6526205883367678
2022-03-23 15:00:00,19.3,91,17.7,4.6,100,1.0,17.8,97,-17.667321499215532,2.1692743126116234
2022-03-23 16:00:00,18.9,90,17.3,4.0,100,0.0,19.1,102,-18.68261917401569,3.971113294619204
2022-03-23 17:00:00,18.9,88,16.9,2.9,100,0.0,19.3,99,-19.06238497348616,3.019185175276455
2022-03-23 18:00:00,18.8,88,16.8,1.4,91,0.0,16.5,100,-16.249327924701433,2.86519493150435
2022-03-23 19:00:00,18.7,89,16.8,1.5,100,0.0,18.2,99,-17.975927798831506,2.847107263732201
2022-03-23 20:00:00,18.6,89,16.8,0.8,100,0.0,19.9,95,-19.824274492025737,1.7343992806783988
2022-03-23 21:00:00,18.5,90,16.7,0.9,100,0.0,19.1,89,-19.097090977487078,-0.3333409629521167
2022-03-23 22:00:00,18.5,89,16.7,1.1,98,0.0,14.9,82,-14.7549942242494,-2.0736792043049754
2022-03-23 23:00:00,18.4,90,16.6,0.8,100,0.0,12.3,87,-12.283143277481258,-0.6437322617882109
2022-03-24 00:00:00,18.5,90,16.8,0.7,100,0.0,11.3,97,-11.21577151354694,1.3771235804781654
2022-03-24 01:00:00,18.6,90,16.8,0.7,100,0.0,12.7,105,-12.267257993871167,3.2870018728020147
2022-03-24 02:00:00,18.6,90,16.9,0.6,100,0.0,12.1,100,-11.916173811447717,2.101142949769857
2022-03-24 03:00:00,18.8,89,16.9,0.2,100,0.0,12.6,103,-12.277062816293965,2.8343832847326995
2022-03-24 04:00:00,18.7,89,16.8,0.3,100,0.0,12.7,98,-12.576404473017943,1.7674983821928298
2022-03-24 05:00:00,18.7,89,16.9,0.5,100,0.0,10.8,94,-10.773691742806102,0.7533699164365536
2022-03-24 06:00:00,18.7,90,17.0,0.8,100,0.0,10.2,98,-10.100734301164016,1.4195656297926664
2022-03-24 07:00:00,19.0,89,17.2,0.6,100,2.0,11.2,90,-11.2,-6.858022075225179e-16
2022-03-24 08:00:00,19.5,88,17.4,0.9,88,5.0,8.4,100,-8.272385125302547,1.4586446924022145
2022-03-24 09:00:00,19.9,88,17.9,0.6,88,7.0,7.3,123,-6.122295146001595,3.9758649556096977
2022-03-24 10:00:00,20.8,84,17.9,0.3,83,20.0,7.4,129,-5.750880114781586,4.656970893768796
2022-03-24 11:00:00,22.0,79,18.3,0.1,98,94.0,7.1,131,-5.358438019581682,4.658019105832601
2022-03-24 12:00:00,22.5,78,18.5,0.3,100,144.0,7.2,117,-6.415246974156249,3.2687315981247367
2022-03-24 13:00:00,22.2,79,18.4,0.4,100,36.0,6.8,108,-6.467184310807045,2.101315561749642
2022-03-24 14:00:00,22.1,80,18.5,0.3,100,44.0,6.3,114,-5.755336383148386,2.5624408513775414
2022-03-24 15:00:00,21.7,84,18.9,0.7,100,2.0,6.3,121,-5.400153994423308,3.2447398719333416
2022-03-24 16:00:00,21.8,82,18.7,0.4,100,13.0,6.1,135,-4.31335136523794,4.313351365237939
2022-03-24 17:00:00,21.8,83,18.7,0.2,100,2.0,7.0,145,-4.0150350544573215,5.734064310022943
2022-03-24 18:00:00,21.5,84,18.7,0.1,100,3.0,7.7,118,-6.798696465013737,3.61493103345136
2022-03-24 19:00:00,21.1,86,18.6,0.1,100,0.0,8.0,95,-7.969557584733964,0.6972459419812659
2022-03-24 20:00:00,21.0,86,18.6,0.0,100,0.0,7.5,107,-7.172285669722767,2.192787785420525
2022-03-24 21:00:00,20.9,87,18.6,0.0,88,0.0,8.6,92,-8.594761112364223,0.3001356716415082
2022-03-24 22:00:00,20.8,87,18.6,0.0,94,0.0,8.7,83,-8.6351515192795,-1.060263287624783
2022-03-24 23:00:00,20.7,88,18.6,0.0,86,0.0,5.8,90,-5.8,-3.5514757175273243e-16
2022-03-25 00:00:00,20.7,89,18.7,0.0,66,0.0,4.8,117,-4.276831316104166,2.1791543987498243
2022-03-25 01:00:00,20.7,89,18.9,0.0,62,0.0,6.6,119,-5.772490067120012,3.199743493625824
2022-03-25 02:00:00,20.7,89,18.9,0.0,80,0.0,8.9,104,-8.635631963856369,2.1531048708370437
2022-03-25 03:00:00,20.6,90,18.8,0.3,65,0.0,6.6,99,-6.518743047927909,1.0324674692655234
2022-03-25 04:00:00,20.4,91,18.9,0.0,23,0.0,5.8,112,-5.377666356487367,2.17271824181229
2022-03-25 05:00:00,20.2,93,19.0,0.0,45,0.0,7.4,141,-4.656970893768797,5.750880114781585
2022-03-25 06:00:00,19.9,94,19.0,0.0,55,0.0,5.5,113,-5.062776693988422,2.149021206691006
2022-03-25 07:00:00,21.2,89,19.3,0.0,30,20.0,3.3,139,-2.1649947956686737,2.490541614735148
2022-03-25 08:00:00,22.6,86,20.1,0.0,13,108.0,3.3,193,0.7423384793347544,3.2154212137912763
2022-03-25 09:00:00,24.0,81,20.5,0.0,12,265.0,6.8,238,5.766727053863696,3.603450996785794
2022-03-25 10:00:00,25.5,76,20.9,0.0,12,409.0,10.9,261,10.765802912487,1.7051356689385184
2022-03-25 11:00:00,27.3,70,21.2,0.0,8,617.0,14.8,266,14.763947943845398,1.0323958114130587
2022-03-25 12:00:00,28.3,66,21.4,0.0,9,502.0,19.8,270,19.8,3.637200993467639e-15
2022-03-25 13:00:00,29.3,63,21.5,0.0,4,581.0,24.2,273,24.166834741060686,-1.2665301410792436
2022-03-25 14:00:00,29.5,63,21.7,0.0,21,558.0,25.2,272,25.184648840881213,-0.8794673169030323
2022-03-25 15:00:00,29.4,65,22.2,0.0,43,417.0,24.5,273,24.466423601487055,-1.282230927952127
2022-03-25 16:00:00,28.8,69,22.6,0.0,34,218.0,23.5,276,23.371264541154424,-2.4564188867898453
2022-03-25 17:00:00,28.2,71,22.5,0.0,12,150.0,23.0,279,22.71683183368817,-3.597992695925305
2022-03-25 18:00:00,27.4,73,22.1,0.0,2,44.0,21.9,279,21.63037465903352,-3.425914784381052
2022-03-25 19:00:00,26.7,75,21.9,0.0,5,0.0,19.7,285,19.02873877789465,-5.098735188519649
2022-03-25 20:00:00,26.4,76,21.8,0.0,18,0.0,19.0,285,18.3525906994923,-4.917561856947886
2022-03-25 21:00:00,26.3,76,21.8,0.0,35,0.0,17.6,285,17.000294542687605,-4.555215193804358
2022-03-25 22:00:00,26.0,78,21.8,0.0,51,0.0,16.9,286,16.245322661357587,-4.6582713133072895
2022-03-25 23:00:00,25.7,79,21.8,0.0,40,0.0,16.1,290,15.129051194653126,-5.506524307543272
2022-03-26 00:00:00,25.5,80,21.8,0.3,17,0.0,16.6,292,15.391251985808672,-6.218469450704139
2022-03-26 01:00:00,25.2,81,21.7,0.4,12,0.0,14.2,286,13.649916082324124,-3.914050452601391
2022-03-26 02:00:00,25.0,81,21.5,0.0,29,0.0,13.9,287,13.292636107886192,-4.06396669564604
2022-03-26 03:00:00,24.9,82,21.7,0.0,22,0.0,13.7,288,13.029474273243604,-4.233532822936777
2022-03-26 04:00:00,24.6,84,21.8,0.0,32,0.0,11.8,290,11.08837292527372,-4.035837691242894
2022-03-26 05:00:00,24.3,85,21.7,0.0,41,0.0,11.2,291,10.45610077676866,-4.013721034907364
2022-03-26 06:00:00,24.3,86,21.8,0.1,36,0.0,8.3,270,8.3,1.5246852649384548e-15
2022-03-26 07:00:00,24.7,86,22.1,0.0,39,26.0,8.3,268,8.294943864258496,0.2896658226307563
2022-03-26 08:00:00,26.3,81,22.7,0.0,40,142.0,8.6,268,8.594761112364223,0.3001356716415065
2022-03-26 09:00:00,27.6,73,22.4,0.0,29,287.0,9.0,268,8.994517443171862,0.3140954703225068
2022-03-26 10:00:00,28.6,69,22.4,0.0,28,492.0,8.5,258,8.314254606237347,1.767249371950958
2022-03-26 11:00:00,28.9,68,22.5,0.0,61,508.0,7.9,254,7.593967397912721,2.1775351109542918
2022-03-26 12:00:00,29.3,65,22.1,0.0,67,554.0,7.4,241,6.47218583283153,3.5875911898228927
2022-03-26 13:00:00,29.3,65,22.1,0.1,73,507.0,5.4,233,4.312631754255381,3.2498011250210608
2022-03-26 14:00:00,28.9,68,22.5,0.0,46,353.0,4.7,274,4.688551036221175,-0.3278554265973885
2022-03-26 15:00:00,28.5,71,22.7,0.0,34,301.0,5.9,281,5.791600382341217,-1.1257730727216162
2022-03-26 16:00:00,28.6,71,22.8,0.0,26,299.0,5.9,281,5.791600382341217,-1.1257730727216162
2022-03-26 17:00:00,28.2,73,22.9,0.0,28,148.0,5.0,249,4.667902132486008,1.7918397477265036
2022-03-26 18:00:00,27.2,79,23.2,0.0,19,34.0,6.9,223,4.705788684431239,5.0463405411722775
2022-03-26 19:00:00,26.0,86,23.5,0.0,44,0.0,8.9,223,6.069785404556236,6.509047944410618
2022-03-26 20:00:00,25.5,90,23.7,0.0,71,0.0,10.3,209,4.993539088537271,9.008582983535778
2022-03-26 21:00:00,25.2,92,23.8,0.0,49,0.0,10.7,200,3.6596155335846543,10.05471104240922
2022-03-26 22:00:00,25.1,93,23.8,0.0,75,0.0,6.2,190,1.0766187015349689,6.10580806867569
2022-03-26 23:00:00,24.9,94,23.8,0.1,65,0.0,3.2,180,-3.91886975727153e-16,3.2
2022-03-27 00:00:00,24.6,94,23.5,0.5,48,0.0,2.5,172,-0.3479327524001633,2.475670171853926
2022-03-27 01:00:00,24.4,94,23.4,0.4,89,0.0,5.4,160,-1.846908773958612,5.074340152243905
2022-03-27 02:00:00,24.1,95,23.3,0.2,100,0.0,8.4,173,-1.0237024846032394,8.337387673787106
2022-03-27 03:00:00,23.8,94,22.9,1.4,100,0.0,10.2,188,1.4195656297926682,10.100734301164016
2022-03-27 04:00:00,23.8,94,22.7,1.2,100,0.0,9.4,176,-0.65571085319478,9.377102072442348
2022-03-27 05:00:00,23.6,94,22.7,0.5,100,0.0,5.4,160,-1.846908773958612,5.074340152243905
2022-03-27 06:00:00,23.3,96,22.7,1.1,100,0.0,4.1,128,-3.23084408978756,2.524212048835199
2022-03-27 07:00:00,23.5,96,22.8,0.8,84,3.0,5.6,105,-5.409184627218783,1.4493866525741166
2022-03-27 08:00:00,23.8,96,23.0,1.1,96,36.0,8.7,107,-8.31985137687841,2.5436338310878086
2022-03-27 09:00:00,23.9,96,23.2,1.3,100,62.0,10.6,100,-10.438962181929403,1.8406706832694613
2022-03-27 10:00:00,23.5,98,23.1,1.4,100,39.0,11.3,97,-11.21577151354694,1.3771235804781654
2022-03-27 11:00:00,23.3,95,22.5,1.4,100,108.0,9.3,106,-8.939733772226367,2.5634274090980917
2022-03-27 12:00:00,23.8,92,22.4,1.0,100,189.0,9.9,123,-8.302838622659698,5.391926446648768
2022-03-27 13:00:00,24.0,90,22.3,1.6,100,181.0,13.0,118,-11.47831870716605,6.103130316216582
2022-03-27 14:00:00,23.9,89,22.0,1.3,82,244.0,14.6,106,-14.034420760699456,4.024305394928186
2022-03-27 15:00:00,24.4,89,22.4,0.7,100,307.0,14.3,102,-13.987510690493425,2.9731371786939587
2022-03-27 16:00:00,23.6,88,21.4,1.5,100,73.0,16.3,98,-16.141369520487597,2.2685215456490653
2022-03-27 17:00:00,22.3,92,20.9,2.2,100,4.0,17.3,92,-17.289461307430358,0.6037612929532665
2022-03-27 18:00:00,21.4,91,19.9,2.1,83,1.0,18.4,89,-18.3971975908776,-0.3211242784460182
2022-03-27 19:00:00,20.8,89,18.9,2.0,69,0.0,16.2,93,-16.177798463024097,0.8478424911356902
2022-03-27 20:00:00,20.4,90,18.6,2.3,75,0.0,15.9,95,-15.839495699658755,1.385776309687766
2022-03-27 21:00:00,20.2,90,18.5,2.4,57,0.0,16.0,98,-15.844289099865126,2.2267696153610457
2022-03-27 22:00:00,20.0,91,18.5,2.4,65,0.0,15.6,97,-15.483719965604624,1.9011617571202988
2022-03-27 23:00:00,19.9,91,18.3,2.4,43,0.0,14.6,99,-14.420249772689012,2.2839431895873696
2022-03-28 00:00:00,19.8,91,18.3,2.6,38,0.0,14.3,100,-14.082750868074577,2.483168940637104
2022-03-28 01:00:00,19.8,90,18.2,2.9,100,0.0,14.5,104,-14.06928803100195,3.507867486195183
2022-03-28 02:00:00,19.8,90,18.1,3.5,100,0.0,16.4,105,-15.84118355114072,4.244632339681342
2022-03-28 03:00:00,19.9,90,18.2,1.1,100,0.0,17.9,100,-17.628058778918522,3.1083023802380523
2022-03-28 04:00:00,19.7,90,18.0,1.6,96,0.0,17.0,94,-16.958588854417012,1.1858600536501307
2022-03-28 05:00:00,19.6,89,17.6,1.8,81,0.0,14.8,96,-14.718924051450443,1.5470212563612726
2022-03-28 06:00:00,19.4,90,17.8,1.4,100,0.0,17.8,98,-17.626771623599954,2.4772811970891637
2022-03-28 07:00:00,19.4,91,17.9,1.2,100,6.0,20.4,98,-20.201468602328035,2.839131259585333
2022-03-28 08:00:00,19.7,89,17.8,0.5,100,30.0,21.6,93,-21.5703979506988,1.130456654847587
2022-03-28 09:00:00,20.5,85,17.9,0.3,100,63.0,21.3,92,-21.28702461550674,0.7433592797632703
2022-03-28 10:00:00,21.7,83,18.6,0.8,100,153.0,20.5,92,-20.487511953891463,0.7154396824012695
2022-03-28 11:00:00,22.1,84,19.3,1.4,100,226.0,19.9,94,-19.8515246001705,1.388153827508094
2022-03-28 12:00:00,22.6,84,19.7,1.3,100,220.0,19.9,96,-19.79098571782864,2.080116419026305
2022-03-28 13:00:00,22.4,87,20.1,1.8,100,240.0,20.5,101,-20.12335726067711,3.911584405219168
2022-03-28 14:00:00,21.9,89,20.0,1.6,100,116.0,23.0,99,-22.71683183368817,3.597992695925309
2022-03-28 15:00:00,20.9,87,18.7,1.7,100,49.0,24.9,93,-24.86587541538889,1.3031653104493015
2022-03-28 16:00:00,20.0,91,18.5,2.3,100,2.0,22.7,87,-22.668890438928827,-1.188026206714828
2022-03-28 17:00:00,19.9,90,18.1,1.7,87,30.0,19.1,90,-19.1,-1.1695376931857224e-15
2022-03-28 18:00:00,19.8,89,18.0,1.5,91,8.0,21.0,95,-20.920088659926652,1.830270597700823
2022-03-28 19:00:00,19.7,89,17.8,1.4,91,0.0,19.8,92,-19.787938374978097,0.6910100347095189
2022-03-28 20:00:00,19.6,90,17.9,1.5,79,0.0,17.6,91,-17.59731943475249,0.3071623532961892
2022-03-28 21:00:00,19.7,89,17.9,1.2,80,0.0,16.3,98,-16.141369520487597,2.2685215456490653
2022-03-28 22:00:00,19.9,89,17.9,0.9,88,0.0,17.2,100,-16.938693351809977,2.9867486558712013
2022-03-28 23:00:00,19.9,89,18.0,1.1,94,0.0,17.7,96,-17.60303754801844,1.850153799837468
2022-03-29 00:00:00,20.0,89,18.2,1.1,100,0.0,15.9,86,-15.861268399131204,-1.1091279325315913
2022-03-29 01:00:00,20.0,90,18.3,0.7,57,0.0,13.8,81,-13.630099100212902,-2.158795617555187
2022-03-29 02:00:00,20.1,89,18.3,0.2,56,0.0,11.9,88,-11.89275084152724,-0.4153040107597628
2022-03-29 03:00:00,20.0,87,17.8,0.5,59,0.0,11.9,92,-11.89275084152724,0.4153040107597613
2022-03-29 04:00:00,20.1,88,18.0,0.2,51,0.0,12.6,95,-12.552053195955994,1.0981623586204938
2022-03-29 05:00:00,20.1,88,18.1,0.2,44,0.0,12.0,99,-11.852260087141651,1.8772135804827697
2022-03-29 06:00:00,20.2,89,18.4,0.0,43,0.0,15.9,103,-15.49248403008524,3.5767217640674542
2022-03-29 07:00:00,20.7,90,18.9,0.0,44,5.0,18.9,99,-18.667309637248103,2.9566113892603623
2022-03-29 08:00:00,21.8,87,19.4,0.0,54,53.0,19.8,91,-19.79698436409655,0.3455576474582129
2022-03-29 09:00:00,22.8,82,19.6,0.0,60,166.0,18.7,90,-18.7,-1.1450447572027753e-15
2022-03-29 10:00:00,24.0,77,19.8,0.0,29,429.0,17.3,92,-17.289461307430358,0.6037612929532665
2022-03-29 11:00:00,25.0,74,20.1,0.0,23,541.0,15.9,95,-15.839495699658755,1.385776309687766
2022-03-29 12:00:00,25.5,73,20.3,0.0,30,571.0,15.7,101,-15.411546780128324,2.9957012274117534
2022-03-29 13:00:00,25.6,73,20.4,0.0,37,451.0,17.8,104,-17.271263927712738,4.306209741674087
2022-03-29 14:00:00,25.3,74,20.4,0.0,60,348.0,20.2,101,-19.828869105642813,3.854341706606205
2022-03-29 15:00:00,24.3,75,19.7,0.0,45,103.0,20.3,96,-20.18879447597595,2.121927804333368
2022-03-29 16:00:00,23.8,78,19.7,0.0,44,52.0,20.6,96,-20.48715104458643,2.1532863433136638
2022-03-29 17:00:00,23.5,79,19.7,0.0,29,60.0,19.2,95,-19.126938203361515,1.6733902607550382
2022-03-29 18:00:00,22.9,83,19.8,0.0,33,10.0,19.2,98,-19.01314691983815,2.672123538433255
2022-03-29 19:00:00,22.3,86,19.9,0.0,27,0.0,17.8,98,-17.626771623599954,2.4772811970891637
2022-03-29 20:00:00,21.7,90,19.9,0.0,34,0.0,16.9,101,-16.58949940026552,3.224672021863607
2022-03-29 21:00:00,21.5,91,20.0,0.0,47,0.0,15.2,95,-15.142159410994532,1.3247672897644052
2022-03-29 22:00:00,21.2,92,19.9,0.0,44,0.0,14.0,91,-13.997867732189478,0.2443336901219686
2022-03-29 23:00:00,21.2,92,19.8,0.0,51,0.0,13.7,93,-13.68122462613766,0.7170026005283306
2022-03-30 00:00:00,21.1,92,19.8,0.0,66,0.0,13.7,92,-13.691654330161612,0.478123104824263
2022-03-30 01:00:00,20.9,93,19.7,0.0,50,0.0,14.0,91,-13.997867732189478,0.2443336901219686
2022-03-30 02:00:00,20.8,93,19.7,0.0,51,0.0,14.1,86,-14.06565310866352,-0.9835662797921656
2022-03-30 03:00:00,21.0,90,19.4,0.0,59,0.0,13.3,87,-13.281772812235833,-0.6960682180311548
2022-03-30 04:00:00,21.1,91,19.5,0.0,66,0.0,13.7,95,-13.647867363856914,1.1940336756429175
2022-03-30 05:00:00,21.1,91,19.6,0.0,70,0.0,13.7,90,-13.7,-8.388830574159369e-16
2022-03-30 06:00:00,21.0,92,19.6,0.0,13,0.0,13.3,87,-13.281772812235833,-0.6960682180311548
2022-03-30 07:00:00,21.6,91,20.0,0.4,4,12.0,11.9,93,-11.88369146357943,0.6227978792910317
2022-03-30 08:00:00,23.0,86,20.5,0.1,13,90.0,9.0,113,-8.284543681071963,3.5165801564034647
2022-03-30 09:00:00,24.3,80,20.7,0.0,12,166.0,7.6,109,-7.185941174554808,2.4743179738743906
2022-03-30 10:00:00,25.2,77,20.9,0.0,29,139.0,10.6,108,-10.081199072728628,3.2755801403744416
2022-03-30 11:00:00,25.9,75,21.0,0.0,41,191.0,15.1,102,-14.770028771080463,3.139466531348166
2022-03-30 12:00:00,26.3,74,21.3,0.0,52,212.0,15.8,91,-15.797593583470984,0.2757480217090789
2022-03-30 13:00:00,26.4,75,21.5,0.0,45,386.0,14.8,87,-14.779717114367694,-0.7745721523955708
2022-03-30 14:00:00,26.9,73,21.6,0.0,46,560.0,13.8,81,-13.630099100212902,-2.158795617555187
2022-03-30 15:00:00,26.9,72,21.4,0.0,33,280.0,10.2,80,-10.04503908072452,-1.77121141220269
2022-03-30 16:00:00,27.0,72,21.5,0.0,26,246.0,7.3,99,-7.210124886344506,1.1419715947936848
2022-03-30 17:00:00,26.5,76,21.9,0.0,20,148.0,7.2,117,-6.415246974156249,3.2687315981247367
2022-03-30 18:00:00,25.6,81,22.0,0.0,6,41.0,7.9,106,-7.59396739791272,2.1775351109542926
2022-03-30 19:00:00,24.6,85,21.9,0.0,10,0.0,8.0,100,-7.878462024097664,1.3891854213354424
2022-03-30 20:00:00,24.0,88,21.8,0.0,9,0.0,7.0,102,-6.84703320513664,1.4553818357243151
2022-03-30 21:00:00,23.4,90,21.7,0.0,9,0.0,5.6,105,-5.409184627218783,1.4493866525741166
2022-03-30 22:00:00,22.5,94,21.6,0.0,4,0.0,5.1,98,-5.050367150582009,0.7097828148963332
2022-03-30 23:00:00,21.9,97,21.4,0.0,10,0.0,6.1,93,-6.0916401620029,0.3192493330819574
2022-03-31 00:00:00,21.6,98,21.3,0.0,24,0.0,7.6,90,-7.6,-4.653657836759942e-16
2022-03-31 01:00:00,21.4,98,21.1,0.0,23,0.0,6.8,90,-6.8,-4.1637991171010006e-16
2022-03-31 02:00:00,21.2,99,21.0,0.0,83,0.0,5.5,101,-5.398949508962152,1.0494494745709964
2022-03-31 03:00:00,20.8,99,20.6,0.0,91,0.0,5.0,111,-4.667902132486009,1.7918397477265011
2022-03-31 04:00:00,20.7,99,20.6,0.0,91,0.0,6.0,107,-5.737828535778213,1.75423022833642
2022-03-31 05:00:00,20.7,99,20.5,0.0,84,0.0,8.4,97,-8.337387673787106,1.023702484603238
2022-03-31 06:00:00,20.7,99,20.5,0.0,58,0.0,9.2,101,-9.030970087718508,1.755442757464212
2022-03-31 07:00:00,21.4,98,21.0,0.0,13,27.0,9.0,88,-8.994517443171862,-0.3140954703225097
2022-03-31 08:00:00,23.4,90,21.6,0.0,7,144.0,6.2,83,-6.153786140176196,-0.7555899291119145
2022-03-31 09:00:00,24.9,83,21.9,0.0,2,347.0,6.5,93,-6.49109197590473,0.3401837155791349
2022-03-31 10:00:00,26.2,79,22.3,0.0,5,594.0,9.3,103,-9.06164160250269,2.092044805397945
2022-03-31 11:00:00,26.8,77,22.4,0.0,4,707.0,10.5,106,-10.093247807352348,2.89419223607849
2022-03-31 12:00:00,27.0,76,22.5,0.0,2,744.0,11.2,105,-10.818369254437563,2.898773305148233
2022-03-31 13:00:00,27.0,76,22.5,0.0,3,706.0,10.3,102,-10.0749202875582,2.141490415422921
2022-03-31 14:00:00,27.3,74,22.3,0.0,2,663.0,12.6,110,-11.840127021902443,4.309453805903425
2022-03-31 15:00:00,27.0,76,22.5,0.0,3,538.0,15.5,103,-15.102736004171147,3.486741342329908
2022-03-31 16:00:00,26.6,78,22.5,0.0,2,354.0,15.1,91,-15.097700196861508,0.2635313372029805
2022-03-31 17:00:00,26.0,81,22.5,0.0,3,196.0,14.4,94,-14.36492232374147,1.0044932219154048
2022-03-31 18:00:00,24.7,86,22.2,0.0,4,50.0,17.7,103,-17.246350146698664,3.981633661886411
2022-03-31 19:00:00,23.5,89,21.6,0.0,8,0.0,19.5,92,-19.488121126872368,0.6805401856987686
2022-03-31 20:00:00,22.7,91,21.1,0.0,18,0.0,20.9,93,-20.871357276370592,1.093821485477526
2022-03-31 21:00:00,22.2,91,20.6,0.0,36,0.0,22.7,90,-22.7,-1.389974117032246e-15
2022-03-31 22:00:00,21.8,91,20.2,0.0,28,0.0,21.3,88,-21.28702461550674,-0.743359279763273
2022-03-31 23:00:00,21.5,89,19.6,0.0,26,0.0,21.6,93,-21.5703979506988,1.130456654847587
2022-04-01 00:00:00,21.0,88,18.9,0.0,27,0.0,22.3,92,-22.28641544252584,0.7782587764657714
2022-04-01 01:00:00,20.6,86,18.2,0.0,24,0.0,20.9,92,-20.8872682846991,0.7293994810822699
2022-04-01 02:00:00,20.1,85,17.6,0.0,21,0.0,21.0,96,-20.88495980273374,2.1950977286207247
2022-04-01 03:00:00,19.8,83,16.8,0.0,20,0.0,22.8,96,-22.67509921439663,2.3832489625025013
2022-04-01 04:00:00,19.6,82,16.4,0.0,23,0.0,22.7,92,-22.686171773333477,0.7922185751467716
2022-04-01 05:00:00,19.5,81,16.1,0.0,26,0.0,20.5,93,-20.471905462468765,1.0728871029803488
2022-04-01 06:00:00,19.6,80,16.1,0.0,46,0.0,20.2,93,-20.17231660204239,1.0571863161074655
2022-04-01 07:00:00,20.0,79,16.3,0.0,56,32.0,19.8,90,-19.8,-1.2124003311558797e-15
2022-04-01 08:00:00,20.8,77,16.6,0.0,36,145.0,19.5,93,-19.47327592771419,1.0205511467374049
2022-04-01 09:00:00,21.7,75,17.0,0.0,37,270.0,19.9,96,-19.79098571782864,2.080116419026305
2022-04-01 10:00:00,22.6,73,17.5,0.0,40,417.0,20.3,97,-20.14868687831884,2.4739476711244914
2022-04-01 11:00:00,23.3,72,18.0,0.0,33,515.0,21.0,96,-20.88495980273374,2.1950977286207247
2022-04-01 12:00:00,23.6,72,18.2,0.0,30,557.0,22.4,94,-22.34543472582006,1.5625450118684072
2022-04-01 13:00:00,23.5,72,18.1,0.0,46,475.0,23.4,94,-23.342998776079884,1.6323014856125326
2022-04-01 14:00:00,23.1,72,17.8,0.0,48,430.0,24.2,95,-24.10791169382024,2.109168974493329
2022-04-01 15:00:00,22.6,71,17.1,0.0,42,355.0,25.7,95,-25.60220374095786,2.2399025886148167
2022-04-01 16:00:00,21.9,71,16.5,0.0,59,288.0,26.3,93,-26.263956764045293,1.376435649189423
2022-04-01 17:00:00,20.9,73,15.8,0.0,54,123.0,26.3,90,-26.3,-1.6104105408787697e-15
2022-04-01 18:00:00,19.9,74,15.1,0.0,47,25.0,25.6,91,-25.596100996003617,0.446781604794457
2022-04-01 19:00:00,19.4,74,14.6,0.0,58,0.0,25.2,91,-25.19616191794106,0.4398006422195436
2022-04-01 20:00:00,19.2,74,14.4,0.1,60,0.0,24.9,93,-24.86587541538889,1.3031653104493015
2022-04-01 21:00:00,18.9,76,14.6,0.3,61,0.0,25.6,94,-25.537639686651502,1.7857657278496086
2022-04-01 22:00:00,18.5,79,14.7,0.3,77,0.0,25.6,92,-25.584405171688854,0.8934271155840245
2022-04-01 23:00:00,18.3,79,14.6,0.0,84,0.0,23.8,93,-23.76738292715886,1.2455957585820634
2022-04-02 00:00:00,18.2,78,14.3,0.0,88,0.0,23.5,96,-23.37126454115442,2.456418886789858
2022-04-02 01:00:00,18.2,76,13.9,0.0,100,0.0,24.6,95,-24.506389573056943,2.1440312715923926
2022-04-02 02:00:00,18.0,76,13.8,0.1,100,0.0,24.9,93,-24.86587541538889,1.3031653104493015
2022-04-02 03:00:00,17.7,76,13.5,0.2,100,0.0,24.5,90,-24.5,-1.5001923289555077e-15
2022-04-02 04:00:00,17.6,77,13.5,0.2,100,0.0,21.2,89,-21.19677113731549,-0.3699910164704122
2022-04-02 05:00:00,17.6,78,13.7,0.3,100,0.0,19.5,92,-19.488121126872368,0.6805401856987686
2022-04-02 06:00:00,17.4,80,14.0,0.5,100,0.0,20.5,91,-20.49687775070602,0.3577743319643113
2022-04-02 07:00:00,17.6,81,14.3,0.3,100,2.0,19.8,93,-19.772864788140563,1.036251933610288
2022-04-02 08:00:00,18.3,79,14.6,0.3,100,51.0,21.4,97,-21.24048764512429,2.6080039488701536
2022-04-02 09:00:00,18.7,78,14.8,0.3,100,94.0,24.2,93,-24.166834741060686,1.266530141079241
2022-04-02 10:00:00,18.9,78,14.9,0.2,100,67.0,26.4,95,-26.29954002962208,2.3009116085381773
2022-04-02 11:00:00,19.1,76,14.8,0.1,100,119.0,29.6,94,-29.5278958876908,2.06479162282611
2022-04-02 12:00:00,18.9,77,14.8,0.2,100,88.0,30.6,92,-30.58135930678433,1.0679245990965294
2022-04-02 13:00:00,18.5,78,14.7,0.3,100,35.0,32.4,88,-32.3802627954187,-1.1307436931610348
2022-04-02 14:00:00,18.2,79,14.5,0.4,100,20.0,30.7,85,-30.583177231416588,-2.6756813023531048
2022-04-02 15:00:00,17.2,85,14.6,1.0,100,11.0,25.2,87,-25.16546427581526,-1.318866097322188
2022-04-02 16:00:00,17.0,87,14.8,1.2,100,0.0,22.7,92,-22.686171773333477,0.7922185751467716
2022-04-02 17:00:00,17.0,88,15.0,1.7,100,0.0,23.8,93,-23.76738292715886,1.2455957585820634
2022-04-02 18:00:00,17.1,87,15.0,1.5,100,0.0,23.4,92,-23.38574535224684,0.8166482228385223
2022-04-02 19:00:00,17.1,87,15.0,1.1,100,0.0,23.0,90,-23.0,-1.4083438190194562e-15
2022-04-02 20:00:00,17.2,87,15.1,1.0,100,0.0,22.3,91,-22.296603601987528,0.3891886635514215
2022-04-02 21:00:00,17.2,88,15.1,1.0,100,0.0,21.3,92,-21.28702461550674,0.7433592797632703
2022-04-02 22:00:00,17.1,89,15.2,1.4,100,0.0,22.3,91,-22.296603601987528,0.3891886635514215
2022-04-02 23:00:00,17.1,89,15.2,1.1,100,0.0,21.6,88,-21.58684186361247,-0.7538291287740234
2022-04-03 00:00:00,17.2,88,15.2,0.5,100,0.0,19.9,85,-19.824274492025737,-1.7343992806783968
2022-04-03 01:00:00,17.3,89,15.4,0.7,100,0.0,19.5,86,-19.45249898006657,-1.360251238010442
2022-04-03 02:00:00,17.3,89,15.4,0.7,100,0.0,19.5,85,-19.42579661278904,-1.6995369835793337
2022-04-03 03:00:00,17.0,88,15.0,0.6,100,0.0,20.2,88,-20.18769470578573,-0.7049698333905218
2022-04-03 04:00:00,16.9,88,14.9,0.6,100,0.0,20.9,88,-20.8872682846991,-0.7293994810822725
2022-04-03 05:00:00,16.7,88,14.7,1.1,100,0.0,21.2,89,-21.19677113731549,-0.3699910164704122
2022-04-03 06:00:00,16.7,89,14.8,1.3,100,0.0,20.5,89,-20.49687775070602,-0.3577743319643137
2022-04-03 07:00:00,16.8,88,14.8,1.3,100,0.0,19.1,87,-19.07382411381236,-0.9996167642402298
2022-04-03 08:00:00,17.2,86,14.7,1.9,100,7.0,19.2,84,-19.094820391070847,-2.0069464947389464
2022-04-03 09:00:00,17.4,87,15.2,1.7,90,9.0,18.7,88,-18.68860846525709,-0.6526205883367702
2022-04-03 10:00:00,17.5,87,15.3,1.8,98,0.0,19.1,87,-19.07382411381236,-0.9996167642402298
2022-04-03 11:00:00,17.7,87,15.5,1.4,99,11.0,18.1,85,-18.0311240354606,-1.5775189437326125
2022-04-03 12:00:00,18.0,87,15.8,1.3,86,3.0,18.0,87,-17.975331625582328,-0.9420472123729914
2022-04-03 13:00:00,18.1,88,16.0,1.3,75,1.0,18.7,90,-18.7,-1.1450447572027753e-15
2022-04-03 14:00:00,18.2,88,16.1,1.2,68,1.0,20.2,90,-20.2,-1.2368932671388266e-15
2022-04-03 15:00:00,18.3,81,15.1,0.3,75,0.0,19.4,89,-19.39704528603399,-0.3385766848833018
2022-04-03 16:00:00,18.6,81,15.3,0.8,68,15.0,18.4,91,-18.3971975908776,0.3211242784460159
2022-04-03 17:00:00,18.6,81,15.3,0.2,47,44.0,18.7,92,-18.68860846525709,0.6526205883367678
2022-04-03 18:00:00,18.4,80,14.9,0.0,39,30.0,19.4,90,-19.4,-1.1879073951729326e-15
2022-04-03 19:00:00,18.1,80,14.7,0.0,24,0.0,18.0,87,-17.975331625582328,-0.9420472123729914
2022-04-03 20:00:00,17.9,81,14.6,0.0,23,0.0,16.9,89,-16.89742604814301,-0.2949456687900927
2022-04-03 21:00:00,17.8,81,14.5,0.0,26,0.0,15.5,90,-15.5,-9.491012693391988e-16
2022-04-03 22:00:00,17.7,82,14.5,0.0,39,0.0,14.4,91,-14.397806810252035,0.2513146526968821
2022-04-03 23:00:00,17.5,83,14.5,0.0,44,0.0,14.0,91,-13.997867732189478,0.2443336901219686
2022-04-04 00:00:00,17.3,84,14.5,0.0,51,0.0,14.0,89,-13.997867732189478,-0.2443336901219703
2022-04-04 01:00:00,17.1,84,14.5,0.0,51,0.0,13.4,85,-13.34900895442939,-1.167886952818619
2022-04-04 02:00:00,17.1,84,14.4,0.0,47,0.0,12.3,83,-12.20831766518826,-1.4989929238833142
2022-04-04 03:00:00,17.0,83,14.2,0.0,41,0.0,12.3,87,-12.283143277481258,-0.6437322617882109
2022-04-04 04:00:00,17.0,84,14.3,0.0,41,0.0,13.0,87,-12.98218395180946,-0.6803674311582716
2022-04-04 05:00:00,16.9,84,14.2,0.0,39,0.0,13.1,82,-12.972511700514572,-1.8231676225768576
2022-04-04 06:00:00,16.9,84,14.3,0.0,29,0.0,12.1,78,-11.835585968879046,-2.5157314588948894
2022-04-04 07:00:00,17.6,84,14.9,0.0,32,37.0,12.7,82,-12.576404473017943,-1.7674983821928314
2022-04-04 08:00:00,19.5,78,15.7,0.0,21,164.0,11.2,86,-11.17271736291003,-0.7812725059342026
2022-04-04 09:00:00,21.2,72,15.8,0.0,17,303.0,10.1,88,-10.093847352892867,-0.3524849166952609
2022-04-04 10:00:00,22.5,68,16.3,0.0,22,514.0,7.6,98,-7.5260373224359345,1.0577155672964966
2022-04-04 11:00:00,23.5,66,16.7,0.0,9,621.0,7.1,120,-6.148780366869515,3.549999999999998
2022-04-04 12:00:00,24.2,64,17.0,0.0,7,787.0,11.1,126,-8.980088637561916,6.52441630044645
2022-04-04 13:00:00,24.4,65,17.3,0.0,22,738.0,15.9,115,-14.410293813882737,6.71963036167712
2022-04-04 14:00:00,24.1,66,17.3,0.0,11,625.0,20.3,102,-19.856396294896257,4.220607323600515
2022-04-04 15:00:00,23.6,66,17.0,0.0,11,460.0,21.6,93,-21.5703979506988,1.130456654847587
2022-04-04 16:00:00,23.2,68,17.1,0.0,14,372.0,20.2,91,-20.196923442159104,0.3525386100331262
2022-04-04 17:00:00,22.5,72,17.2,0.0,12,173.0,17.3,92,-17.289461307430358,0.6037612929532665
2022-04-04 18:00:00,21.5,77,17.2,0.0,8,52.0,16.8,99,-16.593164121998313,2.628099012675878
2022-04-04 19:00:00,20.6,81,17.1,0.0,20,0.0,14.8,93,-14.779717114367694,0.7745721523955689
2022-04-04 20:00:00,20.1,83,17.2,0.0,33,0.0,11.9,92,-11.89275084152724,0.4153040107597613
2022-04-04 21:00:00,19.8,85,17.2,0.0,57,0.0,9.1,99,-8.987963899415753,1.4235536318661004
2022-04-04 22:00:00,19.5,87,17.2,0.0,77,0.0,8.8,109,-8.320563465273988,2.864999759222979
2022-04-04 23:00:00,19.3,88,17.2,0.0,68,0.0,9.1,108,-8.654614298285898,2.812054648812021
2022-04-05 00:00:00,19.3,88,17.2,0.0,85,0.0,9.2,101,-9.030970087718508,1.755442757464212
2022-04-05 01:00:00,19.2,88,17.1,0.0,84,0.0,9.1,97,-9.03216997993603,1.109011024986841
2022-04-05 02:00:00,19.1,88,17.2,0.0,66,0.0,9.8,96,-9.746314574609078,1.024378940023005
2022-04-05 03:00:00,19.3,87,17.0,0.0,61,0.0,11.2,94,-11.17271736291003,0.7812725059342036
2022-04-05 04:00:00,19.1,87,16.9,0.0,64,0.0,12.2,90,-12.2,-7.470345474798854e-16
2022-04-05 05:00:00,19.1,87,16.9,0.0,53,0.0,12.6,88,-12.592324420440606,-0.4397336584515136
2022-04-05 06:00:00,18.9,88,16.9,0.0,32,0.0,13.0,90,-13.0,-7.960204194457795e-16
2022-04-05 07:00:00,19.5,88,17.4,0.0,27,38.0,15.1,91,-15.097700196861508,0.2635313372029805
2022-04-05 08:00:00,21.0,83,18.0,0.0,30,198.0,17.3,92,-17.289461307430358,0.6037612929532665
2022-04-05 09:00:00,22.0,78,18.1,0.0,31,346.0,18.4,91,-18.3971975908776,0.3211242784460159
2022-04-05 10:00:00,22.9,75,18.3,0.0,17,560.0,18.0,90,-18.0,-1.102182119232618e-15
2022-04-05 11:00:00,23.9,71,18.3,0.0,15,740.0,18.4,91,-18.3971975908776,0.3211242784460159
2022-04-05 12:00:00,24.5,68,18.1,0.0,3,744.0,19.1,93,-19.07382411381236,0.9996167642402276
2022-04-05 13:00:00,24.9,65,17.8,0.0,1,769.0,19.8,92,-19.787938374978097,0.6910100347095189
2022-04-05 14:00:00,25.0,64,17.8,0.0,0,731.0,19.5,93,-19.47327592771419,1.0205511467374049
2022-04-05 15:00:00,24.6,64,17.4,0.0,0,583.0,17.3,95,-17.234168276987198,1.5077943495344874
2022-04-05 16:00:00,24.2,66,17.5,0.0,2,450.0,14.2,99,-14.025174436450955,2.221369403571277
2022-04-05 17:00:00,23.5,71,17.9,0.0,3,237.0,12.5,102,-12.226845009172573,2.598896135221992
2022-04-05 18:00:00,22.3,77,18.1,0.0,1,63.0,11.0,101,-10.797899017924305,2.0988989491419927
2022-04-05 19:00:00,20.7,84,17.9,0.0,1,0.0,11.5,90,-11.5,-7.041719095097281e-16
2022-04-05 20:00:00,19.7,88,17.7,0.0,1,0.0,10.9,81,-10.765802912487002,-1.705135668938517
2022-04-05 21:00:00,19.3,90,17.6,0.0,4,0.0,8.5,78,-8.314254606237347,-1.7672493719509554
2022-04-05 22:00:00,19.0,91,17.5,0.0,5,0.0,8.7,83,-8.6351515192795,-1.060263287624783
2022-04-05 23:00:00,18.7,92,17.5,0.0,8,0.0,6.2,80,-6.10580806867569,-1.0766187015349686
2022-04-06 00:00:00,18.3,94,17.3,0.0,5,0.0,3.1,45,-2.192031021678297,-2.192031021678297
2022-04-06 01:00:00,18.1,94,17.2,0.0,4,0.0,4.3,312,3.1955227495527967,-2.877261607343089
2022-04-06 02:00:00,18.2,94,17.1,0.0,1,0.0,5.2,258,5.086367523815789,1.0811407922523508
2022-04-06 03:00:00,19.1,90,17.4,0.0,1,0.0,6.4,164,-1.764079077228795,6.1520748540052415
2022-04-06 04:00:00,17.4,94,16.5,0.0,3,0.0,8.0,126,-6.47213595499958,4.702282018339784
2022-04-06 05:00:00,18.0,94,16.9,0.0,2,0.0,9.0,106,-8.65135526344487,2.4807362023529915
2022-04-06 06:00:00,18.5,94,17.5,0.0,7,0.0,10.8,92,-10.793420931806237,0.3769145643870103
2022-04-06 07:00:00,19.3,93,18.2,0.0,6,43.0,11.3,83,-11.215771513546938,-1.3771235804781667
2022-04-06 08:00:00,20.7,85,18.1,0.0,6,183.0,9.3,77,-9.06164160250269,-2.092044805397944
2022-04-06 09:00:00,22.0,77,17.7,0.0,6,285.0,8.0,95,-7.969557584733964,0.6972459419812659
2022-04-06 10:00:00,23.1,68,16.9,0.0,3,553.0,10.0,111,-9.335804264972015,3.5836794954530027
2022-04-06 11:00:00,23.9,64,16.6,0.0,4,688.0,10.6,114,-9.683581851011567,4.3114084166034825
2022-04-06 12:00:00,24.3,62,16.6,0.0,11,731.0,10.2,113,-9.38914950521489,3.9854575105905927
2022-04-06 13:00:00,24.5,63,17.0,0.0,15,768.0,10.8,116,-9.706975700031004,4.734408385322038
2022-04-06 14:00:00,24.6,65,17.6,0.0,18,688.0,10.8,111,-10.08266860616978,3.8703738550892433
2022-04-06 15:00:00,24.4,64,17.1,0.0,11,578.0,10.7,110,-10.05471104240922,3.659615533584655
2022-04-06 16:00:00,24.0,66,17.2,0.0,8,360.0,11.3,107,-10.806243742382302,3.303800263366925
2022-04-06 17:00:00,23.5,69,17.5,0.0,8,207.0,12.1,102,-11.835585968879048,2.515731458894888
2022-04-06 18:00:00,22.6,75,17.8,0.0,8,48.0,10.2,98,-10.100734301164016,1.4195656297926664
2022-04-06 19:00:00,21.6,80,18.1,0.0,5,0.0,10.4,90,-10.4,-6.368163355566237e-16
2022-04-06 20:00:00,21.0,84,18.2,0.0,4,0.0,9.4,86,-9.377102072442348,-0.6557108531947772
2022-04-06 21:00:00,20.7,86,18.3,0.0,5,0.0,8.0,80,-7.878462024097664,-1.389185421335443
2022-04-06 22:00:00,20.1,90,18.4,0.0,4,0.0,7.2,84,-7.160557646651568,-0.752604935527105
2022-04-06 23:00:00,19.5,92,18.2,0.0,4,0.0,4.1,105,-3.96029588778518,1.0611580849203357
2022-04-07 00:00:00,19.3,92,18.0,0.0,3,0.0,1.5,104,-1.4554435894139948,0.3628828433995016
2022-04-07 01:00:00,19.7,90,18.0,0.0,3,0.0,1.1,162,-0.3399186938124423,1.0461621679246689
2022-04-07 02:00:00,20.2,87,18.0,0.0,7,0.0,5.3,118,-4.679622242152313,2.4881992827652217
2022-04-07 03:00:00,18.8,94,17.8,0.0,11,0.0,6.9,99,-6.815049550106451,1.0793978087775926
2022-04-07 04:00:00,19.3,94,18.2,0.0,16,0.0,8.0,85,-7.969557584733964,-0.6972459419812651
2022-04-07 05:00:00,19.4,93,18.3,0.0,18,0.0,8.7,73,-8.319851376878407,-2.543633831087809
2022-04-07 06:00:00,19.5,92,18.2,0.0,22,0.0,7.4,76,-7.180188374442374,-1.7902220274375409
2022-04-07 07:00:00,20.1,91,18.5,0.0,28,34.0,8.8,81,-8.691657397237213,-1.3766232923540322
2022-04-07 08:00:00,21.8,79,17.9,0.0,20,165.0,8.7,85,-8.666893873398186,-0.7582549619046257
2022-04-07 09:00:00,22.7,73,17.7,0.0,18,351.0,8.7,97,-8.635151519279502,1.060263287624782
2022-04-07 10:00:00,23.4,71,17.7,0.0,19,400.0,9.3,103,-9.06164160250269,2.092044805397945
2022-04-07 11:00:00,24.0,67,17.6,0.0,18,565.0,10.0,105,-9.659258262890685,2.5881904510252083
2022-04-07 12:00:00,24.6,65,17.6,0.0,17,536.0,11.2,105,-10.818369254437563,2.898773305148233
2022-04-07 13:00:00,24.9,65,17.8,0.0,30,677.0,14.1,103,-13.738617913471815,3.171809866248497
2022-04-07 14:00:00,25.0,64,17.7,0.0,46,633.0,16.7,96,-16.608515652650162,1.7456253365698142
2022-04-07 15:00:00,24.3,69,18.2,0.0,29,408.0,18.0,90,-18.0,-1.102182119232618e-15
2022-04-07 16:00:00,23.8,71,18.3,0.0,26,256.0,17.3,88,-17.289461307430358,-0.6037612929532687
2022-04-07 17:00:00,23.2,74,18.4,0.0,26,140.0,14.8,84,-14.718924051450443,-1.5470212563612713
2022-04-07 18:00:00,22.6,78,18.6,0.0,35,45.0,10.5,84,-10.44247990136687,-1.0975488643103612
2022-04-07 19:00:00,22.0,81,18.6,0.0,44,0.0,9.8,82,-9.70462707366739,-1.3638963894086416
2022-04-07 20:00:00,21.7,83,18.7,0.0,39,0.0,9.7,86,-9.676371287520292,-0.6766377953180147
2022-04-07 21:00:00,21.4,85,18.8,0.0,38,0.0,9.7,92,-9.694091022085228,0.3385251180142592
2022-04-07 22:00:00,21.0,88,18.9,0.0,32,0.0,8.0,95,-7.969557584733964,0.6972459419812659
2022-04-07 23:00:00,20.6,90,18.9,0.0,24,0.0,6.9,96,-6.862201078041086,0.7212463965468096
2022-04-08 00:00:00,20.3,91,18.8,0.0,40,0.0,8.0,95,-7.969557584733964,0.6972459419812659
2022-04-08 01:00:00,20.0,92,18.7,0.0,44,0.0,7.6,85,-7.571079705497266,-0.6623836448822018
2022-04-08 02:00:00,19.7,93,18.5,0.0,43,0.0,7.8,68,-7.232034065620942,-2.9219314286441134
2022-04-08 03:00:00,19.4,91,18.0,0.0,32,0.0,7.5,55,-6.143640332167439,-4.301823272632845
2022-04-08 04:00:00,19.2,92,18.0,0.0,30,0.0,5.6,50,-4.289848881466277,-3.5996106142446203
2022-04-08 05:00:00,19.1,93,17.9,0.0,50,0.0,4.3,42,-2.8772616073430903,-3.195522749552795
2022-04-08 06:00:00,18.9,94,17.9,0.0,36,0.0,3.9,34,-2.180852323535913,-3.233246532964663
2022-04-08 07:00:00,20.2,92,18.9,0.0,32,35.0,4.0,355,0.3486229709906333,-3.984778792366982
2022-04-08 08:00:00,22.5,83,19.4,0.0,37,162.0,3.4,288,3.2335921554035223,-1.0506577808748203
2022-04-08 09:00:00,23.5,81,20.0,0.0,39,340.0,7.7,259,7.558529312547013,1.4692292643993936
2022-04-08 10:00:00,24.4,78,20.3,0.0,27,512.0,9.3,242,8.211412613588022,4.366085533908785
2022-04-08 11:00:00,25.0,76,20.4,0.0,41,588.0,10.2,225,7.212489168102784,7.212489168102786
2022-04-08 12:00:00,25.4,75,20.5,0.0,40,619.0,9.8,204,3.9860191021428415,8.95274548489749
2022-04-08 13:00:00,25.4,75,20.6,0.0,35,599.0,9.7,180,-1.1879073951729326e-15,9.7
2022-04-08 14:00:00,25.4,76,20.8,0.0,34,566.0,9.0,157,-3.516580156403464,8.284543681071963
2022-04-08 15:00:00,24.9,77,20.6,0.0,20,452.0,8.1,135,-5.727564927611035,5.727564927611034
2022-04-08 16:00:00,24.6,77,20.4,0.0,32,280.0,6.1,130,-4.6728711030257655,3.92100441908789
2022-04-08 17:00:00,23.8,76,19.4,0.2,35,157.0,3.1,126,-2.5079526825623373,1.8221342821066664
2022-04-08 18:00:00,23.5,78,19.5,0.0,29,47.0,0.7,270,0.7,1.2858791391047207e-16
2022-04-08 19:00:00,22.6,86,20.1,0.1,41,0.0,3.1,291,2.8940993221413254,-1.1109406435904312
2022-04-08 20:00:00,21.7,89,19.8,0.1,47,0.0,5.2,295,4.71280049259058,-2.197614961051638
2022-04-08 21:00:00,21.1,91,19.5,0.0,60,0.0,5.6,285,5.409184627218783,-1.4493866525741137
2022-04-08 22:00:00,20.9,91,19.3,0.0,53,0.0,7.2,273,7.190132650232932,-0.3768188849491964
2022-04-08 23:00:00,20.7,91,19.2,0.0,58,0.0,7.2,264,7.160557646651569,0.7526049355271042
2022-04-09 00:00:00,20.7,91,19.1,0.0,59,0.0,8.3,265,8.268415994161488,0.7233926648055635
2022-04-09 01:00:00,21.0,89,19.2,0.0,54,0.0,8.8,258,8.60769888645749,1.8296228791962863
2022-04-09 02:00:00,21.2,89,19.3,0.0,49,0.0,7.3,250,6.859756131737131,2.49674704627738
2022-04-09 03:00:00,22.0,86,19.5,0.0,40,0.0,4.7,238,3.985826051935202,2.490620541896064
2022-04-09 04:00:00,21.9,86,19.5,0.0,33,0.0,0.8,207,0.3631923997916373,0.7128052193506944
2022-04-09 05:00:00,21.7,87,19.4,0.0,53,0.0,1.8,127,-1.4375439180851268,1.0832670416736871
2022-04-09 06:00:00,21.1,89,19.2,0.0,58,0.0,2.2,90,-2.2,-1.3471114790620887e-16
2022-04-09 07:00:00,21.2,91,19.8,0.0,61,41.0,1.9,22,-0.7117525274902328,-1.761649323676896
2022-04-09 08:00:00,23.2,84,20.3,0.0,43,153.0,2.2,279,2.1729143493093037,-0.3441558230885075
2022-04-09 09:00:00,24.1,78,20.0,0.0,39,286.0,4.3,246,3.928245467863184,1.7489675652259404
2022-04-09 10:00:00,24.8,74,19.8,0.0,38,415.0,6.6,225,4.666904755831213,4.666904755831214
2022-04-09 11:00:00,25.4,71,19.8,0.0,67,422.0,8.1,212,4.292346040288959,6.869189578867051
2022-04-09 12:00:00,25.8,71,20.0,0.0,100,467.0,10.0,195,2.588190451025208,9.659258262890685
2022-04-09 13:00:00,25.8,71,20.2,0.1,92,595.0,10.4,178,-0.3629547657060119,10.393664600998596
2022-04-09 14:00:00,25.7,72,20.4,0.1,77,588.0,9.8,156,-3.9860191021428446,8.952745484897488
2022-04-09 15:00:00,25.5,72,20.0,0.1,92,428.0,8.9,137,-6.069785404556237,6.509047944410617
2022-04-09 16:00:00,25.2,73,19.9,0.0,53,315.0,8.2,119,-7.171881598543045,3.975438886019963
2022-04-09 17:00:00,24.7,75,20.0,0.0,32,145.0,8.3,108,-7.893769085249776,2.564841053312063
2022-04-09 18:00:00,24.2,78,20.1,0.0,40,40.0,8.5,102,-8.314254606237348,1.7672493719509543
2022-04-09 19:00:00,23.6,81,20.2,0.0,41,0.0,6.8,87,-6.790680836331102,-0.3558845024520189
2022-04-09 20:00:00,23.2,83,20.2,0.0,44,0.0,7.7,79,-7.558529312547013,-1.4692292643993958
2022-04-09 21:00:00,22.8,85,20.2,0.0,57,0.0,8.5,78,-8.314254606237347,-1.7672493719509554
2022-04-09 22:00:00,22.4,87,20.2,0.0,43,0.0,5.9,79,-5.791600382341218,-1.125773072721615
2022-04-09 23:00:00,21.9,90,20.3,0.0,35,0.0,2.2,99,-2.1729143493093037,0.3441558230885078
2022-04-10 00:00:00,21.6,92,20.3,0.0,44,0.0,3.2,153,-1.45276959916655,2.851220877402777
2022-04-10 01:00:00,21.5,92,20.2,0.2,50,0.0,4.6,135,-3.2526911934581184,3.252691193458118
2022-04-10 02:00:00,21.8,91,20.3,0.0,64,0.0,5.1,94,-5.087576656325103,0.3557580160950391
2022-04-10 03:00:00,21.5,92,20.2,0.0,48,0.0,5.4,82,-5.34744757120448,-0.7515347451843536
2022-04-10 04:00:00,21.4,92,20.1,0.0,38,0.0,7.2,84,-7.160557646651568,-0.752604935527105
2022-04-10 05:00:00,21.6,92,20.2,0.0,38,0.0,7.9,87,-7.889173324561134,-0.4134540543192573
2022-04-10 06:00:00,21.5,92,20.1,0.0,27,0.0,8.0,98,-7.922144549932563,1.1133848076805228
2022-04-10 07:00:00,22.3,91,20.7,0.0,30,39.0,9.0,90,-9.0,-5.51091059616309e-16
2022-04-10 08:00:00,23.9,83,20.8,0.0,41,139.0,9.0,90,-9.0,-5.51091059616309e-16
2022-04-10 09:00:00,24.9,75,20.1,0.0,39,278.0,9.4,97,-9.329933825428428,1.1455718280083853
2022-04-10 10:00:00,25.9,68,19.5,0.0,44,409.0,10.3,102,-10.0749202875582,2.141490415422921
2022-04-10 11:00:00,26.5,64,19.2,0.0,47,402.0,11.9,104,-11.54651914268436,2.8788705576360467
2022-04-10 12:00:00,26.6,64,19.3,0.0,49,395.0,13.2,107,-12.62322277871207,3.859306502340124
2022-04-10 13:00:00,26.8,64,19.3,0.0,51,473.0,13.9,107,-13.292636107886194,4.06396669564604
2022-04-10 14:00:00,26.9,63,19.4,0.0,56,519.0,13.1,99,-12.938717261796304,2.049291492027024
2022-04-10 15:00:00,26.7,64,19.3,0.0,59,321.0,13.8,99,-13.630099100212902,2.158795617555185
2022-04-10 16:00:00,26.4,66,19.5,0.0,49,122.0,13.8,97,-13.697136892650246,1.6817969389910337
2022-04-10 17:00:00,25.8,70,19.9,0.0,31,70.0,10.3,102,-10.0749202875582,2.141490415422921
2022-04-10 18:00:00,25.2,72,19.9,0.0,28,36.0,9.1,97,-9.03216997993603,1.109011024986841
2022-04-10 19:00:00,24.6,76,20.0,0.0,25,0.0,9.0,95,-8.96575228282571,0.7844016847289241
2022-04-10 20:00:00,24.0,79,20.2,0.0,52,0.0,8.1,103,-7.892397524760405,1.8221035401853067
2022-04-10 21:00:00,23.3,84,20.5,0.0,57,0.0,7.0,102,-6.84703320513664,1.4553818357243151
2022-04-10 22:00:00,22.9,87,20.7,0.1,57,0.0,5.0,90,-5.0,-3.061616997868383e-16
2022-04-10 23:00:00,22.7,88,20.7,0.1,46,0.0,3.3,96,-3.281922254715301,0.3449439287832567
2022-04-11 00:00:00,22.6,88,20.6,0.1,46,0.0,1.1,198,0.339918693812442,1.046162167924669
2022-04-11 01:00:00,23.3,84,20.4,0.0,28,0.0,2.2,279,2.1729143493093037,-0.3441558230885075
2022-04-11 02:00:00,22.2,90,20.4,0.1,31,0.0,3.3,276,3.281922254715302,-0.3449439287832548
2022-04-11 03:00:00,23.7,84,20.9,0.0,28,0.0,0.7,270,0.7,1.2858791391047207e-16
2022-04-11 04:00:00,23.1,87,20.8,0.0,37,0.0,3.0,76,-2.910887178827989,-0.725765686799003
2022-04-11 05:00:00,21.4,94,20.3,0.0,35,0.0,5.2,102,-5.08636752381579,1.0811407922523486
2022-04-11 06:00:00,21.5,94,20.5,0.0,45,0.0,7.0,102,-6.84703320513664,1.4553818357243151
2022-04-11 07:00:00,23.3,89,21.5,0.0,44,25.0,9.3,103,-9.06164160250269,2.092044805397945
2022-04-11 08:00:00,24.5,84,21.6,0.0,50,73.0,8.5,102,-8.314254606237348,1.7672493719509543
2022-04-11 09:00:00,25.1,79,21.2,0.0,38,121.0,7.8,103,-7.600086505324834,1.7546182238821473
2022-04-11 10:00:00,25.9,74,20.9,0.0,36,238.0,8.1,103,-7.892397524760405,1.8221035401853067
2022-04-11 11:00:00,26.8,69,20.6,0.0,30,466.0,8.1,111,-7.562001454627333,2.902780391316932
2022-04-11 12:00:00,27.5,66,20.5,0.0,24,662.0,10.3,119,-9.008582983535778,4.993539088537272
2022-04-11 13:00:00,27.7,66,20.7,0.0,25,641.0,12.1,117,-10.78117894267925,5.493285046848516
2022-04-11 14:00:00,27.7,66,20.7,0.0,32,508.0,13.1,111,-12.229903587113345,4.694620139043433
2022-04-11 15:00:00,27.3,66,20.4,0.0,26,461.0,12.8,106,-12.304149708010485,3.528158154457588
2022-04-11 16:00:00,27.1,66,20.3,0.0,14,327.0,12.2,104,-11.837607860567156,2.951447126315947
2022-04-11 17:00:00,26.5,70,20.6,0.0,23,151.0,8.5,102,-8.314254606237348,1.7672493719509543
2022-04-11 18:00:00,25.9,73,20.6,0.0,26,41.0,7.5,107,-7.172285669722767,2.192787785420525
2022-04-11 19:00:00,25.0,77,20.7,0.0,29,0.0,8.4,97,-8.337387673787106,1.023702484603238
2022-04-11 20:00:00,24.3,81,20.7,0.0,28,0.0,9.0,88,-8.994517443171862,-0.3140954703225097
2022-04-11 21:00:00,23.5,86,21.1,0.0,27,0.0,7.8,77,-7.600086505324834,-1.7546182238821464
2022-04-11 22:00:00,23.6,85,21.0,0.0,27,0.0,3.1,45,-2.192031021678297,-2.192031021678297
2022-04-11 23:00:00,23.1,88,21.0,0.0,27,0.0,2.8,320,1.7998053071223108,-2.1449244407331376
2022-04-12 00:00:00,22.7,90,21.0,0.0,27,0.0,5.6,297,4.989636535454861,-2.542346798541461
2022-04-12 01:00:00,22.8,90,21.2,0.0,39,0.0,5.7,288,5.421022142882376,-1.7613968679371992
2022-04-12 02:00:00,22.7,91,21.2,0.0,46,0.0,3.7,299,3.236092916415764,-1.793795594911448
2022-04-12 03:00:00,22.7,91,21.2,0.0,47,0.0,1.3,56,-1.0777488443215544,-0.7269507745119709
2022-04-12 04:00:00,20.7,96,20.1,0.0,59,0.0,4.0,63,-3.564026096753471,-1.8159619989581872
2022-04-12 05:00:00,20.6,97,20.0,0.0,59,0.0,6.0,65,-5.437846722219899,-2.5357095704441965
2022-04-12 06:00:00,20.6,97,20.1,0.0,30,0.0,7.0,69,-6.535062985480412,-2.5085756468171025
2022-04-12 07:00:00,22.2,93,21.0,0.0,11,51.0,7.3,70,-6.8597561317371305,-2.4967470462773824
2022-04-12 08:00:00,24.5,82,21.2,0.0,10,203.0,6.3,77,-6.1385314081469815,-1.4171916423663489
2022-04-12 09:00:00,25.7,73,20.4,0.0,8,376.0,6.5,87,-6.49109197590473,-0.3401837155791358
2022-04-12 10:00:00,26.6,67,19.8,0.0,12,495.0,6.5,109,-6.14587074139556,2.116193003971518
2022-04-12 11:00:00,27.4,63,19.7,0.0,8,706.0,8.1,122,-6.869189578867051,4.292346040288959
2022-04-12 12:00:00,27.7,63,19.9,0.0,11,711.0,9.6,124,-7.9587606965284,5.368251873319168
2022-04-12 13:00:00,27.9,63,20.2,0.0,8,733.0,10.9,124,-9.036509540849956,6.095202647831139
2022-04-12 14:00:00,28.0,63,20.4,0.0,5,642.0,12.1,120,-10.478907385791707,6.049999999999997
2022-04-12 15:00:00,27.8,62,19.9,0.0,5,544.0,12.9,113,-11.87451260953648,5.040431557511632
2022-04-12 16:00:00,27.4,64,20.0,0.0,6,397.0,12.2,104,-11.837607860567156,2.951447126315947
2022-04-12 17:00:00,26.8,67,20.2,0.0,5,223.0,10.7,102,-10.46617932785172,2.2246550917500247
2022-04-12 18:00:00,25.9,72,20.4,0.0,8,59.0,8.0,108,-7.608452130361229,2.4721359549995787
2022-04-12 19:00:00,24.8,76,20.4,0.0,7,0.0,9.3,103,-9.06164160250269,2.092044805397945
2022-04-12 20:00:00,24.0,81,20.5,0.0,3,0.0,8.6,90,-8.6,-5.265981236333618e-16
2022-04-12 21:00:00,23.1,86,20.7,0.0,3,0.0,7.2,93,-7.190132650232932,0.3768188849491957
2022-04-12 22:00:00,22.6,89,20.6,0.0,2,0.0,4.0,63,-3.564026096753471,-1.8159619989581872
2022-04-12 23:00:00,23.7,84,20.7,0.0,3,0.0,2.1,329,1.0815799573111144,-1.8000513314744355
2022-04-13 00:00:00,23.5,85,20.9,0.0,22,0.0,5.3,298,4.6796222421523135,-2.488199282765219
2022-04-13 01:00:00,23.2,87,21.0,0.0,22,0.0,6.3,283,6.1385314081469815,-1.4171916423663489
2022-04-13 02:00:00,23.1,89,21.1,0.0,21,0.0,8.0,278,7.922144549932563,-1.1133848076805235
2022-04-13 03:00:00,20.9,96,20.2,0.0,22,0.0,5.7,288,5.421022142882376,-1.7613968679371992
2022-04-13 04:00:00,22.6,92,21.3,0.0,17,0.0,1.5,315,1.0606601717798214,-1.060660171779821
2022-04-13 05:00:00,22.5,92,21.1,0.0,5,0.0,1.5,14,-0.3628828433995016,-1.4554435894139948
2022-04-13 06:00:00,22.1,92,20.8,0.0,20,0.0,3.7,29,-1.7937955949114472,-3.2360929164157644
2022-04-13 07:00:00,22.3,95,21.5,0.0,4,56.0,3.1,54,-2.5079526825623373,-1.8221342821066668
2022-04-13 08:00:00,24.5,85,21.9,0.0,6,171.0,3.3,96,-3.281922254715301,0.3449439287832567
2022-04-13 09:00:00,25.7,79,21.8,0.1,22,369.0,4.6,129,-3.5748714227020666,2.894873798829251
2022-04-13 10:00:00,26.4,74,21.3,0.0,18,530.0,3.9,158,-1.4609657143220578,3.616017032810471
2022-04-13 11:00:00,27.1,71,21.3,0.0,34,676.0,5.5,191,1.049449474570996,5.398949508962152
2022-04-13 12:00:00,27.6,69,21.3,0.1,25,730.0,7.5,197,2.192787785420526,7.172285669722766
2022-04-13 13:00:00,27.8,68,21.5,0.1,26,753.0,9.1,187,1.1090110249868406,9.03216997993603
2022-04-13 14:00:00,27.7,70,21.7,0.0,17,603.0,10.1,174,-1.0557374790033027,10.04467114321956
2022-04-13 15:00:00,27.1,73,22.0,0.0,29,393.0,10.9,163,-3.186851581477829,10.423721839997087
2022-04-13 16:00:00,26.8,75,22.0,0.0,40,329.0,10.0,165,-2.58819045102521,9.65925826289068
2022-04-13 17:00:00,25.9,79,21.9,0.2,72,169.0,8.4,173,-1.0237024846032394,8.337387673787106
2022-04-13 18:00:00,25.2,82,22.0,0.2,67,49.0,4.8,167,-1.079765060850553,4.6769763109691285
2022-04-13 19:00:00,24.7,84,21.8,0.2,61,0.0,4.6,198,1.4214781741247573,4.374859974957706
2022-04-13 20:00:00,24.1,91,22.5,0.1,91,0.0,2.6,214,1.4539015490239415,2.1554976886431088
2022-04-13 21:00:00,23.8,91,22.2,0.1,62,0.0,2.5,270,2.5,4.592425496802574e-16
2022-04-13 22:00:00,23.0,94,22.0,0.0,50,0.0,3.2,270,3.2,5.878304635907295e-16
2022-04-13 23:00:00,23.1,93,21.9,0.0,36,0.0,5.2,304,4.310995377286217,-2.9078030980478844
2022-04-14 00:00:00,23.1,93,21.9,0.0,47,0.0,6.4,286,6.152074854005241,-1.7640790772287962
2022-04-14 01:00:00,22.6,95,21.7,0.0,63,0.0,5.1,231,3.96344440343055,3.2095339943541727
2022-04-14 02:00:00,22.3,96,21.6,0.1,42,0.0,4.1,218,2.5242120488351985,3.23084408978756
2022-04-14 03:00:00,23.6,90,21.9,0.1,48,0.0,1.9,248,1.7616493236768958,0.7117525274902333
2022-04-14 04:00:00,23.3,91,21.8,0.1,92,0.0,1.9,202,0.7117525274902328,1.761649323676896
2022-04-14 05:00:00,21.5,97,20.9,0.4,100,0.0,5.4,172,-0.7515347451843528,5.34744757120448
2022-04-14 06:00:00,21.5,96,20.8,0.7,100,0.0,7.1,131,-5.358438019581682,4.658019105832601
2022-04-14 07:00:00,23.0,93,21.8,0.9,98,46.0,4.8,103,-4.676976310969129,1.079765060850552
2022-04-14 08:00:00,24.2,88,22.1,1.4,86,95.0,5.4,86,-5.386845871403051,-0.3766849582182763
2022-04-14 09:00:00,24.9,87,22.5,1.3,95,250.0,7.5,107,-7.172285669722767,2.192787785420525
2022-04-14 10:00:00,25.5,82,22.1,1.3,73,375.0,10.2,122,-8.650090580795545,5.405176495178688
2022-04-14 11:00:00,26.1,77,21.8,0.2,52,397.0,13.7,125,-11.222383006759186,7.857997178009332
2022-04-14 12:00:00,26.5,75,21.8,0.1,37,448.0,16.6,117,-14.790708301526909,7.536242295676477
2022-04-14 13:00:00,26.9,73,21.6,0.0,22,563.0,18.7,115,-16.947955617585354,7.902961494551077
2022-04-14 14:00:00,27.0,71,21.3,0.0,23,498.0,19.7,108,-18.73581337101453,6.087634789186462
2022-04-14 15:00:00,27.2,71,21.4,0.0,18,505.0,19.7,98,-19.50828095420893,2.7417100889132877
2022-04-14 16:00:00,26.9,71,21.1,0.0,9,340.0,20.2,95,-20.12313290145326,1.7605460035026963
2022-04-14 17:00:00,26.2,74,21.2,0.0,5,211.0,19.6,96,-19.49262914921816,2.04875788004601
2022-04-14 18:00:00,25.1,77,20.9,0.0,3,58.0,18.0,93,-17.975331625582328,0.9420472123729892
2022-04-14 19:00:00,24.2,80,20.4,0.0,4,0.0,16.6,86,-16.55956323431308,-1.157957464152479
2022-04-14 20:00:00,23.6,81,20.1,0.0,1,0.0,13.4,84,-13.326593397934865,-1.4006814077865564
2022-04-14 21:00:00,23.2,82,19.9,0.0,2,0.0,12.3,93,-12.283143277481258,0.6437322617882093
2022-04-14 22:00:00,22.9,82,19.7,0.0,3,0.0,12.3,95,-12.253194786528471,1.0720156357961963
2022-04-14 23:00:00,22.6,82,19.5,0.0,6,0.0,12.2,90,-12.2,-7.470345474798854e-16
2022-04-15 00:00:00,22.3,83,19.2,0.0,5,0.0,11.9,85,-11.854716907291772,-1.037153338697132
2022-04-15 01:00:00,21.9,83,18.9,0.0,11,0.0,12.0,83,-11.910553819695863,-1.46243212086177
2022-04-15 02:00:00,21.3,85,18.7,0.0,14,0.0,13.4,84,-13.326593397934865,-1.4006814077865564
2022-04-15 03:00:00,21.1,85,18.5,0.0,22,0.0,14.2,81,-14.025174436450955,-2.221369403571279
2022-04-15 04:00:00,20.9,85,18.2,0.0,19,0.0,12.8,74,-12.304149708010485,-3.5281581544575893
2022-04-15 05:00:00,20.9,85,18.2,0.0,18,0.0,12.3,85,-12.253194786528471,-1.0720156357961952
2022-04-15 06:00:00,20.8,85,18.1,0.0,13,1.0,14.9,83,-14.788937659455698,-1.8158532167366976
2022-04-15 07:00:00,21.5,82,18.3,0.0,17,68.0,15.1,78,-14.770028771080463,-3.139466531348168
2022-04-15 08:00:00,22.7,76,18.3,0.0,13,217.0,14.9,82,-14.7549942242494,-2.0736792043049754
2022-04-15 09:00:00,23.9,72,18.4,0.0,8,422.0,14.9,82,-14.7549942242494,-2.0736792043049754
2022-04-15 10:00:00,24.9,70,19.0,0.0,14,595.0,13.4,82,-13.269592121137045,-1.8649195528648768
2022-04-15 11:00:00,25.7,69,19.5,0.0,5,646.0,11.5,86,-11.47198657798798,-0.8021994480574401
2022-04-15 12:00:00,26.3,67,19.6,0.0,4,713.0,13.0,96,-12.928784639787551,1.3588700224794965
2022-04-15 13:00:00,26.9,65,19.7,0.0,5,727.0,16.8,99,-16.593164121998313,2.628099012675878
2022-04-15 14:00:00,26.7,66,19.7,0.0,18,512.0,17.8,97,-17.667321499215532,2.1692743126116234
2022-04-15 15:00:00,26.2,66,19.3,0.0,4,598.0,20.0,97,-19.850923032826444,2.437386868102948
2022-04-15 16:00:00,25.3,68,19.0,0.0,4,377.0,23.1,95,-23.012097525919323,2.0132976574709054
2022-04-15 17:00:00,24.2,71,18.7,0.0,5,192.0,22.0,91,-21.99664929344061,0.3839529416202365
2022-04-15 18:00:00,23.0,75,18.3,0.0,0,63.0,19.1,94,-19.053473359962645,1.332348648512794
2022-04-15 19:00:00,22.0,78,17.9,0.0,5,0.0,17.7,92,-17.689217638237995,0.6177210916342669
2022-04-15 20:00:00,21.4,79,17.7,0.0,2,0.0,18.7,92,-18.68860846525709,0.6526205883367678
2022-04-15 21:00:00,21.1,80,17.6,0.0,8,0.0,18.0,89,-17.997258512815044,-0.3141433158711048
2022-04-15 22:00:00,20.9,81,17.6,0.0,6,0.0,14.1,86,-14.06565310866352,-0.9835662797921656
2022-04-15 23:00:00,20.8,82,17.5,0.0,7,0.0,10.1,88,-10.093847352892867,-0.3524849166952609
2022-04-16 00:00:00,20.7,82,17.5,0.0,21,0.0,9.4,90,-9.4,-5.755839955992562e-16
2022-04-16 01:00:00,20.6,82,17.4,0.0,27,0.0,8.6,88,-8.594761112364223,-0.3001356716415093
2022-04-16 02:00:00,20.5,83,17.5,0.0,41,0.0,8.0,95,-7.969557584733964,0.6972459419812659
2022-04-16 03:00:00,20.8,83,17.7,0.0,52,0.0,7.3,99,-7.210124886344506,1.1419715947936848
2022-04-16 04:00:00,20.7,82,17.5,0.0,69,0.0,9.4,92,-9.3942737739795,0.328055269003509
2022-04-16 05:00:00,20.8,81,17.4,0.0,65,0.0,8.7,83,-8.6351515192795,-1.060263287624783
2022-04-16 06:00:00,20.8,82,17.6,0.0,35,0.0,6.6,61,-5.772490067120011,-3.199743493625825
2022-04-16 07:00:00,21.4,82,18.1,0.0,8,42.0,3.5,24,-1.4235782507653008,-3.197409101749103
2022-04-16 08:00:00,22.7,76,18.2,0.0,9,128.0,0.7,270,0.7,1.2858791391047207e-16
2022-04-16 09:00:00,23.8,74,18.9,0.0,16,318.0,3.0,194,0.7257656867990026,2.910887178827989
2022-04-16 10:00:00,24.3,73,19.1,0.0,15,347.0,5.0,210,2.5000000000000004,4.330127018922193
2022-04-16 11:00:00,25.2,69,19.1,0.0,43,568.0,8.7,232,6.8556935563784815,5.356254835333225
2022-04-16 12:00:00,25.6,68,19.1,0.1,58,553.0,10.2,225,7.212489168102784,7.212489168102786
2022-04-16 13:00:00,25.7,68,19.3,0.1,38,653.0,10.1,207,4.585304047369421,8.999165894302516
2022-04-16 14:00:00,25.5,69,19.3,0.0,34,552.0,9.7,180,-1.1879073951729326e-15,9.7
2022-04-16 15:00:00,25.5,67,18.9,0.0,18,417.0,9.5,155,-4.014873486536645,8.609923976848174
2022-04-16 16:00:00,25.3,67,18.8,0.0,12,332.0,10.8,127,-8.625263508510763,6.499602250042123
2022-04-16 17:00:00,24.6,69,18.6,0.0,19,164.0,12.3,105,-11.88088766335554,3.1834742547610064
2022-04-16 18:00:00,23.7,72,18.3,0.0,59,33.0,14.1,94,-14.06565310866352,0.9835662797921672
2022-04-16 19:00:00,22.9,74,18.0,0.0,61,0.0,17.1,83,-16.972539193066606,-2.083965772228022
2022-04-16 20:00:00,22.0,76,17.6,0.0,62,0.0,17.2,80,-16.938693351809977,-2.986748655871203
2022-04-16 21:00:00,21.4,78,17.3,0.0,63,0.0,16.2,86,-16.16053761420915,-1.130054874654829
2022-04-16 22:00:00,21.0,78,17.0,0.0,57,0.0,16.9,90,-16.9,-1.0348265452795137e-15
2022-04-16 23:00:00,20.7,78,16.7,0.0,50,0.0,15.8,89,-15.797593583470984,-0.2757480217090808
2022-04-17 00:00:00,20.4,79,16.6,0.0,50,0.0,13.3,90,-13.3,-8.1439012143299e-16
2022-04-17 01:00:00,20.2,79,16.4,0.0,71,0.0,13.0,95,-12.950531075192693,1.1330246557195571
2022-04-17 02:00:00,20.4,77,16.3,0.0,67,0.0,13.4,96,-13.326593397934865,1.4006814077865577
2022-04-17 03:00:00,20.6,75,15.9,0.0,74,0.0,13.4,95,-13.34900895442939,1.1678869528186204
2022-04-17 04:00:00,20.4,77,16.1,0.3,80,0.0,12.6,95,-12.552053195955994,1.0981623586204938
2022-04-17 05:00:00,20.1,80,16.5,0.2,84,0.0,13.0,96,-12.928784639787551,1.3588700224794965
2022-04-17 06:00:00,20.0,82,16.7,0.1,75,0.0,14.4,94,-14.36492232374147,1.0044932219154048
2022-04-17 07:00:00,20.0,83,17.0,0.2,78,0.0,13.0,90,-13.0,-7.960204194457795e-16
2022-04-17 08:00:00,20.2,83,17.1,0.3,70,0.0,11.2,84,-11.13864522812466,-1.1707187885977186
2022-04-17 09:00:00,20.5,82,17.3,0.1,63,8.0,9.4,97,-9.329933825428428,1.1455718280083853
2022-04-17 10:00:00,21.1,78,17.1,0.0,62,37.0,11.6,106,-11.1506356728845,3.197393327477189
2022-04-17 11:00:00,21.5,77,17.2,0.0,57,47.0,13.1,99,-12.938717261796304,2.049291492027024
2022-04-17 12:00:00,22.9,71,17.4,0.0,46,321.0,12.3,97,-12.208317665188265,1.4989929238833126
2022-04-17 13:00:00,23.8,68,17.5,0.0,44,442.0,12.1,100,-11.916173811447717,2.101142949769857
2022-04-17 14:00:00,24.2,66,17.5,0.0,42,399.0,11.7,101,-11.485038046337667,2.232465245905574
2022-04-17 15:00:00,24.4,66,17.7,0.0,58,445.0,12.1,100,-11.916173811447717,2.101142949769857
2022-04-17 16:00:00,24.1,67,17.7,0.0,56,322.0,12.1,100,-11.916173811447717,2.101142949769857
2022-04-17 17:00:00,23.6,69,17.6,0.0,56,149.0,11.4,101,-11.19054989130337,2.175222547292611
2022-04-17 18:00:00,22.8,73,17.7,0.0,71,34.0,9.8,98,-9.70462707366739,1.3638963894086409
2022-04-17 19:00:00,22.2,76,17.7,0.0,91,0.0,9.7,92,-9.694091022085228,0.3385251180142592
2022-04-17 20:00:00,21.7,78,17.7,0.0,82,0.0,9.7,88,-9.694091022085228,-0.3385251180142604
2022-04-17 21:00:00,21.5,79,17.6,0.0,65,0.0,9.0,88,-8.994517443171862,-0.3140954703225097
2022-04-17 22:00:00,21.1,80,17.5,0.0,51,0.0,9.7,92,-9.694091022085228,0.3385251180142592
2022-04-17 23:00:00,20.9,80,17.3,0.0,35,0.0,10.4,88,-10.393664600998596,-0.3629547657060112
2022-04-18 00:00:00,20.8,80,17.2,0.0,28,0.0,9.4,88,-9.3942737739795,-0.3280552690035102
2022-04-18 01:00:00,20.9,80,17.3,0.0,29,0.0,8.0,95,-7.969557584733964,0.6972459419812659
2022-04-18 02:00:00,20.9,80,17.4,0.0,44,0.0,8.0,95,-7.969557584733964,0.6972459419812659
2022-04-18 03:00:00,20.9,81,17.5,0.0,49,0.0,7.9,87,-7.889173324561134,-0.4134540543192573
2022-04-18 04:00:00,20.8,82,17.6,0.0,46,0.0,8.4,83,-8.337387673787106,-1.023702484603239
2022-04-18 05:00:00,20.7,83,17.7,0.0,56,0.0,8.0,82,-7.922144549932563,-1.1133848076805235
2022-04-18 06:00:00,20.3,87,18.1,0.0,32,1.0,7.6,90,-7.6,-4.653657836759942e-16
2022-04-18 07:00:00,21.7,82,18.5,0.0,41,55.0,7.6,95,-7.571079705497266,0.6623836448822026
2022-04-18 08:00:00,22.9,75,18.2,0.0,56,179.0,9.9,100,-9.74959675482086,1.71911695890261
2022-04-18 09:00:00,23.6,73,18.5,0.0,84,283.0,11.2,105,-10.818369254437563,2.898773305148233
2022-04-18 10:00:00,24.2,72,18.8,0.0,91,417.0,10.7,104,-10.382164271153162,2.588564282916445
2022-04-18 11:00:00,24.6,71,19.1,0.0,100,341.0,9.8,114,-8.95274548489749,3.986019102142843
2022-04-18 12:00:00,25.1,70,19.2,0.0,100,442.0,12.4,120,-10.73871500692704,6.1999999999999975
2022-04-18 13:00:00,25.4,69,19.3,0.0,100,420.0,15.8,114,-14.434018230753097,6.426438960597644
2022-04-18 14:00:00,25.5,69,19.5,0.0,100,419.0,16.5,110,-15.50492824296749,5.643332364873534
2022-04-18 15:00:00,25.3,71,19.8,0.0,95,386.0,16.2,107,-15.492137046601176,4.736421616508333
2022-04-18 16:00:00,24.9,73,19.7,0.0,84,271.0,15.3,99,-15.111631611105608,2.3934473151155315
2022-04-18 17:00:00,24.3,75,19.7,0.1,56,146.0,14.6,100,-14.378193193978236,2.5352633939371825
2022-04-18 18:00:00,23.4,79,19.6,0.0,57,47.0,15.7,101,-15.411546780128324,2.9957012274117534
2022-04-18 19:00:00,22.7,81,19.3,0.0,47,0.0,17.3,95,-17.234168276987198,1.5077943495344874
2022-04-18 20:00:00,22.3,82,19.1,0.0,62,0.0,17.3,90,-17.3,-1.0593194812624606e-15
2022-04-18 21:00:00,22.0,84,19.1,0.0,59,0.0,16.2,90,-16.2,-9.919639073093561e-16
2022-04-18 22:00:00,21.9,84,19.1,0.0,56,0.0,15.1,93,-15.079305974794064,0.790272939268452
2022-04-18 23:00:00,21.8,84,19.1,0.0,53,0.0,14.4,94,-14.36492232374147,1.0044932219154048
2022-04-19 00:00:00,21.6,85,19.1,0.0,52,0.0,14.4,90,-14.4,-8.817456953860943e-16
2022-04-19 01:00:00,21.5,86,19.0,0.0,60,0.0,14.4,90,-14.4,-8.817456953860943e-16
2022-04-19 02:00:00,21.5,85,18.9,0.0,59,0.0,14.0,90,-14.0,-8.572527594031472e-16
2022-04-19 03:00:00,21.3,84,18.5,0.0,62,0.0,13.3,92,-13.291897999353974,0.4641633061432627
2022-04-19 04:00:00,21.2,84,18.4,0.0,55,0.0,13.3,90,-13.3,-8.1439012143299e-16
2022-04-19 05:00:00,21.1,84,18.3,0.0,44,0.0,14.4,93,-14.380265300465863,0.7536377698983914
2022-04-19 06:00:00,21.0,84,18.3,0.0,49,1.0,14.8,93,-14.779717114367694,0.7745721523955689
2022-04-19 07:00:00,21.6,83,18.5,0.0,56,53.0,16.2,93,-16.177798463024097,0.8478424911356902
2022-04-19 08:00:00,22.6,78,18.7,0.0,55,194.0,17.0,94,-16.958588854417012,1.1858600536501307
2022-04-19 09:00:00,23.5,76,19.0,0.0,58,312.0,17.3,95,-17.234168276987198,1.5077943495344874
2022-04-19 10:00:00,24.1,75,19.4,0.0,57,384.0,16.6,92,-16.58988772851699,0.5793316452615159
2022-04-19 11:00:00,24.6,74,19.6,0.0,52,398.0,16.6,95,-16.536831988322977,1.4467853296111268
2022-04-19 12:00:00,24.7,73,19.6,0.0,70,268.0,17.8,97,-17.667321499215532,2.1692743126116234
2022-04-19 13:00:00,25.0,72,19.6,0.0,80,455.0,18.5,97,-18.36210380536446,2.254582852995226
2022-04-19 14:00:00,24.8,72,19.3,0.0,83,454.0,20.5,92,-20.487511953891463,0.7154396824012695
2022-04-19 15:00:00,23.1,76,18.6,0.2,77,173.0,20.5,90,-20.5,-1.255262969126037e-15
2022-04-19 16:00:00,22.5,77,18.4,0.0,80,81.0,18.7,90,-18.7,-1.1450447572027753e-15
2022-04-19 17:00:00,22.1,79,18.3,0.0,89,72.0,18.0,92,-17.989034886343724,0.6281909406450172
2022-04-19 18:00:00,21.4,82,18.3,0.2,85,20.0,16.2,94,-16.16053761420915,1.1300548746548302
2022-04-19 19:00:00,21.0,84,18.3,0.0,85,0.0,15.9,95,-15.839495699658755,1.385776309687766
2022-04-19 20:00:00,20.8,85,18.2,0.0,91,0.0,15.2,95,-15.142159410994532,1.3247672897644052
2022-04-19 21:00:00,20.7,85,18.1,0.0,100,0.0,15.0,100,-14.77211629518312,2.6047226650039548
2022-04-19 22:00:00,20.8,85,18.1,0.1,100,0.0,14.2,97,-14.094155353306771,1.7305446763530925
2022-04-19 23:00:00,20.6,86,18.2,0.1,100,0.0,13.0,92,-12.992080751248244,0.4536934571325124
2022-04-20 00:00:00,20.6,86,18.2,0.2,100,0.0,10.8,92,-10.793420931806237,0.3769145643870103
2022-04-20 01:00:00,20.4,88,18.3,0.2,100,0.0,9.5,101,-9.325458242752807,1.812685456077176
2022-04-20 02:00:00,20.5,88,18.4,0.1,97,0.0,10.0,103,-9.743700647852352,2.2495105434386504
2022-04-20 03:00:00,20.9,86,18.4,0.1,81,0.0,9.8,98,-9.70462707366739,1.3638963894086409
2022-04-20 04:00:00,20.8,86,18.4,0.0,94,0.0,9.7,94,-9.676371287520292,0.6766377953180156
2022-04-20 05:00:00,20.7,87,18.4,0.0,81,0.0,10.8,92,-10.793420931806237,0.3769145643870103
2022-04-20 06:00:00,20.8,87,18.6,0.0,75,0.0,9.7,88,-9.694091022085228,-0.3385251180142604
2022-04-20 07:00:00,21.4,86,18.9,0.0,70,30.0,9.0,88,-8.994517443171862,-0.3140954703225097
2022-04-20 08:00:00,22.4,80,18.8,0.0,53,135.0,7.3,99,-7.210124886344506,1.1419715947936848
2022-04-20 09:00:00,23.3,77,18.9,0.0,45,270.0,4.9,126,-3.9641832724372423,2.880147736233118
2022-04-20 10:00:00,24.2,74,19.2,0.0,43,431.0,4.7,171,-0.7352419856890856,4.642135200797148
2022-04-20 11:00:00,24.9,72,19.5,0.0,44,446.0,7.2,177,-0.3768188849491954,7.190132650232932
2022-04-20 12:00:00,25.4,71,19.7,0.0,47,498.0,9.5,169,-1.8126854560771768,9.325458242752807
2022-04-20 13:00:00,25.6,71,19.9,0.0,62,451.0,11.8,149,-6.077449283938642,10.114574148284923
2022-04-20 14:00:00,25.5,71,19.8,0.0,89,398.0,11.7,135,-8.273149339882606,8.273149339882604
2022-04-20 15:00:00,25.2,70,19.4,0.1,84,316.0,9.9,123,-8.302838622659698,5.391926446648768
2022-04-20 16:00:00,25.2,70,19.4,0.0,76,294.0,8.4,110,-7.893418014601631,2.872969203935617
2022-04-20 17:00:00,24.9,71,19.3,0.0,69,135.0,9.3,103,-9.06164160250269,2.092044805397945
2022-04-20 18:00:00,24.2,75,19.4,0.0,33,47.0,12.3,93,-12.283143277481258,0.6437322617882093
2022-04-20 19:00:00,23.4,78,19.2,0.0,37,0.0,12.7,97,-12.60533612584479,1.5477406612453717
2022-04-20 20:00:00,22.9,79,19.0,0.0,50,0.0,13.4,98,-13.269592121137045,1.864919552864876
2022-04-20 21:00:00,22.5,80,18.8,0.0,55,0.0,13.0,95,-12.950531075192693,1.1330246557195571
2022-04-20 22:00:00,22.3,81,18.8,0.0,68,0.0,10.8,90,-10.8,-6.613092715395707e-16
2022-04-20 23:00:00,22.1,83,19.0,0.0,76,0.0,9.7,92,-9.694091022085228,0.3385251180142592
2022-04-21 00:00:00,21.9,84,19.1,0.0,60,0.0,7.9,90,-7.9,-4.837354856632045e-16
2022-04-21 01:00:00,21.6,86,19.2,0.0,46,0.0,5.8,83,-5.756767679519667,-0.7068421917498554
2022-04-21 02:00:00,21.4,88,19.3,0.0,48,0.0,6.5,96,-6.4643923198937765,0.6794350112397481
2022-04-21 03:00:00,21.2,89,19.3,0.0,41,0.0,8.4,100,-8.272385125302547,1.4586446924022145
2022-04-21 04:00:00,21.1,90,19.4,0.0,45,0.0,9.0,85,-8.96575228282571,-0.7844016847289232
2022-04-21 05:00:00,21.0,91,19.4,0.0,24,0.0,7.5,73,-7.172285669722766,-2.192787785420526
2022-04-21 06:00:00,20.9,91,19.4,0.0,11,1.0,9.0,85,-8.96575228282571,-0.7844016847289232
2022-04-21 07:00:00,22.0,89,20.1,0.0,10,74.0,12.5,102,-12.226845009172573,2.598896135221992
2022-04-21 08:00:00,23.6,81,20.2,0.0,7,231.0,17.1,97,-16.97253919306661,2.0839657722280203
2022-04-21 09:00:00,24.6,77,20.2,0.0,9,450.0,16.3,85,-16.237973578895453,-1.4206386067868275
2022-04-21 10:00:00,25.5,73,20.4,0.0,9,503.0,12.8,80,-12.605539238556265,-2.2226966741367096
2022-04-21 11:00:00,26.4,70,20.5,0.0,14,695.0,9.0,88,-8.994517443171862,-0.3140954703225097
2022-04-21 12:00:00,27.0,68,20.6,0.0,38,683.0,7.3,101,-7.165878439167947,1.392905666248777
2022-04-21 13:00:00,27.4,67,20.8,0.0,28,637.0,8.1,111,-7.562001454627333,2.902780391316932
2022-04-21 14:00:00,27.5,68,21.1,0.0,19,635.0,8.9,111,-8.308865795825096,3.1894747509531727
2022-04-21 15:00:00,27.6,68,21.1,0.0,8,543.0,9.4,113,-8.652745622452938,3.672872607799174
2022-04-21 16:00:00,27.3,69,21.1,0.0,11,404.0,9.6,110,-9.02104915954472,3.28339337592642
2022-04-21 17:00:00,26.9,71,21.1,0.0,5,222.0,9.2,101,-9.030970087718508,1.755442757464212
2022-04-21 18:00:00,26.1,75,21.3,0.0,8,63.0,9.4,92,-9.3942737739795,0.328055269003509
2022-04-21 19:00:00,25.0,79,21.2,0.0,5,1.0,9.4,88,-9.3942737739795,-0.3280552690035102
2022-04-21 20:00:00,24.2,83,21.2,0.0,2,0.0,8.3,85,-8.268415994161488,-0.7233926648055626
2022-04-21 21:00:00,23.6,86,21.1,0.0,1,0.0,7.6,90,-7.6,-4.653657836759942e-16
2022-04-21 22:00:00,23.2,88,21.1,0.0,2,0.0,8.4,97,-8.337387673787106,1.023702484603238
2022-04-21 23:00:00,22.8,90,21.0,0.0,4,0.0,8.4,97,-8.337387673787106,1.023702484603238
2022-04-22 00:00:00,22.5,91,20.9,0.0,9,0.0,8.3,92,-8.294943864258496,0.2896658226307579
2022-04-22 01:00:00,22.2,92,20.8,0.0,7,0.0,8.0,80,-7.878462024097664,-1.389185421335443
2022-04-22 02:00:00,21.9,92,20.6,0.0,7,0.0,8.1,77,-7.892397524760405,-1.8221035401853056
2022-04-22 03:00:00,21.8,91,20.4,0.0,4,0.0,6.9,81,-6.815049550106451,-1.0793978087775935
2022-04-22 04:00:00,21.8,91,20.3,0.0,10,0.0,7.3,81,-7.210124886344506,-1.1419715947936857
2022-04-22 05:00:00,21.6,92,20.2,0.0,11,0.0,7.2,72,-6.8476069173251055,-2.224922359499622
2022-04-22 06:00:00,21.7,91,20.2,0.0,17,2.0,8.4,83,-8.337387673787106,-1.023702484603239
2022-04-22 07:00:00,23.3,86,20.9,0.0,27,74.0,8.7,83,-8.6351515192795,-1.060263287624783
2022-04-22 08:00:00,25.4,76,20.9,0.0,27,225.0,7.6,87,-7.589584464134761,-0.3977532674463741
2022-04-22 09:00:00,26.7,71,20.9,0.0,35,388.0,7.9,93,-7.889173324561134,0.4134540543192563
2022-04-22 10:00:00,27.6,68,21.2,0.0,32,529.0,7.1,105,-6.858073366652385,1.837615220227898
2022-04-22 11:00:00,28.2,67,21.6,0.0,23,623.0,5.6,117,-4.98963653545486,2.5423467985414616
2022-04-22 12:00:00,28.7,67,22.0,0.0,11,711.0,5.5,122,-4.664264528860343,2.914555953282626
2022-04-22 13:00:00,28.9,68,22.3,0.0,26,664.0,5.9,137,-4.023790324368742,4.314986839553106
2022-04-22 14:00:00,28.9,69,22.7,0.0,21,654.0,7.1,156,-2.887830165838183,6.486172749262465
2022-04-22 15:00:00,28.6,70,22.5,0.0,29,497.0,8.2,151,-3.975438886019965,7.171881598543044
2022-04-22 16:00:00,28.2,72,22.6,0.0,33,316.0,6.8,148,-3.603450996785793,5.766727053863696
2022-04-22 17:00:00,27.8,73,22.5,0.1,38,176.0,5.6,140,-3.5996106142446207,4.289848881466276
2022-04-22 18:00:00,27.2,77,22.8,0.0,29,46.0,4.8,153,-2.1791543987498248,4.276831316104166
2022-04-22 19:00:00,26.4,82,23.0,0.0,25,1.0,4.8,153,-2.1791543987498248,4.276831316104166
2022-04-22 20:00:00,25.5,89,23.6,0.0,23,0.0,4.6,141,-2.894873798829252,3.5748714227020657
2022-04-22 21:00:00,25.5,85,22.9,0.0,24,0.0,4.7,122,-3.9858260519352022,2.4906205418960625
2022-04-22 22:00:00,25.3,87,22.9,0.0,19,0.0,4.3,85,-4.283637201794505,-0.3747696938149299
2022-04-22 23:00:00,24.5,92,23.0,0.0,23,0.0,2.5,45,-1.7677669529663689,-1.7677669529663689
2022-04-23 00:00:00,23.7,95,22.9,0.0,26,0.0,2.3,39,-1.4474368994146258,-1.7874357113510329
2022-04-23 01:00:00,23.8,95,23.0,0.0,29,0.0,2.3,51,-1.7874357113510329,-1.447436899414626
2022-04-23 02:00:00,23.5,97,23.0,0.0,100,0.0,1.8,37,-1.083267041673687,-1.437543918085127
2022-04-23 03:00:00,22.9,98,22.6,0.0,100,0.0,1.4,360,3.4290110376125893e-16,-1.4
2022-04-23 04:00:00,23.0,97,22.5,0.0,46,0.0,0.8,27,-0.3631923997916374,-0.7128052193506944
2022-04-23 05:00:00,23.6,96,22.8,1.1,61,0.0,2.2,90,-2.2,-1.3471114790620887e-16
2022-04-23 06:00:00,23.2,96,22.5,1.5,54,0.0,3.0,104,-2.910887178827989,0.7257656867990033
2022-04-23 07:00:00,23.6,93,22.4,2.7,91,22.0,5.2,65,-4.71280049259058,-2.197614961051637
2022-04-23 08:00:00,24.3,89,22.4,0.5,57,104.0,2.6,56,-2.1554976886431088,-1.4539015490239418
2022-04-23 09:00:00,25.2,86,22.7,0.8,36,252.0,4.1,255,3.96029588778518,1.0611580849203346
2022-04-23 10:00:00,26.4,81,22.9,0.0,28,234.0,9.4,247,8.652745622452938,3.672872607799174
2022-04-23 11:00:00,28.4,74,23.3,0.0,21,544.0,9.8,253,9.371786608437748,2.865242706282824
2022-04-23 12:00:00,29.4,70,23.4,0.0,21,652.0,11.4,257,11.10781873855168,2.564442019520064
2022-04-23 13:00:00,29.4,72,23.8,0.1,54,645.0,12.5,231,9.714324518212132,7.866504888122973
2022-04-23 14:00:00,28.0,79,23.9,3.1,69,409.0,15.6,195,4.037577103599324,15.068442890109464
2022-04-23 15:00:00,25.9,85,23.1,3.8,100,182.0,9.6,214,5.368251873319168,7.9587606965284
2022-04-23 16:00:00,26.0,83,22.8,1.2,100,167.0,7.2,288,6.847606917325106,-2.22492235949962
2022-04-23 17:00:00,26.4,80,22.8,0.0,98,110.0,7.2,288,6.847606917325106,-2.22492235949962
2022-04-23 18:00:00,26.2,83,23.0,0.0,14,45.0,5.4,228,4.01298205757793,3.613305274337834
2022-04-23 19:00:00,25.6,87,23.3,0.0,17,1.0,7.7,221,5.051654523226905,5.811263767715346
2022-04-23 20:00:00,25.1,90,23.4,0.0,14,0.0,7.2,270,7.2,1.3226185430791417e-15
2022-04-23 21:00:00,24.6,93,23.4,0.0,20,0.0,6.0,287,5.737828535778212,-1.7542302283364202
2022-04-23 22:00:00,24.2,94,23.2,0.0,33,0.0,6.4,286,6.152074854005241,-1.7640790772287962
2022-04-23 23:00:00,24.0,94,23.0,0.0,22,0.0,7.3,290,6.8597561317371305,-2.496747046277384
2022-04-24 00:00:00,24.0,93,22.8,0.0,32,0.0,8.0,262,7.922144549932562,1.1133848076805266
2022-04-24 01:00:00,24.1,92,22.8,0.0,32,0.0,9.2,281,9.030970087718506,-1.7554427574642149
2022-04-24 02:00:00,24.1,92,22.7,0.0,14,0.0,7.6,295,6.887939181478538,-3.2118987892293167
2022-04-24 03:00:00,23.9,94,22.9,0.0,13,0.0,9.3,283,9.06164160250269,-2.092044805397944
2022-04-24 04:00:00,23.8,94,22.9,0.0,27,0.0,9.1,277,9.032169979936029,-1.109011024986844
2022-04-24 05:00:00,23.8,94,22.8,0.0,34,0.0,9.1,288,8.654614298285898,-2.8120546488120195
2022-04-24 06:00:00,23.7,94,22.6,0.0,26,2.0,4.6,309,3.5748714227020653,-2.894873798829252
2022-04-24 07:00:00,24.8,91,23.1,0.0,19,67.0,4.9,306,3.964183272437243,-2.8801477362331176
2022-04-24 08:00:00,26.6,82,23.3,0.0,31,219.0,5.7,288,5.421022142882376,-1.7613968679371992
2022-04-24 09:00:00,27.4,79,23.5,0.1,30,331.0,7.2,273,7.190132650232932,-0.3768188849491964
2022-04-24 10:00:00,28.2,76,23.5,0.1,30,462.0,8.1,249,7.562001454627333,2.902780391316936
2022-04-24 11:00:00,28.7,74,23.7,0.1,28,582.0,8.2,232,6.461688179575121,5.048424097670396
2022-04-24 12:00:00,28.9,74,23.9,0.2,25,593.0,8.5,216,4.996174644486021,6.876644452187053
2022-04-24 13:00:00,28.9,76,24.4,0.2,39,690.0,7.6,205,3.2118987892293145,6.88793918147854
2022-04-24 14:00:00,28.8,78,24.6,0.3,29,616.0,7.1,204,2.887830165838181,6.486172749262466
2022-04-24 15:00:00,28.7,77,24.2,0.1,24,438.0,6.8,212,3.6034509967857926,5.766727053863697
2022-04-24 16:00:00,28.6,77,24.1,0.1,17,319.0,6.6,221,4.3299895913373465,4.981083229470296
2022-04-24 17:00:00,28.1,79,24.1,0.1,47,145.0,7.3,237,6.122295146001596,3.9758649556096968
2022-04-24 18:00:00,27.6,82,24.3,0.0,20,49.0,5.1,225,3.606244584051392,3.606244584051393
2022-04-24 19:00:00,26.9,86,24.4,0.0,19,1.0,6.4,232,5.043268823083022,3.940233442084212
2022-04-24 20:00:00,26.4,89,24.5,0.0,20,0.0,7.1,240,6.148780366869513,3.550000000000003
2022-04-24 21:00:00,25.9,91,24.4,0.0,11,0.0,6.6,248,6.119413440140796,2.472403516545021
2022-04-24 22:00:00,25.5,93,24.3,0.0,10,0.0,7.8,257,7.600086505324834,1.7546182238821488
2022-04-24 23:00:00,25.3,93,24.1,0.0,9,0.0,7.6,251,7.185941174554808,2.4743179738743906
2022-04-25 00:00:00,25.1,94,24.1,0.0,11,0.0,8.0,260,7.878462024097664,1.3891854213354426
2022-04-25 01:00:00,24.8,95,24.0,0.0,7,0.0,9.8,262,9.704627073667387,1.363896389408645
2022-04-25 02:00:00,24.4,96,23.8,0.0,33,0.0,9.0,268,8.994517443171862,0.3140954703225068
2022-04-25 03:00:00,24.5,96,23.8,0.0,32,0.0,7.3,290,6.8597561317371305,-2.496747046277384
2022-04-25 04:00:00,24.6,96,23.8,0.0,31,0.0,6.8,302,5.766727053863697,-3.603450996785792
2022-04-25 05:00:00,24.5,95,23.7,0.0,23,0.0,7.4,299,6.472185832831528,-3.5875911898228963
2022-04-25 06:00:00,24.4,95,23.6,0.0,18,2.0,3.1,306,2.5079526825623377,-1.8221342821066664
2022-04-25 07:00:00,25.5,93,24.2,0.0,8,76.0,2.5,278,2.475670171853926,-0.3479327524001636
2022-04-25 08:00:00,27.3,84,24.3,0.0,9,260.0,5.1,266,5.087576656325103,0.3557580160950404
2022-04-25 09:00:00,28.5,77,24.1,0.0,8,462.0,8.8,261,8.691657397237211,1.3766232923540331
2022-04-25 10:00:00,29.6,71,23.8,0.0,5,628.0,12.0,254,11.535140351259829,3.307648269803986
2022-04-25 11:00:00,30.5,67,23.7,0.0,3,708.0,15.2,239,13.028942970672103,7.828578738632826
2022-04-25 12:00:00,30.9,65,23.6,0.0,3,802.0,19.2,236,15.917521393056802,10.736503746638334
2022-04-25 13:00:00,30.9,66,23.7,0.0,5,761.0,21.0,235,17.202192930068822,12.045105163371971
2022-04-25 14:00:00,30.6,67,23.8,0.0,16,600.0,20.8,242,18.36530993146568,9.765008505946527
2022-04-25 15:00:00,30.1,68,23.5,0.0,20,462.0,20.1,243,17.909231136186193,9.125209044764894
2022-04-25 16:00:00,29.7,70,23.6,0.0,17,323.0,18.4,244,16.53781045190467,8.06602910091903
2022-04-25 17:00:00,29.1,74,23.9,0.0,12,164.0,16.5,250,15.50492824296749,5.643332364873531
2022-04-25 18:00:00,28.4,76,23.8,0.0,4,57.0,11.6,244,10.426010937070334,5.085105302753302
2022-04-25 19:00:00,27.6,80,23.8,0.0,2,1.0,9.1,261,8.987963899415753,1.4235536318661024
2022-04-25 20:00:00,27.1,82,23.8,0.0,9,0.0,8.6,270,8.6,1.5797943709000857e-15
2022-04-25 21:00:00,26.5,86,23.9,0.0,10,0.0,8.8,261,8.691657397237211,1.3766232923540331
2022-04-25 22:00:00,26.2,88,24.0,0.0,3,0.0,8.8,258,8.60769888645749,1.8296228791962863
2022-04-25 23:00:00,25.9,89,24.0,0.0,6,0.0,10.5,274,10.474422527728157,-0.7324429743133148
2022-04-26 00:00:00,25.7,91,24.0,0.0,4,0.0,11.6,275,11.555858497864248,-1.0110066158728317
2022-04-26 01:00:00,25.4,92,24.0,0.0,4,0.0,12.6,270,12.6,2.314582450388497e-15
2022-04-26 02:00:00,25.3,93,24.0,0.0,11,0.0,14.0,270,14.0,2.5717582782094417e-15
2022-04-26 03:00:00,25.3,92,23.9,0.0,10,0.0,14.8,266,14.763947943845398,1.0323958114130587
2022-04-26 04:00:00,25.2,92,23.8,0.0,10,0.0,14.9,263,14.7889376594557,1.815853216736693
2022-04-26 05:00:00,25.3,92,23.8,0.0,11,0.0,15.6,263,15.483719965604624,1.901161757120296
2022-04-26 06:00:00,25.4,91,23.9,0.0,13,3.0,13.4,262,13.26959212113704,1.864919552864882
2022-04-26 07:00:00,26.4,87,24.2,0.0,14,76.0,13.7,265,13.647867363856914,1.194033675642918
2022-04-26 08:00:00,27.7,81,24.1,0.0,13,253.0,15.6,263,15.483719965604624,1.901161757120296
2022-04-26 09:00:00,28.5,77,24.1,0.0,20,405.0,18.8,263,18.659867650856857,2.291143656016767
2022-04-26 10:00:00,29.3,74,24.1,0.0,26,544.0,20.8,260,20.484001262653926,3.611882095472151
2022-04-26 11:00:00,29.7,72,24.1,0.0,32,613.0,21.9,256,21.249476405444323,5.298089513632724
2022-04-26 12:00:00,30.0,71,24.2,0.1,44,654.0,21.1,250,19.82751429858267,7.216625024171607
2022-04-26 13:00:00,30.0,72,24.3,0.1,27,667.0,19.8,245,17.944894183325673,8.367841582465843
2022-04-26 14:00:00,30.0,71,24.3,0.1,31,700.0,18.7,247,17.213440759560633,7.30667210274942
2022-04-26 15:00:00,29.8,71,24.1,0.1,34,569.0,17.8,249,16.61773159165019,6.378949501906353
2022-04-26 16:00:00,29.6,72,24.1,0.0,17,391.0,14.8,244,13.30215188522767,6.487892972478351
2022-04-26 17:00:00,29.1,75,24.2,0.0,10,235.0,11.6,240,10.045894683899489,5.800000000000005
2022-04-26 18:00:00,28.1,81,24.5,0.0,5,61.0,6.5,236,5.388744221607772,3.6347538725598527
2022-04-26 19:00:00,27.3,85,24.5,0.0,9,1.0,7.8,248,7.232034065620941,2.921931428644116
2022-04-26 20:00:00,26.7,88,24.5,0.0,11,0.0,7.7,242,6.798696465013738,3.614931033451359
2022-04-26 21:00:00,26.1,91,24.5,0.0,10,0.0,8.4,263,8.337387673787106,1.0237024846032363
2022-04-26 22:00:00,25.7,92,24.3,0.0,1,0.0,8.0,278,7.922144549932563,-1.1133848076805235
2022-04-26 23:00:00,25.5,92,24.1,0.0,3,0.0,8.0,280,7.878462024097665,-1.3891854213354398
2022-04-27 00:00:00,25.2,92,23.8,0.0,6,0.0,8.4,277,8.337387673787106,-1.0237024846032403
2022-04-27 01:00:00,25.0,91,23.5,0.0,12,0.0,9.5,281,9.325458242752807,-1.8126854560771783
2022-04-27 02:00:00,24.7,92,23.3,0.0,28,0.0,9.2,291,8.588939923774255,-3.2969851358167634
2022-04-27 03:00:00,24.7,92,23.3,0.0,19,0.0,8.9,297,7.929958065276476,-4.040515447681965
2022-04-27 04:00:00,24.2,93,23.0,0.0,18,0.0,7.7,298,6.798696465013739,-3.614931033451356
2022-04-27 05:00:00,23.8,93,22.6,0.0,13,0.0,7.7,307,6.149493427364157,-4.633975678270769
2022-04-27 06:00:00,23.7,92,22.3,0.0,7,3.0,4.9,306,3.964183272437243,-2.8801477362331176
2022-04-27 07:00:00,25.2,87,22.8,0.0,6,86.0,4.7,293,4.32637281122647,-1.8364363038995852
2022-04-27 08:00:00,27.2,79,23.2,0.0,3,270.0,5.2,245,4.712800492590581,2.197614961051636
2022-04-27 09:00:00,28.3,76,23.7,0.0,3,463.0,4.8,222,3.2118269105225195,3.5670951622914924
2022-04-27 10:00:00,29.1,72,23.6,0.0,6,622.0,4.4,189,0.6883116461770152,4.345828698618607
2022-04-27 11:00:00,29.7,70,23.6,0.0,9,735.0,5.1,184,0.3557580160950389,5.087576656325103
2022-04-27 12:00:00,30.1,69,23.9,0.0,2,782.0,5.7,198,1.7613968679371996,5.421022142882376
2022-04-27 13:00:00,30.3,69,24.1,0.0,0,819.0,6.7,196,1.846770283973893,6.440453362786736
2022-04-27 14:00:00,30.4,70,24.2,0.0,0,750.0,6.9,189,1.0793978087775922,6.815049550106451
2022-04-27 15:00:00,30.0,70,23.9,0.0,5,607.0,7.2,177,-0.3768188849491954,7.190132650232932
2022-04-27 16:00:00,29.7,70,23.7,0.0,12,422.0,8.0,162,-2.47213595499958,7.608452130361228
2022-04-27 17:00:00,29.1,73,23.7,0.0,16,237.0,8.7,142,-5.356254835333227,6.85569355637848
2022-04-27 18:00:00,28.1,78,24.0,0.0,12,63.0,9.0,119,-7.871577364254563,4.363286582217033
2022-04-27 19:00:00,27.2,83,24.0,0.0,15,1.0,8.4,97,-8.337387673787106,1.023702484603238
2022-04-27 20:00:00,26.4,87,24.0,0.0,17,0.0,9.0,90,-9.0,-5.51091059616309e-16
2022-04-27 21:00:00,25.8,90,24.0,0.0,22,0.0,8.4,80,-8.272385125302547,-1.4586446924022156
2022-04-27 22:00:00,25.3,92,23.9,0.0,30,0.0,9.4,67,-8.65274562245294,-3.672872607799173
2022-04-27 23:00:00,25.0,93,23.8,0.0,35,0.0,8.2,49,-6.18861855782673,-5.379684037722159
2022-04-28 00:00:00,24.9,94,23.8,0.0,29,0.0,5.6,40,-3.59961061424462,-4.289848881466277
2022-04-28 01:00:00,24.7,94,23.8,0.0,34,0.0,7.2,90,-7.2,-4.4087284769304716e-16
2022-04-28 02:00:00,24.6,95,23.8,0.0,33,0.0,6.9,81,-6.815049550106451,-1.0793978087775935
2022-04-28 03:00:00,24.4,94,23.4,0.0,31,0.0,8.1,77,-7.892397524760405,-1.8221035401853056
2022-04-28 04:00:00,24.2,95,23.3,0.0,32,0.0,7.9,87,-7.889173324561134,-0.4134540543192573
2022-04-28 05:00:00,24.0,96,23.3,0.0,34,0.0,6.8,87,-6.790680836331102,-0.3558845024520189
2022-04-28 06:00:00,24.0,96,23.3,0.0,34,3.0,6.2,69,-5.788198644282651,-2.2218812871808624
2022-04-28 07:00:00,25.4,92,24.0,0.0,16,73.0,5.1,51,-3.963444403430551,-3.209533994354171
2022-04-28 08:00:00,26.8,84,23.9,0.0,10,223.0,1.3,34,-0.726950774511971,-1.0777488443215544
2022-04-28 09:00:00,27.8,80,24.1,0.0,10,393.0,4.0,180,-4.898587196589413e-16,4.0
2022-04-28 10:00:00,28.8,75,24.0,0.0,15,602.0,7.3,169,-1.3929056662487782,7.165878439167947
2022-04-28 11:00:00,29.3,74,24.1,0.1,58,665.0,7.3,169,-1.3929056662487782,7.165878439167947
2022-04-28 12:00:00,29.5,72,24.0,0.1,86,591.0,8.7,163,-2.543633831087808,8.31985137687841
2022-04-28 13:00:00,29.6,72,23.9,0.1,53,660.0,9.7,158,-3.6336839561343486,8.993683389297836
2022-04-28 14:00:00,29.4,73,24.0,0.1,73,558.0,10.0,159,-3.5836794954530022,9.335804264972015
2022-04-28 15:00:00,28.9,74,23.8,0.2,62,460.0,10.5,149,-5.407899786555571,9.000256657372178
2022-04-28 16:00:00,28.4,76,23.7,0.1,75,330.0,11.0,128,-8.668118289673941,6.772276228582241
2022-04-28 17:00:00,27.8,77,23.5,0.0,62,174.0,10.6,108,-10.081199072728628,3.2755801403744416
2022-04-28 18:00:00,27.3,80,23.5,0.0,50,45.0,10.1,92,-10.093847352892867,0.3524849166952596
2022-04-28 19:00:00,26.7,83,23.6,0.0,42,1.0,8.0,85,-7.969557584733964,-0.6972459419812651
2022-04-28 20:00:00,26.1,88,24.0,0.0,32,0.0,6.5,84,-6.4643923198937765,-0.6794350112397475
2022-04-28 21:00:00,26.0,88,23.8,0.0,16,0.0,6.5,96,-6.4643923198937765,0.6794350112397481
2022-04-28 22:00:00,25.8,89,23.8,0.0,6,0.0,7.2,93,-7.190132650232932,0.3768188849491957
2022-04-28 23:00:00,25.4,91,23.8,0.0,5,0.0,7.1,49,-5.358438019581681,-4.658019105832602
2022-04-29 00:00:00,25.0,94,23.9,0.0,51,0.0,5.1,321,3.2095339943541727,-3.96344440343055
2022-04-29 01:00:00,24.1,97,23.6,0.0,76,0.0,6.9,279,6.815049550106451,-1.0793978087775915
2022-04-29 02:00:00,23.1,99,23.0,0.0,76,0.0,7.0,258,6.847033205136639,1.4553818357243185
2022-04-29 03:00:00,22.8,97,22.3,0.0,32,0.0,8.8,251,8.320563465273988,2.864999759222979
2022-04-29 04:00:00,23.0,97,22.5,0.0,28,0.0,6.5,236,5.388744221607772,3.6347538725598527
2022-04-29 05:00:00,23.2,97,22.7,0.0,48,0.0,3.1,249,2.894099322141325,1.1109406435904323
2022-04-29 06:00:00,23.0,98,22.7,0.0,23,4.0,2.3,342,0.7107390870623796,-2.1874299874788528
2022-04-29 07:00:00,25.5,93,24.4,0.0,10,92.0,1.8,11,-0.3434561916777806,-1.7669289302057951
2022-04-29 08:00:00,27.5,80,23.8,0.0,2,263.0,1.1,342,0.3399186938124424,-1.0461621679246689
2022-04-29 09:00:00,28.6,73,23.3,0.0,2,477.0,1.1,198,0.339918693812442,1.046162167924669
2022-04-29 10:00:00,29.5,70,23.4,0.0,5,636.0,3.2,153,-1.45276959916655,2.851220877402777
2022-04-29 11:00:00,30.0,69,23.8,0.0,12,723.0,4.6,141,-2.894873798829252,3.5748714227020657
2022-04-29 12:00:00,30.5,69,24.2,0.0,14,817.0,5.9,137,-4.023790324368742,4.314986839553106
2022-04-29 13:00:00,30.7,70,24.5,0.0,5,815.0,5.9,133,-4.314986839553106,4.023790324368741
2022-04-29 14:00:00,30.7,71,24.8,0.0,18,753.0,7.1,131,-5.358438019581682,4.658019105832601
2022-04-29 15:00:00,30.4,72,24.9,0.0,46,603.0,9.6,124,-7.9587606965284,5.368251873319168
2022-04-29 16:00:00,30.0,74,24.8,0.0,57,337.0,11.5,110,-10.806465139037948,3.93323164824519
2022-04-29 17:00:00,29.4,76,24.8,0.0,62,221.0,13.6,101,-13.35012969488823,2.5950023371210094
2022-04-29 18:00:00,28.4,82,25.0,0.0,46,58.0,14.4,93,-14.380265300465863,0.7536377698983914
2022-04-29 19:00:00,27.3,87,24.9,0.0,38,1.0,16.3,96,-16.210706894502856,1.703813951262753
2022-04-29 20:00:00,26.5,90,24.7,0.0,39,0.0,16.3,95,-16.237973578895453,1.4206386067868293
2022-04-29 21:00:00,25.8,92,24.4,0.0,29,0.0,15.5,90,-15.5,-9.491012693391988e-16
2022-04-29 22:00:00,25.3,93,24.1,0.0,28,0.0,13.3,88,-13.291897999353974,-0.4641633061432644
2022-04-29 23:00:00,24.8,94,23.7,0.0,37,0.0,10.8,94,-10.773691742806102,0.7533699164365536
2022-04-30 00:00:00,24.4,94,23.4,0.0,35,0.0,10.2,98,-10.100734301164016,1.4195656297926664
2022-04-30 01:00:00,24.1,93,23.0,0.0,47,0.0,11.4,101,-11.19054989130337,2.175222547292611
2022-04-30 02:00:00,24.0,92,22.6,0.0,90,0.0,13.0,96,-12.928784639787551,1.3588700224794965
2022-04-30 03:00:00,23.9,89,22.0,0.1,100,0.0,12.3,87,-12.283143277481258,-0.6437322617882109
2022-04-30 04:00:00,23.8,89,21.9,0.1,89,0.0,9.8,84,-9.746314574609078,-1.024378940023004
2022-04-30 05:00:00,23.7,89,21.9,0.1,87,0.0,9.4,92,-9.3942737739795,0.328055269003509
2022-04-30 06:00:00,24.0,89,22.1,0.2,100,2.0,12.3,93,-12.283143277481258,0.6437322617882093
2022-04-30 07:00:00,24.5,89,22.5,0.1,94,46.0,11.6,83,-11.513535359039334,-1.4136843834997108
2022-04-30 08:00:00,25.4,85,22.7,0.1,58,177.0,10.9,81,-10.765802912487002,-1.705135668938517
2022-04-30 09:00:00,26.4,81,22.9,0.1,40,328.0,10.4,88,-10.393664600998596,-0.3629547657060112
2022-04-30 10:00:00,27.6,76,23.0,0.1,49,475.0,9.7,92,-9.694091022085228,0.3385251180142592
2022-04-30 11:00:00,28.3,74,23.2,0.0,33,663.0,10.3,102,-10.0749202875582,2.141490415422921
2022-04-30 12:00:00,28.9,72,23.3,0.0,39,639.0,11.3,107,-10.806243742382302,3.303800263366925
2022-04-30 13:00:00,29.2,71,23.3,0.0,45,710.0,14.0,113,-12.887067948334163,5.470235798849833
2022-04-30 14:00:00,28.9,71,23.2,0.0,51,473.0,17.9,109,-16.92478250322777,5.827669964783103
2022-04-30 15:00:00,28.4,71,22.6,0.0,52,477.0,20.9,105,-20.187849769441527,5.409318042642686
2022-04-30 16:00:00,27.8,72,22.2,0.0,47,323.0,20.8,100,-20.484001262653926,3.6118820954721502
2022-04-30 17:00:00,27.1,73,21.9,0.0,51,158.0,19.2,98,-19.01314691983815,2.672123538433255
2022-04-30 18:00:00,26.2,76,21.7,0.0,39,35.0,18.8,97,-18.659867650856857,2.2911436560167706
2022-04-30 19:00:00,25.4,79,21.4,0.0,37,0.0,17.7,94,-17.65688368959889,1.2346895852710182
2022-04-30 20:00:00,25.0,80,21.3,0.0,34,0.0,17.6,91,-17.59731943475249,0.3071623532961892
2022-04-30 21:00:00,24.6,82,21.3,0.0,35,0.0,16.9,92,-16.889704976622717,0.5898014942722661
2022-04-30 22:00:00,24.3,83,21.3,0.0,38,0.0,15.9,96,-15.812898136355546,1.6620025659556916
2022-04-30 23:00:00,24.1,85,21.3,0.1,29,0.0,16.4,99,-16.19808878576026,2.565525226659785
2022-05-01 00:00:00,23.6,87,21.3,0.3,50,0.0,16.2,94,-16.16053761420915,1.1300548746548302
2022-05-01 01:00:00,23.3,89,21.3,0.4,58,0.0,15.8,91,-15.797593583470984,0.2757480217090789
2022-05-01 02:00:00,23.1,89,21.2,0.4,58,0.0,15.8,89,-15.797593583470984,-0.2757480217090808
2022-05-01 03:00:00,23.1,87,20.9,0.0,57,0.0,15.8,90,-15.8,-9.67470971326409e-16
2022-05-01 04:00:00,23.0,88,20.9,0.0,59,0.0,15.8,90,-15.8,-9.67470971326409e-16
2022-05-01 05:00:00,23.1,86,20.7,0.0,59,0.0,15.1,90,-15.1,-9.246083333562517e-16
2022-05-01 06:00:00,23.2,86,20.6,0.1,53,1.0,16.8,99,-16.593164121998313,2.628099012675878
2022-05-01 07:00:00,23.6,84,20.7,0.0,47,14.0,17.6,91,-17.59731943475249,0.3071623532961892
2022-05-01 08:00:00,24.2,80,20.5,0.0,49,51.0,18.0,91,-17.997258512815044,0.3141433158711025
2022-05-01 09:00:00,24.8,77,20.4,0.0,53,59.0,18.7,92,-18.68860846525709,0.6526205883367678
2022-05-01 10:00:00,25.3,74,20.4,0.0,55,131.0,20.2,90,-20.2,-1.2368932671388266e-15
2022-05-01 11:00:00,26.1,72,20.6,0.0,56,291.0,21.6,92,-21.58684186361247,0.7538291287740206
2022-05-01 12:00:00,26.3,71,20.7,0.0,69,377.0,23.4,91,-23.396436066659557,0.4083863106324333
2022-05-01 13:00:00,25.9,74,20.8,0.0,89,271.0,23.5,85,-23.41057540515602,-2.0481599545699662
2022-05-01 14:00:00,25.6,75,20.8,0.1,92,148.0,21.7,83,-21.538251490616688,-2.6445647518917004
2022-05-01 15:00:00,24.9,73,19.7,0.1,100,28.0,20.9,88,-20.8872682846991,-0.7293994810822725
2022-05-01 16:00:00,24.4,75,19.6,0.0,100,21.0,20.5,90,-20.5,-1.255262969126037e-15
2022-05-01 17:00:00,23.6,78,19.5,0.2,100,3.0,19.1,89,-19.097090977487078,-0.3333409629521167
2022-05-01 18:00:00,23.0,80,19.4,0.3,91,1.0,19.4,90,-19.4,-1.1879073951729326e-15
2022-05-01 19:00:00,22.0,87,19.6,0.9,95,0.0,19.4,89,-19.39704528603399,-0.3385766848833018
2022-05-01 20:00:00,21.6,88,19.4,1.2,94,0.0,19.5,88,-19.488121126872368,-0.6805401856987711
2022-05-01 21:00:00,21.4,88,19.3,1.2,95,0.0,19.1,88,-19.08836479606473,-0.6665803870177707
2022-05-01 22:00:00,21.2,89,19.3,0.9,100,0.0,18.0,88,-17.989034886343724,-0.6281909406450195
2022-05-01 23:00:00,21.2,88,19.2,0.6,100,0.0,16.2,91,-16.197532661533536,0.2827289842839923
2022-05-02 00:00:00,21.0,88,18.9,0.4,100,0.0,16.6,91,-16.597471739596095,0.2897099468589057
2022-05-02 01:00:00,21.0,88,18.8,0.5,100,0.0,16.6,92,-16.58988772851699,0.5793316452615159
2022-05-02 02:00:00,20.9,88,18.8,0.6,100,0.0,19.6,96,-19.49262914921816,2.04875788004601
2022-05-02 03:00:00,20.9,85,18.4,0.6,100,0.0,21.3,93,-21.270809090272422,1.1147558679747038
2022-05-02 04:00:00,20.5,88,18.5,1.0,100,0.0,20.9,86,-20.849088650430325,-1.4579103012522172
2022-05-02 05:00:00,20.5,88,18.5,1.2,100,0.0,19.2,84,-19.094820391070847,-2.0069464947389464
2022-05-02 06:00:00,20.6,88,18.5,1.2,100,0.0,19.4,89,-19.39704528603399,-0.3385766848833018
2022-05-02 07:00:00,20.8,88,18.7,1.6,100,0.0,20.2,90,-20.2,-1.2368932671388266e-15
2022-05-02 08:00:00,21.0,86,18.7,1.4,100,0.0,20.2,88,-20.18769470578573,-0.7049698333905218
2022-05-02 09:00:00,21.2,87,19.0,1.3,100,18.0,17.7,92,-17.689217638237995,0.6177210916342669
2022-05-02 10:00:00,21.5,87,19.3,1.2,97,13.0,16.9,92,-16.889704976622717,0.5898014942722661
2022-05-02 11:00:00,21.8,87,19.6,1.3,92,2.0,16.6,94,-16.55956323431308,1.1579574641524806
2022-05-02 12:00:00,21.8,88,19.7,2.3,95,3.0,17.4,97,-17.270303038559003,2.120526575249564
2022-05-02 13:00:00,21.7,88,19.7,2.9,93,6.0,18.0,91,-17.997258512815044,0.3141433158711025
2022-05-02 14:00:00,21.6,88,19.6,2.9,89,6.0,18.4,88,-18.38879121715136,-0.6421507393260198
2022-05-02 15:00:00,21.4,89,19.6,1.5,86,5.0,16.2,90,-16.2,-9.919639073093561e-16
2022-05-02 16:00:00,21.3,89,19.5,0.6,90,0.0,18.8,97,-18.659867650856857,2.2911436560167706
2022-05-02 17:00:00,21.2,89,19.3,0.5,92,9.0,20.2,93,-20.17231660204239,1.0571863161074655
2022-05-02 18:00:00,20.9,89,19.0,0.5,95,0.0,17.3,91,-17.29736512620557,0.3019266313650041
2022-05-02 19:00:00,20.6,89,18.7,0.4,94,0.0,16.6,85,-16.536831988322977,-1.4467853296111253
2022-05-02 20:00:00,20.7,88,18.6,0.3,93,0.0,17.3,94,-17.257858069494958,1.2067869957733683
2022-05-02 21:00:00,20.7,87,18.5,0.4,100,0.0,18.4,92,-18.38879121715136,0.6421507393260175
2022-05-02 22:00:00,20.6,87,18.4,0.5,100,0.0,17.0,84,-16.906872221260645,-1.7769838755501088
2022-05-02 23:00:00,20.6,87,18.4,0.4,100,0.0,14.1,86,-14.06565310866352,-0.9835662797921656
2022-05-03 00:00:00,20.6,87,18.4,0.5,100,0.0,16.7,96,-16.608515652650162,1.7456253365698142
2022-05-03 01:00:00,20.5,88,18.4,0.6,100,0.0,18.7,88,-18.68860846525709,-0.6526205883367702
2022-05-03 02:00:00,20.5,87,18.4,0.5,100,0.0,18.2,82,-18.02287885109658,-2.5329504374731915
2022-05-03 03:00:00,20.4,87,18.1,0.2,100,0.0,15.8,78,-15.45473209159413,-3.2850047149205994
2022-05-03 04:00:00,20.5,86,18.0,0.1,100,0.0,12.6,77,-12.277062816293965,-2.8343832847326977
2022-05-03 05:00:00,20.7,85,18.0,0.0,100,0.0,11.6,83,-11.513535359039334,-1.4136843834997108
2022-05-03 06:00:00,20.8,85,18.1,0.0,69,1.0,13.4,95,-13.34900895442939,1.1678869528186204
2022-05-03 07:00:00,21.3,84,18.5,0.1,62,38.0,13.7,95,-13.647867363856914,1.1940336756429175
2022-05-03 08:00:00,22.0,81,18.6,0.5,52,94.0,12.3,93,-12.283143277481258,0.6437322617882093
2022-05-03 09:00:00,22.7,79,18.8,0.5,54,141.0,11.2,94,-11.17271736291003,0.7812725059342036
2022-05-03 10:00:00,23.4,76,18.9,0.2,81,153.0,9.5,79,-9.325458242752807,-1.8126854560771768
2022-05-03 11:00:00,24.4,72,19.0,0.0,83,327.0,7.2,90,-7.2,-4.4087284769304716e-16
2022-05-03 12:00:00,25.1,70,19.2,0.0,73,275.0,7.9,93,-7.889173324561134,0.4134540543192563
2022-05-03 13:00:00,25.3,70,19.4,0.0,70,212.0,10.6,108,-10.081199072728628,3.2755801403744416
2022-05-03 14:00:00,25.4,70,19.5,0.0,65,180.0,11.4,101,-11.19054989130337,2.175222547292611
2022-05-03 15:00:00,24.9,70,19.1,0.6,64,151.0,10.5,98,-10.397814721786489,1.4613175600806865
2022-05-03 16:00:00,24.9,70,19.0,0.3,92,161.0,9.5,99,-9.38303923565381,1.4861274178821928
2022-05-03 17:00:00,24.6,74,19.5,0.1,96,30.0,6.9,96,-6.862201078041086,0.7212463965468096
2022-05-03 18:00:00,24.4,75,19.6,0.0,81,42.0,8.7,85,-8.666893873398186,-0.7582549619046257
2022-05-03 19:00:00,24.0,78,20.0,0.0,89,0.0,9.8,84,-9.746314574609078,-1.024378940023004
2022-05-03 20:00:00,23.5,83,20.5,0.0,96,0.0,3.9,68,-3.616017032810471,-1.460965714322057
2022-05-03 21:00:00,23.5,83,20.5,0.0,100,0.0,1.5,45,-1.0606601717798214,-1.0606601717798214
2022-05-03 22:00:00,23.6,82,20.4,0.0,91,0.0,0.4,360,9.797174393178825e-17,-0.4
2022-05-03 23:00:00,23.0,87,20.7,0.0,80,0.0,4.6,135,-3.2526911934581184,3.252691193458118
2022-05-04 00:00:00,22.8,88,20.8,0.0,87,0.0,9.1,97,-9.03216997993603,1.109011024986841
2022-05-04 01:00:00,23.4,85,20.7,0.0,91,0.0,8.0,63,-7.128052193506942,-3.6319239979163744
2022-05-04 02:00:00,23.5,84,20.6,0.0,70,0.0,7.0,78,-6.847033205136639,-1.4553818357243162
2022-05-04 03:00:00,22.9,79,19.1,0.0,71,0.0,8.0,80,-7.878462024097664,-1.389185421335443
2022-05-04 04:00:00,22.8,79,19.0,0.1,66,0.0,8.4,70,-7.893418014601631,-2.872969203935618
2022-05-04 05:00:00,22.6,80,19.0,0.0,75,0.0,7.9,90,-7.9,-4.837354856632045e-16
2022-05-04 06:00:00,22.5,83,19.4,0.0,39,1.0,6.0,107,-5.737828535778213,1.75423022833642
2022-05-04 07:00:00,23.5,82,20.3,0.0,36,45.0,6.6,103,-6.430842427582553,1.4846769586695092
2022-05-04 08:00:00,24.6,73,19.4,0.0,28,167.0,8.6,105,-8.306962106085987,2.2258437878816792
2022-05-04 09:00:00,25.1,71,19.4,0.0,40,234.0,10.6,100,-10.438962181929403,1.8406706832694613
2022-05-04 10:00:00,25.5,70,19.7,0.1,51,280.0,9.0,106,-8.65135526344487,2.4807362023529915
2022-05-04 11:00:00,25.8,70,19.9,0.5,50,300.0,8.9,111,-8.308865795825096,3.1894747509531727
2022-05-04 12:00:00,26.3,69,20.0,0.3,52,316.0,8.6,112,-7.973781149274371,3.2216167033768435
2022-05-04 13:00:00,25.8,71,20.2,0.1,65,167.0,9.6,110,-9.02104915954472,3.28339337592642
2022-05-04 14:00:00,25.5,75,20.8,0.2,64,164.0,11.3,112,-10.4771775566047,4.233054505599807
2022-05-04 15:00:00,26.4,71,20.7,0.0,63,255.0,12.8,106,-12.304149708010485,3.528158154457588
2022-05-04 16:00:00,26.3,71,20.7,0.0,61,279.0,14.8,104,-14.360376748884748,3.5804440548750835
2022-05-04 17:00:00,25.9,73,20.6,0.0,68,149.0,13.4,95,-13.34900895442939,1.1678869528186204
2022-05-04 18:00:00,25.3,77,20.9,0.0,39,38.0,11.2,94,-11.17271736291003,0.7812725059342036
2022-05-04 19:00:00,24.7,79,20.9,0.0,59,1.0,9.4,86,-9.377102072442348,-0.6557108531947772
2022-05-04 20:00:00,24.3,82,21.0,0.0,55,0.0,10.2,82,-10.100734301164016,-1.4195656297926678
2022-05-04 21:00:00,23.8,85,21.1,0.0,72,0.0,9.7,88,-9.694091022085228,-0.3385251180142604
2022-05-04 22:00:00,23.5,87,21.2,0.0,82,0.0,9.4,86,-9.377102072442348,-0.6557108531947772
2022-05-04 23:00:00,23.3,88,21.2,0.0,79,0.0,9.8,84,-9.746314574609078,-1.024378940023004
2022-05-05 00:00:00,23.0,89,21.2,0.0,70,0.0,8.3,95,-8.268415994161488,0.7233926648055634
2022-05-05 01:00:00,22.9,90,21.2,0.0,68,0.0,8.0,98,-7.922144549932563,1.1133848076805228
2022-05-05 02:00:00,22.8,90,21.1,0.0,69,0.0,8.0,98,-7.922144549932563,1.1133848076805228
2022-05-05 03:00:00,23.0,92,21.7,0.0,59,0.0,9.4,97,-9.329933825428428,1.1455718280083853
2022-05-05 04:00:00,22.9,93,21.8,0.0,44,0.0,10.2,100,-10.04503908072452,1.771211412202689
2022-05-05 05:00:00,22.9,94,21.8,0.0,46,0.0,10.4,104,-10.091075553270365,2.515987714236545
2022-05-05 06:00:00,22.9,94,21.9,0.0,36,3.0,12.1,100,-11.916173811447717,2.101142949769857
2022-05-05 07:00:00,24.0,91,22.3,0.0,41,67.0,12.6,103,-12.277062816293965,2.8343832847326995
2022-05-05 08:00:00,25.4,85,22.6,0.0,44,210.0,14.3,100,-14.082750868074577,2.483168940637104
2022-05-05 09:00:00,26.3,79,22.3,0.0,47,267.0,14.6,100,-14.378193193978236,2.5352633939371825
2022-05-05 10:00:00,27.1,74,22.2,0.0,52,493.0,14.4,103,-14.030928932907388,3.2392951825516567
2022-05-05 11:00:00,27.7,72,22.3,0.0,53,486.0,14.9,105,-14.39229481170712,3.856403772027561
2022-05-05 12:00:00,27.9,73,22.5,0.0,43,471.0,15.4,106,-14.80343011745011,4.244815279581785
2022-05-05 13:00:00,28.1,73,22.7,0.0,67,577.0,15.6,105,-15.068442890109464,4.037577103599325
2022-05-05 14:00:00,28.1,73,22.7,0.0,59,492.0,16.0,104,-15.524731620415944,3.870750329594685
2022-05-05 15:00:00,27.6,72,22.0,0.0,60,415.0,16.2,102,-15.84599113188765,3.3681693912477013
2022-05-05 16:00:00,27.1,73,22.0,0.0,35,275.0,16.0,98,-15.844289099865126,2.2267696153610457
2022-05-05 17:00:00,26.7,75,22.0,0.0,24,195.0,14.4,94,-14.36492232374147,1.0044932219154048
2022-05-05 18:00:00,26.0,80,22.2,0.0,33,55.0,15.6,97,-15.483719965604624,1.9011617571202988
2022-05-05 19:00:00,24.9,84,22.0,0.0,27,1.0,14.8,94,-14.763947943845398,1.032395811413055
2022-05-05 20:00:00,24.4,86,21.9,0.0,29,0.0,13.4,95,-13.34900895442939,1.1678869528186204
2022-05-05 21:00:00,23.9,88,21.8,0.0,31,0.0,13.1,99,-12.938717261796304,2.049291492027024
2022-05-05 22:00:00,23.6,90,21.8,0.0,29,0.0,12.3,93,-12.283143277481258,0.6437322617882093
2022-05-05 23:00:00,23.3,92,21.8,0.0,29,0.0,10.5,94,-10.474422527728152,0.732442974313316
2022-05-06 00:00:00,23.1,93,21.9,0.0,29,0.0,9.4,94,-9.377102072442348,0.6557108531947782
2022-05-06 01:00:00,22.9,94,21.9,0.0,18,0.0,8.3,95,-8.268415994161488,0.7233926648055634
2022-05-06 02:00:00,22.7,95,21.8,0.0,13,0.0,7.9,93,-7.889173324561134,0.4134540543192563
2022-05-06 03:00:00,22.8,94,21.7,0.0,18,0.0,8.0,95,-7.969557584733964,0.6972459419812659
2022-05-06 04:00:00,22.7,94,21.7,0.0,21,0.0,8.0,95,-7.969557584733964,0.6972459419812659
2022-05-06 05:00:00,22.7,94,21.7,0.0,22,0.0,7.9,93,-7.889173324561134,0.4134540543192563
2022-05-06 06:00:00,22.7,95,21.9,0.0,8,5.0,9.8,98,-9.70462707366739,1.3638963894086409
2022-05-06 07:00:00,23.9,92,22.6,0.0,5,93.0,9.7,90,-9.7,-5.939536975864663e-16
2022-05-06 08:00:00,25.4,84,22.5,0.0,5,266.0,9.4,92,-9.3942737739795,0.328055269003509
2022-05-06 09:00:00,26.4,79,22.5,0.0,8,454.0,8.0,100,-7.878462024097664,1.3891854213354424
2022-05-06 10:00:00,27.2,75,22.3,0.0,23,577.0,7.2,117,-6.415246974156249,3.2687315981247367
2022-05-06 11:00:00,27.8,72,22.4,0.0,32,720.0,8.4,121,-7.200205325897744,4.326319829244456
2022-05-06 12:00:00,28.2,72,22.6,0.0,23,736.0,10.0,120,-8.660254037844387,4.999999999999998
2022-05-06 13:00:00,28.2,72,22.7,0.0,28,539.0,11.8,117,-10.513876985422742,5.357087896926652
2022-05-06 14:00:00,28.1,73,22.8,0.0,27,455.0,12.8,112,-11.86795333845488,4.7949643957236745
2022-05-06 15:00:00,28.0,73,22.7,0.0,47,444.0,13.1,106,-12.592528216791978,3.6108493612026873
2022-05-06 16:00:00,27.9,73,22.6,0.0,29,311.0,13.5,99,-13.33379259803436,2.111865278043116
2022-05-06 17:00:00,27.4,75,22.6,0.0,31,166.0,13.8,96,-13.724402156082173,1.442492793093619
2022-05-06 18:00:00,26.5,80,22.7,0.0,28,49.0,12.4,100,-12.21161613735138,2.153237403069936
2022-05-06 19:00:00,25.5,84,22.6,0.0,33,1.0,9.7,94,-9.676371287520292,0.6766377953180156
2022-05-06 20:00:00,24.9,87,22.6,0.0,30,0.0,8.4,97,-8.337387673787106,1.023702484603238
2022-05-06 21:00:00,24.5,89,22.6,0.0,32,0.0,9.1,97,-9.03216997993603,1.109011024986841
2022-05-06 22:00:00,24.1,91,22.6,0.0,37,0.0,7.6,85,-7.571079705497266,-0.6623836448822018
2022-05-06 23:00:00,23.9,92,22.5,0.0,34,0.0,7.6,90,-7.6,-4.653657836759942e-16
2022-05-07 00:00:00,23.7,93,22.5,0.0,36,0.0,7.6,90,-7.6,-4.653657836759942e-16
2022-05-07 01:00:00,23.4,95,22.6,0.0,41,0.0,6.8,93,-6.790680836331102,0.3558845024520181
2022-05-07 02:00:00,23.2,96,22.5,0.0,23,0.0,7.3,101,-7.165878439167947,1.392905666248777
2022-05-07 03:00:00,23.2,94,22.3,0.0,47,0.0,7.6,95,-7.571079705497266,0.6623836448822026
2022-05-07 04:00:00,23.3,94,22.3,0.0,48,0.0,8.0,95,-7.969557584733964,0.6972459419812659
2022-05-07 05:00:00,23.5,94,22.4,0.0,50,0.0,7.6,95,-7.571079705497266,0.6623836448822026
2022-05-07 06:00:00,23.5,94,22.5,0.0,55,2.0,8.7,97,-8.635151519279502,1.060263287624782
2022-05-07 07:00:00,24.4,91,22.9,0.0,54,30.0,8.8,99,-8.691657397237213,1.3766232923540314
2022-05-07 08:00:00,25.6,85,22.9,0.0,46,92.0,10.3,102,-10.0749202875582,2.141490415422921
2022-05-07 09:00:00,26.5,80,22.8,0.0,46,212.0,10.6,100,-10.438962181929403,1.8406706832694613
2022-05-07 10:00:00,27.2,77,22.7,0.0,45,287.0,11.3,107,-10.806243742382302,3.303800263366925
2022-05-07 11:00:00,27.9,73,22.6,0.0,47,488.0,12.6,110,-11.840127021902443,4.309453805903425
2022-05-07 12:00:00,28.5,70,22.4,0.0,41,578.0,13.1,111,-12.229903587113345,4.694620139043433
2022-05-07 13:00:00,28.7,68,22.3,0.0,47,500.0,14.6,110,-13.719512263474265,4.993494092554763
2022-05-07 14:00:00,28.7,67,22.1,0.0,42,501.0,16.8,105,-16.22755388165635,4.34815995772235
2022-05-07 15:00:00,28.2,70,22.3,0.0,43,266.0,17.5,99,-17.28454596041491,2.7376031382040398
2022-05-07 16:00:00,27.9,72,22.4,0.0,47,172.0,15.9,95,-15.839495699658755,1.385776309687766
2022-05-07 17:00:00,27.4,75,22.6,0.0,48,113.0,13.7,93,-13.68122462613766,0.7170026005283306
2022-05-07 18:00:00,26.5,80,22.9,0.0,30,40.0,11.5,104,-11.15840085217396,2.7821017993961794
2022-05-07 19:00:00,25.7,85,22.9,0.0,32,1.0,11.8,102,-11.542141688658909,2.4533579516495605
2022-05-07 20:00:00,25.1,87,22.8,0.0,24,0.0,11.7,101,-11.485038046337667,2.232465245905574
2022-05-07 21:00:00,24.8,88,22.7,0.0,33,0.0,9.5,99,-9.38303923565381,1.4861274178821928
2022-05-07 22:00:00,24.6,89,22.7,0.0,36,0.0,8.0,98,-7.922144549932563,1.1133848076805228
2022-05-07 23:00:00,24.4,90,22.7,0.0,32,0.0,8.8,109,-8.320563465273988,2.864999759222979
2022-05-08 00:00:00,24.2,91,22.6,0.0,30,0.0,9.0,90,-9.0,-5.51091059616309e-16
2022-05-08 01:00:00,24.0,91,22.3,0.0,33,0.0,9.1,83,-9.032169979936029,-1.109011024986842
2022-05-08 02:00:00,23.8,90,22.1,0.0,34,0.0,7.6,87,-7.589584464134761,-0.3977532674463741
2022-05-08 03:00:00,23.9,92,22.4,0.0,37,0.0,8.5,78,-8.314254606237347,-1.7672493719509554
2022-05-08 04:00:00,23.8,92,22.5,0.0,38,0.0,8.0,95,-7.969557584733964,0.6972459419812659
2022-05-08 05:00:00,23.7,94,22.6,0.0,35,0.0,7.9,87,-7.889173324561134,-0.4134540543192573
2022-05-08 06:00:00,23.8,93,22.6,0.0,43,1.0,8.8,78,-8.60769888645749,-1.8296228791962836
2022-05-08 07:00:00,24.4,89,22.6,0.0,61,9.0,9.0,61,-7.871577364254562,-4.363286582217034
2022-05-08 08:00:00,25.2,85,22.5,0.0,50,21.0,7.2,84,-7.160557646651568,-0.752604935527105
2022-05-08 09:00:00,25.9,82,22.6,0.1,16,60.0,7.4,113,-6.811735915548058,2.8914103508206264
2022-05-08 10:00:00,26.9,77,22.5,0.0,26,249.0,7.9,114,-7.217009115376547,3.213219480298822
2022-05-08 11:00:00,27.8,72,22.3,0.0,28,543.0,7.9,106,-7.59396739791272,2.1775351109542926
2022-05-08 12:00:00,28.4,70,22.4,0.1,29,673.0,10.3,115,-9.334970206477497,4.352968095929203
2022-05-08 13:00:00,28.4,70,22.5,0.0,34,539.0,13.4,110,-12.591881118531171,4.583069920563961
2022-05-08 14:00:00,28.4,71,22.6,0.0,50,567.0,15.2,97,-15.086701504948095,1.85241401975824
2022-05-08 15:00:00,27.7,72,22.3,0.4,50,410.0,17.6,90,-17.6,-1.077689183249671e-15
2022-05-08 16:00:00,27.4,75,22.5,0.0,56,229.0,18.0,88,-17.989034886343724,-0.6281909406450195
2022-05-08 17:00:00,26.9,77,22.5,0.0,54,149.0,18.0,88,-17.989034886343724,-0.6281909406450195
2022-05-08 18:00:00,26.1,81,22.5,0.0,52,21.0,19.2,85,-19.126938203361515,-1.6733902607550362
2022-05-08 19:00:00,25.3,83,22.3,0.0,50,1.0,16.7,83,-16.575520732410077,-2.035218034865963
2022-05-08 20:00:00,24.8,85,22.2,0.0,40,0.0,13.3,92,-13.291897999353974,0.4641633061432627
2022-05-08 21:00:00,24.7,86,22.2,0.0,44,0.0,12.5,102,-12.226845009172573,2.598896135221992
2022-05-08 22:00:00,24.4,88,22.2,0.0,39,0.0,11.2,92,-11.193177262613872,0.3908743630680106
2022-05-08 23:00:00,24.1,90,22.3,0.1,37,0.0,11.2,86,-11.17271736291003,-0.7812725059342026
2022-05-09 00:00:00,23.8,92,22.3,0.0,50,0.0,12.2,88,-12.192568089632967,-0.4257738597705131
2022-05-09 01:00:00,23.5,93,22.4,0.0,44,0.0,12.5,78,-12.22684500917257,-2.598896135221993
2022-05-09 02:00:00,23.3,94,22.3,0.0,46,0.0,12.6,90,-12.6,-7.715274834628325e-16
2022-05-09 03:00:00,23.4,93,22.2,0.0,47,0.0,13.3,88,-13.291897999353974,-0.4641633061432644
2022-05-09 04:00:00,23.5,92,22.2,0.1,61,0.0,13.3,87,-13.281772812235833,-0.6960682180311548
2022-05-09 05:00:00,23.7,92,22.2,0.0,69,0.0,13.0,87,-12.98218395180946,-0.6803674311582716
2022-05-09 06:00:00,23.8,91,22.3,0.1,54,0.0,12.2,90,-12.2,-7.470345474798854e-16
2022-05-09 07:00:00,24.2,91,22.6,0.3,40,1.0,14.1,87,-14.080676440039491,-0.7379369830255099
2022-05-09 08:00:00,25.0,87,22.7,0.4,38,67.0,16.2,87,-16.177798463024097,-0.8478424911356922
2022-05-09 09:00:00,25.7,84,22.8,0.3,55,140.0,15.9,84,-15.812898136355546,-1.66200256595569
2022-05-09 10:00:00,26.5,79,22.7,0.2,69,233.0,16.6,90,-16.6,-1.0164568432923032e-15
2022-05-09 11:00:00,27.4,74,22.4,0.2,72,355.0,15.5,89,-15.497639274924063,-0.2705122997778957
2022-05-09 12:00:00,27.4,74,22.5,0.4,78,307.0,15.9,93,-15.878209602597725,0.8321417042628071
2022-05-09 13:00:00,27.1,75,22.4,0.3,92,204.0,18.1,96,-18.000846306165748,1.8919651851445292
2022-05-09 14:00:00,27.1,76,22.4,0.1,74,214.0,16.6,85,-16.536831988322977,-1.4467853296111253
2022-05-09 15:00:00,26.9,77,22.5,0.2,59,130.0,14.3,80,-14.082750868074577,-2.483168940637105
2022-05-09 16:00:00,27.2,76,22.6,0.1,58,203.0,11.9,92,-11.89275084152724,0.4153040107597613
2022-05-09 17:00:00,26.8,78,22.6,0.0,47,95.0,11.7,108,-11.127361240653295,3.615498834186884
2022-05-09 18:00:00,26.0,82,22.6,0.0,20,40.0,11.8,102,-11.542141688658909,2.4533579516495605
2022-05-09 19:00:00,25.4,84,22.5,0.0,19,2.0,9.8,84,-9.746314574609078,-1.024378940023004
2022-05-09 20:00:00,25.0,86,22.5,0.0,31,0.0,10.7,76,-10.382164271153162,-2.588564282916444
2022-05-09 21:00:00,24.8,87,22.5,0.0,26,0.0,10.4,76,-10.091075553270365,-2.515987714236544
2022-05-09 22:00:00,24.5,89,22.5,0.0,27,0.0,8.8,78,-8.60769888645749,-1.8296228791962836
2022-05-09 23:00:00,23.9,92,22.5,0.0,44,0.0,8.0,85,-7.969557584733964,-0.6972459419812651
2022-05-10 00:00:00,23.4,95,22.5,0.0,54,0.0,7.9,87,-7.889173324561134,-0.4134540543192573
2022-05-10 01:00:00,23.2,96,22.5,0.0,65,0.0,7.1,75,-6.858073366652385,-1.8376152202278973
2022-05-10 02:00:00,23.0,97,22.4,0.0,67,0.0,6.8,65,-6.162892951849219,-2.873804179836756
2022-05-10 03:00:00,22.8,96,22.1,0.0,71,0.0,6.6,61,-5.772490067120011,-3.199743493625825
2022-05-10 04:00:00,22.5,97,22.0,0.0,67,0.0,5.4,98,-5.34744757120448,0.7515347451843529
2022-05-10 05:00:00,22.2,98,21.9,0.0,81,0.0,5.1,94,-5.087576656325103,0.3557580160950391
2022-05-10 06:00:00,22.2,98,21.9,0.0,74,4.0,6.2,97,-6.153786140176197,0.7555899291119137
2022-05-10 07:00:00,24.1,91,22.6,0.1,55,57.0,4.3,85,-4.283637201794505,-0.3747696938149299
2022-05-10 08:00:00,25.5,84,22.7,0.0,40,213.0,5.0,90,-5.0,-3.061616997868383e-16
2022-05-10 09:00:00,26.5,81,22.9,0.0,32,406.0,5.5,101,-5.398949508962152,1.0494494745709964
2022-05-10 10:00:00,27.2,78,23.0,0.0,17,505.0,5.0,120,-4.330127018922194,2.499999999999999
2022-05-10 11:00:00,27.8,76,23.1,0.0,31,600.0,4.1,135,-2.899137802864845,2.8991378028648445
2022-05-10 12:00:00,28.2,75,23.4,0.0,43,631.0,4.5,166,-1.0886485301985047,4.366330768241984
2022-05-10 13:00:00,28.5,75,23.6,0.0,41,552.0,7.2,174,-0.7526049355271069,7.160557646651568
2022-05-10 14:00:00,27.8,76,23.2,1.9,38,466.0,5.4,172,-0.7515347451843528,5.34744757120448
2022-05-10 15:00:00,28.2,75,23.3,0.5,80,313.0,5.1,176,-0.3557580160950401,5.087576656325103
2022-05-10 16:00:00,26.8,81,23.2,4.9,82,143.0,5.7,145,-3.269385687200962,4.669166652447254
2022-05-10 17:00:00,26.3,83,23.2,0.7,96,72.0,4.8,63,-4.276831316104166,-2.1791543987498248
2022-05-10 18:00:00,26.1,84,23.2,0.1,51,18.0,8.4,83,-8.337387673787106,-1.023702484603239
2022-05-10 19:00:00,25.9,86,23.3,0.0,46,1.0,7.9,87,-7.889173324561134,-0.4134540543192573
2022-05-10 20:00:00,25.5,88,23.4,0.0,74,0.0,8.3,92,-8.294943864258496,0.2896658226307579
2022-05-10 21:00:00,25.1,90,23.3,0.0,55,0.0,8.0,80,-7.878462024097664,-1.389185421335443
2022-05-10 22:00:00,24.8,91,23.3,0.0,57,0.0,6.1,62,-5.385980316439453,-2.863776532993934
2022-05-10 23:00:00,24.4,94,23.3,0.1,60,0.0,5.2,74,-4.998560818879258,-1.4333142502483958
2022-05-11 00:00:00,24.0,96,23.3,0.0,55,0.0,3.9,68,-3.616017032810471,-1.460965714322057
2022-05-11 01:00:00,23.8,97,23.3,0.0,83,0.0,4.5,76,-4.366330768241984,-1.0886485301985045
2022-05-11 02:00:00,23.9,96,23.3,0.0,88,0.0,4.7,81,-4.642135200797148,-0.7352419856890854
2022-05-11 03:00:00,23.8,94,22.9,0.8,87,0.0,5.7,55,-4.669166652447253,-3.2693856872009626
2022-05-11 04:00:00,23.8,94,22.8,0.5,81,0.0,4.7,58,-3.9858260519352022,-2.490620541896063
2022-05-11 05:00:00,23.8,94,22.7,0.2,90,0.0,5.5,32,-2.914555953282627,-4.664264528860342
2022-05-11 06:00:00,23.9,92,22.6,0.0,66,0.0,6.2,83,-6.153786140176196,-0.7555899291119145
2022-05-11 07:00:00,24.6,91,23.0,0.0,84,10.0,6.2,69,-5.788198644282651,-2.2218812871808624
2022-05-11 08:00:00,25.6,85,22.9,0.2,89,9.0,3.3,41,-2.1649947956686737,-2.490541614735148
2022-05-11 09:00:00,25.7,85,22.9,1.1,83,18.0,1.3,326,0.7269507745119705,-1.0777488443215544
2022-05-11 10:00:00,25.9,87,23.6,1.2,100,35.0,1.1,180,-1.3471114790620887e-16,1.1
2022-05-11 11:00:00,26.2,88,24.1,1.5,100,67.0,3.4,148,-1.8017254983928963,2.883363526931848
2022-05-11 12:00:00,25.4,90,23.6,3.9,81,6.0,4.7,122,-3.9858260519352022,2.4906205418960625
2022-05-11 13:00:00,25.6,90,23.7,1.8,68,93.0,6.6,112,-6.1194134401407965,2.47240351654502
2022-05-11 14:00:00,25.4,91,23.8,1.7,100,11.0,1.9,112,-1.761649323676896,0.7117525274902329
2022-05-11 15:00:00,26.8,83,23.7,0.9,91,101.0,1.9,68,-1.761649323676896,-0.7117525274902327
2022-05-11 16:00:00,27.5,79,23.6,0.0,83,139.0,2.6,56,-2.1554976886431088,-1.4539015490239418
2022-05-11 17:00:00,27.5,79,23.6,0.0,83,101.0,1.8,127,-1.4375439180851268,1.0832670416736871
2022-05-11 18:00:00,27.1,82,23.7,0.0,46,21.0,5.5,113,-5.062776693988422,2.149021206691006
2022-05-11 19:00:00,26.5,85,23.9,0.0,29,1.0,7.2,87,-7.190132650232932,-0.3768188849491966
2022-05-11 20:00:00,25.5,91,24.0,0.0,31,0.0,6.5,93,-6.49109197590473,0.3401837155791349
2022-05-11 21:00:00,24.7,95,23.8,0.0,45,0.0,6.6,103,-6.430842427582553,1.4846769586695092
2022-05-11 22:00:00,24.1,96,23.5,0.0,52,0.0,6.2,100,-6.10580806867569,1.076618701534968
2022-05-11 23:00:00,23.5,99,23.3,0.0,75,0.0,7.2,87,-7.190132650232932,-0.3768188849491966
2022-05-12 00:00:00,23.1,99,22.9,0.0,100,0.0,5.5,67,-5.062776693988422,-2.149021206691005
2022-05-12 01:00:00,22.8,99,22.7,0.0,100,0.0,5.2,56,-4.3109953772862175,-2.9078030980478835
2022-05-12 02:00:00,22.7,99,22.6,0.0,100,0.0,4.8,77,-4.676976310969129,-1.0797650608505516
2022-05-12 03:00:00,22.9,99,22.7,0.0,100,0.0,4.6,72,-4.3748599749577055,-1.4214781741247582
2022-05-12 04:00:00,23.3,98,22.9,0.0,88,0.0,4.4,55,-3.604268994871564,-2.523736319944603
2022-05-12 05:00:00,23.3,98,22.9,0.0,90,0.0,2.8,40,-1.7998053071223097,-2.1449244407331385
2022-05-12 06:00:00,23.6,96,23.0,0.0,66,0.0,2.3,342,0.7107390870623796,-2.1874299874788528
2022-05-12 07:00:00,24.8,91,23.2,0.0,75,8.0,6.9,313,5.046340541172276,-4.705788684431241
2022-05-12 08:00:00,26.2,80,22.6,0.0,71,64.0,6.6,279,6.518743047927909,-1.0324674692655225
2022-05-12 09:00:00,27.3,75,22.4,0.0,76,145.0,8.4,250,7.893418014601631,2.872969203935616
2022-05-12 10:00:00,27.9,75,23.0,0.0,33,180.0,12.3,249,11.48303924591558,4.407925779407199
2022-05-12 11:00:00,28.1,76,23.6,0.0,93,165.0,13.0,236,10.777488443215544,7.269507745119705
2022-05-12 12:00:00,28.8,75,23.9,0.0,89,327.0,13.2,241,11.544980134240024,6.399486987251646
2022-05-12 13:00:00,28.2,75,23.3,0.2,93,220.0,12.5,237,10.483382099317804,6.807987937687837
2022-05-12 14:00:00,27.6,82,24.1,0.4,96,118.0,9.2,219,5.789747597658506,7.1497428454041305
2022-05-12 15:00:00,27.3,80,23.5,0.2,90,18.0,4.4,189,0.6883116461770152,4.345828698618607
2022-05-12 16:00:00,27.1,81,23.6,0.4,88,12.0,1.6,117,-1.4256104387013888,0.7263847995832748
2022-05-12 17:00:00,26.0,85,23.3,1.0,79,4.0,0.7,180,-8.572527594031472e-17,0.7
2022-05-12 18:00:00,25.6,88,23.5,1.6,83,0.0,2.7,157,-1.0549740469210394,2.485363104321589
2022-05-12 19:00:00,25.1,90,23.4,0.9,89,0.0,4.0,153,-1.8159619989581877,3.564026096753471
2022-05-12 20:00:00,24.8,92,23.4,1.7,85,0.0,3.1,135,-2.192031021678297,2.192031021678297
2022-05-12 21:00:00,24.8,91,23.2,1.4,79,0.0,2.1,31,-1.0815799573111138,-1.800051331474436
2022-05-12 22:00:00,24.8,88,22.7,1.1,83,0.0,4.6,321,2.894873798829254,-3.5748714227020644
2022-05-12 23:00:00,24.4,87,22.1,0.4,88,0.0,5.7,325,3.269385687200965,-4.669166652447252
2022-05-13 00:00:00,24.1,83,21.1,0.0,83,0.0,6.4,333,2.9055391983331007,-5.702441754805554
2022-05-13 01:00:00,24.3,80,20.7,0.0,90,0.0,6.5,341,2.1161930039715187,-6.14587074139556
2022-05-13 02:00:00,24.6,78,20.6,0.0,89,0.0,6.6,351,1.0324674692655251,-6.5187430479279085
2022-05-13 03:00:00,24.3,81,20.8,0.6,89,0.0,6.6,347,1.4846769586695112,-6.430842427582552
2022-05-13 04:00:00,23.8,83,20.8,0.6,87,0.0,6.8,342,2.101315561749644,-6.467184310807044
2022-05-13 05:00:00,23.7,83,20.7,0.3,89,0.0,8.4,340,2.8729692039356163,-7.893418014601631
2022-05-13 06:00:00,24.0,80,20.3,0.1,35,0.0,8.7,336,3.538608794759461,-7.947845481490628
2022-05-13 07:00:00,24.9,75,20.2,0.0,30,0.0,10.9,314,7.840803823691297,-7.57177623800307
2022-05-13 08:00:00,25.9,72,20.5,0.1,38,10.0,13.2,305,10.81280698461469,-7.571208959833807
2022-05-13 09:00:00,26.2,76,21.5,0.4,79,16.0,13.8,303,11.573653837646855,-7.516018683207368
2022-05-13 10:00:00,26.6,80,22.8,0.6,85,59.0,14.8,304,12.269756073814616,-8.276054971367056
2022-05-13 11:00:00,26.3,86,23.8,0.8,89,11.0,15.6,310,11.950293312656058,-10.027486711110011
2022-05-13 12:00:00,26.5,85,23.9,0.6,63,3.0,16.6,309,12.900622960185716,-10.446718491427305
2022-05-13 13:00:00,27.5,81,23.9,0.1,91,83.0,15.7,307,12.5385775077425,-9.448495863487151
2022-05-13 14:00:00,27.9,78,23.7,0.0,94,148.0,13.9,295,12.597678239809431,-5.874393838195725
2022-05-13 15:00:00,27.4,77,23.0,0.7,90,24.0,11.3,279,11.160878248725057,-1.7677094549546066
2022-05-13 16:00:00,27.1,80,23.3,0.1,68,9.0,12.6,294,11.510672766296771,-5.124881702755077
2022-05-13 17:00:00,26.7,81,23.2,0.5,86,16.0,9.8,276,9.74631457460908,-1.0243789400229992
2022-05-13 18:00:00,25.2,87,22.8,1.8,89,0.0,8.4,230,6.434773322199415,5.399415921366932
2022-05-13 19:00:00,24.4,88,22.3,4.3,81,0.0,6.7,216,3.9381611903595695,5.420413862312148
2022-05-13 20:00:00,24.5,88,22.3,1.7,43,0.0,6.1,220,3.921004419087889,4.6728711030257655
2022-05-13 21:00:00,24.6,86,22.1,0.4,59,0.0,3.2,333,1.4527695991665504,-2.851220877402777
2022-05-13 22:00:00,24.4,81,20.9,0.0,55,0.0,7.7,349,1.469229264399394,-7.558529312547013
2022-05-13 23:00:00,24.6,77,20.2,0.5,46,0.0,8.4,320,5.399415921366932,-6.434773322199414
2022-05-14 00:00:00,24.4,76,20.0,1.7,58,0.0,9.1,304,7.544241910250879,-5.088655421583797
2022-05-14 01:00:00,24.1,78,20.1,1.2,91,0.0,10.7,315,7.56604255869606,-7.566042558696056
2022-05-14 02:00:00,23.9,81,20.3,0.5,97,0.0,12.5,319,8.200737862381342,-9.433869752784648
2022-05-14 03:00:00,22.9,87,20.6,2.2,90,0.0,12.0,316,8.33590044550797,-8.63207760406381
2022-05-14 04:00:00,23.0,87,20.8,2.6,96,0.0,11.5,316,7.988571260278472,-8.272407703894485
2022-05-14 05:00:00,23.0,88,20.9,3.0,100,0.0,13.0,316,9.030558815966968,-9.35141740440246
2022-05-14 06:00:00,23.2,88,21.2,3.2,95,0.0,11.9,284,11.54651914268436,-2.8788705576360423
2022-05-14 07:00:00,23.4,88,21.4,2.9,96,1.0,13.4,284,13.001962732098354,-3.2417534010355435
2022-05-14 08:00:00,24.0,87,21.6,2.5,99,0.0,14.5,289,13.710019346190096,-4.720738239628767
2022-05-14 09:00:00,24.6,87,22.4,3.1,100,15.0,16.1,297,14.345205039432726,-7.309247045806702
2022-05-14 10:00:00,25.0,88,22.8,4.2,100,2.0,16.4,296,14.74022235930634,-7.189286807340869
2022-05-14 11:00:00,25.3,87,23.0,5.4,95,0.0,16.6,300,14.37602170282168,-8.300000000000002
2022-05-14 12:00:00,25.5,88,23.3,4.9,100,0.0,17.2,303,14.425133768661295,-9.367791402258458
2022-05-14 13:00:00,25.9,87,23.6,2.9,100,11.0,17.6,305,14.417075979486256,-10.094945279778411
2022-05-14 14:00:00,25.7,87,23.3,2.2,100,10.0,19.4,301,16.62904563362098,-9.99173865325505
2022-05-14 15:00:00,24.9,87,22.6,1.5,100,37.0,19.5,293,17.94984464232259,-7.619257005540833
2022-05-14 16:00:00,24.8,87,22.5,1.9,100,0.0,19.0,285,18.3525906994923,-4.917561856947886
2022-05-14 17:00:00,24.5,89,22.6,3.0,100,0.0,15.9,275,15.839495699658755,-1.3857763096877604
2022-05-14 18:00:00,24.5,89,22.7,3.0,92,0.0,10.8,274,10.773691742806104,-0.7533699164365524
2022-05-14 19:00:00,24.3,91,22.7,2.5,100,0.0,7.9,267,7.889173324561134,0.41345405431926
2022-05-14 20:00:00,24.4,90,22.7,2.0,100,0.0,7.1,285,6.858073366652386,-1.837615220227894
2022-05-14 21:00:00,24.4,91,22.7,2.4,100,0.0,7.6,295,6.887939181478538,-3.2118987892293167
2022-05-14 22:00:00,24.5,91,22.8,3.6,83,0.0,8.0,297,7.128052193506944,-3.631923997916373
2022-05-14 23:00:00,24.3,92,23.0,3.6,62,0.0,8.0,297,7.128052193506944,-3.631923997916373
2022-05-15 00:00:00,24.2,93,23.0,3.0,62,0.0,8.1,283,7.892397524760405,-1.8221035401853056
2022-05-15 01:00:00,24.0,95,23.2,4.1,100,0.0,8.4,277,8.337387673787106,-1.0237024846032403
2022-05-15 02:00:00,23.9,96,23.2,4.6,100,0.0,7.7,281,7.558529312547012,-1.4692292643993974
2022-05-15 03:00:00,24.1,91,22.5,2.0,100,0.0,6.6,283,6.430842427582553,-1.4846769586695083
2022-05-15 04:00:00,23.9,92,22.5,1.8,100,0.0,6.1,270,6.1,1.120551821219828e-15
2022-05-15 05:00:00,23.4,96,22.7,3.2,100,0.0,4.8,243,4.276831316104166,2.179154398749825
2022-05-15 06:00:00,23.9,92,22.5,3.3,100,1.0,0.8,243,0.7128052193506943,0.3631923997916375
2022-05-15 07:00:00,24.2,92,22.8,1.6,100,2.0,2.4,63,-2.138415658052083,-1.0895771993749124
2022-05-15 08:00:00,24.5,90,22.7,1.0,100,15.0,3.6,45,-2.5455844122715714,-2.5455844122715714
2022-05-15 09:00:00,25.0,89,23.1,1.6,100,62.0,2.6,74,-2.499280409439629,-0.7166571251241979
2022-05-15 10:00:00,25.7,88,23.6,1.0,100,179.0,6.2,97,-6.153786140176197,0.7555899291119137
2022-05-15 11:00:00,26.2,86,23.8,0.6,100,132.0,9.1,97,-9.03216997993603,1.109011024986841
2022-05-15 12:00:00,26.8,86,24.3,0.6,100,206.0,10.9,99,-10.765802912487002,1.705135668938516
2022-05-15 13:00:00,27.1,83,24.1,0.6,100,291.0,13.9,107,-13.292636107886194,4.06396669564604
2022-05-15 14:00:00,26.5,87,24.1,2.4,100,140.0,15.2,95,-15.142159410994532,1.3247672897644052
2022-05-15 15:00:00,24.9,90,23.2,2.6,100,59.0,14.1,77,-13.738617913471815,-3.1718098662484957
2022-05-15 16:00:00,24.7,90,22.9,1.8,100,57.0,11.5,76,-11.15840085217396,-2.782101799396178
2022-05-15 17:00:00,24.0,91,22.5,1.1,100,11.0,12.0,83,-11.910553819695863,-1.46243212086177
2022-05-15 18:00:00,23.3,94,22.4,1.3,100,0.0,13.6,78,-13.302807369979757,-2.8275989951215283
2022-05-15 19:00:00,22.9,96,22.2,1.3,100,0.0,10.0,69,-9.335804264972015,-3.583679495453004
2022-05-15 20:00:00,22.9,96,22.3,1.5,100,0.0,6.7,74,-6.440453362786736,-1.8467702839738944
2022-05-15 21:00:00,23.2,97,22.7,1.6,100,0.0,6.9,96,-6.862201078041086,0.7212463965468096
2022-05-15 22:00:00,23.5,98,23.1,1.4,100,0.0,9.5,101,-9.325458242752807,1.812685456077176
2022-05-15 23:00:00,23.7,97,23.1,1.4,100,0.0,11.4,103,-11.107818738551682,2.564442019520061
2022-05-16 00:00:00,23.6,96,23.0,1.9,100,0.0,11.6,95,-11.555858497864248,1.0110066158728357
2022-05-16 01:00:00,23.3,96,22.7,2.5,100,0.0,11.5,92,-11.4929945107196,0.401344212078761
2022-05-16 02:00:00,23.0,96,22.3,2.7,100,0.0,13.3,88,-13.291897999353974,-0.4641633061432644
2022-05-16 03:00:00,22.1,93,20.9,1.8,100,0.0,15.6,82,-15.448181872368496,-2.171100374977021
2022-05-16 04:00:00,21.8,92,20.5,1.7,100,0.0,16.8,81,-16.593164121998313,-2.62809901267588
2022-05-16 05:00:00,21.6,92,20.2,1.7,100,0.0,16.9,78,-16.530694452401313,-3.5137075748201343
2022-05-16 06:00:00,21.6,91,20.1,1.3,100,0.0,17.6,89,-17.59731943475249,-0.3071623532961913
2022-05-16 07:00:00,21.8,91,20.3,1.5,100,2.0,17.7,95,-17.632646156223895,1.5426566466335507
2022-05-16 08:00:00,21.9,91,20.4,1.5,100,0.0,18.8,97,-18.659867650856857,2.2911436560167706
2022-05-16 09:00:00,21.9,91,20.4,1.1,100,1.0,20.2,89,-20.196923442159104,-0.3525386100331287
2022-05-16 10:00:00,21.9,91,20.4,1.0,100,11.0,19.1,86,-19.053473359962645,-1.332348648512792
2022-05-16 11:00:00,22.1,91,20.5,1.1,100,42.0,19.4,89,-19.39704528603399,-0.3385766848833018
2022-05-16 12:00:00,22.0,90,20.4,1.0,100,12.0,18.7,89,-18.697151899424515,-0.3263600003772032
2022-05-16 13:00:00,21.9,90,20.2,1.2,100,14.0,17.7,95,-17.632646156223895,1.5426566466335507
2022-05-16 14:00:00,21.8,90,20.1,1.3,100,4.0,19.2,98,-19.01314691983815,2.672123538433255
2022-05-16 15:00:00,21.8,90,20.2,1.4,100,0.0,19.9,96,-19.79098571782864,2.080116419026305
2022-05-16 16:00:00,21.4,90,19.7,2.5,100,0.0,21.7,97,-21.538251490616688,2.6445647518916977
2022-05-16 17:00:00,21.1,91,19.5,3.0,100,0.0,22.7,94,-22.644703940898008,1.5834719539916449
2022-05-16 18:00:00,20.9,91,19.3,2.7,100,0.0,23.1,94,-23.04372956100194,1.6113745434892952
2022-05-16 19:00:00,20.7,91,19.2,2.8,100,0.0,21.6,91,-21.596710215378053,0.3769719790453231
2022-05-16 20:00:00,20.7,91,19.3,2.4,100,0.0,15.7,79,-15.411546780128324,-2.995701227411755
2022-05-16 21:00:00,21.0,91,19.4,1.7,100,0.0,11.2,92,-11.193177262613872,0.3908743630680106
2022-05-16 22:00:00,21.1,91,19.6,1.2,100,0.0,15.1,108,-14.36095339605682,4.666156615061705
2022-05-16 23:00:00,21.2,91,19.7,0.9,100,0.0,17.7,94,-17.65688368959889,1.2346895852710182
2022-05-17 00:00:00,21.1,91,19.6,0.4,100,0.0,14.5,83,-14.391919198799169,-1.7671054793746386
2022-05-17 01:00:00,21.2,90,19.5,0.2,100,0.0,11.9,87,-11.88369146357943,-0.6227978792910333
2022-05-17 02:00:00,21.2,90,19.5,0.5,100,0.0,11.6,95,-11.555858497864248,1.0110066158728357
2022-05-17 03:00:00,21.1,86,18.7,0.2,100,0.0,12.3,93,-12.283143277481258,0.6437322617882093
2022-05-17 04:00:00,21.1,87,18.8,0.3,100,0.0,11.9,92,-11.89275084152724,0.4153040107597613
2022-05-17 05:00:00,21.1,87,18.8,0.2,100,0.0,11.2,90,-11.2,-6.858022075225179e-16
2022-05-17 06:00:00,21.3,87,19.0,0.0,85,2.0,12.4,98,-12.279324052395474,1.7257464519048105
2022-05-17 07:00:00,21.9,86,19.5,0.0,89,35.0,15.8,107,-15.109615144215962,4.61947293461924
2022-05-17 08:00:00,22.6,83,19.5,0.0,100,99.0,17.7,95,-17.632646156223895,1.5426566466335507
2022-05-17 09:00:00,23.0,81,19.6,0.1,100,126.0,16.2,87,-16.177798463024097,-0.8478424911356922
2022-05-17 10:00:00,23.5,80,19.8,0.4,95,175.0,13.3,88,-13.291897999353974,-0.4641633061432644
2022-05-17 11:00:00,24.0,78,19.9,0.0,55,197.0,10.3,102,-10.0749202875582,2.141490415422921
2022-05-17 12:00:00,24.8,75,20.0,0.1,89,399.0,10.8,120,-9.353074360871938,5.399999999999998
2022-05-17 13:00:00,25.3,73,20.1,0.0,74,364.0,11.3,121,-9.68599049793387,5.819930246483613
2022-05-17 14:00:00,25.6,72,20.1,0.0,100,414.0,11.3,117,-10.068373723328556,5.130092647056879
2022-05-17 15:00:00,25.3,71,19.8,0.0,100,108.0,14.1,105,-13.619554150675864,3.649348535945544
2022-05-17 16:00:00,24.6,76,20.0,0.2,50,8.0,13.7,88,-13.691654330161612,-0.4781231048242648
2022-05-17 17:00:00,24.1,79,20.2,0.1,49,62.0,13.4,84,-13.326593397934865,-1.4006814077865564
2022-05-17 18:00:00,23.7,81,20.3,0.0,90,12.0,14.4,87,-14.380265300465863,-0.7536377698983932
2022-05-17 19:00:00,23.2,84,20.3,0.0,80,1.0,13.7,87,-13.68122462613766,-0.7170026005283323
2022-05-17 20:00:00,22.8,85,20.2,0.1,61,0.0,13.4,85,-13.34900895442939,-1.167886952818619
2022-05-17 21:00:00,22.6,86,20.1,0.0,52,0.0,12.2,90,-12.2,-7.470345474798854e-16
2022-05-17 22:00:00,22.6,86,20.0,0.0,41,0.0,10.9,96,-10.84028865951418,1.1393602496174238
2022-05-17 23:00:00,22.3,86,19.9,0.0,48,0.0,11.3,97,-11.21577151354694,1.3771235804781654
2022-05-18 00:00:00,22.2,87,19.9,0.0,44,0.0,11.9,95,-11.854716907291772,1.037153338697133
2022-05-18 01:00:00,22.1,87,19.9,0.0,46,0.0,11.9,92,-11.89275084152724,0.4153040107597613
2022-05-18 02:00:00,22.0,88,19.9,0.0,40,0.0,11.5,92,-11.4929945107196,0.401344212078761
2022-05-18 03:00:00,21.8,87,19.5,0.0,38,0.0,10.1,90,-10.1,-6.184466335694133e-16
2022-05-18 04:00:00,21.6,88,19.6,0.0,35,0.0,10.4,92,-10.393664600998596,0.3629547657060099
2022-05-18 05:00:00,21.6,89,19.7,0.0,50,0.0,11.2,96,-11.13864522812466,1.1707187885977195
2022-05-18 06:00:00,21.8,90,20.0,0.0,76,6.0,11.2,94,-11.17271736291003,0.7812725059342036
2022-05-18 07:00:00,22.7,88,20.6,0.0,79,33.0,9.4,90,-9.4,-5.755839955992562e-16
2022-05-18 08:00:00,24.1,83,21.0,0.0,71,130.0,10.8,92,-10.793420931806237,0.3769145643870103
2022-05-18 09:00:00,25.7,77,21.3,0.0,58,427.0,11.2,96,-11.13864522812466,1.1707187885977195
2022-05-18 10:00:00,26.7,73,21.6,0.0,53,580.0,12.9,103,-12.569373835729534,2.901868601035859
2022-05-18 11:00:00,27.4,72,21.9,0.1,50,671.0,14.0,102,-13.69406641027328,2.9107636714486307
2022-05-18 12:00:00,27.8,71,22.1,0.0,53,630.0,13.6,102,-13.302807369979757,2.827598995121527
2022-05-18 13:00:00,27.8,72,22.4,0.0,35,519.0,12.5,102,-12.226845009172573,2.598896135221992
2022-05-18 14:00:00,27.8,73,22.6,0.1,51,457.0,12.1,102,-11.835585968879048,2.515731458894888
2022-05-18 15:00:00,27.3,74,22.3,0.0,71,245.0,14.7,107,-14.057679912656624,4.297864059424229
2022-05-18 16:00:00,26.8,77,22.4,0.0,68,229.0,16.2,102,-15.84599113188765,3.3681693912477013
2022-05-18 17:00:00,26.5,78,22.5,0.0,79,180.0,14.5,97,-14.39191919879917,1.7671054793746368
2022-05-18 18:00:00,26.0,82,22.6,0.0,71,46.0,13.8,97,-13.697136892650246,1.6817969389910337
2022-05-18 19:00:00,25.4,85,22.6,0.0,77,2.0,11.5,90,-11.5,-7.041719095097281e-16
2022-05-18 20:00:00,24.9,87,22.7,0.0,63,0.0,10.1,90,-10.1,-6.184466335694133e-16
2022-05-18 21:00:00,24.6,89,22.7,0.0,62,0.0,8.2,105,-7.92059177557036,2.122316169840671
2022-05-18 22:00:00,24.4,91,22.8,0.0,57,0.0,10.1,107,-9.65867803522666,2.95295421769964
2022-05-18 23:00:00,24.3,92,22.8,0.0,57,0.0,10.3,102,-10.0749202875582,2.141490415422921
2022-05-19 00:00:00,24.2,92,22.8,0.0,59,0.0,9.5,99,-9.38303923565381,1.4861274178821928
2022-05-19 01:00:00,24.1,92,22.8,0.0,83,0.0,8.0,98,-7.922144549932563,1.1133848076805228
2022-05-19 02:00:00,23.9,93,22.8,0.1,78,0.0,7.6,93,-7.589584464134761,0.3977532674463732
2022-05-19 03:00:00,23.6,92,22.1,0.0,77,0.0,8.0,95,-7.969557584733964,0.6972459419812659
2022-05-19 04:00:00,23.5,92,22.2,0.0,83,0.0,6.6,119,-5.772490067120012,3.199743493625824
2022-05-19 05:00:00,23.4,93,22.2,0.1,86,0.0,6.6,119,-5.772490067120012,3.199743493625824
2022-05-19 06:00:00,23.3,94,22.4,0.5,83,3.0,2.4,63,-2.138415658052083,-1.0895771993749124
2022-05-19 07:00:00,24.0,93,22.9,0.7,76,17.0,2.9,360,7.10295143505465e-16,-2.9
2022-05-19 08:00:00,24.6,91,23.1,2.0,80,78.0,1.5,104,-1.4554435894139948,0.3628828433995016
2022-05-19 09:00:00,24.7,87,22.3,2.3,86,4.0,3.5,114,-3.197409101749103,1.423578250765301
2022-05-19 10:00:00,24.9,83,21.8,3.5,84,121.0,1.6,63,-1.4256104387013886,-0.726384799583275
2022-05-19 11:00:00,24.8,83,21.7,3.3,57,2.0,1.6,63,-1.4256104387013886,-0.726384799583275
2022-05-19 12:00:00,25.5,81,22.0,2.7,70,202.0,2.9,90,-2.9,-1.7757378587636622e-16
2022-05-19 13:00:00,25.5,84,22.6,3.0,66,76.0,5.0,111,-4.667902132486009,1.7918397477265011
2022-05-19 14:00:00,25.8,85,23.0,1.1,65,95.0,7.6,115,-6.88793918147854,3.211898789229315
2022-05-19 15:00:00,25.7,81,22.1,0.3,61,73.0,8.0,117,-7.128052193506943,3.631923997916374
2022-05-19 16:00:00,25.8,82,22.4,0.0,63,28.0,7.1,114,-6.486172749262466,2.887830165838181
2022-05-19 17:00:00,25.8,84,22.8,0.0,59,62.0,6.2,111,-5.788198644282651,2.221881287180861
2022-05-19 18:00:00,25.6,85,22.9,0.0,53,33.0,5.2,115,-4.71280049259058,2.1976149610516367
2022-05-19 19:00:00,25.1,88,23.0,0.0,39,3.0,5.5,113,-5.062776693988422,2.149021206691006
2022-05-19 20:00:00,24.8,90,23.0,0.0,37,0.0,3.7,119,-3.236092916415765,1.793795594911447
2022-05-19 21:00:00,23.5,95,22.6,0.0,28,0.0,3.9,124,-3.233246532964663,2.180852323535912
2022-05-19 22:00:00,23.3,95,22.5,0.0,37,0.0,5.7,125,-4.669166652447252,3.269385687200963
2022-05-19 23:00:00,23.4,96,22.6,0.0,29,0.0,7.4,113,-6.811735915548058,2.8914103508206264
2022-05-20 00:00:00,23.5,96,22.8,0.0,27,0.0,6.5,90,-6.5,-3.980102097228897e-16
2022-05-20 01:00:00,23.5,96,22.9,0.0,23,0.0,5.3,62,-4.679622242152313,-2.4881992827652213
2022-05-20 02:00:00,23.6,96,23.0,0.0,58,0.0,5.0,30,-2.5,-4.330127018922194
2022-05-20 03:00:00,23.5,96,22.9,0.0,63,0.0,4.3,42,-2.8772616073430903,-3.195522749552795
2022-05-20 04:00:00,23.3,97,22.8,0.0,62,0.0,4.9,73,-4.685893304218874,-1.4326213531414105
2022-05-20 05:00:00,23.2,97,22.7,0.0,67,0.0,5.8,90,-5.8,-3.5514757175273243e-16
2022-05-20 06:00:00,23.5,97,23.0,0.0,81,4.0,9.7,88,-9.694091022085228,-0.3385251180142604
2022-05-20 07:00:00,24.6,94,23.6,0.0,47,69.0,8.3,90,-8.3,-5.082284216461516e-16
2022-05-20 08:00:00,25.9,87,23.7,0.0,44,229.0,10.0,103,-9.743700647852352,2.2495105434386504
2022-05-20 09:00:00,27.0,82,23.7,0.0,52,418.0,12.2,104,-11.837607860567156,2.951447126315947
2022-05-20 10:00:00,27.9,78,23.7,0.0,56,636.0,15.3,105,-14.778665142222746,3.959931390068569
2022-05-20 11:00:00,28.4,76,23.7,0.0,60,736.0,16.7,104,-16.20393862880914,4.040095656514452
2022-05-20 12:00:00,28.7,75,23.8,0.0,86,765.0,16.2,103,-15.78479504952081,3.6442070803706135
2022-05-20 13:00:00,28.8,74,23.8,0.0,77,823.0,16.8,105,-16.22755388165635,4.34815995772235
2022-05-20 14:00:00,28.7,75,23.7,0.0,40,724.0,17.9,105,-17.290072290574322,4.632860907335123
2022-05-20 15:00:00,28.2,74,23.2,0.0,14,567.0,19.1,106,-18.360098392421893,5.264673496104682
2022-05-20 16:00:00,27.7,76,23.1,0.0,10,387.0,18.8,102,-18.38917489379555,3.908739787373876
2022-05-20 17:00:00,27.3,78,23.2,0.0,8,225.0,16.4,99,-16.19808878576026,2.565525226659785
2022-05-20 18:00:00,26.5,82,23.1,0.0,12,73.0,15.6,105,-15.068442890109464,4.037577103599325
2022-05-20 19:00:00,25.5,85,22.8,0.0,4,4.0,15.9,103,-15.49248403008524,3.5767217640674542
2022-05-20 20:00:00,24.9,86,22.4,0.0,13,0.0,15.0,100,-14.77211629518312,2.6047226650039548
2022-05-20 21:00:00,24.4,88,22.3,0.0,27,0.0,12.8,101,-12.5648279481301,2.4423551408197737
2022-05-20 22:00:00,24.0,90,22.3,0.0,29,0.0,12.0,106,-11.535140351259829,3.3076482698039884
2022-05-20 23:00:00,23.7,92,22.2,0.0,28,0.0,11.4,108,-10.842044285764752,3.5227937358744
2022-05-21 00:00:00,23.2,94,22.2,0.0,28,0.0,9.3,106,-8.939733772226367,2.5634274090980917
2022-05-21 01:00:00,23.0,94,22.1,0.0,29,0.0,7.9,114,-7.217009115376547,3.213219480298822
2022-05-21 02:00:00,22.7,95,21.9,0.0,37,0.0,4.4,125,-3.604268994871564,2.5237363199446032
2022-05-21 03:00:00,22.7,95,21.9,0.0,56,0.0,3.6,143,-2.1665340833473734,2.8750878361702545
2022-05-21 04:00:00,22.3,95,21.5,0.0,33,0.0,6.6,131,-4.981083229470296,4.329989591337347
2022-05-21 05:00:00,22.6,95,21.7,0.0,32,0.0,8.7,114,-7.947845481490627,3.538608794759462
2022-05-21 06:00:00,22.9,94,21.9,0.0,51,7.0,11.3,99,-11.160878248725057,1.7677094549546084
2022-05-21 07:00:00,23.7,92,22.3,0.0,43,50.0,9.7,88,-9.694091022085228,-0.3385251180142604
2022-05-21 08:00:00,25.0,86,22.4,0.0,38,156.0,7.9,90,-7.9,-4.837354856632045e-16
2022-05-21 09:00:00,25.9,82,22.6,0.0,35,224.0,5.1,98,-5.050367150582009,0.7097828148963332
2022-05-21 10:00:00,27.0,78,22.9,0.1,43,534.0,3.6,135,-2.5455844122715714,2.545584412271571
2022-05-21 11:00:00,27.4,78,23.2,0.1,39,626.0,6.0,155,-2.535709570444197,5.437846722219899
2022-05-21 12:00:00,27.6,78,23.5,0.1,20,678.0,9.6,146,-5.36825187331917,7.958760696528399
2022-05-21 13:00:00,27.5,79,23.6,0.0,39,583.0,11.5,129,-8.937178556755166,7.237184497073128
2022-05-21 14:00:00,27.6,79,23.7,0.0,52,666.0,10.2,113,-9.38914950521489,3.9854575105905927
2022-05-21 15:00:00,27.7,76,23.0,0.0,53,366.0,11.7,108,-11.127361240653295,3.615498834186884
2022-05-21 16:00:00,27.2,77,22.8,0.0,71,179.0,12.5,102,-12.226845009172573,2.598896135221992
2022-05-21 17:00:00,26.8,79,22.8,0.0,55,147.0,12.0,97,-11.910553819695863,1.4624321208617683
2022-05-21 18:00:00,26.2,80,22.5,0.1,37,53.0,10.0,105,-9.659258262890685,2.5881904510252083
2022-05-21 19:00:00,25.5,83,22.4,0.0,37,3.0,10.8,86,-10.773691742806102,-0.7533699164365526
2022-05-21 20:00:00,24.9,86,22.5,0.1,56,0.0,8.7,66,-7.947845481490627,-3.5386087947594613
2022-05-21 21:00:00,24.5,89,22.5,0.0,62,0.0,7.9,90,-7.9,-4.837354856632045e-16
2022-05-21 22:00:00,24.3,90,22.6,0.0,59,0.0,7.4,76,-7.180188374442374,-1.7902220274375409
2022-05-21 23:00:00,24.1,91,22.5,0.0,67,0.0,8.0,95,-7.969557584733964,0.6972459419812659
2022-05-22 00:00:00,23.8,93,22.5,0.0,69,0.0,9.0,95,-8.96575228282571,0.7844016847289241
2022-05-22 01:00:00,23.6,93,22.4,0.5,80,0.0,8.4,70,-7.893418014601631,-2.872969203935618
2022-05-22 02:00:00,23.2,95,22.3,0.5,88,0.0,6.4,63,-5.702441754805554,-2.9055391983331
2022-05-22 03:00:00,23.4,90,21.8,0.0,68,0.0,5.8,90,-5.8,-3.5514757175273243e-16
2022-05-22 04:00:00,23.4,91,21.8,0.1,79,0.0,6.1,90,-6.1,-3.735172737399427e-16
2022-05-22 05:00:00,23.4,90,21.8,0.2,74,0.0,5.8,86,-5.78587149150698,-0.4045875477159263
2022-05-22 06:00:00,23.4,91,21.8,0.1,85,4.0,7.2,90,-7.2,-4.4087284769304716e-16
2022-05-22 07:00:00,24.1,88,22.0,0.2,64,45.0,6.8,90,-6.8,-4.1637991171010006e-16
2022-05-22 08:00:00,24.8,83,21.8,0.1,75,98.0,6.9,96,-6.862201078041086,0.7212463965468096
2022-05-22 09:00:00,25.5,82,22.1,0.2,67,206.0,6.2,111,-5.788198644282651,2.221881287180861
2022-05-22 10:00:00,26.2,79,22.2,0.4,53,334.0,5.6,130,-4.289848881466277,3.5996106142446203
2022-05-22 11:00:00,26.9,77,22.4,0.1,56,440.0,8.4,137,-5.728786224524987,6.143371093601032
2022-05-22 12:00:00,27.3,77,22.9,0.1,54,522.0,9.2,129,-7.149742845404133,5.789747597658502
2022-05-22 13:00:00,27.4,78,23.1,0.1,78,494.0,9.7,121,-8.31452281681049,4.995869326627526
2022-05-22 14:00:00,27.3,79,23.3,0.1,91,503.0,10.8,120,-9.353074360871938,5.399999999999998
2022-05-22 15:00:00,27.1,78,22.9,0.3,100,302.0,11.4,114,-10.41441821712565,4.636797731064124
2022-05-22 16:00:00,26.7,80,22.9,0.4,100,170.0,11.8,113,-10.861957270738795,4.610627316173432
2022-05-22 17:00:00,26.1,84,23.2,0.5,100,117.0,11.3,97,-11.21577151354694,1.3771235804781654
2022-05-22 18:00:00,25.2,91,23.5,0.8,100,29.0,11.9,95,-11.854716907291772,1.037153338697133
2022-05-22 19:00:00,24.7,92,23.4,0.8,100,1.0,11.5,88,-11.4929945107196,-0.4013442120787624
2022-05-22 20:00:00,24.4,93,23.3,0.7,100,0.0,9.4,83,-9.329933825428428,-1.1455718280083864
2022-05-22 21:00:00,24.3,94,23.3,0.8,72,0.0,8.3,88,-8.294943864258496,-0.289665822630759
2022-05-22 22:00:00,24.2,94,23.3,1.4,63,0.0,7.2,84,-7.160557646651568,-0.752604935527105
2022-05-22 23:00:00,24.1,95,23.3,2.2,75,0.0,5.5,101,-5.398949508962152,1.0494494745709964
2022-05-23 00:00:00,24.0,96,23.3,2.2,40,0.0,4.8,117,-4.276831316104166,2.1791543987498243
2022-05-23 01:00:00,23.9,96,23.1,1.7,35,0.0,6.5,109,-6.14587074139556,2.116193003971518
2022-05-23 02:00:00,23.9,95,23.0,0.6,74,0.0,6.5,90,-6.5,-3.980102097228897e-16
2022-05-23 03:00:00,23.9,93,22.6,0.0,100,0.0,5.6,75,-5.409184627218783,-1.449386652574116
2022-05-23 04:00:00,23.9,92,22.6,0.0,100,0.0,5.2,78,-5.086367523815789,-1.0811407922523493
2022-05-23 05:00:00,23.6,94,22.6,0.0,100,0.0,5.1,86,-5.087576656325103,-0.3557580160950386
2022-05-23 06:00:00,23.6,95,22.7,0.0,100,1.0,7.3,99,-7.210124886344506,1.1419715947936848
2022-05-23 07:00:00,24.6,92,23.1,0.0,100,15.0,8.8,102,-8.607698886457491,1.8296228791962823
2022-05-23 08:00:00,25.5,86,23.0,0.0,100,54.0,9.8,107,-9.371786608437748,2.86524270628282
2022-05-23 09:00:00,26.1,82,22.7,0.0,100,82.0,11.7,108,-11.127361240653295,3.615498834186884
2022-05-23 10:00:00,26.5,80,22.8,0.0,100,61.0,13.0,96,-12.928784639787551,1.3588700224794965
2022-05-23 11:00:00,26.6,79,22.7,0.4,100,6.0,11.9,85,-11.854716907291772,-1.037153338697132
2022-05-23 12:00:00,26.5,80,22.9,0.3,100,16.0,9.1,83,-9.032169979936029,-1.109011024986842
2022-05-23 13:00:00,26.3,82,23.0,0.4,100,11.0,8.8,81,-8.691657397237213,-1.3766232923540322
2022-05-23 14:00:00,26.5,82,23.1,0.6,100,37.0,9.4,86,-9.377102072442348,-0.6557108531947772
2022-05-23 15:00:00,26.5,83,23.5,0.8,100,53.0,11.6,97,-11.513535359039336,1.4136843834997097
2022-05-23 16:00:00,26.1,87,23.9,0.8,100,59.0,11.9,93,-11.88369146357943,0.6227978792910317
2022-05-23 17:00:00,25.7,91,24.1,1.5,100,22.0,11.6,97,-11.513535359039336,1.4136843834997097
2022-05-23 18:00:00,25.4,92,24.0,1.5,100,3.0,10.2,82,-10.100734301164016,-1.4195656297926678
2022-05-23 19:00:00,25.1,93,23.8,2.3,100,0.0,10.4,76,-10.091075553270365,-2.515987714236544
2022-05-23 20:00:00,24.9,93,23.7,1.2,68,0.0,9.5,79,-9.325458242752807,-1.8126854560771768
2022-05-23 21:00:00,24.8,93,23.5,0.7,61,0.0,7.6,87,-7.589584464134761,-0.3977532674463741
2022-05-23 22:00:00,24.8,92,23.4,0.9,59,0.0,7.2,93,-7.190132650232932,0.3768188849491957
2022-05-23 23:00:00,24.5,94,23.5,0.5,70,0.0,6.1,93,-6.0916401620029,0.3192493330819574
2022-05-24 00:00:00,25.1,90,23.3,0.0,87,0.0,5.8,97,-5.756767679519668,0.7068421917498547
2022-05-24 01:00:00,24.1,94,23.2,0.1,87,0.0,5.9,79,-5.791600382341218,-1.125773072721615
2022-05-24 02:00:00,25.0,90,23.3,0.4,100,0.0,6.3,59,-5.400153994423308,-3.244739871933341
2022-05-24 03:00:00,24.1,93,23.0,0.0,77,0.0,6.0,33,-3.2678342100901627,-5.032023407672544
2022-05-24 04:00:00,24.6,90,22.9,0.1,81,0.0,4.7,302,3.9858260519352022,-2.490620541896062
2022-05-24 05:00:00,24.3,92,22.9,0.2,94,0.0,5.4,274,5.386845871403052,-0.3766849582182762
2022-05-24 06:00:00,24.6,93,23.3,0.2,100,4.0,3.3,264,3.281922254715302,0.3449439287832561
2022-05-24 07:00:00,25.1,93,23.9,0.4,100,30.0,2.9,300,2.511473670974872,-1.4500000000000002
2022-05-24 08:00:00,26.1,88,24.0,0.2,97,131.0,4.2,290,3.9467090073008153,-1.43648460196781
2022-05-24 09:00:00,26.9,85,24.3,0.2,90,230.0,7.6,267,7.589584464134761,0.3977532674463767
2022-05-24 10:00:00,27.9,82,24.5,0.3,100,447.0,10.7,258,10.46617932785172,2.2246550917500296
2022-05-24 11:00:00,28.1,83,24.9,0.2,94,375.0,14.5,264,14.420567482839964,1.5156627173809738
2022-05-24 12:00:00,28.2,81,24.6,2.7,47,511.0,16.2,253,15.492137046601172,4.736421616508341
2022-05-24 13:00:00,27.5,84,24.5,8.3,100,363.0,15.3,251,14.466434206669549,4.981192763194497
2022-05-24 14:00:00,27.4,86,24.9,5.3,100,233.0,12.5,252,11.88820645368942,3.862712429686845
2022-05-24 15:00:00,26.9,87,24.5,7.5,90,24.0,9.0,247,8.284543681071963,3.5165801564034647
2022-05-24 16:00:00,26.7,88,24.6,4.4,100,44.0,9.7,255,9.369480515003962,2.51054473749445
2022-05-24 17:00:00,26.2,89,24.3,4.2,100,42.0,8.9,256,8.635631963856369,2.1531048708370437
2022-05-24 18:00:00,25.4,93,24.3,3.1,100,3.0,6.4,243,5.702441754805554,2.9055391983331003
2022-05-24 19:00:00,25.0,95,24.1,2.4,100,0.0,6.1,242,5.385980316439454,2.863776532993933
2022-05-24 20:00:00,24.9,94,23.9,2.8,100,0.0,4.7,279,4.642135200797148,-0.7352419856890842
2022-05-24 21:00:00,24.9,95,24.0,3.5,100,0.0,5.0,240,4.330127018922193,2.500000000000002
2022-05-24 22:00:00,25.0,94,24.0,3.7,100,0.0,5.0,249,4.667902132486008,1.7918397477265036
2022-05-24 23:00:00,24.9,95,24.0,3.4,100,0.0,5.6,255,5.409184627218783,1.4493866525741157
2022-05-25 00:00:00,24.9,95,24.0,3.1,100,0.0,8.9,249,8.308865795825096,3.1894747509531767
2022-05-25 01:00:00,24.8,94,23.8,2.7,100,0.0,10.5,254,10.09324780735235,2.894192236078488
2022-05-25 02:00:00,24.8,94,23.8,2.3,100,0.0,10.5,266,10.474422527728152,0.7324429743133186
2022-05-25 03:00:00,25.0,93,23.8,0.4,100,0.0,9.7,270,9.7,1.7818610927593987e-15
2022-05-25 04:00:00,25.0,93,23.9,0.1,100,0.0,10.9,262,10.793921949283115,1.5169868004647176
2022-05-25 05:00:00,24.9,93,23.7,0.1,100,0.0,12.3,263,12.208317665188265,1.4989929238833102
2022-05-25 06:00:00,25.1,93,23.8,0.0,75,3.0,10.9,276,10.84028865951418,-1.1393602496174176
2022-05-25 07:00:00,25.6,91,24.0,0.2,79,35.0,11.7,288,11.127361240653295,-3.6154988341868814
2022-05-25 08:00:00,26.3,88,24.2,0.1,92,76.0,11.5,290,10.806465139037943,-3.933231648245193
2022-05-25 09:00:00,27.0,85,24.3,0.1,99,130.0,10.6,280,10.438962181929409,-1.8406706832694577
2022-05-25 10:00:00,27.8,82,24.4,0.2,100,249.0,12.2,270,12.2,2.241103642439656e-15
2022-05-25 11:00:00,28.0,83,24.9,0.3,90,293.0,14.8,264,14.718924051450449,1.5470212563612695
2022-05-25 12:00:00,27.9,83,24.7,2.9,100,181.0,17.3,269,17.29736512620557,0.3019266313650045
2022-05-25 13:00:00,27.2,85,24.6,8.6,100,180.0,16.2,267,16.177798463024097,0.8478424911356978
2022-05-25 14:00:00,26.7,89,24.7,8.5,100,88.0,13.3,272,13.291897999353974,-0.464163306143267
2022-05-25 15:00:00,26.3,88,24.1,2.6,100,8.0,12.6,272,12.592324420440606,-0.4397336584515161
2022-05-25 16:00:00,26.0,91,24.4,1.9,100,1.0,11.3,261,11.160878248725057,1.7677094549546108
2022-05-25 17:00:00,25.7,93,24.4,2.4,100,1.0,9.1,261,8.987963899415753,1.4235536318661024
2022-05-25 18:00:00,25.4,93,24.2,2.4,100,0.0,5.4,228,4.01298205757793,3.613305274337834
2022-05-25 19:00:00,25.3,93,24.1,1.9,51,0.0,4.7,238,3.985826051935202,2.490620541896064
2022-05-25 20:00:00,25.2,93,24.0,1.6,86,0.0,5.8,292,5.377666356487367,-2.172718241812289
2022-05-25 21:00:00,25.1,93,23.9,1.0,88,0.0,6.5,289,6.14587074139556,-2.116193003971516
2022-05-25 22:00:00,25.1,93,23.8,0.8,81,0.0,8.1,291,7.562001454627333,-2.902780391316933
2022-05-25 23:00:00,24.9,93,23.8,0.9,92,0.0,8.3,288,7.893769085249776,-2.5648410533120622
2022-05-26 00:00:00,24.7,94,23.6,1.1,88,0.0,8.0,288,7.608452130361229,-2.472135954999578
2022-05-26 01:00:00,24.6,93,23.4,2.7,82,0.0,8.6,292,7.973781149274371,-3.2216167033768426
2022-05-26 02:00:00,24.4,94,23.4,2.4,59,0.0,8.7,287,8.319851376878407,-2.543633831087809
2022-05-26 03:00:00,25.0,91,23.4,0.3,73,0.0,9.7,270,9.7,1.7818610927593987e-15
2022-05-26 04:00:00,24.9,91,23.2,0.4,74,0.0,11.3,261,11.160878248725057,1.7677094549546108
2022-05-26 05:00:00,24.9,91,23.4,0.5,90,0.0,11.4,259,11.19054989130337,2.1752225472926088
2022-05-26 06:00:00,24.9,92,23.5,1.0,100,3.0,8.8,251,8.320563465273988,2.864999759222979
2022-05-26 07:00:00,25.4,92,24.0,0.8,100,45.0,10.3,258,10.074920287558198,2.141490415422926
2022-05-26 08:00:00,25.9,88,23.8,1.3,100,74.0,13.0,267,12.98218395180946,0.680367431158276
2022-05-26 09:00:00,26.2,86,23.8,1.5,100,89.0,14.4,270,14.4,2.645237086158283e-15
2022-05-26 10:00:00,26.6,86,24.0,1.2,100,236.0,15.8,269,15.797593583470984,0.2757480217090792
2022-05-26 11:00:00,27.2,84,24.4,0.5,100,332.0,15.9,264,15.812898136355548,1.6620025659556883
2022-05-26 12:00:00,27.3,84,24.4,0.6,76,261.0,17.4,252,16.54838338353567,5.376895702124087
2022-05-26 13:00:00,27.3,84,24.3,1.2,52,177.0,18.4,259,18.061940175437016,3.5108855149284204
2022-05-26 14:00:00,27.1,85,24.3,3.4,100,138.0,20.2,259,19.828869105642813,3.854341706606201
2022-05-26 15:00:00,26.6,88,24.4,5.4,89,171.0,18.9,262,18.716066499215675,2.630371608145244
2022-05-26 16:00:00,26.6,89,24.5,1.3,57,104.0,16.9,268,16.889704976622717,0.5898014942722628
2022-05-26 17:00:00,26.2,89,24.2,1.6,100,22.0,14.3,260,14.082750868074577,2.483168940637104
2022-05-26 18:00:00,26.0,89,24.1,0.8,98,30.0,7.6,275,7.571079705497266,-0.6623836448821999
2022-05-26 19:00:00,25.5,91,23.9,1.7,83,1.0,8.2,285,7.920591775570361,-2.122316169840666
2022-05-26 20:00:00,25.2,92,23.8,1.1,82,0.0,11.0,289,10.400704331592486,-3.5812496990287195
2022-05-26 21:00:00,25.0,92,23.6,1.1,72,0.0,13.2,281,12.957478821509165,-2.5186787389703955
2022-05-26 22:00:00,24.7,93,23.5,1.3,78,0.0,14.5,276,14.420567482839964,-1.5156627173809682
2022-05-26 23:00:00,24.7,94,23.6,2.0,100,0.0,14.5,276,14.420567482839964,-1.5156627173809682
2022-05-27 00:00:00,24.6,94,23.6,2.3,100,0.0,15.1,273,15.079305974794064,-0.7902729392684535
2022-05-27 01:00:00,24.4,95,23.6,2.2,100,0.0,15.8,271,15.797593583470984,-0.2757480217090735
2022-05-27 02:00:00,24.4,94,23.4,2.6,100,0.0,15.9,274,15.861268399131207,-1.109127932531591
2022-05-27 03:00:00,24.6,94,23.6,3.2,100,0.0,15.1,271,15.097700196861508,-0.2635313372029753
2022-05-27 04:00:00,24.6,94,23.6,2.7,100,0.0,14.8,274,14.7639479438454,-1.0323958114130534
2022-05-27 05:00:00,24.6,94,23.5,1.2,100,0.0,13.0,273,12.98218395180946,-0.6803674311582713
2022-05-27 06:00:00,24.7,93,23.5,0.5,100,0.0,10.5,278,10.397814721786489,-1.4613175600806874
2022-05-27 07:00:00,25.1,93,23.8,0.4,94,16.0,10.9,278,10.793921949283115,-1.5169868004647136
2022-05-27 08:00:00,25.6,90,23.8,0.4,87,58.0,11.5,274,11.47198657798798,-0.80219944805744
2022-05-27 09:00:00,26.2,88,24.0,0.7,96,120.0,13.3,267,13.281772812235833,0.6960682180311593
2022-05-27 10:00:00,26.8,86,24.2,0.5,100,127.0,14.2,261,14.025174436450952,2.2213694035712805
2022-05-27 11:00:00,27.2,83,24.1,1.3,97,179.0,15.0,249,14.003706397458023,5.375519243179511
2022-05-27 12:00:00,26.5,86,24.0,8.7,100,97.0,17.2,241,15.043458962797608,8.338725468236992
2022-05-27 13:00:00,26.4,88,24.2,5.1,100,62.0,15.5,239,13.286093160882738,7.983090161105843
2022-05-27 14:00:00,26.6,89,24.5,1.1,100,24.0,14.8,229,11.169701787297026,9.709673629059507
2022-05-27 15:00:00,26.6,89,24.5,4.2,80,97.0,12.1,240,10.478907385791706,6.050000000000005
2022-05-27 16:00:00,26.2,89,24.2,6.6,81,7.0,10.9,236,9.036509540849956,6.095202647831138
2022-05-27 17:00:00,25.9,91,24.4,4.3,100,8.0,9.5,241,8.30888721782426,4.6056913923402
2022-05-27 18:00:00,25.5,93,24.3,3.9,62,0.0,6.5,267,6.49109197590473,0.340183715579138
2022-05-27 19:00:00,25.3,92,23.9,3.9,73,0.0,5.9,281,5.791600382341217,-1.1257730727216162
2022-05-27 20:00:00,25.1,91,23.6,1.1,88,0.0,6.6,292,6.1194134401407965,-2.4724035165450187
2022-05-27 21:00:00,25.0,91,23.4,0.1,68,0.0,7.2,297,6.41524697415625,-3.268731598124736
2022-05-27 22:00:00,25.0,90,23.2,0.0,39,0.0,7.6,301,6.5144714853360535,-3.9142893693164114
2022-05-27 23:00:00,24.9,90,23.1,0.0,37,0.0,8.1,291,7.562001454627333,-2.902780391316933
2022-05-28 00:00:00,24.8,90,23.1,0.0,47,0.0,7.9,286,7.593967397912719,-2.1775351109542957
2022-05-28 01:00:00,24.8,91,23.1,0.0,45,0.0,7.9,286,7.593967397912719,-2.1775351109542957
2022-05-28 02:00:00,24.7,91,23.0,0.0,51,0.0,8.1,291,7.562001454627333,-2.902780391316933
2022-05-28 03:00:00,25.0,85,22.3,0.0,46,0.0,8.4,295,7.612985411107859,-3.549993398621877
2022-05-28 04:00:00,25.0,84,22.0,0.0,47,0.0,8.5,298,7.505054539300881,-3.990508283680069
2022-05-28 05:00:00,24.9,83,21.8,0.0,41,0.0,9.3,298,8.211412613588022,-4.366085533908781
2022-05-28 06:00:00,25.0,82,21.8,0.0,40,6.0,7.3,290,6.8597561317371305,-2.496747046277384
2022-05-28 07:00:00,26.2,80,22.4,0.0,30,91.0,8.4,295,7.612985411107859,-3.549993398621877
2022-05-28 08:00:00,28.0,73,22.6,0.0,30,270.0,9.9,289,9.36063389843324,-3.223124729125848
2022-05-28 09:00:00,29.1,68,22.6,0.0,29,479.0,10.1,287,9.658678035226655,-2.9529542176996406
2022-05-28 10:00:00,29.9,67,23.1,0.0,30,621.0,10.2,280,10.045039080724523,-1.7712114122026856
2022-05-28 11:00:00,30.2,67,23.4,0.0,26,574.0,10.1,272,10.093847352892867,-0.3524849166952629
2022-05-28 12:00:00,30.5,68,23.9,0.0,29,689.0,10.1,264,10.044671143219562,1.055737479003299
2022-05-28 13:00:00,30.2,71,24.3,0.0,37,656.0,11.0,259,10.797899017924305,2.098898949141991
2022-05-28 14:00:00,30.1,73,24.7,0.0,30,696.0,11.4,259,11.19054989130337,2.1752225472926088
2022-05-28 15:00:00,30.4,70,24.3,0.0,30,599.0,11.1,257,10.815507719116107,2.496956703216904
2022-05-28 16:00:00,30.1,72,24.5,0.0,35,424.0,10.2,252,9.700776466210565,3.1519733426244647
2022-05-28 17:00:00,29.6,76,24.8,0.0,32,229.0,9.2,249,8.588939923774255,3.296985135816766
2022-05-28 18:00:00,28.9,80,25.2,0.0,44,94.0,6.1,225,4.313351365237939,4.31335136523794
2022-05-28 19:00:00,28.2,83,25.1,0.0,35,5.0,8.8,261,8.691657397237211,1.3766232923540331
2022-05-28 20:00:00,27.6,86,25.0,0.0,31,0.0,8.7,277,8.6351515192795,-1.0602632876247848
2022-05-28 21:00:00,27.1,88,24.9,0.0,30,0.0,9.0,270,9.0,1.6532731788489269e-15
2022-05-28 22:00:00,26.7,90,24.9,0.0,30,0.0,9.1,277,9.032169979936029,-1.109011024986844
2022-05-28 23:00:00,26.4,91,24.8,0.0,29,0.0,8.7,287,8.319851376878407,-2.543633831087809
2022-05-29 00:00:00,26.1,92,24.7,0.0,30,0.0,8.6,285,8.306962106085988,-2.2258437878816744
2022-05-29 01:00:00,26.0,93,24.7,0.0,30,0.0,9.5,281,9.325458242752807,-1.8126854560771783
2022-05-29 02:00:00,25.9,91,24.4,0.0,31,0.0,10.6,280,10.438962181929409,-1.8406706832694577
2022-05-29 03:00:00,25.9,84,23.0,0.0,31,0.0,10.9,287,10.423721839997087,-3.18685158147783
2022-05-29 04:00:00,25.7,83,22.5,0.0,31,0.0,10.0,296,8.98794046299167,-4.383711467890774
2022-05-29 05:00:00,25.6,82,22.3,0.0,36,0.0,9.4,288,8.939931253174445,-2.904759747124504
2022-05-29 06:00:00,25.7,83,22.6,0.0,33,7.0,8.3,275,8.268415994161488,-0.7233926648055605
2022-05-29 07:00:00,27.0,81,23.5,0.0,30,110.0,10.0,283,9.743700647852352,-2.249510543438649
2022-05-29 08:00:00,28.3,77,23.9,0.0,29,275.0,9.3,286,8.939733772226365,-2.5634274090980944
2022-05-29 09:00:00,29.1,76,24.4,0.0,28,429.0,10.5,276,10.442479901366871,-1.0975488643103564
2022-05-29 10:00:00,29.5,76,24.8,0.0,32,468.0,11.3,263,11.21577151354694,1.3771235804781632
2022-05-29 11:00:00,30.0,76,25.2,0.0,65,641.0,11.8,247,10.861957270738795,4.610627316173432
2022-05-29 12:00:00,30.3,75,25.3,0.0,68,592.0,12.4,234,10.031810730249347,7.288537128426668
2022-05-29 13:00:00,30.4,75,25.4,0.1,67,576.0,12.2,225,8.626702730475879,8.62670273047588
2022-05-29 14:00:00,29.9,78,25.7,2.1,44,606.0,10.9,226,7.840803823691298,7.57177623800307
2022-05-29 15:00:00,30.0,76,25.3,0.0,44,468.0,10.0,232,7.880107536067221,6.156614753256581
2022-05-29 16:00:00,29.9,76,25.3,0.1,40,388.0,8.4,239,7.200205325897742,4.326319829244457
2022-05-29 17:00:00,29.5,78,25.4,0.1,42,220.0,6.8,245,6.162892951849221,2.873804179836754
2022-05-29 18:00:00,29.0,82,25.7,0.0,48,83.0,4.8,193,1.0797650608505518,4.676976310969129
2022-05-29 19:00:00,28.2,87,25.8,0.0,49,5.0,7.0,192,1.4553818357243165,6.847033205136639
2022-05-29 20:00:00,27.7,89,25.8,0.0,43,0.0,6.1,242,5.385980316439454,2.863776532993933
2022-05-29 21:00:00,27.4,91,25.8,0.0,32,0.0,6.6,241,5.772490067120012,3.199743493625823
2022-05-29 22:00:00,27.1,92,25.7,0.0,31,0.0,8.0,252,7.608452130361228,2.4721359549995805
2022-05-29 23:00:00,26.7,94,25.7,0.0,29,0.0,8.4,260,8.272385125302547,1.458644692402215
2022-05-30 00:00:00,26.5,95,25.6,0.0,100,0.0,9.4,277,9.329933825428428,-1.1455718280083882
2022-05-30 01:00:00,26.3,95,25.4,0.0,29,0.0,10.5,286,10.093247807352348,-2.894192236078493
2022-05-30 02:00:00,26.2,94,25.2,0.0,27,0.0,10.7,282,10.46617932785172,-2.2246550917500256
2022-05-30 03:00:00,25.8,93,24.5,0.0,25,0.0,10.9,279,10.765802912487002,-1.7051356689385144
2022-05-30 04:00:00,25.9,91,24.3,0.0,21,0.0,10.9,278,10.793921949283115,-1.5169868004647136
2022-05-30 05:00:00,26.0,90,24.2,0.0,15,0.0,10.9,278,10.793921949283115,-1.5169868004647136
2022-05-30 06:00:00,26.2,89,24.3,0.0,12,11.0,8.0,280,7.878462024097665,-1.3891854213354398
2022-05-30 07:00:00,27.3,86,24.7,0.0,8,105.0,8.8,279,8.691657397237213,-1.37662329235403
2022-05-30 08:00:00,28.4,81,24.8,0.0,12,266.0,14.9,82,-14.7549942242494,-2.0736792043049754
2022-05-30 09:00:00,29.0,78,24.8,0.2,34,420.0,14.9,82,-14.7549942242494,-2.0736792043049754
2022-05-30 10:00:00,29.5,79,25.5,0.1,56,508.0,13.4,82,-13.269592121137045,-1.8649195528648768
2022-05-30 11:00:00,29.8,78,25.5,0.3,48,571.0,11.5,86,-11.47198657798798,-0.8021994480574401
2022-05-30 12:00:00,29.4,79,25.3,2.6,96,462.0,6.6,257,6.430842427582552,1.4846769586695103
2022-05-30 13:00:00,29.8,78,25.5,0.6,95,524.0,7.0,249,6.535062985480412,2.508575646817105
2022-05-30 14:00:00,29.5,79,25.4,1.0,71,310.0,15.3,262,15.151101451746026,2.129348444689007
2022-05-30 15:00:00,29.8,82,26.4,0.6,41,427.0,15.0,260,14.77211629518312,2.6047226650039548
2022-05-30 16:00:00,29.5,83,26.3,0.2,45,281.0,17.4,263,17.270303038559003,2.120526575249561
2022-05-30 17:00:00,28.5,85,25.8,1.1,50,118.0,18.0,269,17.997258512815044,0.3141433158711029
2022-05-30 18:00:00,28.1,88,25.9,0.0,36,44.0,13.8,264,13.724402156082174,1.4424927930936164
2022-05-30 19:00:00,27.8,89,25.9,0.0,32,2.0,16.2,267,16.177798463024097,0.8478424911356978
2022-05-30 20:00:00,27.3,92,25.8,0.0,32,0.0,16.2,267,16.177798463024097,0.8478424911356978
2022-05-30 21:00:00,27.0,93,25.8,0.0,30,0.0,18.4,271,18.3971975908776,-0.3211242784460095
2022-05-30 22:00:00,26.7,94,25.6,0.0,31,0.0,20.9,273,20.871357276370592,-1.0938214854775283
2022-05-30 23:00:00,26.6,94,25.5,0.0,33,0.0,22.3,271,22.296603601987528,-0.3891886635514138
2022-05-31 00:00:00,26.4,94,25.3,0.0,32,0.0,21.6,270,21.6,3.967855629237425e-15
2022-05-31 01:00:00,26.1,94,25.0,0.0,34,0.0,21.6,271,21.596710215378053,-0.3769719790453156
2022-05-31 02:00:00,26.0,94,25.0,0.0,32,0.0,21.6,268,21.58684186361247,0.7538291287740165
2022-05-31 03:00:00,26.3,93,25.0,0.0,32,0.0,19.8,267,19.772864788140563,1.036251933610297
2022-05-31 04:00:00,26.2,93,25.0,0.0,34,0.0,19.4,269,19.39704528603399,0.3385766848832998
2022-05-31 05:00:00,26.2,93,25.0,0.0,47,0.0,20.2,273,20.17231660204239,-1.0571863161074675
2022-05-31 06:00:00,26.0,93,24.7,0.9,44,5.0,18.3,280,18.02198188012341,-3.177761651304819
2022-05-31 07:00:00,26.5,91,24.9,0.7,46,46.0,20.4,279,20.148842148140808,-3.191263086820705
2022-05-31 08:00:00,27.3,88,25.2,0.2,37,158.0,0.7,270,0.7,1.2858791391047207e-16
2022-05-31 09:00:00,28.4,83,25.2,0.3,35,322.0,3.0,194,0.7257656867990026,2.910887178827989
2022-05-31 10:00:00,27.2,85,24.5,4.5,79,272.0,5.0,210,2.5000000000000004,4.330127018922193
2022-05-31 11:00:00,27.7,85,25.0,1.3,92,396.0,8.7,232,6.8556935563784815,5.356254835333225
2022-05-31 12:00:00,28.1,84,25.1,0.2,100,291.0,10.2,225,7.212489168102784,7.212489168102786
2022-05-31 13:00:00,28.8,81,25.1,0.2,100,397.0,10.1,207,4.585304047369421,8.999165894302516
2022-05-31 14:00:00,29.0,81,25.4,1.5,61,521.0,9.7,180,-1.1879073951729326e-15,9.7
2022-05-31 15:00:00,28.9,82,25.6,0.1,42,381.0,9.5,155,-4.014873486536645,8.609923976848174
2022-05-31 16:00:00,28.6,83,25.4,1.0,54,255.0,10.8,127,-8.625263508510763,6.499602250042123
2022-05-31 17:00:00,28.6,81,25.1,0.2,54,173.0,12.3,105,-11.88088766335554,3.1834742547610064
2022-05-31 18:00:00,28.3,83,25.1,0.0,45,63.0,14.1,94,-14.06565310866352,0.9835662797921672
2022-05-31 19:00:00,27.9,85,25.0,0.0,39,4.0,17.1,83,-16.972539193066606,-2.083965772228022
2022-05-31 20:00:00,27.4,87,24.9,0.0,32,0.0,17.2,80,-16.938693351809977,-2.986748655871203
2022-05-31 21:00:00,27.0,88,24.8,0.0,31,0.0,16.2,86,-16.16053761420915,-1.130054874654829
2022-05-31 22:00:00,26.8,88,24.7,0.0,32,0.0,16.9,90,-16.9,-1.0348265452795137e-15
2022-05-31 23:00:00,26.5,90,24.7,0.0,33,0.0,15.8,89,-15.797593583470984,-0.2757480217090808
2022-06-01 00:00:00,26.3,90,24.5,0.0,33,0.0,13.3,90,-13.3,-8.1439012143299e-16
2022-06-01 01:00:00,26.0,90,24.2,0.0,32,0.0,13.0,95,-12.950531075192693,1.1330246557195571
2022-06-01 02:00:00,25.8,90,24.0,0.0,42,0.0,13.4,96,-13.326593397934865,1.4006814077865577
2022-06-01 03:00:00,25.7,87,23.5,0.0,30,0.0,6.9,261,6.81504955010645,1.0793978087775942
2022-06-01 04:00:00,25.8,86,23.2,0.0,30,0.0,7.6,262,7.526037322435934,1.0577155672965002
2022-06-01 05:00:00,25.8,85,23.1,0.0,34,0.0,8.4,260,8.272385125302547,1.458644692402215
2022-06-01 06:00:00,25.9,85,23.2,0.0,41,8.0,5.2,258,5.086367523815789,1.0811407922523508
2022-06-01 07:00:00,27.1,84,24.1,0.0,37,96.0,4.3,270,4.3,7.898971854500429e-16
2022-06-01 08:00:00,28.0,82,24.6,0.0,36,215.0,2.1,59,-1.800051331474436,-1.0815799573111138
2022-06-01 09:00:00,28.9,80,25.1,0.0,27,423.0,2.1,121,-1.800051331474436,1.081579957311114
2022-06-01 10:00:00,29.6,79,25.6,0.1,12,576.0,6.0,17,-1.7542302283364206,-5.737828535778212
2022-06-01 11:00:00,29.9,79,25.9,0.1,17,517.0,6.0,17,-1.7542302283364206,-5.737828535778212
2022-06-01 12:00:00,30.1,80,26.2,0.1,31,485.0,6.0,17,-1.7542302283364206,-5.737828535778212
2022-06-01 13:00:00,30.4,80,26.5,0.1,22,648.0,6.0,17,-1.7542302283364206,-5.737828535778212
2022-06-01 14:00:00,30.6,76,25.8,0.2,54,583.0,6.0,17,-1.7542302283364206,-5.737828535778212
2022-06-01 15:00:00,30.5,80,26.7,0.1,44,498.0,6.0,17,-1.7542302283364206,-5.737828535778212
2022-06-01 16:00:00,30.1,82,26.6,0.8,30,375.0,6.0,17,-1.7542302283364206,-5.737828535778212
2022-06-01 17:00:00,28.8,85,26.0,2.5,28,208.0,6.0,17,-1.7542302283364206,-5.737828535778212
2022-06-01 18:00:00,27.8,88,25.6,2.4,34,67.0,6.0,17,-1.7542302283364206,-5.737828535778212
2022-06-01 19:00:00,26.9,89,24.9,0.9,47,3.0,6.0,17,-1.7542302283364206,-5.737828535778212
2022-06-01 20:00:00,26.6,86,24.1,0.0,45,0.0,6.0,17,-1.7542302283364206,-5.737828535778212
2022-06-01 21:00:00,26.3,87,24.0,0.0,50,0.0,6.0,17,-1.7542302283364206,-5.737828535778212
2022-06-01 22:00:00,25.9,90,24.2,0.0,52,0.0,6.0,17,-1.7542302283364206,-5.737828535778212
2022-06-01 23:00:00,25.4,93,24.2,0.0,48,0.0,6.0,17,-1.7542302283364206,-5.737828535778212
2022-06-02 00:00:00,25.3,94,24.3,0.0,30,0.0,6.0,17,-1.7542302283364206,-5.737828535778212
2022-06-02 01:00:00,25.2,95,24.4,0.0,28,0.0,6.0,17,-1.7542302283364206,-5.737828535778212
2022-06-02 02:00:00,25.1,96,24.5,0.0,31,0.0,6.0,17,-1.7542302283364206,-5.737828535778212
2022-06-02 03:00:00,25.7,94,24.7,0.0,34,0.0,6.0,17,-1.7542302283364206,-5.737828535778212
2022-06-02 04:00:00,25.3,95,24.4,0.0,32,0.0,6.0,17,-1.7542302283364206,-5.737828535778212
2022-06-02 05:00:00,25.0,95,24.1,0.0,28,0.0,6.0,17,-1.7542302283364206,-5.737828535778212
2022-06-02 06:00:00,25.1,95,24.3,0.0,29,9.0,6.0,17,-1.7542302283364206,-5.737828535778212
2022-06-02 07:00:00,27.4,90,25.6,0.0,38,112.0,6.0,17,-1.7542302283364206,-5.737828535778212
2022-06-02 08:00:00,28.5,83,25.3,0.0,29,276.0,7.9,204,3.2132194802988217,7.217009115376547
2022-06-02 09:00:00,28.9,81,25.3,0.1,37,328.0,9.2,219,5.789747597658506,7.1497428454041305
2022-06-02 10:00:00,29.2,81,25.5,0.2,53,275.0,10.2,222,6.825132184860354,7.580077219869421
2022-06-02 11:00:00,29.7,77,25.2,0.2,39,431.0,10.9,226,7.840803823691298,7.57177623800307
2022-06-02 12:00:00,29.9,76,25.2,0.4,47,463.0,10.2,228,7.580077219869421,6.825132184860353
2022-06-02 13:00:00,29.6,78,25.3,0.8,54,307.0,9.2,225,6.505382386916236,6.505382386916239
2022-06-02 14:00:00,29.5,78,25.3,0.1,34,206.0,8.9,223,6.069785404556236,6.509047944410618
2022-06-02 15:00:00,30.0,75,25.0,0.0,50,499.0,8.1,238,6.86918957886705,4.292346040288961
2022-06-02 16:00:00,29.9,75,25.0,0.0,38,394.0,8.2,232,6.461688179575121,5.048424097670396
2022-06-02 17:00:00,29.7,76,25.0,0.0,36,238.0,8.9,227,6.509047944410617,6.069785404556238
2022-06-02 18:00:00,29.0,81,25.4,0.0,39,62.0,5.6,220,3.59961061424462,4.289848881466277
2022-06-02 19:00:00,28.3,84,25.4,0.0,32,4.0,5.9,223,4.023790324368741,4.314986839553106
2022-06-02 20:00:00,27.7,87,25.4,0.0,32,0.0,7.8,236,6.466493065929326,4.361704647071823
2022-06-02 21:00:00,27.4,89,25.5,0.0,31,0.0,7.3,250,6.859756131737131,2.49674704627738
2022-06-02 22:00:00,26.6,88,24.5,1.9,35,0.0,8.3,252,7.893769085249775,2.564841053312065
2022-06-02 23:00:00,26.4,90,24.6,0.1,42,0.0,9.0,270,9.0,1.6532731788489269e-15
2022-06-03 00:00:00,26.2,91,24.6,0.0,52,0.0,8.8,279,8.691657397237213,-1.37662329235403
2022-06-03 01:00:00,26.1,91,24.5,0.0,49,0.0,7.8,292,7.232034065620942,-2.9219314286441134
2022-06-03 02:00:00,25.7,92,24.3,0.2,47,0.0,7.3,290,6.8597561317371305,-2.496747046277384
2022-06-03 03:00:00,25.8,91,24.3,0.2,61,0.0,9.3,286,8.939733772226365,-2.5634274090980944
2022-06-03 04:00:00,25.7,90,23.9,0.1,57,0.0,9.3,286,8.939733772226365,-2.5634274090980944
2022-06-03 05:00:00,25.6,89,23.7,0.0,59,0.0,9.5,279,9.38303923565381,-1.4861274178821915
2022-06-03 06:00:00,25.7,90,23.8,0.0,30,6.0,9.0,265,8.96575228282571,0.7844016847289242
2022-06-03 07:00:00,26.4,87,24.1,0.1,36,60.0,10.4,272,10.393664600998596,-0.3629547657060133
2022-06-03 08:00:00,27.2,85,24.5,0.1,26,166.0,11.2,272,11.193177262613872,-0.3908743630680143
2022-06-03 09:00:00,27.7,85,24.8,0.2,33,220.0,11.3,263,11.21577151354694,1.3771235804781632
2022-06-03 10:00:00,28.3,83,25.1,0.2,33,298.0,12.1,260,11.916173811447717,2.101142949769857
2022-06-03 11:00:00,28.9,81,25.3,0.2,49,352.0,13.8,255,13.329776402789143,3.571702822414785
2022-06-03 12:00:00,29.4,77,25.0,0.5,42,485.0,14.7,242,12.979329615026224,6.901231972952593
2022-06-03 13:00:00,29.5,76,24.8,0.2,38,436.0,13.1,238,11.10943005964918,6.941942361454985
2022-06-03 14:00:00,28.9,80,25.0,1.2,60,355.0,11.6,248,10.755332712974733,4.345436483624583
2022-06-03 15:00:00,29.7,82,26.3,0.3,71,379.0,12.2,246,11.145254583239732,4.962187045524761
2022-06-03 16:00:00,29.1,84,26.2,1.2,61,295.0,13.0,236,10.777488443215544,7.269507745119705
2022-06-03 17:00:00,28.1,86,25.6,3.4,35,95.0,13.2,259,12.957478821509165,2.518678738970389
2022-06-03 18:00:00,27.4,89,25.4,1.8,42,42.0,7.7,242,6.798696465013738,3.614931033451359
2022-06-03 19:00:00,26.8,90,25.0,0.8,44,3.0,7.9,254,7.593967397912721,2.1775351109542918
2022-06-03 20:00:00,25.8,92,24.3,2.7,56,0.0,7.8,283,7.600086505324834,-1.7546182238821464
2022-06-03 21:00:00,25.7,91,24.1,0.1,53,0.0,7.9,294,7.217009115376549,-3.213219480298818
2022-06-03 22:00:00,25.9,90,24.1,0.0,57,0.0,8.8,279,8.691657397237213,-1.37662329235403
2022-06-03 23:00:00,25.8,90,24.1,0.0,44,0.0,9.4,277,9.329933825428428,-1.1455718280083882
2022-06-04 00:00:00,25.7,90,24.0,0.0,43,0.0,9.5,281,9.325458242752807,-1.8126854560771783
2022-06-04 01:00:00,25.5,91,24.0,0.0,50,0.0,8.8,282,8.60769888645749,-1.8296228791962832
2022-06-04 02:00:00,25.3,92,23.9,0.0,69,0.0,7.3,279,7.210124886344506,-1.141971594793684
2022-06-04 03:00:00,25.4,92,24.0,0.1,62,0.0,8.8,279,8.691657397237213,-1.37662329235403
2022-06-04 04:00:00,25.3,91,23.8,0.0,72,0.0,10.8,274,10.773691742806104,-0.7533699164365524
2022-06-04 05:00:00,25.2,92,23.7,0.1,52,0.0,11.5,266,11.47198657798798,0.8021994480574441
2022-06-04 06:00:00,25.2,93,23.9,0.5,54,9.0,10.3,258,10.074920287558198,2.141490415422926
2022-06-04 07:00:00,25.7,92,24.3,0.7,54,77.0,10.1,274,10.075396907624226,-0.7045403848156647
2022-06-04 08:00:00,26.4,89,24.4,0.5,45,241.0,11.9,275,11.854716907291772,-1.037153338697129
2022-06-04 09:00:00,27.2,86,24.7,0.1,47,353.0,12.2,268,12.192568089632967,0.4257738597705092
2022-06-04 10:00:00,27.8,85,25.0,0.2,65,365.0,13.6,253,13.00574468109728,3.976255184229224
2022-06-04 11:00:00,28.4,80,24.6,0.9,97,438.0,14.5,243,12.919594600731331,6.582862246223431
2022-06-04 12:00:00,28.0,82,24.6,3.1,82,338.0,15.4,259,15.117058625094026,2.938458528798787
2022-06-04 13:00:00,28.2,81,24.6,2.2,82,313.0,13.8,264,13.724402156082174,1.4424927930936164
2022-06-04 14:00:00,28.3,82,24.9,2.4,100,348.0,13.7,247,12.610916492298433,5.353016460303051
2022-06-04 15:00:00,27.7,83,24.6,3.9,63,166.0,14.8,231,11.501760229563166,9.3139417875376
2022-06-04 16:00:00,27.1,85,24.4,3.3,73,99.0,12.6,243,11.226682204773434,5.720280296718291
2022-06-04 17:00:00,27.1,85,24.3,1.2,84,50.0,11.2,264,11.13864522812466,1.1707187885977175
2022-06-04 18:00:00,26.6,89,24.6,0.9,86,13.0,9.1,288,8.654614298285898,-2.8120546488120195
2022-06-04 19:00:00,26.4,88,24.2,0.0,64,0.0,10.0,300,8.660254037844386,-5.000000000000001
2022-06-04 20:00:00,26.3,87,24.0,0.0,43,0.0,10.8,296,9.706975700031006,-4.734408385322037
2022-06-04 21:00:00,26.3,87,23.9,0.0,38,0.0,10.6,288,10.081199072728628,-3.2755801403744407
2022-06-04 22:00:00,26.3,86,23.8,0.0,35,0.0,10.6,288,10.081199072728628,-3.2755801403744407
2022-06-04 23:00:00,26.2,87,23.8,0.0,36,0.0,10.9,287,10.423721839997087,-3.18685158147783
2022-06-05 00:00:00,26.1,87,23.7,0.0,34,0.0,10.9,287,10.423721839997087,-3.18685158147783
2022-06-05 01:00:00,25.9,88,23.7,0.0,41,0.0,10.3,282,10.074920287558198,-2.1414904154229224
2022-06-05 02:00:00,25.7,88,23.7,0.0,56,0.0,10.1,274,10.075396907624226,-0.7045403848156647
2022-06-05 03:00:00,26.0,85,23.2,0.0,47,0.0,11.2,270,11.2,2.0574066225675528e-15
2022-06-05 04:00:00,25.9,86,23.4,0.0,58,0.0,12.3,273,12.283143277481258,-0.6437322617882105
2022-06-05 05:00:00,25.8,87,23.5,0.1,62,0.0,11.6,277,11.513535359039334,-1.413684383499713
2022-06-05 06:00:00,25.6,88,23.6,0.3,64,3.0,8.7,277,8.6351515192795,-1.0602632876247848
2022-06-05 07:00:00,25.8,89,23.8,0.6,49,25.0,10.2,278,10.100734301164016,-1.4195656297926678
2022-06-05 08:00:00,26.2,86,23.8,0.7,74,68.0,10.7,284,10.382164271153163,-2.5885642829164413
2022-06-05 09:00:00,26.7,84,23.8,0.5,56,140.0,12.5,288,11.88820645368942,-3.862712429686841
2022-06-05 10:00:00,27.6,80,23.9,0.4,35,249.0,13.2,287,12.623222778712067,-3.859306502340124
2022-06-05 11:00:00,28.4,78,24.2,0.0,39,301.0,13.4,278,13.269592121137045,-1.8649195528648768
2022-06-05 12:00:00,28.9,77,24.4,0.1,34,362.0,13.7,270,13.7,2.5166491722478104e-15
2022-06-05 13:00:00,29.4,75,24.6,0.1,33,465.0,13.3,267,13.281772812235833,0.6960682180311593
2022-06-05 14:00:00,28.3,79,24.3,0.9,48,444.0,14.4,266,14.36492232374147,1.0044932219154084
2022-06-05 15:00:00,30.3,74,25.1,0.0,55,517.0,15.7,259,15.411546780128324,2.9957012274117503
2022-06-05 16:00:00,29.3,79,25.2,1.4,48,414.0,16.3,262,16.141369520487597,2.2685215456490733
2022-06-05 17:00:00,28.6,81,25.1,1.4,56,194.0,14.5,256,14.06928803100195,3.507867486195183
2022-06-05 18:00:00,27.5,86,25.0,1.4,82,59.0,9.9,280,9.74959675482086,-1.7191169589026067
2022-06-05 19:00:00,27.0,87,24.7,0.3,51,5.0,11.2,303,9.393110360988752,-6.099957192168298
2022-06-05 20:00:00,26.6,86,24.1,0.2,57,0.0,12.0,303,10.06404681534509,-6.53566842018032
2022-06-05 21:00:00,26.4,84,23.5,0.1,46,0.0,10.9,297,9.711971113653211,-4.948496447161059
2022-06-05 22:00:00,26.4,82,23.1,0.0,55,0.0,14.2,306,11.488041320124257,-8.346550582553116
2022-06-05 23:00:00,26.3,80,22.6,0.0,49,0.0,14.2,300,12.297560733739028,-7.100000000000001
2022-06-06 00:00:00,26.2,80,22.5,0.0,56,0.0,13.9,295,12.597678239809431,-5.874393838195725
2022-06-06 01:00:00,25.9,82,22.6,0.1,60,0.0,12.8,292,11.86795333845488,-4.794964395723674
2022-06-06 02:00:00,25.8,83,22.8,0.4,79,0.0,11.7,281,11.485038046337667,-2.2324652459055776
2022-06-06 03:00:00,26.0,81,22.4,0.2,84,0.0,10.9,287,10.423721839997087,-3.18685158147783
2022-06-06 04:00:00,25.5,85,22.8,0.4,100,0.0,10.6,298,9.359244484304629,-4.976398565530438
2022-06-06 05:00:00,25.3,85,22.6,0.4,100,0.0,11.8,308,9.298526892559318,-7.264805408842771
2022-06-06 06:00:00,25.3,86,22.7,0.2,39,5.0,12.2,313,8.922515159753878,-8.320379992762483
2022-06-06 07:00:00,26.1,84,23.1,0.1,61,48.0,13.3,303,11.154318553674145,-7.243699165699855
2022-06-06 08:00:00,26.9,81,23.4,0.2,58,99.0,13.7,297,12.20678938138064,-6.219669846431788
2022-06-06 09:00:00,27.8,78,23.7,0.2,56,275.0,12.7,295,11.510108895365452,-5.367251924106885
2022-06-06 10:00:00,28.5,78,24.3,0.0,65,330.0,11.5,284,11.15840085217396,-2.7821017993961754
2022-06-06 11:00:00,28.9,78,24.7,0.1,46,348.0,10.7,282,10.46617932785172,-2.2246550917500256
2022-06-06 12:00:00,29.1,77,24.7,0.3,65,269.0,9.3,254,8.939733772226367,2.56342740909809
2022-06-06 13:00:00,28.0,80,24.2,2.5,75,109.0,11.1,234,8.980088637561915,6.524416300446453
2022-06-06 14:00:00,27.8,84,24.9,0.8,91,80.0,13.4,243,11.93948742412413,6.083472696509928
2022-06-06 15:00:00,27.9,83,24.8,0.5,77,30.0,11.5,256,11.15840085217396,2.7821017993961794
2022-06-06 16:00:00,27.7,83,24.4,0.5,92,35.0,12.9,257,12.569373835729534,2.901868601035862
2022-06-06 17:00:00,27.5,85,24.7,0.1,100,1.0,11.2,266,11.17271736291003,0.7812725059342065
2022-06-06 18:00:00,27.3,86,24.7,0.1,68,3.0,9.6,257,9.353952621938255,2.1595301217011063
2022-06-06 19:00:00,26.9,87,24.6,0.4,53,0.0,10.1,266,10.075396907624224,0.7045403848156684
2022-06-06 20:00:00,26.3,89,24.3,0.8,56,0.0,9.0,275,8.96575228282571,-0.784401684728921
2022-06-06 21:00:00,25.9,90,24.1,1.1,56,0.0,7.7,281,7.558529312547012,-1.4692292643993974
2022-06-06 22:00:00,25.6,90,23.9,1.2,55,0.0,8.0,278,7.922144549932563,-1.1133848076805235
2022-06-06 23:00:00,25.5,90,23.7,1.1,49,0.0,7.2,264,7.160557646651569,0.7526049355271042
2022-06-07 00:00:00,25.4,90,23.7,0.9,73,0.0,8.3,265,8.268415994161488,0.7233926648055635
2022-06-07 01:00:00,25.4,91,23.7,0.9,71,0.0,10.5,278,10.397814721786489,-1.4613175600806874
2022-06-07 02:00:00,25.1,92,23.7,0.8,56,0.0,10.9,278,10.793921949283115,-1.5169868004647136
2022-06-07 03:00:00,25.0,92,23.7,0.2,57,0.0,10.5,274,10.474422527728157,-0.7324429743133148
2022-06-07 04:00:00,25.0,91,23.5,0.1,56,0.0,9.8,278,9.70462707366739,-1.3638963894086416
2022-06-07 05:00:00,25.1,90,23.4,0.0,56,0.0,9.4,288,8.939931253174445,-2.904759747124504
2022-06-07 06:00:00,25.4,90,23.5,0.0,41,4.0,10.0,283,9.743700647852352,-2.249510543438649
2022-06-07 07:00:00,26.1,88,23.9,0.2,42,37.0,11.5,268,11.4929945107196,0.4013442120787587
2022-06-07 08:00:00,26.8,86,24.3,0.6,47,131.0,12.7,263,12.60533612584479,1.547740661245369
2022-06-07 09:00:00,27.3,85,24.5,0.5,49,181.0,13.0,265,12.950531075192693,1.1330246557195571
2022-06-07 10:00:00,27.2,86,24.6,0.9,67,64.0,12.8,260,12.605539238556265,2.222696674136708
2022-06-07 11:00:00,27.1,86,24.5,2.9,86,95.0,12.8,254,12.304149708010485,3.5281581544575857
2022-06-07 12:00:00,27.0,87,24.6,1.9,90,33.0,12.4,248,11.497079796628164,4.645121758357313
2022-06-07 13:00:00,27.2,87,24.8,0.5,62,37.0,11.8,258,11.542141688658909,2.453357951649566
2022-06-07 14:00:00,27.1,83,24.0,4.2,77,40.0,11.2,264,11.13864522812466,1.1707187885977175
2022-06-07 15:00:00,27.0,87,24.6,4.3,100,41.0,11.2,276,11.13864522812466,-1.1707187885977133
2022-06-07 16:00:00,26.5,88,24.3,2.0,100,20.0,10.3,282,10.074920287558198,-2.1414904154229224
2022-06-07 17:00:00,26.0,91,24.4,1.9,100,4.0,7.2,273,7.190132650232932,-0.3768188849491964
2022-06-07 18:00:00,25.5,93,24.3,2.0,87,0.0,4.9,287,4.685893304218874,-1.43262135314141
2022-06-07 19:00:00,25.3,93,24.0,2.0,85,1.0,6.0,295,5.4378467222198985,-2.535709570444197
2022-06-07 20:00:00,25.2,93,23.9,1.8,76,0.0,5.4,250,5.074340152243906,1.8469087739586103
2022-06-07 21:00:00,25.1,93,23.9,1.4,90,0.0,5.9,232,4.649263446279661,3.632402704421383
2022-06-07 22:00:00,25.1,93,24.0,0.8,90,0.0,6.4,227,4.680663690362692,4.364789504399991
2022-06-07 23:00:00,25.1,93,23.9,0.3,95,0.0,4.6,219,2.894873798829253,3.5748714227020653
2022-06-08 00:00:00,25.0,94,23.9,0.2,91,0.0,2.5,278,2.475670171853926,-0.3479327524001636
2022-06-08 01:00:00,24.9,94,23.8,0.2,89,0.0,5.1,315,3.606244584051393,-3.606244584051391
2022-06-08 02:00:00,24.8,93,23.7,0.1,90,0.0,5.4,318,3.613305274337834,-4.012982057577929
2022-06-08 03:00:00,24.9,89,23.0,0.8,89,0.0,5.4,312,4.012982057577931,-3.613305274337832
2022-06-08 04:00:00,24.9,88,22.8,0.9,87,0.0,5.7,325,3.269385687200965,-4.669166652447252
2022-06-08 05:00:00,24.7,88,22.6,1.0,75,0.0,7.1,330,3.550000000000003,-6.148780366869512
2022-06-08 06:00:00,24.7,88,22.5,0.6,86,1.0,8.6,345,2.225843787881678,-8.306962106085987
2022-06-08 07:00:00,25.4,85,22.6,0.1,82,21.0,9.6,340,3.2833933759264187,-9.02104915954472
2022-06-08 08:00:00,26.8,79,22.9,0.0,61,110.0,10.5,338,3.93336923086708,-9.735430472951268
2022-06-08 09:00:00,27.6,77,23.3,0.6,46,172.0,11.2,327,6.099957192168302,-9.393110360988748
2022-06-08 10:00:00,28.1,78,23.8,0.2,44,270.0,12.3,302,10.430991582724042,-6.518006950068418
2022-06-08 11:00:00,28.4,79,24.5,0.1,40,351.0,15.7,279,15.506706947343664,-2.456021101131621
2022-06-08 12:00:00,28.9,80,25.2,0.2,55,439.0,16.6,266,16.55956323431308,1.1579574641524848
2022-06-08 13:00:00,29.2,77,24.9,0.4,60,312.0,15.6,262,15.448181872368496,2.171100374977027
2022-06-08 14:00:00,28.3,81,24.7,4.7,61,53.0,14.5,264,14.420567482839964,1.5156627173809738
2022-06-08 15:00:00,27.4,85,24.6,1.3,65,1.0,10.4,272,10.393664600998596,-0.3629547657060133
2022-06-08 16:00:00,26.7,90,24.9,1.1,83,4.0,10.9,261,10.765802912487,1.7051356689385184
2022-06-08 17:00:00,26.0,92,24.6,2.0,89,6.0,10.4,256,10.091075553270365,2.515987714236545
2022-06-08 18:00:00,25.6,93,24.4,1.3,98,1.0,8.3,270,8.3,1.5246852649384548e-15
2022-06-08 19:00:00,25.5,93,24.2,1.1,100,1.0,6.2,291,5.788198644282651,-2.2218812871808624
2022-06-08 20:00:00,25.3,93,24.1,0.7,72,0.0,6.6,292,6.1194134401407965,-2.4724035165450187
2022-06-08 21:00:00,25.3,93,24.1,0.4,54,0.0,9.5,295,8.609923976848174,-4.014873486536646
2022-06-08 22:00:00,25.2,93,24.0,0.2,51,0.0,12.4,280,12.21161613735138,-2.1532374030699315
2022-06-08 23:00:00,25.1,93,23.8,0.1,50,0.0,14.9,277,14.788937659455698,-1.8158532167367003
2022-06-09 00:00:00,25.0,92,23.6,0.1,54,0.0,16.3,276,16.210706894502856,-1.7038139512627437
2022-06-09 01:00:00,25.1,91,23.6,0.1,58,0.0,16.2,274,16.160537614209154,-1.1300548746548285
2022-06-09 02:00:00,25.1,91,23.5,0.4,65,0.0,15.2,275,15.142159410994532,-1.3247672897643998
2022-06-09 03:00:00,25.1,93,23.8,0.2,71,0.0,14.4,271,14.397806810252035,-0.2513146526968771
2022-06-09 04:00:00,25.1,92,23.7,0.5,67,0.0,12.2,268,12.192568089632967,0.4257738597705092
2022-06-09 05:00:00,25.1,92,23.7,0.5,59,0.0,10.1,270,10.1,1.85533990070824e-15
2022-06-09 06:00:00,25.2,91,23.6,0.3,37,2.0,6.6,292,6.1194134401407965,-2.4724035165450187
2022-06-09 07:00:00,25.8,90,24.0,0.1,40,12.0,6.8,288,6.467184310807045,-2.101315561749641
2022-06-09 08:00:00,26.7,85,24.1,0.2,46,54.0,6.9,261,6.81504955010645,1.0793978087775942
2022-06-09 09:00:00,27.3,83,24.2,0.2,47,72.0,9.0,265,8.96575228282571,0.7844016847289242
2022-06-09 10:00:00,27.8,81,24.3,0.2,62,58.0,11.9,268,11.89275084152724,0.4153040107597591
2022-06-09 11:00:00,28.1,81,24.5,0.1,67,34.0,13.3,270,13.3,2.4431703642989694e-15
2022-06-09 12:00:00,28.0,82,24.6,0.2,65,52.0,14.9,277,14.788937659455698,-1.8158532167367003
2022-06-09 13:00:00,27.3,84,24.3,2.0,54,21.0,14.8,273,14.779717114367694,-0.7745721523955704
2022-06-09 14:00:00,27.0,83,23.9,0.5,59,14.0,14.0,269,13.997867732189478,0.2443336901219689
2022-06-09 15:00:00,28.2,82,24.8,0.2,45,3.0,12.2,268,12.192568089632967,0.4257738597705092
2022-06-09 16:00:00,28.0,84,25.0,0.1,44,5.0,10.4,272,10.393664600998596,-0.3629547657060133
2022-06-09 17:00:00,27.8,85,25.1,0.1,48,0.0,8.3,272,8.294943864258496,-0.2896658226307607
2022-06-09 18:00:00,27.3,87,25.0,0.0,57,0.0,7.6,239,6.514471485336052,3.914289369316413
2022-06-09 19:00:00,26.9,89,24.9,0.0,69,0.0,6.8,245,6.162892951849221,2.873804179836754
2022-06-09 20:00:00,26.5,90,24.8,0.0,46,0.0,5.8,292,5.377666356487367,-2.172718241812289
2022-06-09 21:00:00,26.2,90,24.4,0.1,37,0.0,6.4,297,5.702441754805555,-2.9055391983330985
2022-06-09 22:00:00,26.1,89,24.1,0.0,31,0.0,7.9,300,6.841600689897065,-3.950000000000001
2022-06-09 23:00:00,25.9,88,23.8,0.0,36,0.0,8.4,290,7.893418014601631,-2.87296920393562
2022-06-10 00:00:00,25.5,89,23.6,0.2,42,0.0,10.0,283,9.743700647852352,-2.249510543438649
2022-06-10 01:00:00,25.3,90,23.4,0.6,53,0.0,10.8,274,10.773691742806104,-0.7533699164365524
2022-06-10 02:00:00,24.8,93,23.6,0.6,47,0.0,10.8,274,10.773691742806104,-0.7533699164365524
2022-06-10 03:00:00,25.7,90,23.9,0.0,54,0.0,10.8,272,10.793420931806237,-0.3769145643870139
2022-06-10 04:00:00,25.6,92,24.1,0.1,59,0.0,10.5,266,10.474422527728152,0.7324429743133186
2022-06-10 05:00:00,25.5,92,24.2,0.1,74,0.0,9.8,262,9.704627073667387,1.363896389408645
2022-06-10 06:00:00,25.7,91,24.2,0.0,56,4.0,7.6,273,7.589584464134761,-0.3977532674463739
2022-06-10 07:00:00,26.5,90,24.7,0.0,57,24.0,9.5,295,8.609923976848174,-4.014873486536646
2022-06-10 08:00:00,27.0,87,24.6,0.1,52,75.0,10.4,290,9.772803256173448,-3.5570094905869576
2022-06-10 09:00:00,27.6,84,24.6,0.0,50,194.0,13.9,287,13.292636107886192,-4.06396669564604
2022-06-10 10:00:00,28.2,80,24.4,0.1,43,211.0,16.1,280,15.855404823496553,-2.7957356604375727
2022-06-10 11:00:00,28.5,80,24.8,0.1,38,206.0,17.7,272,17.689217638237995,-0.6177210916342727
2022-06-10 12:00:00,27.5,81,23.9,1.6,41,81.0,16.9,271,16.89742604814301,-0.2949456687900849
2022-06-10 13:00:00,27.6,82,24.3,1.6,48,68.0,16.6,271,16.597471739596095,-0.2897099468589
2022-06-10 14:00:00,27.7,81,24.2,0.3,45,65.0,15.5,275,15.441017820422056,-1.3509140125886974
2022-06-10 15:00:00,28.6,81,25.0,0.6,63,79.0,15.1,271,15.097700196861508,-0.2635313372029753
2022-06-10 16:00:00,28.7,82,25.3,0.2,44,151.0,13.5,279,13.33379259803436,-2.111865278043114
2022-06-10 17:00:00,28.0,82,24.7,0.7,46,125.0,12.8,281,12.564827948130098,-2.4423551408197777
2022-06-10 18:00:00,27.3,87,24.8,0.0,51,8.0,8.0,275,7.969557584733964,-0.6972459419812631
2022-06-10 19:00:00,26.7,89,24.7,0.2,46,2.0,9.4,277,9.329933825428428,-1.1455718280083882
2022-06-10 20:00:00,26.1,90,24.4,0.3,40,0.0,11.4,283,11.107818738551682,-2.5644420195200603
2022-06-10 21:00:00,25.9,90,24.2,0.3,43,0.0,12.1,282,11.835585968879046,-2.515731458894889
2022-06-10 22:00:00,25.9,89,23.9,0.2,43,0.0,12.4,287,11.85817897394164,-3.625409138561935
2022-06-10 23:00:00,25.8,88,23.7,0.2,41,0.0,12.9,288,12.268629060207482,-3.98631922743682
2022-06-11 00:00:00,25.5,90,23.7,0.3,52,0.0,12.2,284,11.837607860567156,-2.9514471263159425
2022-06-11 01:00:00,25.4,89,23.4,0.2,64,0.0,11.4,283,11.107818738551682,-2.5644420195200603
2022-06-11 02:00:00,25.5,87,23.3,0.2,72,0.0,11.4,283,11.107818738551682,-2.5644420195200603
2022-06-11 03:00:00,25.7,83,22.7,0.1,91,0.0,12.0,291,11.20296511796642,-4.300415394543604
2022-06-11 04:00:00,25.8,82,22.4,0.0,59,0.0,12.1,297,10.781178942679253,-5.493285046848515
2022-06-11 05:00:00,25.8,81,22.3,0.0,52,0.0,11.0,293,10.125553387976844,-4.298042413382008
2022-06-11 06:00:00,25.9,82,22.5,0.0,48,5.0,8.4,301,7.200205325897744,-4.326319829244455
2022-06-11 07:00:00,26.6,82,23.2,0.0,47,61.0,10.6,294,9.68358185101157,-4.311408416603477
2022-06-11 08:00:00,27.7,78,23.6,0.1,38,156.0,12.0,291,11.20296511796642,-4.300415394543604
2022-06-11 09:00:00,28.3,78,24.0,0.1,48,248.0,14.1,283,13.738617913471815,-3.1718098662484957
2022-06-11 10:00:00,28.7,78,24.5,0.3,41,335.0,13.1,278,12.972511700514572,-1.8231676225768576
2022-06-11 11:00:00,29.1,77,24.6,1.5,43,362.0,12.0,279,11.852260087141651,-1.877213580482768
2022-06-11 12:00:00,27.7,82,24.3,9.5,45,252.0,12.3,277,12.20831766518826,-1.4989929238833166
2022-06-11 13:00:00,27.6,84,24.7,1.8,48,97.0,12.6,272,12.592324420440606,-0.4397336584515161
2022-06-11 14:00:00,27.9,82,24.6,0.6,39,94.0,13.3,268,13.291897999353974,0.4641633061432601
2022-06-11 15:00:00,28.3,81,24.7,4.3,61,309.0,13.3,268,13.291897999353974,0.4641633061432601
2022-06-11 16:00:00,28.4,81,24.9,0.6,55,299.0,11.3,263,11.21577151354694,1.3771235804781632
2022-06-11 17:00:00,28.0,83,24.7,1.5,70,74.0,9.7,266,9.676371287520292,0.676637795318018
2022-06-11 18:00:00,27.5,86,24.8,0.6,53,27.0,6.9,279,6.815049550106451,-1.0793978087775915
2022-06-11 19:00:00,26.9,88,24.6,0.0,55,1.0,8.6,270,8.6,1.5797943709000857e-15
2022-06-11 20:00:00,26.3,90,24.5,0.2,58,0.0,9.4,266,9.377102072442348,0.6557108531947805
2022-06-11 21:00:00,26.1,91,24.5,0.2,60,0.0,8.3,268,8.294943864258496,0.2896658226307563
2022-06-11 22:00:00,26.0,91,24.5,0.2,64,0.0,8.3,270,8.3,1.5246852649384548e-15
2022-06-11 23:00:00,26.0,90,24.2,0.1,56,0.0,8.6,270,8.6,1.5797943709000857e-15
2022-06-12 00:00:00,25.9,90,24.0,0.1,59,0.0,9.0,270,9.0,1.6532731788489269e-15
2022-06-12 01:00:00,25.7,90,23.9,0.2,61,0.0,8.3,265,8.268415994161488,0.7233926648055635
2022-06-12 02:00:00,25.7,90,23.8,0.4,52,0.0,7.6,262,7.526037322435934,1.0577155672965002
2022-06-12 03:00:00,25.8,88,23.7,0.1,52,0.0,7.2,264,7.160557646651569,0.7526049355271042
2022-06-12 04:00:00,25.4,92,24.0,0.1,52,0.0,6.5,267,6.49109197590473,0.340183715579138
2022-06-12 05:00:00,25.3,93,24.0,0.1,52,0.0,6.4,286,6.152074854005241,-1.7640790772287962
2022-06-12 06:00:00,25.5,92,24.0,0.1,56,0.0,1.8,307,1.4375439180851275,-1.0832670416736865
2022-06-12 07:00:00,26.4,89,24.5,0.1,40,1.0,1.9,292,1.761649323676896,-0.7117525274902327
2022-06-12 08:00:00,27.6,82,24.1,0.0,35,19.0,4.8,257,4.6769763109691285,1.0797650608505531
2022-06-12 09:00:00,28.5,77,24.1,0.0,40,85.0,6.7,254,6.440453362786737,1.8467702839738929
2022-06-12 10:00:00,29.3,74,24.1,0.0,47,163.0,7.2,252,6.8476069173251055,2.2249223594996224
2022-06-12 11:00:00,29.9,72,24.3,0.0,44,268.0,7.5,253,7.172285669722765,2.192787785420528
2022-06-12 12:00:00,30.3,71,24.5,0.0,50,372.0,8.9,249,8.308865795825096,3.1894747509531767
2022-06-12 13:00:00,29.9,74,24.7,0.1,48,328.0,10.7,250,10.05471104240922,3.659615533584653
2022-06-12 14:00:00,29.3,77,24.9,1.1,53,299.0,11.3,253,10.8062437423823,3.303800263366929
2022-06-12 15:00:00,30.3,71,24.4,0.0,39,486.0,10.9,253,10.423721839997086,3.186851581477834
2022-06-12 16:00:00,29.9,74,24.8,0.0,57,383.0,11.9,256,11.54651914268436,2.8788705576360467
2022-06-12 17:00:00,29.3,77,24.8,0.1,38,203.0,12.3,267,12.283143277481258,0.643732261788215
2022-06-12 18:00:00,28.7,80,24.8,0.0,30,61.0,8.0,262,7.922144549932562,1.1133848076805266
2022-06-12 19:00:00,27.9,82,24.6,0.0,25,6.0,7.2,270,7.2,1.3226185430791417e-15
2022-06-12 20:00:00,27.4,85,24.6,0.0,23,0.0,8.0,275,7.969557584733964,-0.6972459419812631
2022-06-12 21:00:00,27.0,87,24.6,0.0,13,0.0,8.8,282,8.60769888645749,-1.8296228791962832
2022-06-12 22:00:00,26.6,88,24.4,0.0,27,0.0,10.2,288,9.700776466210566,-3.1519733426244616
2022-06-12 23:00:00,26.3,88,24.1,0.0,29,0.0,11.0,293,10.125553387976844,-4.298042413382008
2022-06-13 00:00:00,26.1,88,23.9,0.0,32,0.0,10.6,294,9.68358185101157,-4.311408416603477
2022-06-13 01:00:00,25.9,88,23.7,0.0,34,0.0,11.8,297,10.513876985422742,-5.35708789692665
2022-06-13 02:00:00,25.9,88,23.7,0.0,37,0.0,12.2,294,11.145254583239732,-4.9621870455247565
2022-06-13 03:00:00,26.2,81,22.6,0.0,40,0.0,12.3,291,11.483039245915585,-4.407925779407195
2022-06-13 04:00:00,26.1,81,22.5,0.0,47,0.0,12.6,294,11.510672766296771,-5.124881702755077
2022-06-13 05:00:00,26.1,81,22.5,0.0,39,0.0,12.3,291,11.483039245915585,-4.407925779407195
2022-06-13 06:00:00,26.2,81,22.8,0.0,37,4.0,10.4,284,10.091075553270365,-2.515987714236541
2022-06-13 07:00:00,27.3,80,23.5,0.0,46,71.0,12.6,283,12.277062816293965,-2.8343832847326977
2022-06-13 08:00:00,28.5,76,23.9,0.0,52,237.0,13.6,282,13.302807369979757,-2.827598995121528
2022-06-13 09:00:00,29.1,76,24.4,0.0,56,378.0,16.0,279,15.803013449522204,-2.502951440643691
2022-06-13 10:00:00,29.7,75,24.9,0.0,59,502.0,17.8,263,17.667321499215532,2.16927431261162
2022-06-13 11:00:00,30.1,74,25.0,0.1,59,557.0,17.8,252,16.928805990053732,5.500502499874067
2022-06-13 12:00:00,30.3,74,25.3,0.2,42,550.0,16.4,255,15.84118355114072,4.244632339681338
2022-06-13 13:00:00,29.3,80,25.4,3.1,48,391.0,15.5,252,14.74137600257488,4.789763412811687
2022-06-13 14:00:00,29.9,78,25.5,0.5,49,397.0,14.4,248,13.351447505761737,5.394334945189137
2022-06-13 15:00:00,30.1,75,25.1,0.1,81,355.0,11.4,257,11.10781873855168,2.564442019520064
2022-06-13 16:00:00,28.8,78,24.6,0.3,68,211.0,10.7,258,10.46617932785172,2.2246550917500296
2022-06-13 17:00:00,28.7,79,24.7,0.3,50,90.0,8.3,272,8.294943864258496,-0.2896658226307607
2022-06-13 18:00:00,28.5,80,24.8,0.0,44,12.0,3.9,304,3.2332465329646625,-2.1808523235359134
2022-06-13 19:00:00,28.2,82,24.7,0.0,35,0.0,7.6,295,6.887939181478538,-3.2118987892293167
2022-06-13 20:00:00,27.6,85,24.8,0.0,33,0.0,8.4,280,8.272385125302549,-1.4586446924022118
2022-06-13 21:00:00,27.2,87,24.9,0.0,35,0.0,8.6,268,8.594761112364223,0.3001356716415065
2022-06-13 22:00:00,27.1,86,24.7,0.0,40,0.0,9.4,272,9.3942737739795,-0.328055269003512
2022-06-13 23:00:00,27.0,85,24.2,0.0,40,0.0,10.5,278,10.397814721786489,-1.4613175600806874
2022-06-14 00:00:00,26.7,84,23.8,0.0,35,0.0,11.6,275,11.555858497864248,-1.0110066158728317
2022-06-14 01:00:00,26.5,84,23.6,0.0,35,0.0,10.9,278,10.793921949283115,-1.5169868004647136
2022-06-14 02:00:00,26.4,83,23.4,0.0,39,0.0,10.5,274,10.474422527728157,-0.7324429743133148
2022-06-14 03:00:00,26.6,77,22.3,0.0,52,0.0,10.9,278,10.793921949283115,-1.5169868004647136
2022-06-14 04:00:00,26.4,78,22.2,0.0,61,0.0,11.1,283,10.81550771911611,-2.4969567032169007
2022-06-14 05:00:00,26.3,79,22.3,0.0,57,0.0,11.0,281,10.797899017924305,-2.0988989491419963
2022-06-14 06:00:00,26.2,81,22.6,0.0,60,6.0,9.9,280,9.74959675482086,-1.7191169589026067
2022-06-14 07:00:00,27.1,79,23.1,0.0,52,79.0,11.6,286,11.150635672884498,-3.197393327477193
2022-06-14 08:00:00,28.2,75,23.4,0.0,44,205.0,12.1,287,11.571287547152728,-3.537697627145114
2022-06-14 09:00:00,28.9,74,23.9,0.1,34,361.0,13.6,281,13.350129694888228,-2.5950023371210134
2022-06-14 10:00:00,29.4,75,24.6,0.0,38,432.0,14.0,271,13.997867732189478,-0.2443336901219638
2022-06-14 11:00:00,29.3,77,24.9,0.4,52,307.0,14.8,266,14.763947943845398,1.0323958114130587
2022-06-14 12:00:00,29.6,76,25.0,0.1,60,293.0,15.7,259,15.411546780128324,2.9957012274117503
2022-06-14 13:00:00,29.9,77,25.4,0.1,61,209.0,15.5,252,14.74137600257488,4.789763412811687
2022-06-14 14:00:00,28.6,81,25.0,2.1,55,101.0,13.8,242,12.184676781453192,6.478707566445292
2022-06-14 15:00:00,29.0,78,24.7,1.1,50,376.0,10.2,252,9.700776466210565,3.1519733426244647
2022-06-14 16:00:00,29.1,77,24.7,0.1,62,229.0,9.0,268,8.994517443171862,0.3140954703225068
2022-06-14 17:00:00,28.9,78,24.7,0.1,91,146.0,9.3,286,8.939733772226365,-2.5634274090980944
2022-06-14 18:00:00,28.5,81,24.9,0.0,40,36.0,4.1,285,3.960295887785181,-1.061158084920333
2022-06-14 19:00:00,27.9,84,24.9,0.0,42,1.0,5.0,270,5.0,9.184850993605148e-16
2022-06-14 20:00:00,27.5,85,24.8,0.0,34,0.0,5.8,263,5.756767679519668,0.7068421917498535
2022-06-14 21:00:00,27.3,86,24.7,0.0,39,0.0,6.2,260,6.10580806867569,1.0766187015349682
2022-06-14 22:00:00,27.1,86,24.5,0.0,41,0.0,6.2,263,6.153786140176197,0.7555899291119125
2022-06-14 23:00:00,26.9,85,24.1,0.0,42,0.0,7.6,278,7.5260373224359345,-1.0577155672964975
2022-06-15 00:00:00,26.7,83,23.5,0.0,42,0.0,7.6,289,7.1859411745548085,-2.474317973874388
2022-06-15 01:00:00,26.5,81,22.9,0.0,41,0.0,10.9,297,9.711971113653211,-4.948496447161059
2022-06-15 02:00:00,26.3,81,22.7,0.0,39,0.0,11.0,293,10.125553387976844,-4.298042413382008
2022-06-15 03:00:00,26.0,79,22.1,0.0,33,0.0,9.3,286,8.939733772226365,-2.5634274090980944
2022-06-15 04:00:00,25.8,81,22.3,0.0,45,0.0,8.9,284,8.63563196385637,-2.15310487083704
2022-06-15 05:00:00,25.8,82,22.5,0.0,45,0.0,8.4,295,7.612985411107859,-3.549993398621877
2022-06-15 06:00:00,25.8,83,22.8,0.1,44,4.0,7.7,311,5.811263767715347,-5.051654523226905
2022-06-15 07:00:00,26.7,81,23.1,0.0,38,44.0,9.5,307,7.587037345449284,-5.717242719944456
2022-06-15 08:00:00,27.7,77,23.3,0.0,35,75.0,8.2,285,7.920591775570361,-2.122316169840666
2022-06-15 09:00:00,28.4,76,23.8,0.0,36,110.0,8.0,275,7.969557584733964,-0.6972459419812631
2022-06-15 10:00:00,28.7,78,24.4,0.0,42,123.0,8.7,277,8.6351515192795,-1.0602632876247848
2022-06-15 11:00:00,28.4,79,24.5,0.6,43,63.0,9.8,276,9.74631457460908,-1.0243789400229992
2022-06-15 12:00:00,27.8,83,24.7,1.1,44,107.0,10.7,256,10.382164271153162,2.588564282916445
2022-06-15 13:00:00,27.8,85,25.1,0.5,53,107.0,13.2,235,10.812806984614689,7.571208959833812
2022-06-15 14:00:00,28.3,81,24.7,0.3,49,117.0,9.3,234,7.52385804768701,5.466402846320002
2022-06-15 15:00:00,27.8,84,24.9,0.3,50,73.0,8.3,252,7.893769085249775,2.564841053312065
2022-06-15 16:00:00,27.9,84,24.9,0.0,58,141.0,8.5,258,8.314254606237347,1.767249371950958
2022-06-15 17:00:00,28.0,84,25.0,0.0,41,156.0,9.1,279,8.987963899415753,-1.423553631866099
2022-06-15 18:00:00,27.7,85,24.9,0.0,36,58.0,2.3,231,1.7874357113510322,1.447436899414627
2022-06-15 19:00:00,27.3,87,24.9,0.0,32,6.0,4.4,215,2.5237363199446032,3.604268994871564
2022-06-15 20:00:00,26.9,89,24.9,0.0,28,0.0,6.3,239,5.400153994423306,3.2447398719333425
2022-06-15 21:00:00,26.5,91,24.9,0.0,30,0.0,7.4,256,7.180188374442374,1.7902220274375418
2022-06-15 22:00:00,26.3,92,24.9,0.0,39,0.0,7.4,284,7.180188374442375,-1.790222027437539
2022-06-15 23:00:00,26.1,92,24.7,0.0,34,0.0,7.3,303,6.122295146001597,-3.975864955609695
2022-06-16 00:00:00,25.9,92,24.5,0.0,34,0.0,8.1,302,6.869189578867051,-4.292346040288957
2022-06-16 01:00:00,25.6,92,24.2,0.0,30,0.0,7.7,298,6.798696465013739,-3.614931033451356
2022-06-16 02:00:00,25.4,92,24.0,0.0,29,0.0,8.0,297,7.128052193506944,-3.631923997916373
2022-06-16 03:00:00,25.4,88,23.2,0.0,28,0.0,9.2,291,8.588939923774255,-3.2969851358167634
2022-06-16 04:00:00,25.2,87,23.0,0.0,29,0.0,9.8,287,9.371786608437748,-2.86524270628282
2022-06-16 05:00:00,24.9,89,23.0,0.0,31,0.0,8.4,301,7.200205325897744,-4.326319829244455
2022-06-16 06:00:00,25.0,89,23.1,0.0,43,6.0,2.1,301,1.800051331474436,-1.0815799573111138
2022-06-16 07:00:00,26.6,83,23.5,0.0,33,87.0,4.1,315,2.8991378028648453,-2.899137802864844
2022-06-16 08:00:00,27.9,77,23.5,0.0,35,230.0,3.6,307,2.875087836170255,-2.1665340833473725
2022-06-16 09:00:00,28.5,77,24.1,0.1,41,391.0,2.5,262,2.475670171853926,0.3479327524001646
2022-06-16 10:00:00,28.9,77,24.4,0.1,33,427.0,3.4,238,2.883363526931848,1.801725498392897
2022-06-16 11:00:00,29.4,75,24.4,0.1,35,543.0,4.0,243,3.564026096753471,1.815961998958188
2022-06-16 12:00:00,29.8,75,24.9,0.0,33,637.0,4.8,257,4.6769763109691285,1.0797650608505531
2022-06-16 13:00:00,29.9,76,25.3,0.0,26,619.0,6.3,257,6.1385314081469815,1.417191642366351
2022-06-16 14:00:00,29.9,79,25.8,0.0,28,563.0,7.2,252,6.8476069173251055,2.2249223594996224
2022-06-16 15:00:00,30.7,67,23.9,0.0,28,548.0,8.6,248,7.97378114927437,3.2216167033768457
2022-06-16 16:00:00,30.4,69,24.2,0.0,29,435.0,8.8,235,7.208537989743126,5.047472639889208
2022-06-16 17:00:00,29.8,73,24.6,0.0,38,230.0,8.7,218,5.3562548353332256,6.855693556378481
2022-06-16 18:00:00,29.0,79,25.0,0.1,38,74.0,6.2,173,-0.7555899291119148,6.153786140176196
2022-06-16 19:00:00,28.4,82,25.1,0.1,33,6.0,6.5,161,-2.1161930039715178,6.14587074139556
2022-06-16 20:00:00,27.7,86,25.1,0.1,32,0.0,2.9,97,-2.878383839759834,0.3534210958749273
2022-06-16 21:00:00,27.3,88,25.1,0.2,32,0.0,1.5,14,-0.3628828433995016,-1.4554435894139948
2022-06-16 22:00:00,27.0,89,25.0,0.2,35,0.0,1.8,233,1.437543918085127,1.083267041673687
2022-06-16 23:00:00,26.8,89,24.8,0.2,30,0.0,5.7,215,3.269385687200963,4.669166652447253
2022-06-17 00:00:00,26.7,88,24.5,0.0,34,0.0,6.8,245,6.162892951849221,2.873804179836754
2022-06-17 01:00:00,26.5,88,24.3,0.1,32,0.0,7.6,251,7.185941174554808,2.4743179738743906
2022-06-17 02:00:00,26.2,88,24.1,0.1,35,0.0,7.5,253,7.172285669722765,2.192787785420528
2022-06-17 03:00:00,26.3,92,24.9,0.3,36,0.0,7.6,275,7.571079705497266,-0.6623836448821999
2022-06-17 04:00:00,26.1,91,24.5,0.1,37,0.0,8.8,282,8.60769888645749,-1.8296228791962832
2022-06-17 05:00:00,25.9,90,24.2,0.1,43,0.0,9.5,281,9.325458242752807,-1.8126854560771783
2022-06-17 06:00:00,25.9,88,23.9,0.0,39,4.0,6.1,270,6.1,1.120551821219828e-15
2022-06-17 07:00:00,26.8,85,24.1,0.0,39,59.0,7.3,279,7.210124886344506,-1.141971594793684
2022-06-17 08:00:00,27.8,82,24.4,0.0,41,178.0,10.1,287,9.658678035226655,-2.9529542176996406
2022-06-17 09:00:00,28.7,79,24.8,0.0,39,351.0,11.4,281,11.190549891303368,-2.175222547292614
2022-06-17 10:00:00,29.2,77,24.9,0.0,34,406.0,11.6,265,11.555858497864248,1.0110066158728357
2022-06-17 11:00:00,29.6,77,25.1,0.1,47,481.0,11.4,252,10.84204428576475,3.5227937358744024
2022-06-17 12:00:00,29.5,76,24.7,0.3,40,330.0,11.3,248,10.477177556604698,4.233054505599809
2022-06-17 13:00:00,28.4,79,24.4,1.5,44,469.0,10.8,244,9.706975700031002,4.73440838532204
2022-06-17 14:00:00,28.7,79,24.6,0.5,36,467.0,10.0,249,9.335804264972015,3.583679495453007
2022-06-17 15:00:00,30.2,76,25.4,0.0,39,384.0,8.1,249,7.562001454627333,2.902780391316936
2022-06-17 16:00:00,30.0,77,25.4,0.0,35,274.0,7.4,247,6.811735915548058,2.8914103508206264
2022-06-17 17:00:00,28.4,81,24.7,1.9,46,148.0,7.5,253,7.172285669722765,2.192787785420528
2022-06-17 18:00:00,28.1,81,24.6,0.0,36,61.0,1.0,45,-0.7071067811865476,-0.7071067811865476
2022-06-17 19:00:00,27.8,82,24.4,0.0,31,7.0,2.6,16,-0.7166571251241979,-2.499280409439629
2022-06-17 20:00:00,27.1,87,24.7,0.0,30,0.0,1.5,346,0.3628828433995018,-1.4554435894139948
2022-06-17 21:00:00,26.5,90,24.7,0.0,29,0.0,3.2,270,3.2,5.878304635907295e-16
2022-06-17 22:00:00,26.1,92,24.6,0.0,30,0.0,4.7,261,4.642135200797148,0.7352419856890859
2022-06-17 23:00:00,25.8,93,24.5,0.0,30,0.0,3.8,253,3.633958072659534,1.111012477946401
2022-06-18 00:00:00,25.6,94,24.5,0.0,30,0.0,2.3,288,2.187429987478853,-0.7107390870623785
2022-06-18 01:00:00,25.5,94,24.6,0.0,30,0.0,3.6,307,2.875087836170255,-2.1665340833473725
2022-06-18 02:00:00,25.5,95,24.6,0.0,30,0.0,6.3,294,5.755336383148387,-2.5624408513775383
2022-06-18 03:00:00,25.6,91,24.1,0.0,30,0.0,8.3,288,7.893769085249776,-2.5648410533120622
2022-06-18 04:00:00,25.5,91,23.9,0.0,30,0.0,8.8,282,8.60769888645749,-1.8296228791962832
2022-06-18 05:00:00,25.4,90,23.7,0.0,30,0.0,9.4,277,9.329933825428428,-1.1455718280083882
2022-06-18 06:00:00,25.6,89,23.7,0.0,29,3.0,7.7,281,7.558529312547012,-1.4692292643993974
2022-06-18 07:00:00,26.8,85,24.0,0.0,30,70.0,8.8,279,8.691657397237213,-1.37662329235403
2022-06-18 08:00:00,28.0,79,24.0,0.0,30,168.0,9.5,281,9.325458242752807,-1.8126854560771783
2022-06-18 09:00:00,28.9,76,24.3,0.0,30,324.0,11.2,276,11.13864522812466,-1.1707187885977133
2022-06-18 10:00:00,29.6,73,24.4,0.0,31,381.0,11.6,265,11.555858497864248,1.0110066158728357
2022-06-18 11:00:00,30.1,72,24.4,0.0,30,407.0,13.3,267,13.281772812235833,0.6960682180311593
2022-06-18 12:00:00,30.4,71,24.6,0.0,32,383.0,14.5,264,14.420567482839964,1.5156627173809738
2022-06-18 13:00:00,30.3,72,24.8,0.0,32,263.0,14.3,258,13.98751069049342,2.973137178693965
2022-06-18 14:00:00,30.2,75,25.3,0.0,36,265.0,14.3,252,13.600108183020696,4.41894301956175
2022-06-18 15:00:00,30.6,71,24.8,0.1,44,457.0,14.3,252,13.600108183020696,4.41894301956175
2022-06-18 16:00:00,30.0,74,24.9,0.6,48,337.0,12.7,255,12.267257993871167,3.287001872802012
2022-06-18 17:00:00,29.7,76,25.0,0.0,39,229.0,12.3,255,11.88088766335554,3.183474254761004
2022-06-18 18:00:00,29.1,79,25.1,0.0,41,68.0,3.9,248,3.616017032810471,1.460965714322058
2022-06-18 19:00:00,28.5,82,25.1,0.0,40,8.0,5.2,282,5.086367523815789,-1.081140792252349
2022-06-18 20:00:00,27.9,84,25.0,0.0,35,0.0,7.4,309,5.750880114781584,-4.656970893768798
2022-06-18 21:00:00,27.5,86,24.9,0.0,30,0.0,8.1,315,5.727564927611036,-5.727564927611033
2022-06-18 22:00:00,27.2,86,24.7,0.0,30,0.0,7.9,300,6.841600689897065,-3.950000000000001
2022-06-18 23:00:00,27.0,87,24.6,0.0,30,0.0,7.9,294,7.217009115376549,-3.213219480298818
2022-06-19 00:00:00,26.7,87,24.3,0.0,30,0.0,8.6,292,7.973781149274371,-3.2216167033768426
2022-06-19 01:00:00,26.5,87,24.1,0.0,30,0.0,8.4,290,7.893418014601631,-2.87296920393562
2022-06-19 02:00:00,26.2,87,23.9,0.0,30,0.0,8.8,289,8.32056346527399,-2.864999759222976
2022-06-19 03:00:00,26.4,79,22.5,0.0,32,0.0,8.9,291,8.308865795825096,-3.1894747509531736
2022-06-19 04:00:00,26.3,80,22.5,0.0,33,0.0,8.7,294,7.947845481490629,-3.5386087947594578
2022-06-19 05:00:00,26.2,80,22.6,0.0,35,0.0,8.5,298,7.505054539300881,-3.990508283680069
2022-06-19 06:00:00,26.3,82,22.9,0.0,32,3.0,5.9,308,4.649263446279659,-3.6324027044213856
2022-06-19 07:00:00,27.4,81,23.7,0.0,35,95.0,6.8,295,6.162892951849218,-2.8738041798367573
2022-06-19 08:00:00,28.7,77,24.3,0.0,32,258.0,6.9,279,6.815049550106451,-1.0793978087775915
2022-06-19 09:00:00,29.4,77,25.0,0.0,36,406.0,8.1,257,7.892397524760404,1.8221035401853083
2022-06-19 10:00:00,30.1,76,25.3,0.1,27,550.0,9.3,254,8.939733772226367,2.56342740909809
2022-06-19 11:00:00,30.5,75,25.6,0.1,50,695.0,12.2,251,11.535326622311665,3.971931484377311
2022-06-19 12:00:00,30.7,76,26.1,0.0,44,611.0,13.4,243,11.93948742412413,6.083472696509928
2022-06-19 13:00:00,30.7,79,26.6,0.1,38,560.0,13.7,240,11.864548031846809,6.850000000000006
2022-06-19 14:00:00,30.8,80,26.9,0.1,35,589.0,13.0,246,11.876090949353811,5.287576359985401
2022-06-19 15:00:00,30.8,75,25.8,0.0,40,495.0,12.4,244,11.14504617410967,5.435802220184564
2022-06-19 16:00:00,30.6,76,25.9,0.0,45,377.0,11.9,241,10.407974514958813,5.769234480931408
2022-06-19 17:00:00,29.7,79,25.6,2.0,32,224.0,9.8,234,7.928366544874485,5.760295472466238
2022-06-19 18:00:00,28.3,85,25.5,2.0,38,74.0,4.7,238,3.985826051935202,2.490620541896064
2022-06-19 19:00:00,27.7,87,25.3,0.3,35,4.0,5.4,318,3.613305274337834,-4.012982057577929
2022-06-19 20:00:00,27.2,87,24.9,0.0,34,0.0,7.2,307,5.75017567234051,-4.333068166694745
2022-06-19 21:00:00,26.9,87,24.6,0.0,32,0.0,7.4,299,6.472185832831528,-3.5875911898228963
2022-06-19 22:00:00,26.7,86,24.3,0.0,31,0.0,7.7,298,6.798696465013739,-3.614931033451356
2022-06-19 23:00:00,26.7,85,24.0,0.0,31,0.0,9.3,306,7.523858047687013,-5.466402846319999
2022-06-20 00:00:00,26.5,85,23.7,0.0,31,0.0,9.3,306,7.523858047687013,-5.466402846319999
2022-06-20 01:00:00,26.4,84,23.5,0.0,32,0.0,8.4,301,7.200205325897744,-4.326319829244455
2022-06-20 02:00:00,26.2,85,23.5,0.0,33,0.0,8.9,297,7.929958065276476,-4.040515447681965
2022-06-20 03:00:00,26.1,81,22.6,0.0,30,0.0,9.2,296,8.268905225952336,-4.033014550459511
2022-06-20 04:00:00,26.0,81,22.5,0.0,33,0.0,9.8,294,8.952745484897491,-3.986019102142838
2022-06-20 05:00:00,25.9,82,22.6,0.0,33,0.0,9.4,293,8.65274562245294,-3.672872607799171
2022-06-20 06:00:00,26.1,83,23.0,0.0,36,6.0,7.4,293,6.81173591554806,-2.891410350820624
2022-06-20 07:00:00,27.2,81,23.7,0.0,33,85.0,8.5,298,7.505054539300881,-3.990508283680069
2022-06-20 08:00:00,28.5,76,23.9,0.0,42,262.0,9.5,295,8.609923976848174,-4.014873486536646
2022-06-20 09:00:00,29.2,76,24.5,0.0,38,408.0,11.5,284,11.15840085217396,-2.7821017993961754
2022-06-20 10:00:00,29.8,74,24.8,0.2,39,517.0,11.5,274,11.47198657798798,-0.80219944805744
2022-06-20 11:00:00,30.3,74,25.1,0.4,44,651.0,12.4,262,12.279324052395472,1.7257464519048162
2022-06-20 12:00:00,30.6,75,25.6,0.1,38,628.0,13.1,249,12.22990358711334,4.694620139043439
2022-06-20 13:00:00,30.9,73,25.5,0.1,26,673.0,12.7,241,11.107670280670328,6.157082177128477
2022-06-20 14:00:00,30.1,75,25.2,2.5,32,633.0,12.6,246,11.510672766296771,5.124881702755081
2022-06-20 15:00:00,30.8,73,25.5,0.4,57,555.0,13.0,246,11.876090949353811,5.287576359985401
2022-06-20 16:00:00,30.6,75,25.6,0.2,40,431.0,10.5,239,9.000256657372177,5.407899786555571
2022-06-20 17:00:00,29.4,78,25.1,1.7,34,253.0,8.1,238,6.86918957886705,4.292346040288961
2022-06-20 18:00:00,28.7,82,25.4,0.4,36,57.0,1.1,288,1.046162167924669,-0.339918693812442
2022-06-20 19:00:00,28.3,84,25.3,0.0,38,6.0,1.5,346,0.3628828433995018,-1.4554435894139948
2022-06-20 20:00:00,27.8,87,25.3,0.0,35,0.0,0.4,180,-4.8985871965894125e-17,0.4
2022-06-20 21:00:00,27.2,89,25.3,0.0,33,0.0,1.8,270,1.8,3.306546357697853e-16
2022-06-20 22:00:00,26.9,91,25.2,0.0,32,0.0,5.7,288,5.421022142882376,-1.7613968679371992
2022-06-20 23:00:00,26.7,90,25.0,0.0,31,0.0,8.5,298,7.505054539300881,-3.990508283680069
2022-06-21 00:00:00,26.4,90,24.7,0.0,30,0.0,7.9,294,7.217009115376549,-3.213219480298818
2022-06-21 01:00:00,26.2,89,24.3,0.0,29,0.0,7.9,286,7.593967397912719,-2.1775351109542957
2022-06-21 02:00:00,26.0,89,24.1,0.0,29,0.0,8.4,280,8.272385125302549,-1.4586446924022118
2022-06-21 03:00:00,26.2,86,23.6,0.0,30,0.0,8.7,277,8.6351515192795,-1.0602632876247848
2022-06-21 04:00:00,26.2,85,23.5,0.0,30,0.0,9.0,275,8.96575228282571,-0.784401684728921
2022-06-21 05:00:00,26.3,84,23.4,0.0,30,0.0,8.7,287,8.319851376878407,-2.543633831087809
2022-06-21 06:00:00,26.3,84,23.4,0.0,37,5.0,5.6,310,4.289848881466277,-3.59961061424462
2022-06-21 07:00:00,27.2,82,24.0,0.0,44,54.0,6.4,317,4.364789504399989,-4.680663690362692
2022-06-21 08:00:00,28.5,78,24.2,0.0,43,144.0,5.9,308,4.649263446279659,-3.6324027044213856
2022-06-21 09:00:00,29.2,78,24.9,0.0,35,254.0,5.0,291,4.667902132486009,-1.791839747726502
2022-06-21 10:00:00,29.9,77,25.4,0.0,30,519.0,5.2,254,4.998560818879259,1.4333142502483942
2022-06-21 11:00:00,30.4,76,25.7,0.1,38,653.0,6.1,242,5.385980316439454,2.863776532993933
2022-06-21 12:00:00,30.8,75,25.7,0.2,36,728.0,6.9,227,5.046340541172277,4.705788684431241
2022-06-21 13:00:00,31.0,75,26.1,0.1,39,767.0,6.6,225,4.666904755831213,4.666904755831214
2022-06-21 14:00:00,30.9,76,26.3,0.0,43,589.0,6.8,238,5.766727053863696,3.603450996785794
2022-06-21 15:00:00,30.8,72,25.3,0.0,41,326.0,7.7,242,6.798696465013738,3.614931033451359
2022-06-21 16:00:00,30.6,74,25.4,0.0,32,292.0,8.0,234,6.472135954999579,4.702282018339786
2022-06-21 17:00:00,30.1,76,25.3,0.0,35,94.0,6.0,237,5.032023407672545,3.267834210090162
2022-06-21 18:00:00,29.4,79,25.4,0.4,33,44.0,1.5,104,-1.4554435894139948,0.3628828433995016
2022-06-21 19:00:00,29.0,84,26.0,0.0,32,5.0,1.8,169,-0.3434561916777809,1.7669289302057951
2022-06-21 20:00:00,28.4,86,25.8,0.0,31,0.0,4.4,261,4.345828698618606,0.6883116461770166
2022-06-21 21:00:00,27.4,90,25.6,0.0,31,0.0,8.0,262,7.922144549932562,1.1133848076805266
2022-06-21 22:00:00,27.1,91,25.5,0.0,30,0.0,8.0,275,7.969557584733964,-0.6972459419812631
2022-06-21 23:00:00,27.0,90,25.3,0.0,30,0.0,7.6,278,7.5260373224359345,-1.0577155672964975
2022-06-22 00:00:00,26.7,91,25.1,0.0,30,0.0,7.4,293,6.81173591554806,-2.891410350820624
2022-06-22 01:00:00,26.2,92,24.8,0.0,29,0.0,5.9,308,4.649263446279659,-3.6324027044213856
2022-06-22 02:00:00,26.1,91,24.5,0.0,30,0.0,5.4,318,3.613305274337834,-4.012982057577929
2022-06-22 03:00:00,26.1,93,24.9,0.0,31,0.0,5.1,321,3.2095339943541727,-3.96344440343055
2022-06-22 04:00:00,25.8,94,24.7,0.0,31,0.0,4.8,318,3.211826910522519,-3.5670951622914924
2022-06-22 05:00:00,25.8,93,24.6,0.0,31,0.0,5.4,312,4.012982057577931,-3.613305274337832
2022-06-22 06:00:00,25.8,93,24.6,0.0,14,4.0,3.1,306,2.5079526825623377,-1.8221342821066664
2022-06-22 07:00:00,27.7,88,25.5,0.0,8,68.0,3.8,319,2.493024310163928,-2.867896404846533
2022-06-22 08:00:00,29.2,82,25.9,0.0,14,283.0,3.1,315,2.192031021678298,-2.192031021678297
2022-06-22 09:00:00,30.1,77,25.7,0.0,17,484.0,3.1,291,2.8940993221413254,-1.1109406435904312
2022-06-22 10:00:00,30.8,73,25.3,0.0,20,591.0,5.2,258,5.086367523815789,1.0811407922523508
2022-06-22 11:00:00,31.1,70,25.0,0.1,25,667.0,7.1,246,6.486172749262467,2.8878301658381806
2022-06-22 12:00:00,31.3,70,25.1,0.0,29,695.0,8.9,238,7.547628055792192,4.716281451675525
2022-06-22 13:00:00,31.3,71,25.3,0.0,34,648.0,10.3,234,8.332875042061959,6.0541880986124745
2022-06-22 14:00:00,31.2,72,25.6,0.0,29,589.0,9.4,227,6.874724795220202,6.410784584587487
2022-06-22 15:00:00,31.3,71,25.3,0.0,40,423.0,8.4,220,5.39941592136693,6.434773322199416
2022-06-22 16:00:00,30.9,71,25.0,0.4,50,301.0,9.7,228,7.208504807130724,6.490566881680923
2022-06-22 17:00:00,30.4,74,25.4,0.2,50,114.0,7.0,235,5.734064310022941,4.015035054457325
2022-06-22 18:00:00,30.0,76,25.3,0.0,53,17.0,2.8,130,-2.1449244407331385,1.79980530712231
2022-06-22 19:00:00,29.4,80,25.6,0.0,44,1.0,3.1,36,-1.8221342821066668,-2.5079526825623373
2022-06-22 20:00:00,28.6,84,25.7,0.0,47,0.0,4.3,24,-1.7489675652259409,-3.928245467863184
2022-06-22 21:00:00,28.0,85,25.3,0.0,44,0.0,4.5,331,2.181643291108516,-3.9357886821272814
2022-06-22 22:00:00,27.9,85,25.2,0.0,29,0.0,6.8,295,6.162892951849218,-2.8738041798367573
2022-06-22 23:00:00,27.7,86,25.1,0.0,21,0.0,9.6,290,9.02104915954472,-3.283393375926422
2022-06-23 00:00:00,27.2,88,25.1,0.0,19,0.0,9.1,288,8.654614298285898,-2.8120546488120195
2022-06-23 01:00:00,26.9,90,25.1,0.0,24,0.0,10.8,285,10.43199892392194,-2.7952456871072195
2022-06-23 02:00:00,26.8,90,25.0,0.1,26,0.0,13.2,281,12.957478821509165,-2.5186787389703955
2022-06-23 03:00:00,27.0,86,24.5,0.0,18,0.0,12.4,278,12.279324052395474,-1.7257464519048118
2022-06-23 04:00:00,26.7,87,24.5,0.0,20,0.0,11.3,277,11.215771513546938,-1.377123580478169
2022-06-23 05:00:00,26.6,89,24.5,0.0,20,0.0,10.5,278,10.397814721786489,-1.4613175600806874
2022-06-23 06:00:00,26.8,89,24.7,0.0,11,10.0,9.1,288,8.654614298285898,-2.8120546488120195
2022-06-23 07:00:00,27.9,85,25.0,0.0,8,98.0,9.0,293,8.284543681071964,-3.5165801564034616
2022-06-23 08:00:00,29.0,79,24.9,0.0,7,262.0,7.9,286,7.593967397912719,-2.1775351109542957
2022-06-23 09:00:00,29.9,75,25.0,0.0,2,442.0,6.1,273,6.0916401620029,-0.3192493330819581
2022-06-23 10:00:00,30.5,73,25.0,0.0,4,567.0,6.3,257,6.1385314081469815,1.417191642366351
2022-06-23 11:00:00,30.8,72,25.1,0.0,8,655.0,6.8,252,6.467184310807044,2.1013155617496437
2022-06-23 12:00:00,31.3,70,25.1,0.0,22,739.0,7.4,256,7.180188374442374,1.7902220274375418
2022-06-23 13:00:00,31.3,70,25.2,0.0,28,709.0,9.3,234,7.52385804768701,5.466402846320002
2022-06-23 14:00:00,31.2,70,25.1,0.1,31,560.0,9.6,236,7.958760696528401,5.368251873319167
2022-06-23 15:00:00,31.1,71,25.2,0.1,36,370.0,11.3,243,10.068373723328556,5.13009264705688
2022-06-23 16:00:00,29.1,77,24.8,2.9,80,207.0,10.5,262,10.397814721786489,1.4613175600806911
2022-06-23 17:00:00,28.7,79,24.7,0.3,88,122.0,4.0,280,3.939231012048833,-0.6945927106677199
2022-06-23 18:00:00,28.7,79,24.6,0.0,59,36.0,3.1,324,1.8221342821066675,-2.507952682562337
2022-06-23 19:00:00,28.2,81,24.7,0.0,65,4.0,8.2,345,2.1223161698406696,-7.92059177557036
2022-06-23 20:00:00,27.7,85,24.9,0.1,49,0.0,6.2,339,2.2218812871808646,-5.78819864428265
2022-06-23 21:00:00,27.5,86,24.9,0.0,40,0.0,5.5,337,2.1490212066910064,-5.062776693988422
2022-06-23 22:00:00,27.5,85,24.7,0.0,16,0.0,5.8,338,2.172718241812292,-5.377666356487366
2022-06-23 23:00:00,27.5,84,24.6,0.0,5,0.0,6.5,341,2.1161930039715187,-6.14587074139556
2022-06-24 00:00:00,27.4,84,24.6,0.0,1,0.0,7.2,323,4.333068166694748,-5.750175672340508
2022-06-24 01:00:00,27.2,86,24.6,0.0,0,0.0,8.0,297,7.128052193506944,-3.631923997916373
2022-06-24 02:00:00,26.9,88,24.7,0.0,0,0.0,10.2,293,9.389149505214892,-3.985457510590589
2022-06-24 03:00:00,26.7,84,23.7,0.0,0,0.0,9.0,293,8.284543681071964,-3.5165801564034616
2022-06-24 04:00:00,26.5,85,23.7,0.0,4,0.0,11.0,289,10.400704331592486,-3.5812496990287195
2022-06-24 05:00:00,26.3,86,23.9,0.0,2,0.0,9.1,288,8.654614298285898,-2.8120546488120195
2022-06-24 06:00:00,26.2,88,24.1,0.0,3,12.0,3.3,276,3.281922254715302,-0.3449439287832548
2022-06-24 07:00:00,27.9,84,24.9,0.0,2,111.0,3.0,284,2.910887178827989,-0.7257656867990023
2022-06-24 08:00:00,28.9,80,25.2,0.0,8,299.0,5.1,266,5.087576656325103,0.3557580160950404
2022-06-24 09:00:00,29.6,77,25.2,0.0,16,466.0,7.2,267,7.190132650232932,0.376818884949199
2022-06-24 10:00:00,30.1,74,25.1,0.0,21,535.0,8.6,255,8.306962106085987,2.225843787881677
2022-06-24 11:00:00,30.5,73,25.1,0.0,10,599.0,10.9,243,9.71197111365321,4.9484964471610615
2022-06-24 12:00:00,30.6,72,25.1,0.0,25,529.0,12.5,237,10.483382099317804,6.807987937687837
2022-06-24 13:00:00,30.7,73,25.2,0.1,24,435.0,12.0,249,11.20296511796642,4.3004153945436085
2022-06-24 14:00:00,29.9,76,25.1,0.3,45,311.0,12.1,260,11.916173811447717,2.101142949769857
2022-06-24 15:00:00,29.6,76,24.9,0.3,48,188.0,12.1,233,9.663489671572243,7.281961780139784
2022-06-24 16:00:00,29.2,78,25.0,0.4,56,118.0,15.9,242,14.03886672645694,7.464597848295663
2022-06-24 17:00:00,27.8,83,24.5,1.1,77,44.0,11.5,266,11.47198657798798,0.8021994480574441
2022-06-24 18:00:00,27.2,86,24.7,0.7,77,5.0,3.8,319,2.493024310163928,-2.867896404846533
2022-06-24 19:00:00,27.0,88,24.8,0.1,61,0.0,3.4,288,3.2335921554035223,-1.0506577808748203
2022-06-24 20:00:00,26.9,87,24.6,0.0,63,0.0,7.9,254,7.593967397912721,2.1775351109542918
2022-06-24 21:00:00,26.8,88,24.7,0.0,48,0.0,8.8,258,8.60769888645749,1.8296228791962863
2022-06-24 22:00:00,26.9,88,24.7,0.0,43,0.0,8.3,270,8.3,1.5246852649384548e-15
2022-06-24 23:00:00,26.8,88,24.7,0.0,34,0.0,9.0,270,9.0,1.6532731788489269e-15
2022-06-25 00:00:00,26.6,89,24.6,0.0,31,0.0,10.2,278,10.100734301164016,-1.4195656297926678
2022-06-25 01:00:00,26.5,89,24.6,0.0,34,0.0,11.2,268,11.193177262613872,0.3908743630680085
2022-06-25 02:00:00,26.2,91,24.6,0.0,30,0.0,12.7,262,12.57640447301794,1.7674983821928358
2022-06-25 03:00:00,26.8,89,24.9,0.0,35,0.0,13.7,267,13.68122462613766,0.717002600528337
2022-06-25 04:00:00,26.8,89,24.8,0.0,35,0.0,14.0,271,13.997867732189478,-0.2443336901219638
2022-06-25 05:00:00,26.8,88,24.7,0.0,32,0.0,13.0,272,12.992080751248244,-0.4536934571325166
2022-06-25 06:00:00,27.0,88,24.8,0.0,35,4.0,13.7,270,13.7,2.5166491722478104e-15
2022-06-25 07:00:00,27.7,86,25.2,0.0,34,43.0,13.8,277,13.697136892650244,-1.681796938991038
2022-06-25 08:00:00,28.7,82,25.2,0.0,34,115.0,13.7,275,13.647867363856914,-1.194033675642913
2022-06-25 09:00:00,29.3,78,25.1,0.0,38,228.0,15.9,265,15.839495699658755,1.3857763096877662
2022-06-25 10:00:00,29.8,75,25.0,0.1,42,343.0,19.6,253,18.743573216875493,5.730485412565647
2022-06-25 11:00:00,29.5,78,25.2,0.3,39,418.0,21.9,243,19.51304287972525,9.942391944296077
2022-06-25 12:00:00,28.4,82,25.0,2.4,39,445.0,20.5,239,17.5719296643933,10.558280535656117
2022-06-25 13:00:00,27.6,85,24.9,6.8,81,212.0,17.2,250,16.162713077517623,5.882746465201499
2022-06-25 14:00:00,27.5,87,25.0,0.6,100,26.0,15.4,249,14.377138568056903,5.518866422997631
2022-06-25 15:00:00,29.1,82,25.8,0.2,100,240.0,13.4,265,13.34900895442939,1.1678869528186206
2022-06-25 16:00:00,28.4,81,24.9,0.8,89,106.0,13.6,259,13.35012969488823,2.5950023371210067
2022-06-25 17:00:00,27.8,85,25.1,0.3,60,43.0,15.5,258,15.161287811373986,3.2226312076752768
2022-06-25 18:00:00,27.5,87,25.1,0.0,44,10.0,13.1,254,12.592528216791978,3.6108493612026855
2022-06-25 19:00:00,27.2,88,25.1,0.0,44,4.0,9.2,296,8.268905225952336,-4.033014550459511
2022-06-25 20:00:00,27.0,89,25.1,0.0,34,0.0,8.6,292,7.973781149274371,-3.2216167033768426
2022-06-25 21:00:00,27.0,89,25.0,0.0,32,0.0,8.7,275,8.666893873398186,-0.7582549619046236
2022-06-25 22:00:00,27.0,89,25.0,0.0,30,0.0,10.1,268,10.093847352892867,0.3524849166952576
2022-06-25 23:00:00,26.7,90,24.9,0.0,28,0.0,11.3,263,11.21577151354694,1.3771235804781632
2022-06-26 00:00:00,26.6,90,24.9,0.0,30,0.0,13.3,272,13.291897999353974,-0.464163306143267
2022-06-26 01:00:00,26.6,90,24.8,0.0,29,0.0,14.0,269,13.997867732189478,0.2443336901219689
2022-06-26 02:00:00,26.5,91,24.8,0.0,23,0.0,12.0,261,11.852260087141651,1.8772135804827723
2022-06-26 03:00:00,26.6,91,25.0,0.0,26,0.0,10.2,260,10.04503908072452,1.7712114122026892
2022-06-26 04:00:00,26.3,93,25.1,0.0,48,0.0,8.3,268,8.294943864258496,0.2896658226307563
2022-06-26 05:00:00,25.8,95,25.0,0.0,42,0.0,3.3,276,3.281922254715302,-0.3449439287832548
2022-06-26 06:00:00,25.7,95,24.8,0.0,41,7.0,4.0,350,0.6945927106677215,-3.939231012048832
2022-06-26 07:00:00,27.1,89,25.2,0.0,32,76.0,4.5,346,1.0886485301985054,-4.366330768241984
2022-06-26 08:00:00,28.3,84,25.2,0.0,36,229.0,3.3,6,-0.3449439287832564,-3.281922254715301
2022-06-26 09:00:00,28.7,83,25.4,0.2,31,261.0,1.4,90,-1.4,-8.572527594031472e-17
2022-06-26 10:00:00,28.6,85,25.8,0.5,39,281.0,2.9,173,-0.3534210958749278,2.8783838397598336
2022-06-26 11:00:00,29.3,81,25.6,0.4,41,426.0,5.3,208,2.4881992827652213,4.679622242152313
2022-06-26 12:00:00,29.7,80,25.9,0.4,41,495.0,7.3,213,3.9758649556096977,6.122295146001595
2022-06-26 13:00:00,29.8,80,25.9,0.3,41,480.0,8.6,213,4.683895701129233,7.212566884330647
2022-06-26 14:00:00,29.8,78,25.6,0.1,45,375.0,6.2,216,3.644268564213333,5.0159053651246746
2022-06-26 15:00:00,30.6,72,25.1,0.1,45,452.0,5.5,238,4.664264528860342,2.9145559532826275
2022-06-26 16:00:00,29.8,77,25.2,0.4,48,334.0,6.7,216,3.9381611903595695,5.420413862312148
2022-06-26 17:00:00,29.3,79,25.4,0.3,62,142.0,6.4,207,2.9055391983330985,5.702441754805555
2022-06-26 18:00:00,28.3,82,24.9,0.6,53,70.0,1.1,288,1.046162167924669,-0.339918693812442
2022-06-26 19:00:00,27.3,85,24.7,0.2,48,4.0,3.3,6,-0.3449439287832564,-3.281922254715301
2022-06-26 20:00:00,27.0,88,24.7,0.0,62,0.0,4.7,351,0.7352419856890862,-4.642135200797148
2022-06-26 21:00:00,26.8,88,24.7,0.0,46,0.0,5.6,345,1.4493866525741157,-5.409184627218783
2022-06-26 22:00:00,26.6,89,24.6,0.0,41,0.0,6.4,313,4.680663690362691,-4.364789504399991
2022-06-26 23:00:00,26.6,89,24.6,0.0,34,0.0,5.8,274,5.785871491506981,-0.4045875477159262
2022-06-27 00:00:00,27.1,85,24.4,0.0,48,0.0,5.1,266,5.087576656325103,0.3557580160950404
2022-06-27 01:00:00,27.0,85,24.3,0.0,45,0.0,4.2,301,3.600102662948872,-2.163159914622228
2022-06-27 02:00:00,25.9,90,24.2,0.0,45,0.0,3.1,315,2.192031021678298,-2.192031021678297
2022-06-27 03:00:00,26.6,88,24.4,0.0,39,0.0,1.9,292,1.761649323676896,-0.7117525274902327
2022-06-27 04:00:00,26.3,89,24.3,0.0,36,0.0,2.4,333,1.0895771993749126,-2.138415658052083
2022-06-27 05:00:00,25.3,93,24.2,0.0,35,0.0,3.2,360,7.837739514543061e-16,-3.2
2022-06-27 06:00:00,25.8,92,24.4,0.0,28,5.0,6.4,43,-4.36478950439999,-4.680663690362692
2022-06-27 07:00:00,27.2,87,24.8,0.0,27,55.0,7.7,41,-5.051654523226906,-5.811263767715345
2022-06-27 08:00:00,28.5,81,24.8,0.0,30,195.0,6.8,58,-5.766727053863697,-3.603450996785793
2022-06-27 09:00:00,29.4,78,25.2,0.0,33,404.0,8.3,88,-8.294943864258496,-0.289665822630759
2022-06-27 10:00:00,30.1,76,25.3,0.0,30,569.0,9.7,90,-9.7,-5.939536975864663e-16
2022-06-27 11:00:00,30.4,74,25.2,0.1,54,521.0,10.1,94,-10.075396907624224,0.7045403848156658
2022-06-27 12:00:00,30.2,75,25.2,0.1,48,496.0,9.7,92,-9.694091022085228,0.3385251180142592
2022-06-27 13:00:00,30.1,75,25.1,0.2,52,508.0,9.1,99,-8.987963899415753,1.4235536318661004
2022-06-27 14:00:00,30.1,75,25.1,0.0,49,299.0,8.5,102,-8.314254606237348,1.7672493719509543
2022-06-27 15:00:00,30.1,74,24.9,0.0,54,218.0,8.4,100,-8.272385125302547,1.4586446924022145
2022-06-27 16:00:00,29.7,76,24.9,0.1,52,142.0,5.9,79,-5.791600382341218,-1.125773072721615
2022-06-27 17:00:00,29.1,78,25.0,0.1,51,48.0,5.4,90,-5.4,-3.306546357697853e-16
2022-06-27 18:00:00,28.7,80,25.0,0.0,47,20.0,6.2,80,-6.10580806867569,-1.0766187015349686
2022-06-27 19:00:00,28.2,83,25.0,0.0,45,4.0,7.4,51,-5.750880114781585,-4.656970893768798
2022-06-27 20:00:00,27.8,85,25.0,0.0,41,0.0,5.9,43,-4.023790324368742,-4.314986839553106
2022-06-27 21:00:00,27.6,86,25.0,0.0,49,0.0,4.6,45,-3.2526911934581184,-3.2526911934581184
2022-06-27 22:00:00,27.4,87,25.0,0.0,41,0.0,2.0,45,-1.4142135623730951,-1.4142135623730951
2022-06-27 23:00:00,27.0,88,24.9,0.0,35,0.0,4.1,52,-3.23084408978756,-2.524212048835199
2022-06-28 00:00:00,26.8,88,24.7,0.0,36,0.0,4.2,31,-2.163159914622228,-3.600102662948872
2022-06-28 01:00:00,26.7,89,24.7,0.0,34,0.0,2.9,330,1.4500000000000013,-2.5114736709748717
2022-06-28 02:00:00,26.1,92,24.7,0.0,33,0.0,6.8,288,6.467184310807045,-2.101315561749641
2022-06-28 03:00:00,25.9,93,24.7,0.0,40,0.0,7.0,305,5.734064310022943,-4.015035054457322
2022-06-28 04:00:00,25.5,95,24.6,0.0,34,0.0,2.3,342,0.7107390870623796,-2.1874299874788528
2022-06-28 05:00:00,25.2,96,24.5,0.0,32,0.0,3.4,58,-2.8833635269318485,-1.8017254983928963
2022-06-28 06:00:00,25.8,94,24.7,0.0,32,6.0,6.2,83,-6.153786140176196,-0.7555899291119145
2022-06-28 07:00:00,27.0,90,25.3,0.0,32,62.0,5.2,56,-4.3109953772862175,-2.9078030980478835
2022-06-28 08:00:00,28.5,84,25.6,0.0,31,218.0,5.6,63,-4.989636535454859,-2.542346798541462
2022-06-28 09:00:00,29.3,80,25.5,0.0,32,364.0,7.2,87,-7.190132650232932,-0.3768188849491966
2022-06-28 10:00:00,30.0,76,25.4,0.0,28,543.0,8.4,97,-8.337387673787106,1.023702484603238
2022-06-28 11:00:00,30.6,74,25.4,0.0,36,667.0,9.4,108,-8.939931253174445,2.904759747124505
2022-06-28 12:00:00,30.7,72,25.1,0.0,39,561.0,9.3,106,-8.939733772226367,2.5634274090980917
2022-06-28 13:00:00,30.6,74,25.4,0.1,47,463.0,8.0,95,-7.969557584733964,0.6972459419812659
2022-06-28 14:00:00,30.2,75,25.3,0.3,68,358.0,7.8,103,-7.600086505324834,1.7546182238821473
2022-06-28 15:00:00,29.9,77,25.4,0.2,55,255.0,7.3,110,-6.859756131737131,2.496747046277381
2022-06-28 16:00:00,29.8,78,25.4,0.1,52,108.0,5.8,97,-5.756767679519668,0.7068421917498547
2022-06-28 17:00:00,28.9,81,25.3,1.1,61,17.0,4.6,45,-3.2526911934581184,-3.2526911934581184
2022-06-28 18:00:00,28.3,83,25.2,1.0,62,16.0,5.4,53,-4.312631754255381,-3.2498011250210617
2022-06-28 19:00:00,28.1,84,25.1,0.0,55,3.0,6.9,47,-5.046340541172277,-4.70578868443124
2022-06-28 20:00:00,27.8,87,25.4,0.0,47,0.0,5.9,43,-4.023790324368742,-4.314986839553106
2022-06-28 21:00:00,27.3,89,25.3,0.6,64,0.0,4.3,318,2.87726160734309,-3.195522749552795
2022-06-28 22:00:00,27.0,91,25.4,0.8,65,0.0,5.1,278,5.050367150582009,-0.7097828148963339
2022-06-28 23:00:00,26.8,91,25.2,0.0,57,0.0,3.3,264,3.281922254715302,0.3449439287832561
2022-06-29 00:00:00,26.5,93,25.2,0.0,37,0.0,3.5,246,3.1974091017491038,1.4235782507653003
2022-06-29 01:00:00,26.5,92,25.1,0.0,35,0.0,7.5,215,4.301823272632846,6.143640332167439
2022-06-29 02:00:00,26.2,93,24.9,0.0,34,0.0,8.7,232,6.8556935563784815,5.356254835333225
2022-06-29 03:00:00,26.6,91,24.9,0.0,32,0.0,8.2,241,7.171881598543045,3.975438886019962
2022-06-29 04:00:00,26.6,91,25.0,0.0,35,0.0,4.1,232,3.2308440897875603,2.524212048835198
2022-06-29 05:00:00,26.5,91,25.0,0.0,35,0.0,2.1,329,1.0815799573111144,-1.8000513314744355
2022-06-29 06:00:00,26.6,91,25.1,0.0,45,1.0,6.0,25,-2.5357095704441965,-5.437846722219899
2022-06-29 07:00:00,27.7,86,25.2,0.0,57,22.0,7.0,35,-4.015035054457322,-5.734064310022943
2022-06-29 08:00:00,28.1,84,25.1,0.0,62,49.0,7.4,39,-4.656970893768797,-5.750880114781585
2022-06-29 09:00:00,28.7,80,25.0,0.1,64,222.0,5.4,37,-3.2498011250210608,-4.312631754255381
2022-06-29 10:00:00,29.2,78,25.0,0.1,64,227.0,4.1,52,-3.23084408978756,-2.524212048835199
2022-06-29 11:00:00,29.2,78,25.0,0.1,74,200.0,4.0,80,-3.939231012048832,-0.6945927106677217
2022-06-29 12:00:00,29.3,80,25.4,0.4,38,344.0,4.2,59,-3.600102662948872,-2.163159914622228
2022-06-29 13:00:00,29.1,81,25.5,0.5,48,151.0,4.0,90,-4.0,-2.4492935982947064e-16
2022-06-29 14:00:00,28.7,82,25.3,0.9,41,105.0,5.7,108,-5.421022142882376,1.7613968679372
2022-06-29 15:00:00,28.9,82,25.5,0.7,55,145.0,2.7,67,-2.485363104321589,-1.0549740469210391
2022-06-29 16:00:00,28.5,84,25.4,2.1,100,69.0,1.3,304,1.0777488443215542,-0.7269507745119711
2022-06-29 17:00:00,27.7,86,25.2,2.2,83,4.0,3.2,153,-1.45276959916655,2.851220877402777
2022-06-29 18:00:00,27.1,90,25.3,1.8,53,0.0,6.2,111,-5.788198644282651,2.221881287180861
2022-06-29 19:00:00,26.5,93,25.2,1.5,54,0.0,9.9,57,-8.302838622659698,-5.391926446648768
2022-06-29 20:00:00,26.3,92,24.9,0.3,43,0.0,10.8,64,-9.706975700031006,-4.734408385322037
2022-06-29 21:00:00,26.1,91,24.5,0.0,45,0.0,9.4,67,-8.65274562245294,-3.672872607799173
2022-06-29 22:00:00,26.0,91,24.4,0.0,36,0.0,9.7,59,-8.31452281681049,-4.995869326627525
2022-06-29 23:00:00,26.0,91,24.4,0.0,38,0.0,9.6,56,-7.9587606965284,-5.368251873319169
2022-06-30 00:00:00,26.0,91,24.5,0.0,32,0.0,8.4,59,-7.200205325897744,-4.326319829244455
2022-06-30 01:00:00,26.0,91,24.5,0.0,33,0.0,7.6,71,-7.185941174554807,-2.474317973874391
2022-06-30 02:00:00,25.9,92,24.5,0.0,36,0.0,5.8,86,-5.78587149150698,-0.4045875477159263
2022-06-30 03:00:00,26.2,91,24.7,0.0,43,0.0,4.5,76,-4.366330768241984,-1.0886485301985045
2022-06-30 04:00:00,26.0,93,24.8,0.1,47,0.0,3.3,49,-2.490541614735148,-2.1649947956686737
2022-06-30 05:00:00,25.9,93,24.7,0.0,33,0.0,2.3,51,-1.7874357113510329,-1.447436899414626
2022-06-30 06:00:00,26.5,89,24.4,0.0,32,2.0,1.3,124,-1.0777488443215544,0.7269507745119708
2022-06-30 07:00:00,27.3,89,25.4,0.0,33,40.0,1.8,180,-2.2043642384652358e-16,1.8
2022-06-30 08:00:00,28.1,84,25.2,0.0,32,161.0,1.8,79,-1.7669289302057951,-0.3434561916777808
2022-06-30 09:00:00,28.8,80,25.0,0.0,38,320.0,1.8,53,-1.437543918085127,-1.0832670416736871
2022-06-30 10:00:00,29.3,78,25.1,0.0,43,332.0,2.1,211,1.0815799573111138,1.800051331474436
2022-06-30 11:00:00,29.9,76,25.1,0.0,41,470.0,5.8,176,-0.404587547715928,5.78587149150698
2022-06-30 12:00:00,30.1,75,25.2,0.1,51,445.0,8.9,140,-5.720809726210201,6.817795543758904
2022-06-30 13:00:00,29.9,76,25.3,0.2,55,402.0,8.2,113,-7.548139798310009,3.203995253612045
2022-06-30 14:00:00,29.9,76,25.2,0.1,47,409.0,4.3,95,-4.283637201794505,0.3747696938149304
2022-06-30 15:00:00,30.3,75,25.4,0.0,40,227.0,6.3,121,-5.400153994423308,3.2447398719333416
2022-06-30 16:00:00,30.4,75,25.5,0.0,37,202.0,6.7,144,-3.938161190359571,5.420413862312147
2022-06-30 17:00:00,30.1,76,25.5,0.0,59,166.0,4.6,129,-3.5748714227020666,2.894873798829251
2022-06-30 18:00:00,29.7,78,25.5,0.0,49,57.0,6.0,115,-5.4378467222199,2.535709570444196
2022-06-30 19:00:00,28.6,83,25.4,0.3,58,6.0,2.3,51,-1.7874357113510329,-1.447436899414626
2022-06-30 20:00:00,27.6,91,26.0,0.5,64,0.0,2.2,360,5.388445916248355e-16,-2.2
2022-06-30 21:00:00,27.5,91,25.9,0.0,65,0.0,2.7,23,-1.0549740469210394,-2.485363104321589
2022-06-30 22:00:00,27.2,93,25.9,0.0,64,0.0,3.4,32,-1.8017254983928963,-2.883363526931848
2022-06-30 23:00:00,26.9,94,25.9,0.0,73,0.0,4.7,360,1.1511679911985121e-15,-4.7
2022-07-01 00:00:00,27.4,90,25.7,0.1,85,0.0,5.2,335,2.197614961051636,-4.71280049259058
2022-07-01 01:00:00,26.2,96,25.5,0.3,80,0.0,6.0,295,5.4378467222198985,-2.535709570444197
2022-07-01 02:00:00,26.5,94,25.5,0.1,67,0.0,6.5,276,6.464392319893777,-0.6794350112397444
2022-07-01 03:00:00,26.8,94,25.7,0.0,53,0.0,6.5,270,6.5,1.1940306291686693e-15
2022-07-01 04:00:00,27.7,90,25.8,0.0,52,0.0,1.8,349,0.3434561916777804,-1.7669289302057951
2022-07-01 05:00:00,27.5,91,25.8,0.0,35,0.0,0.8,63,-0.7128052193506943,-0.3631923997916375
2022-07-01 06:00:00,26.8,93,25.7,0.0,38,3.0,1.1,288,1.046162167924669,-0.339918693812442
2022-07-01 07:00:00,28.2,89,26.3,0.0,35,38.0,3.5,246,3.1974091017491038,1.4235782507653003
2022-07-01 08:00:00,29.0,84,26.1,0.0,47,164.0,5.0,240,4.330127018922193,2.500000000000002
2022-07-01 09:00:00,29.7,80,25.9,0.0,58,291.0,6.9,231,5.362307134053097,4.342310698243882
2022-07-01 10:00:00,30.1,78,25.9,0.0,84,287.0,7.2,217,4.333068166694749,5.750175672340508
2022-07-01 11:00:00,30.4,77,26.0,0.1,86,345.0,8.2,218,5.048424097670397,6.46168817957512
2022-07-01 12:00:00,30.4,79,26.2,0.1,82,396.0,7.4,219,4.656970893768799,5.750880114781584
2022-07-01 13:00:00,30.0,77,25.6,2.7,98,233.0,7.6,205,3.2118987892293145,6.88793918147854
2022-07-01 14:00:00,29.1,82,25.7,2.0,100,145.0,5.0,210,2.5000000000000004,4.330127018922193
2022-07-01 15:00:00,30.1,75,25.1,0.2,100,117.0,5.4,228,4.01298205757793,3.613305274337834
2022-07-01 16:00:00,29.2,77,24.7,1.5,98,77.0,7.5,235,6.143640332167437,4.301823272632848
2022-07-01 17:00:00,29.0,77,24.6,0.6,93,96.0,7.1,255,6.858073366652385,1.8376152202278964
2022-07-01 18:00:00,28.7,77,24.3,0.0,89,32.0,5.8,263,5.756767679519668,0.7068421917498535
2022-07-01 19:00:00,28.1,79,24.2,0.2,93,1.0,10.9,261,10.765802912487,1.7051356689385184
2022-07-01 20:00:00,27.7,81,24.2,0.5,98,0.0,13.3,268,13.291897999353974,0.4641633061432601
2022-07-01 21:00:00,27.2,83,24.0,0.1,94,0.0,11.3,263,11.21577151354694,1.3771235804781632
2022-07-01 22:00:00,27.0,84,24.1,0.4,94,0.0,8.6,255,8.306962106085987,2.225843787881677
2022-07-01 23:00:00,26.5,88,24.3,1.1,88,0.0,9.5,245,8.609923976848176,4.014873486536642
2022-07-02 00:00:00,26.4,87,24.1,1.2,90,0.0,8.1,257,7.892397524760404,1.8221035401853083
2022-07-02 01:00:00,26.4,86,23.9,1.3,90,0.0,7.0,291,6.535062985480412,-2.5085756468171025
2022-07-02 02:00:00,26.4,86,23.9,1.2,94,0.0,6.5,267,6.49109197590473,0.340183715579138
2022-07-02 03:00:00,25.8,84,22.9,1.9,93,0.0,8.0,306,6.4721359549995805,-4.702282018339783
2022-07-02 04:00:00,25.8,84,22.8,1.0,84,0.0,8.4,313,6.143371093601031,-5.728786224524988
2022-07-02 05:00:00,26.0,81,22.4,0.1,50,0.0,8.5,324,4.996174644486024,-6.876644452187052
2022-07-02 06:00:00,26.5,79,22.5,0.0,50,1.0,7.6,335,3.211898789229314,-6.88793918147854
2022-07-02 07:00:00,27.1,78,23.0,0.0,56,38.0,7.1,315,5.020458146424488,-5.0204581464244855
2022-07-02 08:00:00,28.1,76,23.5,0.0,60,144.0,7.8,304,6.466493065929325,-4.361704647071827
2022-07-02 09:00:00,28.7,76,24.1,0.0,60,291.0,9.7,285,9.369480515003962,-2.5105447374944467
2022-07-02 10:00:00,28.9,78,24.6,0.2,42,367.0,10.5,266,10.474422527728152,0.7324429743133186
2022-07-02 11:00:00,28.4,80,24.5,1.8,49,302.0,12.7,245,11.510108895365455,5.36725192410688
2022-07-02 12:00:00,27.6,82,24.3,6.8,59,191.0,13.4,246,12.241509132410853,5.450271017215721
2022-07-02 13:00:00,27.3,85,24.6,3.4,100,46.0,10.2,262,10.100734301164016,1.419565629792671
2022-07-02 14:00:00,27.0,89,24.9,2.3,90,10.0,9.3,257,9.061641602502688,2.092044805397947
2022-07-02 15:00:00,28.2,82,24.8,0.2,84,94.0,10.5,254,10.09324780735235,2.894192236078488
2022-07-02 16:00:00,28.1,81,24.5,0.5,90,60.0,10.5,264,10.442479901366871,1.0975488643103604
2022-07-02 17:00:00,28.0,83,24.9,0.1,91,33.0,11.3,277,11.215771513546938,-1.377123580478169
2022-07-02 18:00:00,27.5,85,24.8,0.4,100,21.0,6.5,264,6.464392319893777,0.6794350112397468
2022-07-02 19:00:00,27.1,87,24.8,0.2,92,4.0,6.6,257,6.430842427582552,1.4846769586695103
2022-07-02 20:00:00,26.8,88,24.5,0.1,91,0.0,7.7,281,7.558529312547012,-1.4692292643993974
2022-07-02 21:00:00,26.4,90,24.6,0.2,89,0.0,8.4,301,7.200205325897744,-4.326319829244455
2022-07-02 22:00:00,26.0,92,24.6,0.4,83,0.0,7.3,303,6.122295146001597,-3.975864955609695
2022-07-02 23:00:00,25.7,93,24.5,1.0,59,0.0,7.7,307,6.149493427364157,-4.633975678270769
2022-07-03 00:00:00,25.6,93,24.3,0.6,56,0.0,8.4,301,7.200205325897744,-4.326319829244455
2022-07-03 01:00:00,25.7,90,24.0,0.1,41,0.0,11.1,299,9.708278749247292,-5.381386784734343
2022-07-03 02:00:00,25.9,88,23.8,0.0,52,0.0,11.6,300,10.045894683899489,-5.800000000000001
2022-07-03 03:00:00,26.2,88,24.0,0.0,54,0.0,11.1,295,10.060016436106812,-4.691062705321765
2022-07-03 04:00:00,26.0,89,24.0,0.0,59,0.0,10.8,291,10.08266860616978,-3.870373855089244
2022-07-03 05:00:00,25.8,90,24.0,0.1,58,0.0,10.5,286,10.093247807352348,-2.894192236078493
2022-07-03 06:00:00,26.0,90,24.2,0.1,62,1.0,7.6,275,7.571079705497266,-0.6623836448821999
2022-07-03 07:00:00,26.6,89,24.6,0.0,83,33.0,10.2,293,9.389149505214892,-3.985457510590589
2022-07-03 08:00:00,27.5,84,24.5,0.1,71,90.0,11.1,295,10.060016436106812,-4.691062705321765
2022-07-03 09:00:00,28.1,81,24.6,0.1,80,179.0,12.1,287,11.571287547152728,-3.537697627145114
2022-07-03 10:00:00,28.8,80,24.9,0.1,93,247.0,12.8,286,12.30414970801048,-3.5281581544575924
2022-07-03 11:00:00,29.3,78,25.1,0.2,65,350.0,10.9,279,10.765802912487002,-1.7051356689385144
2022-07-03 12:00:00,29.5,78,25.3,0.2,51,271.0,10.2,280,10.045039080724523,-1.7712114122026856
2022-07-03 13:00:00,29.5,78,25.2,0.1,50,219.0,10.4,284,10.091075553270365,-2.515987714236541
2022-07-03 14:00:00,28.5,81,24.9,2.6,52,132.0,11.7,279,11.555953584963111,-1.8302832409706988
2022-07-03 15:00:00,29.7,76,25.1,0.1,54,205.0,11.9,272,11.89275084152724,-0.4153040107597652
2022-07-03 16:00:00,29.5,77,25.0,0.3,50,200.0,11.6,275,11.555858497864248,-1.0110066158728317
2022-07-03 17:00:00,28.8,81,25.2,0.1,66,90.0,13.1,262,12.97251170051457,1.8231676225768625
2022-07-03 18:00:00,28.2,84,25.3,0.1,78,22.0,10.3,258,10.074920287558198,2.141490415422926
2022-07-03 19:00:00,27.7,87,25.2,0.0,46,4.0,10.5,278,10.397814721786489,-1.4613175600806874
2022-07-03 20:00:00,27.3,88,25.2,0.0,46,0.0,9.9,289,9.36063389843324,-3.223124729125848
2022-07-03 21:00:00,26.8,90,25.1,0.0,40,0.0,10.5,297,9.355568503977864,-4.76690024726524
2022-07-03 22:00:00,26.6,91,24.9,0.1,48,0.0,13.1,286,12.592528216791976,-3.610849361202692
2022-07-03 23:00:00,26.4,90,24.6,0.1,58,0.0,14.6,279,14.420249772689012,-2.283943189587368
2022-07-04 00:00:00,26.4,89,24.4,0.0,48,0.0,14.7,281,14.42991959668066,-2.804892232035213
2022-07-04 01:00:00,26.2,89,24.2,0.0,46,0.0,13.8,285,13.329776402789143,-3.5717028224147804
2022-07-04 02:00:00,26.1,88,24.0,0.0,50,0.0,14.7,287,14.05767991265662,-4.29786405942423
2022-07-04 03:00:00,26.8,85,24.1,0.0,57,0.0,14.2,291,13.256842056260265,-5.088824883543265
2022-07-04 04:00:00,26.6,85,23.9,0.0,56,0.0,14.3,295,12.960201354624092,-6.0434411428920045
2022-07-04 05:00:00,26.5,84,23.6,0.0,54,0.0,13.5,295,12.235155124994773,-5.705346533499445
2022-07-04 06:00:00,26.6,84,23.6,0.1,46,5.0,12.0,286,11.535140351259823,-3.307648269803993
2022-07-04 07:00:00,27.4,82,24.0,0.1,46,74.0,13.6,281,13.350129694888228,-2.5950023371210134
2022-07-04 08:00:00,28.2,79,24.2,0.1,32,213.0,14.5,289,13.710019346190096,-4.720738239628767
2022-07-04 09:00:00,28.8,78,24.5,0.1,35,261.0,17.4,288,16.548383383535672,-5.376895702124082
2022-07-04 10:00:00,29.3,77,25.0,0.1,57,450.0,18.1,276,18.00084630616575,-1.8919651851445192
2022-07-04 11:00:00,29.8,77,25.4,0.1,35,465.0,16.9,271,16.89742604814301,-0.2949456687900849
2022-07-04 12:00:00,30.1,76,25.5,0.1,39,431.0,16.9,271,16.89742604814301,-0.2949456687900849
2022-07-04 13:00:00,29.3,77,24.9,2.8,49,457.0,17.2,260,16.938693351809977,2.9867486558712018
2022-07-04 14:00:00,28.3,81,24.7,2.8,49,265.0,16.2,257,15.784795049520808,3.644207080370617
2022-07-04 15:00:00,28.5,83,25.3,4.2,47,196.0,15.9,257,15.492484030085238,3.576721764067458
2022-07-04 16:00:00,27.9,86,25.3,2.2,92,56.0,14.8,284,14.36037674888475,-3.580444054875078
2022-07-04 17:00:00,27.6,87,25.3,1.1,85,67.0,14.3,288,13.600108183020698,-4.418943019561746
2022-07-04 18:00:00,27.2,89,25.1,0.9,99,21.0,13.1,278,12.972511700514572,-1.8231676225768576
2022-07-04 19:00:00,26.7,89,24.8,1.5,77,0.0,13.1,291,12.229903587113345,-4.694620139043435
2022-07-04 20:00:00,26.5,89,24.4,1.0,74,0.0,12.0,291,11.20296511796642,-4.300415394543604
2022-07-04 21:00:00,26.4,86,23.9,0.3,69,0.0,11.2,291,10.45610077676866,-4.013721034907364
2022-07-04 22:00:00,26.4,85,23.7,0.3,74,0.0,11.4,294,10.414418217125652,-4.636797731064117
2022-07-04 23:00:00,26.4,85,23.7,0.3,68,0.0,11.3,292,10.4771775566047,-4.233054505599806
2022-07-05 00:00:00,26.3,85,23.6,0.3,62,0.0,13.0,294,11.876090949353816,-5.287576359985397
2022-07-05 01:00:00,26.2,86,23.8,0.2,59,0.0,12.6,294,11.510672766296771,-5.124881702755077
2022-07-05 02:00:00,26.1,88,23.9,0.3,35,0.0,13.8,285,13.329776402789143,-3.5717028224147804
2022-07-05 03:00:00,25.9,88,23.8,0.3,49,0.0,14.8,276,14.718924051450449,-1.5470212563612642
2022-07-05 04:00:00,25.6,91,24.1,0.4,57,0.0,16.0,278,15.844289099865126,-2.2267696153610474
2022-07-05 05:00:00,25.6,93,24.3,0.6,47,0.0,14.9,278,14.7549942242494,-2.0736792043049754
2022-07-05 06:00:00,25.4,93,24.3,0.8,64,2.0,12.4,287,11.85817897394164,-3.625409138561935
2022-07-05 07:00:00,25.8,92,24.3,0.4,53,4.0,13.5,295,12.235155124994773,-5.705346533499445
2022-07-05 08:00:00,26.7,88,24.5,0.2,39,88.0,14.1,289,13.331811915950368,-4.590510977845904
2022-07-05 09:00:00,27.6,83,24.4,0.2,49,157.0,15.6,285,15.068442890109466,-4.037577103599316
2022-07-05 10:00:00,27.9,83,24.7,0.4,61,198.0,17.2,280,16.93869335180998,-2.9867486558711955
2022-07-05 11:00:00,28.3,83,25.0,0.6,65,192.0,17.8,278,17.626771623599954,-2.477281197089165
2022-07-05 12:00:00,28.5,81,24.9,0.3,71,112.0,17.3,274,17.25785806949496,-1.2067869957733663
2022-07-05 13:00:00,27.3,85,24.5,3.6,71,70.0,16.6,272,16.58988772851699,-0.5793316452615214
2022-07-05 14:00:00,27.8,83,24.6,1.1,71,188.0,16.6,275,16.536831988322977,-1.446785329611121
2022-07-05 15:00:00,28.1,82,24.8,1.2,83,89.0,15.9,276,15.812898136355548,-1.6620025659556823
2022-07-05 16:00:00,28.0,83,24.9,0.3,72,116.0,18.3,285,17.676442621089954,-4.736388525376122
2022-07-05 17:00:00,27.9,83,24.7,0.1,45,89.0,17.0,291,15.870867250452427,-6.092255142270107
2022-07-05 18:00:00,27.7,82,24.4,0.0,51,37.0,13.4,294,12.241509132410854,-5.450271017215717
2022-07-05 19:00:00,27.4,81,23.9,0.0,46,4.0,14.8,304,12.269756073814616,-8.276054971367056
2022-07-05 20:00:00,27.2,80,23.5,0.0,35,0.0,14.2,300,12.297560733739028,-7.100000000000001
2022-07-05 21:00:00,27.1,80,23.3,0.0,37,0.0,13.5,286,12.977032895167303,-3.721104303529492
2022-07-05 22:00:00,26.9,81,23.4,0.0,35,0.0,14.1,289,13.331811915950368,-4.590510977845904
2022-07-05 23:00:00,26.6,84,23.6,0.1,34,0.0,14.6,290,13.71951226347426,-4.993494092554768
2022-07-06 00:00:00,26.5,84,23.6,0.1,30,0.0,15.0,291,14.003706397458028,-5.375519243179506
2022-07-06 01:00:00,26.5,83,23.4,0.0,27,0.0,15.3,289,14.46643420666955,-4.981192763194492
2022-07-06 02:00:00,26.4,83,23.2,0.0,26,0.0,14.9,285,14.39229481170712,-3.856403772027552
2022-07-06 03:00:00,26.3,82,23.0,0.0,19,0.0,14.3,288,13.600108183020698,-4.418943019561746
2022-07-06 04:00:00,26.3,82,23.0,0.0,14,0.0,13.2,287,12.623222778712067,-3.859306502340124
2022-07-06 05:00:00,26.4,82,23.1,0.0,20,0.0,13.0,284,12.613844441587956,-3.1449846427956767
2022-07-06 06:00:00,26.4,84,23.5,0.0,34,7.0,12.2,284,11.837607860567156,-2.9514471263159425
2022-07-06 07:00:00,27.1,84,24.3,0.1,56,72.0,14.1,289,13.331811915950368,-4.590510977845904
2022-07-06 08:00:00,27.9,83,24.7,0.0,45,158.0,14.5,289,13.710019346190096,-4.720738239628767
2022-07-06 09:00:00,28.7,80,25.0,0.1,44,301.0,15.3,279,15.111631611105608,-2.3934473151155293
2022-07-06 10:00:00,29.2,79,25.1,0.1,38,382.0,15.5,267,15.478757788695894,0.8112073217656367
2022-07-06 11:00:00,29.8,76,25.2,0.0,52,513.0,16.9,268,16.889704976622717,0.5898014942722628
2022-07-06 12:00:00,29.8,78,25.6,0.2,52,513.0,18.1,275,18.0311240354606,-1.5775189437326078
2022-07-06 13:00:00,29.7,81,26.0,1.2,44,475.0,17.7,268,17.689217638237995,0.6177210916342635
2022-07-06 14:00:00,29.2,84,26.2,0.3,41,285.0,17.6,259,17.276638428678886,3.3582383186271856
2022-07-06 15:00:00,30.1,74,24.8,0.0,34,279.0,17.6,259,17.276638428678886,3.3582383186271856
2022-07-06 16:00:00,29.9,74,24.7,0.1,38,178.0,17.0,264,16.90687222126065,1.776983875550107
2022-07-06 17:00:00,29.5,76,24.8,0.0,51,75.0,14.4,267,14.380265300465863,0.753637769898398
2022-07-06 18:00:00,29.0,78,24.7,0.0,36,24.0,11.2,274,11.172717362910031,-0.7812725059342024
2022-07-06 19:00:00,28.5,79,24.5,0.0,45,3.0,10.1,287,9.658678035226655,-2.9529542176996406
2022-07-06 20:00:00,28.1,81,24.6,0.0,30,0.0,10.8,285,10.43199892392194,-2.7952456871072195
2022-07-06 21:00:00,27.8,83,24.6,0.0,30,0.0,11.1,283,10.81550771911611,-2.4969567032169007
2022-07-06 22:00:00,27.5,85,24.7,0.0,28,0.0,10.6,280,10.438962181929409,-1.8406706832694577
2022-07-06 23:00:00,27.2,87,24.8,0.0,26,0.0,10.5,274,10.474422527728157,-0.7324429743133148
2022-07-07 00:00:00,26.7,89,24.8,0.0,19,0.0,10.1,274,10.075396907624226,-0.7045403848156647
2022-07-07 01:00:00,26.4,90,24.7,0.0,9,0.0,9.4,274,9.37710207244235,-0.6557108531947771
2022-07-07 02:00:00,26.0,92,24.6,0.0,8,0.0,9.7,274,9.676371287520295,-0.6766377953180146
2022-07-07 03:00:00,26.5,90,24.6,0.0,5,0.0,10.2,278,10.100734301164016,-1.4195656297926678
2022-07-07 04:00:00,26.3,90,24.6,0.0,4,0.0,7.3,290,6.8597561317371305,-2.496747046277384
2022-07-07 05:00:00,26.0,91,24.4,0.0,5,0.0,4.1,308,3.230844089787559,-2.5242120488352
2022-07-07 06:00:00,25.9,91,24.3,0.0,7,7.0,6.2,350,1.0766187015349684,-6.10580806867569
2022-07-07 07:00:00,27.1,87,24.8,0.1,2,88.0,6.0,343,1.7542302283364228,-5.737828535778212
2022-07-07 08:00:00,28.3,82,25.0,0.1,4,244.0,3.3,319,2.164994795668674,-2.490541614735147
2022-07-07 09:00:00,29.0,79,25.0,0.2,2,394.0,4.3,265,4.283637201794505,0.3747696938149304
2022-07-07 10:00:00,29.7,75,24.9,0.1,1,472.0,5.0,249,4.667902132486008,1.7918397477265036
2022-07-07 11:00:00,30.2,73,24.9,0.1,2,556.0,6.9,231,5.362307134053097,4.342310698243882
2022-07-07 12:00:00,30.4,74,25.2,0.1,16,657.0,6.8,252,6.467184310807044,2.1013155617496437
2022-07-07 13:00:00,30.4,75,25.5,0.1,43,549.0,5.2,282,5.086367523815789,-1.081140792252349
2022-07-07 14:00:00,30.4,74,25.3,0.3,27,448.0,6.2,234,5.015905365124674,3.644268564213334
2022-07-07 15:00:00,30.2,76,25.5,0.6,47,363.0,8.7,228,6.4653599816533305,5.821436275322065
2022-07-07 16:00:00,29.3,80,25.4,2.7,39,294.0,10.5,262,10.397814721786489,1.4613175600806911
2022-07-07 17:00:00,28.9,81,25.3,0.3,42,134.0,4.7,274,4.688551036221175,-0.3278554265973885
2022-07-07 18:00:00,28.7,81,25.2,0.0,15,60.0,5.0,60,-4.330127018922193,-2.5000000000000004
2022-07-07 19:00:00,28.2,84,25.3,0.0,9,12.0,5.5,79,-5.398949508962152,-1.049449474570997
2022-07-07 20:00:00,27.5,91,26.0,0.0,3,0.0,6.5,84,-6.4643923198937765,-0.6794350112397475
2022-07-07 21:00:00,26.9,92,25.5,0.0,1,0.0,4.9,107,-4.685893304218874,1.4326213531414098
2022-07-07 22:00:00,26.5,93,25.2,0.0,2,0.0,4.3,66,-3.928245467863184,-1.7489675652259409
2022-07-07 23:00:00,26.2,94,25.1,0.0,1,0.0,4.4,55,-3.604268994871564,-2.523736319944603
2022-07-08 00:00:00,26.0,94,24.9,0.0,1,0.0,4.9,54,-3.9641832724372423,-2.8801477362331185
2022-07-08 01:00:00,26.1,92,24.7,0.0,2,0.0,5.4,42,-3.613305274337834,-4.012982057577929
2022-07-08 02:00:00,25.9,91,24.4,0.0,3,0.0,5.1,39,-3.2095339943541705,-3.963444403430551
2022-07-08 03:00:00,25.9,91,24.4,0.0,2,0.0,5.1,45,-3.606244584051392,-3.606244584051392
2022-07-08 04:00:00,25.8,91,24.1,0.0,1,0.0,6.2,54,-5.0159053651246746,-3.6442685642133337
2022-07-08 05:00:00,25.3,93,24.0,0.0,2,0.0,6.2,69,-5.788198644282651,-2.2218812871808624
2022-07-08 06:00:00,25.8,91,24.2,0.0,1,8.0,5.0,69,-4.667902132486009,-1.791839747726502
2022-07-08 07:00:00,27.8,84,24.8,0.0,0,107.0,6.2,54,-5.0159053651246746,-3.6442685642133337
2022-07-08 08:00:00,28.8,77,24.5,0.0,0,281.0,7.0,55,-5.734064310022943,-4.015035054457322
2022-07-08 09:00:00,29.5,76,24.7,0.0,0,408.0,6.5,71,-6.145870741395559,-2.116193003971519
2022-07-08 10:00:00,30.2,73,24.9,0.0,0,598.0,7.2,84,-7.160557646651568,-0.752604935527105
2022-07-08 11:00:00,30.6,73,25.1,0.0,3,632.0,7.9,93,-7.889173324561134,0.4134540543192563
2022-07-08 12:00:00,31.1,71,25.2,0.0,9,747.0,8.7,95,-8.666893873398186,0.7582549619046266
2022-07-08 13:00:00,31.0,72,25.3,0.0,24,592.0,9.0,88,-8.994517443171862,-0.3140954703225097
2022-07-08 14:00:00,31.0,72,25.4,0.0,29,556.0,8.5,78,-8.314254606237347,-1.7672493719509554
2022-07-08 15:00:00,30.9,73,25.4,0.0,25,302.0,7.2,87,-7.190132650232932,-0.3768188849491966
2022-07-08 16:00:00,30.8,74,25.6,0.0,19,307.0,6.6,77,-6.430842427582553,-1.4846769586695083
2022-07-08 17:00:00,30.5,75,25.6,0.0,21,201.0,6.6,61,-5.772490067120011,-3.199743493625825
2022-07-08 18:00:00,30.2,76,25.6,0.0,20,102.0,6.5,71,-6.145870741395559,-2.116193003971519
2022-07-08 19:00:00,29.6,81,26.0,0.0,15,14.0,6.7,54,-5.420413862312148,-3.93816119035957
2022-07-08 20:00:00,29.2,81,25.7,0.0,10,0.0,3.0,76,-2.910887178827989,-0.725765686799003
2022-07-08 21:00:00,29.0,83,25.8,0.0,4,0.0,1.0,225,0.7071067811865475,0.7071067811865477
2022-07-08 22:00:00,27.9,89,25.9,0.0,17,0.0,1.1,342,0.3399186938124424,-1.0461621679246689
2022-07-08 23:00:00,26.8,95,25.8,0.1,17,0.0,4.8,13,-1.079765060850552,-4.676976310969129
2022-07-09 00:00:00,26.5,95,25.6,0.1,8,0.0,5.6,27,-2.5423467985414616,-4.98963653545486
2022-07-09 01:00:00,27.2,89,25.3,0.1,6,0.0,1.5,14,-0.3628828433995016,-1.4554435894139948
2022-07-09 02:00:00,26.9,92,25.5,0.0,3,0.0,2.1,239,1.8000513314744355,1.0815799573111142
2022-07-09 03:00:00,26.4,92,25.0,0.0,1,0.0,4.9,253,4.685893304218873,1.4326213531414118
2022-07-09 04:00:00,26.2,93,24.9,0.0,4,0.0,6.5,267,6.49109197590473,0.340183715579138
2022-07-09 05:00:00,25.9,94,24.9,0.0,3,0.0,7.0,305,5.734064310022943,-4.015035054457322
2022-07-09 06:00:00,26.1,94,25.0,0.0,7,5.0,4.3,360,1.0531962472667237e-15,-4.3
2022-07-09 07:00:00,27.6,88,25.5,0.0,12,81.0,5.4,360,1.3226185430791417e-15,-5.4
2022-07-09 08:00:00,29.0,79,25.1,0.0,8,268.0,4.8,13,-1.079765060850552,-4.676976310969129
2022-07-09 09:00:00,29.9,74,24.9,0.0,9,456.0,3.4,18,-1.0506577808748212,-3.233592155403522
2022-07-09 10:00:00,30.7,70,24.6,0.0,4,650.0,1.3,56,-1.0777488443215544,-0.7269507745119709
2022-07-09 11:00:00,31.4,67,24.6,0.0,7,751.0,2.8,140,-1.7998053071223103,2.144924440733138
2022-07-09 12:00:00,31.6,68,24.9,0.0,13,714.0,5.5,122,-4.664264528860343,2.914555953282626
2022-07-09 13:00:00,31.6,69,25.1,0.0,28,652.0,6.3,121,-5.400153994423308,3.2447398719333416
2022-07-09 14:00:00,31.3,70,25.1,0.1,38,672.0,3.6,135,-2.5455844122715714,2.545584412271571
2022-07-09 15:00:00,30.9,72,25.4,0.0,61,378.0,1.8,143,-1.0832670416736867,1.4375439180851273
2022-07-09 16:00:00,30.9,73,25.5,0.0,65,303.0,3.1,216,1.8221342821066664,2.5079526825623373
2022-07-09 17:00:00,30.6,74,25.5,0.0,62,167.0,4.0,260,3.939231012048832,0.6945927106677213
2022-07-09 18:00:00,30.2,76,25.5,0.0,46,68.0,3.1,234,2.507952682562337,1.822134282106667
2022-07-09 19:00:00,29.7,78,25.5,0.0,33,11.0,3.9,248,3.616017032810471,1.460965714322058
2022-07-09 20:00:00,29.1,82,25.6,0.0,24,0.0,6.5,273,6.49109197590473,-0.3401837155791356
2022-07-09 21:00:00,28.7,84,25.8,0.0,13,0.0,7.6,267,7.589584464134761,0.3977532674463767
2022-07-09 22:00:00,28.5,86,25.9,0.0,16,0.0,8.9,256,8.635631963856369,2.1531048708370437
2022-07-09 23:00:00,28.1,88,26.0,0.0,31,0.0,9.0,275,8.96575228282571,-0.784401684728921
2022-07-10 00:00:00,27.9,89,25.9,0.0,47,0.0,7.8,304,6.466493065929325,-4.361704647071827
2022-07-10 01:00:00,27.7,90,25.8,0.0,32,0.0,4.1,322,2.5242120488351985,-3.23084408978756
2022-07-10 02:00:00,27.6,90,25.7,0.0,44,0.0,6.6,331,3.199743493625823,-5.772490067120012
2022-07-10 03:00:00,27.6,88,25.4,0.0,37,0.0,5.9,322,3.632402704421384,-4.64926344627966
2022-07-10 04:00:00,27.4,88,25.2,0.0,36,0.0,7.9,317,5.387787044493736,-5.777694242791449
2022-07-10 05:00:00,26.8,90,25.0,0.0,34,0.0,6.9,309,5.362307134053099,-4.342310698243879
2022-07-10 06:00:00,26.5,92,25.1,0.0,31,4.0,5.2,335,2.197614961051636,-4.71280049259058
2022-07-10 07:00:00,27.6,88,25.5,0.0,31,82.0,5.2,344,1.4333142502483949,-4.998560818879258
2022-07-10 08:00:00,28.8,80,24.9,0.0,23,265.0,5.2,335,2.197614961051636,-4.71280049259058
2022-07-10 09:00:00,29.7,75,24.8,0.0,23,422.0,3.8,311,2.8678964048465345,-2.4930243101639267
2022-07-10 10:00:00,30.4,72,24.8,0.0,18,598.0,3.0,284,2.910887178827989,-0.7257656867990023
2022-07-10 11:00:00,31.0,70,24.8,0.0,18,735.0,2.7,247,2.4853631043215887,1.0549740469210394
2022-07-10 12:00:00,31.5,68,24.9,0.0,21,802.0,6.1,225,4.313351365237939,4.31335136523794
2022-07-10 13:00:00,31.8,68,25.1,0.0,17,853.0,9.2,222,6.156001578501495,6.836932394392027
2022-07-10 14:00:00,31.6,70,25.5,0.0,22,714.0,9.4,230,7.2008177653183925,6.042203531053471
2022-07-10 15:00:00,31.4,70,25.1,0.0,32,543.0,8.7,240,7.534421012924614,4.350000000000003
2022-07-10 16:00:00,31.0,72,25.2,0.0,67,345.0,9.3,242,8.211412613588022,4.366085533908785
2022-07-10 17:00:00,30.6,74,25.4,0.0,62,225.0,8.2,241,7.171881598543045,3.975438886019962
2022-07-10 18:00:00,30.1,76,25.5,0.0,29,108.0,3.7,259,3.632020578756357,0.7059932828932151
2022-07-10 19:00:00,29.4,80,25.6,0.0,27,10.0,5.4,278,5.34744757120448,-0.7515347451843536
2022-07-10 20:00:00,28.8,83,25.7,0.0,20,0.0,6.9,279,6.815049550106451,-1.0793978087775915
2022-07-10 21:00:00,28.4,86,25.7,0.0,15,0.0,8.5,282,8.314254606237347,-1.7672493719509552
2022-07-10 22:00:00,28.0,88,25.8,0.0,21,0.0,10.0,283,9.743700647852352,-2.249510543438649
2022-07-10 23:00:00,27.8,89,25.8,0.0,19,0.0,10.2,278,10.100734301164016,-1.4195656297926678
2022-07-11 00:00:00,27.6,90,25.8,0.0,15,0.0,9.4,274,9.37710207244235,-0.6557108531947771
2022-07-11 01:00:00,27.5,90,25.7,0.0,7,0.0,8.4,277,8.337387673787106,-1.0237024846032403
2022-07-11 02:00:00,27.3,91,25.6,0.0,7,0.0,7.9,286,7.593967397912719,-2.1775351109542957
2022-07-11 03:00:00,27.4,90,25.6,0.0,9,0.0,8.1,291,7.562001454627333,-2.902780391316933
2022-07-11 04:00:00,27.1,91,25.4,0.0,10,0.0,7.2,297,6.41524697415625,-3.268731598124736
2022-07-11 05:00:00,26.9,91,25.3,0.0,15,0.0,5.9,308,4.649263446279659,-3.6324027044213856
2022-07-11 06:00:00,26.8,92,25.3,0.0,31,6.0,4.9,324,2.88014773623312,-3.9641832724372414
2022-07-11 07:00:00,27.8,87,25.5,0.0,34,76.0,4.8,312,3.5670951622914937,-3.211826910522517
2022-07-11 08:00:00,28.6,82,25.3,0.0,30,223.0,4.8,283,4.676976310969129,-1.0797650608505516
2022-07-11 09:00:00,29.3,79,25.3,0.0,29,352.0,4.7,261,4.642135200797148,0.7352419856890859
2022-07-11 10:00:00,30.1,76,25.3,0.0,26,550.0,4.8,243,4.276831316104166,2.179154398749825
2022-07-11 11:00:00,30.8,71,25.0,0.0,27,614.0,6.9,231,5.362307134053097,4.342310698243882
2022-07-11 12:00:00,31.2,69,24.8,0.0,33,562.0,8.4,220,5.39941592136693,6.434773322199416
2022-07-11 13:00:00,31.4,69,25.0,0.0,32,629.0,8.9,223,6.069785404556236,6.509047944410618
2022-07-11 14:00:00,31.1,71,25.3,0.0,41,611.0,7.6,225,5.37401153701776,5.374011537017762
2022-07-11 15:00:00,31.1,72,25.4,0.0,50,452.0,8.6,237,7.212566884330648,4.683895701129232
2022-07-11 16:00:00,30.9,72,25.3,0.0,40,326.0,10.6,235,8.68301166946331,6.079910225321092
2022-07-11 17:00:00,30.4,75,25.4,0.0,31,204.0,10.1,235,8.273435647318815,5.793122007145568
2022-07-11 18:00:00,29.9,77,25.5,0.0,48,67.0,5.2,245,4.712800492590581,2.197614961051636
2022-07-11 19:00:00,29.4,80,25.5,0.0,34,8.0,6.3,246,5.755336383148386,2.5624408513775405
2022-07-11 20:00:00,28.8,83,25.6,0.0,28,0.0,6.8,252,6.467184310807044,2.1013155617496437
2022-07-11 21:00:00,28.4,85,25.7,0.0,21,0.0,7.6,265,7.571079705497266,0.6623836448822027
2022-07-11 22:00:00,28.1,87,25.7,0.0,28,0.0,7.9,273,7.889173324561134,-0.4134540543192572
2022-07-11 23:00:00,27.9,88,25.7,0.0,24,0.0,8.0,278,7.922144549932563,-1.1133848076805235
2022-07-12 00:00:00,27.8,88,25.6,0.0,26,0.0,7.6,278,7.5260373224359345,-1.0577155672964975
2022-07-12 01:00:00,27.5,89,25.6,0.0,28,0.0,8.3,272,8.294943864258496,-0.2896658226307607
2022-07-12 02:00:00,27.3,90,25.5,0.0,22,0.0,9.4,270,9.4,1.726751986797768e-15
2022-07-12 03:00:00,27.4,86,24.9,0.0,16,0.0,9.4,272,9.3942737739795,-0.328055269003512
2022-07-12 04:00:00,27.4,86,24.8,0.0,20,0.0,9.0,275,8.96575228282571,-0.784401684728921
2022-07-12 05:00:00,27.3,86,24.8,0.0,20,0.0,8.3,272,8.294943864258496,-0.2896658226307607
2022-07-12 06:00:00,27.2,87,24.9,0.0,16,5.0,5.2,295,4.71280049259058,-2.197614961051638
2022-07-12 07:00:00,27.9,84,24.9,0.0,12,85.0,5.2,286,4.998560818879258,-1.4333142502483969
2022-07-12 08:00:00,28.6,80,24.8,0.0,5,239.0,4.3,270,4.3,7.898971854500429e-16
2022-07-12 09:00:00,29.3,76,24.6,0.0,4,354.0,4.1,232,3.2308440897875603,2.524212048835198
2022-07-12 10:00:00,29.9,72,24.3,0.0,12,433.0,4.2,200,1.4364846019678084,3.946709007300816
2022-07-12 11:00:00,30.5,70,24.3,0.0,18,700.0,4.4,171,-0.6883116461770163,4.345828698618606
2022-07-12 12:00:00,30.5,69,24.3,0.0,15,577.0,5.7,162,-1.7613968679372007,5.421022142882375
2022-07-12 13:00:00,30.6,69,24.2,0.0,25,486.0,5.9,169,-1.1257730727216153,5.791600382341218
2022-07-12 14:00:00,30.7,68,24.1,0.0,27,461.0,4.0,180,-4.898587196589413e-16,4.0
2022-07-12 15:00:00,30.5,69,24.2,0.0,28,465.0,2.2,171,-0.3441558230885082,2.172914349309303
2022-07-12 16:00:00,30.4,69,24.1,0.0,23,315.0,2.4,153,-1.0895771993749124,2.138415658052083
2022-07-12 17:00:00,30.1,71,24.2,0.0,8,214.0,2.0,135,-1.4142135623730951,1.414213562373095
2022-07-12 18:00:00,29.8,72,24.2,0.0,5,93.0,3.8,131,-2.867896404846534,2.493024310163927
2022-07-12 19:00:00,29.3,76,24.6,0.0,1,15.0,4.4,125,-3.604268994871564,2.5237363199446032
2022-07-12 20:00:00,29.0,76,24.3,0.0,8,0.0,2.6,124,-2.1554976886431088,1.4539015490239415
2022-07-12 21:00:00,28.0,84,25.1,0.0,10,0.0,3.3,264,3.281922254715302,0.3449439287832561
2022-07-12 22:00:00,27.2,88,25.1,0.0,17,0.0,6.6,283,6.430842427582553,-1.4846769586695083
2022-07-12 23:00:00,27.3,88,25.1,0.0,23,0.0,6.6,279,6.518743047927909,-1.0324674692655225
2022-07-13 00:00:00,27.3,88,25.2,0.0,20,0.0,7.1,285,6.858073366652386,-1.837615220227894
2022-07-13 01:00:00,27.4,88,25.2,0.0,27,0.0,7.5,287,7.172285669722766,-2.192787785420525
2022-07-13 02:00:00,27.4,88,25.2,0.0,17,0.0,8.4,280,8.272385125302549,-1.4586446924022118
2022-07-13 03:00:00,27.4,88,25.2,0.0,13,0.0,7.9,286,7.593967397912719,-2.1775351109542957
2022-07-13 04:00:00,27.2,88,25.0,0.0,5,0.0,5.0,300,4.330127018922193,-2.5000000000000004
2022-07-13 05:00:00,27.4,87,25.0,0.0,3,0.0,1.8,323,1.083267041673687,-1.437543918085127
2022-07-13 06:00:00,27.6,86,25.0,0.0,5,4.0,2.2,90,-2.2,-1.3471114790620887e-16
2022-07-13 07:00:00,28.3,84,25.2,0.0,3,64.0,4.0,85,-3.984778792366982,-0.3486229709906325
2022-07-13 08:00:00,28.9,80,25.2,0.1,27,181.0,8.1,122,-6.869189578867051,4.292346040288959
2022-07-13 09:00:00,29.5,78,25.2,0.1,26,329.0,12.0,139,-7.872708347886087,9.056514962673264
2022-07-13 10:00:00,29.9,76,25.1,0.2,49,420.0,12.0,131,-9.056514962673266,7.872708347886085
2022-07-13 11:00:00,30.3,76,25.6,0.1,46,623.0,12.7,115,-11.510108895365455,5.367251924106881
2022-07-13 12:00:00,30.5,77,26.1,0.2,39,667.0,14.8,108,-14.075636441168276,4.573451516749221
2022-07-13 13:00:00,30.6,78,26.4,0.0,28,545.0,16.4,109,-15.506504639828796,5.339317733097369
2022-07-13 14:00:00,30.5,80,26.6,0.0,17,484.0,16.9,114,-15.438918234159951,6.873849267981024
2022-07-13 15:00:00,30.9,71,25.0,0.0,50,421.0,15.8,107,-15.109615144215962,4.61947293461924
2022-07-13 16:00:00,30.8,71,24.9,0.0,59,357.0,13.6,107,-13.005744681097283,3.976255184229218
2022-07-13 17:00:00,30.3,72,24.8,0.0,52,198.0,13.1,98,-12.972511700514572,1.823167622576856
2022-07-13 18:00:00,29.8,75,24.9,0.0,11,80.0,12.5,102,-12.226845009172573,2.598896135221992
2022-07-13 19:00:00,29.2,78,25.0,0.0,5,12.0,8.3,95,-8.268415994161488,0.7233926648055634
2022-07-13 20:00:00,28.6,81,25.1,0.0,8,0.0,7.2,87,-7.190132650232932,-0.3768188849491966
2022-07-13 21:00:00,28.1,86,25.6,0.0,14,0.0,6.3,66,-5.755336383148386,-2.5624408513775414
2022-07-13 22:00:00,27.8,88,25.6,0.0,8,0.0,3.3,13,-0.7423384793347545,-3.2154212137912763
2022-07-13 23:00:00,27.3,90,25.5,0.0,7,0.0,4.3,360,1.0531962472667237e-15,-4.3
2022-07-14 00:00:00,26.7,92,25.4,0.0,7,0.0,5.0,360,1.2246467991473533e-15,-5.0
2022-07-14 01:00:00,26.4,94,25.3,0.0,11,0.0,4.3,355,0.3747696938149307,-4.283637201794505
2022-07-14 02:00:00,26.3,94,25.2,0.0,1,0.0,4.7,356,0.3278554265973905,-4.688551036221174
2022-07-14 03:00:00,26.3,93,25.0,0.0,6,0.0,4.3,355,0.3747696938149307,-4.283637201794505
2022-07-14 04:00:00,26.6,90,24.8,0.0,7,0.0,3.8,343,1.1110124779464012,-3.633958072659534
2022-07-14 05:00:00,26.4,90,24.6,0.0,17,0.0,4.8,333,2.179154398749825,-4.276831316104166
2022-07-14 06:00:00,26.7,90,24.8,0.0,10,5.0,4.7,360,1.1511679911985121e-15,-4.7
2022-07-14 07:00:00,28.3,82,25.0,0.0,17,73.0,5.0,330,2.500000000000002,-4.330127018922192
2022-07-14 08:00:00,28.7,82,25.3,0.0,33,119.0,5.6,285,5.409184627218783,-1.4493866525741137
2022-07-14 09:00:00,29.4,79,25.4,0.0,39,256.0,7.2,270,7.2,1.3226185430791417e-15
2022-07-14 10:00:00,29.7,77,25.3,0.1,43,281.0,7.2,264,7.160557646651569,0.7526049355271042
2022-07-14 11:00:00,30.1,76,25.5,0.3,45,369.0,7.2,264,7.160557646651569,0.7526049355271042
2022-07-14 12:00:00,30.3,76,25.6,0.2,58,372.0,8.6,270,8.6,1.5797943709000857e-15
2022-07-14 13:00:00,30.3,76,25.5,0.6,69,367.0,9.4,266,9.377102072442348,0.6557108531947805
2022-07-14 14:00:00,30.4,74,25.2,0.3,68,337.0,8.6,270,8.6,1.5797943709000857e-15
2022-07-14 15:00:00,30.4,71,24.5,0.0,59,207.0,10.8,291,10.08266860616978,-3.870373855089244
2022-07-14 16:00:00,30.3,72,24.6,0.0,49,216.0,12.4,296,11.145046174109671,-5.43580222018456
2022-07-14 17:00:00,29.8,74,24.7,0.0,49,143.0,12.3,291,11.483039245915585,-4.407925779407195
2022-07-14 18:00:00,29.3,77,24.9,0.0,41,45.0,9.0,275,8.96575228282571,-0.784401684728921
2022-07-14 19:00:00,28.7,79,24.8,0.0,58,5.0,11.7,288,11.127361240653295,-3.6154988341868814
2022-07-14 20:00:00,28.4,81,24.8,0.0,47,0.0,12.5,303,10.483382099317804,-6.807987937687833
2022-07-14 21:00:00,28.2,82,24.8,0.0,49,0.0,13.6,302,11.533454107727394,-7.206901993571583
2022-07-14 22:00:00,28.0,82,24.7,0.0,42,0.0,16.3,292,15.113096829438636,-6.1060874726793655
2022-07-14 23:00:00,28.1,81,24.6,0.0,43,0.0,17.3,287,16.544072278160513,-5.058030491703345
2022-07-15 00:00:00,28.1,82,24.6,0.0,49,0.0,17.8,277,17.667321499215532,-2.1692743126116287
2022-07-15 01:00:00,27.9,83,24.8,0.0,100,0.0,15.8,269,15.797593583470984,0.2757480217090792
2022-07-15 02:00:00,27.6,86,25.0,0.0,100,0.0,14.8,264,14.718924051450449,1.5470212563612695
2022-07-15 03:00:00,26.9,84,24.1,0.0,100,0.0,13.0,265,12.950531075192693,1.1330246557195571
2022-07-15 04:00:00,26.8,84,23.9,0.0,100,0.0,10.2,278,10.100734301164016,-1.4195656297926678
2022-07-15 05:00:00,26.7,83,23.7,0.0,92,0.0,9.4,288,8.939931253174445,-2.904759747124504
2022-07-15 06:00:00,26.7,82,23.5,0.0,83,3.0,9.6,304,7.958760696528399,-5.368251873319172
2022-07-15 07:00:00,27.4,79,23.5,0.0,67,56.0,10.9,304,9.036509540849954,-6.095202647831143
2022-07-15 08:00:00,28.5,72,22.9,0.0,88,190.0,10.8,300,9.353074360871938,-5.400000000000001
2022-07-15 09:00:00,29.1,70,23.0,0.0,90,280.0,10.9,297,9.711971113653211,-4.948496447161059
2022-07-15 10:00:00,29.2,70,23.3,0.0,100,174.0,9.0,293,8.284543681071964,-3.5165801564034616
2022-07-15 11:00:00,29.7,70,23.7,0.0,95,287.0,7.1,285,6.858073366652386,-1.837615220227894
2022-07-15 12:00:00,29.9,69,23.7,0.0,89,237.0,4.8,283,4.676976310969129,-1.0797650608505516
2022-07-15 13:00:00,29.8,71,23.9,0.0,90,124.0,5.9,313,4.3149868395531055,-4.023790324368742
2022-07-15 14:00:00,29.8,71,24.0,0.0,85,111.0,5.2,326,2.907803098047882,-4.3109953772862175
2022-07-15 15:00:00,29.7,71,23.9,0.0,88,149.0,5.3,332,2.4881992827652213,-4.679622242152313
2022-07-15 16:00:00,29.6,72,23.9,0.1,80,89.0,6.6,315,4.666904755831214,-4.6669047558312124
2022-07-15 17:00:00,29.5,73,24.0,0.0,37,47.0,7.7,298,6.798696465013739,-3.614931033451356
2022-07-15 18:00:00,29.1,75,24.2,0.0,56,8.0,7.6,301,6.5144714853360535,-3.9142893693164114
2022-07-15 19:00:00,28.6,78,24.4,0.0,41,1.0,7.6,289,7.1859411745548085,-2.474317973874388
2022-07-15 20:00:00,28.3,81,24.6,0.0,44,0.0,9.5,281,9.325458242752807,-1.8126854560771783
2022-07-15 21:00:00,28.2,82,24.7,0.0,65,0.0,9.9,280,9.74959675482086,-1.7191169589026067
2022-07-15 22:00:00,28.0,83,24.8,0.0,78,0.0,9.2,281,9.030970087718506,-1.7554427574642149
2022-07-15 23:00:00,27.8,84,24.8,0.0,75,0.0,10.4,290,9.772803256173448,-3.5570094905869576
2022-07-16 00:00:00,27.6,84,24.7,0.0,67,0.0,10.9,287,10.423721839997087,-3.18685158147783
2022-07-16 01:00:00,27.3,84,24.4,0.1,65,0.0,10.4,290,9.772803256173448,-3.5570094905869576
2022-07-16 02:00:00,27.2,84,24.2,0.0,58,0.0,9.1,279,8.987963899415753,-1.423553631866099
2022-07-16 03:00:00,26.3,85,23.6,0.1,78,0.0,9.0,272,8.994517443171862,-0.3140954703225115
2022-07-16 04:00:00,26.4,85,23.7,0.1,82,0.0,7.6,270,7.6,1.3960973510279824e-15
2022-07-16 05:00:00,26.1,88,23.9,0.3,94,0.0,7.0,282,6.847033205136639,-1.455381835724316
2022-07-16 06:00:00,25.8,91,24.2,0.5,58,2.0,5.4,274,5.386845871403052,-0.3766849582182762
2022-07-16 07:00:00,26.6,87,24.3,0.6,61,30.0,6.6,292,6.1194134401407965,-2.4724035165450187
2022-07-16 08:00:00,27.1,84,24.3,1.4,74,124.0,7.1,294,6.486172749262467,-2.887830165838178
2022-07-16 09:00:00,27.5,84,24.7,1.7,100,177.0,7.3,290,6.8597561317371305,-2.496747046277384
2022-07-16 10:00:00,28.0,82,24.7,2.8,100,276.0,5.8,263,5.756767679519668,0.7068421917498535
2022-07-16 11:00:00,27.8,83,24.7,2.4,98,144.0,6.5,273,6.49109197590473,-0.3401837155791356
2022-07-16 12:00:00,28.0,84,24.9,2.6,100,117.0,6.3,294,5.755336383148387,-2.5624408513775383
2022-07-16 13:00:00,27.9,84,25.0,2.1,99,100.0,7.1,300,6.148780366869514,-3.5500000000000007
2022-07-16 14:00:00,28.3,83,25.2,0.4,73,62.0,7.5,287,7.172285669722766,-2.192787785420525
2022-07-16 15:00:00,28.9,81,25.3,0.1,61,138.0,8.1,291,7.562001454627333,-2.902780391316933
2022-07-16 16:00:00,28.9,81,25.4,1.0,61,31.0,9.0,286,8.651355263444868,-2.480736202352994
2022-07-16 17:00:00,28.7,83,25.4,0.1,57,24.0,10.2,280,10.045039080724523,-1.7712114122026856
2022-07-16 18:00:00,28.3,85,25.5,0.7,87,7.0,8.3,268,8.294943864258496,0.2896658226307563
2022-07-16 19:00:00,28.0,87,25.6,0.4,71,1.0,9.6,283,9.35395262193826,-2.159530121701103
2022-07-16 20:00:00,27.8,88,25.7,0.2,62,0.0,11.8,293,10.8619572707388,-4.610627316173428
2022-07-16 21:00:00,27.7,88,25.6,0.0,43,0.0,10.9,287,10.423721839997087,-3.18685158147783
2022-07-16 22:00:00,27.6,88,25.5,0.0,81,0.0,9.4,288,8.939931253174445,-2.904759747124504
2022-07-16 23:00:00,27.4,89,25.4,0.1,77,0.0,8.1,291,7.562001454627333,-2.902780391316933
2022-07-17 00:00:00,26.8,92,25.4,0.2,87,0.0,10.0,296,8.98794046299167,-4.383711467890774
2022-07-17 01:00:00,26.8,92,25.5,0.1,86,0.0,10.5,292,9.735430472951268,-3.933369230867076
2022-07-17 02:00:00,26.7,93,25.4,0.2,89,0.0,9.7,297,8.642763284627168,-4.403707847473602
2022-07-17 03:00:00,26.3,90,24.5,0.1,74,0.0,9.4,302,7.971652103870405,-4.981241083792124
2022-07-17 04:00:00,26.2,90,24.3,0.1,61,0.0,8.5,306,6.876644452187055,-4.99617464448602
2022-07-17 05:00:00,26.2,89,24.2,0.0,71,0.0,8.3,304,6.881011852206846,-4.641301098807201
2022-07-17 06:00:00,26.1,90,24.3,0.1,43,3.0,7.0,291,6.535062985480412,-2.5085756468171025
2022-07-17 07:00:00,27.2,87,24.9,0.1,100,60.0,7.6,278,7.5260373224359345,-1.0577155672964975
2022-07-17 08:00:00,28.6,82,25.3,0.0,67,212.0,6.1,267,6.0916401620029,0.3192493330819602
2022-07-17 09:00:00,29.4,80,25.5,0.1,63,379.0,6.5,273,6.49109197590473,-0.3401837155791356
2022-07-17 10:00:00,29.7,79,25.8,0.1,59,465.0,6.9,264,6.862201078041087,0.7212463965468082
2022-07-17 11:00:00,30.3,76,25.6,0.1,58,492.0,7.0,249,6.535062985480412,2.508575646817105
2022-07-17 12:00:00,30.5,76,25.7,0.0,94,585.0,8.2,241,7.171881598543045,3.975438886019962
2022-07-17 13:00:00,30.5,75,25.6,0.1,56,472.0,9.8,242,8.652886410017485,4.600821315301729
2022-07-17 14:00:00,30.6,75,25.7,0.7,63,464.0,9.5,241,8.30888721782426,4.6056913923402
2022-07-17 15:00:00,30.4,77,25.8,0.6,47,231.0,8.8,258,8.60769888645749,1.8296228791962863
2022-07-17 16:00:00,29.5,79,25.5,0.4,47,175.0,9.7,272,9.694091022085228,-0.3385251180142624
2022-07-17 17:00:00,29.3,81,25.6,0.1,48,105.0,11.5,272,11.4929945107196,-0.4013442120787647
2022-07-17 18:00:00,29.0,82,25.5,0.0,54,32.0,10.5,266,10.474422527728152,0.7324429743133186
2022-07-17 19:00:00,28.4,84,25.4,0.0,59,3.0,10.2,262,10.100734301164016,1.419565629792671
2022-07-17 20:00:00,27.9,86,25.4,0.0,59,0.0,10.5,274,10.474422527728157,-0.7324429743133148
2022-07-17 21:00:00,27.7,88,25.5,0.0,51,0.0,11.2,274,11.172717362910031,-0.7812725059342024
2022-07-17 22:00:00,27.5,89,25.6,0.0,45,0.0,12.3,275,12.253194786528471,-1.072015635796192
2022-07-17 23:00:00,27.4,91,25.8,0.0,49,0.0,11.4,283,11.107818738551682,-2.5644420195200603
2022-07-18 00:00:00,27.1,92,25.7,0.0,65,0.0,10.7,284,10.382164271153163,-2.5885642829164413
2022-07-18 01:00:00,26.9,93,25.6,0.1,79,0.0,10.2,278,10.100734301164016,-1.4195656297926678
2022-07-18 02:00:00,26.8,93,25.5,0.1,90,0.0,9.6,283,9.35395262193826,-2.159530121701103
2022-07-18 03:00:00,26.9,89,24.9,0.1,100,0.0,10.6,288,10.081199072728628,-3.2755801403744407
2022-07-18 04:00:00,26.7,89,24.8,0.2,100,0.0,10.4,284,10.091075553270365,-2.515987714236541
2022-07-18 05:00:00,26.6,90,24.7,0.1,74,0.0,9.7,292,8.993683389297837,-3.633683956134346
2022-07-18 06:00:00,26.6,90,24.7,0.1,100,1.0,8.4,277,8.337387673787106,-1.0237024846032403
2022-07-18 07:00:00,27.1,88,25.0,0.1,100,29.0,9.0,275,8.96575228282571,-0.784401684728921
2022-07-18 08:00:00,28.2,82,24.8,0.0,86,102.0,10.0,283,9.743700647852352,-2.249510543438649
2022-07-18 09:00:00,29.2,79,25.1,0.0,79,296.0,11.3,277,11.215771513546938,-1.377123580478169
2022-07-18 10:00:00,29.8,78,25.6,0.0,64,406.0,12.7,262,12.57640447301794,1.7674983821928358
2022-07-18 11:00:00,30.2,78,26.0,0.1,62,491.0,12.8,259,12.5648279481301,2.442355140819771
2022-07-18 12:00:00,30.6,78,26.3,0.0,77,437.0,12.9,252,12.26862906020748,3.986319227436824
2022-07-18 13:00:00,30.9,75,25.9,0.1,72,408.0,14.0,247,12.887067948334163,5.470235798849833
2022-07-18 14:00:00,29.9,77,25.3,0.4,98,259.0,13.7,247,12.610916492298433,5.353016460303051
2022-07-18 15:00:00,30.6,81,26.9,0.0,98,217.0,13.5,254,12.977032895167309,3.721104303529485
2022-07-18 16:00:00,30.7,78,26.4,0.0,80,185.0,12.5,258,12.22684500917257,2.598896135221997
2022-07-18 17:00:00,29.7,80,26.0,0.4,84,100.0,11.8,250,11.08837292527372,4.0358376912428895
2022-07-18 18:00:00,29.1,84,26.1,0.1,100,17.0,9.8,242,8.652886410017485,4.600821315301729
2022-07-18 19:00:00,28.6,85,25.9,0.1,100,1.0,7.6,267,7.589584464134761,0.3977532674463767
2022-07-18 20:00:00,28.2,86,25.7,0.0,100,0.0,8.4,277,8.337387673787106,-1.0237024846032403
2022-07-18 21:00:00,28.0,87,25.6,0.0,100,0.0,9.7,268,9.694091022085228,0.3385251180142573
2022-07-18 22:00:00,27.8,87,25.5,0.0,100,0.0,10.8,272,10.793420931806237,-0.3769145643870139
2022-07-18 23:00:00,27.6,88,25.4,0.0,76,0.0,11.3,277,11.215771513546938,-1.377123580478169
2022-07-19 00:00:00,27.4,88,25.2,0.0,70,0.0,10.3,282,10.074920287558198,-2.1414904154229224
2022-07-19 01:00:00,27.3,87,25.0,0.0,65,0.0,10.4,284,10.091075553270365,-2.515987714236541
2022-07-19 02:00:00,27.2,87,24.8,0.0,75,0.0,12.1,287,11.571287547152728,-3.537697627145114
2022-07-19 03:00:00,26.9,91,25.4,0.0,61,0.0,12.1,287,11.571287547152728,-3.537697627145114
2022-07-19 04:00:00,26.9,90,25.2,0.0,51,0.0,11.2,285,10.818369254437563,-2.898773305148227
2022-07-19 05:00:00,26.8,90,25.0,0.0,31,0.0,10.1,287,9.658678035226655,-2.9529542176996406
2022-07-19 06:00:00,26.8,90,25.0,0.0,33,1.0,10.5,301,9.00025665737218,-5.407899786555569
2022-07-19 07:00:00,27.5,88,25.4,0.0,35,17.0,11.2,291,10.45610077676866,-4.013721034907364
2022-07-19 08:00:00,28.6,84,25.6,0.0,33,76.0,12.3,273,12.283143277481258,-0.6437322617882105
2022-07-19 09:00:00,29.6,80,25.7,0.0,31,213.0,14.5,264,14.420567482839964,1.5156627173809738
2022-07-19 10:00:00,30.4,76,25.6,0.0,30,375.0,15.0,253,14.34457133944553,4.385575570841056
2022-07-19 11:00:00,31.0,73,25.5,0.0,32,544.0,14.8,241,12.94437166566306,7.175182379645785
2022-07-19 12:00:00,31.2,72,25.5,0.0,31,543.0,14.9,233,11.899669099704663,8.96704384496552
2022-07-19 13:00:00,31.0,72,25.4,0.1,40,488.0,15.1,230,11.567271091096568,9.706092906266743
2022-07-19 14:00:00,30.5,74,25.4,0.1,55,167.0,12.3,238,10.43099158272404,6.518006950068422
2022-07-19 15:00:00,30.8,73,25.4,0.1,48,86.0,11.9,245,10.785062665736136,5.02915731471432
2022-07-19 16:00:00,30.5,74,25.4,0.0,60,43.0,11.4,252,10.84204428576475,3.5227937358744024
2022-07-19 17:00:00,30.4,75,25.4,0.0,45,53.0,10.5,254,10.09324780735235,2.894192236078488
2022-07-19 18:00:00,29.8,78,25.5,0.0,56,0.0,6.2,277,6.153786140176196,-0.7555899291119157
2022-07-19 19:00:00,29.3,80,25.4,0.0,44,0.0,5.9,308,4.649263446279659,-3.6324027044213856
2022-07-19 20:00:00,28.9,82,25.4,0.0,40,0.0,6.6,315,4.666904755831214,-4.6669047558312124
2022-07-19 21:00:00,28.6,84,25.6,0.0,27,0.0,7.6,289,7.1859411745548085,-2.474317973874388
2022-07-19 22:00:00,28.4,85,25.6,0.0,24,0.0,6.8,267,6.790680836331102,0.3558845024520213
2022-07-19 23:00:00,28.1,87,25.6,0.0,10,0.0,8.1,291,7.562001454627333,-2.902780391316933
2022-07-20 00:00:00,27.9,87,25.6,0.0,10,0.0,8.2,299,7.171881598543044,-3.975438886019965
2022-07-20 01:00:00,27.7,88,25.5,0.0,23,0.0,7.1,300,6.148780366869514,-3.5500000000000007
2022-07-20 02:00:00,27.5,88,25.4,0.0,20,0.0,8.8,305,7.208537989743128,-5.047472639889206
2022-07-20 03:00:00,27.1,90,25.4,0.0,21,0.0,9.5,299,8.308887217824259,-4.605691392340204
2022-07-20 04:00:00,26.8,92,25.3,0.0,22,0.0,10.5,286,10.093247807352348,-2.894192236078493
2022-07-20 05:00:00,26.8,91,25.2,0.0,19,0.0,11.4,283,11.107818738551682,-2.5644420195200603
2022-07-20 06:00:00,26.6,92,25.2,0.0,40,5.0,9.3,306,7.523858047687013,-5.466402846319999
2022-07-20 07:00:00,27.9,87,25.6,0.0,31,93.0,6.8,288,6.467184310807045,-2.101315561749641
2022-07-20 08:00:00,29.5,81,26.0,0.0,17,266.0,11.5,266,11.47198657798798,0.8021994480574441
2022-07-20 09:00:00,30.7,76,26.0,0.0,11,483.0,16.2,266,16.16053761420915,1.1300548746548345
2022-07-20 10:00:00,31.6,70,25.6,0.0,2,655.0,18.4,264,18.299202874776228,1.9233237241248216
2022-07-20 11:00:00,32.3,67,25.5,0.0,0,775.0,19.8,260,19.49919350964172,3.4382339178052206
2022-07-20 12:00:00,32.6,67,25.8,0.0,7,806.0,19.7,255,19.028738777894645,5.098735188519656
2022-07-20 13:00:00,32.7,68,25.9,0.0,8,765.0,19.6,250,18.417975367403805,6.703594809183104
2022-07-20 14:00:00,32.4,69,26.0,0.0,6,708.0,18.5,246,16.90059096638812,7.524627896902301
2022-07-20 15:00:00,32.3,69,25.9,0.0,11,537.0,16.9,250,15.88080529128185,5.7801404222037975
2022-07-20 16:00:00,31.9,71,26.1,0.0,14,409.0,14.2,249,13.256842056260265,5.0888248835432695
2022-07-20 17:00:00,31.4,74,26.2,0.0,7,250.0,9.8,242,8.652886410017485,4.600821315301729
2022-07-20 18:00:00,30.8,77,26.3,0.0,11,87.0,6.2,234,5.015905365124674,3.644268564213334
2022-07-20 19:00:00,30.0,81,26.3,0.0,24,9.0,7.3,279,7.210124886344506,-1.141971594793684
2022-07-20 20:00:00,29.3,84,26.3,0.0,5,0.0,7.6,273,7.589584464134761,-0.3977532674463739
2022-07-20 21:00:00,28.7,86,26.2,0.0,8,0.0,7.3,281,7.165878439167946,-1.392905666248779
2022-07-20 22:00:00,28.2,89,26.3,0.0,6,0.0,8.0,288,7.608452130361229,-2.472135954999578
2022-07-20 23:00:00,28.0,91,26.3,0.0,4,0.0,8.0,288,7.608452130361229,-2.472135954999578
2022-07-21 00:00:00,27.7,92,26.3,0.0,2,0.0,7.3,290,6.8597561317371305,-2.496747046277384
2022-07-21 01:00:00,27.5,93,26.3,0.0,2,0.0,8.7,287,8.319851376878407,-2.543633831087809
2022-07-21 02:00:00,27.1,95,26.3,0.0,1,0.0,9.2,281,9.030970087718506,-1.7554427574642149
2022-07-21 03:00:00,27.2,93,25.9,0.0,5,0.0,7.4,293,6.81173591554806,-2.891410350820624
2022-07-21 04:00:00,26.9,93,25.8,0.0,11,0.0,5.4,307,4.312631754255383,-3.249801125021059
2022-07-21 05:00:00,26.7,94,25.6,0.0,5,0.0,5.4,312,4.012982057577931,-3.613305274337832
2022-07-21 06:00:00,26.7,93,25.5,0.0,7,5.0,4.7,328,2.490620541896064,-3.985826051935202
2022-07-21 07:00:00,28.0,88,25.8,0.0,4,80.0,5.2,326,2.907803098047882,-4.3109953772862175
2022-07-21 08:00:00,29.1,80,25.2,0.0,2,261.0,5.2,326,2.907803098047882,-4.3109953772862175
2022-07-21 09:00:00,29.9,75,25.0,0.0,1,415.0,4.3,312,3.1955227495527967,-2.877261607343089
2022-07-21 10:00:00,30.7,71,24.9,0.0,0,620.0,2.9,270,2.9,5.327213576290986e-16
2022-07-21 11:00:00,31.3,69,24.9,0.0,2,748.0,4.3,222,2.8772616073430903,3.195522749552795
2022-07-21 12:00:00,31.7,68,25.1,0.0,5,768.0,7.0,215,4.015035054457323,5.734064310022943
2022-07-21 13:00:00,31.8,69,25.3,0.0,16,767.0,7.0,215,4.015035054457323,5.734064310022943
2022-07-21 14:00:00,31.8,70,25.5,0.0,13,677.0,7.9,210,3.950000000000001,6.841600689897065
2022-07-21 15:00:00,31.4,72,25.7,0.0,57,451.0,5.8,202,2.172718241812289,5.377666356487367
2022-07-21 16:00:00,31.2,72,25.6,0.0,79,324.0,5.9,191,1.125773072721614,5.791600382341218
2022-07-21 17:00:00,30.8,74,25.6,0.0,48,155.0,5.4,200,1.846908773958611,5.074340152243906
2022-07-21 18:00:00,30.3,76,25.7,0.0,27,82.0,6.1,177,-0.3192493330819572,6.0916401620029
2022-07-21 19:00:00,29.8,79,25.7,0.0,29,12.0,5.9,194,1.4273391840380385,5.72474478502838
2022-07-21 20:00:00,29.2,85,26.4,0.0,15,0.0,4.1,225,2.8991378028648445,2.8991378028648453
2022-07-21 21:00:00,28.8,85,26.0,0.0,11,0.0,2.6,304,2.1554976886431083,-1.4539015490239422
2022-07-21 22:00:00,28.4,87,26.1,0.0,16,0.0,4.1,322,2.5242120488351985,-3.23084408978756
2022-07-21 23:00:00,27.2,93,26.1,0.0,12,0.0,4.3,312,3.1955227495527967,-2.877261607343089
2022-07-22 00:00:00,26.9,94,25.8,0.0,6,0.0,5.7,305,4.669166652447253,-3.2693856872009626
2022-07-22 01:00:00,26.6,95,25.7,0.0,8,0.0,6.0,303,5.032023407672545,-3.26783421009016
2022-07-22 02:00:00,26.4,95,25.5,0.0,6,0.0,7.4,299,6.472185832831528,-3.5875911898228963
2022-07-22 03:00:00,26.6,95,25.8,0.0,6,0.0,6.9,298,6.0923383907265976,-3.239353783222644
2022-07-22 04:00:00,26.3,97,25.9,0.0,16,0.0,4.8,312,3.5670951622914937,-3.211826910522517
2022-07-22 05:00:00,26.8,96,26.1,0.0,80,0.0,0.8,333,0.3631923997916376,-0.7128052193506943
2022-07-22 06:00:00,26.9,95,26.1,0.0,80,3.0,3.8,107,-3.633958072659535,1.1110124779463992
2022-07-22 07:00:00,28.1,92,26.7,0.0,5,74.0,3.9,124,-3.233246532964663,2.180852323535912
2022-07-22 08:00:00,29.4,85,26.5,0.0,35,229.0,4.8,138,-3.21182691052252,3.567095162291492
2022-07-22 09:00:00,30.0,81,26.3,0.0,46,311.0,3.5,156,-1.4235782507653014,3.197409101749103
2022-07-22 10:00:00,30.8,76,26.0,0.0,33,496.0,4.0,175,-0.3486229709906328,3.984778792366982
2022-07-22 11:00:00,31.2,74,26.0,0.0,25,575.0,5.1,188,0.7097828148963341,5.050367150582008
2022-07-22 12:00:00,31.7,71,25.9,0.0,20,638.0,7.2,186,0.7526049355271052,7.160557646651568
2022-07-22 13:00:00,31.8,71,25.9,0.0,15,695.0,10.1,182,0.352484916695259,10.093847352892867
2022-07-22 14:00:00,31.7,71,25.7,0.0,59,561.0,7.9,183,0.4134540543192542,7.889173324561134
2022-07-22 15:00:00,31.3,72,25.6,0.0,50,361.0,8.8,189,1.3766232923540305,8.691657397237213
2022-07-22 16:00:00,30.9,73,25.5,0.0,82,220.0,8.0,207,3.631923997916373,7.128052193506943
2022-07-22 17:00:00,30.6,75,25.5,0.0,20,193.0,8.0,216,4.702282018339784,6.47213595499958
2022-07-22 18:00:00,30.2,76,25.5,0.0,54,113.0,3.4,212,1.8017254983928963,2.8833635269318485
2022-07-22 19:00:00,29.6,79,25.6,0.0,37,11.0,3.7,281,3.632020578756357,-0.705993282893217
2022-07-22 20:00:00,29.1,82,25.7,0.0,68,0.0,5.6,230,4.289848881466276,3.5996106142446207
2022-07-22 21:00:00,28.5,86,25.9,0.0,71,0.0,6.0,253,5.737828535778212,1.7542302283364226
2022-07-22 22:00:00,28.0,89,26.0,0.0,78,0.0,6.8,273,6.790680836331102,-0.3558845024520188
2022-07-22 23:00:00,27.6,91,25.9,0.0,75,0.0,6.6,279,6.518743047927909,-1.0324674692655225
2022-07-23 00:00:00,27.4,91,25.8,0.0,57,0.0,5.5,293,5.062776693988423,-2.149021206691004
2022-07-23 01:00:00,27.3,91,25.7,0.0,41,0.0,5.4,307,4.312631754255383,-3.249801125021059
2022-07-23 02:00:00,27.2,90,25.5,0.0,14,0.0,5.6,310,4.289848881466277,-3.59961061424462
2022-07-23 03:00:00,27.2,92,25.7,0.0,3,0.0,6.5,304,5.38874422160777,-3.634753872559856
2022-07-23 04:00:00,27.1,92,25.6,0.0,1,0.0,6.3,301,5.400153994423308,-3.244739871933341
2022-07-23 05:00:00,26.7,93,25.4,0.0,2,0.0,6.8,302,5.766727053863697,-3.603450996785792
2022-07-23 06:00:00,26.9,92,25.6,0.0,10,4.0,0.8,153,-0.3631923997916375,0.7128052193506943
2022-07-23 07:00:00,28.6,86,26.0,0.0,11,89.0,2.3,141,-1.4474368994146258,1.7874357113510329
2022-07-23 08:00:00,29.5,81,25.9,0.0,39,235.0,4.5,151,-2.181643291108517,3.935788682127281
2022-07-23 09:00:00,30.3,77,25.8,0.0,53,465.0,5.2,168,-1.0811407922523484,5.08636752381579
2022-07-23 10:00:00,31.0,73,25.6,0.0,63,604.0,6.5,183,0.3401837155791332,6.49109197590473
2022-07-23 11:00:00,31.4,71,25.5,0.0,47,602.0,7.9,183,0.4134540543192542,7.889173324561134
2022-07-23 12:00:00,31.8,69,25.4,0.0,25,806.0,9.7,178,-0.338525118014261,9.694091022085228
2022-07-23 13:00:00,31.9,69,25.5,0.0,13,729.0,10.1,163,-2.95295421769964,9.65867803522666
2022-07-23 14:00:00,31.8,69,25.5,0.0,23,617.0,11.2,159,-4.013721034907362,10.45610077676866
2022-07-23 15:00:00,31.5,71,25.6,0.0,35,593.0,11.0,161,-3.5812496990287226,10.400704331592486
2022-07-23 16:00:00,31.1,72,25.5,0.0,28,394.0,9.5,171,-1.4861274178821944,9.383039235653808
2022-07-23 17:00:00,30.8,73,25.4,0.0,19,299.0,9.7,184,0.6766377953180152,9.676371287520292
2022-07-23 18:00:00,30.1,76,25.4,0.0,78,112.0,11.9,178,-0.4153040107597636,11.89275084152724
2022-07-23 19:00:00,29.2,80,25.5,0.0,85,11.0,8.0,188,1.1133848076805242,7.922144549932562
2022-07-23 20:00:00,28.7,83,25.5,0.0,88,0.0,7.2,207,3.268731598124736,6.415246974156249
2022-07-23 21:00:00,28.3,85,25.6,0.0,88,0.0,7.1,221,4.6580191058326,5.358438019581682
2022-07-23 22:00:00,28.1,86,25.5,0.0,68,0.0,7.4,231,5.750880114781583,4.656970893768801
2022-07-23 23:00:00,27.8,87,25.5,0.0,58,0.0,7.4,241,6.47218583283153,3.5875911898228927
2022-07-24 00:00:00,27.7,88,25.5,0.0,52,0.0,7.9,246,7.217009115376548,3.2132194802988208
2022-07-24 01:00:00,27.6,88,25.4,0.0,45,0.0,9.1,252,8.654614298285896,2.8120546488120226
2022-07-24 02:00:00,27.5,88,25.3,0.0,38,0.0,9.1,252,8.654614298285896,2.8120546488120226
2022-07-24 03:00:00,27.3,91,25.6,0.0,35,0.0,7.9,240,6.8416006898970645,3.950000000000004
2022-07-24 04:00:00,27.0,92,25.6,0.0,49,0.0,8.6,237,7.212566884330648,4.683895701129232
2022-07-24 05:00:00,26.6,94,25.6,0.0,80,0.0,5.6,220,3.59961061424462,4.289848881466277
2022-07-24 06:00:00,26.6,94,25.5,0.0,82,4.0,1.5,135,-1.0606601717798214,1.0606601717798212
2022-07-24 07:00:00,28.3,87,26.0,0.0,89,64.0,1.9,158,-0.7117525274902332,1.7616493236768958
2022-07-24 08:00:00,29.2,81,25.7,0.1,80,147.0,4.9,163,-1.4326213531414094,4.685893304218874
2022-07-24 09:00:00,30.0,77,25.5,0.1,86,300.0,5.8,150,-2.8999999999999995,5.022947341949744
2022-07-24 10:00:00,30.8,73,25.4,0.1,85,414.0,7.4,151,-3.587591189822896,6.472185832831529
2022-07-24 11:00:00,31.3,71,25.4,0.1,78,504.0,9.5,151,-4.605691392340203,8.30888721782426
2022-07-24 12:00:00,31.7,70,25.5,0.0,37,679.0,10.3,155,-4.352968095929205,9.334970206477497
2022-07-24 13:00:00,31.9,69,25.4,0.0,23,664.0,10.3,155,-4.352968095929205,9.334970206477497
2022-07-24 14:00:00,32.0,68,25.3,0.0,18,646.0,9.8,156,-3.9860191021428446,8.952745484897488
2022-07-24 15:00:00,31.7,71,25.7,0.0,20,612.0,10.0,165,-2.58819045102521,9.65925826289068
2022-07-24 16:00:00,31.5,71,25.5,0.0,26,421.0,10.8,178,-0.3769145643870124,10.793420931806237
2022-07-24 17:00:00,31.0,71,25.2,0.0,28,248.0,7.7,191,1.4692292643993945,7.558529312547013
2022-07-24 18:00:00,30.4,73,25.1,0.0,30,78.0,9.0,178,-0.3140954703225103,8.994517443171862
2022-07-24 19:00:00,29.4,77,25.0,0.0,35,5.0,7.2,180,-8.817456953860943e-16,7.2
2022-07-24 20:00:00,28.8,80,25.0,0.0,41,0.0,7.3,191,1.3929056662487764,7.165878439167947
2022-07-24 21:00:00,28.4,82,25.1,0.0,43,0.0,8.1,201,2.902780391316933,7.562001454627333
2022-07-24 22:00:00,28.1,84,25.2,0.0,44,0.0,7.2,207,3.268731598124736,6.415246974156249
2022-07-24 23:00:00,27.9,86,25.2,0.0,42,0.0,6.9,219,4.34231069824388,5.362307134053099
2022-07-25 00:00:00,27.8,86,25.2,0.0,39,0.0,7.1,240,6.148780366869513,3.550000000000003
2022-07-25 01:00:00,27.6,87,25.3,0.0,40,0.0,7.1,255,6.858073366652385,1.8376152202278964
2022-07-25 02:00:00,27.4,88,25.3,0.0,43,0.0,6.3,257,6.1385314081469815,1.417191642366351
2022-07-25 03:00:00,27.2,90,25.4,0.0,31,0.0,6.8,252,6.467184310807044,2.1013155617496437
2022-07-25 04:00:00,27.4,89,25.5,0.0,16,0.0,4.1,255,3.96029588778518,1.0611580849203346
2022-07-25 05:00:00,28.0,86,25.4,0.0,26,0.0,1.4,270,1.4,2.571758278209441e-16
2022-07-25 06:00:00,28.0,86,25.4,0.0,24,2.0,1.0,45,-0.7071067811865476,-0.7071067811865476
2022-07-25 07:00:00,28.7,83,25.5,0.0,26,55.0,1.6,63,-1.4256104387013886,-0.726384799583275
2022-07-25 08:00:00,29.3,79,25.2,0.0,54,141.0,3.3,131,-2.490541614735148,2.1649947956686737
2022-07-25 09:00:00,30.1,76,25.4,0.0,81,311.0,5.1,135,-3.606244584051392,3.606244584051392
2022-07-25 10:00:00,30.7,73,25.3,0.1,69,293.0,6.1,130,-4.6728711030257655,3.92100441908789
2022-07-25 11:00:00,31.0,73,25.5,0.0,26,353.0,6.6,135,-4.666904755831213,4.666904755831213
2022-07-25 12:00:00,31.3,71,25.5,0.0,10,452.0,6.3,149,-3.2447398719333425,5.400153994423307
2022-07-25 13:00:00,31.8,69,25.5,0.0,12,608.0,5.6,153,-2.542346798541462,4.989636535454859
2022-07-25 14:00:00,31.9,68,25.4,0.0,43,506.0,4.6,141,-2.894873798829252,3.5748714227020657
2022-07-25 15:00:00,31.7,70,25.5,0.0,69,485.0,5.7,162,-1.7613968679372007,5.421022142882375
2022-07-25 16:00:00,31.4,71,25.5,0.0,80,392.0,3.9,158,-1.4609657143220578,3.616017032810471
2022-07-25 17:00:00,31.0,72,25.4,0.0,72,224.0,1.5,256,1.4554435894139948,0.3628828433995016
2022-07-25 18:00:00,30.6,74,25.4,0.0,29,76.0,6.2,173,-0.7555899291119148,6.153786140176196
2022-07-25 19:00:00,29.9,78,25.6,0.0,24,8.0,6.8,180,-8.327598234202001e-16,6.8
2022-07-25 20:00:00,29.2,83,26.0,0.0,24,0.0,6.2,170,-1.0766187015349675,6.10580806867569
2022-07-25 21:00:00,28.5,87,26.2,0.0,16,0.0,2.9,210,1.4500000000000002,2.511473670974872
2022-07-25 22:00:00,28.3,88,26.1,0.0,7,0.0,3.2,270,3.2,5.878304635907295e-16
2022-07-25 23:00:00,27.8,90,26.0,0.0,13,0.0,4.7,279,4.642135200797148,-0.7352419856890842
2022-07-26 00:00:00,27.3,92,25.8,0.0,20,0.0,6.5,289,6.14587074139556,-2.116193003971516
2022-07-26 01:00:00,27.4,91,25.8,0.0,23,0.0,6.5,289,6.14587074139556,-2.116193003971516
2022-07-26 02:00:00,27.6,90,25.7,0.0,37,0.0,6.7,286,6.440453362786736,-1.846770283973896
2022-07-26 03:00:00,27.7,87,25.4,0.0,26,0.0,6.4,286,6.152074854005241,-1.7640790772287962
2022-07-26 04:00:00,27.6,88,25.3,0.0,43,0.0,7.1,294,6.486172749262467,-2.887830165838178
2022-07-26 05:00:00,27.4,88,25.3,0.0,31,0.0,5.6,297,4.989636535454861,-2.542346798541461
2022-07-26 06:00:00,27.4,89,25.4,0.0,25,3.0,4.7,270,4.7,8.63375993398884e-16
2022-07-26 07:00:00,28.6,81,25.0,0.0,11,65.0,5.2,245,4.712800492590581,2.197614961051636
2022-07-26 08:00:00,29.1,79,25.0,0.0,24,168.0,7.4,223,5.046787864462488,5.412017391981863
2022-07-26 09:00:00,29.9,75,25.1,0.1,34,344.0,7.7,221,5.051654523226905,5.811263767715346
2022-07-26 10:00:00,30.6,71,24.8,0.1,46,462.0,6.9,223,4.705788684431239,5.0463405411722775
2022-07-26 11:00:00,30.7,71,24.7,0.2,51,540.0,7.7,208,3.61493103345136,6.798696465013737
2022-07-26 12:00:00,31.0,69,24.6,0.2,58,539.0,7.6,188,1.057715567296498,7.526037322435934
2022-07-26 13:00:00,30.8,70,24.6,0.1,59,430.0,5.9,169,-1.1257730727216153,5.791600382341218
2022-07-26 14:00:00,30.7,70,24.6,0.2,69,447.0,5.5,169,-1.0494494745709972,5.398949508962152
2022-07-26 15:00:00,30.3,73,25.0,0.1,66,304.0,7.7,152,-3.6149310334513594,6.798696465013738
2022-07-26 16:00:00,30.3,73,25.0,0.1,95,297.0,5.5,157,-2.149021206691006,5.062776693988422
2022-07-26 17:00:00,30.3,73,24.9,0.1,55,218.0,5.2,155,-2.1976149610516376,4.71280049259058
2022-07-26 18:00:00,30.0,74,24.8,0.0,34,105.0,4.7,148,-2.490620541896063,3.985826051935202
2022-07-26 19:00:00,29.4,78,25.2,0.0,28,10.0,6.2,144,-3.644268564213334,5.015905365124674
2022-07-26 20:00:00,28.8,82,25.4,0.0,18,0.0,4.2,149,-2.1631599146222285,3.6001026629488715
2022-07-26 21:00:00,28.4,83,25.2,0.0,21,0.0,1.6,207,0.7263847995832746,1.4256104387013888
2022-07-26 22:00:00,28.1,85,25.3,0.0,18,0.0,3.4,302,2.8833635269318485,-1.801725498392896
2022-07-26 23:00:00,28.2,85,25.4,0.0,21,0.0,5.3,298,4.6796222421523135,-2.488199282765219
2022-07-27 00:00:00,28.1,85,25.3,0.0,18,0.0,6.3,294,5.755336383148387,-2.5624408513775383
2022-07-27 01:00:00,28.0,85,25.3,0.0,16,0.0,6.3,294,5.755336383148387,-2.5624408513775383
2022-07-27 02:00:00,27.9,86,25.3,0.0,16,0.0,6.3,294,5.755336383148387,-2.5624408513775383
2022-07-27 03:00:00,26.6,91,24.9,0.0,24,0.0,6.1,298,5.385980316439455,-2.8637765329939318
2022-07-27 04:00:00,26.7,90,24.9,0.0,22,0.0,5.2,304,4.310995377286217,-2.9078030980478844
2022-07-27 05:00:00,27.8,84,24.8,0.0,35,0.0,2.7,337,1.0549740469210396,-2.4853631043215887
2022-07-27 06:00:00,27.7,83,24.5,0.2,54,3.0,3.4,18,-1.0506577808748212,-3.233592155403522
2022-07-27 07:00:00,28.2,81,24.7,0.1,51,60.0,4.0,360,9.797174393178826e-16,-4.0
2022-07-27 08:00:00,28.7,79,24.6,0.1,42,142.0,3.6,354,0.3763024677635523,-3.580278823325784
2022-07-27 09:00:00,29.2,77,24.9,0.1,31,314.0,1.8,360,4.4087284769304716e-16,-1.8
2022-07-27 10:00:00,29.6,77,25.0,0.1,19,337.0,1.5,104,-1.4554435894139948,0.3628828433995016
2022-07-27 11:00:00,30.4,74,25.2,0.1,23,618.0,5.1,141,-3.2095339943541705,3.963444403430551
2022-07-27 12:00:00,30.8,71,25.0,0.1,17,580.0,5.9,133,-4.314986839553106,4.023790324368741
2022-07-27 13:00:00,30.8,70,24.8,0.1,47,587.0,4.8,132,-3.5670951622914924,3.2118269105225195
2022-07-27 14:00:00,30.9,71,25.0,0.0,33,572.0,5.9,128,-4.64926344627966,3.632402704421384
2022-07-27 15:00:00,30.8,70,24.7,0.0,26,428.0,6.4,128,-5.043268823083022,3.940233442084213
2022-07-27 16:00:00,30.8,70,24.7,0.0,10,375.0,6.0,107,-5.737828535778213,1.75423022833642
2022-07-27 17:00:00,30.6,70,24.6,0.0,6,233.0,4.4,125,-3.604268994871564,2.5237363199446032
2022-07-27 18:00:00,30.2,72,24.5,0.0,16,108.0,6.1,140,-3.9210044190878905,4.672871103025765
2022-07-27 19:00:00,29.6,75,24.7,0.0,18,10.0,6.1,140,-3.9210044190878905,4.672871103025765
2022-07-27 20:00:00,28.7,82,25.4,0.0,7,0.0,7.1,150,-3.5499999999999994,6.148780366869515
2022-07-27 21:00:00,28.6,83,25.4,0.0,5,0.0,4.7,157,-1.8364363038995868,4.32637281122647
2022-07-27 22:00:00,28.7,82,25.2,0.0,8,0.0,1.6,153,-0.7263847995832751,1.4256104387013886
2022-07-27 23:00:00,28.5,83,25.3,0.0,0,0.0,1.9,112,-1.761649323676896,0.7117525274902329
2022-07-28 00:00:00,27.5,88,25.3,0.0,1,0.0,3.4,72,-3.233592155403522,-1.0506577808748212
2022-07-28 01:00:00,26.8,92,25.4,0.0,3,0.0,3.1,69,-2.8940993221413254,-1.1109406435904312
2022-07-28 02:00:00,26.5,93,25.3,0.0,5,0.0,3.5,66,-3.197409101749103,-1.4235782507653008
2022-07-28 03:00:00,27.4,86,24.9,0.0,3,0.0,3.3,49,-2.490541614735148,-2.1649947956686737
2022-07-28 04:00:00,27.4,86,24.9,0.0,3,0.0,3.9,34,-2.180852323535913,-3.233246532964663
2022-07-28 05:00:00,26.8,89,24.8,0.0,4,0.0,3.9,56,-3.233246532964663,-2.1808523235359125
2022-07-28 06:00:00,26.3,91,24.8,0.0,16,3.0,4.9,54,-3.9641832724372423,-2.8801477362331185
2022-07-28 07:00:00,28.2,81,24.6,0.0,7,82.0,5.4,42,-3.613305274337834,-4.012982057577929
2022-07-28 08:00:00,28.9,77,24.4,0.0,14,222.0,4.6,45,-3.2526911934581184,-3.2526911934581184
2022-07-28 09:00:00,29.6,74,24.5,0.0,10,342.0,3.1,69,-2.8940993221413254,-1.1109406435904312
2022-07-28 10:00:00,30.2,71,24.3,0.0,8,458.0,3.9,124,-3.233246532964663,2.180852323535912
2022-07-28 11:00:00,30.7,69,24.3,0.0,11,539.0,7.1,139,-4.658019105832602,5.358438019581681
2022-07-28 12:00:00,30.9,68,24.3,0.0,10,525.0,9.9,134,-7.121464023352646,6.877117867544074
2022-07-28 13:00:00,31.3,66,24.3,0.0,17,749.0,8.7,114,-7.947845481490627,3.538608794759462
2022-07-28 14:00:00,31.2,66,24.1,0.0,19,572.0,7.8,112,-7.232034065620942,2.9219314286441143
2022-07-28 15:00:00,31.4,65,23.9,0.0,18,610.0,9.8,118,-8.652886410017484,4.600821315301731
2022-07-28 16:00:00,31.2,64,23.7,0.0,10,468.0,9.2,116,-8.268905225952334,4.033014550459513
2022-07-28 17:00:00,30.7,66,23.5,0.0,12,242.0,8.9,111,-8.308865795825096,3.1894747509531727
2022-07-28 18:00:00,30.2,68,23.6,0.0,8,110.0,7.4,119,-6.47218583283153,3.587591189822894
2022-07-28 19:00:00,29.4,72,23.7,0.0,12,11.0,6.7,126,-5.420413862312148,3.9381611903595695
2022-07-28 20:00:00,28.6,76,24.0,0.0,10,0.0,7.6,135,-5.374011537017761,5.37401153701776
2022-07-28 21:00:00,27.7,84,24.7,0.0,6,0.0,6.2,126,-5.0159053651246746,3.644268564213333
2022-07-28 22:00:00,27.4,85,24.6,0.0,10,0.0,7.2,127,-5.750175672340507,4.333068166694749
2022-07-28 23:00:00,26.9,87,24.6,0.0,6,0.0,6.6,119,-5.772490067120012,3.199743493625824
2022-07-29 00:00:00,26.3,90,24.6,0.0,8,0.0,4.4,81,-4.345828698618607,-0.6883116461770161
2022-07-29 01:00:00,26.0,92,24.6,0.0,12,0.0,3.3,49,-2.490541614735148,-2.1649947956686737
2022-07-29 02:00:00,25.9,92,24.5,0.0,12,0.0,3.9,68,-3.616017032810471,-1.460965714322057
2022-07-29 03:00:00,26.0,91,24.3,0.0,16,0.0,5.7,72,-5.421022142882375,-1.7613968679372003
2022-07-29 04:00:00,26.1,89,24.1,0.0,18,0.0,6.3,66,-5.755336383148386,-2.5624408513775414
2022-07-29 05:00:00,26.2,88,24.0,0.0,17,0.0,6.6,81,-6.518743047927909,-1.032467469265524
2022-07-29 06:00:00,26.6,87,24.2,0.0,17,3.0,9.0,90,-9.0,-5.51091059616309e-16
2022-07-29 07:00:00,27.8,82,24.5,0.0,12,66.0,9.0,88,-8.994517443171862,-0.3140954703225097
2022-07-29 08:00:00,29.1,75,24.2,0.0,11,240.0,8.7,85,-8.666893873398186,-0.7582549619046257
2022-07-29 09:00:00,30.0,71,24.1,0.0,14,394.0,8.0,95,-7.969557584733964,0.6972459419812659
2022-07-29 10:00:00,30.6,67,23.9,0.0,9,570.0,8.0,117,-7.128052193506943,3.631923997916374
2022-07-29 11:00:00,31.1,66,23.9,0.0,14,685.0,8.9,130,-6.817795543758905,5.7208097262102005
2022-07-29 12:00:00,31.2,65,23.8,0.0,17,662.0,9.1,124,-7.544241910250879,5.088655421583795
2022-07-29 13:00:00,31.3,66,24.1,0.0,27,640.0,8.9,122,-7.547628055792193,4.716281451675523
2022-07-29 14:00:00,31.2,67,24.2,0.0,22,578.0,10.8,127,-8.625263508510763,6.499602250042123
2022-07-29 15:00:00,31.4,69,25.1,0.0,27,450.0,12.0,136,-8.335900445507965,8.632077604063817
2022-07-29 16:00:00,31.0,72,25.2,0.0,38,300.0,12.0,134,-8.632077604063813,8.335900445507969
2022-07-29 17:00:00,30.4,73,25.1,0.1,47,115.0,12.6,127,-10.062807426595889,7.582869291715809
2022-07-29 18:00:00,29.3,79,25.2,0.3,41,60.0,11.3,121,-9.68599049793387,5.819930246483613
2022-07-29 19:00:00,28.9,82,25.4,0.1,25,4.0,10.1,125,-8.273435647318816,5.793122007145566
2022-07-29 20:00:00,28.6,83,25.5,0.0,20,0.0,10.0,120,-8.660254037844387,4.999999999999998
2022-07-29 21:00:00,28.3,85,25.5,0.0,17,0.0,11.0,113,-10.125553387976844,4.298042413382012
2022-07-29 22:00:00,28.2,86,25.6,0.0,10,0.0,12.6,110,-11.840127021902443,4.309453805903425
2022-07-29 23:00:00,28.1,87,25.7,0.0,5,0.0,14.0,108,-13.314791228132153,4.326237921249263
2022-07-30 00:00:00,27.8,89,25.7,0.0,14,0.0,14.5,104,-14.06928803100195,3.507867486195183
2022-07-30 01:00:00,27.5,90,25.7,0.0,16,0.0,14.4,94,-14.36492232374147,1.0044932219154048
2022-07-30 02:00:00,27.1,92,25.7,0.0,14,0.0,10.4,92,-10.393664600998596,0.3629547657060099
2022-07-30 03:00:00,26.7,91,25.1,0.0,13,0.0,9.7,112,-8.993683389297837,3.633683956134347
2022-07-30 04:00:00,26.6,91,25.0,0.0,7,0.0,9.9,123,-8.302838622659698,5.391926446648768
2022-07-30 05:00:00,26.7,90,24.9,0.0,11,0.0,7.9,120,-6.841600689897066,3.9499999999999984
2022-07-30 06:00:00,26.8,90,25.0,0.0,7,3.0,10.5,112,-9.735430472951268,3.933369230867077
2022-07-30 07:00:00,27.8,86,25.2,0.1,14,76.0,9.1,108,-8.654614298285898,2.812054648812021
2022-07-30 08:00:00,29.0,80,25.1,0.2,28,260.0,11.2,111,-10.45610077676866,4.013721034907363
2022-07-30 09:00:00,29.5,78,25.3,0.1,28,357.0,11.3,121,-9.68599049793387,5.819930246483613
2022-07-30 10:00:00,30.2,74,25.1,0.1,32,563.0,12.0,123,-10.064046815345089,6.5356684201803255
2022-07-30 11:00:00,30.5,74,25.3,0.1,28,572.0,13.0,132,-9.660882731206126,8.698697882665158
2022-07-30 12:00:00,30.7,75,25.7,0.1,18,672.0,14.5,136,-10.07254637165546,10.430427104910445
2022-07-30 13:00:00,31.1,73,25.6,0.4,63,694.0,13.4,121,-11.486041829408306,6.901510203794728
2022-07-30 14:00:00,30.5,76,25.8,0.4,65,403.0,10.5,106,-10.093247807352348,2.89419223607849
2022-07-30 15:00:00,30.2,77,25.7,0.6,33,327.0,10.8,116,-9.706975700031004,4.734408385322038
2022-07-30 16:00:00,29.9,78,25.7,0.5,43,201.0,10.9,107,-10.423721839997087,3.1868515814778298
2022-07-30 17:00:00,29.8,78,25.7,0.1,35,167.0,9.2,101,-9.030970087718508,1.755442757464212
2022-07-30 18:00:00,29.7,78,25.4,0.0,22,80.0,7.3,101,-7.165878439167947,1.392905666248777
2022-07-30 19:00:00,29.4,79,25.4,0.0,21,5.0,5.9,104,-5.72474478502838,1.42733918403804
2022-07-30 20:00:00,28.9,83,25.8,0.0,27,0.0,6.1,135,-4.31335136523794,4.313351365237939
2022-07-30 21:00:00,28.2,88,25.9,0.0,35,0.0,6.4,164,-1.764079077228795,6.1520748540052415
2022-07-30 22:00:00,27.8,90,26.0,0.0,58,0.0,2.5,180,-3.061616997868383e-16,2.5
2022-07-30 23:00:00,27.8,88,25.6,1.0,100,0.0,0.5,315,0.3535533905932738,-0.3535533905932737
2022-07-31 00:00:00,26.8,93,25.6,0.1,94,0.0,3.2,333,1.4527695991665504,-2.851220877402777
2022-07-31 01:00:00,26.7,94,25.6,0.2,100,0.0,2.5,352,0.3479327524001647,-2.475670171853926
2022-07-31 02:00:00,26.3,93,25.1,1.1,68,0.0,3.0,284,2.910887178827989,-0.7257656867990023
2022-07-31 03:00:00,26.7,92,25.2,0.3,100,0.0,4.2,200,1.4364846019678084,3.946709007300816
2022-07-31 04:00:00,26.5,95,25.5,0.4,96,0.0,3.4,162,-1.0506577808748214,3.233592155403522
2022-07-31 05:00:00,26.4,94,25.4,0.1,100,0.0,3.1,126,-2.5079526825623373,1.8221342821066664
2022-07-31 06:00:00,26.1,96,25.4,0.1,51,1.0,2.9,150,-1.4499999999999995,2.511473670974872
2022-07-31 07:00:00,27.1,91,25.5,0.0,29,45.0,4.0,117,-3.564026096753472,1.815961998958187
2022-07-31 08:00:00,27.8,88,25.6,0.1,20,118.0,4.3,85,-4.283637201794505,-0.3747696938149299
2022-07-31 09:00:00,28.6,86,26.0,0.1,59,273.0,6.1,87,-6.0916401620029,-0.3192493330819582
2022-07-31 10:00:00,29.4,82,26.0,0.1,58,370.0,6.7,106,-6.440453362786736,1.8467702839738935
2022-07-31 11:00:00,30.2,76,25.6,0.0,55,433.0,6.6,131,-4.981083229470296,4.329989591337347
2022-07-31 12:00:00,30.6,75,25.8,0.0,62,462.0,5.2,146,-2.907803098047884,4.310995377286217
2022-07-31 13:00:00,31.1,74,25.9,0.1,80,438.0,5.4,160,-1.846908773958612,5.074340152243905
2022-07-31 14:00:00,31.2,74,25.9,0.6,65,368.0,5.6,165,-1.4493866525741177,5.409184627218782
2022-07-31 15:00:00,31.2,73,25.8,0.0,62,377.0,4.1,165,-1.061158084920336,3.96029588778518
2022-07-31 16:00:00,31.1,74,25.8,0.1,61,287.0,4.7,148,-2.490620541896063,3.985826051935202
2022-07-31 17:00:00,30.7,75,25.7,0.1,47,134.0,3.4,162,-1.0506577808748214,3.233592155403522
2022-07-31 18:00:00,30.1,78,25.7,0.8,68,24.0,4.1,285,3.960295887785181,-1.061158084920333
2022-07-31 19:00:00,29.6,80,25.8,0.0,48,1.0,5.9,313,4.3149868395531055,-4.023790324368742
2022-07-31 20:00:00,29.0,83,25.9,0.0,40,0.0,6.6,319,4.329989591337348,-4.981083229470294
2022-07-31 21:00:00,28.7,84,25.8,0.0,40,0.0,7.2,307,5.75017567234051,-4.333068166694745
2022-07-31 22:00:00,28.5,85,25.7,0.0,44,0.0,7.3,290,6.8597561317371305,-2.496747046277384
2022-07-31 23:00:00,28.3,85,25.6,0.0,26,0.0,9.2,281,9.030970087718506,-1.7554427574642149
2022-08-01 00:00:00,28.0,87,25.6,0.2,22,0.0,9.0,272,8.994517443171862,-0.3140954703225115
2022-08-01 01:00:00,27.4,90,25.6,0.4,33,0.0,7.9,273,7.889173324561134,-0.4134540543192572
2022-08-01 02:00:00,26.5,92,25.1,2.7,72,0.0,6.2,280,6.105808068675691,-1.0766187015349655
2022-08-01 03:00:00,26.7,91,25.1,0.4,80,0.0,6.0,287,5.737828535778212,-1.7542302283364202
2022-08-01 04:00:00,26.6,91,25.1,0.2,54,0.0,8.2,293,7.548139798310011,-3.2039952536120424
2022-08-01 05:00:00,26.7,90,24.8,0.0,50,0.0,8.5,306,6.876644452187055,-4.99617464448602
2022-08-01 06:00:00,26.7,89,24.8,0.0,62,1.0,6.4,313,4.680663690362691,-4.364789504399991
2022-08-01 07:00:00,27.2,88,25.0,0.1,77,56.0,6.6,283,6.430842427582553,-1.4846769586695083
2022-08-01 08:00:00,28.0,82,24.5,0.3,92,146.0,7.2,267,7.190132650232932,0.376818884949199
2022-08-01 09:00:00,28.7,79,24.7,0.3,95,279.0,9.4,268,9.3942737739795,0.3280552690035072
2022-08-01 10:00:00,29.4,77,25.0,0.1,100,364.0,9.0,272,8.994517443171862,-0.3140954703225115
2022-08-01 11:00:00,29.8,76,25.1,0.0,100,385.0,9.2,281,9.030970087718506,-1.7554427574642149
2022-08-01 12:00:00,30.2,75,25.3,0.0,100,353.0,9.1,288,8.654614298285898,-2.8120546488120195
2022-08-01 13:00:00,30.5,74,25.2,0.0,96,297.0,8.6,292,7.973781149274371,-3.2216167033768426
2022-08-01 14:00:00,30.6,72,25.0,0.0,74,229.0,6.8,302,5.766727053863697,-3.603450996785792
2022-08-01 15:00:00,28.5,84,25.5,0.1,59,0.0,6.6,311,4.981083229470297,-4.3299895913373465
2022-08-01 16:00:00,28.6,83,25.3,0.0,47,5.0,7.4,313,5.412017391981861,-5.04678786446249
2022-08-01 17:00:00,28.5,81,24.9,0.0,42,3.0,7.7,311,5.811263767715347,-5.051654523226905
2022-08-01 18:00:00,28.3,80,24.6,0.0,68,6.0,8.2,322,5.048424097670397,-6.46168817957512
2022-08-01 19:00:00,28.1,80,24.4,0.0,65,0.0,8.2,331,3.9754388860199614,-7.171881598543045
2022-08-01 20:00:00,27.9,81,24.4,0.0,61,0.0,7.7,332,3.61493103345136,-6.798696465013738
2022-08-01 21:00:00,27.8,82,24.3,0.0,67,0.0,7.9,313,5.777694242791446,-5.387787044493739
2022-08-01 22:00:00,27.7,82,24.3,0.0,49,0.0,9.0,286,8.651355263444868,-2.480736202352994
2022-08-01 23:00:00,27.7,82,24.2,0.0,58,0.0,9.5,261,9.383039235653808,1.4861274178821948
2022-08-02 00:00:00,27.5,82,24.2,0.0,53,0.0,8.3,268,8.294943864258496,0.2896658226307563
2022-08-02 01:00:00,27.4,82,24.1,0.0,32,0.0,7.0,282,6.847033205136639,-1.455381835724316
2022-08-02 02:00:00,27.2,83,24.0,0.0,33,0.0,6.0,295,5.4378467222198985,-2.535709570444197
2022-08-02 03:00:00,27.2,81,23.7,0.0,36,0.0,6.3,301,5.400153994423308,-3.244739871933341
2022-08-02 04:00:00,26.9,81,23.5,0.0,56,0.0,6.2,306,5.015905365124675,-3.644268564213332
2022-08-02 05:00:00,26.8,82,23.5,0.0,64,0.0,7.0,305,5.734064310022943,-4.015035054457322
2022-08-02 06:00:00,26.7,84,23.8,0.0,66,0.0,6.6,331,3.199743493625823,-5.772490067120012
2022-08-02 07:00:00,27.2,83,24.1,0.0,59,19.0,7.7,319,5.051654523226907,-5.811263767715344
2022-08-02 08:00:00,27.6,81,23.9,0.1,82,66.0,7.5,305,6.143640332167439,-4.301823272632845
2022-08-02 09:00:00,28.1,80,24.3,0.1,91,169.0,7.6,289,7.1859411745548085,-2.474317973874388
2022-08-02 10:00:00,28.7,78,24.5,0.1,100,232.0,8.5,282,8.314254606237347,-1.7672493719509552
2022-08-02 11:00:00,29.2,76,24.6,0.1,100,293.0,6.8,288,6.467184310807045,-2.101315561749641
2022-08-02 12:00:00,29.4,75,24.6,0.1,100,240.0,6.4,297,5.702441754805555,-2.9055391983330985
2022-08-02 13:00:00,29.2,76,24.6,0.2,100,91.0,4.8,297,4.2768313161041664,-2.179154398749824
2022-08-02 14:00:00,29.2,76,24.6,0.2,100,241.0,3.5,294,3.197409101749104,-1.4235782507652992
2022-08-02 15:00:00,27.2,88,25.1,6.5,100,0.0,3.4,302,2.8833635269318485,-1.801725498392896
2022-08-02 16:00:00,27.2,89,25.2,3.9,100,8.0,2.8,320,1.7998053071223108,-2.1449244407331376
2022-08-02 17:00:00,27.1,90,25.3,1.3,95,7.0,4.2,301,3.600102662948872,-2.163159914622228
2022-08-02 18:00:00,27.0,90,25.3,0.6,82,0.0,5.1,8,-0.7097828148963337,-5.050367150582009
2022-08-02 19:00:00,26.8,90,25.1,0.1,100,0.0,7.5,287,7.172285669722766,-2.192787785420525
2022-08-02 20:00:00,26.6,92,25.2,0.1,98,0.0,7.9,273,7.889173324561134,-0.4134540543192572
2022-08-02 21:00:00,26.5,92,25.1,0.2,100,0.0,7.6,265,7.571079705497266,0.6623836448822027
2022-08-02 22:00:00,26.6,92,25.2,0.1,100,0.0,7.9,240,6.8416006898970645,3.950000000000004
2022-08-02 23:00:00,26.9,90,25.1,0.1,83,0.0,9.2,219,5.789747597658506,7.1497428454041305
2022-08-03 00:00:00,26.8,90,25.1,0.2,71,0.0,11.2,266,11.17271736291003,0.7812725059342065
2022-08-03 01:00:00,27.0,89,24.9,0.2,72,0.0,10.9,276,10.84028865951418,-1.1393602496174176
2022-08-03 02:00:00,26.8,89,24.9,0.4,58,0.0,10.8,272,10.793420931806237,-0.3769145643870139
2022-08-03 03:00:00,26.4,89,24.5,0.3,47,0.0,10.5,278,10.397814721786489,-1.4613175600806874
2022-08-03 04:00:00,26.2,90,24.4,0.3,45,0.0,9.4,288,8.939931253174445,-2.904759747124504
2022-08-03 05:00:00,26.0,90,24.3,0.3,35,0.0,9.2,291,8.588939923774255,-3.2969851358167634
2022-08-03 06:00:00,26.0,88,24.0,0.3,44,1.0,8.3,288,7.893769085249776,-2.5648410533120622
2022-08-03 07:00:00,26.3,88,24.2,0.6,51,41.0,7.6,289,7.1859411745548085,-2.474317973874388
2022-08-03 08:00:00,26.8,86,24.3,0.6,38,51.0,7.2,270,7.2,1.3226185430791417e-15
2022-08-03 09:00:00,27.4,82,24.1,0.5,26,145.0,6.9,276,6.862201078041087,-0.7212463965468057
2022-08-03 10:00:00,27.9,79,23.9,0.4,26,175.0,5.2,282,5.086367523815789,-1.081140792252349
2022-08-03 11:00:00,28.3,77,23.9,0.8,33,259.0,3.1,234,2.507952682562337,1.822134282106667
2022-08-03 12:00:00,28.5,77,24.2,1.0,55,137.0,3.1,225,2.192031021678297,2.192031021678298
2022-08-03 13:00:00,28.5,78,24.3,0.7,96,45.0,1.6,297,1.4256104387013888,-0.7263847995832746
2022-08-03 14:00:00,28.2,79,24.3,0.4,74,1.0,2.5,315,1.767766952966369,-1.7677669529663684
2022-08-03 15:00:00,28.6,77,24.3,0.9,88,131.0,2.6,326,1.453901549023941,-2.1554976886431088
2022-08-03 16:00:00,27.9,83,24.8,0.8,58,54.0,3.3,319,2.164994795668674,-2.490541614735147
2022-08-03 17:00:00,27.7,84,24.8,0.6,48,1.0,3.3,311,2.4905416147351485,-2.1649947956686733
2022-08-03 18:00:00,27.3,86,24.8,0.4,65,4.0,5.5,247,5.062776693988422,2.149021206691006
2022-08-03 19:00:00,26.9,88,24.8,0.3,69,0.0,7.3,290,6.8597561317371305,-2.496747046277384
2022-08-03 20:00:00,26.8,88,24.7,0.1,69,0.0,7.9,294,7.217009115376549,-3.213219480298818
2022-08-03 21:00:00,26.8,88,24.6,0.0,79,0.0,8.2,293,7.548139798310011,-3.2039952536120424
2022-08-03 22:00:00,26.8,88,24.7,0.0,76,0.0,7.1,311,5.3584380195816825,-4.6580191058326
2022-08-03 23:00:00,26.8,88,24.7,0.0,62,0.0,7.1,319,4.658019105832603,-5.35843801958168
2022-08-04 00:00:00,26.8,88,24.7,0.0,61,0.0,6.0,327,3.267834210090162,-5.032023407672544
2022-08-04 01:00:00,26.7,88,24.6,0.0,65,0.0,5.6,333,2.542346798541463,-4.989636535454859
2022-08-04 02:00:00,26.6,88,24.5,0.0,66,0.0,5.0,339,1.7918397477265038,-4.667902132486008
2022-08-04 03:00:00,26.3,87,24.0,0.0,72,0.0,5.2,348,1.0811407922523513,-5.086367523815789
2022-08-04 04:00:00,26.1,88,23.9,0.0,59,0.0,4.9,343,1.4326213531414125,-4.685893304218873
2022-08-04 05:00:00,25.8,89,23.9,0.0,47,0.0,5.0,339,1.7918397477265038,-4.667902132486008
2022-08-04 06:00:00,25.6,90,23.9,0.0,31,2.0,6.9,354,0.7212463965468086,-6.862201078041086
2022-08-04 07:00:00,26.7,88,24.5,0.0,19,63.0,6.5,341,2.1161930039715187,-6.14587074139556
2022-08-04 08:00:00,28.3,78,24.0,0.0,14,216.0,8.0,280,7.878462024097665,-1.3891854213354398
2022-08-04 09:00:00,29.1,75,24.3,0.0,28,420.0,9.4,288,8.939931253174445,-2.904759747124504
2022-08-04 10:00:00,29.7,72,24.2,0.1,47,494.0,9.9,289,9.36063389843324,-3.223124729125848
2022-08-04 11:00:00,30.1,72,24.4,0.0,52,491.0,11.2,270,11.2,2.0574066225675528e-15
2022-08-04 12:00:00,30.2,71,24.4,0.1,68,459.0,13.7,265,13.647867363856914,1.194033675642918
2022-08-04 13:00:00,30.1,74,24.9,0.2,81,499.0,13.7,270,13.7,2.5166491722478104e-15
2022-08-04 14:00:00,29.3,77,24.9,1.3,80,392.0,9.7,268,9.694091022085228,0.3385251180142573
2022-08-04 15:00:00,28.4,78,24.3,0.4,92,14.0,6.8,273,6.790680836331102,-0.3558845024520188
2022-08-04 16:00:00,28.0,79,24.0,0.4,87,24.0,0.8,297,0.7128052193506944,-0.3631923997916373
2022-08-04 17:00:00,27.9,80,24.1,0.1,84,40.0,2.2,351,0.3441558230885084,-2.172914349309303
2022-08-04 18:00:00,27.6,82,24.2,0.0,58,29.0,1.3,34,-0.726950774511971,-1.0777488443215544
2022-08-04 19:00:00,27.1,85,24.4,0.0,69,3.0,3.6,360,8.817456953860943e-16,-3.6
2022-08-04 20:00:00,26.6,89,24.6,0.2,56,0.0,3.6,360,8.817456953860943e-16,-3.6
2022-08-04 21:00:00,26.5,89,24.5,0.1,35,0.0,4.3,360,1.0531962472667237e-15,-4.3
2022-08-04 22:00:00,26.4,90,24.6,0.1,4,0.0,5.1,356,0.3557580160950407,-5.087576656325103
2022-08-04 23:00:00,26.5,89,24.4,0.0,3,0.0,5.1,4,-0.355758016095039,-5.087576656325103
2022-08-05 00:00:00,26.5,88,24.4,0.0,2,0.0,4.0,10,-0.6945927106677213,-3.939231012048832
2022-08-05 01:00:00,26.6,87,24.2,0.0,2,0.0,3.4,342,1.050657780874822,-3.233592155403522
2022-08-05 02:00:00,26.4,87,24.0,0.0,2,0.0,3.8,343,1.1110124779464012,-3.633958072659534
2022-08-05 03:00:00,26.1,87,23.9,0.0,7,0.0,2.9,353,0.3534210958749269,-2.878383839759834
2022-08-05 04:00:00,25.4,91,23.9,0.0,20,0.0,2.2,360,5.388445916248355e-16,-2.2
2022-08-05 05:00:00,25.2,92,23.8,0.0,28,0.0,2.8,40,-1.7998053071223097,-2.1449244407331385
2022-08-05 06:00:00,25.0,94,23.9,0.0,19,2.0,6.4,43,-4.36478950439999,-4.680663690362692
2022-08-05 07:00:00,27.0,86,24.5,0.0,21,74.0,8.2,38,-5.048424097670398,-6.461688179575119
2022-08-05 08:00:00,28.2,81,24.6,0.0,16,189.0,7.7,41,-5.051654523226906,-5.811263767715345
2022-08-05 09:00:00,29.2,77,24.7,0.0,22,433.0,8.0,54,-6.47213595499958,-4.702282018339785
2022-08-05 10:00:00,29.9,73,24.4,0.0,29,533.0,9.2,64,-8.268905225952336,-4.033014550459512
2022-08-05 11:00:00,30.6,69,24.2,0.0,27,664.0,8.4,80,-8.272385125302547,-1.4586446924022156
2022-08-05 12:00:00,31.1,67,24.1,0.0,35,678.0,6.6,77,-6.430842427582553,-1.4846769586695083
2022-08-05 13:00:00,31.4,65,24.1,0.0,37,620.0,4.7,58,-3.9858260519352022,-2.490620541896063
2022-08-05 14:00:00,31.4,65,24.2,0.0,40,563.0,4.9,54,-3.9641832724372423,-2.8801477362331185
2022-08-05 15:00:00,31.4,63,23.6,0.0,41,458.0,5.2,56,-4.3109953772862175,-2.9078030980478835
2022-08-05 16:00:00,31.0,66,23.8,0.0,38,235.0,4.9,54,-3.9641832724372423,-2.8801477362331185
2022-08-05 17:00:00,30.5,68,24.0,0.0,43,148.0,2.8,50,-2.1449244407331385,-1.79980530712231
2022-08-05 18:00:00,30.0,71,24.1,0.0,51,63.0,4.4,81,-4.345828698618607,-0.6883116461770161
2022-08-05 19:00:00,29.3,77,24.9,0.0,48,3.0,5.2,78,-5.086367523815789,-1.0811407922523493
2022-08-05 20:00:00,28.7,80,24.8,0.1,41,0.0,4.9,73,-4.685893304218874,-1.4326213531414105
2022-08-05 21:00:00,27.7,86,25.0,0.0,26,0.0,3.1,126,-2.5079526825623373,1.8221342821066664
2022-08-05 22:00:00,27.3,87,25.0,0.0,36,0.0,4.3,66,-3.928245467863184,-1.7489675652259409
2022-08-05 23:00:00,26.8,89,24.9,0.1,38,0.0,4.8,42,-3.2118269105225195,-3.5670951622914924
2022-08-06 00:00:00,26.5,92,25.1,0.1,29,0.0,4.2,200,1.4364846019678084,3.946709007300816
2022-08-06 01:00:00,26.2,93,25.0,0.1,21,0.0,6.3,204,2.5624408513775414,5.755336383148386
2022-08-06 02:00:00,26.1,94,25.0,0.0,17,0.0,6.3,193,1.417191642366349,6.1385314081469815
2022-08-06 03:00:00,27.3,88,25.1,0.0,13,0.0,4.0,153,-1.8159619989581877,3.564026096753471
2022-08-06 04:00:00,26.2,93,25.0,0.0,7,0.0,3.4,108,-3.2335921554035223,1.050657780874821
2022-08-06 05:00:00,25.7,95,24.9,0.0,31,0.0,4.7,90,-4.7,-2.8779199779962803e-16
2022-08-06 06:00:00,25.8,96,25.1,0.0,8,2.0,7.6,85,-7.571079705497266,-0.6623836448822018
2022-08-06 07:00:00,27.3,91,25.8,0.0,8,64.0,6.2,83,-6.153786140176196,-0.7555899291119145
2022-08-06 08:00:00,28.5,84,25.5,0.0,6,177.0,6.5,93,-6.49109197590473,0.3401837155791349
2022-08-06 09:00:00,29.6,76,25.0,0.0,4,451.0,5.4,86,-5.386845871403051,-0.3766849582182763
2022-08-06 10:00:00,30.4,72,24.8,0.0,4,595.0,4.7,86,-4.688551036221174,-0.3278554265973886
2022-08-06 11:00:00,31.1,69,24.8,0.0,14,711.0,4.3,90,-4.3,-2.632990618166809e-16
2022-08-06 12:00:00,31.5,68,25.0,0.0,17,787.0,5.4,90,-5.4,-3.306546357697853e-16
2022-08-06 13:00:00,31.5,69,25.2,0.0,26,639.0,4.6,72,-4.3748599749577055,-1.4214781741247582
2022-08-06 14:00:00,31.4,70,25.3,0.0,34,629.0,5.8,68,-5.377666356487367,-2.172718241812289
2022-08-06 15:00:00,31.0,69,24.7,0.1,38,279.0,7.3,70,-6.8597561317371305,-2.4967470462773824
2022-08-06 16:00:00,30.9,70,24.8,0.0,40,200.0,5.7,108,-5.421022142882376,1.7613968679372
2022-08-06 17:00:00,30.7,71,24.8,0.0,31,130.0,4.4,81,-4.345828698618607,-0.6883116461770161
2022-08-06 18:00:00,30.2,72,24.7,0.0,35,58.0,1.8,101,-1.7669289302057951,0.3434561916777806
2022-08-06 19:00:00,29.2,83,26.0,0.0,30,5.0,2.5,315,1.767766952966369,-1.7677669529663684
2022-08-06 20:00:00,28.8,80,24.9,0.0,31,0.0,1.8,307,1.4375439180851275,-1.0832670416736865
2022-08-06 21:00:00,28.1,84,25.2,0.0,38,0.0,1.8,307,1.4375439180851275,-1.0832670416736865
2022-08-06 22:00:00,28.3,82,24.9,0.0,34,0.0,3.8,287,3.633958072659535,-1.1110124779463997
2022-08-06 23:00:00,28.1,84,25.0,0.0,41,0.0,4.8,297,4.2768313161041664,-2.179154398749824
2022-08-07 00:00:00,28.2,83,25.0,0.0,46,0.0,5.1,262,5.050367150582008,0.7097828148963357
2022-08-07 01:00:00,27.3,87,24.9,0.3,42,0.0,1.8,169,-0.3434561916777809,1.7669289302057951
2022-08-07 02:00:00,27.3,87,25.0,0.0,50,0.0,4.0,85,-3.984778792366982,-0.3486229709906325
2022-08-07 03:00:00,26.1,91,24.5,0.0,45,0.0,5.6,75,-5.409184627218783,-1.449386652574116
2022-08-07 04:00:00,26.0,91,24.5,0.0,47,0.0,5.6,75,-5.409184627218783,-1.449386652574116
2022-08-07 05:00:00,25.9,93,24.6,0.0,35,0.0,4.7,58,-3.9858260519352022,-2.490620541896063
2022-08-07 06:00:00,25.7,94,24.6,0.0,17,2.0,7.2,53,-5.750175672340508,-4.333068166694749
2022-08-07 07:00:00,27.0,88,24.8,0.0,8,76.0,7.7,28,-3.61493103345136,-6.798696465013738
2022-08-07 08:00:00,28.6,77,24.2,0.0,9,249.0,6.2,21,-2.221881287180861,-5.788198644282651
2022-08-07 09:00:00,29.6,73,24.3,0.0,12,426.0,3.7,61,-3.2360929164157644,-1.7937955949114477
2022-08-07 10:00:00,30.3,71,24.5,0.0,12,555.0,5.8,94,-5.78587149150698,0.4045875477159269
2022-08-07 11:00:00,30.9,69,24.6,0.0,12,649.0,6.9,99,-6.815049550106451,1.0793978087775926
2022-08-07 12:00:00,30.8,70,24.6,0.1,20,562.0,6.8,108,-6.467184310807045,2.101315561749642
2022-08-07 13:00:00,30.6,71,24.8,0.2,29,530.0,1.8,53,-1.437543918085127,-1.0832670416736871
2022-08-07 14:00:00,30.5,72,24.8,0.1,38,535.0,3.1,216,1.8221342821066664,2.5079526825623373
2022-08-07 15:00:00,30.4,71,24.6,0.1,53,321.0,4.3,228,3.195522749552796,2.87726160734309
2022-08-07 16:00:00,30.1,74,24.8,0.0,47,182.0,5.0,201,1.7918397477265022,4.667902132486009
2022-08-07 17:00:00,30.0,74,24.9,0.0,51,194.0,5.1,188,0.7097828148963341,5.050367150582008
2022-08-07 18:00:00,29.6,76,24.9,0.0,43,47.0,4.9,144,-2.880147736233119,3.9641832724372414
2022-08-07 19:00:00,29.1,78,25.0,0.0,38,5.0,7.2,87,-7.190132650232932,-0.3768188849491966
2022-08-07 20:00:00,28.1,83,24.8,0.5,41,0.0,6.9,84,-6.862201078041086,-0.7212463965468089
2022-08-07 21:00:00,27.3,86,24.7,0.1,38,0.0,7.0,78,-6.847033205136639,-1.4553818357243162
2022-08-07 22:00:00,26.9,88,24.7,0.0,34,0.0,6.7,54,-5.420413862312148,-3.93816119035957
2022-08-07 23:00:00,26.6,90,24.8,0.0,27,0.0,1.3,304,1.0777488443215542,-0.7269507745119711
2022-08-08 00:00:00,26.2,93,25.0,0.2,35,0.0,4.6,219,2.894873798829253,3.5748714227020653
2022-08-08 01:00:00,26.5,91,24.9,0.3,59,0.0,3.7,169,-0.7059932828932164,3.632020578756357
2022-08-08 02:00:00,25.8,94,24.8,0.3,42,0.0,5.6,135,-3.9597979746446654,3.9597979746446654
2022-08-08 03:00:00,26.2,91,24.7,0.0,42,0.0,6.2,100,-6.10580806867569,1.076618701534968
2022-08-08 04:00:00,26.1,92,24.7,0.0,32,0.0,6.1,87,-6.0916401620029,-0.3192493330819582
2022-08-08 05:00:00,26.0,92,24.6,0.0,33,0.0,6.0,65,-5.437846722219899,-2.5357095704441965
2022-08-08 06:00:00,25.9,93,24.6,0.0,38,0.0,9.2,64,-8.268905225952336,-4.033014550459512
2022-08-08 07:00:00,27.0,87,24.6,0.1,32,54.0,8.4,83,-8.337387673787106,-1.023702484603239
2022-08-08 08:00:00,28.2,80,24.3,0.0,29,182.0,8.1,77,-7.892397524760405,-1.8221035401853056
2022-08-08 09:00:00,28.8,77,24.3,0.1,32,300.0,5.0,69,-4.667902132486009,-1.791839747726502
2022-08-08 10:00:00,29.1,75,24.3,0.2,31,356.0,4.4,99,-4.345828698618607,0.6883116461770157
2022-08-08 11:00:00,29.8,74,24.6,0.0,40,397.0,9.7,92,-9.694091022085228,0.3385251180142592
2022-08-08 12:00:00,30.1,73,24.8,0.0,47,420.0,10.5,82,-10.397814721786489,-1.4613175600806874
2022-08-08 13:00:00,30.2,73,24.8,0.0,43,375.0,8.6,88,-8.594761112364223,-0.3001356716415093
2022-08-08 14:00:00,30.4,71,24.7,0.0,43,391.0,7.1,75,-6.858073366652385,-1.8376152202278973
2022-08-08 15:00:00,30.6,71,24.8,0.2,47,231.0,2.3,342,0.7107390870623796,-2.1874299874788528
2022-08-08 16:00:00,30.5,71,24.7,0.0,41,160.0,3.7,281,3.632020578756357,-0.705993282893217
2022-08-08 17:00:00,30.4,72,24.8,0.0,36,87.0,6.6,229,4.981083229470295,4.329989591337347
2022-08-08 18:00:00,29.4,77,25.0,0.1,33,30.0,5.7,198,1.7613968679371996,5.421022142882376
2022-08-08 19:00:00,28.6,82,25.2,0.2,41,0.0,5.4,176,-0.3766849582182778,5.386845871403051
2022-08-08 20:00:00,28.0,86,25.4,0.0,37,0.0,3.2,90,-3.2,-1.9594348786357647e-16
2022-08-08 21:00:00,27.6,88,25.4,0.0,35,0.0,4.6,51,-3.5748714227020657,-2.894873798829252
2022-08-08 22:00:00,27.2,90,25.5,0.0,36,0.0,3.1,45,-2.192031021678297,-2.192031021678297
2022-08-08 23:00:00,27.3,90,25.5,0.0,37,0.0,4.0,260,3.939231012048832,0.6945927106677213
2022-08-09 00:00:00,27.1,90,25.4,0.0,33,0.0,2.6,326,1.453901549023941,-2.1554976886431088
2022-08-09 01:00:00,26.4,93,25.2,0.0,31,0.0,4.0,10,-0.6945927106677213,-3.939231012048832
2022-08-09 02:00:00,26.2,93,25.0,0.0,29,0.0,3.1,36,-1.8221342821066668,-2.5079526825623373
2022-08-09 03:00:00,26.4,93,25.1,0.0,36,0.0,2.1,31,-1.0815799573111138,-1.800051331474436
2022-08-09 04:00:00,26.0,95,25.2,0.0,34,0.0,1.8,11,-0.3434561916777806,-1.7669289302057951
2022-08-09 05:00:00,26.1,95,25.1,0.0,38,0.0,2.2,9,-0.3441558230885079,-2.1729143493093037
2022-08-09 06:00:00,26.1,93,24.9,0.0,61,0.0,7.4,47,-5.412017391981862,-5.046787864462489
2022-08-09 07:00:00,27.0,86,24.5,0.0,56,4.0,8.0,54,-6.47213595499958,-4.702282018339785
2022-08-09 08:00:00,27.9,82,24.5,0.0,44,58.0,7.3,70,-6.8597561317371305,-2.4967470462773824
2022-08-09 09:00:00,28.6,80,24.9,0.0,42,148.0,6.2,80,-6.10580806867569,-1.0766187015349686
2022-08-09 10:00:00,29.4,77,24.9,0.0,38,343.0,6.5,96,-6.4643923198937765,0.6794350112397481
2022-08-09 11:00:00,30.1,74,24.9,0.0,42,417.0,7.7,101,-7.558529312547013,1.469229264399395
2022-08-09 12:00:00,30.6,71,24.7,0.0,49,547.0,6.9,118,-6.092338390726596,3.239353783222648
2022-08-09 13:00:00,30.6,71,24.7,0.0,49,449.0,4.7,113,-4.326372811226469,1.836436303899587
2022-08-09 14:00:00,30.6,71,24.7,0.0,37,404.0,2.1,149,-1.0815799573111142,1.8000513314744355
2022-08-09 15:00:00,30.1,73,24.8,0.0,44,267.0,3.9,202,1.460965714322057,3.616017032810471
2022-08-09 16:00:00,30.0,74,24.8,0.0,53,187.0,4.3,185,0.3747696938149291,4.283637201794505
2022-08-09 17:00:00,29.6,76,24.9,0.0,54,114.0,1.9,248,1.7616493236768958,0.7117525274902333
2022-08-09 18:00:00,28.7,80,24.9,0.4,39,16.0,0.5,45,-0.3535533905932738,-0.3535533905932738
2022-08-09 19:00:00,28.3,82,24.9,0.1,40,0.0,5.9,223,4.023790324368741,4.314986839553106
2022-08-09 20:00:00,27.9,86,25.2,0.0,31,0.0,7.6,245,6.887939181478541,3.2118987892293136
2022-08-09 21:00:00,27.7,87,25.3,0.1,17,0.0,7.8,283,7.600086505324834,-1.7546182238821464
2022-08-09 22:00:00,27.7,87,25.4,0.0,22,0.0,7.4,299,6.472185832831528,-3.5875911898228963
2022-08-09 23:00:00,27.7,87,25.4,0.0,17,0.0,4.1,315,2.8991378028648453,-2.899137802864844
2022-08-10 00:00:00,27.7,87,25.3,0.0,13,0.0,4.1,315,2.8991378028648453,-2.899137802864844
2022-08-10 01:00:00,27.5,87,25.2,0.0,20,0.0,4.7,328,2.490620541896064,-3.985826051935202
2022-08-10 02:00:00,27.3,88,25.0,0.0,22,0.0,5.0,330,2.500000000000002,-4.330127018922192
2022-08-10 03:00:00,26.9,85,24.2,0.0,7,0.0,4.2,329,2.163159914622229,-3.600102662948871
2022-08-10 04:00:00,26.6,86,24.1,0.0,4,0.0,3.9,338,1.460965714322058,-3.616017032810471
2022-08-10 05:00:00,26.5,86,24.0,0.0,1,0.0,3.3,347,0.7423384793347556,-3.215421213791276
2022-08-10 06:00:00,26.3,88,24.2,0.0,7,2.0,5.4,37,-3.2498011250210608,-4.312631754255381
2022-08-10 07:00:00,27.5,82,24.3,0.0,7,67.0,6.2,54,-5.0159053651246746,-3.6442685642133337
2022-08-10 08:00:00,28.5,77,24.1,0.0,13,205.0,5.6,63,-4.989636535454859,-2.542346798541462
2022-08-10 09:00:00,29.1,74,24.0,0.0,36,338.0,3.8,73,-3.633958072659535,-1.1110124779463997
2022-08-10 10:00:00,29.4,72,23.9,0.0,48,470.0,2.2,81,-2.1729143493093037,-0.344155823088508
2022-08-10 11:00:00,29.5,73,24.1,0.2,50,551.0,2.5,90,-2.5,-1.5308084989341916e-16
2022-08-10 12:00:00,29.4,75,24.4,0.3,35,485.0,7.9,74,-7.59396739791272,-2.177535110954293
2022-08-10 13:00:00,29.4,75,24.4,0.2,27,331.0,9.2,59,-7.885939166459432,-4.738350289172498
2022-08-10 14:00:00,29.4,75,24.4,0.1,22,288.0,8.1,69,-7.562001454627333,-2.902780391316933
2022-08-10 15:00:00,31.1,63,23.1,0.0,24,430.0,5.8,68,-5.377666356487367,-2.172718241812289
2022-08-10 16:00:00,30.9,64,23.3,0.0,27,326.0,2.3,18,-0.710739087062379,-2.1874299874788528
2022-08-10 17:00:00,30.1,69,23.9,0.0,33,176.0,5.9,284,5.72474478502838,-1.4273391840380378
2022-08-10 18:00:00,28.7,77,24.3,0.1,40,42.0,6.2,291,5.788198644282651,-2.2218812871808624
2022-08-10 19:00:00,27.5,83,24.5,0.1,20,2.0,6.9,309,5.362307134053099,-4.342310698243879
2022-08-10 20:00:00,27.2,85,24.4,0.0,23,0.0,7.2,273,7.190132650232932,-0.3768188849491964
2022-08-10 21:00:00,27.1,85,24.5,0.0,31,0.0,7.6,289,7.1859411745548085,-2.474317973874388
2022-08-10 22:00:00,27.0,86,24.5,0.0,27,0.0,6.8,302,5.766727053863697,-3.603450996785792
2022-08-10 23:00:00,26.9,88,24.6,0.0,25,0.0,5.9,308,4.649263446279659,-3.6324027044213856
2022-08-11 00:00:00,26.8,88,24.5,0.0,25,0.0,6.4,317,4.364789504399989,-4.680663690362692
2022-08-11 01:00:00,26.7,86,24.3,0.1,26,0.0,6.1,310,4.672871103025766,-3.921004419087889
2022-08-11 02:00:00,26.6,86,24.0,0.1,25,0.0,6.1,315,4.31335136523794,-4.3133513652379385
2022-08-11 03:00:00,26.5,85,23.8,0.0,35,0.0,6.4,317,4.364789504399989,-4.680663690362692
2022-08-11 04:00:00,26.4,85,23.7,0.0,30,0.0,5.7,325,3.269385687200965,-4.669166652447252
2022-08-11 05:00:00,26.0,87,23.6,0.0,18,0.0,4.6,342,1.4214781741247593,-4.3748599749577055
2022-08-11 06:00:00,25.8,89,23.8,0.0,6,1.0,6.6,29,-3.1997434936258244,-5.772490067120011
2022-08-11 07:00:00,27.2,82,23.8,0.0,6,72.0,8.2,38,-5.048424097670398,-6.461688179575119
2022-08-11 08:00:00,28.3,75,23.4,0.0,5,235.0,8.9,58,-7.547628055792193,-4.716281451675524
2022-08-11 09:00:00,29.2,73,23.8,0.0,9,400.0,4.0,85,-3.984778792366982,-0.3486229709906325
2022-08-11 10:00:00,29.9,71,24.1,0.0,17,564.0,3.3,167,-0.7423384793347552,3.215421213791276
2022-08-11 11:00:00,30.1,70,24.1,0.0,51,641.0,3.3,167,-0.7423384793347552,3.215421213791276
2022-08-11 12:00:00,29.9,72,24.3,0.2,38,562.0,4.6,135,-3.2526911934581184,3.252691193458118
2022-08-11 13:00:00,29.8,73,24.4,0.4,43,547.0,4.6,129,-3.5748714227020666,2.894873798829251
2022-08-11 14:00:00,29.7,73,24.4,0.0,51,329.0,6.3,149,-3.2447398719333425,5.400153994423307
2022-08-11 15:00:00,30.4,71,24.6,0.0,46,343.0,6.1,152,-2.863776532993933,5.385980316439454
2022-08-11 16:00:00,30.5,71,24.7,0.1,43,267.0,4.7,171,-0.7352419856890856,4.642135200797148
2022-08-11 17:00:00,29.6,75,24.7,0.8,54,144.0,3.3,167,-0.7423384793347552,3.215421213791276
2022-08-11 18:00:00,28.9,78,24.6,0.1,53,53.0,4.3,180,-5.265981236333618e-16,4.3
2022-08-11 19:00:00,28.0,82,24.5,0.4,100,2.0,1.1,288,1.046162167924669,-0.339918693812442
2022-08-11 20:00:00,27.6,83,24.5,0.0,42,0.0,3.6,315,2.545584412271572,-2.5455844122715705
2022-08-11 21:00:00,27.4,83,24.4,0.0,47,0.0,5.6,310,4.289848881466277,-3.59961061424462
2022-08-11 22:00:00,27.4,83,24.2,0.0,35,0.0,5.1,321,3.2095339943541727,-3.96344440343055
2022-08-11 23:00:00,27.0,85,24.3,0.0,27,0.0,6.4,333,2.9055391983331007,-5.702441754805554
2022-08-12 00:00:00,26.7,88,24.5,0.0,18,0.0,5.1,309,3.963444403430551,-3.209533994354171
2022-08-12 01:00:00,26.4,89,24.5,0.0,14,0.0,5.1,309,3.963444403430551,-3.209533994354171
2022-08-12 02:00:00,26.2,90,24.4,0.0,10,0.0,5.4,318,3.613305274337834,-4.012982057577929
2022-08-12 03:00:00,25.9,93,24.6,0.0,7,0.0,4.9,306,3.964183272437243,-2.8801477362331176
2022-08-12 04:00:00,25.7,93,24.5,0.0,4,0.0,4.1,315,2.8991378028648453,-2.899137802864844
2022-08-12 05:00:00,25.6,94,24.5,0.0,7,0.0,4.6,309,3.5748714227020653,-2.894873798829252
2022-08-12 06:00:00,25.5,94,24.5,0.0,2,2.0,2.4,297,2.1384156580520832,-1.089577199374912
2022-08-12 07:00:00,27.0,90,25.2,0.0,3,58.0,2.6,304,2.1554976886431083,-1.4539015490239422
2022-08-12 08:00:00,28.3,83,25.1,0.0,3,214.0,2.5,270,2.5,4.592425496802574e-16
2022-08-12 09:00:00,28.9,79,25.0,0.1,14,308.0,2.4,243,2.138415658052083,1.0895771993749126
2022-08-12 10:00:00,29.4,78,25.1,0.3,24,427.0,4.5,209,2.181643291108516,3.9357886821272814
2022-08-12 11:00:00,29.6,79,25.6,0.5,37,562.0,5.9,191,1.125773072721614,5.791600382341218
2022-08-12 12:00:00,29.9,79,25.8,0.3,35,472.0,5.2,192,1.0811407922523495,5.086367523815789
2022-08-12 13:00:00,30.1,79,26.0,0.1,52,485.0,8.3,180,-1.0164568432923032e-15,8.3
2022-08-12 14:00:00,30.2,79,26.2,0.6,50,559.0,9.8,172,-1.3638963894086402,9.70462707366739
2022-08-12 15:00:00,30.0,76,25.3,0.1,53,227.0,8.7,142,-5.356254835333227,6.85569355637848
2022-08-12 16:00:00,29.4,77,25.0,0.4,35,77.0,5.5,113,-5.062776693988422,2.149021206691006
2022-08-12 17:00:00,29.1,78,24.8,0.0,31,40.0,3.6,96,-3.580278823325784,0.3763024677635528
2022-08-12 18:00:00,28.9,78,24.7,0.0,31,49.0,1.3,34,-0.726950774511971,-1.0777488443215544
2022-08-12 19:00:00,28.5,80,24.8,0.0,26,3.0,2.5,45,-1.7677669529663689,-1.7677669529663689
2022-08-12 20:00:00,27.8,85,25.1,0.0,30,0.0,1.0,315,0.7071067811865477,-0.7071067811865474
2022-08-12 21:00:00,27.4,88,25.3,0.0,34,0.0,3.6,270,3.6,6.613092715395707e-16
2022-08-12 22:00:00,27.1,90,25.3,0.0,44,0.0,6.1,273,6.0916401620029,-0.3192493330819581
2022-08-12 23:00:00,26.7,92,25.3,0.0,31,0.0,6.2,277,6.153786140176196,-0.7555899291119157
2022-08-13 00:00:00,26.5,93,25.2,0.0,33,0.0,6.9,279,6.815049550106451,-1.0793978087775915
2022-08-13 01:00:00,26.2,93,25.1,0.0,34,0.0,7.6,275,7.571079705497266,-0.6623836448821999
2022-08-13 02:00:00,26.1,93,24.9,0.0,28,0.0,7.2,288,6.847606917325106,-2.22492235949962
2022-08-13 03:00:00,26.1,93,24.8,0.0,22,0.0,6.6,299,5.772490067120011,-3.1997434936258258
2022-08-13 04:00:00,26.0,93,24.7,0.0,9,0.0,5.4,312,4.012982057577931,-3.613305274337832
2022-08-13 05:00:00,25.5,94,24.5,0.0,23,0.0,4.9,324,2.88014773623312,-3.9641832724372414
2022-08-13 06:00:00,25.5,93,24.3,0.0,22,1.0,4.7,351,0.7352419856890862,-4.642135200797148
2022-08-13 07:00:00,27.1,85,24.4,0.1,17,58.0,4.7,351,0.7352419856890862,-4.642135200797148
2022-08-13 08:00:00,28.3,80,24.5,0.0,7,196.0,2.9,7,-0.3534210958749276,-2.8783838397598336
2022-08-13 09:00:00,29.3,76,24.5,0.0,5,385.0,2.4,63,-2.138415658052083,-1.0895771993749124
2022-08-13 10:00:00,30.1,71,24.3,0.0,8,502.0,2.4,117,-2.138415658052083,1.0895771993749122
2022-08-13 11:00:00,30.9,69,24.4,0.0,5,721.0,5.2,164,-1.433314250248396,4.998560818879258
2022-08-13 12:00:00,31.2,68,24.6,0.0,11,673.0,8.8,168,-1.829622879196282,8.607698886457491
2022-08-13 13:00:00,31.0,69,24.8,0.0,27,678.0,7.3,160,-2.496747046277383,6.8597561317371305
2022-08-13 14:00:00,30.9,70,24.7,0.1,41,604.0,7.1,165,-1.837615220227899,6.858073366652384
2022-08-13 15:00:00,30.3,71,24.4,0.1,50,307.0,5.8,158,-2.172718241812291,5.377666356487366
2022-08-13 16:00:00,30.1,72,24.4,0.0,47,234.0,3.5,156,-1.4235782507653014,3.197409101749103
2022-08-13 17:00:00,29.8,72,24.3,0.0,40,155.0,1.1,72,-1.0461621679246689,-0.3399186938124422
2022-08-13 18:00:00,29.4,73,24.2,0.0,21,42.0,2.1,121,-1.800051331474436,1.081579957311114
2022-08-13 19:00:00,28.8,77,24.3,0.0,18,4.0,3.2,360,7.837739514543061e-16,-3.2
2022-08-13 20:00:00,28.0,81,24.5,0.0,23,0.0,4.5,331,2.181643291108516,-3.9357886821272814
2022-08-13 21:00:00,27.6,83,24.4,0.0,26,0.0,5.2,335,2.197614961051636,-4.71280049259058
2022-08-13 22:00:00,27.3,84,24.4,0.0,32,0.0,5.0,330,2.500000000000002,-4.330127018922192
2022-08-13 23:00:00,27.0,87,24.6,0.0,35,0.0,5.4,323,3.2498011250210608,-4.312631754255381
2022-08-14 00:00:00,26.7,89,24.8,0.0,24,0.0,5.6,320,3.5996106142446216,-4.289848881466275
2022-08-14 01:00:00,26.6,89,24.6,0.0,24,0.0,5.2,335,2.197614961051636,-4.71280049259058
2022-08-14 02:00:00,26.7,87,24.3,0.0,14,0.0,5.0,339,1.7918397477265038,-4.667902132486008
2022-08-14 03:00:00,26.1,89,24.2,0.0,9,0.0,5.4,340,1.8469087739586103,-5.074340152243906
2022-08-14 04:00:00,26.7,85,23.9,0.0,9,0.0,4.7,356,0.3278554265973905,-4.688551036221174
2022-08-14 05:00:00,26.3,87,23.9,0.1,19,0.0,3.6,360,8.817456953860943e-16,-3.6
2022-08-14 06:00:00,25.5,93,24.2,0.2,23,1.0,3.6,6,-0.3763024677635525,-3.580278823325784
2022-08-14 07:00:00,27.2,84,24.2,0.0,29,58.0,3.3,6,-0.3449439287832564,-3.281922254715301
2022-08-14 08:00:00,28.4,77,24.0,0.0,27,175.0,1.5,45,-1.0606601717798214,-1.0606601717798214
2022-08-14 09:00:00,29.3,75,24.3,0.0,20,353.0,2.6,106,-2.499280409439629,0.7166571251241975
2022-08-14 10:00:00,30.1,72,24.5,0.0,17,518.0,5.2,115,-4.71280049259058,2.1976149610516367
2022-08-14 11:00:00,30.5,71,24.6,0.0,15,513.0,8.4,115,-7.612985411107861,3.5499933986218744
2022-08-14 12:00:00,30.9,70,24.7,0.0,19,581.0,10.9,117,-9.71197111365321,4.94849644716106
2022-08-14 13:00:00,31.2,68,24.7,0.0,23,597.0,9.6,110,-9.02104915954472,3.28339337592642
2022-08-14 14:00:00,31.1,68,24.5,0.0,30,508.0,8.4,115,-7.612985411107861,3.5499933986218744
2022-08-14 15:00:00,31.4,67,24.4,0.0,51,455.0,6.9,118,-6.092338390726596,3.239353783222648
2022-08-14 16:00:00,31.1,68,24.4,0.0,41,308.0,5.4,110,-5.074340152243906,1.8469087739586112
2022-08-14 17:00:00,30.8,69,24.3,0.0,29,182.0,4.1,75,-3.96029588778518,-1.061158084920335
2022-08-14 18:00:00,30.3,70,24.2,0.0,14,64.0,6.4,117,-5.702441754805555,2.9055391983331
2022-08-14 19:00:00,29.6,74,24.5,0.0,22,3.0,6.6,77,-6.430842427582553,-1.4846769586695083
2022-08-14 20:00:00,28.8,81,25.3,0.0,17,0.0,4.1,45,-2.899137802864845,-2.899137802864845
2022-08-14 21:00:00,28.1,86,25.6,0.0,15,0.0,2.5,352,0.3479327524001647,-2.475670171853926
2022-08-14 22:00:00,27.6,88,25.4,0.0,16,0.0,4.7,328,2.490620541896064,-3.985826051935202
2022-08-14 23:00:00,27.2,89,25.2,0.0,24,0.0,5.9,317,4.02379032436874,-4.314986839553107
2022-08-15 00:00:00,26.9,90,25.2,0.0,21,0.0,6.2,306,5.015905365124675,-3.644268564213332
2022-08-15 01:00:00,26.5,92,25.2,0.0,23,0.0,5.4,312,4.012982057577931,-3.613305274337832
2022-08-15 02:00:00,26.2,94,25.1,0.1,22,0.0,4.7,328,2.490620541896064,-3.985826051935202
2022-08-15 03:00:00,26.3,92,24.9,0.1,15,0.0,3.3,347,0.7423384793347556,-3.215421213791276
2022-08-15 04:00:00,26.6,89,24.7,0.0,19,0.0,2.6,16,-0.7166571251241979,-2.499280409439629
2022-08-15 05:00:00,26.8,88,24.5,0.0,18,0.0,2.6,34,-1.453901549023942,-2.1554976886431088
2022-08-15 06:00:00,26.5,90,24.7,0.2,14,1.0,3.5,66,-3.197409101749103,-1.4235782507653008
2022-08-15 07:00:00,27.4,84,24.5,0.3,15,48.0,4.6,51,-3.5748714227020657,-2.894873798829252
2022-08-15 08:00:00,28.0,81,24.3,0.2,13,134.0,6.2,83,-6.153786140176196,-0.7555899291119145
2022-08-15 09:00:00,28.6,79,24.6,0.1,19,245.0,6.5,90,-6.5,-3.980102097228897e-16
2022-08-15 10:00:00,29.3,77,24.7,0.2,20,376.0,5.8,86,-5.78587149150698,-0.4045875477159263
2022-08-15 11:00:00,29.7,74,24.6,0.3,35,440.0,6.2,111,-5.788198644282651,2.221881287180861
2022-08-15 12:00:00,29.7,75,24.8,0.2,30,365.0,5.4,138,-3.613305274337835,4.012982057577928
2022-08-15 13:00:00,29.9,75,25.0,0.1,26,336.0,5.4,143,-3.2498011250210603,4.312631754255382
2022-08-15 14:00:00,30.2,74,24.9,0.1,30,343.0,7.4,141,-4.656970893768797,5.750880114781585
2022-08-15 15:00:00,30.3,72,24.6,0.1,38,264.0,4.3,138,-2.8772616073430908,3.1955227495527945
2022-08-15 16:00:00,30.2,72,24.6,0.0,44,261.0,1.0,45,-0.7071067811865476,-0.7071067811865476
2022-08-15 17:00:00,30.1,73,24.6,0.0,37,169.0,4.4,279,4.345828698618607,-0.688311646177015
2022-08-15 18:00:00,29.5,75,24.6,0.0,30,63.0,5.8,292,5.377666356487367,-2.172718241812289
2022-08-15 19:00:00,28.8,79,24.8,0.0,24,3.0,6.3,301,5.400153994423308,-3.244739871933341
2022-08-15 20:00:00,28.3,82,25.0,0.0,18,0.0,5.8,300,5.022947341949744,-2.9000000000000004
2022-08-15 21:00:00,28.0,85,25.2,0.0,14,0.0,6.7,286,6.440453362786736,-1.846770283973896
2022-08-15 22:00:00,27.8,87,25.4,0.0,10,0.0,7.4,256,7.180188374442374,1.7902220274375418
2022-08-15 23:00:00,27.4,89,25.5,0.0,8,0.0,5.4,250,5.074340152243906,1.8469087739586103
2022-08-16 00:00:00,27.2,90,25.5,0.0,4,0.0,2.1,211,1.0815799573111138,1.800051331474436
2022-08-16 01:00:00,27.3,90,25.5,0.0,3,0.0,4.0,190,0.6945927106677219,3.939231012048832
2022-08-16 02:00:00,27.5,88,25.4,0.0,2,0.0,3.2,207,1.4527695991665492,2.8512208774027776
2022-08-16 03:00:00,27.4,88,25.2,0.0,3,0.0,1.4,270,1.4,2.571758278209441e-16
2022-08-16 04:00:00,26.6,91,25.1,0.0,5,0.0,1.4,360,3.4290110376125893e-16,-1.4
2022-08-16 05:00:00,26.0,95,25.1,0.0,6,0.0,2.6,34,-1.453901549023942,-2.1554976886431088
2022-08-16 06:00:00,26.3,94,25.2,0.0,26,1.0,9.2,39,-5.789747597658503,-7.149742845404131
2022-08-16 07:00:00,27.6,88,25.4,0.0,17,36.0,9.7,51,-7.538315826132617,-6.104407793183423
2022-08-16 08:00:00,28.6,82,25.1,0.1,8,146.0,7.5,55,-6.143640332167439,-4.301823272632845
2022-08-16 09:00:00,28.6,80,24.8,0.5,17,229.0,6.8,58,-5.766727053863697,-3.603450996785793
2022-08-16 10:00:00,29.2,75,24.3,0.3,22,332.0,7.2,63,-6.415246974156248,-3.268731598124737
2022-08-16 11:00:00,29.8,71,24.0,0.4,17,384.0,8.0,80,-7.878462024097664,-1.389185421335443
2022-08-16 12:00:00,29.9,72,24.2,0.5,19,391.0,6.5,90,-6.5,-3.980102097228897e-16
2022-08-16 13:00:00,29.6,73,24.2,1.8,43,259.0,6.5,90,-6.5,-3.980102097228897e-16
2022-08-16 14:00:00,29.1,75,24.2,1.6,34,141.0,8.1,58,-6.869189578867051,-4.29234604028896
2022-08-16 15:00:00,30.9,67,24.1,0.0,29,223.0,4.0,85,-3.984778792366982,-0.3486229709906325
2022-08-16 16:00:00,30.7,68,24.1,0.0,65,195.0,1.8,90,-1.8,-1.1021821192326179e-16
2022-08-16 17:00:00,30.0,71,24.1,0.0,55,85.0,3.3,283,3.2154212137912763,-0.7423384793347542
2022-08-16 18:00:00,29.5,73,24.3,0.0,65,14.0,7.1,255,6.858073366652385,1.8376152202278964
2022-08-16 19:00:00,28.9,78,24.6,0.0,53,1.0,6.3,283,6.1385314081469815,-1.4171916423663489
2022-08-16 20:00:00,28.6,80,24.8,0.0,32,0.0,6.4,297,5.702441754805555,-2.9055391983330985
2022-08-16 21:00:00,28.1,83,25.0,0.1,27,0.0,7.2,264,7.160557646651569,0.7526049355271042
2022-08-16 22:00:00,27.6,86,25.1,0.2,23,0.0,10.1,270,10.1,1.85533990070824e-15
2022-08-16 23:00:00,27.1,88,25.0,0.8,24,0.0,11.9,273,11.88369146357943,-0.6227978792910329
2022-08-17 00:00:00,27.3,87,25.0,0.1,24,0.0,9.9,289,9.36063389843324,-3.223124729125848
2022-08-17 01:00:00,27.3,87,24.9,0.0,29,0.0,7.3,281,7.165878439167946,-1.392905666248779
2022-08-17 02:00:00,27.1,88,24.9,0.0,24,0.0,8.8,279,8.691657397237213,-1.37662329235403
2022-08-17 03:00:00,26.9,90,25.1,0.0,26,0.0,9.1,288,8.654614298285898,-2.8120546488120195
2022-08-17 04:00:00,26.7,90,24.9,0.0,32,0.0,8.2,299,7.171881598543044,-3.975438886019965
2022-08-17 05:00:00,26.4,90,24.7,0.0,29,0.0,6.9,309,5.362307134053099,-4.342310698243879
2022-08-17 06:00:00,26.2,91,24.6,0.0,29,1.0,5.4,323,3.2498011250210608,-4.312631754255381
2022-08-17 07:00:00,27.4,87,24.9,0.0,29,44.0,4.1,322,2.5242120488351985,-3.23084408978756
2022-08-17 08:00:00,28.6,80,24.9,0.0,20,215.0,4.4,279,4.345828698618607,-0.688311646177015
2022-08-17 09:00:00,29.5,76,24.9,0.0,43,339.0,6.6,261,6.5187430479279085,1.032467469265525
2022-08-17 10:00:00,30.2,72,24.7,0.1,38,519.0,6.8,252,6.467184310807044,2.1013155617496437
2022-08-17 11:00:00,30.7,70,24.5,0.1,53,524.0,7.5,253,7.172285669722765,2.192787785420528
2022-08-17 12:00:00,30.6,69,24.3,0.2,65,511.0,8.8,258,8.60769888645749,1.8296228791962863
2022-08-17 13:00:00,30.6,70,24.5,0.1,64,552.0,9.3,254,8.939733772226367,2.56342740909809
2022-08-17 14:00:00,30.2,73,24.7,0.6,66,328.0,6.7,254,6.440453362786737,1.8467702839738929
2022-08-17 15:00:00,30.0,73,24.6,0.1,71,355.0,8.0,252,7.608452130361228,2.4721359549995805
2022-08-17 16:00:00,29.5,75,24.7,0.3,80,169.0,6.9,276,6.862201078041087,-0.7212463965468057
2022-08-17 17:00:00,29.0,78,24.7,0.3,76,73.0,7.0,282,6.847033205136639,-1.455381835724316
2022-08-17 18:00:00,28.5,81,24.8,0.2,83,28.0,5.9,281,5.791600382341217,-1.1257730727216162
2022-08-17 19:00:00,27.3,87,24.9,1.3,63,0.0,5.1,266,5.087576656325103,0.3557580160950404
2022-08-17 20:00:00,26.8,90,25.0,0.6,59,0.0,3.9,304,3.2332465329646625,-2.1808523235359134
2022-08-17 21:00:00,26.7,90,25.0,0.0,46,0.0,4.8,312,3.5670951622914937,-3.211826910522517
2022-08-17 22:00:00,26.7,90,24.9,0.0,37,0.0,4.9,306,3.964183272437243,-2.8801477362331176
2022-08-17 23:00:00,26.7,90,24.9,0.0,34,0.0,6.1,298,5.385980316439455,-2.8637765329939318
2022-08-18 00:00:00,26.6,90,24.8,0.0,31,0.0,6.3,294,5.755336383148387,-2.5624408513775383
2022-08-18 01:00:00,26.6,89,24.7,0.0,45,0.0,7.4,321,4.656970893768801,-5.750880114781583
2022-08-18 02:00:00,26.5,89,24.5,0.0,32,0.0,6.8,295,6.162892951849218,-2.8738041798367573
2022-08-18 03:00:00,26.6,87,24.4,0.0,33,0.0,6.1,310,4.672871103025766,-3.921004419087889
2022-08-18 04:00:00,26.6,86,24.2,0.1,33,0.0,6.8,302,5.766727053863697,-3.603450996785792
2022-08-18 05:00:00,26.7,85,24.0,0.1,33,0.0,6.4,308,5.04326882308302,-3.940233442084215
2022-08-18 06:00:00,26.6,86,24.1,0.0,32,0.0,6.6,299,5.772490067120011,-3.1997434936258258
2022-08-18 07:00:00,26.9,86,24.3,0.0,32,6.0,8.1,291,7.562001454627333,-2.902780391316933
2022-08-18 08:00:00,27.4,83,24.3,0.1,44,17.0,7.4,284,7.180188374442375,-1.790222027437539
2022-08-18 09:00:00,27.9,83,24.7,0.1,44,55.0,10.2,280,10.045039080724523,-1.7712114122026856
2022-08-18 10:00:00,28.6,79,24.7,0.5,56,269.0,11.3,261,11.160878248725057,1.7677094549546108
2022-08-18 11:00:00,28.9,77,24.5,0.3,55,191.0,11.3,261,11.160878248725057,1.7677094549546108
2022-08-18 12:00:00,28.3,81,24.7,0.4,65,70.0,12.4,260,12.21161613735138,2.1532374030699364
2022-08-18 13:00:00,28.0,83,24.9,0.8,60,75.0,7.5,253,7.172285669722765,2.192787785420528
2022-08-18 14:00:00,28.0,85,25.3,1.6,50,67.0,5.2,236,4.3109953772862175,2.907803098047882
2022-08-18 15:00:00,28.7,81,25.1,0.1,72,48.0,3.9,248,3.616017032810471,1.460965714322058
2022-08-18 16:00:00,28.2,80,24.5,0.8,70,83.0,6.6,257,6.430842427582552,1.4846769586695103
2022-08-18 17:00:00,27.4,85,24.6,0.4,100,65.0,11.9,267,11.88369146357943,0.6227978792910372
2022-08-18 18:00:00,27.1,86,24.6,0.0,84,20.0,7.3,303,6.122295146001597,-3.975864955609695
2022-08-18 19:00:00,26.8,88,24.6,0.0,66,1.0,5.8,300,5.022947341949744,-2.9000000000000004
2022-08-18 20:00:00,26.7,89,24.6,0.0,83,0.0,6.4,297,5.702441754805555,-2.9055391983330985
2022-08-18 21:00:00,26.6,89,24.6,0.0,70,0.0,5.8,300,5.022947341949744,-2.9000000000000004
2022-08-18 22:00:00,26.6,89,24.6,0.0,55,0.0,7.1,294,6.486172749262467,-2.887830165838178
2022-08-18 23:00:00,26.5,89,24.5,0.0,57,0.0,8.6,292,7.973781149274371,-3.2216167033768426
2022-08-19 00:00:00,26.5,88,24.4,0.0,50,0.0,10.0,291,9.335804264972015,-3.583679495453004
2022-08-19 01:00:00,26.5,88,24.4,0.0,43,0.0,11.3,287,10.806243742382302,-3.303800263366925
2022-08-19 02:00:00,26.4,88,24.3,0.0,36,0.0,13.6,282,13.302807369979757,-2.827598995121528
2022-08-19 03:00:00,26.4,87,24.1,0.0,30,0.0,15.5,282,15.161287811373986,-3.222631207675271
2022-08-19 04:00:00,26.3,87,24.0,0.0,24,0.0,16.0,279,15.803013449522204,-2.502951440643691
2022-08-19 05:00:00,26.2,87,23.9,0.0,23,0.0,16.3,275,16.237973578895453,-1.4206386067868235
2022-08-19 06:00:00,26.2,88,24.0,0.0,16,1.0,16.3,278,16.141369520487597,-2.268521545649067
2022-08-19 07:00:00,26.9,86,24.3,0.0,16,63.0,15.9,283,15.49248403008524,-3.5767217640674525
2022-08-19 08:00:00,28.3,78,24.2,0.0,6,245.0,15.9,276,15.812898136355548,-1.6620025659556823
2022-08-19 09:00:00,29.6,73,24.3,0.0,3,401.0,18.0,272,17.989034886343724,-0.628190940645023
2022-08-19 10:00:00,30.8,69,24.4,0.0,1,605.0,20.9,274,20.84908865043033,-1.457910301252217
2022-08-19 11:00:00,31.5,66,24.3,0.0,5,666.0,23.8,273,23.76738292715886,-1.2455957585820658
2022-08-19 12:00:00,31.7,64,24.0,0.1,10,655.0,24.8,271,24.796222839878503,-0.4328196796446216
2022-08-19 13:00:00,31.3,65,24.0,0.1,16,527.0,24.1,270,24.1,4.427098178917682e-15
2022-08-19 14:00:00,31.1,67,24.3,0.2,12,651.0,22.3,269,22.296603601987528,0.389188663551422
2022-08-19 15:00:00,31.5,62,23.4,0.0,16,448.0,20.2,270,20.2,3.71067980141648e-15
2022-08-19 16:00:00,31.1,63,23.4,0.0,8,365.0,18.4,269,18.3971975908776,0.3211242784460163
2022-08-19 17:00:00,30.5,66,23.5,0.0,8,175.0,17.0,265,16.935309867559674,1.48164762671019
2022-08-19 18:00:00,29.7,70,23.7,0.0,11,60.0,13.3,268,13.291897999353974,0.4641633061432601
2022-08-19 19:00:00,29.0,73,23.8,0.0,5,2.0,13.0,275,12.950531075192693,-1.1330246557195525
2022-08-19 20:00:00,28.4,77,24.0,0.0,3,0.0,12.7,278,12.576404473017943,-1.7674983821928314
2022-08-19 21:00:00,28.1,79,24.1,0.0,2,0.0,13.1,278,12.972511700514572,-1.8231676225768576
2022-08-19 22:00:00,27.9,80,24.1,0.0,2,0.0,12.1,280,11.916173811447718,-2.1011429497698524
2022-08-19 23:00:00,27.6,82,24.1,0.0,1,0.0,10.1,287,9.658678035226655,-2.9529542176996406
2022-08-20 00:00:00,27.2,83,24.1,0.0,0,0.0,9.1,288,8.654614298285898,-2.8120546488120195
2022-08-20 01:00:00,26.9,84,24.1,0.0,2,0.0,10.0,283,9.743700647852352,-2.249510543438649
2022-08-20 02:00:00,26.8,85,24.1,0.0,5,0.0,11.2,285,10.818369254437563,-2.898773305148227
2022-08-20 03:00:00,26.5,85,23.8,0.0,4,0.0,10.5,292,9.735430472951268,-3.933369230867076
2022-08-20 04:00:00,26.2,86,23.7,0.0,5,0.0,8.9,297,7.929958065276476,-4.040515447681965
2022-08-20 05:00:00,25.9,87,23.6,0.0,10,0.0,7.0,305,5.734064310022943,-4.015035054457322
2022-08-20 06:00:00,25.8,88,23.6,0.0,3,1.0,4.6,321,2.894873798829254,-3.5748714227020644
2022-08-20 07:00:00,27.1,83,24.0,0.0,0,79.0,6.1,310,4.672871103025766,-3.921004419087889
2022-08-20 08:00:00,28.8,76,24.2,0.0,1,254.0,7.6,289,7.1859411745548085,-2.474317973874388
2022-08-20 09:00:00,29.9,71,24.1,0.0,2,461.0,8.4,277,8.337387673787106,-1.0237024846032403
2022-08-20 10:00:00,30.7,68,24.0,0.0,1,633.0,7.2,264,7.160557646651569,0.7526049355271042
2022-08-20 11:00:00,31.3,65,24.1,0.0,0,695.0,6.9,242,6.092338390726597,3.239353783222646
2022-08-20 12:00:00,31.8,63,23.9,0.0,4,721.0,8.2,221,5.379684037722157,6.1886185578267305
2022-08-20 13:00:00,31.5,65,24.1,0.1,5,600.0,8.0,207,3.631923997916373,7.128052193506943
2022-08-20 14:00:00,31.3,66,24.1,0.0,29,495.0,6.7,216,3.9381611903595695,5.420413862312148
2022-08-20 15:00:00,31.2,66,24.0,0.0,31,507.0,6.9,223,4.705788684431239,5.0463405411722775
2022-08-20 16:00:00,30.9,67,24.1,0.0,22,349.0,5.9,223,4.023790324368741,4.314986839553106
2022-08-20 17:00:00,30.5,69,24.1,0.0,18,186.0,4.6,231,3.5748714227020644,2.894873798829254
2022-08-20 18:00:00,30.0,70,24.0,0.0,23,70.0,3.8,197,1.1110124779463997,3.633958072659535
2022-08-20 19:00:00,29.3,74,24.2,0.0,29,2.0,2.3,198,0.7107390870623786,2.187429987478853
2022-08-20 20:00:00,28.5,79,24.5,0.0,31,0.0,1.0,225,0.7071067811865475,0.7071067811865477
2022-08-20 21:00:00,27.9,83,24.7,0.0,28,0.0,1.9,248,1.7616493236768958,0.7117525274902333
2022-08-20 22:00:00,27.5,85,24.8,0.0,23,0.0,2.9,300,2.511473670974872,-1.4500000000000002
2022-08-20 23:00:00,27.1,88,24.8,0.0,17,0.0,4.8,318,3.211826910522519,-3.5670951622914924
2022-08-21 00:00:00,26.8,89,24.8,0.0,36,0.0,5.2,326,2.907803098047882,-4.3109953772862175
2022-08-21 01:00:00,26.4,90,24.7,0.0,34,0.0,5.0,330,2.500000000000002,-4.330127018922192
2022-08-21 02:00:00,26.1,91,24.5,0.0,35,0.0,5.9,322,3.632402704421384,-4.64926344627966
2022-08-21 03:00:00,26.2,90,24.4,0.0,43,0.0,6.0,327,3.267834210090162,-5.032023407672544
2022-08-21 04:00:00,27.0,85,24.2,0.0,40,0.0,4.6,342,1.4214781741247593,-4.3748599749577055
2022-08-21 05:00:00,27.1,84,24.1,0.0,44,0.0,3.0,14,-0.7257656867990032,-2.910887178827989
2022-08-21 06:00:00,26.9,85,24.2,0.0,42,1.0,3.1,111,-2.8940993221413254,1.1109406435904308
2022-08-21 07:00:00,27.5,85,24.8,0.0,36,56.0,3.4,108,-3.2335921554035223,1.050657780874821
2022-08-21 08:00:00,28.8,79,24.7,0.0,34,211.0,5.6,117,-4.98963653545486,2.5423467985414616
2022-08-21 09:00:00,29.6,75,24.7,0.0,39,377.0,7.9,120,-6.841600689897066,3.9499999999999984
2022-08-21 10:00:00,30.3,71,24.5,0.0,31,567.0,9.0,119,-7.871577364254563,4.363286582217033
2022-08-21 11:00:00,30.8,69,24.4,0.0,31,658.0,10.4,124,-8.621990754572435,5.815606196095766
2022-08-21 12:00:00,31.2,67,24.4,0.0,35,689.0,12.8,130,-9.80536887192292,8.227681403987704
2022-08-21 13:00:00,31.2,67,24.4,0.0,36,621.0,12.8,128,-10.086537646166043,7.880466884168427
2022-08-21 14:00:00,31.3,66,24.2,0.0,66,641.0,11.8,128,-9.29852689255932,7.264805408842768
2022-08-21 15:00:00,31.1,68,24.4,0.0,90,404.0,12.3,128,-9.69253226936268,7.572636146505597
2022-08-21 16:00:00,31.0,68,24.3,0.0,100,322.0,12.3,130,-9.42234665036343,7.906287599144434
2022-08-21 17:00:00,30.5,70,24.4,0.0,43,203.0,11.5,134,-8.272407703894487,7.988571260278469
2022-08-21 18:00:00,29.7,73,24.5,0.0,35,71.0,9.4,140,-6.042203531053471,7.2008177653183925
2022-08-21 19:00:00,29.0,78,24.7,0.0,35,2.0,6.2,144,-3.644268564213334,5.015905365124674
2022-08-21 20:00:00,28.4,82,25.1,0.0,31,0.0,5.5,157,-2.149021206691006,5.062776693988422
2022-08-21 21:00:00,28.0,86,25.4,0.0,34,0.0,2.6,196,0.7166571251241974,2.499280409439629
2022-08-21 22:00:00,27.8,85,25.1,0.0,32,0.0,3.6,264,3.5802788233257843,0.3763024677635521
2022-08-21 23:00:00,27.1,88,25.0,0.0,30,0.0,5.0,270,5.0,9.184850993605148e-16
2022-08-22 00:00:00,26.6,90,24.8,0.0,29,0.0,5.1,278,5.050367150582009,-0.7097828148963339
2022-08-22 01:00:00,26.4,91,24.7,0.0,26,0.0,4.7,279,4.642135200797148,-0.7352419856890842
2022-08-22 02:00:00,26.4,91,24.7,0.0,29,0.0,2.5,270,2.5,4.592425496802574e-16
2022-08-22 03:00:00,26.8,89,24.8,0.0,27,0.0,1.8,233,1.437543918085127,1.083267041673687
2022-08-22 04:00:00,26.7,89,24.8,0.0,23,0.0,1.1,288,1.046162167924669,-0.339918693812442
2022-08-22 05:00:00,26.3,91,24.7,0.0,28,0.0,2.5,315,1.767766952966369,-1.7677669529663684
2022-08-22 06:00:00,25.5,94,24.5,0.0,29,0.0,3.3,319,2.164994795668674,-2.490541614735147
2022-08-22 07:00:00,27.0,88,24.8,0.0,32,31.0,3.7,299,3.236092916415764,-1.793795594911448
2022-08-22 08:00:00,28.4,82,25.1,0.0,34,109.0,4.0,260,3.939231012048832,0.6945927106677213
2022-08-22 09:00:00,29.3,79,25.2,0.0,30,230.0,4.1,232,3.2308440897875603,2.524212048835198
2022-08-22 10:00:00,30.0,74,24.8,0.0,10,292.0,4.6,198,1.4214781741247573,4.374859974957706
2022-08-22 11:00:00,30.8,71,24.9,0.0,3,494.0,5.1,188,0.7097828148963341,5.050367150582008
2022-08-22 12:00:00,31.3,69,24.9,0.0,3,715.0,5.8,180,-7.10295143505465e-16,5.8
2022-08-22 13:00:00,31.6,68,24.9,0.0,5,743.0,7.1,165,-1.837615220227899,6.858073366652384
2022-08-22 14:00:00,31.5,68,24.9,0.0,22,662.0,7.1,150,-3.5499999999999994,6.148780366869515
2022-08-22 15:00:00,31.7,66,24.6,0.0,35,552.0,7.2,143,-4.333068166694747,5.750175672340509
2022-08-22 16:00:00,31.5,67,24.6,0.0,14,408.0,4.6,141,-2.894873798829252,3.5748714227020657
2022-08-22 17:00:00,31.1,68,24.6,0.0,7,218.0,3.4,148,-1.8017254983928963,2.883363526931848
2022-08-22 18:00:00,30.5,70,24.5,0.0,5,84.0,4.5,151,-2.181643291108517,3.935788682127281
2022-08-22 19:00:00,29.6,76,24.9,0.0,3,2.0,3.7,209,1.7937955949114468,3.236092916415765
2022-08-22 20:00:00,28.9,80,25.1,0.0,1,0.0,6.2,260,6.10580806867569,1.0766187015349682
2022-08-22 21:00:00,28.4,83,25.2,0.0,2,0.0,6.5,267,6.49109197590473,0.340183715579138
2022-08-22 22:00:00,28.2,85,25.4,0.0,1,0.0,9.0,268,8.994517443171862,0.3140954703225068
2022-08-22 23:00:00,28.2,86,25.7,0.0,6,0.0,9.4,266,9.377102072442348,0.6557108531947805
2022-08-23 00:00:00,28.0,88,25.8,0.0,11,0.0,8.4,260,8.272385125302547,1.458644692402215
2022-08-23 01:00:00,27.9,88,25.8,0.0,5,0.0,9.8,262,9.704627073667387,1.363896389408645
2022-08-23 02:00:00,27.6,89,25.6,0.0,14,0.0,6.8,270,6.8,1.2491397351303002e-15
2022-08-23 03:00:00,27.6,88,25.5,0.0,12,0.0,1.3,304,1.0777488443215542,-0.7269507745119711
2022-08-23 04:00:00,27.9,86,25.3,0.0,18,0.0,0.8,63,-0.7128052193506943,-0.3631923997916375
2022-08-23 05:00:00,27.8,85,25.1,0.0,15,0.0,2.5,82,-2.475670171853926,-0.3479327524001636
2022-08-23 06:00:00,27.4,86,24.9,0.0,10,1.0,3.8,73,-3.633958072659535,-1.1110124779463997
2022-08-23 07:00:00,28.2,85,25.4,0.0,18,44.0,4.9,73,-4.685893304218874,-1.4326213531414105
2022-08-23 08:00:00,29.0,81,25.4,0.0,32,146.0,5.2,106,-4.998560818879258,1.433314250248395
2022-08-23 09:00:00,30.0,75,25.1,0.0,34,307.0,6.0,123,-5.032023407672544,3.2678342100901627
2022-08-23 10:00:00,30.9,70,24.8,0.0,20,428.0,8.1,122,-6.869189578867051,4.292346040288959
2022-08-23 11:00:00,31.3,68,24.7,0.0,12,522.0,8.9,117,-7.929958065276475,4.040515447681966
2022-08-23 12:00:00,31.7,66,24.7,0.0,14,766.0,10.9,117,-9.71197111365321,4.94849644716106
2022-08-23 13:00:00,31.8,66,24.8,0.0,16,679.0,11.9,115,-10.785062665736136,5.029157314714322
2022-08-23 14:00:00,31.8,65,24.5,0.0,13,601.0,10.7,110,-10.05471104240922,3.659615533584655
2022-08-23 15:00:00,31.6,66,24.5,0.0,15,456.0,7.0,111,-6.535062985480412,2.5085756468171017
2022-08-23 16:00:00,31.3,67,24.5,0.0,29,392.0,2.1,121,-1.800051331474436,1.081579957311114
2022-08-23 17:00:00,30.7,70,24.5,0.0,36,210.0,0.8,63,-0.7128052193506943,-0.3631923997916375
2022-08-23 18:00:00,30.2,72,24.5,0.0,7,81.0,2.3,72,-2.1874299874788528,-0.7107390870623791
2022-08-23 19:00:00,29.4,77,24.8,0.0,2,2.0,2.8,50,-2.1449244407331385,-1.79980530712231
2022-08-23 20:00:00,28.6,82,25.3,0.0,3,0.0,2.7,23,-1.0549740469210394,-2.485363104321589
2022-08-23 21:00:00,28.0,86,25.5,0.0,5,0.0,3.0,14,-0.7257656867990032,-2.910887178827989
2022-08-23 22:00:00,27.6,88,25.4,0.0,18,0.0,3.9,34,-2.180852323535913,-3.233246532964663
2022-08-23 23:00:00,27.3,89,25.3,0.0,51,0.0,4.1,38,-2.524212048835199,-3.2308440897875594
2022-08-24 00:00:00,27.3,89,25.3,0.0,43,0.0,3.4,32,-1.8017254983928963,-2.883363526931848
2022-08-24 01:00:00,27.2,89,25.2,0.0,59,0.0,2.2,9,-0.3441558230885079,-2.1729143493093037
2022-08-24 02:00:00,27.1,88,25.0,0.0,74,0.0,2.5,45,-1.7677669529663689,-1.7677669529663689
2022-08-24 03:00:00,27.0,91,25.4,0.0,57,0.0,2.3,51,-1.7874357113510329,-1.447436899414626
2022-08-24 04:00:00,26.8,91,25.2,0.0,56,0.0,2.9,60,-2.511473670974872,-1.4500000000000002
2022-08-24 05:00:00,26.7,92,25.3,0.0,39,0.0,2.6,56,-2.1554976886431088,-1.4539015490239418
2022-08-24 06:00:00,27.1,90,25.4,0.0,32,0.0,3.9,68,-3.616017032810471,-1.460965714322057
2022-08-24 07:00:00,28.4,83,25.2,0.0,29,41.0,1.1,360,2.694222958124177e-16,-1.1
2022-08-24 08:00:00,29.7,78,25.4,0.0,43,164.0,1.9,68,-1.761649323676896,-0.7117525274902327
2022-08-24 09:00:00,30.2,75,25.3,0.1,49,197.0,1.9,202,0.7117525274902328,1.761649323676896
2022-08-24 10:00:00,30.6,73,25.3,0.2,26,308.0,5.7,215,3.269385687200963,4.669166652447253
2022-08-24 11:00:00,31.2,71,25.4,0.1,27,429.0,7.6,225,5.37401153701776,5.374011537017762
2022-08-24 12:00:00,31.6,70,25.4,0.0,47,479.0,7.7,233,6.149493427364155,4.633975678270772
2022-08-24 13:00:00,32.2,65,24.8,0.0,43,606.0,8.9,249,8.308865795825096,3.1894747509531767
2022-08-24 14:00:00,32.3,63,24.4,0.0,46,383.0,7.9,246,7.217009115376548,3.2132194802988208
2022-08-24 15:00:00,32.3,64,24.7,0.1,47,201.0,5.6,243,4.989636535454859,2.5423467985414625
2022-08-24 16:00:00,31.9,65,24.5,0.5,40,216.0,4.1,255,3.96029588778518,1.0611580849203346
2022-08-24 17:00:00,31.0,67,24.3,0.3,49,81.0,3.0,256,2.910887178827989,0.7257656867990033
2022-08-24 18:00:00,30.2,71,24.3,0.0,40,10.0,4.7,328,2.490620541896064,-3.985826051935202
2022-08-24 19:00:00,29.4,75,24.6,0.0,54,1.0,6.8,328,3.603450996785794,-5.766727053863695
2022-08-24 20:00:00,28.7,79,24.7,0.1,51,0.0,8.7,315,6.151828996322965,-6.151828996322961
2022-08-24 21:00:00,28.5,80,24.7,0.0,36,0.0,9.4,310,7.200817765318394,-6.042203531053469
2022-08-24 22:00:00,28.1,82,24.6,0.0,32,0.0,8.6,303,7.212566884330648,-4.683895701129229
2022-08-24 23:00:00,27.9,82,24.6,0.0,31,0.0,8.5,298,7.505054539300881,-3.990508283680069
2022-08-25 00:00:00,27.5,84,24.6,0.0,17,0.0,8.2,299,7.171881598543044,-3.975438886019965
2022-08-25 01:00:00,27.3,84,24.4,0.0,9,0.0,9.8,287,9.371786608437748,-2.86524270628282
2022-08-25 02:00:00,27.1,86,24.6,0.0,3,0.0,11.4,288,10.842044285764752,-3.5227937358743984
2022-08-25 03:00:00,27.5,76,22.9,0.0,2,0.0,12.0,291,11.20296511796642,-4.300415394543604
2022-08-25 04:00:00,27.3,76,22.7,0.0,2,0.0,11.8,293,10.8619572707388,-4.610627316173428
2022-08-25 05:00:00,27.2,76,22.6,0.0,2,0.0,11.4,288,10.842044285764752,-3.5227937358743984
2022-08-25 06:00:00,27.2,76,22.6,0.0,1,1.0,9.3,298,8.211412613588022,-4.366085533908781
2022-08-25 07:00:00,28.2,73,23.0,0.0,2,70.0,10.2,293,9.389149505214892,-3.985457510590589
2022-08-25 08:00:00,29.8,67,23.1,0.0,2,243.0,11.2,285,10.818369254437563,-2.898773305148227
2022-08-25 09:00:00,30.9,63,23.2,0.0,2,423.0,13.8,277,13.697136892650244,-1.681796938991038
2022-08-25 10:00:00,31.7,61,23.3,0.0,2,594.0,13.3,268,13.291897999353974,0.4641633061432601
2022-08-25 11:00:00,32.1,61,23.6,0.0,1,699.0,13.1,262,12.97251170051457,1.8231676225768625
2022-08-25 12:00:00,31.9,63,24.0,0.1,1,598.0,14.1,251,13.331811915950368,4.590510977845908
2022-08-25 13:00:00,31.6,66,24.3,0.1,2,600.0,16.6,243,14.790708301526909,7.536242295676479
2022-08-25 14:00:00,31.3,68,24.6,0.2,14,471.0,15.9,242,14.03886672645694,7.464597848295663
2022-08-25 15:00:00,31.9,64,24.1,0.0,17,423.0,14.7,239,12.600359320321049,7.571059701177799
2022-08-25 16:00:00,31.4,66,24.4,0.0,15,344.0,15.6,232,12.292967756264863,9.604319015080266
2022-08-25 17:00:00,30.8,69,24.5,0.0,25,173.0,14.1,232,11.11095162585478,8.68082680209178
2022-08-25 18:00:00,30.2,71,24.4,0.0,27,53.0,6.2,234,5.015905365124674,3.644268564213334
2022-08-25 19:00:00,29.6,74,24.6,0.0,28,0.0,7.0,249,6.535062985480412,2.508575646817105
2022-08-25 20:00:00,29.2,77,24.7,0.0,26,0.0,6.7,254,6.440453362786737,1.8467702839738929
2022-08-25 21:00:00,28.8,79,24.8,0.0,26,0.0,6.6,261,6.5187430479279085,1.032467469265525
2022-08-25 22:00:00,28.2,82,24.8,0.1,21,0.0,4.9,253,4.685893304218873,1.4326213531414118
2022-08-25 23:00:00,27.5,85,24.7,1.0,11,0.0,4.7,247,4.326372811226469,1.836436303899587
2022-08-26 00:00:00,26.8,89,24.9,0.7,16,0.0,4.7,279,4.642135200797148,-0.7352419856890842
2022-08-26 01:00:00,26.9,88,24.7,0.0,8,0.0,3.4,302,2.8833635269318485,-1.801725498392896
2022-08-26 02:00:00,26.2,92,24.8,0.1,21,0.0,3.3,319,2.164994795668674,-2.490541614735147
2022-08-26 03:00:00,27.6,80,23.8,0.0,38,0.0,3.2,360,7.837739514543061e-16,-3.2
2022-08-26 04:00:00,27.4,81,23.7,0.0,29,0.0,1.5,45,-1.0606601717798214,-1.0606601717798214
2022-08-26 05:00:00,26.0,90,24.3,0.0,32,0.0,2.5,135,-1.7677669529663689,1.7677669529663689
2022-08-26 06:00:00,25.6,93,24.4,0.0,39,0.0,4.2,121,-3.600102662948872,2.163159914622228
2022-08-26 07:00:00,27.6,86,25.0,0.0,28,63.0,4.0,100,-3.939231012048832,0.6945927106677212
2022-08-26 08:00:00,29.3,78,25.1,0.0,27,231.0,6.6,99,-6.518743047927909,1.0324674692655234
2022-08-26 09:00:00,30.2,74,25.1,0.1,46,432.0,9.2,111,-8.588939923774255,3.296985135816762
2022-08-26 10:00:00,31.0,70,24.9,0.1,69,579.0,9.7,121,-8.31452281681049,4.995869326627526
2022-08-26 11:00:00,31.4,69,25.0,0.0,59,648.0,10.7,135,-7.566042558696059,7.566042558696057
2022-08-26 12:00:00,31.8,68,25.2,0.0,35,758.0,12.3,140,-7.906287599144436,9.422346650363428
2022-08-26 13:00:00,31.9,67,25.0,0.0,31,669.0,13.2,137,-9.00237835282498,9.65386886137305
2022-08-26 14:00:00,31.8,68,25.1,0.0,29,593.0,13.0,132,-9.660882731206126,8.698697882665158
2022-08-26 15:00:00,31.8,68,25.2,0.0,29,522.0,13.8,133,-10.092681082344557,9.411577368862478
2022-08-26 16:00:00,31.5,69,25.1,0.0,32,282.0,11.3,127,-9.024581263534408,6.800509761618147
2022-08-26 17:00:00,31.0,70,25.0,0.0,32,126.0,7.8,124,-6.466493065929326,4.361704647071824
2022-08-26 18:00:00,30.4,73,25.1,0.0,31,31.0,7.9,133,-5.777694242791448,5.387787044493737
2022-08-26 19:00:00,29.5,78,25.4,0.0,32,0.0,7.1,139,-4.658019105832602,5.358438019581681
2022-08-26 20:00:00,28.8,83,25.6,0.0,30,0.0,7.8,146,-4.361704647071826,6.466493065929325
2022-08-26 21:00:00,28.2,86,25.7,0.0,30,0.0,7.1,150,-3.5499999999999994,6.148780366869515
2022-08-26 22:00:00,27.7,89,25.7,0.0,29,0.0,5.2,155,-2.1976149610516376,4.71280049259058
2022-08-26 23:00:00,27.1,92,25.8,0.0,30,0.0,3.9,158,-1.4609657143220578,3.616017032810471
2022-08-27 00:00:00,26.7,95,25.8,0.0,52,0.0,1.3,146,-0.726950774511971,1.0777488443215542
2022-08-27 01:00:00,26.5,95,25.6,0.0,100,0.0,2.0,135,-1.4142135623730951,1.414213562373095
2022-08-27 02:00:00,25.9,96,25.2,0.0,100,0.0,3.1,144,-1.822134282106667,2.507952682562337
2022-08-27 03:00:00,26.1,96,25.4,0.0,100,0.0,3.1,111,-2.8940993221413254,1.1109406435904308
2022-08-27 04:00:00,26.6,95,25.7,0.0,100,0.0,1.8,90,-1.8,-1.1021821192326179e-16
2022-08-27 05:00:00,26.0,96,25.3,0.0,100,0.0,2.1,121,-1.800051331474436,1.081579957311114
2022-08-27 06:00:00,25.8,97,25.2,0.0,70,0.0,3.5,156,-1.4235782507653014,3.197409101749103
2022-08-27 07:00:00,27.7,91,26.1,0.0,68,38.0,2.8,140,-1.7998053071223103,2.144924440733138
2022-08-27 08:00:00,29.3,83,26.2,0.0,56,173.0,4.4,145,-2.5237363199446023,3.604268994871565
2022-08-27 09:00:00,30.4,77,25.9,0.0,49,378.0,4.8,153,-2.1791543987498248,4.276831316104166
2022-08-27 10:00:00,31.2,72,25.6,0.0,64,489.0,4.7,171,-0.7352419856890856,4.642135200797148
2022-08-27 11:00:00,32.0,69,25.6,0.0,34,627.0,5.4,184,0.3766849582182765,5.386845871403051
2022-08-27 12:00:00,32.2,69,25.8,0.0,26,684.0,6.5,180,-7.960204194457795e-16,6.5
2022-08-27 13:00:00,32.4,68,25.8,0.0,38,611.0,5.8,176,-0.404587547715928,5.78587149150698
2022-08-27 14:00:00,32.5,68,25.8,0.0,37,655.0,4.0,175,-0.3486229709906328,3.984778792366982
2022-08-27 15:00:00,32.0,69,25.6,0.0,44,232.0,4.2,160,-1.4364846019678092,3.9467090073008153
2022-08-27 16:00:00,31.7,70,25.6,0.0,37,109.0,4.8,193,1.0797650608505518,4.676976310969129
2022-08-27 17:00:00,31.3,72,25.7,0.0,37,29.0,3.5,246,3.1974091017491038,1.4235782507653003
2022-08-27 18:00:00,30.8,75,25.8,0.0,32,0.0,4.2,200,1.4364846019678084,3.946709007300816
2022-08-27 19:00:00,30.2,79,26.1,0.0,30,0.0,5.9,232,4.649263446279661,3.632402704421383
2022-08-27 20:00:00,29.7,82,26.3,0.0,30,0.0,5.8,248,5.377666356487366,2.1727182418122912
2022-08-27 21:00:00,29.3,85,26.5,0.0,35,0.0,6.4,243,5.702441754805554,2.9055391983331003
2022-08-27 22:00:00,29.0,86,26.5,0.0,34,0.0,6.1,267,6.0916401620029,0.3192493330819602
2022-08-27 23:00:00,28.6,88,26.4,0.0,40,0.0,5.3,298,4.6796222421523135,-2.488199282765219
2022-08-28 00:00:00,28.3,88,26.2,0.0,38,0.0,2.8,310,2.1449244407331385,-1.7998053071223097
2022-08-28 01:00:00,27.9,91,26.2,0.3,64,0.0,5.6,75,-5.409184627218783,-1.449386652574116
2022-08-28 02:00:00,28.0,89,26.0,0.2,100,0.0,6.5,34,-3.634753872559855,-5.388744221607771
2022-08-28 03:00:00,26.6,87,24.2,0.0,57,0.0,6.9,9,-1.079397808777593,-6.815049550106451
2022-08-28 04:00:00,26.7,85,24.0,0.0,47,0.0,4.8,13,-1.079765060850552,-4.676976310969129
2022-08-28 05:00:00,26.6,87,24.2,0.0,26,0.0,2.1,31,-1.0815799573111138,-1.800051331474436
2022-08-28 06:00:00,26.1,93,24.9,0.0,25,0.0,2.5,82,-2.475670171853926,-0.3479327524001636
2022-08-28 07:00:00,27.4,87,24.9,0.0,27,37.0,3.4,72,-3.233592155403522,-1.0506577808748212
2022-08-28 08:00:00,28.8,79,24.8,0.0,38,129.0,3.0,76,-2.910887178827989,-0.725765686799003
2022-08-28 09:00:00,30.1,74,25.0,0.0,46,292.0,1.8,90,-1.8,-1.1021821192326179e-16
2022-08-28 10:00:00,31.1,69,24.9,0.0,50,436.0,1.0,135,-0.7071067811865476,0.7071067811865475
2022-08-28 11:00:00,31.9,66,24.7,0.0,44,607.0,4.1,165,-1.061158084920336,3.96029588778518
2022-08-28 12:00:00,32.0,66,25.0,0.0,61,527.0,5.3,152,-2.4881992827652204,4.679622242152313
2022-08-28 13:00:00,31.8,68,25.2,0.3,80,345.0,5.1,141,-3.2095339943541705,3.963444403430551
2022-08-28 14:00:00,30.9,72,25.4,1.9,52,232.0,2.5,135,-1.7677669529663689,1.7677669529663689
2022-08-28 15:00:00,30.5,72,25.0,0.0,50,38.0,3.6,217,2.1665340833473743,2.875087836170254
2022-08-28 16:00:00,29.5,76,24.8,0.7,55,3.0,4.4,215,2.5237363199446032,3.604268994871564
2022-08-28 17:00:00,28.4,82,25.1,1.0,77,0.0,3.5,156,-1.4235782507653014,3.197409101749103
2022-08-28 18:00:00,27.9,84,25.0,0.8,52,0.0,3.6,90,-3.6,-2.2043642384652358e-16
2022-08-28 19:00:00,27.9,84,24.8,0.2,58,0.0,3.2,117,-2.8512208774027776,1.4527695991665497
2022-08-28 20:00:00,27.5,87,25.2,0.0,59,0.0,1.8,127,-1.4375439180851268,1.0832670416736871
2022-08-28 21:00:00,28.1,82,24.6,0.0,62,0.0,2.9,150,-1.4499999999999995,2.511473670974872
2022-08-28 22:00:00,27.5,86,25.0,0.0,71,0.0,2.7,113,-2.4853631043215887,1.0549740469210394
2022-08-28 23:00:00,27.1,89,25.1,0.0,74,0.0,4.8,77,-4.676976310969129,-1.0797650608505516
2022-08-29 00:00:00,27.3,88,25.0,0.0,67,0.0,4.3,66,-3.928245467863184,-1.7489675652259409
2022-08-29 01:00:00,27.5,85,24.8,0.1,48,0.0,1.1,72,-1.0461621679246689,-0.3399186938124422
2022-08-29 02:00:00,26.4,94,25.3,0.0,34,0.0,1.4,270,1.4,2.571758278209441e-16
2022-08-29 03:00:00,27.0,87,24.7,0.0,23,0.0,2.8,230,2.144924440733138,1.7998053071223103
2022-08-29 04:00:00,27.0,86,24.6,0.0,9,0.0,1.5,194,0.3628828433995013,1.4554435894139948
2022-08-29 05:00:00,26.6,90,24.8,0.0,19,0.0,1.9,158,-0.7117525274902332,1.7616493236768958
2022-08-29 06:00:00,25.8,94,24.7,0.0,5,0.0,2.9,90,-2.9,-1.7757378587636622e-16
2022-08-29 07:00:00,27.3,87,24.8,0.0,9,56.0,3.3,49,-2.490541614735148,-2.1649947956686737
2022-08-29 08:00:00,28.3,81,24.6,0.0,21,185.0,2.5,45,-1.7677669529663689,-1.7677669529663689
2022-08-29 09:00:00,29.1,77,24.6,0.1,28,358.0,1.4,90,-1.4,-8.572527594031472e-17
2022-08-29 10:00:00,29.8,73,24.4,0.1,47,486.0,2.3,141,-1.4474368994146258,1.7874357113510329
2022-08-29 11:00:00,30.3,71,24.3,0.2,39,573.0,3.7,169,-0.7059932828932164,3.632020578756357
2022-08-29 12:00:00,30.0,72,24.4,0.2,50,445.0,6.2,170,-1.0766187015349675,6.10580806867569
2022-08-29 13:00:00,30.0,73,24.7,0.4,55,431.0,7.2,177,-0.3768188849491954,7.190132650232932
2022-08-29 14:00:00,29.9,73,24.6,0.4,71,348.0,5.7,162,-1.7613968679372007,5.421022142882375
2022-08-29 15:00:00,29.7,72,24.2,0.0,54,176.0,3.4,148,-1.8017254983928963,2.883363526931848
2022-08-29 16:00:00,29.9,71,24.2,0.1,75,151.0,4.7,99,-4.642135200797148,0.7352419856890848
2022-08-29 17:00:00,29.4,73,24.1,0.2,32,112.0,3.3,131,-2.490541614735148,2.1649947956686737
2022-08-29 18:00:00,28.9,75,24.0,0.0,31,36.0,3.1,111,-2.8940993221413254,1.1109406435904308
2022-08-29 19:00:00,28.5,77,24.1,0.0,21,0.0,3.6,6,-0.3763024677635525,-3.580278823325784
2022-08-29 20:00:00,27.9,86,25.2,0.0,15,0.0,2.1,329,1.0815799573111144,-1.8000513314744355
2022-08-29 21:00:00,27.4,87,25.0,0.0,16,0.0,2.6,344,0.7166571251241973,-2.499280409439629
2022-08-29 22:00:00,27.1,89,25.0,0.0,17,0.0,2.9,7,-0.3534210958749276,-2.8783838397598336
2022-08-29 23:00:00,27.0,88,24.8,0.0,25,0.0,3.4,18,-1.0506577808748212,-3.233592155403522
2022-08-30 00:00:00,26.7,89,24.7,0.0,20,0.0,3.8,17,-1.1110124779463997,-3.633958072659535
2022-08-30 01:00:00,26.7,89,24.7,0.0,23,0.0,4.3,360,1.0531962472667237e-15,-4.3
2022-08-30 02:00:00,26.2,90,24.5,0.0,18,0.0,4.0,360,9.797174393178826e-16,-4.0
2022-08-30 03:00:00,25.8,89,23.9,0.0,14,0.0,1.8,11,-0.3434561916777806,-1.7669289302057951
2022-08-30 04:00:00,25.7,89,23.7,0.0,12,0.0,2.5,360,6.123233995736766e-16,-2.5
2022-08-30 05:00:00,25.3,90,23.6,0.0,12,0.0,4.3,355,0.3747696938149307,-4.283637201794505
2022-08-30 06:00:00,25.2,92,23.7,0.0,5,0.0,5.1,4,-0.355758016095039,-5.087576656325103
2022-08-30 07:00:00,27.1,80,23.5,0.0,7,48.0,4.2,340,1.436484601967808,-3.946709007300816
2022-08-30 08:00:00,28.6,75,23.7,0.0,6,219.0,4.1,308,3.230844089787559,-2.5242120488352
2022-08-30 09:00:00,29.5,72,24.0,0.0,6,391.0,3.8,287,3.633958072659535,-1.1110124779463997
2022-08-30 10:00:00,30.5,69,24.0,0.0,7,593.0,4.6,252,4.3748599749577055,1.4214781741247586
2022-08-30 11:00:00,31.1,67,24.2,0.0,17,638.0,6.1,225,4.313351365237939,4.31335136523794
2022-08-30 12:00:00,31.3,67,24.5,0.0,26,648.0,6.2,216,3.644268564213333,5.0159053651246746
2022-08-30 13:00:00,31.3,67,24.6,0.0,35,633.0,6.8,212,3.6034509967857926,5.766727053863697
2022-08-30 14:00:00,31.0,69,24.6,0.1,56,481.0,6.2,216,3.644268564213333,5.0159053651246746
2022-08-30 15:00:00,30.3,71,24.3,0.2,46,285.0,4.0,190,0.6945927106677219,3.939231012048832
2022-08-30 16:00:00,30.1,71,24.2,0.2,36,191.0,4.1,165,-1.061158084920336,3.96029588778518
2022-08-30 17:00:00,30.0,72,24.3,0.0,32,150.0,4.2,121,-3.600102662948872,2.163159914622228
2022-08-30 18:00:00,29.4,75,24.4,0.0,21,31.0,6.8,93,-6.790680836331102,0.3558845024520181
2022-08-30 19:00:00,28.8,78,24.7,0.0,21,0.0,5.9,52,-4.64926344627966,-3.632402704421384
2022-08-30 20:00:00,28.5,80,24.7,0.0,11,0.0,5.2,16,-1.4333142502483958,-4.998560818879258
2022-08-30 21:00:00,28.1,83,25.0,0.0,16,0.0,4.5,346,1.0886485301985054,-4.366330768241984
2022-08-30 22:00:00,27.5,87,25.1,0.0,10,0.0,4.1,315,2.8991378028648453,-2.899137802864844
2022-08-30 23:00:00,27.3,87,25.0,0.0,12,0.0,5.2,295,4.71280049259058,-2.197614961051638
2022-08-31 00:00:00,27.1,89,25.1,0.0,11,0.0,4.9,306,3.964183272437243,-2.8801477362331176
2022-08-31 01:00:00,28.1,82,24.8,0.0,22,0.0,5.1,315,3.606244584051393,-3.606244584051391
2022-08-31 02:00:00,27.0,89,25.0,0.0,23,0.0,3.4,342,1.050657780874822,-3.233592155403522
2022-08-31 03:00:00,27.3,85,24.6,0.0,25,0.0,3.1,21,-1.1109406435904308,-2.8940993221413254
2022-08-31 04:00:00,26.4,91,24.7,0.0,22,0.0,3.3,49,-2.490541614735148,-2.1649947956686737
2022-08-31 05:00:00,26.1,92,24.7,0.0,18,0.0,4.0,63,-3.564026096753471,-1.8159619989581872
2022-08-31 06:00:00,26.0,94,24.9,0.0,8,0.0,2.9,60,-2.511473670974872,-1.4500000000000002
2022-08-31 07:00:00,27.8,82,24.3,0.0,12,46.0,3.9,34,-2.180852323535913,-3.233246532964663
2022-08-31 08:00:00,28.7,76,24.1,0.0,5,205.0,2.4,63,-2.138415658052083,-1.0895771993749124
2022-08-31 09:00:00,29.7,73,24.3,0.0,14,384.0,1.8,101,-1.7669289302057951,0.3434561916777806
2022-08-31 10:00:00,30.4,70,24.3,0.0,5,538.0,3.6,143,-2.1665340833473734,2.8750878361702545
2022-08-31 11:00:00,31.2,67,24.4,0.0,12,657.0,6.6,139,-4.329989591337347,4.981083229470295
2022-08-31 12:00:00,31.5,67,24.6,0.0,47,673.0,7.1,120,-6.148780366869515,3.549999999999998
2022-08-31 13:00:00,31.2,68,24.7,0.1,44,467.0,8.6,123,-7.212566884330647,4.683895701129233
2022-08-31 14:00:00,30.6,71,24.7,0.2,45,280.0,8.3,124,-6.881011852206847,4.641301098807197
2022-08-31 15:00:00,30.9,69,24.5,0.0,53,229.0,9.9,100,-9.74959675482086,1.71911695890261
2022-08-31 16:00:00,31.0,68,24.5,0.0,44,261.0,7.5,107,-7.172285669722767,2.192787785420525
2022-08-31 17:00:00,30.7,70,24.5,0.0,24,187.0,8.5,102,-8.314254606237348,1.7672493719509543
2022-08-31 18:00:00,30.2,72,24.5,0.0,15,51.0,8.8,109,-8.320563465273988,2.864999759222979
2022-08-31 19:00:00,29.6,75,24.6,0.0,14,0.0,7.3,101,-7.165878439167947,1.392905666248777
2022-08-31 20:00:00,29.1,77,24.7,0.0,27,0.0,6.6,77,-6.430842427582553,-1.4846769586695083
2022-08-31 21:00:00,28.8,78,24.6,0.0,30,0.0,3.6,37,-2.166534083347374,-2.875087836170254
2022-08-31 22:00:00,28.5,82,25.1,0.0,41,0.0,4.3,336,1.7489675652259409,-3.928245467863184
2022-08-31 23:00:00,29.0,78,24.7,0.0,34,0.0,3.0,284,2.910887178827989,-0.7257656867990023
2022-09-01 00:00:00,28.9,80,25.0,0.0,41,0.0,2.6,304,2.1554976886431083,-1.4539015490239422
2022-09-01 01:00:00,28.2,84,25.2,0.1,51,0.0,1.0,315,0.7071067811865477,-0.7071067811865474
2022-09-01 02:00:00,27.4,89,25.5,0.0,46,0.0,2.0,45,-1.4142135623730951,-1.4142135623730951
2022-09-01 03:00:00,26.9,88,24.7,0.0,46,0.0,3.7,61,-3.2360929164157644,-1.7937955949114477
2022-09-01 04:00:00,26.9,88,24.6,0.0,38,0.0,4.2,70,-3.9467090073008153,-1.436484601967809
2022-09-01 05:00:00,27.0,87,24.7,0.0,43,0.0,6.2,80,-6.10580806867569,-1.0766187015349686
2022-09-01 06:00:00,27.0,88,24.9,0.0,40,0.0,8.3,90,-8.3,-5.082284216461516e-16
2022-09-01 07:00:00,27.9,83,24.7,0.0,32,48.0,10.9,84,-10.84028865951418,-1.1393602496174229
2022-09-01 08:00:00,29.0,77,24.5,0.0,42,163.0,14.9,83,-14.788937659455698,-1.8158532167366976
2022-09-01 09:00:00,30.0,72,24.4,0.0,38,348.0,15.9,85,-15.839495699658755,-1.3857763096877644
2022-09-01 10:00:00,30.9,67,24.2,0.0,43,518.0,18.4,90,-18.4,-1.1266750552155648e-15
2022-09-01 11:00:00,31.6,64,23.9,0.0,76,514.0,23.0,90,-23.0,-1.4083438190194562e-15
2022-09-01 12:00:00,31.7,64,24.0,0.0,73,512.0,26.3,91,-26.29599438261309,0.4589982893005555
2022-09-01 13:00:00,31.8,63,23.9,0.0,50,505.0,27.7,89,-27.69578115583204,-0.4834316583127556
2022-09-01 14:00:00,31.7,64,23.9,0.0,37,421.0,29.5,89,-29.49550700711354,-0.5148459898998662
2022-09-01 15:00:00,30.9,66,23.8,0.0,36,220.0,31.4,87,-31.35696739129361,-1.6433490260284405
2022-09-01 16:00:00,30.2,68,23.6,0.0,38,119.0,31.0,88,-30.98111563759197,-1.0818843977775334
2022-09-01 17:00:00,29.4,71,23.5,0.0,35,38.0,29.9,89,-29.895446085176097,-0.5218269524747796
2022-09-01 18:00:00,28.6,73,23.3,0.0,36,7.0,29.2,90,-29.2,-1.7879843267551358e-15
2022-09-01 19:00:00,28.2,73,23.0,0.0,36,0.0,29.9,87,-29.85902308916176,-1.5648450916640244
2022-09-01 20:00:00,28.0,73,22.6,0.0,41,0.0,29.7,84,-29.53730029243772,-3.104495359049308
2022-09-01 21:00:00,27.9,71,22.2,0.0,34,0.0,28.7,83,-28.48607455210594,-3.497650155727733
2022-09-01 22:00:00,27.8,71,21.9,0.0,34,0.0,28.9,84,-28.741682776143097,-3.020872588435185
2022-09-01 23:00:00,27.6,71,21.8,0.0,39,0.0,30.5,83,-30.27265762506032,-3.7170149738569984
2022-09-02 00:00:00,27.4,72,21.8,0.0,40,0.0,31.5,84,-31.32743970410061,-3.292646592931084
2022-09-02 01:00:00,27.2,73,22.0,0.0,42,0.0,32.2,85,-32.07746927855421,-2.8064149164745924
2022-09-02 02:00:00,27.1,75,22.2,0.0,44,0.0,33.2,87,-33.154500553851854,-1.73755374726574
2022-09-02 03:00:00,26.8,75,21.9,0.0,48,0.0,34.9,88,-34.87873986296644,-1.2179924349172877
2022-09-02 04:00:00,26.6,75,21.9,0.0,47,0.0,35.3,87,-35.25162257683645,-1.847459255375922
2022-09-02 05:00:00,26.4,76,21.8,0.0,47,0.0,35.3,87,-35.25162257683645,-1.847459255375922
2022-09-02 06:00:00,26.5,76,21.9,0.0,100,0.0,34.6,88,-34.57892261486072,-1.2075225859065375
2022-09-02 07:00:00,27.1,76,22.5,0.0,100,18.0,32.8,91,-32.79500440112963,0.572438931142898
2022-09-02 08:00:00,27.8,74,22.6,0.0,96,57.0,42.5,88,-42.47411014831157,-1.483228609856296
2022-09-02 09:00:00,28.4,72,22.8,0.0,100,122.0,41.8,87,-41.742714552741184,-2.1876429709550576
2022-09-02 10:00:00,29.0,70,23.0,0.1,100,127.0,38.9,88,-38.87630317104282,-1.357590421727292
2022-09-02 11:00:00,29.4,70,23.3,0.1,100,114.0,40.0,88,-39.97563308076383,-1.3959798681000433
2022-09-02 12:00:00,29.7,69,23.5,0.0,100,109.0,38.5,91,-38.49413626352106,0.6719176478354139
2022-09-02 13:00:00,29.7,70,23.7,0.0,100,36.0,40.0,92,-39.97563308076383,1.3959798681000382
2022-09-02 14:00:00,30.0,70,23.9,0.1,100,84.0,38.6,93,-38.54710004152655,2.0201679109776323
2022-09-02 15:00:00,29.3,73,23.9,0.2,85,77.0,39.6,92,-39.575876749956194,1.382020069419038
2022-09-02 16:00:00,29.2,73,23.9,0.1,100,24.0,41.8,92,-41.7745365693982,1.45879896216454
2022-09-02 17:00:00,28.8,75,24.0,0.1,100,3.0,41.1,93,-41.04367387841299,2.151007801584992
2022-09-02 18:00:00,28.5,77,24.1,0.0,91,4.0,39.8,96,-39.58197143565727,4.160232838052611
2022-09-02 19:00:00,28.1,79,24.1,0.0,92,0.0,40.1,95,-39.947407393479,3.4949452841810955
2022-09-02 20:00:00,27.8,81,24.2,0.0,100,0.0,38.7,95,-38.55273481615056,3.372927244334374
2022-09-02 21:00:00,27.6,82,24.3,0.0,100,0.0,38.0,95,-37.85539852748633,3.311918224411013
2022-09-02 22:00:00,27.6,82,24.3,0.0,90,0.0,37.9,94,-37.80767750484733,2.64377035490235
2022-09-02 23:00:00,27.6,82,24.3,0.0,100,0.0,37.6,94,-37.50840828976939,2.6228434127791127
2022-09-03 00:00:00,27.5,83,24.3,0.0,100,0.0,37.2,94,-37.109382669665465,2.5949408232814624
2022-09-03 01:00:00,27.3,84,24.3,0.0,98,0.0,35.8,95,-35.663770191684485,3.1201755903661645
2022-09-03 02:00:00,27.3,84,24.3,0.0,94,0.0,35.4,94,-35.31376737919778,2.4693791705420365
2022-09-03 03:00:00,27.4,82,24.0,0.0,80,0.0,34.0,96,-33.81374444252129,3.553967751100221
2022-09-03 04:00:00,27.5,83,24.3,0.0,100,0.0,32.0,98,-31.68857819973025,4.453539230722091
2022-09-03 05:00:00,27.4,83,24.4,0.1,99,0.0,31.3,99,-30.91464506062781,4.896398755759225
2022-09-03 06:00:00,27.4,84,24.5,0.1,40,0.0,30.0,103,-29.231101943557057,6.748531630315951
2022-09-03 07:00:00,27.5,85,24.7,0.2,44,27.0,30.7,104,-29.78807879667309,7.427002194909801
2022-09-03 08:00:00,27.7,84,24.8,0.3,60,116.0,37.6,99,-37.13708160637718,5.881935885512679
2022-09-03 09:00:00,28.2,82,24.7,0.3,63,232.0,40.0,98,-39.61072274966281,5.566924038402615
2022-09-03 10:00:00,28.8,78,24.5,0.2,69,301.0,41.0,101,-40.24671452135422,7.823168810438337
2022-09-03 11:00:00,29.1,76,24.4,0.2,100,331.0,43.9,103,-42.77484584407183,9.875351285695675
2022-09-03 12:00:00,28.9,78,24.7,0.9,100,296.0,45.3,100,-44.61179121145302,7.866262448311942
2022-09-03 13:00:00,29.3,77,24.9,0.1,100,328.0,42.6,98,-42.1854197283909,5.928774100898784
2022-09-03 14:00:00,29.1,76,24.3,1.3,79,240.0,39.0,99,-38.51984528321037,6.100944136569002
2022-09-03 15:00:00,29.2,74,24.2,0.2,90,246.0,38.0,100,-37.42269461446391,6.598630751343352
2022-09-03 16:00:00,28.7,76,24.2,0.4,77,149.0,32.9,103,-32.05677513143424,7.40088968791316
2022-09-03 17:00:00,28.2,80,24.4,0.5,65,74.0,34.9,101,-34.25878870232347,6.659233938641413
2022-09-03 18:00:00,27.9,82,24.6,0.1,100,25.0,29.4,113,-27.062842691501743,11.48749517758465
2022-09-03 19:00:00,27.7,83,24.5,0.1,90,0.0,30.4,107,-29.07166458127628,8.888099823571194
2022-09-03 20:00:00,27.7,83,24.5,0.0,100,0.0,29.3,101,-28.761676475016557,5.590703564532763
2022-09-03 21:00:00,27.8,83,24.6,0.0,100,0.0,27.1,95,-26.996876318286304,2.3619206284615384
2022-09-03 22:00:00,27.7,82,24.3,0.2,100,0.0,27.4,93,-27.36244925227532,1.4340052010566613
2022-09-03 23:00:00,27.1,86,24.5,0.3,82,0.0,27.8,93,-27.761901066177156,1.4549395835538388
2022-09-04 00:00:00,26.9,88,24.6,0.5,61,0.0,27.5,95,-27.395354197523,2.396782925560601
2022-09-04 01:00:00,26.9,85,24.3,0.5,77,0.0,26.5,98,-26.24210382165161,3.688087175441732
2022-09-04 02:00:00,26.8,86,24.3,0.4,99,0.0,23.7,104,-22.99600871274112,5.733548925712126
2022-09-04 03:00:00,26.5,90,24.7,1.0,92,0.0,17.6,121,-15.086144492357178,9.064670118416956
2022-09-04 04:00:00,26.4,91,24.9,2.7,100,0.0,15.0,132,-11.147172382160914,10.036959095382873
2022-09-04 05:00:00,26.6,93,25.3,1.7,100,0.0,11.1,144,-6.524416300446453,8.980088637561915
2022-09-04 06:00:00,26.7,92,25.4,1.6,89,0.0,9.4,133,-6.874724795220204,6.410784584587485
2022-09-04 07:00:00,27.0,90,25.2,1.3,72,1.0,10.5,128,-8.274112912870581,6.464445490919412
2022-09-04 08:00:00,27.3,88,25.1,0.6,54,40.0,10.8,120,-9.353074360871938,5.399999999999998
2022-09-04 09:00:00,27.7,85,24.9,0.1,39,14.0,11.3,112,-10.4771775566047,4.233054505599807
2022-09-04 10:00:00,28.5,79,24.4,0.0,92,129.0,12.4,116,-11.14504617410967,5.435802220184561
2022-09-04 11:00:00,29.5,73,24.3,0.1,100,283.0,15.3,124,-12.68427486009214,8.555651423102425
2022-09-04 12:00:00,30.2,71,24.3,0.0,100,384.0,16.5,126,-13.348780407186633,9.698456662825803
2022-09-04 13:00:00,30.5,70,24.4,0.0,100,286.0,15.9,129,-12.35662078716584,10.006194217692412
2022-09-04 14:00:00,30.6,68,24.1,0.0,88,245.0,14.8,135,-10.465180361560904,10.465180361560902
2022-09-04 15:00:00,29.6,76,24.9,3.1,87,58.0,11.7,133,-8.556838308944295,7.979380812731231
2022-09-04 16:00:00,29.4,78,25.1,0.3,68,54.0,7.9,133,-5.777694242791448,5.387787044493737
2022-09-04 17:00:00,29.1,80,25.2,0.1,45,21.0,4.8,153,-2.1791543987498248,4.276831316104166
2022-09-04 18:00:00,28.4,84,25.4,0.2,47,3.0,4.1,165,-1.061158084920336,3.96029588778518
2022-09-04 19:00:00,28.0,87,25.5,0.0,43,0.0,5.3,208,2.4881992827652213,4.679622242152313
2022-09-04 20:00:00,27.8,88,25.5,0.0,35,0.0,7.1,221,4.6580191058326,5.358438019581682
2022-09-04 21:00:00,27.7,88,25.5,0.0,51,0.0,8.0,216,4.702282018339784,6.47213595499958
2022-09-04 22:00:00,27.5,89,25.5,0.0,100,0.0,7.2,217,4.333068166694749,5.750175672340508
2022-09-04 23:00:00,27.4,89,25.4,0.0,100,0.0,7.1,225,5.020458146424486,5.020458146424488
2022-09-05 00:00:00,27.2,89,25.2,0.2,100,0.0,6.5,236,5.388744221607772,3.6347538725598527
2022-09-05 01:00:00,26.8,88,24.7,0.6,100,0.0,6.5,251,6.14587074139556,2.116193003971518
2022-09-05 02:00:00,26.6,90,24.8,0.6,100,0.0,6.2,263,6.153786140176197,0.7555899291119125
2022-09-05 03:00:00,26.3,91,24.8,1.0,100,0.0,7.9,286,7.593967397912719,-2.1775351109542957
2022-09-05 04:00:00,26.1,91,24.6,0.5,100,0.0,7.9,294,7.217009115376549,-3.213219480298818
2022-09-05 05:00:00,25.9,91,24.3,0.5,100,0.0,8.2,293,7.548139798310011,-3.2039952536120424
2022-09-05 06:00:00,25.7,90,24.0,0.4,88,0.0,8.7,300,7.534421012924615,-4.3500000000000005
2022-09-05 07:00:00,26.0,90,24.2,0.6,62,10.0,10.9,304,9.036509540849954,-6.095202647831143
2022-09-05 08:00:00,26.8,86,24.3,0.3,49,64.0,12.6,301,10.800307988846615,-6.489479743866682
2022-09-05 09:00:00,28.1,80,24.4,0.0,43,176.0,15.1,295,13.685247584253412,-6.381535752284564
2022-09-05 10:00:00,29.2,77,24.8,0.0,33,347.0,15.5,282,15.161287811373986,-3.222631207675271
2022-09-05 11:00:00,30.1,75,25.2,0.0,35,449.0,15.8,270,15.8,2.902412913979227e-15
2022-09-05 12:00:00,30.7,75,25.6,0.0,55,540.0,15.5,258,15.161287811373986,3.2226312076752768
2022-09-05 13:00:00,30.8,75,25.8,0.0,100,413.0,15.1,245,13.685247584253418,6.381535752284557
2022-09-05 14:00:00,31.0,74,25.9,0.1,73,432.0,15.3,236,12.68427486009214,8.555651423102423
2022-09-05 15:00:00,29.9,76,25.2,0.3,74,263.0,14.5,240,12.557368354874358,7.250000000000006
2022-09-05 16:00:00,29.6,78,25.5,0.3,56,201.0,11.2,264,11.13864522812466,1.1707187885977175
2022-09-05 17:00:00,29.4,78,25.2,0.1,63,75.0,10.8,266,10.773691742806102,0.7533699164365563
2022-09-05 18:00:00,28.5,81,25.0,0.3,82,13.0,7.3,279,7.210124886344506,-1.141971594793684
2022-09-05 19:00:00,27.8,85,25.0,0.1,76,0.0,8.3,288,7.893769085249776,-2.5648410533120622
2022-09-05 20:00:00,27.4,86,24.9,0.0,58,0.0,9.0,293,8.284543681071964,-3.5165801564034616
2022-09-05 21:00:00,27.2,87,24.8,0.0,71,0.0,10.1,297,8.999165894302516,-4.585304047369421
2022-09-05 22:00:00,27.0,86,24.6,0.0,62,0.0,11.8,297,10.513876985422742,-5.35708789692665
2022-09-05 23:00:00,26.9,86,24.5,0.0,49,0.0,13.2,292,12.238826880281591,-4.944807033090037
2022-09-06 00:00:00,26.7,87,24.5,0.0,57,0.0,13.6,292,12.60970042210831,-5.094649670456403
2022-09-06 01:00:00,26.6,89,24.5,0.0,55,0.0,13.1,291,12.229903587113345,-4.694620139043435
2022-09-06 02:00:00,26.4,89,24.5,0.1,65,0.0,14.0,288,13.314791228132153,-4.326237921249261
2022-09-06 03:00:00,26.8,87,24.4,0.0,64,0.0,13.4,290,12.591881118531171,-4.583069920563965
2022-09-06 04:00:00,26.6,87,24.3,0.0,57,0.0,12.6,294,11.510672766296771,-5.124881702755077
2022-09-06 05:00:00,26.5,87,24.3,0.0,62,0.0,12.3,291,11.483039245915585,-4.407925779407195
2022-09-06 06:00:00,26.5,88,24.3,0.0,44,0.0,8.2,293,7.548139798310011,-3.2039952536120424
2022-09-06 07:00:00,27.1,86,24.6,0.0,30,32.0,8.4,290,7.893418014601631,-2.87296920393562
2022-09-06 08:00:00,28.1,82,24.7,0.0,12,164.0,8.8,282,8.60769888645749,-1.8296228791962832
2022-09-06 09:00:00,29.1,79,25.1,0.0,7,360.0,8.6,268,8.594761112364223,0.3001356716415065
2022-09-06 10:00:00,29.8,77,25.3,0.0,4,423.0,6.7,254,6.440453362786737,1.8467702839738929
2022-09-06 11:00:00,30.3,76,25.6,0.0,6,509.0,6.4,232,5.043268823083022,3.940233442084212
2022-09-06 12:00:00,30.6,75,25.6,0.0,13,515.0,6.0,213,3.2678342100901627,5.032023407672544
2022-09-06 13:00:00,30.3,74,25.2,0.4,44,373.0,4.0,185,0.3486229709906318,3.984778792366982
2022-09-06 14:00:00,30.2,74,25.2,0.3,40,321.0,2.5,188,0.3479327524001638,2.475670171853926
2022-09-06 15:00:00,29.7,78,25.4,0.6,60,268.0,2.2,171,-0.3441558230885082,2.172914349309303
2022-09-06 16:00:00,28.8,82,25.4,2.3,100,98.0,2.9,210,1.4500000000000002,2.511473670974872
2022-09-06 17:00:00,27.6,86,25.0,3.2,64,5.0,1.8,180,-2.2043642384652358e-16,1.8
2022-09-06 18:00:00,27.0,88,24.8,1.3,100,2.0,3.1,144,-1.822134282106667,2.507952682562337
2022-09-06 19:00:00,26.8,90,25.1,0.3,71,0.0,0.7,180,-8.572527594031472e-17,0.7
2022-09-06 20:00:00,26.6,92,25.2,0.2,74,0.0,2.5,278,2.475670171853926,-0.3479327524001636
2022-09-06 21:00:00,26.8,90,24.9,0.0,97,0.0,3.6,270,3.6,6.613092715395707e-16
2022-09-06 22:00:00,26.3,93,25.1,0.3,90,0.0,4.7,266,4.688551036221174,0.3278554265973902
2022-09-06 23:00:00,26.0,94,25.0,0.3,96,0.0,4.3,270,4.3,7.898971854500429e-16
2022-09-07 00:00:00,26.0,94,24.9,0.0,86,0.0,4.8,257,4.6769763109691285,1.0797650608505531
2022-09-07 01:00:00,26.1,92,24.7,0.0,75,0.0,3.3,229,2.490541614735148,2.1649947956686737
2022-09-07 02:00:00,25.7,94,24.7,0.1,71,0.0,4.3,185,0.3747696938149291,4.283637201794505
2022-09-07 03:00:00,26.4,93,25.2,0.1,65,0.0,4.5,166,-1.0886485301985047,4.366330768241984
2022-09-07 04:00:00,26.3,94,25.2,0.0,66,0.0,4.7,157,-1.8364363038995868,4.32637281122647
2022-09-07 05:00:00,26.4,93,25.2,0.0,77,0.0,4.3,138,-2.8772616073430908,3.1955227495527945
2022-09-07 06:00:00,26.4,93,25.3,0.1,51,0.0,4.7,86,-4.688551036221174,-0.3278554265973886
2022-09-07 07:00:00,27.1,92,25.7,0.1,42,1.0,4.1,105,-3.96029588778518,1.0611580849203357
2022-09-07 08:00:00,28.0,85,25.3,0.1,34,32.0,4.4,125,-3.604268994871564,2.5237363199446032
2022-09-07 09:00:00,28.4,84,25.4,0.0,26,42.0,5.8,112,-5.377666356487367,2.17271824181229
2022-09-07 10:00:00,29.1,81,25.5,0.0,34,140.0,6.9,96,-6.862201078041086,0.7212463965468096
2022-09-07 11:00:00,29.9,77,25.4,0.1,25,270.0,7.6,93,-7.589584464134761,0.3977532674463732
2022-09-07 12:00:00,29.7,78,25.4,0.2,23,227.0,8.8,102,-8.607698886457491,1.8296228791962823
2022-09-07 13:00:00,29.6,78,25.4,0.2,36,165.0,11.3,107,-10.806243742382302,3.303800263366925
2022-09-07 14:00:00,29.6,78,25.3,0.3,36,82.0,11.4,101,-11.19054989130337,2.175222547292611
2022-09-07 15:00:00,29.4,77,25.1,1.0,53,13.0,8.4,100,-8.272385125302547,1.4586446924022145
2022-09-07 16:00:00,29.1,80,25.2,0.1,44,1.0,9.0,92,-8.994517443171862,0.3140954703225086
2022-09-07 17:00:00,28.9,81,25.4,0.0,31,0.0,6.8,93,-6.790680836331102,0.3558845024520181
2022-09-07 18:00:00,28.6,83,25.5,0.0,31,0.0,8.0,98,-7.922144549932563,1.1133848076805228
2022-09-07 19:00:00,28.1,87,25.6,0.0,41,0.0,8.6,92,-8.594761112364223,0.3001356716415082
2022-09-07 20:00:00,27.7,89,25.7,0.0,35,0.0,8.7,83,-8.6351515192795,-1.060263287624783
2022-09-07 21:00:00,27.4,91,25.9,0.0,29,0.0,5.0,90,-5.0,-3.061616997868383e-16
2022-09-07 22:00:00,27.1,92,25.8,0.0,29,0.0,2.9,120,-2.511473670974872,1.4499999999999993
2022-09-07 23:00:00,26.7,95,25.8,0.0,28,0.0,2.9,150,-1.4499999999999995,2.511473670974872
2022-09-08 00:00:00,26.6,96,25.8,0.0,47,0.0,3.9,202,1.460965714322057,3.616017032810471
2022-09-08 01:00:00,26.2,97,25.7,0.0,56,0.0,4.2,211,2.163159914622228,3.600102662948872
2022-09-08 02:00:00,26.0,98,25.6,0.0,41,0.0,5.2,214,2.907803098047883,4.3109953772862175
2022-09-08 03:00:00,26.1,95,25.3,0.0,50,0.0,6.4,207,2.9055391983330985,5.702441754805555
2022-09-08 04:00:00,27.0,92,25.5,0.4,59,0.0,3.5,204,1.4235782507653008,3.197409101749103
2022-09-08 05:00:00,26.8,91,25.2,0.1,65,0.0,2.2,351,0.3441558230885084,-2.172914349309303
2022-09-08 06:00:00,25.6,95,24.7,0.0,61,0.0,4.6,315,3.2526911934581197,-3.252691193458117
2022-09-08 07:00:00,26.9,92,25.4,0.0,52,46.0,6.4,308,5.04326882308302,-3.940233442084215
2022-09-08 08:00:00,27.8,87,25.5,0.1,62,146.0,7.2,297,6.41524697415625,-3.268731598124736
2022-09-08 09:00:00,28.5,84,25.6,0.1,85,264.0,7.0,282,6.847033205136639,-1.455381835724316
2022-09-08 10:00:00,29.1,81,25.4,0.3,84,389.0,4.7,270,4.7,8.63375993398884e-16
2022-09-08 11:00:00,29.5,79,25.5,0.5,78,459.0,3.8,253,3.633958072659534,1.111012477946401
2022-09-08 12:00:00,30.2,76,25.4,0.6,75,535.0,3.1,225,2.192031021678297,2.192031021678298
2022-09-08 13:00:00,30.0,76,25.4,3.2,76,448.0,3.9,146,-2.180852323535913,3.2332465329646625
2022-09-08 14:00:00,29.1,79,25.0,4.8,92,332.0,7.1,105,-6.858073366652385,1.837615220227898
2022-09-08 15:00:00,29.5,75,24.6,1.0,100,222.0,6.8,87,-6.790680836331102,-0.3558845024520189
2022-09-08 16:00:00,28.7,77,24.3,1.6,63,117.0,4.0,90,-4.0,-2.4492935982947064e-16
2022-09-08 17:00:00,28.3,79,24.3,0.0,69,65.0,2.1,59,-1.800051331474436,-1.0815799573111138
2022-09-08 18:00:00,27.7,83,24.5,0.0,68,17.0,0.8,297,0.7128052193506944,-0.3631923997916373
2022-09-08 19:00:00,27.0,88,24.7,0.0,71,0.0,2.4,297,2.1384156580520832,-1.089577199374912
2022-09-08 20:00:00,26.5,91,24.9,0.0,92,0.0,4.4,279,4.345828698618607,-0.688311646177015
2022-09-08 21:00:00,26.2,92,24.9,0.0,72,0.0,6.1,270,6.1,1.120551821219828e-15
2022-09-08 22:00:00,26.1,93,24.9,0.0,82,0.0,8.6,268,8.594761112364223,0.3001356716415065
2022-09-08 23:00:00,26.2,92,24.9,0.0,77,0.0,10.9,262,10.793921949283115,1.5169868004647176
2022-09-09 00:00:00,26.3,91,24.8,0.0,89,0.0,11.1,257,10.815507719116107,2.496956703216904
2022-09-09 01:00:00,26.4,90,24.6,0.0,93,0.0,11.4,252,10.84204428576475,3.5227937358744024
2022-09-09 02:00:00,26.4,90,24.6,0.0,56,0.0,11.6,244,10.426010937070334,5.085105302753302
2022-09-09 03:00:00,26.0,88,24.0,0.2,50,0.0,9.4,238,7.971652103870404,4.981241083792128
2022-09-09 04:00:00,25.9,88,23.8,0.1,47,0.0,6.0,237,5.032023407672545,3.267834210090162
2022-09-09 05:00:00,25.4,92,24.0,0.0,44,0.0,4.2,250,3.946709007300816,1.436484601967808
2022-09-09 06:00:00,25.2,93,23.9,0.0,25,0.0,3.9,292,3.616017032810471,-1.460965714322057
2022-09-09 07:00:00,26.3,87,23.9,0.0,27,29.0,3.6,307,2.875087836170255,-2.1665340833473725
2022-09-09 08:00:00,26.8,83,23.8,0.0,50,100.0,3.3,276,3.281922254715302,-0.3449439287832548
2022-09-09 09:00:00,27.3,81,23.7,0.0,48,193.0,2.1,239,1.8000513314744355,1.0815799573111142
2022-09-09 10:00:00,28.2,76,23.6,0.0,58,378.0,2.3,231,1.7874357113510322,1.447436899414627
2022-09-09 11:00:00,28.8,72,23.4,0.0,53,474.0,4.7,212,2.4906205418960625,3.9858260519352022
2022-09-09 12:00:00,29.5,70,23.3,0.0,68,561.0,6.9,189,1.0793978087775922,6.815049550106451
2022-09-09 13:00:00,29.6,69,23.4,0.1,87,451.0,9.1,173,-1.1090110249868426,9.032169979936029
2022-09-09 14:00:00,29.3,71,23.4,0.1,69,487.0,11.0,157,-4.298042413382012,10.125553387976844
2022-09-09 15:00:00,29.4,69,23.1,0.1,94,451.0,11.2,140,-7.199221228489241,8.579697762932552
2022-09-09 16:00:00,29.1,69,22.8,0.0,92,234.0,9.0,119,-7.871577364254563,4.363286582217033
2022-09-09 17:00:00,28.7,70,22.7,0.0,75,114.0,6.2,100,-6.10580806867569,1.076618701534968
2022-09-09 18:00:00,28.3,72,22.7,0.0,53,23.0,5.2,102,-5.08636752381579,1.0811407922523486
2022-09-09 19:00:00,27.4,79,23.3,0.0,53,0.0,2.8,40,-1.7998053071223097,-2.1449244407331385
2022-09-09 20:00:00,26.6,86,24.0,0.0,82,0.0,1.6,27,-0.7263847995832748,-1.4256104387013888
2022-09-09 21:00:00,26.3,88,24.2,0.0,96,0.0,2.0,315,1.4142135623730954,-1.4142135623730947
2022-09-09 22:00:00,25.9,90,24.2,0.0,100,0.0,3.1,291,2.8940993221413254,-1.1109406435904312
2022-09-09 23:00:00,25.8,90,24.1,0.0,92,0.0,2.9,277,2.8783838397598336,-0.3534210958749282
2022-09-10 00:00:00,25.9,90,24.1,0.0,88,0.0,2.9,300,2.511473670974872,-1.4500000000000002
2022-09-10 01:00:00,26.1,88,24.0,0.0,85,0.0,4.1,315,2.8991378028648453,-2.899137802864844
2022-09-10 02:00:00,26.0,88,23.9,0.0,53,0.0,3.8,311,2.8678964048465345,-2.4930243101639267
2022-09-10 03:00:00,25.5,91,24.0,0.0,45,0.0,4.3,318,2.87726160734309,-3.195522749552795
2022-09-10 04:00:00,25.4,92,23.9,0.0,45,0.0,5.6,320,3.5996106142446216,-4.289848881466275
2022-09-10 05:00:00,25.3,91,23.8,0.0,40,0.0,5.4,318,3.613305274337834,-4.012982057577929
2022-09-10 06:00:00,25.1,93,23.9,0.0,29,0.0,3.3,354,0.3449439287832562,-3.281922254715301
2022-09-10 07:00:00,26.0,88,23.9,0.0,33,37.0,3.4,58,-2.8833635269318485,-1.8017254983928963
2022-09-10 08:00:00,26.6,85,23.8,0.0,35,126.0,5.7,72,-5.421022142882375,-1.7613968679372003
2022-09-10 09:00:00,27.5,80,23.7,0.1,60,307.0,8.1,77,-7.892397524760405,-1.8221035401853056
2022-09-10 10:00:00,28.3,74,23.2,0.1,52,409.0,9.0,90,-9.0,-5.51091059616309e-16
2022-09-10 11:00:00,28.7,71,22.9,0.1,45,470.0,10.2,100,-10.04503908072452,1.771211412202689
2022-09-10 12:00:00,29.1,68,22.7,0.0,82,509.0,11.9,104,-11.54651914268436,2.8788705576360467
2022-09-10 13:00:00,29.2,68,22.6,0.0,83,372.0,13.3,103,-12.959121861643627,2.991849022773405
2022-09-10 14:00:00,29.2,67,22.5,0.0,84,341.0,14.9,98,-14.7549942242494,2.0736792043049737
2022-09-10 15:00:00,29.2,64,21.8,0.0,48,329.0,16.6,95,-16.536831988322977,1.4467853296111268
2022-09-10 16:00:00,28.8,65,21.6,0.0,51,224.0,17.3,94,-17.257858069494958,1.2067869957733683
2022-09-10 17:00:00,28.3,66,21.4,0.0,52,124.0,16.6,92,-16.58988772851699,0.5793316452615159
2022-09-10 18:00:00,27.4,69,21.1,0.0,48,28.0,15.6,97,-15.483719965604624,1.9011617571202988
2022-09-10 19:00:00,26.8,71,21.0,0.0,44,0.0,15.8,91,-15.797593583470984,0.2757480217090789
2022-09-10 20:00:00,26.3,73,21.1,0.0,54,0.0,14.1,86,-14.06565310866352,-0.9835662797921656
2022-09-10 21:00:00,26.0,76,21.4,0.0,57,0.0,10.9,81,-10.765802912487002,-1.705135668938517
2022-09-10 22:00:00,25.8,78,21.7,0.0,47,0.0,8.8,78,-8.60769888645749,-1.8296228791962836
2022-09-10 23:00:00,25.2,84,22.4,0.0,41,0.0,9.3,74,-8.939733772226367,-2.5634274090980926
2022-09-11 00:00:00,24.8,88,22.6,0.0,34,0.0,6.8,72,-6.467184310807044,-2.1013155617496424
2022-09-11 01:00:00,25.5,84,22.6,0.0,38,0.0,5.8,90,-5.8,-3.5514757175273243e-16
2022-09-11 02:00:00,24.4,90,22.7,0.0,38,0.0,7.3,101,-7.165878439167947,1.392905666248777
2022-09-11 03:00:00,24.4,87,22.2,0.0,38,0.0,7.9,90,-7.9,-4.837354856632045e-16
2022-09-11 04:00:00,24.8,85,22.2,0.0,39,0.0,8.3,85,-8.268415994161488,-0.7233926648055626
2022-09-11 05:00:00,24.8,85,22.1,0.0,44,0.0,8.4,83,-8.337387673787106,-1.023702484603239
2022-09-11 06:00:00,24.9,85,22.2,0.0,39,0.0,9.1,81,-8.987963899415753,-1.4235536318661013
2022-09-11 07:00:00,25.7,82,22.4,0.0,36,35.0,12.7,97,-12.60533612584479,1.5477406612453717
2022-09-11 08:00:00,26.8,77,22.4,0.0,44,136.0,16.3,96,-16.210706894502856,1.703813951262753
2022-09-11 09:00:00,27.9,73,22.6,0.0,45,310.0,19.1,94,-19.053473359962645,1.332348648512794
2022-09-11 10:00:00,28.6,72,23.0,0.0,72,299.0,20.5,89,-20.49687775070602,-0.3577743319643137
2022-09-11 11:00:00,29.2,69,22.9,0.0,73,485.0,19.6,84,-19.49262914921816,-2.048757880046008
2022-09-11 12:00:00,29.3,69,23.1,0.1,64,403.0,18.1,84,-18.000846306165748,-1.891965185144528
2022-09-11 13:00:00,29.4,69,23.1,0.1,82,360.0,18.2,82,-18.02287885109658,-2.5329504374731915
2022-09-11 14:00:00,29.2,70,23.1,0.1,91,409.0,18.4,79,-18.061940175437016,-3.510885514928426
2022-09-11 15:00:00,28.3,77,23.8,0.5,79,155.0,19.2,82,-19.01314691983815,-2.6721235384332567
2022-09-11 16:00:00,28.2,77,23.8,0.1,100,97.0,20.2,88,-20.18769470578573,-0.7049698333905218
2022-09-11 17:00:00,27.9,78,23.8,0.0,82,66.0,20.2,91,-20.196923442159104,0.3525386100331262
2022-09-11 18:00:00,27.6,80,23.8,0.0,63,16.0,21.7,96,-21.58112512949153,2.268267652908082
2022-09-11 19:00:00,27.3,81,23.8,0.0,58,0.0,22.3,92,-22.28641544252584,0.7782587764657714
2022-09-11 20:00:00,27.0,83,23.9,0.0,53,0.0,23.0,91,-22.996496988597,0.40140534805752
2022-09-11 21:00:00,26.7,85,23.9,0.0,62,0.0,22.7,88,-22.686171773333477,-0.7922185751467745
2022-09-11 22:00:00,26.4,87,24.0,0.0,61,0.0,20.2,87,-20.17231660204239,-1.0571863161074682
2022-09-11 23:00:00,26.1,88,24.0,0.0,66,0.0,17.7,92,-17.689217638237995,0.6177210916342669
2022-09-12 00:00:00,25.9,89,24.0,0.0,71,0.0,17.8,98,-17.626771623599954,2.4772811970891637
2022-09-12 01:00:00,25.9,90,24.1,0.0,59,0.0,19.2,95,-19.126938203361515,1.6733902607550382
2022-09-12 02:00:00,25.8,90,24.1,0.0,53,0.0,19.4,90,-19.4,-1.1879073951729326e-15
2022-09-12 03:00:00,26.3,88,24.2,0.0,49,0.0,19.8,90,-19.8,-1.2124003311558797e-15
2022-09-12 04:00:00,26.3,87,24.1,0.0,49,0.0,21.3,94,-21.248114270534256,1.4858128907498696
2022-09-12 05:00:00,26.3,87,23.9,0.0,47,0.0,23.8,93,-23.76738292715886,1.2455957585820634
2022-09-12 06:00:00,26.2,87,23.9,0.0,51,0.0,25.6,90,-25.6,-1.5675479029086122e-15
2022-09-12 07:00:00,26.5,86,24.1,0.1,29,36.0,25.1,98,-24.85572852541342,3.4932448340976405
2022-09-12 08:00:00,27.2,82,23.9,0.0,65,115.0,32.1,94,-32.02180601334036,2.239182807186423
2022-09-12 09:00:00,28.1,78,23.9,0.0,59,306.0,32.4,93,-32.35559692604819,1.6956849822713804
2022-09-12 10:00:00,28.8,75,23.9,0.0,65,463.0,32.8,94,-32.72010084852223,2.288012338807311
2022-09-12 11:00:00,29.3,74,24.2,0.0,62,581.0,31.7,92,-31.680689216505336,1.1063140454692804
2022-09-12 12:00:00,28.8,75,23.9,0.5,63,590.0,32.9,94,-32.819857253548214,2.2949879861817237
2022-09-12 13:00:00,28.5,78,24.3,0.4,81,510.0,31.6,102,-30.909464183188263,6.570009429841195
2022-09-12 14:00:00,28.4,80,24.6,0.1,73,406.0,31.4,103,-30.595220034256386,7.063463106397362
2022-09-12 15:00:00,28.1,80,24.4,0.1,100,253.0,31.2,101,-30.626768123567118,5.953240655748198
2022-09-12 16:00:00,28.0,79,24.1,0.0,41,140.0,29.8,98,-29.5099884484988,4.147358408609947
2022-09-12 17:00:00,27.4,80,23.6,0.2,50,97.0,28.5,92,-28.48263857004423,0.9946356560212772
2022-09-12 18:00:00,27.0,81,23.5,0.0,44,24.0,25.2,90,-25.2,-1.5430549669256649e-15
2022-09-12 19:00:00,26.7,81,23.1,0.0,40,0.0,23.1,86,-23.04372956100194,-1.611374543489293
2022-09-12 20:00:00,26.5,79,22.6,0.0,33,0.0,18.4,91,-18.3971975908776,0.3211242784460159
2022-09-12 21:00:00,26.4,79,22.4,0.0,31,0.0,18.0,110,-16.914467174146353,6.156362579862037
2022-09-12 22:00:00,26.2,81,22.8,0.0,31,0.0,18.5,119,-16.180464582078823,8.968977974557234
2022-09-12 23:00:00,26.1,84,23.2,0.0,31,0.0,20.3,110,-19.07576020195394,6.943008909511075
2022-09-13 00:00:00,26.0,86,23.5,0.0,39,0.0,20.9,94,-20.849088650430325,1.4579103012522192
2022-09-13 01:00:00,25.9,87,23.6,0.0,29,0.0,20.2,87,-20.17231660204239,-1.0571863161074682
2022-09-13 02:00:00,25.9,87,23.6,0.0,26,0.0,19.8,89,-19.79698436409655,-0.3455576474582152
2022-09-13 03:00:00,26.1,78,21.9,0.0,42,0.0,21.7,95,-21.61742494859088,1.891279617624184
2022-09-13 04:00:00,26.0,79,22.1,0.0,36,0.0,22.3,99,-22.02544999527157,3.488488570397147
2022-09-13 05:00:00,25.8,80,22.2,0.0,66,0.0,23.0,99,-22.71683183368817,3.597992695925309
2022-09-13 06:00:00,25.9,81,22.3,0.0,56,0.0,23.9,97,-23.721853024227595,2.9126773073830217
2022-09-13 07:00:00,26.1,81,22.6,0.0,62,40.0,21.6,92,-21.58684186361247,0.7538291287740206
2022-09-13 08:00:00,26.8,79,22.7,0.0,40,137.0,22.0,95,-21.9162833580184,1.9174263404484813
2022-09-13 09:00:00,27.9,74,22.7,0.0,35,266.0,23.1,101,-22.67558793764104,4.4076877931981855
2022-09-13 10:00:00,28.6,70,22.7,0.1,53,332.0,25.9,99,-25.581128021414067,4.051652644541978
2022-09-13 11:00:00,29.2,67,22.5,0.2,68,408.0,25.9,99,-25.581128021414067,4.051652644541978
2022-09-13 12:00:00,29.5,65,22.3,0.1,47,488.0,25.6,101,-25.1296558962602,4.884710281639547
2022-09-13 13:00:00,29.7,65,22.3,0.0,53,564.0,24.9,104,-24.16036358427231,6.023855200431727
2022-09-13 14:00:00,29.4,65,22.2,0.0,53,423.0,24.2,105,-23.375404996195453,6.263420891481005
2022-09-13 15:00:00,29.5,65,22.1,0.0,51,325.0,22.9,103,-22.31307448358189,5.151379144474509
2022-09-13 16:00:00,29.3,65,22.0,0.0,47,293.0,20.5,100,-20.188558936750265,3.559787642172071
2022-09-13 17:00:00,28.9,67,22.1,0.0,34,165.0,16.1,100,-15.855404823496553,2.795735660437578
2022-09-13 18:00:00,28.0,70,22.0,0.0,30,34.0,12.3,95,-12.253194786528471,1.0720156357961963
2022-09-13 19:00:00,27.2,74,22.1,0.0,30,0.0,10.5,106,-10.093247807352348,2.89419223607849
2022-09-13 20:00:00,26.7,76,22.2,0.0,30,0.0,10.8,111,-10.08266860616978,3.8703738550892433
2022-09-13 21:00:00,26.4,77,22.1,0.0,29,0.0,10.8,120,-9.353074360871938,5.399999999999998
2022-09-13 22:00:00,26.2,77,22.0,0.0,31,0.0,11.3,127,-9.024581263534408,6.800509761618147
2022-09-13 23:00:00,26.0,79,22.0,0.0,11,0.0,12.0,129,-9.325751537483653,7.551844692598047
2022-09-14 00:00:00,25.9,80,22.2,0.0,15,0.0,12.0,129,-9.325751537483653,7.551844692598047
2022-09-14 01:00:00,26.1,80,22.4,0.0,23,0.0,12.1,127,-9.663489671572242,7.281961780139786
2022-09-14 02:00:00,26.0,81,22.5,0.0,29,0.0,12.1,127,-9.663489671572242,7.281961780139786
2022-09-14 03:00:00,25.7,82,22.3,0.0,32,0.0,10.5,128,-8.274112912870581,6.464445490919412
2022-09-14 04:00:00,25.6,82,22.3,0.0,17,0.0,8.9,130,-6.817795543758905,5.7208097262102005
2022-09-14 05:00:00,25.2,84,22.3,0.0,23,0.0,7.4,129,-5.750880114781586,4.656970893768796
2022-09-14 06:00:00,24.7,89,22.7,0.0,47,0.0,8.3,124,-6.881011852206847,4.641301098807197
2022-09-14 07:00:00,25.9,86,23.3,0.0,20,43.0,6.6,119,-5.772490067120012,3.199743493625824
2022-09-14 08:00:00,27.8,76,23.1,0.0,8,182.0,5.9,142,-3.6324027044213847,4.64926344627966
2022-09-14 09:00:00,28.9,68,22.5,0.0,3,445.0,5.9,142,-3.6324027044213847,4.64926344627966
2022-09-14 10:00:00,29.7,64,22.2,0.0,17,582.0,6.6,139,-4.329989591337347,4.981083229470295
2022-09-14 11:00:00,30.3,61,22.0,0.0,18,736.0,7.9,137,-5.387787044493738,5.777694242791447
2022-09-14 12:00:00,30.6,60,22.1,0.0,15,801.0,8.4,137,-5.728786224524987,6.143371093601032
2022-09-14 13:00:00,30.7,61,22.2,0.0,11,739.0,8.1,135,-5.727564927611035,5.727564927611034
2022-09-14 14:00:00,30.6,61,22.4,0.0,5,701.0,7.6,135,-5.374011537017761,5.37401153701776
2022-09-14 15:00:00,30.3,63,22.5,0.0,2,554.0,6.4,128,-5.043268823083022,3.940233442084213
2022-09-14 16:00:00,30.1,63,22.4,0.0,1,375.0,5.6,117,-4.98963653545486,2.5423467985414616
2022-09-14 17:00:00,29.6,65,22.3,0.0,4,194.0,4.0,117,-3.564026096753472,1.815961998958187
2022-09-14 18:00:00,28.9,69,22.7,0.0,4,40.0,7.4,129,-5.750880114781586,4.656970893768796
2022-09-14 19:00:00,27.9,76,23.4,0.0,3,0.0,8.1,135,-5.727564927611035,5.727564927611034
2022-09-14 20:00:00,27.2,77,22.9,0.0,4,0.0,7.9,137,-5.387787044493738,5.777694242791447
2022-09-14 21:00:00,25.7,85,23.0,0.0,8,0.0,7.8,158,-2.921931428644116,7.232034065620941
2022-09-14 22:00:00,25.2,88,23.1,0.0,17,0.0,8.8,168,-1.829622879196282,8.607698886457491
2022-09-14 23:00:00,24.9,90,23.1,0.0,21,0.0,8.7,173,-1.0602632876247835,8.6351515192795
2022-09-15 00:00:00,24.7,91,23.1,0.0,29,0.0,6.3,193,1.417191642366349,6.1385314081469815
2022-09-15 01:00:00,24.6,92,23.1,0.0,39,0.0,3.3,257,3.215421213791276,0.7423384793347553
2022-09-15 02:00:00,24.3,92,23.0,0.0,55,0.0,5.6,310,4.289848881466277,-3.59961061424462
2022-09-15 03:00:00,24.6,92,23.2,0.0,27,0.0,6.4,317,4.364789504399989,-4.680663690362692
2022-09-15 04:00:00,24.6,91,23.1,0.0,30,0.0,6.0,327,3.267834210090162,-5.032023407672544
2022-09-15 05:00:00,24.6,90,22.9,0.0,20,0.0,5.5,337,2.1490212066910064,-5.062776693988422
2022-09-15 06:00:00,24.6,89,22.7,0.0,43,0.0,5.0,360,1.2246467991473533e-15,-5.0
2022-09-15 07:00:00,25.9,84,22.9,0.0,13,45.0,6.6,13,-1.484676958669509,-6.430842427582553
2022-09-15 08:00:00,27.7,73,22.4,0.0,8,181.0,5.2,25,-2.197614961051637,-4.71280049259058
2022-09-15 09:00:00,28.8,66,21.9,0.0,18,386.0,5.6,50,-4.289848881466277,-3.5996106142446203
2022-09-15 10:00:00,29.6,62,21.5,0.0,18,547.0,6.6,68,-6.1194134401407965,-2.4724035165450187
2022-09-15 11:00:00,30.2,60,21.5,0.0,20,698.0,5.8,86,-5.78587149150698,-0.4045875477159263
2022-09-15 12:00:00,30.6,59,21.8,0.0,15,720.0,4.7,113,-4.326372811226469,1.836436303899587
2022-09-15 13:00:00,30.9,60,22.2,0.0,7,692.0,4.8,138,-3.21182691052252,3.567095162291492
2022-09-15 14:00:00,30.9,61,22.5,0.0,0,635.0,5.4,138,-3.613305274337835,4.012982057577928
2022-09-15 15:00:00,31.0,60,22.2,0.0,1,540.0,4.3,138,-2.8772616073430908,3.1955227495527945
2022-09-15 16:00:00,30.6,61,22.3,0.0,7,368.0,3.4,122,-2.8833635269318485,1.8017254983928963
2022-09-15 17:00:00,30.0,64,22.5,0.0,11,186.0,2.6,124,-2.1554976886431088,1.4539015490239415
2022-09-15 18:00:00,29.3,70,23.1,0.0,3,37.0,4.7,122,-3.9858260519352022,2.4906205418960625
2022-09-15 19:00:00,28.1,77,23.7,0.0,3,0.0,5.7,125,-4.669166652447252,3.269385687200963
2022-09-15 20:00:00,27.1,83,24.0,0.0,6,0.0,5.5,122,-4.664264528860343,2.914555953282626
2022-09-15 21:00:00,26.4,88,24.2,0.0,7,0.0,2.9,90,-2.9,-1.7757378587636622e-16
2022-09-15 22:00:00,27.0,84,24.1,0.0,4,0.0,0.8,27,-0.3631923997916374,-0.7128052193506944
2022-09-15 23:00:00,27.0,84,24.2,0.0,5,0.0,3.4,328,1.801725498392897,-2.883363526931848
2022-09-16 00:00:00,26.7,86,24.2,0.0,3,0.0,5.2,326,2.907803098047882,-4.3109953772862175
2022-09-16 01:00:00,26.1,89,24.2,0.0,4,0.0,5.5,328,2.9145559532826275,-4.664264528860342
2022-09-16 02:00:00,24.0,96,23.4,0.0,2,0.0,4.2,340,1.436484601967808,-3.946709007300816
2022-09-16 03:00:00,23.9,94,22.8,0.0,7,0.0,4.0,355,0.3486229709906333,-3.984778792366982
2022-09-16 04:00:00,23.8,92,22.5,0.0,14,0.0,4.3,5,-0.3747696938149301,-4.283637201794505
2022-09-16 05:00:00,23.5,93,22.3,0.0,19,0.0,4.0,10,-0.6945927106677213,-3.939231012048832
2022-09-16 06:00:00,23.3,94,22.3,0.0,41,0.0,1.3,34,-0.726950774511971,-1.0777488443215544
2022-09-16 07:00:00,25.1,86,22.7,0.0,13,42.0,4.9,36,-2.8801477362331185,-3.9641832724372423
2022-09-16 08:00:00,27.0,73,21.8,0.0,10,143.0,5.1,39,-3.2095339943541705,-3.963444403430551
2022-09-16 09:00:00,28.1,69,21.9,0.0,11,348.0,4.7,67,-4.32637281122647,-1.8364363038995863
2022-09-16 10:00:00,28.9,68,22.4,0.0,3,496.0,4.7,94,-4.688551036221174,0.3278554265973891
2022-09-16 11:00:00,29.6,67,22.8,0.0,0,692.0,5.6,117,-4.98963653545486,2.5423467985414616
2022-09-16 12:00:00,29.9,67,23.0,0.0,2,638.0,7.1,131,-5.358438019581682,4.658019105832601
2022-09-16 13:00:00,30.1,67,23.2,0.0,2,629.0,8.4,137,-5.728786224524987,6.143371093601032
2022-09-16 14:00:00,30.1,67,23.2,0.0,2,577.0,8.9,137,-6.069785404556237,6.509047944410617
2022-09-16 15:00:00,30.0,69,23.6,0.0,2,526.0,9.2,132,-6.836932394392027,6.156001578501495
2022-09-16 16:00:00,29.7,70,23.6,0.0,1,289.0,10.6,125,-8.683011669463312,6.079910225321089
2022-09-16 17:00:00,29.1,72,23.5,0.1,2,147.0,9.2,116,-8.268905225952334,4.033014550459513
2022-09-16 18:00:00,28.3,76,23.7,0.0,17,31.0,8.7,114,-7.947845481490627,3.538608794759462
2022-09-16 19:00:00,27.4,81,23.9,0.0,9,0.0,10.5,117,-9.355568503977864,4.766900247265241
2022-09-16 20:00:00,26.8,85,24.0,0.0,8,0.0,9.7,112,-8.993683389297837,3.633683956134347
2022-09-16 21:00:00,26.4,87,24.1,0.0,9,0.0,8.4,110,-7.893418014601631,2.872969203935617
2022-09-16 22:00:00,26.1,89,24.1,0.0,4,0.0,7.2,108,-6.847606917325106,2.224922359499621
2022-09-16 23:00:00,25.8,91,24.1,0.0,2,0.0,8.4,100,-8.272385125302547,1.4586446924022145
2022-09-17 00:00:00,25.1,94,24.0,0.0,3,0.0,5.8,83,-5.756767679519667,-0.7068421917498554
2022-09-17 01:00:00,24.5,95,23.7,0.0,3,0.0,4.2,70,-3.9467090073008153,-1.436484601967809
2022-09-17 02:00:00,23.7,97,23.3,0.0,22,0.0,4.3,66,-3.928245467863184,-1.7489675652259409
2022-09-17 03:00:00,23.5,98,23.2,0.0,23,0.0,4.3,66,-3.928245467863184,-1.7489675652259409
2022-09-17 04:00:00,23.6,99,23.4,0.0,34,0.0,4.5,61,-3.935788682127281,-2.181643291108517
2022-09-17 05:00:00,23.6,97,23.1,0.0,33,0.0,4.7,58,-3.9858260519352022,-2.490620541896063
2022-09-17 06:00:00,23.7,96,23.1,0.0,31,0.0,6.2,80,-6.10580806867569,-1.0766187015349686
2022-09-17 07:00:00,24.8,93,23.6,0.0,6,46.0,5.8,94,-5.78587149150698,0.4045875477159269
2022-09-17 08:00:00,26.8,85,24.0,0.0,3,196.0,7.2,96,-7.160557646651568,0.7526049355271056
2022-09-17 09:00:00,28.1,75,23.3,0.0,7,386.0,9.1,97,-9.03216997993603,1.109011024986841
2022-09-17 10:00:00,29.0,69,22.7,0.0,23,525.0,12.0,106,-11.535140351259829,3.3076482698039884
2022-09-17 11:00:00,29.7,64,22.2,0.0,31,682.0,13.9,107,-13.292636107886194,4.06396669564604
2022-09-17 12:00:00,30.2,62,22.2,0.0,28,765.0,16.2,107,-15.492137046601176,4.736421616508333
2022-09-17 13:00:00,30.5,61,22.2,0.0,11,720.0,17.3,107,-16.544072278160517,5.058030491703344
2022-09-17 14:00:00,30.5,61,22.3,0.0,4,641.0,17.5,104,-16.980175209829937,4.233633172994186
2022-09-17 15:00:00,30.4,62,22.3,0.0,0,542.0,16.7,104,-16.20393862880914,4.040095656514452
2022-09-17 16:00:00,30.1,63,22.3,0.0,4,357.0,15.6,105,-15.068442890109464,4.037577103599325
2022-09-17 17:00:00,29.4,66,22.5,0.0,1,187.0,13.4,104,-13.001962732098352,3.2417534010355484
2022-09-17 18:00:00,28.4,72,22.8,0.0,2,35.0,11.2,111,-10.45610077676866,4.013721034907363
2022-09-17 19:00:00,27.5,77,23.1,0.0,5,0.0,10.3,115,-9.334970206477497,4.352968095929203
2022-09-17 20:00:00,26.9,82,23.5,0.0,12,0.0,10.1,117,-8.999165894302516,4.585304047369422
2022-09-17 21:00:00,26.4,85,23.7,0.0,15,0.0,8.9,117,-7.929958065276475,4.040515447681966
2022-09-17 22:00:00,26.0,88,23.8,0.0,2,0.0,8.2,119,-7.171881598543045,3.975438886019963
2022-09-17 23:00:00,25.7,89,23.7,0.0,15,0.0,9.0,119,-7.871577364254563,4.363286582217033
2022-09-18 00:00:00,25.3,90,23.6,0.0,28,0.0,8.2,119,-7.171881598543045,3.975438886019963
2022-09-18 01:00:00,24.9,92,23.4,0.0,31,0.0,6.0,107,-5.737828535778213,1.75423022833642
2022-09-18 02:00:00,24.7,92,23.3,0.0,37,0.0,3.5,66,-3.197409101749103,-1.4235782507653008
2022-09-18 03:00:00,24.7,92,23.3,0.0,60,0.0,2.5,45,-1.7677669529663689,-1.7677669529663689
2022-09-18 04:00:00,25.1,89,23.2,0.0,55,0.0,1.1,72,-1.0461621679246689,-0.3399186938124422
2022-09-18 05:00:00,24.7,91,23.1,0.0,60,0.0,1.3,236,1.0777488443215544,0.7269507745119705
2022-09-18 06:00:00,24.0,92,22.7,0.0,35,0.0,7.2,180,-8.817456953860943e-16,7.2
2022-09-18 07:00:00,25.3,91,23.7,0.0,32,45.0,5.4,176,-0.3766849582182778,5.386845871403051
2022-09-18 08:00:00,27.5,80,23.6,0.1,34,177.0,7.0,159,-2.5085756468171017,6.535062985480412
2022-09-18 09:00:00,28.3,75,23.3,0.1,50,355.0,8.7,150,-4.349999999999999,7.534421012924616
2022-09-18 10:00:00,28.8,74,23.7,0.0,38,524.0,7.4,141,-4.656970893768797,5.750880114781585
2022-09-18 11:00:00,29.2,73,23.9,0.0,40,531.0,7.0,145,-4.0150350544573215,5.734064310022943
2022-09-18 12:00:00,29.7,72,24.0,0.0,35,680.0,9.2,154,-4.033014550459511,8.268905225952336
2022-09-18 13:00:00,29.8,71,24.0,0.0,39,528.0,9.5,155,-4.014873486536645,8.609923976848174
2022-09-18 14:00:00,29.6,70,23.6,0.0,33,462.0,8.2,157,-3.2039952536120446,7.54813979831001
2022-09-18 15:00:00,29.8,68,23.2,0.0,32,488.0,7.1,165,-1.837615220227899,6.858073366652384
2022-09-18 16:00:00,29.5,69,23.1,0.0,30,290.0,6.1,180,-7.470345474798854e-16,6.1
2022-09-18 17:00:00,29.2,70,23.1,0.0,28,164.0,3.8,197,1.1110124779463997,3.633958072659535
2022-09-18 18:00:00,28.6,72,23.2,0.0,42,24.0,1.8,180,-2.2043642384652358e-16,1.8
2022-09-18 19:00:00,27.6,78,23.5,0.0,32,0.0,5.9,227,4.314986839553106,4.023790324368742
2022-09-18 20:00:00,27.0,83,23.8,0.0,23,0.0,6.8,238,5.766727053863696,3.603450996785794
2022-09-18 21:00:00,26.6,85,23.8,0.0,18,0.0,7.0,258,6.847033205136639,1.4553818357243185
2022-09-18 22:00:00,26.2,87,23.8,0.0,21,0.0,7.6,270,7.6,1.3960973510279824e-15
2022-09-18 23:00:00,26.0,87,23.6,0.0,36,0.0,7.9,267,7.889173324561134,0.41345405431926
2022-09-19 00:00:00,25.7,87,23.4,0.1,32,0.0,7.2,267,7.190132650232932,0.376818884949199
2022-09-19 01:00:00,25.2,88,23.2,0.0,35,0.0,5.4,278,5.34744757120448,-0.7515347451843536
2022-09-19 02:00:00,24.9,91,23.3,0.1,52,0.0,4.3,294,3.9282454678631846,-1.7489675652259389
2022-09-19 03:00:00,24.7,94,23.8,0.1,48,0.0,5.4,307,4.312631754255383,-3.249801125021059
2022-09-19 04:00:00,24.5,95,23.7,0.1,47,0.0,4.8,318,3.211826910522519,-3.5670951622914924
2022-09-19 05:00:00,24.2,96,23.5,0.0,48,0.0,3.6,315,2.545584412271572,-2.5455844122715705
2022-09-19 06:00:00,24.1,96,23.3,0.0,28,0.0,4.6,321,2.894873798829254,-3.5748714227020644
2022-09-19 07:00:00,25.0,91,23.4,0.0,14,46.0,5.7,305,4.669166652447253,-3.2693856872009626
2022-09-19 08:00:00,26.6,82,23.3,0.0,16,173.0,4.1,285,3.960295887785181,-1.061158084920333
2022-09-19 09:00:00,27.7,78,23.5,0.0,4,362.0,3.3,257,3.215421213791276,0.7423384793347553
2022-09-19 10:00:00,28.6,73,23.3,0.1,34,489.0,3.1,216,1.8221342821066664,2.5079526825623373
2022-09-19 11:00:00,29.1,71,23.3,0.1,25,599.0,3.7,191,0.7059932828932155,3.632020578756357
2022-09-19 12:00:00,29.6,70,23.5,0.0,17,603.0,4.7,184,0.3278554265973888,4.688551036221174
2022-09-19 13:00:00,29.9,69,23.7,0.0,13,621.0,7.6,180,-9.307315673519883e-16,7.6
2022-09-19 14:00:00,30.1,70,23.9,0.0,10,592.0,7.2,174,-0.7526049355271069,7.160557646651568
2022-09-19 15:00:00,29.6,73,24.2,0.3,23,494.0,2.3,141,-1.4474368994146258,1.7874357113510329
2022-09-19 16:00:00,29.0,74,23.9,0.1,61,209.0,1.3,56,-1.0777488443215544,-0.7269507745119709
2022-09-19 17:00:00,28.6,75,23.8,0.1,26,118.0,3.3,103,-3.2154212137912763,0.7423384793347546
2022-09-19 18:00:00,28.2,77,23.8,0.1,24,19.0,3.1,144,-1.822134282106667,2.507952682562337
2022-09-19 19:00:00,27.6,81,24.0,0.0,24,0.0,2.9,150,-1.4499999999999995,2.511473670974872
2022-09-19 20:00:00,27.3,84,24.4,0.0,29,0.0,1.3,304,1.0777488443215542,-0.7269507745119711
2022-09-19 21:00:00,26.9,85,24.3,0.0,28,0.0,3.8,287,3.633958072659535,-1.1110124779463997
2022-09-19 22:00:00,27.0,84,24.1,0.0,28,0.0,3.9,292,3.616017032810471,-1.460965714322057
2022-09-19 23:00:00,26.9,85,24.1,0.0,26,0.0,3.1,315,2.192031021678298,-2.192031021678297
2022-09-20 00:00:00,25.8,90,24.1,0.0,32,0.0,3.3,311,2.4905416147351485,-2.1649947956686733
2022-09-20 01:00:00,25.3,93,24.0,0.0,29,0.0,4.1,308,3.230844089787559,-2.5242120488352
2022-09-20 02:00:00,25.4,91,23.9,0.0,30,0.0,4.2,301,3.600102662948872,-2.163159914622228
2022-09-20 03:00:00,25.9,86,23.5,0.1,31,0.0,4.7,302,3.9858260519352022,-2.490620541896062
2022-09-20 04:00:00,25.9,85,23.1,0.0,48,0.0,4.3,318,2.87726160734309,-3.195522749552795
2022-09-20 05:00:00,25.7,85,23.0,0.1,48,0.0,3.6,354,0.3763024677635523,-3.580278823325784
2022-09-20 06:00:00,25.7,85,23.0,0.1,45,0.0,3.0,346,0.7257656867990037,-2.910887178827989
2022-09-20 07:00:00,26.0,85,23.4,0.0,41,36.0,3.6,323,2.166534083347374,-2.875087836170254
2022-09-20 08:00:00,26.7,80,23.1,0.0,44,119.0,3.1,291,2.8940993221413254,-1.1109406435904312
2022-09-20 09:00:00,27.6,77,23.1,0.0,43,269.0,1.8,259,1.7669289302057951,0.3434561916777803
2022-09-20 10:00:00,28.0,75,23.2,0.0,39,274.0,1.1,180,-1.3471114790620887e-16,1.1
2022-09-20 11:00:00,28.4,73,23.0,0.1,34,332.0,3.9,146,-2.180852323535913,3.2332465329646625
2022-09-20 12:00:00,28.4,71,22.6,0.1,42,280.0,5.7,125,-4.669166652447252,3.269385687200963
2022-09-20 13:00:00,28.5,69,22.2,0.1,49,324.0,6.2,111,-5.788198644282651,2.221881287180861
2022-09-20 14:00:00,28.5,68,22.1,0.2,46,335.0,6.9,99,-6.815049550106451,1.0793978087775926
2022-09-20 15:00:00,28.7,66,21.6,0.0,52,278.0,8.1,77,-7.892397524760405,-1.8221035401853056
2022-09-20 16:00:00,28.4,66,21.5,0.0,41,194.0,8.4,59,-7.200205325897744,-4.326319829244455
2022-09-20 17:00:00,27.8,69,21.7,0.0,16,80.0,7.1,41,-4.658019105832602,-5.358438019581681
2022-09-20 18:00:00,27.0,73,21.9,0.0,27,20.0,6.4,47,-4.680663690362692,-4.36478950439999
2022-09-20 19:00:00,26.4,78,22.2,0.0,32,0.0,6.1,40,-3.921004419087889,-4.6728711030257655
2022-09-20 20:00:00,25.8,82,22.6,0.0,18,0.0,4.8,27,-2.1791543987498243,-4.276831316104166
2022-09-20 21:00:00,25.3,87,22.9,0.0,18,0.0,3.6,6,-0.3763024677635525,-3.580278823325784
2022-09-20 22:00:00,24.8,91,23.2,0.0,25,0.0,3.2,333,1.4527695991665504,-2.851220877402777
2022-09-20 23:00:00,24.5,93,23.3,0.0,27,0.0,4.1,315,2.8991378028648453,-2.899137802864844
2022-09-21 00:00:00,24.2,95,23.4,0.0,35,0.0,5.3,298,4.6796222421523135,-2.488199282765219
2022-09-21 01:00:00,24.2,95,23.3,0.1,45,0.0,5.4,278,5.34744757120448,-0.7515347451843536
2022-09-21 02:00:00,24.1,95,23.2,0.1,56,0.0,4.0,270,4.0,7.34788079488412e-16
2022-09-21 03:00:00,24.9,90,23.2,0.1,42,0.0,2.9,270,2.9,5.327213576290986e-16
2022-09-21 04:00:00,24.7,91,23.2,0.1,43,0.0,2.9,300,2.511473670974872,-1.4500000000000002
2022-09-21 05:00:00,24.0,94,23.0,0.1,48,0.0,2.9,30,-1.4499999999999995,-2.511473670974872
2022-09-21 06:00:00,24.2,93,23.0,0.1,46,0.0,5.1,45,-3.606244584051392,-3.606244584051392
2022-09-21 07:00:00,24.7,90,23.0,0.0,35,28.0,6.6,41,-4.329989591337347,-4.981083229470295
2022-09-21 08:00:00,25.6,84,22.6,0.0,11,121.0,6.9,51,-5.3623071340531,-4.342310698243879
2022-09-21 09:00:00,26.7,77,22.3,0.0,22,310.0,5.8,60,-5.022947341949744,-2.9000000000000004
2022-09-21 10:00:00,27.8,70,21.9,0.0,42,512.0,4.7,86,-4.688551036221174,-0.3278554265973886
2022-09-21 11:00:00,28.6,65,21.4,0.0,58,571.0,5.0,111,-4.667902132486009,1.7918397477265011
2022-09-21 12:00:00,29.3,61,20.9,0.0,50,642.0,8.0,108,-7.608452130361229,2.4721359549995787
2022-09-21 13:00:00,29.5,59,20.7,0.0,41,599.0,7.6,90,-7.6,-4.653657836759942e-16
2022-09-21 14:00:00,29.4,60,20.7,0.0,41,400.0,7.6,85,-7.571079705497266,-0.6623836448822018
2022-09-21 15:00:00,28.8,63,21.0,0.0,43,305.0,6.2,83,-6.153786140176196,-0.7555899291119145
2022-09-21 16:00:00,28.7,63,21.0,0.0,45,194.0,5.5,67,-5.062776693988422,-2.149021206691005
2022-09-21 17:00:00,28.3,64,20.9,0.0,67,94.0,4.4,35,-2.523736319944603,-3.604268994871564
2022-09-21 18:00:00,27.7,68,21.1,0.0,60,19.0,5.9,52,-4.64926344627966,-3.632402704421384
2022-09-21 19:00:00,26.9,73,21.6,0.0,50,0.0,6.6,41,-4.329989591337347,-4.981083229470295
2022-09-21 20:00:00,26.2,77,21.9,0.0,42,0.0,5.7,18,-1.7613968679372003,-5.421022142882375
2022-09-21 21:00:00,25.8,81,22.2,0.0,15,0.0,5.2,344,1.4333142502483949,-4.998560818879258
2022-09-21 22:00:00,25.4,83,22.4,0.0,4,0.0,6.4,317,4.364789504399989,-4.680663690362692
2022-09-21 23:00:00,25.1,86,22.5,0.0,3,0.0,6.6,299,5.772490067120011,-3.1997434936258258
2022-09-22 00:00:00,24.8,87,22.5,0.0,2,0.0,6.0,287,5.737828535778212,-1.7542302283364202
2022-09-22 01:00:00,24.8,87,22.5,0.0,3,0.0,6.0,287,5.737828535778212,-1.7542302283364202
2022-09-22 02:00:00,24.7,87,22.3,0.0,5,0.0,5.6,297,4.989636535454861,-2.542346798541461
2022-09-22 03:00:00,24.4,89,22.4,0.0,6,0.0,5.9,308,4.649263446279659,-3.6324027044213856
2022-09-22 04:00:00,24.2,89,22.3,0.0,14,0.0,4.8,318,3.211826910522519,-3.5670951622914924
2022-09-22 05:00:00,24.0,89,22.1,0.0,16,0.0,4.8,333,2.179154398749825,-4.276831316104166
2022-09-22 06:00:00,23.7,91,22.1,0.0,16,0.0,4.3,360,1.0531962472667237e-15,-4.3
2022-09-22 07:00:00,25.2,85,22.4,0.0,17,37.0,4.8,13,-1.079765060850552,-4.676976310969129
2022-09-22 08:00:00,26.7,76,22.2,0.0,3,169.0,3.9,22,-1.460965714322057,-3.616017032810471
2022-09-22 09:00:00,27.5,73,22.3,0.0,1,350.0,2.0,45,-1.4142135623730951,-1.4142135623730951
2022-09-22 10:00:00,28.4,68,21.9,0.0,5,500.0,3.1,111,-2.8940993221413254,1.1109406435904308
2022-09-22 11:00:00,29.1,64,21.7,0.0,15,596.0,6.2,126,-5.0159053651246746,3.644268564213333
2022-09-22 12:00:00,29.4,63,21.6,0.0,37,592.0,9.2,129,-7.149742845404133,5.789747597658502
2022-09-22 13:00:00,29.7,62,21.5,0.0,61,672.0,11.1,126,-8.980088637561916,6.52441630044645
2022-09-22 14:00:00,29.5,62,21.5,0.0,54,467.0,11.1,119,-9.708278749247294,5.381386784734341
2022-09-22 15:00:00,29.3,62,21.3,0.0,42,377.0,10.3,102,-10.0749202875582,2.141490415422921
2022-09-22 16:00:00,29.1,62,21.0,0.0,36,294.0,9.7,90,-9.7,-5.939536975864663e-16
2022-09-22 17:00:00,28.7,62,20.7,0.0,28,139.0,10.4,88,-10.393664600998596,-0.3629547657060112
2022-09-22 18:00:00,27.8,66,20.8,0.0,13,24.0,9.7,94,-9.676371287520292,0.6766377953180156
2022-09-22 19:00:00,27.0,69,20.8,0.0,16,0.0,11.6,83,-11.513535359039334,-1.4136843834997108
2022-09-22 20:00:00,26.5,71,20.7,0.0,21,0.0,10.9,73,-10.423721839997087,-3.186851581477831
2022-09-22 21:00:00,26.1,73,20.9,0.0,14,0.0,8.4,65,-7.61298541110786,-3.5499933986218752
2022-09-22 22:00:00,25.5,77,21.2,0.0,16,0.0,8.4,50,-6.434773322199416,-5.399415921366931
2022-09-22 23:00:00,24.7,83,21.6,0.0,17,0.0,6.7,16,-1.8467702839738944,-6.440453362786736
2022-09-23 00:00:00,24.3,86,21.9,0.0,11,0.0,5.5,328,2.9145559532826275,-4.664264528860342
2022-09-23 01:00:00,24.2,89,22.3,0.0,18,0.0,4.6,288,4.374859974957706,-1.421478174124757
2022-09-23 02:00:00,23.9,92,22.6,0.0,14,0.0,4.0,243,3.564026096753471,1.815961998958188
2022-09-23 03:00:00,24.9,84,22.0,0.0,12,0.0,2.6,214,1.4539015490239415,2.1554976886431088
2022-09-23 04:00:00,23.3,92,22.0,0.0,9,0.0,4.7,90,-4.7,-2.8779199779962803e-16
2022-09-23 05:00:00,23.6,90,21.9,0.0,18,0.0,7.0,69,-6.535062985480412,-2.5085756468171025
2022-09-23 06:00:00,23.7,89,21.8,0.0,18,0.0,6.9,62,-6.092338390726596,-3.239353783222647
2022-09-23 07:00:00,24.4,85,21.7,0.0,21,43.0,6.1,40,-3.921004419087889,-4.6728711030257655
2022-09-23 08:00:00,26.2,74,21.2,0.0,23,165.0,4.1,52,-3.23084408978756,-2.524212048835199
2022-09-23 09:00:00,27.4,66,20.6,0.0,24,404.0,3.3,96,-3.281922254715301,0.3449439287832567
2022-09-23 10:00:00,28.3,61,20.0,0.0,24,563.0,4.9,126,-3.9641832724372423,2.880147736233118
2022-09-23 11:00:00,29.2,56,19.6,0.0,29,713.0,6.4,137,-4.36478950439999,4.680663690362692
2022-09-23 12:00:00,29.7,54,19.5,0.0,34,755.0,6.8,148,-3.603450996785793,5.766727053863696
2022-09-23 13:00:00,29.9,54,19.6,0.0,37,666.0,7.6,149,-3.914289369316413,6.514471485336053
2022-09-23 14:00:00,29.7,56,19.9,0.0,49,411.0,7.9,133,-5.777694242791448,5.387787044493737
2022-09-23 15:00:00,29.6,56,20.0,0.0,57,333.0,8.6,112,-7.973781149274371,3.2216167033768435
2022-09-23 16:00:00,29.3,58,20.0,0.0,56,193.0,9.4,88,-9.3942737739795,-0.3280552690035102
2022-09-23 17:00:00,28.7,59,19.9,0.0,52,73.0,8.9,69,-8.308865795825096,-3.1894747509531736
2022-09-23 18:00:00,28.0,62,20.0,0.0,43,14.0,7.7,62,-6.798696465013737,-3.61493103345136
2022-09-23 19:00:00,27.3,65,20.2,0.0,37,0.0,8.0,54,-6.47213595499958,-4.702282018339785
2022-09-23 20:00:00,26.7,69,20.5,0.0,37,0.0,7.2,37,-4.333068166694748,-5.750175672340508
2022-09-23 21:00:00,26.3,73,21.0,0.0,41,0.0,6.2,7,-0.7555899291119144,-6.153786140176196
2022-09-23 22:00:00,26.0,77,21.6,0.0,51,0.0,3.7,349,0.7059932828932153,-3.632020578756357
2022-09-23 23:00:00,25.6,82,22.3,0.0,64,0.0,2.2,360,5.388445916248355e-16,-2.2
2022-09-24 00:00:00,25.2,87,22.9,0.0,71,0.0,3.3,347,0.7423384793347556,-3.215421213791276
2022-09-24 01:00:00,25.0,88,22.9,0.0,65,0.0,3.0,346,0.7257656867990037,-2.910887178827989
2022-09-24 02:00:00,24.9,89,23.0,0.0,59,0.0,3.4,342,1.050657780874822,-3.233592155403522
2022-09-24 03:00:00,25.0,87,22.7,0.0,61,0.0,3.3,354,0.3449439287832562,-3.281922254715301
2022-09-24 04:00:00,25.0,86,22.6,0.0,53,0.0,4.5,61,-3.935788682127281,-2.181643291108517
2022-09-24 05:00:00,25.0,86,22.5,0.0,40,0.0,6.5,71,-6.145870741395559,-2.116193003971519
2022-09-24 06:00:00,25.0,86,22.4,0.0,36,0.0,7.8,68,-7.232034065620942,-2.9219314286441134
2022-09-24 07:00:00,25.5,83,22.3,0.0,33,33.0,10.3,61,-9.008582983535776,-4.993539088537273
2022-09-24 08:00:00,26.4,78,22.2,0.0,34,148.0,11.9,61,-10.40797451495881,-5.769234480931412
2022-09-24 09:00:00,27.3,74,22.1,0.0,16,277.0,9.9,57,-8.302838622659698,-5.391926446648768
2022-09-24 10:00:00,27.9,71,22.1,0.0,18,293.0,6.2,69,-5.788198644282651,-2.2218812871808624
2022-09-24 11:00:00,28.8,67,22.0,0.0,26,540.0,7.0,102,-6.84703320513664,1.4553818357243151
2022-09-24 12:00:00,29.4,64,22.0,0.0,18,557.0,10.8,105,-10.431998923921938,2.7952456871072253
2022-09-24 13:00:00,29.8,63,22.0,0.0,23,601.0,13.8,96,-13.724402156082173,1.442492793093619
2022-09-24 14:00:00,30.0,63,22.1,0.0,33,522.0,14.4,86,-14.36492232374147,-1.0044932219154037
2022-09-24 15:00:00,29.6,62,21.5,0.0,33,334.0,15.0,79,-14.72440775171496,-2.862134930648174
2022-09-24 16:00:00,29.1,63,21.5,0.0,54,231.0,13.8,70,-12.967758166845536,-4.71987797789423
2022-09-24 17:00:00,28.4,66,21.6,0.0,55,103.0,10.8,64,-9.706975700031006,-4.734408385322037
2022-09-24 18:00:00,27.7,71,21.9,0.0,41,17.0,8.4,65,-7.61298541110786,-3.5499933986218752
2022-09-24 19:00:00,27.2,75,22.3,0.0,42,0.0,7.7,62,-6.798696465013737,-3.61493103345136
2022-09-24 20:00:00,26.8,78,22.5,0.0,50,0.0,6.7,54,-5.420413862312148,-3.93816119035957
2022-09-24 21:00:00,26.5,80,22.7,0.0,55,0.0,6.4,38,-3.940233442084213,-5.043268823083021
2022-09-24 22:00:00,26.3,82,23.0,0.0,43,0.0,5.2,56,-4.3109953772862175,-2.9078030980478835
2022-09-24 23:00:00,26.1,83,23.0,0.0,37,0.0,5.2,65,-4.71280049259058,-2.197614961051637
2022-09-25 00:00:00,25.6,86,23.1,0.0,32,0.0,5.6,50,-4.289848881466277,-3.5996106142446203
2022-09-25 01:00:00,25.3,87,23.1,0.0,33,0.0,5.9,43,-4.023790324368742,-4.314986839553106
2022-09-25 02:00:00,25.2,88,23.0,0.0,24,0.0,5.1,39,-3.2095339943541705,-3.963444403430551
2022-09-25 03:00:00,25.3,85,22.6,0.0,33,0.0,5.9,47,-4.314986839553106,-4.023790324368742
2022-09-25 04:00:00,25.2,85,22.5,0.0,24,0.0,6.3,59,-5.400153994423308,-3.244739871933341
2022-09-25 05:00:00,25.1,86,22.5,0.0,19,0.0,6.8,65,-6.162892951849219,-2.873804179836756
2022-09-25 06:00:00,24.9,87,22.6,0.0,14,0.0,6.9,84,-6.862201078041086,-0.7212463965468089
2022-09-25 07:00:00,25.7,84,22.7,0.0,9,38.0,10.0,77,-9.743700647852352,-2.249510543438649
2022-09-25 08:00:00,27.2,75,22.4,0.0,4,177.0,11.3,81,-11.160878248725057,-1.7677094549546095
2022-09-25 09:00:00,28.3,71,22.6,0.0,5,378.0,11.7,79,-11.485038046337667,-2.2324652459055754
2022-09-25 10:00:00,29.3,67,22.6,0.0,4,522.0,10.1,88,-10.093847352892867,-0.3524849166952609
2022-09-25 11:00:00,30.0,64,22.5,0.0,8,553.0,7.6,98,-7.5260373224359345,1.0577155672964966
2022-09-25 12:00:00,30.2,64,22.6,0.0,8,432.0,8.1,111,-7.562001454627333,2.902780391316932
2022-09-25 13:00:00,30.3,64,22.6,0.0,19,367.0,10.7,104,-10.382164271153162,2.588564282916445
2022-09-25 14:00:00,30.5,63,22.6,0.0,13,381.0,13.7,92,-13.691654330161612,0.478123104824263
2022-09-25 15:00:00,30.3,64,22.7,0.0,18,324.0,11.6,74,-11.1506356728845,-3.19739332747719
2022-09-25 16:00:00,30.1,65,22.9,0.0,9,233.0,13.8,81,-13.630099100212902,-2.158795617555187
2022-09-25 17:00:00,29.7,67,23.0,0.0,5,123.0,12.7,83,-12.605336125844788,-1.547740661245373
2022-09-25 18:00:00,28.8,72,23.2,0.0,6,18.0,11.5,88,-11.4929945107196,-0.4013442120787624
2022-09-25 19:00:00,28.1,76,23.4,0.0,6,0.0,11.6,83,-11.513535359039334,-1.4136843834997108
2022-09-25 20:00:00,27.5,79,23.6,0.0,2,0.0,9.5,81,-9.38303923565381,-1.4861274178821935
2022-09-25 21:00:00,27.2,82,23.9,0.0,2,0.0,8.6,90,-8.6,-5.265981236333618e-16
2022-09-25 22:00:00,26.9,85,24.1,0.0,4,0.0,8.6,92,-8.594761112364223,0.3001356716415082
2022-09-25 23:00:00,26.6,87,24.2,0.0,5,0.0,7.6,82,-7.5260373224359345,-1.0577155672964975
2022-09-26 00:00:00,26.4,88,24.2,0.0,5,0.0,7.6,71,-7.185941174554807,-2.474317973874391
2022-09-26 01:00:00,26.1,89,24.1,0.0,7,0.0,7.2,63,-6.415246974156248,-3.268731598124737
2022-09-26 02:00:00,25.8,90,24.1,0.0,7,0.0,5.7,55,-4.669166652447253,-3.2693856872009626
2022-09-26 03:00:00,24.8,95,24.0,0.0,8,0.0,4.4,55,-3.604268994871564,-2.523736319944603
2022-09-26 04:00:00,24.9,95,24.0,0.0,4,0.0,3.9,56,-3.233246532964663,-2.1808523235359125
2022-09-26 05:00:00,25.0,94,24.0,0.0,7,0.0,4.3,42,-2.8772616073430903,-3.195522749552795
2022-09-26 06:00:00,24.9,94,24.0,0.0,6,0.0,4.0,63,-3.564026096753471,-1.8159619989581872
2022-09-26 07:00:00,25.9,90,24.0,0.0,8,34.0,5.4,42,-3.613305274337834,-4.012982057577929
2022-09-26 08:00:00,27.6,80,23.9,0.0,6,148.0,2.5,8,-0.3479327524001636,-2.475670171853926
2022-09-26 09:00:00,29.0,77,24.4,0.0,4,367.0,2.9,300,2.511473670974872,-1.4500000000000002
2022-09-26 10:00:00,29.9,72,24.4,0.0,3,493.0,2.4,243,2.138415658052083,1.0895771993749126
2022-09-26 11:00:00,30.5,70,24.3,0.0,2,562.0,3.6,186,0.3763024677635526,3.580278823325784
2022-09-26 12:00:00,30.6,69,24.3,0.0,4,616.0,6.3,156,-2.5624408513775427,5.755336383148385
2022-09-26 13:00:00,30.7,69,24.4,0.0,9,566.0,8.9,133,-6.509047944410618,6.069785404556236
2022-09-26 14:00:00,30.6,69,24.3,0.0,12,458.0,8.1,122,-6.869189578867051,4.292346040288959
2022-09-26 15:00:00,30.7,66,23.6,0.0,14,378.0,5.6,117,-4.98963653545486,2.5423467985414616
2022-09-26 16:00:00,30.4,68,23.7,0.0,13,249.0,3.0,76,-2.910887178827989,-0.725765686799003
2022-09-26 17:00:00,29.9,70,23.8,0.0,14,88.0,4.1,52,-3.23084408978756,-2.524212048835199
2022-09-26 18:00:00,29.3,73,24.0,0.0,4,17.0,5.0,90,-5.0,-3.061616997868383e-16
2022-09-26 19:00:00,28.6,77,24.2,0.0,2,0.0,6.3,59,-5.400153994423308,-3.244739871933341
2022-09-26 20:00:00,28.0,80,24.3,0.0,8,0.0,5.6,27,-2.5423467985414616,-4.98963653545486
2022-09-26 21:00:00,27.2,86,24.6,0.0,11,0.0,4.1,345,1.0611580849203348,-3.96029588778518
2022-09-26 22:00:00,26.9,87,24.6,0.0,13,0.0,4.4,325,2.523736319944605,-3.604268994871563
2022-09-26 23:00:00,27.1,86,24.6,0.0,22,0.0,5.1,321,3.2095339943541727,-3.96344440343055
2022-09-27 00:00:00,26.8,89,24.7,0.0,15,0.0,4.8,333,2.179154398749825,-4.276831316104166
2022-09-27 01:00:00,26.5,90,24.7,0.0,24,0.0,4.0,350,0.6945927106677215,-3.939231012048832
2022-09-27 02:00:00,26.2,90,24.4,0.0,23,0.0,3.6,360,8.817456953860943e-16,-3.6
2022-09-27 03:00:00,25.4,94,24.3,0.0,22,0.0,6.3,336,2.562440851377541,-5.755336383148386
2022-09-27 04:00:00,25.6,91,24.0,0.0,25,0.0,8.9,320,5.720809726210202,-6.817795543758902
2022-09-27 05:00:00,25.7,90,23.9,0.0,17,0.0,8.8,289,8.32056346527399,-2.864999759222976
2022-09-27 06:00:00,25.5,92,24.1,0.0,20,0.0,7.6,278,7.5260373224359345,-1.0577155672964975
2022-09-27 07:00:00,26.2,91,24.7,0.0,9,45.0,2.6,286,2.499280409439629,-0.7166571251241984
2022-09-27 08:00:00,28.1,83,24.9,0.0,6,184.0,1.4,180,-1.7145055188062944e-16,1.4
2022-09-27 09:00:00,29.3,77,24.8,0.0,6,359.0,4.0,170,-0.6945927106677211,3.939231012048832
2022-09-27 10:00:00,30.0,71,24.1,0.0,2,520.0,6.1,180,-7.470345474798854e-16,6.1
2022-09-27 11:00:00,30.5,69,24.2,0.0,23,583.0,7.6,183,0.3977532674463711,7.589584464134761
2022-09-27 12:00:00,30.7,68,24.1,0.0,51,572.0,9.4,180,-1.1511679911985121e-15,9.4
2022-09-27 13:00:00,30.7,68,24.1,0.0,59,609.0,11.4,169,-2.1752225472926128,11.19054989130337
2022-09-27 14:00:00,30.6,68,24.0,0.0,48,579.0,11.1,155,-4.691062705321764,10.060016436106814
2022-09-27 15:00:00,30.5,67,23.7,0.0,53,416.0,10.9,134,-7.840803823691297,7.571776238003071
2022-09-27 16:00:00,30.1,68,23.5,0.0,35,279.0,10.6,114,-9.683581851011567,4.3114084166034825
2022-09-27 17:00:00,29.7,68,23.2,0.0,34,119.0,9.8,96,-9.746314574609078,1.024378940023005
2022-09-27 18:00:00,29.0,71,23.2,0.0,38,15.0,7.5,107,-7.172285669722767,2.192787785420525
2022-09-27 19:00:00,28.6,74,23.4,0.0,31,0.0,6.8,93,-6.790680836331102,0.3558845024520181
2022-09-27 20:00:00,28.0,80,24.2,0.0,30,0.0,8.3,85,-8.268415994161488,-0.7233926648055626
2022-09-27 21:00:00,27.9,79,23.9,0.0,23,0.0,5.8,68,-5.377666356487367,-2.172718241812289
2022-09-27 22:00:00,27.7,80,23.9,0.0,23,0.0,3.7,61,-3.2360929164157644,-1.7937955949114477
2022-09-27 23:00:00,27.6,80,23.9,0.0,27,0.0,1.8,360,4.4087284769304716e-16,-1.8
2022-09-28 00:00:00,27.3,82,24.0,0.0,20,0.0,3.7,331,1.7937955949114466,-3.236092916415765
2022-09-28 01:00:00,26.2,88,24.0,0.0,14,0.0,5.1,321,3.2095339943541727,-3.96344440343055
2022-09-28 02:00:00,25.4,91,23.8,0.0,13,0.0,5.5,328,2.9145559532826275,-4.664264528860342
2022-09-28 03:00:00,25.3,91,23.6,0.0,13,0.0,5.4,340,1.8469087739586103,-5.074340152243906
2022-09-28 04:00:00,25.1,89,23.3,0.0,6,0.0,5.5,337,2.1490212066910064,-5.062776693988422
2022-09-28 05:00:00,25.6,86,23.0,0.0,3,0.0,3.2,333,1.4527695991665504,-2.851220877402777
2022-09-28 06:00:00,26.5,81,22.9,0.0,5,0.0,1.0,135,-0.7071067811865476,0.7071067811865475
2022-09-28 07:00:00,26.1,89,24.2,0.0,3,47.0,3.6,96,-3.580278823325784,0.3763024677635528
2022-09-28 08:00:00,28.3,75,23.6,0.0,3,200.0,4.0,95,-3.984778792366982,0.3486229709906329
2022-09-28 09:00:00,29.3,71,23.4,0.0,8,334.0,4.6,108,-4.374859974957706,1.4214781741247575
2022-09-28 10:00:00,30.1,67,23.3,0.0,8,462.0,5.9,128,-4.64926344627966,3.632402704421384
2022-09-28 11:00:00,30.8,65,23.4,0.0,5,589.0,7.9,133,-5.777694242791448,5.387787044493737
2022-09-28 12:00:00,30.9,65,23.5,0.0,8,574.0,9.4,130,-7.200817765318393,6.04220353105347
2022-09-28 13:00:00,30.9,65,23.7,0.0,29,551.0,9.3,118,-8.21141261358802,4.366085533908786
2022-09-28 14:00:00,30.7,66,23.6,0.0,29,510.0,8.0,117,-7.128052193506943,3.631923997916374
2022-09-28 15:00:00,30.5,65,23.1,0.0,31,434.0,8.0,117,-7.128052193506943,3.631923997916374
2022-09-28 16:00:00,30.2,65,23.0,0.0,37,268.0,8.2,119,-7.171881598543045,3.975438886019963
2022-09-28 17:00:00,29.7,67,22.9,0.0,37,121.0,8.6,112,-7.973781149274371,3.2216167033768435
2022-09-28 18:00:00,28.9,71,23.1,0.0,33,14.0,6.5,109,-6.14587074139556,2.116193003971518
2022-09-28 19:00:00,28.2,76,23.5,0.0,27,0.0,6.3,66,-5.755336383148386,-2.5624408513775414
2022-09-28 20:00:00,27.5,83,24.4,0.0,29,0.0,4.0,10,-0.6945927106677213,-3.939231012048832
2022-09-28 21:00:00,27.0,85,24.3,0.0,42,0.0,4.9,343,1.4326213531414125,-4.685893304218873
2022-09-28 22:00:00,26.5,86,24.0,0.0,31,0.0,4.8,312,3.5670951622914937,-3.211826910522517
2022-09-28 23:00:00,26.1,86,23.6,0.0,23,0.0,5.0,291,4.667902132486009,-1.791839747726502
2022-09-29 00:00:00,25.8,86,23.3,0.0,27,0.0,5.7,288,5.421022142882376,-1.7613968679371992
2022-09-29 01:00:00,25.8,85,23.1,0.0,27,0.0,5.6,285,5.409184627218783,-1.4493866525741137
2022-09-29 02:00:00,25.5,86,22.9,0.0,25,0.0,5.3,298,4.6796222421523135,-2.488199282765219
2022-09-29 03:00:00,25.7,91,24.1,0.0,15,0.0,4.6,315,3.2526911934581197,-3.252691193458117
2022-09-29 04:00:00,26.0,88,23.9,0.0,21,0.0,4.8,312,3.5670951622914937,-3.211826910522517
2022-09-29 05:00:00,26.8,83,23.8,0.0,17,0.0,2.5,278,2.475670171853926,-0.3479327524001636
2022-09-29 06:00:00,26.5,85,23.7,0.0,21,0.0,1.8,180,-2.2043642384652358e-16,1.8
2022-09-29 07:00:00,26.4,89,24.5,0.0,13,32.0,1.8,101,-1.7669289302057951,0.3434561916777806
2022-09-29 08:00:00,27.7,81,24.2,0.0,21,103.0,3.3,103,-3.2154212137912763,0.7423384793347546
2022-09-29 09:00:00,28.6,77,24.2,0.0,9,300.0,4.7,122,-3.9858260519352022,2.4906205418960625
2022-09-29 10:00:00,29.4,72,23.8,0.0,13,410.0,6.9,133,-5.0463405411722775,4.705788684431239
2022-09-29 11:00:00,29.9,68,23.4,0.0,12,423.0,7.7,127,-6.149493427364154,4.633975678270772
2022-09-29 12:00:00,30.4,65,23.1,0.0,13,543.0,7.3,123,-6.122295146001595,3.9758649556096977
2022-09-29 13:00:00,30.6,64,23.0,0.0,16,487.0,6.9,133,-5.0463405411722775,4.705788684431239
2022-09-29 14:00:00,30.7,63,22.8,0.0,18,490.0,7.9,150,-3.95,6.841600689897066
2022-09-29 15:00:00,30.3,63,22.6,0.0,20,300.0,7.1,135,-5.020458146424487,5.020458146424486
2022-09-29 16:00:00,30.1,63,22.4,0.0,23,255.0,5.8,120,-5.022947341949744,2.8999999999999986
2022-09-29 17:00:00,29.4,65,22.2,0.0,26,86.0,4.3,85,-4.283637201794505,-0.3747696938149299
2022-09-29 18:00:00,28.7,69,22.4,0.0,18,14.0,4.4,81,-4.345828698618607,-0.6883116461770161
2022-09-29 19:00:00,28.1,73,22.8,0.0,23,0.0,4.6,51,-3.5748714227020657,-2.894873798829252
2022-09-29 20:00:00,27.5,80,23.7,0.0,21,0.0,4.5,14,-1.0886485301985047,-4.366330768241984
2022-09-29 21:00:00,27.4,79,23.4,0.0,13,0.0,4.8,347,1.0797650608505536,-4.6769763109691285
2022-09-29 22:00:00,27.1,80,23.4,0.0,12,0.0,5.6,320,3.5996106142446216,-4.289848881466275
2022-09-29 23:00:00,26.3,84,23.4,0.0,8,0.0,7.3,303,6.122295146001597,-3.975864955609695
2022-09-30 00:00:00,26.2,84,23.3,0.0,7,0.0,7.6,295,6.887939181478538,-3.2118987892293167
2022-09-30 01:00:00,25.9,86,23.3,0.0,8,0.0,7.4,293,6.81173591554806,-2.891410350820624
2022-09-30 02:00:00,25.6,87,23.4,0.0,7,0.0,5.8,292,5.377666356487367,-2.172718241812289
2022-09-30 03:00:00,25.3,88,23.2,0.0,5,0.0,3.1,306,2.5079526825623377,-1.8221342821066664
2022-09-30 04:00:00,26.2,83,23.0,0.0,11,0.0,2.3,342,0.7107390870623796,-2.1874299874788528
2022-09-30 05:00:00,25.7,83,22.7,0.0,12,0.0,2.0,45,-1.4142135623730951,-1.4142135623730951
2022-09-30 06:00:00,24.8,90,23.1,0.0,10,0.0,5.8,90,-5.8,-3.5514757175273243e-16
2022-09-30 07:00:00,26.5,81,23.0,0.0,19,36.0,7.6,85,-7.571079705497266,-0.6623836448822018
2022-09-30 08:00:00,28.0,74,22.9,0.1,17,151.0,9.4,86,-9.377102072442348,-0.6557108531947772
2022-09-30 09:00:00,29.1,68,22.7,0.0,14,343.0,10.4,90,-10.4,-6.368163355566237e-16
2022-09-30 10:00:00,29.9,64,22.3,0.0,9,440.0,10.1,94,-10.075396907624224,0.7045403848156658
2022-09-30 11:00:00,30.7,61,22.3,0.0,7,609.0,9.0,113,-8.284543681071963,3.5165801564034647
2022-09-30 12:00:00,31.0,61,22.5,0.0,11,669.0,9.2,129,-7.149742845404133,5.789747597658502
2022-09-30 13:00:00,30.9,62,22.8,0.0,12,569.0,8.4,130,-6.434773322199416,5.399415921366931
2022-09-30 14:00:00,30.7,62,22.7,0.0,16,513.0,7.4,133,-5.412017391981863,5.046787864462488
2022-09-30 15:00:00,30.9,61,22.6,0.0,19,452.0,7.4,129,-5.750880114781586,4.656970893768796
2022-09-30 16:00:00,30.5,62,22.4,0.0,19,271.0,6.9,129,-5.3623071340531006,4.342310698243877
2022-09-30 17:00:00,29.9,64,22.3,0.0,15,98.0,5.9,128,-4.64926344627966,3.632402704421384
2022-09-30 18:00:00,29.4,66,22.3,0.0,27,14.0,5.6,105,-5.409184627218783,1.4493866525741166
2022-09-30 19:00:00,28.7,72,23.1,0.0,26,0.0,5.8,94,-5.78587149150698,0.4045875477159269
2022-09-30 20:00:00,27.9,78,23.8,0.0,37,0.0,5.2,74,-4.998560818879258,-1.4333142502483958
2022-09-30 21:00:00,28.1,75,23.4,0.0,26,0.0,4.6,51,-3.5748714227020657,-2.894873798829252
2022-09-30 22:00:00,28.4,74,23.4,0.0,24,0.0,4.3,24,-1.7489675652259409,-3.928245467863184
2022-09-30 23:00:00,28.2,75,23.4,0.0,23,0.0,4.1,15,-1.061158084920335,-3.96029588778518
2022-10-01 00:00:00,28.0,76,23.5,0.0,32,0.0,4.0,10,-0.6945927106677213,-3.939231012048832
2022-10-01 01:00:00,27.8,77,23.5,0.0,24,0.0,4.0,5,-0.3486229709906326,-3.984778792366982
2022-10-01 02:00:00,26.0,87,23.7,0.0,38,0.0,3.7,11,-0.7059932828932158,-3.632020578756357
2022-10-01 03:00:00,25.3,87,22.9,0.0,17,0.0,2.1,31,-1.0815799573111138,-1.800051331474436
2022-10-01 04:00:00,25.0,88,22.8,0.0,20,0.0,2.6,74,-2.499280409439629,-0.7166571251241979
2022-10-01 05:00:00,24.5,92,23.1,0.0,17,0.0,4.0,90,-4.0,-2.4492935982947064e-16
2022-10-01 06:00:00,24.3,95,23.5,0.0,11,0.0,5.4,94,-5.386845871403051,0.3766849582182768
2022-10-01 07:00:00,26.1,86,23.6,0.0,8,38.0,5.5,79,-5.398949508962152,-1.049449474570997
2022-10-01 08:00:00,28.1,73,22.8,0.0,8,151.0,6.3,77,-6.1385314081469815,-1.4171916423663489
2022-10-01 09:00:00,29.2,66,22.2,0.0,6,327.0,5.4,82,-5.34744757120448,-0.7515347451843536
2022-10-01 10:00:00,30.3,60,21.7,0.0,3,510.0,3.4,108,-3.2335921554035223,1.050657780874821
2022-10-01 11:00:00,31.2,57,21.6,0.0,1,676.0,4.0,153,-1.8159619989581877,3.564026096753471
2022-10-01 12:00:00,31.7,56,21.8,0.0,1,735.0,6.4,164,-1.764079077228795,6.1520748540052415
2022-10-01 13:00:00,31.9,56,22.1,0.0,4,734.0,9.0,157,-3.516580156403464,8.284543681071963
2022-10-01 14:00:00,31.7,57,22.2,0.0,5,642.0,9.8,144,-5.760295472466238,7.928366544874485
2022-10-01 15:00:00,31.2,59,22.3,0.0,15,465.0,10.0,128,-7.88010753606722,6.156614753256583
2022-10-01 16:00:00,30.7,61,22.2,0.0,24,248.0,9.3,103,-9.06164160250269,2.092044805397945
2022-10-01 17:00:00,30.2,62,22.2,0.0,33,96.0,8.8,102,-8.607698886457491,1.8296228791962823
2022-10-01 18:00:00,29.4,66,22.4,0.0,10,14.0,8.4,100,-8.272385125302547,1.4586446924022145
2022-10-01 19:00:00,28.8,69,22.6,0.0,11,0.0,8.0,95,-7.969557584733964,0.6972459419812659
2022-10-01 20:00:00,28.3,73,22.9,0.0,5,0.0,6.5,87,-6.49109197590473,-0.3401837155791358
2022-10-01 21:00:00,27.6,78,23.5,0.0,3,0.0,7.1,75,-6.858073366652385,-1.8376152202278973
2022-10-01 22:00:00,26.9,84,24.0,0.0,4,0.0,6.2,69,-5.788198644282651,-2.2218812871808624
2022-10-01 23:00:00,26.7,85,24.0,0.0,5,0.0,4.6,45,-3.2526911934581184,-3.2526911934581184
2022-10-02 00:00:00,26.5,86,24.0,0.0,9,0.0,4.3,24,-1.7489675652259409,-3.928245467863184
2022-10-02 01:00:00,25.8,89,23.9,0.0,7,0.0,4.7,23,-1.8364363038995868,-4.32637281122647
2022-10-02 02:00:00,25.3,91,23.8,0.0,9,0.0,5.0,21,-1.7918397477265011,-4.667902132486009
2022-10-02 03:00:00,24.8,92,23.5,0.0,13,0.0,4.2,20,-1.4364846019678086,-3.946709007300816
2022-10-02 04:00:00,24.6,93,23.5,0.0,5,0.0,3.4,32,-1.8017254983928963,-2.883363526931848
2022-10-02 05:00:00,24.5,94,23.4,0.0,7,0.0,2.6,56,-2.1554976886431088,-1.4539015490239418
2022-10-02 06:00:00,24.4,95,23.6,0.0,8,0.0,4.4,99,-4.345828698618607,0.6883116461770157
2022-10-02 07:00:00,26.2,89,24.2,0.0,4,39.0,5.4,98,-5.34744757120448,0.7515347451843529
2022-10-02 08:00:00,28.3,75,23.6,0.0,6,155.0,6.6,99,-6.518743047927909,1.0324674692655234
2022-10-02 09:00:00,29.6,68,22.9,0.0,5,367.0,7.3,99,-7.210124886344506,1.1419715947936848
2022-10-02 10:00:00,30.6,61,22.4,0.0,2,569.0,8.1,103,-7.892397524760405,1.8221035401853067
2022-10-02 11:00:00,31.4,59,22.3,0.0,2,693.0,9.0,113,-8.284543681071963,3.5165801564034647
2022-10-02 12:00:00,31.8,57,22.3,0.0,8,717.0,10.2,122,-8.650090580795545,5.405176495178688
2022-10-02 13:00:00,31.9,57,22.2,0.0,9,710.0,11.0,122,-9.328529057720688,5.829111906565252
2022-10-02 14:00:00,31.9,56,22.1,0.0,20,624.0,10.0,111,-9.335804264972015,3.5836794954530027
2022-10-02 15:00:00,31.4,58,22.1,0.0,20,413.0,8.6,112,-7.973781149274371,3.2216167033768435
2022-10-02 16:00:00,31.1,59,22.1,0.0,21,258.0,8.8,109,-8.320563465273988,2.864999759222979
2022-10-02 17:00:00,30.5,61,22.0,0.0,21,98.0,8.0,95,-7.969557584733964,0.6972459419812659
2022-10-02 18:00:00,29.7,64,22.2,0.0,13,13.0,7.2,93,-7.190132650232932,0.3768188849491957
2022-10-02 19:00:00,29.1,68,22.6,0.0,14,0.0,7.6,82,-7.5260373224359345,-1.0577155672964975
2022-10-02 20:00:00,28.2,74,23.2,0.0,17,0.0,6.9,51,-5.3623071340531,-4.342310698243879
2022-10-02 21:00:00,27.4,81,23.8,0.0,9,0.0,4.3,5,-0.3747696938149301,-4.283637201794505
2022-10-02 22:00:00,27.1,81,23.5,0.0,6,0.0,4.8,333,2.179154398749825,-4.276831316104166
2022-10-02 23:00:00,26.8,82,23.4,0.0,6,0.0,5.7,325,3.269385687200965,-4.669166652447252
2022-10-03 00:00:00,26.6,82,23.3,0.0,4,0.0,5.4,323,3.2498011250210608,-4.312631754255381
2022-10-03 01:00:00,26.9,80,23.2,0.0,2,0.0,5.3,332,2.4881992827652213,-4.679622242152313
2022-10-03 02:00:00,25.6,87,23.3,0.0,8,0.0,2.9,353,0.3534210958749269,-2.878383839759834
2022-10-03 03:00:00,26.1,85,23.3,0.0,9,0.0,2.1,59,-1.800051331474436,-1.0815799573111138
2022-10-03 04:00:00,24.9,91,23.4,0.0,20,0.0,4.2,70,-3.9467090073008153,-1.436484601967809
2022-10-03 05:00:00,24.8,92,23.5,0.0,14,0.0,5.8,68,-5.377666356487367,-2.172718241812289
2022-10-03 06:00:00,25.0,91,23.5,0.0,11,0.0,6.1,50,-4.6728711030257655,-3.92100441908789
2022-10-03 07:00:00,26.3,85,23.6,0.0,11,41.0,5.4,42,-3.613305274337834,-4.012982057577929
2022-10-03 08:00:00,28.3,73,23.0,0.0,6,193.0,4.1,45,-2.899137802864845,-2.899137802864845
2022-10-03 09:00:00,29.3,69,23.1,0.0,5,376.0,3.0,76,-2.910887178827989,-0.725765686799003
2022-10-03 10:00:00,30.1,65,22.9,0.0,4,474.0,3.9,124,-3.233246532964663,2.180852323535912
2022-10-03 11:00:00,30.8,62,22.8,0.0,3,600.0,6.6,131,-4.981083229470296,4.329989591337347
2022-10-03 12:00:00,31.2,62,22.9,0.0,10,637.0,8.2,128,-6.46168817957512,5.048424097670398
2022-10-03 13:00:00,31.4,60,22.8,0.0,8,618.0,8.7,132,-6.46535998165333,5.821436275322066
2022-10-03 14:00:00,31.5,59,22.6,0.0,16,547.0,8.4,133,-6.143371093601033,5.7287862245249865
2022-10-03 15:00:00,31.1,59,22.1,0.0,20,392.0,8.2,119,-7.171881598543045,3.975438886019963
2022-10-03 16:00:00,30.7,60,22.1,0.0,14,269.0,8.9,111,-8.308865795825096,3.1894747509531727
2022-10-03 17:00:00,30.2,62,22.0,0.0,14,102.0,7.3,101,-7.165878439167947,1.392905666248777
2022-10-03 18:00:00,29.6,64,22.1,0.0,14,11.0,6.2,100,-6.10580806867569,1.076618701534968
2022-10-03 19:00:00,29.0,69,22.8,0.0,18,0.0,6.5,96,-6.4643923198937765,0.6794350112397481
2022-10-03 20:00:00,28.5,74,23.4,0.0,17,0.0,1.8,79,-1.7669289302057951,-0.3434561916777808
2022-10-03 21:00:00,28.5,72,23.0,0.0,15,0.0,3.9,292,3.616017032810471,-1.460965714322057
2022-10-03 22:00:00,26.9,82,23.6,0.0,6,0.0,5.0,270,5.0,9.184850993605148e-16
2022-10-03 23:00:00,26.5,85,23.8,0.0,8,0.0,5.8,248,5.377666356487366,2.1727182418122912
2022-10-04 00:00:00,26.3,88,24.1,0.0,3,0.0,6.4,232,5.043268823083022,3.940233442084212
2022-10-04 01:00:00,26.1,90,24.3,0.0,7,0.0,6.0,205,2.535709570444196,5.4378467222199
2022-10-04 02:00:00,26.0,91,24.3,0.0,14,0.0,5.2,164,-1.433314250248396,4.998560818879258
2022-10-04 03:00:00,26.1,91,24.5,0.0,26,0.0,5.6,165,-1.4493866525741177,5.409184627218782
2022-10-04 04:00:00,26.3,91,24.7,0.0,32,0.0,7.3,160,-2.496747046277383,6.8597561317371305
2022-10-04 05:00:00,26.3,91,24.7,0.0,62,0.0,7.9,150,-3.95,6.841600689897066
2022-10-04 06:00:00,26.3,90,24.6,0.1,34,0.0,8.2,142,-5.048424097670399,6.461688179575119
2022-10-04 07:00:00,26.8,87,24.4,0.0,25,23.0,9.2,138,-6.156001578501496,6.836932394392026
2022-10-04 08:00:00,27.5,81,24.0,0.0,31,123.0,9.2,129,-7.149742845404133,5.789747597658502
2022-10-04 09:00:00,28.5,74,23.3,0.0,19,276.0,9.0,127,-7.187719590425634,5.416335208368436
2022-10-04 10:00:00,29.3,68,22.8,0.0,18,388.0,9.7,132,-7.208504807130724,6.490566881680924
2022-10-04 11:00:00,29.9,65,22.6,0.0,12,526.0,10.9,134,-7.840803823691297,7.571776238003071
2022-10-04 12:00:00,30.3,63,22.5,0.0,18,561.0,11.5,136,-7.9885712602784675,8.27240770389449
2022-10-04 13:00:00,30.4,63,22.5,0.0,22,564.0,10.8,143,-6.499602250042121,8.625263508510765
2022-10-04 14:00:00,30.4,62,22.4,0.0,22,517.0,8.7,150,-4.349999999999999,7.534421012924616
2022-10-04 15:00:00,30.3,60,21.8,0.0,23,436.0,7.3,160,-2.496747046277383,6.8597561317371305
2022-10-04 16:00:00,29.9,62,21.7,0.0,26,278.0,5.5,157,-2.149021206691006,5.062776693988422
2022-10-04 17:00:00,29.4,63,21.6,0.0,26,94.0,4.7,148,-2.490620541896063,3.985826051935202
2022-10-04 18:00:00,28.9,65,21.6,0.0,22,9.0,5.0,150,-2.5,4.330127018922194
2022-10-04 19:00:00,28.2,71,22.4,0.0,19,0.0,6.2,126,-5.0159053651246746,3.644268564213333
2022-10-04 20:00:00,27.7,76,23.0,0.0,11,0.0,5.4,98,-5.34744757120448,0.7515347451843529
2022-10-04 21:00:00,28.0,72,22.6,0.0,10,0.0,3.3,77,-3.2154212137912763,-0.7423384793347542
2022-10-04 22:00:00,27.3,78,23.1,0.0,18,0.0,2.9,7,-0.3534210958749276,-2.8783838397598336
2022-10-04 23:00:00,26.4,83,23.4,0.0,22,0.0,2.9,7,-0.3534210958749276,-2.8783838397598336
2022-10-05 00:00:00,26.1,85,23.4,0.0,30,0.0,1.1,18,-0.3399186938124421,-1.0461621679246689
2022-10-05 01:00:00,26.0,85,23.4,0.0,31,0.0,1.3,326,0.7269507745119705,-1.0777488443215544
2022-10-05 02:00:00,26.0,85,23.3,0.0,40,0.0,2.6,304,2.1554976886431083,-1.4539015490239422
2022-10-05 03:00:00,27.0,79,23.1,0.0,72,0.0,3.0,284,2.910887178827989,-0.7257656867990023
2022-10-05 04:00:00,26.8,80,23.0,0.0,74,0.0,3.6,276,3.5802788233257843,-0.3763024677635507
2022-10-05 05:00:00,26.5,81,23.0,0.0,83,0.0,3.3,283,3.2154212137912763,-0.7423384793347542
2022-10-05 06:00:00,25.3,89,23.4,0.0,54,0.0,3.8,343,1.1110124779464012,-3.633958072659534
2022-10-05 07:00:00,26.6,82,23.2,0.0,65,34.0,6.3,347,1.4171916423663515,-6.1385314081469815
2022-10-05 08:00:00,27.8,72,22.4,0.0,22,144.0,5.0,330,2.500000000000002,-4.330127018922192
2022-10-05 09:00:00,28.8,68,22.3,0.0,9,306.0,1.5,284,1.4554435894139948,-0.3628828433995011
2022-10-05 10:00:00,29.9,64,22.2,0.0,10,521.0,2.9,180,-3.5514757175273243e-16,2.9
2022-10-05 11:00:00,30.3,62,22.2,0.0,29,534.0,4.3,180,-5.265981236333618e-16,4.3
2022-10-05 12:00:00,30.5,61,22.2,0.0,42,499.0,6.9,174,-0.7212463965468108,6.862201078041086
2022-10-05 13:00:00,30.6,61,22.3,0.0,33,527.0,8.0,162,-2.47213595499958,7.608452130361228
2022-10-05 14:00:00,30.4,62,22.3,0.0,40,369.0,6.8,162,-2.101315561749643,6.467184310807044
2022-10-05 15:00:00,30.2,65,22.8,0.0,32,370.0,1.9,202,0.7117525274902328,1.761649323676896
2022-10-05 16:00:00,29.8,66,22.8,0.0,45,200.0,3.3,264,3.281922254715302,0.3449439287832561
2022-10-05 17:00:00,29.4,67,22.8,0.0,32,98.0,3.2,297,2.8512208774027776,-1.4527695991665492
2022-10-05 18:00:00,28.9,70,22.9,0.0,11,10.0,2.3,309,1.7874357113510326,-1.447436899414626
2022-10-05 19:00:00,28.0,78,23.8,0.0,5,0.0,5.2,295,4.71280049259058,-2.197614961051638
2022-10-05 20:00:00,27.3,82,23.9,0.0,6,0.0,6.2,291,5.788198644282651,-2.2218812871808624
2022-10-05 21:00:00,26.6,85,23.8,0.0,11,0.0,6.4,286,6.152074854005241,-1.7640790772287962
2022-10-05 22:00:00,26.6,84,23.6,0.0,17,0.0,5.6,297,4.989636535454861,-2.542346798541461
2022-10-05 23:00:00,26.5,84,23.7,0.0,22,0.0,5.6,297,4.989636535454861,-2.542346798541461
2022-10-06 00:00:00,26.3,86,23.8,0.0,31,0.0,4.9,306,3.964183272437243,-2.8801477362331176
2022-10-06 01:00:00,26.2,87,23.9,0.0,18,0.0,4.9,306,3.964183272437243,-2.8801477362331176
2022-10-06 02:00:00,26.9,82,23.6,0.0,12,0.0,4.6,309,3.5748714227020653,-2.894873798829252
2022-10-06 03:00:00,25.4,88,23.2,0.0,15,0.0,3.1,324,1.8221342821066675,-2.507952682562337
2022-10-06 04:00:00,25.6,85,22.9,0.0,15,0.0,3.1,339,1.1109406435904323,-2.894099322141325
2022-10-06 05:00:00,25.4,86,22.8,0.0,20,0.0,2.7,337,1.0549740469210396,-2.4853631043215887
2022-10-06 06:00:00,25.3,86,22.8,0.0,16,0.0,2.9,360,7.10295143505465e-16,-2.9
2022-10-06 07:00:00,25.9,88,23.7,0.0,12,28.0,3.6,6,-0.3763024677635525,-3.580278823325784
2022-10-06 08:00:00,27.8,76,23.1,0.0,17,131.0,2.5,360,6.123233995736766e-16,-2.5
2022-10-06 09:00:00,28.9,70,22.9,0.0,11,349.0,2.6,56,-2.1554976886431088,-1.4539015490239418
2022-10-06 10:00:00,29.5,66,22.6,0.0,9,346.0,4.0,85,-3.984778792366982,-0.3486229709906325
2022-10-06 11:00:00,30.1,64,22.5,0.0,7,431.0,3.5,114,-3.197409101749103,1.423578250765301
2022-10-06 12:00:00,30.6,62,22.6,0.0,13,516.0,4.8,132,-3.5670951622914924,3.2118269105225195
2022-10-06 13:00:00,30.7,62,22.7,0.0,17,517.0,7.2,143,-4.333068166694747,5.750175672340509
2022-10-06 14:00:00,30.6,63,22.7,0.1,14,512.0,7.9,133,-5.777694242791448,5.387787044493737
2022-10-06 15:00:00,30.7,61,22.3,0.0,19,386.0,6.8,122,-5.766727053863697,3.6034509967857926
2022-10-06 16:00:00,30.3,62,22.3,0.0,31,243.0,3.9,112,-3.616017032810471,1.4609657143220571
2022-10-06 17:00:00,29.8,64,22.3,0.0,22,103.0,4.2,121,-3.600102662948872,2.163159914622228
2022-10-06 18:00:00,29.2,67,22.4,0.0,17,8.0,8.0,108,-7.608452130361229,2.4721359549995787
2022-10-06 19:00:00,28.8,69,22.6,0.0,17,0.0,7.1,66,-6.486172749262466,-2.887830165838181
2022-10-06 20:00:00,28.3,71,22.6,0.0,20,0.0,5.9,38,-3.632402704421384,-4.64926344627966
2022-10-06 21:00:00,27.8,74,22.7,0.0,16,0.0,5.2,16,-1.4333142502483958,-4.998560818879258
2022-10-06 22:00:00,27.0,80,23.3,0.0,18,0.0,4.7,360,1.1511679911985121e-15,-4.7
2022-10-06 23:00:00,27.1,79,23.2,0.0,12,0.0,4.3,360,1.0531962472667237e-15,-4.3
2022-10-07 00:00:00,27.4,77,23.1,0.0,9,0.0,4.2,340,1.436484601967808,-3.946709007300816
2022-10-07 01:00:00,26.3,84,23.3,0.0,13,0.0,4.2,329,2.163159914622229,-3.600102662948871
2022-10-07 02:00:00,25.2,89,23.3,0.0,14,0.0,4.7,337,1.8364363038995872,-4.326372811226469
2022-10-07 03:00:00,25.2,89,23.2,0.0,5,0.0,4.5,346,1.0886485301985054,-4.366330768241984
2022-10-07 04:00:00,24.7,90,23.0,0.0,5,0.0,4.4,351,0.6883116461770169,-4.345828698618606
2022-10-07 05:00:00,24.7,90,22.9,0.0,13,0.0,4.7,360,1.1511679911985121e-15,-4.7
2022-10-07 06:00:00,24.5,91,22.9,0.0,7,0.0,2.9,360,7.10295143505465e-16,-2.9
2022-10-07 07:00:00,26.1,83,23.0,0.0,8,34.0,3.5,24,-1.4235782507653008,-3.197409101749103
2022-10-07 08:00:00,27.8,74,22.8,0.0,9,161.0,4.3,42,-2.8772616073430903,-3.195522749552795
2022-10-07 09:00:00,29.0,70,23.0,0.0,11,374.0,5.0,69,-4.667902132486009,-1.791839747726502
2022-10-07 10:00:00,30.0,65,22.8,0.0,8,537.0,5.4,94,-5.386845871403051,0.3766849582182768
2022-10-07 11:00:00,30.7,62,22.7,0.0,16,623.0,6.4,106,-6.1520748540052415,1.764079077228794
2022-10-07 12:00:00,30.9,62,22.7,0.0,16,615.0,6.8,108,-6.467184310807045,2.101315561749642
2022-10-07 13:00:00,31.0,62,22.8,0.0,13,589.0,7.2,117,-6.415246974156249,3.2687315981247367
2022-10-07 14:00:00,30.8,63,22.8,0.0,22,437.0,9.5,115,-8.609923976848176,4.014873486536644
2022-10-07 15:00:00,30.8,62,22.6,0.0,29,336.0,11.2,88,-11.193177262613872,-0.3908743630680121
2022-10-07 16:00:00,30.0,65,22.6,0.2,34,217.0,11.6,85,-11.555858497864248,-1.0110066158728344
2022-10-07 17:00:00,29.6,65,22.4,0.0,27,85.0,10.4,76,-10.091075553270365,-2.515987714236544
2022-10-07 18:00:00,29.0,68,22.5,0.0,28,7.0,11.5,88,-11.4929945107196,-0.4013442120787624
2022-10-07 19:00:00,28.5,71,22.8,0.0,20,0.0,13.7,76,-13.293051449981151,-3.314329969715447
2022-10-07 20:00:00,28.1,73,22.8,0.1,38,0.0,10.5,68,-9.735430472951268,-3.933369230867076
2022-10-07 21:00:00,27.5,77,23.2,0.0,34,0.0,9.9,71,-9.360633898433235,-3.223124729125852
2022-10-07 22:00:00,27.3,78,23.1,0.0,33,0.0,8.9,76,-8.635631963856369,-2.1531048708370424
2022-10-07 23:00:00,26.8,81,23.3,0.0,37,0.0,8.7,73,-8.319851376878407,-2.543633831087809
2022-10-08 00:00:00,26.4,83,23.2,0.0,37,0.0,8.3,72,-7.893769085249775,-2.564841053312064
2022-10-08 01:00:00,26.0,85,23.3,0.0,29,0.0,8.7,73,-8.319851376878407,-2.543633831087809
2022-10-08 02:00:00,26.0,85,23.4,0.0,35,0.0,8.9,69,-8.308865795825096,-3.1894747509531736
2022-10-08 03:00:00,25.8,86,23.2,0.0,26,0.0,8.2,61,-7.171881598543044,-3.975438886019964
2022-10-08 04:00:00,25.7,85,23.0,0.0,23,0.0,6.6,61,-5.772490067120011,-3.199743493625825
2022-10-08 05:00:00,25.7,85,23.0,0.0,20,0.0,7.1,66,-6.486172749262466,-2.887830165838181
2022-10-08 06:00:00,25.7,85,23.0,0.0,19,0.0,5.9,76,-5.72474478502838,-1.4273391840380394
2022-10-08 07:00:00,26.3,82,22.9,0.0,14,30.0,4.6,72,-4.3748599749577055,-1.4214781741247582
2022-10-08 08:00:00,27.5,74,22.4,0.0,13,139.0,2.9,90,-2.9,-1.7757378587636622e-16
2022-10-08 09:00:00,28.3,71,22.6,0.0,19,260.0,3.7,119,-3.236092916415765,1.793795594911447
2022-10-08 10:00:00,29.0,69,22.6,0.0,31,316.0,5.5,113,-5.062776693988422,2.149021206691006
2022-10-08 11:00:00,29.7,66,22.6,0.0,41,405.0,6.0,115,-5.4378467222199,2.535709570444196
2022-10-08 12:00:00,30.2,63,22.4,0.0,52,472.0,5.8,90,-5.8,-3.5514757175273243e-16
2022-10-08 13:00:00,30.5,62,22.3,0.0,42,440.0,4.9,107,-4.685893304218874,1.4326213531414098
2022-10-08 14:00:00,30.7,61,22.2,0.0,46,409.0,9.0,92,-8.994517443171862,0.3140954703225086
2022-10-08 15:00:00,30.2,61,21.8,0.0,50,208.0,10.8,86,-10.773691742806102,-0.7533699164365526
2022-10-08 16:00:00,29.8,61,21.6,0.0,51,98.0,8.8,71,-8.320563465273988,-2.86499975922298
2022-10-08 17:00:00,29.2,64,21.6,0.0,54,27.0,3.8,17,-1.1110124779463997,-3.633958072659535
2022-10-08 18:00:00,28.3,69,22.1,0.0,64,4.0,3.6,6,-0.3763024677635525,-3.580278823325784
2022-10-08 19:00:00,27.7,74,22.6,0.0,66,0.0,2.3,18,-0.710739087062379,-2.1874299874788528
2022-10-08 20:00:00,27.2,78,22.9,0.0,65,0.0,3.2,63,-2.851220877402777,-1.45276959916655
2022-10-08 21:00:00,26.7,82,23.4,0.0,66,0.0,4.1,45,-2.899137802864845,-2.899137802864845
2022-10-08 22:00:00,26.5,84,23.6,0.0,77,0.0,4.6,51,-3.5748714227020657,-2.894873798829252
2022-10-08 23:00:00,26.2,86,23.7,0.1,87,0.0,5.0,60,-4.330127018922193,-2.5000000000000004
2022-10-09 00:00:00,26.1,88,23.9,0.1,99,0.0,5.2,56,-4.3109953772862175,-2.9078030980478835
2022-10-09 01:00:00,26.1,87,23.8,0.2,93,0.0,5.7,55,-4.669166652447253,-3.2693856872009626
2022-10-09 02:00:00,25.9,88,23.7,0.6,74,0.0,5.1,51,-3.963444403430551,-3.209533994354171
2022-10-09 03:00:00,25.5,89,23.5,1.3,80,0.0,5.9,43,-4.023790324368742,-4.314986839553106
2022-10-09 04:00:00,25.2,90,23.4,1.9,80,0.0,6.4,38,-3.940233442084213,-5.043268823083021
2022-10-09 05:00:00,25.2,90,23.3,1.5,82,0.0,5.9,43,-4.023790324368742,-4.314986839553106
2022-10-09 06:00:00,25.2,89,23.3,1.1,82,0.0,7.1,30,-3.5499999999999994,-6.148780366869515
2022-10-09 07:00:00,25.4,87,23.1,0.4,75,9.0,7.7,28,-3.61493103345136,-6.798696465013738
2022-10-09 08:00:00,25.9,77,21.6,0.1,75,41.0,5.1,39,-3.2095339943541705,-3.963444403430551
2022-10-09 09:00:00,26.8,70,20.9,0.1,79,79.0,4.3,95,-4.283637201794505,0.3747696938149304
2022-10-09 10:00:00,27.5,66,20.7,0.0,79,135.0,8.9,117,-7.929958065276475,4.040515447681966
2022-10-09 11:00:00,28.2,65,21.0,0.0,75,156.0,12.1,113,-11.138108726774528,4.727846654720214
2022-10-09 12:00:00,29.1,63,21.3,0.0,71,291.0,13.0,104,-12.613844441587954,3.144984642795681
2022-10-09 13:00:00,29.6,62,21.5,0.0,35,325.0,13.8,99,-13.630099100212902,2.158795617555185
2022-10-09 14:00:00,29.8,61,21.5,0.0,59,295.0,12.6,92,-12.592324420440606,0.439733658451512
2022-10-09 15:00:00,29.3,63,21.7,0.0,19,157.0,15.1,93,-15.079305974794064,0.790272939268452
2022-10-09 16:00:00,29.0,65,21.7,0.0,36,171.0,16.6,86,-16.55956323431308,-1.157957464152479
2022-10-09 17:00:00,28.3,68,21.9,0.0,29,49.0,17.0,84,-16.906872221260645,-1.7769838755501088
2022-10-09 18:00:00,27.6,72,22.0,0.0,29,5.0,18.7,88,-18.68860846525709,-0.6526205883367702
2022-10-09 19:00:00,26.8,76,22.2,0.0,20,0.0,20.3,83,-20.14868687831884,-2.473947671124494
2022-10-09 20:00:00,26.4,79,22.4,0.0,18,0.0,18.6,80,-18.31742420602707,-3.229856104604906
2022-10-09 21:00:00,26.1,80,22.4,0.0,11,0.0,16.0,76,-15.524731620415944,-3.870750329594683
2022-10-09 22:00:00,25.8,82,22.4,0.0,14,0.0,13.5,74,-12.977032895167303,-3.7211043035294886
2022-10-09 23:00:00,25.4,83,22.3,0.0,12,0.0,11.6,74,-11.1506356728845,-3.19739332747719
2022-10-10 00:00:00,25.2,84,22.2,0.0,17,0.0,10.6,72,-10.081199072728626,-3.275580140374443
2022-10-10 01:00:00,25.0,84,22.1,0.0,22,0.0,9.0,74,-8.65135526344487,-2.4807362023529924
2022-10-10 02:00:00,24.7,85,22.1,0.0,28,0.0,12.3,85,-12.253194786528471,-1.0720156357961952
2022-10-10 03:00:00,24.6,85,21.8,0.0,30,0.0,15.9,84,-15.812898136355546,-1.66200256595569
2022-10-10 04:00:00,24.5,82,21.3,0.0,28,0.0,19.3,81,-19.06238497348616,-3.019185175276457
2022-10-10 05:00:00,24.2,81,20.7,0.0,29,0.0,23.6,83,-23.4240891787352,-2.876116504361481
2022-10-10 06:00:00,24.1,78,20.1,0.0,38,0.0,24.7,82,-24.459621297916787,-3.4375755937136168
2022-10-10 07:00:00,24.3,76,19.7,0.0,35,22.0,24.3,83,-24.118871484884124,-2.9614250447450843
2022-10-10 08:00:00,25.0,71,19.4,0.0,30,114.0,26.4,85,-26.29954002962208,-2.3009116085381747
2022-10-10 09:00:00,25.9,67,19.4,0.0,32,291.0,25.5,82,-25.251835752910043,-3.548914074481669
2022-10-10 10:00:00,26.7,64,19.3,0.0,26,406.0,25.5,82,-25.251835752910043,-3.548914074481669
2022-10-10 11:00:00,27.3,61,19.3,0.0,22,551.0,26.1,83,-25.905454557838507,-3.1807898628743496
2022-10-10 12:00:00,27.6,60,19.2,0.0,17,589.0,26.7,87,-26.66340857794712,-1.3973700316866038
2022-10-10 13:00:00,27.5,59,18.9,0.0,21,572.0,27.4,86,-27.333254977119186,-1.9113273805890312
2022-10-10 14:00:00,27.2,59,18.6,0.0,26,484.0,27.7,89,-27.69578115583204,-0.4834316583127556
2022-10-10 15:00:00,27.1,58,18.2,0.0,20,367.0,26.3,88,-26.28397875060222,-0.9178567632757784
2022-10-10 16:00:00,26.3,60,17.8,0.0,14,198.0,27.0,92,-26.983552329515582,0.9422864109675256
2022-10-10 17:00:00,25.2,61,17.2,0.0,20,96.0,25.6,88,-25.584405171688854,-0.8934271155840277
2022-10-10 18:00:00,24.2,64,16.9,0.0,13,6.0,27.4,88,-27.383308660323223,-0.9562462096485296
2022-10-10 19:00:00,23.7,66,16.9,0.0,10,0.0,24.6,85,-24.506389573056943,-2.1440312715923904
2022-10-10 20:00:00,23.6,67,17.0,0.0,8,0.0,20.2,86,-20.15079381524845,-1.4090807696313297
2022-10-10 21:00:00,23.5,67,17.0,0.0,7,0.0,16.9,90,-16.9,-1.0348265452795137e-15
2022-10-10 22:00:00,23.4,68,17.1,0.0,7,0.0,15.5,93,-15.478757788695894,0.8112073217656296
2022-10-10 23:00:00,23.2,69,17.2,0.0,2,0.0,16.6,94,-16.55956323431308,1.1579574641524806
2022-10-11 00:00:00,23.1,70,17.3,0.0,8,0.0,16.6,90,-16.6,-1.0164568432923032e-15
2022-10-11 01:00:00,23.0,71,17.4,0.0,10,0.0,13.0,85,-12.950531075192693,-1.1330246557195558
2022-10-11 02:00:00,22.8,72,17.5,0.0,30,0.0,10.9,84,-10.84028865951418,-1.1393602496174229
2022-10-11 03:00:00,22.6,72,17.4,0.0,39,0.0,11.9,87,-11.88369146357943,-0.6227978792910333
2022-10-11 04:00:00,22.5,73,17.4,0.0,37,0.0,13.1,82,-12.972511700514572,-1.8231676225768576
2022-10-11 05:00:00,22.2,74,17.4,0.0,37,0.0,11.7,79,-11.485038046337667,-2.2324652459055754
2022-10-11 06:00:00,22.0,76,17.6,0.0,12,0.0,12.4,80,-12.21161613735138,-2.1532374030699373
2022-10-11 07:00:00,22.6,75,17.9,0.0,19,41.0,15.3,81,-15.111631611105608,-2.3934473151155333
2022-10-11 08:00:00,24.1,66,17.5,0.0,42,163.0,16.2,77,-15.78479504952081,-3.644207080370612
2022-10-11 09:00:00,25.2,63,17.7,0.0,54,290.0,13.5,74,-12.977032895167303,-3.7211043035294886
2022-10-11 10:00:00,26.2,61,18.1,0.0,67,444.0,9.2,79,-9.030970087718508,-1.755442757464213
2022-10-11 11:00:00,27.0,59,18.4,0.0,70,528.0,6.5,96,-6.4643923198937765,0.6794350112397481
2022-10-11 12:00:00,27.7,56,18.3,0.0,91,505.0,5.2,124,-4.3109953772862175,2.907803098047883
2022-10-11 13:00:00,28.0,55,18.1,0.0,93,415.0,10.5,117,-9.355568503977864,4.766900247265241
2022-10-11 14:00:00,27.9,56,18.3,0.0,96,259.0,15.4,101,-15.117058625094026,2.93845852879879
2022-10-11 15:00:00,27.5,56,17.9,0.0,87,212.0,18.7,91,-18.697151899424515,0.326360000377201
2022-10-11 16:00:00,26.9,57,17.7,0.0,90,127.0,19.3,81,-19.06238497348616,-3.019185175276457
2022-10-11 17:00:00,26.2,60,17.8,0.0,99,52.0,17.2,79,-16.883987555299818,-3.2819147204765726
2022-10-11 18:00:00,25.5,63,17.9,0.0,100,3.0,16.7,83,-16.575520732410077,-2.035218034865963
2022-10-11 19:00:00,24.8,66,17.9,0.0,100,0.0,18.5,77,-18.025846198526853,-4.161594505361501
2022-10-11 20:00:00,24.4,67,17.9,0.0,100,0.0,16.5,74,-15.860817982982262,-4.548016370980486
2022-10-11 21:00:00,24.2,68,17.9,0.0,100,0.0,13.7,72,-13.029474273243602,-4.23353282293678
2022-10-11 22:00:00,24.2,68,18.0,0.0,100,0.0,11.9,76,-11.54651914268436,-2.8788705576360454
2022-10-11 23:00:00,24.0,70,18.2,0.0,92,0.0,12.5,78,-12.22684500917257,-2.598896135221993
2022-10-12 00:00:00,23.8,71,18.3,0.0,84,0.0,14.0,78,-13.694066410273278,-2.9107636714486325
2022-10-12 01:00:00,23.5,72,18.2,0.0,75,0.0,13.8,75,-13.329776402789143,-3.571702822414786
2022-10-12 02:00:00,23.4,72,18.0,0.0,71,0.0,13.1,74,-12.592528216791978,-3.610849361202689
2022-10-12 03:00:00,23.3,71,17.8,0.0,72,0.0,11.7,72,-11.127361240653295,-3.615498834186885
2022-10-12 04:00:00,23.1,73,18.0,0.0,85,0.0,10.2,72,-9.700776466210565,-3.151973342624464
2022-10-12 05:00:00,22.8,75,18.1,0.0,74,0.0,9.0,74,-8.65135526344487,-2.4807362023529924
2022-10-12 06:00:00,22.6,77,18.3,0.0,65,0.0,10.5,84,-10.44247990136687,-1.0975488643103612
2022-10-12 07:00:00,23.4,74,18.6,0.0,41,33.0,12.7,82,-12.576404473017943,-1.7674983821928314
2022-10-12 08:00:00,25.0,66,18.3,0.0,37,145.0,13.1,81,-12.938717261796304,-2.049291492027025
2022-10-12 09:00:00,26.5,59,17.9,0.0,28,300.0,12.7,82,-12.576404473017943,-1.7674983821928314
2022-10-12 10:00:00,27.9,54,17.8,0.0,16,490.0,11.2,84,-11.13864522812466,-1.1707187885977186
2022-10-12 11:00:00,28.8,52,18.0,0.0,11,592.0,10.5,94,-10.474422527728152,0.732442974313316
2022-10-12 12:00:00,29.4,51,18.4,0.0,4,652.0,11.7,99,-11.555953584963111,1.8302832409707004
2022-10-12 13:00:00,29.5,52,18.7,0.0,5,571.0,14.9,98,-14.7549942242494,2.0736792043049737
2022-10-12 14:00:00,29.5,53,19.0,0.0,24,520.0,18.1,96,-18.000846306165748,1.8919651851445292
2022-10-12 15:00:00,29.2,54,18.9,0.0,48,367.0,19.8,89,-19.79698436409655,-0.3455576474582152
2022-10-12 16:00:00,28.6,57,19.3,0.0,59,220.0,18.5,83,-18.362103805364452,-2.2545828529952288
2022-10-12 17:00:00,27.8,61,19.6,0.0,54,86.0,16.0,82,-15.844289099865126,-2.2267696153610474
2022-10-12 18:00:00,26.7,67,19.9,0.0,26,6.0,15.5,86,-15.462242779027276,-1.0812253430339411
2022-10-12 19:00:00,25.9,71,20.2,0.0,22,0.0,14.6,81,-14.420249772689012,-2.2839431895873714
2022-10-12 20:00:00,25.4,74,20.4,0.0,15,0.0,11.6,85,-11.555858497864248,-1.0110066158728344
2022-10-12 21:00:00,25.0,77,20.7,0.0,24,0.0,10.1,84,-10.04467114321956,-1.0557374790032998
2022-10-12 22:00:00,24.8,79,20.9,0.0,28,0.0,9.7,88,-9.694091022085228,-0.3385251180142604
2022-10-12 23:00:00,24.5,81,21.0,0.0,19,0.0,9.7,86,-9.676371287520292,-0.6766377953180147
2022-10-13 00:00:00,24.3,82,21.1,0.0,25,0.0,10.0,75,-9.659258262890685,-2.5881904510252074
2022-10-13 01:00:00,24.1,83,21.1,0.0,36,0.0,8.2,61,-7.171881598543044,-3.975438886019964
2022-10-13 02:00:00,23.8,85,21.1,0.0,35,0.0,6.6,49,-4.981083229470295,-4.329989591337347
2022-10-13 03:00:00,23.7,83,20.7,0.0,22,0.0,6.5,56,-5.388744221607771,-3.634753872559854
2022-10-13 04:00:00,23.1,86,20.7,0.0,17,0.0,8.0,63,-7.128052193506942,-3.6319239979163744
2022-10-13 05:00:00,22.9,87,20.6,0.0,5,0.0,9.3,77,-9.06164160250269,-2.092044805397944
2022-10-13 06:00:00,23.1,86,20.6,0.0,4,0.0,10.2,82,-10.100734301164016,-1.4195656297926678
2022-10-13 07:00:00,23.9,82,20.6,0.0,1,35.0,11.7,72,-11.127361240653295,-3.615498834186885
2022-10-13 08:00:00,25.9,73,20.6,0.0,0,163.0,10.8,75,-10.431998923921938,-2.795245687107224
2022-10-13 09:00:00,27.4,65,20.4,0.0,2,372.0,10.0,77,-9.743700647852352,-2.249510543438649
2022-10-13 10:00:00,28.5,62,20.4,0.0,0,545.0,9.7,88,-9.694091022085228,-0.3385251180142604
2022-10-13 11:00:00,29.3,59,20.4,0.0,2,628.0,12.0,97,-11.910553819695863,1.4624321208617683
2022-10-13 12:00:00,29.8,57,20.4,0.0,1,596.0,14.6,99,-14.420249772689012,2.2839431895873696
2022-10-13 13:00:00,29.8,57,20.4,0.0,0,552.0,16.7,97,-16.575520732410077,2.0352180348659608
2022-10-13 14:00:00,29.8,57,20.4,0.0,2,540.0,17.7,94,-17.65688368959889,1.2346895852710182
2022-10-13 15:00:00,29.5,58,20.3,0.0,3,363.0,18.7,90,-18.7,-1.1450447572027753e-15
2022-10-13 16:00:00,29.0,60,20.5,0.0,3,266.0,19.1,88,-19.08836479606473,-0.6665803870177707
2022-10-13 17:00:00,28.1,64,20.6,0.0,6,98.0,16.9,89,-16.89742604814301,-0.2949456687900927
2022-10-13 18:00:00,26.9,69,20.8,0.0,9,6.0,14.4,91,-14.397806810252035,0.2513146526968821
2022-10-13 19:00:00,26.1,74,21.0,0.0,27,0.0,13.0,88,-12.992080751248244,-0.453693457132514
2022-10-13 20:00:00,25.6,76,21.2,0.0,16,0.0,10.9,84,-10.84028865951418,-1.1393602496174229
2022-10-13 21:00:00,25.3,79,21.4,0.0,25,0.0,9.4,83,-9.329933825428428,-1.1455718280083864
2022-10-13 22:00:00,25.1,80,21.5,0.0,32,0.0,9.4,83,-9.329933825428428,-1.1455718280083864
2022-10-13 23:00:00,24.9,82,21.6,0.0,53,0.0,9.8,82,-9.70462707366739,-1.3638963894086416
2022-10-14 00:00:00,24.8,83,21.6,0.0,55,0.0,9.7,75,-9.369480515003962,-2.510544737494451
2022-10-14 01:00:00,24.7,83,21.7,0.0,49,0.0,8.7,73,-8.319851376878407,-2.543633831087809
2022-10-14 02:00:00,24.6,84,21.7,0.0,38,0.0,8.3,72,-7.893769085249775,-2.564841053312064
2022-10-14 03:00:00,24.6,81,21.2,0.0,44,0.0,8.0,72,-7.608452130361228,-2.47213595499958
2022-10-14 04:00:00,24.6,82,21.2,0.0,50,0.0,8.1,69,-7.562001454627333,-2.902780391316933
2022-10-14 05:00:00,24.5,82,21.2,0.0,34,0.0,7.9,74,-7.59396739791272,-2.177535110954293
2022-10-14 06:00:00,24.4,83,21.3,0.0,26,0.0,7.6,85,-7.571079705497266,-0.6623836448822018
2022-10-14 07:00:00,24.8,82,21.6,0.0,20,33.0,7.0,78,-6.847033205136639,-1.4553818357243162
2022-10-14 08:00:00,25.9,76,21.5,0.0,28,166.0,6.5,71,-6.145870741395559,-2.116193003971519
2022-10-14 09:00:00,27.0,73,21.6,0.0,18,316.0,6.3,77,-6.1385314081469815,-1.4171916423663489
2022-10-14 10:00:00,28.0,67,21.4,0.0,19,491.0,6.8,90,-6.8,-4.1637991171010006e-16
2022-10-14 11:00:00,28.9,63,21.2,0.0,8,618.0,8.3,95,-8.268415994161488,0.7233926648055634
2022-10-14 12:00:00,29.5,61,21.1,0.0,5,635.0,10.1,94,-10.075396907624224,0.7045403848156658
2022-10-14 13:00:00,29.9,59,21.0,0.0,6,631.0,12.3,95,-12.253194786528471,1.0720156357961963
2022-10-14 14:00:00,30.1,58,20.8,0.0,8,544.0,13.7,90,-13.7,-8.388830574159369e-16
2022-10-14 15:00:00,29.5,59,20.6,0.0,4,387.0,15.5,85,-15.441017820422056,-1.3509140125887011
2022-10-14 16:00:00,29.0,61,20.7,0.0,6,217.0,17.5,82,-17.329691202977482,-2.435529266801145
2022-10-14 17:00:00,28.1,65,20.8,0.0,8,81.0,17.1,83,-16.972539193066606,-2.083965772228022
2022-10-14 18:00:00,27.0,70,21.1,0.0,12,5.0,16.2,86,-16.16053761420915,-1.130054874654829
2022-10-14 19:00:00,26.2,74,21.2,0.0,12,0.0,15.5,85,-15.441017820422056,-1.3509140125887011
2022-10-14 20:00:00,25.7,77,21.3,0.0,31,0.0,13.7,85,-13.647867363856914,-1.1940336756429164
2022-10-14 21:00:00,25.3,79,21.4,0.0,34,0.0,12.7,83,-12.605336125844788,-1.547740661245373
2022-10-14 22:00:00,25.1,81,21.5,0.0,41,0.0,12.0,81,-11.852260087141651,-1.877213580482771
2022-10-14 23:00:00,24.5,84,21.6,0.0,43,0.0,11.0,79,-10.797899017924305,-2.098898949141994
2022-10-15 00:00:00,24.3,86,21.7,0.0,41,0.0,11.2,75,-10.818369254437563,-2.8987733051482323
2022-10-15 01:00:00,24.0,88,21.8,0.0,42,0.0,11.2,75,-10.818369254437563,-2.8987733051482323
2022-10-15 02:00:00,23.8,89,21.8,0.0,35,0.0,11.5,76,-11.15840085217396,-2.782101799396178
2022-10-15 03:00:00,24.2,86,21.7,0.0,39,0.0,11.3,73,-10.806243742382302,-3.303800263366926
2022-10-15 04:00:00,24.3,85,21.7,0.0,50,0.0,12.7,75,-12.267257993871167,-3.2870018728020134
2022-10-15 05:00:00,24.2,86,21.7,0.0,56,0.0,14.1,75,-13.619554150675864,-3.6493485359455424
2022-10-15 06:00:00,24.2,86,21.8,0.0,46,0.0,13.4,84,-13.326593397934865,-1.4006814077865564
2022-10-15 07:00:00,24.8,84,21.9,0.0,38,21.0,15.7,70,-14.75317414633876,-5.369716250213
2022-10-15 08:00:00,26.0,78,21.9,0.0,45,88.0,20.0,72,-19.02113032590307,-6.180339887498949
2022-10-15 09:00:00,27.1,73,21.8,0.0,62,139.0,22.9,71,-21.652375381224356,-7.455510737068889
2022-10-15 10:00:00,27.8,70,21.8,0.0,68,145.0,23.2,71,-21.936030953904147,-7.553181183406036
2022-10-15 11:00:00,28.5,68,21.9,0.0,76,214.0,23.6,74,-22.685776024144328,-6.50504159728118
2022-10-15 12:00:00,28.8,66,21.8,0.0,62,167.0,23.3,77,-22.70282250949598,-5.2413595662120525
2022-10-15 13:00:00,29.0,65,21.8,0.0,62,202.0,23.6,78,-23.084283377317814,-4.906715903299124
2022-10-15 14:00:00,28.9,66,22.0,0.0,62,104.0,24.2,75,-23.375404996195453,-6.263420891481002
2022-10-15 15:00:00,29.3,67,22.5,0.0,58,278.0,22.1,74,-21.24388348023685,-6.0915855635556815
2022-10-15 16:00:00,28.6,71,22.7,0.0,65,228.0,20.6,74,-19.80199093632937,-5.678129529830184
2022-10-15 17:00:00,27.4,76,22.8,0.0,68,49.0,17.6,79,-17.276638428678886,-3.358238318627191
2022-10-15 18:00:00,26.4,81,22.9,0.0,32,3.0,20.6,84,-20.48715104458643,-2.153286343313661
2022-10-15 19:00:00,26.0,83,22.9,0.0,50,0.0,21.7,85,-21.61742494859088,-1.8912796176241813
2022-10-15 20:00:00,25.7,84,22.9,0.0,43,0.0,20.1,80,-19.79463583554538,-3.490328371105301
2022-10-15 21:00:00,25.5,86,23.0,0.0,39,0.0,16.2,77,-15.78479504952081,-3.644207080370612
2022-10-15 22:00:00,25.4,87,23.0,0.0,37,0.0,15.5,85,-15.441017820422056,-1.3509140125887011
2022-10-15 23:00:00,25.3,88,23.1,0.0,42,0.0,16.8,80,-16.544770250605094,-2.9172893848044312
2022-10-16 00:00:00,25.1,89,23.2,0.0,40,0.0,17.3,78,-16.921953492694836,-3.596872251147239
2022-10-16 01:00:00,25.1,89,23.2,0.0,60,0.0,19.6,83,-19.45390457216991,-2.388639130740891
2022-10-16 02:00:00,25.0,90,23.2,0.0,56,0.0,19.2,77,-18.70790524387652,-4.319060243402206
2022-10-16 03:00:00,25.4,85,22.6,0.0,80,0.0,15.9,77,-15.49248403008524,-3.5767217640674525
2022-10-16 04:00:00,25.5,84,22.7,0.0,71,0.0,11.7,72,-11.127361240653295,-3.615498834186885
2022-10-16 05:00:00,25.6,85,22.8,0.6,74,0.0,8.0,72,-7.608452130361228,-2.47213595499958
2022-10-16 06:00:00,25.5,86,23.0,0.7,87,0.0,4.7,67,-4.32637281122647,-1.8364363038995863
2022-10-16 07:00:00,25.3,90,23.5,1.0,78,2.0,7.7,37,-4.633975678270772,-6.149493427364155
2022-10-16 08:00:00,25.5,90,23.7,0.6,50,0.0,5.9,38,-3.632402704421384,-4.64926344627966
2022-10-16 09:00:00,26.0,87,23.7,0.2,51,10.0,5.4,37,-3.2498011250210608,-4.312631754255381
2022-10-16 10:00:00,26.8,82,23.4,0.1,56,17.0,6.7,54,-5.420413862312148,-3.93816119035957
2022-10-16 11:00:00,28.1,75,23.3,0.0,67,56.0,11.6,60,-10.045894683899489,-5.800000000000001
2022-10-16 12:00:00,28.7,72,23.1,0.0,79,111.0,12.9,60,-11.171727708819258,-6.450000000000002
2022-10-16 13:00:00,29.2,70,23.1,0.0,67,62.0,11.6,60,-10.045894683899489,-5.800000000000001
2022-10-16 14:00:00,29.3,70,23.3,0.0,63,44.0,10.8,69,-10.08266860616978,-3.870373855089244
2022-10-16 15:00:00,29.4,72,23.9,0.0,46,39.0,10.8,75,-10.431998923921938,-2.795245687107224
2022-10-16 16:00:00,29.3,74,24.1,0.0,38,65.0,10.4,90,-10.4,-6.368163355566237e-16
2022-10-16 17:00:00,28.9,76,24.3,0.0,31,31.0,10.1,90,-10.1,-6.184466335694133e-16
2022-10-16 18:00:00,28.0,81,24.5,0.0,32,1.0,9.3,103,-9.06164160250269,2.092044805397945
2022-10-16 19:00:00,27.3,85,24.6,0.0,34,0.0,9.6,70,-9.02104915954472,-3.2833933759264204
2022-10-16 20:00:00,27.0,88,24.8,0.0,36,0.0,8.4,65,-7.61298541110786,-3.5499933986218752
2022-10-16 21:00:00,26.7,90,24.9,0.0,37,0.0,8.7,66,-7.947845481490627,-3.5386087947594613
2022-10-16 22:00:00,26.2,93,25.0,0.0,38,0.0,8.4,80,-8.272385125302547,-1.4586446924022156
2022-10-16 23:00:00,26.1,94,25.0,0.0,40,0.0,9.5,81,-9.38303923565381,-1.4861274178821935
2022-10-17 00:00:00,26.0,94,24.9,0.0,38,0.0,11.1,77,-10.81550771911611,-2.4969567032169007
2022-10-17 01:00:00,25.8,94,24.7,0.0,41,0.0,11.0,79,-10.797899017924305,-2.098898949141994
2022-10-17 02:00:00,25.7,93,24.5,0.0,37,0.0,11.2,75,-10.818369254437563,-2.8987733051482323
2022-10-17 03:00:00,25.6,93,24.3,0.0,43,0.0,11.0,79,-10.797899017924305,-2.098898949141994
2022-10-17 04:00:00,25.4,94,24.3,0.0,53,0.0,11.4,79,-11.19054989130337,-2.175222547292612
2022-10-17 05:00:00,25.3,93,24.1,0.0,50,0.0,11.4,79,-11.19054989130337,-2.175222547292612
2022-10-17 06:00:00,25.2,93,23.9,0.0,50,0.0,13.7,85,-13.647867363856914,-1.1940336756429164
2022-10-17 07:00:00,25.7,89,23.8,0.1,50,12.0,12.8,68,-11.86795333845488,-4.794964395723674
2022-10-17 08:00:00,26.8,82,23.5,0.1,46,90.0,12.6,70,-11.840127021902443,-4.309453805903427
2022-10-17 09:00:00,27.6,77,23.1,0.0,40,125.0,11.8,70,-11.08837292527372,-4.035837691242892
2022-10-17 10:00:00,28.5,71,22.8,0.0,40,281.0,12.1,78,-11.835585968879046,-2.5157314588948894
2022-10-17 11:00:00,29.1,68,22.6,0.0,40,352.0,14.6,81,-14.420249772689012,-2.2839431895873714
2022-10-17 12:00:00,29.5,66,22.4,0.0,46,430.0,18.4,86,-18.355178524780765,-1.2835191168919042
2022-10-17 13:00:00,29.2,66,22.2,0.0,52,366.0,22.6,82,-22.38005835355949,-3.14531208169748
2022-10-17 14:00:00,28.7,67,22.0,0.0,51,298.0,24.8,81,-24.494670846759416,-3.8795747329977273
2022-10-17 15:00:00,28.5,67,21.8,0.0,50,180.0,26.7,80,-26.294367005425958,-4.6364063437070415
2022-10-17 16:00:00,27.8,69,21.6,0.0,50,126.0,27.2,79,-26.70025938977646,-5.190004674242021
2022-10-17 17:00:00,26.8,72,21.3,0.0,56,47.0,24.6,79,-24.148028712812536,-4.693901286263006
2022-10-17 18:00:00,25.7,75,20.9,0.0,51,1.0,28.7,82,-28.420693572883067,-3.994267997553879
2022-10-17 19:00:00,25.2,75,20.6,0.0,53,0.0,25.8,82,-25.548916173532515,-3.590666004769689
2022-10-17 20:00:00,25.0,75,20.3,0.0,49,0.0,24.9,85,-24.805247982484463,-2.1701779944166875
2022-10-17 21:00:00,24.8,74,19.9,0.0,49,0.0,25.0,84,-24.863047384206837,-2.6132115816913366
2022-10-17 22:00:00,24.6,73,19.5,0.0,53,0.0,24.7,82,-24.459621297916787,-3.4375755937136168
2022-10-17 23:00:00,24.5,72,19.1,0.0,58,0.0,24.3,84,-24.16688205744904,-2.5400416574039792
2022-10-18 00:00:00,24.2,72,18.8,0.0,59,0.0,24.2,85,-24.10791169382024,-2.109168974493327
2022-10-18 01:00:00,24.0,71,18.5,0.0,69,0.0,23.9,84,-23.76907329930173,-2.4982302720969174
2022-10-18 02:00:00,23.8,71,18.2,0.0,55,0.0,23.6,83,-23.4240891787352,-2.876116504361481
2022-10-18 03:00:00,24.1,68,17.8,0.0,52,0.0,22.8,84,-22.67509921439663,-2.383248962502499
2022-10-18 04:00:00,23.8,68,17.6,0.0,50,0.0,22.0,85,-21.9162833580184,-1.917426340448479
2022-10-18 05:00:00,23.7,68,17.5,0.0,54,0.0,22.0,86,-21.94640910571613,-1.534642422370755
2022-10-18 06:00:00,23.6,68,17.4,0.0,53,0.0,25.9,88,-25.88422241979458,-0.903896964594778
2022-10-18 07:00:00,23.9,67,17.5,0.0,57,18.0,26.0,85,-25.901062150385386,-2.266049311439112
2022-10-18 08:00:00,24.8,63,17.4,0.0,56,90.0,26.0,85,-25.901062150385386,-2.266049311439112
2022-10-18 09:00:00,25.9,60,17.5,0.0,52,205.0,25.0,83,-24.81365379103305,-3.0467335851286874
2022-10-18 10:00:00,27.0,57,17.6,0.0,46,373.0,21.8,82,-21.587843898566238,-3.033973600929427
2022-10-18 11:00:00,27.8,55,17.9,0.0,52,488.0,19.8,87,-19.772864788140563,-1.0362519336102909
2022-10-18 12:00:00,27.9,55,18.2,0.0,44,410.0,19.8,89,-19.79698436409655,-0.3455576474582152
2022-10-18 13:00:00,28.1,55,18.2,0.0,55,518.0,19.1,90,-19.1,-1.1695376931857224e-15
2022-10-18 14:00:00,27.8,56,18.1,0.0,62,449.0,22.8,95,-22.7132391164918,1.987150934646608
2022-10-18 15:00:00,26.0,61,17.8,0.2,55,149.0,26.3,94,-26.23593452183338,1.834595259470496
2022-10-18 16:00:00,24.8,64,17.7,0.3,73,51.0,23.8,94,-23.74202439618381,1.660204075110183
2022-10-18 17:00:00,24.1,67,17.7,0.3,62,21.0,22.3,92,-22.28641544252584,0.7782587764657714
2022-10-18 18:00:00,23.1,73,18.0,0.7,68,1.0,26.3,89,-26.29599438261309,-0.4589982893005586
2022-10-18 19:00:00,22.7,75,18.1,0.5,53,0.0,24.2,87,-24.166834741060686,-1.266530141079244
2022-10-18 20:00:00,22.7,76,18.1,0.4,55,0.0,23.8,88,-23.78550168305448,-0.8306080215195257
2022-10-18 21:00:00,22.7,75,17.9,0.0,42,0.0,22.3,89,-22.296603601987528,-0.3891886635514242
2022-10-18 22:00:00,22.8,74,17.8,0.1,35,0.0,20.9,91,-20.89681682876857,0.3647552945392246
2022-10-18 23:00:00,22.8,73,17.7,0.0,37,0.0,20.2,90,-20.2,-1.2368932671388266e-15
2022-10-19 00:00:00,22.9,72,17.5,0.0,39,0.0,17.7,88,-17.689217638237995,-0.6177210916342691
2022-10-19 01:00:00,22.8,72,17.5,0.1,35,0.0,14.8,86,-14.763947943845398,-1.0323958114130536
2022-10-19 02:00:00,22.7,72,17.5,0.2,32,0.0,12.6,88,-12.592324420440606,-0.4397336584515136
2022-10-19 03:00:00,23.1,69,17.1,0.0,35,0.0,13.0,88,-12.992080751248244,-0.453693457132514
2022-10-19 04:00:00,22.9,71,17.3,0.0,41,0.0,12.4,80,-12.21161613735138,-2.1532374030699373
2022-10-19 05:00:00,22.7,72,17.5,0.0,39,0.0,12.0,83,-11.910553819695863,-1.46243212086177
2022-10-19 06:00:00,22.6,74,17.6,0.0,15,0.0,11.7,81,-11.555953584963111,-1.8302832409707015
2022-10-19 07:00:00,23.2,73,18.0,0.0,12,31.0,13.2,79,-12.957478821509165,-2.518678738970393
2022-10-19 08:00:00,24.6,66,17.7,0.0,13,146.0,14.9,83,-14.788937659455698,-1.8158532167366976
2022-10-19 09:00:00,25.7,63,18.0,0.0,7,340.0,14.2,83,-14.094155353306771,-1.7305446763530945
2022-10-19 10:00:00,26.5,61,18.4,0.0,7,452.0,12.2,90,-12.2,-7.470345474798854e-16
2022-10-19 11:00:00,27.2,59,18.6,0.0,7,488.0,10.5,96,-10.44247990136687,1.0975488643103624
2022-10-19 12:00:00,27.8,58,18.8,0.0,11,611.0,9.8,107,-9.371786608437748,2.86524270628282
2022-10-19 13:00:00,27.8,59,19.0,0.0,27,479.0,12.6,110,-11.840127021902443,4.309453805903425
2022-10-19 14:00:00,27.8,59,19.1,0.0,26,423.0,16.2,102,-15.84599113188765,3.3681693912477013
2022-10-19 15:00:00,27.5,58,18.4,0.0,26,232.0,18.0,91,-17.997258512815044,0.3141433158711025
2022-10-19 16:00:00,26.8,59,18.2,0.0,30,126.0,17.3,88,-17.289461307430358,-0.6037612929532687
2022-10-19 17:00:00,26.1,62,18.1,0.0,32,80.0,15.8,89,-15.797593583470984,-0.2757480217090808
2022-10-19 18:00:00,25.2,65,18.2,0.0,26,2.0,18.4,93,-18.37478343948416,0.9629815948701668
2022-10-19 19:00:00,24.7,68,18.3,0.0,29,0.0,16.9,88,-16.889704976622717,-0.5898014942722682
2022-10-19 20:00:00,24.4,70,18.5,0.0,22,0.0,14.8,87,-14.779717114367694,-0.7745721523955708
2022-10-19 21:00:00,24.2,72,18.7,0.0,23,0.0,11.9,88,-11.89275084152724,-0.4153040107597628
2022-10-19 22:00:00,24.2,73,18.9,0.0,40,0.0,11.2,92,-11.193177262613872,0.3908743630680106
2022-10-19 23:00:00,24.2,73,19.2,0.0,55,0.0,10.4,90,-10.4,-6.368163355566237e-16
2022-10-20 00:00:00,24.2,75,19.5,0.0,69,0.0,8.6,88,-8.594761112364223,-0.3001356716415093
2022-10-20 01:00:00,24.2,76,19.6,0.0,75,0.0,7.9,90,-7.9,-4.837354856632045e-16
2022-10-20 02:00:00,23.9,80,20.3,0.0,83,0.0,8.0,85,-7.969557584733964,-0.6972459419812651
2022-10-20 03:00:00,23.7,74,18.8,0.0,87,0.0,6.0,65,-5.437846722219899,-2.5357095704441965
2022-10-20 04:00:00,23.6,76,19.1,0.0,84,0.0,4.3,48,-3.195522749552795,-2.8772616073430903
2022-10-20 05:00:00,23.4,79,19.5,0.0,87,0.0,3.4,58,-2.8833635269318485,-1.8017254983928963
2022-10-20 06:00:00,23.3,83,20.2,0.0,63,0.0,2.8,50,-2.1449244407331385,-1.79980530712231
2022-10-20 07:00:00,23.8,86,21.2,0.0,47,25.0,4.1,38,-2.524212048835199,-3.2308440897875594
2022-10-20 08:00:00,25.7,72,20.2,0.0,37,132.0,1.9,22,-0.7117525274902328,-1.761649323676896
2022-10-20 09:00:00,26.5,70,20.5,0.0,25,306.0,0.4,180,-4.8985871965894125e-17,0.4
2022-10-20 10:00:00,27.3,66,20.5,0.0,16,437.0,3.5,156,-1.4235782507653014,3.197409101749103
2022-10-20 11:00:00,27.8,65,20.5,0.0,25,336.0,5.6,140,-3.5996106142446207,4.289848881466276
2022-10-20 12:00:00,28.2,63,20.4,0.0,34,419.0,5.8,120,-5.022947341949744,2.8999999999999986
2022-10-20 13:00:00,28.6,61,20.3,0.0,28,443.0,7.2,108,-6.847606917325106,2.224922359499621
2022-10-20 14:00:00,28.8,60,20.2,0.0,9,325.0,9.7,112,-8.993683389297837,3.633683956134347
2022-10-20 15:00:00,28.6,59,19.9,0.0,15,418.0,12.1,107,-11.57128754715273,3.5376976271451133
2022-10-20 16:00:00,28.1,61,19.7,0.0,15,225.0,13.6,102,-13.302807369979757,2.827598995121527
2022-10-20 17:00:00,27.4,62,19.6,0.0,17,76.0,13.3,92,-13.291897999353974,0.4641633061432627
2022-10-20 18:00:00,26.2,67,19.7,0.0,45,2.0,15.2,94,-15.162973563949327,1.060298400910705
2022-10-20 19:00:00,25.4,71,19.8,0.0,78,0.0,14.4,90,-14.4,-8.817456953860943e-16
2022-10-20 20:00:00,24.9,74,19.9,0.0,74,0.0,12.6,88,-12.592324420440606,-0.4397336584515136
2022-10-20 21:00:00,24.7,76,20.1,0.0,76,0.0,11.2,90,-11.2,-6.858022075225179e-16
2022-10-20 22:00:00,24.4,78,20.4,0.0,76,0.0,10.1,92,-10.093847352892867,0.3524849166952596
2022-10-20 23:00:00,24.2,80,20.6,0.0,80,0.0,10.1,94,-10.075396907624224,0.7045403848156658
2022-10-21 00:00:00,24.0,82,20.7,0.0,69,0.0,10.1,92,-10.093847352892867,0.3524849166952596
2022-10-21 01:00:00,24.0,83,20.8,0.0,57,0.0,9.7,90,-9.7,-5.939536975864663e-16
2022-10-21 02:00:00,23.9,83,20.9,0.0,44,0.0,9.4,90,-9.4,-5.755839955992562e-16
2022-10-21 03:00:00,23.6,80,20.0,0.0,34,0.0,8.3,95,-8.268415994161488,0.7233926648055634
2022-10-21 04:00:00,23.5,81,20.1,0.0,31,0.0,8.0,100,-7.878462024097664,1.3891854213354424
2022-10-21 05:00:00,23.4,82,20.1,0.0,21,0.0,8.4,97,-8.337387673787106,1.023702484603238
2022-10-21 06:00:00,23.2,83,20.2,0.0,18,0.0,8.0,95,-7.969557584733964,0.6972459419812659
2022-10-21 07:00:00,23.6,82,20.3,0.0,19,29.0,8.0,82,-7.922144549932563,-1.1133848076805235
2022-10-21 08:00:00,24.8,75,20.1,0.0,20,174.0,5.9,79,-5.791600382341218,-1.125773072721615
2022-10-21 09:00:00,26.1,70,20.2,0.0,14,359.0,3.2,90,-3.2,-1.9594348786357647e-16
2022-10-21 10:00:00,27.2,65,20.1,0.0,13,522.0,4.4,125,-3.604268994871564,2.5237363199446032
2022-10-21 11:00:00,28.1,62,20.1,0.0,16,618.0,7.9,114,-7.217009115376547,3.213219480298822
2022-10-21 12:00:00,28.6,60,20.1,0.0,12,601.0,11.0,109,-10.400704331592486,3.581249699028723
2022-10-21 13:00:00,29.0,58,20.0,0.0,17,603.0,12.7,105,-12.267257993871167,3.2870018728020147
2022-10-21 14:00:00,28.9,59,20.1,0.0,16,484.0,12.8,101,-12.5648279481301,2.4423551408197737
2022-10-21 15:00:00,28.6,59,19.9,0.0,27,429.0,12.8,100,-12.605539238556265,2.222696674136708
2022-10-21 16:00:00,28.0,62,20.0,0.0,34,222.0,15.9,94,-15.861268399131204,1.1091279325315928
2022-10-21 17:00:00,27.1,67,20.4,0.0,45,73.0,17.7,86,-17.65688368959889,-1.2346895852710165
2022-10-21 18:00:00,25.9,73,20.7,0.0,41,2.0,17.3,86,-17.257858069494958,-1.2067869957733666
2022-10-21 19:00:00,25.1,79,21.1,0.0,39,0.0,17.8,82,-17.626771623599954,-2.477281197089165
2022-10-21 20:00:00,24.8,81,21.3,0.0,49,0.0,17.4,83,-17.270303038559,-2.120526575249566
2022-10-21 21:00:00,24.6,83,21.5,0.0,46,0.0,14.1,87,-14.080676440039491,-0.7379369830255099
2022-10-21 22:00:00,24.6,84,21.6,0.0,49,0.0,11.9,88,-11.89275084152724,-0.4153040107597628
2022-10-21 23:00:00,24.6,84,21.8,0.0,59,0.0,10.2,82,-10.100734301164016,-1.4195656297926678
2022-10-22 00:00:00,24.7,84,21.7,0.0,71,0.0,8.7,85,-8.666893873398186,-0.7582549619046257
2022-10-22 01:00:00,24.7,84,21.8,0.0,73,0.0,8.3,88,-8.294943864258496,-0.289665822630759
2022-10-22 02:00:00,24.7,85,21.9,0.0,65,0.0,7.9,87,-7.889173324561134,-0.4134540543192573
2022-10-22 03:00:00,24.8,86,22.3,0.0,63,0.0,7.2,90,-7.2,-4.4087284769304716e-16
2022-10-22 04:00:00,24.7,88,22.5,0.0,46,0.0,7.0,102,-6.84703320513664,1.4553818357243151
2022-10-22 05:00:00,24.4,90,22.7,0.0,50,0.0,7.6,95,-7.571079705497266,0.6623836448822026
2022-10-22 06:00:00,24.4,91,22.8,0.0,49,0.0,6.6,103,-6.430842427582553,1.4846769586695092
2022-10-22 07:00:00,24.8,89,23.0,0.0,51,21.0,5.9,104,-5.72474478502838,1.42733918403804
2022-10-22 08:00:00,26.0,83,22.9,0.0,49,89.0,5.7,108,-5.421022142882376,1.7613968679372
2022-10-22 09:00:00,27.1,77,22.7,0.0,51,168.0,5.4,98,-5.34744757120448,0.7515347451843529
2022-10-22 10:00:00,27.9,73,22.5,0.0,37,177.0,6.2,100,-6.10580806867569,1.076618701534968
2022-10-22 11:00:00,28.9,68,22.4,0.0,32,308.0,8.2,113,-7.548139798310009,3.203995253612045
2022-10-22 12:00:00,29.4,66,22.5,0.0,44,393.0,9.2,116,-8.268905225952334,4.033014550459513
2022-10-22 13:00:00,29.6,66,22.7,0.0,51,336.0,10.0,111,-9.335804264972015,3.5836794954530027
2022-10-22 14:00:00,29.7,66,22.7,0.0,60,345.0,9.4,94,-9.377102072442348,0.6557108531947782
2022-10-22 15:00:00,29.5,67,22.8,0.0,46,198.0,11.6,97,-11.513535359039336,1.4136843834997097
2022-10-22 16:00:00,29.0,70,23.0,0.0,56,122.0,13.0,87,-12.98218395180946,-0.6803674311582716
2022-10-22 17:00:00,28.4,74,23.3,0.0,59,42.0,11.7,81,-11.555953584963111,-1.8302832409707015
2022-10-22 18:00:00,27.7,78,23.5,0.0,32,1.0,9.8,84,-9.746314574609078,-1.024378940023004
2022-10-22 19:00:00,27.2,81,23.7,0.0,23,0.0,9.7,92,-9.694091022085228,0.3385251180142592
2022-10-22 20:00:00,26.6,85,23.8,0.0,11,0.0,9.4,90,-9.4,-5.755839955992562e-16
2022-10-22 21:00:00,26.3,87,24.0,0.0,12,0.0,7.6,85,-7.571079705497266,-0.6623836448822018
2022-10-22 22:00:00,26.0,88,24.0,0.0,24,0.0,7.9,93,-7.889173324561134,0.4134540543192563
2022-10-22 23:00:00,25.7,91,24.0,0.0,41,0.0,9.0,88,-8.994517443171862,-0.3140954703225097
2022-10-23 00:00:00,25.5,92,24.0,0.0,56,0.0,9.5,79,-9.325458242752807,-1.8126854560771768
2022-10-23 01:00:00,25.1,93,23.9,0.0,73,0.0,9.5,79,-9.325458242752807,-1.8126854560771768
2022-10-23 02:00:00,24.9,94,23.8,0.0,44,0.0,10.4,88,-10.393664600998596,-0.3629547657060112
2022-10-23 03:00:00,24.5,94,23.6,0.0,50,0.0,11.5,94,-11.47198657798798,0.8021994480574413
2022-10-23 04:00:00,24.5,94,23.5,0.0,69,0.0,14.0,90,-14.0,-8.572527594031472e-16
2022-10-23 05:00:00,24.3,93,23.2,0.0,68,0.0,14.2,83,-14.094155353306771,-1.7305446763530945
2022-10-23 06:00:00,24.2,92,22.9,0.0,26,0.0,12.6,92,-12.592324420440606,0.439733658451512
2022-10-23 07:00:00,24.6,89,22.7,0.1,56,21.0,12.3,93,-12.283143277481258,0.6437322617882093
2022-10-23 08:00:00,25.4,84,22.4,0.3,38,75.0,15.5,87,-15.478757788695894,-0.8112073217656315
2022-10-23 09:00:00,26.1,80,22.4,0.3,33,91.0,16.4,81,-16.19808878576026,-2.565525226659787
2022-10-23 10:00:00,26.9,77,22.4,0.6,34,222.0,15.5,86,-15.462242779027276,-1.0812253430339411
2022-10-23 11:00:00,27.2,75,22.5,0.5,41,229.0,18.0,88,-17.989034886343724,-0.6281909406450195
2022-10-23 12:00:00,26.8,80,23.1,2.2,55,262.0,20.5,88,-20.487511953891463,-0.7154396824012721
2022-10-23 13:00:00,26.9,78,22.7,0.0,62,215.0,20.7,82,-20.498549022950503,-2.880883189873355
2022-10-23 14:00:00,26.8,78,22.6,0.1,63,87.0,22.7,86,-22.644703940898008,-1.5834719539916426
2022-10-23 15:00:00,27.0,74,22.0,0.3,77,107.0,19.9,86,-19.8515246001705,-1.388153827508092
2022-10-23 16:00:00,26.3,77,22.1,0.1,81,48.0,18.4,91,-18.3971975908776,0.3211242784460159
2022-10-23 17:00:00,25.6,82,22.3,0.9,71,15.0,18.1,97,-17.96508534470793,2.2058351156331675
2022-10-23 18:00:00,24.9,86,22.4,1.6,74,1.0,18.4,93,-18.37478343948416,0.9629815948701668
2022-10-23 19:00:00,24.6,87,22.2,0.0,76,0.0,17.7,86,-17.65688368959889,-1.2346895852710165
2022-10-23 20:00:00,24.4,87,22.1,0.1,74,0.0,16.2,86,-16.16053761420915,-1.130054874654829
2022-10-23 21:00:00,24.1,88,21.9,0.0,71,0.0,15.2,86,-15.162973563949327,-1.0602984009107037
2022-10-23 22:00:00,23.9,88,21.8,0.0,63,0.0,14.5,84,-14.420567482839962,-1.5156627173809751
2022-10-23 23:00:00,23.6,89,21.7,0.0,34,0.0,14.1,87,-14.080676440039491,-0.7379369830255099
2022-10-24 00:00:00,23.4,89,21.6,0.0,12,0.0,14.4,90,-14.4,-8.817456953860943e-16
2022-10-24 01:00:00,23.3,89,21.4,0.0,17,0.0,14.0,89,-13.997867732189478,-0.2443336901219703
2022-10-24 02:00:00,23.2,88,21.2,0.0,21,0.0,13.0,85,-12.950531075192693,-1.1330246557195558
2022-10-24 03:00:00,23.3,84,20.5,0.0,21,0.0,12.6,87,-12.58273213790763,-0.659433048661094
2022-10-24 04:00:00,23.1,84,20.3,0.0,26,0.0,11.9,88,-11.89275084152724,-0.4153040107597628
2022-10-24 05:00:00,22.9,84,20.1,0.0,27,0.0,12.6,90,-12.6,-7.715274834628325e-16
2022-10-24 06:00:00,22.8,84,20.0,0.0,39,0.0,14.1,84,-14.022758724692652,-1.4738513320739135
2022-10-24 07:00:00,23.3,81,19.9,0.0,64,23.0,14.7,79,-14.42991959668066,-2.8048922320352103
2022-10-24 08:00:00,24.4,75,19.7,0.0,78,108.0,14.0,78,-13.694066410273278,-2.9107636714486325
2022-10-24 09:00:00,25.6,71,19.9,0.0,78,200.0,13.6,79,-13.35012969488823,-2.5950023371210107
2022-10-24 10:00:00,26.6,69,20.4,0.0,65,314.0,12.3,83,-12.20831766518826,-1.4989929238833142
2022-10-24 11:00:00,27.6,66,20.7,0.0,37,457.0,11.9,88,-11.89275084152724,-0.4153040107597628
2022-10-24 12:00:00,28.1,64,20.6,0.0,51,548.0,11.6,97,-11.513535359039336,1.4136843834997097
2022-10-24 13:00:00,28.3,62,20.3,0.0,65,468.0,16.3,95,-16.237973578895453,1.4206386067868293
2022-10-24 14:00:00,28.1,62,20.1,0.0,66,401.0,17.7,86,-17.65688368959889,-1.2346895852710165
2022-10-24 15:00:00,27.2,61,19.1,0.0,71,286.0,18.4,84,-18.299202874776228,-1.923323724124824
2022-10-24 16:00:00,26.4,62,18.6,0.0,76,145.0,19.6,84,-19.49262914921816,-2.048757880046008
2022-10-24 17:00:00,25.4,64,18.1,0.0,92,57.0,17.1,83,-16.972539193066606,-2.083965772228022
2022-10-24 18:00:00,24.6,66,17.8,0.0,91,1.0,15.6,83,-15.483719965604624,-1.9011617571203008
2022-10-24 19:00:00,24.1,67,17.6,0.0,83,0.0,13.0,85,-12.950531075192693,-1.1330246557195558
2022-10-24 20:00:00,24.0,67,17.5,0.0,81,0.0,12.2,92,-12.192568089632967,0.4257738597705116
2022-10-24 21:00:00,23.7,68,17.4,0.0,95,0.0,12.2,92,-12.192568089632967,0.4257738597705116
2022-10-24 22:00:00,23.6,68,17.4,0.0,86,0.0,11.9,92,-11.89275084152724,0.4153040107597613
2022-10-24 23:00:00,23.4,69,17.5,0.0,83,0.0,9.0,95,-8.96575228282571,0.7844016847289241
2022-10-25 00:00:00,23.3,71,17.8,0.0,80,0.0,10.6,100,-10.438962181929403,1.8406706832694613
2022-10-25 01:00:00,23.2,72,17.9,0.0,83,0.0,9.7,88,-9.694091022085228,-0.3385251180142604
2022-10-25 02:00:00,23.1,74,18.2,0.0,81,0.0,8.0,85,-7.969557584733964,-0.6972459419812651
2022-10-25 03:00:00,23.1,71,17.5,0.0,82,0.0,6.5,96,-6.4643923198937765,0.6794350112397481
2022-10-25 04:00:00,23.0,73,17.8,0.0,83,0.0,6.5,96,-6.4643923198937765,0.6794350112397481
2022-10-25 05:00:00,23.0,74,18.1,0.0,77,0.0,6.6,99,-6.518743047927909,1.0324674692655234
2022-10-25 06:00:00,22.9,76,18.5,0.0,56,0.0,7.0,102,-6.84703320513664,1.4553818357243151
2022-10-25 07:00:00,23.0,79,19.1,0.0,46,11.0,7.0,78,-6.847033205136639,-1.4553818357243162
2022-10-25 08:00:00,24.2,72,18.9,0.0,46,95.0,3.9,56,-3.233246532964663,-2.1808523235359125
2022-10-25 09:00:00,24.8,72,19.3,0.0,48,145.0,1.4,270,1.4,2.571758278209441e-16
2022-10-25 10:00:00,25.6,69,19.5,0.0,77,243.0,5.7,235,4.669166652447252,3.2693856872009643
2022-10-25 11:00:00,26.3,66,19.4,0.0,100,345.0,7.3,213,3.9758649556096977,6.122295146001595
2022-10-25 12:00:00,26.8,64,19.4,0.0,100,325.0,7.0,192,1.4553818357243165,6.847033205136639
2022-10-25 13:00:00,27.0,63,19.3,0.0,100,299.0,7.0,168,-1.4553818357243151,6.84703320513664
2022-10-25 14:00:00,27.0,62,19.2,0.0,100,313.0,7.5,145,-4.301823272632845,6.14364033216744
2022-10-25 15:00:00,27.0,61,18.9,0.0,100,166.0,8.9,122,-7.547628055792193,4.716281451675523
2022-10-25 16:00:00,26.8,61,18.6,0.0,100,119.0,11.8,102,-11.542141688658909,2.4533579516495605
2022-10-25 17:00:00,25.9,63,18.3,0.0,100,24.0,13.0,88,-12.992080751248244,-0.453693457132514
2022-10-25 18:00:00,24.9,67,18.3,0.0,100,1.0,13.8,83,-13.697136892650244,-1.6817969389910354
2022-10-25 19:00:00,24.3,70,18.5,0.0,100,0.0,12.5,78,-12.22684500917257,-2.598896135221993
2022-10-25 20:00:00,23.8,74,18.8,0.0,100,0.0,10.5,82,-10.397814721786489,-1.4613175600806874
2022-10-25 21:00:00,23.5,76,19.1,0.1,100,0.0,9.1,83,-9.032169979936029,-1.109011024986842
2022-10-25 22:00:00,23.4,78,19.3,0.1,100,0.0,7.6,90,-7.6,-4.653657836759942e-16
2022-10-25 23:00:00,23.2,80,19.6,0.0,100,0.0,6.6,99,-6.518743047927909,1.0324674692655234
2022-10-26 00:00:00,23.1,83,20.1,0.0,100,0.0,6.3,114,-5.755336383148386,2.5624408513775414
2022-10-26 01:00:00,23.0,83,20.0,0.1,100,0.0,5.8,112,-5.377666356487367,2.17271824181229
2022-10-26 02:00:00,22.9,84,20.0,0.1,100,0.0,4.2,110,-3.946709007300816,1.4364846019678086
2022-10-26 03:00:00,21.9,81,18.4,0.1,100,0.0,3.5,114,-3.197409101749103,1.423578250765301
2022-10-26 04:00:00,21.6,83,18.6,0.1,92,0.0,3.4,108,-3.2335921554035223,1.050657780874821
2022-10-26 05:00:00,21.9,81,18.5,0.0,75,0.0,1.4,90,-1.4,-8.572527594031472e-17
2022-10-26 06:00:00,22.1,81,18.7,0.0,76,0.0,3.1,291,2.8940993221413254,-1.1109406435904312
2022-10-26 07:00:00,22.2,85,19.6,0.0,64,20.0,4.1,285,3.960295887785181,-1.061158084920333
2022-10-26 08:00:00,23.8,75,19.1,0.0,58,109.0,4.7,261,4.642135200797148,0.7352419856890859
2022-10-26 09:00:00,24.7,71,19.0,0.0,48,243.0,5.6,230,4.289848881466276,3.5996106142446207
2022-10-26 10:00:00,25.6,66,18.8,0.0,50,406.0,6.1,208,2.863776532993934,5.385980316439453
2022-10-26 11:00:00,26.2,63,18.6,0.0,23,465.0,6.7,196,1.846770283973893,6.440453362786736
2022-10-26 12:00:00,26.6,62,18.6,0.0,29,492.0,8.0,188,1.1133848076805242,7.922144549932562
2022-10-26 13:00:00,26.9,60,18.4,0.0,46,452.0,9.0,178,-0.3140954703225103,8.994517443171862
2022-10-26 14:00:00,26.9,60,18.4,0.0,61,326.0,9.8,163,-2.8652427062828187,9.371786608437748
2022-10-26 15:00:00,26.5,61,18.4,0.0,76,230.0,9.6,146,-5.36825187331917,7.958760696528399
2022-10-26 16:00:00,26.1,61,18.0,0.0,78,145.0,7.9,133,-5.777694242791448,5.387787044493737
2022-10-26 17:00:00,25.7,62,17.7,0.0,83,40.0,5.1,129,-3.963444403430552,3.20953399435417
2022-10-26 18:00:00,25.1,65,18.0,0.1,84,1.0,4.4,99,-4.345828698618607,0.6883116461770157
2022-10-26 19:00:00,24.5,70,18.6,0.0,79,0.0,3.9,34,-2.180852323535913,-3.233246532964663
2022-10-26 20:00:00,24.0,76,19.4,0.0,89,0.0,3.1,339,1.1109406435904323,-2.894099322141325
2022-10-26 21:00:00,23.7,78,19.7,0.1,89,0.0,4.7,293,4.32637281122647,-1.8364363038995852
2022-10-26 22:00:00,23.4,80,19.8,0.0,83,0.0,6.2,280,6.105808068675691,-1.0766187015349655
2022-10-26 23:00:00,23.1,83,20.0,0.1,90,0.0,5.8,274,5.785871491506981,-0.4045875477159262
2022-10-27 00:00:00,23.2,83,20.1,0.0,91,0.0,6.5,276,6.464392319893777,-0.6794350112397444
2022-10-27 01:00:00,23.0,84,20.2,0.0,80,0.0,6.9,276,6.862201078041087,-0.7212463965468057
2022-10-27 02:00:00,22.7,87,20.4,0.0,81,0.0,5.4,270,5.4,9.919639073093561e-16
2022-10-27 03:00:00,22.9,86,20.4,0.0,75,0.0,4.3,265,4.283637201794505,0.3747696938149304
2022-10-27 04:00:00,23.0,85,20.4,0.0,57,0.0,4.7,279,4.642135200797148,-0.7352419856890842
2022-10-27 05:00:00,23.3,83,20.3,0.0,64,0.0,4.2,301,3.600102662948872,-2.163159914622228
2022-10-27 06:00:00,23.4,83,20.3,0.0,50,0.0,3.6,323,2.166534083347374,-2.875087836170254
2022-10-27 07:00:00,23.6,82,20.3,0.0,32,14.0,2.6,16,-0.7166571251241979,-2.499280409439629
2022-10-27 08:00:00,24.8,75,20.0,0.0,42,106.0,1.5,45,-1.0606601717798214,-1.0606601717798214
2022-10-27 09:00:00,25.7,69,19.5,0.0,52,237.0,1.6,117,-1.4256104387013888,0.7263847995832748
2022-10-27 10:00:00,26.4,65,19.2,0.0,51,355.0,3.3,139,-2.1649947956686737,2.490541614735148
2022-10-27 11:00:00,26.9,62,19.0,0.0,57,385.0,6.9,133,-5.0463405411722775,4.705788684431239
2022-10-27 12:00:00,27.3,60,18.9,0.0,51,447.0,9.5,119,-8.30888721782426,4.605691392340201
2022-10-27 13:00:00,27.4,60,18.9,0.0,68,397.0,10.7,110,-10.05471104240922,3.659615533584655
2022-10-27 14:00:00,27.6,60,19.1,0.0,77,423.0,12.5,102,-12.226845009172573,2.598896135221992
2022-10-27 15:00:00,27.4,57,18.2,0.0,78,268.0,15.2,97,-15.086701504948095,1.85241401975824
2022-10-27 16:00:00,26.9,61,18.8,0.0,64,121.0,15.9,93,-15.878209602597725,0.8321417042628071
2022-10-27 17:00:00,26.2,66,19.4,0.0,57,46.0,13.0,87,-12.98218395180946,-0.6803674311582716
2022-10-27 18:00:00,25.3,72,20.0,0.0,59,1.0,12.6,87,-12.58273213790763,-0.659433048661094
2022-10-27 19:00:00,24.8,76,20.4,0.0,68,0.0,11.9,85,-11.854716907291772,-1.037153338697132
2022-10-27 20:00:00,24.5,79,20.6,0.0,56,0.0,10.5,84,-10.44247990136687,-1.0975488643103612
2022-10-27 21:00:00,24.2,81,20.8,0.0,58,0.0,10.4,88,-10.393664600998596,-0.3629547657060112
2022-10-27 22:00:00,24.0,83,20.9,0.0,47,0.0,10.1,86,-10.075396907624224,-0.7045403848156648
2022-10-27 23:00:00,23.8,84,21.0,0.0,56,0.0,8.4,70,-7.893418014601631,-2.872969203935618
2022-10-28 00:00:00,23.5,86,21.0,0.0,53,0.0,5.5,58,-4.664264528860343,-2.914555953282627
2022-10-28 01:00:00,23.1,88,21.0,0.0,51,0.0,5.5,67,-5.062776693988422,-2.149021206691005
2022-10-28 02:00:00,22.8,89,20.8,0.0,41,0.0,5.2,65,-4.71280049259058,-2.197614961051637
2022-10-28 03:00:00,22.8,90,21.1,0.0,42,0.0,4.7,58,-3.9858260519352022,-2.490620541896063
2022-10-28 04:00:00,22.7,91,21.1,0.0,38,0.0,4.3,48,-3.195522749552795,-2.8772616073430903
2022-10-28 05:00:00,22.6,90,20.9,0.0,44,0.0,3.6,45,-2.5455844122715714,-2.5455844122715714
2022-10-28 06:00:00,22.3,92,20.9,0.0,27,0.0,1.9,68,-1.761649323676896,-0.7117525274902327
2022-10-28 07:00:00,22.9,90,21.2,0.0,33,21.0,4.7,81,-4.642135200797148,-0.7352419856890854
2022-10-28 08:00:00,24.9,80,21.2,0.0,30,120.0,7.2,87,-7.190132650232932,-0.3768188849491966
2022-10-28 09:00:00,26.2,73,21.0,0.0,17,294.0,8.4,80,-8.272385125302547,-1.4586446924022156
2022-10-28 10:00:00,27.1,68,20.6,0.0,25,365.0,9.7,86,-9.676371287520292,-0.6766377953180147
2022-10-28 11:00:00,27.9,64,20.4,0.0,25,406.0,10.4,92,-10.393664600998596,0.3629547657060099
2022-10-28 12:00:00,28.5,62,20.4,0.0,22,528.0,12.4,100,-12.21161613735138,2.153237403069936
2022-10-28 13:00:00,28.6,62,20.6,0.0,34,529.0,15.2,104,-14.748495039395143,3.67721281311495
2022-10-28 14:00:00,28.5,63,20.7,0.0,38,484.0,16.7,97,-16.575520732410077,2.0352180348659608
2022-10-28 15:00:00,28.1,64,20.7,0.0,38,347.0,16.3,96,-16.210706894502856,1.703813951262753
2022-10-28 16:00:00,27.6,67,20.8,0.0,40,164.0,17.0,95,-16.935309867559674,1.48164762671019
2022-10-28 17:00:00,26.7,70,20.9,0.0,32,59.0,15.5,93,-15.478757788695894,0.8112073217656296
2022-10-28 18:00:00,25.7,76,21.1,0.0,29,1.0,13.7,93,-13.68122462613766,0.7170026005283306
2022-10-28 19:00:00,25.2,79,21.2,0.0,36,0.0,12.2,88,-12.192568089632967,-0.4257738597705131
2022-10-28 20:00:00,24.9,81,21.4,0.0,26,0.0,10.1,88,-10.093847352892867,-0.3524849166952609
2022-10-28 21:00:00,24.7,83,21.6,0.0,34,0.0,10.1,90,-10.1,-6.184466335694133e-16
2022-10-28 22:00:00,24.5,85,21.8,0.0,43,0.0,8.6,90,-8.6,-5.265981236333618e-16
2022-10-28 23:00:00,24.3,87,21.9,0.0,46,0.0,7.9,90,-7.9,-4.837354856632045e-16
2022-10-29 00:00:00,24.1,88,21.9,0.0,60,0.0,5.9,76,-5.72474478502838,-1.4273391840380394
2022-10-29 01:00:00,23.8,89,22.0,0.0,72,0.0,4.1,75,-3.96029588778518,-1.061158084920335
2022-10-29 02:00:00,23.8,90,22.1,0.0,59,0.0,1.1,18,-0.3399186938124421,-1.0461621679246689
2022-10-29 03:00:00,23.4,92,22.0,0.0,53,0.0,2.6,74,-2.499280409439629,-0.7166571251241979
2022-10-29 04:00:00,23.4,92,22.0,0.0,55,0.0,3.5,66,-3.197409101749103,-1.4235782507653008
2022-10-29 05:00:00,23.5,91,22.0,0.0,55,0.0,5.2,65,-4.71280049259058,-2.197614961051637
2022-10-29 06:00:00,23.2,92,21.8,0.0,33,0.0,6.6,68,-6.1194134401407965,-2.4724035165450187
2022-10-29 07:00:00,23.3,91,21.7,0.0,28,15.0,10.0,64,-8.98794046299167,-4.383711467890775
2022-10-29 08:00:00,25.2,81,21.8,0.0,13,134.0,9.9,80,-9.74959675482086,-1.7191169589026112
2022-10-29 09:00:00,26.7,74,21.7,0.0,8,295.0,10.4,88,-10.393664600998596,-0.3629547657060112
2022-10-29 10:00:00,27.7,69,21.5,0.0,7,438.0,11.9,95,-11.854716907291772,1.037153338697133
2022-10-29 11:00:00,28.6,65,21.4,0.0,14,550.0,12.3,95,-12.253194786528471,1.0720156357961963
2022-10-29 12:00:00,29.2,63,21.3,0.0,20,566.0,12.5,102,-12.226845009172573,2.598896135221992
2022-10-29 13:00:00,29.3,63,21.4,0.0,26,550.0,14.0,102,-13.69406641027328,2.9107636714486307
2022-10-29 14:00:00,29.1,63,21.4,0.0,38,417.0,16.8,99,-16.593164121998313,2.628099012675878
2022-10-29 15:00:00,28.9,62,21.0,0.0,49,340.0,18.4,90,-18.4,-1.1266750552155648e-15
2022-10-29 16:00:00,28.1,65,21.0,0.0,46,164.0,19.4,90,-19.4,-1.1879073951729326e-15
2022-10-29 17:00:00,27.2,70,21.1,0.0,50,57.0,18.0,88,-17.989034886343724,-0.6281909406450195
2022-10-29 18:00:00,26.0,75,21.1,0.0,41,1.0,16.6,85,-16.536831988322977,-1.4467853296111253
2022-10-29 19:00:00,25.2,79,21.2,0.0,42,0.0,15.9,87,-15.878209602597725,-0.8321417042628091
2022-10-29 20:00:00,24.8,81,21.2,0.0,50,0.0,13.0,87,-12.98218395180946,-0.6803674311582716
2022-10-29 21:00:00,24.4,82,21.2,0.0,55,0.0,10.8,86,-10.773691742806102,-0.7533699164365526
2022-10-29 22:00:00,24.1,84,21.3,0.0,51,0.0,10.4,90,-10.4,-6.368163355566237e-16
2022-10-29 23:00:00,23.7,86,21.3,0.0,44,0.0,12.6,90,-12.6,-7.715274834628325e-16
2022-10-30 00:00:00,23.5,87,21.2,0.0,52,0.0,12.3,87,-12.283143277481258,-0.6437322617882109
2022-10-30 01:00:00,23.4,87,21.2,0.0,43,0.0,10.2,82,-10.100734301164016,-1.4195656297926678
2022-10-30 02:00:00,23.2,88,21.2,0.0,49,0.0,9.5,81,-9.38303923565381,-1.4861274178821935
2022-10-30 03:00:00,23.2,88,21.2,0.0,39,0.0,9.5,81,-9.38303923565381,-1.4861274178821935
2022-10-30 04:00:00,23.0,89,21.2,0.0,42,0.0,10.1,84,-10.04467114321956,-1.0557374790032998
2022-10-30 05:00:00,22.9,90,21.1,0.0,36,0.0,10.8,86,-10.773691742806102,-0.7533699164365526
2022-10-30 06:00:00,22.7,91,21.1,0.0,38,0.0,11.6,85,-11.555858497864248,-1.0110066158728344
2022-10-30 07:00:00,23.2,88,21.1,0.0,37,18.0,12.8,80,-12.605539238556265,-2.2226966741367096
2022-10-30 08:00:00,25.1,78,21.0,0.0,37,143.0,12.6,87,-12.58273213790763,-0.659433048661094
2022-10-30 09:00:00,26.7,71,20.9,0.0,35,245.0,11.9,87,-11.88369146357943,-0.6227978792910333
2022-10-30 10:00:00,28.1,66,21.2,0.0,38,376.0,10.1,96,-10.04467114321956,1.055737479003301
2022-10-30 11:00:00,28.6,65,21.5,0.0,52,312.0,10.5,98,-10.397814721786489,1.4613175600806865
2022-10-30 12:00:00,28.9,65,21.7,0.0,67,313.0,13.1,99,-12.938717261796304,2.049291492027024
2022-10-30 13:00:00,29.0,65,21.8,0.0,75,269.0,15.3,99,-15.111631611105608,2.3934473151155315
2022-10-30 14:00:00,28.7,67,21.9,0.0,88,174.0,17.7,94,-17.65688368959889,1.2346895852710182
2022-10-30 15:00:00,28.4,65,21.3,0.0,86,70.0,19.4,91,-19.39704528603399,0.3385766848832994
2022-10-30 16:00:00,28.0,68,21.4,0.0,74,22.0,18.4,87,-18.37478343948416,-0.9629815948701688
2022-10-30 17:00:00,27.3,71,21.6,0.0,87,3.0,13.4,85,-13.34900895442939,-1.167886952818619
2022-10-30 18:00:00,26.6,75,21.7,0.0,86,0.0,12.6,87,-12.58273213790763,-0.659433048661094
2022-10-30 19:00:00,25.9,78,21.8,0.1,91,0.0,16.2,87,-16.177798463024097,-0.8478424911356922
2022-10-30 20:00:00,25.3,81,21.9,0.2,64,0.0,14.8,84,-14.718924051450443,-1.5470212563612713
2022-10-30 21:00:00,24.9,85,22.2,0.4,82,0.0,11.5,92,-11.4929945107196,0.401344212078761
2022-10-30 22:00:00,24.6,88,22.4,0.9,89,0.0,9.4,90,-9.4,-5.755839955992562e-16
2022-10-30 23:00:00,24.4,88,22.4,1.0,91,0.0,9.4,83,-9.329933825428428,-1.1455718280083864
2022-10-31 00:00:00,24.3,89,22.4,1.0,89,0.0,12.3,85,-12.253194786528471,-1.0720156357961952
2022-10-31 01:00:00,24.1,89,22.2,1.0,85,0.0,14.4,86,-14.36492232374147,-1.0044932219154037
2022-10-31 02:00:00,23.9,90,22.2,0.9,65,0.0,14.4,86,-14.36492232374147,-1.0044932219154037
2022-10-31 03:00:00,24.1,90,22.3,0.5,78,0.0,14.6,80,-14.378193193978236,-2.535263393937184
2022-10-31 04:00:00,24.0,90,22.3,1.0,76,0.0,12.8,80,-12.605539238556265,-2.2226966741367096
2022-10-31 05:00:00,23.9,90,22.2,1.2,40,0.0,12.6,87,-12.58273213790763,-0.659433048661094
2022-10-31 06:00:00,23.8,90,22.1,2.0,75,0.0,11.2,92,-11.193177262613872,0.3908743630680106
2022-10-31 07:00:00,23.7,91,22.1,1.5,83,4.0,9.4,88,-9.3942737739795,-0.3280552690035102
2022-10-31 08:00:00,24.0,91,22.3,1.5,89,2.0,10.1,90,-10.1,-6.184466335694133e-16
2022-10-31 09:00:00,24.1,91,22.5,2.2,92,3.0,10.8,86,-10.773691742806102,-0.7533699164365526
2022-10-31 10:00:00,24.3,91,22.6,3.0,85,0.0,11.9,76,-11.54651914268436,-2.8788705576360454
2022-10-31 11:00:00,24.5,90,22.8,3.3,90,30.0,11.8,70,-11.08837292527372,-4.035837691242892
2022-10-31 12:00:00,24.6,90,22.9,3.7,92,20.0,13.9,73,-13.292636107886192,-4.063966695646041
2022-10-31 13:00:00,24.5,92,23.2,3.1,94,8.0,15.5,77,-15.102736004171147,-3.486741342329906
2022-10-31 14:00:00,24.1,93,22.9,2.5,95,0.0,18.2,82,-18.02287885109658,-2.5329504374731915
2022-10-31 15:00:00,23.8,92,22.5,4.5,100,0.0,20.6,78,-20.1498405751164,-4.282980830845845
2022-10-31 16:00:00,23.5,93,22.2,4.0,100,0.0,21.1,76,-20.473239824423526,-5.1045519971529885
2022-10-31 17:00:00,23.3,93,22.0,4.3,100,1.0,21.2,75,-20.477627517328248,-5.48696375617344
2022-10-31 18:00:00,23.1,92,21.7,3.1,99,0.0,25.3,86,-25.238370471573557,-1.7648387857263683
2022-10-31 19:00:00,22.9,92,21.5,1.7,93,0.0,25.4,83,-25.210672251689576,-3.095481322490746
2022-10-31 20:00:00,22.9,91,21.4,2.2,83,0.0,23.8,86,-23.74202439618381,-1.6602040751101803
2022-10-31 21:00:00,22.9,91,21.4,1.0,67,0.0,21.3,85,-21.21894706935418,-1.8564173205251184
2022-10-31 22:00:00,22.9,90,21.2,0.9,71,0.0,22.3,87,-22.269438625027,-1.1670918242176505
2022-10-31 23:00:00,22.8,90,21.1,0.9,85,0.0,22.5,84,-22.37674264578615,-2.3518904235222027
2022-11-01 00:00:00,22.7,91,21.1,0.9,74,0.0,22.0,88,-21.986598194420107,-0.7677889274550238
2022-11-01 01:00:00,22.6,91,21.0,0.5,74,0.0,23.0,91,-22.996496988597,0.40140534805752
2022-11-01 02:00:00,22.5,91,20.9,0.3,86,0.0,25.2,89,-25.19616191794106,-0.4398006422195467
2022-11-01 03:00:00,22.7,86,20.1,0.5,76,0.0,25.2,88,-25.184648840881213,-0.8794673169030272
2022-11-01 04:00:00,22.7,85,20.0,0.2,72,0.0,24.8,90,-24.8,-1.518562030942718e-15
2022-11-01 05:00:00,22.6,85,19.9,0.1,62,0.0,25.3,94,-25.238370471573557,1.764838785726371
2022-11-01 06:00:00,22.6,84,19.9,0.3,54,0.0,30.3,87,-30.258474903063583,-1.585779474161202
2022-11-01 07:00:00,22.8,85,20.2,0.2,82,5.0,26.1,83,-25.905454557838507,-3.1807898628743496
2022-11-01 08:00:00,23.5,84,20.6,0.1,41,23.0,23.5,86,-23.44275518110587,-1.6392771329869429
2022-11-01 09:00:00,24.7,80,20.9,0.0,35,92.0,22.0,87,-21.969849764600625,-1.151391037344767
2022-11-01 10:00:00,26.1,75,21.3,0.0,35,240.0,21.2,90,-21.2,-1.2981256070961944e-15
2022-11-01 11:00:00,27.2,72,21.7,0.0,35,391.0,19.1,94,-19.053473359962645,1.332348648512794
2022-11-01 12:00:00,27.7,71,21.9,0.0,51,359.0,17.5,99,-17.28454596041491,2.7376031382040398
2022-11-01 13:00:00,28.0,71,22.1,0.0,63,380.0,15.6,109,-14.750089779349343,5.078863209531644
2022-11-01 14:00:00,27.9,71,22.1,0.0,93,291.0,15.1,93,-15.079305974794064,0.790272939268452
2022-11-01 15:00:00,27.0,77,22.6,0.3,84,76.0,14.1,96,-14.022758724692652,1.473851332073915
2022-11-01 16:00:00,26.4,81,22.8,0.2,65,28.0,15.1,89,-15.097700196861508,-0.2635313372029823
2022-11-01 17:00:00,25.8,83,22.7,0.0,44,17.0,17.0,85,-16.935309867559674,-1.4816476267101883
2022-11-01 18:00:00,25.1,86,22.6,0.0,49,0.0,13.8,81,-13.630099100212902,-2.158795617555187
2022-11-01 19:00:00,24.6,88,22.4,0.0,56,0.0,13.1,82,-12.972511700514572,-1.8231676225768576
2022-11-01 20:00:00,24.3,88,22.2,0.0,58,0.0,14.1,86,-14.06565310866352,-0.9835662797921656
2022-11-01 21:00:00,24.0,88,21.9,0.0,65,0.0,14.0,91,-13.997867732189478,0.2443336901219686
2022-11-01 22:00:00,23.9,87,21.6,0.0,63,0.0,14.0,91,-13.997867732189478,0.2443336901219686
2022-11-01 23:00:00,23.8,86,21.3,0.0,48,0.0,13.7,93,-13.68122462613766,0.7170026005283306
2022-11-02 00:00:00,23.6,86,21.1,0.0,40,0.0,14.8,94,-14.763947943845398,1.032395811413055
2022-11-02 01:00:00,23.4,86,20.9,0.0,39,0.0,15.9,87,-15.878209602597725,-0.8321417042628091
2022-11-02 02:00:00,23.3,86,20.8,0.0,35,0.0,16.3,85,-16.237973578895453,-1.4206386067868275
2022-11-02 03:00:00,23.0,85,20.3,0.0,32,0.0,17.0,86,-16.958588854417012,-1.185860053650129
2022-11-02 04:00:00,22.9,85,20.2,0.0,32,0.0,17.0,84,-16.906872221260645,-1.7769838755501088
2022-11-02 05:00:00,22.8,85,20.2,0.0,34,0.0,16.1,80,-15.855404823496553,-2.79573566043758
2022-11-02 06:00:00,22.7,86,20.1,0.0,35,0.0,16.2,78,-15.845991131887647,-3.368169391247703
2022-11-02 07:00:00,23.1,85,20.4,0.0,39,15.0,13.6,79,-13.35012969488823,-2.5950023371210107
2022-11-02 08:00:00,24.5,81,21.0,0.0,43,96.0,12.2,92,-12.192568089632967,0.4257738597705116
2022-11-02 09:00:00,26.1,76,21.6,0.0,65,233.0,12.0,99,-11.852260087141651,1.8772135804827697
2022-11-02 10:00:00,27.3,73,22.0,0.0,74,330.0,11.0,113,-10.125553387976844,4.298042413382012
2022-11-02 11:00:00,28.1,70,22.2,0.0,59,372.0,9.7,121,-8.31452281681049,4.995869326627526
2022-11-02 12:00:00,28.4,69,22.2,0.0,56,350.0,9.0,119,-7.871577364254563,4.363286582217033
2022-11-02 13:00:00,28.5,69,22.3,0.0,63,256.0,9.5,101,-9.325458242752807,1.812685456077176
2022-11-02 14:00:00,28.7,70,22.6,0.0,56,319.0,10.9,98,-10.793921949283115,1.5169868004647125
2022-11-02 15:00:00,27.2,73,22.0,0.2,56,168.0,12.3,95,-12.253194786528471,1.0720156357961963
2022-11-02 16:00:00,26.7,76,22.2,0.0,50,71.0,13.0,87,-12.98218395180946,-0.6803674311582716
2022-11-02 17:00:00,26.1,80,22.4,0.0,42,21.0,11.3,81,-11.160878248725057,-1.7677094549546095
2022-11-02 18:00:00,25.4,85,22.6,0.0,37,0.0,13.3,77,-12.959121861643627,-2.991849022773404
2022-11-02 19:00:00,25.1,87,22.7,0.0,38,0.0,10.1,73,-9.658678035226655,-2.952954217699641
2022-11-02 20:00:00,24.9,88,22.8,0.0,48,0.0,8.6,68,-7.973781149274371,-3.2216167033768426
2022-11-02 21:00:00,24.7,89,22.8,0.0,47,0.0,8.0,72,-7.608452130361228,-2.47213595499958
2022-11-02 22:00:00,24.3,92,22.8,0.0,41,0.0,7.1,75,-6.858073366652385,-1.8376152202278973
2022-11-02 23:00:00,23.8,94,22.7,0.0,43,0.0,7.6,85,-7.571079705497266,-0.6623836448822018
2022-11-03 00:00:00,23.5,95,22.6,0.0,39,0.0,7.6,85,-7.571079705497266,-0.6623836448822018
2022-11-03 01:00:00,23.2,95,22.4,0.0,34,0.0,7.7,79,-7.558529312547013,-1.4692292643993958
2022-11-03 02:00:00,23.0,95,22.2,0.0,29,0.0,7.8,77,-7.600086505324834,-1.7546182238821464
2022-11-03 03:00:00,23.1,94,22.1,0.0,24,0.0,8.1,77,-7.892397524760405,-1.8221035401853056
2022-11-03 04:00:00,23.0,94,21.9,0.0,8,0.0,8.5,78,-8.314254606237347,-1.7672493719509554
2022-11-03 05:00:00,22.9,94,21.8,0.0,5,0.0,7.4,76,-7.180188374442374,-1.7902220274375409
2022-11-03 06:00:00,22.8,94,21.8,0.0,12,0.0,6.9,81,-6.815049550106451,-1.0793978087775935
2022-11-03 07:00:00,23.3,94,22.2,0.0,7,17.0,9.0,95,-8.96575228282571,0.7844016847289241
2022-11-03 08:00:00,25.0,87,22.7,0.0,14,107.0,9.5,101,-9.325458242752807,1.812685456077176
2022-11-03 09:00:00,26.4,81,22.8,0.0,14,274.0,10.6,100,-10.438962181929403,1.8406706832694613
2022-11-03 10:00:00,27.2,77,22.8,0.0,18,364.0,9.8,96,-9.746314574609078,1.024378940023005
2022-11-03 11:00:00,27.7,75,22.8,0.0,23,399.0,8.8,102,-8.607698886457491,1.8296228791962823
2022-11-03 12:00:00,28.1,74,23.0,0.0,28,457.0,11.2,105,-10.818369254437563,2.898773305148233
2022-11-03 13:00:00,28.1,74,23.1,0.0,29,428.0,12.7,98,-12.576404473017943,1.7674983821928298
2022-11-03 14:00:00,28.0,75,23.1,0.0,29,376.0,12.6,88,-12.592324420440606,-0.4397336584515136
2022-11-03 15:00:00,27.4,76,22.9,0.0,31,154.0,11.9,87,-11.88369146357943,-0.6227978792910333
2022-11-03 16:00:00,27.2,78,23.0,0.0,22,133.0,13.0,96,-12.928784639787551,1.3588700224794965
2022-11-03 17:00:00,26.5,81,23.0,0.0,26,40.0,13.3,90,-13.3,-8.1439012143299e-16
2022-11-03 18:00:00,25.7,85,23.0,0.0,22,0.0,11.2,90,-11.2,-6.858022075225179e-16
2022-11-03 19:00:00,25.3,87,22.9,0.0,15,0.0,8.7,85,-8.666893873398186,-0.7582549619046257
2022-11-03 20:00:00,24.8,89,22.9,0.0,11,0.0,7.2,96,-7.160557646651568,0.7526049355271056
2022-11-03 21:00:00,24.3,92,23.0,0.0,16,0.0,8.3,108,-7.893769085249776,2.564841053312063
2022-11-03 22:00:00,24.0,95,23.1,0.0,20,0.0,8.7,114,-7.947845481490627,3.538608794759462
2022-11-03 23:00:00,23.7,96,23.0,0.0,13,0.0,9.0,113,-8.284543681071963,3.5165801564034647
2022-11-04 00:00:00,23.4,97,22.9,0.0,11,0.0,10.4,110,-9.772803256173448,3.557009490586955
2022-11-04 01:00:00,23.2,97,22.7,0.0,6,0.0,10.6,100,-10.438962181929403,1.8406706832694613
2022-11-04 02:00:00,22.9,98,22.6,0.0,5,0.0,9.7,94,-9.676371287520292,0.6766377953180156
2022-11-04 03:00:00,22.8,98,22.5,0.0,8,0.0,8.6,92,-8.594761112364223,0.3001356716415082
2022-11-04 04:00:00,22.6,98,22.4,0.0,3,0.0,8.6,92,-8.594761112364223,0.3001356716415082
2022-11-04 05:00:00,22.5,99,22.3,0.0,10,0.0,9.0,85,-8.96575228282571,-0.7844016847289232
2022-11-04 06:00:00,22.3,99,22.1,0.0,9,0.0,10.5,98,-10.397814721786489,1.4613175600806865
2022-11-04 07:00:00,22.7,98,22.3,0.0,10,17.0,12.0,97,-11.910553819695863,1.4624321208617683
2022-11-04 08:00:00,23.9,92,22.5,0.0,14,87.0,12.3,95,-12.253194786528471,1.0720156357961963
2022-11-04 09:00:00,25.6,83,22.4,0.0,6,292.0,13.3,93,-13.281772812235833,0.6960682180311532
2022-11-04 10:00:00,26.7,76,22.2,0.0,9,453.0,11.9,92,-11.89275084152724,0.4153040107597613
2022-11-04 11:00:00,27.4,73,22.1,0.0,8,585.0,11.2,92,-11.193177262613872,0.3908743630680106
2022-11-04 12:00:00,27.8,71,22.1,0.0,8,607.0,11.9,95,-11.854716907291772,1.037153338697133
2022-11-04 13:00:00,28.0,70,22.1,0.0,4,608.0,13.8,96,-13.724402156082173,1.442492793093619
2022-11-04 14:00:00,27.9,70,21.9,0.0,9,442.0,15.9,93,-15.878209602597725,0.8321417042628071
2022-11-04 15:00:00,27.4,71,21.7,0.0,19,326.0,16.9,91,-16.89742604814301,0.2949456687900907
2022-11-04 16:00:00,26.8,74,21.7,0.0,18,205.0,17.3,91,-17.29736512620557,0.3019266313650041
2022-11-04 17:00:00,25.7,78,21.5,0.0,28,48.0,16.9,92,-16.889704976622717,0.5898014942722661
2022-11-04 18:00:00,24.5,82,21.2,0.0,28,0.0,16.6,91,-16.597471739596095,0.2897099468589057
2022-11-04 19:00:00,23.9,84,20.9,0.0,24,0.0,15.8,89,-15.797593583470984,-0.2757480217090808
2022-11-04 20:00:00,23.5,84,20.7,0.0,38,0.0,15.5,91,-15.497639274924063,0.2705122997778938
2022-11-04 21:00:00,23.2,85,20.5,0.0,28,0.0,15.1,90,-15.1,-9.246083333562517e-16
2022-11-04 22:00:00,23.1,84,20.3,0.0,33,0.0,14.1,87,-14.080676440039491,-0.7379369830255099
2022-11-04 23:00:00,22.8,85,20.2,0.0,38,0.0,11.9,87,-11.88369146357943,-0.6227978792910333
2022-11-05 00:00:00,22.7,85,20.1,0.0,46,0.0,10.8,90,-10.8,-6.613092715395707e-16
2022-11-05 01:00:00,22.6,85,20.0,0.0,57,0.0,11.2,92,-11.193177262613872,0.3908743630680106
2022-11-05 02:00:00,22.4,86,20.0,0.0,49,0.0,10.4,90,-10.4,-6.368163355566237e-16
2022-11-05 03:00:00,22.5,84,19.8,0.0,47,0.0,10.1,88,-10.093847352892867,-0.3524849166952609
2022-11-05 04:00:00,22.3,86,19.8,0.0,28,0.0,10.1,88,-10.093847352892867,-0.3524849166952609
2022-11-05 05:00:00,22.3,86,19.9,0.0,32,0.0,9.7,90,-9.7,-5.939536975864663e-16
2022-11-05 06:00:00,22.1,87,19.9,0.0,50,0.0,13.7,93,-13.68122462613766,0.7170026005283306
2022-11-05 07:00:00,22.5,86,19.9,0.0,44,16.0,14.1,84,-14.022758724692652,-1.4738513320739135
2022-11-05 08:00:00,23.5,80,19.9,0.0,52,107.0,12.3,83,-12.20831766518826,-1.4989929238833142
2022-11-05 09:00:00,24.5,77,20.2,0.0,46,226.0,10.8,90,-10.8,-6.613092715395707e-16
2022-11-05 10:00:00,25.5,74,20.5,0.0,33,363.0,9.8,96,-9.746314574609078,1.024378940023005
2022-11-05 11:00:00,26.2,72,20.7,0.0,32,475.0,10.1,96,-10.04467114321956,1.055737479003301
2022-11-05 12:00:00,26.4,71,20.7,0.0,44,419.0,12.2,92,-12.192568089632967,0.4257738597705116
2022-11-05 13:00:00,26.6,70,20.6,0.0,32,467.0,14.4,90,-14.4,-8.817456953860943e-16
2022-11-05 14:00:00,26.4,69,20.2,0.0,32,334.0,17.3,94,-17.257858069494958,1.2067869957733683
2022-11-05 15:00:00,25.6,70,19.7,0.0,34,166.0,19.1,90,-19.1,-1.1695376931857224e-15
2022-11-05 16:00:00,25.0,70,19.3,0.0,36,99.0,19.1,90,-19.1,-1.1695376931857224e-15
2022-11-05 17:00:00,24.2,74,19.2,0.1,33,35.0,16.6,90,-16.6,-1.0164568432923032e-15
2022-11-05 18:00:00,23.4,77,19.2,0.0,58,0.0,17.3,91,-17.29736512620557,0.3019266313650041
2022-11-05 19:00:00,23.0,79,19.3,0.2,56,0.0,16.2,86,-16.16053761420915,-1.130054874654829
2022-11-05 20:00:00,22.8,80,19.2,0.0,61,0.0,15.5,90,-15.5,-9.491012693391988e-16
2022-11-05 21:00:00,22.5,82,19.2,0.3,62,0.0,15.9,93,-15.878209602597725,0.8321417042628071
2022-11-05 22:00:00,22.4,82,19.3,0.1,52,0.0,14.8,89,-14.79774588831459,-0.2582956152717973
2022-11-05 23:00:00,22.4,83,19.3,0.1,47,0.0,11.9,85,-11.854716907291772,-1.037153338697132
2022-11-06 00:00:00,22.3,83,19.4,0.1,44,0.0,11.5,86,-11.47198657798798,-0.8021994480574401
2022-11-06 01:00:00,22.3,84,19.5,0.1,41,0.0,10.1,86,-10.075396907624224,-0.7045403848156648
2022-11-06 02:00:00,22.2,85,19.5,0.0,40,0.0,10.1,96,-10.04467114321956,1.055737479003301
2022-11-06 03:00:00,21.8,84,19.1,0.0,47,0.0,10.9,96,-10.84028865951418,1.1393602496174238
2022-11-06 04:00:00,21.7,85,19.0,0.1,33,0.0,11.9,92,-11.89275084152724,0.4153040107597613
2022-11-06 05:00:00,21.8,84,19.0,0.0,45,0.0,11.9,90,-11.9,-7.286648454926752e-16
2022-11-06 06:00:00,21.7,85,19.1,0.0,32,0.0,13.3,93,-13.281772812235833,0.6960682180311532
2022-11-06 07:00:00,21.9,86,19.4,0.0,22,16.0,13.7,88,-13.691654330161612,-0.4781231048242648
2022-11-06 08:00:00,22.8,82,19.5,0.0,41,92.0,14.0,90,-14.0,-8.572527594031472e-16
2022-11-06 09:00:00,23.9,76,19.5,0.0,39,242.0,15.5,94,-15.462242779027276,1.081225343033943
2022-11-06 10:00:00,25.0,71,19.5,0.0,43,402.0,15.2,94,-15.162973563949327,1.060298400910705
2022-11-06 11:00:00,25.6,69,19.6,0.0,40,429.0,14.4,94,-14.36492232374147,1.0044932219154048
2022-11-06 12:00:00,26.2,67,19.6,0.0,28,490.0,13.8,97,-13.697136892650246,1.6817969389910337
2022-11-06 13:00:00,26.3,67,19.6,0.0,24,347.0,14.6,99,-14.420249772689012,2.2839431895873696
2022-11-06 14:00:00,26.4,66,19.6,0.0,31,389.0,15.5,95,-15.441017820422056,1.3509140125887027
2022-11-06 15:00:00,26.1,69,20.0,0.0,33,293.0,16.7,96,-16.608515652650162,1.7456253365698142
2022-11-06 16:00:00,25.4,71,19.9,0.0,61,157.0,18.0,93,-17.975331625582328,0.9420472123729892
2022-11-06 17:00:00,24.5,75,19.9,0.0,65,41.0,16.9,90,-16.9,-1.0348265452795137e-15
2022-11-06 18:00:00,23.7,79,19.9,0.0,62,0.0,15.9,86,-15.861268399131204,-1.1091279325315913
2022-11-06 19:00:00,23.3,82,20.0,0.0,40,0.0,15.1,93,-15.079305974794064,0.790272939268452
2022-11-06 20:00:00,23.1,83,20.0,0.0,55,0.0,14.8,94,-14.763947943845398,1.032395811413055
2022-11-06 21:00:00,23.0,83,20.0,0.0,47,0.0,15.5,94,-15.462242779027276,1.081225343033943
2022-11-06 22:00:00,22.8,84,20.0,0.0,56,0.0,16.2,94,-16.16053761420915,1.1300548746548302
2022-11-06 23:00:00,22.6,85,20.0,0.0,52,0.0,16.2,91,-16.197532661533536,0.2827289842839923
2022-11-07 00:00:00,22.5,86,20.0,0.0,49,0.0,15.1,87,-15.079305974794064,-0.7902729392684539
2022-11-07 01:00:00,22.3,87,20.0,0.0,43,0.0,12.3,85,-12.253194786528471,-1.0720156357961952
2022-11-07 02:00:00,22.3,88,20.1,0.0,36,0.0,10.1,88,-10.093847352892867,-0.3524849166952609
2022-11-07 03:00:00,21.9,89,20.0,0.0,26,0.0,9.4,92,-9.3942737739795,0.328055269003509
2022-11-07 04:00:00,21.6,91,20.1,0.0,28,0.0,10.5,96,-10.44247990136687,1.0975488643103624
2022-11-07 05:00:00,21.6,92,20.3,0.0,26,0.0,11.6,95,-11.555858497864248,1.0110066158728357
2022-11-07 06:00:00,21.6,93,20.3,0.0,26,0.0,10.5,98,-10.397814721786489,1.4613175600806865
2022-11-07 07:00:00,22.0,91,20.5,0.0,21,17.0,11.3,99,-11.160878248725057,1.7677094549546084
2022-11-07 08:00:00,23.4,84,20.6,0.0,25,113.0,11.6,95,-11.555858497864248,1.0110066158728357
2022-11-07 09:00:00,24.6,78,20.5,0.0,21,205.0,10.8,88,-10.793420931806237,-0.3769145643870117
2022-11-07 10:00:00,25.8,72,20.4,0.0,15,406.0,9.7,92,-9.694091022085228,0.3385251180142592
2022-11-07 11:00:00,26.5,69,20.4,0.0,25,468.0,9.6,103,-9.35395262193826,2.159530121701104
2022-11-07 12:00:00,26.8,69,20.6,0.1,26,604.0,10.0,103,-9.743700647852352,2.2495105434386504
2022-11-07 13:00:00,26.7,70,20.8,0.0,21,351.0,10.1,107,-9.65867803522666,2.95295421769964
2022-11-07 14:00:00,26.6,71,20.9,0.0,25,339.0,11.3,99,-11.160878248725057,1.7677094549546084
2022-11-07 15:00:00,26.6,71,20.9,0.0,35,229.0,11.9,93,-11.88369146357943,0.6227978792910317
2022-11-07 16:00:00,26.2,73,20.9,0.0,27,142.0,11.5,88,-11.4929945107196,-0.4013442120787624
2022-11-07 17:00:00,25.6,76,21.1,0.0,26,44.0,9.4,92,-9.3942737739795,0.328055269003509
2022-11-07 18:00:00,24.7,81,21.3,0.0,14,0.0,8.4,97,-8.337387673787106,1.023702484603238
2022-11-07 19:00:00,24.2,84,21.4,0.0,8,0.0,9.1,108,-8.654614298285898,2.812054648812021
2022-11-07 20:00:00,23.8,87,21.5,0.0,10,0.0,9.7,112,-8.993683389297837,3.633683956134347
2022-11-07 21:00:00,23.6,89,21.6,0.0,27,0.0,8.1,103,-7.892397524760405,1.8221035401853067
2022-11-07 22:00:00,23.3,90,21.6,0.0,33,0.0,7.6,98,-7.5260373224359345,1.0577155672964966
2022-11-07 23:00:00,23.0,92,21.6,0.0,33,0.0,7.4,104,-7.180188374442374,1.7902220274375418
2022-11-08 00:00:00,22.8,93,21.6,0.0,25,0.0,7.2,84,-7.160557646651568,-0.752604935527105
2022-11-08 01:00:00,22.6,94,21.6,0.0,26,0.0,6.9,81,-6.815049550106451,-1.0793978087775935
2022-11-08 02:00:00,22.5,94,21.5,0.0,57,0.0,6.5,93,-6.49109197590473,0.3401837155791349
2022-11-08 03:00:00,22.4,94,21.4,0.2,39,0.0,7.2,90,-7.2,-4.4087284769304716e-16
2022-11-08 04:00:00,22.5,94,21.5,0.3,31,0.0,8.7,85,-8.666893873398186,-0.7582549619046257
2022-11-08 05:00:00,22.5,94,21.4,0.0,29,0.0,7.8,77,-7.600086505324834,-1.7546182238821464
2022-11-08 06:00:00,22.4,92,21.0,0.0,41,0.0,8.3,72,-7.893769085249775,-2.564841053312064
2022-11-08 07:00:00,22.6,91,21.0,0.1,31,8.0,8.2,75,-7.92059177557036,-2.12231616984067
2022-11-08 08:00:00,23.6,86,21.2,0.0,27,88.0,11.9,95,-11.854716907291772,1.037153338697133
2022-11-08 09:00:00,24.6,82,21.4,0.0,20,162.0,14.8,93,-14.779717114367694,0.7745721523955689
2022-11-08 10:00:00,25.5,76,21.0,0.1,25,237.0,15.8,89,-15.797593583470984,-0.2757480217090808
2022-11-08 11:00:00,26.1,72,20.8,0.0,20,381.0,15.5,93,-15.478757788695894,0.8112073217656296
2022-11-08 12:00:00,26.6,71,20.8,0.1,17,409.0,16.7,97,-16.575520732410077,2.0352180348659608
2022-11-08 13:00:00,26.7,71,21.0,0.2,14,358.0,19.9,96,-19.79098571782864,2.080116419026305
2022-11-08 14:00:00,26.4,73,21.2,0.0,18,194.0,20.6,85,-20.52161078068996,-1.7954083006017578
2022-11-08 15:00:00,26.0,73,20.7,0.0,21,238.0,19.4,79,-19.04356735888468,-3.701694510304971
2022-11-08 16:00:00,25.4,75,20.6,0.0,30,128.0,16.4,71,-15.506504639828792,-5.339317733097371
2022-11-08 17:00:00,24.7,79,20.8,0.0,28,37.0,12.6,70,-11.840127021902443,-4.309453805903427
2022-11-08 18:00:00,24.1,82,20.9,0.0,27,0.0,11.2,84,-11.13864522812466,-1.1707187885977186
2022-11-08 19:00:00,23.8,85,21.1,0.0,26,0.0,11.5,90,-11.5,-7.041719095097281e-16
2022-11-08 20:00:00,23.4,88,21.2,0.0,36,0.0,13.0,90,-13.0,-7.960204194457795e-16
2022-11-08 21:00:00,23.1,90,21.4,0.0,22,0.0,9.8,84,-9.746314574609078,-1.024378940023004
2022-11-08 22:00:00,22.7,93,21.5,0.0,28,0.0,8.0,82,-7.922144549932563,-1.1133848076805235
2022-11-08 23:00:00,22.4,95,21.5,0.0,18,0.0,7.9,93,-7.889173324561134,0.4134540543192563
2022-11-09 00:00:00,22.3,96,21.6,0.0,15,0.0,8.3,95,-8.268415994161488,0.7233926648055634
2022-11-09 01:00:00,22.1,97,21.5,0.0,20,0.0,9.1,97,-9.03216997993603,1.109011024986841
2022-11-09 02:00:00,21.9,97,21.4,0.0,15,0.0,9.0,92,-8.994517443171862,0.3140954703225086
2022-11-09 03:00:00,21.7,97,21.2,0.0,29,0.0,8.3,88,-8.294943864258496,-0.289665822630759
2022-11-09 04:00:00,21.6,98,21.2,0.0,47,0.0,8.3,88,-8.294943864258496,-0.289665822630759
2022-11-09 05:00:00,21.4,98,21.1,0.0,45,0.0,9.0,90,-9.0,-5.51091059616309e-16
2022-11-09 06:00:00,21.4,98,21.1,0.0,35,0.0,8.8,78,-8.60769888645749,-1.8296228791962836
2022-11-09 07:00:00,21.9,96,21.2,0.0,24,11.0,8.2,75,-7.92059177557036,-2.12231616984067
2022-11-09 08:00:00,23.4,89,21.4,0.0,15,75.0,5.4,90,-5.4,-3.306546357697853e-16
2022-11-09 09:00:00,25.0,80,21.4,0.0,10,250.0,5.5,113,-5.062776693988422,2.149021206691006
2022-11-09 10:00:00,26.4,74,21.3,0.0,6,447.0,5.4,138,-3.613305274337835,4.012982057577928
2022-11-09 11:00:00,27.1,71,21.4,0.0,13,523.0,5.8,150,-2.8999999999999995,5.022947341949744
2022-11-09 12:00:00,27.4,71,21.7,0.0,17,464.0,7.2,143,-4.333068166694747,5.750175672340509
2022-11-09 13:00:00,27.5,71,21.9,0.0,14,457.0,7.7,131,-5.811263767715346,5.0516545232269054
2022-11-09 14:00:00,27.5,72,21.9,0.0,13,399.0,7.4,119,-6.47218583283153,3.587591189822894
2022-11-09 15:00:00,26.8,75,22.1,0.0,13,260.0,8.1,111,-7.562001454627333,2.902780391316932
2022-11-09 16:00:00,26.5,76,22.0,0.0,8,144.0,8.7,107,-8.31985137687841,2.5436338310878086
2022-11-09 17:00:00,25.7,80,22.1,0.0,11,31.0,9.2,101,-9.030970087718508,1.755442757464212
2022-11-09 18:00:00,24.9,84,22.1,0.0,7,0.0,13.0,104,-12.613844441587954,3.144984642795681
2022-11-09 19:00:00,24.3,88,22.2,0.0,5,0.0,12.7,105,-12.267257993871167,3.2870018728020147
2022-11-09 20:00:00,23.9,90,22.2,0.0,5,0.0,8.7,97,-8.635151519279502,1.060263287624782
2022-11-09 21:00:00,23.7,92,22.3,0.0,11,0.0,7.3,101,-7.165878439167947,1.392905666248777
2022-11-09 22:00:00,23.4,94,22.4,0.0,7,0.0,6.8,108,-6.467184310807045,2.101315561749642
2022-11-09 23:00:00,23.3,95,22.4,0.0,29,0.0,7.3,110,-6.859756131737131,2.496747046277381
2022-11-10 00:00:00,23.0,96,22.3,0.0,26,0.0,7.0,102,-6.84703320513664,1.4553818357243151
2022-11-10 01:00:00,23.0,96,22.3,0.0,27,0.0,6.2,97,-6.153786140176197,0.7555899291119137
2022-11-10 02:00:00,22.9,96,22.3,0.0,38,0.0,5.8,97,-5.756767679519668,0.7068421917498547
2022-11-10 03:00:00,22.2,98,21.9,0.0,37,0.0,6.2,100,-6.10580806867569,1.076618701534968
2022-11-10 04:00:00,22.2,98,21.8,0.0,33,0.0,6.2,100,-6.10580806867569,1.076618701534968
2022-11-10 05:00:00,22.1,98,21.8,0.0,59,0.0,5.9,101,-5.791600382341218,1.1257730727216144
2022-11-10 06:00:00,22.1,98,21.8,0.0,46,0.0,8.3,108,-7.893769085249776,2.564841053312063
2022-11-10 07:00:00,22.5,98,22.1,0.0,53,15.0,9.0,90,-9.0,-5.51091059616309e-16
2022-11-10 08:00:00,23.9,92,22.5,0.0,18,96.0,7.9,93,-7.889173324561134,0.4134540543192563
2022-11-10 09:00:00,25.2,84,22.4,0.0,3,242.0,8.0,108,-7.608452130361229,2.4721359549995787
2022-11-10 10:00:00,26.2,80,22.4,0.0,1,409.0,9.0,113,-8.284543681071963,3.5165801564034647
2022-11-10 11:00:00,27.1,76,22.4,0.0,0,561.0,9.8,114,-8.95274548489749,3.986019102142843
2022-11-10 12:00:00,27.4,74,22.4,0.0,0,527.0,10.6,114,-9.683581851011567,4.3114084166034825
2022-11-10 13:00:00,27.8,72,22.2,0.0,2,556.0,12.6,117,-11.226682204773436,5.720280296718289
2022-11-10 14:00:00,27.8,71,22.1,0.0,4,430.0,14.0,113,-12.887067948334163,5.470235798849833
2022-11-10 15:00:00,27.7,75,22.9,0.0,7,319.0,13.9,100,-13.688827766869691,2.413709669570331
2022-11-10 16:00:00,27.2,77,22.9,0.0,11,163.0,11.9,95,-11.854716907291772,1.037153338697133
2022-11-10 17:00:00,26.3,82,23.0,0.0,7,51.0,9.2,101,-9.030970087718508,1.755442757464212
2022-11-10 18:00:00,25.2,88,23.0,0.0,6,0.0,11.7,108,-11.127361240653295,3.615498834186884
2022-11-10 19:00:00,24.5,91,22.9,0.0,4,0.0,10.9,99,-10.765802912487002,1.705135668938516
2022-11-10 20:00:00,24.1,93,22.9,0.0,11,0.0,8.3,92,-8.294943864258496,0.2896658226307579
2022-11-10 21:00:00,23.7,95,22.8,0.0,9,0.0,8.3,92,-8.294943864258496,0.2896658226307579
2022-11-10 22:00:00,23.5,96,22.8,0.0,17,0.0,7.6,93,-7.589584464134761,0.3977532674463732
2022-11-10 23:00:00,23.4,96,22.7,0.0,20,0.0,5.6,105,-5.409184627218783,1.4493866525741166
2022-11-11 00:00:00,23.2,96,22.6,0.0,18,0.0,5.3,118,-4.679622242152313,2.4881992827652217
2022-11-11 01:00:00,23.2,96,22.6,0.0,14,0.0,5.2,124,-4.3109953772862175,2.907803098047883
2022-11-11 02:00:00,23.2,96,22.6,0.0,15,0.0,5.7,125,-4.669166652447252,3.269385687200963
2022-11-11 03:00:00,23.1,97,22.5,0.0,11,0.0,6.5,124,-5.388744221607771,3.6347538725598536
2022-11-11 04:00:00,22.8,98,22.5,0.0,37,0.0,6.1,118,-5.385980316439453,2.8637765329939344
2022-11-11 05:00:00,22.8,98,22.5,0.0,42,0.0,6.0,115,-5.4378467222199,2.535709570444196
2022-11-11 06:00:00,22.6,98,22.3,0.0,54,0.0,6.4,117,-5.702441754805555,2.9055391983331
2022-11-11 07:00:00,22.9,97,22.5,0.0,52,9.0,6.0,107,-5.737828535778213,1.75423022833642
2022-11-11 08:00:00,24.1,90,22.4,0.0,50,74.0,4.2,121,-3.600102662948872,2.163159914622228
2022-11-11 09:00:00,25.4,84,22.4,0.0,38,262.0,3.3,139,-2.1649947956686737,2.490541614735148
2022-11-11 10:00:00,26.4,79,22.5,0.0,29,391.0,4.8,132,-3.5670951622914924,3.2118269105225195
2022-11-11 11:00:00,27.1,76,22.5,0.0,29,512.0,6.8,122,-5.766727053863697,3.6034509967857926
2022-11-11 12:00:00,27.6,74,22.4,0.0,28,528.0,8.5,118,-7.505054539300878,3.990508283680073
2022-11-11 13:00:00,27.9,72,22.3,0.0,17,531.0,9.7,112,-8.993683389297837,3.633683956134347
2022-11-11 14:00:00,27.9,71,22.2,0.0,20,437.0,11.2,105,-10.818369254437563,2.898773305148233
2022-11-11 15:00:00,27.9,72,22.3,0.0,13,312.0,11.3,99,-11.160878248725057,1.7677094549546084
2022-11-11 16:00:00,27.5,73,22.3,0.0,21,183.0,11.6,95,-11.555858497864248,1.0110066158728357
2022-11-11 17:00:00,26.6,78,22.5,0.0,23,42.0,10.6,100,-10.438962181929403,1.8406706832694613
2022-11-11 18:00:00,25.6,84,22.7,0.0,35,0.0,13.8,96,-13.724402156082173,1.442492793093619
2022-11-11 19:00:00,25.0,88,22.8,0.0,41,0.0,13.0,93,-12.98218395180946,0.6803674311582699
2022-11-11 20:00:00,24.5,91,22.9,0.0,22,0.0,11.5,94,-11.47198657798798,0.8021994480574413
2022-11-11 21:00:00,24.1,94,23.0,0.0,23,0.0,9.7,92,-9.694091022085228,0.3385251180142592
2022-11-11 22:00:00,23.8,95,23.0,0.0,19,0.0,8.3,92,-8.294943864258496,0.2896658226307579
2022-11-11 23:00:00,23.4,97,22.9,0.0,20,0.0,7.2,90,-7.2,-4.4087284769304716e-16
2022-11-12 00:00:00,23.0,99,22.8,0.0,16,0.0,6.5,87,-6.49109197590473,-0.3401837155791358
2022-11-12 01:00:00,22.8,99,22.7,0.0,46,0.0,6.5,87,-6.49109197590473,-0.3401837155791358
2022-11-12 02:00:00,22.8,100,22.7,0.0,88,0.0,7.9,93,-7.889173324561134,0.4134540543192563
2022-11-12 03:00:00,22.8,98,22.5,0.0,88,0.0,9.0,92,-8.994517443171862,0.3140954703225086
2022-11-12 04:00:00,22.7,99,22.5,0.0,92,0.0,8.6,88,-8.594761112364223,-0.3001356716415093
2022-11-12 05:00:00,22.5,99,22.4,0.0,90,0.0,7.6,87,-7.589584464134761,-0.3977532674463741
2022-11-12 06:00:00,22.7,98,22.4,0.0,72,0.0,8.3,95,-8.268415994161488,0.7233926648055634
2022-11-12 07:00:00,22.9,98,22.6,0.0,59,8.0,7.7,101,-7.558529312547013,1.469229264399395
2022-11-12 08:00:00,24.3,92,22.9,0.0,20,63.0,6.3,114,-5.755336383148386,2.5624408513775414
2022-11-12 09:00:00,25.9,84,22.9,0.0,2,221.0,6.3,114,-5.755336383148386,2.5624408513775414
2022-11-12 10:00:00,26.9,79,22.9,0.0,5,301.0,7.9,120,-6.841600689897066,3.9499999999999984
2022-11-12 11:00:00,27.7,75,22.9,0.0,5,473.0,10.3,115,-9.334970206477497,4.352968095929203
2022-11-12 12:00:00,28.3,72,22.7,0.0,11,491.0,11.8,110,-11.08837292527372,4.035837691242891
2022-11-12 13:00:00,28.6,70,22.6,0.0,4,549.0,12.0,106,-11.535140351259829,3.3076482698039884
2022-11-12 14:00:00,28.6,71,22.7,0.0,4,430.0,12.3,105,-11.88088766335554,3.1834742547610064
2022-11-12 15:00:00,28.2,74,23.1,0.0,1,314.0,12.0,106,-11.535140351259829,3.3076482698039884
2022-11-12 16:00:00,27.6,77,23.1,0.0,1,202.0,12.4,107,-11.85817897394164,3.625409138561935
2022-11-12 17:00:00,26.6,82,23.2,0.0,2,47.0,10.4,104,-10.091075553270365,2.515987714236545
2022-11-12 18:00:00,25.5,87,23.2,0.0,1,0.0,9.8,96,-9.746314574609078,1.024378940023005
2022-11-12 19:00:00,24.8,91,23.2,0.0,5,0.0,7.2,93,-7.190132650232932,0.3768188849491957
2022-11-12 20:00:00,24.2,94,23.1,0.0,2,0.0,7.5,107,-7.172285669722767,2.192787785420525
2022-11-12 21:00:00,23.4,97,22.9,0.0,22,0.0,5.6,117,-4.98963653545486,2.5423467985414616
2022-11-12 22:00:00,22.7,99,22.6,0.0,58,0.0,4.7,113,-4.326372811226469,1.836436303899587
2022-11-12 23:00:00,22.4,99,22.3,0.0,75,0.0,4.4,99,-4.345828698618607,0.6883116461770157
2022-11-13 00:00:00,22.2,100,22.2,0.0,76,0.0,4.4,81,-4.345828698618607,-0.6883116461770161
2022-11-13 01:00:00,22.3,99,22.2,0.0,85,0.0,4.3,85,-4.283637201794505,-0.3747696938149299
2022-11-13 02:00:00,22.5,99,22.4,0.0,86,0.0,5.8,90,-5.8,-3.5514757175273243e-16
2022-11-13 03:00:00,22.4,99,22.3,0.0,90,0.0,6.5,90,-6.5,-3.980102097228897e-16
2022-11-13 04:00:00,22.5,99,22.4,0.0,90,0.0,7.6,93,-7.589584464134761,0.3977532674463732
2022-11-13 05:00:00,22.7,99,22.5,0.0,90,0.0,8.0,95,-7.969557584733964,0.6972459419812659
2022-11-13 06:00:00,22.7,99,22.6,0.0,76,0.0,10.0,105,-9.659258262890685,2.5881904510252083
2022-11-13 07:00:00,23.0,98,22.7,0.0,58,8.0,10.9,99,-10.765802912487002,1.705135668938516
2022-11-13 08:00:00,24.1,92,22.6,0.0,36,59.0,12.3,93,-12.283143277481258,0.6437322617882093
2022-11-13 09:00:00,25.2,86,22.7,0.0,35,179.0,11.2,92,-11.193177262613872,0.3908743630680106
2022-11-13 10:00:00,26.4,79,22.5,0.0,17,354.0,11.2,96,-11.13864522812466,1.1707187885977195
2022-11-13 11:00:00,27.5,73,22.3,0.0,8,500.0,11.6,97,-11.513535359039336,1.4136843834997097
2022-11-13 12:00:00,28.3,68,21.9,0.0,0,616.0,12.7,98,-12.576404473017943,1.7674983821928298
2022-11-13 13:00:00,28.7,66,21.6,0.0,0,600.0,14.0,102,-13.69406641027328,2.9107636714486307
2022-11-13 14:00:00,28.6,65,21.4,0.0,3,523.0,14.6,100,-14.378193193978236,2.5352633939371825
2022-11-13 15:00:00,28.0,67,21.4,0.0,3,359.0,14.9,97,-14.7889376594557,1.815853216736696
2022-11-13 16:00:00,27.3,71,21.6,0.0,0,196.0,13.4,96,-13.326593397934865,1.4006814077865577
2022-11-13 17:00:00,26.3,77,21.9,0.0,0,53.0,10.2,100,-10.04503908072452,1.771211412202689
2022-11-13 18:00:00,25.1,83,22.0,0.0,1,0.0,10.2,100,-10.04503908072452,1.771211412202689
2022-11-13 19:00:00,24.3,88,22.2,0.0,0,0.0,9.0,92,-8.994517443171862,0.3140954703225086
2022-11-13 20:00:00,23.8,91,22.3,0.0,3,0.0,8.6,92,-8.594761112364223,0.3001356716415082
2022-11-13 21:00:00,23.4,93,22.3,0.0,5,0.0,8.0,98,-7.922144549932563,1.1133848076805228
2022-11-13 22:00:00,23.2,95,22.3,0.0,7,0.0,7.7,101,-7.558529312547013,1.469229264399395
2022-11-13 23:00:00,23.0,95,22.1,0.0,5,0.0,8.1,103,-7.892397524760405,1.8221035401853067
2022-11-14 00:00:00,22.9,95,22.0,0.0,19,0.0,7.6,95,-7.571079705497266,0.6623836448822026
2022-11-14 01:00:00,22.8,95,21.9,0.0,31,0.0,8.0,85,-7.969557584733964,-0.6972459419812651
2022-11-14 02:00:00,22.7,95,21.9,0.0,61,0.0,7.7,79,-7.558529312547013,-1.4692292643993958
2022-11-14 03:00:00,22.1,99,21.9,0.0,55,0.0,7.6,85,-7.571079705497266,-0.6623836448822018
2022-11-14 04:00:00,21.8,99,21.6,0.0,34,0.0,8.8,99,-8.691657397237213,1.3766232923540314
2022-11-14 05:00:00,21.8,99,21.6,0.0,79,0.0,7.6,93,-7.589584464134761,0.3977532674463732
2022-11-14 06:00:00,21.8,98,21.5,0.0,46,0.0,8.7,97,-8.635151519279502,1.060263287624782
2022-11-14 07:00:00,22.0,98,21.6,0.0,21,10.0,9.4,86,-9.377102072442348,-0.6557108531947772
2022-11-14 08:00:00,23.5,91,22.0,0.0,5,91.0,8.6,90,-8.6,-5.265981236333618e-16
2022-11-14 09:00:00,25.1,84,22.2,0.0,2,248.0,10.5,94,-10.474422527728152,0.732442974313316
2022-11-14 10:00:00,26.2,79,22.3,0.0,3,372.0,10.5,94,-10.474422527728152,0.732442974313316
2022-11-14 11:00:00,27.1,76,22.4,0.0,2,484.0,10.2,98,-10.100734301164016,1.4195656297926664
2022-11-14 12:00:00,27.8,72,22.2,0.1,5,553.0,9.8,107,-9.371786608437748,2.86524270628282
2022-11-14 13:00:00,28.1,70,22.2,0.0,9,547.0,9.5,115,-8.609923976848176,4.014873486536644
2022-11-14 14:00:00,27.9,71,22.0,0.0,6,405.0,9.1,108,-8.654614298285898,2.812054648812021
2022-11-14 15:00:00,27.5,70,21.5,0.0,19,261.0,7.9,93,-7.889173324561134,0.4134540543192563
2022-11-14 16:00:00,27.1,71,21.5,0.0,14,161.0,7.6,87,-7.589584464134761,-0.3977532674463741
2022-11-14 17:00:00,26.4,74,21.4,0.0,12,42.0,8.0,98,-7.922144549932563,1.1133848076805228
2022-11-14 18:00:00,25.5,79,21.5,0.0,7,0.0,10.0,103,-9.743700647852352,2.2495105434386504
2022-11-14 19:00:00,24.5,84,21.6,0.0,7,0.0,11.9,95,-11.854716907291772,1.037153338697133
2022-11-14 20:00:00,23.9,87,21.5,0.0,7,0.0,11.9,90,-11.9,-7.286648454926752e-16
2022-11-14 21:00:00,23.5,88,21.4,0.0,9,0.0,10.8,88,-10.793420931806237,-0.3769145643870117
2022-11-14 22:00:00,23.2,90,21.4,0.0,6,0.0,9.7,88,-9.694091022085228,-0.3385251180142604
2022-11-14 23:00:00,22.8,92,21.4,0.0,5,0.0,8.3,90,-8.3,-5.082284216461516e-16
2022-11-15 00:00:00,22.6,93,21.4,0.0,6,0.0,7.2,96,-7.160557646651568,0.7526049355271056
2022-11-15 01:00:00,22.4,94,21.4,0.0,5,0.0,6.9,96,-6.862201078041086,0.7212463965468096
2022-11-15 02:00:00,22.2,95,21.3,0.0,28,0.0,6.5,90,-6.5,-3.980102097228897e-16
2022-11-15 03:00:00,21.6,98,21.3,0.0,77,0.0,6.1,87,-6.0916401620029,-0.3192493330819582
2022-11-15 04:00:00,21.6,98,21.3,0.0,81,0.0,5.9,79,-5.791600382341218,-1.125773072721615
2022-11-15 05:00:00,21.6,98,21.3,0.0,41,0.0,5.2,78,-5.086367523815789,-1.0811407922523493
2022-11-15 06:00:00,21.8,97,21.3,0.0,33,0.0,7.2,93,-7.190132650232932,0.3768188849491957
2022-11-15 07:00:00,22.0,96,21.4,0.0,30,12.0,6.8,90,-6.8,-4.1637991171010006e-16
2022-11-15 08:00:00,23.7,89,21.8,0.0,8,110.0,5.8,94,-5.78587149150698,0.4045875477159269
2022-11-15 09:00:00,25.2,82,21.9,0.0,10,273.0,5.8,90,-5.8,-3.5514757175273243e-16
2022-11-15 10:00:00,26.0,79,22.0,0.0,5,339.0,4.7,86,-4.688551036221174,-0.3278554265973886
2022-11-15 11:00:00,26.6,75,21.7,0.0,5,437.0,3.3,103,-3.2154212137912763,0.7423384793347546
2022-11-15 12:00:00,27.1,71,21.5,0.0,2,424.0,3.3,139,-2.1649947956686737,2.490541614735148
2022-11-15 13:00:00,27.4,70,21.5,0.0,0,389.0,6.2,144,-3.644268564213334,5.015905365124674
2022-11-15 14:00:00,27.5,70,21.5,0.0,1,347.0,11.0,128,-8.668118289673941,6.772276228582241
2022-11-15 15:00:00,27.3,72,21.7,0.0,20,339.0,14.7,112,-13.629602662131774,5.506716923213907
2022-11-15 16:00:00,26.6,74,21.6,0.0,11,183.0,15.6,98,-15.448181872368496,2.17110037497702
2022-11-15 17:00:00,25.5,79,21.6,0.0,11,45.0,13.4,95,-13.34900895442939,1.1678869528186204
2022-11-15 18:00:00,24.2,85,21.5,0.0,22,0.0,14.5,96,-14.420567482839962,1.5156627173809765
2022-11-15 19:00:00,23.6,87,21.4,0.0,16,0.0,14.1,87,-14.080676440039491,-0.7379369830255099
2022-11-15 20:00:00,23.1,89,21.3,0.0,23,0.0,13.4,84,-13.326593397934865,-1.4006814077865564
2022-11-15 21:00:00,22.8,91,21.2,0.0,21,0.0,11.9,85,-11.854716907291772,-1.037153338697132
2022-11-15 22:00:00,22.6,92,21.2,0.0,13,0.0,10.1,84,-10.04467114321956,-1.0557374790032998
2022-11-15 23:00:00,22.4,93,21.2,0.0,15,0.0,10.4,92,-10.393664600998596,0.3629547657060099
2022-11-16 00:00:00,22.2,94,21.2,0.0,10,0.0,11.2,92,-11.193177262613872,0.3908743630680106
2022-11-16 01:00:00,22.1,94,21.2,0.0,12,0.0,11.5,90,-11.5,-7.041719095097281e-16
2022-11-16 02:00:00,22.1,94,21.1,0.0,10,0.0,11.5,88,-11.4929945107196,-0.4013442120787624
2022-11-16 03:00:00,21.9,94,21.0,0.0,17,0.0,11.9,88,-11.89275084152724,-0.4153040107597628
2022-11-16 04:00:00,21.9,94,20.9,0.0,14,0.0,11.5,88,-11.4929945107196,-0.4013442120787624
2022-11-16 05:00:00,21.9,93,20.7,0.0,19,0.0,11.2,88,-11.193177262613872,-0.3908743630680121
2022-11-16 06:00:00,21.8,93,20.6,0.0,10,0.0,11.9,95,-11.854716907291772,1.037153338697133
2022-11-16 07:00:00,22.1,92,20.7,0.0,6,9.0,10.1,88,-10.093847352892867,-0.3524849166952609
2022-11-16 08:00:00,23.2,86,20.7,0.0,7,78.0,7.6,98,-7.5260373224359345,1.0577155672964966
2022-11-16 09:00:00,24.4,79,20.5,0.0,6,198.0,8.3,108,-7.893769085249776,2.564841053312063
2022-11-16 10:00:00,25.5,73,20.4,0.0,5,327.0,8.1,103,-7.892397524760405,1.8221035401853067
2022-11-16 11:00:00,26.5,69,20.5,0.0,6,510.0,8.4,110,-7.893418014601631,2.872969203935617
2022-11-16 12:00:00,27.0,68,20.6,0.0,8,534.0,10.0,116,-8.98794046299167,4.383711467890775
2022-11-16 13:00:00,27.2,68,20.7,0.0,12,457.0,11.5,110,-10.806465139037948,3.93323164824519
2022-11-16 14:00:00,27.2,67,20.6,0.0,16,439.0,11.4,101,-11.19054989130337,2.175222547292611
2022-11-16 15:00:00,27.0,67,20.4,0.0,18,262.0,10.0,103,-9.743700647852352,2.2495105434386504
2022-11-16 16:00:00,26.6,69,20.4,0.0,30,160.0,10.1,107,-9.65867803522666,2.95295421769964
2022-11-16 17:00:00,25.8,73,20.6,0.0,41,32.0,9.6,103,-9.35395262193826,2.159530121701104
2022-11-16 18:00:00,25.0,78,20.9,0.0,27,0.0,11.4,103,-11.107818738551682,2.564442019520061
2022-11-16 19:00:00,24.3,82,21.1,0.0,39,0.0,11.2,90,-11.2,-6.858022075225179e-16
2022-11-16 20:00:00,23.5,87,21.2,0.0,37,0.0,8.7,83,-8.6351515192795,-1.060263287624783
2022-11-16 21:00:00,23.2,89,21.3,0.0,41,0.0,7.2,90,-7.2,-4.4087284769304716e-16
2022-11-16 22:00:00,22.9,92,21.4,0.0,43,0.0,6.7,106,-6.440453362786736,1.8467702839738935
2022-11-16 23:00:00,22.6,94,21.5,0.0,44,0.0,5.8,112,-5.377666356487367,2.17271824181229
2022-11-17 00:00:00,22.4,94,21.5,0.0,42,0.0,6.5,109,-6.14587074139556,2.116193003971518
2022-11-17 01:00:00,22.3,95,21.5,0.0,44,0.0,7.8,103,-7.600086505324834,1.7546182238821473
2022-11-17 02:00:00,22.1,96,21.4,0.0,41,0.0,9.1,97,-9.03216997993603,1.109011024986841
2022-11-17 03:00:00,22.2,95,21.4,0.0,47,0.0,10.5,94,-10.474422527728152,0.732442974313316
2022-11-17 04:00:00,22.0,96,21.3,0.0,35,0.0,11.9,92,-11.89275084152724,0.4153040107597613
2022-11-17 05:00:00,22.0,95,21.2,0.0,41,0.0,11.9,87,-11.88369146357943,-0.6227978792910333
2022-11-17 06:00:00,21.9,95,21.0,0.0,32,0.0,10.8,86,-10.773691742806102,-0.7533699164365526
2022-11-17 07:00:00,22.1,94,21.1,0.0,27,10.0,9.7,94,-9.676371287520292,0.6766377953180156
2022-11-17 08:00:00,23.4,88,21.3,0.0,22,100.0,9.6,103,-9.35395262193826,2.159530121701104
2022-11-17 09:00:00,24.6,81,21.1,0.0,14,200.0,10.5,106,-10.093247807352348,2.89419223607849
2022-11-17 10:00:00,25.7,75,20.8,0.0,4,352.0,11.7,108,-11.127361240653295,3.615498834186884
2022-11-17 11:00:00,26.6,69,20.4,0.0,8,484.0,13.9,107,-13.292636107886194,4.06396669564604
2022-11-17 12:00:00,27.0,66,20.2,0.0,8,525.0,14.8,104,-14.360376748884748,3.5804440548750835
2022-11-17 13:00:00,27.3,65,20.2,0.0,6,497.0,14.6,100,-14.378193193978236,2.5352633939371825
2022-11-17 14:00:00,27.3,65,20.2,0.0,10,377.0,14.2,97,-14.094155353306771,1.7305446763530925
2022-11-17 15:00:00,27.4,65,20.3,0.0,7,311.0,14.2,97,-14.094155353306771,1.7305446763530925
2022-11-17 16:00:00,27.0,67,20.3,0.0,3,182.0,12.7,98,-12.576404473017943,1.7674983821928298
2022-11-17 17:00:00,26.0,72,20.5,0.0,3,42.0,9.2,101,-9.030970087718508,1.755442757464212
2022-11-17 18:00:00,25.0,78,20.8,0.0,1,0.0,8.9,104,-8.635631963856369,2.1531048708370437
2022-11-17 19:00:00,24.2,82,21.0,0.0,1,0.0,8.7,97,-8.635151519279502,1.060263287624782
2022-11-17 20:00:00,23.5,87,21.1,0.0,0,0.0,9.9,100,-9.74959675482086,1.71911695890261
2022-11-17 21:00:00,23.0,90,21.3,0.0,2,0.0,9.4,97,-9.329933825428428,1.1455718280083853
2022-11-17 22:00:00,22.6,93,21.3,0.0,2,0.0,8.0,98,-7.922144549932563,1.1133848076805228
2022-11-17 23:00:00,22.0,96,21.3,0.0,5,0.0,6.8,93,-6.790680836331102,0.3558845024520181
2022-11-18 00:00:00,21.6,97,21.2,0.0,75,0.0,6.1,93,-6.0916401620029,0.3192493330819574
2022-11-18 01:00:00,21.4,98,21.1,0.0,74,0.0,6.8,90,-6.8,-4.1637991171010006e-16
2022-11-18 02:00:00,21.2,98,20.9,0.0,76,0.0,7.2,84,-7.160557646651568,-0.752604935527105
2022-11-18 03:00:00,21.3,98,21.0,0.0,77,0.0,7.3,81,-7.210124886344506,-1.1419715947936857
2022-11-18 04:00:00,21.2,99,21.0,0.0,32,0.0,6.8,87,-6.790680836331102,-0.3558845024520189
2022-11-18 05:00:00,21.1,99,20.9,0.0,30,0.0,6.9,96,-6.862201078041086,0.7212463965468096
2022-11-18 06:00:00,21.1,98,20.8,0.0,77,0.0,8.0,98,-7.922144549932563,1.1133848076805228
2022-11-18 07:00:00,21.5,97,21.1,0.0,35,7.0,9.7,94,-9.676371287520292,0.6766377953180156
2022-11-18 08:00:00,22.8,92,21.5,0.0,17,73.0,11.2,92,-11.193177262613872,0.3908743630680106
2022-11-18 09:00:00,25.0,80,21.4,0.0,7,267.0,14.4,89,-14.397806810252035,-0.2513146526968838
2022-11-18 10:00:00,26.4,73,21.1,0.0,5,406.0,15.1,87,-15.079305974794064,-0.7902729392684539
2022-11-18 11:00:00,27.5,67,20.9,0.0,1,537.0,14.8,91,-14.79774588831459,0.2582956152717954
2022-11-18 12:00:00,28.2,65,20.9,0.0,2,589.0,13.8,97,-13.697136892650246,1.6817969389910337
2022-11-18 13:00:00,28.4,64,21.0,0.0,1,592.0,14.1,105,-13.619554150675864,3.649348535945544
2022-11-18 14:00:00,28.4,64,21.0,0.0,1,485.0,14.4,103,-14.030928932907388,3.2392951825516567
2022-11-18 15:00:00,28.0,66,21.0,0.0,4,353.0,14.2,99,-14.025174436450955,2.221369403571277
2022-11-18 16:00:00,27.3,69,21.0,0.0,4,157.0,12.6,93,-12.58273213790763,0.6594330486610924
2022-11-18 17:00:00,26.5,73,21.2,0.0,9,40.0,8.7,97,-8.635151519279502,1.060263287624782
2022-11-18 18:00:00,25.2,80,21.5,0.0,8,0.0,11.1,103,-10.81550771911611,2.4969567032169016
2022-11-18 19:00:00,24.3,85,21.7,0.0,5,0.0,12.8,100,-12.605539238556265,2.222696674136708
2022-11-18 20:00:00,23.7,89,21.8,0.0,11,0.0,13.0,95,-12.950531075192693,1.1330246557195571
2022-11-18 21:00:00,23.5,90,21.8,0.0,8,0.0,11.5,92,-11.4929945107196,0.401344212078761
2022-11-18 22:00:00,23.2,92,21.9,0.0,17,0.0,10.4,92,-10.393664600998596,0.3629547657060099
2022-11-18 23:00:00,22.9,94,21.8,0.0,9,0.0,10.5,94,-10.474422527728152,0.732442974313316
2022-11-19 00:00:00,22.4,96,21.7,0.0,6,0.0,11.5,94,-11.47198657798798,0.8021994480574413
2022-11-19 01:00:00,21.9,98,21.6,0.0,7,0.0,11.9,90,-11.9,-7.286648454926752e-16
2022-11-19 02:00:00,21.7,99,21.5,0.0,8,0.0,11.2,88,-11.193177262613872,-0.3908743630680121
2022-11-19 03:00:00,21.7,98,21.4,0.0,6,0.0,10.8,88,-10.793420931806237,-0.3769145643870117
2022-11-19 04:00:00,21.7,98,21.3,0.0,8,0.0,10.8,90,-10.8,-6.613092715395707e-16
2022-11-19 05:00:00,21.6,98,21.3,0.0,10,0.0,10.4,92,-10.393664600998596,0.3629547657060099
2022-11-19 06:00:00,21.5,98,21.2,0.0,2,0.0,8.7,97,-8.635151519279502,1.060263287624782
2022-11-19 07:00:00,21.7,98,21.4,0.0,26,9.0,9.1,99,-8.987963899415753,1.4235536318661004
2022-11-19 08:00:00,22.9,94,21.8,0.0,8,67.0,6.6,103,-6.430842427582553,1.4846769586695092
2022-11-19 09:00:00,24.6,85,21.9,0.0,4,200.0,6.1,93,-6.0916401620029,0.3192493330819574
2022-11-19 10:00:00,26.2,76,21.7,0.0,2,414.0,5.1,98,-5.050367150582009,0.7097828148963332
2022-11-19 11:00:00,27.3,70,21.5,0.0,1,541.0,8.4,115,-7.612985411107861,3.5499933986218744
2022-11-19 12:00:00,27.9,68,21.5,0.0,1,595.0,13.7,113,-12.610916492298433,5.353016460303051
2022-11-19 13:00:00,27.9,68,21.5,0.0,1,558.0,16.7,104,-16.20393862880914,4.040095656514452
2022-11-19 14:00:00,27.9,68,21.4,0.0,3,428.0,18.2,98,-18.02287885109658,2.5329504374731893
2022-11-19 15:00:00,27.5,70,21.6,0.0,3,305.0,18.0,93,-17.975331625582328,0.9420472123729892
2022-11-19 16:00:00,27.0,71,21.4,0.0,3,187.0,15.1,91,-15.097700196861508,0.2635313372029805
2022-11-19 17:00:00,26.1,76,21.4,0.0,1,39.0,11.2,96,-11.13864522812466,1.1707187885977195
2022-11-19 18:00:00,25.0,81,21.5,0.0,0,0.0,13.7,95,-13.647867363856914,1.1940336756429175
2022-11-19 19:00:00,24.3,85,21.6,0.0,2,0.0,14.0,89,-13.997867732189478,-0.2443336901219703
2022-11-19 20:00:00,23.6,89,21.6,0.0,5,0.0,12.6,85,-12.552053195955994,-1.0981623586204925
2022-11-19 21:00:00,23.2,91,21.6,0.0,5,0.0,9.5,81,-9.38303923565381,-1.4861274178821935
2022-11-19 22:00:00,22.9,92,21.6,0.0,3,0.0,7.6,85,-7.571079705497266,-0.6623836448822018
2022-11-19 23:00:00,22.7,94,21.6,0.0,1,0.0,8.3,90,-8.3,-5.082284216461516e-16
2022-11-20 00:00:00,22.4,95,21.6,0.0,2,0.0,7.4,104,-7.180188374442374,1.7902220274375418
2022-11-20 01:00:00,22.4,95,21.6,0.0,6,0.0,7.4,104,-7.180188374442374,1.7902220274375418
2022-11-20 02:00:00,22.3,96,21.5,0.0,12,0.0,8.0,98,-7.922144549932563,1.1133848076805228
2022-11-20 03:00:00,22.2,95,21.4,0.0,19,0.0,9.4,92,-9.3942737739795,0.328055269003509
2022-11-20 04:00:00,22.2,95,21.3,0.0,30,0.0,9.4,88,-9.3942737739795,-0.3280552690035102
2022-11-20 05:00:00,22.2,94,21.2,0.0,32,0.0,9.0,85,-8.96575228282571,-0.7844016847289232
2022-11-20 06:00:00,22.1,94,21.1,0.0,43,0.0,10.1,84,-10.04467114321956,-1.0557374790032998
2022-11-20 07:00:00,22.4,93,21.1,0.0,28,6.0,10.9,82,-10.793921949283115,-1.5169868004647136
2022-11-20 08:00:00,23.8,86,21.2,0.0,14,102.0,9.7,92,-9.694091022085228,0.3385251180142592
2022-11-20 09:00:00,25.1,79,21.3,0.0,18,238.0,11.6,97,-11.513535359039336,1.4136843834997097
2022-11-20 10:00:00,26.2,74,21.2,0.0,20,411.0,13.0,95,-12.950531075192693,1.1330246557195571
2022-11-20 11:00:00,27.0,70,21.0,0.0,28,476.0,11.9,92,-11.89275084152724,0.4153040107597613
2022-11-20 12:00:00,27.6,66,20.7,0.0,30,516.0,10.9,98,-10.793921949283115,1.5169868004647125
2022-11-20 13:00:00,28.0,64,20.5,0.0,31,468.0,11.5,104,-11.15840085217396,2.7821017993961794
2022-11-20 14:00:00,28.1,63,20.4,0.0,31,424.0,12.6,103,-12.277062816293965,2.8343832847326995
2022-11-20 15:00:00,27.7,67,20.9,0.0,18,313.0,12.1,102,-11.835585968879048,2.515731458894888
2022-11-20 16:00:00,27.2,68,20.9,0.0,16,180.0,11.8,102,-11.542141688658909,2.4533579516495605
2022-11-20 17:00:00,26.3,73,21.0,0.0,7,34.0,9.3,103,-9.06164160250269,2.092044805397945
2022-11-20 18:00:00,25.5,77,21.2,0.0,14,0.0,8.0,100,-7.878462024097664,1.3891854213354424
2022-11-20 19:00:00,24.9,81,21.4,0.0,7,0.0,8.7,97,-8.635151519279502,1.060263287624782
2022-11-20 20:00:00,24.5,84,21.6,0.0,11,0.0,7.9,106,-7.59396739791272,2.1775351109542926
2022-11-20 21:00:00,24.0,87,21.7,0.0,15,0.0,7.2,108,-6.847606917325106,2.224922359499621
2022-11-20 22:00:00,23.6,90,21.9,0.0,9,0.0,8.1,103,-7.892397524760405,1.8221035401853067
2022-11-20 23:00:00,23.2,92,21.9,0.0,13,0.0,8.0,98,-7.922144549932563,1.1133848076805228
2022-11-21 00:00:00,23.0,93,21.8,0.0,19,0.0,7.6,95,-7.571079705497266,0.6623836448822026
2022-11-21 01:00:00,22.8,94,21.8,0.0,31,0.0,6.2,100,-6.10580806867569,1.076618701534968
2022-11-21 02:00:00,22.6,95,21.8,0.0,62,0.0,5.4,98,-5.34744757120448,0.7515347451843529
2022-11-21 03:00:00,22.7,95,21.9,0.1,68,0.0,6.1,90,-6.1,-3.735172737399427e-16
2022-11-21 04:00:00,22.7,95,21.9,0.1,75,0.0,5.8,94,-5.78587149150698,0.4045875477159269
2022-11-21 05:00:00,22.7,95,21.8,0.2,86,0.0,7.3,99,-7.210124886344506,1.1419715947936848
2022-11-21 06:00:00,22.7,95,21.9,0.0,50,0.0,9.1,108,-8.654614298285898,2.812054648812021
2022-11-21 07:00:00,22.8,95,22.0,0.0,41,5.0,9.8,96,-9.746314574609078,1.024378940023005
2022-11-21 08:00:00,23.7,91,22.2,0.0,38,82.0,9.4,94,-9.377102072442348,0.6557108531947782
2022-11-21 09:00:00,25.0,83,22.0,0.0,25,199.0,8.2,105,-7.92059177557036,2.122316169840671
2022-11-21 10:00:00,26.3,74,21.4,0.0,30,366.0,8.5,118,-7.505054539300878,3.990508283680073
2022-11-21 11:00:00,27.2,68,20.9,0.0,38,430.0,8.5,118,-7.505054539300878,3.990508283680073
2022-11-21 12:00:00,27.6,66,20.6,0.0,41,483.0,8.2,119,-7.171881598543045,3.975438886019963
2022-11-21 13:00:00,27.8,64,20.3,0.0,47,470.0,7.7,118,-6.798696465013737,3.61493103345136
2022-11-21 14:00:00,27.5,64,20.2,0.0,36,360.0,7.4,113,-6.811735915548058,2.8914103508206264
2022-11-21 15:00:00,27.3,65,20.2,0.0,45,206.0,6.3,114,-5.755336383148386,2.5624408513775414
2022-11-21 16:00:00,26.8,67,20.2,0.0,34,109.0,5.3,118,-4.679622242152313,2.4881992827652217
2022-11-21 17:00:00,26.2,70,20.3,0.0,65,22.0,5.6,117,-4.98963653545486,2.5423467985414616
2022-11-21 18:00:00,25.4,75,20.6,0.0,72,0.0,8.9,111,-8.308865795825096,3.1894747509531727
2022-11-21 19:00:00,24.5,81,21.0,0.0,81,0.0,10.6,100,-10.438962181929403,1.8406706832694613
2022-11-21 20:00:00,24.0,85,21.3,0.0,68,0.0,9.4,92,-9.3942737739795,0.328055269003509
2022-11-21 21:00:00,23.6,87,21.4,0.0,56,0.0,7.6,95,-7.571079705497266,0.6623836448822026
2022-11-21 22:00:00,23.4,90,21.6,0.0,55,0.0,6.9,99,-6.815049550106451,1.0793978087775926
2022-11-21 23:00:00,23.2,92,21.8,0.0,55,0.0,8.1,103,-7.892397524760405,1.8221035401853067
2022-11-22 00:00:00,23.0,94,22.0,0.0,58,0.0,8.7,97,-8.635151519279502,1.060263287624782
2022-11-22 01:00:00,22.9,95,22.0,0.0,64,0.0,8.6,92,-8.594761112364223,0.3001356716415082
2022-11-22 02:00:00,22.7,96,22.0,0.0,64,0.0,8.6,92,-8.594761112364223,0.3001356716415082
2022-11-22 03:00:00,22.8,96,22.0,0.0,64,0.0,7.6,87,-7.589584464134761,-0.3977532674463741
2022-11-22 04:00:00,22.7,96,22.0,0.0,69,0.0,6.1,90,-6.1,-3.735172737399427e-16
2022-11-22 05:00:00,22.5,97,21.9,0.0,52,0.0,5.5,101,-5.398949508962152,1.0494494745709964
2022-11-22 06:00:00,22.4,97,21.9,0.0,36,0.0,6.2,100,-6.10580806867569,1.076618701534968
2022-11-22 07:00:00,22.5,97,22.1,0.0,51,5.0,7.3,99,-7.210124886344506,1.1419715947936848
2022-11-22 08:00:00,23.6,92,22.3,0.0,54,52.0,3.0,104,-2.910887178827989,0.7257656867990033
2022-11-22 09:00:00,25.1,84,22.1,0.0,44,140.0,2.6,146,-1.453901549023942,2.1554976886431083
2022-11-22 10:00:00,26.4,77,22.0,0.5,75,319.0,6.6,139,-4.329989591337347,4.981083229470295
2022-11-22 11:00:00,26.4,78,22.3,1.2,84,233.0,5.4,138,-3.613305274337835,4.012982057577928
2022-11-22 12:00:00,26.7,77,22.3,0.1,68,238.0,7.3,123,-6.122295146001595,3.9758649556096977
2022-11-22 13:00:00,26.6,77,22.3,0.1,63,136.0,9.8,114,-8.95274548489749,3.986019102142843
2022-11-22 14:00:00,26.5,78,22.4,0.1,65,118.0,9.7,105,-9.369480515003962,2.510544737494452
2022-11-22 15:00:00,26.2,78,22.1,0.2,55,90.0,9.4,92,-9.3942737739795,0.328055269003509
2022-11-22 16:00:00,26.1,78,21.9,0.0,40,48.0,8.7,95,-8.666893873398186,0.7582549619046266
2022-11-22 17:00:00,25.5,81,22.0,0.0,45,12.0,7.6,109,-7.185941174554808,2.4743179738743906
2022-11-22 18:00:00,24.7,85,22.1,0.0,42,0.0,10.7,102,-10.46617932785172,2.2246550917500247
2022-11-22 19:00:00,24.2,89,22.2,0.2,18,0.0,10.9,98,-10.793921949283115,1.5169868004647125
2022-11-22 20:00:00,23.7,92,22.3,0.0,29,0.0,11.4,103,-11.107818738551682,2.564442019520061
2022-11-22 21:00:00,23.5,93,22.3,0.0,22,0.0,12.2,104,-11.837607860567156,2.951447126315947
2022-11-22 22:00:00,23.4,93,22.2,0.0,17,0.0,9.7,94,-9.676371287520292,0.6766377953180156
2022-11-22 23:00:00,23.4,94,22.3,0.0,23,0.0,8.0,98,-7.922144549932563,1.1133848076805228
2022-11-23 00:00:00,23.2,95,22.3,0.0,32,0.0,7.6,98,-7.5260373224359345,1.0577155672964966
2022-11-23 01:00:00,23.2,95,22.3,0.0,49,0.0,6.9,99,-6.815049550106451,1.0793978087775926
2022-11-23 02:00:00,23.2,95,22.3,0.0,72,0.0,6.6,99,-6.518743047927909,1.0324674692655234
2022-11-23 03:00:00,22.6,97,22.2,0.1,65,0.0,8.0,108,-7.608452130361229,2.4721359549995787
2022-11-23 04:00:00,22.7,97,22.3,0.3,88,0.0,11.5,110,-10.806465139037948,3.93323164824519
2022-11-23 05:00:00,22.6,97,22.2,0.3,100,0.0,11.7,99,-11.555953584963111,1.8302832409707004
2022-11-23 06:00:00,22.6,97,22.1,0.4,100,0.0,14.1,103,-13.738617913471815,3.171809866248497
2022-11-23 07:00:00,22.8,96,22.1,0.7,97,5.0,15.0,101,-14.72440775171496,2.862134930648172
2022-11-23 08:00:00,23.5,92,22.2,1.1,85,40.0,16.6,92,-16.58988772851699,0.5793316452615159
2022-11-23 09:00:00,24.3,88,22.2,0.5,72,85.0,19.1,89,-19.097090977487078,-0.3333409629521167
2022-11-23 10:00:00,25.5,81,22.0,0.1,44,227.0,20.5,88,-20.487511953891463,-0.7154396824012721
2022-11-23 11:00:00,26.6,75,21.7,0.0,35,367.0,18.8,85,-18.728460324124818,-1.638527963655973
2022-11-23 12:00:00,27.1,72,21.7,0.0,14,405.0,14.4,89,-14.397806810252035,-0.2513146526968838
2022-11-23 13:00:00,27.6,71,21.8,0.0,29,468.0,12.9,103,-12.569373835729534,2.901868601035859
2022-11-23 14:00:00,27.6,71,21.8,0.1,46,407.0,14.6,106,-14.034420760699456,4.024305394928186
2022-11-23 15:00:00,27.4,70,21.4,0.0,57,191.0,13.8,97,-13.697136892650246,1.6817969389910337
2022-11-23 16:00:00,27.0,71,21.2,0.0,64,54.0,12.4,98,-12.279324052395474,1.7257464519048105
2022-11-23 17:00:00,26.1,75,21.4,0.1,92,4.0,10.0,103,-9.743700647852352,2.2495105434386504
2022-11-23 18:00:00,25.1,81,21.5,0.5,98,0.0,8.9,117,-7.929958065276475,4.040515447681966
2022-11-23 19:00:00,24.1,86,21.6,0.5,66,0.0,9.7,105,-9.369480515003962,2.510544737494452
2022-11-23 20:00:00,23.5,89,21.6,0.5,89,0.0,10.1,96,-10.04467114321956,1.055737479003301
2022-11-23 21:00:00,23.1,90,21.3,0.2,76,0.0,9.3,106,-8.939733772226367,2.5634274090980917
2022-11-23 22:00:00,22.8,92,21.4,0.8,75,0.0,10.4,104,-10.091075553270365,2.515987714236545
2022-11-23 23:00:00,22.8,90,21.1,0.0,100,0.0,11.2,105,-10.818369254437563,2.898773305148233
2022-11-24 00:00:00,22.7,90,21.1,0.0,100,0.0,11.3,99,-11.160878248725057,1.7677094549546084
2022-11-24 01:00:00,22.7,90,21.0,0.1,100,0.0,10.5,96,-10.44247990136687,1.0975488643103624
2022-11-24 02:00:00,22.6,91,21.0,0.2,98,0.0,10.2,100,-10.04503908072452,1.771211412202689
2022-11-24 03:00:00,22.4,93,21.2,1.2,96,0.0,10.5,96,-10.44247990136687,1.0975488643103624
2022-11-24 04:00:00,22.4,93,21.2,1.0,100,0.0,10.5,96,-10.44247990136687,1.0975488643103624
2022-11-24 05:00:00,22.4,93,21.2,1.0,73,0.0,9.5,99,-9.38303923565381,1.4861274178821928
2022-11-24 06:00:00,22.4,93,21.2,1.2,75,0.0,9.8,98,-9.70462707366739,1.3638963894086409
2022-11-24 07:00:00,22.6,93,21.3,0.8,86,2.0,7.6,90,-7.6,-4.653657836759942e-16
2022-11-24 08:00:00,23.1,92,21.6,0.7,54,21.0,6.8,108,-6.467184310807045,2.101315561749642
2022-11-24 09:00:00,23.7,90,21.9,0.6,95,75.0,7.7,118,-6.798696465013737,3.61493103345136
2022-11-24 10:00:00,24.2,87,21.9,0.5,92,76.0,9.5,115,-8.609923976848176,4.014873486536644
2022-11-24 11:00:00,25.1,83,22.0,0.3,99,236.0,10.6,108,-10.081199072728628,3.2755801403744416
2022-11-24 12:00:00,25.7,80,21.9,0.0,75,207.0,11.3,99,-11.160878248725057,1.7677094549546084
2022-11-24 13:00:00,25.9,78,21.8,0.0,60,211.0,11.6,95,-11.555858497864248,1.0110066158728357
2022-11-24 14:00:00,26.3,76,21.7,0.0,29,204.0,11.5,92,-11.4929945107196,0.401344212078761
2022-11-24 15:00:00,25.9,81,22.4,0.0,59,120.0,13.0,90,-13.0,-7.960204194457795e-16
2022-11-24 16:00:00,25.6,82,22.3,0.0,48,86.0,12.6,88,-12.592324420440606,-0.4397336584515136
2022-11-24 17:00:00,25.1,84,22.3,0.0,39,23.0,10.5,94,-10.474422527728152,0.732442974313316
2022-11-24 18:00:00,24.3,88,22.3,0.0,60,0.0,12.6,114,-11.510672766296771,5.124881702755083
2022-11-24 19:00:00,23.8,91,22.3,0.0,57,0.0,12.8,112,-11.86795333845488,4.7949643957236745
2022-11-24 20:00:00,23.5,92,22.2,0.0,69,0.0,12.8,101,-12.5648279481301,2.4423551408197737
2022-11-24 21:00:00,23.4,93,22.2,0.0,66,0.0,13.7,92,-13.691654330161612,0.478123104824263
2022-11-24 22:00:00,23.3,93,22.0,0.0,80,0.0,13.0,93,-12.98218395180946,0.6803674311582699
2022-11-24 23:00:00,23.0,93,21.8,0.0,66,0.0,13.0,95,-12.950531075192693,1.1330246557195571
2022-11-25 00:00:00,22.8,93,21.7,0.1,65,0.0,12.3,97,-12.208317665188265,1.4989929238833126
2022-11-25 01:00:00,22.7,93,21.5,0.1,70,0.0,13.1,98,-12.972511700514572,1.823167622576856
2022-11-25 02:00:00,22.6,93,21.5,0.0,95,0.0,12.7,97,-12.60533612584479,1.5477406612453717
2022-11-25 03:00:00,22.6,92,21.2,0.1,88,0.0,11.5,88,-11.4929945107196,-0.4013442120787624
2022-11-25 04:00:00,22.7,91,21.1,0.0,75,0.0,9.0,85,-8.96575228282571,-0.7844016847289232
2022-11-25 05:00:00,22.6,92,21.1,0.0,69,0.0,6.1,87,-6.0916401620029,-0.3192493330819582
2022-11-25 06:00:00,22.4,93,21.2,0.0,50,0.0,6.8,90,-6.8,-4.1637991171010006e-16
2022-11-25 07:00:00,22.3,95,21.5,0.0,47,6.0,5.9,101,-5.791600382341218,1.1257730727216144
2022-11-25 08:00:00,24.1,87,21.8,0.0,52,91.0,5.8,120,-5.022947341949744,2.8999999999999986
2022-11-25 09:00:00,25.4,81,21.9,0.0,50,245.0,7.9,120,-6.841600689897066,3.9499999999999984
2022-11-25 10:00:00,26.3,76,21.7,0.0,54,358.0,9.2,121,-7.885939166459432,4.738350289172499
2022-11-25 11:00:00,26.7,74,21.7,0.0,37,443.0,9.9,123,-8.302838622659698,5.391926446648768
2022-11-25 12:00:00,26.6,75,21.7,0.1,47,409.0,9.3,126,-7.523858047687012,5.466402846319999
2022-11-25 13:00:00,26.7,75,21.8,0.1,43,441.0,8.7,135,-6.151828996322964,6.151828996322962
2022-11-25 14:00:00,26.6,74,21.7,0.3,44,283.0,7.7,139,-5.051654523226906,5.811263767715345
2022-11-25 15:00:00,26.6,76,21.9,0.0,64,181.0,7.9,133,-5.777694242791448,5.387787044493737
2022-11-25 16:00:00,26.3,77,21.9,0.1,54,127.0,9.5,119,-8.30888721782426,4.605691392340201
2022-11-25 17:00:00,25.4,81,22.0,0.2,100,33.0,11.5,104,-11.15840085217396,2.7821017993961794
2022-11-25 18:00:00,24.3,87,22.0,0.5,100,0.0,14.1,103,-13.738617913471815,3.171809866248497
2022-11-25 19:00:00,23.5,92,22.2,0.5,100,0.0,14.4,103,-14.030928932907388,3.2392951825516567
2022-11-25 20:00:00,22.9,95,22.0,0.7,100,0.0,15.0,100,-14.77211629518312,2.6047226650039548
2022-11-25 21:00:00,22.6,95,21.8,1.2,100,0.0,14.4,93,-14.380265300465863,0.7536377698983914
2022-11-25 22:00:00,22.4,95,21.5,1.3,100,0.0,13.1,98,-12.972511700514572,1.823167622576856
2022-11-25 23:00:00,22.4,94,21.4,0.9,100,0.0,13.3,103,-12.959121861643627,2.991849022773405
2022-11-26 00:00:00,22.5,93,21.3,0.3,100,0.0,13.7,104,-13.293051449981151,3.3143299697154487
2022-11-26 01:00:00,22.7,92,21.3,0.0,98,0.0,15.3,105,-14.778665142222746,3.959931390068569
2022-11-26 02:00:00,22.9,91,21.3,0.0,100,0.0,16.7,97,-16.575520732410077,2.0352180348659608
2022-11-26 03:00:00,22.8,87,20.4,0.0,100,0.0,16.2,86,-16.16053761420915,-1.130054874654829
2022-11-26 04:00:00,23.0,83,20.0,0.0,95,0.0,17.0,85,-16.935309867559674,-1.4816476267101883
2022-11-26 05:00:00,23.1,81,19.7,0.0,63,0.0,18.4,86,-18.355178524780765,-1.2835191168919042
2022-11-26 06:00:00,23.0,81,19.5,0.0,31,0.0,17.2,100,-16.938693351809977,2.9867486558712013
2022-11-26 07:00:00,23.1,79,19.3,0.0,43,3.0,17.4,108,-16.548383383535672,5.376895702124084
2022-11-26 08:00:00,23.4,79,19.6,0.0,29,44.0,19.6,110,-18.417975367403805,6.703594809183107
2022-11-26 09:00:00,23.9,79,20.1,0.0,29,162.0,21.3,109,-20.13954566026545,6.934601689937437
2022-11-26 10:00:00,24.2,78,20.1,0.0,25,192.0,22.1,106,-21.24388348023685,6.09158556355568
2022-11-26 11:00:00,24.9,74,19.9,0.0,28,309.0,22.5,96,-22.37674264578615,2.351890423522205
2022-11-26 12:00:00,25.0,72,19.6,0.0,47,217.0,22.7,91,-22.69654268005008,0.3961696261263349
2022-11-26 13:00:00,25.4,68,19.1,0.0,65,357.0,23.8,93,-23.76738292715886,1.2455957585820634
2022-11-26 14:00:00,25.2,68,18.8,0.1,57,213.0,21.6,89,-21.596710215378053,-0.3769719790453257
2022-11-26 15:00:00,24.7,71,19.1,0.0,52,160.0,19.1,87,-19.07382411381236,-0.9996167642402298
2022-11-26 16:00:00,24.3,73,19.3,0.0,42,100.0,15.9,95,-15.839495699658755,1.385776309687766
2022-11-26 17:00:00,23.5,78,19.4,0.0,29,30.0,15.5,102,-15.161287811373988,3.2226312076752697
2022-11-26 18:00:00,22.9,82,19.6,0.0,59,0.0,14.1,94,-14.06565310866352,0.9835662797921672
2022-11-26 19:00:00,22.6,84,19.8,0.0,34,0.0,12.6,85,-12.552053195955994,-1.0981623586204925
2022-11-26 20:00:00,22.4,86,20.0,0.0,23,0.0,8.6,75,-8.306962106085987,-2.2258437878816784
2022-11-26 21:00:00,22.4,87,20.1,0.0,18,0.0,6.7,106,-6.440453362786736,1.8467702839738935
2022-11-26 22:00:00,22.4,87,20.1,0.0,30,0.0,7.0,111,-6.535062985480412,2.5085756468171017
2022-11-26 23:00:00,22.3,88,20.2,0.0,48,0.0,6.6,103,-6.430842427582553,1.4846769586695092
2022-11-27 00:00:00,22.3,88,20.2,0.0,56,0.0,6.5,96,-6.4643923198937765,0.6794350112397481
2022-11-27 01:00:00,22.1,89,20.3,0.0,69,0.0,6.8,90,-6.8,-4.1637991171010006e-16
2022-11-27 02:00:00,22.1,90,20.3,0.0,57,0.0,5.9,76,-5.72474478502838,-1.4273391840380394
2022-11-27 03:00:00,22.0,90,20.3,0.0,66,0.0,6.4,74,-6.1520748540052415,-1.7640790772287946
2022-11-27 04:00:00,22.2,89,20.2,0.0,69,0.0,6.5,93,-6.49109197590473,0.3401837155791349
2022-11-27 05:00:00,22.2,89,20.2,0.2,74,0.0,5.8,90,-5.8,-3.5514757175273243e-16
2022-11-27 06:00:00,21.9,90,20.2,0.0,47,0.0,5.8,60,-5.022947341949744,-2.9000000000000004
2022-11-27 07:00:00,21.9,91,20.3,0.0,25,4.0,2.6,74,-2.499280409439629,-0.7166571251241979
2022-11-27 08:00:00,24.1,76,19.6,0.0,29,77.0,1.8,127,-1.4375439180851268,1.0832670416736871
2022-11-27 09:00:00,25.3,68,19.0,0.0,21,220.0,3.4,148,-1.8017254983928963,2.883363526931848
2022-11-27 10:00:00,26.2,66,19.3,0.0,11,377.0,6.1,140,-3.9210044190878905,4.672871103025765
2022-11-27 11:00:00,26.8,65,19.7,0.0,32,457.0,7.1,135,-5.020458146424487,5.020458146424486
2022-11-27 12:00:00,27.2,64,19.9,0.0,33,520.0,5.1,141,-3.2095339943541705,3.963444403430551
2022-11-27 13:00:00,27.5,64,20.0,0.0,28,517.0,4.4,171,-0.6883116461770163,4.345828698618606
2022-11-27 14:00:00,27.3,65,20.1,0.0,34,370.0,6.5,174,-0.6794350112397493,6.4643923198937765
2022-11-27 15:00:00,26.7,67,20.1,0.0,23,229.0,8.8,161,-2.8649997592229783,8.320563465273988
2022-11-27 16:00:00,26.1,70,20.1,0.0,27,118.0,8.2,142,-5.048424097670399,6.461688179575119
2022-11-27 17:00:00,25.2,74,20.2,0.0,33,25.0,7.4,119,-6.47218583283153,3.587591189822894
2022-11-27 18:00:00,24.3,79,20.3,0.0,28,0.0,12.4,100,-12.21161613735138,2.153237403069936
2022-11-27 19:00:00,23.8,81,20.3,0.0,20,0.0,12.6,95,-12.552053195955994,1.0981623586204938
2022-11-27 20:00:00,23.3,84,20.4,0.0,29,0.0,10.1,92,-10.093847352892867,0.3524849166952596
2022-11-27 21:00:00,22.8,87,20.5,0.0,24,0.0,7.2,84,-7.160557646651568,-0.752604935527105
2022-11-27 22:00:00,22.1,91,20.6,0.0,17,0.0,5.4,86,-5.386845871403051,-0.3766849582182763
2022-11-27 23:00:00,22.0,91,20.6,0.0,11,0.0,5.2,102,-5.08636752381579,1.0811407922523486
2022-11-28 00:00:00,22.0,91,20.6,0.0,11,0.0,6.5,96,-6.4643923198937765,0.6794350112397481
2022-11-28 01:00:00,21.5,93,20.3,0.0,8,0.0,6.6,77,-6.430842427582553,-1.4846769586695083
2022-11-28 02:00:00,20.8,95,20.0,0.0,7,0.0,6.5,71,-6.145870741395559,-2.116193003971519
2022-11-28 03:00:00,20.3,95,19.5,0.0,9,0.0,5.8,68,-5.377666356487367,-2.172718241812289
2022-11-28 04:00:00,20.2,95,19.5,0.0,3,0.0,6.0,65,-5.437846722219899,-2.5357095704441965
2022-11-28 05:00:00,20.1,95,19.4,0.0,3,0.0,6.0,73,-5.737828535778212,-1.7542302283364206
2022-11-28 06:00:00,19.9,96,19.2,0.0,4,0.0,7.2,90,-7.2,-4.4087284769304716e-16
2022-11-28 07:00:00,20.2,96,19.5,0.0,4,7.0,9.1,81,-8.987963899415753,-1.4235536318661013
2022-11-28 08:00:00,23.1,87,20.8,0.0,1,93.0,6.3,77,-6.1385314081469815,-1.4171916423663489
2022-11-28 09:00:00,25.4,76,20.8,0.0,3,247.0,2.9,83,-2.8783838397598336,-0.3534210958749277
2022-11-28 10:00:00,26.8,69,20.6,0.0,3,407.0,1.1,162,-0.3399186938124423,1.0461621679246689
2022-11-28 11:00:00,27.8,66,20.9,0.0,7,491.0,3.1,234,2.507952682562337,1.822134282106667
2022-11-28 12:00:00,28.7,65,21.4,0.0,15,562.0,5.2,245,4.712800492590581,2.197614961051636
2022-11-28 13:00:00,29.2,65,21.8,0.0,6,536.0,6.5,236,5.388744221607772,3.6347538725598527
2022-11-28 14:00:00,29.3,66,22.2,0.0,7,471.0,7.7,233,6.149493427364155,4.633975678270772
2022-11-28 15:00:00,29.1,66,22.0,0.0,7,330.0,8.4,230,6.434773322199415,5.399415921366932
2022-11-28 16:00:00,28.6,69,22.4,0.0,9,173.0,7.7,229,5.811263767715345,5.051654523226906
2022-11-28 17:00:00,27.9,74,22.8,0.0,6,43.0,8.2,221,5.379684037722157,6.1886185578267305
2022-11-28 18:00:00,27.0,78,22.9,0.0,13,0.0,4.7,184,0.3278554265973888,4.688551036221174
2022-11-28 19:00:00,26.0,85,23.2,0.0,20,0.0,2.1,149,-1.0815799573111142,1.8000513314744355
2022-11-28 20:00:00,26.1,83,22.9,0.0,15,0.0,1.6,117,-1.4256104387013888,0.7263847995832748
2022-11-28 21:00:00,25.8,84,22.8,0.0,13,0.0,3.3,84,-3.281922254715301,-0.3449439287832564
2022-11-28 22:00:00,25.0,87,22.7,0.0,14,0.0,3.4,58,-2.8833635269318485,-1.8017254983928963
2022-11-28 23:00:00,23.8,93,22.6,0.0,11,0.0,3.6,53,-2.875087836170254,-2.1665340833473743
2022-11-29 00:00:00,23.2,96,22.5,0.0,73,0.0,4.3,66,-3.928245467863184,-1.7489675652259409
2022-11-29 01:00:00,22.8,97,22.4,0.0,35,0.0,4.2,70,-3.9467090073008153,-1.436484601967809
2022-11-29 02:00:00,22.7,97,22.3,0.0,12,0.0,3.1,54,-2.5079526825623373,-1.8221342821066668
2022-11-29 03:00:00,21.5,97,21.1,0.0,8,0.0,3.3,49,-2.490541614735148,-2.1649947956686737
2022-11-29 04:00:00,21.4,96,20.8,0.0,14,0.0,3.3,41,-2.1649947956686737,-2.490541614735148
2022-11-29 05:00:00,21.0,97,20.5,0.0,10,0.0,2.7,23,-1.0549740469210394,-2.485363104321589
2022-11-29 06:00:00,20.8,99,20.6,0.0,17,0.0,1.9,68,-1.761649323676896,-0.7117525274902327
2022-11-29 07:00:00,21.4,99,21.2,0.0,15,5.0,2.1,59,-1.800051331474436,-1.0815799573111138
2022-11-29 08:00:00,23.5,94,22.4,0.0,17,76.0,1.8,37,-1.083267041673687,-1.437543918085127
2022-11-29 09:00:00,25.8,87,23.4,0.0,4,233.0,1.1,18,-0.3399186938124421,-1.0461621679246689
2022-11-29 10:00:00,27.1,79,23.1,0.0,0,394.0,0.8,243,0.7128052193506943,0.3631923997916375
2022-11-29 11:00:00,28.1,73,22.7,0.0,1,506.0,1.9,202,0.7117525274902328,1.761649323676896
2022-11-29 12:00:00,28.8,69,22.6,0.0,4,564.0,3.6,180,-4.4087284769304716e-16,3.6
2022-11-29 13:00:00,29.1,68,22.6,0.0,11,548.0,4.8,167,-1.079765060850553,4.6769763109691285
2022-11-29 14:00:00,29.2,68,22.7,0.0,14,470.0,6.2,159,-2.221881287180861,5.788198644282651
2022-11-29 15:00:00,28.9,70,22.8,0.0,13,341.0,6.0,163,-1.7542302283364195,5.737828535778213
2022-11-29 16:00:00,28.4,71,22.7,0.0,17,180.0,6.5,161,-2.1161930039715178,6.14587074139556
2022-11-29 17:00:00,27.4,77,23.0,0.0,20,44.0,5.8,150,-2.8999999999999995,5.022947341949744
2022-11-29 18:00:00,26.3,83,23.2,0.0,43,0.0,6.7,144,-3.938161190359571,5.420413862312147
2022-11-29 19:00:00,25.3,90,23.5,0.0,52,0.0,5.8,112,-5.377666356487367,2.17271824181229
2022-11-29 20:00:00,24.3,95,23.4,0.0,67,0.0,5.4,110,-5.074340152243906,1.8469087739586112
2022-11-29 21:00:00,23.9,96,23.3,0.0,64,0.0,6.1,93,-6.0916401620029,0.3192493330819574
2022-11-29 22:00:00,23.9,96,23.2,0.0,65,0.0,5.9,79,-5.791600382341218,-1.125773072721615
2022-11-29 23:00:00,23.9,95,23.0,0.0,60,0.0,7.6,93,-7.589584464134761,0.3977532674463732
2022-11-30 00:00:00,23.9,93,22.8,0.0,66,0.0,9.7,88,-9.694091022085228,-0.3385251180142604
2022-11-30 01:00:00,23.9,92,22.6,0.0,61,0.0,11.2,86,-11.17271736291003,-0.7812725059342026
2022-11-30 02:00:00,23.8,93,22.5,0.0,76,0.0,11.9,87,-11.88369146357943,-0.6227978792910333
2022-11-30 03:00:00,24.1,91,22.5,0.0,64,0.0,10.9,84,-10.84028865951418,-1.1393602496174229
2022-11-30 04:00:00,24.0,92,22.5,0.0,53,0.0,11.2,92,-11.193177262613872,0.3908743630680106
2022-11-30 05:00:00,23.7,94,22.6,0.0,68,0.0,13.7,90,-13.7,-8.388830574159369e-16
2022-11-30 06:00:00,23.3,94,22.2,0.0,74,0.0,20.5,87,-20.471905462468765,-1.0728871029803513
2022-11-30 07:00:00,23.0,92,21.6,0.0,50,4.0,22.0,80,-21.665770566268577,-3.820259908672469
2022-11-30 08:00:00,23.3,86,20.9,0.0,37,78.0,19.8,87,-19.772864788140563,-1.0362519336102909
2022-11-30 09:00:00,24.0,79,20.2,0.0,25,220.0,22.7,92,-22.686171773333477,0.7922185751467716
2022-11-30 10:00:00,24.9,72,19.6,0.0,18,362.0,23.8,93,-23.76738292715886,1.2455957585820634
2022-11-30 11:00:00,25.7,68,19.3,0.0,15,504.0,24.8,90,-24.8,-1.518562030942718e-15
2022-11-30 12:00:00,26.1,66,19.2,0.0,18,509.0,25.6,89,-25.596100996003617,-0.4467816047944601
2022-11-30 13:00:00,26.1,65,19.1,0.0,9,443.0,25.6,92,-25.584405171688854,0.8934271155840245
2022-11-30 14:00:00,25.9,66,19.0,0.0,17,325.0,24.9,92,-24.884831592775484,0.8689974678922737
2022-11-30 15:00:00,25.5,65,18.6,0.0,16,308.0,22.7,92,-22.686171773333477,0.7922185751467716
2022-11-30 16:00:00,24.7,68,18.5,0.0,34,154.0,21.7,95,-21.61742494859088,1.891279617624184
2022-11-30 17:00:00,23.6,73,18.4,0.0,37,34.0,21.3,95,-21.21894706935418,1.8564173205251204
2022-11-30 18:00:00,22.6,76,18.1,0.0,38,0.0,23.4,93,-23.367931113257026,1.224661376084886
2022-11-30 19:00:00,22.2,77,17.9,0.0,37,0.0,23.0,91,-22.996496988597,0.40140534805752
2022-11-30 20:00:00,22.0,77,17.8,0.0,46,0.0,22.0,94,-21.94640910571613,1.534642422370757
2022-11-30 21:00:00,21.8,77,17.7,0.0,43,0.0,21.3,96,-21.183316371344223,2.2264562676010207
2022-11-30 22:00:00,21.6,78,17.5,0.0,85,0.0,19.9,96,-19.79098571782864,2.080116419026305
2022-11-30 23:00:00,21.5,77,17.3,0.0,95,0.0,20.0,98,-19.805361374831406,2.7834620192013078
2022-12-01 00:00:00,21.6,77,17.3,0.0,100,0.0,20.2,95,-20.12313290145326,1.7605460035026963
2022-12-01 01:00:00,21.4,77,17.3,0.1,100,0.0,19.5,92,-19.488121126872368,0.6805401856987686
2022-12-01 02:00:00,21.2,78,17.2,0.1,100,0.0,19.8,93,-19.772864788140563,1.036251933610288
2022-12-01 03:00:00,20.9,84,18.0,0.3,100,0.0,20.9,91,-20.89681682876857,0.3647552945392246
2022-12-01 04:00:00,20.5,86,18.1,0.1,94,0.0,21.6,91,-21.596710215378053,0.3769719790453231
2022-12-01 05:00:00,20.3,87,18.0,0.0,78,0.0,22.0,90,-22.0,-1.3471114790620886e-15
2022-12-01 06:00:00,20.1,87,17.9,0.2,86,0.0,21.3,84,-21.183316371344223,-2.226456267601019
2022-12-01 07:00:00,20.2,87,18.1,0.2,79,3.0,19.1,86,-19.053473359962645,-1.332348648512792
2022-12-01 08:00:00,20.9,84,18.1,0.2,71,51.0,20.2,94,-20.15079381524845,1.4090807696313317
2022-12-01 09:00:00,21.7,80,18.1,0.1,56,142.0,22.0,95,-21.9162833580184,1.9174263404484813
2022-12-01 10:00:00,22.5,76,18.2,0.2,56,263.0,20.9,94,-20.849088650430325,1.4579103012522192
2022-12-01 11:00:00,23.2,74,18.4,0.4,51,341.0,19.1,94,-19.053473359962645,1.332348648512794
2022-12-01 12:00:00,23.7,73,18.5,0.3,61,400.0,19.3,99,-19.06238497348616,3.019185175276455
2022-12-01 13:00:00,23.6,74,18.7,0.2,64,344.0,22.9,98,-22.67713877418196,3.1870640119854965
2022-12-01 14:00:00,23.4,74,18.6,0.1,33,309.0,25.2,92,-25.184648840881213,0.879467316903024
2022-12-01 15:00:00,23.6,72,18.3,0.2,32,258.0,23.4,89,-23.396436066659557,-0.4083863106324362
2022-12-01 16:00:00,23.0,75,18.3,0.2,44,149.0,20.9,93,-20.871357276370592,1.093821485477526
2022-12-01 17:00:00,21.9,80,18.3,0.2,51,34.0,21.0,97,-20.843469184467764,2.5592562115080946
2022-12-01 18:00:00,21.2,83,18.2,0.1,46,0.0,23.1,94,-23.04372956100194,1.6113745434892952
2022-12-01 19:00:00,20.7,85,18.1,0.1,42,0.0,22.3,89,-22.296603601987528,-0.3891886635514242
2022-12-01 20:00:00,20.5,86,18.0,0.0,34,0.0,19.4,90,-19.4,-1.1879073951729326e-15
2022-12-01 21:00:00,20.5,85,17.9,0.0,40,0.0,19.5,93,-19.47327592771419,1.0205511467374049
2022-12-01 22:00:00,20.5,85,17.9,0.0,35,0.0,18.0,93,-17.975331625582328,0.9420472123729892
2022-12-01 23:00:00,20.5,85,17.9,0.1,27,0.0,15.9,96,-15.812898136355546,1.6620025659556916
2022-12-02 00:00:00,20.5,86,18.1,0.4,35,0.0,14.3,102,-13.987510690493425,2.9731371786939587
2022-12-02 01:00:00,20.4,87,18.2,0.3,24,0.0,14.8,104,-14.360376748884748,3.5804440548750835
2022-12-02 02:00:00,20.2,88,18.1,0.3,96,0.0,17.1,98,-16.933583975480854,2.3798600264171177
2022-12-02 03:00:00,20.6,87,18.4,0.1,95,0.0,18.7,92,-18.68860846525709,0.6526205883367678
2022-12-02 04:00:00,20.5,87,18.3,0.0,77,0.0,19.8,91,-19.79698436409655,0.3455576474582129
2022-12-02 05:00:00,20.2,89,18.3,0.2,15,0.0,22.3,92,-22.28641544252584,0.7782587764657714
2022-12-02 06:00:00,20.1,89,18.3,0.2,48,0.0,24.1,91,-24.096329453269032,0.4206029951385318
2022-12-02 07:00:00,20.0,90,18.3,0.1,58,4.0,26.3,94,-26.23593452183338,1.834595259470496
2022-12-02 08:00:00,20.6,87,18.4,0.0,48,68.0,28.8,93,-28.760530600931727,1.5072755397967827
2022-12-02 09:00:00,21.6,80,18.1,0.0,60,166.0,28.4,91,-28.395674542441512,0.4956483428188507
2022-12-02 10:00:00,22.6,75,18.0,0.0,28,299.0,26.3,92,-26.28397875060222,0.9178567632757751
2022-12-02 11:00:00,23.3,71,17.8,0.0,23,371.0,24.9,92,-24.884831592775484,0.8689974678922737
2022-12-02 12:00:00,24.2,68,17.9,0.0,23,530.0,24.5,93,-24.466423601487055,1.282230927952124
2022-12-02 13:00:00,24.7,66,18.0,0.0,25,513.0,23.8,93,-23.76738292715886,1.2455957585820634
2022-12-02 14:00:00,24.3,68,18.0,0.0,16,359.0,23.8,93,-23.76738292715886,1.2455957585820634
2022-12-02 15:00:00,24.1,69,18.1,0.0,21,286.0,23.8,94,-23.74202439618381,1.660204075110183
2022-12-02 16:00:00,23.5,71,18.0,0.0,16,150.0,22.8,95,-22.7132391164918,1.987150934646608
2022-12-02 17:00:00,22.6,75,18.0,0.0,15,37.0,21.0,95,-20.920088659926652,1.830270597700823
2022-12-02 18:00:00,21.8,79,18.1,0.0,8,0.0,19.5,95,-19.42579661278904,1.6995369835793357
2022-12-02 19:00:00,21.4,81,18.1,0.2,14,0.0,14.4,89,-14.397806810252035,-0.2513146526968838
2022-12-02 20:00:00,21.2,84,18.4,0.2,26,0.0,11.2,94,-11.17271736291003,0.7812725059342036
2022-12-02 21:00:00,21.0,86,18.5,0.3,26,0.0,10.6,100,-10.438962181929403,1.8406706832694613
2022-12-02 22:00:00,20.9,87,18.7,0.5,17,0.0,11.2,105,-10.818369254437563,2.898773305148233
2022-12-02 23:00:00,20.9,88,18.8,0.6,23,0.0,12.2,104,-11.837607860567156,2.951447126315947
2022-12-03 00:00:00,20.8,89,18.9,0.5,21,0.0,13.6,101,-13.35012969488823,2.5950023371210094
2022-12-03 01:00:00,20.8,89,18.9,0.3,23,0.0,15.0,101,-14.72440775171496,2.862134930648172
2022-12-03 02:00:00,20.8,89,18.9,0.0,25,0.0,16.0,98,-15.844289099865126,2.2267696153610457
2022-12-03 03:00:00,20.5,92,19.2,0.0,19,0.0,17.0,94,-16.958588854417012,1.1858600536501307
2022-12-03 04:00:00,20.4,93,19.3,0.0,6,0.0,17.7,92,-17.689217638237995,0.6177210916342669
2022-12-03 05:00:00,20.5,93,19.4,0.0,3,0.0,18.7,91,-18.697151899424515,0.326360000377201
2022-12-03 06:00:00,20.5,94,19.4,0.0,23,0.0,19.1,87,-19.07382411381236,-0.9996167642402298
2022-12-03 07:00:00,20.4,94,19.4,0.0,11,4.0,17.3,94,-17.257858069494958,1.2067869957733683
2022-12-03 08:00:00,21.5,89,19.6,0.0,12,68.0,18.5,97,-18.36210380536446,2.254582852995226
2022-12-03 09:00:00,23.0,81,19.5,0.0,24,224.0,20.6,94,-20.54981943535238,1.436983359128982
2022-12-03 10:00:00,24.3,74,19.3,0.0,23,376.0,20.2,92,-20.18769470578573,0.7049698333905192
2022-12-03 11:00:00,25.2,70,19.3,0.0,11,463.0,18.7,90,-18.7,-1.1450447572027753e-15
2022-12-03 12:00:00,25.7,68,19.3,0.0,22,471.0,18.0,90,-18.0,-1.102182119232618e-15
2022-12-03 13:00:00,26.0,67,19.4,0.0,14,482.0,17.3,91,-17.29736512620557,0.3019266313650041
2022-12-03 14:00:00,26.1,67,19.6,0.0,8,441.0,16.2,91,-16.197532661533536,0.2827289842839923
2022-12-03 15:00:00,26.3,68,19.8,0.0,9,353.0,15.9,94,-15.861268399131204,1.1091279325315928
2022-12-03 16:00:00,25.5,72,20.0,0.0,9,176.0,16.4,99,-16.19808878576026,2.565525226659785
2022-12-03 17:00:00,24.2,78,20.2,0.0,2,46.0,16.9,101,-16.58949940026552,3.224672021863607
2022-12-03 18:00:00,22.9,85,20.2,0.0,3,0.0,17.8,98,-17.626771623599954,2.4772811970891637
2022-12-03 19:00:00,22.4,88,20.2,0.0,2,0.0,17.7,95,-17.632646156223895,1.5426566466335507
2022-12-03 20:00:00,22.0,90,20.2,0.0,2,0.0,16.2,94,-16.16053761420915,1.1300548746548302
2022-12-03 21:00:00,21.8,91,20.2,0.0,0,0.0,15.2,94,-15.162973563949327,1.060298400910705
2022-12-03 22:00:00,21.5,92,20.2,0.0,5,0.0,15.2,95,-15.142159410994532,1.3247672897644052
2022-12-03 23:00:00,21.3,93,20.2,0.0,6,0.0,15.6,97,-15.483719965604624,1.9011617571202988
2022-12-04 00:00:00,21.2,93,20.1,0.0,10,0.0,15.2,94,-15.162973563949327,1.060298400910705
2022-12-04 01:00:00,21.1,94,20.1,0.0,16,0.0,13.4,96,-13.326593397934865,1.4006814077865577
2022-12-04 02:00:00,21.0,94,20.0,0.0,18,0.0,13.1,98,-12.972511700514572,1.823167622576856
2022-12-04 03:00:00,21.1,94,20.0,0.0,23,0.0,13.8,97,-13.697136892650246,1.6817969389910337
2022-12-04 04:00:00,21.1,95,20.2,0.0,23,0.0,15.5,95,-15.441017820422056,1.3509140125887027
2022-12-04 05:00:00,21.0,95,20.3,0.0,34,0.0,16.6,95,-16.536831988322977,1.4467853296111268
2022-12-04 06:00:00,21.0,96,20.3,0.0,34,0.0,15.9,94,-15.861268399131204,1.1091279325315928
2022-12-04 07:00:00,21.0,96,20.3,0.0,40,3.0,15.5,94,-15.462242779027276,1.081225343033943
2022-12-04 08:00:00,21.9,90,20.2,0.0,27,55.0,15.2,97,-15.086701504948095,1.85241401975824
2022-12-04 09:00:00,23.0,82,19.9,0.0,33,170.0,15.9,96,-15.812898136355546,1.6620025659556916
2022-12-04 10:00:00,23.9,77,19.5,0.0,18,236.0,17.1,97,-16.97253919306661,2.0839657722280203
2022-12-04 11:00:00,24.7,72,19.2,0.0,15,405.0,17.7,96,-17.60303754801844,1.850153799837468
2022-12-04 12:00:00,25.2,69,19.2,0.0,8,477.0,18.4,94,-18.355178524780765,1.283519116891906
2022-12-04 13:00:00,25.5,68,19.3,0.0,15,492.0,19.1,93,-19.07382411381236,0.9996167642402276
2022-12-04 14:00:00,25.2,70,19.3,0.0,23,386.0,20.5,92,-20.487511953891463,0.7154396824012695
2022-12-04 15:00:00,24.7,73,19.5,0.0,28,276.0,22.3,90,-22.3,-1.3654811810492988e-15
2022-12-04 16:00:00,23.9,76,19.3,0.0,24,159.0,22.3,90,-22.3,-1.3654811810492988e-15
2022-12-04 17:00:00,22.9,79,19.1,0.0,32,39.0,22.0,91,-21.99664929344061,0.3839529416202365
2022-12-04 18:00:00,22.0,82,18.8,0.0,22,0.0,23.4,90,-23.4,-1.4328367550024029e-15
2022-12-04 19:00:00,21.6,84,18.7,0.0,36,0.0,23.8,87,-23.76738292715886,-1.2455957585820665
2022-12-04 20:00:00,21.4,84,18.6,0.0,33,0.0,24.1,87,-24.06697178758523,-1.2612965454549496
2022-12-04 21:00:00,21.3,85,18.6,0.0,56,0.0,23.4,86,-23.342998776079884,-1.6323014856125304
2022-12-04 22:00:00,21.1,85,18.6,0.0,53,0.0,22.0,89,-21.99664929344061,-0.3839529416202392
2022-12-04 23:00:00,20.9,87,18.6,0.0,53,0.0,21.6,90,-21.6,-1.3226185430791417e-15
2022-12-05 00:00:00,20.8,86,18.5,0.0,56,0.0,21.6,89,-21.596710215378053,-0.3769719790453257
2022-12-05 01:00:00,20.7,87,18.4,0.0,56,0.0,19.8,88,-19.787938374978097,-0.6910100347095214
2022-12-05 02:00:00,20.5,87,18.4,0.0,100,0.0,18.4,89,-18.3971975908776,-0.3211242784460182
2022-12-05 03:00:00,20.5,87,18.3,0.0,95,0.0,18.7,91,-18.697151899424515,0.326360000377201
2022-12-05 04:00:00,20.2,89,18.3,0.0,100,0.0,20.5,91,-20.49687775070602,0.3577743319643113
2022-12-05 05:00:00,20.0,90,18.3,0.0,100,0.0,22.0,88,-21.986598194420107,-0.7677889274550238
2022-12-05 06:00:00,20.0,90,18.3,0.0,100,0.0,20.9,93,-20.871357276370592,1.093821485477526
2022-12-05 07:00:00,20.1,90,18.4,0.0,100,3.0,22.0,90,-22.0,-1.3471114790620886e-15
2022-12-05 08:00:00,21.2,85,18.5,0.0,62,68.0,23.8,92,-23.78550168305448,0.8306080215195227
2022-12-05 09:00:00,22.3,78,18.3,0.0,59,187.0,28.8,88,-28.78245581814996,-1.0051055050320312
2022-12-05 10:00:00,23.2,72,18.0,0.0,48,350.0,31.0,87,-30.95751557739179,-1.622414643531263
2022-12-05 11:00:00,23.5,70,17.7,0.0,40,430.0,31.8,86,-31.72253679826241,-2.2182558650631825
2022-12-05 12:00:00,23.6,68,17.4,0.0,26,529.0,32.8,87,-32.75504873995002,-1.716619364768562
2022-12-05 13:00:00,23.4,68,17.1,0.0,28,451.0,33.5,88,-33.47959270513971,-1.1691331395337865
2022-12-05 14:00:00,23.0,68,16.8,0.0,35,425.0,32.8,86,-32.72010084852223,-2.2880123388073077
2022-12-05 15:00:00,22.0,69,16.0,0.0,27,240.0,31.0,87,-30.95751557739179,-1.622414643531263
2022-12-05 16:00:00,21.4,70,15.8,0.0,21,169.0,29.2,89,-29.195552698566622,-0.509610267968681
2022-12-05 17:00:00,20.6,73,15.6,0.0,17,43.0,28.1,91,-28.0957202338946,0.4904126208876657
2022-12-05 18:00:00,20.1,74,15.4,0.0,42,0.0,27.0,89,-26.995887769222563,-0.4712149738066571
2022-12-05 19:00:00,19.9,74,15.2,0.0,64,0.0,25.6,87,-25.56491608971709,-1.3398004798193657
2022-12-05 20:00:00,19.9,74,15.2,0.0,66,0.0,23.8,88,-23.78550168305448,-0.8306080215195257
2022-12-05 21:00:00,19.7,75,15.1,0.0,54,0.0,23.4,91,-23.396436066659557,0.4083863106324333
2022-12-05 22:00:00,19.6,75,15.0,0.0,46,0.0,24.1,93,-24.06697178758523,1.2612965454549467
2022-12-05 23:00:00,19.3,75,14.9,0.0,45,0.0,24.8,91,-24.796222839878503,0.4328196796446302
2022-12-06 00:00:00,19.3,75,14.8,0.0,46,0.0,23.8,90,-23.8,-1.4573296909853504e-15
2022-12-06 01:00:00,19.2,76,14.8,0.0,46,0.0,22.0,92,-21.986598194420107,0.767788927455021
2022-12-06 02:00:00,19.3,76,14.9,0.0,53,0.0,21.3,94,-21.248114270534256,1.4858128907498696
2022-12-06 03:00:00,19.2,77,15.1,0.0,59,0.0,20.9,93,-20.871357276370592,1.093821485477526
2022-12-06 04:00:00,19.3,77,15.1,0.0,58,0.0,19.8,92,-19.787938374978097,0.6910100347095189
2022-12-06 05:00:00,19.2,77,15.1,0.0,81,0.0,18.4,92,-18.38879121715136,0.6421507393260175
2022-12-06 06:00:00,19.2,77,15.2,0.0,77,0.0,14.4,90,-14.4,-8.817456953860943e-16
2022-12-06 07:00:00,19.4,77,15.3,0.0,78,2.0,12.3,95,-12.253194786528471,1.0720156357961963
2022-12-06 08:00:00,20.2,74,15.3,0.0,76,43.0,11.8,102,-11.542141688658909,2.4533579516495605
2022-12-06 09:00:00,21.2,70,15.5,0.0,76,128.0,11.0,101,-10.797899017924305,2.0988989491419927
2022-12-06 10:00:00,22.3,67,15.9,0.0,66,257.0,9.5,101,-9.325458242752807,1.812685456077176
2022-12-06 11:00:00,23.0,66,16.3,0.0,67,268.0,6.4,106,-6.1520748540052415,1.764079077228794
2022-12-06 12:00:00,23.7,65,16.7,0.0,49,360.0,5.1,129,-3.963444403430552,3.20953399435417
2022-12-06 13:00:00,24.1,64,16.9,0.0,35,383.0,6.6,139,-4.329989591337347,4.981083229470295
2022-12-06 14:00:00,24.2,64,16.9,0.0,40,335.0,8.4,133,-6.143371093601033,5.7287862245249865
2022-12-06 15:00:00,24.0,65,16.9,0.0,31,245.0,12.2,118,-10.771960632878908,5.727553065987869
2022-12-06 16:00:00,23.3,66,16.7,0.0,32,121.0,15.5,103,-15.102736004171147,3.486741342329908
2022-12-06 17:00:00,22.4,70,16.7,0.0,39,35.0,15.2,94,-15.162973563949327,1.060298400910705
2022-12-06 18:00:00,21.5,75,16.8,0.0,25,0.0,13.7,88,-13.691654330161612,-0.4781231048242648
2022-12-06 19:00:00,21.0,78,17.0,0.0,23,0.0,14.0,91,-13.997867732189478,0.2443336901219686
2022-12-06 20:00:00,20.7,80,17.2,0.0,18,0.0,13.0,95,-12.950531075192693,1.1330246557195571
2022-12-06 21:00:00,20.3,83,17.3,0.0,23,0.0,12.3,95,-12.253194786528471,1.0720156357961963
2022-12-06 22:00:00,20.0,85,17.4,0.0,23,0.0,10.4,92,-10.393664600998596,0.3629547657060099
2022-12-06 23:00:00,20.0,86,17.5,0.0,32,0.0,9.0,92,-8.994517443171862,0.3140954703225086
2022-12-07 00:00:00,19.8,87,17.5,0.0,21,0.0,8.8,99,-8.691657397237213,1.3766232923540314
2022-12-07 01:00:00,19.7,87,17.5,0.0,22,0.0,9.4,108,-8.939931253174445,2.904759747124505
2022-12-07 02:00:00,19.5,89,17.6,0.0,26,0.0,10.0,105,-9.659258262890685,2.5881904510252083
2022-12-07 03:00:00,19.4,89,17.5,0.0,29,0.0,11.8,102,-11.542141688658909,2.4533579516495605
2022-12-07 04:00:00,19.5,89,17.5,0.0,30,0.0,13.4,96,-13.326593397934865,1.4006814077865577
2022-12-07 05:00:00,19.4,89,17.5,0.0,29,0.0,14.4,87,-14.380265300465863,-0.7536377698983932
2022-12-07 06:00:00,19.2,90,17.5,0.0,21,0.0,14.4,86,-14.36492232374147,-1.0044932219154037
2022-12-07 07:00:00,19.1,90,17.5,0.0,14,4.0,14.8,84,-14.718924051450443,-1.5470212563612713
2022-12-07 08:00:00,20.6,83,17.7,0.0,7,80.0,14.8,87,-14.779717114367694,-0.7745721523955708
2022-12-07 09:00:00,22.2,75,17.7,0.0,7,241.0,15.1,93,-15.079305974794064,0.790272939268452
2022-12-07 10:00:00,23.4,70,17.6,0.0,5,351.0,17.7,95,-17.632646156223895,1.5426566466335507
2022-12-07 11:00:00,24.2,66,17.4,0.0,7,455.0,19.8,93,-19.772864788140563,1.036251933610288
2022-12-07 12:00:00,24.8,64,17.4,0.0,4,536.0,21.6,93,-21.5703979506988,1.130456654847587
2022-12-07 13:00:00,25.0,63,17.5,0.0,1,572.0,23.0,91,-22.996496988597,0.40140534805752
2022-12-07 14:00:00,24.7,65,17.7,0.0,2,445.0,24.1,90,-24.1,-1.4756993929725606e-15
2022-12-07 15:00:00,24.2,66,17.5,0.0,2,344.0,25.2,90,-25.2,-1.5430549669256649e-15
2022-12-07 16:00:00,23.0,72,17.6,0.0,0,174.0,25.6,90,-25.6,-1.5675479029086122e-15
2022-12-07 17:00:00,21.6,78,17.6,0.0,2,45.0,23.0,89,-22.996496988597,-0.4014053480575227
2022-12-07 18:00:00,20.5,83,17.4,0.0,1,0.0,22.7,87,-22.668890438928827,-1.188026206714828
2022-12-07 19:00:00,19.9,85,17.3,0.0,0,0.0,20.9,86,-20.849088650430325,-1.4579103012522172
2022-12-07 20:00:00,19.6,85,17.1,0.0,1,0.0,19.1,88,-19.08836479606473,-0.6665803870177707
2022-12-07 21:00:00,19.4,86,17.0,0.0,0,0.0,17.3,89,-17.29736512620557,-0.3019266313650062
2022-12-07 22:00:00,19.2,86,16.9,0.0,1,0.0,15.5,91,-15.497639274924063,0.2705122997778938
2022-12-07 23:00:00,19.0,87,16.9,0.0,0,0.0,15.9,94,-15.861268399131204,1.1091279325315928
2022-12-08 00:00:00,18.9,88,16.9,0.0,0,0.0,16.6,92,-16.58988772851699,0.5793316452615159
2022-12-08 01:00:00,18.8,89,16.9,0.0,0,0.0,16.6,91,-16.597471739596095,0.2897099468589057
2022-12-08 02:00:00,18.7,90,17.0,0.0,0,0.0,16.2,91,-16.197532661533536,0.2827289842839923
2022-12-08 03:00:00,18.5,90,16.8,0.0,2,0.0,16.2,91,-16.197532661533536,0.2827289842839923
2022-12-08 04:00:00,18.4,91,16.8,0.0,1,0.0,16.9,91,-16.89742604814301,0.2949456687900907
2022-12-08 05:00:00,18.4,91,16.9,0.0,1,0.0,16.9,91,-16.89742604814301,0.2949456687900907
2022-12-08 06:00:00,18.4,91,16.9,0.0,1,0.0,16.6,94,-16.55956323431308,1.1579574641524806
2022-12-08 07:00:00,18.5,90,16.9,0.0,0,3.0,16.3,85,-16.237973578895453,-1.4206386067868275
2022-12-08 08:00:00,20.0,83,17.0,0.0,0,90.0,17.4,84,-17.304680979407955,-1.81879526085717
2022-12-08 09:00:00,22.0,72,16.8,0.0,0,259.0,19.6,84,-19.49262914921816,-2.048757880046008
2022-12-08 10:00:00,23.4,66,16.6,0.0,0,410.0,20.1,81,-19.85253564596227,-3.144332747308642
2022-12-08 11:00:00,24.5,61,16.4,0.0,0,520.0,18.4,79,-18.061940175437016,-3.510885514928426
2022-12-08 12:00:00,25.2,58,16.4,0.0,0,589.0,18.0,87,-17.975331625582328,-0.9420472123729914
2022-12-08 13:00:00,25.4,59,16.7,0.0,0,574.0,20.5,92,-20.487511953891463,0.7154396824012695
2022-12-08 14:00:00,25.2,60,17.0,0.0,0,498.0,23.8,92,-23.78550168305448,0.8306080215195227
2022-12-08 15:00:00,24.2,62,16.5,0.0,0,366.0,25.9,89,-25.896055304550533,-0.4520173267256451
2022-12-08 16:00:00,23.2,67,16.7,0.0,0,199.0,25.2,88,-25.184648840881213,-0.8794673169030272
2022-12-08 17:00:00,21.9,73,16.9,0.0,0,50.0,23.8,89,-23.796375144722116,-0.4153672732073497
2022-12-08 18:00:00,20.8,79,17.0,0.0,0,0.0,22.3,89,-22.296603601987528,-0.3891886635514242
2022-12-08 19:00:00,20.3,81,17.0,0.0,0,0.0,20.9,87,-20.871357276370592,-1.0938214854775288
2022-12-08 20:00:00,19.9,83,17.0,0.0,0,0.0,19.8,87,-19.772864788140563,-1.0362519336102909
2022-12-08 21:00:00,19.6,85,17.0,0.0,17,0.0,19.1,86,-19.053473359962645,-1.332348648512792
2022-12-08 22:00:00,19.5,86,17.1,0.0,9,0.0,19.1,88,-19.08836479606473,-0.6665803870177707
2022-12-08 23:00:00,19.5,86,17.1,0.0,0,0.0,19.8,89,-19.79698436409655,-0.3455576474582152
2022-12-09 00:00:00,19.3,88,17.2,0.0,3,0.0,20.2,87,-20.17231660204239,-1.0571863161074682
2022-12-09 01:00:00,19.3,88,17.3,0.0,4,0.0,20.2,89,-20.196923442159104,-0.3525386100331287
2022-12-09 02:00:00,19.0,91,17.4,0.0,3,0.0,20.5,89,-20.49687775070602,-0.3577743319643137
2022-12-09 03:00:00,18.9,91,17.3,0.0,2,0.0,20.9,90,-20.9,-1.279755905108984e-15
2022-12-09 04:00:00,18.7,92,17.4,0.0,4,0.0,22.3,91,-22.296603601987528,0.3891886635514215
2022-12-09 05:00:00,18.7,92,17.4,0.0,3,0.0,23.0,90,-23.0,-1.4083438190194562e-15
2022-12-09 06:00:00,18.6,93,17.5,0.0,5,0.0,21.6,90,-21.6,-1.3226185430791417e-15
2022-12-09 07:00:00,18.8,92,17.5,0.0,5,3.0,21.3,93,-21.270809090272422,1.1147558679747038
2022-12-09 08:00:00,20.1,86,17.7,0.0,11,79.0,23.8,94,-23.74202439618381,1.660204075110183
2022-12-09 09:00:00,21.8,75,17.2,0.0,32,207.0,28.8,90,-28.8,-1.7634913907721889e-15
2022-12-09 10:00:00,22.8,68,16.6,0.0,43,299.0,29.5,89,-29.49550700711354,-0.5148459898998662
2022-12-09 11:00:00,23.6,64,16.3,0.0,62,378.0,29.2,90,-29.2,-1.7879843267551358e-15
2022-12-09 12:00:00,24.2,62,16.5,0.0,60,487.0,29.5,92,-29.482029397063325,1.0295351527237782
2022-12-09 13:00:00,24.3,62,16.5,0.0,72,444.0,28.8,92,-28.78245581814996,1.0051055050320274
2022-12-09 14:00:00,24.1,64,16.7,0.0,61,438.0,28.1,91,-28.0957202338946,0.4904126208876657
2022-12-09 15:00:00,23.4,65,16.4,0.0,72,247.0,28.4,91,-28.395674542441512,0.4956483428188507
2022-12-09 16:00:00,22.3,70,16.6,0.0,71,103.0,28.8,89,-28.79561362050407,-0.5026293053937676
2022-12-09 17:00:00,21.2,76,16.8,0.0,46,31.0,26.3,91,-26.29599438261309,0.4589982893005555
2022-12-09 18:00:00,20.4,80,16.8,0.0,12,0.0,23.8,88,-23.78550168305448,-0.8306080215195257
2022-12-09 19:00:00,20.0,82,16.7,0.0,8,0.0,20.5,90,-20.5,-1.255262969126037e-15
2022-12-09 20:00:00,19.6,83,16.7,0.0,2,0.0,19.2,95,-19.126938203361515,1.6733902607550382
2022-12-09 21:00:00,19.5,84,16.7,0.0,6,0.0,19.2,96,-19.094820391070847,2.006946494738948
2022-12-09 22:00:00,19.3,85,16.7,0.0,4,0.0,18.0,93,-17.975331625582328,0.9420472123729892
2022-12-09 23:00:00,19.2,86,16.7,0.0,10,0.0,16.6,95,-16.536831988322977,1.4467853296111268
2022-12-10 00:00:00,19.0,87,16.8,0.0,19,0.0,15.9,95,-15.839495699658755,1.385776309687766
2022-12-10 01:00:00,18.7,89,16.8,0.0,47,0.0,14.8,94,-14.763947943845398,1.032395811413055
2022-12-10 02:00:00,18.6,90,16.8,0.0,59,0.0,13.7,95,-13.647867363856914,1.1940336756429175
2022-12-10 03:00:00,18.8,89,17.0,0.0,81,0.0,12.6,90,-12.6,-7.715274834628325e-16
2022-12-10 04:00:00,18.5,90,16.9,0.0,86,0.0,11.5,90,-11.5,-7.041719095097281e-16
2022-12-10 05:00:00,18.3,92,16.9,0.0,79,0.0,11.5,90,-11.5,-7.041719095097281e-16
2022-12-10 06:00:00,18.2,92,16.8,0.0,43,0.0,9.7,90,-9.7,-5.939536975864663e-16
2022-12-10 07:00:00,18.1,92,16.7,0.0,41,2.0,8.3,85,-8.268415994161488,-0.7233926648055626
2022-12-10 08:00:00,19.4,86,17.0,0.0,38,66.0,9.7,92,-9.694091022085228,0.3385251180142592
2022-12-10 09:00:00,21.2,77,17.0,0.0,35,209.0,13.0,88,-12.992080751248244,-0.453693457132514
2022-12-10 10:00:00,22.6,69,16.7,0.0,54,365.0,13.8,81,-13.630099100212902,-2.158795617555187
2022-12-10 11:00:00,23.6,64,16.4,0.0,34,441.0,14.4,87,-14.380265300465863,-0.7536377698983932
2022-12-10 12:00:00,24.4,59,15.8,0.0,23,539.0,16.2,93,-16.177798463024097,0.8478424911356902
2022-12-10 13:00:00,24.6,58,15.8,0.0,15,493.0,17.0,96,-16.906872221260645,1.7769838755501104
2022-12-10 14:00:00,24.5,59,15.9,0.0,12,374.0,17.8,97,-17.667321499215532,2.1692743126116234
2022-12-10 15:00:00,24.1,60,15.9,0.0,8,299.0,17.3,94,-17.257858069494958,1.2067869957733683
2022-12-10 16:00:00,23.5,65,16.5,0.0,4,168.0,16.6,94,-16.55956323431308,1.1579574641524806
2022-12-10 17:00:00,22.3,73,17.1,0.0,3,46.0,13.8,96,-13.724402156082173,1.442492793093619
2022-12-10 18:00:00,21.0,80,17.5,0.0,10,0.0,12.6,93,-12.58273213790763,0.6594330486610924
2022-12-10 19:00:00,20.5,84,17.8,0.0,12,0.0,11.9,85,-11.854716907291772,-1.037153338697132
2022-12-10 20:00:00,20.1,87,18.0,0.0,12,0.0,11.6,85,-11.555858497864248,-1.0110066158728344
2022-12-10 21:00:00,19.8,89,18.0,0.0,13,0.0,12.2,90,-12.2,-7.470345474798854e-16
2022-12-10 22:00:00,19.6,91,18.0,0.0,17,0.0,13.3,90,-13.3,-8.1439012143299e-16
2022-12-10 23:00:00,19.3,92,18.0,0.0,21,0.0,14.8,87,-14.779717114367694,-0.7745721523955708
2022-12-11 00:00:00,19.2,92,18.0,0.0,10,0.0,17.0,85,-16.935309867559674,-1.4816476267101883
2022-12-11 01:00:00,19.1,92,17.9,0.0,7,0.0,18.1,85,-18.0311240354606,-1.5775189437326125
2022-12-11 02:00:00,18.8,93,17.6,0.0,7,0.0,20.2,86,-20.15079381524845,-1.4090807696313297
2022-12-11 03:00:00,18.5,90,16.9,0.0,12,0.0,21.1,82,-20.89465625044713,-2.9365524302573816
2022-12-11 04:00:00,18.4,88,16.4,0.0,8,0.0,20.7,82,-20.498549022950503,-2.880883189873355
2022-12-11 05:00:00,18.2,88,16.1,0.0,8,0.0,20.7,82,-20.498549022950503,-2.880883189873355
2022-12-11 06:00:00,18.0,87,15.7,0.0,4,0.0,19.5,86,-19.45249898006657,-1.360251238010442
2022-12-11 07:00:00,18.0,86,15.6,0.0,8,3.0,19.5,85,-19.42579661278904,-1.6995369835793337
2022-12-11 08:00:00,19.3,79,15.5,0.0,5,70.0,19.5,86,-19.45249898006657,-1.360251238010442
2022-12-11 09:00:00,20.8,71,15.4,0.0,8,211.0,19.9,85,-19.824274492025737,-1.7343992806783968
2022-12-11 10:00:00,21.8,67,15.4,0.0,7,292.0,21.3,85,-21.21894706935418,-1.8564173205251184
2022-12-11 11:00:00,23.0,63,15.5,0.0,4,488.0,22.8,85,-22.7132391164918,-1.9871509346466056
2022-12-11 12:00:00,23.7,61,15.6,0.0,7,541.0,24.1,87,-24.06697178758523,-1.2612965454549496
2022-12-11 13:00:00,23.8,61,15.8,0.0,4,490.0,24.5,88,-24.485075261967847,-0.8550376692112764
2022-12-11 14:00:00,23.6,62,16.0,0.0,10,403.0,23.8,87,-23.76738292715886,-1.2455957585820665
2022-12-11 15:00:00,23.3,63,15.9,0.0,8,353.0,23.1,87,-23.068342252830657,-1.2089605892120057
2022-12-11 16:00:00,22.4,66,15.8,0.0,21,178.0,22.3,90,-22.3,-1.3654811810492988e-15
2022-12-11 17:00:00,21.2,70,15.6,0.0,20,46.0,20.9,90,-20.9,-1.279755905108984e-15
2022-12-11 18:00:00,20.2,74,15.4,0.0,12,0.0,17.3,85,-17.234168276987198,-1.507794349534486
2022-12-11 19:00:00,19.6,76,15.3,0.0,22,0.0,15.6,82,-15.448181872368496,-2.171100374977021
2022-12-11 20:00:00,19.3,77,15.2,0.0,21,0.0,14.1,87,-14.080676440039491,-0.7379369830255099
2022-12-11 21:00:00,19.2,77,15.2,0.0,21,0.0,13.0,88,-12.992080751248244,-0.453693457132514
2022-12-11 22:00:00,19.2,77,15.1,0.0,23,0.0,12.6,92,-12.592324420440606,0.439733658451512
2022-12-11 23:00:00,19.2,77,15.0,0.0,23,0.0,14.6,100,-14.378193193978236,2.5352633939371825
2022-12-12 00:00:00,19.2,76,15.0,0.0,32,0.0,17.2,100,-16.938693351809977,2.9867486558712013
2022-12-12 01:00:00,19.1,77,15.0,0.0,47,0.0,18.8,95,-18.728460324124818,1.6385279636559749
2022-12-12 02:00:00,19.0,77,14.9,0.0,80,0.0,21.3,94,-21.248114270534256,1.4858128907498696
2022-12-12 03:00:00,19.0,78,15.1,0.0,91,0.0,22.3,88,-22.28641544252584,-0.7782587764657741
2022-12-12 04:00:00,19.1,78,15.1,0.0,86,0.0,22.0,85,-21.9162833580184,-1.917426340448479
2022-12-12 05:00:00,19.1,78,15.1,0.0,74,0.0,22.2,82,-21.983951126062863,-3.089642841313453
2022-12-12 06:00:00,19.0,78,15.0,0.0,94,0.0,19.4,80,-19.105270408436837,-3.3687746467384496
2022-12-12 07:00:00,19.1,78,15.1,0.0,70,1.0,15.8,90,-15.8,-9.67470971326409e-16
2022-12-12 08:00:00,19.6,76,15.3,0.0,64,26.0,17.7,102,-17.31321253298836,3.68003692747434
2022-12-12 09:00:00,20.1,74,15.4,0.0,55,38.0,19.2,96,-19.094820391070847,2.006946494738948
2022-12-12 10:00:00,20.7,71,15.3,0.0,41,99.0,20.5,90,-20.5,-1.255262969126037e-15
2022-12-12 11:00:00,21.5,67,15.2,0.0,40,209.0,23.8,88,-23.78550168305448,-0.8306080215195257
2022-12-12 12:00:00,22.0,66,15.2,0.0,26,271.0,24.5,88,-24.485075261967847,-0.8550376692112764
2022-12-12 13:00:00,22.4,64,15.4,0.0,32,369.0,25.6,94,-25.537639686651502,1.7857657278496086
2022-12-12 14:00:00,22.2,65,15.4,0.0,31,327.0,29.2,94,-29.128870267586866,2.0368890333284595
2022-12-12 15:00:00,21.4,69,15.4,0.0,62,212.0,29.9,91,-29.895446085176097,0.521826952474776
2022-12-12 16:00:00,20.5,71,15.2,0.0,54,93.0,28.4,91,-28.395674542441512,0.4956483428188507
2022-12-12 17:00:00,19.7,74,14.9,0.0,44,31.0,27.4,93,-27.36244925227532,1.4340052010566613
2022-12-12 18:00:00,19.0,76,14.7,0.0,29,0.0,25.2,88,-25.184648840881213,-0.8794673169030272
2022-12-12 19:00:00,18.8,76,14.6,0.0,42,0.0,23.4,90,-23.4,-1.4328367550024029e-15
2022-12-12 20:00:00,18.7,76,14.4,0.0,70,0.0,23.1,92,-23.085928104141114,0.8061783738277721
2022-12-12 21:00:00,18.7,76,14.3,0.0,58,0.0,21.6,93,-21.5703979506988,1.130456654847587
2022-12-12 22:00:00,18.8,76,14.4,0.0,47,0.0,22.0,92,-21.986598194420107,0.767788927455021
2022-12-12 23:00:00,18.8,76,14.4,0.0,62,0.0,21.6,91,-21.596710215378053,0.3769719790453231
2022-12-13 00:00:00,18.9,76,14.5,0.0,58,0.0,19.4,91,-19.39704528603399,0.3385766848832994
2022-12-13 01:00:00,18.8,77,14.6,0.0,51,0.0,18.8,94,-18.754204144884696,1.3114217063895564
2022-12-13 02:00:00,18.8,77,14.7,0.0,37,0.0,19.5,93,-19.47327592771419,1.0205511467374049
2022-12-13 03:00:00,18.8,77,14.8,0.0,35,0.0,19.1,90,-19.1,-1.1695376931857224e-15
2022-12-13 04:00:00,18.6,78,14.7,0.0,31,0.0,18.7,89,-18.697151899424515,-0.3263600003772032
2022-12-13 05:00:00,18.4,79,14.6,0.0,21,0.0,18.4,89,-18.3971975908776,-0.3211242784460182
2022-12-13 06:00:00,18.0,80,14.6,0.0,58,0.0,16.2,89,-16.197532661533536,-0.2827289842839943
2022-12-13 07:00:00,18.1,80,14.6,0.0,56,2.0,16.2,94,-16.16053761420915,1.1300548746548302
2022-12-13 08:00:00,19.1,75,14.7,0.0,51,55.0,16.6,95,-16.536831988322977,1.4467853296111268
2022-12-13 09:00:00,20.5,70,14.8,0.0,43,194.0,18.1,95,-18.0311240354606,1.5775189437326145
2022-12-13 10:00:00,21.2,67,14.9,0.0,39,238.0,18.0,93,-17.975331625582328,0.9420472123729892
2022-12-13 11:00:00,21.8,66,15.0,0.1,33,247.0,17.0,96,-16.906872221260645,1.7769838755501104
2022-12-13 12:00:00,21.9,66,15.3,0.1,28,186.0,17.2,106,-16.533701170139086,4.740962520052384
2022-12-13 13:00:00,22.2,65,15.3,0.0,28,253.0,17.1,108,-16.26306642864713,5.2841906038116
2022-12-13 14:00:00,21.9,66,15.3,0.0,36,137.0,18.4,107,-17.596007509719854,5.379639366898354
2022-12-13 15:00:00,21.6,70,15.9,0.1,51,137.0,20.3,102,-19.856396294896257,4.220607323600515
2022-12-13 16:00:00,20.8,73,15.8,0.1,55,52.0,20.6,96,-20.48715104458643,2.1532863433136638
2022-12-13 17:00:00,19.9,77,15.8,0.0,59,25.0,20.2,94,-20.15079381524845,1.4090807696313317
2022-12-13 18:00:00,19.2,80,15.7,0.0,49,0.0,21.2,90,-21.2,-1.2981256070961944e-15
2022-12-13 19:00:00,18.7,82,15.6,0.0,48,0.0,22.7,91,-22.69654268005008,0.3961696261263349
2022-12-13 20:00:00,18.4,83,15.5,0.0,44,0.0,22.0,89,-21.99664929344061,-0.3839529416202392
2022-12-13 21:00:00,18.4,82,15.4,0.0,34,0.0,18.7,91,-18.697151899424515,0.326360000377201
2022-12-13 22:00:00,18.3,83,15.3,0.0,20,0.0,16.0,98,-15.844289099865126,2.2267696153610457
2022-12-13 23:00:00,18.2,83,15.3,0.0,21,0.0,16.9,102,-16.530694452401313,3.5137075748201325
2022-12-14 00:00:00,18.2,83,15.3,0.0,35,0.0,18.9,99,-18.667309637248103,2.9566113892603623
2022-12-14 01:00:00,18.1,83,15.3,0.0,33,0.0,19.1,94,-19.053473359962645,1.332348648512794
2022-12-14 02:00:00,18.0,84,15.2,0.0,44,0.0,19.1,94,-19.053473359962645,1.332348648512794
2022-12-14 03:00:00,18.0,84,15.2,0.0,35,0.0,19.9,94,-19.8515246001705,1.388153827508094
2022-12-14 04:00:00,17.8,83,15.0,0.0,25,0.0,20.9,92,-20.8872682846991,0.7293994810822699
2022-12-14 05:00:00,17.6,83,14.7,0.0,25,0.0,21.6,91,-21.596710215378053,0.3769719790453231
2022-12-14 06:00:00,17.5,83,14.5,0.0,63,0.0,21.3,93,-21.270809090272422,1.1147558679747038
2022-12-14 07:00:00,17.5,82,14.3,0.0,71,1.0,22.7,93,-22.668890438928827,1.188026206714825
2022-12-14 08:00:00,18.5,76,14.2,0.0,65,49.0,24.2,94,-24.141050016287743,1.6881066646078329
2022-12-14 09:00:00,19.5,71,14.2,0.0,38,150.0,24.5,89,-24.496268531331587,-0.4275839577134481
2022-12-14 10:00:00,20.7,66,14.1,0.0,23,273.0,22.3,88,-22.28641544252584,-0.7782587764657741
2022-12-14 11:00:00,21.6,63,14.2,0.0,11,340.0,19.9,94,-19.8515246001705,1.388153827508094
2022-12-14 12:00:00,22.3,61,14.4,0.0,15,450.0,18.5,103,-18.025846198526853,4.161594505361503
2022-12-14 13:00:00,22.4,62,14.8,0.2,17,407.0,19.4,108,-18.45049641612598,5.9949296908739775
2022-12-14 14:00:00,22.4,63,15.0,0.2,20,313.0,20.8,104,-20.18215110654073,5.03197542847309
2022-12-14 15:00:00,21.6,65,14.8,0.0,20,229.0,22.1,97,-21.93526995127322,2.6933124892537568
2022-12-14 16:00:00,20.8,67,14.6,0.0,44,96.0,22.4,95,-22.314761237255095,1.9522886375475443
2022-12-14 17:00:00,19.9,71,14.5,0.0,58,27.0,20.3,97,-20.14868687831884,2.4739476711244914
2022-12-14 18:00:00,19.1,75,14.5,0.0,60,0.0,20.6,96,-20.48715104458643,2.1532863433136638
2022-12-14 19:00:00,18.8,77,14.6,0.1,64,0.0,18.1,97,-17.96508534470793,2.2058351156331675
2022-12-14 20:00:00,18.7,78,14.7,0.2,31,0.0,17.9,99,-17.679621296652964,2.8001769242201315
2022-12-14 21:00:00,18.6,80,15.1,0.2,48,0.0,17.5,98,-17.329691202977482,2.435529266801144
2022-12-14 22:00:00,18.5,81,15.2,0.1,62,0.0,16.7,97,-16.575520732410077,2.0352180348659608
2022-12-14 23:00:00,18.5,82,15.3,0.0,47,0.0,16.3,96,-16.210706894502856,1.703813951262753
2022-12-15 00:00:00,18.4,82,15.3,0.0,45,0.0,17.3,95,-17.234168276987198,1.5077943495344874
2022-12-15 01:00:00,18.4,83,15.4,0.0,76,0.0,18.4,91,-18.3971975908776,0.3211242784460159
2022-12-15 02:00:00,18.4,83,15.5,0.0,71,0.0,19.1,91,-19.097090977487078,0.3333409629521144
2022-12-15 03:00:00,18.1,86,15.6,0.0,70,0.0,18.7,90,-18.7,-1.1450447572027753e-15
2022-12-15 04:00:00,18.0,86,15.6,0.0,48,0.0,17.7,92,-17.689217638237995,0.6177210916342669
2022-12-15 05:00:00,18.0,86,15.7,0.0,59,0.0,16.6,91,-16.597471739596095,0.2897099468589057
2022-12-15 06:00:00,17.9,87,15.8,0.1,25,0.0,14.5,97,-14.39191919879917,1.7671054793746368
2022-12-15 07:00:00,17.9,88,16.0,0.1,35,1.0,15.7,101,-15.411546780128324,2.9957012274117534
2022-12-15 08:00:00,18.6,87,16.4,0.3,40,51.0,17.6,101,-17.276638428678886,3.3582383186271887
2022-12-15 09:00:00,19.5,83,16.6,0.4,30,148.0,17.4,97,-17.270303038559003,2.120526575249564
2022-12-15 10:00:00,20.4,79,16.7,1.2,18,222.0,16.1,100,-15.855404823496553,2.795735660437578
2022-12-15 11:00:00,21.0,76,16.6,0.9,13,303.0,18.0,102,-17.606656813208502,3.742410434719668
2022-12-15 12:00:00,21.4,74,16.6,0.7,8,224.0,19.4,100,-19.105270408436837,3.368774646738448
2022-12-15 13:00:00,22.1,69,16.2,0.3,23,296.0,19.2,98,-19.01314691983815,2.672123538433255
2022-12-15 14:00:00,22.2,68,16.0,0.2,29,193.0,18.4,101,-18.061940175437016,3.510885514928424
2022-12-15 15:00:00,22.2,68,16.0,0.1,32,225.0,18.8,102,-18.38917489379555,3.908739787373876
2022-12-15 16:00:00,21.5,72,16.2,0.0,37,112.0,19.0,100,-18.711347307231957,3.299315375671676
2022-12-15 17:00:00,20.7,77,16.4,0.1,50,34.0,17.8,98,-17.626771623599954,2.4772811970891637
2022-12-15 18:00:00,19.9,81,16.6,0.2,44,0.0,18.0,92,-17.989034886343724,0.6281909406450172
2022-12-15 19:00:00,19.6,84,16.8,0.2,41,0.0,15.2,95,-15.142159410994532,1.3247672897644052
2022-12-15 20:00:00,19.6,85,17.0,0.1,39,0.0,15.0,101,-14.72440775171496,2.862134930648172
2022-12-15 21:00:00,19.4,87,17.1,0.3,40,0.0,16.5,101,-16.196848526886455,3.148348423712989
2022-12-15 22:00:00,19.4,87,17.2,0.3,31,0.0,16.4,99,-16.19808878576026,2.565525226659785
2022-12-15 23:00:00,19.3,88,17.3,0.1,26,0.0,16.3,95,-16.237973578895453,1.4206386067868293
2022-12-16 00:00:00,19.3,88,17.3,0.0,25,0.0,15.5,93,-15.478757788695894,0.8112073217656296
2022-12-16 01:00:00,19.1,90,17.4,0.0,25,0.0,15.2,95,-15.142159410994532,1.3247672897644052
2022-12-16 02:00:00,19.0,91,17.5,0.0,14,0.0,15.9,96,-15.812898136355546,1.6620025659556916
2022-12-16 03:00:00,18.8,93,17.7,0.0,22,0.0,16.7,96,-16.608515652650162,1.7456253365698142
2022-12-16 04:00:00,18.7,95,17.8,0.0,18,0.0,16.8,99,-16.593164121998313,2.628099012675878
2022-12-16 05:00:00,18.8,95,18.0,0.0,25,0.0,17.5,99,-17.28454596041491,2.7376031382040398
2022-12-16 06:00:00,18.9,95,18.1,0.0,17,0.0,18.9,99,-18.667309637248103,2.9566113892603623
2022-12-16 07:00:00,19.1,95,18.2,0.0,22,1.0,19.7,98,-19.50828095420893,2.7417100889132877
2022-12-16 08:00:00,20.0,92,18.6,0.0,21,69.0,21.0,96,-20.88495980273374,2.1950977286207247
2022-12-16 09:00:00,21.7,82,18.6,0.0,22,201.0,21.6,89,-21.596710215378053,-0.3769719790453257
2022-12-16 10:00:00,23.2,76,18.7,0.0,5,358.0,19.8,89,-19.79698436409655,-0.3455576474582152
2022-12-16 11:00:00,24.2,71,18.6,0.0,6,509.0,19.5,92,-19.488121126872368,0.6805401856987686
2022-12-16 12:00:00,24.7,69,18.5,0.0,5,549.0,18.8,95,-18.728460324124818,1.6385279636559749
2022-12-16 13:00:00,24.8,67,18.4,0.0,8,490.0,18.2,99,-17.975927798831506,2.847107263732201
2022-12-16 14:00:00,24.8,67,18.3,0.1,11,425.0,18.3,100,-18.02198188012341,3.177761651304825
2022-12-16 15:00:00,24.4,69,18.3,0.0,23,257.0,18.0,102,-17.606656813208502,3.742410434719668
2022-12-16 16:00:00,23.5,72,18.2,0.0,16,117.0,20.3,102,-19.856396294896257,4.220607323600515
2022-12-16 17:00:00,22.1,77,17.9,0.0,20,36.0,22.3,99,-22.02544999527157,3.488488570397147
2022-12-16 18:00:00,21.0,80,17.5,0.0,36,0.0,24.3,96,-24.16688205744904,2.540041657403981
2022-12-16 19:00:00,20.5,82,17.3,0.0,34,0.0,24.9,93,-24.86587541538889,1.3031653104493015
2022-12-16 20:00:00,20.3,83,17.3,0.0,37,0.0,22.7,93,-22.668890438928827,1.188026206714825
2022-12-16 21:00:00,20.2,83,17.2,0.0,50,0.0,22.7,94,-22.644703940898008,1.5834719539916449
2022-12-16 22:00:00,20.0,83,17.1,0.0,72,0.0,23.8,94,-23.74202439618381,1.660204075110183
2022-12-16 23:00:00,19.8,84,17.0,0.0,67,0.0,24.9,92,-24.884831592775484,0.8689974678922737
2022-12-17 00:00:00,19.6,84,16.9,0.0,76,0.0,24.5,92,-24.485075261967847,0.8550376692112734
2022-12-17 01:00:00,19.6,84,16.9,0.0,100,0.0,25.2,92,-25.184648840881213,0.879467316903024
2022-12-17 02:00:00,19.7,83,16.7,0.0,100,0.0,26.3,93,-26.263956764045293,1.376435649189423
2022-12-17 03:00:00,19.1,87,16.8,0.9,100,0.0,27.4,92,-27.383308660323223,0.956246209648526
2022-12-17 04:00:00,18.8,87,16.6,1.4,100,0.0,28.5,93,-28.460941740505355,1.4915747529238994
2022-12-17 05:00:00,18.6,86,16.3,2.0,100,0.0,30.6,92,-30.58135930678433,1.0679245990965294
2022-12-17 06:00:00,18.2,87,16.0,2.1,100,0.0,31.0,93,-30.95751557739179,1.6224146435312592
2022-12-17 07:00:00,17.7,86,15.3,1.8,100,1.0,33.5,92,-33.47959270513971,1.169133139533782
2022-12-17 08:00:00,17.4,85,14.9,1.9,100,19.0,35.3,91,-35.29462363902061,0.6160699472361066
2022-12-17 09:00:00,17.4,83,14.4,1.9,100,70.0,35.6,91,-35.59457794756753,0.6213056691672918
2022-12-17 10:00:00,17.0,83,14.1,1.6,100,54.0,35.3,91,-35.29462363902061,0.6160699472361066
2022-12-17 11:00:00,16.7,81,13.5,1.3,100,70.0,37.5,93,-37.44860755329652,1.9625983591103944
2022-12-17 12:00:00,16.6,79,12.9,1.1,100,135.0,38.2,92,-38.17672959212946,1.333160774035537
2022-12-17 13:00:00,16.0,80,12.5,1.2,98,69.0,36.4,92,-36.37782610349508,1.2703416799710348
2022-12-17 14:00:00,15.3,81,12.1,1.5,100,13.0,35.3,91,-35.29462363902061,0.6160699472361066
2022-12-17 15:00:00,15.3,85,12.8,1.8,87,21.0,34.9,91,-34.894684560958055,0.6090889846611933
2022-12-17 16:00:00,14.8,85,12.4,1.6,74,0.0,35.3,90,-35.3,-2.1615016004950783e-15
2022-12-17 17:00:00,14.4,86,12.0,1.3,72,0.0,35.6,91,-35.59457794756753,0.6213056691672918
2022-12-17 18:00:00,14.0,86,11.7,1.1,95,0.0,36.4,92,-36.37782610349508,1.2703416799710348
2022-12-17 19:00:00,13.8,82,10.9,0.6,89,0.0,38.2,91,-38.19418195497415,0.6666819259042289
2022-12-17 20:00:00,13.8,79,10.3,0.5,77,0.0,37.8,91,-37.79424287691159,0.6597009633293154
2022-12-17 21:00:00,13.6,77,9.7,0.2,70,0.0,37.1,89,-37.09434949030212,-0.6474842788232216
2022-12-17 22:00:00,13.7,72,8.8,0.0,76,0.0,34.2,90,-34.2,-2.094146026541974e-15
2022-12-17 23:00:00,13.9,67,7.9,0.0,75,0.0,33.9,92,-33.87934903594734,1.1830929382147823
2022-12-18 00:00:00,13.9,63,7.1,0.0,85,0.0,35.3,91,-35.29462363902061,0.6160699472361066
2022-12-18 01:00:00,13.7,61,6.3,0.0,87,0.0,35.3,89,-35.29462363902061,-0.616069947236111
2022-12-18 02:00:00,13.4,60,5.8,0.0,98,0.0,34.9,89,-34.894684560958055,-0.6090889846611975
2022-12-18 03:00:00,13.3,64,6.6,0.2,96,0.0,35.6,89,-35.59457794756753,-0.6213056691672961
2022-12-18 04:00:00,13.0,64,6.3,0.1,91,0.0,36.0,88,-35.97806977268745,-1.256381881290039
2022-12-18 05:00:00,12.7,64,6.2,0.2,80,0.0,34.9,88,-34.87873986296644,-1.2179924349172877
2022-12-18 06:00:00,12.7,62,5.7,0.0,64,0.0,32.0,91,-31.99512624500452,0.5584770059930713
2022-12-18 07:00:00,12.7,61,5.4,0.0,72,1.0,32.8,93,-32.75504873995002,1.716619364768558
2022-12-18 08:00:00,12.8,60,5.3,0.0,68,38.0,33.2,358,1.1586632905230274,-33.17977545703398
2022-12-18 09:00:00,13.2,59,5.3,0.0,71,126.0,34.2,358,1.1935627872255283,-34.179166284053075
2022-12-18 10:00:00,13.8,57,5.4,0.0,50,243.0,33.1,359,0.5776746530740858,-33.094958709676554
2022-12-18 11:00:00,14.3,56,5.5,0.0,49,284.0,31.0,358,1.0818843977775254,-30.98111563759197
2022-12-18 12:00:00,14.7,54,5.6,0.0,60,361.0,29.2,357,1.5282099222939756,-29.159982414833557
2022-12-18 13:00:00,14.8,55,5.8,0.0,61,355.0,28.1,356,1.9601569122099305,-28.031549812301066
2022-12-18 14:00:00,15.1,53,5.7,0.0,69,358.0,25.6,356,1.7857657278496164,-25.537639686651502
2022-12-18 15:00:00,14.2,58,6.1,0.1,63,24.0,25.0,354,2.6132115816913357,-24.863047384206837
2022-12-18 16:00:00,14.0,59,6.1,0.0,46,73.0,25.3,356,1.7648387857263783,-25.238370471573557
2022-12-18 17:00:00,13.4,62,6.2,0.0,14,36.0,23.1,356,1.6113745434893023,-23.04372956100194
2022-12-18 18:00:00,12.9,63,6.1,0.0,30,0.0,20.9,357,1.0938214854775372,-20.871357276370592
2022-12-18 19:00:00,12.7,64,6.2,0.0,35,0.0,17.7,358,0.6177210916342646,-17.689217638237995
2022-12-18 20:00:00,12.7,65,6.2,0.0,59,0.0,15.5,357,0.8112073217656377,-15.478757788695894
2022-12-18 21:00:00,12.7,66,6.4,0.0,71,0.0,13.3,2,-0.4641633061432629,-13.291897999353974
2022-12-18 22:00:00,12.7,66,6.5,0.0,75,0.0,10.8,2,-0.3769145643870105,-10.793420931806237
2022-12-18 23:00:00,12.7,67,6.7,0.0,71,0.0,10.5,356,0.7324429743133192,-10.474422527728152
2022-12-19 00:00:00,12.7,68,7.0,0.0,59,0.0,10.1,2,-0.3524849166952598,-10.093847352892867
2022-12-19 01:00:00,12.7,69,7.2,0.0,38,0.0,9.8,6,-1.024378940023004,-9.746314574609078
2022-12-19 02:00:00,12.7,71,7.5,0.0,27,0.0,9.7,2,-0.3385251180142594,-9.694091022085228
2022-12-19 03:00:00,12.7,72,7.7,0.0,26,0.0,9.4,2,-0.3280552690035091,-9.3942737739795
2022-12-19 04:00:00,12.7,73,7.9,0.0,15,0.0,9.0,2,-0.3140954703225087,-8.994517443171862
2022-12-19 05:00:00,12.7,73,8.1,0.0,13,0.0,9.4,2,-0.3280552690035091,-9.3942737739795
2022-12-19 06:00:00,12.7,74,8.2,0.0,13,0.0,10.0,347,2.249510543438653,-9.743700647852352
2022-12-19 07:00:00,12.8,75,8.5,0.0,17,2.0,9.5,9,-1.4861274178821933,-9.38303923565381
2022-12-19 08:00:00,13.9,74,9.3,0.0,12,68.0,10.9,9,-1.7051356689385164,-10.765802912487002
2022-12-19 09:00:00,15.7,63,8.6,0.0,21,229.0,10.1,6,-1.0557374790033,-10.04467114321956
2022-12-19 10:00:00,16.7,58,8.5,0.0,24,370.0,8.7,355,0.7582549619046273,-8.666893873398186
2022-12-19 11:00:00,17.6,55,8.5,0.0,32,501.0,9.2,339,3.296985135816767,-8.588939923774253
2022-12-19 12:00:00,18.2,52,8.3,0.0,38,496.0,10.0,334,4.383711467890778,-8.987940462991668
2022-12-19 13:00:00,18.6,51,8.2,0.0,56,445.0,9.9,341,3.223124729125852,-9.360633898433235
2022-12-19 14:00:00,18.6,50,8.0,0.0,46,344.0,9.0,344,2.48073620235299,-8.65135526344487
2022-12-19 15:00:00,18.7,52,8.6,0.0,42,216.0,9.9,341,3.223124729125852,-9.360633898433235
2022-12-19 16:00:00,18.4,53,8.6,0.0,38,141.0,10.0,347,2.249510543438653,-9.743700647852352
2022-12-19 17:00:00,17.7,57,9.0,0.0,29,45.0,8.0,350,1.389185421335443,-7.878462024097664
2022-12-19 18:00:00,16.9,61,9.4,0.0,44,0.0,8.3,2,-0.2896658226307581,-8.294943864258496
2022-12-19 19:00:00,16.2,66,9.7,0.0,37,0.0,7.8,22,-2.921931428644114,-7.232034065620942
2022-12-19 20:00:00,15.5,70,10.2,0.0,35,0.0,7.2,6,-0.7526049355271051,-7.160557646651568
2022-12-19 21:00:00,14.7,75,10.4,0.0,29,0.0,7.7,349,1.469229264399394,-7.558529312547013
2022-12-19 22:00:00,14.1,79,10.4,0.0,36,0.0,8.0,352,1.113384807680527,-7.922144549932562
2022-12-19 23:00:00,14.2,78,10.4,0.0,33,0.0,6.5,354,0.6794350112397471,-6.4643923198937765
2022-12-20 00:00:00,14.6,76,10.3,0.0,40,0.0,4.8,347,1.0797650608505536,-4.6769763109691285
2022-12-20 01:00:00,14.7,74,10.2,0.0,37,0.0,6.3,336,2.562440851377541,-5.755336383148386
2022-12-20 02:00:00,14.4,75,10.1,0.0,34,0.0,6.3,347,1.4171916423663515,-6.1385314081469815
2022-12-20 03:00:00,13.6,82,10.7,0.0,33,0.0,6.8,357,0.3558845024520217,-6.790680836331102
2022-12-20 04:00:00,13.3,84,10.6,0.0,28,0.0,7.2,360,1.7634913907721889e-15,-7.2
2022-12-20 05:00:00,13.0,85,10.5,0.0,28,0.0,8.0,355,0.6972459419812665,-7.969557584733964
2022-12-20 06:00:00,12.6,85,10.2,0.0,31,0.0,6.5,357,0.3401837155791384,-6.49109197590473
2022-12-20 07:00:00,12.5,85,10.1,0.0,28,1.0,5.4,8,-0.7515347451843534,-5.34744757120448
2022-12-20 08:00:00,14.9,83,12.1,0.0,25,60.0,4.6,342,1.4214781741247593,-4.3748599749577055
2022-12-20 09:00:00,18.3,63,11.3,0.0,26,206.0,3.9,292,3.616017032810471,-1.460965714322057
2022-12-20 10:00:00,19.8,55,10.5,0.0,27,388.0,5.9,281,5.791600382341217,-1.1257730727216162
2022-12-20 11:00:00,20.7,52,10.6,0.0,16,505.0,7.4,284,7.180188374442375,-1.790222027437539
2022-12-20 12:00:00,21.3,52,10.9,0.0,11,566.0,9.1,288,8.654614298285898,-2.8120546488120195
2022-12-20 13:00:00,21.6,52,11.3,0.0,19,568.0,10.5,297,9.355568503977864,-4.76690024726524
2022-12-20 14:00:00,21.4,54,11.7,0.0,23,463.0,10.2,309,7.926888806861101,-6.419067988708342
2022-12-20 15:00:00,21.2,59,12.8,0.0,28,302.0,11.7,326,6.542556970607735,-9.69973959889399
2022-12-20 16:00:00,20.7,62,13.3,0.0,30,154.0,12.4,338,4.6451217583573134,-11.497079796628164
2022-12-20 17:00:00,19.8,68,13.7,0.0,30,40.0,10.4,346,2.515987714236546,-10.091075553270365
2022-12-20 18:00:00,18.5,75,14.0,0.0,26,0.0,10.4,346,2.515987714236546,-10.091075553270365
2022-12-20 19:00:00,17.9,80,14.4,0.0,26,0.0,9.5,351,1.4861274178821953,-9.383039235653808
2022-12-20 20:00:00,17.5,84,14.7,0.0,25,0.0,9.7,345,2.5105447374944503,-9.369480515003962
2022-12-20 21:00:00,17.3,86,14.9,0.0,30,0.0,10.0,345,2.588190451025207,-9.659258262890685
2022-12-20 22:00:00,16.9,89,15.0,0.0,32,0.0,10.0,347,2.249510543438653,-9.743700647852352
2022-12-20 23:00:00,16.6,91,15.1,0.0,33,0.0,10.7,348,2.2246550917500305,-10.46617932785172
2022-12-21 00:00:00,16.6,92,15.3,0.0,32,0.0,10.6,350,1.840670683269462,-10.438962181929403
2022-12-21 01:00:00,16.6,93,15.5,0.0,30,0.0,10.2,350,1.7712114122026898,-10.04503908072452
2022-12-21 02:00:00,16.7,94,15.7,0.0,40,0.0,11.1,347,2.496956703216905,-10.815507719116107
2022-12-21 03:00:00,16.8,93,15.6,0.0,35,0.0,12.4,350,2.153237403069937,-12.21161613735138
2022-12-21 04:00:00,16.8,94,15.7,0.0,45,0.0,14.6,351,2.283943189587374,-14.42024977268901
2022-12-21 05:00:00,16.8,94,15.8,0.0,59,0.0,15.9,354,1.6620025659556894,-15.812898136355546
2022-12-21 06:00:00,16.7,94,15.7,0.0,52,0.0,17.0,354,1.776983875550108,-16.906872221260645
2022-12-21 07:00:00,16.7,94,15.7,0.0,26,1.0,18.2,352,2.532950437473199,-18.02287885109658
2022-12-21 08:00:00,17.3,91,15.9,0.0,18,51.0,19.2,355,1.6733902607550395,-19.126938203361515
2022-12-21 09:00:00,18.4,83,15.5,0.0,29,175.0,20.6,355,1.7954083006017614,-20.52161078068996
2022-12-21 10:00:00,19.7,74,15.0,0.0,33,358.0,23.9,348,4.969089410544461,-23.377727657537957
2022-12-21 11:00:00,20.6,66,14.0,0.0,32,477.0,27.5,349,5.247247372854979,-26.99474754481076
2022-12-21 12:00:00,21.1,60,13.2,0.0,36,493.0,29.1,352,4.049937237937917,-28.816800800379696
2022-12-21 13:00:00,21.3,59,13.0,0.0,40,502.0,29.3,355,2.553663262506389,-29.188504654088145
2022-12-21 14:00:00,21.2,59,13.0,0.0,55,465.0,29.2,356,2.0368890333284684,-29.128870267586866
2022-12-21 15:00:00,20.5,64,13.4,0.0,58,293.0,29.6,357,1.5491443047911535,-29.559434228735388
2022-12-21 16:00:00,19.5,68,13.5,0.0,25,180.0,27.7,358,0.9667160586592728,-27.683125908428952
2022-12-21 17:00:00,18.4,74,13.7,0.0,24,43.0,25.6,356,1.7857657278496164,-25.537639686651502
2022-12-21 18:00:00,17.4,77,13.4,0.0,26,0.0,25.2,357,1.318866097322198,-25.16546427581526
2022-12-21 19:00:00,16.8,76,12.6,0.0,26,0.0,26.7,358,0.931816561956772,-26.683735081409857
2022-12-21 20:00:00,16.4,74,11.7,0.0,31,0.0,26.6,2,-0.9283266122865258,-26.58379599870795
2022-12-21 21:00:00,16.2,71,10.9,0.0,14,0.0,25.2,3,-1.3188660973221846,-25.16546427581526
2022-12-21 22:00:00,16.0,69,10.3,0.0,21,0.0,23.8,1,-0.4153672732073475,-23.796375144722116
2022-12-21 23:00:00,15.8,68,9.8,0.0,11,0.0,22.7,360,5.559896468128984e-15,-22.7
2022-12-22 00:00:00,15.6,67,9.4,0.0,14,0.0,22.0,358,0.7677889274550181,-21.986598194420107
2022-12-22 01:00:00,15.4,66,9.1,0.0,16,0.0,22.3,358,0.7782587764657684,-22.28641544252584
2022-12-22 02:00:00,15.2,65,8.8,0.0,10,0.0,24.1,358,0.8410778705302699,-24.08531893116021
2022-12-22 03:00:00,15.5,65,9.0,0.0,19,0.0,26.3,2,-0.9178567632757756,-26.28397875060222
2022-12-22 04:00:00,15.4,64,8.6,0.0,20,0.0,26.3,3,-1.376435649189423,-26.263956764045293
2022-12-22 05:00:00,15.2,63,8.2,0.0,17,0.0,24.9,3,-1.3031653104493015,-24.86587541538889
2022-12-22 06:00:00,15.0,62,7.8,0.0,10,0.0,22.3,3,-1.1670918242176476,-22.269438625027
2022-12-22 07:00:00,14.9,61,7.6,0.0,8,1.0,22.3,2,-0.7782587764657717,-22.28641544252584
2022-12-22 08:00:00,15.8,58,7.6,0.0,22,76.0,22.7,1,-0.3961696261263357,-22.69654268005008
2022-12-22 09:00:00,17.4,51,7.2,0.0,20,252.0,23.4,360,5.7313470200096116e-15,-23.4
2022-12-22 10:00:00,18.8,44,6.4,0.0,20,428.0,22.7,358,0.7922185751467686,-22.686171773333477
2022-12-22 11:00:00,19.8,40,5.7,0.0,17,541.0,22.7,356,1.583471953991652,-22.644703940898008
2022-12-22 12:00:00,20.3,38,5.5,0.0,19,599.0,22.4,356,1.562545011868414,-22.34543472582006
2022-12-22 13:00:00,20.5,37,5.4,0.0,20,594.0,22.4,355,1.952288637547546,-22.314761237255095
2022-12-22 14:00:00,20.3,38,5.4,0.0,4,520.0,24.1,357,1.2612965454549594,-24.06697178758523
2022-12-22 15:00:00,19.8,38,5.1,0.0,1,401.0,25.2,359,0.4398006422195457,-25.19616191794106
2022-12-22 16:00:00,18.8,42,5.6,0.0,0,214.0,23.0,360,5.633375276077825e-15,-23.0
2022-12-22 17:00:00,17.6,47,6.0,0.0,0,67.0,21.6,2,-0.753829128774021,-21.58684186361247
2022-12-22 18:00:00,16.4,51,6.2,0.0,0,0.0,18.4,6,-1.923323724124824,-18.299202874776228
2022-12-22 19:00:00,15.8,54,6.4,0.0,0,0.0,17.3,5,-1.5077943495344863,-17.234168276987198
2022-12-22 20:00:00,15.6,55,6.6,0.0,0,0.0,18.4,4,-1.2835191168919056,-18.355178524780765
2022-12-22 21:00:00,15.4,56,6.6,0.0,0,0.0,19.1,4,-1.332348648512793,-19.053473359962645
2022-12-22 22:00:00,15.3,56,6.6,0.0,0,0.0,19.2,5,-1.6733902607550368,-19.126938203361515
2022-12-22 23:00:00,15.0,57,6.4,0.0,0,0.0,18.8,5,-1.6385279636559735,-18.728460324124818
2022-12-23 00:00:00,14.8,56,6.1,0.0,0,0.0,18.1,5,-1.577518943732613,-18.0311240354606
2022-12-23 01:00:00,14.5,57,6.1,0.0,0,0.0,18.1,5,-1.577518943732613,-18.0311240354606
2022-12-23 02:00:00,14.3,58,6.2,0.0,0,0.0,17.7,5,-1.5426566466335494,-17.632646156223895
2022-12-23 03:00:00,14.6,57,6.0,0.0,0,0.0,18.4,4,-1.2835191168919056,-18.355178524780765
2022-12-23 04:00:00,14.4,58,6.2,0.0,0,0.0,18.4,6,-1.923323724124824,-18.299202874776228
2022-12-23 05:00:00,14.1,60,6.5,0.0,0,0.0,18.1,5,-1.577518943732613,-18.0311240354606
2022-12-23 06:00:00,13.8,63,7.0,0.0,3,0.0,17.0,4,-1.18586005365013,-16.958588854417012
2022-12-23 07:00:00,13.7,67,7.7,0.0,1,1.0,16.0,8,-2.226769615361047,-15.844289099865126
2022-12-23 08:00:00,14.9,66,8.5,0.0,0,77.0,16.3,6,-1.7038139512627517,-16.210706894502856
2022-12-23 09:00:00,16.8,59,8.7,0.0,0,243.0,15.9,5,-1.3857763096877649,-15.839495699658755
2022-12-23 10:00:00,18.0,52,7.9,0.0,0,410.0,15.5,3,-0.8112073217656295,-15.478757788695894
2022-12-23 11:00:00,18.9,48,7.6,0.0,0,537.0,16.2,360,3.967855629237425e-15,-16.2
2022-12-23 12:00:00,19.2,48,7.9,0.0,0,555.0,17.3,360,4.237277925049842e-15,-17.3
2022-12-23 13:00:00,19.3,48,8.1,0.0,0,596.0,19.1,360,4.6781507727428894e-15,-19.1
2022-12-23 14:00:00,18.9,50,8.2,0.0,1,521.0,22.3,2,-0.7782587764657717,-22.28641544252584
2022-12-23 15:00:00,18.6,51,8.4,0.0,0,396.0,25.3,4,-1.76483878572637,-25.238370471573557
2022-12-23 16:00:00,17.5,55,8.3,0.0,0,224.0,25.0,6,-2.6132115816913366,-24.863047384206837
2022-12-23 17:00:00,16.1,60,8.3,0.0,0,66.0,22.0,4,-1.5346424223707569,-21.94640910571613
2022-12-23 18:00:00,14.9,64,8.2,0.0,1,0.0,22.1,6,-2.3100790382151417,-21.97893388763884
2022-12-23 19:00:00,14.3,66,8.0,0.0,0,0.0,19.4,10,-3.3687746467384483,-19.105270408436837
2022-12-23 20:00:00,14.0,66,7.8,0.0,0,0.0,17.4,7,-2.120526575249566,-17.270303038559
2022-12-23 21:00:00,13.9,66,7.7,0.0,0,0.0,16.3,5,-1.4206386067868282,-16.237973578895453
2022-12-23 22:00:00,13.8,65,7.4,0.0,0,0.0,16.2,3,-0.8478424911356901,-16.177798463024097
2022-12-23 23:00:00,13.6,65,7.2,0.0,0,0.0,16.9,1,-0.2949456687900913,-16.89742604814301
2022-12-24 00:00:00,13.5,65,6.9,0.0,1,0.0,17.0,4,-1.18586005365013,-16.958588854417012
2022-12-24 01:00:00,13.3,65,6.7,0.0,2,0.0,16.6,4,-1.15795746415248,-16.55956323431308
2022-12-24 02:00:00,13.2,64,6.6,0.0,4,0.0,16.6,5,-1.4467853296111255,-16.536831988322977
2022-12-24 03:00:00,13.5,61,6.2,0.0,5,0.0,17.3,4,-1.2067869957733677,-17.257858069494958
2022-12-24 04:00:00,13.3,62,6.1,0.0,1,0.0,19.1,4,-1.332348648512793,-19.053473359962645
2022-12-24 05:00:00,13.2,61,5.9,0.0,0,0.0,19.6,6,-2.048757880046008,-19.49262914921816
2022-12-24 06:00:00,12.9,62,5.8,0.0,0,0.0,18.8,5,-1.6385279636559735,-18.728460324124818
2022-12-24 07:00:00,12.7,64,6.0,0.0,0,1.0,18.2,8,-2.532950437473191,-18.02287885109658
2022-12-24 08:00:00,13.9,60,6.4,0.0,0,76.0,17.8,7,-2.169274312611625,-17.667321499215532
2022-12-24 09:00:00,15.6,54,6.2,0.0,0,244.0,17.7,4,-1.2346895852710178,-17.65688368959889
2022-12-24 10:00:00,16.9,47,5.6,0.0,0,412.0,18.0,1,-0.3141433158711032,-17.997258512815044
2022-12-24 11:00:00,17.9,42,4.9,0.0,0,538.0,18.4,2,-0.6421507393260177,-18.38879121715136
2022-12-24 12:00:00,18.5,40,4.7,0.0,0,604.0,18.4,2,-0.6421507393260177,-18.38879121715136
2022-12-24 13:00:00,18.7,40,4.8,0.0,0,589.0,20.2,3,-1.0571863161074655,-20.17231660204239
2022-12-24 14:00:00,18.5,42,5.3,0.0,0,527.0,22.8,5,-1.9871509346466063,-22.7132391164918
2022-12-24 15:00:00,18.2,45,5.9,0.0,0,397.0,24.6,6,-2.571400196384276,-24.465238626059524
2022-12-24 16:00:00,17.2,49,6.4,0.0,0,232.0,24.3,6,-2.5400416574039792,-24.16688205744904
2022-12-24 17:00:00,15.9,54,6.6,0.0,0,68.0,22.4,6,-2.3414375771954377,-22.27729045624932
2022-12-24 18:00:00,14.7,58,6.6,0.0,0,1.0,21.3,4,-1.4858128907498689,-21.248114270534256
2022-12-24 19:00:00,14.1,60,6.5,0.0,0,0.0,19.7,8,-2.741710088913289,-19.50828095420893
2022-12-24 20:00:00,13.7,61,6.2,0.0,0,0.0,18.2,8,-2.532950437473191,-18.02287885109658
2022-12-24 21:00:00,13.4,61,5.9,0.0,0,0.0,17.4,6,-1.8187952608571705,-17.304680979407955
2022-12-24 22:00:00,13.2,60,5.7,0.0,0,0.0,15.9,6,-1.6620025659556903,-15.812898136355546
2022-12-24 23:00:00,13.0,60,5.4,0.0,0,0.0,15.2,7,-1.8524140197582413,-15.086701504948094
2022-12-25 00:00:00,12.7,61,5.4,0.0,0,0.0,14.5,7,-1.7671054793746384,-14.391919198799169
2022-12-25 01:00:00,12.4,62,5.4,0.0,0,0.0,14.6,9,-2.2839431895873705,-14.420249772689012
2022-12-25 02:00:00,12.2,63,5.4,0.0,0,0.0,15.4,11,-2.93845852879879,-15.117058625094026
2022-12-25 03:00:00,12.1,65,5.6,0.0,0,0.0,15.7,11,-2.9957012274117534,-15.411546780128324
2022-12-25 04:00:00,11.9,65,5.6,0.0,0,0.0,15.8,12,-3.2850047149205976,-15.454732091594131
2022-12-25 05:00:00,11.6,67,5.7,0.0,0,0.0,14.4,13,-3.2392951825516563,-14.030928932907388
2022-12-25 06:00:00,11.3,69,5.9,0.0,0,0.0,13.8,9,-2.158795617555186,-13.630099100212902
2022-12-25 07:00:00,11.1,72,6.1,0.0,0,1.0,14.2,16,-3.914050452601388,-13.649916082324127
2022-12-25 08:00:00,12.8,65,6.4,0.0,0,77.0,15.5,18,-4.789763412811685,-14.74137600257488
2022-12-25 09:00:00,15.1,54,5.7,0.0,0,251.0,14.7,17,-4.297864059424231,-14.05767991265662
2022-12-25 10:00:00,16.5,46,4.9,0.0,0,420.0,12.2,14,-2.951447126315946,-11.837607860567156
2022-12-25 11:00:00,17.6,44,5.3,0.0,0,543.0,10.5,6,-1.0975488643103617,-10.44247990136687
2022-12-25 12:00:00,18.3,44,5.9,0.0,0,597.0,9.0,358,0.3140954703225074,-8.994517443171862
2022-12-25 13:00:00,18.8,44,6.3,0.0,0,609.0,9.1,351,1.4235536318661028,-8.987963899415753
2022-12-25 14:00:00,19.0,45,6.7,0.0,0,530.0,9.8,352,1.3638963894086458,-9.704627073667387
2022-12-25 15:00:00,19.0,46,7.1,0.0,0,398.0,10.8,356,0.7533699164365569,-10.773691742806102
2022-12-25 16:00:00,18.5,47,7.0,0.0,0,226.0,13.0,360,3.1840816777831178e-15,-13.0
2022-12-25 17:00:00,17.1,53,7.5,0.0,2,61.0,13.8,6,-1.442492793093618,-13.724402156082173
2022-12-25 18:00:00,15.5,61,8.0,0.0,1,1.0,14.0,12,-2.9107636714486307,-13.69406641027328
2022-12-25 19:00:00,14.6,67,8.4,0.0,1,0.0,13.6,17,-3.97625518422922,-13.005744681097282
2022-12-25 20:00:00,14.0,71,8.7,0.0,3,0.0,12.9,18,-3.986319227436821,-12.26862906020748
2022-12-25 21:00:00,13.6,73,8.9,0.0,2,0.0,12.9,18,-3.986319227436821,-12.26862906020748
2022-12-25 22:00:00,13.4,74,8.9,0.0,0,0.0,12.3,21,-4.4079257794071935,-11.483039245915585
2022-12-25 23:00:00,13.1,76,9.0,0.0,1,0.0,12.0,21,-4.300415394543603,-11.20296511796642
2022-12-26 00:00:00,13.0,76,9.0,0.0,2,0.0,12.6,20,-4.309453805903425,-11.840127021902443
2022-12-26 01:00:00,13.0,77,9.0,0.0,11,0.0,13.6,17,-3.97625518422922,-13.005744681097282
2022-12-26 02:00:00,12.8,78,9.0,0.0,8,0.0,14.1,19,-4.590510977845909,-13.331811915950368
2022-12-26 03:00:00,12.6,77,8.7,0.0,8,0.0,12.0,21,-4.300415394543603,-11.20296511796642
2022-12-26 04:00:00,12.1,80,8.7,0.0,7,0.0,10.5,22,-3.933369230867076,-9.735430472951268
2022-12-26 05:00:00,11.7,82,8.6,0.0,4,0.0,9.8,24,-3.9860191021428415,-8.95274548489749
2022-12-26 06:00:00,11.5,82,8.6,0.0,2,0.0,9.0,23,-3.516580156403464,-8.284543681071963
2022-12-26 07:00:00,11.5,82,8.5,0.0,3,1.0,10.3,29,-4.993539088537272,-9.008582983535776
2022-12-26 08:00:00,13.3,73,8.7,0.0,1,67.0,11.6,26,-5.0851053027532975,-10.426010937070338
2022-12-26 09:00:00,16.1,59,8.2,0.0,1,237.0,9.4,18,-2.9047597471245057,-8.939931253174443
2022-12-26 10:00:00,17.6,51,7.2,0.0,1,404.0,7.2,360,1.7634913907721889e-15,-7.2
2022-12-26 11:00:00,18.6,46,6.8,0.0,4,522.0,8.2,345,2.1223161698406696,-7.92059177557036
2022-12-26 12:00:00,19.3,43,6.5,0.0,4,593.0,10.1,343,2.952954217699645,-9.658678035226655
2022-12-26 13:00:00,19.8,41,6.3,0.0,2,594.0,12.6,347,2.834383284732703,-12.277062816293965
2022-12-26 14:00:00,20.0,41,6.4,0.0,4,520.0,13.8,353,1.681796938991032,-13.697136892650246
2022-12-26 15:00:00,19.7,47,8.1,0.0,1,310.0,14.4,357,0.7536377698983989,-14.380265300465863
2022-12-26 16:00:00,19.2,48,8.1,0.0,1,213.0,15.5,360,3.796405077356795e-15,-15.5
2022-12-26 17:00:00,18.0,54,8.7,0.0,2,68.0,14.1,4,-0.9835662797921668,-14.06565310866352
2022-12-26 18:00:00,16.5,63,9.4,0.0,3,1.0,15.5,5,-1.3509140125887016,-15.441017820422056
2022-12-26 19:00:00,15.8,69,10.1,0.0,1,0.0,15.1,12,-3.139466531348166,-14.770028771080463
2022-12-26 20:00:00,15.3,73,10.5,0.0,3,0.0,13.4,14,-3.2417534010355475,-13.001962732098352
2022-12-26 21:00:00,15.1,75,10.8,0.0,4,0.0,12.1,12,-2.515731458894888,-11.835585968879048
2022-12-26 22:00:00,14.8,77,10.9,0.0,2,0.0,11.4,11,-2.175222547292611,-11.19054989130337
2022-12-26 23:00:00,14.5,79,10.9,0.0,4,0.0,11.0,11,-2.0988989491419927,-10.797899017924305
2022-12-27 00:00:00,14.3,80,10.9,0.0,2,0.0,12.5,12,-2.598896135221992,-12.226845009172573
2022-12-27 01:00:00,14.3,80,10.9,0.0,3,0.0,12.9,13,-2.9018686010358588,-12.569373835729534
2022-12-27 02:00:00,14.3,80,10.9,0.0,4,0.0,12.2,14,-2.951447126315946,-11.837607860567156
2022-12-27 03:00:00,13.9,82,10.9,0.0,9,0.0,12.2,14,-2.951447126315946,-11.837607860567156
2022-12-27 04:00:00,13.7,83,10.9,0.0,3,0.0,12.0,16,-3.30764826980399,-11.535140351259829
2022-12-27 05:00:00,13.4,84,10.7,0.0,3,0.0,11.7,18,-3.615498834186884,-11.127361240653295
2022-12-27 06:00:00,13.3,84,10.6,0.0,4,0.0,10.7,12,-2.2246550917500247,-10.46617932785172
2022-12-27 07:00:00,13.1,85,10.6,0.0,2,1.0,11.2,21,-4.013721034907363,-10.45610077676866
2022-12-27 08:00:00,14.8,78,10.9,0.0,2,69.0,11.6,22,-4.345436483624579,-10.755332712974734
2022-12-27 09:00:00,17.5,65,10.9,0.0,1,226.0,9.6,13,-2.159530121701104,-9.35395262193826
2022-12-27 10:00:00,19.1,55,9.9,0.0,1,380.0,9.0,360,2.204364238465236e-15,-9.0
2022-12-27 11:00:00,20.2,51,9.6,0.0,1,501.0,6.9,351,1.0793978087775946,-6.81504955010645
2022-12-27 12:00:00,20.9,47,9.2,0.0,1,578.0,5.2,335,2.197614961051636,-4.71280049259058
2022-12-27 13:00:00,21.3,45,9.0,0.0,1,577.0,6.1,320,3.921004419087891,-4.672871103025765
2022-12-27 14:00:00,21.4,45,8.9,0.0,1,512.0,8.0,324,4.702282018339787,-6.472135954999579
2022-12-27 15:00:00,21.5,49,10.4,0.0,3,335.0,10.5,329,5.407899786555572,-9.000256657372177
2022-12-27 16:00:00,21.0,51,10.5,0.0,7,197.0,12.3,345,3.1834742547610047,-11.88088766335554
2022-12-27 17:00:00,20.0,56,11.0,0.0,12,44.0,10.8,2,-0.3769145643870105,-10.793420931806237
2022-12-27 18:00:00,18.6,64,11.6,0.0,10,0.0,11.4,11,-2.175222547292611,-11.19054989130337
2022-12-27 19:00:00,17.6,70,12.1,0.0,23,0.0,11.9,14,-2.8788705576360463,-11.54651914268436
2022-12-27 20:00:00,17.1,75,12.5,0.0,36,0.0,11.4,13,-2.564442019520061,-11.107818738551682
2022-12-27 21:00:00,16.7,78,12.8,0.0,48,0.0,11.4,11,-2.175222547292611,-11.19054989130337
2022-12-27 22:00:00,16.4,80,12.9,0.0,47,0.0,12.1,10,-2.101142949769857,-11.916173811447717
2022-12-27 23:00:00,16.2,81,12.9,0.0,54,0.0,11.4,11,-2.175222547292611,-11.19054989130337
2022-12-28 00:00:00,16.2,81,12.9,0.0,44,0.0,9.7,15,-2.510544737494451,-9.369480515003962
2022-12-28 01:00:00,15.8,83,12.9,0.0,36,0.0,9.1,9,-1.4235536318661008,-8.987963899415753
2022-12-28 02:00:00,15.6,84,12.9,0.0,30,0.0,9.5,11,-1.812685456077176,-9.325458242752807
2022-12-28 03:00:00,15.2,87,13.1,0.0,29,0.0,9.8,8,-1.363896389408641,-9.70462707366739
2022-12-28 04:00:00,15.4,87,13.3,0.0,21,0.0,11.6,5,-1.0110066158728348,-11.555858497864248
2022-12-28 05:00:00,15.5,87,13.4,0.0,22,0.0,12.1,10,-2.101142949769857,-11.916173811447717
2022-12-28 06:00:00,15.5,87,13.4,0.0,14,0.0,11.6,7,-1.4136843834997106,-11.513535359039334
2022-12-28 07:00:00,15.4,88,13.5,0.0,23,0.0,11.4,13,-2.564442019520061,-11.107818738551682
2022-12-28 08:00:00,16.7,83,13.9,0.0,26,53.0,12.8,11,-2.4423551408197737,-12.5648279481301
2022-12-28 09:00:00,18.6,75,14.1,0.0,30,173.0,13.1,8,-1.8231676225768567,-12.972511700514572
2022-12-28 10:00:00,20.0,67,13.7,0.0,36,298.0,13.4,6,-1.4006814077865566,-13.326593397934865
2022-12-28 11:00:00,21.2,61,13.3,0.0,30,437.0,13.3,2,-0.4641633061432629,-13.291897999353974
2022-12-28 12:00:00,22.0,58,13.2,0.0,34,532.0,13.0,360,3.1840816777831178e-15,-13.0
2022-12-28 13:00:00,22.4,56,13.1,0.0,25,540.0,12.7,353,1.5477406612453697,-12.60533612584479
2022-12-28 14:00:00,22.5,55,13.1,0.0,23,469.0,13.5,351,2.1118652780431195,-13.33379259803436
2022-12-28 15:00:00,22.5,57,13.6,0.0,19,380.0,14.1,354,1.473851332073913,-14.022758724692652
2022-12-28 16:00:00,21.7,61,13.9,0.0,17,177.0,15.1,360,3.698433333425007e-15,-15.1
2022-12-28 17:00:00,20.5,68,14.3,0.0,16,60.0,14.4,360,3.5269827815443773e-15,-14.4
2022-12-28 18:00:00,19.1,76,14.7,0.0,10,1.0,14.8,3,-0.7745721523955688,-14.779717114367694
2022-12-28 19:00:00,18.2,82,15.0,0.0,20,0.0,13.7,2,-0.4781231048242632,-13.691654330161612
2022-12-28 20:00:00,17.9,84,15.2,0.0,25,0.0,16.6,355,1.4467853296111282,-16.536831988322977
2022-12-28 21:00:00,17.6,86,15.2,0.0,28,0.0,18.0,359,0.3141433158711041,-17.997258512815044
2022-12-28 22:00:00,17.3,87,15.2,0.0,31,0.0,17.6,1,-0.3071623532961898,-17.59731943475249
2022-12-28 23:00:00,17.2,87,15.0,0.0,32,0.0,17.0,4,-1.18586005365013,-16.958588854417012
2022-12-29 00:00:00,16.9,88,14.9,0.0,29,0.0,16.6,1,-0.2897099468589063,-16.597471739596095
2022-12-29 01:00:00,16.8,88,14.8,0.0,36,0.0,17.3,1,-0.3019266313650047,-17.29736512620557
2022-12-29 02:00:00,16.5,89,14.7,0.0,33,0.0,17.7,5,-1.5426566466335494,-17.632646156223895
2022-12-29 03:00:00,17.0,87,14.9,0.0,41,0.0,17.0,5,-1.4816476267101888,-16.935309867559674
2022-12-29 04:00:00,16.9,88,14.8,0.0,52,0.0,15.9,5,-1.3857763096877649,-15.839495699658755
2022-12-29 05:00:00,16.9,87,14.7,0.0,41,0.0,14.4,3,-0.7536377698983913,-14.380265300465863
2022-12-29 06:00:00,16.8,87,14.6,0.0,41,0.0,14.4,356,1.0044932219154092,-14.36492232374147
2022-12-29 07:00:00,16.9,86,14.6,0.0,38,0.0,14.8,356,1.0323958114130594,-14.763947943845398
2022-12-29 08:00:00,17.6,83,14.6,0.0,47,23.0,15.5,3,-0.8112073217656295,-15.478757788695894
2022-12-29 09:00:00,19.1,76,14.7,0.0,55,142.0,14.5,7,-1.7671054793746384,-14.391919198799169
2022-12-29 10:00:00,20.2,71,14.8,0.0,53,173.0,13.0,2,-0.4536934571325126,-12.992080751248244
2022-12-29 11:00:00,20.9,68,14.8,0.0,74,203.0,12.7,353,1.5477406612453697,-12.60533612584479
2022-12-29 12:00:00,21.5,66,14.8,0.0,77,247.0,13.1,351,2.0492914920270278,-12.938717261796302
2022-12-29 13:00:00,21.5,66,14.9,0.0,84,169.0,14.1,345,3.6493485359455415,-13.619554150675864
2022-12-29 14:00:00,21.1,68,15.0,0.0,81,100.0,16.0,351,2.502951440643697,-15.803013449522204
2022-12-29 15:00:00,20.6,70,15.0,0.0,77,53.0,18.4,357,0.9629815948701764,-18.37478343948416
2022-12-29 16:00:00,19.9,73,15.0,0.0,77,19.0,18.4,3,-0.9629815948701664,-18.37478343948416
2022-12-29 17:00:00,19.3,76,15.1,0.0,73,6.0,17.7,6,-1.8501537998374664,-17.60303754801844
2022-12-29 18:00:00,18.9,79,15.3,0.0,92,0.0,16.9,2,-0.5898014942722664,-16.889704976622717
2022-12-29 19:00:00,18.8,80,15.3,0.0,94,0.0,17.6,360,4.310756732998684e-15,-17.6
2022-12-29 20:00:00,18.7,81,15.4,0.0,90,0.0,20.3,354,2.1219278043333643,-20.18879447597595
2022-12-29 21:00:00,18.7,80,15.2,0.0,91,0.0,24.7,352,3.437575593713627,-24.459621297916783
2022-12-29 22:00:00,18.5,81,15.1,0.0,89,0.0,26.0,356,1.8136683173472663,-25.93666530675543
2022-12-29 23:00:00,18.3,81,15.0,0.0,77,0.0,24.9,358,0.8689974678922705,-24.884831592775484
2022-12-30 00:00:00,18.1,82,15.0,0.0,69,0.0,23.1,358,0.806178373827769,-23.085928104141114
2022-12-30 01:00:00,17.9,83,14.9,0.0,67,0.0,21.6,358,0.7538291287740179,-21.58684186361247
2022-12-30 02:00:00,17.7,83,14.8,0.0,70,0.0,21.6,356,1.506739832873114,-21.547383485612205
2022-12-30 03:00:00,17.9,81,14.6,0.0,71,0.0,23.1,356,1.6113745434893023,-23.04372956100194
2022-12-30 04:00:00,17.7,80,14.2,0.0,78,0.0,24.1,359,0.4206029951385338,-24.096329453269032
2022-12-30 05:00:00,17.5,80,14.0,0.0,78,0.0,22.7,359,0.3961696261263368,-22.69654268005008
2022-12-30 06:00:00,17.4,80,14.0,0.0,56,0.0,21.3,356,1.485812890749876,-21.248114270534256
2022-12-30 07:00:00,17.4,80,14.0,0.0,60,0.0,20.5,359,0.3577743319643129,-20.49687775070602
2022-12-30 08:00:00,17.8,78,14.0,0.0,73,24.0,21.0,355,1.830270597700825,-20.920088659926652
2022-12-30 09:00:00,18.5,76,14.1,0.0,73,57.0,23.1,356,1.6113745434893023,-23.04372956100194
2022-12-30 10:00:00,19.3,73,14.3,0.0,69,111.0,24.2,357,1.2665301410792538,-24.166834741060686
2022-12-30 11:00:00,19.9,70,14.3,0.0,55,94.0,24.9,358,0.8689974678922705,-24.884831592775484
2022-12-30 12:00:00,20.6,68,14.4,0.0,41,207.0,23.8,358,0.8306080215195196,-23.78550168305448
2022-12-30 13:00:00,20.5,68,14.4,0.0,29,139.0,22.4,356,1.562545011868414,-22.34543472582006
2022-12-30 14:00:00,20.3,70,14.6,0.0,18,109.0,23.6,353,2.876116504361475,-23.4240891787352
2022-12-30 15:00:00,20.7,70,15.0,0.0,18,166.0,26.8,355,2.335773905637243,-26.69801790885878
2022-12-30 16:00:00,20.0,72,14.9,0.0,17,161.0,27.7,358,0.9667160586592728,-27.683125908428952
2022-12-30 17:00:00,19.0,76,14.7,0.0,11,55.0,26.7,358,0.931816561956772,-26.683735081409857
2022-12-30 18:00:00,18.2,80,14.6,0.0,52,1.0,25.9,358,0.9038969645947712,-25.88422241979458
2022-12-30 19:00:00,17.9,81,14.5,0.0,52,0.0,24.9,2,-0.8689974678922741,-24.884831592775484
2022-12-30 20:00:00,17.7,81,14.4,0.0,34,0.0,22.7,1,-0.3961696261263357,-22.69654268005008
2022-12-30 21:00:00,17.5,82,14.3,0.0,35,0.0,20.9,359,0.3647552945392264,-20.89681682876857
2022-12-30 22:00:00,17.3,82,14.2,0.0,35,0.0,21.3,356,1.485812890749876,-21.248114270534256
2022-12-30 23:00:00,17.1,83,14.1,0.0,31,0.0,24.1,357,1.2612965454549594,-24.06697178758523
2022-12-31 00:00:00,16.8,84,14.1,0.0,33,0.0,24.5,1,-0.427583957713446,-24.496268531331587
2022-12-31 01:00:00,16.7,84,14.0,0.0,26,0.0,22.7,2,-0.792218575146772,-22.686171773333477
2022-12-31 02:00:00,16.4,85,14.0,0.0,20,0.0,22.0,358,0.7677889274550181,-21.986598194420107
2022-12-31 03:00:00,16.5,83,13.7,0.0,17,0.0,22.3,358,0.7782587764657684,-22.28641544252584
2022-12-31 04:00:00,16.3,84,13.7,0.0,12,0.0,21.6,360,5.290474172316566e-15,-21.6
2022-12-31 05:00:00,16.2,85,13.6,0.0,20,0.0,19.4,360,4.75162958069173e-15,-19.4
2022-12-31 06:00:00,16.1,86,13.7,0.0,45,0.0,16.2,360,3.967855629237425e-15,-16.2
2022-12-31 07:00:00,16.1,86,13.7,0.0,50,0.0,15.5,355,1.350914012588704,-15.441017820422056
2022-12-31 08:00:00,17.1,82,14.0,0.0,49,34.0,16.3,352,2.268521545649074,-16.141369520487597
2022-12-31 09:00:00,18.6,76,14.3,0.0,50,77.0,16.3,352,2.268521545649074,-16.141369520487597
2022-12-31 10:00:00,19.7,71,14.3,0.0,36,100.0,17.4,353,2.1205265752495617,-17.270303038559003
2022-12-31 11:00:00,20.6,67,14.4,0.0,21,192.0,18.1,354,1.891965185144527,-18.000846306165748
2022-12-31 12:00:00,21.1,66,14.4,0.0,29,142.0,17.0,355,1.4816476267101917,-16.935309867559674
2022-12-31 13:00:00,21.5,64,14.5,0.0,39,216.0,17.2,350,2.986748655871202,-16.938693351809977
2022-12-31 14:00:00,21.4,66,14.7,0.0,43,79.0,18.6,350,3.229856104604905,-18.31742420602707
2022-12-31 15:00:00,21.8,64,14.7,0.0,49,161.0,19.6,354,2.048757880046007,-19.49262914921816
2022-12-31 16:00:00,21.2,68,15.0,0.0,35,121.0,18.8,357,0.983915977367354,-18.77423525338599
2022-12-31 17:00:00,20.2,73,15.2,0.0,43,33.0,17.3,356,1.2067869957733734,-17.257858069494958
2022-12-31 18:00:00,19.2,79,15.4,0.0,29,0.0,16.2,359,0.2827289842839937,-16.197532661533536
2022-12-31 19:00:00,18.8,81,15.5,0.0,39,0.0,14.9,353,1.8158532167366936,-14.7889376594557
2022-12-31 20:00:00,18.6,83,15.6,0.0,60,0.0,15.6,352,2.171100374977028,-15.448181872368496
2022-12-31 21:00:00,18.4,84,15.7,0.0,50,0.0,15.3,352,2.129348444689008,-15.151101451746026
2022-12-31 22:00:00,18.4,84,15.7,0.0,52,0.0,15.2,355,1.3247672897644065,-15.142159410994532
2022-12-31 23:00:00,18.5,83,15.7,0.0,55,0.0,14.9,352,2.0736792043049816,-14.754994224249398
2023-01-01 00:00:00,18.5,83,15.7,0.0,61,0.0,13.8,353,1.681796938991032,-13.697136892650246
2023-01-01 01:00:00,18.6,83,15.6,0.0,61,0.0,13.4,352,1.8649195528648828,-13.26959212113704
2023-01-01 02:00:00,18.5,83,15.6,0.0,61,0.0,13.8,354,1.442492793093617,-13.724402156082173
2023-01-01 03:00:00,18.6,82,15.5,0.0,60,0.0,14.2,353,1.7305446763530905,-14.094155353306771
2023-01-01 04:00:00,18.6,82,15.6,0.0,60,0.0,14.5,354,1.5156627173809745,-14.420567482839962
2023-01-01 05:00:00,18.6,83,15.7,0.0,63,0.0,14.1,356,0.9835662797921716,-14.06565310866352
2023-01-01 06:00:00,18.7,83,15.7,0.0,61,0.0,12.3,353,1.498992923883311,-12.208317665188265
2023-01-01 07:00:00,18.8,84,15.9,0.1,64,0.0,13.4,352,1.8649195528648828,-13.26959212113704
2023-01-01 08:00:00,19.0,84,16.2,0.0,61,2.0,14.8,356,1.0323958114130594,-14.763947943845398
2023-01-01 09:00:00,19.6,82,16.4,0.0,62,6.0,15.6,352,2.171100374977028,-15.448181872368496
2023-01-01 10:00:00,20.4,78,16.3,0.0,58,25.0,14.9,353,1.8158532167366936,-14.7889376594557
2023-01-01 11:00:00,20.7,76,16.4,0.0,61,19.0,14.6,351,2.283943189587374,-14.42024977268901
2023-01-01 12:00:00,21.2,74,16.4,0.0,62,65.0,16.5,349,3.148348423712987,-16.196848526886455
2023-01-01 13:00:00,21.3,74,16.5,0.0,62,44.0,18.3,350,3.1777616513048264,-18.02198188012341
2023-01-01 14:00:00,21.0,76,16.6,0.0,60,31.0,18.4,356,1.2835191168919116,-18.355178524780765
2023-01-01 15:00:00,21.0,77,16.8,0.0,61,48.0,16.9,358,0.5898014942722639,-16.889704976622717
2023-01-01 16:00:00,20.7,78,16.8,0.0,59,20.0,16.0,352,2.226769615361054,-15.844289099865124
2023-01-01 17:00:00,20.3,81,16.9,0.0,61,4.0,15.7,349,2.995701227411751,-15.411546780128324
2023-01-01 18:00:00,19.9,83,16.9,0.0,58,0.0,15.5,348,3.222631207675278,-15.161287811373986
2023-01-01 19:00:00,19.7,84,16.9,0.0,70,0.0,13.7,355,1.1940336756429188,-13.647867363856914
2023-01-01 20:00:00,19.7,85,17.0,0.5,66,0.0,13.6,349,2.595002337121008,-13.35012969488823
2023-01-01 21:00:00,19.6,86,17.2,0.2,65,0.0,11.9,355,1.037153338697134,-11.854716907291772
2023-01-01 22:00:00,19.4,88,17.4,0.5,68,0.0,13.5,344,3.7211043035294855,-12.977032895167303
2023-01-01 23:00:00,19.4,89,17.5,0.3,59,0.0,15.0,343,4.385575570841057,-14.34457133944553
2023-01-02 00:00:00,19.2,90,17.5,0.5,71,0.0,14.9,352,2.0736792043049816,-14.754994224249398
2023-01-02 01:00:00,18.9,92,17.5,0.9,59,0.0,14.9,353,1.8158532167366936,-14.7889376594557
2023-01-02 02:00:00,18.8,92,17.4,1.1,69,0.0,15.0,349,2.86213493064817,-14.72440775171496
2023-01-02 03:00:00,18.7,92,17.3,0.7,68,0.0,12.8,349,2.442355140819772,-12.5648279481301
2023-01-02 04:00:00,18.7,92,17.4,1.2,71,0.0,14.2,351,2.221369403571281,-14.025174436450952
2023-01-02 05:00:00,18.7,91,17.3,1.6,80,0.0,15.3,351,2.393447315115536,-15.111631611105606
2023-01-02 06:00:00,18.7,91,17.3,1.9,85,0.0,14.4,347,3.2392951825516607,-14.030928932907386
2023-01-02 07:00:00,18.8,91,17.3,1.8,81,0.0,14.4,359,0.2513146526968833,-14.397806810252035
2023-01-02 08:00:00,19.0,91,17.4,1.4,80,0.0,14.0,359,0.2443336901219698,-13.997867732189478
2023-01-02 09:00:00,19.2,91,17.7,0.9,70,5.0,15.5,348,3.222631207675278,-15.161287811373986
2023-01-02 10:00:00,19.6,90,17.9,1.1,73,13.0,19.3,351,3.01918517527646,-19.06238497348616
2023-01-02 11:00:00,19.7,90,18.0,0.8,73,12.0,18.8,357,0.983915977367354,-18.77423525338599
2023-01-02 12:00:00,19.8,87,17.6,0.7,68,32.0,17.7,358,0.6177210916342646,-17.689217638237995
2023-01-02 13:00:00,20.1,86,17.6,0.3,68,56.0,17.3,355,1.507794349534489,-17.234168276987198
2023-01-02 14:00:00,20.2,85,17.5,0.0,68,45.0,18.4,349,3.5108855149284217,-18.061940175437016
2023-01-02 15:00:00,21.0,79,17.3,0.0,67,75.0,19.0,350,3.2993153756716773,-18.711347307231957
2023-01-02 16:00:00,20.6,81,17.2,0.0,65,32.0,18.2,351,2.8471072637322057,-17.975927798831506
2023-01-02 17:00:00,20.1,82,17.0,0.0,60,18.0,17.9,351,2.8001769242201364,-17.679621296652964
2023-01-02 18:00:00,19.5,84,16.8,0.0,74,0.0,19.0,350,3.2993153756716773,-18.711347307231957
2023-01-02 19:00:00,19.1,87,16.8,0.0,69,0.0,18.8,357,0.983915977367354,-18.77423525338599
2023-01-02 20:00:00,18.7,88,16.7,0.0,59,0.0,18.4,358,0.6421507393260151,-18.38879121715136
2023-01-02 21:00:00,18.3,90,16.7,0.0,76,0.0,18.8,357,0.983915977367354,-18.77423525338599
2023-01-02 22:00:00,18.1,91,16.6,0.0,73,0.0,18.4,357,0.9629815948701764,-18.37478343948416
2023-01-02 23:00:00,17.9,92,16.5,0.1,87,0.0,18.0,357,0.9420472123729986,-17.975331625582328
2023-01-03 00:00:00,17.9,92,16.5,0.0,89,0.0,17.7,356,1.2346895852710238,-17.65688368959889
2023-01-03 01:00:00,17.7,92,16.3,0.1,93,0.0,17.7,356,1.2346895852710238,-17.65688368959889
2023-01-03 02:00:00,17.6,92,16.2,0.0,90,0.0,18.8,357,0.983915977367354,-18.77423525338599
2023-01-03 03:00:00,17.6,90,15.9,0.1,80,0.0,18.7,360,4.580179028811101e-15,-18.7
2023-01-03 04:00:00,17.4,89,15.7,0.0,68,0.0,18.4,359,0.3211242784460175,-18.3971975908776
2023-01-03 05:00:00,17.2,89,15.4,0.0,62,0.0,18.7,358,0.6526205883367654,-18.68860846525709
2023-01-03 06:00:00,17.0,89,15.3,0.0,64,0.0,17.0,355,1.4816476267101917,-16.935309867559674
2023-01-03 07:00:00,17.0,90,15.3,0.0,65,0.0,15.2,353,1.8524140197582375,-15.086701504948095
2023-01-03 08:00:00,17.8,88,15.7,0.0,79,30.0,16.2,347,3.6442070803706175,-15.784795049520808
2023-01-03 09:00:00,19.2,82,16.1,0.0,68,115.0,18.7,344,5.15441855377788,-17.975593714046564
2023-01-03 10:00:00,20.5,76,16.1,0.1,65,288.0,21.5,350,3.7334358198390034,-21.17336668976247
2023-01-03 11:00:00,21.1,73,16.1,0.0,86,375.0,23.5,356,1.6392771329869524,-23.44275518110587
2023-01-03 12:00:00,21.5,72,16.1,0.0,77,440.0,23.4,356,1.6323014856125395,-23.342998776079884
2023-01-03 13:00:00,22.0,69,16.0,0.0,77,527.0,22.7,357,1.188026206714837,-22.668890438928827
2023-01-03 14:00:00,21.8,69,15.9,0.0,73,421.0,22.3,358,0.7782587764657684,-22.28641544252584
2023-01-03 15:00:00,21.1,72,15.9,0.0,54,257.0,20.5,359,0.3577743319643129,-20.49687775070602
2023-01-03 16:00:00,20.7,73,15.7,0.0,51,144.0,19.4,360,4.75162958069173e-15,-19.4
2023-01-03 17:00:00,19.8,76,15.5,0.0,45,49.0,17.7,356,1.2346895852710238,-17.65688368959889
2023-01-03 18:00:00,18.6,80,15.2,0.0,24,1.0,18.1,353,2.205835115633165,-17.96508534470793
2023-01-03 19:00:00,18.1,82,14.9,0.0,26,0.0,20.4,352,2.839131259585344,-20.20146860232803
2023-01-03 20:00:00,17.7,82,14.5,0.0,35,0.0,20.0,353,2.4373868681029447,-19.850923032826444
2023-01-03 21:00:00,17.4,82,14.3,0.0,40,0.0,18.9,351,2.956611389260368,-18.6673096372481
2023-01-03 22:00:00,17.1,83,14.1,0.0,45,0.0,18.5,353,2.254582852995224,-18.36210380536446
2023-01-03 23:00:00,17.0,83,14.1,0.0,46,0.0,18.1,355,1.5775189437326156,-18.0311240354606
2023-01-04 00:00:00,16.9,83,14.0,0.0,46,0.0,17.3,356,1.2067869957733734,-17.257858069494958
2023-01-04 01:00:00,16.9,83,14.0,0.0,54,0.0,17.7,355,1.5426566466335525,-17.632646156223895
2023-01-04 02:00:00,16.9,83,14.0,0.0,53,0.0,17.7,356,1.2346895852710238,-17.65688368959889
2023-01-04 03:00:00,16.7,85,14.1,0.1,55,0.0,16.6,356,1.1579574641524857,-16.55956323431308
2023-01-04 04:00:00,16.6,86,14.2,0.0,59,0.0,16.7,354,1.745625336569812,-16.608515652650162
2023-01-04 05:00:00,16.5,87,14.3,0.0,68,0.0,18.1,354,1.891965185144527,-18.000846306165748
2023-01-04 06:00:00,16.5,87,14.3,0.0,65,0.0,18.0,357,0.9420472123729986,-17.975331625582328
2023-01-04 07:00:00,16.4,87,14.3,0.0,48,0.0,15.5,1,-0.2705122997778944,-15.497639274924063
2023-01-04 08:00:00,17.3,84,14.7,0.0,53,55.0,16.2,356,1.1300548746548351,-16.16053761420915
2023-01-04 09:00:00,18.9,77,14.8,0.0,46,192.0,16.6,356,1.1579574641524857,-16.55956323431308
2023-01-04 10:00:00,20.1,72,14.8,0.0,40,299.0,14.4,356,1.0044932219154092,-14.36492232374147
2023-01-04 11:00:00,21.2,68,15.0,0.0,39,400.0,12.5,348,2.5988961352219984,-12.22684500917257
2023-01-04 12:00:00,22.1,65,15.3,0.0,50,510.0,12.5,342,3.862712429686846,-11.88820645368942
2023-01-04 13:00:00,22.5,64,15.5,0.0,64,468.0,15.0,343,4.385575570841057,-14.34457133944553
2023-01-04 14:00:00,22.6,64,15.5,0.0,78,417.0,16.8,351,2.6280990126758823,-16.593164121998313
2023-01-04 15:00:00,21.6,68,15.3,0.0,63,185.0,16.9,1,-0.2949456687900913,-16.89742604814301
2023-01-04 16:00:00,21.1,70,15.3,0.0,50,103.0,14.5,7,-1.7671054793746384,-14.391919198799169
2023-01-04 17:00:00,20.4,74,15.5,0.0,48,41.0,11.5,360,2.8166876380389124e-15,-11.5
2023-01-04 18:00:00,19.3,79,15.6,0.0,64,1.0,14.4,356,1.0044932219154092,-14.36492232374147
2023-01-04 19:00:00,18.6,82,15.6,0.0,55,0.0,14.8,357,0.7745721523955768,-14.779717114367694
2023-01-04 20:00:00,18.2,84,15.5,0.0,46,0.0,13.4,352,1.8649195528648828,-13.26959212113704
2023-01-04 21:00:00,17.9,86,15.5,0.0,33,0.0,15.3,351,2.393447315115536,-15.111631611105606
2023-01-04 22:00:00,17.7,87,15.6,0.0,21,0.0,16.7,354,1.745625336569812,-16.608515652650162
2023-01-04 23:00:00,17.5,89,15.6,0.0,13,0.0,17.0,356,1.1858600536501358,-16.958588854417012
2023-01-05 00:00:00,17.2,90,15.6,0.0,17,0.0,16.9,358,0.5898014942722639,-16.889704976622717
2023-01-05 01:00:00,17.0,91,15.5,0.0,18,0.0,17.3,359,0.3019266313650056,-17.29736512620557
2023-01-05 02:00:00,17.0,91,15.6,0.0,26,0.0,18.0,360,4.408728476930472e-15,-18.0
2023-01-05 03:00:00,16.8,94,15.7,0.0,28,0.0,18.4,1,-0.3211242784460166,-18.3971975908776
2023-01-05 04:00:00,16.6,94,15.7,0.0,43,0.0,17.7,2,-0.6177210916342671,-17.689217638237995
2023-01-05 05:00:00,16.6,94,15.7,0.0,39,0.0,17.3,1,-0.3019266313650047,-17.29736512620557
2023-01-05 06:00:00,16.6,94,15.7,0.0,44,0.0,18.4,1,-0.3211242784460166,-18.3971975908776
2023-01-05 07:00:00,16.7,94,15.7,0.0,36,0.0,18.7,2,-0.6526205883367681,-18.68860846525709
2023-01-05 08:00:00,17.7,91,16.1,0.0,33,42.0,19.4,359,0.338576684883301,-19.39704528603399
2023-01-05 09:00:00,19.6,82,16.3,0.0,33,180.0,19.4,359,0.338576684883301,-19.39704528603399
2023-01-05 10:00:00,21.2,74,16.4,0.0,22,363.0,18.4,360,4.506700220862259e-15,-18.4
2023-01-05 11:00:00,22.4,69,16.3,0.0,23,477.0,17.0,356,1.1858600536501358,-16.958588854417012
2023-01-05 12:00:00,23.0,66,16.4,0.0,20,559.0,16.0,351,2.502951440643697,-15.803013449522204
2023-01-05 13:00:00,23.2,66,16.6,0.0,11,555.0,16.3,346,3.9433268982745866,-15.815820338298742
2023-01-05 14:00:00,23.1,67,16.7,0.0,1,492.0,17.8,346,4.306209741674088,-17.271263927712738
2023-01-05 15:00:00,23.0,69,16.9,0.0,8,399.0,19.6,347,4.409040665139761,-19.09765326979061
2023-01-05 16:00:00,22.0,73,16.9,0.0,17,201.0,20.4,351,3.191263086820714,-20.148842148140808
2023-01-05 17:00:00,20.8,79,17.0,0.0,21,58.0,18.8,355,1.6385279636559764,-18.728460324124818
2023-01-05 18:00:00,19.5,85,16.9,0.0,14,2.0,19.2,355,1.6733902607550395,-19.126938203361515
2023-01-05 19:00:00,18.8,88,16.9,0.0,14,0.0,18.4,356,1.2835191168919116,-18.355178524780765
2023-01-05 20:00:00,18.4,91,16.8,0.0,5,0.0,17.4,354,1.8187952608571691,-17.304680979407955
2023-01-05 21:00:00,18.1,92,16.7,0.0,8,0.0,17.0,355,1.4816476267101917,-16.935309867559674
2023-01-05 22:00:00,17.9,92,16.6,0.0,9,0.0,17.3,355,1.507794349534489,-17.234168276987198
2023-01-05 23:00:00,17.6,93,16.4,0.0,7,0.0,18.0,358,0.6281909406450148,-17.989034886343724
2023-01-06 00:00:00,17.4,94,16.4,0.0,14,0.0,17.6,360,4.310756732998684e-15,-17.6
2023-01-06 01:00:00,17.2,94,16.3,0.0,12,0.0,18.0,360,4.408728476930472e-15,-18.0
2023-01-06 02:00:00,17.1,95,16.3,0.0,15,0.0,19.4,360,4.75162958069173e-15,-19.4
2023-01-06 03:00:00,17.1,95,16.3,0.0,32,0.0,20.5,1,-0.3577743319643119,-20.49687775070602
2023-01-06 04:00:00,17.1,95,16.2,0.0,42,0.0,19.8,2,-0.6910100347095192,-19.787938374978097
2023-01-06 05:00:00,17.0,94,16.1,0.0,48,0.0,20.2,359,0.3525386100331279,-20.196923442159104
2023-01-06 06:00:00,17.2,94,16.1,0.0,51,0.0,21.3,2,-0.7433592797632707,-21.28702461550674
2023-01-06 07:00:00,17.1,94,16.1,0.0,57,0.0,22.0,5,-1.91742634044848,-21.9162833580184
2023-01-06 08:00:00,17.9,89,16.1,0.0,34,43.0,23.4,4,-1.632301485612532,-23.342998776079884
2023-01-06 09:00:00,19.3,80,15.9,0.0,31,160.0,26.0,3,-1.3607348623165396,-25.96436790361892
2023-01-06 10:00:00,20.6,74,15.8,0.0,28,305.0,26.7,3,-1.3973700316866005,-26.66340857794712
2023-01-06 11:00:00,21.6,69,15.6,0.0,6,467.0,26.7,2,-0.931816561956776,-26.683735081409857
2023-01-06 12:00:00,22.1,66,15.5,0.0,1,484.0,27.0,360,6.613092715395708e-15,-27.0
2023-01-06 13:00:00,22.2,66,15.6,0.0,0,509.0,27.4,359,0.4781959363815695,-27.39582684728512
2023-01-06 14:00:00,22.2,66,15.6,0.0,0,489.0,27.0,360,6.613092715395708e-15,-27.0
2023-01-06 15:00:00,21.9,67,15.5,0.0,0,405.0,27.4,359,0.4781959363815695,-27.39582684728512
2023-01-06 16:00:00,21.1,71,15.5,0.0,2,240.0,26.3,359,0.4589982893005576,-26.29599438261309
2023-01-06 17:00:00,19.9,76,15.5,0.0,2,79.0,24.5,359,0.4275839577134472,-24.496268531331587
2023-01-06 18:00:00,18.6,81,15.3,0.0,1,2.0,22.7,359,0.3961696261263368,-22.69654268005008
2023-01-06 19:00:00,18.0,83,15.1,0.0,2,0.0,19.8,360,4.849601324623519e-15,-19.8
2023-01-06 20:00:00,17.6,84,15.0,0.0,1,0.0,17.3,358,0.6037612929532643,-17.289461307430358
2023-01-06 21:00:00,17.4,85,14.9,0.0,1,0.0,15.9,356,1.1091279325315977,-15.861268399131204
2023-01-06 22:00:00,17.1,86,14.8,0.0,2,0.0,14.8,354,1.5470212563612706,-14.718924051450443
2023-01-06 23:00:00,17.1,86,14.8,0.0,13,0.0,14.1,356,0.9835662797921716,-14.06565310866352
2023-01-07 00:00:00,17.1,86,14.8,0.0,27,0.0,13.7,357,0.7170026005283379,-13.68122462613766
2023-01-07 01:00:00,17.0,87,14.7,0.0,29,0.0,13.3,358,0.4641633061432609,-13.291897999353974
2023-01-07 02:00:00,16.9,87,14.7,0.0,27,0.0,13.0,360,3.1840816777831178e-15,-13.0
2023-01-07 03:00:00,16.9,86,14.5,0.0,20,0.0,13.7,357,0.7170026005283379,-13.68122462613766
2023-01-07 04:00:00,16.6,88,14.6,0.0,20,0.0,14.8,357,0.7745721523955768,-14.779717114367694
2023-01-07 05:00:00,16.4,89,14.6,0.0,22,0.0,14.4,1,-0.2513146526968826,-14.397806810252035
2023-01-07 06:00:00,16.3,89,14.6,0.0,19,0.0,13.0,3,-0.6803674311582698,-12.98218395180946
2023-01-07 07:00:00,16.2,90,14.6,0.0,13,0.0,11.9,358,0.4153040107597598,-11.89275084152724
2023-01-07 08:00:00,17.3,86,14.9,0.0,15,50.0,12.3,353,1.498992923883311,-12.208317665188265
2023-01-07 09:00:00,19.2,78,15.2,0.0,17,171.0,11.3,353,1.3771235804781636,-11.21577151354694
2023-01-07 10:00:00,20.6,72,15.4,0.0,17,303.0,8.8,348,1.829622879196287,-8.60769888645749
2023-01-07 11:00:00,21.8,69,15.8,0.0,18,438.0,7.6,329,3.914289369316414,-6.514471485336052
2023-01-07 12:00:00,22.4,67,15.9,0.0,29,468.0,7.7,319,5.051654523226907,-5.811263767715344
2023-01-07 13:00:00,22.9,66,16.1,0.0,29,518.0,7.4,321,4.656970893768801,-5.750880114781583
2023-01-07 14:00:00,23.2,65,16.2,0.0,46,456.0,7.9,321,4.971631089293719,-6.139453095510068
2023-01-07 15:00:00,22.8,65,15.8,0.0,73,173.0,10.7,327,5.827637674660788,-8.973775077016036
2023-01-07 16:00:00,22.2,66,15.5,0.0,93,56.0,12.0,344,3.3076482698039875,-11.535140351259829
2023-01-07 17:00:00,21.5,69,15.5,0.0,89,28.0,11.6,353,1.4136843834997077,-11.513535359039336
2023-01-07 18:00:00,20.5,72,15.3,0.0,90,0.0,12.0,353,1.4624321208617668,-11.910553819695863
2023-01-07 19:00:00,20.0,74,15.1,0.0,90,0.0,12.0,353,1.4624321208617668,-11.910553819695863
2023-01-07 20:00:00,19.7,74,14.9,0.0,92,0.0,10.1,354,1.0557374790032994,-10.04467114321956
2023-01-07 21:00:00,19.4,75,14.8,0.0,100,0.0,9.4,353,1.145571828008384,-9.329933825428428
2023-01-07 22:00:00,19.1,76,14.9,0.0,86,0.0,8.8,351,1.3766232923540338,-8.691657397237211
2023-01-07 23:00:00,18.7,79,14.9,0.0,97,0.0,8.5,348,1.767249371950959,-8.314254606237347
2023-01-08 00:00:00,18.5,80,15.0,0.0,100,0.0,8.6,345,2.225843787881678,-8.306962106085987
2023-01-08 01:00:00,18.3,81,15.0,0.0,94,0.0,8.0,350,1.389185421335443,-7.878462024097664
2023-01-08 02:00:00,18.3,82,15.1,0.0,76,0.0,7.7,349,1.469229264399394,-7.558529312547013
2023-01-08 03:00:00,18.6,80,15.0,0.0,72,0.0,7.8,347,1.7546182238821495,-7.600086505324834
2023-01-08 04:00:00,18.4,81,15.1,0.0,73,0.0,8.6,345,2.225843787881678,-8.306962106085987
2023-01-08 05:00:00,18.1,83,15.1,0.0,74,0.0,10.2,352,1.419565629792672,-10.100734301164016
2023-01-08 06:00:00,18.1,83,15.1,0.0,74,0.0,10.9,354,1.1393602496174222,-10.84028865951418
2023-01-08 07:00:00,17.9,84,15.2,0.0,70,0.0,9.8,354,1.0243789400230034,-9.746314574609078
2023-01-08 08:00:00,18.5,82,15.5,0.0,49,42.0,9.4,356,0.655710853194781,-9.377102072442348
2023-01-08 09:00:00,20.1,76,15.7,0.0,68,136.0,8.7,355,0.7582549619046273,-8.666893873398186
2023-01-08 10:00:00,21.4,72,16.1,0.0,27,321.0,8.6,338,3.221616703376846,-7.97378114927437
2023-01-08 11:00:00,22.3,70,16.5,0.0,23,426.0,9.4,328,4.981241083792128,-7.971652103870404
2023-01-08 12:00:00,22.9,68,16.6,0.0,19,489.0,9.9,327,5.391926446648768,-8.302838622659698
2023-01-08 13:00:00,23.1,67,16.7,0.0,27,524.0,11.0,328,5.829111906565255,-9.328529057720685
2023-01-08 14:00:00,23.0,67,16.6,0.0,20,426.0,11.0,337,4.298042413382013,-10.125553387976844
2023-01-08 15:00:00,22.5,68,16.3,0.0,15,280.0,10.0,345,2.588190451025207,-9.659258262890685
2023-01-08 16:00:00,22.1,69,16.2,0.0,16,174.0,10.9,351,1.7051356689385189,-10.765802912487
2023-01-08 17:00:00,21.4,72,16.2,0.0,17,70.0,11.5,356,0.8021994480574448,-11.47198657798798
2023-01-08 18:00:00,20.2,77,16.1,0.0,12,2.0,10.9,8,-1.5169868004647131,-10.793921949283115
2023-01-08 19:00:00,19.5,80,16.0,0.0,13,0.0,8.6,360,2.1063924945334478e-15,-8.6
2023-01-08 20:00:00,19.0,83,16.1,0.0,14,0.0,8.0,355,0.6972459419812665,-7.969557584733964
2023-01-08 21:00:00,18.6,86,16.2,0.0,27,0.0,7.6,357,0.3977532674463772,-7.589584464134761
2023-01-08 22:00:00,18.3,88,16.3,0.0,26,0.0,8.1,347,1.8221035401853087,-7.892397524760404
2023-01-08 23:00:00,18.2,89,16.3,0.0,10,0.0,9.3,347,2.092044805397948,-9.061641602502688
2023-01-09 00:00:00,18.0,91,16.4,0.0,22,0.0,10.2,352,1.419565629792672,-10.100734301164016
2023-01-09 01:00:00,17.7,93,16.5,0.0,20,0.0,9.4,356,0.655710853194781,-9.377102072442348
2023-01-09 02:00:00,17.6,94,16.7,0.0,21,0.0,10.9,354,1.1393602496174222,-10.84028865951418
2023-01-09 03:00:00,17.6,94,16.6,0.0,23,0.0,9.7,2,-0.3385251180142594,-9.694091022085228
2023-01-09 04:00:00,17.5,94,16.5,0.0,14,0.0,9.0,2,-0.3140954703225087,-8.994517443171862
2023-01-09 05:00:00,17.3,94,16.4,0.0,17,0.0,9.4,2,-0.3280552690035091,-9.3942737739795
2023-01-09 06:00:00,17.2,95,16.4,0.0,30,0.0,9.0,360,2.204364238465236e-15,-9.0
2023-01-09 07:00:00,17.3,95,16.5,0.0,59,0.0,8.7,343,2.543633831087813,-8.319851376878407
2023-01-09 08:00:00,18.1,93,16.9,0.0,49,28.0,11.8,348,2.4533579516495667,-11.542141688658909
2023-01-09 09:00:00,19.3,87,17.0,0.0,38,98.0,13.0,354,1.3588700224794945,-12.928784639787551
2023-01-09 10:00:00,20.5,79,16.6,0.0,22,179.0,12.6,360,3.08610993385133e-15,-12.6
2023-01-09 11:00:00,21.6,73,16.6,0.0,30,265.0,11.2,356,0.781272505934207,-11.17271736291003
2023-01-09 12:00:00,22.4,70,16.7,0.0,56,336.0,11.9,346,2.878870557636048,-11.54651914268436
2023-01-09 13:00:00,22.9,68,16.6,0.0,62,400.0,11.8,348,2.4533579516495667,-11.542141688658909
2023-01-09 14:00:00,23.3,65,16.5,0.0,38,396.0,12.4,350,2.153237403069937,-12.21161613735138
2023-01-09 15:00:00,23.3,66,16.7,0.0,32,322.0,14.7,349,2.8048922320352063,-14.42991959668066
2023-01-09 16:00:00,22.8,67,16.5,0.0,43,152.0,15.3,351,2.393447315115536,-15.111631611105606
2023-01-09 17:00:00,22.0,72,16.7,0.0,61,36.0,12.3,357,0.6437322617882157,-12.283143277481258
2023-01-09 18:00:00,20.7,79,16.8,0.0,11,2.0,15.3,351,2.393447315115536,-15.111631611105606
2023-01-09 19:00:00,19.8,84,16.9,0.0,14,0.0,15.7,349,2.995701227411751,-15.411546780128324
2023-01-09 20:00:00,19.2,87,17.0,0.0,56,0.0,15.1,360,3.698433333425007e-15,-15.1
2023-01-09 21:00:00,18.9,88,17.0,0.0,56,0.0,12.4,10,-2.1532374030699364,-12.21161613735138
2023-01-09 22:00:00,19.0,89,17.1,0.0,57,0.0,11.2,4,-0.7812725059342034,-11.17271736291003
2023-01-09 23:00:00,18.9,90,17.2,0.0,59,0.0,12.0,353,1.4624321208617668,-11.910553819695863
2023-01-10 00:00:00,19.0,90,17.3,0.0,63,0.0,13.4,352,1.8649195528648828,-13.26959212113704
2023-01-10 01:00:00,18.9,91,17.4,0.0,77,0.0,14.8,357,0.7745721523955768,-14.779717114367694
2023-01-10 02:00:00,18.8,91,17.3,0.0,76,0.0,14.8,4,-1.0323958114130545,-14.763947943845398
2023-01-10 03:00:00,19.0,88,16.9,0.0,60,0.0,12.0,7,-1.4624321208617697,-11.910553819695863
2023-01-10 04:00:00,18.9,88,16.9,0.0,61,0.0,8.0,10,-1.3891854213354426,-7.878462024097664
2023-01-10 05:00:00,19.0,88,17.0,0.0,56,0.0,7.1,345,1.8376152202278968,-6.858073366652385
2023-01-10 06:00:00,18.8,91,17.3,0.0,29,0.0,9.2,329,4.738350289172501,-7.885939166459431
2023-01-10 07:00:00,18.7,93,17.6,0.0,52,0.0,11.7,342,3.615498834186888,-11.127361240653295
2023-01-10 08:00:00,19.5,90,17.7,0.0,74,43.0,13.6,343,3.976255184229225,-13.00574468109728
2023-01-10 09:00:00,20.4,83,17.5,0.0,79,134.0,9.5,351,1.4861274178821953,-9.383039235653808
2023-01-10 10:00:00,21.3,78,17.4,0.1,74,178.0,6.6,9,-1.0324674692655236,-6.518743047927909
2023-01-10 11:00:00,21.9,75,17.4,0.0,77,205.0,4.7,356,0.3278554265973905,-4.688551036221174
2023-01-10 12:00:00,22.5,73,17.4,0.0,76,325.0,7.4,321,4.656970893768801,-5.750880114781583
2023-01-10 13:00:00,22.4,73,17.4,0.0,80,148.0,11.6,324,6.818308926592691,-9.38459713474939
2023-01-10 14:00:00,22.4,74,17.5,0.0,68,173.0,14.7,332,6.901231972952594,-12.979329615026224
2023-01-10 15:00:00,21.9,75,17.3,0.0,78,200.0,18.2,342,5.624109297624048,-17.309228596571792
2023-01-10 16:00:00,21.3,78,17.2,0.1,97,93.0,18.6,351,2.9096810497482983,-18.37100313506956
2023-01-10 17:00:00,20.4,82,17.3,0.1,100,18.0,17.3,355,1.507794349534489,-17.234168276987198
2023-01-10 18:00:00,19.7,86,17.3,0.0,100,0.0,17.0,354,1.776983875550108,-16.906872221260645
2023-01-10 19:00:00,19.3,88,17.3,0.2,100,0.0,16.9,359,0.2949456687900921,-16.89742604814301
2023-01-10 20:00:00,18.9,90,17.3,0.0,96,0.0,14.8,354,1.5470212563612706,-14.718924051450443
2023-01-10 21:00:00,18.7,92,17.3,0.0,96,0.0,13.4,346,3.2417534010355493,-13.001962732098352
2023-01-10 22:00:00,18.6,92,17.3,0.0,100,0.0,13.8,345,3.5717028224147858,-13.329776402789143
2023-01-10 23:00:00,18.5,93,17.4,0.2,100,0.0,14.2,344,3.914050452601385,-13.649916082324127
2023-01-11 00:00:00,18.4,93,17.3,0.1,100,0.0,14.4,347,3.2392951825516607,-14.030928932907386
2023-01-11 01:00:00,18.3,93,17.2,0.2,100,0.0,13.7,357,0.7170026005283379,-13.68122462613766
2023-01-11 02:00:00,18.2,94,17.2,0.3,100,0.0,11.9,2,-0.4153040107597615,-11.89275084152724
2023-01-11 03:00:00,18.4,92,17.1,0.1,100,0.0,11.7,349,2.2324652459055723,-11.485038046337667
2023-01-11 04:00:00,18.4,92,17.1,0.1,100,0.0,15.1,348,3.139466531348174,-14.770028771080463
2023-01-11 05:00:00,18.3,92,17.0,0.1,100,0.0,18.1,354,1.891965185144527,-18.000846306165748
2023-01-11 06:00:00,18.1,93,16.9,0.4,86,0.0,18.7,359,0.3263600003772026,-18.697151899424515
2023-01-11 07:00:00,18.1,92,16.8,0.0,48,0.0,16.6,4,-1.15795746415248,-16.55956323431308
2023-01-11 08:00:00,18.4,91,17.0,0.0,80,14.0,19.6,353,2.3886391307408856,-19.453904572169915
2023-01-11 09:00:00,19.2,87,17.0,0.0,100,79.0,23.0,360,5.633375276077825e-15,-23.0
2023-01-11 10:00:00,20.2,81,16.9,0.0,100,124.0,20.2,11,-3.854341706606205,-19.828869105642813
2023-01-11 11:00:00,20.9,78,16.9,0.0,87,124.0,14.1,6,-1.473851332073914,-14.022758724692652
2023-01-11 12:00:00,21.8,74,17.0,0.0,79,167.0,13.6,348,2.827598995121534,-13.302807369979757
2023-01-11 13:00:00,21.9,74,17.1,0.0,66,131.0,15.2,346,3.6772128131149513,-14.748495039395143
2023-01-11 14:00:00,22.2,73,17.2,0.0,66,176.0,16.5,350,2.8651949315043512,-16.249327924701433
2023-01-11 15:00:00,21.8,75,17.2,0.0,65,113.0,16.2,356,1.1300548746548351,-16.16053761420915
2023-01-11 16:00:00,21.2,77,17.1,0.0,72,36.0,15.9,357,0.8321417042628155,-15.878209602597725
2023-01-11 17:00:00,20.5,81,17.2,0.0,70,14.0,14.9,353,1.8158532167366936,-14.7889376594557
2023-01-11 18:00:00,19.8,85,17.2,0.0,72,1.0,16.9,348,3.5137075748201414,-16.530694452401313
2023-01-11 19:00:00,19.2,88,17.2,0.1,89,0.0,15.2,355,1.3247672897644065,-15.142159410994532
2023-01-11 20:00:00,19.0,90,17.3,0.0,100,0.0,12.2,2,-0.4257738597705118,-12.192568089632967
2023-01-11 21:00:00,19.1,90,17.3,0.0,100,0.0,9.4,360,2.3023359823970247e-15,-9.4
2023-01-11 22:00:00,19.1,90,17.3,0.0,100,0.0,8.6,345,2.225843787881678,-8.306962106085987
2023-01-11 23:00:00,19.0,91,17.5,0.1,89,0.0,7.4,337,2.891410350820627,-6.811735915548058
2023-01-12 00:00:00,19.0,92,17.7,0.0,93,0.0,6.5,341,2.1161930039715187,-6.14587074139556
2023-01-12 01:00:00,18.6,95,17.8,0.0,74,0.0,6.5,341,2.1161930039715187,-6.14587074139556
2023-01-12 02:00:00,18.5,95,17.7,0.0,92,0.0,7.9,336,3.213219480298821,-7.217009115376548
2023-01-12 03:00:00,18.7,94,17.7,0.1,95,0.0,8.3,342,2.564841053312066,-7.893769085249775
2023-01-12 04:00:00,18.8,93,17.7,0.1,94,0.0,8.1,347,1.8221035401853087,-7.892397524760404
2023-01-12 05:00:00,18.8,93,17.6,0.1,98,0.0,10.2,342,3.151973342624466,-9.700776466210565
2023-01-12 06:00:00,18.5,94,17.6,0.1,78,0.0,13.3,357,0.6960682180311601,-13.281772812235833
2023-01-12 07:00:00,18.5,94,17.6,0.0,100,0.0,11.9,5,-1.037153338697132,-11.854716907291772
2023-01-12 08:00:00,19.0,92,17.7,0.1,100,30.0,10.8,2,-0.3769145643870105,-10.793420931806237
2023-01-12 09:00:00,20.2,87,18.0,0.0,71,99.0,8.6,358,0.300135671641507,-8.594761112364223
2023-01-12 10:00:00,21.4,82,18.2,0.0,81,192.0,7.6,352,1.0577155672965006,-7.526037322435934
2023-01-12 11:00:00,22.6,76,18.2,0.0,83,281.0,7.4,346,1.7902220274375422,-7.180188374442374
2023-01-12 12:00:00,23.3,73,18.2,0.0,45,295.0,7.1,336,2.887830165838181,-6.486172749262467
2023-01-12 13:00:00,23.6,71,18.1,0.0,44,252.0,7.0,325,4.015035054457325,-5.734064310022941
2023-01-12 14:00:00,23.7,71,18.1,0.0,41,226.0,8.7,318,5.821436275322065,-6.46535998165333
2023-01-12 15:00:00,24.1,68,17.7,0.0,40,252.0,11.2,327,6.099957192168302,-9.393110360988748
2023-01-12 16:00:00,23.5,69,17.6,0.0,21,171.0,12.7,345,3.2870018728020125,-12.267257993871167
2023-01-12 17:00:00,22.7,72,17.4,0.0,20,69.0,12.6,358,0.4397336584515103,-12.592324420440606
2023-01-12 18:00:00,21.4,77,17.3,0.0,30,3.0,13.0,3,-0.6803674311582698,-12.98218395180946
2023-01-12 19:00:00,20.6,81,17.3,0.0,34,0.0,10.9,8,-1.5169868004647131,-10.793921949283115
2023-01-12 20:00:00,20.0,84,17.3,0.0,44,0.0,8.7,7,-1.060263287624783,-8.6351515192795
2023-01-12 21:00:00,19.6,87,17.3,0.0,26,0.0,7.6,3,-0.3977532674463731,-7.589584464134761
2023-01-12 22:00:00,19.2,89,17.3,0.0,22,0.0,7.9,357,0.4134540543192605,-7.889173324561134
2023-01-12 23:00:00,18.8,92,17.4,0.0,37,0.0,7.2,6,-0.7526049355271051,-7.160557646651568
2023-01-13 00:00:00,18.4,93,17.3,0.0,42,0.0,6.9,9,-1.079397808777593,-6.815049550106451
2023-01-13 01:00:00,18.3,94,17.3,0.0,34,0.0,7.2,6,-0.7526049355271051,-7.160557646651568
2023-01-13 02:00:00,18.1,94,17.2,0.0,20,0.0,7.2,357,0.3768188849491994,-7.190132650232932
2023-01-13 03:00:00,18.0,94,17.1,0.0,9,0.0,7.2,357,0.3768188849491994,-7.190132650232932
2023-01-13 04:00:00,17.6,95,16.8,0.0,3,0.0,6.1,357,0.3192493330819606,-6.0916401620029
2023-01-13 05:00:00,17.1,97,16.6,0.0,0,0.0,5.8,356,0.4045875477159287,-5.78587149150698
2023-01-13 06:00:00,16.6,97,16.2,0.0,0,0.0,6.5,357,0.3401837155791384,-6.49109197590473
2023-01-13 07:00:00,16.5,98,16.2,0.0,0,0.0,7.2,357,0.3768188849491994,-7.190132650232932
2023-01-13 08:00:00,18.9,93,17.8,0.0,0,51.0,7.6,357,0.3977532674463772,-7.589584464134761
2023-01-13 09:00:00,21.7,82,18.5,0.0,0,178.0,4.7,356,0.3278554265973905,-4.688551036221174
2023-01-13 10:00:00,23.5,73,18.3,0.0,0,374.0,3.1,306,2.5079526825623377,-1.8221342821066664
2023-01-13 11:00:00,24.5,69,18.5,0.0,0,500.0,4.8,257,4.6769763109691285,1.0797650608505531
2023-01-13 12:00:00,25.3,67,18.7,0.0,2,569.0,5.5,238,4.664264528860342,2.9145559532826275
2023-01-13 13:00:00,26.0,65,18.9,0.0,6,577.0,5.4,228,4.01298205757793,3.613305274337834
2023-01-13 14:00:00,26.4,64,19.1,0.0,7,499.0,6.3,211,3.244739871933341,5.400153994423308
2023-01-13 15:00:00,27.1,61,18.9,0.0,3,391.0,7.8,214,4.361704647071824,6.466493065929326
2023-01-13 16:00:00,26.9,62,19.0,0.0,3,228.0,9.3,216,5.466402846319999,7.523858047687012
2023-01-13 17:00:00,26.1,66,19.2,0.0,6,89.0,7.2,207,3.268731598124736,6.415246974156249
2023-01-13 18:00:00,24.8,71,19.1,0.0,40,4.0,9.0,203,3.516580156403462,8.284543681071963
2023-01-13 19:00:00,24.1,74,19.1,0.0,58,0.0,10.0,195,2.588190451025208,9.659258262890685
2023-01-13 20:00:00,23.7,76,19.3,0.0,57,0.0,11.2,186,1.170718788597719,11.13864522812466
2023-01-13 21:00:00,23.5,78,19.5,0.0,57,0.0,10.8,182,0.3769145643870097,10.793420931806237
2023-01-13 22:00:00,23.2,81,19.7,0.0,45,0.0,10.8,178,-0.3769145643870124,10.793420931806237
2023-01-13 23:00:00,22.6,84,19.8,0.0,24,0.0,11.2,176,-0.7812725059342058,11.17271736291003
2023-01-14 00:00:00,22.1,87,19.9,0.0,16,0.0,10.1,180,-1.2368932671388266e-15,10.1
2023-01-14 01:00:00,21.7,90,19.9,0.0,9,0.0,10.0,193,2.249510543438649,9.743700647852352
2023-01-14 02:00:00,21.5,91,20.0,0.0,4,0.0,10.3,192,2.1414904154229237,10.074920287558198
2023-01-14 03:00:00,21.2,91,19.7,0.0,1,0.0,10.1,174,-1.0557374790033027,10.04467114321956
2023-01-14 04:00:00,20.8,93,19.6,0.0,2,0.0,9.9,170,-1.7191169589026098,9.74959675482086
2023-01-14 05:00:00,20.5,93,19.4,0.0,2,0.0,9.5,171,-1.4861274178821944,9.383039235653808
2023-01-14 06:00:00,20.4,93,19.2,0.0,4,0.0,8.9,166,-2.153104870837043,8.635631963856369
2023-01-14 07:00:00,20.2,92,18.9,0.0,2,0.0,8.3,198,2.5648410533120627,7.893769085249776
2023-01-14 08:00:00,21.4,89,19.4,0.0,8,56.0,7.2,180,-8.817456953860943e-16,7.2
2023-01-14 09:00:00,23.9,77,19.7,0.0,9,190.0,7.3,169,-1.3929056662487782,7.165878439167947
2023-01-14 10:00:00,25.3,72,19.9,0.0,9,322.0,9.4,178,-0.3280552690035107,9.3942737739795
2023-01-14 11:00:00,26.2,69,20.2,0.0,17,465.0,8.6,202,3.221616703376843,7.973781149274371
2023-01-14 12:00:00,26.6,68,20.3,0.0,35,451.0,8.9,220,5.7208097262102,6.817795543758905
2023-01-14 13:00:00,26.8,68,20.5,0.0,59,450.0,9.4,230,7.2008177653183925,6.042203531053471
2023-01-14 14:00:00,26.8,69,20.6,0.0,53,446.0,9.8,242,8.652886410017485,4.600821315301729
2023-01-14 15:00:00,26.4,71,20.7,0.0,64,311.0,9.9,251,9.360633898433235,3.2231247291258507
2023-01-14 16:00:00,25.8,74,20.8,0.0,53,192.0,10.8,266,10.773691742806102,0.7533699164365563
2023-01-14 17:00:00,24.8,80,21.2,0.0,50,82.0,8.2,285,7.920591775570361,-2.122316169840666
2023-01-14 18:00:00,23.5,88,21.4,0.1,71,3.0,6.6,311,4.981083229470297,-4.3299895913373465
2023-01-14 19:00:00,22.8,92,21.5,0.0,71,0.0,6.2,324,3.644268564213335,-5.015905365124674
2023-01-14 20:00:00,22.2,95,21.4,0.0,78,0.0,6.2,350,1.0766187015349684,-6.10580806867569
2023-01-14 21:00:00,21.7,96,21.1,0.0,83,0.0,6.5,19,-2.1161930039715187,-6.14587074139556
2023-01-14 22:00:00,21.2,97,20.7,0.1,72,0.0,5.6,27,-2.5423467985414616,-4.98963653545486
2023-01-14 23:00:00,20.8,98,20.4,0.1,73,0.0,3.5,24,-1.4235782507653008,-3.197409101749103
2023-01-15 00:00:00,20.5,99,20.3,0.2,53,0.0,3.3,6,-0.3449439287832564,-3.281922254715301
2023-01-15 01:00:00,20.6,98,20.3,0.2,45,0.0,5.6,333,2.542346798541463,-4.989636535454859
2023-01-15 02:00:00,20.7,98,20.4,0.1,66,0.0,8.9,333,4.040515447681968,-7.929958065276474
2023-01-15 03:00:00,21.1,98,20.7,0.1,89,0.0,14.6,344,4.024305394928184,-14.034420760699456
2023-01-15 04:00:00,20.6,97,20.1,0.0,100,0.0,16.2,359,0.2827289842839937,-16.197532661533536
2023-01-15 05:00:00,20.0,95,19.1,0.0,94,0.0,17.3,360,4.237277925049842e-15,-17.3
2023-01-15 06:00:00,19.3,93,18.2,0.0,40,0.0,16.9,359,0.2949456687900921,-16.89742604814301
2023-01-15 07:00:00,18.8,92,17.5,0.0,16,0.0,15.5,359,0.2705122997778952,-15.497639274924063
2023-01-15 08:00:00,18.9,90,17.3,0.0,14,54.0,18.4,358,0.6421507393260151,-18.38879121715136
2023-01-15 09:00:00,20.1,82,16.9,0.0,5,224.0,18.6,10,-3.229856104604905,-18.31742420602707
2023-01-15 10:00:00,21.5,73,16.6,0.0,4,397.0,15.2,7,-1.8524140197582413,-15.086701504948094
2023-01-15 11:00:00,22.7,68,16.4,0.0,2,535.0,16.2,343,4.736421616508342,-15.492137046601172
2023-01-15 12:00:00,23.3,65,16.4,0.0,0,606.0,22.1,344,6.091585563555677,-21.24388348023685
2023-01-15 13:00:00,23.6,64,16.4,0.0,0,627.0,24.7,352,3.437575593713627,-24.459621297916783
2023-01-15 14:00:00,23.3,64,16.2,0.0,4,546.0,24.2,356,1.6881066646078404,-24.141050016287743
2023-01-15 15:00:00,22.2,65,15.4,0.0,4,396.0,23.9,355,2.0830222516690338,-23.80905328439272
2023-01-15 16:00:00,21.2,67,14.8,0.0,20,254.0,24.9,355,2.170177994416692,-24.805247982484463
2023-01-15 17:00:00,19.8,71,14.3,0.0,39,88.0,23.9,355,2.0830222516690338,-23.80905328439272
2023-01-15 18:00:00,18.4,75,13.8,0.0,21,5.0,22.0,355,1.917426340448483,-21.9162833580184
2023-01-15 19:00:00,17.6,76,13.4,0.0,40,0.0,22.8,355,1.9871509346466096,-22.7132391164918
2023-01-15 20:00:00,17.2,77,13.2,0.0,40,0.0,24.6,355,2.144031271592395,-24.506389573056943
2023-01-15 21:00:00,16.6,79,12.9,0.2,35,0.0,23.8,357,1.245595758582076,-23.76738292715886
2023-01-15 22:00:00,16.0,81,12.7,0.3,32,0.0,22.0,357,1.1513910373447762,-21.969849764600625
2023-01-15 23:00:00,15.7,81,12.5,0.3,35,0.0,22.8,355,1.9871509346466096,-22.7132391164918
2023-01-16 00:00:00,15.5,81,12.2,0.4,38,0.0,23.9,355,2.0830222516690338,-23.80905328439272
2023-01-16 01:00:00,15.3,81,12.1,0.3,41,0.0,23.9,353,2.9126773073830186,-23.721853024227595
2023-01-16 02:00:00,15.2,81,12.0,0.3,53,0.0,25.7,354,2.6863815059786926,-25.559212710964623
2023-01-16 03:00:00,15.4,80,12.0,0.0,78,0.0,26.0,356,1.8136683173472663,-25.93666530675543
2023-01-16 04:00:00,15.4,79,11.8,0.0,100,0.0,26.3,357,1.376435649189437,-26.263956764045293
2023-01-16 05:00:00,15.2,80,11.8,0.1,100,0.0,26.3,358,0.9178567632757716,-26.28397875060222
2023-01-16 06:00:00,15.1,80,11.7,0.1,100,0.0,26.7,357,1.3973700316866149,-26.66340857794712
2023-01-16 07:00:00,15.0,81,11.7,0.1,100,0.0,24.5,359,0.4275839577134472,-24.496268531331587
2023-01-16 08:00:00,15.3,78,11.5,0.1,100,32.0,24.5,358,0.8550376692112702,-24.485075261967847
2023-01-16 09:00:00,16.0,74,11.3,0.0,100,121.0,23.4,358,0.8166482228385192,-23.38574535224684
2023-01-16 10:00:00,16.8,70,11.4,0.1,89,207.0,21.3,354,2.226456267601018,-21.183316371344223
2023-01-16 11:00:00,17.6,68,11.6,0.1,84,318.0,21.5,350,3.7334358198390034,-21.17336668976247
2023-01-16 12:00:00,18.3,66,11.8,0.1,82,392.0,21.9,351,3.4259147843810607,-21.630374659033517
2023-01-16 13:00:00,18.7,65,11.9,0.1,80,432.0,22.9,352,3.1870640119855085,-22.67713877418196
2023-01-16 14:00:00,18.7,65,12.0,0.1,74,339.0,25.0,353,3.0467335851286808,-24.81365379103305
2023-01-16 15:00:00,18.7,64,11.8,0.0,73,266.0,25.2,357,1.318866097322198,-25.16546427581526
2023-01-16 16:00:00,18.1,66,11.7,0.0,63,190.0,24.9,356,1.7369361962287282,-24.839344851469622
2023-01-16 17:00:00,17.1,70,11.6,0.0,68,69.0,23.2,354,2.425060347809559,-23.07290797254394
2023-01-16 18:00:00,16.1,74,11.5,0.0,70,4.0,22.9,353,2.790807963977872,-22.729306872586275
2023-01-16 19:00:00,15.5,77,11.5,0.1,77,0.0,22.5,354,2.351890423522202,-22.37674264578615
2023-01-16 20:00:00,15.1,79,11.5,0.1,77,0.0,21.4,353,2.6080039488701505,-21.24048764512429
2023-01-16 21:00:00,14.8,80,11.5,0.1,90,0.0,21.6,356,1.506739832873114,-21.547383485612205
2023-01-16 22:00:00,14.8,81,11.5,0.0,89,0.0,20.5,359,0.3577743319643129,-20.49687775070602
2023-01-16 23:00:00,14.8,80,11.4,0.0,88,0.0,19.9,356,1.3881538275081,-19.8515246001705
2023-01-17 00:00:00,14.8,80,11.4,0.0,84,0.0,19.9,355,1.7343992806784003,-19.824274492025737
2023-01-17 01:00:00,15.0,79,11.4,0.0,63,0.0,19.1,358,0.6665803870177658,-19.08836479606473
2023-01-17 02:00:00,15.1,79,11.5,0.0,63,0.0,18.4,357,0.9629815948701764,-18.37478343948416
2023-01-17 03:00:00,15.1,80,11.7,0.0,52,0.0,17.3,355,1.507794349534489,-17.234168276987198
2023-01-17 04:00:00,15.1,80,11.8,0.0,46,0.0,16.6,356,1.1579574641524857,-16.55956323431308
2023-01-17 05:00:00,15.2,81,11.9,0.0,45,0.0,16.2,356,1.1300548746548351,-16.16053761420915
2023-01-17 06:00:00,15.3,81,12.1,0.0,39,0.0,12.6,357,0.659433048661099,-12.58273213790763
2023-01-17 07:00:00,15.3,83,12.4,0.0,23,0.0,11.4,349,2.175222547292609,-11.19054989130337
2023-01-17 08:00:00,16.2,81,12.9,0.0,23,59.0,13.9,343,4.063966695646046,-13.29263610788619
2023-01-17 09:00:00,17.5,74,12.8,0.0,15,193.0,14.6,350,2.535263393937184,-14.378193193978236
2023-01-17 10:00:00,18.8,66,12.4,0.0,20,405.0,13.8,354,1.442492793093617,-13.724402156082173
2023-01-17 11:00:00,19.7,63,12.6,0.0,16,477.0,13.2,349,2.5186787389703893,-12.957478821509165
2023-01-17 12:00:00,20.3,62,12.7,0.0,31,523.0,14.2,344,3.914050452601385,-13.649916082324127
2023-01-17 13:00:00,20.8,61,12.9,0.0,37,608.0,16.8,345,4.348159957722348,-16.22755388165635
2023-01-17 14:00:00,20.7,61,12.8,0.0,35,469.0,21.7,349,4.140555199671019,-21.30130988081431
2023-01-17 15:00:00,19.8,66,13.3,0.0,26,284.0,23.5,354,2.456418886789855,-23.37126454115442
2023-01-17 16:00:00,19.0,68,13.1,0.0,20,135.0,23.9,355,2.0830222516690338,-23.80905328439272
2023-01-17 17:00:00,18.1,71,12.9,0.0,27,63.0,22.0,355,1.917426340448483,-21.9162833580184
2023-01-17 18:00:00,17.0,76,12.8,0.0,33,4.0,20.0,353,2.4373868681029447,-19.850923032826444
2023-01-17 19:00:00,16.5,79,12.7,0.0,40,0.0,20.3,354,2.1219278043333643,-20.18879447597595
2023-01-17 20:00:00,16.2,80,12.7,0.0,53,0.0,20.6,355,1.7954083006017614,-20.52161078068996
2023-01-17 21:00:00,16.2,80,12.7,0.0,55,0.0,20.2,358,0.7049698333905167,-20.18769470578573
2023-01-17 22:00:00,16.1,81,12.8,0.0,49,0.0,19.1,360,4.6781507727428894e-15,-19.1
2023-01-17 23:00:00,16.1,81,12.9,0.0,49,0.0,19.5,358,0.6805401856987661,-19.488121126872368
2023-01-18 00:00:00,16.0,82,12.9,0.0,53,0.0,19.8,359,0.3455576474582145,-19.79698436409655
2023-01-18 01:00:00,15.9,82,12.9,0.0,52,0.0,20.2,360,4.9475730685553065e-15,-20.2
2023-01-18 02:00:00,15.9,82,12.9,0.0,46,0.0,21.2,1,-0.3699910164704104,-21.19677113731549
2023-01-18 03:00:00,15.4,84,12.7,0.0,47,0.0,20.5,2,-0.7154396824012699,-20.487511953891463
2023-01-18 04:00:00,15.4,84,12.6,0.0,34,0.0,19.8,360,4.849601324623519e-15,-19.8
2023-01-18 05:00:00,15.2,84,12.5,0.0,26,0.0,20.2,358,0.7049698333905167,-20.18769470578573
2023-01-18 06:00:00,15.2,84,12.5,0.0,17,0.0,21.7,354,2.268267652908079,-21.58112512949153
2023-01-18 07:00:00,15.2,83,12.4,0.0,18,0.0,22.7,356,1.583471953991652,-22.644703940898008
2023-01-18 08:00:00,15.9,80,12.5,0.0,11,45.0,23.0,359,0.4014053480575218,-22.996496988597
2023-01-18 09:00:00,17.1,74,12.4,0.0,2,139.0,23.8,358,0.8306080215195196,-23.78550168305448
2023-01-18 10:00:00,18.4,68,12.3,0.0,2,324.0,25.2,358,0.8794673169030207,-25.184648840881213
2023-01-18 11:00:00,19.2,64,12.2,0.0,1,482.0,25.9,359,0.4520173267256442,-25.896055304550533
2023-01-18 12:00:00,19.8,62,12.3,0.0,1,591.0,27.4,356,1.9113273805890425,-27.333254977119186
2023-01-18 13:00:00,20.1,61,12.3,0.0,1,570.0,28.1,357,1.4706403704267368,-28.061489926603524
2023-01-18 14:00:00,20.1,61,12.4,0.0,3,531.0,28.1,358,0.9806758573402732,-28.082882239236596
2023-01-18 15:00:00,19.9,61,12.1,0.0,7,430.0,26.3,359,0.4589982893005576,-26.29599438261309
2023-01-18 16:00:00,19.2,63,12.0,0.0,3,284.0,24.5,357,1.2822309279521371,-24.466423601487055
2023-01-18 17:00:00,18.1,68,12.0,0.0,3,106.0,22.1,354,2.310079038215141,-21.97893388763884
2023-01-18 18:00:00,16.7,73,11.8,0.0,3,6.0,21.2,360,5.1925024283847775e-15,-21.2
2023-01-18 19:00:00,16.1,76,11.8,0.0,1,0.0,19.1,359,0.333340962952116,-19.097090977487078
2023-01-18 20:00:00,15.7,78,11.8,0.0,2,0.0,16.2,356,1.1300548746548351,-16.16053761420915
2023-01-18 21:00:00,15.4,80,11.9,0.0,1,0.0,14.4,356,1.0044932219154092,-14.36492232374147
2023-01-18 22:00:00,15.3,81,12.0,0.0,2,0.0,14.9,353,1.8158532167366936,-14.7889376594557
2023-01-18 23:00:00,15.2,82,12.1,0.0,2,0.0,16.8,351,2.6280990126758823,-16.593164121998313
2023-01-19 00:00:00,15.2,82,12.2,0.0,1,0.0,18.8,353,2.291143656016768,-18.659867650856857
2023-01-19 01:00:00,15.0,84,12.3,0.0,2,0.0,19.1,356,1.3323486485127998,-19.053473359962645
2023-01-19 02:00:00,15.0,84,12.4,0.0,8,0.0,19.8,357,1.0362519336102984,-19.772864788140563
2023-01-19 03:00:00,14.7,88,12.8,0.0,10,0.0,19.8,358,0.6910100347095163,-19.787938374978097
2023-01-19 04:00:00,14.5,90,12.8,0.0,2,0.0,20.5,358,0.7154396824012669,-20.487511953891463
2023-01-19 05:00:00,14.4,90,12.8,0.0,3,0.0,20.5,359,0.3577743319643129,-20.49687775070602
2023-01-19 06:00:00,14.4,90,12.7,0.0,7,0.0,18.7,1,-0.3263600003772016,-18.697151899424515
2023-01-19 07:00:00,14.4,90,12.7,0.0,2,0.0,16.6,360,4.065827373169213e-15,-16.6
2023-01-19 08:00:00,15.7,83,12.9,0.0,2,68.0,15.5,356,1.0812253430339474,-15.462242779027276
2023-01-19 09:00:00,18.0,72,12.9,0.0,0,236.0,13.0,358,0.4536934571325107,-12.992080751248244
2023-01-19 10:00:00,19.8,64,12.7,0.0,1,418.0,9.4,353,1.145571828008384,-9.329933825428428
2023-01-19 11:00:00,21.1,58,12.5,0.0,1,555.0,12.0,339,4.300415394543609,-11.202965117966418
2023-01-19 12:00:00,21.9,55,12.6,0.0,0,627.0,15.3,341,4.981192763194498,-14.466434206669549
2023-01-19 13:00:00,22.4,54,12.7,0.0,2,635.0,17.8,346,4.306209741674088,-17.271263927712738
2023-01-19 14:00:00,22.5,54,12.7,0.0,1,568.0,19.7,351,3.0817589612925524,-19.45746030972421
2023-01-19 15:00:00,22.0,59,13.6,0.0,3,446.0,21.0,354,2.1950977286207216,-20.88495980273374
2023-01-19 16:00:00,21.2,62,13.6,0.0,0,287.0,22.4,354,2.3414375771954363,-22.27729045624932
2023-01-19 17:00:00,19.8,68,13.8,0.0,1,110.0,21.7,355,1.8912796176241853,-21.61742494859088
2023-01-19 18:00:00,18.2,76,13.8,0.0,0,7.0,19.5,357,1.020551146737415,-19.47327592771419
2023-01-19 19:00:00,17.4,80,13.9,0.0,1,0.0,17.3,359,0.3019266313650056,-17.29736512620557
2023-01-19 20:00:00,16.9,83,14.1,0.0,0,0.0,15.1,359,0.2635313372029818,-15.097700196861508
2023-01-19 21:00:00,16.6,86,14.2,0.0,1,0.0,13.7,357,0.7170026005283379,-13.68122462613766
2023-01-19 22:00:00,16.3,88,14.3,0.0,1,0.0,12.7,353,1.5477406612453697,-12.60533612584479
2023-01-19 23:00:00,16.1,89,14.3,0.0,2,0.0,12.6,355,1.0981623586204947,-12.552053195955994
2023-01-20 00:00:00,15.9,91,14.4,0.0,2,0.0,14.1,356,0.9835662797921716,-14.06565310866352
2023-01-20 01:00:00,15.9,91,14.4,0.0,6,0.0,15.5,357,0.8112073217656377,-15.478757788695894
2023-01-20 02:00:00,15.9,91,14.4,0.0,8,0.0,16.2,1,-0.2827289842839929,-16.197532661533536
2023-01-20 03:00:00,15.9,92,14.6,0.0,16,0.0,16.2,3,-0.8478424911356901,-16.177798463024097
2023-01-20 04:00:00,15.7,92,14.5,0.0,20,0.0,16.6,360,4.065827373169213e-15,-16.6
2023-01-20 05:00:00,15.7,92,14.5,0.0,19,0.0,17.6,360,4.310756732998684e-15,-17.6
2023-01-20 06:00:00,15.8,92,14.5,0.0,26,0.0,16.6,360,4.065827373169213e-15,-16.6
2023-01-20 07:00:00,15.7,92,14.4,0.0,19,0.0,14.8,1,-0.258295615271796,-14.79774588831459
2023-01-20 08:00:00,16.8,87,14.6,0.0,12,50.0,16.3,352,2.268521545649074,-16.141369520487597
2023-01-20 09:00:00,18.8,77,14.7,0.0,10,206.0,16.3,354,1.7038139512627508,-16.210706894502856
2023-01-20 10:00:00,20.4,68,14.3,0.0,11,373.0,15.7,351,2.456021101131628,-15.50670694734366
2023-01-20 11:00:00,21.6,62,13.9,0.0,9,497.0,15.5,348,3.222631207675278,-15.161287811373986
2023-01-20 12:00:00,22.3,58,13.6,0.0,7,522.0,16.9,344,4.6582713133072815,-16.245322661357587
2023-01-20 13:00:00,22.7,56,13.6,0.0,7,541.0,19.6,346,4.741669153753491,-19.01779623500953
2023-01-20 14:00:00,22.6,57,13.6,0.0,7,440.0,20.1,350,3.490328371105301,-19.79463583554538
2023-01-20 15:00:00,22.2,61,14.3,0.0,10,379.0,18.9,351,2.956611389260368,-18.6673096372481
2023-01-20 16:00:00,21.4,64,14.2,0.0,34,146.0,19.8,350,3.438233917805222,-19.49919350964172
2023-01-20 17:00:00,20.2,68,14.2,0.0,54,32.0,18.5,352,2.574702367761218,-18.31995927171905
2023-01-20 18:00:00,19.2,72,14.1,0.0,66,1.0,17.7,358,0.6177210916342646,-17.689217638237995
2023-01-20 19:00:00,18.7,74,14.0,0.0,81,0.0,16.2,357,0.8478424911356988,-16.177798463024097
2023-01-20 20:00:00,18.3,76,14.0,0.0,85,0.0,16.2,348,3.3681693912477098,-15.845991131887647
2023-01-20 21:00:00,18.0,78,14.0,0.0,83,0.0,16.5,349,3.148348423712987,-16.196848526886455
2023-01-20 22:00:00,17.8,78,14.0,0.0,100,0.0,15.6,352,2.171100374977028,-15.448181872368496
2023-01-20 23:00:00,17.6,79,14.0,0.0,89,0.0,14.2,351,2.221369403571281,-14.025174436450952
2023-01-21 00:00:00,17.3,80,13.9,0.0,72,0.0,14.5,354,1.5156627173809745,-14.420567482839962
2023-01-21 01:00:00,17.1,82,14.0,0.0,78,0.0,13.0,357,0.6803674311582768,-12.98218395180946
2023-01-21 02:00:00,17.1,82,14.0,0.0,71,0.0,11.5,356,0.8021994480574448,-11.47198657798798
2023-01-21 03:00:00,17.0,84,14.2,0.1,71,0.0,10.5,354,1.0975488643103608,-10.44247990136687
2023-01-21 04:00:00,16.6,86,14.2,0.0,74,0.0,11.2,354,1.1707187885977182,-11.13864522812466
2023-01-21 05:00:00,16.7,87,14.4,0.0,69,0.0,10.5,356,0.7324429743133192,-10.474422527728152
2023-01-21 06:00:00,16.4,88,14.4,0.0,70,0.0,10.9,352,1.5169868004647182,-10.793921949283115
2023-01-21 07:00:00,16.3,89,14.5,0.0,92,0.0,13.0,357,0.6803674311582768,-12.98218395180946
2023-01-21 08:00:00,17.0,87,14.8,0.0,100,40.0,15.5,359,0.2705122997778952,-15.497639274924063
2023-01-21 09:00:00,18.5,79,14.9,0.0,85,149.0,15.1,360,3.698433333425007e-15,-15.1
2023-01-21 10:00:00,19.8,73,14.8,0.0,64,272.0,14.8,359,0.2582956152717967,-14.79774588831459
2023-01-21 11:00:00,21.0,69,15.0,0.0,49,333.0,12.0,353,1.4624321208617668,-11.910553819695863
2023-01-21 12:00:00,21.6,67,15.2,0.0,23,424.0,11.3,338,4.23305450559981,-10.477177556604698
2023-01-21 13:00:00,21.8,67,15.4,0.0,15,340.0,13.0,336,5.287576359985402,-11.876090949353811
2023-01-21 14:00:00,21.9,67,15.5,0.0,11,365.0,13.8,340,4.719877977894227,-12.967758166845536
2023-01-21 15:00:00,21.7,67,15.2,0.0,13,277.0,14.1,345,3.6493485359455415,-13.619554150675864
2023-01-21 16:00:00,21.2,68,15.0,0.0,13,223.0,15.0,343,4.385575570841057,-14.34457133944553
2023-01-21 17:00:00,20.3,72,15.0,0.0,14,78.0,16.4,345,4.244632339681339,-15.84118355114072
2023-01-21 18:00:00,18.8,79,15.1,0.0,10,6.0,15.4,349,2.938458528798788,-15.117058625094026
2023-01-21 19:00:00,18.1,83,15.2,0.0,30,0.0,13.9,350,2.4137096695703324,-13.688827766869691
2023-01-21 20:00:00,17.6,87,15.4,0.0,22,0.0,14.6,344,4.024305394928184,-14.034420760699456
2023-01-21 21:00:00,17.3,89,15.5,0.0,37,0.0,14.6,344,4.024305394928184,-14.034420760699456
2023-01-21 22:00:00,17.3,91,15.8,0.0,32,0.0,13.8,345,3.5717028224147858,-13.329776402789143
2023-01-21 23:00:00,17.1,93,15.9,0.0,32,0.0,13.2,349,2.5186787389703893,-12.957478821509165
2023-01-22 00:00:00,17.0,93,15.9,0.0,35,0.0,13.4,354,1.4006814077865557,-13.326593397934865
2023-01-22 01:00:00,16.7,94,15.8,0.0,60,0.0,12.3,357,0.6437322617882157,-12.283143277481258
2023-01-22 02:00:00,16.6,94,15.7,0.0,45,0.0,12.7,353,1.5477406612453697,-12.60533612584479
2023-01-22 03:00:00,16.4,92,15.1,0.0,53,0.0,14.1,354,1.473851332073913,-14.022758724692652
2023-01-22 04:00:00,16.3,93,15.1,0.1,50,0.0,16.2,357,0.8478424911356988,-16.177798463024097
2023-01-22 05:00:00,16.2,93,15.0,0.1,86,0.0,16.9,360,4.139306181118054e-15,-16.9
2023-01-22 06:00:00,16.2,92,15.0,0.0,92,0.0,16.3,5,-1.4206386067868282,-16.237973578895453
2023-01-22 07:00:00,16.2,93,15.0,0.0,75,0.0,15.9,4,-1.1091279325315924,-15.861268399131204
2023-01-22 08:00:00,16.9,91,15.4,0.0,45,39.0,17.3,2,-0.6037612929532667,-17.289461307430358
2023-01-22 09:00:00,18.2,84,15.5,0.0,30,129.0,16.7,7,-2.035218034865963,-16.575520732410077
2023-01-22 10:00:00,20.1,75,15.5,0.0,35,311.0,13.8,7,-1.6817969389910352,-13.697136892650244
2023-01-22 11:00:00,21.8,68,15.6,0.0,27,455.0,10.8,358,0.3769145643870089,-10.793420931806237
2023-01-22 12:00:00,22.9,63,15.6,0.0,25,571.0,12.0,344,3.3076482698039875,-11.535140351259829
2023-01-22 13:00:00,23.3,62,15.7,0.0,31,558.0,14.1,341,4.590510977845909,-13.331811915950368
2023-01-22 14:00:00,23.5,62,15.8,0.0,40,490.0,14.2,344,3.914050452601385,-13.649916082324127
2023-01-22 15:00:00,23.0,64,15.8,0.0,34,407.0,15.3,351,2.393447315115536,-15.111631611105606
2023-01-22 16:00:00,22.6,66,15.9,0.0,36,209.0,15.8,360,3.869883885305636e-15,-15.8
2023-01-22 17:00:00,21.9,69,16.0,0.0,33,84.0,14.0,360,3.429011037612589e-15,-14.0
2023-01-22 18:00:00,20.5,75,15.9,0.0,41,5.0,11.5,4,-0.802199448057441,-11.47198657798798
2023-01-22 19:00:00,19.6,78,15.8,0.1,34,0.0,11.2,358,0.3908743630680092,-11.193177262613872
2023-01-22 20:00:00,19.0,81,15.7,0.0,34,0.0,12.3,353,1.498992923883311,-12.208317665188265
2023-01-22 21:00:00,18.5,83,15.6,0.0,39,0.0,12.3,357,0.6437322617882157,-12.283143277481258
2023-01-22 22:00:00,18.1,85,15.5,0.0,41,0.0,10.5,4,-0.7324429743133156,-10.474422527728152
2023-01-22 23:00:00,18.0,86,15.5,0.0,33,0.0,9.4,360,2.3023359823970247e-15,-9.4
2023-01-23 00:00:00,17.8,87,15.5,0.0,35,0.0,9.7,356,0.6766377953180186,-9.676371287520292
2023-01-23 01:00:00,17.6,88,15.6,0.0,36,0.0,10.5,352,1.4613175600806918,-10.397814721786489
2023-01-23 02:00:00,17.4,89,15.6,0.0,52,0.0,12.0,353,1.4624321208617668,-11.910553819695863
2023-01-23 03:00:00,17.5,91,16.0,0.0,51,0.0,14.2,351,2.221369403571281,-14.025174436450952
2023-01-23 04:00:00,17.4,92,16.0,0.0,35,0.0,16.0,351,2.502951440643697,-15.803013449522204
2023-01-23 05:00:00,17.1,93,16.0,0.0,41,0.0,14.9,352,2.0736792043049816,-14.754994224249398
2023-01-23 06:00:00,17.1,94,16.1,0.0,20,0.0,15.3,352,2.129348444689008,-15.151101451746026
2023-01-23 07:00:00,16.9,95,16.1,0.0,28,0.0,13.4,352,1.8649195528648828,-13.26959212113704
2023-01-23 08:00:00,18.1,90,16.4,0.0,34,58.0,12.4,350,2.153237403069937,-12.21161613735138
2023-01-23 09:00:00,20.0,80,16.5,0.0,39,202.0,12.8,344,3.528158154457586,-12.304149708010485
2023-01-23 10:00:00,21.6,72,16.4,0.0,46,345.0,13.4,346,3.2417534010355493,-13.001962732098352
2023-01-23 11:00:00,22.9,67,16.4,0.0,44,506.0,11.8,348,2.4533579516495667,-11.542141688658909
2023-01-23 12:00:00,23.5,65,16.6,0.0,50,553.0,14.2,339,5.08882488354327,-13.25684205626026
2023-01-23 13:00:00,23.5,65,16.6,0.0,42,490.0,16.4,345,4.244632339681339,-15.84118355114072
2023-01-23 14:00:00,23.5,65,16.5,0.0,38,512.0,17.4,347,3.9141483455832566,-16.95403912726309
2023-01-23 15:00:00,22.8,68,16.6,0.0,35,374.0,17.7,348,3.6800369274743496,-17.31321253298836
2023-01-23 16:00:00,22.1,69,16.3,0.0,40,219.0,18.3,350,3.1777616513048264,-18.02198188012341
2023-01-23 17:00:00,21.0,73,16.0,0.0,33,94.0,18.0,348,3.7424104347196776,-17.6066568132085
2023-01-23 18:00:00,19.4,80,15.8,0.0,27,7.0,18.9,351,2.956611389260368,-18.6673096372481
2023-01-23 19:00:00,18.4,83,15.5,0.0,29,0.0,17.7,356,1.2346895852710238,-17.65688368959889
2023-01-23 20:00:00,17.8,86,15.4,0.0,31,0.0,15.3,352,2.129348444689008,-15.151101451746026
2023-01-23 21:00:00,17.6,86,15.3,0.0,13,0.0,17.7,348,3.6800369274743496,-17.31321253298836
2023-01-23 22:00:00,17.3,86,15.0,0.0,20,0.0,19.7,351,3.0817589612925524,-19.45746030972421
2023-01-23 23:00:00,17.1,86,14.8,0.0,23,0.0,19.6,353,2.3886391307408856,-19.453904572169915
2023-01-24 00:00:00,16.9,86,14.5,0.0,9,0.0,20.3,354,2.1219278043333643,-20.18879447597595
2023-01-24 01:00:00,16.6,87,14.3,0.0,7,0.0,22.0,356,1.534642422370764,-21.94640910571613
2023-01-24 02:00:00,16.4,85,14.0,0.0,24,0.0,24.1,357,1.2612965454549594,-24.06697178758523
2023-01-24 03:00:00,16.3,89,14.5,0.0,27,0.0,26.6,358,0.928326612286522,-26.58379599870795
2023-01-24 04:00:00,16.0,87,13.8,0.0,27,0.0,29.5,359,0.5148459898998651,-29.49550700711354
2023-01-24 05:00:00,15.6,83,12.8,0.0,13,0.0,32.4,1,-0.5654579685679858,-32.39506532306707
2023-01-24 06:00:00,15.1,79,11.4,0.0,9,0.0,33.9,2,-1.1830929382147828,-33.87934903594734
2023-01-24 07:00:00,14.6,76,10.4,0.0,11,0.0,37.5,3,-1.9625983591103937,-37.44860755329652
2023-01-24 08:00:00,14.6,71,9.4,0.0,21,50.0,40.7,3,-2.130073419087814,-40.64422206451116
2023-01-24 09:00:00,15.0,66,8.7,0.0,18,206.0,42.2,4,-2.943723192002088,-42.09720292096458
2023-01-24 10:00:00,15.7,62,8.3,0.0,6,389.0,41.9,4,-2.92279624987885,-41.79793370588664
2023-01-24 11:00:00,16.3,58,8.0,0.0,11,555.0,40.8,4,-2.8460641287603123,-40.70061325060082
2023-01-24 12:00:00,16.7,56,7.8,0.0,8,637.0,40.1,4,-2.797234597139425,-40.00231841541896
2023-01-24 13:00:00,16.8,55,7.6,0.0,12,595.0,38.5,2,-1.343630623046287,-38.47654684023519
2023-01-24 14:00:00,16.4,55,7.4,0.0,14,583.0,38.9,1,-0.6788986104103286,-38.894075341583616
2023-01-24 15:00:00,15.9,57,7.3,0.0,20,444.0,39.3,2,-1.371550220408288,-39.27605950185046
2023-01-24 16:00:00,14.9,59,6.8,0.0,20,286.0,37.8,2,-1.3192009753545366,-37.77697326132181
2023-01-24 17:00:00,13.6,61,6.3,0.0,15,112.0,35.3,360,8.646006401980313e-15,-35.3
2023-01-24 18:00:00,12.3,65,5.8,0.0,22,9.0,33.8,1,-0.5898913375801826,-33.79485209628602
2023-01-24 19:00:00,11.8,64,5.3,0.0,44,0.0,32.4,360,7.935711258474849e-15,-32.4
2023-01-24 20:00:00,11.6,63,4.8,0.0,93,0.0,30.6,360,7.494838410781802e-15,-30.6
2023-01-24 21:00:00,11.4,62,4.4,0.0,100,0.0,29.2,1,-0.5096102679686785,-29.195552698566622
2023-01-24 22:00:00,11.3,61,4.1,0.0,100,0.0,26.6,2,-0.9283266122865258,-26.58379599870795
2023-01-24 23:00:00,11.1,62,4.0,0.0,100,0.0,23.8,1,-0.4153672732073475,-23.796375144722116
2023-01-25 00:00:00,10.8,63,4.1,0.0,100,0.0,23.8,2,-0.8306080215195231,-23.78550168305448
2023-01-25 01:00:00,10.8,62,3.9,0.0,100,0.0,21.6,3,-1.130456654847587,-21.5703979506988
2023-01-25 02:00:00,10.9,63,4.0,0.0,100,0.0,19.8,2,-0.6910100347095192,-19.787938374978097
2023-01-25 03:00:00,11.3,65,4.9,0.0,100,0.0,18.0,1,-0.3141433158711032,-17.997258512815044
2023-01-25 04:00:00,11.4,64,4.8,0.0,90,0.0,17.6,360,4.310756732998684e-15,-17.6
2023-01-25 05:00:00,11.4,64,4.8,0.0,85,0.0,17.3,360,4.237277925049842e-15,-17.3
2023-01-25 06:00:00,11.5,64,5.0,0.0,50,0.0,15.1,359,0.2635313372029818,-15.097700196861508
2023-01-25 07:00:00,11.5,66,5.3,0.0,37,0.0,14.4,3,-0.7536377698983913,-14.380265300465863
2023-01-25 08:00:00,12.5,63,5.6,0.0,38,49.0,14.8,359,0.2582956152717967,-14.79774588831459
2023-01-25 09:00:00,13.9,59,5.9,0.0,34,174.0,14.5,354,1.5156627173809745,-14.420567482839962
2023-01-25 10:00:00,15.0,57,6.6,0.0,32,309.0,12.4,352,1.725746451904817,-12.279324052395472
2023-01-25 11:00:00,16.2,54,7.0,0.0,43,497.0,9.4,342,2.9047597471245084,-8.939931253174443
2023-01-25 12:00:00,16.8,53,7.2,0.0,24,449.0,7.7,323,4.633975678270772,-6.149493427364155
2023-01-25 13:00:00,17.5,52,7.5,0.0,38,549.0,7.9,309,6.13945309551007,-4.971631089293717
2023-01-25 14:00:00,17.8,51,7.6,0.0,35,488.0,9.7,315,6.858935777509512,-6.858935777509509
2023-01-25 15:00:00,17.2,56,8.5,0.0,45,285.0,11.9,325,6.825559592577453,-9.747909327039
2023-01-25 16:00:00,16.5,59,8.5,0.0,45,166.0,16.9,340,5.780140422203799,-15.88080529128185
2023-01-25 17:00:00,15.7,61,8.3,0.0,50,62.0,17.8,353,2.1692743126116207,-17.667321499215532
2023-01-25 18:00:00,15.0,64,8.3,0.0,45,6.0,14.4,359,0.2513146526968833,-14.397806810252035
2023-01-25 19:00:00,14.5,67,8.4,0.0,62,0.0,14.4,1,-0.2513146526968826,-14.397806810252035
2023-01-25 20:00:00,14.1,69,8.6,0.0,60,0.0,12.8,10,-2.222696674136708,-12.605539238556265
2023-01-25 21:00:00,13.9,71,8.8,0.0,68,0.0,10.7,20,-3.659615533584655,-10.05471104240922
2023-01-25 22:00:00,13.6,73,8.9,0.0,64,0.0,7.9,24,-3.2132194802988217,-7.217009115376547
2023-01-25 23:00:00,13.3,75,9.1,0.0,62,0.0,7.3,9,-1.1419715947936853,-7.210124886344506
2023-01-26 00:00:00,13.2,76,9.2,0.0,59,0.0,7.2,3,-0.3768188849491956,-7.190132650232932
2023-01-26 01:00:00,13.2,77,9.2,0.0,60,0.0,7.2,3,-0.3768188849491956,-7.190132650232932
2023-01-26 02:00:00,13.0,78,9.2,0.0,44,0.0,8.0,355,0.6972459419812665,-7.969557584733964
2023-01-26 03:00:00,13.5,77,9.5,0.0,43,0.0,7.9,357,0.4134540543192605,-7.889173324561134
2023-01-26 04:00:00,13.3,76,9.2,0.0,32,0.0,9.0,360,2.204364238465236e-15,-9.0
2023-01-26 05:00:00,13.4,75,9.1,0.0,41,0.0,9.0,360,2.204364238465236e-15,-9.0
2023-01-26 06:00:00,13.3,76,9.2,0.0,23,0.0,9.6,13,-2.159530121701104,-9.35395262193826
2023-01-26 07:00:00,13.2,77,9.4,0.0,17,0.0,9.2,11,-1.755442757464212,-9.030970087718508
2023-01-26 08:00:00,14.2,75,9.8,0.0,13,57.0,10.8,4,-0.7533699164365533,-10.773691742806102
2023-01-26 09:00:00,15.9,63,8.8,0.0,7,208.0,11.9,5,-1.037153338697132,-11.854716907291772
2023-01-26 10:00:00,17.1,56,8.3,0.0,4,378.0,11.5,2,-0.4013442120787611,-11.4929945107196
2023-01-26 11:00:00,18.0,52,8.0,0.0,2,383.0,10.9,354,1.1393602496174222,-10.84028865951418
2023-01-26 12:00:00,18.9,49,8.0,0.0,3,518.0,11.5,346,2.7821017993961803,-11.15840085217396
2023-01-26 13:00:00,19.4,49,8.5,0.0,1,513.0,15.1,342,4.66615661506171,-14.360953396056818
2023-01-26 14:00:00,19.6,51,9.2,0.0,0,472.0,18.1,347,4.071614083623963,-17.63609817261276
2023-01-26 15:00:00,19.8,55,10.5,0.0,0,395.0,18.5,353,2.254582852995224,-18.36210380536446
2023-01-26 16:00:00,19.3,59,11.0,0.0,0,268.0,21.0,353,2.559256211508092,-20.843469184467764
2023-01-26 17:00:00,18.1,65,11.4,0.0,0,112.0,19.9,355,1.7343992806784003,-19.824274492025737
2023-01-26 18:00:00,16.7,72,11.6,0.0,0,10.0,19.1,357,0.9996167642402376,-19.07382411381236
2023-01-26 19:00:00,16.0,76,11.7,0.0,0,0.0,18.0,2,-0.6281909406450175,-17.989034886343724
2023-01-26 20:00:00,15.7,78,11.9,0.0,0,0.0,18.4,1,-0.3211242784460166,-18.3971975908776
2023-01-26 21:00:00,15.4,80,11.9,0.0,0,0.0,19.8,2,-0.6910100347095192,-19.787938374978097
2023-01-26 22:00:00,15.2,80,11.8,0.0,0,0.0,19.6,6,-2.048757880046008,-19.49262914921816
2023-01-26 23:00:00,15.0,80,11.6,0.0,0,0.0,18.5,7,-2.2545828529952283,-18.362103805364452
2023-01-27 00:00:00,14.9,79,11.3,0.0,1,0.0,18.4,3,-0.9629815948701664,-18.37478343948416
2023-01-27 01:00:00,14.8,78,11.0,0.0,3,0.0,20.5,1,-0.3577743319643119,-20.49687775070602
2023-01-27 02:00:00,14.7,76,10.6,0.0,1,0.0,20.2,2,-0.7049698333905196,-20.18769470578573
2023-01-27 03:00:00,14.9,76,10.7,0.0,0,0.0,20.5,359,0.3577743319643129,-20.49687775070602
2023-01-27 04:00:00,14.7,79,11.1,0.0,0,0.0,23.4,357,1.224661376084898,-23.367931113257026
2023-01-27 05:00:00,14.6,80,11.2,0.0,2,0.0,24.8,359,0.4328196796446323,-24.796222839878503
2023-01-27 06:00:00,14.5,81,11.2,0.0,2,0.0,24.5,358,0.8550376692112702,-24.485075261967847
2023-01-27 07:00:00,14.4,82,11.3,0.0,4,0.0,25.6,358,0.8934271155840211,-25.584405171688854
2023-01-27 08:00:00,15.2,77,11.2,0.0,3,66.0,27.4,359,0.4781959363815695,-27.39582684728512
2023-01-27 09:00:00,16.3,69,10.6,0.0,3,221.0,27.4,2,-0.9562462096485264,-27.383308660323223
2023-01-27 10:00:00,17.0,64,10.1,0.0,1,389.0,26.7,357,1.3973700316866149,-26.66340857794712
2023-01-27 11:00:00,17.5,59,9.5,0.0,0,506.0,31.2,353,3.8023235142405936,-30.96743993120925
2023-01-27 12:00:00,17.5,56,8.8,0.0,3,570.0,35.3,359,0.6160699472361096,-35.29462363902061
2023-01-27 13:00:00,17.3,54,8.0,0.0,0,572.0,35.7,2,-1.2459120322792847,-35.67825252458172
2023-01-27 14:00:00,16.8,53,7.1,0.0,1,573.0,36.4,1,-0.6352675943171198,-36.39445610369264
2023-01-27 15:00:00,16.5,54,7.1,0.0,1,466.0,38.2,1,-0.6666819259042301,-38.19418195497415
2023-01-27 16:00:00,15.3,55,6.3,0.0,1,303.0,37.8,2,-1.3192009753545366,-37.77697326132181
2023-01-27 17:00:00,14.1,57,5.6,0.0,1,125.0,32.4,1,-0.5654579685679858,-32.39506532306707
2023-01-27 18:00:00,13.0,60,5.3,0.0,0,11.0,29.2,360,7.151937307020543e-15,-29.2
2023-01-27 19:00:00,12.3,61,4.9,0.0,3,0.0,28.8,358,1.0051055050320237,-28.78245581814996
2023-01-27 20:00:00,12.0,60,4.5,0.0,3,0.0,27.7,1,-0.4834316583127532,-27.69578115583204
2023-01-27 21:00:00,11.8,60,4.3,0.0,8,0.0,24.5,1,-0.427583957713446,-24.496268531331587
2023-01-27 22:00:00,11.6,60,4.1,0.0,35,0.0,24.1,358,0.8410778705302699,-24.08531893116021
2023-01-27 23:00:00,11.6,59,3.8,0.0,60,0.0,24.5,360,6.000769315822031e-15,-24.5
2023-01-28 00:00:00,11.4,58,3.5,0.0,74,0.0,23.0,1,-0.4014053480575207,-22.996496988597
2023-01-28 01:00:00,11.2,58,3.4,0.0,90,0.0,22.7,359,0.3961696261263368,-22.69654268005008
2023-01-28 02:00:00,11.1,59,3.4,0.0,73,0.0,23.4,359,0.4083863106324353,-23.396436066659557
2023-01-28 03:00:00,11.4,61,4.2,0.0,56,0.0,24.5,360,6.000769315822031e-15,-24.5
2023-01-28 04:00:00,11.3,61,4.0,0.0,47,0.0,24.1,2,-0.8410778705302734,-24.08531893116021
2023-01-28 05:00:00,11.2,60,3.8,0.0,32,0.0,23.4,1,-0.4083863106324341,-23.396436066659557
2023-01-28 06:00:00,11.1,61,3.8,0.0,24,0.0,24.9,358,0.8689974678922705,-24.884831592775484
2023-01-28 07:00:00,11.0,61,3.8,0.0,31,0.0,25.2,2,-0.8794673169030244,-25.184648840881213
2023-01-28 08:00:00,11.5,59,3.8,0.0,39,61.0,25.2,3,-1.3188660973221846,-25.16546427581526
2023-01-28 09:00:00,12.6,56,4.0,0.0,39,203.0,25.2,2,-0.8794673169030244,-25.184648840881213
2023-01-28 10:00:00,13.7,53,4.3,0.0,41,345.0,25.2,2,-0.8794673169030244,-25.184648840881213
2023-01-28 11:00:00,14.6,51,4.7,0.0,48,486.0,24.5,360,6.000769315822031e-15,-24.5
2023-01-28 12:00:00,15.3,51,5.1,0.0,48,549.0,24.5,358,0.8550376692112702,-24.485075261967847
2023-01-28 13:00:00,15.7,50,5.4,0.0,42,529.0,25.2,358,0.8794673169030207,-25.184648840881213
2023-01-28 14:00:00,15.8,50,5.4,0.0,47,525.0,25.2,359,0.4398006422195457,-25.19616191794106
2023-01-28 15:00:00,14.9,52,5.1,0.0,51,391.0,26.7,358,0.931816561956772,-26.683735081409857
2023-01-28 16:00:00,13.9,55,5.0,0.1,56,244.0,28.1,359,0.490412620887668,-28.0957202338946
2023-01-28 17:00:00,12.8,59,4.9,0.0,68,115.0,24.9,2,-0.8689974678922741,-24.884831592775484
2023-01-28 18:00:00,11.8,63,5.0,0.0,49,10.0,22.8,5,-1.9871509346466063,-22.7132391164918
2023-01-28 19:00:00,11.3,65,5.0,0.0,57,0.0,21.3,6,-2.226456267601019,-21.183316371344223
2023-01-28 20:00:00,11.0,67,5.2,0.0,59,0.0,19.5,4,-1.3602512380104437,-19.45249898006657
2023-01-28 21:00:00,11.0,68,5.3,0.0,55,0.0,17.3,4,-1.2067869957733677,-17.257858069494958
2023-01-28 22:00:00,11.1,68,5.5,0.0,61,0.0,16.2,1,-0.2827289842839929,-16.197532661533536
2023-01-28 23:00:00,11.2,68,5.6,0.0,57,0.0,15.1,360,3.698433333425007e-15,-15.1
2023-01-29 00:00:00,11.4,68,5.7,0.0,56,0.0,15.1,360,3.698433333425007e-15,-15.1
2023-01-29 01:00:00,11.6,68,5.8,0.0,54,0.0,14.4,3,-0.7536377698983913,-14.380265300465863
2023-01-29 02:00:00,11.5,69,6.0,0.0,50,0.0,13.3,3,-0.696068218031153,-13.281772812235833
2023-01-29 03:00:00,11.5,72,6.6,0.0,29,0.0,13.0,2,-0.4536934571325126,-12.992080751248244
2023-01-29 04:00:00,11.5,73,6.8,0.0,41,0.0,14.0,1,-0.2443336901219691,-13.997867732189478
2023-01-29 05:00:00,11.4,74,6.9,0.0,43,0.0,14.0,360,3.429011037612589e-15,-14.0
2023-01-29 06:00:00,11.5,74,7.1,0.0,32,0.0,15.1,3,-0.7902729392684519,-15.079305974794064
2023-01-29 07:00:00,11.5,75,7.3,0.0,25,1.0,14.4,1,-0.2513146526968826,-14.397806810252035
2023-01-29 08:00:00,12.7,71,7.5,0.0,20,67.0,15.1,360,3.698433333425007e-15,-15.1
2023-01-29 09:00:00,14.6,62,7.3,0.0,25,222.0,13.0,358,0.4536934571325107,-12.992080751248244
2023-01-29 10:00:00,16.0,57,7.5,0.0,19,394.0,10.5,344,2.894192236078489,-10.093247807352348
2023-01-29 11:00:00,17.0,54,7.8,0.0,26,503.0,11.3,329,5.819930246483616,-9.685990497933869
2023-01-29 12:00:00,17.7,53,8.0,0.0,23,613.0,14.8,334,6.487892972478352,-13.30215188522767
2023-01-29 13:00:00,18.1,52,8.2,0.0,30,564.0,17.2,344,4.740962520052381,-16.533701170139086
2023-01-29 14:00:00,18.3,52,8.3,0.0,22,547.0,18.2,351,2.8471072637322057,-17.975927798831506
2023-01-29 15:00:00,18.3,51,8.1,0.0,19,375.0,20.6,354,2.1532863433136606,-20.48715104458643
2023-01-29 16:00:00,17.7,53,8.1,0.0,14,243.0,23.1,356,1.6113745434893023,-23.04372956100194
2023-01-29 17:00:00,16.7,57,8.2,0.0,10,104.0,21.6,359,0.3769719790453249,-21.596710215378053
2023-01-29 18:00:00,15.5,62,8.3,0.0,13,11.0,19.1,1,-0.333340962952115,-19.097090977487078
2023-01-29 19:00:00,14.6,67,8.6,0.0,10,0.0,16.6,1,-0.2897099468589063,-16.597471739596095
2023-01-29 20:00:00,14.0,71,8.8,0.0,4,0.0,14.8,357,0.7745721523955768,-14.779717114367694
2023-01-29 21:00:00,13.7,74,9.1,0.0,3,0.0,13.7,355,1.1940336756429188,-13.647867363856914
2023-01-29 22:00:00,13.5,75,9.3,0.0,5,0.0,13.0,354,1.3588700224794945,-12.928784639787551
2023-01-29 23:00:00,13.3,77,9.4,0.0,10,0.0,13.4,354,1.4006814077865557,-13.326593397934865
2023-01-30 00:00:00,13.1,79,9.5,0.0,7,0.0,12.6,357,0.659433048661099,-12.58273213790763
2023-01-30 01:00:00,12.9,80,9.6,0.0,3,0.0,11.5,358,0.4013442120787595,-11.4929945107196
2023-01-30 02:00:00,12.8,82,9.7,0.0,2,0.0,11.9,357,0.622797879291038,-11.88369146357943
2023-01-30 03:00:00,12.7,84,10.1,0.0,1,0.0,13.0,358,0.4536934571325107,-12.992080751248244
2023-01-30 04:00:00,12.5,85,10.0,0.0,1,0.0,13.7,2,-0.4781231048242632,-13.691654330161612
2023-01-30 05:00:00,12.3,85,9.8,0.0,0,0.0,14.4,4,-1.0044932219154044,-14.36492232374147
2023-01-30 06:00:00,12.0,85,9.6,0.0,0,0.0,14.5,6,-1.5156627173809754,-14.420567482839962
2023-01-30 07:00:00,11.7,85,9.3,0.0,0,1.0,13.7,5,-1.1940336756429168,-13.647867363856914
2023-01-30 08:00:00,13.2,78,9.4,0.0,0,75.0,14.0,360,3.429011037612589e-15,-14.0
2023-01-30 09:00:00,15.5,65,9.0,0.0,0,254.0,14.4,359,0.2513146526968833,-14.397806810252035
2023-01-30 10:00:00,17.4,55,8.3,0.0,0,440.0,13.3,357,0.6960682180311601,-13.281772812235833
2023-01-30 11:00:00,18.7,48,7.5,0.0,0,589.0,11.4,349,2.175222547292609,-11.19054989130337
2023-01-30 12:00:00,19.6,44,7.1,0.0,0,671.0,12.0,339,4.300415394543609,-11.202965117966418
2023-01-30 13:00:00,20.1,42,6.8,0.0,0,682.0,13.6,338,5.094649670456408,-12.609700422108308
2023-01-30 14:00:00,20.3,41,6.6,0.0,0,624.0,13.4,340,4.583069920563959,-12.591881118531171
2023-01-30 15:00:00,20.0,40,6.2,0.0,0,510.0,13.7,342,4.233532822936783,-13.029474273243602
2023-01-30 16:00:00,19.5,42,6.3,0.0,0,335.0,15.4,344,4.244815279581784,-14.80343011745011
2023-01-30 17:00:00,18.4,48,7.1,0.0,0,140.0,14.9,352,2.0736792043049816,-14.754994224249398
2023-01-30 18:00:00,16.6,57,8.0,0.0,0,14.0,13.7,357,0.7170026005283379,-13.68122462613766
2023-01-30 19:00:00,15.4,65,8.9,0.0,0,0.0,13.7,2,-0.4781231048242632,-13.691654330161612
2023-01-30 20:00:00,14.7,71,9.6,0.0,0,0.0,11.9,5,-1.037153338697132,-11.854716907291772
2023-01-30 21:00:00,14.2,76,10.1,0.0,0,0.0,9.4,2,-0.3280552690035091,-9.3942737739795
2023-01-30 22:00:00,13.8,80,10.4,0.0,0,0.0,8.3,358,0.2896658226307568,-8.294943864258496
2023-01-30 23:00:00,13.4,83,10.7,0.0,0,0.0,8.3,355,0.7233926648055641,-8.268415994161488
2023-01-31 00:00:00,13.0,87,10.9,0.0,0,0.0,7.9,357,0.4134540543192605,-7.889173324561134
2023-01-31 01:00:00,12.6,89,10.8,0.0,0,0.0,7.2,360,1.7634913907721889e-15,-7.2
2023-01-31 02:00:00,12.2,90,10.6,0.0,1,0.0,8.6,2,-0.3001356716415083,-8.594761112364223
2023-01-31 03:00:00,12.3,90,10.6,0.0,0,0.0,8.7,7,-1.060263287624783,-8.6351515192795
2023-01-31 04:00:00,12.1,89,10.4,0.0,1,0.0,9.0,2,-0.3140954703225087,-8.994517443171862
2023-01-31 05:00:00,12.1,89,10.3,0.0,1,0.0,9.0,360,2.204364238465236e-15,-9.0
2023-01-31 06:00:00,11.9,89,10.2,0.0,1,0.0,7.9,3,-0.4134540543192563,-7.889173324561134
2023-01-31 07:00:00,11.7,91,10.2,0.0,1,1.0,7.4,346,1.7902220274375422,-7.180188374442374
2023-01-31 08:00:00,13.4,85,11.0,0.0,0,74.0,8.2,337,3.203995253612045,-7.548139798310009
2023-01-31 09:00:00,16.8,69,11.2,0.0,0,245.0,6.7,324,3.938161190359572,-5.420413862312147
2023-01-31 10:00:00,18.4,64,11.5,0.0,0,428.0,6.4,308,5.04326882308302,-3.940233442084215
2023-01-31 11:00:00,19.6,60,11.6,0.0,0,566.0,7.6,295,6.887939181478538,-3.2118987892293167
2023-01-31 12:00:00,20.3,57,11.6,0.0,0,645.0,8.4,290,7.893418014601631,-2.87296920393562
2023-01-31 13:00:00,20.7,56,11.7,0.0,0,647.0,10.3,299,9.008582983535776,-4.993539088537275
2023-01-31 14:00:00,20.7,56,11.6,0.0,0,596.0,11.5,302,9.7525531057989,-6.094071538681854
2023-01-31 15:00:00,20.0,56,11.0,0.0,0,465.0,13.6,310,10.418204426418102,-8.741911491736934
2023-01-31 16:00:00,19.3,57,10.7,0.0,0,307.0,14.1,322,8.68082680209178,-11.11095162585478
2023-01-31 17:00:00,18.3,60,10.5,0.0,0,121.0,11.8,333,5.357087896926655,-10.51387698542274
2023-01-31 18:00:00,17.0,65,10.4,0.0,1,13.0,11.2,339,4.013721034907368,-10.456100776768656
2023-01-31 19:00:00,16.0,69,10.4,0.0,0,0.0,10.5,356,0.7324429743133192,-10.474422527728152
2023-01-31 20:00:00,15.4,73,10.5,0.0,4,0.0,8.7,5,-0.7582549619046259,-8.666893873398186
2023-01-31 21:00:00,14.9,76,10.6,0.0,5,0.0,7.6,5,-0.662383644882202,-7.571079705497266
2023-01-31 22:00:00,14.3,79,10.7,0.0,3,0.0,6.5,6,-0.6794350112397476,-6.4643923198937765
2023-01-31 23:00:00,13.8,82,10.7,0.0,1,0.0,6.2,7,-0.7555899291119144,-6.153786140176196
2023-02-01 00:00:00,13.4,83,10.5,0.0,5,0.0,5.8,7,-0.7068421917498553,-5.756767679519667
2023-02-01 01:00:00,13.1,82,10.1,0.0,3,0.0,5.8,7,-0.7068421917498553,-5.756767679519667
2023-02-01 02:00:00,12.9,80,9.4,0.0,5,0.0,7.2,3,-0.3768188849491956,-7.190132650232932
2023-02-01 03:00:00,13.4,72,8.4,0.0,14,0.0,7.9,360,1.934941942652818e-15,-7.9
2023-02-01 04:00:00,13.6,66,7.3,0.0,22,0.0,8.6,2,-0.3001356716415083,-8.594761112364223
2023-02-01 05:00:00,13.8,61,6.4,0.0,18,0.0,10.4,2,-0.3629547657060101,-10.393664600998596
2023-02-01 06:00:00,14.2,57,5.9,0.0,19,0.0,10.5,4,-0.7324429743133156,-10.474422527728152
2023-02-01 07:00:00,14.3,57,6.0,0.0,34,1.0,10.9,6,-1.1393602496174229,-10.84028865951418
2023-02-01 08:00:00,16.1,52,6.2,0.0,42,52.0,13.1,8,-1.8231676225768567,-12.972511700514572
2023-02-01 09:00:00,19.0,44,6.5,0.0,58,152.0,12.6,13,-2.834383284732699,-12.277062816293965
2023-02-01 10:00:00,21.3,39,6.7,0.0,64,278.0,12.3,15,-3.183474254761005,-11.88088766335554
2023-02-01 11:00:00,22.9,38,7.7,0.0,56,368.0,10.5,16,-2.8941922360784917,-10.093247807352348
2023-02-01 12:00:00,23.9,39,9.1,0.0,51,459.0,9.5,11,-1.812685456077176,-9.325458242752807
2023-02-01 13:00:00,24.4,41,10.3,0.0,37,402.0,8.3,5,-0.7233926648055629,-8.268415994161488
2023-02-01 14:00:00,24.4,44,11.4,0.0,28,330.0,7.2,360,1.7634913907721889e-15,-7.2
2023-02-01 15:00:00,24.4,49,13.1,0.0,26,358.0,7.6,355,0.6623836448822031,-7.571079705497266
2023-02-01 16:00:00,24.3,51,13.4,0.0,43,254.0,9.0,355,0.7844016847289249,-8.96575228282571
2023-02-01 17:00:00,23.6,54,13.6,0.0,43,95.0,8.3,358,0.2896658226307568,-8.294943864258496
2023-02-01 18:00:00,22.4,58,13.7,0.0,29,9.0,9.4,2,-0.3280552690035091,-9.3942737739795
2023-02-01 19:00:00,21.1,63,13.7,0.0,37,0.0,8.7,17,-2.543633831087809,-8.319851376878407
2023-02-01 20:00:00,20.0,67,13.6,0.0,48,0.0,8.8,19,-2.8649997592229792,-8.320563465273988
2023-02-01 21:00:00,19.0,71,13.5,0.0,59,0.0,9.0,16,-2.4807362023529924,-8.65135526344487
2023-02-01 22:00:00,18.3,72,13.1,0.0,57,0.0,9.6,13,-2.159530121701104,-9.35395262193826
2023-02-01 23:00:00,18.0,71,12.6,0.0,91,0.0,10.3,12,-2.141490415422921,-10.0749202875582
2023-02-02 00:00:00,17.8,69,12.0,0.0,84,0.0,10.6,10,-1.8406706832694613,-10.438962181929403
2023-02-02 01:00:00,17.5,68,11.6,0.0,92,0.0,11.7,11,-2.232465245905574,-11.485038046337667
2023-02-02 02:00:00,17.7,66,11.4,0.0,100,0.0,12.8,11,-2.4423551408197737,-12.5648279481301
2023-02-02 03:00:00,17.7,65,11.1,0.0,95,0.0,13.3,13,-2.9918490227734047,-12.959121861643627
2023-02-02 04:00:00,17.7,65,11.0,0.0,60,0.0,13.8,7,-1.6817969389910352,-13.697136892650244
2023-02-02 05:00:00,17.3,68,11.3,0.0,46,0.0,15.1,3,-0.7902729392684519,-15.079305974794064
2023-02-02 06:00:00,16.7,74,11.9,0.0,21,0.0,15.5,3,-0.8112073217656295,-15.478757788695894
2023-02-02 07:00:00,16.3,79,12.6,0.0,17,1.0,16.9,1,-0.2949456687900913,-16.89742604814301
2023-02-02 08:00:00,17.6,77,13.4,0.0,9,69.0,18.0,1,-0.3141433158711032,-17.997258512815044
2023-02-02 09:00:00,19.7,69,13.8,0.0,5,227.0,17.7,4,-1.2346895852710178,-17.65688368959889
2023-02-02 10:00:00,21.5,61,13.8,0.0,1,412.0,15.9,3,-0.832141704262807,-15.878209602597725
2023-02-02 11:00:00,22.9,56,13.7,0.0,2,544.0,16.2,357,0.8478424911356988,-16.177798463024097
2023-02-02 12:00:00,23.7,54,13.9,0.0,0,601.0,17.4,354,1.8187952608571691,-17.304680979407955
2023-02-02 13:00:00,23.9,54,14.1,0.0,2,617.0,18.1,353,2.205835115633165,-17.96508534470793
2023-02-02 14:00:00,23.7,55,14.2,0.0,2,568.0,19.9,354,2.080116419026303,-19.79098571782864
2023-02-02 15:00:00,23.5,57,14.4,0.0,2,487.0,21.6,357,1.1304566548475985,-21.5703979506988
2023-02-02 16:00:00,22.7,60,14.4,0.0,1,314.0,21.3,358,0.7433592797632675,-21.28702461550674
2023-02-02 17:00:00,21.3,65,14.4,0.0,4,134.0,19.2,355,1.6733902607550395,-19.126938203361515
2023-02-02 18:00:00,19.5,72,14.2,0.0,10,15.0,18.4,354,1.9233237241248229,-18.299202874776228
2023-02-02 19:00:00,18.3,76,14.0,0.0,17,0.0,17.0,355,1.4816476267101917,-16.935309867559674
2023-02-02 20:00:00,17.6,79,13.9,0.0,25,0.0,14.9,352,2.0736792043049816,-14.754994224249398
2023-02-02 21:00:00,17.2,81,13.9,0.0,41,0.0,14.8,347,3.329275604289207,-14.42067695882148
2023-02-02 22:00:00,17.0,82,13.9,0.0,24,0.0,15.4,349,2.938458528798788,-15.117058625094026
2023-02-02 23:00:00,16.7,84,13.9,0.0,53,0.0,14.6,351,2.283943189587374,-14.42024977268901
2023-02-03 00:00:00,16.6,84,13.9,0.0,33,0.0,14.2,351,2.221369403571281,-14.025174436450952
2023-02-03 01:00:00,16.4,85,13.9,0.0,49,0.0,15.3,351,2.393447315115536,-15.111631611105606
2023-02-03 02:00:00,16.2,86,13.9,0.0,55,0.0,16.0,352,2.226769615361054,-15.844289099865124
2023-02-03 03:00:00,16.3,85,13.8,0.0,48,0.0,15.9,355,1.385776309687767,-15.839495699658755
2023-02-03 04:00:00,16.2,85,13.7,0.0,32,0.0,15.5,355,1.350914012588704,-15.441017820422056
2023-02-03 05:00:00,16.0,87,13.7,0.0,31,0.0,14.5,354,1.5156627173809745,-14.420567482839962
2023-02-03 06:00:00,15.8,88,13.8,0.0,33,0.0,13.5,351,2.1118652780431195,-13.33379259803436
2023-02-03 07:00:00,15.8,88,13.9,0.0,34,1.0,14.2,351,2.221369403571281,-14.025174436450952
2023-02-03 08:00:00,16.8,83,14.0,0.0,30,62.0,14.8,354,1.5470212563612706,-14.718924051450443
2023-02-03 09:00:00,18.6,74,13.9,0.0,26,208.0,12.6,358,0.4397336584515103,-12.592324420440606
2023-02-03 10:00:00,20.3,67,14.0,0.0,23,360.0,11.7,349,2.2324652459055723,-11.485038046337667
2023-02-03 11:00:00,21.5,64,14.4,0.0,27,499.0,12.8,344,3.528158154457586,-12.304149708010485
2023-02-03 12:00:00,22.2,62,14.6,0.0,35,573.0,14.5,346,3.507867486195184,-14.06928803100195
2023-02-03 13:00:00,22.6,61,14.7,0.0,35,587.0,14.3,348,2.973137178693966,-13.98751069049342
2023-02-03 14:00:00,22.6,60,14.5,0.0,29,545.0,15.5,347,3.4867413423299127,-15.102736004171144
2023-02-03 15:00:00,22.1,62,14.5,0.0,23,295.0,17.9,351,2.8001769242201364,-17.679621296652964
2023-02-03 16:00:00,21.6,63,14.2,0.0,38,213.0,18.8,356,1.311421706389562,-18.754204144884696
2023-02-03 17:00:00,20.6,66,14.0,0.0,29,77.0,17.3,356,1.2067869957733734,-17.257858069494958
2023-02-03 18:00:00,19.3,71,13.9,0.0,23,12.0,15.6,353,1.9011617571202968,-15.483719965604624
2023-02-03 19:00:00,18.4,76,14.0,0.0,14,0.0,15.6,352,2.171100374977028,-15.448181872368496
2023-02-03 20:00:00,17.9,78,14.1,0.0,18,0.0,15.8,348,3.285004714920606,-15.45473209159413
2023-02-03 21:00:00,17.4,81,14.1,0.0,32,0.0,16.0,351,2.502951440643697,-15.803013449522204
2023-02-03 22:00:00,17.1,83,14.1,0.0,53,0.0,14.1,357,0.7379369830255156,-14.080676440039491
2023-02-03 23:00:00,17.0,83,14.1,0.0,48,0.0,11.5,358,0.4013442120787595,-11.4929945107196
2023-02-04 00:00:00,16.9,84,14.2,0.0,63,0.0,10.2,352,1.419565629792672,-10.100734301164016
2023-02-04 01:00:00,16.6,86,14.3,0.0,50,0.0,9.6,347,2.159530121701107,-9.353952621938255
2023-02-04 02:00:00,16.5,87,14.4,0.0,46,0.0,10.6,350,1.840670683269462,-10.438962181929403
2023-02-04 03:00:00,16.6,89,14.7,0.0,38,0.0,10.4,360,2.547265342226495e-15,-10.4
2023-02-04 04:00:00,16.6,89,14.7,0.0,49,0.0,10.4,358,0.3629547657060086,-10.393664600998596
2023-02-04 05:00:00,16.7,89,14.8,0.0,59,0.0,12.0,353,1.4624321208617668,-11.910553819695863
2023-02-04 06:00:00,16.7,89,14.9,0.0,62,0.0,12.6,347,2.834383284732703,-12.277062816293965
2023-02-04 07:00:00,16.8,90,15.1,0.0,39,0.0,14.4,347,3.2392951825516607,-14.030928932907386
2023-02-04 08:00:00,17.6,86,15.3,0.0,35,41.0,16.6,356,1.1579574641524857,-16.55956323431308
2023-02-04 09:00:00,18.9,79,15.2,0.0,48,134.0,14.8,4,-1.0323958114130545,-14.763947943845398
2023-02-04 10:00:00,19.9,73,15.0,0.0,49,151.0,14.1,354,1.473851332073913,-14.022758724692652
2023-02-04 11:00:00,21.3,68,15.1,0.0,49,278.0,15.0,349,2.86213493064817,-14.72440775171496
2023-02-04 12:00:00,22.2,65,15.2,0.0,43,329.0,15.0,349,2.86213493064817,-14.72440775171496
2023-02-04 13:00:00,22.9,62,15.2,0.0,42,429.0,16.0,346,3.870750329594686,-15.524731620415944
2023-02-04 14:00:00,23.1,62,15.3,0.0,50,353.0,19.2,343,5.613536730676553,-18.36105131449028
2023-02-04 15:00:00,21.9,66,15.3,0.0,47,198.0,21.9,346,5.298089513632726,-21.249476405444323
2023-02-04 16:00:00,21.4,68,15.2,0.0,56,154.0,21.7,354,2.268267652908079,-21.58112512949153
2023-02-04 17:00:00,20.7,71,15.3,0.0,61,55.0,18.0,360,4.408728476930472e-15,-18.0
2023-02-04 18:00:00,19.8,76,15.4,0.0,53,6.0,13.3,358,0.4641633061432609,-13.291897999353974
2023-02-04 19:00:00,19.3,79,15.5,0.0,51,0.0,12.4,350,2.153237403069937,-12.21161613735138
2023-02-04 20:00:00,18.8,81,15.5,0.0,68,0.0,14.3,350,2.4831689406371047,-14.082750868074577
2023-02-04 21:00:00,18.4,83,15.5,0.0,29,0.0,13.1,352,1.823167622576863,-12.97251170051457
2023-02-04 22:00:00,18.2,84,15.5,0.0,38,0.0,14.1,347,3.171809866248501,-13.738617913471815
2023-02-04 23:00:00,17.9,85,15.4,0.0,49,0.0,14.9,352,2.0736792043049816,-14.754994224249398
2023-02-05 00:00:00,17.7,87,15.4,0.0,47,0.0,12.6,355,1.0981623586204947,-12.552053195955994
2023-02-05 01:00:00,17.6,88,15.5,0.0,54,0.0,13.5,351,2.1118652780431195,-13.33379259803436
2023-02-05 02:00:00,17.5,88,15.5,0.0,57,0.0,14.8,356,1.0323958114130594,-14.763947943845398
2023-02-05 03:00:00,17.3,89,15.5,0.1,69,0.0,15.5,357,0.8112073217656377,-15.478757788695894
2023-02-05 04:00:00,17.2,90,15.5,0.0,64,0.0,15.9,357,0.8321417042628155,-15.878209602597725
2023-02-05 05:00:00,17.1,90,15.5,0.0,52,0.0,15.1,359,0.2635313372029818,-15.097700196861508
2023-02-05 06:00:00,17.1,90,15.5,0.1,78,0.0,16.6,358,0.5793316452615137,-16.58988772851699
2023-02-05 07:00:00,17.2,90,15.6,0.0,100,0.0,18.4,360,4.506700220862259e-15,-18.4
2023-02-05 08:00:00,17.8,88,15.7,0.0,99,27.0,19.1,1,-0.333340962952115,-19.097090977487078
2023-02-05 09:00:00,18.7,84,15.9,0.1,65,89.0,18.0,3,-0.942047212372989,-17.975331625582328
2023-02-05 10:00:00,19.7,79,15.9,0.2,64,188.0,15.9,5,-1.3857763096877649,-15.839495699658755
2023-02-05 11:00:00,20.8,73,15.8,0.1,63,325.0,14.4,4,-1.0044932219154044,-14.36492232374147
2023-02-05 12:00:00,21.3,71,15.8,0.4,61,274.0,13.3,357,0.6960682180311601,-13.281772812235833
2023-02-05 13:00:00,21.9,69,15.9,0.2,62,354.0,15.3,352,2.129348444689008,-15.151101451746026
2023-02-05 14:00:00,22.2,68,16.1,0.3,70,323.0,16.7,353,2.0352180348659585,-16.575520732410077
2023-02-05 15:00:00,21.4,73,16.5,0.2,72,175.0,19.2,355,1.6733902607550395,-19.126938203361515
2023-02-05 16:00:00,20.5,78,16.5,0.2,95,69.0,17.6,360,4.310756732998684e-15,-17.6
2023-02-05 17:00:00,19.7,82,16.5,0.1,92,33.0,16.2,360,3.967855629237425e-15,-16.2
2023-02-05 18:00:00,18.8,86,16.4,0.0,100,3.0,15.8,360,3.869883885305636e-15,-15.8
2023-02-05 19:00:00,18.3,88,16.3,0.0,100,0.0,14.8,1,-0.258295615271796,-14.79774588831459
2023-02-05 20:00:00,18.1,88,16.1,0.1,100,0.0,13.4,354,1.4006814077865557,-13.326593397934865
2023-02-05 21:00:00,17.8,90,16.1,0.1,100,0.0,13.4,354,1.4006814077865557,-13.326593397934865
2023-02-05 22:00:00,17.8,90,16.1,0.2,100,0.0,13.9,350,2.4137096695703324,-13.688827766869691
2023-02-05 23:00:00,17.7,91,16.3,0.2,100,0.0,15.6,353,1.9011617571202968,-15.483719965604624
2023-02-06 00:00:00,17.6,93,16.4,0.2,100,0.0,14.8,360,3.624954525476166e-15,-14.8
2023-02-06 01:00:00,17.5,93,16.4,0.2,91,0.0,14.8,360,3.624954525476166e-15,-14.8
2023-02-06 02:00:00,17.3,94,16.3,0.1,77,0.0,14.0,359,0.2443336901219698,-13.997867732189478
2023-02-06 03:00:00,17.2,93,16.0,0.1,75,0.0,11.9,358,0.4153040107597598,-11.89275084152724
2023-02-06 04:00:00,17.1,92,15.8,0.0,67,0.0,11.3,351,1.7677094549546115,-11.160878248725057
2023-02-06 05:00:00,17.2,92,15.8,0.0,67,0.0,12.4,350,2.153237403069937,-12.21161613735138
2023-02-06 06:00:00,17.2,92,15.9,0.1,72,0.0,16.2,356,1.1300548746548351,-16.16053761420915
2023-02-06 07:00:00,17.2,92,15.9,0.1,63,0.0,16.9,359,0.2949456687900921,-16.89742604814301
2023-02-06 08:00:00,17.7,91,16.1,0.0,42,34.0,16.2,360,3.967855629237425e-15,-16.2
2023-02-06 09:00:00,18.9,85,16.3,0.1,76,112.0,14.0,359,0.2443336901219698,-13.997867732189478
2023-02-06 10:00:00,20.2,79,16.5,0.2,58,140.0,12.6,357,0.659433048661099,-12.58273213790763
2023-02-06 11:00:00,22.1,72,16.9,0.6,86,320.0,12.0,7,-1.4624321208617697,-11.910553819695863
2023-02-06 12:00:00,23.0,70,17.3,0.2,53,283.0,9.5,11,-1.812685456077176,-9.325458242752807
2023-02-06 13:00:00,23.9,68,17.6,0.2,80,376.0,8.3,355,0.7233926648055641,-8.268415994161488
2023-02-06 14:00:00,23.8,69,17.8,0.1,89,208.0,8.5,348,1.767249371950959,-8.314254606237347
2023-02-06 15:00:00,24.0,69,17.8,0.1,100,136.0,10.7,348,2.2246550917500305,-10.46617932785172
2023-02-06 16:00:00,23.5,71,17.9,0.0,100,129.0,11.3,351,1.7677094549546115,-11.160878248725057
2023-02-06 17:00:00,22.6,75,17.8,0.0,82,54.0,12.8,344,3.528158154457586,-12.304149708010485
2023-02-06 18:00:00,21.2,80,17.6,0.0,95,6.0,11.4,342,3.522793735874404,-10.84204428576475
2023-02-06 19:00:00,20.4,82,17.2,0.0,72,0.0,10.6,350,1.840670683269462,-10.438962181929403
2023-02-06 20:00:00,19.9,83,16.9,0.3,65,0.0,10.9,354,1.1393602496174222,-10.84028865951418
2023-02-06 21:00:00,19.7,83,16.8,0.0,69,0.0,11.5,340,3.933231648245189,-10.806465139037948
2023-02-06 22:00:00,19.5,84,16.7,0.0,61,0.0,9.8,352,1.3638963894086458,-9.704627073667387
2023-02-06 23:00:00,19.4,85,16.7,0.0,55,0.0,8.7,355,0.7582549619046273,-8.666893873398186
2023-02-07 00:00:00,19.2,85,16.7,0.0,48,0.0,7.7,349,1.469229264399394,-7.558529312547013
2023-02-07 01:00:00,19.1,87,16.8,0.1,36,0.0,7.3,351,1.141971594793687,-7.210124886344505
2023-02-07 02:00:00,18.9,87,16.7,0.1,45,0.0,8.1,347,1.8221035401853087,-7.892397524760404
2023-02-07 03:00:00,18.9,88,16.8,0.4,47,0.0,9.8,352,1.3638963894086458,-9.704627073667387
2023-02-07 04:00:00,18.7,89,16.8,0.1,41,0.0,11.2,356,0.781272505934207,-11.17271736291003
2023-02-07 05:00:00,18.5,90,16.8,0.0,59,0.0,12.7,353,1.5477406612453697,-12.60533612584479
2023-02-07 06:00:00,18.4,90,16.8,0.0,41,0.0,13.1,351,2.0492914920270278,-12.938717261796302
2023-02-07 07:00:00,18.3,91,16.8,0.0,34,1.0,12.8,350,2.222696674136709,-12.605539238556265
2023-02-07 08:00:00,19.3,88,17.2,0.0,25,66.0,12.2,346,2.951447126315948,-11.837607860567156
2023-02-07 09:00:00,21.0,81,17.6,0.0,22,238.0,12.2,341,3.971931484377312,-11.535326622311665
2023-02-07 10:00:00,22.7,74,17.8,0.0,29,407.0,14.4,338,5.394334945189138,-13.351447505761737
2023-02-07 11:00:00,24.0,67,17.6,0.0,19,553.0,15.8,343,4.619472934619247,-15.109615144215958
2023-02-07 12:00:00,24.7,65,17.7,0.0,17,596.0,15.7,344,4.327506486326883,-15.091808626231606
2023-02-07 13:00:00,25.0,64,17.8,0.0,15,645.0,15.7,344,4.327506486326883,-15.091808626231606
2023-02-07 14:00:00,25.0,65,17.9,0.0,13,571.0,15.6,345,4.037577103599323,-15.068442890109464
2023-02-07 15:00:00,24.6,66,17.9,0.0,2,440.0,15.8,348,3.285004714920606,-15.45473209159413
2023-02-07 16:00:00,24.0,69,17.8,0.0,9,265.0,15.7,351,2.456021101131628,-15.50670694734366
2023-02-07 17:00:00,23.0,72,17.8,0.0,5,131.0,15.0,350,2.604722665003956,-14.77211629518312
2023-02-07 18:00:00,21.4,79,17.7,0.0,6,16.0,13.1,344,3.610849361202686,-12.592528216791978
2023-02-07 19:00:00,20.2,84,17.5,0.0,3,0.0,14.1,347,3.171809866248501,-13.738617913471815
2023-02-07 20:00:00,19.4,88,17.3,0.0,4,0.0,14.3,350,2.4831689406371047,-14.082750868074577
2023-02-07 21:00:00,18.9,90,17.1,0.0,11,0.0,13.5,351,2.1118652780431195,-13.33379259803436
2023-02-07 22:00:00,18.5,91,17.1,0.0,20,0.0,12.1,350,2.1011429497698577,-11.916173811447717
2023-02-07 23:00:00,18.3,92,16.9,0.0,13,0.0,11.4,347,2.564442019520065,-11.10781873855168
2023-02-08 00:00:00,18.1,92,16.8,0.0,25,0.0,11.5,346,2.7821017993961803,-11.15840085217396
2023-02-08 01:00:00,18.0,92,16.6,0.0,27,0.0,11.4,347,2.564442019520065,-11.10781873855168
2023-02-08 02:00:00,17.8,92,16.5,0.0,32,0.0,11.8,348,2.4533579516495667,-11.542141688658909
2023-02-08 03:00:00,17.9,94,16.8,0.0,34,0.0,12.4,350,2.153237403069937,-12.21161613735138
2023-02-08 04:00:00,17.7,94,16.8,0.0,28,0.0,13.1,351,2.0492914920270278,-12.938717261796302
2023-02-08 05:00:00,17.5,95,16.7,0.0,25,0.0,13.5,351,2.1118652780431195,-13.33379259803436
2023-02-08 06:00:00,17.4,96,16.7,0.0,29,0.0,15.0,349,2.86213493064817,-14.72440775171496
2023-02-08 07:00:00,17.4,96,16.7,0.0,26,1.0,15.2,353,1.8524140197582375,-15.086701504948095
2023-02-08 08:00:00,18.5,90,16.8,0.0,35,66.0,15.2,353,1.8524140197582375,-15.086701504948095
2023-02-08 09:00:00,20.5,80,17.0,0.0,22,222.0,13.8,353,1.681796938991032,-13.697136892650246
2023-02-08 10:00:00,22.5,72,17.2,0.0,26,407.0,12.8,349,2.442355140819772,-12.5648279481301
2023-02-08 11:00:00,23.8,69,17.7,0.0,16,562.0,11.2,345,2.8987733051482314,-10.818369254437563
2023-02-08 12:00:00,24.4,66,17.7,0.0,14,631.0,10.6,336,4.311408416603482,-9.68358185101157
2023-02-08 13:00:00,24.6,65,17.7,0.0,15,647.0,12.6,329,6.489479743866687,-10.800307988846612
2023-02-08 14:00:00,24.5,65,17.5,0.0,12,597.0,15.5,338,5.806402197946642,-14.371349745785205
2023-02-08 15:00:00,24.0,66,17.4,0.0,11,454.0,17.2,349,3.281914720476568,-16.883987555299818
2023-02-08 16:00:00,23.5,68,17.2,0.0,11,275.0,18.5,352,2.574702367761218,-18.31995927171905
2023-02-08 17:00:00,22.5,71,17.0,0.0,7,140.0,18.5,353,2.254582852995224,-18.36210380536446
2023-02-08 18:00:00,20.8,78,16.8,0.0,4,17.0,18.2,352,2.532950437473199,-18.02287885109658
2023-02-08 19:00:00,19.5,83,16.6,0.0,7,0.0,18.5,352,2.574702367761218,-18.31995927171905
2023-02-08 20:00:00,18.8,86,16.4,0.0,25,0.0,18.9,351,2.956611389260368,-18.6673096372481
2023-02-08 21:00:00,18.4,87,16.2,0.0,30,0.0,18.9,352,2.630371608145245,-18.716066499215675
2023-02-08 22:00:00,18.2,89,16.3,0.0,33,0.0,17.7,354,1.8501537998374653,-17.60303754801844
2023-02-08 23:00:00,17.9,90,16.3,0.0,30,0.0,15.9,356,1.1091279325315977,-15.861268399131204
2023-02-09 00:00:00,17.8,91,16.3,0.0,30,0.0,17.9,351,2.8001769242201364,-17.679621296652964
2023-02-09 01:00:00,17.8,91,16.3,0.0,38,0.0,19.8,357,1.0362519336102984,-19.772864788140563
2023-02-09 02:00:00,17.6,92,16.3,0.0,33,0.0,18.0,360,4.408728476930472e-15,-18.0
2023-02-09 03:00:00,17.4,90,15.8,0.0,37,0.0,17.6,359,0.3071623532961907,-17.59731943475249
2023-02-09 04:00:00,17.2,90,15.6,0.0,22,0.0,18.0,360,4.408728476930472e-15,-18.0
2023-02-09 05:00:00,17.0,90,15.4,0.0,24,0.0,16.9,360,4.139306181118054e-15,-16.9
2023-02-09 06:00:00,17.1,90,15.4,0.0,17,0.0,15.1,357,0.79027293926846,-15.079305974794064
2023-02-09 07:00:00,17.0,90,15.4,0.0,13,1.0,13.7,357,0.7170026005283379,-13.68122462613766
2023-02-09 08:00:00,18.1,85,15.5,0.0,12,66.0,12.8,349,2.442355140819772,-12.5648279481301
2023-02-09 09:00:00,19.9,77,15.7,0.0,12,202.0,12.1,343,3.5376976271451195,-11.571287547152728
2023-02-09 10:00:00,21.6,69,15.8,0.0,4,350.0,11.7,342,3.615498834186888,-11.127361240653295
2023-02-09 11:00:00,23.1,64,16.0,0.0,3,535.0,11.6,330,5.800000000000005,-10.045894683899483
2023-02-09 12:00:00,23.8,63,16.3,0.0,15,546.0,13.2,325,7.571208959833814,-10.812806984614689
2023-02-09 13:00:00,23.9,63,16.5,0.0,24,425.0,13.9,335,5.87439383819572,-12.597678239809436
2023-02-09 14:00:00,24.2,64,16.8,0.0,24,441.0,14.1,345,3.6493485359455415,-13.619554150675864
2023-02-09 15:00:00,24.0,67,17.4,0.0,20,421.0,13.2,349,2.5186787389703893,-12.957478821509165
2023-02-09 16:00:00,23.7,68,17.5,0.0,20,278.0,13.2,349,2.5186787389703893,-12.957478821509165
2023-02-09 17:00:00,23.0,70,17.3,0.0,19,128.0,13.5,351,2.1118652780431195,-13.33379259803436
2023-02-09 18:00:00,21.5,77,17.2,0.0,10,14.0,11.2,354,1.1707187885977182,-11.13864522812466
2023-02-09 19:00:00,20.4,81,17.0,0.0,6,0.0,10.5,356,0.7324429743133192,-10.474422527728152
2023-02-09 20:00:00,19.7,84,16.9,0.0,24,0.0,9.0,360,2.204364238465236e-15,-9.0
2023-02-09 21:00:00,19.2,86,16.8,0.0,24,0.0,7.9,357,0.4134540543192605,-7.889173324561134
2023-02-09 22:00:00,18.9,88,16.8,0.0,27,0.0,7.3,349,1.392905666248776,-7.165878439167947
2023-02-09 23:00:00,18.9,88,16.9,0.0,31,0.0,7.8,347,1.7546182238821495,-7.600086505324834
2023-02-10 00:00:00,18.7,90,16.9,0.0,25,0.0,8.0,350,1.389185421335443,-7.878462024097664
2023-02-10 01:00:00,18.8,89,17.0,0.0,34,0.0,9.1,351,1.4235536318661028,-8.987963899415753
2023-02-10 02:00:00,18.7,90,17.0,0.0,63,0.0,10.1,354,1.0557374790032994,-10.04467114321956
2023-02-10 03:00:00,19.0,90,17.3,0.0,56,0.0,9.4,4,-0.6557108531947778,-9.377102072442348
2023-02-10 04:00:00,18.9,89,17.1,0.0,17,0.0,8.7,5,-0.7582549619046259,-8.666893873398186
2023-02-10 05:00:00,18.6,90,17.0,0.0,9,0.0,7.9,360,1.934941942652818e-15,-7.9
2023-02-10 06:00:00,18.4,92,17.0,0.0,6,0.0,7.6,360,1.8614631347039767e-15,-7.6
2023-02-10 07:00:00,18.4,92,17.1,0.0,21,1.0,7.2,354,0.7526049355271046,-7.160557646651568
2023-02-10 08:00:00,20.0,85,17.4,0.0,21,75.0,7.9,344,2.177535110954292,-7.59396739791272
2023-02-10 09:00:00,22.7,73,17.7,0.0,38,240.0,8.2,345,2.1223161698406696,-7.92059177557036
2023-02-10 10:00:00,24.4,68,18.1,0.0,57,379.0,10.2,352,1.419565629792672,-10.100734301164016
2023-02-10 11:00:00,25.1,67,18.5,0.0,51,489.0,11.0,349,2.098898949141992,-10.797899017924305
2023-02-10 12:00:00,25.4,66,18.6,0.0,52,619.0,11.6,344,3.1973933274771875,-11.1506356728845
2023-02-10 13:00:00,25.8,64,18.4,0.0,73,623.0,11.3,338,4.23305450559981,-10.477177556604698
2023-02-10 14:00:00,25.8,64,18.5,0.0,76,552.0,11.5,340,3.933231648245189,-10.806465139037948
2023-02-10 15:00:00,25.6,66,18.7,0.0,72,464.0,11.6,344,3.1973933274771875,-11.1506356728845
2023-02-10 16:00:00,25.1,67,18.6,0.0,58,279.0,14.7,349,2.8048922320352063,-14.42991959668066
2023-02-10 17:00:00,24.1,71,18.6,0.0,35,122.0,15.9,354,1.6620025659556894,-15.812898136355546
2023-02-10 18:00:00,22.4,78,18.4,0.0,21,16.0,15.1,357,0.79027293926846,-15.079305974794064
2023-02-10 19:00:00,21.1,83,18.1,0.0,10,0.0,15.2,4,-1.0602984009107046,-15.162973563949327
2023-02-10 20:00:00,20.2,86,17.9,0.0,11,0.0,12.6,2,-0.4397336584515122,-12.592324420440606
2023-02-10 21:00:00,19.7,88,17.7,0.0,13,0.0,10.1,356,0.7045403848156689,-10.075396907624224
2023-02-10 22:00:00,19.3,90,17.5,0.0,26,0.0,8.5,348,1.767249371950959,-8.314254606237347
2023-02-10 23:00:00,19.0,90,17.4,0.0,37,0.0,9.1,342,2.812054648812024,-8.654614298285896
2023-02-11 00:00:00,18.8,91,17.3,0.0,28,0.0,9.8,343,2.8652427062828245,-9.371786608437748
2023-02-11 01:00:00,18.7,90,17.1,0.0,49,0.0,9.6,347,2.159530121701107,-9.353952621938255
2023-02-11 02:00:00,18.6,90,17.0,0.0,41,0.0,10.3,348,2.141490415422927,-10.074920287558198
2023-02-11 03:00:00,18.2,93,17.1,0.0,45,0.0,12.0,344,3.3076482698039875,-11.535140351259829
2023-02-11 04:00:00,17.9,94,16.9,0.0,40,0.0,12.8,350,2.222696674136709,-12.605539238556265
2023-02-11 05:00:00,17.7,95,16.8,0.0,39,0.0,11.6,353,1.4136843834997077,-11.513535359039336
2023-02-11 06:00:00,17.5,96,16.8,0.0,39,0.0,10.9,351,1.7051356689385189,-10.765802912487
2023-02-11 07:00:00,17.4,97,16.8,0.0,40,1.0,10.9,343,3.186851581477835,-10.423721839997086
2023-02-11 08:00:00,18.8,93,17.7,0.0,57,72.0,12.2,341,3.971931484377312,-11.535326622311665
2023-02-11 09:00:00,20.8,85,18.1,0.0,87,228.0,13.6,348,2.827598995121534,-13.302807369979757
2023-02-11 10:00:00,22.2,78,18.2,0.0,66,340.0,13.1,351,2.0492914920270278,-12.938717261796302
2023-02-11 11:00:00,23.4,74,18.4,0.0,65,488.0,10.1,343,2.952954217699645,-9.658678035226655
2023-02-11 12:00:00,24.2,69,18.2,0.0,51,524.0,9.4,328,4.981241083792128,-7.971652103870404
2023-02-11 13:00:00,24.9,66,18.1,0.0,24,490.0,9.9,327,5.391926446648768,-8.302838622659698
2023-02-11 14:00:00,25.3,65,18.2,0.0,25,441.0,10.4,340,3.5570094905869536,-9.772803256173448
2023-02-11 15:00:00,24.6,68,18.3,0.0,21,385.0,9.5,351,1.4861274178821953,-9.383039235653808
2023-02-11 16:00:00,24.6,68,18.3,0.0,13,310.0,8.4,353,1.0237024846032368,-8.337387673787106
2023-02-11 17:00:00,24.1,70,18.3,0.0,6,146.0,10.0,347,2.249510543438653,-9.743700647852352
2023-02-11 18:00:00,22.7,77,18.4,0.0,2,20.0,10.5,354,1.0975488643103608,-10.44247990136687
2023-02-11 19:00:00,21.2,83,18.2,0.0,2,0.0,11.9,360,2.9146593819707008e-15,-11.9
2023-02-11 20:00:00,20.3,87,18.0,0.0,3,0.0,10.1,356,0.7045403848156689,-10.075396907624224
2023-02-11 21:00:00,19.7,89,17.8,0.0,2,0.0,9.3,347,2.092044805397948,-9.061641602502688
2023-02-11 22:00:00,19.2,92,17.8,0.0,1,0.0,7.9,344,2.177535110954292,-7.59396739791272
2023-02-11 23:00:00,18.9,93,17.8,0.0,0,0.0,7.8,347,1.7546182238821495,-7.600086505324834
2023-02-12 00:00:00,18.5,95,17.7,0.0,3,0.0,9.1,351,1.4235536318661028,-8.987963899415753
2023-02-12 01:00:00,18.4,95,17.6,0.0,12,0.0,10.4,358,0.3629547657060086,-10.393664600998596
2023-02-12 02:00:00,18.2,96,17.6,0.0,11,0.0,10.4,360,2.547265342226495e-15,-10.4
2023-02-12 03:00:00,18.0,95,17.3,0.0,36,0.0,10.4,360,2.547265342226495e-15,-10.4
2023-02-12 04:00:00,17.9,96,17.3,0.0,38,0.0,10.8,360,2.645237086158283e-15,-10.8
2023-02-12 05:00:00,17.8,96,17.2,0.0,55,0.0,10.9,6,-1.1393602496174229,-10.84028865951418
2023-02-12 06:00:00,17.9,94,17.0,0.0,90,0.0,10.9,8,-1.5169868004647131,-10.793921949283115
2023-02-12 07:00:00,17.9,94,17.0,0.0,68,1.0,9.6,13,-2.159530121701104,-9.35395262193826
2023-02-12 08:00:00,19.3,87,17.1,0.0,51,59.0,7.6,19,-2.474317973874391,-7.185941174554808
2023-02-12 09:00:00,21.9,77,17.6,0.0,34,210.0,4.3,24,-1.7489675652259409,-3.928245467863184
2023-02-12 10:00:00,24.1,70,18.2,0.0,25,430.0,0.4,90,-0.4,-2.4492935982947065e-17
2023-02-12 11:00:00,25.6,65,18.4,0.0,11,553.0,6.0,197,1.7542302283364206,5.737828535778212
2023-02-12 12:00:00,26.8,61,18.6,0.0,4,651.0,10.8,206,4.734408385322037,9.706975700031004
2023-02-12 13:00:00,27.7,58,18.8,0.0,3,645.0,13.8,213,7.516018683207374,11.573653837646852
2023-02-12 14:00:00,28.4,57,19.2,0.0,2,618.0,15.1,220,9.706092906266742,11.567271091096568
2023-02-12 15:00:00,28.6,57,19.4,0.0,2,514.0,14.5,226,10.430427104910445,10.07254637165546
2023-02-12 16:00:00,28.0,60,19.6,0.0,2,327.0,11.5,231,8.937178556755162,7.237184497073135
2023-02-12 17:00:00,27.1,64,19.8,0.0,2,143.0,6.8,238,5.766727053863696,3.603450996785794
2023-02-12 18:00:00,25.9,69,19.8,0.0,4,20.0,4.8,228,3.567095162291493,3.211826910522519
2023-02-12 19:00:00,24.7,74,19.8,0.0,4,0.0,4.1,218,2.5242120488351985,3.23084408978756
2023-02-12 20:00:00,23.3,81,19.9,0.0,3,0.0,3.9,236,3.233246532964663,2.180852323535912
2023-02-12 21:00:00,21.9,88,19.9,0.0,1,0.0,3.7,259,3.632020578756357,0.7059932828932151
2023-02-12 22:00:00,21.0,91,19.5,0.0,1,0.0,3.3,276,3.281922254715302,-0.3449439287832548
2023-02-12 23:00:00,20.8,92,19.4,0.0,0,0.0,1.3,304,1.0777488443215542,-0.7269507745119711
2023-02-13 00:00:00,20.9,93,19.7,0.0,2,0.0,0.0,180,-0.0,0.0
2023-02-13 01:00:00,21.3,93,20.1,0.0,1,0.0,0.4,90,-0.4,-2.4492935982947065e-17
2023-02-13 02:00:00,21.2,95,20.5,0.0,56,0.0,1.3,34,-0.726950774511971,-1.0777488443215544
2023-02-13 03:00:00,19.9,98,19.6,0.0,74,0.0,1.8,53,-1.437543918085127,-1.0832670416736871
2023-02-13 04:00:00,19.9,99,19.7,0.0,84,0.0,1.8,79,-1.7669289302057951,-0.3434561916777808
2023-02-13 05:00:00,20.1,99,19.9,0.0,90,0.0,1.8,37,-1.083267041673687,-1.437543918085127
2023-02-13 06:00:00,19.9,99,19.8,0.0,76,0.0,3.1,36,-1.8221342821066668,-2.5079526825623373
2023-02-13 07:00:00,20.1,99,20.0,0.0,77,2.0,2.3,51,-1.7874357113510329,-1.447436899414626
2023-02-13 08:00:00,20.8,99,20.6,0.0,47,69.0,2.8,50,-2.1449244407331385,-1.79980530712231
2023-02-13 09:00:00,24.1,86,21.7,0.0,4,254.0,2.1,59,-1.800051331474436,-1.0815799573111138
2023-02-13 10:00:00,25.6,77,21.3,0.0,5,432.0,1.1,342,0.3399186938124424,-1.0461621679246689
2023-02-13 11:00:00,26.8,70,20.9,0.0,2,587.0,2.4,243,2.138415658052083,1.0895771993749126
2023-02-13 12:00:00,27.5,67,20.9,0.0,1,675.0,4.6,252,4.3748599749577055,1.4214781741247586
2023-02-13 13:00:00,28.0,66,21.0,0.0,1,685.0,6.5,264,6.464392319893777,0.6794350112397468
2023-02-13 14:00:00,28.2,65,21.0,0.0,0,633.0,6.8,267,6.790680836331102,0.3558845024520213
2023-02-13 15:00:00,28.1,65,20.9,0.0,2,503.0,7.3,281,7.165878439167946,-1.392905666248779
2023-02-13 16:00:00,27.7,67,21.0,0.0,3,326.0,10.6,298,9.359244484304629,-4.976398565530438
2023-02-13 17:00:00,26.3,75,21.6,0.0,3,145.0,14.0,314,10.070757204741115,-9.725217186425962
2023-02-13 18:00:00,24.3,86,21.9,0.0,17,20.0,12.7,335,5.36725192410688,-11.510108895365455
2023-02-13 19:00:00,22.8,93,21.5,0.1,64,0.0,16.2,359,0.2827289842839937,-16.197532661533536
2023-02-13 20:00:00,22.0,91,20.4,0.0,32,0.0,15.1,3,-0.7902729392684519,-15.079305974794064
2023-02-13 21:00:00,21.3,90,19.7,0.0,20,0.0,10.5,352,1.4613175600806918,-10.397814721786489
2023-02-13 22:00:00,20.3,92,18.9,0.0,14,0.0,17.8,339,6.378949501906354,-16.617731591650188
2023-02-13 23:00:00,19.2,90,17.6,0.0,17,0.0,21.6,349,4.121474300133365,-21.203147162469545
2023-02-14 00:00:00,18.6,89,16.7,0.0,26,0.0,20.6,355,1.7954083006017614,-20.52161078068996
2023-02-14 01:00:00,18.3,87,16.1,0.0,26,0.0,20.7,352,2.880883189873364,-20.498549022950503
2023-02-14 02:00:00,18.0,86,15.7,0.0,28,0.0,22.3,351,3.4884885703971533,-22.02544999527157
2023-02-14 03:00:00,17.9,86,15.6,0.0,36,0.0,23.6,352,3.284485182657555,-23.37032642230106
2023-02-14 04:00:00,17.6,85,15.0,0.0,33,0.0,23.4,357,1.224661376084898,-23.367931113257026
2023-02-14 05:00:00,17.4,84,14.7,0.0,40,0.0,21.3,357,1.1147558679747152,-21.270809090272422
2023-02-14 06:00:00,17.3,84,14.5,0.0,28,0.0,20.8,350,3.611882095472152,-20.484001262653926
2023-02-14 07:00:00,17.0,85,14.5,0.0,33,1.0,25.8,348,5.364121623098205,-25.236208098932185
2023-02-14 08:00:00,17.4,80,13.9,0.0,49,60.0,28.2,354,2.947702664147826,-28.045517449385304
2023-02-14 09:00:00,18.1,74,13.4,0.0,60,204.0,27.4,360,6.711064459327495e-15,-27.4
2023-02-14 10:00:00,19.0,68,13.0,0.0,71,338.0,24.9,358,0.8689974678922705,-24.884831592775484
2023-02-14 11:00:00,20.1,63,12.9,0.0,100,425.0,23.1,357,1.208960589212015,-23.068342252830657
2023-02-14 12:00:00,20.4,63,13.1,0.0,100,282.0,22.0,356,1.534642422370764,-21.94640910571613
2023-02-14 13:00:00,21.0,62,13.3,0.0,100,312.0,21.3,356,1.485812890749876,-21.248114270534256
2023-02-14 14:00:00,20.6,64,13.4,0.0,100,162.0,22.1,354,2.310079038215141,-21.97893388763884
2023-02-14 15:00:00,17.4,82,14.3,0.8,100,20.0,23.2,353,2.8273687669994154,-23.027070718078672
2023-02-14 16:00:00,16.5,88,14.6,1.0,100,1.0,23.4,356,1.6323014856125395,-23.342998776079884
2023-02-14 17:00:00,16.2,89,14.3,1.2,100,22.0,21.6,359,0.3769719790453249,-21.596710215378053
2023-02-14 18:00:00,15.9,88,14.0,0.7,72,6.0,20.9,357,1.0938214854775372,-20.871357276370592
2023-02-14 19:00:00,15.6,88,13.7,0.3,59,0.0,22.8,354,2.3832489625024977,-22.67509921439663
2023-02-14 20:00:00,15.4,85,12.9,0.1,63,0.0,24.6,355,2.144031271592395,-24.506389573056943
2023-02-14 21:00:00,15.2,84,12.5,0.0,67,0.0,24.2,357,1.2665301410792538,-24.166834741060686
2023-02-14 22:00:00,15.1,83,12.2,0.0,87,0.0,23.5,356,1.6392771329869524,-23.44275518110587
2023-02-14 23:00:00,14.9,84,12.2,0.4,100,0.0,23.5,355,2.0481599545699707,-23.41057540515602
2023-02-15 00:00:00,14.6,86,12.4,0.8,100,0.0,22.1,353,2.6933124892537537,-21.93526995127322
2023-02-15 01:00:00,14.4,86,12.1,0.9,100,0.0,21.8,352,3.0339736009294365,-21.58784389856623
2023-02-15 02:00:00,14.2,85,11.7,0.7,100,0.0,25.4,353,3.09548132249074,-25.21067225168958
2023-02-15 03:00:00,14.3,86,12.0,1.1,100,0.0,25.2,358,0.8794673169030207,-25.184648840881213
2023-02-15 04:00:00,14.1,86,11.8,0.5,100,0.0,23.1,358,0.806178373827769,-23.085928104141114
2023-02-15 05:00:00,14.0,86,11.6,0.5,90,0.0,22.7,356,1.583471953991652,-22.644703940898008
2023-02-15 06:00:00,14.1,83,11.3,0.2,100,0.0,24.5,356,1.709033606731078,-24.44031923136569
2023-02-15 07:00:00,14.1,82,11.1,0.1,95,1.0,23.8,358,0.8306080215195196,-23.78550168305448
2023-02-15 08:00:00,14.5,78,10.8,0.0,94,32.0,22.8,355,1.9871509346466096,-22.7132391164918
2023-02-15 09:00:00,15.5,72,10.4,0.0,90,148.0,24.2,357,1.2665301410792538,-24.166834741060686
2023-02-15 10:00:00,16.9,65,10.3,0.0,93,277.0,24.9,358,0.8689974678922705,-24.884831592775484
2023-02-15 11:00:00,18.1,60,10.3,0.0,95,419.0,24.1,358,0.8410778705302699,-24.08531893116021
2023-02-15 12:00:00,18.7,59,10.4,0.0,96,432.0,23.8,358,0.8306080215195196,-23.78550168305448
2023-02-15 13:00:00,19.3,57,10.6,0.0,95,558.0,25.2,358,0.8794673169030207,-25.184648840881213
2023-02-15 14:00:00,19.3,56,10.4,0.0,85,539.0,27.0,360,6.613092715395708e-15,-27.0
2023-02-15 15:00:00,18.8,57,10.1,0.0,85,417.0,27.0,1,-0.4712149738066548,-26.995887769222563
2023-02-15 16:00:00,18.1,58,9.7,0.0,91,249.0,26.6,359,0.4642340112317427,-26.59594869116001
2023-02-15 17:00:00,16.9,62,9.5,0.0,83,111.0,24.9,358,0.8689974678922705,-24.884831592775484
2023-02-15 18:00:00,15.8,66,9.4,0.0,83,17.0,24.5,359,0.4275839577134472,-24.496268531331587
2023-02-15 19:00:00,15.1,69,9.4,0.0,98,0.0,23.8,360,5.8293187639414016e-15,-23.8
2023-02-15 20:00:00,14.8,70,9.5,0.0,100,0.0,22.3,2,-0.7782587764657717,-22.28641544252584
2023-02-15 21:00:00,14.7,71,9.4,0.0,100,0.0,20.2,2,-0.7049698333905196,-20.18769470578573
2023-02-15 22:00:00,14.9,70,9.4,0.0,95,0.0,18.7,2,-0.6526205883367681,-18.68860846525709
2023-02-15 23:00:00,14.8,70,9.3,0.0,100,0.0,16.9,2,-0.5898014942722664,-16.889704976622717
2023-02-16 00:00:00,14.8,70,9.4,0.0,91,0.0,15.1,1,-0.263531337202981,-15.097700196861508
2023-02-16 01:00:00,14.9,69,9.3,0.0,100,0.0,13.7,2,-0.4781231048242632,-13.691654330161612
2023-02-16 02:00:00,14.8,70,9.3,0.0,93,0.0,13.7,2,-0.4781231048242632,-13.691654330161612
2023-02-16 03:00:00,14.3,76,10.2,0.1,91,0.0,13.7,3,-0.7170026005283305,-13.68122462613766
2023-02-16 04:00:00,14.4,76,10.3,0.0,88,0.0,13.4,5,-1.1678869528186195,-13.34900895442939
2023-02-16 05:00:00,14.5,76,10.3,0.0,93,0.0,12.3,7,-1.498992923883314,-12.20831766518826
2023-02-16 06:00:00,14.5,77,10.4,0.0,100,0.0,11.5,2,-0.4013442120787611,-11.4929945107196
2023-02-16 07:00:00,14.4,78,10.6,0.0,93,2.0,12.8,11,-2.4423551408197737,-12.5648279481301
2023-02-16 08:00:00,15.4,75,10.9,0.0,100,63.0,12.9,13,-2.9018686010358588,-12.569373835729534
2023-02-16 09:00:00,17.0,69,11.3,0.0,89,215.0,11.0,11,-2.0988989491419927,-10.797899017924305
2023-02-16 10:00:00,18.2,66,11.8,0.0,86,315.0,7.9,360,1.934941942652818e-15,-7.9
2023-02-16 11:00:00,19.4,62,11.9,0.0,75,492.0,7.6,341,2.474317973874391,-7.185941174554808
2023-02-16 12:00:00,20.2,59,11.9,0.0,49,527.0,9.3,332,4.366085533908785,-8.211412613588022
2023-02-16 13:00:00,20.3,59,11.9,0.0,58,465.0,11.4,332,5.351975815759156,-10.065602558591769
2023-02-16 14:00:00,20.5,58,11.9,0.0,47,454.0,13.9,335,5.87439383819572,-12.597678239809436
2023-02-16 15:00:00,20.5,57,11.8,0.0,50,368.0,16.9,344,4.6582713133072815,-16.245322661357587
2023-02-16 16:00:00,19.8,59,11.5,0.0,34,237.0,18.2,352,2.532950437473199,-18.02287885109658
2023-02-16 17:00:00,18.9,61,11.2,0.0,34,108.0,17.3,356,1.2067869957733734,-17.257858069494958
2023-02-16 18:00:00,17.8,66,11.3,0.0,28,16.0,16.2,360,3.967855629237425e-15,-16.2
2023-02-16 19:00:00,16.7,71,11.5,0.0,29,0.0,15.5,4,-1.0812253430339422,-15.462242779027276
2023-02-16 20:00:00,16.2,75,11.7,0.0,45,0.0,13.4,6,-1.4006814077865566,-13.326593397934865
2023-02-16 21:00:00,16.0,77,11.9,0.0,57,0.0,11.6,5,-1.0110066158728348,-11.555858497864248
2023-02-16 22:00:00,15.9,78,12.1,0.0,68,0.0,10.8,2,-0.3769145643870105,-10.793420931806237
2023-02-16 23:00:00,15.7,80,12.3,0.0,50,0.0,10.1,4,-0.7045403848156655,-10.075396907624224
2023-02-17 00:00:00,15.5,82,12.5,0.0,55,0.0,9.0,2,-0.3140954703225087,-8.994517443171862
2023-02-17 01:00:00,15.3,84,12.6,0.0,64,0.0,7.9,3,-0.4134540543192563,-7.889173324561134
2023-02-17 02:00:00,15.3,85,12.7,0.0,68,0.0,7.9,360,1.934941942652818e-15,-7.9
2023-02-17 03:00:00,15.5,86,13.1,0.1,90,0.0,8.3,2,-0.2896658226307581,-8.294943864258496
2023-02-17 04:00:00,15.5,86,13.1,0.1,100,0.0,8.6,360,2.1063924945334478e-15,-8.6
2023-02-17 05:00:00,15.6,86,13.2,0.1,100,0.0,9.0,358,0.3140954703225074,-8.994517443171862
2023-02-17 06:00:00,15.6,86,13.3,0.1,100,0.0,10.4,358,0.3629547657060086,-10.393664600998596
2023-02-17 07:00:00,15.5,87,13.3,0.1,100,1.0,12.3,3,-0.6437322617882092,-12.283143277481258
2023-02-17 08:00:00,16.3,85,13.8,0.1,94,41.0,13.8,6,-1.442492793093618,-13.724402156082173
2023-02-17 09:00:00,17.3,80,13.8,0.1,86,129.0,14.8,1,-0.258295615271796,-14.79774588831459
2023-02-17 10:00:00,18.2,75,13.7,0.1,86,186.0,16.3,354,1.7038139512627508,-16.210706894502856
2023-02-17 11:00:00,19.3,69,13.5,0.0,62,327.0,17.8,352,2.4772811970891726,-17.62677162359995
2023-02-17 12:00:00,20.1,65,13.2,0.0,49,400.0,19.3,351,3.01918517527646,-19.06238497348616
2023-02-17 13:00:00,20.5,62,12.9,0.0,36,414.0,19.4,349,3.701694510304966,-19.04356735888468
2023-02-17 14:00:00,20.7,61,12.9,0.0,31,444.0,20.1,350,3.490328371105301,-19.79463583554538
2023-02-17 15:00:00,20.2,60,12.1,0.0,20,342.0,20.3,353,2.4739476711244888,-20.14868687831884
2023-02-17 16:00:00,19.8,62,12.3,0.0,25,258.0,19.1,357,0.9996167642402376,-19.07382411381236
2023-02-17 17:00:00,19.2,65,12.6,0.0,20,134.0,17.0,356,1.1858600536501358,-16.958588854417012
2023-02-17 18:00:00,18.2,71,12.8,0.0,9,23.0,15.8,360,3.869883885305636e-15,-15.8
2023-02-17 19:00:00,17.1,78,13.1,0.0,5,0.0,14.4,3,-0.7536377698983913,-14.380265300465863
2023-02-17 20:00:00,16.4,82,13.4,0.0,5,0.0,12.6,2,-0.4397336584515122,-12.592324420440606
2023-02-17 21:00:00,16.1,86,13.7,0.0,1,0.0,10.8,360,2.645237086158283e-15,-10.8
2023-02-17 22:00:00,15.6,89,13.8,0.0,3,0.0,10.1,358,0.3524849166952583,-10.093847352892867
2023-02-17 23:00:00,15.3,91,13.8,0.0,1,0.0,11.2,360,2.743208830090071e-15,-11.2
2023-02-18 00:00:00,14.9,93,13.8,0.0,1,0.0,11.9,2,-0.4153040107597615,-11.89275084152724
2023-02-18 01:00:00,14.7,94,13.7,0.0,0,0.0,11.3,7,-1.3771235804781663,-11.215771513546938
2023-02-18 02:00:00,14.5,94,13.6,0.0,2,0.0,10.9,8,-1.5169868004647131,-10.793921949283115
2023-02-18 03:00:00,14.9,93,13.8,0.0,1,0.0,12.3,7,-1.498992923883314,-12.20831766518826
2023-02-18 04:00:00,15.0,93,13.8,0.0,7,0.0,13.8,7,-1.6817969389910352,-13.697136892650244
2023-02-18 05:00:00,15.0,92,13.7,0.0,12,0.0,13.9,10,-2.4137096695703315,-13.688827766869691
2023-02-18 06:00:00,15.0,90,13.4,0.0,26,0.0,14.8,14,-3.5804440548750827,-14.360376748884748
2023-02-18 07:00:00,15.3,88,13.3,0.0,31,3.0,14.4,13,-3.2392951825516563,-14.030928932907388
2023-02-18 08:00:00,17.3,78,13.5,0.0,29,72.0,13.1,9,-2.049291492027024,-12.938717261796304
2023-02-18 09:00:00,19.7,67,13.4,0.0,30,182.0,12.0,9,-1.8772135804827703,-11.852260087141651
2023-02-18 10:00:00,21.9,57,13.0,0.0,29,392.0,10.8,4,-0.7533699164365533,-10.773691742806102
2023-02-18 11:00:00,23.6,50,12.5,0.0,31,590.0,11.5,360,2.8166876380389124e-15,-11.5
2023-02-18 12:00:00,24.6,47,12.6,0.0,31,688.0,12.6,355,1.0981623586204947,-12.552053195955994
2023-02-18 13:00:00,25.0,48,13.1,0.0,30,685.0,13.9,350,2.4137096695703324,-13.688827766869691
2023-02-18 14:00:00,25.0,49,13.4,0.0,21,641.0,15.2,346,3.6772128131149513,-14.748495039395143
2023-02-18 15:00:00,24.9,51,14.1,0.0,10,529.0,16.3,346,3.9433268982745866,-15.815820338298742
2023-02-18 16:00:00,24.3,54,14.3,0.0,9,325.0,16.2,348,3.3681693912477098,-15.845991131887647
2023-02-18 17:00:00,23.3,58,14.7,0.0,10,149.0,14.0,348,2.9107636714486382,-13.694066410273278
2023-02-18 18:00:00,21.8,65,15.0,0.0,13,24.0,12.2,346,2.951447126315948,-11.837607860567156
2023-02-18 19:00:00,20.6,71,15.1,0.0,8,0.0,10.1,358,0.3524849166952583,-10.093847352892867
2023-02-18 20:00:00,19.9,74,15.1,0.0,13,0.0,10.1,360,2.473786534277653e-15,-10.1
2023-02-18 21:00:00,19.4,76,15.0,0.0,23,0.0,7.9,360,1.934941942652818e-15,-7.9
2023-02-18 22:00:00,18.6,80,15.2,0.0,26,0.0,6.6,13,-1.484676958669509,-6.430842427582553
2023-02-18 23:00:00,18.8,79,15.1,0.0,25,0.0,4.8,48,-3.5670951622914924,-3.2118269105225195
2023-02-19 00:00:00,19.3,77,15.1,0.0,29,0.0,3.7,119,-3.236092916415765,1.793795594911447
2023-02-19 01:00:00,19.0,79,15.3,0.0,28,0.0,2.9,187,0.3534210958749272,2.878383839759834
2023-02-19 02:00:00,17.9,85,15.3,0.0,29,0.0,4.0,297,3.564026096753472,-1.8159619989581863
2023-02-19 03:00:00,15.9,92,14.6,0.0,27,0.0,8.2,337,3.203995253612045,-7.548139798310009
2023-02-19 04:00:00,16.6,92,15.2,0.0,31,0.0,10.2,352,1.419565629792672,-10.100734301164016
2023-02-19 05:00:00,17.0,92,15.7,0.0,30,0.0,11.5,356,0.8021994480574448,-11.47198657798798
2023-02-19 06:00:00,17.1,92,15.8,0.0,32,0.0,10.9,352,1.5169868004647182,-10.793921949283115
2023-02-19 07:00:00,17.3,91,15.8,0.0,30,2.0,13.3,357,0.6960682180311601,-13.281772812235833
2023-02-19 08:00:00,18.5,84,15.8,0.0,35,74.0,16.6,359,0.2897099468589071,-16.597471739596095
2023-02-19 09:00:00,20.7,73,15.6,0.0,32,223.0,18.4,359,0.3211242784460175,-18.3971975908776
2023-02-19 10:00:00,22.5,63,15.2,0.0,29,415.0,19.8,359,0.3455576474582145,-19.79698436409655
2023-02-19 11:00:00,23.5,59,14.9,0.0,30,530.0,22.4,356,1.562545011868414,-22.34543472582006
2023-02-19 12:00:00,23.7,59,15.2,0.0,30,566.0,23.2,353,2.8273687669994154,-23.027070718078672
2023-02-19 13:00:00,23.7,60,15.5,0.0,32,481.0,21.8,352,3.0339736009294365,-21.58784389856623
2023-02-19 14:00:00,23.4,63,15.9,0.0,38,375.0,21.0,353,2.559256211508092,-20.843469184467764
2023-02-19 15:00:00,23.3,63,15.8,0.0,46,318.0,20.3,354,2.1219278043333643,-20.18879447597595
2023-02-19 16:00:00,22.7,66,15.9,0.0,46,225.0,21.1,352,2.9365524302573904,-20.89465625044713
2023-02-19 17:00:00,21.5,70,15.9,0.0,46,101.0,21.0,353,2.559256211508092,-20.843469184467764
2023-02-19 18:00:00,19.9,77,15.7,0.0,41,14.0,19.9,356,1.3881538275081,-19.8515246001705
2023-02-19 19:00:00,19.0,80,15.5,0.0,36,0.0,18.0,358,0.6281909406450148,-17.989034886343724
2023-02-19 20:00:00,18.6,81,15.3,0.0,37,0.0,17.8,353,2.1692743126116207,-17.667321499215532
2023-02-19 21:00:00,18.6,80,15.2,0.0,34,0.0,17.4,353,2.1205265752495617,-17.270303038559003
2023-02-19 22:00:00,18.4,81,15.1,0.0,44,0.0,18.1,354,1.891965185144527,-18.000846306165748
2023-02-19 23:00:00,18.2,81,15.0,0.0,59,0.0,18.1,355,1.5775189437326156,-18.0311240354606
2023-02-20 00:00:00,18.3,81,14.9,0.0,69,0.0,17.3,355,1.507794349534489,-17.234168276987198
2023-02-20 01:00:00,18.2,81,14.9,0.0,77,0.0,16.6,356,1.1579574641524857,-16.55956323431308
2023-02-20 02:00:00,18.1,81,14.9,0.0,92,0.0,16.6,358,0.5793316452615137,-16.58988772851699
2023-02-20 03:00:00,17.7,81,14.4,0.0,94,0.0,17.3,359,0.3019266313650056,-17.29736512620557
2023-02-20 04:00:00,17.5,81,14.2,0.0,78,0.0,17.7,358,0.6177210916342646,-17.689217638237995
2023-02-20 05:00:00,17.3,81,13.9,0.0,76,0.0,18.7,358,0.6526205883367654,-18.68860846525709
2023-02-20 06:00:00,17.1,79,13.5,0.0,69,0.0,20.2,360,4.9475730685553065e-15,-20.2
2023-02-20 07:00:00,17.1,77,13.1,0.0,61,2.0,19.8,3,-1.036251933610288,-19.772864788140563
2023-02-20 08:00:00,17.7,73,12.7,0.0,67,45.0,20.9,358,0.7293994810822672,-20.8872682846991
2023-02-20 09:00:00,18.6,68,12.6,0.0,65,139.0,22.0,358,0.7677889274550181,-21.986598194420107
2023-02-20 10:00:00,19.8,64,12.8,0.0,69,287.0,22.0,358,0.7677889274550181,-21.986598194420107
2023-02-20 11:00:00,20.8,61,13.1,0.0,62,372.0,22.0,356,1.534642422370764,-21.94640910571613
2023-02-20 12:00:00,21.1,60,13.1,0.0,70,411.0,22.8,355,1.9871509346466096,-22.7132391164918
2023-02-20 13:00:00,21.4,59,13.1,0.0,83,477.0,22.4,356,1.562545011868414,-22.34543472582006
2023-02-20 14:00:00,21.4,58,12.9,0.0,100,410.0,22.5,354,2.351890423522202,-22.37674264578615
2023-02-20 15:00:00,20.8,58,12.2,0.0,100,300.0,24.6,353,2.997985847766622,-24.41663533037653
2023-02-20 16:00:00,20.1,59,11.8,0.0,100,215.0,24.9,357,1.3031653104493146,-24.86587541538889
2023-02-20 17:00:00,19.2,61,11.5,0.0,100,95.0,23.1,357,1.208960589212015,-23.068342252830657
2023-02-20 18:00:00,18.2,65,11.5,0.0,93,20.0,19.1,358,0.6665803870177658,-19.08836479606473
2023-02-20 19:00:00,17.5,69,11.6,0.0,97,0.0,18.4,359,0.3211242784460175,-18.3971975908776
2023-02-20 20:00:00,17.1,71,11.7,0.0,89,0.0,16.2,359,0.2827289842839937,-16.197532661533536
2023-02-20 21:00:00,16.9,72,11.9,0.0,91,0.0,15.2,356,1.0602984009107097,-15.162973563949327
2023-02-20 22:00:00,16.8,73,12.0,0.0,100,0.0,15.5,356,1.0812253430339474,-15.462242779027276
2023-02-20 23:00:00,16.7,75,12.2,0.1,100,0.0,16.9,359,0.2949456687900921,-16.89742604814301
2023-02-21 00:00:00,16.3,78,12.4,0.1,100,0.0,17.3,2,-0.6037612929532667,-17.289461307430358
2023-02-21 01:00:00,16.0,80,12.5,0.1,100,0.0,17.0,4,-1.18586005365013,-16.958588854417012
2023-02-21 02:00:00,16.1,80,12.6,0.1,100,0.0,17.0,5,-1.4816476267101888,-16.935309867559674
2023-02-21 03:00:00,16.1,79,12.5,0.1,100,0.0,16.3,6,-1.7038139512627517,-16.210706894502856
2023-02-21 04:00:00,16.0,79,12.4,0.0,100,0.0,15.5,5,-1.3509140125887016,-15.441017820422056
2023-02-21 05:00:00,16.0,79,12.4,0.0,92,0.0,15.5,4,-1.0812253430339422,-15.462242779027276
2023-02-21 06:00:00,15.9,80,12.4,0.0,100,0.0,14.8,1,-0.258295615271796,-14.79774588831459
2023-02-21 07:00:00,15.9,80,12.5,0.0,100,1.0,15.5,13,-3.4867413423299074,-15.102736004171147
2023-02-21 08:00:00,17.0,75,12.6,0.0,100,68.0,15.1,12,-3.139466531348166,-14.770028771080463
2023-02-21 09:00:00,18.3,68,12.4,0.0,100,163.0,15.6,7,-1.9011617571203008,-15.483719965604624
2023-02-21 10:00:00,19.7,64,12.8,0.0,100,373.0,15.5,1,-0.2705122997778944,-15.497639274924063
2023-02-21 11:00:00,20.7,63,13.3,0.0,100,472.0,15.5,359,0.2705122997778952,-15.497639274924063
2023-02-21 12:00:00,21.7,61,13.7,0.0,100,578.0,14.4,357,0.7536377698983989,-14.380265300465863
2023-02-21 13:00:00,22.0,59,13.7,0.0,100,505.0,16.0,352,2.226769615361054,-15.844289099865124
2023-02-21 14:00:00,21.9,60,13.7,0.0,100,337.0,19.5,355,1.6995369835793372,-19.42579661278904
2023-02-21 15:00:00,20.0,64,13.0,0.1,100,247.0,22.0,358,0.7677889274550181,-21.986598194420107
2023-02-21 16:00:00,19.5,63,12.4,0.0,100,222.0,22.7,359,0.3961696261263368,-22.69654268005008
2023-02-21 17:00:00,18.5,65,11.9,0.0,100,122.0,22.3,359,0.3891886635514234,-22.296603601987528
2023-02-21 18:00:00,17.1,70,11.5,0.1,100,22.0,23.4,360,5.7313470200096116e-15,-23.4
2023-02-21 19:00:00,16.2,73,11.4,0.1,100,0.0,23.5,5,-2.0481599545699667,-23.41057540515602
2023-02-21 20:00:00,16.1,73,11.2,0.0,100,0.0,21.3,5,-1.856417320525119,-21.21894706935418
2023-02-21 21:00:00,16.0,74,11.3,0.1,100,0.0,20.5,3,-1.0728871029803486,-20.471905462468765
2023-02-21 22:00:00,16.1,73,11.3,0.0,100,0.0,20.5,2,-0.7154396824012699,-20.487511953891463
2023-02-21 23:00:00,16.3,73,11.3,0.0,100,0.0,20.9,3,-1.093821485477526,-20.871357276370592
2023-02-22 00:00:00,16.3,73,11.5,0.0,100,0.0,20.9,3,-1.093821485477526,-20.871357276370592
2023-02-22 01:00:00,16.1,74,11.6,0.0,100,0.0,20.6,5,-1.7954083006017585,-20.52161078068996
2023-02-22 02:00:00,16.1,75,11.7,0.1,100,0.0,19.6,6,-2.048757880046008,-19.49262914921816
2023-02-22 03:00:00,15.6,78,11.8,0.0,100,0.0,18.4,6,-1.923323724124824,-18.299202874776228
2023-02-22 04:00:00,15.5,78,11.7,0.0,100,0.0,17.3,4,-1.2067869957733677,-17.257858069494958
2023-02-22 05:00:00,15.3,79,11.7,0.0,100,0.0,17.3,4,-1.2067869957733677,-17.257858069494958
2023-02-22 06:00:00,15.2,80,11.7,0.0,100,0.0,18.4,359,0.3211242784460175,-18.3971975908776
2023-02-22 07:00:00,15.3,80,11.9,0.0,99,3.0,19.9,5,-1.7343992806783974,-19.824274492025737
2023-02-22 08:00:00,16.1,77,12.0,0.1,98,80.0,21.1,8,-2.936552430257381,-20.89465625044713
2023-02-22 09:00:00,17.4,70,12.0,0.0,95,194.0,21.0,6,-2.195097728620723,-20.88495980273374
2023-02-22 10:00:00,19.1,65,12.2,0.0,92,368.0,20.2,2,-0.7049698333905196,-20.18769470578573
2023-02-22 11:00:00,20.4,62,12.9,0.0,86,504.0,18.4,357,0.9629815948701764,-18.37478343948416
2023-02-22 12:00:00,21.1,60,13.2,0.0,78,535.0,17.5,352,2.435529266801153,-17.32969120297748
2023-02-22 13:00:00,21.9,58,13.3,0.0,87,611.0,17.9,350,3.1083023802380536,-17.628058778918522
2023-02-22 14:00:00,22.1,58,13.4,0.0,74,528.0,20.1,350,3.490328371105301,-19.79463583554538
2023-02-22 15:00:00,21.0,59,12.7,0.0,72,345.0,22.2,352,3.0896428413134625,-21.98395112606286
2023-02-22 16:00:00,20.5,62,12.8,0.0,62,311.0,23.5,354,2.456418886789855,-23.37126454115442
2023-02-22 17:00:00,19.2,67,13.0,0.0,56,138.0,23.2,353,2.8273687669994154,-23.027070718078672
2023-02-22 18:00:00,17.6,75,13.2,0.0,45,25.0,23.3,352,3.242733252369536,-23.073246001678587
2023-02-22 19:00:00,16.5,81,13.3,0.0,64,0.0,22.7,358,0.7922185751467686,-22.686171773333477
2023-02-22 20:00:00,16.2,83,13.3,0.0,55,0.0,19.4,359,0.338576684883301,-19.39704528603399
2023-02-22 21:00:00,16.3,83,13.4,0.0,59,0.0,16.2,356,1.1300548746548351,-16.16053761420915
2023-02-22 22:00:00,16.2,84,13.5,0.0,55,0.0,15.6,353,1.9011617571202968,-15.483719965604624
2023-02-22 23:00:00,16.4,85,13.8,0.0,51,0.0,15.5,355,1.350914012588704,-15.441017820422056
2023-02-23 00:00:00,16.3,86,14.0,0.0,39,0.0,14.5,354,1.5156627173809745,-14.420567482839962
2023-02-23 01:00:00,16.0,89,14.1,0.0,31,0.0,14.9,352,2.0736792043049816,-14.754994224249398
2023-02-23 02:00:00,15.8,90,14.2,0.0,29,0.0,17.1,352,2.3798600264171266,-16.933583975480854
2023-02-23 03:00:00,16.0,90,14.3,0.0,35,0.0,18.4,354,1.9233237241248229,-18.299202874776228
2023-02-23 04:00:00,15.9,91,14.3,0.0,41,0.0,18.4,357,0.9629815948701764,-18.37478343948416
2023-02-23 05:00:00,15.9,91,14.3,0.0,41,0.0,17.7,355,1.5426566466335525,-17.632646156223895
2023-02-23 06:00:00,15.6,92,14.4,0.0,42,0.0,16.9,358,0.5898014942722639,-16.889704976622717
2023-02-23 07:00:00,15.7,93,14.5,0.0,32,4.0,17.7,354,1.8501537998374653,-17.60303754801844
2023-02-23 08:00:00,17.0,87,14.8,0.0,26,79.0,18.9,351,2.956611389260368,-18.6673096372481
2023-02-23 09:00:00,18.7,77,14.6,0.0,23,172.0,20.4,352,2.839131259585344,-20.20146860232803
2023-02-23 10:00:00,20.4,68,14.2,0.0,16,394.0,20.8,351,3.253836872836807,-20.543917484378863
2023-02-23 11:00:00,21.6,63,14.3,0.0,6,466.0,19.8,350,3.438233917805222,-19.49919350964172
2023-02-23 12:00:00,22.5,60,14.5,0.0,12,631.0,19.7,345,5.098735188519657,-19.028738777894645
2023-02-23 13:00:00,22.9,60,14.7,0.0,12,610.0,21.9,346,5.298089513632726,-21.249476405444323
2023-02-23 14:00:00,22.7,61,14.8,0.0,12,528.0,23.1,349,4.407687793198182,-22.67558793764104
2023-02-23 15:00:00,22.2,63,14.7,0.0,10,439.0,22.6,352,3.1453120816974893,-22.380058353559487
2023-02-23 16:00:00,21.5,65,14.7,0.0,8,296.0,21.5,351,3.3633409983649685,-21.23529932279546
2023-02-23 17:00:00,20.6,69,14.8,0.0,4,153.0,20.8,351,3.253836872836807,-20.543917484378863
2023-02-23 18:00:00,19.3,76,14.9,0.0,5,22.0,17.7,354,1.8501537998374653,-17.60303754801844
2023-02-23 19:00:00,18.3,81,15.0,0.0,8,0.0,17.1,353,2.0839657722280176,-16.97253919306661
2023-02-23 20:00:00,18.0,84,15.2,0.0,5,0.0,16.8,350,2.917289384804431,-16.544770250605094
2023-02-23 21:00:00,17.9,84,15.2,0.0,5,0.0,17.9,351,2.8001769242201364,-17.679621296652964
2023-02-23 22:00:00,17.6,87,15.4,0.0,16,0.0,18.9,351,2.956611389260368,-18.6673096372481
2023-02-23 23:00:00,17.4,88,15.4,0.0,20,0.0,19.2,352,2.6721235384332647,-19.01314691983815
2023-02-24 00:00:00,17.3,88,15.3,0.0,25,0.0,18.8,353,2.291143656016768,-18.659867650856857
2023-02-24 01:00:00,17.2,88,15.3,0.0,24,0.0,17.3,356,1.2067869957733734,-17.257858069494958
2023-02-24 02:00:00,17.2,89,15.3,0.0,29,0.0,16.6,356,1.1579574641524857,-16.55956323431308
2023-02-24 03:00:00,17.0,90,15.4,0.0,25,0.0,17.0,355,1.4816476267101917,-16.935309867559674
2023-02-24 04:00:00,16.7,92,15.4,0.0,26,0.0,17.8,353,2.1692743126116207,-17.667321499215532
2023-02-24 05:00:00,16.5,93,15.4,0.0,22,0.0,19.6,353,2.3886391307408856,-19.453904572169915
2023-02-24 06:00:00,16.6,92,15.3,0.0,23,0.0,19.9,354,2.080116419026303,-19.79098571782864
2023-02-24 07:00:00,16.6,91,15.2,0.0,17,4.0,20.0,353,2.4373868681029447,-19.850923032826444
2023-02-24 08:00:00,18.0,83,15.0,0.0,14,82.0,21.3,354,2.226456267601018,-21.183316371344223
2023-02-24 09:00:00,19.5,74,14.8,0.0,15,230.0,22.0,357,1.1513910373447762,-21.969849764600625
2023-02-24 10:00:00,21.0,67,14.7,0.0,11,380.0,22.0,356,1.534642422370764,-21.94640910571613
2023-02-24 11:00:00,22.2,63,14.8,0.0,7,621.0,23.1,355,2.013297657470907,-23.012097525919323
2023-02-24 12:00:00,23.0,60,14.8,0.0,8,708.0,24.9,355,2.170177994416692,-24.805247982484463
2023-02-24 13:00:00,23.4,58,14.8,0.0,5,744.0,24.9,355,2.170177994416692,-24.805247982484463
2023-02-24 14:00:00,23.2,59,14.7,0.0,7,673.0,25.3,355,2.2050402915157554,-25.203725861721164
2023-02-24 15:00:00,22.6,62,14.9,0.0,5,429.0,26.3,356,1.834595259470504,-26.23593452183338
2023-02-24 16:00:00,21.6,65,14.7,0.0,9,314.0,27.1,356,1.8904004384658049,-27.03398576204124
2023-02-24 17:00:00,20.2,69,14.4,0.0,15,127.0,26.3,357,1.376435649189437,-26.263956764045293
2023-02-24 18:00:00,18.6,75,14.1,0.0,17,28.0,26.0,354,2.717740044958989,-25.857569279575102
2023-02-24 19:00:00,17.5,79,13.7,0.0,27,0.0,27.0,357,1.413070818559498,-26.96299743837349
2023-02-24 20:00:00,16.9,80,13.4,0.0,14,0.0,25.9,358,0.9038969645947712,-25.88422241979458
2023-02-24 21:00:00,16.5,80,13.0,0.0,14,0.0,25.2,358,0.8794673169030207,-25.184648840881213
2023-02-24 22:00:00,16.2,79,12.6,0.0,6,0.0,25.9,359,0.4520173267256442,-25.896055304550533
2023-02-24 23:00:00,16.0,78,12.3,0.0,6,0.0,25.6,2,-0.8934271155840249,-25.584405171688854
2023-02-25 00:00:00,15.9,77,12.0,0.0,9,0.0,23.8,1,-0.4153672732073475,-23.796375144722116
2023-02-25 01:00:00,15.8,77,11.8,0.0,13,0.0,23.0,359,0.4014053480575218,-22.996496988597
2023-02-25 02:00:00,15.7,77,11.7,0.0,17,0.0,23.4,358,0.8166482228385192,-23.38574535224684
2023-02-25 03:00:00,15.7,76,11.6,0.0,24,0.0,23.1,358,0.806178373827769,-23.085928104141114
2023-02-25 04:00:00,15.6,77,11.6,0.0,30,0.0,23.4,356,1.6323014856125395,-23.342998776079884
2023-02-25 05:00:00,15.4,78,11.5,0.0,20,0.0,24.5,357,1.2822309279521371,-24.466423601487055
2023-02-25 06:00:00,15.4,77,11.4,0.0,28,0.0,24.5,357,1.2822309279521371,-24.466423601487055
2023-02-25 07:00:00,15.4,77,11.4,0.0,31,5.0,24.9,358,0.8689974678922705,-24.884831592775484
2023-02-25 08:00:00,16.4,72,11.3,0.0,68,97.0,26.3,359,0.4589982893005576,-26.29599438261309
2023-02-25 09:00:00,17.6,66,11.2,0.0,69,240.0,25.9,359,0.4520173267256442,-25.896055304550533
2023-02-25 10:00:00,19.0,61,11.3,0.0,70,424.0,26.0,357,1.3607348623165536,-25.96436790361892
2023-02-25 11:00:00,20.2,57,11.5,0.0,58,560.0,27.0,357,1.413070818559498,-26.96299743837349
2023-02-25 12:00:00,20.9,56,11.7,0.0,42,656.0,27.0,358,0.9422864109675222,-26.983552329515582
2023-02-25 13:00:00,21.2,55,11.8,0.0,47,710.0,27.4,356,1.9113273805890425,-27.333254977119186
2023-02-25 14:00:00,21.1,55,11.7,0.0,46,587.0,28.9,356,2.015962091205231,-28.82960105250892
2023-02-25 15:00:00,20.3,57,11.4,0.0,47,524.0,29.5,359,0.5148459898998651,-29.49550700711354
2023-02-25 16:00:00,19.4,59,11.2,0.0,40,310.0,29.2,358,1.019065303713024,-29.1822121489576
2023-02-25 17:00:00,18.2,63,11.0,0.0,44,134.0,27.4,356,1.9113273805890425,-27.333254977119186
2023-02-25 18:00:00,16.8,68,10.9,0.0,66,27.0,24.9,357,1.3031653104493146,-24.86587541538889
2023-02-25 19:00:00,16.0,71,10.8,0.0,98,0.0,25.2,358,0.8794673169030207,-25.184648840881213
2023-02-25 20:00:00,15.7,72,10.8,0.0,100,0.0,23.1,358,0.806178373827769,-23.085928104141114
2023-02-25 21:00:00,15.7,72,10.7,0.0,100,0.0,19.8,359,0.3455576474582145,-19.79698436409655
2023-02-25 22:00:00,15.8,72,10.7,0.0,100,0.0,17.3,358,0.6037612929532643,-17.289461307430358
2023-02-25 23:00:00,15.8,72,10.7,0.0,100,0.0,16.2,356,1.1300548746548351,-16.16053761420915
2023-02-26 00:00:00,15.8,72,10.7,0.0,100,0.0,15.9,357,0.8321417042628155,-15.878209602597725
2023-02-26 01:00:00,15.7,72,10.7,0.0,100,0.0,15.8,360,3.869883885305636e-15,-15.8
2023-02-26 02:00:00,15.6,72,10.6,0.0,90,0.0,15.5,1,-0.2705122997778944,-15.497639274924063
2023-02-26 03:00:00,15.1,79,11.5,0.1,78,0.0,14.4,1,-0.2513146526968826,-14.397806810252035
2023-02-26 04:00:00,15.0,79,11.4,0.0,71,0.0,14.8,359,0.2582956152717967,-14.79774588831459
2023-02-26 05:00:00,14.9,79,11.3,0.0,74,0.0,15.5,359,0.2705122997778952,-15.497639274924063
2023-02-26 06:00:00,14.8,79,11.2,0.0,93,0.0,16.9,360,4.139306181118054e-15,-16.9
2023-02-26 07:00:00,14.8,79,11.1,0.0,95,4.0,17.6,1,-0.3071623532961898,-17.59731943475249
2023-02-26 08:00:00,15.4,74,10.8,0.0,99,59.0,18.7,360,4.580179028811101e-15,-18.7
2023-02-26 09:00:00,16.4,69,10.7,0.0,100,162.0,18.0,358,0.6281909406450148,-17.989034886343724
2023-02-26 10:00:00,17.3,66,10.8,0.0,100,194.0,17.7,354,1.8501537998374653,-17.60303754801844
2023-02-26 11:00:00,18.3,62,11.0,0.0,92,345.0,18.6,351,2.9096810497482983,-18.37100313506956
2023-02-26 12:00:00,18.9,61,11.2,0.0,92,358.0,20.8,350,3.611882095472152,-20.484001262653926
2023-02-26 13:00:00,19.4,59,11.1,0.0,89,411.0,22.9,352,3.1870640119855085,-22.67713877418196
2023-02-26 14:00:00,19.5,58,10.9,0.0,89,429.0,24.6,355,2.144031271592395,-24.506389573056943
2023-02-26 15:00:00,18.6,60,10.7,0.1,92,236.0,24.9,358,0.8689974678922705,-24.884831592775484
2023-02-26 16:00:00,18.2,60,10.4,0.0,96,238.0,24.2,357,1.2665301410792538,-24.166834741060686
2023-02-26 17:00:00,17.5,62,10.0,0.0,86,118.0,22.4,355,1.952288637547546,-22.314761237255095
2023-02-26 18:00:00,16.3,66,10.0,0.1,92,22.0,21.0,354,2.1950977286207216,-20.88495980273374
2023-02-26 19:00:00,15.6,69,9.9,0.1,92,0.0,20.5,357,1.0728871029803595,-20.471905462468765
2023-02-26 20:00:00,15.2,71,9.9,0.0,95,0.0,18.7,359,0.3263600003772026,-18.697151899424515
2023-02-26 21:00:00,15.1,71,9.9,0.0,97,0.0,15.5,359,0.2705122997778952,-15.497639274924063
2023-02-26 22:00:00,15.1,72,10.0,0.0,100,0.0,13.4,355,1.1678869528186215,-13.34900895442939
2023-02-26 23:00:00,14.9,73,10.2,0.0,100,0.0,12.6,355,1.0981623586204947,-12.552053195955994
2023-02-27 00:00:00,14.8,75,10.3,0.0,100,0.0,11.2,360,2.743208830090071e-15,-11.2
2023-02-27 01:00:00,14.9,75,10.5,0.0,100,0.0,10.4,360,2.547265342226495e-15,-10.4
2023-02-27 02:00:00,15.0,75,10.6,0.0,100,0.0,10.1,2,-0.3524849166952598,-10.093847352892867
2023-02-27 03:00:00,14.9,80,11.5,0.0,64,0.0,10.1,2,-0.3524849166952598,-10.093847352892867
2023-02-27 04:00:00,14.9,81,11.6,0.0,65,0.0,10.1,360,2.473786534277653e-15,-10.1
2023-02-27 05:00:00,14.9,81,11.6,0.0,59,0.0,9.7,358,0.3385251180142579,-9.694091022085228
2023-02-27 06:00:00,14.9,81,11.7,0.0,62,0.0,9.0,355,0.7844016847289249,-8.96575228282571
2023-02-27 07:00:00,15.0,83,12.0,0.0,50,4.0,9.8,6,-1.024378940023004,-9.746314574609078
2023-02-27 08:00:00,16.1,79,12.4,0.0,50,66.0,10.2,8,-1.419565629792667,-10.100734301164016
2023-02-27 09:00:00,17.3,72,12.3,0.0,46,179.0,9.1,7,-1.109011024986842,-9.032169979936029
2023-02-27 10:00:00,18.4,68,12.3,0.0,41,256.0,7.6,352,1.0577155672965006,-7.526037322435934
2023-02-27 11:00:00,19.3,64,12.2,0.0,56,257.0,6.9,332,3.2393537832226467,-6.092338390726597
2023-02-27 12:00:00,20.1,60,12.1,0.0,53,329.0,8.9,317,6.069785404556234,-6.50904794441062
2023-02-27 13:00:00,20.6,58,12.0,0.0,51,374.0,11.8,320,7.584893794301167,-9.03932442880394
2023-02-27 14:00:00,20.6,58,12.0,0.0,39,259.0,13.4,329,6.9015102037947305,-11.486041829408302
2023-02-27 15:00:00,20.5,57,11.6,0.0,53,329.0,15.2,338,5.694020219921868,-14.093194589415166
2023-02-27 16:00:00,20.2,57,11.5,0.0,57,239.0,16.1,344,4.437761428653683,-15.476313304606936
2023-02-27 17:00:00,19.5,59,11.3,0.0,62,116.0,16.2,348,3.3681693912477098,-15.845991131887647
2023-02-27 18:00:00,18.5,64,11.5,0.0,62,23.0,14.3,350,2.4831689406371047,-14.082750868074577
2023-02-27 19:00:00,17.6,68,11.7,0.0,81,0.0,13.7,355,1.1940336756429188,-13.647867363856914
2023-02-27 20:00:00,17.0,72,11.9,0.0,77,0.0,11.9,357,0.622797879291038,-11.88369146357943
2023-02-27 21:00:00,16.7,75,12.3,0.0,74,0.0,9.0,358,0.3140954703225074,-8.994517443171862
2023-02-27 22:00:00,16.5,78,12.6,0.0,61,0.0,7.3,351,1.141971594793687,-7.210124886344505
2023-02-27 23:00:00,16.3,81,12.9,0.0,68,0.0,7.1,345,1.8376152202278968,-6.858073366652385
2023-02-28 00:00:00,16.3,82,13.2,0.0,53,0.0,7.0,339,2.508575646817105,-6.535062985480411
2023-02-28 01:00:00,16.2,83,13.4,0.0,52,0.0,5.3,332,2.4881992827652213,-4.679622242152313
2023-02-28 02:00:00,16.2,84,13.5,0.0,46,0.0,5.2,335,2.197614961051636,-4.71280049259058
2023-02-28 03:00:00,15.6,88,13.5,0.0,40,0.0,5.8,338,2.172718241812292,-5.377666356487366
2023-02-28 04:00:00,14.8,91,13.4,0.0,37,0.0,6.4,344,1.764079077228793,-6.1520748540052415
2023-02-28 05:00:00,14.7,91,13.3,0.0,36,0.0,7.3,340,2.4967470462773806,-6.859756131737131
2023-02-28 06:00:00,14.7,91,13.3,0.0,40,0.0,6.5,341,2.1161930039715187,-6.14587074139556
2023-02-28 07:00:00,15.0,91,13.6,0.0,35,4.0,6.0,343,1.7542302283364228,-5.737828535778212
2023-02-28 08:00:00,17.1,84,14.3,0.0,30,63.0,6.3,336,2.562440851377541,-5.755336383148386
2023-02-28 09:00:00,18.7,73,13.7,0.0,34,186.0,5.7,325,3.269385687200965,-4.669166652447252
2023-02-28 10:00:00,19.8,67,13.5,0.0,35,334.0,6.4,313,4.680663690362691,-4.364789504399991
2023-02-28 11:00:00,20.9,61,13.2,0.0,35,512.0,8.7,308,6.855693556378479,-5.356254835333228
2023-02-28 12:00:00,21.5,58,12.9,0.0,31,572.0,12.0,303,10.06404681534509,-6.53566842018032
2023-02-28 13:00:00,21.5,57,12.7,0.0,42,494.0,14.6,308,11.504957002658138,-8.988657539754614
2023-02-28 14:00:00,21.4,56,12.3,0.0,28,472.0,15.2,324,8.934335834845594,-12.2970583144992
2023-02-28 15:00:00,21.1,55,11.7,0.0,28,412.0,16.3,335,6.888677666373398,-14.772816928697395
2023-02-28 16:00:00,20.6,57,11.7,0.0,19,263.0,16.2,343,4.736421616508342,-15.492137046601172
2023-02-28 17:00:00,20.0,60,12.0,0.0,18,144.0,14.7,349,2.8048922320352063,-14.42991959668066
2023-02-28 18:00:00,18.9,66,12.4,0.0,19,32.0,13.5,351,2.1118652780431195,-13.33379259803436
2023-02-28 19:00:00,17.7,73,12.9,0.0,23,0.0,13.0,2,-0.4536934571325126,-12.992080751248244
2023-02-28 20:00:00,17.1,79,13.5,0.0,38,0.0,12.0,7,-1.4624321208617697,-11.910553819695863
2023-02-28 21:00:00,16.5,85,13.9,0.0,28,0.0,10.5,4,-0.7324429743133156,-10.474422527728152
2023-02-28 22:00:00,16.1,89,14.2,0.0,22,0.0,9.4,2,-0.3280552690035091,-9.3942737739795
2023-02-28 23:00:00,15.8,92,14.4,0.0,34,0.0,7.6,357,0.3977532674463772,-7.589584464134761
2023-03-01 00:00:00,15.5,93,14.4,0.0,15,0.0,7.6,355,0.6623836448822031,-7.571079705497266
2023-03-01 01:00:00,15.4,93,14.3,0.0,13,0.0,7.6,355,0.6623836448822031,-7.571079705497266
2023-03-01 02:00:00,15.3,94,14.4,0.0,11,0.0,8.4,353,1.0237024846032368,-8.337387673787106
2023-03-01 03:00:00,15.4,94,14.4,0.0,9,0.0,9.1,351,1.4235536318661028,-8.987963899415753
2023-03-01 04:00:00,15.2,95,14.3,0.0,7,0.0,9.5,349,1.8126854560771744,-9.325458242752807
2023-03-01 05:00:00,15.0,95,14.2,0.0,3,0.0,10.6,350,1.840670683269462,-10.438962181929403
2023-03-01 06:00:00,15.2,95,14.4,0.0,7,0.0,12.4,350,2.153237403069937,-12.21161613735138
2023-03-01 07:00:00,15.5,95,14.7,0.0,7,6.0,13.6,349,2.595002337121008,-13.35012969488823
2023-03-01 08:00:00,17.0,88,15.0,0.0,14,69.0,14.3,350,2.4831689406371047,-14.082750868074577
2023-03-01 09:00:00,18.9,74,14.1,0.0,12,209.0,15.2,353,1.8524140197582375,-15.086701504948095
2023-03-01 10:00:00,20.2,67,13.9,0.0,4,340.0,15.2,353,1.8524140197582375,-15.086701504948095
2023-03-01 11:00:00,21.6,60,13.4,0.0,2,510.0,16.4,351,2.5655252266597897,-16.198088785760255
2023-03-01 12:00:00,22.7,52,12.5,0.0,0,657.0,18.0,348,3.7424104347196776,-17.6066568132085
2023-03-01 13:00:00,23.5,48,11.9,0.0,0,742.0,20.0,346,4.838437911993357,-19.40591452551993
2023-03-01 14:00:00,23.9,47,11.7,0.0,0,699.0,20.6,348,4.282980830845854,-20.1498405751164
2023-03-01 15:00:00,23.6,47,11.5,0.0,0,562.0,21.5,350,3.7334358198390034,-21.17336668976247
2023-03-01 16:00:00,23.1,48,11.6,0.0,0,399.0,21.4,353,2.6080039488701505,-21.24048764512429
2023-03-01 17:00:00,22.3,53,12.2,0.0,0,198.0,18.8,355,1.6385279636559764,-18.728460324124818
2023-03-01 18:00:00,20.6,62,13.0,0.0,0,38.0,17.8,352,2.4772811970891726,-17.62677162359995
2023-03-01 19:00:00,19.2,71,13.9,0.0,0,0.0,19.9,356,1.3881538275081,-19.8515246001705
2023-03-01 20:00:00,18.4,77,14.3,0.0,0,0.0,17.7,4,-1.2346895852710178,-17.65688368959889
2023-03-01 21:00:00,18.0,80,14.4,0.0,0,0.0,14.4,4,-1.0044932219154044,-14.36492232374147
2023-03-01 22:00:00,17.7,82,14.5,0.0,0,0.0,13.7,360,3.355532229663748e-15,-13.7
2023-03-01 23:00:00,17.4,83,14.5,0.0,0,0.0,14.8,359,0.2582956152717967,-14.79774588831459
2023-03-02 00:00:00,17.2,83,14.3,0.0,0,0.0,15.5,359,0.2705122997778952,-15.497639274924063
2023-03-02 01:00:00,17.0,82,13.9,0.0,0,0.0,15.5,1,-0.2705122997778944,-15.497639274924063
2023-03-02 02:00:00,16.8,81,13.5,0.0,0,0.0,14.8,1,-0.258295615271796,-14.79774588831459
2023-03-02 03:00:00,16.4,80,13.0,0.0,2,0.0,15.8,360,3.869883885305636e-15,-15.8
2023-03-02 04:00:00,16.3,79,12.7,0.0,1,0.0,16.6,360,4.065827373169213e-15,-16.6
2023-03-02 05:00:00,16.1,78,12.3,0.0,0,0.0,17.3,1,-0.3019266313650047,-17.29736512620557
2023-03-02 06:00:00,16.0,78,12.1,0.0,0,0.0,18.0,358,0.6281909406450148,-17.989034886343724
2023-03-02 07:00:00,16.2,76,11.9,0.0,0,9.0,19.8,360,4.849601324623519e-15,-19.8
2023-03-02 08:00:00,17.8,67,11.6,0.0,0,124.0,20.2,1,-0.3525386100331269,-20.196923442159104
2023-03-02 09:00:00,19.5,58,11.1,0.0,1,306.0,19.1,2,-0.6665803870177686,-19.08836479606473
2023-03-02 10:00:00,21.1,52,10.8,0.0,0,508.0,18.0,360,4.408728476930472e-15,-18.0
2023-03-02 11:00:00,22.1,49,10.8,0.0,0,652.0,18.8,356,1.311421706389562,-18.754204144884696
2023-03-02 12:00:00,22.6,48,11.0,0.0,0,724.0,20.6,355,1.7954083006017614,-20.52161078068996
2023-03-02 13:00:00,22.7,48,11.0,0.0,0,743.0,22.4,356,1.562545011868414,-22.34543472582006
2023-03-02 14:00:00,22.7,47,11.0,0.0,0,690.0,23.8,358,0.8306080215195196,-23.78550168305448
2023-03-02 15:00:00,22.3,48,10.8,0.0,0,566.0,24.5,359,0.4275839577134472,-24.496268531331587
2023-03-02 16:00:00,21.5,50,10.7,0.0,0,383.0,24.1,358,0.8410778705302699,-24.08531893116021
2023-03-02 17:00:00,20.2,54,10.6,0.0,0,193.0,23.4,356,1.6323014856125395,-23.342998776079884
2023-03-02 18:00:00,18.5,60,10.6,0.0,0,38.0,21.3,357,1.1147558679747152,-21.270809090272422
2023-03-02 19:00:00,17.2,65,10.5,0.0,0,0.0,19.9,356,1.3881538275081,-19.8515246001705
2023-03-02 20:00:00,16.7,67,10.6,0.0,0,0.0,17.7,356,1.2346895852710238,-17.65688368959889
2023-03-02 21:00:00,16.4,69,10.7,0.0,1,0.0,15.5,355,1.350914012588704,-15.441017820422056
2023-03-02 22:00:00,16.1,72,10.9,0.0,1,0.0,14.1,354,1.473851332073913,-14.022758724692652
2023-03-02 23:00:00,15.8,74,11.1,0.0,0,0.0,13.8,353,1.681796938991032,-13.697136892650246
2023-03-03 00:00:00,15.7,75,11.2,0.0,5,0.0,13.7,355,1.1940336756429188,-13.647867363856914
2023-03-03 01:00:00,15.6,75,11.2,0.0,8,0.0,13.0,358,0.4536934571325107,-12.992080751248244
2023-03-03 02:00:00,15.3,77,11.3,0.0,19,0.0,12.2,2,-0.4257738597705118,-12.192568089632967
2023-03-03 03:00:00,15.5,75,11.1,0.0,27,0.0,11.9,3,-0.6227978792910317,-11.88369146357943
2023-03-03 04:00:00,15.4,76,11.1,0.0,37,0.0,11.2,4,-0.7812725059342034,-11.17271736291003
2023-03-03 05:00:00,15.3,76,11.1,0.0,40,0.0,10.5,4,-0.7324429743133156,-10.474422527728152
2023-03-03 06:00:00,15.2,77,11.2,0.0,38,0.0,9.1,9,-1.4235536318661008,-8.987963899415753
2023-03-03 07:00:00,15.4,77,11.4,0.0,30,6.0,9.6,13,-2.159530121701104,-9.35395262193826
2023-03-03 08:00:00,17.1,69,11.3,0.0,21,87.0,8.2,15,-2.12231616984067,-7.92059177557036
2023-03-03 09:00:00,18.7,63,11.4,0.0,17,190.0,3.6,6,-0.3763024677635525,-3.580278823325784
2023-03-03 10:00:00,20.0,58,11.6,0.0,14,340.0,2.5,278,2.475670171853926,-0.3479327524001636
2023-03-03 11:00:00,20.9,56,11.9,0.0,9,364.0,7.2,288,6.847606917325106,-2.22492235949962
2023-03-03 12:00:00,21.6,54,11.8,0.0,4,501.0,9.7,309,7.538315826132616,-6.104407793183423
2023-03-03 13:00:00,22.0,53,11.8,0.0,5,475.0,11.0,319,7.216649318895581,-8.30180538245049
2023-03-03 14:00:00,22.1,52,11.9,0.0,6,514.0,12.4,324,7.28853712842667,-10.031810730249347
2023-03-03 15:00:00,21.7,54,12.1,0.0,4,462.0,14.8,331,7.175182379645786,-12.94437166566306
2023-03-03 16:00:00,21.0,55,11.8,0.0,12,249.0,17.3,343,5.058030491703353,-16.544072278160513
2023-03-03 17:00:00,20.2,57,11.3,0.0,19,151.0,17.3,355,1.507794349534489,-17.234168276987198
2023-03-03 18:00:00,19.0,60,11.2,0.0,9,32.0,13.3,360,3.25756048573196e-15,-13.3
2023-03-03 19:00:00,18.1,65,11.4,0.0,14,0.0,11.9,3,-0.6227978792910317,-11.88369146357943
2023-03-03 20:00:00,17.3,69,11.7,0.0,9,0.0,10.1,6,-1.0557374790033,-10.04467114321956
2023-03-03 21:00:00,16.9,73,12.0,0.0,15,0.0,8.7,7,-1.060263287624783,-8.6351515192795
2023-03-03 22:00:00,16.5,76,12.3,0.0,15,0.0,8.7,5,-0.7582549619046259,-8.666893873398186
2023-03-03 23:00:00,16.2,78,12.4,0.0,8,0.0,8.0,10,-1.3891854213354426,-7.878462024097664
2023-03-04 00:00:00,16.0,80,12.5,0.0,10,0.0,8.2,23,-3.2039952536120446,-7.54813979831001
2023-03-04 01:00:00,15.7,82,12.7,0.0,5,0.0,7.0,35,-4.015035054457322,-5.734064310022943
2023-03-04 02:00:00,15.1,87,12.9,0.0,6,0.0,5.9,14,-1.4273391840380396,-5.72474478502838
2023-03-04 03:00:00,15.1,88,13.1,0.0,6,0.0,6.8,3,-0.3558845024520181,-6.790680836331102
2023-03-04 04:00:00,14.9,88,13.0,0.0,6,0.0,8.3,2,-0.2896658226307581,-8.294943864258496
2023-03-04 05:00:00,15.1,88,13.0,0.0,15,0.0,8.3,5,-0.7233926648055629,-8.268415994161488
2023-03-04 06:00:00,15.3,87,13.2,0.0,23,0.0,8.6,358,0.300135671641507,-8.594761112364223
2023-03-04 07:00:00,15.8,85,13.3,0.0,27,7.0,10.4,358,0.3629547657060086,-10.393664600998596
2023-03-04 08:00:00,17.4,76,13.2,0.0,21,87.0,11.9,358,0.4153040107597598,-11.89275084152724
2023-03-04 09:00:00,18.6,69,12.8,0.0,24,209.0,13.7,358,0.4781231048242612,-13.691654330161612
2023-03-04 10:00:00,19.8,63,12.5,0.0,14,387.0,13.7,358,0.4781231048242612,-13.691654330161612
2023-03-04 11:00:00,20.6,58,12.1,0.0,8,422.0,13.5,351,2.1118652780431195,-13.33379259803436
2023-03-04 12:00:00,21.5,54,11.9,0.0,5,553.0,14.0,348,2.9107636714486382,-13.694066410273278
2023-03-04 13:00:00,22.2,52,11.9,0.0,3,638.0,16.0,346,3.870750329594686,-15.524731620415944
2023-03-04 14:00:00,22.5,51,11.8,0.0,6,634.0,19.4,350,3.368774646738449,-19.105270408436837
2023-03-04 15:00:00,22.3,52,11.8,0.0,2,474.0,22.1,354,2.310079038215141,-21.97893388763884
2023-03-04 16:00:00,21.9,51,11.4,0.0,2,362.0,23.4,358,0.8166482228385192,-23.38574535224684
2023-03-04 17:00:00,20.9,54,11.2,0.0,1,189.0,22.0,360,5.388445916248354e-15,-22.0
2023-03-04 18:00:00,19.4,59,11.3,0.0,1,39.0,17.3,360,4.237277925049842e-15,-17.3
2023-03-04 19:00:00,18.1,66,11.6,0.0,1,0.0,16.6,1,-0.2897099468589063,-16.597471739596095
2023-03-04 20:00:00,17.4,70,11.9,0.0,2,0.0,14.8,1,-0.258295615271796,-14.79774588831459
2023-03-04 21:00:00,16.9,73,12.1,0.0,6,0.0,11.9,3,-0.6227978792910317,-11.88369146357943
2023-03-04 22:00:00,16.6,76,12.3,0.0,8,0.0,9.8,6,-1.024378940023004,-9.746314574609078
2023-03-04 23:00:00,16.4,77,12.4,0.0,12,0.0,10.1,2,-0.3524849166952598,-10.093847352892867
2023-03-05 00:00:00,16.0,80,12.6,0.0,11,0.0,9.0,5,-0.7844016847289235,-8.96575228282571
2023-03-05 01:00:00,15.7,82,12.7,0.0,8,0.0,9.0,2,-0.3140954703225087,-8.994517443171862
2023-03-05 02:00:00,15.4,84,12.7,0.0,11,0.0,9.4,4,-0.6557108531947778,-9.377102072442348
2023-03-05 03:00:00,15.7,82,12.6,0.0,6,0.0,10.8,4,-0.7533699164365533,-10.773691742806102
2023-03-05 04:00:00,15.6,82,12.6,0.0,8,0.0,10.1,4,-0.7045403848156655,-10.075396907624224
2023-03-05 05:00:00,15.5,81,12.3,0.0,8,0.0,11.3,7,-1.3771235804781663,-11.215771513546938
2023-03-05 06:00:00,15.4,80,12.0,0.0,7,0.0,11.6,7,-1.4136843834997106,-11.513535359039334
2023-03-05 07:00:00,15.5,79,11.9,0.0,5,11.0,11.7,11,-2.232465245905574,-11.485038046337667
2023-03-05 08:00:00,17.5,69,11.8,0.0,8,131.0,10.3,12,-2.141490415422921,-10.0749202875582
2023-03-05 09:00:00,19.6,59,11.3,0.0,8,339.0,9.4,4,-0.6557108531947778,-9.377102072442348
2023-03-05 10:00:00,21.1,52,11.0,0.0,7,532.0,8.4,353,1.0237024846032368,-8.337387673787106
2023-03-05 11:00:00,22.3,46,10.2,0.0,1,680.0,9.4,342,2.9047597471245084,-8.939931253174443
2023-03-05 12:00:00,23.1,41,9.2,0.0,1,755.0,10.7,340,3.659615533584654,-10.05471104240922
2023-03-05 13:00:00,23.4,39,8.5,0.0,1,749.0,13.6,338,5.094649670456408,-12.609700422108308
2023-03-05 14:00:00,23.5,37,8.1,0.0,1,682.0,16.3,342,5.036977008311648,-15.502221215611003
2023-03-05 15:00:00,23.0,39,8.2,0.0,0,584.0,18.0,348,3.7424104347196776,-17.6066568132085
2023-03-05 16:00:00,22.3,40,8.0,0.0,0,417.0,19.2,354,2.006946494738945,-19.094820391070847
2023-03-05 17:00:00,21.3,43,8.3,0.0,0,208.0,18.4,357,0.9629815948701764,-18.37478343948416
2023-03-05 18:00:00,19.7,50,9.1,0.0,0,43.0,14.0,359,0.2443336901219698,-13.997867732189478
2023-03-05 19:00:00,18.1,59,10.0,0.0,0,0.0,13.4,355,1.1678869528186215,-13.34900895442939
2023-03-05 20:00:00,17.1,67,10.9,0.0,0,0.0,12.3,357,0.6437322617882157,-12.283143277481258
2023-03-05 21:00:00,16.6,72,11.5,0.0,0,0.0,10.4,358,0.3629547657060086,-10.393664600998596
2023-03-05 22:00:00,16.2,76,12.0,0.0,0,0.0,9.4,358,0.3280552690035077,-9.3942737739795
2023-03-05 23:00:00,15.9,79,12.3,0.0,2,0.0,9.4,2,-0.3280552690035091,-9.3942737739795
2023-03-06 00:00:00,15.7,81,12.4,0.0,4,0.0,10.5,8,-1.4613175600806871,-10.397814721786489
2023-03-06 01:00:00,15.1,84,12.4,0.0,4,0.0,8.2,15,-2.12231616984067,-7.92059177557036
2023-03-06 02:00:00,14.5,88,12.4,0.0,7,0.0,6.3,31,-3.244739871933341,-5.400153994423308
2023-03-06 03:00:00,14.0,87,11.8,0.0,4,0.0,5.2,34,-2.907803098047884,-4.3109953772862175
2023-03-06 04:00:00,13.8,86,11.5,0.0,5,0.0,5.0,30,-2.5,-4.330127018922194
2023-03-06 05:00:00,13.0,88,11.0,0.0,6,0.0,6.1,28,-2.863776532993933,-5.385980316439454
2023-03-06 06:00:00,12.3,91,10.9,0.0,3,0.0,5.0,21,-1.7918397477265011,-4.667902132486009
2023-03-06 07:00:00,12.6,94,11.6,0.0,4,10.0,4.4,35,-2.523736319944603,-3.604268994871564
2023-03-06 08:00:00,16.8,75,12.3,0.0,4,118.0,3.9,22,-1.460965714322057,-3.616017032810471
2023-03-06 09:00:00,19.6,59,11.4,0.0,2,311.0,1.4,360,3.4290110376125893e-16,-1.4
2023-03-06 10:00:00,21.0,56,12.0,0.0,3,537.0,3.0,256,2.910887178827989,0.7257656867990033
2023-03-06 11:00:00,22.1,50,11.1,0.0,3,666.0,5.4,262,5.34744757120448,0.7515347451843555
2023-03-06 12:00:00,22.8,46,10.7,0.0,4,719.0,7.2,267,7.190132650232932,0.376818884949199
2023-03-06 13:00:00,23.2,45,10.6,0.0,8,738.0,9.1,279,8.987963899415753,-1.423553631866099
2023-03-06 14:00:00,23.0,46,10.7,0.0,23,583.0,11.6,300,10.045894683899489,-5.800000000000001
2023-03-06 15:00:00,22.5,45,10.1,0.0,23,435.0,13.0,321,8.181165083647892,-10.102897498940616
2023-03-06 16:00:00,22.1,45,9.6,0.0,12,333.0,13.0,336,5.287576359985402,-11.876090949353811
2023-03-06 17:00:00,21.4,46,9.2,0.0,10,181.0,12.4,350,2.153237403069937,-12.21161613735138
2023-03-06 18:00:00,20.3,50,9.4,0.0,8,41.0,9.7,358,0.3385251180142579,-9.694091022085228
2023-03-06 19:00:00,19.0,56,9.9,0.0,2,0.0,10.0,13,-2.24951054343865,-9.743700647852352
2023-03-06 20:00:00,18.1,62,10.6,0.0,2,0.0,9.1,18,-2.8120546488120213,-8.654614298285896
2023-03-06 21:00:00,17.2,68,11.3,0.0,9,0.0,9.7,22,-3.6336839561343455,-8.993683389297837
2023-03-06 22:00:00,16.3,75,11.9,0.0,12,0.0,7.9,16,-2.177535110954293,-7.59396739791272
2023-03-06 23:00:00,15.6,80,12.2,0.0,17,0.0,6.4,16,-1.7640790772287946,-6.1520748540052415
2023-03-07 00:00:00,15.2,84,12.5,0.0,23,0.0,5.2,25,-2.197614961051637,-4.71280049259058
2023-03-07 01:00:00,14.8,87,12.6,0.0,29,0.0,4.8,27,-2.1791543987498243,-4.276831316104166
2023-03-07 02:00:00,14.4,89,12.6,0.0,39,0.0,4.9,36,-2.8801477362331185,-3.9641832724372423
2023-03-07 03:00:00,15.0,84,12.4,0.0,37,0.0,4.8,48,-3.5670951622914924,-3.2118269105225195
2023-03-07 04:00:00,15.1,82,12.1,0.0,43,0.0,4.4,55,-3.604268994871564,-2.523736319944603
2023-03-07 05:00:00,15.5,80,12.0,0.0,44,0.0,4.3,48,-3.195522749552795,-2.8772616073430903
2023-03-07 06:00:00,15.6,78,11.8,0.0,39,0.0,6.7,36,-3.93816119035957,-5.420413862312148
2023-03-07 07:00:00,15.7,78,11.8,0.0,29,11.0,4.1,38,-2.524212048835199,-3.2308440897875594
2023-03-07 08:00:00,18.6,65,11.9,0.0,30,116.0,3.3,41,-2.1649947956686737,-2.490541614735148
2023-03-07 09:00:00,20.5,56,11.5,0.0,18,286.0,2.3,342,0.7107390870623796,-2.1874299874788528
2023-03-07 10:00:00,21.4,55,12.0,0.0,11,420.0,5.2,295,4.71280049259058,-2.197614961051638
2023-03-07 11:00:00,22.4,52,12.2,0.0,11,550.0,7.2,288,6.847606917325106,-2.22492235949962
2023-03-07 12:00:00,23.0,50,12.1,0.0,3,655.0,8.6,292,7.973781149274371,-3.2216167033768426
2023-03-07 13:00:00,23.0,51,12.3,0.0,2,558.0,9.7,301,8.31452281681049,-4.995869326627525
2023-03-07 14:00:00,23.1,51,12.3,0.0,1,560.0,11.8,308,9.298526892559318,-7.264805408842771
2023-03-07 15:00:00,23.0,47,11.0,0.0,1,462.0,13.7,315,9.687362902255703,-9.687362902255698
2023-03-07 16:00:00,22.5,47,10.7,0.0,1,325.0,13.6,323,8.184684314867857,-10.861442936643185
2023-03-07 17:00:00,21.8,49,10.5,0.0,2,156.0,11.8,329,6.077449283938643,-10.114574148284923
2023-03-07 18:00:00,20.7,53,10.7,0.0,2,35.0,8.0,342,2.4721359549995814,-7.608452130361228
2023-03-07 19:00:00,19.6,58,11.0,0.0,2,0.0,8.0,350,1.389185421335443,-7.878462024097664
2023-03-07 20:00:00,18.7,63,11.4,0.0,0,0.0,9.1,353,1.1090110249868397,-9.03216997993603
2023-03-07 21:00:00,17.7,68,11.8,0.0,1,0.0,9.0,2,-0.3140954703225087,-8.994517443171862
2023-03-07 22:00:00,16.6,76,12.3,0.0,1,0.0,9.1,9,-1.4235536318661008,-8.987963899415753
2023-03-07 23:00:00,15.9,79,12.4,0.0,0,0.0,7.1,15,-1.8376152202278973,-6.858073366652385
2023-03-08 00:00:00,16.3,78,12.5,0.0,0,0.0,4.5,14,-1.0886485301985047,-4.366330768241984
2023-03-08 01:00:00,16.7,78,12.7,0.0,0,0.0,2.3,18,-0.710739087062379,-2.1874299874788528
2023-03-08 02:00:00,17.1,76,12.9,0.0,0,0.0,1.5,45,-1.0606601717798214,-1.0606601717798214
2023-03-08 03:00:00,16.8,77,12.7,0.0,0,0.0,2.3,72,-2.1874299874788528,-0.7107390870623791
2023-03-08 04:00:00,16.4,79,12.7,0.0,0,0.0,2.2,90,-2.2,-1.3471114790620887e-16
2023-03-08 05:00:00,15.9,81,12.6,0.0,0,0.0,2.2,81,-2.1729143493093037,-0.344155823088508
2023-03-08 06:00:00,15.5,82,12.5,0.0,1,0.0,3.9,56,-3.233246532964663,-2.1808523235359125
2023-03-08 07:00:00,15.8,82,12.6,0.0,0,13.0,3.1,45,-2.192031021678297,-2.192031021678297
2023-03-08 08:00:00,18.3,76,13.9,0.0,0,131.0,2.6,16,-0.7166571251241979,-2.499280409439629
2023-03-08 09:00:00,21.1,56,11.9,0.0,0,322.0,2.9,330,1.4500000000000013,-2.5114736709748717
2023-03-08 10:00:00,22.1,54,12.5,0.0,0,485.0,6.4,297,5.702441754805555,-2.9055391983330985
2023-03-08 11:00:00,22.9,53,12.8,0.0,0,596.0,8.9,297,7.929958065276476,-4.040515447681965
2023-03-08 12:00:00,23.4,51,12.8,0.0,0,684.0,10.0,300,8.660254037844386,-5.000000000000001
2023-03-08 13:00:00,23.7,50,12.6,0.0,0,709.0,11.4,305,9.338333304894508,-6.538771374401925
2023-03-08 14:00:00,23.7,49,12.2,0.0,0,565.0,11.8,308,9.298526892559318,-7.264805408842771
2023-03-08 15:00:00,23.5,46,11.2,0.0,0,470.0,12.5,311,9.433869752784654,-8.200737862381338
2023-03-08 16:00:00,23.1,46,10.9,0.0,0,361.0,12.5,316,8.68322963073747,-8.991747504233135
2023-03-08 17:00:00,22.5,46,10.4,0.0,0,191.0,11.3,323,6.800509761618146,-9.02458126353441
2023-03-08 18:00:00,21.4,50,10.4,0.0,2,42.0,7.7,332,3.61493103345136,-6.798696465013738
2023-03-08 19:00:00,20.1,55,10.7,0.0,0,0.0,7.5,343,2.1927877854205287,-7.172285669722765
2023-03-08 20:00:00,19.1,59,11.0,0.0,0,0.0,7.6,357,0.3977532674463772,-7.589584464134761
2023-03-08 21:00:00,17.8,67,11.7,0.0,0,0.0,6.8,3,-0.3558845024520181,-6.790680836331102
2023-03-08 22:00:00,17.2,71,11.9,0.0,0,0.0,4.7,356,0.3278554265973905,-4.688551036221174
2023-03-08 23:00:00,17.5,71,12.1,0.0,0,0.0,2.6,326,1.453901549023941,-2.1554976886431088
2023-03-09 00:00:00,18.0,69,12.3,0.0,0,0.0,2.7,293,2.4853631043215896,-1.0549740469210385
2023-03-09 01:00:00,18.0,70,12.5,0.0,0,0.0,3.2,297,2.8512208774027776,-1.4527695991665492
2023-03-09 02:00:00,17.8,72,12.6,0.0,0,0.0,3.8,311,2.8678964048465345,-2.4930243101639267
2023-03-09 03:00:00,18.0,70,12.5,0.0,2,0.0,4.0,350,0.6945927106677215,-3.939231012048832
2023-03-09 04:00:00,17.7,72,12.5,0.0,2,0.0,4.6,18,-1.421478174124758,-4.3748599749577055
2023-03-09 05:00:00,16.4,76,12.3,0.0,3,0.0,5.8,4,-0.4045875477159267,-5.78587149150698
2023-03-09 06:00:00,15.5,80,12.1,0.0,2,0.0,8.0,350,1.389185421335443,-7.878462024097664
2023-03-09 07:00:00,15.7,81,12.4,0.0,2,13.0,5.4,4,-0.3766849582182766,-5.386845871403051
2023-03-09 08:00:00,19.0,68,13.0,0.0,1,142.0,5.4,360,1.3226185430791417e-15,-5.4
2023-03-09 09:00:00,21.7,45,9.3,0.0,3,325.0,5.7,342,1.7613968679372018,-5.421022142882375
2023-03-09 10:00:00,23.0,38,7.8,0.0,5,528.0,7.9,321,4.971631089293719,-6.139453095510068
2023-03-09 11:00:00,24.0,34,7.3,0.0,7,621.0,12.0,321,7.5518446925980545,-9.325751537483647
2023-03-09 12:00:00,24.6,34,7.6,0.0,4,754.0,15.7,328,8.319732448461318,-13.314355109655883
2023-03-09 13:00:00,24.8,34,7.9,0.0,2,764.0,17.4,336,7.077217589518922,-15.895690962981256
2023-03-09 14:00:00,24.8,34,8.0,0.0,0,677.0,18.7,341,6.08812448834883,-17.681197363707224
2023-03-09 15:00:00,24.8,32,7.2,0.0,1,586.0,19.3,346,4.66909258507359,-18.726707517126734
2023-03-09 16:00:00,24.4,33,7.1,0.0,1,420.0,19.8,350,3.438233917805222,-19.49919350964172
2023-03-09 17:00:00,23.5,36,7.4,0.0,0,215.0,18.6,350,3.229856104604905,-18.31742420602707
2023-03-09 18:00:00,21.9,42,8.4,0.0,0,46.0,15.0,350,2.604722665003956,-14.77211629518312
2023-03-09 19:00:00,20.4,49,9.5,0.0,0,0.0,14.1,356,0.9835662797921716,-14.06565310866352
2023-03-09 20:00:00,19.5,56,10.4,0.0,0,0.0,12.2,358,0.42577385977051,-12.192568089632967
2023-03-09 21:00:00,18.9,60,10.9,0.0,0,0.0,10.1,360,2.473786534277653e-15,-10.1
2023-03-09 22:00:00,18.4,64,11.5,0.0,0,0.0,10.1,354,1.0557374790032994,-10.04467114321956
2023-03-09 23:00:00,18.0,68,12.1,0.0,0,0.0,10.1,356,0.7045403848156689,-10.075396907624224
2023-03-10 00:00:00,17.5,73,12.6,0.0,0,0.0,8.3,5,-0.7233926648055629,-8.268415994161488
2023-03-10 01:00:00,17.0,78,13.1,0.0,0,0.0,6.8,18,-2.1013155617496424,-6.467184310807044
2023-03-10 02:00:00,16.4,83,13.4,0.0,0,0.0,6.7,16,-1.8467702839738944,-6.440453362786736
2023-03-10 03:00:00,15.6,86,13.3,0.0,0,0.0,7.2,18,-2.224922359499621,-6.8476069173251055
2023-03-10 04:00:00,15.3,88,13.4,0.0,0,0.0,7.6,25,-3.211898789229316,-6.887939181478539
2023-03-10 05:00:00,15.1,90,13.4,0.0,0,0.0,6.8,32,-3.603450996785793,-5.766727053863696
2023-03-10 06:00:00,14.8,91,13.3,0.0,0,0.0,6.4,38,-3.940233442084213,-5.043268823083021
2023-03-10 07:00:00,15.0,90,13.5,0.0,0,16.0,4.3,48,-3.195522749552795,-2.8772616073430903
2023-03-10 08:00:00,19.1,74,14.4,0.0,0,136.0,2.5,45,-1.7677669529663689,-1.7677669529663689
2023-03-10 09:00:00,21.9,56,12.8,0.0,0,353.0,1.9,202,0.7117525274902328,1.761649323676896
2023-03-10 10:00:00,23.6,53,13.3,0.0,0,553.0,5.6,225,3.9597979746446654,3.9597979746446663
2023-03-10 11:00:00,24.7,49,13.3,0.0,0,690.0,8.3,236,6.881011852206848,4.6413010988071965
2023-03-10 12:00:00,25.4,47,13.4,0.0,0,767.0,10.7,237,8.973775077016038,5.827637674660788
2023-03-10 13:00:00,25.6,47,13.6,0.0,2,753.0,12.6,243,11.226682204773434,5.720280296718291
2023-03-10 14:00:00,25.4,49,13.9,0.0,4,657.0,13.9,253,13.29263610788619,4.063966695646045
2023-03-10 15:00:00,25.0,50,14.0,0.0,20,544.0,14.4,269,14.397806810252035,0.2513146526968823
2023-03-10 16:00:00,24.3,53,14.1,0.0,11,375.0,13.0,284,12.613844441587956,-3.1449846427956767
2023-03-10 17:00:00,23.6,55,14.1,0.0,20,192.0,11.2,303,9.393110360988752,-6.099957192168298
2023-03-10 18:00:00,22.6,59,14.1,0.0,20,40.0,7.5,325,4.3018232726328485,-6.143640332167437
2023-03-10 19:00:00,21.7,62,14.0,0.0,39,0.0,7.7,349,1.469229264399394,-7.558529312547013
2023-03-10 20:00:00,20.9,66,14.2,0.0,56,0.0,5.8,356,0.4045875477159287,-5.78587149150698
2023-03-10 21:00:00,20.0,71,14.5,0.0,53,0.0,4.0,10,-0.6945927106677213,-3.939231012048832
2023-03-10 22:00:00,20.2,68,14.2,0.0,69,0.0,3.6,45,-2.5455844122715714,-2.5455844122715714
2023-03-10 23:00:00,19.9,70,14.3,0.0,61,0.0,3.1,69,-2.8940993221413254,-1.1109406435904312
2023-03-11 00:00:00,18.5,78,14.6,0.0,59,0.0,1.8,79,-1.7669289302057951,-0.3434561916777808
2023-03-11 01:00:00,18.0,81,14.7,0.0,62,0.0,0.8,27,-0.3631923997916374,-0.7128052193506944
2023-03-11 02:00:00,17.5,84,14.8,0.0,43,0.0,2.5,82,-2.475670171853926,-0.3479327524001636
2023-03-11 03:00:00,19.1,76,14.8,0.0,53,0.0,4.0,95,-3.984778792366982,0.3486229709906329
2023-03-11 04:00:00,18.8,77,14.7,0.0,39,0.0,4.6,108,-4.374859974957706,1.4214781741247575
2023-03-11 05:00:00,19.2,75,14.7,0.0,32,0.0,4.3,114,-3.928245467863184,1.748967565225941
2023-03-11 06:00:00,17.6,82,14.5,0.0,44,0.0,5.9,133,-4.314986839553106,4.023790324368741
2023-03-11 07:00:00,18.5,79,14.8,0.0,42,13.0,4.1,135,-2.899137802864845,2.8991378028648445
2023-03-11 08:00:00,21.3,65,14.5,0.0,43,94.0,2.4,153,-1.0895771993749124,2.138415658052083
2023-03-11 09:00:00,22.8,57,13.8,0.0,37,233.0,2.8,220,1.7998053071223097,2.1449244407331385
2023-03-11 10:00:00,23.6,54,13.8,0.0,35,284.0,3.4,252,3.233592155403522,1.0506577808748216
2023-03-11 11:00:00,24.6,51,13.9,0.0,7,514.0,6.5,267,6.49109197590473,0.340183715579138
2023-03-11 12:00:00,25.3,50,14.1,0.0,3,662.0,9.4,277,9.329933825428428,-1.1455718280083882
2023-03-11 13:00:00,25.5,50,14.4,0.0,1,695.0,11.4,283,11.107818738551682,-2.5644420195200603
2023-03-11 14:00:00,25.5,51,14.6,0.0,1,671.0,13.3,289,12.575397055470916,-4.33005645428018
2023-03-11 15:00:00,24.6,53,14.3,0.0,15,489.0,12.9,288,12.268629060207482,-3.98631922743682
2023-03-11 16:00:00,24.0,54,14.2,0.0,18,321.0,10.9,287,10.423721839997087,-3.18685158147783
2023-03-11 17:00:00,23.1,57,14.1,0.0,3,133.0,8.7,287,8.319851376878407,-2.543633831087809
2023-03-11 18:00:00,22.2,61,14.3,0.0,4,40.0,6.4,297,5.702441754805555,-2.9055391983330985
2023-03-11 19:00:00,21.2,66,14.7,0.0,5,0.0,8.0,306,6.4721359549995805,-4.702282018339783
2023-03-11 20:00:00,20.2,74,15.4,0.0,2,0.0,6.6,311,4.981083229470297,-4.3299895913373465
2023-03-11 21:00:00,20.4,72,15.1,0.0,1,0.0,5.5,328,2.9145559532826275,-4.664264528860342
2023-03-11 22:00:00,19.9,74,15.2,0.0,2,0.0,5.5,349,1.0494494745709957,-5.398949508962152
2023-03-11 23:00:00,19.6,77,15.4,0.0,2,0.0,2.9,7,-0.3534210958749276,-2.8783838397598336
2023-03-12 00:00:00,19.4,78,15.5,0.0,2,0.0,2.8,320,1.7998053071223108,-2.1449244407331376
2023-03-12 01:00:00,17.6,86,15.2,0.0,15,0.0,3.8,311,2.8678964048465345,-2.4930243101639267
2023-03-12 02:00:00,16.3,91,14.8,0.0,5,0.0,3.6,307,2.875087836170255,-2.1665340833473725
2023-03-12 03:00:00,18.9,84,16.0,0.0,7,0.0,4.3,312,3.1955227495527967,-2.877261607343089
2023-03-12 04:00:00,17.9,87,15.7,0.0,5,0.0,5.1,315,3.606244584051393,-3.606244584051391
2023-03-12 05:00:00,17.6,88,15.6,0.0,1,0.0,5.5,328,2.9145559532826275,-4.664264528860342
2023-03-12 06:00:00,17.0,89,15.2,0.0,6,0.0,6.6,319,4.329989591337348,-4.981083229470294
2023-03-12 07:00:00,17.7,88,15.7,0.0,2,14.0,4.6,342,1.4214781741247593,-4.3748599749577055
2023-03-12 08:00:00,20.5,74,15.7,0.0,3,133.0,2.1,31,-1.0815799573111138,-1.800051331474436
2023-03-12 09:00:00,22.1,62,14.5,0.0,5,302.0,2.5,315,1.767766952966369,-1.7677669529663684
2023-03-12 10:00:00,23.4,54,13.6,0.0,10,512.0,5.2,304,4.310995377286217,-2.9078030980478844
2023-03-12 11:00:00,24.4,48,12.7,0.0,9,639.0,7.1,315,5.020458146424488,-5.0204581464244855
2023-03-12 12:00:00,25.2,45,12.6,0.0,8,732.0,10.0,319,6.560590289905074,-7.547095802227719
2023-03-12 13:00:00,25.6,45,13.0,0.0,4,695.0,13.0,326,7.269507745119705,-10.777488443215544
2023-03-12 14:00:00,25.7,47,13.5,0.0,5,612.0,15.1,335,6.381535752284558,-13.685247584253416
2023-03-12 15:00:00,25.4,49,13.8,0.0,6,460.0,16.7,341,5.4369881794345165,-15.79016021250859
2023-03-12 16:00:00,25.0,51,14.1,0.0,7,311.0,18.2,346,4.402978499913955,-17.659382218223136
2023-03-12 17:00:00,24.2,55,14.5,0.0,5,177.0,18.6,351,2.9096810497482983,-18.37100313506956
2023-03-12 18:00:00,23.2,60,15.0,0.0,6,39.0,16.3,352,2.268521545649074,-16.141369520487597
2023-03-12 19:00:00,22.1,67,15.7,0.0,12,0.0,18.0,359,0.3141433158711041,-17.997258512815044
2023-03-12 20:00:00,21.0,74,16.1,0.0,17,0.0,21.0,7,-2.559256211508097,-20.84346918446776
2023-03-12 21:00:00,20.0,78,15.9,0.0,25,0.0,20.7,7,-2.5226954084865527,-20.545705338975363
2023-03-12 22:00:00,19.2,81,15.8,0.0,20,0.0,18.9,8,-2.6303716081452366,-18.71606649921568
2023-03-12 23:00:00,18.5,83,15.5,0.0,25,0.0,19.2,5,-1.6733902607550368,-19.126938203361515
2023-03-13 00:00:00,18.1,82,14.9,0.0,28,0.0,20.4,8,-2.839131259585334,-20.201468602328035
2023-03-13 01:00:00,17.7,81,14.3,0.0,24,0.0,21.0,5,-1.8302705977008216,-20.920088659926652
2023-03-13 02:00:00,17.2,79,13.6,0.0,27,0.0,22.9,7,-2.790807963977877,-22.72930687258627
2023-03-13 03:00:00,17.4,75,13.0,0.0,20,0.0,20.8,9,-3.253836872836802,-20.543917484378863
2023-03-13 04:00:00,17.2,75,12.7,0.0,25,0.0,19.5,4,-1.3602512380104437,-19.45249898006657
2023-03-13 05:00:00,17.2,74,12.5,0.0,31,0.0,19.8,3,-1.036251933610288,-19.772864788140563
2023-03-13 06:00:00,17.1,73,12.3,0.0,23,0.0,17.3,4,-1.2067869957733677,-17.257858069494958
2023-03-13 07:00:00,17.4,71,12.1,0.0,32,14.0,16.9,2,-0.5898014942722664,-16.889704976622717
2023-03-13 08:00:00,18.7,65,12.0,0.0,40,124.0,17.3,1,-0.3019266313650047,-17.29736512620557
2023-03-13 09:00:00,20.4,59,12.2,0.0,42,315.0,17.3,355,1.507794349534489,-17.234168276987198
2023-03-13 10:00:00,21.6,56,12.5,0.0,42,426.0,16.6,356,1.1579574641524857,-16.55956323431308
2023-03-13 11:00:00,22.5,54,12.8,0.0,61,494.0,11.9,360,2.9146593819707008e-15,-11.9
2023-03-13 12:00:00,23.3,53,13.1,0.0,70,518.0,10.3,348,2.141490415422927,-10.074920287558198
2023-03-13 13:00:00,23.9,51,13.1,0.0,59,580.0,11.2,339,4.013721034907368,-10.456100776768656
2023-03-13 14:00:00,24.0,51,13.1,0.0,61,526.0,11.4,342,3.522793735874404,-10.84204428576475
2023-03-13 15:00:00,23.1,54,13.2,0.0,76,339.0,14.1,347,3.171809866248501,-13.738617913471815
2023-03-13 16:00:00,22.6,55,13.0,0.0,67,276.0,15.0,350,2.604722665003956,-14.77211629518312
2023-03-13 17:00:00,21.7,57,12.8,0.0,77,85.0,14.9,353,1.8158532167366936,-14.7889376594557
2023-03-13 18:00:00,20.6,61,12.7,0.0,81,25.0,17.4,354,1.8187952608571691,-17.304680979407955
2023-03-13 19:00:00,19.5,64,12.6,0.0,78,0.0,19.5,358,0.6805401856987661,-19.488121126872368
2023-03-13 20:00:00,18.8,67,12.5,0.0,72,0.0,18.0,1,-0.3141433158711032,-17.997258512815044
2023-03-13 21:00:00,18.4,68,12.5,0.0,57,0.0,15.5,360,3.796405077356795e-15,-15.5
2023-03-13 22:00:00,18.2,69,12.5,0.0,68,0.0,14.4,356,1.0044932219154092,-14.36492232374147
2023-03-13 23:00:00,18.0,71,12.6,0.0,81,0.0,14.1,356,0.9835662797921716,-14.06565310866352
2023-03-14 00:00:00,17.9,72,12.7,0.0,97,0.0,12.6,360,3.08610993385133e-15,-12.6
2023-03-14 01:00:00,17.7,73,12.8,0.0,99,0.0,9.7,4,-0.6766377953180154,-9.676371287520292
2023-03-14 02:00:00,17.5,75,13.0,0.0,93,0.0,8.3,358,0.2896658226307568,-8.294943864258496
2023-03-14 03:00:00,17.9,73,13.0,0.0,100,0.0,8.6,358,0.300135671641507,-8.594761112364223
2023-03-14 04:00:00,17.9,74,13.1,0.0,92,0.0,9.4,358,0.3280552690035077,-9.3942737739795
2023-03-14 05:00:00,17.8,75,13.2,0.0,98,0.0,9.0,2,-0.3140954703225087,-8.994517443171862
2023-03-14 06:00:00,17.8,75,13.3,0.0,76,0.0,8.7,7,-1.060263287624783,-8.6351515192795
2023-03-14 07:00:00,17.9,76,13.5,0.0,82,7.0,8.2,15,-2.12231616984067,-7.92059177557036
2023-03-14 08:00:00,19.1,69,13.3,0.0,69,52.0,6.2,7,-0.7555899291119144,-6.153786140176196
2023-03-14 09:00:00,20.5,64,13.6,0.0,83,206.0,4.3,336,1.7489675652259409,-3.928245467863184
2023-03-14 10:00:00,21.8,61,14.0,0.0,78,356.0,4.4,305,3.604268994871564,-2.523736319944603
2023-03-14 11:00:00,22.8,57,13.9,0.0,51,463.0,5.0,291,4.667902132486009,-1.791839747726502
2023-03-14 12:00:00,23.5,54,13.7,0.0,38,467.0,6.8,295,6.162892951849218,-2.8738041798367573
2023-03-14 13:00:00,23.9,52,13.5,0.0,34,507.0,8.5,306,6.876644452187055,-4.99617464448602
2023-03-14 14:00:00,24.0,52,13.5,0.0,33,449.0,9.7,321,6.104407793183427,-7.538315826132614
2023-03-14 15:00:00,23.8,53,13.7,0.0,33,398.0,9.8,324,5.76029547246624,-7.928366544874485
2023-03-14 16:00:00,23.4,55,13.8,0.0,34,310.0,9.8,324,5.76029547246624,-7.928366544874485
2023-03-14 17:00:00,22.8,58,14.0,0.0,30,130.0,10.1,333,4.585304047369425,-8.999165894302514
2023-03-14 18:00:00,21.8,62,14.2,0.0,11,34.0,8.7,343,2.543633831087813,-8.319851376878407
2023-03-14 19:00:00,20.7,68,14.5,0.0,4,0.0,8.4,350,1.4586446924022154,-8.272385125302547
2023-03-14 20:00:00,19.8,72,14.7,0.0,8,0.0,7.9,357,0.4134540543192605,-7.889173324561134
2023-03-14 21:00:00,19.2,76,14.9,0.0,9,0.0,8.4,353,1.0237024846032368,-8.337387673787106
2023-03-14 22:00:00,18.8,79,15.1,0.0,9,0.0,7.3,349,1.392905666248776,-7.165878439167947
2023-03-14 23:00:00,18.4,82,15.3,0.0,10,0.0,6.8,342,2.101315561749644,-6.467184310807044
2023-03-15 00:00:00,18.1,85,15.6,0.0,17,0.0,7.3,340,2.4967470462773806,-6.859756131737131
2023-03-15 01:00:00,17.9,87,15.7,0.0,18,0.0,7.8,347,1.7546182238821495,-7.600086505324834
2023-03-15 02:00:00,17.6,89,15.7,0.0,27,0.0,7.3,351,1.141971594793687,-7.210124886344505
2023-03-15 03:00:00,17.3,91,15.9,0.0,33,0.0,8.3,355,0.7233926648055641,-8.268415994161488
2023-03-15 04:00:00,17.2,92,15.9,0.0,28,0.0,7.9,357,0.4134540543192605,-7.889173324561134
2023-03-15 05:00:00,17.2,91,15.8,0.0,28,0.0,8.6,358,0.300135671641507,-8.594761112364223
2023-03-15 06:00:00,17.2,91,15.8,0.0,14,0.0,10.1,356,0.7045403848156689,-10.075396907624224
2023-03-15 07:00:00,17.7,90,16.0,0.0,6,15.0,12.3,353,1.498992923883311,-12.208317665188265
2023-03-15 08:00:00,20.3,77,16.1,0.0,15,139.0,12.2,358,0.42577385977051,-12.192568089632967
2023-03-15 09:00:00,22.0,66,15.3,0.0,10,306.0,12.2,358,0.42577385977051,-12.192568089632967
2023-03-15 10:00:00,23.5,59,15.2,0.0,10,510.0,12.6,347,2.834383284732703,-12.277062816293965
2023-03-15 11:00:00,24.7,55,15.0,0.0,10,667.0,13.4,336,5.450271017215722,-12.241509132410853
2023-03-15 12:00:00,25.5,52,14.9,0.0,11,755.0,14.3,332,6.713443347838239,-12.626150577882656
2023-03-15 13:00:00,25.9,51,14.9,0.0,11,762.0,14.9,328,7.895797037074755,-12.635916632730746
2023-03-15 14:00:00,25.9,51,14.8,0.0,13,690.0,15.4,327,8.387441139231415,-12.91552674635953
2023-03-15 15:00:00,25.4,51,14.6,0.0,14,563.0,15.5,329,7.983090161105845,-13.286093160882738
2023-03-15 16:00:00,24.8,52,14.4,0.0,17,332.0,15.3,333,6.946054646015069,-13.632399820082028
2023-03-15 17:00:00,23.9,55,14.2,0.0,9,170.0,14.5,341,4.720738239628772,-13.710019346190094
2023-03-15 18:00:00,22.8,59,14.4,0.0,7,40.0,12.0,351,1.8772135804827728,-11.852260087141651
2023-03-15 19:00:00,21.6,65,14.7,0.0,0,0.0,10.8,358,0.3769145643870089,-10.793420931806237
2023-03-15 20:00:00,20.8,70,15.1,0.0,0,0.0,10.1,360,2.473786534277653e-15,-10.1
2023-03-15 21:00:00,20.3,75,15.6,0.0,0,0.0,9.7,360,2.3758147903458648e-15,-9.7
2023-03-15 22:00:00,19.8,78,16.0,0.0,0,0.0,9.0,360,2.204364238465236e-15,-9.0
2023-03-15 23:00:00,19.4,81,16.2,0.0,0,0.0,8.3,5,-0.7233926648055629,-8.268415994161488
2023-03-16 00:00:00,19.1,83,16.2,0.0,0,0.0,8.0,10,-1.3891854213354426,-7.878462024097664
2023-03-16 01:00:00,18.7,85,16.2,0.0,0,0.0,8.6,15,-2.2258437878816784,-8.306962106085987
2023-03-16 02:00:00,17.9,89,16.1,0.0,0,0.0,8.3,18,-2.564841053312064,-7.893769085249775
2023-03-16 03:00:00,17.2,92,15.9,0.0,0,0.0,8.0,18,-2.472135954999579,-7.608452130361228
2023-03-16 04:00:00,17.1,92,15.7,0.0,0,0.0,8.0,18,-2.472135954999579,-7.608452130361228
2023-03-16 05:00:00,17.1,92,15.8,0.0,0,0.0,7.6,8,-1.0577155672964973,-7.5260373224359345
2023-03-16 06:00:00,17.4,93,16.2,0.0,7,0.0,9.4,353,1.145571828008384,-9.329933825428428
2023-03-16 07:00:00,18.2,92,16.8,0.0,17,21.0,11.5,360,2.8166876380389124e-15,-11.5
2023-03-16 08:00:00,20.6,80,17.0,0.0,24,152.0,10.4,360,2.547265342226495e-15,-10.4
2023-03-16 09:00:00,23.2,63,15.9,0.0,24,349.0,8.7,355,0.7582549619046273,-8.666893873398186
2023-03-16 10:00:00,24.9,53,14.8,0.0,27,542.0,7.6,335,3.211898789229314,-6.88793918147854
2023-03-16 11:00:00,26.2,49,14.5,0.0,28,665.0,9.2,321,5.789747597658508,-7.149742845404129
2023-03-16 12:00:00,26.8,48,14.8,0.0,28,705.0,11.2,318,7.49426279121921,-8.323222045346816
2023-03-16 13:00:00,27.1,48,15.1,0.0,33,747.0,13.4,324,7.876322380719143,-10.840827724624294
2023-03-16 14:00:00,27.0,49,15.3,0.0,34,592.0,15.3,333,6.946054646015069,-13.632399820082028
2023-03-16 15:00:00,26.3,52,15.7,0.0,32,452.0,15.9,342,4.913370210561668,-15.12179860909294
2023-03-16 16:00:00,25.7,55,15.9,0.0,37,282.0,15.2,346,3.6772128131149513,-14.748495039395143
2023-03-16 17:00:00,24.9,58,16.2,0.0,32,162.0,15.5,348,3.222631207675278,-15.161287811373986
2023-03-16 18:00:00,23.8,64,16.7,0.0,35,32.0,14.6,351,2.283943189587374,-14.42024977268901
2023-03-16 19:00:00,22.7,71,17.2,0.0,38,0.0,14.5,353,1.7671054793746348,-14.39191919879917
2023-03-16 20:00:00,21.9,78,17.8,0.0,37,0.0,14.4,356,1.0044932219154092,-14.36492232374147
2023-03-16 21:00:00,21.3,84,18.4,0.0,40,0.0,13.8,353,1.681796938991032,-13.697136892650246
2023-03-16 22:00:00,20.8,88,18.8,0.0,38,0.0,14.9,352,2.0736792043049816,-14.754994224249398
2023-03-16 23:00:00,20.6,91,19.0,0.0,44,0.0,14.1,357,0.7379369830255156,-14.080676440039491
2023-03-17 00:00:00,20.3,93,19.1,0.0,48,0.0,13.3,357,0.6960682180311601,-13.281772812235833
2023-03-17 01:00:00,20.1,94,19.1,0.0,41,0.0,13.7,355,1.1940336756429188,-13.647867363856914
2023-03-17 02:00:00,19.9,95,19.1,0.0,31,0.0,13.0,358,0.4536934571325107,-12.992080751248244
2023-03-17 03:00:00,19.4,96,18.8,0.0,34,0.0,11.5,358,0.4013442120787595,-11.4929945107196
2023-03-17 04:00:00,19.5,95,18.7,0.0,30,0.0,10.4,360,2.547265342226495e-15,-10.4
2023-03-17 05:00:00,19.2,96,18.5,0.0,34,0.0,9.4,358,0.3280552690035077,-9.3942737739795
2023-03-17 06:00:00,19.1,95,18.3,0.0,32,0.0,10.9,352,1.5169868004647182,-10.793921949283115
2023-03-17 07:00:00,19.4,93,18.2,0.0,19,19.0,12.2,358,0.42577385977051,-12.192568089632967
2023-03-17 08:00:00,21.1,83,18.1,0.0,14,148.0,12.3,3,-0.6437322617882092,-12.283143277481258
2023-03-17 09:00:00,22.9,72,17.5,0.0,10,321.0,9.7,360,2.3758147903458648e-15,-9.7
2023-03-17 10:00:00,24.4,62,16.7,0.0,11,467.0,7.3,340,2.4967470462773806,-6.859756131737131
2023-03-17 11:00:00,25.6,56,16.2,0.0,9,698.0,9.2,318,6.156001578501495,-6.836932394392027
2023-03-17 12:00:00,26.0,55,16.2,0.0,5,623.0,11.5,316,7.988571260278472,-8.272407703894485
2023-03-17 13:00:00,26.4,54,16.4,0.0,23,659.0,12.8,320,8.227681403987708,-9.805368871922916
2023-03-17 14:00:00,26.4,55,16.5,0.0,28,562.0,14.5,325,8.316858327090173,-11.87770464219038
2023-03-17 15:00:00,25.6,58,16.8,0.0,32,326.0,15.8,333,7.1730498958848425,-14.077903082176212
2023-03-17 16:00:00,25.0,60,16.7,0.0,28,216.0,16.1,340,5.506524307543265,-15.129051194653128
2023-03-17 17:00:00,24.3,62,16.6,0.0,23,138.0,14.7,343,4.297864059424236,-14.05767991265662
2023-03-17 18:00:00,23.3,66,16.6,0.0,24,39.0,13.7,346,3.3143299697154496,-13.293051449981151
2023-03-17 19:00:00,22.3,71,16.8,0.0,23,0.0,13.3,347,2.991849022773409,-12.959121861643627
2023-03-17 20:00:00,21.5,75,16.9,0.0,53,0.0,12.7,352,1.7674983821928365,-12.57640447301794
2023-03-17 21:00:00,21.0,78,17.1,0.0,72,0.0,11.2,354,1.1707187885977182,-11.13864522812466
2023-03-17 22:00:00,20.5,81,17.2,0.0,79,0.0,9.4,2,-0.3280552690035091,-9.3942737739795
2023-03-17 23:00:00,20.3,83,17.2,0.0,62,0.0,7.6,3,-0.3977532674463731,-7.589584464134761
2023-03-18 00:00:00,19.7,91,18.2,0.0,7,0.0,2.2,81,-2.1729143493093037,-0.344155823088508
2023-03-18 01:00:00,19.8,90,18.1,0.0,10,0.0,2.5,8,-0.3479327524001636,-2.475670171853926
2023-03-18 02:00:00,19.9,91,18.3,0.0,12,0.0,9.4,7,-1.1455718280083864,-9.329933825428428
2023-03-18 03:00:00,19.9,92,18.6,0.0,14,0.0,14.2,16,-3.914050452601388,-13.649916082324127
2023-03-18 04:00:00,19.8,93,18.6,0.0,38,0.0,16.9,24,-6.873849267981023,-15.438918234159951
2023-03-18 05:00:00,19.5,94,18.5,0.0,34,0.0,18.7,23,-7.3066721027494195,-17.213440759560633
2023-03-18 06:00:00,19.3,92,18.0,0.0,26,0.0,18.4,17,-5.379639366898356,-17.59600750971985
2023-03-18 07:00:00,19.3,91,17.7,0.0,20,2.0,17.8,18,-5.500502499874064,-16.928805990053732
2023-03-18 08:00:00,19.9,87,17.7,0.0,10,60.8,19.0,15,-4.917561856947894,-18.352590699492296
2023-03-18 09:00:00,21.2,82,18.0,0.0,5,241.6,17.8,8,-2.477281197089165,-17.626771623599954
2023-03-18 10:00:00,22.4,79,18.5,0.0,3,405.6,18.5,353,2.254582852995224,-18.36210380536446
2023-03-18 11:00:00,22.3,83,19.3,0.0,4,522.0,26.8,345,6.936350408747555,-25.886812144547036
2023-03-18 12:00:00,22.2,83,19.1,0.0,14,538.0,30.6,348,6.3620977390234525,-29.931316582454453
2023-03-18 13:00:00,22.1,82,18.9,0.0,25,480.7,31.9,349,6.086806952511775,-31.31390715198048
2023-03-18 14:00:00,21.9,81,18.5,0.0,30,388.2,32.7,349,6.239454148813011,-32.09920889873862
2023-03-18 15:00:00,21.6,81,18.2,0.0,39,285.8,32.9,350,5.713025045242009,-32.40017507410164
2023-03-18 16:00:00,21.1,81,17.7,0.0,30,175.5,32.6,354,3.4076279025255016,-32.42141378900571
2023-03-18 17:00:00,20.6,82,17.4,0.0,34,80.3,31.3,359,0.5462603214869755,-31.29523285839505
2023-03-18 18:00:00,19.9,83,16.9,0.0,33,9.8,29.3,5,-2.5536632625063844,-29.188504654088145
2023-03-18 19:00:00,19.4,85,16.8,0.0,41,0.0,28.1,10,-4.879513792440743,-27.673097859643047
2023-03-18 20:00:00,19.1,85,16.5,0.0,37,0.0,26.2,13,-5.893717623809263,-25.528495697373163
2023-03-18 21:00:00,18.9,85,16.3,0.0,40,0.0,24.6,15,-6.36694850952201,-23.76177532671108
2023-03-18 22:00:00,18.6,86,16.2,0.0,42,0.0,23.3,17,-6.812260720039767,-22.281900813938726
2023-03-18 23:00:00,18.3,86,15.9,0.0,48,0.0,22.3,18,-6.891078974561327,-21.208560313381923
2023-03-19 00:00:00,18.1,87,15.9,0.0,46,0.0,21.9,17,-6.402940333427935,-20.943074155590477
2023-03-19 01:00:00,17.9,87,15.7,0.0,45,0.0,22.1,19,-7.195056213503164,-20.895960520744904
2023-03-19 02:00:00,17.6,88,15.6,0.0,44,0.0,20.5,22,-7.679435165026196,-19.00726901861914
2023-03-19 03:00:00,17.5,88,15.4,0.0,36,0.0,20.6,19,-6.706703981817428,-19.477682657345927
2023-03-19 04:00:00,17.4,89,15.6,0.0,40,0.0,20.2,19,-6.576476720034565,-19.0994752271062
2023-03-19 05:00:00,17.5,89,15.6,0.0,45,0.0,21.2,18,-6.551160280748885,-20.162398145457253
2023-03-19 06:00:00,17.5,89,15.6,0.0,46,0.0,21.2,21,-7.597400530360366,-19.79190504174068
2023-03-19 07:00:00,17.7,89,15.8,0.0,45,1.0,20.7,23,-8.088134359727967,-19.054450466465514
2023-03-19 08:00:00,19.0,89,17.1,0.0,28,36.7,19.8,25,-8.36784158246585,-17.94489418332567
2023-03-19 09:00:00,20.2,84,17.4,0.0,25,154.6,17.8,21,-6.378949501906345,-16.61773159165019
2023-03-19 10:00:00,21.6,80,18.0,0.0,26,278.6,15.6,15,-4.037577103599324,-15.068442890109464
2023-03-19 11:00:00,22.7,76,18.2,0.0,23,367.7,14.5,353,1.7671054793746348,-14.39191919879917
2023-03-19 12:00:00,22.9,80,19.2,0.0,21,424.4,21.3,344,5.871075678902078,-20.47487412348619
2023-03-19 13:00:00,22.8,81,19.4,0.0,18,452.6,25.4,344,7.001188837751773,-24.416047076833294
2023-03-19 14:00:00,22.7,81,19.3,0.0,13,443.7,27.5,346,6.652852128990866,-26.683132472589904
2023-03-19 15:00:00,22.6,82,19.3,0.0,8,399.0,29.4,349,5.609784464070413,-28.85983919336132
2023-03-19 16:00:00,22.3,82,19.0,0.0,6,284.1,30.1,352,4.189110338897983,-29.807068869121267
2023-03-19 17:00:00,21.8,82,18.6,0.0,7,128.1,28.8,359,0.5026293053937666,-28.79561362050407
2023-03-19 18:00:00,21.1,83,18.1,0.0,9,16.8,26.2,8,-3.6463352451537134,-25.945023401029143
2023-03-19 19:00:00,20.4,86,18.0,0.0,14,0.0,23.3,13,-5.241359566212055,-22.70282250949598
2023-03-19 20:00:00,20.1,88,18.0,0.0,16,0.0,20.7,13,-4.656486824918005,-20.169460341054368
2023-03-19 21:00:00,19.9,89,18.0,0.0,21,0.0,18.2,14,-4.402978499913953,-17.659382218223136
2023-03-19 22:00:00,19.7,90,18.0,0.0,27,0.0,16.1,20,-5.506524307543267,-15.129051194653128
2023-03-19 23:00:00,19.5,91,18.0,0.0,31,0.0,14.2,24,-5.775660331676363,-12.972345498524932
2023-03-20 00:00:00,19.4,92,18.0,0.0,30,0.0,14.0,26,-6.137196055047084,-12.58311664818834
2023-03-20 01:00:00,19.2,93,18.0,0.0,35,0.0,13.7,27,-6.21966984643179,-12.20678938138064
2023-03-20 02:00:00,19.1,94,18.1,0.0,42,0.0,14.2,27,-6.446665096301564,-12.652292643474825
2023-03-20 03:00:00,19.1,94,18.1,0.0,60,0.0,14.2,27,-6.446665096301564,-12.652292643474825
2023-03-20 04:00:00,19.2,94,18.2,0.0,60,0.0,15.0,24,-6.101049646137003,-13.703181864639014
2023-03-20 05:00:00,19.2,94,18.2,0.0,41,0.0,14.7,28,-6.901231972952594,-12.979329615026224
2023-03-20 06:00:00,19.0,94,18.0,0.0,31,0.0,14.2,30,-7.099999999999999,-12.29756073373903
2023-03-20 07:00:00,19.2,93,18.0,0.0,42,1.4,13.4,31,-6.901510203794726,-11.486041829408306
2023-03-20 08:00:00,19.9,90,18.2,0.0,33,33.5,10.6,35,-6.079910225321088,-8.683011669463312
2023-03-20 09:00:00,21.2,86,18.7,0.0,31,107.4,10.0,26,-4.383711467890774,-8.98794046299167
2023-03-20 10:00:00,22.3,82,19.0,0.0,30,202.4,7.9,357,0.4134540543192605,-7.889173324561134
2023-03-20 11:00:00,22.9,82,19.6,0.0,23,289.6,10.6,336,4.311408416603482,-9.68358185101157
2023-03-20 12:00:00,23.2,83,20.2,0.0,18,369.2,13.0,326,7.269507745119705,-10.777488443215544
2023-03-20 13:00:00,23.5,81,20.0,0.0,15,412.1,14.6,320,9.384699101423475,-11.184248869537075
2023-03-20 14:00:00,23.5,81,20.0,0.0,13,402.2,16.5,316,11.46186311257346,-11.86910670558774
2023-03-20 15:00:00,23.3,82,20.0,0.0,16,347.6,17.3,318,11.575959490008248,-12.85640548075892
2023-03-20 16:00:00,22.9,82,19.7,0.0,22,213.9,15.2,324,8.934335834845594,-12.2970583144992
2023-03-20 17:00:00,22.6,83,19.5,0.0,15,95.4,12.1,333,5.493285046848518,-10.781178942679247
2023-03-20 18:00:00,22.1,84,19.3,0.0,19,14.2,8.3,342,2.564841053312066,-7.893769085249775
2023-03-20 19:00:00,21.9,85,19.3,0.0,28,-0.0,5.8,338,2.172718241812292,-5.377666356487366
2023-03-20 20:00:00,21.9,86,19.4,0.0,37,0.0,5.4,352,0.7515347451843558,-5.34744757120448
2023-03-20 21:00:00,21.8,87,19.5,0.0,50,0.0,6.4,16,-1.7640790772287946,-6.1520748540052415
2023-03-20 22:00:00,21.4,89,19.5,0.0,44,0.0,6.9,47,-5.046340541172277,-4.70578868443124
2023-03-20 23:00:00,21.1,91,19.5,0.0,29,0.0,4.8,138,-3.21182691052252,3.567095162291492
2023-03-21 00:00:00,20.6,92,19.3,0.0,50,0.0,6.1,130,-4.6728711030257655,3.92100441908789
2023-03-21 01:00:00,20.4,93,19.2,0.0,59,0.0,6.7,126,-5.420413862312148,3.9381611903595695
2023-03-21 02:00:00,20.5,93,19.3,0.0,47,0.0,2.9,150,-1.4499999999999995,2.511473670974872
2023-03-21 03:00:00,20.1,95,19.3,0.0,21,0.0,4.6,129,-3.5748714227020666,2.894873798829251
2023-03-21 04:00:00,19.6,96,18.9,0.0,24,0.0,6.6,139,-4.329989591337347,4.981083229470295
2023-03-21 05:00:00,20.1,95,19.2,0.0,29,0.0,3.9,158,-1.4609657143220578,3.616017032810471
2023-03-21 06:00:00,19.3,95,18.4,0.0,33,0.0,6.6,99,-6.518743047927909,1.0324674692655234
2023-03-21 07:00:00,19.8,89,17.9,0.0,59,2.6,6.8,108,-6.467184310807045,2.101315561749642
2023-03-21 08:00:00,21.2,82,18.0,0.0,18,52.5,4.5,166,-1.0886485301985047,4.366330768241984
2023-03-21 09:00:00,23.6,75,18.9,0.0,12,206.0,6.5,180,-7.960204194457795e-16,6.5
2023-03-21 10:00:00,25.0,75,20.2,0.0,15,349.6,8.9,207,4.040515447681965,7.929958065276475
2023-03-21 11:00:00,25.0,79,21.1,0.0,27,437.9,13.0,242,11.47831870716605,6.10313031621658
2023-03-21 12:00:00,25.1,82,21.8,0.0,13,465.0,15.8,243,14.077903082176212,7.173049895884842
2023-03-21 13:00:00,25.5,81,22.0,0.0,9,500.5,16.9,241,14.781073050655788,8.193282582163091
2023-03-21 14:00:00,25.2,83,22.1,0.0,22,453.8,17.9,248,16.59659099674549,6.705458022144829
2023-03-21 15:00:00,25.2,82,21.9,0.0,21,334.9,18.6,238,15.773694588509525,9.856498314737614
2023-03-21 16:00:00,24.9,83,21.8,0.0,25,210.5,18.6,229,14.03759819214356,12.202697939223436
2023-03-21 17:00:00,24.3,86,21.8,0.0,29,81.6,17.6,227,12.8718251484974,12.003171137099976
2023-03-21 18:00:00,23.9,88,21.7,0.0,23,10.3,14.4,212,7.630837404958149,12.211892584652537
2023-03-21 19:00:00,23.5,91,21.9,0.0,18,-0.0,12.6,200,4.309453805903425,11.840127021902443
2023-03-21 20:00:00,23.4,92,22.0,0.0,19,0.0,13.2,227,9.65386886137305,9.00237835282498
2023-03-21 21:00:00,23.4,91,21.8,0.0,14,0.0,14.0,226,10.070757204741115,9.725217186425962
2023-03-21 22:00:00,22.9,93,21.7,0.0,16,0.0,10.7,200,3.6596155335846543,10.05471104240922
2023-03-21 23:00:00,22.3,96,21.6,0.0,21,0.0,8.3,175,-0.7233926648055631,8.268415994161488
2023-03-22 00:00:00,21.7,98,21.4,0.0,20,0.0,8.9,159,-3.189474750953172,8.308865795825096
2023-03-22 01:00:00,21.4,98,21.1,0.0,22,0.0,8.9,166,-2.153104870837043,8.635631963856369
2023-03-22 02:00:00,21.2,98,20.9,0.0,70,0.0,8.9,194,2.153104870837041,8.635631963856369
2023-03-22 03:00:00,22.0,94,20.9,0.0,20,0.0,11.5,212,6.094071538681855,9.7525531057989
2023-03-22 04:00:00,21.5,96,20.8,0.0,35,0.0,9.7,182,0.3385251180142587,9.694091022085228
2023-03-22 05:00:00,21.3,96,20.6,0.0,29,0.0,9.5,169,-1.8126854560771768,9.325458242752807
2023-03-22 06:00:00,20.6,98,20.3,0.0,93,0.0,9.0,143,-5.416335208368434,7.187719590425637
2023-03-22 07:00:00,20.7,99,20.5,0.0,95,2.8,6.9,171,-1.0793978087775935,6.81504955010645
2023-03-22 08:00:00,22.7,92,21.3,0.0,20,54.9,9.7,225,6.85893577750951,6.858935777509512
2023-03-22 09:00:00,24.2,84,21.3,0.0,25,192.1,15.3,229,11.547056577408412,10.03770314355476
2023-03-22 10:00:00,24.7,81,21.2,0.0,27,315.3,17.9,232,14.105392489560325,11.02034040832928
2023-03-22 11:00:00,25.0,80,21.3,0.0,15,430.4,19.6,234,15.85673308974897,11.520590944932476
2023-03-22 12:00:00,25.2,79,21.2,0.0,53,557.0,21.4,226,15.393871727247134,14.86568912782254
2023-03-22 13:00:00,25.3,78,21.1,0.0,42,508.2,23.0,220,14.784115022790402,17.619022191736494
2023-03-22 14:00:00,25.5,78,21.3,0.0,3,534.2,24.8,220,15.941132720226172,18.99790218935065
2023-03-22 15:00:00,25.3,78,21.2,0.0,1,488.6,24.8,221,16.270263918964574,18.71679758952475
2023-03-22 16:00:00,25.1,78,20.9,0.0,1,335.7,23.2,222,15.52383006752551,17.240959951075546
2023-03-22 17:00:00,24.6,80,20.9,0.0,0,154.0,20.3,217,12.216844969986582,16.212300853960045
2023-03-22 18:00:00,23.9,83,20.8,0.0,10,23.4,17.8,212,9.432562903351046,15.095256111584384
2023-03-22 19:00:00,23.4,85,20.7,0.0,17,-0.1,14.8,203,5.782820701641249,13.623471831096118
2023-03-22 20:00:00,23.1,88,21.0,0.0,0,0.0,13.1,217,7.883776803291833,10.462125181619536
2023-03-22 21:00:00,22.5,91,20.9,0.0,0,0.0,9.7,184,0.6766377953180152,9.676371287520292
2023-03-22 22:00:00,21.3,95,20.5,0.0,2,0.0,10.5,149,-5.407899786555571,9.000256657372178
2023-03-22 23:00:00,20.8,97,20.3,0.0,1,0.0,10.5,153,-4.766900247265242,9.355568503977862
2023-03-23 00:00:00,20.4,98,20.0,0.0,28,0.0,11.3,153,-5.13009264705688,10.068373723328556
2023-03-23 01:00:00,19.9,99,19.7,0.0,91,0.0,10.6,162,-3.275580140374444,10.081199072728626
2023-03-23 02:00:00,19.9,99,19.7,0.0,98,0.0,9.8,174,-1.0243789400230068,9.746314574609078
2023-03-23 03:00:00,19.4,99,19.2,0.0,97,0.0,9.1,173,-1.1090110249868426,9.032169979936029
2023-03-23 04:00:00,19.1,99,18.9,0.0,100,0.0,8.7,156,-3.5386087947594635,7.947845481490626
2023-03-23 05:00:00,19.0,99,18.8,0.0,100,0.0,8.6,158,-3.221616703376845,7.97378114927437
2023-03-23 06:00:00,18.9,99,18.7,0.0,100,0.0,8.1,148,-4.29234604028896,6.86918957886705
2023-03-23 07:00:00,19.0,99,18.8,0.0,100,0.4,7.5,145,-4.301823272632845,6.14364033216744
2023-03-23 08:00:00,19.6,99,19.4,0.0,100,16.5,6.9,141,-4.342310698243878,5.3623071340531
2023-03-23 09:00:00,20.7,99,20.5,0.0,100,70.7,7.2,162,-2.224922359499622,6.8476069173251055
2023-03-23 10:00:00,23.8,87,21.5,0.0,26,358.4,10.7,200,3.6596155335846543,10.05471104240922
2023-03-23 11:00:00,25.0,81,21.5,0.0,6,565.2,19.9,212,10.545393358240776,16.87615711351288
2023-03-23 12:00:00,25.9,76,21.3,0.0,27,629.3,21.0,211,10.815799573111136,18.00051331474436
2023-03-23 13:00:00,26.1,76,21.5,0.0,37,612.6,23.0,215,13.192258036074062,18.84049701864681
2023-03-23 14:00:00,25.8,76,21.2,0.0,20,594.3,23.9,226,17.19222122809376,16.602335053970034
2023-03-23 15:00:00,25.6,77,21.2,0.0,26,501.7,22.2,227,16.236052175945584,15.140363593387468
2023-03-23 16:00:00,25.4,76,20.8,0.0,25,340.2,20.4,224,14.171030757363544,14.67453192690848
2023-03-23 17:00:00,24.8,77,20.4,0.0,15,155.7,15.3,231,11.89033321029165,9.62860198306252
2023-03-23 18:00:00,24.2,81,20.7,0.0,10,23.8,11.3,243,10.068373723328556,5.13009264705688
2023-03-23 19:00:00,23.5,85,20.8,0.0,2,-0.1,7.8,257,7.600086505324834,1.7546182238821488
2023-03-23 20:00:00,23.2,86,20.7,0.0,0,0.0,3.5,336,1.4235782507653003,-3.1974091017491038
2023-03-23 21:00:00,21.7,94,20.6,0.0,0,0.0,7.6,87,-7.589584464134761,-0.3977532674463741
2023-03-23 22:00:00,21.1,95,20.2,0.0,12,0.0,5.4,138,-3.613305274337835,4.012982057577928
2023-03-23 23:00:00,21.5,94,20.5,0.0,10,0.0,4.4,189,0.6883116461770152,4.345828698618607
2023-03-24 00:00:00,20.4,98,20.1,0.0,20,0.0,11.0,128,-8.668118289673941,6.772276228582241
2023-03-24 01:00:00,19.5,99,19.3,0.0,95,0.0,10.2,141,-6.419067988708341,7.926888806861102
2023-03-24 02:00:00,19.1,99,18.9,0.0,100,0.0,9.2,138,-6.156001578501496,6.836932394392026
2023-03-24 03:00:00,18.8,99,18.6,0.0,100,0.0,8.2,119,-7.171881598543045,3.975438886019963
2023-03-24 04:00:00,18.6,99,18.4,0.0,100,0.0,8.4,110,-7.893418014601631,2.872969203935617
2023-03-24 05:00:00,18.6,99,18.4,0.0,100,0.0,8.7,95,-8.666893873398186,0.7582549619046266
2023-03-24 06:00:00,17.9,99,17.7,0.0,100,0.0,8.4,110,-7.893418014601631,2.872969203935617
2023-03-24 07:00:00,17.7,99,17.5,0.0,100,3.4,6.8,115,-6.16289295184922,2.8738041798367555
2023-03-24 08:00:00,19.3,96,18.6,0.0,47,62.1,5.2,115,-4.71280049259058,2.1976149610516367
2023-03-24 09:00:00,23.0,83,20.0,0.0,21,248.1,4.3,66,-3.928245467863184,-1.7489675652259409
2023-03-24 10:00:00,24.6,80,20.9,0.0,32,328.1,2.5,8,-0.3479327524001636,-2.475670171853926
2023-03-24 11:00:00,26.0,81,22.4,0.0,29,332.9,7.2,297,6.41524697415625,-3.268731598124736
2023-03-24 12:00:00,25.7,78,21.5,0.0,27,370.4,12.3,277,12.20831766518826,-1.4989929238833166
2023-03-24 13:00:00,25.8,79,21.8,0.0,26,430.2,15.3,289,14.46643420666955,-4.981192763194492
2023-03-24 14:00:00,25.6,80,21.9,0.0,27,392.1,15.9,309,12.356620787165836,-10.006194217692416
2023-03-24 15:00:00,25.4,81,21.9,0.0,27,306.0,14.3,321,8.999281592012682,-11.11318724883468
2023-03-24 16:00:00,24.6,86,22.1,0.0,36,226.2,17.8,339,6.378949501906354,-16.617731591650188
2023-03-24 17:00:00,24.1,86,21.6,0.0,31,113.6,18.1,347,4.071614083623963,-17.63609817261276
2023-03-24 18:00:00,23.7,86,21.2,0.0,28,17.5,19.5,356,1.36025123801045,-19.45249898006657
2023-03-24 19:00:00,23.3,86,20.8,0.0,27,-0.1,16.9,11,-3.224672021863607,-16.58949940026552
2023-03-24 20:00:00,22.9,87,20.6,0.0,39,0.0,15.6,19,-5.078863209531645,-14.750089779349343
2023-03-24 21:00:00,22.5,88,20.4,0.0,51,0.0,13.7,45,-9.687362902255702,-9.687362902255702
2023-03-24 22:00:00,22.2,88,20.1,0.0,41,0.0,10.5,49,-7.924450592339106,-6.888619804400326
2023-03-24 23:00:00,21.9,90,20.1,0.0,26,0.0,7.1,41,-4.658019105832602,-5.358438019581681
2023-03-25 00:00:00,21.5,92,20.1,0.0,27,0.0,5.1,45,-3.606244584051392,-3.606244584051392
2023-03-25 01:00:00,21.5,92,20.1,0.0,35,0.0,6.7,16,-1.8467702839738944,-6.440453362786736
2023-03-25 02:00:00,21.9,91,20.4,0.0,39,0.0,11.0,349,2.098898949141992,-10.797899017924305
2023-03-25 03:00:00,22.1,92,20.7,0.0,30,0.0,15.9,5,-1.3857763096877649,-15.839495699658755
2023-03-25 04:00:00,21.3,94,20.3,0.0,32,0.0,17.4,24,-7.077217589518923,-15.895690962981254
2023-03-25 05:00:00,20.7,96,20.0,0.0,29,0.0,17.1,30,-8.549999999999999,-14.809034404713904
2023-03-25 06:00:00,20.4,96,19.7,0.0,25,0.0,16.7,25,-7.05772497106968,-15.135340043512054
2023-03-25 07:00:00,20.6,94,19.6,0.0,22,5.3,16.9,27,-7.672439445598339,-15.058010258783415
2023-03-25 08:00:00,21.5,90,19.7,0.0,27,70.7,18.3,22,-6.85530065951119,-16.967464538572212
2023-03-25 09:00:00,22.7,86,20.2,0.0,24,178.7,17.0,17,-4.970318980286525,-16.2571808513716
2023-03-25 10:00:00,23.9,82,20.6,0.0,18,276.1,15.2,5,-1.324767289764404,-15.142159410994532
2023-03-25 11:00:00,24.6,82,21.3,0.0,14,378.4,16.9,348,3.5137075748201414,-16.530694452401313
2023-03-25 12:00:00,24.5,84,21.6,0.0,12,472.1,22.8,342,7.045587471748807,-21.6840885715295
2023-03-25 13:00:00,24.3,85,21.6,0.0,12,510.5,24.4,341,7.943862968754623,-23.07065324462333
2023-03-25 14:00:00,24.0,85,21.3,0.0,17,447.9,27.4,341,8.920567432126093,-25.90720897142128
2023-03-25 15:00:00,23.6,85,20.9,0.0,20,352.5,27.5,346,6.652852128990866,-26.683132472589904
2023-03-25 16:00:00,23.2,86,20.7,0.0,22,208.1,26.8,348,5.572033313915965,-26.21435569966599
2023-03-25 17:00:00,22.8,86,20.3,0.0,22,84.5,25.3,354,2.644570120671632,-25.16140395281732
2023-03-25 18:00:00,22.2,87,19.9,0.0,24,11.1,24.2,3,-1.266530141079241,-24.166834741060686
2023-03-25 19:00:00,21.6,88,19.5,0.0,38,-0.1,23.7,13,-5.3313399879496,-23.09257053541008
2023-03-25 20:00:00,21.2,89,19.3,0.0,40,0.0,22.2,20,-7.592847181829845,-20.861176181447167
2023-03-25 21:00:00,20.8,89,18.9,0.0,38,0.0,18.1,21,-6.486459886769936,-16.897805719599354
2023-03-25 22:00:00,20.7,89,18.8,0.0,38,0.0,15.8,17,-4.619472934619242,-15.10961514421596
2023-03-25 23:00:00,20.7,90,19.0,0.0,35,0.0,17.1,8,-2.379860026417119,-16.933583975480854
2023-03-26 00:00:00,20.6,92,19.3,0.0,44,0.0,18.9,14,-4.57232382683372,-18.33858922661633
2023-03-26 01:00:00,20.4,93,19.2,0.0,28,0.0,19.7,21,-7.059848606042415,-18.391534401994875
2023-03-26 02:00:00,20.1,93,18.9,0.0,37,0.0,20.7,23,-8.088134359727967,-19.054450466465514
2023-03-26 03:00:00,19.9,93,18.7,0.0,39,0.0,20.4,26,-8.942771394497179,-18.335398544503008
2023-03-26 04:00:00,19.7,92,18.4,0.0,53,0.0,19.5,25,-8.24105610394364,-17.673001847214675
2023-03-26 05:00:00,19.7,91,18.1,0.0,48,0.0,20.9,21,-7.489890145496775,-19.511830913791517
2023-03-26 06:00:00,19.5,91,17.9,0.0,50,0.0,21.4,20,-7.31923106716931,-20.10942208481844
2023-03-26 07:00:00,19.7,91,18.2,0.0,45,0.3,23.9,16,-6.587732804026279,-22.97415453292582
2023-03-26 08:00:00,19.9,90,18.2,0.0,76,8.6,23.6,21,-8.457483609269087,-22.03249806533396
2023-03-26 09:00:00,20.2,90,18.5,0.0,56,10.5,22.7,18,-7.014685772311306,-21.588982919899983
2023-03-26 10:00:00,20.8,87,18.6,0.0,66,15.9,23.0,20,-7.86646329649038,-21.612930278075893
2023-03-26 11:00:00,21.7,84,18.8,0.0,42,43.8,22.6,17,-6.607600526733852,-21.612487484764603
2023-03-26 12:00:00,22.3,81,18.8,0.0,42,49.2,22.3,14,-5.39485827187259,-21.63759469595472
2023-03-26 13:00:00,22.8,80,19.2,0.0,32,77.6,23.5,6,-2.4564188867898564,-23.37126454115442
2023-03-26 14:00:00,22.6,81,19.1,0.0,32,107.5,27.1,5,-2.3619206284615366,-26.996876318286304
2023-03-26 15:00:00,22.1,82,18.9,0.0,42,71.2,28.1,10,-4.879513792440743,-27.673097859643047
2023-03-26 16:00:00,21.6,82,18.3,0.0,44,39.2,29.0,11,-5.5334608659198,-28.467188319982256
2023-03-26 17:00:00,20.9,83,17.9,0.0,39,18.3,28.3,15,-7.324578976401337,-27.335700883980635
2023-03-26 18:00:00,20.2,84,17.4,0.0,43,1.8,26.2,16,-7.221698722405378,-25.18505643358396
2023-03-26 19:00:00,19.7,86,17.3,0.0,42,0.0,26.3,13,-5.91621272924365,-25.62593270385169
2023-03-26 20:00:00,19.3,87,17.0,0.0,39,0.0,25.7,15,-6.651649459134783,-24.824293735629052
2023-03-26 21:00:00,18.8,89,16.9,0.2,41,0.0,25.8,15,-6.677531363645035,-24.920886318257963
2023-03-26 22:00:00,18.7,89,16.8,0.0,40,0.0,25.9,14,-6.265777096031393,-25.130659310548307
2023-03-26 23:00:00,18.5,89,16.6,0.0,46,0.0,26.4,17,-7.71861300468025,-25.24644555742413
2023-03-27 00:00:00,18.2,90,16.5,0.1,57,0.0,24.9,20,-8.516301568809151,-23.39834625756912
2023-03-27 01:00:00,18.0,90,16.3,0.0,72,0.0,22.6,25,-9.551172715339808,-20.48255598702829
2023-03-27 02:00:00,17.9,92,16.5,0.1,75,0.0,21.7,21,-7.776584505133015,-20.25869525498928
2023-03-27 03:00:00,20.8,88,18.7,0.1,98,,26.9,20,-9.200341855460488,-25.27773149914093
2023-03-27 04:00:00,20.8,89,18.9,0.1,99,,25.7,20,-8.789917683469685,-24.150100354197846
2023-03-27 05:00:00,20.9,90,19.1,0.2,100,,24.8,19,-8.074090230537486,-23.44886067486306
2023-03-27 06:00:00,20.9,90,19.2,0.2,100,,24.0,19,-7.813635706971761,-22.692445814383603
2023-03-27 07:00:00,21.0,91,19.4,0.2,100,,23.6,19,-7.683408445188898,-22.31423838414388
2023-03-27 08:00:00,21.0,91,19.5,0.3,99,,23.8,18,-7.354604466123749,-22.63514508782465
2023-03-27 09:00:00,21.1,91,19.5,0.3,93,,24.8,17,-7.250818277123872,-23.71635794788328
2023-03-27 10:00:00,21.2,91,19.6,0.3,84,,26.6,16,-7.331953664732178,-25.569561111959285
2023-03-27 11:00:00,21.2,90,19.5,0.3,74,,29.1,15,-7.531634212483354,-28.10844154501189
2023-03-27 12:00:00,21.3,90,19.6,0.3,64,,31.3,15,-8.101036111708899,-30.23347836284784
2023-03-27 13:00:00,21.4,89,19.5,0.3,57,,33.1,14,-8.007614744349002,-32.11678853973549
2023-03-27 14:00:00,21.4,89,19.5,0.4,54,,34.7,15,-8.98102086505747,-33.51762617223067
2023-03-27 15:00:00,21.4,89,19.5,0.3,57,,35.6,16,-9.81268986708517,-34.22091637540415
2023-03-27 16:00:00,21.3,89,19.4,0.2,65,,35.9,18,-11.093710098060612,-34.14292893499601
2023-03-27 17:00:00,21.2,89,19.3,0.2,76,,35.9,19,-11.687896745011924,-33.94411686401547
2023-03-27 18:00:00,21.1,89,19.2,0.1,87,,35.9,21,-12.865409388676278,-33.51553731124954
2023-03-27 19:00:00,21.1,89,19.2,0.1,96,,35.8,22,-13.41091604428965,-33.19318199349099
2023-03-27 20:00:00,21.0,89,19.1,0.0,100,,35.8,24,-14.561171822113646,-32.70492738360511
2023-03-27 21:00:00,20.9,89,19.0,0.0,99,,35.8,24,-14.561171822113646,-32.70492738360511
2023-03-27 22:00:00,20.8,89,18.9,0.0,94,,35.8,24,-14.561171822113646,-32.70492738360511
2023-03-27 23:00:00,20.7,90,19.0,0.0,87,,35.5,24,-14.439150829190908,-32.43086374631233
2023-03-28 00:00:00,20.5,90,18.8,0.0,79,,35.2,23,-13.753735722822436,-32.4017708415259
2023-03-28 01:00:00,20.5,90,18.8,0.0,72,,35.0,22,-13.11123076955692,-32.45143490983756
2023-03-28 02:00:00,20.4,90,18.7,0.0,68,,34.6,22,-12.961388132190557,-32.08056136801085
2023-03-28 03:00:00,20.4,90,18.7,0.0,67,,34.1,22,-12.7740848354826,-31.61696944072745
2023-03-28 04:00:00,20.5,90,18.8,0.0,69,,33.2,21,-11.89781592490397,-30.9948701597071
2023-03-28 05:00:00,20.6,90,18.9,0.0,72,,32.4,21,-11.611121565267728,-30.24800581850933
2023-03-28 06:00:00,20.6,90,18.9,0.0,74,,31.8,20,-10.876240557756264,-29.882225340991887
2023-03-28 07:00:00,20.7,90,19.0,0.0,75,,31.2,19,-10.15772641906329,-29.500179558698687
2023-03-28 08:00:00,20.8,90,19.1,0.0,74,,31.1,18,-9.610428525060865,-29.57785765677928
2023-03-28 09:00:00,20.9,89,19.0,0.0,69,,31.6,17,-9.238945869238483,-30.21923028843192
2023-03-28 10:00:00,21.0,89,19.1,0.0,61,,32.5,15,-8.411618965831924,-31.39258935439472
2023-03-28 11:00:00,21.2,88,19.1,0.0,51,,34.1,13,-7.670830953125795,-33.22601920917652
2023-03-28 12:00:00,21.3,87,19.0,0.0,42,,35.3,12,-7.339282685866904,-34.528610305903335
2023-03-28 13:00:00,21.4,86,19.0,0.0,34,,36.3,11,-6.926366532168576,-35.6330667591502
2023-03-28 14:00:00,21.5,86,19.0,0.0,31,,36.6,11,-6.98360923078154,-35.927554914184505
2023-03-28 15:00:00,21.5,86,19.1,0.0,33,,36.4,11,-6.945447431706231,-35.73122947749497
2023-03-28 16:00:00,21.5,86,19.1,0.0,38,,36.1,12,-7.505612038521113,-35.31112838649039
2023-03-28 17:00:00,21.5,87,19.2,0.0,46,,35.2,14,-8.515650725108305,-34.15440956491508
2023-03-28 18:00:00,21.5,87,19.2,0.0,53,,34.0,15,-8.799847533485705,-32.84147809382832
2023-03-28 19:00:00,21.4,88,19.3,0.0,60,,33.1,17,-9.677503426322588,-31.653687422376475
2023-03-28 20:00:00,21.4,88,19.3,0.0,63,,32.2,18,-9.950347218873308,-30.624019824703947
2023-03-28 21:00:00,21.4,88,19.3,0.0,62,,31.2,19,-10.15772641906329,-29.500179558698687
2023-03-28 22:00:00,21.4,88,19.3,0.0,58,,30.2,20,-10.329008328435195,-28.378717147734434
2023-03-28 23:00:00,21.4,89,19.5,0.0,52,,29.2,20,-9.986988185109526,-27.43902452694853
2023-03-29 00:00:00,21.4,89,19.5,0.0,47,,27.8,21,-9.962628997359348,-25.95353585662221
2023-03-29 01:00:00,21.5,89,19.6,0.0,43,,26.8,22,-10.039456703546442,-24.848527302389904
2023-03-29 02:00:00,21.5,89,19.6,0.0,42,,26.1,23,-10.198082453570049,-24.025176675108696
2023-03-29 03:00:00,21.5,89,19.6,0.0,46,,25.6,24,-10.412458062740486,-23.386763715650584
2023-03-29 04:00:00,21.5,89,19.6,0.0,53,,25.3,26,-11.09079001376366,-22.73948937136893
2023-03-29 05:00:00,21.5,90,19.8,0.0,62,,25.1,29,-12.16872146818306,-21.952954649198837
2023-03-29 06:00:00,21.5,90,19.8,0.0,71,,25.0,30,-12.499999999999998,-21.65063509461097
2023-03-29 07:00:00,21.6,90,19.8,0.0,77,,24.9,31,-12.824448065260349,-21.3434657874826
2023-03-29 08:00:00,21.6,90,19.9,0.0,78,,24.5,30,-12.249999999999998,-21.21762239271875
2023-03-29 09:00:00,21.7,90,20.0,0.0,72,,24.0,26,-10.520907522937858,-21.57105711118001
2023-03-29 10:00:00,21.9,89,20.0,0.0,60,,23.6,19,-7.683408445188898,-22.31423838414388
2023-03-29 11:00:00,22.0,89,20.1,0.0,45,,23.7,10,-4.115461810706249,-23.33994374638933
2023-03-29 12:00:00,22.1,88,20.0,0.0,31,,24.5,2,-0.8550376692112738,-24.485075261967847
2023-03-29 13:00:00,22.2,87,19.9,0.0,21,,25.3,356,1.7648387857263783,-25.238370471573557
2023-03-29 14:00:00,22.3,87,20.0,0.0,18,,26.1,353,3.180789862874343,-25.905454557838507
2023-03-29 15:00:00,22.2,87,19.9,0.0,24,,26.4,354,2.75955143026605,-26.25537803772241
2023-03-29 16:00:00,22.1,87,19.8,0.0,38,,26.7,358,0.931816561956772,-26.683735081409857
2023-03-29 17:00:00,22.0,87,19.7,0.0,55,,26.7,2,-0.931816561956776,-26.683735081409857
2023-03-29 18:00:00,21.9,88,19.8,0.0,73,,26.9,8,-3.74375641582576,-26.638211049148243
2023-03-29 19:00:00,21.7,88,19.6,0.0,89,,27.3,12,-5.67598915932483,-26.703429500032897
2023-03-29 20:00:00,21.6,88,19.5,0.0,100,,26.9,16,-7.414644871477277,-25.857939620740776
2023-03-29 21:00:00,21.6,88,19.5,0.0,100,,26.0,17,-7.601664322791156,-24.86392365503892
2023-03-29 22:00:00,21.5,88,19.4,0.0,100,,24.8,17,-7.250818277123872,-23.71635794788328
2023-03-29 23:00:00,21.5,88,19.4,0.0,100,,23.0,17,-6.724549208622946,-21.99500938714981
2023-03-30 00:00:00,21.5,88,19.4,0.0,100,,21.1,17,-6.169042969649746,-20.17803035082005
2023-03-30 01:00:00,21.5,88,19.4,0.0,100,,19.6,17,-5.730485412565641,-18.743573216875497
2023-03-30 02:00:00,21.5,88,19.4,0.0,100,,18.2,18,-5.6241092976240425,-17.309228596571792
2023-03-30 03:00:00,21.5,88,19.4,0.0,99,,17.1,22,-6.405772747412096,-15.854843913092068
2023-03-30 04:00:00,21.5,88,19.4,0.0,98,,16.3,28,-7.65238647341002,-14.39204576360051
2023-03-30 05:00:00,21.5,89,19.6,0.0,96,,15.8,35,-9.062507694346529,-12.94260229976607
2023-03-30 06:00:00,21.5,89,19.6,0.0,94,,15.5,42,-10.371524398562302,-11.518744794899613
2023-03-30 07:00:00,21.6,89,19.7,0.0,89,,15.5,46,-11.149766905249091,-10.767204742114458
2023-03-30 08:00:00,21.7,89,19.8,0.0,83,,15.3,45,-10.81873375215418,-10.81873375215418
2023-03-30 09:00:00,21.8,89,19.9,0.0,72,,14.8,39,-9.313941787537594,-11.50176022956317
2023-03-30 10:00:00,22.0,88,19.9,0.0,57,,14.8,26,-6.487892972478346,-13.302151885227673
2023-03-30 11:00:00,22.2,87,19.9,0.0,40,,15.9,13,-3.576721764067454,-15.49248403008524
2023-03-30 12:00:00,22.5,86,20.0,0.0,24,,17.6,1,-0.3071623532961898,-17.59731943475249
2023-03-30 13:00:00,22.7,85,20.0,0.0,13,,19.6,354,2.048757880046007,-19.49262914921816
2023-03-30 14:00:00,22.8,85,20.1,0.0,9,,20.8,351,3.253836872836807,-20.543917484378863
2023-03-30 15:00:00,22.8,85,20.1,0.0,15,,21.1,352,2.9365524302573904,-20.89465625044713
2023-03-30 16:00:00,22.8,85,20.1,0.0,29,,20.9,356,1.4579103012522256,-20.849088650430325
2023-03-30 17:00:00,22.8,85,20.1,0.0,47,,20.5,2,-0.7154396824012699,-20.487511953891463
2023-03-30 18:00:00,22.7,85,20.0,0.0,66,,20.1,9,-3.1443327473086407,-19.85253564596227
2023-03-30 19:00:00,22.6,85,19.9,0.0,84,,19.8,16,-5.457619645176584,-19.032981579578717
2023-03-30 20:00:00,22.6,85,19.9,0.0,95,,19.3,21,-6.916501426224295,-18.018102231395996
2023-03-30 21:00:00,22.5,85,19.9,0.0,100,,18.4,26,-8.066029100919023,-16.537810451904672
2023-03-30 22:00:00,22.5,85,19.9,0.0,100,,17.1,30,-8.549999999999999,-14.809034404713904
2023-03-30 23:00:00,22.5,85,19.8,0.0,100,,15.8,35,-9.062507694346529,-12.94260229976607
