time,temperature_2m,relativehumidity_2m,precipitation,windspeed_10m,winddirection_10m,u,v
2026-05-11 00:00:00,25.0,92.0,0.0,11.2,32.0,-5.935095759411896,-9.498138676951971
2026-05-11 01:00:00,24.9,93.0,0.0,12.9,30.0,-6.4500000000000055,-11.171727708819255
2026-05-11 02:00:00,24.1,96.0,0.0,9.2,28.0,-4.319138377630194,-8.123117854302128
2026-05-11 03:00:00,24.0,96.0,0.0,7.3,16.0,-2.0121526974640918,-7.017210380349729
2026-05-11 04:00:00,23.6,98.0,0.0,5.6,358.0,0.19543718153400605,-5.596588631306936
2026-05-11 05:00:00,23.2,98.0,0.0,4.0,330.0,2.0000000000000004,-3.4641016151377544
2026-05-11 06:00:00,23.8,95.0,0.0,4.9,287.0,4.685893304218874,-1.4326213531414103
2026-05-11 07:00:00,26.7,82.0,0.0,7.3,261.0,7.210124886344506,1.1419715947936853
2026-05-11 08:00:00,29.2,70.0,0.0,9.9,248.0,9.179120160211196,3.708605274817529
2026-05-11 09:00:00,30.7,62.0,0.0,14.4,248.0,13.351447505761739,5.394334945189133
2026-05-11 10:00:00,31.4,59.0,0.0,15.7,257.0,15.297610017128193,3.5317315531986804
2026-05-11 11:00:00,32.1,55.0,0.0,16.5,260.0,16.249327924701433,2.8651949315043503
2026-05-11 12:00:00,32.9,49.0,0.0,16.7,256.0,16.20393862880914,4.040095656514451
2026-05-11 13:00:00,33.1,47.0,0.0,17.1,262.0,16.933583975480854,2.379860026417119
2026-05-11 14:00:00,32.7,48.0,0.0,18.4,271.0,18.3971975908776,-0.3211242784460166
2026-05-11 15:00:00,31.8,51.0,0.0,19.3,265.0,19.22655767317069,1.6821058350298026
2026-05-11 16:00:00,30.8,53.0,0.0,18.0,274.0,17.956152904676834,-1.2556165273942554
2026-05-11 17:00:00,29.4,60.0,0.0,12.0,303.0,10.064046815345089,-6.5356684201803255
2026-05-11 18:00:00,27.7,70.0,0.0,7.4,347.0,1.6646378021446004,-7.2103384794107415
2026-05-11 19:00:00,26.2,80.0,0.0,4.5,5.0,-0.3922008423644621,-4.482876141412855
2026-05-11 20:00:00,25.7,86.0,0.0,2.6,326.0,1.4539015490239418,-2.1554976886431088
2026-05-11 21:00:00,25.1,89.0,0.0,3.8,360.0,2.326828918379971e-16,-3.8
2026-05-11 22:00:00,25.1,91.0,0.0,6.8,17.0,-1.9881275921146122,-6.50287234054864
2026-05-11 23:00:00,24.8,96.0,0.0,7.4,6.0,-0.7735106281806349,-7.3594620257252235
2026-05-12 00:00:00,24.4,99.0,0.0,7.4,359.0,0.12914780763589864,-7.398872944157295
2026-05-12 01:00:00,24.3,98.0,0.0,6.5,336.0,2.6437881799927014,-5.938045474676906
2026-05-12 02:00:00,23.7,99.0,0.0,5.0,305.0,4.095760221444959,-2.8678821817552302
2026-05-12 03:00:00,23.7,99.0,0.0,5.4,274.0,5.386845871403051,-0.37668495821827663
2026-05-12 04:00:00,23.5,99.0,0.0,6.0,275.0,5.977168188550474,-0.522934456485949
2026-05-12 05:00:00,23.7,98.0,0.0,7.4,270.0,7.4,0.0
2026-05-12 06:00:00,24.3,94.0,0.0,9.6,262.0,9.506573459919075,1.3360617692166281
2026-05-12 07:00:00,26.7,76.0,0.0,10.8,268.0,10.793420931806235,0.3769145643870105
2026-05-12 08:00:00,29.2,63.0,0.0,11.7,270.0,11.7,0.0
2026-05-12 09:00:00,31.1,53.0,0.0,10.8,281.0,10.601573581234772,-2.060737150066684
2026-05-12 10:00:00,32.4,49.0,0.0,7.0,325.0,4.015035054457323,-5.7340643100229425
2026-05-12 11:00:00,31.9,54.0,0.0,5.5,44.0,-3.820621037524485,-3.9563689018625814
2026-05-12 12:00:00,31.9,56.0,0.0,7.2,63.0,-6.415246974156249,-3.2687315981247362
2026-05-12 13:00:00,31.2,58.0,0.0,7.8,64.0,-7.0105935611335015,-3.419294944954804
2026-05-12 14:00:00,31.0,62.0,0.0,7.5,66.0,-6.851590932319507,-3.0505248230685016
2026-05-12 15:00:00,29.1,72.0,0.5,8.4,50.0,-6.4347733221994154,-5.39941592136693
2026-05-12 16:00:00,28.1,80.0,0.7000000000000001,9.1,54.0,-7.362054648812022,-5.3488457958615045
2026-05-12 17:00:00,26.5,91.0,1.0,9.4,50.0,-7.200817765318393,-6.042203531053469
2026-05-12 18:00:00,25.6,95.0,0.6,10.1,39.0,-6.356135949603362,-7.849174210715402
2026-05-12 19:00:00,25.0,97.0,0.2,10.2,26.0,-4.471385697248593,-9.1676992722515
2026-05-12 20:00:00,25.4,95.0,0.1,11.6,16.0,-3.197393327477187,-11.1506356728845
2026-05-12 21:00:00,25.1,94.0,0.0,13.0,19.0,-4.232386007943036,-12.291741482791119
2026-05-12 22:00:00,24.9,94.0,0.0,14.2,26.0,-6.224870284404903,-12.762875457448168
2026-05-12 23:00:00,24.8,94.0,0.0,14.8,26.0,-6.487892972478351,-13.30215188522767
2026-05-13 00:00:00,24.7,92.0,0.0,13.3,30.0,-6.650000000000007,-11.518137870333032
2026-05-13 01:00:00,24.3,91.0,0.0,11.5,29.0,-5.575310632832873,-10.058126632103054
2026-05-13 02:00:00,24.4,88.0,0.0,10.7,20.0,-3.6596155335846534,-10.05471104240922
2026-05-13 03:00:00,24.2,86.0,0.0,9.1,7.0,-1.1090110249868392,-9.03216997993603
2026-05-13 04:00:00,23.9,86.0,0.0,7.3,344.0,2.012152697464094,-7.017210380349728
2026-05-13 05:00:00,23.5,88.0,0.0,6.5,332.0,3.0515651581082905,-5.739159353583025
2026-05-13 06:00:00,24.4,86.0,0.0,5.6,320.0,3.5996106142446203,-4.289848881466277
2026-05-13 07:00:00,26.7,79.0,0.0,3.1,298.0,2.7371375378626737,-1.4553618446362615
2026-05-13 08:00:00,29.0,71.0,0.0,3.5,325.0,2.0075175272286616,-2.8670321550114712
2026-05-13 09:00:00,29.3,70.0,0.6,1.3,135.0,-0.9192388155425117,0.9192388155425119
2026-05-13 10:00:00,29.6,69.0,1.0,4.1,151.0,-1.9877194430099816,3.5859407992715226
2026-05-13 11:00:00,30.0,69.0,1.3,3.9,158.0,-1.4609657143220571,3.616017032810471
2026-05-13 12:00:00,31.8,57.0,0.4,5.8,196.0,1.598696663738595,5.57531783644225
2026-05-13 13:00:00,32.6,49.0,0.0,8.6,219.0,5.412155363028602,6.68345526852995
2026-05-13 14:00:00,32.8,46.0,0.0,14.2,262.0,14.061806576130298,1.9762580336329292
2026-05-13 15:00:00,32.3,48.0,0.0,9.8,294.0,8.95274548489749,-3.9860191021428424
2026-05-13 16:00:00,30.1,62.0,0.0,10.3,5.0,-0.89770415030088,-10.260805390344979
2026-05-13 17:00:00,28.4,73.0,0.0,9.4,23.0,-3.672872607799174,-8.652745622452938
2026-05-13 18:00:00,27.4,77.0,0.0,7.4,23.0,-2.8914103508206264,-6.811735915548058
2026-05-13 19:00:00,26.1,86.0,0.0,9.8,24.0,-3.986019102142841,-8.95274548489749
2026-05-13 20:00:00,25.5,91.0,0.0,15.3,9.0,-2.393447315115535,-15.111631611105606
2026-05-13 21:00:00,25.3,91.0,0.0,15.7,17.0,-4.590235764146972,-15.013984668619655
2026-05-13 22:00:00,25.1,92.0,0.0,14.6,26.0,-6.400218743120535,-13.122393075967835
2026-05-13 23:00:00,25.1,92.0,0.0,14.3,33.0,-7.788338200714886,-11.992989121619564
2026-05-14 00:00:00,25.2,92.0,0.0,14.2,39.0,-8.936349552907696,-11.035472652688982
2026-05-14 01:00:00,25.1,92.0,0.1,13.1,41.0,-8.594373279775645,-9.886695500918313
2026-05-14 02:00:00,25.1,92.0,0.1,12.1,33.0,-6.590132323681826,-10.14791387213963
2026-05-14 03:00:00,25.0,91.0,0.0,10.6,30.0,-5.300000000000004,-9.179869280115046
2026-05-14 04:00:00,24.8,92.0,0.0,9.7,35.0,-5.563691432605149,-7.945774829603217
2026-05-14 05:00:00,24.3,95.0,0.0,6.9,33.0,-3.758009341603686,-5.786826918823426
2026-05-14 06:00:00,24.5,94.0,0.2,4.4,7.0,-0.5362251109826476,-4.367203067221817
2026-05-14 07:00:00,25.3,90.0,0.2,6.6,26.0,-2.8932495688079127,-5.932040705574501
2026-05-14 08:00:00,28.3,74.0,0.1,10.2,59.0,-8.743106467161546,-5.253388364082552
2026-05-14 09:00:00,28.4,75.0,0.2,9.8,60.0,-8.487048957087499,-4.900000000000001
2026-05-14 10:00:00,28.7,75.0,0.3,9.7,68.0,-8.993683389297837,-3.6336839561343464
2026-05-14 11:00:00,28.8,75.0,0.3,9.6,73.0,-9.18052565724514,-2.806768365338273
2026-05-14 12:00:00,28.8,76.0,0.5,9.0,68.0,-8.344654691101088,-3.371459340743208
2026-05-14 13:00:00,28.5,77.0,0.3,9.8,59.0,-8.400239546880702,-5.047373134118531
2026-05-14 14:00:00,28.3,75.0,0.8,10.7,65.0,-9.697493321292155,-4.522015400625482
2026-05-14 15:00:00,28.0,77.0,0.5,9.3,49.0,-7.018799096071781,-6.101348969611716
2026-05-14 16:00:00,27.7,79.0,0.0,10.5,39.0,-6.607864106023297,-8.16003259529819
2026-05-14 17:00:00,26.4,85.0,0.0,12.2,26.0,-5.3481279908267485,-10.965287364849834
2026-05-14 18:00:00,25.5,85.0,0.1,10.8,21.0,-3.870373855089248,-10.082668606169777
2026-05-14 19:00:00,25.1,88.0,0.1,9.8,20.0,-3.351797404591552,-9.208987683701903
2026-05-14 20:00:00,25.1,97.0,0.4,4.6,26.0,-2.0165072752297575,-4.134452612976167
2026-05-14 21:00:00,24.9,98.0,0.0,2.5,4.0,-0.17439118436031395,-2.4939101256495606
2026-05-14 22:00:00,24.8,98.0,0.0,0.7000000000000001,14.0,-0.16934532691976747,-0.6792070083931976
2026-05-14 23:00:00,24.8,99.0,0.0,1.8,281.0,1.7669289302057951,-0.34345619167778063
2026-05-15 00:00:00,24.4,99.0,0.0,2.3,270.0,2.3,0.0
2026-05-15 01:00:00,24.4,98.0,0.0,2.3,299.0,2.01162532642061,-1.1150621265665752
2026-05-15 02:00:00,24.6,98.0,0.4,3.3,6.0,-0.3449439287832561,-3.281922254715302
2026-05-15 03:00:00,24.5,98.0,0.2,6.8,32.0,-3.603450996785794,-5.766727053863696
2026-05-15 04:00:00,24.4,99.0,0.0,8.8,31.0,-4.53233505920848,-7.543072246178587
2026-05-15 05:00:00,24.3,99.0,0.0,11.0,21.0,-3.942047444998308,-10.269384691469218
2026-05-15 06:00:00,24.2,99.0,0.0,13.7,27.0,-6.219669846431793,-12.206789381380638
2026-05-15 07:00:00,24.5,97.0,0.0,15.9,25.0,-6.719630361677117,-14.410293813882737
2026-05-15 08:00:00,27.0,83.0,0.0,15.2,29.0,-7.36910622774432,-13.294219548518818
2026-05-15 09:00:00,28.5,71.0,0.0,17.4,31.0,-8.961662503434948,-14.914711032216749
2026-05-15 10:00:00,29.0,65.0,0.1,18.1,32.0,-9.591538682621012,-15.349670540431312
2026-05-15 11:00:00,28.4,67.0,0.9,18.0,41.0,-11.80906252182913,-13.584772444009896
2026-05-15 12:00:00,27.6,74.0,1.2,19.4,42.0,-12.981133763361846,-14.417009614261449
2026-05-15 13:00:00,26.7,82.0,1.0,18.5,29.0,-8.968977974557232,-16.180464582078827
2026-05-15 14:00:00,28.6,74.0,0.3,19.2,34.0,-10.736503746638334,-15.917521393056802
2026-05-15 15:00:00,27.5,76.0,0.1,19.6,27.0,-8.89821379489512,-17.46372787409201
2026-05-15 16:00:00,27.0,79.0,0.1,21.3,26.0,-9.337305426607356,-19.144313186172255
2026-05-15 17:00:00,25.6,84.0,0.0,21.2,24.0,-8.622816833206961,-19.36716370202314
2026-05-15 18:00:00,25.0,85.0,0.0,26.1,18.0,-8.065343553186132,-24.822575075303508
2026-05-15 19:00:00,24.2,88.0,0.2,26.8,29.0,-12.992897822601828,-23.43980815133581
2026-05-15 20:00:00,24.7,85.0,0.3,29.6,21.0,-10.607691306540902,-27.633980624317168
2026-05-15 21:00:00,24.4,88.0,0.2,28.8,32.0,-15.261674809916304,-24.423785169305066
2026-05-15 22:00:00,24.0,89.0,0.3,25.7,36.0,-15.106080983916563,-20.791736755436148
2026-05-15 23:00:00,24.0,90.0,0.3,26.7,44.0,-18.547378491255227,-19.206372669041986
2026-05-16 00:00:00,24.2,88.0,0.3,26.0,42.0,-17.397395765330312,-19.32176546241225
2026-05-16 01:00:00,23.9,89.0,0.3,25.9,43.0,-17.663757525618713,-18.942060871936516
2026-05-16 02:00:00,24.0,87.0,0.4,26.9,43.0,-18.34575588568121,-19.673414573555686
2026-05-16 03:00:00,23.8,90.0,0.4,27.4,43.0,-18.68675506571246,-20.03909142436527
2026-05-16 04:00:00,23.7,89.0,0.2,27.8,41.0,-18.238441005936103,-20.980926330193064
2026-05-16 05:00:00,23.9,88.0,0.2,29.7,40.0,-19.090792007690222,-22.751519960633644
2026-05-16 06:00:00,24.2,84.0,0.1,29.0,42.0,-19.404787584406886,-21.551199938844437
2026-05-16 07:00:00,23.9,88.0,0.2,27.9,37.0,-16.790639145942144,-22.28193073031947
2026-05-16 08:00:00,25.2,86.0,0.3,28.1,44.0,-19.519900209897823,-20.2134483895161
2026-05-16 09:00:00,25.1,85.0,0.3,28.8,43.0,-19.64155276979996,-21.06298660663211
2026-05-16 10:00:00,25.5,82.0,0.4,29.2,46.0,-21.004722169888613,-20.284024417402723
2026-05-16 11:00:00,25.3,84.0,0.4,29.8,44.0,-20.700819439678117,-21.436326050091807
2026-05-16 12:00:00,26.3,79.0,0.3,30.9,50.0,-23.67077329237642,-19.86213713931406
2026-05-16 13:00:00,26.1,79.0,0.4,29.8,54.0,-24.108706432373438,-17.516000518315696
2026-05-16 14:00:00,25.3,88.0,0.9,27.9,50.0,-21.372639963019484,-17.933774310254446
2026-05-16 15:00:00,24.7,85.0,0.5,26.6,44.0,-18.477912654209327,-19.13443868900812
2026-05-16 16:00:00,24.6,85.0,0.4,27.2,44.0,-18.894707676484725,-19.566042569211312
2026-05-16 17:00:00,24.0,88.0,0.3,27.9,42.0,-18.66874391741214,-20.7337406308193
2026-05-16 18:00:00,23.8,88.0,0.3,28.8,41.0,-18.89450003492661,-21.735635910415834
2026-05-16 19:00:00,23.6,89.0,0.2,29.9,42.0,-20.00700513012986,-22.22003028177409
2026-05-16 20:00:00,24.4,83.0,0.5,31.1,37.0,-18.7164472200287,-24.837564362470808
2026-05-16 21:00:00,23.7,88.0,0.5,30.2,37.0,-18.17481369919186,-24.118792403428245
2026-05-16 22:00:00,23.8,85.0,0.2,28.8,37.0,-17.33227266677899,-23.000702689362033
2026-05-16 23:00:00,24.3,80.0,0.0,29.1,39.0,-18.313223379550283,-22.614947478397845
2026-05-17 00:00:00,24.8,75.0,0.0,30.4,40.0,-19.5407433344708,-23.287751070816928
2026-05-17 01:00:00,24.9,73.0,0.1,30.5,40.0,-19.605022095439455,-23.364355515128825
2026-05-17 02:00:00,24.7,73.0,0.1,30.1,39.0,-18.94254377060012,-23.392093439854815
2026-05-17 03:00:00,24.1,78.0,0.2,29.4,36.0,-17.280886417398712,-23.78509963462345
2026-05-17 04:00:00,23.6,81.0,0.3,29.6,35.0,-16.977862515990974,-24.246900510954152
2026-05-17 05:00:00,23.8,79.0,0.1,29.5,35.0,-16.920504872355867,-24.164985306525253
2026-05-17 06:00:00,24.0,80.0,0.1,30.4,38.0,-18.716108849900003,-23.95552690964435
2026-05-17 07:00:00,24.7,76.0,0.0,31.4,38.0,-19.331770325225662,-24.743537663251075
2026-05-17 08:00:00,25.8,70.0,0.0,32.0,39.0,-20.13825251359481,-24.868670766623058
2026-05-17 09:00:00,26.1,70.0,0.0,31.6,39.0,-19.886524357174878,-24.55781238204027
2026-05-17 10:00:00,26.7,67.0,0.0,32.0,39.0,-20.13825251359481,-24.868670766623058
2026-05-17 11:00:00,26.8,68.0,0.1,32.1,40.0,-20.633482270937918,-24.59002662411919
2026-05-17 12:00:00,27.0,68.0,0.2,31.6,41.0,-20.73146531610003,-23.848822735039597
2026-05-17 13:00:00,27.6,64.0,0.0,31.5,47.0,-23.037641601003873,-21.482948341968697
2026-05-17 14:00:00,27.8,63.0,0.0,29.5,50.0,-22.598311072009853,-18.96223448575291
2026-05-17 15:00:00,27.6,64.0,0.0,27.5,51.0,-21.3715139400667,-17.306310753870534
2026-05-17 16:00:00,26.9,66.0,0.0,27.2,49.0,-20.528100582059402,-17.844805588541792
2026-05-17 17:00:00,26.1,69.0,0.0,26.3,45.0,-18.596908345206206,-18.5969083452062
2026-05-17 18:00:00,25.6,71.0,0.0,25.1,44.0,-17.435925098520833,-18.055428988500147
2026-05-17 19:00:00,25.5,70.0,0.0,25.5,43.0,-17.390958181593714,-18.649519391288848
2026-05-17 20:00:00,25.7,66.0,0.0,24.9,45.0,-17.606958851545038,-17.60695885154503
2026-05-17 21:00:00,26.0,64.0,0.0,24.8,46.0,-17.839627048398548,-17.227527587383136
2026-05-17 22:00:00,26.0,64.0,0.0,23.7,47.0,-17.333082728374343,-16.16336113348121
2026-05-17 23:00:00,25.6,68.0,0.0,23.1,47.0,-16.89427050740284,-15.754162117443713
2026-05-18 00:00:00,24.8,73.0,0.1,22.0,43.0,-15.003963921374968,-16.08978143562175
2026-05-18 01:00:00,24.2,78.0,0.1,21.9,43.0,-14.935764085368717,-16.01664606545983
2026-05-18 02:00:00,23.4,84.0,0.1,20.2,44.0,-14.032099083271744,-14.530663966840754
2026-05-18 03:00:00,23.3,85.0,0.2,19.2,45.0,-13.576450198781716,-13.57645019878171
2026-05-18 04:00:00,23.2,86.0,0.2,18.7,46.0,-13.451654266332774,-12.99011152758325
2026-05-18 05:00:00,23.2,85.0,0.1,19.0,45.0,-13.435028842544407,-13.435028842544401
2026-05-18 06:00:00,23.4,85.0,0.1,19.9,44.0,-13.823701572134045,-14.314862026739158
2026-05-18 07:00:00,24.6,77.0,0.1,21.8,47.0,-15.943510695297919,-14.867564249362465
2026-05-18 08:00:00,25.7,73.0,0.1,22.9,42.0,-15.32309088561785,-17.018016503432328
2026-05-18 09:00:00,26.3,70.0,0.0,23.0,41.0,-15.089357666781668,-17.358320345123758
2026-05-18 10:00:00,27.2,66.0,0.0,22.5,45.0,-15.909902576697323,-15.909902576697318
2026-05-18 11:00:00,27.9,63.0,0.0,20.6,44.0,-14.309962431455345,-14.818399886976216
2026-05-18 12:00:00,28.1,63.0,0.0,18.1,46.0,-13.020050386129586,-12.573316505307853
2026-05-18 13:00:00,28.3,62.0,0.0,15.5,43.0,-10.570974580968729,-11.335982375097142
2026-05-18 14:00:00,28.5,61.0,0.0,12.9,57.0,-10.818850326495971,-7.02584355169385
2026-05-18 15:00:00,27.9,64.0,0.0,12.1,60.0,-10.478907385791707,-6.050000000000002
2026-05-18 16:00:00,27.1,67.0,0.0,11.1,54.0,-8.980088637561918,-6.52441630044645
2026-05-18 17:00:00,26.5,71.0,0.0,11.0,41.0,-7.2166493188955805,-8.301805382450492
2026-05-18 18:00:00,25.7,74.0,0.0,10.9,29.0,-5.284424860685072,-9.533354807819416
2026-05-18 19:00:00,24.9,78.0,0.0,12.8,24.0,-5.206229031370242,-11.693381857825294
2026-05-18 20:00:00,25.3,74.0,0.0,12.0,9.0,-1.8772135804827723,-11.852260087141651
2026-05-18 21:00:00,25.0,76.0,0.0,12.1,10.0,-2.101142949769857,-11.916173811447717
2026-05-18 22:00:00,25.0,77.0,0.0,10.4,28.0,-4.882504252973264,-9.18265496573284
2026-05-18 23:00:00,25.0,77.0,0.0,10.4,45.0,-7.353910524340096,-7.353910524340094
2026-05-19 00:00:00,25.0,76.0,0.0,11.9,52.0,-9.377327967919992,-7.326371556375332
2026-05-19 01:00:00,24.9,78.0,0.0,11.3,48.0,-8.397536527894555,-7.561175851855099
2026-05-19 02:00:00,24.6,80.0,0.0,12.4,34.0,-6.9339920030372575,-10.28006589968252
2026-05-19 03:00:00,24.3,81.0,0.0,10.0,38.0,-6.156614753256581,-7.8801075360672215
2026-05-19 04:00:00,24.1,83.0,0.0,7.4,39.0,-4.656970893768801,-5.750880114781583
2026-05-19 05:00:00,23.3,86.0,0.0,6.2,33.0,-3.376762017093167,-5.199757521261629
2026-05-19 06:00:00,24.3,84.0,0.0,7.0,26.0,-3.068598027523544,-6.291558324094168
2026-05-19 07:00:00,26.2,73.0,0.0,6.8,32.0,-3.603450996785794,-5.766727053863696
2026-05-19 08:00:00,28.3,64.0,0.0,4.8,79.0,-4.711810480548787,-0.9158831778074146
2026-05-19 09:00:00,29.4,58.0,0.0,5.7,103.0,-5.55390936927584,1.2822210097600317
2026-05-19 10:00:00,29.5,58.0,0.0,10.3,133.0,-7.5329431266774565,7.024583108643736
2026-05-19 11:00:00,29.8,57.0,0.0,11.5,157.0,-4.4934079776266485,10.585805814703063
2026-05-19 12:00:00,29.9,56.0,0.0,10.6,178.0,-0.3699346650465101,10.593542766402415
2026-05-19 13:00:00,30.8,54.0,0.0,11.3,200.0,3.864827619580058,10.618526614880764
2026-05-19 14:00:00,31.0,52.0,0.0,12.3,215.0,7.054990167117868,10.0755701447546
2026-05-19 15:00:00,30.5,53.0,0.0,13.2,226.0,9.495285364470195,9.169490490058763
2026-05-19 16:00:00,29.8,56.0,0.0,13.0,232.0,10.244139796887385,8.003599179233557
2026-05-19 17:00:00,28.4,61.0,0.0,12.6,239.0,10.800307988846615,6.489479743866682
2026-05-19 18:00:00,27.1,65.0,0.0,11.3,245.0,10.241277993514146,4.775586357669904
2026-05-19 19:00:00,25.8,70.0,0.0,9.3,245.0,8.428662419440846,3.930349834188505
2026-05-19 20:00:00,25.7,74.0,0.0,8.3,256.0,8.053454528090771,2.0079517334772423
2026-05-19 21:00:00,25.0,79.0,0.0,7.7,246.0,7.034300023848027,3.1318721516836616
2026-05-19 22:00:00,24.7,81.0,0.0,7.3,232.0,5.75247850132907,4.494328769877305
2026-05-19 23:00:00,24.3,84.0,0.0,5.5,229.0,4.150902691225246,3.6083246594477902
2026-05-20 00:00:00,24.0,85.0,0.0,2.6,254.0,2.499280409439629,0.7166571251241979
2026-05-20 01:00:00,23.2,90.0,0.0,1.8,323.0,1.0832670416736871,-1.437543918085127
2026-05-20 02:00:00,23.0,92.0,0.0,1.9,326.0,1.062466516594419,-1.5751713878545792
2026-05-20 03:00:00,22.4,95.0,0.0,3.5,325.0,2.0075175272286616,-2.8670321550114712
2026-05-20 04:00:00,22.2,94.0,0.0,2.0,315.0,1.4142135623730951,-1.414213562373095
2026-05-20 05:00:00,21.9,94.0,0.0,1.7000000000000002,288.0,1.6167960777017611,-0.5253288904374106
2026-05-20 06:00:00,23.5,87.0,0.0,5.1,238.0,4.325045290397772,2.702588247589345
2026-05-20 07:00:00,27.0,75.0,0.0,7.8,195.0,2.0187885517996618,7.534221445054732
2026-05-20 08:00:00,29.1,65.0,0.0,9.3,204.0,3.7826507806049423,8.495972756076188
2026-05-20 09:00:00,29.9,61.0,0.0,11.3,205.0,4.775586357669904,10.241277993514146
2026-05-20 10:00:00,30.7,57.0,0.0,13.0,202.0,4.8698857144068555,12.053390109368237
2026-05-20 11:00:00,31.2,55.0,0.0,14.9,199.0,4.850965501411636,14.08822677642982
2026-05-20 12:00:00,31.6,54.0,0.0,16.2,206.0,7.101612577983055,14.560463550046505
2026-05-20 13:00:00,31.8,53.0,0.0,17.3,215.0,9.9228723488731,14.171330366199559
2026-05-20 14:00:00,31.7,54.0,0.0,18.0,229.0,13.584772444009896,11.80906252182913
2026-05-20 15:00:00,30.9,57.0,0.0,17.2,235.0,14.089415161770658,9.865514705237992
2026-05-20 16:00:00,30.2,60.0,0.0,16.1,238.0,13.65357434811846,8.5317001541546
2026-05-20 17:00:00,29.2,64.0,0.0,15.0,243.0,13.365097862825518,6.809857496093201
2026-05-20 18:00:00,28.1,70.0,0.0,14.0,247.0,12.887067948334165,5.470235798849833
2026-05-20 19:00:00,27.2,74.0,0.0,13.3,251.0,12.575397055470916,4.330056454280184
2026-05-20 20:00:00,27.1,76.0,0.0,14.9,259.0,14.626245033370193,2.8430540311105177
2026-05-20 21:00:00,26.9,78.0,0.0,11.8,258.0,11.542141688658909,2.4533579516495605
2026-05-20 22:00:00,26.6,79.0,0.0,10.0,256.0,9.702957262759965,2.4192189559966772
2026-05-20 23:00:00,26.2,82.0,0.0,9.0,250.0,8.457233587073176,3.0781812899310186
2026-05-21 00:00:00,25.7,85.0,0.0,7.9,254.0,7.59396739791272,2.1775351109542935
2026-05-21 01:00:00,25.1,88.0,0.0,7.0,273.0,6.9904067432820165,-0.36635169370060683
2026-05-21 02:00:00,25.6,86.0,0.0,9.7,270.0,9.7,0.0
2026-05-21 03:00:00,25.5,86.0,0.0,9.5,268.0,9.49421285668141,0.3315452186737592
2026-05-21 04:00:00,25.5,86.0,0.0,9.5,268.0,9.49421285668141,0.3315452186737592
2026-05-21 05:00:00,25.3,85.0,0.0,9.0,271.0,8.998629256407522,-0.1570716579355516
2026-05-21 06:00:00,26.0,81.0,0.0,9.7,268.0,9.694091022085228,0.3385251180142594
2026-05-21 07:00:00,27.9,74.0,0.0,11.7,259.0,11.485038046337667,2.232465245905574
2026-05-21 08:00:00,30.2,62.0,0.0,13.9,256.0,13.487110595236352,3.3627143488353815
2026-05-21 09:00:00,31.3,57.0,0.0,16.3,257.0,15.882232055999335,3.6667021858049997
2026-05-21 10:00:00,32.1,53.0,0.0,17.1,259.0,16.785824836955054,3.2628338209389165
2026-05-21 11:00:00,32.9,49.0,0.0,17.2,260.0,16.938693351809977,2.9867486558712018
2026-05-21 12:00:00,33.3,47.0,0.0,17.8,259.0,17.47296386536842,3.396400117702498
2026-05-21 13:00:00,33.3,48.0,0.0,19.2,257.0,18.707905243876517,4.319060243402208
2026-05-21 14:00:00,33.7,47.0,0.0,19.4,264.0,19.2937247701445,2.0278521873924773
2026-05-21 15:00:00,32.9,50.0,0.0,19.1,262.0,18.914120112963996,2.65820622833725
2026-05-21 16:00:00,31.8,55.0,0.0,19.5,266.0,19.452498980066572,1.3602512380104435
2026-05-21 17:00:00,30.6,61.0,0.0,16.6,269.0,16.597471739596095,0.28970994685890633
2026-05-21 18:00:00,29.2,67.0,0.0,13.2,272.0,13.191958916652064,-0.4606733564730128
2026-05-21 19:00:00,28.0,74.0,0.0,8.7,291.0,8.122149710525655,-3.117801161044112
2026-05-21 20:00:00,27.8,80.0,0.0,7.4,304.0,6.134878036907308,-4.138027485683527
2026-05-21 21:00:00,27.1,85.0,0.0,3.6,330.0,1.8000000000000005,-3.117691453623979
2026-05-21 22:00:00,26.8,87.0,0.0,2.3,299.0,2.01162532642061,-1.1150621265665752
2026-05-21 23:00:00,26.5,89.0,0.0,1.5,263.0,1.488819227461983,0.1828040151077212
2026-05-22 00:00:00,26.0,92.0,0.0,1.9,229.0,1.4339482024232668,1.2465121550819638
2026-05-22 01:00:00,25.6,94.0,0.0,2.5,240.0,2.165063509461097,1.2499999999999998
2026-05-22 02:00:00,25.4,96.0,0.0,3.4,212.0,1.8017254983928965,2.883363526931848
2026-05-22 03:00:00,25.1,98.0,0.0,5.0,224.0,3.4732918522949863,3.5966990016932554
2026-05-22 04:00:00,25.1,94.0,0.0,7.1,240.0,6.148780366869515,3.5499999999999994
2026-05-22 05:00:00,25.5,90.0,0.0,10.0,249.0,9.335804264972017,3.5836794954530027
2026-05-22 06:00:00,26.6,84.0,0.0,11.7,250.0,10.994403663195127,4.001635676910324
2026-05-22 07:00:00,28.6,74.0,0.0,13.4,256.0,13.001962732098352,3.2417534010355475
2026-05-22 08:00:00,30.8,63.0,0.0,16.1,263.0,15.979993041425285,1.9620964288228746
2026-05-22 09:00:00,31.8,59.0,0.0,17.6,264.0,17.50358535848161,1.8397009535107012
2026-05-22 10:00:00,32.6,55.0,0.0,18.3,260.0,18.02198188012341,3.177761651304825
2026-05-22 11:00:00,33.2,52.0,0.0,19.0,257.0,18.51303123091947,4.274070032533435
2026-05-22 12:00:00,33.4,50.0,0.0,19.7,258.0,19.26950773445597,4.095860309109859
2026-05-22 13:00:00,33.4,49.0,0.0,19.7,257.0,19.195090276269134,4.431535770574141
2026-05-22 14:00:00,33.8,45.0,0.0,21.2,265.0,21.119327599545006,1.847701746250353
2026-05-22 15:00:00,33.0,47.0,0.0,20.5,268.0,20.487511953891463,0.7154396824012699
2026-05-22 16:00:00,31.9,51.0,0.0,20.2,274.0,20.15079381524845,-1.409080769631331
2026-05-22 17:00:00,30.5,59.0,0.0,19.9,274.0,19.8515246001705,-1.3881538275080934
2026-05-22 18:00:00,29.0,70.0,0.0,17.8,269.0,17.797288973783765,0.3106528345836465
2026-05-22 19:00:00,28.2,72.0,0.0,15.5,274.0,15.462242779027275,-1.0812253430339422
2026-05-22 20:00:00,28.1,75.0,0.0,15.4,280.0,15.166039396388005,-2.674181936070727
2026-05-22 21:00:00,27.9,77.0,0.0,13.8,276.0,13.724402156082173,-1.442492793093618
2026-05-22 22:00:00,27.7,77.0,0.0,12.6,274.0,12.569307033273784,-0.8789315691759788
2026-05-22 23:00:00,27.3,79.0,0.0,11.5,266.0,11.471986577987979,0.802199448057441
2026-05-23 00:00:00,27.0,80.0,0.0,11.7,261.0,11.555953584963111,1.830283240970701
2026-05-23 01:00:00,26.8,80.0,0.0,11.9,260.0,11.719212260845277,2.066413314236471
2026-05-23 02:00:00,26.9,78.0,0.0,12.1,255.0,11.687702498097726,3.131710445740501
2026-05-23 03:00:00,26.9,78.0,0.0,13.2,253.0,12.623222778712067,3.859306502340125
2026-05-23 04:00:00,26.7,81.0,0.0,15.4,259.0,15.117058625094026,2.93845852879879
2026-05-23 05:00:00,26.5,81.0,0.0,15.9,264.0,15.812898136355546,1.6620025659556903
2026-05-23 06:00:00,26.9,78.0,0.0,16.8,268.0,16.78976589392081,0.5863115446020163
2026-05-23 07:00:00,28.6,69.0,0.0,17.7,266.0,17.65688368959889,1.2346895852710178
2026-05-23 08:00:00,31.2,57.0,0.0,18.8,274.0,18.754204144884696,-1.3114217063895557
2026-05-23 09:00:00,32.7,48.0,0.0,20.6,275.0,20.521610780689958,-1.7954083006017583
2026-05-23 10:00:00,34.1,42.0,0.0,21.5,274.0,21.44762708058622,-1.499764185498694
2026-05-23 11:00:00,34.9,39.0,0.0,23.2,270.0,23.2,0.0
2026-05-23 12:00:00,34.6,39.0,0.0,24.5,271.0,24.496268531331587,-0.42758395771344604
2026-05-23 13:00:00,33.8,42.0,0.0,23.8,273.0,23.76738292715886,-1.2455957585820634
2026-05-23 14:00:00,34.6,39.0,0.0,23.4,280.0,23.044501420485666,-4.06336735740617
2026-05-23 15:00:00,34.0,41.0,0.0,23.7,277.0,23.52334379389933,-2.8883034387019952
2026-05-23 16:00:00,32.8,45.0,0.0,23.4,272.0,23.38574535224684,-0.8166482228385227
2026-05-23 17:00:00,31.5,52.0,0.0,21.3,272.0,21.28702461550674,-0.7433592797632707
2026-05-23 18:00:00,29.4,63.0,0.0,19.4,269.0,19.39704528603399,0.3385766848833001
2026-05-23 19:00:00,28.0,72.0,0.0,18.4,271.0,18.3971975908776,-0.3211242784460166
2026-05-23 20:00:00,28.2,71.0,0.0,18.0,274.0,17.956152904676834,-1.2556165273942554
2026-05-23 21:00:00,27.9,73.0,0.0,17.0,274.0,16.958588854417012,-1.18586005365013
2026-05-23 22:00:00,27.7,74.0,0.0,16.6,274.0,16.55956323431308,-1.1579574641524801
2026-05-23 23:00:00,27.4,76.0,0.0,15.7,271.0,15.697608813955343,-0.27400278106535114
2026-05-24 00:00:00,27.1,77.0,0.0,14.3,265.0,14.245584182711962,1.246327121291512
2026-05-24 01:00:00,26.9,78.0,0.0,14.8,264.0,14.718924051450445,1.5470212563612715
2026-05-24 02:00:00,26.9,76.0,0.0,15.0,275.0,14.942920471376183,-1.3073361412148725
2026-05-24 03:00:00,26.6,78.0,0.0,13.5,272.0,13.491776164757793,-0.4711432054837631
2026-05-24 04:00:00,26.1,80.0,0.0,11.5,266.0,11.471986577987979,0.802199448057441
2026-05-24 05:00:00,25.9,80.0,0.0,12.3,263.0,12.208317665188261,1.498992923883314
2026-05-24 06:00:00,26.8,76.0,0.0,15.7,269.0,15.697608813955343,0.27400278106535114
2026-05-24 07:00:00,28.6,71.0,0.0,17.2,264.0,17.1057766003343,1.7978895682036395
2026-05-24 08:00:00,31.1,58.0,0.0,19.8,272.0,19.787938374978097,-0.6910100347095192
2026-05-24 09:00:00,32.3,52.0,0.0,21.9,275.0,21.816663888209227,-1.9087107661737137
2026-05-24 10:00:00,33.4,50.0,0.0,22.5,276.0,22.37674264578615,-2.351890423522203
2026-05-24 11:00:00,34.2,49.0,0.0,23.0,276.0,22.874003593470285,-2.40415465515603
2026-05-24 12:00:00,34.9,44.0,0.0,23.5,276.0,23.37126454115442,-2.4564188867898564
2026-05-24 13:00:00,34.8,45.0,0.0,24.8,275.0,24.70562851267529,-2.1614624201419224
2026-05-24 14:00:00,35.0,45.0,0.0,24.6,279.0,24.29713317864039,-3.8482878399896796
2026-05-24 15:00:00,33.9,49.0,0.0,23.0,280.0,22.650578319280786,-3.9939080863393976
2026-05-24 16:00:00,32.8,54.0,0.0,20.3,281.0,19.92703182398758,-3.8734226061438597
2026-05-24 17:00:00,31.3,60.0,0.0,18.0,282.0,17.606656813208502,-3.7424104347196683
2026-05-24 18:00:00,29.6,70.0,0.0,14.9,279.0,14.716556274867553,-2.33087352909944
2026-05-24 19:00:00,28.3,79.0,0.0,13.5,282.0,13.204992609906377,-2.8068078260397513
2026-05-24 20:00:00,28.4,75.0,0.0,10.3,285.0,9.949036010777405,-2.6658361645559636
2026-05-24 21:00:00,27.7,78.0,0.0,7.9,281.0,7.754854749236546,-1.507391063474704
2026-05-24 22:00:00,27.1,83.0,0.0,8.1,273.0,8.088899231512048,-0.42392124556784505
2026-05-24 23:00:00,27.0,84.0,0.0,10.9,262.0,10.793921949283117,1.5169868004647133
2026-05-25 00:00:00,26.7,88.0,0.0,12.7,259.0,12.466665229785331,2.423274241282119
2026-05-25 01:00:00,26.6,90.0,0.0,13.9,260.0,13.688827766869691,2.4137096695703315
2026-05-25 02:00:00,26.7,90.0,0.0,15.0,263.0,14.88819227461983,1.8280401510772122
2026-05-25 03:00:00,26.4,93.0,0.0,15.2,260.0,14.969077845785561,2.6394523005373407
2026-05-25 04:00:00,26.5,94.0,0.0,15.5,260.0,15.264520171689224,2.6915467538374203
2026-05-25 05:00:00,26.9,92.0,0.0,16.5,256.0,16.00987948355394,3.9917112773945176
2026-05-25 06:00:00,27.4,89.0,0.0,17.4,254.0,16.725953509326747,4.796089991215785
2026-05-25 07:00:00,28.9,80.0,0.0,19.1,256.0,18.532648371871534,4.620708205953654
2026-05-25 08:00:00,30.8,66.0,0.0,20.9,269.0,20.896816828768575,0.3647552945392254
2026-05-25 09:00:00,31.7,62.0,0.0,22.5,268.0,22.486293607929653,0.7852386758062718
2026-05-25 10:00:00,32.6,57.0,0.0,24.2,267.0,24.166834741060686,1.2665301410792407
2026-05-25 11:00:00,33.3,53.0,0.0,25.9,268.0,25.88422241979458,0.9038969645947751
2026-05-25 12:00:00,33.6,54.0,0.0,26.1,269.0,26.096024843581812,0.4555078080130997
2026-05-25 13:00:00,33.5,55.0,0.0,26.3,273.0,26.263956764045293,-1.376435649189423
2026-05-25 14:00:00,33.8,54.0,0.0,27.2,280.0,26.786770881932057,-4.723230432540505
2026-05-25 15:00:00,32.8,59.0,0.0,26.4,281.0,25.914957643018326,-5.037357477940782
2026-05-25 16:00:00,31.7,63.0,0.0,25.4,280.0,25.01411692651008,-4.41066371274003
2026-05-25 17:00:00,30.4,70.0,0.0,23.9,275.0,23.809053284392718,-2.08302225166903
2026-05-25 18:00:00,28.9,78.0,0.0,21.1,271.0,21.096786367799858,-0.3682457758266821
2026-05-25 19:00:00,27.9,83.0,0.0,20.0,272.0,19.987816540381914,-0.6979899340500194
2026-05-25 20:00:00,28.1,78.0,0.0,19.1,273.0,19.07382411381236,-0.9996167642402273
2026-05-25 21:00:00,27.8,80.0,0.0,19.6,268.0,19.588060209574277,0.684030135369019
2026-05-25 22:00:00,27.6,82.0,0.0,19.8,267.0,19.772864788140563,1.036251933610288
2026-05-25 23:00:00,27.3,84.0,0.0,19.8,266.0,19.75176819514452,1.381178180133681
2026-05-26 00:00:00,27.1,85.0,0.0,19.6,267.0,19.57313888118965,1.0257847423616993
2026-05-26 01:00:00,26.8,88.0,0.0,19.1,267.0,19.07382411381236,0.9996167642402273
2026-05-26 02:00:00,27.0,87.0,0.0,21.3,274.0,21.248114270534256,-1.4858128907498689
2026-05-26 03:00:00,27.0,89.0,0.0,21.4,270.0,21.4,0.0
2026-05-26 04:00:00,26.9,90.0,0.0,22.0,271.0,21.99664929344061,-0.38395294162023724
2026-05-26 05:00:00,26.8,89.0,0.0,22.5,273.0,22.46916453197791,-1.1775590154662363
2026-05-26 06:00:00,27.2,85.0,0.0,23.0,275.0,22.912478056110146,-2.0045820831961376
2026-05-26 07:00:00,28.4,79.0,0.0,23.0,277.0,22.828561487750406,-2.802994898318392
2026-05-26 08:00:00,30.5,66.0,0.0,25.3,278.0,25.05378213916173,-3.5210794542896555
2026-05-26 09:00:00,31.5,60.0,0.0,27.1,281.0,26.602096671431696,-5.170923774704365
2026-05-26 10:00:00,32.3,59.0,0.0,26.6,276.0,26.454282416796072,-2.7804571229195827
2026-05-26 11:00:00,32.9,56.0,0.0,26.5,273.0,26.463682670996207,-1.3869028404380117
2026-05-26 12:00:00,33.4,55.0,0.0,27.0,271.0,26.995887769222563,-0.47121497380665484
2026-05-26 13:00:00,33.3,56.0,0.0,26.6,270.0,26.6,0.0
2026-05-26 14:00:00,33.9,53.0,0.0,25.9,277.0,25.706945327510237,-3.1564159941933196
2026-05-26 15:00:00,33.0,55.0,0.0,24.7,275.0,24.606009042866113,-2.152746845867157
2026-05-26 16:00:00,32.0,60.0,0.0,23.8,273.0,23.76738292715886,-1.2455957585820634
2026-05-26 17:00:00,30.5,69.0,0.0,22.9,271.0,22.89651221908136,-0.3996601074137924
2026-05-26 18:00:00,29.1,78.0,0.0,19.5,267.0,19.47327592771419,1.0205511467374049
2026-05-26 19:00:00,28.2,83.0,0.0,20.9,272.0,20.8872682846991,-0.7293994810822702
2026-05-26 20:00:00,28.3,80.0,0.0,22.8,275.0,22.7132391164918,-1.9871509346466063
2026-05-26 21:00:00,28.2,80.0,0.0,23.6,272.0,23.58562351765066,-0.8236281221790229
2026-05-26 22:00:00,28.1,79.0,0.0,24.1,271.0,24.096329453269032,-0.42060299513853266
2026-05-26 23:00:00,28.1,78.0,0.0,25.8,272.0,25.78428333709267,-0.900407014924525
2026-05-27 00:00:00,27.9,80.0,0.0,25.9,272.0,25.88422241979458,-0.9038969645947751
2026-05-27 01:00:00,27.6,83.0,0.0,26.3,272.0,26.28397875060222,-0.9178567632757755
2026-05-27 02:00:00,27.4,84.0,0.0,26.7,278.0,26.44015743539993,-3.715921795633747
2026-05-27 03:00:00,27.3,85.0,0.0,26.1,277.0,25.905454557838507,-3.180789862874349
2026-05-27 04:00:00,27.2,84.0,0.0,25.6,277.0,25.409181482017843,-3.1198551911717756
2026-05-27 05:00:00,27.1,84.0,0.0,25.3,276.0,25.161403952817317,-2.644570120671633
2026-05-27 06:00:00,27.6,81.0,0.0,25.9,279.0,25.581128021414067,-4.05165264454198
2026-05-27 07:00:00,29.0,72.0,0.0,25.3,279.0,24.988515017056987,-3.957791965517841
2026-05-27 08:00:00,31.3,60.0,0.0,26.4,283.0,25.72336971033021,-5.938707834678036
2026-05-27 09:00:00,32.3,56.0,0.0,27.6,284.0,26.780162045217505,-6.67704431855083
2026-05-27 10:00:00,33.5,52.0,0.0,27.7,282.0,27.094688540326416,-5.759153835651934
2026-05-27 11:00:00,34.0,51.0,0.0,28.2,279.0,27.852811204782885,-4.411451914134511
2026-05-27 12:00:00,33.9,52.0,0.0,29.8,278.0,29.5099884484988,-4.14735840860995
2026-05-27 13:00:00,33.5,56.0,0.0,30.3,277.0,30.074148394732056,-3.6926411051759684
2026-05-27 14:00:00,33.9,52.0,0.0,29.5,277.0,29.280111473418998,-3.5951456304518508
2026-05-27 15:00:00,32.6,57.0,0.0,28.7,274.0,28.630088242456953,-2.0020107964563962
2026-05-27 16:00:00,31.5,65.0,0.0,27.1,275.0,26.996876318286304,-2.3619206284615366
2026-05-27 17:00:00,30.4,73.0,0.0,24.6,275.0,24.506389573056943,-2.144031271592391
2026-05-27 18:00:00,29.3,78.0,0.0,22.3,277.0,22.13377918160148,-2.717686357934789
2026-05-27 19:00:00,28.5,83.0,0.0,19.6,278.0,19.40925414733478,-2.7277927788172827
2026-05-27 20:00:00,28.3,85.0,0.0,17.8,281.0,17.47296386536842,-3.396400117702498
2026-05-27 21:00:00,28.0,86.0,0.0,17.8,277.0,17.667321499215532,-2.169274312611625
2026-05-27 22:00:00,27.8,85.0,0.0,18.6,274.0,18.554691334832732,-1.2974704116407307
2026-05-27 23:00:00,27.5,87.0,0.0,18.1,275.0,18.031124035460596,-1.577518943732613
2026-05-28 00:00:00,27.1,89.0,0.0,13.4,282.0,13.107177849832997,-2.786016656957975
2026-05-28 01:00:00,26.7,91.0,0.0,10.1,290.0,9.490895469937675,-3.4544034475892538
2026-05-28 02:00:00,26.6,90.0,0.0,8.7,275.0,8.666893873398186,-0.7582549619046259
2026-05-28 03:00:00,26.6,89.0,0.0,9.5,279.0,9.38303923565381,-1.4861274178821933
2026-05-28 04:00:00,26.7,88.0,0.0,12.2,284.0,11.837607860567156,-2.951447126315946
2026-05-28 05:00:00,26.8,88.0,0.0,14.6,279.0,14.420249772689012,-2.2839431895873705
2026-05-28 06:00:00,27.3,84.0,0.0,16.6,279.0,16.395626453879288,-2.5968121196678324
2026-05-28 07:00:00,29.2,72.0,0.0,17.6,278.0,17.42871800985164,-2.449446576897152
2026-05-28 08:00:00,32.0,56.0,0.0,19.3,288.0,18.355390764496462,-5.964027991436485
2026-05-28 09:00:00,33.4,50.0,0.0,18.8,285.0,18.159405534234484,-4.86579804792739
2026-05-28 10:00:00,34.3,48.0,0.0,19.8,278.0,19.607307761083092,-2.755627399009296
2026-05-28 11:00:00,34.6,49.0,0.0,22.5,277.0,22.332288411929746,-2.742060226615818
2026-05-28 12:00:00,34.4,53.0,0.0,23.4,278.0,23.172272808552744,-3.256650562465531
2026-05-28 13:00:00,34.2,55.0,0.0,23.1,278.0,22.875192387930277,-3.214898632177512
2026-05-28 14:00:00,34.9,52.0,0.0,21.1,284.0,20.473239824423526,-5.104551997152989
2026-05-28 15:00:00,34.0,56.0,0.0,20.0,284.0,19.40591452551993,-4.8384379119933545
2026-05-28 16:00:00,33.0,61.0,0.0,17.4,291.0,16.24429942105131,-6.235602322088224
2026-05-28 17:00:00,31.7,68.0,0.0,13.9,308.0,10.953349475133434,-8.55769450702665
2026-05-28 18:00:00,30.5,74.0,0.0,8.9,312.0,6.613988946748809,-5.955262396593839
2026-05-28 19:00:00,29.3,80.0,0.0,5.9,325.0,3.3841009744711728,-4.8329970613050515
2026-05-28 20:00:00,29.0,81.0,0.0,3.3,324.0,1.9396913325651612,-2.6697560814373262
2026-05-28 21:00:00,28.3,85.0,0.0,3.1,324.0,1.8221342821066668,-2.5079526825623373
2026-05-28 22:00:00,27.7,88.0,0.0,3.1,347.0,0.6973482684659813,-3.0205472008342293
2026-05-28 23:00:00,27.2,91.0,0.0,3.4,354.0,0.35539677511002177,-3.381374444252129
2026-05-29 00:00:00,26.8,92.0,0.0,3.3,347.0,0.7423384793347542,-3.2154212137912763
2026-05-29 01:00:00,26.2,95.0,0.0,4.1,308.0,3.2308440897875594,-2.524212048835199
2026-05-29 02:00:00,26.1,96.0,0.0,4.4,297.0,3.9204287064288192,-1.9975581988540059
2026-05-29 03:00:00,25.7,97.0,0.0,4.5,286.0,4.325677631722435,-1.2403681011764962
2026-05-29 04:00:00,25.6,98.0,0.0,4.6,281.0,4.515485043859254,-0.877721378732106
2026-05-29 05:00:00,25.6,98.0,0.0,4.7,268.0,4.6971368869897505,0.16402763450175456
2026-05-29 06:00:00,26.6,95.0,0.0,6.1,265.0,6.076787658359647,0.5316500307607148
2026-05-29 07:00:00,29.0,82.0,0.0,6.9,293.0,6.351483488821839,-2.6960447865759893
2026-05-29 08:00:00,32.4,64.0,0.0,6.2,306.0,5.0159053651246746,-3.6442685642133337
2026-05-29 09:00:00,34.1,53.0,0.0,2.5,45.0,-1.7677669529663693,-1.7677669529663687
2026-05-29 10:00:00,34.5,52.0,0.0,6.5,87.0,-6.49109197590473,-0.3401837155791332
2026-05-29 11:00:00,33.1,62.0,0.6,10.7,95.0,-10.659283269581676,0.9325664473999427
2026-05-29 12:00:00,30.7,80.0,1.9,12.3,83.0,-12.208317665188263,-1.498992923883312
2026-05-29 13:00:00,30.9,74.0,0.7000000000000001,11.3,72.0,-10.746938634135237,-3.4918920364369046
2026-05-29 14:00:00,30.1,80.0,1.0,9.9,48.0,-7.357133772226203,-6.624393002952697
2026-05-29 15:00:00,29.0,89.0,2.0,6.1,23.0,-2.38345988378457,-5.6150796060598855
2026-05-29 16:00:00,29.4,81.0,0.3,7.9,47.0,-5.777694242791448,-5.387787044493737
2026-05-29 17:00:00,28.1,86.0,0.7000000000000001,13.1,36.0,-7.6999868050314,-10.59812262631181
2026-05-29 18:00:00,27.2,89.0,0.2,14.4,28.0,-6.760390504116827,-12.714445337168549
2026-05-29 19:00:00,26.4,92.0,0.0,15.6,24.0,-6.3450916319824815,-14.251309139224574
2026-05-29 20:00:00,25.8,94.0,0.2,14.6,21.0,-5.23217206336139,-13.630274226859143
2026-05-29 21:00:00,25.9,93.0,0.4,17.4,33.0,-9.476719209261468,-14.592867882250378
2026-05-29 22:00:00,25.2,97.0,1.4,16.3,27.0,-7.400045145754615,-14.523406344270395
2026-05-29 23:00:00,24.4,99.0,1.1,18.9,21.0,-6.773154246406183,-17.64467006079711
2026-05-30 00:00:00,23.9,97.0,0.5,17.3,8.0,-2.407694646609139,-17.131637589229165
2026-05-30 01:00:00,24.0,98.0,0.5,19.6,15.0,-5.072853284009405,-18.93214619526574
2026-05-30 02:00:00,23.9,98.0,0.2,17.3,20.0,-5.916948479534066,-16.256682339596217
2026-05-30 03:00:00,23.9,98.0,1.3,17.0,17.0,-4.970318980286531,-16.2571808513716
2026-05-30 04:00:00,23.9,98.0,1.3,16.2,21.0,-5.805560782633871,-15.124002909254665
2026-05-30 05:00:00,24.0,98.0,0.6,17.0,21.0,-6.092255142270112,-15.870867250452427
2026-05-30 06:00:00,24.1,98.0,0.6,17.4,17.0,-5.087267662175625,-16.639702753756815
2026-05-30 07:00:00,24.6,95.0,0.1,19.6,27.0,-8.89821379489512,-17.46372787409201
2026-05-30 08:00:00,27.7,78.0,0.0,22.7,28.0,-10.65700447523972,-20.042910357897643
2026-05-30 09:00:00,29.0,69.0,0.0,23.9,32.0,-12.665070415173599,-20.26834949813858
2026-05-30 10:00:00,30.0,64.0,0.0,24.9,34.0,-13.923903296421589,-20.64303555662054
2026-05-30 11:00:00,30.2,64.0,0.0,26.2,37.0,-15.767553606583665,-20.92425036323907
2026-05-30 12:00:00,30.2,64.0,0.0,26.7,40.0,-17.162429178630603,-20.45338663127671
2026-05-30 13:00:00,30.6,61.0,0.0,23.4,39.0,-14.726097150566204,-18.18521549809311
2026-05-30 14:00:00,31.0,58.0,0.0,22.3,41.0,-14.630116346488313,-16.830023638967816
2026-05-30 15:00:00,30.3,62.0,0.0,21.7,38.0,-13.35985401456678,-17.09983335326587
2026-05-30 16:00:00,29.2,66.0,0.0,21.1,33.0,-11.49188363881707,-17.69594898364845
2026-05-30 17:00:00,28.2,70.0,0.0,21.2,34.0,-11.854889553579827,-17.575596538166888
2026-05-30 18:00:00,27.4,72.0,0.0,23.8,34.0,-13.308791102603768,-19.731094226809997
2026-05-30 19:00:00,27.1,71.0,0.0,25.9,38.0,-15.945632210934543,-20.4094785184141
2026-05-30 20:00:00,25.7,83.0,0.1,22.6,33.0,-12.308842191339611,-18.953954835566584
2026-05-30 21:00:00,25.7,80.0,0.2,22.9,34.0,-12.805517489480096,-18.984960411510457
2026-05-30 22:00:00,26.0,75.0,0.0,25.3,33.0,-13.779367585880182,-21.218365369019228
2026-05-30 23:00:00,25.6,77.0,0.0,22.8,25.0,-9.635696367687942,-20.66381754443562
2026-05-31 00:00:00,25.4,75.0,0.0,22.3,23.0,-8.713304165310806,-20.527258231989418
2026-05-31 01:00:00,25.4,73.0,0.0,20.5,18.0,-6.334848384686425,-19.496658584050646
2026-05-31 02:00:00,25.2,72.0,0.0,18.5,18.0,-5.71681439593653,-17.59454555146034
2026-05-31 03:00:00,24.9,74.0,0.0,13.7,5.0,-1.194033675642918,-13.647867363856914
2026-05-31 04:00:00,24.0,80.0,0.0,10.7,6.0,-1.1184545569638908,-10.641384280440525
2026-05-31 05:00:00,23.8,83.0,0.0,10.1,20.0,-3.454403447589252,-9.490895469937675
2026-05-31 06:00:00,25.0,77.0,0.0,14.3,23.0,-5.587455137396616,-13.163219404369896
2026-05-31 07:00:00,26.9,69.0,0.0,17.3,30.0,-8.650000000000007,-14.982239485470785
2026-05-31 08:00:00,28.5,65.0,0.0,19.1,32.0,-10.121457946854216,-16.197718636587737
2026-05-31 09:00:00,29.1,62.0,0.0,18.7,36.0,-10.99158421786925,-15.128617794811515
2026-05-31 10:00:00,29.8,60.0,0.0,17.9,37.0,-10.772488914421663,-14.29557562984654
2026-05-31 11:00:00,30.7,58.0,0.0,15.5,38.0,-9.5427528675477,-12.214166680904192
2026-05-31 12:00:00,30.5,59.0,0.0,15.1,41.0,-9.906491337756659,-11.396114661363857
2026-05-31 13:00:00,30.2,62.0,0.3,11.7,29.0,-5.672272556882141,-10.233050573530932
2026-05-31 14:00:00,29.9,63.0,0.8,13.2,39.0,-8.307029161857859,-10.25832669123201
2026-05-31 15:00:00,28.1,73.0,0.6,11.6,26.0,-5.085105302753302,-10.426010937070334
2026-05-31 16:00:00,27.1,78.0,0.8,12.6,24.0,-5.124881702755081,-11.510672766296771
2026-05-31 17:00:00,26.2,78.0,0.4,16.1,32.0,-8.531700154154601,-13.65357434811846
2026-05-31 18:00:00,26.2,73.0,0.0,15.1,27.0,-6.855256546067158,-13.454198515244354
2026-05-31 19:00:00,26.2,72.0,0.0,18.2,30.0,-9.100000000000009,-15.761662348876778
2026-05-31 20:00:00,26.2,74.0,0.0,14.9,35.0,-8.546288901630591,-12.205365459905975
2026-05-31 21:00:00,25.7,79.0,0.0,10.7,35.0,-6.1372678689561955,-8.76492687389221
2026-05-31 22:00:00,25.3,82.0,0.0,8.5,32.0,-4.504313745982243,-7.20840881732962
2026-05-31 23:00:00,24.7,86.0,0.0,4.8,13.0,-1.0797650608505531,-4.6769763109691285
2026-06-01 00:00:00,24.1,90.0,0.0,2.4,343.0,0.7016920913345682,-2.295131414311285
2026-06-01 01:00:00,23.8,91.0,0.0,4.8,283.0,4.676976310969129,-1.079765060850552
2026-06-01 02:00:00,24.0,89.0,0.0,6.1,272.0,6.096284044816484,-0.2128869298852559
2026-06-01 03:00:00,24.3,88.0,0.0,7.5,262.0,7.427010515561777,1.0437982572004907
2026-06-01 04:00:00,24.6,89.0,0.0,4.4,218.0,2.7089104914328965,3.467247315869577
2026-06-01 05:00:00,24.7,89.0,0.0,4.2,227.0,3.071685546800516,2.8643931122624937
2026-06-01 06:00:00,26.0,84.0,0.0,6.3,252.0,5.991656052659467,1.9468070645621685
2026-06-01 07:00:00,27.4,79.0,0.0,9.7,272.0,9.694091022085228,-0.3385251180142594
2026-06-01 08:00:00,29.1,73.0,0.0,4.1,308.0,3.2308440897875594,-2.524212048835199
2026-06-01 09:00:00,31.0,61.0,0.1,6.0,213.0,3.2678342100901627,5.032023407672544
2026-06-01 10:00:00,32.3,54.0,0.0,8.9,208.0,4.178296908794429,7.85823357644445
2026-06-01 11:00:00,32.7,53.0,0.0,10.1,213.0,5.500854253651774,8.470572736248783
2026-06-01 12:00:00,32.9,52.0,0.0,13.8,228.0,10.25539859158804,9.234002367752245
2026-06-01 13:00:00,32.8,52.0,0.0,15.0,240.0,12.99038105676658,7.499999999999999
2026-06-01 14:00:00,32.3,54.0,0.0,10.8,232.0,8.510516138952598,6.64914393351711
2026-06-01 15:00:00,31.3,59.0,0.0,12.8,244.0,11.50456379262934,5.6111506789001915
2026-06-01 16:00:00,30.5,64.0,0.0,14.4,258.0,14.085325450566803,2.993928347775735
2026-06-01 17:00:00,29.8,67.0,0.0,13.4,275.0,13.34900895442939,-1.1678869528186195
2026-06-01 18:00:00,28.7,69.0,0.0,10.0,283.0,9.743700647852352,-2.24951054343865
2026-06-01 19:00:00,27.4,74.0,0.0,6.1,272.0,6.096284044816484,-0.2128869298852559
2026-06-01 20:00:00,27.1,80.0,0.0,6.5,268.0,6.496040375624123,0.2268467285662563
2026-06-01 21:00:00,26.3,86.0,0.0,2.8,255.0,2.7045923136093912,0.7246933262870581
2026-06-01 22:00:00,25.8,90.0,0.0,2.4,261.0,2.3704520174283306,0.37544271609655405
2026-06-01 23:00:00,25.3,93.0,0.0,4.0,278.0,3.9610722749662814,-0.5566924038402618
2026-06-02 00:00:00,25.0,94.0,0.0,5.9,256.0,5.7247447850283795,1.4273391840380396
2026-06-02 01:00:00,25.1,94.0,0.0,8.4,254.0,8.074598245881878,2.315353788862793
2026-06-02 02:00:00,25.2,93.0,0.0,9.3,262.0,9.209493039296605,1.2943098389286087
2026-06-02 03:00:00,25.2,93.0,0.0,10.9,257.0,10.620633706159065,2.4519664923481286
2026-06-02 04:00:00,25.2,93.0,0.0,11.4,259.0,11.19054989130337,2.175222547292611
2026-06-02 05:00:00,25.2,92.0,0.0,12.1,259.0,11.877688919716734,2.308788844056192
2026-06-02 06:00:00,26.2,87.0,0.0,13.2,259.0,12.957478821509163,2.518678738970391
2026-06-02 07:00:00,27.9,77.0,0.0,14.8,260.0,14.57515474458068,2.569993029470569
2026-06-02 08:00:00,30.0,63.0,0.0,16.8,267.0,16.77697618387684,0.8792440648814565
2026-06-02 09:00:00,31.4,52.0,0.0,17.5,272.0,17.489339472834175,-0.610741192293767
2026-06-02 10:00:00,32.6,45.0,0.0,18.6,274.0,18.554691334832732,-1.2974704116407307
2026-06-02 11:00:00,33.9,39.0,0.0,19.6,272.0,19.588060209574277,-0.684030135369019
2026-06-02 12:00:00,34.6,36.0,0.0,19.8,268.0,19.787938374978097,0.6910100347095192
2026-06-02 13:00:00,34.6,38.0,0.0,19.4,270.0,19.4,0.0
2026-06-02 14:00:00,34.3,35.0,0.0,20.9,272.0,20.8872682846991,-0.7293994810822702
2026-06-02 15:00:00,33.3,39.0,0.0,20.0,266.0,19.951281005196485,1.395129474882506
2026-06-02 16:00:00,32.1,43.0,0.0,18.6,264.0,18.498107253849884,1.9442294167783547
2026-06-02 17:00:00,30.6,49.0,0.0,16.4,265.0,16.337593048704626,1.4293541810615937
2026-06-02 18:00:00,29.0,57.0,0.0,12.4,270.0,12.4,0.0
2026-06-02 19:00:00,27.4,63.0,0.0,8.4,285.0,8.113776940828174,-2.174079978861174
2026-06-02 20:00:00,27.3,63.0,0.0,7.8,285.0,7.534221445054732,-2.0187885517996618
2026-06-02 21:00:00,26.1,69.0,0.0,6.1,293.0,5.6150796060598855,-2.3834598837845697
2026-06-02 22:00:00,25.4,72.0,0.0,5.1,280.0,5.022519540362261,-0.8856057061013446
2026-06-02 23:00:00,24.8,74.0,0.0,5.6,268.0,5.596588631306936,0.1954371815340054
2026-06-03 00:00:00,24.5,75.0,0.0,6.3,288.0,5.991656052659467,-1.9468070645621685
2026-06-03 01:00:00,24.2,76.0,0.0,6.5,293.0,5.983281547440862,-2.5397523351802795
2026-06-03 02:00:00,24.1,78.0,0.0,5.6,277.0,5.558258449191403,-0.6824683230688259
2026-06-03 03:00:00,23.9,80.0,0.0,6.7,265.0,6.674504477214695,0.5839434764093098
2026-06-03 04:00:00,24.2,82.0,0.0,7.4,274.0,7.381973971922699,-0.5161979057065272
2026-06-03 05:00:00,24.0,85.0,0.0,6.8,282.0,6.651403684989878,-1.4137994975607635
2026-06-03 06:00:00,25.6,82.0,0.0,7.7,269.0,7.698827252704213,0.13438352956708305
2026-06-03 07:00:00,28.8,71.0,0.0,10.2,233.0,8.146082202482386,6.138513236150892
2026-06-03 08:00:00,31.3,57.0,0.0,11.9,236.0,9.865547113404995,6.654395551301889
2026-06-03 09:00:00,32.2,54.0,0.0,13.5,221.0,8.856796891371848,10.188579333007421
2026-06-03 10:00:00,33.4,51.0,0.0,15.3,214.0,8.555651423102427,12.68427486009214
2026-06-03 11:00:00,33.1,56.0,0.1,16.2,210.0,8.100000000000001,14.029611541307904
2026-06-03 12:00:00,32.9,57.0,0.4,18.2,211.0,9.373692963362986,15.600444872778445
2026-06-03 13:00:00,32.6,59.0,0.4,19.7,216.0,11.579369470161721,15.937634789186465
2026-06-03 14:00:00,33.4,53.0,0.8,17.9,225.0,12.6572113832392,12.657211383239199
2026-06-03 15:00:00,31.9,63.0,0.6,16.7,225.0,11.808683245815343,11.808683245815342
2026-06-03 16:00:00,31.4,64.0,0.3,16.9,224.0,11.739726460757053,12.156842625723202
2026-06-03 17:00:00,30.4,68.0,0.1,18.0,222.0,12.044350914459448,13.376606858593096
2026-06-03 18:00:00,29.2,75.0,0.2,16.6,222.0,11.107568065557048,12.336204102924745
2026-06-03 19:00:00,28.1,80.0,0.1,11.0,235.0,9.01067248717891,6.3093407998615065
2026-06-03 20:00:00,29.0,77.0,0.0,11.8,223.0,8.047580648737483,8.629973679106213
2026-06-03 21:00:00,28.9,75.0,0.0,12.0,216.0,7.053423027509678,9.70820393249937
2026-06-03 22:00:00,28.4,79.0,0.0,13.0,208.0,6.103130316216581,11.47831870716605
2026-06-03 23:00:00,27.9,85.0,0.0,13.0,204.0,5.287576359985403,11.876090949353811
2026-06-04 00:00:00,27.6,86.0,0.0,13.7,205.0,5.789870185847582,12.416416682402103
2026-06-04 01:00:00,27.6,87.0,0.0,13.6,211.0,7.004517818776736,11.657475289548728
2026-06-04 02:00:00,27.2,88.0,0.0,14.2,202.0,5.319413626505949,13.166010734848381
2026-06-04 03:00:00,27.2,87.0,0.1,15.7,207.0,7.1276508459108845,13.988802429757374
2026-06-04 04:00:00,26.3,91.0,0.3,13.8,217.0,8.305047319498268,11.021170038652642
2026-06-04 05:00:00,26.1,93.0,0.4,13.5,217.0,8.124502812552652,10.781579385638453
2026-06-04 06:00:00,26.2,94.0,0.3,14.1,219.0,8.873417513802709,10.95775805654329
2026-06-04 07:00:00,26.8,91.0,0.5,16.3,211.0,8.395120621033882,13.971827001444431
2026-06-04 08:00:00,28.6,81.0,1.4,21.2,222.0,14.185568854807794,15.754670300120758
2026-06-04 09:00:00,29.1,76.0,0.7000000000000001,23.1,222.0,15.456917006889626,17.166645468527808
2026-06-04 10:00:00,29.7,75.0,0.5,23.4,220.0,15.04123006666502,17.925439968984083
2026-06-04 11:00:00,28.4,80.0,1.1,25.3,219.0,15.921805893560888,19.661792824861365
2026-06-04 12:00:00,30.2,76.0,0.5,23.1,228.0,17.166645468527808,15.456917006889626
2026-06-04 13:00:00,30.5,71.0,0.3,25.0,222.0,16.728265158971457,18.578620636934858
2026-06-04 14:00:00,27.5,87.0,6.6,21.0,223.0,14.321965561312467,15.35842773400258
2026-06-04 15:00:00,27.9,84.0,0.9,22.9,220.0,14.71983626182175,17.542417747424594
2026-06-04 16:00:00,26.4,98.0,2.7,14.7,233.0,11.739941997695205,8.84668084033511
2026-06-04 17:00:00,25.6,98.0,2.4,13.9,223.0,9.479777204868729,10.16581645250647
2026-06-04 18:00:00,25.9,98.0,0.2,9.9,213.0,5.391926446648768,8.302838622659698
2026-06-04 19:00:00,25.4,97.0,0.9,9.0,196.0,2.4807362023529924,8.65135526344487
2026-06-04 20:00:00,25.2,98.0,0.6,12.8,184.0,0.892882863924803,12.768819843325751
2026-06-04 21:00:00,25.2,98.0,3.5,14.0,164.0,-3.8589229814379866,13.457663743136465
2026-06-04 22:00:00,25.4,97.0,1.3,13.3,164.0,-3.6659768323660877,12.784780555979642
2026-06-04 23:00:00,25.4,98.0,1.3,12.3,166.0,-2.975639315875914,11.934637433194757
2026-06-05 00:00:00,25.2,99.0,0.3,13.0,186.0,1.358870022479495,12.928784639787553
2026-06-05 01:00:00,25.2,98.0,0.8,13.2,200.0,4.5146658918988285,12.403942594373989
2026-06-05 02:00:00,25.2,99.0,1.1,10.0,200.0,3.4202014332566884,9.396926207859083
2026-06-05 03:00:00,25.2,99.0,5.5,10.5,184.0,0.732442974313315,10.474422527728153
2026-06-05 04:00:00,24.9,99.0,4.0,12.5,192.0,2.598896135221993,12.22684500917257
2026-06-05 05:00:00,25.1,98.0,0.7000000000000001,8.1,180.0,4.959819536546781e-16,8.1
2026-06-05 06:00:00,25.1,99.0,0.8,9.5,251.0,8.98242646819351,3.0928974673429885
2026-06-05 07:00:00,25.2,99.0,2.1,8.7,248.0,8.066499534731049,3.2590773627184344
2026-06-05 08:00:00,25.5,97.0,5.5,14.9,252.0,14.170742092797788,4.604353216186716
2026-06-05 09:00:00,25.3,98.0,5.3,21.6,231.0,16.78635276747057,13.593320446676488
2026-06-05 10:00:00,25.3,99.0,11.4,22.9,224.0,15.907676683511037,16.47288142775511
2026-06-05 11:00:00,25.2,98.0,12.1,22.7,228.0,16.86938753833685,15.189264764346081
2026-06-05 12:00:00,25.2,98.0,9.0,28.1,221.0,18.435258714633257,21.207339204259895
2026-06-05 13:00:00,25.2,97.0,5.8,24.3,233.0,19.406842894149218,14.624105062594774
2026-06-05 14:00:00,25.6,98.0,7.6,24.1,225.0,17.041273426595797,17.041273426595794
2026-06-05 15:00:00,25.6,99.0,5.7,19.4,233.0,15.49352889491748,11.675211449149735
2026-06-05 16:00:00,25.8,99.0,1.8,20.8,261.0,20.543917484378866,3.253836872836802
2026-06-05 17:00:00,25.4,98.0,1.4,18.9,256.0,18.33858922661633,4.57232382683372
2026-06-05 18:00:00,24.8,98.0,1.2,19.3,254.0,18.552350731609554,5.319800967268084
2026-06-05 19:00:00,24.9,98.0,1.4,19.5,256.0,18.920766662381933,4.717476964193521
2026-06-05 20:00:00,25.2,98.0,1.6,22.0,259.0,21.595798035848606,4.197797898283985
2026-06-05 21:00:00,25.2,98.0,2.9,21.7,259.0,21.30130988081431,4.140555199671022
2026-06-05 22:00:00,25.1,98.0,1.5,21.3,262.0,21.09270986419545,2.964387050449394
2026-06-05 23:00:00,24.9,99.0,0.6,19.5,265.0,19.42579661278904,1.6995369835793341
2026-06-06 00:00:00,24.9,98.0,0.5,18.2,261.0,17.975927798831506,2.8471072637322017
2026-06-06 01:00:00,25.0,98.0,0.5,20.5,264.0,20.387698855049603,2.142833496986896
2026-06-06 02:00:00,24.6,99.0,0.2,19.7,264.0,19.592081338754983,2.0592107263727732
2026-06-06 03:00:00,24.7,98.0,0.3,19.6,270.0,19.6,0.0
2026-06-06 04:00:00,24.5,99.0,0.4,19.6,267.0,19.57313888118965,1.0257847423616993
2026-06-06 05:00:00,24.7,97.0,0.1,21.4,270.0,21.4,0.0
2026-06-06 06:00:00,24.8,97.0,0.0,20.0,270.0,20.0,0.0
2026-06-06 07:00:00,25.7,95.0,0.0,20.8,266.0,20.749332245404343,1.4509346538778063
2026-06-06 08:00:00,27.5,88.0,0.1,18.4,259.0,18.061940175437016,3.510885514928424
2026-06-06 09:00:00,28.3,82.0,0.1,22.0,267.0,21.969849764600625,1.1513910373447644
2026-06-06 10:00:00,28.9,78.0,0.2,24.5,258.0,23.96461621797824,5.093836425035104
2026-06-06 11:00:00,26.9,89.0,0.7000000000000001,23.4,251.0,22.125134669024014,7.6182948142974665
2026-06-06 12:00:00,28.8,78.0,0.2,26.3,258.0,25.72528189929909,5.4680774685070705
2026-06-06 13:00:00,29.0,78.0,0.0,25.1,254.0,24.127668568051806,6.918497631006679
2026-06-06 14:00:00,30.7,73.0,0.0,23.1,253.0,22.09063986274612,6.75378637909522
2026-06-06 15:00:00,30.0,76.0,0.1,22.8,242.0,20.131205117183537,10.703951631518311
2026-06-06 16:00:00,27.6,86.0,0.5,24.1,234.0,19.497309564436236,14.165624580248604
2026-06-06 17:00:00,26.7,88.0,0.2,17.6,256.0,17.07720478245754,4.2578253625541524
2026-06-06 18:00:00,26.4,89.0,0.0,16.0,268.0,15.990253232305532,0.5583919472400155
2026-06-06 19:00:00,25.9,92.0,0.0,13.7,268.0,13.691654330161612,0.47812310482426323
2026-06-06 20:00:00,26.4,96.0,0.0,12.5,265.0,12.45243372614682,1.0894467843457272
2026-06-06 21:00:00,26.2,96.0,0.1,13.9,267.0,13.880950533088576,0.7274697917769193
2026-06-06 22:00:00,25.5,96.0,0.1,11.9,271.0,11.898187572361056,-0.20768363660367378
2026-06-06 23:00:00,25.3,96.0,0.0,11.7,266.0,11.671499388039942,0.816150742806266
2026-06-07 00:00:00,25.5,95.0,0.0,14.2,269.0,14.197837271220756,0.24782417140942586
2026-06-07 01:00:00,25.2,97.0,0.0,14.0,269.0,13.997867732189478,0.24433369012196915
2026-06-07 02:00:00,25.2,98.0,0.0,13.5,267.0,13.481498719186746,0.7065354092797418
2026-06-07 03:00:00,25.3,97.0,0.0,11.3,262.0,11.190029176779746,1.5726560408487396
2026-06-07 04:00:00,25.4,98.0,0.0,10.6,261.0,10.46949641030846,1.6582053294264472
2026-06-07 05:00:00,25.4,98.0,0.0,10.9,261.0,10.765802912487002,1.7051356689385164
2026-06-07 06:00:00,25.9,97.0,0.1,12.2,257.0,11.88731479037987,2.7444028629951527
2026-06-07 07:00:00,26.8,93.0,0.2,14.0,257.0,13.641180906993293,3.14931476081411
2026-06-07 08:00:00,29.2,82.0,0.3,13.2,253.0,12.623222778712067,3.859306502340125
2026-06-07 09:00:00,29.4,76.0,0.4,15.8,228.0,11.74168824254283,10.572263580469961
2026-06-07 10:00:00,29.7,77.0,0.6,15.8,236.0,13.098793646369659,8.835247874837801
2026-06-07 11:00:00,29.2,76.0,0.8,19.4,228.0,14.417009614261447,12.981133763361848
2026-06-07 12:00:00,30.0,75.0,0.4,17.6,232.0,13.868989263478307,10.835641965731586
2026-06-07 13:00:00,29.9,73.0,0.5,19.6,232.0,15.44501077069175,12.066964916382904
2026-06-07 14:00:00,30.1,72.0,0.7000000000000001,19.0,221.0,12.465121550819639,14.339482024232668
2026-06-07 15:00:00,29.4,76.0,0.5,19.4,222.0,12.981133763361848,14.417009614261447
2026-06-07 16:00:00,28.7,79.0,0.7000000000000001,18.8,224.0,13.059577364629149,13.523588246366641
2026-06-07 17:00:00,27.3,87.0,0.2,16.7,222.0,11.174481126192932,12.410518585472483
2026-06-07 18:00:00,26.6,93.0,0.3,14.8,230.0,11.337457758160875,9.513256623360782
2026-06-07 19:00:00,26.3,95.0,0.1,13.2,223.0,9.00237835282498,9.65386886137305
2026-06-07 20:00:00,26.4,96.0,0.3,11.6,224.0,8.058037097324368,8.344341683928352
2026-06-07 21:00:00,26.2,98.0,0.3,11.6,224.0,8.058037097324368,8.344341683928352
2026-06-07 22:00:00,26.2,98.0,0.0,11.6,226.0,8.344341683928354,8.058037097324368
2026-06-07 23:00:00,26.0,98.0,0.1,12.9,219.0,8.118233044542905,10.025182902794924
2026-06-08 00:00:00,25.2,98.0,0.8,10.9,218.0,6.710710081049676,8.58931721431327
2026-06-08 01:00:00,25.4,99.0,0.5,11.9,222.0,7.962654215670414,8.843423423180992
2026-06-08 02:00:00,25.5,98.0,1.1,10.2,201.0,3.6553530853620635,9.522520350271456
2026-06-08 03:00:00,25.1,99.0,1.1,11.5,229.0,8.679160172561879,7.544678833390834
2026-06-08 04:00:00,24.8,99.0,0.5,13.2,242.0,11.654908225737836,6.197024628773758
2026-06-08 05:00:00,24.8,99.0,0.5,13.2,233.0,10.541988732624265,7.943958305607037
2026-06-08 06:00:00,25.0,99.0,0.2,13.0,241.0,11.370056192812145,6.302525063202382
2026-06-08 07:00:00,25.6,95.0,0.4,15.5,245.0,14.047770699068074,6.550583056980841
2026-06-08 08:00:00,25.6,99.0,0.8,16.8,232.0,13.238580660592929,10.34311278547106
2026-06-08 09:00:00,26.1,99.0,0.6,15.0,227.0,10.970305524287557,10.229975400937477
2026-06-08 10:00:00,25.5,96.0,0.8,18.6,217.0,11.1937594306281,14.854620486879648
2026-06-08 11:00:00,25.9,96.0,0.9,19.5,215.0,11.1847405088454,15.973464863635341
2026-06-08 12:00:00,25.9,98.0,1.6,18.3,214.0,10.233230133514667,15.171387577757264
2026-06-08 13:00:00,26.4,97.0,1.0,21.8,209.0,10.56884972137015,19.06670961563883
2026-06-08 14:00:00,27.1,94.0,1.1,22.3,219.0,14.033844720411377,17.33035494049045
2026-06-08 15:00:00,27.4,89.0,0.8,22.2,229.0,16.754552680945537,14.564510443589262
2026-06-08 16:00:00,27.9,82.0,0.1,22.6,233.0,18.04916252706882,13.601019523236292
2026-06-08 17:00:00,26.9,86.0,0.5,23.6,229.0,17.81114609325742,15.482993084175973
2026-06-08 18:00:00,25.5,98.0,1.7000000000000002,19.5,227.0,14.261397181573823,13.29896802121872
2026-06-08 19:00:00,25.1,98.0,1.5,21.7,242.0,19.159962765038713,10.18753291245383
2026-06-08 20:00:00,26.0,96.0,2.3,21.1,227.0,15.431563104164498,14.390165397318718
2026-06-08 21:00:00,25.6,97.0,0.9,24.8,226.0,17.83962704839855,17.227527587383133
2026-06-08 22:00:00,25.7,98.0,1.0,25.7,225.0,18.17264427649427,18.172644276494268
2026-06-08 23:00:00,25.3,98.0,1.1,23.5,233.0,18.767934486111383,14.142653044073134
2026-06-09 00:00:00,25.2,98.0,2.0,25.0,240.0,21.65063509461097,12.499999999999998
2026-06-09 01:00:00,25.1,98.0,2.9,25.3,237.0,21.218365369019228,13.779367585880186
2026-06-09 02:00:00,25.1,99.0,6.8,19.8,239.0,16.971912553901824,10.197753883219074
2026-06-09 03:00:00,24.9,99.0,21.3,14.1,251.0,13.331811915950368,4.590510977845909
2026-06-09 04:00:00,24.8,99.0,9.6,16.9,262.0,16.735530361732536,2.352025406225106
2026-06-09 05:00:00,24.7,99.0,4.8,13.4,259.0,13.153804258198697,2.5568405380457007
2026-06-09 06:00:00,24.8,99.0,5.3,12.6,246.0,11.510672766296771,5.124881702755083
2026-06-09 07:00:00,24.9,98.0,1.5,12.6,248.0,11.682516567541521,4.720043077040491
2026-06-09 08:00:00,24.9,99.0,3.0,17.4,248.0,16.132999069462098,6.518154725436869
2026-06-09 09:00:00,25.0,99.0,3.3,24.6,236.0,20.394324284854026,13.756145425380375
2026-06-09 10:00:00,24.9,99.0,5.0,21.2,230.0,16.240142194122335,13.627097325354631
2026-06-09 11:00:00,25.4,99.0,2.9,20.5,232.0,16.1542204489378,12.621060244175995
2026-06-09 12:00:00,25.9,95.0,1.0,21.6,240.0,18.706148721743876,10.799999999999999
2026-06-09 13:00:00,25.1,99.0,1.7000000000000002,20.1,240.0,17.407110616067218,10.049999999999999
2026-06-09 14:00:00,25.8,98.0,1.4,19.7,249.0,18.391534401994875,7.059848606042415
2026-06-09 15:00:00,25.5,99.0,1.9,22.4,245.0,20.301294429620956,9.466649062991667
2026-06-09 16:00:00,25.1,99.0,3.9,21.9,248.0,20.305326415012644,8.203884395808473
2026-06-09 17:00:00,25.3,98.0,2.3,23.5,247.0,21.63186405613235,9.182181519497934
2026-06-09 18:00:00,24.6,99.0,6.5,20.5,260.0,20.188558936750265,3.559787642172072
2026-06-09 19:00:00,25.3,99.0,4.4,17.6,243.0,15.681714825715277,7.9902327954160235
2026-06-09 20:00:00,25.6,98.0,0.4,14.4,270.0,14.4,0.0
2026-06-09 21:00:00,25.5,97.0,0.1,13.4,276.0,13.326593397934863,-1.4006814077865566
2026-06-09 22:00:00,25.1,97.0,0.2,9.3,260.0,9.158712103013535,1.6149280523024523
2026-06-09 23:00:00,25.2,99.0,1.9,12.2,237.0,10.231780928934173,6.64459622718333
2026-06-10 00:00:00,25.1,99.0,1.2,15.5,243.0,13.810601124919703,7.036852745962975
2026-06-10 01:00:00,24.9,99.0,1.9,18.2,231.0,14.14405649851687,11.45363111710704
2026-06-10 02:00:00,25.4,99.0,2.5,16.5,237.0,13.838064371099497,8.986544077747947
2026-06-10 03:00:00,25.2,99.0,1.6,18.5,234.0,14.966814395936527,10.874027167410754
2026-06-10 04:00:00,25.2,99.0,1.6,20.5,239.0,17.571929664393302,10.55828053565611
2026-06-10 05:00:00,25.2,99.0,1.8,20.8,243.0,18.532935703118053,9.443002394582573
2026-06-10 06:00:00,25.3,99.0,1.9,20.9,248.0,19.378142560445855,7.829277802392561
2026-06-10 07:00:00,25.4,99.0,2.5,21.0,248.0,19.470860945902537,7.866738461734152
2026-06-10 08:00:00,25.8,99.0,2.8,15.4,240.0,13.336791218280357,7.699999999999999
2026-06-10 09:00:00,25.5,99.0,4.9,20.1,239.0,17.229062744112458,10.35226530569209
2026-06-10 10:00:00,25.8,99.0,3.0,22.9,237.0,19.20555600595021,12.472233901844119
2026-06-10 11:00:00,25.8,99.0,2.5,23.1,242.0,20.396089395041216,10.844793100354078
2026-06-10 12:00:00,25.8,98.0,2.4,22.9,250.0,21.518961015997302,7.8322612821578135
2026-06-10 13:00:00,25.9,98.0,1.4,21.1,253.0,20.17803035082005,6.169042969649746
2026-06-10 14:00:00,26.2,98.0,1.3,20.3,257.0,19.779712315140277,4.56650640318046
2026-06-10 15:00:00,25.9,98.0,0.9,17.7,258.0,17.31321253298836,3.6800369274743403
2026-06-10 16:00:00,25.8,98.0,0.2,12.3,267.0,12.283143277481258,0.6437322617882092
2026-06-10 17:00:00,25.8,98.0,0.3,9.8,287.0,9.371786608437748,-2.8652427062828205
2026-06-10 18:00:00,25.7,98.0,0.2,8.9,6.0,-0.9303033230821149,-8.851244868777634
2026-06-10 19:00:00,25.2,99.0,0.2,13.2,32.0,-6.994934287878306,-11.194234869264822
2026-06-10 20:00:00,25.1,98.0,1.6,12.1,23.0,-4.727846654720214,-11.138108726774528
2026-06-10 21:00:00,25.0,99.0,2.0,14.3,18.0,-4.41894301956175,-13.600108183020696
2026-06-10 22:00:00,24.9,98.0,0.4,16.9,25.0,-7.1422486234178155,-15.316601600919384
2026-06-10 23:00:00,24.8,99.0,0.5,17.0,30.0,-8.500000000000007,-14.722431864335451
2026-06-11 00:00:00,24.3,99.0,4.4,12.4,24.0,-5.043534374139921,-11.327963674768252
2026-06-11 01:00:00,24.1,99.0,1.7000000000000002,13.1,8.0,-1.8231676225768623,-12.97251170051457
2026-06-11 02:00:00,23.7,99.0,1.0,15.5,25.0,-6.550583056980837,-14.047770699068076
2026-06-11 03:00:00,23.5,99.0,0.7000000000000001,16.5,23.0,-6.447063620073018,-15.188330081965264
2026-06-11 04:00:00,23.4,99.0,0.4,18.1,19.0,-5.892783595674536,-17.113886218347638
2026-06-11 05:00:00,23.4,99.0,0.2,17.7,20.0,-6.053756536864333,-16.63255938791058
2026-06-11 06:00:00,23.6,98.0,0.1,17.0,22.0,-6.368312088070509,-15.762125527635384
2026-06-11 07:00:00,24.5,96.0,0.0,16.1,29.0,-7.805434885966024,-14.081377284944276
2026-06-11 08:00:00,25.7,94.0,0.0,18.4,28.0,-8.638276755260389,-16.246235708604257
2026-06-11 09:00:00,27.1,84.0,0.0,17.1,33.0,-9.313327498756962,-14.341266711866753
2026-06-11 10:00:00,28.7,76.0,0.0,13.2,30.0,-6.600000000000006,-11.431535329954587
2026-06-11 11:00:00,29.5,73.0,0.0,9.6,41.0,-6.29816667830887,-7.245211970138611
2026-06-11 12:00:00,30.1,72.0,0.0,7.8,75.0,-7.534221445054732,-2.018788551799662
2026-06-11 13:00:00,30.3,74.0,0.2,5.5,99.0,-5.4322858732732575,0.8603895577212703
2026-06-11 14:00:00,29.9,76.0,0.3,5.5,167.0,-1.2372307988912576,5.359035356318794
2026-06-11 15:00:00,29.3,81.0,0.7000000000000001,5.0,182.0,0.1744974835125054,4.9969541350954785
2026-06-11 16:00:00,25.8,96.0,9.9,15.1,205.0,6.381535752284561,13.685247584253414
2026-06-11 17:00:00,25.6,99.0,1.4,9.0,241.0,7.871577364254562,4.363286582217033
2026-06-11 18:00:00,25.6,99.0,0.3,7.1,285.0,6.858073366652385,-1.8376152202278973
2026-06-11 19:00:00,25.2,99.0,0.0,4.7,337.0,1.8364363038995866,-4.32637281122647
2026-06-11 20:00:00,24.5,99.0,0.7000000000000001,7.7,11.0,-1.4692292643993936,-7.558529312547013
2026-06-11 21:00:00,24.5,99.0,0.4,9.6,13.0,-2.1595301217011063,-9.353952621938257
2026-06-11 22:00:00,24.6,99.0,0.1,12.7,16.0,-3.5005944188758855,-12.20802353841665
2026-06-11 23:00:00,24.1,99.0,0.0,15.7,10.0,-2.726276389370806,-15.461481722291666
2026-06-12 00:00:00,23.4,98.0,0.0,13.4,15.0,-3.4681752043737766,-12.943406072273516
2026-06-12 01:00:00,23.1,98.0,0.1,13.8,8.0,-1.9205887932489085,-13.66569934863367
2026-06-12 02:00:00,22.8,100.0,0.0,12.0,9.0,-1.8772135804827723,-11.852260087141651
2026-06-12 03:00:00,23.2,99.0,6.5,8.8,5.0,-0.7669705361793927,-8.766513343207361
2026-06-12 04:00:00,23.3,99.0,1.2,8.0,354.0,0.8362277061412277,-7.956175162946186
2026-06-12 05:00:00,23.5,99.0,1.2,5.1,6.0,-0.5330951626650321,-5.072061666378194
2026-06-12 06:00:00,23.9,99.0,1.1,4.9,6.0,-0.5121894700115015,-4.87315728730454
2026-06-12 07:00:00,24.8,99.0,0.3,5.6,17.0,-1.6372815464473276,-5.355306633392997
2026-06-12 08:00:00,26.5,95.0,0.1,7.5,27.0,-3.404928748046602,-6.682548931412758
2026-06-12 09:00:00,27.5,89.0,0.2,6.4,45.0,-4.525483399593905,-4.525483399593904
2026-06-12 10:00:00,29.1,82.0,0.2,2.2,125.0,-1.8021344974357822,1.2618681599723012
2026-06-12 11:00:00,27.1,96.0,3.7,3.3,167.0,-0.7423384793347546,3.2154212137912763
2026-06-12 12:00:00,27.6,97.0,1.0,4.7,182.0,0.1640276345017551,4.6971368869897505
2026-06-12 13:00:00,28.1,90.0,0.9,9.5,207.0,4.312909747525695,8.464561979789494
2026-06-12 14:00:00,25.8,97.0,7.1,14.1,222.0,9.4347415496599,10.478342039231258
2026-06-12 15:00:00,25.6,99.0,2.9,12.8,251.0,12.102637767671256,4.167272377051606
2026-06-12 16:00:00,25.9,99.0,1.0,14.0,248.0,12.980573963935024,5.244492307822768
2026-06-12 17:00:00,25.8,99.0,0.3,15.5,248.0,14.371349745785205,5.806402197946636
2026-06-12 18:00:00,25.3,99.0,0.6,15.3,261.0,15.111631611105608,2.3934473151155324
2026-06-12 19:00:00,24.9,99.0,0.8,14.3,265.0,14.245584182711962,1.246327121291512
2026-06-12 20:00:00,25.2,99.0,0.9,11.5,273.0,11.4842396496776,-0.6018634967938541
2026-06-12 21:00:00,25.2,99.0,0.3,12.1,274.0,12.070525008143873,-0.8440533323039161
2026-06-12 22:00:00,25.1,99.0,0.2,8.8,265.0,8.766513343207361,0.7669705361793919
2026-06-12 23:00:00,24.8,99.0,0.1,5.2,297.0,4.633233925779513,-2.360750598645643
2026-06-13 00:00:00,24.6,99.0,0.0,3.6,333.0,1.6343657990623686,-3.207623487078124
2026-06-13 01:00:00,24.5,100.0,0.0,2.7,4.0,-0.18834247910913907,-2.6934229357015256
2026-06-13 02:00:00,24.9,99.0,0.0,1.3,360.0,7.960204194457797e-17,-1.3
2026-06-13 03:00:00,24.5,100.0,0.0,2.5,356.0,0.1743911843603131,-2.4939101256495606
2026-06-13 04:00:00,24.3,99.0,0.0,2.3,342.0,0.7107390870623791,-2.1874299874788528
2026-06-13 05:00:00,24.2,99.0,0.0,2.3,315.0,1.6263455967290592,-1.626345596729059
2026-06-13 06:00:00,24.6,99.0,0.0,3.0,295.0,2.7189233611099497,-1.2678547852220983
2026-06-13 07:00:00,26.3,100.0,0.0,3.6,229.0,2.716954488801979,2.3618125043658265
2026-06-13 08:00:00,27.7,92.0,0.0,4.9,260.0,4.82555798975982,0.8508760705679587
2026-06-13 09:00:00,29.5,78.0,0.0,9.1,248.0,8.437373076557765,3.408920000084799
2026-06-13 10:00:00,30.7,67.0,0.0,12.7,247.0,11.690411638845992,4.962285331813777
2026-06-13 11:00:00,31.3,63.0,0.0,15.3,251.0,14.466434206669549,4.981192763194498
2026-06-13 12:00:00,31.7,61.0,0.0,16.3,256.0,15.815820338298742,3.9433268982745844
2026-06-13 13:00:00,31.2,64.0,0.3,17.2,263.0,17.071793808230737,2.0961527065685366
2026-06-13 14:00:00,31.1,65.0,0.0,19.4,260.0,19.105270408436834,3.3687746467384483
2026-06-13 15:00:00,30.6,67.0,0.0,18.9,263.0,18.759122266020984,2.303330590357287
2026-06-13 16:00:00,29.6,72.0,0.0,17.6,270.0,17.6,0.0
2026-06-13 17:00:00,28.7,75.0,0.0,15.5,274.0,15.462242779027275,-1.0812253430339422
2026-06-13 18:00:00,27.6,80.0,0.0,14.8,269.0,14.79774588831459,0.258295615271796
2026-06-13 19:00:00,27.1,80.0,0.0,14.7,262.0,14.556940610501083,2.0458445841129618
2026-06-13 20:00:00,27.4,76.0,0.0,13.0,264.0,12.928784639787553,1.3588700224794952
2026-06-13 21:00:00,27.1,76.0,0.0,12.0,256.0,11.643548715311958,2.903062747196013
2026-06-13 22:00:00,26.8,77.0,0.0,11.5,256.0,11.15840085217396,2.782101799396179
2026-06-13 23:00:00,26.4,79.0,0.0,10.4,253.0,9.94556946201557,3.0406657291164625
2026-06-14 00:00:00,25.9,82.0,0.0,10.4,256.0,10.091075553270363,2.5159877142365445
2026-06-14 01:00:00,25.9,84.0,0.0,12.2,261.0,12.04979775526068,1.9085004734908164
2026-06-14 02:00:00,26.2,86.0,0.0,14.5,264.0,14.420567482839962,1.5156627173809754
2026-06-14 03:00:00,26.4,87.0,0.0,16.2,260.0,15.953885598797768,2.8131004782042712
2026-06-14 04:00:00,26.2,87.0,0.1,14.5,258.0,14.183140210640182,3.0147195168575105
2026-06-14 05:00:00,26.0,90.0,0.1,16.3,256.0,15.815820338298742,3.9433268982745844
2026-06-14 06:00:00,25.8,91.0,0.2,14.0,263.0,13.895646122978508,1.7061708076720647
2026-06-14 07:00:00,27.0,88.0,0.1,14.9,253.0,14.248940863849228,4.356338400368778
2026-06-14 08:00:00,29.3,80.0,0.3,20.6,237.0,17.276613699675735,11.219564121309558
2026-06-14 09:00:00,30.4,71.0,0.1,22.7,236.0,18.819152896999444,12.693678908785955
2026-06-14 10:00:00,30.9,67.0,0.1,24.5,235.0,20.069225085080298,14.052622690600629
2026-06-14 11:00:00,31.2,67.0,0.2,27.2,237.0,22.811839448115535,14.814181752408736
2026-06-14 12:00:00,31.3,67.0,0.2,26.2,239.0,22.457783278395343,13.493997562643418
2026-06-14 13:00:00,29.5,73.0,1.1,25.7,246.0,23.478118261414842,10.453131727048065
2026-06-14 14:00:00,29.5,82.0,1.5,20.0,256.0,19.40591452551993,4.8384379119933545
2026-06-14 15:00:00,28.2,86.0,0.5,18.4,262.0,18.220932464844893,2.560785057665204
2026-06-14 16:00:00,25.6,94.0,1.0,17.7,267.0,17.675742765155956,0.9263464255001058
2026-06-14 17:00:00,25.5,96.0,0.5,18.6,266.0,18.554691334832732,1.2974704116407307
2026-06-14 18:00:00,25.0,97.0,0.9,17.1,262.0,16.933583975480854,2.379860026417119
2026-06-14 19:00:00,24.4,98.0,1.0,17.1,261.0,16.88947062417686,2.675029352187948
2026-06-14 20:00:00,25.9,88.0,0.7000000000000001,18.0,266.0,17.956152904676834,1.2556165273942554
2026-06-14 21:00:00,25.9,85.0,0.0,17.8,268.0,17.789156720939904,0.6212110413045173
2026-06-14 22:00:00,26.0,84.0,0.0,18.0,272.0,17.989034886343724,-0.6281909406450175
2026-06-14 23:00:00,26.2,84.0,0.0,17.6,259.0,17.276638428678886,3.3582383186271887
2026-06-15 00:00:00,25.7,87.0,0.2,16.4,269.0,16.397502200564816,0.28621946557144956
2026-06-15 01:00:00,25.1,90.0,0.2,14.2,266.0,14.165409513689504,0.9905419271665793
2026-06-15 02:00:00,24.6,94.0,0.0,15.1,273.0,15.079305974794064,-0.7902729392684519
2026-06-15 03:00:00,24.1,95.0,0.4,15.5,269.0,15.497639274924065,0.2705122997778944
2026-06-15 04:00:00,23.9,95.0,0.2,15.1,269.0,15.097700196861508,0.263531337202981
2026-06-15 05:00:00,24.0,96.0,0.1,14.8,266.0,14.763947943845398,1.0323958114130545
2026-06-15 06:00:00,24.5,95.0,0.1,14.9,263.0,14.788937659455698,1.8158532167366974
2026-06-15 07:00:00,25.5,93.0,0.0,15.0,256.0,14.554435894139948,3.628828433995016
2026-06-15 08:00:00,27.7,85.0,0.0,15.5,238.0,13.144745490424603,8.213748595614677
2026-06-15 09:00:00,26.1,93.0,1.5,17.6,239.0,15.086144492357178,9.064670118416954
2026-06-15 10:00:00,25.2,97.0,0.8,16.7,269.0,16.697456509111735,0.2914551875026346
2026-06-15 11:00:00,25.8,96.0,0.6,15.0,260.0,14.772116295183121,2.6047226650039548
2026-06-15 12:00:00,27.4,88.0,0.4,17.8,259.0,17.47296386536842,3.396400117702498
2026-06-15 13:00:00,28.4,81.0,0.3,19.1,247.0,17.58164270094161,7.462964554145129
2026-06-15 14:00:00,28.6,80.0,0.3,18.5,235.0,15.154312819346348,10.611164072494352
2026-06-15 15:00:00,26.8,87.0,0.5,16.0,256.0,15.524731620415944,3.8707503295946837
2026-06-15 16:00:00,26.3,90.0,0.3,13.0,259.0,12.761153384819632,2.4805169398950824
2026-06-15 17:00:00,26.2,89.0,0.0,12.7,258.0,12.42247452931933,2.6404784733855435
2026-06-15 18:00:00,25.8,90.0,0.0,13.8,258.0,13.49843689012652,2.8691813332850793
2026-06-15 19:00:00,25.6,91.0,0.0,13.8,256.0,13.390081022608753,3.338522159275415
2026-06-15 20:00:00,24.1,98.0,0.2,15.3,262.0,15.151101451746028,2.1293484446890014
2026-06-15 21:00:00,24.3,97.0,0.0,13.6,259.0,13.35012969488823,2.5950023371210094
2026-06-15 22:00:00,24.3,97.0,0.0,11.5,261.0,11.358415916844084,1.798996347962655
2026-06-15 23:00:00,24.5,97.0,0.0,11.7,261.0,11.555953584963111,1.830283240970701
2026-06-16 00:00:00,24.7,98.0,0.2,15.4,252.0,14.646270350945365,4.75886171337419
2026-06-16 01:00:00,24.4,98.0,0.2,17.4,263.0,17.270303038559,2.120526575249566
2026-06-16 02:00:00,24.1,98.0,0.0,15.1,272.0,15.090801487988346,-0.5269824002077647
2026-06-16 03:00:00,24.1,97.0,0.0,14.3,264.0,14.221663103766309,1.4947570247274446
2026-06-16 04:00:00,24.2,97.0,0.0,12.8,264.0,12.729880260713898,1.3379643298259645
2026-06-16 05:00:00,24.3,97.0,0.0,13.2,267.0,13.181909858760374,0.6908346224068586
2026-06-16 06:00:00,24.9,96.0,0.0,11.5,266.0,11.471986577987979,0.802199448057441
2026-06-16 07:00:00,26.0,94.0,0.0,12.2,257.0,11.88731479037987,2.7444028629951527
2026-06-16 08:00:00,27.5,96.0,2.7,11.5,240.0,9.959292143521045,5.749999999999999
2026-06-16 09:00:00,27.0,94.0,0.9,14.3,228.0,10.626971004326737,9.568567670931673
2026-06-16 10:00:00,27.9,92.0,0.2,13.4,235.0,10.97663739347249,7.685924247104017
2026-06-16 11:00:00,26.9,94.0,2.8,16.6,233.0,13.257349466785062,9.990129384324002
2026-06-16 12:00:00,29.2,84.0,0.2,16.5,224.0,11.461863112573454,11.869106705587743
2026-06-16 13:00:00,27.7,85.0,0.9,20.0,244.0,17.97588092598334,8.767422935781548
2026-06-16 14:00:00,29.6,77.0,0.4,18.3,229.0,13.811185318076728,12.005880230526284
2026-06-16 15:00:00,27.5,88.0,1.1,16.5,254.0,15.860817982982262,4.548016370980486
2026-06-16 16:00:00,26.0,95.0,1.2,15.2,256.0,14.748495039395145,3.6772128131149495
2026-06-16 17:00:00,25.9,95.0,0.2,12.3,260.0,12.113135362050159,2.135872585303243
2026-06-16 18:00:00,25.9,96.0,0.0,12.0,254.0,11.535140351259827,3.30764826980399
2026-06-16 19:00:00,25.3,96.0,0.1,14.3,260.0,14.082750868074575,2.483168940637104
2026-06-16 20:00:00,25.7,89.0,0.1,13.9,274.0,13.866140298611557,-0.9696149850433418
2026-06-16 21:00:00,25.5,90.0,0.0,11.8,261.0,11.654722419022626,1.8459266874747244
2026-06-16 22:00:00,25.1,92.0,0.0,9.1,262.0,9.01143942554829,1.2664752187365955
2026-06-16 23:00:00,25.3,91.0,0.0,10.7,264.0,10.641384280440523,1.118454556963892
2026-06-17 00:00:00,25.2,91.0,0.0,9.7,255.0,9.369480515003962,2.510544737494451
2026-06-17 01:00:00,25.1,93.0,0.0,10.2,261.0,10.074421074070404,1.5956315434103547
2026-06-17 02:00:00,25.1,91.0,0.0,11.0,265.0,10.9581416790092,0.9587131702242399
2026-06-17 03:00:00,25.1,91.0,0.0,9.9,269.0,9.898492182048274,0.17277882372910677
2026-06-17 04:00:00,25.2,92.0,0.1,9.7,258.0,9.488031727117914,2.0167434009322656
2026-06-17 05:00:00,25.1,95.0,0.1,11.5,253.0,10.997504693574907,3.362274604311473
2026-06-17 06:00:00,25.8,95.0,0.0,11.5,245.0,10.422539550921474,4.860110010018044
2026-06-17 07:00:00,27.2,87.0,0.0,11.0,232.0,8.668118289673941,6.772276228582241
2026-06-17 08:00:00,28.8,83.0,0.1,16.7,221.0,10.956185784141471,12.603649989720292
2026-06-17 09:00:00,29.0,81.0,0.6,16.1,222.0,10.773002762377619,11.964631690186048
2026-06-17 10:00:00,29.9,77.0,0.2,16.4,223.0,11.184773105024973,11.994200706554395
2026-06-17 11:00:00,30.4,74.0,0.4,17.4,223.0,11.866771465087472,12.725554408173565
2026-06-17 12:00:00,31.0,70.0,0.2,17.7,228.0,13.153663410949878,11.843611732551791
2026-06-17 13:00:00,31.0,70.0,0.3,18.1,222.0,12.111263975095335,13.450921341140837
2026-06-17 14:00:00,30.5,72.0,0.4,17.5,228.0,13.005034445854399,11.709785611280019
2026-06-17 15:00:00,30.8,68.0,0.1,17.8,223.0,12.139570809112474,13.018095888821234
2026-06-17 16:00:00,30.3,70.0,0.1,17.4,227.0,12.725554408173565,11.866771465087472
2026-06-17 17:00:00,29.5,74.0,0.1,14.6,231.0,11.346331037271774,9.188077709327626
2026-06-17 18:00:00,28.8,80.0,0.0,11.4,231.0,8.85946396060947,7.174252457968146
2026-06-17 19:00:00,27.7,84.0,0.0,9.6,240.0,8.313843876330612,4.799999999999999
2026-06-17 20:00:00,27.2,88.0,0.0,9.7,270.0,9.7,0.0
2026-06-17 21:00:00,26.9,89.0,0.0,9.6,276.0,9.547410195535424,-1.0034732473694732
2026-06-17 22:00:00,26.7,88.0,0.0,9.1,278.0,9.01143942554829,-1.2664752187365955
2026-06-17 23:00:00,26.1,89.0,0.0,7.4,277.0,7.344841522145783,-0.9018331411980913
2026-06-18 00:00:00,25.7,90.0,0.0,7.7,270.0,7.7,0.0
2026-06-18 01:00:00,25.5,89.0,0.0,6.1,268.0,6.096284044816484,0.2128869298852559
2026-06-18 02:00:00,25.9,88.0,0.0,6.9,265.0,6.873743416833045,0.6013746249588414
2026-06-18 03:00:00,25.8,87.0,0.0,6.9,275.0,6.873743416833045,-0.6013746249588414
2026-06-18 04:00:00,25.8,87.0,0.0,8.1,282.0,7.922995565943825,-1.6840846956238507
2026-06-18 05:00:00,25.7,87.0,0.0,8.1,276.0,8.055627352483013,-0.8466805524679931
2026-06-18 06:00:00,26.3,87.0,0.0,6.7,268.0,6.695918541027941,0.2338266279067565
2026-06-18 07:00:00,28.1,84.0,0.0,5.1,247.0,4.694574752607446,1.9927287552952961
2026-06-18 08:00:00,30.0,74.0,0.0,7.1,223.0,4.842188356443739,5.19261128149611
2026-06-18 09:00:00,30.8,72.0,0.0,9.4,188.0,1.3082271490246153,9.308519846170762
2026-06-18 10:00:00,31.3,68.0,0.0,11.7,183.0,0.6123306880424444,11.683965556628513
2026-06-18 11:00:00,31.7,66.0,0.0,14.1,183.0,0.7379369830255099,14.080676440039491
2026-06-18 12:00:00,31.9,65.0,0.0,13.9,185.0,1.2114648241924482,13.847106303475263
2026-06-18 13:00:00,32.0,65.0,0.0,13.1,196.0,3.610849361202689,12.592528216791978
2026-06-18 14:00:00,32.4,61.0,0.0,13.0,190.0,2.2574263096700955,12.802500789158705
2026-06-18 15:00:00,32.0,63.0,0.0,12.5,200.0,4.27525179157086,11.746157759823854
2026-06-18 16:00:00,31.2,64.0,0.1,12.9,215.0,7.3991360289284955,10.567061371327995
2026-06-18 17:00:00,30.1,72.0,0.1,12.1,227.0,8.849379789591962,8.252180156756232
2026-06-18 18:00:00,29.1,80.0,0.0,9.4,235.0,7.700029216316524,5.391618501699833
2026-06-18 19:00:00,27.8,86.0,0.0,8.1,246.0,7.399718206905066,3.2945668089139817
2026-06-18 20:00:00,27.5,90.0,0.0,8.1,264.0,8.055627352483013,0.8466805524679931
2026-06-18 21:00:00,27.0,92.0,0.0,8.2,262.0,8.120198163680877,1.1412194278725365
2026-06-18 22:00:00,26.8,92.0,0.0,7.7,258.0,7.531736525650304,1.600920019296747
2026-06-18 23:00:00,26.2,95.0,0.0,6.6,249.0,6.161630814881531,2.365228466998982
2026-06-19 00:00:00,25.9,96.0,0.0,6.4,248.0,5.93397666922744,2.397482197861837
2026-06-19 01:00:00,25.6,96.0,0.0,5.8,263.0,5.756767679519667,0.7068421917498553
2026-06-19 02:00:00,25.8,97.0,0.0,6.5,267.0,6.49109197590473,0.3401837155791349
2026-06-19 03:00:00,25.5,96.0,0.0,5.9,268.0,5.896405879412665,0.20590703054475573
2026-06-19 04:00:00,25.4,97.0,0.0,6.2,277.0,6.153786140176196,-0.7555899291119144
2026-06-19 05:00:00,25.2,97.0,0.0,5.9,288.0,5.611233446141406,-1.8232002668121898
2026-06-19 06:00:00,26.1,94.0,0.0,6.4,288.0,6.086761704288983,-1.9777087639996633
2026-06-19 07:00:00,28.4,86.0,0.0,4.8,228.0,3.5670951622914924,3.2118269105225195
2026-06-19 08:00:00,30.2,75.0,0.0,7.3,205.0,3.085113310707106,6.616046845367545
2026-06-19 09:00:00,30.9,70.0,0.1,11.4,185.0,0.9935754673233028,11.3566195582459
2026-06-19 10:00:00,31.4,68.0,0.1,13.1,192.0,2.723643149712649,12.813733569612852
2026-06-19 11:00:00,31.6,66.0,0.2,14.4,195.0,3.7269942494762986,13.909331898562584
2026-06-19 12:00:00,31.4,67.0,0.4,15.8,199.0,5.143976840423077,14.939193494469205
2026-06-19 13:00:00,31.5,68.0,0.3,15.8,201.0,5.662213602815746,14.750570738655789
2026-06-19 14:00:00,31.8,69.0,0.1,14.5,197.0,4.239389718479683,13.866418961464014
2026-06-19 15:00:00,31.6,68.0,0.1,14.5,202.0,5.431795604530723,13.444165891218418
2026-06-19 16:00:00,31.2,69.0,0.0,13.9,213.0,7.570482586708876,11.657520894441394
2026-06-19 17:00:00,30.5,73.0,0.0,13.1,229.0,9.886695500918313,8.594373279775645
2026-06-19 18:00:00,29.5,79.0,0.0,10.3,239.0,8.828823197231758,5.304892171573558
2026-06-19 19:00:00,28.2,83.0,0.0,9.5,249.0,8.869014051723417,3.4044955206803524
2026-06-19 20:00:00,27.8,86.0,0.0,9.8,256.0,9.508898117504765,2.370834576876744
2026-06-19 21:00:00,27.5,87.0,0.0,9.0,255.0,8.693332436601615,2.3293714059226867
2026-06-19 22:00:00,27.2,88.0,0.0,8.6,260.0,8.469346675904989,1.4933743279356009
2026-06-19 23:00:00,26.9,89.0,0.0,8.6,255.0,8.306962106085987,2.2258437878816784
2026-06-20 00:00:00,26.6,91.0,0.0,8.6,254.0,8.266850585069543,2.370481260026193
2026-06-20 01:00:00,26.4,93.0,0.0,9.0,254.0,8.65135526344487,2.4807362023529924
2026-06-20 02:00:00,26.3,92.0,0.0,10.2,246.0,9.318163667954527,4.148713759373162
2026-06-20 03:00:00,26.2,93.0,0.0,9.1,252.0,8.654614298285896,2.8120546488120213
2026-06-20 04:00:00,26.1,93.0,0.0,9.1,261.0,8.987963899415753,1.4235536318661008
2026-06-20 05:00:00,26.1,93.0,0.0,9.0,264.0,8.950697058314459,0.9407561694088813
2026-06-20 06:00:00,26.8,91.0,0.0,9.9,258.0,9.683661247264677,2.0583257390958174
2026-06-20 07:00:00,28.7,82.0,0.0,11.4,242.0,10.065602558591769,5.351975815759156
2026-06-20 08:00:00,30.2,71.0,0.0,13.0,250.0,12.21600407021681,4.446261863233693
2026-06-20 09:00:00,31.2,66.0,0.0,13.3,243.0,11.850386771705294,6.038073646535972
2026-06-20 10:00:00,31.9,62.0,0.0,15.1,247.0,13.899623287131849,5.900040040188034
2026-06-20 11:00:00,32.4,59.0,0.0,17.0,251.0,16.073815785188387,5.534658625771664
2026-06-20 12:00:00,32.6,56.0,0.0,18.0,254.0,17.30271052688974,4.961472404705985
2026-06-20 13:00:00,32.6,56.0,0.0,18.6,256.0,18.047500508733535,4.49974725815382
2026-06-20 14:00:00,32.6,54.0,0.0,19.8,270.0,19.8,0.0
2026-06-20 15:00:00,32.0,58.0,0.0,18.7,272.0,18.68860846525709,-0.6526205883367681
2026-06-20 16:00:00,30.9,64.0,0.0,18.0,268.0,17.989034886343724,0.6281909406450175
2026-06-20 17:00:00,29.9,70.0,0.0,17.4,263.0,17.270303038559,2.120526575249566
2026-06-20 18:00:00,28.7,76.0,0.0,15.4,265.0,15.341398350612883,1.3421984383139358
2026-06-20 19:00:00,27.7,81.0,0.0,13.5,269.0,13.497943884611281,0.23560748690332742
2026-06-20 20:00:00,27.8,77.0,0.0,12.7,278.0,12.576404473017943,-1.767498382192831
2026-06-20 21:00:00,27.4,78.0,0.0,10.5,277.0,10.42173459223388,-1.2796281057540484
2026-06-20 22:00:00,26.7,80.0,0.0,8.9,277.0,8.833660749607766,-1.0846371563058126
2026-06-20 23:00:00,25.9,84.0,0.0,7.3,281.0,7.165878439167947,-1.392905666248777
2026-06-21 00:00:00,25.0,89.0,0.0,6.2,287.0,5.9290894869708195,-1.812704569280968
2026-06-21 01:00:00,24.6,91.0,0.0,5.5,283.0,5.359035356318794,-1.2372307988912574
2026-06-21 02:00:00,24.5,92.0,0.0,4.1,283.0,3.9949172656194643,-0.9222993228098464
2026-06-21 03:00:00,24.2,93.0,0.0,5.2,276.0,5.1715138559150216,-0.5435480089917981
2026-06-21 04:00:00,24.1,90.0,0.0,6.0,277.0,5.955276909847932,-0.7312160604308848
2026-06-21 05:00:00,24.0,88.0,0.0,7.1,277.0,7.047077676653386,-0.865272338176547
2026-06-21 06:00:00,25.0,82.0,0.0,8.9,277.0,8.833660749607766,-1.0846371563058126
2026-06-21 07:00:00,27.4,77.0,0.0,9.2,270.0,9.2,0.0
2026-06-21 08:00:00,29.8,66.0,0.0,7.6,265.0,7.571079705497266,0.662383644882202
2026-06-21 09:00:00,31.3,57.0,0.0,9.5,271.0,9.498553103985717,-0.16579786115419337
2026-06-21 10:00:00,32.5,52.0,0.0,9.5,272.0,9.49421285668141,-0.3315452186737592
2026-06-21 11:00:00,33.1,51.0,0.0,10.8,267.0,10.785198975349399,0.5652283274237935
2026-06-21 12:00:00,33.0,55.0,0.0,14.0,271.0,13.997867732189478,-0.24433369012196915
2026-06-21 13:00:00,32.5,60.0,0.0,16.9,273.0,16.876839137352295,-0.8844776605057507
2026-06-21 14:00:00,31.8,60.0,0.0,18.7,270.0,18.7,0.0
2026-06-21 15:00:00,31.1,65.0,0.0,18.4,278.0,18.220932464844893,-2.560785057665204
2026-06-21 16:00:00,30.3,70.0,0.0,17.5,279.0,17.28454596041491,-2.73760313820404
2026-06-21 17:00:00,29.7,74.0,0.0,15.3,282.0,14.965658291227228,-3.1810488695117183
2026-06-21 18:00:00,28.9,80.0,0.0,10.8,307.0,8.625263508510763,-6.4996022500421216
2026-06-21 19:00:00,27.8,85.0,0.0,7.5,320.0,4.820907072649045,-5.745333323392335
2026-06-21 20:00:00,27.6,87.0,0.0,5.9,293.0,5.4309786353693985,-2.3053136580867153
2026-06-21 21:00:00,27.1,89.0,0.0,5.2,326.0,2.9078030980478835,-4.3109953772862175
2026-06-21 22:00:00,26.8,87.0,0.0,7.4,359.0,0.12914780763589864,-7.398872944157295
2026-06-21 23:00:00,27.2,86.0,0.0,10.2,13.0,-2.2945007543074256,-9.938574660809397
2026-06-22 00:00:00,27.1,91.0,0.0,12.0,13.0,-2.699412652126383,-11.69244077742282
2026-06-22 01:00:00,26.9,95.0,0.0,12.5,12.0,-2.5988961352219975,-12.22684500917257
2026-06-22 02:00:00,26.7,93.0,0.0,11.4,6.0,-1.1916244812512484,-11.337549607198318
2026-06-22 03:00:00,26.2,95.0,0.0,8.6,331.0,4.169362734118499,-7.521729481398803
2026-06-22 04:00:00,25.8,96.0,0.0,8.1,294.0,7.399718206905066,-3.2945668089139817
2026-06-22 05:00:00,26.0,95.0,0.0,8.9,277.0,8.833660749607766,-1.0846371563058126
2026-06-22 06:00:00,26.7,88.0,0.0,10.6,273.0,10.585473068398482,-0.5547611361752046
2026-06-22 07:00:00,27.9,78.0,0.0,12.8,280.0,12.605539238556263,-2.2226966741367082
2026-06-22 08:00:00,29.9,67.0,0.0,10.9,289.0,10.306152474032555,-3.548692883583008
2026-06-22 09:00:00,31.4,59.0,0.0,7.8,310.0,5.975146656328028,-5.013743355555006
2026-06-22 10:00:00,32.2,60.0,0.0,5.7,24.0,-2.3183988655320604,-5.207209108562826
2026-06-22 11:00:00,32.3,63.0,0.0,7.5,60.0,-6.495190528383289,-3.750000000000001
2026-06-22 12:00:00,32.6,63.0,0.0,6.2,80.0,-6.10580806867569,-1.0766187015349689
2026-06-22 13:00:00,32.2,66.0,0.1,6.0,95.0,-5.977168188550474,0.5229344564859492
2026-06-22 14:00:00,32.3,62.0,0.4,6.3,110.0,-5.9200635109512225,2.154726902951714
2026-06-22 15:00:00,31.3,68.0,0.0,5.8,99.0,-5.7285923754517984,0.9073198972333396
2026-06-22 16:00:00,30.1,75.0,0.3,4.6,103.0,-4.482102298012081,1.03477484998178
2026-06-22 17:00:00,29.6,81.0,0.4,3.1,114.0,-2.831990918692062,1.2608835935349814
2026-06-22 18:00:00,28.6,87.0,0.0,1.2,129.0,-0.9325751537483651,0.7551844692598049
2026-06-22 19:00:00,27.9,92.0,0.0,1.5,120.0,-1.299038105676658,0.7499999999999999
2026-06-22 20:00:00,27.7,91.0,0.0,4.0,309.0,3.1085838458278836,-2.5172815641993496
2026-06-22 21:00:00,27.5,91.0,0.0,2.4,318.0,1.6059134552612597,-1.7835475811457462
2026-06-22 22:00:00,26.9,93.0,0.0,2.2,305.0,1.802134497435782,-1.2618681599723014
2026-06-22 23:00:00,26.4,95.0,0.0,2.3,331.0,1.1150621265665752,-2.01162532642061
2026-06-23 00:00:00,25.8,98.0,0.0,3.2,333.0,1.45276959916655,-2.851220877402777
2026-06-23 01:00:00,25.6,99.0,0.0,5.8,340.0,1.983716831288879,-5.450217200558268
2026-06-23 02:00:00,26.0,95.0,0.0,5.4,8.0,-0.7515347451843555,-5.34744757120448
2026-06-23 03:00:00,25.9,94.0,0.0,7.0,3.0,-0.36635169370061016,-6.9904067432820165
2026-06-23 04:00:00,25.8,93.0,0.0,6.1,336.0,2.481093522762381,-5.572627291619865
2026-06-23 05:00:00,25.1,96.0,0.0,6.1,304.0,5.057129192585753,-3.411076711171556
2026-06-23 06:00:00,25.8,92.0,0.0,7.3,286.0,7.017210380349728,-2.012152697464094
2026-06-23 07:00:00,27.8,84.0,0.0,7.1,280.0,6.992135046386677,-1.2329020614352053
2026-06-23 08:00:00,29.8,73.0,0.0,9.5,272.0,9.49421285668141,-0.3315452186737592
2026-06-23 09:00:00,30.9,63.0,0.0,11.6,265.0,11.555858497864248,1.0110066158728348
2026-06-23 10:00:00,31.7,58.0,0.0,15.5,269.0,15.497639274924065,0.2705122997778944
2026-06-23 11:00:00,32.0,62.0,0.0,18.6,276.0,18.498107253849884,-1.9442294167783547
2026-06-23 12:00:00,32.2,61.0,0.0,20.0,278.0,19.805361374831406,-2.7834620192013086
2026-06-23 13:00:00,32.3,62.0,0.0,20.1,285.0,19.415109108410274,-5.202262806560667
2026-06-23 14:00:00,32.3,62.0,0.0,19.1,289.0,18.059404793946953,-6.218351750131694
2026-06-23 15:00:00,31.8,64.0,0.0,18.2,290.0,17.10240569830353,-6.224766608527171
2026-06-23 16:00:00,30.9,67.0,0.0,19.1,293.0,17.58164270094161,-7.462964554145129
2026-06-23 17:00:00,30.2,72.0,0.0,13.8,309.0,10.7246142681062,-8.684621396487756
2026-06-23 18:00:00,29.1,78.0,0.0,6.5,360.0,3.9801020972288977e-16,-6.5
2026-06-23 19:00:00,28.3,82.0,0.0,6.5,336.0,2.6437881799927014,-5.938045474676906
2026-06-23 20:00:00,28.3,81.0,0.0,7.6,335.0,3.211898789229316,-6.887939181478539
2026-06-23 21:00:00,27.4,87.0,0.0,4.9,4.0,-0.34180672134621537,-4.8880638462731385
2026-06-23 22:00:00,26.9,87.0,0.0,5.6,345.0,1.4493866525741161,-5.4091846272187825
2026-06-23 23:00:00,26.8,85.0,0.0,8.2,320.0,5.270858399429622,-6.281564433575619
2026-06-24 00:00:00,26.3,87.0,0.0,4.4,308.0,3.4672473158695767,-2.7089104914328965
2026-06-24 01:00:00,25.8,90.0,0.0,6.2,277.0,6.153786140176196,-0.7555899291119144
2026-06-24 02:00:00,25.8,90.0,0.0,6.1,275.0,6.076787658359647,-0.5316500307607148
2026-06-24 03:00:00,26.0,90.0,0.0,8.2,280.0,8.075423574700105,-1.4239150568688286
2026-06-24 04:00:00,26.2,89.0,0.0,8.4,279.0,8.296582060999157,-1.3140495063379394
2026-06-24 05:00:00,26.2,90.0,0.0,11.2,286.0,10.76613099450917,-3.0871383851503906
2026-06-24 06:00:00,26.8,87.0,0.0,14.9,290.0,14.001420049710037,-5.096100135552464
2026-06-24 07:00:00,28.4,78.0,0.0,16.3,290.0,15.316989718810309,-5.574928336208401
2026-06-24 08:00:00,29.7,72.0,0.0,17.7,285.0,17.09688712531651,-4.581097098314617
2026-06-24 09:00:00,30.3,69.0,0.0,22.4,285.0,21.63673850887513,-5.797546610296465
2026-06-24 10:00:00,31.1,66.0,0.0,24.8,285.0,23.954960491968894,-6.418712318542514
2026-06-24 11:00:00,31.6,65.0,0.0,27.8,289.0,26.28541640166101,-9.050794693908957
2026-06-24 12:00:00,32.0,63.0,0.0,28.5,292.0,26.42473985515344,-10.676287912353493
2026-06-24 13:00:00,32.1,64.0,0.0,28.3,294.0,25.853336451285607,-11.510646999045147
2026-06-24 14:00:00,32.3,63.0,0.1,25.5,299.0,22.302802532054592,-12.362645316281595
2026-06-24 15:00:00,31.5,67.0,0.1,21.7,300.0,18.79275126212232,-10.849999999999998
2026-06-24 16:00:00,29.4,78.0,1.0,19.2,304.0,15.917521393056798,-10.73650374663834
2026-06-24 17:00:00,28.1,85.0,0.4,14.8,299.0,12.944371665663057,-7.175182379645789
2026-06-24 18:00:00,28.3,85.0,0.0,12.3,307.0,9.823216773581702,-7.402324784770194
2026-06-24 19:00:00,27.5,87.0,0.0,10.3,282.0,10.0749202875582,-2.1414904154229215
2026-06-24 20:00:00,28.4,81.0,0.0,11.3,297.0,10.068373723328557,-5.130092647056879
2026-06-24 21:00:00,28.2,83.0,0.0,12.4,286.0,11.919645029635154,-3.4179032121307897
2026-06-24 22:00:00,28.0,83.0,0.0,15.4,281.0,15.117058625094026,-2.93845852879879
2026-06-24 23:00:00,27.7,85.0,0.0,18.4,273.0,18.37478343948416,-0.9629815948701664
2026-06-25 00:00:00,27.2,84.0,0.1,17.9,285.0,17.290072290574322,-4.632860907335121
2026-06-25 01:00:00,27.0,82.0,0.0,17.7,276.0,17.60303754801844,-1.8501537998374664
2026-06-25 02:00:00,27.0,83.0,0.3,19.6,273.0,19.57313888118965,-1.0257847423616993
2026-06-25 03:00:00,26.2,87.0,0.2,21.7,275.0,21.617424948590877,-1.8912796176241822
2026-06-25 04:00:00,25.4,87.0,0.1,20.6,276.0,20.48715104458643,-2.1532863433136615
2026-06-25 05:00:00,25.5,88.0,0.2,23.8,272.0,23.78550168305448,-0.8306080215195231
2026-06-25 06:00:00,25.5,88.0,0.1,21.6,277.0,21.438996875452556,-2.632377817551186
2026-06-25 07:00:00,26.2,87.0,0.2,20.2,274.0,20.15079381524845,-1.409080769631331
2026-06-25 08:00:00,27.2,91.0,0.2,19.7,275.0,19.625035552407386,-1.716968132128866
2026-06-25 09:00:00,28.2,85.0,0.3,23.2,277.0,23.02707071807867,-2.827368766999421
2026-06-25 10:00:00,28.4,80.0,0.4,23.6,283.0,22.995133528931554,-5.308844882515214
2026-06-25 11:00:00,27.1,88.0,1.4,24.9,273.0,24.86587541538889,-1.3031653104493015
2026-06-25 12:00:00,26.4,98.0,5.1,29.2,270.0,29.2,0.0
2026-06-25 13:00:00,25.1,98.0,4.6,27.0,280.0,26.589809331329615,-4.688500797007119
2026-06-25 14:00:00,27.4,95.0,0.3,24.0,274.0,23.94153720623578,-1.6741553698590073
2026-06-25 15:00:00,28.7,86.0,0.0,23.1,275.0,23.012097525919323,-2.0132976574709036
2026-06-25 16:00:00,28.4,86.0,0.1,18.5,269.0,18.49718236039324,0.322869519089745
2026-06-25 17:00:00,27.9,88.0,0.1,17.2,260.0,16.938693351809977,2.9867486558712018
2026-06-25 18:00:00,27.1,89.0,0.4,21.6,272.0,21.58684186361247,-0.753829128774021
2026-06-25 19:00:00,26.3,92.0,0.1,18.0,278.0,17.824825237348268,-2.505115817281178
2026-06-25 20:00:00,26.8,93.0,0.0,16.2,269.0,16.197532661533536,0.2827289842839929
2026-06-25 21:00:00,26.9,91.0,0.0,15.7,264.0,15.61399375728189,1.6410968733021594
2026-06-25 22:00:00,26.6,94.0,0.1,20.5,257.0,19.974586328097324,4.611496614049233
2026-06-25 23:00:00,25.8,96.0,0.3,17.8,259.0,17.47296386536842,3.396400117702498
2026-06-26 00:00:00,24.9,98.0,1.8,18.7,268.0,18.68860846525709,0.6526205883367681
2026-06-26 01:00:00,24.5,98.0,1.1,18.7,271.0,18.697151899424515,-0.32636000037720164
2026-06-26 02:00:00,24.3,98.0,1.2,18.0,267.0,17.975331625582328,0.942047212372989
2026-06-26 03:00:00,24.4,98.0,0.8,17.7,265.0,17.632646156223895,1.5426566466335494
2026-06-26 04:00:00,24.7,98.0,0.7000000000000001,19.5,267.0,19.47327592771419,1.0205511467374049
2026-06-26 05:00:00,25.0,99.0,1.1,18.3,263.0,18.163594575036193,2.230208984314199
2026-06-26 06:00:00,25.0,98.0,1.2,17.8,259.0,17.47296386536842,3.396400117702498
2026-06-26 07:00:00,25.2,98.0,0.9,21.1,262.0,20.894656250447134,2.936552430257381
2026-06-26 08:00:00,25.1,98.0,1.1,24.3,263.0,24.118871484884124,2.961425044745084
2026-06-26 09:00:00,25.4,98.0,1.9,21.1,270.0,21.1,0.0
2026-06-26 10:00:00,25.4,98.0,1.2,19.9,263.0,19.751668417662305,2.4251999337624346
2026-06-26 11:00:00,25.6,98.0,1.3,16.2,272.0,16.19013139770935,-0.5653718465805156
2026-06-26 12:00:00,25.9,98.0,1.3,15.5,270.0,15.5,0.0
2026-06-26 13:00:00,25.8,99.0,1.2,16.5,278.0,16.33942313423591,-2.29635616584108
2026-06-26 14:00:00,25.4,98.0,1.0,14.8,283.0,14.420676958821483,-3.329275604289202
2026-06-26 15:00:00,25.8,98.0,0.7000000000000001,13.5,271.0,13.497943884611281,-0.23560748690332742
2026-06-26 16:00:00,25.8,98.0,0.7000000000000001,13.1,270.0,13.1,0.0
2026-06-26 17:00:00,25.5,98.0,0.7000000000000001,12.5,275.0,12.45243372614682,-1.0894467843457272
2026-06-26 18:00:00,25.4,98.0,0.6,13.2,255.0,12.7502209070157,3.4164113953532738
2026-06-26 19:00:00,25.3,98.0,1.3,12.5,258.0,12.226845009172571,2.5988961352219917
2026-06-26 20:00:00,25.0,98.0,2.8,15.8,293.0,14.543976684548559,-6.173551830130526
2026-06-26 21:00:00,24.6,98.0,1.5,13.0,250.0,12.21600407021681,4.446261863233693
2026-06-26 22:00:00,24.5,98.0,1.0,12.6,253.0,12.049439925134246,3.683883479506483
2026-06-26 23:00:00,24.6,98.0,0.3,11.7,269.0,11.698218033329777,0.20419315531621707
2026-06-27 00:00:00,24.7,99.0,0.1,12.7,259.0,12.466665229785331,2.423274241282119
2026-06-27 01:00:00,25.2,99.0,0.1,14.0,255.0,13.522961568046956,3.6234666314352904
2026-06-27 02:00:00,24.7,99.0,0.3,12.4,268.0,12.392446255036788,0.43275375911101205
2026-06-27 03:00:00,24.5,100.0,2.1,11.6,257.0,11.302692751508728,2.6094322303888338
2026-06-27 04:00:00,24.6,99.0,2.5,10.7,253.0,10.232460888804479,3.128377240533283
2026-06-27 05:00:00,24.8,99.0,2.0,10.8,249.0,10.08266860616978,3.8703738550892433
2026-06-27 06:00:00,25.1,99.0,0.8,11.6,258.0,11.346512168512145,2.411775613486008
2026-06-27 07:00:00,25.4,99.0,0.4,12.1,253.0,11.571287547152728,3.5376976271451146
2026-06-27 08:00:00,25.9,98.0,0.3,15.1,270.0,15.1,0.0
2026-06-27 09:00:00,26.3,97.0,0.1,12.6,256.0,12.225726151077556,3.0482158845558134
2026-06-27 10:00:00,27.0,94.0,0.0,12.9,258.0,12.618104049466094,2.682060811549096
2026-06-27 11:00:00,28.0,90.0,0.0,12.7,254.0,12.208023538416649,3.500594418875889
2026-06-27 12:00:00,29.5,79.0,0.0,14.9,243.0,13.275997210406683,6.764458446119247
2026-06-27 13:00:00,29.3,75.0,0.1,17.4,246.0,15.895690962981254,7.077217589518923
2026-06-27 14:00:00,29.1,80.0,0.3,16.5,260.0,16.249327924701433,2.8651949315043503
2026-06-27 15:00:00,29.2,80.0,0.1,15.4,263.0,15.285210735276358,1.8767878884392712
2026-06-27 16:00:00,28.8,81.0,0.0,14.6,265.0,14.544442592139484,1.2724738441158092
2026-06-27 17:00:00,28.1,85.0,0.0,13.0,264.0,12.928784639787553,1.3588700224794952
2026-06-27 18:00:00,27.6,87.0,0.0,12.3,256.0,11.934637433194757,2.975639315875913
2026-06-27 19:00:00,27.2,88.0,0.0,12.6,256.0,12.225726151077556,3.0482158845558134
2026-06-27 20:00:00,27.2,85.0,0.0,13.0,264.0,12.928784639787553,1.3588700224794952
2026-06-27 21:00:00,26.8,85.0,0.0,10.9,264.0,10.84028865951418,1.1393602496174229
2026-06-27 22:00:00,26.5,83.0,0.0,9.4,265.0,9.364230162062409,0.8192639818279868
2026-06-27 23:00:00,26.1,80.0,0.0,7.6,255.0,7.341036279796919,1.9670247427791576
2026-06-28 00:00:00,25.5,83.0,0.0,7.1,234.0,5.744020660062127,4.173275291276559
2026-06-28 01:00:00,25.1,87.0,0.0,6.4,241.0,5.597566125692133,3.1027815695765573
2026-06-28 02:00:00,25.3,91.0,0.0,1.8,276.0,1.790139411662892,-0.18815123388177626
2026-06-28 03:00:00,25.2,93.0,0.1,3.9,196.0,1.0749856876862967,3.7489206141594438
2026-06-28 04:00:00,25.5,96.0,0.1,5.9,191.0,1.125773072721615,5.791600382341218
2026-06-28 05:00:00,25.6,96.0,0.0,7.1,195.0,1.8376152202278973,6.858073366652385
2026-06-28 06:00:00,26.6,93.0,0.0,6.3,215.0,3.613531549011591,5.160657879020648
2026-06-28 07:00:00,28.3,85.0,0.0,6.2,206.0,2.7179011100922805,5.572523087054836
2026-06-28 08:00:00,30.3,76.0,0.0,6.9,185.0,0.6013746249588412,6.873743416833045
2026-06-28 09:00:00,31.2,69.0,0.0,9.4,185.0,0.8192639818279865,9.364230162062409
2026-06-28 10:00:00,31.6,67.0,0.0,8.9,187.0,1.0846371563058128,8.833660749607766
2026-06-28 11:00:00,32.2,65.0,0.0,9.9,176.0,-0.6905890900668408,9.87588409757226
2026-06-28 12:00:00,32.3,66.0,0.0,11.2,165.0,-2.898773305148233,10.818369254437565
2026-06-28 13:00:00,31.6,67.0,0.0,11.7,166.0,-2.830486178516113,11.352459997429158
2026-06-28 14:00:00,31.1,72.0,0.1,9.5,161.0,-3.092897467342988,8.98242646819351
2026-06-28 15:00:00,30.7,75.0,0.0,7.3,155.0,-3.085113310707105,6.616046845367546
2026-06-28 16:00:00,30.5,77.0,0.0,7.3,138.0,-4.884653426419665,5.424957225984977
2026-06-28 17:00:00,29.8,79.0,0.1,7.3,138.0,-4.884653426419665,5.424957225984977
2026-06-28 18:00:00,29.0,84.0,0.1,5.5,134.0,-3.9563689018625814,3.8206210375244845
2026-06-28 19:00:00,27.7,91.0,0.2,4.3,118.0,-3.796674649293386,2.01872771997933
2026-06-28 20:00:00,27.4,91.0,0.2,5.3,98.0,-5.248420764330323,0.7376174350883462
2026-06-28 21:00:00,27.3,91.0,0.2,6.4,98.0,-6.337715639946051,0.8907078461444181
2026-06-28 22:00:00,26.7,93.0,0.4,7.2,93.0,-7.190132650232932,0.3768188849491954
2026-06-28 23:00:00,26.2,96.0,0.6,6.2,75.0,-5.9887401229922235,-1.604678079635629
2026-06-29 00:00:00,25.9,98.0,0.8,5.1,67.0,-4.694574752607446,-1.992728755295295
2026-06-29 01:00:00,25.7,99.0,0.7000000000000001,4.8,56.0,-3.9793803482642005,-2.684125936659584
2026-06-29 02:00:00,26.3,93.0,0.8,15.6,26.0,-6.8385898899096125,-14.021187122267001
2026-06-29 03:00:00,26.4,91.0,0.1,14.4,34.0,-8.05237780997875,-11.938141044792603
2026-06-29 04:00:00,26.4,90.0,0.1,9.2,57.0,-7.715769225097901,-5.0106791221382485
2026-06-29 05:00:00,26.0,92.0,0.6,7.4,89.0,-7.398872944157295,-0.12914780763589892
2026-06-29 06:00:00,26.4,94.0,0.5,8.1,84.0,-8.055627352483013,-0.8466805524679933
2026-06-29 07:00:00,27.5,93.0,0.1,11.4,111.0,-10.6428168620681,4.085394624816423
2026-06-29 08:00:00,27.6,93.0,0.8,11.4,103.0,-11.10781873855168,2.5644420195200635
2026-06-29 09:00:00,27.9,89.0,0.5,12.7,97.0,-12.605336125844788,1.5477406612453737
2026-06-29 10:00:00,26.8,93.0,1.5,13.3,109.0,-12.575397055470916,4.330056454280183
2026-06-29 11:00:00,27.0,98.0,2.0,5.9,79.0,-5.791600382341218,-1.125773072721614
2026-06-29 12:00:00,27.3,96.0,1.5,10.2,103.0,-9.938574660809397,2.2945007543074247
2026-06-29 13:00:00,26.9,99.0,1.6,7.6,68.0,-7.046597294707584,-2.847010109960931
2026-06-29 14:00:00,29.9,76.0,0.2,10.9,107.0,-10.423721839997087,3.186851581477829
2026-06-29 15:00:00,29.4,79.0,0.4,10.1,95.0,-10.06156645072663,0.8802730017513477
2026-06-29 16:00:00,29.0,81.0,0.2,10.5,86.0,-10.474422527728153,-0.7324429743133154
2026-06-29 17:00:00,28.4,83.0,0.4,10.6,80.0,-10.438962181929405,-1.8406706832694628
2026-06-29 18:00:00,27.5,88.0,0.3,10.5,65.0,-9.516231763884825,-4.437491748277342
2026-06-29 19:00:00,26.5,91.0,0.6,9.4,48.0,-6.985561359487506,-6.289827699773268
2026-06-29 20:00:00,27.3,85.0,0.0,10.8,36.0,-6.348080724758711,-8.737383539249432
2026-06-29 21:00:00,27.3,84.0,0.0,12.0,40.0,-7.713451316238474,-9.192533317427735
2026-06-29 22:00:00,27.3,85.0,0.0,11.7,49.0,-8.830102088606433,-7.675890639188932
2026-06-29 23:00:00,27.4,84.0,0.0,10.8,62.0,-9.535834002876411,-5.0702928780876215
2026-06-30 00:00:00,27.4,85.0,0.0,10.4,64.0,-9.347458081511336,-4.559059926606405
2026-06-30 01:00:00,27.2,86.0,0.0,10.5,59.0,-9.00025665737218,-5.407899786555569
2026-06-30 02:00:00,27.3,85.0,0.0,12.1,57.0,-10.14791387213963,-6.590132323681828
2026-06-30 03:00:00,27.3,85.0,0.0,12.2,65.0,-11.05695500184713,-5.155942793236531
2026-06-30 04:00:00,27.4,85.0,0.0,12.9,69.0,-12.043187501813902,-4.622946549134376
2026-06-30 05:00:00,27.5,85.0,0.0,14.5,75.0,-14.00592448119149,-3.7528761539865516
2026-06-30 06:00:00,27.6,86.0,0.0,15.2,77.0,-14.810424984735574,-3.4192560260267473
2026-06-30 07:00:00,28.4,83.0,0.1,17.3,80.0,-17.0371741271112,-3.004113473637897
2026-06-30 08:00:00,29.6,79.0,0.2,17.3,77.0,-16.856602120784572,-3.891653240148864
2026-06-30 09:00:00,29.9,77.0,0.3,18.3,77.0,-17.830972185569806,-4.1166042944927295
2026-06-30 10:00:00,30.4,75.0,0.3,19.2,77.0,-18.707905243876517,-4.319060243402207
2026-06-30 11:00:00,30.6,74.0,0.3,20.0,81.0,-19.753766811902757,-3.1286893008046146
2026-06-30 12:00:00,30.2,76.0,0.6,19.8,88.0,-19.787938374978097,-0.6910100347095178
2026-06-30 13:00:00,30.2,75.0,0.7000000000000001,18.8,95.0,-18.728460324124818,1.6385279636559742
2026-06-30 14:00:00,31.1,72.0,0.8,17.7,94.0,-17.65688368959889,1.2346895852710218
2026-06-30 15:00:00,30.7,73.0,0.2,16.7,97.0,-16.575520732410077,2.035218034865964
2026-06-30 16:00:00,30.4,74.0,0.2,15.7,95.0,-15.640256760040405,1.3683451611382336
2026-06-30 17:00:00,29.8,76.0,0.0,14.6,93.0,-14.579991207416777,0.7641049611469796
2026-06-30 18:00:00,29.1,81.0,0.0,13.0,90.0,-13.0,1.592040838891559e-15
2026-06-30 19:00:00,28.4,84.0,0.0,12.6,89.0,-12.59808095897053,-0.2199003211097738
2026-06-30 20:00:00,28.5,82.0,0.0,11.8,78.0,-11.542141688658907,-2.4533579516495623
2026-06-30 21:00:00,28.2,82.0,0.1,12.3,80.0,-12.113135362050159,-2.135872585303245
2026-06-30 22:00:00,28.0,82.0,0.1,13.0,80.0,-12.802500789158705,-2.257426309670096
2026-06-30 23:00:00,27.6,85.0,0.5,13.9,80.0,-13.688827766869691,-2.4137096695703337
2026-07-01 00:00:00,27.2,87.0,0.4,13.5,78.0,-13.204992609906375,-2.8068078260397535
2026-07-01 01:00:00,27.0,88.0,0.3,13.4,83.0,-13.300118431993717,-1.633049201628974
2026-07-01 02:00:00,27.0,91.0,0.5,13.3,77.0,-12.959121861643629,-2.9918490227734043
2026-07-01 03:00:00,26.7,92.0,0.4,13.0,80.0,-12.802500789158705,-2.257426309670096
2026-07-01 04:00:00,26.6,93.0,0.3,12.4,80.0,-12.21161613735138,-2.1532374030699377
2026-07-01 05:00:00,26.1,95.0,0.4,11.4,69.0,-10.6428168620681,-4.085394624816425
2026-07-01 06:00:00,26.2,96.0,0.6,13.3,72.0,-12.649051666725544,-4.109926025186799
2026-07-01 07:00:00,26.6,96.0,0.5,13.9,65.0,-12.597678239809436,-5.87439383819572
2026-07-01 08:00:00,27.7,95.0,0.3,17.2,77.0,-16.759165114306047,-3.8691581347144774
2026-07-01 09:00:00,28.5,89.0,0.5,18.5,83.0,-18.36210380536446,-2.254582852995225
2026-07-01 10:00:00,29.8,79.0,0.1,19.3,87.0,-19.273550020763274,-1.0100839554888108
2026-07-01 11:00:00,30.7,71.0,0.0,19.8,87.0,-19.772864788140563,-1.0362519336102827
2026-07-01 12:00:00,30.4,73.0,0.3,20.6,94.0,-20.54981943535238,1.436983359128986
2026-07-01 13:00:00,30.2,74.0,0.6,19.8,92.0,-19.787938374978097,0.6910100347095226
2026-07-01 14:00:00,31.1,68.0,0.3,19.4,80.0,-19.105270408436834,-3.368774646738451
2026-07-01 15:00:00,30.7,69.0,0.1,19.8,79.0,-19.436218232263748,-3.7780181084555857
2026-07-01 16:00:00,30.3,71.0,0.0,18.7,79.0,-18.356428330471317,-3.568128213541386
2026-07-01 17:00:00,29.5,74.0,0.1,18.0,82.0,-17.824825237348264,-2.5051158172811796
2026-07-01 18:00:00,28.6,81.0,0.2,16.2,86.0,-16.16053761420915,-1.1300548746548293
2026-07-01 19:00:00,27.9,83.0,0.3,16.0,89.0,-15.99756312250226,-0.2792385029965382
2026-07-01 20:00:00,28.2,83.0,0.6,13.9,87.0,-13.880950533088576,-0.7274697917769155
2026-07-01 21:00:00,28.0,84.0,0.1,13.6,82.0,-13.467645734885355,-1.892754173056891
2026-07-01 22:00:00,27.9,85.0,0.1,13.4,82.0,-13.269592121137041,-1.864919552864878
2026-07-01 23:00:00,27.9,83.0,0.1,12.1,83.0,-12.009808434859996,-1.4746190552022824
2026-07-02 00:00:00,27.4,85.0,0.3,13.4,79.0,-13.153804258198697,-2.5568405380456993
2026-07-02 01:00:00,26.3,94.0,0.8,11.1,73.0,-10.614982791189693,-3.245325922422378
2026-07-02 02:00:00,25.9,96.0,0.4,12.5,60.0,-10.825317547305483,-6.250000000000002
2026-07-02 03:00:00,25.6,97.0,1.3,10.8,57.0,-9.05764213381058,-5.882101578162293
2026-07-02 04:00:00,25.2,99.0,0.4,15.2,41.0,-9.97209724065571,-11.471585619386135
2026-07-02 05:00:00,25.2,98.0,0.5,13.1,46.0,-9.423351384436328,-9.100024653012865
2026-07-02 06:00:00,25.5,98.0,0.6,14.5,48.0,-10.775599969422217,-9.702393792203445
2026-07-02 07:00:00,25.7,98.0,0.8,17.5,51.0,-13.60005432549699,-11.013106843372158
2026-07-02 08:00:00,27.7,91.0,0.6,14.4,49.0,-10.867817955207919,-9.447250017463302
2026-07-02 09:00:00,28.7,83.0,0.3,14.1,68.0,-13.073292349391702,-5.28195296716436
2026-07-02 10:00:00,29.3,81.0,0.6,15.5,95.0,-15.441017820422056,1.350914012588702
2026-07-02 11:00:00,30.0,77.0,0.3,15.5,110.0,-14.565235622181579,5.301312221547867
2026-07-02 12:00:00,30.8,71.0,0.3,14.9,115.0,-13.503986026846084,6.297012099936422
2026-07-02 13:00:00,30.7,71.0,0.3,15.5,110.0,-14.565235622181579,5.301312221547867
2026-07-02 14:00:00,31.4,69.0,0.6,14.8,96.0,-14.718924051450445,1.5470212563612753
2026-07-02 15:00:00,30.8,71.0,0.2,14.6,108.0,-13.885425137909241,4.511648117874233
2026-07-02 16:00:00,30.4,74.0,0.1,14.1,115.0,-12.778939797216763,5.958917490543863
2026-07-02 17:00:00,29.7,78.0,0.0,13.4,112.0,-12.42426365119495,5.0197283517732245
2026-07-02 18:00:00,28.9,82.0,0.0,11.7,113.0,-10.769906785393552,4.571554203324503
2026-07-02 19:00:00,28.3,84.0,0.0,11.7,115.0,-10.603801108328804,4.944633662366184
2026-07-02 20:00:00,28.8,80.0,0.0,11.8,123.0,-9.896312701756003,6.426740613177323
2026-07-02 21:00:00,28.5,82.0,0.0,10.4,126.0,-8.413776741499452,6.112966623841722
2026-07-02 22:00:00,28.2,85.0,0.0,10.0,116.0,-8.98794046299167,4.383711467890773
2026-07-02 23:00:00,27.7,87.0,0.1,8.8,109.0,-8.320563465273988,2.8649997592229783
2026-07-03 00:00:00,26.8,92.0,0.1,7.8,48.0,-5.796529638723675,-5.219218729599094
2026-07-03 01:00:00,25.9,97.0,0.3,8.3,24.0,-3.3759141375291413,-7.582427298433589
2026-07-03 02:00:00,25.7,95.0,0.1,11.3,18.0,-3.4918920364369077,-10.746938634135235
2026-07-03 03:00:00,25.9,94.0,0.0,10.7,27.0,-4.857698347213152,-9.533769808815535
2026-07-03 04:00:00,26.1,94.0,0.0,9.3,44.0,-6.460322845268675,-6.689860143149456
2026-07-03 05:00:00,26.3,92.0,0.0,8.5,61.0,-7.434267510684864,-4.120881772093864
2026-07-03 06:00:00,27.0,89.0,0.0,9.3,81.0,-9.185501567534782,-1.4548405248741458
2026-07-03 07:00:00,28.2,83.0,0.1,11.9,94.0,-11.871012198091908,0.8301020375550938
2026-07-03 08:00:00,29.3,81.0,0.5,11.7,95.0,-11.655477967673422,1.0197221901476008
2026-07-03 09:00:00,30.1,75.0,0.1,14.3,107.0,-13.675158010271408,4.1809153775351335
2026-07-03 10:00:00,30.6,72.0,0.0,15.4,108.0,-14.646270350945365,4.758861713374191
2026-07-03 11:00:00,30.9,70.0,0.1,16.0,111.0,-14.937286823955228,5.733887192724803
2026-07-03 12:00:00,31.0,70.0,0.0,16.1,112.0,-14.927660058525277,6.031166153996187
2026-07-03 13:00:00,31.1,70.0,0.0,15.4,114.0,-14.068600047696052,6.263744303367327
2026-07-03 14:00:00,31.2,68.0,0.0,13.7,107.0,-13.101375156693587,4.005492354701492
2026-07-03 15:00:00,30.8,69.0,0.0,13.9,115.0,-12.597678239809435,5.874393838195723
2026-07-03 16:00:00,30.1,72.0,0.0,14.0,121.0,-12.00034220982957,7.2105330487407615
2026-07-03 17:00:00,29.5,73.0,0.0,13.4,127.0,-10.701715834633726,8.064321310237446
2026-07-03 18:00:00,28.7,80.0,0.0,10.5,128.0,-8.27411291287058,6.464445490919413
2026-07-03 19:00:00,27.8,83.0,0.0,7.6,124.0,-6.300685551418316,4.249866066377677
2026-07-03 20:00:00,28.1,81.0,0.0,8.4,130.0,-6.434773322199415,5.3994159213669315
2026-07-03 21:00:00,27.5,84.0,0.0,7.4,124.0,-6.134878036907308,4.138027485683527
2026-07-03 22:00:00,27.2,85.0,0.0,7.4,116.0,-6.651075942613836,3.2439464862391723
2026-07-03 23:00:00,27.1,86.0,0.0,7.0,116.0,-6.2915583240941695,3.068598027523541
2026-07-04 00:00:00,26.8,88.0,0.0,5.0,116.0,-4.493970231495835,2.1918557339453866
2026-07-04 01:00:00,26.5,90.0,0.0,5.3,114.0,-4.841790925505784,2.155704208301742
2026-07-04 02:00:00,26.6,87.0,0.0,6.3,125.0,-5.160657879020649,3.613531549011589
2026-07-04 03:00:00,26.3,89.0,0.0,6.4,117.0,-5.702441754805554,2.9055391983331003
2026-07-04 04:00:00,26.3,89.0,0.0,6.5,109.0,-6.1458707413955596,2.1161930039715178
2026-07-04 05:00:00,26.2,88.0,0.0,6.3,110.0,-5.9200635109512225,2.154726902951714
2026-07-04 06:00:00,27.0,87.0,0.0,6.8,119.0,-5.947414008547891,3.2967054176750925
2026-07-04 07:00:00,28.5,79.0,0.0,9.7,135.0,-6.85893577750951,6.858935777509511
2026-07-04 08:00:00,29.8,73.0,0.0,8.9,146.0,-4.976816840889645,7.3784343957398715
2026-07-04 09:00:00,30.3,72.0,0.1,9.8,145.0,-5.6210490762402525,8.02769003403212
2026-07-04 10:00:00,30.5,70.0,0.2,11.2,147.0,-6.099957192168303,9.393110360988748
2026-07-04 11:00:00,30.6,71.0,0.3,12.5,145.0,-7.169705454388077,10.239400553612397
2026-07-04 12:00:00,31.0,70.0,0.1,12.7,145.0,-7.284420741658286,10.403230962470193
2026-07-04 13:00:00,31.2,70.0,0.0,12.2,144.0,-7.170980077968171,9.870007331374358
2026-07-04 14:00:00,31.1,70.0,0.0,11.5,136.0,-7.988571260278469,8.272407703894487
2026-07-04 15:00:00,30.9,71.0,0.0,11.8,142.0,-7.2648054088427685,9.29852689255932
2026-07-04 16:00:00,30.3,73.0,0.0,11.1,151.0,-5.381386784734341,9.708278749247294
2026-07-04 17:00:00,29.6,76.0,0.0,10.0,159.0,-3.5836794954530027,9.335804264972017
2026-07-04 18:00:00,28.7,81.0,0.0,8.2,165.0,-2.122316169840671,7.92059177557036
2026-07-04 19:00:00,27.4,88.0,0.0,5.8,166.0,-1.403146994478073,5.627715212400779
2026-07-04 20:00:00,27.6,89.0,0.0,5.9,160.0,-2.0179188456214456,5.54418646263686
2026-07-04 21:00:00,27.1,91.0,0.0,5.1,162.0,-1.5759866713122312,4.850388233105283
2026-07-04 22:00:00,26.9,91.0,0.0,4.3,156.0,-1.748967565225941,3.9282454678631837
2026-07-04 23:00:00,26.7,92.0,0.0,5.2,153.0,-2.3607505986456427,4.633233925779513
2026-07-05 00:00:00,26.5,93.0,0.0,5.8,158.0,-2.17271824181229,5.377666356487367
2026-07-05 01:00:00,26.5,92.0,0.0,5.6,153.0,-2.542346798541461,4.98963653545486
2026-07-05 02:00:00,26.4,89.0,0.0,5.2,158.0,-1.9479542857627428,4.821356043747294
2026-07-05 03:00:00,26.2,90.0,0.0,6.0,163.0,-1.75423022833642,5.737828535778213
2026-07-05 04:00:00,26.1,90.0,0.0,5.9,162.0,-1.8232002668121894,5.611233446141407
2026-07-05 05:00:00,25.9,90.0,0.0,5.2,155.0,-2.1976149610516367,4.71280049259058
2026-07-05 06:00:00,26.8,89.0,0.0,5.8,160.0,-1.9837168312888784,5.450217200558269
2026-07-05 07:00:00,28.3,80.0,0.0,8.1,155.0,-3.4232079200996646,7.3410930749968655
2026-07-05 08:00:00,29.6,75.0,0.0,7.0,148.0,-3.7094348496324336,5.936336673094982
2026-07-05 09:00:00,30.2,72.0,0.0,8.0,142.0,-4.925291802605266,6.304086028853776
2026-07-05 10:00:00,30.8,70.0,0.0,8.6,141.0,-5.4121553630286,6.683455268529951
2026-07-05 11:00:00,31.3,67.0,0.0,9.8,144.0,-5.760295472466236,7.9283665448744856
2026-07-05 12:00:00,31.4,66.0,0.0,10.9,149.0,-5.6139150165195915,9.343123577653024
2026-07-05 13:00:00,31.3,65.0,0.0,11.4,156.0,-4.6367977310641235,10.41441821712565
2026-07-05 14:00:00,31.4,61.0,0.0,11.9,176.0,-0.8301020375550915,11.871012198091908
2026-07-05 15:00:00,30.9,64.0,0.0,11.5,183.0,0.6018634967938556,11.4842396496776
2026-07-05 16:00:00,30.3,69.0,0.0,10.9,186.0,1.1393602496174227,10.84028865951418
2026-07-05 17:00:00,29.5,74.0,0.0,9.2,192.0,1.9127875555233869,8.998957926751011
2026-07-05 18:00:00,28.4,82.0,0.0,7.2,199.0,2.344090712091529,6.8077337443150805
2026-07-05 19:00:00,26.7,91.0,0.0,4.0,212.0,2.1196770569328196,3.392192384625704
2026-07-05 20:00:00,26.8,91.0,0.0,3.5,215.0,2.0075175272286616,2.8670321550114712
2026-07-05 21:00:00,26.6,91.0,0.0,2.8,215.0,1.606014021782929,2.293625724009177
2026-07-05 22:00:00,26.5,91.0,0.0,1.5,216.0,0.8816778784387097,1.2135254915624212
2026-07-05 23:00:00,26.3,91.0,0.0,1.0,202.0,0.37460659341591196,0.9271838545667874
2026-07-06 00:00:00,26.0,91.0,0.0,1.0,135.0,-0.7071067811865475,0.7071067811865476
2026-07-06 01:00:00,25.9,91.0,0.0,2.2,114.0,-2.009800006813722,0.894820614766761
2026-07-06 02:00:00,26.0,90.0,0.0,1.3,56.0,-1.0777488443215544,-0.7269507745119708
2026-07-06 03:00:00,25.7,90.0,0.0,1.3,90.0,-1.3,1.5920408388915593e-16
2026-07-06 04:00:00,25.4,92.0,0.0,3.2,90.0,-3.2,3.9188697572715305e-16
2026-07-06 05:00:00,25.3,93.0,0.0,3.2,63.0,-2.8512208774027776,-1.4527695991665495
2026-07-06 06:00:00,26.1,91.0,0.0,4.7,50.0,-3.6004088826591967,-3.0211017655267347
2026-07-06 07:00:00,28.1,83.0,0.0,5.2,84.0,-5.1715138559150216,-0.5435480089917982
2026-07-06 08:00:00,29.7,74.0,0.0,7.7,111.0,-7.188569284028453,2.759433211498812
2026-07-06 09:00:00,30.4,70.0,0.0,8.8,121.0,-7.543072246178588,4.532335059208479
2026-07-06 10:00:00,31.0,67.0,0.0,9.5,123.0,-7.967370395481527,5.17407083264276
2026-07-06 11:00:00,31.3,66.0,0.0,9.8,133.0,-7.167266275867871,6.683583928612487
2026-07-06 12:00:00,31.5,66.0,0.0,10.5,145.0,-6.022552581685985,8.601096465034413
2026-07-06 13:00:00,31.5,67.0,0.0,10.4,152.0,-4.882504252973265,9.18265496573284
2026-07-06 14:00:00,31.6,64.0,0.0,11.2,169.0,-2.137060748217302,10.994224454613835
2026-07-06 15:00:00,31.2,66.0,0.0,11.3,181.0,0.19721219274130466,11.298278955267222
2026-07-06 16:00:00,30.6,68.0,0.0,11.0,190.0,1.9101299543362344,10.832885283134289
2026-07-06 17:00:00,29.8,72.0,0.0,9.1,195.0,2.3552533104329387,8.789925019230521
2026-07-06 18:00:00,28.8,80.0,0.0,7.0,193.0,1.5746573804070545,6.820590453496647
2026-07-06 19:00:00,27.4,88.0,0.0,4.3,178.0,-0.15006783582075411,4.2973805561821115
2026-07-06 20:00:00,27.4,88.0,0.0,2.5,201.0,0.895919873863251,2.3339510662430043
2026-07-06 21:00:00,27.2,87.0,0.0,1.3,180.0,7.960204194457797e-17,1.3
2026-07-06 22:00:00,27.1,86.0,0.0,0.9,101.0,-0.8834644651028976,0.17172809583889048
2026-07-06 23:00:00,26.6,88.0,0.0,0.9,11.0,-0.17172809583889015,-0.8834644651028976
2026-07-07 00:00:00,26.4,89.0,0.0,0.7000000000000001,360.0,4.2862637970157366e-17,-0.7000000000000001
2026-07-07 01:00:00,26.3,89.0,0.0,0.6000000000000001,342.0,0.1854101966249685,-0.5706339097770922
2026-07-07 02:00:00,26.5,89.0,0.0,0.8,63.0,-0.7128052193506944,-0.36319239979163737
2026-07-07 03:00:00,26.2,89.0,0.0,0.5,90.0,-0.5,6.123233995736766e-17
2026-07-07 04:00:00,25.8,91.0,0.0,0.4,297.0,0.3564026096753472,-0.1815961998958187
2026-07-07 05:00:00,25.5,92.0,0.0,0.6000000000000001,288.0,0.5706339097770922,-0.18541019662496847
2026-07-07 06:00:00,26.0,91.0,0.0,1.7000000000000002,283.0,1.6564291101349,-0.38241679238457055
2026-07-07 07:00:00,28.3,82.0,0.0,3.0,213.0,1.6339171050450814,2.516011703836272
2026-07-07 08:00:00,29.9,73.0,0.0,7.0,168.0,-1.4553818357243153,6.84703320513664
2026-07-07 09:00:00,30.8,69.0,0.0,8.1,162.0,-2.5030376544370734,7.703557781990744
2026-07-07 10:00:00,31.5,64.0,0.0,9.2,159.0,-3.296985135816762,8.588939923774255
2026-07-07 11:00:00,31.9,62.0,0.0,10.6,156.0,-4.3114084166034825,9.683581851011569
2026-07-07 12:00:00,32.0,60.0,0.0,11.8,160.0,-4.035837691242891,11.08837292527372
2026-07-07 13:00:00,31.9,62.0,0.0,11.6,165.0,-3.002300923189242,11.204739584953192
2026-07-07 14:00:00,32.1,59.0,0.0,10.5,174.0,-1.0975488643103624,10.44247990136687
2026-07-07 15:00:00,31.7,61.0,0.0,11.0,194.0,2.6611408515963446,10.67325298903596
2026-07-07 16:00:00,31.1,65.0,0.0,10.6,208.0,4.976398565530443,9.359244484304625
2026-07-07 17:00:00,30.2,70.0,0.0,10.2,224.0,7.085515378681771,7.33726596345424
2026-07-07 18:00:00,28.9,78.0,0.0,8.7,236.0,7.212626881228862,4.864978260195498
2026-07-07 19:00:00,27.4,84.0,0.0,7.7,252.0,7.323135175472682,2.379430856687095
2026-07-07 20:00:00,27.3,87.0,0.0,7.5,255.0,7.244443697168013,1.9411428382689055
2026-07-07 21:00:00,26.5,90.0,0.0,5.2,248.0,4.821356043747294,1.9479542857627425
2026-07-07 22:00:00,26.2,92.0,0.0,4.0,252.0,3.804226065180614,1.2360679774997896
2026-07-07 23:00:00,26.1,92.0,0.0,3.3,264.0,3.2819222547153015,0.3449439287832564
2026-07-08 00:00:00,25.6,93.0,0.0,3.1,283.0,3.0205472008342293,-0.6973482684659815
2026-07-08 01:00:00,25.3,94.0,0.0,3.6,297.0,3.2076234870781244,-1.6343657990623683
2026-07-08 02:00:00,25.5,94.0,0.0,3.5,285.0,3.380740392011739,-0.9058666578588226
2026-07-08 03:00:00,25.1,94.0,0.0,2.9,277.0,2.8783838397598336,-0.35342109587492765
2026-07-08 04:00:00,24.9,95.0,0.0,3.1,267.0,3.0957515577391788,0.1622414643531259
2026-07-08 05:00:00,24.7,96.0,0.0,3.2,270.0,3.2,0.0
2026-07-08 06:00:00,25.5,94.0,0.0,5.2,286.0,4.998560818879258,-1.4333142502483958
2026-07-08 07:00:00,28.0,86.0,0.0,4.2,260.0,4.136192562651273,0.7293223462011075
2026-07-08 08:00:00,30.2,72.0,0.0,6.0,277.0,5.955276909847932,-0.7312160604308848
2026-07-08 09:00:00,31.5,65.0,0.0,4.4,308.0,3.4672473158695767,-2.7089104914328965
2026-07-08 10:00:00,32.8,58.0,0.0,2.9,313.0,2.1209257346955943,-1.9777952441812454
2026-07-08 11:00:00,33.4,53.0,0.0,3.5,246.0,3.197409101749103,1.4235782507653008
2026-07-08 12:00:00,32.9,59.0,0.0,7.7,261.0,7.605200222582561,1.2045453808097777
2026-07-08 13:00:00,33.0,58.0,0.0,13.9,276.0,13.823854345618999,-1.4529456394203832
2026-07-08 14:00:00,32.6,59.0,0.1,13.5,299.0,11.807366046381842,-6.54492987332555
2026-07-08 15:00:00,32.0,61.0,0.1,12.3,305.0,10.0755701447546,-7.054990167117867
2026-07-08 16:00:00,31.6,60.0,0.0,11.8,294.0,10.77983640018269,-4.799492388294443
2026-07-08 17:00:00,30.8,63.0,0.0,7.7,306.0,6.229430856687095,-4.525946442652043
2026-07-08 18:00:00,29.3,76.0,0.0,5.6,15.0,-1.4493866525741155,-5.4091846272187825
2026-07-08 19:00:00,27.9,85.0,0.0,8.5,35.0,-4.8753997089838945,-6.962792376456428
2026-07-08 20:00:00,27.9,75.0,0.0,10.8,360.0,6.613092715395707e-16,-10.8
2026-07-08 21:00:00,27.4,74.0,0.0,10.1,357.0,0.5285931580537341,-10.086158301021195
2026-07-08 22:00:00,26.6,77.0,0.0,8.7,352.0,1.2108059783525695,-8.61533219805166
2026-07-08 23:00:00,26.2,79.0,0.0,8.7,352.0,1.2108059783525695,-8.61533219805166
2026-07-09 00:00:00,26.2,81.0,0.0,9.7,350.0,1.6843873233692248,-9.552635204218417
2026-07-09 01:00:00,26.0,81.0,0.0,10.0,351.0,1.5643446504023093,-9.876883405951379
2026-07-09 02:00:00,25.6,82.0,0.0,8.5,343.0,2.4851594901432623,-8.1285904256858
2026-07-09 03:00:00,24.8,84.0,0.0,7.9,333.0,3.58652494794242,-7.038951541088106
2026-07-09 04:00:00,24.8,84.0,0.0,8.0,333.0,3.6319239979163744,-7.128052193506942
2026-07-09 05:00:00,24.9,83.0,0.0,9.0,327.0,4.901751315135244,-7.548035111508817
2026-07-09 06:00:00,25.4,83.0,0.0,8.9,318.0,5.955262396593839,-6.613988946748809
2026-07-09 07:00:00,28.0,79.0,0.0,5.7,281.0,5.595274945651685,-1.0876112736463055
2026-07-09 08:00:00,30.2,70.0,0.0,6.6,279.0,6.518743047927909,-1.0324674692655236
2026-07-09 09:00:00,31.4,64.0,0.0,3.8,343.0,1.1110124779463997,-3.6339580726595346
2026-07-09 10:00:00,31.9,60.0,0.0,9.8,77.0,-9.548826634895306,-2.204520332569877
2026-07-09 11:00:00,31.1,66.0,0.1,12.4,77.0,-12.082188803336917,-2.7893930738639257
2026-07-09 12:00:00,31.7,65.0,0.0,10.4,54.0,-8.413776741499454,-6.11296662384172
2026-07-09 13:00:00,32.3,61.0,0.0,9.3,36.0,-5.466402846320002,-7.5238580476870105
2026-07-09 14:00:00,32.9,56.0,0.0,7.0,10.0,-1.2155372436685123,-6.893654271085456
2026-07-09 15:00:00,31.8,61.0,0.3,8.3,24.0,-3.3759141375291413,-7.582427298433589
2026-07-09 16:00:00,30.7,59.0,0.2,11.7,10.0,-2.031683678703085,-11.522250710242833
2026-07-09 17:00:00,29.7,60.0,0.0,10.1,358.0,0.3524849166952609,-10.093847352892867
2026-07-09 18:00:00,28.6,65.0,0.0,11.0,358.0,0.3838944637275119,-10.993299097210054
2026-07-09 19:00:00,27.2,67.0,0.0,8.0,340.0,2.7361611466053506,-7.5175409662872665
2026-07-09 20:00:00,26.4,75.0,0.0,6.5,284.0,6.306922220793977,-1.5724923213978403
2026-07-09 21:00:00,25.8,82.0,0.0,4.3,265.0,4.283637201794505,0.3747696938149301
2026-07-09 22:00:00,25.7,87.0,0.0,2.3,252.0,2.1874299874788528,0.710739087062379
2026-07-09 23:00:00,25.2,92.0,0.0,4.7,270.0,4.7,0.0
2026-07-10 00:00:00,25.0,93.0,0.0,3.8,289.0,3.592970587277404,-1.2371589869371955
2026-07-10 01:00:00,24.8,94.0,0.0,5.8,286.0,5.57531783644225,-1.598696663738595
2026-07-10 02:00:00,25.5,91.0,0.0,8.9,276.0,8.851244868777632,-0.9303033230821159
2026-07-10 03:00:00,26.0,89.0,0.0,11.4,291.0,10.6428168620681,-4.0853946248164235
2026-07-10 04:00:00,26.1,88.0,0.0,10.3,283.0,10.036011667287923,-2.3169958597418097
2026-07-10 05:00:00,26.4,85.0,0.0,12.3,282.0,12.031215489025811,-2.55731379705844
2026-07-10 06:00:00,26.8,84.0,0.0,14.4,285.0,13.909331898562584,-3.7269942494762986
2026-07-10 07:00:00,28.2,79.0,0.0,13.7,286.0,13.169285234354968,-3.776231774692888
2026-07-10 08:00:00,30.2,73.0,0.0,13.2,292.0,12.238826880281593,-4.944807033090038
2026-07-10 09:00:00,31.7,62.0,0.0,15.6,296.0,14.021187122267005,-6.838589889909607
2026-07-10 10:00:00,32.6,59.0,0.0,13.1,299.0,11.457518163526084,-6.351006025227015
2026-07-10 11:00:00,32.8,59.0,0.0,9.0,285.0,8.693332436601615,-2.3293714059226867
2026-07-10 12:00:00,33.0,55.0,0.2,6.6,227.0,4.826934430686525,4.50118917641249
2026-07-10 13:00:00,31.6,68.0,0.1,10.9,243.0,9.71197111365321,4.94849644716106
2026-07-10 14:00:00,31.7,68.0,0.0,13.0,276.0,12.928784639787553,-1.3588700224794952
2026-07-10 15:00:00,31.0,71.0,0.0,13.5,293.0,12.426815521607946,-5.274870234605196
2026-07-10 16:00:00,29.8,84.0,0.7000000000000001,8.3,266.0,8.27978161715654,0.5789787320762401
2026-07-10 17:00:00,30.0,87.0,0.0,4.0,210.0,2.0000000000000004,3.4641016151377544
2026-07-10 18:00:00,29.5,86.0,0.0,7.0,257.0,6.820590453496647,1.574657380407055
2026-07-10 19:00:00,28.7,85.0,0.0,8.6,260.0,8.469346675904989,1.4933743279356009
2026-07-10 20:00:00,28.6,84.0,0.0,4.2,301.0,3.600102662948872,-2.1631599146222276
2026-07-10 21:00:00,28.1,85.0,0.0,4.7,268.0,4.6971368869897505,0.16402763450175456
2026-07-10 22:00:00,28.0,84.0,0.0,10.6,259.0,10.405248144545238,2.022575350991375
2026-07-10 23:00:00,27.9,86.0,0.0,16.2,269.0,16.197532661533536,0.2827289842839929
2026-07-11 00:00:00,27.7,85.0,0.0,18.2,279.0,17.975927798831506,-2.8471072637322017
2026-07-11 01:00:00,27.1,86.0,0.0,23.8,280.0,23.438424521690553,-4.132826628472942
2026-07-11 02:00:00,27.1,84.0,0.0,23.3,285.0,22.50607175253529,-6.030483750888734
2026-07-11 03:00:00,27.3,80.0,0.0,29.6,288.0,28.151272882336546,-9.146903033498443
2026-07-11 04:00:00,27.3,79.0,0.0,37.3,300.0,32.30274756115956,-18.649999999999995
2026-07-11 05:00:00,27.5,81.0,0.0,43.6,294.0,39.8305819532174,-17.73371763810489
2026-07-11 06:00:00,27.4,81.0,0.0,41.4,290.0,38.90327450053661,-14.159633933682684
2026-07-11 07:00:00,26.9,84.0,0.1,49.4,286.0,47.486327779352955,-13.616485377359759
2026-07-11 08:00:00,26.8,88.0,0.4,49.5,286.0,47.582453948946785,-13.644049112941458
2026-07-11 09:00:00,27.1,86.0,0.3,52.4,283.0,51.056991394746326,-11.787435247618525
2026-07-11 10:00:00,27.0,87.0,1.1,53.5,280.0,52.68721478615313,-9.290177505180774
2026-07-11 11:00:00,25.8,96.0,3.6,47.7,275.0,47.518487098976266,-4.157328929063294
2026-07-11 12:00:00,25.8,96.0,2.8,47.6,273.0,47.53476585431772,-2.491191517164127
2026-07-11 13:00:00,26.4,95.0,2.9,46.1,268.0,46.07191712558031,1.6088667979852946
2026-07-11 14:00:00,27.7,96.0,1.5,36.9,262.0,36.54089173656394,5.1354874254264145
2026-07-11 15:00:00,27.6,95.0,2.6,43.3,264.0,43.06279806944623,4.526082459489395
2026-07-11 16:00:00,28.4,90.0,0.8,44.0,261.0,43.45828698618606,6.883116461770158
2026-07-11 17:00:00,29.2,83.0,0.0,41.4,259.0,40.63936539473329,7.899492408588955
2026-07-11 18:00:00,28.4,82.0,0.6,35.5,260.0,34.960675231933386,6.164510307176027
2026-07-11 19:00:00,26.3,96.0,2.9,27.0,261.0,26.66758519606872,4.223730556086234
2026-07-11 20:00:00,28.8,89.0,1.7000000000000002,32.4,245.0,29.36437229998746,13.692831680398662
2026-07-11 21:00:00,28.9,85.0,0.0,31.6,237.0,26.5019899470754,17.210593506474858
2026-07-11 22:00:00,28.9,87.0,0.0,30.0,229.0,22.641287406683162,19.68177086971522
2026-07-11 23:00:00,28.8,86.0,0.0,28.6,229.0,21.584693994371282,18.76328822912851
2026-07-12 00:00:00,28.8,86.0,0.0,29.4,227.0,21.50179882760361,20.050751785837456
2026-07-12 01:00:00,28.7,83.0,0.1,32.1,225.0,22.698127676088177,22.698127676088173
2026-07-12 02:00:00,27.9,90.0,0.1,25.1,220.0,16.13396900313214,19.22771552228635
2026-07-12 03:00:00,27.9,88.0,0.1,23.4,220.0,15.04123006666502,17.925439968984083
2026-07-12 04:00:00,27.9,87.0,0.0,23.5,221.0,15.41738718127692,17.73567513523514
2026-07-12 05:00:00,27.1,92.0,0.4,23.6,227.0,17.259947358212425,16.095161297474966
2026-07-12 06:00:00,26.9,93.0,0.7000000000000001,20.6,230.0,15.780515528250948,13.24142475954271
2026-07-12 07:00:00,27.7,93.0,0.4,20.0,223.0,13.63996720124997,14.627074032383408
2026-07-12 08:00:00,28.3,89.0,0.7000000000000001,21.4,219.0,13.467456368466522,16.630923575179175
2026-07-12 09:00:00,28.4,87.0,0.7000000000000001,22.4,226.0,16.113211527585786,15.560347498281537
2026-07-12 10:00:00,28.7,89.0,1.3,11.5,240.0,9.959292143521045,5.749999999999999
2026-07-12 11:00:00,30.6,79.0,0.0,20.1,214.0,11.23977735976201,16.66365520835634
2026-07-12 12:00:00,30.4,77.0,0.3,20.7,211.0,10.661288150638121,17.743363124533726
2026-07-12 13:00:00,30.7,76.0,0.1,21.7,208.0,10.18753291245383,19.159962765038713
2026-07-12 14:00:00,30.5,75.0,0.2,18.6,207.0,8.444223295155572,16.57272134990364
2026-07-12 15:00:00,29.3,82.0,0.6,18.1,207.0,8.217228045285799,16.127218087809457
2026-07-12 16:00:00,28.4,89.0,1.5,13.3,215.0,7.628566603468914,10.894722189043591
2026-07-12 17:00:00,27.3,96.0,1.1,14.3,217.0,8.605954831074293,11.420487793676289
2026-07-12 18:00:00,27.4,95.0,0.2,12.8,206.0,5.6111506789001915,11.50456379262934
2026-07-12 19:00:00,26.6,96.0,0.3,12.3,209.0,5.963158329029947,10.757822397814568
2026-07-12 20:00:00,27.2,93.0,0.4,13.6,187.0,1.657423070310006,13.49862766232198
2026-07-12 21:00:00,26.9,93.0,0.3,14.2,183.0,0.7431705786498043,14.180539393514948
2026-07-12 22:00:00,27.0,93.0,0.0,11.4,177.0,-0.5966299011695598,11.384376696202143
2026-07-12 23:00:00,26.9,93.0,0.0,10.3,175.0,-0.8977041503008799,10.260805390344979
2026-07-13 00:00:00,25.9,94.0,0.6,10.8,191.0,2.0607371500666853,10.601573581234772
2026-07-13 01:00:00,26.3,95.0,0.3,4.4,189.0,0.6883116461770161,4.3458286986186065
2026-07-13 02:00:00,25.9,98.0,0.1,3.9,28.0,-1.830939094864974,-3.4434956121498153
2026-07-13 03:00:00,25.5,97.0,0.2,5.1,23.0,-1.9927287552952964,-4.694574752607445
2026-07-13 04:00:00,25.2,99.0,0.5,10.0,26.0,-4.383711467890778,-8.987940462991668
2026-07-13 05:00:00,25.3,99.0,0.2,8.7,30.0,-4.350000000000003,-7.534421012924613
2026-07-13 06:00:00,25.7,99.0,0.1,8.7,42.0,-5.821436275322065,-6.4653599816533305
2026-07-13 07:00:00,26.5,97.0,0.1,7.6,59.0,-6.5144714853360535,-3.9142893693164114
2026-07-13 08:00:00,28.1,89.0,0.1,9.3,74.0,-8.939733772226367,-2.563427409098091
2026-07-13 09:00:00,29.3,81.0,0.0,9.0,77.0,-8.769330583067116,-2.0245594890947847
2026-07-13 10:00:00,30.3,75.0,0.0,11.3,89.0,-11.298278955267222,-0.1972121927413051
2026-07-13 11:00:00,30.6,73.0,0.2,12.6,99.0,-12.444873091498733,1.9710742595069104
2026-07-13 12:00:00,30.6,74.0,0.5,12.4,103.0,-12.082188803336916,2.7893930738639283
2026-07-13 13:00:00,30.8,74.0,0.1,11.3,91.0,-11.298278955267222,0.19721219274130286
2026-07-13 14:00:00,28.1,93.0,0.1,9.0,137.0,-6.137985240562485,6.582183314572535
2026-07-13 15:00:00,27.9,96.0,6.2,9.0,113.0,-8.284543681071963,3.5165801564034638
2026-07-13 16:00:00,27.5,96.0,3.3,7.0,91.0,-6.998933866094739,0.12216684506098408
2026-07-13 17:00:00,26.5,97.0,6.7,3.2,93.0,-3.1956145112146364,0.16747505997742018
2026-07-13 18:00:00,26.5,99.0,0.3,4.4,32.0,-2.331644762626102,-3.7314116230882743
2026-07-13 19:00:00,26.0,98.0,1.2,6.8,72.0,-6.467184310807045,-2.1013155617496415
2026-07-13 20:00:00,26.2,98.0,1.3,7.1,234.0,5.744020660062127,4.173275291276559
2026-07-13 21:00:00,25.8,99.0,1.1,11.9,200.0,4.070039705575459,11.18234218735231
2026-07-13 22:00:00,26.1,98.0,0.4,13.0,153.0,-5.901876496614107,11.583084814448783
2026-07-13 23:00:00,26.0,98.0,0.1,11.5,129.0,-8.937178556755166,7.23718449707313
2026-07-14 00:00:00,25.9,99.0,0.2,5.3,128.0,-4.176456994115626,3.2630058192259894
2026-07-14 01:00:00,25.3,98.0,1.3,4.3,158.0,-1.6108083516884217,3.9868905746371857
2026-07-14 02:00:00,25.8,99.0,0.0,7.6,19.0,-2.4743179738743906,-7.185941174554808
2026-07-14 03:00:00,25.5,99.0,0.1,3.8,19.0,-1.2371589869371953,-3.592970587277404
2026-07-14 04:00:00,25.1,98.0,0.5,2.9,191.0,0.5533460865919803,2.8467188319982255
2026-07-14 05:00:00,25.9,94.0,0.2,1.0,112.0,-0.9271838545667873,0.37460659341591224
2026-07-14 06:00:00,26.0,96.0,0.1,5.7,143.0,-3.430345631966676,4.552222407269569
2026-07-14 07:00:00,26.7,97.0,0.5,11.2,183.0,0.5861627099209724,11.184650789251226
2026-07-14 08:00:00,28.0,91.0,0.1,7.6,187.0,0.9262070098791209,7.543350752474047
2026-07-14 09:00:00,28.7,85.0,0.3,12.2,194.0,2.9514471263159456,11.837607860567156
2026-07-14 10:00:00,30.1,76.0,0.1,15.8,192.0,3.2850047149205994,15.45473209159413
2026-07-14 11:00:00,29.2,82.0,1.8,14.3,186.0,1.4947570247274444,14.221663103766309
2026-07-14 12:00:00,27.3,95.0,3.0,11.8,207.0,5.357087896926653,10.51387698542274
2026-07-14 13:00:00,27.5,93.0,2.1,17.2,186.0,1.7978895682036393,17.1057766003343
2026-07-14 14:00:00,27.8,96.0,4.4,10.1,204.0,4.108040095065582,9.226809122190268
2026-07-14 15:00:00,29.1,86.0,0.2,13.1,187.0,1.596488398607432,13.002354586501317
2026-07-14 16:00:00,29.0,83.0,0.2,14.5,201.0,5.196335268406855,13.536916184209426
2026-07-14 17:00:00,28.4,84.0,0.3,16.4,205.0,6.93093949254747,14.863447707401058
2026-07-14 18:00:00,27.5,88.0,0.2,16.9,216.0,9.933570763742795,13.67238720493661
2026-07-14 19:00:00,27.0,90.0,0.1,16.0,223.0,10.911973760999976,11.701659225906727
2026-07-14 20:00:00,27.1,91.0,0.0,11.8,209.0,5.720753518906778,10.32051254424487
2026-07-14 21:00:00,26.8,92.0,0.2,12.1,213.0,6.590132323681828,10.14791387213963
2026-07-14 22:00:00,27.0,92.0,0.0,12.7,213.0,6.916915744690844,10.651116212906885
2026-07-14 23:00:00,26.9,93.0,0.0,12.6,216.0,7.406094178885161,10.193614129124338
2026-07-15 00:00:00,26.7,94.0,0.0,10.1,211.0,5.201884556591547,8.657389737091334
2026-07-15 01:00:00,26.6,95.0,0.0,10.0,213.0,5.446390350150271,8.386705679454241
2026-07-15 02:00:00,26.5,94.0,0.1,8.4,203.0,3.2821414793098995,7.7322407690005
2026-07-15 03:00:00,26.2,95.0,0.2,12.2,224.0,8.474832119599766,8.775945564131543
2026-07-15 04:00:00,26.1,95.0,0.1,9.4,223.0,6.410784584587486,6.874724795220202
2026-07-15 05:00:00,25.8,95.0,0.3,7.1,240.0,6.148780366869515,3.5499999999999994
2026-07-15 06:00:00,25.7,97.0,0.4,10.7,248.0,9.920867243864624,4.008290549550258
2026-07-15 07:00:00,26.0,97.0,0.7000000000000001,9.0,258.0,8.803328406604251,1.8712052173598341
2026-07-15 08:00:00,28.0,89.0,0.4,15.0,228.0,11.147172382160914,10.036959095382873
2026-07-15 09:00:00,28.9,84.0,0.3,16.9,224.0,11.739726460757053,12.156842625723202
2026-07-15 10:00:00,30.2,77.0,0.2,17.5,220.0,11.24878316951444,13.405777754582115
2026-07-15 11:00:00,30.8,72.0,0.2,19.5,218.0,12.005398768850336,15.36620969533108
2026-07-15 12:00:00,30.4,73.0,0.6,21.4,223.0,14.594764905337467,15.650969214650246
2026-07-15 13:00:00,28.4,84.0,1.5,21.7,230.0,16.62316441568182,13.948491130197901
2026-07-15 14:00:00,29.7,79.0,1.0,22.5,232.0,17.730241956151243,13.852383194827311
2026-07-15 15:00:00,29.6,78.0,0.7000000000000001,21.0,234.0,16.989356881873896,12.343490298141935
2026-07-15 16:00:00,29.3,79.0,0.4,19.9,233.0,15.892846649941125,11.97611896072576
2026-07-15 17:00:00,28.7,82.0,0.7000000000000001,18.3,233.0,14.61502983386546,11.013214923682483
2026-07-15 18:00:00,27.7,87.0,0.2,17.6,243.0,15.681714825715277,7.9902327954160235
2026-07-15 19:00:00,26.7,91.0,0.2,15.5,243.0,13.810601124919703,7.036852745962975
2026-07-15 20:00:00,26.9,91.0,0.1,15.6,255.0,15.068442890109464,4.0375771035993235
2026-07-15 21:00:00,26.8,91.0,0.0,15.1,255.0,14.585479976964931,3.908167581048063
2026-07-15 22:00:00,26.8,90.0,0.0,15.0,253.0,14.344571339445531,4.385575570841052
2026-07-15 23:00:00,26.7,91.0,0.1,13.4,255.0,12.943406072273516,3.468175204373778
2026-07-16 00:00:00,26.8,90.0,0.0,12.7,252.0,12.078417756948449,3.9245158285618316
2026-07-16 01:00:00,26.7,90.0,0.0,13.0,245.0,11.78200123147645,5.494037402629092
2026-07-16 02:00:00,26.7,90.0,0.1,12.6,265.0,12.552053195955994,1.098162358620493
2026-07-16 03:00:00,26.4,91.0,0.0,10.3,268.0,10.293725518296688,0.35946481603576
2026-07-16 04:00:00,26.2,91.0,0.0,9.4,271.0,9.398568334470077,-0.164052620510465
2026-07-16 05:00:00,26.2,92.0,0.0,9.9,271.0,9.898492182048274,-0.17277882372910677
2026-07-16 06:00:00,26.5,91.0,0.0,9.4,268.0,9.394273773979501,0.3280552690035091
2026-07-16 07:00:00,28.1,84.0,0.0,11.9,266.0,11.871012198091908,0.8301020375550912
2026-07-16 08:00:00,30.0,74.0,0.1,16.1,263.0,15.979993041425285,1.9620964288228746
2026-07-16 09:00:00,30.5,72.0,0.1,18.3,257.0,17.830972185569806,4.1166042944927295
2026-07-16 10:00:00,31.0,70.0,0.2,18.3,248.0,16.967464538572212,6.85530065951119
2026-07-16 11:00:00,31.2,70.0,0.2,19.4,241.0,16.967622318504276,9.405306632778938
2026-07-16 12:00:00,29.4,76.0,0.7000000000000001,22.6,243.0,20.136747446657115,10.260185294113757
2026-07-16 13:00:00,28.6,83.0,1.2,21.1,247.0,19.422652407846492,8.244426811123677
2026-07-16 14:00:00,30.8,71.0,0.1,19.0,252.0,18.070073809607916,5.871322893124001
2026-07-16 15:00:00,30.5,72.0,0.0,19.3,250.0,18.13606758116803,6.600988766185407
2026-07-16 16:00:00,29.8,75.0,0.1,20.7,252.0,19.686869887309676,6.396651783561411
2026-07-16 17:00:00,27.9,86.0,0.5,19.7,257.0,19.195090276269134,4.431535770574141
2026-07-16 18:00:00,27.5,89.0,0.2,17.4,264.0,17.304680979407955,1.8187952608571702
2026-07-16 19:00:00,27.0,91.0,0.1,17.6,269.0,17.59731943475249,0.30716235329618985
2026-07-16 20:00:00,26.5,91.0,0.1,18.4,278.0,18.220932464844893,-2.560785057665204
2026-07-16 21:00:00,26.2,89.0,0.0,17.6,272.0,17.589278555536087,-0.6142311419640171
2026-07-16 22:00:00,26.4,88.0,0.0,17.0,265.0,16.935309867559674,1.4816476267101888
2026-07-16 23:00:00,26.4,89.0,0.0,15.7,264.0,15.61399375728189,1.6410968733021594
2026-07-17 00:00:00,26.5,89.0,0.0,14.2,266.0,14.165409513689504,0.9905419271665793
2026-07-17 01:00:00,26.6,89.0,0.0,14.5,259.0,14.233594159991128,2.7667304329599
2026-07-17 02:00:00,27.0,85.0,0.1,14.8,257.0,14.420676958821483,3.329275604289202
2026-07-17 03:00:00,26.5,91.0,0.1,14.8,260.0,14.57515474458068,2.569993029470569
2026-07-17 04:00:00,26.3,92.0,0.1,15.9,265.0,15.839495699658755,1.3857763096877649
2026-07-17 05:00:00,25.7,94.0,0.3,15.8,268.0,15.790375066901714,0.5514120478995154
2026-07-17 06:00:00,25.9,94.0,0.2,16.6,267.0,16.577250276925927,0.8687768736328677
2026-07-17 07:00:00,26.9,92.0,0.1,16.4,266.0,16.360050424261114,1.144006169403655
2026-07-17 08:00:00,28.6,85.0,0.1,18.4,270.0,18.4,0.0
2026-07-17 09:00:00,29.3,81.0,0.4,18.6,268.0,18.58866938255518,0.6491306386665181
2026-07-17 10:00:00,30.0,77.0,0.3,18.6,262.0,18.41898607859321,2.5886196778572175
2026-07-17 11:00:00,30.3,76.0,0.4,19.9,257.0,19.38996428922618,4.476525981442913
2026-07-17 12:00:00,30.0,74.0,0.8,20.8,255.0,20.091257186812623,5.383436138132431
2026-07-17 13:00:00,29.7,77.0,1.3,20.9,259.0,20.516008134056175,3.9879080033697862
2026-07-17 14:00:00,31.0,71.0,0.6,24.1,261.0,23.803289008342823,3.770070607469564
2026-07-17 15:00:00,29.8,74.0,0.3,23.8,266.0,23.742024396183815,1.6602040751101823
2026-07-17 16:00:00,29.1,76.0,0.3,22.1,258.0,21.61706197621711,4.594848367072482
2026-07-17 17:00:00,28.7,78.0,0.1,19.9,258.0,19.46513725460273,4.137442647273411
2026-07-17 18:00:00,27.2,84.0,0.2,19.8,267.0,19.772864788140563,1.036251933610288
2026-07-17 19:00:00,26.7,86.0,0.0,16.6,270.0,16.6,0.0
2026-07-17 20:00:00,25.5,95.0,0.0,17.4,263.0,17.270303038559,2.120526575249566
2026-07-17 21:00:00,25.5,94.0,0.1,18.0,263.0,17.865830729543795,2.1936481812926547
2026-07-17 22:00:00,25.8,94.0,0.0,19.0,266.0,18.95371695493666,1.3253730011383809
2026-07-17 23:00:00,25.8,93.0,0.0,18.7,268.0,18.68860846525709,0.6526205883367681
2026-07-18 00:00:00,25.8,93.0,0.0,18.4,274.0,18.355178524780765,-1.2835191168919056
2026-07-18 01:00:00,25.8,92.0,0.0,17.7,274.0,17.65688368959889,-1.2346895852710178
2026-07-18 02:00:00,25.8,89.0,0.0,18.4,274.0,18.355178524780765,-1.2835191168919056
2026-07-18 03:00:00,26.0,88.0,0.0,16.9,268.0,16.889704976622717,0.5898014942722664
2026-07-18 04:00:00,26.3,89.0,0.0,16.4,262.0,16.240396327361754,2.282438855745073
2026-07-18 05:00:00,26.3,91.0,0.0,15.7,264.0,15.61399375728189,1.6410968733021594
2026-07-18 06:00:00,26.8,89.0,0.0,15.7,265.0,15.640256760040405,1.3683451611382331
2026-07-18 07:00:00,28.1,83.0,0.0,16.0,263.0,15.880738426261152,1.9499094944823596
2026-07-18 08:00:00,29.4,78.0,0.2,16.6,268.0,16.58988772851699,0.5793316452615161
2026-07-18 09:00:00,30.1,74.0,0.1,18.5,263.0,18.362103805364455,2.2545828529952283
2026-07-18 10:00:00,30.2,68.0,0.5,20.9,266.0,20.849088650430325,1.4579103012522188
2026-07-18 11:00:00,29.6,77.0,0.6,18.0,258.0,17.606656813208502,3.7424104347196683
2026-07-18 12:00:00,30.6,69.0,0.7000000000000001,20.0,256.0,19.40591452551993,4.8384379119933545
2026-07-18 13:00:00,30.2,71.0,0.8,20.7,259.0,20.319682697366645,3.9497462042944775
2026-07-18 14:00:00,30.2,75.0,1.2,21.0,261.0,20.741455152497892,3.2851237658448484
2026-07-18 15:00:00,29.6,75.0,0.2,22.2,255.0,21.443553343617317,5.74578280127596
2026-07-18 16:00:00,27.4,87.0,0.6,20.5,257.0,19.974586328097324,4.611496614049233
2026-07-18 17:00:00,27.2,88.0,0.3,18.5,262.0,18.319959271719053,2.5747023677612106
2026-07-18 18:00:00,26.7,90.0,0.1,16.4,271.0,16.397502200564816,-0.28621946557144956
2026-07-18 19:00:00,26.4,91.0,0.0,15.2,265.0,15.142159410994532,1.324767289764404
2026-07-18 20:00:00,26.3,90.0,0.0,16.8,274.0,16.75907604436505,-1.171908758901305
2026-07-18 21:00:00,26.4,90.0,0.0,17.0,264.0,16.906872221260645,1.776983875550109
2026-07-18 22:00:00,26.5,90.0,0.0,17.4,263.0,17.270303038559,2.120526575249566
2026-07-18 23:00:00,26.6,90.0,0.0,18.2,263.0,18.064339959872058,2.218022049973684
2026-07-19 00:00:00,26.8,90.0,0.0,17.7,261.0,17.48208362853394,2.768890031212086
2026-07-19 01:00:00,26.8,90.0,0.0,18.5,259.0,18.160102893781783,3.5299664144660787
2026-07-19 02:00:00,26.8,86.0,0.1,18.8,256.0,18.241559653988734,4.5481316372737535
2026-07-19 03:00:00,26.6,89.0,0.1,17.7,251.0,16.735678788107908,5.762556333891673
2026-07-19 04:00:00,26.5,89.0,0.1,17.9,252.0,17.023911641683245,5.531404199311558
2026-07-19 05:00:00,25.8,92.0,0.3,15.5,265.0,15.441017820422056,1.3509140125887016
2026-07-19 06:00:00,25.3,95.0,0.5,14.8,265.0,14.743681531757835,1.289904992665341
2026-07-19 07:00:00,26.1,95.0,0.4,16.8,265.0,16.736070927941327,1.4642164781606573
2026-07-19 08:00:00,27.1,90.0,0.3,17.0,266.0,16.958588854417012,1.18586005365013
2026-07-19 09:00:00,28.6,79.0,0.1,17.2,263.0,17.071793808230737,2.0961527065685366
2026-07-19 10:00:00,29.4,76.0,0.1,18.3,255.0,17.67644262108995,4.73638852537613
2026-07-19 11:00:00,29.2,78.0,0.2,19.8,258.0,19.367322494529354,4.116651478191635
2026-07-19 12:00:00,29.4,77.0,0.1,20.4,250.0,19.16972946403253,6.977210923843641
2026-07-19 13:00:00,28.9,79.0,0.3,22.0,252.0,20.923243358493377,6.798373876248843
2026-07-19 14:00:00,30.0,75.0,0.2,20.2,253.0,19.317356070453314,5.905908435399282
2026-07-19 15:00:00,29.3,77.0,0.0,19.1,256.0,18.532648371871534,4.620708205953654
2026-07-19 16:00:00,28.6,80.0,0.0,20.0,249.0,18.671608529944034,7.167358990906005
2026-07-19 17:00:00,26.9,88.0,0.5,18.8,249.0,17.551312018147392,6.737317451451645
2026-07-19 18:00:00,26.2,91.0,0.2,15.7,259.0,15.411546780128324,2.9957012274117534
2026-07-19 19:00:00,26.1,93.0,0.0,13.7,260.0,13.49186621626725,2.3789800340369456
2026-07-19 20:00:00,26.3,91.0,0.0,16.3,262.0,16.141369520487597,2.2685215456490666
2026-07-19 21:00:00,26.1,92.0,0.0,15.2,264.0,15.116732809597753,1.5888326416683327
2026-07-19 22:00:00,25.9,94.0,0.0,15.4,256.0,14.942554184650346,3.725597192234883
2026-07-19 23:00:00,26.0,93.0,0.1,13.9,257.0,13.54374390051477,3.1268196553797236
2026-07-20 00:00:00,26.2,91.0,0.0,15.0,254.0,14.418925439074783,4.134560337254987
2026-07-20 01:00:00,26.4,91.0,0.1,14.4,261.0,14.222712104569984,2.2526562965793246
2026-07-20 02:00:00,26.2,91.0,0.1,13.5,271.0,13.497943884611281,-0.23560748690332742
2026-07-20 03:00:00,26.0,88.0,0.2,13.8,254.0,13.265411403948802,3.803795510274589
2026-07-20 04:00:00,25.0,94.0,0.6,13.9,253.0,13.292636107886192,4.063966695646041
2026-07-20 05:00:00,25.0,97.0,0.5,13.1,257.0,12.764247848686582,2.9468588119046313
2026-07-20 06:00:00,25.3,97.0,0.3,13.8,257.0,13.446306894036248,3.1043245499453374
2026-07-20 07:00:00,26.2,97.0,0.4,13.4,265.0,13.34900895442939,1.1678869528186195
2026-07-20 08:00:00,28.1,87.0,0.4,14.6,260.0,14.378193193978237,2.535263393937183
2026-07-20 09:00:00,29.3,80.0,0.1,14.8,257.0,14.420676958821483,3.329275604289202
2026-07-20 10:00:00,30.3,74.0,0.0,17.1,248.0,15.854843913092067,6.405772747412096
2026-07-20 11:00:00,30.4,73.0,0.3,18.8,244.0,16.89732807042434,8.241377559634655
2026-07-20 12:00:00,31.0,69.0,0.3,18.0,243.0,16.03811743539062,8.171828995311841
2026-07-20 13:00:00,30.6,66.0,0.6,19.1,245.0,17.310478732400014,8.07200879924736
2026-07-20 14:00:00,30.5,71.0,0.6,17.7,246.0,16.169754600274036,7.199238582441663
2026-07-20 15:00:00,30.3,73.0,0.7000000000000001,19.2,243.0,17.107325264416662,8.716617594999297
2026-07-20 16:00:00,29.9,75.0,0.1,18.7,248.0,17.338338080398923,7.005143296877554
2026-07-20 17:00:00,28.9,80.0,0.1,17.4,259.0,17.080312991989352,3.3200765195518795
2026-07-20 18:00:00,28.2,84.0,0.0,14.6,261.0,14.420249772689012,2.2839431895873705
2026-07-20 19:00:00,27.4,87.0,0.0,11.9,265.0,11.854716907291772,1.037153338697132
2026-07-20 20:00:00,27.6,84.0,0.0,11.2,271.0,11.198294185751582,-0.1954669520975753
2026-07-20 21:00:00,26.9,88.0,0.0,7.8,262.0,7.724090936184249,1.0855501874885103
2026-07-20 22:00:00,26.3,92.0,0.0,5.2,274.0,5.187333061351086,-0.3627336634694516
2026-07-20 23:00:00,26.1,93.0,0.0,3.1,280.0,3.052904034337845,-0.5383093507674841
2026-07-21 00:00:00,25.9,95.0,0.0,5.3,242.0,4.679622242152313,2.4881992827652213
2026-07-21 01:00:00,25.8,95.0,0.4,5.0,229.0,3.77354790111386,3.2802951449525364
2026-07-21 02:00:00,26.1,95.0,0.1,5.5,229.0,4.150902691225246,3.6083246594477902
2026-07-21 03:00:00,25.7,96.0,0.0,3.9,257.0,3.8000432526624173,0.8773091119410735
2026-07-21 04:00:00,25.2,97.0,0.5,10.5,248.0,9.735430472951268,3.933369230867076
2026-07-21 05:00:00,24.9,98.0,0.5,8.1,264.0,8.055627352483013,0.8466805524679931
2026-07-21 06:00:00,25.2,98.0,0.1,10.6,270.0,10.6,0.0
2026-07-21 07:00:00,26.3,95.0,0.0,10.1,260.0,9.9465583054233,1.7538465944359962
2026-07-21 08:00:00,28.0,93.0,0.1,11.7,260.0,11.522250710242833,2.031683678703085
2026-07-21 09:00:00,29.2,83.0,0.0,13.3,254.0,12.784780555979642,3.665976832366089
2026-07-21 10:00:00,30.8,74.0,0.0,14.4,248.0,13.351447505761739,5.394334945189133
2026-07-21 11:00:00,31.6,69.0,0.0,16.3,243.0,14.523406344270397,7.400045145754612
2026-07-21 12:00:00,31.7,68.0,0.0,17.7,243.0,15.77081547813411,8.035631845389977
2026-07-21 13:00:00,31.6,69.0,0.0,18.0,248.0,16.689309382202175,6.742918681486416
2026-07-21 14:00:00,32.4,64.0,0.1,18.4,258.0,17.997915853502022,3.8255751110467715
2026-07-21 15:00:00,31.9,67.0,0.0,18.0,254.0,17.30271052688974,4.961472404705985
2026-07-21 16:00:00,31.3,69.0,0.0,16.6,255.0,16.034368716398536,4.296396148701844
2026-07-21 17:00:00,30.5,73.0,0.0,14.0,263.0,13.895646122978508,1.7061708076720647
2026-07-21 18:00:00,29.4,79.0,0.0,10.8,275.0,10.758902739390853,-0.9412820216747082
2026-07-21 19:00:00,28.2,85.0,0.0,8.5,271.0,8.498705408829325,-0.14834545471690985
2026-07-21 20:00:00,27.5,92.0,0.0,4.6,259.0,4.515485043859254,0.877721378732106
2026-07-21 21:00:00,26.7,95.0,0.0,3.1,257.0,3.0205472008342293,0.6973482684659815
2026-07-21 22:00:00,26.4,96.0,0.0,3.1,280.0,3.052904034337845,-0.5383093507674841
2026-07-21 23:00:00,26.1,97.0,0.0,3.3,292.0,3.0597067200703982,-1.2362017582725096
2026-07-22 00:00:00,25.8,97.0,0.0,2.4,312.0,1.7835475811457462,-1.6059134552612597
2026-07-22 01:00:00,25.6,96.0,0.0,2.2,325.0,1.2618681599723016,-1.802134497435782
2026-07-22 02:00:00,25.7,96.0,0.0,0.6000000000000001,326.0,0.3355157420824481,-0.4974225435330251
2026-07-22 03:00:00,25.3,97.0,0.0,1.5,315.0,1.0606601717798214,-1.0606601717798212
2026-07-22 04:00:00,25.3,97.0,0.0,2.4,306.0,1.9416407864998737,-1.4106846055019355
2026-07-22 05:00:00,25.2,97.0,0.0,2.9,300.0,2.511473670974872,-1.4499999999999997
2026-07-22 06:00:00,25.8,95.0,0.0,4.2,301.0,3.600102662948872,-2.1631599146222276
2026-07-22 07:00:00,28.3,88.0,0.0,4.3,255.0,4.153481053042993,1.1129218939408392
2026-07-22 08:00:00,30.3,75.0,0.2,9.1,243.0,8.108159370114148,4.131313547629875
2026-07-22 09:00:00,31.0,70.0,0.1,10.5,237.0,8.806040963426952,5.718709867657784
2026-07-22 10:00:00,31.6,67.0,0.2,11.7,236.0,9.699739598893986,6.542556970607738
2026-07-22 11:00:00,32.2,64.0,0.1,13.2,240.0,11.43153532995459,6.599999999999999
2026-07-22 12:00:00,32.5,63.0,0.1,15.5,245.0,14.047770699068074,6.550583056980841
2026-07-22 13:00:00,32.5,64.0,0.0,16.5,248.0,15.298533600351993,6.181008791362548
2026-07-22 14:00:00,32.1,64.0,0.0,17.5,258.0,17.1175830128416,3.6384545893107885
2026-07-22 15:00:00,31.5,67.0,0.0,16.8,260.0,16.544770250605094,2.91728938480443
2026-07-22 16:00:00,30.8,70.0,0.0,15.3,267.0,15.27903188174498,0.8007401305170407
2026-07-22 17:00:00,30.0,74.0,0.0,14.1,267.0,14.080676440039491,0.737936983025508
2026-07-22 18:00:00,29.0,79.0,0.0,12.3,267.0,12.283143277481258,0.6437322617882092
2026-07-22 19:00:00,27.9,83.0,0.0,7.4,276.0,7.359462025725223,-0.7735106281806358
2026-07-22 20:00:00,28.1,82.0,0.0,7.7,279.0,7.605200222582561,-1.2045453808097777
2026-07-22 21:00:00,27.0,88.0,0.0,4.0,278.0,3.9610722749662814,-0.5566924038402618
2026-07-22 22:00:00,26.6,90.0,0.1,2.8,310.0,2.1449244407331385,-1.7998053071223097
2026-07-22 23:00:00,26.3,91.0,0.0,3.2,304.0,2.6529202321761334,-1.7894172911063901
2026-07-23 00:00:00,26.6,92.0,0.0,9.5,350.0,1.6496576878358389,-9.355673653615977
2026-07-23 01:00:00,27.3,92.0,0.0,14.8,4.0,-1.0323958114130587,-14.763947943845398
2026-07-23 02:00:00,27.3,91.0,0.0,15.5,1.0,-0.2705122997778942,-15.497639274924065
2026-07-23 03:00:00,27.1,90.0,0.0,15.1,2.0,-0.5269824002077614,-15.090801487988346
2026-07-23 04:00:00,27.0,90.0,0.0,15.0,11.0,-2.8621349306481694,-14.72440775171496
2026-07-23 05:00:00,26.6,90.0,0.0,15.3,4.0,-1.0672740482851215,-15.26272996897531
2026-07-23 06:00:00,26.8,91.0,0.0,14.2,16.0,-3.914050452601384,-13.649916082324129
2026-07-23 07:00:00,28.3,85.0,0.0,12.7,44.0,-8.822161304829265,-9.13561546430087
2026-07-23 08:00:00,29.6,80.0,0.4,10.5,63.0,-9.355568503977864,-4.76690024726524
2026-07-23 09:00:00,30.1,77.0,0.3,9.8,70.0,-9.208987683701903,-3.351797404591553
2026-07-23 10:00:00,30.7,74.0,0.3,8.7,86.0,-8.67880723726047,-0.6068813215738899
2026-07-23 11:00:00,31.3,69.0,0.3,6.2,111.0,-5.788198644282651,2.2218812871808615
2026-07-23 12:00:00,31.5,68.0,0.6,4.4,153.0,-1.9975581988540057,3.9204287064288192
2026-07-23 13:00:00,30.5,76.0,1.5,6.6,191.0,1.2593393694851964,6.4787394107545815
2026-07-23 14:00:00,31.5,71.0,1.5,5.7,198.0,1.7613968679372005,5.421022142882375
2026-07-23 15:00:00,31.2,71.0,0.2,5.2,205.0,2.197614961051637,4.7128004925905795
2026-07-23 16:00:00,30.7,73.0,0.2,4.2,211.0,2.1631599146222276,3.600102662948872
2026-07-23 17:00:00,29.7,81.0,0.4,1.3,146.0,-0.7269507745119708,1.0777488443215544
2026-07-23 18:00:00,28.9,84.0,0.1,8.1,107.0,-7.746068523300588,2.368210808254166
2026-07-23 19:00:00,27.6,86.0,0.0,10.2,58.0,-8.650090580795545,-5.405176495178688
2026-07-23 20:00:00,27.2,87.0,0.0,12.7,11.0,-2.423274241282116,-12.466665229785331
2026-07-23 21:00:00,26.8,88.0,0.1,15.9,15.0,-4.115222817130078,-15.358220637996187
2026-07-23 22:00:00,26.8,90.0,0.0,13.5,23.0,-5.2748702346051966,-12.426815521607944
2026-07-23 23:00:00,27.0,86.0,0.0,17.0,19.0,-5.534658625771663,-16.073815785188387
2026-07-24 00:00:00,27.3,85.0,0.0,17.7,27.0,-8.03563184538998,-15.770815478134109
2026-07-24 01:00:00,27.6,84.0,0.0,20.2,35.0,-11.586244014291136,-16.54687129463763
2026-07-24 02:00:00,27.6,81.0,0.1,22.9,37.0,-13.781564030181904,-18.288753180083006
2026-07-24 03:00:00,27.7,81.0,0.1,23.6,34.0,-13.196952521909619,-19.565286712298988
2026-07-24 04:00:00,27.7,81.0,0.0,23.8,33.0,-12.962409033357643,-19.960359517101093
2026-07-24 05:00:00,27.6,83.0,0.0,24.2,32.0,-12.82404619444356,-20.522763926985508
2026-07-24 06:00:00,26.8,88.0,0.4,23.3,48.0,-17.315274433623287,-15.590743128161398
2026-07-24 07:00:00,25.4,96.0,2.1,25.9,34.0,-14.483096199892335,-21.472073129175584
2026-07-24 08:00:00,28.5,84.0,1.2,24.9,31.0,-12.824448065260356,-21.34346578748259
2026-07-24 09:00:00,28.9,80.0,0.1,26.2,34.0,-14.65085407093356,-21.720784400942097
2026-07-24 10:00:00,26.8,95.0,2.8,24.9,31.0,-12.824448065260356,-21.34346578748259
2026-07-24 11:00:00,25.8,98.0,3.0,25.4,38.0,-15.637801473271715,-20.01547314161074
2026-07-24 12:00:00,26.4,97.0,0.5,24.2,40.0,-15.555460154414256,-18.538275523479264
2026-07-24 13:00:00,27.4,93.0,0.4,21.6,29.0,-10.471887797320877,-18.891785674210954
2026-07-24 14:00:00,26.8,94.0,1.9,28.2,48.0,-20.956684078462516,-18.8694830993198
2026-07-24 15:00:00,25.7,96.0,3.9,28.4,57.0,-23.818244129650044,-15.467748594426768
2026-07-24 16:00:00,26.1,96.0,1.8,27.8,48.0,-20.65942614827156,-18.60183085677626
2026-07-24 17:00:00,25.7,96.0,5.7,32.3,58.0,-27.39195350585256,-17.116392234732512
2026-07-24 18:00:00,25.2,97.0,2.5,36.7,55.0,-30.062880025406002,-21.050255214083396
2026-07-24 19:00:00,25.2,98.0,5.2,36.0,57.0,-30.192140446035268,-19.607005260540976
2026-07-24 20:00:00,25.4,98.0,4.0,32.3,49.0,-24.37711944119554,-21.190706636393376
2026-07-24 21:00:00,25.5,96.0,0.0,29.7,44.0,-20.631353602632217,-21.36439207005794
2026-07-24 22:00:00,24.3,97.0,0.5,31.1,47.0,-22.745100120356206,-21.2101489979437
2026-07-24 23:00:00,25.2,97.0,0.6,36.3,45.0,-25.667976157071678,-25.66797615707167
2026-07-25 00:00:00,24.9,98.0,4.5,33.4,57.0,-28.011596969377162,-18.190943769501903
2026-07-25 01:00:00,24.7,96.0,4.5,33.8,70.0,-31.7616105825637,-11.5602808444076
2026-07-25 02:00:00,24.5,98.0,5.8,30.1,61.0,-26.326053184895816,-14.592769569414743
2026-07-25 03:00:00,24.2,98.0,2.5,26.1,64.0,-23.458524608408258,-11.441486931194921
2026-07-25 04:00:00,24.3,98.0,6.6,23.2,73.0,-22.18627033834242,-6.783023549567493
2026-07-25 05:00:00,24.3,98.0,2.0,22.1,55.0,-18.10326017878672,-12.67603924335812
2026-07-25 06:00:00,25.0,97.0,3.8,23.3,72.0,-22.15961682967708,-7.200095968936272
2026-07-25 07:00:00,23.7,100.0,4.3,24.8,47.0,-18.13757180015543,-16.913559329549958
2026-07-25 08:00:00,24.8,97.0,6.3,25.2,57.0,-21.134498312224686,-13.724903682378683
2026-07-25 09:00:00,24.2,99.0,7.4,28.4,54.0,-22.97608264024851,-16.693101165106235
2026-07-25 10:00:00,24.3,98.0,8.2,21.5,58.0,-18.23303406736316,-11.393264181013903
2026-07-25 11:00:00,24.9,96.0,5.4,20.3,105.0,-19.608294273668086,5.254026615581177
2026-07-25 12:00:00,24.5,97.0,4.7,17.3,67.0,-15.924733964727219,-6.759648522864433
2026-07-25 13:00:00,24.6,99.0,5.2,18.8,36.0,-11.050362743098498,-15.20951949424901
2026-07-25 14:00:00,25.4,97.0,1.8,22.6,31.0,-11.639860492967232,-19.371980995867734
2026-07-25 15:00:00,25.2,97.0,1.2,23.1,38.0,-14.221780080022702,-18.203048408315283
2026-07-25 16:00:00,25.0,97.0,0.3,18.0,36.0,-10.580134541264519,-14.562305898749052
2026-07-25 17:00:00,24.5,98.0,1.6,20.4,37.0,-12.277026472301785,-16.292164404964772
2026-07-25 18:00:00,24.2,98.0,2.5,20.5,39.0,-12.901068016521675,-15.931492209867896
2026-07-25 19:00:00,24.3,99.0,3.3,17.7,41.0,-11.612244813131978,-13.358359569943064
2026-07-25 20:00:00,24.5,98.0,0.4,20.8,43.0,-14.185565889299971,-15.212156993678747
2026-07-25 21:00:00,24.4,98.0,0.6,19.6,41.0,-12.858756968213944,-14.792307772366332
2026-07-25 22:00:00,24.4,98.0,0.5,18.7,43.0,-12.753369333168724,-13.676314220278487
2026-07-25 23:00:00,24.3,98.0,0.1,17.6,42.0,-11.776698671915904,-13.079348928402142
2026-07-26 00:00:00,24.3,98.0,0.3,15.2,37.0,-9.147588351911134,-12.13925975271885
2026-07-26 01:00:00,24.2,98.0,1.7000000000000002,15.4,48.0,-11.444430312351871,-10.304611337926417
2026-07-26 02:00:00,24.4,97.0,0.4,20.0,54.0,-16.180339887498953,-11.75570504584946
2026-07-26 03:00:00,24.5,97.0,0.2,19.1,61.0,-16.705236406362463,-9.259863746705037
2026-07-26 04:00:00,24.6,97.0,0.2,16.4,64.0,-14.740222359306337,-7.18928680734087
2026-07-26 05:00:00,24.5,98.0,0.4,12.2,66.0,-11.14525458323973,-4.962187045524762
2026-07-26 06:00:00,24.4,98.0,1.2,12.4,71.0,-11.724430337431528,-4.037045115268744
2026-07-26 07:00:00,25.1,97.0,0.4,15.5,68.0,-14.371349745785205,-5.806402197946636
2026-07-26 08:00:00,25.5,97.0,0.8,17.2,65.0,-15.58849393703038,-7.2690341019400275
2026-07-26 09:00:00,25.9,95.0,0.4,19.2,63.0,-17.107325264416662,-8.716617594999295
2026-07-26 10:00:00,25.9,93.0,1.0,17.8,60.0,-15.415252187363008,-8.900000000000002
2026-07-26 11:00:00,25.8,97.0,1.8,14.8,64.0,-13.302151885227671,-6.487892972478346
2026-07-26 12:00:00,26.1,95.0,1.6,15.5,64.0,-13.931307717637088,-6.794752775230701
2026-07-26 13:00:00,25.8,96.0,3.2,13.9,96.0,-13.823854345618999,1.452945639420387
2026-07-26 14:00:00,25.2,97.0,2.2,15.7,57.0,-13.167127916743157,-8.550832849735924
2026-07-26 15:00:00,25.5,97.0,1.8,14.5,51.0,-11.268616441126076,-9.125145670222645
2026-07-26 16:00:00,25.7,97.0,0.8,13.9,46.0,-9.99882322470725,-9.655751349380063
2026-07-26 17:00:00,25.5,94.0,0.1,14.9,37.0,-8.96704384496552,-11.899669099704663
2026-07-26 18:00:00,24.9,98.0,0.9,11.6,69.0,-10.82953294736754,-4.157068214725485
2026-07-26 19:00:00,24.5,99.0,1.3,8.7,66.0,-7.947845481490627,-3.5386087947594613
2026-07-26 20:00:00,25.3,96.0,0.1,12.3,75.0,-11.88088766335554,-3.183474254761006
2026-07-26 21:00:00,24.9,97.0,0.6,13.3,63.0,-11.850386771705294,-6.038073646535971
2026-07-26 22:00:00,24.9,98.0,0.4,11.3,81.0,-11.160878248725057,-1.7677094549546073
2026-07-26 23:00:00,24.6,99.0,0.3,8.9,71.0,-8.41511532283392,-2.897556574668695
2026-07-27 00:00:00,24.2,99.0,1.4,10.9,38.0,-6.710710081049673,-8.589317214313272
2026-07-27 01:00:00,24.6,98.0,0.3,10.4,62.0,-9.18265496573284,-4.882504252973265
2026-07-27 02:00:00,24.5,98.0,0.6,7.2,37.0,-4.333068166694748,-5.750175672340508
2026-07-27 03:00:00,24.6,98.0,1.2,4.7,94.0,-4.688551036221174,0.32785542659739
2026-07-27 04:00:00,24.6,98.0,1.1,5.6,61.0,-4.897870359980616,-2.7149338733794868
2026-07-27 05:00:00,24.4,98.0,0.4,10.3,41.0,-6.7574079986022255,-7.7735086762945524
2026-07-27 06:00:00,24.5,98.0,0.2,13.1,43.0,-8.934178516818731,-9.580733491211133
2026-07-27 07:00:00,25.1,98.0,0.2,14.0,47.0,-10.238951822668389,-9.547977040874978
2026-07-27 08:00:00,25.8,97.0,1.3,14.6,32.0,-7.736821257804793,-12.38150220388382
2026-07-27 09:00:00,25.8,97.0,1.1,14.3,44.0,-9.93361469756366,-10.286559144842712
2026-07-27 10:00:00,27.0,91.0,0.5,13.6,49.0,-10.264050291029701,-8.922402794270896
2026-07-27 11:00:00,26.7,90.0,0.3,11.8,66.0,-10.77983640018269,-4.799492388294443
2026-07-27 12:00:00,27.3,87.0,0.3,14.5,76.0,-14.06928803100195,-3.507867486195179
2026-07-27 13:00:00,27.1,86.0,0.0,14.3,63.0,-12.741393295893662,-6.492064146275518
2026-07-27 14:00:00,27.3,87.0,0.2,12.6,63.0,-11.226682204773436,-5.720280296718288
2026-07-27 15:00:00,27.6,84.0,0.3,10.8,75.0,-10.431998923921938,-2.795245687107225
2026-07-27 16:00:00,27.0,88.0,0.5,9.4,97.0,-9.329933825428427,1.1455718280083869
2026-07-27 17:00:00,25.1,96.0,1.1,12.3,50.0,-9.42234665036343,-7.9062875991444335
2026-07-27 18:00:00,24.9,96.0,0.1,10.9,54.0,-8.81828523868693,-6.406859249987956
2026-07-27 19:00:00,24.5,97.0,0.0,12.7,46.0,-9.135615464300868,-8.822161304829265
2026-07-27 20:00:00,24.4,98.0,0.0,12.7,25.0,-5.3672519241068795,-11.510108895365455
2026-07-27 21:00:00,24.8,96.0,0.0,12.2,29.0,-5.914677367005309,-10.670360427100631
2026-07-27 22:00:00,25.1,96.0,0.0,12.5,40.0,-8.034845121081743,-9.575555538987224
2026-07-27 23:00:00,25.3,96.0,0.0,12.6,54.0,-10.19361412912434,-7.4060941788851595
2026-07-28 00:00:00,25.6,96.0,0.0,13.8,55.0,-11.304298211188087,-7.915354821644438
2026-07-28 01:00:00,25.8,96.0,0.0,14.0,59.0,-12.000342209829572,-7.210533048740758
2026-07-28 02:00:00,25.3,97.0,0.6,12.5,75.0,-12.074072828613353,-3.23523806378151
2026-07-28 03:00:00,24.5,99.0,1.5,6.4,54.0,-5.177708763999664,-3.7618256146718276
2026-07-28 04:00:00,24.3,98.0,0.3,11.6,57.0,-9.728578588166918,-6.317812806174314
2026-07-28 05:00:00,23.7,98.0,0.0,15.3,49.0,-11.547056577408414,-10.037703143554758
2026-07-28 06:00:00,24.0,98.0,0.0,13.5,54.0,-10.921729424061793,-7.935100905948386
2026-07-28 07:00:00,25.0,96.0,0.0,15.0,56.0,-12.435563588325628,-8.3878935520612
2026-07-28 08:00:00,27.9,88.0,0.0,15.1,40.0,-9.706092906266745,-11.567271091096567
2026-07-28 09:00:00,29.3,76.0,0.1,15.9,56.0,-13.181697403625165,-8.891167165184873
2026-07-28 10:00:00,29.8,73.0,0.3,17.7,62.0,-15.628172393603005,-8.309646661310268
2026-07-28 11:00:00,30.0,74.0,0.1,19.5,64.0,-17.526483902833753,-8.54823736238701
2026-07-28 12:00:00,30.3,72.0,0.2,18.2,67.0,-16.753188332834416,-7.1113065385047785
2026-07-28 13:00:00,30.6,69.0,0.2,18.1,74.0,-17.398836696483574,-4.989036140287682
2026-07-28 14:00:00,31.7,61.0,0.0,15.1,68.0,-14.00047620395849,-5.656559560580272
2026-07-28 15:00:00,31.1,63.0,0.0,13.8,70.0,-12.967758166845536,-4.719877977894228
2026-07-28 16:00:00,30.2,68.0,0.0,13.5,63.0,-12.028588076542967,-6.12887174648388
2026-07-28 17:00:00,29.5,72.0,0.0,11.8,57.0,-9.896312701756004,-6.42674061317732
2026-07-28 18:00:00,28.4,79.0,0.0,10.6,51.0,-8.23774719144389,-6.6707961451282785
2026-07-28 19:00:00,27.9,79.0,0.0,11.4,53.0,-9.10444481453914,-6.860691263933352
2026-07-28 20:00:00,28.4,77.0,0.0,14.3,61.0,-12.507061812093362,-6.932777569522619
2026-07-28 21:00:00,28.4,76.0,0.0,14.8,59.0,-12.686076050391263,-7.622563508668802
2026-07-28 22:00:00,28.4,76.0,0.0,14.5,59.0,-12.428925860180629,-7.468052086195785
2026-07-28 23:00:00,27.4,81.0,0.3,13.7,65.0,-12.416416682402104,-5.78987018584758
2026-07-29 00:00:00,26.7,87.0,0.3,13.4,59.0,-11.486041829408306,-6.901510203794726
2026-07-29 01:00:00,25.7,91.0,0.4,13.4,54.0,-10.840827724624297,-7.876322380719139
2026-07-29 02:00:00,25.9,90.0,0.1,12.6,37.0,-7.582869291715808,-10.062807426595889
2026-07-29 03:00:00,25.6,92.0,0.1,13.0,27.0,-5.9018764966141095,-11.583084814448782
2026-07-29 04:00:00,25.7,91.0,0.0,12.6,29.0,-6.108601215103844,-11.02020830995639
2026-07-29 05:00:00,25.9,90.0,0.0,11.3,36.0,-6.641973350904948,-9.141892036436905
2026-07-29 06:00:00,26.0,90.0,0.0,10.7,30.0,-5.350000000000004,-9.26647182049349
2026-07-29 07:00:00,27.2,87.0,0.0,11.8,40.0,-7.584893794301166,-9.03932442880394
2026-07-29 08:00:00,29.2,77.0,0.0,14.1,55.0,-11.550043824474784,-8.08742775254975
2026-07-29 09:00:00,29.6,74.0,0.1,15.0,57.0,-12.58005851918136,-8.169585525225406
2026-07-29 10:00:00,30.0,71.0,0.2,16.7,60.0,-14.462624243200123,-8.350000000000001
2026-07-29 11:00:00,30.4,69.0,0.2,16.7,60.0,-14.462624243200123,-8.350000000000001
2026-07-29 12:00:00,30.8,69.0,0.1,16.4,63.0,-14.612506996689232,-7.445444195728565
2026-07-29 13:00:00,30.5,71.0,0.2,15.5,75.0,-14.971850307480558,-4.011695199089072
2026-07-29 14:00:00,30.9,68.0,0.1,14.7,76.0,-14.263347176257147,-3.556251865315112
2026-07-29 15:00:00,30.5,71.0,0.0,14.8,87.0,-14.779717114367694,-0.7745721523955648
2026-07-29 16:00:00,30.0,73.0,0.1,14.2,93.0,-14.180539393514948,0.7431705786498021
2026-07-29 17:00:00,29.3,76.0,0.1,12.8,95.0,-12.751292135574344,1.115593507170025
2026-07-29 18:00:00,28.6,81.0,0.0,10.9,83.0,-10.818753052890411,-1.3283758431161057
2026-07-29 19:00:00,27.9,83.0,0.0,9.9,69.0,-9.242446222322297,-3.5478427004984745
2026-07-29 20:00:00,27.5,85.0,0.0,9.6,47.0,-7.020995535544038,-6.5471842565999845
2026-07-29 21:00:00,26.9,89.0,0.0,7.5,42.0,-5.018479547691436,-5.573586191080458
2026-07-29 22:00:00,26.4,91.0,0.0,6.5,32.0,-3.4444752175158326,-5.512312625016769
2026-07-29 23:00:00,26.2,91.0,0.0,5.4,26.0,-2.36720419266102,-4.853487850015501
2026-07-30 00:00:00,26.1,91.0,0.0,5.2,25.0,-2.197614961051636,-4.71280049259058
2026-07-30 01:00:00,26.1,91.0,0.0,4.8,22.0,-1.798111648396379,-4.450482501920579
2026-07-30 02:00:00,26.4,89.0,0.0,5.5,54.0,-4.449593469062211,-3.2328188876086017
2026-07-30 03:00:00,26.1,90.0,0.0,5.4,50.0,-4.136639992842482,-3.4710530923073124
2026-07-30 04:00:00,25.9,90.0,0.0,7.4,43.0,-5.04678786446249,-5.412017391981862
2026-07-30 05:00:00,26.1,87.0,0.0,8.1,39.0,-5.097495167503686,-6.294882287801461
2026-07-30 06:00:00,26.3,87.0,0.0,8.6,33.0,-4.683895701129232,-7.212566884330647
2026-07-30 07:00:00,27.8,83.0,0.0,9.1,34.0,-5.088655421583794,-7.54424191025088
2026-07-30 08:00:00,29.7,74.0,0.0,7.8,58.0,-6.614775150020123,-4.133370261018997
2026-07-30 09:00:00,30.5,71.0,0.0,8.2,80.0,-8.075423574700105,-1.4239150568688297
2026-07-30 10:00:00,31.1,68.0,0.0,9.7,87.0,-9.686706487119366,-0.5076587755565526
2026-07-30 11:00:00,31.4,67.0,0.0,11.2,88.0,-11.193177262613872,-0.39087436306801004
2026-07-30 12:00:00,31.3,68.0,0.0,11.7,91.0,-11.698218033329777,0.20419315531621623
2026-07-30 13:00:00,31.3,69.0,0.0,11.5,90.0,-11.5,1.4083438190194562e-15
2026-07-30 14:00:00,30.8,69.0,0.0,10.4,104.0,-10.091075553270363,2.5159877142365445
2026-07-30 15:00:00,29.9,75.0,0.0,9.3,109.0,-8.793322753073648,3.0277838364515564
2026-07-30 16:00:00,29.5,77.0,0.0,9.2,92.0,-9.19439560857568,0.3210753696630105
2026-07-30 17:00:00,28.9,80.0,0.0,10.1,70.0,-9.490895469937675,-3.4544034475892533
2026-07-30 18:00:00,28.3,84.0,0.0,8.7,56.0,-7.212626881228863,-4.864978260195496
2026-07-30 19:00:00,27.2,88.0,0.0,7.5,40.0,-4.820907072649046,-5.745333323392334
2026-07-30 20:00:00,26.6,91.0,0.0,5.8,20.0,-1.9837168312888775,-5.450217200558269
2026-07-30 21:00:00,26.5,92.0,0.0,4.1,29.0,-1.987719443009981,-3.585940799271523
2026-07-30 22:00:00,26.3,93.0,0.0,4.0,36.0,-2.351141009169893,-3.2360679774997894
2026-07-30 23:00:00,26.3,92.0,0.0,3.7,51.0,-2.875440057390792,-2.3284854468843994
2026-07-31 00:00:00,26.3,91.0,0.0,2.7,32.0,-1.4307820134296536,-2.28972985962235
2026-07-31 01:00:00,25.9,93.0,0.0,1.9,343.0,0.5555062389731998,-1.8169790363297673
2026-07-31 02:00:00,25.5,96.0,0.0,3.3,331.0,1.5998717468129124,-2.8862450335600056
2026-07-31 03:00:00,25.1,96.0,0.0,4.6,321.0,2.894873798829252,-3.5748714227020657
2026-07-31 04:00:00,25.0,95.0,0.0,5.1,309.0,3.963444403430551,-3.2095339943541705
2026-07-31 05:00:00,25.1,93.0,0.0,5.0,300.0,4.330127018922194,-2.4999999999999996
2026-07-31 06:00:00,25.5,92.0,0.0,3.6,297.0,3.2076234870781244,-1.6343657990623683
2026-07-31 07:00:00,26.4,91.0,0.0,2.2,270.0,2.2,0.0
2026-07-31 08:00:00,28.7,86.0,0.0,3.5,204.0,1.4235782507653008,3.197409101749103
2026-07-31 09:00:00,29.9,74.0,0.0,5.1,184.0,0.35575801609503865,5.087576656325103
2026-07-31 10:00:00,31.1,64.0,0.0,7.2,179.0,-0.12565732634844104,7.198903405126018
2026-07-31 11:00:00,31.3,64.0,0.0,8.0,171.0,-1.2514757203218465,7.901506724761102
2026-07-31 12:00:00,31.8,63.0,0.0,9.4,160.0,-3.214989347261286,8.83311063538754
2026-07-31 13:00:00,31.9,62.0,0.1,9.0,157.0,-3.5165801564034638,8.284543681071963
2026-07-31 14:00:00,32.2,59.0,0.5,10.7,163.0,-3.128377240533282,10.23246088880448
2026-07-31 15:00:00,31.5,61.0,0.0,9.0,181.0,0.1570716579355524,8.998629256407522
2026-07-31 16:00:00,30.7,66.0,0.0,7.1,199.0,2.311533896645813,6.713181886755148
2026-07-31 17:00:00,30.0,69.0,0.0,7.5,201.0,2.687759621589753,7.001853198729013
2026-07-31 18:00:00,28.7,81.0,0.0,5.2,202.0,1.9479542857627423,4.821356043747294
2026-07-31 19:00:00,27.4,86.0,0.0,2.6,236.0,2.1554976886431083,1.453901549023942
2026-07-31 20:00:00,27.4,90.0,0.0,1.3,172.0,-0.18092503124808496,1.2873484893640414
2026-07-31 21:00:00,27.4,89.0,0.0,2.9,169.0,-0.5533460865919799,2.8467188319982255
2026-07-31 22:00:00,27.7,83.0,0.0,1.4,140.0,-0.8999026535611551,1.0724622203665692
2026-07-31 23:00:00,27.6,81.0,0.0,1.4,130.0,-1.072462220366569,0.8999026535611552
2026-08-01 00:00:00,27.4,81.0,0.0,0.5,180.0,3.061616997868383e-17,0.5
2026-08-01 01:00:00,26.6,83.0,0.0,0.7000000000000001,284.0,0.6792070083931976,-0.16934532691976742
2026-08-01 02:00:00,25.8,88.0,0.0,2.8,297.0,2.49481826772743,-1.2711733992707308
2026-08-01 03:00:00,25.3,89.0,0.0,4.3,298.0,3.796674649293386,-2.0187277199793305
2026-08-01 04:00:00,25.3,88.0,0.0,5.0,285.0,4.8296291314453415,-1.2940952255126037
2026-08-01 05:00:00,25.4,88.0,0.0,5.5,279.0,5.4322858732732575,-0.8603895577212698
2026-08-01 06:00:00,25.6,88.0,0.0,5.6,276.0,5.56932261406233,-0.5853593942988594
2026-08-01 07:00:00,27.0,85.0,0.0,5.8,256.0,5.627715212400779,1.4031469944780728
2026-08-01 08:00:00,29.9,71.0,0.0,6.9,261.0,6.815049550106451,1.079397808777593
2026-08-01 09:00:00,31.0,64.0,0.0,5.6,239.0,4.800136883931828,2.8842132194963033
2026-08-01 10:00:00,31.8,60.0,0.0,3.1,201.0,1.1109406435904312,2.8940993221413254
2026-08-01 11:00:00,32.3,60.0,0.0,4.6,135.0,-3.252691193458118,3.2526911934581184
2026-08-01 12:00:00,32.2,61.0,0.0,8.0,108.0,-7.608452130361228,2.47213595499958
2026-08-01 13:00:00,31.6,64.0,0.2,8.6,110.0,-8.081356538758811,2.9413732326007525
2026-08-01 14:00:00,31.6,64.0,0.2,6.4,151.0,-3.102781569576557,5.597566125692134
2026-08-01 15:00:00,31.3,66.0,0.1,6.7,182.0,0.23382662790675723,6.695918541027941
2026-08-01 16:00:00,31.2,66.0,0.1,5.9,191.0,1.125773072721615,5.791600382341218
2026-08-01 17:00:00,30.3,72.0,0.1,6.0,190.0,1.0418890660015825,5.908846518073248
2026-08-01 18:00:00,28.9,82.0,0.1,7.3,196.0,2.012152697464094,7.017210380349728
2026-08-01 19:00:00,27.6,88.0,0.0,5.3,218.0,3.263005819225989,4.176456994115626
2026-08-01 20:00:00,27.6,86.0,0.0,2.2,215.0,1.2618681599723016,1.802134497435782
2026-08-01 21:00:00,27.3,87.0,0.0,0.30000000000000004,315.0,0.2121320343559643,-0.21213203435596428
2026-08-01 22:00:00,26.6,91.0,0.0,1.4,310.0,1.0724622203665692,-0.8999026535611548
2026-08-01 23:00:00,26.0,93.0,0.0,5.1,312.0,3.7900386099347103,-3.412566092430177
2026-08-02 00:00:00,25.6,92.0,0.0,5.0,311.0,3.77354790111386,-3.2802951449525364
2026-08-02 01:00:00,25.1,93.0,0.0,3.5,305.0,2.8670321550114712,-2.007517527228661
2026-08-02 02:00:00,25.3,91.0,0.0,3.3,306.0,2.6697560814373262,-1.9396913325651612
2026-08-02 03:00:00,25.1,92.0,0.0,2.7,302.0,2.28972985962235,-1.4307820134296534
2026-08-02 04:00:00,24.8,93.0,0.0,2.3,302.0,1.9505106211597796,-1.2188143077363711
2026-08-02 05:00:00,24.6,93.0,0.0,4.0,321.0,2.51728156419935,-3.1085838458278836
2026-08-02 06:00:00,25.2,91.0,0.0,5.8,353.0,0.7068421917498554,-5.756767679519667
2026-08-02 07:00:00,27.4,87.0,0.0,5.6,21.0,-2.006860517453684,-5.228050388384329
2026-08-02 08:00:00,29.5,73.0,0.1,7.1,41.0,-4.658019105832602,-5.358438019581681
2026-08-02 09:00:00,30.4,69.0,0.0,9.9,42.0,-6.624393002952695,-7.357133772226204
2026-08-02 10:00:00,30.6,69.0,0.1,12.9,49.0,-9.73575358487376,-8.463161473977541
2026-08-02 11:00:00,30.9,68.0,0.0,13.6,54.0,-11.002631123499286,-7.993879431177633
2026-08-02 12:00:00,31.1,67.0,0.0,14.8,59.0,-12.686076050391263,-7.622563508668802
2026-08-02 13:00:00,31.0,69.0,0.1,14.9,62.0,-13.15591913359801,-6.995126285509774
2026-08-02 14:00:00,31.5,65.0,0.1,15.0,63.0,-13.365097862825518,-6.8098574960932
2026-08-02 15:00:00,30.9,68.0,0.0,13.6,51.0,-10.569185075814802,-8.558757318277792
2026-08-02 16:00:00,30.4,71.0,0.0,12.1,44.0,-8.405366282553867,-8.70401158409768
2026-08-02 17:00:00,29.4,76.0,0.0,10.4,37.0,-6.258876240781302,-8.305809304491845
2026-08-02 18:00:00,28.4,83.0,0.0,6.8,40.0,-4.370955745868469,-5.209102213209049
2026-08-02 19:00:00,27.2,88.0,0.0,8.9,7.0,-1.08463715630581,-8.833660749607766
2026-08-02 20:00:00,27.4,83.0,0.0,9.0,354.0,0.9407561694088811,-8.950697058314459
2026-08-02 21:00:00,27.0,85.0,0.0,8.9,351.0,1.3922667388580552,-8.790426231296726
2026-08-02 22:00:00,26.8,87.0,0.0,7.6,352.0,1.0577155672964975,-7.5260373224359345
2026-08-02 23:00:00,26.4,89.0,0.0,6.1,346.0,1.4757235631579728,-5.918803930283578
2026-08-03 00:00:00,26.1,90.0,0.0,6.1,341.0,1.985965742188656,-5.7676633111558315
2026-08-03 01:00:00,25.8,91.0,0.0,6.3,340.0,2.1547269029517135,-5.9200635109512225
2026-08-03 02:00:00,26.1,90.0,0.0,6.7,6.0,-0.7003407038932775,-6.663296698967432
2026-08-03 03:00:00,25.7,91.0,0.0,8.5,6.0,-0.8884919377750535,-8.453436110630324
2026-08-03 04:00:00,25.9,89.0,0.0,10.2,9.0,-1.5956315434103565,-10.074421074070404
2026-08-03 05:00:00,26.1,88.0,0.0,11.4,15.0,-2.950537114168735,-11.01155441969538
2026-08-03 06:00:00,26.5,89.0,0.0,13.0,19.0,-4.232386007943036,-12.291741482791119
2026-08-03 07:00:00,27.7,86.0,0.0,14.6,32.0,-7.736821257804793,-12.38150220388382
2026-08-03 08:00:00,29.3,77.0,0.1,18.9,36.0,-11.109141268327743,-15.290421193686504
2026-08-03 09:00:00,29.9,73.0,0.0,19.7,36.0,-11.579369470161723,-15.937634789186461
2026-08-03 10:00:00,30.7,69.0,0.0,20.1,42.0,-13.44952518781305,-14.937210992095627
2026-08-03 11:00:00,31.0,66.0,0.0,22.1,40.0,-14.205606174072523,-16.929582192929413
2026-08-03 12:00:00,31.1,66.0,0.0,22.5,40.0,-14.462721217947138,-17.235999970177
2026-08-03 13:00:00,31.1,66.0,0.0,20.8,46.0,-14.962267847043943,-14.448894105547145
2026-08-03 14:00:00,31.5,62.0,0.0,19.3,50.0,-14.784657752196276,-12.405800866950209
2026-08-03 15:00:00,31.0,63.0,0.0,16.2,54.0,-13.10607530887415,-9.522121087138062
2026-08-03 16:00:00,30.6,66.0,0.0,15.0,55.0,-12.287280664334878,-8.603646545265692
2026-08-03 17:00:00,29.6,72.0,0.0,13.7,40.0,-8.80619025270559,-10.494808870729997
2026-08-03 18:00:00,28.3,78.0,0.0,13.9,17.0,-4.063966695646045,-13.29263610788619
2026-08-03 19:00:00,27.5,81.0,0.0,14.5,11.0,-2.7667304329598967,-14.233594159991128
2026-08-03 20:00:00,27.3,80.0,0.0,12.2,9.0,-1.9085004734908184,-12.049797755260679
2026-08-03 21:00:00,27.5,80.0,0.0,13.1,21.0,-4.694620139043439,-12.229903587113341
2026-08-03 22:00:00,27.5,81.0,0.0,12.8,29.0,-6.205563139153112,-11.195132251384269
2026-08-03 23:00:00,27.5,83.0,0.1,12.2,34.0,-6.822153422343108,-10.11425838517151
2026-08-04 00:00:00,27.4,84.0,0.1,14.2,40.0,-9.12758405754886,-10.877831092289485
2026-08-04 01:00:00,27.1,85.0,0.1,15.0,40.0,-9.641814145298092,-11.490666646784668
2026-08-04 02:00:00,27.1,85.0,0.1,18.4,35.0,-10.553806428859252,-15.072397614917444
2026-08-04 03:00:00,26.9,85.0,0.0,19.7,28.0,-9.248589786882047,-17.39406757932086
2026-08-04 04:00:00,26.8,87.0,0.0,17.9,29.0,-8.67809220240943,-15.655692757795187
2026-08-04 05:00:00,27.0,87.0,0.0,16.0,30.0,-8.000000000000007,-13.856406460551014
2026-08-04 06:00:00,27.0,88.0,0.0,14.4,30.0,-7.200000000000006,-12.470765814495913
2026-08-04 07:00:00,27.8,85.0,0.1,14.2,32.0,-7.5248535521115105,-12.042282965421247
2026-08-04 08:00:00,28.8,80.0,0.1,18.2,41.0,-11.940274327627233,-13.73571436005445
2026-08-04 09:00:00,29.0,79.0,0.5,20.0,41.0,-13.121180579810146,-15.09419160445544
2026-08-04 10:00:00,28.8,82.0,1.0,21.6,41.0,-14.170875026194958,-16.301726932811878
2026-08-04 11:00:00,29.6,77.0,0.5,21.3,45.0,-15.061374439273466,-15.061374439273461
2026-08-04 12:00:00,30.0,74.0,0.3,19.8,48.0,-14.714267544452406,-13.248786005905394
2026-08-04 13:00:00,30.3,70.0,0.3,19.8,56.0,-16.41494393658983,-11.072019488720784
2026-08-04 14:00:00,31.0,69.0,0.3,16.5,52.0,-13.002177434510914,-10.15841434287336
2026-08-04 15:00:00,30.7,71.0,0.0,16.2,46.0,-11.653304765486148,-11.253465601435757
2026-08-04 16:00:00,30.1,74.0,0.0,15.1,45.0,-10.67731239591687,-10.677312395916866
2026-08-04 17:00:00,29.3,77.0,0.0,14.2,36.0,-8.34655058255312,-11.488041320124251
2026-08-04 18:00:00,28.2,82.0,0.1,13.3,35.0,-7.628566603468918,-10.894722189043588
2026-08-04 19:00:00,27.5,85.0,0.2,12.2,36.0,-7.170980077968173,-9.870007331374357
2026-08-04 20:00:00,27.6,86.0,0.2,12.5,44.0,-8.683229630737465,-8.99174750423314
2026-08-04 21:00:00,27.2,87.0,0.2,11.9,41.0,-7.807102444987037,-8.981044004650988
2026-08-04 22:00:00,26.6,90.0,0.2,12.8,29.0,-6.205563139153112,-11.195132251384269
2026-08-04 23:00:00,26.1,94.0,0.1,12.7,7.0,-1.547740661245369,-12.60533612584479
2026-08-05 00:00:00,25.9,94.0,0.0,12.9,9.0,-2.0180045990189805,-12.741179593677277
2026-08-05 01:00:00,25.8,93.0,0.0,12.7,16.0,-3.5005944188758855,-12.20802353841665
2026-08-05 02:00:00,25.8,91.0,0.0,12.5,18.0,-3.8627124296868445,-11.888206453689419
2026-08-05 03:00:00,25.9,89.0,0.0,12.7,15.0,-3.2870018728020116,-12.267257993871167
2026-08-05 04:00:00,25.7,87.0,0.0,11.5,10.0,-1.9969540431696988,-11.325289159640393
2026-08-05 05:00:00,25.4,87.0,0.0,9.5,10.0,-1.6496576878358382,-9.355673653615977
2026-08-05 06:00:00,25.2,90.0,0.0,7.1,10.0,-1.2329020614352053,-6.992135046386677
2026-08-05 07:00:00,27.4,87.0,0.0,6.3,24.0,-2.5624408513775405,-5.755336383148386
2026-08-05 08:00:00,29.6,75.0,0.0,8.7,42.0,-5.821436275322065,-6.4653599816533305
2026-08-05 09:00:00,30.5,70.0,0.0,10.4,48.0,-7.7287061849649,-6.958958306132126
2026-08-05 10:00:00,31.3,66.0,0.0,10.3,55.0,-8.437266056176616,-5.907837294415776
2026-08-05 11:00:00,32.0,63.0,0.0,9.6,70.0,-9.02104915954472,-3.283393375926419
2026-08-05 12:00:00,32.3,62.0,0.0,8.6,89.0,-8.598690178344965,-0.15009069536063926
2026-08-05 13:00:00,31.8,64.0,0.2,5.3,125.0,-4.341505834731657,3.0399551126605435
2026-08-05 14:00:00,29.9,78.0,0.9,9.2,179.0,-0.16056213922300797,9.1985987954388
2026-08-05 15:00:00,29.8,76.0,0.6,8.0,186.0,0.8362277061412277,7.956175162946186
2026-08-05 16:00:00,29.5,75.0,0.2,5.6,186.0,0.5853593942988593,5.56932261406233
2026-08-05 17:00:00,29.3,77.0,0.0,3.4,212.0,1.8017254983928965,2.883363526931848
2026-08-05 18:00:00,28.4,86.0,0.0,3.6,233.0,2.875087836170254,2.166534083347374
2026-08-05 19:00:00,26.7,91.0,0.0,3.8,262.0,3.7630186612179672,0.5288577836482486
2026-08-05 20:00:00,26.6,88.0,0.0,7.5,281.0,7.36220387585748,-1.431067465324086
2026-08-05 21:00:00,26.1,90.0,0.0,7.6,288.0,7.228029523843166,-2.3485291572496
2026-08-05 22:00:00,26.0,90.0,0.0,8.0,280.0,7.878462024097664,-1.3891854213354426
2026-08-05 23:00:00,26.0,89.0,0.0,8.6,272.0,8.594761112364223,-0.30013567164150834
2026-08-06 00:00:00,25.9,90.0,0.0,8.7,274.0,8.67880723726047,-0.6068813215738901
2026-08-06 01:00:00,26.0,90.0,0.0,9.8,278.0,9.70462707366739,-1.3638963894086413
2026-08-06 02:00:00,26.3,87.0,0.0,9.2,291.0,8.588939923774255,-3.296985135816762
2026-08-06 03:00:00,25.6,90.0,0.0,8.2,289.0,7.753252319914398,-2.669658866548685
2026-08-06 04:00:00,25.3,90.0,0.0,7.7,300.0,6.668395609140179,-3.8499999999999996
2026-08-06 05:00:00,24.9,89.0,0.0,6.9,313.0,5.046340541172277,-4.70578868443124
2026-08-06 06:00:00,25.1,88.0,0.0,6.6,323.0,3.971979152803519,-5.270994366312133
2026-08-06 07:00:00,27.6,80.0,0.0,4.9,321.0,3.083669916144204,-3.808015211139158
2026-08-06 08:00:00,29.9,70.0,0.0,2.1,20.0,-0.718242300983904,-1.9733545036504079
2026-08-06 09:00:00,31.2,65.0,0.0,3.0,65.0,-2.71892336110995,-1.2678547852220978
2026-08-06 10:00:00,32.2,60.0,0.0,4.2,95.0,-4.184017731985332,0.3660541195401644
2026-08-06 11:00:00,32.7,57.0,0.1,5.5,131.0,-4.150902691225246,3.6083246594477902
2026-08-06 12:00:00,32.8,59.0,0.3,6.4,188.0,0.890707846144419,6.337715639946051
2026-08-06 13:00:00,31.8,66.0,0.4,10.5,248.0,9.735430472951268,3.933369230867076
2026-08-06 14:00:00,32.2,67.0,1.0,11.5,259.0,11.288712609648135,2.1943034468302653
2026-08-06 15:00:00,31.8,65.0,0.2,13.7,273.0,13.681224626137661,-0.7170026005283305
2026-08-06 16:00:00,31.1,70.0,0.0,13.7,280.0,13.49186621626725,-2.3789800340369456
2026-08-06 17:00:00,30.0,76.0,0.0,13.7,279.0,13.531330266153386,-2.1431521710511627
2026-08-06 18:00:00,28.9,81.0,0.0,11.7,274.0,11.671499388039942,-0.816150742806266
2026-08-06 19:00:00,28.0,83.0,0.0,9.0,276.0,8.950697058314459,-0.9407561694088813
2026-08-06 20:00:00,27.4,86.0,0.0,9.5,316.0,6.599254519360474,-6.833728103217185
2026-08-06 21:00:00,25.9,92.0,1.4,9.9,314.0,7.121464023352647,-6.877117867544073
2026-08-06 22:00:00,25.8,96.0,1.2,3.6,290.0,3.3828934348292705,-1.2312725159724074
2026-08-06 23:00:00,25.5,97.0,0.0,4.9,274.0,4.8880638462731385,-0.341806721346214
2026-08-07 00:00:00,25.5,97.0,0.0,5.2,264.0,5.1715138559150216,0.5435480089917981
2026-08-07 01:00:00,25.8,97.0,0.0,9.4,259.0,9.227295524408042,1.7936045565395213
2026-08-07 02:00:00,26.6,98.0,0.0,10.7,263.0,10.620243822562145,1.304001974435078
2026-08-07 03:00:00,26.1,97.0,0.1,14.2,263.0,14.094155353306771,1.730544676353094
2026-08-07 04:00:00,26.0,97.0,0.0,14.7,262.0,14.556940610501083,2.0458445841129618
2026-08-07 05:00:00,25.5,96.0,0.0,16.6,274.0,16.55956323431308,-1.1579574641524801
2026-08-07 06:00:00,25.7,96.0,0.0,18.9,283.0,18.415594224440945,-4.251574927099048
2026-08-07 07:00:00,26.4,93.0,0.0,17.5,285.0,16.903701960058694,-4.529333289294113
2026-08-07 08:00:00,28.8,82.0,0.0,19.6,283.0,19.097653269790612,-4.409040665139754
2026-08-07 09:00:00,30.2,75.0,0.0,20.9,285.0,20.187849769441527,-5.409318042642683
2026-08-07 10:00:00,31.0,70.0,0.0,25.0,288.0,23.776412907378838,-7.7254248593736845
2026-08-07 11:00:00,31.7,67.0,0.0,27.5,288.0,26.15405419811672,-8.497967345311054
2026-08-07 12:00:00,31.7,69.0,0.0,30.2,291.0,28.19412888021549,-10.822712076268068
2026-08-07 13:00:00,31.1,72.0,0.1,32.2,292.0,29.855320117050557,-12.062332307992367
2026-08-07 14:00:00,31.3,70.0,0.2,29.1,293.0,26.786691235466016,-11.370275839037868
2026-08-07 15:00:00,30.8,72.0,0.0,29.6,290.0,27.81490157526289,-10.123796242439795
2026-08-07 16:00:00,30.1,73.0,0.0,30.1,289.0,28.46010912553944,-9.799601449160416
2026-08-07 17:00:00,29.4,77.0,0.0,27.8,288.0,26.43937115300527,-8.590672443623538
2026-08-07 18:00:00,28.6,80.0,0.0,27.0,289.0,25.529001541181554,-8.790340170343232
2026-08-07 19:00:00,28.4,81.0,0.0,27.7,287.0,26.48964174017608,-8.098696220819809
2026-08-07 20:00:00,28.9,77.0,0.0,26.4,286.0,25.377308772771617,-7.276826193568778
2026-08-07 21:00:00,28.4,80.0,0.0,25.5,286.0,24.512173246427132,-7.028752573333478
2026-08-07 22:00:00,28.2,82.0,0.0,24.0,285.0,23.18221983093764,-6.211657082460498
2026-08-07 23:00:00,27.9,84.0,0.0,22.9,285.0,22.119701422019663,-5.9269561328477245
2026-08-08 00:00:00,27.6,88.0,0.0,24.2,281.0,23.755377839433468,-4.617577688112384
2026-08-08 01:00:00,27.7,87.0,0.0,26.9,282.0,26.31217045973937,-5.592824482997726
2026-08-08 02:00:00,27.6,86.0,0.0,29.1,280.0,28.657905612655256,-5.053161970107673
2026-08-08 03:00:00,27.1,87.0,0.0,29.1,281.0,28.565351038327023,-5.5525417654574545
2026-08-08 04:00:00,26.9,85.0,0.0,28.8,283.0,28.061857865814776,-6.4785903651033125
2026-08-08 05:00:00,26.7,85.0,0.0,29.1,281.0,28.565351038327023,-5.5525417654574545
2026-08-08 06:00:00,26.7,87.0,0.0,28.1,279.0,27.754042370723372,-4.395808467630488
2026-08-08 07:00:00,27.7,80.0,0.0,27.0,273.0,26.962997438373492,-1.4130708185594836
2026-08-08 08:00:00,29.4,76.0,0.0,26.6,279.0,26.272509859830667,-4.161156770070141
2026-08-08 09:00:00,30.3,71.0,0.0,26.9,280.0,26.491328556028396,-4.671135979240425
2026-08-08 10:00:00,31.3,67.0,0.0,25.6,277.0,25.409181482017843,-3.1198551911717756
2026-08-08 11:00:00,31.4,71.0,0.2,25.5,275.0,25.40296480133951,-2.2224714400652834
2026-08-08 12:00:00,31.0,75.0,0.4,26.6,270.0,26.6,0.0
2026-08-08 13:00:00,30.5,80.0,0.6,25.7,270.0,25.7,0.0
2026-08-08 14:00:00,31.7,72.0,0.6,30.3,274.0,30.226190722872673,-2.1136211544469967
2026-08-08 15:00:00,31.3,74.0,0.0,31.2,277.0,30.967439931209245,-3.802323514240601
2026-08-08 16:00:00,30.6,78.0,0.0,29.4,277.0,29.180856858254867,-3.5829586961113358
2026-08-08 17:00:00,30.0,80.0,0.0,27.4,278.0,27.133345083519025,-3.8133429663057927
2026-08-08 18:00:00,29.7,74.0,0.0,32.0,285.0,30.909626441250186,-8.282209443280664
2026-08-08 19:00:00,29.8,69.0,0.0,32.3,288.0,30.719125476333456,-9.9812489183108
2026-08-08 20:00:00,30.1,66.0,0.0,29.9,284.0,29.011842215652294,-7.233464678430065
2026-08-08 21:00:00,30.0,66.0,0.0,30.9,287.0,29.549816959257793,-9.034285675932566
2026-08-08 22:00:00,29.5,70.0,0.0,27.6,286.0,26.530822807897604,-7.607591020549178
2026-08-08 23:00:00,29.3,70.0,0.0,26.7,285.0,25.790219561918125,-6.910468504237303
2026-08-09 00:00:00,29.2,71.0,0.0,26.4,285.0,25.5004418140314,-6.8328227907065475
2026-08-09 01:00:00,29.0,75.0,0.0,25.0,276.0,24.863047384206833,-2.6132115816913366
2026-08-09 02:00:00,29.1,81.0,0.0,25.4,271.0,25.396131456972338,-0.4432911235070012
2026-08-09 03:00:00,29.0,85.0,0.0,30.5,263.0,30.27265762506032,3.717014973856998
2026-08-09 04:00:00,27.7,87.0,0.5,35.9,273.0,35.8508002976892,-1.8788608291216835
2026-08-09 05:00:00,24.6,95.0,1.5,30.5,278.0,30.203176096617895,-4.244779579281996
2026-08-09 06:00:00,25.0,97.0,1.6,31.3,269.0,31.295232858395046,0.5462603214869739
2026-08-09 07:00:00,26.1,99.0,1.0,33.2,266.0,33.11912646862616,2.3159149283049603
2026-08-09 08:00:00,27.5,87.0,1.5,30.5,273.0,30.458200810014503,-1.5962466654097869
2026-08-09 09:00:00,26.3,87.0,0.5,27.7,267.0,27.662038112701694,1.4497059879295442
2026-08-09 10:00:00,27.9,86.0,0.1,25.7,263.0,25.508436097181974,3.13204212551229
2026-08-09 11:00:00,28.2,90.0,0.4,24.9,260.0,24.521713050003978,4.323839623906565
2026-08-09 12:00:00,28.6,90.0,0.3,25.9,261.0,25.581128021414067,4.05165264454198
2026-08-09 13:00:00,28.6,88.0,0.8,26.4,265.0,26.29954002962208,2.3009116085381756
2026-08-09 14:00:00,29.4,87.0,0.5,25.8,258.0,25.236208098932188,5.364121623098192
2026-08-09 15:00:00,29.7,84.0,0.0,24.9,263.0,24.714399175868916,3.034546650788172
2026-08-09 16:00:00,29.6,83.0,0.1,22.9,259.0,22.479262500951503,4.369525994122876
2026-08-09 17:00:00,29.1,80.0,0.1,23.3,255.0,22.50607175253529,6.030483750888734
2026-08-09 18:00:00,28.6,85.0,0.0,23.2,250.0,21.800868802233076,7.934867325155514
2026-08-09 19:00:00,28.7,83.0,0.0,23.4,248.0,21.696102196862824,8.76579428593234
2026-08-09 20:00:00,28.6,84.0,0.0,26.4,246.0,24.11760008176466,10.737847377201124
2026-08-09 21:00:00,28.8,85.0,0.0,24.9,245.0,22.56706389721258,10.523194717343415
2026-08-09 22:00:00,29.0,83.0,0.0,23.6,239.0,20.229148296569853,12.154898567877279
2026-08-09 23:00:00,29.3,82.0,0.0,24.0,239.0,20.572015216850694,12.360913797841299
2026-08-10 00:00:00,29.3,83.0,0.0,24.5,239.0,21.000598867201752,12.618432835296327
2026-08-10 01:00:00,29.3,84.0,0.0,25.6,238.0,21.710031261604506,13.565933164370046
2026-08-10 02:00:00,29.3,86.0,0.0,24.9,239.0,21.343465787482597,12.824448065260349
2026-08-10 03:00:00,27.4,93.0,1.6,23.4,246.0,21.376963708836858,9.517637447973724
2026-08-10 04:00:00,27.3,97.0,1.2,23.7,245.0,21.479494552768603,10.016052803254576
2026-08-10 05:00:00,25.3,99.0,3.1,24.4,251.0,23.07065324462333,7.943862968754623
2026-08-10 06:00:00,26.6,98.0,0.6,25.3,242.0,22.338574099330852,11.877630538483038
2026-08-10 07:00:00,27.3,97.0,0.1,22.3,231.0,17.33035494049045,14.033844720411373
2026-08-10 08:00:00,28.8,87.0,0.1,24.4,236.0,20.228516770343013,13.644306844686223
2026-08-10 09:00:00,29.7,85.0,0.1,25.0,229.0,18.8677395055693,16.401475724762683
2026-08-10 10:00:00,30.6,81.0,0.1,27.8,228.0,20.65942614827156,18.60183085677626
2026-08-10 11:00:00,29.8,87.0,1.5,25.7,234.0,20.791736755436148,15.10608098391656
2026-08-10 12:00:00,28.4,95.0,3.9,26.8,237.0,22.476371220937367,14.596326138402727
2026-08-10 13:00:00,29.6,90.0,0.4,27.5,237.0,23.06344061849916,14.977573462913245
2026-08-10 14:00:00,29.1,93.0,1.3,25.5,242.0,22.515163617902637,11.971524851040215
2026-08-10 15:00:00,28.7,91.0,1.3,24.9,253.0,23.81198842347958,7.280055447596145
2026-08-10 16:00:00,29.6,83.0,0.1,25.3,251.0,23.921619962662717,8.236874307766065
2026-08-10 17:00:00,29.1,83.0,0.2,24.6,247.0,22.644419394930033,9.611985760836136
2026-08-10 18:00:00,27.8,92.0,0.7000000000000001,21.9,246.0,20.006645522372956,8.907532483360024
2026-08-10 19:00:00,27.8,96.0,0.2,21.9,238.0,18.572253305825726,11.605231886707186
2026-08-10 20:00:00,28.7,86.0,0.1,21.3,241.0,18.62939976206913,10.32644491124698
2026-08-10 21:00:00,28.6,86.0,0.0,20.9,241.0,18.27955187921337,10.132521063148443
2026-08-10 22:00:00,28.4,90.0,0.0,20.4,243.0,18.176533093442703,9.261406194686753
2026-08-10 23:00:00,27.9,88.0,0.3,21.7,239.0,18.60053042523584,11.176326225548175
2026-08-11 00:00:00,26.6,98.0,2.0,19.2,248.0,17.80193000768232,7.192446593585511
2026-08-11 01:00:00,27.4,99.0,0.8,19.2,244.0,17.256845688944008,8.416726018350285
2026-08-11 02:00:00,27.1,98.0,0.8,21.0,240.0,18.186533479473212,10.499999999999998
2026-08-11 03:00:00,27.1,98.0,0.2,20.1,238.0,17.045766732744163,10.65137721108742
2026-08-11 04:00:00,26.8,98.0,1.4,20.1,242.0,17.747246616464434,9.436378411996406
2026-08-11 05:00:00,26.3,99.0,0.8,19.3,248.0,17.894648393138997,7.229907252927102
2026-08-11 06:00:00,26.5,99.0,1.0,18.9,248.0,17.523774851312282,7.080064615560737
2026-08-11 07:00:00,27.0,98.0,0.4,17.5,250.0,16.444620863753396,5.9853525081992025
2026-08-11 08:00:00,28.2,96.0,0.6,21.2,244.0,19.05443378154234,9.293468311928441
2026-08-11 09:00:00,28.8,91.0,0.1,18.3,248.0,16.967464538572212,6.85530065951119
2026-08-11 10:00:00,29.5,85.0,0.7000000000000001,21.3,241.0,18.62939976206913,10.32644491124698
2026-08-11 11:00:00,29.6,84.0,1.0,21.1,244.0,18.964554376912425,9.249631197249533
2026-08-11 12:00:00,30.3,81.0,1.3,22.5,246.0,20.55477279695852,9.151574469205505
2026-08-11 13:00:00,30.5,78.0,0.6,23.3,249.0,21.7524239373848,8.349973224405497
2026-08-11 14:00:00,30.7,78.0,1.1,21.7,250.0,20.39132987105421,7.421837110167011
2026-08-11 15:00:00,29.4,85.0,1.5,21.1,253.0,20.17803035082005,6.169042969649746
2026-08-11 16:00:00,29.1,87.0,0.6,19.1,254.0,18.360098392421893,5.264673496104685
2026-08-11 17:00:00,28.7,90.0,0.6,18.6,250.0,17.478282746617896,6.361574665857439
2026-08-11 18:00:00,27.9,94.0,0.4,16.8,254.0,16.149196491763757,4.630707577725586
2026-08-11 19:00:00,27.2,96.0,0.3,16.9,259.0,16.58949940026552,3.224672021863607
2026-08-11 20:00:00,27.3,95.0,0.1,12.3,258.0,12.031215489025811,2.55731379705844
2026-08-11 21:00:00,27.4,93.0,0.1,12.0,256.0,11.643548715311958,2.903062747196013
2026-08-11 22:00:00,27.1,95.0,0.3,12.6,253.0,12.049439925134246,3.683883479506483
2026-08-11 23:00:00,27.1,99.0,0.6,13.4,244.0,12.043840220408839,5.874173366973637
2026-08-12 00:00:00,27.4,99.0,0.2,14.9,240.0,12.903778516388137,7.449999999999999
2026-08-12 01:00:00,27.2,98.0,0.2,16.9,237.0,14.173532598277665,9.204399691753958
2026-08-12 02:00:00,27.1,97.0,0.2,17.6,236.0,14.591061276968734,9.841795101085147
2026-08-12 03:00:00,27.0,96.0,0.2,17.6,235.0,14.417075979486256,10.094945279778411
2026-08-12 04:00:00,26.8,97.0,0.5,16.9,239.0,14.486127381865698,8.704143465979914
2026-08-12 05:00:00,26.2,99.0,0.5,15.2,256.0,14.748495039395145,3.6772128131149495
2026-08-12 06:00:00,26.4,98.0,0.4,15.5,244.0,13.93130771763709,6.7947527752307
2026-08-12 07:00:00,26.7,98.0,0.5,17.3,242.0,15.274993356459438,8.121858036195912
2026-08-12 08:00:00,28.0,95.0,1.0,17.7,253.0,16.926594180545727,5.17497917359244
2026-08-12 09:00:00,27.5,94.0,1.0,17.7,265.0,17.632646156223895,1.5426566466335494
2026-08-12 10:00:00,28.0,93.0,1.3,19.0,261.0,18.76607847130762,2.9722548357643865
2026-08-12 11:00:00,28.0,92.0,1.4,20.0,261.0,19.753766811902757,3.1286893008046173
2026-08-12 12:00:00,29.0,85.0,0.6,20.4,260.0,20.090078161449043,3.5424228244053784
2026-08-12 13:00:00,28.6,88.0,0.9,21.1,262.0,20.894656250447134,2.936552430257381
2026-08-12 14:00:00,30.5,77.0,0.2,21.2,269.0,21.196771137315494,0.36999101647041044
2026-08-12 15:00:00,30.7,75.0,0.1,20.0,266.0,19.951281005196485,1.395129474882506
2026-08-12 16:00:00,30.1,76.0,0.1,17.8,269.0,17.797288973783765,0.3106528345836465
2026-08-12 17:00:00,29.1,82.0,0.1,16.5,264.0,16.40961127357651,1.7247196439162822
2026-08-12 18:00:00,28.4,87.0,0.0,13.0,270.0,13.0,0.0
2026-08-12 19:00:00,27.5,92.0,0.0,7.9,273.0,7.889173324561134,-0.4134540543192563
2026-08-12 20:00:00,27.7,94.0,0.0,7.5,285.0,7.244443697168013,-1.9411428382689055
2026-08-12 21:00:00,26.8,98.0,0.0,6.1,289.0,5.767663311155832,-1.9859657421886558
2026-08-12 22:00:00,26.5,98.0,0.0,4.8,290.0,4.51052457977236,-1.6416966879632098
2026-08-12 23:00:00,26.4,98.0,0.0,5.7,281.0,5.595274945651685,-1.0876112736463055
2026-08-13 00:00:00,26.6,98.0,0.0,7.6,265.0,7.571079705497266,0.662383644882202
2026-08-13 01:00:00,26.8,98.0,0.0,9.3,252.0,8.844825601544928,2.873858047687011
2026-08-13 02:00:00,26.8,96.0,0.2,8.5,274.0,8.479294427208506,-0.592930026825065
2026-08-13 03:00:00,26.7,95.0,0.2,9.5,259.0,9.325458242752807,1.8126854560771757
2026-08-13 04:00:00,26.5,94.0,0.1,11.2,268.0,11.193177262613872,0.3908743630680108
2026-08-13 05:00:00,26.3,93.0,0.1,12.1,258.0,11.835585968879048,2.515731458894888
2026-08-13 06:00:00,26.0,95.0,0.1,13.3,261.0,13.136254929915333,2.0805783850350705
2026-08-13 07:00:00,26.6,93.0,0.1,13.9,260.0,13.688827766869691,2.4137096695703315
2026-08-13 08:00:00,28.3,87.0,0.1,14.2,258.0,13.88969593042004,2.9523460096121825
2026-08-13 09:00:00,29.3,81.0,0.0,17.4,263.0,17.270303038559,2.120526575249566
2026-08-13 10:00:00,30.4,75.0,0.0,19.7,258.0,19.26950773445597,4.095860309109859
2026-08-13 11:00:00,30.6,74.0,0.1,20.2,258.0,19.758581534822873,4.1998161545187385
2026-08-13 12:00:00,31.2,71.0,0.1,23.5,262.0,23.271299615426905,3.270567872561538
2026-08-13 13:00:00,29.8,78.0,0.2,21.3,266.0,21.248114270534256,1.4858128907498689
2026-08-13 14:00:00,30.9,71.0,0.0,21.1,269.0,21.096786367799858,0.3682457758266821
2026-08-13 15:00:00,30.7,73.0,0.0,19.3,261.0,19.06238497348616,3.019185175276456
2026-08-13 16:00:00,30.3,75.0,0.0,17.3,262.0,17.131637589229168,2.4076946466091322
2026-08-13 17:00:00,29.4,80.0,0.0,14.6,268.0,14.591106074478798,0.5095326518565141
2026-08-13 18:00:00,28.5,85.0,0.0,14.0,257.0,13.641180906993293,3.14931476081411
2026-08-13 19:00:00,27.7,88.0,0.0,12.1,255.0,11.687702498097726,3.131710445740501
2026-08-13 20:00:00,28.0,87.0,0.0,10.6,268.0,10.593542766402415,0.36993466504651024
2026-08-13 21:00:00,27.8,88.0,0.1,10.2,263.0,10.123970746741483,1.243067302732504
2026-08-13 22:00:00,27.5,88.0,0.1,10.8,252.0,10.271410375987658,3.337383539249432
2026-08-13 23:00:00,27.5,88.0,0.0,13.4,244.0,12.043840220408839,5.874173366973637
2026-08-14 00:00:00,26.7,92.0,0.3,13.4,238.0,11.363844488496108,7.1009181407249455
2026-08-14 01:00:00,26.7,93.0,0.2,12.6,246.0,11.510672766296771,5.124881702755083
2026-08-14 02:00:00,26.5,96.0,0.1,12.6,242.0,11.12513967002248,5.915341691102224
2026-08-14 03:00:00,26.2,97.0,0.2,12.3,241.0,10.757822397814568,5.963158329029946
2026-08-14 04:00:00,25.9,97.0,0.2,14.5,251.0,13.710019346190094,4.720738239628772
2026-08-14 05:00:00,25.9,97.0,0.2,12.3,255.0,11.88088766335554,3.183474254761005
2026-08-14 06:00:00,25.6,97.0,0.4,16.2,249.0,15.124002909254667,5.805560782633864
2026-08-14 07:00:00,26.1,98.0,0.9,15.6,259.0,15.313384061783557,2.976620327874099
2026-08-14 08:00:00,27.2,96.0,0.5,14.6,271.0,14.597776349283313,-0.25480513398433924
2026-08-14 09:00:00,27.5,93.0,0.6,16.6,260.0,16.347808700002656,2.8825597492710435
2026-08-14 10:00:00,28.8,86.0,0.2,17.3,260.0,17.0371741271112,3.004113473637895
2026-08-14 11:00:00,30.0,80.0,0.2,21.2,249.0,19.791905041740677,7.597400530360366
2026-08-14 12:00:00,29.8,77.0,0.3,20.4,250.0,19.16972946403253,6.977210923843641
2026-08-14 13:00:00,29.6,78.0,0.4,20.7,255.0,19.994664604183715,5.357554233622179
2026-08-14 14:00:00,30.9,73.0,0.6,16.9,256.0,16.39799777406434,4.088480035634384
2026-08-14 15:00:00,30.3,78.0,0.3,16.3,254.0,15.668565643794599,4.492888899817086
2026-08-14 16:00:00,26.5,97.0,3.7,14.3,255.0,13.812739315933678,3.7011123449660466
2026-08-14 17:00:00,26.3,98.0,0.5,15.6,248.0,14.464068131241884,5.843862857288228
2026-08-14 18:00:00,26.1,98.0,0.2,16.3,251.0,15.411952782268866,5.306760917651655
2026-08-14 19:00:00,25.6,98.0,0.2,16.7,263.0,16.575520732410077,2.035218034865963
2026-08-14 20:00:00,25.5,96.0,0.2,14.3,264.0,14.221663103766309,1.4947570247274446
2026-08-14 21:00:00,25.7,97.0,0.2,13.1,268.0,13.092019833950154,0.4571834068027627
2026-08-14 22:00:00,25.8,97.0,0.1,13.6,262.0,13.467645734885357,1.89275417305689
2026-08-14 23:00:00,25.8,98.0,0.2,14.5,256.0,14.06928803100195,3.507867486195182
2026-08-15 00:00:00,25.9,98.0,0.1,15.1,262.0,14.953047837997712,2.101513824496988
2026-08-15 01:00:00,25.7,98.0,0.4,16.3,260.0,16.05236637409899,2.8304652959709644
2026-08-15 02:00:00,25.7,97.0,0.1,15.5,271.0,15.497639274924065,-0.2705122997778944
2026-08-15 03:00:00,25.6,97.0,0.1,15.9,267.0,15.878209602597725,0.832141704262807
2026-08-15 04:00:00,25.7,96.0,0.1,15.9,266.0,15.861268399131205,1.1091279325315924
2026-08-15 05:00:00,25.6,97.0,0.0,14.9,271.0,14.89773065783023,-0.26004085591552434
2026-08-15 06:00:00,25.7,96.0,0.0,14.0,270.0,14.0,0.0
2026-08-15 07:00:00,26.6,93.0,0.1,14.4,261.0,14.222712104569984,2.2526562965793246
2026-08-15 08:00:00,27.6,93.0,0.1,13.3,279.0,13.136254929915333,-2.0805783850350705
2026-08-15 09:00:00,28.8,86.0,0.1,15.2,263.0,15.086701504948094,1.8524140197582415
2026-08-15 10:00:00,29.5,80.0,0.4,15.3,270.0,15.3,0.0
2026-08-15 11:00:00,29.3,80.0,0.8,18.6,256.0,18.047500508733535,4.49974725815382
2026-08-15 12:00:00,28.3,84.0,0.5,17.3,274.0,17.257858069494958,-1.2067869957733677
2026-08-15 13:00:00,29.7,76.0,0.5,17.1,258.0,16.72632397254808,3.5552899129836852
2026-08-15 14:00:00,27.5,88.0,0.4,15.1,268.0,15.090801487988346,0.5269824002077647
2026-08-15 15:00:00,27.2,88.0,0.3,14.9,258.0,14.574399250933705,3.097884193184614
2026-08-15 16:00:00,27.1,90.0,0.3,12.7,259.0,12.466665229785331,2.423274241282119
2026-08-15 17:00:00,26.9,92.0,0.3,12.1,247.0,11.138108726774528,4.727846654720213
2026-08-15 18:00:00,26.3,94.0,0.3,10.4,242.0,9.18265496573284,4.8825042529732645
2026-08-15 19:00:00,25.9,96.0,0.0,11.2,246.0,10.23170912559713,4.555450402448962
2026-08-15 20:00:00,25.9,95.0,0.1,17.4,244.0,15.639016405605505,7.627657954129946
2026-08-15 21:00:00,25.1,99.0,3.3,13.0,271.0,12.998020037033086,-0.22688128368468566
2026-08-15 22:00:00,25.4,99.0,2.4,11.2,268.0,11.193177262613872,0.3908743630680108
2026-08-15 23:00:00,25.5,99.0,1.6,14.9,258.0,14.574399250933705,3.097884193184614
2026-08-16 00:00:00,25.3,99.0,1.4,15.5,269.0,15.497639274924065,0.2705122997778944
2026-08-16 01:00:00,25.4,99.0,1.1,13.3,273.0,13.281772812235833,-0.696068218031153
2026-08-16 02:00:00,25.6,99.0,1.1,14.2,267.0,14.180539393514948,0.7431705786498024
2026-08-16 03:00:00,25.6,99.0,0.6,15.5,265.0,15.441017820422056,1.3509140125887016
2026-08-16 04:00:00,25.8,99.0,0.2,12.6,272.0,12.592324420440606,-0.4397336584515122
2026-08-16 05:00:00,25.7,99.0,0.3,14.9,271.0,14.89773065783023,-0.26004085591552434
2026-08-16 06:00:00,25.5,99.0,0.3,14.7,277.0,14.590428429127433,-1.7914793480556679
2026-08-16 07:00:00,25.6,99.0,0.4,15.3,279.0,15.111631611105608,-2.3934473151155324
2026-08-16 08:00:00,26.6,97.0,0.6,13.4,281.0,13.153804258198697,-2.5568405380457007
2026-08-16 09:00:00,27.7,92.0,0.0,15.5,269.0,15.497639274924065,0.2705122997778944
2026-08-16 10:00:00,29.4,81.0,0.0,16.4,266.0,16.360050424261114,1.144006169403655
2026-08-16 11:00:00,29.9,78.0,0.1,16.7,263.0,16.575520732410077,2.035218034865963
2026-08-16 12:00:00,30.9,74.0,0.0,16.3,262.0,16.141369520487597,2.2685215456490666
2026-08-16 13:00:00,30.4,75.0,0.3,17.2,260.0,16.938693351809977,2.9867486558712018
2026-08-16 14:00:00,30.4,76.0,0.1,16.3,262.0,16.141369520487597,2.2685215456490666
2026-08-16 15:00:00,29.3,81.0,0.6,16.9,263.0,16.77402996273834,2.059591903546992
2026-08-16 16:00:00,29.3,81.0,0.2,15.0,267.0,14.979443021318607,0.7850393436441575
2026-08-16 17:00:00,29.2,82.0,0.0,10.7,287.0,10.232460888804479,-3.128377240533283
2026-08-16 18:00:00,28.4,85.0,0.0,5.9,315.0,4.171930009000631,-4.17193000900063
2026-08-16 19:00:00,27.2,91.0,0.0,3.7,284.0,3.590094187221187,-0.8951110137187707
2026-08-16 20:00:00,27.1,90.0,0.0,3.5,345.0,0.9058666578588226,-3.380740392011739
2026-08-16 21:00:00,26.4,93.0,0.0,3.9,344.0,1.0749856876862967,-3.7489206141594438
2026-08-16 22:00:00,26.2,93.0,0.0,3.9,336.0,1.5862729079956208,-3.562827284806143
2026-08-16 23:00:00,26.1,93.0,0.0,2.3,331.0,1.1150621265665752,-2.01162532642061
2026-08-17 00:00:00,26.2,92.0,0.0,0.7000000000000001,14.0,-0.16934532691976747,-0.6792070083931976
2026-08-17 01:00:00,25.9,95.0,0.0,6.8,180.0,4.1637991171010006e-16,6.8
2026-08-17 02:00:00,26.0,95.0,0.0,6.7,189.0,1.0481109157695472,6.617511881987423
2026-08-17 03:00:00,25.6,95.0,0.2,4.8,228.0,3.5670951622914924,3.2118269105225195
2026-08-17 04:00:00,25.3,98.0,0.1,6.1,272.0,6.096284044816484,-0.2128869298852559
2026-08-17 05:00:00,25.1,99.0,0.0,6.3,290.0,5.9200635109512225,-2.1547269029517127
2026-08-17 06:00:00,25.4,97.0,0.1,6.1,298.0,5.385980316439454,-2.8637765329939335
2026-08-17 07:00:00,26.6,94.0,0.1,7.0,269.0,6.998933866094739,0.12216684506098457
2026-08-17 08:00:00,29.6,82.0,0.0,5.0,291.0,4.667902132486009,-1.7918397477265013
2026-08-17 09:00:00,30.5,76.0,0.1,4.7,356.0,0.3278554265973886,-4.688551036221174
2026-08-17 10:00:00,30.9,72.0,0.1,7.8,86.0,-7.780999592026628,-0.5441004952041771
2026-08-17 11:00:00,30.6,76.0,0.5,8.9,99.0,-8.790426231296726,1.3922667388580559
2026-08-17 12:00:00,27.9,92.0,5.7,6.4,117.0,-5.702441754805554,2.9055391983331003
2026-08-17 13:00:00,28.3,91.0,2.8,8.0,121.0,-6.857338405616898,4.120304599280435
2026-08-17 14:00:00,31.6,67.0,0.1,18.0,53.0,-14.37543918085127,-10.832670416736871
2026-08-17 15:00:00,30.6,73.0,0.2,18.8,51.0,-14.610344075391051,-11.831223351736947
2026-08-17 16:00:00,29.0,80.0,0.8,18.2,45.0,-12.869343417595168,-12.869343417595163
2026-08-17 17:00:00,28.0,90.0,0.9,15.6,41.0,-10.234520852251913,-11.773469451475243
2026-08-17 18:00:00,27.0,93.0,0.4,15.4,36.0,-9.051892885304088,-12.458861713374189
2026-08-17 19:00:00,26.0,97.0,0.9,15.3,31.0,-7.880082546123834,-13.114659700742315
2026-08-17 20:00:00,27.1,92.0,0.8,17.6,43.0,-12.003171137099976,-12.8718251484974
2026-08-17 21:00:00,26.3,93.0,0.6,19.6,39.0,-12.334679664576823,-15.232060844556624
2026-08-17 22:00:00,25.5,97.0,1.3,16.7,36.0,-9.816013713284303,-13.51058380606162
2026-08-17 23:00:00,25.7,98.0,1.6,16.9,40.0,-10.863110603702516,-12.946151088710726
2026-08-18 00:00:00,25.7,97.0,1.0,16.1,40.0,-10.348880515953287,-12.333315534215545
2026-08-18 01:00:00,25.5,98.0,0.9,17.4,44.0,-12.08705564598655,-12.51651252589253
2026-08-18 02:00:00,25.3,98.0,1.4,16.7,28.0,-7.840175098524375,-14.74522480074408
2026-08-18 03:00:00,25.3,98.0,1.0,18.3,30.0,-9.15000000000001,-15.848264889255223
2026-08-18 04:00:00,25.5,98.0,0.7000000000000001,18.7,35.0,-10.725879359764567,-15.318143228204143
2026-08-18 05:00:00,25.6,97.0,0.6,18.2,48.0,-13.525235823688575,-12.178177035731219
2026-08-18 06:00:00,25.5,96.0,0.7000000000000001,17.9,45.0,-12.657211383239202,-12.657211383239199
2026-08-18 07:00:00,26.3,95.0,0.7000000000000001,21.9,51.0,-17.019496555907658,-13.782116563991442
2026-08-18 08:00:00,27.3,95.0,1.2,18.2,44.0,-12.64278234235375,-13.091984366163452
2026-08-18 09:00:00,28.5,88.0,0.3,21.9,56.0,-18.155922838955416,-12.24632458600935
2026-08-18 10:00:00,28.1,88.0,0.8,19.5,44.0,-13.545838223950447,-14.027126106603697
2026-08-18 11:00:00,28.7,84.0,0.4,21.5,59.0,-18.429096965095415,-11.073318610566165
2026-08-18 12:00:00,29.0,82.0,0.4,22.9,59.0,-19.62913118607837,-11.794371915440239
2026-08-18 13:00:00,29.1,82.0,0.5,23.1,71.0,-21.84147909634422,-7.5206243679603215
2026-08-18 14:00:00,30.0,77.0,0.1,21.5,74.0,-20.667126462673856,-5.926203150065478
2026-08-18 15:00:00,29.9,76.0,0.2,20.1,77.0,-19.58483830218323,-4.521516192311687
2026-08-18 16:00:00,28.7,84.0,0.5,19.4,77.0,-18.90277925683356,-4.364050454270981
2026-08-18 17:00:00,27.8,85.0,0.4,17.5,76.0,-16.980175209829937,-4.233633172994181
2026-08-18 18:00:00,26.7,91.0,1.0,15.1,70.0,-14.189358573867217,-5.164504164217597
2026-08-18 19:00:00,25.9,97.0,1.3,16.6,56.0,-13.762023704413696,-9.282602197614395
2026-08-18 20:00:00,25.8,98.0,2.2,9.5,44.0,-6.599254519360474,-6.833728103217187
2026-08-18 21:00:00,25.3,98.0,1.2,18.5,42.0,-12.378916217638876,-13.748179271331795
2026-08-18 22:00:00,25.6,98.0,0.6,15.2,51.0,-11.812618614145956,-9.56566994395753
2026-08-18 23:00:00,25.9,98.0,0.7000000000000001,18.8,51.0,-14.610344075391051,-11.831223351736947
2026-08-19 00:00:00,26.0,96.0,0.5,20.4,47.0,-14.91961551303108,-13.912766545274966
2026-08-19 01:00:00,25.4,97.0,0.3,19.4,35.0,-11.127382865210299,-15.891549659206435
2026-08-19 02:00:00,25.7,96.0,0.3,21.1,30.0,-10.55000000000001,-18.273136019851652
2026-08-19 03:00:00,25.7,96.0,0.1,20.6,35.0,-11.815674588831556,-16.87453211235323
2026-08-19 04:00:00,26.0,94.0,0.0,20.8,37.0,-12.517752481562605,-16.61161860898369
2026-08-19 05:00:00,26.0,92.0,0.0,19.1,38.0,-11.75913417872007,-15.051005393888394
2026-08-19 06:00:00,26.3,90.0,0.0,19.8,39.0,-12.46054374278679,-15.387490036848018
2026-08-19 07:00:00,27.1,88.0,0.0,18.7,41.0,-12.268303842122485,-14.113069150165837
2026-08-19 08:00:00,28.3,85.0,0.0,16.7,48.0,-12.410518585472483,-11.174481126192932
2026-08-19 09:00:00,29.1,77.0,0.1,15.1,61.0,-13.206757577804877,-7.320625265719688
2026-08-19 10:00:00,29.9,72.0,0.0,8.0,85.0,-7.969557584733964,-0.6972459419812636
2026-08-19 11:00:00,30.9,67.0,0.0,7.2,91.0,-7.198903405126018,0.12565732634844076
2026-08-19 12:00:00,31.3,66.0,0.0,8.4,135.0,-5.939696961966999,5.939696961967
2026-08-19 13:00:00,30.5,71.0,0.0,12.1,173.0,-1.474619055202283,12.009808434859996
2026-08-19 14:00:00,29.5,75.0,0.0,12.8,204.0,5.206229031370243,11.693381857825292
2026-08-19 15:00:00,30.0,74.0,0.0,9.8,232.0,7.722505385345875,6.033482458191452
2026-08-19 16:00:00,29.3,76.0,0.0,9.8,235.0,8.027690034032121,5.621049076240252
2026-08-19 17:00:00,28.1,80.0,0.0,11.2,238.0,9.498138676951971,5.935095759411895
2026-08-19 18:00:00,26.9,86.0,0.0,12.6,236.0,10.445873414193525,7.045830583731411
2026-08-19 19:00:00,26.4,89.0,0.0,12.7,254.0,12.208023538416649,3.500594418875889
2026-08-19 20:00:00,26.6,90.0,0.2,16.0,232.0,12.60817205770755,9.850583605210533
2026-08-19 21:00:00,26.1,92.0,0.0,15.9,235.0,13.02451750419497,9.119865337981633
2026-08-19 22:00:00,26.5,90.0,0.0,16.5,245.0,14.954078486104724,6.973201318721541
2026-08-19 23:00:00,26.6,91.0,0.0,16.8,242.0,14.833519560029973,7.887122254802966
2026-08-20 00:00:00,26.6,91.0,0.0,17.0,238.0,14.41681763465924,9.008627491964484
2026-08-20 01:00:00,26.2,92.0,0.2,14.5,243.0,12.919594600731335,6.582862246223428
2026-08-20 02:00:00,26.1,91.0,0.2,14.7,243.0,13.097795905569008,6.673660346171337
2026-08-20 03:00:00,26.0,91.0,0.2,15.2,248.0,14.093194589415168,5.694020219921862
2026-08-20 04:00:00,25.6,94.0,0.4,14.7,248.0,13.629602662131774,5.506716923213906
2026-08-20 05:00:00,25.1,96.0,0.8,15.1,242.0,13.332508652169798,7.089020598066951
2026-08-20 06:00:00,24.7,99.0,4.6,12.9,234.0,10.436319227436822,7.582429754572904
2026-08-20 07:00:00,25.0,99.0,7.1,11.6,246.0,10.59712730865417,4.718145059679283
2026-08-20 08:00:00,25.5,98.0,2.9,17.5,243.0,15.592614173296438,7.944833745442068
2026-08-20 09:00:00,25.2,99.0,1.9,19.9,252.0,18.926024674273553,6.149438188061453
2026-08-20 10:00:00,25.9,99.0,1.2,17.9,252.0,17.023911641683245,5.531404199311558
2026-08-20 11:00:00,25.9,96.0,1.0,19.8,230.0,15.167679973755765,12.727194671793479
2026-08-20 12:00:00,25.8,98.0,1.0,18.0,243.0,16.03811743539062,8.171828995311841
2026-08-20 13:00:00,25.7,98.0,1.4,17.7,247.0,16.292935906108195,6.915940974260145
2026-08-20 14:00:00,27.5,88.0,0.9,15.3,273.0,15.27903188174498,-0.8007401305170407
2026-08-20 15:00:00,27.9,84.0,0.2,15.0,260.0,14.772116295183121,2.6047226650039548
2026-08-20 16:00:00,27.4,87.0,0.1,15.0,256.0,14.554435894139948,3.628828433995016
2026-08-20 17:00:00,27.1,88.0,0.1,12.2,251.0,11.535326622311665,3.9719314843773117
2026-08-20 18:00:00,26.5,91.0,0.2,12.8,238.0,10.855015630802253,6.782966582185023
2026-08-20 19:00:00,24.9,99.0,2.1,13.2,248.0,12.238826880281593,4.944807033090038
2026-08-20 20:00:00,24.9,99.0,1.3,15.4,265.0,15.341398350612883,1.3421984383139358
2026-08-20 21:00:00,24.6,99.0,4.1,8.5,264.0,8.453436110630323,0.8884919377750545
2026-08-20 22:00:00,24.6,98.0,3.2,6.5,262.0,6.436742446820207,0.9046251562404254
2026-08-20 23:00:00,24.8,99.0,1.9,12.7,255.0,12.267257993871167,3.2870018728020134
2026-08-21 00:00:00,24.9,99.0,2.3,12.5,259.0,12.2703397930958,2.38511244220681
2026-08-21 01:00:00,25.2,99.0,2.8,15.2,246.0,13.885890956167533,6.182396974752163
2026-08-21 02:00:00,25.3,98.0,3.0,17.4,237.0,14.592867882250378,9.476719209261471
2026-08-21 03:00:00,25.1,99.0,3.5,18.4,241.0,16.09300261136488,8.920497012532602
2026-08-21 04:00:00,25.3,98.0,3.8,18.0,246.0,16.443818237566816,7.321259575364404
2026-08-21 05:00:00,24.9,99.0,3.3,19.9,250.0,18.699883153639576,6.806200852180807
2026-08-21 06:00:00,25.2,98.0,4.2,21.7,248.0,20.119889644099285,8.12896307712529
2026-08-21 07:00:00,25.2,98.0,4.0,21.4,246.0,19.549872793551657,8.704164161822124
2026-08-21 08:00:00,25.7,98.0,3.6,19.7,249.0,18.391534401994875,7.059848606042415
2026-08-21 09:00:00,25.6,99.0,3.4,20.1,248.0,18.63639547679243,7.529592527659832
2026-08-21 10:00:00,25.7,98.0,3.3,22.4,253.0,21.421226533571993,6.549126185789303
2026-08-21 11:00:00,25.9,98.0,3.4,23.5,255.0,22.699256917793104,6.082247559909238
2026-08-21 12:00:00,25.9,98.0,2.3,24.2,257.0,23.579755567802692,5.443815515121533
2026-08-21 13:00:00,25.7,99.0,3.2,23.3,257.0,22.70282250949598,5.241359566212055
2026-08-21 14:00:00,25.7,98.0,2.5,26.4,250.0,24.80788518874798,9.029331783797653
2026-08-21 15:00:00,25.8,98.0,2.0,26.6,250.0,24.995823712905164,9.097735812462789
2026-08-21 16:00:00,25.6,98.0,1.1,22.6,251.0,21.36871980854456,7.357840290731742
2026-08-21 17:00:00,25.6,98.0,2.0,21.5,252.0,20.4477151003458,6.643865379061369
2026-08-21 18:00:00,25.5,98.0,2.5,22.8,259.0,22.38109978260674,4.350445094585222
2026-08-21 19:00:00,25.5,98.0,2.5,20.9,260.0,20.582482037955145,3.629246913238844
2026-08-21 20:00:00,25.2,98.0,3.7,17.7,258.0,17.31321253298836,3.6800369274743403
2026-08-21 21:00:00,25.2,99.0,2.2,17.8,250.0,16.72652864998917,6.087958551196904
2026-08-21 22:00:00,24.8,99.0,3.5,15.9,257.0,15.49248403008524,3.576721764067454
2026-08-21 23:00:00,25.0,99.0,3.2,14.5,256.0,14.06928803100195,3.507867486195182
2026-08-22 00:00:00,24.9,99.0,5.7,15.9,258.0,15.552546851667511,3.305795884002374
2026-08-22 01:00:00,25.3,99.0,1.8,16.6,248.0,15.391251985808672,6.21846945070414
2026-08-22 02:00:00,25.1,99.0,4.2,15.0,252.0,14.265847744427303,4.635254915624211
2026-08-22 03:00:00,25.1,99.0,2.4,15.9,242.0,14.03886672645694,7.464597848295664
2026-08-22 04:00:00,25.3,99.0,2.7,16.0,244.0,14.380704740786673,7.0139383486252385
2026-08-22 05:00:00,25.4,98.0,4.6,19.4,247.0,17.85779415697734,7.5801838926919105
2026-08-22 06:00:00,25.6,99.0,7.0,21.0,250.0,19.733545036504076,7.182423009839043
2026-08-22 07:00:00,25.5,99.0,8.7,22.2,258.0,21.714876736290485,4.615639536154257
2026-08-22 08:00:00,25.7,98.0,6.7,22.1,244.0,19.863348423211594,9.688002344038612
2026-08-22 09:00:00,26.0,99.0,5.4,17.9,246.0,16.352463691802555,7.280585911056823
2026-08-22 10:00:00,26.0,99.0,15.3,20.2,240.0,17.49371315644566,10.099999999999998
2026-08-22 11:00:00,25.6,99.0,22.0,18.1,233.0,14.455302731856001,10.892851919052074
2026-08-22 12:00:00,25.9,98.0,9.0,18.6,240.0,16.10807251039056,9.299999999999999
2026-08-22 13:00:00,25.8,96.0,6.2,20.3,245.0,18.398048076843995,8.5791507133362
2026-08-22 14:00:00,25.6,98.0,4.4,18.5,257.0,18.025846198526853,4.161594505361503
2026-08-22 15:00:00,25.5,98.0,3.1,16.1,248.0,14.927660058525278,6.031166153996184
2026-08-22 16:00:00,25.5,99.0,1.2,17.2,254.0,16.533701170139086,4.740962520052386
2026-08-22 17:00:00,25.4,99.0,1.6,17.8,249.0,16.61773159165019,6.378949501906345
2026-08-22 18:00:00,25.4,99.0,1.2,17.1,242.0,15.098403837887652,8.027963723638733
2026-08-22 19:00:00,25.3,98.0,1.0,19.6,242.0,17.30577282003497,9.20164263060346
2026-08-22 20:00:00,25.2,98.0,1.9,15.6,247.0,14.35987571385807,6.0954056044326705
2026-08-22 21:00:00,25.1,98.0,0.8,16.7,252.0,15.882643822129063,5.160583806061621
2026-08-22 22:00:00,25.3,98.0,0.4,15.3,248.0,14.185912974871849,5.731480879263454
2026-08-22 23:00:00,25.1,99.0,0.9,17.9,232.0,14.105392489560321,11.020340408329282
2026-08-23 00:00:00,24.9,99.0,1.8,17.0,239.0,14.57184411193591,8.75564727347092
2026-08-23 01:00:00,25.3,98.0,1.8,18.3,227.0,13.38377273963082,12.480569989143723
2026-08-23 02:00:00,25.1,98.0,2.0,17.6,207.0,7.990232795416024,15.681714825715275
2026-08-23 03:00:00,24.9,98.0,1.4,15.2,217.0,9.147588351911136,12.13925975271885
2026-08-23 04:00:00,25.2,98.0,0.6,16.3,218.0,10.03528204780823,12.844575283789569
2026-08-23 05:00:00,25.0,97.0,1.2,17.9,216.0,10.521356016035268,14.481404199311559
2026-08-23 06:00:00,25.3,99.0,2.3,18.3,221.0,12.005880230526284,13.811185318076728
2026-08-23 07:00:00,25.2,98.0,2.3,17.4,225.0,12.303657992645928,12.303657992645924
2026-08-23 08:00:00,25.3,98.0,2.3,26.1,224.0,18.13058346897983,18.774768788838795
2026-08-23 09:00:00,25.3,98.0,20.0,24.7,206.0,10.827767325690212,22.200212943589424
2026-08-23 10:00:00,25.3,98.0,14.8,21.0,192.0,4.3661455071729485,20.541099615409916
2026-08-23 11:00:00,25.4,99.0,11.1,22.9,213.0,12.472233901844119,19.20555600595021
2026-08-23 12:00:00,25.4,98.0,7.9,24.5,218.0,15.083706145478628,19.30626346336469
2026-08-23 13:00:00,25.6,98.0,5.4,23.2,216.0,13.636617853185376,18.76919426949878
2026-08-23 14:00:00,25.6,97.0,5.7,20.8,212.0,11.022320696050663,17.63940040005366
2026-08-23 15:00:00,25.8,99.0,4.3,22.3,218.0,13.72925089976218,17.5726398054299
2026-08-23 16:00:00,25.5,99.0,2.8,20.7,221.0,13.5804219001035,15.62248831061138
2026-08-23 17:00:00,25.3,98.0,1.7000000000000002,20.6,223.0,14.04916621728747,15.065886253354913
2026-08-23 18:00:00,25.3,98.0,1.1,19.9,214.0,11.127938779067861,16.49784769384533
2026-08-23 19:00:00,25.4,98.0,2.0,19.4,209.0,9.40530663277894,16.967622318504276
2026-08-23 20:00:00,24.9,98.0,6.1,18.3,209.0,8.87201605050797,16.005540640650942
2026-08-23 21:00:00,25.2,97.0,6.0,21.8,202.0,8.16642373646688,20.212608029555966
2026-08-23 22:00:00,25.4,98.0,6.4,24.0,193.0,5.3988253042527585,23.384881554845645
2026-08-23 23:00:00,25.2,98.0,3.9,24.0,199.0,7.813635706971763,22.692445814383603
2026-08-24 00:00:00,25.0,97.0,2.9,22.5,192.0,4.678013043399588,22.008321016510624
2026-08-24 01:00:00,25.5,98.0,3.4,21.8,191.0,4.159636099208679,21.399472599159076
2026-08-24 02:00:00,25.3,98.0,13.8,26.6,197.0,7.777087345624799,25.437706508616746
2026-08-24 03:00:00,25.3,98.0,6.9,27.0,200.0,9.234543869793058,25.371700761219525
2026-08-24 04:00:00,25.3,99.0,10.9,26.8,199.0,8.725226539451802,25.33989782606169
2026-08-24 05:00:00,24.9,99.0,4.2,25.6,204.0,10.412458062740486,23.386763715650584
2026-08-24 06:00:00,25.0,99.0,3.3,20.2,197.0,5.905908435399282,19.317356070453314
2026-08-24 07:00:00,25.2,99.0,2.8,19.6,205.0,8.28331793011771,17.76363262591834
2026-08-24 08:00:00,25.0,99.0,4.1,27.9,182.0,0.97369595799978,27.88300407383277
2026-08-24 09:00:00,25.3,98.0,3.5,23.8,185.0,2.0743066773942638,23.709433814583544
2026-08-24 10:00:00,25.6,97.0,3.7,22.2,178.0,-0.7747688267955212,22.186476359823924
2026-08-24 11:00:00,25.5,97.0,12.3,26.0,207.0,11.803752993228217,23.166169628897563
2026-08-24 12:00:00,25.4,98.0,23.5,20.5,209.0,9.93859721504991,17.929703996357613
2026-08-24 13:00:00,25.4,99.0,7.3,20.0,219.0,12.586407820996751,15.542919229139418
2026-08-24 14:00:00,25.5,98.0,3.6,21.8,237.0,18.283018381210244,11.873130963327592
2026-08-24 15:00:00,25.2,98.0,2.7,20.9,239.0,17.914796584674146,10.764295765620131
2026-08-24 16:00:00,25.3,99.0,3.6,17.8,240.0,15.41525218736301,8.899999999999999
2026-08-24 17:00:00,25.4,99.0,3.7,15.2,241.0,13.294219548518814,7.369106227744323
2026-08-24 18:00:00,25.2,99.0,3.9,15.9,239.0,13.628960081163587,8.18910539106986
2026-08-24 19:00:00,25.1,99.0,3.8,15.5,235.0,12.696856686479373,8.890434763441213
2026-08-24 20:00:00,24.2,99.0,1.2,8.6,260.0,8.469346675904989,1.4933743279356009
2026-08-24 21:00:00,24.5,99.0,2.1,10.5,207.0,4.766900247265242,9.355568503977862
2026-08-24 22:00:00,24.6,99.0,2.7,7.6,211.0,3.9142893693164114,6.5144714853360535
2026-08-24 23:00:00,24.9,99.0,3.5,10.5,204.0,4.270734752295902,9.59222730524731
2026-08-25 00:00:00,24.9,98.0,7.2,20.0,229.0,15.09419160445544,13.121180579810146
2026-08-25 01:00:00,24.9,99.0,2.8,20.8,224.0,14.448894105547144,14.962267847043943
2026-08-25 02:00:00,25.5,98.0,2.4,20.4,209.0,9.890116253025276,17.84224202564367
2026-08-25 03:00:00,24.9,99.0,2.7,18.9,219.0,11.894155390841927,14.68805867153675
2026-08-25 04:00:00,25.5,99.0,2.6,20.4,220.0,13.112867237605402,15.62730663962715
2026-08-25 05:00:00,25.0,99.0,3.5,19.5,228.0,14.491324096809187,13.048046823997735
2026-08-25 06:00:00,25.2,99.0,3.6,21.2,230.0,16.240142194122335,13.627097325354631
2026-08-25 07:00:00,25.3,98.0,3.9,20.8,233.0,16.61161860898369,12.517752481562605
2026-08-25 08:00:00,25.1,99.0,2.3,10.7,235.0,8.764926873892211,6.137267868956192
2026-08-25 09:00:00,25.6,99.0,1.4,16.3,227.0,11.921065336392479,11.116573269018726
2026-08-25 10:00:00,25.6,99.0,1.1,10.5,254.0,10.093247807352348,2.8941922360784913
2026-08-25 11:00:00,26.3,98.0,0.6,11.8,246.0,10.77983640018269,4.799492388294443
2026-08-25 12:00:00,26.6,98.0,0.5,11.4,254.0,10.958383333696835,3.1422658563137906
2026-08-25 13:00:00,25.7,99.0,1.1,15.6,239.0,13.371809890952951,8.034593968596845
2026-08-25 14:00:00,26.2,94.0,0.9,12.5,225.0,8.838834764831844,8.838834764831843
2026-08-25 15:00:00,25.6,99.0,0.7000000000000001,16.9,240.0,14.635829323957013,8.449999999999998
2026-08-25 16:00:00,25.4,99.0,1.5,12.6,250.0,11.840127021902445,4.309453805903425
2026-08-25 17:00:00,25.4,99.0,0.5,13.4,248.0,12.424263651194952,5.019728351773221
2026-08-25 18:00:00,25.1,99.0,0.4,11.2,248.0,10.384459171148018,4.195593846258214
2026-08-25 19:00:00,24.9,99.0,0.3,11.0,252.0,10.461621679246688,3.3991869381244215
2026-08-25 20:00:00,24.8,97.0,0.2,10.6,272.0,10.593542766402415,-0.36993466504651024
2026-08-25 21:00:00,24.8,97.0,0.2,12.3,267.0,12.283143277481258,0.6437322617882092
2026-08-25 22:00:00,24.8,98.0,0.7000000000000001,8.8,271.0,8.798659717376244,-0.15358117664809492
2026-08-25 23:00:00,24.7,99.0,2.0,7.6,270.0,7.6,0.0
2026-08-26 00:00:00,24.7,99.0,3.3,5.5,247.0,5.062776693988422,2.149021206691006
2026-08-26 01:00:00,24.6,99.0,1.4,6.6,257.0,6.430842427582553,1.484676958669509
2026-08-26 02:00:00,24.8,99.0,1.0,5.2,274.0,5.187333061351086,-0.3627336634694516
2026-08-26 03:00:00,24.6,99.0,0.5,6.0,273.0,5.991777208527443,-0.314015737457663
2026-08-26 04:00:00,24.6,99.0,0.1,8.5,269.0,8.498705408829325,0.14834545471690985
2026-08-26 05:00:00,24.8,99.0,0.1,10.5,266.0,10.474422527728153,0.7324429743133156
2026-08-26 06:00:00,24.9,98.0,0.2,11.8,264.0,11.735358365345625,1.233435866558311
2026-08-26 07:00:00,25.7,99.0,0.6,13.5,267.0,13.481498719186746,0.7065354092797418
2026-08-26 08:00:00,27.6,92.0,0.2,13.1,272.0,13.092019833950154,-0.4571834068027627
2026-08-26 09:00:00,29.4,81.0,0.0,14.0,271.0,13.997867732189478,-0.24433369012196915
2026-08-26 10:00:00,30.9,72.0,0.0,17.0,261.0,16.790701790117343,2.6593859056839246
2026-08-26 11:00:00,30.3,71.0,0.6,21.9,256.0,21.249476405444323,5.298089513632723
2026-08-26 12:00:00,28.9,84.0,0.7000000000000001,16.8,264.0,16.707967842186992,1.7560781828965784
2026-08-26 13:00:00,29.0,80.0,0.2,19.5,260.0,19.203751183738056,3.3861394645051415
2026-08-26 14:00:00,30.7,71.0,0.0,24.4,261.0,24.09959551052136,3.817000946981633
2026-08-26 15:00:00,29.9,74.0,0.2,23.9,264.0,23.76907329930173,2.498230272096918
2026-08-26 16:00:00,29.0,79.0,0.1,23.4,266.0,23.342998776079884,1.632301485612532
2026-08-26 17:00:00,27.9,85.0,0.1,18.0,271.0,17.997258512815044,-0.3141433158711032
2026-08-26 18:00:00,27.0,86.0,0.0,17.4,277.0,17.270303038559,-2.120526575249566
2026-08-26 19:00:00,26.8,87.0,0.0,16.2,271.0,16.197532661533536,-0.2827289842839929
2026-08-26 20:00:00,27.0,89.0,0.0,14.0,279.0,13.827636768331928,-2.190082510563232
2026-08-26 21:00:00,26.6,89.0,0.0,15.2,277.0,15.086701504948094,-1.8524140197582415
2026-08-26 22:00:00,26.0,91.0,0.3,17.0,275.0,16.935309867559674,-1.4816476267101888
2026-08-26 23:00:00,25.1,95.0,0.3,15.9,280.0,15.658443272894107,-2.761006024904192
2026-08-27 00:00:00,25.3,96.0,0.2,16.9,272.0,16.889704976622717,-0.5898014942722664
2026-08-27 01:00:00,25.1,96.0,0.1,18.7,271.0,18.697151899424515,-0.32636000037720164
2026-08-27 02:00:00,25.4,97.0,0.0,19.6,263.0,19.45390457216991,2.3886391307408905
2026-08-27 03:00:00,25.1,97.0,0.4,20.0,274.0,19.951281005196485,-1.395129474882506
2026-08-27 04:00:00,24.7,98.0,0.6,19.8,273.0,19.772864788140563,-1.036251933610288
2026-08-27 05:00:00,24.8,98.0,0.1,18.9,272.0,18.888486630660907,-0.6596004876772683
2026-08-27 06:00:00,24.8,97.0,0.1,20.2,273.0,20.17231660204239,-1.0571863161074655
2026-08-27 07:00:00,25.5,95.0,0.0,21.8,272.0,21.786720029016287,-0.7608090281145211
2026-08-27 08:00:00,27.9,88.0,0.0,19.1,270.0,19.1,0.0
2026-08-27 09:00:00,29.0,81.0,0.0,19.5,264.0,19.39317695968133,2.0383050337192428
2026-08-27 10:00:00,29.4,77.0,0.0,24.0,268.0,23.985379848458297,0.8375879208600232
2026-08-27 11:00:00,30.1,73.0,0.0,26.1,273.0,26.06423085709438,-1.3659684579408342
2026-08-27 12:00:00,29.9,74.0,0.0,27.7,272.0,27.683125908428952,-0.9667160586592768
2026-08-27 13:00:00,28.9,78.0,0.0,24.9,275.0,24.805247982484463,-2.1701779944166883
2026-08-27 14:00:00,28.8,80.0,0.0,22.1,270.0,22.1,0.0
2026-08-27 15:00:00,28.7,82.0,0.0,20.4,265.0,20.322371841071607,1.7779771520522265
2026-08-27 16:00:00,28.4,83.0,0.0,21.5,273.0,21.470534997223336,-1.1252230592232924
2026-08-27 17:00:00,28.3,83.0,0.0,20.9,273.0,20.871357276370592,-1.0938214854775261
2026-08-27 18:00:00,27.8,85.0,0.0,21.5,276.0,21.382220750417876,-2.24736196025455
2026-08-27 19:00:00,27.7,84.0,0.0,21.3,273.0,21.270809090272422,-1.1147558679747036
2026-08-27 20:00:00,28.3,82.0,0.0,22.4,278.0,22.182004739811173,-3.1174774615054655
2026-08-27 21:00:00,28.3,83.0,0.0,23.2,278.0,22.97421919480443,-3.228815942273518
2026-08-27 22:00:00,28.1,84.0,0.0,24.1,272.0,24.08531893116021,-0.8410778705302734
2026-08-27 23:00:00,27.7,85.0,0.1,23.3,274.0,23.243242371053906,-1.6253258382381195
2026-08-28 00:00:00,27.2,89.0,0.1,23.6,266.0,23.54251158613185,1.6462527803613571
2026-08-28 01:00:00,26.4,90.0,0.1,23.5,276.0,23.37126454115442,-2.4564188867898564
2026-08-28 02:00:00,25.8,90.0,0.1,24.9,279.0,24.59343968081893,-3.8952181795017484
2026-08-28 03:00:00,25.7,91.0,0.1,24.4,274.0,24.34056282633971,-1.7020579593566574
2026-08-28 04:00:00,25.4,92.0,0.1,24.0,273.0,23.967108834109773,-1.256062949830652
2026-08-28 05:00:00,25.4,92.0,0.1,25.7,271.0,25.696085765519253,-0.4485268454381862
2026-08-28 06:00:00,25.4,93.0,0.1,27.4,272.0,27.383308660323223,-0.9562462096485265
2026-08-28 07:00:00,26.1,90.0,0.1,27.3,276.0,27.150447743553862,-2.85362704720694
2026-08-28 08:00:00,27.9,91.0,0.2,24.6,275.0,24.506389573056943,-2.144031271592391
2026-08-28 09:00:00,28.7,90.0,0.7000000000000001,26.7,277.0,26.500982248823295,-3.2539114689174373
2026-08-28 10:00:00,28.9,83.0,0.7000000000000001,25.6,278.0,25.350862559784204,-3.5628313845776756
2026-08-28 11:00:00,29.3,79.0,0.2,28.7,274.0,28.630088242456953,-2.0020107964563962
2026-08-28 12:00:00,29.6,77.0,0.3,31.2,274.0,31.123998368106513,-2.1764019808167094
2026-08-28 13:00:00,29.6,78.0,0.2,31.4,277.0,31.165949161537508,-3.8266973829216306
2026-08-28 14:00:00,30.4,79.0,0.1,23.8,280.0,23.438424521690553,-4.132826628472942
2026-08-28 15:00:00,29.6,81.0,0.5,21.6,273.0,21.570397950698798,-1.130456654847587
2026-08-28 16:00:00,29.4,83.0,0.2,23.5,274.0,23.44275518110587,-1.6392771329869447
2026-08-28 17:00:00,28.8,85.0,0.0,20.0,269.0,19.996953903127825,0.34904812874567026
2026-08-28 18:00:00,28.1,85.0,0.0,20.2,268.0,20.187694705785734,0.7049698333905196
2026-08-28 19:00:00,27.8,86.0,0.1,17.1,266.0,17.058345259442994,1.1928357010245427
2026-08-28 20:00:00,28.0,84.0,0.1,14.8,269.0,14.79774588831459,0.258295615271796
2026-08-28 21:00:00,26.5,92.0,0.9,12.6,273.0,12.58273213790763,-0.6594330486610923
2026-08-28 22:00:00,25.5,98.0,1.4,16.3,276.0,16.210706894502856,-1.7038139512627517
2026-08-28 23:00:00,25.2,99.0,0.9,10.3,347.0,2.3169958597418088,-10.036011667287923
2026-08-29 00:00:00,25.2,99.0,2.9,9.2,235.0,7.536198807458724,5.276903214429623
2026-08-29 01:00:00,25.3,99.0,0.7000000000000001,9.8,263.0,9.726952286084956,1.1943195653704453
2026-08-29 02:00:00,25.5,99.0,0.2,10.2,249.0,9.522520350271456,3.6553530853620626
2026-08-29 03:00:00,25.6,99.0,0.1,8.4,247.0,7.7322407690005,3.2821414793099
2026-08-29 04:00:00,25.7,99.0,0.0,9.5,245.0,8.609923976848174,4.014873486536644
2026-08-29 05:00:00,25.6,99.0,0.1,13.4,244.0,12.043840220408839,5.874173366973637
2026-08-29 06:00:00,25.2,99.0,1.2,14.7,242.0,12.979329615026225,6.901231972952594
2026-08-29 07:00:00,25.8,99.0,1.6,11.5,247.0,10.585805814703065,4.4934079776266485
2026-08-29 08:00:00,27.4,95.0,0.6,13.8,261.0,13.630099100212902,2.158795617555186
2026-08-29 09:00:00,27.7,91.0,0.3,13.5,254.0,12.977032895167305,3.7211043035294886
2026-08-29 10:00:00,27.8,89.0,0.2,15.2,246.0,13.885890956167533,6.182396974752163
2026-08-29 11:00:00,28.7,87.0,0.6,16.8,243.0,14.968909606364582,7.627040395624386
2026-08-29 12:00:00,28.8,85.0,0.3,18.3,236.0,15.171387577757262,10.233230133514668
2026-08-29 13:00:00,28.3,84.0,0.7000000000000001,19.0,230.0,14.554844419260583,12.212964584044245
2026-08-29 14:00:00,28.6,86.0,1.4,16.6,234.0,13.42968210662413,9.757235188055056
2026-08-29 15:00:00,29.0,83.0,0.3,17.6,236.0,14.591061276968734,9.841795101085147
2026-08-29 16:00:00,28.7,82.0,0.0,17.3,235.0,14.171330366199559,9.922872348873097
2026-08-29 17:00:00,28.0,85.0,0.1,16.5,230.0,12.639733311463138,10.605995559827898
2026-08-29 18:00:00,27.2,88.0,0.1,13.3,232.0,10.480543022969401,8.188297621831255
2026-08-29 19:00:00,26.9,88.0,0.1,10.4,233.0,8.305809304491845,6.258876240781302
2026-08-29 20:00:00,26.7,95.0,0.0,7.2,219.0,4.5311068155588305,5.5954509224901905
2026-08-29 21:00:00,26.1,96.0,0.5,5.0,210.0,2.5000000000000004,4.330127018922193
2026-08-29 22:00:00,26.2,96.0,0.0,3.6,198.0,1.112461179749811,3.4238034586625528
2026-08-29 23:00:00,25.9,96.0,0.0,0.2,360.0,1.2246467991473533e-17,-0.2
2026-08-30 00:00:00,25.4,99.0,1.1,6.0,205.0,2.5357095704441965,5.437846722219899
2026-08-30 01:00:00,25.6,99.0,0.3,1.4,230.0,1.0724622203665692,0.8999026535611548
2026-08-30 02:00:00,25.4,99.0,0.1,5.6,209.0,2.7149338733794877,4.897870359980616
2026-08-30 03:00:00,25.2,98.0,1.6,7.6,208.0,3.5679838771727703,6.710401705727844
2026-08-30 04:00:00,24.9,99.0,0.8,8.0,234.0,6.47213595499958,4.702282018339785
2026-08-30 05:00:00,24.9,100.0,0.3,3.5,282.0,3.42351660256832,-0.7276909178621577
2026-08-30 06:00:00,25.0,100.0,0.2,3.2,243.0,2.8512208774027776,1.4527695991665497
2026-08-30 07:00:00,25.3,96.0,0.8,6.7,188.0,0.9324597764324386,6.6347960605685214
2026-08-30 08:00:00,26.1,94.0,1.2,5.9,203.0,2.305313658086715,5.4309786353693985
2026-08-30 09:00:00,25.6,97.0,1.9,11.3,216.0,6.641973350904947,9.141892036436907
2026-08-30 10:00:00,26.2,99.0,0.6,6.7,214.0,3.746592453254004,5.55455173611878
2026-08-30 11:00:00,26.9,92.0,0.2,14.4,179.0,-0.2513146526968821,14.397806810252035
2026-08-30 12:00:00,27.0,92.0,0.9,14.1,187.0,1.7183577420125795,13.99490073814264
2026-08-30 13:00:00,26.8,92.0,1.0,14.9,179.0,-0.26004085591552384,14.89773065783023
2026-08-30 14:00:00,26.0,96.0,0.6,14.4,196.0,3.969177923764788,13.842168421511792
2026-08-30 15:00:00,25.2,96.0,3.5,17.2,193.0,3.8691581347144766,16.759165114306047
2026-08-30 16:00:00,25.9,98.0,1.4,13.7,203.0,5.353016460303049,12.610916492298433
2026-08-30 17:00:00,26.0,97.0,0.4,11.6,213.0,6.317812806174314,9.728578588166918
2026-08-30 18:00:00,24.8,99.0,2.4,13.1,207.0,5.947275546588063,11.672185466867617
2026-08-30 19:00:00,25.1,99.0,2.0,11.0,204.0,4.474103073833803,10.049000034068609
2026-08-30 20:00:00,24.9,99.0,0.7000000000000001,6.8,183.0,0.35588450245201897,6.790680836331102
2026-08-30 21:00:00,24.9,99.0,1.5,10.0,159.0,-3.5836794954530027,9.335804264972017
2026-08-30 22:00:00,25.1,99.0,0.8,6.3,127.0,-5.031403713297945,3.7914346458579034
2026-08-30 23:00:00,24.8,97.0,1.5,10.2,150.0,-5.099999999999997,8.833459118601274
2026-08-31 00:00:00,25.0,98.0,0.7000000000000001,7.0,138.0,-4.683914244512008,5.20201377834176
2026-08-31 01:00:00,24.8,97.0,1.1,8.0,170.0,-1.3891854213354424,7.878462024097664
2026-08-31 02:00:00,24.7,99.0,2.5,9.4,163.0,-2.748294024393725,8.989264706052534
2026-08-31 03:00:00,24.8,98.0,2.7,7.9,159.0,-2.831106801407872,7.375285369327894
2026-08-31 04:00:00,24.5,98.0,2.6,9.3,170.0,-1.6149280523024518,9.158712103013535
2026-08-31 05:00:00,24.9,99.0,2.1,7.7,164.0,-2.1224076397908926,7.401715058725055
2026-08-31 06:00:00,24.8,98.0,5.4,8.8,175.0,-0.7669705361793925,8.766513343207361
2026-08-31 07:00:00,25.1,99.0,4.9,9.2,169.0,-1.755442757464212,9.030970087718508
2026-08-31 08:00:00,25.5,99.0,5.3,10.9,141.0,-6.859592262443226,8.470890979880984
2026-08-31 09:00:00,25.3,98.0,14.6,11.1,189.0,1.7364225619465632,10.96334058060603
2026-08-31 10:00:00,25.2,98.0,13.7,14.7,188.0,2.045844584112962,14.556940610501083
2026-08-31 11:00:00,25.3,97.0,10.8,11.4,208.0,5.351975815759156,10.065602558591767
2026-08-31 12:00:00,25.3,98.0,7.8,21.1,218.0,12.990457129371391,16.627026901101836
2026-08-31 13:00:00,25.2,99.0,9.9,25.3,225.0,17.889801564019653,17.889801564019653
2026-08-31 14:00:00,24.7,97.0,6.7,14.5,221.0,9.512855920362355,10.943288913230194
2026-08-31 15:00:00,25.0,99.0,5.3,13.0,233.0,10.382261630614806,7.823595300976628
2026-08-31 16:00:00,25.1,99.0,7.7,10.5,235.0,8.601096465034415,6.022552581685984
2026-08-31 17:00:00,24.9,99.0,4.0,12.4,248.0,11.497079796628164,4.645121758357309
2026-08-31 18:00:00,25.0,99.0,2.8,15.0,244.0,13.481910694487505,6.5755672018361615
2026-08-31 19:00:00,24.9,99.0,5.8,17.2,226.0,12.3726445658248,11.948123971894752
2026-08-31 20:00:00,25.0,98.0,4.7,9.7,220.0,6.235039813959431,7.430631098254086
2026-08-31 21:00:00,24.8,99.0,2.2,12.1,223.0,8.252180156756232,8.849379789591962
2026-08-31 22:00:00,24.6,100.0,2.5,11.8,216.0,6.935865977051184,9.54640053362438
2026-08-31 23:00:00,25.1,99.0,3.1,14.0,217.0,8.425410324128677,11.1808971406621
2026-09-01 00:00:00,24.9,98.0,3.0,12.5,212.0,6.623990802915062,10.600601201955325
2026-09-01 01:00:00,25.0,99.0,4.8,17.3,223.0,11.798571629081223,12.652419038011649
2026-09-01 02:00:00,25.5,98.0,2.3,21.2,210.0,10.600000000000001,18.3597385602301
2026-09-01 03:00:00,24.9,97.0,0.7000000000000001,20.4,217.0,12.277026472301786,16.292164404964772
2026-09-01 04:00:00,25.1,98.0,2.0,17.0,216.0,9.992349288972044,13.753288904374106
2026-09-01 05:00:00,24.8,99.0,2.7,12.9,227.0,9.434462750887299,8.797778844806231
2026-09-01 06:00:00,25.2,99.0,1.9,15.6,232.0,12.292967756264861,9.60431901508027
2026-09-01 07:00:00,25.6,99.0,1.7000000000000002,10.5,241.0,9.183506924963655,5.0905010125865395
2026-09-01 08:00:00,25.8,99.0,2.9,16.6,236.0,13.762023704413693,9.2826021976144
2026-09-01 09:00:00,25.7,99.0,2.8,18.0,243.0,16.03811743539062,8.171828995311841
2026-09-01 10:00:00,25.3,98.0,3.4,17.6,233.0,14.055984976832354,10.591944407476051
2026-09-01 11:00:00,25.7,99.0,1.5,18.3,227.0,13.38377273963082,12.480569989143723
2026-09-01 12:00:00,25.8,98.0,2.8,17.5,238.0,14.840841682737453,9.273587124081086
2026-09-01 13:00:00,25.8,99.0,2.8,16.4,239.0,14.057543731514642,8.446624428524887
2026-09-01 14:00:00,25.8,99.0,6.1,12.7,224.0,8.822161304829265,9.135615464300868
2026-09-01 15:00:00,25.8,99.0,2.0,11.2,232.0,8.825720440395285,6.895408523647372
2026-09-01 16:00:00,25.5,99.0,0.6,11.2,229.0,8.452747298495046,7.347861124693681
2026-09-01 17:00:00,25.4,99.0,1.2,11.7,234.0,9.465498834186885,6.877087451821935
2026-09-01 18:00:00,25.2,99.0,0.7000000000000001,10.8,249.0,10.08266860616978,3.8703738550892433
2026-09-01 19:00:00,25.3,99.0,1.5,10.3,251.0,9.738841328672963,3.353351990908714
2026-09-01 20:00:00,24.9,99.0,1.2,11.4,265.0,11.3566195582459,0.9935754673233032
2026-09-01 21:00:00,24.9,99.0,2.0,9.7,243.0,8.642763284627168,4.403707847473603
2026-09-01 22:00:00,24.9,99.0,1.6,7.3,280.0,7.189096596989119,-1.2676316969685915
2026-09-01 23:00:00,24.9,98.0,1.8,3.1,291.0,2.8940993221413254,-1.1109406435904308
2026-09-02 00:00:00,24.8,98.0,1.1,1.8,24.0,-0.7321259575364402,-1.6443818237566818
2026-09-02 01:00:00,24.8,99.0,0.4,5.1,23.0,-1.9927287552952964,-4.694574752607445
2026-09-02 02:00:00,25.1,98.0,2.1,2.5,135.0,-1.7677669529663687,1.7677669529663689
2026-09-02 03:00:00,25.0,99.0,4.5,5.5,157.0,-2.149021206691006,5.062776693988422
2026-09-02 04:00:00,25.5,96.0,2.0,1.5,194.0,0.3628828433995015,1.4554435894139948
2026-09-02 05:00:00,25.3,98.0,1.6,4.8,222.0,3.2118269105225195,3.5670951622914924
2026-09-02 06:00:00,25.3,98.0,4.5,11.6,198.0,3.5845971347493903,11.03225558902378
2026-09-02 07:00:00,25.6,98.0,1.5,14.7,191.0,2.8048922320352103,14.42991959668066
2026-09-02 08:00:00,27.3,96.0,1.7000000000000002,18.6,186.0,1.9442294167783545,18.498107253849884
2026-09-02 09:00:00,26.9,96.0,3.7,17.9,186.0,1.8710594924909967,17.80194192709209
2026-09-02 10:00:00,27.5,95.0,1.7000000000000002,15.7,180.0,9.613477373306721e-16,15.7
2026-09-02 11:00:00,27.1,95.0,6.9,20.0,177.0,-1.0467191248588767,19.972590695091476
2026-09-02 12:00:00,26.4,96.0,6.4,25.4,195.0,6.574003745604027,24.534515987742335
2026-09-02 13:00:00,26.7,97.0,1.4,17.8,189.0,2.7845334777161104,17.58085246259345
2026-09-02 14:00:00,26.7,97.0,3.1,16.8,205.0,7.0999867972437505,15.22597082221572
2026-09-02 15:00:00,27.5,97.0,0.5,12.5,192.0,2.598896135221993,12.22684500917257
2026-09-02 16:00:00,26.8,97.0,1.8,15.7,202.0,5.881323516629817,14.556786516698562
2026-09-02 17:00:00,26.5,98.0,1.0,14.4,206.0,6.312544513762716,12.942634266708005
2026-09-02 18:00:00,25.9,97.0,3.7,14.0,212.0,7.418869699264869,11.872673346189963
2026-09-02 19:00:00,25.5,99.0,3.4,12.7,212.0,6.729974655761702,10.770210821186609
2026-09-02 20:00:00,26.2,98.0,3.9,20.5,224.0,14.240496594409443,14.746465906942348
2026-09-02 21:00:00,26.2,98.0,2.2,17.0,220.0,10.92738936467117,13.022755533022627
2026-09-02 22:00:00,26.1,98.0,1.4,16.2,212.0,8.58469208057792,13.7383791577341
2026-09-02 23:00:00,25.9,98.0,1.7000000000000002,15.2,206.0,6.663241431193977,13.661669503747339
2026-09-03 00:00:00,26.1,97.0,1.4,17.2,213.0,9.367791402258465,14.425133768661293
2026-09-03 01:00:00,25.7,98.0,1.1,17.4,219.0,10.950174804267172,13.522339729351293
2026-09-03 02:00:00,25.6,99.0,1.4,16.2,228.0,12.038946172733786,10.839915823013502
2026-09-03 03:00:00,25.5,99.0,0.9,16.5,225.0,11.667261889578034,11.667261889578032
2026-09-03 04:00:00,25.5,98.0,1.0,16.0,225.0,11.313708498984761,11.31370849898476
2026-09-03 05:00:00,25.6,98.0,0.3,17.2,232.0,13.553784962035616,10.589377375601321
2026-09-03 06:00:00,25.5,98.0,0.5,17.1,231.0,13.289195940914203,10.76137868695222
2026-09-03 07:00:00,25.9,99.0,0.8,14.7,233.0,11.739941997695205,8.84668084033511
2026-09-03 08:00:00,27.3,96.0,0.3,13.1,216.0,7.699986805031398,10.598122626311811
2026-09-03 09:00:00,27.5,98.0,2.3,14.5,225.0,10.25304832720494,10.253048327204938
2026-09-03 10:00:00,27.5,98.0,4.9,13.6,226.0,9.783021284605656,9.447353838242362
2026-09-03 11:00:00,26.7,98.0,3.5,16.7,234.0,13.510583806061621,9.8160137132843
2026-09-03 12:00:00,27.7,96.0,0.7000000000000001,17.0,239.0,14.57184411193591,8.75564727347092
2026-09-03 13:00:00,28.4,86.0,0.4,19.6,240.0,16.974097914175,9.799999999999999
2026-09-03 14:00:00,28.4,88.0,0.8,21.4,244.0,19.234192590802174,9.381142541286255
2026-09-03 15:00:00,27.6,91.0,1.0,22.5,244.0,20.22286604173126,9.863350802754242
2026-09-03 16:00:00,27.9,88.0,0.3,17.8,242.0,15.716467152888901,8.356593817588857
2026-09-03 17:00:00,27.1,91.0,0.5,17.8,252.0,16.928805990053732,5.500502499874064
2026-09-03 18:00:00,26.6,94.0,0.2,17.2,252.0,16.35817208027664,5.315092303249095
2026-09-03 19:00:00,26.0,95.0,0.3,16.1,259.0,15.80419765350739,3.0720248255623717
2026-09-03 20:00:00,26.8,92.0,0.0,15.0,259.0,14.72440775171496,2.862134930648172
2026-09-03 21:00:00,26.2,94.0,0.3,12.1,272.0,12.092629006931059,-0.42228391010026173
2026-09-03 22:00:00,25.9,96.0,0.1,8.7,277.0,8.6351515192795,-1.060263287624783
2026-09-03 23:00:00,25.8,97.0,0.1,8.3,265.0,8.268415994161488,0.7233926648055629
2026-09-04 00:00:00,25.8,97.0,0.2,10.6,242.0,9.359244484304625,4.976398565530443
2026-09-04 01:00:00,25.5,97.0,0.2,8.3,271.0,8.298735869798048,-0.14485497342945317
2026-09-04 02:00:00,25.5,98.0,0.0,5.4,268.0,5.3967104659031175,0.18845728219350524
2026-09-04 03:00:00,25.1,99.0,0.0,6.3,267.0,6.291366068953815,0.32971652433054616
2026-09-04 04:00:00,25.3,98.0,0.0,8.1,257.0,7.892397524760405,1.8221035401853065
2026-09-04 05:00:00,25.4,98.0,0.0,10.1,248.0,9.364556931124552,3.7835265935007114
2026-09-04 06:00:00,25.6,96.0,0.0,10.6,255.0,10.238813758664124,2.74348187808672
2026-09-04 07:00:00,26.7,94.0,0.1,13.5,247.0,12.426815521607946,5.274870234605196
2026-09-04 08:00:00,28.3,87.0,0.2,14.2,270.0,14.2,0.0
2026-09-04 09:00:00,29.2,80.0,0.2,16.6,264.0,16.50906346311334,1.7351724902430479
2026-09-04 10:00:00,29.9,75.0,0.3,17.8,267.0,17.775605718631414,0.9315800211244003
2026-09-04 11:00:00,30.4,74.0,0.6,18.0,269.0,17.997258512815044,0.3141433158711032
2026-09-04 12:00:00,30.7,71.0,0.2,18.2,272.0,18.18891305174754,-0.6351708399855176
2026-09-04 13:00:00,31.2,68.0,0.1,19.5,266.0,19.452498980066572,1.3602512380104435
2026-09-04 14:00:00,31.4,67.0,0.0,20.0,267.0,19.972590695091476,1.0467191248588767
2026-09-04 15:00:00,30.7,69.0,0.0,21.1,269.0,21.096786367799858,0.3682457758266821
2026-09-04 16:00:00,30.3,71.0,0.0,18.8,275.0,18.728460324124818,-1.6385279636559735
2026-09-04 17:00:00,29.5,75.0,0.0,12.5,288.0,11.888206453689419,-3.8627124296868423
2026-09-04 18:00:00,28.1,82.0,0.0,6.8,295.0,6.162892951849219,-2.873804179836756
2026-09-04 19:00:00,27.1,88.0,0.0,3.7,305.0,3.03086256386927,-2.1222328144988705
2026-09-04 20:00:00,26.5,93.0,0.0,2.5,30.0,-1.250000000000001,-2.165063509461096
2026-09-04 21:00:00,26.2,93.0,0.0,2.1,322.0,1.2928890981838825,-1.6548225825741163
2026-09-04 22:00:00,26.2,93.0,0.0,4.6,252.0,4.3748599749577055,1.421478174124758
2026-09-04 23:00:00,26.4,91.0,0.0,7.8,262.0,7.724090936184249,1.0855501874885103
2026-09-05 00:00:00,26.4,90.0,0.0,10.0,262.0,9.902680687415703,1.3917310096006543
2026-09-05 01:00:00,26.2,90.0,0.0,9.9,265.0,9.862327511108282,0.8628418532018158
2026-09-05 02:00:00,26.3,88.0,0.0,8.8,259.0,8.638319214339443,1.6791191593135943
2026-09-05 03:00:00,26.0,90.0,0.0,10.0,262.0,9.902680687415703,1.3917310096006543
2026-09-05 04:00:00,26.1,90.0,0.0,10.0,262.0,9.902680687415703,1.3917310096006543
2026-09-05 05:00:00,26.0,90.0,0.0,9.6,264.0,9.547410195535424,1.0034732473694732
2026-09-05 06:00:00,25.8,90.0,0.0,8.7,266.0,8.67880723726047,0.6068813215738901
2026-09-05 07:00:00,27.4,84.0,0.0,10.8,268.0,10.793420931806235,0.3769145643870105
2026-09-05 08:00:00,29.3,77.0,0.0,12.8,275.0,12.751292135574344,-1.1155935071700245
2026-09-05 09:00:00,30.2,72.0,0.0,14.2,269.0,14.197837271220756,0.24782417140942586
2026-09-05 10:00:00,30.8,68.0,0.0,16.8,267.0,16.77697618387684,0.8792440648814565
2026-09-05 11:00:00,31.0,68.0,0.0,17.8,269.0,17.797288973783765,0.3106528345836465
2026-09-05 12:00:00,31.3,66.0,0.1,18.5,269.0,18.49718236039324,0.322869519089745
2026-09-05 13:00:00,31.1,67.0,0.0,19.8,267.0,19.772864788140563,1.036251933610288
2026-09-05 14:00:00,31.0,67.0,0.0,20.5,271.0,20.49687775070602,-0.35777433196431196
2026-09-05 15:00:00,30.4,70.0,0.0,21.1,274.0,21.048601460482292,-1.471861596001044
2026-09-05 16:00:00,29.7,73.0,0.0,20.7,278.0,20.498549022950506,-2.8808831898733547
2026-09-05 17:00:00,28.7,78.0,0.0,18.7,278.0,18.518012885467364,-2.6025369879532234
2026-09-05 18:00:00,28.0,81.0,0.0,16.4,272.0,16.390009563113168,-0.5723517459210159
2026-09-05 19:00:00,27.8,82.0,0.0,14.5,275.0,14.44482312233031,-1.2637582698410434
2026-09-05 20:00:00,27.8,84.0,0.0,9.7,274.0,9.676371287520293,-0.6766377953180154
2026-09-05 21:00:00,26.9,90.0,0.0,3.3,311.0,2.4905416147351476,-2.1649947956686737
2026-09-05 22:00:00,26.5,91.0,0.0,10.1,33.0,-5.500854253651772,-8.470572736248783
2026-09-05 23:00:00,26.0,90.0,0.0,12.1,25.0,-5.11368096706246,-10.966324223143465
2026-09-06 00:00:00,25.6,91.0,0.0,12.0,13.0,-2.699412652126383,-11.69244077742282
2026-09-06 01:00:00,25.4,93.0,0.0,5.8,334.0,2.542552651376649,-5.213005468535169
2026-09-06 02:00:00,25.3,92.0,0.0,6.2,334.0,2.7179011100922805,-5.572523087054836
2026-09-06 03:00:00,24.7,94.0,0.0,4.0,288.0,3.804226065180614,-1.2360679774997896
2026-09-06 04:00:00,24.8,94.0,0.0,7.8,244.0,7.010593561133502,3.4192949449548036
2026-09-06 05:00:00,25.0,95.0,0.0,6.0,226.0,4.316038802031907,4.1679502227539835
2026-09-06 06:00:00,25.0,98.0,0.0,4.5,230.0,3.447199994035401,2.892544243589427
2026-09-06 07:00:00,27.3,90.0,0.0,6.9,242.0,6.092338390726597,3.2393537832226467
2026-09-06 08:00:00,29.5,77.0,0.0,5.4,236.0,4.476802891797225,3.0196416787420333
2026-09-06 09:00:00,30.5,69.0,0.0,4.6,225.0,3.2526911934581184,3.252691193458118
2026-09-06 10:00:00,31.7,64.0,0.0,4.9,253.0,4.685893304218874,1.4326213531414103
2026-09-06 11:00:00,32.5,61.0,0.0,9.2,274.0,9.177589262390383,-0.6417595584459528
2026-09-06 12:00:00,32.3,64.0,0.1,12.1,302.0,10.261381963492754,-6.4120230972217795
2026-09-06 13:00:00,31.9,68.0,0.1,10.8,317.0,7.365582288674984,-7.898619977487042
2026-09-06 14:00:00,32.3,61.0,0.0,6.7,324.0,3.93816119035957,-5.420413862312148
2026-09-06 15:00:00,32.0,64.0,0.0,6.7,297.0,5.969743712062065,-3.0417363482549633
2026-09-06 16:00:00,30.2,72.0,0.1,7.4,41.0,-4.8548368145297545,-5.584850893648513
2026-09-06 17:00:00,27.9,89.0,1.4,7.0,35.0,-4.015035054457325,-5.734064310022941
2026-09-06 18:00:00,27.3,93.0,0.0,1.9,214.0,1.062466516594419,1.5751713878545792
2026-09-06 19:00:00,27.0,93.0,0.0,1.0,225.0,0.7071067811865476,0.7071067811865475
2026-09-06 20:00:00,27.3,86.0,0.0,4.4,9.0,-0.6883116461770166,-4.345828698618606
2026-09-06 21:00:00,26.6,87.0,0.0,5.6,356.0,0.3906362529671013,-5.586358681455015
2026-09-06 22:00:00,26.8,87.0,0.0,9.1,9.0,-1.4235536318661024,-8.987963899415753
2026-09-06 23:00:00,26.8,88.0,0.0,9.5,29.0,-4.6056913923402,-8.308887217824262
2026-09-07 00:00:00,26.3,89.0,0.1,10.1,61.0,-8.833659042107898,-4.896577164488003
2026-09-07 01:00:00,25.6,92.0,0.0,8.4,19.0,-2.7347724974401157,-7.942356035034262
2026-09-07 02:00:00,25.0,93.0,0.0,6.6,11.0,-1.2593393694851944,-6.4787394107545815
2026-09-07 03:00:00,24.8,94.0,0.0,7.4,43.0,-5.04678786446249,-5.412017391981862
2026-09-07 04:00:00,25.0,91.0,0.1,12.6,22.0,-4.720043077040494,-11.68251656754152
2026-09-07 05:00:00,24.9,90.0,0.1,11.1,17.0,-3.245325922422382,-10.614982791189691
2026-09-07 06:00:00,25.0,91.0,0.0,10.2,10.0,-1.7712114122026892,-10.045039080724521
2026-09-07 07:00:00,25.5,92.0,0.5,7.3,332.0,3.4271424083370032,-6.445517427870166
2026-09-07 08:00:00,25.9,95.0,0.3,2.8,305.0,2.293625724009177,-1.6060140217829288
2026-09-07 09:00:00,26.6,93.0,0.0,1.8,225.0,1.2727922061357857,1.2727922061357855
2026-09-07 10:00:00,29.1,74.0,0.0,2.0,190.0,0.34729635533386083,1.969615506024416
2026-09-07 11:00:00,30.0,64.0,0.1,2.7,184.0,0.18834247910913815,2.6934229357015256
2026-09-07 12:00:00,30.8,60.0,0.3,4.6,167.0,-1.034774849981779,4.482102298012082
2026-09-07 13:00:00,29.8,68.0,0.7000000000000001,6.2,150.0,-3.0999999999999988,5.36935750346352
2026-09-07 14:00:00,29.7,66.0,0.9,8.0,166.0,-1.9353751647973423,7.762365810207972
2026-09-07 15:00:00,29.0,66.0,0.1,9.5,178.0,-0.3315452186737591,9.49421285668141
2026-09-07 16:00:00,28.3,68.0,0.1,9.4,177.0,-0.49195798868367213,9.387117626692994
2026-09-07 17:00:00,27.5,74.0,0.1,5.4,172.0,-0.7515347451843529,5.34744757120448
2026-09-07 18:00:00,25.8,91.0,0.4,5.3,28.0,-2.488199282765221,-4.679622242152313
2026-09-07 19:00:00,25.0,93.0,0.1,9.3,43.0,-6.342584748581237,-6.801589425058286
2026-09-07 20:00:00,24.5,96.0,0.0,5.8,30.0,-2.9000000000000026,-5.022947341949743
2026-09-07 21:00:00,24.0,96.0,0.0,7.8,32.0,-4.133370261018999,-6.614775150020122
2026-09-07 22:00:00,23.6,94.0,0.0,11.6,19.0,-3.776590591703017,-10.968015476952075
2026-09-07 23:00:00,23.7,93.0,0.0,13.2,17.0,-3.8593065023401296,-12.623222778712066
2026-09-08 00:00:00,23.6,95.0,0.0,13.3,16.0,-3.6659768323660855,-12.784780555979644
2026-09-08 01:00:00,23.6,95.0,0.0,8.7,22.0,-3.2590773627184366,-8.066499534731049
2026-09-08 02:00:00,23.7,95.0,0.0,9.8,38.0,-6.0334824581914495,-7.722505385345878
2026-09-08 03:00:00,23.3,96.0,0.0,6.9,25.0,-2.9160660060108246,-6.253523730552885
2026-09-08 04:00:00,23.1,96.0,0.0,6.7,2.0,-0.2338266279067551,-6.695918541027941
2026-09-08 05:00:00,23.0,96.0,0.0,6.0,7.0,-0.731216060430883,-5.955276909847933
2026-09-08 06:00:00,23.0,96.0,0.0,4.5,358.0,0.15704773516125486,-4.497258721585931
2026-09-08 07:00:00,25.0,93.0,0.0,4.4,348.0,0.9148114395981417,-4.303849443228745
2026-09-08 08:00:00,26.5,86.0,0.0,2.1,200.0,0.7182423009839045,1.9733545036504077
2026-09-08 09:00:00,27.9,76.0,0.8,3.7,219.0,2.328485446884399,2.8754400573907923
2026-09-08 10:00:00,28.1,75.0,0.2,6.2,192.0,1.2890524830701087,6.064515124549595
2026-09-08 11:00:00,29.4,68.0,0.0,7.8,195.0,2.0187885517996618,7.534221445054732
2026-09-08 12:00:00,28.7,69.0,0.0,5.4,132.0,-4.012982057577928,3.613305274337835
2026-09-08 13:00:00,24.5,94.0,2.5,11.1,73.0,-10.614982791189693,-3.245325922422378
2026-09-08 14:00:00,25.6,93.0,1.4,7.1,105.0,-6.858073366652384,1.837615220227899
2026-09-08 15:00:00,24.2,94.0,1.5,6.9,81.0,-6.815049550106451,-1.0793978087775922
2026-09-08 16:00:00,24.6,95.0,1.0,5.6,94.0,-5.586358681455015,0.3906362529671029
2026-09-08 17:00:00,24.9,95.0,0.2,8.5,18.0,-2.6266444521870542,-8.083980388508804
2026-09-08 18:00:00,24.2,95.0,0.2,9.1,14.0,-2.201489249956977,-8.829691109111568
2026-09-08 19:00:00,23.9,94.0,0.0,9.2,26.0,-4.033014550459515,-8.268905225952334
2026-09-08 20:00:00,24.5,88.0,0.0,12.2,29.0,-5.914677367005309,-10.670360427100631
2026-09-08 21:00:00,24.4,84.0,0.0,11.7,31.0,-6.025945476447637,-10.028857418214711
2026-09-08 22:00:00,24.3,83.0,0.0,14.8,30.0,-7.400000000000007,-12.817175976009688
2026-09-08 23:00:00,24.5,82.0,0.0,15.6,27.0,-7.082251795936932,-13.899701777338537
2026-09-09 00:00:00,24.8,81.0,0.0,17.7,38.0,-10.897208113264147,-13.947790338838981
2026-09-09 01:00:00,24.9,80.0,0.0,17.3,34.0,-9.674037230043917,-14.342350005202224
2026-09-09 02:00:00,25.0,78.0,0.0,18.4,27.0,-8.353425195207663,-16.394520045065967
2026-09-09 03:00:00,24.9,77.0,0.0,17.2,28.0,-8.07491087991732,-15.186698597173544
2026-09-09 04:00:00,24.8,77.0,0.0,17.5,37.0,-10.531762905160845,-13.976121425827625
2026-09-09 05:00:00,24.6,79.0,0.0,16.5,33.0,-8.986544077747945,-13.838064371099497
2026-09-09 06:00:00,24.4,82.0,0.0,15.1,28.0,-7.08902059806695,-13.332508652169798
2026-09-09 07:00:00,25.4,79.0,0.0,15.1,28.0,-7.08902059806695,-13.332508652169798
2026-09-09 08:00:00,26.9,71.0,0.1,17.6,40.0,-11.313061930483096,-13.482382198894012
2026-09-09 09:00:00,27.8,66.0,0.1,19.3,39.0,-12.145883547261871,-14.998917056119533
2026-09-09 10:00:00,28.5,64.0,0.0,18.9,41.0,-12.399515647920587,-14.26401106621039
2026-09-09 11:00:00,28.9,63.0,0.0,19.1,43.0,-13.026168677193724,-13.968855700926158
2026-09-09 12:00:00,28.9,64.0,0.0,18.6,42.0,-12.445829278274761,-13.822493753879536
2026-09-09 13:00:00,28.9,65.0,0.0,18.5,42.0,-12.378916217638876,-13.748179271331795
2026-09-09 14:00:00,29.1,61.0,0.0,18.5,41.0,-12.137092036324384,-13.962127234121283
2026-09-09 15:00:00,28.4,65.0,0.0,18.2,35.0,-10.439091141589044,-14.908567206059645
2026-09-09 16:00:00,27.7,68.0,0.0,15.9,26.0,-6.970101233946336,-14.290825336156752
2026-09-09 17:00:00,26.9,73.0,0.0,15.3,27.0,-6.946054646015068,-13.632399820082028
2026-09-09 18:00:00,26.1,75.0,0.0,13.4,36.0,-7.876322380719142,-10.840827724624294
2026-09-09 19:00:00,26.2,71.0,0.0,17.0,39.0,-10.698446647847243,-13.2114813447685
2026-09-09 20:00:00,26.9,68.0,0.1,18.8,38.0,-11.574435736122371,-14.814602167806376
2026-09-09 21:00:00,26.5,72.0,0.1,22.2,37.0,-13.36029351397547,-17.729708323049902
2026-09-09 22:00:00,25.8,79.0,0.3,23.9,40.0,-15.362623871508292,-18.308462190543572
2026-09-09 23:00:00,25.0,84.0,0.5,23.1,40.0,-14.848393783759063,-17.69562663604839
2026-09-10 00:00:00,24.6,85.0,0.5,23.8,39.0,-14.97782530698614,-18.4960738826759
2026-09-10 01:00:00,24.1,89.0,0.7000000000000001,23.2,38.0,-14.283346227555267,-18.281849483675952
2026-09-10 02:00:00,24.8,84.0,0.4,25.4,39.0,-15.98473793266588,-19.73950742100705
2026-09-10 03:00:00,24.5,83.0,0.3,24.2,39.0,-15.229553463406075,-18.806932267258688
2026-09-10 04:00:00,25.0,84.0,0.1,25.8,40.0,-16.58392032991272,-19.76394663246963
2026-09-10 05:00:00,25.3,82.0,0.1,25.0,41.0,-16.401475724762683,-18.8677395055693
2026-09-10 06:00:00,25.4,81.0,0.1,24.9,41.0,-16.335869821863632,-18.79226854754702
2026-09-10 07:00:00,25.8,80.0,0.2,24.9,40.0,-16.00541148119483,-19.074506633662548
2026-09-10 08:00:00,27.5,74.0,0.2,23.3,37.0,-14.022290039442725,-18.608207384101924
2026-09-10 09:00:00,28.4,70.0,0.0,24.6,36.0,-14.459517206394843,-19.901818061623707
2026-09-10 10:00:00,28.9,70.0,0.0,26.5,37.0,-15.948098113529278,-21.16384101625326
2026-09-10 11:00:00,28.5,72.0,0.0,27.4,37.0,-16.489731634366123,-21.88261297529582
2026-09-10 12:00:00,28.4,73.0,0.0,26.5,40.0,-17.033871656693297,-20.300177742652913
2026-09-10 13:00:00,28.3,75.0,0.0,25.1,40.0,-16.13396900313214,-19.227715522286346
2026-09-10 14:00:00,28.7,72.0,0.0,25.3,34.0,-14.14758045780989,-20.97465058564256
2026-09-10 15:00:00,28.1,75.0,0.1,25.1,32.0,-13.300973532253446,-21.286007213526293
2026-09-10 16:00:00,27.5,78.0,0.2,25.0,33.0,-13.615975875375675,-20.9667641986356
2026-09-10 17:00:00,26.9,83.0,0.1,24.9,34.0,-13.923903296421589,-20.64303555662054
2026-09-10 18:00:00,26.8,80.0,0.1,29.1,38.0,-17.91574893197665,-22.931112929955614
2026-09-10 19:00:00,26.9,77.0,0.1,32.5,36.0,-19.10302069950538,-26.29305231718579
2026-09-10 20:00:00,27.3,75.0,0.1,31.1,37.0,-18.7164472200287,-24.837564362470808
2026-09-10 21:00:00,27.1,75.0,0.0,31.9,38.0,-19.63960106288849,-25.137543040054435
2026-09-10 22:00:00,27.0,75.0,0.0,32.1,38.0,-19.762733357953625,-25.29514519077578
2026-09-10 23:00:00,27.0,74.0,0.0,31.6,37.0,-19.017354731604726,-25.236882117494453
2026-09-11 00:00:00,26.7,75.0,0.1,30.2,35.0,-17.322008377801602,-24.738391737527547
2026-09-11 01:00:00,26.7,75.0,0.0,31.9,36.0,-18.750349548129897,-25.807642120560818
2026-09-11 02:00:00,25.6,85.0,0.1,33.2,34.0,-18.565204395228786,-27.524047408827393
2026-09-11 03:00:00,24.9,89.0,0.6,31.8,32.0,-16.85143260261592,-26.967929457774346
2026-09-11 04:00:00,24.6,92.0,0.6,30.9,32.0,-16.374505264806036,-26.20468617123356
2026-09-11 05:00:00,24.2,96.0,4.2,28.6,32.0,-15.155690957069664,-24.254175550073782
2026-09-11 06:00:00,24.1,96.0,3.1,28.0,33.0,-15.249892980420755,-23.48277590247187
2026-09-11 07:00:00,23.8,97.0,2.9,27.8,30.0,-13.900000000000013,-24.075506225207388
2026-09-11 08:00:00,25.4,86.0,1.0,27.8,27.0,-12.620935892759405,-24.769981372436625
2026-09-11 09:00:00,26.4,80.0,0.1,27.6,33.0,-15.032037366414745,-23.147307675293703
2026-09-11 10:00:00,27.3,78.0,0.0,28.1,33.0,-15.304356883922258,-23.566642959266417
2026-09-11 11:00:00,26.8,86.0,1.2,26.8,38.0,-16.499727538727637,-21.118688196660152
2026-09-11 12:00:00,26.7,86.0,0.8,27.2,39.0,-17.11751463655559,-21.138370151629598
2026-09-11 13:00:00,27.2,84.0,0.3,27.7,39.0,-17.43217483208051,-21.526943132358085
2026-09-11 14:00:00,28.4,79.0,0.1,26.4,32.0,-13.989868575756612,-22.388469738529643
2026-09-11 15:00:00,27.8,79.0,0.4,25.7,34.0,-14.371257619198186,-21.306265614664575
2026-09-11 16:00:00,26.4,90.0,1.3,22.4,37.0,-13.48065651860588,-17.889435425059357
2026-09-11 17:00:00,25.7,96.0,1.6,26.6,38.0,-16.376595243662507,-20.96108604593881
2026-09-11 18:00:00,25.5,97.0,0.5,28.2,35.0,-16.174855505099508,-23.10008764894956
2026-09-11 19:00:00,25.0,94.0,0.5,30.4,35.0,-17.43672366507181,-24.90222214638534
2026-09-11 20:00:00,27.1,85.0,0.3,29.4,38.0,-18.100447374574347,-23.167516156037628
2026-09-11 21:00:00,26.4,88.0,0.5,32.5,43.0,-22.164946702031205,-23.76899530262304
2026-09-11 22:00:00,25.8,90.0,0.7000000000000001,31.5,41.0,-20.66585941320098,-23.773351777017318
2026-09-11 23:00:00,25.9,94.0,0.1,31.8,38.0,-19.57803491535593,-25.058741964693763
2026-09-12 00:00:00,25.9,90.0,0.4,31.6,39.0,-19.886524357174878,-24.55781238204027
2026-09-12 01:00:00,25.8,91.0,0.4,27.4,44.0,-19.033639350576525,-19.709910529279043
2026-09-12 02:00:00,25.4,94.0,1.6,28.4,45.0,-20.081832585697953,-20.081832585697946
2026-09-12 03:00:00,25.2,96.0,1.0,28.1,47.0,-20.551039015498695,-19.164153917756206
2026-09-12 04:00:00,25.1,96.0,0.6,26.3,50.0,-20.146968854029122,-16.905314134755983
2026-09-12 05:00:00,24.8,96.0,0.5,23.6,48.0,-17.538217881266505,-15.791482310069055
2026-09-12 06:00:00,24.7,97.0,1.0,24.2,46.0,-17.408023168195356,-16.810732565107735
2026-09-12 07:00:00,25.1,97.0,1.0,26.7,49.0,-20.150745791948015,-17.516776074046536
2026-09-12 08:00:00,25.8,97.0,0.4,19.0,37.0,-11.434485439888917,-15.174074690898564
2026-09-12 09:00:00,26.0,97.0,0.6,16.3,36.0,-9.580899612367315,-13.186977008311642
2026-09-12 10:00:00,27.2,93.0,0.3,16.0,29.0,-7.756953923941389,-13.993915314230335
2026-09-12 11:00:00,27.5,88.0,0.3,18.4,37.0,-11.073396425997688,-14.694893384870188
2026-09-12 12:00:00,28.7,81.0,0.2,17.6,29.0,-8.53264931633553,-15.39330684565337
2026-09-12 13:00:00,28.8,81.0,0.3,16.4,40.0,-10.541716798859246,-12.563128867151237
2026-09-12 14:00:00,28.5,88.0,0.5,13.6,37.0,-8.184684314867857,-10.861442936643183
2026-09-12 15:00:00,28.5,80.0,0.4,13.5,65.0,-12.235155124994776,-5.705346533499441
2026-09-12 16:00:00,28.2,81.0,0.6,13.3,63.0,-11.850386771705294,-6.038073646535971
2026-09-12 17:00:00,27.5,87.0,0.3,12.7,52.0,-10.007736570805369,-7.818900736635858
2026-09-12 18:00:00,26.1,94.0,0.5,14.7,33.0,-8.006193814720897,-12.328457348797732
2026-09-12 19:00:00,25.6,98.0,0.3,12.9,20.0,-4.412059848901125,-12.122034808138219
2026-09-12 20:00:00,26.5,93.0,0.3,15.2,46.0,-10.933964965147496,-10.55880723097676
2026-09-12 21:00:00,26.2,95.0,0.3,15.8,43.0,-10.775574088987478,-11.555388485582894
2026-09-12 22:00:00,26.1,95.0,0.4,18.0,34.0,-10.065472262473438,-14.922676305990754
2026-09-12 23:00:00,25.5,97.0,0.7000000000000001,17.1,42.0,-11.442133368736474,-12.707776515663445
2026-09-13 00:00:00,25.2,98.0,0.7000000000000001,16.4,38.0,-10.096848195340792,-12.923376359150241
2026-09-13 01:00:00,25.1,99.0,0.8,16.1,40.0,-10.348880515953287,-12.333315534215545
2026-09-13 02:00:00,25.1,98.0,0.6,18.7,34.0,-10.45690729490296,-15.503002606779281
2026-09-13 03:00:00,24.9,98.0,0.7000000000000001,16.8,44.0,-11.670260623711155,-12.08490864568934
2026-09-13 04:00:00,24.6,98.0,1.2,20.4,49.0,-15.39607543654455,-13.383604191406343
2026-09-13 05:00:00,24.6,99.0,0.4,18.3,47.0,-13.383772739630823,-12.48056998914372
2026-09-13 06:00:00,24.8,98.0,0.3,19.6,46.0,-14.099060086637563,-13.61530406099635
2026-09-13 07:00:00,25.2,98.0,0.0,18.7,35.0,-10.725879359764567,-15.318143228204143
2026-09-13 08:00:00,26.3,95.0,0.0,18.5,19.0,-6.023010857457398,-17.49209364858736
2026-09-13 09:00:00,27.9,88.0,0.1,15.1,35.0,-8.661004188900801,-12.369195868763773
2026-09-13 10:00:00,28.9,80.0,0.3,19.6,42.0,-13.11495988463362,-14.56563857935693
2026-09-13 11:00:00,29.8,74.0,0.1,19.1,41.0,-12.53072745371869,-14.414952982254947
2026-09-13 12:00:00,30.4,71.0,0.0,18.1,43.0,-12.344170317131226,-13.237501999306986
2026-09-13 13:00:00,30.3,72.0,0.0,18.2,44.0,-12.64278234235375,-13.091984366163452
2026-09-13 14:00:00,30.3,72.0,0.0,18.1,43.0,-12.344170317131226,-13.237501999306986
2026-09-13 15:00:00,29.4,77.0,0.1,17.9,36.0,-10.52135601603527,-14.481404199311557
2026-09-13 16:00:00,28.6,83.0,0.1,16.0,26.0,-7.013938348625244,-14.380704740786669
2026-09-13 17:00:00,27.9,85.0,0.0,14.3,18.0,-4.41894301956175,-13.600108183020696
2026-09-13 18:00:00,26.9,86.0,0.0,14.0,15.0,-3.6234666314352886,-13.522961568046956
2026-09-13 19:00:00,26.2,91.0,0.1,15.7,18.0,-4.851566811686676,-14.93158730583391
2026-09-13 20:00:00,27.0,87.0,0.2,16.1,18.0,-4.9751736094366565,-15.312009912351973
2026-09-13 21:00:00,26.2,92.0,0.6,15.4,26.0,-6.750915660551797,-13.84142831300717
2026-09-13 22:00:00,26.0,93.0,0.4,16.6,26.0,-7.276961036698691,-14.91998116856617
2026-09-13 23:00:00,26.0,94.0,0.2,17.7,33.0,-9.640110919765977,-14.844469052634006
2026-09-14 00:00:00,25.9,93.0,0.1,21.5,31.0,-11.073318610566172,-18.42909696509541
2026-09-14 01:00:00,25.9,93.0,0.1,21.3,30.0,-10.65000000000001,-18.44634110060854
2026-09-14 02:00:00,26.0,90.0,0.0,24.6,36.0,-14.459517206394843,-19.901818061623707
2026-09-14 03:00:00,25.7,92.0,0.2,25.1,30.0,-12.550000000000011,-21.737237634989405
2026-09-14 04:00:00,25.6,90.0,0.1,25.5,27.0,-11.576757743358446,-22.72066636680338
2026-09-14 05:00:00,25.7,90.0,0.0,23.7,33.0,-12.907945129856138,-19.87649246030655
2026-09-14 06:00:00,25.8,89.0,0.0,22.0,35.0,-12.61868159972302,-18.021344974357813
2026-09-14 07:00:00,26.6,85.0,0.1,23.3,34.0,-13.029194650868396,-19.316575440532475
2026-09-14 08:00:00,27.8,81.0,0.1,26.2,41.0,-17.18874655955129,-19.773391001836625
2026-09-14 09:00:00,28.5,76.0,0.1,27.9,39.0,-17.558038910290474,-21.682372324649478
2026-09-14 10:00:00,28.9,74.0,0.1,27.0,43.0,-18.41395572168746,-19.746549943717604
2026-09-14 11:00:00,28.7,76.0,0.5,28.0,43.0,-19.09595408174996,-20.477903645336774
2026-09-14 12:00:00,28.5,79.0,0.8,27.0,44.0,-18.755776002392928,-19.422174609143582
2026-09-14 13:00:00,29.1,76.0,0.2,26.7,40.0,-17.162429178630603,-20.45338663127671
2026-09-14 14:00:00,29.4,72.0,0.1,22.6,36.0,-13.283946701809896,-18.28378407287381
2026-09-14 15:00:00,28.8,75.0,0.0,20.2,28.0,-9.483325568274992,-17.835541375750324
2026-09-14 16:00:00,28.6,76.0,0.0,16.9,28.0,-7.934069411081553,-14.921814319315866
2026-09-14 17:00:00,27.8,80.0,0.0,12.2,29.0,-5.914677367005309,-10.670360427100631
2026-09-14 18:00:00,26.5,86.0,0.0,11.2,21.0,-4.013721034907368,-10.456100776768658
2026-09-14 19:00:00,25.7,90.0,0.1,14.7,18.0,-4.542549817311729,-13.980530789538756
2026-09-14 20:00:00,26.8,87.0,0.5,20.1,39.0,-12.649339860101742,-15.62063382528511
2026-09-14 21:00:00,26.5,87.0,0.4,21.8,43.0,-14.86756424936247,-15.943510695297917
2026-09-14 22:00:00,26.5,85.0,0.3,24.0,40.0,-15.426902632476947,-18.38506663485547
2026-09-14 23:00:00,25.4,91.0,0.8,25.7,41.0,-16.860717045056038,-19.39603621172524
2026-09-15 00:00:00,25.3,94.0,0.5,25.0,40.0,-16.069690242163485,-19.15111107797445
2026-09-15 01:00:00,25.3,95.0,0.3,23.8,48.0,-17.686846846361984,-15.925308431340827
2026-09-15 02:00:00,25.2,92.0,0.5,26.2,38.0,-16.13033065353224,-20.64588174449612
2026-09-15 03:00:00,24.7,95.0,0.7000000000000001,24.8,36.0,-14.577074256853336,-20.063621460498695
2026-09-15 04:00:00,24.8,94.0,0.7000000000000001,24.2,37.0,-14.563923560279568,-19.326979343144487
2026-09-15 05:00:00,24.4,96.0,0.9,27.1,40.0,-17.41954422250522,-20.759804408524303
2026-09-15 06:00:00,24.6,96.0,0.5,27.0,43.0,-18.41395572168746,-19.746549943717604
2026-09-15 07:00:00,24.6,96.0,0.7000000000000001,28.4,39.0,-17.872699105815393,-22.070945305377965
2026-09-15 08:00:00,25.7,96.0,0.4,25.4,36.0,-14.92974540822882,-20.54903165712366
2026-09-15 09:00:00,26.6,90.0,0.6,27.9,37.0,-16.790639145942144,-22.28193073031947
2026-09-15 10:00:00,27.2,85.0,0.9,27.2,44.0,-18.894707676484725,-19.566042569211312
2026-09-15 11:00:00,27.3,84.0,1.3,26.9,43.0,-18.34575588568121,-19.673414573555686
2026-09-15 12:00:00,27.8,79.0,1.4,25.1,44.0,-17.435925098520833,-18.055428988500147
2026-09-15 13:00:00,28.0,78.0,0.9,22.4,44.0,-15.560347498281537,-16.113211527585786
2026-09-15 14:00:00,29.4,73.0,0.9,20.6,39.0,-12.964000055626661,-16.009206806013594
2026-09-15 15:00:00,28.7,75.0,0.2,20.5,36.0,-12.049597671995702,-16.58484838468642
2026-09-15 16:00:00,26.9,85.0,1.0,20.1,28.0,-9.436378411996404,-17.747246616464434
2026-09-15 17:00:00,25.9,90.0,0.7000000000000001,18.8,28.0,-8.826065380374747,-16.59941474574783
2026-09-15 18:00:00,25.0,94.0,1.0,20.1,31.0,-10.352265305692097,-17.229062744112454
2026-09-15 19:00:00,24.7,96.0,1.3,22.6,40.0,-14.526999978915793,-17.312604414488902
2026-09-15 20:00:00,25.2,92.0,0.8,22.6,32.0,-11.976175371670434,-19.165886973135226
2026-09-15 21:00:00,24.7,94.0,1.2,25.2,39.0,-15.858873854455913,-19.584078228715658
2026-09-15 22:00:00,24.6,95.0,0.9,27.6,36.0,-16.222872963272263,-22.328869044748547
2026-09-15 23:00:00,24.7,96.0,0.6,29.2,37.0,-17.57299867603981,-23.32015689338095
2026-09-16 00:00:00,24.5,96.0,0.4,28.2,38.0,-17.36165360418356,-22.221903251709563
2026-09-16 01:00:00,24.7,95.0,0.8,28.9,35.0,-16.57635901054524,-23.673494079951855
2026-09-16 02:00:00,24.3,96.0,0.2,27.3,35.0,-15.658636712383567,-22.36285080908947
2026-09-16 03:00:00,24.3,96.0,0.6,27.1,32.0,-14.360812060719857,-22.982103405839144
2026-09-16 04:00:00,24.3,94.0,0.2,26.0,30.0,-13.00000000000001,-22.516660498395396
2026-09-16 05:00:00,24.6,93.0,0.1,25.2,29.0,-12.217202430207688,-22.04041661991278
2026-09-16 06:00:00,24.9,91.0,0.1,25.5,32.0,-13.512941237946729,-21.625226451988862
2026-09-16 07:00:00,25.5,88.0,0.1,26.1,32.0,-13.830892796486651,-22.13405530968272
2026-09-16 08:00:00,27.1,83.0,0.1,26.9,33.0,-14.650790041904225,-22.560238277731905
2026-09-16 09:00:00,28.0,77.0,0.1,28.3,35.0,-16.232213148734612,-23.182002853378464
2026-09-16 10:00:00,28.6,74.0,0.2,28.6,36.0,-16.810658215564736,-23.137886039123494
2026-09-16 11:00:00,28.7,75.0,0.3,29.5,38.0,-18.162013522106914,-23.246317231398304
2026-09-16 12:00:00,28.9,75.0,0.3,28.7,37.0,-17.272091164463784,-22.920839138357305
2026-09-16 13:00:00,29.0,74.0,0.0,27.5,32.0,-14.572779766413138,-23.321322644301713
2026-09-16 14:00:00,29.1,71.0,0.0,24.8,37.0,-14.925012574170797,-19.806160649172863
2026-09-16 15:00:00,28.5,74.0,0.0,24.2,33.0,-13.180264647363652,-20.29582774427926
2026-09-16 16:00:00,27.9,76.0,0.0,23.2,28.0,-10.891740256632666,-20.484384154327106
2026-09-16 17:00:00,27.2,78.0,0.0,22.8,28.0,-10.70395163151831,-20.131205117183537
2026-09-16 18:00:00,26.6,80.0,0.0,24.0,33.0,-13.071336840360647,-20.128093630690177
2026-09-16 19:00:00,26.5,78.0,0.0,26.9,37.0,-16.1888241227901,-21.483295220272176
2026-09-16 20:00:00,26.8,75.0,0.0,24.1,36.0,-14.165624580248606,-19.497309564436232
2026-09-16 21:00:00,26.8,73.0,0.0,25.8,35.0,-14.798272057856996,-21.134122742655983
2026-09-16 22:00:00,26.5,75.0,0.0,27.3,32.0,-14.466795913566497,-23.15171302507043
2026-09-16 23:00:00,26.2,77.0,0.0,27.1,33.0,-14.759717848907231,-22.727972391320993
2026-09-17 00:00:00,25.9,79.0,0.0,26.0,33.0,-14.160614910390702,-21.805434766581026
2026-09-17 01:00:00,25.8,79.0,0.0,26.4,32.0,-13.989868575756612,-22.388469738529643
2026-09-17 02:00:00,25.8,79.0,0.0,27.3,31.0,-14.060539445044489,-23.400667309167662
2026-09-17 03:00:00,25.7,80.0,0.0,25.3,34.0,-14.14758045780989,-20.97465058564256
2026-09-17 04:00:00,25.5,81.0,0.0,24.2,36.0,-14.224403105477853,-19.578211263873726
2026-09-17 05:00:00,25.5,81.0,0.0,24.4,36.0,-14.341960155936347,-19.740014662748713
2026-09-17 06:00:00,25.4,81.0,0.0,24.4,36.0,-14.341960155936347,-19.740014662748713
2026-09-17 07:00:00,25.9,80.0,0.0,25.0,34.0,-13.979822586768664,-20.725939313876047
2026-09-17 08:00:00,27.3,75.0,0.0,22.7,34.0,-12.693678908785946,-18.819152896999448
2026-09-17 09:00:00,27.9,72.0,0.0,22.2,35.0,-12.73339688699323,-18.18517538321561
2026-09-17 10:00:00,28.4,71.0,0.0,22.7,34.0,-12.693678908785946,-18.819152896999448
2026-09-17 11:00:00,28.8,71.0,0.0,22.5,36.0,-13.225168176580649,-18.202882373436314
2026-09-17 12:00:00,29.0,70.0,0.0,20.9,33.0,-11.382955831814064,-17.52821487005936
2026-09-17 13:00:00,28.9,71.0,0.0,21.3,34.0,-11.910808843926903,-17.658500295422392
2026-09-17 14:00:00,29.2,69.0,0.0,19.5,34.0,-10.904261617679559,-16.166232664823315
2026-09-17 15:00:00,28.7,72.0,0.0,17.9,32.0,-9.485554829774369,-15.180060921200024
2026-09-17 16:00:00,28.0,76.0,0.0,15.5,32.0,-8.213748595614678,-13.144745490424603
2026-09-17 17:00:00,27.0,80.0,0.0,14.5,25.0,-6.127964795240138,-13.141462912031425
2026-09-17 18:00:00,26.1,82.0,0.0,15.0,17.0,-4.385575570841056,-14.34457133944553
2026-09-17 19:00:00,26.0,81.0,0.0,16.8,25.0,-7.099986797243746,-15.225970822215722
2026-09-17 20:00:00,26.6,79.0,0.0,19.1,29.0,-9.259863746705035,-16.705236406362463
2026-09-17 21:00:00,26.8,78.0,0.0,21.2,33.0,-11.546347542318571,-17.779816040442988
2026-09-17 22:00:00,26.9,76.0,0.0,22.9,35.0,-13.134900392438961,-18.758581814217905
2026-09-17 23:00:00,26.7,76.0,0.0,22.7,33.0,-12.363306094841112,-19.037821892361126
2026-09-18 00:00:00,26.5,75.0,0.0,21.9,31.0,-11.279333840530192,-18.771963885376255
2026-09-18 01:00:00,26.5,74.0,0.0,21.4,32.0,-11.340272254590586,-18.148229257747513
2026-09-18 02:00:00,26.5,73.0,0.0,20.7,31.0,-10.661288150638127,-17.74336312453372
2026-09-18 03:00:00,26.4,74.0,0.0,18.8,34.0,-10.512826585250036,-15.585906364034788
2026-09-18 04:00:00,26.3,77.0,0.0,18.4,34.0,-10.289149423861737,-15.254291335012768
2026-09-18 05:00:00,26.2,80.0,0.0,19.0,33.0,-10.348141665285512,-15.934740790963057
2026-09-18 06:00:00,26.1,82.0,0.0,19.9,34.0,-11.127938779067856,-16.49784769384533
2026-09-18 07:00:00,26.7,84.0,0.0,21.2,34.0,-11.854889553579827,-17.575596538166888
2026-09-18 08:00:00,28.0,79.0,0.1,19.9,35.0,-11.414171083385822,-16.301125681350932
2026-09-18 09:00:00,28.7,76.0,0.0,21.1,33.0,-11.49188363881707,-17.69594898364845
2026-09-18 10:00:00,29.2,74.0,0.0,22.3,34.0,-12.47000174739765,-18.487537867977434
2026-09-18 11:00:00,29.6,72.0,0.0,22.9,37.0,-13.781564030181904,-18.288753180083006
2026-09-18 12:00:00,29.7,73.0,0.0,22.8,39.0,-14.348504915936303,-17.71892792121893
2026-09-18 13:00:00,29.6,73.0,0.1,21.7,40.0,-13.948491130197906,-16.62316441568182
2026-09-18 14:00:00,29.8,73.0,0.1,20.6,40.0,-13.241424759542713,-15.780515528250946
2026-09-18 15:00:00,29.0,77.0,0.1,18.1,37.0,-10.892851919052074,-14.455302731856001
2026-09-18 16:00:00,28.3,80.0,0.2,16.9,31.0,-8.70414346597992,-14.486127381865693
2026-09-18 17:00:00,27.5,85.0,0.1,15.7,22.0,-5.881323516629823,-14.55678651669856
2026-09-18 18:00:00,26.4,90.0,0.0,14.9,15.0,-3.8564037720275572,-14.392294811707119
2026-09-18 19:00:00,26.2,90.0,0.0,15.7,22.0,-5.881323516629823,-14.55678651669856
2026-09-18 20:00:00,26.7,89.0,0.1,15.1,25.0,-6.381535752284557,-13.685247584253416
2026-09-18 21:00:00,26.6,89.0,0.1,15.9,31.0,-8.189105391069866,-13.628960081163584
2026-09-18 22:00:00,26.6,89.0,0.1,17.4,32.0,-9.220595197657767,-14.756036873121811
2026-09-18 23:00:00,26.5,89.0,0.1,18.8,34.0,-10.512826585250036,-15.585906364034788
2026-09-19 00:00:00,26.3,89.0,0.1,20.1,34.0,-11.239777359762007,-16.663655208356342
2026-09-19 01:00:00,26.1,90.0,0.1,20.4,35.0,-11.700959301561346,-16.710701703495427
2026-09-19 02:00:00,26.0,91.0,0.1,20.4,32.0,-10.810352990357382,-17.300181161591087
2026-09-19 03:00:00,25.6,92.0,0.1,19.6,30.0,-9.80000000000001,-16.974097914174994
2026-09-19 04:00:00,25.5,92.0,0.0,18.6,31.0,-9.579708193327015,-15.943311793059287
2026-09-19 05:00:00,25.6,91.0,0.0,17.7,33.0,-9.640110919765977,-14.844469052634006
2026-09-19 06:00:00,25.7,90.0,0.0,17.2,31.0,-8.858654888452937,-14.743277572076328
2026-09-19 07:00:00,26.7,87.0,0.0,17.5,32.0,-9.273587124081088,-14.840841682737453
2026-09-19 08:00:00,28.1,81.0,0.0,16.4,32.0,-8.690675933424561,-13.907988776965384
2026-09-19 09:00:00,29.0,76.0,0.0,15.2,36.0,-8.934335834845593,-12.2970583144992
2026-09-19 10:00:00,29.8,72.0,0.0,15.0,43.0,-10.229975400937478,-10.970305524287557
2026-09-19 11:00:00,30.2,71.0,0.0,15.3,48.0,-11.370115829804133,-10.237698277290532
2026-09-19 12:00:00,30.2,72.0,0.0,15.6,52.0,-12.292967756264863,-9.604319015080268
2026-09-19 13:00:00,29.9,71.0,0.0,15.5,51.0,-12.045762402583048,-9.754466061272483
2026-09-19 14:00:00,30.3,67.0,0.0,14.3,45.0,-10.111626970967633,-10.11162697096763
2026-09-19 15:00:00,29.6,68.0,0.0,12.6,49.0,-9.509340710806928,-8.26634376528039
2026-09-19 16:00:00,28.5,72.0,0.0,12.9,48.0,-9.586568248658386,-8.631784822029271
2026-09-19 17:00:00,27.3,77.0,0.0,13.0,37.0,-7.823595300976628,-10.382261630614806
2026-09-19 18:00:00,26.8,81.0,0.0,12.5,28.0,-5.868394534823635,-11.036844910736587
2026-09-19 19:00:00,26.8,80.0,0.0,14.2,36.0,-8.34655058255312,-11.488041320124251
2026-09-19 20:00:00,26.8,80.0,0.0,14.7,29.0,-7.126701417621151,-12.85690969494912
2026-09-19 21:00:00,26.8,78.0,0.0,15.9,34.0,-8.891167165184871,-13.181697403625165
2026-09-19 22:00:00,27.1,74.0,0.0,18.1,40.0,-11.634455735326366,-13.865404420453501
2026-09-19 23:00:00,27.0,76.0,0.0,18.9,42.0,-12.646568460182417,-14.045437201522752
2026-09-20 00:00:00,26.6,79.0,0.0,19.6,39.0,-12.334679664576823,-15.232060844556624
2026-09-20 01:00:00,26.3,82.0,0.1,18.7,36.0,-10.99158421786925,-15.128617794811515
2026-09-20 02:00:00,26.1,83.0,0.0,18.1,30.0,-9.05000000000001,-15.675059808498336
2026-09-20 03:00:00,26.2,81.0,0.0,15.4,23.0,-6.017259378734817,-14.17577474316758
2026-09-20 04:00:00,26.0,78.0,0.0,13.6,18.0,-4.202631123499287,-12.934368621614087
2026-09-20 05:00:00,25.6,76.0,0.0,13.6,12.0,-2.8275989951215332,-13.302807369979755
2026-09-20 06:00:00,25.3,76.0,0.0,12.5,6.0,-1.306605790845667,-12.431523692103417
2026-09-20 07:00:00,26.4,76.0,0.0,10.6,9.0,-1.658205329426449,-10.469496410308459
2026-09-20 08:00:00,29.0,66.0,0.0,8.1,29.0,-3.926957923995328,-7.084419627829107
2026-09-20 09:00:00,30.1,62.0,0.0,8.9,45.0,-6.293250352560275,-6.293250352560273
2026-09-20 10:00:00,30.7,59.0,0.0,13.1,57.0,-10.986584440085055,-7.134771358696854
2026-09-20 11:00:00,30.7,59.0,0.0,15.9,52.0,-12.52937098234688,-9.789017457677966
2026-09-20 12:00:00,30.8,59.0,0.0,16.7,43.0,-11.389372613043726,-12.213606817040146
2026-09-20 13:00:00,30.6,62.0,0.0,17.1,42.0,-11.442133368736474,-12.707776515663445
2026-09-20 14:00:00,30.2,61.0,0.0,17.0,41.0,-11.153003492838623,-12.830062863787123
2026-09-20 15:00:00,29.4,63.0,0.0,17.5,32.0,-9.273587124081088,-14.840841682737453
2026-09-20 16:00:00,28.6,69.0,0.0,15.8,27.0,-7.173049895884842,-14.077903082176212
2026-09-20 17:00:00,27.8,74.0,0.0,12.8,22.0,-4.794964395723677,-11.867953338454878
2026-09-20 18:00:00,26.9,79.0,0.0,11.2,19.0,-3.6463633299201543,-10.589808046712347
2026-09-20 19:00:00,26.9,80.0,0.0,12.3,22.0,-4.607661099015721,-11.404361411171484
2026-09-20 20:00:00,27.2,81.0,0.0,14.2,26.0,-6.224870284404903,-12.762875457448168
2026-09-20 21:00:00,27.2,81.0,0.0,16.0,33.0,-8.714224560240432,-13.418729087126785
2026-09-20 22:00:00,27.5,78.0,0.0,17.4,35.0,-9.980229992508207,-14.253245570628453
2026-09-20 23:00:00,27.4,76.0,0.0,20.6,34.0,-11.51937381149738,-17.078173994633865
2026-09-21 00:00:00,26.8,80.0,0.0,18.5,35.0,-10.611164072494358,-15.154312819346345
2026-09-21 01:00:00,26.7,81.0,0.1,18.6,31.0,-9.579708193327015,-15.943311793059287
2026-09-21 02:00:00,26.7,78.0,0.1,19.8,31.0,-10.197753883219079,-16.97191255390182
2026-09-21 03:00:00,26.2,82.0,0.2,19.0,28.0,-8.919959692931924,-16.776004264319614
2026-09-21 04:00:00,25.7,84.0,0.2,18.1,29.0,-8.775054126458697,-15.830616699223068
2026-09-21 05:00:00,25.5,85.0,0.2,17.4,27.0,-7.899434695468115,-15.503513520877599
2026-09-21 06:00:00,25.1,87.0,0.3,16.0,19.0,-5.209090471314506,-15.12829720958907
2026-09-21 07:00:00,24.2,94.0,1.4,14.9,1.0,-0.2600408559155241,-14.89773065783023
2026-09-21 08:00:00,26.5,81.0,0.4,13.6,11.0,-2.5950023371210067,-13.35012969488823
2026-09-21 09:00:00,27.3,77.0,0.0,14.3,20.0,-4.89088804955706,-13.43760447723849
2026-09-21 10:00:00,29.1,64.0,0.0,18.2,32.0,-9.644530609044331,-15.434475350046952
2026-09-21 11:00:00,29.7,62.0,0.0,18.3,34.0,-10.233230133514663,-15.171387577757267
2026-09-21 12:00:00,29.9,63.0,0.0,17.2,41.0,-11.284215298636724,-12.981004779831679
2026-09-21 13:00:00,29.9,63.0,0.0,17.2,45.0,-12.16223663640862,-12.162236636408617
2026-09-21 14:00:00,29.7,62.0,0.0,17.1,47.0,-12.506148297687817,-11.662171957068724
2026-09-21 15:00:00,29.2,63.0,0.0,16.8,44.0,-11.670260623711155,-12.08490864568934
2026-09-21 16:00:00,27.9,68.0,0.0,15.3,30.0,-7.6500000000000075,-13.250188677901908
2026-09-21 17:00:00,27.4,71.0,0.0,13.4,32.0,-7.100918140724947,-11.363844488496108
2026-09-21 18:00:00,27.3,70.0,0.0,15.5,38.0,-9.5427528675477,-12.214166680904192
2026-09-21 19:00:00,27.3,71.0,0.0,18.1,41.0,-11.874668424728183,-13.660243402032174
2026-09-21 20:00:00,27.2,72.0,0.0,19.0,38.0,-11.697568031187503,-14.972204318527721
2026-09-21 21:00:00,27.1,72.0,0.1,21.1,39.0,-13.27866025115158,-16.39777978674208
2026-09-21 22:00:00,27.2,71.0,0.0,21.5,40.0,-13.819933608260598,-16.469955527058026
2026-09-21 23:00:00,26.9,72.0,0.0,21.5,38.0,-13.236721719501649,-16.942231202544527
2026-09-22 00:00:00,26.3,77.0,0.1,21.8,35.0,-12.503966312452812,-17.85751456550002
2026-09-22 01:00:00,25.6,84.0,0.2,21.6,31.0,-11.124822418057178,-18.51481369516562
2026-09-22 02:00:00,25.7,82.0,0.1,21.5,30.0,-10.750000000000009,-18.619546181365425
2026-09-22 03:00:00,25.5,83.0,0.1,20.3,29.0,-9.841635291000639,-17.75478005492974
2026-09-22 04:00:00,25.4,83.0,0.1,19.9,26.0,-8.723585821102647,-17.886001521353418
2026-09-22 05:00:00,25.5,80.0,0.0,19.5,25.0,-8.241056103943635,-17.673001847214675
2026-09-22 06:00:00,25.6,77.0,0.0,19.8,29.0,-9.59923048087747,-17.31747020136004
2026-09-22 07:00:00,26.0,75.0,0.0,20.6,29.0,-9.98707817707454,-18.01716596707156
2026-09-22 08:00:00,27.3,67.0,0.0,21.2,31.0,-10.918807188093155,-18.171946774884777
2026-09-22 09:00:00,28.1,64.0,0.0,20.6,30.0,-10.30000000000001,-17.84012331795943
2026-09-22 10:00:00,28.7,61.0,0.0,20.1,31.0,-10.352265305692097,-17.229062744112454
2026-09-22 11:00:00,29.2,61.0,0.0,20.5,35.0,-11.758316945196452,-16.792616907924327
2026-09-22 12:00:00,29.2,62.0,0.0,20.5,38.0,-12.62106024417599,-16.154220448937803
2026-09-22 13:00:00,29.1,66.0,0.0,20.1,40.0,-12.920030954699444,-15.397493306691457
2026-09-22 14:00:00,29.1,64.0,0.0,18.6,37.0,-11.193759430628099,-14.854620486879648
2026-09-22 15:00:00,28.7,67.0,0.0,18.7,38.0,-11.512869588589805,-14.735801092445703
2026-09-22 16:00:00,28.2,68.0,0.0,18.7,39.0,-11.768291312631968,-14.53262947924535
2026-09-22 17:00:00,27.4,72.0,0.0,18.4,39.0,-11.579495195317016,-14.299485690808257
2026-09-22 18:00:00,26.8,74.0,0.0,17.3,38.0,-10.650943523133884,-13.632586037396294
2026-09-22 19:00:00,26.7,74.0,0.0,18.6,41.0,-12.202697939223436,-14.03759819214356
2026-09-22 20:00:00,27.0,71.0,0.0,20.2,36.0,-11.87326209630796,-16.342143286373936
2026-09-22 21:00:00,26.9,70.0,0.0,20.1,36.0,-11.814483571078712,-16.261241586936443
2026-09-22 22:00:00,26.7,70.0,0.0,20.1,34.0,-11.239777359762007,-16.663655208356342
2026-09-22 23:00:00,26.3,70.0,0.0,19.4,31.0,-9.991738653255057,-16.629045633620972
2026-09-23 00:00:00,25.9,71.0,0.0,18.6,30.0,-9.30000000000001,-16.108072510390556
2026-09-23 01:00:00,25.6,72.0,0.0,16.9,25.0,-7.1422486234178155,-15.316601600919384
2026-09-23 02:00:00,25.1,73.0,0.0,16.5,24.0,-6.711154610750701,-15.073500051102917
2026-09-23 03:00:00,25.0,74.0,0.0,15.1,25.0,-6.381535752284557,-13.685247584253416
2026-09-23 04:00:00,25.1,75.0,0.0,15.0,27.0,-6.809857496093204,-13.365097862825516
2026-09-23 05:00:00,25.3,74.0,0.0,15.5,26.0,-6.794752775230705,-13.931307717637086
2026-09-23 06:00:00,25.5,74.0,0.0,16.3,33.0,-8.87761627074494,-13.670330257510413
2026-09-23 07:00:00,26.3,75.0,0.0,18.5,36.0,-10.874027167410755,-14.966814395936526
2026-09-23 08:00:00,27.7,68.0,0.0,19.3,37.0,-11.615029946834532,-15.413665343912752
2026-09-23 09:00:00,28.3,67.0,0.0,19.9,38.0,-12.251663358980595,-15.681413996773768
2026-09-23 10:00:00,28.9,66.0,0.0,19.8,36.0,-11.638147995390971,-16.01853648862396
2026-09-23 11:00:00,29.2,66.0,0.0,19.9,37.0,-11.97611896072576,-15.892846649941125
2026-09-23 12:00:00,29.4,67.0,0.0,19.4,40.0,-12.470079627918865,-14.86126219650817
2026-09-23 13:00:00,29.4,68.0,0.0,19.0,44.0,-13.198509038720948,-13.667456206434373
2026-09-23 14:00:00,29.6,66.0,0.0,18.4,50.0,-14.095217753389194,-11.82729201823232
2026-09-23 15:00:00,28.9,69.0,0.0,17.1,47.0,-12.506148297687817,-11.662171957068724
2026-09-23 16:00:00,28.2,72.0,0.0,16.5,41.0,-10.82497397834337,-12.452708073675739
2026-09-23 17:00:00,27.5,75.0,0.0,16.3,41.0,-10.693762172545268,-12.301766157631185
2026-09-23 18:00:00,26.8,79.0,0.0,15.7,37.0,-9.448495863487157,-12.538577507742497
2026-09-23 19:00:00,26.4,81.0,0.1,16.9,33.0,-9.204399691753956,-14.173532598277665
2026-09-23 20:00:00,26.5,81.0,0.1,16.8,26.0,-7.364635266056506,-15.099739977826003
2026-09-23 21:00:00,26.4,80.0,0.0,17.4,28.0,-8.168805192474498,-15.363288115745329
2026-09-23 22:00:00,26.5,79.0,0.0,17.8,35.0,-10.209660567048626,-14.58090638834405
2026-09-23 23:00:00,26.5,78.0,0.0,19.2,32.0,-10.174449873277537,-16.282523446203378
2026-09-24 00:00:00,26.5,79.0,0.0,19.1,35.0,-10.955309934304987,-15.645804045919741
2026-09-24 01:00:00,26.1,82.0,0.0,18.3,34.0,-10.233230133514663,-15.171387577757267
2026-09-24 02:00:00,25.8,83.0,0.0,15.8,34.0,-8.835247874837796,-13.098793646369662
2026-09-24 03:00:00,25.7,84.0,0.0,17.0,39.0,-10.698446647847243,-13.2114813447685
2026-09-24 04:00:00,25.7,83.0,0.0,18.4,29.0,-8.920497012532596,-16.093002611364884
2026-09-24 05:00:00,25.4,84.0,0.0,17.7,33.0,-9.640110919765977,-14.844469052634006
2026-09-24 06:00:00,25.5,83.0,0.0,17.6,36.0,-10.34502044034753,-14.238699100999074
2026-09-24 07:00:00,26.3,81.0,0.1,16.8,35.0,-9.63608413069758,-13.76175434405506
2026-09-24 08:00:00,28.1,74.0,0.1,17.4,32.0,-9.220595197657767,-14.756036873121811
2026-09-24 09:00:00,28.9,72.0,0.0,17.9,38.0,-11.020340408329279,-14.105392489560325
2026-09-24 10:00:00,29.1,72.0,0.1,20.6,44.0,-14.309962431455345,-14.818399886976216
2026-09-24 11:00:00,29.4,71.0,0.1,19.8,41.0,-12.989968774012045,-14.943249688410887
2026-09-24 12:00:00,29.8,68.0,0.1,19.2,44.0,-13.337440712812747,-13.811324166502102
2026-09-24 13:00:00,29.3,70.0,0.4,18.5,45.0,-13.081475451951132,-13.081475451951128
2026-09-24 14:00:00,29.9,69.0,0.5,14.4,48.0,-10.701285486874477,-9.63548073156756
2026-09-24 15:00:00,29.4,73.0,0.0,14.3,45.0,-10.111626970967633,-10.11162697096763
2026-09-24 16:00:00,28.5,76.0,0.0,15.3,36.0,-8.993114360074841,-12.377960013936695
2026-09-24 17:00:00,27.5,81.0,0.0,14.5,31.0,-7.46805208619579,-12.428925860180625
2026-09-24 18:00:00,26.4,86.0,0.0,14.2,22.0,-5.319413626505955,-13.16601073484838
2026-09-24 19:00:00,26.1,87.0,0.0,15.5,26.0,-6.794752775230705,-13.931307717637086
2026-09-24 20:00:00,26.7,85.0,0.0,15.0,26.0,-6.575567201836166,-13.481910694487503
2026-09-24 21:00:00,26.8,84.0,0.1,15.7,31.0,-8.086097776087856,-13.45752662102316
2026-09-24 22:00:00,26.6,85.0,0.1,17.2,33.0,-9.367791402258463,-14.425133768661293
2026-09-24 23:00:00,26.1,87.0,0.2,17.7,40.0,-11.377340691451748,-13.558986643205909
2026-09-25 00:00:00,25.8,91.0,0.2,17.7,49.0,-13.358359569943065,-11.612244813131975
2026-09-25 01:00:00,25.8,91.0,0.0,16.6,49.0,-12.528179031698018,-10.890579881242418
2026-09-25 02:00:00,26.0,90.0,0.1,15.7,43.0,-10.707374252981227,-11.482253115420976
2026-09-25 03:00:00,25.8,90.0,0.1,14.0,35.0,-8.03007010891465,-11.468128620045881
2026-09-25 04:00:00,25.6,90.0,0.0,12.5,25.0,-5.28272827175874,-11.328847337958125
2026-09-25 05:00:00,25.3,89.0,0.0,9.8,17.0,-2.8652427062828236,-9.371786608437747
2026-09-25 06:00:00,25.1,89.0,0.0,9.4,13.0,-2.1145399108323333,-9.159078608981211
2026-09-25 07:00:00,26.6,84.0,0.0,10.3,35.0,-5.907837294415778,-8.437266056176615
2026-09-25 08:00:00,26.6,86.0,0.2,11.9,80.0,-11.719212260845277,-2.0664133142364727
2026-09-25 09:00:00,26.7,91.0,1.0,10.3,36.0,-6.0541880986124745,-8.332875042061959
2026-09-25 10:00:00,28.5,79.0,0.2,11.5,42.0,-7.695001973126868,-8.546165492990035
2026-09-25 11:00:00,29.8,69.0,0.0,13.1,49.0,-9.886695500918314,-8.594373279775642
2026-09-25 12:00:00,30.2,68.0,0.0,14.1,56.0,-11.68942977302609,-7.884619938937528
2026-09-25 13:00:00,30.5,67.0,0.0,13.3,55.0,-10.894722189043591,-7.628566603468914
2026-09-25 14:00:00,31.0,66.0,0.0,11.9,61.0,-10.407974514958811,-5.76923448093141
2026-09-25 15:00:00,29.1,75.0,1.3,8.3,57.0,-6.9609657139470205,-4.520503990624725
2026-09-25 16:00:00,27.6,82.0,0.8,4.8,27.0,-2.179154398749825,-4.276831316104166
2026-09-25 17:00:00,27.2,89.0,0.3,3.4,32.0,-1.801725498392897,-2.883363526931848
2026-09-25 18:00:00,26.0,96.0,0.0,4.9,2.0,-0.17100753384225373,-4.897015052393569
2026-09-25 19:00:00,25.5,97.0,0.0,6.0,355.0,0.5229344564859488,-5.977168188550474
2026-09-25 20:00:00,26.1,95.0,0.0,8.7,42.0,-5.821436275322065,-6.4653599816533305
2026-09-25 21:00:00,25.7,96.0,0.0,6.8,25.0,-2.873804179836754,-6.16289295184922
2026-09-25 22:00:00,25.4,96.0,0.0,6.3,13.0,-1.417191642366351,-6.1385314081469815
2026-09-25 23:00:00,24.9,97.0,0.0,5.6,356.0,0.3906362529671013,-5.586358681455015
2026-09-26 00:00:00,24.6,97.0,0.0,6.0,350.0,1.0418890660015825,-5.908846518073248
2026-09-26 01:00:00,24.5,95.0,0.0,7.0,348.0,1.4553818357243162,-6.847033205136639
2026-09-26 02:00:00,24.7,96.0,0.0,6.7,8.0,-0.932459776432441,-6.634796060568521
2026-09-26 03:00:00,24.0,97.0,0.0,5.2,340.0,1.778504745293478,-4.886401628086723
2026-09-26 04:00:00,23.6,97.0,0.0,4.4,322.0,2.7089104914328965,-3.467247315869577
2026-09-26 05:00:00,23.2,98.0,0.0,4.5,310.0,3.447199994035401,-2.892544243589427
2026-09-26 06:00:00,23.2,97.0,0.0,6.2,282.0,6.064515124549596,-1.289052483070108
2026-09-26 07:00:00,25.6,90.0,0.0,7.7,252.0,7.323135175472682,2.379430856687095
2026-09-26 08:00:00,28.6,78.0,0.0,9.4,281.0,9.227295524408042,-1.7936045565395213
2026-09-26 09:00:00,30.2,65.0,0.0,12.2,283.0,11.88731479037987,-2.7444028629951527
2026-09-26 10:00:00,31.5,58.0,0.0,13.6,278.0,13.467645734885357,-1.89275417305689
2026-09-26 11:00:00,32.4,54.0,0.0,17.4,280.0,17.13565490241242,-3.0214782914045877
2026-09-26 12:00:00,32.5,55.0,0.0,20.2,284.0,19.599973670775128,-4.886822291113288
2026-09-26 13:00:00,32.6,55.0,0.0,20.6,286.0,19.80199093632937,-5.6781295298301835
2026-09-26 14:00:00,32.6,54.0,0.0,18.3,290.0,17.196374960382126,-6.258968622859737
2026-09-26 15:00:00,31.8,57.0,0.0,14.1,304.0,11.689429773026086,-7.884619938937531
2026-09-26 16:00:00,30.7,61.0,0.0,11.1,300.0,9.61288198200727,-5.549999999999999
2026-09-26 17:00:00,29.4,65.0,0.0,8.7,283.0,8.477019563631545,-1.9570741727916254
2026-09-26 18:00:00,27.5,73.0,0.0,6.9,295.0,6.253523730552885,-2.9160660060108263
2026-09-26 19:00:00,26.4,81.0,0.0,4.2,320.0,2.6997079606834653,-3.2173866610997077
2026-09-26 20:00:00,26.0,86.0,0.0,3.9,336.0,1.5862729079956208,-3.562827284806143
2026-09-26 21:00:00,25.0,89.0,0.0,3.3,299.0,2.8862450335600056,-1.5998717468129122
2026-09-26 22:00:00,24.6,91.0,0.0,4.0,262.0,3.9610722749662814,0.5566924038402618
2026-09-26 23:00:00,24.6,89.0,0.0,6.8,267.0,6.790680836331102,0.3558845024520181
2026-09-27 00:00:00,25.0,86.0,0.0,9.6,274.0,9.576614882494312,-0.6696621479436029
2026-09-27 01:00:00,25.0,86.0,0.0,9.9,268.0,9.893969187489049,0.3455050173547596
2026-09-27 02:00:00,24.6,85.0,0.0,7.9,274.0,7.880755997052612,-0.55107614257859
2026-09-27 03:00:00,24.1,85.0,0.0,8.7,278.0,8.61533219805166,-1.2108059783525693
2026-09-27 04:00:00,24.0,84.0,0.0,9.1,280.0,8.961750552411093,-1.580198416769066
2026-09-27 05:00:00,24.1,84.0,0.0,9.4,275.0,9.364230162062409,-0.8192639818279868
2026-09-27 06:00:00,24.2,85.0,0.0,10.4,271.0,10.39841602962647,-0.18150502694774853
2026-09-27 07:00:00,26.5,79.0,0.0,14.4,269.0,14.397806810252035,0.2513146526968826
2026-09-27 08:00:00,28.5,70.0,0.0,16.5,276.0,16.40961127357651,-1.7247196439162822
2026-09-27 09:00:00,29.6,64.0,0.0,17.1,278.0,16.933583975480854,-2.379860026417119
2026-09-27 10:00:00,30.5,58.0,0.0,18.1,277.0,17.96508534470793,-2.2058351156331697
2026-09-27 11:00:00,31.0,55.0,0.0,20.8,275.0,20.72084972030831,-1.8128394491512898
2026-09-27 12:00:00,31.3,54.0,0.0,21.5,274.0,21.44762708058622,-1.499764185498694
2026-09-27 13:00:00,31.5,53.0,0.0,22.0,275.0,21.9162833580184,-1.9174263404484797
2026-09-27 14:00:00,31.7,53.0,0.0,24.0,278.0,23.76643364979769,-3.3401544230415707
2026-09-27 15:00:00,30.7,60.0,0.0,22.6,276.0,22.47619483532298,-2.3623432698489686
2026-09-27 16:00:00,29.8,67.0,0.0,20.2,274.0,20.15079381524845,-1.409080769631331
2026-09-27 17:00:00,28.6,74.0,0.0,17.2,275.0,17.13454880717802,-1.4990787752597203
2026-09-27 18:00:00,27.4,79.0,0.0,13.5,280.0,13.294904665664808,-2.3442503985035597
2026-09-27 19:00:00,26.9,83.0,0.0,13.1,279.0,12.938717261796304,-2.049291492027024
2026-09-27 20:00:00,27.2,81.0,0.0,14.0,279.0,13.827636768331928,-2.190082510563232
2026-09-27 21:00:00,26.9,83.0,0.0,12.9,276.0,12.829332450250726,-1.3484171761527297
2026-09-27 22:00:00,26.6,85.0,0.0,12.5,277.0,12.406826895516526,-1.5233667925643435
2026-09-27 23:00:00,26.3,87.0,0.0,12.1,273.0,12.083417370530343,-0.6332650705396203
2026-09-28 00:00:00,26.1,88.0,0.0,11.5,272.0,11.492994510719601,-0.40134421207876114
2026-09-28 01:00:00,26.2,87.0,0.0,12.8,274.0,12.768819843325751,-0.8928828639248039
2026-09-28 02:00:00,26.0,87.0,0.0,13.9,275.0,13.847106303475263,-1.2114648241924486
2026-09-28 03:00:00,25.9,86.0,0.0,14.6,274.0,14.564435133793433,-1.0184445166642293
2026-09-28 04:00:00,25.8,86.0,0.0,14.8,274.0,14.763947943845398,-1.0323958114130545
2026-09-28 05:00:00,25.6,85.0,0.0,14.3,275.0,14.245584182711962,-1.246327121291512
2026-09-28 06:00:00,25.6,85.0,0.0,14.4,274.0,14.36492232374147,-1.0044932219154044
2026-09-28 07:00:00,26.9,81.0,0.0,15.2,274.0,15.162973563949327,-1.0602984009107046
2026-09-28 08:00:00,29.1,72.0,0.0,16.3,276.0,16.210706894502856,-1.7038139512627517
2026-09-28 09:00:00,30.4,65.0,0.0,17.8,273.0,17.775605718631414,-0.9315800211244003
2026-09-28 10:00:00,31.2,62.0,0.0,19.3,272.0,19.288242961468548,-0.6735602863582687
2026-09-28 11:00:00,31.7,61.0,0.0,20.4,274.0,20.350306625300412,-1.4230320643801562
2026-09-28 12:00:00,31.9,61.0,0.0,22.5,277.0,22.332288411929746,-2.742060226615818
2026-09-28 13:00:00,31.7,63.0,0.0,22.9,272.0,22.88604993873729,-0.7991984744872721
2026-09-28 14:00:00,32.2,60.0,0.0,23.0,277.0,22.828561487750406,-2.802994898318392
2026-09-28 15:00:00,31.3,63.0,0.0,22.7,281.0,22.282937064261972,-4.331364195047567
2026-09-28 16:00:00,30.3,66.0,0.0,20.9,281.0,20.516008134056175,-3.9879080033697862
2026-09-28 17:00:00,29.1,71.0,0.0,16.0,284.0,15.524731620415944,-3.8707503295946837
2026-09-28 18:00:00,27.8,77.0,0.0,12.1,288.0,11.507783847171357,-3.739105631936863
2026-09-28 19:00:00,27.0,82.0,0.0,9.5,292.0,8.80824661838448,-3.558762637451164
2026-09-28 20:00:00,26.8,84.0,0.0,7.6,289.0,7.185941174554808,-2.474317973874391
2026-09-28 21:00:00,25.8,89.0,0.0,5.5,283.0,5.359035356318794,-1.2372307988912574
2026-09-28 22:00:00,25.3,91.0,0.0,5.2,286.0,4.998560818879258,-1.4333142502483958
2026-09-28 23:00:00,24.9,93.0,0.0,4.7,288.0,4.469965626587221,-1.4523798735622528
2026-09-29 00:00:00,24.4,95.0,0.0,5.5,279.0,5.4322858732732575,-0.8603895577212698
2026-09-29 01:00:00,24.3,95.0,0.0,7.6,269.0,7.598842483188573,0.1326382889233547
2026-09-29 02:00:00,25.0,92.0,0.0,10.5,273.0,10.485610114923025,-0.5495275405509102
2026-09-29 03:00:00,25.2,91.0,0.0,12.1,274.0,12.070525008143873,-0.8440533323039161
2026-09-29 04:00:00,25.4,89.0,0.0,14.5,276.0,14.420567482839962,-1.5156627173809754
2026-09-29 05:00:00,25.5,88.0,0.0,14.6,273.0,14.579991207416777,-0.76410496114698
2026-09-29 06:00:00,25.5,87.0,0.0,14.8,274.0,14.763947943845398,-1.0323958114130545
2026-09-29 07:00:00,26.9,79.0,0.0,15.1,278.0,14.953047837997712,-2.101513824496988
2026-09-29 08:00:00,29.2,71.0,0.0,15.4,276.0,15.31563718867141,-1.6097383343218634
2026-09-29 09:00:00,30.5,63.0,0.0,16.2,272.0,16.19013139770935,-0.5653718465805156
2026-09-29 10:00:00,31.6,57.0,0.0,18.0,273.0,17.975331625582328,-0.942047212372989
2026-09-29 11:00:00,32.1,56.0,0.0,19.7,274.0,19.652011790118536,-1.3742025327592684
2026-09-29 12:00:00,32.1,58.0,0.0,20.2,274.0,20.15079381524845,-1.409080769631331
2026-09-29 13:00:00,32.0,59.0,0.0,21.4,276.0,21.282768560881046,-2.236909113927784
2026-09-29 14:00:00,32.2,57.0,0.0,21.1,278.0,20.894656250447134,-2.936552430257381
2026-09-29 15:00:00,31.5,61.0,0.0,20.2,278.0,20.00341498857972,-2.811296639393322
2026-09-29 16:00:00,30.6,67.0,0.0,17.5,282.0,17.1175830128416,-3.6384545893107885
2026-09-29 17:00:00,29.3,74.0,0.0,12.4,294.0,11.32796367476825,-5.043534374139923
2026-09-29 18:00:00,27.8,81.0,0.0,7.5,305.0,6.143640332167439,-4.301823272632845
2026-09-29 19:00:00,26.7,87.0,0.0,4.9,327.0,2.668731271573633,-4.109485782932578
2026-09-29 20:00:00,26.7,87.0,0.0,4.0,321.0,2.51728156419935,-3.1085838458278836
2026-09-29 21:00:00,25.6,93.0,0.0,3.8,311.0,2.8678964048465336,-2.4930243101639276
2026-09-29 22:00:00,25.0,96.0,0.0,4.6,306.0,3.721478174124758,-2.703812160545376
2026-09-29 23:00:00,24.6,96.0,0.0,4.3,294.0,3.9282454678631837,-1.7489675652259409
2026-09-30 00:00:00,24.2,98.0,0.0,4.8,290.0,4.51052457977236,-1.6416966879632098
2026-09-30 01:00:00,24.1,97.0,0.0,5.0,291.0,4.667902132486009,-1.7918397477265013
2026-09-30 02:00:00,24.1,96.0,0.0,6.0,291.0,5.601482558983211,-2.1502076972718016
2026-09-30 03:00:00,23.6,98.0,0.0,5.9,293.0,5.4309786353693985,-2.3053136580867153
2026-09-30 04:00:00,23.5,99.0,0.0,6.5,293.0,5.983281547440862,-2.5397523351802795
2026-09-30 05:00:00,23.4,99.0,0.0,6.7,294.0,6.120754566205426,-2.7251355086078615
2026-09-30 06:00:00,23.4,99.0,0.0,7.2,289.0,6.807733744315081,-2.3440907120915284
2026-09-30 07:00:00,26.2,89.0,0.0,6.8,281.0,6.675064847444115,-1.2975011685605047
2026-09-30 08:00:00,29.6,70.0,0.0,4.3,315.0,3.0405591591021546,-3.040559159102154
2026-09-30 09:00:00,31.2,58.0,0.0,2.7,53.0,-2.1563158771276907,-1.6249005625105308
2026-09-30 10:00:00,32.2,53.0,0.0,7.6,87.0,-7.589584464134761,-0.3977532674463711
2026-09-30 11:00:00,32.2,58.0,0.0,12.1,93.0,-12.083417370530343,0.63326507053962
2026-09-30 12:00:00,31.9,60.0,0.0,11.7,95.0,-11.655477967673422,1.0197221901476008
2026-09-30 13:00:00,31.7,62.0,0.0,11.2,102.0,-10.955253128218622,2.328610937158904
2026-09-30 14:00:00,32.1,57.0,0.0,9.4,91.0,-9.398568334470077,0.16405262051046432
2026-09-30 15:00:00,31.2,63.0,0.0,7.8,95.0,-7.770318645115615,0.6798147934317339
2026-09-30 16:00:00,30.1,69.0,0.0,6.5,98.0,-6.436742446820207,0.9046251562404246
2026-09-30 17:00:00,28.9,75.0,0.0,5.1,94.0,-5.087576656325103,0.35575801609504015
2026-09-30 18:00:00,26.9,88.0,0.0,2.2,76.0,-2.1346505978071924,-0.5322281703192686
2026-09-30 19:00:00,26.1,91.0,0.0,2.8,40.0,-1.7998053071223103,-2.144924440733138
2026-09-30 20:00:00,26.1,95.0,0.0,1.8,11.0,-0.3434561916777803,-1.7669289302057951
2026-09-30 21:00:00,25.2,95.0,0.0,2.9,356.0,0.20229377385796318,-2.89293574575349
2026-09-30 22:00:00,24.6,95.0,0.0,3.4,344.0,0.9371670097777971,-3.2682897661902843
2026-09-30 23:00:00,24.2,95.0,0.0,2.7,328.0,1.4307820134296534,-2.28972985962235
2026-10-01 00:00:00,23.8,95.0,0.0,2.6,326.0,1.4539015490239418,-2.1554976886431088
2026-10-01 01:00:00,23.4,96.0,0.0,3.7,317.0,2.5233939322312446,-2.706008695990931
2026-10-01 02:00:00,23.7,93.0,0.0,3.2,322.0,1.9701167210421067,-2.521634411541511
2026-10-01 03:00:00,23.3,93.0,0.0,4.3,332.0,2.0187277199793305,-3.7966746492933856
2026-10-01 04:00:00,23.3,91.0,0.0,6.3,336.0,2.5624408513775414,-5.755336383148386
2026-10-01 05:00:00,23.5,88.0,0.0,7.8,347.0,1.7546182238821464,-7.6000865053248345
2026-10-01 06:00:00,24.3,89.0,0.0,8.2,8.0,-1.1412194278725396,-8.120198163680875
2026-10-01 07:00:00,26.7,85.0,0.0,8.8,31.0,-4.53233505920848,-7.543072246178587
2026-10-01 08:00:00,28.9,76.0,0.0,10.1,40.0,-6.492154857834048,-7.737048875501676
2026-10-01 09:00:00,29.7,72.0,0.1,12.1,48.0,-8.99205238827647,-8.096480336942184
2026-10-01 10:00:00,30.5,69.0,0.0,13.8,53.0,-11.021170038652642,-8.305047319498268
2026-10-01 11:00:00,31.1,66.0,0.0,13.6,55.0,-11.140467802330289,-7.800639534374228
2026-10-01 12:00:00,31.5,64.0,0.1,10.8,62.0,-9.535834002876411,-5.0702928780876215
2026-10-01 13:00:00,31.3,64.0,0.3,6.4,68.0,-5.93397666922744,-2.397482197861837
2026-10-01 14:00:00,31.9,56.0,0.5,1.5,104.0,-1.4554435894139948,0.3628828433995016
2026-10-01 15:00:00,31.5,57.0,0.0,2.2,125.0,-1.8021344974357822,1.2618681599723012
2026-10-01 16:00:00,30.5,63.0,0.0,4.0,98.0,-3.9610722749662814,0.5566924038402613
2026-10-01 17:00:00,29.0,74.0,0.0,7.1,96.0,-7.06110545711474,0.7421520892003415
2026-10-01 18:00:00,27.4,85.0,0.0,7.1,71.0,-6.713181886755148,-2.311533896645813
2026-10-01 19:00:00,26.4,88.0,0.0,7.1,24.0,-2.8878301658381806,-6.486172749262467
2026-10-01 20:00:00,26.8,82.0,0.0,9.0,5.0,-0.7844016847289242,-8.96575228282571
2026-10-01 21:00:00,26.7,83.0,0.0,9.8,20.0,-3.351797404591552,-9.208987683701903
2026-10-01 22:00:00,26.9,82.0,0.0,11.3,43.0,-7.706581468706235,-8.264296828296628
2026-10-01 23:00:00,26.9,83.0,0.0,12.7,30.0,-6.350000000000005,-10.998522628062366
2026-10-02 00:00:00,26.5,85.0,0.0,11.1,23.0,-4.3371155262309395,-10.217603873322087
2026-10-02 01:00:00,26.4,85.0,0.0,13.7,25.0,-5.789870185847578,-12.416416682402104
2026-10-02 02:00:00,25.8,89.0,0.1,12.5,5.0,-1.089446784345728,-12.45243372614682
2026-10-02 03:00:00,25.5,89.0,0.0,12.3,12.0,-2.5573137970584456,-12.03121548902581
2026-10-02 04:00:00,25.6,89.0,0.0,13.0,17.0,-3.8008321613955824,-12.431961827519459
2026-10-02 05:00:00,25.8,87.0,0.0,12.7,23.0,-4.962285331813777,-11.69041163884599
2026-10-02 06:00:00,25.9,87.0,0.0,12.2,36.0,-7.170980077968173,-9.870007331374357
2026-10-02 07:00:00,27.5,79.0,0.0,14.5,47.0,-10.604628673477974,-9.888976220906226
2026-10-02 08:00:00,29.7,68.0,0.1,17.2,52.0,-13.553784962035618,-10.58937737560132
2026-10-02 09:00:00,30.3,65.0,0.0,18.3,50.0,-14.018613309077299,-11.763013257263669
2026-10-02 10:00:00,30.7,63.0,0.0,18.1,45.0,-12.798632739476513,-12.79863273947651
2026-10-02 11:00:00,31.1,63.0,0.1,15.9,45.0,-11.242997820866108,-11.242997820866105
2026-10-02 12:00:00,31.6,59.0,0.1,10.8,52.0,-8.510516138952598,-6.6491439335171085
2026-10-02 13:00:00,31.4,64.0,0.8,4.5,53.0,-3.5938597952128175,-2.7081676041842178
2026-10-02 14:00:00,30.9,61.0,0.0,4.6,279.0,4.543366366737634,-0.7195985391850619
2026-10-02 15:00:00,29.8,68.0,0.3,5.9,256.0,5.7247447850283795,1.4273391840380396
2026-10-02 16:00:00,30.2,66.0,0.5,5.1,297.0,4.544133273360676,-2.3153515486716882
2026-10-02 17:00:00,28.3,74.0,0.1,9.0,22.0,-3.3714593407432107,-8.344654691101086
2026-10-02 18:00:00,25.5,89.0,0.1,12.2,20.0,-4.172645748573156,-11.464249973588082
2026-10-02 19:00:00,25.2,91.0,0.0,14.0,15.0,-3.6234666314352886,-13.522961568046956
2026-10-02 20:00:00,26.6,82.0,0.0,12.7,23.0,-4.962285331813777,-11.69041163884599
2026-10-02 21:00:00,26.3,85.0,0.0,11.6,32.0,-6.147063465105178,-9.837357915414541
2026-10-02 22:00:00,25.5,87.0,0.1,17.6,23.0,-6.8768678614112195,-16.20088542076295
2026-10-02 23:00:00,25.0,87.0,0.0,14.1,10.0,-2.4484393051037174,-13.885789317472133
2026-10-03 00:00:00,25.4,91.0,0.0,18.0,27.0,-8.171828995311845,-16.03811743539062
2026-10-03 01:00:00,25.4,91.0,0.0,18.2,28.0,-8.544382442703212,-16.069646190032472
2026-10-03 02:00:00,25.3,92.0,0.1,15.0,23.0,-5.860966927339107,-13.807572801786604
2026-10-03 03:00:00,25.4,92.0,0.1,13.7,23.0,-5.353016460303051,-12.610916492298431
2026-10-03 04:00:00,25.4,91.0,0.1,13.2,26.0,-5.7864991376158255,-11.864081411149002
2026-10-03 05:00:00,25.9,88.0,0.0,15.8,32.0,-8.372724374884639,-13.399159919271531
2026-10-03 06:00:00,25.7,88.0,0.1,17.3,33.0,-9.422255305759967,-14.509000825455837
2026-10-03 07:00:00,26.6,85.0,0.1,19.2,30.0,-9.600000000000009,-16.627687752661217
2026-10-03 08:00:00,28.6,75.0,0.0,20.7,36.0,-12.167154722454196,-16.746651783561408
2026-10-03 09:00:00,29.3,70.0,0.1,23.7,38.0,-14.591176965218096,-18.675854860479316
2026-10-03 10:00:00,29.7,69.0,0.1,22.9,38.0,-14.098647784957569,-18.045446257593934
2026-10-03 11:00:00,30.2,68.0,0.1,21.5,39.0,-13.530388407571513,-16.708638171324868
2026-10-03 12:00:00,30.6,67.0,0.1,20.0,42.0,-13.382612127177163,-14.862896509547888
2026-10-03 13:00:00,30.7,67.0,0.0,18.2,45.0,-12.869343417595168,-12.869343417595163
2026-10-03 14:00:00,31.1,64.0,0.0,15.7,43.0,-10.707374252981227,-11.482253115420976
2026-10-03 15:00:00,30.6,66.0,0.0,13.4,41.0,-8.791190988472797,-10.113108374985146
2026-10-03 16:00:00,30.0,68.0,0.0,10.6,44.0,-7.3633787268653705,-7.625001883589702
2026-10-03 17:00:00,28.8,75.0,0.0,7.9,41.0,-5.182866329025008,-5.962205683759899
2026-10-03 18:00:00,27.2,83.0,0.0,6.2,12.0,-1.2890524830701107,-6.064515124549595
2026-10-03 19:00:00,26.5,88.0,0.0,5.8,20.0,-1.9837168312888775,-5.450217200558269
2026-10-03 20:00:00,26.2,94.0,0.0,3.6,9.0,-0.5631640741448317,-3.5556780261424956
2026-10-03 21:00:00,25.4,96.0,0.0,3.8,315.0,2.6870057685088806,-2.68700576850888
2026-10-03 22:00:00,25.1,95.0,0.0,4.0,352.0,0.5566924038402619,-3.9610722749662814
2026-10-03 23:00:00,25.4,95.0,0.0,12.9,41.0,-8.463161473977545,-9.735753584873759
2026-10-04 00:00:00,25.6,92.0,0.0,13.0,31.0,-6.695494973830709,-11.143174909127458
2026-10-04 01:00:00,25.4,92.0,0.0,15.5,28.0,-7.276809223181306,-13.685687689313369
2026-10-04 02:00:00,25.6,90.0,0.0,16.5,31.0,-8.4981282360159,-14.14326046158485
2026-10-04 03:00:00,25.5,91.0,0.0,16.3,26.0,-7.145449692661967,-14.65034295467642
2026-10-04 04:00:00,25.4,92.0,0.1,17.8,27.0,-8.081030895363936,-15.859916130552948
2026-10-04 05:00:00,25.2,93.0,0.0,16.7,25.0,-7.057724971069676,-15.135340043512056
2026-10-04 06:00:00,25.5,91.0,0.0,15.7,27.0,-7.127650845910886,-13.988802429757374
2026-10-04 07:00:00,26.9,84.0,0.0,15.3,28.0,-7.182914910624129,-13.509098170741584
2026-10-04 08:00:00,28.9,77.0,0.0,13.5,33.0,-7.352626972702864,-11.322052667263225
2026-10-04 09:00:00,29.8,71.0,0.1,14.4,44.0,-10.00308053460956,-10.358493124876578
2026-10-04 10:00:00,30.4,69.0,0.1,15.3,48.0,-11.370115829804133,-10.237698277290532
2026-10-04 11:00:00,30.5,70.0,0.1,15.7,51.0,-12.201191594874441,-9.88033013948245
2026-10-04 12:00:00,30.6,71.0,0.3,13.5,54.0,-10.921729424061793,-7.935100905948386
2026-10-04 13:00:00,29.6,74.0,1.7000000000000002,9.4,60.0,-8.140638795573723,-4.700000000000001
2026-10-04 14:00:00,31.0,67.0,2.2,4.5,53.0,-3.5938597952128175,-2.7081676041842178
2026-10-04 15:00:00,30.5,70.0,0.6,1.0,68.0,-0.9271838545667874,-0.374606593415912
2026-10-04 16:00:00,29.3,76.0,0.6,1.2,129.0,-0.9325751537483651,0.7551844692598049
2026-10-04 17:00:00,28.3,85.0,0.2,0.4,117.0,-0.35640260967534715,0.18159619989581877
2026-10-04 18:00:00,26.9,94.0,0.1,3.1,69.0,-2.8940993221413254,-1.1109406435904314
2026-10-04 19:00:00,26.3,97.0,0.0,4.8,48.0,-3.5670951622914924,-3.2118269105225195
2026-10-04 20:00:00,25.6,96.0,0.0,12.5,4.0,-0.8719559218015698,-12.469550628247802
2026-10-04 21:00:00,25.1,93.0,0.1,9.7,360.0,5.939536975864663e-16,-9.7
2026-10-04 22:00:00,25.2,93.0,0.1,9.6,14.0,-2.322450197756811,-9.314838972249566
2026-10-04 23:00:00,25.4,95.0,0.0,11.4,21.0,-4.085394624816428,-10.642816862068099
2026-10-05 00:00:00,25.5,95.0,0.0,11.4,26.0,-4.997431073395487,-10.246252127810502
2026-10-05 01:00:00,25.4,96.0,0.0,11.5,29.0,-5.575310632832873,-10.058126632103054
2026-10-05 02:00:00,25.5,93.0,0.0,13.0,39.0,-8.181165083647892,-10.102897498940617
2026-10-05 03:00:00,25.2,93.0,0.0,13.7,35.0,-7.857997178009335,-11.222383006759184
2026-10-05 04:00:00,25.0,94.0,0.0,13.6,28.0,-6.384813253888114,-12.008087262881407
2026-10-05 05:00:00,24.8,94.0,0.0,11.7,27.0,-5.311688846952698,-10.424776333003903
2026-10-05 06:00:00,24.7,94.0,0.0,10.1,25.0,-4.268444443581061,-9.153708649070165
2026-10-05 07:00:00,25.9,89.0,0.0,8.7,24.0,-3.5386087947594604,-7.947845481490628
2026-10-05 08:00:00,28.3,79.0,0.0,12.6,34.0,-7.045830583731407,-10.445873414193526
2026-10-05 09:00:00,29.6,72.0,0.0,13.7,44.0,-9.516819675288263,-9.854955264639521
2026-10-05 10:00:00,28.6,75.0,0.9,14.7,53.0,-11.739941997695205,-8.846680840335111
2026-10-05 11:00:00,27.7,86.0,2.1,12.0,47.0,-8.776244419430046,-8.183980320749981
2026-10-05 12:00:00,28.9,81.0,0.6,11.6,43.0,-7.911180976724983,-8.483702938782377
2026-10-05 13:00:00,28.9,73.0,0.4,11.7,43.0,-7.979380812731233,-8.556838308944293
2026-10-05 14:00:00,28.9,80.0,1.6,8.8,39.0,-5.538019441238573,-6.838884460821341
2026-10-05 15:00:00,28.5,85.0,1.1,4.0,54.0,-3.2360679774997902,-2.351141009169892
2026-10-05 16:00:00,27.5,87.0,0.8,6.2,8.0,-0.8628732259524081,-6.139662026197736
2026-10-05 17:00:00,26.9,88.0,0.3,8.8,26.0,-3.8576660917438845,-7.909387607432668
2026-10-05 18:00:00,25.8,91.0,0.0,13.2,24.0,-5.368923688600561,-12.058800040882332
2026-10-05 19:00:00,25.6,90.0,0.0,14.6,29.0,-7.078220455596518,-12.769447724235182
2026-10-05 20:00:00,26.5,86.0,0.0,16.7,33.0,-9.09547188475095,-14.005798484688581
2026-10-05 21:00:00,25.3,88.0,0.2,19.7,45.0,-13.930003589374989,-13.930003589374984
2026-10-05 22:00:00,25.5,90.0,0.5,24.5,32.0,-12.983021973713523,-20.777178355832437
2026-10-05 23:00:00,25.7,87.0,0.1,26.7,34.0,-14.930450522668933,-22.135303187219616
2026-10-06 00:00:00,25.9,83.0,0.1,28.5,33.0,-15.522212497928269,-23.902111186444586
2026-10-06 01:00:00,26.1,82.0,0.1,29.4,35.0,-16.863147228720763,-24.08307010209635
2026-10-06 02:00:00,25.9,80.0,0.2,32.6,34.0,-18.22968865314634,-27.026624865294366
2026-10-06 03:00:00,25.8,81.0,0.3,31.0,35.0,-17.780869526882437,-25.39371337295874
2026-10-06 04:00:00,25.4,84.0,0.3,32.9,39.0,-20.704640865539663,-25.56810213193433
2026-10-06 05:00:00,25.8,80.0,0.1,34.6,39.0,-21.77448553032439,-26.88925026641118
2026-10-06 06:00:00,26.0,78.0,0.1,36.9,37.0,-22.20697435431058,-29.469650320745103
2026-10-06 07:00:00,26.4,76.0,0.0,36.6,37.0,-22.026429847364966,-29.23005966773092
2026-10-06 08:00:00,27.6,73.0,0.0,36.6,36.0,-21.512940233904523,-29.610021994123073
2026-10-06 09:00:00,27.6,73.0,0.2,36.4,34.0,-20.354621686335175,-30.17696764100352
2026-10-06 10:00:00,28.0,70.0,0.1,36.4,36.0,-21.395383183446025,-29.448218595248083
2026-10-06 11:00:00,28.2,69.0,0.1,38.2,38.0,-23.51826835744014,-30.102010787776788
2026-10-06 12:00:00,28.3,68.0,0.0,38.5,38.0,-23.702966800037835,-30.338414013858802
2026-10-06 13:00:00,28.2,70.0,0.0,36.7,38.0,-22.594776144451654,-28.919994657366704
2026-10-06 14:00:00,28.5,66.0,0.0,33.6,38.0,-20.686225570942113,-26.477161321185864
2026-10-06 15:00:00,27.8,69.0,0.0,33.8,39.0,-21.271029217484518,-26.2675334972456
2026-10-06 16:00:00,27.0,73.0,0.1,33.4,36.0,-19.632027426568605,-27.02116761212324
2026-10-06 17:00:00,26.6,74.0,0.1,32.7,33.0,-17.809696444991385,-27.424527571815368
2026-10-06 18:00:00,26.0,76.0,0.0,33.2,34.0,-18.565204395228786,-27.524047408827393
2026-10-06 19:00:00,25.5,79.0,0.2,31.8,31.0,-16.378210782139732,-27.257920162327167
2026-10-06 20:00:00,25.8,78.0,0.1,31.8,31.0,-16.378210782139732,-27.257920162327167
2026-10-06 21:00:00,25.3,80.0,0.1,30.8,33.0,-16.77488227846283,-25.83105349271906
2026-10-06 22:00:00,25.2,79.0,0.1,32.3,33.0,-17.59184083098537,-27.089059344637196
2026-10-06 23:00:00,25.3,77.0,0.1,32.0,34.0,-17.89417291106389,-26.52920232176134
2026-10-07 00:00:00,25.6,74.0,0.0,33.5,34.0,-18.73296226627001,-27.772758680593903
2026-10-07 01:00:00,25.4,73.0,0.0,33.2,31.0,-17.09926408701381,-28.457954383310124
2026-10-07 02:00:00,25.3,74.0,0.0,31.6,32.0,-16.745448749769277,-26.798319838543062
2026-10-07 03:00:00,25.2,74.0,0.0,32.0,30.0,-16.000000000000014,-27.712812921102028
2026-10-07 04:00:00,25.2,72.0,0.0,32.3,33.0,-17.59184083098537,-27.089059344637196
2026-10-07 05:00:00,25.3,72.0,0.0,35.2,32.0,-18.653158101008817,-29.851292984706195
2026-10-07 06:00:00,25.2,71.0,0.0,34.5,30.0,-17.250000000000014,-29.877876430563123
2026-10-07 07:00:00,25.6,69.0,0.0,35.6,33.0,-19.38914964653496,-29.856672218857096
2026-10-07 08:00:00,25.9,71.0,0.0,34.3,38.0,-21.11718860367007,-27.028768848710566
2026-10-07 09:00:00,26.1,69.0,0.0,34.4,35.0,-19.731029410475994,-28.17883032354131
2026-10-07 10:00:00,26.9,66.0,0.0,34.2,35.0,-19.61631412320579,-28.014999914683514
2026-10-07 11:00:00,27.6,63.0,0.0,34.9,36.0,-20.513705305007317,-28.23469310368566
2026-10-07 12:00:00,27.6,63.0,0.0,35.0,39.0,-22.026213686744324,-27.20010865099397
2026-10-07 13:00:00,27.5,64.0,0.0,33.4,39.0,-21.01930106106458,-25.956675112662815
2026-10-07 14:00:00,27.7,64.0,0.0,31.4,40.0,-20.18353094415734,-24.053795513935906
2026-10-07 15:00:00,27.3,64.0,0.0,31.0,41.0,-20.337829898705724,-23.39599698690593
2026-10-07 16:00:00,27.1,63.0,0.0,32.2,40.0,-20.697761031906573,-24.66663106843109
2026-10-07 17:00:00,26.5,66.0,0.0,30.9,41.0,-20.272223995806673,-23.320526028883656
2026-10-07 18:00:00,26.2,70.0,0.0,30.0,45.0,-21.21320343559643,-21.213203435596423
2026-10-07 19:00:00,25.7,73.0,0.1,29.5,40.0,-18.962234485752916,-22.59831107200985
2026-10-07 20:00:00,25.0,80.0,0.3,30.4,39.0,-19.13133988791507,-23.625237228291905
2026-10-07 21:00:00,24.9,79.0,0.1,30.6,38.0,-18.839241144965136,-24.113129060365697
2026-10-07 22:00:00,25.1,77.0,0.0,31.0,37.0,-18.656265717713495,-24.757700811466076
2026-10-07 23:00:00,25.0,76.0,0.1,32.1,36.0,-18.86790659858839,-25.969445519435812
2026-10-08 00:00:00,25.5,78.0,0.1,36.0,49.0,-27.169544888019797,-23.618125043658253
2026-10-08 01:00:00,25.4,78.0,0.1,35.7,49.0,-26.943132013952965,-23.421307334961103
2026-10-08 02:00:00,25.3,78.0,0.1,35.5,49.0,-26.79219009790841,-23.290095529163
2026-10-08 03:00:00,25.4,77.0,0.0,35.2,48.0,-26.15869785680428,-23.55339734383181
2026-10-08 04:00:00,25.5,76.0,0.0,34.4,48.0,-25.56418199642236,-23.018092858744723
2026-10-08 05:00:00,25.7,75.0,0.0,33.9,47.0,-24.79289048488988,-23.119744406118695
2026-10-08 06:00:00,25.9,74.0,0.0,33.6,47.0,-24.57348437440413,-22.915144898099946
2026-10-08 07:00:00,26.2,72.0,0.0,32.8,46.0,-23.594345451107753,-22.78479455105511
2026-10-08 08:00:00,26.4,71.0,0.0,32.1,46.0,-23.0908075908707,-22.298533691733816
2026-10-08 09:00:00,26.7,70.0,0.0,31.3,45.0,-22.132442251138944,-22.132442251138936
2026-10-08 10:00:00,27.0,69.0,0.0,30.0,45.0,-21.21320343559643,-21.213203435596423
2026-10-08 11:00:00,27.4,68.0,0.0,29.0,45.0,-20.506096654409884,-20.506096654409877
2026-10-08 12:00:00,27.7,67.0,0.0,28.0,45.0,-19.798989873223334,-19.798989873223327
2026-10-08 13:00:00,28.0,66.0,0.0,27.2,44.0,-18.894707676484725,-19.566042569211312
2026-10-08 14:00:00,28.2,65.0,0.0,26.7,44.0,-18.547378491255227,-19.206372669041986
2026-10-08 15:00:00,28.2,64.0,0.0,26.7,44.0,-18.547378491255227,-19.206372669041986
2026-10-08 16:00:00,28.1,64.0,0.0,27.5,45.0,-19.44543648263006,-19.445436482630054
2026-10-08 17:00:00,28.0,63.0,0.0,28.3,46.0,-20.357316349583826,-19.658831883989627
2026-10-08 18:00:00,27.8,63.0,0.0,29.0,46.0,-20.860854209820882,-20.145092743310922
2026-10-08 19:00:00,27.7,63.0,0.0,29.8,46.0,-21.436326050091804,-20.70081943967812
2026-10-08 20:00:00,27.5,63.0,0.0,30.3,46.0,-21.79599595026113,-21.048148624907622
2026-10-08 21:00:00,27.4,63.0,0.0,30.6,46.0,-22.011797890362725,-21.25654613604532
2026-10-08 22:00:00,27.3,64.0,0.0,30.5,45.0,-21.566756826189703,-21.566756826189696
2026-10-08 23:00:00,27.1,65.0,0.0,30.6,44.0,-21.256546136045316,-22.01179789036273
2026-10-09 00:00:00,27.0,66.0,0.0,30.3,43.0,-20.66455030989371,-22.160017159060864
2026-10-09 01:00:00,26.9,67.0,0.0,30.3,42.0,-20.274657372673403,-22.51728821196505
2026-10-09 02:00:00,26.8,67.0,0.0,29.9,41.0,-19.616164966816168,-22.565816448660883
2026-10-09 03:00:00,26.8,67.0,0.0,29.1,40.0,-18.7051194418783,-22.291893294762257
2026-10-09 04:00:00,26.9,67.0,0.0,28.4,39.0,-17.872699105815393,-22.070945305377965
2026-10-09 05:00:00,26.9,66.0,0.0,27.2,39.0,-17.11751463655559,-21.138370151629598
2026-10-09 06:00:00,27.0,66.0,0.0,26.4,38.0,-16.253462948597374,-20.803483895217465
2026-10-09 07:00:00,27.2,65.0,0.0,25.4,38.0,-15.637801473271715,-20.01547314161074
2026-10-09 08:00:00,27.3,65.0,0.0,24.6,38.0,-15.145272293011189,-19.385064538725366
2026-10-09 09:00:00,27.5,64.0,0.0,24.1,39.0,-15.166621424301093,-18.72921767111299
2026-10-09 10:00:00,27.8,64.0,0.0,24.0,41.0,-15.745416695772175,-18.113029925346527
2026-10-09 11:00:00,28.2,63.0,0.0,23.9,44.0,-16.602335053970034,-17.19222122809376
2026-10-09 12:00:00,28.4,62.0,0.0,23.9,46.0,-17.19222122809376,-16.602335053970037
2026-10-09 13:00:00,28.7,62.0,0.0,23.7,48.0,-17.612532363814243,-15.85839537070494
2026-10-09 14:00:00,28.8,62.0,0.0,24.0,49.0,-18.11302992534653,-15.74541669577217
2026-10-09 15:00:00,28.7,63.0,0.0,24.2,48.0,-17.98410477655294,-16.192960673884368
2026-10-09 16:00:00,28.6,64.0,0.0,24.2,46.0,-17.408023168195356,-16.810732565107735
2026-10-09 17:00:00,28.3,66.0,0.0,24.7,43.0,-16.845359493543715,-18.06443642999351
2026-10-09 18:00:00,28.1,67.0,0.0,24.8,41.0,-16.27026391896458,-18.716797589524745
2026-10-09 19:00:00,27.9,69.0,0.0,25.1,38.0,-15.453103030674018,-19.779069915528726
2026-10-09 20:00:00,27.7,70.0,0.0,25.2,37.0,-15.165738583431615,-20.125614853191777
2026-10-09 21:00:00,27.5,71.0,0.0,25.0,36.0,-14.69463130731183,-20.225424859373682
2026-10-09 22:00:00,27.4,72.0,0.0,25.0,36.0,-14.69463130731183,-20.225424859373682
2026-10-09 23:00:00,27.3,72.0,0.0,24.8,36.0,-14.577074256853336,-20.063621460498695
2026-10-10 00:00:00,27.3,73.0,0.0,24.5,36.0,-14.400738681165594,-19.82091636218621
2026-10-10 01:00:00,27.2,73.0,0.0,24.5,36.0,-14.400738681165594,-19.82091636218621
2026-10-10 02:00:00,27.2,74.0,0.0,24.4,37.0,-14.684286564909977,-19.486706445153946
2026-10-10 03:00:00,27.2,75.0,0.1,24.9,39.0,-15.67007773714096,-19.350934440278564
2026-10-10 04:00:00,27.2,75.0,0.1,25.0,40.0,-16.069690242163485,-19.15111107797445
2026-10-10 05:00:00,27.2,76.0,0.1,25.5,42.0,-17.06283046215088,-18.950193049673555
2026-10-10 06:00:00,27.3,76.0,0.1,26.0,44.0,-18.06111763193393,-18.70283480880493
2026-10-10 07:00:00,27.3,77.0,0.1,26.7,46.0,-19.206372669041983,-18.54737849125523
2026-10-10 08:00:00,27.4,77.0,0.1,27.0,47.0,-19.746549943717607,-18.413955721687454
2026-10-10 09:00:00,27.6,77.0,0.1,27.3,49.0,-20.60357154008168,-17.910411491440843
2026-10-10 10:00:00,27.7,77.0,0.1,27.4,51.0,-21.293799343921,-17.243378714765548
2026-10-10 11:00:00,28.0,76.0,0.1,27.7,52.0,-21.8278978749062,-17.053822866520733
2026-10-10 12:00:00,28.1,76.0,0.1,27.9,54.0,-22.571574143061035,-16.399208538959996
2026-10-10 13:00:00,28.3,75.0,0.1,28.0,55.0,-22.93625724009177,-16.060140217829293
2026-10-10 14:00:00,28.4,75.0,0.1,28.3,56.0,-23.461763303307684,-15.82515916822213
2026-10-10 15:00:00,28.4,75.0,0.1,28.5,55.0,-23.345833262236265,-16.346928436004816
2026-10-10 16:00:00,28.3,75.0,0.1,28.1,54.0,-22.73337754193603,-16.516765589418494
2026-10-10 17:00:00,28.2,76.0,0.1,27.9,52.0,-21.985500025627545,-17.176955161585862
2026-10-10 18:00:00,28.1,76.0,0.1,27.9,51.0,-21.682372324649485,-17.558038910290467
2026-10-10 19:00:00,27.9,77.0,0.1,27.8,49.0,-20.980926330193064,-18.238441005936096
2026-10-10 20:00:00,27.8,77.0,0.1,27.8,48.0,-20.65942614827156,-18.60183085677626
2026-10-10 21:00:00,27.7,77.0,0.0,27.8,48.0,-20.65942614827156,-18.60183085677626
2026-10-10 22:00:00,27.6,77.0,0.0,28.0,47.0,-20.477903645336777,-19.095954081749955
2026-10-10 23:00:00,27.5,78.0,0.0,28.0,48.0,-20.80805511336704,-18.73565697804803
2026-10-11 00:00:00,27.4,78.0,0.0,28.3,49.0,-21.35828112030445,-18.56647052043135
2026-10-11 01:00:00,27.4,78.0,0.0,28.3,49.0,-21.35828112030445,-18.56647052043135
2026-10-11 02:00:00,27.3,78.0,0.0,28.3,50.0,-21.67905774026708,-18.190889354129062
2026-10-11 03:00:00,27.3,78.0,0.0,28.1,50.0,-21.525848851643282,-18.062331832191752
2026-10-11 04:00:00,27.3,78.0,0.0,27.9,51.0,-21.682372324649485,-17.558038910290467
2026-10-11 05:00:00,27.4,78.0,0.0,27.9,52.0,-21.985500025627545,-17.176955161585862
2026-10-11 06:00:00,27.5,78.0,0.0,27.7,52.0,-21.8278978749062,-17.053822866520733
2026-10-11 07:00:00,27.5,77.0,0.0,27.5,53.0,-21.962476526300552,-16.54991313668133
2026-10-11 08:00:00,27.6,77.0,0.0,27.3,54.0,-22.08616394643607,-16.046537387584515
2026-10-11 09:00:00,27.8,76.0,0.0,27.1,54.0,-21.92436054756108,-15.92898033712602
2026-10-11 10:00:00,27.9,76.0,0.0,27.0,56.0,-22.38401445898613,-15.098208393710161
2026-10-11 11:00:00,28.1,75.0,0.0,26.9,58.0,-22.81249378660786,-14.254828207873208
2026-10-11 12:00:00,28.3,74.0,0.0,26.7,58.0,-22.642884167376575,-14.148844355026567
2026-10-11 13:00:00,28.5,73.0,0.0,26.8,59.0,-22.97208365881661,-13.803020407589452
2026-10-11 14:00:00,28.5,73.0,0.0,26.8,59.0,-22.97208365881661,-13.803020407589452
2026-10-11 15:00:00,28.5,73.0,0.0,27.0,59.0,-23.143517118957032,-13.906028022571462
2026-10-11 16:00:00,28.4,73.0,0.0,27.1,57.0,-22.727972391320993,-14.759717848907234
2026-10-11 17:00:00,28.2,74.0,0.0,27.5,56.0,-22.798533245263652,-15.377804845445533
2026-10-11 18:00:00,28.1,74.0,0.0,27.8,53.0,-22.202067179314742,-16.730457643626945
2026-10-11 19:00:00,27.9,75.0,0.0,27.9,52.0,-21.985500025627545,-17.176955161585862
2026-10-11 20:00:00,27.8,75.0,0.0,28.2,51.0,-21.915516113086575,-17.74683502760542
2026-10-11 21:00:00,27.6,75.0,0.0,28.4,51.0,-22.07094530537797,-17.872699105815386
2026-10-11 22:00:00,27.5,76.0,0.0,28.4,51.0,-22.07094530537797,-17.872699105815386
2026-10-11 23:00:00,27.4,76.0,0.0,28.2,51.0,-21.915516113086575,-17.74683502760542
2026-10-12 00:00:00,27.3,77.0,0.0,28.2,51.0,-21.915516113086575,-17.74683502760542
2026-10-12 01:00:00,27.2,77.0,0.0,27.9,52.0,-21.985500025627545,-17.176955161585862
2026-10-12 02:00:00,27.1,77.0,0.0,27.7,51.0,-21.52694313235809,-17.432174832080502
2026-10-12 03:00:00,27.1,77.0,0.0,27.4,51.0,-21.293799343921,-17.243378714765548
2026-10-12 04:00:00,27.1,76.0,0.0,26.8,50.0,-20.52999107558861,-17.22670793959925
2026-10-12 05:00:00,27.2,76.0,0.0,26.3,49.0,-19.848861959858908,-17.254352462450335
2026-10-12 06:00:00,27.3,75.0,0.0,25.5,48.0,-18.950193049673555,-17.062830462150885
2026-10-12 07:00:00,27.4,75.0,0.0,24.7,48.0,-18.355677189291637,-16.5275259770638
2026-10-12 08:00:00,27.5,74.0,0.0,24.0,47.0,-17.552488838860093,-16.367960641499963
2026-10-12 09:00:00,27.6,73.0,0.0,23.2,48.0,-17.240959951075546,-15.52383006752551
2026-10-12 10:00:00,27.8,72.0,0.0,22.0,50.0,-16.852977748617516,-14.141327413103863
2026-10-12 11:00:00,28.0,72.0,0.0,20.8,53.0,-16.61161860898369,-12.517752481562606
2026-10-12 12:00:00,28.2,71.0,0.0,19.7,55.0,-16.137295272493137,-11.299455796115609
2026-10-12 13:00:00,28.4,70.0,0.0,19.3,57.0,-16.186341961346685,-10.511533375790023
2026-10-12 14:00:00,28.4,70.0,0.0,18.9,59.0,-16.20046198326992,-9.734219615800022
2026-10-12 15:00:00,28.4,70.0,0.0,19.2,60.0,-16.62768775266122,-9.600000000000001
2026-10-12 16:00:00,28.3,71.0,0.0,19.9,58.0,-16.87615711351288,-10.545393358240775
2026-10-12 17:00:00,28.1,72.0,0.0,20.6,57.0,-17.276613699675735,-11.219564121309558
2026-10-12 18:00:00,27.9,73.0,0.0,21.6,57.0,-18.11528426762116,-11.764203156324585
2026-10-12 19:00:00,27.8,73.0,0.0,22.5,55.0,-18.430920996502316,-12.905469817898538
2026-10-12 20:00:00,27.6,74.0,0.0,22.7,54.0,-18.364685772311308,-13.342725227039137
2026-10-12 21:00:00,27.5,74.0,0.0,22.9,53.0,-18.288753180083006,-13.781564030181906
2026-10-12 22:00:00,27.3,75.0,0.0,22.6,53.0,-18.04916252706882,-13.601019523236294
2026-10-12 23:00:00,27.2,75.0,0.0,22.3,52.0,-17.5726398054299,-13.729250899762178
2026-10-13 00:00:00,27.1,76.0,0.0,22.0,52.0,-17.336236579347883,-13.54455245716448
2026-10-13 01:00:00,27.0,76.0,0.0,21.3,51.0,-16.553208979033478,-13.404524329361541
2026-10-13 02:00:00,26.9,76.0,0.0,21.0,51.0,-16.320065190596388,-13.21572821204659
2026-10-13 03:00:00,26.9,76.0,0.0,20.7,50.0,-15.857119972562844,-13.305703520511361
2026-10-13 04:00:00,26.9,76.0,0.0,20.2,49.0,-15.245133520499996,-13.252392385608243
2026-10-13 05:00:00,27.0,75.0,0.0,19.9,48.0,-14.788582027000144,-13.315699066541278
2026-10-13 06:00:00,27.0,75.0,0.0,19.1,47.0,-13.96885570092616,-13.02616867719372
2026-10-13 07:00:00,27.1,74.0,0.0,18.3,47.0,-13.383772739630823,-12.48056998914372
2026-10-13 08:00:00,27.2,74.0,0.0,17.8,47.0,-13.018095888821236,-12.139570809112472
2026-10-13 09:00:00,27.4,73.0,0.0,16.8,47.0,-12.286742187202066,-11.457572449049973
2026-10-13 10:00:00,27.5,73.0,0.0,15.3,49.0,-11.547056577408414,-10.037703143554758
2026-10-13 11:00:00,27.7,72.0,0.0,13.8,51.0,-10.724614268106198,-8.68462139648776
2026-10-13 12:00:00,27.9,71.0,0.0,12.6,53.0,-10.062807426595889,-7.582869291715809
2026-10-13 13:00:00,28.1,70.0,0.0,11.7,56.0,-9.69973959889399,-6.542556970607736
2026-10-13 14:00:00,28.1,70.0,0.0,11.8,59.0,-10.114574148284927,-6.077449283938639
2026-10-13 15:00:00,28.1,70.0,0.0,12.6,59.0,-10.800307988846615,-6.489479743866682
2026-10-13 16:00:00,28.0,71.0,0.0,14.4,58.0,-12.211892584652535,-7.630837404958149
2026-10-13 17:00:00,27.9,71.0,0.0,16.5,58.0,-13.99279358658103,-8.743667859847879
2026-10-13 18:00:00,27.7,72.0,0.0,18.8,58.0,-15.94330420774081,-9.96248216758425
2026-10-13 19:00:00,27.5,73.0,0.0,21.1,57.0,-17.69594898364845,-11.491883638817072
2026-10-13 20:00:00,27.4,73.0,0.0,22.6,56.0,-18.736249139743947,-12.637759618438876
2026-10-13 21:00:00,27.3,73.0,0.0,23.6,56.0,-19.565286712298988,-13.196952521909623
2026-10-13 22:00:00,27.3,73.0,0.0,24.1,55.0,-19.741564267364705,-13.823192116060213
2026-10-13 23:00:00,27.2,73.0,0.0,24.5,54.0,-19.820916362186214,-14.400738681165588
2026-10-14 00:00:00,27.2,72.0,0.0,25.0,54.0,-20.22542485937369,-14.694631307311825
2026-10-14 01:00:00,27.1,72.0,0.0,25.2,53.0,-20.125614853191777,-15.165738583431619
2026-10-14 02:00:00,27.1,72.0,0.0,25.4,52.0,-20.015473141610737,-15.637801473271717
2026-10-14 03:00:00,27.1,72.0,0.0,25.6,52.0,-20.173075292332086,-15.76093376833685
2026-10-14 04:00:00,27.1,72.0,0.0,25.9,51.0,-20.12808040173554,-16.299398128190795
2026-10-14 05:00:00,27.2,72.0,0.0,26.0,49.0,-19.622449085792077,-17.057534753753185
2026-10-14 06:00:00,27.2,72.0,0.0,26.3,49.0,-19.848861959858908,-17.254352462450335
2026-10-14 07:00:00,27.3,71.0,0.0,26.3,49.0,-19.848861959858908,-17.254352462450335
2026-10-14 08:00:00,27.4,71.0,0.0,26.8,49.0,-20.226216749970295,-17.58238197694559
2026-10-14 09:00:00,27.5,70.0,0.0,27.1,49.0,-20.452629624037126,-17.77919968564274
2026-10-14 10:00:00,27.7,69.0,0.0,27.9,51.0,-21.682372324649485,-17.558038910290467
2026-10-14 11:00:00,28.0,68.0,0.0,28.2,52.0,-22.22190325170956,-17.36165360418356
2026-10-14 12:00:00,28.2,66.0,0.0,28.9,54.0,-23.380591137435985,-16.98699379125247
2026-10-14 13:00:00,28.3,65.0,0.0,29.5,55.0,-24.164985306525256,-16.920504872355863
2026-10-14 14:00:00,28.4,65.0,0.0,30.0,55.0,-24.574561328669756,-17.207293090531383
2026-10-14 15:00:00,28.3,65.0,0.0,30.4,54.0,-24.594116628998403,-17.868671669691178
2026-10-14 16:00:00,28.2,66.0,0.0,30.8,53.0,-24.59797370945662,-18.53590271308309
2026-10-14 17:00:00,28.0,68.0,0.0,31.2,51.0,-24.24695399745749,-19.634796200754934
2026-10-14 18:00:00,27.8,69.0,0.0,31.6,48.0,-23.48337648508566,-21.144527160939923
2026-10-14 19:00:00,27.6,70.0,0.0,31.8,46.0,-22.875005650769104,-22.090136180596115
2026-10-14 20:00:00,27.4,71.0,0.0,32.3,45.0,-22.83954903232549,-22.839549032325483
2026-10-14 21:00:00,27.3,72.0,0.0,32.6,45.0,-23.051681066681457,-23.05168106668145
2026-10-14 22:00:00,27.1,72.0,0.0,32.8,45.0,-23.193102422918763,-23.193102422918756
2026-10-14 23:00:00,27.0,72.0,0.0,32.8,45.0,-23.193102422918763,-23.193102422918756
2026-10-15 00:00:00,26.9,72.0,0.0,33.1,46.0,-23.81014739120935,-22.993192062192815
2026-10-15 01:00:00,26.8,72.0,0.0,33.1,47.0,-24.207807523594546,-22.574145718068696
2026-10-15 02:00:00,26.8,72.0,0.0,33.1,47.0,-24.207807523594546,-22.574145718068696
2026-10-15 03:00:00,26.8,72.0,0.0,33.1,47.0,-24.207807523594546,-22.574145718068696
2026-10-15 04:00:00,26.8,71.0,0.0,32.9,47.0,-24.06153678327071,-22.437746046056194
2026-10-15 05:00:00,26.9,71.0,0.0,32.6,47.0,-23.84213067278496,-22.23314653803745
2026-10-15 06:00:00,27.0,70.0,0.0,32.4,47.0,-23.695859932461126,-22.096746866024947
2026-10-15 07:00:00,27.2,70.0,0.0,32.1,48.0,-23.854948897824357,-21.47909246411935
2026-10-15 08:00:00,27.3,69.0,0.0,31.9,48.0,-23.706319932728874,-21.345266342847577
2026-10-15 09:00:00,27.5,68.0,0.0,31.7,50.0,-24.2836088468716,-20.376367227063295
2026-10-15 10:00:00,27.8,67.0,0.0,31.5,52.0,-24.822338738611744,-19.393336472758232
2026-10-15 11:00:00,28.0,66.0,0.0,31.5,54.0,-25.484035322810847,-18.515235447212902
2026-10-15 12:00:00,28.3,66.0,0.0,31.5,57.0,-26.41812289028086,-17.156129602973355
2026-10-15 13:00:00,28.5,65.0,0.0,31.7,58.0,-26.883124648158706,-16.79844067619259
2026-10-15 14:00:00,28.6,65.0,0.0,31.5,59.0,-27.00076997211654,-16.223699359666707
2026-10-15 15:00:00,28.6,65.0,0.0,31.2,59.0,-26.743619781905902,-16.06918793719369
2026-10-15 16:00:00,28.4,66.0,0.0,30.5,57.0,-25.579452322335435,-16.611490567958327
2026-10-15 17:00:00,28.3,68.0,0.0,29.7,54.0,-24.02780473293594,-17.45722199308645
2026-10-15 18:00:00,28.1,69.0,0.0,29.2,52.0,-23.009914005316283,-17.977315079509218
2026-10-15 19:00:00,27.9,70.0,0.0,28.9,50.0,-22.138684406138463,-18.576561919940982
2026-10-15 20:00:00,27.7,71.0,0.0,28.6,48.0,-21.253942008653475,-19.137135341863345
2026-10-15 21:00:00,27.6,72.0,0.0,28.6,48.0,-21.253942008653475,-19.137135341863345
2026-10-15 22:00:00,27.5,72.0,0.0,28.6,48.0,-21.253942008653475,-19.137135341863345
2026-10-15 23:00:00,27.4,72.0,0.0,28.6,49.0,-21.584693994371285,-18.763288229128502
2026-10-16 00:00:00,27.3,73.0,0.0,28.6,50.0,-21.90887107320277,-18.383725637035024
2026-10-16 01:00:00,27.2,73.0,0.0,28.7,51.0,-22.30408909381506,-18.06149522313034
2026-10-16 02:00:00,27.2,73.0,0.0,28.7,52.0,-22.615908628512923,-17.66948434184639
2026-10-16 03:00:00,27.2,73.0,0.0,28.5,53.0,-22.761112036347846,-17.15172815983338
2026-10-16 04:00:00,27.3,73.0,0.0,28.5,53.0,-22.761112036347846,-17.15172815983338
2026-10-16 05:00:00,27.4,73.0,0.0,28.0,53.0,-22.3617942813242,-16.850820648257354
2026-10-16 06:00:00,27.5,73.0,0.0,28.0,53.0,-22.3617942813242,-16.850820648257354
2026-10-16 07:00:00,27.6,73.0,0.0,27.8,53.0,-22.202067179314742,-16.730457643626945
2026-10-16 08:00:00,27.8,73.0,0.0,27.6,54.0,-22.328869044748554,-16.222872963272255
2026-10-16 09:00:00,27.9,73.0,0.0,27.5,56.0,-22.798533245263652,-15.377804845445533
2026-10-16 10:00:00,28.2,72.0,0.0,27.7,58.0,-23.490932263533,-14.678763619259772
2026-10-16 11:00:00,28.4,71.0,0.0,27.9,60.0,-24.162108765585835,-13.950000000000003
2026-10-16 12:00:00,28.6,70.0,0.0,28.2,62.0,-24.899122118621737,-13.239098070562122
2026-10-16 13:00:00,28.8,70.0,0.0,28.5,64.0,-25.615630319526257,-12.493577683488708
2026-10-16 14:00:00,28.9,70.0,0.0,28.7,65.0,-26.011033487951856,-12.12914411195807
2026-10-16 15:00:00,28.9,71.0,0.0,28.7,65.0,-26.011033487951856,-12.12914411195807
2026-10-16 16:00:00,28.8,71.0,0.0,28.5,64.0,-25.615630319526257,-12.493577683488708
2026-10-16 17:00:00,28.6,73.0,0.0,28.3,63.0,-25.215484634530814,-12.847931142629172
2026-10-16 18:00:00,28.4,74.0,0.0,28.0,61.0,-24.489351799903083,-13.574669366897435
2026-10-16 19:00:00,28.3,75.0,0.0,27.9,60.0,-24.162108765585835,-13.950000000000003
2026-10-16 20:00:00,28.1,76.0,0.0,28.1,59.0,-24.086401149729358,-14.472569904972522
2026-10-16 21:00:00,28.0,77.0,0.1,28.4,60.0,-24.595121467478055,-14.200000000000003
2026-10-16 22:00:00,27.8,77.0,0.1,28.7,60.0,-24.854929088613385,-14.350000000000003
2026-10-16 23:00:00,27.7,78.0,0.1,29.0,60.0,-25.11473670974872,-14.500000000000004
2026-10-17 00:00:00,27.6,78.0,0.1,29.7,61.0,-25.976205302040057,-14.398845721316206
2026-10-17 01:00:00,27.5,79.0,0.1,29.8,62.0,-26.31183826719602,-13.990252571019548
2026-10-17 02:00:00,27.4,79.0,0.1,29.8,62.0,-26.31183826719602,-13.990252571019548
2026-10-17 03:00:00,27.4,79.0,0.1,29.5,62.0,-26.04695398933834,-13.84941110218378
2026-10-17 04:00:00,27.4,79.0,0.1,29.2,61.0,-25.53889544847036,-14.15644091119304
2026-10-17 05:00:00,27.5,78.0,0.1,28.7,60.0,-24.854929088613385,-14.350000000000003
2026-10-17 06:00:00,27.6,78.0,0.1,28.1,59.0,-24.086401149729358,-14.472569904972522
2026-10-17 07:00:00,27.7,78.0,0.1,27.8,59.0,-23.829250959518724,-14.318058482499506
2026-10-17 08:00:00,27.8,77.0,0.1,27.3,59.0,-23.400667309167666,-14.060539445044478
2026-10-17 09:00:00,28.0,76.0,0.0,27.1,60.0,-23.469288442558287,-13.550000000000004
2026-10-17 10:00:00,28.3,76.0,0.0,26.7,61.0,-23.35234618062187,-12.944416860577196
2026-10-17 11:00:00,28.5,75.0,0.0,26.7,63.0,-23.789874195829423,-12.121546343045896
2026-10-17 12:00:00,28.8,74.0,0.0,26.7,64.0,-23.997801036187756,-11.704509619268368
2026-10-17 13:00:00,29.0,73.0,0.0,26.9,65.0,-24.379679471285886,-11.36843124082481
2026-10-17 14:00:00,29.1,73.0,0.0,26.8,66.0,-24.483018264821705,-10.900542034431446
2026-10-17 15:00:00,29.1,73.0,0.0,26.9,65.0,-24.379679471285886,-11.36843124082481
2026-10-17 16:00:00,29.0,74.0,0.0,26.7,64.0,-23.997801036187756,-11.704509619268368
2026-10-17 17:00:00,28.8,75.0,0.0,26.7,63.0,-23.789874195829423,-12.121546343045896
2026-10-17 18:00:00,28.6,76.0,0.0,26.4,61.0,-23.08996026848005,-12.798973974503294
2026-10-17 19:00:00,28.5,76.0,0.0,26.5,59.0,-22.714933468605977,-13.648508985116434
2026-10-17 20:00:00,28.3,77.0,0.0,26.9,58.0,-22.81249378660786,-14.254828207873208
2026-10-17 21:00:00,28.2,78.0,0.0,27.1,57.0,-22.727972391320993,-14.759717848907234
2026-10-17 22:00:00,28.1,78.0,0.0,27.6,57.0,-23.147307675293703,-15.032037366414748
2026-10-17 23:00:00,28.0,78.0,0.0,28.1,57.0,-23.566642959266417,-15.304356883922262
2026-10-18 00:00:00,27.9,79.0,0.0,28.4,57.0,-23.818244129650044,-15.467748594426768
2026-10-18 01:00:00,27.8,79.0,0.0,28.6,56.0,-23.710474575074198,-15.992917039263356
2026-10-18 02:00:00,27.8,79.0,0.0,28.6,56.0,-23.710474575074198,-15.992917039263356
2026-10-18 03:00:00,27.8,79.0,0.0,28.3,56.0,-23.461763303307684,-15.82515916822213
2026-10-18 04:00:00,27.8,78.0,0.0,27.9,54.0,-22.571574143061035,-16.399208538959996
2026-10-18 05:00:00,27.9,78.0,0.0,27.3,54.0,-22.08616394643607,-16.046537387584515
2026-10-18 06:00:00,28.0,77.0,0.0,26.5,53.0,-21.16384101625326,-15.948098113529282
2026-10-18 07:00:00,28.1,77.0,0.0,25.9,52.0,-20.409478518414097,-15.945632210934546
2026-10-18 08:00:00,28.2,76.0,0.0,25.1,52.0,-19.779069915528723,-15.453103030674022
2026-10-18 09:00:00,28.4,75.0,0.0,24.4,53.0,-19.486706445153946,-14.68428656490998
2026-10-18 10:00:00,28.7,74.0,0.0,23.2,54.0,-18.769194269498783,-13.636617853185374
2026-10-18 11:00:00,28.9,73.0,0.0,22.3,56.0,-18.487537867977434,-12.470001747397651
2026-10-18 12:00:00,29.2,73.0,0.0,21.6,57.0,-18.11528426762116,-11.764203156324585
2026-10-18 13:00:00,29.4,72.0,0.0,21.0,59.0,-18.00051331474436,-10.815799573111137
2026-10-18 14:00:00,29.5,72.0,0.0,20.5,59.0,-17.571929664393302,-10.55828053565611
2026-10-18 15:00:00,29.4,73.0,0.0,20.5,59.0,-17.571929664393302,-10.55828053565611
2026-10-18 16:00:00,29.3,74.0,0.0,20.7,59.0,-17.743363124533726,-10.661288150638121
2026-10-18 17:00:00,29.1,75.0,0.0,21.1,57.0,-17.69594898364845,-11.491883638817072
2026-10-18 18:00:00,28.9,76.0,0.0,21.5,55.0,-17.611768952213325,-12.331893381547493
2026-10-18 19:00:00,28.7,78.0,0.0,21.9,54.0,-17.717472176811352,-12.872497025205158
2026-10-18 20:00:00,28.6,79.0,0.0,22.4,53.0,-17.889435425059357,-13.480656518605883
2026-10-18 21:00:00,28.5,80.0,0.1,22.9,53.0,-18.288753180083006,-13.781564030181906
2026-10-18 22:00:00,28.3,81.0,0.1,23.7,54.0,-19.173702766686258,-13.93051047933161
2026-10-18 23:00:00,28.2,82.0,0.1,24.3,55.0,-19.9053946762225,-13.937907403330422
2026-10-19 00:00:00,28.1,82.0,0.1,25.1,55.0,-20.560716311653696,-14.39676855241126
2026-10-19 01:00:00,28.1,83.0,0.1,25.4,55.0,-20.80646192494039,-14.568841483316572
2026-10-19 02:00:00,28.0,83.0,0.1,25.7,56.0,-21.306265614664575,-14.37125761919819
2026-10-19 03:00:00,28.0,83.0,0.1,25.7,56.0,-21.306265614664575,-14.37125761919819
2026-10-19 04:00:00,28.0,83.0,0.1,25.5,57.0,-21.386099482608312,-13.88829539288319
2026-10-19 05:00:00,28.1,83.0,0.1,25.0,57.0,-20.9667641986356,-13.615975875375677
2026-10-19 06:00:00,28.1,82.0,0.1,24.8,57.0,-20.799030085046518,-13.507048068372672
2026-10-19 07:00:00,28.2,82.0,0.1,24.3,58.0,-20.607568736601156,-12.877038120866876
2026-10-19 08:00:00,28.3,81.0,0.1,23.9,59.0,-20.486298486780484,-12.309409990350293
2026-10-19 09:00:00,28.4,80.0,0.0,23.5,61.0,-20.553563117775802,-11.393026075788919
2026-10-19 10:00:00,28.6,79.0,0.0,23.3,63.0,-20.760452013588974,-10.577978643931438
2026-10-19 11:00:00,28.8,78.0,0.0,23.2,66.0,-21.19425461730834,-9.436290119358565
2026-10-19 12:00:00,29.0,77.0,0.0,23.1,69.0,-21.56570785208536,-8.27829963449644
2026-10-19 13:00:00,29.2,76.0,0.0,22.9,71.0,-21.652375381224353,-7.455510737068889
2026-10-19 14:00:00,29.2,76.0,0.0,22.8,72.0,-21.684088571529504,-7.0455874717487985
2026-10-19 15:00:00,29.2,76.0,0.0,22.5,70.0,-21.14308396768294,-7.695453224827545
2026-10-19 16:00:00,29.1,77.0,0.0,22.5,68.0,-20.861636727752717,-8.42864835185802
2026-10-19 17:00:00,28.9,78.0,0.0,22.6,65.0,-20.48255598702829,-9.551172715339804
2026-10-19 18:00:00,28.8,79.0,0.0,22.4,62.0,-19.77802608003996,-10.516163006403955
2026-10-19 19:00:00,28.6,79.0,0.0,22.6,59.0,-19.37198099586774,-11.639860492967225
2026-10-19 20:00:00,28.5,80.0,0.0,22.7,57.0,-19.037821892361126,-12.363306094841114
2026-10-19 21:00:00,28.4,80.0,0.0,22.9,57.0,-19.20555600595021,-12.472233901844119
2026-10-19 22:00:00,28.2,80.0,0.0,23.4,56.0,-19.39947919778798,-13.085113941215472
2026-10-19 23:00:00,28.1,80.0,0.0,23.7,57.0,-19.87649246030655,-12.907945129856142
2026-10-20 00:00:00,28.0,80.0,0.0,24.2,57.0,-20.29582774427926,-13.180264647363655
2026-10-20 01:00:00,28.0,80.0,0.0,24.2,57.0,-20.29582774427926,-13.180264647363655
2026-10-20 02:00:00,27.9,80.0,0.0,24.2,57.0,-20.29582774427926,-13.180264647363655
2026-10-20 03:00:00,27.9,80.0,0.0,23.6,56.0,-19.565286712298988,-13.196952521909623
2026-10-20 04:00:00,27.9,79.0,0.0,23.0,55.0,-18.84049701864681,-13.192258036074062
2026-10-20 05:00:00,27.9,79.0,0.0,22.1,53.0,-17.649844772045174,-13.30011201166027
2026-10-20 06:00:00,28.0,78.0,0.0,21.3,51.0,-16.553208979033478,-13.404524329361541
2026-10-20 07:00:00,28.0,78.0,0.0,20.4,49.0,-15.39607543654455,-13.383604191406343
2026-10-20 08:00:00,28.1,77.0,0.0,19.6,49.0,-14.792307772366335,-12.858756968213939
2026-10-20 09:00:00,28.3,76.0,0.0,18.9,48.0,-14.04543720152275,-12.64656846018242
2026-10-20 10:00:00,28.5,75.0,0.0,17.6,49.0,-13.282888611920791,-11.546638910232925
2026-10-20 11:00:00,28.8,74.0,0.0,16.6,49.0,-12.528179031698018,-10.890579881242418
2026-10-20 12:00:00,29.1,73.0,0.0,15.9,51.0,-12.356620787165836,-10.006194217692418
2026-10-20 13:00:00,29.3,72.0,0.0,15.4,53.0,-12.29898685472831,-9.267951356541545
2026-10-20 14:00:00,29.4,72.0,0.0,15.4,53.0,-12.29898685472831,-9.267951356541545
2026-10-20 15:00:00,29.4,72.0,0.0,16.2,53.0,-12.937895262766144,-9.749403375063183
2026-10-20 16:00:00,29.3,73.0,0.0,17.5,53.0,-13.976121425827625,-10.531762905160846
2026-10-20 17:00:00,29.1,75.0,0.0,19.3,53.0,-15.413665343912752,-11.615029946834534
2026-10-20 18:00:00,28.9,76.0,0.0,21.0,52.0,-16.548225825741163,-12.928890981838823
2026-10-20 19:00:00,28.8,77.0,0.0,22.8,52.0,-17.96664518223326,-14.037081637425008
2026-10-20 20:00:00,28.6,78.0,0.0,24.1,51.0,-18.729217671113,-15.166621424301088
2026-10-20 21:00:00,28.5,78.0,0.0,25.0,50.0,-19.151111077974452,-16.06969024216348
2026-10-20 22:00:00,28.4,79.0,0.0,26.0,48.0,-19.32176546241225,-17.397395765330316
2026-10-20 23:00:00,28.3,79.0,0.0,26.7,47.0,-19.527143833231854,-18.209356213668705
2026-10-21 00:00:00,28.2,78.0,0.0,27.2,44.0,-18.894707676484725,-19.566042569211312
2026-10-21 01:00:00,28.2,78.0,0.0,28.0,43.0,-19.09595408174996,-20.477903645336774
2026-10-21 02:00:00,28.2,78.0,0.0,28.6,42.0,-19.137135341863342,-21.25394200865348
2026-10-21 03:00:00,28.2,78.0,0.0,28.8,41.0,-18.89450003492661,-21.735635910415834
2026-10-21 04:00:00,28.3,77.0,0.0,28.9,40.0,-18.57656191994099,-22.13868440613846
2026-10-21 05:00:00,28.3,77.0,0.0,28.9,40.0,-18.57656191994099,-22.13868440613846
2026-10-21 06:00:00,28.4,76.0,0.0,28.9,40.0,-18.57656191994099,-22.13868440613846
2026-10-21 07:00:00,28.6,75.0,0.0,28.9,40.0,-18.57656191994099,-22.13868440613846
2026-10-21 08:00:00,28.7,75.0,0.0,29.1,41.0,-19.09131774362376,-21.96204878448267
2026-10-21 09:00:00,28.8,75.0,0.1,29.8,42.0,-19.94009206949397,-22.145715799226352
2026-10-21 10:00:00,29.1,74.0,0.1,30.8,43.0,-21.005549489924956,-22.52569400987045
2026-10-21 11:00:00,29.3,74.0,0.1,32.1,44.0,-22.298533691733812,-23.090807590870703
2026-10-21 12:00:00,29.5,74.0,0.1,33.3,45.0,-23.546655813512036,-23.54665581351203
2026-10-21 13:00:00,29.6,75.0,0.1,34.6,46.0,-24.88915709171733,-24.035179617881308
2026-10-21 14:00:00,29.7,75.0,0.1,35.7,47.0,-26.109327147804393,-24.347341454231195
2026-10-21 15:00:00,29.6,76.0,0.3,36.4,47.0,-26.621274738937807,-24.82474030627494
2026-10-21 16:00:00,29.4,77.0,0.3,37.2,47.0,-27.20635770023315,-25.370338994324943
2026-10-21 17:00:00,29.1,79.0,0.3,38.0,48.0,-28.23950336814098,-25.42696304163661
2026-10-21 18:00:00,28.8,80.0,0.3,38.7,48.0,-28.75970474597516,-25.895354466087817
2026-10-21 19:00:00,28.6,82.0,0.3,39.5,48.0,-29.35422060635707,-26.4306589511749
2026-10-21 20:00:00,28.4,83.0,0.3,40.3,49.0,-30.414796082977716,-26.439178868317434
2026-10-21 21:00:00,28.2,84.0,0.7000000000000001,41.2,50.0,-31.561031056501896,-26.48284951908542
2026-10-21 22:00:00,28.1,84.0,0.7000000000000001,42.3,52.0,-33.33285487756434,-26.042480406275338
2026-10-21 23:00:00,28.1,84.0,0.7000000000000001,43.7,53.0,-34.900371789066696,-26.299316511744514
2026-10-22 00:00:00,28.0,84.0,0.7000000000000001,44.7,55.0,-36.61609637971794,-25.638866704891765
2026-10-22 01:00:00,27.9,85.0,0.7000000000000001,45.5,55.0,-37.27141801514912,-26.0977278539726
2026-10-22 02:00:00,27.9,85.0,0.7000000000000001,46.2,56.0,-38.30153585204294,-25.834712140348497
2026-10-22 03:00:00,27.8,85.0,1.3,46.6,57.0,-39.082048466256765,-25.380179031700262
2026-10-22 04:00:00,27.8,86.0,1.3,46.7,58.0,-39.6038460905051,-24.747229639690666
2026-10-22 05:00:00,27.7,87.0,1.3,46.4,59.0,-39.77256275257801,-23.897766675826514
2026-10-22 06:00:00,27.7,87.0,1.3,46.2,59.0,-39.60112929243759,-23.794759060844502
2026-10-22 07:00:00,27.6,88.0,1.3,45.8,60.0,-39.66396349332729,-22.900000000000002
2026-10-22 08:00:00,27.6,88.0,1.3,45.5,61.0,-39.79519667484251,-22.05883772120833
2026-10-22 09:00:00,27.6,88.0,1.8,45.1,61.0,-39.44534879198675,-21.864913873109796
2026-10-22 10:00:00,27.7,88.0,1.8,44.6,63.0,-39.73889097880121,-20.247976288383782
2026-10-22 11:00:00,27.7,88.0,1.8,44.0,64.0,-39.54693803716334,-19.288330458719408
2026-10-22 12:00:00,27.7,87.0,1.8,43.2,65.0,-39.152496399983285,-18.25710890719821
2026-10-22 13:00:00,27.7,87.0,1.8,42.9,66.0,-39.191100132867575,-17.449001987951828
2026-10-22 14:00:00,27.7,87.0,1.8,42.3,67.0,-38.937355301038224,-16.52792673509627
2026-10-22 15:00:00,27.7,87.0,1.9,41.8,67.0,-38.477102874312,-16.332561170851633
2026-10-22 16:00:00,27.6,87.0,1.9,41.3,66.0,-37.729427400639416,-16.798223359030548
2026-10-22 17:00:00,27.5,88.0,1.9,40.6,66.0,-37.089945580289594,-16.51350770887749
2026-10-22 18:00:00,27.4,88.0,1.9,40.1,65.0,-36.34294226016967,-16.94699229580204
2026-10-22 19:00:00,27.3,88.0,1.9,39.5,65.0,-35.799157587947676,-16.69342133875762
2026-10-22 20:00:00,27.3,88.0,1.9,39.1,64.0,-35.142847210297425,-17.14031183945293
2026-10-22 21:00:00,27.2,88.0,1.3,39.0,65.0,-35.34600369442935,-16.482112207887273
2026-10-22 22:00:00,27.2,88.0,1.3,38.5,66.0,-35.171500119240136,-15.659360758418307
2026-10-22 23:00:00,27.2,88.0,1.3,38.6,68.0,-35.789296786277994,-14.459814505854204
2026-10-23 00:00:00,27.2,87.0,1.3,38.2,69.0,-35.66277229219311,-13.689655672630478
2026-10-23 01:00:00,27.2,87.0,1.3,37.9,70.0,-35.61435032778593,-12.962563432042842
2026-10-23 02:00:00,27.2,87.0,1.3,37.8,71.0,-35.74060215765417,-12.306476238480524
2026-10-23 03:00:00,27.3,87.0,0.6,37.5,70.0,-35.23847327947156,-12.825755374712575
2026-10-23 04:00:00,27.3,86.0,0.6,36.8,70.0,-34.58068844492143,-12.586341274384605
2026-10-23 05:00:00,27.4,86.0,0.6,36.2,69.0,-33.79561143919871,-12.972919773539877
2026-10-23 06:00:00,27.5,86.0,0.6,35.4,68.0,-32.82230845166427,-13.261073406923284
2026-10-23 07:00:00,27.5,85.0,0.6,34.8,67.0,-32.03356890014492,-13.597443271426718
2026-10-23 08:00:00,27.6,85.0,0.6,34.5,67.0,-31.757417444109194,-13.480223932879937
2026-10-23 09:00:00,27.7,85.0,0.3,34.2,66.0,-31.24325465137695,-13.910393193192368
2026-10-23 10:00:00,27.8,84.0,0.3,34.0,67.0,-31.297165017382973,-13.2848583686353
2026-10-23 11:00:00,28.0,83.0,0.3,34.0,67.0,-31.297165017382973,-13.2848583686353
2026-10-23 12:00:00,28.1,83.0,0.3,33.9,68.0,-31.431532669814093,-12.699163516799416
2026-10-23 13:00:00,28.2,82.0,0.3,33.6,67.0,-30.928963076002,-13.128565917239591
2026-10-23 14:00:00,28.2,82.0,0.3,33.6,67.0,-30.928963076002,-13.128565917239591
2026-10-23 15:00:00,28.2,82.0,0.2,33.2,67.0,-30.56076113462102,-12.972273465843882
2026-10-23 16:00:00,28.1,82.0,0.2,33.0,66.0,-30.14700010220583,-13.422309221501408
2026-10-23 17:00:00,28.0,83.0,0.2,32.9,65.0,-29.817526193505785,-13.904140811269006
2026-10-23 18:00:00,27.9,83.0,0.2,32.4,64.0,-29.120927100093006,-14.20322515596611
2026-10-23 19:00:00,27.9,84.0,0.2,32.2,63.0,-28.690410078865447,-14.618494091613405
2026-10-23 20:00:00,27.8,84.0,0.2,32.2,63.0,-28.690410078865447,-14.618494091613405
