time,temperature_2m,relativehumidity_2m,precipitation,windspeed_10m,winddirection_10m,u,v
2013-01-01 00:00:00,10.8,85,0.0,12.6,5,-1.0981623586204938,-12.552053195955994
2013-01-01 01:00:00,10.9,87,0.0,12.6,5,-1.0981623586204938,-12.552053195955994
2013-01-01 02:00:00,10.9,88,0.0,14.1,3,-0.7379369830255147,-14.080676440039491
2013-01-01 03:00:00,10.0,91,0.0,13.7,5,-1.194033675642918,-13.647867363856914
2013-01-01 04:00:00,10.2,90,0.0,13.7,5,-1.194033675642918,-13.647867363856914
2013-01-01 05:00:00,10.4,89,0.0,13.7,3,-0.717002600528337,-13.681224626137661
2013-01-01 06:00:00,10.6,88,0.0,13.0,2,-0.4536934571325099,-12.992080751248245
2013-01-01 07:00:00,11.2,87,0.0,13.3,2,-0.4641633061432601,-13.291897999353974
2013-01-01 08:00:00,12.8,87,0.0,13.3,3,-0.6960682180311593,-13.281772812235833
2013-01-01 09:00:00,15.2,80,0.0,14.4,1,-0.25131465269688236,-14.397806810252035
2013-01-01 10:00:00,16.7,72,0.0,14.4,360,8.817456953860943e-16,-14.4
2013-01-01 11:00:00,17.4,69,0.0,15.1,360,9.246083333562517e-16,-15.1
2013-01-01 12:00:00,18.0,68,0.0,15.5,1,-0.2705122997778942,-15.497639274924065
2013-01-01 13:00:00,18.1,68,0.0,15.5,3,-0.8112073217656367,-15.478757788695894
2013-01-01 14:00:00,17.8,69,0.0,14.4,3,-0.753637769898398,-14.380265300465863
2013-01-01 15:00:00,16.6,77,0.0,14.1,4,-0.9835662797921707,-14.06565310866352
2013-01-01 16:00:00,16.3,78,0.0,13.7,5,-1.194033675642918,-13.647867363856914
2013-01-01 17:00:00,15.7,82,0.0,13.0,3,-0.680367431158276,-12.98218395180946
2013-01-01 18:00:00,15.1,84,0.0,12.7,7,-1.547740661245369,-12.60533612584479
2013-01-01 19:00:00,14.7,87,0.0,12.1,10,-2.101142949769857,-11.916173811447717
2013-01-01 20:00:00,14.5,88,0.0,11.3,7,-1.3771235804781632,-11.21577151354694
2013-01-01 21:00:00,14.2,89,0.0,10.2,8,-1.4195656297926713,-10.100734301164016
2013-01-01 22:00:00,14.1,89,0.0,8.4,7,-1.0237024846032363,-8.337387673787106
2013-01-01 23:00:00,14.3,87,0.0,6.8,3,-0.3558845024520213,-6.790680836331102
2013-01-02 00:00:00,14.5,86,0.0,6.8,357,0.35588450245201897,-6.790680836331102
2013-01-02 01:00:00,14.9,84,0.0,6.5,354,0.6794350112397475,-6.4643923198937765
2013-01-02 02:00:00,14.8,84,0.0,6.5,357,0.3401837155791358,-6.49109197590473
2013-01-02 03:00:00,13.5,89,0.0,7.2,354,0.752604935527105,-7.160557646651568
2013-01-02 04:00:00,13.4,89,0.0,8.3,360,5.082284216461516e-16,-8.3
2013-01-02 05:00:00,13.2,89,0.0,8.3,2,-0.28966582263075635,-8.294943864258496
2013-01-02 06:00:00,13.1,89,0.0,9.6,13,-2.1595301217011063,-9.353952621938257
2013-01-02 07:00:00,13.1,90,0.0,10.8,30,-5.400000000000005,-9.353074360871934
2013-01-02 08:00:00,14.3,91,0.0,9.8,24,-3.986019102142841,-8.95274548489749
2013-01-02 09:00:00,17.5,77,0.0,10.9,9,-1.7051356689385184,-10.765802912487
2013-01-02 10:00:00,18.3,74,0.0,13.0,2,-0.4536934571325099,-12.992080751248245
2013-01-02 11:00:00,19.3,71,0.0,14.8,357,0.7745721523955708,-14.779717114367694
2013-01-02 12:00:00,20.1,70,0.0,18.4,2,-0.642150739326014,-18.38879121715136
2013-01-02 13:00:00,20.5,70,0.0,20.6,4,-1.4369833591289871,-20.54981943535238
2013-01-02 14:00:00,20.3,72,0.0,20.4,8,-2.8391312595853426,-20.20146860232803
2013-01-02 15:00:00,20.0,77,0.0,20.0,7,-2.4373868681029434,-19.850923032826444
2013-01-02 16:00:00,19.6,79,0.0,19.4,1,-0.33857668488329984,-19.39704528603399
2013-01-02 17:00:00,18.3,84,0.0,19.1,360,1.1695376931857224e-15,-19.1
2013-01-02 18:00:00,17.1,87,0.0,21.6,356,1.5067398328731052,-21.547383485612205
2013-01-02 19:00:00,16.6,89,0.0,22.7,2,-0.7922185751467673,-22.686171773333474
2013-01-02 20:00:00,16.2,90,0.0,24.1,3,-1.2612965454549578,-24.06697178758523
2013-01-02 21:00:00,16.3,89,0.0,25.0,6,-2.613211581691334,-24.863047384206833
2013-01-02 22:00:00,16.3,89,0.0,24.6,7,-2.9979858477666204,-24.416635330376526
2013-01-02 23:00:00,16.3,89,0.0,25.3,6,-2.64457012067163,-25.161403952817317
2013-01-03 00:00:00,16.2,89,0.0,25.7,5,-2.2399025886148167,-25.60220374095786
2013-01-03 01:00:00,16.3,88,0.1,25.3,4,-1.7648387857263772,-25.238370471573553
2013-01-03 02:00:00,16.3,88,0.2,26.7,3,-1.397370031686613,-26.66340857794712
2013-01-03 03:00:00,15.9,90,0.4,28.5,4,-1.988059501707579,-28.43057543240499
2013-01-03 04:00:00,15.7,90,0.3,30.1,6,-3.1463067443563664,-29.93510905058503
2013-01-03 05:00:00,15.5,89,0.3,31.2,7,-3.802323514240592,-30.96743993120925
2013-01-03 06:00:00,15.2,88,0.1,29.7,7,-3.619519499132871,-29.478620703747264
2013-01-03 07:00:00,15.2,87,0.0,26.8,6,-2.80136281557311,-26.65318679586973
2013-01-03 08:00:00,15.9,85,0.0,26.5,8,-3.6880871754417446,-26.24210382165161
2013-01-03 09:00:00,17.2,82,0.0,26.9,8,-3.7437564158257706,-26.63821104914824
2013-01-03 10:00:00,17.7,79,0.1,26.2,8,-3.6463352451537245,-25.94502340102914
2013-01-03 11:00:00,18.3,77,0.0,26.8,6,-2.80136281557311,-26.65318679586973
2013-01-03 12:00:00,18.5,75,0.0,28.9,4,-2.015962091205229,-28.829601052508917
2013-01-03 13:00:00,18.0,77,0.2,29.9,1,-0.5218269524747765,-29.895446085176097
2013-01-03 14:00:00,17.4,78,0.3,31.4,5,-2.736690322276469,-31.28051352008081
2013-01-03 15:00:00,17.2,81,0.4,29.8,8,-4.1473584086099615,-29.509988448498795
2013-01-03 16:00:00,16.6,83,0.3,28.4,8,-3.9525160672658695,-28.123613152260592
2013-01-03 17:00:00,15.9,88,0.3,27.9,7,-3.400154681003606,-27.692037630792885
2013-01-03 18:00:00,15.6,88,0.3,26.3,4,-1.8345952594705028,-26.23593452183338
2013-01-03 19:00:00,15.3,87,0.2,25.6,4,-1.7857657278496148,-25.537639686651502
2013-01-03 20:00:00,15.2,85,0.1,26.7,5,-2.3270583313624753,-26.598398439049607
2013-01-03 21:00:00,15.2,83,0.0,27.2,6,-2.8431742008801715,-27.050995554017035
2013-01-03 22:00:00,15.2,82,0.0,26.8,5,-2.3357739056372413,-26.69801790885878
2013-01-03 23:00:00,15.3,81,0.0,26.8,5,-2.3357739056372413,-26.69801790885878
2013-01-04 00:00:00,15.2,81,0.0,26.0,6,-2.7177400449589872,-25.85756927957511
2013-01-04 01:00:00,15.1,83,0.1,24.9,5,-2.17017799441669,-24.805247982484463
2013-01-04 02:00:00,15.0,84,0.0,24.9,3,-1.303165310449313,-24.86587541538889
2013-01-04 03:00:00,15.1,80,0.0,24.9,2,-0.868997467892269,-24.884831592775484
2013-01-04 04:00:00,14.8,80,0.0,25.3,5,-2.2050402915157536,-25.203725861721164
2013-01-04 05:00:00,14.8,80,0.0,25.0,6,-2.613211581691334,-24.863047384206833
2013-01-04 06:00:00,14.7,80,0.0,23.3,9,-3.644923035437383,-23.013138335866707
2013-01-04 07:00:00,14.9,81,0.0,20.0,7,-2.4373868681029434,-19.850923032826444
2013-01-04 08:00:00,15.4,83,0.0,19.5,5,-1.699536983579336,-19.42579661278904
2013-01-04 09:00:00,16.6,80,0.0,19.8,2,-0.691010034709515,-19.787938374978097
2013-01-04 10:00:00,18.0,76,0.0,20.5,2,-0.7154396824012657,-20.487511953891463
2013-01-04 11:00:00,19.0,74,0.0,21.3,358,0.743359279763273,-21.28702461550674
2013-01-04 12:00:00,19.8,73,0.0,22.3,358,0.7782587764657741,-22.286415442525836
2013-01-04 13:00:00,20.1,72,0.0,23.8,359,0.4153672732073497,-23.796375144722113
2013-01-04 14:00:00,19.8,72,0.0,24.9,2,-0.868997467892269,-24.884831592775484
2013-01-04 15:00:00,18.9,76,0.0,24.6,5,-2.144031271592393,-24.506389573056943
2013-01-04 16:00:00,18.5,78,0.0,22.0,5,-1.9174263404484815,-21.9162833580184
2013-01-04 17:00:00,17.3,82,0.0,21.3,2,-0.7433592797632662,-21.28702461550674
2013-01-04 18:00:00,16.5,84,0.0,22.3,3,-1.167091824217658,-22.269438625026996
2013-01-04 19:00:00,15.9,85,0.0,22.0,3,-1.1513910373447747,-21.969849764600625
2013-01-04 20:00:00,15.4,87,0.0,22.0,2,-0.7677889274550167,-21.986598194420107
2013-01-04 21:00:00,15.5,86,0.0,20.2,1,-0.35253861003312664,-20.196923442159104
2013-01-04 22:00:00,15.1,89,0.0,18.4,359,0.3211242784460182,-18.3971975908776
2013-01-04 23:00:00,15.0,90,0.0,19.1,358,0.6665803870177707,-19.08836479606473
2013-01-05 00:00:00,14.6,91,0.0,19.4,1,-0.33857668488329984,-19.39704528603399
2013-01-05 01:00:00,14.5,92,0.0,19.8,2,-0.691010034709515,-19.787938374978097
2013-01-05 02:00:00,14.4,92,0.0,20.5,3,-1.0728871029803584,-20.471905462468765
2013-01-05 03:00:00,14.8,90,0.0,20.6,4,-1.4369833591289871,-20.54981943535238
2013-01-05 04:00:00,15.0,90,0.0,20.9,3,-1.0938214854775359,-20.871357276370592
2013-01-05 05:00:00,14.7,90,0.0,21.6,4,-1.5067398328731125,-21.547383485612205
2013-01-05 06:00:00,14.5,90,0.0,22.6,8,-3.145312081697488,-22.380058353559487
2013-01-05 07:00:00,14.5,90,0.0,21.3,6,-2.2264562676010167,-21.183316371344223
2013-01-05 08:00:00,15.4,89,0.0,23.4,3,-1.2246613760848968,-23.367931113257026
2013-01-05 09:00:00,17.5,81,0.0,24.2,3,-1.2665301410792522,-24.166834741060686
2013-01-05 10:00:00,18.8,77,0.0,24.5,3,-1.2822309279521356,-24.466423601487058
2013-01-05 11:00:00,19.8,74,0.0,25.9,2,-0.9038969645947696,-25.88422241979458
2013-01-05 12:00:00,20.3,73,0.0,26.0,3,-1.360734862316552,-25.96436790361892
2013-01-05 13:00:00,20.4,73,0.0,25.2,2,-0.8794673169030192,-25.184648840881213
2013-01-05 14:00:00,20.3,73,0.0,25.2,3,-1.3188660973221964,-25.16546427581526
2013-01-05 15:00:00,19.7,73,0.0,24.9,5,-2.17017799441669,-24.805247982484463
2013-01-05 16:00:00,18.9,75,0.0,23.8,4,-1.6602040751101887,-23.742024396183815
2013-01-05 17:00:00,17.8,79,0.0,22.7,4,-1.5834719539916506,-22.644703940898008
2013-01-05 18:00:00,16.6,82,0.0,20.3,6,-2.1219278043333634,-20.18879447597595
2013-01-05 19:00:00,15.9,85,0.0,17.7,6,-1.8501537998374644,-17.60303754801844
2013-01-05 20:00:00,15.3,87,0.0,18.7,2,-0.6526205883367642,-18.68860846525709
2013-01-05 21:00:00,14.3,90,0.0,19.5,2,-0.6805401856987648,-19.488121126872368
2013-01-05 22:00:00,14.5,88,0.0,18.4,3,-0.9629815948701752,-18.37478343948416
2013-01-05 23:00:00,15.2,85,0.0,16.6,5,-1.446785329611127,-16.536831988322977
2013-01-06 00:00:00,15.5,83,0.0,14.9,7,-1.815853216736693,-14.7889376594557
2013-01-06 01:00:00,15.5,83,0.0,14.8,4,-1.0323958114130587,-14.763947943845398
2013-01-06 02:00:00,15.3,83,0.0,15.6,7,-1.901161757120296,-15.483719965604624
2013-01-06 03:00:00,14.2,84,0.0,16.4,9,-2.5655252266597888,-16.198088785760255
2013-01-06 04:00:00,13.9,85,0.0,16.5,10,-2.8651949315043503,-16.249327924701433
2013-01-06 05:00:00,13.6,85,0.0,16.5,11,-3.148348423712986,-16.196848526886455
2013-01-06 06:00:00,13.1,85,0.0,16.3,14,-3.9433268982745853,-15.815820338298742
2013-01-06 07:00:00,13.4,83,0.0,14.5,23,-5.665601363094471,-13.347320375060384
2013-01-06 08:00:00,15.4,83,0.0,14.0,18,-4.326237921249266,-13.31479122813215
2013-01-06 09:00:00,19.2,72,0.0,15.5,5,-1.350914012588703,-15.441017820422056
2013-01-06 10:00:00,20.5,70,0.0,19.8,359,0.34555764745821527,-19.79698436409655
2013-01-06 11:00:00,21.4,69,0.0,23.0,1,-0.40140534805752043,-22.996496988597
2013-01-06 12:00:00,21.8,68,0.0,24.5,3,-1.2822309279521356,-24.466423601487058
2013-01-06 13:00:00,21.8,69,0.0,25.9,2,-0.9038969645947696,-25.88422241979458
2013-01-06 14:00:00,21.5,71,0.0,26.6,2,-0.9283266122865202,-26.58379599870795
2013-01-06 15:00:00,20.6,75,0.0,25.9,360,1.5859176048958222e-15,-25.9
2013-01-06 16:00:00,19.7,77,0.0,23.8,359,0.4153672732073497,-23.796375144722113
2013-01-06 17:00:00,18.4,82,0.0,21.6,359,0.37697197904532576,-21.596710215378053
2013-01-06 18:00:00,17.1,85,0.0,22.3,359,0.38918866355142423,-22.296603601987528
2013-01-06 19:00:00,16.4,87,0.0,21.2,1,-0.36999101647041016,-21.196771137315494
2013-01-06 20:00:00,15.9,89,0.0,21.6,1,-0.3769719790453236,-21.596710215378053
2013-01-06 21:00:00,15.5,91,0.0,20.9,3,-1.0938214854775359,-20.871357276370592
2013-01-06 22:00:00,14.9,92,0.0,19.1,3,-0.9996167642402364,-19.07382411381236
2013-01-06 23:00:00,15.0,92,0.0,17.6,1,-0.30716235329618957,-17.59731943475249
2013-01-07 00:00:00,15.2,92,0.0,18.0,359,0.3141433158711048,-17.997258512815044
2013-01-07 01:00:00,15.3,92,0.0,18.7,359,0.32636000037720325,-18.697151899424515
2013-01-07 02:00:00,15.8,91,0.0,19.1,360,1.1695376931857224e-15,-19.1
2013-01-07 03:00:00,15.9,88,0.0,18.4,357,0.9629815948701689,-18.37478343948416
2013-01-07 04:00:00,15.7,89,0.0,18.8,357,0.9839159773673466,-18.77423525338599
2013-01-07 05:00:00,15.8,89,0.0,19.8,360,1.2124003311558797e-15,-19.8
2013-01-07 06:00:00,15.8,89,0.0,20.2,4,-1.4090807696313368,-20.15079381524845
2013-01-07 07:00:00,15.6,89,0.0,20.7,8,-2.8808831898733627,-20.498549022950503
2013-01-07 08:00:00,16.7,87,0.0,20.3,7,-2.4739476711244874,-20.148686878318838
2013-01-07 09:00:00,18.6,81,0.0,20.3,6,-2.1219278043333634,-20.18879447597595
2013-01-07 10:00:00,19.5,78,0.0,19.5,5,-1.699536983579336,-19.42579661278904
2013-01-07 11:00:00,20.3,76,0.0,19.1,360,1.1695376931857224e-15,-19.1
2013-01-07 12:00:00,21.1,74,0.0,19.5,357,1.0205511467374073,-19.47327592771419
2013-01-07 13:00:00,21.4,74,0.0,20.2,356,1.4090807696313297,-20.15079381524845
2013-01-07 14:00:00,21.5,74,0.0,20.2,359,0.3525386100331287,-20.196923442159104
2013-01-07 15:00:00,21.4,75,0.0,19.5,358,0.6805401856987711,-19.488121126872368
2013-01-07 16:00:00,20.6,78,0.0,19.5,355,1.6995369835793337,-19.42579661278904
2013-01-07 17:00:00,19.1,83,0.0,19.6,354,2.048757880046008,-19.492629149218157
2013-01-07 18:00:00,17.7,87,0.0,20.5,1,-0.3577743319643117,-20.49687775070602
2013-01-07 19:00:00,17.1,89,0.0,18.0,3,-0.9420472123729975,-17.975331625582328
2013-01-07 20:00:00,16.7,90,0.0,18.7,359,0.32636000037720325,-18.697151899424515
2013-01-07 21:00:00,16.5,90,0.0,19.1,357,0.9996167642402298,-19.07382411381236
2013-01-07 22:00:00,16.5,90,0.0,18.7,359,0.32636000037720325,-18.697151899424515
2013-01-07 23:00:00,16.6,89,0.0,18.0,1,-0.31414331587110295,-17.997258512815044
2013-01-08 00:00:00,16.6,88,0.0,19.1,1,-0.33334096295211485,-19.097090977487074
2013-01-08 01:00:00,16.6,87,0.2,19.1,2,-0.6665803870177646,-19.08836479606473
2013-01-08 02:00:00,16.7,87,0.1,18.8,3,-0.983915977367353,-18.77423525338599
2013-01-08 03:00:00,16.8,86,0.1,18.1,5,-1.5775189437326145,-18.031124035460596
2013-01-08 04:00:00,16.8,86,0.1,19.5,3,-1.020551146737414,-19.47327592771419
2013-01-08 05:00:00,16.6,87,0.2,20.2,2,-0.7049698333905153,-20.187694705785734
2013-01-08 06:00:00,16.6,86,0.2,20.9,358,0.7293994810822725,-20.8872682846991
2013-01-08 07:00:00,16.5,88,0.3,22.7,356,1.5834719539916426,-22.644703940898008
2013-01-08 08:00:00,16.6,89,0.6,24.2,3,-1.2665301410792522,-24.166834741060686
2013-01-08 09:00:00,17.0,91,0.7000000000000001,22.6,8,-3.145312081697488,-22.380058353559487
2013-01-08 10:00:00,17.7,89,0.5,20.5,3,-1.0728871029803584,-20.471905462468765
2013-01-08 11:00:00,18.4,88,0.5,22.0,359,0.3839529416202392,-21.99664929344061
2013-01-08 12:00:00,18.5,88,0.6,22.7,1,-0.3961696261263354,-22.69654268005008
2013-01-08 13:00:00,18.6,89,0.6,20.9,4,-1.4579103012522245,-20.849088650430325
2013-01-08 14:00:00,18.3,92,0.5,19.1,2,-0.6665803870177646,-19.08836479606473
2013-01-08 15:00:00,18.2,91,0.5,19.5,2,-0.6805401856987648,-19.488121126872368
2013-01-08 16:00:00,17.7,92,0.5,19.1,4,-1.3323486485127987,-19.053473359962645
2013-01-08 17:00:00,17.1,94,0.3,18.4,4,-1.2835191168919107,-18.355178524780765
2013-01-08 18:00:00,16.6,94,0.3,21.3,3,-1.1147558679747138,-21.270809090272422
2013-01-08 19:00:00,16.2,94,0.5,24.2,3,-1.2665301410792522,-24.166834741060686
2013-01-08 20:00:00,15.8,93,0.5,24.5,1,-0.4275839577134457,-24.496268531331587
2013-01-08 21:00:00,15.7,93,0.5,24.5,360,1.5001923289555077e-15,-24.5
2013-01-08 22:00:00,15.5,93,0.8,22.7,1,-0.3961696261263354,-22.69654268005008
2013-01-08 23:00:00,15.3,93,0.8,23.4,358,0.8166482228385252,-23.38574535224684
2013-01-09 00:00:00,15.1,93,0.7000000000000001,23.4,1,-0.4083863106324338,-23.396436066659554
2013-01-09 01:00:00,14.9,93,0.7000000000000001,23.8,1,-0.41536727320734723,-23.796375144722113
2013-01-09 02:00:00,14.7,93,0.4,24.8,1,-0.43281967964463075,-24.796222839878503
2013-01-09 03:00:00,14.5,91,0.9,25.9,2,-0.9038969645947696,-25.88422241979458
2013-01-09 04:00:00,14.2,91,0.9,24.9,5,-2.17017799441669,-24.805247982484463
2013-01-09 05:00:00,14.2,92,0.9,24.9,3,-1.303165310449313,-24.86587541538889
2013-01-09 06:00:00,14.0,92,0.5,24.9,3,-1.303165310449313,-24.86587541538889
2013-01-09 07:00:00,14.0,92,0.4,24.5,4,-1.7090336067310767,-24.44031923136569
2013-01-09 08:00:00,14.3,92,0.4,23.5,5,-2.048159954569969,-23.41057540515602
2013-01-09 09:00:00,15.1,90,0.2,23.2,6,-2.425060347809558,-23.07290797254394
2013-01-09 10:00:00,15.8,87,0.2,23.5,6,-2.4564188867898538,-23.371264541154424
2013-01-09 11:00:00,16.6,84,0.1,25.2,3,-1.3188660973221964,-25.16546427581526
2013-01-09 12:00:00,16.7,82,0.0,26.7,3,-1.397370031686613,-26.66340857794712
2013-01-09 13:00:00,16.9,81,0.0,27.4,2,-0.9562462096485208,-27.383308660323223
2013-01-09 14:00:00,16.8,81,0.1,28.4,1,-0.49564834281885134,-28.395674542441512
2013-01-09 15:00:00,16.7,79,0.0,29.2,3,-1.5282099222939738,-29.159982414833554
2013-01-09 16:00:00,16.1,79,0.0,28.5,2,-0.9946356560212717,-28.48263857004423
2013-01-09 17:00:00,15.5,79,0.0,28.8,1,-0.5026293053937647,-28.79561362050407
2013-01-09 18:00:00,15.0,79,0.0,27.0,2,-0.9422864109675205,-26.983552329515586
2013-01-09 19:00:00,14.7,78,0.0,26.3,360,1.6104105408787695e-15,-26.3
2013-01-09 20:00:00,14.6,77,0.0,27.4,360,1.6777661148318738e-15,-27.4
2013-01-09 21:00:00,14.2,78,0.0,28.1,1,-0.4904126208876663,-28.095720233894596
2013-01-09 22:00:00,13.9,79,0.1,27.7,2,-0.966716058659271,-27.683125908428952
2013-01-09 23:00:00,13.8,80,0.1,27.4,2,-0.9562462096485208,-27.383308660323223
2013-01-10 00:00:00,13.6,82,0.1,27.0,3,-1.4130708185594962,-26.962997438373492
2013-01-10 01:00:00,13.4,83,0.1,25.6,4,-1.7857657278496148,-25.537639686651502
2013-01-10 02:00:00,13.4,83,0.0,24.9,3,-1.303165310449313,-24.86587541538889
2013-01-10 03:00:00,13.6,89,0.4,24.5,4,-1.7090336067310767,-24.44031923136569
2013-01-10 04:00:00,13.7,89,0.2,23.5,4,-1.639277132986951,-23.44275518110587
2013-01-10 05:00:00,13.8,89,0.2,22.4,6,-2.341437577195435,-22.27729045624932
2013-01-10 06:00:00,13.9,89,0.0,21.7,5,-1.891279617624184,-21.617424948590877
2013-01-10 07:00:00,13.9,88,0.0,22.8,5,-1.987150934646608,-22.7132391164918
2013-01-10 08:00:00,14.4,86,0.0,22.7,4,-1.5834719539916506,-22.644703940898008
2013-01-10 09:00:00,15.3,84,0.0,21.6,4,-1.5067398328731125,-21.547383485612205
2013-01-10 10:00:00,16.4,79,0.0,21.6,3,-1.1304566548475972,-21.570397950698798
2013-01-10 11:00:00,17.7,76,0.0,22.7,2,-0.7922185751467673,-22.686171773333474
2013-01-10 12:00:00,18.5,73,0.0,24.1,2,-0.8410778705302684,-24.08531893116021
2013-01-10 13:00:00,19.1,71,0.0,24.8,1,-0.43281967964463075,-24.796222839878503
2013-01-10 14:00:00,19.0,70,0.0,25.9,2,-0.9038969645947696,-25.88422241979458
2013-01-10 15:00:00,17.9,74,0.0,26.3,3,-1.3764356491894354,-26.263956764045293
2013-01-10 16:00:00,17.4,76,0.0,24.1,3,-1.2612965454549578,-24.06697178758523
2013-01-10 17:00:00,16.6,78,0.0,23.4,4,-1.6323014856125384,-23.342998776079884
2013-01-10 18:00:00,15.8,79,0.0,21.3,3,-1.1147558679747138,-21.270809090272422
2013-01-10 19:00:00,15.3,81,0.0,20.2,5,-1.7605460035026965,-20.12313290145326
2013-01-10 20:00:00,15.0,82,0.0,20.9,4,-1.4579103012522245,-20.849088650430325
2013-01-10 21:00:00,14.9,82,0.0,20.6,4,-1.4369833591289871,-20.54981943535238
2013-01-10 22:00:00,14.5,84,0.0,21.3,2,-0.7433592797632662,-21.28702461550674
2013-01-10 23:00:00,14.2,85,0.0,22.0,2,-0.7677889274550167,-21.986598194420107
2013-01-11 00:00:00,14.1,86,0.0,19.9,5,-1.734399280678399,-19.824274492025737
2013-01-11 01:00:00,13.5,89,0.0,17.7,6,-1.8501537998374644,-17.60303754801844
2013-01-11 02:00:00,13.2,90,0.0,17.0,6,-1.776983875550107,-16.90687222126065
2013-01-11 03:00:00,13.0,88,0.0,17.0,6,-1.776983875550107,-16.90687222126065
2013-01-11 04:00:00,12.8,89,0.0,17.7,5,-1.542656646633551,-17.632646156223895
2013-01-11 05:00:00,12.8,89,0.0,18.5,7,-2.2545828529952225,-18.36210380536446
2013-01-11 06:00:00,13.3,87,0.0,17.7,6,-1.8501537998374644,-17.60303754801844
2013-01-11 07:00:00,14.5,81,0.0,15.9,5,-1.3857763096877662,-15.839495699658755
2013-01-11 08:00:00,15.0,84,0.0,14.8,4,-1.0323958114130587,-14.763947943845398
2013-01-11 09:00:00,17.3,79,0.0,13.7,3,-0.717002600528337,-13.681224626137661
2013-01-11 10:00:00,18.1,77,0.0,12.6,357,0.659433048661094,-12.58273213790763
2013-01-11 11:00:00,18.5,76,0.0,14.5,353,1.7671054793746386,-14.391919198799169
2013-01-11 12:00:00,18.1,80,0.1,15.9,356,1.1091279325315913,-15.861268399131205
2013-01-11 13:00:00,18.2,82,0.2,16.2,3,-0.8478424911356978,-16.177798463024097
2013-01-11 14:00:00,17.8,88,0.5,17.3,360,1.0593194812624606e-15,-17.3
2013-01-11 15:00:00,17.7,90,0.5,18.7,1,-0.3263600003772014,-18.697151899424515
2013-01-11 16:00:00,17.2,92,0.2,16.9,1,-0.2949456687900911,-16.89742604814301
2013-01-11 17:00:00,16.8,93,0.3,16.2,357,0.8478424911356922,-16.177798463024097
2013-01-11 18:00:00,16.6,93,0.2,17.7,348,3.680036927474342,-17.31321253298836
2013-01-11 19:00:00,16.4,93,0.3,19.6,353,2.388639130740891,-19.45390457216991
2013-01-11 20:00:00,16.3,93,0.3,21.3,356,1.4858128907498676,-21.248114270534256
2013-01-11 21:00:00,16.2,93,0.3,21.2,360,1.2981256070961944e-15,-21.2
2013-01-11 22:00:00,16.1,94,0.2,20.9,2,-0.7293994810822658,-20.8872682846991
2013-01-11 23:00:00,16.1,94,0.3,22.3,1,-0.389188663551422,-22.296603601987528
2013-01-12 00:00:00,16.1,94,0.3,23.1,4,-1.611374543489301,-23.04372956100194
2013-01-12 01:00:00,16.0,94,0.2,22.4,4,-1.562545011868413,-22.34543472582006
2013-01-12 02:00:00,16.0,94,0.1,23.5,5,-2.048159954569969,-23.41057540515602
2013-01-12 03:00:00,15.8,93,0.0,23.2,6,-2.425060347809558,-23.07290797254394
2013-01-12 04:00:00,15.5,93,0.0,23.9,6,-2.498230272096915,-23.769073299301734
2013-01-12 05:00:00,15.6,93,0.0,24.6,6,-2.571400196384273,-24.465238626059527
2013-01-12 06:00:00,15.3,93,0.0,24.9,5,-2.17017799441669,-24.805247982484463
2013-01-12 07:00:00,15.3,92,0.2,26.2,9,-4.098582984054053,-25.877434523592605
2013-01-12 08:00:00,16.1,91,0.1,24.8,9,-3.87957473299773,-24.494670846759416
2013-01-12 09:00:00,17.6,87,0.2,25.2,9,-3.942148519013822,-24.889746182997467
2013-01-12 10:00:00,19.3,80,0.0,23.8,10,-4.132826628472942,-23.438424521690553
2013-01-12 11:00:00,20.5,77,0.0,23.5,11,-4.4840113913487984,-23.0682388110201
2013-01-12 12:00:00,20.8,77,0.0,23.1,2,-0.8061783738277676,-23.085928104141114
2013-01-12 13:00:00,20.3,80,0.0,23.8,357,1.2455957585820665,-23.76738292715886
2013-01-12 14:00:00,20.3,82,0.0,24.2,355,2.109168974493327,-24.107911693820242
2013-01-12 15:00:00,20.3,78,0.0,23.1,356,1.611374543489293,-23.04372956100194
2013-01-12 16:00:00,19.5,81,0.0,22.3,358,0.7782587764657741,-22.286415442525836
2013-01-12 17:00:00,18.6,84,0.0,20.9,3,-1.0938214854775359,-20.871357276370592
2013-01-12 18:00:00,17.9,86,0.0,20.2,1,-0.35253861003312664,-20.196923442159104
2013-01-12 19:00:00,17.5,88,0.0,18.4,358,0.6421507393260198,-18.38879121715136
2013-01-12 20:00:00,17.1,90,0.0,18.8,357,0.9839159773673466,-18.77423525338599
2013-01-12 21:00:00,17.0,90,0.0,19.1,356,1.332348648512792,-19.053473359962645
2013-01-12 22:00:00,16.8,91,0.0,20.5,357,1.0728871029803513,-20.471905462468765
2013-01-12 23:00:00,16.8,92,0.0,20.6,354,2.1532863433136615,-20.48715104458643
2013-01-13 00:00:00,16.7,93,0.0,21.3,357,1.1147558679747065,-21.270809090272422
2013-01-13 01:00:00,16.7,94,0.0,21.6,357,1.1304566548475898,-21.570397950698798
2013-01-13 02:00:00,16.6,95,0.5,21.3,356,1.4858128907498676,-21.248114270534256
2013-01-13 03:00:00,16.0,97,0.9,19.0,350,3.2993153756716778,-18.711347307231954
2013-01-13 04:00:00,16.0,98,1.2,19.3,351,3.019185175276457,-19.06238497348616
2013-01-13 05:00:00,15.9,98,2.0,20.2,355,1.7605460035026943,-20.12313290145326
2013-01-13 06:00:00,15.7,98,1.9,19.5,357,1.0205511467374073,-19.47327592771419
2013-01-13 07:00:00,15.6,97,1.8,19.4,359,0.3385766848833018,-19.39704528603399
2013-01-13 08:00:00,15.8,97,1.9,18.7,1,-0.3263600003772014,-18.697151899424515
2013-01-13 09:00:00,16.2,96,1.7000000000000002,18.0,360,1.102182119232618e-15,-18.0
2013-01-13 10:00:00,16.9,94,1.1,18.0,359,0.3141433158711048,-17.997258512815044
2013-01-13 11:00:00,17.0,94,0.7000000000000001,17.7,4,-1.2346895852710227,-17.65688368959889
2013-01-13 12:00:00,17.2,93,0.3,17.5,9,-2.7376031382040433,-17.28454596041491
2013-01-13 13:00:00,17.9,89,0.0,18.2,9,-2.847107263732205,-17.975927798831506
2013-01-13 14:00:00,18.5,85,0.0,20.7,7,-2.5226954084865465,-20.545705338975367
2013-01-13 15:00:00,18.7,83,0.0,23.8,3,-1.2455957585820745,-23.76738292715886
2013-01-13 16:00:00,17.8,85,0.0,26.3,3,-1.3764356491894354,-26.263956764045293
2013-01-13 17:00:00,16.8,87,0.0,26.4,5,-2.3009116085381778,-26.29954002962208
2013-01-13 18:00:00,15.7,88,0.0,25.0,7,-3.0467335851286794,-24.81365379103305
2013-01-13 19:00:00,15.5,87,0.0,23.4,10,-4.06336735740617,-23.044501420485666
2013-01-13 20:00:00,14.9,87,0.0,21.4,13,-4.8139525629587165,-20.851519386404032
2013-01-13 21:00:00,14.4,86,0.0,18.6,18,-5.747716095374025,-17.689651203089856
2013-01-13 22:00:00,13.6,86,0.0,16.4,15,-4.244632339681338,-15.84118355114072
2013-01-13 23:00:00,13.0,85,0.0,19.6,7,-2.3886391307408847,-19.453904572169915
2013-01-14 00:00:00,12.4,83,0.0,24.2,5,-2.1091689744933295,-24.107911693820242
2013-01-14 01:00:00,12.2,79,0.0,27.8,3,-1.4549395835538517,-27.761901066177153
2013-01-14 02:00:00,12.3,75,0.0,29.2,2,-1.0190653037130222,-29.182212148957596
2013-01-14 03:00:00,12.1,78,0.0,30.6,2,-1.0679245990965234,-30.581359306784332
2013-01-14 04:00:00,11.9,76,0.0,31.0,3,-1.6224146435312734,-30.95751557739179
2013-01-14 05:00:00,11.8,75,0.0,30.3,4,-2.113621154447005,-30.226190722872673
2013-01-14 06:00:00,11.8,73,0.0,27.5,5,-2.396782925560602,-27.395354197523
2013-01-14 07:00:00,11.9,72,0.0,26.7,3,-1.397370031686613,-26.66340857794712
2013-01-14 08:00:00,12.8,71,0.0,28.1,359,0.4904126208876691,-28.095720233894596
2013-01-14 09:00:00,15.1,67,0.0,29.2,359,0.509610267968681,-29.195552698566626
2013-01-14 10:00:00,16.4,63,0.0,29.9,359,0.5218269524747796,-29.895446085176097
2013-01-14 11:00:00,17.5,61,0.0,30.2,359,0.5270626744059647,-30.195400393723016
2013-01-14 12:00:00,18.1,60,0.0,30.6,360,1.8737096026954504e-15,-30.6
2013-01-14 13:00:00,18.4,60,0.0,30.2,1,-0.5270626744059617,-30.195400393723016
2013-01-14 14:00:00,18.3,60,0.0,30.3,2,-1.0574547500857732,-30.281542058678603
2013-01-14 15:00:00,17.9,61,0.0,29.9,2,-1.0434949514047727,-29.881785727870962
2013-01-14 16:00:00,17.0,64,0.0,26.6,1,-0.4642340112317411,-26.59594869116001
2013-01-14 17:00:00,15.6,69,0.0,23.8,359,0.4153672732073497,-23.796375144722113
2013-01-14 18:00:00,14.1,72,0.0,21.3,357,1.1147558679747065,-21.270809090272422
2013-01-14 19:00:00,12.9,77,0.0,19.1,358,0.6665803870177707,-19.08836479606473
2013-01-14 20:00:00,11.7,83,0.0,16.9,360,1.0348265452795135e-15,-16.9
2013-01-14 21:00:00,11.5,82,0.0,14.8,359,0.2582956152717973,-14.79774588831459
2013-01-14 22:00:00,11.8,80,0.0,14.8,354,1.5470212563612713,-14.718924051450445
2013-01-14 23:00:00,12.2,78,0.0,14.8,360,9.062386313690414e-16,-14.8
2013-01-15 00:00:00,12.7,77,0.0,15.2,4,-1.0602984009107088,-15.162973563949327
2013-01-15 01:00:00,12.5,79,0.0,14.4,4,-1.0044932219154084,-14.36492232374147
2013-01-15 02:00:00,12.5,80,0.0,13.4,5,-1.1678869528186206,-13.34900895442939
2013-01-15 03:00:00,12.4,81,0.0,13.1,8,-1.8231676225768623,-12.97251170051457
2013-01-15 04:00:00,12.9,80,0.0,13.8,7,-1.681796938991031,-13.697136892650246
2013-01-15 05:00:00,13.2,80,0.0,13.1,8,-1.8231676225768623,-12.97251170051457
2013-01-15 06:00:00,13.2,80,0.0,12.1,12,-2.5157314588948934,-11.835585968879046
2013-01-15 07:00:00,13.2,80,0.0,12.4,22,-4.645121758357313,-11.497079796628164
2013-01-15 08:00:00,13.7,82,0.0,9.2,26,-4.033014550459515,-8.268905225952334
2013-01-15 09:00:00,15.5,79,0.0,7.1,15,-1.8376152202278964,-6.858073366652385
2013-01-15 10:00:00,16.6,73,0.0,4.3,355,0.37476969381492997,-4.283637201794505
2013-01-15 11:00:00,17.3,73,0.0,4.8,318,3.2118269105225195,-3.5670951622914924
2013-01-15 12:00:00,18.2,71,0.0,5.9,313,4.314986839553106,-4.023790324368742
2013-01-15 13:00:00,18.7,70,0.0,6.1,315,4.31335136523794,-4.313351365237939
2013-01-15 14:00:00,18.8,70,0.0,7.5,325,4.301823272632846,-6.143640332167439
2013-01-15 15:00:00,18.5,67,0.0,11.1,331,5.3813867847343415,-9.708278749247292
2013-01-15 16:00:00,17.7,69,0.0,14.6,344,4.024305394928188,-14.034420760699456
2013-01-15 17:00:00,16.6,75,0.0,13.8,351,2.158795617555187,-13.630099100212902
2013-01-15 18:00:00,15.3,80,0.0,13.4,355,1.167886952818619,-13.34900895442939
2013-01-15 19:00:00,14.5,83,0.0,13.3,2,-0.4641633061432601,-13.291897999353974
2013-01-15 20:00:00,14.0,86,0.0,11.6,5,-1.0110066158728357,-11.555858497864248
2013-01-15 21:00:00,13.0,91,0.0,10.5,4,-0.7324429743133186,-10.474422527728153
2013-01-15 22:00:00,13.7,86,0.0,9.7,358,0.33852511801426044,-9.694091022085228
2013-01-15 23:00:00,14.1,85,0.0,10.9,354,1.1393602496174227,-10.84028865951418
2013-01-16 00:00:00,14.1,85,0.0,9.1,353,1.1090110249868421,-9.032169979936029
2013-01-16 01:00:00,13.9,85,0.0,7.6,355,0.6623836448822018,-7.571079705497266
2013-01-16 02:00:00,13.7,85,0.0,7.9,360,4.837354856632045e-16,-7.9
2013-01-16 03:00:00,13.6,84,0.0,9.1,7,-1.1090110249868392,-9.03216997993603
2013-01-16 04:00:00,11.8,87,0.0,11.3,9,-1.7677094549546108,-11.160878248725057
2013-01-16 05:00:00,10.9,89,0.0,12.0,7,-1.462432120861766,-11.910553819695865
2013-01-16 06:00:00,10.5,90,0.0,11.6,5,-1.0110066158728357,-11.555858497864248
2013-01-16 07:00:00,11.0,89,0.0,11.6,5,-1.0110066158728357,-11.555858497864248
2013-01-16 08:00:00,13.0,90,0.0,13.3,3,-0.6960682180311593,-13.281772812235833
2013-01-16 09:00:00,16.5,85,0.0,14.0,359,0.24433369012197037,-13.997867732189478
2013-01-16 10:00:00,17.7,79,0.0,14.8,354,1.5470212563612713,-14.718924051450445
2013-01-16 11:00:00,18.7,74,0.0,15.9,354,1.66200256595569,-15.812898136355546
2013-01-16 12:00:00,19.3,72,0.0,17.5,351,2.737603138204041,-17.28454596041491
2013-01-16 13:00:00,19.4,71,0.0,19.4,350,3.3687746467384496,-19.105270408436834
2013-01-16 14:00:00,19.2,72,0.0,20.6,354,2.1532863433136615,-20.48715104458643
2013-01-16 15:00:00,18.7,74,0.0,21.3,357,1.1147558679747065,-21.270809090272422
2013-01-16 16:00:00,18.1,77,0.0,21.2,1,-0.36999101647041016,-21.196771137315494
2013-01-16 17:00:00,17.0,81,0.0,18.0,2,-0.6281909406450137,-17.989034886343724
2013-01-16 18:00:00,15.8,87,0.0,14.8,357,0.7745721523955708,-14.779717114367694
2013-01-16 19:00:00,15.1,90,0.0,14.0,359,0.24433369012197037,-13.997867732189478
2013-01-16 20:00:00,14.8,92,0.0,14.4,360,8.817456953860943e-16,-14.4
2013-01-16 21:00:00,14.0,95,0.0,15.2,4,-1.0602984009107088,-15.162973563949327
2013-01-16 22:00:00,13.8,94,0.0,14.5,7,-1.767105479374634,-14.39191919879917
2013-01-16 23:00:00,14.0,92,0.0,14.3,10,-2.483168940637104,-14.082750868074575
2013-01-17 00:00:00,14.0,92,0.0,13.9,10,-2.4137096695703315,-13.688827766869691
2013-01-17 01:00:00,13.4,92,0.0,13.6,11,-2.5950023371210067,-13.35012969488823
2013-01-17 02:00:00,13.7,91,0.0,13.5,9,-2.111865278043119,-13.333792598034359
2013-01-17 03:00:00,14.2,89,0.0,13.8,7,-1.681796938991031,-13.697136892650246
2013-01-17 04:00:00,14.2,88,0.0,14.5,7,-1.767105479374634,-14.39191919879917
2013-01-17 05:00:00,13.5,89,0.0,15.9,6,-1.6620025659556885,-15.812898136355548
2013-01-17 06:00:00,12.2,91,0.0,18.5,8,-2.5747023677612177,-18.31995927171905
2013-01-17 07:00:00,11.1,94,0.0,22.0,11,-4.197797898283982,-21.595798035848606
2013-01-17 08:00:00,13.1,92,0.0,24.0,8,-3.3401544230415796,-23.766433649797687
2013-01-17 09:00:00,16.0,82,0.0,25.7,6,-2.6863815059786913,-25.559212710964626
2013-01-17 10:00:00,17.0,77,0.0,27.0,3,-1.4130708185594962,-26.962997438373492
2013-01-17 11:00:00,17.7,73,0.0,30.6,3,-1.601480261034096,-30.55806376348996
2013-01-17 12:00:00,18.0,70,0.0,32.9,5,-2.867423936397956,-32.77480556721843
2013-01-17 13:00:00,17.9,69,0.0,34.4,6,-3.5957791364072755,-34.211553200668604
2013-01-17 14:00:00,17.7,68,0.0,35.9,6,-3.7525718313087553,-35.703336043721016
2013-01-17 15:00:00,16.7,69,0.0,35.8,6,-3.74211898498199,-35.60388385418418
2013-01-17 16:00:00,15.5,71,0.0,34.7,5,-3.0243042733437413,-34.56795602378357
2013-01-17 17:00:00,14.2,72,0.0,34.4,7,-4.1923054131370625,-34.14358761646148
2013-01-17 18:00:00,13.5,72,0.0,32.7,8,-4.5509604013941525,-32.38176584784935
2013-01-17 19:00:00,13.2,72,0.0,29.4,7,-3.5829586961113264,-29.180856858254867
2013-01-17 20:00:00,13.1,71,0.0,28.5,4,-1.988059501707579,-28.43057543240499
2013-01-17 21:00:00,12.9,70,0.0,28.1,2,-0.9806758573402714,-28.082882239236593
2013-01-17 22:00:00,12.6,70,0.0,28.8,1,-0.5026293053937647,-28.79561362050407
2013-01-17 23:00:00,12.0,71,0.0,29.5,2,-1.0295351527237724,-29.482029397063325
2013-01-18 00:00:00,11.8,70,0.0,28.9,4,-2.015962091205229,-28.829601052508917
2013-01-18 01:00:00,11.4,71,0.0,27.4,5,-2.388067351285836,-27.29573472771383
2013-01-18 02:00:00,11.4,70,0.0,27.1,5,-2.361920628461539,-26.996876318286304
2013-01-18 03:00:00,11.5,70,0.0,27.1,5,-2.361920628461539,-26.996876318286304
2013-01-18 04:00:00,11.2,71,0.0,27.9,6,-2.9163441251675284,-27.74716088077483
2013-01-18 05:00:00,11.0,71,0.0,28.2,6,-2.947702664147825,-28.045517449385308
2013-01-18 06:00:00,11.0,71,0.0,26.1,6,-2.7281928912857527,-25.957021469111936
2013-01-18 07:00:00,10.9,72,0.0,24.6,7,-2.9979858477666204,-24.416635330376526
2013-01-18 08:00:00,11.8,73,0.0,24.6,6,-2.571400196384273,-24.465238626059527
2013-01-18 09:00:00,13.6,67,0.0,25.3,5,-2.2050402915157536,-25.203725861721164
2013-01-18 10:00:00,14.7,65,0.0,25.6,4,-1.7857657278496148,-25.537639686651502
2013-01-18 11:00:00,15.6,64,0.0,26.0,3,-1.360734862316552,-25.96436790361892
2013-01-18 12:00:00,16.4,63,0.0,27.0,3,-1.4130708185594962,-26.962997438373492
2013-01-18 13:00:00,16.9,62,0.0,27.8,4,-1.939229970086691,-27.732280597223113
2013-01-18 14:00:00,16.9,62,0.0,27.1,5,-2.361920628461539,-26.996876318286304
2013-01-18 15:00:00,16.8,61,0.0,26.0,4,-1.8136683173472652,-25.93666530675543
2013-01-18 16:00:00,15.9,64,0.0,24.1,2,-0.8410778705302684,-24.08531893116021
2013-01-18 17:00:00,14.7,68,0.0,22.3,1,-0.389188663551422,-22.296603601987528
2013-01-18 18:00:00,13.5,71,0.0,18.4,1,-0.3211242784460163,-18.3971975908776
2013-01-18 19:00:00,12.9,74,0.0,15.5,3,-0.8112073217656367,-15.478757788695894
2013-01-18 20:00:00,12.0,79,0.0,15.5,1,-0.2705122997778942,-15.497639274924065
2013-01-18 21:00:00,11.3,83,0.0,15.9,3,-0.8321417042628145,-15.878209602597725
2013-01-18 22:00:00,10.9,84,0.0,14.9,7,-1.815853216736693,-14.7889376594557
2013-01-18 23:00:00,11.4,82,0.0,13.1,8,-1.8231676225768623,-12.97251170051457
2013-01-19 00:00:00,11.7,80,0.0,11.7,9,-1.830283240970703,-11.55595358496311
2013-01-19 01:00:00,12.0,80,0.0,11.6,5,-1.0110066158728357,-11.555858497864248
2013-01-19 02:00:00,12.2,80,0.0,11.3,9,-1.7677094549546108,-11.160878248725057
2013-01-19 03:00:00,12.6,80,0.0,11.0,11,-2.098898949141991,-10.797899017924303
2013-01-19 04:00:00,12.3,82,0.0,11.0,11,-2.098898949141991,-10.797899017924303
2013-01-19 05:00:00,13.0,79,0.0,11.1,13,-2.496956703216904,-10.815507719116109
2013-01-19 06:00:00,13.4,77,0.0,10.2,23,-3.9854575105905927,-9.38914950521489
2013-01-19 07:00:00,13.4,78,0.0,9.0,29,-4.3632865822170315,-7.871577364254564
2013-01-19 08:00:00,13.9,80,0.0,6.8,32,-3.603450996785794,-5.766727053863696
2013-01-19 09:00:00,15.7,76,0.0,5.3,28,-2.488199282765221,-4.679622242152313
2013-01-19 10:00:00,17.3,69,0.0,4.7,4,-0.32785542659739025,-4.688551036221174
2013-01-19 11:00:00,18.4,65,0.0,5.8,338,2.1727182418122895,-5.377666356487367
2013-01-19 12:00:00,18.9,64,0.0,10.2,328,5.40517649517869,-8.650090580795544
2013-01-19 13:00:00,19.1,64,0.0,12.7,331,6.157082177128481,-11.107670280670325
2013-01-19 14:00:00,19.0,65,0.0,13.5,335,5.705346533499442,-12.235155124994774
2013-01-19 15:00:00,18.5,68,0.0,12.9,337,5.040431557511631,-11.874512609536481
2013-01-19 16:00:00,18.0,69,0.0,11.3,333,5.1300926470568795,-10.068373723328557
2013-01-19 17:00:00,17.1,75,0.0,7.9,330,3.950000000000001,-6.841600689897065
2013-01-19 18:00:00,16.0,81,0.0,9.9,327,5.391926446648768,-8.302838622659698
2013-01-19 19:00:00,15.1,87,0.0,8.4,329,4.326319829244455,-7.200205325897744
2013-01-19 20:00:00,14.1,91,0.0,7.1,330,3.5500000000000007,-6.148780366869514
2013-01-19 21:00:00,14.1,90,0.0,6.0,327,3.2678342100901627,-5.032023407672544
2013-01-19 22:00:00,14.1,90,0.0,5.2,326,2.9078030980478835,-4.3109953772862175
2013-01-19 23:00:00,13.8,91,0.0,4.7,328,2.490620541896063,-3.9858260519352022
2013-01-20 00:00:00,14.2,90,0.0,3.5,336,1.4235782507653008,-3.197409101749103
2013-01-20 01:00:00,14.3,90,0.0,4.0,360,2.4492935982947064e-16,-4.0
2013-01-20 02:00:00,14.0,91,0.0,4.5,14,-1.088648530198505,-4.366330768241984
2013-01-20 03:00:00,14.2,90,0.1,4.9,17,-1.4326213531414118,-4.685893304218873
2013-01-20 04:00:00,14.4,89,0.0,5.2,16,-1.4333142502483942,-4.998560818879259
2013-01-20 05:00:00,13.9,89,0.0,5.5,11,-1.0494494745709955,-5.3989495089621515
2013-01-20 06:00:00,13.7,89,0.0,7.3,11,-1.3929056662487755,-7.165878439167947
2013-01-20 07:00:00,13.5,89,0.0,7.3,11,-1.3929056662487755,-7.165878439167947
2013-01-20 08:00:00,14.5,89,0.0,9.4,7,-1.1455718280083835,-9.329933825428428
2013-01-20 09:00:00,16.6,84,0.0,10.1,360,6.184466335694133e-16,-10.1
2013-01-20 10:00:00,18.0,77,0.0,11.2,4,-0.7812725059342065,-11.17271736291003
2013-01-20 11:00:00,19.6,69,0.0,12.3,3,-0.643732261788215,-12.283143277481258
2013-01-20 12:00:00,20.8,64,0.0,13.7,357,0.7170026005283323,-13.681224626137661
2013-01-20 13:00:00,21.2,62,0.0,15.4,349,2.9384585287987917,-15.117058625094026
2013-01-20 14:00:00,20.8,65,0.0,15.8,348,3.2850047149205994,-15.45473209159413
2013-01-20 15:00:00,20.7,68,0.0,14.2,351,2.221369403571279,-14.025174436450955
2013-01-20 16:00:00,20.1,72,0.0,12.4,352,1.7257464519048118,-12.279324052395474
2013-01-20 17:00:00,19.0,77,0.0,9.9,350,1.7191169589026112,-9.74959675482086
2013-01-20 18:00:00,17.5,84,0.0,9.8,354,1.024378940023004,-9.746314574609078
2013-01-20 19:00:00,16.2,90,0.0,8.7,353,1.060263287624783,-8.6351515192795
2013-01-20 20:00:00,16.0,88,0.0,8.6,345,2.2258437878816784,-8.306962106085987
2013-01-20 21:00:00,16.1,86,0.0,8.7,353,1.060263287624783,-8.6351515192795
2013-01-20 22:00:00,15.7,87,0.0,8.3,5,-0.7233926648055635,-8.268415994161488
2013-01-20 23:00:00,15.5,87,0.0,7.6,5,-0.6623836448822027,-7.571079705497266
2013-01-21 00:00:00,15.4,86,0.0,7.8,13,-1.7546182238821488,-7.600086505324834
2013-01-21 01:00:00,15.3,86,0.0,7.3,20,-2.49674704627738,-6.859756131737131
2013-01-21 02:00:00,15.2,84,0.0,6.3,24,-2.5624408513775405,-5.755336383148386
2013-01-21 03:00:00,15.8,80,0.0,5.5,23,-2.149021206691006,-5.062776693988422
2013-01-21 04:00:00,15.7,79,0.0,5.0,21,-1.7918397477265036,-4.667902132486008
2013-01-21 05:00:00,15.7,79,0.0,6.4,16,-1.7640790772287929,-6.152074854005242
2013-01-21 06:00:00,15.5,79,0.0,7.9,16,-2.1775351109542913,-7.593967397912721
2013-01-21 07:00:00,14.2,84,0.0,8.2,29,-3.975438886019962,-7.171881598543046
2013-01-21 08:00:00,15.4,84,0.0,7.1,15,-1.8376152202278964,-6.858073366652385
2013-01-21 09:00:00,18.3,79,0.0,6.5,6,-0.6794350112397468,-6.464392319893777
2013-01-21 10:00:00,20.1,74,0.0,5.8,356,0.40458754771592637,-5.78587149150698
2013-01-21 11:00:00,21.3,69,0.0,6.9,332,3.239353783222647,-6.092338390726596
2013-01-21 12:00:00,22.2,66,0.0,9.1,326,5.088655421583796,-7.5442419102508795
2013-01-21 13:00:00,22.6,65,0.0,10.7,327,5.82763767466079,-8.973775077016036
2013-01-21 14:00:00,22.3,67,0.0,11.6,330,5.800000000000001,-10.045894683899487
2013-01-21 15:00:00,21.9,71,0.0,11.3,333,5.1300926470568795,-10.068373723328557
2013-01-21 16:00:00,21.2,75,0.0,8.9,339,3.1894747509531736,-8.308865795825096
2013-01-21 17:00:00,20.0,80,0.0,6.2,339,2.2218812871808624,-5.788198644282651
2013-01-21 18:00:00,18.4,87,0.0,8.2,345,2.12231616984067,-7.92059177557036
2013-01-21 19:00:00,17.2,91,0.0,5.4,4,-0.37668495821827813,-5.386845871403051
2013-01-21 20:00:00,17.2,89,0.0,1.8,360,1.1021821192326179e-16,-1.8
2013-01-21 21:00:00,16.9,89,0.0,0.4,360,2.4492935982947065e-17,-0.4
2013-01-21 22:00:00,16.7,88,0.0,0.5,135,-0.35355339059327373,0.3535533905932738
2013-01-21 23:00:00,16.4,87,0.0,1.3,146,-0.7269507745119708,1.0777488443215544
2013-01-22 00:00:00,15.6,88,0.0,1.3,124,-1.0777488443215542,0.726950774511971
2013-01-22 01:00:00,14.9,88,0.0,0.8,117,-0.7128052193506943,0.36319239979163753
2013-01-22 02:00:00,14.8,87,0.0,2.6,56,-2.1554976886431088,-1.4539015490239415
2013-01-22 03:00:00,13.8,92,0.0,4.4,55,-3.604268994871564,-2.5237363199446032
2013-01-22 04:00:00,13.8,91,0.0,5.9,52,-4.64926344627966,-3.6324027044213834
2013-01-22 05:00:00,14.8,88,0.0,7.9,39,-4.971631089293719,-6.139453095510068
2013-01-22 06:00:00,15.8,84,0.0,9.1,18,-2.8120546488120226,-8.654614298285896
2013-01-22 07:00:00,15.5,86,0.0,9.3,13,-2.092044805397947,-9.061641602502688
2013-01-22 08:00:00,16.1,89,0.0,8.4,10,-1.458644692402215,-8.272385125302547
2013-01-22 09:00:00,18.7,81,0.0,9.5,9,-1.4861274178821948,-9.383039235653808
2013-01-22 10:00:00,19.9,77,0.0,10.9,6,-1.1393602496174215,-10.840288659514181
2013-01-22 11:00:00,20.6,75,0.0,11.5,2,-0.40134421207875876,-11.492994510719601
2013-01-22 12:00:00,21.2,74,0.0,13.4,354,1.4006814077865564,-13.326593397934863
2013-01-22 13:00:00,21.4,73,0.0,16.8,350,2.9172893848044312,-16.544770250605094
2013-01-22 14:00:00,21.2,76,0.0,19.6,353,2.388639130740891,-19.45390457216991
2013-01-22 15:00:00,21.4,75,0.0,20.9,358,0.7293994810822725,-20.8872682846991
2013-01-22 16:00:00,20.6,79,0.0,20.2,1,-0.35253861003312664,-20.196923442159104
2013-01-22 17:00:00,19.3,85,0.0,18.0,359,0.3141433158711048,-17.997258512815044
2013-01-22 18:00:00,17.7,90,0.0,17.7,2,-0.6177210916342635,-17.689217638237995
2013-01-22 19:00:00,16.6,94,0.0,16.2,13,-3.644207080370617,-15.784795049520808
2013-01-22 20:00:00,15.8,95,0.0,14.7,11,-2.8048922320352054,-14.42991959668066
2013-01-22 21:00:00,15.1,95,0.0,14.9,8,-2.0736792043049808,-14.754994224249398
2013-01-22 22:00:00,14.9,94,0.0,14.5,7,-1.767105479374634,-14.39191919879917
2013-01-22 23:00:00,14.9,93,0.0,14.8,4,-1.0323958114130587,-14.763947943845398
2013-01-23 00:00:00,14.3,93,0.0,16.6,2,-0.5793316452615127,-16.58988772851699
2013-01-23 01:00:00,13.9,94,0.0,17.7,6,-1.8501537998374644,-17.60303754801844
2013-01-23 02:00:00,13.5,94,0.0,17.2,10,-2.9867486558712018,-16.938693351809977
2013-01-23 03:00:00,13.6,92,0.0,16.8,10,-2.91728938480443,-16.544770250605094
2013-01-23 04:00:00,13.3,93,0.0,17.2,10,-2.9867486558712018,-16.938693351809977
2013-01-23 05:00:00,12.7,93,0.0,18.2,8,-2.532950437473198,-18.02287885109658
2013-01-23 06:00:00,12.4,94,0.0,18.4,4,-1.2835191168919107,-18.355178524780765
2013-01-23 07:00:00,12.5,93,0.0,18.2,8,-2.532950437473198,-18.02287885109658
2013-01-23 08:00:00,14.2,91,0.0,19.1,4,-1.3323486485127987,-19.053473359962645
2013-01-23 09:00:00,17.7,79,0.0,19.9,6,-2.0801164190263015,-19.79098571782864
2013-01-23 10:00:00,19.0,74,0.0,18.5,7,-2.2545828529952225,-18.36210380536446
2013-01-23 11:00:00,20.3,70,0.0,19.8,1,-0.34555764745821327,-19.79698436409655
2013-01-23 12:00:00,20.9,68,0.0,21.3,358,0.743359279763273,-21.28702461550674
2013-01-23 13:00:00,20.8,69,0.0,22.7,358,0.7922185751467745,-22.686171773333474
2013-01-23 14:00:00,20.6,70,0.0,23.4,359,0.4083863106324362,-23.396436066659554
2013-01-23 15:00:00,20.1,73,0.0,23.4,360,1.432836755002403e-15,-23.4
2013-01-23 16:00:00,19.3,75,0.0,22.0,1,-0.38395294162023696,-21.99664929344061
2013-01-23 17:00:00,18.0,80,0.0,19.8,360,1.2124003311558797e-15,-19.8
2013-01-23 18:00:00,16.5,85,0.0,18.8,3,-0.983915977367353,-18.77423525338599
2013-01-23 19:00:00,15.4,89,0.0,16.5,10,-2.8651949315043503,-16.249327924701433
2013-01-23 20:00:00,14.8,92,0.0,14.2,9,-2.2213694035712805,-14.025174436450953
2013-01-23 21:00:00,14.0,93,0.0,13.5,9,-2.111865278043119,-13.333792598034359
2013-01-23 22:00:00,13.9,92,0.0,13.5,9,-2.111865278043119,-13.333792598034359
2013-01-23 23:00:00,13.9,91,0.0,13.4,8,-1.864919552864882,-13.269592121137041
2013-01-24 00:00:00,14.4,89,0.0,14.1,6,-1.4738513320739124,-14.022758724692654
2013-01-24 01:00:00,14.6,88,0.0,13.7,5,-1.194033675642918,-13.647867363856914
2013-01-24 02:00:00,14.9,86,0.0,13.4,6,-1.400681407786555,-13.326593397934865
2013-01-24 03:00:00,16.1,78,0.0,13.1,8,-1.8231676225768623,-12.97251170051457
2013-01-24 04:00:00,16.0,78,0.0,13.5,9,-2.111865278043119,-13.333792598034359
2013-01-24 05:00:00,16.0,78,0.0,13.2,11,-2.518678738970389,-12.957478821509163
2013-01-24 06:00:00,16.1,77,0.0,11.7,9,-1.830283240970703,-11.55595358496311
2013-01-24 07:00:00,16.0,78,0.0,11.8,12,-2.453357951649566,-11.542141688658907
2013-01-24 08:00:00,16.4,80,0.0,10.5,8,-1.4613175600806911,-10.397814721786487
2013-01-24 09:00:00,17.3,81,0.0,11.5,2,-0.40134421207875876,-11.492994510719601
2013-01-24 10:00:00,18.6,78,0.4,12.2,2,-0.42577385977050924,-12.192568089632967
2013-01-24 11:00:00,18.8,79,0.3,13.7,360,8.388830574159369e-16,-13.7
2013-01-24 12:00:00,19.3,77,0.3,13.7,2,-0.4781231048242604,-13.691654330161612
2013-01-24 13:00:00,20.0,75,0.1,13.7,358,0.4781231048242648,-13.691654330161612
2013-01-24 14:00:00,19.9,76,0.0,16.3,355,1.4206386067868277,-16.237973578895453
2013-01-24 15:00:00,20.4,73,0.0,18.4,358,0.6421507393260198,-18.38879121715136
2013-01-24 16:00:00,19.1,78,0.0,18.7,1,-0.3263600003772014,-18.697151899424515
2013-01-24 17:00:00,18.2,82,0.0,16.6,1,-0.2897099468589061,-16.597471739596095
2013-01-24 18:00:00,17.1,85,0.0,15.9,5,-1.3857763096877662,-15.839495699658755
2013-01-24 19:00:00,16.7,86,0.0,15.8,12,-3.2850047149206048,-15.45473209159413
2013-01-24 20:00:00,16.5,86,0.0,16.1,10,-2.7957356604375785,-15.855404823496551
2013-01-24 21:00:00,16.1,87,0.0,17.5,8,-2.435529266801152,-17.32969120297748
2013-01-24 22:00:00,16.1,87,0.0,17.9,10,-3.1083023802380527,-17.628058778918522
2013-01-24 23:00:00,15.7,88,0.0,18.2,8,-2.532950437473198,-18.02287885109658
2013-01-25 00:00:00,15.5,88,0.0,20.9,4,-1.4579103012522245,-20.849088650430325
2013-01-25 01:00:00,15.4,88,0.0,22.4,4,-1.562545011868413,-22.34543472582006
2013-01-25 02:00:00,15.2,87,0.0,22.8,5,-1.987150934646608,-22.7132391164918
2013-01-25 03:00:00,15.8,83,0.0,23.1,5,-2.013297657470906,-23.012097525919323
2013-01-25 04:00:00,15.4,84,0.0,23.5,5,-2.048159954569969,-23.41057540515602
2013-01-25 05:00:00,15.3,83,0.0,23.9,5,-2.083022251669032,-23.809053284392718
2013-01-25 06:00:00,15.2,82,0.0,24.2,5,-2.1091689744933295,-24.107911693820242
2013-01-25 07:00:00,15.1,82,0.0,23.4,2,-0.8166482228385178,-23.38574535224684
2013-01-25 08:00:00,15.7,82,0.0,23.8,3,-1.2455957585820745,-23.76738292715886
2013-01-25 09:00:00,17.3,76,0.0,22.7,4,-1.5834719539916506,-22.644703940898008
2013-01-25 10:00:00,18.2,73,0.0,23.4,360,1.432836755002403e-15,-23.4
2013-01-25 11:00:00,19.4,71,0.0,24.5,360,1.5001923289555077e-15,-24.5
2013-01-25 12:00:00,19.4,71,0.0,24.1,360,1.4756993929725606e-15,-24.1
2013-01-25 13:00:00,19.9,69,0.0,23.8,358,0.8306080215195257,-23.78550168305448
2013-01-25 14:00:00,19.8,69,0.0,24.1,359,0.4206029951385347,-24.096329453269032
2013-01-25 15:00:00,18.7,71,0.0,23.8,1,-0.41536727320734723,-23.796375144722113
2013-01-25 16:00:00,18.3,71,0.0,21.3,2,-0.7433592797632662,-21.28702461550674
2013-01-25 17:00:00,17.4,74,0.0,19.1,1,-0.33334096295211485,-19.097090977487074
2013-01-25 18:00:00,16.3,77,0.0,17.3,359,0.30192663136500625,-17.29736512620557
2013-01-25 19:00:00,15.5,80,0.0,16.2,1,-0.2827289842839927,-16.197532661533536
2013-01-25 20:00:00,14.9,84,0.0,15.1,360,9.246083333562517e-16,-15.1
2013-01-25 21:00:00,14.3,87,0.0,14.8,1,-0.2582956152717958,-14.79774588831459
2013-01-25 22:00:00,13.7,89,0.0,14.8,360,9.062386313690414e-16,-14.8
2013-01-25 23:00:00,13.1,91,0.0,13.7,360,8.388830574159369e-16,-13.7
2013-01-26 00:00:00,13.6,89,0.0,13.0,358,0.453693457132514,-12.992080751248245
2013-01-26 01:00:00,13.4,89,0.0,13.0,358,0.453693457132514,-12.992080751248245
2013-01-26 02:00:00,13.2,89,0.0,13.3,357,0.6960682180311548,-13.281772812235833
2013-01-26 03:00:00,12.9,90,0.0,13.0,360,7.960204194457795e-16,-13.0
2013-01-26 04:00:00,13.1,89,0.0,12.6,360,7.715274834628325e-16,-12.6
2013-01-26 05:00:00,13.3,88,0.0,12.6,2,-0.4397336584515096,-12.592324420440606
2013-01-26 06:00:00,12.8,89,0.0,13.0,3,-0.680367431158276,-12.98218395180946
2013-01-26 07:00:00,12.6,89,0.0,12.3,7,-1.4989929238833102,-12.208317665188263
2013-01-26 08:00:00,13.5,90,0.0,13.0,355,1.1330246557195558,-12.950531075192693
2013-01-26 09:00:00,16.8,82,0.0,17.2,350,2.986748655871203,-16.938693351809977
2013-01-26 10:00:00,18.1,77,0.0,16.6,360,1.0164568432923032e-15,-16.6
2013-01-26 11:00:00,19.2,73,0.0,15.9,355,1.3857763096877644,-15.839495699658755
2013-01-26 12:00:00,19.9,71,0.0,18.3,350,3.177761651304827,-18.02198188012341
2013-01-26 13:00:00,20.2,70,0.0,19.7,352,2.7417100889132895,-19.508280954208935
2013-01-26 14:00:00,20.3,70,0.0,20.2,356,1.4090807696313297,-20.15079381524845
2013-01-26 15:00:00,19.7,72,0.0,20.9,359,0.36475529453922717,-20.896816828768575
2013-01-26 16:00:00,18.7,73,0.0,22.3,357,1.1670918242176505,-22.269438625026996
2013-01-26 17:00:00,17.2,79,0.0,22.0,356,1.534642422370755,-21.946409105716132
2013-01-26 18:00:00,15.7,83,0.0,20.5,360,1.255262969126037e-15,-20.5
2013-01-26 19:00:00,15.0,86,0.0,19.1,3,-0.9996167642402364,-19.07382411381236
2013-01-26 20:00:00,14.4,90,0.0,18.0,1,-0.31414331587110295,-17.997258512815044
2013-01-26 21:00:00,13.8,92,0.0,16.2,4,-1.1300548746548345,-16.16053761420915
2013-01-26 22:00:00,13.6,92,0.0,14.5,6,-1.5156627173809738,-14.420567482839964
2013-01-26 23:00:00,13.3,92,0.0,14.4,360,8.817456953860943e-16,-14.4
2013-01-27 00:00:00,13.2,92,0.0,14.8,3,-0.7745721523955758,-14.779717114367694
2013-01-27 01:00:00,14.4,88,0.0,14.6,9,-2.283943189587373,-14.42024977268901
2013-01-27 02:00:00,13.9,88,0.0,16.6,2,-0.5793316452615127,-16.58988772851699
2013-01-27 03:00:00,13.5,90,0.0,19.1,2,-0.6665803870177646,-19.08836479606473
2013-01-27 04:00:00,13.7,90,0.0,20.2,5,-1.7605460035026965,-20.12313290145326
2013-01-27 05:00:00,13.8,89,0.0,21.0,5,-1.8302705977008231,-20.920088659926655
2013-01-27 06:00:00,14.0,88,0.0,20.3,7,-2.4739476711244874,-20.148686878318838
2013-01-27 07:00:00,14.0,88,0.0,20.6,6,-2.1532863433136593,-20.487151044586433
2013-01-27 08:00:00,14.7,86,0.0,20.6,6,-2.1532863433136593,-20.487151044586433
2013-01-27 09:00:00,15.9,82,0.0,22.5,6,-2.3518904235222005,-22.376742645786152
2013-01-27 10:00:00,16.8,78,0.0,23.2,7,-2.827368766999414,-23.027070718078672
2013-01-27 11:00:00,18.0,74,0.0,25.3,6,-2.64457012067163,-25.161403952817317
2013-01-27 12:00:00,18.8,69,0.1,27.8,5,-2.4229296483848994,-27.694212606950526
2013-01-27 13:00:00,18.8,69,0.1,29.3,5,-2.5536632625063866,-29.188504654088145
2013-01-27 14:00:00,19.0,66,0.0,30.0,6,-3.135853898029601,-29.835656861048204
2013-01-27 15:00:00,18.9,64,0.0,29.0,6,-3.0313254347619476,-28.841134965679927
2013-01-27 16:00:00,18.3,65,0.0,27.1,5,-2.361920628461539,-26.996876318286304
2013-01-27 17:00:00,17.1,68,0.0,26.0,3,-1.360734862316552,-25.96436790361892
2013-01-27 18:00:00,15.7,70,0.0,24.9,3,-1.303165310449313,-24.86587541538889
2013-01-27 19:00:00,14.9,73,0.0,24.6,6,-2.571400196384273,-24.465238626059527
2013-01-27 20:00:00,14.2,75,0.0,22.9,8,-3.187064011985507,-22.67713877418196
2013-01-27 21:00:00,13.3,81,0.0,20.7,7,-2.5226954084865465,-20.545705338975367
2013-01-27 22:00:00,13.6,77,0.0,18.9,9,-2.9566113892603663,-18.6673096372481
2013-01-27 23:00:00,14.3,74,0.0,17.2,10,-2.9867486558712018,-16.938693351809977
2013-01-28 00:00:00,14.5,74,0.0,16.1,10,-2.7957356604375785,-15.855404823496551
2013-01-28 01:00:00,14.3,74,0.0,15.5,12,-3.2226312076752768,-15.161287811373986
2013-01-28 02:00:00,14.1,75,0.0,15.0,11,-2.8621349306481694,-14.72440775171496
2013-01-28 03:00:00,14.2,73,0.0,15.5,12,-3.2226312076752768,-15.161287811373986
2013-01-28 04:00:00,14.1,74,0.0,15.5,12,-3.2226312076752768,-15.161287811373986
2013-01-28 05:00:00,14.1,74,0.0,15.4,11,-2.938458528798787,-15.117058625094026
2013-01-28 06:00:00,13.9,75,0.0,13.9,10,-2.4137096695703315,-13.688827766869691
2013-01-28 07:00:00,13.7,75,0.0,13.7,14,-3.3143299697154487,-13.293051449981151
2013-01-28 08:00:00,14.8,76,0.0,12.4,10,-2.1532374030699364,-12.21161613735138
2013-01-28 09:00:00,16.8,73,0.0,12.7,8,-1.7674983821928358,-12.576404473017941
2013-01-28 10:00:00,18.1,69,0.0,11.2,6,-1.1707187885977175,-11.13864522812466
2013-01-28 11:00:00,19.4,66,0.0,10.4,358,0.36295476570601126,-10.393664600998596
2013-01-28 12:00:00,20.1,65,0.0,10.9,352,1.5169868004647136,-10.793921949283117
2013-01-28 13:00:00,20.2,65,0.0,12.0,351,1.877213580482771,-11.852260087141653
2013-01-28 14:00:00,20.1,66,0.0,13.8,354,1.4424927930936178,-13.724402156082173
2013-01-28 15:00:00,20.1,66,0.0,14.5,354,1.5156627173809751,-14.420567482839962
2013-01-28 16:00:00,19.5,67,0.0,14.4,359,0.2513146526968838,-14.397806810252035
2013-01-28 17:00:00,18.4,72,0.0,11.9,360,7.286648454926752e-16,-11.9
2013-01-28 18:00:00,16.9,78,0.0,11.9,357,0.6227978792910333,-11.88369146357943
2013-01-28 19:00:00,15.6,85,0.0,11.2,15,-2.898773305148231,-10.818369254437565
2013-01-28 20:00:00,15.5,82,0.0,9.2,21,-3.296985135816766,-8.588939923774255
2013-01-28 21:00:00,15.1,82,0.0,7.4,23,-2.8914103508206264,-6.811735915548058
2013-01-28 22:00:00,15.1,81,0.0,7.7,11,-1.4692292643993936,-7.558529312547013
2013-01-28 23:00:00,15.1,80,0.0,9.1,7,-1.1090110249868392,-9.03216997993603
2013-01-29 00:00:00,14.9,79,0.0,9.3,13,-2.092044805397947,-9.061641602502688
2013-01-29 01:00:00,14.8,79,0.0,8.1,21,-2.9027803913169357,-7.562001454627333
2013-01-29 02:00:00,14.8,80,0.0,6.4,16,-1.7640790772287929,-6.152074854005242
2013-01-29 03:00:00,14.9,78,0.0,6.5,357,0.3401837155791358,-6.49109197590473
2013-01-29 04:00:00,14.7,80,0.0,9.4,342,2.904759747124506,-8.939931253174443
2013-01-29 05:00:00,13.8,83,0.0,11.3,353,1.3771235804781667,-11.215771513546938
2013-01-29 06:00:00,12.7,88,0.0,12.3,5,-1.0720156357961965,-12.253194786528471
2013-01-29 07:00:00,11.9,92,0.0,10.8,26,-4.73440838532204,-9.706975700031002
2013-01-29 08:00:00,14.0,91,0.0,12.9,13,-2.901868601035862,-12.569373835729534
2013-01-29 09:00:00,16.6,80,0.0,12.4,26,-5.435802220184564,-11.14504617410967
2013-01-29 10:00:00,18.4,71,0.0,9.5,29,-4.6056913923402,-8.308887217824262
2013-01-29 11:00:00,19.7,67,0.0,9.5,9,-1.4861274178821948,-9.383039235653808
2013-01-29 12:00:00,20.5,65,0.0,12.2,358,0.42577385977051313,-12.192568089632967
2013-01-29 13:00:00,20.7,65,0.0,14.0,359,0.24433369012197037,-13.997867732189478
2013-01-29 14:00:00,20.7,64,0.0,14.8,359,0.2582956152717973,-14.79774588831459
2013-01-29 15:00:00,20.6,65,0.0,15.9,357,0.8321417042628091,-15.878209602597725
2013-01-29 16:00:00,19.7,69,0.0,16.2,359,0.2827289842839943,-16.197532661533536
2013-01-29 17:00:00,18.2,75,0.0,14.4,4,-1.0044932219154084,-14.36492232374147
2013-01-29 18:00:00,16.3,82,0.0,13.4,8,-1.864919552864882,-13.269592121137041
2013-01-29 19:00:00,15.0,87,0.0,12.8,16,-3.5281581544575857,-12.304149708010485
2013-01-29 20:00:00,13.9,91,0.0,11.5,20,-3.9332316482451883,-10.806465139037947
2013-01-29 21:00:00,12.8,92,0.0,11.6,16,-3.197393327477187,-11.1506356728845
2013-01-29 22:00:00,12.8,89,0.0,11.1,13,-2.496956703216904,-10.815507719116109
2013-01-29 23:00:00,13.1,87,0.0,12.1,12,-2.5157314588948934,-11.835585968879046
2013-01-30 00:00:00,12.3,87,0.0,12.3,15,-3.1834742547610038,-11.88088766335554
2013-01-30 01:00:00,12.0,86,0.0,12.7,15,-3.2870018728020116,-12.267257993871167
2013-01-30 02:00:00,11.9,84,0.0,13.4,14,-3.2417534010355484,-13.001962732098352
2013-01-30 03:00:00,12.0,81,0.0,14.0,12,-2.910763671448637,-13.694066410273278
2013-01-30 04:00:00,13.2,77,0.0,14.5,14,-3.507867486195183,-14.06928803100195
2013-01-30 05:00:00,13.7,74,0.0,15.8,12,-3.2850047149206048,-15.45473209159413
2013-01-30 06:00:00,13.6,72,0.0,15.6,8,-2.171100374977027,-15.448181872368496
2013-01-30 07:00:00,13.4,71,0.0,13.4,8,-1.864919552864882,-13.269592121137041
2013-01-30 08:00:00,14.2,73,0.0,10.1,360,6.184466335694133e-16,-10.1
2013-01-30 09:00:00,17.1,69,0.0,10.2,352,1.4195656297926678,-10.100734301164017
2013-01-30 10:00:00,18.6,67,0.0,11.3,351,1.7677094549546095,-11.160878248725057
2013-01-30 11:00:00,19.9,63,0.0,12.4,350,2.1532374030699373,-12.21161613735138
2013-01-30 12:00:00,20.7,60,0.0,14.3,350,2.483168940637105,-14.082750868074575
2013-01-30 13:00:00,21.1,59,0.0,15.9,354,1.66200256595569,-15.812898136355546
2013-01-30 14:00:00,21.4,58,0.0,16.6,358,0.579331645261518,-16.58988772851699
2013-01-30 15:00:00,21.1,56,0.0,17.3,360,1.0593194812624606e-15,-17.3
2013-01-30 16:00:00,20.4,60,0.0,17.3,2,-0.6037612929532632,-17.289461307430358
2013-01-30 17:00:00,19.1,66,0.0,14.1,4,-0.9835662797921707,-14.06565310866352
2013-01-30 18:00:00,17.4,73,0.0,12.8,10,-2.2226966741367082,-12.605539238556263
2013-01-30 19:00:00,16.0,81,0.0,13.1,16,-3.6108493612026855,-12.592528216791978
2013-01-30 20:00:00,16.4,75,0.0,11.6,7,-1.413684383499707,-11.513535359039336
2013-01-30 21:00:00,16.0,75,0.0,11.5,4,-0.8021994480574441,-11.471986577987979
2013-01-30 22:00:00,15.8,75,0.0,10.0,13,-2.2495105434386526,-9.743700647852352
2013-01-30 23:00:00,15.6,76,0.0,7.6,19,-2.4743179738743906,-7.185941174554808
2013-01-31 00:00:00,15.4,77,0.0,6.8,360,4.1637991171010006e-16,-6.8
2013-01-31 01:00:00,15.1,79,0.0,7.6,360,4.653657836759942e-16,-7.6
2013-01-31 02:00:00,14.9,79,0.0,8.4,7,-1.0237024846032363,-8.337387673787106
2013-01-31 03:00:00,14.6,77,0.0,8.2,15,-2.122316169840669,-7.92059177557036
2013-01-31 04:00:00,14.3,77,0.0,7.8,22,-2.921931428644116,-7.232034065620941
2013-01-31 05:00:00,14.1,77,0.0,6.8,32,-3.603450996785794,-5.766727053863696
2013-01-31 06:00:00,13.9,76,0.0,6.7,36,-3.938161190359571,-5.420413862312147
2013-01-31 07:00:00,13.3,77,0.0,7.7,41,-5.051654523226906,-5.811263767715345
2013-01-31 08:00:00,14.8,76,0.0,7.2,27,-3.268731598124738,-6.415246974156248
2013-01-31 09:00:00,17.4,72,0.0,7.6,3,-0.39775326744637673,-7.589584464134761
2013-01-31 10:00:00,19.2,68,0.0,8.5,348,1.7672493719509554,-8.314254606237347
2013-01-31 11:00:00,20.5,62,0.0,10.3,335,4.352968095929205,-9.334970206477495
2013-01-31 12:00:00,21.1,58,0.0,12.2,332,5.727553065987868,-10.771960632878907
2013-01-31 13:00:00,21.2,56,0.0,12.2,332,5.727553065987868,-10.771960632878907
2013-01-31 14:00:00,21.2,55,0.0,11.6,334,5.085105302753298,-10.426010937070338
2013-01-31 15:00:00,21.0,49,0.0,11.1,331,5.3813867847343415,-9.708278749247292
2013-01-31 16:00:00,20.1,54,0.0,10.3,331,4.993539088537273,-9.008582983535776
2013-01-31 17:00:00,18.9,62,0.0,6.9,332,3.239353783222647,-6.092338390726596
2013-01-31 18:00:00,17.2,74,0.0,7.4,337,2.8914103508206255,-6.811735915548059
2013-01-31 19:00:00,16.3,77,0.0,3.8,343,1.1110124779463997,-3.6339580726595346
2013-01-31 20:00:00,16.1,78,0.0,3.3,6,-0.3449439287832561,-3.281922254715302
2013-01-31 21:00:00,15.6,81,0.0,4.0,355,0.34862297099063255,-3.984778792366982
2013-01-31 22:00:00,15.4,82,0.0,3.0,14,-0.7257656867990033,-2.9108871788279895
2013-01-31 23:00:00,15.2,83,0.0,1.8,79,-1.7669289302057951,-0.3434561916777805
2013-02-01 00:00:00,15.0,83,0.0,1.8,101,-1.7669289302057951,0.34345619167778096
2013-02-01 01:00:00,13.6,84,0.0,2.9,97,-2.8783838397598336,0.35342109587492787
2013-02-01 02:00:00,11.3,88,0.0,4.3,85,-4.283637201794505,-0.37476969381492914
2013-02-01 03:00:00,8.6,97,0.0,5.2,78,-5.086367523815789,-1.0811407922523495
2013-02-01 04:00:00,8.6,94,0.0,5.6,63,-4.98963653545486,-2.542346798541461
2013-02-01 05:00:00,8.9,92,0.0,6.4,52,-5.043268823083022,-3.9402334420842124
2013-02-01 06:00:00,9.4,90,0.0,7.1,45,-5.020458146424488,-5.020458146424486
2013-02-01 07:00:00,9.8,87,0.0,6.7,54,-5.420413862312149,-3.9381611903595695
2013-02-01 08:00:00,13.7,81,0.0,6.8,25,-2.873804179836754,-6.16289295184922
2013-02-01 09:00:00,19.1,64,0.0,11.6,353,1.4136843834997108,-11.513535359039334
2013-02-01 10:00:00,20.5,54,0.0,14.8,357,0.7745721523955708,-14.779717114367694
2013-02-01 11:00:00,20.9,51,0.0,13.3,2,-0.4641633061432601,-13.291897999353974
2013-02-01 12:00:00,21.7,49,0.0,12.3,5,-1.0720156357961965,-12.253194786528471
2013-02-01 13:00:00,22.2,49,0.0,10.1,6,-1.055737479003299,-10.044671143219562
2013-02-01 14:00:00,22.7,51,0.0,9.1,7,-1.1090110249868392,-9.03216997993603
2013-02-01 15:00:00,23.5,50,0.0,9.0,360,5.51091059616309e-16,-9.0
2013-02-01 16:00:00,22.6,56,0.0,9.0,358,0.31409547032250973,-8.994517443171862
2013-02-01 17:00:00,21.6,62,0.0,8.3,2,-0.28966582263075635,-8.294943864258496
2013-02-01 18:00:00,20.1,66,0.0,9.8,17,-2.8652427062828236,-9.371786608437747
2013-02-01 19:00:00,18.5,72,0.0,10.0,30,-5.000000000000004,-8.660254037844384
2013-02-01 20:00:00,17.6,76,0.0,9.7,39,-6.104407793183427,-7.538315826132614
2013-02-01 21:00:00,17.5,73,0.0,10.0,41,-6.560590289905073,-7.54709580222772
2013-02-01 22:00:00,17.6,70,0.0,9.3,36,-5.466402846320002,-7.5238580476870105
2013-02-01 23:00:00,17.3,70,0.0,8.8,35,-5.047472639889208,-7.208537989743126
2013-02-02 00:00:00,17.0,72,0.0,8.6,33,-4.683895701129232,-7.212566884330647
2013-02-02 01:00:00,16.8,74,0.0,8.7,38,-5.356254835333225,-6.8556935563784815
2013-02-02 02:00:00,16.6,75,0.0,8.7,42,-5.821436275322065,-6.4653599816533305
2013-02-02 03:00:00,16.5,79,0.0,7.8,34,-4.361704647071823,-6.466493065929326
2013-02-02 04:00:00,16.7,78,0.0,9.1,9,-1.4235536318661024,-8.987963899415753
2013-02-02 05:00:00,17.2,76,0.0,12.2,2,-0.42577385977050924,-12.192568089632967
2013-02-02 06:00:00,16.4,81,0.0,15.6,7,-1.901161757120296,-15.483719965604624
2013-02-02 07:00:00,16.8,81,0.0,13.4,8,-1.864919552864882,-13.269592121137041
2013-02-02 08:00:00,17.5,86,0.0,15.2,7,-1.8524140197582368,-15.086701504948095
2013-02-02 09:00:00,19.9,76,0.0,16.6,5,-1.446785329611127,-16.536831988322977
2013-02-02 10:00:00,21.1,74,0.0,18.0,3,-0.9420472123729975,-17.975331625582328
2013-02-02 11:00:00,22.0,74,0.0,19.1,360,1.1695376931857224e-15,-19.1
2013-02-02 12:00:00,22.2,75,0.0,19.8,360,1.2124003311558797e-15,-19.8
2013-02-02 13:00:00,22.5,76,0.0,19.8,2,-0.691010034709515,-19.787938374978097
2013-02-02 14:00:00,22.4,77,0.0,19.8,2,-0.691010034709515,-19.787938374978097
2013-02-02 15:00:00,22.7,76,0.0,18.0,360,1.102182119232618e-15,-18.0
2013-02-02 16:00:00,22.2,79,0.0,17.6,359,0.30716235329619135,-17.59731943475249
2013-02-02 17:00:00,21.4,82,0.0,15.9,357,0.8321417042628091,-15.878209602597725
2013-02-02 18:00:00,20.0,87,0.0,17.0,355,1.4816476267101883,-16.935309867559674
2013-02-02 19:00:00,19.1,91,0.0,13.3,360,8.143901214329899e-16,-13.3
2013-02-02 20:00:00,18.0,95,0.0,10.9,352,1.5169868004647136,-10.793921949283117
2013-02-02 21:00:00,17.6,95,0.0,10.0,347,2.249510543438649,-9.743700647852352
2013-02-02 22:00:00,17.7,93,0.0,9.7,345,2.510544737494451,-9.369480515003962
2013-02-02 23:00:00,17.6,93,0.0,10.5,356,0.732442974313315,-10.474422527728153
2013-02-03 00:00:00,17.2,94,0.0,11.3,353,1.3771235804781667,-11.215771513546938
2013-02-03 01:00:00,17.0,95,0.0,11.3,353,1.3771235804781667,-11.215771513546938
2013-02-03 02:00:00,17.2,94,0.0,11.5,358,0.4013442120787624,-11.492994510719601
2013-02-03 03:00:00,16.9,95,0.3,12.6,2,-0.4397336584515096,-12.592324420440606
2013-02-03 04:00:00,17.0,95,0.2,13.0,2,-0.4536934571325099,-12.992080751248245
2013-02-03 05:00:00,17.0,95,0.1,11.5,358,0.4013442120787624,-11.492994510719601
2013-02-03 06:00:00,16.3,97,0.2,13.6,349,2.5950023371210107,-13.35012969488823
2013-02-03 07:00:00,16.3,97,0.2,15.0,349,2.862134930648174,-14.72440775171496
2013-02-03 08:00:00,17.4,96,0.2,16.7,353,2.035218034865963,-16.575520732410077
2013-02-03 09:00:00,18.7,92,0.0,18.0,358,0.6281909406450195,-17.989034886343724
2013-02-03 10:00:00,19.9,89,0.0,16.9,358,0.5898014942722682,-16.889704976622717
2013-02-03 11:00:00,20.5,87,0.0,16.6,355,1.4467853296111253,-16.536831988322977
2013-02-03 12:00:00,21.4,84,0.0,15.1,360,9.246083333562517e-16,-15.1
2013-02-03 13:00:00,22.3,81,0.0,12.3,7,-1.4989929238833102,-12.208317665188263
2013-02-03 14:00:00,22.9,79,0.0,12.0,353,1.4624321208617699,-11.910553819695863
2013-02-03 15:00:00,22.9,78,0.0,14.2,344,3.914050452601388,-13.649916082324127
2013-02-03 16:00:00,22.1,81,0.0,12.7,352,1.7674983821928314,-12.576404473017943
2013-02-03 17:00:00,21.1,83,0.0,11.2,345,2.8987733051482323,-10.818369254437565
2013-02-03 18:00:00,19.3,89,0.0,16.5,349,3.1483484237129913,-16.196848526886455
2013-02-03 19:00:00,18.0,92,0.0,16.6,360,1.0164568432923032e-15,-16.6
2013-02-03 20:00:00,17.5,92,0.0,12.6,5,-1.0981623586204938,-12.552053195955994
2013-02-03 21:00:00,17.4,92,0.0,8.0,10,-1.3891854213354426,-7.878462024097664
2013-02-03 22:00:00,17.0,94,0.0,5.5,11,-1.0494494745709955,-5.3989495089621515
2013-02-03 23:00:00,17.0,93,0.0,4.4,9,-0.6883116461770166,-4.345828698618606
2013-02-04 00:00:00,16.8,92,0.0,4.8,13,-1.0797650608505531,-4.6769763109691285
2013-02-04 01:00:00,16.7,91,0.0,4.8,27,-2.179154398749825,-4.276831316104166
2013-02-04 02:00:00,16.8,90,0.0,5.4,20,-1.8469087739586103,-5.074340152243906
2013-02-04 03:00:00,17.2,86,0.0,5.1,8,-0.7097828148963357,-5.050367150582008
2013-02-04 04:00:00,16.8,87,0.0,5.1,8,-0.7097828148963357,-5.050367150582008
2013-02-04 05:00:00,16.1,89,0.0,5.0,21,-1.7918397477265036,-4.667902132486008
2013-02-04 06:00:00,15.9,88,0.0,5.5,32,-2.9145559532826275,-4.664264528860342
2013-02-04 07:00:00,16.0,87,0.0,5.1,45,-3.606244584051393,-3.606244584051392
2013-02-04 08:00:00,18.8,84,0.0,5.4,42,-3.613305274337834,-4.01298205757793
2013-02-04 09:00:00,22.2,76,0.0,4.1,15,-1.0611580849203346,-3.96029588778518
2013-02-04 10:00:00,23.6,74,0.0,5.9,346,1.4273391840380394,-5.7247447850283795
2013-02-04 11:00:00,24.6,72,0.0,8.7,343,2.5436338310878095,-8.319851376878407
2013-02-04 12:00:00,25.3,71,0.0,10.9,343,3.186851581477831,-10.423721839997087
2013-02-04 13:00:00,25.6,72,0.0,12.2,346,2.9514471263159456,-11.837607860567156
2013-02-04 14:00:00,25.5,73,0.0,12.6,347,2.8343832847326977,-12.277062816293963
2013-02-04 15:00:00,25.5,74,0.0,13.1,344,3.610849361202689,-12.592528216791978
2013-02-04 16:00:00,24.5,77,0.0,13.1,344,3.610849361202689,-12.592528216791978
2013-02-04 17:00:00,23.3,81,0.0,9.3,347,2.092044805397944,-9.06164160250269
2013-02-04 18:00:00,21.9,87,0.0,6.3,347,1.4171916423663489,-6.1385314081469815
2013-02-04 19:00:00,20.9,91,0.0,5.4,360,3.3065463576978537e-16,-5.4
2013-02-04 20:00:00,19.9,94,0.0,5.2,12,-1.0811407922523508,-5.086367523815789
2013-02-04 21:00:00,19.6,95,0.0,6.6,9,-1.0324674692655247,-6.5187430479279085
2013-02-04 22:00:00,19.1,95,0.0,7.9,16,-2.1775351109542913,-7.593967397912721
2013-02-04 23:00:00,19.0,94,0.0,8.4,10,-1.458644692402215,-8.272385125302547
2013-02-05 00:00:00,19.4,92,0.0,9.0,2,-0.31409547032250684,-8.994517443171862
2013-02-05 01:00:00,18.9,94,0.0,8.7,353,1.060263287624783,-8.6351515192795
2013-02-05 02:00:00,18.3,96,0.1,9.1,351,1.4235536318661013,-8.987963899415753
2013-02-05 03:00:00,18.2,97,0.3,8.6,2,-0.3001356716415065,-8.594761112364223
2013-02-05 04:00:00,18.1,97,0.3,8.4,10,-1.458644692402215,-8.272385125302547
2013-02-05 05:00:00,18.0,98,0.2,8.4,7,-1.0237024846032363,-8.337387673787106
2013-02-05 06:00:00,17.9,98,0.0,9.6,20,-3.283393375926418,-9.02104915954472
2013-02-05 07:00:00,17.8,97,0.0,10.9,9,-1.7051356689385184,-10.765802912487
2013-02-05 08:00:00,18.6,97,0.0,12.6,5,-1.0981623586204938,-12.552053195955994
2013-02-05 09:00:00,19.7,93,0.0,14.4,360,8.817456953860943e-16,-14.4
2013-02-05 10:00:00,20.7,90,0.0,15.6,7,-1.901161757120296,-15.483719965604624
2013-02-05 11:00:00,21.5,86,0.0,14.4,13,-3.23929518255166,-14.030928932907386
2013-02-05 12:00:00,22.1,83,0.0,13.8,6,-1.4424927930936164,-13.724402156082174
2013-02-05 13:00:00,23.0,80,0.0,12.7,8,-1.7674983821928358,-12.576404473017941
2013-02-05 14:00:00,23.6,78,0.0,11.0,11,-2.098898949141991,-10.797899017924303
2013-02-05 15:00:00,23.7,74,0.0,11.2,354,1.1707187885977186,-11.13864522812466
2013-02-05 16:00:00,22.7,78,0.0,12.1,348,2.5157314588948894,-11.835585968879046
2013-02-05 17:00:00,21.7,81,0.0,9.5,11,-1.812685456077174,-9.325458242752807
2013-02-05 18:00:00,20.8,84,0.0,10.0,64,-8.98794046299167,-4.383711467890775
2013-02-05 19:00:00,20.3,86,0.0,9.7,92,-9.694091022085228,0.33852511801426105
2013-02-05 20:00:00,19.9,86,0.0,10.0,103,-9.743700647852352,2.249510543438652
2013-02-05 21:00:00,19.6,87,0.0,9.8,107,-9.371786608437748,2.8652427062828187
2013-02-05 22:00:00,18.7,90,0.0,6.2,100,-6.10580806867569,1.0766187015349677
2013-02-05 23:00:00,17.9,91,0.0,4.5,14,-1.088648530198505,-4.366330768241984
2013-02-06 00:00:00,17.6,89,0.0,8.3,355,0.7233926648055626,-8.268415994161488
2013-02-06 01:00:00,17.1,89,0.0,14.1,354,1.4738513320739137,-14.022758724692652
2013-02-06 02:00:00,16.1,90,0.0,14.8,3,-0.7745721523955758,-14.779717114367694
2013-02-06 03:00:00,16.5,88,0.0,12.6,13,-2.834383284732702,-12.277062816293963
2013-02-06 04:00:00,16.5,86,0.0,10.2,23,-3.9854575105905927,-9.38914950521489
2013-02-06 05:00:00,16.7,84,0.0,10.5,31,-5.407899786555572,-9.000256657372177
2013-02-06 06:00:00,17.4,80,0.0,7.9,39,-4.971631089293719,-6.139453095510068
2013-02-06 07:00:00,17.8,76,0.0,7.2,37,-4.333068166694748,-5.750175672340508
2013-02-06 08:00:00,18.9,78,0.0,5.5,23,-2.149021206691006,-5.062776693988422
2013-02-06 09:00:00,21.7,70,0.0,7.6,352,1.0577155672964975,-7.5260373224359345
2013-02-06 10:00:00,23.1,68,0.0,10.8,345,2.795245687107224,-10.431998923921938
2013-02-06 11:00:00,24.1,65,0.0,12.6,340,4.309453805903427,-11.840127021902445
2013-02-06 12:00:00,24.7,64,0.0,13.4,336,5.450271017215723,-12.241509132410853
2013-02-06 13:00:00,24.7,65,0.0,13.5,335,5.705346533499442,-12.235155124994774
2013-02-06 14:00:00,24.2,68,0.0,14.7,335,6.212488447588282,-13.322724469438754
2013-02-06 15:00:00,23.3,73,0.0,16.1,340,5.506524307543269,-15.129051194653126
2013-02-06 16:00:00,22.5,76,0.0,16.9,348,3.5137075748201343,-16.530694452401313
2013-02-06 17:00:00,21.2,80,0.0,16.3,352,2.268521545649067,-16.141369520487597
2013-02-06 18:00:00,19.6,85,0.0,15.9,357,0.8321417042628091,-15.878209602597725
2013-02-06 19:00:00,18.8,88,0.0,15.5,5,-1.350914012588703,-15.441017820422056
2013-02-06 20:00:00,18.4,90,0.1,14.3,10,-2.483168940637104,-14.082750868074575
2013-02-06 21:00:00,18.1,92,0.1,12.0,9,-1.8772135804827723,-11.852260087141651
2013-02-06 22:00:00,17.8,93,0.0,9.8,6,-1.024378940023003,-9.74631457460908
2013-02-06 23:00:00,17.5,94,0.0,9.0,360,5.51091059616309e-16,-9.0
2013-02-07 00:00:00,17.0,94,0.0,9.4,356,0.6557108531947772,-9.377102072442348
2013-02-07 01:00:00,16.4,96,0.2,10.8,358,0.3769145643870117,-10.793420931806235
2013-02-07 02:00:00,16.3,96,0.1,11.9,2,-0.4153040107597591,-11.89275084152724
2013-02-07 03:00:00,16.9,95,0.4,11.6,5,-1.0110066158728357,-11.555858497864248
2013-02-07 04:00:00,16.7,95,0.2,10.5,8,-1.4613175600806911,-10.397814721786487
2013-02-07 05:00:00,16.4,96,0.1,9.8,6,-1.024378940023003,-9.74631457460908
2013-02-07 06:00:00,16.1,96,0.0,12.0,353,1.4624321208617699,-11.910553819695863
2013-02-07 07:00:00,16.0,96,0.0,12.3,353,1.4989929238833142,-12.208317665188261
2013-02-07 08:00:00,17.6,95,0.0,12.3,353,1.4989929238833142,-12.208317665188261
2013-02-07 09:00:00,19.6,89,0.0,11.6,353,1.4136843834997108,-11.513535359039334
2013-02-07 10:00:00,21.0,84,0.0,11.3,351,1.7677094549546095,-11.160878248725057
2013-02-07 11:00:00,22.3,78,0.0,12.1,348,2.5157314588948894,-11.835585968879046
2013-02-07 12:00:00,23.3,74,0.0,13.9,350,2.413709669570333,-13.688827766869691
2013-02-07 13:00:00,23.8,72,0.0,16.8,350,2.9172893848044312,-16.544770250605094
2013-02-07 14:00:00,23.5,73,0.0,18.5,353,2.2545828529952288,-18.362103805364455
2013-02-07 15:00:00,22.7,75,0.0,19.8,357,1.0362519336102907,-19.772864788140563
2013-02-07 16:00:00,22.0,77,0.0,20.5,358,0.7154396824012721,-20.487511953891463
2013-02-07 17:00:00,20.6,82,0.0,20.5,360,1.255262969126037e-15,-20.5
2013-02-07 18:00:00,19.0,88,0.0,20.9,2,-0.7293994810822658,-20.8872682846991
2013-02-07 19:00:00,18.0,91,0.0,22.8,5,-1.987150934646608,-22.7132391164918
2013-02-07 20:00:00,17.6,91,0.0,22.4,6,-2.341437577195435,-22.27729045624932
2013-02-07 21:00:00,17.1,91,0.0,22.7,2,-0.7922185751467673,-22.686171773333474
2013-02-07 22:00:00,16.4,92,0.0,24.8,1,-0.43281967964463075,-24.796222839878503
2013-02-07 23:00:00,16.0,91,0.0,25.2,3,-1.3188660973221964,-25.16546427581526
2013-02-08 00:00:00,15.5,90,0.0,26.0,3,-1.360734862316552,-25.96436790361892
2013-02-08 01:00:00,15.2,90,0.0,26.3,4,-1.8345952594705028,-26.23593452183338
2013-02-08 02:00:00,15.0,89,0.0,25.4,7,-3.095481322490738,-25.21067225168958
2013-02-08 03:00:00,14.9,88,0.0,23.9,7,-2.9126773073830172,-23.721853024227595
2013-02-08 04:00:00,14.5,88,0.0,24.7,8,-3.4375755937136256,-24.459621297916783
2013-02-08 05:00:00,14.0,89,0.0,24.4,9,-3.817000946981637,-24.099595510521358
2013-02-08 06:00:00,13.6,90,0.0,22.6,9,-3.5354189099092217,-22.321756497450114
2013-02-08 07:00:00,13.6,88,0.0,22.8,6,-2.383248962502497,-22.675099214396635
2013-02-08 08:00:00,16.2,81,0.0,25.9,1,-0.45201732672564254,-25.896055304550533
2013-02-08 09:00:00,18.2,72,0.0,29.2,4,-2.036889033328467,-29.128870267586866
2013-02-08 10:00:00,19.2,70,0.0,30.7,3,-1.6067138566583903,-30.657926716965417
2013-02-08 11:00:00,19.9,68,0.0,31.7,3,-1.6590498129013345,-31.65655625171999
2013-02-08 12:00:00,20.4,66,0.0,31.0,3,-1.6224146435312734,-30.95751557739179
2013-02-08 13:00:00,20.6,65,0.0,30.6,2,-1.0679245990965234,-30.581359306784332
2013-02-08 14:00:00,20.5,64,0.0,30.3,2,-1.0574547500857732,-30.281542058678603
2013-02-08 15:00:00,19.9,63,0.0,28.5,3,-1.4915747529239127,-28.460941740505355
2013-02-08 16:00:00,19.0,66,0.0,26.7,2,-0.9318165619567703,-26.683735081409857
2013-02-08 17:00:00,18.1,68,0.0,25.2,359,0.4398006422195467,-25.19616191794106
2013-02-08 18:00:00,16.6,72,0.0,26.3,359,0.45899828930055864,-26.29599438261309
2013-02-08 19:00:00,15.6,76,0.0,27.4,2,-0.9562462096485208,-27.383308660323223
2013-02-08 20:00:00,15.0,78,0.0,27.4,2,-0.9562462096485208,-27.383308660323223
2013-02-08 21:00:00,14.8,78,0.2,27.0,2,-0.9422864109675205,-26.983552329515586
2013-02-08 22:00:00,14.6,80,0.2,26.7,3,-1.397370031686613,-26.66340857794712
2013-02-08 23:00:00,14.3,82,0.2,26.7,2,-0.9318165619567703,-26.683735081409857
2013-02-09 00:00:00,14.0,84,0.2,26.7,4,-1.862497848968153,-26.634960141937306
2013-02-09 01:00:00,13.9,85,0.1,25.9,2,-0.9038969645947696,-25.88422241979458
2013-02-09 02:00:00,13.8,86,0.2,25.9,1,-0.45201732672564254,-25.896055304550533
2013-02-09 03:00:00,13.4,89,0.4,25.9,2,-0.9038969645947696,-25.88422241979458
2013-02-09 04:00:00,13.3,90,0.3,24.5,3,-1.2822309279521356,-24.466423601487058
2013-02-09 05:00:00,13.2,89,0.3,23.8,2,-0.8306080215195182,-23.78550168305448
2013-02-09 06:00:00,13.3,89,0.2,25.9,2,-0.9038969645947696,-25.88422241979458
2013-02-09 07:00:00,13.3,89,0.2,24.3,6,-2.5400416574039766,-24.166882057449044
2013-02-09 08:00:00,14.1,87,0.1,23.1,3,-1.2089605892120137,-23.068342252830657
2013-02-09 09:00:00,15.7,83,0.1,23.8,360,1.4573296909853504e-15,-23.8
2013-02-09 10:00:00,16.8,79,0.1,24.8,360,1.518562030942718e-15,-24.8
2013-02-09 11:00:00,17.8,76,0.0,25.2,360,1.543054966925665e-15,-25.2
2013-02-09 12:00:00,18.9,72,0.0,25.6,358,0.8934271155840277,-25.584405171688854
2013-02-09 13:00:00,19.0,71,0.1,26.3,356,1.8345952594704937,-26.23593452183338
2013-02-09 14:00:00,18.7,71,0.0,28.2,354,2.9477026641478274,-28.045517449385304
2013-02-09 15:00:00,17.8,70,0.0,29.2,356,2.036889033328457,-29.128870267586866
2013-02-09 16:00:00,16.9,71,0.0,28.1,359,0.4904126208876691,-28.095720233894596
2013-02-09 17:00:00,15.8,75,0.0,23.4,1,-0.4083863106324338,-23.396436066659554
2013-02-09 18:00:00,15.1,78,0.0,20.5,359,0.35777433196431374,-20.49687775070602
2013-02-09 19:00:00,14.4,81,0.0,21.3,358,0.743359279763273,-21.28702461550674
2013-02-09 20:00:00,14.0,83,0.0,21.3,356,1.4858128907498676,-21.248114270534256
2013-02-09 21:00:00,13.7,84,0.0,19.9,355,1.7343992806783968,-19.824274492025737
2013-02-09 22:00:00,13.4,86,0.0,18.8,353,2.291143656016773,-18.659867650856853
2013-02-09 23:00:00,13.1,88,0.0,19.1,356,1.332348648512792,-19.053473359962645
2013-02-10 00:00:00,12.7,91,0.0,19.8,359,0.34555764745821527,-19.79698436409655
2013-02-10 01:00:00,12.8,91,0.0,19.4,1,-0.33857668488329984,-19.39704528603399
2013-02-10 02:00:00,12.6,91,0.0,18.7,2,-0.6526205883367642,-18.68860846525709
2013-02-10 03:00:00,13.6,88,0.0,19.1,1,-0.33334096295211485,-19.097090977487074
2013-02-10 04:00:00,13.4,89,0.0,19.1,2,-0.6665803870177646,-19.08836479606473
2013-02-10 05:00:00,13.3,90,0.0,18.7,1,-0.3263600003772014,-18.697151899424515
2013-02-10 06:00:00,12.8,91,0.0,19.8,3,-1.0362519336102973,-19.772864788140563
2013-02-10 07:00:00,12.7,91,0.0,19.1,2,-0.6665803870177646,-19.08836479606473
2013-02-10 08:00:00,14.9,87,0.0,18.8,356,1.3114217063895544,-18.754204144884696
2013-02-10 09:00:00,17.2,78,0.0,20.2,356,1.4090807696313297,-20.15079381524845
2013-02-10 10:00:00,18.6,74,0.0,21.3,355,1.8564173205251184,-21.21894706935418
2013-02-10 11:00:00,19.5,71,0.0,23.1,356,1.611374543489293,-23.04372956100194
2013-02-10 12:00:00,20.3,70,0.0,24.5,357,1.2822309279521271,-24.466423601487058
2013-02-10 13:00:00,20.5,69,0.0,24.1,358,0.841077870530276,-24.08531893116021
2013-02-10 14:00:00,20.5,69,0.0,21.6,358,0.7538291287740234,-21.58684186361247
2013-02-10 15:00:00,19.9,69,0.0,21.3,357,1.1147558679747065,-21.270809090272422
2013-02-10 16:00:00,19.3,71,0.0,20.9,359,0.36475529453922717,-20.896816828768575
2013-02-10 17:00:00,18.3,74,0.0,19.4,359,0.3385766848833018,-19.39704528603399
2013-02-10 18:00:00,17.0,79,0.0,18.7,359,0.32636000037720325,-18.697151899424515
2013-02-10 19:00:00,16.0,83,0.0,20.2,356,1.4090807696313297,-20.15079381524845
2013-02-10 20:00:00,15.4,86,0.0,20.9,358,0.7293994810822725,-20.8872682846991
2013-02-10 21:00:00,14.9,89,0.0,18.4,357,0.9629815948701689,-18.37478343948416
2013-02-10 22:00:00,14.7,91,0.0,17.4,354,1.81879526085717,-17.304680979407955
2013-02-10 23:00:00,14.0,92,0.0,15.9,355,1.3857763096877644,-15.839495699658755
2013-02-11 00:00:00,14.1,92,0.0,14.4,357,0.7536377698983932,-14.380265300465863
2013-02-11 01:00:00,14.4,90,0.0,13.7,357,0.7170026005283323,-13.681224626137661
2013-02-11 02:00:00,14.3,91,0.0,14.0,359,0.24433369012197037,-13.997867732189478
2013-02-11 03:00:00,13.5,92,0.0,14.8,360,9.062386313690414e-16,-14.8
2013-02-11 04:00:00,13.1,94,0.0,17.3,1,-0.3019266313650045,-17.29736512620557
2013-02-11 05:00:00,13.0,94,0.0,18.8,3,-0.983915977367353,-18.77423525338599
2013-02-11 06:00:00,13.1,94,0.0,17.0,5,-1.4816476267101901,-16.935309867559674
2013-02-11 07:00:00,13.5,93,0.0,16.6,2,-0.5793316452615127,-16.58988772851699
2013-02-11 08:00:00,15.4,91,0.0,18.7,360,1.1450447572027753e-15,-18.7
2013-02-11 09:00:00,18.1,80,0.0,19.8,359,0.34555764745821527,-19.79698436409655
2013-02-11 10:00:00,19.4,75,0.0,20.6,356,1.43698335912898,-20.54981943535238
2013-02-11 11:00:00,20.7,71,0.0,22.0,355,1.917426340448479,-21.9162833580184
2013-02-11 12:00:00,21.6,68,0.0,22.7,356,1.5834719539916426,-22.644703940898008
2013-02-11 13:00:00,22.1,68,0.0,22.3,357,1.1670918242176505,-22.269438625026996
2013-02-11 14:00:00,22.1,68,0.0,22.7,356,1.5834719539916426,-22.644703940898008
2013-02-11 15:00:00,21.2,70,0.0,23.8,357,1.2455957585820665,-23.76738292715886
2013-02-11 16:00:00,20.4,72,0.0,22.3,1,-0.389188663551422,-22.296603601987528
2013-02-11 17:00:00,19.4,75,0.0,19.1,359,0.33334096295211674,-19.097090977487074
2013-02-11 18:00:00,17.9,81,0.0,19.1,1,-0.33334096295211485,-19.097090977487074
2013-02-11 19:00:00,16.8,86,0.0,16.9,2,-0.5898014942722628,-16.889704976622717
2013-02-11 20:00:00,16.2,89,0.0,15.9,357,0.8321417042628091,-15.878209602597725
2013-02-11 21:00:00,15.3,93,0.0,18.1,355,1.5775189437326125,-18.031124035460596
2013-02-11 22:00:00,14.8,93,0.0,18.0,360,1.102182119232618e-15,-18.0
2013-02-11 23:00:00,14.6,93,0.0,18.0,1,-0.31414331587110295,-17.997258512815044
2013-02-12 00:00:00,14.4,94,0.0,18.0,2,-0.6281909406450137,-17.989034886343724
2013-02-12 01:00:00,14.1,95,0.0,18.8,3,-0.983915977367353,-18.77423525338599
2013-02-12 02:00:00,13.7,96,0.0,17.7,4,-1.2346895852710227,-17.65688368959889
2013-02-12 03:00:00,13.8,95,0.0,19.8,360,1.2124003311558797e-15,-19.8
2013-02-12 04:00:00,13.7,96,0.0,20.5,2,-0.7154396824012657,-20.487511953891463
2013-02-12 05:00:00,14.1,95,0.0,19.5,3,-1.020551146737414,-19.47327592771419
2013-02-12 06:00:00,14.3,95,0.0,16.7,6,-1.7456253365698111,-16.608515652650166
2013-02-12 07:00:00,14.3,95,0.0,15.8,1,-0.27574802170907925,-15.797593583470983
2013-02-12 08:00:00,16.1,92,0.0,17.6,1,-0.30716235329618957,-17.59731943475249
2013-02-12 09:00:00,18.1,83,0.0,17.4,6,-1.8187952608571683,-17.304680979407955
2013-02-12 10:00:00,20.1,77,0.0,16.7,6,-1.7456253365698111,-16.608515652650166
2013-02-12 11:00:00,21.5,72,0.0,16.6,2,-0.5793316452615127,-16.58988772851699
2013-02-12 12:00:00,22.2,69,0.0,18.8,357,0.9839159773673466,-18.77423525338599
2013-02-12 13:00:00,22.3,69,0.0,22.3,357,1.1670918242176505,-22.269438625026996
2013-02-12 14:00:00,22.0,69,0.0,24.1,3,-1.2612965454549578,-24.06697178758523
2013-02-12 15:00:00,21.3,71,0.0,24.2,4,-1.688106664607839,-24.141050016287746
2013-02-12 16:00:00,20.3,74,0.0,24.2,5,-2.1091689744933295,-24.107911693820242
2013-02-12 17:00:00,19.2,77,0.0,22.4,6,-2.341437577195435,-22.27729045624932
2013-02-12 18:00:00,17.7,82,0.0,21.8,8,-3.033973600929435,-21.58784389856623
2013-02-12 19:00:00,16.7,85,0.0,22.4,6,-2.341437577195435,-22.27729045624932
2013-02-12 20:00:00,16.3,85,0.0,23.8,2,-0.8306080215195182,-23.78550168305448
2013-02-12 21:00:00,15.9,85,0.0,23.4,3,-1.2246613760848968,-23.367931113257026
2013-02-12 22:00:00,15.5,85,0.0,22.7,2,-0.7922185751467673,-22.686171773333474
2013-02-12 23:00:00,15.4,85,0.0,23.1,3,-1.2089605892120137,-23.068342252830657
2013-02-13 00:00:00,15.0,85,0.0,23.4,2,-0.8166482228385178,-23.38574535224684
2013-02-13 01:00:00,14.8,85,0.0,24.1,3,-1.2612965454549578,-24.06697178758523
2013-02-13 02:00:00,14.6,85,0.0,24.9,3,-1.303165310449313,-24.86587541538889
2013-02-13 03:00:00,14.6,86,0.1,25.6,3,-1.3398004798193743,-25.56491608971709
2013-02-13 04:00:00,14.6,85,0.1,26.0,4,-1.8136683173472652,-25.93666530675543
2013-02-13 05:00:00,14.7,85,0.1,24.9,3,-1.303165310449313,-24.86587541538889
2013-02-13 06:00:00,14.9,84,0.1,22.8,6,-2.383248962502497,-22.675099214396635
2013-02-13 07:00:00,15.0,84,0.1,22.8,5,-1.987150934646608,-22.7132391164918
2013-02-13 08:00:00,15.9,83,0.0,22.8,5,-1.987150934646608,-22.7132391164918
2013-02-13 09:00:00,17.7,77,0.0,22.1,6,-2.3100790382151395,-21.978933887638842
2013-02-13 10:00:00,19.1,73,0.0,22.7,3,-1.1880262067148357,-22.668890438928827
2013-02-13 11:00:00,20.6,69,0.0,24.1,1,-0.42060299513853233,-24.096329453269032
2013-02-13 12:00:00,21.6,66,0.0,25.6,2,-0.8934271155840195,-25.584405171688854
2013-02-13 13:00:00,22.1,64,0.0,25.6,1,-0.44678160479445755,-25.596100996003617
2013-02-13 14:00:00,21.5,67,0.0,24.8,1,-0.43281967964463075,-24.796222839878503
2013-02-13 15:00:00,22.1,63,0.0,23.4,359,0.4083863106324362,-23.396436066659554
2013-02-13 16:00:00,21.2,66,0.0,21.3,356,1.4858128907498676,-21.248114270534256
2013-02-13 17:00:00,20.0,70,0.0,19.2,354,2.0069464947389464,-19.094820391070847
2013-02-13 18:00:00,18.4,77,0.0,16.7,354,1.7456253365698127,-16.608515652650162
2013-02-13 19:00:00,17.7,80,0.0,14.9,353,1.8158532167366976,-14.788937659455698
2013-02-13 20:00:00,17.2,83,0.0,14.8,354,1.5470212563612713,-14.718924051450445
2013-02-13 21:00:00,16.7,86,0.0,14.8,356,1.0323958114130536,-14.763947943845398
2013-02-13 22:00:00,16.6,87,0.1,14.9,353,1.8158532167366976,-14.788937659455698
2013-02-13 23:00:00,16.3,89,0.1,15.3,352,2.129348444689002,-15.151101451746028
2013-02-14 00:00:00,15.8,92,0.1,16.7,353,2.035218034865963,-16.575520732410077
2013-02-14 01:00:00,15.9,92,0.2,16.6,356,1.157957464152479,-16.55956323431308
2013-02-14 02:00:00,15.6,93,0.1,15.5,357,0.8112073217656315,-15.478757788695894
2013-02-14 03:00:00,15.4,93,0.0,15.1,357,0.7902729392684539,-15.079305974794064
2013-02-14 04:00:00,15.3,94,0.0,14.4,359,0.2513146526968838,-14.397806810252035
2013-02-14 05:00:00,14.9,95,0.0,13.0,355,1.1330246557195558,-12.950531075192693
2013-02-14 06:00:00,14.7,96,0.0,13.3,357,0.6960682180311548,-13.281772812235833
2013-02-14 07:00:00,15.2,95,0.0,14.0,360,8.572527594031472e-16,-14.0
2013-02-14 08:00:00,16.7,94,0.0,14.0,1,-0.24433369012196898,-13.997867732189478
2013-02-14 09:00:00,18.5,88,0.0,13.3,357,0.6960682180311548,-13.281772812235833
2013-02-14 10:00:00,20.4,81,0.0,13.4,354,1.4006814077865564,-13.326593397934863
2013-02-14 11:00:00,21.5,76,0.0,13.8,351,2.158795617555187,-13.630099100212902
2013-02-14 12:00:00,22.7,72,0.0,14.9,352,2.0736792043049754,-14.7549942242494
2013-02-14 13:00:00,23.1,71,0.0,16.0,352,2.2267696153610474,-15.844289099865126
2013-02-14 14:00:00,23.2,70,0.0,15.6,352,2.171100374977021,-15.448181872368497
2013-02-14 15:00:00,23.0,70,0.0,14.9,352,2.0736792043049754,-14.7549942242494
2013-02-14 16:00:00,22.4,72,0.0,13.8,353,1.6817969389910354,-13.697136892650244
2013-02-14 17:00:00,21.2,77,0.0,12.6,355,1.0981623586204925,-12.552053195955994
2013-02-14 18:00:00,19.5,84,0.0,11.2,356,0.7812725059342026,-11.17271736291003
2013-02-14 19:00:00,18.3,89,0.0,9.1,7,-1.1090110249868392,-9.03216997993603
2013-02-14 20:00:00,17.2,93,0.0,8.0,5,-0.697245941981266,-7.969557584733964
2013-02-14 21:00:00,16.5,94,0.0,8.0,5,-0.697245941981266,-7.969557584733964
2013-02-14 22:00:00,16.8,91,0.0,8.3,2,-0.28966582263075635,-8.294943864258496
2013-02-14 23:00:00,16.8,90,0.0,8.6,360,5.265981236333618e-16,-8.6
2013-02-15 00:00:00,16.8,89,0.0,8.0,8,-1.1133848076805266,-7.922144549932562
2013-02-15 01:00:00,16.2,90,0.0,8.5,12,-1.767249371950958,-8.314254606237347
2013-02-15 02:00:00,15.0,92,0.0,8.7,17,-2.5436338310878126,-8.319851376878407
2013-02-15 03:00:00,15.9,88,0.0,7.9,16,-2.1775351109542913,-7.593967397912721
2013-02-15 04:00:00,15.2,91,0.0,9.3,16,-2.56342740909809,-8.939733772226367
2013-02-15 05:00:00,15.1,92,0.0,9.8,17,-2.8652427062828236,-9.371786608437747
2013-02-15 06:00:00,15.5,91,0.0,10.7,12,-2.2246550917500296,-10.46617932785172
2013-02-15 07:00:00,15.8,91,0.0,11.1,13,-2.496956703216904,-10.815507719116109
2013-02-15 08:00:00,17.9,88,0.0,12.9,13,-2.901868601035862,-12.569373835729534
2013-02-15 09:00:00,20.1,81,0.0,14.6,10,-2.535263393937183,-14.378193193978237
2013-02-15 10:00:00,20.9,79,0.0,15.9,4,-1.1091279325315968,-15.861268399131205
2013-02-15 11:00:00,21.3,78,0.0,18.0,359,0.3141433158711048,-17.997258512815044
2013-02-15 12:00:00,21.3,77,0.0,19.8,360,1.2124003311558797e-15,-19.8
2013-02-15 13:00:00,21.2,76,0.0,21.3,2,-0.7433592797632662,-21.28702461550674
2013-02-15 14:00:00,21.3,74,0.0,23.5,4,-1.639277132986951,-23.44275518110587
2013-02-15 15:00:00,20.9,75,0.0,24.2,5,-2.1091689744933295,-24.107911693820242
2013-02-15 16:00:00,20.4,75,0.0,25.6,4,-1.7857657278496148,-25.537639686651502
2013-02-15 17:00:00,19.2,77,0.0,23.8,4,-1.6602040751101887,-23.742024396183815
2013-02-15 18:00:00,17.9,81,0.0,23.1,2,-0.8061783738277676,-23.085928104141114
2013-02-15 19:00:00,16.9,82,0.0,23.4,1,-0.4083863106324338,-23.396436066659554
2013-02-15 20:00:00,16.3,84,0.0,23.1,2,-0.8061783738277676,-23.085928104141114
2013-02-15 21:00:00,15.9,84,0.0,21.3,3,-1.1147558679747138,-21.270809090272422
2013-02-15 22:00:00,15.1,88,0.0,21.2,1,-0.36999101647041016,-21.196771137315494
2013-02-15 23:00:00,14.5,90,0.0,23.0,1,-0.40140534805752043,-22.996496988597
2013-02-16 00:00:00,14.3,90,0.0,24.5,360,1.5001923289555077e-15,-24.5
2013-02-16 01:00:00,13.9,90,0.0,23.8,3,-1.2455957585820745,-23.76738292715886
2013-02-16 02:00:00,13.8,90,0.0,22.7,3,-1.1880262067148357,-22.668890438928827
2013-02-16 03:00:00,14.1,87,0.0,23.4,2,-0.8166482228385178,-23.38574535224684
2013-02-16 04:00:00,14.2,87,0.0,23.4,4,-1.6323014856125384,-23.342998776079884
2013-02-16 05:00:00,14.4,86,0.0,22.7,4,-1.5834719539916506,-22.644703940898008
2013-02-16 06:00:00,14.2,88,0.0,18.9,8,-2.6303716081452437,-18.716066499215675
2013-02-16 07:00:00,14.3,88,0.0,19.2,5,-1.6733902607550384,-19.126938203361515
2013-02-16 08:00:00,16.9,79,0.0,21.6,2,-0.7538291287740165,-21.58684186361247
2013-02-16 09:00:00,18.4,74,0.0,22.3,3,-1.167091824217658,-22.269438625026996
2013-02-16 10:00:00,20.0,70,0.0,20.5,2,-0.7154396824012657,-20.487511953891463
2013-02-16 11:00:00,21.2,67,0.0,19.1,359,0.33334096295211674,-19.097090977487074
2013-02-16 12:00:00,22.3,64,0.0,18.4,357,0.9629815948701689,-18.37478343948416
2013-02-16 13:00:00,22.7,63,0.0,17.3,355,1.5077943495344859,-17.234168276987198
2013-02-16 14:00:00,22.8,63,0.0,17.4,354,1.81879526085717,-17.304680979407955
2013-02-16 15:00:00,22.3,65,0.0,18.4,354,1.9233237241248236,-18.299202874776228
2013-02-16 16:00:00,21.5,66,0.0,19.1,356,1.332348648512792,-19.053473359962645
2013-02-16 17:00:00,20.2,71,0.0,16.6,358,0.579331645261518,-16.58988772851699
2013-02-16 18:00:00,18.9,76,0.0,13.7,357,0.7170026005283323,-13.681224626137661
2013-02-16 19:00:00,17.8,82,0.0,12.3,355,1.0720156357961952,-12.253194786528471
2013-02-16 20:00:00,17.1,86,0.0,11.7,351,1.8302832409707017,-11.555953584963111
2013-02-16 21:00:00,16.4,91,0.0,10.2,352,1.4195656297926678,-10.100734301164017
2013-02-16 22:00:00,16.3,90,0.0,8.8,351,1.3766232923540322,-8.691657397237213
2013-02-16 23:00:00,16.3,90,0.0,8.3,342,2.564841053312064,-7.893769085249775
2013-02-17 00:00:00,16.5,89,0.0,8.0,342,2.4721359549995796,-7.608452130361228
2013-02-17 01:00:00,16.4,90,0.1,7.3,340,2.4967470462773824,-6.8597561317371305
2013-02-17 02:00:00,15.9,92,0.2,7.9,344,2.1775351109542935,-7.59396739791272
2013-02-17 03:00:00,15.5,96,0.2,7.3,349,1.3929056662487778,-7.165878439167947
2013-02-17 04:00:00,15.5,97,0.2,8.4,353,1.023702484603239,-8.337387673787106
2013-02-17 05:00:00,15.3,97,0.2,10.1,356,0.7045403848156648,-10.075396907624224
2013-02-17 06:00:00,15.3,97,0.2,10.8,4,-0.7533699164365563,-10.773691742806102
2013-02-17 07:00:00,15.2,97,0.1,10.8,360,6.613092715395707e-16,-10.8
2013-02-17 08:00:00,17.1,94,0.0,11.2,360,6.858022075225178e-16,-11.2
2013-02-17 09:00:00,18.5,89,0.0,10.8,360,6.613092715395707e-16,-10.8
2013-02-17 10:00:00,20.1,82,0.0,10.4,358,0.36295476570601126,-10.393664600998596
2013-02-17 11:00:00,21.3,77,0.0,9.6,347,2.159530121701103,-9.353952621938259
2013-02-17 12:00:00,22.5,72,0.0,10.0,339,3.583679495453004,-9.335804264972017
2013-02-17 13:00:00,23.2,70,0.0,11.4,332,5.351975815759156,-10.065602558591767
2013-02-17 14:00:00,23.2,70,0.0,11.6,330,5.800000000000001,-10.045894683899487
2013-02-17 15:00:00,23.5,69,0.0,11.3,329,5.8199302464836125,-9.68599049793387
2013-02-17 16:00:00,22.8,72,0.0,9.7,329,4.995869326627525,-8.31452281681049
2013-02-17 17:00:00,21.7,76,0.0,7.7,332,3.61493103345136,-6.798696465013737
2013-02-17 18:00:00,20.2,82,0.0,6.4,333,2.9055391983331,-5.702441754805554
2013-02-17 19:00:00,18.6,90,0.0,5.8,338,2.1727182418122895,-5.377666356487367
2013-02-17 20:00:00,17.4,94,0.0,4.8,347,1.0797650608505516,-4.676976310969129
2013-02-17 21:00:00,16.6,95,0.0,5.1,356,0.35575801609503865,-5.087576656325103
2013-02-17 22:00:00,16.4,95,0.0,5.0,360,3.061616997868383e-16,-5.0
2013-02-17 23:00:00,16.3,94,0.0,4.7,9,-0.7352419856890859,-4.6421352007971475
2013-02-18 00:00:00,16.7,93,0.0,4.0,27,-1.8159619989581877,-3.564026096753471
2013-02-18 01:00:00,16.5,93,0.0,3.1,45,-2.192031021678298,-2.192031021678297
2013-02-18 02:00:00,15.7,93,0.0,3.8,41,-2.4930243101639276,-2.8678964048465336
2013-02-18 03:00:00,16.1,90,0.0,5.4,37,-3.2498011250210608,-4.312631754255381
2013-02-18 04:00:00,15.5,90,0.0,6.4,38,-3.940233442084212,-5.043268823083022
2013-02-18 05:00:00,15.2,90,0.0,7.3,33,-3.9758649556096968,-6.122295146001595
2013-02-18 06:00:00,15.3,87,0.0,8.0,54,-6.4721359549995805,-4.702282018339784
2013-02-18 07:00:00,16.1,84,0.0,7.1,66,-6.486172749262466,-2.8878301658381815
2013-02-18 08:00:00,18.1,91,0.0,4.6,45,-3.2526911934581193,-3.252691193458118
2013-02-18 09:00:00,22.0,74,0.0,4.0,10,-0.6945927106677213,-3.939231012048832
2013-02-18 10:00:00,23.4,69,0.0,3.3,354,0.3449439287832564,-3.2819222547153015
2013-02-18 11:00:00,24.9,63,0.0,3.3,319,2.1649947956686737,-2.4905416147351476
2013-02-18 12:00:00,25.8,61,0.0,6.1,298,5.385980316439454,-2.8637765329939335
2013-02-18 13:00:00,26.3,60,0.0,7.9,300,6.841600689897066,-3.9499999999999997
2013-02-18 14:00:00,26.4,60,0.0,7.3,290,6.859756131737131,-2.4967470462773815
2013-02-18 15:00:00,26.4,61,0.0,6.5,289,6.1458707413955596,-2.1161930039715187
2013-02-18 16:00:00,25.9,62,0.0,7.5,305,6.143640332167439,-4.301823272632845
2013-02-18 17:00:00,24.9,66,0.0,7.4,331,3.587591189822895,-6.472185832831529
2013-02-18 18:00:00,23.1,74,0.0,7.4,346,1.7902220274375409,-7.180188374442374
2013-02-18 19:00:00,21.2,86,0.0,6.2,7,-0.7555899291119125,-6.153786140176197
2013-02-18 20:00:00,21.4,82,0.0,3.9,56,-3.233246532964663,-2.180852323535912
2013-02-18 21:00:00,21.1,83,0.0,3.6,90,-3.6,4.4087284769304716e-16
2013-02-18 22:00:00,20.5,85,0.0,3.1,36,-1.822134282106667,-2.507952682562337
2013-02-18 23:00:00,18.5,91,0.0,4.7,23,-1.836436303899587,-4.326372811226469
2013-02-19 00:00:00,17.4,94,0.0,5.8,30,-2.9000000000000026,-5.022947341949743
2013-02-19 01:00:00,17.0,94,0.0,7.2,37,-4.333068166694748,-5.750175672340508
2013-02-19 02:00:00,17.3,92,0.0,7.7,37,-4.6339756782707715,-6.149493427364155
2013-02-19 03:00:00,18.7,87,0.3,6.4,38,-3.940233442084212,-5.043268823083022
2013-02-19 04:00:00,19.2,85,0.4,5.5,32,-2.9145559532826275,-4.664264528860342
2013-02-19 05:00:00,18.9,85,0.3,5.8,30,-2.9000000000000026,-5.022947341949743
2013-02-19 06:00:00,18.5,86,0.4,8.2,29,-3.975438886019962,-7.171881598543046
2013-02-19 07:00:00,18.2,87,0.3,11.2,21,-4.013721034907368,-10.456100776768658
2013-02-19 08:00:00,19.4,89,0.3,15.6,7,-1.901161757120296,-15.483719965604624
2013-02-19 09:00:00,21.0,89,0.3,19.8,2,-0.691010034709515,-19.787938374978097
2013-02-19 10:00:00,21.1,89,0.2,21.3,2,-0.7433592797632662,-21.28702461550674
2013-02-19 11:00:00,21.6,85,0.2,22.7,1,-0.3961696261263354,-22.69654268005008
2013-02-19 12:00:00,21.7,83,0.0,25.2,360,1.543054966925665e-15,-25.2
2013-02-19 13:00:00,21.6,81,0.0,27.4,1,-0.4781959363815678,-27.395826847285118
2013-02-19 14:00:00,21.2,78,0.0,27.8,3,-1.4549395835538517,-27.761901066177153
2013-02-19 15:00:00,20.7,73,0.0,28.5,2,-0.9946356560212717,-28.48263857004423
2013-02-19 16:00:00,19.7,73,0.0,29.5,2,-1.0295351527237724,-29.482029397063325
2013-02-19 17:00:00,18.3,75,0.0,29.5,1,-0.5148459898998632,-29.49550700711354
2013-02-19 18:00:00,16.8,78,0.0,29.2,4,-2.036889033328467,-29.128870267586866
2013-02-19 19:00:00,16.0,78,0.0,29.2,4,-2.036889033328467,-29.128870267586866
2013-02-19 20:00:00,15.8,77,0.0,29.9,2,-1.0434949514047727,-29.881785727870962
2013-02-19 21:00:00,15.6,77,0.0,29.5,1,-0.5148459898998632,-29.49550700711354
2013-02-19 22:00:00,15.3,78,0.0,28.4,1,-0.49564834281885134,-28.395674542441512
2013-02-19 23:00:00,14.9,78,0.0,28.4,359,0.49564834281885417,-28.395674542441512
2013-02-20 00:00:00,14.7,78,0.0,28.1,1,-0.4904126208876663,-28.095720233894596
2013-02-20 01:00:00,14.6,78,0.0,26.6,1,-0.4642340112317411,-26.59594869116001
2013-02-20 02:00:00,14.6,78,0.0,27.0,360,1.6532731788489269e-15,-27.0
2013-02-20 03:00:00,14.8,77,0.0,26.3,1,-0.45899828930055603,-26.29599438261309
2013-02-20 04:00:00,14.8,77,0.0,25.6,1,-0.44678160479445755,-25.596100996003617
2013-02-20 05:00:00,14.7,78,0.0,24.8,1,-0.43281967964463075,-24.796222839878503
2013-02-20 06:00:00,14.9,78,0.0,23.8,3,-1.2455957585820745,-23.76738292715886
2013-02-20 07:00:00,14.9,80,0.0,22.8,5,-1.987150934646608,-22.7132391164918
2013-02-20 08:00:00,16.6,75,0.0,23.8,3,-1.2455957585820745,-23.76738292715886
2013-02-20 09:00:00,18.3,69,0.0,24.8,1,-0.43281967964463075,-24.796222839878503
2013-02-20 10:00:00,19.3,68,0.0,25.9,359,0.45201732672564515,-25.896055304550533
2013-02-20 11:00:00,20.5,66,0.0,25.9,360,1.5859176048958222e-15,-25.9
2013-02-20 12:00:00,21.3,64,0.0,25.6,360,1.5675479029086122e-15,-25.6
2013-02-20 13:00:00,21.7,64,0.0,24.1,1,-0.42060299513853233,-24.096329453269032
2013-02-20 14:00:00,21.5,64,0.0,24.5,360,1.5001923289555077e-15,-24.5
2013-02-20 15:00:00,21.0,65,0.0,25.6,359,0.44678160479446016,-25.596100996003617
2013-02-20 16:00:00,20.2,67,0.0,27.0,359,0.47121497380665717,-26.995887769222563
2013-02-20 17:00:00,18.9,71,0.0,25.2,360,1.543054966925665e-15,-25.2
2013-02-20 18:00:00,17.4,76,0.0,24.5,360,1.5001923289555077e-15,-24.5
2013-02-20 19:00:00,16.6,79,0.0,23.1,2,-0.8061783738277676,-23.085928104141114
2013-02-20 20:00:00,16.2,81,0.0,22.7,358,0.7922185751467745,-22.686171773333474
2013-02-20 21:00:00,16.1,82,0.0,22.3,357,1.1670918242176505,-22.269438625026996
2013-02-20 22:00:00,15.8,85,0.0,20.9,358,0.7293994810822725,-20.8872682846991
2013-02-20 23:00:00,15.4,87,0.0,19.8,358,0.6910100347095214,-19.787938374978097
2013-02-21 00:00:00,15.4,88,0.0,19.1,360,1.1695376931857224e-15,-19.1
2013-02-21 01:00:00,15.4,88,0.0,19.5,358,0.6805401856987711,-19.488121126872368
2013-02-21 02:00:00,15.0,90,0.0,20.5,360,1.255262969126037e-15,-20.5
2013-02-21 03:00:00,14.5,90,0.0,19.5,2,-0.6805401856987648,-19.488121126872368
2013-02-21 04:00:00,14.4,90,0.0,19.8,2,-0.691010034709515,-19.787938374978097
2013-02-21 05:00:00,14.0,91,0.0,20.2,1,-0.35253861003312664,-20.196923442159104
2013-02-21 06:00:00,13.7,92,0.0,19.5,4,-1.3602512380104488,-19.452498980066572
2013-02-21 07:00:00,13.7,92,0.0,18.0,3,-0.9420472123729975,-17.975331625582328
2013-02-21 08:00:00,16.8,85,0.0,18.7,359,0.32636000037720325,-18.697151899424515
2013-02-21 09:00:00,19.3,76,0.0,22.0,357,1.1513910373447673,-21.969849764600625
2013-02-21 10:00:00,20.8,71,0.0,23.8,357,1.2455957585820665,-23.76738292715886
2013-02-21 11:00:00,21.8,69,0.0,23.4,359,0.4083863106324362,-23.396436066659554
2013-02-21 12:00:00,22.7,67,0.0,23.4,356,1.6323014856125304,-23.342998776079884
2013-02-21 13:00:00,22.9,67,0.0,24.9,358,0.8689974678922768,-24.884831592775484
2013-02-21 14:00:00,22.7,68,0.0,24.9,358,0.8689974678922768,-24.884831592775484
2013-02-21 15:00:00,22.0,69,0.0,24.2,357,1.266530141079244,-24.166834741060686
2013-02-21 16:00:00,21.3,72,0.0,23.5,356,1.6392771329869429,-23.44275518110587
2013-02-21 17:00:00,20.0,77,0.0,23.4,356,1.6323014856125304,-23.342998776079884
2013-02-21 18:00:00,18.3,83,0.0,24.1,360,1.4756993929725606e-15,-24.1
2013-02-21 19:00:00,17.3,87,0.0,23.1,2,-0.8061783738277676,-23.085928104141114
2013-02-21 20:00:00,16.9,89,0.0,23.4,360,1.432836755002403e-15,-23.4
2013-02-21 21:00:00,16.6,90,0.0,23.8,2,-0.8306080215195182,-23.78550168305448
2013-02-21 22:00:00,16.2,92,0.0,22.3,1,-0.389188663551422,-22.296603601987528
2013-02-21 23:00:00,15.9,93,0.0,21.2,1,-0.36999101647041016,-21.196771137315494
2013-02-22 00:00:00,15.6,94,0.0,19.8,1,-0.34555764745821327,-19.79698436409655
2013-02-22 01:00:00,15.5,94,0.0,20.2,1,-0.35253861003312664,-20.196923442159104
2013-02-22 02:00:00,15.6,94,0.0,21.3,2,-0.7433592797632662,-21.28702461550674
2013-02-22 03:00:00,15.5,92,0.0,20.9,3,-1.0938214854775359,-20.871357276370592
2013-02-22 04:00:00,15.3,93,0.0,21.2,1,-0.36999101647041016,-21.196771137315494
2013-02-22 05:00:00,15.0,93,0.0,23.4,1,-0.4083863106324338,-23.396436066659554
2013-02-22 06:00:00,14.7,93,0.0,23.8,3,-1.2455957585820745,-23.76738292715886
2013-02-22 07:00:00,14.7,92,0.0,24.2,3,-1.2665301410792522,-24.166834741060686
2013-02-22 08:00:00,16.1,87,0.0,25.6,2,-0.8934271155840195,-25.584405171688854
2013-02-22 09:00:00,18.1,80,0.0,26.0,3,-1.360734862316552,-25.96436790361892
2013-02-22 10:00:00,19.9,72,0.0,26.3,4,-1.8345952594705028,-26.23593452183338
2013-02-22 11:00:00,21.3,68,0.0,27.4,2,-0.9562462096485208,-27.383308660323223
2013-02-22 12:00:00,22.0,65,0.0,28.1,359,0.4904126208876691,-28.095720233894596
2013-02-22 13:00:00,22.3,65,0.0,28.8,359,0.5026293053937676,-28.79561362050407
2013-02-22 14:00:00,21.7,67,0.0,31.0,357,1.622414643531263,-30.95751557739179
2013-02-22 15:00:00,21.1,66,0.0,33.5,358,1.1691331395337863,-33.47959270513971
2013-02-22 16:00:00,19.7,70,0.0,33.1,1,-0.5776746530740838,-33.094958709676554
2013-02-22 17:00:00,18.5,73,0.0,30.6,1,-0.5340436369808751,-30.595339471785575
2013-02-22 18:00:00,17.1,78,0.0,28.2,4,-1.9671325595843414,-28.13130621732704
2013-02-22 19:00:00,16.5,80,0.0,26.0,4,-1.8136683173472652,-25.93666530675543
2013-02-22 20:00:00,16.3,81,0.0,25.9,2,-0.9038969645947696,-25.88422241979458
2013-02-22 21:00:00,16.1,81,0.0,24.9,2,-0.868997467892269,-24.884831592775484
2013-02-22 22:00:00,15.9,82,0.0,24.1,2,-0.8410778705302684,-24.08531893116021
2013-02-22 23:00:00,15.6,84,0.0,24.1,2,-0.8410778705302684,-24.08531893116021
2013-02-23 00:00:00,15.4,84,0.0,24.8,1,-0.43281967964463075,-24.796222839878503
2013-02-23 01:00:00,15.3,84,0.0,26.3,1,-0.45899828930055603,-26.29599438261309
2013-02-23 02:00:00,15.2,83,0.0,27.0,2,-0.9422864109675205,-26.983552329515586
2013-02-23 03:00:00,15.2,81,0.0,26.4,5,-2.3009116085381778,-26.29954002962208
2013-02-23 04:00:00,15.1,81,0.0,24.9,3,-1.303165310449313,-24.86587541538889
2013-02-23 05:00:00,15.0,82,0.0,23.1,4,-1.611374543489301,-23.04372956100194
2013-02-23 06:00:00,14.2,86,0.0,21.3,4,-1.4858128907498749,-21.248114270534256
2013-02-23 07:00:00,14.6,83,0.0,20.2,2,-0.7049698333905153,-20.187694705785734
2013-02-23 08:00:00,17.3,77,0.0,20.9,1,-0.36475529453922506,-20.896816828768575
2013-02-23 09:00:00,19.6,68,0.0,23.4,358,0.8166482228385252,-23.38574535224684
2013-02-23 10:00:00,21.1,64,0.0,26.0,357,1.3607348623165432,-25.96436790361892
2013-02-23 11:00:00,22.2,62,0.0,27.0,357,1.4130708185594871,-26.962997438373492
2013-02-23 12:00:00,23.1,60,0.0,27.4,355,2.388067351285833,-27.29573472771383
2013-02-23 13:00:00,23.4,59,0.0,26.8,355,2.335773905637238,-26.69801790885878
2013-02-23 14:00:00,23.4,59,0.0,26.8,355,2.335773905637238,-26.69801790885878
2013-02-23 15:00:00,22.8,60,0.0,26.4,355,2.3009116085381747,-26.29954002962208
2013-02-23 16:00:00,21.8,63,0.0,25.6,356,1.785765727849606,-25.537639686651502
2013-02-23 17:00:00,20.6,67,0.0,22.7,356,1.5834719539916426,-22.644703940898008
2013-02-23 18:00:00,19.0,73,0.0,19.8,359,0.34555764745821527,-19.79698436409655
2013-02-23 19:00:00,18.0,77,0.0,17.3,360,1.0593194812624606e-15,-17.3
2013-02-23 20:00:00,17.1,83,0.0,15.1,357,0.7902729392684539,-15.079305974794064
2013-02-23 21:00:00,16.5,87,0.0,13.8,354,1.4424927930936178,-13.724402156082173
2013-02-23 22:00:00,16.3,89,0.0,11.9,357,0.6227978792910333,-11.88369146357943
2013-02-23 23:00:00,16.2,89,0.0,10.5,356,0.732442974313315,-10.474422527728153
2013-02-24 00:00:00,16.5,87,0.0,10.5,354,1.0975488643103612,-10.44247990136687
2013-02-24 01:00:00,16.6,87,0.0,9.5,349,1.8126854560771768,-9.325458242752807
2013-02-24 02:00:00,16.5,87,0.0,8.8,348,1.8296228791962834,-8.60769888645749
2013-02-24 03:00:00,17.0,84,0.0,7.7,349,1.4692292643993958,-7.558529312547013
2013-02-24 04:00:00,17.2,84,0.0,7.0,348,1.4553818357243162,-6.847033205136639
2013-02-24 05:00:00,17.0,85,0.0,4.4,351,0.6883116461770161,-4.3458286986186065
2013-02-24 06:00:00,16.2,88,0.0,2.5,180,1.5308084989341916e-16,2.5
2013-02-24 07:00:00,15.8,90,0.0,2.2,189,0.34415582308850806,2.1729143493093033
2013-02-24 08:00:00,18.2,87,0.0,1.3,236,1.0777488443215542,0.726950774511971
2013-02-24 09:00:00,20.5,78,0.0,3.5,246,3.197409101749103,1.4235782507653008
2013-02-24 10:00:00,22.2,71,0.0,8.3,252,7.893769085249775,2.5648410533120636
2013-02-24 11:00:00,23.0,69,0.0,11.9,267,11.88369146357943,0.6227978792910317
2013-02-24 12:00:00,23.4,68,0.0,13.2,281,12.957478821509163,-2.518678738970391
2013-02-24 13:00:00,23.3,68,0.0,13.3,289,12.575397055470916,-4.330056454280184
2013-02-24 14:00:00,23.1,68,0.0,12.1,293,11.138108726774528,-4.727846654720213
2013-02-24 15:00:00,22.3,70,0.0,11.4,298,10.065602558591769,-5.351975815759156
2013-02-24 16:00:00,21.4,72,0.0,10.0,308,7.880107536067219,-6.156614753256583
2013-02-24 17:00:00,20.2,74,0.0,7.1,315,5.020458146424487,-5.020458146424486
2013-02-24 18:00:00,19.3,78,0.0,4.6,315,3.2526911934581184,-3.252691193458118
2013-02-24 19:00:00,18.7,82,0.0,4.3,312,3.195522749552795,-2.8772616073430903
2013-02-24 20:00:00,17.7,90,0.0,4.1,315,2.899137802864845,-2.8991378028648445
2013-02-24 21:00:00,17.6,88,0.0,5.6,315,3.9597979746446663,-3.9597979746446654
2013-02-24 22:00:00,17.0,90,0.0,7.0,325,4.015035054457323,-5.7340643100229425
2013-02-24 23:00:00,16.6,91,0.0,7.8,338,2.9219314286441134,-7.232034065620942
2013-02-25 00:00:00,16.5,91,0.0,7.4,346,1.7902220274375409,-7.180188374442374
2013-02-25 01:00:00,16.3,92,0.0,8.0,355,0.6972459419812651,-7.969557584733964
2013-02-25 02:00:00,15.4,95,0.0,9.0,2,-0.31409547032250684,-8.994517443171862
2013-02-25 03:00:00,14.8,96,0.0,8.1,13,-1.8221035401853085,-7.892397524760404
2013-02-25 04:00:00,14.9,94,0.0,7.8,13,-1.7546182238821488,-7.600086505324834
2013-02-25 05:00:00,15.3,92,0.0,7.6,8,-1.0577155672965002,-7.526037322435934
2013-02-25 06:00:00,15.5,90,0.0,8.4,10,-1.458644692402215,-8.272385125302547
2013-02-25 07:00:00,15.8,89,0.0,8.7,17,-2.5436338310878126,-8.319851376878407
2013-02-25 08:00:00,17.7,89,0.0,7.8,13,-1.7546182238821488,-7.600086505324834
2013-02-25 09:00:00,19.9,81,0.0,7.6,3,-0.39775326744637673,-7.589584464134761
2013-02-25 10:00:00,21.8,73,0.0,8.4,350,1.4586446924022156,-8.272385125302547
2013-02-25 11:00:00,23.2,67,0.0,10.6,342,3.275580140374443,-10.081199072728626
2013-02-25 12:00:00,24.3,63,0.0,13.2,343,3.859306502340125,-12.623222778712067
2013-02-25 13:00:00,24.6,62,0.0,13.8,345,3.571702822414786,-13.329776402789143
2013-02-25 14:00:00,24.2,63,0.0,13.9,343,4.063966695646041,-13.292636107886192
2013-02-25 15:00:00,23.5,67,0.0,13.6,343,3.97625518422922,-13.005744681097282
2013-02-25 16:00:00,23.0,69,0.0,11.0,341,3.5812496990287244,-10.400704331592484
2013-02-25 17:00:00,21.9,73,0.0,9.6,340,3.2833933759264204,-9.02104915954472
2013-02-25 18:00:00,20.4,79,0.0,7.9,344,2.1775351109542935,-7.59396739791272
2013-02-25 19:00:00,19.0,87,0.0,7.2,357,0.3768188849491966,-7.190132650232932
2013-02-25 20:00:00,18.6,87,0.0,7.3,9,-1.1419715947936866,-7.210124886344505
2013-02-25 21:00:00,18.5,86,0.0,7.9,16,-2.1775351109542913,-7.593967397912721
2013-02-25 22:00:00,18.4,86,0.0,7.6,19,-2.4743179738743906,-7.185941174554808
2013-02-25 23:00:00,18.2,86,0.0,7.3,20,-2.49674704627738,-6.859756131737131
2013-02-26 00:00:00,17.9,87,0.0,7.6,8,-1.0577155672965002,-7.526037322435934
2013-02-26 01:00:00,17.6,87,0.0,7.9,360,4.837354856632045e-16,-7.9
2013-02-26 02:00:00,16.4,93,0.0,7.2,360,4.4087284769304716e-16,-7.2
2013-02-26 03:00:00,17.7,82,0.0,5.4,360,3.3065463576978537e-16,-5.4
2013-02-26 04:00:00,17.6,82,0.0,4.0,360,2.4492935982947064e-16,-4.0
2013-02-26 05:00:00,17.5,82,0.0,4.0,5,-0.348622970990633,-3.984778792366982
2013-02-26 06:00:00,16.9,83,0.0,2.9,60,-2.5114736709748717,-1.4500000000000002
2013-02-26 07:00:00,16.6,84,0.0,4.1,105,-3.9602958877851795,1.0611580849203361
2013-02-26 08:00:00,18.3,87,0.0,3.7,119,-3.2360929164157644,1.7937955949114477
2013-02-26 09:00:00,21.7,70,0.0,2.4,243,2.138415658052083,1.0895771993749122
2013-02-26 10:00:00,22.3,69,0.0,4.9,287,4.685893304218874,-1.4326213531414103
2013-02-26 11:00:00,23.3,66,0.0,6.6,299,5.772490067120011,-3.1997434936258244
2013-02-26 12:00:00,23.2,67,0.0,6.2,306,5.0159053651246746,-3.6442685642133337
2013-02-26 13:00:00,22.1,71,0.0,4.6,315,3.2526911934581184,-3.252691193458118
2013-02-26 14:00:00,21.1,76,0.0,6.0,327,3.2678342100901627,-5.032023407672544
2013-02-26 15:00:00,21.6,73,0.0,3.7,349,0.7059932828932162,-3.632020578756357
2013-02-26 16:00:00,21.4,73,0.0,1.6,27,-0.7263847995832751,-1.4256104387013886
2013-02-26 17:00:00,21.2,76,0.0,3.1,315,2.1920310216782974,-2.192031021678297
2013-02-26 18:00:00,20.3,80,0.0,4.6,288,4.3748599749577055,-1.421478174124758
2013-02-26 19:00:00,19.1,87,0.0,3.0,284,2.9108871788279895,-0.7257656867990032
2013-02-26 20:00:00,18.9,86,0.0,0.8,27,-0.36319239979163753,-0.7128052193506943
2013-02-26 21:00:00,18.7,86,0.0,2.4,63,-2.138415658052083,-1.089577199374912
2013-02-26 22:00:00,18.3,87,0.0,2.5,45,-1.7677669529663693,-1.7677669529663687
2013-02-26 23:00:00,18.0,88,0.0,3.3,6,-0.3449439287832561,-3.281922254715302
2013-02-27 00:00:00,17.6,88,0.0,4.3,355,0.37476969381492997,-4.283637201794505
2013-02-27 01:00:00,17.3,90,0.2,5.8,4,-0.40458754771592836,-5.78587149150698
2013-02-27 02:00:00,16.8,91,0.0,5.6,40,-3.5996106142446207,-4.289848881466276
2013-02-27 03:00:00,18.0,86,0.0,6.2,69,-5.788198644282651,-2.221881287180863
2013-02-27 04:00:00,18.8,82,0.0,4.3,42,-2.87726160734309,-3.195522749552796
2013-02-27 05:00:00,18.2,87,0.4,4.7,23,-1.836436303899587,-4.326372811226469
2013-02-27 06:00:00,17.4,90,0.4,5.5,32,-2.9145559532826275,-4.664264528860342
2013-02-27 07:00:00,17.2,91,0.1,5.9,43,-4.023790324368742,-4.314986839553106
2013-02-27 08:00:00,19.4,88,0.0,7.4,51,-5.750880114781584,-4.656970893768799
2013-02-27 09:00:00,21.4,80,0.0,6.4,38,-3.940233442084212,-5.043268823083022
2013-02-27 10:00:00,22.3,76,0.2,5.9,11,-1.1257730727216133,-5.791600382341218
2013-02-27 11:00:00,22.5,77,0.3,10.2,350,1.77121141220269,-10.045039080724521
2013-02-27 12:00:00,23.2,73,0.0,14.7,349,2.8048922320352103,-14.42991959668066
2013-02-27 13:00:00,23.5,71,0.0,15.6,353,1.9011617571203008,-15.483719965604623
2013-02-27 14:00:00,23.3,73,0.0,15.9,356,1.1091279325315913,-15.861268399131205
2013-02-27 15:00:00,23.5,74,0.0,15.5,356,1.0812253430339411,-15.462242779027275
2013-02-27 16:00:00,22.9,75,0.0,16.6,358,0.579331645261518,-16.58988772851699
2013-02-27 17:00:00,21.7,79,0.0,16.6,360,1.0164568432923032e-15,-16.6
2013-02-27 18:00:00,20.1,84,0.0,17.7,5,-1.542656646633551,-17.632646156223895
2013-02-27 19:00:00,18.8,89,0.0,17.0,5,-1.4816476267101901,-16.935309867559674
2013-02-27 20:00:00,17.9,92,0.0,15.5,5,-1.350914012588703,-15.441017820422056
2013-02-27 21:00:00,17.2,94,0.0,14.1,6,-1.4738513320739124,-14.022758724692654
2013-02-27 22:00:00,16.8,93,0.0,13.3,3,-0.6960682180311593,-13.281772812235833
2013-02-27 23:00:00,16.8,91,0.0,13.4,5,-1.1678869528186206,-13.34900895442939
2013-02-28 00:00:00,16.6,91,0.0,13.7,3,-0.717002600528337,-13.681224626137661
2013-02-28 01:00:00,16.4,91,0.0,14.8,360,9.062386313690414e-16,-14.8
2013-02-28 02:00:00,15.7,91,0.0,15.5,3,-0.8112073217656367,-15.478757788695894
2013-02-28 03:00:00,15.7,88,0.0,15.9,5,-1.3857763096877662,-15.839495699658755
2013-02-28 04:00:00,15.1,89,0.0,16.0,9,-2.5029514406436966,-15.803013449522203
2013-02-28 05:00:00,15.2,87,0.0,15.1,12,-3.1394665313481727,-14.770028771080463
2013-02-28 06:00:00,15.8,83,0.0,13.2,17,-3.8593065023401296,-12.623222778712066
2013-02-28 07:00:00,17.2,78,0.0,10.8,15,-2.795245687107223,-10.431998923921938
2013-02-28 08:00:00,18.4,83,0.0,9.7,360,5.939536975864663e-16,-9.7
2013-02-28 09:00:00,21.9,66,0.0,10.3,348,2.1414904154229224,-10.074920287558198
2013-02-28 10:00:00,23.4,62,0.0,10.7,340,3.659615533584656,-10.054711042409219
2013-02-28 11:00:00,24.6,59,0.0,12.2,336,4.962187045524762,-11.14525458323973
2013-02-28 12:00:00,25.2,58,0.0,13.9,339,4.981314498679676,-12.976767928311105
2013-02-28 13:00:00,25.4,59,0.0,14.6,340,4.993494092554765,-13.719512263474261
2013-02-28 14:00:00,25.2,60,0.0,14.1,341,4.59051097784591,-13.331811915950366
2013-02-28 15:00:00,24.1,65,0.0,11.8,340,4.035837691242892,-11.088372925273719
2013-02-28 16:00:00,23.4,68,0.0,9.4,342,2.904759747124506,-8.939931253174443
2013-02-28 17:00:00,22.5,72,0.0,8.0,342,2.4721359549995796,-7.608452130361228
2013-02-28 18:00:00,20.8,79,0.0,7.8,338,2.9219314286441134,-7.232034065620942
2013-02-28 19:00:00,19.1,88,0.0,7.7,349,1.4692292643993958,-7.558529312547013
2013-02-28 20:00:00,18.3,91,0.0,7.9,360,4.837354856632045e-16,-7.9
2013-02-28 21:00:00,18.3,90,0.0,7.7,11,-1.4692292643993936,-7.558529312547013
2013-02-28 22:00:00,18.0,90,0.0,6.4,27,-2.9055391983331003,-5.702441754805554
2013-02-28 23:00:00,17.5,89,0.0,5.1,45,-3.606244584051393,-3.606244584051392
2013-03-01 00:00:00,17.4,87,0.0,4.3,42,-2.87726160734309,-3.195522749552796
2013-03-01 01:00:00,17.3,86,0.0,4.3,42,-2.87726160734309,-3.195522749552796
2013-03-01 02:00:00,16.4,86,0.0,5.4,53,-4.312631754255381,-3.2498011250210617
2013-03-01 03:00:00,15.2,88,0.0,5.4,70,-5.074340152243906,-1.846908773958611
2013-03-01 04:00:00,14.7,88,0.0,5.2,65,-4.71280049259058,-2.1976149610516362
2013-03-01 05:00:00,14.3,88,0.0,3.9,56,-3.233246532964663,-2.180852323535912
2013-03-01 06:00:00,14.0,89,0.0,4.1,45,-2.8991378028648453,-2.8991378028648445
2013-03-01 07:00:00,14.4,88,0.0,1.5,14,-0.36288284339950166,-1.4554435894139948
2013-03-01 08:00:00,18.7,83,0.0,1.5,315,1.0606601717798214,-1.0606601717798212
2013-03-01 09:00:00,22.6,62,0.0,4.7,279,4.6421352007971475,-0.7352419856890852
2013-03-01 10:00:00,23.8,61,0.0,6.5,270,6.5,0.0
2013-03-01 11:00:00,24.3,63,0.0,7.2,264,7.160557646651568,0.7526049355271051
2013-03-01 12:00:00,25.1,61,0.0,6.1,267,6.0916401620029,0.31924933308195735
2013-03-01 13:00:00,25.9,59,0.0,5.9,259,5.791600382341218,1.1257730727216144
2013-03-01 14:00:00,26.4,57,0.0,4.1,308,3.2308440897875594,-2.524212048835199
2013-03-01 15:00:00,25.3,64,0.0,2.5,352,0.34793275240016364,-2.475670171853926
2013-03-01 16:00:00,25.5,62,0.0,4.2,329,2.1631599146222276,-3.600102662948872
2013-03-01 17:00:00,25.0,64,0.0,6.9,321,4.342310698243879,-5.3623071340531
2013-03-01 18:00:00,23.4,71,0.0,7.6,335,3.211898789229316,-6.887939181478539
2013-03-01 19:00:00,21.4,81,0.0,8.3,358,0.289665822630759,-8.294943864258496
2013-03-01 20:00:00,20.1,89,0.1,13.4,5,-1.1678869528186206,-13.34900895442939
2013-03-01 21:00:00,19.1,92,0.1,17.4,6,-1.8187952608571683,-17.304680979407955
2013-03-01 22:00:00,18.5,93,0.0,18.4,4,-1.2835191168919107,-18.355178524780765
2013-03-01 23:00:00,18.1,91,0.0,22.5,6,-2.3518904235222005,-22.376742645786152
2013-03-02 00:00:00,17.4,89,0.0,23.9,6,-2.498230272096915,-23.769073299301734
2013-03-02 01:00:00,16.9,87,0.0,25.3,5,-2.2050402915157536,-25.203725861721164
2013-03-02 02:00:00,16.5,85,0.0,27.2,7,-3.314846140620003,-26.99725532464396
2013-03-02 03:00:00,16.9,84,0.0,27.6,7,-3.363593877982062,-27.39427378530049
2013-03-02 04:00:00,16.7,83,0.2,26.6,9,-4.1611567700701455,-26.272509859830663
2013-03-02 05:00:00,16.4,84,0.0,25.3,5,-2.2050402915157536,-25.203725861721164
2013-03-02 06:00:00,16.2,83,0.0,26.1,7,-3.180789862874341,-25.905454557838507
2013-03-02 07:00:00,16.1,83,0.0,28.2,4,-1.9671325595843414,-28.13130621732704
2013-03-02 08:00:00,17.2,78,0.1,30.3,3,-1.5857794741612126,-30.258474903063586
2013-03-02 09:00:00,18.1,75,0.3,31.0,3,-1.6224146435312734,-30.95751557739179
2013-03-02 10:00:00,18.7,74,0.2,31.0,3,-1.6224146435312734,-30.95751557739179
2013-03-02 11:00:00,19.2,72,0.2,30.6,3,-1.601480261034096,-30.55806376348996
2013-03-02 12:00:00,18.8,73,0.5,30.6,2,-1.0679245990965234,-30.581359306784332
2013-03-02 13:00:00,18.9,73,0.7000000000000001,31.3,2,-1.0923542467882739,-31.2809328856977
2013-03-02 14:00:00,18.1,76,0.7000000000000001,31.7,2,-1.1063140454692741,-31.680689216505336
2013-03-02 15:00:00,17.9,72,0.4,30.3,3,-1.5857794741612126,-30.258474903063586
2013-03-02 16:00:00,17.1,76,0.4,27.8,3,-1.4549395835538517,-27.761901066177153
2013-03-02 17:00:00,16.2,80,0.6,26.7,4,-1.862497848968153,-26.634960141937306
2013-03-02 18:00:00,15.4,83,0.4,25.3,4,-1.7648387857263772,-25.238370471573553
2013-03-02 19:00:00,14.9,84,0.2,27.4,360,1.6777661148318738e-15,-27.4
2013-03-02 20:00:00,14.5,85,0.3,29.5,360,1.8063540287423458e-15,-29.5
2013-03-02 21:00:00,14.3,84,0.0,28.5,2,-0.9946356560212717,-28.48263857004423
2013-03-02 22:00:00,14.3,83,0.1,27.0,2,-0.9422864109675205,-26.983552329515586
2013-03-02 23:00:00,14.3,83,0.0,26.3,3,-1.3764356491894354,-26.263956764045293
2013-03-03 00:00:00,14.3,82,0.0,26.3,2,-0.91785676327577,-26.28397875060222
2013-03-03 01:00:00,14.2,83,0.0,26.6,1,-0.4642340112317411,-26.59594869116001
2013-03-03 02:00:00,14.2,82,0.0,27.4,2,-0.9562462096485208,-27.383308660323223
2013-03-03 03:00:00,13.8,84,0.4,27.0,2,-0.9422864109675205,-26.983552329515586
2013-03-03 04:00:00,13.5,85,0.4,26.3,2,-0.91785676327577,-26.28397875060222
2013-03-03 05:00:00,13.5,85,0.0,25.9,1,-0.45201732672564254,-25.896055304550533
2013-03-03 06:00:00,13.3,85,0.0,25.6,358,0.8934271155840277,-25.584405171688854
2013-03-03 07:00:00,13.2,84,0.0,25.6,359,0.44678160479446016,-25.596100996003617
2013-03-03 08:00:00,13.5,81,0.0,26.3,360,1.6104105408787695e-15,-26.3
2013-03-03 09:00:00,14.3,77,0.0,26.6,359,0.46423401123174374,-26.59594869116001
2013-03-03 10:00:00,15.4,72,0.0,26.6,358,0.9283266122865288,-26.58379599870795
2013-03-03 11:00:00,16.4,67,0.0,25.9,360,1.5859176048958222e-15,-25.9
2013-03-03 12:00:00,16.8,65,0.0,26.3,359,0.45899828930055864,-26.29599438261309
2013-03-03 13:00:00,16.9,64,0.0,28.1,359,0.4904126208876691,-28.095720233894596
2013-03-03 14:00:00,16.6,64,0.0,28.4,1,-0.49564834281885134,-28.395674542441512
2013-03-03 15:00:00,16.1,69,0.0,27.0,2,-0.9422864109675205,-26.983552329515586
2013-03-03 16:00:00,15.8,70,0.0,25.6,2,-0.8934271155840195,-25.584405171688854
2013-03-03 17:00:00,15.0,72,0.0,24.1,2,-0.8410778705302684,-24.08531893116021
2013-03-03 18:00:00,14.2,75,0.0,22.7,3,-1.1880262067148357,-22.668890438928827
2013-03-03 19:00:00,13.7,77,0.0,22.4,4,-1.562545011868413,-22.34543472582006
2013-03-03 20:00:00,13.6,77,0.0,22.3,3,-1.167091824217658,-22.269438625026996
2013-03-03 21:00:00,13.5,78,0.0,21.6,3,-1.1304566548475972,-21.570397950698798
2013-03-03 22:00:00,13.5,78,0.0,20.9,4,-1.4579103012522245,-20.849088650430325
2013-03-03 23:00:00,13.6,78,0.0,21.6,3,-1.1304566548475972,-21.570397950698798
2013-03-04 00:00:00,13.6,78,0.0,22.3,3,-1.167091824217658,-22.269438625026996
2013-03-04 01:00:00,13.6,77,0.0,23.1,2,-0.8061783738277676,-23.085928104141114
2013-03-04 02:00:00,13.6,74,0.0,23.1,2,-0.8061783738277676,-23.085928104141114
2013-03-04 03:00:00,13.6,71,0.0,22.7,3,-1.1880262067148357,-22.668890438928827
2013-03-04 04:00:00,13.5,69,0.0,22.0,2,-0.7677889274550167,-21.986598194420107
2013-03-04 05:00:00,13.1,70,0.0,22.3,1,-0.389188663551422,-22.296603601987528
2013-03-04 06:00:00,13.0,70,0.0,21.6,3,-1.1304566548475972,-21.570397950698798
2013-03-04 07:00:00,12.9,72,0.0,22.0,3,-1.1513910373447747,-21.969849764600625
2013-03-04 08:00:00,14.6,65,0.0,22.0,3,-1.1513910373447747,-21.969849764600625
2013-03-04 09:00:00,16.4,60,0.0,21.3,3,-1.1147558679747138,-21.270809090272422
2013-03-04 10:00:00,17.9,56,0.0,21.6,2,-0.7538291287740165,-21.58684186361247
2013-03-04 11:00:00,18.6,55,0.0,22.3,3,-1.167091824217658,-22.269438625026996
2013-03-04 12:00:00,19.0,55,0.0,23.1,4,-1.611374543489301,-23.04372956100194
2013-03-04 13:00:00,19.2,56,0.0,24.2,3,-1.2665301410792522,-24.166834741060686
2013-03-04 14:00:00,19.3,56,0.0,24.2,5,-2.1091689744933295,-24.107911693820242
2013-03-04 15:00:00,18.9,54,0.0,24.6,5,-2.144031271592393,-24.506389573056943
2013-03-04 16:00:00,18.4,55,0.0,23.5,5,-2.048159954569969,-23.41057540515602
2013-03-04 17:00:00,17.6,57,0.0,21.3,5,-1.8564173205251209,-21.21894706935418
2013-03-04 18:00:00,16.6,61,0.0,19.1,3,-0.9996167642402364,-19.07382411381236
2013-03-04 19:00:00,15.6,65,0.0,17.3,5,-1.5077943495344879,-17.234168276987198
2013-03-04 20:00:00,14.9,70,0.0,14.8,6,-1.5470212563612697,-14.718924051450447
2013-03-04 21:00:00,14.2,76,0.0,14.1,4,-0.9835662797921707,-14.06565310866352
2013-03-04 22:00:00,14.0,76,0.0,13.4,6,-1.400681407786555,-13.326593397934865
2013-03-04 23:00:00,13.9,78,0.0,12.6,5,-1.0981623586204938,-12.552053195955994
2013-03-05 00:00:00,13.9,78,0.0,12.2,2,-0.42577385977050924,-12.192568089632967
2013-03-05 01:00:00,14.2,78,0.0,11.9,360,7.286648454926752e-16,-11.9
2013-03-05 02:00:00,14.4,78,0.0,9.7,356,0.6766377953180147,-9.676371287520293
2013-03-05 03:00:00,14.8,77,0.0,8.7,353,1.060263287624783,-8.6351515192795
2013-03-05 04:00:00,14.7,78,0.0,8.7,353,1.060263287624783,-8.6351515192795
2013-03-05 05:00:00,14.7,79,0.0,7.9,3,-0.41345405431926,-7.889173324561134
2013-03-05 06:00:00,14.7,79,0.0,3.4,32,-1.801725498392897,-2.883363526931848
2013-03-05 07:00:00,14.8,80,0.0,4.5,61,-3.9357886821272814,-2.181643291108516
2013-03-05 08:00:00,15.4,87,0.1,2.9,60,-2.5114736709748717,-1.4500000000000002
2013-03-05 09:00:00,17.1,80,0.2,0.5,45,-0.35355339059327384,-0.35355339059327373
2013-03-05 10:00:00,18.1,76,0.2,2.3,252,2.1874299874788528,0.710739087062379
2013-03-05 11:00:00,19.1,72,0.1,4.8,257,4.676976310969129,1.079765060850552
2013-03-05 12:00:00,20.3,67,0.0,6.2,263,6.153786140176196,0.7555899291119144
2013-03-05 13:00:00,20.8,65,0.0,6.9,264,6.862201078041086,0.721246396546809
2013-03-05 14:00:00,20.8,64,0.0,7.9,270,7.9,0.0
2013-03-05 15:00:00,20.5,62,0.0,7.7,281,7.558529312547013,-1.469229264399395
2013-03-05 16:00:00,20.1,61,0.0,6.8,295,6.162892951849219,-2.873804179836756
2013-03-05 17:00:00,19.4,62,0.0,4.9,306,3.9641832724372428,-2.8801477362331185
2013-03-05 18:00:00,18.6,65,0.0,2.4,297,2.138415658052083,-1.0895771993749122
2013-03-05 19:00:00,17.2,78,0.0,3.3,131,-2.4905416147351476,2.1649947956686737
2013-03-05 20:00:00,16.4,81,0.0,7.2,143,-4.333068166694749,5.750175672340507
2013-03-05 21:00:00,16.2,81,0.0,7.3,160,-2.4967470462773815,6.859756131737131
2013-03-05 22:00:00,16.1,79,0.0,6.5,177,-0.34018371557913496,6.49109197590473
2013-03-05 23:00:00,16.1,79,0.0,7.2,186,0.752604935527105,7.160557646651568
2013-03-06 00:00:00,15.8,81,0.0,8.0,185,0.6972459419812651,7.969557584733964
2013-03-06 01:00:00,15.2,84,0.0,7.6,199,2.474317973874391,7.185941174554807
2013-03-06 02:00:00,14.9,86,0.0,7.3,213,3.9758649556096977,6.122295146001595
2013-03-06 03:00:00,15.5,81,0.0,6.1,225,4.31335136523794,4.313351365237939
2013-03-06 04:00:00,16.1,79,0.0,4.9,234,3.9641832724372428,2.8801477362331185
2013-03-06 05:00:00,16.0,80,0.0,2.9,277,2.8783838397598336,-0.35342109587492765
2013-03-06 06:00:00,16.0,80,0.0,3.0,256,2.9108871788279895,0.7257656867990032
2013-03-06 07:00:00,16.0,81,0.1,1.8,233,1.437543918085127,1.083267041673687
2013-03-06 08:00:00,16.4,88,0.0,1.8,180,1.1021821192326179e-16,1.8
2013-03-06 09:00:00,18.0,78,0.0,3.3,186,0.3449439287832564,3.2819222547153015
2013-03-06 10:00:00,19.2,71,0.0,5.2,214,2.9078030980478835,4.3109953772862175
2013-03-06 11:00:00,20.6,63,0.0,7.4,241,6.472185832831529,3.5875911898228945
2013-03-06 12:00:00,21.4,56,0.0,9.7,266,9.676371287520293,0.6766377953180154
2013-03-06 13:00:00,21.9,52,0.0,11.9,284,11.546519142684359,-2.8788705576360463
2013-03-06 14:00:00,21.8,50,0.0,12.2,298,10.771960632878908,-5.727553065987867
2013-03-06 15:00:00,21.1,52,0.0,11.5,314,8.272407703894489,-7.988571260278468
2013-03-06 16:00:00,20.4,54,0.0,10.1,325,5.793122007145566,-8.273435647318816
2013-03-06 17:00:00,19.5,58,0.0,8.7,336,3.5386087947594613,-7.947845481490627
2013-03-06 18:00:00,18.3,64,0.0,8.4,350,1.4586446924022156,-8.272385125302547
2013-03-06 19:00:00,16.9,80,0.0,6.5,19,-2.116193003971518,-6.1458707413955596
2013-03-06 20:00:00,16.9,72,0.0,5.3,28,-2.488199282765221,-4.679622242152313
2013-03-06 21:00:00,16.6,75,0.0,3.9,22,-1.460965714322058,-3.6160170328104706
2013-03-06 22:00:00,16.2,76,0.0,3.5,24,-1.4235782507653003,-3.1974091017491033
2013-03-06 23:00:00,15.8,78,0.0,3.5,24,-1.4235782507653003,-3.1974091017491033
2013-03-07 00:00:00,15.5,78,0.0,4.1,45,-2.8991378028648453,-2.8991378028648445
2013-03-07 01:00:00,13.7,82,0.0,4.9,54,-3.964183272437243,-2.880147736233118
2013-03-07 02:00:00,13.3,82,0.0,4.9,54,-3.964183272437243,-2.880147736233118
2013-03-07 03:00:00,10.3,94,0.0,3.6,45,-2.545584412271572,-2.545584412271571
2013-03-07 04:00:00,9.4,94,0.0,4.3,48,-3.195522749552795,-2.8772616073430903
2013-03-07 05:00:00,8.5,97,0.0,4.5,61,-3.9357886821272814,-2.181643291108516
2013-03-07 06:00:00,8.3,96,0.0,5.2,56,-4.3109953772862175,-2.907803098047883
2013-03-07 07:00:00,9.1,95,0.0,5.2,56,-4.3109953772862175,-2.907803098047883
2013-03-07 08:00:00,15.1,79,0.0,5.3,62,-4.679622242152313,-2.4881992827652213
2013-03-07 09:00:00,19.0,62,0.0,3.4,72,-3.2335921554035223,-1.0506577808748208
2013-03-07 10:00:00,21.2,53,0.0,1.1,270,1.1,0.0
2013-03-07 11:00:00,22.6,47,0.0,8.3,304,6.881011852206846,-4.6413010988072
2013-03-07 12:00:00,23.1,43,0.0,12.5,316,8.683229630737465,-8.991747504233139
2013-03-07 13:00:00,23.2,41,0.0,13.4,324,7.87632238071914,-10.840827724624296
2013-03-07 14:00:00,23.2,38,0.0,12.2,332,5.727553065987868,-10.771960632878907
2013-03-07 15:00:00,23.2,31,0.0,11.2,339,4.013721034907364,-10.45610077676866
2013-03-07 16:00:00,22.6,31,0.0,10.9,343,3.186851581477831,-10.423721839997087
2013-03-07 17:00:00,21.5,36,0.0,9.4,342,2.904759747124506,-8.939931253174443
2013-03-07 18:00:00,19.5,46,0.0,10.0,347,2.249510543438649,-9.743700647852352
2013-03-07 19:00:00,17.0,64,0.0,9.7,4,-0.676637795318018,-9.676371287520293
2013-03-07 20:00:00,16.3,63,0.0,8.9,21,-3.1894747509531767,-8.308865795825096
2013-03-07 21:00:00,16.9,60,0.0,7.1,30,-3.550000000000003,-6.148780366869512
2013-03-07 22:00:00,16.5,61,0.0,5.4,53,-4.312631754255381,-3.2498011250210617
2013-03-07 23:00:00,14.1,69,0.0,3.6,96,-3.580278823325784,0.37630246776355347
2013-03-08 00:00:00,11.9,77,0.0,3.9,112,-3.6160170328104706,1.4609657143220578
2013-03-08 01:00:00,10.4,82,0.0,2.9,120,-2.511473670974872,1.4499999999999997
2013-03-08 02:00:00,9.3,86,0.0,1.5,104,-1.4554435894139948,0.3628828433995016
2013-03-08 03:00:00,9.1,83,0.0,1.5,104,-1.4554435894139948,0.3628828433995016
2013-03-08 04:00:00,8.5,83,0.0,3.3,103,-3.215421213791276,0.7423384793347552
2013-03-08 05:00:00,8.0,82,0.0,4.1,105,-3.9602958877851795,1.0611580849203361
2013-03-08 06:00:00,7.8,80,0.0,5.4,110,-5.074340152243905,1.846908773958612
2013-03-08 07:00:00,8.9,78,0.0,3.8,107,-3.633958072659535,1.111012477946399
2013-03-08 08:00:00,15.2,70,0.0,3.8,107,-3.633958072659535,1.111012477946399
2013-03-08 09:00:00,20.5,38,0.0,2.2,171,-0.34415582308850784,2.1729143493093033
2013-03-08 10:00:00,22.3,35,0.0,3.6,225,2.5455844122715714,2.545584412271571
2013-03-08 11:00:00,23.5,35,0.0,6.4,254,6.1520748540052415,1.7640790772287946
2013-03-08 12:00:00,24.3,36,0.0,8.6,270,8.6,0.0
2013-03-08 13:00:00,24.6,36,0.0,10.5,278,10.397814721786489,-1.4613175600806871
2013-03-08 14:00:00,24.6,36,0.0,10.9,279,10.765802912487002,-1.7051356689385164
2013-03-08 15:00:00,24.5,33,0.0,10.6,280,10.438962181929405,-1.8406706832694615
2013-03-08 16:00:00,23.8,34,0.0,9.4,274,9.377102072442348,-0.6557108531947778
2013-03-08 17:00:00,22.7,38,0.0,7.6,267,7.589584464134761,0.3977532674463731
2013-03-08 18:00:00,20.7,59,0.0,5.8,266,5.78587149150698,0.40458754771592675
2013-03-08 19:00:00,20.4,46,0.0,4.7,238,3.9858260519352022,2.490620541896063
2013-03-08 20:00:00,19.7,49,0.0,6.1,208,2.863776532993934,5.385980316439453
2013-03-08 21:00:00,18.8,53,0.0,7.8,193,1.7546182238821464,7.6000865053248345
2013-03-08 22:00:00,17.7,57,0.0,9.1,187,1.1090110249868421,9.032169979936029
2013-03-08 23:00:00,16.5,61,0.0,9.1,173,-1.109011024986841,9.03216997993603
2013-03-09 00:00:00,15.5,65,0.0,7.9,164,-2.1775351109542926,7.59396739791272
2013-03-09 01:00:00,14.8,68,0.0,6.6,151,-3.199743493625824,5.772490067120012
2013-03-09 02:00:00,14.0,72,0.0,5.7,145,-3.269385687200963,4.669166652447252
2013-03-09 03:00:00,14.2,74,0.0,5.1,141,-3.20953399435417,3.963444403430552
2013-03-09 04:00:00,13.8,76,0.0,4.8,132,-3.567095162291491,3.21182691052252
2013-03-09 05:00:00,13.1,80,0.0,4.7,122,-3.9858260519352022,2.490620541896063
2013-03-09 06:00:00,12.6,82,0.0,6.2,111,-5.788198644282651,2.2218812871808615
2013-03-09 07:00:00,13.4,83,0.0,5.8,112,-5.377666356487366,2.172718241812291
2013-03-09 08:00:00,18.2,79,0.0,4.8,117,-4.276831316104166,2.1791543987498248
2013-03-09 09:00:00,21.9,64,0.0,2.9,187,0.3534210958749277,2.8783838397598336
2013-03-09 10:00:00,23.3,66,0.0,6.4,243,5.702441754805555,2.9055391983330994
2013-03-09 11:00:00,24.0,64,0.0,9.9,260,9.74959675482086,1.7191169589026103
2013-03-09 12:00:00,24.8,62,0.0,11.5,266,11.471986577987979,0.802199448057441
2013-03-09 13:00:00,25.5,60,0.0,12.6,272,12.592324420440606,-0.4397336584515122
2013-03-09 14:00:00,25.7,59,0.0,12.7,277,12.605336125844788,-1.5477406612453728
2013-03-09 15:00:00,25.0,63,0.0,12.3,275,12.253194786528471,-1.0720156357961954
2013-03-09 16:00:00,24.5,64,0.0,12.4,280,12.21161613735138,-2.1532374030699364
2013-03-09 17:00:00,23.5,68,0.0,11.3,287,10.806243742382302,-3.303800263366926
2013-03-09 18:00:00,22.1,74,0.0,5.0,300,4.330127018922194,-2.4999999999999996
2013-03-09 19:00:00,20.9,83,0.0,2.7,337,1.0549740469210391,-2.485363104321589
2013-03-09 20:00:00,19.9,87,0.0,1.4,360,8.572527594031472e-17,-1.4
2013-03-09 21:00:00,19.6,87,0.0,0.8,297,0.7128052193506944,-0.3631923997916374
2013-03-09 22:00:00,19.6,87,0.0,1.3,236,1.0777488443215542,0.726950774511971
2013-03-09 23:00:00,20.2,83,0.0,1.9,202,0.7117525274902327,1.761649323676896
2013-03-10 00:00:00,20.1,83,0.0,4.6,198,1.4214781741247582,4.3748599749577055
2013-03-10 01:00:00,19.8,84,0.0,5.5,212,2.914555953282627,4.664264528860342
2013-03-10 02:00:00,19.7,83,0.0,5.6,225,3.9597979746446663,3.9597979746446654
2013-03-10 03:00:00,20.2,82,0.0,4.8,228,3.5670951622914924,3.2118269105225195
2013-03-10 04:00:00,20.0,82,0.0,4.1,225,2.899137802864845,2.8991378028648445
2013-03-10 05:00:00,19.8,82,0.0,2.5,188,0.34793275240016364,2.475670171853926
2013-03-10 06:00:00,19.5,81,0.0,3.9,124,-3.2332465329646625,2.180852323535913
2013-03-10 07:00:00,19.5,80,0.0,5.6,130,-4.289848881466276,3.5996106142446207
2013-03-10 08:00:00,20.3,87,0.0,4.1,128,-3.2308440897875594,2.5242120488351993
2013-03-10 09:00:00,23.2,69,0.0,1.3,214,0.7269507745119709,1.0777488443215544
2013-03-10 10:00:00,24.6,63,0.0,5.8,266,5.78587149150698,0.40458754771592675
2013-03-10 11:00:00,25.7,57,0.0,10.1,276,10.04467114321956,-1.0557374790033
2013-03-10 12:00:00,26.3,55,0.0,12.4,292,11.497079796628164,-4.645121758357309
2013-03-10 13:00:00,26.5,54,0.0,13.8,303,11.573653837646852,-7.516018683207374
2013-03-10 14:00:00,26.2,56,0.0,14.1,310,10.80122664797759,-9.063305296580204
2013-03-10 15:00:00,25.5,60,0.0,14.3,319,9.381644114564255,-10.792346997185641
2013-03-10 16:00:00,24.5,63,0.0,14.2,333,6.446665096301564,-12.652292643474821
2013-03-10 17:00:00,23.5,66,0.0,14.5,346,3.507867486195181,-14.06928803100195
2013-03-10 18:00:00,21.8,73,0.0,12.2,358,0.42577385977051313,-12.192568089632967
2013-03-10 19:00:00,20.3,81,0.0,14.1,4,-0.9835662797921707,-14.06565310866352
2013-03-10 20:00:00,19.3,86,0.0,14.8,4,-1.0323958114130587,-14.763947943845398
2013-03-10 21:00:00,18.3,91,0.0,15.5,1,-0.2705122997778942,-15.497639274924065
2013-03-10 22:00:00,17.6,94,0.0,15.5,360,9.491012693391988e-16,-15.5
2013-03-10 23:00:00,17.2,94,0.0,15.5,356,1.0812253430339411,-15.462242779027275
2013-03-11 00:00:00,16.9,94,0.0,16.2,359,0.2827289842839943,-16.197532661533536
2013-03-11 01:00:00,16.3,95,0.0,17.3,360,1.0593194812624606e-15,-17.3
2013-03-11 02:00:00,15.9,94,0.0,18.7,1,-0.3263600003772014,-18.697151899424515
2013-03-11 03:00:00,15.6,94,0.0,19.8,1,-0.34555764745821327,-19.79698436409655
2013-03-11 04:00:00,15.6,93,0.0,19.8,3,-1.0362519336102973,-19.772864788140563
2013-03-11 05:00:00,15.4,93,0.0,18.8,4,-1.311421706389561,-18.754204144884696
2013-03-11 06:00:00,15.2,93,0.0,17.0,4,-1.185860053650135,-16.958588854417012
2013-03-11 07:00:00,15.6,92,0.0,18.7,360,1.1450447572027753e-15,-18.7
2013-03-11 08:00:00,19.1,79,0.0,21.2,359,0.36999101647041227,-21.196771137315494
2013-03-11 09:00:00,20.9,71,0.0,22.3,359,0.38918866355142423,-22.296603601987528
2013-03-11 10:00:00,22.8,64,0.0,22.0,360,1.3471114790620886e-15,-22.0
2013-03-11 11:00:00,24.3,58,0.0,22.3,359,0.38918866355142423,-22.296603601987528
2013-03-11 12:00:00,25.1,55,0.0,23.4,358,0.8166482228385252,-23.38574535224684
2013-03-11 13:00:00,25.5,54,0.0,24.5,357,1.2822309279521271,-24.466423601487058
2013-03-11 14:00:00,25.4,54,0.0,24.8,359,0.43281967964463325,-24.796222839878503
2013-03-11 15:00:00,24.5,56,0.0,23.4,1,-0.4083863106324338,-23.396436066659554
2013-03-11 16:00:00,23.9,57,0.0,22.0,2,-0.7677889274550167,-21.986598194420107
2013-03-11 17:00:00,22.8,60,0.0,19.8,3,-1.0362519336102973,-19.772864788140563
2013-03-11 18:00:00,21.1,66,0.0,17.3,4,-1.2067869957733726,-17.257858069494958
2013-03-11 19:00:00,19.5,73,0.0,16.3,6,-1.70381395126275,-16.210706894502856
2013-03-11 20:00:00,18.3,80,0.0,14.8,4,-1.0323958114130587,-14.763947943845398
2013-03-11 21:00:00,17.5,83,0.0,15.5,3,-0.8112073217656367,-15.478757788695894
2013-03-11 22:00:00,17.6,81,0.0,14.8,1,-0.2582956152717958,-14.79774588831459
2013-03-11 23:00:00,17.5,82,0.0,13.3,3,-0.6960682180311593,-13.281772812235833
2013-03-12 00:00:00,17.5,82,0.0,11.9,2,-0.4153040107597591,-11.89275084152724
2013-03-12 01:00:00,17.1,84,0.0,11.5,358,0.4013442120787624,-11.492994510719601
2013-03-12 02:00:00,16.9,85,0.0,11.9,358,0.41530401075976286,-11.89275084152724
2013-03-12 03:00:00,16.9,85,0.0,12.2,2,-0.42577385977050924,-12.192568089632967
2013-03-12 04:00:00,16.4,86,0.0,12.0,7,-1.462432120861766,-11.910553819695865
2013-03-12 05:00:00,15.7,87,0.0,11.3,9,-1.7677094549546108,-11.160878248725057
2013-03-12 06:00:00,15.6,88,0.0,11.0,11,-2.098898949141991,-10.797899017924303
2013-03-12 07:00:00,16.6,84,0.0,11.6,5,-1.0110066158728357,-11.555858497864248
2013-03-12 08:00:00,19.4,78,0.0,11.5,4,-0.8021994480574441,-11.471986577987979
2013-03-12 09:00:00,21.8,67,0.0,12.3,357,0.6437322617882109,-12.283143277481258
2013-03-12 10:00:00,23.6,61,0.0,11.7,351,1.8302832409707017,-11.555953584963111
2013-03-12 11:00:00,25.0,58,0.0,11.8,348,2.453357951649562,-11.542141688658907
2013-03-12 12:00:00,25.9,56,0.0,12.0,344,3.30764826980399,-11.535140351259827
2013-03-12 13:00:00,26.3,55,0.0,12.4,338,4.645121758357308,-11.497079796628164
2013-03-12 14:00:00,26.2,56,0.0,12.7,331,6.157082177128481,-11.107670280670325
2013-03-12 15:00:00,26.1,57,0.0,12.6,329,6.489479743866682,-10.800307988846615
2013-03-12 16:00:00,25.3,60,0.0,12.0,327,6.5356684201803255,-10.064046815345089
2013-03-12 17:00:00,23.8,65,0.0,9.2,334,4.033014550459512,-8.268905225952336
2013-03-12 18:00:00,22.4,71,0.0,5.7,342,1.7613968679372005,-5.421022142882375
2013-03-12 19:00:00,20.8,83,0.0,5.2,348,1.0811407922523493,-5.086367523815789
2013-03-12 20:00:00,20.6,79,0.0,4.0,5,-0.348622970990633,-3.984778792366982
2013-03-12 21:00:00,20.2,81,0.0,3.7,11,-0.7059932828932151,-3.632020578756357
2013-03-12 22:00:00,19.9,82,0.0,2.3,18,-0.7107390870623793,-2.1874299874788528
2013-03-12 23:00:00,19.6,82,0.0,1.3,56,-1.0777488443215544,-0.7269507745119708
2013-03-13 00:00:00,19.3,81,0.0,1.3,34,-0.7269507745119705,-1.0777488443215544
2013-03-13 01:00:00,19.2,80,0.0,2.6,344,0.7166571251241979,-2.499280409439629
2013-03-13 02:00:00,18.9,81,0.0,4.2,329,2.1631599146222276,-3.600102662948872
2013-03-13 03:00:00,18.2,82,0.0,1.8,11,-0.3434561916777803,-1.7669289302057951
2013-03-13 04:00:00,16.9,85,0.0,2.2,81,-2.1729143493093033,-0.3441558230885076
2013-03-13 05:00:00,17.0,83,0.0,3.6,96,-3.580278823325784,0.37630246776355347
2013-03-13 06:00:00,17.3,81,0.0,4.7,90,-4.7,5.755839955992561e-16
2013-03-13 07:00:00,17.8,81,0.0,4.0,90,-4.0,4.898587196589413e-16
2013-03-13 08:00:00,21.1,79,0.0,3.2,90,-3.2,3.9188697572715305e-16
2013-03-13 09:00:00,24.4,60,0.0,0.8,117,-0.7128052193506943,0.36319239979163753
2013-03-13 10:00:00,26.2,54,0.0,4.3,270,4.3,0.0
2013-03-13 11:00:00,27.3,52,0.0,9.4,277,9.329933825428427,-1.1455718280083864
2013-03-13 12:00:00,27.9,53,0.0,12.6,275,12.552053195955994,-1.098162358620493
2013-03-13 13:00:00,27.7,57,0.0,15.5,267,15.478757788695894,0.8112073217656295
2013-03-13 14:00:00,27.7,58,0.0,14.3,260,14.082750868074575,2.483168940637104
2013-03-13 15:00:00,26.2,67,0.0,10.2,247,9.389149505214892,3.9854575105905923
2013-03-13 16:00:00,25.8,68,0.0,8.7,240,7.534421012924616,4.349999999999999
2013-03-13 17:00:00,25.2,70,0.0,6.2,216,3.6442685642133337,5.0159053651246746
2013-03-13 18:00:00,24.5,73,0.0,5.8,158,-2.17271824181229,5.377666356487367
2013-03-13 19:00:00,23.4,78,0.0,7.7,118,-6.798696465013738,3.6149310334513585
2013-03-13 20:00:00,22.7,81,0.0,7.2,72,-6.847606917325106,-2.2249223594996206
2013-03-13 21:00:00,21.6,86,0.0,19.5,3,-1.020551146737414,-19.47327592771419
2013-03-13 22:00:00,20.7,87,0.0,27.0,2,-0.9422864109675205,-26.983552329515586
2013-03-13 23:00:00,19.6,87,0.0,27.8,5,-2.4229296483848994,-27.694212606950526
2013-03-14 00:00:00,18.4,86,0.0,28.1,4,-1.960156912209929,-28.031549812301062
2013-03-14 01:00:00,17.5,85,0.0,28.9,4,-2.015962091205229,-28.829601052508917
2013-03-14 02:00:00,17.0,83,0.0,27.5,5,-2.396782925560602,-27.395354197523
2013-03-14 03:00:00,17.1,80,0.0,25.7,6,-2.6863815059786913,-25.559212710964626
2013-03-14 04:00:00,17.1,79,0.0,24.6,6,-2.571400196384273,-24.465238626059527
2013-03-14 05:00:00,17.0,78,0.0,24.0,8,-3.3401544230415796,-23.766433649797687
2013-03-14 06:00:00,17.0,79,0.0,25.4,7,-3.095481322490738,-25.21067225168958
2013-03-14 07:00:00,17.3,78,0.0,26.7,3,-1.397370031686613,-26.66340857794712
2013-03-14 08:00:00,19.2,69,0.0,28.9,4,-2.015962091205229,-28.829601052508917
2013-03-14 09:00:00,21.0,63,0.0,30.3,2,-1.0574547500857732,-30.281542058678603
2013-03-14 10:00:00,22.3,58,0.0,31.7,2,-1.1063140454692741,-31.680689216505336
2013-03-14 11:00:00,23.0,55,0.0,32.1,3,-1.6799841953985124,-32.056008065621825
2013-03-14 12:00:00,23.8,53,0.0,31.7,3,-1.6590498129013345,-31.65655625171999
2013-03-14 13:00:00,23.7,53,0.0,30.7,3,-1.6067138566583903,-30.657926716965417
2013-03-14 14:00:00,23.6,53,0.0,29.9,3,-1.5648450916640346,-29.859023089161756
2013-03-14 15:00:00,23.0,54,0.0,29.9,2,-1.0434949514047727,-29.881785727870962
2013-03-14 16:00:00,22.4,55,0.0,28.5,4,-1.988059501707579,-28.43057543240499
2013-03-14 17:00:00,21.3,58,0.0,26.0,3,-1.360734862316552,-25.96436790361892
2013-03-14 18:00:00,19.8,62,0.0,22.0,4,-1.5346424223707626,-21.946409105716132
2013-03-14 19:00:00,18.7,67,0.0,20.2,5,-1.7605460035026965,-20.12313290145326
2013-03-14 20:00:00,18.0,70,0.0,18.0,2,-0.6281909406450137,-17.989034886343724
2013-03-14 21:00:00,17.5,74,0.2,18.4,358,0.6421507393260198,-18.38879121715136
2013-03-14 22:00:00,16.8,80,0.2,19.1,1,-0.33334096295211485,-19.097090977487074
2013-03-14 23:00:00,16.5,82,0.2,17.7,2,-0.6177210916342635,-17.689217638237995
2013-03-15 00:00:00,16.4,84,0.0,17.6,360,1.077689183249671e-15,-17.6
2013-03-15 01:00:00,15.7,87,0.0,18.4,360,1.1266750552155648e-15,-18.4
2013-03-15 02:00:00,15.5,88,0.0,19.8,1,-0.34555764745821327,-19.79698436409655
2013-03-15 03:00:00,15.9,83,0.0,19.5,2,-0.6805401856987648,-19.488121126872368
2013-03-15 04:00:00,15.9,85,0.2,19.5,3,-1.020551146737414,-19.47327592771419
2013-03-15 05:00:00,15.6,88,0.6,19.5,3,-1.020551146737414,-19.47327592771419
2013-03-15 06:00:00,15.6,88,1.0,18.4,3,-0.9629815948701752,-18.37478343948416
2013-03-15 07:00:00,16.1,88,1.4,16.0,8,-2.2267696153610532,-15.844289099865124
2013-03-15 08:00:00,17.0,86,1.3,14.8,4,-1.0323958114130587,-14.763947943845398
2013-03-15 09:00:00,18.0,84,1.0,18.0,357,0.9420472123729914,-17.975331625582328
2013-03-15 10:00:00,18.7,83,0.9,21.6,357,1.1304566548475898,-21.570397950698798
2013-03-15 11:00:00,19.5,80,0.8,22.3,3,-1.167091824217658,-22.269438625026996
2013-03-15 12:00:00,20.1,78,0.6,22.7,3,-1.1880262067148357,-22.668890438928827
2013-03-15 13:00:00,21.1,73,0.4,22.4,4,-1.562545011868413,-22.34543472582006
2013-03-15 14:00:00,21.6,70,0.0,20.2,4,-1.4090807696313368,-20.15079381524845
2013-03-15 15:00:00,22.5,64,0.0,18.4,1,-0.3211242784460163,-18.3971975908776
2013-03-15 16:00:00,22.1,65,0.0,18.7,358,0.6526205883367702,-18.68860846525709
2013-03-15 17:00:00,21.0,67,0.0,18.8,356,1.3114217063895544,-18.754204144884696
2013-03-15 18:00:00,19.5,73,0.0,17.7,358,0.6177210916342691,-17.689217638237995
2013-03-15 19:00:00,18.3,78,0.0,16.9,358,0.5898014942722682,-16.889704976622717
2013-03-15 20:00:00,17.3,84,0.0,15.5,1,-0.2705122997778942,-15.497639274924065
2013-03-15 21:00:00,16.5,89,0.0,13.0,360,7.960204194457795e-16,-13.0
2013-03-15 22:00:00,16.4,89,0.0,11.5,356,0.8021994480574401,-11.471986577987979
2013-03-15 23:00:00,16.7,87,0.0,11.2,358,0.3908743630680121,-11.193177262613872
2013-03-16 00:00:00,17.0,87,0.0,10.8,360,6.613092715395707e-16,-10.8
2013-03-16 01:00:00,17.0,87,0.0,11.5,4,-0.8021994480574441,-11.471986577987979
2013-03-16 02:00:00,17.0,87,0.0,12.7,7,-1.547740661245369,-12.60533612584479
2013-03-16 03:00:00,15.1,93,0.0,13.1,8,-1.8231676225768623,-12.97251170051457
2013-03-16 04:00:00,14.9,93,0.0,12.8,11,-2.442355140819771,-12.5648279481301
2013-03-16 05:00:00,15.0,93,0.0,12.3,15,-3.1834742547610038,-11.88088766335554
2013-03-16 06:00:00,15.8,90,0.0,10.8,15,-2.795245687107223,-10.431998923921938
2013-03-16 07:00:00,17.2,86,0.0,10.2,8,-1.4195656297926713,-10.100734301164016
2013-03-16 08:00:00,19.3,80,0.0,9.7,2,-0.33852511801425733,-9.694091022085228
2013-03-16 09:00:00,21.2,71,0.0,9.9,350,1.7191169589026112,-9.74959675482086
2013-03-16 10:00:00,22.6,66,0.0,10.4,340,3.557009490586956,-9.772803256173447
2013-03-16 11:00:00,24.0,62,0.0,11.8,329,6.077449283938639,-10.114574148284927
2013-03-16 12:00:00,24.6,61,0.0,14.3,326,7.9964585196316795,-11.855237287537097
2013-03-16 13:00:00,24.7,62,0.0,14.4,328,7.630837404958151,-12.211892584652533
2013-03-16 14:00:00,24.4,64,0.0,13.5,331,6.544929873325551,-11.807366046381842
2013-03-16 15:00:00,23.6,68,0.0,12.9,337,5.040431557511631,-11.874512609536481
2013-03-16 16:00:00,22.9,71,0.0,12.3,339,4.407925779407195,-11.483039245915583
2013-03-16 17:00:00,22.0,74,0.0,10.8,345,2.795245687107224,-10.431998923921938
2013-03-16 18:00:00,20.7,79,0.0,8.4,350,1.4586446924022156,-8.272385125302547
2013-03-16 19:00:00,19.3,87,0.0,8.3,5,-0.7233926648055635,-8.268415994161488
2013-03-16 20:00:00,18.2,92,0.0,8.3,18,-2.564841053312065,-7.893769085249775
2013-03-16 21:00:00,18.1,90,0.0,7.6,31,-3.914289369316414,-6.514471485336052
2013-03-16 22:00:00,18.7,86,0.0,5.7,35,-3.2693856872009643,-4.669166652447252
2013-03-16 23:00:00,18.5,86,0.0,4.7,23,-1.836436303899587,-4.326372811226469
2013-03-17 00:00:00,18.3,85,0.0,3.7,11,-0.7059932828932151,-3.632020578756357
2013-03-17 01:00:00,18.2,83,0.0,2.5,8,-0.3479327524001646,-2.475670171853926
2013-03-17 02:00:00,18.1,83,0.0,2.9,353,0.3534210958749277,-2.8783838397598336
2013-03-17 03:00:00,18.1,81,0.0,4.7,351,0.7352419856890854,-4.6421352007971475
2013-03-17 04:00:00,17.9,81,0.0,4.0,10,-0.6945927106677213,-3.939231012048832
2013-03-17 05:00:00,16.4,87,0.0,3.8,49,-2.867896404846534,-2.4930243101639267
2013-03-17 06:00:00,14.8,91,0.0,5.8,30,-2.9000000000000026,-5.022947341949743
2013-03-17 07:00:00,15.5,92,0.0,6.1,28,-2.8637765329939335,-5.385980316439454
2013-03-17 08:00:00,19.3,80,0.0,5.9,14,-1.42733918403804,-5.7247447850283795
2013-03-17 09:00:00,21.4,75,0.0,4.9,17,-1.4326213531414118,-4.685893304218873
2013-03-17 10:00:00,23.2,69,0.0,2.9,353,0.3534210958749277,-2.8783838397598336
2013-03-17 11:00:00,24.8,63,0.0,4.2,301,3.600102662948872,-2.1631599146222276
2013-03-17 12:00:00,25.7,60,0.0,8.0,280,7.878462024097664,-1.3891854213354426
2013-03-17 13:00:00,26.1,58,0.0,12.0,277,11.910553819695863,-1.4624321208617697
2013-03-17 14:00:00,26.0,60,0.0,13.0,276,12.928784639787553,-1.3588700224794952
2013-03-17 15:00:00,26.1,61,0.0,11.7,281,11.485038046337667,-2.232465245905574
2013-03-17 16:00:00,25.2,64,0.0,9.6,290,9.02104915954472,-3.2833933759264196
2013-03-17 17:00:00,24.4,68,0.0,7.2,297,6.415246974156249,-3.2687315981247367
2013-03-17 18:00:00,23.1,74,0.0,6.0,303,5.032023407672544,-3.2678342100901627
2013-03-17 19:00:00,21.5,83,0.0,4.8,297,4.276831316104166,-2.1791543987498243
2013-03-17 20:00:00,21.1,84,0.0,2.9,263,2.8783838397598336,0.35342109587492765
2013-03-17 21:00:00,20.7,86,0.0,1.5,194,0.3628828433995015,1.4554435894139948
2013-03-17 22:00:00,20.3,87,0.0,2.7,157,-1.0549740469210394,2.4853631043215887
2013-03-17 23:00:00,19.1,89,0.0,2.9,180,1.7757378587636622e-16,2.9
2013-03-18 00:00:00,18.0,90,0.0,3.7,241,3.2360929164157644,1.7937955949114472
2013-03-18 01:00:00,17.6,90,0.1,4.1,218,2.524212048835199,3.23084408978756
2013-03-18 02:00:00,18.8,85,0.5,7.9,227,5.777694242791447,5.387787044493738
2013-03-18 03:00:00,19.9,87,1.6,9.2,219,5.789747597658504,7.149742845404131
2013-03-18 04:00:00,19.7,90,2.1,8.8,199,2.8649997592229797,8.320563465273988
2013-03-18 05:00:00,20.1,89,2.3,9.2,169,-1.755442757464212,9.030970087718508
2013-03-18 06:00:00,19.1,90,1.8,7.7,139,-5.0516545232269054,5.811263767715346
2013-03-18 07:00:00,19.4,89,0.9,8.7,150,-4.349999999999998,7.534421012924616
2013-03-18 08:00:00,20.7,91,0.3,10.6,156,-4.3114084166034825,9.683581851011569
2013-03-18 09:00:00,23.0,77,0.1,9.0,175,-0.7844016847289241,8.96575228282571
2013-03-18 10:00:00,24.6,71,0.0,10.6,204,4.311408416603482,9.683581851011569
2013-03-18 11:00:00,26.1,65,0.1,14.3,219,8.999281592012677,11.113187248834684
2013-03-18 12:00:00,26.7,63,0.2,15.9,231,12.356620787165838,10.006194217692414
2013-03-18 13:00:00,26.2,67,0.0,16.9,243,15.058010258783415,7.672439445598339
2013-03-18 14:00:00,25.8,70,0.0,16.0,239,13.714676811233797,8.240609198560866
2013-03-18 15:00:00,25.6,71,0.0,14.9,233,11.899669099704663,8.96704384496552
2013-03-18 16:00:00,25.3,73,0.0,13.6,233,10.861442936643183,8.184684314867857
2013-03-18 17:00:00,24.7,75,0.0,12.5,226,8.99174750423314,8.683229630737465
2013-03-18 18:00:00,23.3,81,0.0,8.7,225,6.151828996322964,6.151828996322962
2013-03-18 19:00:00,22.2,87,0.0,9.2,219,5.789747597658504,7.149742845404131
2013-03-18 20:00:00,21.0,93,0.0,8.6,195,2.2258437878816784,8.306962106085987
2013-03-18 21:00:00,20.0,95,0.0,8.4,173,-1.0237024846032379,8.337387673787106
2013-03-18 22:00:00,19.4,94,0.0,8.0,172,-1.1133848076805228,7.922144549932563
2013-03-18 23:00:00,19.7,92,0.0,6.3,193,1.4171916423663489,6.1385314081469815
2013-03-19 00:00:00,20.6,90,0.0,4.9,216,2.8801477362331185,3.9641832724372428
2013-03-19 01:00:00,20.4,91,0.0,4.5,209,2.181643291108517,3.935788682127281
2013-03-19 02:00:00,19.5,91,0.0,1.0,225,0.7071067811865476,0.7071067811865475
2013-03-19 03:00:00,20.8,88,0.0,2.4,153,-1.089577199374912,2.138415658052083
2013-03-19 04:00:00,20.3,89,0.0,3.6,143,-2.1665340833473743,2.8750878361702537
2013-03-19 05:00:00,19.0,90,0.0,5.5,148,-2.914555953282626,4.664264528860343
2013-03-19 06:00:00,20.1,86,0.0,4.9,163,-1.4326213531414098,4.685893304218874
2013-03-19 07:00:00,20.1,86,0.0,4.5,194,1.0886485301985045,4.366330768241984
2013-03-19 08:00:00,22.4,85,0.0,5.5,212,2.914555953282627,4.664264528860342
2013-03-19 09:00:00,24.3,78,0.0,8.2,229,6.18861855782673,5.379684037722159
2013-03-19 10:00:00,26.0,69,0.0,11.0,232,8.668118289673941,6.772276228582241
2013-03-19 11:00:00,27.2,63,0.0,13.6,238,11.533454107727392,7.206901993571586
2013-03-19 12:00:00,27.9,60,0.0,15.6,244,14.021187122267005,6.838589889909607
2013-03-19 13:00:00,28.5,57,0.0,15.5,245,14.047770699068074,6.550583056980841
2013-03-19 14:00:00,28.4,57,0.0,14.2,240,12.29756073373903,7.099999999999999
2013-03-19 15:00:00,27.7,63,0.0,14.3,227,10.458357933154138,9.752576548893728
2013-03-19 16:00:00,27.5,64,0.0,14.0,215,8.030070108914646,11.468128620045885
2013-03-19 17:00:00,26.9,67,0.0,12.4,216,7.288537128426667,10.031810730249349
2013-03-19 18:00:00,25.6,73,0.0,11.2,237,9.393110360988748,6.099957192168303
2013-03-19 19:00:00,24.1,81,0.0,10.3,241,9.008582983535776,4.993539088537272
2013-03-19 20:00:00,22.7,88,0.0,9.5,245,8.609923976848174,4.014873486536644
2013-03-19 21:00:00,22.2,89,0.0,8.0,243,7.128052193506943,3.631923997916374
2013-03-19 22:00:00,22.5,88,0.0,7.8,193,1.7546182238821464,7.6000865053248345
2013-03-19 23:00:00,21.6,90,0.0,8.6,182,0.3001356716415093,8.594761112364223
2013-03-20 00:00:00,20.5,92,0.0,9.5,189,1.4861274178821937,9.38303923565381
2013-03-20 01:00:00,20.2,92,0.0,11.9,183,0.6227978792910333,11.88369146357943
2013-03-20 02:00:00,20.5,91,0.0,11.9,177,-0.6227978792910317,11.88369146357943
2013-03-20 03:00:00,19.0,89,0.0,11.2,184,0.7812725059342026,11.17271736291003
2013-03-20 04:00:00,20.0,86,0.0,8.2,232,6.461688179575119,5.048424097670398
2013-03-20 05:00:00,19.9,86,0.0,8.2,232,6.461688179575119,5.048424097670398
2013-03-20 06:00:00,20.0,84,0.0,5.5,212,2.914555953282627,4.664264528860342
2013-03-20 07:00:00,20.4,83,0.0,5.0,201,1.791839747726502,4.667902132486009
2013-03-20 08:00:00,23.0,76,0.0,6.6,189,1.032467469265524,6.518743047927909
2013-03-20 09:00:00,25.3,63,0.0,9.0,217,5.4163352083684355,7.187719590425635
2013-03-20 10:00:00,26.0,64,0.0,13.9,233,11.101033589657371,8.36522882181347
2013-03-20 11:00:00,26.8,63,0.0,16.1,246,14.708081868045875,6.548459953520384
2013-03-20 12:00:00,27.5,59,0.0,16.5,250,15.50492824296749,5.643332364873534
2013-03-20 13:00:00,27.6,59,0.0,14.2,249,13.256842056260265,5.088824883543263
2013-03-20 14:00:00,27.9,59,0.0,11.0,232,8.668118289673941,6.772276228582241
2013-03-20 15:00:00,27.3,62,0.0,10.6,198,3.275580140374443,10.081199072728626
2013-03-20 16:00:00,27.0,62,0.0,11.2,178,-0.39087436306801066,11.193177262613872
2013-03-20 17:00:00,27.0,60,0.0,9.8,172,-1.3638963894086407,9.70462707366739
2013-03-20 18:00:00,25.9,66,0.0,7.9,210,3.950000000000001,6.841600689897065
2013-03-20 19:00:00,24.6,70,0.0,7.9,267,7.889173324561134,0.4134540543192563
2013-03-20 20:00:00,22.3,81,0.0,8.7,308,6.85569355637848,-5.356254835333226
2013-03-20 21:00:00,20.0,91,0.0,9.8,343,2.8652427062828205,-9.371786608437748
2013-03-20 22:00:00,19.4,93,0.0,14.9,7,-1.815853216736693,-14.7889376594557
2013-03-20 23:00:00,19.5,92,0.0,14.8,1,-0.2582956152717958,-14.79774588831459
2013-03-21 00:00:00,18.4,93,0.0,17.4,6,-1.8187952608571683,-17.304680979407955
2013-03-21 01:00:00,17.7,93,0.0,18.8,5,-1.638527963655975,-18.728460324124818
2013-03-21 02:00:00,17.5,92,0.0,19.8,2,-0.691010034709515,-19.787938374978097
2013-03-21 03:00:00,17.7,90,0.0,20.2,1,-0.35253861003312664,-20.196923442159104
2013-03-21 04:00:00,17.3,91,0.0,18.4,3,-0.9629815948701752,-18.37478343948416
2013-03-21 05:00:00,17.2,90,0.0,17.3,1,-0.3019266313650045,-17.29736512620557
2013-03-21 06:00:00,17.3,88,0.0,16.3,5,-1.4206386067868295,-16.237973578895453
2013-03-21 07:00:00,17.9,87,0.0,17.3,4,-1.2067869957733726,-17.257858069494958
2013-03-21 08:00:00,20.9,75,0.0,18.0,359,0.3141433158711048,-17.997258512815044
2013-03-21 09:00:00,22.5,70,0.0,19.5,356,1.3602512380104421,-19.452498980066572
2013-03-21 10:00:00,23.9,64,0.0,18.4,359,0.3211242784460182,-18.3971975908776
2013-03-21 11:00:00,25.1,61,0.0,17.4,354,1.81879526085717,-17.304680979407955
2013-03-21 12:00:00,25.7,59,0.0,18.6,350,3.229856104604906,-18.31742420602707
2013-03-21 13:00:00,26.0,59,0.0,20.8,350,3.611882095472153,-20.484001262653926
2013-03-21 14:00:00,26.0,59,0.0,21.3,355,1.8564173205251184,-21.21894706935418
2013-03-21 15:00:00,24.6,63,0.0,18.4,2,-0.642150739326014,-18.38879121715136
2013-03-21 16:00:00,24.3,63,0.0,17.3,359,0.30192663136500625,-17.29736512620557
2013-03-21 17:00:00,23.5,66,0.0,18.4,357,0.9629815948701689,-18.37478343948416
2013-03-21 18:00:00,21.9,72,0.0,16.6,1,-0.2897099468589061,-16.597471739596095
2013-03-21 19:00:00,20.7,77,0.0,15.9,6,-1.6620025659556885,-15.812898136355548
2013-03-21 20:00:00,20.2,80,0.0,14.1,6,-1.4738513320739124,-14.022758724692654
2013-03-21 21:00:00,19.4,85,0.0,12.6,2,-0.4397336584515096,-12.592324420440606
2013-03-21 22:00:00,18.8,88,0.0,11.9,358,0.41530401075976286,-11.89275084152724
2013-03-21 23:00:00,18.3,89,0.0,11.6,355,1.0110066158728344,-11.555858497864248
2013-03-22 00:00:00,17.6,92,0.0,10.8,356,0.7533699164365526,-10.773691742806102
2013-03-22 01:00:00,17.8,92,0.0,10.5,352,1.4613175600806874,-10.397814721786489
2013-03-22 02:00:00,17.3,93,0.0,8.0,352,1.1133848076805237,-7.922144549932563
2013-03-22 03:00:00,18.5,89,0.0,7.6,352,1.0577155672964975,-7.5260373224359345
2013-03-22 04:00:00,18.0,91,0.0,7.3,351,1.1419715947936857,-7.210124886344506
2013-03-22 05:00:00,18.2,90,0.0,7.2,357,0.3768188849491966,-7.190132650232932
2013-03-22 06:00:00,18.5,89,0.0,7.9,3,-0.41345405431926,-7.889173324561134
2013-03-22 07:00:00,18.8,88,0.0,5.6,15,-1.4493866525741155,-5.4091846272187825
2013-03-22 08:00:00,21.6,77,0.0,4.2,20,-1.436484601967808,-3.9467090073008158
2013-03-22 09:00:00,24.3,66,0.0,2.3,18,-0.7107390870623793,-2.1874299874788528
2013-03-22 10:00:00,26.4,58,0.0,1.0,315,0.7071067811865476,-0.7071067811865475
2013-03-22 11:00:00,27.4,55,0.0,3.6,264,3.580278823325784,0.37630246776355253
2013-03-22 12:00:00,28.2,54,0.0,7.3,279,7.210124886344506,-1.1419715947936853
2013-03-22 13:00:00,28.4,55,0.0,10.5,286,10.093247807352348,-2.8941922360784913
2013-03-22 14:00:00,28.2,57,0.0,11.3,292,10.4771775566047,-4.233054505599806
2013-03-22 15:00:00,28.1,58,0.0,9.8,294,8.95274548489749,-3.9860191021428424
2013-03-22 16:00:00,27.4,61,0.0,8.6,292,7.973781149274371,-3.221616703376843
2013-03-22 17:00:00,26.2,65,0.0,6.7,286,6.440453362786736,-1.8467702839738944
2013-03-22 18:00:00,24.8,71,0.0,5.4,290,5.074340152243906,-1.8469087739586112
2013-03-22 19:00:00,23.0,85,0.0,2.2,270,2.2,0.0
2013-03-22 20:00:00,22.7,81,0.0,0.5,225,0.3535533905932738,0.35355339059327373
2013-03-22 21:00:00,22.2,83,0.0,1.8,191,0.34345619167778085,1.7669289302057951
2013-03-22 22:00:00,21.8,84,0.0,2.4,207,1.0895771993749124,2.138415658052083
2013-03-22 23:00:00,21.5,84,0.0,3.1,216,1.8221342821066668,2.5079526825623373
2013-03-23 00:00:00,21.1,85,0.0,1.6,243,1.4256104387013888,0.7263847995832748
2013-03-23 01:00:00,20.8,84,0.0,0.8,333,0.3631923997916375,-0.7128052193506943
2013-03-23 02:00:00,20.1,85,0.0,0.7000000000000001,90,-0.7000000000000001,8.572527594031473e-17
2013-03-23 03:00:00,20.7,82,0.0,1.8,143,-1.0832670416736871,1.4375439180851268
2013-03-23 04:00:00,20.4,82,0.0,3.6,135,-2.545584412271571,2.5455844122715714
2013-03-23 05:00:00,19.5,83,0.0,5.4,132,-4.012982057577928,3.613305274337835
2013-03-23 06:00:00,18.4,86,0.0,6.3,121,-5.400153994423307,3.2447398719333425
2013-03-23 07:00:00,19.3,84,0.0,4.9,107,-4.685893304218874,1.4326213531414094
2013-03-23 08:00:00,23.6,72,0.0,1.8,53,-1.437543918085127,-1.0832670416736871
2013-03-23 09:00:00,26.1,61,0.0,3.8,319,2.4930243101639276,-2.8678964048465336
2013-03-23 10:00:00,27.4,58,0.0,6.7,306,5.420413862312148,-3.93816119035957
2013-03-23 11:00:00,28.4,56,0.0,8.8,305,7.208537989743128,-5.047472639889206
2013-03-23 12:00:00,29.1,55,0.0,9.9,303,8.302838622659698,-5.391926446648768
2013-03-23 13:00:00,29.4,56,0.0,11.0,302,9.328529057720685,-5.829111906565254
2013-03-23 14:00:00,29.3,59,0.0,9.7,297,8.642763284627168,-4.403707847473603
2013-03-23 15:00:00,28.5,59,0.0,8.1,291,7.5620014546273335,-2.902780391316932
2013-03-23 16:00:00,28.1,61,0.0,6.8,288,6.467184310807044,-2.1013155617496424
2013-03-23 17:00:00,26.8,67,0.0,6.0,303,5.032023407672544,-3.2678342100901627
2013-03-23 18:00:00,25.4,73,0.0,4.0,333,1.8159619989581872,-3.564026096753471
2013-03-23 19:00:00,24.3,78,0.0,4.0,10,-0.6945927106677213,-3.939231012048832
2013-03-23 20:00:00,23.8,80,0.0,2.5,8,-0.3479327524001646,-2.475670171853926
2013-03-23 21:00:00,23.4,82,0.0,4.1,315,2.899137802864845,-2.8991378028648445
2013-03-23 22:00:00,23.0,84,0.0,6.4,317,4.36478950439999,-4.6806636903626915
2013-03-23 23:00:00,22.4,87,0.0,7.6,352,1.0577155672964975,-7.5260373224359345
2013-03-24 00:00:00,21.6,89,0.0,8.2,52,-6.46168817957512,-5.048424097670397
2013-03-24 01:00:00,21.6,88,0.0,7.7,101,-7.558529312547013,1.4692292643993963
2013-03-24 02:00:00,21.8,87,0.0,5.2,168,-1.0811407922523486,5.08636752381579
2013-03-24 03:00:00,20.7,85,0.0,6.1,220,3.92100441908789,4.6728711030257655
2013-03-24 04:00:00,21.1,84,0.0,5.6,243,4.98963653545486,2.5423467985414616
2013-03-24 05:00:00,21.8,80,0.0,5.7,145,-3.269385687200963,4.669166652447252
2013-03-24 06:00:00,21.9,80,0.0,4.0,265,3.984778792366982,0.34862297099063266
2013-03-24 07:00:00,22.2,78,0.1,7.4,346,1.7902220274375409,-7.180188374442374
2013-03-24 08:00:00,23.5,75,0.1,10.1,6,-1.055737479003299,-10.044671143219562
2013-03-24 09:00:00,25.1,66,0.0,10.0,21,-3.583679495453007,-9.335804264972015
2013-03-24 10:00:00,26.7,57,0.1,10.9,343,3.186851581477831,-10.423721839997087
2013-03-24 11:00:00,28.0,54,0.3,16.3,317,11.116573269018726,-11.921065336392479
2013-03-24 12:00:00,27.7,58,0.1,15.3,315,10.818733752154179,-10.818733752154177
2013-03-24 13:00:00,28.0,54,0.0,6.1,332,2.863776532993934,-5.385980316439453
2013-03-24 14:00:00,29.3,41,0.0,3.8,131,-2.8678964048465336,2.4930243101639276
2013-03-24 15:00:00,25.7,69,0.1,11.4,145,-6.538771374401926,9.338333304894505
2013-03-24 16:00:00,26.7,58,0.0,14.8,137,-10.093575728924977,10.824034783963725
2013-03-24 17:00:00,27.0,51,0.0,10.2,135,-7.212489168102784,7.212489168102785
2013-03-24 18:00:00,26.1,56,0.0,6.2,173,-0.7555899291119137,6.153786140176197
2013-03-24 19:00:00,24.4,59,0.5,6.1,140,-3.92100441908789,4.6728711030257655
2013-03-24 20:00:00,21.7,74,1.0,7.4,104,-7.180188374442374,1.7902220274375413
2013-03-24 21:00:00,20.8,76,0.2,6.1,93,-6.0916401620029,0.3192493330819572
2013-03-24 22:00:00,20.3,78,0.1,4.8,77,-4.676976310969129,-1.0797650608505518
2013-03-24 23:00:00,19.8,84,0.0,11.9,14,-2.8788705576360467,-11.546519142684359
2013-03-25 00:00:00,19.4,84,0.0,16.5,16,-4.5480163709804815,-15.860817982982264
2013-03-25 01:00:00,18.7,85,0.0,19.7,15,-5.098735188519656,-19.028738777894645
2013-03-25 02:00:00,18.0,88,0.0,22.4,11,-4.274121496434599,-21.98844890922767
2013-03-25 03:00:00,18.1,81,0.0,23.4,11,-4.464930491811144,-22.970076092675335
2013-03-25 04:00:00,17.7,83,0.0,22.5,12,-4.678013043399595,-22.008321016510624
2013-03-25 05:00:00,17.5,83,0.0,21.4,13,-4.8139525629587165,-20.851519386404032
2013-03-25 06:00:00,17.1,84,0.0,21.3,12,-4.428519014418284,-20.83454389563006
2013-03-25 07:00:00,17.9,81,0.0,23.0,9,-3.597992695925314,-22.716831833688165
2013-03-25 08:00:00,20.8,67,0.0,25.6,10,-4.4453933482734165,-25.211078477112526
2013-03-25 09:00:00,22.9,58,0.0,25.9,10,-4.497487801573495,-25.506520803016187
2013-03-25 10:00:00,24.7,52,0.0,25.8,7,-3.144229059852797,-25.60769071234611
2013-03-25 11:00:00,25.9,48,0.0,24.9,3,-1.303165310449313,-24.86587541538889
2013-03-25 12:00:00,26.7,45,0.0,25.2,358,0.8794673169030272,-25.184648840881213
2013-03-25 13:00:00,26.8,45,0.0,25.2,358,0.8794673169030272,-25.184648840881213
2013-03-25 14:00:00,26.6,46,0.0,24.5,357,1.2822309279521271,-24.466423601487058
2013-03-25 15:00:00,25.9,48,0.0,24.2,357,1.266530141079244,-24.166834741060686
2013-03-25 16:00:00,25.0,50,0.0,23.4,359,0.4083863106324362,-23.396436066659554
2013-03-25 17:00:00,23.7,54,0.0,22.0,2,-0.7677889274550167,-21.986598194420107
2013-03-25 18:00:00,22.2,59,0.0,18.5,7,-2.2545828529952225,-18.36210380536446
2013-03-25 19:00:00,20.9,65,0.0,16.6,4,-1.1579574641524848,-16.55956323431308
2013-03-25 20:00:00,19.9,72,0.0,16.6,2,-0.5793316452615127,-16.58988772851699
2013-03-25 21:00:00,19.0,79,0.0,15.9,5,-1.3857763096877662,-15.839495699658755
2013-03-25 22:00:00,18.4,82,0.0,16.3,5,-1.4206386067868295,-16.237973578895453
2013-03-25 23:00:00,18.3,83,0.0,13.8,9,-2.1587956175551883,-13.6300991002129
2013-03-26 00:00:00,18.3,84,0.0,10.6,10,-1.8406706832694615,-10.438962181929405
2013-03-26 01:00:00,17.8,86,0.0,9.4,4,-0.6557108531947805,-9.377102072442348
2013-03-26 02:00:00,17.9,86,0.0,9.3,347,2.092044805397944,-9.06164160250269
2013-03-26 03:00:00,18.4,87,0.1,8.7,355,0.7582549619046257,-8.666893873398186
2013-03-26 04:00:00,18.5,86,0.0,7.7,11,-1.4692292643993936,-7.558529312547013
2013-03-26 05:00:00,18.5,87,0.0,7.0,12,-1.4553818357243185,-6.847033205136639
2013-03-26 06:00:00,18.4,87,0.0,7.9,3,-0.41345405431926,-7.889173324561134
2013-03-26 07:00:00,19.4,84,0.0,7.5,17,-2.192787785420528,-7.172285669722765
2013-03-26 08:00:00,21.4,75,0.0,6.3,24,-2.5624408513775405,-5.755336383148386
2013-03-26 09:00:00,23.8,66,0.0,9.1,353,1.1090110249868421,-9.032169979936029
2013-03-26 10:00:00,25.2,62,0.0,12.9,342,3.986319227436822,-12.26862906020748
2013-03-26 11:00:00,25.5,63,0.0,14.6,340,4.993494092554765,-13.719512263474261
2013-03-26 12:00:00,25.7,62,0.0,15.1,332,7.089020598066952,-13.332508652169796
2013-03-26 13:00:00,26.0,61,0.0,16.3,329,8.395120621033882,-13.971827001444431
2013-03-26 14:00:00,25.9,62,0.0,16.3,329,8.395120621033882,-13.971827001444431
2013-03-26 15:00:00,24.8,68,0.0,19.4,338,7.267367912268692,-17.987366778595675
2013-03-26 16:00:00,23.5,71,0.0,21.3,348,4.428519014418277,-20.83454389563006
2013-03-26 17:00:00,21.8,76,0.0,23.5,355,2.0481599545699662,-23.41057540515602
2013-03-26 18:00:00,20.3,81,0.0,20.9,360,1.279755905108984e-15,-20.9
2013-03-26 19:00:00,19.3,85,0.0,22.3,357,1.1670918242176505,-22.269438625026996
2013-03-26 20:00:00,18.9,87,0.0,24.5,360,1.5001923289555077e-15,-24.5
2013-03-26 21:00:00,18.2,90,0.1,25.2,3,-1.3188660973221964,-25.16546427581526
2013-03-26 22:00:00,17.8,91,0.0,23.0,14,-5.564203598792359,-22.31680170434792
2013-03-26 23:00:00,17.8,90,0.0,14.8,34,-8.27605497136705,-12.26975607381462
2013-03-27 00:00:00,17.9,90,0.0,9.2,64,-8.268905225952334,-4.033014550459512
2013-03-27 01:00:00,17.8,91,0.0,8.4,31,-4.326319829244458,-7.200205325897742
2013-03-27 02:00:00,17.7,91,0.0,13.1,9,-2.0492914920270264,-12.938717261796302
2013-03-27 03:00:00,18.2,87,0.6,16.8,15,-4.348159957722347,-16.22755388165635
2013-03-27 04:00:00,18.5,85,1.1,16.5,20,-5.643332364873531,-15.50492824296749
2013-03-27 05:00:00,18.5,87,2.3,15.8,360,9.67470971326409e-16,-15.8
2013-03-27 06:00:00,18.4,90,4.5,18.2,351,2.8471072637322026,-17.975927798831506
2013-03-27 07:00:00,18.3,94,4.2,17.2,11,-3.2819147204765673,-16.883987555299818
2013-03-27 08:00:00,18.9,92,2.8,17.7,12,-3.6800369274743483,-17.31321253298836
2013-03-27 09:00:00,20.3,87,2.0,19.5,5,-1.699536983579336,-19.42579661278904
2013-03-27 10:00:00,21.6,84,1.5,19.4,1,-0.33857668488329984,-19.39704528603399
2013-03-27 11:00:00,22.6,81,0.8,20.9,360,1.279755905108984e-15,-20.9
2013-03-27 12:00:00,23.4,77,0.2,19.8,360,1.2124003311558797e-15,-19.8
2013-03-27 13:00:00,24.5,71,0.0,18.7,1,-0.3263600003772014,-18.697151899424515
2013-03-27 14:00:00,25.0,69,0.0,18.4,357,0.9629815948701689,-18.37478343948416
2013-03-27 15:00:00,25.0,65,0.0,19.1,358,0.6665803870177707,-19.08836479606473
2013-03-27 16:00:00,24.3,67,0.0,18.8,3,-0.983915977367353,-18.77423525338599
2013-03-27 17:00:00,23.3,70,0.0,17.5,8,-2.435529266801152,-17.32969120297748
2013-03-27 18:00:00,21.9,74,0.0,17.4,7,-2.120526575249561,-17.270303038559003
2013-03-27 19:00:00,21.0,78,0.0,17.5,9,-2.7376031382040433,-17.28454596041491
2013-03-27 20:00:00,20.4,81,0.0,16.3,8,-2.2685215456490733,-16.141369520487597
2013-03-27 21:00:00,19.5,85,0.0,15.3,9,-2.393447315115535,-15.111631611105606
2013-03-27 22:00:00,18.7,89,0.0,14.8,4,-1.0323958114130587,-14.763947943845398
2013-03-27 23:00:00,18.0,91,0.0,15.2,4,-1.0602984009107088,-15.162973563949327
2013-03-28 00:00:00,18.0,90,0.0,12.4,8,-1.7257464519048162,-12.279324052395472
2013-03-28 01:00:00,18.6,87,0.0,11.5,4,-0.8021994480574441,-11.471986577987979
2013-03-28 02:00:00,18.9,85,0.0,12.2,2,-0.42577385977050924,-12.192568089632967
2013-03-28 03:00:00,18.0,88,0.0,12.0,9,-1.8772135804827723,-11.852260087141651
2013-03-28 04:00:00,18.2,87,0.0,11.5,14,-2.7821017993961794,-11.15840085217396
2013-03-28 05:00:00,19.1,83,0.0,11.5,14,-2.7821017993961794,-11.15840085217396
2013-03-28 06:00:00,19.1,82,0.0,10.2,10,-1.7712114122026892,-10.045039080724521
2013-03-28 07:00:00,19.3,84,0.0,14.0,360,8.572527594031472e-16,-14.0
2013-03-28 08:00:00,22.2,73,0.0,15.8,1,-0.27574802170907925,-15.797593583470983
2013-03-28 09:00:00,23.8,67,0.0,14.8,4,-1.0323958114130587,-14.763947943845398
2013-03-28 10:00:00,25.0,63,0.0,13.7,2,-0.4781231048242604,-13.691654330161612
2013-03-28 11:00:00,26.1,61,0.0,14.6,351,2.2839431895873714,-14.420249772689012
2013-03-28 12:00:00,26.7,60,0.0,15.8,348,3.2850047149205994,-15.45473209159413
2013-03-28 13:00:00,27.0,60,0.0,15.7,349,2.995701227411755,-15.411546780128324
2013-03-28 14:00:00,26.9,61,0.0,15.7,349,2.995701227411755,-15.411546780128324
2013-03-28 15:00:00,26.0,64,0.0,15.7,351,2.4560211011316255,-15.506706947343663
2013-03-28 16:00:00,25.3,67,0.2,19.2,347,4.319060243402206,-18.707905243876517
2013-03-28 17:00:00,23.4,75,0.4,21.0,353,2.5592562115080972,-20.84346918446776
2013-03-28 18:00:00,21.8,82,0.6,18.0,360,1.102182119232618e-15,-18.0
2013-03-28 19:00:00,21.0,87,0.7000000000000001,12.6,360,7.715274834628325e-16,-12.6
2013-03-28 20:00:00,20.5,89,0.9,9.4,358,0.3280552690035102,-9.394273773979501
2013-03-28 21:00:00,19.7,94,0.9,6.8,3,-0.3558845024520213,-6.790680836331102
2013-03-28 22:00:00,19.4,95,1.4,4.7,351,0.7352419856890854,-4.6421352007971475
2013-03-28 23:00:00,19.1,96,2.1,4.7,351,0.7352419856890854,-4.6421352007971475
2013-03-29 00:00:00,18.8,96,2.0,7.6,355,0.6623836448822018,-7.571079705497266
2013-03-29 01:00:00,18.7,96,1.4,6.4,27,-2.9055391983331003,-5.702441754805554
2013-03-29 02:00:00,18.8,95,0.6,8.8,99,-8.691657397237211,1.3766232923540327
2013-03-29 03:00:00,18.9,95,1.0,8.4,133,-6.143371093601032,5.728786224524988
2013-03-29 04:00:00,18.8,94,1.2,6.6,131,-4.981083229470295,4.329989591337347
2013-03-29 05:00:00,18.7,94,1.3,5.4,98,-5.34744757120448,0.7515347451843528
2013-03-29 06:00:00,18.8,93,0.4,8.4,25,-3.549993398621873,-7.612985411107861
2013-03-29 07:00:00,19.6,92,0.5,9.7,358,0.33852511801426044,-9.694091022085228
2013-03-29 08:00:00,21.2,89,0.2,15.1,357,0.7902729392684539,-15.079305974794064
2013-03-29 09:00:00,22.3,84,0.6,15.5,5,-1.350914012588703,-15.441017820422056
2013-03-29 10:00:00,23.5,77,0.6,14.1,4,-0.9835662797921707,-14.06565310866352
2013-03-29 11:00:00,24.7,71,0.5,11.2,358,0.3908743630680121,-11.193177262613872
2013-03-29 12:00:00,25.1,70,0.3,12.4,350,2.1532374030699373,-12.21161613735138
2013-03-29 13:00:00,24.8,72,1.0,16.7,354,1.7456253365698127,-16.608515652650162
2013-03-29 14:00:00,23.1,82,0.5,20.6,356,1.43698335912898,-20.54981943535238
2013-03-29 15:00:00,24.5,70,0.0,23.4,1,-0.4083863106324338,-23.396436066659554
2013-03-29 16:00:00,23.5,73,0.0,24.9,3,-1.303165310449313,-24.86587541538889
2013-03-29 17:00:00,22.0,77,0.0,23.8,3,-1.2455957585820745,-23.76738292715886
2013-03-29 18:00:00,20.5,82,0.0,20.9,2,-0.7293994810822658,-20.8872682846991
2013-03-29 19:00:00,19.5,85,0.0,20.2,1,-0.35253861003312664,-20.196923442159104
2013-03-29 20:00:00,19.1,86,0.0,19.1,2,-0.6665803870177646,-19.08836479606473
2013-03-29 21:00:00,18.8,87,0.0,17.7,6,-1.8501537998374644,-17.60303754801844
2013-03-29 22:00:00,18.7,87,0.0,17.0,13,-3.8241679238457094,-16.564291101348996
2013-03-29 23:00:00,18.2,89,0.0,17.5,8,-2.435529266801152,-17.32969120297748
2013-03-30 00:00:00,17.8,91,0.0,17.1,8,-2.3798600264171257,-16.933583975480854
2013-03-30 01:00:00,17.9,89,0.0,15.5,4,-1.0812253430339465,-15.462242779027275
2013-03-30 02:00:00,17.7,89,0.0,15.9,5,-1.3857763096877662,-15.839495699658755
2013-03-30 03:00:00,17.6,89,0.0,16.3,8,-2.2685215456490733,-16.141369520487597
2013-03-30 04:00:00,17.6,89,0.0,15.6,8,-2.171100374977027,-15.448181872368496
2013-03-30 05:00:00,18.1,87,0.0,14.1,13,-3.1718098662485,-13.738617913471815
2013-03-30 06:00:00,18.5,85,0.0,12.6,20,-4.3094538059034235,-11.840127021902445
2013-03-30 07:00:00,19.4,85,0.0,14.4,13,-3.23929518255166,-14.030928932907386
2013-03-30 08:00:00,22.1,72,0.0,16.0,8,-2.2267696153610532,-15.844289099865124
2013-03-30 09:00:00,23.4,68,0.0,16.9,1,-0.2949456687900911,-16.89742604814301
2013-03-30 10:00:00,24.7,64,0.0,17.0,354,1.7769838755501088,-16.906872221260645
2013-03-30 11:00:00,25.5,62,0.0,15.5,355,1.3509140125887011,-15.441017820422056
2013-03-30 12:00:00,26.2,61,0.0,14.3,348,2.9731371786939604,-13.987510690493421
2013-03-30 13:00:00,25.6,64,0.0,18.1,343,5.291927855481536,-17.30911608293094
2013-03-30 14:00:00,25.9,64,0.0,20.7,347,4.656486824918003,-20.169460341054368
2013-03-30 15:00:00,24.8,68,0.0,18.4,354,1.9233237241248236,-18.299202874776228
2013-03-30 16:00:00,24.3,69,0.0,17.0,4,-1.185860053650135,-16.958588854417012
2013-03-30 17:00:00,23.6,72,0.0,15.0,11,-2.8621349306481694,-14.72440775171496
2013-03-30 18:00:00,22.9,75,0.0,14.8,4,-1.0323958114130587,-14.763947943845398
2013-03-30 19:00:00,21.8,81,0.0,18.8,353,2.291143656016773,-18.659867650856853
2013-03-30 20:00:00,21.2,85,0.1,21.6,360,1.3226185430791415e-15,-21.6
2013-03-30 21:00:00,20.9,86,0.1,19.3,14,-4.669092585073589,-18.726707517126734
2013-03-30 22:00:00,20.7,88,0.0,16.3,5,-1.4206386067868295,-16.237973578895453
2013-03-30 23:00:00,20.3,90,0.0,18.4,359,0.3211242784460182,-18.3971975908776
2013-03-31 00:00:00,19.8,92,0.0,18.7,1,-0.3263600003772014,-18.697151899424515
2013-03-31 01:00:00,19.5,93,0.0,17.8,7,-2.16927431261162,-17.667321499215532
2013-03-31 02:00:00,19.4,93,0.0,16.5,10,-2.8651949315043503,-16.249327924701433
2013-03-31 03:00:00,19.1,94,1.7000000000000002,15.2,22,-5.694020219921867,-14.093194589415166
2013-03-31 04:00:00,19.2,93,1.6,13.3,38,-8.188297621831254,-10.480543022969405
2013-03-31 05:00:00,19.3,93,0.7000000000000001,11.3,17,-3.3038002633669294,-10.8062437423823
2013-03-31 06:00:00,19.3,92,0.2,16.2,1,-0.2827289842839927,-16.197532661533536
2013-03-31 07:00:00,19.6,92,0.0,18.4,6,-1.9233237241248218,-18.299202874776228
2013-03-31 08:00:00,20.7,88,0.1,17.7,17,-5.174979173592447,-16.926594180545724
2013-03-31 09:00:00,21.2,88,0.4,16.9,12,-3.51370757482014,-16.530694452401313
2013-03-31 10:00:00,21.9,85,0.2,17.8,8,-2.4772811970891717,-17.62677162359995
2013-03-31 11:00:00,22.6,81,0.2,18.9,8,-2.6303716081452437,-18.716066499215675
2013-03-31 12:00:00,23.4,76,0.1,20.6,5,-1.79540830060176,-20.521610780689958
2013-03-31 13:00:00,24.4,72,0.1,21.7,7,-2.6445647518916937,-21.538251490616688
2013-03-31 14:00:00,24.2,71,0.0,22.4,6,-2.341437577195435,-22.27729045624932
2013-03-31 15:00:00,25.4,64,0.0,22.0,4,-1.5346424223707626,-21.946409105716132
2013-03-31 16:00:00,24.6,66,0.0,22.3,3,-1.167091824217658,-22.269438625026996
2013-03-31 17:00:00,23.5,70,0.0,20.2,4,-1.4090807696313368,-20.15079381524845
2013-03-31 18:00:00,22.4,74,0.0,15.9,5,-1.3857763096877662,-15.839495699658755
2013-03-31 19:00:00,21.5,78,0.0,16.6,2,-0.5793316452615127,-16.58988772851699
2013-03-31 20:00:00,20.9,82,0.0,16.7,6,-1.7456253365698111,-16.608515652650166
2013-03-31 21:00:00,20.4,87,0.0,15.6,8,-2.171100374977027,-15.448181872368496
2013-03-31 22:00:00,19.9,88,0.0,13.8,6,-1.4424927930936164,-13.724402156082174
2013-03-31 23:00:00,19.9,87,0.0,11.6,5,-1.0110066158728357,-11.555858497864248
2013-04-01 00:00:00,19.6,88,0.0,11.3,7,-1.3771235804781632,-11.21577151354694
2013-04-01 01:00:00,19.5,88,0.0,11.2,4,-0.7812725059342065,-11.17271736291003
2013-04-01 02:00:00,19.5,88,0.0,11.5,356,0.8021994480574401,-11.471986577987979
2013-04-01 03:00:00,19.7,89,0.1,11.2,358,0.3908743630680121,-11.193177262613872
2013-04-01 04:00:00,19.7,89,0.5,10.1,4,-0.7045403848156684,-10.075396907624224
2013-04-01 05:00:00,19.0,93,1.0,10.8,360,6.613092715395707e-16,-10.8
2013-04-01 06:00:00,18.6,95,1.9,11.2,2,-0.3908743630680085,-11.193177262613872
2013-04-01 07:00:00,19.3,96,2.0,11.7,18,-3.6154988341868863,-11.127361240653295
2013-04-01 08:00:00,20.6,92,3.0,11.0,23,-4.298042413382012,-10.125553387976844
2013-04-01 09:00:00,21.3,91,2.8,7.9,24,-3.2132194802988208,-7.217009115376548
2013-04-01 10:00:00,22.4,86,1.7000000000000002,10.1,358,0.3524849166952609,-10.093847352892867
2013-04-01 11:00:00,23.0,83,0.9,12.2,358,0.42577385977051313,-12.192568089632967
2013-04-01 12:00:00,23.3,84,0.6,12.2,358,0.42577385977051313,-12.192568089632967
2013-04-01 13:00:00,23.0,88,1.1,10.2,352,1.4195656297926678,-10.100734301164017
2013-04-01 14:00:00,22.8,92,1.2,9.1,351,1.4235536318661013,-8.987963899415753
2013-04-01 15:00:00,24.9,75,0.0,10.5,354,1.0975488643103612,-10.44247990136687
2013-04-01 16:00:00,25.0,75,0.0,15.1,357,0.7902729392684539,-15.079305974794064
2013-04-01 17:00:00,24.0,79,0.0,14.4,1,-0.25131465269688236,-14.397806810252035
2013-04-01 18:00:00,22.9,83,0.0,9.9,10,-1.7191169589026103,-9.74959675482086
2013-04-01 19:00:00,22.0,88,0.1,8.0,5,-0.697245941981266,-7.969557584733964
2013-04-01 20:00:00,21.3,91,0.2,7.6,355,0.6623836448822018,-7.571079705497266
2013-04-01 21:00:00,20.8,94,0.3,9.0,344,2.4807362023529924,-8.65135526344487
2013-04-01 22:00:00,20.2,96,0.5,9.4,353,1.1455718280083864,-9.329933825428427
2013-04-01 23:00:00,19.5,98,0.1,8.8,9,-1.3766232923540331,-8.691657397237211
2013-04-02 00:00:00,19.2,98,0.4,7.4,29,-3.5875911898228927,-6.4721858328315305
2013-04-02 01:00:00,19.3,98,0.6,7.2,37,-4.333068166694748,-5.750175672340508
2013-04-02 02:00:00,19.0,97,0.5,7.4,39,-4.656970893768801,-5.750880114781583
2013-04-02 03:00:00,18.9,95,0.6,8.3,34,-4.6413010988071965,-6.881011852206848
2013-04-02 04:00:00,18.7,96,0.6,8.1,21,-2.9027803913169357,-7.562001454627333
2013-04-02 05:00:00,18.7,95,0.3,9.5,9,-1.4861274178821948,-9.383039235653808
2013-04-02 06:00:00,18.7,95,0.4,10.5,16,-2.894192236078488,-10.09324780735235
2013-04-02 07:00:00,19.7,95,0.3,10.9,17,-3.1868515814778346,-10.423721839997086
2013-04-02 08:00:00,21.8,89,0.1,12.0,7,-1.462432120861766,-11.910553819695865
2013-04-02 09:00:00,23.4,81,0.0,16.2,360,9.919639073093561e-16,-16.2
2013-04-02 10:00:00,24.4,77,0.1,19.5,358,0.6805401856987711,-19.488121126872368
2013-04-02 11:00:00,25.1,74,0.0,22.0,1,-0.38395294162023696,-21.99664929344061
2013-04-02 12:00:00,25.5,73,0.0,23.4,3,-1.2246613760848968,-23.367931113257026
2013-04-02 13:00:00,25.6,72,0.0,24.6,5,-2.144031271592393,-24.506389573056943
2013-04-02 14:00:00,25.4,72,0.0,24.6,6,-2.571400196384273,-24.465238626059527
2013-04-02 15:00:00,25.9,67,0.0,25.0,7,-3.0467335851286794,-24.81365379103305
2013-04-02 16:00:00,25.1,69,0.0,24.7,8,-3.4375755937136256,-24.459621297916783
2013-04-02 17:00:00,24.1,72,0.0,23.1,4,-1.611374543489301,-23.04372956100194
2013-04-02 18:00:00,22.8,75,0.0,22.2,8,-3.089642841313461,-21.98395112606286
2013-04-02 19:00:00,21.8,78,0.0,18.3,10,-3.177761651304825,-18.02198188012341
2013-04-02 20:00:00,21.3,80,0.0,15.6,8,-2.171100374977027,-15.448181872368496
2013-04-02 21:00:00,20.7,85,0.0,15.6,8,-2.171100374977027,-15.448181872368496
2013-04-02 22:00:00,21.2,80,0.0,13.5,9,-2.111865278043119,-13.333792598034359
2013-04-02 23:00:00,21.1,80,0.0,12.6,358,0.4397336584515136,-12.592324420440606
2013-04-03 00:00:00,20.4,84,0.0,13.1,8,-1.8231676225768623,-12.97251170051457
2013-04-03 01:00:00,19.4,89,0.2,15.5,357,0.8112073217656315,-15.478757788695894
2013-04-03 02:00:00,19.3,90,0.9,15.5,13,-3.4867413423299114,-15.102736004171145
2013-04-03 03:00:00,19.0,94,2.4,12.1,30,-6.050000000000005,-10.478907385791704
2013-04-03 04:00:00,19.2,92,2.9,9.4,7,-1.1455718280083835,-9.329933825428428
2013-04-03 05:00:00,19.0,94,3.9,13.6,349,2.5950023371210107,-13.35012969488823
2013-04-03 06:00:00,18.7,95,4.7,14.1,4,-0.9835662797921707,-14.06565310866352
2013-04-03 07:00:00,18.8,95,3.9,12.6,31,-6.489479743866687,-10.800307988846612
2013-04-03 08:00:00,19.2,95,2.6,8.8,55,-7.208537989743128,-5.0474726398892065
2013-04-03 09:00:00,20.0,92,2.3,6.0,57,-5.032023407672544,-3.2678342100901627
2013-04-03 10:00:00,20.6,91,2.0,2.5,45,-1.7677669529663693,-1.7677669529663687
2013-04-03 11:00:00,21.7,89,1.8,1.6,333,0.726384799583275,-1.4256104387013886
2013-04-03 12:00:00,22.1,88,1.5,3.3,283,3.2154212137912763,-0.7423384793347545
2013-04-03 13:00:00,22.0,89,0.7000000000000001,6.2,291,5.788198644282651,-2.2218812871808615
2013-04-03 14:00:00,22.3,90,0.5,9.4,293,8.65274562245294,-3.6728726077991736
2013-04-03 15:00:00,23.3,81,0.0,9.0,307,7.187719590425635,-5.416335208368435
2013-04-03 16:00:00,23.2,82,0.0,6.6,347,1.4846769586695083,-6.430842427582553
2013-04-03 17:00:00,22.8,83,0.0,6.6,351,1.032467469265524,-6.518743047927909
2013-04-03 18:00:00,22.2,85,0.0,9.9,341,3.223124729125852,-9.360633898433235
2013-04-03 19:00:00,21.3,89,0.0,12.9,347,2.9018686010358574,-12.569373835729534
2013-04-03 20:00:00,20.7,93,0.0,11.9,2,-0.4153040107597591,-11.89275084152724
2013-04-03 21:00:00,20.1,95,0.9,12.7,345,3.2870018728020134,-12.267257993871167
2013-04-03 22:00:00,19.6,96,2.9,13.2,343,3.859306502340125,-12.623222778712067
2013-04-03 23:00:00,19.5,96,0.2,12.3,357,0.6437322617882109,-12.283143277481258
2013-04-04 00:00:00,19.0,96,0.6,11.5,358,0.4013442120787624,-11.492994510719601
2013-04-04 01:00:00,18.5,98,0.6,10.0,345,2.5881904510252074,-9.659258262890683
2013-04-04 02:00:00,18.5,97,0.7000000000000001,8.8,351,1.3766232923540322,-8.691657397237213
2013-04-04 03:00:00,18.6,97,0.8,7.6,357,0.3977532674463741,-7.589584464134761
2013-04-04 04:00:00,18.8,97,0.6,7.6,357,0.3977532674463741,-7.589584464134761
2013-04-04 05:00:00,18.9,97,0.5,8.3,5,-0.7233926648055635,-8.268415994161488
2013-04-04 06:00:00,19.0,97,0.5,9.7,4,-0.676637795318018,-9.676371287520293
2013-04-04 07:00:00,19.8,95,0.5,11.5,4,-0.8021994480574441,-11.471986577987979
2013-04-04 08:00:00,20.7,94,0.4,11.3,351,1.7677094549546095,-11.160878248725057
2013-04-04 09:00:00,21.2,93,0.2,12.6,357,0.659433048661094,-12.58273213790763
2013-04-04 10:00:00,22.7,83,0.0,12.6,360,7.715274834628325e-16,-12.6
2013-04-04 11:00:00,24.0,78,0.0,13.0,5,-1.1330246557195571,-12.950531075192693
2013-04-04 12:00:00,24.7,76,0.0,13.3,360,8.143901214329899e-16,-13.3
2013-04-04 13:00:00,24.8,77,0.0,13.8,354,1.4424927930936178,-13.724402156082173
2013-04-04 14:00:00,24.5,78,0.0,13.8,353,1.6817969389910354,-13.697136892650244
2013-04-04 15:00:00,24.3,79,0.1,14.4,360,8.817456953860943e-16,-14.4
2013-04-04 16:00:00,24.0,80,0.0,11.1,13,-2.496956703216904,-10.815507719116109
2013-04-04 17:00:00,23.8,81,0.0,8.4,20,-2.872969203935616,-7.8934180146016315
2013-04-04 18:00:00,23.4,83,0.0,8.4,7,-1.0237024846032363,-8.337387673787106
2013-04-04 19:00:00,22.3,90,0.0,9.7,2,-0.33852511801425733,-9.694091022085228
2013-04-04 20:00:00,21.2,93,0.0,9.7,4,-0.676637795318018,-9.676371287520293
2013-04-04 21:00:00,20.9,94,0.4,7.7,11,-1.4692292643993936,-7.558529312547013
2013-04-04 22:00:00,21.1,93,0.5,4.5,14,-1.088648530198505,-4.366330768241984
2013-04-04 23:00:00,19.7,97,0.6,2.8,40,-1.7998053071223103,-2.144924440733138
2013-04-05 00:00:00,19.5,96,1.1,5.4,20,-1.8469087739586103,-5.074340152243906
2013-04-05 01:00:00,18.9,96,1.5,5.5,23,-2.149021206691006,-5.062776693988422
2013-04-05 02:00:00,19.9,93,1.2,1.5,104,-1.4554435894139948,0.3628828433995016
2013-04-05 03:00:00,21.4,86,2.7,1.8,270,1.8,0.0
2013-04-05 04:00:00,21.4,86,2.8,1.1,342,0.3399186938124422,-1.0461621679246689
2013-04-05 05:00:00,21.3,87,2.9,2.1,149,-1.081579957311114,1.800051331474436
2013-04-05 06:00:00,21.4,87,3.3,1.8,180,1.1021821192326179e-16,1.8
2013-04-05 07:00:00,21.8,88,3.5,2.4,243,2.138415658052083,1.0895771993749122
2013-04-05 08:00:00,23.1,87,2.8,4.1,225,2.899137802864845,2.8991378028648445
2013-04-05 09:00:00,23.9,86,2.9,5.1,188,0.7097828148963339,5.050367150582009
2013-04-05 10:00:00,25.0,84,1.6,4.0,207,1.8159619989581872,3.564026096753471
2013-04-05 11:00:00,26.2,78,0.5,4.1,218,2.524212048835199,3.23084408978756
2013-04-05 12:00:00,27.4,71,0.0,4.8,207,2.1791543987498248,4.276831316104166
2013-04-05 13:00:00,27.4,70,0.0,11.1,216,6.524416300446451,8.980088637561916
2013-04-05 14:00:00,25.9,75,2.2,10.4,236,8.621990754572433,5.815606196095768
2013-04-05 15:00:00,24.3,89,2.4,4.7,279,4.6421352007971475,-0.7352419856890852
2013-04-05 16:00:00,24.0,90,3.1,2.8,40,-1.7998053071223103,-2.144924440733138
2013-04-05 17:00:00,23.6,92,3.9,4.8,103,-4.6769763109691285,1.079765060850553
2013-04-05 18:00:00,23.3,94,5.1,7.1,120,-6.148780366869515,3.5499999999999994
2013-04-05 19:00:00,23.0,88,2.3,9.7,138,-6.490566881680924,7.208504807130724
2013-04-05 20:00:00,22.8,83,1.1,16.0,172,-2.2267696153610457,15.844289099865126
2013-04-05 21:00:00,22.9,77,0.9,19.9,176,-1.388153827508094,19.8515246001705
2013-04-05 22:00:00,22.9,78,1.4,19.1,169,-3.644451811692006,18.749079203850382
2013-04-05 23:00:00,22.2,84,2.7,17.6,165,-4.555215193804368,17.000294542687605
2013-04-06 00:00:00,22.1,86,2.5,16.0,157,-6.25169805582838,14.728077655239044
2013-04-06 01:00:00,22.0,87,1.8,16.1,138,-10.773002762377619,11.964631690186048
2013-04-06 02:00:00,22.0,87,2.6,16.5,144,-9.698456662825805,13.348780407186633
2013-04-06 03:00:00,21.3,89,1.8,15.1,162,-4.666156615061705,14.36095339605682
2013-04-06 04:00:00,21.3,89,0.9,13.8,173,-1.6817969389910337,13.697136892650246
2013-04-06 05:00:00,21.2,90,0.7000000000000001,11.2,178,-0.39087436306801066,11.193177262613872
2013-04-06 06:00:00,21.3,91,0.5,8.4,205,3.5499933986218752,7.61298541110786
2013-04-06 07:00:00,21.4,94,0.8,4.8,228,3.5670951622914924,3.2118269105225195
2013-04-06 08:00:00,22.5,91,0.5,1.0,315,0.7071067811865476,-0.7071067811865475
2013-04-06 09:00:00,23.2,90,0.2,6.0,327,3.2678342100901627,-5.032023407672544
2013-04-06 10:00:00,23.6,90,0.1,9.0,323,5.4163352083684355,-7.187719590425635
2013-04-06 11:00:00,23.3,90,0.1,10.7,327,5.82763767466079,-8.973775077016036
2013-04-06 12:00:00,23.0,88,0.2,14.3,335,6.043441142892003,-12.960201354624095
2013-04-06 13:00:00,22.9,86,0.2,21.0,355,1.830270597700821,-20.920088659926655
2013-04-06 14:00:00,22.2,84,0.2,24.2,3,-1.2665301410792522,-24.166834741060686
2013-04-06 15:00:00,20.6,95,0.9,26.2,9,-4.098582984054053,-25.877434523592605
2013-04-06 16:00:00,19.8,95,0.7000000000000001,25.1,8,-3.4932448340976525,-24.855728525413415
2013-04-06 17:00:00,18.9,92,0.6,24.4,13,-5.488805725990312,-23.774629580759736
2013-04-06 18:00:00,18.2,92,0.2,23.3,13,-5.2413595662120605,-22.70282250949598
2013-04-06 19:00:00,17.7,92,0.0,27.2,6,-2.8431742008801715,-27.050995554017035
2013-04-06 20:00:00,17.1,89,0.0,31.8,5,-2.7715526193755324,-31.67899139931751
2013-04-06 21:00:00,16.6,86,0.0,32.5,10,-5.643565774175236,-32.00625197289676
2013-04-06 22:00:00,16.5,83,0.0,29.4,11,-5.609784464070411,-28.85983919336132
2013-04-06 23:00:00,16.4,80,0.0,27.7,9,-4.3332346816144,-27.358967034485314
2013-04-07 00:00:00,16.2,78,0.0,27.2,8,-3.78550834611379,-26.93529146977071
2013-04-07 01:00:00,16.2,76,0.0,27.2,8,-3.78550834611379,-26.93529146977071
2013-04-07 02:00:00,16.1,74,0.0,27.9,7,-3.400154681003606,-27.692037630792885
2013-04-07 03:00:00,16.0,72,0.0,28.6,5,-2.492654242583026,-28.491168365423924
2013-04-07 04:00:00,15.8,71,0.0,27.4,5,-2.388067351285836,-27.29573472771383
2013-04-07 05:00:00,15.7,71,0.0,27.1,4,-1.8904004384658033,-27.033985762041237
2013-04-07 06:00:00,15.9,71,0.0,24.9,5,-2.17017799441669,-24.805247982484463
2013-04-07 07:00:00,16.1,73,0.0,23.5,5,-2.048159954569969,-23.41057540515602
2013-04-07 08:00:00,16.8,72,0.0,21.6,4,-1.5067398328731125,-21.547383485612205
2013-04-07 09:00:00,17.8,70,0.0,20.6,5,-1.79540830060176,-20.521610780689958
2013-04-07 10:00:00,19.2,68,0.0,19.9,5,-1.734399280678399,-19.824274492025737
2013-04-07 11:00:00,19.9,68,0.0,19.2,8,-2.672123538433264,-19.01314691983815
2013-04-07 12:00:00,20.7,67,0.0,18.2,9,-2.847107263732205,-17.975927798831506
2013-04-07 13:00:00,21.2,67,0.0,18.4,6,-1.9233237241248218,-18.299202874776228
2013-04-07 14:00:00,21.1,68,0.0,18.8,7,-2.291143656016767,-18.659867650856857
2013-04-07 15:00:00,21.0,69,0.0,18.4,6,-1.9233237241248218,-18.299202874776228
2013-04-07 16:00:00,20.8,69,0.0,18.5,7,-2.2545828529952225,-18.36210380536446
2013-04-07 17:00:00,20.2,71,0.0,17.1,7,-2.0839657722280167,-16.97253919306661
2013-04-07 18:00:00,19.1,74,0.0,15.3,8,-2.129348444689007,-15.151101451746026
2013-04-07 19:00:00,18.1,78,0.0,14.8,4,-1.0323958114130587,-14.763947943845398
2013-04-07 20:00:00,17.5,84,0.0,13.0,5,-1.1330246557195571,-12.950531075192693
2013-04-07 21:00:00,17.0,88,0.0,10.4,360,6.368163355566237e-16,-10.4
2013-04-07 22:00:00,16.6,89,0.0,8.3,355,0.7233926648055626,-8.268415994161488
2013-04-07 23:00:00,16.5,90,0.0,6.2,353,0.7555899291119145,-6.153786140176196
2013-04-08 00:00:00,16.9,87,0.1,4.4,351,0.6883116461770161,-4.3458286986186065
2013-04-08 01:00:00,17.5,84,0.2,3.7,331,1.7937955949114475,-3.2360929164157644
2013-04-08 02:00:00,17.5,84,0.2,2.6,304,2.1554976886431083,-1.453901549023942
2013-04-08 03:00:00,16.0,90,0.2,3.6,307,2.875087836170254,-2.166534083347374
2013-04-08 04:00:00,16.8,86,0.2,4.4,325,2.5237363199446032,-3.604268994871564
2013-04-08 05:00:00,16.2,89,0.2,5.0,339,1.791839747726502,-4.667902132486009
2013-04-08 06:00:00,16.2,89,0.2,6.2,350,1.0766187015349686,-6.10580806867569
2013-04-08 07:00:00,17.0,89,0.1,6.3,13,-1.417191642366351,-6.1385314081469815
2013-04-08 08:00:00,18.9,83,0.1,7.2,18,-2.2249223594996224,-6.8476069173251055
2013-04-08 09:00:00,19.9,80,0.0,8.0,18,-2.4721359549995805,-7.608452130361228
2013-04-08 10:00:00,20.8,77,0.1,7.6,5,-0.6623836448822027,-7.571079705497266
2013-04-08 11:00:00,21.8,75,0.1,6.9,354,0.7212463965468089,-6.862201078041086
2013-04-08 12:00:00,23.0,70,0.3,8.1,339,2.902780391316933,-7.5620014546273335
2013-04-08 13:00:00,23.3,70,0.3,11.9,331,5.769234480931412,-10.40797451495881
2013-04-08 14:00:00,22.8,73,0.7000000000000001,13.0,336,5.287576359985403,-11.876090949353811
2013-04-08 15:00:00,23.2,73,0.0,11.8,348,2.453357951649562,-11.542141688658907
2013-04-08 16:00:00,22.9,75,0.0,10.8,4,-0.7533699164365563,-10.773691742806102
2013-04-08 17:00:00,22.7,76,0.0,10.5,4,-0.7324429743133186,-10.474422527728153
2013-04-08 18:00:00,21.8,79,0.0,12.3,353,1.4989929238833142,-12.208317665188261
2013-04-08 19:00:00,20.4,84,0.0,12.5,348,2.598896135221993,-12.22684500917257
2013-04-08 20:00:00,19.6,87,0.0,10.2,352,1.4195656297926678,-10.100734301164017
2013-04-08 21:00:00,19.3,87,0.1,8.3,355,0.7233926648055626,-8.268415994161488
2013-04-08 22:00:00,18.9,88,0.2,7.6,357,0.3977532674463741,-7.589584464134761
2013-04-08 23:00:00,18.4,90,0.1,8.7,343,2.5436338310878095,-8.319851376878407
2013-04-09 00:00:00,18.1,91,0.2,12.1,350,2.101142949769858,-11.916173811447717
2013-04-09 01:00:00,17.8,92,0.2,14.1,357,0.7379369830255099,-14.080676440039491
2013-04-09 02:00:00,17.8,92,0.2,13.7,360,8.388830574159369e-16,-13.7
2013-04-09 03:00:00,17.5,94,0.2,13.7,2,-0.4781231048242604,-13.691654330161612
2013-04-09 04:00:00,17.1,95,0.0,14.4,4,-1.0044932219154084,-14.36492232374147
2013-04-09 05:00:00,17.0,94,0.0,14.8,4,-1.0323958114130587,-14.763947943845398
2013-04-09 06:00:00,17.1,94,0.1,15.6,8,-2.171100374977027,-15.448181872368496
2013-04-09 07:00:00,18.0,94,0.2,17.3,4,-1.2067869957733726,-17.257858069494958
2013-04-09 08:00:00,19.4,89,0.3,19.5,3,-1.020551146737414,-19.47327592771419
2013-04-09 09:00:00,20.8,85,0.6,16.7,6,-1.7456253365698111,-16.608515652650166
2013-04-09 10:00:00,21.8,83,0.3,14.8,359,0.2582956152717973,-14.79774588831459
2013-04-09 11:00:00,22.6,81,0.3,15.9,354,1.66200256595569,-15.812898136355546
2013-04-09 12:00:00,23.7,76,0.0,18.2,352,2.5329504374731915,-18.02287885109658
2013-04-09 13:00:00,23.9,75,0.0,20.2,359,0.3525386100331287,-20.196923442159104
2013-04-09 14:00:00,23.7,75,0.0,22.3,1,-0.389188663551422,-22.296603601987528
2013-04-09 15:00:00,22.0,81,0.1,23.2,6,-2.425060347809558,-23.07290797254394
2013-04-09 16:00:00,21.4,83,0.2,21.6,15,-5.590491374214446,-20.863997847843876
2013-04-09 17:00:00,21.2,82,0.0,18.4,17,-5.379639366898362,-17.596007509719847
2013-04-09 18:00:00,20.6,85,0.0,14.7,11,-2.8048922320352054,-14.42991959668066
2013-04-09 19:00:00,20.2,87,0.0,11.2,21,-4.013721034907368,-10.456100776768658
2013-04-09 20:00:00,20.0,89,0.0,11.6,16,-3.197393327477187,-11.1506356728845
2013-04-09 21:00:00,19.1,92,0.0,14.4,357,0.7536377698983932,-14.380265300465863
2013-04-09 22:00:00,18.6,92,0.0,18.4,358,0.6421507393260198,-18.38879121715136
2013-04-09 23:00:00,18.4,93,0.1,16.0,8,-2.2267696153610532,-15.844289099865124
2013-04-10 00:00:00,18.3,92,0.0,15.9,4,-1.1091279325315968,-15.861268399131205
2013-04-10 01:00:00,17.8,93,0.0,17.3,4,-1.2067869957733726,-17.257858069494958
2013-04-10 02:00:00,17.5,93,0.0,19.4,1,-0.33857668488329984,-19.39704528603399
2013-04-10 03:00:00,17.4,92,0.3,21.3,6,-2.2264562676010167,-21.183316371344223
2013-04-10 04:00:00,17.3,93,1.1,21.5,10,-3.733435819839002,-21.17336668976247
2013-04-10 05:00:00,17.4,93,0.6,19.8,12,-4.116651478191644,-19.36732249452935
2013-04-10 06:00:00,17.4,93,0.1,20.2,11,-3.854341706606201,-19.828869105642813
2013-04-10 07:00:00,18.5,92,0.0,21.1,9,-3.300767212348875,-20.840223986557405
2013-04-10 08:00:00,20.2,85,0.0,21.0,7,-2.5592562115080906,-20.843469184467764
2013-04-10 09:00:00,21.5,80,0.0,23.4,2,-0.8166482228385178,-23.38574535224684
2013-04-10 10:00:00,22.9,76,0.0,24.9,4,-1.7369361962287269,-24.839344851469622
2013-04-10 11:00:00,23.7,73,0.0,23.2,7,-2.827368766999414,-23.027070718078672
2013-04-10 12:00:00,24.1,72,0.0,23.1,3,-1.2089605892120137,-23.068342252830657
2013-04-10 13:00:00,24.0,72,0.0,25.9,359,0.45201732672564515,-25.896055304550533
2013-04-10 14:00:00,23.4,71,0.0,27.7,1,-0.48343165831275287,-27.695781155832037
2013-04-10 15:00:00,22.5,71,0.0,26.3,4,-1.8345952594705028,-26.23593452183338
2013-04-10 16:00:00,21.9,72,0.0,23.2,7,-2.827368766999414,-23.027070718078672
2013-04-10 17:00:00,21.4,74,0.0,20.5,10,-3.559787642172072,-20.188558936750265
2013-04-10 18:00:00,20.6,76,0.0,20.4,8,-2.8391312595853426,-20.20146860232803
2013-04-10 19:00:00,20.0,77,0.0,18.1,13,-4.071614083623961,-17.63609817261276
2013-04-10 20:00:00,19.7,79,0.0,15.2,5,-1.3247672897644054,-15.142159410994532
2013-04-10 21:00:00,19.3,81,0.0,16.9,358,0.5898014942722682,-16.889704976622717
2013-04-10 22:00:00,18.8,85,0.0,14.9,7,-1.815853216736693,-14.7889376594557
2013-04-10 23:00:00,18.9,84,0.0,10.5,8,-1.4613175600806911,-10.397814721786487
2013-04-11 00:00:00,18.8,85,0.0,10.1,4,-0.7045403848156684,-10.075396907624224
2013-04-11 01:00:00,18.6,89,0.3,10.9,8,-1.5169868004647176,-10.793921949283115
2013-04-11 02:00:00,18.4,91,0.6,10.6,10,-1.8406706832694615,-10.438962181929405
2013-04-11 03:00:00,18.6,90,0.6,10.8,15,-2.795245687107223,-10.431998923921938
2013-04-11 04:00:00,18.5,91,0.6,10.1,17,-2.9529542176996446,-9.658678035226657
2013-04-11 05:00:00,19.0,88,0.7000000000000001,8.9,14,-2.1531048708370433,-8.635631963856369
2013-04-11 06:00:00,18.5,92,0.5,8.1,13,-1.8221035401853085,-7.892397524760404
2013-04-11 07:00:00,19.5,91,0.5,7.6,3,-0.39775326744637673,-7.589584464134761
2013-04-11 08:00:00,19.8,89,0.4,8.8,351,1.3766232923540322,-8.691657397237213
2013-04-11 09:00:00,20.4,87,0.5,11.2,354,1.1707187885977186,-11.13864522812466
2013-04-11 10:00:00,20.5,87,0.5,11.0,11,-2.098898949141991,-10.797899017924303
2013-04-11 11:00:00,20.7,88,0.4,10.7,12,-2.2246550917500296,-10.46617932785172
2013-04-11 12:00:00,21.0,87,0.4,11.2,2,-0.3908743630680085,-11.193177262613872
2013-04-11 13:00:00,21.9,83,0.4,14.1,357,0.7379369830255099,-14.080676440039491
2013-04-11 14:00:00,21.5,85,0.1,15.9,4,-1.1091279325315968,-15.861268399131205
2013-04-11 15:00:00,20.2,91,1.1,15.2,4,-1.0602984009107088,-15.162973563949327
2013-04-11 16:00:00,20.0,93,0.9,16.6,2,-0.5793316452615127,-16.58988772851699
2013-04-11 17:00:00,19.5,95,1.1,18.2,9,-2.847107263732205,-17.975927798831506
2013-04-11 18:00:00,18.9,95,0.6,18.1,17,-5.291927855481542,-17.30911608293094
2013-04-11 19:00:00,18.7,95,0.3,18.3,10,-3.177761651304825,-18.02198188012341
2013-04-11 20:00:00,18.4,95,0.3,20.3,6,-2.1219278043333634,-20.18879447597595
2013-04-11 21:00:00,18.2,94,0.2,20.9,3,-1.0938214854775359,-20.871357276370592
2013-04-11 22:00:00,17.9,94,0.3,21.3,2,-0.7433592797632662,-21.28702461550674
2013-04-11 23:00:00,17.8,93,0.6,21.3,3,-1.1147558679747138,-21.270809090272422
2013-04-12 00:00:00,17.7,93,0.5,20.2,4,-1.4090807696313368,-20.15079381524845
2013-04-12 01:00:00,17.7,93,0.9,16.7,6,-1.7456253365698111,-16.608515652650166
2013-04-12 02:00:00,17.7,93,1.5,15.1,1,-0.26353133720298083,-15.097700196861508
2013-04-12 03:00:00,17.7,91,1.2,13.3,3,-0.6960682180311593,-13.281772812235833
2013-04-12 04:00:00,17.5,91,1.5,13.7,360,8.388830574159369e-16,-13.7
2013-04-12 05:00:00,17.5,92,1.2,14.4,360,8.817456953860943e-16,-14.4
2013-04-12 06:00:00,17.5,92,0.9,16.0,9,-2.5029514406436966,-15.803013449522203
2013-04-12 07:00:00,17.9,92,0.5,14.7,11,-2.8048922320352054,-14.42991959668066
2013-04-12 08:00:00,18.8,90,0.4,14.5,7,-1.767105479374634,-14.39191919879917
2013-04-12 09:00:00,19.3,89,0.3,18.4,360,1.1266750552155648e-15,-18.4
2013-04-12 10:00:00,20.2,87,0.3,19.5,358,0.6805401856987711,-19.488121126872368
2013-04-12 11:00:00,20.6,86,0.2,20.5,1,-0.3577743319643117,-20.49687775070602
2013-04-12 12:00:00,21.3,84,0.2,20.7,8,-2.8808831898733627,-20.498549022950503
2013-04-12 13:00:00,21.6,82,0.2,19.8,12,-4.116651478191644,-19.36732249452935
2013-04-12 14:00:00,21.7,80,0.1,18.2,9,-2.847107263732205,-17.975927798831506
2013-04-12 15:00:00,20.0,89,0.8,17.4,6,-1.8187952608571683,-17.304680979407955
2013-04-12 16:00:00,19.6,90,1.0,15.6,8,-2.171100374977027,-15.448181872368496
2013-04-12 17:00:00,19.2,91,1.1,12.9,13,-2.901868601035862,-12.569373835729534
2013-04-12 18:00:00,18.8,93,0.7000000000000001,13.0,14,-3.144984642795681,-12.613844441587954
2013-04-12 19:00:00,18.6,94,0.4,13.9,17,-4.063966695646045,-13.29263610788619
2013-04-12 20:00:00,18.3,94,0.0,13.1,9,-2.0492914920270264,-12.938717261796302
2013-04-12 21:00:00,18.1,94,0.0,11.6,5,-1.0110066158728357,-11.555858497864248
2013-04-12 22:00:00,18.0,94,0.0,9.0,5,-0.7844016847289242,-8.96575228282571
2013-04-12 23:00:00,18.2,91,0.0,7.6,3,-0.39775326744637673,-7.589584464134761
2013-04-13 00:00:00,18.6,88,0.0,5.4,4,-0.37668495821827813,-5.386845871403051
2013-04-13 01:00:00,18.8,87,0.1,3.0,14,-0.7257656867990033,-2.9108871788279895
2013-04-13 02:00:00,18.6,87,0.1,0.5,315,0.3535533905932738,-0.35355339059327373
2013-04-13 03:00:00,18.4,90,0.6,2.4,243,2.138415658052083,1.0895771993749122
2013-04-13 04:00:00,18.5,91,0.8,4.1,225,2.899137802864845,2.8991378028648445
2013-04-13 05:00:00,18.3,94,0.8,6.1,208,2.863776532993934,5.385980316439453
2013-04-13 06:00:00,18.4,94,0.7000000000000001,6.7,196,1.8467702839738944,6.440453362786736
2013-04-13 07:00:00,19.1,93,0.7000000000000001,7.4,194,1.7902220274375409,7.180188374442374
2013-04-13 08:00:00,19.9,90,0.6,8.2,195,2.12231616984067,7.92059177557036
2013-04-13 09:00:00,20.6,88,0.5,9.1,198,2.8120546488120217,8.654614298285896
2013-04-13 10:00:00,21.1,85,0.3,9.0,203,3.5165801564034633,8.284543681071963
2013-04-13 11:00:00,22.1,80,0.2,8.4,227,6.143371093601032,5.728786224524987
2013-04-13 12:00:00,22.1,80,0.1,8.9,243,7.929958065276475,4.040515447681966
2013-04-13 13:00:00,22.1,80,0.0,8.1,257,7.892397524760405,1.8221035401853065
2013-04-13 14:00:00,22.5,78,0.1,7.6,273,7.589584464134761,-0.3977532674463731
2013-04-13 15:00:00,22.1,80,0.0,6.2,280,6.10580806867569,-1.0766187015349682
2013-04-13 16:00:00,22.1,80,0.0,4.3,265,4.283637201794505,0.3747696938149301
2013-04-13 17:00:00,21.7,82,0.0,4.1,285,3.96029588778518,-1.061158084920335
2013-04-13 18:00:00,21.2,83,0.0,5.7,325,3.269385687200963,-4.669166652447253
2013-04-13 19:00:00,20.6,86,0.0,4.0,10,-0.6945927106677213,-3.939231012048832
2013-04-13 20:00:00,20.0,91,0.2,4.0,85,-3.984778792366982,-0.3486229709906318
2013-04-13 21:00:00,19.3,93,0.1,1.6,117,-1.4256104387013886,0.7263847995832751
2013-04-13 22:00:00,19.6,90,0.0,3.4,252,3.233592155403522,1.0506577808748212
2013-04-13 23:00:00,19.8,89,0.0,6.3,239,5.400153994423308,3.244739871933341
2013-04-14 00:00:00,19.8,89,0.2,6.8,212,3.603450996785793,5.766727053863696
2013-04-14 01:00:00,19.8,88,0.4,7.0,201,2.5085756468171025,6.535062985480412
2013-04-14 02:00:00,19.7,88,0.3,6.6,221,4.329989591337347,4.981083229470295
2013-04-14 03:00:00,20.1,86,0.4,6.3,257,6.1385314081469815,1.4171916423663495
2013-04-14 04:00:00,19.5,89,0.8,4.5,284,4.366330768241984,-1.0886485301985047
2013-04-14 05:00:00,19.5,89,1.1,1.5,315,1.0606601717798214,-1.0606601717798212
2013-04-14 06:00:00,18.6,95,0.7000000000000001,4.1,315,2.899137802864845,-2.8991378028648445
2013-04-14 07:00:00,19.1,95,0.4,3.7,349,0.7059932828932162,-3.632020578756357
2013-04-14 08:00:00,20.0,91,0.1,5.2,344,1.4333142502483958,-4.998560818879258
2013-04-14 09:00:00,20.2,93,0.0,8.2,337,3.203995253612044,-7.54813979831001
2013-04-14 10:00:00,20.7,91,0.3,11.6,334,5.085105302753298,-10.426010937070338
2013-04-14 11:00:00,20.7,90,0.7000000000000001,13.9,339,4.981314498679676,-12.976767928311105
2013-04-14 12:00:00,20.9,91,1.0,11.3,343,3.303800263366926,-10.806243742382302
2013-04-14 13:00:00,20.1,95,1.0,8.3,360,5.082284216461516e-16,-8.3
2013-04-14 14:00:00,20.6,93,1.5,6.8,25,-2.873804179836754,-6.16289295184922
2013-04-14 15:00:00,19.9,95,1.7000000000000002,7.1,45,-5.020458146424488,-5.020458146424486
2013-04-14 16:00:00,20.0,94,1.2,7.2,53,-5.750175672340508,-4.333068166694749
2013-04-14 17:00:00,20.0,93,1.1,6.5,71,-6.145870741395559,-2.116193003971519
2013-04-14 18:00:00,20.2,93,0.6,7.2,90,-7.2,8.817456953860943e-16
2013-04-14 19:00:00,19.9,93,0.2,7.2,84,-7.160557646651568,-0.7526049355271052
2013-04-14 20:00:00,19.4,94,0.0,6.4,63,-5.702441754805555,-2.905539198333099
2013-04-14 21:00:00,18.7,94,0.0,7.1,49,-5.358438019581682,-4.6580191058326
2013-04-14 22:00:00,18.1,93,0.0,9.1,18,-2.8120546488120226,-8.654614298285896
2013-04-14 23:00:00,18.3,90,0.0,8.6,2,-0.3001356716415065,-8.594761112364223
2013-04-15 00:00:00,18.5,88,0.0,9.7,360,5.939536975864663e-16,-9.7
2013-04-15 01:00:00,18.9,87,0.0,10.4,358,0.36295476570601126,-10.393664600998596
2013-04-15 02:00:00,19.3,86,0.0,10.6,350,1.8406706832694624,-10.438962181929405
2013-04-15 03:00:00,18.1,91,0.0,10.7,346,2.588564282916444,-10.382164271153162
2013-04-15 04:00:00,17.9,91,0.0,9.3,344,2.5634274090980926,-8.939733772226367
2013-04-15 05:00:00,17.5,91,0.0,7.3,349,1.3929056662487778,-7.165878439167947
2013-04-15 06:00:00,16.7,94,0.0,3.6,37,-2.166534083347374,-2.875087836170254
2013-04-15 07:00:00,17.8,96,0.0,1.8,53,-1.437543918085127,-1.0832670416736871
2013-04-15 08:00:00,20.9,87,0.0,1.1,342,0.3399186938124422,-1.0461621679246689
2013-04-15 09:00:00,22.3,83,0.0,1.6,333,0.726384799583275,-1.4256104387013886
2013-04-15 10:00:00,23.8,77,0.0,2.3,321,1.447436899414626,-1.7874357113510329
2013-04-15 11:00:00,24.8,74,0.0,4.2,301,3.600102662948872,-2.1631599146222276
2013-04-15 12:00:00,25.3,72,0.0,6.8,295,6.162892951849219,-2.873804179836756
2013-04-15 13:00:00,25.7,72,0.0,8.7,294,7.947845481490627,-3.5386087947594613
2013-04-15 14:00:00,25.6,73,0.0,9.4,293,8.65274562245294,-3.6728726077991736
2013-04-15 15:00:00,24.7,77,0.1,9.1,288,8.654614298285896,-2.8120546488120213
2013-04-15 16:00:00,24.5,77,0.0,8.1,283,7.892397524760405,-1.8221035401853065
2013-04-15 17:00:00,23.7,80,0.0,6.6,283,6.430842427582553,-1.484676958669509
2013-04-15 18:00:00,22.9,83,0.0,5.8,300,5.022947341949744,-2.8999999999999995
2013-04-15 19:00:00,21.5,92,0.0,4.1,308,3.2308440897875594,-2.524212048835199
2013-04-15 20:00:00,21.4,88,0.0,2.6,304,2.1554976886431083,-1.453901549023942
2013-04-15 21:00:00,21.1,89,0.2,2.5,262,2.475670171853926,0.3479327524001636
2013-04-15 22:00:00,20.3,91,0.1,3.6,233,2.875087836170254,2.166534083347374
2013-04-15 23:00:00,20.7,90,0.2,4.3,222,2.8772616073430903,3.195522749552795
2013-04-16 00:00:00,20.6,90,0.5,4.8,228,3.5670951622914924,3.2118269105225195
2013-04-16 01:00:00,20.5,90,0.6,5.6,220,3.5996106142446203,4.289848881466277
2013-04-16 02:00:00,19.3,95,0.6,7.1,210,3.5500000000000007,6.148780366869514
2013-04-16 03:00:00,20.7,87,0.5,7.0,215,4.015035054457323,5.7340643100229425
2013-04-16 04:00:00,20.9,86,0.4,5.6,230,4.289848881466277,3.5996106142446194
2013-04-16 05:00:00,21.0,85,0.4,3.8,229,2.8678964048465336,2.4930243101639276
2013-04-16 06:00:00,21.1,85,0.2,2.4,153,-1.089577199374912,2.138415658052083
2013-04-16 07:00:00,21.0,92,0.1,4.1,142,-2.524212048835199,3.23084408978756
2013-04-16 08:00:00,22.9,86,0.0,2.6,164,-0.7166571251241975,2.499280409439629
2013-04-16 09:00:00,24.3,82,0.0,3.1,216,1.8221342821066668,2.5079526825623373
2013-04-16 10:00:00,25.7,76,0.0,6.3,246,5.755336383148386,2.5624408513775414
2013-04-16 11:00:00,26.9,70,0.0,10.7,256,10.382164271153162,2.5885642829164444
2013-04-16 12:00:00,27.5,67,0.0,11.7,259,11.485038046337667,2.232465245905574
2013-04-16 13:00:00,27.8,66,0.0,11.9,267,11.88369146357943,0.6227978792910317
2013-04-16 14:00:00,27.5,69,0.1,11.5,266,11.471986577987979,0.802199448057441
2013-04-16 15:00:00,26.2,77,0.1,10.9,243,9.71197111365321,4.94849644716106
2013-04-16 16:00:00,26.0,78,0.0,13.0,226,9.351417404402465,9.030558815966964
2013-04-16 17:00:00,25.4,80,0.0,11.7,227,8.556838308944293,7.979380812731232
2013-04-16 18:00:00,24.4,85,0.0,9.7,228,7.208504807130724,6.490566881680924
2013-04-16 19:00:00,23.4,89,0.0,9.4,227,6.874724795220202,6.410784584587486
2013-04-16 20:00:00,22.6,92,0.0,9.4,220,6.04220353105347,7.200817765318393
2013-04-16 21:00:00,21.8,94,0.0,9.7,211,4.995869326627525,8.31452281681049
2013-04-16 22:00:00,21.1,96,0.0,9.5,189,1.4861274178821937,9.38303923565381
2013-04-16 23:00:00,20.6,95,0.0,10.1,176,-0.7045403848156658,10.075396907624224
2013-04-17 00:00:00,20.5,92,0.0,11.2,182,0.3908743630680121,11.193177262613872
2013-04-17 01:00:00,21.0,89,0.0,10.3,234,8.332875042061959,6.054188098612474
2013-04-17 02:00:00,22.2,85,0.0,11.0,247,10.125553387976844,4.298042413382012
2013-04-17 03:00:00,22.7,83,0.0,9.4,227,6.874724795220202,6.410784584587486
2013-04-17 04:00:00,21.2,87,0.0,9.6,167,-2.159530121701104,9.353952621938259
2013-04-17 05:00:00,20.8,87,0.0,10.7,166,-2.5885642829164452,10.382164271153162
2013-04-17 06:00:00,20.5,86,0.0,9.3,164,-2.5634274090980913,8.939733772226367
2013-04-17 07:00:00,22.1,87,0.0,8.3,180,5.082284216461516e-16,8.3
2013-04-17 08:00:00,24.4,77,0.0,9.2,211,4.738350289172498,7.8859391664594325
2013-04-17 09:00:00,25.0,77,0.0,11.5,229,8.679160172561879,7.544678833390834
2013-04-17 10:00:00,25.5,76,0.0,10.9,224,7.57177623800307,7.840803823691297
2013-04-17 11:00:00,25.9,76,0.0,11.1,205,4.691062705321763,10.060016436106814
2013-04-17 12:00:00,26.5,73,0.0,11.5,200,3.9332316482451914,10.806465139037945
2013-04-17 13:00:00,26.8,73,0.0,13.2,209,6.39948698725165,11.544980134240022
2013-04-17 14:00:00,27.0,72,0.1,14.6,220,9.384699101423475,11.184248869537079
2013-04-17 15:00:00,26.7,75,0.0,13.0,224,9.030558815966964,9.351417404402465
2013-04-17 16:00:00,26.1,79,0.0,11.2,213,6.099957192168303,9.393110360988748
2013-04-17 17:00:00,25.9,81,0.0,6.8,198,2.1013155617496424,6.467184310807044
2013-04-17 18:00:00,25.3,85,0.0,6.0,155,-2.535709570444196,5.4378467222199
2013-04-17 19:00:00,24.6,87,0.0,7.4,151,-3.587591189822894,6.47218583283153
2013-04-17 20:00:00,23.4,91,0.0,6.7,216,3.93816119035957,5.420413862312148
2013-04-17 21:00:00,23.1,90,0.0,8.7,240,7.534421012924616,4.349999999999999
2013-04-17 22:00:00,23.5,88,0.0,8.5,208,3.9905082836800725,7.505054539300878
2013-04-17 23:00:00,21.9,93,0.0,9.0,182,0.31409547032250973,8.994517443171862
2013-04-18 00:00:00,21.6,94,0.0,8.9,166,-2.1531048708370433,8.635631963856369
2013-04-18 01:00:00,21.4,94,0.0,8.3,175,-0.7233926648055634,8.268415994161488
2013-04-18 02:00:00,21.2,93,0.0,6.8,180,4.1637991171010006e-16,6.8
2013-04-18 03:00:00,20.7,92,0.0,7.4,157,-2.891410350820626,6.811735915548058
2013-04-18 04:00:00,20.5,91,0.0,8.6,158,-3.2216167033768435,7.973781149274371
2013-04-18 05:00:00,20.6,89,0.0,8.1,148,-4.292346040288959,6.869189578867051
2013-04-18 06:00:00,21.9,82,0.0,8.2,165,-2.122316169840671,7.92059177557036
2013-04-18 07:00:00,23.3,80,0.4,7.9,156,-3.213219480298822,7.217009115376547
2013-04-18 08:00:00,25.3,75,0.2,8.7,156,-3.538608794759462,7.947845481490627
2013-04-18 09:00:00,26.1,72,0.0,7.8,167,-1.7546182238821473,7.6000865053248345
2013-04-18 10:00:00,27.4,69,0.0,7.9,180,4.837354856632045e-16,7.9
2013-04-18 11:00:00,28.2,68,0.0,9.7,202,3.633683956134346,8.993683389297837
2013-04-18 12:00:00,28.6,69,0.0,10.2,212,5.40517649517869,8.650090580795544
2013-04-18 13:00:00,28.5,70,0.0,10.4,224,7.224447052773572,7.481133923521972
2013-04-18 14:00:00,28.6,70,0.0,11.0,229,8.301805382450492,7.2166493188955805
2013-04-18 15:00:00,28.9,65,0.0,10.9,224,7.57177623800307,7.840803823691297
2013-04-18 16:00:00,28.2,68,0.1,10.2,228,7.580077219869421,6.825132184860354
2013-04-18 17:00:00,26.7,79,0.6,8.9,227,6.509047944410617,6.069785404556237
2013-04-18 18:00:00,25.7,83,0.0,6.9,219,4.342310698243879,5.3623071340531
2013-04-18 19:00:00,24.8,89,0.8,7.4,209,3.587591189822895,6.472185832831529
2013-04-18 20:00:00,23.8,90,0.0,4.1,218,2.524212048835199,3.23084408978756
2013-04-18 21:00:00,23.2,90,0.0,0.8,117,-0.7128052193506943,0.36319239979163753
2013-04-18 22:00:00,22.7,90,0.0,3.1,54,-2.5079526825623377,-1.8221342821066664
2013-04-18 23:00:00,23.2,85,0.0,3.1,159,-1.1109406435904308,2.8940993221413254
2013-04-19 00:00:00,23.1,85,0.1,2.3,198,0.7107390870623791,2.1874299874788528
2013-04-19 01:00:00,23.0,85,0.0,1.5,14,-0.36288284339950166,-1.4554435894139948
2013-04-19 02:00:00,23.5,81,0.3,6.9,354,0.7212463965468089,-6.862201078041086
2013-04-19 03:00:00,21.8,89,0.6,8.1,347,1.8221035401853058,-7.892397524760405
2013-04-19 04:00:00,21.9,89,0.6,5.4,48,-4.012982057577929,-3.6133052743378347
2013-04-19 05:00:00,23.2,82,0.0,3.6,45,-2.545584412271572,-2.545584412271571
2013-04-19 06:00:00,21.5,89,0.0,9.7,15,-2.51054473749445,-9.369480515003962
2013-04-19 07:00:00,22.5,91,0.0,12.4,17,-3.62540913856194,-11.858178973941639
2013-04-19 08:00:00,23.6,87,0.0,13.1,9,-2.0492914920270264,-12.938717261796302
2013-04-19 09:00:00,24.7,83,0.0,16.7,6,-1.7456253365698111,-16.608515652650166
2013-04-19 10:00:00,25.8,79,0.0,17.7,6,-1.8501537998374644,-17.60303754801844
2013-04-19 11:00:00,26.3,77,0.0,15.8,1,-0.27574802170907925,-15.797593583470983
2013-04-19 12:00:00,26.5,76,0.0,14.4,356,1.0044932219154035,-14.36492232374147
2013-04-19 13:00:00,26.7,75,0.0,13.7,355,1.1940336756429164,-13.647867363856914
2013-04-19 14:00:00,26.6,76,0.0,13.7,358,0.4781231048242648,-13.691654330161612
2013-04-19 15:00:00,26.0,79,0.0,14.4,4,-1.0044932219154084,-14.36492232374147
2013-04-19 16:00:00,25.4,81,0.0,14.1,3,-0.7379369830255147,-14.080676440039491
2013-04-19 17:00:00,24.7,84,0.0,14.1,356,0.9835662797921657,-14.06565310866352
2013-04-19 18:00:00,23.7,88,0.0,12.3,357,0.6437322617882109,-12.283143277481258
2013-04-19 19:00:00,22.9,90,0.0,12.6,2,-0.4397336584515096,-12.592324420440606
2013-04-19 20:00:00,22.5,92,0.0,11.4,13,-2.564442019520064,-11.10781873855168
2013-04-19 21:00:00,21.9,95,0.0,8.8,19,-2.864999759222979,-8.320563465273988
2013-04-19 22:00:00,22.3,91,0.0,7.2,6,-0.7526049355271042,-7.160557646651569
2013-04-19 23:00:00,22.3,91,0.0,7.6,3,-0.39775326744637673,-7.589584464134761
2013-04-20 00:00:00,22.2,91,0.0,6.2,10,-1.0766187015349682,-6.10580806867569
2013-04-20 01:00:00,22.2,90,0.0,5.2,335,2.197614961051637,-4.7128004925905795
2013-04-20 02:00:00,21.5,93,0.0,7.0,339,2.5085756468171025,-6.535062985480412
2013-04-20 03:00:00,21.1,94,0.1,7.4,346,1.7902220274375409,-7.180188374442374
2013-04-20 04:00:00,21.7,91,0.0,8.0,352,1.1133848076805237,-7.922144549932563
2013-04-20 05:00:00,20.6,94,0.0,8.6,360,5.265981236333618e-16,-8.6
2013-04-20 06:00:00,20.4,95,0.0,8.7,7,-1.0602632876247804,-8.635151519279502
2013-04-20 07:00:00,21.7,95,0.0,8.4,7,-1.0237024846032363,-8.337387673787106
2013-04-20 08:00:00,23.1,90,0.1,5.9,14,-1.42733918403804,-5.7247447850283795
2013-04-20 09:00:00,24.2,86,0.3,3.7,29,-1.7937955949114464,-3.2360929164157652
2013-04-20 10:00:00,25.2,82,0.2,0.8,117,-0.7128052193506943,0.36319239979163753
2013-04-20 11:00:00,26.7,75,0.1,2.9,210,1.4500000000000002,2.5114736709748717
2013-04-20 12:00:00,27.7,69,0.0,4.6,198,1.4214781741247582,4.3748599749577055
2013-04-20 13:00:00,27.9,68,0.0,4.0,190,0.6945927106677217,3.939231012048832
2013-04-20 14:00:00,28.1,67,0.0,3.7,191,0.7059932828932162,3.632020578756357
2013-04-20 15:00:00,26.1,80,0.3,7.2,177,-0.3768188849491957,7.190132650232932
2013-04-20 16:00:00,25.8,80,0.5,7.4,151,-3.587591189822894,6.47218583283153
2013-04-20 17:00:00,25.3,84,0.7000000000000001,7.7,131,-5.811263767715345,5.051654523226906
2013-04-20 18:00:00,24.4,86,0.7000000000000001,7.4,129,-5.750880114781585,4.656970893768797
2013-04-20 19:00:00,23.7,88,1.0,5.3,118,-4.679622242152313,2.4881992827652204
2013-04-20 20:00:00,23.3,90,1.1,4.0,100,-3.939231012048832,0.6945927106677211
2013-04-20 21:00:00,23.2,89,2.0,2.8,320,1.7998053071223101,-2.1449244407331385
2013-04-20 22:00:00,22.6,93,2.9,7.3,351,1.1419715947936857,-7.210124886344506
2013-04-20 23:00:00,22.1,94,1.5,14.8,1,-0.2582956152717958,-14.79774588831459
2013-04-21 00:00:00,21.4,95,0.2,16.7,7,-2.0352180348659576,-16.575520732410077
2013-04-21 01:00:00,20.9,95,0.1,18.5,7,-2.2545828529952225,-18.36210380536446
2013-04-21 02:00:00,20.6,95,0.1,19.4,10,-3.3687746467384483,-19.105270408436834
2013-04-21 03:00:00,20.4,93,0.0,19.4,10,-3.3687746467384483,-19.105270408436834
2013-04-21 04:00:00,20.1,93,0.0,19.7,9,-3.081758961292551,-19.457460309724212
2013-04-21 05:00:00,19.7,93,0.1,21.1,8,-2.936552430257389,-20.894656250447134
2013-04-21 06:00:00,19.5,94,0.4,21.0,7,-2.5592562115080906,-20.843469184467764
2013-04-21 07:00:00,20.0,93,0.7000000000000001,22.2,8,-3.089642841313461,-21.98395112606286
2013-04-21 08:00:00,20.6,91,1.1,22.1,7,-2.6933124892537528,-21.93526995127322
2013-04-21 09:00:00,21.8,89,1.3,22.1,6,-2.3100790382151395,-21.978933887638842
2013-04-21 10:00:00,22.8,89,1.1,22.4,6,-2.341437577195435,-22.27729045624932
2013-04-21 11:00:00,23.6,87,0.8,23.8,3,-1.2455957585820745,-23.76738292715886
2013-04-21 12:00:00,24.5,86,0.3,25.6,2,-0.8934271155840195,-25.584405171688854
2013-04-21 13:00:00,24.4,84,0.2,25.7,5,-2.2399025886148167,-25.60220374095786
2013-04-21 14:00:00,24.5,83,0.2,25.3,4,-1.7648387857263772,-25.238370471573553
2013-04-21 15:00:00,23.7,78,0.0,25.9,2,-0.9038969645947696,-25.88422241979458
2013-04-21 16:00:00,22.6,81,0.2,26.0,4,-1.8136683173472652,-25.93666530675543
2013-04-21 17:00:00,21.6,83,0.0,23.1,4,-1.611374543489301,-23.04372956100194
2013-04-21 18:00:00,20.4,85,0.3,22.7,4,-1.5834719539916506,-22.644703940898008
2013-04-21 19:00:00,19.4,88,0.3,22.1,6,-2.3100790382151395,-21.978933887638842
2013-04-21 20:00:00,19.0,89,0.2,22.0,5,-1.9174263404484815,-21.9162833580184
2013-04-21 21:00:00,18.8,90,0.2,21.0,5,-1.8302705977008231,-20.920088659926655
2013-04-21 22:00:00,18.6,91,0.2,19.1,4,-1.3323486485127987,-19.053473359962645
2013-04-21 23:00:00,18.4,93,0.2,17.7,4,-1.2346895852710227,-17.65688368959889
2013-04-22 00:00:00,18.2,94,0.0,17.0,4,-1.185860053650135,-16.958588854417012
2013-04-22 01:00:00,17.9,94,0.0,16.6,5,-1.446785329611127,-16.536831988322977
2013-04-22 02:00:00,18.2,94,0.0,16.6,5,-1.446785329611127,-16.536831988322977
2013-04-22 03:00:00,18.2,90,0.0,17.0,5,-1.4816476267101901,-16.935309867559674
2013-04-22 04:00:00,18.3,90,0.0,16.3,6,-1.70381395126275,-16.210706894502856
2013-04-22 05:00:00,18.2,90,0.0,15.3,8,-2.129348444689007,-15.151101451746026
2013-04-22 06:00:00,18.2,91,0.0,15.8,12,-3.2850047149206048,-15.45473209159413
2013-04-22 07:00:00,19.6,86,0.0,16.4,9,-2.5655252266597888,-16.198088785760255
2013-04-22 08:00:00,20.9,80,0.0,17.7,6,-1.8501537998374644,-17.60303754801844
2013-04-22 09:00:00,21.8,78,0.0,17.7,6,-1.8501537998374644,-17.60303754801844
2013-04-22 10:00:00,22.8,75,0.0,16.2,4,-1.1300548746548345,-16.16053761420915
2013-04-22 11:00:00,23.8,72,0.0,15.8,359,0.27574802170908086,-15.797593583470983
2013-04-22 12:00:00,24.5,71,0.0,15.6,352,2.171100374977021,-15.448181872368497
2013-04-22 13:00:00,24.7,71,0.0,16.5,350,2.8651949315043517,-16.249327924701433
2013-04-22 14:00:00,24.7,71,0.0,16.0,352,2.2267696153610474,-15.844289099865126
2013-04-22 15:00:00,24.1,74,0.0,15.5,355,1.3509140125887011,-15.441017820422056
2013-04-22 16:00:00,23.5,75,0.0,14.8,354,1.5470212563612713,-14.718924051450445
2013-04-22 17:00:00,22.8,77,0.0,12.6,360,7.715274834628325e-16,-12.6
2013-04-22 18:00:00,21.9,81,0.0,8.7,5,-0.7582549619046267,-8.666893873398186
2013-04-22 19:00:00,21.3,84,0.0,6.8,3,-0.3558845024520213,-6.790680836331102
2013-04-22 20:00:00,20.6,91,0.0,5.1,356,0.35575801609503865,-5.087576656325103
2013-04-22 21:00:00,20.1,90,0.0,5.3,332,2.4881992827652213,-4.679622242152313
2013-04-22 22:00:00,19.7,92,0.0,4.9,324,2.8801477362331185,-3.9641832724372428
2013-04-22 23:00:00,19.7,90,0.0,5.4,318,3.6133052743378347,-4.012982057577929
2013-04-23 00:00:00,20.3,88,0.0,5.9,317,4.023790324368742,-4.314986839553106
2013-04-23 01:00:00,20.4,88,0.1,4.7,328,2.490620541896063,-3.9858260519352022
2013-04-23 02:00:00,20.5,87,0.1,4.1,322,2.524212048835199,-3.23084408978756
2013-04-23 03:00:00,19.1,94,0.2,4.7,328,2.490620541896063,-3.9858260519352022
2013-04-23 04:00:00,19.2,93,0.1,3.9,326,2.1808523235359125,-3.233246532964663
2013-04-23 05:00:00,19.3,92,0.1,5.1,321,3.209533994354171,-3.963444403430551
2013-04-23 06:00:00,19.5,92,0.0,4.3,355,0.37476969381492997,-4.283637201794505
2013-04-23 07:00:00,20.6,93,0.0,3.0,14,-0.7257656867990033,-2.9108871788279895
2013-04-23 08:00:00,22.0,85,0.0,1.0,315,0.7071067811865476,-0.7071067811865475
2013-04-23 09:00:00,23.0,82,0.0,3.1,249,2.8940993221413254,1.1109406435904308
2013-04-23 10:00:00,24.2,77,0.0,5.8,240,5.022947341949744,2.8999999999999995
2013-04-23 11:00:00,25.4,73,0.0,8.2,232,6.461688179575119,5.048424097670398
2013-04-23 12:00:00,26.3,70,0.0,9.7,231,7.538315826132617,6.104407793183422
2013-04-23 13:00:00,26.9,69,0.0,11.2,237,9.393110360988748,6.099957192168303
2013-04-23 14:00:00,27.0,68,0.0,10.8,240,9.353074360871938,5.3999999999999995
2013-04-23 15:00:00,27.0,70,0.0,10.7,258,10.46617932785172,2.2246550917500247
2013-04-23 16:00:00,26.4,73,0.0,10.8,272,10.793420931806235,-0.3769145643870105
2013-04-23 17:00:00,25.6,77,0.0,10.6,280,10.438962181929405,-1.8406706832694615
2013-04-23 18:00:00,24.5,82,0.0,6.4,286,6.1520748540052415,-1.7640790772287946
2013-04-23 19:00:00,23.2,92,0.0,4.1,285,3.96029588778518,-1.061158084920335
2013-04-23 20:00:00,23.1,88,0.0,2.3,252,2.1874299874788528,0.710739087062379
2013-04-23 21:00:00,22.8,89,0.0,3.4,252,3.233592155403522,1.0506577808748212
2013-04-23 22:00:00,22.4,90,0.0,4.4,235,3.604268994871564,2.523736319944603
2013-04-23 23:00:00,22.1,92,0.0,5.2,214,2.9078030980478835,4.3109953772862175
2013-04-24 00:00:00,21.5,94,0.0,6.0,205,2.5357095704441965,5.437846722219899
2013-04-24 01:00:00,21.7,92,0.0,5.8,184,0.40458754771592637,5.78587149150698
2013-04-24 02:00:00,21.6,91,0.0,5.8,173,-0.7068421917498547,5.756767679519668
2013-04-24 03:00:00,22.2,86,0.0,6.4,164,-1.764079077228794,6.1520748540052415
2013-04-24 04:00:00,22.4,84,0.0,7.7,169,-1.469229264399395,7.558529312547013
2013-04-24 05:00:00,22.6,83,0.0,7.6,185,0.6623836448822018,7.571079705497266
2013-04-24 06:00:00,22.6,83,0.0,6.5,177,-0.34018371557913496,6.49109197590473
2013-04-24 07:00:00,22.4,92,0.0,5.8,202,2.1727182418122895,5.377666356487367
2013-04-24 08:00:00,24.7,84,0.0,6.9,219,4.342310698243879,5.3623071340531
2013-04-24 09:00:00,25.9,79,0.0,9.4,223,6.410784584587486,6.874724795220202
2013-04-24 10:00:00,26.9,74,0.3,12.0,226,8.632077604063815,8.335900445507967
2013-04-24 11:00:00,27.5,71,0.3,13.6,238,11.533454107727392,7.206901993571586
2013-04-24 12:00:00,27.8,71,0.3,14.0,247,12.887067948334165,5.470235798849833
2013-04-24 13:00:00,27.5,72,0.3,12.6,250,11.840127021902445,4.309453805903425
2013-04-24 14:00:00,27.1,75,0.1,10.5,248,9.735430472951268,3.933369230867076
2013-04-24 15:00:00,26.8,81,0.0,9.3,254,8.939733772226367,2.5634274090980926
2013-04-24 16:00:00,26.5,82,0.0,7.4,256,7.180188374442374,1.7902220274375413
2013-04-24 17:00:00,26.2,83,0.0,4.1,255,3.96029588778518,1.061158084920335
2013-04-24 18:00:00,25.7,85,0.0,3.2,333,1.45276959916655,-2.851220877402777
2013-04-24 19:00:00,24.4,93,0.0,5.9,11,-1.1257730727216133,-5.791600382341218
2013-04-24 20:00:00,23.9,92,0.0,8.2,15,-2.122316169840669,-7.92059177557036
2013-04-24 21:00:00,24.0,91,0.0,9.7,31,-4.9958693266275285,-8.314522816810486
2013-04-24 22:00:00,23.7,91,0.0,9.7,27,-4.403707847473605,-8.642763284627167
2013-04-24 23:00:00,23.3,91,0.0,8.5,348,1.7672493719509554,-8.314254606237347
2013-04-25 00:00:00,22.4,92,0.0,10.4,346,2.515987714236544,-10.091075553270363
2013-04-25 01:00:00,21.4,94,0.0,10.5,354,1.0975488643103612,-10.44247990136687
2013-04-25 02:00:00,20.9,96,0.0,10.1,2,-0.35248491669525767,-10.093847352892867
2013-04-25 03:00:00,20.8,93,0.0,10.1,6,-1.055737479003299,-10.044671143219562
2013-04-25 04:00:00,20.9,93,0.0,9.8,6,-1.024378940023003,-9.74631457460908
2013-04-25 05:00:00,21.6,91,0.0,10.2,8,-1.4195656297926713,-10.100734301164016
2013-04-25 06:00:00,22.2,89,0.0,9.4,360,5.755839955992561e-16,-9.4
2013-04-25 07:00:00,22.4,94,0.0,6.0,343,1.7542302283364206,-5.737828535778212
2013-04-25 08:00:00,24.1,86,0.0,4.6,342,1.4214781741247582,-4.3748599749577055
2013-04-25 09:00:00,24.8,84,0.0,5.8,356,0.40458754771592637,-5.78587149150698
2013-04-25 10:00:00,25.5,81,0.0,7.1,345,1.8376152202278973,-6.858073366652385
2013-04-25 11:00:00,25.9,80,0.0,9.7,345,2.510544737494451,-9.369480515003962
2013-04-25 12:00:00,26.1,82,0.0,11.4,347,2.5644420195200603,-11.107818738551682
2013-04-25 13:00:00,26.3,81,0.1,12.0,353,1.4624321208617699,-11.910553819695863
2013-04-25 14:00:00,26.2,82,0.2,12.4,350,2.1532374030699373,-12.21161613735138
2013-04-25 15:00:00,24.5,87,0.3,10.4,358,0.36295476570601126,-10.393664600998596
2013-04-25 16:00:00,24.0,88,0.5,9.0,5,-0.7844016847289242,-8.96575228282571
2013-04-25 17:00:00,23.7,90,0.5,9.4,4,-0.6557108531947805,-9.377102072442348
2013-04-25 18:00:00,23.0,93,0.7000000000000001,12.3,7,-1.4989929238833102,-12.208317665188263
2013-04-25 19:00:00,22.4,95,0.8,14.2,7,-1.7305446763530898,-14.094155353306773
2013-04-25 20:00:00,22.0,96,1.1,13.6,12,-2.8275989951215332,-13.302807369979755
2013-04-25 21:00:00,21.8,97,1.0,13.6,17,-3.9762551842292244,-13.00574468109728
2013-04-25 22:00:00,21.4,97,0.4,14.1,13,-3.1718098662485,-13.738617913471815
2013-04-25 23:00:00,21.1,97,0.3,13.9,10,-2.4137096695703315,-13.688827766869691
2013-04-26 00:00:00,21.0,97,0.7000000000000001,12.3,7,-1.4989929238833102,-12.208317665188263
2013-04-26 01:00:00,20.8,97,0.8,10.5,8,-1.4613175600806911,-10.397814721786487
2013-04-26 02:00:00,20.8,97,1.0,10.9,6,-1.1393602496174215,-10.840288659514181
2013-04-26 03:00:00,21.8,88,0.3,10.5,8,-1.4613175600806911,-10.397814721786487
2013-04-26 04:00:00,20.9,93,0.7000000000000001,12.6,5,-1.0981623586204938,-12.552053195955994
2013-04-26 05:00:00,20.9,93,1.2,18.4,3,-0.9629815948701752,-18.37478343948416
2013-04-26 06:00:00,20.6,92,1.1,19.7,8,-2.7417100889132966,-19.50828095420893
2013-04-26 07:00:00,20.0,92,1.6,21.0,13,-4.723972141221171,-20.461771360489937
2013-04-26 08:00:00,19.5,90,1.8,22.2,13,-4.993913406433808,-21.631015438232218
2013-04-26 09:00:00,19.8,91,1.8,21.6,15,-5.590491374214446,-20.863997847843876
2013-04-26 10:00:00,20.1,90,2.5,19.0,19,-6.185794934685976,-17.96485293638702
2013-04-26 11:00:00,20.6,88,2.8,13.5,29,-6.544929873325548,-11.807366046381846
2013-04-26 12:00:00,20.9,90,3.2,9.1,34,-5.088655421583794,-7.54424191025088
2013-04-26 13:00:00,21.9,90,3.1,5.5,23,-2.149021206691006,-5.062776693988422
2013-04-26 14:00:00,22.0,92,3.1,7.4,14,-1.7902220274375418,-7.180188374442374
2013-04-26 15:00:00,22.9,89,0.6,6.7,16,-1.8467702839738926,-6.440453362786737
2013-04-26 16:00:00,22.6,92,0.6,6.0,25,-2.5357095704441948,-5.4378467222199
2013-04-26 17:00:00,22.2,95,0.7000000000000001,4.8,27,-2.179154398749825,-4.276831316104166
2013-04-26 18:00:00,21.9,96,0.7000000000000001,4.3,5,-0.37476969381493047,-4.283637201794505
2013-04-26 19:00:00,21.8,97,0.7000000000000001,5.0,21,-1.7918397477265036,-4.667902132486008
2013-04-26 20:00:00,21.6,96,0.6,2.9,7,-0.35342109587492676,-2.878383839759834
2013-04-26 21:00:00,21.3,96,0.6,1.6,207,0.726384799583275,1.4256104387013886
2013-04-26 22:00:00,21.0,96,0.7000000000000001,3.4,198,1.0506577808748212,3.233592155403522
2013-04-26 23:00:00,20.9,96,0.7000000000000001,4.4,189,0.6883116461770161,4.3458286986186065
2013-04-27 00:00:00,20.8,96,0.6,6.2,190,1.0766187015349686,6.10580806867569
2013-04-27 01:00:00,20.7,96,0.5,7.3,200,2.4967470462773824,6.8597561317371305
2013-04-27 02:00:00,20.5,96,0.5,7.6,211,3.9142893693164114,6.5144714853360535
2013-04-27 03:00:00,20.7,96,0.6,7.9,204,3.2132194802988217,7.217009115376547
2013-04-27 04:00:00,20.5,96,0.6,8.2,203,3.203995253612044,7.54813979831001
2013-04-27 05:00:00,20.7,94,0.7000000000000001,7.4,209,3.587591189822895,6.472185832831529
2013-04-27 06:00:00,20.9,92,0.3,7.3,171,-1.1419715947936848,7.210124886344506
2013-04-27 07:00:00,21.1,94,0.3,7.2,183,0.3768188849491966,7.190132650232932
2013-04-27 08:00:00,21.3,93,0.2,6.5,199,2.116193003971519,6.145870741395559
2013-04-27 09:00:00,21.7,91,0.1,7.4,203,2.8914103508206255,6.811735915548059
2013-04-27 10:00:00,22.4,87,0.0,7.6,205,3.211898789229316,6.887939181478539
2013-04-27 11:00:00,23.3,81,0.2,6.9,227,5.046340541172277,4.70578868443124
2013-04-27 12:00:00,23.5,80,0.0,6.0,253,5.737828535778212,1.7542302283364206
2013-04-27 13:00:00,23.8,78,0.2,7.0,291,6.535062985480412,-2.5085756468171017
2013-04-27 14:00:00,23.7,79,0.0,6.3,301,5.400153994423308,-3.244739871933341
2013-04-27 15:00:00,23.1,82,0.5,5.1,315,3.6062445840513924,-3.606244584051392
2013-04-27 16:00:00,23.0,82,0.2,5.4,323,3.2498011250210617,-4.312631754255381
2013-04-27 17:00:00,22.5,84,0.2,3.1,339,1.1109406435904312,-2.8940993221413254
2013-04-27 18:00:00,22.3,84,0.0,1.3,326,0.7269507745119709,-1.0777488443215544
2013-04-27 19:00:00,21.6,91,0.0,2.2,351,0.34415582308850806,-2.1729143493093033
2013-04-27 20:00:00,21.1,93,0.0,2.2,351,0.34415582308850806,-2.1729143493093033
2013-04-27 21:00:00,20.5,93,0.0,2.3,309,1.7874357113510329,-1.4474368994146258
2013-04-27 22:00:00,20.1,93,0.0,4.5,284,4.366330768241984,-1.0886485301985047
2013-04-27 23:00:00,20.2,93,0.0,4.4,279,4.3458286986186065,-0.6883116461770159
2013-04-28 00:00:00,19.6,95,0.0,5.0,291,4.667902132486009,-1.7918397477265013
2013-04-28 01:00:00,19.3,96,0.0,6.0,303,5.032023407672544,-3.2678342100901627
2013-04-28 02:00:00,19.5,96,0.0,5.8,330,2.9000000000000004,-5.0229473419497435
2013-04-28 03:00:00,20.0,94,0.0,5.7,342,1.7613968679372005,-5.421022142882375
2013-04-28 04:00:00,19.5,95,0.0,5.0,330,2.5000000000000004,-4.330127018922193
2013-04-28 05:00:00,19.4,94,0.0,5.2,335,2.197614961051637,-4.7128004925905795
2013-04-28 06:00:00,19.0,95,0.0,6.2,353,0.7555899291119145,-6.153786140176196
2013-04-28 07:00:00,20.8,92,0.2,9.0,355,0.7844016847289232,-8.96575228282571
2013-04-28 08:00:00,21.3,86,0.3,10.4,360,6.368163355566237e-16,-10.4
2013-04-28 09:00:00,22.2,82,0.0,10.5,4,-0.7324429743133186,-10.474422527728153
2013-04-28 10:00:00,23.2,79,0.0,10.9,354,1.1393602496174227,-10.84028865951418
2013-04-28 11:00:00,24.1,77,0.0,12.7,345,3.2870018728020134,-12.267257993871167
2013-04-28 12:00:00,25.0,75,0.0,15.0,339,5.375519243179506,-14.003706397458027
2013-04-28 13:00:00,24.9,77,0.0,14.5,346,3.507867486195181,-14.06928803100195
2013-04-28 14:00:00,24.4,78,0.2,14.0,348,2.9107636714486325,-13.694066410273278
2013-04-28 15:00:00,24.4,77,0.0,11.5,356,0.8021994480574401,-11.471986577987979
2013-04-28 16:00:00,24.0,79,0.0,10.4,360,6.368163355566237e-16,-10.4
2013-04-28 17:00:00,23.7,80,0.0,8.6,22,-3.2216167033768457,-7.97378114927437
2013-04-28 18:00:00,23.4,82,0.0,6.9,43,-4.705788684431241,-5.046340541172277
2013-04-28 19:00:00,22.1,91,0.0,8.2,41,-5.379684037722159,-6.18861855782673
2013-04-28 20:00:00,21.5,89,0.0,8.0,36,-4.702282018339786,-6.472135954999579
2013-04-28 21:00:00,20.7,91,0.0,7.5,35,-4.301823272632848,-6.143640332167437
2013-04-28 22:00:00,19.6,94,0.0,6.5,34,-3.6347538725598527,-5.388744221607772
2013-04-28 23:00:00,18.1,97,0.0,7.1,24,-2.8878301658381806,-6.486172749262467
2013-04-29 00:00:00,17.6,98,0.0,7.0,35,-4.015035054457325,-5.734064310022941
2013-04-29 01:00:00,17.1,97,0.0,6.5,56,-5.388744221607772,-3.6347538725598536
2013-04-29 02:00:00,16.7,98,0.0,3.6,53,-2.875087836170254,-2.1665340833473743
2013-04-29 03:00:00,17.2,96,0.0,3.6,37,-2.166534083347374,-2.875087836170254
2013-04-29 04:00:00,16.6,97,0.0,3.7,29,-1.7937955949114464,-3.2360929164157652
2013-04-29 05:00:00,16.0,99,0.0,3.9,34,-2.1808523235359116,-3.233246532964663
2013-04-29 06:00:00,16.2,98,0.0,3.1,36,-1.822134282106667,-2.507952682562337
2013-04-29 07:00:00,20.3,92,0.0,4.6,39,-2.894873798829254,-3.5748714227020644
2013-04-29 08:00:00,23.5,77,0.0,5.2,34,-2.907803098047882,-4.3109953772862175
2013-04-29 09:00:00,25.0,72,0.0,6.4,16,-1.7640790772287929,-6.152074854005242
2013-04-29 10:00:00,26.2,70,0.0,6.8,357,0.35588450245201897,-6.790680836331102
2013-04-29 11:00:00,27.0,68,0.0,8.2,337,3.203995253612044,-7.54813979831001
2013-04-29 12:00:00,27.4,68,0.0,10.6,325,6.079910225321089,-8.683011669463312
2013-04-29 13:00:00,27.6,69,0.0,10.6,325,6.079910225321089,-8.683011669463312
2013-04-29 14:00:00,27.4,69,0.0,9.6,326,5.368251873319169,-7.9587606965284
2013-04-29 15:00:00,27.2,70,0.0,8.6,327,4.683895701129233,-7.212566884330647
2013-04-29 16:00:00,26.6,72,0.0,6.6,331,3.199743493625825,-5.772490067120011
2013-04-29 17:00:00,26.2,73,0.0,4.2,329,2.1631599146222276,-3.600102662948872
2013-04-29 18:00:00,25.5,77,0.0,6.3,336,2.5624408513775414,-5.755336383148386
2013-04-29 19:00:00,23.9,89,0.0,4.0,350,0.6945927106677217,-3.939231012048832
2013-04-29 20:00:00,23.9,83,0.0,2.7,23,-1.0549740469210394,-2.4853631043215887
2013-04-29 21:00:00,23.6,84,0.0,2.8,320,1.7998053071223101,-2.1449244407331385
2013-04-29 22:00:00,23.2,85,0.0,1.9,338,0.7117525274902327,-1.761649323676896
2013-04-29 23:00:00,23.0,86,0.0,1.8,90,-1.8,2.2043642384652358e-16
2013-04-30 00:00:00,22.9,86,0.0,3.1,126,-2.507952682562337,1.822134282106667
2013-04-30 01:00:00,22.4,86,0.0,4.8,132,-3.567095162291491,3.21182691052252
2013-04-30 02:00:00,21.3,87,0.0,5.2,146,-2.907803098047883,4.3109953772862175
2013-04-30 03:00:00,19.3,95,0.0,5.6,153,-2.542346798541461,4.98963653545486
2013-04-30 04:00:00,18.7,95,0.0,7.2,153,-3.2687315981247362,6.415246974156249
2013-04-30 05:00:00,18.5,94,0.0,8.2,151,-3.975438886019963,7.171881598543045
2013-04-30 06:00:00,18.8,93,0.0,6.3,149,-3.2447398719333416,5.400153994423308
2013-04-30 07:00:00,21.8,91,0.0,8.1,159,-2.902780391316932,7.5620014546273335
2013-04-30 08:00:00,25.0,74,0.0,7.6,172,-1.0577155672964966,7.5260373224359345
2013-04-30 09:00:00,25.8,72,0.0,9.6,193,2.159530121701103,9.353952621938259
2013-04-30 10:00:00,27.2,68,0.0,11.5,200,3.9332316482451914,10.806465139037945
2013-04-30 11:00:00,28.0,66,0.0,13.0,204,5.287576359985403,11.876090949353811
2013-04-30 12:00:00,28.7,64,0.0,14.2,210,7.100000000000001,12.297560733739028
2013-04-30 13:00:00,29.2,62,0.0,14.7,211,7.571059701177796,12.60035932032105
2013-04-30 14:00:00,28.0,67,0.2,14.0,206,6.1371960550470845,12.583116648188339
2013-04-30 15:00:00,28.1,65,0.2,12.2,199,3.971931484377312,11.535326622311663
2013-04-30 16:00:00,27.9,66,0.3,11.9,205,5.029157314714324,10.785062665736135
2013-04-30 17:00:00,27.4,70,0.2,7.9,227,5.777694242791447,5.387787044493738
2013-04-30 18:00:00,26.5,76,0.0,8.7,210,4.3500000000000005,7.534421012924615
2013-04-30 19:00:00,25.0,84,0.0,9.0,196,2.4807362023529924,8.65135526344487
2013-04-30 20:00:00,23.5,88,0.0,7.7,169,-1.469229264399395,7.558529312547013
2013-04-30 21:00:00,22.5,89,0.0,8.1,159,-2.902780391316932,7.5620014546273335
2013-04-30 22:00:00,21.8,89,0.0,6.1,135,-4.313351365237939,4.31335136523794
2013-04-30 23:00:00,21.3,90,0.0,4.0,153,-1.8159619989581868,3.5640260967534716
2013-05-01 00:00:00,22.0,84,0.5,2.2,90,-2.2,2.6942229581241775e-16
2013-05-01 01:00:00,22.1,82,0.2,1.9,22,-0.7117525274902333,-1.7616493236768958
2013-05-01 02:00:00,21.1,88,0.3,6.9,354,0.7212463965468089,-6.862201078041086
2013-05-01 03:00:00,21.4,87,2.2,8.4,50,-6.4347733221994154,-5.39941592136693
2013-05-01 04:00:00,21.1,88,0.8,8.6,75,-8.306962106085987,-2.225843787881679
2013-05-01 05:00:00,22.4,77,1.1,11.5,46,-8.272407703894487,-7.988571260278469
2013-05-01 06:00:00,21.9,81,0.9,16.5,36,-9.698456662825809,-13.34878040718663
2013-05-01 07:00:00,21.9,88,2.0,14.2,36,-8.34655058255312,-11.488041320124251
2013-05-01 08:00:00,23.1,84,2.1,8.9,14,-2.1531048708370433,-8.635631963856369
2013-05-01 09:00:00,23.4,86,2.0,14.5,354,1.5156627173809751,-14.420567482839962
2013-05-01 10:00:00,23.3,86,0.6,21.6,360,1.3226185430791415e-15,-21.6
2013-05-01 11:00:00,22.8,88,0.2,25.0,6,-2.613211581691334,-24.863047384206833
2013-05-01 12:00:00,22.8,87,0.0,26.2,8,-3.6463352451537245,-25.94502340102914
2013-05-01 13:00:00,22.7,86,0.0,24.6,12,-5.114627594116891,-24.06243097805162
2013-05-01 14:00:00,23.5,82,0.0,21.6,15,-5.590491374214446,-20.863997847843876
2013-05-01 15:00:00,22.1,85,0.0,21.2,15,-5.486963756173437,-20.477627517328248
2013-05-01 16:00:00,21.9,86,0.0,21.9,17,-6.402940333427942,-20.943074155590473
2013-05-01 17:00:00,21.6,85,0.0,20.6,19,-6.706703981817427,-19.477682657345927
2013-05-01 18:00:00,21.2,86,0.0,19.9,22,-7.454671208976654,-18.450958705879067
2013-05-01 19:00:00,20.7,88,0.0,18.6,22,-6.967682637535969,-17.245619694942246
2013-05-01 20:00:00,20.5,88,0.0,16.4,19,-5.339317733097369,-15.506504639828796
2013-05-01 21:00:00,20.4,88,0.0,14.5,19,-4.720738239628771,-13.710019346190094
2013-05-01 22:00:00,20.4,87,0.2,13.0,19,-4.232386007943036,-12.291741482791119
2013-05-01 23:00:00,20.2,87,0.2,11.8,20,-4.0358376912428895,-11.08837292527372
2013-05-02 00:00:00,20.1,89,0.3,11.4,24,-4.636797731064121,-10.414418217125652
2013-05-02 01:00:00,20.0,90,0.2,10.3,29,-4.99353908853727,-9.00858298353578
2013-05-02 02:00:00,19.7,94,0.3,9.7,31,-4.9958693266275285,-8.314522816810486
2013-05-02 03:00:00,19.3,94,0.3,9.4,32,-4.981241083792128,-7.9716521038704045
2013-05-02 04:00:00,19.1,95,0.3,9.2,31,-4.738350289172501,-7.885939166459431
2013-05-02 05:00:00,19.3,95,0.2,9.9,33,-5.3919264466487675,-8.302838622659698
2013-05-02 06:00:00,19.3,95,0.2,10.5,41,-6.888619804400326,-7.924450592339106
2013-05-02 07:00:00,19.9,93,0.4,9.4,47,-6.874724795220204,-6.410784584587485
2013-05-02 08:00:00,20.6,91,0.9,8.1,45,-5.727564927611036,-5.727564927611034
2013-05-02 09:00:00,21.1,91,0.8,6.5,34,-3.6347538725598527,-5.388744221607772
2013-05-02 10:00:00,21.6,88,0.4,4.8,13,-1.0797650608505531,-4.6769763109691285
2013-05-02 11:00:00,22.4,84,0.2,2.7,337,1.0549740469210391,-2.485363104321589
2013-05-02 12:00:00,22.9,80,0.2,2.6,344,0.7166571251241979,-2.499280409439629
2013-05-02 13:00:00,23.0,80,0.1,3.1,339,1.1109406435904312,-2.8940993221413254
2013-05-02 14:00:00,22.8,81,0.0,4.5,331,2.181643291108517,-3.935788682127281
2013-05-02 15:00:00,22.4,83,0.0,5.2,348,1.0811407922523493,-5.086367523815789
2013-05-02 16:00:00,22.5,82,0.1,4.6,18,-1.4214781741247586,-4.3748599749577055
2013-05-02 17:00:00,22.4,82,0.0,4.2,20,-1.436484601967808,-3.9467090073008158
2013-05-02 18:00:00,22.0,84,0.0,3.6,45,-2.545584412271572,-2.545584412271571
2013-05-02 19:00:00,21.5,88,0.0,6.1,45,-4.31335136523794,-4.313351365237939
2013-05-02 20:00:00,21.1,89,0.0,6.3,59,-5.400153994423308,-3.244739871933341
2013-05-02 21:00:00,20.7,91,0.0,3.3,77,-3.2154212137912763,-0.7423384793347544
2013-05-02 22:00:00,20.4,92,0.0,2.3,51,-1.7874357113510326,-1.4474368994146265
2013-05-02 23:00:00,21.1,87,0.0,2.5,8,-0.3479327524001646,-2.475670171853926
2013-05-03 00:00:00,21.1,87,0.0,3.2,333,1.45276959916655,-2.851220877402777
2013-05-03 01:00:00,20.5,90,0.0,4.3,355,0.37476969381492997,-4.283637201794505
2013-05-03 02:00:00,20.5,90,0.0,2.9,353,0.3534210958749277,-2.8783838397598336
2013-05-03 03:00:00,20.0,94,0.2,3.8,343,1.1110124779463997,-3.6339580726595346
2013-05-03 04:00:00,20.0,95,0.4,5.2,348,1.0811407922523493,-5.086367523815789
2013-05-03 05:00:00,19.9,94,0.6,6.5,360,3.9801020972288977e-16,-6.5
2013-05-03 06:00:00,20.5,91,0.4,6.2,21,-2.2218812871808646,-5.78819864428265
2013-05-03 07:00:00,20.6,92,0.4,6.6,22,-2.472403516545021,-6.119413440140796
2013-05-03 08:00:00,21.1,88,0.4,9.6,13,-2.1595301217011063,-9.353952621938257
2013-05-03 09:00:00,21.3,88,0.4,11.4,11,-2.1752225472926088,-11.19054989130337
2013-05-03 10:00:00,21.8,87,0.7000000000000001,9.4,4,-0.6557108531947805,-9.377102072442348
2013-05-03 11:00:00,22.1,87,0.3,9.2,349,1.755442757464213,-9.030970087718508
2013-05-03 12:00:00,22.6,86,0.2,10.8,345,2.795245687107224,-10.431998923921938
2013-05-03 13:00:00,22.4,87,0.0,10.4,360,6.368163355566237e-16,-10.4
2013-05-03 14:00:00,22.5,87,0.1,9.2,26,-4.033014550459515,-8.268905225952334
2013-05-03 15:00:00,22.1,87,0.1,8.2,49,-6.1886185578267305,-5.379684037722157
2013-05-03 16:00:00,22.1,88,0.0,7.0,55,-5.7340643100229425,-4.015035054457323
2013-05-03 17:00:00,22.4,87,0.0,6.4,43,-4.364789504399991,-4.6806636903626915
2013-05-03 18:00:00,22.1,88,0.0,8.5,12,-1.767249371950958,-8.314254606237347
2013-05-03 19:00:00,21.8,90,0.0,9.2,31,-4.738350289172501,-7.885939166459431
2013-05-03 20:00:00,21.3,93,0.0,8.9,50,-6.817795543758905,-5.7208097262102
2013-05-03 21:00:00,20.7,93,0.0,5.9,14,-1.42733918403804,-5.7247447850283795
2013-05-03 22:00:00,20.8,91,0.0,9.1,7,-1.1090110249868392,-9.03216997993603
2013-05-03 23:00:00,20.4,92,0.0,9.8,6,-1.024378940023003,-9.74631457460908
2013-05-04 00:00:00,20.4,92,0.0,10.1,4,-0.7045403848156684,-10.075396907624224
2013-05-04 01:00:00,19.9,92,0.0,8.8,12,-1.8296228791962863,-8.60769888645749
2013-05-04 02:00:00,19.8,92,0.0,7.1,30,-3.550000000000003,-6.148780366869512
2013-05-04 03:00:00,18.9,94,0.0,9.2,26,-4.033014550459515,-8.268905225952334
2013-05-04 04:00:00,19.0,94,0.4,8.4,20,-2.872969203935616,-7.8934180146016315
2013-05-04 05:00:00,19.5,91,0.0,8.9,27,-4.040515447681968,-7.929958065276474
2013-05-04 06:00:00,19.6,91,1.0,7.2,18,-2.2249223594996224,-6.8476069173251055
2013-05-04 07:00:00,21.4,91,1.0,7.5,17,-2.192787785420528,-7.172285669722765
2013-05-04 08:00:00,23.0,83,1.1,9.0,358,0.31409547032250973,-8.994517443171862
2013-05-04 09:00:00,23.8,79,0.7000000000000001,10.7,346,2.588564282916444,-10.382164271153162
2013-05-04 10:00:00,24.5,77,0.0,12.7,353,1.547740661245373,-12.605336125844788
2013-05-04 11:00:00,24.6,77,0.0,13.0,358,0.453693457132514,-12.992080751248245
2013-05-04 12:00:00,24.7,77,0.0,14.1,356,0.9835662797921657,-14.06565310866352
2013-05-04 13:00:00,24.3,78,0.0,15.0,10,-2.6047226650039548,-14.772116295183121
2013-05-04 14:00:00,24.7,77,0.0,16.2,359,0.2827289842839943,-16.197532661533536
2013-05-04 15:00:00,24.2,83,0.2,17.0,5,-1.4816476267101901,-16.935309867559674
2013-05-04 16:00:00,23.7,84,0.0,15.5,3,-0.8112073217656367,-15.478757788695894
2013-05-04 17:00:00,23.2,88,0.0,14.0,360,8.572527594031472e-16,-14.0
2013-05-04 18:00:00,22.9,89,0.0,11.5,360,7.041719095097281e-16,-11.5
2013-05-04 19:00:00,22.3,92,0.1,11.2,4,-0.7812725059342065,-11.17271736291003
2013-05-04 20:00:00,22.0,93,0.0,11.7,9,-1.830283240970703,-11.55595358496311
2013-05-04 21:00:00,21.7,95,0.0,10.1,4,-0.7045403848156684,-10.075396907624224
2013-05-04 22:00:00,21.6,94,0.0,9.4,2,-0.3280552690035072,-9.394273773979501
2013-05-04 23:00:00,22.2,91,0.0,8.3,355,0.7233926648055626,-8.268415994161488
2013-05-05 00:00:00,22.1,91,0.0,8.6,358,0.3001356716415093,-8.594761112364223
2013-05-05 01:00:00,21.9,91,0.0,8.6,360,5.265981236333618e-16,-8.6
2013-05-05 02:00:00,21.7,91,0.0,8.6,360,5.265981236333618e-16,-8.6
2013-05-05 03:00:00,21.4,91,0.0,7.9,360,4.837354856632045e-16,-7.9
2013-05-05 04:00:00,21.2,91,0.0,7.2,360,4.4087284769304716e-16,-7.2
2013-05-05 05:00:00,21.0,90,0.0,6.5,6,-0.6794350112397468,-6.464392319893777
2013-05-05 06:00:00,20.9,90,0.0,7.2,6,-0.7526049355271042,-7.160557646651569
2013-05-05 07:00:00,21.9,95,0.0,7.8,13,-1.7546182238821488,-7.600086505324834
2013-05-05 08:00:00,24.1,85,0.0,8.7,17,-2.5436338310878126,-8.319851376878407
2013-05-05 09:00:00,25.2,82,0.0,9.4,356,0.6557108531947772,-9.377102072442348
2013-05-05 10:00:00,26.4,78,0.0,11.4,342,3.522793735874401,-10.84204428576475
2013-05-05 11:00:00,26.9,76,0.0,13.6,348,2.8275989951215283,-13.302807369979755
2013-05-05 12:00:00,26.4,78,0.0,14.2,344,3.914050452601388,-13.649916082324127
2013-05-05 13:00:00,25.9,79,0.0,13.4,346,3.241753401035547,-13.001962732098352
2013-05-05 14:00:00,26.1,77,0.0,9.7,356,0.6766377953180147,-9.676371287520293
2013-05-05 15:00:00,25.6,80,0.0,10.5,354,1.0975488643103612,-10.44247990136687
2013-05-05 16:00:00,25.8,79,0.0,10.5,4,-0.7324429743133186,-10.474422527728153
2013-05-05 17:00:00,25.4,81,0.0,9.0,360,5.51091059616309e-16,-9.0
2013-05-05 18:00:00,24.8,84,0.0,10.6,336,4.311408416603482,-9.683581851011569
2013-05-05 19:00:00,23.9,89,0.0,11.2,339,4.013721034907364,-10.45610077676866
2013-05-05 20:00:00,23.0,94,0.0,9.0,355,0.7844016847289232,-8.96575228282571
2013-05-05 21:00:00,22.6,95,0.0,9.1,353,1.1090110249868421,-9.032169979936029
2013-05-05 22:00:00,22.4,95,0.0,8.4,353,1.023702484603239,-8.337387673787106
2013-05-05 23:00:00,22.0,96,0.0,7.2,354,0.752604935527105,-7.160557646651568
2013-05-06 00:00:00,22.1,96,0.0,7.2,354,0.752604935527105,-7.160557646651568
2013-05-06 01:00:00,22.0,96,0.0,5.8,4,-0.40458754771592836,-5.78587149150698
2013-05-06 02:00:00,22.0,94,0.0,3.3,13,-0.7423384793347553,-3.215421213791276
2013-05-06 03:00:00,22.2,91,0.0,1.8,53,-1.437543918085127,-1.0832670416736871
2013-05-06 04:00:00,22.3,88,0.0,1.4,90,-1.4,1.7145055188062944e-16
2013-05-06 05:00:00,22.5,87,0.0,1.5,284,1.4554435894139948,-0.3628828433995016
2013-05-06 06:00:00,22.5,86,0.0,3.1,291,2.8940993221413254,-1.1109406435904308
2013-05-06 07:00:00,23.1,91,0.0,1.8,281,1.7669289302057951,-0.34345619167778063
2013-05-06 08:00:00,24.9,83,0.0,1.3,236,1.0777488443215542,0.726950774511971
2013-05-06 09:00:00,26.0,80,0.0,1.6,243,1.4256104387013888,0.7263847995832748
2013-05-06 10:00:00,26.8,78,0.0,4.3,270,4.3,0.0
2013-05-06 11:00:00,27.2,74,0.1,8.0,280,7.878462024097664,-1.3891854213354426
2013-05-06 12:00:00,26.9,77,0.2,10.1,287,9.658678035226657,-2.952954217699641
2013-05-06 13:00:00,26.8,80,0.0,9.6,290,9.02104915954472,-3.2833933759264196
2013-05-06 14:00:00,27.0,82,0.3,9.3,306,7.523858047687012,-5.46640284632
2013-05-06 15:00:00,26.3,85,0.6,9.2,318,6.156001578501495,-6.836932394392027
2013-05-06 16:00:00,25.7,88,0.6,8.9,339,3.1894747509531736,-8.308865795825096
2013-05-06 17:00:00,25.5,88,0.4,8.1,347,1.8221035401853058,-7.892397524760405
2013-05-06 18:00:00,24.6,92,1.1,8.4,340,2.872969203935618,-7.893418014601631
2013-05-06 19:00:00,23.6,95,0.3,6.9,6,-0.7212463965468082,-6.862201078041087
2013-05-06 20:00:00,23.2,96,0.0,6.5,19,-2.116193003971518,-6.1458707413955596
2013-05-06 21:00:00,22.7,96,0.0,6.6,13,-1.4846769586695105,-6.430842427582552
2013-05-06 22:00:00,22.4,96,0.0,6.2,10,-1.0766187015349682,-6.10580806867569
2013-05-06 23:00:00,22.2,95,0.0,6.5,6,-0.6794350112397468,-6.464392319893777
2013-05-07 00:00:00,21.8,95,0.0,6.5,3,-0.340183715579138,-6.49109197590473
2013-05-07 01:00:00,21.2,97,0.0,6.8,360,4.1637991171010006e-16,-6.8
2013-05-07 02:00:00,20.7,98,0.0,7.2,357,0.3768188849491966,-7.190132650232932
2013-05-07 03:00:00,20.9,97,0.0,5.8,353,0.7068421917498554,-5.756767679519667
2013-05-07 04:00:00,20.6,96,0.0,6.3,347,1.4171916423663489,-6.1385314081469815
2013-05-07 05:00:00,19.8,98,0.0,7.0,348,1.4553818357243162,-6.847033205136639
2013-05-07 06:00:00,20.1,97,0.0,7.4,346,1.7902220274375409,-7.180188374442374
2013-05-07 07:00:00,22.5,92,0.0,5.9,349,1.125773072721615,-5.791600382341218
2013-05-07 08:00:00,24.0,87,0.0,4.1,345,1.061158084920335,-3.96029588778518
2013-05-07 09:00:00,25.1,84,0.0,4.2,329,2.1631599146222276,-3.600102662948872
2013-05-07 10:00:00,26.2,79,0.0,6.4,317,4.36478950439999,-4.6806636903626915
2013-05-07 11:00:00,26.5,80,0.0,9.7,315,6.858935777509511,-6.85893577750951
2013-05-07 12:00:00,26.7,80,0.1,12.2,315,8.62670273047588,-8.626702730475879
2013-05-07 13:00:00,26.0,85,0.3,13.3,322,8.188297621831255,-10.480543022969403
2013-05-07 14:00:00,26.3,87,0.2,10.1,325,5.793122007145566,-8.273435647318816
2013-05-07 15:00:00,25.6,85,0.4,5.6,345,1.4493866525741161,-5.4091846272187825
2013-05-07 16:00:00,25.6,86,0.3,4.2,20,-1.436484601967808,-3.9467090073008158
2013-05-07 17:00:00,25.4,88,0.6,2.3,51,-1.7874357113510326,-1.4474368994146265
2013-05-07 18:00:00,25.0,89,0.4,5.4,352,0.7515347451843536,-5.34744757120448
2013-05-07 19:00:00,24.4,93,0.0,5.9,47,-4.314986839553106,-4.023790324368741
2013-05-07 20:00:00,23.9,94,0.0,5.4,42,-3.613305274337834,-4.01298205757793
2013-05-07 21:00:00,24.2,92,0.0,4.3,5,-0.37476969381493047,-4.283637201794505
2013-05-07 22:00:00,24.0,92,0.0,4.0,350,0.6945927106677217,-3.939231012048832
2013-05-07 23:00:00,23.6,93,0.0,3.3,354,0.3449439287832564,-3.2819222547153015
2013-05-08 00:00:00,23.4,93,0.0,1.6,27,-0.7263847995832751,-1.4256104387013886
2013-05-08 01:00:00,22.7,94,0.0,1.1,180,6.735557395310444e-17,1.1
2013-05-08 02:00:00,22.7,93,0.0,4.3,204,1.7489675652259409,3.9282454678631837
2013-05-08 03:00:00,21.7,94,0.0,5.1,188,0.7097828148963339,5.050367150582009
2013-05-08 04:00:00,22.3,90,0.0,5.1,188,0.7097828148963339,5.050367150582009
2013-05-08 05:00:00,22.2,89,0.0,5.6,225,3.9597979746446663,3.9597979746446654
2013-05-08 06:00:00,22.3,90,0.0,4.5,194,1.0886485301985045,4.366330768241984
2013-05-08 07:00:00,23.4,92,0.0,3.3,193,0.7423384793347542,3.2154212137912763
2013-05-08 08:00:00,24.8,88,0.0,4.5,194,1.0886485301985045,4.366330768241984
2013-05-08 09:00:00,26.0,82,0.0,5.9,227,4.314986839553106,4.023790324368742
2013-05-08 10:00:00,27.0,77,0.0,8.0,260,7.878462024097664,1.3891854213354426
2013-05-08 11:00:00,27.5,75,0.1,10.8,272,10.793420931806235,-0.3769145643870105
2013-05-08 12:00:00,27.1,78,0.0,12.1,287,11.571287547152728,-3.5376976271451146
2013-05-08 13:00:00,26.3,81,0.6,12.1,307,9.663489671572243,-7.281961780139784
2013-05-08 14:00:00,26.1,83,0.6,7.9,330,3.950000000000001,-6.841600689897065
2013-05-08 15:00:00,25.8,84,0.6,3.9,338,1.4609657143220567,-3.616017032810471
2013-05-08 16:00:00,25.8,85,0.2,2.3,321,1.447436899414626,-1.7874357113510329
2013-05-08 17:00:00,25.7,85,0.1,2.0,315,1.4142135623730951,-1.414213562373095
2013-05-08 18:00:00,25.4,84,0.0,3.2,333,1.45276959916655,-2.851220877402777
2013-05-08 19:00:00,25.2,84,0.0,4.8,13,-1.0797650608505531,-4.6769763109691285
2013-05-08 20:00:00,24.8,87,0.0,5.5,11,-1.0494494745709955,-5.3989495089621515
2013-05-08 21:00:00,23.9,91,0.0,6.1,357,0.3192493330819582,-6.0916401620029
2013-05-08 22:00:00,23.4,93,0.0,6.6,351,1.032467469265524,-6.518743047927909
2013-05-08 23:00:00,23.0,94,0.0,7.0,348,1.4553818357243162,-6.847033205136639
2013-05-09 00:00:00,22.9,95,0.0,6.4,344,1.7640790772287946,-6.1520748540052415
2013-05-09 01:00:00,22.8,96,0.0,6.2,350,1.0766187015349686,-6.10580806867569
2013-05-09 02:00:00,23.0,95,0.0,5.9,346,1.4273391840380394,-5.7247447850283795
2013-05-09 03:00:00,23.3,92,0.1,5.3,332,2.4881992827652213,-4.679622242152313
2013-05-09 04:00:00,23.6,91,0.0,3.1,315,2.1920310216782974,-2.192031021678297
2013-05-09 05:00:00,23.6,90,0.1,1.8,180,1.1021821192326179e-16,1.8
2013-05-09 06:00:00,23.4,91,0.0,3.2,333,1.45276959916655,-2.851220877402777
2013-05-09 07:00:00,23.7,94,0.0,2.2,99,-2.172914349309303,0.3441558230885082
2013-05-09 08:00:00,24.6,89,0.0,8.8,109,-8.320563465273988,2.8649997592229783
2013-05-09 09:00:00,25.8,84,0.0,6.4,106,-6.1520748540052415,1.764079077228795
2013-05-09 10:00:00,26.2,83,0.0,2.2,261,2.1729143493093033,0.34415582308850795
2013-05-09 11:00:00,27.0,81,0.0,7.1,285,6.858073366652385,-1.8376152202278973
2013-05-09 12:00:00,27.2,81,0.0,7.4,293,6.811735915548059,-2.891410350820626
2013-05-09 13:00:00,27.3,81,0.0,6.9,298,6.092338390726597,-3.2393537832226467
2013-05-09 14:00:00,27.2,81,0.0,7.5,305,6.143640332167439,-4.301823272632845
2013-05-09 15:00:00,27.5,79,0.0,4.7,337,1.8364363038995866,-4.32637281122647
2013-05-09 16:00:00,27.6,79,0.0,4.7,360,2.8779199779962803e-16,-4.7
2013-05-09 17:00:00,27.5,80,0.0,5.4,356,0.3766849582182763,-5.386845871403051
2013-05-09 18:00:00,26.8,84,0.0,7.5,325,4.301823272632846,-6.143640332167439
2013-05-09 19:00:00,25.5,90,0.0,5.5,328,2.914555953282627,-4.664264528860342
2013-05-09 20:00:00,24.3,95,0.0,4.3,318,2.8772616073430903,-3.195522749552795
2013-05-09 21:00:00,24.3,94,0.0,1.9,202,0.7117525274902327,1.761649323676896
2013-05-09 22:00:00,23.3,95,0.5,7.0,145,-4.015035054457323,5.734064310022942
2013-05-09 23:00:00,23.3,94,0.6,3.1,126,-2.507952682562337,1.822134282106667
2013-05-10 00:00:00,22.7,96,0.4,1.5,256,1.4554435894139948,0.3628828433995016
2013-05-10 01:00:00,22.0,97,0.7000000000000001,1.3,214,0.7269507745119709,1.0777488443215544
2013-05-10 02:00:00,22.0,95,1.6,2.5,180,1.5308084989341916e-16,2.5
2013-05-10 03:00:00,21.8,96,0.6,4.3,265,4.283637201794505,0.3747696938149301
2013-05-10 04:00:00,22.3,93,0.8,4.7,261,4.6421352007971475,0.7352419856890852
2013-05-10 05:00:00,22.7,91,1.1,5.7,252,5.421022142882375,1.7613968679372003
2013-05-10 06:00:00,22.8,90,1.9,4.0,260,3.939231012048832,0.6945927106677213
2013-05-10 07:00:00,22.8,94,1.2,4.7,274,4.688551036221174,-0.3278554265973889
2013-05-10 08:00:00,23.9,89,0.8,4.3,246,3.9282454678631837,1.7489675652259409
2013-05-10 09:00:00,24.5,86,0.4,7.0,201,2.5085756468171025,6.535062985480412
2013-05-10 10:00:00,25.6,82,0.0,9.7,184,0.6766377953180147,9.676371287520293
2013-05-10 11:00:00,27.3,76,0.0,10.9,207,4.948496447161061,9.71197111365321
2013-05-10 12:00:00,28.1,74,0.0,13.2,225,9.333809511662427,9.333809511662427
2013-05-10 13:00:00,27.9,76,0.2,12.0,219,7.55184469259805,9.32575153748365
2013-05-10 14:00:00,28.5,74,0.1,10.2,228,7.580077219869421,6.825132184860354
2013-05-10 15:00:00,28.1,76,0.0,13.4,211,6.901510203794726,11.486041829408306
2013-05-10 16:00:00,28.3,72,0.0,7.6,183,0.3977532674463741,7.589584464134761
2013-05-10 17:00:00,28.2,72,0.0,6.8,205,2.873804179836756,6.162892951849219
2013-05-10 18:00:00,27.3,77,0.0,7.3,200,2.4967470462773824,6.8597561317371305
2013-05-10 19:00:00,26.0,82,0.0,9.4,178,-0.328055269003509,9.394273773979501
2013-05-10 20:00:00,24.8,85,0.0,8.7,175,-0.7582549619046266,8.666893873398186
2013-05-10 21:00:00,23.8,87,0.0,8.4,173,-1.0237024846032379,8.337387673787106
2013-05-10 22:00:00,22.9,88,0.0,9.4,178,-0.328055269003509,9.394273773979501
2013-05-10 23:00:00,22.5,87,0.0,9.4,180,5.755839955992561e-16,9.4
2013-05-11 00:00:00,22.5,85,0.0,10.1,182,0.3524849166952609,10.093847352892867
2013-05-11 01:00:00,22.7,82,0.0,11.2,180,6.858022075225178e-16,11.2
2013-05-11 02:00:00,22.7,79,0.0,10.5,164,-2.89419223607849,10.093247807352348
2013-05-11 03:00:00,22.9,79,0.0,11.3,149,-5.819930246483613,9.68599049793387
2013-05-11 04:00:00,22.9,78,0.0,10.0,150,-4.999999999999998,8.660254037844387
2013-05-11 05:00:00,22.7,79,0.1,8.3,146,-4.641301098807197,6.881011852206847
2013-05-11 06:00:00,22.6,81,0.2,6.4,137,-4.364789504399989,4.6806636903626915
2013-05-11 07:00:00,23.2,82,0.3,5.4,127,-4.312631754255382,3.2498011250210603
2013-05-11 08:00:00,24.2,78,0.6,4.8,117,-4.276831316104166,2.1791543987498248
2013-05-11 09:00:00,24.7,75,0.9,1.1,198,0.3399186938124422,1.0461621679246689
2013-05-11 10:00:00,24.6,79,1.3,5.4,262,5.34744757120448,0.7515347451843534
2013-05-11 11:00:00,25.1,79,1.4,8.8,289,8.320563465273988,-2.8649997592229792
2013-05-11 12:00:00,25.9,78,2.0,6.2,306,5.0159053651246746,-3.6442685642133337
2013-05-11 13:00:00,25.6,81,1.8,5.4,312,4.012982057577929,-3.6133052743378347
2013-05-11 14:00:00,26.1,80,1.8,3.0,284,2.9108871788279895,-0.7257656867990032
2013-05-11 15:00:00,25.5,82,0.8,1.8,270,1.8,0.0
2013-05-11 16:00:00,25.7,82,1.0,4.0,265,3.984778792366982,0.34862297099063266
2013-05-11 17:00:00,25.3,85,1.1,5.1,278,5.050367150582009,-0.7097828148963337
2013-05-11 18:00:00,24.6,89,1.2,5.3,332,2.4881992827652213,-4.679622242152313
2013-05-11 19:00:00,23.8,93,0.9,4.7,360,2.8779199779962803e-16,-4.7
2013-05-11 20:00:00,23.2,94,0.6,4.0,5,-0.348622970990633,-3.984778792366982
2013-05-11 21:00:00,22.7,96,0.5,2.9,7,-0.35342109587492676,-2.878383839759834
2013-05-11 22:00:00,22.3,96,0.5,2.7,337,1.0549740469210391,-2.485363104321589
2013-05-11 23:00:00,22.3,96,0.5,3.6,323,2.1665340833473743,-2.875087836170254
2013-05-12 00:00:00,22.6,95,0.5,2.6,344,0.7166571251241979,-2.499280409439629
2013-05-12 01:00:00,22.5,95,0.5,0.8,63,-0.7128052193506944,-0.36319239979163737
2013-05-12 02:00:00,22.4,95,0.8,2.5,172,-0.3479327524001634,2.475670171853926
2013-05-12 03:00:00,22.8,90,1.0,4.0,190,0.6945927106677217,3.939231012048832
2013-05-12 04:00:00,22.9,90,1.0,4.0,185,0.34862297099063255,3.984778792366982
2013-05-12 05:00:00,22.9,89,0.9,4.4,189,0.6883116461770161,4.3458286986186065
2013-05-12 06:00:00,22.9,89,0.7000000000000001,3.4,212,1.8017254983928965,2.883363526931848
2013-05-12 07:00:00,23.3,91,0.6,3.2,180,1.9594348786357652e-16,3.2
2013-05-12 08:00:00,24.3,85,0.6,3.3,193,0.7423384793347542,3.2154212137912763
2013-05-12 09:00:00,25.0,83,0.9,4.7,212,2.490620541896063,3.9858260519352022
2013-05-12 10:00:00,26.0,81,0.6,5.1,231,3.963444403430551,3.2095339943541705
2013-05-12 11:00:00,25.8,83,2.2,6.9,242,6.092338390726597,3.2393537832226467
2013-05-12 12:00:00,26.2,83,2.5,8.9,256,8.635631963856369,2.153104870837043
2013-05-12 13:00:00,25.9,83,2.1,8.4,250,7.8934180146016315,2.872969203935617
2013-05-12 14:00:00,25.5,86,7.5,7.5,253,7.172285669722766,2.192787785420526
2013-05-12 15:00:00,24.9,88,4.3,7.6,270,7.6,0.0
2013-05-12 16:00:00,24.7,88,2.5,5.4,307,4.312631754255381,-3.2498011250210608
2013-05-12 17:00:00,24.0,92,1.7000000000000002,3.9,338,1.4609657143220567,-3.616017032810471
2013-05-12 18:00:00,23.7,93,1.2,1.8,53,-1.437543918085127,-1.0832670416736871
2013-05-12 19:00:00,23.6,94,1.1,1.9,158,-0.7117525274902329,1.761649323676896
2013-05-12 20:00:00,23.0,96,0.9,3.7,191,0.7059932828932162,3.632020578756357
2013-05-12 21:00:00,22.5,96,0.8,4.7,189,0.7352419856890854,4.6421352007971475
2013-05-12 22:00:00,22.7,95,0.2,4.7,157,-1.8364363038995868,4.326372811226469
2013-05-12 23:00:00,23.4,92,0.0,5.9,166,-1.42733918403804,5.7247447850283795
2013-05-13 00:00:00,23.0,93,0.0,4.7,203,1.8364363038995866,4.32637281122647
2013-05-13 01:00:00,22.4,96,0.0,5.6,220,3.5996106142446203,4.289848881466277
2013-05-13 02:00:00,22.1,96,0.0,5.4,217,3.2498011250210617,4.312631754255381
2013-05-13 03:00:00,23.2,88,0.0,5.9,194,1.4273391840380394,5.7247447850283795
2013-05-13 04:00:00,22.3,89,0.2,7.2,162,-2.224922359499621,6.847606917325106
2013-05-13 05:00:00,23.2,85,0.4,4.3,138,-2.8772616073430903,3.195522749552795
2013-05-13 06:00:00,23.6,83,0.3,3.1,159,-1.1109406435904308,2.8940993221413254
2013-05-13 07:00:00,23.4,93,0.5,3.5,204,1.4235782507653008,3.197409101749103
2013-05-13 08:00:00,24.9,83,0.5,4.5,209,2.181643291108517,3.935788682127281
2013-05-13 09:00:00,25.4,81,0.4,5.6,220,3.5996106142446203,4.289848881466277
2013-05-13 10:00:00,25.9,80,0.6,5.2,236,4.310995377286217,2.907803098047884
2013-05-13 11:00:00,26.0,83,0.9,5.1,278,5.050367150582009,-0.7097828148963337
2013-05-13 12:00:00,26.3,83,0.9,6.0,295,5.437846722219899,-2.5357095704441965
2013-05-13 13:00:00,26.9,84,0.9,6.6,315,4.666904755831213,-4.666904755831213
2013-05-13 14:00:00,26.7,83,1.1,3.1,339,1.1109406435904312,-2.8940993221413254
2013-05-13 15:00:00,27.0,77,0.1,1.5,45,-1.0606601717798214,-1.0606601717798212
2013-05-13 16:00:00,27.1,76,0.0,1.8,53,-1.437543918085127,-1.0832670416736871
2013-05-13 17:00:00,26.8,78,0.0,2.2,351,0.34415582308850806,-2.1729143493093033
2013-05-13 18:00:00,26.4,80,0.0,3.8,319,2.4930243101639276,-2.8678964048465336
2013-05-13 19:00:00,25.2,90,0.0,4.9,324,2.8801477362331185,-3.9641832724372428
2013-05-13 20:00:00,25.3,85,0.0,4.3,355,0.37476969381492997,-4.283637201794505
2013-05-13 21:00:00,25.0,86,0.0,3.6,6,-0.3763024677635521,-3.5802788233257843
2013-05-13 22:00:00,24.7,88,0.0,3.4,18,-1.0506577808748216,-3.233592155403522
2013-05-13 23:00:00,24.0,90,0.0,2.9,60,-2.5114736709748717,-1.4500000000000002
2013-05-14 00:00:00,22.7,93,0.0,4.3,95,-4.283637201794505,0.3747696938149302
2013-05-14 01:00:00,21.2,96,0.2,4.6,108,-4.3748599749577055,1.4214781741247584
2013-05-14 02:00:00,20.8,96,0.2,2.1,121,-1.8000513314744357,1.0815799573111142
2013-05-14 03:00:00,20.6,95,0.0,1.5,135,-1.0606601717798212,1.0606601717798214
2013-05-14 04:00:00,19.6,96,0.0,4.2,110,-3.9467090073008153,1.4364846019678092
2013-05-14 05:00:00,19.5,97,0.0,4.8,103,-4.6769763109691285,1.079765060850553
2013-05-14 06:00:00,19.9,95,0.0,2.6,106,-2.499280409439629,0.716657125124198
2013-05-14 07:00:00,23.1,88,0.0,1.6,117,-1.4256104387013886,0.7263847995832751
2013-05-14 08:00:00,25.0,82,0.0,0.8,117,-0.7128052193506943,0.36319239979163753
2013-05-14 09:00:00,26.4,77,0.3,1.0,225,0.7071067811865476,0.7071067811865475
2013-05-14 10:00:00,27.2,75,0.2,2.9,270,2.9,0.0
2013-05-14 11:00:00,28.0,72,0.0,6.0,287,5.737828535778212,-1.7542302283364206
2013-05-14 12:00:00,28.4,71,0.0,7.7,298,6.798696465013738,-3.6149310334513594
2013-05-14 13:00:00,28.6,71,0.0,8.9,313,6.509047944410617,-6.069785404556237
2013-05-14 14:00:00,27.4,76,0.8,7.9,336,3.2132194802988217,-7.217009115376547
2013-05-14 15:00:00,27.2,82,0.2,6.0,25,-2.5357095704441948,-5.4378467222199
2013-05-14 16:00:00,27.4,81,0.3,4.7,58,-3.9858260519352027,-2.4906205418960625
2013-05-14 17:00:00,27.3,79,0.1,1.1,90,-1.1,1.3471114790620887e-16
2013-05-14 18:00:00,26.6,82,0.1,3.1,21,-1.1109406435904323,-2.894099322141325
2013-05-14 19:00:00,25.5,87,0.1,5.9,128,-4.64926344627966,3.6324027044213847
2013-05-14 20:00:00,24.6,91,0.0,7.6,175,-0.6623836448822026,7.571079705497266
2013-05-14 21:00:00,23.8,94,0.0,8.0,198,2.4721359549995796,7.608452130361228
2013-05-14 22:00:00,23.6,94,0.0,8.2,195,2.12231616984067,7.92059177557036
2013-05-14 23:00:00,24.1,91,0.0,7.3,169,-1.392905666248777,7.165878439167947
2013-05-15 00:00:00,23.9,91,0.0,7.3,147,-3.9758649556096977,6.122295146001594
2013-05-15 01:00:00,22.6,93,0.0,5.6,140,-3.5996106142446203,4.289848881466277
2013-05-15 02:00:00,22.2,92,0.0,2.6,146,-1.4539015490239415,2.1554976886431088
2013-05-15 03:00:00,20.3,97,0.0,2.6,146,-1.4539015490239415,2.1554976886431088
2013-05-15 04:00:00,20.1,96,0.0,4.3,132,-3.195522749552794,2.8772616073430908
2013-05-15 05:00:00,20.1,95,0.0,5.1,129,-3.963444403430551,3.2095339943541705
2013-05-15 06:00:00,20.6,95,0.0,4.4,125,-3.6042689948715645,2.5237363199446023
2013-05-15 07:00:00,22.9,93,0.1,6.9,129,-5.3623071340531,4.342310698243878
2013-05-15 08:00:00,25.8,78,0.0,4.4,145,-2.5237363199446032,3.6042689948715636
2013-05-15 09:00:00,26.9,74,0.3,4.2,200,1.436484601967809,3.9467090073008153
2013-05-15 10:00:00,27.7,75,1.0,7.1,229,5.358438019581681,4.658019105832602
2013-05-15 11:00:00,28.1,76,1.2,6.2,234,5.0159053651246746,3.6442685642133337
2013-05-15 12:00:00,27.7,80,1.1,6.4,223,4.36478950439999,4.6806636903626915
2013-05-15 13:00:00,27.8,81,0.4,9.4,227,6.874724795220202,6.410784584587486
2013-05-15 14:00:00,27.8,78,1.3,14.3,205,6.043441142892003,12.960201354624095
2013-05-15 15:00:00,26.8,82,2.9,11.0,203,4.298042413382011,10.125553387976844
2013-05-15 16:00:00,26.9,83,0.4,4.9,197,1.4326213531414103,4.685893304218874
2013-05-15 17:00:00,26.7,85,0.1,9.7,184,0.6766377953180147,9.676371287520293
2013-05-15 18:00:00,26.4,86,0.0,7.2,198,2.224922359499622,6.8476069173251055
2013-05-15 19:00:00,25.4,91,0.0,8.9,194,2.1531048708370424,8.635631963856369
2013-05-15 20:00:00,24.7,91,0.0,9.0,185,0.7844016847289232,8.96575228282571
2013-05-15 21:00:00,24.5,90,0.0,8.4,190,1.4586446924022156,8.272385125302547
2013-05-15 22:00:00,23.2,94,0.0,8.5,192,1.7672493719509554,8.314254606237347
2013-05-15 23:00:00,22.3,95,0.0,7.3,169,-1.392905666248777,7.165878439167947
2013-05-16 00:00:00,21.8,95,0.0,6.6,151,-3.199743493625824,5.772490067120012
2013-05-16 01:00:00,21.6,94,0.0,6.4,153,-2.905539198333099,5.702441754805555
2013-05-16 02:00:00,21.5,93,0.0,8.0,162,-2.4721359549995787,7.608452130361229
2013-05-16 03:00:00,22.7,86,0.0,9.4,162,-2.9047597471245052,8.939931253174445
2013-05-16 04:00:00,22.4,88,0.0,9.0,157,-3.5165801564034638,8.284543681071963
2013-05-16 05:00:00,22.3,87,0.0,8.7,156,-3.538608794759462,7.947845481490627
2013-05-16 06:00:00,22.9,83,0.0,7.7,169,-1.469229264399395,7.558529312547013
2013-05-16 07:00:00,25.0,84,0.0,10.4,180,6.368163355566237e-16,10.4
2013-05-16 08:00:00,26.7,76,0.0,11.5,184,0.8021994480574401,11.471986577987979
2013-05-16 09:00:00,27.6,72,0.0,11.4,191,2.175222547292612,11.19054989130337
2013-05-16 10:00:00,29.0,69,0.0,14.3,208,6.71344334783824,12.626150577882655
2013-05-16 11:00:00,29.4,71,0.0,15.3,199,4.981192763194499,14.466434206669547
2013-05-16 12:00:00,29.1,73,0.0,14.3,192,2.9731371786939604,13.987510690493421
2013-05-16 13:00:00,29.7,71,0.2,13.9,201,4.981314498679676,12.976767928311105
2013-05-16 14:00:00,28.0,76,3.1,18.0,196,4.961472404705985,17.30271052688974
2013-05-16 15:00:00,27.1,84,2.2,16.0,194,3.870750329594683,15.524731620415944
2013-05-16 16:00:00,27.0,85,0.7000000000000001,14.2,201,5.088824883543265,13.256842056260265
2013-05-16 17:00:00,27.0,85,0.0,14.9,200,5.096100135552466,14.001420049710035
2013-05-16 18:00:00,26.4,86,0.0,13.5,189,2.1118652780431173,13.33379259803436
2013-05-16 19:00:00,25.5,87,0.0,11.9,178,-0.41530401075976137,11.89275084152724
2013-05-16 20:00:00,25.0,87,0.0,11.5,166,-2.7821017993961794,11.15840085217396
2013-05-16 21:00:00,24.5,87,0.0,11.4,169,-2.175222547292611,11.19054989130337
2013-05-16 22:00:00,24.0,88,0.0,12.0,173,-1.4624321208617683,11.910553819695865
2013-05-16 23:00:00,23.7,87,0.5,11.5,176,-0.8021994480574413,11.471986577987979
2013-05-17 00:00:00,23.8,85,1.5,13.1,189,2.049291492027025,12.938717261796304
2013-05-17 01:00:00,23.7,85,1.9,13.3,183,0.6960682180311548,13.281772812235833
2013-05-17 02:00:00,23.4,86,1.9,13.0,174,-1.3588700224794963,12.928784639787553
2013-05-17 03:00:00,23.3,86,4.0,13.8,173,-1.6817969389910337,13.697136892650246
2013-05-17 04:00:00,23.2,88,5.3,14.8,179,-0.25829561527179545,14.79774588831459
2013-05-17 05:00:00,23.4,89,5.6,15.2,185,1.3247672897644036,15.142159410994532
2013-05-17 06:00:00,23.5,91,4.6,11.2,186,1.1707187885977186,11.13864522812466
2013-05-17 07:00:00,23.6,92,4.6,14.5,186,1.5156627173809751,14.420567482839962
2013-05-17 08:00:00,24.0,93,3.2,13.0,180,7.960204194457795e-16,13.0
2013-05-17 09:00:00,24.8,92,2.8,13.4,175,-1.1678869528186204,13.34900895442939
2013-05-17 10:00:00,25.7,88,2.2,12.5,162,-3.862712429686842,11.88820645368942
2013-05-17 11:00:00,26.7,84,1.1,14.5,166,-3.507867486195183,14.06928803100195
2013-05-17 12:00:00,26.7,82,0.9,15.3,171,-2.3934473151155315,15.111631611105608
2013-05-17 13:00:00,27.3,79,0.8,16.2,177,-0.8478424911356902,16.177798463024097
2013-05-17 14:00:00,27.3,79,0.6,13.7,185,1.1940336756429164,13.647867363856914
2013-05-17 15:00:00,28.3,72,0.2,13.3,182,0.4641633061432644,13.291897999353974
2013-05-17 16:00:00,28.4,70,0.5,13.3,193,2.991849022773404,12.959121861643629
2013-05-17 17:00:00,27.0,77,0.7000000000000001,14.0,206,6.1371960550470845,12.583116648188339
2013-05-17 18:00:00,25.8,81,0.4,12.1,197,3.5376976271451146,11.571287547152728
2013-05-17 19:00:00,25.1,83,0.9,11.3,189,1.7677094549546095,11.160878248725057
2013-05-17 20:00:00,24.5,86,0.9,10.8,178,-0.3769145643870103,10.793420931806235
2013-05-17 21:00:00,24.1,89,0.6,10.1,176,-0.7045403848156658,10.075396907624224
2013-05-17 22:00:00,23.4,90,0.6,10.1,186,1.0557374790032998,10.04467114321956
2013-05-17 23:00:00,23.1,91,0.8,10.2,188,1.4195656297926678,10.100734301164017
2013-05-18 00:00:00,23.0,92,0.8,10.0,195,2.5881904510252074,9.659258262890683
2013-05-18 01:00:00,23.1,91,0.5,10.0,193,2.249510543438649,9.743700647852352
2013-05-18 02:00:00,23.1,90,0.7000000000000001,8.8,171,-1.3766232923540314,8.691657397237213
2013-05-18 03:00:00,23.5,89,0.8,7.8,158,-2.9219314286441143,7.232034065620942
2013-05-18 04:00:00,23.6,89,0.3,7.7,127,-6.149493427364156,4.633975678270771
2013-05-18 05:00:00,23.4,89,0.0,8.2,139,-5.379684037722158,6.1886185578267305
2013-05-18 06:00:00,23.3,91,0.0,5.6,153,-2.542346798541461,4.98963653545486
2013-05-18 07:00:00,25.5,85,0.0,10.0,206,4.383711467890775,8.98794046299167
2013-05-18 08:00:00,26.2,82,0.5,16.6,214,9.282602197614398,13.762023704413695
2013-05-18 09:00:00,26.3,84,0.7000000000000001,13.8,219,8.684621396487758,10.7246142681062
2013-05-18 10:00:00,26.4,85,0.6,11.7,198,3.615498834186885,11.127361240653295
2013-05-18 11:00:00,27.2,81,0.1,13.0,185,1.1330246557195558,12.950531075192693
2013-05-18 12:00:00,28.3,76,0.2,13.0,194,3.14498464279568,12.613844441587954
2013-05-18 13:00:00,29.0,74,0.3,16.1,207,7.309247045806704,14.345205039432722
2013-05-18 14:00:00,27.3,82,3.9,18.7,203,7.306672102749419,17.213440759560633
2013-05-18 15:00:00,27.7,81,3.2,17.0,201,6.092255142270107,15.870867250452429
2013-05-18 16:00:00,27.1,85,1.9,14.5,187,1.7671054793746386,14.391919198799169
2013-05-18 17:00:00,26.3,89,3.1,13.0,186,1.358870022479495,12.928784639787553
2013-05-18 18:00:00,25.7,90,2.6,11.2,174,-1.1707187885977197,11.13864522812466
2013-05-18 19:00:00,25.0,91,0.6,14.5,173,-1.7671054793746368,14.39191919879917
2013-05-18 20:00:00,24.9,89,0.0,12.3,165,-3.1834742547610064,11.88088766335554
2013-05-18 21:00:00,24.9,87,0.0,11.3,158,-4.233054505599807,10.4771775566047
2013-05-18 22:00:00,24.6,87,0.0,9.8,163,-2.8652427062828196,9.371786608437748
2013-05-18 23:00:00,24.3,89,0.3,10.8,165,-2.7952456871072253,10.431998923921938
2013-05-19 00:00:00,24.1,88,0.7000000000000001,12.6,160,-4.309453805903425,11.840127021902445
2013-05-19 01:00:00,23.9,89,0.9,14.0,157,-5.470235798849833,12.887067948334163
2013-05-19 02:00:00,23.7,89,0.9,15.4,159,-5.5188664229976245,14.377138568056907
2013-05-19 03:00:00,24.0,87,0.2,13.9,163,-4.06396669564604,13.292636107886194
2013-05-19 04:00:00,23.9,87,0.2,12.4,172,-1.7257464519048105,12.279324052395474
2013-05-19 05:00:00,23.6,88,0.5,11.9,177,-0.6227978792910317,11.88369146357943
2013-05-19 06:00:00,23.7,89,1.1,13.0,180,7.960204194457795e-16,13.0
2013-05-19 07:00:00,24.0,89,1.4,13.4,174,-1.4006814077865577,13.326593397934863
2013-05-19 08:00:00,24.1,88,0.9,13.2,158,-4.944807033090039,12.238826880281593
2013-05-19 09:00:00,25.1,86,1.1,12.2,156,-4.962187045524763,11.14525458323973
2013-05-19 10:00:00,26.6,80,1.8,12.1,163,-3.5376976271451133,11.57128754715273
2013-05-19 11:00:00,27.2,79,2.2,12.0,173,-1.4624321208617683,11.910553819695865
2013-05-19 12:00:00,27.0,82,3.2,12.1,190,2.101142949769858,11.916173811447717
2013-05-19 13:00:00,26.6,86,3.6,12.7,188,1.7674983821928314,12.576404473017943
2013-05-19 14:00:00,26.4,89,5.5,14.1,184,0.9835662797921657,14.06565310866352
2013-05-19 15:00:00,26.4,87,3.2,12.7,172,-1.7674983821928298,12.576404473017943
2013-05-19 16:00:00,26.5,87,2.7,10.2,157,-3.9854575105905923,9.38914950521489
2013-05-19 17:00:00,26.8,85,0.0,8.8,145,-5.0474726398892065,7.208537989743127
2013-05-19 18:00:00,26.7,84,0.3,10.3,168,-2.1414904154229215,10.0749202875582
2013-05-19 19:00:00,26.0,84,0.7000000000000001,10.8,165,-2.7952456871072253,10.431998923921938
2013-05-19 20:00:00,25.1,86,0.7000000000000001,12.2,152,-5.727553065987869,10.771960632878907
2013-05-19 21:00:00,24.7,85,0.0,10.6,152,-4.9763985655304435,9.359244484304625
2013-05-19 22:00:00,24.2,86,0.5,10.8,159,-3.8703738550892433,10.08266860616978
2013-05-19 23:00:00,24.0,85,0.7000000000000001,10.4,166,-2.515987714236545,10.091075553270363
2013-05-20 00:00:00,23.9,84,0.7000000000000001,10.9,172,-1.5169868004647125,10.793921949283117
2013-05-20 01:00:00,23.2,87,0.6,11.5,176,-0.8021994480574413,11.471986577987979
2013-05-20 02:00:00,22.5,89,0.6,11.0,169,-2.0988989491419927,10.797899017924303
2013-05-20 03:00:00,22.3,83,0.0,10.5,164,-2.89419223607849,10.093247807352348
2013-05-20 04:00:00,22.1,84,0.2,10.2,162,-3.1519733426244625,9.700776466210566
2013-05-20 05:00:00,21.9,86,1.0,10.1,163,-2.95295421769964,9.658678035226659
2013-05-20 06:00:00,22.1,87,1.4,12.2,178,-0.42577385977051163,12.192568089632967
2013-05-20 07:00:00,24.3,81,1.5,12.2,178,-0.42577385977051163,12.192568089632967
2013-05-20 08:00:00,25.5,80,0.6,11.6,185,1.0110066158728344,11.555858497864248
2013-05-20 09:00:00,26.0,79,0.0,9.5,191,1.8126854560771768,9.325458242752807
2013-05-20 10:00:00,27.0,75,0.5,10.6,204,4.311408416603482,9.683581851011569
2013-05-20 11:00:00,27.5,76,1.1,12.1,203,4.727846654720212,11.138108726774528
2013-05-20 12:00:00,27.6,79,0.6,16.0,211,8.240609198560866,13.714676811233797
2013-05-20 13:00:00,27.4,81,1.4,17.9,205,7.564866885158519,16.222909387956033
2013-05-20 14:00:00,27.3,83,1.1,13.6,197,3.97625518422922,13.005744681097282
2013-05-20 15:00:00,28.5,75,1.5,12.9,193,2.9018686010358574,12.569373835729534
2013-05-20 16:00:00,28.7,74,0.0,11.6,210,5.800000000000001,10.045894683899487
2013-05-20 17:00:00,27.9,79,0.0,13.1,217,7.883776803291833,10.462125181619536
2013-05-20 18:00:00,26.9,83,0.0,12.6,193,2.8343832847326977,12.277062816293963
2013-05-20 19:00:00,25.9,86,0.0,11.2,180,6.858022075225178e-16,11.2
2013-05-20 20:00:00,25.2,87,0.0,10.5,176,-0.732442974313316,10.474422527728153
2013-05-20 21:00:00,24.8,88,0.6,13.5,196,3.7211043035294886,12.977032895167305
2013-05-20 22:00:00,24.4,89,1.9,14.9,200,5.096100135552466,14.001420049710035
2013-05-20 23:00:00,24.1,90,1.6,14.1,195,3.6493485359455424,13.619554150675864
2013-05-21 00:00:00,23.9,91,1.7000000000000002,12.6,185,1.0981623586204925,12.552053195955994
2013-05-21 01:00:00,23.6,90,1.9,13.0,183,0.6803674311582716,12.98218395180946
2013-05-21 02:00:00,23.4,90,1.2,11.5,184,0.8021994480574401,11.471986577987979
2013-05-21 03:00:00,23.1,91,1.5,11.5,180,7.041719095097281e-16,11.5
2013-05-21 04:00:00,22.9,92,1.5,11.2,182,0.3908743630680121,11.193177262613872
2013-05-21 05:00:00,23.0,92,1.6,10.2,172,-1.4195656297926664,10.100734301164017
2013-05-21 06:00:00,23.1,92,2.6,8.8,171,-1.3766232923540314,8.691657397237213
2013-05-21 07:00:00,24.2,89,3.0,9.2,169,-1.755442757464212,9.030970087718508
2013-05-21 08:00:00,24.8,88,4.0,10.1,180,6.184466335694133e-16,10.1
2013-05-21 09:00:00,25.6,86,5.1,12.1,190,2.101142949769858,11.916173811447717
2013-05-21 10:00:00,25.9,85,4.6,12.9,193,2.9018686010358574,12.569373835729534
2013-05-21 11:00:00,26.0,88,2.6,12.3,201,4.407925779407195,11.483039245915583
2013-05-21 12:00:00,26.3,88,2.1,12.0,219,7.55184469259805,9.32575153748365
2013-05-21 13:00:00,27.1,84,1.7000000000000002,13.3,218,8.188297621831255,10.480543022969403
2013-05-21 14:00:00,28.1,79,1.4,11.8,200,4.035837691242892,11.088372925273719
2013-05-21 15:00:00,25.7,90,4.3,12.2,199,3.971931484377312,11.535326622311663
2013-05-21 16:00:00,25.4,91,3.5,14.1,199,4.59051097784591,13.331811915950366
2013-05-21 17:00:00,25.4,90,1.5,16.2,197,4.736421616508335,15.492137046601174
2013-05-21 18:00:00,25.1,90,1.2,12.3,185,1.0720156357961952,12.253194786528471
2013-05-21 19:00:00,24.5,91,0.7000000000000001,11.2,180,6.858022075225178e-16,11.2
2013-05-21 20:00:00,24.0,92,0.1,9.9,170,-1.71911695890261,9.74959675482086
2013-05-21 21:00:00,23.5,92,0.0,9.7,153,-4.403707847473602,8.642763284627168
2013-05-21 22:00:00,23.3,91,0.0,9.7,158,-3.633683956134347,8.993683389297837
2013-05-21 23:00:00,23.2,89,0.5,10.5,164,-2.89419223607849,10.093247807352348
2013-05-22 00:00:00,23.1,88,0.5,12.4,172,-1.7257464519048105,12.279324052395474
2013-05-22 01:00:00,22.9,87,0.5,15.3,189,2.3934473151155333,15.111631611105608
2013-05-22 02:00:00,22.8,87,1.3,15.1,198,4.666156615061706,14.360953396056818
2013-05-22 03:00:00,22.8,83,0.0,14.4,181,0.2513146526968838,14.397806810252035
2013-05-22 04:00:00,23.0,82,0.2,12.2,166,-2.951447126315947,11.837607860567156
2013-05-22 05:00:00,23.0,82,0.3,12.8,169,-2.4423551408197737,12.5648279481301
2013-05-22 06:00:00,24.1,74,1.5,9.7,178,-0.3385251180142592,9.694091022085228
2013-05-22 07:00:00,24.3,84,1.7000000000000002,10.1,174,-1.055737479003301,10.04467114321956
2013-05-22 08:00:00,24.7,85,1.5,9.5,171,-1.4861274178821928,9.38303923565381
2013-05-22 09:00:00,25.6,84,1.8,10.1,180,6.184466335694133e-16,10.1
2013-05-22 10:00:00,26.6,82,2.0,9.8,186,1.024378940023004,9.746314574609078
2013-05-22 11:00:00,26.8,83,2.0,12.4,190,2.1532374030699373,12.21161613735138
2013-05-22 12:00:00,27.1,83,1.4,14.2,196,3.914050452601388,13.649916082324127
2013-05-22 13:00:00,27.2,83,1.5,14.7,191,2.8048922320352103,14.42991959668066
2013-05-22 14:00:00,27.3,83,2.0,17.1,202,6.405772747412095,15.854843913092067
2013-05-22 15:00:00,27.5,79,2.1,17.4,207,7.899434695468114,15.503513520877599
2013-05-22 16:00:00,26.5,86,1.8,16.4,199,5.339317733097371,15.506504639828792
2013-05-22 17:00:00,25.7,89,1.9,17.2,190,2.986748655871203,16.938693351809977
2013-05-22 18:00:00,25.2,88,1.3,15.2,184,1.0602984009107035,15.162973563949327
2013-05-22 19:00:00,24.9,87,0.5,15.2,185,1.3247672897644036,15.142159410994532
2013-05-22 20:00:00,24.5,85,0.0,16.3,186,1.7038139512627515,16.210706894502856
2013-05-22 21:00:00,24.4,84,0.0,13.2,191,2.518678738970393,12.957478821509163
2013-05-22 22:00:00,24.2,84,0.0,12.1,192,2.5157314588948894,11.835585968879046
2013-05-22 23:00:00,24.1,84,0.0,10.8,180,6.613092715395707e-16,10.8
2013-05-23 00:00:00,24.0,83,0.0,10.1,174,-1.055737479003301,10.04467114321956
2013-05-23 01:00:00,23.8,83,0.4,9.1,162,-2.812054648812021,8.654614298285898
2013-05-23 02:00:00,23.2,88,1.0,7.4,157,-2.891410350820626,6.811735915548058
2013-05-23 03:00:00,23.0,89,0.8,7.4,157,-2.891410350820626,6.811735915548058
2013-05-23 04:00:00,23.0,89,1.1,8.1,159,-2.902780391316932,7.5620014546273335
2013-05-23 05:00:00,23.6,84,0.9,9.3,167,-2.092044805397945,9.06164160250269
2013-05-23 06:00:00,23.3,86,0.5,5.8,158,-2.17271824181229,5.377666356487367
2013-05-23 07:00:00,24.1,85,0.7000000000000001,7.8,193,1.7546182238821464,7.6000865053248345
2013-05-23 08:00:00,24.4,88,1.2,9.7,202,3.633683956134346,8.993683389297837
2013-05-23 09:00:00,24.8,89,1.7000000000000002,12.1,210,6.050000000000002,10.478907385791707
2013-05-23 10:00:00,25.8,86,2.1,11.5,221,7.544678833390834,8.679160172561879
2013-05-23 11:00:00,26.6,82,1.8,9.9,226,7.121464023352647,6.877117867544073
2013-05-23 12:00:00,25.6,88,3.9,9.4,227,6.874724795220202,6.410784584587486
2013-05-23 13:00:00,25.5,89,2.9,7.8,248,7.232034065620942,2.921931428644114
2013-05-23 14:00:00,25.3,90,2.7,10.3,241,9.008582983535776,4.993539088537272
2013-05-23 15:00:00,26.0,85,1.3,11.0,221,7.2166493188955805,8.301805382450492
2013-05-23 16:00:00,26.2,85,0.0,9.0,182,0.31409547032250973,8.994517443171862
2013-05-23 17:00:00,26.5,83,0.0,7.4,166,-1.7902220274375418,7.180188374442374
2013-05-23 18:00:00,26.2,83,0.0,6.1,152,-2.8637765329939344,5.385980316439453
2013-05-23 19:00:00,25.0,86,0.0,9.4,180,5.755839955992561e-16,9.4
2013-05-23 20:00:00,24.0,90,0.0,9.4,182,0.3280552690035102,9.394273773979501
2013-05-23 21:00:00,22.9,94,0.0,7.3,169,-1.392905666248777,7.165878439167947
2013-05-23 22:00:00,21.8,96,0.0,5.6,153,-2.542346798541461,4.98963653545486
2013-05-23 23:00:00,20.9,98,0.0,5.1,141,-3.20953399435417,3.963444403430552
2013-05-24 00:00:00,20.5,97,0.0,4.4,145,-2.5237363199446032,3.6042689948715636
2013-05-24 01:00:00,20.0,97,0.0,5.2,146,-2.907803098047883,4.3109953772862175
2013-05-24 02:00:00,19.9,95,0.0,4.9,144,-2.880147736233118,3.9641832724372428
2013-05-24 03:00:00,20.1,93,0.0,3.1,144,-1.8221342821066664,2.5079526825623373
2013-05-24 04:00:00,20.0,92,0.0,3.3,103,-3.215421213791276,0.7423384793347552
2013-05-24 05:00:00,19.6,93,0.0,4.3,95,-4.283637201794505,0.3747696938149302
2013-05-24 06:00:00,20.0,93,0.0,3.9,124,-3.2332465329646625,2.180852323535913
2013-05-24 07:00:00,23.5,86,0.0,2.1,121,-1.8000513314744357,1.0815799573111142
2013-05-24 08:00:00,25.3,78,0.0,0.8,27,-0.36319239979163753,-0.7128052193506943
2013-05-24 09:00:00,26.7,73,0.0,2.4,333,1.0895771993749124,-2.138415658052083
2013-05-24 10:00:00,27.7,70,0.0,4.3,336,1.7489675652259409,-3.9282454678631837
2013-05-24 11:00:00,28.5,69,0.0,6.3,336,2.5624408513775414,-5.755336383148386
2013-05-24 12:00:00,28.7,70,0.0,8.6,345,2.2258437878816784,-8.306962106085987
2013-05-24 13:00:00,28.5,73,0.0,10.1,343,2.952954217699641,-9.658678035226657
2013-05-24 14:00:00,28.3,75,0.0,11.6,344,3.19739332747719,-11.1506356728845
2013-05-24 15:00:00,27.9,80,0.0,12.8,344,3.5281581544575893,-12.304149708010483
2013-05-24 16:00:00,27.6,81,0.1,10.9,351,1.705135668938517,-10.765802912487002
2013-05-24 17:00:00,27.3,82,0.0,8.0,355,0.6972459419812651,-7.969557584733964
2013-05-24 18:00:00,26.8,84,0.0,6.6,351,1.032467469265524,-6.518743047927909
2013-05-24 19:00:00,25.8,89,0.0,5.5,328,2.914555953282627,-4.664264528860342
2013-05-24 20:00:00,25.0,93,0.0,6.9,332,3.239353783222647,-6.092338390726596
2013-05-24 21:00:00,25.3,91,0.0,5.2,335,2.197614961051637,-4.7128004925905795
2013-05-24 22:00:00,25.1,91,0.0,1.9,22,-0.7117525274902333,-1.7616493236768958
2013-05-24 23:00:00,24.8,91,0.0,1.1,72,-1.046162167924669,-0.33991869381244205
2013-05-25 00:00:00,24.5,91,0.0,1.1,342,0.3399186938124422,-1.0461621679246689
2013-05-25 01:00:00,23.6,92,0.0,2.2,270,2.2,0.0
2013-05-25 02:00:00,22.3,94,0.0,2.6,236,2.1554976886431083,1.453901549023942
2013-05-25 03:00:00,22.1,94,0.0,3.7,191,0.7059932828932162,3.632020578756357
2013-05-25 04:00:00,21.9,92,0.1,4.4,171,-0.6883116461770157,4.3458286986186065
2013-05-25 05:00:00,22.6,88,0.0,1.8,127,-1.4375439180851273,1.0832670416736867
2013-05-25 06:00:00,22.7,88,0.0,1.4,90,-1.4,1.7145055188062944e-16
2013-05-25 07:00:00,24.6,87,0.0,3.3,103,-3.215421213791276,0.7423384793347552
2013-05-25 08:00:00,25.8,84,0.0,2.9,120,-2.511473670974872,1.4499999999999997
2013-05-25 09:00:00,27.0,79,0.0,1.3,236,1.0777488443215542,0.726950774511971
2013-05-25 10:00:00,27.7,77,0.0,5.1,278,5.050367150582009,-0.7097828148963337
2013-05-25 11:00:00,28.4,74,0.0,8.7,294,7.947845481490627,-3.5386087947594613
2013-05-25 12:00:00,28.5,75,0.0,9.2,301,7.8859391664594325,-4.738350289172498
2013-05-25 13:00:00,28.3,75,0.1,7.5,305,6.143640332167439,-4.301823272632845
2013-05-25 14:00:00,27.7,76,0.0,6.1,298,5.385980316439454,-2.8637765329939335
2013-05-25 15:00:00,27.3,78,0.2,4.8,228,3.5670951622914924,3.2118269105225195
2013-05-25 16:00:00,27.2,79,0.0,5.5,238,4.664264528860342,2.914555953282627
2013-05-25 17:00:00,26.8,80,0.0,2.8,230,2.1449244407331385,1.7998053071223097
2013-05-25 18:00:00,26.4,82,0.0,1.1,288,1.0461621679246689,-0.33991869381244216
2013-05-25 19:00:00,25.6,85,0.0,3.9,158,-1.4609657143220571,3.616017032810471
2013-05-25 20:00:00,24.6,89,0.0,5.7,162,-1.7613968679371999,5.421022142882376
2013-05-25 21:00:00,23.8,90,0.0,7.1,165,-1.837615220227898,6.858073366652385
2013-05-25 22:00:00,23.0,92,0.0,8.8,171,-1.3766232923540314,8.691657397237213
2013-05-25 23:00:00,22.3,93,0.0,9.3,164,-2.5634274090980913,8.939733772226367
2013-05-26 00:00:00,22.2,91,0.0,10.1,176,-0.7045403848156658,10.075396907624224
2013-05-26 01:00:00,22.6,88,0.0,11.0,199,3.5812496990287244,10.400704331592484
2013-05-26 02:00:00,22.1,90,0.0,11.3,187,1.3771235804781667,11.215771513546938
2013-05-26 03:00:00,21.0,93,0.0,9.8,163,-2.8652427062828196,9.371786608437748
2013-05-26 04:00:00,21.0,93,0.0,7.6,155,-3.211898789229315,6.88793918147854
2013-05-26 05:00:00,20.8,92,0.0,4.5,166,-1.088648530198505,4.366330768241984
2013-05-26 06:00:00,20.7,96,0.0,4.2,160,-1.4364846019678086,3.9467090073008158
2013-05-26 07:00:00,23.6,89,0.0,5.3,152,-2.4881992827652217,4.679622242152313
2013-05-26 08:00:00,25.7,79,0.0,4.0,175,-0.34862297099063294,3.984778792366982
2013-05-26 09:00:00,26.9,75,0.0,4.3,222,2.8772616073430903,3.195522749552795
2013-05-26 10:00:00,27.4,75,0.0,7.8,257,7.6000865053248345,1.754618223882147
2013-05-26 11:00:00,27.9,73,0.2,10.5,262,10.397814721786489,1.4613175600806871
2013-05-26 12:00:00,28.4,72,0.3,10.3,258,10.0749202875582,2.1414904154229215
2013-05-26 13:00:00,28.7,70,0.1,9.6,250,9.02104915954472,3.2833933759264196
2013-05-26 14:00:00,28.8,70,0.0,8.5,242,7.505054539300879,3.990508283680072
2013-05-26 15:00:00,28.7,72,0.1,9.0,241,7.871577364254562,4.363286582217033
2013-05-26 16:00:00,27.7,78,0.1,10.8,249,10.08266860616978,3.8703738550892433
2013-05-26 17:00:00,27.1,80,0.2,9.3,234,7.523858047687012,5.46640284632
2013-05-26 18:00:00,25.8,86,2.1,6.9,208,3.239353783222647,6.092338390726596
2013-05-26 19:00:00,25.2,90,0.4,8.1,159,-2.902780391316932,7.5620014546273335
2013-05-26 20:00:00,24.7,89,0.0,8.5,144,-4.996174644486021,6.876644452187053
2013-05-26 21:00:00,24.1,91,0.0,8.3,146,-4.641301098807197,6.881011852206847
2013-05-26 22:00:00,23.5,93,0.0,10.3,155,-4.352968095929203,9.334970206477497
2013-05-26 23:00:00,22.9,94,0.0,11.3,163,-3.3038002633669246,10.806243742382302
2013-05-27 00:00:00,22.5,94,0.0,10.5,184,0.732442974313315,10.474422527728153
2013-05-27 01:00:00,21.8,95,0.0,11.8,192,2.453357951649562,11.542141688658907
2013-05-27 02:00:00,21.4,95,0.0,11.9,182,0.41530401075976286,11.89275084152724
2013-05-27 03:00:00,21.6,92,0.0,10.5,164,-2.89419223607849,10.093247807352348
2013-05-27 04:00:00,21.4,91,0.0,9.8,156,-3.986019102142843,8.95274548489749
2013-05-27 05:00:00,21.0,91,0.0,9.8,156,-3.986019102142843,8.95274548489749
2013-05-27 06:00:00,21.2,93,0.0,9.0,157,-3.5165801564034638,8.284543681071963
2013-05-27 07:00:00,24.6,87,0.0,11.4,156,-4.6367977310641235,10.41441821712565
2013-05-27 08:00:00,27.2,73,0.0,11.7,169,-2.232465245905574,11.485038046337667
2013-05-27 09:00:00,28.4,67,0.0,14.8,183,0.7745721523955708,14.779717114367694
2013-05-27 10:00:00,29.4,67,0.0,17.2,190,2.986748655871203,16.938693351809977
2013-05-27 11:00:00,30.0,66,0.0,18.3,195,4.73638852537613,17.67644262108995
2013-05-27 12:00:00,30.3,65,0.0,18.0,196,4.961472404705985,17.30271052688974
2013-05-27 13:00:00,30.4,65,0.0,18.4,191,3.510885514928426,18.061940175437016
2013-05-27 14:00:00,30.0,67,0.1,17.6,195,4.555215193804365,17.000294542687605
2013-05-27 15:00:00,29.6,67,0.0,14.5,207,6.582862246223429,12.919594600731333
2013-05-27 16:00:00,28.4,75,0.8,12.6,200,4.309453805903427,11.840127021902445
2013-05-27 17:00:00,27.7,78,0.0,11.7,171,-1.8302832409707004,11.555953584963111
2013-05-27 18:00:00,27.0,79,0.0,11.2,186,1.1707187885977186,11.13864522812466
2013-05-27 19:00:00,26.1,80,0.0,11.9,178,-0.41530401075976137,11.89275084152724
2013-05-27 20:00:00,25.0,82,0.0,11.5,180,7.041719095097281e-16,11.5
2013-05-27 21:00:00,24.1,86,0.0,13.5,196,3.7211043035294886,12.977032895167305
2013-05-27 22:00:00,23.7,85,0.0,12.3,183,0.6437322617882109,12.283143277481258
2013-05-27 23:00:00,23.4,83,0.0,11.8,168,-2.4533579516495605,11.542141688658909
2013-05-28 00:00:00,23.0,82,0.0,10.4,160,-3.557009490586955,9.772803256173448
2013-05-28 01:00:00,22.4,83,0.0,9.3,152,-4.366085533908786,8.21141261358802
2013-05-28 02:00:00,22.1,82,0.0,8.4,149,-4.326319829244456,7.200205325897744
2013-05-28 03:00:00,21.9,83,0.0,7.1,156,-2.8878301658381815,6.486172749262466
2013-05-28 04:00:00,21.7,83,0.1,7.0,159,-2.5085756468171017,6.535062985480412
2013-05-28 05:00:00,21.6,83,0.0,7.1,156,-2.8878301658381815,6.486172749262466
2013-05-28 06:00:00,22.0,85,0.0,6.8,162,-2.101315561749642,6.467184310807045
2013-05-28 07:00:00,25.2,80,0.0,8.9,159,-3.1894747509531727,8.308865795825096
2013-05-28 08:00:00,27.3,69,0.0,9.3,167,-2.092044805397945,9.06164160250269
2013-05-28 09:00:00,28.6,63,0.0,10.1,176,-0.7045403848156658,10.075396907624224
2013-05-28 10:00:00,29.2,65,0.0,11.7,191,2.2324652459055754,11.485038046337667
2013-05-28 11:00:00,29.6,67,0.0,13.5,196,3.7211043035294886,12.977032895167305
2013-05-28 12:00:00,29.9,68,0.0,14.8,181,0.2582956152717973,14.79774588831459
2013-05-28 13:00:00,30.2,67,0.2,14.8,183,0.7745721523955708,14.779717114367694
2013-05-28 14:00:00,29.9,70,0.2,13.8,189,2.158795617555187,13.630099100212902
2013-05-28 15:00:00,30.2,65,0.0,12.3,185,1.0720156357961952,12.253194786528471
2013-05-28 16:00:00,30.1,66,0.0,12.4,197,3.625409138561936,11.858178973941639
2013-05-28 17:00:00,29.7,69,0.0,11.3,207,5.1300926470568795,10.068373723328557
2013-05-28 18:00:00,28.8,73,0.0,9.1,189,1.4235536318661013,8.987963899415753
2013-05-28 19:00:00,27.4,79,0.0,9.5,171,-1.4861274178821928,9.38303923565381
2013-05-28 20:00:00,26.0,83,0.0,8.6,165,-2.2258437878816792,8.306962106085987
2013-05-28 21:00:00,26.9,75,0.0,8.3,180,5.082284216461516e-16,8.3
2013-05-28 22:00:00,26.2,78,0.0,10.0,195,2.5881904510252074,9.659258262890683
2013-05-28 23:00:00,24.6,84,0.0,10.4,178,-0.36295476570600993,10.393664600998596
2013-05-29 00:00:00,24.8,82,0.0,10.3,168,-2.1414904154229215,10.0749202875582
2013-05-29 01:00:00,23.5,86,0.0,8.8,161,-2.864999759222979,8.320563465273988
2013-05-29 02:00:00,22.3,90,0.0,8.0,153,-3.6319239979163735,7.128052193506943
2013-05-29 03:00:00,22.2,91,0.0,7.7,152,-3.6149310334513602,6.798696465013737
2013-05-29 04:00:00,22.2,90,0.0,8.7,150,-4.349999999999998,7.534421012924616
2013-05-29 05:00:00,21.8,90,0.0,8.6,147,-4.683895701129233,7.212566884330646
2013-05-29 06:00:00,21.7,93,0.0,4.5,166,-1.088648530198505,4.366330768241984
2013-05-29 07:00:00,25.5,84,0.0,4.8,193,1.0797650608505516,4.676976310969129
2013-05-29 08:00:00,27.8,74,0.0,6.2,216,3.6442685642133337,5.0159053651246746
2013-05-29 09:00:00,28.8,72,0.0,8.4,211,4.326319829244455,7.200205325897744
2013-05-29 10:00:00,29.4,69,0.0,9.2,211,4.738350289172498,7.8859391664594325
2013-05-29 11:00:00,29.5,69,0.0,7.8,193,1.7546182238821464,7.6000865053248345
2013-05-29 12:00:00,29.8,67,0.0,8.9,220,5.7208097262102005,6.817795543758905
2013-05-29 13:00:00,30.1,67,0.0,9.5,217,5.717242719944459,7.587037345449282
2013-05-29 14:00:00,30.0,67,0.0,10.3,205,4.352968095929205,9.334970206477495
2013-05-29 15:00:00,29.7,70,0.0,10.6,190,1.8406706832694624,10.438962181929405
2013-05-29 16:00:00,29.7,69,0.0,9.6,193,2.159530121701103,9.353952621938259
2013-05-29 17:00:00,29.6,70,0.0,8.1,201,2.902780391316933,7.5620014546273335
2013-05-29 18:00:00,29.0,76,0.0,7.8,214,4.361704647071825,6.466493065929326
2013-05-29 19:00:00,27.4,85,0.0,9.6,214,5.368251873319169,7.9587606965284
2013-05-29 20:00:00,26.5,86,0.0,9.6,193,2.159530121701103,9.353952621938259
2013-05-29 21:00:00,26.0,86,0.0,9.3,196,2.5634274090980926,8.939733772226367
2013-05-29 22:00:00,25.4,89,0.0,6.9,189,1.0793978087775935,6.815049550106451
2013-05-29 23:00:00,24.3,93,0.0,4.7,176,-0.3278554265973891,4.688551036221174
2013-05-30 00:00:00,22.6,97,0.0,4.5,166,-1.088648530198505,4.366330768241984
2013-05-30 01:00:00,21.9,99,0.0,4.1,142,-2.524212048835199,3.23084408978756
2013-05-30 02:00:00,21.5,98,0.0,4.8,138,-3.2118269105225195,3.5670951622914924
2013-05-30 03:00:00,21.8,94,0.0,6.1,135,-4.313351365237939,4.31335136523794
2013-05-30 04:00:00,21.3,95,0.0,5.9,142,-3.6324027044213842,4.64926344627966
2013-05-30 05:00:00,20.9,95,0.0,5.9,142,-3.6324027044213842,4.64926344627966
2013-05-30 06:00:00,21.3,94,0.0,5.1,141,-3.20953399435417,3.963444403430552
2013-05-30 07:00:00,25.1,86,0.0,5.4,132,-4.012982057577928,3.613305274337835
2013-05-30 08:00:00,27.8,72,0.0,4.8,138,-3.2118269105225195,3.5670951622914924
2013-05-30 09:00:00,29.0,68,0.0,4.5,166,-1.088648530198505,4.366330768241984
2013-05-30 10:00:00,29.9,67,0.0,5.1,225,3.6062445840513924,3.606244584051392
2013-05-30 11:00:00,30.4,67,0.0,9.1,252,8.654614298285896,2.8120546488120213
2013-05-30 12:00:00,30.6,69,0.0,11.2,255,10.818369254437565,2.8987733051482323
2013-05-30 13:00:00,30.4,70,0.0,11.6,254,11.1506356728845,3.19739332747719
2013-05-30 14:00:00,30.2,71,0.0,11.2,249,10.45610077676866,4.013721034907363
2013-05-30 15:00:00,29.7,72,0.0,11.2,228,8.323222045346816,7.494262791219212
2013-05-30 16:00:00,29.3,73,0.0,9.4,223,6.410784584587486,6.874724795220202
2013-05-30 17:00:00,28.8,75,0.0,8.2,218,5.048424097670398,6.46168817957512
2013-05-30 18:00:00,28.4,77,0.0,4.7,212,2.490620541896063,3.9858260519352022
2013-05-30 19:00:00,27.5,84,0.0,5.9,194,1.4273391840380394,5.7247447850283795
2013-05-30 20:00:00,26.9,83,0.0,7.6,180,4.653657836759942e-16,7.6
2013-05-30 21:00:00,25.6,89,0.0,9.8,172,-1.3638963894086407,9.70462707366739
2013-05-30 22:00:00,24.6,92,0.0,9.3,167,-2.092044805397945,9.06164160250269
2013-05-30 23:00:00,23.8,93,0.0,8.4,155,-3.5499933986218744,7.612985411107861
2013-05-31 00:00:00,23.4,92,0.0,6.6,139,-4.329989591337347,4.981083229470296
2013-05-31 01:00:00,22.7,94,0.0,5.2,124,-4.310995377286217,2.907803098047884
2013-05-31 02:00:00,22.1,96,0.0,4.0,117,-3.564026096753471,1.8159619989581874
2013-05-31 03:00:00,21.9,95,0.0,3.4,122,-2.883363526931848,1.8017254983928965
2013-05-31 04:00:00,21.6,95,0.0,3.6,127,-2.8750878361702545,2.1665340833473734
2013-05-31 05:00:00,21.4,95,0.0,4.2,121,-3.6001026629488715,2.1631599146222285
2013-05-31 06:00:00,22.0,95,0.0,4.7,113,-4.32637281122647,1.8364363038995868
2013-05-31 07:00:00,24.9,86,0.0,5.3,118,-4.679622242152313,2.4881992827652204
2013-05-31 08:00:00,27.1,78,0.0,4.3,138,-2.8772616073430903,3.195522749552795
2013-05-31 09:00:00,28.7,71,0.0,3.6,180,2.2043642384652358e-16,3.6
2013-05-31 10:00:00,29.7,69,0.0,4.1,232,3.2308440897875594,2.524212048835199
2013-05-31 11:00:00,30.2,68,0.0,6.2,260,6.10580806867569,1.0766187015349682
2013-05-31 12:00:00,30.4,69,0.0,8.0,265,7.969557584733964,0.6972459419812653
2013-05-31 13:00:00,30.4,69,0.0,8.8,258,8.607698886457491,1.8296228791962823
2013-05-31 14:00:00,30.4,68,0.0,10.3,258,10.0749202875582,2.1414904154229215
2013-05-31 15:00:00,30.3,70,0.0,10.7,258,10.46617932785172,2.2246550917500247
2013-05-31 16:00:00,29.9,71,0.0,10.3,245,9.334970206477495,4.352968095929205
2013-05-31 17:00:00,29.3,74,0.0,9.4,238,7.9716521038704045,4.981241083792126
2013-05-31 18:00:00,28.5,78,0.0,6.8,252,6.467184310807044,2.1013155617496424
2013-05-31 19:00:00,27.4,89,0.0,7.8,202,2.9219314286441134,7.232034065620942
2013-05-31 20:00:00,27.0,86,0.0,9.0,185,0.7844016847289232,8.96575228282571
2013-05-31 21:00:00,26.2,89,0.0,8.7,185,0.7582549619046257,8.666893873398186
2013-05-31 22:00:00,25.5,91,0.0,10.1,180,6.184466335694133e-16,10.1
2013-05-31 23:00:00,25.0,93,0.0,10.4,178,-0.36295476570600993,10.393664600998596
2013-06-01 00:00:00,24.7,94,0.0,10.5,176,-0.732442974313316,10.474422527728153
2013-06-01 01:00:00,24.3,94,0.0,10.5,172,-1.4613175600806863,10.397814721786489
2013-06-01 02:00:00,23.0,99,0.0,10.9,171,-1.705135668938516,10.765802912487002
2013-06-01 03:00:00,24.1,91,0.0,9.6,167,-2.159530121701104,9.353952621938259
2013-06-01 04:00:00,23.8,92,0.0,7.2,162,-2.224922359499621,6.847606917325106
2013-06-01 05:00:00,22.4,96,0.0,4.9,163,-1.4326213531414098,4.685893304218874
2013-06-01 06:00:00,21.8,98,0.0,5.2,155,-2.1976149610516367,4.71280049259058
2013-06-01 07:00:00,25.6,89,0.0,6.5,161,-2.116193003971518,6.1458707413955596
2013-06-01 08:00:00,27.6,79,0.0,8.3,185,0.7233926648055626,8.268415994161488
2013-06-01 09:00:00,28.6,73,0.0,10.0,206,4.383711467890775,8.98794046299167
2013-06-01 10:00:00,29.4,70,0.0,11.0,221,7.2166493188955805,8.301805382450492
2013-06-01 11:00:00,30.1,67,0.0,12.3,232,9.69253226936268,7.572636146505597
2013-06-01 12:00:00,30.3,66,0.0,13.3,237,11.154318553674141,7.24369916569986
2013-06-01 13:00:00,30.5,66,0.0,13.5,236,11.192007229493061,7.549104196855083
2013-06-01 14:00:00,30.4,66,0.0,13.3,229,10.037637416962868,8.725585085573748
2013-06-01 15:00:00,30.2,67,0.0,13.0,219,8.181165083647887,10.10289749894062
2013-06-01 16:00:00,30.0,68,0.0,12.6,207,5.72028029671829,11.226682204773434
2013-06-01 17:00:00,29.5,70,0.0,12.6,200,4.309453805903427,11.840127021902445
2013-06-01 18:00:00,28.6,75,0.0,9.6,193,2.159530121701103,9.353952621938259
2013-06-01 19:00:00,27.3,79,0.0,10.5,184,0.732442974313315,10.474422527728153
2013-06-01 20:00:00,25.8,86,0.0,11.7,189,1.8302832409707017,11.555953584963111
2013-06-01 21:00:00,24.8,88,0.0,12.3,201,4.407925779407195,11.483039245915583
2013-06-01 22:00:00,26.1,81,0.0,10.8,210,5.400000000000001,9.353074360871938
2013-06-01 23:00:00,25.6,83,0.0,9.4,203,3.672872607799173,8.65274562245294
2013-06-02 00:00:00,25.0,84,0.0,9.4,187,1.1455718280083864,9.329933825428427
2013-06-02 01:00:00,23.5,86,0.0,11.1,167,-2.4969567032169016,10.81550771911611
2013-06-02 02:00:00,23.1,86,0.0,10.9,163,-3.1868515814778298,10.423721839997087
2013-06-02 03:00:00,21.5,86,0.0,10.7,160,-3.659615533584655,10.05471104240922
2013-06-02 04:00:00,20.6,87,0.0,10.8,159,-3.8703738550892433,10.08266860616978
2013-06-02 05:00:00,19.9,88,0.0,10.7,160,-3.659615533584655,10.05471104240922
2013-06-02 06:00:00,20.2,88,0.0,8.8,161,-2.864999759222979,8.320563465273988
2013-06-02 07:00:00,24.8,79,0.0,9.8,172,-1.3638963894086407,9.70462707366739
2013-06-02 08:00:00,27.8,64,0.0,10.1,197,2.952954217699641,9.658678035226657
2013-06-02 09:00:00,28.8,63,0.0,13.4,204,5.450271017215723,12.241509132410853
2013-06-02 10:00:00,29.5,62,0.0,15.3,204,6.223070639059744,13.977245501931794
2013-06-02 11:00:00,30.1,62,0.0,15.5,205,6.550583056980841,14.047770699068074
2013-06-02 12:00:00,30.5,61,0.0,15.6,206,6.838589889909608,14.021187122267005
2013-06-02 13:00:00,30.6,61,0.0,15.9,208,7.464597848295665,14.038866726456938
2013-06-02 14:00:00,30.7,61,0.0,15.8,210,7.900000000000002,13.68320137979413
2013-06-02 15:00:00,30.5,65,0.0,15.5,211,7.98309016110584,13.286093160882741
2013-06-02 16:00:00,30.2,66,0.0,14.8,214,8.276054971367053,12.269756073814618
2013-06-02 17:00:00,29.6,70,0.0,13.1,212,6.941942361454984,11.10943005964918
2013-06-02 18:00:00,28.7,74,0.0,8.9,212,4.716281451675524,7.547628055792192
2013-06-02 19:00:00,27.3,83,0.0,9.7,207,4.403707847473604,8.642763284627167
2013-06-02 20:00:00,25.9,86,0.0,8.7,185,0.7582549619046257,8.666893873398186
2013-06-02 21:00:00,24.7,90,0.0,8.4,155,-3.5499933986218744,7.612985411107861
2013-06-02 22:00:00,24.0,91,0.0,8.2,142,-5.048424097670398,6.46168817957512
2013-06-02 23:00:00,24.6,86,0.0,3.9,146,-2.180852323535912,3.233246532964663
2013-06-03 00:00:00,22.8,90,0.0,4.5,151,-2.1816432911085166,3.9357886821272814
2013-06-03 01:00:00,22.2,90,0.0,6.1,152,-2.8637765329939344,5.385980316439453
2013-06-03 02:00:00,21.8,90,0.0,5.7,145,-3.269385687200963,4.669166652447252
2013-06-03 03:00:00,21.5,92,0.0,6.3,149,-3.2447398719333416,5.400153994423308
2013-06-03 04:00:00,21.2,92,0.0,6.0,155,-2.535709570444196,5.4378467222199
2013-06-03 05:00:00,20.9,91,0.3,5.7,162,-1.7613968679371999,5.421022142882376
2013-06-03 06:00:00,21.4,91,0.5,3.5,156,-1.423578250765301,3.197409101749103
2013-06-03 07:00:00,25.2,83,0.0,4.8,153,-2.179154398749824,4.276831316104166
2013-06-03 08:00:00,27.4,69,0.2,3.6,174,-0.3763024677635528,3.580278823325784
2013-06-03 09:00:00,28.6,66,0.2,4.3,228,3.195522749552795,2.8772616073430903
2013-06-03 10:00:00,29.3,66,0.2,5.1,266,5.087576656325103,0.35575801609503904
2013-06-03 11:00:00,29.9,66,0.0,4.0,270,4.0,0.0
2013-06-03 12:00:00,30.4,65,0.0,3.1,315,2.1920310216782974,-2.192031021678297
2013-06-03 13:00:00,30.4,66,0.0,1.6,333,0.726384799583275,-1.4256104387013886
2013-06-03 14:00:00,30.4,67,0.0,1.5,346,0.3628828433995015,-1.4554435894139948
2013-06-03 15:00:00,30.7,65,0.0,4.1,322,2.524212048835199,-3.23084408978756
2013-06-03 16:00:00,30.2,68,0.0,6.7,344,1.8467702839738944,-6.440453362786736
2013-06-03 17:00:00,29.1,74,0.0,8.3,358,0.289665822630759,-8.294943864258496
2013-06-03 18:00:00,28.2,79,0.0,8.3,18,-2.564841053312065,-7.893769085249775
2013-06-03 19:00:00,27.5,85,0.0,6.9,51,-5.362307134053099,-4.34231069824388
2013-06-03 20:00:00,27.5,80,0.0,4.0,80,-3.939231012048832,-0.6945927106677219
2013-06-03 21:00:00,27.3,81,0.0,1.4,90,-1.4,1.7145055188062944e-16
2013-06-03 22:00:00,25.7,88,0.0,1.1,198,0.3399186938124422,1.0461621679246689
2013-06-03 23:00:00,24.4,92,0.0,3.3,319,2.1649947956686737,-2.4905416147351476
2013-06-04 00:00:00,24.1,93,0.0,5.6,345,1.4493866525741161,-5.4091846272187825
2013-06-04 01:00:00,24.2,92,0.6,5.2,12,-1.0811407922523508,-5.086367523815789
2013-06-04 02:00:00,23.9,91,1.0,2.9,60,-2.5114736709748717,-1.4500000000000002
2013-06-04 03:00:00,22.7,93,3.4,3.0,76,-2.9108871788279895,-0.7257656867990026
2013-06-04 04:00:00,22.4,94,0.5,5.4,98,-5.34744757120448,0.7515347451843528
2013-06-04 05:00:00,22.6,92,0.0,5.5,101,-5.3989495089621515,1.0494494745709972
2013-06-04 06:00:00,23.2,90,0.0,4.6,108,-4.3748599749577055,1.4214781741247584
2013-06-04 07:00:00,24.5,92,0.0,6.0,107,-5.737828535778213,1.7542302283364197
2013-06-04 08:00:00,26.5,78,0.0,4.6,141,-2.894873798829251,3.5748714227020666
2013-06-04 09:00:00,27.5,76,0.0,5.1,184,0.35575801609503865,5.087576656325103
2013-06-04 10:00:00,28.5,73,0.0,5.5,212,2.914555953282627,4.664264528860342
2013-06-04 11:00:00,29.5,71,0.0,5.2,236,4.310995377286217,2.907803098047884
2013-06-04 12:00:00,29.5,72,0.0,5.6,285,5.4091846272187825,-1.4493866525741161
2013-06-04 13:00:00,29.7,74,0.1,6.6,319,4.329989591337347,-4.981083229470295
2013-06-04 14:00:00,29.3,76,0.4,5.6,345,1.4493866525741161,-5.4091846272187825
2013-06-04 15:00:00,29.3,75,0.1,4.7,337,1.8364363038995866,-4.32637281122647
2013-06-04 16:00:00,29.0,76,0.0,7.5,325,4.301823272632846,-6.143640332167439
2013-06-04 17:00:00,28.1,79,0.6,10.2,352,1.4195656297926678,-10.100734301164017
2013-06-04 18:00:00,27.2,84,0.0,9.0,360,5.51091059616309e-16,-9.0
2013-06-04 19:00:00,26.7,87,0.0,8.9,27,-4.040515447681968,-7.929958065276474
2013-06-04 20:00:00,25.8,92,0.0,9.4,43,-6.410784584587487,-6.874724795220202
2013-06-04 21:00:00,26.2,88,0.0,6.7,54,-5.420413862312149,-3.9381611903595695
2013-06-04 22:00:00,26.0,87,0.0,6.9,28,-3.239353783222646,-6.092338390726597
2013-06-04 23:00:00,25.8,87,0.0,7.1,24,-2.8878301658381806,-6.486172749262467
2013-06-05 00:00:00,25.6,87,0.0,6.7,36,-3.938161190359571,-5.420413862312147
2013-06-05 01:00:00,25.4,87,0.0,4.4,35,-2.523736319944604,-3.604268994871563
2013-06-05 02:00:00,25.2,86,0.0,2.7,23,-1.0549740469210394,-2.4853631043215887
2013-06-05 03:00:00,22.8,90,0.0,3.4,18,-1.0506577808748216,-3.233592155403522
2013-06-05 04:00:00,22.2,91,0.5,6.4,16,-1.7640790772287929,-6.152074854005242
2013-06-05 05:00:00,22.2,90,0.0,7.1,45,-5.020458146424488,-5.020458146424486
2013-06-05 06:00:00,22.7,89,0.1,7.4,23,-2.8914103508206264,-6.811735915548058
2013-06-05 07:00:00,24.4,90,0.3,8.9,40,-5.720809726210201,-6.817795543758904
2013-06-05 08:00:00,26.6,76,0.6,8.5,54,-6.876644452187055,-4.996174644486021
2013-06-05 09:00:00,27.1,70,0.0,5.1,45,-3.606244584051393,-3.606244584051392
2013-06-05 10:00:00,27.3,69,0.0,5.1,8,-0.7097828148963357,-5.050367150582008
2013-06-05 11:00:00,27.6,68,0.0,7.9,357,0.41345405431925736,-7.889173324561134
2013-06-05 12:00:00,28.1,64,0.0,12.2,358,0.42577385977051313,-12.192568089632967
2013-06-05 13:00:00,28.3,64,0.0,14.8,357,0.7745721523955708,-14.779717114367694
2013-06-05 14:00:00,27.7,68,0.0,12.4,17,-3.62540913856194,-11.858178973941639
2013-06-05 15:00:00,27.3,76,0.7000000000000001,10.9,17,-3.1868515814778346,-10.423721839997086
2013-06-05 16:00:00,27.4,72,0.0,10.2,32,-5.405176495178691,-8.650090580795544
2013-06-05 17:00:00,27.3,74,0.0,7.7,41,-5.051654523226906,-5.811263767715345
2013-06-05 18:00:00,27.1,76,0.0,5.2,25,-2.197614961051636,-4.71280049259058
2013-06-05 19:00:00,26.1,84,0.0,6.7,36,-3.938161190359571,-5.420413862312147
2013-06-05 20:00:00,26.6,76,0.0,5.5,23,-2.149021206691006,-5.062776693988422
2013-06-05 21:00:00,26.3,77,0.0,3.1,21,-1.1109406435904323,-2.894099322141325
2013-06-05 22:00:00,25.8,79,0.0,1.3,34,-0.7269507745119705,-1.0777488443215544
2013-06-05 23:00:00,24.2,86,0.0,1.9,68,-1.761649323676896,-0.7117525274902328
2013-06-06 00:00:00,22.9,90,0.0,4.4,99,-4.345828698618606,0.6883116461770163
2013-06-06 01:00:00,22.4,92,0.0,6.0,107,-5.737828535778213,1.7542302283364197
2013-06-06 02:00:00,22.0,93,0.0,6.5,96,-6.4643923198937765,0.6794350112397493
2013-06-06 03:00:00,22.0,89,0.0,5.8,90,-5.8,7.102951435054649e-16
2013-06-06 04:00:00,21.8,88,0.0,4.4,81,-4.3458286986186065,-0.6883116461770152
2013-06-06 05:00:00,21.2,89,0.0,4.5,61,-3.9357886821272814,-2.181643291108516
2013-06-06 06:00:00,21.6,89,0.0,5.3,62,-4.679622242152313,-2.4881992827652213
2013-06-06 07:00:00,24.5,88,0.0,4.8,48,-3.5670951622914924,-3.2118269105225195
2013-06-06 08:00:00,27.0,70,0.0,5.5,23,-2.149021206691006,-5.062776693988422
2013-06-06 09:00:00,27.7,66,0.0,5.9,14,-1.42733918403804,-5.7247447850283795
2013-06-06 10:00:00,28.2,64,0.0,5.8,356,0.40458754771592637,-5.78587149150698
2013-06-06 11:00:00,29.0,62,0.0,6.1,360,3.735172737399427e-16,-6.1
2013-06-06 12:00:00,29.2,61,0.0,5.3,332,2.4881992827652213,-4.679622242152313
2013-06-06 13:00:00,29.3,61,0.0,4.2,329,2.1631599146222276,-3.600102662948872
2013-06-06 14:00:00,29.2,61,0.0,1.5,104,-1.4554435894139948,0.3628828433995016
2013-06-06 15:00:00,28.1,64,0.0,4.3,90,-4.3,5.265981236333618e-16
2013-06-06 16:00:00,28.1,65,0.0,5.4,82,-5.34744757120448,-0.7515347451843538
2013-06-06 17:00:00,28.4,64,0.0,4.3,95,-4.283637201794505,0.3747696938149302
2013-06-06 18:00:00,27.9,69,0.0,3.2,27,-1.4527695991665501,-2.851220877402777
2013-06-06 19:00:00,27.4,70,0.0,1.5,14,-0.36288284339950166,-1.4554435894139948
2013-06-06 20:00:00,26.5,75,0.0,4.0,10,-0.6945927106677213,-3.939231012048832
2013-06-06 21:00:00,26.2,77,0.0,5.5,11,-1.0494494745709955,-5.3989495089621515
2013-06-06 22:00:00,26.6,73,0.0,4.1,38,-2.524212048835198,-3.2308440897875603
2013-06-06 23:00:00,26.1,75,0.0,4.3,90,-4.3,5.265981236333618e-16
2013-06-07 00:00:00,25.2,79,0.0,2.4,117,-2.138415658052083,1.0895771993749124
2013-06-07 01:00:00,23.7,85,0.0,1.1,180,6.735557395310444e-17,1.1
2013-06-07 02:00:00,22.8,88,0.0,0.8,207,0.3631923997916375,0.7128052193506943
2013-06-07 03:00:00,21.1,95,0.0,2.6,124,-2.1554976886431083,1.453901549023942
2013-06-07 04:00:00,20.6,96,0.0,5.3,118,-4.679622242152313,2.4881992827652204
2013-06-07 05:00:00,20.4,96,0.0,6.3,121,-5.400153994423307,3.2447398719333425
2013-06-07 06:00:00,20.9,95,0.0,4.3,132,-3.195522749552794,2.8772616073430908
2013-06-07 07:00:00,24.3,88,0.0,5.4,138,-3.6133052743378347,4.012982057577929
2013-06-07 08:00:00,26.8,72,0.0,6.0,147,-3.2678342100901627,5.032023407672543
2013-06-07 09:00:00,28.3,69,0.0,7.4,157,-2.891410350820626,6.811735915548058
2013-06-07 10:00:00,29.3,67,0.0,6.8,177,-0.35588450245201814,6.790680836331102
2013-06-07 11:00:00,30.0,65,0.0,7.4,209,3.587591189822895,6.472185832831529
2013-06-07 12:00:00,30.3,65,0.0,9.3,234,7.523858047687012,5.46640284632
2013-06-07 13:00:00,30.2,66,0.0,10.3,241,9.008582983535776,4.993539088537272
2013-06-07 14:00:00,30.2,67,0.0,9.9,237,8.302838622659698,5.391926446648768
2013-06-07 15:00:00,30.0,67,0.0,10.2,228,7.580077219869421,6.825132184860354
2013-06-07 16:00:00,29.8,69,0.0,10.5,218,6.464445490919412,8.274112912870581
2013-06-07 17:00:00,29.2,72,0.0,10.6,204,4.311408416603482,9.683581851011569
2013-06-07 18:00:00,28.5,76,0.0,7.6,205,3.211898789229316,6.887939181478539
2013-06-07 19:00:00,27.5,80,0.0,8.4,170,-1.4586446924022145,8.272385125302547
2013-06-07 20:00:00,26.2,87,0.0,9.0,157,-3.5165801564034638,8.284543681071963
2013-06-07 21:00:00,25.0,90,0.0,9.3,152,-4.366085533908786,8.21141261358802
2013-06-07 22:00:00,24.4,89,0.0,9.8,156,-3.986019102142843,8.95274548489749
2013-06-07 23:00:00,23.5,91,0.0,9.8,163,-2.8652427062828196,9.371786608437748
2013-06-08 00:00:00,22.6,93,0.0,9.6,167,-2.159530121701104,9.353952621938259
2013-06-08 01:00:00,22.1,93,0.0,9.9,170,-1.71911695890261,9.74959675482086
2013-06-08 02:00:00,21.7,92,0.0,9.6,167,-2.159530121701104,9.353952621938259
2013-06-08 03:00:00,21.5,90,0.0,9.3,167,-2.092044805397945,9.06164160250269
2013-06-08 04:00:00,21.4,88,0.0,9.0,164,-2.4807362023529915,8.65135526344487
2013-06-08 05:00:00,21.2,87,0.0,8.9,159,-3.1894747509531727,8.308865795825096
2013-06-08 06:00:00,21.6,87,0.1,8.2,157,-3.2039952536120446,7.548139798310009
2013-06-08 07:00:00,25.3,78,0.0,11.4,156,-4.6367977310641235,10.41441821712565
2013-06-08 08:00:00,27.7,62,0.1,12.0,164,-3.3076482698039884,11.535140351259827
2013-06-08 09:00:00,28.8,60,0.1,11.9,183,0.6227978792910333,11.88369146357943
2013-06-08 10:00:00,29.3,63,0.1,13.9,197,4.063966695646041,13.292636107886192
2013-06-08 11:00:00,29.6,65,0.1,15.8,197,4.619472934619242,15.10961514421596
2013-06-08 12:00:00,29.9,65,0.0,16.5,196,4.548016370980486,15.860817982982262
2013-06-08 13:00:00,30.3,65,0.0,17.0,197,4.970318980286525,16.2571808513716
2013-06-08 14:00:00,30.7,64,0.0,16.3,208,7.652386473410021,14.392045763600509
2013-06-08 15:00:00,30.7,66,0.0,15.4,217,9.267951356541545,12.29898685472831
2013-06-08 16:00:00,30.0,69,0.0,14.6,220,9.384699101423475,11.184248869537079
2013-06-08 17:00:00,29.5,72,0.0,13.3,213,7.24369916569986,11.154318553674141
2013-06-08 18:00:00,28.6,76,0.0,11.0,199,3.5812496990287244,10.400704331592484
2013-06-08 19:00:00,27.5,80,0.0,10.4,182,0.36295476570601126,10.393664600998596
2013-06-08 20:00:00,26.6,84,0.0,10.1,178,-0.3524849166952596,10.093847352892867
2013-06-08 21:00:00,25.7,87,0.0,9.5,171,-1.4861274178821928,9.38303923565381
2013-06-08 22:00:00,24.9,89,0.0,10.7,166,-2.5885642829164452,10.382164271153162
2013-06-08 23:00:00,24.3,90,0.0,12.1,170,-2.101142949769857,11.916173811447717
2013-06-09 00:00:00,23.7,90,0.0,11.7,169,-2.232465245905574,11.485038046337667
2013-06-09 01:00:00,23.3,89,0.0,11.1,167,-2.4969567032169016,10.81550771911611
2013-06-09 02:00:00,23.1,87,0.1,10.1,163,-2.95295421769964,9.658678035226659
2013-06-09 03:00:00,23.6,84,0.0,9.4,162,-2.9047597471245052,8.939931253174445
2013-06-09 04:00:00,23.3,82,0.0,8.8,161,-2.864999759222979,8.320563465273988
2013-06-09 05:00:00,23.0,81,0.0,8.7,156,-3.538608794759462,7.947845481490627
2013-06-09 06:00:00,23.1,82,0.0,9.2,159,-3.296985135816762,8.588939923774255
2013-06-09 07:00:00,25.5,77,0.4,11.0,169,-2.0988989491419927,10.797899017924303
2013-06-09 08:00:00,27.9,63,0.5,11.5,180,7.041719095097281e-16,11.5
2013-06-09 09:00:00,28.4,63,0.5,12.7,173,-1.5477406612453715,12.60533612584479
2013-06-09 10:00:00,28.9,64,0.2,13.5,164,-3.7211043035294873,12.977032895167305
2013-06-09 11:00:00,29.5,64,0.1,14.5,166,-3.507867486195183,14.06928803100195
2013-06-09 12:00:00,30.2,63,0.1,14.8,177,-0.7745721523955689,14.779717114367694
2013-06-09 13:00:00,30.9,62,0.0,14.6,190,2.535263393937184,14.378193193978237
2013-06-09 14:00:00,30.5,65,0.0,15.3,195,3.9599313900685673,14.778665142222746
2013-06-09 15:00:00,30.7,63,0.0,14.0,198,4.326237921249264,13.31479122813215
2013-06-09 16:00:00,30.3,65,0.2,12.8,202,4.794964395723674,11.86795333845488
2013-06-09 17:00:00,29.8,67,0.0,12.2,204,4.962187045524762,11.14525458323973
2013-06-09 18:00:00,28.9,72,0.0,9.9,199,3.223124729125852,9.360633898433235
2013-06-09 19:00:00,27.9,76,0.0,9.7,182,0.33852511801426044,9.694091022085228
2013-06-09 20:00:00,26.7,83,0.0,8.9,166,-2.1531048708370433,8.635631963856369
2013-06-09 21:00:00,25.9,85,0.0,8.6,165,-2.2258437878816792,8.306962106085987
2013-06-09 22:00:00,25.2,87,0.0,9.1,173,-1.109011024986841,9.03216997993603
2013-06-09 23:00:00,24.8,87,0.1,10.4,182,0.36295476570601126,10.393664600998596
2013-06-10 00:00:00,24.6,87,0.3,9.3,164,-2.5634274090980913,8.939733772226367
2013-06-10 01:00:00,25.3,84,0.4,8.3,185,0.7233926648055626,8.268415994161488
2013-06-10 02:00:00,25.3,86,0.0,10.4,180,6.368163355566237e-16,10.4
2013-06-10 03:00:00,23.5,91,0.2,9.8,172,-1.3638963894086407,9.70462707366739
2013-06-10 04:00:00,23.0,92,0.3,7.6,175,-0.6623836448822026,7.571079705497266
2013-06-10 05:00:00,22.9,92,0.3,8.6,180,5.265981236333618e-16,8.6
2013-06-10 06:00:00,23.3,91,0.3,7.6,177,-0.3977532674463732,7.589584464134761
2013-06-10 07:00:00,25.8,81,0.1,8.6,182,0.3001356716415093,8.594761112364223
2013-06-10 08:00:00,26.9,75,0.2,9.6,193,2.159530121701103,9.353952621938259
2013-06-10 09:00:00,27.5,75,0.5,10.0,210,5.000000000000001,8.660254037844386
2013-06-10 10:00:00,28.1,75,0.9,10.5,229,7.924450592339106,6.888619804400326
2013-06-10 11:00:00,28.7,76,1.2,10.9,226,7.8408038236912985,7.57177623800307
2013-06-10 12:00:00,28.2,79,1.1,8.4,220,5.399415921366931,6.4347733221994154
2013-06-10 13:00:00,28.4,79,1.0,5.5,203,2.1490212066910055,5.062776693988422
2013-06-10 14:00:00,27.8,81,2.3,4.7,189,0.7352419856890854,4.6421352007971475
2013-06-10 15:00:00,29.2,77,0.0,6.6,189,1.032467469265524,6.518743047927909
2013-06-10 16:00:00,29.3,76,0.0,8.5,192,1.7672493719509554,8.314254606237347
2013-06-10 17:00:00,29.1,75,0.1,7.6,199,2.474317973874391,7.185941174554807
2013-06-10 18:00:00,28.1,79,0.0,7.8,214,4.361704647071825,6.466493065929326
2013-06-10 19:00:00,27.3,82,0.0,6.5,177,-0.34018371557913496,6.49109197590473
2013-06-10 20:00:00,26.5,85,0.0,6.6,151,-3.199743493625824,5.772490067120012
2013-06-10 21:00:00,25.7,90,0.0,6.0,163,-1.75423022833642,5.737828535778213
2013-06-10 22:00:00,25.8,86,0.2,5.8,173,-0.7068421917498547,5.756767679519668
2013-06-10 23:00:00,25.1,88,0.7000000000000001,5.2,155,-2.1976149610516367,4.71280049259058
2013-06-11 00:00:00,24.2,92,0.3,5.9,128,-4.64926344627966,3.6324027044213847
2013-06-11 01:00:00,25.0,85,0.3,5.4,132,-4.012982057577928,3.613305274337835
2013-06-11 02:00:00,24.5,88,0.2,4.6,162,-1.4214781741247577,4.374859974957706
2013-06-11 03:00:00,22.7,93,0.1,4.8,117,-4.276831316104166,2.1791543987498248
2013-06-11 04:00:00,23.9,86,0.1,4.8,257,4.676976310969129,1.079765060850552
2013-06-11 05:00:00,23.4,88,0.0,4.6,225,3.2526911934581184,3.252691193458118
2013-06-11 06:00:00,23.0,91,0.0,3.3,193,0.7423384793347542,3.2154212137912763
2013-06-11 07:00:00,25.9,83,0.0,4.4,171,-0.6883116461770157,4.3458286986186065
2013-06-11 08:00:00,27.4,73,0.0,4.5,194,1.0886485301985045,4.366330768241984
2013-06-11 09:00:00,28.1,72,0.1,5.2,214,2.9078030980478835,4.3109953772862175
2013-06-11 10:00:00,28.9,72,0.1,6.4,227,4.6806636903626915,4.36478950439999
2013-06-11 11:00:00,29.4,72,0.0,7.9,240,6.841600689897066,3.9499999999999997
2013-06-11 12:00:00,30.0,71,0.0,8.9,249,8.308865795825096,3.1894747509531727
2013-06-11 13:00:00,29.9,73,0.0,8.5,258,8.314254606237348,1.7672493719509543
2013-06-11 14:00:00,29.9,73,0.0,9.3,257,9.06164160250269,2.092044805397945
2013-06-11 15:00:00,29.7,78,0.1,7.6,273,7.589584464134761,-0.3977532674463731
2013-06-11 16:00:00,29.6,80,0.2,4.3,294,3.9282454678631837,-1.7489675652259409
2013-06-11 17:00:00,29.1,79,1.0,6.5,264,6.4643923198937765,0.6794350112397476
2013-06-11 18:00:00,27.2,86,1.6,4.0,297,3.5640260967534716,-1.815961998958187
2013-06-11 19:00:00,26.3,90,0.7000000000000001,1.3,124,-1.0777488443215542,0.726950774511971
2013-06-11 20:00:00,25.8,91,0.4,3.6,186,0.3763024677635525,3.580278823325784
2013-06-11 21:00:00,25.1,94,0.5,3.6,225,2.5455844122715714,2.545584412271571
2013-06-11 22:00:00,24.7,95,0.4,5.5,101,-5.3989495089621515,1.0494494745709972
2013-06-11 23:00:00,25.4,89,0.1,4.5,104,-4.366330768241984,1.0886485301985047
2013-06-12 00:00:00,25.2,90,0.0,0.8,153,-0.36319239979163737,0.7128052193506944
2013-06-12 01:00:00,23.9,94,0.0,3.9,236,3.2332465329646625,2.180852323535913
2013-06-12 02:00:00,23.4,95,0.0,3.1,249,2.8940993221413254,1.1109406435904308
2013-06-12 03:00:00,24.2,90,0.0,3.3,13,-0.7423384793347553,-3.215421213791276
2013-06-12 04:00:00,23.6,93,0.0,4.7,356,0.3278554265973886,-4.688551036221174
2013-06-12 05:00:00,23.3,94,0.0,4.7,9,-0.7352419856890859,-4.6421352007971475
2013-06-12 06:00:00,23.4,96,0.0,5.8,7,-0.7068421917498535,-5.756767679519668
2013-06-12 07:00:00,25.5,91,0.0,9.1,342,2.8120546488120217,-8.654614298285896
2013-06-12 08:00:00,26.9,85,0.0,12.1,343,3.5376976271451146,-11.571287547152728
2013-06-12 09:00:00,27.6,82,0.0,8.3,342,2.564841053312064,-7.893769085249775
2013-06-12 10:00:00,28.0,79,0.0,4.6,342,1.4214781741247582,-4.3748599749577055
2013-06-12 11:00:00,28.4,78,0.0,2.3,342,0.7107390870623791,-2.1874299874788528
2013-06-12 12:00:00,29.3,75,0.0,8.8,325,5.0474726398892065,-7.208537989743128
2013-06-12 13:00:00,29.0,77,0.2,12.8,320,8.227681403987704,-9.80536887192292
2013-06-12 14:00:00,27.8,82,0.9,12.3,320,7.906287599144434,-9.42234665036343
2013-06-12 15:00:00,27.2,85,1.6,8.7,294,7.947845481490627,-3.5386087947594613
2013-06-12 16:00:00,26.2,92,2.6,9.4,274,9.377102072442348,-0.6557108531947778
2013-06-12 17:00:00,26.0,93,2.1,11.3,279,11.160878248725057,-1.7677094549546088
2013-06-12 18:00:00,25.6,92,3.5,9.2,339,3.2969851358167634,-8.588939923774255
2013-06-12 19:00:00,25.3,94,2.3,10.1,356,0.7045403848156648,-10.075396907624224
2013-06-12 20:00:00,24.7,96,1.2,7.2,37,-4.333068166694748,-5.750175672340508
2013-06-12 21:00:00,24.6,96,0.4,6.6,61,-5.772490067120012,-3.1997434936258236
2013-06-12 22:00:00,24.5,96,0.0,6.0,33,-3.267834210090162,-5.032023407672544
2013-06-12 23:00:00,24.9,93,0.0,6.5,34,-3.6347538725598527,-5.388744221607772
2013-06-13 00:00:00,24.7,93,0.0,6.8,32,-3.603450996785794,-5.766727053863696
2013-06-13 01:00:00,24.4,95,0.0,7.3,9,-1.1419715947936866,-7.210124886344505
2013-06-13 02:00:00,23.8,97,0.0,7.6,360,4.653657836759942e-16,-7.6
2013-06-13 03:00:00,24.8,90,0.0,8.3,360,5.082284216461516e-16,-8.3
2013-06-13 04:00:00,24.5,92,0.0,8.3,5,-0.7233926648055635,-8.268415994161488
2013-06-13 05:00:00,24.2,93,0.0,9.7,4,-0.676637795318018,-9.676371287520293
2013-06-13 06:00:00,23.9,96,0.0,10.4,360,6.368163355566237e-16,-10.4
2013-06-13 07:00:00,25.6,95,0.2,12.4,352,1.7257464519048118,-12.279324052395474
2013-06-13 08:00:00,26.7,90,0.3,15.5,357,0.8112073217656315,-15.478757788695894
2013-06-13 09:00:00,27.4,85,0.2,16.6,5,-1.446785329611127,-16.536831988322977
2013-06-13 10:00:00,28.1,82,0.0,18.0,1,-0.31414331587110295,-17.997258512815044
2013-06-13 11:00:00,28.5,80,0.0,19.1,360,1.1695376931857224e-15,-19.1
2013-06-13 12:00:00,28.7,78,0.1,17.6,1,-0.30716235329618957,-17.59731943475249
2013-06-13 13:00:00,28.4,80,0.0,19.4,360,1.1879073951729326e-15,-19.4
2013-06-13 14:00:00,27.5,84,0.2,18.8,356,1.3114217063895544,-18.754204144884696
2013-06-13 15:00:00,26.6,88,0.2,17.3,355,1.5077943495344859,-17.234168276987198
2013-06-13 16:00:00,26.3,91,0.3,15.1,359,0.26353133720298233,-15.097700196861508
2013-06-13 17:00:00,25.9,95,0.5,13.4,6,-1.400681407786555,-13.326593397934865
2013-06-13 18:00:00,25.6,96,0.9,12.3,3,-0.643732261788215,-12.283143277481258
2013-06-13 19:00:00,25.3,96,1.0,10.5,356,0.732442974313315,-10.474422527728153
2013-06-13 20:00:00,25.1,96,0.6,11.3,333,5.1300926470568795,-10.068373723328557
2013-06-13 21:00:00,24.8,96,0.3,11.4,336,4.636797731064123,-10.41441821712565
2013-06-13 22:00:00,24.6,96,0.1,9.2,349,1.755442757464213,-9.030970087718508
2013-06-13 23:00:00,24.3,96,0.0,7.6,8,-1.0577155672965002,-7.526037322435934
2013-06-14 00:00:00,24.0,97,0.0,2.2,351,0.34415582308850806,-2.1729143493093033
2013-06-14 01:00:00,23.7,97,0.0,2.9,240,2.511473670974872,1.4499999999999997
2013-06-14 02:00:00,23.6,97,0.0,4.3,246,3.9282454678631837,1.7489675652259409
2013-06-14 03:00:00,23.8,97,0.0,4.5,241,3.935788682127281,2.1816432911085166
2013-06-14 04:00:00,23.9,97,0.0,5.5,238,4.664264528860342,2.914555953282627
2013-06-14 05:00:00,23.9,97,0.0,5.0,240,4.330127018922194,2.4999999999999996
2013-06-14 06:00:00,24.1,97,0.1,3.3,229,2.4905416147351476,2.1649947956686737
2013-06-14 07:00:00,25.0,96,0.1,3.6,233,2.875087836170254,2.166534083347374
2013-06-14 08:00:00,25.3,92,0.2,2.7,293,2.485363104321589,-1.0549740469210394
2013-06-14 09:00:00,25.8,87,0.2,3.7,331,1.7937955949114475,-3.2360929164157644
2013-06-14 10:00:00,26.2,86,0.2,5.4,340,1.8469087739586119,-5.074340152243905
2013-06-14 11:00:00,27.0,84,0.3,7.6,341,2.474317973874391,-7.185941174554807
2013-06-14 12:00:00,27.1,84,0.3,10.0,330,5.000000000000001,-8.660254037844386
2013-06-14 13:00:00,27.0,86,1.1,11.8,340,4.035837691242892,-11.088372925273719
2013-06-14 14:00:00,26.5,89,1.5,8.7,343,2.5436338310878095,-8.319851376878407
2013-06-14 15:00:00,26.6,91,1.7000000000000002,8.0,333,3.6319239979163744,-7.128052193506942
2013-06-14 16:00:00,26.5,92,1.4,8.7,336,3.5386087947594613,-7.947845481490627
2013-06-14 17:00:00,26.1,95,1.5,8.3,342,2.564841053312064,-7.893769085249775
2013-06-14 18:00:00,25.7,95,1.7000000000000002,8.3,2,-0.28966582263075635,-8.294943864258496
2013-06-14 19:00:00,25.4,96,1.5,9.7,22,-3.633683956134349,-8.993683389297836
2013-06-14 20:00:00,25.0,97,0.9,8.9,27,-4.040515447681968,-7.929958065276474
2013-06-14 21:00:00,24.7,97,0.5,8.9,21,-3.1894747509531767,-8.308865795825096
2013-06-14 22:00:00,24.4,96,0.0,8.6,15,-2.2258437878816775,-8.306962106085987
2013-06-14 23:00:00,24.3,96,0.0,6.5,360,3.9801020972288977e-16,-6.5
2013-06-15 00:00:00,24.4,94,0.0,2.7,337,1.0549740469210391,-2.485363104321589
2013-06-15 01:00:00,24.7,93,0.2,5.1,4,-0.35575801609504043,-5.087576656325103
2013-06-15 02:00:00,23.6,96,0.0,6.6,29,-3.199743493625823,-5.772490067120013
2013-06-15 03:00:00,24.3,94,0.0,6.8,18,-2.1013155617496433,-6.467184310807044
2013-06-15 04:00:00,24.3,95,0.0,6.3,13,-1.417191642366351,-6.1385314081469815
2013-06-15 05:00:00,24.8,93,0.0,5.5,32,-2.9145559532826275,-4.664264528860342
2013-06-15 06:00:00,24.7,94,0.0,3.1,36,-1.822134282106667,-2.507952682562337
2013-06-15 07:00:00,25.7,95,0.0,1.3,34,-0.7269507745119705,-1.0777488443215544
2013-06-15 08:00:00,26.5,91,0.0,2.2,9,-0.3441558230885083,-2.172914349309303
2013-06-15 09:00:00,27.7,84,0.0,3.8,17,-1.111012477946401,-3.633958072659534
2013-06-15 10:00:00,28.4,79,0.0,3.6,360,2.2043642384652358e-16,-3.6
2013-06-15 11:00:00,29.2,75,0.0,4.7,356,0.3278554265973886,-4.688551036221174
2013-06-15 12:00:00,29.6,73,0.0,5.9,11,-1.1257730727216133,-5.791600382341218
2013-06-15 13:00:00,29.4,74,0.0,7.7,28,-3.614931033451359,-6.798696465013738
2013-06-15 14:00:00,29.0,75,0.1,7.6,25,-3.2118987892293136,-6.88793918147854
2013-06-15 15:00:00,28.8,78,0.2,7.6,19,-2.4743179738743906,-7.185941174554808
2013-06-15 16:00:00,28.6,79,0.3,5.1,45,-3.606244584051393,-3.606244584051392
2013-06-15 17:00:00,28.8,78,0.0,3.7,29,-1.7937955949114464,-3.2360929164157652
2013-06-15 18:00:00,28.5,80,0.0,6.7,344,1.8467702839738944,-6.440453362786736
2013-06-15 19:00:00,27.4,87,0.0,4.8,27,-2.179154398749825,-4.276831316104166
2013-06-15 20:00:00,27.7,81,0.0,3.4,58,-2.8833635269318485,-1.8017254983928963
2013-06-15 21:00:00,27.0,84,0.0,1.4,270,1.4,0.0
2013-06-15 22:00:00,25.5,92,0.0,6.0,237,5.032023407672544,3.2678342100901627
2013-06-15 23:00:00,25.0,93,0.0,6.8,205,2.873804179836756,6.162892951849219
2013-06-16 00:00:00,24.9,93,0.0,6.1,180,3.735172737399427e-16,6.1
2013-06-16 01:00:00,25.9,85,0.0,6.6,151,-3.199743493625824,5.772490067120012
2013-06-16 02:00:00,26.1,84,0.0,3.3,139,-2.1649947956686737,2.490541614735148
2013-06-16 03:00:00,26.1,84,0.0,2.6,214,1.4539015490239418,2.1554976886431088
2013-06-16 04:00:00,25.9,86,0.0,1.9,248,1.761649323676896,0.7117525274902328
2013-06-16 05:00:00,25.5,87,0.0,1.8,191,0.34345619167778085,1.7669289302057951
2013-06-16 06:00:00,25.3,88,0.0,1.4,270,1.4,0.0
2013-06-16 07:00:00,25.7,93,0.0,1.1,72,-1.046162167924669,-0.33991869381244205
2013-06-16 08:00:00,26.9,87,0.0,2.9,83,-2.878383839759834,-0.3534210958749272
2013-06-16 09:00:00,27.5,86,0.0,3.5,114,-3.197409101749103,1.4235782507653014
2013-06-16 10:00:00,28.3,81,0.0,3.1,135,-2.192031021678297,2.1920310216782974
2013-06-16 11:00:00,29.2,77,0.0,1.1,270,1.1,0.0
2013-06-16 12:00:00,29.2,77,0.0,6.4,322,3.9402334420842133,-5.043268823083022
2013-06-16 13:00:00,29.6,75,0.0,7.4,331,3.587591189822895,-6.472185832831529
2013-06-16 14:00:00,29.4,76,0.2,7.0,339,2.5085756468171025,-6.535062985480412
2013-06-16 15:00:00,28.8,80,0.1,3.1,36,-1.822134282106667,-2.507952682562337
2013-06-16 16:00:00,28.9,80,0.0,1.9,68,-1.761649323676896,-0.7117525274902328
2013-06-16 17:00:00,28.9,80,0.0,2.5,262,2.475670171853926,0.3479327524001636
2013-06-16 18:00:00,28.4,81,0.0,2.9,263,2.8783838397598336,0.35342109587492765
2013-06-16 19:00:00,27.6,86,0.0,3.3,174,-0.3449439287832567,3.2819222547153015
2013-06-16 20:00:00,26.5,91,0.1,5.7,215,3.269385687200963,4.669166652447253
2013-06-16 21:00:00,25.5,92,0.2,6.5,214,3.634753872559854,5.388744221607771
2013-06-16 22:00:00,25.1,93,0.5,5.4,176,-0.3766849582182768,5.386845871403051
2013-06-16 23:00:00,24.8,93,0.0,6.6,151,-3.199743493625824,5.772490067120012
2013-06-17 00:00:00,24.6,93,0.0,6.5,161,-2.116193003971518,6.1458707413955596
2013-06-17 01:00:00,24.5,92,0.2,7.4,157,-2.891410350820626,6.811735915548058
2013-06-17 02:00:00,24.2,92,0.3,6.5,146,-3.6347538725598536,5.388744221607771
2013-06-17 03:00:00,23.8,92,0.0,6.6,158,-2.4724035165450196,6.1194134401407965
2013-06-17 04:00:00,23.7,91,0.0,7.0,159,-2.5085756468171017,6.535062985480412
2013-06-17 05:00:00,23.0,93,0.0,5.0,159,-1.7918397477265013,4.667902132486009
2013-06-17 06:00:00,23.1,94,0.0,1.3,214,0.7269507745119709,1.0777488443215544
2013-06-17 07:00:00,25.8,89,0.0,2.7,113,-2.485363104321589,1.0549740469210394
2013-06-17 08:00:00,27.6,79,0.0,3.3,41,-2.1649947956686737,-2.4905416147351476
2013-06-17 09:00:00,28.3,78,0.0,5.4,8,-0.7515347451843555,-5.34744757120448
2013-06-17 10:00:00,28.8,78,0.0,7.0,348,1.4553818357243162,-6.847033205136639
2013-06-17 11:00:00,29.7,74,0.0,9.2,349,1.755442757464213,-9.030970087718508
2013-06-17 12:00:00,30.3,72,0.1,8.0,352,1.1133848076805237,-7.922144549932563
2013-06-17 13:00:00,30.0,73,0.0,8.4,340,2.872969203935618,-7.893418014601631
2013-06-17 14:00:00,29.6,74,0.4,7.6,360,4.653657836759942e-16,-7.6
2013-06-17 15:00:00,29.4,77,0.0,5.4,360,3.3065463576978537e-16,-5.4
2013-06-17 16:00:00,29.7,75,0.0,1.6,333,0.726384799583275,-1.4256104387013886
2013-06-17 17:00:00,29.6,76,0.0,4.9,324,2.8801477362331185,-3.9641832724372428
2013-06-17 18:00:00,28.9,80,0.0,8.4,317,5.728786224524987,-6.143371093601032
2013-06-17 19:00:00,27.8,85,0.0,6.8,328,3.603450996785793,-5.766727053863696
2013-06-17 20:00:00,27.1,89,0.0,2.9,30,-1.4500000000000013,-2.5114736709748713
2013-06-17 21:00:00,27.2,88,0.0,3.0,14,-0.7257656867990033,-2.9108871788279895
2013-06-17 22:00:00,26.9,89,0.0,2.3,288,2.1874299874788528,-0.710739087062379
2013-06-17 23:00:00,25.5,92,0.0,6.2,249,5.788198644282651,2.2218812871808615
2013-06-18 00:00:00,23.9,94,1.1,8.8,199,2.8649997592229797,8.320563465273988
2013-06-18 01:00:00,23.7,93,3.3,7.3,169,-1.392905666248777,7.165878439167947
2013-06-18 02:00:00,23.3,94,1.7000000000000002,7.6,155,-3.211898789229315,6.88793918147854
2013-06-18 03:00:00,23.4,92,0.0,7.4,137,-5.046787864462488,5.412017391981863
2013-06-18 04:00:00,23.1,91,0.0,6.9,129,-5.3623071340531,4.342310698243878
2013-06-18 05:00:00,22.7,91,0.0,6.4,117,-5.702441754805554,2.9055391983331003
2013-06-18 06:00:00,22.7,93,0.0,4.4,99,-4.345828698618606,0.6883116461770163
2013-06-18 07:00:00,25.9,85,0.0,5.4,90,-5.4,6.613092715395707e-16
2013-06-18 08:00:00,27.8,74,0.0,3.6,96,-3.580278823325784,0.37630246776355347
2013-06-18 09:00:00,28.8,70,0.0,1.5,104,-1.4554435894139948,0.3628828433995016
2013-06-18 10:00:00,29.6,69,0.0,1.8,281,1.7669289302057951,-0.34345619167778063
2013-06-18 11:00:00,30.0,70,0.0,4.9,306,3.9641832724372428,-2.8801477362331185
2013-06-18 12:00:00,29.6,71,0.0,8.2,299,7.171881598543044,-3.9754388860199636
2013-06-18 13:00:00,29.4,71,0.0,7.2,288,6.8476069173251055,-2.2249223594996215
2013-06-18 14:00:00,29.2,71,0.0,4.9,253,4.685893304218874,1.4326213531414103
2013-06-18 15:00:00,29.5,71,0.0,3.9,248,3.616017032810471,1.460965714322057
2013-06-18 16:00:00,29.4,71,0.0,3.0,256,2.9108871788279895,0.7257656867990032
2013-06-18 17:00:00,29.2,72,0.0,3.1,225,2.1920310216782974,2.192031021678297
2013-06-18 18:00:00,28.8,75,0.0,4.3,265,4.283637201794505,0.3747696938149301
2013-06-18 19:00:00,27.7,85,0.0,5.4,250,5.074340152243906,1.8469087739586112
2013-06-18 20:00:00,27.4,82,0.0,3.9,236,3.2332465329646625,2.180852323535913
2013-06-18 21:00:00,26.5,86,0.0,4.7,238,3.9858260519352022,2.490620541896063
2013-06-18 22:00:00,27.0,83,0.0,3.3,193,0.7423384793347542,3.2154212137912763
2013-06-18 23:00:00,26.1,87,0.0,4.7,171,-0.7352419856890848,4.6421352007971475
2013-06-19 00:00:00,24.6,92,0.0,5.9,166,-1.42733918403804,5.7247447850283795
2013-06-19 01:00:00,23.7,95,0.0,6.0,163,-1.75423022833642,5.737828535778213
2013-06-19 02:00:00,23.3,95,0.0,5.5,157,-2.149021206691006,5.062776693988422
2013-06-19 03:00:00,23.2,93,0.0,4.5,151,-2.1816432911085166,3.9357886821272814
2013-06-19 04:00:00,22.7,94,0.0,3.6,143,-2.1665340833473743,2.8750878361702537
2013-06-19 05:00:00,22.4,94,0.0,3.1,135,-2.192031021678297,2.1920310216782974
2013-06-19 06:00:00,22.7,94,0.0,3.6,127,-2.8750878361702545,2.1665340833473734
2013-06-19 07:00:00,25.8,83,0.0,4.7,113,-4.32637281122647,1.8364363038995868
2013-06-19 08:00:00,27.1,78,0.0,4.0,100,-3.939231012048832,0.6945927106677211
2013-06-19 09:00:00,28.0,78,0.0,0.5,45,-0.35355339059327384,-0.35355339059327373
2013-06-19 10:00:00,28.8,74,0.0,3.2,270,3.2,0.0
2013-06-19 11:00:00,28.8,73,0.0,4.9,287,4.685893304218874,-1.4326213531414103
2013-06-19 12:00:00,28.9,72,0.0,5.6,297,4.98963653545486,-2.5423467985414616
2013-06-19 13:00:00,29.4,70,0.0,3.5,294,3.197409101749103,-1.4235782507653008
2013-06-19 14:00:00,29.3,70,0.0,0.8,297,0.7128052193506944,-0.3631923997916374
2013-06-19 15:00:00,29.3,71,0.0,1.0,225,0.7071067811865476,0.7071067811865475
2013-06-19 16:00:00,29.3,70,0.0,0.8,207,0.3631923997916375,0.7128052193506943
2013-06-19 17:00:00,28.9,72,0.0,1.0,135,-0.7071067811865475,0.7071067811865476
2013-06-19 18:00:00,28.3,76,0.0,1.1,108,-1.0461621679246689,0.3399186938124423
2013-06-19 19:00:00,27.3,83,0.0,4.2,121,-3.6001026629488715,2.1631599146222285
2013-06-19 20:00:00,27.4,79,0.0,4.7,157,-1.8364363038995868,4.326372811226469
2013-06-19 21:00:00,25.7,87,0.0,4.7,184,0.3278554265973886,4.688551036221174
2013-06-19 22:00:00,24.7,89,0.0,4.8,167,-1.079765060850552,4.676976310969129
2013-06-19 23:00:00,24.1,90,0.0,6.3,167,-1.4171916423663498,6.1385314081469815
2013-06-20 00:00:00,23.7,91,0.0,6.5,161,-2.116193003971518,6.1458707413955596
2013-06-20 01:00:00,23.6,90,0.0,6.8,162,-2.101315561749642,6.467184310807045
2013-06-20 02:00:00,23.6,89,0.0,7.2,162,-2.224922359499621,6.847606917325106
2013-06-20 03:00:00,22.9,89,0.0,6.8,162,-2.101315561749642,6.467184310807045
2013-06-20 04:00:00,22.5,89,0.0,7.2,153,-3.2687315981247362,6.415246974156249
2013-06-20 05:00:00,22.1,90,0.0,6.4,142,-3.9402334420842133,5.043268823083022
2013-06-20 06:00:00,22.4,91,0.0,5.4,138,-3.6133052743378347,4.012982057577929
2013-06-20 07:00:00,24.4,85,0.0,5.6,130,-4.289848881466276,3.5996106142446207
2013-06-20 08:00:00,26.9,76,0.0,5.6,130,-4.289848881466276,3.5996106142446207
2013-06-20 09:00:00,28.6,67,0.0,6.5,146,-3.6347538725598536,5.388744221607771
2013-06-20 10:00:00,29.6,64,0.0,6.2,187,0.7555899291119145,6.153786140176196
2013-06-20 11:00:00,30.1,65,0.0,7.7,229,5.811263767715345,5.051654523226906
2013-06-20 12:00:00,30.3,66,0.0,9.2,244,8.268905225952336,4.033014550459511
2013-06-20 13:00:00,30.5,67,0.0,8.7,246,7.947845481490627,3.5386087947594613
2013-06-20 14:00:00,30.3,69,0.0,6.6,248,6.1194134401407965,2.472403516545019
2013-06-20 15:00:00,29.7,73,0.0,5.2,236,4.310995377286217,2.907803098047884
2013-06-20 16:00:00,29.4,74,0.0,4.9,234,3.9641832724372428,2.8801477362331185
2013-06-20 17:00:00,29.1,76,0.0,5.2,205,2.197614961051637,4.7128004925905795
2013-06-20 18:00:00,28.5,81,0.0,5.9,218,3.6324027044213842,4.64926344627966
2013-06-20 19:00:00,27.4,86,0.0,7.7,191,1.4692292643993958,7.558529312547013
2013-06-20 20:00:00,26.6,88,0.0,8.2,209,3.975438886019964,7.171881598543044
2013-06-20 21:00:00,26.2,89,0.0,9.1,214,5.088655421583796,7.5442419102508795
2013-06-20 22:00:00,25.5,92,0.0,9.7,182,0.33852511801426044,9.694091022085228
2013-06-20 23:00:00,25.1,93,0.0,8.4,160,-2.872969203935617,7.8934180146016315
2013-06-21 00:00:00,24.8,93,0.0,6.4,133,-4.6806636903626915,4.364789504399991
2013-06-21 01:00:00,25.0,91,0.0,5.5,122,-4.664264528860342,2.914555953282627
2013-06-21 02:00:00,25.1,89,0.0,4.3,114,-3.9282454678631833,1.7489675652259418
2013-06-21 03:00:00,26.0,84,0.0,3.2,90,-3.2,3.9188697572715305e-16
2013-06-21 04:00:00,25.7,85,0.0,3.1,54,-2.5079526825623377,-1.8221342821066664
2013-06-21 05:00:00,25.1,88,0.0,4.1,45,-2.8991378028648453,-2.8991378028648445
2013-06-21 06:00:00,25.0,90,0.0,4.9,54,-3.964183272437243,-2.880147736233118
2013-06-21 07:00:00,27.2,86,0.0,4.0,63,-3.5640260967534716,-1.8159619989581868
2013-06-21 08:00:00,28.7,78,0.0,1.8,11,-0.3434561916777803,-1.7669289302057951
2013-06-21 09:00:00,29.3,77,0.0,4.6,321,2.894873798829252,-3.5748714227020657
2013-06-21 10:00:00,29.8,75,0.0,6.6,347,1.4846769586695083,-6.430842427582553
2013-06-21 11:00:00,29.3,77,0.2,7.9,344,2.1775351109542935,-7.59396739791272
2013-06-21 12:00:00,29.1,78,0.5,6.8,335,2.873804179836756,-6.162892951849219
2013-06-21 13:00:00,27.9,84,1.9,5.8,7,-0.7068421917498535,-5.756767679519668
2013-06-21 14:00:00,28.3,84,0.4,6.8,32,-3.603450996785794,-5.766727053863696
2013-06-21 15:00:00,27.9,90,0.4,5.2,25,-2.197614961051636,-4.71280049259058
2013-06-21 16:00:00,28.3,87,0.0,4.1,345,1.061158084920335,-3.96029588778518
2013-06-21 17:00:00,28.6,84,0.0,5.2,295,4.7128004925905795,-2.197614961051637
2013-06-21 18:00:00,28.2,86,0.0,3.3,276,3.2819222547153015,-0.3449439287832564
2013-06-21 19:00:00,27.7,87,0.4,0.0,270,0.0,0.0
2013-06-21 20:00:00,27.6,86,0.7000000000000001,3.5,114,-3.197409101749103,1.4235782507653014
2013-06-21 21:00:00,27.4,87,0.3,3.4,72,-3.2335921554035223,-1.0506577808748208
2013-06-21 22:00:00,26.8,90,0.0,4.6,39,-2.894873798829254,-3.5748714227020644
2013-06-21 23:00:00,26.1,93,0.0,5.2,25,-2.197614961051636,-4.71280049259058
2013-06-22 00:00:00,26.0,93,0.0,3.6,360,2.2043642384652358e-16,-3.6
2013-06-22 01:00:00,25.1,96,0.0,2.7,247,2.485363104321589,1.0549740469210394
2013-06-22 02:00:00,24.5,97,0.3,6.9,208,3.239353783222647,6.092338390726596
2013-06-22 03:00:00,24.9,93,0.2,3.6,143,-2.1665340833473743,2.8750878361702537
2013-06-22 04:00:00,25.2,90,0.5,1.4,90,-1.4,1.7145055188062944e-16
2013-06-22 05:00:00,25.7,87,0.1,1.1,162,-0.3399186938124421,1.046162167924669
2013-06-22 06:00:00,24.6,93,0.1,3.4,238,2.883363526931848,1.8017254983928965
2013-06-22 07:00:00,26.3,91,0.0,2.1,211,1.0815799573111138,1.800051331474436
2013-06-22 08:00:00,27.3,88,0.0,1.5,346,0.3628828433995015,-1.4554435894139948
2013-06-22 09:00:00,28.2,86,0.0,4.3,355,0.37476969381492997,-4.283637201794505
2013-06-22 10:00:00,29.2,80,0.0,4.7,351,0.7352419856890854,-4.6421352007971475
2013-06-22 11:00:00,30.0,77,0.0,5.5,337,2.1490212066910055,-5.062776693988422
2013-06-22 12:00:00,30.0,77,0.0,6.6,331,3.199743493625825,-5.772490067120011
2013-06-22 13:00:00,29.6,78,0.2,7.1,319,4.658019105832602,-5.358438019581681
2013-06-22 14:00:00,29.5,79,0.2,6.0,343,1.7542302283364206,-5.737828535778212
2013-06-22 15:00:00,29.1,79,0.0,5.5,11,-1.0494494745709955,-5.3989495089621515
2013-06-22 16:00:00,28.8,81,0.0,4.3,24,-1.7489675652259404,-3.928245467863184
2013-06-22 17:00:00,28.5,83,0.2,3.0,284,2.9108871788279895,-0.7257656867990032
2013-06-22 18:00:00,28.4,83,0.0,1.6,153,-0.7263847995832747,1.4256104387013888
2013-06-22 19:00:00,27.2,90,0.4,5.1,176,-0.35575801609503915,5.087576656325103
2013-06-22 20:00:00,26.3,91,0.9,7.1,229,5.358438019581681,4.658019105832602
2013-06-22 21:00:00,25.5,94,0.8,6.5,236,5.38874422160777,3.634753872559855
2013-06-22 22:00:00,25.0,96,0.6,4.0,207,1.8159619989581872,3.564026096753471
2013-06-22 23:00:00,24.8,95,0.6,2.9,120,-2.511473670974872,1.4499999999999997
2013-06-23 00:00:00,24.4,95,0.1,4.5,104,-4.366330768241984,1.0886485301985047
2013-06-23 01:00:00,24.9,91,0.0,4.9,107,-4.685893304218874,1.4326213531414094
2013-06-23 02:00:00,23.6,96,0.0,5.2,164,-1.433314250248395,4.998560818879258
2013-06-23 03:00:00,23.5,94,0.0,4.0,153,-1.8159619989581868,3.5640260967534716
2013-06-23 04:00:00,23.3,95,0.0,3.9,146,-2.180852323535912,3.233246532964663
2013-06-23 05:00:00,23.2,95,0.0,5.8,120,-5.022947341949744,2.8999999999999995
2013-06-23 06:00:00,23.2,96,0.0,4.3,132,-3.195522749552794,2.8772616073430908
2013-06-23 07:00:00,25.6,90,0.0,4.9,144,-2.880147736233118,3.9641832724372428
2013-06-23 08:00:00,27.4,81,0.0,4.4,171,-0.6883116461770157,4.3458286986186065
2013-06-23 09:00:00,28.7,77,0.0,3.0,194,0.725765686799003,2.9108871788279895
2013-06-23 10:00:00,29.7,74,0.0,8.9,230,6.817795543758905,5.7208097262102
2013-06-23 11:00:00,30.1,73,0.0,12.8,212,6.782966582185023,10.855015630802253
2013-06-23 12:00:00,30.4,72,0.1,18.8,212,9.962482167584252,15.943304207740809
2013-06-23 13:00:00,29.1,78,1.9,23.7,213,12.907945129856142,19.87649246030655
2013-06-23 14:00:00,28.7,79,1.1,25.7,214,14.371257619198191,21.30626561466457
2013-06-23 15:00:00,27.8,82,1.8,23.5,205,9.931529150906437,21.298232995361275
2013-06-23 16:00:00,27.8,81,0.0,23.1,203,9.025889068102224,21.263662114751373
2013-06-23 17:00:00,27.5,83,0.0,18.9,204,7.687322554132623,17.266009149445154
2013-06-23 18:00:00,27.1,84,0.0,14.2,201,5.088824883543265,13.256842056260265
2013-06-23 19:00:00,26.4,87,0.2,14.9,195,3.856403772027559,14.392294811707119
2013-06-23 20:00:00,25.7,89,0.5,15.2,211,7.828578738632823,13.028942970672107
2013-06-23 21:00:00,25.0,91,0.6,17.7,200,6.053756536864338,16.632559387910575
2013-06-23 22:00:00,24.7,92,0.2,16.0,189,2.502951440643695,15.803013449522204
2013-06-23 23:00:00,24.1,94,0.0,14.6,190,2.535263393937184,14.378193193978237
2013-06-24 00:00:00,23.5,94,0.0,13.7,178,-0.47812310482426307,13.691654330161612
2013-06-24 01:00:00,23.0,95,0.0,13.4,172,-1.8649195528648759,13.269592121137043
2013-06-24 02:00:00,22.7,94,0.0,13.3,177,-0.6960682180311532,13.281772812235833
2013-06-24 03:00:00,23.0,90,0.0,13.0,178,-0.4536934571325124,12.992080751248245
2013-06-24 04:00:00,22.9,90,0.0,13.3,178,-0.46416330614326273,13.291897999353974
2013-06-24 05:00:00,22.7,90,0.0,13.8,174,-1.442492793093619,13.724402156082173
2013-06-24 06:00:00,23.1,89,0.0,11.2,176,-0.7812725059342036,11.17271736291003
2013-06-24 07:00:00,25.6,82,0.0,12.6,178,-0.439733658451512,12.592324420440606
2013-06-24 08:00:00,27.1,76,0.0,12.6,180,7.715274834628325e-16,12.6
2013-06-24 09:00:00,27.6,75,0.0,13.4,185,1.167886952818619,13.34900895442939
2013-06-24 10:00:00,28.3,73,0.1,15.3,189,2.3934473151155333,15.111631611105608
2013-06-24 11:00:00,28.9,70,0.0,17.1,187,2.083965772228022,16.972539193066606
2013-06-24 12:00:00,29.2,67,0.0,18.1,185,1.5775189437326125,18.031124035460596
2013-06-24 13:00:00,29.2,67,0.1,18.2,188,2.5329504374731915,18.02287885109658
2013-06-24 14:00:00,28.4,71,1.0,17.0,186,1.7769838755501088,16.906872221260645
2013-06-24 15:00:00,27.5,73,0.3,16.3,185,1.4206386067868277,16.237973578895453
2013-06-24 16:00:00,27.4,73,0.0,17.2,196,4.740962520052386,16.533701170139086
2013-06-24 17:00:00,27.1,75,0.0,18.1,197,5.291927855481536,17.30911608293094
2013-06-24 18:00:00,26.6,76,0.0,18.2,189,2.8471072637322026,17.975927798831506
2013-06-24 19:00:00,26.1,76,0.4,15.8,181,0.27574802170908086,15.797593583470983
2013-06-24 20:00:00,25.5,79,0.2,13.4,172,-1.8649195528648759,13.269592121137043
2013-06-24 21:00:00,25.2,79,0.0,12.9,167,-2.901868601035859,12.569373835729534
2013-06-24 22:00:00,25.0,80,0.0,12.8,169,-2.4423551408197737,12.5648279481301
2013-06-24 23:00:00,24.9,79,0.0,13.9,163,-4.06396669564604,13.292636107886194
2013-06-25 00:00:00,24.8,78,0.0,13.7,157,-5.35301646030305,12.610916492298431
2013-06-25 01:00:00,24.9,76,0.0,13.0,152,-6.103130316216582,11.47831870716605
2013-06-25 02:00:00,25.0,74,0.0,13.5,151,-6.544929873325549,11.807366046381844
2013-06-25 03:00:00,24.8,70,0.0,13.0,152,-6.103130316216582,11.47831870716605
2013-06-25 04:00:00,24.6,72,0.0,11.3,153,-5.130092647056878,10.068373723328557
2013-06-25 05:00:00,24.1,77,0.0,10.7,168,-2.2246550917500247,10.46617932785172
2013-06-25 06:00:00,24.1,81,0.0,10.9,171,-1.705135668938516,10.765802912487002
2013-06-25 07:00:00,26.1,76,0.0,11.9,166,-2.8788705576360467,11.546519142684359
2013-06-25 08:00:00,27.6,71,0.0,13.9,163,-4.06396669564604,13.292636107886194
2013-06-25 09:00:00,28.6,69,0.1,14.1,176,-0.9835662797921672,14.06565310866352
2013-06-25 10:00:00,29.1,70,0.6,14.5,187,1.7671054793746386,14.391919198799169
2013-06-25 11:00:00,29.4,70,1.2,17.9,195,4.632860907335121,17.290072290574322
2013-06-25 12:00:00,29.3,72,0.6,17.7,204,7.199238582441663,16.169754600274036
2013-06-25 13:00:00,29.1,76,1.3,21.1,200,7.216625024171613,19.827514298582667
2013-06-25 14:00:00,29.7,71,0.6,20.9,195,5.409318042642683,20.187849769441527
2013-06-25 15:00:00,29.5,70,1.0,18.8,192,3.908739787373878,18.389174893795545
2013-06-25 16:00:00,29.1,72,0.5,18.6,195,4.814034238906886,17.96622036897667
2013-06-25 17:00:00,28.2,78,0.7000000000000001,17.2,191,3.2819147204765726,16.883987555299818
2013-06-25 18:00:00,27.6,81,0.0,13.6,192,2.8275989951215283,13.302807369979755
2013-06-25 19:00:00,27.0,82,0.0,12.2,180,7.470345474798854e-16,12.2
2013-06-25 20:00:00,26.4,82,0.0,12.1,168,-2.515731458894888,11.835585968879048
2013-06-25 21:00:00,25.8,82,0.0,11.4,169,-2.175222547292611,11.19054989130337
2013-06-25 22:00:00,25.2,82,0.0,12.3,165,-3.1834742547610064,11.88088766335554
2013-06-25 23:00:00,24.8,81,0.0,12.2,166,-2.951447126315947,11.837607860567156
2013-06-26 00:00:00,24.5,81,0.0,12.2,166,-2.951447126315947,11.837607860567156
2013-06-26 01:00:00,24.3,80,0.0,11.7,171,-1.8302832409707004,11.555953584963111
2013-06-26 02:00:00,24.3,78,0.0,12.7,173,-1.5477406612453715,12.60533612584479
2013-06-26 03:00:00,24.7,73,0.0,12.7,173,-1.5477406612453715,12.60533612584479
2013-06-26 04:00:00,24.3,74,0.0,12.0,173,-1.4624321208617683,11.910553819695865
2013-06-26 05:00:00,23.9,76,0.0,11.7,169,-2.232465245905574,11.485038046337667
2013-06-26 06:00:00,23.8,80,0.0,11.4,167,-2.5644420195200612,11.107818738551682
2013-06-26 07:00:00,26.3,76,0.0,12.2,166,-2.951447126315947,11.837607860567156
2013-06-26 08:00:00,28.6,68,0.0,12.7,173,-1.5477406612453715,12.60533612584479
2013-06-26 09:00:00,29.8,66,0.0,13.8,189,2.158795617555187,13.630099100212902
2013-06-26 10:00:00,30.5,66,0.0,16.7,199,5.436988179434517,15.790160212508589
2013-06-26 11:00:00,30.9,65,0.2,19.5,203,7.619257005540837,17.94984464232259
2013-06-26 12:00:00,30.9,64,0.1,19.2,208,9.013854005489105,16.952593782891395
2013-06-26 13:00:00,30.0,68,0.2,19.5,208,9.154695474324871,17.217478060749073
2013-06-26 14:00:00,30.2,68,0.0,17.4,202,6.518154725436868,16.132999069462098
2013-06-26 15:00:00,30.6,66,0.1,15.2,211,7.828578738632823,13.028942970672107
2013-06-26 16:00:00,29.7,71,0.0,16.2,193,3.6442070803706117,15.78479504952081
2013-06-26 17:00:00,29.0,75,0.0,14.4,179,-0.2513146526968821,14.397806810252035
2013-06-26 18:00:00,28.6,76,0.0,12.0,171,-1.8772135804827697,11.852260087141653
2013-06-26 19:00:00,27.5,79,0.0,11.7,169,-2.232465245905574,11.485038046337667
2013-06-26 20:00:00,26.5,82,0.0,11.2,174,-1.1707187885977197,11.13864522812466
2013-06-26 21:00:00,25.8,84,0.0,11.5,178,-0.401344212078761,11.492994510719601
2013-06-26 22:00:00,25.2,85,0.0,12.2,178,-0.42577385977051163,12.192568089632967
2013-06-26 23:00:00,24.8,85,0.0,12.3,175,-1.0720156357961963,12.253194786528471
2013-06-27 00:00:00,24.3,84,0.0,12.5,168,-2.5988961352219917,12.226845009172571
2013-06-27 01:00:00,23.9,84,0.0,12.3,165,-3.1834742547610064,11.88088766335554
2013-06-27 02:00:00,23.5,83,0.2,11.8,160,-4.035837691242891,11.08837292527372
2013-06-27 03:00:00,23.1,80,0.0,11.5,160,-3.93323164824519,10.806465139037947
2013-06-27 04:00:00,22.7,82,0.0,10.4,166,-2.515987714236545,10.091075553270363
2013-06-27 05:00:00,22.2,84,0.0,10.5,172,-1.4613175600806863,10.397814721786489
2013-06-27 06:00:00,22.4,86,0.0,10.1,180,6.184466335694133e-16,10.1
2013-06-27 07:00:00,25.8,78,0.2,12.6,183,0.659433048661094,12.58273213790763
2013-06-27 08:00:00,28.2,68,0.0,13.0,185,1.1330246557195558,12.950531075192693
2013-06-27 09:00:00,29.3,66,0.0,15.5,185,1.3509140125887011,15.441017820422056
2013-06-27 10:00:00,30.2,65,0.0,16.8,189,2.6280990126758796,16.593164121998313
2013-06-27 11:00:00,31.1,63,0.0,17.7,197,5.17497917359244,16.926594180545727
2013-06-27 12:00:00,31.6,61,0.0,18.8,206,8.241377559634657,16.89732807042434
2013-06-27 13:00:00,31.5,61,0.0,19.7,211,10.146250075728066,16.886195823831613
2013-06-27 14:00:00,31.4,63,0.0,19.8,213,10.783852893297537,16.605677245319395
2013-06-27 15:00:00,30.8,67,0.0,19.2,214,10.736503746638338,15.9175213930568
2013-06-27 16:00:00,30.4,69,0.0,18.6,212,9.856498314737612,15.773694588509525
2013-06-27 17:00:00,29.8,73,0.0,16.4,206,7.18928680734087,14.740222359306339
2013-06-27 18:00:00,28.7,77,0.0,13.8,200,4.71987797789423,12.967758166845535
2013-06-27 19:00:00,27.6,81,0.0,13.0,178,-0.4536934571325124,12.992080751248245
2013-06-27 20:00:00,26.6,84,0.0,12.1,163,-3.5376976271451133,11.57128754715273
2013-06-27 21:00:00,25.7,86,0.0,10.9,163,-3.1868515814778298,10.423721839997087
2013-06-27 22:00:00,24.7,88,0.0,10.6,170,-1.8406706832694613,10.438962181929405
2013-06-27 23:00:00,23.5,91,0.0,10.5,172,-1.4613175600806863,10.397814721786489
2013-06-28 00:00:00,22.9,90,0.0,10.1,176,-0.7045403848156658,10.075396907624224
2013-06-28 01:00:00,22.5,89,0.0,10.5,174,-1.0975488643103624,10.44247990136687
2013-06-28 02:00:00,22.3,87,0.0,11.4,169,-2.175222547292611,11.19054989130337
2013-06-28 03:00:00,22.2,82,0.0,11.5,176,-0.8021994480574413,11.471986577987979
2013-06-28 04:00:00,21.6,83,0.0,10.8,180,6.613092715395707e-16,10.8
2013-06-28 05:00:00,21.1,83,0.0,10.1,176,-0.7045403848156658,10.075396907624224
2013-06-28 06:00:00,21.3,84,0.0,8.3,175,-0.7233926648055634,8.268415994161488
2013-06-28 07:00:00,25.0,79,0.0,11.5,180,7.041719095097281e-16,11.5
2013-06-28 08:00:00,28.1,62,0.0,11.4,193,2.5644420195200603,11.107818738551682
2013-06-28 09:00:00,29.6,56,0.0,12.3,201,4.407925779407195,11.483039245915583
2013-06-28 10:00:00,30.5,57,0.0,12.7,209,6.157082177128481,11.107670280670325
2013-06-28 11:00:00,31.0,60,0.0,13.8,219,8.684621396487758,10.7246142681062
2013-06-28 12:00:00,31.2,65,0.0,16.1,222,10.773002762377619,11.964631690186048
2013-06-28 13:00:00,31.1,69,0.0,17.6,221,11.546638910232929,13.28288861192079
2013-06-28 14:00:00,30.9,69,0.0,18.4,222,12.31200315700299,13.673864788784053
2013-06-28 15:00:00,30.6,72,0.0,18.4,222,12.31200315700299,13.673864788784053
2013-06-28 16:00:00,30.3,73,0.0,18.2,219,11.453631117107042,14.14405649851687
2013-06-28 17:00:00,29.8,76,0.0,15.7,217,9.448495863487159,12.538577507742497
2013-06-28 18:00:00,28.9,80,0.0,12.5,213,6.807987937687838,10.4833820993178
2013-06-28 19:00:00,27.8,85,0.0,10.2,190,1.77121141220269,10.045039080724521
2013-06-28 20:00:00,26.8,90,0.0,9.0,175,-0.7844016847289241,8.96575228282571
2013-06-28 21:00:00,25.9,94,0.0,8.8,161,-2.864999759222979,8.320563465273988
2013-06-28 22:00:00,25.0,95,0.0,9.2,159,-3.296985135816762,8.588939923774255
2013-06-28 23:00:00,24.6,96,0.0,9.9,161,-3.2231247291258507,9.360633898433237
2013-06-29 00:00:00,23.9,97,0.0,9.6,167,-2.159530121701104,9.353952621938259
2013-06-29 01:00:00,23.5,97,0.0,10.1,163,-2.95295421769964,9.658678035226659
2013-06-29 02:00:00,23.1,96,0.0,10.9,163,-3.1868515814778298,10.423721839997087
2013-06-29 03:00:00,22.6,92,0.0,10.3,168,-2.1414904154229215,10.0749202875582
2013-06-29 04:00:00,22.2,91,0.0,11.1,167,-2.4969567032169016,10.81550771911611
2013-06-29 05:00:00,22.3,88,0.0,8.1,167,-1.8221035401853067,7.892397524760405
2013-06-29 06:00:00,22.5,86,0.0,5.6,165,-1.4493866525741166,5.4091846272187825
2013-06-29 07:00:00,25.7,84,0.0,7.7,169,-1.469229264399395,7.558529312547013
2013-06-29 08:00:00,27.6,74,0.0,8.6,195,2.2258437878816784,8.306962106085987
2013-06-29 09:00:00,28.6,74,0.0,10.9,214,6.09520264783114,9.036509540849956
2013-06-29 10:00:00,29.4,72,0.0,11.5,224,7.988571260278468,8.272407703894487
2013-06-29 11:00:00,30.0,71,0.0,11.2,230,8.579697762932554,7.199221228489239
2013-06-29 12:00:00,30.4,70,0.0,11.6,244,10.426010937070338,5.0851053027532975
2013-06-29 13:00:00,30.4,70,0.0,11.8,250,11.08837292527372,4.035837691242891
2013-06-29 14:00:00,30.5,70,0.0,10.8,240,9.353074360871938,5.3999999999999995
2013-06-29 15:00:00,30.4,70,0.0,9.4,230,7.200817765318393,6.042203531053469
2013-06-29 16:00:00,30.2,71,0.0,8.3,236,6.881011852206846,4.6413010988072
2013-06-29 17:00:00,29.6,73,0.0,6.6,225,4.666904755831213,4.666904755831213
2013-06-29 18:00:00,29.1,75,0.0,4.6,198,1.4214781741247582,4.3748599749577055
2013-06-29 19:00:00,28.2,81,0.0,6.6,171,-1.0324674692655234,6.518743047927909
2013-06-29 20:00:00,26.9,88,0.0,7.0,168,-1.4553818357243153,6.84703320513664
2013-06-29 21:00:00,26.0,90,0.0,6.4,207,2.9055391983331,5.702441754805554
2013-06-29 22:00:00,25.4,92,0.0,8.1,212,4.29234604028896,6.86918957886705
2013-06-29 23:00:00,25.2,92,0.0,8.7,218,5.356254835333226,6.855693556378481
2013-06-30 00:00:00,25.7,91,0.0,8.1,225,5.727564927611035,5.727564927611034
2013-06-30 01:00:00,26.3,90,0.0,7.1,210,3.5500000000000007,6.148780366869514
2013-06-30 02:00:00,26.0,91,0.0,6.1,183,0.3192493330819582,6.0916401620029
2013-06-30 03:00:00,25.3,89,0.0,6.5,177,-0.34018371557913496,6.49109197590473
2013-06-30 04:00:00,24.2,94,0.0,8.0,188,1.1133848076805237,7.922144549932563
2013-06-30 05:00:00,24.1,95,0.0,7.6,199,2.474317973874391,7.185941174554807
2013-06-30 06:00:00,24.4,96,0.0,2.6,214,1.4539015490239418,2.1554976886431088
2013-06-30 07:00:00,26.2,92,0.0,2.2,189,0.34415582308850806,2.1729143493093033
2013-06-30 08:00:00,27.7,86,0.1,3.1,234,2.5079526825623373,1.8221342821066668
2013-06-30 09:00:00,28.8,81,0.0,3.6,270,3.6,0.0
2013-06-30 10:00:00,29.5,78,0.0,5.6,285,5.4091846272187825,-1.4493866525741161
2013-06-30 11:00:00,29.8,76,0.0,8.8,289,8.320563465273988,-2.8649997592229792
2013-06-30 12:00:00,30.0,75,0.1,11.8,301,10.114574148284927,-6.077449283938639
2013-06-30 13:00:00,29.9,74,0.2,12.5,311,9.43386975278465,-8.200737862381342
2013-06-30 14:00:00,29.5,76,0.1,11.5,316,7.988571260278468,-8.272407703894487
2013-06-30 15:00:00,29.4,77,0.2,8.2,337,3.203995253612044,-7.54813979831001
2013-06-30 16:00:00,29.4,77,0.1,4.7,4,-0.32785542659739025,-4.688551036221174
2013-06-30 17:00:00,29.0,78,0.0,7.2,354,0.752604935527105,-7.160557646651568
2013-06-30 18:00:00,28.5,80,0.0,9.4,353,1.1455718280083864,-9.329933825428427
2013-06-30 19:00:00,27.6,84,0.0,6.9,9,-1.0793978087775942,-6.81504955010645
2013-06-30 20:00:00,26.8,89,0.0,6.1,360,3.735172737399427e-16,-6.1
2013-06-30 21:00:00,25.9,93,0.0,6.3,347,1.4171916423663489,-6.1385314081469815
2013-06-30 22:00:00,25.9,91,0.0,2.7,337,1.0549740469210391,-2.485363104321589
2013-06-30 23:00:00,25.9,90,0.0,2.6,214,1.4539015490239418,2.1554976886431088
2013-07-01 00:00:00,25.7,90,0.0,2.3,219,1.447436899414626,1.7874357113510329
2013-07-01 01:00:00,26.0,88,0.0,1.5,225,1.0606601717798214,1.0606601717798212
2013-07-01 02:00:00,26.0,87,0.0,1.3,146,-0.7269507745119708,1.0777488443215544
2013-07-01 03:00:00,26.5,85,0.0,1.8,101,-1.7669289302057951,0.34345619167778096
2013-07-01 04:00:00,26.2,86,0.0,1.6,117,-1.4256104387013886,0.7263847995832751
2013-07-01 05:00:00,25.3,89,0.0,2.4,153,-1.089577199374912,2.138415658052083
2013-07-01 06:00:00,24.7,91,0.0,3.1,144,-1.8221342821066664,2.5079526825623373
2013-07-01 07:00:00,26.9,86,0.0,5.5,148,-2.914555953282626,4.664264528860343
2013-07-01 08:00:00,28.4,74,0.0,2.9,150,-1.4499999999999993,2.511473670974872
2013-07-01 09:00:00,29.6,65,0.0,0.5,225,0.3535533905932738,0.35355339059327373
2013-07-01 10:00:00,30.4,62,0.0,2.8,320,1.7998053071223101,-2.1449244407331385
2013-07-01 11:00:00,30.9,62,0.0,6.9,313,5.046340541172277,-4.70578868443124
2013-07-01 12:00:00,31.2,62,0.0,11.0,319,7.2166493188955805,-8.301805382450492
2013-07-01 13:00:00,31.2,63,0.0,7.6,335,3.211898789229316,-6.887939181478539
2013-07-01 14:00:00,30.6,65,0.0,8.8,351,1.3766232923540322,-8.691657397237213
2013-07-01 15:00:00,30.5,66,0.0,6.1,357,0.3192493330819582,-6.0916401620029
2013-07-01 16:00:00,30.1,69,0.0,8.8,9,-1.3766232923540331,-8.691657397237211
2013-07-01 17:00:00,29.8,72,0.0,8.2,23,-3.203995253612045,-7.548139798310009
2013-07-01 18:00:00,29.2,78,0.0,0.7000000000000001,360,4.2862637970157366e-17,-0.7000000000000001
2013-07-01 19:00:00,28.5,80,0.0,1.1,108,-1.0461621679246689,0.3399186938124423
2013-07-01 20:00:00,28.2,78,0.0,2.2,99,-2.172914349309303,0.3441558230885082
2013-07-01 21:00:00,27.8,80,0.0,1.5,346,0.3628828433995015,-1.4554435894139948
2013-07-01 22:00:00,27.1,83,0.0,0.8,297,0.7128052193506944,-0.3631923997916374
2013-07-01 23:00:00,25.4,90,0.0,6.4,164,-1.764079077228794,6.1520748540052415
2013-07-02 00:00:00,25.0,91,0.2,8.5,144,-4.996174644486021,6.876644452187053
2013-07-02 01:00:00,24.6,90,0.0,7.7,131,-5.811263767715345,5.051654523226906
2013-07-02 02:00:00,24.4,91,0.0,6.4,128,-5.043268823083021,3.9402334420842138
2013-07-02 03:00:00,24.6,87,0.0,3.8,139,-2.493024310163927,2.867896404846534
2013-07-02 04:00:00,26.0,78,0.0,3.0,166,-0.7257656867990033,2.9108871788279895
2013-07-02 05:00:00,26.1,77,0.0,2.2,171,-0.34415582308850784,2.1729143493093033
2013-07-02 06:00:00,26.5,75,0.0,0.5,135,-0.35355339059327373,0.3535533905932738
2013-07-02 07:00:00,26.9,83,0.0,2.3,129,-1.7874357113510329,1.4474368994146258
2013-07-02 08:00:00,28.4,72,0.0,3.0,194,0.725765686799003,2.9108871788279895
2013-07-02 09:00:00,29.1,73,0.0,3.1,249,2.8940993221413254,1.1109406435904308
2013-07-02 10:00:00,29.6,73,0.0,6.5,264,6.4643923198937765,0.6794350112397476
2013-07-02 11:00:00,30.4,71,0.0,8.7,275,8.666893873398186,-0.7582549619046259
2013-07-02 12:00:00,30.4,72,0.0,9.7,268,9.694091022085228,0.3385251180142594
2013-07-02 13:00:00,29.9,75,0.2,9.1,261,8.987963899415753,1.4235536318661008
2013-07-02 14:00:00,29.6,77,0.2,5.7,215,3.269385687200963,4.669166652447253
2013-07-02 15:00:00,28.6,79,3.3,5.4,217,3.2498011250210617,4.312631754255381
2013-07-02 16:00:00,26.5,84,2.4,5.4,184,0.3766849582182763,5.386845871403051
2013-07-02 17:00:00,25.6,90,0.4,9.4,137,-6.410784584587485,6.874724795220204
2013-07-02 18:00:00,25.7,86,0.0,7.7,139,-5.0516545232269054,5.811263767715346
2013-07-02 19:00:00,25.6,90,0.0,8.1,103,-7.892397524760404,1.822103540185308
2013-07-02 20:00:00,25.1,90,0.0,8.3,124,-6.881011852206846,4.6413010988072
2013-07-02 21:00:00,24.8,90,0.0,6.8,115,-6.162892951849219,2.8738041798367564
2013-07-02 22:00:00,24.8,89,0.0,7.3,123,-6.122295146001594,3.9758649556096994
2013-07-02 23:00:00,24.9,87,0.0,5.8,120,-5.022947341949744,2.8999999999999995
2013-07-03 00:00:00,24.6,87,0.0,3.9,146,-2.180852323535912,3.233246532964663
2013-07-03 01:00:00,24.4,86,0.0,4.8,153,-2.179154398749824,4.276831316104166
2013-07-03 02:00:00,24.1,86,0.0,5.5,148,-2.914555953282626,4.664264528860343
2013-07-03 03:00:00,23.2,89,0.0,5.7,145,-3.269385687200963,4.669166652447252
2013-07-03 04:00:00,22.7,90,0.0,4.4,145,-2.5237363199446032,3.6042689948715636
2013-07-03 05:00:00,22.2,92,0.0,4.1,135,-2.8991378028648445,2.899137802864845
2013-07-03 06:00:00,22.1,95,0.0,4.8,117,-4.276831316104166,2.1791543987498248
2013-07-03 07:00:00,25.0,94,0.0,7.2,127,-5.750175672340509,4.333068166694747
2013-07-03 08:00:00,27.5,77,0.0,6.7,144,-3.9381611903595695,5.420413862312148
2013-07-03 09:00:00,28.9,73,0.0,6.5,183,0.3401837155791358,6.49109197590473
2013-07-03 10:00:00,29.7,71,0.0,8.2,218,5.048424097670398,6.46168817957512
2013-07-03 11:00:00,30.1,70,0.0,10.5,232,8.27411291287058,6.464445490919412
2013-07-03 12:00:00,30.4,69,0.0,11.4,235,9.338333304894507,6.538771374401925
2013-07-03 13:00:00,30.3,70,0.0,10.3,234,8.332875042061959,6.054188098612474
2013-07-03 14:00:00,29.8,71,0.0,9.2,219,5.789747597658504,7.149742845404131
2013-07-03 15:00:00,30.2,70,0.0,9.1,236,7.544241910250879,5.0886554215837965
2013-07-03 16:00:00,29.6,73,0.0,10.4,224,7.224447052773572,7.481133923521972
2013-07-03 17:00:00,29.6,72,0.1,7.6,211,3.9142893693164114,6.5144714853360535
2013-07-03 18:00:00,29.1,74,0.0,5.4,222,3.6133052743378347,4.012982057577929
2013-07-03 19:00:00,27.9,86,0.0,7.6,185,0.6623836448822018,7.571079705497266
2013-07-03 20:00:00,28.1,78,0.0,7.6,161,-2.4743179738743906,7.185941174554808
2013-07-03 21:00:00,26.0,89,0.0,8.7,163,-2.5436338310878086,8.31985137687841
2013-07-03 22:00:00,25.2,91,0.0,9.7,180,5.939536975864663e-16,9.7
2013-07-03 23:00:00,24.8,93,0.0,10.4,194,2.515987714236544,10.091075553270363
2013-07-04 00:00:00,24.5,94,0.0,10.1,184,0.7045403848156648,10.075396907624224
2013-07-04 01:00:00,24.2,94,0.0,10.1,174,-1.055737479003301,10.04467114321956
2013-07-04 02:00:00,24.0,95,0.0,9.1,171,-1.4235536318661004,8.987963899415753
2013-07-04 03:00:00,23.4,90,0.0,9.1,173,-1.109011024986841,9.03216997993603
2013-07-04 04:00:00,22.9,92,0.0,7.8,167,-1.7546182238821473,7.6000865053248345
2013-07-04 05:00:00,22.2,94,0.0,5.7,162,-1.7613968679371999,5.421022142882376
2013-07-04 06:00:00,22.3,96,0.0,4.1,165,-1.0611580849203355,3.96029588778518
2013-07-04 07:00:00,25.3,90,0.0,5.8,150,-2.8999999999999986,5.022947341949744
2013-07-04 08:00:00,27.1,81,0.0,5.2,168,-1.0811407922523486,5.08636752381579
2013-07-04 09:00:00,28.4,79,0.0,5.2,205,2.197614961051637,4.7128004925905795
2013-07-04 10:00:00,29.2,75,0.0,5.9,223,4.023790324368742,4.314986839553106
2013-07-04 11:00:00,29.9,72,0.0,7.7,229,5.811263767715345,5.051654523226906
2013-07-04 12:00:00,30.3,70,0.0,10.6,235,8.683011669463312,6.079910225321088
2013-07-04 13:00:00,30.7,69,0.0,11.9,235,9.747909327039002,6.825559592577449
2013-07-04 14:00:00,30.1,71,0.0,12.1,233,9.663489671572243,7.281961780139784
2013-07-04 15:00:00,30.2,71,0.0,11.8,218,7.2648054088427685,9.29852689255932
2013-07-04 16:00:00,30.1,71,0.0,11.5,221,7.544678833390834,8.679160172561879
2013-07-04 17:00:00,29.8,73,0.0,10.2,212,5.40517649517869,8.650090580795544
2013-07-04 18:00:00,29.4,75,0.0,7.7,229,5.811263767715345,5.051654523226906
2013-07-04 19:00:00,28.5,79,0.0,9.7,219,6.104407793183423,7.538315826132617
2013-07-04 20:00:00,27.3,86,0.0,9.7,207,4.403707847473604,8.642763284627167
2013-07-04 21:00:00,26.2,91,0.0,11.4,198,3.522793735874401,10.84204428576475
2013-07-04 22:00:00,25.5,93,0.0,11.7,191,2.2324652459055754,11.485038046337667
2013-07-04 23:00:00,25.0,94,0.0,12.3,183,0.6437322617882109,12.283143277481258
2013-07-05 00:00:00,24.5,96,0.0,10.1,178,-0.3524849166952596,10.093847352892867
2013-07-05 01:00:00,23.8,96,0.0,10.2,170,-1.771211412202689,10.045039080724521
2013-07-05 02:00:00,23.3,96,0.0,8.8,171,-1.3766232923540314,8.691657397237213
2013-07-05 03:00:00,23.1,96,0.0,7.6,175,-0.6623836448822026,7.571079705497266
2013-07-05 04:00:00,22.5,96,0.0,8.4,173,-1.0237024846032379,8.337387673787106
2013-07-05 05:00:00,22.1,97,0.0,9.5,169,-1.8126854560771757,9.325458242752807
2013-07-05 06:00:00,22.4,96,0.0,8.0,175,-0.6972459419812659,7.969557584733964
2013-07-05 07:00:00,26.1,86,0.0,12.7,173,-1.5477406612453715,12.60533612584479
2013-07-05 08:00:00,27.6,77,0.0,15.5,184,1.0812253430339411,15.462242779027275
2013-07-05 09:00:00,28.9,74,0.0,17.9,199,5.827669964783105,16.924782503227767
2013-07-05 10:00:00,29.8,72,0.0,19.8,207,8.989011894843028,17.641929178929683
2013-07-05 11:00:00,30.0,71,0.2,21.1,207,9.579199544504439,18.800237660374563
2013-07-05 12:00:00,29.8,73,0.3,20.4,212,10.81035299035738,17.300181161591087
2013-07-05 13:00:00,29.7,73,0.2,18.5,213,10.075822147778002,15.515405506990344
2013-07-05 14:00:00,29.3,74,0.2,16.7,205,7.05772497106968,15.135340043512054
2013-07-05 15:00:00,29.2,74,0.4,17.6,203,6.876867861411218,16.20088542076295
2013-07-05 16:00:00,28.3,76,0.6,16.7,194,4.04009565651445,16.20393862880914
2013-07-05 17:00:00,27.8,78,0.0,13.6,168,-2.827598995121527,13.302807369979757
2013-07-05 18:00:00,27.1,80,0.6,8.8,145,-5.0474726398892065,7.208537989743127
2013-07-05 19:00:00,26.5,82,0.0,9.7,141,-6.104407793183421,7.538315826132618
2013-07-05 20:00:00,25.7,87,0.0,8.9,140,-5.7208097262102005,6.817795543758905
2013-07-05 21:00:00,25.1,87,0.0,8.6,147,-4.683895701129233,7.212566884330646
2013-07-05 22:00:00,24.6,88,0.0,8.9,153,-4.040515447681965,7.929958065276475
2013-07-05 23:00:00,23.9,89,0.0,8.7,156,-3.538608794759462,7.947845481490627
2013-07-06 00:00:00,23.4,89,0.0,9.2,159,-3.296985135816762,8.588939923774255
2013-07-06 01:00:00,23.0,87,0.0,9.4,162,-2.9047597471245052,8.939931253174445
2013-07-06 02:00:00,22.5,87,0.0,9.7,158,-3.633683956134347,8.993683389297837
2013-07-06 03:00:00,22.2,87,0.0,9.9,161,-3.2231247291258507,9.360633898433237
2013-07-06 04:00:00,22.0,87,0.0,10.1,163,-2.95295421769964,9.658678035226659
2013-07-06 05:00:00,21.8,88,0.0,10.1,163,-2.95295421769964,9.658678035226659
2013-07-06 06:00:00,21.9,89,0.0,7.6,175,-0.6623836448822026,7.571079705497266
2013-07-06 07:00:00,24.3,88,0.0,8.7,173,-1.060263287624782,8.635151519279502
2013-07-06 08:00:00,27.5,69,0.0,9.7,182,0.33852511801426044,9.694091022085228
2013-07-06 09:00:00,28.7,67,0.0,10.6,198,3.275580140374443,10.081199072728626
2013-07-06 10:00:00,29.6,68,0.0,12.6,211,6.489479743866682,10.800307988846615
2013-07-06 11:00:00,30.0,69,0.0,14.7,216,8.640443208699354,11.892549817311727
2013-07-06 12:00:00,30.0,70,0.1,17.6,223,12.003171137099974,12.8718251484974
2013-07-06 13:00:00,29.5,72,0.1,18.4,215,10.553806428859248,15.072397614917447
2013-07-06 14:00:00,28.7,76,0.3,14.2,210,7.100000000000001,12.297560733739028
2013-07-06 15:00:00,28.1,79,0.2,18.4,206,8.066029100919025,16.537810451904672
2013-07-06 16:00:00,27.8,81,0.0,12.2,199,3.971931484377312,11.535326622311663
2013-07-06 17:00:00,27.3,82,0.2,12.6,185,1.0981623586204925,12.552053195955994
2013-07-06 18:00:00,26.8,84,0.2,4.9,163,-1.4326213531414098,4.685893304218874
2013-07-06 19:00:00,26.2,87,0.2,6.5,146,-3.6347538725598536,5.388744221607771
2013-07-06 20:00:00,26.3,84,0.0,7.4,133,-5.412017391981862,5.04678786446249
2013-07-06 21:00:00,25.4,88,0.0,7.1,139,-4.658019105832601,5.358438019581682
2013-07-06 22:00:00,24.5,91,0.0,8.2,151,-3.975438886019963,7.171881598543045
2013-07-06 23:00:00,23.9,93,0.0,9.6,160,-3.2833933759264196,9.02104915954472
2013-07-07 00:00:00,23.4,94,0.0,8.6,158,-3.2216167033768435,7.973781149274371
2013-07-07 01:00:00,23.2,95,0.0,9.0,157,-3.5165801564034638,8.284543681071963
2013-07-07 02:00:00,22.7,95,0.0,8.0,153,-3.6319239979163735,7.128052193506943
2013-07-07 03:00:00,22.5,92,0.0,6.0,163,-1.75423022833642,5.737828535778213
2013-07-07 04:00:00,21.9,94,0.0,6.1,177,-0.3192493330819574,6.0916401620029
2013-07-07 05:00:00,21.6,93,0.0,7.2,174,-0.7526049355271056,7.160557646651568
2013-07-07 06:00:00,21.8,93,0.0,6.8,162,-2.101315561749642,6.467184310807045
2013-07-07 07:00:00,24.7,88,0.0,9.7,149,-4.995869326627526,8.31452281681049
2013-07-07 08:00:00,27.0,76,0.0,10.3,144,-6.054188098612473,8.332875042061959
2013-07-07 09:00:00,28.5,71,0.0,10.0,167,-2.2495105434386504,9.743700647852352
2013-07-07 10:00:00,29.3,71,0.0,12.2,199,3.971931484377312,11.535326622311663
2013-07-07 11:00:00,29.8,70,0.0,13.8,200,4.71987797789423,12.967758166845535
2013-07-07 12:00:00,30.3,68,0.0,15.0,210,7.500000000000002,12.990381056766578
2013-07-07 13:00:00,29.6,70,0.5,16.1,207,7.309247045806704,14.345205039432722
2013-07-07 14:00:00,29.4,72,0.0,13.5,209,6.544929873325551,11.807366046381842
2013-07-07 15:00:00,29.2,73,0.1,12.6,211,6.489479743866682,10.800307988846615
2013-07-07 16:00:00,28.0,78,0.3,12.5,219,7.866504888122969,9.714324518212136
2013-07-07 17:00:00,27.4,80,0.3,9.1,187,1.1090110249868421,9.032169979936029
2013-07-07 18:00:00,26.9,82,0.0,8.4,170,-1.4586446924022145,8.272385125302547
2013-07-07 19:00:00,26.3,83,0.0,8.0,144,-4.702282018339784,6.47213595499958
2013-07-07 20:00:00,25.6,89,0.0,6.7,144,-3.9381611903595695,5.420413862312148
2013-07-07 21:00:00,25.2,88,0.0,5.9,218,3.6324027044213842,4.64926344627966
2013-07-07 22:00:00,25.0,88,0.0,7.6,183,0.3977532674463741,7.589584464134761
2013-07-07 23:00:00,24.0,92,0.0,8.3,185,0.7233926648055626,8.268415994161488
2013-07-08 00:00:00,23.3,93,0.0,9.4,187,1.1455718280083864,9.329933825428427
2013-07-08 01:00:00,22.9,94,0.0,9.0,182,0.31409547032250973,8.994517443171862
2013-07-08 02:00:00,22.6,93,0.0,7.6,177,-0.3977532674463732,7.589584464134761
2013-07-08 03:00:00,22.3,94,0.0,7.3,171,-1.1419715947936848,7.210124886344506
2013-07-08 04:00:00,22.1,94,0.0,6.9,174,-0.7212463965468096,6.862201078041086
2013-07-08 05:00:00,21.5,96,0.0,6.4,164,-1.764079077228794,6.1520748540052415
2013-07-08 06:00:00,21.8,95,0.0,4.1,128,-3.2308440897875594,2.5242120488351993
2013-07-08 07:00:00,24.4,90,0.0,6.0,123,-5.032023407672543,3.2678342100901636
2013-07-08 08:00:00,27.0,76,0.0,6.3,121,-5.400153994423307,3.2447398719333425
2013-07-08 09:00:00,28.1,74,0.0,6.1,130,-4.672871103025765,3.9210044190878905
2013-07-08 10:00:00,29.2,69,0.0,3.4,162,-1.050657780874821,3.2335921554035223
2013-07-08 11:00:00,30.1,66,0.0,4.7,247,4.32637281122647,1.8364363038995868
2013-07-08 12:00:00,30.3,66,0.0,8.2,255,7.92059177557036,2.12231616984067
2013-07-08 13:00:00,30.2,67,0.0,8.5,258,8.314254606237348,1.7672493719509543
2013-07-08 14:00:00,29.5,70,0.0,6.7,234,5.420413862312148,3.93816119035957
2013-07-08 15:00:00,28.9,72,0.2,4.4,235,3.604268994871564,2.523736319944603
2013-07-08 16:00:00,29.0,72,0.0,4.1,255,3.96029588778518,1.061158084920335
2013-07-08 17:00:00,28.7,73,0.0,7.2,217,4.333068166694749,5.750175672340508
2013-07-08 18:00:00,28.3,75,0.0,5.6,255,5.4091846272187825,1.4493866525741161
2013-07-08 19:00:00,27.6,79,0.0,5.3,152,-2.4881992827652217,4.679622242152313
2013-07-08 20:00:00,26.4,87,0.0,7.1,150,-3.549999999999998,6.148780366869515
2013-07-08 21:00:00,26.0,87,0.2,4.7,203,1.8364363038995866,4.32637281122647
2013-07-08 22:00:00,25.3,89,0.4,4.9,197,1.4326213531414103,4.685893304218874
2013-07-08 23:00:00,24.2,92,0.2,7.2,177,-0.3768188849491957,7.190132650232932
2013-07-09 00:00:00,24.0,91,0.0,6.6,151,-3.199743493625824,5.772490067120012
2013-07-09 01:00:00,23.7,91,0.0,7.1,131,-5.358438019581681,4.658019105832602
2013-07-09 02:00:00,23.4,92,0.0,5.9,128,-4.64926344627966,3.6324027044213847
2013-07-09 03:00:00,22.7,93,0.5,4.1,128,-3.2308440897875594,2.5242120488351993
2013-07-09 04:00:00,22.4,94,0.5,3.8,131,-2.8678964048465336,2.4930243101639276
2013-07-09 05:00:00,22.4,94,0.2,3.4,122,-2.883363526931848,1.8017254983928965
2013-07-09 06:00:00,22.5,94,0.0,2.4,117,-2.138415658052083,1.0895771993749124
2013-07-09 07:00:00,25.0,86,0.0,4.0,95,-3.984778792366982,0.3486229709906328
2013-07-09 08:00:00,27.0,73,0.0,4.2,70,-3.9467090073008158,-1.4364846019678084
2013-07-09 09:00:00,28.2,70,0.0,5.9,38,-3.632402704421383,-4.649263446279661
2013-07-09 10:00:00,29.1,67,0.0,5.8,7,-0.7068421917498535,-5.756767679519668
2013-07-09 11:00:00,29.2,67,0.0,7.9,336,3.2132194802988217,-7.217009115376547
2013-07-09 12:00:00,29.5,66,0.0,7.9,344,2.1775351109542935,-7.59396739791272
2013-07-09 13:00:00,29.4,68,0.0,5.4,323,3.2498011250210617,-4.312631754255381
2013-07-09 14:00:00,28.8,70,0.2,7.8,304,6.466493065929325,-4.361704647071826
2013-07-09 15:00:00,28.4,71,0.3,7.4,293,6.811735915548059,-2.891410350820626
2013-07-09 16:00:00,27.8,74,0.0,2.8,310,2.1449244407331385,-1.7998053071223097
2013-07-09 17:00:00,27.5,76,0.0,1.8,360,1.1021821192326179e-16,-1.8
2013-07-09 18:00:00,26.8,81,0.2,4.1,232,3.2308440897875594,2.524212048835199
2013-07-09 19:00:00,26.3,84,0.2,6.5,199,2.116193003971519,6.145870741395559
2013-07-09 20:00:00,26.7,78,0.0,7.2,207,3.268731598124737,6.415246974156248
2013-07-09 21:00:00,26.2,81,0.0,5.8,240,5.022947341949744,2.8999999999999995
2013-07-09 22:00:00,26.0,82,0.0,2.3,141,-1.4474368994146256,1.7874357113510333
2013-07-09 23:00:00,25.7,84,0.0,3.1,144,-1.8221342821066664,2.5079526825623373
2013-07-10 00:00:00,25.1,87,0.8,2.6,164,-0.7166571251241975,2.499280409439629
2013-07-10 01:00:00,24.0,92,0.3,2.5,180,1.5308084989341916e-16,2.5
2013-07-10 02:00:00,24.7,90,0.0,2.5,180,1.5308084989341916e-16,2.5
2013-07-10 03:00:00,23.2,90,0.0,3.7,169,-0.7059932828932158,3.632020578756357
2013-07-10 04:00:00,23.6,87,0.0,2.4,153,-1.089577199374912,2.138415658052083
2013-07-10 05:00:00,23.1,89,0.0,1.3,56,-1.0777488443215544,-0.7269507745119708
2013-07-10 06:00:00,23.4,89,0.0,1.5,45,-1.0606601717798214,-1.0606601717798212
2013-07-10 07:00:00,24.9,89,0.0,2.2,99,-2.172914349309303,0.3441558230885082
2013-07-10 08:00:00,26.5,82,0.0,3.1,36,-1.822134282106667,-2.507952682562337
2013-07-10 09:00:00,27.6,76,0.0,6.5,357,0.3401837155791358,-6.49109197590473
2013-07-10 10:00:00,28.8,69,0.0,10.0,345,2.5881904510252074,-9.659258262890683
2013-07-10 11:00:00,29.4,67,0.0,14.4,338,5.394334945189132,-13.351447505761739
2013-07-10 12:00:00,29.3,68,0.0,13.2,343,3.859306502340125,-12.623222778712067
2013-07-10 13:00:00,28.8,71,0.0,10.7,346,2.588564282916444,-10.382164271153162
2013-07-10 14:00:00,28.5,73,0.0,9.8,332,4.600821315301731,-8.652886410017484
2013-07-10 15:00:00,29.2,70,0.0,9.8,332,4.600821315301731,-8.652886410017484
2013-07-10 16:00:00,28.7,72,0.0,8.2,345,2.12231616984067,-7.92059177557036
2013-07-10 17:00:00,28.5,72,0.0,4.5,346,1.0886485301985045,-4.366330768241984
2013-07-10 18:00:00,28.1,74,0.0,6.8,335,2.873804179836756,-6.162892951849219
2013-07-10 19:00:00,27.0,82,0.0,7.2,342,2.224922359499622,-6.8476069173251055
2013-07-10 20:00:00,25.9,87,0.0,8.3,342,2.564841053312064,-7.893769085249775
2013-07-10 21:00:00,26.1,85,0.0,7.8,347,1.7546182238821464,-7.6000865053248345
2013-07-10 22:00:00,26.6,83,0.0,4.7,4,-0.32785542659739025,-4.688551036221174
2013-07-10 23:00:00,26.4,84,0.0,3.1,36,-1.822134282106667,-2.507952682562337
2013-07-11 00:00:00,26.0,86,0.0,2.6,74,-2.499280409439629,-0.7166571251241974
2013-07-11 01:00:00,25.8,87,0.0,1.8,90,-1.8,2.2043642384652358e-16
2013-07-11 02:00:00,25.4,87,0.0,1.1,90,-1.1,1.3471114790620887e-16
2013-07-11 03:00:00,25.2,83,0.0,0.4,90,-0.4,4.898587196589413e-17
2013-07-11 04:00:00,25.0,83,0.0,0.8,63,-0.7128052193506944,-0.36319239979163737
2013-07-11 05:00:00,24.6,83,0.0,2.1,59,-1.800051331474436,-1.0815799573111138
2013-07-11 06:00:00,24.9,81,0.0,1.1,18,-0.33991869381244233,-1.0461621679246689
2013-07-11 07:00:00,26.2,83,0.0,1.8,37,-1.083267041673687,-1.437543918085127
2013-07-11 08:00:00,27.1,82,0.0,4.8,27,-2.179154398749825,-4.276831316104166
2013-07-11 09:00:00,28.2,77,0.0,8.0,8,-1.1133848076805266,-7.922144549932562
2013-07-11 10:00:00,29.2,72,0.0,10.5,352,1.4613175600806874,-10.397814721786489
2013-07-11 11:00:00,29.9,69,0.0,14.2,344,3.914050452601388,-13.649916082324127
2013-07-11 12:00:00,30.0,69,0.0,16.6,338,6.218469450704139,-15.391251985808672
2013-07-11 13:00:00,30.0,69,0.0,17.1,342,5.284190603811602,-16.263066428647125
2013-07-11 14:00:00,30.2,68,0.0,15.6,345,4.0375771035993235,-15.068442890109464
2013-07-11 15:00:00,29.7,69,0.0,13.7,346,3.314329969715447,-13.293051449981151
2013-07-11 16:00:00,29.7,69,0.0,12.4,343,3.625409138561936,-11.858178973941639
2013-07-11 17:00:00,29.0,72,0.0,11.8,348,2.453357951649562,-11.542141688658907
2013-07-11 18:00:00,28.3,75,0.0,9.6,347,2.159530121701103,-9.353952621938259
2013-07-11 19:00:00,27.3,79,0.0,8.8,348,1.8296228791962834,-8.60769888645749
2013-07-11 20:00:00,26.1,87,0.0,9.4,356,0.6557108531947772,-9.377102072442348
2013-07-11 21:00:00,25.7,87,0.0,10.2,350,1.77121141220269,-10.045039080724521
2013-07-11 22:00:00,25.9,85,0.0,11.6,344,3.19739332747719,-11.1506356728845
2013-07-11 23:00:00,26.2,85,0.0,10.5,333,4.766900247265242,-9.355568503977862
2013-07-12 00:00:00,24.8,91,0.0,9.3,332,4.366085533908786,-8.21141261358802
2013-07-12 01:00:00,23.5,94,0.0,8.4,340,2.872969203935618,-7.893418014601631
2013-07-12 02:00:00,22.9,95,0.0,9.0,344,2.4807362023529924,-8.65135526344487
2013-07-12 03:00:00,25.3,89,0.0,9.7,345,2.510544737494451,-9.369480515003962
2013-07-12 04:00:00,25.2,89,0.0,11.0,341,3.5812496990287244,-10.400704331592484
2013-07-12 05:00:00,25.0,89,0.0,12.7,345,3.2870018728020134,-12.267257993871167
2013-07-12 06:00:00,24.5,90,0.0,12.4,352,1.7257464519048118,-12.279324052395474
2013-07-12 07:00:00,25.7,89,0.0,15.1,359,0.26353133720298233,-15.097700196861508
2013-07-12 08:00:00,27.0,82,0.0,18.4,359,0.3211242784460182,-18.3971975908776
2013-07-12 09:00:00,28.1,75,0.0,20.9,359,0.36475529453922717,-20.896816828768575
2013-07-12 10:00:00,29.4,69,0.0,24.1,1,-0.42060299513853233,-24.096329453269032
2013-07-12 11:00:00,29.9,68,0.0,26.3,3,-1.3764356491894354,-26.263956764045293
2013-07-12 12:00:00,30.2,68,0.0,28.4,1,-0.49564834281885134,-28.395674542441512
2013-07-12 13:00:00,29.5,71,0.1,29.9,2,-1.0434949514047727,-29.881785727870962
2013-07-12 14:00:00,29.3,73,0.1,30.6,1,-0.5340436369808751,-30.595339471785575
2013-07-12 15:00:00,28.8,73,0.0,32.5,4,-2.2670853966840814,-32.42083163344429
2013-07-12 16:00:00,28.3,76,0.0,29.2,2,-1.0190653037130222,-29.182212148957596
2013-07-12 17:00:00,27.7,80,0.1,27.8,4,-1.939229970086691,-27.732280597223113
2013-07-12 18:00:00,26.6,84,0.4,26.3,4,-1.8345952594705028,-26.23593452183338
2013-07-12 19:00:00,25.8,87,0.3,24.3,7,-2.9614250447450763,-24.118871484884128
2013-07-12 20:00:00,25.3,90,0.4,25.2,1,-0.4398006422195441,-25.19616191794106
2013-07-12 21:00:00,25.4,89,0.3,31.0,357,1.622414643531263,-30.95751557739179
2013-07-12 22:00:00,25.5,90,0.3,32.1,356,2.23918280718642,-32.02180601334036
2013-07-12 23:00:00,25.7,91,0.5,34.2,352,4.759720052834239,-33.86716795096171
2013-07-13 00:00:00,25.4,94,1.2,36.8,342,11.371825392998065,-34.998879799661644
2013-07-13 01:00:00,25.1,95,1.7000000000000002,41.5,337,16.21534183230486,-38.200951418276276
2013-07-13 02:00:00,25.5,95,2.4,40.1,327,21.840025304102586,-33.630689774611504
2013-07-13 03:00:00,25.4,93,5.4,47.0,310,36.00408882659197,-30.211017655267344
2013-07-13 04:00:00,25.0,94,8.5,55.7,296,50.06282837886361,-24.417272876151614
2013-07-13 05:00:00,25.1,92,12.3,60.8,281,59.68293275361797,-11.601186918893923
2013-07-13 06:00:00,25.0,91,20.1,47.5,263,47.14594220296279,5.7887938117445055
2013-07-13 07:00:00,24.8,91,25.4,43.9,239,37.62964450082273,22.610171488551376
2013-07-13 08:00:00,25.1,90,25.4,45.2,217,27.20203904647259,36.09832505413764
2013-07-13 09:00:00,25.2,94,23.3,45.9,202,17.19444263779036,42.55773892461554
2013-07-13 10:00:00,25.6,93,20.2,42.8,198,13.22592735924775,40.705218897432566
2013-07-13 11:00:00,25.6,93,13.2,38.1,202,14.272511209146247,35.325704858994605
2013-07-13 12:00:00,25.7,93,9.7,37.8,207,17.16084089015487,33.6800466143203
2013-07-13 13:00:00,25.2,93,7.1,32.9,198,10.16665911493577,31.28975938611055
2013-07-13 14:00:00,25.3,91,4.4,30.3,184,2.1136211544469945,30.226190722872673
2013-07-13 15:00:00,25.5,84,5.3,29.9,177,-1.5648450916640209,29.859023089161756
2013-07-13 16:00:00,25.4,81,3.1,28.8,171,-4.5053125931586475,28.44542420913997
2013-07-13 17:00:00,24.8,81,2.5,22.0,175,-1.9174263404484813,21.9162833580184
2013-07-13 18:00:00,24.5,83,1.4,20.2,183,1.0571863161074682,20.17231660204239
2013-07-13 19:00:00,24.3,81,0.3,18.9,189,2.956611389260364,18.667309637248103
2013-07-13 20:00:00,24.4,78,0.0,17.7,176,-1.2346895852710182,17.65688368959889
2013-07-13 21:00:00,24.3,77,0.0,17.8,173,-2.1692743126116234,17.667321499215532
2013-07-13 22:00:00,24.0,77,0.0,16.9,182,0.5898014942722682,16.889704976622717
2013-07-13 23:00:00,23.5,79,0.0,16.7,186,1.7456253365698127,16.608515652650162
2013-07-14 00:00:00,23.1,81,0.0,17.4,187,2.120526575249566,17.270303038559
2013-07-14 01:00:00,22.8,83,0.0,17.5,188,2.4355292668011455,17.329691202977482
2013-07-14 02:00:00,22.5,85,0.0,17.1,187,2.083965772228022,16.972539193066606
2013-07-14 03:00:00,22.6,84,0.0,18.0,192,3.74241043471967,17.6066568132085
2013-07-14 04:00:00,22.4,86,0.0,18.3,195,4.73638852537613,17.67644262108995
2013-07-14 05:00:00,22.5,87,0.0,17.4,193,3.914148345583249,16.95403912726309
2013-07-14 06:00:00,22.8,88,0.0,16.3,186,1.7038139512627515,16.210706894502856
2013-07-14 07:00:00,24.6,87,0.0,14.6,190,2.535263393937184,14.378193193978237
2013-07-14 08:00:00,26.6,82,0.0,16.3,202,6.1060874726793655,15.113096829438636
2013-07-14 09:00:00,27.5,81,0.0,17.3,201,6.199765527133697,16.15094137840159
2013-07-14 10:00:00,28.5,79,0.0,17.1,202,6.405772747412095,15.854843913092067
2013-07-14 11:00:00,29.1,77,0.0,18.3,216,10.75647011695226,14.805010997061538
2013-07-14 12:00:00,29.1,77,0.0,21.5,203,8.400719262519385,19.79085434922747
2013-07-14 13:00:00,28.5,79,0.3,20.7,203,8.088134359727965,19.054450466465514
2013-07-14 14:00:00,28.3,79,0.1,20.0,203,7.814622569785474,18.410097069048806
2013-07-14 15:00:00,28.5,79,0.2,18.5,207,8.398824245181617,16.483620697484803
2013-07-14 16:00:00,27.9,83,0.2,15.0,210,7.500000000000002,12.990381056766578
2013-07-14 17:00:00,27.5,85,0.2,13.8,208,6.478707566445294,12.184676781453192
2013-07-14 18:00:00,26.9,88,0.2,10.7,213,5.82763767466079,8.973775077016036
2013-07-14 19:00:00,26.1,91,0.1,11.8,203,4.61062731617343,10.861957270738797
2013-07-14 20:00:00,25.3,94,0.0,10.8,178,-0.3769145643870103,10.793420931806235
2013-07-14 21:00:00,24.8,95,0.2,9.4,203,3.672872607799173,8.65274562245294
2013-07-14 22:00:00,24.8,94,0.4,10.1,207,4.585304047369423,8.999165894302514
2013-07-14 23:00:00,25.4,91,0.0,9.4,212,4.981241083792126,7.9716521038704045
2013-07-15 00:00:00,24.6,94,0.1,8.9,201,3.1894747509531736,8.308865795825096
2013-07-15 01:00:00,24.6,94,0.6,7.9,204,3.2132194802988217,7.217009115376547
2013-07-15 02:00:00,24.8,93,0.7000000000000001,8.2,218,5.048424097670398,6.46168817957512
2013-07-15 03:00:00,25.4,89,0.1,5.7,215,3.269385687200963,4.669166652447253
2013-07-15 04:00:00,24.7,91,0.0,4.3,180,2.632990618166809e-16,4.3
2013-07-15 05:00:00,24.4,92,0.0,2.6,164,-0.7166571251241975,2.499280409439629
2013-07-15 06:00:00,24.8,91,0.1,2.4,207,1.0895771993749124,2.138415658052083
2013-07-15 07:00:00,25.0,95,0.1,4.1,195,1.061158084920335,3.96029588778518
2013-07-15 08:00:00,26.2,89,0.0,3.6,186,0.3763024677635525,3.580278823325784
2013-07-15 09:00:00,27.0,86,0.0,4.9,234,3.9641832724372428,2.8801477362331185
2013-07-15 10:00:00,27.5,85,0.1,5.9,232,4.64926344627966,3.6324027044213842
2013-07-15 11:00:00,27.8,85,0.2,5.4,217,3.2498011250210617,4.312631754255381
2013-07-15 12:00:00,27.5,85,0.2,3.6,225,2.5455844122715714,2.545584412271571
2013-07-15 13:00:00,27.6,82,0.1,4.7,266,4.688551036221174,0.3278554265973889
2013-07-15 14:00:00,27.4,82,0.3,6.5,289,6.1458707413955596,-2.1161930039715187
2013-07-15 15:00:00,27.7,83,1.0,6.6,299,5.772490067120011,-3.1997434936258244
2013-07-15 16:00:00,27.4,83,0.8,3.3,354,0.3449439287832564,-3.2819222547153015
2013-07-15 17:00:00,27.1,83,1.0,2.9,30,-1.4500000000000013,-2.5114736709748713
2013-07-15 18:00:00,26.8,86,0.6,2.3,342,0.7107390870623791,-2.1874299874788528
2013-07-15 19:00:00,26.1,89,0.2,5.0,30,-2.500000000000002,-4.330127018922192
2013-07-15 20:00:00,25.4,93,0.0,5.3,28,-2.488199282765221,-4.679622242152313
2013-07-15 21:00:00,24.7,96,0.1,5.7,18,-1.7613968679372012,-5.421022142882375
2013-07-15 22:00:00,24.5,96,0.6,5.9,14,-1.42733918403804,-5.7247447850283795
2013-07-15 23:00:00,24.3,97,0.5,5.4,20,-1.8469087739586103,-5.074340152243906
2013-07-16 00:00:00,24.2,96,0.2,5.2,34,-2.907803098047882,-4.3109953772862175
2013-07-16 01:00:00,23.8,97,0.3,5.1,45,-3.606244584051393,-3.606244584051392
2013-07-16 02:00:00,24.0,96,0.2,6.4,47,-4.6806636903626915,-4.364789504399989
2013-07-16 03:00:00,23.3,94,0.0,6.4,47,-4.6806636903626915,-4.364789504399989
2013-07-16 04:00:00,23.4,92,0.0,5.9,38,-3.632402704421383,-4.649263446279661
2013-07-16 05:00:00,22.9,95,0.0,6.4,27,-2.9055391983331003,-5.702441754805554
2013-07-16 06:00:00,22.8,96,0.0,7.2,18,-2.2249223594996224,-6.8476069173251055
2013-07-16 07:00:00,25.2,92,0.0,8.2,15,-2.122316169840669,-7.92059177557036
2013-07-16 08:00:00,26.9,84,0.0,8.4,10,-1.458644692402215,-8.272385125302547
2013-07-16 09:00:00,28.1,78,0.0,10.1,358,0.3524849166952609,-10.093847352892867
2013-07-16 10:00:00,28.9,75,0.0,12.9,347,2.9018686010358574,-12.569373835729534
2013-07-16 11:00:00,29.4,73,0.0,15.7,344,4.327506486326887,-15.091808626231606
2013-07-16 12:00:00,29.5,73,0.0,17.8,346,4.306209741674085,-17.271263927712738
2013-07-16 13:00:00,29.4,73,0.0,16.8,345,4.348159957722348,-16.22755388165635
2013-07-16 14:00:00,29.2,73,0.0,15.8,348,3.2850047149205994,-15.45473209159413
2013-07-16 15:00:00,28.5,76,0.0,13.6,349,2.5950023371210107,-13.35012969488823
2013-07-16 16:00:00,28.2,77,0.0,13.0,357,0.6803674311582716,-12.98218395180946
2013-07-16 17:00:00,27.9,79,0.0,10.8,2,-0.37691456438700827,-10.793420931806235
2013-07-16 18:00:00,27.4,82,0.0,10.7,340,3.659615533584656,-10.054711042409219
2013-07-16 19:00:00,26.7,85,0.0,9.7,356,0.6766377953180147,-9.676371287520293
2013-07-16 20:00:00,25.7,91,0.0,9.0,355,0.7844016847289232,-8.96575228282571
2013-07-16 21:00:00,25.0,93,0.0,8.7,353,1.060263287624783,-8.6351515192795
2013-07-16 22:00:00,25.0,92,0.0,8.7,353,1.060263287624783,-8.6351515192795
2013-07-16 23:00:00,25.4,90,0.0,7.4,346,1.7902220274375409,-7.180188374442374
2013-07-17 00:00:00,25.1,90,0.0,6.8,360,4.1637991171010006e-16,-6.8
2013-07-17 01:00:00,24.7,91,0.0,3.3,13,-0.7423384793347553,-3.215421213791276
2013-07-17 02:00:00,24.7,90,0.0,2.1,31,-1.0815799573111144,-1.8000513314744355
2013-07-17 03:00:00,25.2,86,0.0,4.6,18,-1.4214781741247586,-4.3748599749577055
2013-07-17 04:00:00,24.6,89,0.0,7.0,12,-1.4553818357243185,-6.847033205136639
2013-07-17 05:00:00,24.3,91,0.0,7.6,360,4.653657836759942e-16,-7.6
2013-07-17 06:00:00,24.7,90,0.0,6.9,354,0.7212463965468089,-6.862201078041086
2013-07-17 07:00:00,25.0,93,0.0,6.9,9,-1.0793978087775942,-6.81504955010645
2013-07-17 08:00:00,27.1,83,0.0,9.4,7,-1.1455718280083835,-9.329933825428428
2013-07-17 09:00:00,28.0,78,0.0,11.2,4,-0.7812725059342065,-11.17271736291003
2013-07-17 10:00:00,28.7,74,0.0,11.5,356,0.8021994480574401,-11.471986577987979
2013-07-17 11:00:00,29.4,71,0.0,12.7,345,3.2870018728020134,-12.267257993871167
2013-07-17 12:00:00,29.5,71,0.0,12.4,343,3.625409138561936,-11.858178973941639
2013-07-17 13:00:00,29.4,72,0.0,11.5,2,-0.40134421207875876,-11.492994510719601
2013-07-17 14:00:00,29.4,73,0.1,7.3,349,1.3929056662487778,-7.165878439167947
2013-07-17 15:00:00,29.3,73,0.1,7.1,336,2.8878301658381815,-6.486172749262466
2013-07-17 16:00:00,28.7,78,0.2,6.7,324,3.93816119035957,-5.420413862312148
2013-07-17 17:00:00,28.3,79,0.1,5.8,300,5.022947341949744,-2.8999999999999995
2013-07-17 18:00:00,28.0,82,0.0,4.6,309,3.5748714227020657,-2.8948737988292517
2013-07-17 19:00:00,27.1,87,0.0,1.1,288,1.0461621679246689,-0.33991869381244216
2013-07-17 20:00:00,26.4,89,0.0,1.0,315,0.7071067811865476,-0.7071067811865475
2013-07-17 21:00:00,25.1,93,0.0,2.3,321,1.447436899414626,-1.7874357113510329
2013-07-17 22:00:00,24.5,94,0.0,2.6,236,2.1554976886431083,1.453901549023942
2013-07-17 23:00:00,24.4,94,0.3,4.9,234,3.9641832724372428,2.8801477362331185
2013-07-18 00:00:00,25.3,90,0.5,4.2,250,3.9467090073008158,1.4364846019678086
2013-07-18 01:00:00,25.3,90,0.7000000000000001,2.9,240,2.511473670974872,1.4499999999999997
2013-07-18 02:00:00,24.2,95,1.4,4.1,142,-2.524212048835199,3.23084408978756
2013-07-18 03:00:00,24.3,92,1.1,5.0,120,-4.330127018922194,2.4999999999999996
2013-07-18 04:00:00,24.3,91,1.0,5.3,118,-4.679622242152313,2.4881992827652204
2013-07-18 05:00:00,24.7,88,0.6,4.7,99,-4.6421352007971475,0.7352419856890856
2013-07-18 06:00:00,23.9,93,0.6,6.1,87,-6.0916401620029,-0.31924933308195574
2013-07-18 07:00:00,24.9,92,0.3,6.6,99,-6.5187430479279085,1.0324674692655245
2013-07-18 08:00:00,25.7,89,0.2,9.2,132,-6.836932394392025,6.156001578501496
2013-07-18 09:00:00,26.6,86,0.2,10.4,136,-7.224447052773573,7.481133923521972
2013-07-18 10:00:00,27.5,75,0.3,12.3,142,-7.572636146505597,9.692532269362681
2013-07-18 11:00:00,27.3,76,0.3,12.5,147,-6.807987937687838,10.483382099317799
2013-07-18 12:00:00,27.2,77,0.5,11.9,155,-5.029157314714322,10.785062665736136
2013-07-18 13:00:00,26.8,80,0.4,9.4,157,-3.6728726077991736,8.652745622452938
2013-07-18 14:00:00,26.9,80,0.3,6.5,161,-2.116193003971518,6.1458707413955596
2013-07-18 15:00:00,28.7,75,0.0,3.7,209,1.7937955949114475,3.2360929164157644
2013-07-18 16:00:00,29.1,73,0.0,4.7,247,4.32637281122647,1.8364363038995868
2013-07-18 17:00:00,28.6,78,0.0,6.2,260,6.10580806867569,1.0766187015349682
2013-07-18 18:00:00,27.9,83,0.0,7.1,285,6.858073366652385,-1.8376152202278973
2013-07-18 19:00:00,27.1,86,0.0,7.6,270,7.6,0.0
2013-07-18 20:00:00,26.2,90,0.0,5.8,270,5.8,0.0
2013-07-18 21:00:00,25.6,93,0.0,5.4,274,5.386845871403051,-0.37668495821827663
2013-07-18 22:00:00,25.6,92,0.0,4.7,261,4.6421352007971475,0.7352419856890852
2013-07-18 23:00:00,25.8,91,0.2,4.7,180,2.8779199779962803e-16,4.7
2013-07-19 00:00:00,24.9,94,0.4,5.9,142,-3.6324027044213842,4.64926344627966
2013-07-19 01:00:00,24.7,93,0.2,5.4,127,-4.312631754255382,3.2498011250210603
2013-07-19 02:00:00,25.5,89,0.0,3.7,119,-3.2360929164157644,1.7937955949114477
2013-07-19 03:00:00,24.1,93,0.8,4.3,95,-4.283637201794505,0.3747696938149302
2013-07-19 04:00:00,24.4,89,0.8,5.7,72,-5.421022142882376,-1.7613968679371996
2013-07-19 05:00:00,24.2,90,0.2,6.0,65,-5.4378467222199,-2.5357095704441956
2013-07-19 06:00:00,24.0,92,0.1,6.1,50,-4.6728711030257655,-3.921004419087889
2013-07-19 07:00:00,24.7,93,0.0,6.9,96,-6.862201078041086,0.7212463965468108
2013-07-19 08:00:00,26.5,87,0.0,9.0,113,-8.284543681071963,3.5165801564034638
2013-07-19 09:00:00,27.3,84,0.0,8.8,102,-8.607698886457491,1.829622879196282
2013-07-19 10:00:00,28.1,80,0.0,6.6,77,-6.430842427582553,-1.4846769586695088
2013-07-19 11:00:00,28.5,78,0.0,5.5,58,-4.664264528860343,-2.914555953282626
2013-07-19 12:00:00,28.6,78,0.0,5.6,50,-4.289848881466277,-3.5996106142446194
2013-07-19 13:00:00,28.8,78,0.0,6.5,34,-3.6347538725598527,-5.388744221607772
2013-07-19 14:00:00,28.7,79,0.0,7.8,13,-1.7546182238821488,-7.600086505324834
2013-07-19 15:00:00,30.0,66,0.0,5.9,346,1.4273391840380394,-5.7247447850283795
2013-07-19 16:00:00,29.5,72,0.0,6.6,311,4.981083229470295,-4.329989591337347
2013-07-19 17:00:00,28.8,77,0.0,7.4,313,5.412017391981862,-5.046787864462489
2013-07-19 18:00:00,28.1,83,0.0,9.7,333,4.403707847473604,-8.642763284627167
2013-07-19 19:00:00,27.0,89,0.0,9.0,358,0.31409547032250973,-8.994517443171862
2013-07-19 20:00:00,27.4,83,0.0,7.0,35,-4.015035054457325,-5.734064310022941
2013-07-19 21:00:00,26.3,88,0.0,7.4,51,-5.750880114781584,-4.656970893768799
2013-07-19 22:00:00,26.3,87,0.0,7.7,53,-6.149493427364155,-4.633975678270772
2013-07-19 23:00:00,26.2,87,0.0,5.3,62,-4.679622242152313,-2.4881992827652213
2013-07-20 00:00:00,26.1,87,0.0,2.6,74,-2.499280409439629,-0.7166571251241974
2013-07-20 01:00:00,25.3,90,0.0,1.8,101,-1.7669289302057951,0.34345619167778096
2013-07-20 02:00:00,25.5,88,0.0,2.4,117,-2.138415658052083,1.0895771993749124
2013-07-20 03:00:00,23.6,93,0.0,5.1,172,-0.7097828148963332,5.050367150582009
2013-07-20 04:00:00,23.6,92,0.0,6.0,147,-3.2678342100901627,5.032023407672543
2013-07-20 05:00:00,23.3,92,0.0,5.2,106,-4.998560818879258,1.433314250248396
2013-07-20 06:00:00,23.1,94,0.0,3.2,63,-2.8512208774027776,-1.4527695991665495
2013-07-20 07:00:00,25.1,90,0.0,4.4,55,-3.604268994871564,-2.5237363199446032
2013-07-20 08:00:00,26.8,83,0.0,4.5,14,-1.088648530198505,-4.366330768241984
2013-07-20 09:00:00,27.7,79,0.0,7.3,351,1.1419715947936857,-7.210124886344506
2013-07-20 10:00:00,28.3,76,0.0,8.9,346,2.1531048708370424,-8.635631963856369
2013-07-20 11:00:00,28.4,76,0.0,9.8,343,2.8652427062828205,-9.371786608437748
2013-07-20 12:00:00,28.9,74,0.2,11.0,341,3.5812496990287244,-10.400704331592484
2013-07-20 13:00:00,28.8,75,0.1,10.2,350,1.77121141220269,-10.045039080724521
2013-07-20 14:00:00,28.8,75,0.0,8.7,355,0.7582549619046257,-8.666893873398186
2013-07-20 15:00:00,28.7,75,0.1,3.7,11,-0.7059932828932151,-3.632020578756357
2013-07-20 16:00:00,28.6,77,0.0,4.3,355,0.37476969381492997,-4.283637201794505
2013-07-20 17:00:00,28.3,80,0.0,5.5,337,2.1490212066910055,-5.062776693988422
2013-07-20 18:00:00,27.7,82,0.1,2.5,8,-0.3479327524001646,-2.475670171853926
2013-07-20 19:00:00,27.1,84,0.0,4.2,110,-3.9467090073008153,1.4364846019678092
2013-07-20 20:00:00,26.3,89,0.0,3.3,96,-3.2819222547153015,0.3449439287832573
2013-07-20 21:00:00,26.8,83,0.0,2.5,180,1.5308084989341916e-16,2.5
2013-07-20 22:00:00,26.7,83,0.0,2.2,279,2.1729143493093033,-0.34415582308850795
2013-07-20 23:00:00,26.4,85,0.0,1.8,143,-1.0832670416736871,1.4375439180851268
2013-07-21 00:00:00,24.4,93,0.0,4.3,156,-1.748967565225941,3.9282454678631837
2013-07-21 01:00:00,24.3,93,1.1,5.3,152,-2.4881992827652217,4.679622242152313
2013-07-21 02:00:00,24.0,95,0.3,4.6,135,-3.252691193458118,3.2526911934581184
2013-07-21 03:00:00,23.6,93,0.0,2.1,121,-1.8000513314744357,1.0815799573111142
2013-07-21 04:00:00,23.8,90,0.0,3.0,76,-2.9108871788279895,-0.7257656867990026
2013-07-21 05:00:00,23.9,89,0.0,3.8,41,-2.4930243101639276,-2.8678964048465336
2013-07-21 06:00:00,24.1,88,0.0,4.7,9,-0.7352419856890859,-4.6421352007971475
2013-07-21 07:00:00,25.3,90,0.0,4.9,36,-2.880147736233119,-3.9641832724372423
2013-07-21 08:00:00,26.6,86,0.0,5.9,38,-3.632402704421383,-4.649263446279661
2013-07-21 09:00:00,27.9,81,0.0,6.9,9,-1.0793978087775942,-6.81504955010645
2013-07-21 10:00:00,28.7,77,0.0,9.5,349,1.8126854560771768,-9.325458242752807
2013-07-21 11:00:00,29.3,76,0.0,12.6,347,2.8343832847326977,-12.277062816293963
2013-07-21 12:00:00,29.4,74,0.0,13.9,350,2.413709669570333,-13.688827766869691
2013-07-21 13:00:00,29.5,73,0.1,12.6,357,0.659433048661094,-12.58273213790763
2013-07-21 14:00:00,29.2,74,0.0,10.8,2,-0.37691456438700827,-10.793420931806235
2013-07-21 15:00:00,29.5,75,0.0,9.1,353,1.1090110249868421,-9.032169979936029
2013-07-21 16:00:00,29.4,76,0.0,8.0,5,-0.697245941981266,-7.969557584733964
2013-07-21 17:00:00,29.2,77,0.0,5.7,342,1.7613968679372005,-5.421022142882375
2013-07-21 18:00:00,28.6,81,0.0,7.5,325,4.301823272632846,-6.143640332167439
2013-07-21 19:00:00,27.5,86,0.0,8.9,339,3.1894747509531736,-8.308865795825096
2013-07-21 20:00:00,26.5,89,0.3,5.0,330,2.5000000000000004,-4.330127018922193
2013-07-21 21:00:00,25.2,93,0.2,0.4,360,2.4492935982947065e-17,-0.4
2013-07-21 22:00:00,24.8,94,0.0,3.2,180,1.9594348786357652e-16,3.2
2013-07-21 23:00:00,24.3,94,0.5,4.0,175,-0.34862297099063294,3.984778792366982
2013-07-22 00:00:00,24.3,93,0.7000000000000001,5.5,169,-1.0494494745709964,5.3989495089621515
2013-07-22 01:00:00,23.9,93,0.6,6.0,147,-3.2678342100901627,5.032023407672543
2013-07-22 02:00:00,23.6,92,0.0,4.7,122,-3.9858260519352022,2.490620541896063
2013-07-22 03:00:00,24.8,87,0.0,3.4,162,-1.050657780874821,3.2335921554035223
2013-07-22 04:00:00,24.1,89,0.0,4.3,185,0.37476969381492997,4.283637201794505
2013-07-22 05:00:00,23.4,92,0.0,4.2,160,-1.4364846019678086,3.9467090073008158
2013-07-22 06:00:00,22.7,96,0.0,4.3,156,-1.748967565225941,3.9282454678631837
2013-07-22 07:00:00,25.5,88,0.0,5.1,141,-3.20953399435417,3.963444403430552
2013-07-22 08:00:00,26.9,82,0.0,3.3,139,-2.1649947956686737,2.490541614735148
2013-07-22 09:00:00,27.9,79,0.0,1.1,270,1.1,0.0
2013-07-22 10:00:00,28.9,76,0.0,4.6,309,3.5748714227020657,-2.8948737988292517
2013-07-22 11:00:00,29.6,74,0.0,8.5,306,6.876644452187053,-4.996174644486022
2013-07-22 12:00:00,29.7,73,0.0,11.7,315,8.273149339882606,-8.273149339882604
2013-07-22 13:00:00,29.5,73,0.0,11.3,333,5.1300926470568795,-10.068373723328557
2013-07-22 14:00:00,29.5,73,0.0,8.1,339,2.902780391316933,-7.5620014546273335
2013-07-22 15:00:00,29.6,72,0.0,7.1,345,1.8376152202278973,-6.858073366652385
2013-07-22 16:00:00,29.5,73,0.0,6.1,3,-0.31924933308196024,-6.0916401620029
2013-07-22 17:00:00,29.2,75,0.0,5.5,349,1.049449474570997,-5.3989495089621515
2013-07-22 18:00:00,28.6,78,0.0,7.4,346,1.7902220274375409,-7.180188374442374
2013-07-22 19:00:00,27.6,84,0.0,7.5,343,2.192787785420526,-7.172285669722766
2013-07-22 20:00:00,27.1,85,0.0,4.2,340,1.436484601967809,-3.9467090073008153
2013-07-22 21:00:00,26.2,88,0.0,4.3,270,4.3,0.0
2013-07-22 22:00:00,24.9,93,0.0,5.4,200,1.8469087739586119,5.074340152243905
2013-07-22 23:00:00,24.8,93,0.0,6.5,177,-0.34018371557913496,6.49109197590473
2013-07-23 00:00:00,24.6,93,0.0,9.4,187,1.1455718280083864,9.329933825428427
2013-07-23 01:00:00,24.5,92,0.2,10.4,182,0.36295476570601126,10.393664600998596
2013-07-23 02:00:00,24.3,93,0.1,7.3,169,-1.392905666248777,7.165878439167947
2013-07-23 03:00:00,24.8,86,0.0,5.1,129,-3.963444403430551,3.2095339943541705
2013-07-23 04:00:00,24.9,85,0.0,4.6,108,-4.3748599749577055,1.4214781741247584
2013-07-23 05:00:00,25.0,83,0.0,3.2,90,-3.2,3.9188697572715305e-16
2013-07-23 06:00:00,23.7,89,0.0,3.9,56,-3.233246532964663,-2.180852323535912
2013-07-23 07:00:00,25.6,89,0.0,5.4,86,-5.386845871403051,-0.3766849582182765
2013-07-23 08:00:00,27.5,76,0.0,4.0,63,-3.5640260967534716,-1.8159619989581868
2013-07-23 09:00:00,28.5,75,0.0,4.4,351,0.6883116461770161,-4.3458286986186065
2013-07-23 10:00:00,29.3,73,0.0,7.7,323,4.633975678270772,-6.149493427364155
2013-07-23 11:00:00,29.6,72,0.0,10.7,315,7.566042558696059,-7.566042558696057
2013-07-23 12:00:00,29.7,73,0.0,11.5,311,8.679160172561879,-7.544678833390834
2013-07-23 13:00:00,29.4,75,0.1,7.4,313,5.412017391981862,-5.046787864462489
2013-07-23 14:00:00,29.2,75,0.1,6.2,339,2.2218812871808624,-5.788198644282651
2013-07-23 15:00:00,29.2,77,0.2,3.3,13,-0.7423384793347553,-3.215421213791276
2013-07-23 16:00:00,28.8,77,0.2,3.2,27,-1.4527695991665501,-2.851220877402777
2013-07-23 17:00:00,28.6,78,0.0,2.1,31,-1.0815799573111144,-1.8000513314744355
2013-07-23 18:00:00,28.3,79,0.0,3.2,63,-2.8512208774027776,-1.4527695991665495
2013-07-23 19:00:00,27.4,87,0.0,5.8,97,-5.756767679519667,0.7068421917498557
2013-07-23 20:00:00,26.4,88,0.0,6.6,103,-6.430842427582552,1.4846769586695103
2013-07-23 21:00:00,26.2,87,0.0,5.5,113,-5.062776693988422,2.149021206691006
2013-07-23 22:00:00,26.0,86,0.0,5.2,146,-2.907803098047883,4.3109953772862175
2013-07-23 23:00:00,25.5,88,0.0,7.7,169,-1.469229264399395,7.558529312547013
2013-07-24 00:00:00,24.9,89,0.0,9.9,190,1.7191169589026112,9.74959675482086
2013-07-24 01:00:00,24.5,91,0.0,9.8,197,2.8652427062828205,9.371786608437748
2013-07-24 02:00:00,24.2,92,0.4,8.4,173,-1.0237024846032379,8.337387673787106
2013-07-24 03:00:00,24.0,91,0.0,6.1,135,-4.313351365237939,4.31335136523794
2013-07-24 04:00:00,24.5,86,0.0,5.9,142,-3.6324027044213842,4.64926344627966
2013-07-24 05:00:00,23.4,89,0.0,5.8,120,-5.022947341949744,2.8999999999999995
2013-07-24 06:00:00,24.1,84,0.0,2.6,74,-2.499280409439629,-0.7166571251241974
2013-07-24 07:00:00,26.2,84,0.0,2.3,231,1.7874357113510329,1.4474368994146258
2013-07-24 08:00:00,27.8,77,0.0,3.4,252,3.233592155403522,1.0506577808748212
2013-07-24 09:00:00,28.6,76,0.0,4.0,260,3.939231012048832,0.6945927106677213
2013-07-24 10:00:00,29.2,75,0.0,5.8,270,5.8,0.0
2013-07-24 11:00:00,29.7,74,0.0,8.4,260,8.272385125302547,1.458644692402215
2013-07-24 12:00:00,30.1,74,0.0,7.8,257,7.6000865053248345,1.754618223882147
2013-07-24 13:00:00,29.7,75,0.0,5.5,238,4.664264528860342,2.914555953282627
2013-07-24 14:00:00,29.5,76,0.4,4.8,257,4.676976310969129,1.079765060850552
2013-07-24 15:00:00,28.5,79,0.8,10.0,240,8.660254037844387,4.999999999999999
2013-07-24 16:00:00,26.7,84,5.2,9.2,206,4.033014550459512,8.268905225952336
2013-07-24 17:00:00,26.5,84,0.9,9.0,157,-3.5165801564034638,8.284543681071963
2013-07-24 18:00:00,26.3,85,0.0,4.5,166,-1.088648530198505,4.366330768241984
2013-07-24 19:00:00,25.5,90,0.5,9.3,193,2.092044805397944,9.06164160250269
2013-07-24 20:00:00,25.0,92,0.1,9.2,149,-4.738350289172499,7.8859391664594325
2013-07-24 21:00:00,25.1,89,0.0,8.0,175,-0.6972459419812659,7.969557584733964
2013-07-24 22:00:00,24.1,95,0.0,9.5,191,1.8126854560771768,9.325458242752807
2013-07-24 23:00:00,23.9,94,0.0,10.9,171,-1.705135668938516,10.765802912487002
2013-07-25 00:00:00,24.1,90,0.0,10.0,154,-4.383711467890775,8.98794046299167
2013-07-25 01:00:00,24.8,86,0.0,9.2,159,-3.296985135816762,8.588939923774255
2013-07-25 02:00:00,23.3,91,0.0,8.9,159,-3.1894747509531727,8.308865795825096
2013-07-25 03:00:00,22.5,92,0.0,8.1,159,-2.902780391316932,7.5620014546273335
2013-07-25 04:00:00,22.1,93,0.0,8.1,159,-2.902780391316932,7.5620014546273335
2013-07-25 05:00:00,21.8,94,0.0,7.6,161,-2.4743179738743906,7.185941174554808
2013-07-25 06:00:00,21.7,94,0.0,5.9,169,-1.1257730727216144,5.791600382341218
2013-07-25 07:00:00,24.4,93,0.0,7.9,156,-3.213219480298822,7.217009115376547
2013-07-25 08:00:00,26.5,80,0.0,7.2,162,-2.224922359499621,6.847606917325106
2013-07-25 09:00:00,27.7,77,0.0,6.4,196,1.7640790772287946,6.1520748540052415
2013-07-25 10:00:00,28.7,76,0.0,9.7,228,7.208504807130724,6.490566881680924
2013-07-25 11:00:00,29.1,74,0.0,14.2,234,11.488041320124253,8.346550582553117
2013-07-25 12:00:00,29.2,74,0.1,16.4,218,10.096848195340796,12.92337635915024
2013-07-25 13:00:00,29.5,74,0.0,12.6,207,5.72028029671829,11.226682204773434
2013-07-25 14:00:00,28.4,79,0.9,9.7,222,6.490566881680924,7.208504807130724
2013-07-25 15:00:00,27.5,83,0.5,13.3,218,8.188297621831255,10.480543022969403
2013-07-25 16:00:00,27.4,83,0.4,13.2,206,5.786499137615822,11.864081411149003
2013-07-25 17:00:00,27.2,83,0.2,11.4,191,2.175222547292612,11.19054989130337
2013-07-25 18:00:00,26.3,86,0.4,8.9,194,2.1531048708370424,8.635631963856369
2013-07-25 19:00:00,25.4,89,0.6,9.5,171,-1.4861274178821928,9.38303923565381
2013-07-25 20:00:00,25.1,89,0.2,7.2,153,-3.2687315981247362,6.415246974156249
2013-07-25 21:00:00,24.9,91,0.0,6.3,156,-2.5624408513775414,5.755336383148386
2013-07-25 22:00:00,25.0,90,0.0,9.4,176,-0.6557108531947782,9.377102072442348
2013-07-25 23:00:00,24.3,92,0.0,10.4,182,0.36295476570601126,10.393664600998596
2013-07-26 00:00:00,24.3,92,0.0,10.5,174,-1.0975488643103624,10.44247990136687
2013-07-26 01:00:00,24.5,89,0.0,10.1,180,6.184466335694133e-16,10.1
2013-07-26 02:00:00,23.8,91,0.0,11.2,180,6.858022075225178e-16,11.2
2013-07-26 03:00:00,23.7,91,0.0,10.2,172,-1.4195656297926664,10.100734301164017
2013-07-26 04:00:00,23.2,93,0.0,8.6,158,-3.2216167033768435,7.973781149274371
2013-07-26 05:00:00,23.0,92,0.0,7.9,150,-3.9499999999999984,6.841600689897066
2013-07-26 06:00:00,23.5,88,0.0,6.6,158,-2.4724035165450196,6.1194134401407965
2013-07-26 07:00:00,25.5,88,0.0,8.7,156,-3.538608794759462,7.947845481490627
2013-07-26 08:00:00,27.0,80,0.0,7.4,166,-1.7902220274375418,7.180188374442374
2013-07-26 09:00:00,27.8,78,0.0,7.4,194,1.7902220274375409,7.180188374442374
2013-07-26 10:00:00,28.5,76,0.0,10.2,212,5.40517649517869,8.650090580795544
2013-07-26 11:00:00,28.9,73,0.1,10.9,214,6.09520264783114,9.036509540849956
2013-07-26 12:00:00,28.9,74,0.4,11.4,215,6.538771374401926,9.338333304894507
2013-07-26 13:00:00,28.5,77,0.6,10.0,221,6.560590289905073,7.54709580222772
2013-07-26 14:00:00,27.8,81,0.6,11.8,220,7.5848937943011645,9.03932442880394
2013-07-26 15:00:00,29.0,72,0.2,15.2,216,8.93433583484559,12.2970583144992
2013-07-26 16:00:00,28.1,76,0.6,13.1,212,6.941942361454984,11.10943005964918
2013-07-26 17:00:00,27.4,80,0.2,13.7,203,5.353016460303049,12.610916492298433
2013-07-26 18:00:00,26.9,82,0.0,6.9,189,1.0793978087775935,6.815049550106451
2013-07-26 19:00:00,26.3,88,0.0,8.4,170,-1.4586446924022145,8.272385125302547
2013-07-26 20:00:00,26.1,85,0.0,8.8,161,-2.864999759222979,8.320563465273988
2013-07-26 21:00:00,24.6,92,0.0,9.9,170,-1.71911695890261,9.74959675482086
2013-07-26 22:00:00,24.5,92,0.2,10.2,157,-3.9854575105905923,9.38914950521489
2013-07-26 23:00:00,24.6,92,0.3,9.2,154,-4.033014550459513,8.268905225952334
2013-07-27 00:00:00,24.5,91,0.3,8.2,151,-3.975438886019963,7.171881598543045
2013-07-27 01:00:00,25.2,84,0.0,7.1,156,-2.8878301658381815,6.486172749262466
2013-07-27 02:00:00,23.9,92,0.0,6.2,173,-0.7555899291119137,6.153786140176197
2013-07-27 03:00:00,22.7,92,0.0,7.3,171,-1.1419715947936848,7.210124886344506
2013-07-27 04:00:00,22.3,92,0.0,7.1,156,-2.8878301658381815,6.486172749262466
2013-07-27 05:00:00,21.8,93,0.0,5.7,145,-3.269385687200963,4.669166652447252
2013-07-27 06:00:00,21.8,93,0.0,4.9,144,-2.880147736233118,3.9641832724372428
2013-07-27 07:00:00,24.1,92,0.0,7.4,141,-4.656970893768796,5.750880114781586
2013-07-27 08:00:00,27.0,73,0.0,7.4,151,-3.587591189822894,6.47218583283153
2013-07-27 09:00:00,28.4,67,0.0,7.0,159,-2.5085756468171017,6.535062985480412
2013-07-27 10:00:00,29.3,65,0.0,6.1,177,-0.3192493330819574,6.0916401620029
2013-07-27 11:00:00,29.7,65,0.0,5.8,210,2.9000000000000004,5.0229473419497435
2013-07-27 12:00:00,30.1,65,0.0,7.7,221,5.051654523226906,5.811263767715345
2013-07-27 13:00:00,30.3,66,0.0,7.4,209,3.587591189822895,6.472185832831529
2013-07-27 14:00:00,29.9,68,0.0,8.0,216,4.702282018339785,6.47213595499958
2013-07-27 15:00:00,30.0,69,0.0,9.3,216,5.46640284632,7.523858047687012
2013-07-27 16:00:00,29.8,70,0.0,9.0,217,5.4163352083684355,7.187719590425635
2013-07-27 17:00:00,29.2,73,0.0,8.0,234,6.47213595499958,4.702282018339785
2013-07-27 18:00:00,28.5,76,0.1,5.6,230,4.289848881466277,3.5996106142446194
2013-07-27 19:00:00,27.5,83,0.0,7.2,183,0.3768188849491966,7.190132650232932
2013-07-27 20:00:00,27.0,83,0.0,7.5,163,-2.192787785420525,7.172285669722767
2013-07-27 21:00:00,26.0,87,0.0,8.0,188,1.1133848076805237,7.922144549932563
2013-07-27 22:00:00,25.3,90,0.0,9.8,188,1.3638963894086416,9.70462707366739
2013-07-27 23:00:00,24.9,91,0.0,10.4,180,6.368163355566237e-16,10.4
2013-07-28 00:00:00,24.5,92,0.0,9.1,173,-1.109011024986841,9.03216997993603
2013-07-28 01:00:00,23.9,94,0.0,8.0,162,-2.4721359549995787,7.608452130361229
2013-07-28 02:00:00,23.4,93,0.0,7.0,159,-2.5085756468171017,6.535062985480412
2013-07-28 03:00:00,22.9,96,0.0,6.8,155,-2.8738041798367555,6.16289295184922
2013-07-28 04:00:00,22.4,96,0.0,7.4,157,-2.891410350820626,6.811735915548058
2013-07-28 05:00:00,22.2,96,0.0,6.6,151,-3.199743493625824,5.772490067120012
2013-07-28 06:00:00,22.1,95,0.0,5.1,135,-3.606244584051392,3.6062445840513924
2013-07-28 07:00:00,24.8,88,0.0,6.8,122,-5.766727053863696,3.603450996785793
2013-07-28 08:00:00,27.1,78,0.0,6.4,128,-5.043268823083021,3.9402334420842138
2013-07-28 09:00:00,28.4,71,0.0,5.4,143,-3.2498011250210617,4.312631754255381
2013-07-28 10:00:00,29.1,67,0.0,4.0,190,0.6945927106677217,3.939231012048832
2013-07-28 11:00:00,29.6,67,0.0,5.9,232,4.64926344627966,3.6324027044213842
2013-07-28 12:00:00,30.0,66,0.0,6.7,254,6.440453362786736,1.8467702839738944
2013-07-28 13:00:00,29.9,68,0.0,7.6,265,7.571079705497266,0.662383644882202
2013-07-28 14:00:00,29.7,69,0.0,4.3,275,4.283637201794505,-0.3747696938149301
2013-07-28 15:00:00,29.9,69,0.0,6.3,283,6.1385314081469815,-1.4171916423663495
2013-07-28 16:00:00,29.5,71,0.0,4.0,297,3.5640260967534716,-1.815961998958187
2013-07-28 17:00:00,28.8,74,0.0,4.0,265,3.984778792366982,0.34862297099063266
2013-07-28 18:00:00,28.3,77,0.0,3.4,212,1.8017254983928965,2.883363526931848
2013-07-28 19:00:00,27.6,80,0.0,6.3,156,-2.5624408513775414,5.755336383148386
2013-07-28 20:00:00,26.5,86,0.0,8.3,162,-2.564841053312063,7.893769085249776
2013-07-28 21:00:00,25.8,89,0.0,9.4,182,0.3280552690035102,9.394273773979501
2013-07-28 22:00:00,25.4,89,0.0,9.1,187,1.1090110249868421,9.032169979936029
2013-07-28 23:00:00,24.9,91,0.0,9.0,175,-0.7844016847289241,8.96575228282571
2013-07-29 00:00:00,24.3,93,0.0,9.4,176,-0.6557108531947782,9.377102072442348
2013-07-29 01:00:00,23.8,94,0.0,8.1,167,-1.8221035401853067,7.892397524760405
2013-07-29 02:00:00,23.6,93,0.0,6.2,159,-2.2218812871808615,5.788198644282651
2013-07-29 03:00:00,23.4,92,0.0,5.7,145,-3.269385687200963,4.669166652447252
2013-07-29 04:00:00,23.5,91,0.0,4.8,138,-3.2118269105225195,3.5670951622914924
2013-07-29 05:00:00,23.2,92,0.0,4.2,121,-3.6001026629488715,2.1631599146222285
2013-07-29 06:00:00,22.9,94,0.0,2.5,98,-2.475670171853926,0.3479327524001633
2013-07-29 07:00:00,25.5,88,0.0,4.7,99,-4.6421352007971475,0.7352419856890856
2013-07-29 08:00:00,27.4,75,0.0,4.7,90,-4.7,5.755839955992561e-16
2013-07-29 09:00:00,28.3,73,0.0,3.6,53,-2.875087836170254,-2.1665340833473743
2013-07-29 10:00:00,29.2,71,0.0,3.7,349,0.7059932828932162,-3.632020578756357
2013-07-29 11:00:00,29.7,71,0.0,7.2,307,5.750175672340508,-4.333068166694748
2013-07-29 12:00:00,29.9,71,0.0,11.0,302,9.328529057720685,-5.829111906565254
2013-07-29 13:00:00,29.7,73,0.0,8.1,283,7.892397524760405,-1.8221035401853065
2013-07-29 14:00:00,29.9,72,0.0,4.7,293,4.32637281122647,-1.8364363038995868
2013-07-29 15:00:00,29.9,74,0.1,3.7,281,3.632020578756357,-0.7059932828932158
2013-07-29 16:00:00,29.7,74,0.0,5.4,250,5.074340152243906,1.8469087739586112
2013-07-29 17:00:00,29.3,75,0.1,3.1,234,2.5079526825623373,1.8221342821066668
2013-07-29 18:00:00,28.4,79,0.0,4.9,234,3.9641832724372428,2.8801477362331185
2013-07-29 19:00:00,27.3,84,0.0,7.7,221,5.051654523226906,5.811263767715345
2013-07-29 20:00:00,26.6,86,0.0,9.0,217,5.4163352083684355,7.187719590425635
2013-07-29 21:00:00,26.1,88,0.0,10.0,221,6.560590289905073,7.54709580222772
2013-07-29 22:00:00,25.5,91,0.0,10.2,219,6.419067988708342,7.926888806861102
2013-07-29 23:00:00,25.2,90,0.0,10.2,219,6.419067988708342,7.926888806861102
2013-07-30 00:00:00,26.2,84,0.0,10.0,210,5.000000000000001,8.660254037844386
2013-07-30 01:00:00,25.2,87,0.1,5.4,200,1.8469087739586119,5.074340152243905
2013-07-30 02:00:00,24.9,87,0.2,5.2,164,-1.433314250248395,4.998560818879258
2013-07-30 03:00:00,24.7,88,0.0,4.8,138,-3.2118269105225195,3.5670951622914924
2013-07-30 04:00:00,26.0,81,0.2,3.1,135,-2.192031021678297,2.1920310216782974
2013-07-30 05:00:00,26.1,80,0.0,2.9,120,-2.511473670974872,1.4499999999999997
2013-07-30 06:00:00,25.1,84,0.0,3.6,84,-3.580278823325784,-0.3763024677635526
2013-07-30 07:00:00,26.5,86,0.0,3.6,90,-3.6,4.4087284769304716e-16
2013-07-30 08:00:00,27.8,79,0.0,2.7,67,-2.485363104321589,-1.0549740469210387
2013-07-30 09:00:00,28.7,78,0.0,1.9,338,0.7117525274902327,-1.761649323676896
2013-07-30 10:00:00,29.5,76,0.0,3.1,291,2.8940993221413254,-1.1109406435904308
2013-07-30 11:00:00,29.7,75,0.0,5.4,274,5.386845871403051,-0.37668495821827663
2013-07-30 12:00:00,30.2,74,0.0,5.4,290,5.074340152243906,-1.8469087739586112
2013-07-30 13:00:00,30.1,75,0.0,8.4,295,7.61298541110786,-3.5499933986218752
2013-07-30 14:00:00,29.5,76,0.2,6.2,280,6.10580806867569,-1.0766187015349682
2013-07-30 15:00:00,28.6,79,1.2,4.1,255,3.96029588778518,1.061158084920335
2013-07-30 16:00:00,27.6,83,1.4,1.6,153,-0.7263847995832747,1.4256104387013888
2013-07-30 17:00:00,26.8,86,0.7000000000000001,6.9,51,-5.362307134053099,-4.34231069824388
2013-07-30 18:00:00,26.3,88,2.5,5.0,69,-4.667902132486009,-1.7918397477265022
2013-07-30 19:00:00,25.7,91,1.0,6.4,137,-4.364789504399989,4.6806636903626915
2013-07-30 20:00:00,25.3,92,0.2,8.2,157,-3.2039952536120446,7.548139798310009
2013-07-30 21:00:00,25.3,90,0.0,5.5,203,2.1490212066910055,5.062776693988422
2013-07-30 22:00:00,25.0,90,0.0,5.9,191,1.125773072721615,5.791600382341218
2013-07-30 23:00:00,25.5,85,0.0,5.2,214,2.9078030980478835,4.3109953772862175
2013-07-31 00:00:00,25.8,83,0.0,2.2,189,0.34415582308850806,2.1729143493093033
2013-07-31 01:00:00,25.1,86,0.0,2.0,135,-1.414213562373095,1.4142135623730951
2013-07-31 02:00:00,25.0,86,0.0,2.6,146,-1.4539015490239415,2.1554976886431088
2013-07-31 03:00:00,23.6,90,0.0,2.3,162,-0.7107390870623789,2.187429987478853
2013-07-31 04:00:00,23.3,90,0.0,1.6,117,-1.4256104387013886,0.7263847995832751
2013-07-31 05:00:00,23.1,90,0.0,3.1,45,-2.192031021678298,-2.192031021678297
2013-07-31 06:00:00,22.9,91,0.0,3.8,41,-2.4930243101639276,-2.8678964048465336
2013-07-31 07:00:00,25.3,90,0.0,5.5,58,-4.664264528860343,-2.914555953282626
2013-07-31 08:00:00,27.5,81,0.0,6.2,36,-3.644268564213334,-5.015905365124674
2013-07-31 09:00:00,28.8,76,0.0,7.3,11,-1.3929056662487755,-7.165878439167947
2013-07-31 10:00:00,29.7,73,0.0,9.1,353,1.1090110249868421,-9.032169979936029
2013-07-31 11:00:00,30.2,73,0.0,11.6,344,3.19739332747719,-11.1506356728845
2013-07-31 12:00:00,30.6,72,0.0,12.6,340,4.309453805903427,-11.840127021902445
2013-07-31 13:00:00,30.7,71,0.0,10.8,356,0.7533699164365526,-10.773691742806102
2013-07-31 14:00:00,29.9,73,0.0,5.8,353,0.7068421917498554,-5.756767679519667
2013-07-31 15:00:00,27.4,84,5.4,8.7,24,-3.5386087947594604,-7.947845481490628
2013-07-31 16:00:00,27.4,84,0.0,7.8,13,-1.7546182238821488,-7.600086505324834
2013-07-31 17:00:00,27.6,84,0.0,2.2,351,0.34415582308850806,-2.1729143493093033
2013-07-31 18:00:00,27.4,86,0.0,2.1,211,1.0815799573111138,1.800051331474436
2013-07-31 19:00:00,26.8,89,0.0,3.9,56,-3.233246532964663,-2.180852323535912
2013-07-31 20:00:00,26.2,92,0.0,5.7,35,-3.2693856872009643,-4.669166652447252
2013-07-31 21:00:00,26.6,89,0.0,5.1,39,-3.2095339943541727,-3.96344440343055
2013-07-31 22:00:00,26.1,90,0.0,5.9,38,-3.632402704421383,-4.649263446279661
2013-07-31 23:00:00,26.1,90,0.0,6.0,33,-3.267834210090162,-5.032023407672544
2013-08-01 00:00:00,25.8,91,0.0,5.6,27,-2.5423467985414625,-4.989636535454859
2013-08-01 01:00:00,25.5,93,0.0,4.8,27,-2.179154398749825,-4.276831316104166
2013-08-01 02:00:00,25.3,93,0.0,4.2,20,-1.436484601967808,-3.9467090073008158
2013-08-01 03:00:00,24.6,89,0.0,4.8,42,-3.211826910522519,-3.567095162291493
2013-08-01 04:00:00,24.8,88,0.0,6.9,39,-4.342310698243882,-5.362307134053097
2013-08-01 05:00:00,25.1,88,0.0,9.0,23,-3.5165801564034647,-8.284543681071963
2013-08-01 06:00:00,25.2,88,0.0,10.3,12,-2.141490415422926,-10.074920287558198
2013-08-01 07:00:00,25.7,93,0.0,11.7,18,-3.6154988341868863,-11.127361240653295
2013-08-01 08:00:00,27.9,87,0.0,13.9,10,-2.4137096695703315,-13.688827766869691
2013-08-01 09:00:00,29.1,80,0.0,15.9,5,-1.3857763096877662,-15.839495699658755
2013-08-01 10:00:00,30.0,75,0.0,16.9,359,0.29494566879009276,-16.89742604814301
2013-08-01 11:00:00,30.4,73,0.0,17.5,351,2.737603138204041,-17.28454596041491
2013-08-01 12:00:00,30.6,73,0.0,17.7,348,3.680036927474342,-17.31321253298836
2013-08-01 13:00:00,30.1,75,0.0,16.7,354,1.7456253365698127,-16.608515652650162
2013-08-01 14:00:00,29.8,76,0.0,15.6,353,1.9011617571203008,-15.483719965604623
2013-08-01 15:00:00,29.7,78,0.0,14.1,357,0.7379369830255099,-14.080676440039491
2013-08-01 16:00:00,29.4,79,0.0,11.7,351,1.8302832409707017,-11.555953584963111
2013-08-01 17:00:00,29.2,81,0.0,9.4,342,2.904759747124506,-8.939931253174443
2013-08-01 18:00:00,28.6,84,0.0,4.8,312,3.5670951622914924,-3.2118269105225195
2013-08-01 19:00:00,27.9,88,0.0,4.8,283,4.676976310969129,-1.079765060850552
2013-08-01 20:00:00,27.1,92,0.0,6.0,253,5.737828535778212,1.7542302283364206
2013-08-01 21:00:00,26.8,92,0.1,7.1,229,5.358438019581681,4.658019105832602
2013-08-01 22:00:00,26.5,92,0.6,10.0,229,7.54709580222772,6.560590289905073
2013-08-01 23:00:00,26.1,93,2.2,10.6,235,8.683011669463312,6.079910225321088
2013-08-02 00:00:00,25.7,95,3.7,4.8,228,3.5670951622914924,3.2118269105225195
2013-08-02 01:00:00,25.3,95,2.3,3.1,216,1.8221342821066668,2.5079526825623373
2013-08-02 02:00:00,24.9,96,0.7000000000000001,3.3,193,0.7423384793347542,3.2154212137912763
2013-08-02 03:00:00,24.5,94,0.5,4.3,204,1.7489675652259409,3.9282454678631837
2013-08-02 04:00:00,24.2,95,0.4,4.6,231,3.5748714227020657,2.8948737988292517
2013-08-02 05:00:00,24.1,96,0.2,3.8,253,3.6339580726595346,1.1110124779463997
2013-08-02 06:00:00,24.2,95,0.0,2.9,353,0.3534210958749277,-2.8783838397598336
2013-08-02 07:00:00,25.2,94,0.0,2.7,337,1.0549740469210391,-2.485363104321589
2013-08-02 08:00:00,25.8,91,0.0,3.4,328,1.8017254983928965,-2.883363526931848
2013-08-02 09:00:00,26.5,87,0.1,4.7,337,1.8364363038995866,-4.32637281122647
2013-08-02 10:00:00,26.9,85,0.0,5.6,320,3.5996106142446203,-4.289848881466277
2013-08-02 11:00:00,27.7,82,0.0,6.4,317,4.36478950439999,-4.6806636903626915
2013-08-02 12:00:00,28.2,80,0.0,6.8,335,2.873804179836756,-6.162892951849219
2013-08-02 13:00:00,27.8,83,0.2,3.3,13,-0.7423384793347553,-3.215421213791276
2013-08-02 14:00:00,27.8,82,0.4,3.1,54,-2.5079526825623377,-1.8221342821066664
2013-08-02 15:00:00,28.4,80,0.0,3.4,58,-2.8833635269318485,-1.8017254983928963
2013-08-02 16:00:00,28.7,79,0.0,4.1,38,-2.524212048835198,-3.2308440897875603
2013-08-02 17:00:00,28.6,79,0.0,5.6,15,-1.4493866525741155,-5.4091846272187825
2013-08-02 18:00:00,28.1,79,0.0,4.8,13,-1.0797650608505531,-4.6769763109691285
2013-08-02 19:00:00,27.0,87,0.2,5.0,30,-2.500000000000002,-4.330127018922192
2013-08-02 20:00:00,26.5,89,0.1,6.4,74,-6.1520748540052415,-1.7640790772287938
2013-08-02 21:00:00,26.0,89,0.0,6.1,87,-6.0916401620029,-0.31924933308195574
2013-08-02 22:00:00,25.9,87,0.0,4.0,95,-3.984778792366982,0.3486229709906328
2013-08-02 23:00:00,25.9,85,0.0,4.8,117,-4.276831316104166,2.1791543987498248
2013-08-03 00:00:00,25.2,88,0.0,5.8,112,-5.377666356487366,2.172718241812291
2013-08-03 01:00:00,23.9,93,0.0,5.2,115,-4.7128004925905795,2.1976149610516376
2013-08-03 02:00:00,23.2,94,0.0,4.0,117,-3.564026096753471,1.8159619989581874
2013-08-03 03:00:00,23.7,93,0.0,4.7,122,-3.9858260519352022,2.490620541896063
2013-08-03 04:00:00,23.5,94,0.0,4.7,122,-3.9858260519352022,2.490620541896063
2013-08-03 05:00:00,23.2,94,0.0,3.9,112,-3.6160170328104706,1.4609657143220578
2013-08-03 06:00:00,22.9,95,0.0,2.9,90,-2.9,3.5514757175273243e-16
2013-08-03 07:00:00,25.1,91,0.0,3.6,96,-3.580278823325784,0.37630246776355347
2013-08-03 08:00:00,27.6,82,0.0,2.3,72,-2.187429987478853,-0.7107390870623786
2013-08-03 09:00:00,28.9,73,0.0,2.5,8,-0.3479327524001646,-2.475670171853926
2013-08-03 10:00:00,29.5,70,0.0,0.7000000000000001,360,4.2862637970157366e-17,-0.7000000000000001
2013-08-03 11:00:00,29.9,68,0.0,3.7,299,3.2360929164157644,-1.7937955949114472
2013-08-03 12:00:00,30.0,69,0.0,6.4,308,5.043268823083021,-3.9402334420842133
2013-08-03 13:00:00,30.3,68,0.0,7.1,294,6.486172749262466,-2.8878301658381815
2013-08-03 14:00:00,30.2,68,0.0,4.5,346,1.0886485301985045,-4.366330768241984
2013-08-03 15:00:00,30.0,69,0.0,4.8,312,3.5670951622914924,-3.2118269105225195
2013-08-03 16:00:00,29.8,70,0.1,3.8,319,2.4930243101639276,-2.8678964048465336
2013-08-03 17:00:00,29.1,73,0.2,0.8,63,-0.7128052193506944,-0.36319239979163737
2013-08-03 18:00:00,28.4,76,0.1,2.7,337,1.0549740469210391,-2.485363104321589
2013-08-03 19:00:00,27.4,84,0.0,3.3,103,-3.215421213791276,0.7423384793347552
2013-08-03 20:00:00,27.3,80,0.0,4.7,122,-3.9858260519352022,2.490620541896063
2013-08-03 21:00:00,25.8,88,0.0,3.4,252,3.233592155403522,1.0506577808748212
2013-08-03 22:00:00,25.2,90,0.0,4.9,216,2.8801477362331185,3.9641832724372428
2013-08-03 23:00:00,25.4,90,0.0,4.8,167,-1.079765060850552,4.676976310969129
2013-08-04 00:00:00,26.0,87,0.0,3.9,146,-2.180852323535912,3.233246532964663
2013-08-04 01:00:00,23.9,94,0.0,4.9,126,-3.9641832724372423,2.880147736233119
2013-08-04 02:00:00,23.5,95,0.0,5.6,130,-4.289848881466276,3.5996106142446207
2013-08-04 03:00:00,23.1,86,0.0,5.4,127,-4.312631754255382,3.2498011250210603
2013-08-04 04:00:00,23.4,85,0.0,4.1,135,-2.8991378028648445,2.899137802864845
2013-08-04 05:00:00,22.4,90,0.0,3.1,144,-1.8221342821066664,2.5079526825623373
2013-08-04 06:00:00,22.2,93,0.0,1.0,135,-0.7071067811865475,0.7071067811865476
2013-08-04 07:00:00,25.1,88,0.0,1.5,76,-1.4554435894139948,-0.3628828433995013
2013-08-04 08:00:00,27.6,78,0.0,1.6,333,0.726384799583275,-1.4256104387013886
2013-08-04 09:00:00,28.7,75,0.0,4.1,315,2.899137802864845,-2.8991378028648445
2013-08-04 10:00:00,29.5,72,0.0,6.7,306,5.420413862312148,-3.93816119035957
2013-08-04 11:00:00,29.8,72,0.0,8.9,297,7.929958065276475,-4.040515447681966
2013-08-04 12:00:00,29.9,72,0.0,9.7,292,8.993683389297837,-3.6336839561343464
2013-08-04 13:00:00,30.0,71,0.0,7.0,282,6.84703320513664,-1.4553818357243153
2013-08-04 14:00:00,29.8,72,0.0,6.3,283,6.1385314081469815,-1.4171916423663495
2013-08-04 15:00:00,29.9,72,0.0,6.9,276,6.862201078041086,-0.721246396546809
2013-08-04 16:00:00,29.9,73,0.0,6.2,280,6.10580806867569,-1.0766187015349682
2013-08-04 17:00:00,29.1,77,0.0,6.9,264,6.862201078041086,0.721246396546809
2013-08-04 18:00:00,28.5,80,0.0,2.7,247,2.485363104321589,1.0549740469210394
2013-08-04 19:00:00,27.6,84,0.0,4.1,165,-1.0611580849203355,3.96029588778518
2013-08-04 20:00:00,26.8,89,0.0,5.6,153,-2.542346798541461,4.98963653545486
2013-08-04 21:00:00,26.5,88,0.0,6.9,152,-3.2393537832226476,6.092338390726596
2013-08-04 22:00:00,26.0,88,0.0,8.7,173,-1.060263287624782,8.635151519279502
2013-08-04 23:00:00,25.3,90,0.0,9.7,180,5.939536975864663e-16,9.7
2013-08-05 00:00:00,24.6,92,0.0,10.1,182,0.3524849166952609,10.093847352892867
2013-08-05 01:00:00,24.1,93,0.0,11.2,178,-0.39087436306801066,11.193177262613872
2013-08-05 02:00:00,23.8,93,0.0,11.6,185,1.0110066158728344,11.555858497864248
2013-08-05 03:00:00,23.8,90,0.0,11.7,191,2.2324652459055754,11.485038046337667
2013-08-05 04:00:00,23.6,90,0.0,10.1,180,6.184466335694133e-16,10.1
2013-08-05 05:00:00,24.0,87,0.0,8.5,168,-1.7672493719509543,8.314254606237348
2013-08-05 06:00:00,24.1,85,0.0,5.8,158,-2.17271824181229,5.377666356487367
2013-08-05 07:00:00,25.9,87,0.0,7.2,143,-4.333068166694749,5.750175672340507
2013-08-05 08:00:00,27.7,80,0.0,7.1,156,-2.8878301658381815,6.486172749262466
2013-08-05 09:00:00,28.7,78,0.0,6.5,180,3.9801020972288977e-16,6.5
2013-08-05 10:00:00,29.4,75,0.0,7.6,205,3.211898789229316,6.887939181478539
2013-08-05 11:00:00,30.0,73,0.0,9.9,226,7.121464023352647,6.877117867544073
2013-08-05 12:00:00,30.2,73,0.0,13.4,239,11.486041829408306,6.901510203794726
2013-08-05 13:00:00,30.3,73,0.0,14.0,235,11.468128620045885,8.030070108914645
2013-08-05 14:00:00,29.8,74,0.0,10.2,228,7.580077219869421,6.825132184860354
2013-08-05 15:00:00,29.9,72,0.0,11.2,222,7.494262791219212,8.323222045346816
2013-08-05 16:00:00,29.7,73,0.0,7.7,233,6.149493427364155,4.6339756782707715
2013-08-05 17:00:00,29.4,75,0.0,8.2,229,6.18861855782673,5.379684037722159
2013-08-05 18:00:00,28.9,77,0.0,5.2,236,4.310995377286217,2.907803098047884
2013-08-05 19:00:00,28.5,79,0.0,5.4,217,3.2498011250210617,4.312631754255381
2013-08-05 20:00:00,28.2,79,0.0,4.0,185,0.34862297099063255,3.984778792366982
2013-08-05 21:00:00,27.8,81,0.0,4.4,189,0.6883116461770161,4.3458286986186065
2013-08-05 22:00:00,26.9,85,0.0,6.8,205,2.873804179836756,6.162892951849219
2013-08-05 23:00:00,25.2,91,0.0,9.5,209,4.605691392340202,8.30888721782426
2013-08-06 00:00:00,25.0,92,0.0,10.3,205,4.352968095929205,9.334970206477495
2013-08-06 01:00:00,25.2,92,0.0,9.3,196,2.5634274090980926,8.939733772226367
2013-08-06 02:00:00,25.9,90,0.0,7.2,177,-0.3768188849491957,7.190132650232932
2013-08-06 03:00:00,25.9,88,0.0,5.4,160,-1.8469087739586112,5.074340152243906
2013-08-06 04:00:00,25.7,88,0.0,4.3,156,-1.748967565225941,3.9282454678631837
2013-08-06 05:00:00,25.6,87,0.0,3.9,158,-1.4609657143220571,3.616017032810471
2013-08-06 06:00:00,25.2,88,0.0,2.6,146,-1.4539015490239415,2.1554976886431088
2013-08-06 07:00:00,26.2,90,0.0,4.7,148,-2.4906205418960625,3.9858260519352027
2013-08-06 08:00:00,27.8,83,0.0,4.7,148,-2.4906205418960625,3.9858260519352027
2013-08-06 09:00:00,28.8,79,0.0,2.9,187,0.3534210958749277,2.8783838397598336
2013-08-06 10:00:00,29.6,76,0.0,4.0,243,3.5640260967534716,1.815961998958187
2013-08-06 11:00:00,30.3,74,0.0,6.1,270,6.1,0.0
2013-08-06 12:00:00,30.8,71,0.0,8.0,280,7.878462024097664,-1.3891854213354426
2013-08-06 13:00:00,30.6,72,0.0,8.2,285,7.92059177557036,-2.12231616984067
2013-08-06 14:00:00,30.7,73,0.0,6.5,276,6.4643923198937765,-0.6794350112397476
2013-08-06 15:00:00,29.9,75,0.2,5.4,228,4.012982057577929,3.6133052743378347
2013-08-06 16:00:00,29.6,75,0.2,3.7,209,1.7937955949114475,3.2360929164157644
2013-08-06 17:00:00,29.1,77,0.1,2.0,225,1.4142135623730951,1.414213562373095
2013-08-06 18:00:00,28.6,79,0.0,2.0,45,-1.4142135623730954,-1.414213562373095
2013-08-06 19:00:00,27.8,83,0.0,5.5,101,-5.3989495089621515,1.0494494745709972
2013-08-06 20:00:00,26.8,88,0.0,6.0,123,-5.032023407672543,3.2678342100901636
2013-08-06 21:00:00,26.1,90,0.0,6.1,152,-2.8637765329939344,5.385980316439453
2013-08-06 22:00:00,25.6,91,0.0,6.0,155,-2.535709570444196,5.4378467222199
2013-08-06 23:00:00,25.6,89,0.0,4.7,148,-2.4906205418960625,3.9858260519352027
2013-08-07 00:00:00,25.5,87,0.0,4.1,142,-2.524212048835199,3.23084408978756
2013-08-07 01:00:00,25.1,87,0.0,4.6,141,-2.894873798829251,3.5748714227020666
2013-08-07 02:00:00,24.5,88,0.0,4.9,144,-2.880147736233118,3.9641832724372428
2013-08-07 03:00:00,24.0,91,0.0,5.2,146,-2.907803098047883,4.3109953772862175
2013-08-07 04:00:00,24.1,89,0.0,4.4,145,-2.5237363199446032,3.6042689948715636
2013-08-07 05:00:00,25.3,82,0.0,3.4,162,-1.050657780874821,3.2335921554035223
2013-08-07 06:00:00,25.3,83,0.0,3.3,167,-0.7423384793347546,3.2154212137912763
2013-08-07 07:00:00,26.3,88,0.0,5.2,146,-2.907803098047883,4.3109953772862175
2013-08-07 08:00:00,27.9,81,0.0,4.2,149,-2.163159914622228,3.600102662948872
2013-08-07 09:00:00,28.8,78,0.0,2.3,162,-0.7107390870623789,2.187429987478853
2013-08-07 10:00:00,29.4,77,0.0,2.0,225,1.4142135623730951,1.414213562373095
2013-08-07 11:00:00,30.0,74,0.0,4.6,252,4.3748599749577055,1.421478174124758
2013-08-07 12:00:00,30.2,73,0.0,7.7,259,7.558529312547013,1.469229264399395
2013-08-07 13:00:00,30.2,74,0.0,9.0,241,7.871577364254562,4.363286582217033
2013-08-07 14:00:00,29.9,75,0.2,7.6,239,6.5144714853360535,3.9142893693164114
2013-08-07 15:00:00,30.1,73,0.2,8.9,230,6.817795543758905,5.7208097262102
2013-08-07 16:00:00,29.5,75,0.4,7.2,217,4.333068166694749,5.750175672340508
2013-08-07 17:00:00,28.9,77,0.1,7.3,189,1.1419715947936857,7.210124886344506
2013-08-07 18:00:00,28.2,81,0.0,6.2,190,1.0766187015349686,6.10580806867569
2013-08-07 19:00:00,27.6,84,0.0,8.1,167,-1.8221035401853067,7.892397524760405
2013-08-07 20:00:00,26.4,91,0.0,8.6,158,-3.2216167033768435,7.973781149274371
2013-08-07 21:00:00,25.7,92,0.0,9.4,176,-0.6557108531947782,9.377102072442348
2013-08-07 22:00:00,25.3,91,0.0,10.4,178,-0.36295476570600993,10.393664600998596
2013-08-07 23:00:00,25.0,91,0.0,11.2,182,0.3908743630680121,11.193177262613872
2013-08-08 00:00:00,24.6,92,0.0,10.8,180,6.613092715395707e-16,10.8
2013-08-08 01:00:00,24.2,92,0.0,10.2,172,-1.4195656297926664,10.100734301164017
2013-08-08 02:00:00,23.8,94,0.0,9.4,162,-2.9047597471245052,8.939931253174445
2013-08-08 03:00:00,23.9,91,0.0,8.2,157,-3.2039952536120446,7.548139798310009
2013-08-08 04:00:00,23.4,91,0.0,7.7,152,-3.6149310334513602,6.798696465013737
2013-08-08 05:00:00,23.4,91,0.0,7.3,147,-3.9758649556096977,6.122295146001594
2013-08-08 06:00:00,23.4,92,0.0,5.6,140,-3.5996106142446203,4.289848881466277
2013-08-08 07:00:00,25.7,86,0.0,6.9,133,-5.046340541172277,4.705788684431241
2013-08-08 08:00:00,27.5,78,0.0,5.9,142,-3.6324027044213842,4.64926344627966
2013-08-08 09:00:00,28.7,72,0.0,5.5,169,-1.0494494745709964,5.3989495089621515
2013-08-08 10:00:00,29.4,70,0.0,5.5,203,2.1490212066910055,5.062776693988422
2013-08-08 11:00:00,30.0,69,0.0,7.4,241,6.472185832831529,3.5875911898228945
2013-08-08 12:00:00,30.2,69,0.0,9.4,252,8.939931253174443,2.9047597471245057
2013-08-08 13:00:00,30.5,67,0.0,9.6,257,9.353952621938259,2.159530121701104
2013-08-08 14:00:00,30.4,68,0.0,8.1,257,7.892397524760405,1.8221035401853065
2013-08-08 15:00:00,30.2,69,0.0,5.5,247,5.062776693988422,2.149021206691006
2013-08-08 16:00:00,30.2,70,0.0,5.7,252,5.421022142882375,1.7613968679372003
2013-08-08 17:00:00,29.9,71,0.0,4.7,247,4.32637281122647,1.8364363038995868
2013-08-08 18:00:00,29.3,74,0.0,5.2,245,4.7128004925905795,2.197614961051637
2013-08-08 19:00:00,28.1,83,0.0,7.0,235,5.7340643100229425,4.015035054457322
2013-08-08 20:00:00,28.2,78,0.0,6.4,207,2.9055391983331,5.702441754805554
2013-08-08 21:00:00,27.1,83,0.0,7.3,200,2.4967470462773824,6.8597561317371305
2013-08-08 22:00:00,26.1,88,0.0,9.9,190,1.7191169589026112,9.74959675482086
2013-08-08 23:00:00,25.1,91,0.0,10.1,197,2.952954217699641,9.658678035226657
2013-08-09 00:00:00,24.8,92,0.0,10.4,194,2.515987714236544,10.091075553270363
2013-08-09 01:00:00,24.7,92,0.0,9.0,178,-0.3140954703225086,8.994517443171862
2013-08-09 02:00:00,24.3,94,0.0,7.5,163,-2.192787785420525,7.172285669722767
2013-08-09 03:00:00,23.6,94,0.0,7.4,157,-2.891410350820626,6.811735915548058
2013-08-09 04:00:00,23.6,93,0.0,8.0,153,-3.6319239979163735,7.128052193506943
2013-08-09 05:00:00,23.6,93,0.0,8.0,153,-3.6319239979163735,7.128052193506943
2013-08-09 06:00:00,23.8,93,0.0,6.4,153,-2.905539198333099,5.702441754805555
2013-08-09 07:00:00,25.8,90,0.0,7.7,152,-3.6149310334513602,6.798696465013737
2013-08-09 08:00:00,27.9,82,0.0,8.3,175,-0.7233926648055634,8.268415994161488
2013-08-09 09:00:00,29.1,76,0.0,8.1,193,1.8221035401853058,7.892397524760405
2013-08-09 10:00:00,30.0,72,0.0,7.6,211,3.9142893693164114,6.5144714853360535
2013-08-09 11:00:00,30.3,71,0.0,9.8,234,7.9283665448744856,5.760295472466237
2013-08-09 12:00:00,30.5,70,0.0,12.2,242,10.771960632878908,5.727553065987867
2013-08-09 13:00:00,30.4,71,0.0,11.5,238,9.7525531057989,6.094071538681856
2013-08-09 14:00:00,30.7,70,0.0,8.4,211,4.326319829244455,7.200205325897744
2013-08-09 15:00:00,30.0,73,0.0,8.6,213,4.683895701129233,7.212566884330647
2013-08-09 16:00:00,29.9,74,0.0,7.3,237,6.122295146001595,3.9758649556096977
2013-08-09 17:00:00,29.7,75,0.0,8.7,240,7.534421012924616,4.349999999999999
2013-08-09 18:00:00,29.0,78,0.0,6.9,227,5.046340541172277,4.70578868443124
2013-08-09 19:00:00,28.0,85,0.0,6.4,207,2.9055391983331,5.702441754805554
2013-08-09 20:00:00,27.1,88,0.0,4.1,195,1.061158084920335,3.96029588778518
2013-08-09 21:00:00,26.1,90,0.0,4.7,184,0.3278554265973886,4.688551036221174
2013-08-09 22:00:00,25.9,90,0.0,3.6,174,-0.3763024677635528,3.580278823325784
2013-08-09 23:00:00,25.6,90,0.0,7.6,177,-0.3977532674463732,7.589584464134761
2013-08-10 00:00:00,26.1,88,0.0,5.8,176,-0.4045875477159269,5.78587149150698
2013-08-10 01:00:00,25.3,92,0.0,5.1,184,0.35575801609503865,5.087576656325103
2013-08-10 02:00:00,24.1,95,0.0,6.5,174,-0.6794350112397481,6.4643923198937765
2013-08-10 03:00:00,24.6,91,0.0,7.7,169,-1.469229264399395,7.558529312547013
2013-08-10 04:00:00,24.5,91,0.0,6.2,170,-1.076618701534968,6.10580806867569
2013-08-10 05:00:00,24.6,90,0.0,4.8,167,-1.079765060850552,4.676976310969129
2013-08-10 06:00:00,24.3,91,0.0,3.9,146,-2.180852323535912,3.233246532964663
2013-08-10 07:00:00,26.2,89,0.0,4.9,144,-2.880147736233118,3.9641832724372428
2013-08-10 08:00:00,27.6,83,0.0,4.7,189,0.7352419856890854,4.6421352007971475
2013-08-10 09:00:00,28.5,79,0.0,6.4,223,4.36478950439999,4.6806636903626915
2013-08-10 10:00:00,29.0,77,0.0,8.1,249,7.5620014546273335,2.902780391316932
2013-08-10 11:00:00,29.5,76,0.2,9.4,270,9.4,0.0
2013-08-10 12:00:00,29.7,76,0.1,7.6,301,6.5144714853360535,-3.9142893693164114
2013-08-10 13:00:00,29.3,77,0.1,5.6,297,4.98963653545486,-2.5423467985414616
2013-08-10 14:00:00,29.0,78,0.0,5.4,307,4.312631754255381,-3.2498011250210608
2013-08-10 15:00:00,29.2,75,0.3,5.5,328,2.914555953282627,-4.664264528860342
2013-08-10 16:00:00,28.7,76,0.0,6.2,324,3.6442685642133337,-5.0159053651246746
2013-08-10 17:00:00,28.6,76,0.0,3.2,333,1.45276959916655,-2.851220877402777
2013-08-10 18:00:00,28.2,82,0.0,4.9,306,3.9641832724372428,-2.8801477362331185
2013-08-10 19:00:00,28.1,77,0.0,4.6,342,1.4214781741247582,-4.3748599749577055
2013-08-10 20:00:00,27.6,79,0.0,3.3,311,2.4905416147351476,-2.1649947956686737
2013-08-10 21:00:00,27.2,80,0.0,3.0,284,2.9108871788279895,-0.7257656867990032
2013-08-10 22:00:00,27.1,81,0.0,1.9,158,-0.7117525274902329,1.761649323676896
2013-08-10 23:00:00,26.3,84,0.0,4.2,149,-2.163159914622228,3.600102662948872
2013-08-11 00:00:00,25.2,88,0.0,5.5,169,-1.0494494745709964,5.3989495089621515
2013-08-11 01:00:00,24.5,92,0.0,5.9,194,1.4273391840380394,5.7247447850283795
2013-08-11 02:00:00,24.4,91,0.0,5.4,184,0.3766849582182763,5.386845871403051
2013-08-11 03:00:00,25.6,83,0.0,3.6,180,2.2043642384652358e-16,3.6
2013-08-11 04:00:00,25.0,84,0.0,3.4,148,-1.8017254983928963,2.8833635269318485
2013-08-11 05:00:00,24.0,87,0.0,3.3,131,-2.4905416147351476,2.1649947956686737
2013-08-11 06:00:00,23.0,91,0.0,3.0,76,-2.9108871788279895,-0.7257656867990026
2013-08-11 07:00:00,25.2,90,0.0,2.5,82,-2.475670171853926,-0.3479327524001638
2013-08-11 08:00:00,27.5,80,0.0,2.5,45,-1.7677669529663693,-1.7677669529663687
2013-08-11 09:00:00,28.7,75,0.0,5.1,352,0.7097828148963339,-5.050367150582009
2013-08-11 10:00:00,29.5,71,0.0,9.4,337,3.672872607799173,-8.65274562245294
2013-08-11 11:00:00,30.2,69,0.0,13.4,333,6.0834726965099275,-11.93948742412413
2013-08-11 12:00:00,30.0,70,0.0,16.4,345,4.24463233968134,-15.84118355114072
2013-08-11 13:00:00,29.9,69,0.0,15.3,352,2.129348444689002,-15.151101451746028
2013-08-11 14:00:00,30.0,68,0.0,15.1,357,0.7902729392684539,-15.079305974794064
2013-08-11 15:00:00,30.0,71,0.0,13.3,2,-0.4641633061432601,-13.291897999353974
2013-08-11 16:00:00,29.8,72,0.0,12.2,2,-0.42577385977050924,-12.192568089632967
2013-08-11 17:00:00,29.4,75,0.0,10.1,2,-0.35248491669525767,-10.093847352892867
2013-08-11 18:00:00,28.8,78,0.0,8.3,355,0.7233926648055626,-8.268415994161488
2013-08-11 19:00:00,27.6,87,0.0,5.9,349,1.125773072721615,-5.791600382341218
2013-08-11 20:00:00,26.8,88,0.0,4.5,346,1.0886485301985045,-4.366330768241984
2013-08-11 21:00:00,25.8,91,0.0,3.6,307,2.875087836170254,-2.166534083347374
2013-08-11 22:00:00,25.4,92,0.0,3.0,256,2.9108871788279895,0.7257656867990032
2013-08-11 23:00:00,24.7,94,0.1,4.0,207,1.8159619989581872,3.564026096753471
2013-08-12 00:00:00,25.2,91,0.0,2.6,214,1.4539015490239418,2.1554976886431088
2013-08-12 01:00:00,25.1,90,0.0,2.2,171,-0.34415582308850784,2.1729143493093033
2013-08-12 02:00:00,24.7,91,0.0,3.9,158,-1.4609657143220571,3.616017032810471
2013-08-12 03:00:00,23.5,94,0.3,4.0,153,-1.8159619989581868,3.5640260967534716
2013-08-12 04:00:00,23.4,94,0.4,4.8,153,-2.179154398749824,4.276831316104166
2013-08-12 05:00:00,24.9,87,0.0,1.3,34,-0.7269507745119705,-1.0777488443215544
2013-08-12 06:00:00,24.0,89,0.0,4.6,39,-2.894873798829254,-3.5748714227020644
2013-08-12 07:00:00,25.4,93,0.0,2.3,39,-1.447436899414627,-1.7874357113510322
2013-08-12 08:00:00,28.1,82,0.0,4.6,315,3.2526911934581184,-3.252691193458118
2013-08-12 09:00:00,29.1,79,0.0,5.7,325,3.269385687200963,-4.669166652447253
2013-08-12 10:00:00,30.2,75,0.0,6.0,327,3.2678342100901627,-5.032023407672544
2013-08-12 11:00:00,30.8,72,0.0,8.0,324,4.702282018339785,-6.47213595499958
2013-08-12 12:00:00,30.8,73,0.0,9.7,321,6.104407793183423,-7.538315826132617
2013-08-12 13:00:00,30.7,72,0.0,11.6,330,5.800000000000001,-10.045894683899487
2013-08-12 14:00:00,30.8,72,0.0,12.4,334,5.435802220184561,-11.145046174109671
2013-08-12 15:00:00,30.7,73,0.0,10.0,334,4.383711467890775,-8.98794046299167
2013-08-12 16:00:00,30.5,73,0.0,7.2,3,-0.376818884949199,-7.190132650232932
2013-08-12 17:00:00,30.1,76,0.0,6.0,343,1.7542302283364206,-5.737828535778212
2013-08-12 18:00:00,29.4,80,0.0,7.5,325,4.301823272632846,-6.143640332167439
2013-08-12 19:00:00,28.5,85,0.0,6.3,301,5.400153994423308,-3.244739871933341
2013-08-12 20:00:00,27.6,89,0.0,4.6,252,4.3748599749577055,1.421478174124758
2013-08-12 21:00:00,26.8,92,0.0,5.3,208,2.4881992827652213,4.679622242152313
2013-08-12 22:00:00,26.3,93,0.0,7.5,197,2.192787785420526,7.172285669722766
2013-08-12 23:00:00,25.9,93,0.0,9.1,187,1.1090110249868421,9.032169979936029
2013-08-13 00:00:00,25.6,93,0.0,10.5,176,-0.732442974313316,10.474422527728153
2013-08-13 01:00:00,25.3,92,0.7000000000000001,10.8,178,-0.3769145643870103,10.793420931806235
2013-08-13 02:00:00,25.0,91,0.8,11.7,189,1.8302832409707017,11.555953584963111
2013-08-13 03:00:00,25.4,95,1.4,10.6,190,1.8406706832694624,10.438962181929405
2013-08-13 04:00:00,25.3,95,1.2,10.9,186,1.1393602496174227,10.84028865951418
2013-08-13 05:00:00,25.0,95,1.1,7.6,199,2.474317973874391,7.185941174554807
2013-08-13 06:00:00,24.8,95,0.6,7.6,185,0.6623836448822018,7.571079705497266
2013-08-13 07:00:00,25.1,95,0.1,8.0,198,2.4721359549995796,7.608452130361228
2013-08-13 08:00:00,26.1,90,0.0,6.5,214,3.634753872559854,5.388744221607771
2013-08-13 09:00:00,27.1,85,0.0,2.1,239,1.800051331474436,1.0815799573111138
2013-08-13 10:00:00,28.9,77,0.0,2.7,293,2.485363104321589,-1.0549740469210394
2013-08-13 11:00:00,30.2,71,0.0,6.1,298,5.385980316439454,-2.8637765329939335
2013-08-13 12:00:00,30.9,68,0.0,9.1,288,8.654614298285896,-2.8120546488120213
2013-08-13 13:00:00,30.5,68,0.0,11.7,279,11.555953584963111,-1.830283240970701
2013-08-13 14:00:00,30.2,68,0.1,10.2,278,10.100734301164017,-1.4195656297926673
2013-08-13 15:00:00,29.1,76,1.5,6.8,270,6.8,0.0
2013-08-13 16:00:00,28.8,79,0.4,3.6,233,2.875087836170254,2.166534083347374
2013-08-13 17:00:00,28.4,83,0.0,5.5,191,1.049449474570997,5.3989495089621515
2013-08-13 18:00:00,28.3,81,0.0,4.6,288,4.3748599749577055,-1.421478174124758
2013-08-13 19:00:00,27.5,85,0.0,4.4,305,3.604268994871564,-2.523736319944603
2013-08-13 20:00:00,26.9,87,0.0,3.7,241,3.2360929164157644,1.7937955949114472
2013-08-13 21:00:00,26.5,88,0.0,6.7,216,3.93816119035957,5.420413862312148
2013-08-13 22:00:00,26.0,91,0.4,9.0,209,4.363286582217034,7.871577364254562
2013-08-13 23:00:00,25.5,93,0.5,9.9,213,5.391926446648768,8.302838622659698
2013-08-14 00:00:00,25.3,94,0.4,9.3,208,4.366085533908786,8.21141261358802
2013-08-14 01:00:00,25.9,88,0.0,9.2,219,5.789747597658504,7.149742845404131
2013-08-14 02:00:00,26.1,86,0.2,8.4,223,5.728786224524987,6.143371093601032
2013-08-14 03:00:00,25.2,93,1.3,10.0,210,5.000000000000001,8.660254037844386
2013-08-14 04:00:00,24.9,93,2.9,9.4,198,2.904759747124506,8.939931253174443
2013-08-14 05:00:00,25.6,88,1.9,6.8,183,0.35588450245201897,6.790680836331102
2013-08-14 06:00:00,24.7,94,2.0,5.1,98,-5.050367150582009,0.7097828148963331
2013-08-14 07:00:00,25.4,90,1.7000000000000002,2.6,74,-2.499280409439629,-0.7166571251241974
2013-08-14 08:00:00,25.4,93,1.7000000000000002,0.5,225,0.3535533905932738,0.35355339059327373
2013-08-14 09:00:00,25.6,94,1.8,3.6,225,2.5455844122715714,2.545584412271571
2013-08-14 10:00:00,26.0,92,1.6,3.8,229,2.8678964048465336,2.4930243101639276
2013-08-14 11:00:00,26.4,91,1.3,4.8,257,4.676976310969129,1.079765060850552
2013-08-14 12:00:00,26.7,87,1.2,1.6,297,1.4256104387013888,-0.7263847995832748
2013-08-14 13:00:00,27.1,85,0.8,3.3,41,-2.1649947956686737,-2.4905416147351476
2013-08-14 14:00:00,27.1,85,0.5,4.7,58,-3.9858260519352027,-2.4906205418960625
2013-08-14 15:00:00,27.1,87,0.8,4.6,51,-3.5748714227020653,-2.894873798829253
2013-08-14 16:00:00,27.0,88,0.3,4.7,58,-3.9858260519352027,-2.4906205418960625
2013-08-14 17:00:00,27.0,88,0.0,4.4,55,-3.604268994871564,-2.5237363199446032
2013-08-14 18:00:00,26.7,90,0.4,3.3,264,3.2819222547153015,0.3449439287832564
2013-08-14 19:00:00,26.0,92,0.9,4.3,265,4.283637201794505,0.3747696938149301
2013-08-14 20:00:00,25.2,94,1.0,3.6,233,2.875087836170254,2.166534083347374
2013-08-14 21:00:00,25.6,89,0.7000000000000001,5.0,210,2.5000000000000004,4.330127018922193
2013-08-14 22:00:00,25.3,90,1.2,4.6,198,1.4214781741247582,4.3748599749577055
2013-08-14 23:00:00,24.8,93,0.7000000000000001,4.0,153,-1.8159619989581868,3.5640260967534716
2013-08-15 00:00:00,24.4,94,0.9,4.3,132,-3.195522749552794,2.8772616073430908
2013-08-15 01:00:00,24.1,95,1.4,5.0,120,-4.330127018922194,2.4999999999999996
2013-08-15 02:00:00,23.8,96,1.5,5.4,138,-3.6133052743378347,4.012982057577929
2013-08-15 03:00:00,24.8,90,1.0,4.9,163,-1.4326213531414098,4.685893304218874
2013-08-15 04:00:00,24.1,94,0.9,6.4,164,-1.764079077228794,6.1520748540052415
2013-08-15 05:00:00,23.9,94,0.3,6.0,147,-3.2678342100901627,5.032023407672543
2013-08-15 06:00:00,24.4,91,0.1,3.9,124,-3.2332465329646625,2.180852323535913
2013-08-15 07:00:00,24.8,93,0.0,4.2,160,-1.4364846019678086,3.9467090073008158
2013-08-15 08:00:00,26.1,84,0.0,4.4,145,-2.5237363199446032,3.6042689948715636
2013-08-15 09:00:00,26.8,82,0.1,5.6,153,-2.542346798541461,4.98963653545486
2013-08-15 10:00:00,27.5,80,0.2,5.8,173,-0.7068421917498547,5.756767679519668
2013-08-15 11:00:00,27.8,79,0.4,7.4,219,4.656970893768798,5.750880114781585
2013-08-15 12:00:00,27.9,79,0.7000000000000001,6.4,218,3.9402334420842133,5.043268823083022
2013-08-15 13:00:00,27.0,82,1.8,6.1,225,4.31335136523794,4.313351365237939
2013-08-15 14:00:00,26.5,84,3.8,4.9,197,1.4326213531414103,4.685893304218874
2013-08-15 15:00:00,27.2,81,2.4,2.5,135,-1.7677669529663687,1.7677669529663689
2013-08-15 16:00:00,27.4,81,0.1,2.5,90,-2.5,3.061616997868383e-16
2013-08-15 17:00:00,27.5,81,0.0,1.8,79,-1.7669289302057951,-0.3434561916777805
2013-08-15 18:00:00,27.0,84,0.1,3.5,336,1.4235782507653008,-3.197409101749103
2013-08-15 19:00:00,26.1,86,0.4,1.3,214,0.7269507745119709,1.0777488443215544
2013-08-15 20:00:00,25.1,90,0.5,3.9,202,1.4609657143220567,3.616017032810471
2013-08-15 21:00:00,24.8,92,0.0,4.6,225,3.2526911934581184,3.252691193458118
2013-08-15 22:00:00,24.5,92,0.0,3.2,207,1.45276959916655,2.851220877402777
2013-08-15 23:00:00,24.6,90,0.0,3.6,186,0.3763024677635525,3.580278823325784
2013-08-16 00:00:00,24.5,91,0.0,6.3,204,2.5624408513775414,5.755336383148386
2013-08-16 01:00:00,23.5,95,0.0,6.5,199,2.116193003971519,6.145870741395559
2013-08-16 02:00:00,22.8,97,0.0,4.6,198,1.4214781741247582,4.3748599749577055
2013-08-16 03:00:00,23.3,94,0.0,4.7,184,0.3278554265973886,4.688551036221174
2013-08-16 04:00:00,22.6,96,0.0,6.4,164,-1.764079077228794,6.1520748540052415
2013-08-16 05:00:00,22.4,95,0.0,7.2,153,-3.2687315981247362,6.415246974156249
2013-08-16 06:00:00,22.2,95,0.0,4.5,104,-4.366330768241984,1.0886485301985047
2013-08-16 07:00:00,24.0,94,0.0,4.0,100,-3.939231012048832,0.6945927106677211
2013-08-16 08:00:00,26.0,84,0.0,2.2,81,-2.1729143493093033,-0.3441558230885076
2013-08-16 09:00:00,27.2,81,0.0,2.6,16,-0.7166571251241971,-2.4992804094396295
2013-08-16 10:00:00,28.2,76,0.0,3.3,347,0.7423384793347542,-3.2154212137912763
2013-08-16 11:00:00,28.8,74,0.0,4.8,318,3.2118269105225195,-3.5670951622914924
2013-08-16 12:00:00,29.1,75,0.3,6.3,329,3.244739871933341,-5.400153994423308
2013-08-16 13:00:00,29.4,73,0.2,7.5,343,2.192787785420526,-7.172285669722766
2013-08-16 14:00:00,27.8,79,1.0,7.1,336,2.8878301658381815,-6.486172749262466
2013-08-16 15:00:00,28.4,78,0.2,6.8,342,2.1013155617496424,-6.467184310807044
2013-08-16 16:00:00,27.7,77,0.2,8.6,2,-0.3001356716415065,-8.594761112364223
2013-08-16 17:00:00,26.9,81,0.0,8.0,36,-4.702282018339786,-6.472135954999579
2013-08-16 18:00:00,26.7,81,0.0,4.6,45,-3.2526911934581193,-3.252691193458118
2013-08-16 19:00:00,26.0,89,0.0,4.6,45,-3.2526911934581193,-3.252691193458118
2013-08-16 20:00:00,26.7,79,0.0,6.0,343,1.7542302283364206,-5.737828535778212
2013-08-16 21:00:00,25.6,86,0.0,6.6,338,2.4724035165450187,-6.1194134401407965
2013-08-16 22:00:00,25.2,87,0.0,5.4,312,4.012982057577929,-3.6133052743378347
2013-08-16 23:00:00,23.6,94,0.0,1.5,45,-1.0606601717798214,-1.0606601717798212
2013-08-17 00:00:00,23.0,96,0.0,3.9,146,-2.180852323535912,3.233246532964663
2013-08-17 01:00:00,22.9,95,0.0,6.5,177,-0.34018371557913496,6.49109197590473
2013-08-17 02:00:00,23.0,95,0.0,8.7,197,2.5436338310878095,8.319851376878407
2013-08-17 03:00:00,23.7,93,0.0,8.9,201,3.1894747509531736,8.308865795825096
2013-08-17 04:00:00,23.3,94,0.0,8.7,187,1.060263287624783,8.6351515192795
2013-08-17 05:00:00,23.4,92,0.0,7.2,162,-2.224922359499621,6.847606917325106
2013-08-17 06:00:00,23.8,90,0.0,5.4,160,-1.8469087739586112,5.074340152243906
2013-08-17 07:00:00,25.2,88,0.0,6.1,152,-2.8637765329939344,5.385980316439453
2013-08-17 08:00:00,26.4,82,0.0,5.9,166,-1.42733918403804,5.7247447850283795
2013-08-17 09:00:00,27.2,81,0.0,6.0,197,1.7542302283364206,5.737828535778212
2013-08-17 10:00:00,27.7,80,0.0,5.4,222,3.6133052743378347,4.012982057577929
2013-08-17 11:00:00,28.3,79,0.0,5.8,240,5.022947341949744,2.8999999999999995
2013-08-17 12:00:00,28.3,80,0.4,3.6,276,3.580278823325784,-0.37630246776355253
2013-08-17 13:00:00,28.4,80,0.9,5.1,321,3.209533994354171,-3.963444403430551
2013-08-17 14:00:00,27.7,85,0.7000000000000001,3.3,347,0.7423384793347542,-3.2154212137912763
2013-08-17 15:00:00,27.9,79,0.1,2.6,56,-2.1554976886431088,-1.4539015490239415
2013-08-17 16:00:00,27.6,80,0.0,3.2,63,-2.8512208774027776,-1.4527695991665495
2013-08-17 17:00:00,27.5,82,0.0,2.0,45,-1.4142135623730954,-1.414213562373095
2013-08-17 18:00:00,27.2,86,0.0,3.7,11,-0.7059932828932151,-3.632020578756357
2013-08-17 19:00:00,26.6,86,0.0,3.3,13,-0.7423384793347553,-3.215421213791276
2013-08-17 20:00:00,26.1,87,0.0,4.0,10,-0.6945927106677213,-3.939231012048832
2013-08-17 21:00:00,25.2,91,0.0,4.1,52,-3.23084408978756,-2.5242120488351985
2013-08-17 22:00:00,25.1,89,0.0,3.6,53,-2.875087836170254,-2.1665340833473743
2013-08-17 23:00:00,25.4,87,0.0,0.8,27,-0.36319239979163753,-0.7128052193506943
2013-08-18 00:00:00,24.5,90,0.0,1.5,194,0.3628828433995015,1.4554435894139948
2013-08-18 01:00:00,24.0,92,0.0,2.7,157,-1.0549740469210394,2.4853631043215887
2013-08-18 02:00:00,24.1,91,0.0,4.0,153,-1.8159619989581868,3.5640260967534716
2013-08-18 03:00:00,24.2,91,0.0,5.0,150,-2.499999999999999,4.330127018922194
2013-08-18 04:00:00,24.9,86,0.0,5.5,157,-2.149021206691006,5.062776693988422
2013-08-18 05:00:00,25.0,85,0.0,5.0,150,-2.499999999999999,4.330127018922194
2013-08-18 06:00:00,25.5,81,0.0,3.9,158,-1.4609657143220571,3.616017032810471
2013-08-18 07:00:00,25.2,90,0.0,3.6,174,-0.3763024677635528,3.580278823325784
2013-08-18 08:00:00,27.1,79,0.0,4.4,189,0.6883116461770161,4.3458286986186065
2013-08-18 09:00:00,27.6,77,0.0,3.1,216,1.8221342821066668,2.5079526825623373
2013-08-18 10:00:00,28.5,74,0.0,2.5,262,2.475670171853926,0.3479327524001636
2013-08-18 11:00:00,28.9,73,0.0,4.4,279,4.3458286986186065,-0.6883116461770159
2013-08-18 12:00:00,28.7,75,0.1,6.4,286,6.1520748540052415,-1.7640790772287946
2013-08-18 13:00:00,28.7,75,0.2,6.3,301,5.400153994423308,-3.244739871933341
2013-08-18 14:00:00,28.7,74,0.0,4.6,315,3.2526911934581184,-3.252691193458118
2013-08-18 15:00:00,28.6,74,0.0,2.1,329,1.0815799573111138,-1.800051331474436
2013-08-18 16:00:00,28.5,75,0.0,0.8,27,-0.36319239979163753,-0.7128052193506943
2013-08-18 17:00:00,28.0,77,0.0,2.5,135,-1.7677669529663687,1.7677669529663689
2013-08-18 18:00:00,27.6,80,0.0,1.8,101,-1.7669289302057951,0.34345619167778096
2013-08-18 19:00:00,26.7,86,0.0,5.2,146,-2.907803098047883,4.3109953772862175
2013-08-18 20:00:00,26.2,87,0.0,5.6,153,-2.542346798541461,4.98963653545486
2013-08-18 21:00:00,26.0,86,0.0,5.2,155,-2.1976149610516367,4.71280049259058
2013-08-18 22:00:00,25.0,90,0.0,4.6,141,-2.894873798829251,3.5748714227020666
2013-08-18 23:00:00,24.3,92,0.0,5.4,138,-3.6133052743378347,4.012982057577929
2013-08-19 00:00:00,23.5,93,0.0,5.4,138,-3.6133052743378347,4.012982057577929
2013-08-19 01:00:00,22.9,94,0.0,5.5,157,-2.149021206691006,5.062776693988422
2013-08-19 02:00:00,22.5,94,0.0,6.5,174,-0.6794350112397481,6.4643923198937765
2013-08-19 03:00:00,22.5,92,0.0,6.1,177,-0.3192493330819574,6.0916401620029
2013-08-19 04:00:00,22.3,92,0.1,5.1,172,-0.7097828148963332,5.050367150582009
2013-08-19 05:00:00,22.1,91,0.1,4.8,153,-2.179154398749824,4.276831316104166
2013-08-19 06:00:00,21.8,92,0.1,3.9,124,-3.2332465329646625,2.180852323535913
2013-08-19 07:00:00,24.2,87,0.0,6.4,117,-5.702441754805554,2.9055391983331003
2013-08-19 08:00:00,27.0,75,0.0,5.6,130,-4.289848881466276,3.5996106142446207
2013-08-19 09:00:00,28.3,73,0.0,4.1,165,-1.0611580849203355,3.96029588778518
2013-08-19 10:00:00,29.4,69,0.0,5.6,207,2.542346798541462,4.989636535454859
2013-08-19 11:00:00,30.0,68,0.0,7.1,225,5.020458146424487,5.020458146424486
2013-08-19 12:00:00,29.9,70,0.2,8.1,238,6.86918957886705,4.29234604028896
2013-08-19 13:00:00,30.0,71,0.1,9.2,249,8.588939923774255,3.296985135816762
2013-08-19 14:00:00,29.8,72,0.0,8.4,250,7.8934180146016315,2.872969203935617
2013-08-19 15:00:00,29.5,73,0.0,8.0,243,7.128052193506943,3.631923997916374
2013-08-19 16:00:00,29.5,73,0.0,7.7,233,6.149493427364155,4.6339756782707715
2013-08-19 17:00:00,29.0,75,0.0,6.1,225,4.31335136523794,4.313351365237939
2013-08-19 18:00:00,28.2,78,0.0,6.4,232,5.043268823083021,3.9402334420842133
2013-08-19 19:00:00,27.1,86,0.0,7.1,204,2.8878301658381815,6.486172749262466
2013-08-19 20:00:00,26.5,90,0.0,6.2,187,0.7555899291119145,6.153786140176196
2013-08-19 21:00:00,26.9,85,0.2,4.6,162,-1.4214781741247577,4.374859974957706
2013-08-19 22:00:00,26.5,86,0.2,3.9,146,-2.180852323535912,3.233246532964663
2013-08-19 23:00:00,25.3,92,0.0,4.9,144,-2.880147736233118,3.9641832724372428
2013-08-20 00:00:00,25.2,93,0.0,6.0,147,-3.2678342100901627,5.032023407672543
2013-08-20 01:00:00,24.7,95,0.0,5.4,138,-3.6133052743378347,4.012982057577929
2013-08-20 02:00:00,24.4,95,0.0,4.8,132,-3.567095162291491,3.21182691052252
2013-08-20 03:00:00,25.3,86,0.0,3.5,114,-3.197409101749103,1.4235782507653014
2013-08-20 04:00:00,25.7,83,0.0,3.3,103,-3.215421213791276,0.7423384793347552
2013-08-20 05:00:00,25.8,82,0.0,1.6,153,-0.7263847995832747,1.4256104387013888
2013-08-20 06:00:00,26.4,78,0.0,2.5,360,1.5308084989341916e-16,-2.5
2013-08-20 07:00:00,26.4,79,0.0,4.3,360,2.632990618166809e-16,-4.3
2013-08-20 08:00:00,26.6,82,0.0,7.2,6,-0.7526049355271042,-7.160557646651569
2013-08-20 09:00:00,27.0,82,0.0,10.9,354,1.1393602496174227,-10.84028865951418
2013-08-20 10:00:00,27.6,81,0.2,13.0,355,1.1330246557195558,-12.950531075192693
2013-08-20 11:00:00,27.8,81,0.3,15.2,353,1.8524140197582417,-15.086701504948094
2013-08-20 12:00:00,27.8,81,0.7000000000000001,16.7,354,1.7456253365698127,-16.608515652650162
2013-08-20 13:00:00,27.2,85,1.1,19.1,358,0.6665803870177707,-19.08836479606473
2013-08-20 14:00:00,26.8,90,0.6,20.9,357,1.0938214854775288,-20.871357276370592
2013-08-20 15:00:00,27.4,88,0.4,23.8,357,1.2455957585820665,-23.76738292715886
2013-08-20 16:00:00,26.7,92,0.4,23.4,357,1.2246613760848888,-23.367931113257026
2013-08-20 17:00:00,26.5,91,0.5,23.8,1,-0.41536727320734723,-23.796375144722113
2013-08-20 18:00:00,26.1,93,0.4,23.0,360,1.4083438190194562e-15,-23.0
2013-08-20 19:00:00,25.8,94,0.2,21.3,358,0.743359279763273,-21.28702461550674
2013-08-20 20:00:00,25.5,95,0.0,18.0,357,0.9420472123729914,-17.975331625582328
2013-08-20 21:00:00,25.4,95,0.4,18.0,358,0.6281909406450195,-17.989034886343724
2013-08-20 22:00:00,25.0,96,0.4,18.7,2,-0.6526205883367642,-18.68860846525709
2013-08-20 23:00:00,24.8,96,1.0,19.0,10,-3.2993153756716764,-18.711347307231954
2013-08-21 00:00:00,25.6,92,0.4,16.2,12,-3.3681693912477084,-15.845991131887649
2013-08-21 01:00:00,25.8,90,0.4,15.0,11,-2.8621349306481694,-14.72440775171496
2013-08-21 02:00:00,25.9,89,0.9,16.2,12,-3.3681693912477084,-15.845991131887649
2013-08-21 03:00:00,24.6,96,0.2,16.0,14,-3.8707503295946846,-15.524731620415944
2013-08-21 04:00:00,25.2,94,0.1,15.4,16,-4.244815279581783,-14.803430117450112
2013-08-21 05:00:00,25.5,92,0.1,14.1,13,-3.1718098662485,-13.738617913471815
2013-08-21 06:00:00,25.8,90,0.4,11.5,14,-2.7821017993961794,-11.15840085217396
2013-08-21 07:00:00,25.7,93,0.5,14.2,7,-1.7305446763530898,-14.094155353306773
2013-08-21 08:00:00,26.6,89,0.7000000000000001,14.4,13,-3.23929518255166,-14.030928932907386
2013-08-21 09:00:00,26.8,88,0.9,19.1,11,-3.644451811692002,-18.749079203850382
2013-08-21 10:00:00,27.0,89,1.1,21.7,7,-2.6445647518916937,-21.538251490616688
2013-08-21 11:00:00,26.8,91,0.9,23.0,360,1.4083438190194562e-15,-23.0
2013-08-21 12:00:00,26.1,93,1.5,29.4,349,5.609784464070421,-28.85983919336132
2013-08-21 13:00:00,26.3,92,1.7000000000000002,31.8,340,10.876240557756269,-29.882225340991884
2013-08-21 14:00:00,26.4,93,3.2,36.9,343,10.788515904268987,-35.287645495036
2013-08-21 15:00:00,26.1,94,2.8,34.6,341,11.264658144217623,-32.71494271573636
2013-08-21 16:00:00,26.2,93,2.9,33.2,339,11.897815924903973,-30.9948701597071
2013-08-21 17:00:00,25.9,94,5.1,31.1,336,12.649509599657387,-28.411263732684887
2013-08-21 18:00:00,25.8,93,4.9,29.9,320,19.219349529627525,-22.90472884925744
2013-08-21 19:00:00,25.5,95,6.1,28.5,298,25.16400639647942,-13.379939539397888
2013-08-21 20:00:00,25.4,94,8.8,27.9,256,27.0712507631003,6.749620887230729
2013-08-21 21:00:00,25.1,96,7.7,32.6,229,24.60353231526237,21.387524345090537
2013-08-21 22:00:00,25.5,95,7.0,35.9,216,21.101490557299783,29.04371009806061
2013-08-21 23:00:00,25.7,95,4.1,39.6,214,22.144038977441575,32.82988787317965
2013-08-22 00:00:00,25.8,95,2.2,38.8,207,17.614831389894416,34.57105313850867
2013-08-22 01:00:00,25.6,94,4.3,37.3,197,10.90546458615808,35.67016739742122
2013-08-22 02:00:00,25.4,92,3.7,37.7,193,8.480654748763708,36.733751442403374
2013-08-22 03:00:00,25.2,87,1.7000000000000002,37.1,188,5.163322045618429,36.738945350312264
2013-08-22 04:00:00,25.1,85,1.4,34.6,182,1.2075225859065375,34.578922614860716
2013-08-22 05:00:00,25.2,82,1.3,33.2,183,1.7375537472657399,33.154500553851854
2013-08-22 06:00:00,25.4,82,1.2,27.8,184,1.9392299700866815,27.732280597223113
2013-08-22 07:00:00,25.4,85,1.2,28.8,181,0.5026293053937676,28.79561362050407
2013-08-22 08:00:00,26.1,83,1.1,28.1,178,-0.9806758573402768,28.082882239236593
2013-08-22 09:00:00,26.8,81,1.2,30.3,178,-1.057454750085779,30.281542058678603
2013-08-22 10:00:00,27.9,80,1.3,31.0,183,1.622414643531263,30.95751557739179
2013-08-22 11:00:00,28.4,77,1.1,29.9,179,-0.521826952474776,29.895446085176097
2013-08-22 12:00:00,28.4,76,1.2,28.6,175,-2.4926542425830256,28.491168365423924
2013-08-22 13:00:00,28.6,75,1.1,27.4,176,-1.9113273805890338,27.333254977119182
2013-08-22 14:00:00,28.5,75,0.9,26.7,184,1.8624978489681436,26.634960141937306
2013-08-22 15:00:00,27.2,81,4.1,27.2,186,2.843174200880174,27.05099555401703
2013-08-22 16:00:00,26.7,84,2.7,24.4,188,3.395823663425597,24.162540877294315
2013-08-22 17:00:00,26.5,83,2.9,23.6,187,2.876116504361481,23.4240891787352
2013-08-22 18:00:00,25.9,86,3.3,22.1,199,7.195056213503165,20.8959605207449
2013-08-22 19:00:00,25.6,86,2.3,23.7,189,3.7074968214534727,23.408213672104765
2013-08-22 20:00:00,25.4,85,1.0,20.2,185,1.7605460035026943,20.12313290145326
2013-08-22 21:00:00,25.2,86,0.3,18.8,192,3.908739787373878,18.389174893795545
2013-08-22 22:00:00,24.9,88,0.0,21.3,192,4.428519014418277,20.83454389563006
2013-08-22 23:00:00,24.9,88,0.0,21.7,186,2.26826765290808,21.58112512949153
2013-08-23 00:00:00,24.9,87,0.0,19.8,180,1.2124003311558797e-15,19.8
2013-08-23 01:00:00,24.8,87,0.0,18.0,181,0.3141433158711048,17.997258512815044
2013-08-23 02:00:00,24.7,87,0.0,17.3,182,0.6037612929532687,17.289461307430358
2013-08-23 03:00:00,24.7,87,0.0,18.2,188,2.5329504374731915,18.02287885109658
2013-08-23 04:00:00,24.6,88,0.0,19.8,190,3.4382339178052224,19.49919350964172
2013-08-23 05:00:00,24.8,87,0.1,19.8,190,3.4382339178052224,19.49919350964172
2013-08-23 06:00:00,25.0,86,0.0,21.4,187,2.6080039488701563,21.24048764512429
2013-08-23 07:00:00,25.5,85,0.0,19.8,183,1.0362519336102907,19.772864788140563
2013-08-23 08:00:00,26.4,84,0.0,17.3,184,1.2067869957733666,17.257858069494958
2013-08-23 09:00:00,27.4,82,0.0,18.6,190,3.229856104604906,18.31742420602707
2013-08-23 10:00:00,28.3,79,0.0,21.6,195,5.590491374214448,20.863997847843876
2013-08-23 11:00:00,28.2,79,0.1,24.8,193,5.57878614772785,24.164377606673835
2013-08-23 12:00:00,27.7,82,0.1,21.7,191,4.140555199671025,21.30130988081431
2013-08-23 13:00:00,27.7,81,0.0,23.7,194,5.733548925712124,22.996008712741116
2013-08-23 14:00:00,27.5,82,0.0,24.9,194,6.023855200431725,24.16036358427231
2013-08-23 15:00:00,27.0,85,0.7000000000000001,21.4,197,6.256754481066566,20.464921777608957
2013-08-23 16:00:00,26.6,86,0.7000000000000001,21.8,193,4.903932984696255,21.24126741231813
2013-08-23 17:00:00,25.9,87,0.4,20.9,191,3.9879080033697885,20.516008134056175
2013-08-23 18:00:00,25.8,86,0.2,13.8,186,1.4424927930936178,13.724402156082173
2013-08-23 19:00:00,25.3,87,0.0,12.0,173,-1.4624321208617683,11.910553819695865
2013-08-23 20:00:00,24.8,88,0.1,12.0,164,-3.3076482698039884,11.535140351259827
2013-08-23 21:00:00,24.5,89,0.0,8.2,157,-3.2039952536120446,7.548139798310009
2013-08-23 22:00:00,24.0,90,0.0,6.3,167,-1.4171916423663498,6.1385314081469815
2013-08-23 23:00:00,23.7,90,0.0,5.9,166,-1.42733918403804,5.7247447850283795
2013-08-24 00:00:00,23.3,91,0.2,6.6,151,-3.199743493625824,5.772490067120012
2013-08-24 01:00:00,23.3,90,0.0,7.7,139,-5.0516545232269054,5.811263767715346
2013-08-24 02:00:00,22.8,91,0.1,5.9,133,-4.314986839553106,4.023790324368742
2013-08-24 03:00:00,25.2,79,0.0,3.4,148,-1.8017254983928963,2.8833635269318485
2013-08-24 04:00:00,25.5,76,0.2,3.0,166,-0.7257656867990033,2.9108871788279895
2013-08-24 05:00:00,23.6,85,0.0,4.8,167,-1.079765060850552,4.676976310969129
2013-08-24 06:00:00,23.3,86,0.0,4.9,107,-4.685893304218874,1.4326213531414094
2013-08-24 07:00:00,24.7,91,0.0,5.5,122,-4.664264528860342,2.914555953282627
2013-08-24 08:00:00,27.1,79,0.0,4.3,138,-2.8772616073430903,3.195522749552795
2013-08-24 09:00:00,27.9,77,0.0,3.9,146,-2.180852323535912,3.233246532964663
2013-08-24 10:00:00,28.6,75,0.0,5.7,162,-1.7613968679371999,5.421022142882376
2013-08-24 11:00:00,29.3,73,0.0,10.2,198,3.151973342624464,9.700776466210565
2013-08-24 12:00:00,29.3,74,0.0,13.8,208,6.478707566445294,12.184676781453192
2013-08-24 13:00:00,28.6,77,0.2,12.9,207,5.856477446640154,11.493984162029944
2013-08-24 14:00:00,28.0,79,0.4,14.2,210,7.100000000000001,12.297560733739028
2013-08-24 15:00:00,27.6,83,2.8,12.7,205,5.367251924106883,11.510108895365454
2013-08-24 16:00:00,27.5,83,0.6,10.9,189,1.705135668938517,10.765802912487002
2013-08-24 17:00:00,27.3,85,0.0,9.1,187,1.1090110249868421,9.032169979936029
2013-08-24 18:00:00,27.1,86,0.0,3.7,169,-0.7059932828932158,3.632020578756357
2013-08-24 19:00:00,26.1,92,0.0,3.4,108,-3.233592155403522,1.0506577808748214
2013-08-24 20:00:00,25.4,93,0.0,5.1,94,-5.087576656325103,0.35575801609504015
2013-08-24 21:00:00,25.7,89,0.2,5.4,110,-5.074340152243905,1.846908773958612
2013-08-24 22:00:00,25.8,87,0.0,3.9,124,-3.2332465329646625,2.180852323535913
2013-08-24 23:00:00,26.0,85,0.0,2.1,121,-1.8000513314744357,1.0815799573111142
2013-08-25 00:00:00,25.9,85,0.0,1.6,117,-1.4256104387013886,0.7263847995832751
2013-08-25 01:00:00,24.4,90,0.0,1.6,117,-1.4256104387013886,0.7263847995832751
2013-08-25 02:00:00,22.9,96,0.0,2.3,141,-1.4474368994146256,1.7874357113510333
2013-08-25 03:00:00,22.7,96,0.0,3.3,131,-2.4905416147351476,2.1649947956686737
2013-08-25 04:00:00,22.4,96,0.0,4.5,119,-3.935788682127281,2.181643291108517
2013-08-25 05:00:00,22.2,95,0.0,4.0,117,-3.564026096753471,1.8159619989581874
2013-08-25 06:00:00,22.2,95,0.0,3.8,107,-3.633958072659535,1.111012477946399
2013-08-25 07:00:00,24.1,94,0.0,5.2,102,-5.08636752381579,1.0811407922523484
2013-08-25 08:00:00,26.5,85,0.0,4.6,108,-4.3748599749577055,1.4214781741247584
2013-08-25 09:00:00,27.8,80,0.0,2.6,146,-1.4539015490239415,2.1554976886431088
2013-08-25 10:00:00,28.7,76,0.0,2.4,207,1.0895771993749124,2.138415658052083
2013-08-25 11:00:00,28.7,75,0.0,5.6,243,4.98963653545486,2.5423467985414616
2013-08-25 12:00:00,29.3,74,0.0,8.0,252,7.608452130361228,2.472135954999579
2013-08-25 13:00:00,29.1,74,0.0,7.1,255,6.858073366652385,1.8376152202278973
2013-08-25 14:00:00,29.1,74,0.0,4.3,246,3.9282454678631837,1.7489675652259409
2013-08-25 15:00:00,28.5,75,0.0,2.3,231,1.7874357113510329,1.4474368994146258
2013-08-25 16:00:00,28.4,75,0.0,2.9,187,0.3534210958749277,2.8783838397598336
2013-08-25 17:00:00,28.1,77,0.0,3.4,122,-2.883363526931848,1.8017254983928965
2013-08-25 18:00:00,27.6,80,0.0,0.7000000000000001,90,-0.7000000000000001,8.572527594031473e-17
2013-08-25 19:00:00,27.0,83,0.0,4.5,119,-3.935788682127281,2.181643291108517
2013-08-25 20:00:00,27.1,81,0.0,4.5,119,-3.935788682127281,2.181643291108517
2013-08-25 21:00:00,27.0,80,0.0,0.8,297,0.7128052193506944,-0.3631923997916374
2013-08-25 22:00:00,25.4,87,0.0,2.6,164,-0.7166571251241975,2.499280409439629
2013-08-25 23:00:00,24.6,90,0.0,6.4,153,-2.905539198333099,5.702441754805555
2013-08-26 00:00:00,24.8,88,0.2,7.4,151,-3.587591189822894,6.47218583283153
2013-08-26 01:00:00,24.6,89,0.0,7.1,150,-3.549999999999998,6.148780366869515
2013-08-26 02:00:00,24.0,91,0.0,7.1,150,-3.549999999999998,6.148780366869515
2013-08-26 03:00:00,23.3,91,0.0,5.7,145,-3.269385687200963,4.669166652447252
2013-08-26 04:00:00,22.7,93,0.0,3.1,144,-1.8221342821066664,2.5079526825623373
2013-08-26 05:00:00,22.1,95,0.0,1.8,143,-1.0832670416736871,1.4375439180851268
2013-08-26 06:00:00,22.1,95,0.0,1.3,124,-1.0777488443215542,0.726950774511971
2013-08-26 07:00:00,24.4,90,0.0,5.2,124,-4.310995377286217,2.907803098047884
2013-08-26 08:00:00,27.0,76,0.0,5.0,150,-2.499999999999999,4.330127018922194
2013-08-26 09:00:00,28.1,73,0.0,4.5,194,1.0886485301985045,4.366330768241984
2013-08-26 10:00:00,28.8,71,0.0,3.9,236,3.2332465329646625,2.180852323535913
2013-08-26 11:00:00,29.5,69,0.0,5.4,266,5.386845871403051,0.37668495821827663
2013-08-26 12:00:00,29.5,70,0.0,7.6,270,7.6,0.0
2013-08-26 13:00:00,29.6,70,0.0,9.0,270,9.0,0.0
2013-08-26 14:00:00,29.0,72,0.0,4.3,270,4.3,0.0
2013-08-26 15:00:00,29.1,73,0.0,1.5,225,1.0606601717798214,1.0606601717798212
2013-08-26 16:00:00,28.9,74,0.0,2.9,150,-1.4499999999999993,2.511473670974872
2013-08-26 17:00:00,28.6,76,0.0,2.0,135,-1.414213562373095,1.4142135623730951
2013-08-26 18:00:00,28.1,83,0.0,1.6,243,1.4256104387013888,0.7263847995832748
2013-08-26 19:00:00,27.5,81,0.0,1.6,297,1.4256104387013888,-0.7263847995832748
2013-08-26 20:00:00,27.6,79,0.0,0.7000000000000001,90,-0.7000000000000001,8.572527594031473e-17
2013-08-26 21:00:00,26.9,82,0.0,3.9,146,-2.180852323535912,3.233246532964663
2013-08-26 22:00:00,25.9,86,0.0,6.2,159,-2.2218812871808615,5.788198644282651
2013-08-26 23:00:00,25.5,87,0.0,5.1,188,0.7097828148963339,5.050367150582009
2013-08-27 00:00:00,26.3,84,0.0,3.3,229,2.4905416147351476,2.1649947956686737
2013-08-27 01:00:00,26.2,85,0.0,2.5,188,0.34793275240016364,2.475670171853926
2013-08-27 02:00:00,24.7,90,0.0,5.1,141,-3.20953399435417,3.963444403430552
2013-08-27 03:00:00,23.7,91,0.0,4.7,122,-3.9858260519352022,2.490620541896063
2013-08-27 04:00:00,23.3,92,0.0,4.5,119,-3.935788682127281,2.181643291108517
2013-08-27 05:00:00,22.7,94,0.0,4.7,113,-4.32637281122647,1.8364363038995868
2013-08-27 06:00:00,22.2,95,0.0,3.3,77,-3.2154212137912763,-0.7423384793347544
2013-08-27 07:00:00,24.7,91,0.0,2.9,30,-1.4500000000000013,-2.5114736709748713
2013-08-27 08:00:00,27.3,81,0.0,3.1,339,1.1109406435904312,-2.8940993221413254
2013-08-27 09:00:00,28.5,74,0.0,5.0,330,2.5000000000000004,-4.330127018922193
2013-08-27 10:00:00,29.3,71,0.0,7.9,330,3.950000000000001,-6.841600689897065
2013-08-27 11:00:00,29.7,70,0.0,11.4,325,6.538771374401926,-9.338333304894507
2013-08-27 12:00:00,29.9,71,0.0,14.3,326,7.9964585196316795,-11.855237287537097
2013-08-27 13:00:00,29.4,73,0.0,15.1,332,7.089020598066952,-13.332508652169796
2013-08-27 14:00:00,29.4,73,0.0,12.2,341,3.971931484377312,-11.535326622311663
2013-08-27 15:00:00,29.2,75,0.0,10.6,350,1.8406706832694624,-10.438962181929405
2013-08-27 16:00:00,29.0,76,0.0,8.3,342,2.564841053312064,-7.893769085249775
2013-08-27 17:00:00,28.6,77,0.0,8.0,350,1.3891854213354433,-7.878462024097664
2013-08-27 18:00:00,28.0,81,0.0,7.6,341,2.474317973874391,-7.185941174554807
2013-08-27 19:00:00,26.9,90,0.0,5.9,317,4.023790324368742,-4.314986839553106
2013-08-27 20:00:00,26.1,92,0.0,4.7,279,4.6421352007971475,-0.7352419856890852
2013-08-27 21:00:00,25.5,93,0.0,5.8,263,5.756767679519667,0.7068421917498553
2013-08-27 22:00:00,25.4,93,0.0,5.2,254,4.998560818879258,1.4333142502483958
2013-08-27 23:00:00,25.4,94,0.0,4.8,257,4.676976310969129,1.079765060850552
2013-08-28 00:00:00,25.2,95,0.0,6.6,261,6.518743047927909,1.0324674692655236
2013-08-28 01:00:00,24.9,96,0.0,5.4,250,5.074340152243906,1.8469087739586112
2013-08-28 02:00:00,24.9,96,0.0,2.5,225,1.7677669529663689,1.7677669529663687
2013-08-28 03:00:00,26.7,88,0.0,2.3,231,1.7874357113510329,1.4474368994146258
2013-08-28 04:00:00,26.2,91,0.0,3.1,234,2.5079526825623373,1.8221342821066668
2013-08-28 05:00:00,26.0,91,0.0,3.1,234,2.5079526825623373,1.8221342821066668
2013-08-28 06:00:00,26.5,90,0.0,1.3,214,0.7269507745119709,1.0777488443215544
2013-08-28 07:00:00,26.2,94,0.0,2.3,162,-0.7107390870623789,2.187429987478853
2013-08-28 08:00:00,27.4,84,0.0,1.8,169,-0.34345619167778063,1.7669289302057951
2013-08-28 09:00:00,28.1,82,0.0,1.0,225,0.7071067811865476,0.7071067811865475
2013-08-28 10:00:00,29.0,78,0.0,1.3,326,0.7269507745119709,-1.0777488443215544
2013-08-28 11:00:00,29.6,75,0.0,4.7,337,1.8364363038995866,-4.32637281122647
2013-08-28 12:00:00,29.7,74,0.0,8.9,346,2.1531048708370424,-8.635631963856369
2013-08-28 13:00:00,29.5,74,0.0,9.9,350,1.7191169589026112,-9.74959675482086
2013-08-28 14:00:00,29.3,75,0.0,10.7,340,3.659615533584656,-10.054711042409219
2013-08-28 15:00:00,28.7,78,0.0,9.2,334,4.033014550459512,-8.268905225952336
2013-08-28 16:00:00,28.2,81,0.0,6.8,328,3.603450996785793,-5.766727053863696
2013-08-28 17:00:00,27.9,83,0.0,3.9,304,3.2332465329646625,-2.180852323535913
2013-08-28 18:00:00,27.3,86,0.0,4.7,302,3.9858260519352022,-2.490620541896063
2013-08-28 19:00:00,26.9,87,0.0,2.9,300,2.511473670974872,-1.4499999999999997
2013-08-28 20:00:00,26.8,88,0.1,2.9,7,-0.35342109587492676,-2.878383839759834
2013-08-28 21:00:00,26.4,89,0.4,2.3,18,-0.7107390870623793,-2.1874299874788528
2013-08-28 22:00:00,25.8,92,0.5,1.4,360,8.572527594031472e-17,-1.4
2013-08-28 23:00:00,25.4,93,0.9,1.8,11,-0.3434561916777803,-1.7669289302057951
2013-08-29 00:00:00,25.1,93,1.8,3.3,354,0.3449439287832564,-3.2819222547153015
2013-08-29 01:00:00,24.9,93,2.8,5.4,356,0.3766849582182763,-5.386845871403051
2013-08-29 02:00:00,25.0,92,2.4,9.8,352,1.3638963894086416,-9.70462707366739
2013-08-29 03:00:00,25.6,92,1.8,12.2,346,2.9514471263159456,-11.837607860567156
2013-08-29 04:00:00,25.5,93,4.0,16.2,339,5.805560782633866,-15.124002909254667
2013-08-29 05:00:00,25.1,96,6.5,22.3,339,7.9916052748601984,-20.8188435108876
2013-08-29 06:00:00,25.0,96,9.4,20.6,335,8.70593619185841,-18.66994041295499
2013-08-29 07:00:00,25.1,95,9.4,18.9,318,12.64656846018242,-14.04543720152275
2013-08-29 08:00:00,24.9,94,14.3,20.1,297,17.909231136186197,-9.12520904476489
2013-08-29 09:00:00,25.0,94,19.4,21.4,278,21.191736671069606,-2.9783043605454003
2013-08-29 10:00:00,25.2,95,26.7,24.0,257,23.384881554845645,5.39882530425276
2013-08-29 11:00:00,25.3,95,24.3,27.2,238,23.066908215454784,14.413803987143172
2013-08-29 12:00:00,25.4,94,16.0,30.4,229,22.94317123877227,19.94419448131142
2013-08-29 13:00:00,25.5,91,9.2,31.2,219,19.63479620075493,24.246953997457492
2013-08-29 14:00:00,25.6,91,5.6,29.6,204,12.039404635043686,27.040945546220986
2013-08-29 15:00:00,25.2,90,9.3,27.9,191,5.323570971005603,27.387398418189825
2013-08-29 16:00:00,25.1,90,6.7,23.4,179,-0.40838631063243336,23.396436066659554
2013-08-29 17:00:00,25.2,89,5.0,21.6,169,-4.121474300133368,21.203147162469545
2013-08-29 18:00:00,25.2,87,2.4,19.8,168,-4.116651478191635,19.367322494529354
2013-08-29 19:00:00,24.9,85,1.0,16.4,161,-5.339317733097369,15.506504639828796
2013-08-29 20:00:00,24.4,82,0.2,15.0,150,-7.4999999999999964,12.99038105676658
2013-08-29 21:00:00,24.3,79,0.2,12.7,145,-7.284420741658286,10.403230962470193
2013-08-29 22:00:00,23.8,81,0.3,10.5,158,-3.933369230867077,9.735430472951268
2013-08-29 23:00:00,23.5,83,0.2,12.4,172,-1.7257464519048105,12.279324052395474
2013-08-30 00:00:00,23.4,84,0.3,14.4,177,-0.7536377698983914,14.380265300465863
2013-08-30 01:00:00,23.5,82,0.2,14.5,173,-1.7671054793746368,14.39191919879917
2013-08-30 02:00:00,23.7,77,0.1,14.9,172,-2.0736792043049737,14.7549942242494
2013-08-30 03:00:00,23.2,83,1.3,15.5,168,-3.2226312076752697,15.161287811373988
2013-08-30 04:00:00,22.9,87,1.8,15.6,165,-4.037577103599325,15.068442890109464
2013-08-30 05:00:00,23.0,88,1.7000000000000002,15.3,172,-2.129348444689,15.151101451746028
2013-08-30 06:00:00,23.2,89,1.3,14.0,162,-4.3262379212492625,13.314791228132151
2013-08-30 07:00:00,23.8,90,0.7000000000000001,13.3,178,-0.46416330614326273,13.291897999353974
2013-08-30 08:00:00,24.6,91,0.4,14.6,189,2.2839431895873714,14.420249772689012
2013-08-30 09:00:00,25.7,90,0.3,14.8,198,4.5734515167492225,14.075636441168273
2013-08-30 10:00:00,26.9,85,0.0,18.9,204,7.687322554132623,17.266009149445154
2013-08-30 11:00:00,28.1,80,0.1,22.5,202,8.428648351858019,20.861636727752717
2013-08-30 12:00:00,28.5,77,0.3,21.9,203,8.557011713915093,20.159056290608444
2013-08-30 13:00:00,27.3,81,1.1,22.8,201,8.170789249632849,21.2856337241362
2013-08-30 14:00:00,27.5,80,0.2,20.3,193,4.566506403180458,19.779712315140277
2013-08-30 15:00:00,27.3,80,0.7000000000000001,19.7,189,3.081758961292549,19.457460309724212
2013-08-30 16:00:00,26.6,84,0.7000000000000001,15.5,183,0.8112073217656315,15.478757788695894
2013-08-30 17:00:00,26.6,85,0.2,10.5,176,-0.732442974313316,10.474422527728153
2013-08-30 18:00:00,26.4,85,0.3,8.3,175,-0.7233926648055634,8.268415994161488
2013-08-30 19:00:00,25.5,90,1.1,9.9,199,3.223124729125852,9.360633898433235
2013-08-30 20:00:00,25.1,91,1.5,13.3,193,2.991849022773404,12.959121861643629
2013-08-30 21:00:00,25.0,90,2.1,14.5,174,-1.5156627173809765,14.420567482839962
2013-08-30 22:00:00,24.9,89,2.2,13.4,175,-1.1678869528186204,13.34900895442939
2013-08-30 23:00:00,24.7,89,2.2,13.0,178,-0.4536934571325124,12.992080751248245
2013-08-31 00:00:00,24.4,90,2.0,14.4,183,0.7536377698983932,14.380265300465863
2013-08-31 01:00:00,24.2,91,1.9,15.1,179,-0.2635313372029805,15.097700196861508
2013-08-31 02:00:00,24.1,90,2.3,14.3,168,-2.9731371786939587,13.987510690493423
2013-08-31 03:00:00,23.5,93,3.3,15.9,162,-4.913370210561663,15.121798609092943
2013-08-31 04:00:00,23.8,92,3.4,16.6,158,-6.2184694507041405,15.391251985808672
2013-08-31 05:00:00,24.1,91,4.7,16.2,167,-3.6442070803706135,15.78479504952081
2013-08-31 06:00:00,24.2,89,5.1,12.9,167,-2.901868601035859,12.569373835729534
2013-08-31 07:00:00,24.5,88,4.8,15.1,179,-0.2635313372029805,15.097700196861508
2013-08-31 08:00:00,24.7,88,4.0,18.4,181,0.3211242784460182,18.3971975908776
2013-08-31 09:00:00,24.6,91,4.8,21.0,185,1.830270597700821,20.920088659926655
2013-08-31 10:00:00,24.7,92,5.5,25.0,192,5.197792270443986,24.45369001834514
2013-08-31 11:00:00,24.7,93,5.2,24.0,193,5.3988253042527585,23.384881554845645
2013-08-31 12:00:00,24.8,92,4.8,21.5,198,6.643865379061371,20.4477151003458
2013-08-31 13:00:00,24.7,93,4.1,18.4,203,7.189452764202636,16.937289303524903
2013-08-31 14:00:00,24.8,94,6.6,12.2,223,8.320379992762481,8.922515159753878
2013-08-31 15:00:00,25.1,89,9.1,9.9,303,8.302838622659698,-5.391926446648768
2013-08-31 16:00:00,24.6,92,10.3,13.8,340,4.71987797789423,-12.967758166845535
2013-08-31 17:00:00,24.1,94,10.6,16.0,351,2.502951440643695,-15.803013449522204
2013-08-31 18:00:00,23.9,95,9.1,13.4,340,4.583069920563962,-12.591881118531171
2013-08-31 19:00:00,23.8,95,5.8,11.7,326,6.542556970607737,-9.699739598893988
2013-08-31 20:00:00,23.7,96,2.7,10.3,306,8.332875042061959,-6.054188098612474
2013-08-31 21:00:00,23.7,95,1.5,8.4,277,8.337387673787106,-1.0237024846032388
2013-08-31 22:00:00,23.7,94,1.2,6.2,234,5.0159053651246746,3.6442685642133337
2013-08-31 23:00:00,23.4,94,1.0,7.7,191,1.4692292643993958,7.558529312547013
2013-09-01 00:00:00,23.4,94,1.3,5.8,176,-0.4045875477159269,5.78587149150698
2013-09-01 01:00:00,23.3,93,1.6,2.9,120,-2.511473670974872,1.4499999999999997
2013-09-01 02:00:00,22.9,95,1.4,3.8,49,-2.867896404846534,-2.4930243101639267
2013-09-01 03:00:00,23.0,94,1.3,8.2,23,-3.203995253612045,-7.548139798310009
2013-09-01 04:00:00,22.9,95,1.2,14.1,6,-1.4738513320739124,-14.022758724692654
2013-09-01 05:00:00,23.1,93,2.1,18.8,3,-0.983915977367353,-18.77423525338599
2013-09-01 06:00:00,23.0,93,2.3,21.1,14,-5.10455199715299,-20.473239824423526
2013-09-01 07:00:00,22.9,93,1.7000000000000002,17.2,26,-7.539983724772137,-15.459257596345669
2013-09-01 08:00:00,22.8,93,0.8,13.4,27,-6.083472696509928,-11.93948742412413
2013-09-01 09:00:00,23.2,93,0.2,11.6,16,-3.197393327477187,-11.1506356728845
2013-09-01 10:00:00,23.7,90,0.0,12.3,5,-1.0720156357961965,-12.253194786528471
2013-09-01 11:00:00,24.5,85,0.0,15.5,3,-0.8112073217656367,-15.478757788695894
2013-09-01 12:00:00,24.6,84,0.0,16.9,2,-0.5898014942722628,-16.889704976622717
2013-09-01 13:00:00,24.8,83,0.0,16.7,6,-1.7456253365698111,-16.608515652650166
2013-09-01 14:00:00,25.2,80,0.0,15.3,9,-2.393447315115535,-15.111631611105606
2013-09-01 15:00:00,26.0,77,0.0,14.8,13,-3.3292756042892058,-14.420676958821481
2013-09-01 16:00:00,25.6,79,0.0,14.8,13,-3.3292756042892058,-14.420676958821481
2013-09-01 17:00:00,25.0,82,0.0,13.9,17,-4.063966695646045,-13.29263610788619
2013-09-01 18:00:00,24.3,85,0.0,12.1,30,-6.050000000000005,-10.478907385791704
2013-09-01 19:00:00,23.7,87,0.0,10.9,46,-7.840803823691297,-7.571776238003071
2013-09-01 20:00:00,23.6,87,0.0,7.1,60,-6.148780366869514,-3.5500000000000007
2013-09-01 21:00:00,24.1,83,0.0,3.3,41,-2.1649947956686737,-2.4905416147351476
2013-09-01 22:00:00,24.1,82,0.0,4.0,10,-0.6945927106677213,-3.939231012048832
2013-09-01 23:00:00,23.5,84,0.0,5.5,11,-1.0494494745709955,-5.3989495089621515
2013-09-02 00:00:00,22.8,86,0.0,6.5,19,-2.116193003971518,-6.1458707413955596
2013-09-02 01:00:00,22.5,86,0.0,7.3,33,-3.9758649556096968,-6.122295146001595
2013-09-02 02:00:00,21.9,87,0.0,8.7,45,-6.151828996322965,-6.151828996322962
2013-09-02 03:00:00,20.3,88,0.0,9.4,50,-7.200817765318393,-6.042203531053469
2013-09-02 04:00:00,19.9,88,0.0,9.9,46,-7.121464023352646,-6.877117867544074
2013-09-02 05:00:00,19.1,89,0.0,11.7,43,-7.979380812731233,-8.556838308944293
2013-09-02 06:00:00,18.7,88,0.0,11.2,57,-9.393110360988748,-6.099957192168303
2013-09-02 07:00:00,21.6,87,0.0,10.0,60,-8.660254037844386,-5.000000000000001
2013-09-02 08:00:00,25.6,71,0.0,8.2,52,-6.46168817957512,-5.048424097670397
2013-09-02 09:00:00,27.0,60,0.0,8.4,31,-4.326319829244458,-7.200205325897742
2013-09-02 10:00:00,27.8,59,0.0,9.1,9,-1.4235536318661024,-8.987963899415753
2013-09-02 11:00:00,28.5,60,0.0,10.5,354,1.0975488643103612,-10.44247990136687
2013-09-02 12:00:00,28.5,62,0.0,12.1,348,2.5157314588948894,-11.835585968879046
2013-09-02 13:00:00,28.3,64,0.0,12.8,349,2.442355140819775,-12.5648279481301
2013-09-02 14:00:00,28.2,66,0.0,11.6,353,1.4136843834997108,-11.513535359039334
2013-09-02 15:00:00,27.9,67,0.0,10.8,358,0.3769145643870117,-10.793420931806235
2013-09-02 16:00:00,27.6,68,0.0,9.7,4,-0.676637795318018,-9.676371287520293
2013-09-02 17:00:00,27.0,71,0.0,8.8,9,-1.3766232923540331,-8.691657397237211
2013-09-02 18:00:00,26.1,76,0.0,10.1,17,-2.9529542176996446,-9.658678035226657
2013-09-02 19:00:00,24.7,84,0.0,11.6,26,-5.085105302753302,-10.426010937070334
2013-09-02 20:00:00,23.7,88,0.0,9.9,46,-7.121464023352646,-6.877117867544074
2013-09-02 21:00:00,23.4,86,0.0,7.9,60,-6.841600689897065,-3.950000000000001
2013-09-02 22:00:00,23.8,83,0.0,5.4,48,-4.012982057577929,-3.6133052743378347
2013-09-02 23:00:00,23.1,85,0.0,6.0,33,-3.267834210090162,-5.032023407672544
2013-09-03 00:00:00,22.3,87,0.0,6.1,40,-3.9210044190878905,-4.672871103025765
2013-09-03 01:00:00,21.6,88,0.0,5.7,35,-3.2693856872009643,-4.669166652447252
2013-09-03 02:00:00,20.9,88,0.0,6.0,33,-3.267834210090162,-5.032023407672544
2013-09-03 03:00:00,19.2,97,0.0,5.6,40,-3.5996106142446207,-4.289848881466276
2013-09-03 04:00:00,19.0,97,0.0,6.2,54,-5.015905365124675,-3.644268564213333
2013-09-03 05:00:00,18.8,96,0.0,6.9,47,-5.0463405411722775,-4.705788684431239
2013-09-03 06:00:00,18.8,95,0.0,7.7,37,-4.6339756782707715,-6.149493427364155
2013-09-03 07:00:00,21.5,91,0.0,8.7,38,-5.356254835333225,-6.8556935563784815
2013-09-03 08:00:00,25.1,74,0.0,10.2,23,-3.9854575105905927,-9.38914950521489
2013-09-03 09:00:00,26.5,67,0.0,11.3,9,-1.7677094549546108,-11.160878248725057
2013-09-03 10:00:00,27.5,64,0.0,12.2,360,7.470345474798854e-16,-12.2
2013-09-03 11:00:00,28.1,62,0.0,14.1,356,0.9835662797921657,-14.06565310866352
2013-09-03 12:00:00,28.4,62,0.0,14.0,359,0.24433369012197037,-13.997867732189478
2013-09-03 13:00:00,28.4,63,0.0,13.7,358,0.4781231048242648,-13.691654330161612
2013-09-03 14:00:00,28.3,64,0.0,15.1,360,9.246083333562517e-16,-15.1
2013-09-03 15:00:00,28.4,65,0.0,17.3,5,-1.5077943495344879,-17.234168276987198
2013-09-03 16:00:00,27.6,69,0.0,17.9,9,-2.8001769242201355,-17.679621296652964
2013-09-03 17:00:00,26.8,73,0.0,16.5,11,-3.148348423712986,-16.196848526886455
2013-09-03 18:00:00,25.6,78,0.0,14.5,19,-4.720738239628771,-13.710019346190094
2013-09-03 19:00:00,24.4,83,0.0,13.7,23,-5.353016460303051,-12.610916492298431
2013-09-03 20:00:00,23.8,86,0.0,13.8,28,-6.478707566445292,-12.184676781453193
2013-09-03 21:00:00,23.9,83,0.0,10.7,20,-3.6596155335846534,-10.05471104240922
2013-09-03 22:00:00,23.9,82,0.0,8.2,23,-3.203995253612045,-7.548139798310009
2013-09-03 23:00:00,23.3,84,0.0,4.9,17,-1.4326213531414118,-4.685893304218873
2013-09-04 00:00:00,22.7,86,0.0,5.2,34,-2.907803098047882,-4.3109953772862175
2013-09-04 01:00:00,21.8,88,0.0,6.2,36,-3.644268564213334,-5.015905365124674
2013-09-04 02:00:00,20.8,90,0.0,6.4,43,-4.364789504399991,-4.6806636903626915
2013-09-04 03:00:00,23.1,82,0.0,9.2,45,-6.505382386916239,-6.505382386916236
2013-09-04 04:00:00,22.9,83,0.0,10.4,46,-7.481133923521972,-7.224447052773573
2013-09-04 05:00:00,23.0,82,0.0,11.3,37,-6.800509761618146,-9.02458126353441
2013-09-04 06:00:00,23.0,81,0.0,13.9,37,-8.36522882181347,-11.101033589657371
2013-09-04 07:00:00,23.2,87,0.0,10.7,42,-7.1596974880397815,-7.951649632608119
2013-09-04 08:00:00,25.4,76,0.0,10.7,20,-3.6596155335846534,-10.05471104240922
2013-09-04 09:00:00,26.0,71,0.1,12.6,5,-1.0981623586204938,-12.552053195955994
2013-09-04 10:00:00,26.3,71,0.0,14.4,359,0.2513146526968838,-14.397806810252035
2013-09-04 11:00:00,26.8,70,0.0,15.5,357,0.8112073217656315,-15.478757788695894
2013-09-04 12:00:00,26.6,72,0.0,17.3,359,0.30192663136500625,-17.29736512620557
2013-09-04 13:00:00,26.6,72,0.0,18.4,360,1.1266750552155648e-15,-18.4
2013-09-04 14:00:00,26.6,73,0.0,18.4,2,-0.642150739326014,-18.38879121715136
2013-09-04 15:00:00,27.0,72,0.0,17.5,8,-2.435529266801152,-17.32969120297748
2013-09-04 16:00:00,26.7,74,0.0,15.0,11,-2.8621349306481694,-14.72440775171496
2013-09-04 17:00:00,26.2,76,0.0,12.0,16,-3.3076482698039866,-11.535140351259829
2013-09-04 18:00:00,25.5,84,0.0,11.6,26,-5.085105302753302,-10.426010937070334
2013-09-04 19:00:00,25.1,80,0.0,11.1,29,-5.381386784734339,-9.708278749247295
2013-09-04 20:00:00,24.7,82,0.0,10.6,35,-6.0799102253210915,-8.68301166946331
2013-09-04 21:00:00,24.5,83,0.0,9.5,37,-5.717242719944458,-7.587037345449282
2013-09-04 22:00:00,23.7,87,0.0,7.4,43,-5.04678786446249,-5.412017391981862
2013-09-04 23:00:00,23.3,88,0.0,6.5,19,-2.116193003971518,-6.1458707413955596
2013-09-05 00:00:00,22.8,90,0.0,6.6,13,-1.4846769586695105,-6.430842427582552
2013-09-05 01:00:00,22.3,91,0.0,7.4,23,-2.8914103508206264,-6.811735915548058
2013-09-05 02:00:00,22.3,90,0.0,8.2,41,-5.379684037722159,-6.18861855782673
2013-09-05 03:00:00,23.7,84,0.0,7.8,56,-6.466493065929326,-4.361704647071824
2013-09-05 04:00:00,23.5,84,0.0,6.6,49,-4.981083229470296,-4.3299895913373465
2013-09-05 05:00:00,22.6,88,0.0,8.4,31,-4.326319829244458,-7.200205325897742
2013-09-05 06:00:00,21.1,92,0.0,7.7,62,-6.798696465013737,-3.61493103345136
2013-09-05 07:00:00,22.9,92,0.0,6.9,84,-6.862201078041086,-0.7212463965468092
2013-09-05 08:00:00,25.5,80,0.0,4.4,81,-4.3458286986186065,-0.6883116461770152
2013-09-05 09:00:00,26.6,76,0.0,2.2,351,0.34415582308850806,-2.1729143493093033
2013-09-05 10:00:00,27.5,74,0.0,4.4,305,3.604268994871564,-2.523736319944603
2013-09-05 11:00:00,27.9,72,0.0,5.2,304,4.310995377286217,-2.907803098047884
2013-09-05 12:00:00,28.1,71,0.0,4.9,306,3.9641832724372428,-2.8801477362331185
2013-09-05 13:00:00,27.8,71,0.0,4.2,340,1.436484601967809,-3.9467090073008153
2013-09-05 14:00:00,27.6,71,0.0,6.5,3,-0.340183715579138,-6.49109197590473
2013-09-05 15:00:00,27.7,67,0.0,6.6,351,1.032467469265524,-6.518743047927909
2013-09-05 16:00:00,27.5,68,0.0,6.1,360,3.735172737399427e-16,-6.1
2013-09-05 17:00:00,27.0,70,0.0,5.6,27,-2.5423467985414625,-4.989636535454859
2013-09-05 18:00:00,26.2,83,0.0,7.4,29,-3.5875911898228927,-6.4721858328315305
2013-09-05 19:00:00,26.2,72,0.0,6.7,36,-3.938161190359571,-5.420413862312147
2013-09-05 20:00:00,26.0,74,0.0,7.8,13,-1.7546182238821488,-7.600086505324834
2013-09-05 21:00:00,25.6,76,0.0,10.5,16,-2.894192236078488,-10.09324780735235
2013-09-05 22:00:00,25.3,78,0.0,9.8,24,-3.986019102142841,-8.95274548489749
2013-09-05 23:00:00,24.3,83,0.0,6.9,51,-5.362307134053099,-4.34231069824388
2013-09-06 00:00:00,24.0,85,0.0,4.6,72,-4.374859974957706,-1.4214781741247573
2013-09-06 01:00:00,24.1,84,0.0,3.8,73,-3.6339580726595346,-1.1110124779463997
2013-09-06 02:00:00,24.7,81,0.0,2.8,50,-2.1449244407331385,-1.7998053071223097
2013-09-06 03:00:00,25.2,79,0.0,4.0,5,-0.348622970990633,-3.984778792366982
2013-09-06 04:00:00,25.1,81,0.0,5.2,12,-1.0811407922523508,-5.086367523815789
2013-09-06 05:00:00,24.9,82,0.0,5.8,30,-2.9000000000000026,-5.022947341949743
2013-09-06 06:00:00,24.6,84,0.0,5.3,28,-2.488199282765221,-4.679622242152313
2013-09-06 07:00:00,24.7,89,0.0,4.6,45,-3.2526911934581193,-3.252691193458118
2013-09-06 08:00:00,26.0,81,0.0,4.9,36,-2.880147736233119,-3.9641832724372423
2013-09-06 09:00:00,27.0,77,0.0,3.2,27,-1.4527695991665501,-2.851220877402777
2013-09-06 10:00:00,27.7,74,0.0,4.1,345,1.061158084920335,-3.96029588778518
2013-09-06 11:00:00,28.3,72,0.0,7.3,327,3.9758649556096977,-6.122295146001595
2013-09-06 12:00:00,28.2,73,0.0,8.0,333,3.6319239979163744,-7.128052193506942
2013-09-06 13:00:00,28.7,71,0.0,7.6,341,2.474317973874391,-7.185941174554807
2013-09-06 14:00:00,28.7,70,0.0,7.0,348,1.4553818357243162,-6.847033205136639
2013-09-06 15:00:00,28.2,75,0.0,5.8,356,0.40458754771592637,-5.78587149150698
2013-09-06 16:00:00,28.0,76,0.0,5.4,356,0.3766849582182763,-5.386845871403051
2013-09-06 17:00:00,27.7,77,0.0,5.4,20,-1.8469087739586103,-5.074340152243906
2013-09-06 18:00:00,27.1,80,0.0,6.2,21,-2.2218812871808646,-5.78819864428265
2013-09-06 19:00:00,26.4,85,0.0,4.1,45,-2.8991378028648453,-2.8991378028648445
2013-09-06 20:00:00,26.7,81,0.0,5.2,56,-4.3109953772862175,-2.907803098047883
2013-09-06 21:00:00,26.5,82,0.0,4.6,51,-3.5748714227020653,-2.894873798829253
2013-09-06 22:00:00,26.2,84,0.0,2.3,39,-1.447436899414627,-1.7874357113510322
2013-09-06 23:00:00,25.9,85,0.0,2.2,9,-0.3441558230885083,-2.172914349309303
2013-09-07 00:00:00,25.5,87,0.0,3.4,18,-1.0506577808748216,-3.233592155403522
2013-09-07 01:00:00,25.3,88,0.0,1.3,56,-1.0777488443215544,-0.7269507745119708
2013-09-07 02:00:00,24.2,91,0.0,3.2,117,-2.851220877402777,1.4527695991665501
2013-09-07 03:00:00,24.2,89,0.0,4.1,142,-2.524212048835199,3.23084408978756
2013-09-07 04:00:00,24.3,88,0.0,4.6,162,-1.4214781741247577,4.374859974957706
2013-09-07 05:00:00,24.4,87,0.0,4.2,160,-1.4364846019678086,3.9467090073008158
2013-09-07 06:00:00,24.6,86,0.0,4.0,180,2.4492935982947064e-16,4.0
2013-09-07 07:00:00,24.5,93,0.0,4.2,149,-2.163159914622228,3.600102662948872
2013-09-07 08:00:00,26.3,85,0.0,3.3,167,-0.7423384793347546,3.2154212137912763
2013-09-07 09:00:00,27.4,80,0.0,2.1,239,1.800051331474436,1.0815799573111138
2013-09-07 10:00:00,28.3,75,0.0,4.5,284,4.366330768241984,-1.0886485301985047
2013-09-07 11:00:00,28.7,74,0.0,7.3,303,6.122295146001595,-3.9758649556096977
2013-09-07 12:00:00,29.1,72,0.0,10.0,322,6.156614753256583,-7.88010753606722
2013-09-07 13:00:00,28.7,72,0.0,12.5,342,3.862712429686843,-11.888206453689419
2013-09-07 14:00:00,29.0,72,0.0,10.8,356,0.7533699164365526,-10.773691742806102
2013-09-07 15:00:00,28.7,74,0.0,10.4,358,0.36295476570601126,-10.393664600998596
2013-09-07 16:00:00,28.5,76,0.0,8.3,360,5.082284216461516e-16,-8.3
2013-09-07 17:00:00,27.9,79,0.0,6.9,6,-0.7212463965468082,-6.862201078041087
2013-09-07 18:00:00,27.5,85,0.0,4.2,31,-2.163159914622229,-3.600102662948871
2013-09-07 19:00:00,27.4,81,0.0,5.9,47,-4.314986839553106,-4.023790324368741
2013-09-07 20:00:00,26.5,85,0.0,4.0,80,-3.939231012048832,-0.6945927106677219
2013-09-07 21:00:00,25.5,90,0.0,3.9,146,-2.180852323535912,3.233246532964663
2013-09-07 22:00:00,25.1,91,0.0,4.0,180,2.4492935982947064e-16,4.0
2013-09-07 23:00:00,25.9,86,0.0,4.4,189,0.6883116461770161,4.3458286986186065
2013-09-08 00:00:00,25.9,87,0.1,4.7,176,-0.3278554265973891,4.688551036221174
2013-09-08 01:00:00,25.8,87,0.0,4.7,176,-0.3278554265973891,4.688551036221174
2013-09-08 02:00:00,25.6,87,0.0,3.3,174,-0.3449439287832567,3.2819222547153015
2013-09-08 03:00:00,25.6,80,0.0,1.0,135,-0.7071067811865475,0.7071067811865476
2013-09-08 04:00:00,25.6,80,0.0,1.9,68,-1.761649323676896,-0.7117525274902328
2013-09-08 05:00:00,25.4,81,0.0,2.9,30,-1.4500000000000013,-2.5114736709748713
2013-09-08 06:00:00,25.1,83,0.0,2.5,8,-0.3479327524001646,-2.475670171853926
2013-09-08 07:00:00,25.1,87,0.0,4.6,45,-3.2526911934581193,-3.252691193458118
2013-09-08 08:00:00,26.5,77,0.0,4.0,27,-1.8159619989581877,-3.564026096753471
2013-09-08 09:00:00,27.1,77,0.0,5.0,360,3.061616997868383e-16,-5.0
2013-09-08 10:00:00,28.0,77,0.0,8.7,355,0.7582549619046257,-8.666893873398186
2013-09-08 11:00:00,28.6,75,0.0,12.0,353,1.4624321208617699,-11.910553819695863
2013-09-08 12:00:00,29.0,74,0.0,12.7,352,1.7674983821928314,-12.576404473017943
2013-09-08 13:00:00,29.3,74,0.0,14.0,348,2.9107636714486325,-13.694066410273278
2013-09-08 14:00:00,29.2,74,0.0,13.7,357,0.7170026005283323,-13.681224626137661
2013-09-08 15:00:00,29.0,75,0.0,10.7,12,-2.2246550917500296,-10.46617932785172
2013-09-08 16:00:00,28.6,76,0.0,9.0,16,-2.4807362023529897,-8.651355263444872
2013-09-08 17:00:00,28.3,77,0.0,7.8,13,-1.7546182238821488,-7.600086505324834
2013-09-08 18:00:00,27.5,81,0.0,8.1,13,-1.8221035401853085,-7.892397524760404
2013-09-08 19:00:00,26.4,89,0.0,7.2,27,-3.268731598124738,-6.415246974156248
2013-09-08 20:00:00,26.7,85,0.0,4.8,27,-2.179154398749825,-4.276831316104166
2013-09-08 21:00:00,26.5,86,0.0,3.3,13,-0.7423384793347553,-3.215421213791276
2013-09-08 22:00:00,26.3,86,0.0,4.4,9,-0.6883116461770166,-4.345828698618606
2013-09-08 23:00:00,26.2,87,0.0,4.2,31,-2.163159914622229,-3.600102662948871
2013-09-09 00:00:00,25.9,88,0.0,3.6,37,-2.166534083347374,-2.875087836170254
2013-09-09 01:00:00,25.7,89,0.0,3.3,41,-2.1649947956686737,-2.4905416147351476
2013-09-09 02:00:00,25.1,91,0.0,1.5,45,-1.0606601717798214,-1.0606601717798212
2013-09-09 03:00:00,25.0,89,0.0,1.5,135,-1.0606601717798212,1.0606601717798214
2013-09-09 04:00:00,24.5,91,0.0,2.4,153,-1.089577199374912,2.138415658052083
2013-09-09 05:00:00,24.1,92,0.0,3.9,146,-2.180852323535912,3.233246532964663
2013-09-09 06:00:00,23.9,92,0.0,5.1,135,-3.606244584051392,3.6062445840513924
2013-09-09 07:00:00,25.0,91,0.0,5.9,133,-4.314986839553106,4.023790324368742
2013-09-09 08:00:00,26.7,86,0.0,3.0,104,-2.9108871788279895,0.7257656867990032
2013-09-09 09:00:00,27.7,82,0.0,4.9,17,-1.4326213531414118,-4.685893304218873
2013-09-09 10:00:00,28.8,77,0.0,9.0,360,5.51091059616309e-16,-9.0
2013-09-09 11:00:00,29.4,75,0.0,13.4,354,1.4006814077865564,-13.326593397934863
2013-09-09 12:00:00,29.7,73,0.0,14.6,350,2.535263393937184,-14.378193193978237
2013-09-09 13:00:00,29.7,73,0.0,14.1,345,3.6493485359455424,-13.619554150675864
2013-09-09 14:00:00,28.4,78,0.0,13.1,352,1.8231676225768576,-12.972511700514572
2013-09-09 15:00:00,29.2,77,0.0,7.6,352,1.0577155672964975,-7.5260373224359345
2013-09-09 16:00:00,28.8,77,0.0,3.4,18,-1.0506577808748216,-3.233592155403522
2013-09-09 17:00:00,28.2,79,0.0,5.5,101,-5.3989495089621515,1.0494494745709972
2013-09-09 18:00:00,27.5,82,0.0,3.1,45,-2.192031021678298,-2.192031021678297
2013-09-09 19:00:00,27.1,86,0.0,6.1,62,-5.385980316439453,-2.863776532993934
2013-09-09 20:00:00,27.5,79,0.0,6.7,74,-6.440453362786736,-1.8467702839738933
2013-09-09 21:00:00,25.4,90,0.0,3.9,158,-1.4609657143220571,3.616017032810471
2013-09-09 22:00:00,24.5,91,0.0,5.8,173,-0.7068421917498547,5.756767679519668
2013-09-09 23:00:00,23.9,92,0.0,8.7,173,-1.060263287624782,8.635151519279502
2013-09-10 00:00:00,23.9,91,0.0,10.1,180,6.184466335694133e-16,10.1
2013-09-10 01:00:00,23.9,90,0.0,7.6,185,0.6623836448822018,7.571079705497266
2013-09-10 02:00:00,24.3,86,0.0,3.0,166,-0.7257656867990033,2.9108871788279895
2013-09-10 03:00:00,25.5,77,0.0,2.4,153,-1.089577199374912,2.138415658052083
2013-09-10 04:00:00,25.8,75,0.0,1.8,169,-0.34345619167778063,1.7669289302057951
2013-09-10 05:00:00,25.6,76,0.0,2.8,220,1.7998053071223101,2.1449244407331385
2013-09-10 06:00:00,24.6,79,0.0,7.6,180,4.653657836759942e-16,7.6
2013-09-10 07:00:00,24.7,85,0.0,6.2,159,-2.2218812871808615,5.788198644282651
2013-09-10 08:00:00,26.7,74,0.0,3.2,180,1.9594348786357652e-16,3.2
2013-09-10 09:00:00,27.6,74,0.0,3.6,225,2.5455844122715714,2.545584412271571
2013-09-10 10:00:00,28.4,73,0.0,6.4,243,5.702441754805555,2.9055391983330994
2013-09-10 11:00:00,29.1,71,0.0,8.0,262,7.922144549932563,1.1133848076805235
2013-09-10 12:00:00,29.2,71,0.0,10.1,276,10.04467114321956,-1.0557374790033
2013-09-10 13:00:00,29.5,71,0.0,7.4,293,6.811735915548059,-2.891410350820626
2013-09-10 14:00:00,29.3,72,0.0,3.6,307,2.875087836170254,-2.166534083347374
2013-09-10 15:00:00,28.7,74,0.0,5.3,332,2.4881992827652213,-4.679622242152313
2013-09-10 16:00:00,28.5,75,0.0,3.7,11,-0.7059932828932151,-3.632020578756357
2013-09-10 17:00:00,28.3,76,0.0,2.9,7,-0.35342109587492676,-2.878383839759834
2013-09-10 18:00:00,27.6,87,0.0,7.6,3,-0.39775326744637673,-7.589584464134761
2013-09-10 19:00:00,26.8,84,0.0,8.8,19,-2.864999759222979,-8.320563465273988
2013-09-10 20:00:00,26.5,84,0.0,7.8,34,-4.361704647071823,-6.466493065929326
2013-09-10 21:00:00,26.8,83,0.0,3.8,41,-2.4930243101639276,-2.8678964048465336
2013-09-10 22:00:00,26.4,85,0.0,2.3,18,-0.7107390870623793,-2.1874299874788528
2013-09-10 23:00:00,25.4,89,0.0,1.3,124,-1.0777488443215542,0.726950774511971
2013-09-11 00:00:00,23.8,94,0.0,4.3,180,2.632990618166809e-16,4.3
2013-09-11 01:00:00,23.2,94,0.0,2.3,162,-0.7107390870623789,2.187429987478853
2013-09-11 02:00:00,22.9,94,0.0,5.8,176,-0.4045875477159269,5.78587149150698
2013-09-11 03:00:00,23.3,93,0.0,8.5,192,1.7672493719509554,8.314254606237347
2013-09-11 04:00:00,23.2,93,0.0,9.3,193,2.092044805397944,9.06164160250269
2013-09-11 05:00:00,23.7,90,0.0,6.2,190,1.0766187015349686,6.10580806867569
2013-09-11 06:00:00,23.8,89,0.0,5.4,180,3.3065463576978537e-16,5.4
2013-09-11 07:00:00,24.7,91,0.0,5.1,184,0.35575801609503865,5.087576656325103
2013-09-11 08:00:00,26.6,83,0.0,4.2,200,1.436484601967809,3.9467090073008153
2013-09-11 09:00:00,27.3,81,0.0,2.1,239,1.800051331474436,1.0815799573111138
2013-09-11 10:00:00,28.1,77,0.0,2.5,278,2.475670171853926,-0.3479327524001636
2013-09-11 11:00:00,28.6,76,0.0,4.0,275,3.984778792366982,-0.34862297099063266
2013-09-11 12:00:00,29.0,76,0.0,4.7,266,4.688551036221174,0.3278554265973889
2013-09-11 13:00:00,28.9,76,0.0,4.0,270,4.0,0.0
2013-09-11 14:00:00,28.7,75,0.0,4.4,325,2.5237363199446032,-3.604268994871564
2013-09-11 15:00:00,28.6,76,0.0,3.9,326,2.1808523235359125,-3.233246532964663
2013-09-11 16:00:00,28.5,77,0.0,4.7,328,2.490620541896063,-3.9858260519352022
2013-09-11 17:00:00,28.3,78,0.0,1.4,360,8.572527594031472e-17,-1.4
2013-09-11 18:00:00,27.7,88,0.0,3.7,11,-0.7059932828932151,-3.632020578756357
2013-09-11 19:00:00,27.7,80,0.0,3.3,41,-2.1649947956686737,-2.4905416147351476
2013-09-11 20:00:00,27.5,81,0.0,4.7,9,-0.7352419856890859,-4.6421352007971475
2013-09-11 21:00:00,26.4,86,0.0,3.0,346,0.725765686799003,-2.9108871788279895
2013-09-11 22:00:00,25.3,92,0.0,0.7000000000000001,270,0.7000000000000001,0.0
2013-09-11 23:00:00,25.1,91,0.0,6.4,196,1.7640790772287946,6.1520748540052415
2013-09-12 00:00:00,24.5,93,0.0,2.5,180,1.5308084989341916e-16,2.5
2013-09-12 01:00:00,25.4,87,0.0,5.8,180,3.5514757175273243e-16,5.8
2013-09-12 02:00:00,24.1,93,0.0,7.6,199,2.474317973874391,7.185941174554807
2013-09-12 03:00:00,24.0,92,0.0,8.0,198,2.4721359549995796,7.608452130361228
2013-09-12 04:00:00,23.8,92,0.0,8.2,195,2.12231616984067,7.92059177557036
2013-09-12 05:00:00,23.7,92,0.0,7.2,198,2.224922359499622,6.8476069173251055
2013-09-12 06:00:00,23.5,92,0.0,6.1,208,2.863776532993934,5.385980316439453
2013-09-12 07:00:00,24.9,90,0.0,7.7,191,1.4692292643993958,7.558529312547013
2013-09-12 08:00:00,26.7,83,0.0,9.3,196,2.5634274090980926,8.939733772226367
2013-09-12 09:00:00,27.7,82,0.0,8.0,216,4.702282018339785,6.47213595499958
2013-09-12 10:00:00,28.4,79,0.0,6.6,241,5.772490067120011,3.1997434936258244
2013-09-12 11:00:00,29.0,77,0.0,8.5,258,8.314254606237348,1.7672493719509543
2013-09-12 12:00:00,29.2,75,0.0,9.0,268,8.994517443171862,0.31409547032250873
2013-09-12 13:00:00,28.9,75,0.1,7.6,265,7.571079705497266,0.662383644882202
2013-09-12 14:00:00,28.5,76,0.3,5.4,278,5.34744757120448,-0.7515347451843534
2013-09-12 15:00:00,28.1,79,0.3,2.9,240,2.511473670974872,1.4499999999999997
2013-09-12 16:00:00,27.9,81,1.2,6.3,211,3.244739871933341,5.400153994423308
2013-09-12 17:00:00,27.6,84,1.2,8.1,201,2.902780391316933,7.5620014546273335
2013-09-12 18:00:00,26.7,90,1.0,5.2,205,2.197614961051637,4.7128004925905795
2013-09-12 19:00:00,26.0,91,0.8,8.5,144,-4.996174644486021,6.876644452187053
2013-09-12 20:00:00,25.4,92,0.1,7.3,147,-3.9758649556096977,6.122295146001594
2013-09-12 21:00:00,25.0,94,0.2,7.9,156,-3.213219480298822,7.217009115376547
2013-09-12 22:00:00,24.6,94,0.4,8.9,159,-3.1894747509531727,8.308865795825096
2013-09-12 23:00:00,24.4,93,0.4,9.2,159,-3.296985135816762,8.588939923774255
2013-09-13 00:00:00,23.9,93,0.5,9.8,174,-1.024378940023005,9.746314574609078
2013-09-13 01:00:00,23.4,92,0.4,7.8,158,-2.9219314286441143,7.232034065620942
2013-09-13 02:00:00,23.1,94,0.6,6.4,142,-3.9402334420842133,5.043268823083022
2013-09-13 03:00:00,24.2,90,0.5,3.4,122,-2.883363526931848,1.8017254983928965
2013-09-13 04:00:00,24.1,91,0.3,2.7,113,-2.485363104321589,1.0549740469210394
2013-09-13 05:00:00,24.5,88,0.3,3.7,61,-3.236092916415765,-1.7937955949114468
2013-09-13 06:00:00,24.7,87,0.2,4.7,23,-1.836436303899587,-4.326372811226469
2013-09-13 07:00:00,24.3,95,0.2,2.1,59,-1.800051331474436,-1.0815799573111138
2013-09-13 08:00:00,26.1,86,0.0,1.6,297,1.4256104387013888,-0.7263847995832748
2013-09-13 09:00:00,27.3,83,0.0,3.8,319,2.4930243101639276,-2.8678964048465336
2013-09-13 10:00:00,28.2,78,0.0,6.9,313,5.046340541172277,-4.70578868443124
2013-09-13 11:00:00,28.3,77,0.0,9.5,299,8.30888721782426,-4.605691392340202
2013-09-13 12:00:00,28.3,77,0.1,11.3,292,10.4771775566047,-4.233054505599806
2013-09-13 13:00:00,28.0,78,0.2,7.3,281,7.165878439167947,-1.392905666248777
2013-09-13 14:00:00,28.1,76,0.0,5.4,290,5.074340152243906,-1.8469087739586112
2013-09-13 15:00:00,27.8,81,0.5,4.5,241,3.935788682127281,2.1816432911085166
2013-09-13 16:00:00,27.9,80,0.3,5.9,223,4.023790324368742,4.314986839553106
2013-09-13 17:00:00,27.7,81,0.0,4.7,247,4.32637281122647,1.8364363038995868
2013-09-13 18:00:00,27.2,82,0.3,3.9,292,3.616017032810471,-1.460965714322057
2013-09-13 19:00:00,25.9,90,0.6,3.1,144,-1.8221342821066664,2.5079526825623373
2013-09-13 20:00:00,25.6,90,0.7000000000000001,5.4,143,-3.2498011250210617,4.312631754255381
2013-09-13 21:00:00,24.9,91,0.3,6.1,152,-2.8637765329939344,5.385980316439453
2013-09-13 22:00:00,24.7,92,0.7000000000000001,7.9,156,-3.213219480298822,7.217009115376547
2013-09-13 23:00:00,24.4,94,1.0,10.1,182,0.3524849166952609,10.093847352892867
2013-09-14 00:00:00,24.3,94,0.8,9.8,186,1.024378940023004,9.746314574609078
2013-09-14 01:00:00,24.2,95,1.4,8.6,182,0.3001356716415093,8.594761112364223
2013-09-14 02:00:00,23.9,96,1.7000000000000002,8.4,170,-1.4586446924022145,8.272385125302547
2013-09-14 03:00:00,23.9,91,0.1,7.4,157,-2.891410350820626,6.811735915548058
2013-09-14 04:00:00,23.9,89,0.0,8.0,153,-3.6319239979163735,7.128052193506943
2013-09-14 05:00:00,24.4,84,0.0,8.2,157,-3.2039952536120446,7.548139798310009
2013-09-14 06:00:00,24.9,80,0.0,5.9,166,-1.42733918403804,5.7247447850283795
2013-09-14 07:00:00,24.8,91,0.0,4.7,176,-0.3278554265973891,4.688551036221174
2013-09-14 08:00:00,26.7,79,0.0,5.1,184,0.35575801609503865,5.087576656325103
2013-09-14 09:00:00,27.6,78,0.0,4.3,222,2.8772616073430903,3.195522749552795
2013-09-14 10:00:00,28.5,76,0.0,5.2,245,4.7128004925905795,2.197614961051637
2013-09-14 11:00:00,29.0,73,0.0,5.4,262,5.34744757120448,0.7515347451843534
2013-09-14 12:00:00,29.1,72,0.0,4.7,293,4.32637281122647,-1.8364363038995868
2013-09-14 13:00:00,29.1,72,0.0,8.9,328,4.716281451675524,-7.547628055792192
2013-09-14 14:00:00,28.9,72,0.2,6.0,25,-2.5357095704441948,-5.4378467222199
2013-09-14 15:00:00,28.6,81,0.2,3.4,58,-2.8833635269318485,-1.8017254983928963
2013-09-14 16:00:00,28.6,79,0.0,4.8,27,-2.179154398749825,-4.276831316104166
2013-09-14 17:00:00,28.5,79,0.0,4.3,24,-1.7489675652259404,-3.928245467863184
2013-09-14 18:00:00,27.8,85,0.0,9.2,11,-1.7554427574642102,-9.030970087718508
2013-09-14 19:00:00,27.5,83,0.0,8.0,27,-3.6319239979163753,-7.128052193506942
2013-09-14 20:00:00,27.2,84,0.0,4.6,18,-1.4214781741247586,-4.3748599749577055
2013-09-14 21:00:00,26.7,86,0.0,2.1,31,-1.0815799573111144,-1.8000513314744355
2013-09-14 22:00:00,25.4,92,0.0,3.2,117,-2.851220877402777,1.4527695991665501
2013-09-14 23:00:00,24.5,95,0.0,5.5,169,-1.0494494745709964,5.3989495089621515
2013-09-15 00:00:00,24.0,96,0.0,6.9,189,1.0793978087775935,6.815049550106451
2013-09-15 01:00:00,23.9,96,0.0,6.1,220,3.92100441908789,4.6728711030257655
2013-09-15 02:00:00,24.2,94,0.0,3.6,233,2.875087836170254,2.166534083347374
2013-09-15 03:00:00,23.7,94,0.6,2.6,124,-2.1554976886431083,1.453901549023942
2013-09-15 04:00:00,23.5,95,0.2,5.4,132,-4.012982057577928,3.613305274337835
2013-09-15 05:00:00,23.3,93,0.0,4.6,129,-3.5748714227020657,2.8948737988292517
2013-09-15 06:00:00,23.1,92,0.0,3.7,119,-3.2360929164157644,1.7937955949114477
2013-09-15 07:00:00,24.5,94,0.0,4.0,100,-3.939231012048832,0.6945927106677211
2013-09-15 08:00:00,26.5,82,0.0,3.3,77,-3.2154212137912763,-0.7423384793347544
2013-09-15 09:00:00,27.3,82,0.0,3.5,24,-1.4235782507653003,-3.1974091017491033
2013-09-15 10:00:00,28.1,80,0.0,5.1,356,0.35575801609503865,-5.087576656325103
2013-09-15 11:00:00,28.6,79,0.0,8.7,353,1.060263287624783,-8.6351515192795
2013-09-15 12:00:00,29.0,79,0.0,10.8,358,0.3769145643870117,-10.793420931806235
2013-09-15 13:00:00,28.7,81,0.1,13.0,5,-1.1330246557195571,-12.950531075192693
2013-09-15 14:00:00,28.6,83,0.0,14.2,9,-2.2213694035712805,-14.025174436450953
2013-09-15 15:00:00,28.3,80,0.2,13.9,25,-5.874393838195719,-12.597678239809436
2013-09-15 16:00:00,28.4,78,0.0,11.3,22,-4.233054505599809,-10.477177556604698
2013-09-15 17:00:00,28.1,80,0.0,11.3,17,-3.3038002633669294,-10.8062437423823
2013-09-15 18:00:00,27.4,84,0.0,12.3,21,-4.407925779407199,-11.483039245915581
2013-09-15 19:00:00,26.6,87,0.0,8.1,32,-4.292346040288961,-6.86918957886705
2013-09-15 20:00:00,25.8,90,0.0,6.2,10,-1.0766187015349682,-6.10580806867569
2013-09-15 21:00:00,25.2,91,0.0,5.6,27,-2.5423467985414625,-4.989636535454859
2013-09-15 22:00:00,24.3,94,0.2,4.6,51,-3.5748714227020653,-2.894873798829253
2013-09-15 23:00:00,24.1,94,0.3,2.6,106,-2.499280409439629,0.716657125124198
2013-09-16 00:00:00,23.9,95,0.3,2.3,129,-1.7874357113510329,1.4474368994146258
2013-09-16 01:00:00,23.7,95,0.2,3.9,146,-2.180852323535912,3.233246532964663
2013-09-16 02:00:00,23.4,96,0.2,4.3,138,-2.8772616073430903,3.195522749552795
2013-09-16 03:00:00,23.8,91,0.1,4.4,125,-3.6042689948715645,2.5237363199446023
2013-09-16 04:00:00,23.6,91,0.3,2.9,90,-2.9,3.5514757175273243e-16
2013-09-16 05:00:00,24.2,88,0.1,4.2,59,-3.600102662948872,-2.1631599146222276
2013-09-16 06:00:00,24.4,86,0.1,7.4,29,-3.5875911898228927,-6.4721858328315305
2013-09-16 07:00:00,24.4,93,0.0,9.9,33,-5.3919264466487675,-8.302838622659698
2013-09-16 08:00:00,26.5,82,0.0,11.8,27,-5.357087896926654,-10.51387698542274
2013-09-16 09:00:00,27.7,78,0.0,12.9,18,-3.9863192274368235,-12.26862906020748
2013-09-16 10:00:00,28.4,75,0.0,14.2,7,-1.7305446763530898,-14.094155353306773
2013-09-16 11:00:00,29.1,74,0.0,15.8,359,0.27574802170908086,-15.797593583470983
2013-09-16 12:00:00,29.2,73,0.0,17.0,356,1.185860053650129,-16.958588854417012
2013-09-16 13:00:00,28.9,74,0.0,17.0,4,-1.185860053650135,-16.958588854417012
2013-09-16 14:00:00,28.7,75,0.1,13.7,18,-4.233532822936781,-13.029474273243602
2013-09-16 15:00:00,29.3,71,0.0,13.5,25,-5.705346533499439,-12.235155124994776
2013-09-16 16:00:00,28.6,74,0.0,11.1,29,-5.381386784734339,-9.708278749247295
2013-09-16 17:00:00,28.2,76,0.0,9.2,21,-3.296985135816766,-8.588939923774255
2013-09-16 18:00:00,27.5,85,0.0,8.1,45,-5.727564927611036,-5.727564927611034
2013-09-16 19:00:00,26.1,87,0.0,6.1,62,-5.385980316439453,-2.863776532993934
2013-09-16 20:00:00,25.3,91,0.0,4.5,61,-3.9357886821272814,-2.181643291108516
2013-09-16 21:00:00,24.9,91,0.0,3.8,17,-1.111012477946401,-3.633958072659534
2013-09-16 22:00:00,24.8,92,0.0,3.1,21,-1.1109406435904323,-2.894099322141325
2013-09-16 23:00:00,24.2,94,0.0,2.0,45,-1.4142135623730954,-1.414213562373095
2013-09-17 00:00:00,23.7,95,0.0,1.9,112,-1.7616493236768958,0.7117525274902332
2013-09-17 01:00:00,23.7,95,0.0,3.3,131,-2.4905416147351476,2.1649947956686737
2013-09-17 02:00:00,24.1,94,0.0,4.4,125,-3.6042689948715645,2.5237363199446023
2013-09-17 03:00:00,22.8,94,0.1,5.1,129,-3.963444403430551,3.2095339943541705
2013-09-17 04:00:00,23.0,92,0.0,4.8,117,-4.276831316104166,2.1791543987498248
2013-09-17 05:00:00,23.4,90,0.0,4.4,99,-4.345828698618606,0.6883116461770163
2013-09-17 06:00:00,23.7,87,0.0,3.0,76,-2.9108871788279895,-0.7257656867990026
2013-09-17 07:00:00,24.3,91,0.0,5.4,70,-5.074340152243906,-1.846908773958611
2013-09-17 08:00:00,26.0,81,0.0,6.4,52,-5.043268823083022,-3.9402334420842124
2013-09-17 09:00:00,26.6,80,0.0,7.2,27,-3.268731598124738,-6.415246974156248
2013-09-17 10:00:00,27.4,78,0.0,8.6,15,-2.2258437878816775,-8.306962106085987
2013-09-17 11:00:00,28.2,76,0.0,10.9,8,-1.5169868004647176,-10.793921949283115
2013-09-17 12:00:00,28.7,72,0.0,14.5,6,-1.5156627173809738,-14.420567482839964
2013-09-17 13:00:00,28.6,72,0.0,13.6,11,-2.5950023371210067,-13.35012969488823
2013-09-17 14:00:00,28.7,71,0.0,12.1,12,-2.5157314588948934,-11.835585968879046
2013-09-17 15:00:00,28.3,72,0.0,11.4,11,-2.1752225472926088,-11.19054989130337
2013-09-17 16:00:00,28.0,73,0.0,10.2,10,-1.7712114122026892,-10.045039080724521
2013-09-17 17:00:00,27.6,75,0.0,8.8,9,-1.3766232923540331,-8.691657397237211
2013-09-17 18:00:00,26.6,80,0.1,5.2,25,-2.197614961051636,-4.71280049259058
2013-09-17 19:00:00,25.6,87,0.2,5.1,45,-3.606244584051393,-3.606244584051392
2013-09-17 20:00:00,24.7,92,0.2,5.1,39,-3.2095339943541727,-3.96344440343055
2013-09-17 21:00:00,24.4,92,0.4,5.9,14,-1.42733918403804,-5.7247447850283795
2013-09-17 22:00:00,24.3,92,0.7000000000000001,4.3,24,-1.7489675652259404,-3.928245467863184
2013-09-17 23:00:00,23.8,94,0.4,2.3,18,-0.7107390870623793,-2.1874299874788528
2013-09-18 00:00:00,23.4,94,0.2,1.3,34,-0.7269507745119705,-1.0777488443215544
2013-09-18 01:00:00,23.7,93,0.0,0.7000000000000001,90,-0.7000000000000001,8.572527594031473e-17
2013-09-18 02:00:00,24.6,88,0.0,1.1,90,-1.1,1.3471114790620887e-16
2013-09-18 03:00:00,24.2,90,0.2,1.0,45,-0.7071067811865477,-0.7071067811865475
2013-09-18 04:00:00,24.4,88,0.1,1.1,360,6.735557395310444e-17,-1.1
2013-09-18 05:00:00,24.6,88,0.1,2.2,9,-0.3441558230885083,-2.172914349309303
2013-09-18 06:00:00,24.1,90,0.0,5.8,22,-2.1727182418122912,-5.377666356487366
2013-09-18 07:00:00,24.0,93,0.0,5.7,35,-3.2693856872009643,-4.669166652447252
2013-09-18 08:00:00,25.6,88,0.0,6.4,27,-2.9055391983331003,-5.702441754805554
2013-09-18 09:00:00,26.6,82,0.0,8.0,18,-2.4721359549995805,-7.608452130361228
2013-09-18 10:00:00,27.4,78,0.0,7.6,3,-0.39775326744637673,-7.589584464134761
2013-09-18 11:00:00,28.5,73,0.0,9.0,358,0.31409547032250973,-8.994517443171862
2013-09-18 12:00:00,29.1,71,0.0,7.6,352,1.0577155672964975,-7.5260373224359345
2013-09-18 13:00:00,29.3,70,0.0,6.6,338,2.4724035165450187,-6.1194134401407965
2013-09-18 14:00:00,29.2,70,0.0,10.9,333,4.948496447161061,-9.71197111365321
2013-09-18 15:00:00,29.5,70,0.0,11.7,349,2.2324652459055754,-11.485038046337667
2013-09-18 16:00:00,29.1,71,0.0,9.5,25,-4.014873486536642,-8.609923976848176
2013-09-18 17:00:00,28.7,76,0.0,3.7,29,-1.7937955949114464,-3.2360929164157652
2013-09-18 18:00:00,27.7,83,0.0,6.8,342,2.1013155617496424,-6.467184310807044
2013-09-18 19:00:00,26.7,84,0.0,3.1,234,2.5079526825623373,1.8221342821066668
2013-09-18 20:00:00,26.2,84,0.0,4.4,215,2.5237363199446032,3.604268994871564
2013-09-18 21:00:00,25.4,89,0.0,5.1,188,0.7097828148963339,5.050367150582009
2013-09-18 22:00:00,25.9,85,0.0,5.1,172,-0.7097828148963332,5.050367150582009
2013-09-18 23:00:00,24.7,90,0.0,6.8,162,-2.101315561749642,6.467184310807045
2013-09-19 00:00:00,24.1,92,0.0,6.4,153,-2.905539198333099,5.702441754805555
2013-09-19 01:00:00,24.4,90,0.0,4.6,141,-2.894873798829251,3.5748714227020666
2013-09-19 02:00:00,25.0,86,0.0,4.2,110,-3.9467090073008153,1.4364846019678092
2013-09-19 03:00:00,26.3,77,0.0,4.0,85,-3.984778792366982,-0.3486229709906318
2013-09-19 04:00:00,26.1,78,0.0,0.4,360,2.4492935982947065e-17,-0.4
2013-09-19 05:00:00,24.5,85,0.0,1.9,292,1.761649323676896,-0.7117525274902328
2013-09-19 06:00:00,24.5,85,0.0,2.4,297,2.138415658052083,-1.0895771993749122
2013-09-19 07:00:00,25.0,88,0.0,1.3,34,-0.7269507745119705,-1.0777488443215544
2013-09-19 08:00:00,27.2,80,0.0,1.8,11,-0.3434561916777803,-1.7669289302057951
2013-09-19 09:00:00,28.2,76,0.0,5.6,345,1.4493866525741161,-5.4091846272187825
2013-09-19 10:00:00,29.0,74,0.0,8.6,345,2.2258437878816784,-8.306962106085987
2013-09-19 11:00:00,29.6,72,0.0,10.3,348,2.1414904154229224,-10.074920287558198
2013-09-19 12:00:00,29.9,71,0.0,10.1,343,2.952954217699641,-9.658678035226657
2013-09-19 13:00:00,30.0,70,0.0,10.0,345,2.5881904510252074,-9.659258262890683
2013-09-19 14:00:00,30.0,70,0.0,10.1,358,0.3524849166952609,-10.093847352892867
2013-09-19 15:00:00,30.9,67,0.0,7.6,8,-1.0577155672965002,-7.526037322435934
2013-09-19 16:00:00,30.2,70,0.0,6.2,7,-0.7555899291119125,-6.153786140176197
2013-09-19 17:00:00,29.4,74,0.0,7.2,27,-3.268731598124738,-6.415246974156248
2013-09-19 18:00:00,28.1,86,0.0,5.5,32,-2.9145559532826275,-4.664264528860342
2013-09-19 19:00:00,28.3,77,0.0,10.4,44,-7.224447052773572,-7.4811339235219725
2013-09-19 20:00:00,26.5,86,0.0,9.4,23,-3.672872607799174,-8.652745622452938
2013-09-19 21:00:00,25.4,91,0.0,9.0,358,0.31409547032250973,-8.994517443171862
2013-09-19 22:00:00,25.0,93,0.0,6.6,13,-1.4846769586695105,-6.430842427582552
2013-09-19 23:00:00,24.9,94,0.0,6.6,22,-2.472403516545021,-6.119413440140796
2013-09-20 00:00:00,24.7,95,0.0,7.2,18,-2.2249223594996224,-6.8476069173251055
2013-09-20 01:00:00,24.7,95,0.0,9.1,18,-2.8120546488120226,-8.654614298285896
2013-09-20 02:00:00,25.4,93,0.1,10.7,14,-2.5885642829164452,-10.382164271153162
2013-09-20 03:00:00,25.7,84,0.0,13.2,17,-3.8593065023401296,-12.623222778712066
2013-09-20 04:00:00,25.3,86,0.0,14.1,19,-4.590510977845908,-13.331811915950368
2013-09-20 05:00:00,24.9,85,0.0,14.0,18,-4.326237921249266,-13.31479122813215
2013-09-20 06:00:00,24.6,85,0.0,12.8,22,-4.794964395723677,-11.867953338454878
2013-09-20 07:00:00,25.3,86,0.0,14.7,25,-6.212488447588277,-13.322724469438755
2013-09-20 08:00:00,27.4,78,0.0,17.5,19,-5.697442703000242,-16.546575072988045
2013-09-20 09:00:00,28.3,74,0.0,20.8,18,-6.42755348299891,-19.781975538939193
2013-09-20 10:00:00,29.2,71,0.0,23.1,18,-7.138292570061289,-21.969405526418047
2013-09-20 11:00:00,29.4,71,0.0,26.5,15,-6.8587046952167965,-25.59703439666031
2013-09-20 12:00:00,29.3,73,0.0,26.9,12,-5.592824482997738,-26.31217045973937
2013-09-20 13:00:00,29.1,75,0.0,27.6,7,-3.363593877982062,-27.39427378530049
2013-09-20 14:00:00,29.3,76,0.0,29.5,8,-4.105606478321942,-29.212908027876324
2013-09-20 15:00:00,29.6,75,0.0,29.4,7,-3.5829586961113264,-29.180856858254867
2013-09-20 16:00:00,29.0,78,0.0,29.4,7,-3.5829586961113264,-29.180856858254867
2013-09-20 17:00:00,28.3,79,0.0,28.5,9,-4.458382253646585,-28.149117706961423
2013-09-20 18:00:00,27.9,79,0.0,27.0,9,-4.223730556086238,-26.667585196068718
2013-09-20 19:00:00,27.5,80,0.0,28.7,8,-3.994267997553889,-28.420693572883067
2013-09-20 20:00:00,27.2,81,0.0,27.5,11,-5.247247372854977,-26.99474754481076
2013-09-20 21:00:00,26.9,83,0.0,26.2,13,-5.89371762380927,-25.52849569737316
2013-09-20 22:00:00,26.3,87,0.0,25.1,12,-5.218583439525771,-24.551504778418522
2013-09-20 23:00:00,26.0,88,0.0,23.3,13,-5.2413595662120605,-22.70282250949598
2013-09-21 00:00:00,25.8,88,0.0,25.1,13,-5.6462714640310185,-24.456688626109404
2013-09-21 01:00:00,25.7,88,0.0,24.4,19,-7.943862968754622,-23.07065324462333
2013-09-21 02:00:00,25.6,88,0.0,24.5,20,-8.379493511478879,-23.022469209254755
2013-09-21 03:00:00,26.3,83,0.0,26.6,19,-8.660112908560368,-25.15079411094183
2013-09-21 04:00:00,26.5,82,0.0,28.7,15,-7.428106594442342,-27.72207121449626
2013-09-21 05:00:00,26.6,81,0.0,29.9,13,-6.726036524881571,-29.133664937078528
2013-09-21 06:00:00,26.8,79,0.0,31.4,13,-7.063463106397369,-30.595220034256382
2013-09-21 07:00:00,26.8,80,0.0,29.8,18,-9.208706432373438,-28.341484185595576
2013-09-21 08:00:00,27.1,80,0.3,32.5,13,-7.310909266175621,-31.66702710552014
2013-09-21 09:00:00,26.9,83,0.6,31.5,14,-7.620539711389536,-30.564315377693887
2013-09-21 10:00:00,27.3,85,1.1,31.1,13,-6.9959777900942095,-30.302909014820813
2013-09-21 11:00:00,27.3,86,1.1,31.0,9,-4.849468416247162,-30.618338558449267
2013-09-21 12:00:00,27.1,86,0.9,34.4,6,-3.5957791364072755,-34.211553200668604
2013-09-21 13:00:00,27.2,85,1.0,38.7,6,-4.045251528458185,-38.48799735075218
2013-09-21 14:00:00,27.1,85,1.0,40.9,6,-4.275214147647023,-40.67594552056238
2013-09-21 15:00:00,27.8,78,0.3,40.0,4,-2.790258949765023,-39.90256201039297
2013-09-21 16:00:00,27.4,82,0.6,39.3,4,-2.741429418144135,-39.204267175211086
2013-09-21 17:00:00,26.7,84,0.7000000000000001,36.4,2,-1.2703416799710276,-36.37782610349508
2013-09-21 18:00:00,26.4,85,0.5,36.4,359,0.635267594317123,-36.39445610369264
2013-09-21 19:00:00,26.4,84,0.3,32.0,8,-4.4535392307221064,-31.688578199730248
2013-09-21 20:00:00,26.3,84,0.4,30.5,8,-4.2447795792820076,-30.20317609661789
2013-09-21 21:00:00,26.0,86,0.6,24.7,13,-5.556291042293472,-24.066940600195306
2013-09-21 22:00:00,25.7,87,0.8,17.2,16,-4.74096252005238,-16.533701170139086
2013-09-21 23:00:00,25.5,89,1.1,12.6,27,-5.720280296718291,-11.226682204773434
2013-09-22 00:00:00,25.5,88,1.1,13.2,29,-6.399486987251646,-11.544980134240026
2013-09-22 01:00:00,25.2,88,0.9,15.5,28,-7.276809223181306,-13.685687689313369
2013-09-22 02:00:00,25.0,89,0.5,13.5,29,-6.544929873325548,-11.807366046381846
2013-09-22 03:00:00,25.8,84,0.8,9.4,32,-4.981241083792128,-7.9716521038704045
2013-09-22 04:00:00,24.6,91,1.0,6.5,180,3.9801020972288977e-16,6.5
2013-09-22 05:00:00,24.4,92,0.8,14.3,198,4.418943019561749,13.600108183020696
2013-09-22 06:00:00,24.3,94,0.8,16.1,214,9.003005745879024,13.347504918136172
2013-09-22 07:00:00,24.4,94,1.9,16.3,221,10.693762172545268,12.301766157631185
2013-09-22 08:00:00,25.1,94,0.6,13.7,225,9.687362902255702,9.6873629022557
2013-09-22 09:00:00,25.8,92,0.4,9.5,233,7.587037345449282,5.717242719944458
2013-09-22 10:00:00,26.6,89,0.3,6.5,267,6.49109197590473,0.3401837155791349
2013-09-22 11:00:00,27.2,84,0.2,7.4,284,7.180188374442374,-1.7902220274375413
2013-09-22 12:00:00,27.6,83,0.2,7.9,309,6.139453095510071,-4.971631089293716
2013-09-22 13:00:00,28.1,81,0.2,7.9,321,4.971631089293717,-6.139453095510071
2013-09-22 14:00:00,28.0,81,0.2,6.4,313,4.6806636903626915,-4.36478950439999
2013-09-22 15:00:00,26.7,86,0.6,6.1,298,5.385980316439454,-2.8637765329939335
2013-09-22 16:00:00,26.3,89,0.7000000000000001,5.4,318,3.6133052743378347,-4.012982057577929
2013-09-22 17:00:00,25.8,92,1.1,5.2,335,2.197614961051637,-4.7128004925905795
2013-09-22 18:00:00,25.4,94,0.4,5.2,335,2.197614961051637,-4.7128004925905795
2013-09-22 19:00:00,24.9,95,0.6,4.8,13,-1.0797650608505531,-4.6769763109691285
2013-09-22 20:00:00,24.6,96,0.3,2.9,360,1.7757378587636622e-16,-2.9
2013-09-22 21:00:00,24.4,95,0.7000000000000001,3.1,339,1.1109406435904312,-2.8940993221413254
2013-09-22 22:00:00,24.2,95,0.6,4.5,14,-1.088648530198505,-4.366330768241984
2013-09-22 23:00:00,24.1,95,0.6,4.9,36,-2.880147736233119,-3.9641832724372423
2013-09-23 00:00:00,24.3,94,0.6,5.1,39,-3.2095339943541727,-3.96344440343055
2013-09-23 01:00:00,24.3,94,0.8,5.5,23,-2.149021206691006,-5.062776693988422
2013-09-23 02:00:00,24.0,94,0.7000000000000001,5.4,8,-0.7515347451843555,-5.34744757120448
2013-09-23 03:00:00,24.4,94,0.2,5.0,360,3.061616997868383e-16,-5.0
2013-09-23 04:00:00,24.6,94,0.2,5.4,4,-0.37668495821827813,-5.386845871403051
2013-09-23 05:00:00,24.7,93,0.3,3.7,29,-1.7937955949114464,-3.2360929164157652
2013-09-23 06:00:00,24.9,92,0.2,5.5,32,-2.9145559532826275,-4.664264528860342
2013-09-23 07:00:00,24.9,94,0.2,4.5,61,-3.9357886821272814,-2.181643291108516
2013-09-23 08:00:00,25.9,93,0.0,3.9,68,-3.616017032810471,-1.460965714322057
2013-09-23 09:00:00,26.1,91,0.0,3.8,49,-2.867896404846534,-2.4930243101639267
2013-09-23 10:00:00,26.6,88,0.0,3.8,17,-1.111012477946401,-3.633958072659534
2013-09-23 11:00:00,26.8,87,0.0,4.3,5,-0.37476969381493047,-4.283637201794505
2013-09-23 12:00:00,26.7,87,0.2,7.1,15,-1.8376152202278964,-6.858073366652385
2013-09-23 13:00:00,26.6,87,0.2,9.5,25,-4.014873486536642,-8.609923976848176
2013-09-23 14:00:00,26.8,86,0.0,8.4,31,-4.326319829244458,-7.200205325897742
2013-09-23 15:00:00,27.4,82,0.0,9.2,39,-5.789747597658508,-7.149742845404129
2013-09-23 16:00:00,27.2,83,0.0,8.7,42,-5.821436275322065,-6.4653599816533305
2013-09-23 17:00:00,27.1,83,0.0,6.9,39,-4.342310698243882,-5.362307134053097
2013-09-23 18:00:00,26.3,86,0.0,9.6,20,-3.283393375926418,-9.02104915954472
2013-09-23 19:00:00,25.4,91,0.0,9.2,31,-4.738350289172501,-7.885939166459431
2013-09-23 20:00:00,26.5,81,0.0,8.4,47,-6.143371093601033,-5.7287862245249865
2013-09-23 21:00:00,26.4,82,0.0,4.4,35,-2.523736319944604,-3.604268994871563
2013-09-23 22:00:00,25.5,86,0.0,4.5,331,2.181643291108517,-3.935788682127281
2013-09-23 23:00:00,25.7,85,0.0,4.4,325,2.5237363199446032,-3.604268994871564
2013-09-24 00:00:00,26.0,84,0.0,1.8,307,1.437543918085127,-1.083267041673687
2013-09-24 01:00:00,25.8,85,0.0,0.8,207,0.3631923997916375,0.7128052193506943
2013-09-24 02:00:00,24.8,89,0.0,4.0,190,0.6945927106677217,3.939231012048832
2013-09-24 03:00:00,23.3,92,0.0,6.5,183,0.3401837155791358,6.49109197590473
2013-09-24 04:00:00,23.2,92,0.0,6.9,174,-0.7212463965468096,6.862201078041086
2013-09-24 05:00:00,23.1,92,0.0,7.2,162,-2.224922359499621,6.847606917325106
2013-09-24 06:00:00,22.8,92,0.0,7.3,160,-2.4967470462773815,6.859756131737131
2013-09-24 07:00:00,24.1,92,0.0,8.0,153,-3.6319239979163735,7.128052193506943
2013-09-24 08:00:00,26.9,81,0.0,6.1,180,3.735172737399427e-16,6.1
2013-09-24 09:00:00,27.9,80,0.0,6.7,216,3.93816119035957,5.420413862312148
2013-09-24 10:00:00,28.5,79,0.0,7.8,236,6.466493065929325,4.361704647071826
2013-09-24 11:00:00,28.8,77,0.0,8.6,248,7.973781149274371,3.221616703376843
2013-09-24 12:00:00,28.8,78,0.0,9.5,261,9.38303923565381,1.4861274178821933
2013-09-24 13:00:00,28.6,79,0.0,8.6,272,8.594761112364223,-0.30013567164150834
2013-09-24 14:00:00,28.4,80,0.1,6.5,276,6.4643923198937765,-0.6794350112397476
2013-09-24 15:00:00,28.4,78,0.1,3.1,291,2.8940993221413254,-1.1109406435904308
2013-09-24 16:00:00,28.2,78,0.0,1.4,360,8.572527594031472e-17,-1.4
2013-09-24 17:00:00,27.5,81,0.0,1.4,90,-1.4,1.7145055188062944e-16
2013-09-24 18:00:00,27.0,84,0.0,4.4,125,-3.6042689948715645,2.5237363199446023
2013-09-24 19:00:00,26.1,90,0.0,4.9,144,-2.880147736233118,3.9641832724372428
2013-09-24 20:00:00,26.3,87,0.0,2.5,172,-0.3479327524001634,2.475670171853926
2013-09-24 21:00:00,26.2,86,0.0,1.5,225,1.0606601717798214,1.0606601717798212
2013-09-24 22:00:00,25.3,90,0.0,3.1,234,2.5079526825623373,1.8221342821066668
2013-09-24 23:00:00,24.8,94,0.0,3.8,221,2.4930243101639276,2.8678964048465336
2013-09-25 00:00:00,24.2,95,0.0,3.3,221,2.1649947956686737,2.4905416147351476
2013-09-25 01:00:00,24.1,95,0.0,3.1,225,2.1920310216782974,2.192031021678297
2013-09-25 02:00:00,24.1,95,0.3,3.6,225,2.5455844122715714,2.545584412271571
2013-09-25 03:00:00,24.1,94,0.4,1.9,202,0.7117525274902327,1.761649323676896
2013-09-25 04:00:00,24.1,93,0.2,0.5,135,-0.35355339059327373,0.3535533905932738
2013-09-25 05:00:00,24.4,91,0.2,0.7000000000000001,90,-0.7000000000000001,8.572527594031473e-17
2013-09-25 06:00:00,24.2,92,0.2,1.1,72,-1.046162167924669,-0.33991869381244205
2013-09-25 07:00:00,24.2,96,0.0,2.8,40,-1.7998053071223103,-2.144924440733138
2013-09-25 08:00:00,25.7,90,0.1,3.5,24,-1.4235782507653003,-3.1974091017491033
2013-09-25 09:00:00,26.1,88,0.2,4.3,5,-0.37476969381493047,-4.283637201794505
2013-09-25 10:00:00,27.0,88,0.0,5.9,349,1.125773072721615,-5.791600382341218
2013-09-25 11:00:00,27.6,86,0.0,9.4,342,2.904759747124506,-8.939931253174443
2013-09-25 12:00:00,28.5,82,0.0,11.8,348,2.453357951649562,-11.542141688658907
2013-09-25 13:00:00,28.4,80,0.0,13.8,353,1.6817969389910354,-13.697136892650244
2013-09-25 14:00:00,28.4,80,0.0,14.8,357,0.7745721523955708,-14.779717114367694
2013-09-25 15:00:00,28.1,79,0.0,15.1,359,0.26353133720298233,-15.097700196861508
2013-09-25 16:00:00,27.8,80,0.0,14.4,1,-0.25131465269688236,-14.397806810252035
2013-09-25 17:00:00,27.1,82,0.0,11.3,9,-1.7677094549546108,-11.160878248725057
2013-09-25 18:00:00,26.5,84,0.0,8.0,5,-0.697245941981266,-7.969557584733964
2013-09-25 19:00:00,25.9,88,0.0,6.5,19,-2.116193003971518,-6.1458707413955596
2013-09-25 20:00:00,25.5,90,0.0,3.9,34,-2.1808523235359116,-3.233246532964663
2013-09-25 21:00:00,25.1,92,0.3,3.4,18,-1.0506577808748216,-3.233592155403522
2013-09-25 22:00:00,24.7,93,0.6,4.2,20,-1.436484601967808,-3.9467090073008158
2013-09-25 23:00:00,24.4,94,1.1,5.0,30,-2.500000000000002,-4.330127018922192
2013-09-26 00:00:00,24.2,96,1.0,5.0,30,-2.500000000000002,-4.330127018922192
2013-09-26 01:00:00,24.1,94,1.1,3.9,34,-2.1808523235359116,-3.233246532964663
2013-09-26 02:00:00,23.9,96,0.8,6.5,19,-2.116193003971518,-6.1458707413955596
2013-09-26 03:00:00,23.9,95,2.5,8.0,18,-2.4721359549995805,-7.608452130361228
2013-09-26 04:00:00,24.1,93,1.4,13.8,20,-4.719877977894226,-12.967758166845536
2013-09-26 05:00:00,23.6,94,0.5,14.7,25,-6.212488447588277,-13.322724469438755
2013-09-26 06:00:00,23.4,94,0.0,15.3,24,-6.223070639059742,-13.977245501931796
2013-09-26 07:00:00,24.2,92,0.0,16.1,20,-5.506524307543264,-15.129051194653128
2013-09-26 08:00:00,25.1,87,0.0,18.2,14,-4.402978499913954,-17.659382218223136
2013-09-26 09:00:00,26.0,81,0.0,19.9,13,-4.476525981442919,-19.389964289226178
2013-09-26 10:00:00,26.8,79,0.0,21.3,11,-4.0642316015204,-20.908659007435244
2013-09-26 11:00:00,27.7,76,0.0,22.3,10,-3.8723543619725467,-21.961212892172238
2013-09-26 12:00:00,27.7,77,0.0,22.0,10,-3.820259908672467,-21.665770566268577
2013-09-26 13:00:00,27.2,76,0.1,22.6,9,-3.5354189099092217,-22.321756497450114
2013-09-26 14:00:00,27.4,77,0.0,22.4,11,-4.274121496434599,-21.98844890922767
2013-09-26 15:00:00,27.2,74,0.0,22.0,10,-3.820259908672467,-21.665770566268577
2013-09-26 16:00:00,26.6,77,0.0,20.9,11,-3.9879080033697822,-20.516008134056175
2013-09-26 17:00:00,25.8,80,0.0,19.2,13,-4.3190602434022125,-18.707905243876514
2013-09-26 18:00:00,25.1,81,0.0,17.1,18,-5.284190603811604,-16.263066428647125
2013-09-26 19:00:00,24.5,83,0.0,15.5,18,-4.789763412811687,-14.74137600257488
2013-09-26 20:00:00,24.1,84,0.0,16.2,12,-3.3681693912477084,-15.845991131887649
2013-09-26 21:00:00,23.7,86,0.0,16.6,13,-3.7341875021081634,-16.174543075434904
2013-09-26 22:00:00,23.3,88,0.0,15.5,12,-3.2226312076752768,-15.161287811373986
2013-09-26 23:00:00,23.5,88,0.0,14.8,14,-3.5804440548750835,-14.360376748884748
2013-09-27 00:00:00,23.7,86,0.0,14.1,15,-3.6493485359455407,-13.619554150675864
2013-09-27 01:00:00,23.7,85,0.0,13.9,17,-4.063966695646045,-13.29263610788619
2013-09-27 02:00:00,23.3,89,0.0,13.1,16,-3.6108493612026855,-12.592528216791978
2013-09-27 03:00:00,23.5,89,0.2,13.4,14,-3.2417534010355484,-13.001962732098352
2013-09-27 04:00:00,23.2,90,0.2,13.8,15,-3.571702822414785,-13.329776402789143
2013-09-27 05:00:00,23.1,90,0.2,13.8,15,-3.571702822414785,-13.329776402789143
2013-09-27 06:00:00,23.2,89,0.1,14.1,19,-4.590510977845908,-13.331811915950368
2013-09-27 07:00:00,23.5,88,0.0,13.6,22,-5.094649670456407,-12.609700422108308
2013-09-27 08:00:00,24.5,83,0.0,14.5,19,-4.720738239628771,-13.710019346190094
2013-09-27 09:00:00,25.8,79,0.0,16.5,16,-4.5480163709804815,-15.860817982982264
2013-09-27 10:00:00,27.0,76,0.0,17.7,13,-3.981633661886415,-17.24635014669866
2013-09-27 11:00:00,27.6,74,0.0,18.5,7,-2.2545828529952225,-18.36210380536446
2013-09-27 12:00:00,27.7,73,0.0,20.2,5,-1.7605460035026965,-20.12313290145326
2013-09-27 13:00:00,28.3,71,0.0,21.7,5,-1.891279617624184,-21.617424948590877
2013-09-27 14:00:00,28.0,71,0.0,21.3,6,-2.2264562676010167,-21.183316371344223
2013-09-27 15:00:00,27.6,73,0.0,19.2,8,-2.672123538433264,-19.01314691983815
2013-09-27 16:00:00,27.1,75,0.0,17.0,6,-1.776983875550107,-16.90687222126065
2013-09-27 17:00:00,26.4,78,0.0,15.5,3,-0.8112073217656367,-15.478757788695894
2013-09-27 18:00:00,25.3,82,0.0,15.2,4,-1.0602984009107088,-15.162973563949327
2013-09-27 19:00:00,24.6,88,0.0,13.6,12,-2.8275989951215332,-13.302807369979755
2013-09-27 20:00:00,24.3,88,0.0,10.5,8,-1.4613175600806911,-10.397814721786487
2013-09-27 21:00:00,24.8,84,0.0,8.0,8,-1.1133848076805266,-7.922144549932562
2013-09-27 22:00:00,24.7,84,0.0,5.2,16,-1.4333142502483942,-4.998560818879259
2013-09-27 23:00:00,24.6,85,0.0,2.6,16,-0.7166571251241971,-2.4992804094396295
2013-09-28 00:00:00,24.5,85,0.0,1.6,27,-0.7263847995832751,-1.4256104387013886
2013-09-28 01:00:00,24.3,86,0.0,1.5,76,-1.4554435894139948,-0.3628828433995013
2013-09-28 02:00:00,24.3,86,0.0,2.2,90,-2.2,2.6942229581241775e-16
2013-09-28 03:00:00,25.1,80,0.0,3.2,90,-3.2,3.9188697572715305e-16
2013-09-28 04:00:00,25.1,79,0.0,4.6,72,-4.374859974957706,-1.4214781741247573
2013-09-28 05:00:00,24.7,80,0.0,5.9,47,-4.314986839553106,-4.023790324368741
2013-09-28 06:00:00,24.9,79,0.0,7.0,35,-4.015035054457325,-5.734064310022941
2013-09-28 07:00:00,25.0,82,0.0,5.6,40,-3.5996106142446207,-4.289848881466276
2013-09-28 08:00:00,26.3,80,0.0,4.1,15,-1.0611580849203346,-3.96029588778518
2013-09-28 09:00:00,27.0,79,0.0,4.9,343,1.4326213531414103,-4.685893304218874
2013-09-28 10:00:00,27.3,78,0.0,6.4,344,1.7640790772287946,-6.1520748540052415
2013-09-28 11:00:00,27.9,77,0.0,9.2,349,1.755442757464213,-9.030970087718508
2013-09-28 12:00:00,28.3,75,0.0,11.6,353,1.4136843834997108,-11.513535359039334
2013-09-28 13:00:00,28.5,75,0.0,12.0,353,1.4624321208617699,-11.910553819695863
2013-09-28 14:00:00,28.3,75,0.0,13.0,6,-1.3588700224794936,-12.928784639787555
2013-09-28 15:00:00,27.5,79,0.4,12.4,10,-2.1532374030699364,-12.21161613735138
2013-09-28 16:00:00,26.9,82,0.7000000000000001,11.2,4,-0.7812725059342065,-11.17271736291003
2013-09-28 17:00:00,26.4,85,0.4,11.4,13,-2.564442019520064,-11.10781873855168
2013-09-28 18:00:00,25.3,92,0.4,11.0,19,-3.581249699028723,-10.400704331592486
2013-09-28 19:00:00,25.3,87,0.3,11.1,13,-2.496956703216904,-10.815507719116109
2013-09-28 20:00:00,24.8,89,0.1,11.2,2,-0.3908743630680085,-11.193177262613872
2013-09-28 21:00:00,25.0,88,0.0,11.9,3,-0.6227978792910372,-11.88369146357943
2013-09-28 22:00:00,24.8,89,0.0,10.9,9,-1.7051356689385184,-10.765802912487
2013-09-28 23:00:00,24.6,90,0.0,8.5,12,-1.767249371950958,-8.314254606237347
2013-09-29 00:00:00,24.4,91,0.0,7.2,18,-2.2249223594996224,-6.8476069173251055
2013-09-29 01:00:00,24.3,91,0.0,7.1,15,-1.8376152202278964,-6.858073366652385
2013-09-29 02:00:00,24.4,90,0.0,7.4,23,-2.8914103508206264,-6.811735915548058
2013-09-29 03:00:00,24.7,89,0.0,7.1,24,-2.8878301658381806,-6.486172749262467
2013-09-29 04:00:00,24.6,89,0.0,5.5,32,-2.9145559532826275,-4.664264528860342
2013-09-29 05:00:00,24.5,90,0.0,4.5,29,-2.1816432911085157,-3.935788682127282
2013-09-29 06:00:00,24.2,91,0.0,4.7,9,-0.7352419856890859,-4.6421352007971475
2013-09-29 07:00:00,24.5,92,0.0,5.4,37,-3.2498011250210608,-4.312631754255381
2013-09-29 08:00:00,26.0,88,0.0,4.3,42,-2.87726160734309,-3.195522749552796
2013-09-29 09:00:00,27.0,84,0.0,3.3,13,-0.7423384793347553,-3.215421213791276
2013-09-29 10:00:00,27.9,81,0.0,4.9,343,1.4326213531414103,-4.685893304218874
2013-09-29 11:00:00,28.2,80,0.0,6.9,332,3.239353783222647,-6.092338390726596
2013-09-29 12:00:00,28.4,80,0.0,9.7,333,4.403707847473604,-8.642763284627167
2013-09-29 13:00:00,28.6,79,0.0,11.0,337,4.298042413382011,-10.125553387976844
2013-09-29 14:00:00,28.8,76,0.0,10.5,344,2.8941922360784913,-10.093247807352348
2013-09-29 15:00:00,28.2,81,0.0,10.5,356,0.732442974313315,-10.474422527728153
2013-09-29 16:00:00,27.9,81,0.0,10.9,354,1.1393602496174227,-10.84028865951418
2013-09-29 17:00:00,27.5,81,0.0,10.4,360,6.368163355566237e-16,-10.4
2013-09-29 18:00:00,26.8,87,0.0,12.7,8,-1.7674983821928358,-12.576404473017941
2013-09-29 19:00:00,26.0,91,0.0,13.0,14,-3.144984642795681,-12.613844441587954
2013-09-29 20:00:00,25.5,93,0.0,11.5,4,-0.8021994480574441,-11.471986577987979
2013-09-29 21:00:00,24.9,94,0.0,11.9,3,-0.6227978792910372,-11.88369146357943
2013-09-29 22:00:00,24.6,95,0.0,11.5,4,-0.8021994480574441,-11.471986577987979
2013-09-29 23:00:00,24.3,96,0.0,11.3,7,-1.3771235804781632,-11.21577151354694
2013-09-30 00:00:00,24.3,96,0.0,11.3,7,-1.3771235804781632,-11.21577151354694
2013-09-30 01:00:00,24.7,94,0.0,10.1,6,-1.055737479003299,-10.044671143219562
2013-09-30 02:00:00,24.7,92,0.1,5.2,16,-1.4333142502483942,-4.998560818879259
2013-09-30 03:00:00,24.6,90,0.0,6.6,9,-1.0324674692655247,-6.5187430479279085
2013-09-30 04:00:00,24.7,89,0.0,9.8,17,-2.8652427062828236,-9.371786608437747
2013-09-30 05:00:00,24.8,89,0.0,11.2,21,-4.013721034907368,-10.456100776768658
2013-09-30 06:00:00,24.6,90,0.0,10.8,21,-3.870373855089248,-10.082668606169777
2013-09-30 07:00:00,24.8,92,0.0,10.0,21,-3.583679495453007,-9.335804264972015
2013-09-30 08:00:00,26.4,86,0.0,11.3,9,-1.7677094549546108,-11.160878248725057
2013-09-30 09:00:00,27.6,80,0.0,14.1,4,-0.9835662797921707,-14.06565310866352
2013-09-30 10:00:00,28.3,76,0.0,16.6,1,-0.2897099468589061,-16.597471739596095
2013-09-30 11:00:00,28.9,74,0.0,18.7,360,1.1450447572027753e-15,-18.7
2013-09-30 12:00:00,29.2,74,0.0,20.5,358,0.7154396824012721,-20.487511953891463
2013-09-30 13:00:00,29.0,75,0.0,22.3,358,0.7782587764657741,-22.286415442525836
2013-09-30 14:00:00,28.8,77,0.0,22.7,2,-0.7922185751467673,-22.686171773333474
2013-09-30 15:00:00,28.4,79,0.0,20.4,9,-3.191263086820713,-20.148842148140808
2013-09-30 16:00:00,28.1,80,0.0,17.4,13,-3.9141483455832553,-16.95403912726309
2013-09-30 17:00:00,27.5,82,0.1,15.0,11,-2.8621349306481694,-14.72440775171496
2013-09-30 18:00:00,26.6,86,0.0,15.9,4,-1.1091279325315968,-15.861268399131205
2013-09-30 19:00:00,25.8,90,0.0,17.1,8,-2.3798600264171257,-16.933583975480854
2013-09-30 20:00:00,24.9,93,0.0,17.5,9,-2.7376031382040433,-17.28454596041491
2013-09-30 21:00:00,24.5,94,0.0,16.5,10,-2.8651949315043503,-16.249327924701433
2013-09-30 22:00:00,24.7,92,0.0,15.0,10,-2.6047226650039548,-14.772116295183121
2013-09-30 23:00:00,25.0,90,0.0,13.6,11,-2.5950023371210067,-13.35012969488823
2013-10-01 00:00:00,25.1,89,0.0,12.7,8,-1.7674983821928358,-12.576404473017941
2013-10-01 01:00:00,25.1,89,0.0,12.4,10,-2.1532374030699364,-12.21161613735138
2013-10-01 02:00:00,25.2,88,0.0,12.1,10,-2.101142949769857,-11.916173811447717
2013-10-01 03:00:00,25.1,87,0.2,10.2,10,-1.7712114122026892,-10.045039080724521
2013-10-01 04:00:00,24.8,88,0.2,6.7,16,-1.8467702839738926,-6.440453362786737
2013-10-01 05:00:00,25.3,85,0.0,8.4,10,-1.458644692402215,-8.272385125302547
2013-10-01 06:00:00,25.3,85,0.0,12.1,23,-4.727846654720214,-11.138108726774528
2013-10-01 07:00:00,24.8,93,0.0,11.3,31,-5.819930246483616,-9.685990497933867
2013-10-01 08:00:00,26.5,85,0.0,12.6,24,-5.124881702755081,-11.510672766296771
2013-10-01 09:00:00,27.0,83,0.0,14.2,16,-3.914050452601384,-13.649916082324129
2013-10-01 10:00:00,27.6,80,0.0,16.8,10,-2.91728938480443,-16.544770250605094
2013-10-01 11:00:00,28.0,78,0.0,19.6,7,-2.3886391307408847,-19.453904572169915
2013-10-01 12:00:00,28.6,75,0.0,21.7,7,-2.6445647518916937,-21.538251490616688
2013-10-01 13:00:00,28.5,75,0.0,22.0,10,-3.820259908672467,-21.665770566268577
2013-10-01 14:00:00,28.3,75,0.0,19.5,16,-5.374928438431478,-18.744603070797222
2013-10-01 15:00:00,28.2,77,0.0,20.1,10,-3.4903283711052997,-19.79463583554538
2013-10-01 16:00:00,27.6,80,0.0,19.1,11,-3.644451811692002,-18.749079203850382
2013-10-01 17:00:00,27.0,81,0.0,17.5,8,-2.435529266801152,-17.32969120297748
2013-10-01 18:00:00,26.2,84,0.0,15.2,5,-1.3247672897644054,-15.142159410994532
2013-10-01 19:00:00,25.5,87,0.0,13.7,2,-0.4781231048242604,-13.691654330161612
2013-10-01 20:00:00,25.0,89,0.0,12.6,2,-0.4397336584515096,-12.592324420440606
2013-10-01 21:00:00,24.4,92,0.0,11.6,5,-1.0110066158728357,-11.555858497864248
2013-10-01 22:00:00,25.2,87,0.0,10.9,8,-1.5169868004647176,-10.793921949283115
2013-10-01 23:00:00,25.2,87,0.0,8.4,10,-1.458644692402215,-8.272385125302547
2013-10-02 00:00:00,25.3,86,0.0,8.3,5,-0.7233926648055635,-8.268415994161488
2013-10-02 01:00:00,25.3,86,0.0,9.1,9,-1.4235536318661024,-8.987963899415753
2013-10-02 02:00:00,25.2,86,0.0,9.8,8,-1.363896389408645,-9.704627073667389
2013-10-02 03:00:00,24.9,87,0.0,11.2,6,-1.1707187885977175,-11.13864522812466
2013-10-02 04:00:00,23.8,92,0.0,13.4,6,-1.400681407786555,-13.326593397934865
2013-10-02 05:00:00,23.3,94,0.0,13.4,8,-1.864919552864882,-13.269592121137041
2013-10-02 06:00:00,23.3,94,0.0,14.8,4,-1.0323958114130587,-14.763947943845398
2013-10-02 07:00:00,24.1,92,0.0,17.6,1,-0.30716235329618957,-17.59731943475249
2013-10-02 08:00:00,25.4,86,0.0,20.5,1,-0.3577743319643117,-20.49687775070602
2013-10-02 09:00:00,26.3,83,0.0,22.0,1,-0.38395294162023696,-21.99664929344061
2013-10-02 10:00:00,27.1,79,0.0,23.0,360,1.4083438190194562e-15,-23.0
2013-10-02 11:00:00,28.0,75,0.0,24.5,360,1.5001923289555077e-15,-24.5
2013-10-02 12:00:00,28.3,72,0.0,26.6,1,-0.4642340112317411,-26.59594869116001
2013-10-02 13:00:00,28.3,71,0.0,28.5,2,-0.9946356560212717,-28.48263857004423
2013-10-02 14:00:00,27.7,72,0.0,29.6,3,-1.5491443047911515,-29.559434228735388
2013-10-02 15:00:00,27.0,70,0.0,30.0,6,-3.135853898029601,-29.835656861048204
2013-10-02 16:00:00,26.3,70,0.0,29.3,6,-3.0626839737422435,-29.13949153429041
2013-10-02 17:00:00,25.3,71,0.0,26.4,6,-2.7595514302660487,-26.255378037722416
2013-10-02 18:00:00,24.2,73,0.0,23.8,4,-1.6602040751101887,-23.742024396183815
2013-10-02 19:00:00,23.4,74,0.0,24.3,6,-2.5400416574039766,-24.166882057449044
2013-10-02 20:00:00,22.7,76,0.0,23.3,8,-3.242733252369534,-23.073246001678587
2013-10-02 21:00:00,22.0,78,0.0,22.6,8,-3.145312081697488,-22.380058353559487
2013-10-02 22:00:00,20.9,83,0.0,21.1,9,-3.300767212348875,-20.840223986557405
2013-10-02 23:00:00,20.9,79,0.0,20.0,7,-2.4373868681029434,-19.850923032826444
2013-10-03 00:00:00,20.6,79,0.0,20.2,5,-1.7605460035026965,-20.12313290145326
2013-10-03 01:00:00,20.1,79,0.0,21.0,6,-2.1950977286207207,-20.884959802733743
2013-10-03 02:00:00,19.7,80,0.0,21.0,7,-2.5592562115080906,-20.843469184467764
2013-10-03 03:00:00,20.8,73,0.0,20.8,9,-3.2538368728368057,-20.543917484378863
2013-10-03 04:00:00,20.2,74,0.0,20.7,8,-2.8808831898733627,-20.498549022950503
2013-10-03 05:00:00,20.3,73,0.0,20.7,8,-2.8808831898733627,-20.498549022950503
2013-10-03 06:00:00,20.2,73,0.0,18.5,8,-2.5747023677612177,-18.31995927171905
2013-10-03 07:00:00,20.6,80,0.0,20.6,5,-1.79540830060176,-20.521610780689958
2013-10-03 08:00:00,24.1,68,0.0,23.2,6,-2.425060347809558,-23.07290797254394
2013-10-03 09:00:00,25.0,65,0.0,25.1,7,-3.058920519469194,-24.912908406197186
2013-10-03 10:00:00,25.8,64,0.0,26.8,6,-2.80136281557311,-26.65318679586973
2013-10-03 11:00:00,26.4,63,0.0,29.3,6,-3.0626839737422435,-29.13949153429041
2013-10-03 12:00:00,26.7,64,0.0,31.6,7,-3.851071251602651,-31.364458391865778
2013-10-03 13:00:00,26.7,64,0.0,32.0,8,-4.4535392307221064,-31.688578199730248
2013-10-03 14:00:00,26.3,66,0.0,31.7,9,-4.958972541775323,-31.309720396865863
2013-10-03 15:00:00,25.9,66,0.0,31.3,9,-4.896398755759232,-30.91464506062781
2013-10-03 16:00:00,25.0,68,0.0,31.6,7,-3.851071251602651,-31.364458391865778
2013-10-03 17:00:00,23.8,71,0.0,30.2,8,-4.203027648993988,-29.90609567599542
2013-10-03 18:00:00,22.7,72,0.0,27.3,8,-3.799425656209797,-27.034318276644868
2013-10-03 19:00:00,22.2,72,0.0,25.8,7,-3.144229059852797,-25.60769071234611
2013-10-03 20:00:00,21.8,72,0.0,25.3,5,-2.2050402915157536,-25.203725861721164
2013-10-03 21:00:00,21.2,73,0.0,25.3,5,-2.2050402915157536,-25.203725861721164
2013-10-03 22:00:00,20.7,76,0.0,25.3,6,-2.64457012067163,-25.161403952817317
2013-10-03 23:00:00,20.0,80,0.0,25.0,7,-3.0467335851286794,-24.81365379103305
2013-10-04 00:00:00,19.7,82,0.0,24.1,9,-3.770070607469568,-23.80328900834282
2013-10-04 01:00:00,20.2,80,0.0,22.4,11,-4.274121496434599,-21.98844890922767
2013-10-04 02:00:00,20.6,76,0.0,20.9,11,-3.9879080033697822,-20.516008134056175
2013-10-04 03:00:00,19.7,81,0.0,20.5,10,-3.559787642172072,-20.188558936750265
2013-10-04 04:00:00,19.9,81,0.0,19.8,10,-3.4382339178052206,-19.49919350964172
2013-10-04 05:00:00,20.1,79,0.0,18.8,12,-3.908739787373884,-18.389174893795545
2013-10-04 06:00:00,20.6,76,0.0,17.9,15,-4.632860907335119,-17.290072290574322
2013-10-04 07:00:00,20.9,81,0.0,19.1,16,-5.264673496104679,-18.360098392421893
2013-10-04 08:00:00,23.3,70,0.0,20.4,14,-4.935206670233223,-19.794032816030327
2013-10-04 09:00:00,24.2,68,0.0,22.5,12,-4.678013043399595,-22.008321016510624
2013-10-04 10:00:00,24.9,66,0.0,25.2,10,-4.375934077206645,-24.817155375907642
2013-10-04 11:00:00,25.6,64,0.0,26.1,11,-4.980114779327814,-25.620469487984032
2013-10-04 12:00:00,26.2,62,0.0,25.7,11,-4.903791181177196,-25.227818614604963
2013-10-04 13:00:00,26.6,61,0.0,26.6,9,-4.1611567700701455,-26.272509859830663
2013-10-04 14:00:00,26.4,62,0.0,29.0,7,-3.534210958749268,-28.78383839759834
2013-10-04 15:00:00,26.0,63,0.0,30.1,8,-4.189110338897982,-29.807068869121267
2013-10-04 16:00:00,25.2,67,0.0,29.2,9,-4.567886379174746,-28.84049954537802
2013-10-04 17:00:00,24.3,69,0.0,26.1,12,-5.426495130343531,-25.529652379152328
2013-10-04 18:00:00,23.5,71,0.0,22.5,12,-4.678013043399595,-22.008321016510624
2013-10-04 19:00:00,22.8,74,0.0,21.4,8,-2.9783043605454087,-21.191736671069602
2013-10-04 20:00:00,22.1,77,0.0,19.9,6,-2.0801164190263015,-19.79098571782864
2013-10-04 21:00:00,21.2,82,0.0,19.2,5,-1.6733902607550384,-19.126938203361515
2013-10-04 22:00:00,20.9,82,0.0,18.2,8,-2.532950437473198,-18.02287885109658
2013-10-04 23:00:00,21.3,79,0.0,17.5,14,-4.233633172994186,-16.980175209829937
2013-10-05 00:00:00,21.4,79,0.0,17.6,15,-4.555215193804363,-17.000294542687605
2013-10-05 01:00:00,21.3,80,0.0,18.5,13,-4.161594505361507,-18.02584619852685
2013-10-05 02:00:00,21.2,82,0.0,18.2,14,-4.402978499913954,-17.659382218223136
2013-10-05 03:00:00,21.2,83,0.1,17.3,17,-5.058030491703352,-16.544072278160513
2013-10-05 04:00:00,21.4,83,0.0,17.0,17,-4.970318980286531,-16.2571808513716
2013-10-05 05:00:00,21.2,85,0.0,16.9,16,-4.658271313307281,-16.24532266135759
2013-10-05 06:00:00,20.9,87,0.0,18.0,16,-4.9614724047059795,-17.302710526889744
2013-10-05 07:00:00,21.5,90,0.0,20.3,12,-4.2206073236005235,-19.856396294896253
2013-10-05 08:00:00,24.2,78,0.0,23.4,11,-4.464930491811144,-22.970076092675335
2013-10-05 09:00:00,25.1,78,0.0,29.5,9,-4.614816718686815,-29.13680604755656
2013-10-05 10:00:00,26.0,74,0.0,34.6,8,-4.815389293218278,-34.26327517845833
2013-10-05 11:00:00,26.6,73,0.0,35.3,4,-2.462403523167633,-35.21401097417179
2013-10-05 12:00:00,27.2,71,0.0,38.2,9,-5.975796564536826,-37.72969461073426
2013-10-05 13:00:00,27.1,71,0.0,38.1,10,-6.615995569110046,-37.521175389765126
2013-10-05 14:00:00,26.8,73,0.0,37.3,7,-4.545726509011989,-37.02197145622131
2013-10-05 15:00:00,26.3,75,0.0,37.3,6,-3.89891167988347,-37.095666697236595
2013-10-05 16:00:00,25.7,77,0.0,37.1,8,-5.163322045618442,-36.73894535031226
2013-10-05 17:00:00,24.9,79,0.0,34.6,8,-4.815389293218278,-34.26327517845833
2013-10-05 18:00:00,24.1,81,0.0,31.2,7,-3.802323514240592,-30.96743993120925
2013-10-05 19:00:00,23.9,81,0.0,32.5,10,-5.643565774175236,-32.00625197289676
2013-10-05 20:00:00,23.6,82,0.0,32.1,10,-5.574106503108464,-31.61232887169188
2013-10-05 21:00:00,23.4,84,0.0,32.5,10,-5.643565774175236,-32.00625197289676
2013-10-05 22:00:00,23.2,85,0.0,33.9,9,-5.303128364863832,-33.482634746175165
2013-10-05 23:00:00,23.1,86,0.0,33.8,8,-4.704050812450225,-33.47106072346507
2013-10-06 00:00:00,23.1,87,0.0,33.1,8,-4.606629641778179,-32.77787307534598
2013-10-06 01:00:00,23.2,87,0.0,32.3,7,-3.936379791986253,-32.0592406980147
2013-10-06 02:00:00,23.3,87,0.0,30.8,6,-3.2194766686437237,-30.631274377342823
2013-10-06 03:00:00,23.3,86,0.0,30.1,7,-3.66826723649493,-29.875639164403797
2013-10-06 04:00:00,23.4,85,0.0,31.0,9,-4.849468416247162,-30.618338558449267
2013-10-06 05:00:00,23.5,86,0.0,28.9,6,-3.020872588435182,-28.7416827761431
2013-10-06 06:00:00,23.7,86,0.1,29.9,3,-1.5648450916640346,-29.859023089161756
2013-10-06 07:00:00,24.0,86,0.1,30.6,1,-0.5340436369808751,-30.595339471785575
2013-10-06 08:00:00,24.3,87,0.0,30.7,357,1.6067138566583796,-30.657926716965417
2013-10-06 09:00:00,24.6,85,0.0,34.6,358,1.2075225859065375,-34.578922614860716
2013-10-06 10:00:00,25.2,83,0.0,33.5,358,1.1691331395337863,-33.47959270513971
2013-10-06 11:00:00,25.7,81,0.0,33.3,354,3.48079782681286,-33.1175791157635
2013-10-06 12:00:00,25.9,80,0.0,33.0,354,3.449439287832564,-32.81922254715302
2013-10-06 13:00:00,26.2,79,0.0,32.8,356,2.2880123388073073,-32.72010084852223
2013-10-06 14:00:00,26.4,77,0.0,35.6,359,0.6213056691672961,-35.59457794756753
2013-10-06 15:00:00,25.5,83,0.3,31.0,360,1.8982025386783976e-15,-31.0
2013-10-06 16:00:00,25.3,84,0.3,28.1,1,-0.4904126208876663,-28.095720233894596
2013-10-06 17:00:00,25.1,84,0.2,22.8,5,-1.987150934646608,-22.7132391164918
2013-10-06 18:00:00,25.1,83,0.0,18.9,9,-2.9566113892603663,-18.6673096372481
2013-10-06 19:00:00,24.9,82,0.0,16.3,18,-5.036977008311646,-15.502221215611003
2013-10-06 20:00:00,24.5,83,0.0,12.9,30,-6.4500000000000055,-11.171727708819255
2013-10-06 21:00:00,23.9,86,0.0,10.8,37,-6.4996022500421216,-8.625263508510763
2013-10-06 22:00:00,23.4,87,0.0,8.4,25,-3.549993398621873,-7.612985411107861
2013-10-06 23:00:00,24.3,80,0.0,6.9,6,-0.7212463965468082,-6.862201078041087
2013-10-07 00:00:00,24.2,80,0.0,7.9,344,2.1775351109542935,-7.59396739791272
2013-10-07 01:00:00,23.3,84,0.0,7.6,315,5.374011537017761,-5.37401153701776
2013-10-07 02:00:00,21.6,91,0.0,6.8,295,6.162892951849219,-2.873804179836756
2013-10-07 03:00:00,21.6,90,0.0,2.5,225,1.7677669529663689,1.7677669529663687
2013-10-07 04:00:00,21.1,93,0.0,5.2,164,-1.433314250248395,4.998560818879258
2013-10-07 05:00:00,21.0,93,0.0,6.3,149,-3.2447398719333416,5.400153994423308
2013-10-07 06:00:00,20.9,92,0.0,8.1,148,-4.292346040288959,6.869189578867051
2013-10-07 07:00:00,22.1,93,0.0,8.7,135,-6.151828996322962,6.151828996322964
2013-10-07 08:00:00,25.6,80,0.0,8.3,146,-4.641301098807197,6.881011852206847
2013-10-07 09:00:00,26.8,71,0.0,7.6,161,-2.4743179738743906,7.185941174554808
2013-10-07 10:00:00,27.8,67,0.0,7.6,183,0.3977532674463741,7.589584464134761
2013-10-07 11:00:00,28.5,65,0.0,7.9,204,3.2132194802988217,7.217009115376547
2013-10-07 12:00:00,29.0,65,0.0,9.3,234,7.523858047687012,5.46640284632
2013-10-07 13:00:00,29.1,65,0.0,11.3,253,10.806243742382302,3.303800263366926
2013-10-07 14:00:00,29.0,67,0.0,11.9,267,11.88369146357943,0.6227978792910317
2013-10-07 15:00:00,28.7,66,0.0,11.4,283,11.107818738551682,-2.5644420195200612
2013-10-07 16:00:00,28.0,69,0.0,9.3,298,8.211412613588022,-4.366085533908785
2013-10-07 17:00:00,27.0,73,0.0,5.9,317,4.023790324368742,-4.314986839553106
2013-10-07 18:00:00,26.0,82,0.0,5.5,337,2.1490212066910055,-5.062776693988422
2013-10-07 19:00:00,26.2,75,0.0,5.7,35,-3.2693856872009643,-4.669166652447252
2013-10-07 20:00:00,25.7,77,0.0,5.8,68,-5.377666356487367,-2.1727182418122895
2013-10-07 21:00:00,25.1,80,0.0,5.4,82,-5.34744757120448,-0.7515347451843538
2013-10-07 22:00:00,25.1,80,0.0,4.7,94,-4.688551036221174,0.32785542659739
2013-10-07 23:00:00,24.9,82,0.0,4.8,132,-3.567095162291491,3.21182691052252
2013-10-08 00:00:00,23.2,90,0.0,6.8,148,-3.6034509967857926,5.766727053863697
2013-10-08 01:00:00,22.7,92,0.0,7.1,156,-2.8878301658381815,6.486172749262466
2013-10-08 02:00:00,22.7,93,0.0,6.8,162,-2.101315561749642,6.467184310807045
2013-10-08 03:00:00,23.3,90,0.0,7.9,164,-2.1775351109542926,7.59396739791272
2013-10-08 04:00:00,24.0,86,0.0,7.6,172,-1.0577155672964966,7.5260373224359345
2013-10-08 05:00:00,24.5,83,0.0,6.2,187,0.7555899291119145,6.153786140176196
2013-10-08 06:00:00,24.4,84,0.0,3.2,180,1.9594348786357652e-16,3.2
2013-10-08 07:00:00,24.6,84,0.0,3.4,198,1.0506577808748212,3.233592155403522
2013-10-08 08:00:00,25.4,82,0.0,4.0,190,0.6945927106677217,3.939231012048832
2013-10-08 09:00:00,26.3,78,0.0,3.7,191,0.7059932828932162,3.632020578756357
2013-10-08 10:00:00,27.3,73,0.0,3.4,212,1.8017254983928965,2.883363526931848
2013-10-08 11:00:00,28.1,68,0.0,4.2,250,3.9467090073008158,1.4364846019678086
2013-10-08 12:00:00,28.8,66,0.0,4.7,274,4.688551036221174,-0.3278554265973889
2013-10-08 13:00:00,29.2,65,0.0,6.3,301,5.400153994423308,-3.244739871933341
2013-10-08 14:00:00,29.1,65,0.0,7.6,315,5.374011537017761,-5.37401153701776
2013-10-08 15:00:00,28.7,67,0.0,7.6,329,3.9142893693164114,-6.5144714853360535
2013-10-08 16:00:00,28.4,68,0.1,8.7,330,4.3500000000000005,-7.534421012924615
2013-10-08 17:00:00,27.4,73,0.0,8.2,331,3.975438886019964,-7.171881598543044
2013-10-08 18:00:00,26.3,84,0.0,5.3,332,2.4881992827652213,-4.679622242152313
2013-10-08 19:00:00,26.0,81,0.0,3.4,342,1.0506577808748212,-3.233592155403522
2013-10-08 20:00:00,26.1,80,0.0,2.3,51,-1.7874357113510326,-1.4474368994146265
2013-10-08 21:00:00,25.8,82,0.0,3.1,126,-2.507952682562337,1.822134282106667
2013-10-08 22:00:00,25.6,82,0.0,4.1,142,-2.524212048835199,3.23084408978756
2013-10-08 23:00:00,25.5,83,0.0,5.4,132,-4.012982057577928,3.613305274337835
2013-10-09 00:00:00,25.2,84,0.0,6.0,107,-5.737828535778213,1.7542302283364197
2013-10-09 01:00:00,25.0,85,0.0,5.1,86,-5.087576656325103,-0.3557580160950389
2013-10-09 02:00:00,24.6,86,0.0,4.0,85,-3.984778792366982,-0.3486229709906318
2013-10-09 03:00:00,23.2,89,0.2,4.0,100,-3.939231012048832,0.6945927106677211
2013-10-09 04:00:00,23.1,88,0.2,4.0,117,-3.564026096753471,1.8159619989581874
2013-10-09 05:00:00,23.4,87,0.3,4.6,108,-4.3748599749577055,1.4214781741247584
2013-10-09 06:00:00,23.5,85,0.2,4.2,59,-3.600102662948872,-2.1631599146222276
2013-10-09 07:00:00,23.7,87,0.1,5.9,38,-3.632402704421383,-4.649263446279661
2013-10-09 08:00:00,25.6,80,0.0,7.7,28,-3.614931033451359,-6.798696465013738
2013-10-09 09:00:00,26.4,76,0.0,9.1,18,-2.8120546488120226,-8.654614298285896
2013-10-09 10:00:00,27.6,72,0.0,9.9,10,-1.7191169589026103,-9.74959675482086
2013-10-09 11:00:00,28.5,69,0.0,10.4,2,-0.36295476570600793,-10.393664600998596
2013-10-09 12:00:00,29.1,67,0.0,12.2,360,7.470345474798854e-16,-12.2
2013-10-09 13:00:00,28.7,70,0.0,14.0,1,-0.24433369012196898,-13.997867732189478
2013-10-09 14:00:00,27.9,74,0.7000000000000001,15.3,15,-3.959931390068566,-14.778665142222746
2013-10-09 15:00:00,27.8,73,0.2,12.1,27,-5.493285046848517,-10.781178942679249
2013-10-09 16:00:00,27.6,73,0.0,9.3,28,-4.366085533908785,-8.211412613588022
2013-10-09 17:00:00,27.2,74,0.0,8.6,22,-3.2216167033768457,-7.97378114927437
2013-10-09 18:00:00,26.0,81,0.0,10.5,6,-1.0975488643103604,-10.442479901366871
2013-10-09 19:00:00,24.8,87,0.0,10.5,6,-1.0975488643103604,-10.442479901366871
2013-10-09 20:00:00,24.3,90,0.0,10.1,360,6.184466335694133e-16,-10.1
2013-10-09 21:00:00,24.2,90,0.0,10.1,2,-0.35248491669525767,-10.093847352892867
2013-10-09 22:00:00,24.8,88,0.0,10.6,10,-1.8406706832694615,-10.438962181929405
2013-10-09 23:00:00,24.7,88,0.0,9.2,21,-3.296985135816766,-8.588939923774255
2013-10-10 00:00:00,24.5,89,0.0,8.1,32,-4.292346040288961,-6.86918957886705
2013-10-10 01:00:00,24.0,91,0.0,7.5,35,-4.301823272632848,-6.143640332167437
2013-10-10 02:00:00,22.5,98,0.0,8.5,28,-3.9905082836800716,-7.505054539300879
2013-10-10 03:00:00,23.7,89,0.0,8.9,14,-2.1531048708370433,-8.635631963856369
2013-10-10 04:00:00,23.6,89,0.0,9.5,11,-1.812685456077174,-9.325458242752807
2013-10-10 05:00:00,23.3,90,0.0,10.1,17,-2.9529542176996446,-9.658678035226657
2013-10-10 06:00:00,23.0,90,0.0,9.6,20,-3.283393375926418,-9.02104915954472
2013-10-10 07:00:00,23.4,92,0.0,11.3,17,-3.3038002633669294,-10.8062437423823
2013-10-10 08:00:00,25.8,83,0.0,12.8,10,-2.2226966741367082,-12.605539238556263
2013-10-10 09:00:00,27.3,77,0.0,15.2,4,-1.0602984009107088,-15.162973563949327
2013-10-10 10:00:00,28.1,74,0.0,16.9,360,1.0348265452795135e-15,-16.9
2013-10-10 11:00:00,28.5,72,0.0,18.7,358,0.6526205883367702,-18.68860846525709
2013-10-10 12:00:00,28.8,72,0.0,19.8,357,1.0362519336102907,-19.772864788140563
2013-10-10 13:00:00,28.6,72,0.0,20.2,3,-1.057186316107475,-20.17231660204239
2013-10-10 14:00:00,28.4,73,0.0,17.7,2,-0.6177210916342635,-17.689217638237995
2013-10-10 15:00:00,28.3,75,0.0,19.1,1,-0.33334096295211485,-19.097090977487074
2013-10-10 16:00:00,27.8,77,0.0,17.3,4,-1.2067869957733726,-17.257858069494958
2013-10-10 17:00:00,27.2,79,0.0,15.5,4,-1.0812253430339465,-15.462242779027275
2013-10-10 18:00:00,26.2,84,0.0,14.4,359,0.2513146526968838,-14.397806810252035
2013-10-10 19:00:00,25.3,89,0.0,14.0,1,-0.24433369012196898,-13.997867732189478
2013-10-10 20:00:00,24.6,92,0.0,12.3,5,-1.0720156357961965,-12.253194786528471
2013-10-10 21:00:00,24.1,94,0.0,10.8,4,-0.7533699164365563,-10.773691742806102
2013-10-10 22:00:00,24.5,92,0.0,10.5,4,-0.7324429743133186,-10.474422527728153
2013-10-10 23:00:00,24.6,92,0.0,9.7,2,-0.33852511801425733,-9.694091022085228
2013-10-11 00:00:00,24.3,92,0.0,7.9,357,0.41345405431925736,-7.889173324561134
2013-10-11 01:00:00,23.8,95,0.0,8.3,358,0.289665822630759,-8.294943864258496
2013-10-11 02:00:00,23.8,95,0.0,8.3,2,-0.28966582263075635,-8.294943864258496
2013-10-11 03:00:00,23.9,94,0.0,8.4,7,-1.0237024846032363,-8.337387673787106
2013-10-11 04:00:00,23.9,94,0.0,7.7,11,-1.4692292643993936,-7.558529312547013
2013-10-11 05:00:00,23.7,95,0.1,6.9,9,-1.0793978087775942,-6.81504955010645
2013-10-11 06:00:00,22.8,96,0.1,6.7,36,-3.938161190359571,-5.420413862312147
2013-10-11 07:00:00,23.6,96,0.0,7.4,23,-2.8914103508206264,-6.811735915548058
2013-10-11 08:00:00,25.7,88,0.1,10.4,14,-2.515987714236545,-10.091075553270363
2013-10-11 09:00:00,26.7,82,0.0,13.2,11,-2.518678738970389,-12.957478821509163
2013-10-11 10:00:00,27.8,78,0.0,17.3,5,-1.5077943495344879,-17.234168276987198
2013-10-11 11:00:00,28.6,73,0.0,21.3,3,-1.1147558679747138,-21.270809090272422
2013-10-11 12:00:00,29.1,70,0.0,23.4,4,-1.6323014856125384,-23.342998776079884
2013-10-11 13:00:00,29.4,69,0.0,24.5,3,-1.2822309279521356,-24.466423601487058
2013-10-11 14:00:00,29.3,69,0.0,24.6,5,-2.144031271592393,-24.506389573056943
2013-10-11 15:00:00,29.4,68,0.0,23.9,6,-2.498230272096915,-23.769073299301734
2013-10-11 16:00:00,28.6,72,0.0,23.3,9,-3.644923035437383,-23.013138335866707
2013-10-11 17:00:00,27.8,75,0.0,20.8,9,-3.2538368728368057,-20.543917484378863
2013-10-11 18:00:00,26.4,81,0.0,17.4,6,-1.8187952608571683,-17.304680979407955
2013-10-11 19:00:00,25.2,88,0.0,16.0,9,-2.5029514406436966,-15.803013449522203
2013-10-11 20:00:00,25.0,86,0.0,13.5,9,-2.111865278043119,-13.333792598034359
2013-10-11 21:00:00,25.1,84,0.0,14.2,9,-2.2213694035712805,-14.025174436450953
2013-10-11 22:00:00,24.9,85,0.0,14.2,9,-2.2213694035712805,-14.025174436450953
2013-10-11 23:00:00,24.9,85,0.0,13.9,10,-2.4137096695703315,-13.688827766869691
2013-10-12 00:00:00,24.5,86,0.0,14.6,9,-2.283943189587373,-14.42024977268901
2013-10-12 01:00:00,23.9,88,0.0,13.7,5,-1.194033675642918,-13.647867363856914
2013-10-12 02:00:00,23.5,90,0.0,11.9,5,-1.0371533386971332,-11.854716907291772
2013-10-12 03:00:00,23.6,87,0.2,9.8,6,-1.024378940023003,-9.74631457460908
2013-10-12 04:00:00,22.7,90,0.0,8.0,8,-1.1133848076805266,-7.922144549932562
2013-10-12 05:00:00,23.2,90,0.0,8.3,5,-0.7233926648055635,-8.268415994161488
2013-10-12 06:00:00,23.9,87,0.0,8.0,8,-1.1133848076805266,-7.922144549932562
2013-10-12 07:00:00,24.8,85,0.0,11.8,12,-2.453357951649566,-11.542141688658907
2013-10-12 08:00:00,26.7,78,0.0,13.8,15,-3.571702822414785,-13.329776402789143
2013-10-12 09:00:00,28.0,72,0.0,15.9,13,-3.576721764067458,-15.492484030085238
2013-10-12 10:00:00,29.1,68,0.0,16.3,6,-1.70381395126275,-16.210706894502856
2013-10-12 11:00:00,29.9,66,0.0,17.7,2,-0.6177210916342635,-17.689217638237995
2013-10-12 12:00:00,30.5,65,0.0,18.4,360,1.1266750552155648e-15,-18.4
2013-10-12 13:00:00,30.0,67,0.1,18.7,360,1.1450447572027753e-15,-18.7
2013-10-12 14:00:00,29.4,69,0.3,16.6,4,-1.1579574641524848,-16.55956323431308
2013-10-12 15:00:00,29.9,67,0.2,15.3,9,-2.393447315115535,-15.111631611105606
2013-10-12 16:00:00,28.8,73,0.3,13.4,14,-3.2417534010355484,-13.001962732098352
2013-10-12 17:00:00,27.6,81,0.2,10.7,14,-2.5885642829164452,-10.382164271153162
2013-10-12 18:00:00,26.1,89,0.1,10.0,13,-2.2495105434386526,-9.743700647852352
2013-10-12 19:00:00,26.0,85,0.1,11.2,15,-2.898773305148231,-10.818369254437565
2013-10-12 20:00:00,25.5,87,0.0,10.9,9,-1.7051356689385184,-10.765802912487
2013-10-12 21:00:00,25.8,85,0.0,11.5,14,-2.7821017993961794,-11.15840085217396
2013-10-12 22:00:00,25.3,87,0.0,11.3,9,-1.7677094549546108,-11.160878248725057
2013-10-12 23:00:00,24.8,90,0.0,10.1,4,-0.7045403848156684,-10.075396907624224
2013-10-13 00:00:00,24.2,92,0.0,8.6,358,0.3001356716415093,-8.594761112364223
2013-10-13 01:00:00,23.8,93,0.0,7.9,360,4.837354856632045e-16,-7.9
2013-10-13 02:00:00,23.7,94,0.0,5.1,8,-0.7097828148963357,-5.050367150582008
2013-10-13 03:00:00,23.1,94,0.7000000000000001,2.3,18,-0.7107390870623793,-2.1874299874788528
2013-10-13 04:00:00,23.0,96,0.8,1.0,45,-0.7071067811865477,-0.7071067811865475
2013-10-13 05:00:00,22.8,97,0.7000000000000001,0.5,135,-0.35355339059327373,0.3535533905932738
2013-10-13 06:00:00,22.8,96,0.4,2.0,45,-1.4142135623730954,-1.414213562373095
2013-10-13 07:00:00,24.3,94,0.1,8.0,27,-3.6319239979163753,-7.128052193506942
2013-10-13 08:00:00,25.8,89,0.0,13.3,19,-4.330056454280184,-12.575397055470916
2013-10-13 09:00:00,26.9,81,0.0,16.2,17,-4.736421616508341,-15.492137046601172
2013-10-13 10:00:00,28.1,75,0.0,17.7,12,-3.6800369274743483,-17.31321253298836
2013-10-13 11:00:00,28.9,71,0.0,19.9,5,-1.734399280678399,-19.824274492025737
2013-10-13 12:00:00,29.3,67,0.0,20.5,2,-0.7154396824012657,-20.487511953891463
2013-10-13 13:00:00,29.2,67,0.2,20.5,1,-0.3577743319643117,-20.49687775070602
2013-10-13 14:00:00,28.8,69,0.1,18.7,2,-0.6526205883367642,-18.68860846525709
2013-10-13 15:00:00,28.5,69,0.0,17.0,6,-1.776983875550107,-16.90687222126065
2013-10-13 16:00:00,28.0,71,0.0,14.2,9,-2.2213694035712805,-14.025174436450953
2013-10-13 17:00:00,27.2,74,0.0,10.2,8,-1.4195656297926713,-10.100734301164016
2013-10-13 18:00:00,25.8,84,0.0,8.6,358,0.3001356716415093,-8.594761112364223
2013-10-13 19:00:00,24.8,87,0.0,8.3,2,-0.28966582263075635,-8.294943864258496
2013-10-13 20:00:00,24.6,87,0.0,5.4,8,-0.7515347451843555,-5.34744757120448
2013-10-13 21:00:00,24.3,88,0.1,2.6,16,-0.7166571251241971,-2.4992804094396295
2013-10-13 22:00:00,23.9,90,0.2,2.3,39,-1.447436899414627,-1.7874357113510322
2013-10-13 23:00:00,23.8,92,0.2,1.9,22,-0.7117525274902333,-1.7616493236768958
2013-10-14 00:00:00,23.6,93,0.2,0.7000000000000001,270,0.7000000000000001,0.0
2013-10-14 01:00:00,23.6,94,0.1,1.4,180,8.572527594031472e-17,1.4
2013-10-14 02:00:00,23.5,94,0.0,2.5,188,0.34793275240016364,2.475670171853926
2013-10-14 03:00:00,23.8,90,1.0,2.5,180,1.5308084989341916e-16,2.5
2013-10-14 04:00:00,23.5,90,0.6,3.5,156,-1.423578250765301,3.197409101749103
2013-10-14 05:00:00,24.0,88,0.5,2.9,150,-1.4499999999999993,2.511473670974872
2013-10-14 06:00:00,24.5,85,0.2,3.9,202,1.4609657143220567,3.616017032810471
2013-10-14 07:00:00,24.5,87,0.0,2.3,108,-2.1874299874788528,0.7107390870623792
2013-10-14 08:00:00,25.5,87,0.0,4.3,95,-4.283637201794505,0.3747696938149302
2013-10-14 09:00:00,26.2,83,0.0,3.8,73,-3.6339580726595346,-1.1110124779463997
2013-10-14 10:00:00,26.9,81,0.0,2.6,16,-0.7166571251241971,-2.4992804094396295
2013-10-14 11:00:00,27.4,80,0.0,4.6,321,2.894873798829252,-3.5748714227020657
2013-10-14 12:00:00,27.9,80,0.0,8.1,315,5.727564927611035,-5.727564927611034
2013-10-14 13:00:00,27.8,80,0.0,8.8,325,5.0474726398892065,-7.208537989743128
2013-10-14 14:00:00,27.7,82,0.0,8.4,340,2.872969203935618,-7.893418014601631
2013-10-14 15:00:00,27.8,77,0.0,8.3,358,0.289665822630759,-8.294943864258496
2013-10-14 16:00:00,27.3,73,0.0,8.2,15,-2.122316169840669,-7.92059177557036
2013-10-14 17:00:00,26.8,74,0.0,8.6,22,-3.2216167033768457,-7.97378114927437
2013-10-14 18:00:00,25.7,84,0.0,9.7,31,-4.9958693266275285,-8.314522816810486
2013-10-14 19:00:00,25.6,79,0.0,10.0,26,-4.383711467890778,-8.987940462991668
2013-10-14 20:00:00,25.7,77,0.0,11.6,22,-4.3454364836245825,-10.755332712974733
2013-10-14 21:00:00,25.4,79,0.0,11.8,20,-4.0358376912428895,-11.08837292527372
2013-10-14 22:00:00,24.8,82,0.0,12.1,17,-3.537697627145119,-11.571287547152727
2013-10-14 23:00:00,24.1,85,0.0,12.1,12,-2.5157314588948934,-11.835585968879046
2013-10-15 00:00:00,23.1,88,0.0,12.8,11,-2.442355140819771,-12.5648279481301
2013-10-15 01:00:00,22.3,90,0.0,12.4,17,-3.62540913856194,-11.858178973941639
2013-10-15 02:00:00,21.6,92,0.0,12.6,24,-5.124881702755081,-11.510672766296771
2013-10-15 03:00:00,21.0,93,0.0,13.5,25,-5.705346533499439,-12.235155124994776
2013-10-15 04:00:00,20.7,94,0.0,14.6,20,-4.99349409255476,-13.719512263474263
2013-10-15 05:00:00,20.6,93,0.0,16.7,19,-5.436988179434516,-15.79016021250859
2013-10-15 06:00:00,20.4,91,0.0,18.3,15,-4.736388525376127,-17.67644262108995
2013-10-15 07:00:00,21.7,90,0.0,19.0,15,-4.917561856947892,-18.352590699492296
2013-10-15 08:00:00,24.6,76,0.0,21.0,13,-4.723972141221171,-20.461771360489937
2013-10-15 09:00:00,25.4,72,0.0,22.3,10,-3.8723543619725467,-21.961212892172238
2013-10-15 10:00:00,26.1,68,0.0,23.2,7,-2.827368766999414,-23.027070718078672
2013-10-15 11:00:00,26.8,65,0.0,24.6,6,-2.571400196384273,-24.465238626059527
2013-10-15 12:00:00,27.1,63,0.0,26.1,6,-2.7281928912857527,-25.957021469111936
2013-10-15 13:00:00,27.1,62,0.0,26.5,8,-3.6880871754417446,-26.24210382165161
2013-10-15 14:00:00,26.9,61,0.0,26.6,9,-4.1611567700701455,-26.272509859830663
2013-10-15 15:00:00,26.8,62,0.0,26.9,8,-3.7437564158257706,-26.63821104914824
2013-10-15 16:00:00,26.0,65,0.0,27.3,8,-3.799425656209797,-27.034318276644868
2013-10-15 17:00:00,24.8,69,0.0,27.3,8,-3.799425656209797,-27.034318276644868
2013-10-15 18:00:00,23.7,73,0.0,26.0,10,-4.514852619340188,-25.60500157831741
2013-10-15 19:00:00,23.1,74,0.0,25.6,14,-6.193200527351496,-24.83957059266551
2013-10-15 20:00:00,22.6,76,0.0,22.7,15,-5.875192323827218,-21.92651625676185
2013-10-15 21:00:00,21.8,79,0.0,20.9,15,-5.40931804264268,-20.187849769441527
2013-10-15 22:00:00,21.4,80,0.0,18.6,18,-5.747716095374025,-17.689651203089856
2013-10-15 23:00:00,21.9,74,0.0,16.5,20,-5.643332364873531,-15.50492824296749
2013-10-16 00:00:00,22.0,74,0.0,17.4,22,-6.518154725436873,-16.132999069462098
2013-10-16 01:00:00,21.0,79,0.0,15.0,21,-5.375519243179511,-14.003706397458025
2013-10-16 02:00:00,19.7,84,0.0,15.8,12,-3.2850047149206048,-15.45473209159413
2013-10-16 03:00:00,20.4,80,0.0,17.8,14,-4.3062097416740865,-17.271263927712738
2013-10-16 04:00:00,19.1,85,0.0,18.7,16,-5.154418553777879,-17.975593714046564
2013-10-16 05:00:00,18.8,86,0.0,20.9,15,-5.40931804264268,-20.187849769441527
2013-10-16 06:00:00,18.9,84,0.0,23.0,17,-6.724549208622953,-21.995009387149814
2013-10-16 07:00:00,20.1,80,0.0,25.1,16,-6.918497631006672,-24.12766856805181
2013-10-16 08:00:00,22.2,68,0.0,26.5,15,-6.8587046952167965,-25.59703439666031
2013-10-16 09:00:00,23.4,63,0.0,27.0,13,-6.073678467284362,-26.30799174920135
2013-10-16 10:00:00,24.4,59,0.0,27.2,11,-5.190004674242013,-26.70025938977646
2013-10-16 11:00:00,25.2,57,0.0,27.7,9,-4.3332346816144,-27.358967034485314
2013-10-16 12:00:00,25.6,55,0.0,28.3,7,-3.448902418365665,-28.089056091449415
2013-10-16 13:00:00,25.6,56,0.0,30.4,6,-3.177665283336662,-30.23346561919551
2013-10-16 14:00:00,25.2,57,0.0,30.9,8,-4.300448819666034,-30.59928332411452
2013-10-16 15:00:00,24.7,58,0.0,30.2,9,-4.7243208442149776,-29.828187885973158
2013-10-16 16:00:00,23.9,61,0.0,29.1,9,-4.552242932670723,-28.741730711318507
2013-10-16 17:00:00,22.5,64,0.0,26.8,7,-3.2660984032579443,-26.600236863987433
2013-10-16 18:00:00,21.3,67,0.0,25.3,6,-2.64457012067163,-25.161403952817317
2013-10-16 19:00:00,20.5,70,0.0,24.3,6,-2.5400416574039766,-24.166882057449044
2013-10-16 20:00:00,19.8,73,0.0,22.7,3,-1.1880262067148357,-22.668890438928827
2013-10-16 21:00:00,18.7,78,0.0,21.3,4,-1.4858128907498749,-21.248114270534256
2013-10-16 22:00:00,19.1,73,0.0,19.6,6,-2.048757880046006,-19.49262914921816
2013-10-16 23:00:00,20.1,68,0.0,18.2,9,-2.847107263732205,-17.975927798831506
2013-10-17 00:00:00,20.2,68,0.0,17.7,12,-3.6800369274743483,-17.31321253298836
2013-10-17 01:00:00,20.1,69,0.0,18.0,12,-3.7424104347196763,-17.6066568132085
2013-10-17 02:00:00,20.0,70,0.0,17.5,14,-4.233633172994186,-16.980175209829937
2013-10-17 03:00:00,19.8,70,0.0,16.6,18,-5.12968210662413,-15.78753817049955
2013-10-17 04:00:00,19.4,72,0.0,15.1,18,-4.666156615061708,-14.360953396056818
2013-10-17 05:00:00,19.0,75,0.0,14.1,19,-4.590510977845908,-13.331811915950368
2013-10-17 06:00:00,18.5,77,0.0,10.6,35,-6.0799102253210915,-8.68301166946331
2013-10-17 07:00:00,19.5,77,0.0,8.9,47,-6.509047944410618,-6.069785404556236
2013-10-17 08:00:00,22.1,69,0.0,9.3,36,-5.466402846320002,-7.5238580476870105
2013-10-17 09:00:00,23.3,62,0.0,10.6,28,-4.976398565530442,-9.359244484304625
2013-10-17 10:00:00,24.4,60,0.0,9.8,17,-2.8652427062828236,-9.371786608437747
2013-10-17 11:00:00,25.2,59,0.0,10.5,4,-0.7324429743133186,-10.474422527728153
2013-10-17 12:00:00,25.6,58,0.0,12.6,357,0.659433048661094,-12.58273213790763
2013-10-17 13:00:00,25.6,58,0.0,14.0,360,8.572527594031472e-16,-14.0
2013-10-17 14:00:00,25.4,59,0.0,16.2,359,0.2827289842839943,-16.197532661533536
2013-10-17 15:00:00,25.2,61,0.0,20.2,2,-0.7049698333905153,-20.187694705785734
2013-10-17 16:00:00,24.4,64,0.0,22.5,6,-2.3518904235222005,-22.376742645786152
2013-10-17 17:00:00,23.2,68,0.0,21.1,8,-2.936552430257389,-20.894656250447134
2013-10-17 18:00:00,22.2,74,0.0,21.5,9,-3.363340998364967,-21.23529932279546
2013-10-17 19:00:00,21.5,81,0.0,20.2,11,-3.854341706606201,-19.828869105642813
2013-10-17 20:00:00,21.0,83,0.0,19.1,11,-3.644451811692002,-18.749079203850382
2013-10-17 21:00:00,21.6,78,0.0,17.9,10,-3.1083023802380527,-17.628058778918522
2013-10-17 22:00:00,21.2,79,0.0,16.5,10,-2.8651949315043503,-16.249327924701433
2013-10-17 23:00:00,20.3,86,0.0,14.2,9,-2.2213694035712805,-14.025174436450953
2013-10-18 00:00:00,19.8,89,0.0,14.3,10,-2.483168940637104,-14.082750868074575
2013-10-18 01:00:00,19.5,90,0.0,13.1,21,-4.694620139043439,-12.229903587113341
2013-10-18 02:00:00,19.1,92,0.0,11.1,36,-6.524416300446453,-8.980088637561915
2013-10-18 03:00:00,20.9,82,0.0,8.7,52,-6.855693556378481,-5.3562548353332256
2013-10-18 04:00:00,21.2,81,0.0,7.4,51,-5.750880114781584,-4.656970893768799
2013-10-18 05:00:00,21.5,79,0.0,9.2,21,-3.296985135816766,-8.588939923774255
2013-10-18 06:00:00,21.6,79,0.0,9.3,28,-4.366085533908785,-8.211412613588022
2013-10-18 07:00:00,21.8,79,0.0,8.9,47,-6.509047944410618,-6.069785404556236
2013-10-18 08:00:00,23.1,74,0.0,7.7,28,-3.614931033451359,-6.798696465013738
2013-10-18 09:00:00,24.3,70,0.0,11.1,13,-2.496956703216904,-10.815507719116109
2013-10-18 10:00:00,25.1,68,0.0,13.6,17,-3.9762551842292244,-13.00574468109728
2013-10-18 11:00:00,25.8,66,0.0,14.1,15,-3.6493485359455407,-13.619554150675864
2013-10-18 12:00:00,26.2,65,0.0,16.0,8,-2.2267696153610532,-15.844289099865124
2013-10-18 13:00:00,26.5,64,0.0,18.4,6,-1.9233237241248218,-18.299202874776228
2013-10-18 14:00:00,26.3,64,0.0,20.2,5,-1.7605460035026965,-20.12313290145326
2013-10-18 15:00:00,25.8,65,0.0,22.1,7,-2.6933124892537528,-21.93526995127322
2013-10-18 16:00:00,25.2,69,0.0,21.8,9,-3.410271337877037,-21.531605824974
2013-10-18 17:00:00,24.4,71,0.0,19.3,9,-3.019185175276459,-19.062384973486157
2013-10-18 18:00:00,23.4,76,0.0,18.4,6,-1.9233237241248218,-18.299202874776228
2013-10-18 19:00:00,22.8,80,0.0,19.2,8,-2.672123538433264,-19.01314691983815
2013-10-18 20:00:00,22.1,85,0.0,19.6,6,-2.048757880046006,-19.49262914921816
2013-10-18 21:00:00,21.9,87,0.0,18.9,8,-2.6303716081452437,-18.716066499215675
2013-10-18 22:00:00,22.5,82,0.0,16.3,8,-2.2685215456490733,-16.141369520487597
2013-10-18 23:00:00,22.5,82,0.0,15.2,7,-1.8524140197582368,-15.086701504948095
2013-10-19 00:00:00,22.3,84,0.0,14.6,9,-2.283943189587373,-14.42024977268901
2013-10-19 01:00:00,22.2,84,0.0,13.2,11,-2.518678738970389,-12.957478821509163
2013-10-19 02:00:00,22.0,85,0.0,12.6,13,-2.834383284732702,-12.277062816293963
2013-10-19 03:00:00,21.6,87,0.0,12.6,13,-2.834383284732702,-12.277062816293963
2013-10-19 04:00:00,22.0,85,0.0,12.4,17,-3.62540913856194,-11.858178973941639
2013-10-19 05:00:00,22.2,85,0.0,12.1,17,-3.537697627145119,-11.571287547152727
2013-10-19 06:00:00,21.5,88,0.0,13.2,11,-2.518678738970389,-12.957478821509163
2013-10-19 07:00:00,21.7,89,0.0,14.8,14,-3.5804440548750835,-14.360376748884748
2013-10-19 08:00:00,23.7,80,0.0,14.5,14,-3.507867486195183,-14.06928803100195
2013-10-19 09:00:00,24.9,74,0.0,14.9,8,-2.0736792043049808,-14.754994224249398
2013-10-19 10:00:00,25.9,69,0.0,15.9,3,-0.8321417042628145,-15.878209602597725
2013-10-19 11:00:00,26.8,66,0.0,15.1,1,-0.26353133720298083,-15.097700196861508
2013-10-19 12:00:00,27.3,65,0.0,15.5,356,1.0812253430339411,-15.462242779027275
2013-10-19 13:00:00,27.6,64,0.0,17.0,355,1.4816476267101883,-16.935309867559674
2013-10-19 14:00:00,27.3,65,0.0,19.1,359,0.33334096295211674,-19.097090977487074
2013-10-19 15:00:00,26.6,67,0.0,20.2,5,-1.7605460035026965,-20.12313290145326
2013-10-19 16:00:00,26.2,69,0.0,21.0,6,-2.1950977286207207,-20.884959802733743
2013-10-19 17:00:00,25.2,72,0.0,19.9,6,-2.0801164190263015,-19.79098571782864
2013-10-19 18:00:00,24.2,77,0.0,18.4,6,-1.9233237241248218,-18.299202874776228
2013-10-19 19:00:00,23.2,81,0.0,17.7,5,-1.542656646633551,-17.632646156223895
2013-10-19 20:00:00,22.5,85,0.0,17.7,2,-0.6177210916342635,-17.689217638237995
2013-10-19 21:00:00,21.9,89,0.0,18.0,1,-0.31414331587110295,-17.997258512815044
2013-10-19 22:00:00,21.5,89,0.0,17.7,2,-0.6177210916342635,-17.689217638237995
2013-10-19 23:00:00,21.8,87,0.0,17.0,6,-1.776983875550107,-16.90687222126065
2013-10-20 00:00:00,21.6,88,0.0,16.3,8,-2.2685215456490733,-16.141369520487597
2013-10-20 01:00:00,21.6,88,0.0,16.0,8,-2.2267696153610532,-15.844289099865124
2013-10-20 02:00:00,21.7,87,0.0,16.0,8,-2.2267696153610532,-15.844289099865124
2013-10-20 03:00:00,21.0,90,0.0,15.3,8,-2.129348444689007,-15.151101451746026
2013-10-20 04:00:00,20.5,90,0.0,15.6,8,-2.171100374977027,-15.448181872368496
2013-10-20 05:00:00,20.5,89,0.0,15.9,6,-1.6620025659556885,-15.812898136355548
2013-10-20 06:00:00,20.3,89,0.0,17.1,8,-2.3798600264171257,-16.933583975480854
2013-10-20 07:00:00,21.2,87,0.0,17.7,6,-1.8501537998374644,-17.60303754801844
2013-10-20 08:00:00,23.7,76,0.0,20.6,6,-2.1532863433136593,-20.487151044586433
2013-10-20 09:00:00,25.0,71,0.0,21.4,7,-2.608003948870149,-21.24048764512429
2013-10-20 10:00:00,26.2,65,0.0,22.0,4,-1.5346424223707626,-21.946409105716132
2013-10-20 11:00:00,26.9,63,0.0,24.5,3,-1.2822309279521356,-24.466423601487058
2013-10-20 12:00:00,27.2,62,0.0,26.7,2,-0.9318165619567703,-26.683735081409857
2013-10-20 13:00:00,27.1,62,0.0,28.8,3,-1.507275539796796,-28.760530600931727
2013-10-20 14:00:00,26.9,62,0.0,29.9,3,-1.5648450916640346,-29.859023089161756
2013-10-20 15:00:00,26.5,62,0.0,30.3,5,-2.6408190052540452,-30.18469935217989
2013-10-20 16:00:00,25.5,66,0.0,29.7,7,-3.619519499132871,-29.478620703747264
2013-10-20 17:00:00,24.3,70,0.0,26.4,6,-2.7595514302660487,-26.255378037722416
2013-10-20 18:00:00,23.2,75,0.0,24.6,5,-2.144031271592393,-24.506389573056943
2013-10-20 19:00:00,22.5,78,0.0,24.2,4,-1.688106664607839,-24.141050016287746
2013-10-20 20:00:00,22.2,78,0.0,23.8,4,-1.6602040751101887,-23.742024396183815
2013-10-20 21:00:00,21.8,80,0.0,23.1,4,-1.611374543489301,-23.04372956100194
2013-10-20 22:00:00,21.3,82,0.0,23.1,5,-2.013297657470906,-23.012097525919323
2013-10-20 23:00:00,20.6,85,0.0,22.9,7,-2.79080796397787,-22.729306872586275
2013-10-21 00:00:00,20.4,85,0.0,21.8,9,-3.410271337877037,-21.531605824974
2013-10-21 01:00:00,20.4,84,0.0,21.5,9,-3.363340998364967,-21.23529932279546
2013-10-21 02:00:00,20.4,83,0.0,21.1,9,-3.300767212348875,-20.840223986557405
2013-10-21 03:00:00,19.7,87,0.0,21.2,10,-3.681341366538923,-20.87792436385881
2013-10-21 04:00:00,19.5,87,0.0,20.5,11,-3.9115844052191644,-20.12335726067711
2013-10-21 05:00:00,19.4,87,0.0,20.3,12,-4.2206073236005235,-19.856396294896253
2013-10-21 06:00:00,19.3,87,0.0,19.7,15,-5.098735188519656,-19.028738777894645
2013-10-21 07:00:00,20.2,86,0.0,21.2,15,-5.486963756173437,-20.477627517328248
2013-10-21 08:00:00,23.5,70,0.0,24.2,15,-6.263420891480999,-23.375404996195453
2013-10-21 09:00:00,24.5,66,0.0,25.4,12,-5.280956946771099,-24.84494905863866
2013-10-21 10:00:00,25.5,63,0.0,26.2,9,-4.098582984054053,-25.877434523592605
2013-10-21 11:00:00,26.1,61,0.0,27.5,6,-2.8745327398604674,-27.34935212262752
2013-10-21 12:00:00,26.4,61,0.0,28.6,6,-2.989514049454886,-28.44332620753262
2013-10-21 13:00:00,26.5,60,0.0,29.3,6,-3.0626839737422435,-29.13949153429041
2013-10-21 14:00:00,26.2,61,0.0,29.7,6,-3.1044953590493045,-29.53730029243772
2013-10-21 15:00:00,25.6,62,0.0,30.0,6,-3.135853898029601,-29.835656861048204
2013-10-21 16:00:00,24.7,65,0.0,30.1,6,-3.1463067443563664,-29.93510905058503
2013-10-21 17:00:00,23.3,69,0.0,28.2,6,-2.947702664147825,-28.045517449385308
2013-10-21 18:00:00,22.1,73,0.0,27.2,6,-2.8431742008801715,-27.050995554017035
2013-10-21 19:00:00,21.6,74,0.0,25.4,7,-3.095481322490738,-25.21067225168958
2013-10-21 20:00:00,21.2,76,0.0,24.3,6,-2.5400416574039766,-24.166882057449044
2013-10-21 21:00:00,20.8,76,0.0,23.9,6,-2.498230272096915,-23.769073299301734
2013-10-21 22:00:00,20.3,77,0.0,23.2,7,-2.827368766999414,-23.027070718078672
2013-10-21 23:00:00,19.5,81,0.0,21.8,9,-3.410271337877037,-21.531605824974
2013-10-22 00:00:00,18.6,83,0.0,20.8,9,-3.2538368728368057,-20.543917484378863
2013-10-22 01:00:00,18.2,84,0.0,20.4,9,-3.191263086820713,-20.148842148140808
2013-10-22 02:00:00,17.7,85,0.0,21.1,9,-3.300767212348875,-20.840223986557405
2013-10-22 03:00:00,17.5,84,0.0,22.3,9,-3.488488570397152,-22.025449995271572
2013-10-22 04:00:00,17.4,83,0.0,22.7,10,-3.9418136330393185,-22.35513599337712
2013-10-22 05:00:00,17.2,82,0.0,23.2,7,-2.827368766999414,-23.027070718078672
2013-10-22 06:00:00,17.1,81,0.0,23.5,4,-1.639277132986951,-23.44275518110587
2013-10-22 07:00:00,18.3,79,0.0,23.8,3,-1.2455957585820745,-23.76738292715886
2013-10-22 08:00:00,21.6,65,0.0,26.8,5,-2.3357739056372413,-26.69801790885878
2013-10-22 09:00:00,23.0,59,0.0,27.2,6,-2.8431742008801715,-27.050995554017035
2013-10-22 10:00:00,24.2,55,0.0,26.8,6,-2.80136281557311,-26.65318679586973
2013-10-22 11:00:00,25.0,53,0.0,27.5,5,-2.396782925560602,-27.395354197523
2013-10-22 12:00:00,25.6,52,0.0,28.2,4,-1.9671325595843414,-28.13130621732704
2013-10-22 13:00:00,25.8,52,0.0,29.6,3,-1.5491443047911515,-29.559434228735388
2013-10-22 14:00:00,25.5,52,0.0,31.0,4,-2.162450686067893,-30.92448555805455
2013-10-22 15:00:00,25.0,54,0.0,31.8,5,-2.7715526193755324,-31.67899139931751
2013-10-22 16:00:00,24.0,58,0.0,32.2,6,-3.3658165172184384,-32.023605030858405
2013-10-22 17:00:00,22.6,63,0.0,29.6,5,-2.579809985330684,-29.48736306351567
2013-10-22 18:00:00,21.4,66,0.0,28.1,4,-1.960156912209929,-28.031549812301062
2013-10-22 19:00:00,20.8,68,0.0,27.8,3,-1.4549395835538517,-27.761901066177153
2013-10-22 20:00:00,20.4,69,0.0,26.3,3,-1.3764356491894354,-26.263956764045293
2013-10-22 21:00:00,20.1,69,0.0,25.6,2,-0.8934271155840195,-25.584405171688854
2013-10-22 22:00:00,19.5,73,0.0,24.5,3,-1.2822309279521356,-24.466423601487058
2013-10-22 23:00:00,18.7,79,0.0,23.8,3,-1.2455957585820745,-23.76738292715886
2013-10-23 00:00:00,18.7,79,0.0,23.5,4,-1.639277132986951,-23.44275518110587
2013-10-23 01:00:00,19.5,76,0.0,23.6,7,-2.8761165043614736,-23.4240891787352
2013-10-23 02:00:00,19.7,76,0.0,22.2,8,-3.089642841313461,-21.98395112606286
2013-10-23 03:00:00,18.5,82,0.0,21.1,9,-3.300767212348875,-20.840223986557405
2013-10-23 04:00:00,17.5,86,0.0,22.4,5,-1.9522886375475446,-22.314761237255098
2013-10-23 05:00:00,17.4,87,0.0,24.2,3,-1.2665301410792522,-24.166834741060686
2013-10-23 06:00:00,17.4,88,0.0,23.4,4,-1.6323014856125384,-23.342998776079884
2013-10-23 07:00:00,18.4,88,0.0,24.9,5,-2.17017799441669,-24.805247982484463
2013-10-23 08:00:00,21.8,74,0.0,28.2,4,-1.9671325595843414,-28.13130621732704
2013-10-23 09:00:00,23.1,69,0.0,30.3,4,-2.113621154447005,-30.226190722872673
2013-10-23 10:00:00,24.3,64,0.0,32.1,4,-2.239182807186431,-32.02180601334036
2013-10-23 11:00:00,25.0,61,0.0,33.5,4,-2.336841870428207,-33.41839568370411
2013-10-23 12:00:00,25.2,60,0.0,34.6,3,-1.810824086005873,-34.55258190250826
2013-10-23 13:00:00,24.5,63,0.0,34.6,4,-2.413573991546745,-34.515716138989916
2013-10-23 14:00:00,24.1,65,0.0,34.6,4,-2.413573991546745,-34.515716138989916
2013-10-23 15:00:00,23.6,65,0.0,35.0,4,-2.4414765810443955,-34.91474175909385
2013-10-23 16:00:00,22.8,66,0.0,34.3,4,-2.3926470494235073,-34.21644692391197
2013-10-23 17:00:00,21.8,69,0.0,30.3,3,-1.5857794741612126,-30.258474903063586
2013-10-23 18:00:00,20.8,72,0.0,28.6,6,-2.989514049454886,-28.44332620753262
2013-10-23 19:00:00,20.3,75,0.0,27.2,7,-3.314846140620003,-26.99725532464396
2013-10-23 20:00:00,19.8,78,0.0,26.1,6,-2.7281928912857527,-25.957021469111936
2013-10-23 21:00:00,19.5,79,0.0,25.6,4,-1.7857657278496148,-25.537639686651502
2013-10-23 22:00:00,19.3,80,0.0,26.0,4,-1.8136683173472652,-25.93666530675543
2013-10-23 23:00:00,19.1,82,0.0,26.0,6,-2.7177400449589872,-25.85756927957511
2013-10-24 00:00:00,19.0,83,0.0,25.7,6,-2.6863815059786913,-25.559212710964626
2013-10-24 01:00:00,19.0,84,0.0,26.8,6,-2.80136281557311,-26.65318679586973
2013-10-24 02:00:00,19.1,83,0.0,27.5,6,-2.8745327398604674,-27.34935212262752
2013-10-24 03:00:00,19.2,81,0.0,28.6,6,-2.989514049454886,-28.44332620753262
2013-10-24 04:00:00,19.2,80,0.0,28.9,4,-2.015962091205229,-28.829601052508917
2013-10-24 05:00:00,19.2,80,0.0,28.2,4,-1.9671325595843414,-28.13130621732704
2013-10-24 06:00:00,19.2,80,0.0,27.4,4,-1.9113273805890407,-27.333254977119182
2013-10-24 07:00:00,19.7,79,0.0,27.4,2,-0.9562462096485208,-27.383308660323223
2013-10-24 08:00:00,21.0,75,0.0,31.4,5,-2.736690322276469,-31.28051352008081
2013-10-24 09:00:00,22.1,71,0.0,32.9,4,-2.2949879861817313,-32.819857253548214
2013-10-24 10:00:00,23.1,68,0.0,33.9,4,-2.364744459925857,-33.81742130380804
2013-10-24 11:00:00,23.6,66,0.0,34.3,4,-2.3926470494235073,-34.21644692391197
2013-10-24 12:00:00,24.2,65,0.0,34.6,2,-1.2075225859065264,-34.578922614860716
2013-10-24 13:00:00,24.2,64,0.0,35.3,2,-1.2319522335982767,-35.278496193774075
2013-10-24 14:00:00,23.6,66,0.0,36.1,3,-1.8893280203702896,-36.050526204640114
2013-10-24 15:00:00,22.8,68,0.0,36.9,6,-3.857100294576409,-36.69785793908929
2013-10-24 16:00:00,22.0,70,0.0,36.4,9,-5.69421452746441,-35.95185559766301
2013-10-24 17:00:00,21.1,72,0.0,32.7,8,-4.5509604013941525,-32.38176584784935
2013-10-24 18:00:00,20.4,73,0.0,30.9,8,-4.300448819666034,-30.59928332411452
2013-10-24 19:00:00,20.1,72,0.0,31.2,7,-3.802323514240592,-30.96743993120925
2013-10-24 20:00:00,19.9,71,0.0,31.3,8,-4.35611806005006,-30.99539055161115
2013-10-24 21:00:00,19.6,71,0.0,30.9,8,-4.300448819666034,-30.59928332411452
2013-10-24 22:00:00,19.3,70,0.0,30.5,7,-3.7170149738569886,-30.272657625060322
2013-10-24 23:00:00,18.9,71,0.0,30.6,9,-4.78689463023107,-30.223263222211212
2013-10-25 00:00:00,18.7,71,0.0,30.1,8,-4.189110338897982,-29.807068869121267
2013-10-25 01:00:00,18.6,70,0.0,29.8,8,-4.1473584086099615,-29.509988448498795
2013-10-25 02:00:00,18.2,71,0.0,29.5,8,-4.105606478321942,-29.212908027876324
2013-10-25 03:00:00,18.3,66,0.0,28.8,9,-4.505312593158654,-28.445424209139965
2013-10-25 04:00:00,18.3,66,0.0,28.5,9,-4.458382253646585,-28.149117706961423
2013-10-25 05:00:00,18.1,66,0.0,28.2,10,-4.896878610207435,-27.771578634944266
2013-10-25 06:00:00,18.0,68,0.0,27.3,12,-5.675989159324843,-26.703429500032893
2013-10-25 07:00:00,18.3,70,0.0,27.3,8,-3.799425656209797,-27.034318276644868
2013-10-25 08:00:00,20.0,64,0.0,29.9,10,-5.192080512241216,-29.44575181506502
2013-10-25 09:00:00,21.3,61,0.0,31.1,10,-5.400458325441534,-30.62752111867967
2013-10-25 10:00:00,22.3,59,0.0,32.3,11,-6.16313055066239,-31.706558025359545
2013-10-25 11:00:00,23.3,56,0.0,32.6,11,-6.2203732492753545,-32.00104618039385
2013-10-25 12:00:00,23.6,55,0.0,33.9,9,-5.303128364863832,-33.482634746175165
2013-10-25 13:00:00,23.7,55,0.0,34.9,8,-4.857141223506297,-34.5603555990808
2013-10-25 14:00:00,23.2,56,0.0,35.3,8,-4.912810463890323,-34.95646282657743
2013-10-25 15:00:00,22.9,57,0.0,35.4,9,-5.537780062424178,-34.96416725706787
2013-10-25 16:00:00,22.1,59,0.0,34.0,10,-5.904038040675632,-33.48346360241507
2013-10-25 17:00:00,20.7,63,0.0,29.9,10,-5.192080512241216,-29.44575181506502
2013-10-25 18:00:00,19.7,65,0.0,28.7,12,-5.967065526469706,-28.07283614106022
2013-10-25 19:00:00,19.2,66,0.0,28.0,12,-5.821527342897274,-27.388132820546556
2013-10-25 20:00:00,18.6,67,0.0,26.8,11,-5.113681076091396,-26.307608516397394
2013-10-25 21:00:00,18.1,68,0.0,25.6,10,-4.4453933482734165,-25.211078477112526
2013-10-25 22:00:00,17.8,68,0.0,25.2,9,-3.942148519013822,-24.889746182997467
2013-10-25 23:00:00,17.2,71,0.0,25.2,9,-3.942148519013822,-24.889746182997467
2013-10-26 00:00:00,16.4,74,0.0,24.9,10,-4.323839623906565,-24.521713050003978
2013-10-26 01:00:00,15.9,76,0.0,24.1,10,-4.184921081773021,-23.733866847594214
2013-10-26 02:00:00,15.4,78,0.0,23.5,11,-4.4840113913487984,-23.0682388110201
2013-10-26 03:00:00,15.7,75,0.0,23.2,12,-4.823551226972027,-22.693024337024287
2013-10-26 04:00:00,15.3,76,0.0,23.6,12,-4.906715903299132,-23.084283377317814
2013-10-26 05:00:00,15.3,76,0.0,23.6,12,-4.906715903299132,-23.084283377317814
2013-10-26 06:00:00,15.3,76,0.0,23.8,15,-6.159893273439991,-22.989034665679828
2013-10-26 07:00:00,16.5,74,0.0,25.1,16,-6.918497631006672,-24.12766856805181
2013-10-26 08:00:00,19.4,61,0.0,26.5,15,-6.8587046952167965,-25.59703439666031
2013-10-26 09:00:00,20.9,55,0.0,27.2,15,-7.039878026788561,-26.273182475062658
2013-10-26 10:00:00,22.0,52,0.0,27.4,14,-6.628659939430897,-26.586102899962302
2013-10-26 11:00:00,23.1,49,0.0,27.2,11,-5.190004674242013,-26.70025938977646
2013-10-26 12:00:00,23.9,47,0.0,27.7,9,-4.3332346816144,-27.358967034485314
2013-10-26 13:00:00,24.1,47,0.0,28.3,7,-3.448902418365665,-28.089056091449415
2013-10-26 14:00:00,23.9,49,0.0,29.3,6,-3.0626839737422435,-29.13949153429041
2013-10-26 15:00:00,23.1,52,0.0,29.7,7,-3.619519499132871,-29.478620703747264
2013-10-26 16:00:00,22.0,57,0.0,28.4,8,-3.9525160672658695,-28.123613152260592
2013-10-26 17:00:00,20.6,62,0.0,24.7,8,-3.4375755937136256,-24.459621297916783
2013-10-26 18:00:00,19.2,67,0.0,20.8,10,-3.611882095472151,-20.484001262653926
2013-10-26 19:00:00,18.1,75,0.0,17.1,15,-4.425805671253103,-16.51733162954307
2013-10-26 20:00:00,18.0,73,0.0,15.5,12,-3.2226312076752768,-15.161287811373986
2013-10-26 21:00:00,18.5,70,0.0,15.7,11,-2.9957012274117503,-15.411546780128324
2013-10-26 22:00:00,18.4,71,0.0,16.0,14,-3.8707503295946846,-15.524731620415944
2013-10-26 23:00:00,18.4,71,0.0,14.6,16,-4.0243053949281835,-14.034420760699458
2013-10-27 00:00:00,18.4,71,0.0,14.5,19,-4.720738239628771,-13.710019346190094
2013-10-27 01:00:00,18.4,72,0.0,14.9,20,-5.0961001355524616,-14.001420049710037
2013-10-27 02:00:00,18.4,72,0.0,16.1,27,-7.309247045806706,-14.345205039432722
2013-10-27 03:00:00,18.6,71,0.0,15.8,27,-7.173049895884842,-14.077903082176212
2013-10-27 04:00:00,18.6,71,0.0,14.7,28,-6.901231972952593,-12.979329615026225
2013-10-27 05:00:00,18.6,71,0.0,14.5,19,-4.720738239628771,-13.710019346190094
2013-10-27 06:00:00,18.5,72,0.0,13.8,20,-4.719877977894226,-12.967758166845536
2013-10-27 07:00:00,18.8,71,0.0,12.4,26,-5.435802220184564,-11.14504617410967
2013-10-27 08:00:00,20.3,69,0.0,13.0,28,-6.10313031621658,-11.47831870716605
2013-10-27 09:00:00,21.8,61,0.0,11.8,23,-4.6106273161734315,-10.861957270738795
2013-10-27 10:00:00,23.0,59,0.0,11.3,9,-1.7677094549546108,-11.160878248725057
2013-10-27 11:00:00,23.8,58,0.0,13.0,2,-0.4536934571325099,-12.992080751248245
2013-10-27 12:00:00,24.4,57,0.0,13.7,358,0.4781231048242648,-13.691654330161612
2013-10-27 13:00:00,24.4,56,0.0,14.8,359,0.2582956152717973,-14.79774588831459
2013-10-27 14:00:00,24.3,55,0.0,16.6,360,1.0164568432923032e-15,-16.6
2013-10-27 15:00:00,23.5,53,0.0,16.4,9,-2.5655252266597888,-16.198088785760255
2013-10-27 16:00:00,23.0,55,0.0,14.8,14,-3.5804440548750835,-14.360376748884748
2013-10-27 17:00:00,22.1,57,0.0,12.6,13,-2.834383284732702,-12.277062816293963
2013-10-27 18:00:00,20.6,71,0.0,11.6,22,-4.3454364836245825,-10.755332712974733
2013-10-27 19:00:00,20.7,61,0.0,11.0,38,-6.772276228582239,-8.668118289673943
2013-10-27 20:00:00,20.4,64,0.0,8.4,40,-5.3994159213669315,-6.434773322199415
2013-10-27 21:00:00,20.1,66,0.0,7.1,41,-4.658019105832602,-5.358438019581681
2013-10-27 22:00:00,19.8,68,0.0,5.6,40,-3.5996106142446207,-4.289848881466276
2013-10-27 23:00:00,19.5,70,0.0,4.2,59,-3.600102662948872,-2.1631599146222276
2013-10-28 00:00:00,17.2,81,0.0,3.4,72,-3.2335921554035223,-1.0506577808748208
2013-10-28 01:00:00,16.7,84,0.0,3.3,84,-3.2819222547153015,-0.3449439287832565
2013-10-28 02:00:00,16.8,84,0.0,4.7,94,-4.688551036221174,0.32785542659739
2013-10-28 03:00:00,18.2,78,0.0,5.4,110,-5.074340152243905,1.846908773958612
2013-10-28 04:00:00,18.9,75,0.0,4.5,104,-4.366330768241984,1.0886485301985047
2013-10-28 05:00:00,18.9,75,0.0,4.0,95,-3.984778792366982,0.3486229709906328
2013-10-28 06:00:00,18.9,75,0.0,2.9,90,-2.9,3.5514757175273243e-16
2013-10-28 07:00:00,19.0,75,0.0,3.2,63,-2.8512208774027776,-1.4527695991665495
2013-10-28 08:00:00,20.3,74,0.0,3.4,58,-2.8833635269318485,-1.8017254983928963
2013-10-28 09:00:00,21.8,67,0.0,2.5,45,-1.7677669529663693,-1.7677669529663687
2013-10-28 10:00:00,22.7,64,0.0,2.9,353,0.3534210958749277,-2.8783838397598336
2013-10-28 11:00:00,23.6,60,0.0,5.6,333,2.542346798541462,-4.989636535454859
2013-10-28 12:00:00,24.3,58,0.0,8.4,340,2.872969203935618,-7.893418014601631
2013-10-28 13:00:00,24.6,56,0.0,8.7,343,2.5436338310878095,-8.319851376878407
2013-10-28 14:00:00,24.3,56,0.0,9.2,339,3.2969851358167634,-8.588939923774255
2013-10-28 15:00:00,24.0,55,0.0,10.1,343,2.952954217699641,-9.658678035226657
2013-10-28 16:00:00,23.3,57,0.0,10.8,360,6.613092715395707e-16,-10.8
2013-10-28 17:00:00,22.5,61,0.0,8.9,14,-2.1531048708370433,-8.635631963856369
2013-10-28 18:00:00,21.2,75,0.0,10.8,21,-3.870373855089248,-10.082668606169777
2013-10-28 19:00:00,20.6,75,0.0,10.6,24,-4.311408416603481,-9.68358185101157
2013-10-28 20:00:00,20.9,70,0.0,8.7,24,-3.5386087947594604,-7.947845481490628
2013-10-28 21:00:00,21.2,68,0.0,6.8,360,4.1637991171010006e-16,-6.8
2013-10-28 22:00:00,20.9,71,0.0,7.9,357,0.41345405431925736,-7.889173324561134
2013-10-28 23:00:00,20.7,72,0.0,6.9,9,-1.0793978087775942,-6.81504955010645
2013-10-29 00:00:00,20.5,73,0.0,5.5,11,-1.0494494745709955,-5.3989495089621515
2013-10-29 01:00:00,20.3,74,0.0,4.7,23,-1.836436303899587,-4.326372811226469
2013-10-29 02:00:00,20.2,75,0.0,4.5,29,-2.1816432911085157,-3.935788682127282
2013-10-29 03:00:00,20.4,76,0.0,5.1,8,-0.7097828148963357,-5.050367150582008
2013-10-29 04:00:00,20.2,77,0.0,6.2,10,-1.0766187015349682,-6.10580806867569
2013-10-29 05:00:00,20.0,78,0.0,5.4,20,-1.8469087739586103,-5.074340152243906
2013-10-29 06:00:00,19.9,78,0.0,4.4,55,-3.604268994871564,-2.5237363199446032
2013-10-29 07:00:00,20.1,78,0.0,4.4,55,-3.604268994871564,-2.5237363199446032
2013-10-29 08:00:00,21.1,79,0.0,4.1,15,-1.0611580849203346,-3.96029588778518
2013-10-29 09:00:00,22.5,72,0.0,6.8,357,0.35588450245201897,-6.790680836331102
2013-10-29 10:00:00,23.5,66,0.0,9.5,351,1.4861274178821937,-9.38303923565381
2013-10-29 11:00:00,24.5,61,0.0,11.9,357,0.6227978792910333,-11.88369146357943
2013-10-29 12:00:00,25.3,58,0.0,13.0,358,0.453693457132514,-12.992080751248245
2013-10-29 13:00:00,25.5,57,0.0,14.1,356,0.9835662797921657,-14.06565310866352
2013-10-29 14:00:00,25.7,56,0.0,16.0,352,2.2267696153610474,-15.844289099865126
2013-10-29 15:00:00,25.4,60,0.0,18.6,351,2.9096810497482952,-18.371003135069564
2013-10-29 16:00:00,24.8,62,0.0,18.4,354,1.9233237241248236,-18.299202874776228
2013-10-29 17:00:00,23.7,67,0.0,15.1,359,0.26353133720298233,-15.097700196861508
2013-10-29 18:00:00,22.6,79,0.0,10.5,356,0.732442974313315,-10.474422527728153
2013-10-29 19:00:00,21.6,82,0.0,8.3,360,5.082284216461516e-16,-8.3
2013-10-29 20:00:00,21.2,81,0.0,7.6,355,0.6623836448822018,-7.571079705497266
2013-10-29 21:00:00,21.5,79,0.0,6.8,357,0.35588450245201897,-6.790680836331102
2013-10-29 22:00:00,20.5,84,0.0,5.0,360,3.061616997868383e-16,-5.0
2013-10-29 23:00:00,19.5,89,0.0,2.9,360,1.7757378587636622e-16,-2.9
2013-10-30 00:00:00,19.1,91,0.0,1.1,360,6.735557395310444e-17,-1.1
2013-10-30 01:00:00,18.6,92,0.0,0.4,360,2.4492935982947065e-17,-0.4
2013-10-30 02:00:00,18.8,91,0.1,1.3,304,1.0777488443215542,-0.726950774511971
2013-10-30 03:00:00,20.8,84,0.3,1.3,326,0.7269507745119709,-1.0777488443215544
2013-10-30 04:00:00,21.2,83,0.0,1.6,27,-0.7263847995832751,-1.4256104387013886
2013-10-30 05:00:00,21.1,83,0.0,2.8,40,-1.7998053071223103,-2.144924440733138
2013-10-30 06:00:00,20.9,83,0.0,2.3,108,-2.1874299874788528,0.7107390870623792
2013-10-30 07:00:00,20.9,85,0.0,2.6,74,-2.499280409439629,-0.7166571251241974
2013-10-30 08:00:00,22.3,85,0.0,3.3,49,-2.490541614735148,-2.1649947956686733
2013-10-30 09:00:00,23.8,76,0.0,3.1,21,-1.1109406435904323,-2.894099322141325
2013-10-30 10:00:00,25.2,69,0.0,5.8,330,2.9000000000000004,-5.0229473419497435
2013-10-30 11:00:00,26.2,64,0.0,9.2,321,5.789747597658504,-7.149742845404131
2013-10-30 12:00:00,26.6,62,0.0,9.0,323,5.4163352083684355,-7.187719590425635
2013-10-30 13:00:00,26.4,62,0.0,8.5,324,4.996174644486022,-6.876644452187053
2013-10-30 14:00:00,26.5,62,0.0,8.7,322,5.356254835333226,-6.855693556378481
2013-10-30 15:00:00,26.4,62,0.0,9.2,321,5.789747597658504,-7.149742845404131
2013-10-30 16:00:00,25.9,63,0.0,9.3,324,5.46640284632,-7.523858047687012
2013-10-30 17:00:00,24.9,67,0.0,5.7,342,1.7613968679372005,-5.421022142882375
2013-10-30 18:00:00,24.5,68,0.0,5.2,335,2.197614961051637,-4.7128004925905795
2013-10-30 19:00:00,23.5,76,0.0,2.6,16,-0.7166571251241971,-2.4992804094396295
2013-10-30 20:00:00,22.5,82,0.0,1.5,76,-1.4554435894139948,-0.3628828433995013
2013-10-30 21:00:00,22.0,84,0.0,1.3,146,-0.7269507745119708,1.0777488443215544
2013-10-30 22:00:00,21.9,84,0.0,1.1,198,0.3399186938124422,1.0461621679246689
2013-10-30 23:00:00,22.1,82,0.0,2.4,243,2.138415658052083,1.0895771993749122
2013-10-31 00:00:00,22.7,79,0.0,2.3,252,2.1874299874788528,0.710739087062379
2013-10-31 01:00:00,22.7,80,0.0,2.1,239,1.800051331474436,1.0815799573111138
2013-10-31 02:00:00,22.4,81,0.0,1.3,236,1.0777488443215542,0.726950774511971
2013-10-31 03:00:00,22.5,83,0.0,0.7000000000000001,270,0.7000000000000001,0.0
2013-10-31 04:00:00,22.6,83,0.0,1.8,349,0.34345619167778085,-1.7669289302057951
2013-10-31 05:00:00,22.4,84,0.0,4.5,346,1.0886485301985045,-4.366330768241984
2013-10-31 06:00:00,21.6,88,0.0,5.4,323,3.2498011250210617,-4.312631754255381
2013-10-31 07:00:00,21.5,89,0.0,7.2,357,0.3768188849491966,-7.190132650232932
2013-10-31 08:00:00,23.8,79,0.0,8.8,9,-1.3766232923540331,-8.691657397237211
2013-10-31 09:00:00,25.2,71,0.0,11.5,2,-0.40134421207875876,-11.492994510719601
2013-10-31 10:00:00,26.4,65,0.0,15.5,357,0.8112073217656315,-15.478757788695894
2013-10-31 11:00:00,27.1,62,0.0,19.5,358,0.6805401856987711,-19.488121126872368
2013-10-31 12:00:00,27.9,59,0.0,21.6,358,0.7538291287740234,-21.58684186361247
2013-10-31 13:00:00,28.1,57,0.0,23.8,358,0.8306080215195257,-23.78550168305448
2013-10-31 14:00:00,28.0,57,0.0,24.8,359,0.43281967964463325,-24.796222839878503
2013-10-31 15:00:00,27.7,58,0.0,26.3,360,1.6104105408787695e-15,-26.3
2013-10-31 16:00:00,26.8,62,0.0,24.9,2,-0.868997467892269,-24.884831592775484
2013-10-31 17:00:00,25.6,67,0.0,20.9,360,1.279755905108984e-15,-20.9
2013-10-31 18:00:00,24.2,74,0.0,19.5,4,-1.3602512380104488,-19.452498980066572
2013-10-31 19:00:00,23.4,78,0.0,18.0,1,-0.31414331587110295,-17.997258512815044
2013-10-31 20:00:00,22.8,82,0.0,18.7,2,-0.6526205883367642,-18.68860846525709
2013-10-31 21:00:00,22.3,85,0.0,18.1,7,-2.205835115633164,-17.96508534470793
2013-10-31 22:00:00,22.9,81,0.0,17.1,8,-2.3798600264171257,-16.933583975480854
2013-10-31 23:00:00,23.0,79,0.0,15.7,9,-2.4560211011316273,-15.50670694734366
2013-11-01 00:00:00,23.1,78,0.0,14.3,10,-2.483168940637104,-14.082750868074575
2013-11-01 01:00:00,23.2,78,0.0,13.6,12,-2.8275989951215332,-13.302807369979755
2013-11-01 02:00:00,23.1,78,0.0,13.3,13,-2.991849022773408,-12.959121861643627
2013-11-01 03:00:00,23.9,72,0.0,13.3,13,-2.991849022773408,-12.959121861643627
2013-11-01 04:00:00,23.8,73,0.0,13.9,10,-2.4137096695703315,-13.688827766869691
2013-11-01 05:00:00,23.7,73,0.0,13.6,11,-2.5950023371210067,-13.35012969488823
2013-11-01 06:00:00,23.5,74,0.0,12.3,5,-1.0720156357961965,-12.253194786528471
2013-11-01 07:00:00,23.3,77,0.0,16.2,4,-1.1300548746548345,-16.16053761420915
2013-11-01 08:00:00,24.1,79,0.0,18.4,1,-0.3211242784460163,-18.3971975908776
2013-11-01 09:00:00,25.9,71,0.0,20.7,8,-2.8808831898733627,-20.498549022950503
2013-11-01 10:00:00,26.8,69,0.0,19.7,9,-3.081758961292551,-19.457460309724212
2013-11-01 11:00:00,26.8,69,0.0,17.7,4,-1.2346895852710227,-17.65688368959889
2013-11-01 12:00:00,27.5,67,0.0,17.6,359,0.30716235329619135,-17.59731943475249
2013-11-01 13:00:00,27.4,68,0.0,16.7,353,2.035218034865963,-16.575520732410077
2013-11-01 14:00:00,26.9,70,0.0,17.4,353,2.120526575249566,-17.270303038559
2013-11-01 15:00:00,27.5,68,0.0,17.2,350,2.986748655871203,-16.938693351809977
2013-11-01 16:00:00,27.0,70,0.0,17.2,350,2.986748655871203,-16.938693351809977
2013-11-01 17:00:00,25.9,76,0.0,16.8,351,2.6280990126758796,-16.593164121998313
2013-11-01 18:00:00,24.7,83,0.0,19.9,355,1.7343992806783968,-19.824274492025737
2013-11-01 19:00:00,24.0,88,0.0,16.7,6,-1.7456253365698111,-16.608515652650166
2013-11-01 20:00:00,23.5,91,0.0,16.6,1,-0.2897099468589061,-16.597471739596095
2013-11-01 21:00:00,23.1,93,0.0,17.0,356,1.185860053650129,-16.958588854417012
2013-11-01 22:00:00,22.8,94,0.0,17.6,360,1.077689183249671e-15,-17.6
2013-11-01 23:00:00,22.7,94,0.0,17.3,1,-0.3019266313650045,-17.29736512620557
2013-11-02 00:00:00,22.3,96,0.0,17.0,4,-1.185860053650135,-16.958588854417012
2013-11-02 01:00:00,22.3,95,0.0,14.8,3,-0.7745721523955758,-14.779717114367694
2013-11-02 02:00:00,22.3,94,0.0,14.4,3,-0.753637769898398,-14.380265300465863
2013-11-02 03:00:00,22.3,94,0.0,14.4,3,-0.753637769898398,-14.380265300465863
2013-11-02 04:00:00,22.0,94,0.0,14.1,4,-0.9835662797921707,-14.06565310866352
2013-11-02 05:00:00,21.8,95,0.0,13.3,2,-0.4641633061432601,-13.291897999353974
2013-11-02 06:00:00,21.8,95,0.0,13.0,355,1.1330246557195558,-12.950531075192693
2013-11-02 07:00:00,22.2,95,0.0,15.1,1,-0.26353133720298083,-15.097700196861508
2013-11-02 08:00:00,24.4,87,0.0,16.6,1,-0.2897099468589061,-16.597471739596095
2013-11-02 09:00:00,25.3,83,0.0,16.2,359,0.2827289842839943,-16.197532661533536
2013-11-02 10:00:00,26.1,79,0.0,15.6,353,1.9011617571203008,-15.483719965604623
2013-11-02 11:00:00,26.6,76,0.0,15.8,343,4.619472934619242,-15.10961514421596
2013-11-02 12:00:00,26.6,76,0.0,16.6,347,3.734187502108158,-16.174543075434908
2013-11-02 13:00:00,26.7,75,0.0,16.6,347,3.734187502108158,-16.174543075434908
2013-11-02 14:00:00,26.2,78,0.1,16.7,354,1.7456253365698127,-16.608515652650162
2013-11-02 15:00:00,24.4,95,1.6,16.2,357,0.8478424911356922,-16.177798463024097
2013-11-02 16:00:00,23.9,97,3.1,14.8,356,1.0323958114130536,-14.763947943845398
2013-11-02 17:00:00,23.4,96,4.7,13.3,357,0.6960682180311548,-13.281772812235833
2013-11-02 18:00:00,23.1,98,4.9,15.2,4,-1.0602984009107088,-15.162973563949327
2013-11-02 19:00:00,23.0,98,3.8,14.9,7,-1.815853216736693,-14.7889376594557
2013-11-02 20:00:00,22.9,97,2.6,12.6,358,0.4397336584515136,-12.592324420440606
2013-11-02 21:00:00,22.7,98,1.6,12.0,353,1.4624321208617699,-11.910553819695863
2013-11-02 22:00:00,22.6,98,1.6,11.9,357,0.6227978792910333,-11.88369146357943
2013-11-02 23:00:00,22.6,97,0.8,11.9,360,7.286648454926752e-16,-11.9
2013-11-03 00:00:00,22.5,97,0.5,12.6,5,-1.0981623586204938,-12.552053195955994
2013-11-03 01:00:00,22.5,97,0.4,11.7,9,-1.830283240970703,-11.55595358496311
2013-11-03 02:00:00,22.5,97,0.8,11.3,9,-1.7677094549546108,-11.160878248725057
2013-11-03 03:00:00,22.2,97,0.3,12.3,5,-1.0720156357961965,-12.253194786528471
2013-11-03 04:00:00,22.3,97,0.5,14.1,6,-1.4738513320739124,-14.022758724692654
2013-11-03 05:00:00,22.3,97,0.4,14.6,9,-2.283943189587373,-14.42024977268901
2013-11-03 06:00:00,22.4,97,0.3,14.8,13,-3.3292756042892058,-14.420676958821481
2013-11-03 07:00:00,22.5,96,0.4,15.3,9,-2.393447315115535,-15.111631611105606
2013-11-03 08:00:00,23.3,96,0.3,15.3,8,-2.129348444689007,-15.151101451746026
2013-11-03 09:00:00,23.9,93,0.1,16.6,359,0.2897099468589078,-16.597471739596095
2013-11-03 10:00:00,24.4,91,0.1,18.7,358,0.6526205883367702,-18.68860846525709
2013-11-03 11:00:00,25.3,87,0.0,18.7,359,0.32636000037720325,-18.697151899424515
2013-11-03 12:00:00,25.6,85,0.0,19.1,358,0.6665803870177707,-19.08836479606473
2013-11-03 13:00:00,25.1,86,0.2,19.1,2,-0.6665803870177646,-19.08836479606473
2013-11-03 14:00:00,24.6,85,0.1,17.7,4,-1.2346895852710227,-17.65688368959889
2013-11-03 15:00:00,24.0,95,1.4,18.4,4,-1.2835191168919107,-18.355178524780765
2013-11-03 16:00:00,23.7,96,1.4,19.2,8,-2.672123538433264,-19.01314691983815
2013-11-03 17:00:00,23.2,96,0.9,20.3,7,-2.4739476711244874,-20.148686878318838
2013-11-03 18:00:00,22.7,96,0.1,21.3,11,-4.0642316015204,-20.908659007435244
2013-11-03 19:00:00,22.4,95,0.0,20.1,9,-3.144332747308644,-19.85253564596227
2013-11-03 20:00:00,22.1,95,0.0,20.7,7,-2.5226954084865465,-20.545705338975367
2013-11-03 21:00:00,21.9,95,0.0,22.9,8,-3.187064011985507,-22.67713877418196
2013-11-03 22:00:00,21.7,94,0.0,25.1,12,-5.218583439525771,-24.551504778418522
2013-11-03 23:00:00,21.7,93,0.0,25.4,12,-5.280956946771099,-24.84494905863866
2013-11-04 00:00:00,21.5,93,0.0,24.9,11,-4.75114398487596,-24.44251686784683
2013-11-04 01:00:00,21.4,93,0.0,23.8,10,-4.132826628472942,-23.438424521690553
2013-11-04 02:00:00,21.1,94,0.0,22.6,14,-5.467434840552492,-21.928683413837522
2013-11-04 03:00:00,21.0,93,0.0,21.3,12,-4.428519014418284,-20.83454389563006
2013-11-04 04:00:00,20.9,92,0.0,20.2,11,-3.854341706606201,-19.828869105642813
2013-11-04 05:00:00,20.7,92,0.0,20.8,9,-3.2538368728368057,-20.543917484378863
2013-11-04 06:00:00,20.7,91,0.0,23.1,11,-4.407687793198181,-22.67558793764104
2013-11-04 07:00:00,21.2,91,0.0,23.3,8,-3.242733252369534,-23.073246001678587
2013-11-04 08:00:00,23.2,84,0.0,23.9,7,-2.9126773073830172,-23.721853024227595
2013-11-04 09:00:00,24.6,79,0.0,24.4,9,-3.817000946981637,-24.099595510521358
2013-11-04 10:00:00,25.5,77,0.0,24.0,8,-3.3401544230415796,-23.766433649797687
2013-11-04 11:00:00,25.9,76,0.0,24.3,6,-2.5400416574039766,-24.166882057449044
2013-11-04 12:00:00,26.3,74,0.0,24.6,7,-2.9979858477666204,-24.416635330376526
2013-11-04 13:00:00,26.2,75,0.0,25.0,7,-3.0467335851286794,-24.81365379103305
2013-11-04 14:00:00,26.0,75,0.0,26.7,4,-1.862497848968153,-26.634960141937306
2013-11-04 15:00:00,25.1,77,0.0,25.7,6,-2.6863815059786913,-25.559212710964626
2013-11-04 16:00:00,24.4,79,0.0,24.1,9,-3.770070607469568,-23.80328900834282
2013-11-04 17:00:00,23.7,81,0.0,22.3,9,-3.488488570397152,-22.025449995271572
2013-11-04 18:00:00,23.0,82,0.1,23.0,14,-5.564203598792359,-22.31680170434792
2013-11-04 19:00:00,22.4,86,0.3,20.0,14,-4.838437911993355,-19.40591452551993
2013-11-04 20:00:00,22.2,86,0.0,19.2,8,-2.672123538433264,-19.01314691983815
2013-11-04 21:00:00,21.9,88,0.0,20.3,6,-2.1219278043333634,-20.18879447597595
2013-11-04 22:00:00,21.4,88,0.0,19.6,7,-2.3886391307408847,-19.453904572169915
2013-11-04 23:00:00,21.2,88,0.0,18.2,9,-2.847107263732205,-17.975927798831506
2013-11-05 00:00:00,21.3,85,0.0,17.6,11,-3.3582383186271856,-17.276638428678886
2013-11-05 01:00:00,21.5,84,0.0,17.2,11,-3.2819147204765673,-16.883987555299818
2013-11-05 02:00:00,21.7,82,0.0,17.5,14,-4.233633172994186,-16.980175209829937
2013-11-05 03:00:00,22.3,79,0.0,17.1,15,-4.425805671253103,-16.51733162954307
2013-11-05 04:00:00,22.3,79,0.0,16.6,13,-3.7341875021081634,-16.174543075434904
2013-11-05 05:00:00,22.0,80,0.0,16.1,10,-2.7957356604375785,-15.855404823496551
2013-11-05 06:00:00,21.9,80,0.0,15.5,12,-3.2226312076752768,-15.161287811373986
2013-11-05 07:00:00,22.1,80,0.0,15.2,14,-3.67721281311495,-14.748495039395145
2013-11-05 08:00:00,23.3,80,0.0,15.7,11,-2.9957012274117503,-15.411546780128324
2013-11-05 09:00:00,24.6,76,0.0,16.3,8,-2.2685215456490733,-16.141369520487597
2013-11-05 10:00:00,25.9,72,0.0,18.1,6,-1.891965185144526,-18.00084630616575
2013-11-05 11:00:00,26.8,69,0.0,18.0,3,-0.9420472123729975,-17.975331625582328
2013-11-05 12:00:00,27.0,69,0.0,19.4,360,1.1879073951729326e-15,-19.4
2013-11-05 13:00:00,26.9,70,0.0,21.6,360,1.3226185430791415e-15,-21.6
2013-11-05 14:00:00,26.4,73,0.0,22.3,3,-1.167091824217658,-22.269438625026996
2013-11-05 15:00:00,25.8,74,0.0,20.6,6,-2.1532863433136593,-20.487151044586433
2013-11-05 16:00:00,25.1,77,0.0,18.5,8,-2.5747023677612177,-18.31995927171905
2013-11-05 17:00:00,24.2,80,0.0,14.8,6,-1.5470212563612697,-14.718924051450447
2013-11-05 18:00:00,23.1,85,0.0,14.3,10,-2.483168940637104,-14.082750868074575
2013-11-05 19:00:00,22.1,91,0.1,12.1,12,-2.5157314588948934,-11.835585968879046
2013-11-05 20:00:00,22.5,86,0.0,11.6,7,-1.413684383499707,-11.513535359039336
2013-11-05 21:00:00,22.4,86,0.0,10.8,2,-0.37691456438700827,-10.793420931806235
2013-11-05 22:00:00,22.0,87,0.1,10.4,358,0.36295476570601126,-10.393664600998596
2013-11-05 23:00:00,22.2,86,0.2,10.8,358,0.3769145643870117,-10.793420931806235
2013-11-06 00:00:00,22.3,86,0.0,10.5,6,-1.0975488643103604,-10.442479901366871
2013-11-06 01:00:00,22.2,86,0.0,10.5,6,-1.0975488643103604,-10.442479901366871
2013-11-06 02:00:00,21.9,87,0.0,10.5,8,-1.4613175600806911,-10.397814721786487
2013-11-06 03:00:00,22.3,84,0.0,9.4,7,-1.1455718280083835,-9.329933825428428
2013-11-06 04:00:00,22.2,85,0.0,10.2,8,-1.4195656297926713,-10.100734301164016
2013-11-06 05:00:00,22.1,85,0.0,10.8,4,-0.7533699164365563,-10.773691742806102
2013-11-06 06:00:00,21.8,87,0.0,11.5,4,-0.8021994480574441,-11.471986577987979
2013-11-06 07:00:00,22.0,87,0.0,11.4,13,-2.564442019520064,-11.10781873855168
2013-11-06 08:00:00,23.3,86,0.0,12.4,10,-2.1532374030699364,-12.21161613735138
2013-11-06 09:00:00,24.7,82,0.0,13.4,6,-1.400681407786555,-13.326593397934865
2013-11-06 10:00:00,25.7,77,0.0,14.4,3,-0.753637769898398,-14.380265300465863
2013-11-06 11:00:00,26.5,75,0.0,14.8,1,-0.2582956152717958,-14.79774588831459
2013-11-06 12:00:00,26.7,74,0.0,15.5,357,0.8112073217656315,-15.478757788695894
2013-11-06 13:00:00,26.5,75,0.1,18.8,356,1.3114217063895544,-18.754204144884696
2013-11-06 14:00:00,26.1,77,0.0,21.3,357,1.1147558679747065,-21.270809090272422
2013-11-06 15:00:00,25.4,80,0.0,21.6,3,-1.1304566548475972,-21.570397950698798
2013-11-06 16:00:00,25.0,82,0.0,19.6,6,-2.048757880046006,-19.49262914921816
2013-11-06 17:00:00,23.9,86,0.0,17.4,6,-1.8187952608571683,-17.304680979407955
2013-11-06 18:00:00,22.9,90,0.0,17.1,7,-2.0839657722280167,-16.97253919306661
2013-11-06 19:00:00,22.4,92,0.0,15.0,11,-2.8621349306481694,-14.72440775171496
2013-11-06 20:00:00,22.1,92,0.0,14.6,10,-2.535263393937183,-14.378193193978237
2013-11-06 21:00:00,21.5,94,0.0,16.3,6,-1.70381395126275,-16.210706894502856
2013-11-06 22:00:00,21.1,95,0.0,17.2,10,-2.9867486558712018,-16.938693351809977
2013-11-06 23:00:00,20.5,95,0.0,16.0,14,-3.8707503295946846,-15.524731620415944
2013-11-07 00:00:00,20.4,95,0.0,14.5,14,-3.507867486195183,-14.06928803100195
2013-11-07 01:00:00,20.5,93,0.0,15.6,8,-2.171100374977027,-15.448181872368496
2013-11-07 02:00:00,20.6,91,0.0,17.5,8,-2.435529266801152,-17.32969120297748
2013-11-07 03:00:00,19.9,94,0.0,17.2,11,-3.2819147204765673,-16.883987555299818
2013-11-07 04:00:00,20.1,93,0.0,15.3,9,-2.393447315115535,-15.111631611105606
2013-11-07 05:00:00,20.0,93,0.0,15.7,11,-2.9957012274117503,-15.411546780128324
2013-11-07 06:00:00,20.1,91,0.0,15.0,17,-4.385575570841056,-14.34457133944553
2013-11-07 07:00:00,21.1,89,0.0,13.1,16,-3.6108493612026855,-12.592528216791978
2013-11-07 08:00:00,23.2,84,0.0,15.2,4,-1.0602984009107088,-15.162973563949327
2013-11-07 09:00:00,24.7,78,0.0,18.0,1,-0.31414331587110295,-17.997258512815044
2013-11-07 10:00:00,25.9,74,0.0,18.7,359,0.32636000037720325,-18.697151899424515
2013-11-07 11:00:00,26.8,71,0.0,19.1,359,0.33334096295211674,-19.097090977487074
2013-11-07 12:00:00,27.3,70,0.0,19.5,358,0.6805401856987711,-19.488121126872368
2013-11-07 13:00:00,27.6,70,0.0,19.5,358,0.6805401856987711,-19.488121126872368
2013-11-07 14:00:00,27.7,70,0.0,19.1,358,0.6665803870177707,-19.08836479606473
2013-11-07 15:00:00,27.3,72,0.0,18.0,357,0.9420472123729914,-17.975331625582328
2013-11-07 16:00:00,26.5,75,0.0,15.9,356,1.1091279325315913,-15.861268399131205
2013-11-07 17:00:00,25.2,80,0.0,13.0,355,1.1330246557195558,-12.950531075192693
2013-11-07 18:00:00,23.7,86,0.0,10.8,4,-0.7533699164365563,-10.773691742806102
2013-11-07 19:00:00,22.8,92,0.0,9.0,355,0.7844016847289232,-8.96575228282571
2013-11-07 20:00:00,22.6,91,0.0,7.3,340,2.4967470462773824,-6.8597561317371305
2013-11-07 21:00:00,22.4,91,0.0,6.8,335,2.873804179836756,-6.162892951849219
2013-11-07 22:00:00,22.6,89,0.0,5.3,332,2.4881992827652213,-4.679622242152313
2013-11-07 23:00:00,22.8,89,0.0,5.2,348,1.0811407922523493,-5.086367523815789
2013-11-08 00:00:00,22.8,89,0.0,5.5,11,-1.0494494745709955,-5.3989495089621515
2013-11-08 01:00:00,22.8,89,0.0,5.5,32,-2.9145559532826275,-4.664264528860342
2013-11-08 02:00:00,22.8,88,0.0,6.3,31,-3.2447398719333433,-5.400153994423306
2013-11-08 03:00:00,23.0,86,0.2,6.6,29,-3.199743493625823,-5.772490067120013
2013-11-08 04:00:00,23.1,86,0.0,6.4,16,-1.7640790772287929,-6.152074854005242
2013-11-08 05:00:00,22.6,88,0.0,6.8,3,-0.3558845024520213,-6.790680836331102
2013-11-08 06:00:00,22.3,90,0.0,6.9,351,1.0793978087775935,-6.815049550106451
2013-11-08 07:00:00,22.3,92,0.0,8.6,360,5.265981236333618e-16,-8.6
2013-11-08 08:00:00,23.7,91,0.0,9.0,2,-0.31409547032250684,-8.994517443171862
2013-11-08 09:00:00,24.8,86,0.0,10.8,356,0.7533699164365526,-10.773691742806102
2013-11-08 10:00:00,26.1,80,0.0,12.1,350,2.101142949769858,-11.916173811447717
2013-11-08 11:00:00,27.1,75,0.0,13.6,348,2.8275989951215283,-13.302807369979755
2013-11-08 12:00:00,27.8,72,0.0,14.7,343,4.2978640594242306,-14.05767991265662
2013-11-08 13:00:00,27.7,73,0.0,15.6,341,5.0788632095316455,-14.750089779349342
2013-11-08 14:00:00,27.6,74,0.0,15.3,341,4.981192763194499,-14.466434206669547
2013-11-08 15:00:00,27.0,75,0.0,14.7,349,2.8048922320352103,-14.42991959668066
2013-11-08 16:00:00,26.6,76,0.0,12.6,355,1.0981623586204925,-12.552053195955994
2013-11-08 17:00:00,25.7,80,0.0,9.7,356,0.6766377953180147,-9.676371287520293
2013-11-08 18:00:00,24.3,88,0.0,9.4,356,0.6557108531947772,-9.377102072442348
2013-11-08 19:00:00,23.3,91,0.0,6.9,354,0.7212463965468089,-6.862201078041086
2013-11-08 20:00:00,23.2,90,0.0,7.3,349,1.3929056662487778,-7.165878439167947
2013-11-08 21:00:00,23.0,91,0.0,8.7,355,0.7582549619046257,-8.666893873398186
2013-11-08 22:00:00,23.0,91,0.0,9.4,358,0.3280552690035102,-9.394273773979501
2013-11-08 23:00:00,22.9,91,0.0,9.4,358,0.3280552690035102,-9.394273773979501
2013-11-09 00:00:00,22.6,92,0.0,9.7,2,-0.33852511801425733,-9.694091022085228
2013-11-09 01:00:00,22.3,92,0.0,9.8,6,-1.024378940023003,-9.74631457460908
2013-11-09 02:00:00,22.1,91,0.0,9.2,11,-1.7554427574642102,-9.030970087718508
2013-11-09 03:00:00,21.9,87,0.0,8.9,14,-2.1531048708370433,-8.635631963856369
2013-11-09 04:00:00,21.8,88,0.0,7.8,13,-1.7546182238821488,-7.600086505324834
2013-11-09 05:00:00,21.8,88,0.0,6.8,18,-2.1013155617496433,-6.467184310807044
2013-11-09 06:00:00,21.9,86,0.0,4.5,14,-1.088648530198505,-4.366330768241984
2013-11-09 07:00:00,22.0,85,0.0,2.0,45,-1.4142135623730954,-1.414213562373095
2013-11-09 08:00:00,23.0,86,0.0,0.4,180,2.4492935982947065e-17,0.4
2013-11-09 09:00:00,24.9,80,0.0,2.6,236,2.1554976886431083,1.453901549023942
2013-11-09 10:00:00,26.3,78,0.0,4.7,247,4.32637281122647,1.8364363038995868
2013-11-09 11:00:00,27.3,76,0.0,7.7,259,7.558529312547013,1.469229264399395
2013-11-09 12:00:00,27.9,74,0.0,10.1,270,10.1,0.0
2013-11-09 13:00:00,27.8,74,0.0,10.2,278,10.100734301164017,-1.4195656297926673
2013-11-09 14:00:00,27.2,77,0.0,9.3,283,9.06164160250269,-2.092044805397945
2013-11-09 15:00:00,27.3,76,0.0,8.0,288,7.608452130361228,-2.472135954999579
2013-11-09 16:00:00,26.7,78,0.0,6.4,286,6.1520748540052415,-1.7640790772287946
2013-11-09 17:00:00,25.9,81,0.0,3.8,287,3.6339580726595346,-1.1110124779463997
2013-11-09 18:00:00,24.7,89,0.0,2.9,300,2.511473670974872,-1.4499999999999997
2013-11-09 19:00:00,24.4,88,0.0,1.1,288,1.0461621679246689,-0.33991869381244216
2013-11-09 20:00:00,24.1,88,0.0,2.9,240,2.511473670974872,1.4499999999999997
2013-11-09 21:00:00,23.7,89,0.0,4.0,265,3.984778792366982,0.34862297099063266
2013-11-09 22:00:00,23.0,91,0.0,5.0,291,4.667902132486009,-1.7918397477265013
2013-11-09 23:00:00,23.2,90,0.0,5.9,317,4.023790324368742,-4.314986839553106
2013-11-10 00:00:00,23.7,89,0.0,5.9,322,3.6324027044213842,-4.64926344627966
2013-11-10 01:00:00,23.4,90,0.0,4.7,337,1.8364363038995866,-4.32637281122647
2013-11-10 02:00:00,23.3,91,0.2,2.6,326,1.4539015490239418,-2.1554976886431088
2013-11-10 03:00:00,21.5,96,1.2,4.0,190,0.6945927106677217,3.939231012048832
2013-11-10 04:00:00,22.6,92,0.3,3.8,139,-2.493024310163927,2.867896404846534
2013-11-10 05:00:00,23.4,86,0.0,2.9,90,-2.9,3.5514757175273243e-16
2013-11-10 06:00:00,23.6,84,0.0,3.7,299,3.2360929164157644,-1.7937955949114472
2013-11-10 07:00:00,23.8,82,0.0,5.3,332,2.4881992827652213,-4.679622242152313
2013-11-10 08:00:00,24.7,86,0.0,6.9,6,-0.7212463965468082,-6.862201078041087
2013-11-10 09:00:00,25.8,81,0.0,6.4,38,-3.940233442084212,-5.043268823083022
2013-11-10 10:00:00,26.5,78,0.0,6.6,41,-4.329989591337347,-4.981083229470295
2013-11-10 11:00:00,27.1,75,0.0,6.3,31,-3.2447398719333433,-5.400153994423306
2013-11-10 12:00:00,27.5,72,0.0,6.2,7,-0.7555899291119125,-6.153786140176197
2013-11-10 13:00:00,27.9,69,0.0,10.6,342,3.275580140374443,-10.081199072728626
2013-11-10 14:00:00,27.6,70,0.0,14.5,346,3.507867486195181,-14.06928803100195
2013-11-10 15:00:00,27.3,73,0.0,16.0,351,2.502951440643695,-15.803013449522204
2013-11-10 16:00:00,26.3,79,0.0,15.6,352,2.171100374977021,-15.448181872368497
2013-11-10 17:00:00,25.3,84,0.0,15.2,353,1.8524140197582417,-15.086701504948094
2013-11-10 18:00:00,24.4,89,0.0,11.6,5,-1.0110066158728357,-11.555858497864248
2013-11-10 19:00:00,24.0,92,0.0,9.8,17,-2.8652427062828236,-9.371786608437747
2013-11-10 20:00:00,23.6,94,0.0,9.7,4,-0.676637795318018,-9.676371287520293
2013-11-10 21:00:00,23.2,94,0.0,10.1,358,0.3524849166952609,-10.093847352892867
2013-11-10 22:00:00,23.1,94,0.0,8.8,348,1.8296228791962834,-8.60769888645749
2013-11-10 23:00:00,23.0,94,0.0,9.8,352,1.3638963894086416,-9.70462707366739
2013-11-11 00:00:00,23.0,94,0.0,10.5,4,-0.7324429743133186,-10.474422527728153
2013-11-11 01:00:00,23.2,93,0.0,11.7,9,-1.830283240970703,-11.55595358496311
2013-11-11 02:00:00,22.9,92,0.0,11.3,7,-1.3771235804781632,-11.21577151354694
2013-11-11 03:00:00,23.1,92,0.0,11.6,5,-1.0110066158728357,-11.555858497864248
2013-11-11 04:00:00,23.1,91,0.0,12.9,13,-2.901868601035862,-12.569373835729534
2013-11-11 05:00:00,23.1,90,0.0,12.4,22,-4.645121758357313,-11.497079796628164
2013-11-11 06:00:00,23.1,89,0.0,14.5,19,-4.720738239628771,-13.710019346190094
2013-11-11 07:00:00,23.2,89,0.0,15.1,18,-4.666156615061708,-14.360953396056818
2013-11-11 08:00:00,24.2,87,0.0,15.3,9,-2.393447315115535,-15.111631611105606
2013-11-11 09:00:00,25.2,83,0.0,18.1,5,-1.5775189437326145,-18.031124035460596
2013-11-11 10:00:00,26.0,79,0.0,20.6,4,-1.4369833591289871,-20.54981943535238
2013-11-11 11:00:00,26.7,75,0.2,21.6,4,-1.5067398328731125,-21.547383485612205
2013-11-11 12:00:00,26.3,75,0.3,22.4,4,-1.562545011868413,-22.34543472582006
2013-11-11 13:00:00,26.1,77,0.6,23.1,4,-1.611374543489301,-23.04372956100194
2013-11-11 14:00:00,25.7,79,0.7000000000000001,22.6,9,-3.5354189099092217,-22.321756497450114
2013-11-11 15:00:00,25.1,79,0.3,20.1,15,-5.202262806560665,-19.415109108410274
2013-11-11 16:00:00,24.6,81,0.1,17.7,12,-3.6800369274743483,-17.31321253298836
2013-11-11 17:00:00,23.8,83,0.2,17.5,8,-2.435529266801152,-17.32969120297748
2013-11-11 18:00:00,23.0,86,0.3,19.0,15,-4.917561856947892,-18.352590699492296
2013-11-11 19:00:00,22.4,88,0.1,17.9,19,-5.827669964783103,-16.92478250322777
2013-11-11 20:00:00,22.0,90,0.0,18.5,8,-2.5747023677612177,-18.31995927171905
2013-11-11 21:00:00,21.5,90,0.0,19.9,5,-1.734399280678399,-19.824274492025737
2013-11-11 22:00:00,21.2,91,0.0,18.9,8,-2.6303716081452437,-18.716066499215675
2013-11-11 23:00:00,21.0,91,0.0,17.4,7,-2.120526575249561,-17.270303038559003
2013-11-12 00:00:00,20.9,91,0.0,17.7,4,-1.2346895852710227,-17.65688368959889
2013-11-12 01:00:00,20.6,91,0.0,17.7,4,-1.2346895852710227,-17.65688368959889
2013-11-12 02:00:00,20.7,91,0.0,17.3,5,-1.5077943495344879,-17.234168276987198
2013-11-12 03:00:00,20.6,91,0.2,17.3,5,-1.5077943495344879,-17.234168276987198
2013-11-12 04:00:00,20.6,92,0.3,17.8,7,-2.16927431261162,-17.667321499215532
2013-11-12 05:00:00,20.5,93,0.2,17.5,8,-2.435529266801152,-17.32969120297748
2013-11-12 06:00:00,20.5,92,0.2,18.2,8,-2.532950437473198,-18.02287885109658
2013-11-12 07:00:00,20.6,93,0.2,18.0,12,-3.7424104347196763,-17.6066568132085
2013-11-12 08:00:00,21.4,91,0.2,17.8,14,-4.3062097416740865,-17.271263927712738
2013-11-12 09:00:00,22.6,85,0.1,17.7,13,-3.981633661886415,-17.24635014669866
2013-11-12 10:00:00,23.5,82,0.0,17.2,11,-3.2819147204765673,-16.883987555299818
2013-11-12 11:00:00,24.9,76,0.0,16.3,8,-2.2685215456490733,-16.141369520487597
2013-11-12 12:00:00,25.5,74,0.0,15.6,7,-1.901161757120296,-15.483719965604624
2013-11-12 13:00:00,25.7,74,0.0,15.1,1,-0.26353133720298083,-15.097700196861508
2013-11-12 14:00:00,25.7,74,0.1,16.2,360,9.919639073093561e-16,-16.2
2013-11-12 15:00:00,24.9,76,0.0,14.4,4,-1.0044932219154084,-14.36492232374147
2013-11-12 16:00:00,24.5,78,0.0,11.2,358,0.3908743630680121,-11.193177262613872
2013-11-12 17:00:00,23.8,81,0.0,10.5,352,1.4613175600806874,-10.397814721786489
2013-11-12 18:00:00,22.8,87,0.0,10.4,2,-0.36295476570600793,-10.393664600998596
2013-11-12 19:00:00,21.8,91,0.0,12.1,10,-2.101142949769857,-11.916173811447717
2013-11-12 20:00:00,21.1,93,0.0,10.9,17,-3.1868515814778346,-10.423721839997086
2013-11-12 21:00:00,21.0,93,0.0,9.1,9,-1.4235536318661024,-8.987963899415753
2013-11-12 22:00:00,21.0,92,0.0,11.3,353,1.3771235804781667,-11.215771513546938
2013-11-12 23:00:00,22.0,87,0.1,13.3,358,0.4641633061432644,-13.291897999353974
2013-11-13 00:00:00,21.8,88,0.1,10.5,8,-1.4613175600806911,-10.397814721786487
2013-11-13 01:00:00,22.3,85,0.0,8.4,7,-1.0237024846032363,-8.337387673787106
2013-11-13 02:00:00,22.3,85,0.2,8.3,2,-0.28966582263075635,-8.294943864258496
2013-11-13 03:00:00,20.7,93,0.4,8.3,358,0.289665822630759,-8.294943864258496
2013-11-13 04:00:00,20.5,95,0.4,8.6,2,-0.3001356716415065,-8.594761112364223
2013-11-13 05:00:00,20.7,94,0.2,9.2,11,-1.7554427574642102,-9.030970087718508
2013-11-13 06:00:00,21.8,88,0.0,10.6,18,-3.2755801403744442,-10.081199072728626
2013-11-13 07:00:00,21.6,90,0.0,11.0,19,-3.581249699028723,-10.400704331592486
2013-11-13 08:00:00,22.5,90,0.0,13.8,15,-3.571702822414785,-13.329776402789143
2013-11-13 09:00:00,23.1,86,0.0,16.5,11,-3.148348423712986,-16.196848526886455
2013-11-13 10:00:00,23.9,82,0.0,18.4,11,-3.5108855149284204,-18.061940175437016
2013-11-13 11:00:00,24.9,77,0.0,19.3,9,-3.019185175276459,-19.062384973486157
2013-11-13 12:00:00,25.6,73,0.0,19.7,9,-3.081758961292551,-19.457460309724212
2013-11-13 13:00:00,25.8,71,0.0,19.1,11,-3.644451811692002,-18.749079203850382
2013-11-13 14:00:00,25.6,71,0.0,18.4,12,-3.82557511104678,-17.997915853502022
2013-11-13 15:00:00,25.1,70,0.0,19.0,10,-3.2993153756716764,-18.711347307231954
2013-11-13 16:00:00,24.6,71,0.0,19.6,6,-2.048757880046006,-19.49262914921816
2013-11-13 17:00:00,23.3,75,0.0,18.9,8,-2.6303716081452437,-18.716066499215675
2013-11-13 18:00:00,22.1,80,0.0,18.4,6,-1.9233237241248218,-18.299202874776228
2013-11-13 19:00:00,21.4,85,0.0,17.5,9,-2.7376031382040433,-17.28454596041491
2013-11-13 20:00:00,20.4,88,0.0,17.1,8,-2.3798600264171257,-16.933583975480854
2013-11-13 21:00:00,20.5,85,0.0,17.8,7,-2.16927431261162,-17.667321499215532
2013-11-13 22:00:00,21.0,82,0.0,18.1,5,-1.5775189437326145,-18.031124035460596
2013-11-13 23:00:00,20.9,82,0.0,18.1,6,-1.891965185144526,-18.00084630616575
2013-11-14 00:00:00,20.8,82,0.0,17.5,8,-2.435529266801152,-17.32969120297748
2013-11-14 01:00:00,20.7,81,0.0,16.5,11,-3.148348423712986,-16.196848526886455
2013-11-14 02:00:00,20.4,82,0.0,16.5,10,-2.8651949315043503,-16.249327924701433
2013-11-14 03:00:00,18.6,87,0.0,17.5,9,-2.7376031382040433,-17.28454596041491
2013-11-14 04:00:00,18.4,87,0.0,17.2,11,-3.2819147204765673,-16.883987555299818
2013-11-14 05:00:00,18.6,86,0.0,16.5,11,-3.148348423712986,-16.196848526886455
2013-11-14 06:00:00,18.7,84,0.0,17.0,17,-4.970318980286531,-16.2571808513716
2013-11-14 07:00:00,19.3,82,0.0,15.1,18,-4.666156615061708,-14.360953396056818
2013-11-14 08:00:00,21.8,81,0.0,14.8,14,-3.5804440548750835,-14.360376748884748
2013-11-14 09:00:00,24.2,70,0.0,14.8,13,-3.3292756042892058,-14.420676958821481
2013-11-14 10:00:00,25.3,67,0.0,14.1,4,-0.9835662797921707,-14.06565310866352
2013-11-14 11:00:00,25.9,65,0.0,15.9,357,0.8321417042628091,-15.878209602597725
2013-11-14 12:00:00,26.1,65,0.0,16.6,359,0.2897099468589078,-16.597471739596095
2013-11-14 13:00:00,26.1,66,0.0,16.2,360,9.919639073093561e-16,-16.2
2013-11-14 14:00:00,26.1,66,0.0,15.8,360,9.67470971326409e-16,-15.8
2013-11-14 15:00:00,26.1,67,0.0,15.8,359,0.27574802170908086,-15.797593583470983
2013-11-14 16:00:00,25.2,71,0.0,16.2,357,0.8478424911356922,-16.177798463024097
2013-11-14 17:00:00,23.8,77,0.0,17.7,356,1.2346895852710165,-17.65688368959889
2013-11-14 18:00:00,22.3,85,0.0,22.0,2,-0.7677889274550167,-21.986598194420107
2013-11-14 19:00:00,21.5,90,0.0,21.3,5,-1.8564173205251209,-21.21894706935418
2013-11-14 20:00:00,20.9,92,0.0,22.7,4,-1.5834719539916506,-22.644703940898008
2013-11-14 21:00:00,20.7,93,0.0,23.8,4,-1.6602040751101887,-23.742024396183815
2013-11-14 22:00:00,20.5,94,0.0,22.8,6,-2.383248962502497,-22.675099214396635
2013-11-14 23:00:00,20.5,95,0.0,22.1,7,-2.6933124892537528,-21.93526995127322
2013-11-15 00:00:00,20.3,95,0.0,21.4,7,-2.608003948870149,-21.24048764512429
2013-11-15 01:00:00,20.0,95,0.0,20.3,6,-2.1219278043333634,-20.18879447597595
2013-11-15 02:00:00,19.5,96,0.0,19.9,5,-1.734399280678399,-19.824274492025737
2013-11-15 03:00:00,19.0,95,0.0,20.3,7,-2.4739476711244874,-20.148686878318838
2013-11-15 04:00:00,18.8,94,0.0,21.2,10,-3.681341366538923,-20.87792436385881
2013-11-15 05:00:00,19.0,93,0.0,22.0,10,-3.820259908672467,-21.665770566268577
2013-11-15 06:00:00,19.0,92,0.0,22.5,12,-4.678013043399595,-22.008321016510624
2013-11-15 07:00:00,19.3,90,0.0,22.5,12,-4.678013043399595,-22.008321016510624
2013-11-15 08:00:00,21.8,80,0.0,23.7,9,-3.7074968214534754,-23.40821367210476
2013-11-15 09:00:00,23.2,74,0.0,25.5,8,-3.5489140744816785,-25.25183575291004
2013-11-15 10:00:00,24.2,71,0.0,25.8,7,-3.144229059852797,-25.60769071234611
2013-11-15 11:00:00,24.7,70,0.0,26.4,5,-2.3009116085381778,-26.29954002962208
2013-11-15 12:00:00,25.0,70,0.0,26.4,5,-2.3009116085381778,-26.29954002962208
2013-11-15 13:00:00,25.1,70,0.0,27.1,4,-1.8904004384658033,-27.033985762041237
2013-11-15 14:00:00,24.8,71,0.0,27.1,5,-2.361920628461539,-26.996876318286304
2013-11-15 15:00:00,24.5,71,0.0,25.7,6,-2.6863815059786913,-25.559212710964626
2013-11-15 16:00:00,23.7,73,0.0,23.5,5,-2.048159954569969,-23.41057540515602
2013-11-15 17:00:00,22.6,76,0.0,21.3,4,-1.4858128907498749,-21.248114270534256
2013-11-15 18:00:00,21.2,82,0.0,19.7,8,-2.7417100889132966,-19.50828095420893
2013-11-15 19:00:00,20.6,85,0.0,17.2,10,-2.9867486558712018,-16.938693351809977
2013-11-15 20:00:00,19.7,89,0.0,17.1,7,-2.0839657722280167,-16.97253919306661
2013-11-15 21:00:00,19.0,90,0.0,16.3,6,-1.70381395126275,-16.210706894502856
2013-11-15 22:00:00,19.0,88,0.0,15.9,5,-1.3857763096877662,-15.839495699658755
2013-11-15 23:00:00,18.9,88,0.0,15.9,5,-1.3857763096877662,-15.839495699658755
2013-11-16 00:00:00,18.9,87,0.0,15.6,8,-2.171100374977027,-15.448181872368496
2013-11-16 01:00:00,19.2,86,0.0,15.7,9,-2.4560211011316273,-15.50670694734366
2013-11-16 02:00:00,19.6,84,0.0,16.0,9,-2.5029514406436966,-15.803013449522203
2013-11-16 03:00:00,19.4,84,0.0,15.1,12,-3.1394665313481727,-14.770028771080463
2013-11-16 04:00:00,19.6,83,0.0,14.3,12,-2.973137178693965,-13.987510690493421
2013-11-16 05:00:00,19.4,83,0.0,14.6,9,-2.283943189587373,-14.42024977268901
2013-11-16 06:00:00,18.8,85,0.0,16.0,8,-2.2267696153610532,-15.844289099865124
2013-11-16 07:00:00,18.8,86,0.0,17.4,7,-2.120526575249561,-17.270303038559003
2013-11-16 08:00:00,21.7,79,0.0,19.6,6,-2.048757880046006,-19.49262914921816
2013-11-16 09:00:00,23.1,72,0.0,20.7,7,-2.5226954084865465,-20.545705338975367
2013-11-16 10:00:00,24.2,69,0.0,22.4,4,-1.562545011868413,-22.34543472582006
2013-11-16 11:00:00,24.7,67,0.0,23.4,4,-1.6323014856125384,-23.342998776079884
2013-11-16 12:00:00,25.1,66,0.0,22.8,5,-1.987150934646608,-22.7132391164918
2013-11-16 13:00:00,25.0,66,0.0,22.4,4,-1.562545011868413,-22.34543472582006
2013-11-16 14:00:00,24.8,67,0.0,23.1,4,-1.611374543489301,-23.04372956100194
2013-11-16 15:00:00,24.1,70,0.0,23.5,4,-1.639277132986951,-23.44275518110587
2013-11-16 16:00:00,23.1,73,0.0,22.8,6,-2.383248962502497,-22.675099214396635
2013-11-16 17:00:00,21.6,78,0.0,21.7,6,-2.2682676529080776,-21.581125129491532
2013-11-16 18:00:00,20.4,83,0.0,21.1,8,-2.936552430257389,-20.894656250447134
2013-11-16 19:00:00,19.6,87,0.0,19.8,10,-3.4382339178052206,-19.49919350964172
2013-11-16 20:00:00,18.9,89,0.0,18.5,13,-4.161594505361507,-18.02584619852685
2013-11-16 21:00:00,18.0,91,0.0,18.3,15,-4.736388525376127,-17.67644262108995
2013-11-16 22:00:00,17.1,95,0.0,18.0,16,-4.9614724047059795,-17.302710526889744
2013-11-16 23:00:00,16.6,95,0.0,18.2,14,-4.402978499913954,-17.659382218223136
2013-11-17 00:00:00,16.2,94,0.0,19.4,10,-3.3687746467384483,-19.105270408436834
2013-11-17 01:00:00,16.2,92,0.0,21.1,9,-3.300767212348875,-20.840223986557405
2013-11-17 02:00:00,16.2,89,0.0,21.5,10,-3.733435819839002,-21.17336668976247
2013-11-17 03:00:00,16.0,87,0.0,22.7,10,-3.9418136330393185,-22.35513599337712
2013-11-17 04:00:00,16.1,83,0.0,24.1,9,-3.770070607469568,-23.80328900834282
2013-11-17 05:00:00,16.1,81,0.0,24.1,10,-4.184921081773021,-23.733866847594214
2013-11-17 06:00:00,15.7,80,0.0,23.0,9,-3.597992695925314,-22.716831833688165
2013-11-17 07:00:00,16.0,78,0.0,23.6,8,-3.2844851826575536,-23.37032642230106
2013-11-17 08:00:00,19.5,66,0.0,24.3,6,-2.5400416574039766,-24.166882057449044
2013-11-17 09:00:00,21.4,58,0.0,26.4,6,-2.7595514302660487,-26.255378037722416
2013-11-17 10:00:00,22.6,54,0.0,26.8,7,-3.2660984032579443,-26.600236863987433
2013-11-17 11:00:00,23.4,51,0.0,27.9,7,-3.400154681003606,-27.692037630792885
2013-11-17 12:00:00,23.7,50,0.0,28.2,6,-2.947702664147825,-28.045517449385308
2013-11-17 13:00:00,23.6,49,0.0,28.6,6,-2.989514049454886,-28.44332620753262
2013-11-17 14:00:00,23.2,51,0.0,28.4,8,-3.9525160672658695,-28.123613152260592
2013-11-17 15:00:00,22.6,54,0.0,28.4,8,-3.9525160672658695,-28.123613152260592
2013-11-17 16:00:00,21.5,58,0.0,27.3,8,-3.799425656209797,-27.034318276644868
2013-11-17 17:00:00,19.9,62,0.0,25.2,9,-3.942148519013822,-24.889746182997467
2013-11-17 18:00:00,18.5,67,0.0,24.1,9,-3.770070607469568,-23.80328900834282
2013-11-17 19:00:00,17.6,70,0.0,23.9,11,-4.560334989499416,-23.460889684399167
2013-11-17 20:00:00,16.9,71,0.0,23.0,10,-3.9939080863393976,-22.650578319280786
2013-11-17 21:00:00,16.2,72,0.0,22.0,10,-3.820259908672467,-21.665770566268577
2013-11-17 22:00:00,15.3,73,0.0,20.8,10,-3.611882095472151,-20.484001262653926
2013-11-17 23:00:00,14.4,74,0.0,20.8,10,-3.611882095472151,-20.484001262653926
2013-11-18 00:00:00,14.0,72,0.0,19.8,12,-4.116651478191644,-19.36732249452935
2013-11-18 01:00:00,13.8,69,0.0,20.1,10,-3.4903283711052997,-19.79463583554538
2013-11-18 02:00:00,13.7,68,0.0,20.8,10,-3.611882095472151,-20.484001262653926
2013-11-18 03:00:00,13.2,69,0.0,21.3,11,-4.0642316015204,-20.908659007435244
2013-11-18 04:00:00,13.3,67,0.0,21.2,10,-3.681341366538923,-20.87792436385881
2013-11-18 05:00:00,13.2,66,0.0,21.8,9,-3.410271337877037,-21.531605824974
2013-11-18 06:00:00,12.8,67,0.0,23.0,10,-3.9939080863393976,-22.650578319280786
2013-11-18 07:00:00,13.4,66,0.0,23.0,10,-3.9939080863393976,-22.650578319280786
2013-11-18 08:00:00,16.6,65,0.0,24.2,5,-2.1091689744933295,-24.107911693820242
2013-11-18 09:00:00,19.9,48,0.0,25.3,6,-2.64457012067163,-25.161403952817317
2013-11-18 10:00:00,20.9,45,0.0,26.0,5,-2.2660493114391143,-25.901062150385386
2013-11-18 11:00:00,21.7,44,0.0,27.1,5,-2.361920628461539,-26.996876318286304
2013-11-18 12:00:00,22.0,44,0.0,27.1,5,-2.361920628461539,-26.996876318286304
2013-11-18 13:00:00,22.0,45,0.0,28.2,4,-1.9671325595843414,-28.13130621732704
2013-11-18 14:00:00,21.6,47,0.0,28.6,6,-2.989514049454886,-28.44332620753262
2013-11-18 15:00:00,20.9,49,0.0,28.6,6,-2.989514049454886,-28.44332620753262
2013-11-18 16:00:00,19.8,53,0.0,27.2,7,-3.314846140620003,-26.99725532464396
2013-11-18 17:00:00,18.3,57,0.0,24.6,7,-2.9979858477666204,-24.416635330376526
2013-11-18 18:00:00,16.9,63,0.0,23.0,9,-3.597992695925314,-22.716831833688165
2013-11-18 19:00:00,16.1,66,0.0,20.3,13,-4.5665064031804645,-19.779712315140273
2013-11-18 20:00:00,14.8,74,0.0,19.0,10,-3.2993153756716764,-18.711347307231954
2013-11-18 21:00:00,14.3,74,0.0,19.2,8,-2.672123538433264,-19.01314691983815
2013-11-18 22:00:00,14.4,72,0.0,18.9,8,-2.6303716081452437,-18.716066499215675
2013-11-18 23:00:00,14.8,69,0.0,17.8,8,-2.4772811970891717,-17.62677162359995
2013-11-19 00:00:00,14.9,69,0.0,17.8,8,-2.4772811970891717,-17.62677162359995
2013-11-19 01:00:00,14.3,71,0.0,18.2,8,-2.532950437473198,-18.02287885109658
2013-11-19 02:00:00,14.2,72,0.0,19.2,8,-2.672123538433264,-19.01314691983815
2013-11-19 03:00:00,14.2,70,0.0,18.8,7,-2.291143656016767,-18.659867650856857
2013-11-19 04:00:00,14.2,70,0.0,18.5,8,-2.5747023677612177,-18.31995927171905
2013-11-19 05:00:00,14.3,68,0.0,17.5,9,-2.7376031382040433,-17.28454596041491
2013-11-19 06:00:00,14.1,69,0.0,17.6,11,-3.3582383186271856,-17.276638428678886
2013-11-19 07:00:00,14.5,69,0.0,17.2,11,-3.2819147204765673,-16.883987555299818
2013-11-19 08:00:00,16.8,67,0.0,18.3,10,-3.177761651304825,-18.02198188012341
2013-11-19 09:00:00,19.2,53,0.0,18.9,8,-2.6303716081452437,-18.716066499215675
2013-11-19 10:00:00,20.4,48,0.0,19.9,4,-1.388153827508099,-19.8515246001705
2013-11-19 11:00:00,21.2,45,0.0,21.3,4,-1.4858128907498749,-21.248114270534256
2013-11-19 12:00:00,20.8,46,0.0,20.9,4,-1.4579103012522245,-20.849088650430325
2013-11-19 13:00:00,21.1,46,0.0,20.5,1,-0.3577743319643117,-20.49687775070602
2013-11-19 14:00:00,21.0,47,0.0,20.5,2,-0.7154396824012657,-20.487511953891463
2013-11-19 15:00:00,21.5,46,0.0,19.9,4,-1.388153827508099,-19.8515246001705
2013-11-19 16:00:00,20.7,49,0.0,18.8,7,-2.291143656016767,-18.659867650856857
2013-11-19 17:00:00,19.1,55,0.0,15.2,7,-1.8524140197582368,-15.086701504948095
2013-11-19 18:00:00,17.0,70,0.0,13.8,9,-2.1587956175551883,-13.6300991002129
2013-11-19 19:00:00,17.1,65,0.0,14.1,15,-3.6493485359455407,-13.619554150675864
2013-11-19 20:00:00,17.5,64,0.0,13.9,17,-4.063966695646045,-13.29263610788619
2013-11-19 21:00:00,17.3,66,0.0,13.0,14,-3.144984642795681,-12.613844441587954
2013-11-19 22:00:00,17.1,67,0.0,12.4,22,-4.645121758357313,-11.497079796628164
2013-11-19 23:00:00,16.9,69,0.0,11.5,20,-3.9332316482451883,-10.806465139037947
2013-11-20 00:00:00,16.6,71,0.0,11.1,13,-2.496956703216904,-10.815507719116109
2013-11-20 01:00:00,16.5,72,0.0,10.4,14,-2.515987714236545,-10.091075553270363
2013-11-20 02:00:00,16.4,73,0.0,10.0,15,-2.5881904510252065,-9.659258262890683
2013-11-20 03:00:00,17.2,74,0.0,10.2,18,-3.1519733426244647,-9.700776466210565
2013-11-20 04:00:00,17.2,73,0.0,9.4,23,-3.672872607799174,-8.652745622452938
2013-11-20 05:00:00,17.1,74,0.0,8.7,17,-2.5436338310878126,-8.319851376878407
2013-11-20 06:00:00,17.1,75,0.0,8.2,29,-3.975438886019962,-7.171881598543046
2013-11-20 07:00:00,17.1,75,0.0,7.4,43,-5.04678786446249,-5.412017391981862
2013-11-20 08:00:00,17.6,75,0.0,6.4,43,-4.364789504399991,-4.6806636903626915
2013-11-20 09:00:00,19.1,66,0.0,6.4,27,-2.9055391983331003,-5.702441754805554
2013-11-20 10:00:00,19.9,64,0.0,5.9,14,-1.42733918403804,-5.7247447850283795
2013-11-20 11:00:00,21.0,60,0.0,6.1,357,0.3192493330819582,-6.0916401620029
2013-11-20 12:00:00,21.5,57,0.0,6.1,357,0.3192493330819582,-6.0916401620029
2013-11-20 13:00:00,21.5,55,0.0,6.2,353,0.7555899291119145,-6.153786140176196
2013-11-20 14:00:00,21.5,53,0.0,7.2,357,0.3768188849491966,-7.190132650232932
2013-11-20 15:00:00,21.0,57,0.0,8.7,5,-0.7582549619046267,-8.666893873398186
2013-11-20 16:00:00,20.6,58,0.0,8.9,14,-2.1531048708370433,-8.635631963856369
2013-11-20 17:00:00,19.7,64,0.0,7.3,20,-2.49674704627738,-6.859756131737131
2013-11-20 18:00:00,18.5,72,0.0,9.6,20,-3.283393375926418,-9.02104915954472
2013-11-20 19:00:00,17.8,75,0.0,9.5,29,-4.6056913923402,-8.308887217824262
2013-11-20 20:00:00,18.7,68,0.0,9.0,29,-4.3632865822170315,-7.871577364254564
2013-11-20 21:00:00,19.1,66,0.0,7.4,14,-1.7902220274375418,-7.180188374442374
2013-11-20 22:00:00,18.8,69,0.0,6.1,3,-0.31924933308196024,-6.0916401620029
2013-11-20 23:00:00,18.7,71,0.0,4.8,27,-2.179154398749825,-4.276831316104166
2013-11-21 00:00:00,18.6,72,0.0,5.4,48,-4.012982057577929,-3.6133052743378347
2013-11-21 01:00:00,18.4,73,0.0,6.4,38,-3.940233442084212,-5.043268823083022
2013-11-21 02:00:00,18.1,75,0.0,6.8,32,-3.603450996785794,-5.766727053863696
2013-11-21 03:00:00,17.6,78,0.0,7.7,28,-3.614931033451359,-6.798696465013738
2013-11-21 04:00:00,17.3,80,0.0,8.5,28,-3.9905082836800716,-7.505054539300879
2013-11-21 05:00:00,16.5,84,0.0,8.7,48,-6.46535998165333,-5.821436275322066
2013-11-21 06:00:00,16.3,86,0.0,7.6,45,-5.374011537017762,-5.37401153701776
2013-11-21 07:00:00,16.2,88,0.0,5.9,43,-4.023790324368742,-4.314986839553106
2013-11-21 08:00:00,18.3,86,0.0,7.2,37,-4.333068166694748,-5.750175672340508
2013-11-21 09:00:00,20.4,70,0.0,7.9,16,-2.1775351109542913,-7.593967397912721
2013-11-21 10:00:00,21.6,63,0.0,9.4,18,-2.904759747124507,-8.939931253174443
2013-11-21 11:00:00,23.0,56,0.0,9.6,13,-2.1595301217011063,-9.353952621938257
2013-11-21 12:00:00,23.6,51,0.0,9.8,6,-1.024378940023003,-9.74631457460908
2013-11-21 13:00:00,24.0,49,0.0,10.5,4,-0.7324429743133186,-10.474422527728153
2013-11-21 14:00:00,23.8,49,0.0,11.2,4,-0.7812725059342065,-11.17271736291003
2013-11-21 15:00:00,23.9,51,0.0,12.3,3,-0.643732261788215,-12.283143277481258
2013-11-21 16:00:00,23.2,54,0.0,12.3,7,-1.4989929238833102,-12.208317665188263
2013-11-21 17:00:00,21.6,61,0.0,10.6,10,-1.8406706832694615,-10.438962181929405
2013-11-21 18:00:00,19.7,74,0.0,11.3,7,-1.3771235804781632,-11.21577151354694
2013-11-21 19:00:00,19.6,70,0.0,11.9,14,-2.8788705576360467,-11.546519142684359
2013-11-21 20:00:00,20.0,68,0.0,10.9,17,-3.1868515814778346,-10.423721839997086
2013-11-21 21:00:00,19.7,71,0.0,11.5,14,-2.7821017993961794,-11.15840085217396
2013-11-21 22:00:00,19.4,73,0.0,12.4,8,-1.7257464519048162,-12.279324052395472
2013-11-21 23:00:00,19.1,75,0.0,12.8,11,-2.442355140819771,-12.5648279481301
2013-11-22 00:00:00,18.9,77,0.0,12.6,13,-2.834383284732702,-12.277062816293963
2013-11-22 01:00:00,18.7,78,0.0,12.3,15,-3.1834742547610038,-11.88088766335554
2013-11-22 02:00:00,18.1,80,0.0,11.3,22,-4.233054505599809,-10.477177556604698
2013-11-22 03:00:00,16.2,87,0.0,11.0,32,-5.829111906565255,-9.328529057720685
2013-11-22 04:00:00,15.9,88,0.0,10.8,30,-5.400000000000005,-9.353074360871934
2013-11-22 05:00:00,15.6,89,0.0,10.1,27,-4.585304047369424,-8.999165894302514
2013-11-22 06:00:00,15.9,87,0.0,10.8,15,-2.795245687107223,-10.431998923921938
2013-11-22 07:00:00,16.9,85,0.0,9.8,24,-3.986019102142841,-8.95274548489749
2013-11-22 08:00:00,18.8,81,0.0,11.0,23,-4.298042413382012,-10.125553387976844
2013-11-22 09:00:00,21.7,69,0.0,10.7,45,-7.56604255869606,-7.566042558696057
2013-11-22 10:00:00,23.0,60,0.0,9.6,56,-7.958760696528401,-5.368251873319168
2013-11-22 11:00:00,23.6,58,0.0,7.9,43,-5.387787044493739,-5.777694242791447
2013-11-22 12:00:00,24.3,55,0.0,8.4,31,-4.326319829244458,-7.200205325897742
2013-11-22 13:00:00,24.6,55,0.0,10.4,20,-3.557009490586953,-9.772803256173448
2013-11-22 14:00:00,24.7,55,0.0,12.7,15,-3.2870018728020116,-12.267257993871167
2013-11-22 15:00:00,22.6,70,0.0,13.5,9,-2.111865278043119,-13.333792598034359
2013-11-22 16:00:00,22.3,72,0.0,15.0,11,-2.8621349306481694,-14.72440775171496
2013-11-22 17:00:00,21.6,75,0.0,15.7,11,-2.9957012274117503,-15.411546780128324
2013-11-22 18:00:00,20.5,81,0.0,14.1,6,-1.4738513320739124,-14.022758724692654
2013-11-22 19:00:00,19.1,88,0.0,12.4,8,-1.7257464519048162,-12.279324052395472
2013-11-22 20:00:00,18.9,88,0.0,12.4,10,-2.1532374030699364,-12.21161613735138
2013-11-22 21:00:00,19.3,86,0.0,13.4,14,-3.2417534010355484,-13.001962732098352
2013-11-22 22:00:00,19.1,85,0.0,12.3,21,-4.407925779407199,-11.483039245915581
2013-11-22 23:00:00,18.3,86,0.0,10.6,24,-4.311408416603481,-9.68358185101157
2013-11-23 00:00:00,17.6,87,0.0,9.7,22,-3.633683956134349,-8.993683389297836
2013-11-23 01:00:00,16.7,89,0.0,8.9,27,-4.040515447681968,-7.929958065276474
2013-11-23 02:00:00,16.0,89,0.0,7.9,30,-3.9500000000000037,-6.841600689897064
2013-11-23 03:00:00,15.3,89,0.0,6.7,36,-3.938161190359571,-5.420413862312147
2013-11-23 04:00:00,14.5,90,0.0,6.4,43,-4.364789504399991,-4.6806636903626915
2013-11-23 05:00:00,13.5,92,0.0,5.9,47,-4.314986839553106,-4.023790324368741
2013-11-23 06:00:00,13.0,93,0.0,5.8,60,-5.0229473419497435,-2.9000000000000004
2013-11-23 07:00:00,13.4,93,0.0,4.9,73,-4.685893304218874,-1.4326213531414103
2013-11-23 08:00:00,17.7,86,0.0,3.8,73,-3.6339580726595346,-1.1110124779463997
2013-11-23 09:00:00,22.3,64,0.0,1.9,338,0.7117525274902327,-1.761649323676896
2013-11-23 10:00:00,23.9,60,0.0,4.8,312,3.5670951622914924,-3.2118269105225195
2013-11-23 11:00:00,25.0,58,0.0,6.9,317,4.70578868443124,-5.046340541172277
2013-11-23 12:00:00,25.7,56,0.0,7.8,326,4.361704647071825,-6.466493065929326
2013-11-23 13:00:00,26.0,55,0.0,8.0,333,3.6319239979163744,-7.128052193506942
2013-11-23 14:00:00,26.0,55,0.0,8.6,338,3.2216167033768426,-7.973781149274371
2013-11-23 15:00:00,26.0,55,0.0,8.7,343,2.5436338310878095,-8.319851376878407
2013-11-23 16:00:00,25.4,57,0.0,8.5,348,1.7672493719509554,-8.314254606237347
2013-11-23 17:00:00,23.4,70,0.0,8.9,346,2.1531048708370424,-8.635631963856369
2013-11-23 18:00:00,22.5,69,0.0,8.7,7,-1.0602632876247804,-8.635151519279502
2013-11-23 19:00:00,22.0,71,0.0,5.6,45,-3.9597979746446668,-3.9597979746446654
2013-11-23 20:00:00,21.3,75,0.0,2.8,40,-1.7998053071223103,-2.144924440733138
2013-11-23 21:00:00,20.7,78,0.0,1.1,18,-0.33991869381244233,-1.0461621679246689
2013-11-23 22:00:00,20.1,81,0.0,1.1,342,0.3399186938124422,-1.0461621679246689
2013-11-23 23:00:00,19.0,85,0.0,2.3,342,0.7107390870623791,-2.1874299874788528
2013-11-24 00:00:00,17.5,88,0.0,2.3,18,-0.7107390870623793,-2.1874299874788528
2013-11-24 01:00:00,16.2,91,0.0,3.6,37,-2.166534083347374,-2.875087836170254
2013-11-24 02:00:00,15.5,93,0.0,4.1,45,-2.8991378028648453,-2.8991378028648445
2013-11-24 03:00:00,15.1,92,0.0,4.9,54,-3.964183272437243,-2.880147736233118
2013-11-24 04:00:00,14.9,93,0.0,5.0,60,-4.330127018922193,-2.5000000000000004
2013-11-24 05:00:00,14.5,94,0.0,4.1,75,-3.96029588778518,-1.0611580849203353
2013-11-24 06:00:00,14.6,93,0.0,4.3,66,-3.9282454678631837,-1.7489675652259409
2013-11-24 07:00:00,15.3,92,0.0,4.8,77,-4.676976310969129,-1.0797650608505518
2013-11-24 08:00:00,19.2,83,0.0,3.3,84,-3.2819222547153015,-0.3449439287832565
2013-11-24 09:00:00,22.5,68,0.0,1.8,259,1.7669289302057951,0.34345619167778063
2013-11-24 10:00:00,23.5,68,0.0,5.8,277,5.756767679519667,-0.7068421917498553
2013-11-24 11:00:00,24.1,68,0.1,9.4,293,8.65274562245294,-3.6728726077991736
2013-11-24 12:00:00,24.0,70,0.1,13.9,291,12.976767928311105,-4.981314498679674
2013-11-24 13:00:00,23.7,73,0.4,12.3,308,9.69253226936268,-7.572636146505597
2013-11-24 14:00:00,23.3,75,0.3,12.0,316,8.335900445507967,-8.632077604063813
2013-11-24 15:00:00,23.9,71,0.0,11.0,328,5.829111906565254,-9.328529057720685
2013-11-24 16:00:00,23.3,73,0.0,10.0,330,5.000000000000001,-8.660254037844386
2013-11-24 17:00:00,22.1,79,0.3,9.0,344,2.4807362023529924,-8.65135526344487
2013-11-24 18:00:00,20.8,86,0.9,9.6,340,3.2833933759264204,-9.02104915954472
2013-11-24 19:00:00,20.0,92,1.7000000000000002,9.2,339,3.2969851358167634,-8.588939923774255
2013-11-24 20:00:00,19.7,94,2.0,9.8,354,1.024378940023004,-9.746314574609078
2013-11-24 21:00:00,19.2,95,1.8,10.9,6,-1.1393602496174215,-10.840288659514181
2013-11-24 22:00:00,19.0,95,2.6,9.6,20,-3.283393375926418,-9.02104915954472
2013-11-24 23:00:00,18.9,94,1.9,12.2,341,3.971931484377312,-11.535326622311663
2013-11-25 00:00:00,18.9,94,1.7000000000000002,14.8,337,5.782820701641251,-13.623471831096118
2013-11-25 01:00:00,18.9,95,2.0,10.8,15,-2.795245687107223,-10.431998923921938
2013-11-25 02:00:00,18.8,96,2.4,11.2,42,-7.49426279121921,-8.323222045346816
2013-11-25 03:00:00,18.9,94,2.9,11.1,13,-2.496956703216904,-10.815507719116109
2013-11-25 04:00:00,18.9,94,4.8,18.1,354,1.8919651851445278,-18.000846306165748
2013-11-25 05:00:00,18.8,95,4.8,22.0,3,-1.1513910373447747,-21.969849764600625
2013-11-25 06:00:00,18.8,95,3.0,21.6,4,-1.5067398328731125,-21.547383485612205
2013-11-25 07:00:00,18.7,94,1.0,22.6,9,-3.5354189099092217,-22.321756497450114
2013-11-25 08:00:00,19.0,92,0.2,25.1,7,-3.058920519469194,-24.912908406197186
2013-11-25 09:00:00,19.7,87,0.0,30.0,4,-2.0926942123237673,-29.926921507794727
2013-11-25 10:00:00,20.6,81,0.0,32.8,3,-1.716619364768573,-32.75504873995002
2013-11-25 11:00:00,21.2,75,0.0,33.9,3,-1.774188916635812,-33.85354122818005
2013-11-25 12:00:00,21.4,72,0.0,33.2,4,-2.3159149283049696,-33.11912646862616
2013-11-25 13:00:00,21.7,70,0.0,31.8,6,-3.324005131911377,-31.625796272711096
2013-11-25 14:00:00,21.6,69,0.0,29.5,8,-4.105606478321942,-29.212908027876324
2013-11-25 15:00:00,21.4,67,0.0,27.0,9,-4.223730556086238,-26.667585196068718
2013-11-25 16:00:00,20.6,69,0.0,25.0,7,-3.0467335851286794,-24.81365379103305
2013-11-25 17:00:00,19.5,71,0.0,24.2,5,-2.1091689744933295,-24.107911693820242
2013-11-25 18:00:00,18.5,74,0.0,24.4,9,-3.817000946981637,-24.099595510521358
2013-11-25 19:00:00,17.9,76,0.0,22.7,10,-3.9418136330393185,-22.35513599337712
2013-11-25 20:00:00,17.4,79,0.0,22.9,8,-3.187064011985507,-22.67713877418196
2013-11-25 21:00:00,16.7,84,0.0,23.2,7,-2.827368766999414,-23.027070718078672
2013-11-25 22:00:00,16.3,84,0.0,21.5,10,-3.733435819839002,-21.17336668976247
2013-11-25 23:00:00,16.5,82,0.0,18.9,9,-2.9566113892603663,-18.6673096372481
2013-11-26 00:00:00,16.8,80,0.0,18.5,8,-2.5747023677612177,-18.31995927171905
2013-11-26 01:00:00,17.2,78,0.0,18.2,9,-2.847107263732205,-17.975927798831506
2013-11-26 02:00:00,17.4,79,0.0,17.5,9,-2.7376031382040433,-17.28454596041491
2013-11-26 03:00:00,16.6,80,0.0,16.9,11,-3.224672021863604,-16.58949940026552
2013-11-26 04:00:00,17.0,79,0.0,15.5,12,-3.2226312076752768,-15.161287811373986
2013-11-26 05:00:00,17.5,77,0.0,14.1,13,-3.1718098662485,-13.738617913471815
2013-11-26 06:00:00,17.8,76,0.0,12.5,12,-2.5988961352219975,-12.22684500917257
2013-11-26 07:00:00,17.7,79,0.0,10.4,20,-3.557009490586953,-9.772803256173448
2013-11-26 08:00:00,18.8,80,0.0,10.2,23,-3.9854575105905927,-9.38914950521489
2013-11-26 09:00:00,20.1,76,0.0,7.9,16,-2.1775351109542913,-7.593967397912721
2013-11-26 10:00:00,20.9,75,0.0,5.1,8,-0.7097828148963357,-5.050367150582008
2013-11-26 11:00:00,21.6,76,0.0,3.2,333,1.45276959916655,-2.851220877402777
2013-11-26 12:00:00,22.0,76,0.1,4.0,280,3.939231012048832,-0.6945927106677213
2013-11-26 13:00:00,21.9,75,0.2,5.9,259,5.791600382341218,1.1257730727216144
2013-11-26 14:00:00,21.6,77,0.2,7.2,252,6.8476069173251055,2.2249223594996215
2013-11-26 15:00:00,21.7,75,0.2,6.6,261,6.518743047927909,1.0324674692655236
2013-11-26 16:00:00,21.2,78,0.1,5.0,270,5.0,0.0
2013-11-26 17:00:00,20.3,81,0.1,4.0,275,3.984778792366982,-0.34862297099063266
2013-11-26 18:00:00,19.4,87,0.0,4.7,247,4.32637281122647,1.8364363038995868
2013-11-26 19:00:00,18.4,91,0.0,4.9,253,4.685893304218874,1.4326213531414103
2013-11-26 20:00:00,17.4,93,0.0,3.7,191,0.7059932828932162,3.632020578756357
2013-11-26 21:00:00,17.0,92,0.0,4.7,180,2.8779199779962803e-16,4.7
2013-11-26 22:00:00,17.1,91,0.0,5.0,180,3.061616997868383e-16,5.0
2013-11-26 23:00:00,16.9,90,0.0,5.0,201,1.791839747726502,4.667902132486009
2013-11-27 00:00:00,17.3,89,0.0,5.4,228,4.012982057577929,3.6133052743378347
2013-11-27 01:00:00,17.9,87,0.0,4.4,261,4.3458286986186065,0.6883116461770159
2013-11-27 02:00:00,18.0,86,0.0,2.9,263,2.8783838397598336,0.35342109587492765
2013-11-27 03:00:00,18.4,85,0.1,1.5,166,-0.36288284339950166,1.4554435894139948
2013-11-27 04:00:00,18.2,85,0.0,2.3,129,-1.7874357113510329,1.4474368994146258
2013-11-27 05:00:00,17.2,88,0.0,2.6,106,-2.499280409439629,0.716657125124198
2013-11-27 06:00:00,16.8,88,0.0,5.1,94,-5.087576656325103,0.35575801609504015
2013-11-27 07:00:00,16.7,89,0.0,3.8,73,-3.6339580726595346,-1.1110124779463997
2013-11-27 08:00:00,18.1,94,0.0,4.2,20,-1.436484601967808,-3.9467090073008158
2013-11-27 09:00:00,20.7,82,0.0,9.4,360,5.755839955992561e-16,-9.4
2013-11-27 10:00:00,21.4,78,0.0,14.8,3,-0.7745721523955758,-14.779717114367694
2013-11-27 11:00:00,22.3,73,0.0,16.9,358,0.5898014942722682,-16.889704976622717
2013-11-27 12:00:00,23.0,71,0.0,19.6,346,4.741669153753487,-19.01779623500953
2013-11-27 13:00:00,22.7,73,0.0,21.7,348,4.51168369074538,-21.225802935923582
2013-11-27 14:00:00,22.0,74,0.0,23.5,355,2.0481599545699662,-23.41057540515602
2013-11-27 15:00:00,21.2,76,0.0,23.1,3,-1.2089605892120137,-23.068342252830657
2013-11-27 16:00:00,20.6,75,0.0,22.7,3,-1.1880262067148357,-22.668890438928827
2013-11-27 17:00:00,19.4,80,0.0,23.8,3,-1.2455957585820745,-23.76738292715886
2013-11-27 18:00:00,18.4,85,0.0,24.9,10,-4.323839623906565,-24.521713050003978
2013-11-27 19:00:00,17.8,88,0.0,25.5,9,-3.9890788585258914,-25.186052685176012
2013-11-27 20:00:00,17.4,88,0.0,27.6,8,-3.841177586497817,-27.33139869726734
2013-11-27 21:00:00,17.1,86,0.0,29.0,7,-3.534210958749268,-28.78383839759834
2013-11-27 22:00:00,16.8,82,0.0,30.0,4,-2.0926942123237673,-29.926921507794727
2013-11-27 23:00:00,16.7,80,0.1,30.3,4,-2.113621154447005,-30.226190722872673
2013-11-28 00:00:00,16.2,80,0.0,29.7,6,-3.1044953590493045,-29.53730029243772
2013-11-28 01:00:00,16.1,81,0.3,28.8,9,-4.505312593158654,-28.445424209139965
2013-11-28 02:00:00,16.1,81,0.0,28.4,12,-5.9046920192243775,-27.77939186084008
2013-11-28 03:00:00,15.8,85,0.3,28.0,7,-3.4123416153441206,-27.791292245957017
2013-11-28 04:00:00,15.7,85,0.0,29.6,5,-2.579809985330684,-29.48736306351567
2013-11-28 05:00:00,15.4,84,0.0,31.1,5,-2.710543599452172,-30.98165511065329
2013-11-28 06:00:00,15.1,84,0.3,30.4,6,-3.177665283336662,-30.23346561919551
2013-11-28 07:00:00,14.8,86,0.6,29.7,7,-3.619519499132871,-29.478620703747264
2013-11-28 08:00:00,15.0,87,0.5,27.8,5,-2.4229296483848994,-27.694212606950526
2013-11-28 09:00:00,15.6,84,0.0,28.2,4,-1.9671325595843414,-28.13130621732704
2013-11-28 10:00:00,16.3,80,0.0,28.2,6,-2.947702664147825,-28.045517449385308
2013-11-28 11:00:00,16.9,76,0.0,26.8,6,-2.80136281557311,-26.65318679586973
2013-11-28 12:00:00,16.3,76,0.0,27.1,5,-2.361920628461539,-26.996876318286304
2013-11-28 13:00:00,16.4,74,0.0,28.5,3,-1.4915747529239127,-28.460941740505355
2013-11-28 14:00:00,16.4,73,0.0,29.7,6,-3.1044953590493045,-29.53730029243772
2013-11-28 15:00:00,17.1,70,0.0,29.7,6,-3.1044953590493045,-29.53730029243772
2013-11-28 16:00:00,16.6,69,0.0,29.3,5,-2.5536632625063866,-29.188504654088145
2013-11-28 17:00:00,15.5,71,0.0,30.0,5,-2.6146722824297477,-29.885840942752367
2013-11-28 18:00:00,14.9,71,0.0,27.9,6,-2.9163441251675284,-27.74716088077483
2013-11-28 19:00:00,14.7,70,0.0,26.0,3,-1.360734862316552,-25.96436790361892
2013-11-28 20:00:00,14.5,70,0.0,25.9,2,-0.9038969645947696,-25.88422241979458
2013-11-28 21:00:00,14.5,69,0.0,25.6,4,-1.7857657278496148,-25.537639686651502
2013-11-28 22:00:00,14.4,67,0.0,24.3,6,-2.5400416574039766,-24.166882057449044
2013-11-28 23:00:00,14.3,65,0.0,22.7,4,-1.5834719539916506,-22.644703940898008
2013-11-29 00:00:00,14.0,64,0.0,22.7,3,-1.1880262067148357,-22.668890438928827
2013-11-29 01:00:00,13.7,63,0.0,23.4,3,-1.2246613760848968,-23.367931113257026
2013-11-29 02:00:00,13.2,63,0.0,24.9,2,-0.868997467892269,-24.884831592775484
2013-11-29 03:00:00,13.3,62,0.0,27.0,2,-0.9422864109675205,-26.983552329515586
2013-11-29 04:00:00,12.9,63,0.0,27.1,5,-2.361920628461539,-26.996876318286304
2013-11-29 05:00:00,12.5,65,0.0,26.7,5,-2.3270583313624753,-26.598398439049607
2013-11-29 06:00:00,12.1,67,0.0,26.4,5,-2.3009116085381778,-26.29954002962208
2013-11-29 07:00:00,11.9,70,0.0,25.7,5,-2.2399025886148167,-25.60220374095786
2013-11-29 08:00:00,13.3,67,0.0,26.3,4,-1.8345952594705028,-26.23593452183338
2013-11-29 09:00:00,14.7,61,0.0,27.4,5,-2.388067351285836,-27.29573472771383
2013-11-29 10:00:00,16.0,56,0.0,27.4,5,-2.388067351285836,-27.29573472771383
2013-11-29 11:00:00,16.9,52,0.0,27.1,4,-1.8904004384658033,-27.033985762041237
2013-11-29 12:00:00,17.3,51,0.0,27.4,2,-0.9562462096485208,-27.383308660323223
2013-11-29 13:00:00,17.5,51,0.0,28.1,2,-0.9806758573402714,-28.082882239236593
2013-11-29 14:00:00,17.2,52,0.0,29.2,3,-1.5282099222939738,-29.159982414833554
2013-11-29 15:00:00,16.8,55,0.0,29.2,4,-2.036889033328467,-29.128870267586866
2013-11-29 16:00:00,15.7,59,0.0,27.8,4,-1.939229970086691,-27.732280597223113
2013-11-29 17:00:00,14.2,63,0.0,26.4,5,-2.3009116085381778,-26.29954002962208
2013-11-29 18:00:00,13.2,67,0.0,26.0,5,-2.2660493114391143,-25.901062150385386
2013-11-29 19:00:00,12.5,71,0.0,22.4,5,-1.9522886375475446,-22.314761237255098
2013-11-29 20:00:00,11.8,75,0.0,19.8,3,-1.0362519336102973,-19.772864788140563
2013-11-29 21:00:00,11.1,79,0.0,17.0,4,-1.185860053650135,-16.958588854417012
2013-11-29 22:00:00,11.5,76,0.0,15.2,4,-1.0602984009107088,-15.162973563949327
2013-11-29 23:00:00,12.3,73,0.0,13.8,6,-1.4424927930936164,-13.724402156082174
2013-11-30 00:00:00,13.0,71,0.0,13.3,2,-0.4641633061432601,-13.291897999353974
2013-11-30 01:00:00,13.1,71,0.0,13.0,360,7.960204194457795e-16,-13.0
2013-11-30 02:00:00,13.0,72,0.0,12.3,5,-1.0720156357961965,-12.253194786528471
2013-11-30 03:00:00,13.4,71,0.0,11.7,11,-2.232465245905572,-11.485038046337667
2013-11-30 04:00:00,13.3,71,0.0,9.9,19,-3.2231247291258507,-9.360633898433237
2013-11-30 05:00:00,13.1,71,0.0,9.0,23,-3.5165801564034647,-8.284543681071963
2013-11-30 06:00:00,13.0,71,0.0,6.3,31,-3.2447398719333433,-5.400153994423306
2013-11-30 07:00:00,13.0,71,0.0,7.1,30,-3.550000000000003,-6.148780366869512
2013-11-30 08:00:00,14.6,72,0.0,4.2,31,-2.163159914622229,-3.600102662948871
2013-11-30 09:00:00,16.7,60,0.0,3.7,11,-0.7059932828932151,-3.632020578756357
2013-11-30 10:00:00,17.5,59,0.0,3.9,338,1.4609657143220567,-3.616017032810471
2013-11-30 11:00:00,18.4,57,0.0,6.4,322,3.9402334420842133,-5.043268823083022
2013-11-30 12:00:00,18.7,57,0.0,8.3,326,4.641301098807199,-6.881011852206847
2013-11-30 13:00:00,19.0,56,0.0,9.4,337,3.672872607799173,-8.65274562245294
2013-11-30 14:00:00,18.8,56,0.0,10.5,344,2.8941922360784913,-10.093247807352348
2013-11-30 15:00:00,18.1,58,0.0,11.0,349,2.098898949141994,-10.797899017924303
2013-11-30 16:00:00,17.4,61,0.0,10.8,356,0.7533699164365526,-10.773691742806102
2013-11-30 17:00:00,16.4,66,0.0,10.1,4,-0.7045403848156684,-10.075396907624224
2013-11-30 18:00:00,15.2,75,0.0,13.0,14,-3.144984642795681,-12.613844441587954
2013-11-30 19:00:00,14.3,79,0.0,14.0,23,-5.470235798849833,-12.887067948334163
2013-11-30 20:00:00,15.1,73,0.0,12.2,19,-3.971931484377311,-11.535326622311665
2013-11-30 21:00:00,15.5,72,0.0,9.8,6,-1.024378940023003,-9.74631457460908
2013-11-30 22:00:00,15.3,73,0.0,9.4,360,5.755839955992561e-16,-9.4
2013-11-30 23:00:00,15.0,75,0.0,8.3,355,0.7233926648055626,-8.268415994161488
2013-12-01 00:00:00,14.6,77,0.0,9.4,356,0.6557108531947772,-9.377102072442348
2013-12-01 01:00:00,14.6,77,0.0,10.4,2,-0.36295476570600793,-10.393664600998596
2013-12-01 02:00:00,14.7,76,0.0,11.4,13,-2.564442019520064,-11.10781873855168
2013-12-01 03:00:00,15.1,75,0.0,12.2,14,-2.951447126315947,-11.837607860567156
2013-12-01 04:00:00,13.6,80,0.0,14.3,12,-2.973137178693965,-13.987510690493421
2013-12-01 05:00:00,12.2,84,0.0,14.1,13,-3.1718098662485,-13.738617913471815
2013-12-01 06:00:00,12.2,84,0.0,14.4,22,-5.394334945189137,-13.351447505761737
2013-12-01 07:00:00,12.6,83,0.0,13.3,19,-4.330056454280184,-12.575397055470916
2013-12-01 08:00:00,14.4,86,0.0,14.9,8,-2.0736792043049808,-14.754994224249398
2013-12-01 09:00:00,18.1,69,0.0,16.7,6,-1.7456253365698111,-16.608515652650166
2013-12-01 10:00:00,19.0,63,0.0,18.0,3,-0.9420472123729975,-17.975331625582328
2013-12-01 11:00:00,19.8,59,0.0,19.1,1,-0.33334096295211485,-19.097090977487074
2013-12-01 12:00:00,20.3,57,0.0,19.8,2,-0.691010034709515,-19.787938374978097
2013-12-01 13:00:00,20.5,56,0.0,20.5,2,-0.7154396824012657,-20.487511953891463
2013-12-01 14:00:00,20.4,57,0.0,21.6,3,-1.1304566548475972,-21.570397950698798
2013-12-01 15:00:00,20.3,58,0.0,22.8,5,-1.987150934646608,-22.7132391164918
2013-12-01 16:00:00,19.4,62,0.0,21.7,7,-2.6445647518916937,-21.538251490616688
2013-12-01 17:00:00,17.8,67,0.0,20.7,7,-2.5226954084865465,-20.545705338975367
2013-12-01 18:00:00,16.4,72,0.0,19.5,12,-4.054277970946316,-19.073878214309207
2013-12-01 19:00:00,15.2,78,0.0,17.4,13,-3.9141483455832553,-16.95403912726309
2013-12-01 20:00:00,14.1,82,0.0,16.5,11,-3.148348423712986,-16.196848526886455
2013-12-01 21:00:00,14.2,79,0.0,16.2,12,-3.3681693912477084,-15.845991131887649
2013-12-01 22:00:00,15.0,76,0.0,16.3,14,-3.9433268982745853,-15.815820338298742
2013-12-01 23:00:00,15.3,74,0.0,17.4,13,-3.9141483455832553,-16.95403912726309
2013-12-02 00:00:00,15.2,74,0.0,17.1,15,-4.425805671253103,-16.51733162954307
2013-12-02 01:00:00,15.1,74,0.0,16.7,19,-5.436988179434516,-15.79016021250859
2013-12-02 02:00:00,14.8,74,0.0,16.1,24,-6.548459953520382,-14.708081868045877
2013-12-02 03:00:00,12.0,79,0.0,15.5,25,-6.550583056980837,-14.047770699068076
2013-12-02 04:00:00,10.8,83,0.0,16.8,23,-6.564282958619801,-15.464481538000998
2013-12-02 05:00:00,10.1,83,0.0,17.9,19,-5.827669964783103,-16.92478250322777
2013-12-02 06:00:00,9.7,83,0.0,17.0,21,-6.092255142270112,-15.870867250452427
2013-12-02 07:00:00,10.2,81,0.0,15.8,21,-5.6622136028157515,-14.750570738655787
2013-12-02 08:00:00,14.7,74,0.0,15.6,15,-4.037577103599322,-15.068442890109464
2013-12-02 09:00:00,18.7,60,0.0,15.7,9,-2.4560211011316273,-15.50670694734366
2013-12-02 10:00:00,20.1,54,0.0,16.6,5,-1.446785329611127,-16.536831988322977
2013-12-02 11:00:00,21.1,51,0.0,18.4,1,-0.3211242784460163,-18.3971975908776
2013-12-02 12:00:00,21.7,49,0.0,20.2,360,1.2368932671388266e-15,-20.2
2013-12-02 13:00:00,22.0,48,0.0,21.6,1,-0.3769719790453236,-21.596710215378053
2013-12-02 14:00:00,21.9,48,0.0,22.3,3,-1.167091824217658,-22.269438625026996
2013-12-02 15:00:00,21.5,50,0.0,22.0,4,-1.5346424223707626,-21.946409105716132
2013-12-02 16:00:00,20.5,54,0.0,19.5,5,-1.699536983579336,-19.42579661278904
2013-12-02 17:00:00,18.6,62,0.0,15.9,6,-1.6620025659556885,-15.812898136355548
2013-12-02 18:00:00,17.0,69,0.0,17.1,8,-2.3798600264171257,-16.933583975480854
2013-12-02 19:00:00,17.2,65,0.0,13.2,11,-2.518678738970389,-12.957478821509163
2013-12-02 20:00:00,16.5,69,0.0,7.9,3,-0.41345405431926,-7.889173324561134
2013-12-02 21:00:00,15.7,72,0.0,7.2,357,0.3768188849491966,-7.190132650232932
2013-12-02 22:00:00,14.7,76,0.0,8.0,8,-1.1133848076805266,-7.922144549932562
2013-12-02 23:00:00,15.1,75,0.0,9.0,16,-2.4807362023529897,-8.651355263444872
2013-12-03 00:00:00,15.6,73,0.0,8.8,35,-5.047472639889208,-7.208537989743126
2013-12-03 01:00:00,14.9,74,0.0,8.1,45,-5.727564927611036,-5.727564927611034
2013-12-03 02:00:00,14.0,77,0.0,8.0,54,-6.4721359549995805,-4.702282018339784
2013-12-03 03:00:00,14.4,75,0.0,8.3,56,-6.881011852206848,-4.641301098807197
2013-12-03 04:00:00,14.2,75,0.0,9.2,48,-6.836932394392027,-6.156001578501495
2013-12-03 05:00:00,14.1,74,0.0,10.5,38,-6.46444549091941,-8.274112912870581
2013-12-03 06:00:00,13.5,75,0.0,11.7,34,-6.542556970607735,-9.69973959889399
2013-12-03 07:00:00,12.9,76,0.0,11.3,27,-5.13009264705688,-10.068373723328557
2013-12-03 08:00:00,15.6,76,0.0,12.3,21,-4.407925779407199,-11.483039245915581
2013-12-03 09:00:00,18.7,63,0.0,13.4,14,-3.2417534010355484,-13.001962732098352
2013-12-03 10:00:00,19.9,58,0.0,12.8,11,-2.442355140819771,-12.5648279481301
2013-12-03 11:00:00,20.8,57,0.0,12.3,7,-1.4989929238833102,-12.208317665188263
2013-12-03 12:00:00,21.5,54,0.0,12.6,360,7.715274834628325e-16,-12.6
2013-12-03 13:00:00,21.8,51,0.0,14.1,356,0.9835662797921657,-14.06565310866352
2013-12-03 14:00:00,21.7,50,0.0,15.5,357,0.8112073217656315,-15.478757788695894
2013-12-03 15:00:00,21.0,49,0.0,15.1,3,-0.790272939268459,-15.079305974794064
2013-12-03 16:00:00,20.1,52,0.0,13.4,5,-1.1678869528186206,-13.34900895442939
2013-12-03 17:00:00,18.4,58,0.0,11.6,7,-1.413684383499707,-11.513535359039336
2013-12-03 18:00:00,16.0,73,0.0,14.3,10,-2.483168940637104,-14.082750868074575
2013-12-03 19:00:00,16.3,66,0.0,12.6,13,-2.834383284732702,-12.277062816293963
2013-12-03 20:00:00,16.2,67,0.0,11.4,11,-2.1752225472926088,-11.19054989130337
2013-12-03 21:00:00,15.7,69,0.0,11.0,11,-2.098898949141991,-10.797899017924303
2013-12-03 22:00:00,15.4,71,0.0,9.1,18,-2.8120546488120226,-8.654614298285896
2013-12-03 23:00:00,14.4,73,0.0,7.1,30,-3.550000000000003,-6.148780366869512
2013-12-04 00:00:00,13.6,74,0.0,5.9,43,-4.023790324368742,-4.314986839553106
2013-12-04 01:00:00,12.5,77,0.0,4.6,51,-3.5748714227020653,-2.894873798829253
2013-12-04 02:00:00,11.5,78,0.0,4.4,55,-3.604268994871564,-2.5237363199446032
2013-12-04 03:00:00,13.6,73,0.0,5.1,45,-3.606244584051393,-3.606244584051392
2013-12-04 04:00:00,12.4,75,0.0,5.6,50,-4.289848881466277,-3.5996106142446194
2013-12-04 05:00:00,11.1,78,0.0,5.8,60,-5.0229473419497435,-2.9000000000000004
2013-12-04 06:00:00,10.2,79,0.0,6.3,59,-5.400153994423308,-3.244739871933341
2013-12-04 07:00:00,8.9,85,0.0,6.4,47,-4.6806636903626915,-4.364789504399989
2013-12-04 08:00:00,13.4,80,0.0,6.9,39,-4.342310698243882,-5.362307134053097
2013-12-04 09:00:00,17.6,67,0.0,7.6,19,-2.4743179738743906,-7.185941174554808
2013-12-04 10:00:00,19.2,53,0.0,10.5,8,-1.4613175600806911,-10.397814721786487
2013-12-04 11:00:00,20.2,45,0.0,11.5,2,-0.40134421207875876,-11.492994510719601
2013-12-04 12:00:00,20.8,41,0.0,12.6,355,1.0981623586204925,-12.552053195955994
2013-12-04 13:00:00,21.1,39,0.0,15.3,351,2.3934473151155333,-15.111631611105608
2013-12-04 14:00:00,21.0,39,0.0,17.1,352,2.3798600264171195,-16.933583975480854
2013-12-04 15:00:00,20.3,46,0.0,19.1,357,0.9996167642402298,-19.07382411381236
2013-12-04 16:00:00,19.3,52,0.0,19.5,2,-0.6805401856987648,-19.488121126872368
2013-12-04 17:00:00,17.5,59,0.0,19.2,8,-2.672123538433264,-19.01314691983815
2013-12-04 18:00:00,15.9,67,0.0,18.8,7,-2.291143656016767,-18.659867650856857
2013-12-04 19:00:00,14.6,74,0.0,20.1,10,-3.4903283711052997,-19.79463583554538
2013-12-04 20:00:00,13.3,81,0.0,18.9,14,-4.5723238268337205,-18.33858922661633
2013-12-04 21:00:00,13.3,78,0.0,17.7,13,-3.981633661886415,-17.24635014669866
2013-12-04 22:00:00,14.5,74,0.0,16.7,14,-4.040095656514452,-16.20393862880914
2013-12-04 23:00:00,14.4,73,0.0,16.5,16,-4.5480163709804815,-15.860817982982264
2013-12-05 00:00:00,14.2,73,0.0,15.0,17,-4.385575570841056,-14.34457133944553
2013-12-05 01:00:00,12.4,77,0.0,11.3,31,-5.819930246483616,-9.685990497933867
2013-12-05 02:00:00,9.6,86,0.0,7.4,47,-5.412017391981863,-5.046787864462488
2013-12-05 03:00:00,9.6,84,0.0,6.4,63,-5.702441754805555,-2.905539198333099
2013-12-05 04:00:00,8.8,85,0.0,6.2,80,-6.10580806867569,-1.0766187015349689
2013-12-05 05:00:00,8.4,85,0.0,6.6,99,-6.5187430479279085,1.0324674692655245
2013-12-05 06:00:00,8.5,84,0.0,6.8,122,-5.766727053863696,3.603450996785793
2013-12-05 07:00:00,8.7,82,0.0,5.2,115,-4.7128004925905795,2.1976149610516376
2013-12-05 08:00:00,13.2,74,0.0,3.7,119,-3.2360929164157644,1.7937955949114477
2013-12-05 09:00:00,17.4,59,0.0,1.5,135,-1.0606601717798212,1.0606601717798214
2013-12-05 10:00:00,19.3,54,0.0,0.7000000000000001,360,4.2862637970157366e-17,-0.7000000000000001
2013-12-05 11:00:00,20.7,46,0.0,2.3,321,1.447436899414626,-1.7874357113510329
2013-12-05 12:00:00,21.4,40,0.0,4.1,315,2.899137802864845,-2.8991378028648445
2013-12-05 13:00:00,21.7,38,0.0,6.1,315,4.31335136523794,-4.313351365237939
2013-12-05 14:00:00,21.6,38,0.0,8.3,326,4.641301098807199,-6.881011852206847
2013-12-05 15:00:00,21.2,37,0.0,9.7,338,3.633683956134346,-8.993683389297837
2013-12-05 16:00:00,20.3,43,0.0,9.7,358,0.33852511801426044,-9.694091022085228
2013-12-05 17:00:00,18.2,60,0.0,11.3,7,-1.3771235804781632,-11.21577151354694
2013-12-05 18:00:00,18.2,50,0.0,11.6,30,-5.800000000000005,-10.045894683899485
2013-12-05 19:00:00,17.5,52,0.0,9.4,47,-6.874724795220204,-6.410784584587485
2013-12-05 20:00:00,16.8,56,0.0,6.9,51,-5.362307134053099,-4.34231069824388
2013-12-05 21:00:00,16.2,58,0.0,5.1,51,-3.9634444034305507,-3.2095339943541714
2013-12-05 22:00:00,14.9,63,0.0,4.2,59,-3.600102662948872,-2.1631599146222276
2013-12-05 23:00:00,13.4,69,0.0,3.0,76,-2.9108871788279895,-0.7257656867990026
2013-12-06 00:00:00,12.5,73,0.0,2.9,90,-2.9,3.5514757175273243e-16
2013-12-06 01:00:00,11.4,79,0.0,3.3,96,-3.2819222547153015,0.3449439287832573
2013-12-06 02:00:00,10.1,84,0.0,3.2,90,-3.2,3.9188697572715305e-16
2013-12-06 03:00:00,9.3,89,0.0,4.0,80,-3.939231012048832,-0.6945927106677219
2013-12-06 04:00:00,8.7,92,0.0,4.8,63,-4.276831316104166,-2.179154398749824
2013-12-06 05:00:00,8.7,93,0.0,5.8,60,-5.0229473419497435,-2.9000000000000004
2013-12-06 06:00:00,8.1,95,0.0,6.6,49,-4.981083229470296,-4.3299895913373465
2013-12-06 07:00:00,8.0,95,0.0,7.4,43,-5.04678786446249,-5.412017391981862
2013-12-06 08:00:00,12.9,86,0.0,9.2,39,-5.789747597658508,-7.149742845404129
2013-12-06 09:00:00,18.5,60,0.0,11.8,23,-4.6106273161734315,-10.861957270738795
2013-12-06 10:00:00,20.2,53,0.0,15.4,16,-4.244815279581783,-14.803430117450112
2013-12-06 11:00:00,21.2,51,0.0,17.2,11,-3.2819147204765673,-16.883987555299818
2013-12-06 12:00:00,21.8,50,0.0,18.5,7,-2.2545828529952225,-18.36210380536446
2013-12-06 13:00:00,22.0,51,0.0,19.5,5,-1.699536983579336,-19.42579661278904
2013-12-06 14:00:00,21.8,54,0.0,20.3,6,-2.1219278043333634,-20.18879447597595
2013-12-06 15:00:00,22.0,53,0.0,20.0,8,-2.7834620192013166,-19.805361374831406
2013-12-06 16:00:00,21.0,58,0.0,19.3,9,-3.019185175276459,-19.062384973486157
2013-12-06 17:00:00,19.4,65,0.0,16.8,10,-2.91728938480443,-16.544770250605094
2013-12-06 18:00:00,17.5,74,0.0,15.5,18,-4.789763412811687,-14.74137600257488
2013-12-06 19:00:00,16.5,80,0.0,14.8,18,-4.573451516749224,-14.075636441168273
2013-12-06 20:00:00,17.4,74,0.0,14.0,12,-2.910763671448637,-13.694066410273278
2013-12-06 21:00:00,17.0,75,0.0,14.1,13,-3.1718098662485,-13.738617913471815
2013-12-06 22:00:00,16.8,75,0.0,12.4,26,-5.435802220184564,-11.14504617410967
2013-12-06 23:00:00,15.7,77,0.0,10.1,35,-5.793122007145568,-8.273435647318815
2013-12-07 00:00:00,14.0,82,0.0,8.9,40,-5.720809726210201,-6.817795543758904
2013-12-07 01:00:00,12.6,87,0.0,8.4,40,-5.3994159213669315,-6.434773322199415
2013-12-07 02:00:00,11.9,88,0.0,8.7,42,-5.821436275322065,-6.4653599816533305
2013-12-07 03:00:00,11.6,88,0.0,8.4,43,-5.728786224524988,-6.143371093601032
2013-12-07 04:00:00,11.2,88,0.0,8.4,43,-5.728786224524988,-6.143371093601032
2013-12-07 05:00:00,11.0,87,0.0,7.9,43,-5.387787044493739,-5.777694242791447
2013-12-07 06:00:00,11.1,86,0.0,7.9,43,-5.387787044493739,-5.777694242791447
2013-12-07 07:00:00,11.2,85,0.0,6.9,47,-5.0463405411722775,-4.705788684431239
2013-12-07 08:00:00,15.6,76,0.0,6.1,40,-3.9210044190878905,-4.672871103025765
2013-12-07 09:00:00,20.1,60,0.0,7.1,15,-1.8376152202278964,-6.858073366652385
2013-12-07 10:00:00,22.1,53,0.0,9.1,7,-1.1090110249868392,-9.03216997993603
2013-12-07 11:00:00,23.4,50,0.0,9.7,360,5.939536975864663e-16,-9.7
2013-12-07 12:00:00,24.3,47,0.0,12.0,353,1.4624321208617699,-11.910553819695863
2013-12-07 13:00:00,24.5,46,0.0,14.3,350,2.483168940637105,-14.082750868074575
2013-12-07 14:00:00,24.1,48,0.0,16.0,352,2.2267696153610474,-15.844289099865126
2013-12-07 15:00:00,24.0,51,0.0,16.2,357,0.8478424911356922,-16.177798463024097
2013-12-07 16:00:00,23.1,55,0.0,14.8,3,-0.7745721523955758,-14.779717114367694
2013-12-07 17:00:00,21.3,65,0.0,11.2,2,-0.3908743630680085,-11.193177262613872
2013-12-07 18:00:00,19.8,71,0.0,11.6,7,-1.413684383499707,-11.513535359039336
2013-12-07 19:00:00,20.2,66,0.0,9.0,358,0.31409547032250973,-8.994517443171862
2013-12-07 20:00:00,19.7,70,0.0,10.8,345,2.795245687107224,-10.431998923921938
2013-12-07 21:00:00,19.2,74,0.0,11.2,356,0.7812725059342026,-11.17271736291003
2013-12-07 22:00:00,18.7,78,0.0,12.3,5,-1.0720156357961965,-12.253194786528471
2013-12-07 23:00:00,18.2,81,0.0,10.6,10,-1.8406706832694615,-10.438962181929405
2013-12-08 00:00:00,18.0,82,0.0,8.0,8,-1.1133848076805266,-7.922144549932562
2013-12-08 01:00:00,17.9,82,0.0,7.9,357,0.41345405431925736,-7.889173324561134
2013-12-08 02:00:00,17.7,83,0.0,9.1,9,-1.4235536318661024,-8.987963899415753
2013-12-08 03:00:00,17.8,83,0.0,9.0,23,-3.5165801564034647,-8.284543681071963
2013-12-08 04:00:00,17.5,83,0.0,8.3,34,-4.6413010988071965,-6.881011852206848
2013-12-08 05:00:00,16.4,86,0.0,6.7,54,-5.420413862312149,-3.9381611903595695
2013-12-08 06:00:00,17.0,83,0.0,7.1,45,-5.020458146424488,-5.020458146424486
2013-12-08 07:00:00,15.3,88,0.0,5.3,62,-4.679622242152313,-2.4881992827652213
2013-12-08 08:00:00,17.5,85,0.0,6.2,36,-3.644268564213334,-5.015905365124674
2013-12-08 09:00:00,21.4,68,0.0,7.9,357,0.41345405431925736,-7.889173324561134
2013-12-08 10:00:00,22.9,62,0.0,10.0,345,2.5881904510252074,-9.659258262890683
2013-12-08 11:00:00,24.3,56,0.0,11.1,335,4.691062705321763,-10.060016436106814
2013-12-08 12:00:00,24.9,54,0.0,12.4,330,6.200000000000002,-10.73871500692704
2013-12-08 13:00:00,24.9,54,0.0,14.1,328,7.471861625688189,-11.957478155805605
2013-12-08 14:00:00,24.7,55,0.0,14.2,333,6.446665096301564,-12.652292643474821
2013-12-08 15:00:00,23.4,65,0.0,13.2,343,3.859306502340125,-12.623222778712067
2013-12-08 16:00:00,22.6,68,0.0,10.6,350,1.8406706832694624,-10.438962181929405
2013-12-08 17:00:00,21.8,73,0.0,7.6,355,0.6623836448822018,-7.571079705497266
2013-12-08 18:00:00,20.3,84,0.0,8.1,347,1.8221035401853058,-7.892397524760405
2013-12-08 19:00:00,19.7,87,0.0,8.0,350,1.3891854213354433,-7.878462024097664
2013-12-08 20:00:00,19.0,90,0.0,9.7,345,2.510544737494451,-9.369480515003962
2013-12-08 21:00:00,18.5,93,0.0,10.5,352,1.4613175600806874,-10.397814721786489
2013-12-08 22:00:00,18.8,93,0.0,9.7,2,-0.33852511801425733,-9.694091022085228
2013-12-08 23:00:00,19.3,93,0.0,7.9,3,-0.41345405431926,-7.889173324561134
2013-12-09 00:00:00,19.1,94,0.0,7.2,3,-0.376818884949199,-7.190132650232932
2013-12-09 01:00:00,18.9,94,0.0,7.6,355,0.6623836448822018,-7.571079705497266
2013-12-09 02:00:00,18.9,94,0.0,9.3,347,2.092044805397944,-9.06164160250269
2013-12-09 03:00:00,17.8,92,0.0,9.1,351,1.4235536318661013,-8.987963899415753
2013-12-09 04:00:00,17.3,94,0.0,10.8,356,0.7533699164365526,-10.773691742806102
2013-12-09 05:00:00,17.2,95,0.0,11.2,2,-0.3908743630680085,-11.193177262613872
2013-12-09 06:00:00,17.1,97,0.0,12.4,8,-1.7257464519048162,-12.279324052395472
2013-12-09 07:00:00,17.8,97,0.0,14.1,13,-3.1718098662485,-13.738617913471815
2013-12-09 08:00:00,18.8,96,0.0,14.2,7,-1.7305446763530898,-14.094155353306773
2013-12-09 09:00:00,19.9,91,0.0,14.1,6,-1.4738513320739124,-14.022758724692654
2013-12-09 10:00:00,20.8,84,0.0,13.1,8,-1.8231676225768623,-12.97251170051457
2013-12-09 11:00:00,22.1,76,0.0,11.5,20,-3.9332316482451883,-10.806465139037947
2013-12-09 12:00:00,22.3,72,0.0,10.9,34,-6.095202647831138,-9.036509540849956
2013-12-09 13:00:00,22.9,67,0.0,12.1,27,-5.493285046848517,-10.781178942679249
2013-12-09 14:00:00,22.8,66,0.0,14.6,9,-2.283943189587373,-14.42024977268901
2013-12-09 15:00:00,23.9,60,0.0,16.6,1,-0.2897099468589061,-16.597471739596095
2013-12-09 16:00:00,22.9,64,0.0,17.7,2,-0.6177210916342635,-17.689217638237995
2013-12-09 17:00:00,21.1,71,0.0,18.4,4,-1.2835191168919107,-18.355178524780765
2013-12-09 18:00:00,19.5,79,0.0,20.3,7,-2.4739476711244874,-20.148686878318838
2013-12-09 19:00:00,18.6,85,0.0,21.5,9,-3.363340998364967,-21.23529932279546
2013-12-09 20:00:00,18.0,87,0.0,21.7,11,-4.1405551996710175,-21.30130988081431
2013-12-09 21:00:00,17.5,87,0.0,21.8,13,-4.9039329846962625,-21.241267412318127
2013-12-09 22:00:00,17.0,87,0.0,20.9,15,-5.40931804264268,-20.187849769441527
2013-12-09 23:00:00,16.4,87,0.0,19.6,17,-5.730485412565647,-18.743573216875493
2013-12-10 00:00:00,15.7,86,0.0,20.2,16,-5.567874587503377,-19.417486257954042
2013-12-10 01:00:00,15.4,85,0.0,20.5,15,-5.305790424601673,-19.8014794389259
2013-12-10 02:00:00,15.1,84,0.0,20.3,13,-4.5665064031804645,-19.779712315140273
2013-12-10 03:00:00,15.9,81,0.0,21.2,10,-3.681341366538923,-20.87792436385881
2013-12-10 04:00:00,15.9,79,0.0,21.5,10,-3.733435819839002,-21.17336668976247
2013-12-10 05:00:00,16.1,78,0.0,22.5,7,-2.7420602266158114,-22.332288411929746
2013-12-10 06:00:00,15.8,79,0.0,24.7,8,-3.4375755937136256,-24.459621297916783
2013-12-10 07:00:00,16.0,80,0.0,24.7,8,-3.4375755937136256,-24.459621297916783
2013-12-10 08:00:00,17.5,72,0.0,24.7,8,-3.4375755937136256,-24.459621297916783
2013-12-10 09:00:00,18.9,66,0.0,24.8,9,-3.87957473299773,-24.494670846759416
2013-12-10 10:00:00,19.4,64,0.0,24.4,9,-3.817000946981637,-24.099595510521358
2013-12-10 11:00:00,20.1,62,0.0,24.0,8,-3.3401544230415796,-23.766433649797687
2013-12-10 12:00:00,20.7,60,0.0,23.5,6,-2.4564188867898538,-23.371264541154424
2013-12-10 13:00:00,20.3,61,0.0,24.2,4,-1.688106664607839,-24.141050016287746
2013-12-10 14:00:00,19.9,62,0.0,24.2,5,-2.1091689744933295,-24.107911693820242
2013-12-10 15:00:00,19.2,61,0.0,22.9,7,-2.79080796397787,-22.729306872586275
2013-12-10 16:00:00,18.5,64,0.0,20.8,9,-3.2538368728368057,-20.543917484378863
2013-12-10 17:00:00,17.8,66,0.0,19.5,5,-1.699536983579336,-19.42579661278904
2013-12-10 18:00:00,17.4,67,0.0,20.5,3,-1.0728871029803584,-20.471905462468765
2013-12-10 19:00:00,17.2,68,0.0,19.6,7,-2.3886391307408847,-19.453904572169915
2013-12-10 20:00:00,16.8,70,0.0,18.4,4,-1.2835191168919107,-18.355178524780765
2013-12-10 21:00:00,16.5,72,0.0,19.5,2,-0.6805401856987648,-19.488121126872368
2013-12-10 22:00:00,16.2,73,0.0,18.8,7,-2.291143656016767,-18.659867650856857
2013-12-10 23:00:00,16.2,73,0.0,18.8,5,-1.638527963655975,-18.728460324124818
2013-12-11 00:00:00,16.4,73,0.0,19.9,5,-1.734399280678399,-19.824274492025737
2013-12-11 01:00:00,16.1,75,0.0,18.6,9,-2.9096810497482974,-18.37100313506956
2013-12-11 02:00:00,16.0,78,0.0,15.8,12,-3.2850047149206048,-15.45473209159413
2013-12-11 03:00:00,16.2,78,0.0,15.0,11,-2.8621349306481694,-14.72440775171496
2013-12-11 04:00:00,16.1,80,0.0,16.0,9,-2.5029514406436966,-15.803013449522203
2013-12-11 05:00:00,16.2,79,0.0,19.3,9,-3.019185175276459,-19.062384973486157
2013-12-11 06:00:00,16.2,79,0.0,19.8,10,-3.4382339178052206,-19.49919350964172
2013-12-11 07:00:00,16.3,79,0.0,19.9,17,-5.818196923982468,-19.030464643664402
2013-12-11 08:00:00,16.9,77,0.0,18.8,7,-2.291143656016767,-18.659867650856857
2013-12-11 09:00:00,17.7,72,0.0,20.5,360,1.255262969126037e-15,-20.5
2013-12-11 10:00:00,18.7,67,0.0,22.7,4,-1.5834719539916506,-22.644703940898008
2013-12-11 11:00:00,18.9,66,0.0,23.9,7,-2.9126773073830172,-23.721853024227595
2013-12-11 12:00:00,18.9,66,0.0,23.1,5,-2.013297657470906,-23.012097525919323
2013-12-11 13:00:00,19.1,64,0.0,22.5,6,-2.3518904235222005,-22.376742645786152
2013-12-11 14:00:00,18.7,66,0.0,23.9,5,-2.083022251669032,-23.809053284392718
2013-12-11 15:00:00,18.3,66,0.0,25.7,6,-2.6863815059786913,-25.559212710964626
2013-12-11 16:00:00,17.4,67,0.0,25.3,6,-2.64457012067163,-25.161403952817317
2013-12-11 17:00:00,16.8,68,0.0,23.9,5,-2.083022251669032,-23.809053284392718
2013-12-11 18:00:00,16.4,69,0.0,22.8,6,-2.383248962502497,-22.675099214396635
2013-12-11 19:00:00,16.3,69,0.0,20.3,6,-2.1219278043333634,-20.18879447597595
2013-12-11 20:00:00,16.2,70,0.0,20.5,2,-0.7154396824012657,-20.487511953891463
2013-12-11 21:00:00,16.0,71,0.0,21.7,6,-2.2682676529080776,-21.581125129491532
2013-12-11 22:00:00,15.8,72,0.0,18.4,12,-3.82557511104678,-17.997915853502022
2013-12-11 23:00:00,15.9,73,0.0,15.0,10,-2.6047226650039548,-14.772116295183121
2013-12-12 00:00:00,15.5,79,0.0,15.1,3,-0.790272939268459,-15.079305974794064
2013-12-12 01:00:00,15.7,81,0.0,15.2,4,-1.0602984009107088,-15.162973563949327
2013-12-12 02:00:00,15.8,82,0.0,14.3,10,-2.483168940637104,-14.082750868074575
2013-12-12 03:00:00,15.6,85,0.4,13.0,14,-3.144984642795681,-12.613844441587954
2013-12-12 04:00:00,15.4,90,0.3,12.2,14,-2.951447126315947,-11.837607860567156
2013-12-12 05:00:00,15.3,91,0.2,11.2,15,-2.898773305148231,-10.818369254437565
2013-12-12 06:00:00,15.0,91,0.0,12.4,10,-2.1532374030699364,-12.21161613735138
2013-12-12 07:00:00,15.0,92,0.0,14.7,11,-2.8048922320352054,-14.42991959668066
2013-12-12 08:00:00,16.4,89,0.0,13.9,17,-4.063966695646045,-13.29263610788619
2013-12-12 09:00:00,17.6,84,0.0,12.2,14,-2.951447126315947,-11.837607860567156
2013-12-12 10:00:00,19.0,77,0.0,12.4,10,-2.1532374030699364,-12.21161613735138
2013-12-12 11:00:00,19.7,74,0.0,12.1,10,-2.101142949769857,-11.916173811447717
2013-12-12 12:00:00,20.7,70,0.0,11.0,11,-2.098898949141991,-10.797899017924303
2013-12-12 13:00:00,21.0,68,0.0,9.8,6,-1.024378940023003,-9.74631457460908
2013-12-12 14:00:00,21.0,69,0.0,11.2,4,-0.7812725059342065,-11.17271736291003
2013-12-12 15:00:00,20.8,71,0.0,13.3,358,0.4641633061432644,-13.291897999353974
2013-12-12 16:00:00,20.3,72,0.0,13.7,358,0.4781231048242648,-13.691654330161612
2013-12-12 17:00:00,19.4,74,0.0,12.6,357,0.659433048661094,-12.58273213790763
2013-12-12 18:00:00,18.8,77,0.0,13.7,5,-1.194033675642918,-13.647867363856914
2013-12-12 19:00:00,18.3,79,0.0,13.2,11,-2.518678738970389,-12.957478821509163
2013-12-12 20:00:00,17.9,82,0.0,13.0,2,-0.4536934571325099,-12.992080751248245
2013-12-12 21:00:00,17.3,85,0.0,14.4,357,0.7536377698983932,-14.380265300465863
2013-12-12 22:00:00,16.9,87,0.0,14.8,360,9.062386313690414e-16,-14.8
2013-12-12 23:00:00,16.9,88,0.0,14.8,4,-1.0323958114130587,-14.763947943845398
2013-12-13 00:00:00,16.7,89,0.2,15.1,3,-0.790272939268459,-15.079305974794064
2013-12-13 01:00:00,16.5,91,0.7000000000000001,17.0,5,-1.4816476267101901,-16.935309867559674
2013-12-13 02:00:00,16.3,93,0.6,17.7,13,-3.981633661886415,-17.24635014669866
2013-12-13 03:00:00,16.8,90,0.0,16.5,16,-4.5480163709804815,-15.860817982982264
2013-12-13 04:00:00,16.9,89,0.0,17.1,15,-4.425805671253103,-16.51733162954307
2013-12-13 05:00:00,16.8,88,0.0,18.4,11,-3.5108855149284204,-18.061940175437016
2013-12-13 06:00:00,17.1,86,0.0,21.1,9,-3.300767212348875,-20.840223986557405
2013-12-13 07:00:00,17.3,86,0.0,18.9,8,-2.6303716081452437,-18.716066499215675
2013-12-13 08:00:00,17.8,86,0.0,18.2,18,-5.624109297624045,-17.309228596571792
2013-12-13 09:00:00,19.0,82,0.0,18.7,11,-3.568128213541384,-18.356428330471317
2013-12-13 10:00:00,20.1,77,0.0,21.3,3,-1.1147558679747138,-21.270809090272422
2013-12-13 11:00:00,20.4,75,0.5,23.1,5,-2.013297657470906,-23.012097525919323
2013-12-13 12:00:00,19.9,81,0.9,23.3,9,-3.644923035437383,-23.013138335866707
2013-12-13 13:00:00,19.1,89,0.8,22.3,9,-3.488488570397152,-22.025449995271572
2013-12-13 14:00:00,18.9,91,1.1,21.8,8,-3.033973600929435,-21.58784389856623
2013-12-13 15:00:00,20.1,78,0.0,21.5,10,-3.733435819839002,-21.17336668976247
2013-12-13 16:00:00,20.3,76,0.0,19.4,11,-3.701694510304965,-19.04356735888468
2013-12-13 17:00:00,19.7,78,0.0,18.9,8,-2.6303716081452437,-18.716066499215675
2013-12-13 18:00:00,19.2,80,0.0,20.7,13,-4.6564868249180105,-20.169460341054368
2013-12-13 19:00:00,18.9,80,0.0,20.1,15,-5.202262806560665,-19.415109108410274
2013-12-13 20:00:00,18.6,81,0.0,19.8,10,-3.4382339178052206,-19.49919350964172
2013-12-13 21:00:00,18.2,83,0.0,19.6,6,-2.048757880046006,-19.49262914921816
2013-12-13 22:00:00,17.8,85,0.0,18.8,5,-1.638527963655975,-18.728460324124818
2013-12-13 23:00:00,17.5,85,0.0,18.4,6,-1.9233237241248218,-18.299202874776228
2013-12-14 00:00:00,17.2,86,0.0,18.2,8,-2.532950437473198,-18.02287885109658
2013-12-14 01:00:00,17.1,86,0.0,17.4,7,-2.120526575249561,-17.270303038559003
2013-12-14 02:00:00,16.9,87,0.0,17.1,8,-2.3798600264171257,-16.933583975480854
2013-12-14 03:00:00,18.2,79,0.0,16.6,5,-1.446785329611127,-16.536831988322977
2013-12-14 04:00:00,17.5,82,0.0,17.7,5,-1.542656646633551,-17.632646156223895
2013-12-14 05:00:00,17.1,84,0.0,17.4,6,-1.8187952608571683,-17.304680979407955
2013-12-14 06:00:00,17.2,84,0.0,17.1,7,-2.0839657722280167,-16.97253919306661
2013-12-14 07:00:00,16.4,88,0.0,17.1,7,-2.0839657722280167,-16.97253919306661
2013-12-14 08:00:00,17.8,88,0.0,20.4,9,-3.191263086820713,-20.148842148140808
2013-12-14 09:00:00,20.6,76,0.3,21.2,10,-3.681341366538923,-20.87792436385881
2013-12-14 10:00:00,21.9,70,0.2,21.1,14,-5.10455199715299,-20.473239824423526
2013-12-14 11:00:00,22.8,66,0.0,17.9,9,-2.8001769242201355,-17.679621296652964
2013-12-14 12:00:00,23.3,64,0.0,16.6,359,0.2897099468589078,-16.597471739596095
2013-12-14 13:00:00,23.4,64,0.0,18.9,352,2.630371608145237,-18.716066499215678
2013-12-14 14:00:00,23.3,66,0.0,21.3,355,1.8564173205251184,-21.21894706935418
2013-12-14 15:00:00,23.7,65,0.0,22.3,1,-0.389188663551422,-22.296603601987528
2013-12-14 16:00:00,22.8,70,0.0,20.9,4,-1.4579103012522245,-20.849088650430325
2013-12-14 17:00:00,21.8,75,0.0,18.0,1,-0.31414331587110295,-17.997258512815044
2013-12-14 18:00:00,20.8,81,0.0,19.2,5,-1.6733902607550384,-19.126938203361515
2013-12-14 19:00:00,20.1,85,0.0,17.6,15,-4.555215193804363,-17.000294542687605
2013-12-14 20:00:00,19.6,86,0.0,17.6,11,-3.3582383186271856,-17.276638428678886
2013-12-14 21:00:00,19.7,85,0.0,19.5,5,-1.699536983579336,-19.42579661278904
2013-12-14 22:00:00,19.3,87,0.0,17.4,7,-2.120526575249561,-17.270303038559003
2013-12-14 23:00:00,18.5,90,0.0,14.2,7,-1.7305446763530898,-14.094155353306773
2013-12-15 00:00:00,18.6,90,0.4,12.0,7,-1.462432120861766,-11.910553819695865
2013-12-15 01:00:00,18.8,90,0.7000000000000001,12.2,2,-0.42577385977050924,-12.192568089632967
2013-12-15 02:00:00,19.0,89,1.0,13.0,354,1.358870022479495,-12.928784639787553
2013-12-15 03:00:00,17.4,95,1.2,14.2,351,2.221369403571279,-14.025174436450955
2013-12-15 04:00:00,17.4,96,2.0,13.4,352,1.8649195528648772,-13.269592121137043
2013-12-15 05:00:00,17.5,96,2.5,13.7,360,8.388830574159369e-16,-13.7
2013-12-15 06:00:00,17.4,97,2.2,19.6,13,-4.409040665139759,-19.09765326979061
2013-12-15 07:00:00,17.6,97,1.8,19.7,15,-5.098735188519656,-19.028738777894645
2013-12-15 08:00:00,18.6,96,0.6,21.0,6,-2.1950977286207207,-20.884959802733743
2013-12-15 09:00:00,19.8,94,0.2,23.1,4,-1.611374543489301,-23.04372956100194
2013-12-15 10:00:00,20.6,91,0.6,22.3,3,-1.167091824217658,-22.269438625026996
2013-12-15 11:00:00,20.8,90,0.4,23.1,3,-1.2089605892120137,-23.068342252830657
2013-12-15 12:00:00,21.0,90,0.5,23.8,4,-1.6602040751101887,-23.742024396183815
2013-12-15 13:00:00,21.4,89,0.4,22.3,2,-0.778258776465767,-22.286415442525836
2013-12-15 14:00:00,21.3,90,0.5,21.6,2,-0.7538291287740165,-21.58684186361247
2013-12-15 15:00:00,22.0,81,0.0,21.6,4,-1.5067398328731125,-21.547383485612205
2013-12-15 16:00:00,21.6,83,0.0,20.2,5,-1.7605460035026965,-20.12313290145326
2013-12-15 17:00:00,20.9,86,0.1,17.4,7,-2.120526575249561,-17.270303038559003
2013-12-15 18:00:00,20.3,88,0.0,17.5,8,-2.435529266801152,-17.32969120297748
2013-12-15 19:00:00,19.7,92,0.0,13.8,20,-4.719877977894226,-12.967758166845536
2013-12-15 20:00:00,19.6,90,0.0,11.2,2,-0.3908743630680085,-11.193177262613872
2013-12-15 21:00:00,19.4,90,0.0,11.9,360,7.286648454926752e-16,-11.9
2013-12-15 22:00:00,18.6,92,0.0,13.3,2,-0.4641633061432601,-13.291897999353974
2013-12-15 23:00:00,18.7,91,0.0,14.8,1,-0.2582956152717958,-14.79774588831459
2013-12-16 00:00:00,19.0,89,0.0,15.5,5,-1.350914012588703,-15.441017820422056
2013-12-16 01:00:00,19.2,88,0.0,15.3,8,-2.129348444689007,-15.151101451746026
2013-12-16 02:00:00,18.9,89,0.0,14.2,7,-1.7305446763530898,-14.094155353306773
2013-12-16 03:00:00,18.1,91,0.1,12.6,5,-1.0981623586204938,-12.552053195955994
2013-12-16 04:00:00,18.8,90,0.0,11.2,6,-1.1707187885977175,-11.13864522812466
2013-12-16 05:00:00,18.8,88,0.0,10.4,360,6.368163355566237e-16,-10.4
2013-12-16 06:00:00,18.6,89,0.0,8.0,350,1.3891854213354433,-7.878462024097664
2013-12-16 07:00:00,18.6,89,0.0,6.2,350,1.0766187015349686,-6.10580806867569
2013-12-16 08:00:00,19.4,90,0.0,6.7,344,1.8467702839738944,-6.440453362786736
2013-12-16 09:00:00,21.3,86,0.0,6.6,9,-1.0324674692655247,-6.5187430479279085
2013-12-16 10:00:00,23.1,80,0.0,6.2,7,-0.7555899291119125,-6.153786140176197
2013-12-16 11:00:00,24.1,76,0.0,10.9,343,3.186851581477831,-10.423721839997087
2013-12-16 12:00:00,24.5,74,0.0,15.2,346,3.6772128131149486,-14.748495039395145
2013-12-16 13:00:00,24.8,72,0.0,15.9,354,1.66200256595569,-15.812898136355546
2013-12-16 14:00:00,24.4,74,0.0,16.6,360,1.0164568432923032e-15,-16.6
2013-12-16 15:00:00,23.3,79,0.5,16.6,359,0.2897099468589078,-16.597471739596095
2013-12-16 16:00:00,22.4,83,0.7000000000000001,18.0,1,-0.31414331587110295,-17.997258512815044
2013-12-16 17:00:00,21.2,89,0.6,20.2,359,0.3525386100331287,-20.196923442159104
2013-12-16 18:00:00,20.3,94,0.7000000000000001,24.2,4,-1.688106664607839,-24.141050016287746
2013-12-16 19:00:00,19.6,95,0.9,27.9,6,-2.9163441251675284,-27.74716088077483
2013-12-16 20:00:00,18.7,95,0.8,31.0,4,-2.162450686067893,-30.92448555805455
2013-12-16 21:00:00,18.0,94,0.6,35.4,5,-3.085313293267102,-35.26529231244779
2013-12-16 22:00:00,17.5,93,0.5,34.4,6,-3.5957791364072755,-34.211553200668604
2013-12-16 23:00:00,17.3,92,0.7000000000000001,31.1,6,-3.2508352076240197,-30.929630945953303
2013-12-17 00:00:00,17.0,91,0.9,27.9,6,-2.9163441251675284,-27.74716088077483
2013-12-17 01:00:00,16.9,92,1.0,25.1,7,-3.058920519469194,-24.912908406197186
2013-12-17 02:00:00,16.9,91,0.3,23.1,11,-4.407687793198181,-22.67558793764104
2013-12-17 03:00:00,16.8,87,1.1,21.5,9,-3.363340998364967,-21.23529932279546
2013-12-17 04:00:00,16.9,89,1.0,21.8,9,-3.410271337877037,-21.531605824974
2013-12-17 05:00:00,17.2,89,1.3,21.2,10,-3.681341366538923,-20.87792436385881
2013-12-17 06:00:00,17.4,88,1.1,22.1,16,-6.091585563555676,-21.24388348023685
2013-12-17 07:00:00,17.6,88,1.1,22.2,13,-4.993913406433808,-21.631015438232218
2013-12-17 08:00:00,18.2,88,1.0,20.0,8,-2.7834620192013166,-19.805361374831406
2013-12-17 09:00:00,18.7,88,1.2,21.5,9,-3.363340998364967,-21.23529932279546
2013-12-17 10:00:00,19.0,88,1.4,20.8,10,-3.611882095472151,-20.484001262653926
2013-12-17 11:00:00,19.2,89,1.0,22.1,7,-2.6933124892537528,-21.93526995127322
2013-12-17 12:00:00,18.8,92,1.2,25.3,5,-2.2050402915157536,-25.203725861721164
2013-12-17 13:00:00,18.2,94,1.5,26.4,6,-2.7595514302660487,-26.255378037722416
2013-12-17 14:00:00,18.0,93,2.3,26.3,3,-1.3764356491894354,-26.263956764045293
2013-12-17 15:00:00,18.6,92,1.1,28.4,360,1.7389984547892415e-15,-28.4
2013-12-17 16:00:00,17.4,94,1.2,30.6,358,1.0679245990965331,-30.581359306784332
2013-12-17 17:00:00,16.3,94,1.5,32.8,357,1.716619364768562,-32.75504873995002
2013-12-17 18:00:00,15.7,93,2.5,31.8,355,2.771552619375529,-31.67899139931751
2013-12-17 19:00:00,15.3,93,4.0,30.1,353,3.66826723649494,-29.875639164403793
2013-12-17 20:00:00,15.0,92,2.4,25.6,4,-1.7857657278496148,-25.537639686651502
2013-12-17 21:00:00,15.2,90,1.6,16.0,31,-8.240609198560872,-13.714676811233794
2013-12-17 22:00:00,15.0,89,1.8,9.1,72,-8.654614298285898,-2.8120546488120204
2013-12-17 23:00:00,14.8,88,1.5,10.9,107,-10.423721839997087,3.186851581477829
2013-12-18 00:00:00,14.9,86,1.4,12.3,122,-10.43099158272404,6.518006950068421
2013-12-18 01:00:00,14.7,87,1.6,11.1,126,-8.980088637561915,6.524416300446453
2013-12-18 02:00:00,15.1,86,0.9,6.2,83,-6.153786140176197,-0.7555899291119134
2013-12-18 03:00:00,15.4,90,3.0,14.8,6,-1.5470212563612697,-14.718924051450447
2013-12-18 04:00:00,15.5,89,1.2,23.8,3,-1.2455957585820745,-23.76738292715886
2013-12-18 05:00:00,15.0,91,0.2,27.8,3,-1.4549395835538517,-27.761901066177153
2013-12-18 06:00:00,14.4,90,0.0,29.9,2,-1.0434949514047727,-29.881785727870962
2013-12-18 07:00:00,14.1,89,0.0,31.8,5,-2.7715526193755324,-31.67899139931751
2013-12-18 08:00:00,14.4,86,0.0,33.3,6,-3.4807978268128568,-33.117579115763505
2013-12-18 09:00:00,15.3,82,0.0,32.9,6,-3.4389864415057954,-32.71977035761619
2013-12-18 10:00:00,16.5,76,0.0,34.0,6,-3.553967751100214,-33.8137444425213
2013-12-18 11:00:00,17.3,71,0.0,35.1,5,-3.059166570442805,-34.96643390302027
2013-12-18 12:00:00,17.5,69,0.0,34.7,4,-2.420549638921158,-34.6154725440159
2013-12-18 13:00:00,17.4,68,0.0,35.0,4,-2.4414765810443955,-34.91474175909385
2013-12-18 14:00:00,17.3,68,0.0,35.4,4,-2.4693791705420454,-35.31376737919778
2013-12-18 15:00:00,16.8,70,0.0,35.4,5,-3.085313293267102,-35.26529231244779
2013-12-18 16:00:00,16.0,71,0.0,32.8,4,-2.288012338807319,-32.72010084852223
2013-12-18 17:00:00,14.8,75,0.0,32.5,5,-2.832561639298893,-32.37632768798173
2013-12-18 18:00:00,14.0,78,0.0,30.0,6,-3.135853898029601,-29.835656861048204
2013-12-18 19:00:00,13.7,78,0.0,29.3,6,-3.0626839737422435,-29.13949153429041
2013-12-18 20:00:00,13.6,78,0.0,30.1,6,-3.1463067443563664,-29.93510905058503
2013-12-18 21:00:00,13.5,78,0.0,29.7,6,-3.1044953590493045,-29.53730029243772
2013-12-18 22:00:00,13.4,78,0.0,28.9,6,-3.020872588435182,-28.7416827761431
2013-12-18 23:00:00,13.3,79,0.0,28.2,6,-2.947702664147825,-28.045517449385308
2013-12-19 00:00:00,13.3,79,0.0,27.5,5,-2.396782925560602,-27.395354197523
2013-12-19 01:00:00,13.5,78,0.0,27.8,5,-2.4229296483848994,-27.694212606950526
2013-12-19 02:00:00,13.3,79,0.0,27.5,6,-2.8745327398604674,-27.34935212262752
2013-12-19 03:00:00,13.0,85,0.1,27.4,5,-2.388067351285836,-27.29573472771383
2013-12-19 04:00:00,13.2,84,0.0,27.8,4,-1.939229970086691,-27.732280597223113
2013-12-19 05:00:00,13.0,83,0.0,27.4,5,-2.388067351285836,-27.29573472771383
2013-12-19 06:00:00,12.8,83,0.0,26.3,2,-0.91785676327577,-26.28397875060222
2013-12-19 07:00:00,13.0,83,0.0,27.8,4,-1.939229970086691,-27.732280597223113
2013-12-19 08:00:00,13.8,80,0.0,28.2,6,-2.947702664147825,-28.045517449385308
2013-12-19 09:00:00,14.9,76,0.0,27.8,4,-1.939229970086691,-27.732280597223113
2013-12-19 10:00:00,15.4,75,0.0,29.6,3,-1.5491443047911515,-29.559434228735388
2013-12-19 11:00:00,15.9,73,0.0,30.3,3,-1.5857794741612126,-30.258474903063586
2013-12-19 12:00:00,16.3,72,0.0,30.0,4,-2.0926942123237673,-29.926921507794727
2013-12-19 13:00:00,16.4,71,0.0,30.7,5,-2.6756813023531083,-30.583177231416588
2013-12-19 14:00:00,16.3,70,0.0,29.7,6,-3.1044953590493045,-29.53730029243772
2013-12-19 15:00:00,15.2,78,0.1,28.3,7,-3.448902418365665,-28.089056091449415
2013-12-19 16:00:00,15.0,78,0.0,28.2,4,-1.9671325595843414,-28.13130621732704
2013-12-19 17:00:00,14.4,78,0.0,27.8,4,-1.939229970086691,-27.732280597223113
2013-12-19 18:00:00,14.0,79,0.0,26.7,5,-2.3270583313624753,-26.598398439049607
2013-12-19 19:00:00,14.0,78,0.0,26.7,5,-2.3270583313624753,-26.598398439049607
2013-12-19 20:00:00,14.0,77,0.0,27.4,4,-1.9113273805890407,-27.333254977119182
2013-12-19 21:00:00,14.2,76,0.0,26.3,3,-1.3764356491894354,-26.263956764045293
2013-12-19 22:00:00,14.0,76,0.0,25.9,2,-0.9038969645947696,-25.88422241979458
2013-12-19 23:00:00,14.1,75,0.0,25.6,3,-1.3398004798193743,-25.56491608971709
2013-12-20 00:00:00,14.1,75,0.0,24.9,4,-1.7369361962287269,-24.839344851469622
2013-12-20 01:00:00,14.0,74,0.0,23.8,4,-1.6602040751101887,-23.742024396183815
2013-12-20 02:00:00,13.9,74,0.0,23.1,4,-1.611374543489301,-23.04372956100194
2013-12-20 03:00:00,14.0,79,0.0,22.7,4,-1.5834719539916506,-22.644703940898008
2013-12-20 04:00:00,13.9,80,0.3,23.5,4,-1.639277132986951,-23.44275518110587
2013-12-20 05:00:00,13.9,81,0.1,23.1,4,-1.611374543489301,-23.04372956100194
2013-12-20 06:00:00,13.7,82,0.1,24.5,4,-1.7090336067310767,-24.44031923136569
2013-12-20 07:00:00,13.5,83,0.3,23.1,4,-1.611374543489301,-23.04372956100194
2013-12-20 08:00:00,14.2,83,0.0,21.3,4,-1.4858128907498749,-21.248114270534256
2013-12-20 09:00:00,15.2,80,0.0,20.6,5,-1.79540830060176,-20.521610780689958
2013-12-20 10:00:00,15.1,86,0.6,20.2,4,-1.4090807696313368,-20.15079381524845
2013-12-20 11:00:00,15.0,88,0.7000000000000001,19.8,3,-1.0362519336102973,-19.772864788140563
2013-12-20 12:00:00,14.7,90,0.8,20.9,1,-0.36475529453922506,-20.896816828768575
2013-12-20 13:00:00,14.8,90,0.7000000000000001,23.1,2,-0.8061783738277676,-23.085928104141114
2013-12-20 14:00:00,14.9,91,0.8,23.8,4,-1.6602040751101887,-23.742024396183815
2013-12-20 15:00:00,14.7,90,0.4,22.8,5,-1.987150934646608,-22.7132391164918
2013-12-20 16:00:00,14.4,89,0.2,21.7,6,-2.2682676529080776,-21.581125129491532
2013-12-20 17:00:00,14.3,88,0.0,21.4,7,-2.608003948870149,-21.24048764512429
2013-12-20 18:00:00,14.0,87,0.0,21.3,4,-1.4858128907498749,-21.248114270534256
2013-12-20 19:00:00,13.8,87,0.0,21.0,7,-2.5592562115080906,-20.843469184467764
2013-12-20 20:00:00,14.0,85,0.0,22.9,8,-3.187064011985507,-22.67713877418196
2013-12-20 21:00:00,14.1,84,0.0,24.3,12,-5.052254086871563,-23.768986697831476
2013-12-20 22:00:00,14.1,83,0.0,21.8,9,-3.410271337877037,-21.531605824974
2013-12-20 23:00:00,14.2,83,0.0,20.5,359,0.35777433196431374,-20.49687775070602
2013-12-21 00:00:00,14.3,82,0.0,21.7,354,2.26826765290808,-21.58112512949153
2013-12-21 01:00:00,14.2,81,0.1,22.7,359,0.39616962612633766,-22.69654268005008
2013-12-21 02:00:00,13.9,84,0.2,22.0,4,-1.5346424223707626,-21.946409105716132
2013-12-21 03:00:00,13.7,87,0.3,21.3,6,-2.2264562676010167,-21.183316371344223
2013-12-21 04:00:00,13.5,89,0.4,21.7,6,-2.2682676529080776,-21.581125129491532
2013-12-21 05:00:00,13.4,90,0.3,22.4,6,-2.341437577195435,-22.27729045624932
2013-12-21 06:00:00,13.3,90,0.3,22.8,5,-1.987150934646608,-22.7132391164918
2013-12-21 07:00:00,13.3,90,0.1,22.5,13,-5.061398722736969,-21.92332645766779
2013-12-21 08:00:00,13.5,90,0.1,21.3,12,-4.428519014418284,-20.83454389563006
2013-12-21 09:00:00,14.0,87,0.0,22.8,5,-1.987150934646608,-22.7132391164918
2013-12-21 10:00:00,15.1,83,0.0,24.5,3,-1.2822309279521356,-24.466423601487058
2013-12-21 11:00:00,15.6,80,0.0,26.0,3,-1.360734862316552,-25.96436790361892
2013-12-21 12:00:00,15.9,77,0.0,27.1,4,-1.8904004384658033,-27.033985762041237
2013-12-21 13:00:00,16.2,75,0.0,27.8,4,-1.939229970086691,-27.732280597223113
2013-12-21 14:00:00,16.5,73,0.0,28.5,4,-1.988059501707579,-28.43057543240499
2013-12-21 15:00:00,16.0,75,0.0,27.4,5,-2.388067351285836,-27.29573472771383
2013-12-21 16:00:00,15.3,77,0.0,25.7,5,-2.2399025886148167,-25.60220374095786
2013-12-21 17:00:00,14.7,78,0.0,24.6,5,-2.144031271592393,-24.506389573056943
2013-12-21 18:00:00,14.1,79,0.0,27.2,7,-3.314846140620003,-26.99725532464396
2013-12-21 19:00:00,13.7,80,0.0,27.0,9,-4.223730556086238,-26.667585196068718
2013-12-21 20:00:00,13.8,79,0.0,26.4,5,-2.3009116085381778,-26.29954002962208
2013-12-21 21:00:00,13.8,78,0.0,26.0,3,-1.360734862316552,-25.96436790361892
2013-12-21 22:00:00,13.5,78,0.0,25.6,3,-1.3398004798193743,-25.56491608971709
2013-12-21 23:00:00,13.4,79,0.0,25.6,3,-1.3398004798193743,-25.56491608971709
2013-12-22 00:00:00,13.4,78,0.0,26.0,4,-1.8136683173472652,-25.93666530675543
2013-12-22 01:00:00,13.3,78,0.0,25.7,5,-2.2399025886148167,-25.60220374095786
2013-12-22 02:00:00,13.3,78,0.0,24.2,5,-2.1091689744933295,-24.107911693820242
2013-12-22 03:00:00,13.3,76,0.0,23.5,4,-1.639277132986951,-23.44275518110587
2013-12-22 04:00:00,13.1,77,0.0,22.7,4,-1.5834719539916506,-22.644703940898008
2013-12-22 05:00:00,13.0,77,0.0,23.1,4,-1.611374543489301,-23.04372956100194
2013-12-22 06:00:00,12.8,78,0.0,23.1,4,-1.611374543489301,-23.04372956100194
2013-12-22 07:00:00,12.9,79,0.0,22.8,5,-1.987150934646608,-22.7132391164918
2013-12-22 08:00:00,13.7,79,0.0,23.1,4,-1.611374543489301,-23.04372956100194
2013-12-22 09:00:00,14.9,75,0.0,23.1,4,-1.611374543489301,-23.04372956100194
2013-12-22 10:00:00,16.0,72,0.0,22.7,3,-1.1880262067148357,-22.668890438928827
2013-12-22 11:00:00,16.7,70,0.0,22.7,3,-1.1880262067148357,-22.668890438928827
2013-12-22 12:00:00,16.6,70,0.0,23.0,1,-0.40140534805752043,-22.996496988597
2013-12-22 13:00:00,16.8,70,0.0,23.4,4,-1.6323014856125384,-23.342998776079884
2013-12-22 14:00:00,17.2,69,0.0,21.7,5,-1.891279617624184,-21.617424948590877
2013-12-22 15:00:00,17.1,71,0.0,21.6,3,-1.1304566548475972,-21.570397950698798
2013-12-22 16:00:00,16.6,73,0.0,22.0,3,-1.1513910373447747,-21.969849764600625
2013-12-22 17:00:00,15.8,75,0.0,20.9,4,-1.4579103012522245,-20.849088650430325
2013-12-22 18:00:00,15.4,76,0.0,19.8,2,-0.691010034709515,-19.787938374978097
2013-12-22 19:00:00,15.2,77,0.0,18.8,5,-1.638527963655975,-18.728460324124818
2013-12-22 20:00:00,15.0,78,0.0,17.7,4,-1.2346895852710227,-17.65688368959889
2013-12-22 21:00:00,14.9,79,0.0,18.4,3,-0.9629815948701752,-18.37478343948416
2013-12-22 22:00:00,14.4,82,0.0,17.3,4,-1.2067869957733726,-17.257858069494958
2013-12-22 23:00:00,13.9,85,0.0,16.6,2,-0.5793316452615127,-16.58988772851699
2013-12-23 00:00:00,13.8,86,0.0,16.2,1,-0.2827289842839927,-16.197532661533536
2013-12-23 01:00:00,13.7,88,0.0,16.9,2,-0.5898014942722628,-16.889704976622717
2013-12-23 02:00:00,13.9,88,0.0,17.0,5,-1.4816476267101901,-16.935309867559674
2013-12-23 03:00:00,14.2,86,0.0,18.2,8,-2.532950437473198,-18.02287885109658
2013-12-23 04:00:00,14.0,86,0.0,18.5,8,-2.5747023677612177,-18.31995927171905
2013-12-23 05:00:00,14.0,86,0.0,18.1,7,-2.205835115633164,-17.96508534470793
2013-12-23 06:00:00,14.1,86,0.0,17.7,6,-1.8501537998374644,-17.60303754801844
2013-12-23 07:00:00,14.1,87,0.0,17.7,5,-1.542656646633551,-17.632646156223895
2013-12-23 08:00:00,15.2,87,0.0,19.1,2,-0.6665803870177646,-19.08836479606473
2013-12-23 09:00:00,16.5,82,0.0,19.8,2,-0.691010034709515,-19.787938374978097
2013-12-23 10:00:00,17.5,78,0.0,20.2,2,-0.7049698333905153,-20.187694705785734
2013-12-23 11:00:00,18.0,76,0.0,21.2,360,1.2981256070961944e-15,-21.2
2013-12-23 12:00:00,18.8,74,0.0,22.7,1,-0.3961696261263354,-22.69654268005008
2013-12-23 13:00:00,19.7,71,0.0,23.8,2,-0.8306080215195182,-23.78550168305448
2013-12-23 14:00:00,19.7,71,0.0,25.3,4,-1.7648387857263772,-25.238370471573553
2013-12-23 15:00:00,19.1,74,0.0,26.4,6,-2.7595514302660487,-26.255378037722416
2013-12-23 16:00:00,18.4,77,0.0,24.2,4,-1.688106664607839,-24.141050016287746
2013-12-23 17:00:00,17.3,80,0.0,21.6,1,-0.3769719790453236,-21.596710215378053
2013-12-23 18:00:00,16.4,82,0.0,22.0,360,1.3471114790620886e-15,-22.0
2013-12-23 19:00:00,15.8,85,0.0,21.2,360,1.2981256070961944e-15,-21.2
2013-12-23 20:00:00,15.6,85,0.0,23.8,359,0.4153672732073497,-23.796375144722113
2013-12-23 21:00:00,15.7,84,0.0,25.3,6,-2.64457012067163,-25.161403952817317
2013-12-23 22:00:00,15.6,84,0.0,22.1,7,-2.6933124892537528,-21.93526995127322
2013-12-23 23:00:00,15.6,84,0.0,19.1,356,1.332348648512792,-19.053473359962645
2013-12-24 00:00:00,15.8,83,0.0,21.3,356,1.4858128907498676,-21.248114270534256
2013-12-24 01:00:00,15.7,83,0.0,23.5,5,-2.048159954569969,-23.41057540515602
2013-12-24 02:00:00,15.4,84,0.0,23.2,6,-2.425060347809558,-23.07290797254394
2013-12-24 03:00:00,15.0,84,0.0,23.8,3,-1.2455957585820745,-23.76738292715886
2013-12-24 04:00:00,14.8,84,0.0,24.9,5,-2.17017799441669,-24.805247982484463
2013-12-24 05:00:00,14.7,83,0.0,25.7,6,-2.6863815059786913,-25.559212710964626
2013-12-24 06:00:00,14.5,84,0.0,25.0,6,-2.613211581691334,-24.863047384206833
2013-12-24 07:00:00,14.5,84,0.2,24.6,6,-2.571400196384273,-24.465238626059527
2013-12-24 08:00:00,15.2,84,0.2,23.5,6,-2.4564188867898538,-23.371264541154424
2013-12-24 09:00:00,15.7,85,0.3,23.5,5,-2.048159954569969,-23.41057540515602
2013-12-24 10:00:00,16.4,82,0.2,24.2,3,-1.2665301410792522,-24.166834741060686
2013-12-24 11:00:00,16.7,81,0.1,24.9,2,-0.868997467892269,-24.884831592775484
2013-12-24 12:00:00,17.4,78,0.0,25.3,4,-1.7648387857263772,-25.238370471573553
2013-12-24 13:00:00,17.7,77,0.0,26.0,3,-1.360734862316552,-25.96436790361892
2013-12-24 14:00:00,17.8,77,0.1,27.1,4,-1.8904004384658033,-27.033985762041237
2013-12-24 15:00:00,18.4,75,0.0,27.8,3,-1.4549395835538517,-27.761901066177153
2013-12-24 16:00:00,17.8,77,0.0,26.3,360,1.6104105408787695e-15,-26.3
2013-12-24 17:00:00,17.1,77,0.0,26.3,1,-0.45899828930055603,-26.29599438261309
2013-12-24 18:00:00,16.3,78,0.0,27.0,359,0.47121497380665717,-26.995887769222563
2013-12-24 19:00:00,16.0,78,0.1,24.9,2,-0.868997467892269,-24.884831592775484
2013-12-24 20:00:00,15.6,83,0.3,22.3,2,-0.778258776465767,-22.286415442525836
2013-12-24 21:00:00,15.2,88,0.6,21.3,2,-0.7433592797632662,-21.28702461550674
2013-12-24 22:00:00,15.1,89,0.6,20.6,6,-2.1532863433136593,-20.487151044586433
2013-12-24 23:00:00,15.1,90,0.8,21.0,6,-2.1950977286207207,-20.884959802733743
2013-12-25 00:00:00,15.1,90,0.8,20.3,7,-2.4739476711244874,-20.148686878318838
2013-12-25 01:00:00,15.1,91,0.9,18.8,5,-1.638527963655975,-18.728460324124818
2013-12-25 02:00:00,15.1,91,0.6,18.8,4,-1.311421706389561,-18.754204144884696
2013-12-25 03:00:00,15.1,91,0.8,18.7,1,-0.3263600003772014,-18.697151899424515
2013-12-25 04:00:00,15.0,91,0.5,20.2,359,0.3525386100331287,-20.196923442159104
2013-12-25 05:00:00,14.9,91,0.4,22.3,2,-0.778258776465767,-22.286415442525836
2013-12-25 06:00:00,14.8,91,0.3,21.3,2,-0.7433592797632662,-21.28702461550674
2013-12-25 07:00:00,14.8,91,0.3,21.3,5,-1.8564173205251209,-21.21894706935418
2013-12-25 08:00:00,15.0,91,0.4,20.4,9,-3.191263086820713,-20.148842148140808
2013-12-25 09:00:00,15.4,90,0.4,18.4,11,-3.5108855149284204,-18.061940175437016
2013-12-25 10:00:00,16.3,89,0.4,15.6,8,-2.171100374977027,-15.448181872368496
2013-12-25 11:00:00,17.0,88,0.3,16.2,360,9.919639073093561e-16,-16.2
2013-12-25 12:00:00,17.5,85,0.1,19.5,356,1.3602512380104421,-19.452498980066572
2013-12-25 13:00:00,18.2,82,0.0,22.3,357,1.1670918242176505,-22.269438625026996
2013-12-25 14:00:00,18.2,82,0.0,24.5,1,-0.4275839577134457,-24.496268531331587
2013-12-25 15:00:00,17.3,87,0.2,25.6,2,-0.8934271155840195,-25.584405171688854
2013-12-25 16:00:00,17.0,87,0.0,25.3,4,-1.7648387857263772,-25.238370471573553
2013-12-25 17:00:00,16.7,86,0.0,23.4,3,-1.2246613760848968,-23.367931113257026
2013-12-25 18:00:00,16.4,86,0.0,23.8,1,-0.41536727320734723,-23.796375144722113
2013-12-25 19:00:00,16.2,86,0.0,22.4,4,-1.562545011868413,-22.34543472582006
2013-12-25 20:00:00,16.0,87,0.1,20.9,3,-1.0938214854775359,-20.871357276370592
2013-12-25 21:00:00,15.8,89,0.2,20.9,360,1.279755905108984e-15,-20.9
2013-12-25 22:00:00,15.4,90,0.4,20.2,1,-0.35253861003312664,-20.196923442159104
2013-12-25 23:00:00,15.2,91,0.4,18.7,360,1.1450447572027753e-15,-18.7
2013-12-26 00:00:00,15.3,92,0.7000000000000001,18.4,357,0.9629815948701689,-18.37478343948416
2013-12-26 01:00:00,15.4,92,0.8,19.2,355,1.6733902607550362,-19.126938203361515
2013-12-26 02:00:00,15.5,92,1.0,20.5,357,1.0728871029803513,-20.471905462468765
2013-12-26 03:00:00,15.5,91,0.8,22.0,360,1.3471114790620886e-15,-22.0
2013-12-26 04:00:00,15.3,92,0.5,23.1,3,-1.2089605892120137,-23.068342252830657
2013-12-26 05:00:00,15.2,93,0.3,23.9,5,-2.083022251669032,-23.809053284392718
2013-12-26 06:00:00,15.1,93,0.2,23.6,7,-2.8761165043614736,-23.4240891787352
2013-12-26 07:00:00,15.0,93,0.0,21.7,7,-2.6445647518916937,-21.538251490616688
2013-12-26 08:00:00,15.3,91,0.0,22.8,6,-2.383248962502497,-22.675099214396635
2013-12-26 09:00:00,16.1,88,0.0,24.6,6,-2.571400196384273,-24.465238626059527
2013-12-26 10:00:00,17.1,84,0.0,25.4,7,-3.095481322490738,-25.21067225168958
2013-12-26 11:00:00,17.8,80,0.0,26.0,4,-1.8136683173472652,-25.93666530675543
2013-12-26 12:00:00,18.3,78,0.0,28.1,359,0.4904126208876691,-28.095720233894596
2013-12-26 13:00:00,18.4,77,0.0,32.0,359,0.5584770059930751,-31.99512624500452
2013-12-26 14:00:00,18.1,76,0.0,35.3,1,-0.6160699472361074,-35.29462363902061
2013-12-26 15:00:00,16.5,78,0.2,37.1,1,-0.6474842788232178,-37.094349490302115
2013-12-26 16:00:00,15.0,79,0.1,36.4,359,0.635267594317123,-36.39445610369264
2013-12-26 17:00:00,13.8,79,0.1,36.7,1,-0.6405033162483044,-36.69441041223956
2013-12-26 18:00:00,12.9,78,0.1,31.3,1,-0.5462603214869735,-31.295232858395046
2013-12-26 19:00:00,12.7,76,0.0,28.4,360,1.7389984547892415e-15,-28.4
2013-12-26 20:00:00,12.5,75,0.0,28.1,1,-0.4904126208876663,-28.095720233894596
2013-12-26 21:00:00,12.2,74,0.0,27.8,3,-1.4549395835538517,-27.761901066177153
2013-12-26 22:00:00,12.2,72,0.0,29.6,3,-1.5491443047911515,-29.559434228735388
2013-12-26 23:00:00,12.3,70,0.0,31.4,5,-2.736690322276469,-31.28051352008081
2013-12-27 00:00:00,12.0,69,0.0,31.2,7,-3.802323514240592,-30.96743993120925
2013-12-27 01:00:00,12.0,68,0.0,30.8,7,-3.753575776878533,-30.57042147055272
2013-12-27 02:00:00,11.9,68,0.0,30.1,8,-4.189110338897982,-29.807068869121267
2013-12-27 03:00:00,11.8,70,0.0,29.3,6,-3.0626839737422435,-29.13949153429041
2013-12-27 04:00:00,11.4,71,0.0,30.0,5,-2.6146722824297477,-29.885840942752367
2013-12-27 05:00:00,11.3,70,0.0,30.7,4,-2.141523743944655,-30.625216342976604
2013-12-27 06:00:00,11.1,69,0.0,31.7,2,-1.1063140454692741,-31.680689216505336
2013-12-27 07:00:00,10.8,70,0.0,31.8,5,-2.7715526193755324,-31.67899139931751
2013-12-27 08:00:00,11.2,71,0.0,30.4,6,-3.177665283336662,-30.23346561919551
2013-12-27 09:00:00,12.3,67,0.0,32.9,6,-3.4389864415057954,-32.71977035761619
2013-12-27 10:00:00,13.1,64,0.0,34.4,5,-2.9981575505194438,-34.26909761435604
2013-12-27 11:00:00,13.1,64,0.0,35.8,5,-3.120175590366165,-35.663770191684485
2013-12-27 12:00:00,13.6,61,0.0,35.8,5,-3.120175590366165,-35.663770191684485
2013-12-27 13:00:00,13.7,61,0.0,35.5,6,-3.7107604460016943,-35.3055272855737
2013-12-27 14:00:00,13.6,61,0.0,35.1,5,-3.059166570442805,-34.96643390302027
2013-12-27 15:00:00,13.4,61,0.0,34.4,6,-3.5957791364072755,-34.211553200668604
2013-12-27 16:00:00,12.5,63,0.0,32.2,5,-2.806414916474596,-32.07746927855421
2013-12-27 17:00:00,11.3,65,0.0,31.1,5,-2.710543599452172,-30.98165511065329
2013-12-27 18:00:00,10.4,66,0.0,30.1,6,-3.1463067443563664,-29.93510905058503
2013-12-27 19:00:00,10.1,66,0.0,27.9,6,-2.9163441251675284,-27.74716088077483
2013-12-27 20:00:00,9.8,67,0.0,26.8,5,-2.3357739056372413,-26.69801790885878
2013-12-27 21:00:00,9.6,68,0.0,25.3,5,-2.2050402915157536,-25.203725861721164
2013-12-27 22:00:00,9.5,69,0.0,24.2,5,-2.1091689744933295,-24.107911693820242
2013-12-27 23:00:00,9.4,71,0.0,22.1,7,-2.6933124892537528,-21.93526995127322
2013-12-28 00:00:00,9.1,75,0.0,20.0,7,-2.4373868681029434,-19.850923032826444
2013-12-28 01:00:00,8.9,77,0.0,19.2,6,-2.0069464947389446,-19.094820391070847
2013-12-28 02:00:00,9.2,77,0.0,18.9,8,-2.6303716081452437,-18.716066499215675
2013-12-28 03:00:00,9.2,77,0.0,18.2,8,-2.532950437473198,-18.02287885109658
2013-12-28 04:00:00,9.2,78,0.0,17.5,9,-2.7376031382040433,-17.28454596041491
2013-12-28 05:00:00,9.1,78,0.0,17.5,8,-2.435529266801152,-17.32969120297748
2013-12-28 06:00:00,9.2,78,0.0,15.1,12,-3.1394665313481727,-14.770028771080463
2013-12-28 07:00:00,9.2,78,0.0,13.9,10,-2.4137096695703315,-13.688827766869691
2013-12-28 08:00:00,10.7,82,0.0,15.5,5,-1.350914012588703,-15.441017820422056
2013-12-28 09:00:00,14.2,67,0.0,17.4,6,-1.8187952608571683,-17.304680979407955
2013-12-28 10:00:00,15.3,65,0.0,17.7,5,-1.542656646633551,-17.632646156223895
2013-12-28 11:00:00,16.2,62,0.0,19.1,1,-0.33334096295211485,-19.097090977487074
2013-12-28 12:00:00,16.7,61,0.0,20.5,1,-0.3577743319643117,-20.49687775070602
2013-12-28 13:00:00,16.6,62,0.0,22.0,2,-0.7677889274550167,-21.986598194420107
2013-12-28 14:00:00,16.1,63,0.0,23.1,3,-1.2089605892120137,-23.068342252830657
2013-12-28 15:00:00,15.6,67,0.0,24.9,2,-0.868997467892269,-24.884831592775484
2013-12-28 16:00:00,14.8,69,0.0,23.8,3,-1.2455957585820745,-23.76738292715886
2013-12-28 17:00:00,14.0,71,0.0,20.2,3,-1.057186316107475,-20.17231660204239
2013-12-28 18:00:00,13.2,73,0.0,21.6,1,-0.3769719790453236,-21.596710215378053
2013-12-28 19:00:00,12.8,75,0.0,23.4,3,-1.2246613760848968,-23.367931113257026
2013-12-28 20:00:00,12.4,77,0.0,23.8,3,-1.2455957585820745,-23.76738292715886
2013-12-28 21:00:00,11.8,80,0.0,23.9,5,-2.083022251669032,-23.809053284392718
2013-12-28 22:00:00,11.5,81,0.0,23.8,4,-1.6602040751101887,-23.742024396183815
2013-12-28 23:00:00,11.5,82,0.0,23.8,4,-1.6602040751101887,-23.742024396183815
2013-12-29 00:00:00,11.5,82,0.0,22.4,5,-1.9522886375475446,-22.314761237255098
2013-12-29 01:00:00,11.3,83,0.0,22.4,5,-1.9522886375475446,-22.314761237255098
2013-12-29 02:00:00,11.4,82,0.0,22.1,6,-2.3100790382151395,-21.978933887638842
2013-12-29 03:00:00,11.3,83,0.2,21.7,7,-2.6445647518916937,-21.538251490616688
2013-12-29 04:00:00,11.4,83,0.0,21.1,8,-2.936552430257389,-20.894656250447134
2013-12-29 05:00:00,11.4,82,0.0,20.3,7,-2.4739476711244874,-20.148686878318838
2013-12-29 06:00:00,11.6,81,0.0,21.7,7,-2.6445647518916937,-21.538251490616688
2013-12-29 07:00:00,11.2,83,0.0,21.3,5,-1.8564173205251209,-21.21894706935418
2013-12-29 08:00:00,12.1,82,0.0,21.3,5,-1.8564173205251209,-21.21894706935418
2013-12-29 09:00:00,13.6,76,0.0,21.6,3,-1.1304566548475972,-21.570397950698798
2013-12-29 10:00:00,14.8,72,0.0,22.7,2,-0.7922185751467673,-22.686171773333474
2013-12-29 11:00:00,15.6,70,0.0,24.1,359,0.4206029951385347,-24.096329453269032
2013-12-29 12:00:00,15.7,69,0.0,25.2,2,-0.8794673169030192,-25.184648840881213
2013-12-29 13:00:00,15.6,69,0.0,24.5,3,-1.2822309279521356,-24.466423601487058
2013-12-29 14:00:00,15.2,70,0.0,23.8,3,-1.2455957585820745,-23.76738292715886
2013-12-29 15:00:00,14.7,73,0.0,22.4,4,-1.562545011868413,-22.34543472582006
2013-12-29 16:00:00,14.5,75,0.0,20.5,3,-1.0728871029803584,-20.471905462468765
2013-12-29 17:00:00,13.9,77,0.0,20.2,2,-0.7049698333905153,-20.187694705785734
2013-12-29 18:00:00,13.0,79,0.0,20.2,2,-0.7049698333905153,-20.187694705785734
2013-12-29 19:00:00,13.0,79,0.0,19.2,5,-1.6733902607550384,-19.126938203361515
2013-12-29 20:00:00,12.9,80,0.0,18.7,2,-0.6526205883367642,-18.68860846525709
2013-12-29 21:00:00,12.5,82,0.0,17.6,360,1.077689183249671e-15,-17.6
2013-12-29 22:00:00,11.9,85,0.0,16.2,359,0.2827289842839943,-16.197532661533536
2013-12-29 23:00:00,12.2,85,0.0,15.9,357,0.8321417042628091,-15.878209602597725
2013-12-30 00:00:00,12.1,86,0.0,15.1,359,0.26353133720298233,-15.097700196861508
2013-12-30 01:00:00,12.0,88,0.0,15.1,359,0.26353133720298233,-15.097700196861508
2013-12-30 02:00:00,12.0,88,0.0,16.2,360,9.919639073093561e-16,-16.2
2013-12-30 03:00:00,12.1,87,0.0,16.9,2,-0.5898014942722628,-16.889704976622717
2013-12-30 04:00:00,11.6,89,0.0,15.9,5,-1.3857763096877662,-15.839495699658755
2013-12-30 05:00:00,11.4,90,0.0,15.5,4,-1.0812253430339465,-15.462242779027275
2013-12-30 06:00:00,11.3,90,0.0,16.5,10,-2.8651949315043503,-16.249327924701433
2013-12-30 07:00:00,11.4,90,0.0,15.0,10,-2.6047226650039548,-14.772116295183121
2013-12-30 08:00:00,12.8,89,0.0,15.2,7,-1.8524140197582368,-15.086701504948095
2013-12-30 09:00:00,15.0,80,0.0,15.5,4,-1.0812253430339465,-15.462242779027275
2013-12-30 10:00:00,16.1,76,0.0,16.6,1,-0.2897099468589061,-16.597471739596095
2013-12-30 11:00:00,17.1,72,0.0,16.6,1,-0.2897099468589061,-16.597471739596095
2013-12-30 12:00:00,17.7,70,0.0,17.7,356,1.2346895852710165,-17.65688368959889
2013-12-30 13:00:00,17.9,70,0.0,19.1,357,0.9996167642402298,-19.07382411381236
2013-12-30 14:00:00,17.7,70,0.0,20.9,357,1.0938214854775288,-20.871357276370592
2013-12-30 15:00:00,16.7,76,0.0,22.3,358,0.7782587764657741,-22.286415442525836
2013-12-30 16:00:00,16.1,78,0.0,21.6,359,0.37697197904532576,-21.596710215378053
2013-12-30 17:00:00,15.1,81,0.0,19.1,360,1.1695376931857224e-15,-19.1
2013-12-30 18:00:00,14.2,85,0.0,17.3,2,-0.6037612929532632,-17.289461307430358
2013-12-30 19:00:00,13.8,87,0.0,15.1,3,-0.790272939268459,-15.079305974794064
2013-12-30 20:00:00,13.3,89,0.0,13.7,5,-1.194033675642918,-13.647867363856914
2013-12-30 21:00:00,12.7,91,0.0,13.0,2,-0.4536934571325099,-12.992080751248245
2013-12-30 22:00:00,12.5,91,0.0,11.6,7,-1.413684383499707,-11.513535359039336
2013-12-30 23:00:00,12.3,91,0.0,11.9,3,-0.6227978792910372,-11.88369146357943
2013-12-31 00:00:00,11.9,91,0.0,12.0,7,-1.462432120861766,-11.910553819695865
2013-12-31 01:00:00,11.7,92,0.0,13.0,6,-1.3588700224794936,-12.928784639787555
2013-12-31 02:00:00,11.1,93,0.0,13.4,8,-1.864919552864882,-13.269592121137041
2013-12-31 03:00:00,12.0,89,0.0,14.2,7,-1.7305446763530898,-14.094155353306773
2013-12-31 04:00:00,11.8,89,0.0,14.9,8,-2.0736792043049808,-14.754994224249398
2013-12-31 05:00:00,12.1,88,0.0,14.6,10,-2.535263393937183,-14.378193193978237
2013-12-31 06:00:00,12.3,88,0.0,14.8,14,-3.5804440548750835,-14.360376748884748
2013-12-31 07:00:00,12.0,88,0.0,14.3,12,-2.973137178693965,-13.987510690493421
2013-12-31 08:00:00,12.9,90,0.0,15.3,9,-2.393447315115535,-15.111631611105606
2013-12-31 09:00:00,16.4,82,0.0,15.2,5,-1.3247672897644054,-15.142159410994532
2013-12-31 10:00:00,17.6,77,0.0,14.8,3,-0.7745721523955758,-14.779717114367694
2013-12-31 11:00:00,18.6,73,0.0,14.1,356,0.9835662797921657,-14.06565310866352
2013-12-31 12:00:00,19.2,70,0.0,16.1,350,2.79573566043758,-15.855404823496551
2013-12-31 13:00:00,19.3,68,0.0,19.0,350,3.2993153756716778,-18.711347307231954
2013-12-31 14:00:00,19.0,68,0.0,20.6,354,2.1532863433136615,-20.48715104458643
2013-12-31 15:00:00,18.6,69,0.0,21.3,356,1.4858128907498676,-21.248114270534256
2013-12-31 16:00:00,17.6,71,0.0,20.5,357,1.0728871029803513,-20.471905462468765
2013-12-31 17:00:00,16.1,75,0.0,17.6,360,1.077689183249671e-15,-17.6
2013-12-31 18:00:00,14.7,80,0.0,16.2,1,-0.2827289842839927,-16.197532661533536
2013-12-31 19:00:00,13.7,84,0.0,15.5,1,-0.2705122997778942,-15.497639274924065
2013-12-31 20:00:00,12.7,89,0.0,15.1,1,-0.26353133720298083,-15.097700196861508
2013-12-31 21:00:00,12.2,88,0.0,13.8,6,-1.4424927930936164,-13.724402156082174
2013-12-31 22:00:00,12.5,86,0.0,12.3,5,-1.0720156357961965,-12.253194786528471
2013-12-31 23:00:00,12.9,84,0.0,11.2,2,-0.3908743630680085,-11.193177262613872
2014-01-01 00:00:00,12.8,84,0.0,11.5,358,0.4013442120787624,-11.492994510719601
2014-01-01 01:00:00,12.7,84,0.0,11.9,357,0.6227978792910333,-11.88369146357943
2014-01-01 02:00:00,12.5,84,0.0,12.6,360,7.715274834628325e-16,-12.6
2014-01-01 03:00:00,13.0,82,0.0,12.2,2,-0.42577385977050924,-12.192568089632967
2014-01-01 04:00:00,13.1,82,0.0,12.6,3,-0.6594330486610982,-12.58273213790763
2014-01-01 05:00:00,13.6,81,0.0,13.3,360,8.143901214329899e-16,-13.3
2014-01-01 06:00:00,13.5,80,0.0,12.6,360,7.715274834628325e-16,-12.6
2014-01-01 07:00:00,13.4,80,0.0,11.9,3,-0.6227978792910372,-11.88369146357943
2014-01-01 08:00:00,14.1,80,0.0,10.9,8,-1.5169868004647176,-10.793921949283115
2014-01-01 09:00:00,16.5,76,0.0,10.9,6,-1.1393602496174215,-10.840288659514181
2014-01-01 10:00:00,18.3,70,0.0,10.5,4,-0.7324429743133186,-10.474422527728153
2014-01-01 11:00:00,19.6,64,0.0,10.9,352,1.5169868004647136,-10.793921949283117
2014-01-01 12:00:00,20.3,61,0.0,13.6,348,2.8275989951215283,-13.302807369979755
2014-01-01 13:00:00,20.6,61,0.0,14.7,349,2.8048922320352103,-14.42991959668066
2014-01-01 14:00:00,20.4,61,0.0,15.4,349,2.9384585287987917,-15.117058625094026
2014-01-01 15:00:00,20.1,62,0.0,15.6,352,2.171100374977021,-15.448181872368497
2014-01-01 16:00:00,19.3,66,0.0,14.5,354,1.5156627173809751,-14.420567482839962
2014-01-01 17:00:00,17.8,73,0.0,11.9,358,0.41530401075976286,-11.89275084152724
2014-01-01 18:00:00,16.2,82,0.0,11.2,4,-0.7812725059342065,-11.17271736291003
2014-01-01 19:00:00,15.4,84,0.0,10.1,4,-0.7045403848156684,-10.075396907624224
2014-01-01 20:00:00,15.5,82,0.0,9.4,7,-1.1455718280083835,-9.329933825428428
2014-01-01 21:00:00,15.5,82,0.0,8.6,360,5.265981236333618e-16,-8.6
2014-01-01 22:00:00,15.2,83,0.0,6.8,357,0.35588450245201897,-6.790680836331102
2014-01-01 23:00:00,14.9,84,0.0,5.0,360,3.061616997868383e-16,-5.0
2014-01-02 00:00:00,14.6,84,0.0,3.8,17,-1.111012477946401,-3.633958072659534
2014-01-02 01:00:00,14.5,83,0.0,4.1,15,-1.0611580849203346,-3.96029588778518
2014-01-02 02:00:00,14.1,82,0.0,4.6,18,-1.4214781741247586,-4.3748599749577055
2014-01-02 03:00:00,14.8,77,0.0,4.9,17,-1.4326213531414118,-4.685893304218873
2014-01-02 04:00:00,14.7,76,0.0,5.4,20,-1.8469087739586103,-5.074340152243906
2014-01-02 05:00:00,14.4,75,0.0,6.5,19,-2.116193003971518,-6.1458707413955596
2014-01-02 06:00:00,13.8,76,0.0,6.3,13,-1.417191642366351,-6.1385314081469815
2014-01-02 07:00:00,13.5,75,0.0,6.5,19,-2.116193003971518,-6.1458707413955596
2014-01-02 08:00:00,15.0,74,0.0,6.3,31,-3.2447398719333433,-5.400153994423306
2014-01-02 09:00:00,17.7,68,0.0,5.5,11,-1.0494494745709955,-5.3989495089621515
2014-01-02 10:00:00,19.5,59,0.0,8.0,350,1.3891854213354433,-7.878462024097664
2014-01-02 11:00:00,20.6,57,0.0,10.7,346,2.588564282916444,-10.382164271153162
2014-01-02 12:00:00,21.3,58,0.0,11.6,353,1.4136843834997108,-11.513535359039334
2014-01-02 13:00:00,21.6,58,0.0,11.3,353,1.3771235804781667,-11.215771513546938
2014-01-02 14:00:00,21.6,60,0.0,10.4,346,2.515987714236544,-10.091075553270363
2014-01-02 15:00:00,21.9,60,0.0,9.6,340,3.2833933759264204,-9.02104915954472
2014-01-02 16:00:00,20.9,67,0.0,9.3,344,2.5634274090980926,-8.939733772226367
2014-01-02 17:00:00,19.3,74,0.0,9.3,347,2.092044805397944,-9.06164160250269
2014-01-02 18:00:00,17.3,83,0.0,10.1,4,-0.7045403848156684,-10.075396907624224
2014-01-02 19:00:00,16.1,87,0.0,9.2,21,-3.296985135816766,-8.588939923774255
2014-01-02 20:00:00,15.8,85,0.0,7.9,16,-2.1775351109542913,-7.593967397912721
2014-01-02 21:00:00,14.5,88,0.0,9.1,9,-1.4235536318661024,-8.987963899415753
2014-01-02 22:00:00,13.8,89,0.0,9.3,13,-2.092044805397947,-9.061641602502688
2014-01-02 23:00:00,13.6,88,0.0,9.4,23,-3.672872607799174,-8.652745622452938
2014-01-03 00:00:00,13.1,88,0.0,9.5,37,-5.717242719944458,-7.587037345449282
2014-01-03 01:00:00,12.9,87,0.0,9.2,42,-6.1560015785014945,-6.8369323943920275
2014-01-03 02:00:00,12.9,86,0.0,8.7,30,-4.350000000000003,-7.534421012924613
2014-01-03 03:00:00,13.1,85,0.0,8.4,20,-2.872969203935616,-7.8934180146016315
2014-01-03 04:00:00,13.0,84,0.0,8.9,27,-4.040515447681968,-7.929958065276474
2014-01-03 05:00:00,13.0,83,0.0,8.7,24,-3.5386087947594604,-7.947845481490628
2014-01-03 06:00:00,13.6,82,0.0,10.7,14,-2.5885642829164452,-10.382164271153162
2014-01-03 07:00:00,13.9,82,0.1,10.6,24,-4.311408416603481,-9.68358185101157
2014-01-03 08:00:00,15.8,82,0.2,10.8,37,-6.4996022500421216,-8.625263508510763
2014-01-03 09:00:00,18.4,79,0.2,8.7,38,-5.356254835333225,-6.8556935563784815
2014-01-03 10:00:00,19.5,79,0.3,9.8,6,-1.024378940023003,-9.74631457460908
2014-01-03 11:00:00,20.0,82,0.4,12.3,357,0.6437322617882109,-12.283143277481258
2014-01-03 12:00:00,20.2,83,0.4,12.3,357,0.6437322617882109,-12.283143277481258
2014-01-03 13:00:00,20.7,82,0.3,11.9,358,0.41530401075976286,-11.89275084152724
2014-01-03 14:00:00,20.7,81,0.2,10.4,360,6.368163355566237e-16,-10.4
2014-01-03 15:00:00,21.8,79,0.0,10.9,354,1.1393602496174227,-10.84028865951418
2014-01-03 16:00:00,21.2,81,0.0,11.6,353,1.4136843834997108,-11.513535359039334
2014-01-03 17:00:00,19.8,85,0.0,11.9,355,1.0371533386971319,-11.854716907291772
2014-01-03 18:00:00,18.1,90,0.0,11.9,3,-0.6227978792910372,-11.88369146357943
2014-01-03 19:00:00,17.0,91,0.0,12.4,10,-2.1532374030699364,-12.21161613735138
2014-01-03 20:00:00,16.2,92,0.0,11.0,19,-3.581249699028723,-10.400704331592486
2014-01-03 21:00:00,16.3,89,0.0,11.5,20,-3.9332316482451883,-10.806465139037947
2014-01-03 22:00:00,17.5,83,0.2,8.9,21,-3.1894747509531767,-8.308865795825096
2014-01-03 23:00:00,17.3,83,0.2,7.4,14,-1.7902220274375418,-7.180188374442374
2014-01-04 00:00:00,17.4,82,0.0,11.2,360,6.858022075225178e-16,-11.2
2014-01-04 01:00:00,15.8,86,0.0,13.0,2,-0.4536934571325099,-12.992080751248245
2014-01-04 02:00:00,14.5,90,0.0,14.5,6,-1.5156627173809738,-14.420567482839964
2014-01-04 03:00:00,14.1,89,0.0,13.8,7,-1.681796938991031,-13.697136892650246
2014-01-04 04:00:00,14.7,86,0.0,13.8,7,-1.681796938991031,-13.697136892650246
2014-01-04 05:00:00,15.9,81,0.0,13.8,6,-1.4424927930936164,-13.724402156082174
2014-01-04 06:00:00,14.8,83,0.0,14.4,3,-0.753637769898398,-14.380265300465863
2014-01-04 07:00:00,14.0,84,0.0,14.5,7,-1.767105479374634,-14.39191919879917
2014-01-04 08:00:00,15.0,86,0.0,16.3,6,-1.70381395126275,-16.210706894502856
2014-01-04 09:00:00,18.0,80,0.0,18.8,3,-0.983915977367353,-18.77423525338599
2014-01-04 10:00:00,19.1,76,0.0,20.9,3,-1.0938214854775359,-20.871357276370592
2014-01-04 11:00:00,20.0,71,0.0,22.3,3,-1.167091824217658,-22.269438625026996
2014-01-04 12:00:00,20.5,67,0.0,23.1,3,-1.2089605892120137,-23.068342252830657
2014-01-04 13:00:00,20.5,65,0.0,24.1,2,-0.8410778705302684,-24.08531893116021
2014-01-04 14:00:00,20.1,64,0.0,25.6,2,-0.8934271155840195,-25.584405171688854
2014-01-04 15:00:00,19.3,63,0.0,25.6,4,-1.7857657278496148,-25.537639686651502
2014-01-04 16:00:00,18.2,66,0.0,23.9,6,-2.498230272096915,-23.769073299301734
2014-01-04 17:00:00,16.7,70,0.0,20.7,8,-2.8808831898733627,-20.498549022950503
2014-01-04 18:00:00,15.2,75,0.0,19.7,8,-2.7417100889132966,-19.50828095420893
2014-01-04 19:00:00,14.1,80,0.0,19.6,13,-4.409040665139759,-19.09765326979061
2014-01-04 20:00:00,13.1,83,0.0,18.9,14,-4.5723238268337205,-18.33858922661633
2014-01-04 21:00:00,12.0,88,0.0,16.9,16,-4.658271313307281,-16.24532266135759
2014-01-04 22:00:00,11.6,86,0.0,14.9,15,-3.8564037720275572,-14.392294811707119
2014-01-04 23:00:00,12.2,82,0.0,14.8,14,-3.5804440548750835,-14.360376748884748
2014-01-05 00:00:00,11.9,82,0.0,15.0,11,-2.8621349306481694,-14.72440775171496
2014-01-05 01:00:00,11.3,83,0.0,16.2,12,-3.3681693912477084,-15.845991131887649
2014-01-05 02:00:00,10.9,83,0.0,16.9,12,-3.51370757482014,-16.530694452401313
2014-01-05 03:00:00,11.5,79,0.0,16.9,12,-3.51370757482014,-16.530694452401313
2014-01-05 04:00:00,11.2,79,0.0,17.7,12,-3.6800369274743483,-17.31321253298836
2014-01-05 05:00:00,10.8,79,0.0,17.8,14,-4.3062097416740865,-17.271263927712738
2014-01-05 06:00:00,10.7,78,0.0,18.6,15,-4.814034238906884,-17.96622036897667
2014-01-05 07:00:00,10.7,77,0.0,17.2,16,-4.74096252005238,-16.533701170139086
2014-01-05 08:00:00,12.7,75,0.0,18.4,12,-3.82557511104678,-17.997915853502022
2014-01-05 09:00:00,16.1,67,0.0,18.5,8,-2.5747023677612177,-18.31995927171905
2014-01-05 10:00:00,17.5,62,0.0,18.4,6,-1.9233237241248218,-18.299202874776228
2014-01-05 11:00:00,18.5,59,0.0,17.7,2,-0.6177210916342635,-17.689217638237995
2014-01-05 12:00:00,19.0,58,0.0,18.7,358,0.6526205883367702,-18.68860846525709
2014-01-05 13:00:00,19.2,58,0.0,19.5,358,0.6805401856987711,-19.488121126872368
2014-01-05 14:00:00,19.1,59,0.0,20.9,1,-0.36475529453922506,-20.896816828768575
2014-01-05 15:00:00,18.9,58,0.0,21.3,4,-1.4858128907498749,-21.248114270534256
2014-01-05 16:00:00,17.9,61,0.0,20.2,5,-1.7605460035026965,-20.12313290145326
2014-01-05 17:00:00,16.4,67,0.0,17.0,6,-1.776983875550107,-16.90687222126065
2014-01-05 18:00:00,15.0,73,0.0,16.5,11,-3.148348423712986,-16.196848526886455
2014-01-05 19:00:00,13.5,82,0.0,15.0,17,-4.385575570841056,-14.34457133944553
2014-01-05 20:00:00,13.2,80,0.0,14.8,13,-3.3292756042892058,-14.420676958821481
2014-01-05 21:00:00,13.4,79,0.0,13.5,9,-2.111865278043119,-13.333792598034359
2014-01-05 22:00:00,13.5,79,0.0,13.9,10,-2.4137096695703315,-13.688827766869691
2014-01-05 23:00:00,14.0,77,0.0,13.9,10,-2.4137096695703315,-13.688827766869691
2014-01-06 00:00:00,13.9,78,0.0,12.3,7,-1.4989929238833102,-12.208317665188263
2014-01-06 01:00:00,13.9,78,0.0,13.8,6,-1.4424927930936164,-13.724402156082174
2014-01-06 02:00:00,13.5,80,0.0,14.8,13,-3.3292756042892058,-14.420676958821481
2014-01-06 03:00:00,12.7,79,0.0,14.5,14,-3.507867486195183,-14.06928803100195
2014-01-06 04:00:00,12.4,78,0.0,15.2,22,-5.694020219921867,-14.093194589415166
2014-01-06 05:00:00,12.9,75,0.0,14.0,26,-6.137196055047088,-12.583116648188335
2014-01-06 06:00:00,12.7,74,0.0,14.5,27,-6.5828622462234305,-12.919594600731333
2014-01-06 07:00:00,12.2,75,0.0,13.1,37,-7.883776803291832,-10.462125181619536
2014-01-06 08:00:00,13.4,79,0.0,9.4,40,-6.042203531053471,-7.2008177653183925
2014-01-06 09:00:00,16.8,72,0.0,6.9,39,-4.342310698243882,-5.362307134053097
2014-01-06 10:00:00,18.6,64,0.0,6.9,6,-0.7212463965468082,-6.862201078041087
2014-01-06 11:00:00,19.5,61,0.0,10.3,348,2.1414904154229224,-10.074920287558198
2014-01-06 12:00:00,19.8,60,0.0,14.3,348,2.9731371786939604,-13.987510690493421
2014-01-06 13:00:00,20.0,59,0.0,15.9,355,1.3857763096877644,-15.839495699658755
2014-01-06 14:00:00,19.9,59,0.0,15.5,360,9.491012693391988e-16,-15.5
2014-01-06 15:00:00,20.3,58,0.0,17.3,359,0.30192663136500625,-17.29736512620557
2014-01-06 16:00:00,19.5,62,0.0,17.3,360,1.0593194812624606e-15,-17.3
2014-01-06 17:00:00,18.0,68,0.0,14.1,357,0.7379369830255099,-14.080676440039491
2014-01-06 18:00:00,16.3,77,0.0,14.4,1,-0.25131465269688236,-14.397806810252035
2014-01-06 19:00:00,15.4,82,0.0,12.8,11,-2.442355140819771,-12.5648279481301
2014-01-06 20:00:00,15.6,79,0.0,12.8,16,-3.5281581544575857,-12.304149708010485
2014-01-06 21:00:00,15.4,79,0.0,12.1,17,-3.537697627145119,-11.571287547152727
2014-01-06 22:00:00,15.2,79,0.0,12.0,21,-4.3004153945436085,-11.20296511796642
2014-01-06 23:00:00,15.1,79,0.0,11.1,29,-5.381386784734339,-9.708278749247295
2014-01-07 00:00:00,15.0,79,0.0,8.4,40,-5.3994159213669315,-6.434773322199415
2014-01-07 01:00:00,14.7,79,0.0,6.1,40,-3.9210044190878905,-4.672871103025765
2014-01-07 02:00:00,14.4,79,0.0,4.1,52,-3.23084408978756,-2.5242120488351985
2014-01-07 03:00:00,12.8,81,0.0,2.4,63,-2.138415658052083,-1.089577199374912
2014-01-07 04:00:00,14.0,76,0.0,2.3,51,-1.7874357113510326,-1.4474368994146265
2014-01-07 05:00:00,14.3,74,0.0,2.6,56,-2.1554976886431088,-1.4539015490239415
2014-01-07 06:00:00,13.0,78,0.0,3.9,56,-3.233246532964663,-2.180852323535912
2014-01-07 07:00:00,13.0,77,0.0,3.7,79,-3.632020578756357,-0.7059932828932155
2014-01-07 08:00:00,14.6,77,0.0,2.9,83,-2.878383839759834,-0.3534210958749272
2014-01-07 09:00:00,18.0,70,0.0,1.5,76,-1.4554435894139948,-0.3628828433995013
2014-01-07 10:00:00,19.7,65,0.0,2.3,342,0.7107390870623791,-2.1874299874788528
2014-01-07 11:00:00,20.6,63,0.0,4.8,333,2.1791543987498248,-4.276831316104166
2014-01-07 12:00:00,21.1,61,0.0,6.1,332,2.863776532993934,-5.385980316439453
2014-01-07 13:00:00,21.4,61,0.0,6.6,331,3.199743493625825,-5.772490067120011
2014-01-07 14:00:00,21.4,61,0.0,6.3,329,3.244739871933341,-5.400153994423308
2014-01-07 15:00:00,21.4,62,0.0,7.1,330,3.5500000000000007,-6.148780366869514
2014-01-07 16:00:00,20.8,64,0.0,8.0,333,3.6319239979163744,-7.128052193506942
2014-01-07 17:00:00,19.5,70,0.0,8.0,342,2.4721359549995796,-7.608452130361228
2014-01-07 18:00:00,17.5,81,0.0,9.7,2,-0.33852511801425733,-9.694091022085228
2014-01-07 19:00:00,16.1,88,0.0,9.0,23,-3.5165801564034647,-8.284543681071963
2014-01-07 20:00:00,14.9,90,0.0,9.0,29,-4.3632865822170315,-7.871577364254564
2014-01-07 21:00:00,14.8,88,0.0,8.3,34,-4.6413010988071965,-6.881011852206848
2014-01-07 22:00:00,15.0,85,0.0,6.4,43,-4.364789504399991,-4.6806636903626915
2014-01-07 23:00:00,14.7,84,0.0,4.1,45,-2.8991378028648453,-2.8991378028648445
2014-01-08 00:00:00,14.2,84,0.0,3.6,45,-2.545584412271572,-2.545584412271571
2014-01-08 01:00:00,14.0,84,0.0,3.4,58,-2.8833635269318485,-1.8017254983928963
2014-01-08 02:00:00,13.8,83,0.0,3.4,72,-3.2335921554035223,-1.0506577808748208
2014-01-08 03:00:00,11.0,93,0.0,4.5,76,-4.366330768241984,-1.0886485301985038
2014-01-08 04:00:00,10.6,93,0.0,4.7,81,-4.6421352007971475,-0.7352419856890845
2014-01-08 05:00:00,10.3,94,0.0,5.4,90,-5.4,6.613092715395707e-16
2014-01-08 06:00:00,10.3,94,0.0,4.7,86,-4.688551036221174,-0.3278554265973888
2014-01-08 07:00:00,10.0,95,0.0,4.4,81,-4.3458286986186065,-0.6883116461770152
2014-01-08 08:00:00,12.9,93,0.0,6.2,69,-5.788198644282651,-2.221881287180863
2014-01-08 09:00:00,18.2,77,0.0,5.8,60,-5.0229473419497435,-2.9000000000000004
2014-01-08 10:00:00,21.0,65,0.0,4.8,42,-3.211826910522519,-3.567095162291493
2014-01-08 11:00:00,22.0,58,0.0,7.3,349,1.3929056662487778,-7.165878439167947
2014-01-08 12:00:00,21.3,62,0.0,15.3,341,4.981192763194499,-14.466434206669547
2014-01-08 13:00:00,21.2,65,0.0,15.2,353,1.8524140197582417,-15.086701504948094
2014-01-08 14:00:00,21.2,67,0.0,14.8,6,-1.5470212563612697,-14.718924051450447
2014-01-08 15:00:00,20.5,71,0.0,16.6,4,-1.1579574641524848,-16.55956323431308
2014-01-08 16:00:00,19.8,75,0.0,19.1,360,1.1695376931857224e-15,-19.1
2014-01-08 17:00:00,18.3,81,0.0,20.2,2,-0.7049698333905153,-20.187694705785734
2014-01-08 18:00:00,16.7,88,0.0,19.9,5,-1.734399280678399,-19.824274492025737
2014-01-08 19:00:00,16.0,91,0.0,21.1,8,-2.936552430257389,-20.894656250447134
2014-01-08 20:00:00,15.5,91,0.0,22.8,5,-1.987150934646608,-22.7132391164918
2014-01-08 21:00:00,15.0,89,0.0,25.4,7,-3.095481322490738,-25.21067225168958
2014-01-08 22:00:00,14.5,88,0.0,25.8,7,-3.144229059852797,-25.60769071234611
2014-01-08 23:00:00,14.1,87,0.0,25.0,7,-3.0467335851286794,-24.81365379103305
2014-01-09 00:00:00,13.7,86,0.0,24.3,7,-2.9614250447450763,-24.118871484884128
2014-01-09 01:00:00,13.4,85,0.0,23.9,6,-2.498230272096915,-23.769073299301734
2014-01-09 02:00:00,12.9,85,0.0,24.6,6,-2.571400196384273,-24.465238626059527
2014-01-09 03:00:00,12.7,84,0.0,25.3,5,-2.2050402915157536,-25.203725861721164
2014-01-09 04:00:00,12.4,84,0.0,26.0,4,-1.8136683173472652,-25.93666530675543
2014-01-09 05:00:00,12.6,81,0.0,27.1,5,-2.361920628461539,-26.996876318286304
2014-01-09 06:00:00,12.9,78,0.0,27.3,8,-3.799425656209797,-27.034318276644868
2014-01-09 07:00:00,12.9,78,0.0,26.2,9,-4.098582984054053,-25.877434523592605
2014-01-09 08:00:00,13.9,77,0.0,26.8,7,-3.2660984032579443,-26.600236863987433
2014-01-09 09:00:00,15.1,74,0.0,26.4,6,-2.7595514302660487,-26.255378037722416
2014-01-09 10:00:00,16.0,71,0.0,27.1,5,-2.361920628461539,-26.996876318286304
2014-01-09 11:00:00,17.2,68,0.0,27.1,4,-1.8904004384658033,-27.033985762041237
2014-01-09 12:00:00,17.7,66,0.0,26.7,4,-1.862497848968153,-26.634960141937306
2014-01-09 13:00:00,17.6,65,0.0,28.8,3,-1.507275539796796,-28.760530600931727
2014-01-09 14:00:00,17.1,66,0.0,29.7,6,-3.1044953590493045,-29.53730029243772
2014-01-09 15:00:00,16.5,68,0.0,29.3,6,-3.0626839737422435,-29.13949153429041
2014-01-09 16:00:00,15.9,69,0.0,28.2,5,-2.4577919454839625,-28.092690486187223
2014-01-09 17:00:00,15.0,71,0.0,26.7,5,-2.3270583313624753,-26.598398439049607
2014-01-09 18:00:00,14.3,73,0.0,27.1,5,-2.361920628461539,-26.996876318286304
2014-01-09 19:00:00,14.0,73,0.0,25.7,5,-2.2399025886148167,-25.60220374095786
2014-01-09 20:00:00,13.9,74,0.0,24.9,3,-1.303165310449313,-24.86587541538889
2014-01-09 21:00:00,13.5,75,0.0,23.4,4,-1.6323014856125384,-23.342998776079884
2014-01-09 22:00:00,13.4,76,0.0,22.3,3,-1.167091824217658,-22.269438625026996
2014-01-09 23:00:00,13.0,81,0.0,20.6,5,-1.79540830060176,-20.521610780689958
2014-01-10 00:00:00,12.9,80,0.0,18.8,5,-1.638527963655975,-18.728460324124818
2014-01-10 01:00:00,12.4,81,0.0,17.7,4,-1.2346895852710227,-17.65688368959889
2014-01-10 02:00:00,12.1,82,0.0,17.4,6,-1.8187952608571683,-17.304680979407955
2014-01-10 03:00:00,12.3,82,0.0,16.3,5,-1.4206386067868295,-16.237973578895453
2014-01-10 04:00:00,12.4,83,0.0,17.0,6,-1.776983875550107,-16.90687222126065
2014-01-10 05:00:00,12.4,83,0.0,17.5,8,-2.435529266801152,-17.32969120297748
2014-01-10 06:00:00,12.3,84,0.0,17.2,11,-3.2819147204765673,-16.883987555299818
2014-01-10 07:00:00,12.8,82,0.0,15.7,16,-4.327506486326882,-15.091808626231607
2014-01-10 08:00:00,14.2,79,0.0,16.2,12,-3.3681693912477084,-15.845991131887649
2014-01-10 09:00:00,16.5,72,0.0,16.7,7,-2.0352180348659576,-16.575520732410077
2014-01-10 10:00:00,18.1,67,0.0,17.4,6,-1.8187952608571683,-17.304680979407955
2014-01-10 11:00:00,19.4,63,0.0,18.1,5,-1.5775189437326145,-18.031124035460596
2014-01-10 12:00:00,20.1,62,0.0,19.5,4,-1.3602512380104488,-19.452498980066572
2014-01-10 13:00:00,20.5,61,0.0,20.2,5,-1.7605460035026965,-20.12313290145326
2014-01-10 14:00:00,20.5,61,0.0,21.0,5,-1.8302705977008231,-20.920088659926655
2014-01-10 15:00:00,20.0,62,0.0,21.3,4,-1.4858128907498749,-21.248114270534256
2014-01-10 16:00:00,19.3,64,0.0,20.9,2,-0.7293994810822658,-20.8872682846991
2014-01-10 17:00:00,18.0,68,0.0,18.0,360,1.102182119232618e-15,-18.0
2014-01-10 18:00:00,16.5,74,0.0,16.6,1,-0.2897099468589061,-16.597471739596095
2014-01-10 19:00:00,15.3,81,0.0,13.8,6,-1.4424927930936164,-13.724402156082174
2014-01-10 20:00:00,14.6,84,0.0,12.0,353,1.4624321208617699,-11.910553819695863
2014-01-10 21:00:00,14.7,82,0.0,11.4,347,2.5644420195200603,-11.107818738551682
2014-01-10 22:00:00,15.1,80,0.0,11.2,345,2.8987733051482323,-10.818369254437565
2014-01-10 23:00:00,15.1,81,0.0,11.3,351,1.7677094549546095,-11.160878248725057
2014-01-11 00:00:00,15.0,81,0.0,10.8,356,0.7533699164365526,-10.773691742806102
2014-01-11 01:00:00,14.9,82,0.0,9.0,360,5.51091059616309e-16,-9.0
2014-01-11 02:00:00,14.8,82,0.0,6.9,9,-1.0793978087775942,-6.81504955010645
2014-01-11 03:00:00,15.6,80,0.1,5.2,25,-2.197614961051636,-4.71280049259058
2014-01-11 04:00:00,15.6,80,0.0,3.9,56,-3.233246532964663,-2.180852323535912
2014-01-11 05:00:00,15.4,80,0.1,3.0,76,-2.9108871788279895,-0.7257656867990026
2014-01-11 06:00:00,15.3,79,0.0,5.8,22,-2.1727182418122912,-5.377666356487366
2014-01-11 07:00:00,14.9,79,0.0,7.9,39,-4.971631089293719,-6.139453095510068
2014-01-11 08:00:00,15.4,83,0.0,6.9,43,-4.705788684431241,-5.046340541172277
2014-01-11 09:00:00,17.6,79,0.0,5.4,37,-3.2498011250210608,-4.312631754255381
2014-01-11 10:00:00,19.1,74,0.0,4.8,27,-2.179154398749825,-4.276831316104166
2014-01-11 11:00:00,20.1,70,0.0,4.7,360,2.8779199779962803e-16,-4.7
2014-01-11 12:00:00,20.9,67,0.0,7.3,340,2.4967470462773824,-6.8597561317371305
2014-01-11 13:00:00,21.4,63,0.0,9.7,338,3.633683956134346,-8.993683389297837
2014-01-11 14:00:00,21.4,64,0.0,11.8,340,4.035837691242892,-11.088372925273719
2014-01-11 15:00:00,21.3,67,0.0,12.9,342,3.986319227436822,-12.26862906020748
2014-01-11 16:00:00,20.5,70,0.0,14.1,345,3.6493485359455424,-13.619554150675864
2014-01-11 17:00:00,19.0,76,0.0,14.3,348,2.9731371786939604,-13.987510690493421
2014-01-11 18:00:00,17.1,85,0.0,15.5,356,1.0812253430339411,-15.462242779027275
2014-01-11 19:00:00,15.9,92,0.0,14.8,360,9.062386313690414e-16,-14.8
2014-01-11 20:00:00,14.8,95,0.0,14.8,1,-0.2582956152717958,-14.79774588831459
2014-01-11 21:00:00,14.1,96,0.0,13.7,3,-0.717002600528337,-13.681224626137661
2014-01-11 22:00:00,14.6,95,0.0,10.9,8,-1.5169868004647176,-10.793921949283115
2014-01-11 23:00:00,14.8,94,0.0,11.3,7,-1.3771235804781632,-11.21577151354694
2014-01-12 00:00:00,15.1,93,0.0,11.3,7,-1.3771235804781632,-11.21577151354694
2014-01-12 01:00:00,15.1,92,0.0,10.9,8,-1.5169868004647176,-10.793921949283115
2014-01-12 02:00:00,15.1,91,0.0,10.9,9,-1.7051356689385184,-10.765802912487
2014-01-12 03:00:00,14.6,90,0.0,11.8,12,-2.453357951649566,-11.542141688658907
2014-01-12 04:00:00,13.9,92,0.0,12.0,16,-3.3076482698039866,-11.535140351259829
2014-01-12 05:00:00,13.4,93,0.0,11.7,18,-3.6154988341868863,-11.127361240653295
2014-01-12 06:00:00,12.8,93,0.0,13.5,16,-3.721104303529485,-12.977032895167307
2014-01-12 07:00:00,12.5,93,0.0,13.7,18,-4.233532822936781,-13.029474273243602
2014-01-12 08:00:00,14.1,92,0.0,14.1,15,-3.6493485359455407,-13.619554150675864
2014-01-12 09:00:00,18.1,80,0.0,14.6,9,-2.283943189587373,-14.42024977268901
2014-01-12 10:00:00,19.5,74,0.0,17.6,360,1.077689183249671e-15,-17.6
2014-01-12 11:00:00,20.1,72,0.0,23.1,356,1.611374543489293,-23.04372956100194
2014-01-12 12:00:00,20.1,72,0.0,24.5,358,0.8550376692112764,-24.485075261967847
2014-01-12 13:00:00,20.1,71,0.0,25.2,359,0.4398006422195467,-25.19616191794106
2014-01-12 14:00:00,19.6,72,0.0,25.6,1,-0.44678160479445755,-25.596100996003617
2014-01-12 15:00:00,19.0,74,0.0,26.0,3,-1.360734862316552,-25.96436790361892
2014-01-12 16:00:00,18.1,77,0.0,25.7,5,-2.2399025886148167,-25.60220374095786
2014-01-12 17:00:00,17.0,81,0.0,24.9,4,-1.7369361962287269,-24.839344851469622
2014-01-12 18:00:00,15.5,86,0.0,25.3,4,-1.7648387857263772,-25.238370471573553
2014-01-12 19:00:00,15.1,87,0.0,24.9,4,-1.7369361962287269,-24.839344851469622
2014-01-12 20:00:00,14.6,89,0.0,24.2,3,-1.2665301410792522,-24.166834741060686
2014-01-12 21:00:00,14.3,88,0.0,24.2,5,-2.1091689744933295,-24.107911693820242
2014-01-12 22:00:00,14.0,87,0.0,24.5,4,-1.7090336067310767,-24.44031923136569
2014-01-12 23:00:00,13.8,87,0.0,25.6,4,-1.7857657278496148,-25.537639686651502
2014-01-13 00:00:00,13.5,87,0.0,24.2,5,-2.1091689744933295,-24.107911693820242
2014-01-13 01:00:00,13.2,87,0.0,23.9,5,-2.083022251669032,-23.809053284392718
2014-01-13 02:00:00,13.4,86,0.0,24.2,5,-2.1091689744933295,-24.107911693820242
2014-01-13 03:00:00,13.7,86,0.0,24.6,6,-2.571400196384273,-24.465238626059527
2014-01-13 04:00:00,14.0,84,0.0,25.0,6,-2.613211581691334,-24.863047384206833
2014-01-13 05:00:00,14.1,82,0.0,24.6,5,-2.144031271592393,-24.506389573056943
2014-01-13 06:00:00,14.0,81,0.0,25.1,7,-3.058920519469194,-24.912908406197186
2014-01-13 07:00:00,14.0,81,0.0,23.3,9,-3.644923035437383,-23.013138335866707
2014-01-13 08:00:00,14.9,80,0.0,22.8,6,-2.383248962502497,-22.675099214396635
2014-01-13 09:00:00,16.4,74,0.0,24.6,6,-2.571400196384273,-24.465238626059527
2014-01-13 10:00:00,17.9,68,0.0,25.3,4,-1.7648387857263772,-25.238370471573553
2014-01-13 11:00:00,18.7,66,0.0,28.4,1,-0.49564834281885134,-28.395674542441512
2014-01-13 12:00:00,19.2,65,0.0,31.4,3,-1.6433490260284511,-31.356967391293615
2014-01-13 13:00:00,19.4,64,0.0,33.5,2,-1.1691331395337754,-33.47959270513971
2014-01-13 14:00:00,19.2,65,0.0,34.6,4,-2.413573991546745,-34.515716138989916
2014-01-13 15:00:00,18.6,67,0.0,34.7,4,-2.420549638921158,-34.6154725440159
2014-01-13 16:00:00,17.7,69,0.0,33.2,3,-1.7375537472657512,-33.154500553851854
2014-01-13 17:00:00,16.5,72,0.0,28.9,4,-2.015962091205229,-28.829601052508917
2014-01-13 18:00:00,15.6,75,0.0,27.1,5,-2.361920628461539,-26.996876318286304
2014-01-13 19:00:00,15.1,76,0.0,25.0,6,-2.613211581691334,-24.863047384206833
2014-01-13 20:00:00,14.6,78,0.0,24.2,4,-1.688106664607839,-24.141050016287746
2014-01-13 21:00:00,14.3,80,0.0,23.5,4,-1.639277132986951,-23.44275518110587
2014-01-13 22:00:00,13.6,84,0.0,21.7,5,-1.891279617624184,-21.617424948590877
2014-01-13 23:00:00,13.3,86,0.0,21.7,5,-1.891279617624184,-21.617424948590877
2014-01-14 00:00:00,12.9,87,0.0,22.1,6,-2.3100790382151395,-21.978933887638842
2014-01-14 01:00:00,12.8,87,0.0,24.3,6,-2.5400416574039766,-24.166882057449044
2014-01-14 02:00:00,13.0,86,0.0,25.4,7,-3.095481322490738,-25.21067225168958
2014-01-14 03:00:00,13.1,83,0.0,25.5,8,-3.5489140744816785,-25.25183575291004
2014-01-14 04:00:00,13.0,83,0.0,26.1,7,-3.180789862874341,-25.905454557838507
2014-01-14 05:00:00,13.0,84,0.0,27.1,5,-2.361920628461539,-26.996876318286304
2014-01-14 06:00:00,13.1,83,0.0,29.2,4,-2.036889033328467,-29.128870267586866
2014-01-14 07:00:00,13.2,83,0.0,30.5,7,-3.7170149738569886,-30.272657625060322
2014-01-14 08:00:00,14.0,81,0.0,30.1,11,-5.743350760833993,-29.546978221774687
2014-01-14 09:00:00,15.7,74,0.0,30.9,11,-5.895997957135228,-30.332279968532816
2014-01-14 10:00:00,16.6,70,0.0,31.8,10,-5.522012049808384,-31.316886545788215
2014-01-14 11:00:00,17.4,67,0.0,33.1,9,-5.177980792831647,-32.692484073699056
2014-01-14 12:00:00,17.0,69,0.0,34.9,8,-4.857141223506297,-34.5603555990808
2014-01-14 13:00:00,17.5,66,0.0,34.9,8,-4.857141223506297,-34.5603555990808
2014-01-14 14:00:00,16.6,69,0.0,34.6,8,-4.815389293218278,-34.26327517845833
2014-01-14 15:00:00,15.7,71,0.6,34.1,7,-4.155744610115518,-33.84582377096908
2014-01-14 16:00:00,15.2,71,0.0,33.7,6,-3.5226092121199186,-33.51538787391082
2014-01-14 17:00:00,14.7,71,0.0,31.8,5,-2.7715526193755324,-31.67899139931751
2014-01-14 18:00:00,14.1,71,0.0,32.7,8,-4.5509604013941525,-32.38176584784935
2014-01-14 19:00:00,13.7,71,0.0,32.1,9,-5.021546327791416,-31.70479573310392
2014-01-14 20:00:00,13.3,72,0.0,32.7,8,-4.5509604013941525,-32.38176584784935
2014-01-14 21:00:00,13.2,72,0.0,31.8,10,-5.522012049808384,-31.316886545788215
2014-01-14 22:00:00,12.8,73,0.0,30.3,10,-5.261539783307989,-29.839674916269903
2014-01-14 23:00:00,12.6,73,0.0,30.1,8,-4.189110338897982,-29.807068869121267
2014-01-15 00:00:00,12.3,74,0.0,31.1,6,-3.2508352076240197,-30.929630945953303
2014-01-15 01:00:00,12.1,74,0.0,32.2,6,-3.3658165172184384,-32.023605030858405
2014-01-15 02:00:00,12.0,74,0.0,32.5,10,-5.643565774175236,-32.00625197289676
2014-01-15 03:00:00,11.6,71,0.0,32.6,10,-5.660930591941929,-32.10473274819798
2014-01-15 04:00:00,11.4,69,0.0,33.0,11,-6.296696847425972,-32.39369705377291
2014-01-15 05:00:00,11.2,67,0.0,33.0,11,-6.296696847425972,-32.39369705377291
2014-01-15 06:00:00,11.0,66,0.0,33.1,12,-6.881876966067849,-32.376685584288964
2014-01-15 07:00:00,10.8,66,0.0,32.4,8,-4.509208471106133,-32.08468542722687
2014-01-15 08:00:00,11.8,64,0.0,31.8,5,-2.7715526193755324,-31.67899139931751
2014-01-15 09:00:00,14.3,56,0.0,33.2,4,-2.3159149283049696,-33.11912646862616
2014-01-15 10:00:00,16.2,50,0.0,33.5,3,-1.7532545341386343,-33.45408941427822
2014-01-15 11:00:00,17.4,47,0.0,33.1,1,-0.5776746530740838,-33.094958709676554
2014-01-15 12:00:00,18.3,45,0.0,33.1,359,0.5776746530740872,-33.094958709676554
2014-01-15 13:00:00,18.8,45,0.0,33.5,358,1.1691331395337863,-33.47959270513971
2014-01-15 14:00:00,18.8,45,0.0,32.8,358,1.1447034918420353,-32.780019126226335
2014-01-15 15:00:00,18.3,46,0.0,31.7,359,0.5532412840618901,-31.6951719364576
2014-01-15 16:00:00,17.2,51,0.0,28.4,1,-0.49564834281885134,-28.395674542441512
2014-01-15 17:00:00,16.1,56,0.0,24.5,3,-1.2822309279521356,-24.466423601487058
2014-01-15 18:00:00,14.5,62,0.0,22.3,2,-0.778258776465767,-22.286415442525836
2014-01-15 19:00:00,13.4,68,0.0,18.5,8,-2.5747023677612177,-18.31995927171905
2014-01-15 20:00:00,12.3,76,0.0,17.0,5,-1.4816476267101901,-16.935309867559674
2014-01-15 21:00:00,11.8,78,0.0,17.7,6,-1.8501537998374644,-17.60303754801844
2014-01-15 22:00:00,11.8,79,0.0,18.2,8,-2.532950437473198,-18.02287885109658
2014-01-15 23:00:00,12.2,77,0.0,18.1,13,-4.071614083623961,-17.63609817261276
2014-01-16 00:00:00,12.4,77,0.0,16.5,16,-4.5480163709804815,-15.860817982982264
2014-01-16 01:00:00,12.4,77,0.0,16.2,17,-4.736421616508341,-15.492137046601172
2014-01-16 02:00:00,12.0,79,0.0,15.3,19,-4.981192763194497,-14.466434206669549
2014-01-16 03:00:00,11.3,84,0.0,15.9,18,-4.913370210561666,-15.121798609092941
2014-01-16 04:00:00,11.4,83,0.0,16.5,16,-4.5480163709804815,-15.860817982982264
2014-01-16 05:00:00,11.5,83,0.0,17.3,17,-5.058030491703352,-16.544072278160513
2014-01-16 06:00:00,11.1,84,0.0,16.2,17,-4.736421616508341,-15.492137046601172
2014-01-16 07:00:00,11.1,82,0.0,14.9,20,-5.0961001355524616,-14.001420049710037
2014-01-16 08:00:00,12.6,80,0.0,14.9,20,-5.0961001355524616,-14.001420049710037
2014-01-16 09:00:00,15.7,67,0.0,14.1,13,-3.1718098662485,-13.738617913471815
2014-01-16 10:00:00,17.2,62,0.0,14.5,7,-1.767105479374634,-14.39191919879917
2014-01-16 11:00:00,18.3,59,0.0,15.1,360,9.246083333562517e-16,-15.1
2014-01-16 12:00:00,19.0,57,0.0,15.1,359,0.26353133720298233,-15.097700196861508
2014-01-16 13:00:00,19.3,58,0.0,14.9,353,1.8158532167366976,-14.788937659455698
2014-01-16 14:00:00,19.3,58,0.0,15.9,354,1.66200256595569,-15.812898136355546
2014-01-16 15:00:00,18.8,56,0.0,16.6,358,0.579331645261518,-16.58988772851699
2014-01-16 16:00:00,18.0,59,0.0,16.2,3,-0.8478424911356978,-16.177798463024097
2014-01-16 17:00:00,16.8,65,0.0,13.0,6,-1.3588700224794936,-12.928784639787555
2014-01-16 18:00:00,15.8,71,0.0,11.5,4,-0.8021994480574441,-11.471986577987979
2014-01-16 19:00:00,14.9,78,0.0,11.4,13,-2.564442019520064,-11.10781873855168
2014-01-16 20:00:00,15.3,71,0.0,11.2,15,-2.898773305148231,-10.818369254437565
2014-01-16 21:00:00,15.1,72,0.0,10.7,12,-2.2246550917500296,-10.46617932785172
2014-01-16 22:00:00,14.9,73,0.0,9.7,4,-0.676637795318018,-9.676371287520293
2014-01-16 23:00:00,14.6,75,0.0,11.2,4,-0.7812725059342065,-11.17271736291003
2014-01-17 00:00:00,14.5,76,0.0,10.8,4,-0.7533699164365563,-10.773691742806102
2014-01-17 01:00:00,14.4,77,0.0,11.2,6,-1.1707187885977175,-11.13864522812466
2014-01-17 02:00:00,14.1,79,0.0,10.9,6,-1.1393602496174215,-10.840288659514181
2014-01-17 03:00:00,14.4,77,0.0,10.9,8,-1.5169868004647176,-10.793921949283115
2014-01-17 04:00:00,14.2,78,0.0,10.4,14,-2.515987714236545,-10.091075553270363
2014-01-17 05:00:00,14.0,78,0.0,9.9,10,-1.7191169589026103,-9.74959675482086
2014-01-17 06:00:00,13.7,79,0.0,7.5,17,-2.192787785420528,-7.172285669722765
2014-01-17 07:00:00,13.5,80,0.0,8.8,12,-1.8296228791962863,-8.60769888645749
2014-01-17 08:00:00,13.9,81,0.0,7.8,13,-1.7546182238821488,-7.600086505324834
2014-01-17 09:00:00,15.6,77,0.0,8.6,360,5.265981236333618e-16,-8.6
2014-01-17 10:00:00,16.9,67,0.0,11.3,351,1.7677094549546095,-11.160878248725057
2014-01-17 11:00:00,18.0,63,0.0,13.5,351,2.1118652780431173,-13.33379259803436
2014-01-17 12:00:00,18.7,59,0.0,15.9,354,1.66200256595569,-15.812898136355546
2014-01-17 13:00:00,18.7,58,0.0,17.0,355,1.4816476267101883,-16.935309867559674
2014-01-17 14:00:00,18.7,57,0.0,18.8,357,0.9839159773673466,-18.77423525338599
2014-01-17 15:00:00,18.6,58,0.0,20.2,360,1.2368932671388266e-15,-20.2
2014-01-17 16:00:00,17.9,60,0.0,20.5,2,-0.7154396824012657,-20.487511953891463
2014-01-17 17:00:00,16.8,64,0.0,18.0,3,-0.9420472123729975,-17.975331625582328
2014-01-17 18:00:00,15.5,70,0.0,16.9,1,-0.2949456687900911,-16.89742604814301
2014-01-17 19:00:00,14.6,75,0.0,16.7,6,-1.7456253365698111,-16.608515652650166
2014-01-17 20:00:00,13.8,80,0.0,15.9,6,-1.6620025659556885,-15.812898136355548
2014-01-17 21:00:00,13.1,83,0.0,15.9,6,-1.6620025659556885,-15.812898136355548
2014-01-17 22:00:00,13.4,79,0.0,15.9,5,-1.3857763096877662,-15.839495699658755
2014-01-17 23:00:00,13.4,79,0.0,17.0,4,-1.185860053650135,-16.958588854417012
2014-01-18 00:00:00,12.7,81,0.0,18.4,4,-1.2835191168919107,-18.355178524780765
2014-01-18 01:00:00,12.1,83,0.0,19.1,3,-0.9996167642402364,-19.07382411381236
2014-01-18 02:00:00,11.4,85,0.0,20.9,3,-1.0938214854775359,-20.871357276370592
2014-01-18 03:00:00,10.0,88,0.0,22.4,5,-1.9522886375475446,-22.314761237255098
2014-01-18 04:00:00,9.6,88,0.0,22.8,5,-1.987150934646608,-22.7132391164918
2014-01-18 05:00:00,9.4,87,0.0,22.8,5,-1.987150934646608,-22.7132391164918
2014-01-18 06:00:00,9.2,86,0.0,23.8,4,-1.6602040751101887,-23.742024396183815
2014-01-18 07:00:00,9.0,85,0.0,23.4,4,-1.6323014856125384,-23.342998776079884
2014-01-18 08:00:00,11.3,81,0.0,25.2,3,-1.3188660973221964,-25.16546427581526
2014-01-18 09:00:00,15.4,62,0.0,28.9,4,-2.015962091205229,-28.829601052508917
2014-01-18 10:00:00,16.7,56,0.0,31.0,4,-2.162450686067893,-30.92448555805455
2014-01-18 11:00:00,17.7,51,0.0,33.6,4,-2.3438175178026195,-33.5181520887301
2014-01-18 12:00:00,18.2,49,0.0,35.0,4,-2.4414765810443955,-34.91474175909385
2014-01-18 13:00:00,17.9,48,0.0,36.1,4,-2.5182087021629336,-36.012062214379654
2014-01-18 14:00:00,17.6,48,0.0,36.8,4,-2.5670382337838213,-36.71035704956153
2014-01-18 15:00:00,17.1,50,0.0,36.9,5,-3.216046907388589,-36.75958435958541
2014-01-18 16:00:00,15.9,54,0.0,36.5,5,-3.181184610289526,-36.36110648034871
2014-01-18 17:00:00,14.4,57,0.0,34.6,4,-2.413573991546745,-34.515716138989916
2014-01-18 18:00:00,12.9,59,0.0,32.9,4,-2.2949879861817313,-32.819857253548214
2014-01-18 19:00:00,12.1,60,0.0,29.9,3,-1.5648450916640346,-29.859023089161756
2014-01-18 20:00:00,11.5,61,0.0,28.4,360,1.7389984547892415e-15,-28.4
2014-01-18 21:00:00,10.9,63,0.0,27.7,359,0.48343165831275564,-27.695781155832037
2014-01-18 22:00:00,10.5,64,0.0,25.2,1,-0.4398006422195441,-25.19616191794106
2014-01-18 23:00:00,10.0,69,0.0,23.8,3,-1.2455957585820745,-23.76738292715886
2014-01-19 00:00:00,9.4,72,0.0,21.0,6,-2.1950977286207207,-20.884959802733743
2014-01-19 01:00:00,10.0,70,0.0,19.2,6,-2.0069464947389446,-19.094820391070847
2014-01-19 02:00:00,10.8,67,0.0,17.9,9,-2.8001769242201355,-17.679621296652964
2014-01-19 03:00:00,11.5,66,0.0,17.8,7,-2.16927431261162,-17.667321499215532
2014-01-19 04:00:00,11.4,66,0.0,16.3,6,-1.70381395126275,-16.210706894502856
2014-01-19 05:00:00,11.1,67,0.0,15.6,8,-2.171100374977027,-15.448181872368496
2014-01-19 06:00:00,10.9,68,0.0,8.2,15,-2.122316169840669,-7.92059177557036
2014-01-19 07:00:00,10.6,69,0.0,9.5,37,-5.717242719944458,-7.587037345449282
2014-01-19 08:00:00,11.9,68,0.0,7.7,41,-5.051654523226906,-5.811263767715345
2014-01-19 09:00:00,14.2,61,0.0,7.5,17,-2.192787785420528,-7.172285669722765
2014-01-19 10:00:00,16.1,54,0.0,5.4,360,3.3065463576978537e-16,-5.4
2014-01-19 11:00:00,17.2,54,0.0,4.9,287,4.685893304218874,-1.4326213531414103
2014-01-19 12:00:00,18.0,53,0.0,7.4,256,7.180188374442374,1.7902220274375413
2014-01-19 13:00:00,18.2,53,0.0,9.7,255,9.369480515003962,2.510544737494451
2014-01-19 14:00:00,18.0,55,0.0,10.5,262,10.397814721786489,1.4613175600806871
2014-01-19 15:00:00,18.0,53,0.0,10.8,270,10.8,0.0
2014-01-19 16:00:00,17.3,55,0.0,9.3,283,9.06164160250269,-2.092044805397945
2014-01-19 17:00:00,16.3,57,0.0,6.1,298,5.385980316439454,-2.8637765329939335
2014-01-19 18:00:00,15.1,73,0.0,4.4,305,3.604268994871564,-2.523736319944603
2014-01-19 19:00:00,15.2,61,0.0,4.0,27,-1.8159619989581877,-3.564026096753471
2014-01-19 20:00:00,15.2,63,0.0,5.4,53,-4.312631754255381,-3.2498011250210617
2014-01-19 21:00:00,15.0,64,0.0,5.6,63,-4.98963653545486,-2.542346798541461
2014-01-19 22:00:00,14.6,66,0.0,4.7,81,-4.6421352007971475,-0.7352419856890845
2014-01-19 23:00:00,14.4,67,0.0,4.5,104,-4.366330768241984,1.0886485301985047
2014-01-20 00:00:00,13.8,71,0.0,3.6,127,-2.8750878361702545,2.1665340833473734
2014-01-20 01:00:00,13.7,74,0.0,1.9,202,0.7117525274902327,1.761649323676896
2014-01-20 02:00:00,13.5,76,0.0,2.5,315,1.7677669529663689,-1.7677669529663687
2014-01-20 03:00:00,12.4,82,0.0,7.0,348,1.4553818357243162,-6.847033205136639
2014-01-20 04:00:00,11.7,87,0.0,8.6,358,0.3001356716415093,-8.594761112364223
2014-01-20 05:00:00,11.3,89,0.0,9.4,2,-0.3280552690035072,-9.394273773979501
2014-01-20 06:00:00,11.3,91,0.0,10.1,2,-0.35248491669525767,-10.093847352892867
2014-01-20 07:00:00,10.7,91,0.0,9.9,10,-1.7191169589026103,-9.74959675482086
2014-01-20 08:00:00,12.2,91,0.0,10.9,6,-1.1393602496174215,-10.840288659514181
2014-01-20 09:00:00,15.1,78,0.0,12.6,357,0.659433048661094,-12.58273213790763
2014-01-20 10:00:00,15.8,71,0.0,13.6,349,2.5950023371210107,-13.35012969488823
2014-01-20 11:00:00,16.5,65,0.0,14.8,346,3.5804440548750818,-14.360376748884748
2014-01-20 12:00:00,16.8,63,0.0,15.9,347,3.5767217640674525,-15.49248403008524
2014-01-20 13:00:00,16.9,64,0.0,18.4,348,3.8255751110467737,-17.997915853502022
2014-01-20 14:00:00,16.8,66,0.0,19.2,354,2.0069464947389464,-19.094820391070847
2014-01-20 15:00:00,16.7,69,0.0,20.3,354,2.121927804333365,-20.18879447597595
2014-01-20 16:00:00,16.2,72,0.0,23.1,358,0.806178373827775,-23.085928104141114
2014-01-20 17:00:00,15.2,78,0.0,22.3,358,0.7782587764657741,-22.286415442525836
2014-01-20 18:00:00,14.2,84,0.1,23.1,2,-0.8061783738277676,-23.085928104141114
2014-01-20 19:00:00,13.6,87,0.1,22.8,5,-1.987150934646608,-22.7132391164918
2014-01-20 20:00:00,13.3,89,0.2,22.0,5,-1.9174263404484815,-21.9162833580184
2014-01-20 21:00:00,13.0,90,0.2,21.3,5,-1.8564173205251209,-21.21894706935418
2014-01-20 22:00:00,12.7,91,0.0,20.5,3,-1.0728871029803584,-20.471905462468765
2014-01-20 23:00:00,12.6,91,0.0,20.2,5,-1.7605460035026965,-20.12313290145326
2014-01-21 00:00:00,12.5,90,0.0,20.6,5,-1.79540830060176,-20.521610780689958
2014-01-21 01:00:00,12.5,88,0.0,22.1,7,-2.6933124892537528,-21.93526995127322
2014-01-21 02:00:00,12.3,87,0.0,22.6,8,-3.145312081697488,-22.380058353559487
2014-01-21 03:00:00,12.7,86,0.0,23.7,9,-3.7074968214534754,-23.40821367210476
2014-01-21 04:00:00,12.6,84,0.0,24.7,8,-3.4375755937136256,-24.459621297916783
2014-01-21 05:00:00,12.1,83,0.0,25.2,9,-3.942148519013822,-24.889746182997467
2014-01-21 06:00:00,11.9,83,0.0,24.6,12,-5.114627594116891,-24.06243097805162
2014-01-21 07:00:00,11.7,82,0.0,25.6,11,-4.884710281639542,-25.1296558962602
2014-01-21 08:00:00,12.8,76,0.0,27.2,11,-5.190004674242013,-26.70025938977646
2014-01-21 09:00:00,14.8,66,0.0,30.4,11,-5.800593459446956,-29.841466376808985
2014-01-21 10:00:00,15.9,62,0.0,32.8,9,-5.1310504533195775,-32.39617757152051
2014-01-21 11:00:00,17.0,57,0.0,34.2,8,-4.759720052834251,-33.86716795096171
2014-01-21 12:00:00,17.2,53,0.0,35.5,6,-3.7107604460016943,-35.3055272855737
2014-01-21 13:00:00,16.9,52,0.0,36.2,6,-3.783930370289052,-36.0016926123315
2014-01-21 14:00:00,16.2,53,0.0,36.6,7,-4.460417968628387,-36.32718915007239
2014-01-21 15:00:00,15.5,52,0.0,36.3,7,-4.423857165606842,-36.02942530457999
2014-01-21 16:00:00,14.7,54,0.0,35.9,6,-3.7525718313087553,-35.703336043721016
2014-01-21 17:00:00,13.3,58,0.0,32.6,6,-3.4076279025255,-32.42141378900571
2014-01-21 18:00:00,12.1,60,0.0,32.3,7,-3.936379791986253,-32.0592406980147
2014-01-21 19:00:00,11.5,61,0.0,30.9,7,-3.7657627112190473,-30.66967608571685
2014-01-21 20:00:00,11.1,62,0.0,30.7,5,-2.6756813023531083,-30.583177231416588
2014-01-21 21:00:00,10.7,62,0.0,31.1,5,-2.710543599452172,-30.98165511065329
2014-01-21 22:00:00,10.4,61,0.0,30.1,6,-3.1463067443563664,-29.93510905058503
2014-01-21 23:00:00,10.2,61,0.0,28.6,6,-2.989514049454886,-28.44332620753262
2014-01-22 00:00:00,9.9,61,0.0,26.8,6,-2.80136281557311,-26.65318679586973
2014-01-22 01:00:00,9.7,61,0.0,25.7,6,-2.6863815059786913,-25.559212710964626
2014-01-22 02:00:00,9.3,63,0.0,25.4,7,-3.095481322490738,-25.21067225168958
2014-01-22 03:00:00,8.9,69,0.0,24.7,8,-3.4375755937136256,-24.459621297916783
2014-01-22 04:00:00,8.2,72,0.0,25.1,8,-3.4932448340976525,-24.855728525413415
2014-01-22 05:00:00,7.8,73,0.0,25.5,9,-3.9890788585258914,-25.186052685176012
2014-01-22 06:00:00,7.4,74,0.0,25.6,10,-4.4453933482734165,-25.211078477112526
2014-01-22 07:00:00,7.4,75,0.0,25.4,7,-3.095481322490738,-25.21067225168958
2014-01-22 08:00:00,9.9,68,0.0,26.2,8,-3.6463352451537245,-25.94502340102914
2014-01-22 09:00:00,12.9,56,0.0,27.9,7,-3.400154681003606,-27.692037630792885
2014-01-22 10:00:00,14.4,52,0.0,29.6,5,-2.579809985330684,-29.48736306351567
2014-01-22 11:00:00,15.5,49,0.0,30.3,5,-2.6408190052540452,-30.18469935217989
2014-01-22 12:00:00,16.3,46,0.0,30.7,4,-2.141523743944655,-30.625216342976604
2014-01-22 13:00:00,16.6,46,0.0,30.3,3,-1.5857794741612126,-30.258474903063586
2014-01-22 14:00:00,16.6,46,0.0,30.3,4,-2.113621154447005,-30.226190722872673
2014-01-22 15:00:00,16.2,47,0.0,30.7,4,-2.141523743944655,-30.625216342976604
2014-01-22 16:00:00,15.3,50,0.0,30.0,4,-2.0926942123237673,-29.926921507794727
2014-01-22 17:00:00,14.0,54,0.0,27.5,5,-2.396782925560602,-27.395354197523
2014-01-22 18:00:00,12.5,58,0.0,25.0,6,-2.613211581691334,-24.863047384206833
2014-01-22 19:00:00,11.5,64,0.0,22.4,6,-2.341437577195435,-22.27729045624932
2014-01-22 20:00:00,10.6,68,0.0,21.7,6,-2.2682676529080776,-21.581125129491532
2014-01-22 21:00:00,9.7,73,0.0,19.9,6,-2.0801164190263015,-19.79098571782864
2014-01-22 22:00:00,10.2,69,0.0,18.9,8,-2.6303716081452437,-18.716066499215675
2014-01-22 23:00:00,10.4,69,0.0,17.1,8,-2.3798600264171257,-16.933583975480854
2014-01-23 00:00:00,10.5,69,0.0,15.7,9,-2.4560211011316273,-15.50670694734366
2014-01-23 01:00:00,10.4,70,0.0,16.3,8,-2.2685215456490733,-16.141369520487597
2014-01-23 02:00:00,10.4,70,0.0,16.8,10,-2.91728938480443,-16.544770250605094
2014-01-23 03:00:00,10.4,68,0.0,16.9,12,-3.51370757482014,-16.530694452401313
2014-01-23 04:00:00,10.4,68,0.0,16.2,17,-4.736421616508341,-15.492137046601172
2014-01-23 05:00:00,10.2,68,0.0,16.1,20,-5.506524307543264,-15.129051194653128
2014-01-23 06:00:00,10.2,67,0.0,15.4,21,-5.518866422997631,-14.377138568056905
2014-01-23 07:00:00,10.2,66,0.0,13.2,29,-6.399486987251646,-11.544980134240026
2014-01-23 08:00:00,11.0,67,0.0,10.2,23,-3.9854575105905927,-9.38914950521489
2014-01-23 09:00:00,13.7,61,0.0,8.8,9,-1.3766232923540331,-8.691657397237211
2014-01-23 10:00:00,15.5,52,0.0,8.0,355,0.6972459419812651,-7.969557584733964
2014-01-23 11:00:00,16.7,51,0.0,8.0,333,3.6319239979163744,-7.128052193506942
2014-01-23 12:00:00,17.5,50,0.0,9.2,321,5.789747597658504,-7.149742845404131
2014-01-23 13:00:00,17.9,49,0.0,10.3,324,6.054188098612474,-8.332875042061959
2014-01-23 14:00:00,18.0,49,0.0,11.1,331,5.3813867847343415,-9.708278749247292
2014-01-23 15:00:00,17.9,49,0.0,12.0,339,4.300415394543604,-11.202965117966421
2014-01-23 16:00:00,17.4,50,0.0,12.7,345,3.2870018728020134,-12.267257993871167
2014-01-23 17:00:00,16.4,52,0.0,11.3,351,1.7677094549546095,-11.160878248725057
2014-01-23 18:00:00,14.7,62,0.0,11.3,353,1.3771235804781667,-11.215771513546938
2014-01-23 19:00:00,13.8,67,0.0,11.2,360,6.858022075225178e-16,-11.2
2014-01-23 20:00:00,14.1,63,0.0,10.8,360,6.613092715395707e-16,-10.8
2014-01-23 21:00:00,13.6,67,0.0,10.4,358,0.36295476570601126,-10.393664600998596
2014-01-23 22:00:00,13.2,70,0.0,10.5,4,-0.7324429743133186,-10.474422527728153
2014-01-23 23:00:00,12.8,73,0.0,9.4,2,-0.3280552690035072,-9.394273773979501
2014-01-24 00:00:00,12.3,76,0.0,7.9,360,4.837354856632045e-16,-7.9
2014-01-24 01:00:00,11.8,77,0.0,6.5,6,-0.6794350112397468,-6.464392319893777
2014-01-24 02:00:00,11.6,77,0.0,5.7,18,-1.7613968679372012,-5.421022142882375
2014-01-24 03:00:00,11.7,76,0.0,5.1,39,-3.2095339943541727,-3.96344440343055
2014-01-24 04:00:00,11.2,76,0.0,4.4,55,-3.604268994871564,-2.5237363199446032
2014-01-24 05:00:00,11.3,74,0.0,3.8,49,-2.867896404846534,-2.4930243101639267
2014-01-24 06:00:00,11.3,73,0.0,2.2,99,-2.172914349309303,0.3441558230885082
2014-01-24 07:00:00,11.4,71,0.0,2.1,121,-1.8000513314744357,1.0815799573111142
2014-01-24 08:00:00,12.1,71,0.0,1.1,90,-1.1,1.3471114790620887e-16
2014-01-24 09:00:00,14.7,67,0.0,2.7,293,2.485363104321589,-1.0549740469210394
2014-01-24 10:00:00,16.6,56,0.0,6.3,301,5.400153994423308,-3.244739871933341
2014-01-24 11:00:00,17.7,53,0.0,10.1,297,8.999165894302516,-4.585304047369422
2014-01-24 12:00:00,18.1,52,0.0,13.1,302,11.10943005964918,-6.941942361454984
2014-01-24 13:00:00,18.2,52,0.0,14.6,308,11.50495700265814,-8.98865753975461
2014-01-24 14:00:00,17.9,53,0.0,15.0,316,10.419875556884959,-10.790097005079765
2014-01-24 15:00:00,17.6,51,0.0,14.8,321,9.313941787537596,-11.50176022956317
2014-01-24 16:00:00,17.1,51,0.0,13.7,330,6.850000000000001,-11.864548031846809
2014-01-24 17:00:00,15.9,54,0.0,10.6,342,3.275580140374443,-10.081199072728626
2014-01-24 18:00:00,14.4,63,0.0,9.1,351,1.4235536318661013,-8.987963899415753
2014-01-24 19:00:00,13.0,74,0.0,7.7,11,-1.4692292643993936,-7.558529312547013
2014-01-24 20:00:00,13.1,71,0.0,7.4,29,-3.5875911898228927,-6.4721858328315305
2014-01-24 21:00:00,12.4,76,0.0,6.4,16,-1.7640790772287929,-6.152074854005242
2014-01-24 22:00:00,12.3,77,0.0,6.6,29,-3.199743493625823,-5.772490067120013
2014-01-24 23:00:00,11.5,79,0.0,6.4,38,-3.940233442084212,-5.043268823083022
2014-01-25 00:00:00,11.0,79,0.0,6.2,36,-3.644268564213334,-5.015905365124674
2014-01-25 01:00:00,10.4,79,0.0,6.4,38,-3.940233442084212,-5.043268823083022
2014-01-25 02:00:00,8.8,82,0.0,6.9,47,-5.0463405411722775,-4.705788684431239
2014-01-25 03:00:00,9.3,78,0.0,6.6,41,-4.329989591337347,-4.981083229470295
2014-01-25 04:00:00,8.9,79,0.0,7.8,34,-4.361704647071823,-6.466493065929326
2014-01-25 05:00:00,8.2,80,0.0,8.9,32,-4.716281451675525,-7.547628055792192
2014-01-25 06:00:00,7.7,81,0.0,9.9,33,-5.3919264466487675,-8.302838622659698
2014-01-25 07:00:00,7.2,82,0.0,9.2,39,-5.789747597658508,-7.149742845404129
2014-01-25 08:00:00,10.8,75,0.0,10.2,42,-6.825132184860353,-7.5800772198694215
2014-01-25 09:00:00,16.6,53,0.0,10.0,41,-6.560590289905073,-7.54709580222772
2014-01-25 10:00:00,19.0,49,0.0,11.4,28,-5.351975815759155,-10.065602558591769
2014-01-25 11:00:00,20.2,47,0.0,14.3,12,-2.973137178693965,-13.987510690493421
2014-01-25 12:00:00,20.9,45,0.0,14.4,4,-1.0044932219154084,-14.36492232374147
2014-01-25 13:00:00,21.2,44,0.0,14.0,359,0.24433369012197037,-13.997867732189478
2014-01-25 14:00:00,21.2,44,0.0,14.6,351,2.2839431895873714,-14.420249772689012
2014-01-25 15:00:00,21.6,38,0.0,15.4,349,2.9384585287987917,-15.117058625094026
2014-01-25 16:00:00,20.9,42,0.0,15.0,350,2.604722665003956,-14.772116295183121
2014-01-25 17:00:00,19.4,48,0.0,11.9,355,1.0371533386971319,-11.854716907291772
2014-01-25 18:00:00,17.3,57,0.0,10.1,4,-0.7045403848156684,-10.075396907624224
2014-01-25 19:00:00,15.2,69,0.0,10.7,20,-3.6596155335846534,-10.05471104240922
2014-01-25 20:00:00,15.2,64,0.0,11.0,32,-5.829111906565255,-9.328529057720685
2014-01-25 21:00:00,15.3,63,0.0,9.7,39,-6.104407793183427,-7.538315826132614
2014-01-25 22:00:00,15.0,64,0.0,9.3,36,-5.466402846320002,-7.5238580476870105
2014-01-25 23:00:00,14.5,65,0.0,8.9,32,-4.716281451675525,-7.547628055792192
2014-01-26 00:00:00,14.3,66,0.0,7.8,34,-4.361704647071823,-6.466493065929326
2014-01-26 01:00:00,13.8,68,0.0,7.7,28,-3.614931033451359,-6.798696465013738
2014-01-26 02:00:00,12.7,72,0.0,11.3,9,-1.7677094549546108,-11.160878248725057
2014-01-26 03:00:00,12.7,70,0.0,14.1,3,-0.7379369830255147,-14.080676440039491
2014-01-26 04:00:00,12.4,72,0.0,15.0,10,-2.6047226650039548,-14.772116295183121
2014-01-26 05:00:00,13.5,70,0.0,14.8,14,-3.5804440548750835,-14.360376748884748
2014-01-26 06:00:00,13.3,71,0.0,15.2,14,-3.67721281311495,-14.748495039395145
2014-01-26 07:00:00,13.0,72,0.0,15.1,18,-4.666156615061708,-14.360953396056818
2014-01-26 08:00:00,14.4,70,0.0,15.6,15,-4.037577103599322,-15.068442890109464
2014-01-26 09:00:00,17.1,66,0.0,15.7,11,-2.9957012274117503,-15.411546780128324
2014-01-26 10:00:00,18.9,61,0.0,17.4,6,-1.8187952608571683,-17.304680979407955
2014-01-26 11:00:00,20.0,58,0.0,20.5,1,-0.3577743319643117,-20.49687775070602
2014-01-26 12:00:00,20.5,56,0.0,23.4,2,-0.8166482228385178,-23.38574535224684
2014-01-26 13:00:00,20.6,56,0.0,26.0,3,-1.360734862316552,-25.96436790361892
2014-01-26 14:00:00,20.2,58,0.0,28.1,4,-1.960156912209929,-28.031549812301062
2014-01-26 15:00:00,19.8,59,0.0,30.0,5,-2.6146722824297477,-29.885840942752367
2014-01-26 16:00:00,18.6,63,0.0,29.7,7,-3.619519499132871,-29.478620703747264
2014-01-26 17:00:00,17.2,68,0.0,26.4,6,-2.7595514302660487,-26.255378037722416
2014-01-26 18:00:00,15.6,73,0.0,24.6,7,-2.9979858477666204,-24.416635330376526
2014-01-26 19:00:00,14.5,77,0.0,23.5,5,-2.048159954569969,-23.41057540515602
2014-01-26 20:00:00,13.8,79,0.0,23.8,4,-1.6602040751101887,-23.742024396183815
2014-01-26 21:00:00,13.2,81,0.0,23.1,5,-2.013297657470906,-23.012097525919323
2014-01-26 22:00:00,12.5,84,0.0,22.5,6,-2.3518904235222005,-22.376742645786152
2014-01-26 23:00:00,11.5,86,0.0,22.2,8,-3.089642841313461,-21.98395112606286
2014-01-27 00:00:00,11.3,85,0.0,20.9,11,-3.9879080033697822,-20.516008134056175
2014-01-27 01:00:00,11.4,84,0.0,20.1,10,-3.4903283711052997,-19.79463583554538
2014-01-27 02:00:00,11.7,82,0.0,19.4,10,-3.3687746467384483,-19.105270408436834
2014-01-27 03:00:00,13.0,77,0.0,18.2,9,-2.847107263732205,-17.975927798831506
2014-01-27 04:00:00,13.6,74,0.0,17.1,8,-2.3798600264171257,-16.933583975480854
2014-01-27 05:00:00,13.0,76,0.0,16.3,8,-2.2685215456490733,-16.141369520487597
2014-01-27 06:00:00,12.2,78,0.0,15.7,11,-2.9957012274117503,-15.411546780128324
2014-01-27 07:00:00,11.4,80,0.0,15.7,11,-2.9957012274117503,-15.411546780128324
2014-01-27 08:00:00,12.7,79,0.0,17.3,12,-3.5968722511472446,-16.921953492694836
2014-01-27 09:00:00,16.7,66,0.0,17.6,11,-3.3582383186271856,-17.276638428678886
2014-01-27 10:00:00,18.4,59,0.0,16.6,5,-1.446785329611127,-16.536831988322977
2014-01-27 11:00:00,20.0,52,0.0,18.4,357,0.9629815948701689,-18.37478343948416
2014-01-27 12:00:00,21.0,49,0.0,19.5,356,1.3602512380104421,-19.452498980066572
2014-01-27 13:00:00,21.3,47,0.0,20.3,354,2.121927804333365,-20.18879447597595
2014-01-27 14:00:00,21.2,48,0.0,21.7,353,2.6445647518917004,-21.538251490616688
2014-01-27 15:00:00,20.6,50,0.0,23.1,356,1.611374543489293,-23.04372956100194
2014-01-27 16:00:00,19.7,53,0.0,23.1,358,0.806178373827775,-23.085928104141114
2014-01-27 17:00:00,18.3,59,0.0,19.4,360,1.1879073951729326e-15,-19.4
2014-01-27 18:00:00,16.5,68,0.0,14.1,3,-0.7379369830255147,-14.080676440039491
2014-01-27 19:00:00,14.8,80,0.0,13.0,2,-0.4536934571325099,-12.992080751248245
2014-01-27 20:00:00,15.1,75,0.0,12.2,358,0.42577385977051313,-12.192568089632967
2014-01-27 21:00:00,14.8,76,0.0,11.9,360,7.286648454926752e-16,-11.9
2014-01-27 22:00:00,14.7,77,0.0,12.2,2,-0.42577385977050924,-12.192568089632967
2014-01-27 23:00:00,14.5,77,0.0,12.3,7,-1.4989929238833102,-12.208317665188263
2014-01-28 00:00:00,14.1,77,0.0,12.2,14,-2.951447126315947,-11.837607860567156
2014-01-28 01:00:00,13.4,77,0.0,12.3,15,-3.1834742547610038,-11.88088766335554
2014-01-28 02:00:00,12.4,79,0.0,12.3,15,-3.1834742547610038,-11.88088766335554
2014-01-28 03:00:00,13.3,77,0.0,13.0,14,-3.144984642795681,-12.613844441587954
2014-01-28 04:00:00,12.4,79,0.0,13.2,17,-3.8593065023401296,-12.623222778712066
2014-01-28 05:00:00,12.4,78,0.0,13.0,19,-4.232386007943036,-12.291741482791119
2014-01-28 06:00:00,12.5,76,0.0,11.9,29,-5.7692344809314084,-10.407974514958813
2014-01-28 07:00:00,12.8,74,0.0,10.5,38,-6.46444549091941,-8.274112912870581
2014-01-28 08:00:00,14.3,74,0.0,7.8,34,-4.361704647071823,-6.466493065929326
2014-01-28 09:00:00,17.0,66,0.0,7.5,17,-2.192787785420528,-7.172285669722765
2014-01-28 10:00:00,19.1,58,0.0,6.5,360,3.9801020972288977e-16,-6.5
2014-01-28 11:00:00,20.5,54,0.0,7.1,336,2.8878301658381815,-6.486172749262466
2014-01-28 12:00:00,21.4,50,0.0,9.5,323,5.717242719944459,-7.587037345449282
2014-01-28 13:00:00,21.8,48,0.0,12.9,324,7.582429754572904,-10.436319227436822
2014-01-28 14:00:00,21.6,48,0.0,15.1,332,7.089020598066952,-13.332508652169796
2014-01-28 15:00:00,20.8,51,0.0,15.5,338,5.806402197946635,-14.371349745785205
2014-01-28 16:00:00,19.9,56,0.0,14.1,347,3.1718098662484953,-13.738617913471817
2014-01-28 17:00:00,18.8,61,0.0,12.3,353,1.4989929238833142,-12.208317665188261
2014-01-28 18:00:00,17.2,70,0.0,9.7,4,-0.676637795318018,-9.676371287520293
2014-01-28 19:00:00,15.5,82,0.0,10.0,13,-2.2495105434386526,-9.743700647852352
2014-01-28 20:00:00,15.1,83,0.0,9.4,18,-2.904759747124507,-8.939931253174443
2014-01-28 21:00:00,15.7,79,0.0,8.9,21,-3.1894747509531767,-8.308865795825096
2014-01-28 22:00:00,15.5,80,0.0,8.7,24,-3.5386087947594604,-7.947845481490628
2014-01-28 23:00:00,15.1,80,0.0,8.0,27,-3.6319239979163753,-7.128052193506942
2014-01-29 00:00:00,14.7,80,0.0,8.0,27,-3.6319239979163753,-7.128052193506942
2014-01-29 01:00:00,14.3,80,0.0,8.0,27,-3.6319239979163753,-7.128052193506942
2014-01-29 02:00:00,14.0,80,0.0,7.8,22,-2.921931428644116,-7.232034065620941
2014-01-29 03:00:00,10.5,88,0.0,7.4,23,-2.8914103508206264,-6.811735915548058
2014-01-29 04:00:00,10.4,89,0.0,7.1,24,-2.8878301658381806,-6.486172749262467
2014-01-29 05:00:00,10.0,89,0.0,7.1,30,-3.550000000000003,-6.148780366869512
2014-01-29 06:00:00,9.4,89,0.0,5.9,47,-4.314986839553106,-4.023790324368741
2014-01-29 07:00:00,8.7,89,0.0,5.4,70,-5.074340152243906,-1.846908773958611
2014-01-29 08:00:00,12.7,81,0.0,3.1,69,-2.8940993221413254,-1.1109406435904314
2014-01-29 09:00:00,17.3,68,0.0,2.3,342,0.7107390870623791,-2.1874299874788528
2014-01-29 10:00:00,19.7,60,0.0,4.3,318,2.8772616073430903,-3.195522749552795
2014-01-29 11:00:00,21.1,54,0.0,7.7,311,5.811263767715345,-5.051654523226906
2014-01-29 12:00:00,21.8,50,0.0,10.5,322,6.464445490919412,-8.274112912870581
2014-01-29 13:00:00,21.9,49,0.0,12.1,330,6.050000000000002,-10.478907385791707
2014-01-29 14:00:00,21.8,49,0.0,12.6,336,5.124881702755083,-11.510672766296771
2014-01-29 15:00:00,21.6,53,0.0,13.0,341,4.232386007943038,-12.291741482791117
2014-01-29 16:00:00,20.9,56,0.0,12.7,345,3.2870018728020134,-12.267257993871167
2014-01-29 17:00:00,19.7,61,0.0,10.5,352,1.4613175600806874,-10.397814721786489
2014-01-29 18:00:00,17.8,71,0.0,10.8,2,-0.37691456438700827,-10.793420931806235
2014-01-29 19:00:00,15.8,82,0.0,10.6,18,-3.2755801403744442,-10.081199072728626
2014-01-29 20:00:00,14.6,84,0.0,10.0,30,-5.000000000000004,-8.660254037844384
2014-01-29 21:00:00,14.0,84,0.0,8.4,47,-6.143371093601033,-5.7287862245249865
2014-01-29 22:00:00,13.2,84,0.0,6.6,68,-6.1194134401407965,-2.472403516545019
2014-01-29 23:00:00,12.0,85,0.0,5.4,82,-5.34744757120448,-0.7515347451843538
2014-01-30 00:00:00,10.8,86,0.0,5.0,90,-5.0,6.123233995736766e-16
2014-01-30 01:00:00,9.7,88,0.0,3.7,79,-3.632020578756357,-0.7059932828932155
2014-01-30 02:00:00,8.8,89,0.0,4.1,38,-2.524212048835198,-3.2308440897875603
2014-01-30 03:00:00,8.6,89,0.0,6.0,25,-2.5357095704441948,-5.4378467222199
2014-01-30 04:00:00,8.5,88,0.0,7.6,31,-3.914289369316414,-6.514471485336052
2014-01-30 05:00:00,8.1,87,0.0,7.5,35,-4.301823272632848,-6.143640332167437
2014-01-30 06:00:00,7.8,87,0.0,8.4,43,-5.728786224524988,-6.143371093601032
2014-01-30 07:00:00,7.5,86,0.0,7.4,51,-5.750880114781584,-4.656970893768799
2014-01-30 08:00:00,11.9,76,0.0,5.7,55,-4.669166652447253,-3.269385687200963
2014-01-30 09:00:00,17.8,58,0.0,4.0,27,-1.8159619989581877,-3.564026096753471
2014-01-30 10:00:00,20.4,49,0.0,4.0,350,0.6945927106677217,-3.939231012048832
2014-01-30 11:00:00,22.0,45,0.0,5.6,320,3.5996106142446203,-4.289848881466277
2014-01-30 12:00:00,22.9,41,0.0,9.4,313,6.874724795220202,-6.410784584587486
2014-01-30 13:00:00,23.3,40,0.0,12.5,316,8.683229630737465,-8.991747504233139
2014-01-30 14:00:00,23.3,40,0.0,13.6,320,8.741911491736936,-10.4182044264181
2014-01-30 15:00:00,22.8,44,0.0,13.2,325,7.571208959833809,-10.81280698461469
2014-01-30 16:00:00,21.8,47,0.0,11.8,329,6.077449283938639,-10.114574148284927
2014-01-30 17:00:00,20.4,54,0.0,9.5,335,4.014873486536644,-8.609923976848174
2014-01-30 18:00:00,18.2,65,0.0,8.2,345,2.12231616984067,-7.92059177557036
2014-01-30 19:00:00,16.2,77,0.0,8.3,5,-0.7233926648055635,-8.268415994161488
2014-01-30 20:00:00,16.0,78,0.0,6.6,13,-1.4846769586695105,-6.430842427582552
2014-01-30 21:00:00,15.9,78,0.0,5.0,21,-1.7918397477265036,-4.667902132486008
2014-01-30 22:00:00,15.3,80,0.0,4.2,31,-2.163159914622229,-3.600102662948871
2014-01-30 23:00:00,14.8,80,0.0,2.8,50,-2.1449244407331385,-1.7998053071223097
2014-01-31 00:00:00,14.2,82,0.0,2.3,108,-2.1874299874788528,0.7107390870623792
2014-01-31 01:00:00,12.9,86,0.0,2.8,130,-2.144924440733138,1.7998053071223103
2014-01-31 02:00:00,12.3,88,0.0,1.5,135,-1.0606601717798212,1.0606601717798214
2014-01-31 03:00:00,13.0,81,0.0,1.5,14,-0.36288284339950166,-1.4554435894139948
2014-01-31 04:00:00,12.9,81,0.0,5.2,12,-1.0811407922523508,-5.086367523815789
2014-01-31 05:00:00,13.0,80,0.0,6.5,19,-2.116193003971518,-6.1458707413955596
2014-01-31 06:00:00,13.4,79,0.0,4.0,27,-1.8159619989581877,-3.564026096753471
2014-01-31 07:00:00,13.5,78,0.0,3.9,34,-2.1808523235359116,-3.233246532964663
2014-01-31 08:00:00,14.9,76,0.0,3.1,36,-1.822134282106667,-2.507952682562337
2014-01-31 09:00:00,18.0,68,0.0,3.1,324,1.8221342821066668,-2.5079526825623373
2014-01-31 10:00:00,20.3,57,0.0,5.6,297,4.98963653545486,-2.5423467985414616
2014-01-31 11:00:00,21.8,51,0.0,9.4,293,8.65274562245294,-3.6728726077991736
2014-01-31 12:00:00,22.7,49,0.0,12.1,293,11.138108726774528,-4.727846654720213
2014-01-31 13:00:00,22.9,49,0.0,13.2,292,12.238826880281593,-4.944807033090038
2014-01-31 14:00:00,22.7,50,0.0,13.2,287,12.623222778712067,-3.859306502340125
2014-01-31 15:00:00,22.0,54,0.0,12.6,283,12.277062816293963,-2.834383284732699
2014-01-31 16:00:00,21.0,58,0.0,10.9,278,10.793921949283117,-1.5169868004647133
2014-01-31 17:00:00,19.8,63,0.0,7.6,267,7.589584464134761,0.3977532674463731
2014-01-31 18:00:00,18.3,75,0.0,5.8,270,5.8,0.0
2014-01-31 19:00:00,17.9,73,0.0,2.9,240,2.511473670974872,1.4499999999999997
2014-01-31 20:00:00,17.7,73,0.0,3.1,135,-2.192031021678297,2.1920310216782974
2014-01-31 21:00:00,17.4,74,0.0,3.4,122,-2.883363526931848,1.8017254983928965
2014-01-31 22:00:00,17.1,75,0.0,3.9,124,-3.2332465329646625,2.180852323535913
2014-01-31 23:00:00,15.4,79,0.0,4.6,141,-2.894873798829251,3.5748714227020666
2014-02-01 00:00:00,14.5,81,0.0,5.3,152,-2.4881992827652217,4.679622242152313
2014-02-01 01:00:00,14.6,80,0.0,5.7,162,-1.7613968679371999,5.421022142882376
2014-02-01 02:00:00,13.9,82,0.0,5.4,160,-1.8469087739586112,5.074340152243906
2014-02-01 03:00:00,14.1,78,0.0,4.0,153,-1.8159619989581868,3.5640260967534716
2014-02-01 04:00:00,14.5,75,0.0,1.8,169,-0.34345619167778063,1.7669289302057951
2014-02-01 05:00:00,15.0,72,0.0,2.2,9,-0.3441558230885083,-2.172914349309303
2014-02-01 06:00:00,14.1,74,0.0,6.1,357,0.3192493330819582,-6.0916401620029
2014-02-01 07:00:00,13.5,77,0.0,7.2,6,-0.7526049355271042,-7.160557646651569
2014-02-01 08:00:00,15.7,70,0.0,8.1,13,-1.8221035401853085,-7.892397524760404
2014-02-01 09:00:00,18.8,59,0.0,8.6,2,-0.3001356716415065,-8.594761112364223
2014-02-01 10:00:00,20.7,50,0.0,9.9,350,1.7191169589026112,-9.74959675482086
2014-02-01 11:00:00,22.1,45,0.0,13.4,346,3.241753401035547,-13.001962732098352
2014-02-01 12:00:00,22.9,47,0.0,15.3,345,3.9599313900685673,-14.778665142222746
2014-02-01 13:00:00,23.2,49,0.0,15.6,341,5.0788632095316455,-14.750089779349342
2014-02-01 14:00:00,23.3,51,0.0,14.9,340,5.096100135552466,-14.001420049710035
2014-02-01 15:00:00,23.1,49,0.0,13.9,339,4.981314498679676,-12.976767928311105
2014-02-01 16:00:00,22.5,49,0.0,13.0,336,5.287576359985403,-11.876090949353811
2014-02-01 17:00:00,21.2,53,0.0,9.9,341,3.223124729125852,-9.360633898433235
2014-02-01 18:00:00,19.3,60,0.0,8.3,360,5.082284216461516e-16,-8.3
2014-02-01 19:00:00,17.4,70,0.0,7.2,6,-0.7526049355271042,-7.160557646651569
2014-02-01 20:00:00,16.2,75,0.0,6.8,3,-0.3558845024520213,-6.790680836331102
2014-02-01 21:00:00,15.5,76,0.0,7.2,6,-0.7526049355271042,-7.160557646651569
2014-02-01 22:00:00,14.6,79,0.0,8.1,13,-1.8221035401853085,-7.892397524760404
2014-02-01 23:00:00,15.1,74,0.0,7.6,19,-2.4743179738743906,-7.185941174554808
2014-02-02 00:00:00,16.2,68,0.0,7.0,21,-2.508575646817105,-6.535062985480412
2014-02-02 01:00:00,17.2,61,0.0,7.1,15,-1.8376152202278964,-6.858073366652385
2014-02-02 02:00:00,17.5,59,0.0,7.0,12,-1.4553818357243185,-6.847033205136639
2014-02-02 03:00:00,18.2,58,0.0,7.0,12,-1.4553818357243185,-6.847033205136639
2014-02-02 04:00:00,18.1,58,0.0,6.5,6,-0.6794350112397468,-6.464392319893777
2014-02-02 05:00:00,18.1,59,0.0,6.1,3,-0.31924933308196024,-6.0916401620029
2014-02-02 06:00:00,17.7,61,0.0,7.3,11,-1.3929056662487755,-7.165878439167947
2014-02-02 07:00:00,16.9,67,0.0,8.3,360,5.082284216461516e-16,-8.3
2014-02-02 08:00:00,17.1,74,0.0,8.6,360,5.265981236333618e-16,-8.6
2014-02-02 09:00:00,19.8,64,0.0,9.7,4,-0.676637795318018,-9.676371287520293
2014-02-02 10:00:00,21.2,59,0.0,10.9,6,-1.1393602496174215,-10.840288659514181
2014-02-02 11:00:00,22.5,55,0.0,10.8,2,-0.37691456438700827,-10.793420931806235
2014-02-02 12:00:00,23.9,50,0.0,9.8,354,1.024378940023004,-9.746314574609078
2014-02-02 13:00:00,24.8,48,0.0,9.3,347,2.092044805397944,-9.06164160250269
2014-02-02 14:00:00,24.5,50,0.0,8.4,340,2.872969203935618,-7.893418014601631
2014-02-02 15:00:00,24.8,52,0.0,7.9,336,3.2132194802988217,-7.217009115376547
2014-02-02 16:00:00,24.0,55,0.0,6.0,343,1.7542302283364206,-5.737828535778212
2014-02-02 17:00:00,23.1,57,0.0,4.5,346,1.0886485301985045,-4.366330768241984
2014-02-02 18:00:00,21.9,70,0.0,0.5,315,0.3535533905932738,-0.35355339059327373
2014-02-02 19:00:00,21.5,64,0.0,3.0,76,-2.9108871788279895,-0.7257656867990026
2014-02-02 20:00:00,20.9,67,0.0,4.3,66,-3.9282454678631837,-1.7489675652259409
2014-02-02 21:00:00,19.6,74,0.0,3.6,90,-3.6,4.4087284769304716e-16
2014-02-02 22:00:00,19.4,76,0.0,1.6,117,-1.4256104387013886,0.7263847995832751
2014-02-02 23:00:00,19.4,76,0.0,0.8,153,-0.36319239979163737,0.7128052193506944
2014-02-03 00:00:00,19.6,76,0.0,0.8,333,0.3631923997916375,-0.7128052193506943
2014-02-03 01:00:00,19.6,76,0.1,2.4,333,1.0895771993749124,-2.138415658052083
2014-02-03 02:00:00,19.6,77,0.4,3.6,6,-0.3763024677635521,-3.5802788233257843
2014-02-03 03:00:00,19.0,81,0.3,4.5,29,-2.1816432911085157,-3.935788682127282
2014-02-03 04:00:00,18.5,85,0.2,5.6,40,-3.5996106142446207,-4.289848881466276
2014-02-03 05:00:00,17.9,88,0.0,6.6,45,-4.666904755831214,-4.666904755831213
2014-02-03 06:00:00,17.7,89,0.0,6.9,47,-5.0463405411722775,-4.705788684431239
2014-02-03 07:00:00,17.4,90,0.0,6.4,47,-4.6806636903626915,-4.364789504399989
2014-02-03 08:00:00,18.6,93,0.0,5.2,56,-4.3109953772862175,-2.907803098047883
2014-02-03 09:00:00,21.9,81,0.0,3.5,24,-1.4235782507653003,-3.1974091017491033
2014-02-03 10:00:00,24.0,69,0.0,4.1,345,1.061158084920335,-3.96029588778518
2014-02-03 11:00:00,25.8,60,0.0,6.3,329,3.244739871933341,-5.400153994423308
2014-02-03 12:00:00,26.6,56,0.0,10.2,328,5.40517649517869,-8.650090580795544
2014-02-03 13:00:00,26.6,55,0.0,11.3,333,5.1300926470568795,-10.068373723328557
2014-02-03 14:00:00,26.0,57,0.0,11.2,339,4.013721034907364,-10.45610077676866
2014-02-03 15:00:00,25.2,61,0.0,11.8,340,4.035837691242892,-11.088372925273719
2014-02-03 16:00:00,24.4,63,0.0,13.0,346,3.14498464279568,-12.613844441587954
2014-02-03 17:00:00,23.1,66,0.0,12.1,350,2.101142949769858,-11.916173811447717
2014-02-03 18:00:00,21.3,72,0.0,11.2,356,0.7812725059342026,-11.17271736291003
2014-02-03 19:00:00,19.7,80,0.0,11.6,7,-1.413684383499707,-11.513535359039336
2014-02-03 20:00:00,18.3,86,0.0,12.8,11,-2.442355140819771,-12.5648279481301
2014-02-03 21:00:00,17.8,86,0.0,14.5,6,-1.5156627173809738,-14.420567482839964
2014-02-03 22:00:00,17.4,87,0.0,14.5,7,-1.767105479374634,-14.39191919879917
2014-02-03 23:00:00,17.1,87,0.0,16.3,6,-1.70381395126275,-16.210706894502856
2014-02-04 00:00:00,17.1,87,0.0,17.2,11,-3.2819147204765673,-16.883987555299818
2014-02-04 01:00:00,17.1,87,0.0,17.5,8,-2.435529266801152,-17.32969120297748
2014-02-04 02:00:00,16.9,86,0.0,18.9,8,-2.6303716081452437,-18.716066499215675
2014-02-04 03:00:00,15.8,87,0.0,20.0,8,-2.7834620192013166,-19.805361374831406
2014-02-04 04:00:00,15.0,88,0.0,20.7,8,-2.8808831898733627,-20.498549022950503
2014-02-04 05:00:00,14.4,89,0.0,22.1,7,-2.6933124892537528,-21.93526995127322
2014-02-04 06:00:00,14.4,88,0.0,22.9,13,-5.151379144474514,-22.313074483581882
2014-02-04 07:00:00,14.8,86,0.0,21.9,9,-3.4259147843810593,-21.630374659033514
2014-02-04 08:00:00,16.4,84,0.0,23.2,6,-2.425060347809558,-23.07290797254394
2014-02-04 09:00:00,19.7,67,0.0,25.1,7,-3.058920519469194,-24.912908406197186
2014-02-04 10:00:00,20.9,63,0.0,25.7,6,-2.6863815059786913,-25.559212710964626
2014-02-04 11:00:00,22.3,59,0.0,26.4,5,-2.3009116085381778,-26.29954002962208
2014-02-04 12:00:00,22.7,57,0.0,27.7,1,-0.48343165831275287,-27.695781155832037
2014-02-04 13:00:00,22.4,58,0.0,28.4,1,-0.49564834281885134,-28.395674542441512
2014-02-04 14:00:00,21.9,60,0.0,28.5,2,-0.9946356560212717,-28.48263857004423
2014-02-04 15:00:00,21.2,59,0.0,27.1,5,-2.361920628461539,-26.996876318286304
2014-02-04 16:00:00,20.6,61,0.0,25.2,2,-0.8794673169030192,-25.184648840881213
2014-02-04 17:00:00,19.3,64,0.2,23.6,353,2.876116504361481,-23.4240891787352
2014-02-04 18:00:00,17.2,78,0.9,22.0,360,1.3471114790620886e-15,-22.0
2014-02-04 19:00:00,16.3,88,1.3,19.1,11,-3.644451811692002,-18.749079203850382
2014-02-04 20:00:00,16.3,90,1.4,15.7,9,-2.4560211011316273,-15.50670694734366
2014-02-04 21:00:00,16.5,90,1.4,16.6,360,1.0164568432923032e-15,-16.6
2014-02-04 22:00:00,16.4,91,1.4,18.4,360,1.1266750552155648e-15,-18.4
2014-02-04 23:00:00,16.3,91,1.0,19.1,4,-1.3323486485127987,-19.053473359962645
2014-02-05 00:00:00,16.2,91,0.6,17.7,2,-0.6177210916342635,-17.689217638237995
2014-02-05 01:00:00,16.0,92,0.3,18.8,357,0.9839159773673466,-18.77423525338599
2014-02-05 02:00:00,15.9,92,0.3,20.9,1,-0.36475529453922506,-20.896816828768575
2014-02-05 03:00:00,15.8,92,0.8,20.6,5,-1.79540830060176,-20.521610780689958
2014-02-05 04:00:00,15.7,92,0.9,18.8,5,-1.638527963655975,-18.728460324124818
2014-02-05 05:00:00,15.7,93,1.4,17.7,5,-1.542656646633551,-17.632646156223895
2014-02-05 06:00:00,15.7,93,1.3,17.1,8,-2.3798600264171257,-16.933583975480854
2014-02-05 07:00:00,15.6,92,1.0,16.5,10,-2.8651949315043503,-16.249327924701433
2014-02-05 08:00:00,16.5,91,0.5,16.6,5,-1.446785329611127,-16.536831988322977
2014-02-05 09:00:00,17.4,89,0.3,16.9,1,-0.2949456687900911,-16.89742604814301
2014-02-05 10:00:00,18.3,86,0.2,16.2,1,-0.2827289842839927,-16.197532661533536
2014-02-05 11:00:00,18.8,84,0.2,16.2,360,9.919639073093561e-16,-16.2
2014-02-05 12:00:00,19.5,81,0.0,17.0,355,1.4816476267101883,-16.935309867559674
2014-02-05 13:00:00,20.4,78,0.0,18.4,358,0.6421507393260198,-18.38879121715136
2014-02-05 14:00:00,21.1,75,0.0,18.7,360,1.1450447572027753e-15,-18.7
2014-02-05 15:00:00,20.7,74,0.0,17.7,355,1.542656646633549,-17.632646156223895
2014-02-05 16:00:00,20.1,76,0.0,16.8,351,2.6280990126758796,-16.593164121998313
2014-02-05 17:00:00,19.0,81,0.0,14.6,350,2.535263393937184,-14.378193193978237
2014-02-05 18:00:00,18.2,85,0.1,14.6,351,2.2839431895873714,-14.420249772689012
2014-02-05 19:00:00,17.5,88,0.0,14.4,356,1.0044932219154035,-14.36492232374147
2014-02-05 20:00:00,17.1,90,0.2,14.6,351,2.2839431895873714,-14.420249772689012
2014-02-05 21:00:00,16.8,92,0.2,15.6,352,2.171100374977021,-15.448181872368497
2014-02-05 22:00:00,16.5,94,0.1,15.2,356,1.0602984009107035,-15.162973563949327
2014-02-05 23:00:00,16.3,94,0.1,15.1,357,0.7902729392684539,-15.079305974794064
2014-02-06 00:00:00,15.9,96,0.1,15.5,357,0.8112073217656315,-15.478757788695894
2014-02-06 01:00:00,15.6,97,0.0,15.1,360,9.246083333562517e-16,-15.1
2014-02-06 02:00:00,15.3,97,0.0,13.0,6,-1.3588700224794936,-12.928784639787555
2014-02-06 03:00:00,15.7,95,0.0,10.2,8,-1.4195656297926713,-10.100734301164016
2014-02-06 04:00:00,15.4,95,0.0,10.8,356,0.7533699164365526,-10.773691742806102
2014-02-06 05:00:00,14.7,95,0.0,13.7,355,1.1940336756429164,-13.647867363856914
2014-02-06 06:00:00,14.2,96,0.0,16.9,11,-3.224672021863604,-16.58949940026552
2014-02-06 07:00:00,14.2,96,0.0,14.8,14,-3.5804440548750835,-14.360376748884748
2014-02-06 08:00:00,16.2,94,0.0,15.7,11,-2.9957012274117503,-15.411546780128324
2014-02-06 09:00:00,18.4,87,0.0,13.8,7,-1.681796938991031,-13.697136892650246
2014-02-06 10:00:00,20.0,82,0.0,13.0,357,0.6803674311582716,-12.98218395180946
2014-02-06 11:00:00,21.3,77,0.0,13.6,349,2.5950023371210107,-13.35012969488823
2014-02-06 12:00:00,21.9,75,0.0,13.8,351,2.158795617555187,-13.630099100212902
2014-02-06 13:00:00,21.8,76,0.0,13.0,357,0.6803674311582716,-12.98218395180946
2014-02-06 14:00:00,22.3,75,0.0,11.9,357,0.6227978792910333,-11.88369146357943
2014-02-06 15:00:00,21.9,77,0.0,11.7,351,1.8302832409707017,-11.555953584963111
2014-02-06 16:00:00,21.2,79,0.0,11.3,353,1.3771235804781667,-11.215771513546938
2014-02-06 17:00:00,20.2,83,0.2,11.2,356,0.7812725059342026,-11.17271736291003
2014-02-06 18:00:00,19.1,87,0.2,8.0,5,-0.697245941981266,-7.969557584733964
2014-02-06 19:00:00,18.3,91,0.2,8.8,9,-1.3766232923540331,-8.691657397237211
2014-02-06 20:00:00,17.7,94,0.7000000000000001,9.2,11,-1.7554427574642102,-9.030970087718508
2014-02-06 21:00:00,17.3,94,0.5,7.4,23,-2.8914103508206264,-6.811735915548058
2014-02-06 22:00:00,17.0,95,0.0,7.1,41,-4.658019105832602,-5.358438019581681
2014-02-06 23:00:00,16.6,95,0.0,6.4,47,-4.6806636903626915,-4.364789504399989
2014-02-07 00:00:00,16.5,93,0.0,7.6,19,-2.4743179738743906,-7.185941174554808
2014-02-07 01:00:00,16.5,92,0.0,10.5,8,-1.4613175600806911,-10.397814721786487
2014-02-07 02:00:00,16.1,93,0.0,11.6,7,-1.413684383499707,-11.513535359039336
2014-02-07 03:00:00,16.3,91,0.0,11.7,9,-1.830283240970703,-11.55595358496311
2014-02-07 04:00:00,16.5,89,0.0,11.3,17,-3.3038002633669294,-10.8062437423823
2014-02-07 05:00:00,16.3,89,0.0,10.4,14,-2.515987714236545,-10.091075553270363
2014-02-07 06:00:00,16.1,88,0.0,10.4,14,-2.515987714236545,-10.091075553270363
2014-02-07 07:00:00,16.1,87,0.0,10.2,8,-1.4195656297926713,-10.100734301164016
2014-02-07 08:00:00,16.7,93,0.0,11.5,358,0.4013442120787624,-11.492994510719601
2014-02-07 09:00:00,19.6,84,0.0,9.4,360,5.755839955992561e-16,-9.4
2014-02-07 10:00:00,21.3,77,0.0,7.9,360,4.837354856632045e-16,-7.9
2014-02-07 11:00:00,22.7,73,0.0,11.9,346,2.8788705576360454,-11.546519142684359
2014-02-07 12:00:00,23.5,71,0.0,14.7,343,4.2978640594242306,-14.05767991265662
2014-02-07 13:00:00,23.5,72,0.0,14.4,347,3.239295182551655,-14.030928932907388
2014-02-07 14:00:00,23.5,71,0.0,12.3,357,0.6437322617882109,-12.283143277481258
2014-02-07 15:00:00,23.2,73,0.0,10.4,360,6.368163355566237e-16,-10.4
2014-02-07 16:00:00,22.7,74,0.0,11.3,353,1.3771235804781667,-11.215771513546938
2014-02-07 17:00:00,21.3,79,0.0,14.1,347,3.1718098662484953,-13.738617913471817
2014-02-07 18:00:00,19.2,87,0.0,12.7,352,1.7674983821928314,-12.576404473017943
2014-02-07 19:00:00,17.9,91,0.0,12.7,7,-1.547740661245369,-12.60533612584479
2014-02-07 20:00:00,17.0,93,0.0,12.2,14,-2.951447126315947,-11.837607860567156
2014-02-07 21:00:00,16.6,94,0.1,12.8,10,-2.2226966741367082,-12.605539238556263
2014-02-07 22:00:00,16.1,95,0.2,13.0,6,-1.3588700224794936,-12.928784639787555
2014-02-07 23:00:00,15.5,95,0.0,15.2,5,-1.3247672897644054,-15.142159410994532
2014-02-08 00:00:00,15.2,95,0.0,17.3,4,-1.2067869957733726,-17.257858069494958
2014-02-08 01:00:00,14.9,96,0.0,17.7,4,-1.2346895852710227,-17.65688368959889
2014-02-08 02:00:00,14.8,95,0.0,17.0,6,-1.776983875550107,-16.90687222126065
2014-02-08 03:00:00,15.0,95,0.0,16.7,7,-2.0352180348659576,-16.575520732410077
2014-02-08 04:00:00,14.8,95,0.0,18.1,5,-1.5775189437326145,-18.031124035460596
2014-02-08 05:00:00,14.6,95,0.0,20.5,1,-0.3577743319643117,-20.49687775070602
2014-02-08 06:00:00,14.7,94,0.0,19.9,4,-1.388153827508099,-19.8515246001705
2014-02-08 07:00:00,14.8,93,0.1,22.1,6,-2.3100790382151395,-21.978933887638842
2014-02-08 08:00:00,15.9,90,0.0,22.4,11,-4.274121496434599,-21.98844890922767
2014-02-08 09:00:00,18.0,80,0.0,20.2,16,-5.567874587503377,-19.417486257954042
2014-02-08 10:00:00,20.2,71,0.0,19.3,9,-3.019185175276459,-19.062384973486157
2014-02-08 11:00:00,21.6,67,0.0,23.0,359,0.40140534805752276,-22.996496988597
2014-02-08 12:00:00,21.8,66,0.0,25.2,358,0.8794673169030272,-25.184648840881213
2014-02-08 13:00:00,21.3,67,0.0,25.2,2,-0.8794673169030192,-25.184648840881213
2014-02-08 14:00:00,21.1,68,0.2,23.5,5,-2.048159954569969,-23.41057540515602
2014-02-08 15:00:00,20.2,71,0.1,22.7,3,-1.1880262067148357,-22.668890438928827
2014-02-08 16:00:00,19.9,71,0.0,21.6,3,-1.1304566548475972,-21.570397950698798
2014-02-08 17:00:00,18.6,75,0.0,19.5,4,-1.3602512380104488,-19.452498980066572
2014-02-08 18:00:00,17.4,79,0.0,17.7,4,-1.2346895852710227,-17.65688368959889
2014-02-08 19:00:00,16.6,83,0.0,17.4,354,1.81879526085717,-17.304680979407955
2014-02-08 20:00:00,15.9,86,0.0,19.9,355,1.7343992806783968,-19.824274492025737
2014-02-08 21:00:00,15.7,87,0.0,18.8,5,-1.638527963655975,-18.728460324124818
2014-02-08 22:00:00,15.9,87,0.0,17.3,1,-0.3019266313650045,-17.29736512620557
2014-02-08 23:00:00,15.9,87,0.2,18.7,358,0.6526205883367702,-18.68860846525709
2014-02-09 00:00:00,15.7,88,0.4,20.5,358,0.7154396824012721,-20.487511953891463
2014-02-09 01:00:00,15.4,92,0.5,22.3,2,-0.778258776465767,-22.286415442525836
2014-02-09 02:00:00,15.2,93,0.6,22.6,8,-3.145312081697488,-22.380058353559487
2014-02-09 03:00:00,14.8,92,0.5,21.2,10,-3.681341366538923,-20.87792436385881
2014-02-09 04:00:00,14.6,92,0.9,22.4,4,-1.562545011868413,-22.34543472582006
2014-02-09 05:00:00,14.6,92,1.5,22.0,3,-1.1513910373447747,-21.969849764600625
2014-02-09 06:00:00,14.7,93,2.7,17.2,11,-3.2819147204765673,-16.883987555299818
2014-02-09 07:00:00,14.8,93,2.0,16.5,10,-2.8651949315043503,-16.249327924701433
2014-02-09 08:00:00,15.5,91,0.4,19.8,2,-0.691010034709515,-19.787938374978097
2014-02-09 09:00:00,16.7,88,0.4,20.5,3,-1.0728871029803584,-20.471905462468765
2014-02-09 10:00:00,17.6,87,0.7000000000000001,21.0,5,-1.8302705977008231,-20.920088659926655
2014-02-09 11:00:00,18.1,88,0.5,22.0,1,-0.38395294162023696,-21.99664929344061
2014-02-09 12:00:00,18.4,86,0.2,23.1,3,-1.2089605892120137,-23.068342252830657
2014-02-09 13:00:00,18.2,84,0.2,22.7,4,-1.5834719539916506,-22.644703940898008
2014-02-09 14:00:00,17.5,86,0.5,22.7,4,-1.5834719539916506,-22.644703940898008
2014-02-09 15:00:00,17.6,86,0.8,26.3,2,-0.91785676327577,-26.28397875060222
2014-02-09 16:00:00,16.1,91,0.7000000000000001,29.3,5,-2.5536632625063866,-29.188504654088145
2014-02-09 17:00:00,15.0,94,0.7000000000000001,28.7,12,-5.967065526469706,-28.07283614106022
2014-02-09 18:00:00,14.6,94,0.7000000000000001,26.6,13,-5.983698045546816,-25.918243723287254
2014-02-09 19:00:00,14.1,94,0.9,26.3,1,-0.45899828930055603,-26.29599438261309
2014-02-09 20:00:00,13.7,92,0.5,31.7,359,0.5532412840618901,-31.6951719364576
2014-02-09 21:00:00,13.2,92,0.3,30.4,6,-3.177665283336662,-30.23346561919551
2014-02-09 22:00:00,13.2,90,0.4,27.4,4,-1.9113273805890407,-27.333254977119182
2014-02-09 23:00:00,13.1,91,0.5,30.2,1,-0.5270626744059617,-30.195400393723016
2014-02-10 00:00:00,12.8,90,0.8,31.8,5,-2.7715526193755324,-31.67899139931751
2014-02-10 01:00:00,12.7,91,1.9,32.5,4,-2.2670853966840814,-32.42083163344429
2014-02-10 02:00:00,12.9,90,2.4,32.4,3,-1.6956849822713955,-32.35559692604819
2014-02-10 03:00:00,12.1,89,1.8,33.9,3,-1.774188916635812,-33.85354122818005
2014-02-10 04:00:00,11.6,91,1.2,31.7,12,-6.590800598922985,-31.007278943261635
2014-02-10 05:00:00,11.9,90,0.7000000000000001,29.8,15,-7.7128075440551145,-28.784589623414238
2014-02-10 06:00:00,12.2,88,0.0,30.0,4,-2.0926942123237673,-29.926921507794727
2014-02-10 07:00:00,11.7,88,0.3,29.4,7,-3.5829586961113264,-29.180856858254867
2014-02-10 08:00:00,12.1,87,0.3,29.4,8,-4.091689168225935,-29.113881221002163
2014-02-10 09:00:00,13.4,84,0.0,30.8,6,-3.2194766686437237,-30.631274377342823
2014-02-10 10:00:00,14.2,78,0.0,33.5,360,2.0512833885718165e-15,-33.5
2014-02-10 11:00:00,14.2,75,0.0,35.6,1,-0.6213056691672926,-35.59457794756753
2014-02-10 12:00:00,13.7,74,0.0,35.3,2,-1.2319522335982767,-35.278496193774075
2014-02-10 13:00:00,13.2,74,0.0,35.7,3,-1.8683936378731119,-35.65107439073829
2014-02-10 14:00:00,13.0,73,0.0,34.9,2,-1.2179924349172766,-34.87873986296644
2014-02-10 15:00:00,12.7,70,0.0,33.5,2,-1.1691331395337754,-33.47959270513971
2014-02-10 16:00:00,12.3,70,0.0,33.2,2,-1.1586632905230254,-33.17977545703398
2014-02-10 17:00:00,11.9,70,0.0,31.4,3,-1.6433490260284511,-31.356967391293615
2014-02-10 18:00:00,11.4,71,0.0,28.1,3,-1.470640370426735,-28.061489926603524
2014-02-10 19:00:00,11.2,71,0.0,28.5,2,-0.9946356560212717,-28.48263857004423
2014-02-10 20:00:00,11.1,74,0.1,29.9,1,-0.5218269524747765,-29.895446085176097
2014-02-10 21:00:00,10.9,76,0.0,29.6,3,-1.5491443047911515,-29.559434228735388
2014-02-10 22:00:00,10.9,76,0.0,28.7,8,-3.994267997553889,-28.420693572883067
2014-02-10 23:00:00,10.9,76,0.0,28.2,6,-2.947702664147825,-28.045517449385308
2014-02-11 00:00:00,10.8,75,0.0,28.8,3,-1.507275539796796,-28.760530600931727
2014-02-11 01:00:00,10.8,74,0.0,28.9,4,-2.015962091205229,-28.829601052508917
2014-02-11 02:00:00,10.4,78,0.4,28.8,1,-0.5026293053937647,-28.79561362050407
2014-02-11 03:00:00,9.8,88,0.7000000000000001,28.2,5,-2.4577919454839625,-28.092690486187223
2014-02-11 04:00:00,9.6,89,0.9,25.7,6,-2.6863815059786913,-25.559212710964626
2014-02-11 05:00:00,9.6,90,0.6,25.7,5,-2.2399025886148167,-25.60220374095786
2014-02-11 06:00:00,9.6,90,0.2,25.2,3,-1.3188660973221964,-25.16546427581526
2014-02-11 07:00:00,9.5,88,0.0,26.0,5,-2.2660493114391143,-25.901062150385386
2014-02-11 08:00:00,9.9,86,0.0,27.1,5,-2.361920628461539,-26.996876318286304
2014-02-11 09:00:00,10.7,81,0.0,28.1,4,-1.960156912209929,-28.031549812301062
2014-02-11 10:00:00,11.8,75,0.0,27.4,2,-0.9562462096485208,-27.383308660323223
2014-02-11 11:00:00,12.9,71,0.0,28.1,1,-0.4904126208876663,-28.095720233894596
2014-02-11 12:00:00,13.3,69,0.0,29.2,1,-0.5096102679686781,-29.195552698566626
2014-02-11 13:00:00,13.3,68,0.0,29.5,359,0.5148459898998662,-29.49550700711354
2014-02-11 14:00:00,13.0,69,0.0,29.9,1,-0.5218269524747765,-29.895446085176097
2014-02-11 15:00:00,12.5,70,0.0,28.1,2,-0.9806758573402714,-28.082882239236593
2014-02-11 16:00:00,11.9,71,0.0,26.6,360,1.6287802428659798e-15,-26.6
2014-02-11 17:00:00,11.2,75,0.0,24.8,359,0.43281967964463325,-24.796222839878503
2014-02-11 18:00:00,10.8,77,0.1,23.1,4,-1.611374543489301,-23.04372956100194
2014-02-11 19:00:00,10.6,78,0.0,20.9,2,-0.7293994810822658,-20.8872682846991
2014-02-11 20:00:00,10.7,77,0.0,22.0,357,1.1513910373447673,-21.969849764600625
2014-02-11 21:00:00,10.8,77,0.0,23.8,359,0.4153672732073497,-23.796375144722113
2014-02-11 22:00:00,10.8,77,0.0,22.3,3,-1.167091824217658,-22.269438625026996
2014-02-11 23:00:00,10.8,78,0.0,21.3,4,-1.4858128907498749,-21.248114270534256
2014-02-12 00:00:00,11.0,78,0.0,20.2,1,-0.35253861003312664,-20.196923442159104
2014-02-12 01:00:00,11.1,79,0.0,20.2,360,1.2368932671388266e-15,-20.2
2014-02-12 02:00:00,11.1,80,0.0,19.8,1,-0.34555764745821327,-19.79698436409655
2014-02-12 03:00:00,11.4,84,0.3,18.8,4,-1.311421706389561,-18.754204144884696
2014-02-12 04:00:00,11.1,89,0.4,17.8,8,-2.4772811970891717,-17.62677162359995
2014-02-12 05:00:00,11.1,90,0.2,16.8,10,-2.91728938480443,-16.544770250605094
2014-02-12 06:00:00,11.2,90,0.0,16.4,9,-2.5655252266597888,-16.198088785760255
2014-02-12 07:00:00,11.4,91,0.0,17.5,9,-2.7376031382040433,-17.28454596041491
2014-02-12 08:00:00,12.4,88,0.0,17.9,10,-3.1083023802380527,-17.628058778918522
2014-02-12 09:00:00,13.0,85,0.0,19.3,9,-3.019185175276459,-19.062384973486157
2014-02-12 10:00:00,14.1,81,0.0,19.9,13,-4.476525981442919,-19.389964289226178
2014-02-12 11:00:00,15.6,76,0.0,20.5,11,-3.9115844052191644,-20.12335726067711
2014-02-12 12:00:00,16.5,73,0.0,22.1,7,-2.6933124892537528,-21.93526995127322
2014-02-12 13:00:00,16.6,72,0.0,25.0,7,-3.0467335851286794,-24.81365379103305
2014-02-12 14:00:00,16.5,73,0.0,25.7,6,-2.6863815059786913,-25.559212710964626
2014-02-12 15:00:00,17.1,71,0.0,25.2,360,1.543054966925665e-15,-25.2
2014-02-12 16:00:00,16.3,73,0.0,24.8,1,-0.43281967964463075,-24.796222839878503
2014-02-12 17:00:00,15.5,76,0.0,21.0,5,-1.8302705977008231,-20.920088659926655
2014-02-12 18:00:00,14.8,79,0.0,18.8,7,-2.291143656016767,-18.659867650856857
2014-02-12 19:00:00,14.4,81,0.1,19.8,2,-0.691010034709515,-19.787938374978097
2014-02-12 20:00:00,14.3,83,0.1,18.5,8,-2.5747023677612177,-18.31995927171905
2014-02-12 21:00:00,14.1,85,0.5,16.1,10,-2.7957356604375785,-15.855404823496551
2014-02-12 22:00:00,14.0,87,0.0,13.8,6,-1.4424927930936164,-13.724402156082174
2014-02-12 23:00:00,13.3,91,0.0,17.2,350,2.986748655871203,-16.938693351809977
2014-02-13 00:00:00,13.2,92,0.3,18.1,5,-1.5775189437326145,-18.031124035460596
2014-02-13 01:00:00,13.2,93,0.6,14.7,17,-4.297864059424235,-14.057679912656619
2014-02-13 02:00:00,14.4,86,0.7000000000000001,12.1,10,-2.101142949769857,-11.916173811447717
2014-02-13 03:00:00,13.3,93,0.2,14.2,9,-2.2213694035712805,-14.025174436450953
2014-02-13 04:00:00,13.5,92,0.0,18.7,1,-0.3263600003772014,-18.697151899424515
2014-02-13 05:00:00,13.5,92,0.2,23.4,360,1.432836755002403e-15,-23.4
2014-02-13 06:00:00,13.6,93,0.6,20.0,8,-2.7834620192013166,-19.805361374831406
2014-02-13 07:00:00,13.6,93,1.3,19.0,10,-3.2993153756716764,-18.711347307231954
2014-02-13 08:00:00,13.8,91,1.2,17.9,10,-3.1083023802380527,-17.628058778918522
2014-02-13 09:00:00,14.4,92,1.0,19.4,10,-3.3687746467384483,-19.105270408436834
2014-02-13 10:00:00,15.2,90,0.8,20.7,8,-2.8808831898733627,-20.498549022950503
2014-02-13 11:00:00,15.3,91,0.5,23.5,4,-1.639277132986951,-23.44275518110587
2014-02-13 12:00:00,15.6,88,0.1,26.7,3,-1.397370031686613,-26.66340857794712
2014-02-13 13:00:00,16.4,84,0.0,28.1,1,-0.4904126208876663,-28.095720233894596
2014-02-13 14:00:00,16.2,83,0.2,27.4,3,-1.434005201056674,-27.362449252275322
2014-02-13 15:00:00,16.1,81,0.2,27.7,2,-0.966716058659271,-27.683125908428952
2014-02-13 16:00:00,15.2,83,0.2,28.5,4,-1.988059501707579,-28.43057543240499
2014-02-13 17:00:00,14.4,84,0.1,27.2,7,-3.314846140620003,-26.99725532464396
2014-02-13 18:00:00,14.0,84,0.1,26.2,8,-3.6463352451537245,-25.94502340102914
2014-02-13 19:00:00,13.8,83,0.0,26.8,6,-2.80136281557311,-26.65318679586973
2014-02-13 20:00:00,13.3,84,0.3,27.5,5,-2.396782925560602,-27.395354197523
2014-02-13 21:00:00,12.9,86,0.2,27.6,7,-3.363593877982062,-27.39427378530049
2014-02-13 22:00:00,12.4,88,0.4,26.8,7,-3.2660984032579443,-26.600236863987433
2014-02-13 23:00:00,12.3,89,0.2,26.3,4,-1.8345952594705028,-26.23593452183338
2014-02-14 00:00:00,12.2,88,0.4,25.9,2,-0.9038969645947696,-25.88422241979458
2014-02-14 01:00:00,12.2,88,0.4,25.6,4,-1.7857657278496148,-25.537639686651502
2014-02-14 02:00:00,12.0,90,0.6,24.2,3,-1.2665301410792522,-24.166834741060686
2014-02-14 03:00:00,12.0,90,0.8,23.5,4,-1.639277132986951,-23.44275518110587
2014-02-14 04:00:00,11.9,90,0.7000000000000001,25.0,6,-2.613211581691334,-24.863047384206833
2014-02-14 05:00:00,11.8,91,0.3,25.8,7,-3.144229059852797,-25.60769071234611
2014-02-14 06:00:00,11.6,90,0.0,24.6,5,-2.144031271592393,-24.506389573056943
2014-02-14 07:00:00,11.7,89,0.0,24.9,5,-2.17017799441669,-24.805247982484463
2014-02-14 08:00:00,12.2,87,0.0,24.9,5,-2.17017799441669,-24.805247982484463
2014-02-14 09:00:00,13.4,82,0.0,24.3,6,-2.5400416574039766,-24.166882057449044
2014-02-14 10:00:00,14.3,77,0.0,24.5,3,-1.2822309279521356,-24.466423601487058
2014-02-14 11:00:00,15.2,73,0.0,26.3,2,-0.91785676327577,-26.28397875060222
2014-02-14 12:00:00,16.0,69,0.0,27.8,3,-1.4549395835538517,-27.761901066177153
2014-02-14 13:00:00,16.1,69,0.0,28.1,3,-1.470640370426735,-28.061489926603524
2014-02-14 14:00:00,16.1,69,0.0,28.5,3,-1.4915747529239127,-28.460941740505355
2014-02-14 15:00:00,15.7,70,0.0,29.6,3,-1.5491443047911515,-29.559434228735388
2014-02-14 16:00:00,15.0,71,0.0,30.7,4,-2.141523743944655,-30.625216342976604
2014-02-14 17:00:00,14.0,73,0.0,28.5,4,-1.988059501707579,-28.43057543240499
2014-02-14 18:00:00,13.0,75,0.0,25.7,6,-2.6863815059786913,-25.559212710964626
2014-02-14 19:00:00,12.2,77,0.0,23.1,4,-1.611374543489301,-23.04372956100194
2014-02-14 20:00:00,12.0,78,0.0,22.3,3,-1.167091824217658,-22.269438625026996
2014-02-14 21:00:00,11.7,79,0.0,22.7,4,-1.5834719539916506,-22.644703940898008
2014-02-14 22:00:00,11.0,83,0.0,22.1,6,-2.3100790382151395,-21.978933887638842
2014-02-14 23:00:00,10.6,85,0.0,20.7,7,-2.5226954084865465,-20.545705338975367
2014-02-15 00:00:00,10.6,85,0.0,19.6,7,-2.3886391307408847,-19.453904572169915
2014-02-15 01:00:00,10.7,84,0.0,19.2,6,-2.0069464947389446,-19.094820391070847
2014-02-15 02:00:00,11.2,81,0.0,17.8,8,-2.4772811970891717,-17.62677162359995
2014-02-15 03:00:00,10.3,86,0.0,17.1,7,-2.0839657722280167,-16.97253919306661
2014-02-15 04:00:00,10.6,87,0.0,17.1,8,-2.3798600264171257,-16.933583975480854
2014-02-15 05:00:00,10.5,87,0.0,16.3,5,-1.4206386067868295,-16.237973578895453
2014-02-15 06:00:00,10.9,86,0.0,17.4,6,-1.8187952608571683,-17.304680979407955
2014-02-15 07:00:00,11.7,85,0.0,16.3,8,-2.2685215456490733,-16.141369520487597
2014-02-15 08:00:00,12.6,88,0.0,15.9,6,-1.6620025659556885,-15.812898136355548
2014-02-15 09:00:00,14.4,78,0.0,15.2,4,-1.0602984009107088,-15.162973563949327
2014-02-15 10:00:00,15.7,73,0.0,15.1,357,0.7902729392684539,-15.079305974794064
2014-02-15 11:00:00,16.4,71,0.0,16.7,354,1.7456253365698127,-16.608515652650162
2014-02-15 12:00:00,17.0,70,0.0,17.7,354,1.8501537998374662,-17.60303754801844
2014-02-15 13:00:00,17.3,70,0.0,18.0,358,0.6281909406450195,-17.989034886343724
2014-02-15 14:00:00,17.7,70,0.0,17.3,1,-0.3019266313650045,-17.29736512620557
2014-02-15 15:00:00,16.1,77,0.6,16.2,1,-0.2827289842839927,-16.197532661533536
2014-02-15 16:00:00,15.5,79,0.0,14.8,4,-1.0323958114130587,-14.763947943845398
2014-02-15 17:00:00,15.2,81,0.0,13.1,8,-1.8231676225768623,-12.97251170051457
2014-02-15 18:00:00,14.8,83,0.2,11.5,360,7.041719095097281e-16,-11.5
2014-02-15 19:00:00,14.3,86,0.3,11.2,4,-0.7812725059342065,-11.17271736291003
2014-02-15 20:00:00,14.1,87,0.1,11.5,4,-0.8021994480574441,-11.471986577987979
2014-02-15 21:00:00,13.9,90,0.0,11.2,2,-0.3908743630680085,-11.193177262613872
2014-02-15 22:00:00,13.7,91,0.1,10.2,352,1.4195656297926678,-10.100734301164017
2014-02-15 23:00:00,13.8,92,0.1,8.9,346,2.1531048708370424,-8.635631963856369
2014-02-16 00:00:00,13.6,94,0.2,7.4,337,2.8914103508206255,-6.811735915548059
2014-02-16 01:00:00,13.6,94,0.2,6.0,335,2.5357095704441965,-5.437846722219899
2014-02-16 02:00:00,13.4,94,0.2,5.0,330,2.5000000000000004,-4.330127018922193
2014-02-16 03:00:00,13.9,91,0.4,3.7,331,1.7937955949114475,-3.2360929164157644
2014-02-16 04:00:00,14.6,87,0.1,3.5,336,1.4235782507653008,-3.197409101749103
2014-02-16 05:00:00,14.6,86,0.0,3.5,336,1.4235782507653008,-3.197409101749103
2014-02-16 06:00:00,14.4,86,0.0,7.2,354,0.752604935527105,-7.160557646651568
2014-02-16 07:00:00,14.4,86,0.0,6.9,9,-1.0793978087775942,-6.81504955010645
2014-02-16 08:00:00,14.7,93,0.0,9.1,353,1.1090110249868421,-9.032169979936029
2014-02-16 09:00:00,16.9,85,0.0,10.7,346,2.588564282916444,-10.382164271153162
2014-02-16 10:00:00,18.2,79,0.0,11.1,347,2.4969567032169007,-10.81550771911611
2014-02-16 11:00:00,19.3,75,0.0,10.8,334,4.734408385322037,-9.706975700031006
2014-02-16 12:00:00,20.3,72,0.0,13.1,323,7.883776803291833,-10.462125181619536
2014-02-16 13:00:00,20.5,71,0.3,13.6,323,8.184684314867857,-10.861442936643183
2014-02-16 14:00:00,20.3,72,0.0,13.6,328,7.206901993571586,-11.533454107727392
2014-02-16 15:00:00,18.9,79,0.0,13.2,334,5.786499137615822,-11.864081411149003
2014-02-16 16:00:00,18.1,82,0.0,12.6,340,4.309453805903427,-11.840127021902445
2014-02-16 17:00:00,17.5,83,0.0,11.2,345,2.8987733051482323,-10.818369254437565
2014-02-16 18:00:00,16.6,87,0.0,9.4,356,0.6557108531947772,-9.377102072442348
2014-02-16 19:00:00,15.9,90,0.0,8.0,5,-0.697245941981266,-7.969557584733964
2014-02-16 20:00:00,15.2,93,0.0,7.6,3,-0.39775326744637673,-7.589584464134761
2014-02-16 21:00:00,14.7,95,0.0,6.5,6,-0.6794350112397468,-6.464392319893777
2014-02-16 22:00:00,14.2,95,0.0,6.8,3,-0.3558845024520213,-6.790680836331102
2014-02-16 23:00:00,14.2,93,0.0,6.2,10,-1.0766187015349682,-6.10580806867569
2014-02-17 00:00:00,14.1,92,0.0,6.9,9,-1.0793978087775942,-6.81504955010645
2014-02-17 01:00:00,13.2,93,0.0,8.0,18,-2.4721359549995805,-7.608452130361228
2014-02-17 02:00:00,12.9,92,0.0,8.0,18,-2.4721359549995805,-7.608452130361228
2014-02-17 03:00:00,12.8,91,0.0,8.4,20,-2.872969203935616,-7.8934180146016315
2014-02-17 04:00:00,12.8,90,0.0,8.3,34,-4.6413010988071965,-6.881011852206848
2014-02-17 05:00:00,12.9,88,0.0,7.9,43,-5.387787044493739,-5.777694242791447
2014-02-17 06:00:00,12.4,87,0.0,7.4,67,-6.811735915548059,-2.8914103508206246
2014-02-17 07:00:00,12.1,87,0.0,6.3,77,-6.1385314081469815,-1.4171916423663493
2014-02-17 08:00:00,15.2,90,0.0,5.0,69,-4.667902132486009,-1.7918397477265022
2014-02-17 09:00:00,19.3,73,0.0,3.5,66,-3.197409101749103,-1.4235782507653008
2014-02-17 10:00:00,20.8,69,0.0,1.4,90,-1.4,1.7145055188062944e-16
2014-02-17 11:00:00,22.1,67,0.0,2.2,261,2.1729143493093033,0.34415582308850795
2014-02-17 12:00:00,22.9,64,0.0,6.1,267,6.0916401620029,0.31924933308195735
2014-02-17 13:00:00,23.4,63,0.0,8.3,268,8.294943864258496,0.2896658226307581
2014-02-17 14:00:00,23.5,63,0.0,8.3,268,8.294943864258496,0.2896658226307581
2014-02-17 15:00:00,23.5,65,0.0,7.6,265,7.571079705497266,0.662383644882202
2014-02-17 16:00:00,23.1,67,0.0,8.7,287,8.319851376878407,-2.5436338310878095
2014-02-17 17:00:00,22.1,72,0.0,7.0,305,5.7340643100229425,-4.015035054457322
2014-02-17 18:00:00,20.6,79,0.0,7.6,335,3.211898789229316,-6.887939181478539
2014-02-17 19:00:00,18.7,87,0.0,6.9,6,-0.7212463965468082,-6.862201078041087
2014-02-17 20:00:00,17.5,92,0.0,7.3,33,-3.9758649556096968,-6.122295146001595
2014-02-17 21:00:00,16.5,94,0.0,7.3,57,-6.122295146001595,-3.9758649556096977
2014-02-17 22:00:00,16.4,92,0.2,7.0,78,-6.847033205136639,-1.4553818357243165
2014-02-17 23:00:00,16.3,91,0.2,5.8,83,-5.756767679519668,-0.7068421917498544
2014-02-18 00:00:00,16.2,90,0.3,5.2,74,-4.998560818879258,-1.4333142502483949
2014-02-18 01:00:00,15.8,91,0.2,4.7,81,-4.6421352007971475,-0.7352419856890845
2014-02-18 02:00:00,15.5,90,0.1,3.6,90,-3.6,4.4087284769304716e-16
2014-02-18 03:00:00,17.4,83,0.2,3.7,61,-3.236092916415765,-1.7937955949114468
2014-02-18 04:00:00,16.5,86,0.3,4.3,66,-3.9282454678631837,-1.7489675652259409
2014-02-18 05:00:00,16.4,86,0.3,5.2,65,-4.71280049259058,-2.1976149610516362
2014-02-18 06:00:00,16.6,84,0.1,4.3,66,-3.9282454678631837,-1.7489675652259409
2014-02-18 07:00:00,17.3,81,0.1,4.8,77,-4.676976310969129,-1.0797650608505518
2014-02-18 08:00:00,17.7,93,0.0,2.5,90,-2.5,3.061616997868383e-16
2014-02-18 09:00:00,20.8,85,0.0,0.8,333,0.3631923997916375,-0.7128052193506943
2014-02-18 10:00:00,21.7,80,0.0,4.0,280,3.939231012048832,-0.6945927106677213
2014-02-18 11:00:00,22.5,76,0.0,7.4,284,7.180188374442374,-1.7902220274375413
2014-02-18 12:00:00,23.0,75,0.2,9.3,283,9.06164160250269,-2.092044805397945
2014-02-18 13:00:00,23.4,73,0.2,11.0,289,10.400704331592486,-3.5812496990287235
2014-02-18 14:00:00,22.9,77,0.1,14.8,317,10.093575728924979,-10.824034783963723
2014-02-18 15:00:00,21.0,84,0.4,17.8,346,4.306209741674085,-17.271263927712738
2014-02-18 16:00:00,19.2,91,0.3,18.2,8,-2.532950437473198,-18.02287885109658
2014-02-18 17:00:00,18.3,94,0.4,16.9,11,-3.224672021863604,-16.58949940026552
2014-02-18 18:00:00,17.4,96,0.4,19.5,4,-1.3602512380104488,-19.452498980066572
2014-02-18 19:00:00,16.6,96,0.4,21.3,4,-1.4858128907498749,-21.248114270534256
2014-02-18 20:00:00,16.0,95,0.1,22.3,2,-0.778258776465767,-22.286415442525836
2014-02-18 21:00:00,15.5,94,0.2,24.5,2,-0.8550376692112687,-24.485075261967847
2014-02-18 22:00:00,14.9,94,0.1,23.8,4,-1.6602040751101887,-23.742024396183815
2014-02-18 23:00:00,14.5,93,0.2,24.5,1,-0.4275839577134457,-24.496268531331587
2014-02-19 00:00:00,14.3,93,0.4,24.5,1,-0.4275839577134457,-24.496268531331587
2014-02-19 01:00:00,14.1,93,0.2,24.1,1,-0.42060299513853233,-24.096329453269032
2014-02-19 02:00:00,14.0,93,0.2,24.9,2,-0.868997467892269,-24.884831592775484
2014-02-19 03:00:00,13.6,92,0.6,25.9,2,-0.9038969645947696,-25.88422241979458
2014-02-19 04:00:00,13.2,92,0.6,26.0,4,-1.8136683173472652,-25.93666530675543
2014-02-19 05:00:00,13.1,91,0.3,26.0,3,-1.360734862316552,-25.96436790361892
2014-02-19 06:00:00,12.7,91,0.7000000000000001,25.9,358,0.903896964594778,-25.88422241979458
2014-02-19 07:00:00,12.6,91,1.2,27.4,359,0.4781959363815706,-27.395826847285118
2014-02-19 08:00:00,12.7,90,0.8,29.5,2,-1.0295351527237724,-29.482029397063325
2014-02-19 09:00:00,12.9,90,0.7000000000000001,30.2,1,-0.5270626744059617,-30.195400393723016
2014-02-19 10:00:00,12.7,90,0.8,30.6,360,1.8737096026954504e-15,-30.6
2014-02-19 11:00:00,12.8,88,0.9,31.0,1,-0.5410245995557884,-30.99527854984813
2014-02-19 12:00:00,12.5,92,1.0,31.0,359,0.5410245995557915,-30.99527854984813
2014-02-19 13:00:00,12.4,92,1.4,33.2,356,2.315914928304958,-33.11912646862616
2014-02-19 14:00:00,12.0,92,2.2,29.1,9,-4.552242932670723,-28.741730711318507
2014-02-19 15:00:00,12.1,92,1.6,23.5,6,-2.4564188867898538,-23.371264541154424
2014-02-19 16:00:00,12.4,92,0.8,24.8,1,-0.43281967964463075,-24.796222839878503
2014-02-19 17:00:00,12.2,92,0.2,27.4,2,-0.9562462096485208,-27.383308660323223
2014-02-19 18:00:00,11.9,91,0.2,27.4,2,-0.9562462096485208,-27.383308660323223
2014-02-19 19:00:00,11.8,90,0.5,30.2,1,-0.5270626744059617,-30.195400393723016
2014-02-19 20:00:00,11.5,90,0.5,30.1,6,-3.1463067443563664,-29.93510905058503
2014-02-19 21:00:00,11.4,90,0.4,28.0,8,-3.896846826881843,-27.727505924763967
2014-02-19 22:00:00,11.4,90,0.3,27.6,8,-3.841177586497817,-27.33139869726734
2014-02-19 23:00:00,11.5,90,0.2,26.3,9,-4.114226430558077,-25.97620335765212
2014-02-20 00:00:00,11.6,89,0.1,26.8,7,-3.2660984032579443,-26.600236863987433
2014-02-20 01:00:00,11.6,88,0.0,26.5,8,-3.6880871754417446,-26.24210382165161
2014-02-20 02:00:00,11.4,85,0.0,25.0,12,-5.197792270443995,-24.45369001834514
2014-02-20 03:00:00,11.8,83,0.0,24.9,11,-4.75114398487596,-24.44251686784683
2014-02-20 04:00:00,11.8,81,0.0,27.6,7,-3.363593877982062,-27.39427378530049
2014-02-20 05:00:00,11.4,78,0.0,29.4,7,-3.5829586961113264,-29.180856858254867
2014-02-20 06:00:00,10.9,77,0.0,29.8,8,-4.1473584086099615,-29.509988448498795
2014-02-20 07:00:00,10.4,78,0.0,29.4,7,-3.5829586961113264,-29.180856858254867
2014-02-20 08:00:00,11.3,75,0.0,29.7,6,-3.1044953590493045,-29.53730029243772
2014-02-20 09:00:00,12.7,67,0.0,30.8,6,-3.2194766686437237,-30.631274377342823
2014-02-20 10:00:00,13.9,61,0.0,32.1,4,-2.239182807186431,-32.02180601334036
2014-02-20 11:00:00,15.0,56,0.0,32.5,4,-2.2670853966840814,-32.42083163344429
2014-02-20 12:00:00,15.7,54,0.0,32.5,4,-2.2670853966840814,-32.42083163344429
2014-02-20 13:00:00,16.0,53,0.0,32.1,4,-2.239182807186431,-32.02180601334036
2014-02-20 14:00:00,16.0,53,0.0,32.1,3,-1.6799841953985124,-32.056008065621825
2014-02-20 15:00:00,15.7,53,0.0,31.7,3,-1.6590498129013345,-31.65655625171999
2014-02-20 16:00:00,14.8,56,0.0,31.0,3,-1.6224146435312734,-30.95751557739179
2014-02-20 17:00:00,13.4,62,0.0,29.5,1,-0.5148459898998632,-29.49550700711354
2014-02-20 18:00:00,11.6,66,0.0,28.9,4,-2.015962091205229,-28.829601052508917
2014-02-20 19:00:00,10.7,68,0.0,27.6,7,-3.363593877982062,-27.39427378530049
2014-02-20 20:00:00,10.3,69,0.0,27.8,5,-2.4229296483848994,-27.694212606950526
2014-02-20 21:00:00,9.9,70,0.0,27.9,7,-3.400154681003606,-27.692037630792885
2014-02-20 22:00:00,9.6,70,0.0,26.8,6,-2.80136281557311,-26.65318679586973
2014-02-20 23:00:00,9.2,72,0.0,25.4,7,-3.095481322490738,-25.21067225168958
2014-02-21 00:00:00,8.3,76,0.0,23.2,7,-2.827368766999414,-23.027070718078672
2014-02-21 01:00:00,9.2,69,0.0,20.6,6,-2.1532863433136593,-20.487151044586433
2014-02-21 02:00:00,9.1,70,0.0,17.7,6,-1.8501537998374644,-17.60303754801844
2014-02-21 03:00:00,9.2,70,0.0,16.6,359,0.2897099468589078,-16.597471739596095
2014-02-21 04:00:00,8.9,72,0.0,14.9,352,2.0736792043049754,-14.7549942242494
2014-02-21 05:00:00,9.1,72,0.0,12.7,352,1.7674983821928314,-12.576404473017943
2014-02-21 06:00:00,9.4,72,0.0,9.0,358,0.31409547032250973,-8.994517443171862
2014-02-21 07:00:00,9.5,72,0.0,11.1,13,-2.496956703216904,-10.815507719116109
2014-02-21 08:00:00,11.4,72,0.0,11.4,18,-3.5227937358744024,-10.84204428576475
2014-02-21 09:00:00,14.0,62,0.0,13.8,20,-4.719877977894226,-12.967758166845536
2014-02-21 10:00:00,15.5,57,0.0,13.6,12,-2.8275989951215332,-13.302807369979755
2014-02-21 11:00:00,16.5,56,0.0,14.5,7,-1.767105479374634,-14.39191919879917
2014-02-21 12:00:00,17.2,57,0.0,15.5,3,-0.8112073217656367,-15.478757788695894
2014-02-21 13:00:00,17.5,57,0.0,17.0,4,-1.185860053650135,-16.958588854417012
2014-02-21 14:00:00,17.6,57,0.0,19.4,1,-0.33857668488329984,-19.39704528603399
2014-02-21 15:00:00,17.8,57,0.0,21.2,359,0.36999101647041227,-21.196771137315494
2014-02-21 16:00:00,16.9,60,0.0,21.3,357,1.1147558679747065,-21.270809090272422
2014-02-21 17:00:00,15.9,64,0.0,18.0,359,0.3141433158711048,-17.997258512815044
2014-02-21 18:00:00,14.7,69,0.0,15.5,4,-1.0812253430339465,-15.462242779027275
2014-02-21 19:00:00,13.6,80,0.0,14.3,10,-2.483168940637104,-14.082750868074575
2014-02-21 20:00:00,13.6,74,0.0,13.0,6,-1.3588700224794936,-12.928784639787555
2014-02-21 21:00:00,13.8,73,0.0,11.9,360,7.286648454926752e-16,-11.9
2014-02-21 22:00:00,13.8,74,0.0,11.2,360,6.858022075225178e-16,-11.2
2014-02-21 23:00:00,13.5,75,0.0,9.1,9,-1.4235536318661024,-8.987963899415753
2014-02-22 00:00:00,13.5,75,0.0,7.6,19,-2.4743179738743906,-7.185941174554808
2014-02-22 01:00:00,13.5,75,0.0,6.0,33,-3.267834210090162,-5.032023407672544
2014-02-22 02:00:00,13.3,77,0.0,4.8,27,-2.179154398749825,-4.276831316104166
2014-02-22 03:00:00,13.8,78,0.1,4.1,15,-1.0611580849203346,-3.96029588778518
2014-02-22 04:00:00,13.7,78,0.0,4.5,29,-2.1816432911085157,-3.935788682127282
2014-02-22 05:00:00,13.6,78,0.0,5.0,30,-2.500000000000002,-4.330127018922192
2014-02-22 06:00:00,13.6,77,0.0,2.5,90,-2.5,3.061616997868383e-16
2014-02-22 07:00:00,13.6,76,0.0,3.4,72,-3.2335921554035223,-1.0506577808748208
2014-02-22 08:00:00,13.8,88,0.0,1.8,360,1.1021821192326179e-16,-1.8
2014-02-22 09:00:00,16.5,75,0.0,4.8,318,3.2118269105225195,-3.5670951622914924
2014-02-22 10:00:00,17.4,71,0.0,9.5,331,4.605691392340202,-8.30888721782426
2014-02-22 11:00:00,18.3,67,0.0,12.4,343,3.625409138561936,-11.858178973941639
2014-02-22 12:00:00,18.8,65,0.0,14.0,348,2.9107636714486325,-13.694066410273278
2014-02-22 13:00:00,19.0,63,0.0,15.1,348,3.1394665313481678,-14.770028771080463
2014-02-22 14:00:00,18.8,63,0.0,16.5,350,2.8651949315043517,-16.249327924701433
2014-02-22 15:00:00,18.2,67,0.0,16.6,356,1.157957464152479,-16.55956323431308
2014-02-22 16:00:00,17.8,69,0.0,15.9,3,-0.8321417042628145,-15.878209602597725
2014-02-22 17:00:00,17.2,72,0.0,13.3,3,-0.6960682180311593,-13.281772812235833
2014-02-22 18:00:00,16.1,78,0.0,14.1,357,0.7379369830255099,-14.080676440039491
2014-02-22 19:00:00,15.3,84,0.0,14.0,1,-0.24433369012196898,-13.997867732189478
2014-02-22 20:00:00,14.4,89,0.0,13.7,3,-0.717002600528337,-13.681224626137661
2014-02-22 21:00:00,13.8,92,0.0,13.4,6,-1.400681407786555,-13.326593397934865
2014-02-22 22:00:00,13.8,91,0.0,13.0,5,-1.1330246557195571,-12.950531075192693
2014-02-22 23:00:00,14.7,88,0.0,11.6,5,-1.0110066158728357,-11.555858497864248
2014-02-23 00:00:00,14.7,87,0.0,10.9,8,-1.5169868004647176,-10.793921949283115
2014-02-23 01:00:00,14.7,86,0.0,11.6,7,-1.413684383499707,-11.513535359039336
2014-02-23 02:00:00,14.5,86,0.0,11.9,3,-0.6227978792910372,-11.88369146357943
2014-02-23 03:00:00,13.9,86,0.0,12.0,7,-1.462432120861766,-11.910553819695865
2014-02-23 04:00:00,13.4,87,0.0,11.7,11,-2.232465245905572,-11.485038046337667
2014-02-23 05:00:00,13.7,84,0.0,12.8,11,-2.442355140819771,-12.5648279481301
2014-02-23 06:00:00,13.7,82,0.0,12.8,11,-2.442355140819771,-12.5648279481301
2014-02-23 07:00:00,13.8,82,0.0,12.4,17,-3.62540913856194,-11.858178973941639
2014-02-23 08:00:00,14.7,86,0.0,13.3,2,-0.4641633061432601,-13.291897999353974
2014-02-23 09:00:00,17.8,79,0.0,15.6,352,2.171100374977021,-15.448181872368497
2014-02-23 10:00:00,18.9,74,0.0,16.2,348,3.368169391247703,-15.845991131887649
2014-02-23 11:00:00,19.7,71,0.0,15.5,347,3.486741342329906,-15.102736004171147
2014-02-23 12:00:00,20.4,68,0.0,15.4,344,4.244815279581787,-14.80343011745011
2014-02-23 13:00:00,20.7,67,0.0,15.9,342,4.913370210561665,-15.121798609092941
2014-02-23 14:00:00,20.5,67,0.0,15.4,339,5.518866422997626,-14.377138568056907
2014-02-23 15:00:00,19.7,73,0.0,15.0,343,4.385575570841052,-14.344571339445531
2014-02-23 16:00:00,19.3,74,0.0,13.7,355,1.1940336756429164,-13.647867363856914
2014-02-23 17:00:00,18.8,76,0.0,9.6,13,-2.1595301217011063,-9.353952621938257
2014-02-23 18:00:00,18.1,83,0.0,5.5,32,-2.9145559532826275,-4.664264528860342
2014-02-23 19:00:00,17.8,78,0.0,4.2,20,-1.436484601967808,-3.9467090073008158
2014-02-23 20:00:00,17.4,80,0.0,6.0,343,1.7542302283364206,-5.737828535778212
2014-02-23 21:00:00,16.5,83,0.0,9.3,332,4.366085533908786,-8.21141261358802
2014-02-23 22:00:00,15.8,86,0.0,11.3,333,5.1300926470568795,-10.068373723328557
2014-02-23 23:00:00,15.3,88,0.0,12.4,343,3.625409138561936,-11.858178973941639
2014-02-24 00:00:00,15.0,89,0.0,11.2,356,0.7812725059342026,-11.17271736291003
2014-02-24 01:00:00,14.7,90,0.0,10.1,360,6.184466335694133e-16,-10.1
2014-02-24 02:00:00,14.5,90,0.0,7.6,5,-0.6623836448822027,-7.571079705497266
2014-02-24 03:00:00,14.3,87,0.0,4.9,17,-1.4326213531414118,-4.685893304218873
2014-02-24 04:00:00,13.6,89,0.0,1.4,90,-1.4,1.7145055188062944e-16
2014-02-24 05:00:00,11.6,92,0.0,3.6,186,0.3763024677635525,3.580278823325784
2014-02-24 06:00:00,11.5,91,0.0,6.0,253,5.737828535778212,1.7542302283364206
2014-02-24 07:00:00,13.1,89,0.0,4.0,297,3.5640260967534716,-1.815961998958187
2014-02-24 08:00:00,14.7,91,0.0,1.5,256,1.4554435894139948,0.3628828433995016
2014-02-24 09:00:00,16.9,82,0.0,4.7,203,1.8364363038995866,4.32637281122647
2014-02-24 10:00:00,18.3,75,0.0,8.0,216,4.702282018339785,6.47213595499958
2014-02-24 11:00:00,19.6,68,0.0,10.6,242,9.359244484304625,4.976398565530443
2014-02-24 12:00:00,20.4,65,0.0,12.8,260,12.605539238556263,2.2226966741367082
2014-02-24 13:00:00,20.5,63,0.0,13.0,273,12.98218395180946,-0.6803674311582698
2014-02-24 14:00:00,20.6,61,0.0,13.1,286,12.592528216791978,-3.610849361202689
2014-02-24 15:00:00,19.6,67,0.0,11.8,297,10.513876985422742,-5.357087896926652
2014-02-24 16:00:00,18.8,70,0.0,9.4,310,7.200817765318393,-6.042203531053469
2014-02-24 17:00:00,18.0,73,0.0,7.5,325,4.301823272632846,-6.143640332167439
2014-02-24 18:00:00,16.8,79,0.0,7.5,343,2.192787785420526,-7.172285669722766
2014-02-24 19:00:00,15.9,85,0.0,6.5,6,-0.6794350112397468,-6.464392319893777
2014-02-24 20:00:00,15.0,90,0.0,6.4,16,-1.7640790772287929,-6.152074854005242
2014-02-24 21:00:00,15.1,87,0.0,6.9,9,-1.0793978087775942,-6.81504955010645
2014-02-24 22:00:00,15.1,86,0.0,6.5,6,-0.6794350112397468,-6.464392319893777
2014-02-24 23:00:00,15.0,85,0.0,6.9,6,-0.7212463965468082,-6.862201078041087
2014-02-25 00:00:00,14.8,85,0.0,7.3,11,-1.3929056662487755,-7.165878439167947
2014-02-25 01:00:00,14.3,85,0.0,7.7,11,-1.4692292643993936,-7.558529312547013
2014-02-25 02:00:00,13.9,85,0.0,8.4,10,-1.458644692402215,-8.272385125302547
2014-02-25 03:00:00,13.4,85,0.0,8.2,15,-2.122316169840669,-7.92059177557036
2014-02-25 04:00:00,13.6,85,0.0,8.3,18,-2.564841053312065,-7.893769085249775
2014-02-25 05:00:00,13.3,85,0.0,8.2,15,-2.122316169840669,-7.92059177557036
2014-02-25 06:00:00,12.7,85,0.0,8.3,18,-2.564841053312065,-7.893769085249775
2014-02-25 07:00:00,13.1,83,0.0,7.2,27,-3.268731598124738,-6.415246974156248
2014-02-25 08:00:00,15.0,89,0.0,6.6,22,-2.472403516545021,-6.119413440140796
2014-02-25 09:00:00,18.7,70,0.0,6.5,6,-0.6794350112397468,-6.464392319893777
2014-02-25 10:00:00,20.3,63,0.0,6.5,354,0.6794350112397475,-6.4643923198937765
2014-02-25 11:00:00,21.5,60,0.0,8.0,342,2.4721359549995796,-7.608452130361228
2014-02-25 12:00:00,22.4,58,0.0,10.2,337,3.985457510590592,-9.389149505214892
2014-02-25 13:00:00,22.8,58,0.0,11.5,340,3.9332316482451914,-10.806465139037945
2014-02-25 14:00:00,22.7,59,0.0,11.0,341,3.5812496990287244,-10.400704331592484
2014-02-25 15:00:00,22.4,59,0.0,10.9,343,3.186851581477831,-10.423721839997087
2014-02-25 16:00:00,22.0,61,0.0,10.3,348,2.1414904154229224,-10.074920287558198
2014-02-25 17:00:00,21.0,65,0.0,8.8,351,1.3766232923540322,-8.691657397237213
2014-02-25 18:00:00,19.5,72,0.0,9.6,347,2.159530121701103,-9.353952621938259
2014-02-25 19:00:00,17.8,83,0.0,8.7,5,-0.7582549619046267,-8.666893873398186
2014-02-25 20:00:00,17.7,79,0.0,6.8,25,-2.873804179836754,-6.16289295184922
2014-02-25 21:00:00,17.5,79,0.0,5.5,23,-2.149021206691006,-5.062776693988422
2014-02-25 22:00:00,17.0,80,0.0,4.8,27,-2.179154398749825,-4.276831316104166
2014-02-25 23:00:00,16.7,81,0.0,4.6,45,-3.2526911934581193,-3.252691193458118
2014-02-26 00:00:00,15.9,82,0.0,4.7,81,-4.6421352007971475,-0.7352419856890845
2014-02-26 01:00:00,15.1,84,0.0,5.5,101,-5.3989495089621515,1.0494494745709972
2014-02-26 02:00:00,14.5,85,0.0,5.4,110,-5.074340152243905,1.846908773958612
2014-02-26 03:00:00,14.3,85,0.0,4.9,107,-4.685893304218874,1.4326213531414094
2014-02-26 04:00:00,14.0,85,0.0,5.2,106,-4.998560818879258,1.433314250248396
2014-02-26 05:00:00,13.6,85,0.0,4.8,103,-4.6769763109691285,1.079765060850553
2014-02-26 06:00:00,13.3,86,0.0,5.6,105,-5.409184627218782,1.4493866525741177
2014-02-26 07:00:00,13.4,87,0.0,4.3,90,-4.3,5.265981236333618e-16
2014-02-26 08:00:00,16.9,88,0.0,4.6,72,-4.374859974957706,-1.4214781741247573
2014-02-26 09:00:00,21.2,68,0.0,4.3,48,-3.195522749552795,-2.8772616073430903
2014-02-26 10:00:00,22.8,62,0.0,5.5,23,-2.149021206691006,-5.062776693988422
2014-02-26 11:00:00,23.7,61,0.0,7.9,357,0.41345405431925736,-7.889173324561134
2014-02-26 12:00:00,23.8,62,0.0,10.2,342,3.151973342624464,-9.700776466210565
2014-02-26 13:00:00,23.3,65,0.0,13.0,341,4.232386007943038,-12.291741482791117
2014-02-26 14:00:00,22.8,67,0.0,13.8,345,3.571702822414786,-13.329776402789143
2014-02-26 15:00:00,22.8,66,0.0,13.8,353,1.6817969389910354,-13.697136892650244
2014-02-26 16:00:00,22.3,68,0.0,12.6,360,7.715274834628325e-16,-12.6
2014-02-26 17:00:00,21.4,71,0.0,11.2,2,-0.3908743630680085,-11.193177262613872
2014-02-26 18:00:00,19.9,76,0.0,10.4,14,-2.515987714236545,-10.091075553270363
2014-02-26 19:00:00,18.5,82,0.0,10.5,31,-5.407899786555572,-9.000256657372177
2014-02-26 20:00:00,17.4,86,0.0,10.7,40,-6.8778274236459715,-8.196675541373063
2014-02-26 21:00:00,16.1,91,0.0,10.4,34,-5.815606196095764,-8.621990754572435
2014-02-26 22:00:00,15.7,88,0.0,10.5,27,-4.766900247265243,-9.355568503977862
2014-02-26 23:00:00,16.3,84,0.0,11.2,21,-4.013721034907368,-10.456100776768658
2014-02-27 00:00:00,16.1,83,0.0,11.3,22,-4.233054505599809,-10.477177556604698
2014-02-27 01:00:00,16.1,82,0.0,10.7,20,-3.6596155335846534,-10.05471104240922
2014-02-27 02:00:00,16.2,81,0.0,10.2,18,-3.1519733426244647,-9.700776466210565
2014-02-27 03:00:00,12.4,93,0.0,10.7,14,-2.5885642829164452,-10.382164271153162
2014-02-27 04:00:00,12.3,91,0.0,11.2,15,-2.898773305148231,-10.818369254437565
2014-02-27 05:00:00,12.3,91,0.0,10.2,18,-3.1519733426244647,-9.700776466210565
2014-02-27 06:00:00,12.8,88,0.0,10.0,21,-3.583679495453007,-9.335804264972015
2014-02-27 07:00:00,13.5,85,0.0,10.6,18,-3.2755801403744442,-10.081199072728626
2014-02-27 08:00:00,16.1,91,0.0,10.5,6,-1.0975488643103604,-10.442479901366871
2014-02-27 09:00:00,20.3,73,0.0,12.2,358,0.42577385977051313,-12.192568089632967
2014-02-27 10:00:00,21.9,68,0.0,13.4,354,1.4006814077865564,-13.326593397934863
2014-02-27 11:00:00,23.1,64,0.0,15.0,349,2.862134930648174,-14.72440775171496
2014-02-27 12:00:00,23.7,62,0.0,16.5,349,3.1483484237129913,-16.196848526886455
2014-02-27 13:00:00,23.7,63,0.0,17.5,352,2.4355292668011455,-17.329691202977482
2014-02-27 14:00:00,23.5,63,0.0,17.4,353,2.120526575249566,-17.270303038559
2014-02-27 15:00:00,23.0,64,0.0,17.7,355,1.542656646633549,-17.632646156223895
2014-02-27 16:00:00,22.4,66,0.0,16.6,358,0.579331645261518,-16.58988772851699
2014-02-27 17:00:00,21.7,70,0.0,14.4,357,0.7536377698983932,-14.380265300465863
2014-02-27 18:00:00,20.2,76,0.0,13.0,355,1.1330246557195558,-12.950531075192693
2014-02-27 19:00:00,18.6,85,0.0,11.2,360,6.858022075225178e-16,-11.2
2014-02-27 20:00:00,17.9,87,0.0,10.4,360,6.368163355566237e-16,-10.4
2014-02-27 21:00:00,17.8,86,0.0,10.1,360,6.184466335694133e-16,-10.1
2014-02-27 22:00:00,17.8,85,0.0,10.1,2,-0.35248491669525767,-10.093847352892867
2014-02-27 23:00:00,17.7,85,0.0,10.1,4,-0.7045403848156684,-10.075396907624224
2014-02-28 00:00:00,17.4,86,0.0,10.4,2,-0.36295476570600793,-10.393664600998596
2014-02-28 01:00:00,17.1,88,0.0,10.4,2,-0.36295476570600793,-10.393664600998596
2014-02-28 02:00:00,16.9,88,0.0,11.3,7,-1.3771235804781632,-11.21577151354694
2014-02-28 03:00:00,17.5,84,0.3,10.7,12,-2.2246550917500296,-10.46617932785172
2014-02-28 04:00:00,17.5,83,0.2,10.2,18,-3.1519733426244647,-9.700776466210565
2014-02-28 05:00:00,17.6,82,0.0,9.1,18,-2.8120546488120226,-8.654614298285896
2014-02-28 06:00:00,17.1,83,0.0,10.8,360,6.613092715395707e-16,-10.8
2014-02-28 07:00:00,16.5,87,0.0,10.5,6,-1.0975488643103604,-10.442479901366871
2014-02-28 08:00:00,18.1,90,0.0,11.4,11,-2.1752225472926088,-11.19054989130337
2014-02-28 09:00:00,20.2,82,0.0,9.2,21,-3.296985135816766,-8.588939923774255
2014-02-28 10:00:00,21.6,73,0.0,5.1,45,-3.606244584051393,-3.606244584051392
2014-02-28 11:00:00,23.2,66,0.0,2.5,82,-2.475670171853926,-0.3479327524001638
2014-02-28 12:00:00,24.3,61,0.0,2.4,333,1.0895771993749124,-2.138415658052083
2014-02-28 13:00:00,24.8,59,0.0,10.9,316,7.57177623800307,-7.840803823691297
2014-02-28 14:00:00,24.2,64,0.0,19.8,323,11.915937458410559,-15.812983098936398
2014-02-28 15:00:00,22.4,72,0.0,19.5,337,7.619257005540837,-17.94984464232259
2014-02-28 16:00:00,20.8,78,0.0,15.3,351,2.3934473151155333,-15.111631611105608
2014-02-28 17:00:00,20.2,80,0.0,11.2,356,0.7812725059342026,-11.17271736291003
2014-02-28 18:00:00,19.3,84,0.0,8.3,358,0.289665822630759,-8.294943864258496
2014-02-28 19:00:00,18.1,92,0.0,5.8,4,-0.40458754771592836,-5.78587149150698
2014-02-28 20:00:00,17.7,91,0.0,5.4,352,0.7515347451843536,-5.34744757120448
2014-02-28 21:00:00,17.9,90,0.0,4.0,360,2.4492935982947064e-16,-4.0
2014-02-28 22:00:00,17.7,89,0.0,2.9,30,-1.4500000000000013,-2.5114736709748713
2014-02-28 23:00:00,16.8,91,0.0,2.7,23,-1.0549740469210394,-2.4853631043215887
2014-03-01 00:00:00,16.2,91,0.0,3.3,6,-0.3449439287832561,-3.281922254715302
2014-03-01 01:00:00,16.0,91,0.0,5.4,352,0.7515347451843536,-5.34744757120448
2014-03-01 02:00:00,15.4,92,0.0,6.2,7,-0.7555899291119125,-6.153786140176197
2014-03-01 03:00:00,15.2,91,0.0,6.5,19,-2.116193003971518,-6.1458707413955596
2014-03-01 04:00:00,15.8,89,0.0,6.8,18,-2.1013155617496433,-6.467184310807044
2014-03-01 05:00:00,15.3,90,0.0,6.7,36,-3.938161190359571,-5.420413862312147
2014-03-01 06:00:00,15.7,89,0.3,7.6,71,-7.185941174554807,-2.474317973874391
2014-03-01 07:00:00,15.9,90,0.0,6.1,87,-6.0916401620029,-0.31924933308195574
2014-03-01 08:00:00,17.6,92,0.0,4.0,80,-3.939231012048832,-0.6945927106677219
2014-03-01 09:00:00,20.7,78,0.0,3.0,76,-2.9108871788279895,-0.7257656867990026
2014-03-01 10:00:00,21.7,73,0.0,1.1,288,1.0461621679246689,-0.33991869381244216
2014-03-01 11:00:00,23.2,66,0.0,6.6,279,6.518743047927909,-1.0324674692655236
2014-03-01 12:00:00,24.0,65,0.0,8.8,279,8.691657397237213,-1.3766232923540318
2014-03-01 13:00:00,24.0,66,0.0,8.4,277,8.337387673787106,-1.0237024846032388
2014-03-01 14:00:00,24.0,66,0.0,7.2,267,7.190132650232932,0.37681888494919563
2014-03-01 15:00:00,23.1,71,0.0,5.4,262,5.34744757120448,0.7515347451843534
2014-03-01 16:00:00,23.0,71,0.0,4.6,252,4.3748599749577055,1.421478174124758
2014-03-01 17:00:00,22.6,72,0.0,2.9,240,2.511473670974872,1.4499999999999997
2014-03-01 18:00:00,21.7,82,0.0,5.9,313,4.314986839553106,-4.023790324368742
2014-03-01 19:00:00,19.6,88,0.0,6.0,335,2.5357095704441965,-5.437846722219899
2014-03-01 20:00:00,18.4,90,0.0,6.1,357,0.3192493330819582,-6.0916401620029
2014-03-01 21:00:00,17.9,91,0.0,6.2,350,1.0766187015349686,-6.10580806867569
2014-03-01 22:00:00,17.3,94,0.3,5.4,356,0.3766849582182763,-5.386845871403051
2014-03-01 23:00:00,17.0,94,0.0,6.3,24,-2.5624408513775405,-5.755336383148386
2014-03-02 00:00:00,17.3,93,0.1,7.3,33,-3.9758649556096968,-6.122295146001595
2014-03-02 01:00:00,17.3,92,0.4,6.8,32,-3.603450996785794,-5.766727053863696
2014-03-02 02:00:00,16.9,94,0.7000000000000001,8.4,31,-4.326319829244458,-7.200205325897742
2014-03-02 03:00:00,17.0,93,0.0,11.0,23,-4.298042413382012,-10.125553387976844
2014-03-02 04:00:00,16.7,94,0.0,15.0,17,-4.385575570841056,-14.34457133944553
2014-03-02 05:00:00,16.7,93,0.0,17.3,12,-3.5968722511472446,-16.921953492694836
2014-03-02 06:00:00,16.4,93,0.0,18.7,11,-3.568128213541384,-18.356428330471317
2014-03-02 07:00:00,16.3,92,0.0,21.3,5,-1.8564173205251209,-21.21894706935418
2014-03-02 08:00:00,17.2,90,0.0,23.8,3,-1.2455957585820745,-23.76738292715886
2014-03-02 09:00:00,18.5,86,0.0,24.9,5,-2.17017799441669,-24.805247982484463
2014-03-02 10:00:00,20.0,79,0.0,24.2,4,-1.688106664607839,-24.141050016287746
2014-03-02 11:00:00,21.2,74,0.0,23.4,2,-0.8166482228385178,-23.38574535224684
2014-03-02 12:00:00,22.3,71,0.0,22.3,2,-0.778258776465767,-22.286415442525836
2014-03-02 13:00:00,22.7,69,0.0,21.6,2,-0.7538291287740165,-21.58684186361247
2014-03-02 14:00:00,22.4,69,0.0,22.0,359,0.3839529416202392,-21.99664929344061
2014-03-02 15:00:00,20.8,72,0.0,23.4,1,-0.4083863106324338,-23.396436066659554
2014-03-02 16:00:00,19.9,74,0.0,23.4,3,-1.2246613760848968,-23.367931113257026
2014-03-02 17:00:00,19.1,75,0.0,22.4,4,-1.562545011868413,-22.34543472582006
2014-03-02 18:00:00,17.9,78,0.0,20.5,1,-0.3577743319643117,-20.49687775070602
2014-03-02 19:00:00,17.0,81,0.0,20.9,1,-0.36475529453922506,-20.896816828768575
2014-03-02 20:00:00,16.4,83,0.0,21.2,360,1.2981256070961944e-15,-21.2
2014-03-02 21:00:00,16.1,83,0.0,20.5,1,-0.3577743319643117,-20.49687775070602
2014-03-02 22:00:00,15.5,86,0.0,20.5,360,1.255262969126037e-15,-20.5
2014-03-02 23:00:00,15.2,87,0.0,20.5,2,-0.7154396824012657,-20.487511953891463
2014-03-03 00:00:00,14.9,90,0.0,20.5,3,-1.0728871029803584,-20.471905462468765
2014-03-03 01:00:00,14.8,90,0.0,19.5,4,-1.3602512380104488,-19.452498980066572
2014-03-03 02:00:00,15.0,89,0.1,20.2,4,-1.4090807696313368,-20.15079381524845
2014-03-03 03:00:00,15.0,86,0.0,22.8,5,-1.987150934646608,-22.7132391164918
2014-03-03 04:00:00,14.8,87,0.2,23.9,5,-2.083022251669032,-23.809053284392718
2014-03-03 05:00:00,14.8,87,0.3,23.2,6,-2.425060347809558,-23.07290797254394
2014-03-03 06:00:00,14.5,89,0.6,22.6,8,-3.145312081697488,-22.380058353559487
2014-03-03 07:00:00,14.9,88,0.7000000000000001,21.1,9,-3.300767212348875,-20.840223986557405
2014-03-03 08:00:00,15.7,88,0.8,19.4,10,-3.3687746467384483,-19.105270408436834
2014-03-03 09:00:00,16.5,87,0.8,19.5,4,-1.3602512380104488,-19.452498980066572
2014-03-03 10:00:00,17.1,86,0.7000000000000001,19.8,2,-0.691010034709515,-19.787938374978097
2014-03-03 11:00:00,17.2,87,0.9,19.1,360,1.1695376931857224e-15,-19.1
2014-03-03 12:00:00,17.4,87,0.6,18.4,2,-0.642150739326014,-18.38879121715136
2014-03-03 13:00:00,18.3,85,0.5,18.4,3,-0.9629815948701752,-18.37478343948416
2014-03-03 14:00:00,18.5,86,1.1,19.1,2,-0.6665803870177646,-19.08836479606473
2014-03-03 15:00:00,18.2,84,0.3,19.5,3,-1.020551146737414,-19.47327592771419
2014-03-03 16:00:00,18.3,82,0.0,18.0,3,-0.9420472123729975,-17.975331625582328
2014-03-03 17:00:00,17.9,82,0.0,16.7,6,-1.7456253365698111,-16.608515652650166
2014-03-03 18:00:00,17.2,84,0.0,14.9,8,-2.0736792043049808,-14.754994224249398
2014-03-03 19:00:00,16.5,87,0.4,13.7,2,-0.4781231048242604,-13.691654330161612
2014-03-03 20:00:00,15.7,91,0.0,14.4,359,0.2513146526968838,-14.397806810252035
2014-03-03 21:00:00,15.2,93,0.0,15.5,355,1.3509140125887011,-15.441017820422056
2014-03-03 22:00:00,14.7,95,0.0,16.3,354,1.7038139512627515,-16.210706894502856
2014-03-03 23:00:00,14.8,95,0.1,17.0,355,1.4816476267101883,-16.935309867559674
2014-03-04 00:00:00,15.0,94,0.2,15.5,360,9.491012693391988e-16,-15.5
2014-03-04 01:00:00,15.0,95,0.2,12.6,2,-0.4397336584515096,-12.592324420440606
2014-03-04 02:00:00,15.1,95,0.2,10.8,2,-0.37691456438700827,-10.793420931806235
2014-03-04 03:00:00,15.3,94,0.1,10.5,6,-1.0975488643103604,-10.442479901366871
2014-03-04 04:00:00,15.3,94,0.3,10.7,12,-2.2246550917500296,-10.46617932785172
2014-03-04 05:00:00,14.9,94,0.6,10.9,9,-1.7051356689385184,-10.765802912487
2014-03-04 06:00:00,14.9,93,0.3,11.4,13,-2.564442019520064,-11.10781873855168
2014-03-04 07:00:00,15.0,93,0.0,11.4,18,-3.5227937358744024,-10.84204428576475
2014-03-04 08:00:00,17.0,90,0.4,9.7,4,-0.676637795318018,-9.676371287520293
2014-03-04 09:00:00,18.2,87,0.4,10.1,4,-0.7045403848156684,-10.075396907624224
2014-03-04 10:00:00,19.4,84,0.4,11.5,360,7.041719095097281e-16,-11.5
2014-03-04 11:00:00,20.6,81,0.2,11.9,355,1.0371533386971319,-11.854716907291772
2014-03-04 12:00:00,21.2,81,0.3,13.7,346,3.314329969715447,-13.293051449981151
2014-03-04 13:00:00,21.5,81,0.4,14.1,345,3.6493485359455424,-13.619554150675864
2014-03-04 14:00:00,21.2,83,0.1,14.2,344,3.914050452601388,-13.649916082324127
2014-03-04 15:00:00,20.7,90,0.5,15.3,345,3.9599313900685673,-14.778665142222746
2014-03-04 16:00:00,19.8,92,0.5,13.5,351,2.1118652780431173,-13.33379259803436
2014-03-04 17:00:00,18.7,95,0.5,12.7,352,1.7674983821928314,-12.576404473017943
2014-03-04 18:00:00,17.6,96,0.3,13.0,354,1.358870022479495,-12.928784639787553
2014-03-04 19:00:00,16.8,97,0.0,15.9,354,1.66200256595569,-15.812898136355546
2014-03-04 20:00:00,16.4,96,0.0,17.0,356,1.185860053650129,-16.958588854417012
2014-03-04 21:00:00,16.0,96,0.2,16.6,2,-0.5793316452615127,-16.58988772851699
2014-03-04 22:00:00,15.9,96,0.3,16.6,4,-1.1579574641524848,-16.55956323431308
2014-03-04 23:00:00,15.8,95,0.4,16.9,2,-0.5898014942722628,-16.889704976622717
2014-03-05 00:00:00,15.8,95,0.7000000000000001,17.3,360,1.0593194812624606e-15,-17.3
2014-03-05 01:00:00,15.7,95,1.1,18.4,360,1.1266750552155648e-15,-18.4
2014-03-05 02:00:00,15.7,94,1.2,20.3,6,-2.1219278043333634,-20.18879447597595
2014-03-05 03:00:00,15.6,94,1.4,20.2,11,-3.854341706606201,-19.828869105642813
2014-03-05 04:00:00,15.7,93,1.1,20.1,10,-3.4903283711052997,-19.79463583554538
2014-03-05 05:00:00,15.8,92,0.4,22.4,4,-1.562545011868413,-22.34543472582006
2014-03-05 06:00:00,15.5,91,0.4,23.4,2,-0.8166482228385178,-23.38574535224684
2014-03-05 07:00:00,15.1,91,0.6,24.5,4,-1.7090336067310767,-24.44031923136569
2014-03-05 08:00:00,15.4,90,0.6,24.7,8,-3.4375755937136256,-24.459621297916783
2014-03-05 09:00:00,17.1,85,0.3,22.5,12,-4.678013043399595,-22.008321016510624
2014-03-05 10:00:00,18.7,79,0.0,20.8,9,-3.2538368728368057,-20.543917484378863
2014-03-05 11:00:00,20.0,74,0.0,22.3,360,1.3654811810492988e-15,-22.3
2014-03-05 12:00:00,20.8,70,0.0,24.9,358,0.8689974678922768,-24.884831592775484
2014-03-05 13:00:00,21.3,68,0.0,25.2,358,0.8794673169030272,-25.184648840881213
2014-03-05 14:00:00,21.3,68,0.0,23.4,359,0.4083863106324362,-23.396436066659554
2014-03-05 15:00:00,20.2,70,0.0,22.7,359,0.39616962612633766,-22.69654268005008
2014-03-05 16:00:00,19.5,71,0.0,22.3,360,1.3654811810492988e-15,-22.3
2014-03-05 17:00:00,18.6,73,0.0,19.8,2,-0.691010034709515,-19.787938374978097
2014-03-05 18:00:00,17.5,77,0.0,18.8,4,-1.311421706389561,-18.754204144884696
2014-03-05 19:00:00,16.6,79,0.0,18.4,4,-1.2835191168919107,-18.355178524780765
2014-03-05 20:00:00,16.0,81,0.0,18.8,4,-1.311421706389561,-18.754204144884696
2014-03-05 21:00:00,16.0,81,0.0,18.1,6,-1.891965185144526,-18.00084630616575
2014-03-05 22:00:00,15.7,83,0.0,17.3,5,-1.5077943495344879,-17.234168276987198
2014-03-05 23:00:00,15.9,82,0.0,18.1,5,-1.5775189437326145,-18.031124035460596
2014-03-06 00:00:00,15.8,82,0.0,17.7,6,-1.8501537998374644,-17.60303754801844
2014-03-06 01:00:00,15.7,83,0.0,17.7,4,-1.2346895852710227,-17.65688368959889
2014-03-06 02:00:00,15.7,83,0.0,17.3,5,-1.5077943495344879,-17.234168276987198
2014-03-06 03:00:00,15.9,81,0.0,16.7,7,-2.0352180348659576,-16.575520732410077
2014-03-06 04:00:00,15.7,82,0.1,16.4,9,-2.5655252266597888,-16.198088785760255
2014-03-06 05:00:00,15.6,85,0.0,14.9,7,-1.815853216736693,-14.7889376594557
2014-03-06 06:00:00,15.6,87,0.0,15.2,4,-1.0602984009107088,-15.162973563949327
2014-03-06 07:00:00,15.7,88,0.0,14.5,6,-1.5156627173809738,-14.420567482839964
2014-03-06 08:00:00,16.5,83,0.0,14.8,359,0.2582956152717973,-14.79774588831459
2014-03-06 09:00:00,17.2,81,0.2,16.6,358,0.579331645261518,-16.58988772851699
2014-03-06 10:00:00,17.9,81,0.2,17.7,2,-0.6177210916342635,-17.689217638237995
2014-03-06 11:00:00,18.4,80,0.2,15.8,12,-3.2850047149206048,-15.45473209159413
2014-03-06 12:00:00,18.8,80,0.2,12.8,11,-2.442355140819771,-12.5648279481301
2014-03-06 13:00:00,19.4,79,0.2,13.1,352,1.8231676225768576,-12.972511700514572
2014-03-06 14:00:00,19.3,80,0.3,14.4,357,0.7536377698983932,-14.380265300465863
2014-03-06 15:00:00,17.6,86,0.6,12.7,15,-3.2870018728020116,-12.267257993871167
2014-03-06 16:00:00,17.5,87,0.1,11.3,9,-1.7677094549546108,-11.160878248725057
2014-03-06 17:00:00,17.4,88,0.0,13.8,354,1.4424927930936178,-13.724402156082173
2014-03-06 18:00:00,16.7,90,0.0,19.1,359,0.33334096295211674,-19.097090977487074
2014-03-06 19:00:00,16.0,93,0.3,22.0,3,-1.1513910373447747,-21.969849764600625
2014-03-06 20:00:00,15.4,94,0.8,23.8,3,-1.2455957585820745,-23.76738292715886
2014-03-06 21:00:00,15.1,94,0.8,23.9,5,-2.083022251669032,-23.809053284392718
2014-03-06 22:00:00,14.9,94,1.4,23.1,3,-1.2089605892120137,-23.068342252830657
2014-03-06 23:00:00,14.8,94,0.4,22.4,5,-1.9522886375475446,-22.314761237255098
2014-03-07 00:00:00,14.7,94,0.6,21.6,4,-1.5067398328731125,-21.547383485612205
2014-03-07 01:00:00,14.7,93,0.4,22.0,4,-1.5346424223707626,-21.946409105716132
2014-03-07 02:00:00,14.6,93,0.4,22.1,7,-2.6933124892537528,-21.93526995127322
2014-03-07 03:00:00,14.7,92,1.0,20.7,7,-2.5226954084865465,-20.545705338975367
2014-03-07 04:00:00,14.7,92,0.4,19.9,5,-1.734399280678399,-19.824274492025737
2014-03-07 05:00:00,14.8,91,0.2,20.9,4,-1.4579103012522245,-20.849088650430325
2014-03-07 06:00:00,14.6,91,0.0,20.6,12,-4.282980830845852,-20.149840575116396
2014-03-07 07:00:00,14.6,91,0.0,18.0,12,-3.7424104347196763,-17.6066568132085
2014-03-07 08:00:00,16.5,86,0.0,18.4,360,1.1266750552155648e-15,-18.4
2014-03-07 09:00:00,18.1,81,0.0,22.1,354,2.3100790382151417,-21.978933887638842
2014-03-07 10:00:00,19.4,76,0.0,24.5,356,1.7090336067310683,-24.44031923136569
2014-03-07 11:00:00,20.6,73,0.0,23.8,3,-1.2455957585820745,-23.76738292715886
2014-03-07 12:00:00,21.1,71,0.0,21.7,5,-1.891279617624184,-21.617424948590877
2014-03-07 13:00:00,21.6,70,0.0,21.6,1,-0.3769719790453236,-21.596710215378053
2014-03-07 14:00:00,21.7,70,0.0,22.7,359,0.39616962612633766,-22.69654268005008
2014-03-07 15:00:00,21.0,69,0.0,24.1,357,1.2612965454549496,-24.06697178758523
2014-03-07 16:00:00,20.0,72,0.0,23.8,357,1.2455957585820665,-23.76738292715886
2014-03-07 17:00:00,18.8,76,0.0,21.7,355,1.8912796176241815,-21.617424948590877
2014-03-07 18:00:00,17.4,82,0.1,20.9,357,1.0938214854775288,-20.871357276370592
2014-03-07 19:00:00,16.7,84,0.2,17.9,9,-2.8001769242201355,-17.679621296652964
2014-03-07 20:00:00,16.5,86,0.1,13.4,6,-1.400681407786555,-13.326593397934865
2014-03-07 21:00:00,16.4,87,0.0,13.0,358,0.453693457132514,-12.992080751248245
2014-03-07 22:00:00,16.4,89,0.0,13.0,355,1.1330246557195558,-12.950531075192693
2014-03-07 23:00:00,15.9,92,0.5,12.6,357,0.659433048661094,-12.58273213790763
2014-03-08 00:00:00,15.6,94,0.4,13.3,2,-0.4641633061432601,-13.291897999353974
2014-03-08 01:00:00,15.5,93,0.4,13.4,5,-1.1678869528186206,-13.34900895442939
2014-03-08 02:00:00,15.2,95,0.0,13.7,5,-1.194033675642918,-13.647867363856914
2014-03-08 03:00:00,14.8,96,0.0,14.4,4,-1.0044932219154084,-14.36492232374147
2014-03-08 04:00:00,15.1,96,0.0,15.5,4,-1.0812253430339465,-15.462242779027275
2014-03-08 05:00:00,15.2,96,0.0,16.6,2,-0.5793316452615127,-16.58988772851699
2014-03-08 06:00:00,15.2,96,0.3,14.8,3,-0.7745721523955758,-14.779717114367694
2014-03-08 07:00:00,15.6,96,0.4,12.2,2,-0.42577385977050924,-12.192568089632967
2014-03-08 08:00:00,16.8,94,0.2,12.3,355,1.0720156357961952,-12.253194786528471
2014-03-08 09:00:00,17.6,91,0.1,12.7,353,1.547740661245373,-12.605336125844788
2014-03-08 10:00:00,18.4,89,0.0,12.6,355,1.0981623586204925,-12.552053195955994
2014-03-08 11:00:00,18.9,86,0.1,13.4,354,1.4006814077865564,-13.326593397934863
2014-03-08 12:00:00,19.6,85,0.1,14.5,354,1.5156627173809751,-14.420567482839962
2014-03-08 13:00:00,20.1,85,0.4,20.3,353,2.473947671124494,-20.148686878318838
2014-03-08 14:00:00,19.2,88,0.5,23.4,358,0.8166482228385252,-23.38574535224684
2014-03-08 15:00:00,17.6,90,0.2,22.0,1,-0.38395294162023696,-21.99664929344061
2014-03-08 16:00:00,16.8,89,0.0,22.0,358,0.7677889274550238,-21.986598194420107
2014-03-08 17:00:00,16.1,88,0.0,21.6,358,0.7538291287740234,-21.58684186361247
2014-03-08 18:00:00,15.5,88,0.3,19.8,2,-0.691010034709515,-19.787938374978097
2014-03-08 19:00:00,15.0,91,0.5,18.7,2,-0.6526205883367642,-18.68860846525709
2014-03-08 20:00:00,14.9,92,0.5,17.3,5,-1.5077943495344879,-17.234168276987198
2014-03-08 21:00:00,14.9,93,0.7000000000000001,17.1,7,-2.0839657722280167,-16.97253919306661
2014-03-08 22:00:00,15.1,94,0.6,19.8,359,0.34555764745821527,-19.79698436409655
2014-03-08 23:00:00,15.2,93,0.3,23.0,1,-0.40140534805752043,-22.996496988597
2014-03-09 00:00:00,15.0,93,0.4,22.4,4,-1.562545011868413,-22.34543472582006
2014-03-09 01:00:00,14.7,93,0.5,23.8,357,1.2455957585820665,-23.76738292715886
2014-03-09 02:00:00,14.3,93,0.4,25.6,358,0.8934271155840277,-25.584405171688854
2014-03-09 03:00:00,14.0,93,0.6,24.9,4,-1.7369361962287269,-24.839344851469622
2014-03-09 04:00:00,14.1,92,0.6,23.9,6,-2.498230272096915,-23.769073299301734
2014-03-09 05:00:00,14.1,92,0.2,22.2,8,-3.089642841313461,-21.98395112606286
2014-03-09 06:00:00,14.2,90,0.0,23.9,5,-2.083022251669032,-23.809053284392718
2014-03-09 07:00:00,14.3,89,0.0,25.7,5,-2.2399025886148167,-25.60220374095786
2014-03-09 08:00:00,15.4,86,0.0,27.7,2,-0.966716058659271,-27.683125908428952
2014-03-09 09:00:00,16.8,80,0.0,30.3,2,-1.0574547500857732,-30.281542058678603
2014-03-09 10:00:00,17.8,76,0.0,31.0,2,-1.0818843977775237,-30.98111563759197
2014-03-09 11:00:00,18.8,72,0.0,30.6,1,-0.5340436369808751,-30.595339471785575
2014-03-09 12:00:00,19.2,70,0.0,29.9,2,-1.0434949514047727,-29.881785727870962
2014-03-09 13:00:00,19.3,69,0.0,29.2,1,-0.5096102679686781,-29.195552698566626
2014-03-09 14:00:00,19.3,69,0.0,29.2,1,-0.5096102679686781,-29.195552698566626
2014-03-09 15:00:00,18.5,68,0.0,28.8,1,-0.5026293053937647,-28.79561362050407
2014-03-09 16:00:00,17.6,70,0.0,27.4,1,-0.4781959363815678,-27.395826847285118
2014-03-09 17:00:00,16.7,72,0.0,24.5,359,0.42758395771344815,-24.496268531331587
2014-03-09 18:00:00,15.6,76,0.0,21.6,2,-0.7538291287740165,-21.58684186361247
2014-03-09 19:00:00,15.0,77,0.0,19.9,4,-1.388153827508099,-19.8515246001705
2014-03-09 20:00:00,14.6,79,0.0,18.7,360,1.1450447572027753e-15,-18.7
2014-03-09 21:00:00,14.3,81,0.0,20.2,356,1.4090807696313297,-20.15079381524845
2014-03-09 22:00:00,14.1,83,0.0,20.5,359,0.35777433196431374,-20.49687775070602
2014-03-09 23:00:00,13.3,88,0.0,18.8,3,-0.983915977367353,-18.77423525338599
2014-03-10 00:00:00,13.4,88,0.0,16.9,2,-0.5898014942722628,-16.889704976622717
2014-03-10 01:00:00,13.6,87,0.0,16.6,2,-0.5793316452615127,-16.58988772851699
2014-03-10 02:00:00,14.0,88,0.0,16.2,4,-1.1300548746548345,-16.16053761420915
2014-03-10 03:00:00,14.0,87,0.3,15.2,4,-1.0602984009107088,-15.162973563949327
2014-03-10 04:00:00,13.8,88,0.3,14.8,4,-1.0323958114130587,-14.763947943845398
2014-03-10 05:00:00,13.6,92,0.2,13.4,5,-1.1678869528186206,-13.34900895442939
2014-03-10 06:00:00,13.5,92,0.2,12.2,14,-2.951447126315947,-11.837607860567156
2014-03-10 07:00:00,13.6,93,0.2,10.7,12,-2.2246550917500296,-10.46617932785172
2014-03-10 08:00:00,15.8,85,0.0,9.4,7,-1.1455718280083835,-9.329933825428428
2014-03-10 09:00:00,16.9,81,0.1,8.6,360,5.265981236333618e-16,-8.6
2014-03-10 10:00:00,18.1,78,0.1,8.3,342,2.564841053312064,-7.893769085249775
2014-03-10 11:00:00,19.0,76,0.1,9.2,334,4.033014550459512,-8.268905225952336
2014-03-10 12:00:00,19.9,73,0.0,9.2,334,4.033014550459512,-8.268905225952336
2014-03-10 13:00:00,20.3,73,0.0,8.3,326,4.641301098807199,-6.881011852206847
2014-03-10 14:00:00,19.5,75,0.2,8.2,322,5.048424097670398,-6.46168817957512
2014-03-10 15:00:00,18.6,77,0.1,7.6,315,5.374011537017761,-5.37401153701776
2014-03-10 16:00:00,18.0,80,0.4,7.0,325,4.015035054457323,-5.7340643100229425
2014-03-10 17:00:00,17.1,87,0.6,5.6,345,1.4493866525741161,-5.4091846272187825
2014-03-10 18:00:00,16.7,91,0.8,4.5,346,1.0886485301985045,-4.366330768241984
2014-03-10 19:00:00,16.4,94,1.0,4.7,9,-0.7352419856890859,-4.6421352007971475
2014-03-10 20:00:00,16.5,92,0.8,3.4,18,-1.0506577808748216,-3.233592155403522
2014-03-10 21:00:00,16.3,93,0.5,3.6,354,0.3763024677635525,-3.580278823325784
2014-03-10 22:00:00,15.7,94,1.0,5.2,344,1.4333142502483958,-4.998560818879258
2014-03-10 23:00:00,15.8,94,0.5,6.1,360,3.735172737399427e-16,-6.1
2014-03-11 00:00:00,16.0,93,0.5,6.9,9,-1.0793978087775942,-6.81504955010645
2014-03-11 01:00:00,16.0,93,0.0,6.9,351,1.0793978087775935,-6.815049550106451
2014-03-11 02:00:00,15.8,94,0.1,6.6,351,1.032467469265524,-6.518743047927909
2014-03-11 03:00:00,15.3,94,0.4,6.2,353,0.7555899291119145,-6.153786140176196
2014-03-11 04:00:00,15.2,94,0.1,7.1,345,1.8376152202278973,-6.858073366652385
2014-03-11 05:00:00,15.1,95,0.0,9.0,344,2.4807362023529924,-8.65135526344487
2014-03-11 06:00:00,14.8,96,0.2,6.9,6,-0.7212463965468082,-6.862201078041087
2014-03-11 07:00:00,15.6,92,0.8,4.3,5,-0.37476969381493047,-4.283637201794505
2014-03-11 08:00:00,16.7,89,0.0,6.5,341,2.116193003971519,-6.145870741395559
2014-03-11 09:00:00,17.9,84,0.0,7.1,345,1.8376152202278973,-6.858073366652385
2014-03-11 10:00:00,19.0,81,0.3,8.4,335,3.5499933986218752,-7.61298541110786
2014-03-11 11:00:00,19.9,79,0.2,10.5,329,5.407899786555569,-9.00025665737218
2014-03-11 12:00:00,20.5,77,0.0,12.1,330,6.050000000000002,-10.478907385791707
2014-03-11 13:00:00,21.0,76,0.0,13.6,328,7.206901993571586,-11.533454107727392
2014-03-11 14:00:00,21.4,74,0.0,13.6,328,7.206901993571586,-11.533454107727392
2014-03-11 15:00:00,19.1,80,0.3,10.9,333,4.948496447161061,-9.71197111365321
2014-03-11 16:00:00,18.6,83,0.5,8.7,336,3.5386087947594613,-7.947845481490627
2014-03-11 17:00:00,18.0,88,0.4,8.2,337,3.203995253612044,-7.54813979831001
2014-03-11 18:00:00,17.3,92,0.2,9.1,353,1.1090110249868421,-9.032169979936029
2014-03-11 19:00:00,16.8,94,0.0,8.3,355,0.7233926648055626,-8.268415994161488
2014-03-11 20:00:00,16.4,94,0.0,6.9,351,1.0793978087775935,-6.815049550106451
2014-03-11 21:00:00,16.1,94,0.1,4.6,342,1.4214781741247582,-4.3748599749577055
2014-03-11 22:00:00,16.1,95,0.0,5.2,335,2.197614961051637,-4.7128004925905795
2014-03-11 23:00:00,15.6,96,0.0,5.5,337,2.1490212066910055,-5.062776693988422
2014-03-12 00:00:00,15.4,96,0.0,5.0,339,1.791839747726502,-4.667902132486009
2014-03-12 01:00:00,15.2,96,0.0,5.6,320,3.5996106142446203,-4.289848881466277
2014-03-12 02:00:00,15.0,96,0.0,5.5,328,2.914555953282627,-4.664264528860342
2014-03-12 03:00:00,15.0,96,0.1,4.8,333,2.1791543987498248,-4.276831316104166
2014-03-12 04:00:00,14.7,97,0.3,6.4,344,1.7640790772287946,-6.1520748540052415
2014-03-12 05:00:00,14.7,97,0.5,4.3,360,2.632990618166809e-16,-4.3
2014-03-12 06:00:00,14.2,97,0.1,6.8,357,0.35588450245201897,-6.790680836331102
2014-03-12 07:00:00,14.9,97,0.7000000000000001,7.6,352,1.0577155672964975,-7.5260373224359345
2014-03-12 08:00:00,16.6,94,0.5,5.6,15,-1.4493866525741155,-5.4091846272187825
2014-03-12 09:00:00,17.9,89,0.6,2.9,360,1.7757378587636622e-16,-2.9
2014-03-12 10:00:00,19.3,86,0.7000000000000001,4.7,293,4.32637281122647,-1.8364363038995868
2014-03-12 11:00:00,20.3,86,1.0,5.6,297,4.98963653545486,-2.5423467985414616
2014-03-12 12:00:00,20.5,89,1.3,4.8,333,2.1791543987498248,-4.276831316104166
2014-03-12 13:00:00,21.8,88,0.8,2.4,27,-1.0895771993749126,-2.138415658052083
2014-03-12 14:00:00,22.3,84,0.1,4.3,132,-3.195522749552794,2.8772616073430908
2014-03-12 15:00:00,23.9,81,0.1,9.1,162,-2.812054648812021,8.654614298285898
2014-03-12 16:00:00,24.0,80,1.3,7.7,191,1.4692292643993958,7.558529312547013
2014-03-12 17:00:00,23.3,84,1.2,3.2,270,3.2,0.0
2014-03-12 18:00:00,22.5,86,0.3,3.7,349,0.7059932828932162,-3.632020578756357
2014-03-12 19:00:00,21.3,92,0.0,4.5,29,-2.1816432911085157,-3.935788682127282
2014-03-12 20:00:00,20.6,91,0.2,4.0,100,-3.939231012048832,0.6945927106677211
2014-03-12 21:00:00,19.7,90,0.6,6.0,123,-5.032023407672543,3.2678342100901636
2014-03-12 22:00:00,19.5,89,0.4,4.6,162,-1.4214781741247577,4.374859974957706
2014-03-12 23:00:00,19.8,87,0.6,6.2,173,-0.7555899291119137,6.153786140176197
2014-03-13 00:00:00,19.5,87,1.6,0.4,180,2.4492935982947065e-17,0.4
2014-03-13 01:00:00,19.7,87,3.2,4.1,315,2.899137802864845,-2.8991378028648445
2014-03-13 02:00:00,19.1,88,3.5,5.0,339,1.791839747726502,-4.667902132486009
2014-03-13 03:00:00,18.5,94,2.8,4.3,5,-0.37476969381493047,-4.283637201794505
2014-03-13 04:00:00,18.1,96,4.0,4.7,32,-2.490620541896064,-3.9858260519352022
2014-03-13 05:00:00,18.4,94,3.2,5.0,30,-2.500000000000002,-4.330127018922192
2014-03-13 06:00:00,18.8,92,2.0,4.4,99,-4.345828698618606,0.6883116461770163
2014-03-13 07:00:00,18.1,96,1.0,4.1,75,-3.96029588778518,-1.0611580849203353
2014-03-13 08:00:00,19.0,96,0.7000000000000001,5.1,352,0.7097828148963339,-5.050367150582009
2014-03-13 09:00:00,19.2,96,0.1,12.7,345,3.2870018728020134,-12.267257993871167
2014-03-13 10:00:00,19.7,93,0.1,18.7,359,0.32636000037720325,-18.697151899424515
2014-03-13 11:00:00,20.1,90,0.1,21.3,3,-1.1147558679747138,-21.270809090272422
2014-03-13 12:00:00,21.0,84,0.0,23.1,3,-1.2089605892120137,-23.068342252830657
2014-03-13 13:00:00,21.1,82,0.0,23.8,3,-1.2455957585820745,-23.76738292715886
2014-03-13 14:00:00,21.3,80,0.0,24.3,6,-2.5400416574039766,-24.166882057449044
2014-03-13 15:00:00,20.8,81,0.0,24.9,5,-2.17017799441669,-24.805247982484463
2014-03-13 16:00:00,19.7,83,0.2,25.3,5,-2.2050402915157536,-25.203725861721164
2014-03-13 17:00:00,18.4,85,0.3,25.0,6,-2.613211581691334,-24.863047384206833
2014-03-13 18:00:00,16.9,88,0.3,22.9,7,-2.79080796397787,-22.729306872586275
2014-03-13 19:00:00,16.3,89,0.1,22.8,6,-2.383248962502497,-22.675099214396635
2014-03-13 20:00:00,16.0,88,0.0,22.8,6,-2.383248962502497,-22.675099214396635
2014-03-13 21:00:00,15.6,88,0.0,22.5,7,-2.7420602266158114,-22.332288411929746
2014-03-13 22:00:00,15.5,86,0.0,21.1,8,-2.936552430257389,-20.894656250447134
2014-03-13 23:00:00,15.3,86,0.0,21.3,6,-2.2264562676010167,-21.183316371344223
2014-03-14 00:00:00,15.0,86,0.0,21.1,8,-2.936552430257389,-20.894656250447134
2014-03-14 01:00:00,14.8,86,0.0,19.6,7,-2.3886391307408847,-19.453904572169915
2014-03-14 02:00:00,14.3,87,0.0,19.6,7,-2.3886391307408847,-19.453904572169915
2014-03-14 03:00:00,14.4,87,0.0,21.3,4,-1.4858128907498749,-21.248114270534256
2014-03-14 04:00:00,14.0,87,0.0,22.4,6,-2.341437577195435,-22.27729045624932
2014-03-14 05:00:00,13.6,87,0.0,22.1,7,-2.6933124892537528,-21.93526995127322
2014-03-14 06:00:00,13.3,88,0.0,22.6,8,-3.145312081697488,-22.380058353559487
2014-03-14 07:00:00,13.6,87,0.0,22.5,7,-2.7420602266158114,-22.332288411929746
2014-03-14 08:00:00,15.2,80,0.0,23.6,7,-2.8761165043614736,-23.4240891787352
2014-03-14 09:00:00,16.9,74,0.0,25.3,5,-2.2050402915157536,-25.203725861721164
2014-03-14 10:00:00,18.5,69,0.0,25.6,2,-0.8934271155840195,-25.584405171688854
2014-03-14 11:00:00,19.4,66,0.0,26.6,1,-0.4642340112317411,-26.59594869116001
2014-03-14 12:00:00,19.9,64,0.0,27.4,2,-0.9562462096485208,-27.383308660323223
2014-03-14 13:00:00,20.0,63,0.0,27.7,1,-0.48343165831275287,-27.695781155832037
2014-03-14 14:00:00,19.9,63,0.0,28.1,1,-0.4904126208876663,-28.095720233894596
2014-03-14 15:00:00,18.8,61,0.0,28.8,3,-1.507275539796796,-28.760530600931727
2014-03-14 16:00:00,17.6,63,0.0,28.2,4,-1.9671325595843414,-28.13130621732704
2014-03-14 17:00:00,16.3,65,0.0,25.3,4,-1.7648387857263772,-25.238370471573553
2014-03-14 18:00:00,15.3,67,0.0,22.4,5,-1.9522886375475446,-22.314761237255098
2014-03-14 19:00:00,14.9,67,0.0,19.9,6,-2.0801164190263015,-19.79098571782864
2014-03-14 20:00:00,14.8,68,0.0,19.8,360,1.2124003311558797e-15,-19.8
2014-03-14 21:00:00,14.6,70,0.0,18.0,3,-0.9420472123729975,-17.975331625582328
2014-03-14 22:00:00,14.0,78,0.0,14.8,4,-1.0323958114130587,-14.763947943845398
2014-03-14 23:00:00,14.2,73,0.0,11.9,5,-1.0371533386971332,-11.854716907291772
2014-03-15 00:00:00,14.6,71,0.0,11.5,360,7.041719095097281e-16,-11.5
2014-03-15 01:00:00,14.6,72,0.0,10.2,350,1.77121141220269,-10.045039080724521
2014-03-15 02:00:00,14.5,74,0.0,9.2,349,1.755442757464213,-9.030970087718508
2014-03-15 03:00:00,15.0,72,0.0,7.3,351,1.1419715947936857,-7.210124886344506
2014-03-15 04:00:00,14.9,74,0.0,6.0,343,1.7542302283364206,-5.737828535778212
2014-03-15 05:00:00,14.8,76,0.0,5.3,332,2.4881992827652213,-4.679622242152313
2014-03-15 06:00:00,14.6,78,0.0,0.8,243,0.7128052193506944,0.3631923997916374
2014-03-15 07:00:00,14.7,80,0.0,3.3,174,-0.3449439287832567,3.2819222547153015
2014-03-15 08:00:00,16.2,79,0.0,5.4,180,3.3065463576978537e-16,5.4
2014-03-15 09:00:00,17.8,73,0.0,7.7,221,5.051654523226906,5.811263767715345
2014-03-15 10:00:00,19.1,70,0.0,8.6,248,7.973781149274371,3.221616703376843
2014-03-15 11:00:00,19.9,68,0.0,9.2,259,9.030970087718508,1.755442757464212
2014-03-15 12:00:00,20.6,67,0.0,9.0,270,9.0,0.0
2014-03-15 13:00:00,21.0,65,0.0,9.1,279,8.987963899415753,-1.4235536318661008
2014-03-15 14:00:00,20.6,65,0.0,10.0,283,9.743700647852352,-2.24951054343865
2014-03-15 15:00:00,20.4,62,0.0,9.1,288,8.654614298285896,-2.8120546488120213
2014-03-15 16:00:00,19.5,64,0.0,7.9,294,7.217009115376547,-3.2132194802988217
2014-03-15 17:00:00,18.7,66,0.0,5.8,292,5.377666356487367,-2.1727182418122895
2014-03-15 18:00:00,18.0,69,0.0,4.1,308,3.2308440897875594,-2.524212048835199
2014-03-15 19:00:00,17.2,81,0.0,3.6,315,2.5455844122715714,-2.545584412271571
2014-03-15 20:00:00,16.9,78,0.0,2.5,315,1.7677669529663689,-1.7677669529663687
2014-03-15 21:00:00,16.7,78,0.0,2.8,320,1.7998053071223101,-2.1449244407331385
2014-03-15 22:00:00,16.8,75,0.0,3.4,328,1.8017254983928965,-2.883363526931848
2014-03-15 23:00:00,16.9,74,0.0,4.9,324,2.8801477362331185,-3.9641832724372428
2014-03-16 00:00:00,16.8,75,0.0,5.7,325,3.269385687200963,-4.669166652447253
2014-03-16 01:00:00,15.5,81,0.0,6.4,333,2.9055391983331,-5.702441754805554
2014-03-16 02:00:00,15.0,83,0.0,6.3,347,1.4171916423663489,-6.1385314081469815
2014-03-16 03:00:00,16.3,78,0.0,5.8,360,3.5514757175273243e-16,-5.8
2014-03-16 04:00:00,16.0,78,0.0,5.4,360,3.3065463576978537e-16,-5.4
2014-03-16 05:00:00,14.9,84,0.0,6.8,357,0.35588450245201897,-6.790680836331102
2014-03-16 06:00:00,14.3,86,0.0,8.6,2,-0.3001356716415065,-8.594761112364223
2014-03-16 07:00:00,15.3,84,0.0,8.6,358,0.3001356716415093,-8.594761112364223
2014-03-16 08:00:00,17.7,77,0.0,8.0,352,1.1133848076805237,-7.922144549932563
2014-03-16 09:00:00,19.4,69,0.0,6.8,335,2.873804179836756,-6.162892951849219
2014-03-16 10:00:00,20.3,67,0.0,9.2,318,6.156001578501495,-6.836932394392027
2014-03-16 11:00:00,20.8,67,0.0,9.9,314,7.121464023352647,-6.877117867544073
2014-03-16 12:00:00,21.3,66,0.0,10.4,316,7.224447052773572,-7.481133923521972
2014-03-16 13:00:00,21.4,66,0.0,12.0,321,7.55184469259805,-9.32575153748365
2014-03-16 14:00:00,20.9,68,0.2,12.7,325,7.284420741658286,-10.403230962470195
2014-03-16 15:00:00,20.5,68,0.0,11.6,330,5.800000000000001,-10.045894683899487
2014-03-16 16:00:00,19.4,71,0.0,9.0,331,4.363286582217034,-7.871577364254562
2014-03-16 17:00:00,18.8,72,0.0,7.2,354,0.752604935527105,-7.160557646651568
2014-03-16 18:00:00,18.4,75,0.0,6.3,336,2.5624408513775414,-5.755336383148386
2014-03-16 19:00:00,17.1,81,0.0,7.9,336,3.2132194802988217,-7.217009115376547
2014-03-16 20:00:00,16.2,87,0.0,5.9,346,1.4273391840380394,-5.7247447850283795
2014-03-16 21:00:00,15.6,88,0.0,5.8,4,-0.40458754771592836,-5.78587149150698
2014-03-16 22:00:00,15.0,89,0.0,5.8,4,-0.40458754771592836,-5.78587149150698
2014-03-16 23:00:00,14.7,88,0.0,5.8,4,-0.40458754771592836,-5.78587149150698
2014-03-17 00:00:00,14.6,88,0.0,6.2,7,-0.7555899291119125,-6.153786140176197
2014-03-17 01:00:00,14.3,88,0.0,6.6,9,-1.0324674692655247,-6.5187430479279085
2014-03-17 02:00:00,14.2,87,0.0,6.6,9,-1.0324674692655247,-6.5187430479279085
2014-03-17 03:00:00,15.5,83,0.0,6.6,13,-1.4846769586695105,-6.430842427582552
2014-03-17 04:00:00,15.3,84,0.0,6.6,13,-1.4846769586695105,-6.430842427582552
2014-03-17 05:00:00,14.6,86,0.0,6.3,13,-1.417191642366351,-6.1385314081469815
2014-03-17 06:00:00,14.6,85,0.0,8.1,21,-2.9027803913169357,-7.562001454627333
2014-03-17 07:00:00,16.6,79,0.0,5.7,35,-3.2693856872009643,-4.669166652447252
2014-03-17 08:00:00,18.7,76,0.0,4.7,360,2.8779199779962803e-16,-4.7
2014-03-17 09:00:00,20.7,68,0.0,4.7,328,2.490620541896063,-3.9858260519352022
2014-03-17 10:00:00,22.0,66,0.0,5.1,309,3.963444403430551,-3.2095339943541705
2014-03-17 11:00:00,22.9,65,0.0,6.5,304,5.38874422160777,-3.634753872559855
2014-03-17 12:00:00,23.5,66,0.0,7.0,305,5.7340643100229425,-4.015035054457322
2014-03-17 13:00:00,23.8,67,0.0,5.8,300,5.022947341949744,-2.8999999999999995
2014-03-17 14:00:00,24.0,68,0.0,6.0,295,5.437846722219899,-2.5357095704441965
2014-03-17 15:00:00,24.2,70,0.0,7.6,295,6.887939181478539,-3.211898789229316
2014-03-17 16:00:00,23.8,73,0.0,9.5,299,8.30888721782426,-4.605691392340202
2014-03-17 17:00:00,22.7,77,0.0,9.5,299,8.30888721782426,-4.605691392340202
2014-03-17 18:00:00,21.3,83,0.0,6.7,306,5.420413862312148,-3.93816119035957
2014-03-17 19:00:00,19.8,90,0.0,6.4,317,4.36478950439999,-4.6806636903626915
2014-03-17 20:00:00,18.5,94,0.0,4.2,340,1.436484601967809,-3.9467090073008153
2014-03-17 21:00:00,17.8,94,0.0,3.9,22,-1.460965714322058,-3.6160170328104706
2014-03-17 22:00:00,17.5,96,0.0,2.8,50,-2.1449244407331385,-1.7998053071223097
2014-03-17 23:00:00,17.0,96,0.0,1.1,72,-1.046162167924669,-0.33991869381244205
2014-03-18 00:00:00,16.2,97,0.0,1.1,108,-1.0461621679246689,0.3399186938124423
2014-03-18 01:00:00,14.8,99,0.0,2.3,129,-1.7874357113510329,1.4474368994146258
2014-03-18 02:00:00,14.4,96,0.0,1.9,112,-1.7616493236768958,0.7117525274902332
2014-03-18 03:00:00,17.6,85,0.0,1.8,90,-1.8,2.2043642384652358e-16
2014-03-18 04:00:00,16.7,85,0.0,2.2,99,-2.172914349309303,0.3441558230885082
2014-03-18 05:00:00,16.5,84,0.0,2.5,98,-2.475670171853926,0.3479327524001633
2014-03-18 06:00:00,17.5,79,0.0,4.3,66,-3.9282454678631837,-1.7489675652259409
2014-03-18 07:00:00,17.9,78,0.0,3.6,53,-2.875087836170254,-2.1665340833473743
2014-03-18 08:00:00,20.5,78,0.0,3.4,32,-1.801725498392897,-2.883363526931848
2014-03-18 09:00:00,22.6,71,0.0,3.3,6,-0.3449439287832561,-3.281922254715302
2014-03-18 10:00:00,23.7,70,0.0,4.8,318,3.2118269105225195,-3.5670951622914924
2014-03-18 11:00:00,24.6,69,0.0,8.0,306,6.47213595499958,-4.702282018339785
2014-03-18 12:00:00,25.2,69,0.0,8.9,310,6.817795543758905,-5.7208097262102
2014-03-18 13:00:00,25.5,68,0.0,8.9,310,6.817795543758905,-5.7208097262102
2014-03-18 14:00:00,25.7,67,0.0,7.1,311,5.358438019581681,-4.658019105832602
2014-03-18 15:00:00,24.6,74,0.0,6.2,306,5.0159053651246746,-3.6442685642133337
2014-03-18 16:00:00,24.4,75,0.0,7.2,307,5.750175672340508,-4.333068166694748
2014-03-18 17:00:00,23.6,77,0.0,6.1,315,4.31335136523794,-4.313351365237939
2014-03-18 18:00:00,22.4,83,0.0,5.2,326,2.9078030980478835,-4.3109953772862175
2014-03-18 19:00:00,21.3,88,0.0,5.1,4,-0.35575801609504043,-5.087576656325103
2014-03-18 20:00:00,20.4,92,0.0,4.7,23,-1.836436303899587,-4.326372811226469
2014-03-18 21:00:00,19.8,93,0.0,5.1,8,-0.7097828148963357,-5.050367150582008
2014-03-18 22:00:00,19.5,92,0.0,4.7,4,-0.32785542659739025,-4.688551036221174
2014-03-18 23:00:00,19.4,92,0.0,4.6,18,-1.4214781741247586,-4.3748599749577055
2014-03-19 00:00:00,19.5,91,0.0,3.1,339,1.1109406435904312,-2.8940993221413254
2014-03-19 01:00:00,19.0,92,0.0,4.0,333,1.8159619989581872,-3.564026096753471
2014-03-19 02:00:00,18.3,92,0.0,4.7,32,-2.490620541896064,-3.9858260519352022
2014-03-19 03:00:00,19.3,87,0.0,5.1,82,-5.050367150582008,-0.7097828148963341
2014-03-19 04:00:00,20.5,82,0.0,3.3,96,-3.2819222547153015,0.3449439287832573
2014-03-19 05:00:00,19.8,84,0.0,2.3,39,-1.447436899414627,-1.7874357113510322
2014-03-19 06:00:00,18.7,88,0.0,5.1,8,-0.7097828148963357,-5.050367150582008
2014-03-19 07:00:00,19.4,87,0.0,3.4,58,-2.8833635269318485,-1.8017254983928963
2014-03-19 08:00:00,22.0,81,0.0,3.8,107,-3.633958072659535,1.111012477946399
2014-03-19 09:00:00,23.5,76,0.0,2.5,278,2.475670171853926,-0.3479327524001636
2014-03-19 10:00:00,24.6,74,0.0,8.2,285,7.92059177557036,-2.12231616984067
2014-03-19 11:00:00,25.5,73,0.0,8.3,275,8.268415994161488,-0.7233926648055629
2014-03-19 12:00:00,26.2,70,0.0,8.4,263,8.337387673787106,1.0237024846032388
2014-03-19 13:00:00,26.5,69,0.0,9.3,254,8.939733772226367,2.5634274090980926
2014-03-19 14:00:00,26.6,69,0.0,10.8,249,10.08266860616978,3.8703738550892433
2014-03-19 15:00:00,26.8,71,0.0,12.4,253,11.858178973941639,3.625409138561936
2014-03-19 16:00:00,26.3,74,0.0,13.0,256,12.613844441587954,3.1449846427956807
2014-03-19 17:00:00,25.5,78,0.0,12.0,249,11.202965117966421,4.300415394543603
2014-03-19 18:00:00,24.1,84,0.0,8.8,235,7.208537989743128,5.047472639889206
2014-03-19 19:00:00,22.6,91,0.0,9.7,225,6.858935777509511,6.85893577750951
2014-03-19 20:00:00,22.2,92,0.0,9.5,233,7.587037345449282,5.717242719944458
2014-03-19 21:00:00,22.0,92,0.2,7.6,245,6.887939181478539,3.211898789229316
2014-03-19 22:00:00,21.8,93,0.2,6.4,254,6.1520748540052415,1.7640790772287946
2014-03-19 23:00:00,21.4,94,0.3,4.2,211,2.1631599146222276,3.600102662948872
2014-03-20 00:00:00,21.2,95,0.2,6.5,186,0.6794350112397475,6.4643923198937765
2014-03-20 01:00:00,20.9,94,0.0,7.0,201,2.5085756468171025,6.535062985480412
2014-03-20 02:00:00,20.8,92,0.0,7.0,215,4.015035054457323,5.7340643100229425
2014-03-20 03:00:00,21.2,90,0.0,5.1,225,3.6062445840513924,3.606244584051392
2014-03-20 04:00:00,21.2,90,0.0,3.3,229,2.4905416147351476,2.1649947956686737
2014-03-20 05:00:00,20.7,90,0.0,2.6,214,1.4539015490239418,2.1554976886431088
2014-03-20 06:00:00,20.3,90,0.0,1.1,90,-1.1,1.3471114790620887e-16
2014-03-20 07:00:00,20.2,90,0.0,1.8,360,1.1021821192326179e-16,-1.8
2014-03-20 08:00:00,22.5,86,0.0,5.3,332,2.4881992827652213,-4.679622242152313
2014-03-20 09:00:00,24.0,79,0.0,12.6,336,5.124881702755083,-11.510672766296771
2014-03-20 10:00:00,24.8,78,0.1,18.6,351,2.9096810497482952,-18.371003135069564
2014-03-20 11:00:00,24.8,78,0.3,21.6,2,-0.7538291287740165,-21.58684186361247
2014-03-20 12:00:00,24.0,82,0.1,24.2,3,-1.2665301410792522,-24.166834741060686
2014-03-20 13:00:00,23.7,81,0.0,26.3,2,-0.91785676327577,-26.28397875060222
2014-03-20 14:00:00,23.6,79,0.0,28.4,1,-0.49564834281885134,-28.395674542441512
2014-03-20 15:00:00,22.9,74,0.0,29.6,3,-1.5491443047911515,-29.559434228735388
2014-03-20 16:00:00,21.6,74,0.0,29.2,2,-1.0190653037130222,-29.182212148957596
2014-03-20 17:00:00,20.0,75,0.0,29.2,3,-1.5282099222939738,-29.159982414833554
2014-03-20 18:00:00,18.4,78,0.0,28.9,4,-2.015962091205229,-28.829601052508917
2014-03-20 19:00:00,17.2,79,0.0,29.6,5,-2.579809985330684,-29.48736306351567
2014-03-20 20:00:00,16.7,78,0.0,30.1,6,-3.1463067443563664,-29.93510905058503
2014-03-20 21:00:00,16.3,78,0.0,31.7,3,-1.6590498129013345,-31.65655625171999
2014-03-20 22:00:00,15.8,76,0.0,31.8,5,-2.7715526193755324,-31.67899139931751
2014-03-20 23:00:00,15.4,74,0.0,32.1,4,-2.239182807186431,-32.02180601334036
2014-03-21 00:00:00,15.2,72,0.0,32.5,4,-2.2670853966840814,-32.42083163344429
2014-03-21 01:00:00,15.0,72,0.2,31.1,5,-2.710543599452172,-30.98165511065329
2014-03-21 02:00:00,14.6,74,0.3,30.1,6,-3.1463067443563664,-29.93510905058503
2014-03-21 03:00:00,15.0,71,0.4,27.8,5,-2.4229296483848994,-27.694212606950526
2014-03-21 04:00:00,14.6,74,0.2,27.8,5,-2.4229296483848994,-27.694212606950526
2014-03-21 05:00:00,14.4,76,0.0,27.5,5,-2.396782925560602,-27.395354197523
2014-03-21 06:00:00,14.7,75,0.0,28.7,7,-3.4976501557277238,-28.486074552105944
2014-03-21 07:00:00,14.7,75,0.0,29.1,9,-4.552242932670723,-28.741730711318507
2014-03-21 08:00:00,15.1,74,0.0,28.8,9,-4.505312593158654,-28.445424209139965
2014-03-21 09:00:00,16.3,70,0.0,29.3,6,-3.0626839737422435,-29.13949153429041
2014-03-21 10:00:00,17.2,67,0.0,31.0,4,-2.162450686067893,-30.92448555805455
2014-03-21 11:00:00,17.8,64,0.0,31.1,5,-2.710543599452172,-30.98165511065329
2014-03-21 12:00:00,18.8,62,0.0,31.0,3,-1.6224146435312734,-30.95751557739179
2014-03-21 13:00:00,19.3,61,0.0,31.4,4,-2.1903532755655433,-31.32351117815848
2014-03-21 14:00:00,19.4,60,0.0,31.0,3,-1.6224146435312734,-30.95751557739179
2014-03-21 15:00:00,18.5,60,0.0,30.7,4,-2.141523743944655,-30.625216342976604
2014-03-21 16:00:00,17.6,62,0.0,29.2,4,-2.036889033328467,-29.128870267586866
2014-03-21 17:00:00,16.6,63,0.0,26.4,5,-2.3009116085381778,-26.29954002962208
2014-03-21 18:00:00,15.9,65,0.0,23.8,4,-1.6602040751101887,-23.742024396183815
2014-03-21 19:00:00,15.7,65,0.0,22.0,5,-1.9174263404484815,-21.9162833580184
2014-03-21 20:00:00,15.7,66,0.0,19.9,4,-1.388153827508099,-19.8515246001705
2014-03-21 21:00:00,15.6,68,0.0,19.1,4,-1.3323486485127987,-19.053473359962645
2014-03-21 22:00:00,15.3,72,0.0,18.4,6,-1.9233237241248218,-18.299202874776228
2014-03-21 23:00:00,14.7,76,0.0,17.4,6,-1.8187952608571683,-17.304680979407955
2014-03-22 00:00:00,14.2,80,0.0,14.9,7,-1.815853216736693,-14.7889376594557
2014-03-22 01:00:00,14.0,83,0.0,14.0,1,-0.24433369012196898,-13.997867732189478
2014-03-22 02:00:00,13.7,86,0.0,12.6,5,-1.0981623586204938,-12.552053195955994
2014-03-22 03:00:00,13.7,89,0.3,10.7,14,-2.5885642829164452,-10.382164271153162
2014-03-22 04:00:00,13.7,90,0.3,9.5,11,-1.812685456077174,-9.325458242752807
2014-03-22 05:00:00,13.6,92,0.3,10.5,8,-1.4613175600806911,-10.397814721786487
2014-03-22 06:00:00,13.8,93,0.3,8.4,20,-2.872969203935616,-7.8934180146016315
2014-03-22 07:00:00,14.5,92,0.3,7.6,25,-3.2118987892293136,-6.88793918147854
2014-03-22 08:00:00,15.9,82,0.2,7.4,23,-2.8914103508206264,-6.811735915548058
2014-03-22 09:00:00,16.7,80,0.0,8.5,12,-1.767249371950958,-8.314254606237347
2014-03-22 10:00:00,18.0,76,0.0,8.7,355,0.7582549619046257,-8.666893873398186
2014-03-22 11:00:00,19.0,73,0.0,8.6,345,2.2258437878816784,-8.306962106085987
2014-03-22 12:00:00,20.1,70,0.0,11.2,345,2.8987733051482323,-10.818369254437565
2014-03-22 13:00:00,20.5,69,0.0,14.1,354,1.4738513320739137,-14.022758724692652
2014-03-22 14:00:00,20.5,69,0.0,15.9,357,0.8321417042628091,-15.878209602597725
2014-03-22 15:00:00,19.9,69,0.0,16.6,359,0.2897099468589078,-16.597471739596095
2014-03-22 16:00:00,19.1,70,0.0,15.8,1,-0.27574802170907925,-15.797593583470983
2014-03-22 17:00:00,18.5,71,0.0,14.1,3,-0.7379369830255147,-14.080676440039491
2014-03-22 18:00:00,17.9,73,0.0,12.3,7,-1.4989929238833102,-12.208317665188263
2014-03-22 19:00:00,17.4,75,0.0,11.6,7,-1.413684383499707,-11.513535359039336
2014-03-22 20:00:00,17.1,78,0.0,10.5,8,-1.4613175600806911,-10.397814721786487
2014-03-22 21:00:00,16.5,83,0.1,9.4,4,-0.6557108531947805,-9.377102072442348
2014-03-22 22:00:00,16.2,87,0.2,7.2,6,-0.7526049355271042,-7.160557646651569
2014-03-22 23:00:00,15.9,89,0.3,5.4,8,-0.7515347451843555,-5.34744757120448
2014-03-23 00:00:00,16.0,89,0.3,4.5,14,-1.088648530198505,-4.366330768241984
2014-03-23 01:00:00,16.2,89,0.2,3.8,17,-1.111012477946401,-3.633958072659534
2014-03-23 02:00:00,16.4,87,0.0,3.3,13,-0.7423384793347553,-3.215421213791276
2014-03-23 03:00:00,15.9,91,0.1,2.5,360,1.5308084989341916e-16,-2.5
2014-03-23 04:00:00,15.9,90,0.1,2.5,360,1.5308084989341916e-16,-2.5
2014-03-23 05:00:00,16.0,90,0.2,2.5,352,0.34793275240016364,-2.475670171853926
2014-03-23 06:00:00,15.8,90,0.1,1.4,360,8.572527594031472e-17,-1.4
2014-03-23 07:00:00,16.0,92,0.1,1.9,22,-0.7117525274902333,-1.7616493236768958
2014-03-23 08:00:00,17.7,83,0.2,3.7,349,0.7059932828932162,-3.632020578756357
2014-03-23 09:00:00,18.6,80,0.0,7.2,342,2.224922359499622,-6.8476069173251055
2014-03-23 10:00:00,19.4,77,0.0,10.1,343,2.952954217699641,-9.658678035226657
2014-03-23 11:00:00,20.2,75,0.0,10.9,343,3.186851581477831,-10.423721839997087
2014-03-23 12:00:00,21.2,70,0.0,11.2,339,4.013721034907364,-10.45610077676866
2014-03-23 13:00:00,22.0,69,0.0,11.3,338,4.233054505599806,-10.4771775566047
2014-03-23 14:00:00,22.3,69,0.0,11.6,338,4.345436483624579,-10.755332712974734
2014-03-23 15:00:00,20.9,74,0.1,10.9,343,3.186851581477831,-10.423721839997087
2014-03-23 16:00:00,20.7,74,0.0,10.4,340,3.557009490586956,-9.772803256173447
2014-03-23 17:00:00,20.0,75,0.0,8.4,340,2.872969203935618,-7.893418014601631
2014-03-23 18:00:00,19.4,78,0.0,5.2,344,1.4333142502483958,-4.998560818879258
2014-03-23 19:00:00,18.6,84,0.0,2.9,330,1.4500000000000002,-2.5114736709748717
2014-03-23 20:00:00,18.2,89,0.0,1.4,270,1.4,0.0
2014-03-23 21:00:00,17.7,89,0.0,2.6,286,2.499280409439629,-0.7166571251241979
2014-03-23 22:00:00,17.4,90,0.0,3.0,284,2.9108871788279895,-0.7257656867990032
2014-03-23 23:00:00,17.0,89,0.0,3.7,281,3.632020578756357,-0.7059932828932158
2014-03-24 00:00:00,16.7,90,0.0,4.0,280,3.939231012048832,-0.6945927106677213
2014-03-24 01:00:00,16.7,89,0.0,3.3,283,3.2154212137912763,-0.7423384793347545
2014-03-24 02:00:00,16.7,89,0.0,2.5,270,2.5,0.0
2014-03-24 03:00:00,17.3,86,0.0,3.0,256,2.9108871788279895,0.7257656867990032
2014-03-24 04:00:00,17.4,86,0.0,3.3,264,3.2819222547153015,0.3449439287832564
2014-03-24 05:00:00,17.7,84,0.0,2.9,277,2.8783838397598336,-0.35342109587492765
2014-03-24 06:00:00,17.5,84,0.0,2.9,263,2.8783838397598336,0.35342109587492765
2014-03-24 07:00:00,17.6,86,0.0,1.4,270,1.4,0.0
2014-03-24 08:00:00,19.0,82,0.0,2.9,270,2.9,0.0
2014-03-24 09:00:00,20.1,78,0.0,5.1,274,5.087576656325103,-0.35575801609503904
2014-03-24 10:00:00,21.3,74,0.0,9.7,285,9.369480515003962,-2.510544737494451
2014-03-24 11:00:00,22.0,71,0.0,12.6,294,11.510672766296771,-5.124881702755083
2014-03-24 12:00:00,22.4,71,0.0,12.6,301,10.800307988846615,-6.489479743866682
2014-03-24 13:00:00,22.3,70,0.0,11.0,302,9.328529057720685,-5.829111906565254
2014-03-24 14:00:00,21.9,71,0.0,9.0,293,8.284543681071963,-3.5165801564034638
2014-03-24 15:00:00,21.1,74,0.0,8.4,290,7.8934180146016315,-2.872969203935617
2014-03-24 16:00:00,21.1,72,0.0,7.8,292,7.232034065620942,-2.921931428644114
2014-03-24 17:00:00,20.5,73,0.0,6.3,294,5.755336383148386,-2.5624408513775414
2014-03-24 18:00:00,19.8,76,0.0,4.2,301,3.600102662948872,-2.1631599146222276
2014-03-24 19:00:00,18.6,84,0.0,4.7,302,3.9858260519352022,-2.490620541896063
2014-03-24 20:00:00,17.4,89,0.0,4.7,302,3.9858260519352022,-2.490620541896063
2014-03-24 21:00:00,17.4,87,0.0,3.7,299,3.2360929164157644,-1.7937955949114472
2014-03-24 22:00:00,17.3,87,0.0,3.4,288,3.233592155403522,-1.0506577808748212
2014-03-24 23:00:00,17.4,86,0.0,3.2,270,3.2,0.0
2014-03-25 00:00:00,17.5,86,0.0,4.0,260,3.939231012048832,0.6945927106677213
2014-03-25 01:00:00,17.6,86,0.0,3.8,253,3.6339580726595346,1.1110124779463997
2014-03-25 02:00:00,17.5,85,0.0,2.6,236,2.1554976886431083,1.453901549023942
2014-03-25 03:00:00,18.2,83,0.0,2.3,219,1.447436899414626,1.7874357113510329
2014-03-25 04:00:00,18.0,83,0.0,2.0,225,1.4142135623730951,1.414213562373095
2014-03-25 05:00:00,17.7,84,0.0,2.4,243,2.138415658052083,1.0895771993749122
2014-03-25 06:00:00,17.5,85,0.0,2.1,239,1.800051331474436,1.0815799573111138
2014-03-25 07:00:00,17.7,87,0.0,1.8,233,1.437543918085127,1.083267041673687
2014-03-25 08:00:00,19.6,79,0.0,3.0,256,2.9108871788279895,0.7257656867990032
2014-03-25 09:00:00,20.6,74,0.0,4.7,279,4.6421352007971475,-0.7352419856890852
2014-03-25 10:00:00,21.7,70,0.0,7.4,284,7.180188374442374,-1.7902220274375413
2014-03-25 11:00:00,22.6,68,0.0,9.7,292,8.993683389297837,-3.6336839561343464
2014-03-25 12:00:00,22.9,68,0.0,10.3,295,9.334970206477495,-4.352968095929205
2014-03-25 13:00:00,23.3,68,0.0,10.2,293,9.389149505214892,-3.9854575105905923
2014-03-25 14:00:00,23.2,68,0.0,9.2,291,8.588939923774255,-3.296985135816762
2014-03-25 15:00:00,23.2,66,0.0,8.1,291,7.5620014546273335,-2.902780391316932
2014-03-25 16:00:00,23.0,66,0.0,7.9,300,6.841600689897066,-3.9499999999999997
2014-03-25 17:00:00,22.1,68,0.0,4.6,321,2.894873798829252,-3.5748714227020657
2014-03-25 18:00:00,21.2,72,0.0,3.6,45,-2.545584412271572,-2.545584412271571
2014-03-25 19:00:00,20.2,78,0.0,7.2,96,-7.160557646651568,0.7526049355271069
2014-03-25 20:00:00,19.3,84,0.0,8.6,105,-8.306962106085987,2.2258437878816806
2014-03-25 21:00:00,18.5,88,0.0,9.2,101,-9.030970087718508,1.7554427574642135
2014-03-25 22:00:00,17.5,90,0.0,8.4,100,-8.272385125302547,1.4586446924022143
2014-03-25 23:00:00,17.1,89,0.0,7.3,101,-7.165878439167947,1.3929056662487782
2014-03-26 00:00:00,16.1,93,0.0,5.9,104,-5.7247447850283795,1.4273391840380396
2014-03-26 01:00:00,15.5,95,0.0,5.2,102,-5.08636752381579,1.0811407922523484
2014-03-26 02:00:00,15.6,96,0.0,6.0,107,-5.737828535778213,1.7542302283364197
2014-03-26 03:00:00,17.3,84,0.0,6.8,115,-6.162892951849219,2.8738041798367564
2014-03-26 04:00:00,16.9,84,0.0,6.8,115,-6.162892951849219,2.8738041798367564
2014-03-26 05:00:00,16.7,85,0.0,7.1,114,-6.486172749262465,2.887830165838183
2014-03-26 06:00:00,16.4,85,0.0,4.5,104,-4.366330768241984,1.0886485301985047
2014-03-26 07:00:00,17.4,86,0.0,1.6,117,-1.4256104387013886,0.7263847995832751
2014-03-26 08:00:00,22.4,75,0.0,1.3,56,-1.0777488443215544,-0.7269507745119708
2014-03-26 09:00:00,24.7,63,0.0,1.3,304,1.0777488443215542,-0.726950774511971
2014-03-26 10:00:00,25.5,62,0.0,3.1,306,2.5079526825623373,-1.8221342821066668
2014-03-26 11:00:00,26.4,62,0.0,6.1,320,3.92100441908789,-4.6728711030257655
2014-03-26 12:00:00,26.8,64,0.0,8.6,327,4.683895701129233,-7.212566884330647
2014-03-26 13:00:00,26.7,65,0.0,9.7,329,4.995869326627525,-8.31452281681049
2014-03-26 14:00:00,26.6,67,0.0,9.0,323,5.4163352083684355,-7.187719590425635
2014-03-26 15:00:00,26.2,68,0.0,7.4,321,4.656970893768798,-5.750880114781585
2014-03-26 16:00:00,25.9,70,0.0,6.1,320,3.92100441908789,-4.6728711030257655
2014-03-26 17:00:00,25.3,72,0.0,4.4,325,2.5237363199446032,-3.604268994871564
2014-03-26 18:00:00,24.2,76,0.0,3.2,27,-1.4527695991665501,-2.851220877402777
2014-03-26 19:00:00,22.5,87,0.0,3.2,90,-3.2,3.9188697572715305e-16
2014-03-26 20:00:00,22.1,84,0.0,5.7,108,-5.421022142882375,1.7613968679372007
2014-03-26 21:00:00,21.6,84,0.0,7.0,125,-5.734064310022943,4.0150350544573215
2014-03-26 22:00:00,21.8,82,0.0,4.7,122,-3.9858260519352022,2.490620541896063
2014-03-26 23:00:00,21.1,83,0.0,1.1,108,-1.0461621679246689,0.3399186938124423
2014-03-27 00:00:00,21.3,81,0.0,1.8,90,-1.8,2.2043642384652358e-16
2014-03-27 01:00:00,20.6,84,0.2,2.3,72,-2.187429987478853,-0.7107390870623786
2014-03-27 02:00:00,19.0,90,1.0,5.1,39,-3.2095339943541727,-3.96344440343055
2014-03-27 03:00:00,19.0,85,2.0,7.9,39,-4.971631089293719,-6.139453095510068
2014-03-27 04:00:00,18.5,91,2.4,6.3,24,-2.5624408513775405,-5.755336383148386
2014-03-27 05:00:00,18.2,93,1.4,5.1,4,-0.35575801609504043,-5.087576656325103
2014-03-27 06:00:00,18.2,94,0.8,5.8,353,0.7068421917498554,-5.756767679519667
2014-03-27 07:00:00,19.6,92,0.7000000000000001,5.1,4,-0.35575801609504043,-5.087576656325103
2014-03-27 08:00:00,21.1,89,0.5,7.6,8,-1.0577155672965002,-7.526037322435934
2014-03-27 09:00:00,22.3,86,0.0,8.1,13,-1.8221035401853085,-7.892397524760404
2014-03-27 10:00:00,23.3,81,0.4,9.9,10,-1.7191169589026103,-9.74959675482086
2014-03-27 11:00:00,24.1,79,0.4,11.2,356,0.7812725059342026,-11.17271736291003
2014-03-27 12:00:00,24.4,78,0.7000000000000001,13.6,343,3.97625518422922,-13.005744681097282
2014-03-27 13:00:00,24.7,78,0.5,14.7,343,4.2978640594242306,-14.05767991265662
2014-03-27 14:00:00,24.8,78,0.0,13.5,351,2.1118652780431173,-13.33379259803436
2014-03-27 15:00:00,25.7,77,0.0,13.0,354,1.358870022479495,-12.928784639787553
2014-03-27 16:00:00,25.4,78,0.0,12.6,357,0.659433048661094,-12.58273213790763
2014-03-27 17:00:00,24.6,81,0.0,10.5,354,1.0975488643103612,-10.44247990136687
2014-03-27 18:00:00,23.2,87,0.0,11.4,347,2.5644420195200603,-11.107818738551682
2014-03-27 19:00:00,22.1,92,0.0,9.7,358,0.33852511801426044,-9.694091022085228
2014-03-27 20:00:00,21.4,95,0.0,8.0,350,1.3891854213354433,-7.878462024097664
2014-03-27 21:00:00,20.6,97,0.3,7.3,349,1.3929056662487778,-7.165878439167947
2014-03-27 22:00:00,20.3,97,0.6,5.6,15,-1.4493866525741155,-5.4091846272187825
2014-03-27 23:00:00,20.6,97,0.2,4.1,38,-2.524212048835198,-3.2308440897875603
2014-03-28 00:00:00,19.6,98,0.0,3.6,45,-2.545584412271572,-2.545584412271571
2014-03-28 01:00:00,20.5,94,0.0,2.9,60,-2.5114736709748717,-1.4500000000000002
2014-03-28 02:00:00,19.8,94,0.0,3.7,79,-3.632020578756357,-0.7059932828932155
2014-03-28 03:00:00,20.9,84,0.1,3.6,84,-3.580278823325784,-0.3763024677635526
2014-03-28 04:00:00,20.1,85,0.0,3.6,96,-3.580278823325784,0.37630246776355347
2014-03-28 05:00:00,19.7,84,0.0,4.3,85,-4.283637201794505,-0.37476969381492914
2014-03-28 06:00:00,19.3,84,0.0,3.3,84,-3.2819222547153015,-0.3449439287832565
2014-03-28 07:00:00,20.8,80,0.0,1.8,11,-0.3434561916777803,-1.7669289302057951
2014-03-28 08:00:00,24.1,77,0.0,5.5,328,2.914555953282627,-4.664264528860342
2014-03-28 09:00:00,25.7,74,0.0,7.4,331,3.587591189822895,-6.472185832831529
2014-03-28 10:00:00,26.6,73,0.0,5.0,330,2.5000000000000004,-4.330127018922193
2014-03-28 11:00:00,27.2,72,0.0,4.9,287,4.685893304218874,-1.4326213531414103
2014-03-28 12:00:00,27.2,72,0.0,8.8,282,8.607698886457491,-1.8296228791962823
2014-03-28 13:00:00,26.9,73,0.0,9.7,274,9.676371287520293,-0.6766377953180154
2014-03-28 14:00:00,27.1,73,0.0,9.3,286,8.939733772226367,-2.5634274090980926
2014-03-28 15:00:00,27.3,72,0.0,7.8,292,7.232034065620942,-2.921931428644114
2014-03-28 16:00:00,26.8,75,0.0,8.7,308,6.85569355637848,-5.356254835333226
2014-03-28 17:00:00,25.9,79,0.0,5.8,338,2.1727182418122895,-5.377666356487367
2014-03-28 18:00:00,24.9,83,0.0,6.6,351,1.032467469265524,-6.518743047927909
2014-03-28 19:00:00,23.8,89,0.0,9.1,7,-1.1090110249868392,-9.03216997993603
2014-03-28 20:00:00,22.7,93,0.0,10.6,18,-3.2755801403744442,-10.081199072728626
2014-03-28 21:00:00,21.8,95,0.0,10.8,30,-5.400000000000005,-9.353074360871934
2014-03-28 22:00:00,21.4,96,0.0,7.3,33,-3.9758649556096968,-6.122295146001595
2014-03-28 23:00:00,22.1,93,0.0,4.6,18,-1.4214781741247586,-4.3748599749577055
2014-03-29 00:00:00,20.9,95,0.0,4.3,42,-2.87726160734309,-3.195522749552796
2014-03-29 01:00:00,21.4,92,0.0,5.4,90,-5.4,6.613092715395707e-16
2014-03-29 02:00:00,20.6,93,0.0,2.6,106,-2.499280409439629,0.716657125124198
2014-03-29 03:00:00,21.6,85,0.0,2.6,16,-0.7166571251241971,-2.4992804094396295
2014-03-29 04:00:00,20.6,87,0.0,2.9,83,-2.878383839759834,-0.3534210958749272
2014-03-29 05:00:00,18.6,92,0.0,5.6,105,-5.409184627218782,1.4493866525741177
2014-03-29 06:00:00,18.0,93,0.0,4.7,113,-4.32637281122647,1.8364363038995868
2014-03-29 07:00:00,19.4,95,0.0,2.8,130,-2.144924440733138,1.7998053071223103
2014-03-29 08:00:00,24.0,82,0.0,3.4,212,1.8017254983928965,2.883363526931848
2014-03-29 09:00:00,26.5,66,0.0,6.7,216,3.93816119035957,5.420413862312148
2014-03-29 10:00:00,28.2,60,0.0,13.0,214,7.269507745119708,10.777488443215542
2014-03-29 11:00:00,29.3,59,0.0,16.9,218,10.404678933003625,13.317381735953601
2014-03-29 12:00:00,29.5,61,0.0,20.6,223,14.04916621728747,15.065886253354913
2014-03-29 13:00:00,29.0,65,0.0,20.5,204,8.338101183053904,18.727681881673316
2014-03-29 14:00:00,28.3,68,0.5,21.3,186,2.226456267601019,21.183316371344223
2014-03-29 15:00:00,27.2,71,0.1,18.8,184,1.3114217063895544,18.754204144884696
2014-03-29 16:00:00,27.6,66,0.5,15.6,199,5.0788632095316455,14.750089779349342
2014-03-29 17:00:00,26.8,70,0.5,11.6,206,5.085105302753298,10.426010937070338
2014-03-29 18:00:00,25.7,72,0.0,12.3,195,3.183474254761005,11.88088766335554
2014-03-29 19:00:00,24.5,76,0.0,9.7,158,-3.633683956134347,8.993683389297837
2014-03-29 20:00:00,23.1,80,0.0,10.0,142,-6.156614753256583,7.88010753606722
2014-03-29 21:00:00,22.1,81,0.0,10.0,128,-7.880107536067219,6.156614753256584
2014-03-29 22:00:00,21.2,81,0.0,8.0,108,-7.608452130361228,2.47213595499958
2014-03-29 23:00:00,20.6,82,0.0,5.8,97,-5.756767679519667,0.7068421917498557
2014-03-30 00:00:00,20.5,79,0.0,2.9,83,-2.878383839759834,-0.3534210958749272
2014-03-30 01:00:00,22.0,69,0.2,3.1,234,2.5079526825623373,1.8221342821066668
2014-03-30 02:00:00,22.1,69,0.1,5.3,208,2.4881992827652213,4.679622242152313
2014-03-30 03:00:00,19.9,84,0.0,5.2,168,-1.0811407922523486,5.08636752381579
2014-03-30 04:00:00,19.6,84,0.0,7.2,127,-5.750175672340509,4.333068166694747
2014-03-30 05:00:00,20.3,78,0.0,4.3,90,-4.3,5.265981236333618e-16
2014-03-30 06:00:00,19.1,84,0.0,7.4,14,-1.7902220274375418,-7.180188374442374
2014-03-30 07:00:00,19.7,89,0.0,11.5,4,-0.8021994480574441,-11.471986577987979
2014-03-30 08:00:00,23.3,77,0.0,12.7,8,-1.7674983821928358,-12.576404473017941
2014-03-30 09:00:00,24.7,70,0.0,10.9,8,-1.5169868004647176,-10.793921949283115
2014-03-30 10:00:00,26.1,66,0.0,10.5,352,1.4613175600806874,-10.397814721786489
2014-03-30 11:00:00,27.0,64,0.0,11.9,346,2.8788705576360454,-11.546519142684359
2014-03-30 12:00:00,27.4,64,0.0,11.7,349,2.2324652459055754,-11.485038046337667
2014-03-30 13:00:00,27.3,65,0.0,10.2,350,1.77121141220269,-10.045039080724521
2014-03-30 14:00:00,27.5,64,0.0,7.7,349,1.4692292643993958,-7.558529312547013
2014-03-30 15:00:00,27.0,67,0.0,8.3,342,2.564841053312064,-7.893769085249775
2014-03-30 16:00:00,26.7,69,0.0,9.7,360,5.939536975864663e-16,-9.7
2014-03-30 17:00:00,25.9,72,0.0,9.0,23,-3.5165801564034647,-8.284543681071963
2014-03-30 18:00:00,25.2,75,0.0,9.0,16,-2.4807362023529897,-8.651355263444872
2014-03-30 19:00:00,23.7,85,0.0,9.4,32,-4.981241083792128,-7.9716521038704045
2014-03-30 20:00:00,23.3,82,0.0,7.7,28,-3.614931033451359,-6.798696465013738
2014-03-30 21:00:00,23.4,80,0.0,9.0,5,-0.7844016847289242,-8.96575228282571
2014-03-30 22:00:00,23.0,82,0.0,9.0,358,0.31409547032250973,-8.994517443171862
2014-03-30 23:00:00,22.5,84,0.0,8.3,358,0.289665822630759,-8.294943864258496
2014-03-31 00:00:00,22.4,84,0.0,7.2,6,-0.7526049355271042,-7.160557646651569
2014-03-31 01:00:00,22.3,84,0.0,5.5,23,-2.149021206691006,-5.062776693988422
2014-03-31 02:00:00,21.1,88,0.0,5.1,8,-0.7097828148963357,-5.050367150582008
2014-03-31 03:00:00,21.1,89,0.3,6.8,3,-0.3558845024520213,-6.790680836331102
2014-03-31 04:00:00,21.0,89,0.3,6.9,6,-0.7212463965468082,-6.862201078041087
2014-03-31 05:00:00,20.4,92,0.4,5.9,14,-1.42733918403804,-5.7247447850283795
2014-03-31 06:00:00,20.4,92,0.2,5.9,79,-5.791600382341218,-1.125773072721614
2014-03-31 07:00:00,20.9,93,0.0,7.0,111,-6.535062985480412,2.5085756468171017
2014-03-31 08:00:00,22.3,89,0.0,5.1,135,-3.606244584051392,3.6062445840513924
2014-03-31 09:00:00,23.6,84,0.4,4.0,275,3.984778792366982,-0.34862297099063266
2014-03-31 10:00:00,24.3,81,0.2,7.9,321,4.971631089293717,-6.139453095510071
2014-03-31 11:00:00,24.4,83,0.6,6.6,347,1.4846769586695083,-6.430842427582553
2014-03-31 12:00:00,24.5,83,1.0,10.2,309,7.926888806861102,-6.419067988708341
2014-03-31 13:00:00,24.6,83,1.8,15.1,310,11.567271091096568,-9.706092906266742
2014-03-31 14:00:00,23.7,86,1.8,17.2,323,10.35121839821523,-13.736530772813436
2014-03-31 15:00:00,21.6,95,2.4,10.4,346,2.515987714236544,-10.091075553270363
2014-03-31 16:00:00,21.3,96,2.1,7.9,60,-6.841600689897065,-3.950000000000001
2014-03-31 17:00:00,21.6,94,1.3,5.0,60,-4.330127018922193,-2.5000000000000004
2014-03-31 18:00:00,21.7,94,0.3,3.1,306,2.5079526825623373,-1.8221342821066668
2014-03-31 19:00:00,20.9,95,0.0,6.4,322,3.9402334420842133,-5.043268823083022
2014-03-31 20:00:00,20.6,96,0.0,7.8,347,1.7546182238821464,-7.6000865053248345
2014-03-31 21:00:00,20.5,94,0.0,9.4,337,3.672872607799173,-8.65274562245294
2014-03-31 22:00:00,19.8,95,0.6,9.3,332,4.366085533908786,-8.21141261358802
2014-03-31 23:00:00,19.5,97,0.5,11.7,349,2.2324652459055754,-11.485038046337667
2014-04-01 00:00:00,19.2,97,1.3,15.5,357,0.8112073217656315,-15.478757788695894
2014-04-01 01:00:00,19.1,97,2.1,17.0,4,-1.185860053650135,-16.958588854417012
2014-04-01 02:00:00,18.9,96,3.3,15.6,8,-2.171100374977027,-15.448181872368496
2014-04-01 03:00:00,18.6,96,1.1,14.5,7,-1.767105479374634,-14.39191919879917
2014-04-01 04:00:00,18.5,96,0.3,14.9,7,-1.815853216736693,-14.7889376594557
2014-04-01 05:00:00,18.3,97,0.2,13.6,11,-2.5950023371210067,-13.35012969488823
2014-04-01 06:00:00,18.4,96,0.2,13.3,19,-4.330056454280184,-12.575397055470916
2014-04-01 07:00:00,18.8,96,0.0,11.8,20,-4.0358376912428895,-11.08837292527372
2014-04-01 08:00:00,20.0,92,0.0,11.5,4,-0.8021994480574441,-11.471986577987979
2014-04-01 09:00:00,20.8,89,0.0,15.9,354,1.66200256595569,-15.812898136355546
2014-04-01 10:00:00,21.8,87,0.2,18.4,356,1.2835191168919042,-18.355178524780765
2014-04-01 11:00:00,22.3,82,0.3,18.4,1,-0.3211242784460163,-18.3971975908776
2014-04-01 12:00:00,22.4,82,0.0,17.6,1,-0.30716235329618957,-17.59731943475249
2014-04-01 13:00:00,22.9,80,0.2,18.4,358,0.6421507393260198,-18.38879121715136
2014-04-01 14:00:00,23.6,77,0.0,18.4,1,-0.3211242784460163,-18.3971975908776
2014-04-01 15:00:00,22.6,80,0.0,17.8,7,-2.16927431261162,-17.667321499215532
2014-04-01 16:00:00,22.7,79,0.0,17.2,11,-3.2819147204765673,-16.883987555299818
2014-04-01 17:00:00,22.2,81,0.3,16.2,1,-0.2827289842839927,-16.197532661533536
2014-04-01 18:00:00,20.6,89,1.4,19.2,355,1.6733902607550362,-19.126938203361515
2014-04-01 19:00:00,19.4,93,0.9,19.1,360,1.1695376931857224e-15,-19.1
2014-04-01 20:00:00,19.4,92,0.5,20.6,356,1.43698335912898,-20.54981943535238
2014-04-01 21:00:00,18.9,94,1.1,20.9,360,1.279755905108984e-15,-20.9
2014-04-01 22:00:00,18.5,94,0.3,17.8,7,-2.16927431261162,-17.667321499215532
2014-04-01 23:00:00,18.5,94,0.5,15.6,8,-2.171100374977027,-15.448181872368496
2014-04-02 00:00:00,18.2,94,0.4,14.1,6,-1.4738513320739124,-14.022758724692654
2014-04-02 01:00:00,18.4,95,0.2,13.4,6,-1.400681407786555,-13.326593397934865
2014-04-02 02:00:00,18.0,96,0.2,11.6,16,-3.197393327477187,-11.1506356728845
2014-04-02 03:00:00,18.2,94,0.0,11.4,18,-3.5227937358744024,-10.84204428576475
2014-04-02 04:00:00,18.1,94,0.0,12.0,16,-3.3076482698039866,-11.535140351259829
2014-04-02 05:00:00,18.1,94,0.0,13.3,3,-0.6960682180311593,-13.281772812235833
2014-04-02 06:00:00,17.7,95,0.0,14.1,3,-0.7379369830255147,-14.080676440039491
2014-04-02 07:00:00,18.8,94,0.0,14.4,3,-0.753637769898398,-14.380265300465863
2014-04-02 08:00:00,20.3,88,0.0,15.9,4,-1.1091279325315968,-15.861268399131205
2014-04-02 09:00:00,21.4,84,0.0,17.3,356,1.2067869957733666,-17.257858069494958
2014-04-02 10:00:00,22.5,80,0.0,16.9,358,0.5898014942722682,-16.889704976622717
2014-04-02 11:00:00,23.6,77,0.0,15.5,360,9.491012693391988e-16,-15.5
2014-04-02 12:00:00,24.2,75,0.0,15.8,359,0.27574802170908086,-15.797593583470983
2014-04-02 13:00:00,24.4,75,0.0,16.5,350,2.8651949315043517,-16.249327924701433
2014-04-02 14:00:00,23.7,77,0.0,14.1,6,-1.4738513320739124,-14.022758724692654
2014-04-02 15:00:00,20.7,93,1.8,12.9,18,-3.9863192274368235,-12.26862906020748
2014-04-02 16:00:00,20.5,94,0.7000000000000001,10.5,27,-4.766900247265243,-9.355568503977862
2014-04-02 17:00:00,21.0,91,0.9,8.2,23,-3.203995253612045,-7.548139798310009
2014-04-02 18:00:00,20.7,93,0.0,10.5,6,-1.0975488643103604,-10.442479901366871
2014-04-02 19:00:00,20.0,95,0.0,12.3,3,-0.643732261788215,-12.283143277481258
2014-04-02 20:00:00,19.3,97,0.0,13.4,355,1.167886952818619,-13.34900895442939
2014-04-02 21:00:00,19.2,96,0.0,14.3,348,2.9731371786939604,-13.987510690493421
2014-04-02 22:00:00,19.1,97,0.0,11.8,340,4.035837691242892,-11.088372925273719
2014-04-02 23:00:00,19.0,96,0.0,10.0,339,3.583679495453004,-9.335804264972017
2014-04-03 00:00:00,18.6,97,0.4,10.1,4,-0.7045403848156684,-10.075396907624224
2014-04-03 01:00:00,18.3,97,0.2,10.2,45,-7.212489168102786,-7.212489168102784
2014-04-03 02:00:00,18.1,98,1.3,7.1,45,-5.020458146424488,-5.020458146424486
2014-04-03 03:00:00,19.0,92,0.0,5.8,353,0.7068421917498554,-5.756767679519667
2014-04-03 04:00:00,18.5,93,0.0,9.0,344,2.4807362023529924,-8.65135526344487
2014-04-03 05:00:00,18.0,94,0.6,8.0,10,-1.3891854213354426,-7.878462024097664
2014-04-03 06:00:00,18.2,93,0.0,9.1,9,-1.4235536318661024,-8.987963899415753
2014-04-03 07:00:00,18.9,94,0.0,13.4,333,6.0834726965099275,-11.93948742412413
2014-04-03 08:00:00,20.8,89,0.0,12.0,351,1.877213580482771,-11.852260087141653
2014-04-03 09:00:00,20.6,90,0.4,7.4,14,-1.7902220274375418,-7.180188374442374
2014-04-03 10:00:00,20.7,93,1.2,4.4,35,-2.523736319944604,-3.604268994871563
2014-04-03 11:00:00,21.0,93,2.2,2.1,59,-1.800051331474436,-1.0815799573111138
2014-04-03 12:00:00,21.4,89,1.8,3.2,117,-2.851220877402777,1.4527695991665501
2014-04-03 13:00:00,22.0,86,1.1,3.2,117,-2.851220877402777,1.4527695991665501
2014-04-03 14:00:00,22.5,84,0.6,1.5,315,1.0606601717798214,-1.0606601717798212
2014-04-03 15:00:00,23.2,81,0.0,6.0,343,1.7542302283364206,-5.737828535778212
2014-04-03 16:00:00,23.1,82,0.0,7.6,355,0.6623836448822018,-7.571079705497266
2014-04-03 17:00:00,22.9,83,0.0,9.8,8,-1.363896389408645,-9.704627073667389
2014-04-03 18:00:00,22.0,85,0.0,15.2,5,-1.3247672897644054,-15.142159410994532
2014-04-03 19:00:00,20.7,89,0.0,16.7,6,-1.7456253365698111,-16.608515652650166
2014-04-03 20:00:00,19.7,91,0.0,16.5,11,-3.148348423712986,-16.196848526886455
2014-04-03 21:00:00,19.0,92,0.0,15.5,13,-3.4867413423299114,-15.102736004171145
2014-04-03 22:00:00,18.5,92,0.0,15.8,12,-3.2850047149206048,-15.45473209159413
2014-04-03 23:00:00,18.0,92,0.0,15.6,15,-4.037577103599322,-15.068442890109464
2014-04-04 00:00:00,17.6,93,0.0,16.4,19,-5.339317733097369,-15.506504639828796
2014-04-04 01:00:00,17.4,92,0.0,17.0,17,-4.970318980286531,-16.2571808513716
2014-04-04 02:00:00,17.2,92,0.0,18.0,16,-4.9614724047059795,-17.302710526889744
2014-04-04 03:00:00,17.6,91,0.0,19.8,16,-5.457619645176578,-19.032981579578717
2014-04-04 04:00:00,17.8,88,0.0,20.6,16,-5.678129529830177,-19.80199093632937
2014-04-04 05:00:00,17.6,87,0.0,21.0,16,-5.788384472156976,-20.1864956147047
2014-04-04 06:00:00,17.2,88,0.0,21.0,16,-5.788384472156976,-20.1864956147047
2014-04-04 07:00:00,18.3,88,0.0,20.1,10,-3.4903283711052997,-19.79463583554538
2014-04-04 08:00:00,20.4,78,0.0,19.7,9,-3.081758961292551,-19.457460309724212
2014-04-04 09:00:00,21.5,74,0.0,19.7,9,-3.081758961292551,-19.457460309724212
2014-04-04 10:00:00,22.9,69,0.0,19.6,6,-2.048757880046006,-19.49262914921816
2014-04-04 11:00:00,23.4,68,0.0,20.5,2,-0.7154396824012657,-20.487511953891463
2014-04-04 12:00:00,23.6,66,0.0,21.6,2,-0.7538291287740165,-21.58684186361247
2014-04-04 13:00:00,23.5,65,0.0,21.6,4,-1.5067398328731125,-21.547383485612205
2014-04-04 14:00:00,23.1,67,0.0,20.8,10,-3.611882095472151,-20.484001262653926
2014-04-04 15:00:00,22.5,70,0.0,19.0,10,-3.2993153756716764,-18.711347307231954
2014-04-04 16:00:00,22.3,70,0.0,18.5,7,-2.2545828529952225,-18.36210380536446
2014-04-04 17:00:00,21.6,72,0.0,17.7,6,-1.8501537998374644,-17.60303754801844
2014-04-04 18:00:00,20.3,76,0.0,16.2,12,-3.3681693912477084,-15.845991131887649
2014-04-04 19:00:00,19.5,79,0.0,14.0,23,-5.470235798849833,-12.887067948334163
2014-04-04 20:00:00,18.7,87,0.0,10.5,27,-4.766900247265243,-9.355568503977862
2014-04-04 21:00:00,18.3,88,0.0,8.9,27,-4.040515447681968,-7.929958065276474
2014-04-04 22:00:00,18.7,85,0.0,8.4,31,-4.326319829244458,-7.200205325897742
2014-04-04 23:00:00,18.8,83,0.0,6.1,40,-3.9210044190878905,-4.672871103025765
2014-04-05 00:00:00,18.7,83,0.0,4.6,39,-2.894873798829254,-3.5748714227020644
2014-04-05 01:00:00,18.7,84,0.0,6.5,360,3.9801020972288977e-16,-6.5
2014-04-05 02:00:00,18.5,85,0.0,8.3,360,5.082284216461516e-16,-8.3
2014-04-05 03:00:00,18.1,85,0.0,8.1,21,-2.9027803913169357,-7.562001454627333
2014-04-05 04:00:00,17.7,87,0.0,7.7,41,-5.051654523226906,-5.811263767715345
2014-04-05 05:00:00,17.9,85,0.0,6.6,41,-4.329989591337347,-4.981083229470295
2014-04-05 06:00:00,17.8,86,0.0,6.6,29,-3.199743493625823,-5.772490067120013
2014-04-05 07:00:00,18.3,87,0.0,7.0,21,-2.508575646817105,-6.535062985480412
2014-04-05 08:00:00,20.5,77,0.0,7.6,8,-1.0577155672965002,-7.526037322435934
2014-04-05 09:00:00,21.6,74,0.0,7.9,360,4.837354856632045e-16,-7.9
2014-04-05 10:00:00,22.6,70,0.0,9.1,353,1.1090110249868421,-9.032169979936029
2014-04-05 11:00:00,23.3,69,0.0,9.9,350,1.7191169589026112,-9.74959675482086
2014-04-05 12:00:00,23.9,68,0.0,10.5,344,2.8941922360784913,-10.093247807352348
2014-04-05 13:00:00,24.0,68,0.0,12.9,342,3.986319227436822,-12.26862906020748
2014-04-05 14:00:00,23.8,67,0.0,13.9,343,4.063966695646041,-13.292636107886192
2014-04-05 15:00:00,23.8,67,0.0,14.3,348,2.9731371786939604,-13.987510690493421
2014-04-05 16:00:00,23.2,69,0.0,14.1,354,1.4738513320739137,-14.022758724692652
2014-04-05 17:00:00,22.5,71,0.0,13.0,2,-0.4536934571325099,-12.992080751248245
2014-04-05 18:00:00,21.3,76,0.0,9.9,10,-1.7191169589026103,-9.74959675482086
2014-04-05 19:00:00,19.8,83,0.0,11.3,27,-5.13009264705688,-10.068373723328557
2014-04-05 20:00:00,18.6,89,0.0,10.3,36,-6.0541880986124745,-8.332875042061959
2014-04-05 21:00:00,18.5,86,0.0,9.2,45,-6.505382386916239,-6.505382386916236
2014-04-05 22:00:00,18.6,84,0.0,6.8,58,-5.766727053863697,-3.6034509967857926
2014-04-05 23:00:00,18.2,85,0.0,4.9,73,-4.685893304218874,-1.4326213531414103
2014-04-06 00:00:00,18.1,84,0.0,3.2,63,-2.8512208774027776,-1.4527695991665495
2014-04-06 01:00:00,18.1,83,0.0,2.8,40,-1.7998053071223103,-2.144924440733138
2014-04-06 02:00:00,18.2,82,0.0,2.6,34,-1.453901549023941,-2.1554976886431088
2014-04-06 03:00:00,19.4,76,0.0,3.9,34,-2.1808523235359116,-3.233246532964663
2014-04-06 04:00:00,19.4,76,0.0,5.5,32,-2.9145559532826275,-4.664264528860342
2014-04-06 05:00:00,19.2,76,0.0,7.7,11,-1.4692292643993936,-7.558529312547013
2014-04-06 06:00:00,19.1,77,0.0,11.2,2,-0.3908743630680085,-11.193177262613872
2014-04-06 07:00:00,19.5,78,0.0,9.3,13,-2.092044805397947,-9.061641602502688
2014-04-06 08:00:00,20.0,86,0.0,11.2,6,-1.1707187885977175,-11.13864522812466
2014-04-06 09:00:00,21.9,73,0.0,13.0,360,7.960204194457795e-16,-13.0
2014-04-06 10:00:00,22.8,69,0.0,13.7,357,0.7170026005283323,-13.681224626137661
2014-04-06 11:00:00,23.9,66,0.0,15.2,356,1.0602984009107035,-15.162973563949327
2014-04-06 12:00:00,24.3,66,0.0,15.9,355,1.3857763096877644,-15.839495699658755
2014-04-06 13:00:00,24.6,65,0.0,16.0,351,2.502951440643695,-15.803013449522204
2014-04-06 14:00:00,24.4,66,0.0,15.7,349,2.995701227411755,-15.411546780128324
2014-04-06 15:00:00,24.1,66,0.0,15.6,353,1.9011617571203008,-15.483719965604623
2014-04-06 16:00:00,23.8,67,0.0,14.8,360,9.062386313690414e-16,-14.8
2014-04-06 17:00:00,23.1,70,0.0,13.4,5,-1.1678869528186206,-13.34900895442939
2014-04-06 18:00:00,22.2,74,0.0,12.4,350,2.1532374030699373,-12.21161613735138
2014-04-06 19:00:00,21.2,86,0.0,13.7,5,-1.194033675642918,-13.647867363856914
2014-04-06 20:00:00,21.4,77,0.0,10.9,34,-6.095202647831138,-9.036509540849956
2014-04-06 21:00:00,21.2,79,0.2,10.1,17,-2.9529542176996446,-9.658678035226657
2014-04-06 22:00:00,20.1,87,0.0,10.3,348,2.1414904154229224,-10.074920287558198
2014-04-06 23:00:00,19.3,91,0.0,11.4,349,2.175222547292612,-11.19054989130337
2014-04-07 00:00:00,19.1,92,0.0,12.8,350,2.2226966741367096,-12.605539238556263
2014-04-07 01:00:00,19.0,92,0.1,13.0,3,-0.680367431158276,-12.98218395180946
2014-04-07 02:00:00,19.0,93,0.2,10.3,12,-2.141490415422926,-10.074920287558198
2014-04-07 03:00:00,18.7,90,0.3,8.3,5,-0.7233926648055635,-8.268415994161488
2014-04-07 04:00:00,18.4,91,0.7000000000000001,9.0,337,3.5165801564034633,-8.284543681071963
2014-04-07 05:00:00,17.9,91,1.4,10.7,348,2.224655091750026,-10.46617932785172
2014-04-07 06:00:00,17.6,92,1.5,9.7,4,-0.676637795318018,-9.676371287520293
2014-04-07 07:00:00,17.7,91,1.9,10.1,4,-0.7045403848156684,-10.075396907624224
2014-04-07 08:00:00,18.0,89,1.8,10.4,2,-0.36295476570600793,-10.393664600998596
2014-04-07 09:00:00,18.9,85,3.3,12.6,360,7.715274834628325e-16,-12.6
2014-04-07 10:00:00,19.3,85,2.6,14.1,6,-1.4738513320739124,-14.022758724692654
2014-04-07 11:00:00,19.6,86,1.5,13.7,5,-1.194033675642918,-13.647867363856914
2014-04-07 12:00:00,19.8,86,1.2,14.0,1,-0.24433369012196898,-13.997867732189478
2014-04-07 13:00:00,20.0,88,1.1,15.5,359,0.27051229977789576,-15.497639274924065
2014-04-07 14:00:00,19.9,90,0.8,17.0,356,1.185860053650129,-16.958588854417012
2014-04-07 15:00:00,21.1,85,0.0,17.0,354,1.7769838755501088,-16.906872221260645
2014-04-07 16:00:00,20.8,86,0.4,15.9,357,0.8321417042628091,-15.878209602597725
2014-04-07 17:00:00,20.2,88,0.2,14.1,356,0.9835662797921657,-14.06565310866352
2014-04-07 18:00:00,19.4,92,0.6,11.5,358,0.4013442120787624,-11.492994510719601
2014-04-07 19:00:00,19.0,94,0.0,10.4,360,6.368163355566237e-16,-10.4
2014-04-07 20:00:00,18.9,95,0.0,11.2,356,0.7812725059342026,-11.17271736291003
2014-04-07 21:00:00,18.7,96,0.0,10.8,360,6.613092715395707e-16,-10.8
2014-04-07 22:00:00,18.5,97,0.0,9.4,7,-1.1455718280083835,-9.329933825428428
2014-04-07 23:00:00,18.9,94,0.0,8.0,10,-1.3891854213354426,-7.878462024097664
2014-04-08 00:00:00,19.1,92,0.0,6.2,7,-0.7555899291119125,-6.153786140176197
2014-04-08 01:00:00,19.1,92,0.0,5.2,16,-1.4333142502483942,-4.998560818879259
2014-04-08 02:00:00,17.8,96,0.0,5.9,346,1.4273391840380394,-5.7247447850283795
2014-04-08 03:00:00,18.0,95,0.0,8.0,352,1.1133848076805237,-7.922144549932563
2014-04-08 04:00:00,17.6,96,0.0,9.4,2,-0.3280552690035072,-9.394273773979501
2014-04-08 05:00:00,17.3,96,0.0,8.7,7,-1.0602632876247804,-8.635151519279502
2014-04-08 06:00:00,17.6,94,0.0,8.8,19,-2.864999759222979,-8.320563465273988
2014-04-08 07:00:00,18.6,96,0.0,7.9,30,-3.9500000000000037,-6.841600689897064
2014-04-08 08:00:00,20.6,89,0.0,7.9,16,-2.1775351109542913,-7.593967397912721
2014-04-08 09:00:00,21.6,85,0.0,8.7,5,-0.7582549619046267,-8.666893873398186
2014-04-08 10:00:00,22.6,80,0.0,8.0,5,-0.697245941981266,-7.969557584733964
2014-04-08 11:00:00,23.3,77,0.0,6.3,347,1.4171916423663489,-6.1385314081469815
2014-04-08 12:00:00,23.7,76,0.0,8.3,326,4.641301098807199,-6.881011852206847
2014-04-08 13:00:00,24.1,73,0.0,10.5,329,5.407899786555569,-9.00025665737218
2014-04-08 14:00:00,24.2,74,0.0,11.3,333,5.1300926470568795,-10.068373723328557
2014-04-08 15:00:00,24.2,77,0.0,10.7,340,3.659615533584656,-10.054711042409219
2014-04-08 16:00:00,24.0,78,0.0,10.1,358,0.3524849166952609,-10.093847352892867
2014-04-08 17:00:00,23.5,81,0.0,8.7,7,-1.0602632876247804,-8.635151519279502
2014-04-08 18:00:00,22.8,83,0.0,8.4,7,-1.0237024846032363,-8.337387673787106
2014-04-08 19:00:00,21.8,89,0.0,8.4,7,-1.0237024846032363,-8.337387673787106
2014-04-08 20:00:00,20.8,92,0.0,8.6,2,-0.3001356716415065,-8.594761112364223
2014-04-08 21:00:00,20.9,90,0.0,8.7,355,0.7582549619046257,-8.666893873398186
2014-04-08 22:00:00,20.4,92,0.0,8.0,5,-0.697245941981266,-7.969557584733964
2014-04-08 23:00:00,18.8,95,0.0,7.7,28,-3.614931033451359,-6.798696465013738
2014-04-09 00:00:00,18.2,95,0.0,8.4,40,-5.3994159213669315,-6.434773322199415
2014-04-09 01:00:00,17.7,96,0.0,9.8,36,-5.760295472466238,-7.928366544874485
2014-04-09 02:00:00,16.8,97,0.0,9.2,51,-7.1497428454041305,-5.789747597658506
2014-04-09 03:00:00,16.7,95,0.0,6.6,68,-6.1194134401407965,-2.472403516545019
2014-04-09 04:00:00,16.6,94,0.0,5.4,42,-3.613305274337834,-4.01298205757793
2014-04-09 05:00:00,16.6,93,0.0,8.0,18,-2.4721359549995805,-7.608452130361228
2014-04-09 06:00:00,16.3,93,0.0,9.9,19,-3.2231247291258507,-9.360633898433237
2014-04-09 07:00:00,19.1,90,0.0,11.6,22,-4.3454364836245825,-10.755332712974733
2014-04-09 08:00:00,22.3,81,0.0,9.8,28,-4.600821315301729,-8.652886410017485
2014-04-09 09:00:00,23.6,75,0.0,8.9,27,-4.040515447681968,-7.929958065276474
2014-04-09 10:00:00,24.7,72,0.0,10.6,10,-1.8406706832694615,-10.438962181929405
2014-04-09 11:00:00,25.3,70,0.0,12.6,2,-0.4397336584515096,-12.592324420440606
2014-04-09 12:00:00,25.8,69,0.0,14.0,359,0.24433369012197037,-13.997867732189478
2014-04-09 13:00:00,25.8,70,0.0,15.9,357,0.8321417042628091,-15.878209602597725
2014-04-09 14:00:00,25.8,71,0.0,17.3,359,0.30192663136500625,-17.29736512620557
2014-04-09 15:00:00,25.7,71,0.0,18.0,1,-0.31414331587110295,-17.997258512815044
2014-04-09 16:00:00,25.1,73,0.0,18.0,3,-0.9420472123729975,-17.975331625582328
2014-04-09 17:00:00,24.2,76,0.0,17.3,5,-1.5077943495344879,-17.234168276987198
2014-04-09 18:00:00,22.8,81,0.0,16.3,5,-1.4206386067868295,-16.237973578895453
2014-04-09 19:00:00,21.4,87,0.0,14.8,14,-3.5804440548750835,-14.360376748884748
2014-04-09 20:00:00,20.4,91,0.0,12.5,18,-3.8627124296868445,-11.888206453689419
2014-04-09 21:00:00,19.9,90,0.0,12.3,5,-1.0720156357961965,-12.253194786528471
2014-04-09 22:00:00,20.8,85,0.0,12.6,3,-0.6594330486610982,-12.58273213790763
2014-04-09 23:00:00,20.6,84,0.0,10.7,14,-2.5885642829164452,-10.382164271153162
2014-04-10 00:00:00,20.3,84,0.0,9.4,18,-2.904759747124507,-8.939931253174443
2014-04-10 01:00:00,19.9,85,0.0,10.3,12,-2.141490415422926,-10.074920287558198
2014-04-10 02:00:00,19.7,85,0.0,10.5,16,-2.894192236078488,-10.09324780735235
2014-04-10 03:00:00,16.1,96,0.0,10.4,20,-3.557009490586953,-9.772803256173448
2014-04-10 04:00:00,15.6,96,0.0,11.1,25,-4.691062705321761,-10.060016436106816
2014-04-10 05:00:00,15.1,98,0.0,11.8,23,-4.6106273161734315,-10.861957270738795
2014-04-10 06:00:00,15.2,96,0.0,11.8,20,-4.0358376912428895,-11.08837292527372
2014-04-10 07:00:00,18.3,91,0.0,12.4,22,-4.645121758357313,-11.497079796628164
2014-04-10 08:00:00,22.8,76,0.0,13.4,14,-3.2417534010355484,-13.001962732098352
2014-04-10 09:00:00,24.3,72,0.0,14.2,7,-1.7305446763530898,-14.094155353306773
2014-04-10 10:00:00,25.5,68,0.0,14.8,1,-0.2582956152717958,-14.79774588831459
2014-04-10 11:00:00,26.3,66,0.0,15.1,359,0.26353133720298233,-15.097700196861508
2014-04-10 12:00:00,26.8,66,0.0,15.2,356,1.0602984009107035,-15.162973563949327
2014-04-10 13:00:00,26.9,65,0.0,16.3,352,2.268521545649067,-16.141369520487597
2014-04-10 14:00:00,26.8,66,0.0,17.6,349,3.358238318627191,-17.276638428678886
2014-04-10 15:00:00,26.9,65,0.0,17.2,350,2.986748655871203,-16.938693351809977
2014-04-10 16:00:00,26.2,69,0.0,14.6,350,2.535263393937184,-14.378193193978237
2014-04-10 17:00:00,25.5,74,0.0,11.4,347,2.5644420195200603,-11.107818738551682
2014-04-10 18:00:00,24.2,80,0.0,9.7,345,2.510544737494451,-9.369480515003962
2014-04-10 19:00:00,22.6,90,0.0,6.5,354,0.6794350112397475,-6.4643923198937765
2014-04-10 20:00:00,22.6,87,0.0,5.8,353,0.7068421917498554,-5.756767679519667
2014-04-10 21:00:00,22.2,88,0.0,6.5,3,-0.340183715579138,-6.49109197590473
2014-04-10 22:00:00,21.7,89,0.0,6.6,9,-1.0324674692655247,-6.5187430479279085
2014-04-10 23:00:00,21.4,90,0.0,6.3,13,-1.417191642366351,-6.1385314081469815
2014-04-11 00:00:00,21.3,90,0.0,4.1,38,-2.524212048835198,-3.2308440897875603
2014-04-11 01:00:00,19.9,93,0.0,3.3,96,-3.2819222547153015,0.3449439287832573
2014-04-11 02:00:00,19.5,93,0.0,4.9,144,-2.880147736233118,3.9641832724372428
2014-04-11 03:00:00,21.2,86,0.0,4.0,180,2.4492935982947064e-16,4.0
2014-04-11 04:00:00,21.0,88,0.0,1.3,146,-0.7269507745119708,1.0777488443215544
2014-04-11 05:00:00,20.8,87,0.0,2.2,9,-0.3441558230885083,-2.172914349309303
2014-04-11 06:00:00,19.2,90,0.0,4.1,45,-2.8991378028648453,-2.8991378028648445
2014-04-11 07:00:00,20.8,88,0.0,5.5,58,-4.664264528860343,-2.914555953282626
2014-04-11 08:00:00,22.9,84,0.0,3.7,61,-3.236092916415765,-1.7937955949114468
2014-04-11 09:00:00,24.4,80,0.0,1.8,349,0.34345619167778085,-1.7669289302057951
2014-04-11 10:00:00,25.5,75,0.0,5.9,322,3.6324027044213842,-4.64926344627966
2014-04-11 11:00:00,26.1,72,0.0,9.5,323,5.717242719944459,-7.587037345449282
2014-04-11 12:00:00,26.4,71,0.0,12.2,326,6.822153422343111,-10.114258385171508
2014-04-11 13:00:00,26.5,70,0.0,13.3,327,7.24369916569986,-11.154318553674141
2014-04-11 14:00:00,26.3,71,0.0,13.4,329,6.901510203794726,-11.486041829408306
2014-04-11 15:00:00,25.6,75,0.0,11.4,332,5.351975815759156,-10.065602558591767
2014-04-11 16:00:00,25.1,76,0.0,8.4,335,3.5499933986218752,-7.61298541110786
2014-04-11 17:00:00,24.5,78,0.0,5.2,326,2.9078030980478835,-4.3109953772862175
2014-04-11 18:00:00,23.8,81,0.0,3.8,319,2.4930243101639276,-2.8678964048465336
2014-04-11 19:00:00,22.7,88,0.0,2.0,315,1.4142135623730951,-1.414213562373095
2014-04-11 20:00:00,22.4,87,0.0,1.8,281,1.7669289302057951,-0.34345619167778063
2014-04-11 21:00:00,22.1,88,0.0,2.5,278,2.475670171853926,-0.3479327524001636
2014-04-11 22:00:00,21.6,90,0.0,0.8,243,0.7128052193506944,0.3631923997916374
2014-04-11 23:00:00,20.6,92,0.0,2.1,149,-1.081579957311114,1.800051331474436
2014-04-12 00:00:00,21.1,91,0.0,2.5,135,-1.7677669529663687,1.7677669529663689
2014-04-12 01:00:00,20.9,91,0.0,1.6,117,-1.4256104387013886,0.7263847995832751
2014-04-12 02:00:00,20.0,92,0.0,1.4,90,-1.4,1.7145055188062944e-16
2014-04-12 03:00:00,19.4,92,0.0,1.8,79,-1.7669289302057951,-0.3434561916777805
2014-04-12 04:00:00,18.8,94,0.0,1.8,79,-1.7669289302057951,-0.3434561916777805
2014-04-12 05:00:00,19.3,91,0.0,1.6,63,-1.4256104387013888,-0.7263847995832747
2014-04-12 06:00:00,19.4,89,0.0,1.9,68,-1.761649323676896,-0.7117525274902328
2014-04-12 07:00:00,20.7,90,0.0,3.0,104,-2.9108871788279895,0.7257656867990032
2014-04-12 08:00:00,23.2,82,0.0,2.7,157,-1.0549740469210394,2.4853631043215887
2014-04-12 09:00:00,24.7,77,0.0,3.3,221,2.1649947956686737,2.4905416147351476
2014-04-12 10:00:00,25.8,71,0.0,5.0,249,4.667902132486009,1.7918397477265013
2014-04-12 11:00:00,26.5,68,0.0,6.2,260,6.10580806867569,1.0766187015349682
2014-04-12 12:00:00,26.7,68,0.0,7.9,267,7.889173324561134,0.4134540543192563
2014-04-12 13:00:00,26.9,68,0.0,9.7,270,9.7,0.0
2014-04-12 14:00:00,27.0,67,0.0,11.2,270,11.2,0.0
2014-04-12 15:00:00,27.0,69,0.0,10.8,266,10.773691742806102,0.7533699164365533
2014-04-12 16:00:00,26.4,71,0.0,9.1,261,8.987963899415753,1.4235536318661008
2014-04-12 17:00:00,25.9,73,0.0,8.4,263,8.337387673787106,1.0237024846032388
2014-04-12 18:00:00,24.9,78,0.0,7.6,270,7.6,0.0
2014-04-12 19:00:00,23.6,87,0.0,7.0,258,6.84703320513664,1.4553818357243153
2014-04-12 20:00:00,23.5,85,0.0,6.5,236,5.38874422160777,3.634753872559855
2014-04-12 21:00:00,23.3,86,0.0,6.8,212,3.603450996785793,5.766727053863696
2014-04-12 22:00:00,22.6,88,0.0,8.1,193,1.8221035401853058,7.892397524760405
2014-04-12 23:00:00,21.0,93,0.0,9.4,178,-0.328055269003509,9.394273773979501
2014-04-13 00:00:00,20.4,95,0.0,9.8,172,-1.3638963894086407,9.70462707366739
2014-04-13 01:00:00,20.0,95,0.0,10.3,168,-2.1414904154229215,10.0749202875582
2014-04-13 02:00:00,19.3,95,0.0,10.7,166,-2.5885642829164452,10.382164271153162
2014-04-13 03:00:00,22.5,88,0.0,7.6,183,0.3977532674463741,7.589584464134761
2014-04-13 04:00:00,22.3,89,0.0,4.3,185,0.37476969381492997,4.283637201794505
2014-04-13 05:00:00,22.1,89,0.0,4.2,160,-1.4364846019678086,3.9467090073008158
2014-04-13 06:00:00,20.3,91,0.0,6.7,144,-3.9381611903595695,5.420413862312148
2014-04-13 07:00:00,21.5,91,0.0,7.2,143,-4.333068166694749,5.750175672340507
2014-04-13 08:00:00,24.4,79,0.0,8.2,157,-3.2039952536120446,7.548139798310009
2014-04-13 09:00:00,25.4,74,0.0,9.4,182,0.3280552690035102,9.394273773979501
2014-04-13 10:00:00,26.6,68,0.0,10.5,207,4.766900247265242,9.355568503977862
2014-04-13 11:00:00,27.6,64,0.0,10.7,225,7.566042558696059,7.566042558696057
2014-04-13 12:00:00,28.0,63,0.0,11.1,241,9.708278749247292,5.3813867847343415
2014-04-13 13:00:00,28.1,63,0.0,11.8,250,11.08837292527372,4.035837691242891
2014-04-13 14:00:00,27.9,66,0.0,11.8,258,11.542141688658909,2.4533579516495605
2014-04-13 15:00:00,27.5,68,0.0,11.2,266,11.17271736291003,0.7812725059342034
2014-04-13 16:00:00,27.0,71,0.0,9.4,266,9.377102072442348,0.6557108531947778
2014-04-13 17:00:00,26.3,73,0.0,6.5,264,6.4643923198937765,0.6794350112397476
2014-04-13 18:00:00,25.5,77,0.0,3.8,287,3.6339580726595346,-1.1110124779463997
2014-04-13 19:00:00,24.4,84,0.0,5.4,360,3.3065463576978537e-16,-5.4
2014-04-13 20:00:00,23.5,86,0.0,9.7,2,-0.33852511801425733,-9.694091022085228
2014-04-13 21:00:00,23.0,89,0.0,11.7,9,-1.830283240970703,-11.55595358496311
2014-04-13 22:00:00,22.5,92,0.0,11.5,14,-2.7821017993961794,-11.15840085217396
2014-04-13 23:00:00,22.0,94,0.0,14.0,1,-0.24433369012196898,-13.997867732189478
2014-04-14 00:00:00,21.5,94,0.0,18.0,359,0.3141433158711048,-17.997258512815044
2014-04-14 01:00:00,21.0,93,0.0,19.1,2,-0.6665803870177646,-19.08836479606473
2014-04-14 02:00:00,20.7,92,0.0,18.1,5,-1.5775189437326145,-18.031124035460596
2014-04-14 03:00:00,20.9,91,0.0,17.0,4,-1.185860053650135,-16.958588854417012
2014-04-14 04:00:00,20.5,92,0.0,17.3,4,-1.2067869957733726,-17.257858069494958
2014-04-14 05:00:00,20.3,92,0.0,17.7,5,-1.542656646633551,-17.632646156223895
2014-04-14 06:00:00,20.0,93,0.0,19.7,8,-2.7417100889132966,-19.50828095420893
2014-04-14 07:00:00,21.5,88,0.0,20.4,9,-3.191263086820713,-20.148842148140808
2014-04-14 08:00:00,23.0,80,0.0,22.7,4,-1.5834719539916506,-22.644703940898008
2014-04-14 09:00:00,24.2,76,0.0,25.2,1,-0.4398006422195441,-25.19616191794106
2014-04-14 10:00:00,25.2,71,0.0,26.3,2,-0.91785676327577,-26.28397875060222
2014-04-14 11:00:00,26.0,68,0.0,26.0,3,-1.360734862316552,-25.96436790361892
2014-04-14 12:00:00,26.4,66,0.0,26.7,4,-1.862497848968153,-26.634960141937306
2014-04-14 13:00:00,26.5,65,0.0,27.1,5,-2.361920628461539,-26.996876318286304
2014-04-14 14:00:00,26.4,64,0.0,26.5,7,-3.2295376002364002,-26.302473018495036
2014-04-14 15:00:00,25.4,65,0.0,27.5,5,-2.396782925560602,-27.395354197523
2014-04-14 16:00:00,24.7,66,0.0,27.1,5,-2.361920628461539,-26.996876318286304
2014-04-14 17:00:00,23.6,68,0.0,26.0,5,-2.2660493114391143,-25.901062150385386
2014-04-14 18:00:00,22.2,71,0.0,24.9,4,-1.7369361962287269,-24.839344851469622
2014-04-14 19:00:00,21.1,74,0.0,23.5,5,-2.048159954569969,-23.41057540515602
2014-04-14 20:00:00,20.4,76,0.0,21.6,3,-1.1304566548475972,-21.570397950698798
2014-04-14 21:00:00,19.7,79,0.0,21.3,2,-0.7433592797632662,-21.28702461550674
2014-04-14 22:00:00,19.0,83,0.0,20.2,4,-1.4090807696313368,-20.15079381524845
2014-04-14 23:00:00,18.2,87,0.0,17.7,5,-1.542656646633551,-17.632646156223895
2014-04-15 00:00:00,18.6,84,0.0,15.5,3,-0.8112073217656367,-15.478757788695894
2014-04-15 01:00:00,18.4,85,0.0,15.2,4,-1.0602984009107088,-15.162973563949327
2014-04-15 02:00:00,18.0,87,0.0,14.9,7,-1.815853216736693,-14.7889376594557
2014-04-15 03:00:00,18.0,85,0.0,15.3,9,-2.393447315115535,-15.111631611105606
2014-04-15 04:00:00,18.0,86,0.0,15.4,11,-2.938458528798787,-15.117058625094026
2014-04-15 05:00:00,18.0,86,0.0,14.6,10,-2.535263393937183,-14.378193193978237
2014-04-15 06:00:00,17.8,87,0.0,16.3,5,-1.4206386067868295,-16.237973578895453
2014-04-15 07:00:00,19.6,85,0.0,17.1,8,-2.3798600264171257,-16.933583975480854
2014-04-15 08:00:00,22.1,73,0.0,16.5,10,-2.8651949315043503,-16.249327924701433
2014-04-15 09:00:00,23.5,68,0.0,16.2,3,-0.8478424911356978,-16.177798463024097
2014-04-15 10:00:00,24.4,65,0.0,16.3,354,1.7038139512627515,-16.210706894502856
2014-04-15 11:00:00,25.1,63,0.0,17.2,350,2.986748655871203,-16.938693351809977
2014-04-15 12:00:00,25.6,62,0.0,16.5,350,2.8651949315043517,-16.249327924701433
2014-04-15 13:00:00,25.3,64,0.0,15.3,351,2.3934473151155333,-15.111631611105608
2014-04-15 14:00:00,25.5,64,0.0,14.9,353,1.8158532167366976,-14.788937659455698
2014-04-15 15:00:00,25.3,62,0.0,13.4,355,1.167886952818619,-13.34900895442939
2014-04-15 16:00:00,24.9,64,0.0,11.3,353,1.3771235804781667,-11.215771513546938
2014-04-15 17:00:00,24.3,66,0.0,9.5,351,1.4861274178821937,-9.38303923565381
2014-04-15 18:00:00,23.6,70,0.0,7.4,346,1.7902220274375409,-7.180188374442374
2014-04-15 19:00:00,22.5,81,0.0,6.6,338,2.4724035165450187,-6.1194134401407965
2014-04-15 20:00:00,21.9,84,0.0,4.5,331,2.181643291108517,-3.935788682127281
2014-04-15 21:00:00,21.5,85,0.0,4.3,318,2.8772616073430903,-3.195522749552795
2014-04-15 22:00:00,21.0,88,0.2,4.8,318,3.2118269105225195,-3.5670951622914924
2014-04-15 23:00:00,20.8,89,0.2,3.3,319,2.1649947956686737,-2.4905416147351476
2014-04-16 00:00:00,20.6,90,0.2,2.2,261,2.1729143493093033,0.34415582308850795
2014-04-16 01:00:00,20.8,88,0.3,4.3,246,3.9282454678631837,1.7489675652259409
2014-04-16 02:00:00,21.0,86,0.2,5.2,258,5.08636752381579,1.0811407922523486
2014-04-16 03:00:00,20.5,91,0.4,5.4,270,5.4,0.0
2014-04-16 04:00:00,20.9,87,0.4,5.4,290,5.074340152243906,-1.8469087739586112
2014-04-16 05:00:00,20.9,86,0.2,5.9,317,4.023790324368742,-4.314986839553106
2014-04-16 06:00:00,19.7,91,0.2,6.4,333,2.9055391983331,-5.702441754805554
2014-04-16 07:00:00,20.3,95,0.0,6.7,344,1.8467702839738944,-6.440453362786736
2014-04-16 08:00:00,21.9,85,0.0,4.0,360,2.4492935982947064e-16,-4.0
2014-04-16 09:00:00,22.9,80,0.0,1.3,326,0.7269507745119709,-1.0777488443215544
2014-04-16 10:00:00,24.1,73,0.0,3.3,264,3.2819222547153015,0.3449439287832564
2014-04-16 11:00:00,24.9,69,0.0,5.8,270,5.8,0.0
2014-04-16 12:00:00,25.6,66,0.0,7.9,270,7.9,0.0
2014-04-16 13:00:00,25.9,64,0.0,9.4,268,9.394273773979501,0.3280552690035091
2014-04-16 14:00:00,25.5,64,0.0,10.5,264,10.44247990136687,1.0975488643103615
2014-04-16 15:00:00,25.8,60,0.0,11.5,272,11.492994510719601,-0.40134421207876114
2014-04-16 16:00:00,25.1,63,0.0,11.2,276,11.13864522812466,-1.1707187885977188
2014-04-16 17:00:00,24.1,67,0.0,9.8,276,9.746314574609078,-1.0243789400230041
2014-04-16 18:00:00,23.1,72,0.0,6.2,263,6.153786140176196,0.7555899291119144
2014-04-16 19:00:00,22.4,78,0.0,4.8,228,3.5670951622914924,3.2118269105225195
2014-04-16 20:00:00,21.9,79,0.0,5.2,205,2.197614961051637,4.7128004925905795
2014-04-16 21:00:00,22.0,77,0.0,4.5,209,2.181643291108517,3.935788682127281
2014-04-16 22:00:00,21.8,78,0.0,1.5,194,0.3628828433995015,1.4554435894139948
2014-04-16 23:00:00,21.7,78,0.0,1.9,158,-0.7117525274902329,1.761649323676896
2014-04-17 00:00:00,21.4,80,0.0,2.7,157,-1.0549740469210394,2.4853631043215887
2014-04-17 01:00:00,21.3,81,0.0,3.6,143,-2.1665340833473743,2.8750878361702537
2014-04-17 02:00:00,20.3,86,0.0,3.8,139,-2.493024310163927,2.867896404846534
2014-04-17 03:00:00,21.5,82,0.0,2.8,140,-1.7998053071223101,2.1449244407331385
2014-04-17 04:00:00,21.7,81,0.0,2.1,149,-1.081579957311114,1.800051331474436
2014-04-17 05:00:00,21.7,81,0.0,1.4,180,8.572527594031472e-17,1.4
2014-04-17 06:00:00,21.7,82,0.0,4.1,135,-2.8991378028648445,2.899137802864845
2014-04-17 07:00:00,21.8,86,0.0,4.6,141,-2.894873798829251,3.5748714227020666
2014-04-17 08:00:00,23.3,82,0.0,4.8,193,1.0797650608505516,4.676976310969129
2014-04-17 09:00:00,24.6,76,0.0,7.5,235,6.143640332167439,4.301823272632845
2014-04-17 10:00:00,25.6,70,0.0,9.8,253,9.371786608437748,2.8652427062828205
2014-04-17 11:00:00,26.5,66,0.0,11.0,259,10.797899017924303,2.0988989491419927
2014-04-17 12:00:00,26.8,66,0.0,11.2,255,10.818369254437565,2.8987733051482323
2014-04-17 13:00:00,26.9,65,0.0,11.8,250,11.08837292527372,4.035837691242891
2014-04-17 14:00:00,26.8,65,0.0,12.4,248,11.497079796628164,4.645121758357309
2014-04-17 15:00:00,25.7,69,0.1,12.0,249,11.202965117966421,4.300415394543603
2014-04-17 16:00:00,25.5,70,0.1,9.8,246,8.95274548489749,3.9860191021428424
2014-04-17 17:00:00,24.9,72,0.2,6.5,236,5.38874422160777,3.634753872559855
2014-04-17 18:00:00,24.3,76,0.0,5.4,217,3.2498011250210617,4.312631754255381
2014-04-17 19:00:00,23.7,80,0.0,3.3,221,2.1649947956686737,2.4905416147351476
2014-04-17 20:00:00,23.6,79,0.0,3.3,229,2.4905416147351476,2.1649947956686737
2014-04-17 21:00:00,23.4,79,0.0,5.2,236,4.310995377286217,2.907803098047884
2014-04-17 22:00:00,23.2,80,0.1,5.9,232,4.64926344627966,3.6324027044213842
2014-04-17 23:00:00,23.0,82,0.0,6.0,213,3.2678342100901627,5.032023407672544
2014-04-18 00:00:00,22.9,82,0.1,5.4,217,3.2498011250210617,4.312631754255381
2014-04-18 01:00:00,22.7,83,0.1,4.1,232,3.2308440897875594,2.524212048835199
2014-04-18 02:00:00,21.9,87,0.1,3.5,246,3.197409101749103,1.4235782507653008
2014-04-18 03:00:00,22.2,88,0.4,2.5,270,2.5,0.0
2014-04-18 04:00:00,22.7,85,0.4,1.4,270,1.4,0.0
2014-04-18 05:00:00,22.4,87,0.4,0.0,270,0.0,0.0
2014-04-18 06:00:00,22.8,84,0.2,2.3,129,-1.7874357113510329,1.4474368994146258
2014-04-18 07:00:00,22.4,94,0.2,2.5,172,-0.3479327524001634,2.475670171853926
2014-04-18 08:00:00,23.6,87,0.2,2.8,230,2.1449244407331385,1.7998053071223097
2014-04-18 09:00:00,24.3,83,0.0,5.1,262,5.050367150582009,0.7097828148963337
2014-04-18 10:00:00,25.2,78,0.0,6.8,273,6.790680836331102,-0.3558845024520181
2014-04-18 11:00:00,26.1,74,0.0,8.7,275,8.666893873398186,-0.7582549619046259
2014-04-18 12:00:00,26.3,74,0.0,10.1,268,10.093847352892867,0.3524849166952598
2014-04-18 13:00:00,26.8,73,0.0,13.0,265,12.950531075192693,1.1330246557195562
2014-04-18 14:00:00,26.8,74,0.1,15.1,273,15.079305974794064,-0.7902729392684519
2014-04-18 15:00:00,26.6,73,0.1,15.6,278,15.448181872368497,-2.1711003749770206
2014-04-18 16:00:00,25.7,78,0.3,12.3,285,11.88088766335554,-3.183474254761005
2014-04-18 17:00:00,24.9,83,0.3,7.4,293,6.811735915548059,-2.891410350820626
2014-04-18 18:00:00,24.3,89,0.2,6.0,287,5.737828535778212,-1.7542302283364206
2014-04-18 19:00:00,23.4,94,0.2,4.2,301,3.600102662948872,-2.1631599146222276
2014-04-18 20:00:00,23.1,94,0.2,3.6,323,2.1665340833473743,-2.875087836170254
2014-04-18 21:00:00,22.8,94,0.1,2.5,352,0.34793275240016364,-2.475670171853926
2014-04-18 22:00:00,22.6,94,0.0,2.2,9,-0.3441558230885083,-2.172914349309303
2014-04-18 23:00:00,22.4,95,0.0,2.9,7,-0.35342109587492676,-2.878383839759834
2014-04-19 00:00:00,22.3,95,0.1,4.0,360,2.4492935982947064e-16,-4.0
2014-04-19 01:00:00,22.2,95,0.1,4.3,360,2.632990618166809e-16,-4.3
2014-04-19 02:00:00,22.1,96,0.1,4.7,356,0.3278554265973886,-4.688551036221174
2014-04-19 03:00:00,22.1,96,0.2,4.7,356,0.3278554265973886,-4.688551036221174
2014-04-19 04:00:00,22.2,94,0.2,5.2,348,1.0811407922523493,-5.086367523815789
2014-04-19 05:00:00,22.6,91,0.2,3.8,343,1.1110124779463997,-3.6339580726595346
2014-04-19 06:00:00,23.0,88,0.1,4.5,29,-2.1816432911085157,-3.935788682127282
2014-04-19 07:00:00,22.8,93,0.1,4.9,36,-2.880147736233119,-3.9641832724372423
2014-04-19 08:00:00,23.9,84,0.1,5.0,21,-1.7918397477265036,-4.667902132486008
2014-04-19 09:00:00,24.7,80,0.0,5.5,349,1.049449474570997,-5.3989495089621515
2014-04-19 10:00:00,25.3,76,0.0,7.1,336,2.8878301658381815,-6.486172749262466
2014-04-19 11:00:00,25.7,76,0.0,7.2,323,4.333068166694749,-5.750175672340508
2014-04-19 12:00:00,26.3,74,0.0,8.4,313,6.143371093601032,-5.728786224524987
2014-04-19 13:00:00,26.8,73,0.0,9.4,302,7.9716521038704045,-4.981241083792126
2014-04-19 14:00:00,26.5,75,0.2,11.3,301,9.68599049793387,-5.8199302464836125
2014-04-19 15:00:00,26.8,74,0.0,12.4,306,10.031810730249349,-7.288537128426667
2014-04-19 16:00:00,25.8,78,0.0,10.7,312,7.951649632608118,-7.159697488039782
2014-04-19 17:00:00,25.2,81,0.1,7.9,313,5.777694242791447,-5.387787044493738
2014-04-19 18:00:00,24.5,84,0.2,3.1,339,1.1109406435904312,-2.8940993221413254
2014-04-19 19:00:00,23.7,92,0.2,2.5,90,-2.5,3.061616997868383e-16
2014-04-19 20:00:00,23.6,88,0.2,2.9,173,-0.35342109587492737,2.878383839759834
2014-04-19 21:00:00,23.8,87,0.2,4.1,232,3.2308440897875594,2.524212048835199
2014-04-19 22:00:00,23.6,88,0.2,4.6,252,4.3748599749577055,1.421478174124758
2014-04-19 23:00:00,23.5,88,0.2,3.7,209,1.7937955949114475,3.2360929164157644
2014-04-20 00:00:00,23.5,87,0.1,7.4,166,-1.7902220274375418,7.180188374442374
2014-04-20 01:00:00,23.2,89,0.0,7.2,183,0.3768188849491966,7.190132650232932
2014-04-20 02:00:00,23.0,89,0.1,3.4,238,2.883363526931848,1.8017254983928965
2014-04-20 03:00:00,22.6,90,0.3,2.9,300,2.511473670974872,-1.4499999999999997
2014-04-20 04:00:00,21.9,92,0.3,2.9,353,0.3534210958749277,-2.8783838397598336
2014-04-20 05:00:00,22.1,91,0.5,2.6,34,-1.453901549023941,-2.1554976886431088
2014-04-20 06:00:00,22.9,88,0.5,3.7,61,-3.236092916415765,-1.7937955949114468
2014-04-20 07:00:00,23.2,90,0.2,0.8,117,-0.7128052193506943,0.36319239979163753
2014-04-20 08:00:00,23.9,87,0.4,1.5,284,1.4554435894139948,-0.3628828433995016
2014-04-20 09:00:00,24.5,85,0.4,3.1,306,2.5079526825623373,-1.8221342821066668
2014-04-20 10:00:00,25.0,83,0.4,4.8,312,3.5670951622914924,-3.2118269105225195
2014-04-20 11:00:00,25.9,79,0.2,6.8,328,3.603450996785793,-5.766727053863696
2014-04-20 12:00:00,26.4,75,0.0,9.3,332,4.366085533908786,-8.21141261358802
2014-04-20 13:00:00,26.4,74,0.0,11.8,340,4.035837691242892,-11.088372925273719
2014-04-20 14:00:00,26.7,72,0.0,13.3,347,2.991849022773404,-12.959121861643629
2014-04-20 15:00:00,26.0,74,0.0,13.8,353,1.6817969389910354,-13.697136892650244
2014-04-20 16:00:00,25.6,76,0.0,14.0,359,0.24433369012197037,-13.997867732189478
2014-04-20 17:00:00,25.1,78,0.0,13.7,5,-1.194033675642918,-13.647867363856914
2014-04-20 18:00:00,24.3,82,0.0,13.0,6,-1.3588700224794936,-12.928784639787555
2014-04-20 19:00:00,23.2,87,0.0,13.0,6,-1.3588700224794936,-12.928784639787555
2014-04-20 20:00:00,22.3,92,0.0,13.3,3,-0.6960682180311593,-13.281772812235833
2014-04-20 21:00:00,21.4,95,0.0,14.0,359,0.24433369012197037,-13.997867732189478
2014-04-20 22:00:00,20.9,96,0.0,14.4,357,0.7536377698983932,-14.380265300465863
2014-04-20 23:00:00,20.6,96,0.0,13.0,357,0.6803674311582716,-12.98218395180946
2014-04-21 00:00:00,20.5,96,0.0,12.3,357,0.6437322617882109,-12.283143277481258
2014-04-21 01:00:00,20.7,96,0.0,12.2,358,0.42577385977051313,-12.192568089632967
2014-04-21 02:00:00,20.6,96,0.0,11.5,2,-0.40134421207875876,-11.492994510719601
2014-04-21 03:00:00,20.4,95,0.0,10.5,4,-0.7324429743133186,-10.474422527728153
2014-04-21 04:00:00,20.3,95,0.0,10.1,2,-0.35248491669525767,-10.093847352892867
2014-04-21 05:00:00,20.2,96,0.1,11.2,360,6.858022075225178e-16,-11.2
2014-04-21 06:00:00,20.2,96,0.1,12.1,17,-3.537697627145119,-11.571287547152727
2014-04-21 07:00:00,21.8,93,0.0,11.0,19,-3.581249699028723,-10.400704331592486
2014-04-21 08:00:00,23.1,87,0.0,10.2,10,-1.7712114122026892,-10.045039080724521
2014-04-21 09:00:00,24.5,81,0.0,9.7,356,0.6766377953180147,-9.676371287520293
2014-04-21 10:00:00,25.8,76,0.0,10.2,342,3.151973342624464,-9.700776466210565
2014-04-21 11:00:00,26.6,74,0.0,12.1,333,5.493285046848516,-10.781178942679249
2014-04-21 12:00:00,27.3,72,0.0,12.7,335,5.367251924106883,-11.510108895365454
2014-04-21 13:00:00,27.6,72,0.0,12.7,335,5.367251924106883,-11.510108895365454
2014-04-21 14:00:00,27.6,72,0.0,13.2,338,4.944807033090037,-12.238826880281593
2014-04-21 15:00:00,27.0,75,0.0,11.8,340,4.035837691242892,-11.088372925273719
2014-04-21 16:00:00,26.5,76,0.0,10.5,338,3.9333692308670756,-9.735430472951268
2014-04-21 17:00:00,25.8,77,0.0,10.2,337,3.985457510590592,-9.389149505214892
2014-04-21 18:00:00,24.7,81,0.0,9.5,349,1.8126854560771768,-9.325458242752807
2014-04-21 19:00:00,23.5,86,0.1,9.0,2,-0.31409547032250684,-8.994517443171862
2014-04-21 20:00:00,23.0,89,0.1,7.1,15,-1.8376152202278964,-6.858073366652385
2014-04-21 21:00:00,22.3,93,0.1,5.4,4,-0.37668495821827813,-5.386845871403051
2014-04-21 22:00:00,21.8,94,0.1,5.6,345,1.4493866525741161,-5.4091846272187825
2014-04-21 23:00:00,21.7,93,0.2,5.2,348,1.0811407922523493,-5.086367523815789
2014-04-22 00:00:00,22.3,91,0.2,5.1,4,-0.35575801609504043,-5.087576656325103
2014-04-22 01:00:00,21.0,95,0.2,3.6,37,-2.166534083347374,-2.875087836170254
2014-04-22 02:00:00,20.8,95,0.1,3.2,63,-2.8512208774027776,-1.4527695991665495
2014-04-22 03:00:00,21.5,92,0.2,3.6,84,-3.580278823325784,-0.3763024677635526
2014-04-22 04:00:00,22.1,88,0.0,2.6,106,-2.499280409439629,0.716657125124198
2014-04-22 05:00:00,22.7,85,0.1,1.1,18,-0.33991869381244233,-1.0461621679246689
2014-04-22 06:00:00,22.8,83,0.1,3.4,18,-1.0506577808748216,-3.233592155403522
2014-04-22 07:00:00,22.7,91,0.1,3.9,22,-1.460965714322058,-3.6160170328104706
2014-04-22 08:00:00,24.8,82,0.1,4.3,5,-0.37476969381493047,-4.283637201794505
2014-04-22 09:00:00,25.5,79,0.0,6.2,353,0.7555899291119145,-6.153786140176196
2014-04-22 10:00:00,26.5,75,0.0,8.9,339,3.1894747509531736,-8.308865795825096
2014-04-22 11:00:00,27.7,69,0.0,12.9,342,3.986319227436822,-12.26862906020748
2014-04-22 12:00:00,28.2,68,0.0,16.1,344,4.437761428653687,-15.476313304606936
2014-04-22 13:00:00,28.3,68,0.0,17.2,349,3.2819147204765726,-16.883987555299818
2014-04-22 14:00:00,28.3,69,0.0,18.2,352,2.5329504374731915,-18.02287885109658
2014-04-22 15:00:00,26.9,75,0.0,20.2,357,1.0571863161074682,-20.17231660204239
2014-04-22 16:00:00,26.1,78,0.0,21.6,1,-0.3769719790453236,-21.596710215378053
2014-04-22 17:00:00,25.1,80,0.0,21.3,2,-0.7433592797632662,-21.28702461550674
2014-04-22 18:00:00,23.6,85,0.0,20.2,2,-0.7049698333905153,-20.187694705785734
2014-04-22 19:00:00,22.6,87,0.0,18.4,6,-1.9233237241248218,-18.299202874776228
2014-04-22 20:00:00,22.2,87,0.0,18.0,2,-0.6281909406450137,-17.989034886343724
2014-04-22 21:00:00,21.7,89,0.0,19.1,359,0.33334096295211674,-19.097090977487074
2014-04-22 22:00:00,21.3,89,0.0,19.1,2,-0.6665803870177646,-19.08836479606473
2014-04-22 23:00:00,21.1,90,0.0,17.7,4,-1.2346895852710227,-17.65688368959889
2014-04-23 00:00:00,20.4,93,0.0,16.9,1,-0.2949456687900911,-16.89742604814301
2014-04-23 01:00:00,20.3,92,0.0,16.2,1,-0.2827289842839927,-16.197532661533536
2014-04-23 02:00:00,20.1,91,0.0,16.2,4,-1.1300548746548345,-16.16053761420915
2014-04-23 03:00:00,19.7,90,0.0,15.3,8,-2.129348444689007,-15.151101451746026
2014-04-23 04:00:00,19.8,90,0.0,14.5,6,-1.5156627173809738,-14.420567482839964
2014-04-23 05:00:00,19.8,90,0.0,13.8,6,-1.4424927930936164,-13.724402156082174
2014-04-23 06:00:00,20.0,89,0.0,14.2,7,-1.7305446763530898,-14.094155353306773
2014-04-23 07:00:00,21.2,88,0.0,13.4,5,-1.1678869528186206,-13.34900895442939
2014-04-23 08:00:00,23.1,80,0.2,14.1,3,-0.7379369830255147,-14.080676440039491
2014-04-23 09:00:00,24.0,79,0.2,14.4,360,8.817456953860943e-16,-14.4
2014-04-23 10:00:00,24.8,77,0.3,14.0,359,0.24433369012197037,-13.997867732189478
2014-04-23 11:00:00,26.0,73,0.2,15.2,356,1.0602984009107035,-15.162973563949327
2014-04-23 12:00:00,26.1,74,0.3,15.1,360,9.246083333562517e-16,-15.1
2014-04-23 13:00:00,26.1,74,0.1,15.2,5,-1.3247672897644054,-15.142159410994532
2014-04-23 14:00:00,26.2,73,0.0,14.2,7,-1.7305446763530898,-14.094155353306773
2014-04-23 15:00:00,25.0,78,0.4,14.1,3,-0.7379369830255147,-14.080676440039491
2014-04-23 16:00:00,23.9,83,0.6,15.1,3,-0.790272939268459,-15.079305974794064
2014-04-23 17:00:00,23.1,89,0.8,13.4,5,-1.1678869528186206,-13.34900895442939
2014-04-23 18:00:00,22.4,92,0.6,10.9,8,-1.5169868004647176,-10.793921949283115
2014-04-23 19:00:00,21.8,94,0.6,11.3,9,-1.7677094549546108,-11.160878248725057
2014-04-23 20:00:00,21.5,95,0.4,11.5,2,-0.40134421207875876,-11.492994510719601
2014-04-23 21:00:00,21.3,95,0.2,11.9,360,7.286648454926752e-16,-11.9
2014-04-23 22:00:00,21.3,94,0.0,11.0,11,-2.098898949141991,-10.797899017924303
2014-04-23 23:00:00,21.0,95,0.0,9.4,7,-1.1455718280083835,-9.329933825428428
2014-04-24 00:00:00,20.9,95,0.0,10.9,351,1.705135668938517,-10.765802912487002
2014-04-24 01:00:00,20.5,96,0.0,11.9,357,0.6227978792910333,-11.88369146357943
2014-04-24 02:00:00,20.5,97,0.0,11.6,5,-1.0110066158728357,-11.555858497864248
2014-04-24 03:00:00,20.1,96,0.2,12.3,7,-1.4989929238833102,-12.208317665188263
2014-04-24 04:00:00,19.8,97,0.2,14.1,4,-0.9835662797921707,-14.06565310866352
2014-04-24 05:00:00,20.0,97,0.2,15.9,6,-1.6620025659556885,-15.812898136355548
2014-04-24 06:00:00,20.1,97,0.1,14.5,14,-3.507867486195183,-14.06928803100195
2014-04-24 07:00:00,21.5,95,0.0,15.3,15,-3.959931390068566,-14.778665142222746
2014-04-24 08:00:00,22.4,91,0.1,13.0,24,-5.287576359985401,-11.876090949353813
2014-04-24 09:00:00,24.1,84,0.0,13.3,13,-2.991849022773408,-12.959121861643627
2014-04-24 10:00:00,25.3,77,0.1,13.7,360,8.388830574159369e-16,-13.7
2014-04-24 11:00:00,26.0,75,0.2,13.8,354,1.4424927930936178,-13.724402156082173
2014-04-24 12:00:00,25.7,77,0.2,15.3,352,2.129348444689002,-15.151101451746028
2014-04-24 13:00:00,26.0,77,0.0,15.2,353,1.8524140197582417,-15.086701504948094
2014-04-24 14:00:00,26.4,75,0.0,15.5,355,1.3509140125887011,-15.441017820422056
2014-04-24 15:00:00,26.8,74,0.0,16.6,359,0.2897099468589078,-16.597471739596095
2014-04-24 16:00:00,26.4,75,0.0,17.4,354,1.81879526085717,-17.304680979407955
2014-04-24 17:00:00,25.4,78,0.0,18.0,357,0.9420472123729914,-17.975331625582328
2014-04-24 18:00:00,24.3,82,0.0,15.8,1,-0.27574802170907925,-15.797593583470983
2014-04-24 19:00:00,23.5,84,0.0,12.6,13,-2.834383284732702,-12.277062816293963
2014-04-24 20:00:00,22.9,86,0.0,11.3,7,-1.3771235804781632,-11.21577151354694
2014-04-24 21:00:00,22.5,88,0.0,11.9,3,-0.6227978792910372,-11.88369146357943
2014-04-24 22:00:00,22.4,88,0.0,13.0,3,-0.680367431158276,-12.98218395180946
2014-04-24 23:00:00,22.0,91,0.0,11.4,11,-2.1752225472926088,-11.19054989130337
2014-04-25 00:00:00,21.7,93,0.0,11.5,4,-0.8021994480574441,-11.471986577987979
2014-04-25 01:00:00,21.4,94,0.0,13.3,2,-0.4641633061432601,-13.291897999353974
2014-04-25 02:00:00,21.1,95,0.2,13.4,8,-1.864919552864882,-13.269592121137041
2014-04-25 03:00:00,20.3,95,0.0,12.0,7,-1.462432120861766,-11.910553819695865
2014-04-25 04:00:00,20.1,95,0.0,11.3,7,-1.3771235804781632,-11.21577151354694
2014-04-25 05:00:00,20.6,93,0.0,9.3,13,-2.092044805397947,-9.061641602502688
2014-04-25 06:00:00,21.0,93,0.0,7.7,11,-1.4692292643993936,-7.558529312547013
2014-04-25 07:00:00,22.4,90,0.0,8.3,342,2.564841053312064,-7.893769085249775
2014-04-25 08:00:00,23.7,86,0.0,11.0,341,3.5812496990287244,-10.400704331592484
2014-04-25 09:00:00,24.5,83,0.2,11.9,355,1.0371533386971319,-11.854716907291772
2014-04-25 10:00:00,25.3,80,0.0,11.9,2,-0.4153040107597591,-11.89275084152724
2014-04-25 11:00:00,25.8,78,0.0,12.7,8,-1.7674983821928358,-12.576404473017941
2014-04-25 12:00:00,26.2,76,0.0,12.8,11,-2.442355140819771,-12.5648279481301
2014-04-25 13:00:00,26.9,73,0.0,12.6,2,-0.4397336584515096,-12.592324420440606
2014-04-25 14:00:00,27.3,72,0.0,13.4,352,1.8649195528648772,-13.269592121137043
2014-04-25 15:00:00,26.4,77,0.0,15.5,348,3.2226312076752714,-15.161287811373986
2014-04-25 16:00:00,25.8,79,0.0,15.6,352,2.171100374977021,-15.448181872368497
2014-04-25 17:00:00,25.1,81,0.0,13.7,360,8.388830574159369e-16,-13.7
2014-04-25 18:00:00,24.3,84,0.0,12.1,350,2.101142949769858,-11.916173811447717
2014-04-25 19:00:00,23.4,89,0.0,11.7,351,1.8302832409707017,-11.555953584963111
2014-04-25 20:00:00,22.8,92,0.0,10.6,350,1.8406706832694624,-10.438962181929405
2014-04-25 21:00:00,22.2,95,0.0,8.3,355,0.7233926648055626,-8.268415994161488
2014-04-25 22:00:00,21.8,96,0.0,8.0,352,1.1133848076805237,-7.922144549932563
2014-04-25 23:00:00,21.7,96,0.0,8.3,358,0.289665822630759,-8.294943864258496
2014-04-26 00:00:00,21.9,94,0.0,8.3,360,5.082284216461516e-16,-8.3
2014-04-26 01:00:00,22.0,92,0.0,4.2,31,-2.163159914622229,-3.600102662948871
2014-04-26 02:00:00,22.1,90,0.0,2.5,82,-2.475670171853926,-0.3479327524001638
2014-04-26 03:00:00,22.4,90,0.0,4.0,10,-0.6945927106677213,-3.939231012048832
2014-04-26 04:00:00,22.2,91,0.0,4.7,23,-1.836436303899587,-4.326372811226469
2014-04-26 05:00:00,22.2,90,0.0,2.6,74,-2.499280409439629,-0.7166571251241974
2014-04-26 06:00:00,22.3,88,0.0,3.9,22,-1.460965714322058,-3.6160170328104706
2014-04-26 07:00:00,22.7,93,0.0,8.3,326,4.641301098807199,-6.881011852206847
2014-04-26 08:00:00,24.7,86,0.0,9.4,7,-1.1455718280083835,-9.329933825428428
2014-04-26 09:00:00,25.7,82,0.0,2.7,337,1.0549740469210391,-2.485363104321589
2014-04-26 10:00:00,26.8,78,0.0,8.4,280,8.272385125302547,-1.458644692402215
2014-04-26 11:00:00,27.4,76,0.0,13.5,312,10.032455143944823,-9.033263185844586
2014-04-26 12:00:00,27.6,75,0.0,14.5,318,9.702393792203445,-10.775599969422217
2014-04-26 13:00:00,27.3,75,0.0,10.1,325,5.793122007145566,-8.273435647318816
2014-04-26 14:00:00,27.3,76,0.0,8.8,325,5.0474726398892065,-7.208537989743128
2014-04-26 15:00:00,26.2,80,0.0,6.8,328,3.603450996785793,-5.766727053863696
2014-04-26 16:00:00,26.5,77,0.0,3.9,292,3.616017032810471,-1.460965714322057
2014-04-26 17:00:00,26.0,79,0.0,2.5,315,1.7677669529663689,-1.7677669529663687
2014-04-26 18:00:00,25.4,81,0.0,8.3,5,-0.7233926648055635,-8.268415994161488
2014-04-26 19:00:00,24.6,86,0.0,7.8,347,1.7546182238821464,-7.6000865053248345
2014-04-26 20:00:00,23.6,92,0.0,6.5,3,-0.340183715579138,-6.49109197590473
2014-04-26 21:00:00,22.9,96,0.0,5.4,360,3.3065463576978537e-16,-5.4
2014-04-26 22:00:00,22.7,95,0.0,4.0,333,1.8159619989581872,-3.564026096753471
2014-04-26 23:00:00,22.7,93,0.0,4.8,347,1.0797650608505516,-4.676976310969129
2014-04-27 00:00:00,22.1,94,0.0,5.1,352,0.7097828148963339,-5.050367150582009
2014-04-27 01:00:00,21.5,95,0.0,5.2,12,-1.0811407922523508,-5.086367523815789
2014-04-27 02:00:00,20.6,98,0.0,5.4,94,-5.386845871403051,0.37668495821827785
2014-04-27 03:00:00,21.3,93,0.5,6.8,115,-6.162892951849219,2.8738041798367564
2014-04-27 04:00:00,23.1,86,0.0,2.3,321,1.447436899414626,-1.7874357113510329
2014-04-27 05:00:00,23.1,86,0.0,5.5,328,2.914555953282627,-4.664264528860342
2014-04-27 06:00:00,23.1,85,0.0,4.0,360,2.4492935982947064e-16,-4.0
2014-04-27 07:00:00,23.2,93,0.0,6.7,344,1.8467702839738944,-6.440453362786736
2014-04-27 08:00:00,25.1,84,0.0,7.2,342,2.224922359499622,-6.8476069173251055
2014-04-27 09:00:00,25.7,80,0.0,5.4,323,3.2498011250210617,-4.312631754255381
2014-04-27 10:00:00,26.8,75,0.0,5.5,293,5.062776693988422,-2.149021206691006
2014-04-27 11:00:00,27.6,71,0.0,7.2,276,7.160557646651568,-0.7526049355271051
2014-04-27 12:00:00,28.3,67,0.1,9.8,276,9.746314574609078,-1.0243789400230041
2014-04-27 13:00:00,28.6,65,0.0,10.2,280,10.045039080724521,-1.7712114122026892
2014-04-27 14:00:00,28.5,65,0.0,9.3,283,9.06164160250269,-2.092044805397945
2014-04-27 15:00:00,28.3,66,0.0,7.8,292,7.232034065620942,-2.921931428644114
2014-04-27 16:00:00,27.9,67,0.0,8.4,301,7.200205325897744,-4.326319829244455
2014-04-27 17:00:00,27.1,71,0.0,8.4,317,5.728786224524987,-6.143371093601032
2014-04-27 18:00:00,26.1,74,0.0,7.2,354,0.752604935527105,-7.160557646651568
2014-04-27 19:00:00,24.9,81,0.0,8.7,7,-1.0602632876247804,-8.635151519279502
2014-04-27 20:00:00,23.6,89,0.0,9.1,7,-1.1090110249868392,-9.03216997993603
2014-04-27 21:00:00,22.7,91,0.0,9.7,4,-0.676637795318018,-9.676371287520293
2014-04-27 22:00:00,22.0,91,0.0,10.6,10,-1.8406706832694615,-10.438962181929405
2014-04-27 23:00:00,21.6,92,0.0,12.3,7,-1.4989929238833102,-12.208317665188263
2014-04-28 00:00:00,21.4,93,0.0,12.6,360,7.715274834628325e-16,-12.6
2014-04-28 01:00:00,20.7,94,0.0,12.6,3,-0.6594330486610982,-12.58273213790763
2014-04-28 02:00:00,20.3,94,0.0,12.7,7,-1.547740661245369,-12.60533612584479
2014-04-28 03:00:00,21.2,90,0.0,13.0,6,-1.3588700224794936,-12.928784639787555
2014-04-28 04:00:00,20.9,90,0.0,13.8,9,-2.1587956175551883,-13.6300991002129
2014-04-28 05:00:00,20.5,89,0.0,14.7,11,-2.8048922320352054,-14.42991959668066
2014-04-28 06:00:00,20.2,89,0.0,13.9,10,-2.4137096695703315,-13.688827766869691
2014-04-28 07:00:00,22.7,84,0.0,18.4,3,-0.9629815948701752,-18.37478343948416
2014-04-28 08:00:00,24.5,74,0.0,19.8,2,-0.691010034709515,-19.787938374978097
2014-04-28 09:00:00,25.8,67,0.0,20.2,5,-1.7605460035026965,-20.12313290145326
2014-04-28 10:00:00,27.1,62,0.0,19.2,8,-2.672123538433264,-19.01314691983815
2014-04-28 11:00:00,27.9,59,0.0,19.1,2,-0.6665803870177646,-19.08836479606473
2014-04-28 12:00:00,28.3,58,0.0,19.1,358,0.6665803870177707,-19.08836479606473
2014-04-28 13:00:00,28.2,58,0.0,20.3,354,2.121927804333365,-20.18879447597595
2014-04-28 14:00:00,27.6,60,0.0,20.9,359,0.36475529453922717,-20.896816828768575
2014-04-28 15:00:00,26.6,62,0.0,19.9,6,-2.0801164190263015,-19.79098571782864
2014-04-28 16:00:00,26.1,63,0.0,18.1,7,-2.205835115633164,-17.96508534470793
2014-04-28 17:00:00,25.3,65,0.0,18.8,3,-0.983915977367353,-18.77423525338599
2014-04-28 18:00:00,24.0,69,0.0,16.6,4,-1.1579574641524848,-16.55956323431308
2014-04-28 19:00:00,22.8,73,0.0,15.2,7,-1.8524140197582368,-15.086701504948095
2014-04-28 20:00:00,21.9,80,0.0,13.4,14,-3.2417534010355484,-13.001962732098352
2014-04-28 21:00:00,21.5,82,0.0,11.4,18,-3.5227937358744024,-10.84204428576475
2014-04-28 22:00:00,22.0,77,0.0,12.0,21,-4.3004153945436085,-11.20296511796642
2014-04-28 23:00:00,21.9,77,0.0,10.9,27,-4.9484964471610615,-9.71197111365321
2014-04-29 00:00:00,20.8,82,0.0,10.4,34,-5.815606196095764,-8.621990754572435
2014-04-29 01:00:00,20.9,81,0.0,10.1,27,-4.585304047369424,-8.999165894302514
2014-04-29 02:00:00,20.3,84,0.0,11.4,18,-3.5227937358744024,-10.84204428576475
2014-04-29 03:00:00,20.6,82,0.0,12.8,11,-2.442355140819771,-12.5648279481301
2014-04-29 04:00:00,19.7,86,0.0,12.8,16,-3.5281581544575857,-12.304149708010485
2014-04-29 05:00:00,19.3,87,0.0,12.3,15,-3.1834742547610038,-11.88088766335554
2014-04-29 06:00:00,19.2,87,0.0,10.6,24,-4.311408416603481,-9.68358185101157
2014-04-29 07:00:00,21.3,87,0.0,9.5,25,-4.014873486536642,-8.609923976848176
2014-04-29 08:00:00,23.9,70,0.0,8.1,21,-2.9027803913169357,-7.562001454627333
2014-04-29 09:00:00,25.0,66,0.0,7.3,11,-1.3929056662487755,-7.165878439167947
2014-04-29 10:00:00,25.9,65,0.0,9.0,355,0.7844016847289232,-8.96575228282571
2014-04-29 11:00:00,26.6,62,0.0,11.9,360,7.286648454926752e-16,-11.9
2014-04-29 12:00:00,27.0,61,0.0,13.3,360,8.143901214329899e-16,-13.3
2014-04-29 13:00:00,27.2,58,0.0,15.1,357,0.7902729392684539,-15.079305974794064
2014-04-29 14:00:00,26.9,59,0.0,18.0,359,0.3141433158711048,-17.997258512815044
2014-04-29 15:00:00,26.3,58,0.0,18.1,7,-2.205835115633164,-17.96508534470793
2014-04-29 16:00:00,25.6,58,0.0,14.0,18,-4.326237921249266,-13.31479122813215
2014-04-29 17:00:00,25.1,60,0.0,12.7,15,-3.2870018728020116,-12.267257993871167
2014-04-29 18:00:00,24.1,63,0.0,12.5,12,-2.5988961352219975,-12.22684500917257
2014-04-29 19:00:00,23.0,67,0.0,14.3,10,-2.483168940637104,-14.082750868074575
2014-04-29 20:00:00,21.9,78,0.0,12.0,16,-3.3076482698039866,-11.535140351259829
2014-04-29 21:00:00,22.5,68,0.0,9.0,23,-3.5165801564034647,-8.284543681071963
2014-04-29 22:00:00,22.4,70,0.0,7.1,41,-4.658019105832602,-5.358438019581681
2014-04-29 23:00:00,21.9,75,0.0,4.9,73,-4.685893304218874,-1.4326213531414103
2014-04-30 00:00:00,21.7,76,0.0,1.6,63,-1.4256104387013888,-0.7263847995832747
2014-04-30 01:00:00,21.2,79,0.0,1.9,158,-0.7117525274902329,1.761649323676896
2014-04-30 02:00:00,20.4,82,0.0,2.7,203,1.0549740469210391,2.485363104321589
2014-04-30 03:00:00,22.1,74,0.0,1.8,259,1.7669289302057951,0.34345619167778063
2014-04-30 04:00:00,21.9,75,0.0,2.2,360,1.3471114790620887e-16,-2.2
2014-04-30 05:00:00,21.8,76,0.0,3.5,66,-3.197409101749103,-1.4235782507653008
2014-04-30 06:00:00,20.9,81,0.0,5.8,60,-5.0229473419497435,-2.9000000000000004
2014-04-30 07:00:00,21.3,86,0.0,6.8,25,-2.873804179836754,-6.16289295184922
2014-04-30 08:00:00,22.8,77,0.8,6.5,19,-2.116193003971518,-6.1458707413955596
2014-04-30 09:00:00,23.3,77,0.0,3.9,34,-2.1808523235359116,-3.233246532964663
2014-04-30 10:00:00,23.5,77,0.6,0.5,315,0.3535533905932738,-0.35355339059327373
2014-04-30 11:00:00,23.8,76,0.0,5.6,297,4.98963653545486,-2.5423467985414616
2014-04-30 12:00:00,24.2,74,0.0,10.0,308,7.880107536067219,-6.156614753256583
2014-04-30 13:00:00,24.1,73,0.1,14.5,314,10.430427104910443,-10.07254637165546
2014-04-30 14:00:00,23.9,75,0.5,13.5,331,6.544929873325551,-11.807366046381842
2014-04-30 15:00:00,22.2,83,1.6,11.7,349,2.2324652459055754,-11.485038046337667
2014-04-30 16:00:00,21.2,90,1.0,9.5,351,1.4861274178821937,-9.38303923565381
2014-04-30 17:00:00,20.9,93,0.9,8.3,355,0.7233926648055626,-8.268415994161488
2014-04-30 18:00:00,20.5,95,1.1,8.0,10,-1.3891854213354426,-7.878462024097664
2014-04-30 19:00:00,20.0,97,1.1,9.4,356,0.6557108531947772,-9.377102072442348
2014-04-30 20:00:00,20.0,97,0.9,9.7,356,0.6766377953180147,-9.676371287520293
2014-04-30 21:00:00,20.0,97,0.9,7.6,8,-1.0577155672965002,-7.526037322435934
2014-04-30 22:00:00,20.1,96,0.6,6.0,17,-1.7542302283364226,-5.7378285357782115
2014-04-30 23:00:00,20.1,96,0.5,4.7,9,-0.7352419856890859,-4.6421352007971475
2014-05-01 00:00:00,20.2,95,0.3,5.1,352,0.7097828148963339,-5.050367150582009
2014-05-01 01:00:00,20.0,96,0.2,6.0,343,1.7542302283364206,-5.737828535778212
2014-05-01 02:00:00,20.2,95,0.3,6.4,344,1.7640790772287946,-6.1520748540052415
2014-05-01 03:00:00,19.9,96,0.6,6.1,332,2.863776532993934,-5.385980316439453
2014-05-01 04:00:00,19.9,96,0.8,7.7,332,3.61493103345136,-6.798696465013737
2014-05-01 05:00:00,19.9,96,1.7000000000000002,7.5,343,2.192787785420526,-7.172285669722766
2014-05-01 06:00:00,20.1,95,2.7,6.3,347,1.4171916423663489,-6.1385314081469815
2014-05-01 07:00:00,20.4,95,3.3,6.5,6,-0.6794350112397468,-6.464392319893777
2014-05-01 08:00:00,20.6,95,3.1,8.8,12,-1.8296228791962863,-8.60769888645749
2014-05-01 09:00:00,20.9,94,2.4,9.9,10,-1.7191169589026103,-9.74959675482086
2014-05-01 10:00:00,21.3,92,1.6,11.2,360,6.858022075225178e-16,-11.2
2014-05-01 11:00:00,21.6,90,1.2,11.5,4,-0.8021994480574441,-11.471986577987979
2014-05-01 12:00:00,21.8,90,0.8,11.6,5,-1.0110066158728357,-11.555858497864248
2014-05-01 13:00:00,22.0,90,0.5,10.9,6,-1.1393602496174215,-10.840288659514181
2014-05-01 14:00:00,22.4,88,0.3,10.6,10,-1.8406706832694615,-10.438962181929405
2014-05-01 15:00:00,22.8,93,0.5,10.5,8,-1.4613175600806911,-10.397814721786487
2014-05-01 16:00:00,22.1,96,0.6,11.3,9,-1.7677094549546108,-11.160878248725057
2014-05-01 17:00:00,21.9,96,0.8,11.6,16,-3.197393327477187,-11.1506356728845
2014-05-01 18:00:00,21.7,96,1.0,10.1,17,-2.9529542176996446,-9.658678035226657
2014-05-01 19:00:00,21.4,96,0.9,9.3,36,-5.466402846320002,-7.5238580476870105
2014-05-01 20:00:00,21.1,95,0.5,9.5,9,-1.4861274178821948,-9.383039235653808
2014-05-01 21:00:00,20.7,95,0.2,13.0,354,1.358870022479495,-12.928784639787553
2014-05-01 22:00:00,20.5,96,0.0,13.8,9,-2.1587956175551883,-13.6300991002129
2014-05-01 23:00:00,20.3,96,0.0,12.2,14,-2.951447126315947,-11.837607860567156
2014-05-02 00:00:00,20.4,96,0.0,10.6,10,-1.8406706832694615,-10.438962181929405
2014-05-02 01:00:00,21.2,93,0.0,8.3,5,-0.7233926648055635,-8.268415994161488
2014-05-02 02:00:00,20.9,93,0.3,7.6,5,-0.6623836448822027,-7.571079705497266
2014-05-02 03:00:00,21.6,88,0.6,8.4,7,-1.0237024846032363,-8.337387673787106
2014-05-02 04:00:00,20.5,91,0.2,8.6,2,-0.3001356716415065,-8.594761112364223
2014-05-02 05:00:00,20.1,92,0.2,10.1,4,-0.7045403848156684,-10.075396907624224
2014-05-02 06:00:00,19.6,94,0.2,13.3,3,-0.6960682180311593,-13.281772812235833
2014-05-02 07:00:00,21.6,94,0.0,13.3,3,-0.6960682180311593,-13.281772812235833
2014-05-02 08:00:00,23.0,87,0.0,14.1,6,-1.4738513320739124,-14.022758724692654
2014-05-02 09:00:00,23.9,82,0.0,14.1,4,-0.9835662797921707,-14.06565310866352
2014-05-02 10:00:00,25.0,77,0.0,13.4,5,-1.1678869528186206,-13.34900895442939
2014-05-02 11:00:00,25.4,75,0.0,12.6,3,-0.6594330486610982,-12.58273213790763
2014-05-02 12:00:00,26.0,73,0.0,12.3,353,1.4989929238833142,-12.208317665188261
2014-05-02 13:00:00,26.3,72,0.0,14.2,351,2.221369403571279,-14.025174436450955
2014-05-02 14:00:00,26.2,73,0.0,13.8,353,1.6817969389910354,-13.697136892650244
2014-05-02 15:00:00,26.6,73,0.0,12.6,2,-0.4397336584515096,-12.592324420440606
2014-05-02 16:00:00,26.6,73,0.0,11.9,2,-0.4153040107597591,-11.89275084152724
2014-05-02 17:00:00,25.9,77,0.0,10.6,350,1.8406706832694624,-10.438962181929405
2014-05-02 18:00:00,24.9,82,0.0,10.9,354,1.1393602496174227,-10.84028865951418
2014-05-02 19:00:00,24.0,89,0.0,9.4,358,0.3280552690035102,-9.394273773979501
2014-05-02 20:00:00,23.2,92,0.0,6.9,6,-0.7212463965468082,-6.862201078041087
2014-05-02 21:00:00,22.8,92,0.0,5.8,30,-2.9000000000000026,-5.022947341949743
2014-05-02 22:00:00,22.1,96,0.0,7.5,17,-2.192787785420528,-7.172285669722765
2014-05-02 23:00:00,22.3,95,0.0,8.4,10,-1.458644692402215,-8.272385125302547
2014-05-03 00:00:00,22.0,94,0.0,6.0,25,-2.5357095704441948,-5.4378467222199
2014-05-03 01:00:00,21.6,96,0.0,3.1,45,-2.192031021678298,-2.192031021678297
2014-05-03 02:00:00,21.5,96,0.1,1.8,79,-1.7669289302057951,-0.3434561916777805
2014-05-03 03:00:00,21.2,93,0.0,2.9,97,-2.8783838397598336,0.35342109587492787
2014-05-03 04:00:00,22.5,84,0.0,1.8,127,-1.4375439180851273,1.0832670416736867
2014-05-03 05:00:00,22.5,84,0.0,2.7,23,-1.0549740469210394,-2.4853631043215887
2014-05-03 06:00:00,22.5,85,0.0,6.2,7,-0.7555899291119125,-6.153786140176197
2014-05-03 07:00:00,22.5,90,0.0,7.7,11,-1.4692292643993936,-7.558529312547013
2014-05-03 08:00:00,23.9,85,0.0,7.0,12,-1.4553818357243185,-6.847033205136639
2014-05-03 09:00:00,24.9,82,0.0,6.6,9,-1.0324674692655247,-6.5187430479279085
2014-05-03 10:00:00,25.9,78,0.0,4.7,337,1.8364363038995866,-4.32637281122647
2014-05-03 11:00:00,26.3,77,0.1,6.9,313,5.046340541172277,-4.70578868443124
2014-05-03 12:00:00,26.2,78,0.4,6.2,324,3.6442685642133337,-5.0159053651246746
2014-05-03 13:00:00,25.3,82,0.8,5.9,317,4.023790324368742,-4.314986839553106
2014-05-03 14:00:00,24.8,86,1.4,2.3,309,1.7874357113510329,-1.4474368994146258
2014-05-03 15:00:00,25.3,81,0.4,2.4,207,1.0895771993749124,2.138415658052083
2014-05-03 16:00:00,25.3,82,0.3,2.3,219,1.447436899414626,1.7874357113510329
2014-05-03 17:00:00,24.9,85,0.2,2.5,262,2.475670171853926,0.3479327524001636
2014-05-03 18:00:00,24.4,88,0.1,2.7,293,2.485363104321589,-1.0549740469210394
2014-05-03 19:00:00,23.6,92,0.3,1.6,117,-1.4256104387013886,0.7263847995832751
2014-05-03 20:00:00,23.1,93,0.3,3.3,103,-3.215421213791276,0.7423384793347552
2014-05-03 21:00:00,22.8,93,0.2,2.1,59,-1.800051331474436,-1.0815799573111138
2014-05-03 22:00:00,22.3,93,0.0,5.2,344,1.4333142502483958,-4.998560818879258
2014-05-03 23:00:00,22.0,93,0.0,5.4,352,0.7515347451843536,-5.34744757120448
2014-05-04 00:00:00,22.5,90,0.0,5.4,360,3.3065463576978537e-16,-5.4
2014-05-04 01:00:00,22.0,91,0.0,5.9,346,1.4273391840380394,-5.7247447850283795
2014-05-04 02:00:00,21.1,95,0.0,6.4,322,3.9402334420842133,-5.043268823083022
2014-05-04 03:00:00,22.9,88,0.2,4.7,4,-0.32785542659739025,-4.688551036221174
2014-05-04 04:00:00,22.9,88,0.2,4.0,10,-0.6945927106677213,-3.939231012048832
2014-05-04 05:00:00,21.2,93,0.0,4.8,333,2.1791543987498248,-4.276831316104166
2014-05-04 06:00:00,22.1,91,0.0,6.5,341,2.116193003971519,-6.145870741395559
2014-05-04 07:00:00,22.9,93,0.0,3.6,360,2.2043642384652358e-16,-3.6
2014-05-04 08:00:00,24.0,86,0.0,3.6,354,0.3763024677635525,-3.580278823325784
2014-05-04 09:00:00,25.1,82,0.0,6.6,315,4.666904755831213,-4.666904755831213
2014-05-04 10:00:00,25.7,80,0.0,10.2,309,7.926888806861102,-6.419067988708341
2014-05-04 11:00:00,26.5,76,0.0,11.0,311,8.301805382450492,-7.2166493188955805
2014-05-04 12:00:00,26.7,75,0.0,11.0,311,8.301805382450492,-7.2166493188955805
2014-05-04 13:00:00,26.1,78,0.0,11.5,314,8.272407703894489,-7.988571260278468
2014-05-04 14:00:00,25.7,78,0.0,10.3,324,6.054188098612474,-8.332875042061959
2014-05-04 15:00:00,25.7,77,0.0,9.7,333,4.403707847473604,-8.642763284627167
2014-05-04 16:00:00,25.5,78,0.0,7.4,346,1.7902220274375409,-7.180188374442374
2014-05-04 17:00:00,25.0,79,0.0,4.8,347,1.0797650608505516,-4.676976310969129
2014-05-04 18:00:00,24.5,81,0.5,3.9,326,2.1808523235359125,-3.233246532964663
2014-05-04 19:00:00,23.6,87,0.6,4.4,351,0.6883116461770161,-4.3458286986186065
2014-05-04 20:00:00,22.6,93,0.4,4.5,14,-1.088648530198505,-4.366330768241984
2014-05-04 21:00:00,22.3,93,0.0,5.1,8,-0.7097828148963357,-5.050367150582008
2014-05-04 22:00:00,22.5,93,0.5,4.6,51,-3.5748714227020653,-2.894873798829253
2014-05-04 23:00:00,23.1,89,0.6,4.0,63,-3.5640260967534716,-1.8159619989581868
2014-05-05 00:00:00,23.2,88,0.9,5.5,32,-2.9145559532826275,-4.664264528860342
2014-05-05 01:00:00,23.2,87,0.7000000000000001,6.0,17,-1.7542302283364226,-5.7378285357782115
2014-05-05 02:00:00,22.4,91,0.7000000000000001,8.3,358,0.289665822630759,-8.294943864258496
2014-05-05 03:00:00,22.2,93,2.2,14.6,344,4.024305394928188,-14.034420760699456
2014-05-05 04:00:00,22.0,93,3.8,21.6,1,-0.3769719790453236,-21.596710215378053
2014-05-05 05:00:00,21.2,94,1.1,23.2,16,-6.394786654954374,-22.301271345769
2014-05-05 06:00:00,21.0,94,0.7000000000000001,23.3,22,-8.728333626590757,-21.603383811406147
2014-05-05 07:00:00,21.0,94,0.8,21.5,18,-6.643865379061372,-20.4477151003458
2014-05-05 08:00:00,21.6,92,0.6,20.9,11,-3.9879080033697822,-20.516008134056175
2014-05-05 09:00:00,22.0,93,0.6,20.8,14,-5.03197542847309,-20.182151106540726
2014-05-05 10:00:00,22.6,90,0.4,20.1,15,-5.202262806560665,-19.415109108410274
2014-05-05 11:00:00,23.3,85,0.5,22.8,12,-4.740386550644923,-22.301765296730768
2014-05-05 12:00:00,23.8,82,0.5,25.9,10,-4.497487801573495,-25.506520803016187
2014-05-05 13:00:00,23.6,82,0.4,27.4,10,-4.757960068073891,-26.9837324325345
2014-05-05 14:00:00,23.6,83,0.6,27.3,8,-3.799425656209797,-27.034318276644868
2014-05-05 15:00:00,24.3,78,0.2,27.2,7,-3.314846140620003,-26.99725532464396
2014-05-05 16:00:00,23.1,81,0.4,24.9,10,-4.323839623906565,-24.521713050003978
2014-05-05 17:00:00,22.0,87,1.2,21.3,11,-4.0642316015204,-20.908659007435244
2014-05-05 18:00:00,21.5,90,1.7000000000000002,21.1,8,-2.936552430257389,-20.894656250447134
2014-05-05 19:00:00,21.0,91,1.9,21.2,10,-3.681341366538923,-20.87792436385881
2014-05-05 20:00:00,20.8,93,2.0,20.7,8,-2.8808831898733627,-20.498549022950503
2014-05-05 21:00:00,20.7,93,2.3,19.6,6,-2.048757880046006,-19.49262914921816
2014-05-05 22:00:00,20.5,94,2.3,18.8,5,-1.638527963655975,-18.728460324124818
2014-05-05 23:00:00,20.2,94,2.1,19.5,5,-1.699536983579336,-19.42579661278904
2014-05-06 00:00:00,20.0,95,2.2,19.2,8,-2.672123538433264,-19.01314691983815
2014-05-06 01:00:00,19.8,95,2.2,19.6,7,-2.3886391307408847,-19.453904572169915
2014-05-06 02:00:00,19.6,96,1.7000000000000002,20.0,8,-2.7834620192013166,-19.805361374831406
2014-05-06 03:00:00,19.4,93,1.1,19.4,11,-3.701694510304965,-19.04356735888468
2014-05-06 04:00:00,19.2,94,1.2,17.3,12,-3.5968722511472446,-16.921953492694836
2014-05-06 05:00:00,19.2,95,1.3,16.3,6,-1.70381395126275,-16.210706894502856
2014-05-06 06:00:00,19.2,95,1.3,17.8,7,-2.16927431261162,-17.667321499215532
2014-05-06 07:00:00,19.3,95,1.1,17.9,9,-2.8001769242201355,-17.679621296652964
2014-05-06 08:00:00,19.6,95,0.8,17.3,4,-1.2067869957733726,-17.257858069494958
2014-05-06 09:00:00,20.2,94,0.5,18.1,6,-1.891965185144526,-18.00084630616575
2014-05-06 10:00:00,20.6,93,0.4,17.4,7,-2.120526575249561,-17.270303038559003
2014-05-06 11:00:00,20.9,94,0.4,17.4,7,-2.120526575249561,-17.270303038559003
2014-05-06 12:00:00,20.8,94,0.4,16.1,10,-2.7957356604375785,-15.855404823496551
2014-05-06 13:00:00,21.2,94,0.4,15.4,11,-2.938458528798787,-15.117058625094026
2014-05-06 14:00:00,21.2,93,0.4,14.5,14,-3.507867486195183,-14.06928803100195
2014-05-06 15:00:00,21.1,91,0.4,12.8,11,-2.442355140819771,-12.5648279481301
2014-05-06 16:00:00,21.1,93,0.4,13.3,3,-0.6960682180311593,-13.281772812235833
2014-05-06 17:00:00,20.7,95,0.3,14.2,7,-1.7305446763530898,-14.094155353306773
2014-05-06 18:00:00,20.5,94,0.0,14.9,8,-2.0736792043049808,-14.754994224249398
2014-05-06 19:00:00,20.1,95,0.0,13.9,10,-2.4137096695703315,-13.688827766869691
2014-05-06 20:00:00,19.9,95,0.0,11.2,6,-1.1707187885977175,-11.13864522812466
2014-05-06 21:00:00,19.7,95,0.0,10.5,354,1.0975488643103612,-10.44247990136687
2014-05-06 22:00:00,19.4,96,0.0,10.8,356,0.7533699164365526,-10.773691742806102
2014-05-06 23:00:00,19.1,96,0.0,9.7,360,5.939536975864663e-16,-9.7
2014-05-07 00:00:00,19.5,94,0.0,8.6,360,5.265981236333618e-16,-8.6
2014-05-07 01:00:00,19.7,93,0.1,9.0,355,0.7844016847289232,-8.96575228282571
2014-05-07 02:00:00,20.0,92,0.3,9.0,2,-0.31409547032250684,-8.994517443171862
2014-05-07 03:00:00,19.2,95,0.0,8.6,358,0.3001356716415093,-8.594761112364223
2014-05-07 04:00:00,19.2,95,0.0,9.1,351,1.4235536318661013,-8.987963899415753
2014-05-07 05:00:00,19.2,95,0.0,9.0,355,0.7844016847289232,-8.96575228282571
2014-05-07 06:00:00,19.8,93,0.0,8.2,23,-3.203995253612045,-7.548139798310009
2014-05-07 07:00:00,20.8,94,0.0,7.2,27,-3.268731598124738,-6.415246974156248
2014-05-07 08:00:00,21.9,90,0.0,5.5,11,-1.0494494745709955,-5.3989495089621515
2014-05-07 09:00:00,22.9,84,0.0,5.2,335,2.197614961051637,-4.7128004925905795
2014-05-07 10:00:00,23.6,82,0.0,7.9,317,5.387787044493738,-5.777694242791447
2014-05-07 11:00:00,23.5,84,0.4,12.4,324,7.288537128426667,-10.031810730249349
2014-05-07 12:00:00,23.3,86,0.5,14.3,332,6.71344334783824,-12.626150577882655
2014-05-07 13:00:00,23.0,89,0.7000000000000001,15.3,341,4.981192763194499,-14.466434206669547
2014-05-07 14:00:00,22.9,92,0.6,12.7,8,-1.7674983821928358,-12.576404473017941
2014-05-07 15:00:00,21.3,96,3.6,9.4,43,-6.410784584587487,-6.874724795220202
2014-05-07 16:00:00,21.5,94,2.0,5.1,45,-3.606244584051393,-3.606244584051392
2014-05-07 17:00:00,21.6,93,1.1,3.6,6,-0.3763024677635521,-3.5802788233257843
2014-05-07 18:00:00,21.6,95,0.8,5.6,40,-3.5996106142446207,-4.289848881466276
2014-05-07 19:00:00,21.3,95,0.9,6.6,45,-4.666904755831214,-4.666904755831213
2014-05-07 20:00:00,21.2,94,1.1,6.9,43,-4.705788684431241,-5.046340541172277
2014-05-07 21:00:00,20.7,96,0.5,4.9,343,1.4326213531414103,-4.685893304218874
2014-05-07 22:00:00,21.1,93,0.5,6.1,320,3.92100441908789,-4.6728711030257655
2014-05-07 23:00:00,21.6,91,0.7000000000000001,6.4,333,2.9055391983331,-5.702441754805554
2014-05-08 00:00:00,20.4,95,0.5,6.4,16,-1.7640790772287929,-6.152074854005242
2014-05-08 01:00:00,20.0,96,0.0,7.3,340,2.4967470462773824,-6.8597561317371305
2014-05-08 02:00:00,19.9,97,0.0,9.4,320,6.04220353105347,-7.200817765318393
2014-05-08 03:00:00,20.0,94,0.0,7.3,327,3.9758649556096977,-6.122295146001595
2014-05-08 04:00:00,20.6,92,0.0,7.6,355,0.6623836448822018,-7.571079705497266
2014-05-08 05:00:00,19.4,95,0.0,8.7,7,-1.0602632876247804,-8.635151519279502
2014-05-08 06:00:00,19.1,96,0.0,8.7,7,-1.0602632876247804,-8.635151519279502
2014-05-08 07:00:00,21.3,95,0.0,8.0,18,-2.4721359549995805,-7.608452130361228
2014-05-08 08:00:00,22.8,88,0.0,6.5,6,-0.6794350112397468,-6.464392319893777
2014-05-08 09:00:00,23.8,83,0.0,6.5,3,-0.340183715579138,-6.49109197590473
2014-05-08 10:00:00,25.0,79,0.0,7.7,349,1.4692292643993958,-7.558529312547013
2014-05-08 11:00:00,26.0,76,0.0,8.8,348,1.8296228791962834,-8.60769888645749
2014-05-08 12:00:00,26.6,72,0.0,7.4,346,1.7902220274375409,-7.180188374442374
2014-05-08 13:00:00,27.1,71,0.0,7.0,325,4.015035054457323,-5.7340643100229425
2014-05-08 14:00:00,26.6,73,0.0,11.3,329,5.8199302464836125,-9.68599049793387
2014-05-08 15:00:00,26.7,73,0.0,13.8,332,6.478707566445294,-12.184676781453192
2014-05-08 16:00:00,25.5,79,0.0,13.2,349,2.518678738970393,-12.957478821509163
2014-05-08 17:00:00,24.9,82,0.0,11.9,360,7.286648454926752e-16,-11.9
2014-05-08 18:00:00,24.2,85,0.0,7.9,3,-0.41345405431926,-7.889173324561134
2014-05-08 19:00:00,23.3,88,0.0,9.1,9,-1.4235536318661024,-8.987963899415753
2014-05-08 20:00:00,22.5,94,0.0,8.4,10,-1.458644692402215,-8.272385125302547
2014-05-08 21:00:00,22.6,91,0.0,8.3,2,-0.28966582263075635,-8.294943864258496
2014-05-08 22:00:00,22.6,90,0.0,7.2,354,0.752604935527105,-7.160557646651568
2014-05-08 23:00:00,21.9,93,0.0,5.1,356,0.35575801609503865,-5.087576656325103
2014-05-09 00:00:00,21.4,93,0.0,2.9,330,1.4500000000000002,-2.5114736709748717
2014-05-09 01:00:00,21.0,94,0.0,1.8,349,0.34345619167778085,-1.7669289302057951
2014-05-09 02:00:00,20.3,96,0.0,1.6,63,-1.4256104387013888,-0.7263847995832747
2014-05-09 03:00:00,22.7,85,0.3,3.3,354,0.3449439287832564,-3.2819222547153015
2014-05-09 04:00:00,22.7,84,0.7000000000000001,3.4,18,-1.0506577808748216,-3.233592155403522
2014-05-09 05:00:00,22.7,84,1.6,3.8,311,2.8678964048465336,-2.4930243101639276
2014-05-09 06:00:00,22.3,87,1.7000000000000002,1.1,288,1.0461621679246689,-0.33991869381244216
2014-05-09 07:00:00,22.6,86,1.6,3.8,73,-3.6339580726595346,-1.1110124779463997
2014-05-09 08:00:00,22.6,91,1.4,3.1,36,-1.822134282106667,-2.507952682562337
2014-05-09 09:00:00,22.9,91,1.3,6.0,343,1.7542302283364206,-5.737828535778212
2014-05-09 10:00:00,23.1,91,1.1,7.2,342,2.224922359499622,-6.8476069173251055
2014-05-09 11:00:00,23.5,90,0.8,9.1,7,-1.1090110249868392,-9.03216997993603
2014-05-09 12:00:00,24.6,85,0.3,11.0,11,-2.098898949141991,-10.797899017924303
2014-05-09 13:00:00,25.4,81,0.1,11.2,15,-2.898773305148231,-10.818369254437565
2014-05-09 14:00:00,25.5,83,0.9,10.7,20,-3.6596155335846534,-10.05471104240922
2014-05-09 15:00:00,23.7,94,0.5,10.5,22,-3.933369230867079,-9.735430472951267
2014-05-09 16:00:00,23.9,92,0.3,9.4,18,-2.904759747124507,-8.939931253174443
2014-05-09 17:00:00,24.0,92,0.1,8.5,12,-1.767249371950958,-8.314254606237347
2014-05-09 18:00:00,23.5,92,0.3,9.7,356,0.6766377953180147,-9.676371287520293
2014-05-09 19:00:00,22.9,93,0.8,8.6,358,0.3001356716415093,-8.594761112364223
2014-05-09 20:00:00,22.6,94,1.4,8.6,360,5.265981236333618e-16,-8.6
2014-05-09 21:00:00,22.4,92,2.2,8.7,24,-3.5386087947594604,-7.947845481490628
2014-05-09 22:00:00,22.1,92,2.7,7.3,20,-2.49674704627738,-6.859756131737131
2014-05-09 23:00:00,21.8,93,2.8,5.8,4,-0.40458754771592836,-5.78587149150698
2014-05-10 00:00:00,22.1,90,2.0,4.0,360,2.4492935982947064e-16,-4.0
2014-05-10 01:00:00,22.1,88,1.4,4.0,27,-1.8159619989581877,-3.564026096753471
2014-05-10 02:00:00,22.1,86,1.2,5.0,60,-4.330127018922193,-2.5000000000000004
2014-05-10 03:00:00,20.8,93,1.4,4.4,55,-3.604268994871564,-2.5237363199446032
2014-05-10 04:00:00,21.2,89,2.5,5.6,27,-2.5423467985414625,-4.989636535454859
2014-05-10 05:00:00,21.3,89,5.2,4.7,9,-0.7352419856890859,-4.6421352007971475
2014-05-10 06:00:00,21.5,89,4.3,4.8,42,-3.211826910522519,-3.567095162291493
2014-05-10 07:00:00,21.8,93,1.5,3.9,68,-3.616017032810471,-1.460965714322057
2014-05-10 08:00:00,23.2,86,0.8,4.2,70,-3.9467090073008158,-1.4364846019678084
2014-05-10 09:00:00,24.4,81,0.5,4.7,58,-3.9858260519352027,-2.4906205418960625
2014-05-10 10:00:00,25.8,76,0.4,4.8,63,-4.276831316104166,-2.179154398749824
2014-05-10 11:00:00,26.9,75,0.4,2.1,31,-1.0815799573111144,-1.8000513314744355
2014-05-10 12:00:00,27.4,75,0.4,1.8,281,1.7669289302057951,-0.34345619167778063
2014-05-10 13:00:00,27.3,76,0.7000000000000001,3.4,252,3.233592155403522,1.0506577808748212
2014-05-10 14:00:00,26.8,79,1.2,5.2,245,4.7128004925905795,2.197614961051637
2014-05-10 15:00:00,26.2,79,1.0,4.4,235,3.604268994871564,2.523736319944603
2014-05-10 16:00:00,26.2,79,0.5,4.4,189,0.6883116461770161,4.3458286986186065
2014-05-10 17:00:00,26.0,79,0.2,4.7,148,-2.4906205418960625,3.9858260519352027
2014-05-10 18:00:00,25.5,86,0.1,2.9,60,-2.5114736709748717,-1.4500000000000002
2014-05-10 19:00:00,24.4,86,0.0,5.8,83,-5.756767679519668,-0.7068421917498544
2014-05-10 20:00:00,23.9,85,0.0,6.6,81,-6.518743047927909,-1.0324674692655227
2014-05-10 21:00:00,22.8,87,0.0,7.5,73,-7.172285669722766,-2.192787785420526
2014-05-10 22:00:00,21.4,91,0.0,5.9,76,-5.7247447850283795,-1.4273391840380383
2014-05-10 23:00:00,20.6,92,0.0,4.1,75,-3.96029588778518,-1.0611580849203353
2014-05-11 00:00:00,20.6,91,0.0,2.5,82,-2.475670171853926,-0.3479327524001638
2014-05-11 01:00:00,20.9,88,0.0,3.1,111,-2.8940993221413254,1.1109406435904308
2014-05-11 02:00:00,20.7,88,0.0,4.7,122,-3.9858260519352022,2.490620541896063
2014-05-11 03:00:00,20.4,90,0.0,5.1,129,-3.963444403430551,3.2095339943541705
2014-05-11 04:00:00,20.3,90,0.0,4.6,135,-3.252691193458118,3.2526911934581184
2014-05-11 05:00:00,20.1,89,0.0,4.6,141,-2.894873798829251,3.5748714227020666
2014-05-11 06:00:00,20.0,90,0.0,3.8,131,-2.8678964048465336,2.4930243101639276
2014-05-11 07:00:00,23.4,86,0.0,7.7,118,-6.798696465013738,3.6149310334513585
2014-05-11 08:00:00,26.6,67,0.0,6.7,126,-5.420413862312147,3.938161190359571
2014-05-11 09:00:00,28.2,59,0.0,7.9,164,-2.1775351109542926,7.59396739791272
2014-05-11 10:00:00,29.1,59,0.0,12.1,190,2.101142949769858,11.916173811447717
2014-05-11 11:00:00,29.5,59,0.0,14.1,195,3.6493485359455424,13.619554150675864
2014-05-11 12:00:00,29.8,59,0.0,15.3,195,3.9599313900685673,14.778665142222746
2014-05-11 13:00:00,30.0,59,0.0,16.5,191,3.1483484237129913,16.196848526886455
2014-05-11 14:00:00,29.8,59,0.0,18.4,183,0.9629815948701689,18.37478343948416
2014-05-11 15:00:00,29.1,61,0.0,19.1,179,-0.33334096295211446,19.097090977487074
2014-05-11 16:00:00,28.6,63,0.0,16.0,166,-3.8707503295946846,15.524731620415944
2014-05-11 17:00:00,27.8,66,0.0,13.0,161,-4.232386007943036,12.291741482791119
2014-05-11 18:00:00,26.9,71,0.0,7.1,139,-4.658019105832601,5.358438019581682
2014-05-11 19:00:00,25.5,75,0.0,7.4,137,-5.046787864462488,5.412017391981863
2014-05-11 20:00:00,24.1,78,0.0,6.8,155,-2.8738041798367555,6.16289295184922
2014-05-11 21:00:00,23.2,79,0.0,7.6,177,-0.3977532674463732,7.589584464134761
2014-05-11 22:00:00,22.6,80,0.0,8.8,171,-1.3766232923540314,8.691657397237213
2014-05-11 23:00:00,21.9,81,0.0,9.7,158,-3.633683956134347,8.993683389297837
2014-05-12 00:00:00,21.6,80,0.0,9.2,154,-4.033014550459513,8.268905225952334
2014-05-12 01:00:00,21.2,81,0.0,8.4,155,-3.5499933986218744,7.612985411107861
2014-05-12 02:00:00,20.5,83,0.0,9.0,157,-3.5165801564034638,8.284543681071963
2014-05-12 03:00:00,21.1,84,0.0,9.4,157,-3.6728726077991736,8.652745622452938
2014-05-12 04:00:00,20.9,84,0.0,9.2,159,-3.296985135816762,8.588939923774255
2014-05-12 05:00:00,20.6,86,0.0,9.4,157,-3.6728726077991736,8.652745622452938
2014-05-12 06:00:00,20.4,89,0.0,6.4,164,-1.764079077228794,6.1520748540052415
2014-05-12 07:00:00,23.7,85,0.0,8.5,168,-1.7672493719509543,8.314254606237348
2014-05-12 08:00:00,26.9,71,0.0,9.4,180,5.755839955992561e-16,9.4
2014-05-12 09:00:00,28.3,64,0.0,12.8,202,4.794964395723674,11.86795333845488
2014-05-12 10:00:00,28.6,66,0.2,16.9,209,8.193282582163096,14.781073050655786
2014-05-12 11:00:00,27.5,74,0.5,19.8,207,8.989011894843028,17.641929178929683
2014-05-12 12:00:00,27.2,78,1.0,19.2,203,7.502037666994055,17.673693186286854
2014-05-12 13:00:00,27.1,81,1.3,17.0,201,6.092255142270107,15.870867250452429
2014-05-12 14:00:00,25.7,88,2.0,15.2,202,5.694020219921861,14.093194589415168
2014-05-12 15:00:00,28.0,69,0.2,17.1,208,8.027963723638734,15.09840383788765
2014-05-12 16:00:00,27.6,74,0.1,13.0,199,4.232386007943038,12.291741482791117
2014-05-12 17:00:00,27.4,76,0.4,12.1,207,5.493285046848516,10.781178942679249
2014-05-12 18:00:00,26.4,82,1.6,10.5,221,6.888619804400326,7.924450592339106
2014-05-12 19:00:00,25.1,89,0.8,11.2,201,4.013721034907364,10.45610077676866
2014-05-12 20:00:00,24.6,90,0.5,8.7,187,1.060263287624783,8.6351515192795
2014-05-12 21:00:00,24.0,90,0.0,7.6,177,-0.3977532674463732,7.589584464134761
2014-05-12 22:00:00,23.3,91,0.0,7.1,165,-1.837615220227898,6.858073366652385
2014-05-12 23:00:00,22.8,90,0.0,6.3,167,-1.4171916423663498,6.1385314081469815
2014-05-13 00:00:00,23.3,85,0.0,6.5,180,3.9801020972288977e-16,6.5
2014-05-13 01:00:00,22.9,85,0.1,5.2,168,-1.0811407922523486,5.08636752381579
2014-05-13 02:00:00,23.2,82,0.2,4.4,171,-0.6883116461770157,4.3458286986186065
2014-05-13 03:00:00,21.9,90,0.0,4.1,165,-1.0611580849203355,3.96029588778518
2014-05-13 04:00:00,22.1,89,0.0,3.8,163,-1.1110124779463992,3.633958072659535
2014-05-13 05:00:00,22.8,82,0.2,3.4,198,1.0506577808748212,3.233592155403522
2014-05-13 06:00:00,24.0,74,0.2,3.1,225,2.1920310216782974,2.192031021678297
2014-05-13 07:00:00,24.3,83,0.4,6.4,207,2.9055391983331,5.702441754805554
2014-05-13 08:00:00,25.4,77,0.7000000000000001,10.0,206,4.383711467890775,8.98794046299167
2014-05-13 09:00:00,25.7,77,0.5,10.1,197,2.952954217699641,9.658678035226657
2014-05-13 10:00:00,27.1,72,1.0,10.2,198,3.151973342624464,9.700776466210565
2014-05-13 11:00:00,28.1,69,1.1,11.6,202,4.345436483624579,10.755332712974734
2014-05-13 12:00:00,28.9,67,0.9,12.1,210,6.050000000000002,10.478907385791707
2014-05-13 13:00:00,29.1,67,1.2,12.5,219,7.866504888122969,9.714324518212136
2014-05-13 14:00:00,29.1,66,0.8,12.0,226,8.632077604063815,8.335900445507967
2014-05-13 15:00:00,29.0,66,0.5,11.0,229,8.301805382450492,7.2166493188955805
2014-05-13 16:00:00,28.7,68,0.6,10.1,235,8.273435647318816,5.7931220071455645
2014-05-13 17:00:00,28.2,72,0.7000000000000001,8.7,232,6.85569355637848,5.356254835333226
2014-05-13 18:00:00,27.3,78,0.4,7.6,245,6.887939181478539,3.211898789229316
2014-05-13 19:00:00,26.1,86,0.0,8.6,202,3.2216167033768426,7.973781149274371
2014-05-13 20:00:00,25.0,86,0.0,7.4,166,-1.7902220274375418,7.180188374442374
2014-05-13 21:00:00,24.0,88,0.0,8.7,163,-2.5436338310878086,8.31985137687841
2014-05-13 22:00:00,23.2,87,0.0,10.0,165,-2.5881904510252083,9.659258262890683
2014-05-13 23:00:00,22.7,86,0.0,10.4,166,-2.515987714236545,10.091075553270363
2014-05-14 00:00:00,22.3,85,0.0,10.6,162,-3.2755801403744416,10.081199072728628
2014-05-14 01:00:00,21.9,84,0.0,11.4,162,-3.5227937358743997,10.842044285764752
2014-05-14 02:00:00,21.8,82,0.0,12.5,168,-2.5988961352219917,12.226845009172571
2014-05-14 03:00:00,21.7,81,0.0,12.7,173,-1.5477406612453715,12.60533612584479
2014-05-14 04:00:00,21.7,79,0.0,12.4,172,-1.7257464519048105,12.279324052395474
2014-05-14 05:00:00,21.6,79,0.0,12.5,168,-2.5988961352219917,12.226845009172571
2014-05-14 06:00:00,21.9,80,0.0,10.8,165,-2.7952456871072253,10.431998923921938
2014-05-14 07:00:00,25.0,73,0.0,12.5,168,-2.5988961352219917,12.226845009172571
2014-05-14 08:00:00,26.8,69,0.0,14.9,173,-1.8158532167366959,14.7889376594557
2014-05-14 09:00:00,28.1,67,0.0,16.9,180,1.0348265452795135e-15,16.9
2014-05-14 10:00:00,28.7,67,0.0,18.5,188,2.574702367761211,18.319959271719053
2014-05-14 11:00:00,28.7,66,0.0,21.6,195,5.590491374214448,20.863997847843876
2014-05-14 12:00:00,28.7,66,0.0,19.7,189,3.081758961292549,19.457460309724212
2014-05-14 13:00:00,28.9,63,0.0,19.9,184,1.388153827508092,19.8515246001705
2014-05-14 14:00:00,28.9,64,0.0,17.8,173,-2.1692743126116234,17.667321499215532
2014-05-14 15:00:00,28.3,66,0.0,18.4,174,-1.9233237241248253,18.299202874776228
2014-05-14 16:00:00,28.6,64,0.0,17.7,174,-1.8501537998374677,17.60303754801844
2014-05-14 17:00:00,28.5,64,0.0,15.9,177,-0.8321417042628071,15.878209602597725
2014-05-14 18:00:00,27.3,66,0.0,15.1,181,0.26353133720298233,15.097700196861508
2014-05-14 19:00:00,25.9,70,0.0,14.6,171,-2.2839431895873696,14.420249772689012
2014-05-14 20:00:00,24.9,71,0.0,13.9,159,-4.981314498679674,12.976767928311105
2014-05-14 21:00:00,24.0,72,0.0,12.1,157,-4.727846654720213,11.138108726774528
2014-05-14 22:00:00,23.3,73,0.0,13.2,154,-5.786499137615823,11.864081411149003
2014-05-14 23:00:00,23.0,73,0.0,12.7,155,-5.367251924106881,11.510108895365455
2014-05-15 00:00:00,22.5,73,0.0,11.3,158,-4.233054505599807,10.4771775566047
2014-05-15 01:00:00,22.4,73,0.0,11.2,159,-4.013721034907363,10.45610077676866
2014-05-15 02:00:00,22.2,73,0.0,12.8,158,-4.7949643957236745,11.86795333845488
2014-05-15 03:00:00,22.8,70,0.0,12.5,162,-3.862712429686842,11.88820645368942
2014-05-15 04:00:00,22.9,70,0.0,12.9,162,-3.986319227436821,12.268629060207482
2014-05-15 05:00:00,23.0,72,0.0,12.0,164,-3.3076482698039884,11.535140351259827
2014-05-15 06:00:00,22.9,76,0.0,10.9,171,-1.705135668938516,10.765802912487002
2014-05-15 07:00:00,24.3,76,0.2,11.9,175,-1.037153338697133,11.854716907291772
2014-05-15 08:00:00,26.4,72,0.4,12.3,177,-0.6437322617882093,12.283143277481258
2014-05-15 09:00:00,26.7,74,0.9,12.6,177,-0.6594330486610924,12.58273213790763
2014-05-15 10:00:00,27.1,76,0.9,16.2,179,-0.2827289842839923,16.197532661533536
2014-05-15 11:00:00,27.8,73,0.5,18.7,191,3.5681282135413896,18.356428330471317
2014-05-15 12:00:00,28.1,72,0.3,19.3,201,6.916501426224298,18.018102231395993
2014-05-15 13:00:00,28.7,68,0.5,16.3,202,6.1060874726793655,15.113096829438636
2014-05-15 14:00:00,29.0,67,0.7000000000000001,13.8,213,7.516018683207374,11.573653837646852
2014-05-15 15:00:00,27.7,73,2.4,14.4,217,8.666136333389497,11.500351344681016
2014-05-15 16:00:00,26.8,80,1.0,9.7,202,3.633683956134346,8.993683389297837
2014-05-15 17:00:00,26.6,82,1.0,9.4,184,0.6557108531947772,9.377102072442348
2014-05-15 18:00:00,26.3,82,0.6,7.9,120,-6.841600689897066,3.9499999999999997
2014-05-15 19:00:00,25.5,84,0.3,8.8,109,-8.320563465273988,2.8649997592229783
2014-05-15 20:00:00,24.6,86,0.2,9.5,119,-8.30888721782426,4.605691392340203
2014-05-15 21:00:00,23.7,88,0.0,9.9,134,-7.121464023352647,6.877117867544072
2014-05-15 22:00:00,22.9,89,0.0,8.3,146,-4.641301098807197,6.881011852206847
2014-05-15 23:00:00,22.4,90,0.0,3.6,135,-2.545584412271571,2.5455844122715714
2014-05-16 00:00:00,22.2,90,0.2,1.1,360,6.735557395310444e-17,-1.1
2014-05-16 01:00:00,22.0,90,0.5,3.3,347,0.7423384793347542,-3.2154212137912763
2014-05-16 02:00:00,22.1,86,0.3,1.9,68,-1.761649323676896,-0.7117525274902328
2014-05-16 03:00:00,22.6,82,0.4,4.3,90,-4.3,5.265981236333618e-16
2014-05-16 04:00:00,22.6,80,0.6,4.3,95,-4.283637201794505,0.3747696938149302
2014-05-16 05:00:00,23.7,74,0.7000000000000001,2.3,72,-2.187429987478853,-0.7107390870623786
2014-05-16 06:00:00,24.0,75,0.8,4.4,351,0.6883116461770161,-4.3458286986186065
2014-05-16 07:00:00,24.1,86,1.4,2.9,30,-1.4500000000000013,-2.5114736709748713
2014-05-16 08:00:00,25.5,78,1.6,3.7,101,-3.632020578756357,0.7059932828932164
2014-05-16 09:00:00,25.7,77,1.6,4.6,141,-2.894873798829251,3.5748714227020666
2014-05-16 10:00:00,26.9,71,2.3,2.6,196,0.7166571251241979,2.499280409439629
2014-05-16 11:00:00,27.4,72,2.2,3.7,241,3.2360929164157644,1.7937955949114472
2014-05-16 12:00:00,27.8,73,0.6,5.8,240,5.022947341949744,2.8999999999999995
2014-05-16 13:00:00,28.3,75,0.2,4.3,275,4.283637201794505,-0.3747696938149301
2014-05-16 14:00:00,28.2,76,0.0,3.3,311,2.4905416147351476,-2.1649947956686737
2014-05-16 15:00:00,27.2,84,0.9,2.0,315,1.4142135623730951,-1.414213562373095
2014-05-16 16:00:00,27.4,82,0.3,5.1,82,-5.050367150582008,-0.7097828148963341
2014-05-16 17:00:00,27.6,80,0.0,6.2,80,-6.10580806867569,-1.0766187015349689
2014-05-16 18:00:00,27.4,81,0.0,3.5,66,-3.197409101749103,-1.4235782507653008
2014-05-16 19:00:00,27.1,79,0.0,2.4,63,-2.138415658052083,-1.089577199374912
2014-05-16 20:00:00,25.9,82,0.0,3.0,76,-2.9108871788279895,-0.7257656867990026
2014-05-16 21:00:00,25.3,82,0.0,2.6,56,-2.1554976886431088,-1.4539015490239415
2014-05-16 22:00:00,24.5,83,0.0,2.5,45,-1.7677669529663693,-1.7677669529663687
2014-05-16 23:00:00,22.0,93,0.0,4.5,76,-4.366330768241984,-1.0886485301985038
2014-05-17 00:00:00,20.6,98,0.0,5.8,90,-5.8,7.102951435054649e-16
2014-05-17 01:00:00,20.3,97,0.0,4.5,104,-4.366330768241984,1.0886485301985047
2014-05-17 02:00:00,20.0,96,0.0,3.0,104,-2.9108871788279895,0.7257656867990032
2014-05-17 03:00:00,19.9,95,0.0,3.0,104,-2.9108871788279895,0.7257656867990032
2014-05-17 04:00:00,19.6,94,0.0,3.0,104,-2.9108871788279895,0.7257656867990032
2014-05-17 05:00:00,19.4,93,0.0,3.0,104,-2.9108871788279895,0.7257656867990032
2014-05-17 06:00:00,19.8,93,0.0,1.0,135,-0.7071067811865475,0.7071067811865476
2014-05-17 07:00:00,23.6,89,0.0,2.5,135,-1.7677669529663687,1.7677669529663689
2014-05-17 08:00:00,26.8,71,0.0,2.7,157,-1.0549740469210394,2.4853631043215887
2014-05-17 09:00:00,28.3,62,0.0,2.4,207,1.0895771993749124,2.138415658052083
2014-05-17 10:00:00,29.1,63,0.0,4.0,207,1.8159619989581872,3.564026096753471
2014-05-17 11:00:00,29.9,64,0.0,6.0,197,1.7542302283364206,5.737828535778212
2014-05-17 12:00:00,30.1,66,0.0,7.5,215,4.301823272632846,6.143640332167439
2014-05-17 13:00:00,30.1,67,0.2,9.0,233,7.187719590425635,5.416335208368435
2014-05-17 14:00:00,29.0,73,0.3,12.7,235,10.403230962470195,7.284420741658284
2014-05-17 15:00:00,28.7,74,0.2,12.0,231,9.32575153748365,7.551844692598049
2014-05-17 16:00:00,27.8,78,1.9,10.9,214,6.09520264783114,9.036509540849956
2014-05-17 17:00:00,27.9,77,0.0,7.8,167,-1.7546182238821473,7.6000865053248345
2014-05-17 18:00:00,27.5,79,0.0,5.7,198,1.7613968679372005,5.421022142882375
2014-05-17 19:00:00,26.5,84,0.0,5.8,187,0.7068421917498554,5.756767679519667
2014-05-17 20:00:00,25.7,84,0.0,5.8,176,-0.4045875477159269,5.78587149150698
2014-05-17 21:00:00,25.4,85,0.0,5.8,210,2.9000000000000004,5.0229473419497435
2014-05-17 22:00:00,24.7,86,0.0,6.2,173,-0.7555899291119137,6.153786140176197
2014-05-17 23:00:00,23.3,91,0.0,7.9,141,-4.971631089293715,6.1394530955100715
2014-05-18 00:00:00,22.7,91,0.0,8.9,133,-6.509047944410617,6.069785404556238
2014-05-18 01:00:00,22.1,91,0.0,7.8,146,-4.361704647071824,6.466493065929326
2014-05-18 02:00:00,21.6,91,0.0,7.4,141,-4.656970893768796,5.750880114781586
2014-05-18 03:00:00,21.8,88,0.0,7.4,137,-5.046787864462488,5.412017391981863
2014-05-18 04:00:00,21.6,88,0.0,7.1,135,-5.020458146424486,5.020458146424487
2014-05-18 05:00:00,21.4,88,0.0,6.4,142,-3.9402334420842133,5.043268823083022
2014-05-18 06:00:00,21.6,89,0.0,4.9,144,-2.880147736233118,3.9641832724372428
2014-05-18 07:00:00,24.2,86,0.0,6.2,144,-3.644268564213333,5.0159053651246746
2014-05-18 08:00:00,26.1,75,0.8,5.8,173,-0.7068421917498547,5.756767679519668
2014-05-18 09:00:00,25.5,73,2.3,8.7,210,4.3500000000000005,7.534421012924615
2014-05-18 10:00:00,25.0,80,2.2,10.2,203,3.985457510590592,9.389149505214892
2014-05-18 11:00:00,24.8,83,0.6,11.3,197,3.303800263366926,10.806243742382302
2014-05-18 12:00:00,25.9,75,0.5,9.3,196,2.5634274090980926,8.939733772226367
2014-05-18 13:00:00,27.0,69,0.2,10.3,192,2.1414904154229224,10.074920287558198
2014-05-18 14:00:00,27.2,69,0.0,9.3,193,2.092044805397944,9.06164160250269
2014-05-18 15:00:00,26.4,83,1.9,7.6,185,0.6623836448822018,7.571079705497266
2014-05-18 16:00:00,26.3,84,1.2,7.0,159,-2.5085756468171017,6.535062985480412
2014-05-18 17:00:00,26.4,82,0.2,8.9,140,-5.7208097262102005,6.817795543758905
2014-05-18 18:00:00,26.0,81,0.0,8.5,118,-7.505054539300879,3.9905082836800707
2014-05-18 19:00:00,25.3,80,0.0,8.8,125,-7.208537989743129,5.047472639889205
2014-05-18 20:00:00,24.3,83,0.0,7.9,129,-6.139453095510071,4.971631089293716
2014-05-18 21:00:00,23.3,87,0.0,7.2,143,-4.333068166694749,5.750175672340507
2014-05-18 22:00:00,22.8,87,0.0,7.1,150,-3.549999999999998,6.148780366869515
2014-05-18 23:00:00,22.3,88,0.0,7.1,150,-3.549999999999998,6.148780366869515
2014-05-19 00:00:00,21.9,88,0.0,6.8,155,-2.8738041798367555,6.16289295184922
2014-05-19 01:00:00,21.4,88,0.0,5.5,169,-1.0494494745709964,5.3989495089621515
2014-05-19 02:00:00,21.0,88,0.0,4.3,175,-0.3747696938149304,4.283637201794505
2014-05-19 03:00:00,20.7,88,0.0,5.0,159,-1.7918397477265013,4.667902132486009
2014-05-19 04:00:00,20.4,87,0.0,5.3,152,-2.4881992827652217,4.679622242152313
2014-05-19 05:00:00,20.1,87,0.0,6.5,146,-3.6347538725598536,5.388744221607771
2014-05-19 06:00:00,20.4,89,0.0,8.1,159,-2.902780391316932,7.5620014546273335
2014-05-19 07:00:00,24.0,85,0.2,8.7,175,-0.7582549619046266,8.666893873398186
2014-05-19 08:00:00,26.5,71,1.1,9.1,198,2.8120546488120217,8.654614298285896
2014-05-19 09:00:00,26.8,70,0.9,10.2,203,3.985457510590592,9.389149505214892
2014-05-19 10:00:00,26.0,78,1.3,8.2,203,3.203995253612044,7.54813979831001
2014-05-19 11:00:00,25.7,84,1.6,9.0,203,3.5165801564034633,8.284543681071963
2014-05-19 12:00:00,26.0,85,1.7000000000000002,8.1,193,1.8221035401853058,7.892397524760405
2014-05-19 13:00:00,26.7,83,2.3,8.0,190,1.3891854213354433,7.878462024097664
2014-05-19 14:00:00,27.0,82,3.3,9.4,198,2.904759747124506,8.939931253174443
2014-05-19 15:00:00,26.9,83,3.5,11.0,203,4.298042413382011,10.125553387976844
2014-05-19 16:00:00,26.0,87,2.3,11.7,198,3.615498834186885,11.127361240653295
2014-05-19 17:00:00,25.6,88,1.2,9.8,186,1.024378940023004,9.746314574609078
2014-05-19 18:00:00,25.4,87,0.0,10.6,170,-1.8406706832694613,10.438962181929405
2014-05-19 19:00:00,24.7,89,0.0,10.0,159,-3.5836794954530027,9.335804264972017
2014-05-19 20:00:00,23.7,90,0.0,9.7,141,-6.104407793183421,7.538315826132618
2014-05-19 21:00:00,23.1,89,0.0,9.8,144,-5.760295472466236,7.9283665448744856
2014-05-19 22:00:00,22.9,88,0.0,9.0,143,-5.4163352083684355,7.187719590425634
2014-05-19 23:00:00,22.7,87,0.0,8.5,144,-4.996174644486021,6.876644452187053
2014-05-20 00:00:00,22.4,87,0.8,7.4,151,-3.587591189822894,6.47218583283153
2014-05-20 01:00:00,22.1,87,1.6,7.7,152,-3.6149310334513602,6.798696465013737
2014-05-20 02:00:00,22.1,85,1.6,10.2,157,-3.9854575105905923,9.38914950521489
2014-05-20 03:00:00,22.0,85,0.0,10.8,165,-2.7952456871072253,10.431998923921938
2014-05-20 04:00:00,21.6,85,0.0,10.7,166,-2.5885642829164452,10.382164271153162
2014-05-20 05:00:00,21.1,86,0.0,10.1,176,-0.7045403848156658,10.075396907624224
2014-05-20 06:00:00,21.7,84,0.5,7.6,199,2.474317973874391,7.185941174554807
2014-05-20 07:00:00,24.0,81,0.6,10.8,176,-0.7533699164365536,10.773691742806102
2014-05-20 08:00:00,24.4,81,0.5,11.9,178,-0.41530401075976137,11.89275084152724
2014-05-20 09:00:00,25.6,78,0.3,12.0,189,1.877213580482771,11.852260087141653
2014-05-20 10:00:00,26.5,75,0.7000000000000001,14.0,198,4.326237921249264,13.31479122813215
2014-05-20 11:00:00,26.8,76,1.3,15.3,207,6.9460546460150665,13.632399820082028
2014-05-20 12:00:00,26.6,80,2.8,18.4,215,10.553806428859248,15.072397614917447
2014-05-20 13:00:00,26.2,85,6.5,19.9,212,10.545393358240776,16.876157113512875
2014-05-20 14:00:00,26.5,84,2.8,19.7,215,11.299455796115609,16.137295272493137
2014-05-20 15:00:00,26.1,86,5.3,17.6,211,9.064670118416954,15.086144492357178
2014-05-20 16:00:00,25.8,87,5.3,16.5,203,6.447063620073016,15.188330081965265
2014-05-20 17:00:00,25.7,87,2.1,12.6,185,1.0981623586204925,12.552053195955994
2014-05-20 18:00:00,25.4,86,3.1,8.2,151,-3.975438886019963,7.171881598543045
2014-05-20 19:00:00,24.7,86,3.9,7.9,141,-4.971631089293715,6.1394530955100715
2014-05-20 20:00:00,24.4,85,4.4,7.1,150,-3.549999999999998,6.148780366869515
2014-05-20 21:00:00,24.1,84,4.9,8.2,165,-2.122316169840671,7.92059177557036
2014-05-20 22:00:00,23.7,87,4.2,8.8,171,-1.3766232923540314,8.691657397237213
2014-05-20 23:00:00,23.1,90,3.2,10.1,186,1.0557374790032998,10.04467114321956
2014-05-21 00:00:00,22.8,90,3.1,10.0,195,2.5881904510252074,9.659258262890683
2014-05-21 01:00:00,22.8,88,2.5,9.7,202,3.633683956134346,8.993683389297837
2014-05-21 02:00:00,22.4,88,2.3,8.6,202,3.2216167033768426,7.973781149274371
2014-05-21 03:00:00,23.7,82,1.1,5.7,198,1.7613968679372005,5.421022142882375
2014-05-21 04:00:00,24.3,79,1.9,0.5,225,0.3535533905932738,0.35355339059327373
2014-05-21 05:00:00,24.1,80,2.3,2.3,342,0.7107390870623791,-2.1874299874788528
2014-05-21 06:00:00,24.1,80,2.4,6.1,225,4.31335136523794,4.313351365237939
2014-05-21 07:00:00,24.0,83,2.4,7.7,233,6.149493427364155,4.6339756782707715
2014-05-21 08:00:00,24.1,87,2.7,6.6,202,2.4724035165450187,6.1194134401407965
2014-05-21 09:00:00,24.7,87,0.9,9.2,191,1.755442757464213,9.030970087718508
2014-05-21 10:00:00,25.1,87,0.6,11.2,201,4.013721034907364,10.45610077676866
2014-05-21 11:00:00,26.3,82,0.8,13.5,214,7.549104196855081,11.192007229493063
2014-05-21 12:00:00,27.7,76,1.3,14.1,218,8.680826802091781,11.11095162585478
2014-05-21 13:00:00,28.0,76,0.8,12.8,230,9.80536887192292,8.227681403987702
2014-05-21 14:00:00,27.1,79,1.6,14.1,238,11.957478155805605,7.471861625688189
2014-05-21 15:00:00,26.8,82,1.5,12.9,252,12.26862906020748,3.9863192274368213
2014-05-21 16:00:00,25.8,87,3.6,9.2,244,8.268905225952336,4.033014550459511
2014-05-21 17:00:00,25.3,91,1.8,11.2,228,8.323222045346816,7.494262791219212
2014-05-21 18:00:00,24.9,92,0.7000000000000001,8.0,198,2.4721359549995796,7.608452130361228
2014-05-21 19:00:00,24.3,93,1.6,8.0,185,0.6972459419812651,7.969557584733964
2014-05-21 20:00:00,23.8,94,0.5,8.7,185,0.7582549619046257,8.666893873398186
2014-05-21 21:00:00,24.3,88,0.6,10.7,194,2.588564282916444,10.382164271153162
2014-05-21 22:00:00,24.4,87,0.7000000000000001,11.6,210,5.800000000000001,10.045894683899487
2014-05-21 23:00:00,24.1,87,1.3,11.2,213,6.099957192168303,9.393110360988748
2014-05-22 00:00:00,24.2,85,0.9,9.6,193,2.159530121701103,9.353952621938259
2014-05-22 01:00:00,23.0,89,0.5,8.1,159,-2.902780391316932,7.5620014546273335
2014-05-22 02:00:00,22.1,92,0.1,8.2,139,-5.379684037722158,6.1886185578267305
2014-05-22 03:00:00,22.2,88,0.0,7.7,143,-4.633975678270772,6.149493427364154
2014-05-22 04:00:00,22.2,85,0.0,8.2,157,-3.2039952536120446,7.548139798310009
2014-05-22 05:00:00,22.9,80,0.0,7.2,183,0.3768188849491966,7.190132650232932
2014-05-22 06:00:00,22.3,83,0.0,8.3,178,-0.28966582263075796,8.294943864258496
2014-05-22 07:00:00,23.7,86,0.0,9.1,173,-1.109011024986841,9.03216997993603
2014-05-22 08:00:00,25.7,76,0.0,9.9,170,-1.71911695890261,9.74959675482086
2014-05-22 09:00:00,26.2,72,0.0,10.0,167,-2.2495105434386504,9.743700647852352
2014-05-22 10:00:00,27.2,69,0.0,9.5,171,-1.4861274178821928,9.38303923565381
2014-05-22 11:00:00,28.6,65,0.0,11.2,184,0.7812725059342026,11.17271736291003
2014-05-22 12:00:00,29.5,62,0.0,12.1,190,2.101142949769858,11.916173811447717
2014-05-22 13:00:00,30.1,60,0.0,12.2,199,3.971931484377312,11.535326622311663
2014-05-22 14:00:00,30.0,60,0.0,11.8,200,4.035837691242892,11.088372925273719
2014-05-22 15:00:00,29.5,61,0.1,11.6,196,3.19739332747719,11.1506356728845
2014-05-22 16:00:00,28.6,67,0.2,12.7,195,3.2870018728020134,12.267257993871167
2014-05-22 17:00:00,28.1,71,0.0,10.4,182,0.36295476570601126,10.393664600998596
2014-05-22 18:00:00,27.3,74,0.0,7.0,168,-1.4553818357243153,6.84703320513664
2014-05-22 19:00:00,26.0,77,0.0,7.7,139,-5.0516545232269054,5.811263767715346
2014-05-22 20:00:00,24.7,80,0.0,7.9,133,-5.777694242791447,5.387787044493739
2014-05-22 21:00:00,23.5,84,0.0,8.2,131,-6.18861855782673,5.379684037722159
2014-05-22 22:00:00,22.7,87,0.0,7.1,139,-4.658019105832601,5.358438019581682
2014-05-22 23:00:00,22.2,87,0.0,6.1,135,-4.313351365237939,4.31335136523794
2014-05-23 00:00:00,21.6,88,0.0,4.6,108,-4.3748599749577055,1.4214781741247584
2014-05-23 01:00:00,21.1,89,0.0,4.7,67,-4.32637281122647,-1.8364363038995857
2014-05-23 02:00:00,20.8,89,0.0,5.3,28,-2.488199282765221,-4.679622242152313
2014-05-23 03:00:00,21.3,86,0.0,6.9,9,-1.0793978087775942,-6.81504955010645
2014-05-23 04:00:00,21.3,86,0.1,6.5,19,-2.116193003971518,-6.1458707413955596
2014-05-23 05:00:00,21.1,85,0.1,6.6,49,-4.981083229470296,-4.3299895913373465
2014-05-23 06:00:00,21.2,86,0.2,7.4,51,-5.750880114781584,-4.656970893768799
2014-05-23 07:00:00,22.6,83,1.0,6.6,49,-4.981083229470296,-4.3299895913373465
2014-05-23 08:00:00,23.5,81,1.1,5.9,43,-4.023790324368742,-4.314986839553106
2014-05-23 09:00:00,24.4,75,0.7000000000000001,5.4,42,-3.613305274337834,-4.01298205757793
2014-05-23 10:00:00,24.7,74,1.6,5.4,42,-3.613305274337834,-4.01298205757793
2014-05-23 11:00:00,24.7,75,2.1,6.9,9,-1.0793978087775942,-6.81504955010645
2014-05-23 12:00:00,25.3,74,0.9,9.2,31,-4.738350289172501,-7.885939166459431
2014-05-23 13:00:00,26.8,69,0.2,7.5,55,-6.143640332167439,-4.301823272632846
2014-05-23 14:00:00,27.3,67,0.0,4.4,81,-4.3458286986186065,-0.6883116461770152
2014-05-23 15:00:00,26.1,72,1.2,6.5,93,-6.49109197590473,0.34018371557913474
2014-05-23 16:00:00,26.1,74,0.1,7.3,79,-7.165878439167947,-1.3929056662487764
2014-05-23 17:00:00,25.5,75,0.2,8.7,85,-8.666893873398186,-0.758254961904624
2014-05-23 18:00:00,24.6,78,0.1,9.8,66,-8.95274548489749,-3.9860191021428424
2014-05-23 19:00:00,23.9,78,0.1,9.7,63,-8.642763284627168,-4.403707847473602
2014-05-23 20:00:00,23.4,78,0.0,9.8,62,-8.652886410017484,-4.600821315301731
2014-05-23 21:00:00,23.2,77,0.0,9.1,56,-7.54424191025088,-5.088655421583795
2014-05-23 22:00:00,22.9,76,0.0,9.2,45,-6.505382386916239,-6.505382386916236
2014-05-23 23:00:00,22.9,74,0.0,8.5,54,-6.876644452187055,-4.996174644486021
2014-05-24 00:00:00,22.8,74,0.0,7.6,45,-5.374011537017762,-5.37401153701776
2014-05-24 01:00:00,22.4,78,0.0,5.9,47,-4.314986839553106,-4.023790324368741
2014-05-24 02:00:00,22.0,82,0.0,5.1,45,-3.606244584051393,-3.606244584051392
2014-05-24 03:00:00,21.5,87,0.0,5.1,51,-3.9634444034305507,-3.2095339943541714
2014-05-24 04:00:00,20.5,88,0.0,5.6,50,-4.289848881466277,-3.5996106142446194
2014-05-24 05:00:00,19.8,87,0.0,5.6,50,-4.289848881466277,-3.5996106142446194
2014-05-24 06:00:00,20.1,87,0.0,5.9,47,-4.314986839553106,-4.023790324368741
2014-05-24 07:00:00,23.8,86,0.0,6.1,40,-3.9210044190878905,-4.672871103025765
2014-05-24 08:00:00,26.7,67,0.0,5.6,27,-2.5423467985414625,-4.989636535454859
2014-05-24 09:00:00,28.2,58,0.0,4.0,10,-0.6945927106677213,-3.939231012048832
2014-05-24 10:00:00,28.9,57,0.0,2.0,315,1.4142135623730951,-1.414213562373095
2014-05-24 11:00:00,29.4,58,0.0,3.6,276,3.580278823325784,-0.37630246776355253
2014-05-24 12:00:00,29.4,60,0.0,4.3,294,3.9282454678631837,-1.7489675652259409
2014-05-24 13:00:00,29.3,63,0.0,4.1,315,2.899137802864845,-2.8991378028648445
2014-05-24 14:00:00,29.2,65,0.0,4.1,308,3.2308440897875594,-2.524212048835199
2014-05-24 15:00:00,28.9,66,0.0,3.8,287,3.6339580726595346,-1.1110124779463997
2014-05-24 16:00:00,28.5,69,0.0,5.5,281,5.3989495089621515,-1.0494494745709964
2014-05-24 17:00:00,27.9,72,0.0,5.7,288,5.421022142882375,-1.7613968679372003
2014-05-24 18:00:00,27.3,75,0.0,4.9,324,2.8801477362331185,-3.9641832724372428
2014-05-24 19:00:00,26.0,86,0.0,6.9,39,-4.342310698243882,-5.362307134053097
2014-05-24 20:00:00,25.0,88,0.0,6.9,99,-6.81504955010645,1.0793978087775937
2014-05-24 21:00:00,24.4,89,0.0,8.9,111,-8.308865795825096,3.1894747509531722
2014-05-24 22:00:00,24.3,86,0.0,5.4,110,-5.074340152243905,1.846908773958612
2014-05-24 23:00:00,24.9,82,0.0,4.5,119,-3.935788682127281,2.181643291108517
2014-05-25 00:00:00,23.2,89,0.0,4.2,121,-3.6001026629488715,2.1631599146222285
2014-05-25 01:00:00,22.1,93,0.0,4.7,122,-3.9858260519352022,2.490620541896063
2014-05-25 02:00:00,21.7,93,0.0,4.1,135,-2.8991378028648445,2.899137802864845
2014-05-25 03:00:00,21.2,92,0.0,3.1,144,-1.8221342821066664,2.5079526825623373
2014-05-25 04:00:00,20.8,93,0.0,1.9,158,-0.7117525274902329,1.761649323676896
2014-05-25 05:00:00,20.5,92,0.0,4.3,138,-2.8772616073430903,3.195522749552795
2014-05-25 06:00:00,20.8,92,0.0,5.9,128,-4.64926344627966,3.6324027044213847
2014-05-25 07:00:00,24.2,88,0.0,7.1,120,-6.148780366869515,3.5499999999999994
2014-05-25 08:00:00,26.6,74,0.0,7.2,127,-5.750175672340509,4.333068166694747
2014-05-25 09:00:00,28.0,67,0.0,4.7,148,-2.4906205418960625,3.9858260519352027
2014-05-25 10:00:00,28.7,66,0.0,4.1,225,2.899137802864845,2.8991378028648445
2014-05-25 11:00:00,28.6,69,0.4,6.8,238,5.766727053863696,3.603450996785793
2014-05-25 12:00:00,28.4,73,0.7000000000000001,7.3,259,7.165878439167947,1.392905666248777
2014-05-25 13:00:00,28.0,76,0.4,6.8,238,5.766727053863696,3.603450996785793
2014-05-25 14:00:00,27.8,77,0.2,6.6,193,1.4846769586695083,6.430842427582553
2014-05-25 15:00:00,27.8,78,0.5,7.6,172,-1.0577155672964966,7.5260373224359345
2014-05-25 16:00:00,27.8,78,0.3,7.9,156,-3.213219480298822,7.217009115376547
2014-05-25 17:00:00,27.6,79,0.0,6.8,148,-3.6034509967857926,5.766727053863697
2014-05-25 18:00:00,27.2,81,0.2,5.8,187,0.7068421917498554,5.756767679519667
2014-05-25 19:00:00,26.1,84,0.0,8.5,168,-1.7672493719509543,8.314254606237348
2014-05-25 20:00:00,25.2,88,0.0,9.2,159,-3.296985135816762,8.588939923774255
2014-05-25 21:00:00,24.3,91,0.0,9.6,160,-3.2833933759264196,9.02104915954472
2014-05-25 22:00:00,23.3,93,0.0,9.3,164,-2.5634274090980913,8.939733772226367
2014-05-25 23:00:00,22.7,94,0.0,8.1,167,-1.8221035401853067,7.892397524760405
2014-05-26 00:00:00,22.1,95,0.0,6.9,186,0.7212463965468089,6.862201078041086
2014-05-26 01:00:00,21.8,95,0.0,7.0,168,-1.4553818357243153,6.84703320513664
2014-05-26 02:00:00,21.6,93,0.0,7.1,156,-2.8878301658381815,6.486172749262466
2014-05-26 03:00:00,21.5,91,0.0,7.3,147,-3.9758649556096977,6.122295146001594
2014-05-26 04:00:00,21.2,90,0.0,7.8,146,-4.361704647071824,6.466493065929326
2014-05-26 05:00:00,21.0,89,0.0,8.2,151,-3.975438886019963,7.171881598543045
2014-05-26 06:00:00,21.2,90,0.0,5.6,153,-2.542346798541461,4.98963653545486
2014-05-26 07:00:00,24.9,84,0.0,8.1,159,-2.902780391316932,7.5620014546273335
2014-05-26 08:00:00,27.5,69,0.0,8.3,180,5.082284216461516e-16,8.3
2014-05-26 09:00:00,28.5,68,0.1,11.0,203,4.298042413382011,10.125553387976844
2014-05-26 10:00:00,29.0,68,0.3,12.4,202,4.645121758357308,11.497079796628164
2014-05-26 11:00:00,29.3,68,0.1,13.6,202,5.094649670456403,12.60970042210831
2014-05-26 12:00:00,29.6,67,0.0,14.2,207,6.446665096301564,12.652292643474821
2014-05-26 13:00:00,29.9,67,0.0,14.1,212,7.471861625688189,11.957478155805605
2014-05-26 14:00:00,30.0,67,0.0,15.0,210,7.500000000000002,12.990381056766578
2014-05-26 15:00:00,29.9,71,0.0,13.3,213,7.24369916569986,11.154318553674141
2014-05-26 16:00:00,29.5,72,0.0,13.2,215,7.571208959833809,10.81280698461469
2014-05-26 17:00:00,28.1,78,0.4,12.0,226,8.632077604063815,8.335900445507967
2014-05-26 18:00:00,27.2,82,0.0,6.6,209,3.199743493625825,5.772490067120011
2014-05-26 19:00:00,26.4,84,0.0,8.3,178,-0.28966582263075796,8.294943864258496
2014-05-26 20:00:00,25.7,85,0.0,8.9,159,-3.1894747509531727,8.308865795825096
2014-05-26 21:00:00,25.4,86,0.0,7.7,143,-4.633975678270772,6.149493427364154
2014-05-26 22:00:00,24.8,87,0.0,8.2,131,-6.18861855782673,5.379684037722159
2014-05-26 23:00:00,24.2,88,0.0,8.2,139,-5.379684037722158,6.1886185578267305
2014-05-27 00:00:00,23.4,91,0.0,8.7,150,-4.349999999999998,7.534421012924616
2014-05-27 01:00:00,23.0,91,0.0,9.4,157,-3.6728726077991736,8.652745622452938
2014-05-27 02:00:00,22.9,89,0.0,8.8,161,-2.864999759222979,8.320563465273988
2014-05-27 03:00:00,22.7,90,0.0,8.0,162,-2.4721359549995787,7.608452130361229
2014-05-27 04:00:00,22.2,92,0.2,5.4,160,-1.8469087739586112,5.074340152243906
2014-05-27 05:00:00,22.2,92,0.4,5.4,160,-1.8469087739586112,5.074340152243906
2014-05-27 06:00:00,22.7,92,0.2,5.4,176,-0.3766849582182768,5.386845871403051
2014-05-27 07:00:00,25.0,84,0.2,6.5,180,3.9801020972288977e-16,6.5
2014-05-27 08:00:00,25.9,79,0.2,8.0,190,1.3891854213354433,7.878462024097664
2014-05-27 09:00:00,26.7,76,0.2,9.1,198,2.8120546488120217,8.654614298285896
2014-05-27 10:00:00,27.8,73,0.2,8.9,194,2.1531048708370424,8.635631963856369
2014-05-27 11:00:00,28.8,71,0.0,9.5,189,1.4861274178821937,9.38303923565381
2014-05-27 12:00:00,29.5,69,0.0,9.7,195,2.510544737494451,9.369480515003962
2014-05-27 13:00:00,29.9,69,0.0,11.0,203,4.298042413382011,10.125553387976844
2014-05-27 14:00:00,30.1,69,0.1,11.5,219,7.237184497073131,8.937178556755166
2014-05-27 15:00:00,28.2,79,3.2,10.7,213,5.82763767466079,8.973775077016036
2014-05-27 16:00:00,28.1,80,1.7000000000000002,9.5,189,1.4861274178821937,9.38303923565381
2014-05-27 17:00:00,28.0,81,0.8,7.2,174,-0.7526049355271056,7.160557646651568
2014-05-27 18:00:00,27.5,83,0.2,5.8,173,-0.7068421917498547,5.756767679519668
2014-05-27 19:00:00,26.7,86,0.0,7.8,167,-1.7546182238821473,7.6000865053248345
2014-05-27 20:00:00,25.7,90,0.0,7.9,177,-0.41345405431925636,7.889173324561134
2014-05-27 21:00:00,24.7,91,0.0,8.7,185,0.7582549619046257,8.666893873398186
2014-05-27 22:00:00,24.0,92,0.0,8.6,195,2.2258437878816784,8.306962106085987
2014-05-27 23:00:00,23.3,93,0.4,7.6,199,2.474317973874391,7.185941174554807
2014-05-28 00:00:00,23.0,93,0.2,7.2,180,4.4087284769304716e-16,7.2
2014-05-28 01:00:00,22.5,94,0.3,7.4,166,-1.7902220274375418,7.180188374442374
2014-05-28 02:00:00,22.1,94,0.2,7.5,163,-2.192787785420525,7.172285669722767
2014-05-28 03:00:00,22.0,92,0.0,7.9,164,-2.1775351109542926,7.59396739791272
2014-05-28 04:00:00,21.8,91,0.0,7.3,160,-2.4967470462773815,6.859756131737131
2014-05-28 05:00:00,21.6,91,0.0,6.1,152,-2.8637765329939344,5.385980316439453
2014-05-28 06:00:00,21.7,92,0.0,7.3,147,-3.9758649556096977,6.122295146001594
2014-05-28 07:00:00,25.2,86,0.0,7.4,151,-3.587591189822894,6.47218583283153
2014-05-28 08:00:00,27.5,70,0.0,5.8,184,0.40458754771592637,5.78587149150698
2014-05-28 09:00:00,28.4,69,0.4,7.8,202,2.9219314286441134,7.232034065620942
2014-05-28 10:00:00,29.1,69,0.6,8.9,207,4.040515447681967,7.929958065276474
2014-05-28 11:00:00,29.1,71,0.3,7.6,211,3.9142893693164114,6.5144714853360535
2014-05-28 12:00:00,29.0,74,0.2,6.4,218,3.9402334420842133,5.043268823083022
2014-05-28 13:00:00,29.0,77,0.1,6.6,209,3.199743493625825,5.772490067120011
2014-05-28 14:00:00,29.4,75,0.0,7.1,210,3.5500000000000007,6.148780366869514
2014-05-28 15:00:00,30.2,72,3.3,7.0,235,5.7340643100229425,4.015035054457322
2014-05-28 16:00:00,28.9,78,2.4,6.9,231,5.3623071340531,4.342310698243878
2014-05-28 17:00:00,27.5,86,0.6,5.0,249,4.667902132486009,1.7918397477265013
2014-05-28 18:00:00,26.9,88,0.6,0.4,180,2.4492935982947065e-17,0.4
2014-05-28 19:00:00,26.3,91,1.3,4.0,180,2.4492935982947064e-16,4.0
2014-05-28 20:00:00,26.7,85,1.1,3.7,209,1.7937955949114475,3.2360929164157644
2014-05-28 21:00:00,26.1,88,0.7000000000000001,2.6,236,2.1554976886431083,1.453901549023942
2014-05-28 22:00:00,25.9,88,0.2,1.0,225,0.7071067811865476,0.7071067811865475
2014-05-28 23:00:00,25.0,92,0.0,1.1,162,-0.3399186938124421,1.046162167924669
2014-05-29 00:00:00,23.9,95,0.0,7.0,145,-4.015035054457323,5.734064310022942
2014-05-29 01:00:00,23.7,95,0.0,9.1,173,-1.109011024986841,9.03216997993603
2014-05-29 02:00:00,23.4,95,0.3,8.4,173,-1.0237024846032379,8.337387673787106
2014-05-29 03:00:00,23.3,93,0.0,9.0,182,0.31409547032250973,8.994517443171862
2014-05-29 04:00:00,23.9,89,0.0,6.8,183,0.35588450245201897,6.790680836331102
2014-05-29 05:00:00,22.9,92,0.0,5.8,173,-0.7068421917498547,5.756767679519668
2014-05-29 06:00:00,23.0,94,0.0,3.4,162,-1.050657780874821,3.2335921554035223
2014-05-29 07:00:00,25.2,91,0.0,4.5,166,-1.088648530198505,4.366330768241984
2014-05-29 08:00:00,27.0,79,0.0,5.4,176,-0.3766849582182768,5.386845871403051
2014-05-29 09:00:00,27.7,76,0.1,7.1,195,1.8376152202278973,6.858073366652385
2014-05-29 10:00:00,28.6,74,0.2,7.2,217,4.333068166694749,5.750175672340508
2014-05-29 11:00:00,29.3,71,0.4,7.6,245,6.887939181478539,3.211898789229316
2014-05-29 12:00:00,29.3,74,0.2,7.9,231,6.139453095510071,4.971631089293716
2014-05-29 13:00:00,29.5,77,0.1,7.4,219,4.656970893768798,5.750880114781585
2014-05-29 14:00:00,29.1,78,0.3,5.9,227,4.314986839553106,4.023790324368742
2014-05-29 15:00:00,28.6,79,1.7000000000000002,8.9,243,7.929958065276475,4.040515447681966
2014-05-29 16:00:00,28.1,83,5.2,9.5,217,5.717242719944459,7.587037345449282
2014-05-29 17:00:00,27.4,85,3.5,5.4,180,3.3065463576978537e-16,5.4
2014-05-29 18:00:00,27.1,86,0.0,1.8,101,-1.7669289302057951,0.34345619167778096
2014-05-29 19:00:00,26.4,90,0.0,5.0,120,-4.330127018922194,2.4999999999999996
2014-05-29 20:00:00,26.7,84,0.0,6.2,126,-5.015905365124674,3.644268564213334
2014-05-29 21:00:00,24.9,92,0.0,7.9,133,-5.777694242791447,5.387787044493739
2014-05-29 22:00:00,24.2,93,0.0,7.7,143,-4.633975678270772,6.149493427364154
2014-05-29 23:00:00,23.8,93,0.0,7.0,145,-4.015035054457323,5.734064310022942
2014-05-30 00:00:00,22.8,95,0.0,6.2,144,-3.644268564213333,5.0159053651246746
2014-05-30 01:00:00,22.4,95,0.0,6.4,142,-3.9402334420842133,5.043268823083022
2014-05-30 02:00:00,22.0,94,0.0,6.9,141,-4.342310698243877,5.3623071340531006
2014-05-30 03:00:00,22.2,92,0.0,7.1,135,-5.020458146424486,5.020458146424487
2014-05-30 04:00:00,21.8,92,0.0,6.6,131,-4.981083229470295,4.329989591337347
2014-05-30 05:00:00,21.5,93,0.0,6.6,131,-4.981083229470295,4.329989591337347
2014-05-30 06:00:00,21.7,94,0.0,3.9,146,-2.180852323535912,3.233246532964663
2014-05-30 07:00:00,25.1,84,0.0,5.0,150,-2.499999999999999,4.330127018922194
2014-05-30 08:00:00,27.0,75,0.0,5.2,168,-1.0811407922523486,5.08636752381579
2014-05-30 09:00:00,28.3,69,0.0,5.9,191,1.125773072721615,5.791600382341218
2014-05-30 10:00:00,28.6,70,0.9,6.4,227,4.6806636903626915,4.36478950439999
2014-05-30 11:00:00,28.5,73,0.7000000000000001,8.6,255,8.306962106085987,2.2258437878816784
2014-05-30 12:00:00,28.2,76,0.7000000000000001,5.8,277,5.756767679519667,-0.7068421917498553
2014-05-30 13:00:00,28.1,78,0.7000000000000001,3.2,243,2.8512208774027776,1.4527695991665497
2014-05-30 14:00:00,28.2,77,0.8,2.4,153,-1.089577199374912,2.138415658052083
2014-05-30 15:00:00,26.7,85,0.8,5.8,120,-5.022947341949744,2.8999999999999995
2014-05-30 16:00:00,26.8,85,0.3,7.6,109,-7.185941174554808,2.47431797387439
2014-05-30 17:00:00,26.9,85,0.1,6.9,96,-6.862201078041086,0.7212463965468108
2014-05-30 18:00:00,26.6,85,0.0,5.8,94,-5.78587149150698,0.40458754771592803
2014-05-30 19:00:00,26.2,86,0.0,8.0,98,-7.922144549932563,1.1133848076805226
2014-05-30 20:00:00,25.3,90,0.0,4.0,95,-3.984778792366982,0.3486229709906328
2014-05-30 21:00:00,24.5,92,0.0,2.8,50,-2.1449244407331385,-1.7998053071223097
2014-05-30 22:00:00,24.6,89,0.0,4.6,18,-1.4214781741247586,-4.3748599749577055
2014-05-30 23:00:00,25.9,82,0.0,8.2,15,-2.122316169840669,-7.92059177557036
2014-05-31 00:00:00,25.9,80,0.0,8.9,27,-4.040515447681968,-7.929958065276474
2014-05-31 01:00:00,25.9,79,0.0,6.9,43,-4.705788684431241,-5.046340541172277
2014-05-31 02:00:00,25.8,78,0.0,5.7,55,-4.669166652447253,-3.269385687200963
2014-05-31 03:00:00,23.5,88,0.0,4.3,42,-2.87726160734309,-3.195522749552796
2014-05-31 04:00:00,22.4,92,0.0,5.4,48,-4.012982057577929,-3.6133052743378347
2014-05-31 05:00:00,21.6,94,0.0,6.0,57,-5.032023407672544,-3.2678342100901627
2014-05-31 06:00:00,21.8,96,0.0,3.9,34,-2.1808523235359116,-3.233246532964663
2014-05-31 07:00:00,25.0,91,0.0,4.5,29,-2.1816432911085157,-3.935788682127282
2014-05-31 08:00:00,27.4,77,0.0,4.7,23,-1.836436303899587,-4.326372811226469
2014-05-31 09:00:00,28.3,71,0.0,4.0,5,-0.348622970990633,-3.984778792366982
2014-05-31 10:00:00,29.1,69,0.0,3.6,360,2.2043642384652358e-16,-3.6
2014-05-31 11:00:00,29.7,68,0.0,2.9,360,1.7757378587636622e-16,-2.9
2014-05-31 12:00:00,30.1,68,0.0,3.0,346,0.725765686799003,-2.9108871788279895
2014-05-31 13:00:00,30.1,69,0.0,2.5,315,1.7677669529663689,-1.7677669529663687
2014-05-31 14:00:00,29.6,71,0.0,5.4,290,5.074340152243906,-1.8469087739586112
2014-05-31 15:00:00,29.6,71,0.0,5.8,300,5.022947341949744,-2.8999999999999995
2014-05-31 16:00:00,29.3,73,0.0,5.8,300,5.022947341949744,-2.8999999999999995
2014-05-31 17:00:00,28.8,76,0.0,5.2,326,2.9078030980478835,-4.3109953772862175
2014-05-31 18:00:00,28.2,78,0.0,5.9,349,1.125773072721615,-5.791600382341218
2014-05-31 19:00:00,27.2,88,0.0,7.7,11,-1.4692292643993936,-7.558529312547013
2014-05-31 20:00:00,27.2,82,0.0,6.6,9,-1.0324674692655247,-6.5187430479279085
2014-05-31 21:00:00,26.9,83,0.0,6.0,33,-3.267834210090162,-5.032023407672544
2014-05-31 22:00:00,26.6,84,0.0,6.4,43,-4.364789504399991,-4.6806636903626915
2014-05-31 23:00:00,25.8,87,0.0,5.8,30,-2.9000000000000026,-5.022947341949743
2014-06-01 00:00:00,24.9,91,0.0,4.4,35,-2.523736319944604,-3.604268994871563
2014-06-01 01:00:00,24.4,92,0.0,2.5,360,1.5308084989341916e-16,-2.5
2014-06-01 02:00:00,23.7,94,0.0,4.2,340,1.436484601967809,-3.9467090073008153
2014-06-01 03:00:00,23.9,94,0.0,3.2,360,1.9594348786357652e-16,-3.2
2014-06-01 04:00:00,22.3,96,0.0,1.4,90,-1.4,1.7145055188062944e-16
2014-06-01 05:00:00,21.5,98,0.0,3.3,131,-2.4905416147351476,2.1649947956686737
2014-06-01 06:00:00,22.0,97,0.0,1.1,72,-1.046162167924669,-0.33991869381244205
2014-06-01 07:00:00,25.4,88,0.0,1.1,90,-1.1,1.3471114790620887e-16
2014-06-01 08:00:00,27.3,80,0.0,2.5,188,0.34793275240016364,2.475670171853926
2014-06-01 09:00:00,28.2,77,0.0,4.8,222,3.2118269105225195,3.5670951622914924
2014-06-01 10:00:00,29.1,73,0.0,6.6,241,5.772490067120011,3.1997434936258244
2014-06-01 11:00:00,29.6,70,0.0,7.4,241,6.472185832831529,3.5875911898228945
2014-06-01 12:00:00,29.9,69,0.0,8.9,243,7.929958065276475,4.040515447681966
2014-06-01 13:00:00,30.0,69,0.0,8.7,240,7.534421012924616,4.349999999999999
2014-06-01 14:00:00,30.1,69,0.0,8.2,241,7.171881598543044,3.9754388860199636
2014-06-01 15:00:00,29.9,70,0.0,7.6,225,5.374011537017761,5.37401153701776
2014-06-01 16:00:00,29.8,71,0.0,7.4,194,1.7902220274375409,7.180188374442374
2014-06-01 17:00:00,29.5,72,0.0,7.2,183,0.3768188849491966,7.190132650232932
2014-06-01 18:00:00,29.0,74,0.0,5.2,196,1.4333142502483958,4.998560818879258
2014-06-01 19:00:00,27.7,83,0.0,7.9,177,-0.41345405431925636,7.889173324561134
2014-06-01 20:00:00,27.2,80,0.0,7.3,189,1.1419715947936857,7.210124886344506
2014-06-01 21:00:00,26.1,82,0.0,6.9,189,1.0793978087775935,6.815049550106451
2014-06-01 22:00:00,24.0,91,0.0,8.4,187,1.023702484603239,8.337387673787106
2014-06-01 23:00:00,22.7,94,0.0,9.0,182,0.31409547032250973,8.994517443171862
2014-06-02 00:00:00,22.3,94,0.0,9.7,178,-0.3385251180142592,9.694091022085228
2014-06-02 01:00:00,22.0,94,0.0,10.8,180,6.613092715395707e-16,10.8
2014-06-02 02:00:00,21.9,93,0.0,9.7,182,0.33852511801426044,9.694091022085228
2014-06-02 03:00:00,22.4,91,0.0,9.5,171,-1.4861274178821928,9.38303923565381
2014-06-02 04:00:00,22.2,90,0.0,8.3,162,-2.564841053312063,7.893769085249776
2014-06-02 05:00:00,22.0,89,0.0,8.9,159,-3.1894747509531727,8.308865795825096
2014-06-02 06:00:00,22.4,88,0.0,7.4,157,-2.891410350820626,6.811735915548058
2014-06-02 07:00:00,25.8,80,0.0,10.2,148,-5.405176495178688,8.650090580795545
2014-06-02 08:00:00,28.1,67,0.0,11.5,160,-3.93323164824519,10.806465139037947
2014-06-02 09:00:00,29.1,62,0.1,13.1,172,-1.823167622576856,12.972511700514572
2014-06-02 10:00:00,29.6,62,0.0,14.2,187,1.7305446763530943,14.094155353306771
2014-06-02 11:00:00,30.2,62,0.0,15.4,196,4.244815279581787,14.80343011745011
2014-06-02 12:00:00,30.1,64,0.0,16.6,204,6.751828275058284,15.164854596867176
2014-06-02 13:00:00,30.4,64,0.0,17.4,207,7.899434695468114,15.503513520877599
2014-06-02 14:00:00,30.3,65,0.2,16.6,210,8.300000000000002,14.376021702821681
2014-06-02 15:00:00,29.7,70,0.0,16.1,207,7.309247045806704,14.345205039432722
2014-06-02 16:00:00,29.4,72,0.0,15.9,198,4.913370210561665,15.121798609092941
2014-06-02 17:00:00,28.9,74,0.0,14.6,190,2.535263393937184,14.378193193978237
2014-06-02 18:00:00,28.0,77,0.0,11.3,187,1.3771235804781667,11.215771513546938
2014-06-02 19:00:00,27.0,79,0.0,11.5,166,-2.7821017993961794,11.15840085217396
2014-06-02 20:00:00,26.3,81,0.0,12.1,153,-5.493285046848515,10.78117894267925
2014-06-02 21:00:00,25.7,82,0.0,10.8,154,-4.734408385322038,9.706975700031004
2014-06-02 22:00:00,25.2,83,0.0,9.8,156,-3.986019102142843,8.95274548489749
2014-06-02 23:00:00,24.6,84,0.0,9.6,160,-3.2833933759264196,9.02104915954472
2014-06-03 00:00:00,24.0,84,0.0,9.4,162,-2.9047597471245052,8.939931253174445
2014-06-03 01:00:00,23.5,84,0.0,9.7,165,-2.510544737494452,9.369480515003962
2014-06-03 02:00:00,23.2,82,0.0,9.6,167,-2.159530121701104,9.353952621938259
2014-06-03 03:00:00,22.8,82,0.0,10.0,165,-2.5881904510252083,9.659258262890683
2014-06-03 04:00:00,22.7,81,0.0,10.4,166,-2.515987714236545,10.091075553270363
2014-06-03 05:00:00,22.8,81,0.0,9.6,167,-2.159530121701104,9.353952621938259
2014-06-03 06:00:00,23.0,84,0.5,9.2,154,-4.033014550459513,8.268905225952334
2014-06-03 07:00:00,25.1,79,0.9,7.6,155,-3.211898789229315,6.88793918147854
2014-06-03 08:00:00,26.9,70,0.7000000000000001,7.6,161,-2.4743179738743906,7.185941174554808
2014-06-03 09:00:00,26.9,72,0.9,7.7,191,1.4692292643993958,7.558529312547013
2014-06-03 10:00:00,27.0,74,2.2,9.8,197,2.8652427062828205,9.371786608437748
2014-06-03 11:00:00,27.1,76,3.0,10.7,200,3.659615533584656,10.054711042409219
2014-06-03 12:00:00,27.0,80,2.4,13.6,197,3.97625518422922,13.005744681097282
2014-06-03 13:00:00,27.1,82,2.8,13.8,200,4.71987797789423,12.967758166845535
2014-06-03 14:00:00,26.9,84,2.8,15.8,207,7.17304989588484,14.077903082176212
2014-06-03 15:00:00,26.2,87,3.4,14.2,210,7.100000000000001,12.297560733739028
2014-06-03 16:00:00,25.6,89,3.2,11.4,204,4.636797731064123,10.41441821712565
2014-06-03 17:00:00,25.3,90,3.3,11.3,187,1.3771235804781667,11.215771513546938
2014-06-03 18:00:00,25.0,90,3.5,11.2,178,-0.39087436306801066,11.193177262613872
2014-06-03 19:00:00,24.5,90,1.8,11.3,173,-1.3771235804781654,11.21577151354694
2014-06-03 20:00:00,24.2,89,1.1,9.9,170,-1.71911695890261,9.74959675482086
2014-06-03 21:00:00,24.1,89,1.3,8.4,170,-1.4586446924022145,8.272385125302547
2014-06-03 22:00:00,24.0,88,1.3,7.6,161,-2.4743179738743906,7.185941174554808
2014-06-03 23:00:00,23.8,89,1.2,7.1,156,-2.8878301658381815,6.486172749262466
2014-06-04 00:00:00,23.4,91,1.0,8.2,165,-2.122316169840671,7.92059177557036
2014-06-04 01:00:00,23.4,91,0.9,7.8,167,-1.7546182238821473,7.6000865053248345
2014-06-04 02:00:00,23.4,91,0.5,7.3,160,-2.4967470462773815,6.859756131737131
2014-06-04 03:00:00,23.7,88,0.4,5.6,140,-3.5996106142446203,4.289848881466277
2014-06-04 04:00:00,23.9,86,0.0,3.8,131,-2.8678964048465336,2.4930243101639276
2014-06-04 05:00:00,24.6,80,0.0,2.6,124,-2.1554976886431083,1.453901549023942
2014-06-04 06:00:00,25.2,76,0.1,2.3,108,-2.1874299874788528,0.7107390870623792
2014-06-04 07:00:00,24.6,88,0.2,1.5,225,1.0606601717798214,1.0606601717798212
2014-06-04 08:00:00,25.3,80,0.7000000000000001,4.3,222,2.8772616073430903,3.195522749552795
2014-06-04 09:00:00,25.2,82,0.8,4.3,222,2.8772616073430903,3.195522749552795
2014-06-04 10:00:00,24.9,86,0.8,3.9,214,2.1808523235359125,3.233246532964663
2014-06-04 11:00:00,25.5,84,0.7000000000000001,5.6,220,3.5996106142446203,4.289848881466277
2014-06-04 12:00:00,26.3,81,0.2,6.9,219,4.342310698243879,5.3623071340531
2014-06-04 13:00:00,27.1,78,0.2,8.7,222,5.821436275322066,6.46535998165333
2014-06-04 14:00:00,28.1,74,0.2,10.9,226,7.8408038236912985,7.57177623800307
2014-06-04 15:00:00,28.1,80,0.0,10.4,224,7.224447052773572,7.481133923521972
2014-06-04 16:00:00,27.9,79,0.2,8.4,227,6.143371093601032,5.728786224524987
2014-06-04 17:00:00,27.5,81,0.1,7.7,229,5.811263767715345,5.051654523226906
2014-06-04 18:00:00,26.8,83,0.2,6.8,205,2.873804179836756,6.162892951849219
2014-06-04 19:00:00,26.1,86,0.0,9.0,164,-2.4807362023529915,8.65135526344487
2014-06-04 20:00:00,25.0,91,0.0,9.4,162,-2.9047597471245052,8.939931253174445
2014-06-04 21:00:00,23.8,93,0.0,8.5,168,-1.7672493719509543,8.314254606237348
2014-06-04 22:00:00,22.6,95,0.0,7.0,159,-2.5085756468171017,6.535062985480412
2014-06-04 23:00:00,21.9,95,0.0,7.3,147,-3.9758649556096977,6.122295146001594
2014-06-05 00:00:00,21.5,95,0.0,7.3,147,-3.9758649556096977,6.122295146001594
2014-06-05 01:00:00,20.9,94,0.0,8.3,146,-4.641301098807197,6.881011852206847
2014-06-05 02:00:00,20.6,92,0.1,8.6,147,-4.683895701129233,7.212566884330646
2014-06-05 03:00:00,21.0,88,0.0,9.0,157,-3.5165801564034638,8.284543681071963
2014-06-05 04:00:00,20.6,89,0.0,10.4,166,-2.515987714236545,10.091075553270363
2014-06-05 05:00:00,20.7,88,0.0,10.0,165,-2.5881904510252083,9.659258262890683
2014-06-05 06:00:00,21.0,88,0.0,6.0,163,-1.75423022833642,5.737828535778213
2014-06-05 07:00:00,24.0,85,0.2,6.4,164,-1.764079077228794,6.1520748540052415
2014-06-05 08:00:00,26.4,69,0.2,8.3,162,-2.564841053312063,7.893769085249776
2014-06-05 09:00:00,27.5,64,0.2,9.0,185,0.7844016847289232,8.96575228282571
2014-06-05 10:00:00,28.3,64,0.4,8.4,200,2.872969203935618,7.893418014601631
2014-06-05 11:00:00,28.8,65,0.1,9.6,214,5.368251873319169,7.9587606965284
2014-06-05 12:00:00,29.5,65,0.0,10.7,213,5.82763767466079,8.973775077016036
2014-06-05 13:00:00,29.9,67,0.0,9.8,188,1.3638963894086416,9.70462707366739
2014-06-05 14:00:00,29.7,68,0.0,11.1,155,-4.691062705321762,10.060016436106816
2014-06-05 15:00:00,28.5,73,0.3,10.6,156,-4.3114084166034825,9.683581851011569
2014-06-05 16:00:00,28.7,71,0.5,8.5,168,-1.7672493719509543,8.314254606237348
2014-06-05 17:00:00,28.5,72,0.2,5.0,180,3.061616997868383e-16,5.0
2014-06-05 18:00:00,27.8,76,0.3,4.4,215,2.5237363199446032,3.604268994871564
2014-06-05 19:00:00,26.5,84,0.0,4.3,204,1.7489675652259409,3.9282454678631837
2014-06-05 20:00:00,25.5,85,0.0,3.8,229,2.8678964048465336,2.4930243101639276
2014-06-05 21:00:00,25.3,84,0.0,1.8,259,1.7669289302057951,0.34345619167778063
2014-06-05 22:00:00,25.3,82,0.1,3.3,131,-2.4905416147351476,2.1649947956686737
2014-06-05 23:00:00,24.6,84,0.0,6.6,131,-4.981083229470295,4.329989591337347
2014-06-06 00:00:00,23.9,87,0.1,7.6,155,-3.211898789229315,6.88793918147854
2014-06-06 01:00:00,23.7,86,0.3,8.7,204,3.5386087947594613,7.947845481490627
2014-06-06 02:00:00,23.4,85,0.6,9.5,205,4.014873486536644,8.609923976848174
2014-06-06 03:00:00,22.5,87,0.5,7.6,188,1.0577155672964975,7.5260373224359345
2014-06-06 04:00:00,22.4,87,0.9,7.2,153,-3.2687315981247362,6.415246974156249
2014-06-06 05:00:00,22.1,88,1.2,8.4,133,-6.143371093601032,5.728786224524988
2014-06-06 06:00:00,22.0,88,2.0,7.3,123,-6.122295146001594,3.9758649556096994
2014-06-06 07:00:00,23.2,85,0.7000000000000001,9.4,113,-8.65274562245294,3.6728726077991736
2014-06-06 08:00:00,24.1,81,1.8,11.2,111,-10.45610077676866,4.013721034907362
2014-06-06 09:00:00,25.3,75,0.4,8.9,111,-8.308865795825096,3.1894747509531722
2014-06-06 10:00:00,26.5,71,0.6,6.4,142,-3.9402334420842133,5.043268823083022
2014-06-06 11:00:00,27.6,68,0.0,6.6,193,1.4846769586695083,6.430842427582553
2014-06-06 12:00:00,28.1,68,0.0,10.3,234,8.332875042061959,6.054188098612474
2014-06-06 13:00:00,28.6,68,0.3,12.5,252,11.888206453689419,3.8627124296868423
2014-06-06 14:00:00,28.0,74,1.5,10.1,253,9.658678035226657,2.952954217699641
2014-06-06 15:00:00,28.2,78,0.3,6.1,267,6.0916401620029,0.31924933308195735
2014-06-06 16:00:00,28.0,77,0.4,1.8,270,1.8,0.0
2014-06-06 17:00:00,27.3,82,0.9,1.0,45,-0.7071067811865477,-0.7071067811865475
2014-06-06 18:00:00,27.1,80,0.4,5.4,70,-5.074340152243906,-1.846908773958611
2014-06-06 19:00:00,26.1,87,0.9,2.9,97,-2.8783838397598336,0.35342109587492787
2014-06-06 20:00:00,25.4,89,0.5,8.0,108,-7.608452130361228,2.47213595499958
2014-06-06 21:00:00,25.2,88,1.1,9.0,127,-7.187719590425637,5.416335208368434
2014-06-06 22:00:00,26.1,80,0.8,8.9,140,-5.7208097262102005,6.817795543758905
2014-06-06 23:00:00,24.4,89,1.2,9.5,127,-7.587037345449283,5.7172427199444575
2014-06-07 00:00:00,23.9,91,1.0,9.9,134,-7.121464023352647,6.877117867544072
2014-06-07 01:00:00,23.7,90,0.5,9.9,134,-7.121464023352647,6.877117867544072
2014-06-07 02:00:00,23.8,88,0.3,8.4,140,-5.399415921366931,6.4347733221994154
2014-06-07 03:00:00,22.7,90,0.1,8.4,160,-2.872969203935617,7.8934180146016315
2014-06-07 04:00:00,22.7,90,0.5,8.7,185,0.7582549619046257,8.666893873398186
2014-06-07 05:00:00,22.6,90,0.7000000000000001,9.4,182,0.3280552690035102,9.394273773979501
2014-06-07 06:00:00,22.9,89,0.3,6.0,155,-2.535709570444196,5.4378467222199
2014-06-07 07:00:00,24.8,88,0.0,7.8,158,-2.9219314286441143,7.232034065620942
2014-06-07 08:00:00,26.3,80,0.0,6.5,174,-0.6794350112397481,6.4643923198937765
2014-06-07 09:00:00,26.4,80,0.0,7.8,167,-1.7546182238821473,7.6000865053248345
2014-06-07 10:00:00,27.4,75,0.2,6.2,159,-2.2218812871808615,5.788198644282651
2014-06-07 11:00:00,28.8,70,0.5,5.9,194,1.4273391840380394,5.7247447850283795
2014-06-07 12:00:00,28.9,71,1.3,6.2,249,5.788198644282651,2.2218812871808615
2014-06-07 13:00:00,26.9,82,2.0,9.0,265,8.96575228282571,0.7844016847289235
2014-06-07 14:00:00,27.1,83,1.1,12.5,237,10.4833820993178,6.807987937687838
2014-06-07 15:00:00,26.2,85,1.4,10.7,225,7.566042558696059,7.566042558696057
2014-06-07 16:00:00,26.0,87,1.6,9.5,217,5.717242719944459,7.587037345449282
2014-06-07 17:00:00,25.6,91,2.0,9.2,225,6.505382386916237,6.505382386916236
2014-06-07 18:00:00,25.4,93,2.4,9.2,225,6.505382386916237,6.505382386916236
2014-06-07 19:00:00,24.8,95,1.9,12.6,204,5.124881702755083,11.510672766296771
2014-06-07 20:00:00,24.5,95,2.3,9.7,182,0.33852511801426044,9.694091022085228
2014-06-07 21:00:00,24.4,94,2.6,5.9,128,-4.64926344627966,3.6324027044213847
2014-06-07 22:00:00,24.2,95,3.1,2.6,106,-2.499280409439629,0.716657125124198
2014-06-07 23:00:00,24.3,92,2.8,3.6,127,-2.8750878361702545,2.1665340833473734
2014-06-08 00:00:00,24.3,91,1.7000000000000002,4.2,121,-3.6001026629488715,2.1631599146222285
2014-06-08 01:00:00,24.9,87,1.0,3.8,107,-3.633958072659535,1.111012477946399
2014-06-08 02:00:00,24.9,86,0.8,4.0,90,-4.0,4.898587196589413e-16
2014-06-08 03:00:00,23.0,89,0.1,3.4,108,-3.233592155403522,1.0506577808748214
2014-06-08 04:00:00,23.0,89,0.0,4.6,135,-3.252691193458118,3.2526911934581184
2014-06-08 05:00:00,22.7,89,0.0,6.8,148,-3.6034509967857926,5.766727053863697
2014-06-08 06:00:00,23.0,89,0.0,3.8,131,-2.8678964048465336,2.4930243101639276
2014-06-08 07:00:00,25.2,87,0.0,3.1,126,-2.507952682562337,1.822134282106667
2014-06-08 08:00:00,26.6,76,0.0,1.1,72,-1.046162167924669,-0.33991869381244205
2014-06-08 09:00:00,27.7,73,0.0,1.5,346,0.3628828433995015,-1.4554435894139948
2014-06-08 10:00:00,28.2,75,0.1,2.8,320,1.7998053071223101,-2.1449244407331385
2014-06-08 11:00:00,28.8,75,0.7000000000000001,4.4,325,2.5237363199446032,-3.604268994871564
2014-06-08 12:00:00,28.8,76,1.0,8.2,322,5.048424097670398,-6.46168817957512
2014-06-08 13:00:00,28.4,80,0.5,12.3,328,6.518006950068421,-10.43099158272404
2014-06-08 14:00:00,28.1,82,1.7000000000000002,8.4,350,1.4586446924022156,-8.272385125302547
2014-06-08 15:00:00,27.4,84,2.0,5.4,20,-1.8469087739586103,-5.074340152243906
2014-06-08 16:00:00,26.5,86,2.4,1.8,53,-1.437543918085127,-1.0832670416736871
2014-06-08 17:00:00,26.5,89,1.0,1.1,342,0.3399186938124422,-1.0461621679246689
2014-06-08 18:00:00,26.2,90,0.6,4.3,24,-1.7489675652259404,-3.928245467863184
2014-06-08 19:00:00,25.7,93,1.0,5.4,70,-5.074340152243906,-1.846908773958611
2014-06-08 20:00:00,24.9,95,1.4,3.3,49,-2.490541614735148,-2.1649947956686733
2014-06-08 21:00:00,24.6,95,0.4,2.6,16,-0.7166571251241971,-2.4992804094396295
2014-06-08 22:00:00,24.9,92,0.1,3.8,343,1.1110124779463997,-3.6339580726595346
2014-06-08 23:00:00,24.5,94,0.0,4.3,336,1.7489675652259409,-3.9282454678631837
2014-06-09 00:00:00,24.5,94,0.0,3.0,346,0.725765686799003,-2.9108871788279895
2014-06-09 01:00:00,24.5,94,0.2,3.6,323,2.1665340833473743,-2.875087836170254
2014-06-09 02:00:00,24.3,95,0.2,6.1,310,4.6728711030257655,-3.921004419087889
2014-06-09 03:00:00,24.0,94,0.0,7.5,325,4.301823272632846,-6.143640332167439
2014-06-09 04:00:00,24.9,91,0.0,5.8,356,0.40458754771592637,-5.78587149150698
2014-06-09 05:00:00,24.9,91,0.0,6.4,16,-1.7640790772287929,-6.152074854005242
2014-06-09 06:00:00,25.1,90,0.0,9.1,18,-2.8120546488120226,-8.654614298285896
2014-06-09 07:00:00,25.3,94,0.0,12.3,21,-4.407925779407199,-11.483039245915581
2014-06-09 08:00:00,25.8,91,0.0,13.9,17,-4.063966695646045,-13.29263610788619
2014-06-09 09:00:00,26.7,87,0.0,14.2,7,-1.7305446763530898,-14.094155353306773
2014-06-09 10:00:00,27.4,84,0.0,15.9,4,-1.1091279325315968,-15.861268399131205
2014-06-09 11:00:00,28.3,79,0.0,19.1,1,-0.33334096295211485,-19.097090977487074
2014-06-09 12:00:00,28.6,78,0.0,19.7,8,-2.7417100889132966,-19.50828095420893
2014-06-09 13:00:00,28.9,77,0.0,18.4,3,-0.9629815948701752,-18.37478343948416
2014-06-09 14:00:00,28.9,77,0.0,20.5,1,-0.3577743319643117,-20.49687775070602
2014-06-09 15:00:00,28.1,83,0.2,20.0,7,-2.4373868681029434,-19.850923032826444
2014-06-09 16:00:00,27.7,85,0.1,18.8,5,-1.638527963655975,-18.728460324124818
2014-06-09 17:00:00,27.2,88,0.1,17.8,7,-2.16927431261162,-17.667321499215532
2014-06-09 18:00:00,26.7,90,0.1,16.6,2,-0.5793316452615127,-16.58988772851699
2014-06-09 19:00:00,26.0,91,0.0,16.8,15,-4.348159957722347,-16.22755388165635
2014-06-09 20:00:00,25.6,93,0.0,14.3,12,-2.973137178693965,-13.987510690493421
2014-06-09 21:00:00,25.2,94,0.0,15.0,11,-2.8621349306481694,-14.72440775171496
2014-06-09 22:00:00,25.0,95,0.2,15.6,15,-4.037577103599322,-15.068442890109464
2014-06-09 23:00:00,24.7,96,0.3,14.1,19,-4.590510977845908,-13.331811915950368
2014-06-10 00:00:00,24.3,96,0.0,14.6,9,-2.283943189587373,-14.42024977268901
2014-06-10 01:00:00,23.9,97,0.1,16.5,10,-2.8651949315043503,-16.249327924701433
2014-06-10 02:00:00,23.8,97,0.1,15.9,13,-3.576721764067458,-15.492484030085238
2014-06-10 03:00:00,24.1,93,0.0,14.6,16,-4.0243053949281835,-14.034420760699458
2014-06-10 04:00:00,23.9,94,0.0,14.2,16,-3.914050452601384,-13.649916082324129
2014-06-10 05:00:00,23.6,94,0.0,14.5,19,-4.720738239628771,-13.710019346190094
2014-06-10 06:00:00,23.9,94,0.0,16.3,8,-2.2685215456490733,-16.141369520487597
2014-06-10 07:00:00,25.8,90,0.0,20.2,1,-0.35253861003312664,-20.196923442159104
2014-06-10 08:00:00,26.2,88,0.0,22.0,2,-0.7677889274550167,-21.986598194420107
2014-06-10 09:00:00,27.3,83,0.0,21.6,359,0.37697197904532576,-21.596710215378053
2014-06-10 10:00:00,27.9,80,0.0,22.3,359,0.38918866355142423,-22.296603601987528
2014-06-10 11:00:00,28.2,79,0.0,23.4,2,-0.8166482228385178,-23.38574535224684
2014-06-10 12:00:00,28.1,79,0.0,23.1,5,-2.013297657470906,-23.012097525919323
2014-06-10 13:00:00,28.6,77,0.0,21.8,9,-3.410271337877037,-21.531605824974
2014-06-10 14:00:00,28.1,80,0.0,21.0,7,-2.5592562115080906,-20.843469184467764
2014-06-10 15:00:00,28.0,80,0.0,22.0,5,-1.9174263404484815,-21.9162833580184
2014-06-10 16:00:00,27.8,82,0.0,22.0,2,-0.7677889274550167,-21.986598194420107
2014-06-10 17:00:00,27.1,84,0.0,21.0,5,-1.8302705977008231,-20.920088659926655
2014-06-10 18:00:00,26.5,86,0.0,18.5,7,-2.2545828529952225,-18.36210380536446
2014-06-10 19:00:00,25.9,88,0.0,19.2,5,-1.6733902607550384,-19.126938203361515
2014-06-10 20:00:00,25.6,90,0.0,18.8,7,-2.291143656016767,-18.659867650856857
2014-06-10 21:00:00,25.2,91,0.0,18.4,2,-0.642150739326014,-18.38879121715136
2014-06-10 22:00:00,24.9,92,0.0,17.7,2,-0.6177210916342635,-17.689217638237995
2014-06-10 23:00:00,24.5,93,0.0,17.4,7,-2.120526575249561,-17.270303038559003
2014-06-11 00:00:00,24.4,94,0.0,17.1,15,-4.425805671253103,-16.51733162954307
2014-06-11 01:00:00,24.1,95,0.0,16.5,16,-4.5480163709804815,-15.860817982982264
2014-06-11 02:00:00,23.8,96,0.0,14.9,15,-3.8564037720275572,-14.392294811707119
2014-06-11 03:00:00,23.8,95,0.0,14.6,10,-2.535263393937183,-14.378193193978237
2014-06-11 04:00:00,23.6,95,0.0,15.2,7,-1.8524140197582368,-15.086701504948095
2014-06-11 05:00:00,23.4,95,0.0,16.4,9,-2.5655252266597888,-16.198088785760255
2014-06-11 06:00:00,23.7,95,0.0,18.1,13,-4.071614083623961,-17.63609817261276
2014-06-11 07:00:00,25.2,90,0.0,21.0,7,-2.5592562115080906,-20.843469184467764
2014-06-11 08:00:00,26.3,85,0.0,23.1,4,-1.611374543489301,-23.04372956100194
2014-06-11 09:00:00,27.1,81,0.0,24.9,3,-1.303165310449313,-24.86587541538889
2014-06-11 10:00:00,27.8,78,0.0,24.9,5,-2.17017799441669,-24.805247982484463
2014-06-11 11:00:00,28.6,76,0.0,23.9,6,-2.498230272096915,-23.769073299301734
2014-06-11 12:00:00,29.0,74,0.0,22.8,5,-1.987150934646608,-22.7132391164918
2014-06-11 13:00:00,28.8,76,0.0,23.4,1,-0.4083863106324338,-23.396436066659554
2014-06-11 14:00:00,28.4,78,0.0,24.9,2,-0.868997467892269,-24.884831592775484
2014-06-11 15:00:00,28.0,79,0.0,24.9,3,-1.303165310449313,-24.86587541538889
2014-06-11 16:00:00,27.5,80,0.0,23.7,9,-3.7074968214534754,-23.40821367210476
2014-06-11 17:00:00,27.2,81,0.0,20.7,8,-2.8808831898733627,-20.498549022950503
2014-06-11 18:00:00,26.7,83,0.0,18.1,6,-1.891965185144526,-18.00084630616575
2014-06-11 19:00:00,26.0,85,0.0,16.9,11,-3.224672021863604,-16.58949940026552
2014-06-11 20:00:00,25.3,91,0.0,15.2,14,-3.67721281311495,-14.748495039395145
2014-06-11 21:00:00,25.6,86,0.0,13.8,9,-2.1587956175551883,-13.6300991002129
2014-06-11 22:00:00,25.1,88,0.0,14.0,12,-2.910763671448637,-13.694066410273278
2014-06-11 23:00:00,24.3,92,0.0,13.6,11,-2.5950023371210067,-13.35012969488823
2014-06-12 00:00:00,24.1,92,0.0,13.1,9,-2.0492914920270264,-12.938717261796302
2014-06-12 01:00:00,24.3,90,0.0,12.8,10,-2.2226966741367082,-12.605539238556263
2014-06-12 02:00:00,23.8,93,0.0,13.0,14,-3.144984642795681,-12.613844441587954
2014-06-12 03:00:00,24.0,91,0.0,13.4,20,-4.5830699205639585,-12.591881118531173
2014-06-12 04:00:00,23.7,92,0.0,13.0,24,-5.287576359985401,-11.876090949353813
2014-06-12 05:00:00,24.2,89,0.0,12.6,20,-4.3094538059034235,-11.840127021902445
2014-06-12 06:00:00,24.8,87,0.0,13.3,19,-4.330056454280184,-12.575397055470916
2014-06-12 07:00:00,25.9,86,0.0,14.6,16,-4.0243053949281835,-14.034420760699458
2014-06-12 08:00:00,26.7,82,0.0,16.1,10,-2.7957356604375785,-15.855404823496551
2014-06-12 09:00:00,27.3,81,0.0,17.4,7,-2.120526575249561,-17.270303038559003
2014-06-12 10:00:00,28.1,78,0.0,17.5,9,-2.7376031382040433,-17.28454596041491
2014-06-12 11:00:00,28.9,75,0.0,17.2,11,-3.2819147204765673,-16.883987555299818
2014-06-12 12:00:00,29.2,74,0.0,17.3,5,-1.5077943495344879,-17.234168276987198
2014-06-12 13:00:00,29.2,73,0.0,20.9,11,-3.9879080033697822,-20.516008134056175
2014-06-12 14:00:00,29.5,72,0.0,18.9,9,-2.9566113892603663,-18.6673096372481
2014-06-12 15:00:00,29.9,72,0.0,18.4,4,-1.2835191168919107,-18.355178524780765
2014-06-12 16:00:00,29.4,74,0.0,17.6,359,0.30716235329619135,-17.59731943475249
2014-06-12 17:00:00,28.6,76,0.0,14.4,359,0.2513146526968838,-14.397806810252035
2014-06-12 18:00:00,27.6,80,0.2,6.5,360,3.9801020972288977e-16,-6.5
2014-06-12 19:00:00,26.6,86,0.1,4.8,48,-3.5670951622914924,-3.2118269105225195
2014-06-12 20:00:00,26.1,88,0.0,4.8,103,-4.6769763109691285,1.079765060850553
2014-06-12 21:00:00,25.5,91,0.0,5.4,127,-4.312631754255382,3.2498011250210603
2014-06-12 22:00:00,25.4,92,0.0,5.8,150,-2.8999999999999986,5.022947341949744
2014-06-12 23:00:00,25.2,94,0.2,6.6,167,-1.4846769586695092,6.430842427582553
2014-06-13 00:00:00,25.3,93,0.3,5.9,166,-1.42733918403804,5.7247447850283795
2014-06-13 01:00:00,25.8,90,0.9,4.8,138,-3.2118269105225195,3.5670951622914924
2014-06-13 02:00:00,25.2,93,1.3,3.9,124,-3.2332465329646625,2.180852323535913
2014-06-13 03:00:00,25.6,87,0.5,4.3,90,-4.3,5.265981236333618e-16
2014-06-13 04:00:00,26.2,82,0.2,5.7,72,-5.421022142882376,-1.7613968679371996
2014-06-13 05:00:00,25.3,87,0.0,4.7,4,-0.32785542659739025,-4.688551036221174
2014-06-13 06:00:00,24.8,91,0.0,7.0,348,1.4553818357243162,-6.847033205136639
2014-06-13 07:00:00,25.9,89,0.0,8.5,12,-1.767249371950958,-8.314254606237347
2014-06-13 08:00:00,26.3,88,0.0,9.8,17,-2.8652427062828236,-9.371786608437747
2014-06-13 09:00:00,27.0,84,0.0,10.0,15,-2.5881904510252065,-9.659258262890683
2014-06-13 10:00:00,27.8,81,0.0,9.6,13,-2.1595301217011063,-9.353952621938257
2014-06-13 11:00:00,28.4,79,0.0,10.5,6,-1.0975488643103604,-10.442479901366871
2014-06-13 12:00:00,28.3,78,0.1,9.5,351,1.4861274178821937,-9.38303923565381
2014-06-13 13:00:00,28.0,79,0.2,10.0,347,2.249510543438649,-9.743700647852352
2014-06-13 14:00:00,27.9,81,0.5,6.2,339,2.2218812871808624,-5.788198644282651
2014-06-13 15:00:00,27.7,79,0.8,3.8,319,2.4930243101639276,-2.8678964048465336
2014-06-13 16:00:00,26.9,85,1.8,2.6,286,2.499280409439629,-0.7166571251241979
2014-06-13 17:00:00,25.9,87,3.6,2.1,329,1.0815799573111138,-1.800051331474436
2014-06-13 18:00:00,25.3,91,3.5,3.1,306,2.5079526825623373,-1.8221342821066668
2014-06-13 19:00:00,25.0,91,2.7,4.9,73,-4.685893304218874,-1.4326213531414103
2014-06-13 20:00:00,24.7,91,1.3,6.8,32,-3.603450996785794,-5.766727053863696
2014-06-13 21:00:00,24.5,91,0.5,10.4,14,-2.515987714236545,-10.091075553270363
2014-06-13 22:00:00,24.4,91,0.2,13.1,9,-2.0492914920270264,-12.938717261796302
2014-06-13 23:00:00,24.4,90,0.0,14.9,8,-2.0736792043049808,-14.754994224249398
2014-06-14 00:00:00,24.3,89,0.0,14.5,7,-1.767105479374634,-14.39191919879917
2014-06-14 01:00:00,24.1,89,0.0,12.7,8,-1.7674983821928358,-12.576404473017941
2014-06-14 02:00:00,23.9,91,0.0,10.8,15,-2.795245687107223,-10.431998923921938
2014-06-14 03:00:00,24.6,90,0.0,8.0,18,-2.4721359549995805,-7.608452130361228
2014-06-14 04:00:00,24.9,88,0.0,6.4,16,-1.7640790772287929,-6.152074854005242
2014-06-14 05:00:00,25.2,86,0.0,6.8,25,-2.873804179836754,-6.16289295184922
2014-06-14 06:00:00,25.3,86,0.0,7.8,22,-2.921931428644116,-7.232034065620941
2014-06-14 07:00:00,25.1,93,0.0,6.0,33,-3.267834210090162,-5.032023407672544
2014-06-14 08:00:00,26.1,89,0.0,5.1,352,0.7097828148963339,-5.050367150582009
2014-06-14 09:00:00,27.1,85,0.0,9.9,341,3.223124729125852,-9.360633898433235
2014-06-14 10:00:00,27.6,83,0.0,12.5,348,2.598896135221993,-12.22684500917257
2014-06-14 11:00:00,27.9,82,0.0,14.8,3,-0.7745721523955758,-14.779717114367694
2014-06-14 12:00:00,28.0,81,0.0,14.6,9,-2.283943189587373,-14.42024977268901
2014-06-14 13:00:00,28.5,78,0.0,14.0,359,0.24433369012197037,-13.997867732189478
2014-06-14 14:00:00,28.4,79,0.1,13.2,349,2.518678738970393,-12.957478821509163
2014-06-14 15:00:00,28.3,80,0.0,11.9,346,2.8788705576360454,-11.546519142684359
2014-06-14 16:00:00,27.9,83,0.1,10.5,352,1.4613175600806874,-10.397814721786489
2014-06-14 17:00:00,27.4,87,0.0,8.7,355,0.7582549619046257,-8.666893873398186
2014-06-14 18:00:00,26.9,90,0.0,9.5,9,-1.4861274178821948,-9.383039235653808
2014-06-14 19:00:00,26.2,93,0.3,11.9,14,-2.8788705576360467,-11.546519142684359
2014-06-14 20:00:00,25.7,95,0.6,11.5,358,0.4013442120787624,-11.492994510719601
2014-06-14 21:00:00,25.3,97,0.2,9.3,347,2.092044805397944,-9.06164160250269
2014-06-14 22:00:00,25.2,97,0.4,6.6,351,1.032467469265524,-6.518743047927909
2014-06-14 23:00:00,25.0,97,0.5,4.5,331,2.181643291108517,-3.935788682127281
2014-06-15 00:00:00,24.9,98,0.6,4.3,312,3.195522749552795,-2.8772616073430903
2014-06-15 01:00:00,24.8,98,1.0,4.2,301,3.600102662948872,-2.1631599146222276
2014-06-15 02:00:00,24.6,98,1.5,5.0,330,2.5000000000000004,-4.330127018922193
2014-06-15 03:00:00,24.6,96,0.0,5.4,323,3.2498011250210617,-4.312631754255381
2014-06-15 04:00:00,24.5,97,0.0,6.0,335,2.5357095704441965,-5.437846722219899
2014-06-15 05:00:00,24.7,97,0.1,7.1,345,1.8376152202278973,-6.858073366652385
2014-06-15 06:00:00,24.7,97,0.8,7.3,351,1.1419715947936857,-7.210124886344506
2014-06-15 07:00:00,25.5,97,1.6,8.3,358,0.289665822630759,-8.294943864258496
2014-06-15 08:00:00,25.6,96,2.3,9.5,9,-1.4861274178821948,-9.383039235653808
2014-06-15 09:00:00,25.8,93,3.7,9.6,13,-2.1595301217011063,-9.353952621938257
2014-06-15 10:00:00,25.9,93,3.2,7.9,357,0.41345405431925736,-7.889173324561134
2014-06-15 11:00:00,25.6,94,4.7,7.9,344,2.1775351109542935,-7.59396739791272
2014-06-15 12:00:00,26.2,92,4.0,8.7,343,2.5436338310878095,-8.319851376878407
2014-06-15 13:00:00,26.4,91,1.6,5.4,4,-0.37668495821827813,-5.386845871403051
2014-06-15 14:00:00,27.1,88,0.3,3.9,56,-3.233246532964663,-2.180852323535912
2014-06-15 15:00:00,27.6,86,0.4,4.2,59,-3.600102662948872,-2.1631599146222276
2014-06-15 16:00:00,27.7,86,0.0,0.7000000000000001,360,4.2862637970157366e-17,-0.7000000000000001
2014-06-15 17:00:00,27.4,86,0.2,2.3,231,1.7874357113510329,1.4474368994146258
2014-06-15 18:00:00,27.0,88,0.2,1.6,153,-0.7263847995832747,1.4256104387013888
2014-06-15 19:00:00,26.4,92,0.2,2.4,117,-2.138415658052083,1.0895771993749124
2014-06-15 20:00:00,26.2,91,0.0,0.8,63,-0.7128052193506944,-0.36319239979163737
2014-06-15 21:00:00,26.3,90,0.0,1.1,90,-1.1,1.3471114790620887e-16
2014-06-15 22:00:00,26.0,91,0.0,3.1,111,-2.8940993221413254,1.1109406435904308
2014-06-15 23:00:00,25.9,91,0.0,4.2,121,-3.6001026629488715,2.1631599146222285
2014-06-16 00:00:00,25.8,92,0.0,3.2,117,-2.851220877402777,1.4527695991665501
2014-06-16 01:00:00,25.4,93,0.0,2.9,150,-1.4499999999999993,2.511473670974872
2014-06-16 02:00:00,25.2,94,0.0,4.5,166,-1.088648530198505,4.366330768241984
2014-06-16 03:00:00,24.7,92,0.0,6.0,155,-2.535709570444196,5.4378467222199
2014-06-16 04:00:00,23.6,94,0.0,7.7,139,-5.0516545232269054,5.811263767715346
2014-06-16 05:00:00,23.0,96,0.0,7.9,137,-5.387787044493737,5.777694242791448
2014-06-16 06:00:00,23.6,96,0.0,5.8,158,-2.17271824181229,5.377666356487367
2014-06-16 07:00:00,25.4,93,0.0,7.2,174,-0.7526049355271056,7.160557646651568
2014-06-16 08:00:00,27.2,86,0.0,9.7,195,2.510544737494451,9.369480515003962
2014-06-16 09:00:00,28.5,79,0.0,14.0,192,2.9107636714486325,13.694066410273278
2014-06-16 10:00:00,29.2,76,0.0,17.7,197,5.17497917359244,16.926594180545727
2014-06-16 11:00:00,29.4,75,0.0,20.3,203,7.931841908332257,18.68624852508454
2014-06-16 12:00:00,29.1,77,0.0,21.9,200,7.490241138832147,20.57926839521139
2014-06-16 13:00:00,29.1,76,0.0,23.1,194,5.588395788352323,22.413831276975518
2014-06-16 14:00:00,28.9,76,0.0,23.4,191,4.464930491811151,22.970076092675335
2014-06-16 15:00:00,29.8,72,0.0,22.1,192,4.594848367072484,21.617061976217105
2014-06-16 16:00:00,29.4,74,0.0,20.5,202,7.679435165026195,19.00726901861914
2014-06-16 17:00:00,28.4,78,0.0,19.7,201,7.059848606042417,18.391534401994875
2014-06-16 18:00:00,27.7,79,0.0,16.9,200,5.780140422203803,15.880805291281849
2014-06-16 19:00:00,26.8,81,0.0,16.5,191,3.1483484237129913,16.196848526886455
2014-06-16 20:00:00,25.9,84,0.0,15.9,193,3.5767217640674525,15.49248403008524
2014-06-16 21:00:00,25.5,85,0.0,15.2,187,1.8524140197582417,15.086701504948094
2014-06-16 22:00:00,25.2,85,0.0,16.2,180,9.919639073093561e-16,16.2
2014-06-16 23:00:00,25.0,84,0.0,17.0,184,1.185860053650129,16.958588854417012
2014-06-17 00:00:00,24.9,83,0.0,18.6,190,3.229856104604906,18.31742420602707
2014-06-17 01:00:00,24.9,83,0.0,21.0,192,4.3661455071729485,20.541099615409916
2014-06-17 02:00:00,25.1,81,0.0,20.7,193,4.656486824918003,20.169460341054368
2014-06-17 03:00:00,25.3,80,0.3,18.5,201,6.629807066588057,17.271237890198233
2014-06-17 04:00:00,25.1,82,0.5,17.2,200,5.882746465201503,16.162713077517623
2014-06-17 05:00:00,25.0,83,0.6,18.1,193,4.071614083623955,17.63609817261276
2014-06-17 06:00:00,25.0,84,0.7000000000000001,13.4,188,1.8649195528648772,13.269592121137043
2014-06-17 07:00:00,25.2,86,0.5,15.1,183,0.7902729392684539,15.079305974794064
2014-06-17 08:00:00,26.4,84,0.4,14.6,189,2.2839431895873714,14.420249772689012
2014-06-17 09:00:00,27.6,78,0.0,15.3,189,2.3934473151155333,15.111631611105608
2014-06-17 10:00:00,28.9,73,0.0,15.7,189,2.4560211011316255,15.506706947343663
2014-06-17 11:00:00,29.7,70,0.0,15.7,191,2.995701227411755,15.411546780128324
2014-06-17 12:00:00,30.2,68,0.0,16.8,190,2.9172893848044312,16.544770250605094
2014-06-17 13:00:00,30.4,67,0.0,18.2,194,4.402978499913951,17.659382218223136
2014-06-17 14:00:00,30.0,71,0.2,18.6,198,5.747716095374023,17.689651203089856
2014-06-17 15:00:00,30.2,67,0.0,19.1,196,5.264673496104685,18.360098392421893
2014-06-17 16:00:00,29.9,70,0.0,16.3,194,3.943326898274583,15.815820338298742
2014-06-17 17:00:00,29.6,72,0.0,14.3,198,4.418943019561749,13.600108183020696
2014-06-17 18:00:00,28.9,75,0.0,12.8,196,3.5281581544575893,12.304149708010483
2014-06-17 19:00:00,27.7,79,0.0,13.2,191,2.518678738970393,12.957478821509163
2014-06-17 20:00:00,26.8,82,0.0,13.0,182,0.453693457132514,12.992080751248245
2014-06-17 21:00:00,26.3,82,0.0,13.3,177,-0.6960682180311532,13.281772812235833
2014-06-17 22:00:00,25.6,83,0.0,12.0,187,1.4624321208617699,11.910553819695863
2014-06-17 23:00:00,25.1,83,0.0,11.2,186,1.1707187885977186,11.13864522812466
2014-06-18 00:00:00,24.5,84,0.0,10.8,176,-0.7533699164365536,10.773691742806102
2014-06-18 01:00:00,23.9,85,0.0,10.7,166,-2.5885642829164452,10.382164271153162
2014-06-18 02:00:00,23.4,85,0.0,9.9,161,-3.2231247291258507,9.360633898433237
2014-06-18 03:00:00,23.2,84,0.0,9.3,164,-2.5634274090980913,8.939733772226367
2014-06-18 04:00:00,22.8,86,0.0,9.3,164,-2.5634274090980913,8.939733772226367
2014-06-18 05:00:00,22.4,86,0.0,8.2,165,-2.122316169840671,7.92059177557036
2014-06-18 06:00:00,22.5,88,0.0,7.2,162,-2.224922359499621,6.847606917325106
2014-06-18 07:00:00,25.8,82,0.0,8.4,173,-1.0237024846032379,8.337387673787106
2014-06-18 08:00:00,28.2,68,0.0,10.2,203,3.985457510590592,9.389149505214892
2014-06-18 09:00:00,29.3,65,0.1,13.8,213,7.516018683207374,11.573653837646852
2014-06-18 10:00:00,29.8,68,0.0,14.3,208,6.71344334783824,12.626150577882655
2014-06-18 11:00:00,30.0,70,0.2,16.6,221,10.890579881242422,12.528179031698016
2014-06-18 12:00:00,30.2,72,0.1,17.3,228,12.856405480758921,11.575959490008248
2014-06-18 13:00:00,29.9,76,0.0,17.4,218,10.712509670666453,13.711387112756961
2014-06-18 14:00:00,29.8,78,0.0,15.3,207,6.9460546460150665,13.632399820082028
2014-06-18 15:00:00,29.5,78,0.1,14.4,202,5.394334945189132,13.351447505761739
2014-06-18 16:00:00,28.8,78,0.8,17.6,206,7.715332183487764,15.818775214865342
2014-06-18 17:00:00,27.8,84,2.6,10.6,204,4.311408416603482,9.683581851011569
2014-06-18 18:00:00,27.6,84,0.0,6.5,186,0.6794350112397475,6.4643923198937765
2014-06-18 19:00:00,26.9,87,0.0,8.7,175,-0.7582549619046266,8.666893873398186
2014-06-18 20:00:00,26.1,89,0.0,9.4,178,-0.328055269003509,9.394273773979501
2014-06-18 21:00:00,25.4,91,0.0,8.8,171,-1.3766232923540314,8.691657397237213
2014-06-18 22:00:00,25.0,91,0.0,8.9,166,-2.1531048708370433,8.635631963856369
2014-06-18 23:00:00,24.6,91,0.0,8.6,165,-2.2258437878816792,8.306962106085987
2014-06-19 00:00:00,24.9,88,0.0,8.6,165,-2.2258437878816792,8.306962106085987
2014-06-19 01:00:00,24.6,87,0.0,8.6,165,-2.2258437878816792,8.306962106085987
2014-06-19 02:00:00,24.0,88,0.0,10.0,165,-2.5881904510252083,9.659258262890683
2014-06-19 03:00:00,23.2,87,0.0,10.3,168,-2.1414904154229215,10.0749202875582
2014-06-19 04:00:00,23.0,86,0.0,10.2,162,-3.1519733426244625,9.700776466210566
2014-06-19 05:00:00,22.5,87,0.0,10.4,160,-3.557009490586955,9.772803256173448
2014-06-19 06:00:00,23.0,87,0.0,6.2,159,-2.2218812871808615,5.788198644282651
2014-06-19 07:00:00,26.1,83,0.0,5.9,191,1.125773072721615,5.791600382341218
2014-06-19 08:00:00,28.0,71,0.0,7.0,215,4.015035054457323,5.7340643100229425
2014-06-19 09:00:00,28.9,70,0.0,10.5,221,6.888619804400326,7.924450592339106
2014-06-19 10:00:00,29.6,70,0.0,12.6,217,7.582869291715809,10.062807426595889
2014-06-19 11:00:00,30.2,69,0.0,13.9,217,8.365228821813472,11.101033589657371
2014-06-19 12:00:00,30.4,70,0.0,15.1,220,9.706092906266743,11.567271091096568
2014-06-19 13:00:00,30.2,71,0.1,14.5,222,9.702393792203445,10.775599969422217
2014-06-19 14:00:00,30.2,71,0.2,14.6,220,9.384699101423475,11.184248869537079
2014-06-19 15:00:00,30.2,72,0.0,14.5,226,10.430427104910443,10.07254637165546
2014-06-19 16:00:00,29.9,71,0.2,13.6,217,8.184684314867857,10.861442936643183
2014-06-19 17:00:00,28.6,78,0.8,11.5,212,6.094071538681856,9.7525531057989
2014-06-19 18:00:00,28.3,79,0.0,5.8,184,0.40458754771592637,5.78587149150698
2014-06-19 19:00:00,27.5,83,0.0,8.9,194,2.1531048708370424,8.635631963856369
2014-06-19 20:00:00,26.2,90,0.0,10.5,188,1.4613175600806874,10.397814721786489
2014-06-19 21:00:00,26.0,88,0.0,11.2,195,2.8987733051482323,10.818369254437565
2014-06-19 22:00:00,25.9,88,0.0,12.0,187,1.4624321208617699,11.910553819695863
2014-06-19 23:00:00,24.7,92,0.0,11.2,182,0.3908743630680121,11.193177262613872
2014-06-20 00:00:00,23.9,95,0.0,10.3,168,-2.1414904154229215,10.0749202875582
2014-06-20 01:00:00,23.6,95,0.0,10.5,158,-3.933369230867077,9.735430472951268
2014-06-20 02:00:00,23.3,94,0.0,9.8,163,-2.8652427062828196,9.371786608437748
2014-06-20 03:00:00,23.7,92,0.0,9.3,164,-2.5634274090980913,8.939733772226367
2014-06-20 04:00:00,25.3,84,0.0,5.4,180,3.3065463576978537e-16,5.4
2014-06-20 05:00:00,24.1,88,0.0,5.8,180,3.5514757175273243e-16,5.8
2014-06-20 06:00:00,23.4,91,0.0,7.2,153,-3.2687315981247362,6.415246974156249
2014-06-20 07:00:00,26.6,85,0.0,9.0,157,-3.5165801564034638,8.284543681071963
2014-06-20 08:00:00,28.2,76,0.0,9.1,189,1.4235536318661013,8.987963899415753
2014-06-20 09:00:00,29.1,76,0.0,11.8,220,7.5848937943011645,9.03932442880394
2014-06-20 10:00:00,29.7,75,0.0,14.0,222,9.367828489024015,10.40402755668352
2014-06-20 11:00:00,29.7,78,0.2,15.9,205,6.719630361677122,14.410293813882735
2014-06-20 12:00:00,29.4,80,0.2,16.3,202,6.1060874726793655,15.113096829438636
2014-06-20 13:00:00,28.2,84,1.0,17.0,212,9.008627491964484,14.41681763465924
2014-06-20 14:00:00,28.0,83,0.2,15.6,218,9.60431901508027,12.292967756264863
2014-06-20 15:00:00,28.2,85,0.4,16.6,204,6.751828275058284,15.164854596867176
2014-06-20 16:00:00,27.5,85,0.5,14.5,194,3.507867486195181,14.06928803100195
2014-06-20 17:00:00,27.4,84,0.2,13.0,174,-1.3588700224794963,12.928784639787553
2014-06-20 18:00:00,27.1,86,0.0,8.3,162,-2.564841053312063,7.893769085249776
2014-06-20 19:00:00,26.6,91,0.0,9.5,151,-4.605691392340201,8.30888721782426
2014-06-20 20:00:00,25.6,92,0.0,10.7,147,-5.82763767466079,8.973775077016036
2014-06-20 21:00:00,25.0,94,0.0,9.7,158,-3.633683956134347,8.993683389297837
2014-06-20 22:00:00,24.5,94,0.0,11.2,174,-1.1707187885977197,11.13864522812466
2014-06-20 23:00:00,24.1,94,0.0,10.8,178,-0.3769145643870103,10.793420931806235
2014-06-21 00:00:00,23.6,96,0.0,8.0,172,-1.1133848076805228,7.922144549932563
2014-06-21 01:00:00,23.2,96,0.0,7.1,165,-1.837615220227898,6.858073366652385
2014-06-21 02:00:00,22.8,96,0.0,5.1,184,0.35575801609503865,5.087576656325103
2014-06-21 03:00:00,22.9,94,0.0,4.0,180,2.4492935982947064e-16,4.0
2014-06-21 04:00:00,22.4,95,0.0,4.9,163,-1.4326213531414098,4.685893304218874
2014-06-21 05:00:00,22.0,96,0.0,6.2,159,-2.2218812871808615,5.788198644282651
2014-06-21 06:00:00,22.4,96,0.0,5.4,176,-0.3766849582182768,5.386845871403051
2014-06-21 07:00:00,25.8,88,0.0,6.8,180,4.1637991171010006e-16,6.8
2014-06-21 08:00:00,27.8,78,0.0,10.1,207,4.585304047369423,8.999165894302514
2014-06-21 09:00:00,28.5,79,0.0,16.8,208,7.887122254802967,14.833519560029972
2014-06-21 10:00:00,28.9,80,0.0,19.9,200,6.806200852180809,18.699883153639576
2014-06-21 11:00:00,29.4,79,0.0,20.1,201,7.203195785860538,18.764966572593757
2014-06-21 12:00:00,29.7,78,0.0,22.1,210,11.050000000000002,19.139161423636093
2014-06-21 13:00:00,29.6,78,0.0,22.6,211,11.639860492967225,19.37198099586774
2014-06-21 14:00:00,29.8,76,0.1,24.0,216,14.106846055019355,19.41640786499874
2014-06-21 15:00:00,29.9,75,0.1,23.3,215,13.364330966979376,19.08624263193351
2014-06-21 16:00:00,29.4,77,0.0,20.1,209,9.744673366951377,17.579856113501855
2014-06-21 17:00:00,28.8,80,0.0,17.4,207,7.899434695468114,15.503513520877599
2014-06-21 18:00:00,28.2,82,0.0,15.0,207,6.809857496093202,13.365097862825516
2014-06-21 19:00:00,27.6,83,0.0,13.8,195,3.571702822414786,13.329776402789143
2014-06-21 20:00:00,26.9,86,0.0,12.4,206,5.435802220184561,11.145046174109671
2014-06-21 21:00:00,26.0,90,0.0,11.2,222,7.494262791219212,8.323222045346816
2014-06-21 22:00:00,25.5,91,0.0,12.1,210,6.050000000000002,10.478907385791707
2014-06-21 23:00:00,25.2,92,0.0,13.0,194,3.14498464279568,12.613844441587954
2014-06-22 00:00:00,24.6,93,0.0,14.2,196,3.914050452601388,13.649916082324127
2014-06-22 01:00:00,24.4,94,0.0,15.1,192,3.1394665313481678,14.770028771080463
2014-06-22 02:00:00,24.0,95,0.0,16.0,188,2.2267696153610474,15.844289099865126
2014-06-22 03:00:00,24.3,90,0.0,15.9,186,1.66200256595569,15.812898136355546
2014-06-22 04:00:00,24.0,91,0.0,15.7,196,4.327506486326887,15.091808626231606
2014-06-22 05:00:00,23.9,90,0.0,14.4,193,3.239295182551655,14.030928932907388
2014-06-22 06:00:00,24.9,86,0.0,10.8,182,0.3769145643870117,10.793420931806235
2014-06-22 07:00:00,26.8,83,0.0,12.8,202,4.794964395723674,11.86795333845488
2014-06-22 08:00:00,28.2,78,0.0,15.5,205,6.550583056980841,14.047770699068074
2014-06-22 09:00:00,29.0,76,0.0,18.0,206,7.890680642203394,16.178292833385008
2014-06-22 10:00:00,29.6,74,0.0,21.6,210,10.800000000000002,18.706148721743876
2014-06-22 11:00:00,30.0,72,0.0,22.6,214,12.637759618438878,18.736249139743943
2014-06-22 12:00:00,30.5,70,0.1,22.6,214,12.637759618438878,18.736249139743943
2014-06-22 13:00:00,30.6,69,0.2,22.5,215,12.905469817898538,18.430920996502316
2014-06-22 14:00:00,30.1,71,0.0,22.5,219,14.159708798621343,17.485784132781845
2014-06-22 15:00:00,29.6,73,0.2,20.9,221,13.711633705901601,15.773430226655934
2014-06-22 16:00:00,29.2,77,0.2,18.4,215,10.553806428859248,15.072397614917447
2014-06-22 17:00:00,28.9,79,0.0,15.2,211,7.828578738632823,13.028942970672107
2014-06-22 18:00:00,28.3,81,0.2,11.8,207,5.357087896926653,10.51387698542274
2014-06-22 19:00:00,27.4,85,0.0,12.6,204,5.124881702755083,11.510672766296771
2014-06-22 20:00:00,26.7,89,0.0,11.7,189,1.8302832409707017,11.555953584963111
2014-06-22 21:00:00,26.0,91,0.0,11.8,192,2.453357951649562,11.542141688658907
2014-06-22 22:00:00,25.6,93,0.0,10.8,195,2.795245687107224,10.431998923921938
2014-06-22 23:00:00,25.3,93,0.0,10.5,188,1.4613175600806874,10.397814721786489
2014-06-23 00:00:00,25.0,93,0.0,11.9,205,5.029157314714324,10.785062665736135
2014-06-23 01:00:00,24.4,94,0.0,13.1,212,6.941942361454984,11.10943005964918
2014-06-23 02:00:00,24.2,95,0.0,12.1,197,3.5376976271451146,11.571287547152728
2014-06-23 03:00:00,25.8,85,0.0,12.1,192,2.5157314588948894,11.835585968879046
2014-06-23 04:00:00,25.5,86,0.0,14.0,198,4.326237921249264,13.31479122813215
2014-06-23 05:00:00,25.5,85,0.0,15.3,195,3.9599313900685673,14.778665142222746
2014-06-23 06:00:00,25.6,84,0.0,10.8,184,0.7533699164365526,10.773691742806102
2014-06-23 07:00:00,26.9,82,0.0,11.9,194,2.8788705576360454,11.546519142684359
2014-06-23 08:00:00,27.9,78,0.0,14.4,193,3.239295182551655,14.030928932907388
2014-06-23 09:00:00,28.7,76,0.0,15.0,201,5.375519243179506,14.003706397458027
2014-06-23 10:00:00,29.4,75,0.3,18.7,205,7.9029614945510795,16.947955617585354
2014-06-23 11:00:00,30.1,73,0.4,22.2,209,10.762773569468683,19.416557498494583
2014-06-23 12:00:00,30.5,71,0.0,22.9,213,12.472233901844119,19.20555600595021
2014-06-23 13:00:00,28.4,79,5.4,23.8,215,13.651119185154899,19.495818654078004
2014-06-23 14:00:00,28.7,79,0.4,21.1,217,12.698296988508222,16.85120926199788
2014-06-23 15:00:00,29.7,74,0.1,19.4,211,9.99173865325505,16.62904563362098
2014-06-23 16:00:00,29.7,75,0.2,15.4,213,8.387441139231417,12.91552674635953
2014-06-23 17:00:00,29.4,76,0.1,11.5,212,6.094071538681856,9.7525531057989
2014-06-23 18:00:00,28.5,81,0.0,9.4,212,4.981241083792126,7.9716521038704045
2014-06-23 19:00:00,27.7,84,0.0,11.0,212,5.829111906565254,9.328529057720685
2014-06-23 20:00:00,26.9,87,0.0,10.4,214,5.815606196095767,8.621990754572435
2014-06-23 21:00:00,26.0,91,0.0,10.5,202,3.9333692308670756,9.735430472951268
2014-06-23 22:00:00,25.6,92,0.1,10.8,180,6.613092715395707e-16,10.8
2014-06-23 23:00:00,25.4,92,0.5,10.8,176,-0.7533699164365536,10.773691742806102
2014-06-24 00:00:00,25.3,91,0.5,11.5,182,0.4013442120787624,11.492994510719601
2014-06-24 01:00:00,25.1,90,0.1,10.8,195,2.795245687107224,10.431998923921938
2014-06-24 02:00:00,24.9,91,0.1,11.4,191,2.175222547292612,11.19054989130337
2014-06-24 03:00:00,25.1,87,0.2,12.3,183,0.6437322617882109,12.283143277481258
2014-06-24 04:00:00,24.9,87,0.2,12.3,195,3.183474254761005,11.88088766335554
2014-06-24 05:00:00,24.7,88,0.3,12.7,188,1.7674983821928314,12.576404473017943
2014-06-24 06:00:00,24.8,88,0.6,9.7,195,2.510544737494451,9.369480515003962
2014-06-24 07:00:00,25.8,87,0.0,9.9,190,1.7191169589026112,9.74959675482086
2014-06-24 08:00:00,26.9,79,0.0,10.4,178,-0.36295476570600993,10.393664600998596
2014-06-24 09:00:00,27.8,76,0.0,10.9,174,-1.1393602496174238,10.84028865951418
2014-06-24 10:00:00,29.0,74,0.0,10.8,182,0.3769145643870117,10.793420931806235
2014-06-24 11:00:00,29.9,72,0.0,11.0,199,3.5812496990287244,10.400704331592484
2014-06-24 12:00:00,30.3,71,0.0,10.4,214,5.815606196095767,8.621990754572435
2014-06-24 13:00:00,30.2,71,0.1,11.6,216,6.818308926592688,9.38459713474939
2014-06-24 14:00:00,30.3,71,0.0,13.5,214,7.549104196855081,11.192007229493063
2014-06-24 15:00:00,29.7,73,0.2,13.0,222,8.698697882665158,9.660882731206126
2014-06-24 16:00:00,28.4,78,1.9,14.7,216,8.640443208699354,11.892549817311727
2014-06-24 17:00:00,27.4,85,1.5,10.0,201,3.583679495453004,9.335804264972017
2014-06-24 18:00:00,27.0,84,0.2,5.1,176,-0.35575801609503915,5.087576656325103
2014-06-24 19:00:00,26.7,87,0.3,6.6,158,-2.4724035165450196,6.1194134401407965
2014-06-24 20:00:00,26.2,89,0.0,7.6,155,-3.211898789229315,6.88793918147854
2014-06-24 21:00:00,25.5,90,0.0,7.5,163,-2.192787785420525,7.172285669722767
2014-06-24 22:00:00,24.7,92,0.0,9.4,180,5.755839955992561e-16,9.4
2014-06-24 23:00:00,24.0,94,0.0,10.7,192,2.224655091750026,10.46617932785172
2014-06-25 00:00:00,23.8,94,0.0,12.2,199,3.971931484377312,11.535326622311663
2014-06-25 01:00:00,23.8,95,0.1,12.5,192,2.598896135221993,12.22684500917257
2014-06-25 02:00:00,23.4,95,0.2,11.2,176,-0.7812725059342036,11.17271736291003
2014-06-25 03:00:00,23.9,93,0.1,10.7,166,-2.5885642829164452,10.382164271153162
2014-06-25 04:00:00,23.6,93,0.0,10.5,172,-1.4613175600806863,10.397814721786489
2014-06-25 05:00:00,23.4,93,0.0,10.2,170,-1.771211412202689,10.045039080724521
2014-06-25 06:00:00,23.3,94,0.0,9.1,173,-1.109011024986841,9.03216997993603
2014-06-25 07:00:00,26.0,88,0.0,9.0,178,-0.3140954703225086,8.994517443171862
2014-06-25 08:00:00,27.6,78,0.0,10.0,193,2.249510543438649,9.743700647852352
2014-06-25 09:00:00,28.5,76,0.0,12.6,200,4.309453805903427,11.840127021902445
2014-06-25 10:00:00,29.2,75,0.0,13.4,200,4.583069920563962,12.591881118531171
2014-06-25 11:00:00,29.9,74,0.1,14.8,203,5.782820701641251,13.623471831096118
2014-06-25 12:00:00,30.4,74,0.2,16.7,205,7.05772497106968,15.135340043512054
2014-06-25 13:00:00,29.8,75,0.1,18.3,212,9.69752253546765,15.519280159662596
2014-06-25 14:00:00,28.2,81,3.7,18.2,214,10.177310843167591,15.088483820501759
2014-06-25 15:00:00,29.4,78,0.9,16.4,213,8.932080174246444,13.754197314304953
2014-06-25 16:00:00,28.0,83,2.9,17.4,204,7.077217589518923,15.895690962981254
2014-06-25 17:00:00,27.7,84,0.0,13.4,204,5.450271017215723,12.241509132410853
2014-06-25 18:00:00,27.5,86,0.0,9.8,204,3.9860191021428424,8.95274548489749
2014-06-25 19:00:00,27.0,88,0.0,10.1,182,0.3524849166952609,10.093847352892867
2014-06-25 20:00:00,26.2,90,0.0,9.2,159,-3.296985135816762,8.588939923774255
2014-06-25 21:00:00,25.5,92,0.0,9.5,155,-4.0148734865366436,8.609923976848176
2014-06-25 22:00:00,25.2,91,0.0,10.4,166,-2.515987714236545,10.091075553270363
2014-06-25 23:00:00,25.0,89,0.0,11.1,167,-2.4969567032169016,10.81550771911611
2014-06-26 00:00:00,25.2,86,0.0,11.3,187,1.3771235804781667,11.215771513546938
2014-06-26 01:00:00,24.6,87,0.0,12.7,195,3.2870018728020134,12.267257993871167
2014-06-26 02:00:00,24.4,86,0.0,13.4,186,1.4006814077865564,13.326593397934863
2014-06-26 03:00:00,24.7,83,0.0,11.9,178,-0.41530401075976137,11.89275084152724
2014-06-26 04:00:00,25.8,78,0.0,10.4,182,0.36295476570601126,10.393664600998596
2014-06-26 05:00:00,25.7,78,0.0,10.9,197,3.186851581477831,10.423721839997087
2014-06-26 06:00:00,25.7,78,0.0,6.1,183,0.3192493330819582,6.0916401620029
2014-06-26 07:00:00,26.6,82,0.1,8.0,170,-1.3891854213354424,7.878462024097664
2014-06-26 08:00:00,27.8,75,0.2,9.7,176,-0.6766377953180156,9.676371287520293
2014-06-26 09:00:00,28.9,72,0.1,11.9,185,1.0371533386971319,11.854716907291772
2014-06-26 10:00:00,29.6,71,0.2,13.7,194,3.314329969715447,13.293051449981151
2014-06-26 11:00:00,30.3,70,0.0,15.8,204,6.426438960597643,14.434018230753095
2014-06-26 12:00:00,30.5,71,0.0,16.4,209,7.950877772039928,14.343763197086089
2014-06-26 13:00:00,30.6,72,0.2,15.9,208,7.464597848295665,14.038866726456938
2014-06-26 14:00:00,30.1,75,0.0,14.2,204,5.775660331676363,12.972345498524932
2014-06-26 15:00:00,30.4,71,0.0,11.6,202,4.345436483624579,10.755332712974734
2014-06-26 16:00:00,30.0,72,0.0,11.9,205,5.029157314714324,10.785062665736135
2014-06-26 17:00:00,29.6,75,0.0,10.7,200,3.659615533584656,10.054711042409219
2014-06-26 18:00:00,29.1,78,0.0,6.4,196,1.7640790772287946,6.1520748540052415
2014-06-26 19:00:00,28.2,82,0.0,8.4,170,-1.4586446924022145,8.272385125302547
2014-06-26 20:00:00,26.9,89,0.0,8.4,173,-1.0237024846032379,8.337387673787106
2014-06-26 21:00:00,26.0,91,0.0,8.3,182,0.289665822630759,8.294943864258496
2014-06-26 22:00:00,25.5,93,0.0,9.7,184,0.6766377953180147,9.676371287520293
2014-06-26 23:00:00,25.1,95,0.0,9.4,187,1.1455718280083864,9.329933825428427
2014-06-27 00:00:00,24.8,95,0.0,10.5,188,1.4613175600806874,10.397814721786489
2014-06-27 01:00:00,24.5,95,0.0,9.1,187,1.1090110249868421,9.032169979936029
2014-06-27 02:00:00,23.6,98,0.0,6.9,171,-1.0793978087775926,6.815049550106451
2014-06-27 03:00:00,22.6,97,0.0,7.1,156,-2.8878301658381815,6.486172749262466
2014-06-27 04:00:00,22.2,97,0.0,8.0,153,-3.6319239979163735,7.128052193506943
2014-06-27 05:00:00,22.1,96,0.0,9.1,173,-1.109011024986841,9.03216997993603
2014-06-27 06:00:00,22.5,95,0.0,7.7,169,-1.469229264399395,7.558529312547013
2014-06-27 07:00:00,25.7,88,0.0,8.7,185,0.7582549619046257,8.666893873398186
2014-06-27 08:00:00,27.7,80,0.0,9.9,213,5.391926446648768,8.302838622659698
2014-06-27 09:00:00,28.7,78,0.0,12.3,218,7.572636146505597,9.692532269362681
2014-06-27 10:00:00,29.6,75,0.0,14.7,216,8.640443208699354,11.892549817311727
2014-06-27 11:00:00,30.2,72,0.0,14.5,228,10.775599969422217,9.702393792203445
2014-06-27 12:00:00,30.3,72,0.0,15.6,241,13.644067431374573,7.563030075842858
2014-06-27 13:00:00,30.2,72,0.2,15.3,243,13.63239982008203,6.946054646015066
2014-06-27 14:00:00,29.9,74,0.3,13.5,236,11.192007229493061,7.549104196855083
2014-06-27 15:00:00,30.0,72,0.0,12.5,237,10.4833820993178,6.807987937687838
2014-06-27 16:00:00,29.8,73,0.0,7.8,236,6.466493065929325,4.361704647071826
2014-06-27 17:00:00,29.7,73,0.0,5.6,220,3.5996106142446203,4.289848881466277
2014-06-27 18:00:00,29.2,76,0.0,4.2,200,1.436484601967809,3.9467090073008153
2014-06-27 19:00:00,28.1,85,0.0,5.0,201,1.791839747726502,4.667902132486009
2014-06-27 20:00:00,27.4,84,0.0,5.7,252,5.421022142882375,1.7613968679372003
2014-06-27 21:00:00,27.8,81,0.0,5.6,255,5.4091846272187825,1.4493866525741161
2014-06-27 22:00:00,27.7,82,0.0,6.3,211,3.244739871933341,5.400153994423308
2014-06-27 23:00:00,27.2,84,0.0,6.4,207,2.9055391983331,5.702441754805554
2014-06-28 00:00:00,26.2,88,0.0,5.4,228,4.012982057577929,3.6133052743378347
2014-06-28 01:00:00,25.2,92,0.0,6.4,218,3.9402334420842133,5.043268823083022
2014-06-28 02:00:00,25.3,93,0.0,7.2,180,4.4087284769304716e-16,7.2
2014-06-28 03:00:00,25.6,91,0.0,5.0,150,-2.499999999999999,4.330127018922194
2014-06-28 04:00:00,26.2,88,0.0,1.8,191,0.34345619167778085,1.7669289302057951
2014-06-28 05:00:00,25.4,92,0.0,4.4,215,2.5237363199446032,3.604268994871564
2014-06-28 06:00:00,25.3,93,0.0,3.6,186,0.3763024677635525,3.580278823325784
2014-06-28 07:00:00,27.0,90,0.0,3.7,169,-0.7059932828932158,3.632020578756357
2014-06-28 08:00:00,28.1,86,0.0,2.9,210,1.4500000000000002,2.5114736709748717
2014-06-28 09:00:00,28.8,82,0.0,4.7,238,3.9858260519352022,2.490620541896063
2014-06-28 10:00:00,29.2,80,0.0,6.2,260,6.10580806867569,1.0766187015349682
2014-06-28 11:00:00,29.8,78,0.0,9.3,283,9.06164160250269,-2.092044805397945
2014-06-28 12:00:00,29.6,78,0.0,10.6,298,9.359244484304625,-4.976398565530443
2014-06-28 13:00:00,29.9,77,0.0,5.6,315,3.9597979746446663,-3.9597979746446654
2014-06-28 14:00:00,29.5,79,0.1,2.7,337,1.0549740469210391,-2.485363104321589
2014-06-28 15:00:00,29.8,76,0.0,1.5,284,1.4554435894139948,-0.3628828433995016
2014-06-28 16:00:00,29.8,74,0.0,3.3,193,0.7423384793347542,3.2154212137912763
2014-06-28 17:00:00,29.7,74,0.0,5.3,62,-4.679622242152313,-2.4881992827652213
2014-06-28 18:00:00,29.2,77,0.0,4.0,5,-0.348622970990633,-3.984778792366982
2014-06-28 19:00:00,28.3,84,0.0,5.4,340,1.8469087739586119,-5.074340152243905
2014-06-28 20:00:00,27.7,85,0.0,4.2,329,2.1631599146222276,-3.600102662948872
2014-06-28 21:00:00,27.2,86,0.0,3.1,324,1.8221342821066668,-2.5079526825623373
2014-06-28 22:00:00,26.6,89,0.0,2.6,326,1.4539015490239418,-2.1554976886431088
2014-06-28 23:00:00,26.1,92,0.0,3.7,299,3.2360929164157644,-1.7937955949114472
2014-06-29 00:00:00,25.8,93,0.0,0.8,243,0.7128052193506944,0.3631923997916374
2014-06-29 01:00:00,25.3,95,0.0,3.2,180,1.9594348786357652e-16,3.2
2014-06-29 02:00:00,25.2,96,0.0,6.9,189,1.0793978087775935,6.815049550106451
2014-06-29 03:00:00,25.3,93,0.0,6.9,189,1.0793978087775935,6.815049550106451
2014-06-29 04:00:00,25.0,93,0.0,7.6,172,-1.0577155672964966,7.5260373224359345
2014-06-29 05:00:00,24.6,94,0.0,7.6,177,-0.3977532674463732,7.589584464134761
2014-06-29 06:00:00,24.6,95,0.0,3.4,198,1.0506577808748212,3.233592155403522
2014-06-29 07:00:00,26.8,89,0.0,2.3,198,0.7107390870623791,2.1874299874788528
2014-06-29 08:00:00,28.1,82,0.0,1.1,288,1.0461621679246689,-0.33991869381244216
2014-06-29 09:00:00,28.9,79,0.0,4.7,302,3.9858260519352022,-2.490620541896063
2014-06-29 10:00:00,29.8,76,0.0,8.4,295,7.61298541110786,-3.5499933986218752
2014-06-29 11:00:00,30.2,73,0.1,10.5,292,9.735430472951268,-3.933369230867076
2014-06-29 12:00:00,30.1,74,0.4,9.5,281,9.325458242752807,-1.8126854560771757
2014-06-29 13:00:00,30.1,75,0.4,5.8,274,5.78587149150698,-0.40458754771592675
2014-06-29 14:00:00,28.6,80,0.8,6.1,267,6.0916401620029,0.31924933308195735
2014-06-29 15:00:00,29.3,80,0.0,4.3,246,3.9282454678631837,1.7489675652259409
2014-06-29 16:00:00,28.6,80,0.8,6.3,283,6.1385314081469815,-1.4171916423663495
2014-06-29 17:00:00,26.8,86,2.6,5.2,282,5.08636752381579,-1.0811407922523486
2014-06-29 18:00:00,26.4,87,0.5,5.8,120,-5.022947341949744,2.8999999999999995
2014-06-29 19:00:00,26.2,88,0.0,8.0,98,-7.922144549932563,1.1133848076805226
2014-06-29 20:00:00,25.9,89,0.0,7.2,93,-7.190132650232932,0.3768188849491954
2014-06-29 21:00:00,25.8,90,0.0,4.7,113,-4.32637281122647,1.8364363038995868
2014-06-29 22:00:00,25.6,89,0.0,4.2,121,-3.6001026629488715,2.1631599146222285
2014-06-29 23:00:00,25.2,90,0.0,3.6,127,-2.8750878361702545,2.1665340833473734
2014-06-30 00:00:00,24.4,93,0.0,4.3,132,-3.195522749552794,2.8772616073430908
2014-06-30 01:00:00,23.9,94,0.0,5.6,140,-3.5996106142446203,4.289848881466277
2014-06-30 02:00:00,23.8,94,0.0,6.6,151,-3.199743493625824,5.772490067120012
2014-06-30 03:00:00,24.5,91,0.5,7.1,156,-2.8878301658381815,6.486172749262466
2014-06-30 04:00:00,25.0,87,0.6,9.0,178,-0.3140954703225086,8.994517443171862
2014-06-30 05:00:00,24.7,89,0.0,7.5,163,-2.192787785420525,7.172285669722767
2014-06-30 06:00:00,25.0,88,0.0,7.0,201,2.5085756468171025,6.535062985480412
2014-06-30 07:00:00,26.5,89,0.0,6.5,183,0.3401837155791358,6.49109197590473
2014-06-30 08:00:00,27.8,84,0.0,5.2,196,1.4333142502483958,4.998560818879258
2014-06-30 09:00:00,28.9,81,0.0,6.4,207,2.9055391983331,5.702441754805554
2014-06-30 10:00:00,29.8,77,0.0,9.2,219,5.789747597658504,7.149742845404131
2014-06-30 11:00:00,30.4,74,0.0,11.4,215,6.538771374401926,9.338333304894507
2014-06-30 12:00:00,30.7,71,0.0,12.7,227,9.288192010563463,8.66137917279373
2014-06-30 13:00:00,30.9,70,0.0,15.0,222,10.036959095382873,11.147172382160914
2014-06-30 14:00:00,30.4,72,0.0,16.1,222,10.773002762377619,11.964631690186048
2014-06-30 15:00:00,29.7,75,0.0,15.9,213,8.65976065673893,13.334862030332243
2014-06-30 16:00:00,29.2,77,0.0,12.6,200,4.309453805903427,11.840127021902445
2014-06-30 17:00:00,29.0,78,0.0,7.5,197,2.192787785420526,7.172285669722766
2014-06-30 18:00:00,28.8,78,0.0,3.1,201,1.1109406435904312,2.8940993221413254
2014-06-30 19:00:00,28.7,79,0.0,3.4,162,-1.050657780874821,3.2335921554035223
2014-06-30 20:00:00,28.5,80,0.0,2.6,146,-1.4539015490239415,2.1554976886431088
2014-06-30 21:00:00,26.7,90,0.0,4.0,175,-0.34862297099063294,3.984778792366982
2014-06-30 22:00:00,26.2,90,0.0,4.8,193,1.0797650608505516,4.676976310969129
2014-06-30 23:00:00,26.9,88,0.0,4.4,215,2.5237363199446032,3.604268994871564
2014-07-01 00:00:00,26.4,90,0.4,6.5,174,-0.6794350112397481,6.4643923198937765
2014-07-01 01:00:00,24.6,95,0.0,8.3,175,-0.7233926648055634,8.268415994161488
2014-07-01 02:00:00,24.1,96,0.0,10.2,172,-1.4195656297926664,10.100734301164017
2014-07-01 03:00:00,24.6,92,0.0,9.8,163,-2.8652427062828196,9.371786608437748
2014-07-01 04:00:00,24.7,91,0.0,8.6,158,-3.2216167033768435,7.973781149274371
2014-07-01 05:00:00,24.6,90,0.0,9.0,151,-4.363286582217033,7.871577364254563
2014-07-01 06:00:00,24.5,90,0.0,5.2,168,-1.0811407922523486,5.08636752381579
2014-07-01 07:00:00,26.6,87,0.0,7.6,155,-3.211898789229315,6.88793918147854
2014-07-01 08:00:00,28.6,76,0.0,6.6,167,-1.4846769586695092,6.430842427582553
2014-07-01 09:00:00,29.8,71,0.0,8.2,195,2.12231616984067,7.92059177557036
2014-07-01 10:00:00,30.6,69,0.0,10.6,208,4.976398565530443,9.359244484304625
2014-07-01 11:00:00,31.1,68,0.0,11.0,221,7.2166493188955805,8.301805382450492
2014-07-01 12:00:00,31.2,68,0.0,11.4,235,9.338333304894507,6.538771374401925
2014-07-01 13:00:00,31.4,67,0.0,11.3,243,10.068373723328557,5.130092647056879
2014-07-01 14:00:00,31.0,69,0.0,8.4,245,7.61298541110786,3.5499933986218752
2014-07-01 15:00:00,30.1,75,0.0,8.8,235,7.208537989743128,5.047472639889206
2014-07-01 16:00:00,30.0,75,0.0,8.4,230,6.4347733221994154,5.39941592136693
2014-07-01 17:00:00,29.7,76,0.0,7.9,231,6.139453095510071,4.971631089293716
2014-07-01 18:00:00,29.1,79,0.0,5.3,242,4.679622242152313,2.4881992827652213
2014-07-01 19:00:00,28.3,84,0.0,6.4,196,1.7640790772287946,6.1520748540052415
2014-07-01 20:00:00,27.5,88,0.0,7.6,205,3.211898789229316,6.887939181478539
2014-07-01 21:00:00,26.7,92,0.0,8.9,212,4.716281451675524,7.547628055792192
2014-07-01 22:00:00,26.2,94,0.0,9.3,196,2.5634274090980926,8.939733772226367
2014-07-01 23:00:00,25.6,95,0.0,9.0,178,-0.3140954703225086,8.994517443171862
2014-07-02 00:00:00,25.1,95,0.0,8.9,159,-3.1894747509531727,8.308865795825096
2014-07-02 01:00:00,25.4,93,0.0,9.8,152,-4.600821315301731,8.652886410017484
2014-07-02 02:00:00,26.0,91,0.0,6.5,161,-2.116193003971518,6.1458707413955596
2014-07-02 03:00:00,25.1,91,0.0,6.5,183,0.3401837155791358,6.49109197590473
2014-07-02 04:00:00,23.4,96,0.0,7.6,180,4.653657836759942e-16,7.6
2014-07-02 05:00:00,22.8,97,0.0,7.6,155,-3.211898789229315,6.88793918147854
2014-07-02 06:00:00,23.0,96,0.0,6.4,142,-3.9402334420842133,5.043268823083022
2014-07-02 07:00:00,25.9,91,0.0,7.7,139,-5.0516545232269054,5.811263767715346
2014-07-02 08:00:00,28.1,79,0.0,6.8,155,-2.8738041798367555,6.16289295184922
2014-07-02 09:00:00,29.4,73,0.0,7.7,191,1.4692292643993958,7.558529312547013
2014-07-02 10:00:00,30.3,69,0.0,9.0,203,3.5165801564034633,8.284543681071963
2014-07-02 11:00:00,31.0,66,0.0,10.0,218,6.156614753256583,7.88010753606722
2014-07-02 12:00:00,31.4,66,0.0,11.7,225,8.273149339882606,8.273149339882604
2014-07-02 13:00:00,31.3,67,0.0,13.0,231,10.10289749894062,8.181165083647887
2014-07-02 14:00:00,31.2,68,0.0,13.0,228,9.660882731206126,8.698697882665158
2014-07-02 15:00:00,31.2,68,0.0,13.2,225,9.333809511662427,9.333809511662427
2014-07-02 16:00:00,31.0,69,0.0,12.0,229,9.056514962673264,7.872708347886087
2014-07-02 17:00:00,30.5,72,0.0,10.4,226,7.4811339235219725,7.224447052773572
2014-07-02 18:00:00,29.8,75,0.0,7.7,233,6.149493427364155,4.6339756782707715
2014-07-02 19:00:00,28.7,82,0.0,8.9,223,6.069785404556237,6.509047944410617
2014-07-02 20:00:00,27.2,90,0.0,10.3,216,6.054188098612474,8.332875042061959
2014-07-02 21:00:00,26.2,92,0.0,10.5,202,3.9333692308670756,9.735430472951268
2014-07-02 22:00:00,25.5,94,0.0,10.1,180,6.184466335694133e-16,10.1
2014-07-02 23:00:00,25.1,95,0.0,10.0,195,2.5881904510252074,9.659258262890683
2014-07-03 00:00:00,24.8,96,0.0,10.8,195,2.795245687107224,10.431998923921938
2014-07-03 01:00:00,24.8,96,0.0,10.4,200,3.557009490586956,9.772803256173447
2014-07-03 02:00:00,24.6,96,0.0,11.0,203,4.298042413382011,10.125553387976844
2014-07-03 03:00:00,24.6,96,0.2,10.2,190,1.77121141220269,10.045039080724521
2014-07-03 04:00:00,24.3,96,0.5,10.2,172,-1.4195656297926664,10.100734301164017
2014-07-03 05:00:00,24.1,95,0.1,8.8,161,-2.864999759222979,8.320563465273988
2014-07-03 06:00:00,24.3,96,0.0,6.1,152,-2.8637765329939344,5.385980316439453
2014-07-03 07:00:00,26.5,90,0.0,6.6,139,-4.329989591337347,4.981083229470296
2014-07-03 08:00:00,28.2,81,0.0,5.8,150,-2.8999999999999986,5.022947341949744
2014-07-03 09:00:00,29.3,76,0.0,5.9,191,1.125773072721615,5.791600382341218
2014-07-03 10:00:00,30.2,71,0.0,7.6,225,5.374011537017761,5.37401153701776
2014-07-03 11:00:00,30.6,69,0.0,9.3,234,7.523858047687012,5.46640284632
2014-07-03 12:00:00,31.0,68,0.0,10.1,235,8.273435647318816,5.7931220071455645
2014-07-03 13:00:00,31.1,69,0.0,10.7,237,8.973775077016036,5.82763767466079
2014-07-03 14:00:00,31.1,70,0.0,10.4,236,8.621990754572433,5.815606196095768
2014-07-03 15:00:00,31.2,69,0.0,9.7,231,7.538315826132617,6.104407793183422
2014-07-03 16:00:00,31.1,69,0.0,8.7,225,6.151828996322964,6.151828996322962
2014-07-03 17:00:00,30.8,71,0.0,7.2,217,4.333068166694749,5.750175672340508
2014-07-03 18:00:00,30.2,74,0.0,4.8,257,4.676976310969129,1.079765060850552
2014-07-03 19:00:00,28.9,82,0.0,4.7,247,4.32637281122647,1.8364363038995868
2014-07-03 20:00:00,27.4,89,0.0,5.9,256,5.7247447850283795,1.4273391840380396
2014-07-03 21:00:00,27.3,88,0.0,7.7,259,7.558529312547013,1.469229264399395
2014-07-03 22:00:00,26.6,91,0.0,7.1,225,5.020458146424487,5.020458146424486
2014-07-03 23:00:00,25.8,95,0.0,8.3,214,4.641301098807199,6.881011852206847
2014-07-04 00:00:00,25.8,94,0.0,8.2,195,2.12231616984067,7.92059177557036
2014-07-04 01:00:00,25.9,93,0.0,7.6,180,4.653657836759942e-16,7.6
2014-07-04 02:00:00,26.8,86,0.0,6.9,189,1.0793978087775935,6.815049550106451
2014-07-04 03:00:00,25.3,95,0.4,7.6,177,-0.3977532674463732,7.589584464134761
2014-07-04 04:00:00,25.3,93,0.3,7.6,161,-2.4743179738743906,7.185941174554808
2014-07-04 05:00:00,25.1,93,0.0,8.7,163,-2.5436338310878086,8.31985137687841
2014-07-04 06:00:00,25.5,91,0.0,7.5,145,-4.301823272632846,6.143640332167438
2014-07-04 07:00:00,26.9,85,0.0,5.3,152,-2.4881992827652217,4.679622242152313
2014-07-04 08:00:00,27.9,81,0.0,4.0,153,-1.8159619989581868,3.5640260967534716
2014-07-04 09:00:00,28.7,77,0.0,3.2,180,1.9594348786357652e-16,3.2
2014-07-04 10:00:00,29.7,73,0.0,3.2,243,2.8512208774027776,1.4527695991665497
2014-07-04 11:00:00,30.3,70,0.0,6.0,253,5.737828535778212,1.7542302283364206
2014-07-04 12:00:00,30.3,70,0.0,5.4,278,5.34744757120448,-0.7515347451843534
2014-07-04 13:00:00,29.7,73,0.0,4.4,279,4.3458286986186065,-0.6883116461770159
2014-07-04 14:00:00,29.4,76,0.3,2.9,277,2.8783838397598336,-0.35342109587492765
2014-07-04 15:00:00,29.5,76,0.1,3.8,319,2.4930243101639276,-2.8678964048465336
2014-07-04 16:00:00,29.6,75,0.0,3.6,233,2.875087836170254,2.166534083347374
2014-07-04 17:00:00,29.1,78,0.5,5.8,173,-0.7068421917498547,5.756767679519668
2014-07-04 18:00:00,28.4,83,0.7000000000000001,2.8,140,-1.7998053071223101,2.1449244407331385
2014-07-04 19:00:00,27.6,86,0.6,5.9,128,-4.64926344627966,3.6324027044213847
2014-07-04 20:00:00,26.8,88,0.2,7.1,131,-5.358438019581681,4.658019105832602
2014-07-04 21:00:00,26.3,91,0.0,3.8,131,-2.8678964048465336,2.4930243101639276
2014-07-04 22:00:00,27.1,85,0.0,2.7,157,-1.0549740469210394,2.4853631043215887
2014-07-04 23:00:00,26.1,89,0.0,3.8,229,2.8678964048465336,2.4930243101639276
2014-07-05 00:00:00,25.2,93,0.0,4.6,252,4.3748599749577055,1.421478174124758
2014-07-05 01:00:00,25.1,93,0.0,3.4,252,3.233592155403522,1.0506577808748212
2014-07-05 02:00:00,25.6,92,0.0,2.5,270,2.5,0.0
2014-07-05 03:00:00,25.5,93,0.0,2.7,247,2.485363104321589,1.0549740469210394
2014-07-05 04:00:00,24.9,94,0.0,4.1,255,3.96029588778518,1.061158084920335
2014-07-05 05:00:00,25.6,93,0.0,3.7,281,3.632020578756357,-0.7059932828932158
2014-07-05 06:00:00,26.1,93,0.0,4.4,305,3.604268994871564,-2.523736319944603
2014-07-05 07:00:00,26.8,95,0.0,4.6,288,4.3748599749577055,-1.421478174124758
2014-07-05 08:00:00,27.8,89,0.2,6.0,303,5.032023407672544,-3.2678342100901627
2014-07-05 09:00:00,28.9,82,0.2,6.7,306,5.420413862312148,-3.93816119035957
2014-07-05 10:00:00,29.2,79,0.1,8.4,310,6.4347733221994154,-5.39941592136693
2014-07-05 11:00:00,29.3,79,0.0,10.4,314,7.4811339235219725,-7.224447052773572
2014-07-05 12:00:00,30.2,78,0.1,12.2,315,8.62670273047588,-8.626702730475879
2014-07-05 13:00:00,30.3,79,0.1,13.3,327,7.24369916569986,-11.154318553674141
2014-07-05 14:00:00,29.8,81,0.2,12.8,328,6.782966582185023,-10.855015630802253
2014-07-05 15:00:00,30.1,77,0.2,11.2,327,6.099957192168303,-9.393110360988748
2014-07-05 16:00:00,29.8,78,0.2,9.4,302,7.9716521038704045,-4.981241083792126
2014-07-05 17:00:00,28.8,82,0.3,5.2,304,4.310995377286217,-2.907803098047884
2014-07-05 18:00:00,28.4,84,0.0,4.0,10,-0.6945927106677213,-3.939231012048832
2014-07-05 19:00:00,27.9,87,0.0,4.0,27,-1.8159619989581877,-3.564026096753471
2014-07-05 20:00:00,27.0,93,0.0,3.5,294,3.197409101749103,-1.4235782507653008
2014-07-05 21:00:00,26.8,92,0.0,3.2,297,2.8512208774027776,-1.4527695991665497
2014-07-05 22:00:00,26.4,93,0.0,5.0,291,4.667902132486009,-1.7918397477265013
2014-07-05 23:00:00,25.3,96,0.0,6.9,261,6.815049550106451,1.079397808777593
2014-07-06 00:00:00,25.1,97,0.0,7.5,253,7.172285669722766,2.192787785420526
2014-07-06 01:00:00,25.0,98,0.0,5.7,288,5.421022142882375,-1.7613968679372003
2014-07-06 02:00:00,25.0,98,0.1,6.8,267,6.790680836331102,0.3558845024520181
2014-07-06 03:00:00,24.9,98,0.0,7.0,249,6.535062985480412,2.5085756468171017
2014-07-06 04:00:00,26.1,95,0.1,5.5,259,5.3989495089621515,1.0494494745709964
2014-07-06 05:00:00,26.2,94,0.2,4.0,260,3.939231012048832,0.6945927106677213
2014-07-06 06:00:00,26.0,96,0.2,2.5,225,1.7677669529663689,1.7677669529663687
2014-07-06 07:00:00,26.8,95,0.1,5.4,188,0.7515347451843536,5.34744757120448
2014-07-06 08:00:00,27.8,89,0.0,5.4,176,-0.3766849582182768,5.386845871403051
2014-07-06 09:00:00,29.1,84,0.0,1.3,56,-1.0777488443215544,-0.7269507745119708
2014-07-06 10:00:00,30.2,79,0.0,5.9,313,4.314986839553106,-4.023790324368742
2014-07-06 11:00:00,30.7,76,0.0,10.7,312,7.951649632608118,-7.159697488039782
2014-07-06 12:00:00,30.8,76,0.0,14.3,313,10.458357933154138,-9.752576548893728
2014-07-06 13:00:00,30.5,78,0.0,10.7,327,5.82763767466079,-8.973775077016036
2014-07-06 14:00:00,29.9,80,0.2,6.8,335,2.873804179836756,-6.162892951849219
2014-07-06 15:00:00,30.7,77,0.2,6.4,317,4.36478950439999,-4.6806636903626915
2014-07-06 16:00:00,30.6,77,0.0,6.6,315,4.666904755831213,-4.666904755831213
2014-07-06 17:00:00,30.2,79,0.0,6.4,317,4.36478950439999,-4.6806636903626915
2014-07-06 18:00:00,29.5,82,0.0,4.8,312,3.5670951622914924,-3.2118269105225195
2014-07-06 19:00:00,28.5,90,0.1,3.2,207,1.45276959916655,2.851220877402777
2014-07-06 20:00:00,28.1,88,0.0,6.4,207,2.9055391983331,5.702441754805554
2014-07-06 21:00:00,27.5,90,0.0,7.5,215,4.301823272632846,6.143640332167439
2014-07-06 22:00:00,26.8,93,0.0,6.6,248,6.1194134401407965,2.472403516545019
2014-07-06 23:00:00,27.4,89,0.0,5.3,242,4.679622242152313,2.4881992827652213
2014-07-07 00:00:00,26.3,93,0.0,5.5,212,2.914555953282627,4.664264528860342
2014-07-07 01:00:00,26.3,93,0.0,5.6,207,2.542346798541462,4.989636535454859
2014-07-07 02:00:00,26.1,94,0.3,5.0,201,1.791839747726502,4.667902132486009
2014-07-07 03:00:00,26.9,89,0.0,2.3,141,-1.4474368994146256,1.7874357113510333
2014-07-07 04:00:00,25.6,95,0.0,5.4,37,-3.2498011250210608,-4.312631754255381
2014-07-07 05:00:00,25.3,96,0.0,6.0,25,-2.5357095704441948,-5.4378467222199
2014-07-07 06:00:00,25.5,96,0.0,6.5,3,-0.340183715579138,-6.49109197590473
2014-07-07 07:00:00,27.5,91,0.0,8.6,345,2.2258437878816784,-8.306962106085987
2014-07-07 08:00:00,28.7,85,0.0,12.0,339,4.300415394543604,-11.202965117966421
2014-07-07 09:00:00,29.6,81,0.0,13.4,336,5.450271017215723,-12.241509132410853
2014-07-07 10:00:00,30.5,76,0.0,13.7,342,4.2335328229367795,-13.029474273243602
2014-07-07 11:00:00,31.0,74,0.0,12.6,340,4.309453805903427,-11.840127021902445
2014-07-07 12:00:00,31.4,72,0.0,13.5,335,5.705346533499442,-12.235155124994774
2014-07-07 13:00:00,31.1,74,0.0,15.3,345,3.9599313900685673,-14.778665142222746
2014-07-07 14:00:00,30.1,79,0.3,16.3,8,-2.2685215456490733,-16.141369520487597
2014-07-07 15:00:00,29.6,79,0.2,16.0,23,-6.251698055828381,-14.728077655239044
2014-07-07 16:00:00,29.5,78,0.0,13.0,5,-1.1330246557195571,-12.950531075192693
2014-07-07 17:00:00,29.5,79,0.0,14.1,354,1.4738513320739137,-14.022758724692652
2014-07-07 18:00:00,29.1,81,0.0,7.9,344,2.1775351109542935,-7.59396739791272
2014-07-07 19:00:00,28.5,85,0.0,10.0,345,2.5881904510252074,-9.659258262890683
2014-07-07 20:00:00,27.3,92,0.0,13.4,355,1.167886952818619,-13.34900895442939
2014-07-07 21:00:00,27.9,87,0.0,14.6,10,-2.535263393937183,-14.378193193978237
2014-07-07 22:00:00,27.9,86,0.0,15.0,11,-2.8621349306481694,-14.72440775171496
2014-07-07 23:00:00,27.6,87,0.0,13.8,9,-2.1587956175551883,-13.6300991002129
2014-07-08 00:00:00,26.2,92,0.0,14.9,8,-2.0736792043049808,-14.754994224249398
2014-07-08 01:00:00,25.8,95,0.0,14.5,6,-1.5156627173809738,-14.420567482839964
2014-07-08 02:00:00,25.4,96,0.0,13.7,357,0.7170026005283323,-13.681224626137661
2014-07-08 03:00:00,25.7,93,0.0,13.7,358,0.4781231048242648,-13.691654330161612
2014-07-08 04:00:00,25.4,94,0.0,14.8,356,1.0323958114130536,-14.763947943845398
2014-07-08 05:00:00,25.2,94,0.0,16.2,356,1.1300548746548287,-16.16053761420915
2014-07-08 06:00:00,25.0,94,0.0,19.3,351,3.019185175276457,-19.06238497348616
2014-07-08 07:00:00,27.1,87,0.0,20.9,356,1.4579103012522172,-20.849088650430325
2014-07-08 08:00:00,27.5,84,0.1,23.2,353,2.8273687669994216,-23.02707071807867
2014-07-08 09:00:00,27.8,81,0.2,25.0,353,3.0467335851286874,-24.81365379103305
2014-07-08 10:00:00,28.4,80,0.1,26.0,354,2.71774004495899,-25.857569279575106
2014-07-08 11:00:00,28.6,81,0.2,25.1,352,3.493244834097643,-24.85572852541342
2014-07-08 12:00:00,28.8,81,0.0,24.9,350,4.323839623906567,-24.521713050003978
2014-07-08 13:00:00,29.1,79,0.1,24.2,356,1.6881066646078307,-24.141050016287746
2014-07-08 14:00:00,29.6,79,0.0,21.6,3,-1.1304566548475972,-21.570397950698798
2014-07-08 15:00:00,29.5,76,0.0,18.1,7,-2.205835115633164,-17.96508534470793
2014-07-08 16:00:00,29.4,75,0.1,14.1,13,-3.1718098662485,-13.738617913471815
2014-07-08 17:00:00,29.2,75,0.0,10.2,18,-3.1519733426244647,-9.700776466210565
2014-07-08 18:00:00,28.7,76,0.0,7.5,35,-4.301823272632848,-6.143640332167437
2014-07-08 19:00:00,27.6,82,0.0,5.1,86,-5.087576656325103,-0.3557580160950389
2014-07-08 20:00:00,26.3,86,0.0,4.8,138,-3.2118269105225195,3.5670951622914924
2014-07-08 21:00:00,25.1,89,0.0,5.4,180,3.3065463576978537e-16,5.4
2014-07-08 22:00:00,25.0,86,0.0,5.4,233,4.312631754255381,3.2498011250210608
2014-07-08 23:00:00,25.5,81,0.0,5.2,236,4.310995377286217,2.907803098047884
2014-07-09 00:00:00,23.8,86,0.0,6.9,208,3.239353783222647,6.092338390726596
2014-07-09 01:00:00,23.6,85,0.0,7.5,197,2.192787785420526,7.172285669722766
2014-07-09 02:00:00,23.6,82,0.0,8.3,180,5.082284216461516e-16,8.3
2014-07-09 03:00:00,24.1,79,0.0,8.6,178,-0.30013567164150823,8.594761112364223
2014-07-09 04:00:00,24.0,77,0.0,7.9,164,-2.1775351109542926,7.59396739791272
2014-07-09 05:00:00,23.9,79,0.4,10.5,174,-1.0975488643103624,10.44247990136687
2014-07-09 06:00:00,24.1,80,0.0,10.5,158,-3.933369230867077,9.735430472951268
2014-07-09 07:00:00,26.3,75,0.0,12.2,156,-4.962187045524763,11.14525458323973
2014-07-09 08:00:00,28.2,67,0.0,12.9,162,-3.986319227436821,12.268629060207482
2014-07-09 09:00:00,29.1,66,0.2,15.3,165,-3.959931390068569,14.778665142222746
2014-07-09 10:00:00,30.0,65,0.3,14.8,174,-1.5470212563612726,14.718924051450445
2014-07-09 11:00:00,30.8,65,0.2,14.8,186,1.5470212563612713,14.718924051450445
2014-07-09 12:00:00,31.3,66,0.0,15.3,195,3.9599313900685673,14.778665142222746
2014-07-09 13:00:00,31.5,67,0.0,16.5,203,6.447063620073016,15.188330081965265
2014-07-09 14:00:00,31.6,67,0.0,16.8,203,6.564282958619799,15.464481538001
2014-07-09 15:00:00,31.2,71,0.0,16.6,202,6.218469450704139,15.391251985808672
2014-07-09 16:00:00,30.9,72,0.0,15.7,196,4.327506486326887,15.091808626231606
2014-07-09 17:00:00,30.6,74,0.0,14.2,196,3.914050452601388,13.649916082324127
2014-07-09 18:00:00,30.0,78,0.0,10.4,214,5.815606196095767,8.621990754572435
2014-07-09 19:00:00,28.9,83,0.0,12.3,218,7.572636146505597,9.692532269362681
2014-07-09 20:00:00,27.8,89,0.0,13.9,211,7.159029241249753,11.914625479759362
2014-07-09 21:00:00,27.2,92,0.0,13.6,202,5.094649670456403,12.60970042210831
2014-07-09 22:00:00,26.9,92,0.0,12.4,190,2.1532374030699373,12.21161613735138
2014-07-09 23:00:00,26.6,93,0.0,11.0,191,2.098898949141994,10.797899017924303
2014-07-10 00:00:00,25.8,96,0.0,10.1,197,2.952954217699641,9.658678035226657
2014-07-10 01:00:00,25.2,97,0.0,9.8,186,1.024378940023004,9.746314574609078
2014-07-10 02:00:00,24.9,96,0.0,10.1,182,0.3524849166952609,10.093847352892867
2014-07-10 03:00:00,25.2,96,0.0,11.6,187,1.4136843834997108,11.513535359039334
2014-07-10 04:00:00,25.3,96,0.2,12.3,187,1.4989929238833142,12.208317665188261
2014-07-10 05:00:00,25.4,94,0.2,10.1,180,6.184466335694133e-16,10.1
2014-07-10 06:00:00,26.2,90,0.0,7.2,183,0.3768188849491966,7.190132650232932
2014-07-10 07:00:00,27.1,88,0.0,9.5,189,1.4861274178821937,9.38303923565381
2014-07-10 08:00:00,28.1,83,0.0,11.2,195,2.8987733051482323,10.818369254437565
2014-07-10 09:00:00,28.9,79,0.0,11.8,203,4.61062731617343,10.861957270738797
2014-07-10 10:00:00,29.9,74,0.2,14.3,208,6.71344334783824,12.626150577882655
2014-07-10 11:00:00,30.0,72,0.0,15.2,211,7.828578738632823,13.028942970672107
2014-07-10 12:00:00,30.3,72,0.3,15.2,211,7.828578738632823,13.028942970672107
2014-07-10 13:00:00,30.6,70,0.2,15.7,212,8.319732448461316,13.314355109655887
2014-07-10 14:00:00,30.7,70,0.0,16.2,212,8.58469208057792,13.7383791577341
2014-07-10 15:00:00,30.8,69,0.0,15.3,210,7.650000000000002,13.250188677901912
2014-07-10 16:00:00,30.4,72,0.0,13.4,211,6.901510203794726,11.486041829408306
2014-07-10 17:00:00,30.0,74,0.0,11.8,203,4.61062731617343,10.861957270738797
2014-07-10 18:00:00,29.4,78,0.0,7.6,211,3.9142893693164114,6.5144714853360535
2014-07-10 19:00:00,28.4,83,0.0,10.0,221,6.560590289905073,7.54709580222772
2014-07-10 20:00:00,27.5,88,0.0,10.1,207,4.585304047369423,8.999165894302514
2014-07-10 21:00:00,26.7,92,0.0,11.2,201,4.013721034907364,10.45610077676866
2014-07-10 22:00:00,26.6,91,0.0,11.5,184,0.8021994480574401,11.471986577987979
2014-07-10 23:00:00,26.0,92,0.0,10.4,180,6.368163355566237e-16,10.4
2014-07-11 00:00:00,25.4,93,0.0,9.4,180,5.755839955992561e-16,9.4
2014-07-11 01:00:00,25.9,91,0.0,7.9,180,4.837354856632045e-16,7.9
2014-07-11 02:00:00,26.4,89,0.0,6.5,177,-0.34018371557913496,6.49109197590473
2014-07-11 03:00:00,23.3,97,0.0,6.2,170,-1.076618701534968,6.10580806867569
2014-07-11 04:00:00,23.3,96,0.0,5.8,173,-0.7068421917498547,5.756767679519668
2014-07-11 05:00:00,23.3,94,0.0,6.6,167,-1.4846769586695092,6.430842427582553
2014-07-11 06:00:00,23.4,94,0.0,6.4,164,-1.764079077228794,6.1520748540052415
2014-07-11 07:00:00,26.9,84,0.0,8.3,175,-0.7233926648055634,8.268415994161488
2014-07-11 08:00:00,28.8,74,0.0,10.5,196,2.8941922360784913,10.093247807352348
2014-07-11 09:00:00,29.8,72,0.0,13.0,204,5.287576359985403,11.876090949353811
2014-07-11 10:00:00,30.6,71,0.0,15.1,213,8.224049428726909,12.663925575975902
2014-07-11 11:00:00,30.9,70,0.0,17.4,218,10.712509670666453,13.711387112756961
2014-07-11 12:00:00,31.2,69,0.0,19.4,220,12.470079627918862,14.861262196508171
2014-07-11 13:00:00,30.8,71,0.4,19.6,221,12.858756968213944,14.792307772366332
2014-07-11 14:00:00,30.4,72,0.3,18.1,223,12.344170317131223,13.237501999306986
2014-07-11 15:00:00,30.4,73,0.2,18.2,218,11.20503885092698,14.34179571564234
2014-07-11 16:00:00,30.0,75,0.2,15.3,207,6.9460546460150665,13.632399820082028
2014-07-11 17:00:00,29.4,78,0.0,13.1,201,4.694620139043435,12.229903587113343
2014-07-11 18:00:00,29.1,80,0.0,9.4,223,6.410784584587486,6.874724795220202
2014-07-11 19:00:00,28.4,84,0.0,9.4,184,0.6557108531947772,9.377102072442348
2014-07-11 20:00:00,27.7,87,0.0,8.1,167,-1.8221035401853067,7.892397524760405
2014-07-11 21:00:00,27.8,85,0.0,7.9,177,-0.41345405431925636,7.889173324561134
2014-07-11 22:00:00,27.2,87,0.0,10.1,180,6.184466335694133e-16,10.1
2014-07-11 23:00:00,25.8,93,0.0,9.4,173,-1.1455718280083853,9.329933825428428
2014-07-12 00:00:00,25.6,93,0.0,10.2,170,-1.771211412202689,10.045039080724521
2014-07-12 01:00:00,25.2,93,0.0,9.2,159,-3.296985135816762,8.588939923774255
2014-07-12 02:00:00,24.4,94,0.0,9.4,157,-3.6728726077991736,8.652745622452938
2014-07-12 03:00:00,24.3,93,0.0,8.7,156,-3.538608794759462,7.947845481490627
2014-07-12 04:00:00,23.8,95,0.0,7.2,153,-3.2687315981247362,6.415246974156249
2014-07-12 05:00:00,23.3,96,0.0,7.4,157,-2.891410350820626,6.811735915548058
2014-07-12 06:00:00,23.2,96,0.0,6.8,155,-2.8738041798367555,6.16289295184922
2014-07-12 07:00:00,26.4,85,0.0,9.8,172,-1.3638963894086407,9.70462707366739
2014-07-12 08:00:00,28.8,73,0.0,11.9,182,0.41530401075976286,11.89275084152724
2014-07-12 09:00:00,30.0,69,0.0,12.3,187,1.4989929238833142,12.208317665188261
2014-07-12 10:00:00,31.1,66,0.0,13.4,211,6.901510203794726,11.486041829408306
2014-07-12 11:00:00,31.6,67,0.0,18.1,226,13.020050386129588,12.57331650530785
2014-07-12 12:00:00,31.4,69,0.0,20.1,223,13.70816703725622,14.700209402545328
2014-07-12 13:00:00,31.5,67,0.1,19.9,221,13.055574676911094,15.018720646433161
2014-07-12 14:00:00,31.6,66,0.0,18.1,215,10.381733497953936,14.826652001630753
2014-07-12 15:00:00,31.4,68,0.0,17.8,222,11.910524793187678,13.227977893497618
2014-07-12 16:00:00,30.7,72,0.2,15.9,218,9.789017457677968,12.52937098234688
2014-07-12 17:00:00,30.5,73,0.0,13.1,212,6.941942361454984,11.10943005964918
2014-07-12 18:00:00,30.0,75,0.0,9.5,217,5.717242719944459,7.587037345449282
2014-07-12 19:00:00,28.9,80,0.0,10.6,215,6.079910225321089,8.683011669463312
2014-07-12 20:00:00,28.0,85,0.0,11.1,209,5.3813867847343415,9.708278749247292
2014-07-12 21:00:00,27.4,88,0.0,11.3,197,3.303800263366926,10.806243742382302
2014-07-12 22:00:00,26.8,90,0.0,12.4,190,2.1532374030699373,12.21161613735138
2014-07-12 23:00:00,26.4,91,0.0,12.6,177,-0.6594330486610924,12.58273213790763
2014-07-13 00:00:00,25.8,93,0.0,12.9,167,-2.901868601035859,12.569373835729534
2014-07-13 01:00:00,25.5,93,0.0,11.3,163,-3.3038002633669246,10.806243742382302
2014-07-13 02:00:00,24.9,92,0.0,10.6,162,-3.2755801403744416,10.081199072728628
2014-07-13 03:00:00,24.5,92,0.0,9.2,159,-3.296985135816762,8.588939923774255
2014-07-13 04:00:00,24.4,91,0.0,8.0,162,-2.4721359549995787,7.608452130361229
2014-07-13 05:00:00,23.8,91,0.0,7.5,163,-2.192787785420525,7.172285669722767
2014-07-13 06:00:00,23.7,92,0.0,5.2,155,-2.1976149610516367,4.71280049259058
2014-07-13 07:00:00,27.0,85,0.0,7.2,162,-2.224922359499621,6.847606917325106
2014-07-13 08:00:00,29.2,69,0.0,9.0,178,-0.3140954703225086,8.994517443171862
2014-07-13 09:00:00,30.2,66,0.0,11.0,191,2.098898949141994,10.797899017924303
2014-07-13 10:00:00,30.8,66,0.0,11.9,205,5.029157314714324,10.785062665736135
2014-07-13 11:00:00,31.3,65,0.0,12.4,216,7.288537128426667,10.031810730249349
2014-07-13 12:00:00,31.5,66,0.0,12.5,219,7.866504888122969,9.714324518212136
2014-07-13 13:00:00,31.4,66,0.1,11.9,215,6.8255595925774495,9.747909327039002
2014-07-13 14:00:00,31.3,66,0.1,12.7,223,8.66137917279373,9.288192010563463
2014-07-13 15:00:00,31.5,66,0.0,11.8,218,7.2648054088427685,9.29852689255932
2014-07-13 16:00:00,31.3,67,0.0,10.6,204,4.311408416603482,9.683581851011569
2014-07-13 17:00:00,31.0,68,0.0,10.2,212,5.40517649517869,8.650090580795544
2014-07-13 18:00:00,30.4,72,0.0,7.9,219,4.971631089293717,6.139453095510071
2014-07-13 19:00:00,29.2,78,0.0,9.7,202,3.633683956134346,8.993683389297837
2014-07-13 20:00:00,27.8,85,0.0,10.4,200,3.557009490586956,9.772803256173447
2014-07-13 21:00:00,26.7,90,0.0,11.3,211,5.8199302464836125,9.68599049793387
2014-07-13 22:00:00,26.0,92,0.0,10.9,207,4.948496447161061,9.71197111365321
2014-07-13 23:00:00,25.5,94,0.0,11.0,203,4.298042413382011,10.125553387976844
2014-07-14 00:00:00,25.4,94,0.0,11.1,193,2.4969567032169007,10.81550771911611
2014-07-14 01:00:00,25.1,95,0.0,11.2,180,6.858022075225178e-16,11.2
2014-07-14 02:00:00,24.9,96,0.0,10.5,176,-0.732442974313316,10.474422527728153
2014-07-14 03:00:00,24.8,94,0.0,10.1,180,6.184466335694133e-16,10.1
2014-07-14 04:00:00,24.3,94,0.0,9.0,180,5.51091059616309e-16,9.0
2014-07-14 05:00:00,23.8,95,0.0,8.7,173,-1.060263287624782,8.635151519279502
2014-07-14 06:00:00,23.8,95,0.0,8.0,153,-3.6319239979163735,7.128052193506943
2014-07-14 07:00:00,26.6,86,0.0,8.3,146,-4.641301098807197,6.881011852206847
2014-07-14 08:00:00,28.4,76,0.0,8.7,150,-4.349999999999998,7.534421012924616
2014-07-14 09:00:00,29.5,70,0.0,8.8,168,-1.8296228791962823,8.607698886457491
2014-07-14 10:00:00,30.5,67,0.0,10.4,194,2.515987714236544,10.091075553270363
2014-07-14 11:00:00,31.2,65,0.0,11.5,212,6.094071538681856,9.7525531057989
2014-07-14 12:00:00,31.6,65,0.0,12.0,231,9.32575153748365,7.551844692598049
2014-07-14 13:00:00,31.6,65,0.0,13.1,238,11.10943005964918,6.941942361454984
2014-07-14 14:00:00,31.1,67,0.0,12.4,240,10.73871500692704,6.199999999999999
2014-07-14 15:00:00,31.2,66,0.0,10.8,233,8.625263508510763,6.4996022500421216
2014-07-14 16:00:00,31.1,67,0.0,8.6,213,4.683895701129233,7.212566884330647
2014-07-14 17:00:00,30.5,69,0.0,8.0,188,1.1133848076805237,7.922144549932563
2014-07-14 18:00:00,30.2,70,0.0,4.2,239,3.600102662948872,2.1631599146222276
2014-07-14 19:00:00,29.0,79,0.0,7.3,261,7.210124886344506,1.1419715947936853
2014-07-14 20:00:00,28.2,82,0.0,7.1,255,6.858073366652385,1.8376152202278973
2014-07-14 21:00:00,27.8,83,0.0,3.3,167,-0.7423384793347546,3.2154212137912763
2014-07-14 22:00:00,26.5,89,0.0,6.3,149,-3.2447398719333416,5.400153994423308
2014-07-14 23:00:00,26.3,89,0.0,8.7,163,-2.5436338310878086,8.31985137687841
2014-07-15 00:00:00,25.7,91,0.0,9.5,169,-1.8126854560771757,9.325458242752807
2014-07-15 01:00:00,25.7,90,0.0,9.4,176,-0.6557108531947782,9.377102072442348
2014-07-15 02:00:00,25.4,90,0.0,8.6,180,5.265981236333618e-16,8.6
2014-07-15 03:00:00,24.6,90,0.0,7.9,177,-0.41345405431925636,7.889173324561134
2014-07-15 04:00:00,24.0,92,0.0,6.8,162,-2.101315561749642,6.467184310807045
2014-07-15 05:00:00,23.5,94,0.0,6.1,152,-2.8637765329939344,5.385980316439453
2014-07-15 06:00:00,23.5,94,0.0,5.6,140,-3.5996106142446203,4.289848881466277
2014-07-15 07:00:00,26.4,84,0.0,7.5,145,-4.301823272632846,6.143640332167438
2014-07-15 08:00:00,28.2,77,0.0,8.5,168,-1.7672493719509543,8.314254606237348
2014-07-15 09:00:00,29.4,75,0.0,7.9,204,3.2132194802988217,7.217009115376547
2014-07-15 10:00:00,30.5,71,0.0,9.3,234,7.523858047687012,5.46640284632
2014-07-15 11:00:00,30.8,70,0.0,11.9,245,10.785062665736135,5.029157314714324
2014-07-15 12:00:00,31.0,70,0.0,11.6,244,10.426010937070338,5.0851053027532975
2014-07-15 13:00:00,30.8,73,0.2,8.7,240,7.534421012924616,4.349999999999999
2014-07-15 14:00:00,30.9,73,0.1,7.3,237,6.122295146001595,3.9758649556096977
2014-07-15 15:00:00,30.4,75,0.1,7.6,245,6.887939181478539,3.211898789229316
2014-07-15 16:00:00,30.2,75,0.0,6.5,264,6.4643923198937765,0.6794350112397476
2014-07-15 17:00:00,29.7,76,0.0,4.3,265,4.283637201794505,0.3747696938149301
2014-07-15 18:00:00,29.3,77,0.0,2.5,180,1.5308084989341916e-16,2.5
2014-07-15 19:00:00,28.6,86,0.0,5.5,148,-2.914555953282626,4.664264528860343
2014-07-15 20:00:00,27.9,84,0.0,5.4,172,-0.7515347451843529,5.34744757120448
2014-07-15 21:00:00,26.5,89,0.0,5.8,210,2.9000000000000004,5.0229473419497435
2014-07-15 22:00:00,26.2,90,0.0,6.6,193,1.4846769586695083,6.430842427582553
2014-07-15 23:00:00,26.9,86,0.0,7.2,177,-0.3768188849491957,7.190132650232932
2014-07-16 00:00:00,27.4,85,0.0,6.6,171,-1.0324674692655234,6.518743047927909
2014-07-16 01:00:00,27.1,87,0.0,5.4,184,0.3766849582182763,5.386845871403051
2014-07-16 02:00:00,26.5,90,0.0,4.5,209,2.181643291108517,3.935788682127281
2014-07-16 03:00:00,27.0,83,0.0,3.3,221,2.1649947956686737,2.4905416147351476
2014-07-16 04:00:00,27.0,84,0.0,3.6,233,2.875087836170254,2.166534083347374
2014-07-16 05:00:00,26.0,89,0.0,3.3,257,3.2154212137912763,0.7423384793347545
2014-07-16 06:00:00,25.9,91,0.0,2.7,293,2.485363104321589,-1.0549740469210394
2014-07-16 07:00:00,27.1,91,0.0,3.7,299,3.2360929164157644,-1.7937955949114472
2014-07-16 08:00:00,28.4,83,0.0,6.6,319,4.329989591337347,-4.981083229470295
2014-07-16 09:00:00,29.2,78,0.0,8.9,320,5.7208097262102005,-6.817795543758905
2014-07-16 10:00:00,30.2,72,0.0,11.3,323,6.800509761618147,-9.02458126353441
2014-07-16 11:00:00,30.9,68,0.0,12.8,322,7.880466884168427,-10.086537646166043
2014-07-16 12:00:00,31.1,68,0.0,14.8,319,9.709673629059509,-11.169701787297026
2014-07-16 13:00:00,31.0,69,0.0,14.6,320,9.384699101423475,-11.184248869537079
2014-07-16 14:00:00,30.6,69,0.0,14.7,332,6.901231972952595,-12.979329615026224
2014-07-16 15:00:00,30.5,70,0.0,13.5,331,6.544929873325551,-11.807366046381842
2014-07-16 16:00:00,30.3,71,0.0,13.3,341,4.330056454280185,-12.575397055470914
2014-07-16 17:00:00,29.8,73,0.0,10.8,345,2.795245687107224,-10.431998923921938
2014-07-16 18:00:00,29.3,75,0.0,9.5,349,1.8126854560771768,-9.325458242752807
2014-07-16 19:00:00,28.6,79,0.0,7.2,360,4.4087284769304716e-16,-7.2
2014-07-16 20:00:00,27.7,87,0.0,7.6,8,-1.0577155672965002,-7.526037322435934
2014-07-16 21:00:00,27.1,88,0.0,7.6,5,-0.6623836448822027,-7.571079705497266
2014-07-16 22:00:00,27.4,87,0.0,6.9,6,-0.7212463965468082,-6.862201078041087
2014-07-16 23:00:00,27.4,87,0.0,5.8,7,-0.7068421917498535,-5.756767679519668
2014-07-17 00:00:00,26.8,89,0.0,3.2,360,1.9594348786357652e-16,-3.2
2014-07-17 01:00:00,25.8,93,0.0,3.2,360,1.9594348786357652e-16,-3.2
2014-07-17 02:00:00,25.4,94,0.0,3.0,14,-0.7257656867990033,-2.9108871788279895
2014-07-17 03:00:00,26.8,88,0.0,3.0,346,0.725765686799003,-2.9108871788279895
2014-07-17 04:00:00,25.8,91,0.0,2.9,300,2.511473670974872,-1.4499999999999997
2014-07-17 05:00:00,24.7,93,0.0,3.0,256,2.9108871788279895,0.7257656867990032
2014-07-17 06:00:00,25.4,91,0.0,2.3,219,1.447436899414626,1.7874357113510329
2014-07-17 07:00:00,27.1,87,0.0,1.4,270,1.4,0.0
2014-07-17 08:00:00,28.8,79,0.0,3.2,270,3.2,0.0
2014-07-17 09:00:00,29.7,75,0.0,5.8,270,5.8,0.0
2014-07-17 10:00:00,30.6,72,0.0,9.0,286,8.65135526344487,-2.4807362023529924
2014-07-17 11:00:00,31.2,70,0.0,9.7,297,8.642763284627168,-4.403707847473603
2014-07-17 12:00:00,31.4,69,0.0,10.0,300,8.660254037844387,-4.999999999999999
2014-07-17 13:00:00,31.2,69,0.0,10.3,299,9.008582983535776,-4.993539088537272
2014-07-17 14:00:00,31.8,67,0.0,7.4,284,7.180188374442374,-1.7902220274375413
2014-07-17 15:00:00,30.0,71,0.1,5.0,270,5.0,0.0
2014-07-17 16:00:00,29.9,71,0.3,4.6,231,3.5748714227020657,2.8948737988292517
2014-07-17 17:00:00,29.5,73,0.2,5.5,203,2.1490212066910055,5.062776693988422
2014-07-17 18:00:00,29.0,74,0.0,2.4,153,-1.089577199374912,2.138415658052083
2014-07-17 19:00:00,28.3,85,0.0,5.0,159,-1.7918397477265013,4.667902132486009
2014-07-17 20:00:00,27.1,86,0.0,5.8,184,0.40458754771592637,5.78587149150698
2014-07-17 21:00:00,26.7,88,0.0,5.4,188,0.7515347451843536,5.34744757120448
2014-07-17 22:00:00,26.3,89,0.0,4.7,184,0.3278554265973886,4.688551036221174
2014-07-17 23:00:00,25.9,90,0.0,6.1,152,-2.8637765329939344,5.385980316439453
2014-07-18 00:00:00,25.6,90,0.1,6.8,162,-2.101315561749642,6.467184310807045
2014-07-18 01:00:00,25.2,91,0.0,4.5,166,-1.088648530198505,4.366330768241984
2014-07-18 02:00:00,26.7,81,0.0,3.6,225,2.5455844122715714,2.545584412271571
2014-07-18 03:00:00,25.4,87,0.0,7.1,240,6.148780366869515,3.5499999999999994
2014-07-18 04:00:00,25.1,89,0.0,8.4,223,5.728786224524987,6.143371093601032
2014-07-18 05:00:00,25.4,87,0.0,5.8,180,3.5514757175273243e-16,5.8
2014-07-18 06:00:00,25.9,85,0.0,0.8,27,-0.36319239979163753,-0.7128052193506943
2014-07-18 07:00:00,27.0,87,0.0,0.7000000000000001,360,4.2862637970157366e-17,-0.7000000000000001
2014-07-18 08:00:00,29.3,70,0.0,3.4,252,3.233592155403522,1.0506577808748212
2014-07-18 09:00:00,30.0,67,0.0,7.6,245,6.887939181478539,3.211898789229316
2014-07-18 10:00:00,30.8,65,0.0,9.6,250,9.02104915954472,3.2833933759264196
2014-07-18 11:00:00,30.8,66,0.0,9.4,270,9.4,0.0
2014-07-18 12:00:00,30.9,67,0.0,9.4,272,9.394273773979501,-0.3280552690035091
2014-07-18 13:00:00,30.6,69,0.0,8.6,268,8.594761112364223,0.30013567164150834
2014-07-18 14:00:00,30.1,72,0.0,10.8,272,10.793420931806235,-0.3769145643870105
2014-07-18 15:00:00,30.3,69,0.3,10.2,262,10.100734301164017,1.4195656297926673
2014-07-18 16:00:00,29.6,71,0.1,10.2,278,10.100734301164017,-1.4195656297926673
2014-07-18 17:00:00,29.0,75,0.0,8.8,258,8.607698886457491,1.8296228791962823
2014-07-18 18:00:00,28.0,79,0.2,7.5,253,7.172285669722766,2.192787785420526
2014-07-18 19:00:00,27.4,82,0.0,3.0,166,-0.7257656867990033,2.9108871788279895
2014-07-18 20:00:00,27.6,80,0.0,4.2,121,-3.6001026629488715,2.1631599146222285
2014-07-18 21:00:00,26.0,89,0.0,1.9,112,-1.7616493236768958,0.7117525274902332
2014-07-18 22:00:00,26.2,88,0.0,2.3,72,-2.187429987478853,-0.7107390870623786
2014-07-18 23:00:00,26.6,85,0.0,2.4,63,-2.138415658052083,-1.089577199374912
2014-07-19 00:00:00,26.4,85,0.2,2.5,98,-2.475670171853926,0.3479327524001633
2014-07-19 01:00:00,26.7,83,0.3,2.9,97,-2.8783838397598336,0.35342109587492787
2014-07-19 02:00:00,26.0,87,0.2,2.9,90,-2.9,3.5514757175273243e-16
2014-07-19 03:00:00,26.8,81,0.3,1.8,127,-1.4375439180851273,1.0832670416736867
2014-07-19 04:00:00,26.6,82,0.1,2.2,351,0.34415582308850806,-2.1729143493093033
2014-07-19 05:00:00,26.0,85,0.0,3.6,6,-0.3763024677635521,-3.5802788233257843
2014-07-19 06:00:00,26.2,84,0.0,3.8,343,1.1110124779463997,-3.6339580726595346
2014-07-19 07:00:00,26.9,84,0.0,7.6,360,4.653657836759942e-16,-7.6
2014-07-19 08:00:00,27.8,81,0.0,9.7,356,0.6766377953180147,-9.676371287520293
2014-07-19 09:00:00,29.1,75,0.0,10.9,351,1.705135668938517,-10.765802912487002
2014-07-19 10:00:00,29.7,72,0.0,11.6,344,3.19739332747719,-11.1506356728845
2014-07-19 11:00:00,30.2,70,0.3,12.4,338,4.645121758357308,-11.497079796628164
2014-07-19 12:00:00,30.0,72,0.2,12.9,342,3.986319227436822,-12.26862906020748
2014-07-19 13:00:00,29.5,75,0.8,12.1,348,2.5157314588948894,-11.835585968879046
2014-07-19 14:00:00,28.4,79,3.0,11.0,337,4.298042413382011,-10.125553387976844
2014-07-19 15:00:00,29.4,75,0.3,10.3,335,4.352968095929205,-9.334970206477495
2014-07-19 16:00:00,29.1,76,0.4,6.1,332,2.863776532993934,-5.385980316439453
2014-07-19 17:00:00,28.4,79,0.3,3.1,324,1.8221342821066668,-2.5079526825623373
2014-07-19 18:00:00,27.6,82,0.4,2.7,293,2.485363104321589,-1.0549740469210394
2014-07-19 19:00:00,27.1,85,0.0,2.4,153,-1.089577199374912,2.138415658052083
2014-07-19 20:00:00,26.6,87,0.0,5.2,192,1.0811407922523493,5.086367523815789
2014-07-19 21:00:00,26.1,90,0.1,9.3,216,5.46640284632,7.523858047687012
2014-07-19 22:00:00,25.6,93,0.2,9.9,226,7.121464023352647,6.877117867544073
2014-07-19 23:00:00,25.2,95,0.0,7.5,215,4.301823272632846,6.143640332167439
2014-07-20 00:00:00,25.0,95,0.0,6.4,218,3.9402334420842133,5.043268823083022
2014-07-20 01:00:00,24.5,96,0.0,6.6,221,4.329989591337347,4.981083229470295
2014-07-20 02:00:00,24.2,96,0.0,7.0,235,5.7340643100229425,4.015035054457322
2014-07-20 03:00:00,24.9,93,0.0,6.6,241,5.772490067120011,3.1997434936258244
2014-07-20 04:00:00,24.8,94,0.0,6.1,230,4.6728711030257655,3.921004419087889
2014-07-20 05:00:00,24.4,95,0.0,6.9,231,5.3623071340531,4.342310698243878
2014-07-20 06:00:00,24.5,96,0.0,4.9,234,3.9641832724372428,2.8801477362331185
2014-07-20 07:00:00,25.9,92,0.0,6.1,225,4.31335136523794,4.313351365237939
2014-07-20 08:00:00,26.8,88,0.0,6.9,227,5.046340541172277,4.70578868443124
2014-07-20 09:00:00,28.1,83,0.0,7.2,233,5.750175672340508,4.333068166694748
2014-07-20 10:00:00,29.4,77,0.0,7.2,243,6.415246974156249,3.2687315981247367
2014-07-20 11:00:00,30.0,73,0.0,7.8,257,7.6000865053248345,1.754618223882147
2014-07-20 12:00:00,30.0,73,0.0,9.0,275,8.96575228282571,-0.7844016847289235
2014-07-20 13:00:00,30.0,72,0.1,6.9,279,6.815049550106451,-1.079397808777593
2014-07-20 14:00:00,29.8,72,0.1,1.4,360,8.572527594031472e-17,-1.4
2014-07-20 15:00:00,29.3,75,0.2,4.9,36,-2.880147736233119,-3.9641832724372423
2014-07-20 16:00:00,29.4,74,0.0,4.0,10,-0.6945927106677213,-3.939231012048832
2014-07-20 17:00:00,29.6,73,0.0,5.1,4,-0.35575801609504043,-5.087576656325103
2014-07-20 18:00:00,29.2,75,0.0,7.6,360,4.653657836759942e-16,-7.6
2014-07-20 19:00:00,28.3,84,0.0,7.4,23,-2.8914103508206264,-6.811735915548058
2014-07-20 20:00:00,28.6,77,0.0,6.3,13,-1.417191642366351,-6.1385314081469815
2014-07-20 21:00:00,27.4,84,0.0,6.4,344,1.7640790772287946,-6.1520748540052415
2014-07-20 22:00:00,26.6,87,0.0,2.6,286,2.499280409439629,-0.7166571251241979
2014-07-20 23:00:00,25.6,93,0.0,4.8,193,1.0797650608505516,4.676976310969129
2014-07-21 00:00:00,25.7,92,0.0,8.8,192,1.8296228791962834,8.60769888645749
2014-07-21 01:00:00,25.4,93,0.0,9.8,188,1.3638963894086416,9.70462707366739
2014-07-21 02:00:00,25.1,94,0.0,9.5,191,1.8126854560771768,9.325458242752807
2014-07-21 03:00:00,25.0,89,0.0,9.0,185,0.7844016847289232,8.96575228282571
2014-07-21 04:00:00,24.9,88,0.0,8.0,185,0.6972459419812651,7.969557584733964
2014-07-21 05:00:00,24.3,90,0.0,7.9,177,-0.41345405431925636,7.889173324561134
2014-07-21 06:00:00,24.5,89,0.0,6.2,170,-1.076618701534968,6.10580806867569
2014-07-21 07:00:00,26.9,81,0.0,5.2,168,-1.0811407922523486,5.08636752381579
2014-07-21 08:00:00,28.2,78,0.0,2.2,189,0.34415582308850806,2.1729143493093033
2014-07-21 09:00:00,29.5,75,0.0,1.9,292,1.761649323676896,-0.7117525274902328
2014-07-21 10:00:00,30.2,72,0.0,4.6,309,3.5748714227020657,-2.8948737988292517
2014-07-21 11:00:00,30.9,69,0.0,7.2,307,5.750175672340508,-4.333068166694748
2014-07-21 12:00:00,30.8,70,0.0,9.2,315,6.505382386916237,-6.505382386916236
2014-07-21 13:00:00,30.9,70,0.0,8.5,324,4.996174644486022,-6.876644452187053
2014-07-21 14:00:00,31.2,69,0.0,8.5,332,3.9905082836800725,-7.505054539300878
2014-07-21 15:00:00,30.3,70,0.0,7.7,349,1.4692292643993958,-7.558529312547013
2014-07-21 16:00:00,30.6,69,0.0,5.1,352,0.7097828148963339,-5.050367150582009
2014-07-21 17:00:00,30.5,69,0.0,4.8,333,2.1791543987498248,-4.276831316104166
2014-07-21 18:00:00,29.9,72,0.0,2.6,326,1.4539015490239418,-2.1554976886431088
2014-07-21 19:00:00,29.2,76,0.0,1.3,124,-1.0777488443215542,0.726950774511971
2014-07-21 20:00:00,28.1,81,0.0,3.3,139,-2.1649947956686737,2.490541614735148
2014-07-21 21:00:00,27.5,82,0.0,4.0,153,-1.8159619989581868,3.5640260967534716
2014-07-21 22:00:00,26.1,90,0.0,4.2,160,-1.4364846019678086,3.9467090073008158
2014-07-21 23:00:00,25.7,91,0.0,5.5,169,-1.0494494745709964,5.3989495089621515
2014-07-22 00:00:00,25.3,92,0.0,5.8,176,-0.4045875477159269,5.78587149150698
2014-07-22 01:00:00,25.1,92,0.0,3.6,180,2.2043642384652358e-16,3.6
2014-07-22 02:00:00,24.9,92,0.0,4.7,189,0.7352419856890854,4.6421352007971475
2014-07-22 03:00:00,25.4,89,0.0,5.1,172,-0.7097828148963332,5.050367150582009
2014-07-22 04:00:00,24.8,91,0.1,6.3,193,1.4171916423663489,6.1385314081469815
2014-07-22 05:00:00,24.4,92,0.0,6.2,190,1.0766187015349686,6.10580806867569
2014-07-22 06:00:00,25.1,89,0.0,3.4,212,1.8017254983928965,2.883363526931848
2014-07-22 07:00:00,26.7,82,0.0,2.9,180,1.7757378587636622e-16,2.9
2014-07-22 08:00:00,27.9,76,0.0,1.8,217,1.0832670416736871,1.437543918085127
2014-07-22 09:00:00,28.8,74,0.0,3.6,323,2.1665340833473743,-2.875087836170254
2014-07-22 10:00:00,29.8,71,0.0,8.8,348,1.8296228791962834,-8.60769888645749
2014-07-22 11:00:00,30.5,68,0.0,13.3,2,-0.4641633061432601,-13.291897999353974
2014-07-22 12:00:00,31.1,65,0.0,15.2,5,-1.3247672897644054,-15.142159410994532
2014-07-22 13:00:00,31.8,63,0.0,15.9,356,1.1091279325315913,-15.861268399131205
2014-07-22 14:00:00,31.8,64,0.0,13.3,3,-0.6960682180311593,-13.281772812235833
2014-07-22 15:00:00,32.1,63,0.0,13.3,19,-4.330056454280184,-12.575397055470916
2014-07-22 16:00:00,31.5,66,0.0,15.7,20,-5.369716250212996,-14.753174146338761
2014-07-22 17:00:00,30.3,74,0.4,16.9,20,-5.7801404222037975,-15.88080529128185
2014-07-22 18:00:00,29.1,82,1.1,18.3,10,-3.177761651304825,-18.02198188012341
2014-07-22 19:00:00,28.1,86,0.9,23.2,13,-5.218864460777674,-22.605385503017455
2014-07-22 20:00:00,27.5,87,1.1,31.5,7,-3.838884317262136,-31.265203776701647
2014-07-22 21:00:00,26.8,89,2.7,37.6,6,-3.9302702188637664,-37.39402326584708
2014-07-22 22:00:00,26.3,90,4.2,41.8,360,2.559511810217968e-15,-41.8
2014-07-22 23:00:00,26.0,91,4.7,44.2,353,5.38662497850752,-43.87053990254643
2014-07-23 00:00:00,26.0,92,4.4,46.4,353,5.654737533998843,-46.05414143615734
2014-07-23 01:00:00,25.9,93,4.7,41.8,1,-0.7295105890784501,-41.79363365753715
2014-07-23 02:00:00,25.8,93,3.8,18.9,8,-2.6303716081452437,-18.716066499215675
2014-07-23 03:00:00,26.2,91,4.9,12.6,117,-11.226682204773434,5.720280296718291
2014-07-23 04:00:00,26.5,85,4.3,36.0,168,-7.4848208694393366,35.213313626417005
2014-07-23 05:00:00,26.4,83,5.4,43.9,180,2.68809972412844e-15,43.9
2014-07-23 06:00:00,26.4,85,6.3,42.5,177,-2.2242781403251133,42.441755227069386
2014-07-23 07:00:00,26.4,88,7.4,42.5,169,-8.109382303503153,41.71915529652572
2014-07-23 08:00:00,25.8,89,8.9,43.2,182,1.5076582575480468,43.17368372722494
2014-07-23 09:00:00,25.5,90,13.5,50.1,197,14.647822406609112,47.91086827374808
2014-07-23 10:00:00,26.0,89,14.9,53.1,202,19.891610110384924,49.23346267749641
2014-07-23 11:00:00,25.9,90,12.6,53.2,200,18.19547162492558,49.99164742581033
2014-07-23 12:00:00,26.1,91,10.1,47.4,195,12.268022737859482,45.78488416610184
2014-07-23 13:00:00,26.6,90,12.4,44.6,194,10.789716543745179,43.27518939190944
2014-07-23 14:00:00,26.9,89,11.6,39.4,194,9.531722686626907,38.22965161527426
2014-07-23 15:00:00,26.1,90,6.1,35.0,195,9.058666578588227,33.80740392011739
2014-07-23 16:00:00,26.1,91,3.9,35.1,199,11.427442221446203,33.18770200353602
2014-07-23 17:00:00,25.9,91,3.0,34.7,195,8.98102086505747,33.51762617223067
2014-07-23 18:00:00,25.6,93,3.5,30.7,185,2.6756813023531048,30.583177231416588
2014-07-23 19:00:00,25.7,93,2.3,32.1,182,1.1202738441502846,32.080445547312976
2014-07-23 20:00:00,25.9,91,2.1,32.8,183,1.716619364768562,32.75504873995002
2014-07-23 21:00:00,26.1,90,1.8,29.6,183,1.5491443047911415,29.559434228735388
2014-07-23 22:00:00,26.2,89,1.3,31.0,182,1.0818843977775334,30.98111563759197
2014-07-23 23:00:00,26.1,88,1.3,32.0,181,0.5584770059930751,31.99512624500452
2014-07-24 00:00:00,26.1,86,1.2,31.0,179,-0.5410245995557877,30.99527854984813
2014-07-24 01:00:00,25.9,86,0.9,29.5,179,-0.5148459898998625,29.49550700711354
2014-07-24 02:00:00,25.5,86,0.7000000000000001,29.2,182,1.0190653037130315,29.182212148957596
2014-07-24 03:00:00,25.4,84,1.4,28.2,184,1.9671325595843314,28.13130621732704
2014-07-24 04:00:00,25.2,83,0.7000000000000001,26.3,178,-0.9178567632757751,26.28397875060222
2014-07-24 05:00:00,25.0,78,0.2,24.2,175,-2.109168974493329,24.107911693820242
2014-07-24 06:00:00,25.3,75,0.0,21.7,175,-1.8912796176241837,21.617424948590877
2014-07-24 07:00:00,25.8,75,0.0,22.6,172,-3.1453120816974773,22.38005835355949
2014-07-24 08:00:00,26.9,73,0.0,22.8,175,-1.9871509346466079,22.7132391164918
2014-07-24 09:00:00,27.9,72,0.0,24.2,183,1.266530141079244,24.166834741060686
2014-07-24 10:00:00,28.7,71,0.0,24.1,181,0.4206029951385347,24.096329453269032
2014-07-24 11:00:00,29.3,70,0.0,23.8,182,0.8306080215195257,23.78550168305448
2014-07-24 12:00:00,29.7,69,0.0,24.5,194,5.927086442191858,23.772245293761912
2014-07-24 13:00:00,29.7,70,0.0,24.6,201,8.81585155881439,22.966078491831166
2014-07-24 14:00:00,29.5,72,0.0,23.3,202,8.728333626590748,21.603383811406147
2014-07-24 15:00:00,28.9,76,0.0,23.1,201,8.27829963449644,21.56570785208536
2014-07-24 16:00:00,28.2,79,0.0,21.7,199,7.064828951720301,20.517753090505174
2014-07-24 17:00:00,27.8,82,0.0,20.7,197,6.052094287760651,19.795508448434834
2014-07-24 18:00:00,27.3,82,0.0,16.3,194,3.943326898274583,15.815820338298742
2014-07-24 19:00:00,26.6,84,0.0,15.0,197,4.385575570841052,14.344571339445531
2014-07-24 20:00:00,26.0,86,0.0,15.0,204,6.101049646137003,13.703181864639014
2014-07-24 21:00:00,25.7,86,0.0,16.9,200,5.780140422203803,15.880805291281849
2014-07-24 22:00:00,25.6,85,0.0,17.6,191,3.358238318627191,17.276638428678886
2014-07-24 23:00:00,25.3,85,0.0,16.0,188,2.2267696153610474,15.844289099865126
2014-07-25 00:00:00,24.9,86,0.0,15.0,191,2.862134930648174,14.72440775171496
2014-07-25 01:00:00,24.8,87,0.0,14.3,190,2.483168940637105,14.082750868074575
2014-07-25 02:00:00,25.0,85,0.0,13.8,187,1.6817969389910354,13.697136892650244
2014-07-25 03:00:00,25.5,83,0.0,12.7,187,1.547740661245373,12.605336125844788
2014-07-25 04:00:00,24.6,87,0.0,13.3,182,0.4641633061432644,13.291897999353974
2014-07-25 05:00:00,23.9,90,0.0,13.0,180,7.960204194457795e-16,13.0
2014-07-25 06:00:00,23.8,90,0.0,13.0,177,-0.6803674311582699,12.98218395180946
2014-07-25 07:00:00,25.9,85,0.0,14.8,183,0.7745721523955708,14.779717114367694
2014-07-25 08:00:00,27.2,80,0.0,13.1,196,3.610849361202689,12.592528216791978
2014-07-25 09:00:00,28.4,78,0.0,15.8,210,7.900000000000002,13.68320137979413
2014-07-25 10:00:00,28.8,79,0.0,19.3,207,8.762016644973254,17.196425916835498
2014-07-25 11:00:00,29.2,76,0.0,18.8,206,8.241377559634657,16.89732807042434
2014-07-25 12:00:00,29.6,75,0.0,18.8,212,9.962482167584252,15.943304207740809
2014-07-25 13:00:00,28.3,81,1.5,14.5,203,5.665601363094469,13.347320375060386
2014-07-25 14:00:00,27.9,84,0.0,13.7,207,6.219669846431791,12.206789381380638
2014-07-25 15:00:00,28.6,80,0.2,14.7,211,7.571059701177796,12.60035932032105
2014-07-25 16:00:00,27.5,84,1.2,18.0,213,9.803502630270488,15.096070223017634
2014-07-25 17:00:00,26.7,87,0.3,14.7,205,6.212488447588282,13.322724469438754
2014-07-25 18:00:00,26.2,88,0.0,10.5,188,1.4613175600806874,10.397814721786489
2014-07-25 19:00:00,25.9,90,0.0,9.4,176,-0.6557108531947782,9.377102072442348
2014-07-25 20:00:00,25.4,94,0.0,7.0,159,-2.5085756468171017,6.535062985480412
2014-07-25 21:00:00,25.2,92,0.0,4.0,175,-0.34862297099063294,3.984778792366982
2014-07-25 22:00:00,25.1,93,0.0,5.6,153,-2.542346798541461,4.98963653545486
2014-07-25 23:00:00,23.7,97,0.0,5.5,148,-2.914555953282626,4.664264528860343
2014-07-26 00:00:00,23.3,98,0.0,4.3,156,-1.748967565225941,3.9282454678631837
2014-07-26 01:00:00,23.0,97,0.0,3.8,163,-1.1110124779463992,3.633958072659535
2014-07-26 02:00:00,22.8,98,0.0,3.4,162,-1.050657780874821,3.2335921554035223
2014-07-26 03:00:00,22.8,96,0.0,3.1,144,-1.8221342821066664,2.5079526825623373
2014-07-26 04:00:00,22.6,96,0.0,3.6,127,-2.8750878361702545,2.1665340833473734
2014-07-26 05:00:00,22.5,96,0.0,4.2,110,-3.9467090073008153,1.4364846019678092
2014-07-26 06:00:00,22.7,96,0.0,5.5,101,-5.3989495089621515,1.0494494745709972
2014-07-26 07:00:00,25.1,91,0.0,6.4,106,-6.1520748540052415,1.764079077228795
2014-07-26 08:00:00,26.9,84,0.0,5.1,94,-5.087576656325103,0.35575801609504015
2014-07-26 09:00:00,28.3,77,0.0,2.7,67,-2.485363104321589,-1.0549740469210387
2014-07-26 10:00:00,29.4,72,0.0,2.7,337,1.0549740469210391,-2.485363104321589
2014-07-26 11:00:00,29.4,72,0.0,7.1,315,5.020458146424487,-5.020458146424486
2014-07-26 12:00:00,29.8,71,0.0,7.2,323,4.333068166694749,-5.750175672340508
2014-07-26 13:00:00,29.3,72,0.5,6.9,313,5.046340541172277,-4.70578868443124
2014-07-26 14:00:00,28.1,76,3.8,6.4,313,4.6806636903626915,-4.36478950439999
2014-07-26 15:00:00,28.5,76,0.1,5.7,325,3.269385687200963,-4.669166652447253
2014-07-26 16:00:00,28.8,76,0.0,6.4,344,1.7640790772287946,-6.1520748540052415
2014-07-26 17:00:00,28.4,78,0.0,7.2,307,5.750175672340508,-4.333068166694748
2014-07-26 18:00:00,27.8,82,0.0,8.6,303,7.212566884330647,-4.683895701129233
2014-07-26 19:00:00,27.0,87,0.0,4.3,312,3.195522749552795,-2.8772616073430903
2014-07-26 20:00:00,27.0,86,0.0,1.3,34,-0.7269507745119705,-1.0777488443215544
2014-07-26 21:00:00,26.9,86,0.2,4.5,284,4.366330768241984,-1.0886485301985047
2014-07-26 22:00:00,26.2,89,0.4,3.6,276,3.580278823325784,-0.37630246776355253
2014-07-26 23:00:00,25.1,94,0.2,0.8,117,-0.7128052193506943,0.36319239979163753
2014-07-27 00:00:00,24.8,94,0.0,0.5,135,-0.35355339059327373,0.3535533905932738
2014-07-27 01:00:00,24.4,96,0.0,1.6,27,-0.7263847995832751,-1.4256104387013886
2014-07-27 02:00:00,24.1,97,0.0,3.3,354,0.3449439287832564,-3.2819222547153015
2014-07-27 03:00:00,25.6,90,0.0,5.3,332,2.4881992827652213,-4.679622242152313
2014-07-27 04:00:00,24.6,93,0.0,5.2,344,1.4333142502483958,-4.998560818879258
2014-07-27 05:00:00,24.1,96,0.0,6.1,357,0.3192493330819582,-6.0916401620029
2014-07-27 06:00:00,24.1,97,0.0,5.4,352,0.7515347451843536,-5.34744757120448
2014-07-27 07:00:00,26.4,91,0.0,7.6,5,-0.6623836448822027,-7.571079705497266
2014-07-27 08:00:00,27.5,84,0.0,10.4,358,0.36295476570601126,-10.393664600998596
2014-07-27 09:00:00,28.5,79,0.0,13.0,354,1.358870022479495,-12.928784639787553
2014-07-27 10:00:00,29.2,76,0.0,15.3,351,2.3934473151155333,-15.111631611105608
2014-07-27 11:00:00,29.7,75,0.0,17.2,344,4.740962520052386,-16.533701170139086
2014-07-27 12:00:00,29.8,74,0.0,16.8,351,2.6280990126758796,-16.593164121998313
2014-07-27 13:00:00,29.8,75,0.0,11.8,340,4.035837691242892,-11.088372925273719
2014-07-27 14:00:00,29.1,78,0.2,9.6,340,3.2833933759264204,-9.02104915954472
2014-07-27 15:00:00,28.8,77,0.4,6.9,332,3.239353783222647,-6.092338390726596
2014-07-27 16:00:00,28.5,79,0.0,5.2,348,1.0811407922523493,-5.086367523815789
2014-07-27 17:00:00,28.3,80,0.0,5.2,344,1.4333142502483958,-4.998560818879258
2014-07-27 18:00:00,28.0,82,0.0,6.0,343,1.7542302283364206,-5.737828535778212
2014-07-27 19:00:00,27.1,90,0.0,3.1,21,-1.1109406435904323,-2.894099322141325
2014-07-27 20:00:00,26.6,89,0.0,3.0,284,2.9108871788279895,-0.7257656867990032
2014-07-27 21:00:00,27.2,84,0.1,5.5,293,5.062776693988422,-2.149021206691006
2014-07-27 22:00:00,26.3,87,0.3,1.9,292,1.761649323676896,-0.7117525274902328
2014-07-27 23:00:00,25.0,93,0.3,1.8,127,-1.4375439180851273,1.0832670416736867
2014-07-28 00:00:00,24.9,92,0.0,5.6,165,-1.4493866525741166,5.4091846272187825
2014-07-28 01:00:00,24.6,92,0.0,6.9,174,-0.7212463965468096,6.862201078041086
2014-07-28 02:00:00,24.5,92,0.0,8.3,175,-0.7233926648055634,8.268415994161488
2014-07-28 03:00:00,24.4,89,0.0,6.7,164,-1.8467702839738938,6.440453362786736
2014-07-28 04:00:00,24.5,87,0.0,5.9,166,-1.42733918403804,5.7247447850283795
2014-07-28 05:00:00,24.2,88,0.0,6.1,177,-0.3192493330819574,6.0916401620029
2014-07-28 06:00:00,24.1,88,0.0,4.3,185,0.37476969381492997,4.283637201794505
2014-07-28 07:00:00,25.9,87,0.0,5.9,194,1.4273391840380394,5.7247447850283795
2014-07-28 08:00:00,26.9,84,0.0,5.8,210,2.9000000000000004,5.0229473419497435
2014-07-28 09:00:00,27.8,82,0.1,4.7,238,3.9858260519352022,2.490620541896063
2014-07-28 10:00:00,28.8,77,0.0,4.7,261,4.6421352007971475,0.7352419856890852
2014-07-28 11:00:00,29.7,75,0.0,5.9,281,5.791600382341218,-1.1257730727216144
2014-07-28 12:00:00,30.0,74,0.0,9.2,296,8.268905225952336,-4.033014550459511
2014-07-28 13:00:00,29.7,75,0.2,10.2,312,7.580077219869421,-6.825132184860354
2014-07-28 14:00:00,29.3,77,0.1,7.5,325,4.301823272632846,-6.143640332167439
2014-07-28 15:00:00,29.3,76,0.3,6.4,317,4.36478950439999,-4.6806636903626915
2014-07-28 16:00:00,29.5,75,0.0,5.6,333,2.542346798541462,-4.989636535454859
2014-07-28 17:00:00,28.8,77,0.1,2.2,270,2.2,0.0
2014-07-28 18:00:00,28.5,79,0.0,3.1,291,2.8940993221413254,-1.1109406435904308
2014-07-28 19:00:00,27.6,84,0.0,1.1,108,-1.0461621679246689,0.3399186938124423
2014-07-28 20:00:00,26.7,87,0.3,3.7,169,-0.7059932828932158,3.632020578756357
2014-07-28 21:00:00,25.9,88,0.4,4.4,171,-0.6883116461770157,4.3458286986186065
2014-07-28 22:00:00,25.5,90,0.1,7.2,153,-3.2687315981247362,6.415246974156249
2014-07-28 23:00:00,25.2,90,0.0,7.9,164,-2.1775351109542926,7.59396739791272
2014-07-29 00:00:00,24.8,92,0.0,8.0,185,0.6972459419812651,7.969557584733964
2014-07-29 01:00:00,24.3,93,0.0,7.2,183,0.3768188849491966,7.190132650232932
2014-07-29 02:00:00,24.7,90,0.0,7.2,186,0.752604935527105,7.160557646651568
2014-07-29 03:00:00,24.0,91,0.0,7.2,183,0.3768188849491966,7.190132650232932
2014-07-29 04:00:00,23.8,91,0.0,7.2,183,0.3768188849491966,7.190132650232932
2014-07-29 05:00:00,23.6,91,0.0,5.0,159,-1.7918397477265013,4.667902132486009
2014-07-29 06:00:00,23.7,90,0.0,3.1,135,-2.192031021678297,2.1920310216782974
2014-07-29 07:00:00,26.1,85,0.0,3.1,111,-2.8940993221413254,1.1109406435904308
2014-07-29 08:00:00,27.4,81,0.0,1.0,45,-0.7071067811865477,-0.7071067811865475
2014-07-29 09:00:00,28.5,79,0.0,3.6,307,2.875087836170254,-2.166534083347374
2014-07-29 10:00:00,29.1,77,0.0,7.1,311,5.358438019581681,-4.658019105832602
2014-07-29 11:00:00,29.7,74,0.0,11.0,311,8.301805382450492,-7.2166493188955805
2014-07-29 12:00:00,29.8,74,0.1,11.3,329,5.8199302464836125,-9.68599049793387
2014-07-29 13:00:00,30.1,74,0.1,9.7,345,2.510544737494451,-9.369480515003962
2014-07-29 14:00:00,29.4,76,0.1,8.7,355,0.7582549619046257,-8.666893873398186
2014-07-29 15:00:00,29.6,78,0.2,8.4,10,-1.458644692402215,-8.272385125302547
2014-07-29 16:00:00,29.5,78,0.0,7.5,17,-2.192787785420528,-7.172285669722765
2014-07-29 17:00:00,29.2,79,0.0,6.8,18,-2.1013155617496433,-6.467184310807044
2014-07-29 18:00:00,29.0,80,0.0,5.1,4,-0.35575801609504043,-5.087576656325103
2014-07-29 19:00:00,28.6,81,0.0,5.6,345,1.4493866525741161,-5.4091846272187825
2014-07-29 20:00:00,28.0,83,0.0,3.3,6,-0.3449439287832561,-3.281922254715302
2014-07-29 21:00:00,26.7,89,0.0,2.5,315,1.7677669529663689,-1.7677669529663687
2014-07-29 22:00:00,25.8,92,0.0,1.0,315,0.7071067811865476,-0.7071067811865475
2014-07-29 23:00:00,25.3,93,0.0,1.3,146,-0.7269507745119708,1.0777488443215544
2014-07-30 00:00:00,25.0,94,0.0,3.7,169,-0.7059932828932158,3.632020578756357
2014-07-30 01:00:00,25.0,94,0.0,6.6,171,-1.0324674692655234,6.518743047927909
2014-07-30 02:00:00,25.1,94,0.0,7.3,171,-1.1419715947936848,7.210124886344506
2014-07-30 03:00:00,25.1,93,0.0,7.9,177,-0.41345405431925636,7.889173324561134
2014-07-30 04:00:00,25.1,93,0.0,6.9,189,1.0793978087775935,6.815049550106451
2014-07-30 05:00:00,25.2,91,0.0,6.2,170,-1.076618701534968,6.10580806867569
2014-07-30 06:00:00,24.8,92,0.0,5.4,143,-3.2498011250210617,4.312631754255381
2014-07-30 07:00:00,26.8,85,0.0,5.1,129,-3.963444403430551,3.2095339943541705
2014-07-30 08:00:00,27.9,80,0.0,3.2,117,-2.851220877402777,1.4527695991665501
2014-07-30 09:00:00,28.8,77,0.0,2.3,72,-2.187429987478853,-0.7107390870623786
2014-07-30 10:00:00,29.6,75,0.0,3.7,349,0.7059932828932162,-3.632020578756357
2014-07-30 11:00:00,30.2,73,0.0,9.0,344,2.4807362023529924,-8.65135526344487
2014-07-30 12:00:00,30.6,72,0.1,13.1,351,2.049291492027025,-12.938717261796304
2014-07-30 13:00:00,30.5,72,0.0,15.6,352,2.171100374977021,-15.448181872368497
2014-07-30 14:00:00,30.1,74,0.0,16.2,356,1.1300548746548287,-16.16053761420915
2014-07-30 15:00:00,30.2,74,0.0,15.2,4,-1.0602984009107088,-15.162973563949327
2014-07-30 16:00:00,30.0,76,0.0,15.5,1,-0.2705122997778942,-15.497639274924065
2014-07-30 17:00:00,29.4,80,0.0,13.7,357,0.7170026005283323,-13.681224626137661
2014-07-30 18:00:00,28.7,83,0.0,11.2,6,-1.1707187885977175,-11.13864522812466
2014-07-30 19:00:00,28.0,86,0.0,10.8,4,-0.7533699164365563,-10.773691742806102
2014-07-30 20:00:00,27.4,89,0.0,11.5,4,-0.8021994480574441,-11.471986577987979
2014-07-30 21:00:00,26.9,90,0.0,10.8,358,0.3769145643870117,-10.793420931806235
2014-07-30 22:00:00,27.3,89,0.0,9.9,350,1.7191169589026112,-9.74959675482086
2014-07-30 23:00:00,26.8,91,0.0,6.2,353,0.7555899291119145,-6.153786140176196
2014-07-31 00:00:00,26.0,93,0.0,4.8,347,1.0797650608505516,-4.676976310969129
2014-07-31 01:00:00,26.0,93,0.2,6.2,350,1.0766187015349686,-6.10580806867569
2014-07-31 02:00:00,26.3,89,0.2,9.0,5,-0.7844016847289242,-8.96575228282571
2014-07-31 03:00:00,26.3,89,0.0,7.9,357,0.41345405431925736,-7.889173324561134
2014-07-31 04:00:00,26.2,88,0.2,9.4,353,1.1455718280083864,-9.329933825428427
2014-07-31 05:00:00,25.4,92,0.1,10.1,2,-0.35248491669525767,-10.093847352892867
2014-07-31 06:00:00,25.1,93,0.0,10.2,10,-1.7712114122026892,-10.045039080724521
2014-07-31 07:00:00,26.5,91,0.0,11.6,5,-1.0110066158728357,-11.555858497864248
2014-07-31 08:00:00,27.4,88,0.0,13.3,360,8.143901214329899e-16,-13.3
2014-07-31 09:00:00,28.4,85,0.1,13.5,351,2.1118652780431173,-13.33379259803436
2014-07-31 10:00:00,29.2,80,0.2,14.8,346,3.5804440548750818,-14.360376748884748
2014-07-31 11:00:00,29.5,80,0.0,16.3,342,5.036977008311644,-15.502221215611003
2014-07-31 12:00:00,30.4,76,0.0,17.4,342,5.376895702124085,-16.54838338353567
2014-07-31 13:00:00,30.6,76,0.0,17.3,337,6.759648522864436,-15.924733964727219
2014-07-31 14:00:00,30.6,76,0.0,17.9,335,7.564866885158519,-16.222909387956033
2014-07-31 15:00:00,29.9,81,0.1,17.9,332,8.403540973867445,-15.80476191217479
2014-07-31 16:00:00,28.8,84,0.3,15.3,333,6.9460546460150665,-13.632399820082028
2014-07-31 17:00:00,28.8,85,0.0,12.6,333,5.72028029671829,-11.226682204773434
2014-07-31 18:00:00,28.3,86,0.0,6.4,317,4.36478950439999,-4.6806636903626915
2014-07-31 19:00:00,27.7,90,0.2,5.8,274,5.78587149150698,-0.40458754771592675
2014-07-31 20:00:00,27.0,89,0.3,5.4,217,3.2498011250210617,4.312631754255381
2014-07-31 21:00:00,25.9,93,0.2,7.5,215,4.301823272632846,6.143640332167439
2014-07-31 22:00:00,25.5,92,0.1,7.0,201,2.5085756468171025,6.535062985480412
2014-07-31 23:00:00,25.0,92,0.0,6.9,186,0.7212463965468089,6.862201078041086
2014-08-01 00:00:00,24.5,92,0.2,7.9,180,4.837354856632045e-16,7.9
2014-08-01 01:00:00,24.4,89,0.1,8.7,163,-2.5436338310878086,8.31985137687841
2014-08-01 02:00:00,24.2,88,0.0,10.8,143,-6.499602250042123,8.625263508510763
2014-08-01 03:00:00,24.0,87,0.0,13.2,135,-9.333809511662427,9.333809511662427
2014-08-01 04:00:00,24.0,86,0.2,12.9,144,-7.582429754572902,10.436319227436822
2014-08-01 05:00:00,23.8,86,1.0,11.8,157,-4.610627316173431,10.861957270738795
2014-08-01 06:00:00,23.8,87,1.0,13.6,169,-2.5950023371210094,13.35012969488823
2014-08-01 07:00:00,25.0,85,0.3,15.9,175,-1.385776309687766,15.839495699658755
2014-08-01 08:00:00,26.2,81,0.5,16.2,180,9.919639073093561e-16,16.2
2014-08-01 09:00:00,27.3,76,0.1,17.1,173,-2.0839657722280203,16.97253919306661
2014-08-01 10:00:00,28.3,74,0.1,17.8,173,-2.1692743126116234,17.667321499215532
2014-08-01 11:00:00,29.6,71,0.0,16.6,175,-1.4467853296111268,16.536831988322977
2014-08-01 12:00:00,30.5,69,0.0,18.4,180,1.1266750552155648e-15,18.4
2014-08-01 13:00:00,30.8,69,0.0,18.7,179,-0.32636000037720103,18.697151899424515
2014-08-01 14:00:00,31.2,66,0.0,18.0,178,-0.6281909406450172,17.989034886343724
2014-08-01 15:00:00,31.3,64,0.0,18.0,182,0.6281909406450195,17.989034886343724
2014-08-01 16:00:00,30.9,67,0.0,17.9,190,3.108302380238054,17.628058778918522
2014-08-01 17:00:00,29.9,74,0.0,16.8,190,2.9172893848044312,16.544770250605094
2014-08-01 18:00:00,28.8,79,0.0,17.3,192,3.596872251147239,16.921953492694836
2014-08-01 19:00:00,27.8,82,0.0,16.4,189,2.565525226659787,16.19808878576026
2014-08-01 20:00:00,27.0,85,0.0,13.7,183,0.7170026005283323,13.681224626137661
2014-08-01 21:00:00,26.5,86,0.0,13.0,178,-0.4536934571325124,12.992080751248245
2014-08-01 22:00:00,26.0,86,0.2,13.0,182,0.453693457132514,12.992080751248245
2014-08-01 23:00:00,25.6,86,0.4,15.5,175,-1.3509140125887027,15.441017820422056
2014-08-02 00:00:00,25.3,85,0.7000000000000001,15.3,165,-3.959931390068569,14.778665142222746
2014-08-02 01:00:00,25.0,86,1.0,14.9,160,-5.096100135552464,14.001420049710037
2014-08-02 02:00:00,24.6,89,1.7000000000000002,14.3,155,-6.043441142892001,12.960201354624097
2014-08-02 03:00:00,24.3,88,0.9,15.2,149,-7.8285787386328245,13.028942970672107
2014-08-02 04:00:00,24.2,89,0.7000000000000001,15.8,145,-9.06250769434653,12.942602299766069
2014-08-02 05:00:00,24.3,89,0.3,14.7,149,-7.571059701177798,12.60035932032105
2014-08-02 06:00:00,24.5,90,0.4,15.0,150,-7.4999999999999964,12.99038105676658
2014-08-02 07:00:00,25.2,90,0.4,13.8,165,-3.571702822414788,13.329776402789143
2014-08-02 08:00:00,26.6,86,0.2,14.9,172,-2.0736792043049737,14.7549942242494
2014-08-02 09:00:00,27.7,80,0.0,16.3,175,-1.4206386067868293,16.237973578895453
2014-08-02 10:00:00,28.6,77,0.0,18.4,186,1.9233237241248236,18.299202874776228
2014-08-02 11:00:00,29.2,76,0.0,20.9,191,3.9879080033697885,20.516008134056175
2014-08-02 12:00:00,29.8,74,0.0,21.5,194,5.201320755392855,20.861358114933925
2014-08-02 13:00:00,30.1,72,0.0,20.6,192,4.282980830845845,20.149840575116396
2014-08-02 14:00:00,30.3,71,0.0,20.8,190,3.611882095472153,20.484001262653926
2014-08-02 15:00:00,29.7,72,0.0,19.2,193,4.319060243402206,18.707905243876517
2014-08-02 16:00:00,29.6,73,0.0,17.8,198,5.500502499874065,16.928805990053732
2014-08-02 17:00:00,29.2,77,0.0,15.6,199,5.0788632095316455,14.750089779349342
2014-08-02 18:00:00,28.6,79,0.0,10.9,189,1.705135668938517,10.765802912487002
2014-08-02 19:00:00,27.6,83,0.0,10.4,178,-0.36295476570600993,10.393664600998596
2014-08-02 20:00:00,27.0,86,0.0,10.9,171,-1.705135668938516,10.765802912487002
2014-08-02 21:00:00,26.5,87,0.0,11.4,169,-2.175222547292611,11.19054989130337
2014-08-02 22:00:00,25.9,89,0.0,11.6,173,-1.4136843834997095,11.513535359039336
2014-08-02 23:00:00,25.4,90,0.0,12.4,172,-1.7257464519048105,12.279324052395474
2014-08-03 00:00:00,24.9,91,0.0,13.0,174,-1.3588700224794963,12.928784639787553
2014-08-03 01:00:00,24.6,91,0.0,13.1,172,-1.823167622576856,12.972511700514572
2014-08-03 02:00:00,24.4,91,0.0,12.5,168,-2.5988961352219917,12.226845009172571
2014-08-03 03:00:00,23.9,86,0.3,12.0,173,-1.4624321208617683,11.910553819695865
2014-08-03 04:00:00,24.6,81,0.3,11.2,176,-0.7812725059342036,11.17271736291003
2014-08-03 05:00:00,25.7,75,0.2,9.0,182,0.31409547032250973,8.994517443171862
2014-08-03 06:00:00,25.6,75,0.1,7.3,171,-1.1419715947936848,7.210124886344506
2014-08-03 07:00:00,26.1,83,0.0,8.7,173,-1.060263287624782,8.635151519279502
2014-08-03 08:00:00,28.1,73,0.0,10.1,174,-1.055737479003301,10.04467114321956
2014-08-03 09:00:00,28.6,74,0.0,10.5,184,0.732442974313315,10.474422527728153
2014-08-03 10:00:00,29.4,74,0.0,10.8,201,3.870373855089244,10.08266860616978
2014-08-03 11:00:00,30.0,74,0.0,12.0,213,6.5356684201803255,10.064046815345089
2014-08-03 12:00:00,30.4,72,0.0,13.0,222,8.698697882665158,9.660882731206126
2014-08-03 13:00:00,30.6,71,0.0,13.8,219,8.684621396487758,10.7246142681062
2014-08-03 14:00:00,30.7,69,0.0,14.1,218,8.680826802091781,11.11095162585478
2014-08-03 15:00:00,30.2,75,0.1,14.3,219,8.999281592012677,11.113187248834684
2014-08-03 16:00:00,29.6,77,0.3,14.8,209,7.17518237964579,12.944371665663057
2014-08-03 17:00:00,29.4,78,0.0,12.2,204,4.962187045524762,11.14525458323973
2014-08-03 18:00:00,28.6,81,0.0,8.9,212,4.716281451675524,7.547628055792192
2014-08-03 19:00:00,27.8,85,0.0,9.3,208,4.366085533908786,8.21141261358802
2014-08-03 20:00:00,26.9,90,0.0,9.5,189,1.4861274178821937,9.38303923565381
2014-08-03 21:00:00,26.1,94,0.0,10.2,203,3.985457510590592,9.389149505214892
2014-08-03 22:00:00,25.7,96,0.0,9.7,211,4.995869326627525,8.31452281681049
2014-08-03 23:00:00,25.3,96,0.0,9.2,191,1.755442757464213,9.030970087718508
2014-08-04 00:00:00,25.2,96,0.4,7.1,165,-1.837615220227898,6.858073366652385
2014-08-04 01:00:00,25.3,94,0.1,5.4,143,-3.2498011250210617,4.312631754255381
2014-08-04 02:00:00,25.4,91,0.5,8.0,144,-4.702282018339784,6.47213595499958
2014-08-04 03:00:00,25.3,88,0.4,8.7,173,-1.060263287624782,8.635151519279502
2014-08-04 04:00:00,24.4,93,0.3,8.6,182,0.3001356716415093,8.594761112364223
2014-08-04 05:00:00,24.5,92,0.0,8.0,162,-2.4721359549995787,7.608452130361229
2014-08-04 06:00:00,25.6,85,0.0,3.1,159,-1.1109406435904308,2.8940993221413254
2014-08-04 07:00:00,26.3,87,0.0,3.6,180,2.2043642384652358e-16,3.6
2014-08-04 08:00:00,27.1,84,0.0,4.1,195,1.061158084920335,3.96029588778518
2014-08-04 09:00:00,28.0,82,0.0,4.4,215,2.5237363199446032,3.604268994871564
2014-08-04 10:00:00,29.0,79,0.0,6.0,237,5.032023407672544,3.2678342100901627
2014-08-04 11:00:00,29.3,80,0.1,6.4,254,6.1520748540052415,1.7640790772287946
2014-08-04 12:00:00,29.5,80,0.1,5.5,281,5.3989495089621515,-1.0494494745709964
2014-08-04 13:00:00,29.3,81,0.2,8.0,288,7.608452130361228,-2.472135954999579
2014-08-04 14:00:00,29.0,81,0.4,9.1,279,8.987963899415753,-1.4235536318661008
2014-08-04 15:00:00,28.0,83,6.9,9.3,254,8.939733772226367,2.5634274090980926
2014-08-04 16:00:00,27.2,87,2.3,5.5,157,-2.149021206691006,5.062776693988422
2014-08-04 17:00:00,27.1,88,0.3,3.3,186,0.3449439287832564,3.2819222547153015
2014-08-04 18:00:00,27.1,89,0.2,2.2,261,2.1729143493093033,0.34415582308850795
2014-08-04 19:00:00,26.5,93,0.0,3.6,307,2.875087836170254,-2.166534083347374
2014-08-04 20:00:00,26.6,90,0.0,3.0,256,2.9108871788279895,0.7257656867990032
2014-08-04 21:00:00,26.5,90,0.1,2.2,261,2.1729143493093033,0.34415582308850795
2014-08-04 22:00:00,26.4,91,0.0,1.6,207,0.726384799583275,1.4256104387013886
2014-08-04 23:00:00,25.3,95,0.0,5.0,159,-1.7918397477265013,4.667902132486009
2014-08-05 00:00:00,25.0,95,0.4,7.1,165,-1.837615220227898,6.858073366652385
2014-08-05 01:00:00,24.7,96,0.6,7.0,159,-2.5085756468171017,6.535062985480412
2014-08-05 02:00:00,24.6,96,0.4,7.4,151,-3.587591189822894,6.47218583283153
2014-08-05 03:00:00,24.8,93,0.3,7.5,145,-4.301823272632846,6.143640332167438
2014-08-05 04:00:00,24.5,93,0.0,6.7,126,-5.420413862312147,3.938161190359571
2014-08-05 05:00:00,24.4,92,0.0,5.6,117,-4.989636535454859,2.542346798541462
2014-08-05 06:00:00,24.2,93,0.0,4.1,105,-3.9602958877851795,1.0611580849203361
2014-08-05 07:00:00,25.8,93,0.0,4.9,107,-4.685893304218874,1.4326213531414094
2014-08-05 08:00:00,27.3,81,0.0,5.3,118,-4.679622242152313,2.4881992827652204
2014-08-05 09:00:00,27.8,80,0.0,5.5,122,-4.664264528860342,2.914555953282627
2014-08-05 10:00:00,28.4,78,0.0,3.6,143,-2.1665340833473743,2.8750878361702537
2014-08-05 11:00:00,28.5,79,0.0,3.7,169,-0.7059932828932158,3.632020578756357
2014-08-05 12:00:00,28.5,80,0.1,3.1,144,-1.8221342821066664,2.5079526825623373
2014-08-05 13:00:00,28.6,80,0.2,5.4,70,-5.074340152243906,-1.846908773958611
2014-08-05 14:00:00,27.4,86,4.5,6.2,69,-5.788198644282651,-2.221881287180863
2014-08-05 15:00:00,28.7,76,0.0,3.2,63,-2.8512208774027776,-1.4527695991665495
2014-08-05 16:00:00,29.0,74,0.0,3.6,225,2.5455844122715714,2.545584412271571
2014-08-05 17:00:00,28.9,74,0.0,6.1,230,4.6728711030257655,3.921004419087889
2014-08-05 18:00:00,27.9,79,0.0,4.5,209,2.181643291108517,3.935788682127281
2014-08-05 19:00:00,27.2,82,0.0,5.9,133,-4.314986839553106,4.023790324368742
2014-08-05 20:00:00,26.9,86,0.0,5.7,125,-4.669166652447254,3.269385687200962
2014-08-05 21:00:00,26.8,84,0.0,2.4,153,-1.089577199374912,2.138415658052083
2014-08-05 22:00:00,27.3,81,0.0,2.5,188,0.34793275240016364,2.475670171853926
2014-08-05 23:00:00,26.5,85,0.0,3.7,169,-0.7059932828932158,3.632020578756357
2014-08-06 00:00:00,25.9,87,0.0,6.6,171,-1.0324674692655234,6.518743047927909
2014-08-06 01:00:00,26.3,85,0.0,6.5,186,0.6794350112397475,6.4643923198937765
2014-08-06 02:00:00,26.5,84,0.0,6.8,180,4.1637991171010006e-16,6.8
2014-08-06 03:00:00,26.7,81,0.0,6.0,163,-1.75423022833642,5.737828535778213
2014-08-06 04:00:00,26.0,84,0.0,6.6,151,-3.199743493625824,5.772490067120012
2014-08-06 05:00:00,25.8,84,0.0,6.3,149,-3.2447398719333416,5.400153994423308
2014-08-06 06:00:00,25.3,87,0.0,4.3,156,-1.748967565225941,3.9282454678631837
2014-08-06 07:00:00,26.3,88,0.0,4.0,153,-1.8159619989581868,3.5640260967534716
2014-08-06 08:00:00,27.8,77,0.0,3.4,148,-1.8017254983928963,2.8833635269318485
2014-08-06 09:00:00,28.7,74,0.0,3.4,122,-2.883363526931848,1.8017254983928965
2014-08-06 10:00:00,29.6,71,0.0,1.5,104,-1.4554435894139948,0.3628828433995016
2014-08-06 11:00:00,30.3,69,0.0,1.0,315,0.7071067811865476,-0.7071067811865475
2014-08-06 12:00:00,30.5,67,0.0,2.3,252,2.1874299874788528,0.710739087062379
2014-08-06 13:00:00,30.2,68,0.4,6.6,229,4.981083229470295,4.329989591337347
2014-08-06 14:00:00,29.9,71,1.3,7.6,205,3.211898789229316,6.887939181478539
2014-08-06 15:00:00,29.2,73,0.0,6.0,123,-5.032023407672543,3.2678342100901636
2014-08-06 16:00:00,29.5,71,0.0,4.7,171,-0.7352419856890848,4.6421352007971475
2014-08-06 17:00:00,29.4,72,0.0,9.6,236,7.958760696528399,5.36825187331917
2014-08-06 18:00:00,28.1,79,0.0,10.0,240,8.660254037844387,4.999999999999999
2014-08-06 19:00:00,27.1,83,0.1,8.7,197,2.5436338310878095,8.319851376878407
2014-08-06 20:00:00,26.5,89,0.0,8.3,178,-0.28966582263075796,8.294943864258496
2014-08-06 21:00:00,25.5,92,0.0,8.5,208,3.9905082836800725,7.505054539300878
2014-08-06 22:00:00,24.9,94,0.0,10.5,202,3.9333692308670756,9.735430472951268
2014-08-06 23:00:00,24.6,94,0.0,10.1,184,0.7045403848156648,10.075396907624224
2014-08-07 00:00:00,24.4,94,0.0,9.7,182,0.33852511801426044,9.694091022085228
2014-08-07 01:00:00,24.0,95,0.1,11.0,203,4.298042413382011,10.125553387976844
2014-08-07 02:00:00,23.8,95,0.9,11.9,194,2.8788705576360454,11.546519142684359
2014-08-07 03:00:00,24.3,94,0.0,9.6,167,-2.159530121701104,9.353952621938259
2014-08-07 04:00:00,24.5,92,0.0,9.4,182,0.3280552690035102,9.394273773979501
2014-08-07 05:00:00,24.5,91,0.0,9.0,182,0.31409547032250973,8.994517443171862
2014-08-07 06:00:00,23.7,94,0.0,7.2,180,4.4087284769304716e-16,7.2
2014-08-07 07:00:00,25.4,90,0.0,8.0,172,-1.1133848076805228,7.922144549932563
2014-08-07 08:00:00,26.9,82,0.0,9.0,185,0.7844016847289232,8.96575228282571
2014-08-07 09:00:00,28.2,79,0.0,9.1,198,2.8120546488120217,8.654614298285896
2014-08-07 10:00:00,29.2,75,0.1,9.0,217,5.4163352083684355,7.187719590425635
2014-08-07 11:00:00,29.4,78,0.2,8.7,228,6.46535998165333,5.821436275322066
2014-08-07 12:00:00,29.6,79,0.0,10.5,243,9.355568503977864,4.766900247265241
2014-08-07 13:00:00,30.0,78,0.1,14.0,235,11.468128620045885,8.030070108914645
2014-08-07 14:00:00,29.0,82,0.3,13.7,207,6.219669846431791,12.206789381380638
2014-08-07 15:00:00,27.8,83,0.4,12.0,189,1.877213580482771,11.852260087141653
2014-08-07 16:00:00,28.0,82,0.1,12.1,192,2.5157314588948894,11.835585968879046
2014-08-07 17:00:00,28.0,81,0.0,9.4,162,-2.9047597471245052,8.939931253174445
2014-08-07 18:00:00,27.8,80,0.0,7.5,197,2.192787785420526,7.172285669722766
2014-08-07 19:00:00,26.7,85,0.0,11.3,207,5.1300926470568795,10.068373723328557
2014-08-07 20:00:00,26.0,89,0.0,10.5,202,3.9333692308670756,9.735430472951268
2014-08-07 21:00:00,25.5,91,0.0,11.2,201,4.013721034907364,10.45610077676866
2014-08-07 22:00:00,25.0,93,0.0,10.9,188,1.5169868004647136,10.793921949283117
2014-08-07 23:00:00,24.8,93,0.0,11.0,191,2.098898949141994,10.797899017924303
2014-08-08 00:00:00,24.7,93,0.0,10.9,197,3.186851581477831,10.423721839997087
2014-08-08 01:00:00,24.3,93,0.0,11.0,199,3.5812496990287244,10.400704331592484
2014-08-08 02:00:00,24.0,94,0.0,10.8,195,2.795245687107224,10.431998923921938
2014-08-08 03:00:00,24.0,95,0.2,11.1,193,2.4969567032169007,10.81550771911611
2014-08-08 04:00:00,23.5,96,0.0,10.9,188,1.5169868004647136,10.793921949283117
2014-08-08 05:00:00,23.5,95,0.0,10.1,178,-0.3524849166952596,10.093847352892867
2014-08-08 06:00:00,23.8,94,0.0,8.7,156,-3.538608794759462,7.947845481490627
2014-08-08 07:00:00,25.3,89,0.0,7.4,157,-2.891410350820626,6.811735915548058
2014-08-08 08:00:00,26.9,81,0.0,7.9,180,4.837354856632045e-16,7.9
2014-08-08 09:00:00,27.9,79,0.0,10.0,195,2.5881904510252074,9.659258262890683
2014-08-08 10:00:00,28.9,76,0.0,11.6,202,4.345436483624579,10.755332712974734
2014-08-08 11:00:00,29.8,73,0.0,11.8,218,7.2648054088427685,9.29852689255932
2014-08-08 12:00:00,30.2,73,0.0,12.4,234,10.031810730249349,7.288537128426667
2014-08-08 13:00:00,30.3,74,0.0,13.4,234,10.840827724624296,7.87632238071914
2014-08-08 14:00:00,30.3,77,0.1,12.5,229,9.43386975278465,8.200737862381342
2014-08-08 15:00:00,28.6,81,0.5,12.2,214,6.822153422343111,10.114258385171508
2014-08-08 16:00:00,28.1,83,0.4,10.8,206,4.734408385322037,9.706975700031006
2014-08-08 17:00:00,27.9,84,0.1,11.6,206,5.085105302753298,10.426010937070338
2014-08-08 18:00:00,27.2,86,0.1,8.9,207,4.040515447681967,7.929958065276474
2014-08-08 19:00:00,26.8,88,0.0,9.5,209,4.605691392340202,8.30888721782426
2014-08-08 20:00:00,26.4,90,0.0,10.1,197,2.952954217699641,9.658678035226657
2014-08-08 21:00:00,26.0,92,0.0,9.6,193,2.159530121701103,9.353952621938259
2014-08-08 22:00:00,25.7,93,0.0,9.8,186,1.024378940023004,9.746314574609078
2014-08-08 23:00:00,25.3,93,0.0,9.8,186,1.024378940023004,9.746314574609078
2014-08-09 00:00:00,25.0,94,0.0,9.8,186,1.024378940023004,9.746314574609078
2014-08-09 01:00:00,24.9,94,0.0,10.9,189,1.705135668938517,10.765802912487002
2014-08-09 02:00:00,24.9,93,0.0,10.7,194,2.588564282916444,10.382164271153162
2014-08-09 03:00:00,25.0,94,0.0,10.1,186,1.0557374790032998,10.04467114321956
2014-08-09 04:00:00,25.0,94,0.0,9.7,176,-0.6766377953180156,9.676371287520293
2014-08-09 05:00:00,25.3,91,0.0,10.1,186,1.0557374790032998,10.04467114321956
2014-08-09 06:00:00,24.7,93,0.0,9.4,180,5.755839955992561e-16,9.4
2014-08-09 07:00:00,26.1,90,0.0,10.6,190,1.8406706832694624,10.438962181929405
2014-08-09 08:00:00,27.2,85,0.0,12.4,197,3.625409138561936,11.858178973941639
2014-08-09 09:00:00,28.2,80,0.3,13.4,207,6.0834726965099275,11.93948742412413
2014-08-09 10:00:00,28.8,78,0.4,16.3,211,8.395120621033882,13.971827001444431
2014-08-09 11:00:00,29.0,80,0.4,17.4,220,11.184504408545784,13.329173310270216
2014-08-09 12:00:00,29.3,81,0.3,16.3,221,10.693762172545268,12.301766157631185
2014-08-09 13:00:00,28.9,83,0.0,16.1,207,7.309247045806704,14.345205039432722
2014-08-09 14:00:00,28.7,82,0.0,16.1,200,5.506524307543269,15.129051194653126
2014-08-09 15:00:00,28.5,84,0.7000000000000001,14.7,197,4.2978640594242306,14.05767991265662
2014-08-09 16:00:00,28.4,85,0.5,11.6,202,4.345436483624579,10.755332712974734
2014-08-09 17:00:00,27.4,87,0.8,13.4,186,1.4006814077865564,13.326593397934863
2014-08-09 18:00:00,26.8,90,0.2,12.3,187,1.4989929238833142,12.208317665188261
2014-08-09 19:00:00,26.4,91,0.0,12.4,190,2.1532374030699373,12.21161613735138
2014-08-09 20:00:00,26.1,91,0.0,12.1,197,3.5376976271451146,11.571287547152728
2014-08-09 21:00:00,26.0,92,0.2,10.8,206,4.734408385322037,9.706975700031006
2014-08-09 22:00:00,25.7,93,0.3,10.9,197,3.186851581477831,10.423721839997087
2014-08-09 23:00:00,25.5,93,0.0,12.6,178,-0.439733658451512,12.592324420440606
2014-08-10 00:00:00,25.6,92,0.0,12.7,172,-1.7674983821928298,12.576404473017943
2014-08-10 01:00:00,25.6,91,0.0,10.9,174,-1.1393602496174238,10.84028865951418
2014-08-10 02:00:00,25.3,92,0.1,10.5,188,1.4613175600806874,10.397814721786489
2014-08-10 03:00:00,25.5,91,0.1,10.7,192,2.224655091750026,10.46617932785172
2014-08-10 04:00:00,25.4,91,0.0,11.6,185,1.0110066158728344,11.555858497864248
2014-08-10 05:00:00,25.3,91,0.0,12.3,187,1.4989929238833142,12.208317665188261
2014-08-10 06:00:00,25.3,92,0.0,10.9,188,1.5169868004647136,10.793921949283117
2014-08-10 07:00:00,26.3,90,0.0,12.3,183,0.6437322617882109,12.283143277481258
2014-08-10 08:00:00,27.3,85,0.0,13.7,177,-0.7170026005283306,13.681224626137661
2014-08-10 09:00:00,28.1,82,0.0,14.4,184,1.0044932219154035,14.36492232374147
2014-08-10 10:00:00,28.9,78,0.0,15.3,195,3.9599313900685673,14.778665142222746
2014-08-10 11:00:00,29.6,78,0.4,15.5,205,6.550583056980841,14.047770699068074
2014-08-10 12:00:00,29.2,78,0.6,15.8,207,7.17304989588484,14.077903082176212
2014-08-10 13:00:00,28.3,82,1.3,16.0,189,2.502951440643695,15.803013449522204
2014-08-10 14:00:00,27.8,83,1.0,17.0,185,1.4816476267101883,16.935309867559674
2014-08-10 15:00:00,27.9,83,0.3,17.1,187,2.083965772228022,16.972539193066606
2014-08-10 16:00:00,27.6,83,0.1,16.3,186,1.7038139512627515,16.210706894502856
2014-08-10 17:00:00,27.4,85,0.0,15.1,179,-0.2635313372029805,15.097700196861508
2014-08-10 18:00:00,27.3,84,0.0,10.7,166,-2.5885642829164452,10.382164271153162
2014-08-10 19:00:00,27.0,83,0.0,10.1,174,-1.055737479003301,10.04467114321956
2014-08-10 20:00:00,26.4,86,0.0,11.4,193,2.5644420195200603,11.107818738551682
2014-08-10 21:00:00,26.0,87,0.0,13.3,199,4.330056454280185,12.575397055470914
2014-08-10 22:00:00,25.7,88,0.0,15.6,195,4.0375771035993235,15.068442890109464
2014-08-10 23:00:00,25.4,89,0.1,16.1,190,2.79573566043758,15.855404823496551
2014-08-11 00:00:00,25.2,90,0.2,16.5,190,2.8651949315043517,16.249327924701433
2014-08-11 01:00:00,25.1,89,0.9,15.2,185,1.3247672897644036,15.142159410994532
2014-08-11 02:00:00,25.2,87,0.7000000000000001,13.7,175,-1.1940336756429177,13.647867363856914
2014-08-11 03:00:00,25.2,87,0.1,13.7,182,0.4781231048242648,13.691654330161612
2014-08-11 04:00:00,25.1,88,0.0,11.2,174,-1.1707187885977197,11.13864522812466
2014-08-11 05:00:00,25.0,88,0.0,10.1,153,-4.585304047369421,8.999165894302516
2014-08-11 06:00:00,25.1,88,0.0,11.2,165,-2.898773305148233,10.818369254437565
2014-08-11 07:00:00,25.8,85,0.0,12.0,171,-1.8772135804827697,11.852260087141653
2014-08-11 08:00:00,26.8,82,0.0,14.0,168,-2.9107636714486307,13.69406641027328
2014-08-11 09:00:00,27.8,78,0.0,13.6,169,-2.5950023371210094,13.35012969488823
2014-08-11 10:00:00,28.3,78,0.0,13.6,191,2.5950023371210107,13.35012969488823
2014-08-11 11:00:00,28.7,78,0.3,15.3,204,6.223070639059744,13.977245501931794
2014-08-11 12:00:00,28.7,80,0.8,16.0,194,3.870750329594683,15.524731620415944
2014-08-11 13:00:00,28.4,82,1.3,13.9,205,5.874393838195722,12.597678239809435
2014-08-11 14:00:00,27.1,86,4.1,16.9,200,5.780140422203803,15.880805291281849
2014-08-11 15:00:00,27.6,86,0.7000000000000001,12.6,178,-0.439733658451512,12.592324420440606
2014-08-11 16:00:00,27.4,87,0.3,13.3,182,0.4641633061432644,13.291897999353974
2014-08-11 17:00:00,27.3,88,0.0,13.7,175,-1.1940336756429177,13.647867363856914
2014-08-11 18:00:00,27.0,89,0.0,10.2,198,3.151973342624464,9.700776466210565
2014-08-11 19:00:00,26.5,90,0.0,11.3,197,3.303800263366926,10.806243742382302
2014-08-11 20:00:00,26.1,91,0.0,10.1,184,0.7045403848156648,10.075396907624224
2014-08-11 21:00:00,25.8,91,0.1,10.5,188,1.4613175600806874,10.397814721786489
2014-08-11 22:00:00,25.6,92,0.1,11.0,191,2.098898949141994,10.797899017924303
2014-08-11 23:00:00,25.4,92,0.1,13.1,196,3.610849361202689,12.592528216791978
2014-08-12 00:00:00,25.3,93,0.0,12.1,203,4.727846654720212,11.138108726774528
2014-08-12 01:00:00,25.0,94,0.0,11.4,198,3.522793735874401,10.84204428576475
2014-08-12 02:00:00,25.2,93,0.4,12.3,187,1.4989929238833142,12.208317665188261
2014-08-12 03:00:00,24.7,94,0.1,10.2,190,1.77121141220269,10.045039080724521
2014-08-12 04:00:00,24.6,93,0.2,10.4,194,2.515987714236544,10.091075553270363
2014-08-12 05:00:00,24.6,93,0.5,8.6,182,0.3001356716415093,8.594761112364223
2014-08-12 06:00:00,24.7,92,0.4,7.0,159,-2.5085756468171017,6.535062985480412
2014-08-12 07:00:00,25.0,91,0.4,9.3,164,-2.5634274090980913,8.939733772226367
2014-08-12 08:00:00,25.9,87,0.2,11.5,176,-0.8021994480574413,11.471986577987979
2014-08-12 09:00:00,26.7,85,0.0,10.7,192,2.224655091750026,10.46617932785172
2014-08-12 10:00:00,27.3,85,0.1,12.4,202,4.645121758357308,11.497079796628164
2014-08-12 11:00:00,27.5,86,0.4,11.8,192,2.453357951649562,11.542141688658907
2014-08-12 12:00:00,27.9,84,0.4,11.3,207,5.1300926470568795,10.068373723328557
2014-08-12 13:00:00,27.2,84,1.1,12.5,229,9.43386975278465,8.200737862381342
2014-08-12 14:00:00,26.9,88,1.0,14.0,222,9.367828489024015,10.40402755668352
2014-08-12 15:00:00,26.6,92,4.3,12.8,202,4.794964395723674,11.86795333845488
2014-08-12 16:00:00,26.5,92,3.6,11.5,194,2.782101799396178,11.15840085217396
2014-08-12 17:00:00,26.4,92,1.8,11.6,196,3.19739332747719,11.1506356728845
2014-08-12 18:00:00,25.8,94,1.1,10.5,184,0.732442974313315,10.474422527728153
2014-08-12 19:00:00,25.5,94,0.7000000000000001,8.7,187,1.060263287624783,8.6351515192795
2014-08-12 20:00:00,25.4,94,0.4,10.0,201,3.583679495453004,9.335804264972017
2014-08-12 21:00:00,25.2,94,0.2,11.8,200,4.035837691242892,11.088372925273719
2014-08-12 22:00:00,25.1,94,0.2,13.2,191,2.518678738970393,12.957478821509163
2014-08-12 23:00:00,25.2,93,0.7000000000000001,14.6,189,2.2839431895873714,14.420249772689012
2014-08-13 00:00:00,24.9,94,1.0,14.1,183,0.7379369830255099,14.080676440039491
2014-08-13 01:00:00,24.8,93,1.2,15.2,176,-1.060298400910705,15.162973563949327
2014-08-13 02:00:00,24.5,94,1.9,16.2,176,-1.1300548746548302,16.16053761420915
2014-08-13 03:00:00,24.7,91,0.5,17.0,175,-1.48164762671019,16.935309867559674
2014-08-13 04:00:00,24.6,91,0.4,17.5,172,-2.4355292668011437,17.329691202977482
2014-08-13 05:00:00,24.6,90,0.4,19.1,176,-1.332348648512794,19.053473359962645
2014-08-13 06:00:00,24.7,88,0.2,17.7,174,-1.8501537998374677,17.60303754801844
2014-08-13 07:00:00,25.3,88,0.1,18.8,173,-2.2911436560167706,18.659867650856857
2014-08-13 08:00:00,26.4,86,0.2,21.0,186,2.1950977286207225,20.88495980273374
2014-08-13 09:00:00,27.1,83,0.3,23.7,189,3.7074968214534727,23.408213672104765
2014-08-13 10:00:00,27.6,81,0.8,24.9,190,4.323839623906567,24.521713050003978
2014-08-13 11:00:00,26.9,84,2.0,24.5,190,4.254380352839795,24.127789948799098
2014-08-13 12:00:00,26.3,89,1.9,23.4,194,5.6609723570322235,22.704919994858315
2014-08-13 13:00:00,25.7,91,2.1,23.5,195,6.082247559909238,22.699256917793104
2014-08-13 14:00:00,25.6,91,2.6,24.8,197,7.250818277123872,23.716357947883278
2014-08-13 15:00:00,25.3,91,1.8,21.1,188,2.9365524302573816,20.894656250447134
2014-08-13 16:00:00,24.9,91,1.4,19.8,180,1.2124003311558797e-15,19.8
2014-08-13 17:00:00,25.0,91,1.3,19.8,178,-0.6910100347095189,19.787938374978097
2014-08-13 18:00:00,25.2,91,1.9,14.4,180,8.817456953860943e-16,14.4
2014-08-13 19:00:00,24.9,92,1.3,12.6,175,-1.0981623586204938,12.552053195955994
2014-08-13 20:00:00,24.8,91,0.8,13.8,186,1.4424927930936178,13.724402156082173
2014-08-13 21:00:00,24.7,90,0.4,13.0,185,1.1330246557195558,12.950531075192693
2014-08-13 22:00:00,24.6,88,0.1,13.7,178,-0.47812310482426307,13.691654330161612
2014-08-13 23:00:00,24.3,88,0.0,13.7,182,0.4781231048242648,13.691654330161612
2014-08-14 00:00:00,23.7,89,0.0,14.1,183,0.7379369830255099,14.080676440039491
2014-08-14 01:00:00,23.9,87,0.0,13.8,174,-1.442492793093619,13.724402156082173
2014-08-14 02:00:00,23.7,85,0.0,13.7,177,-0.7170026005283306,13.681224626137661
2014-08-14 03:00:00,23.9,82,0.0,14.1,184,0.9835662797921657,14.06565310866352
2014-08-14 04:00:00,23.7,82,0.0,15.1,183,0.7902729392684539,15.079305974794064
2014-08-14 05:00:00,23.2,84,0.0,14.4,183,0.7536377698983932,14.380265300465863
2014-08-14 06:00:00,23.1,85,0.0,14.5,194,3.507867486195181,14.06928803100195
2014-08-14 07:00:00,24.9,84,0.0,16.3,188,2.268521545649067,16.141369520487597
2014-08-14 08:00:00,26.7,79,0.0,16.9,180,1.0348265452795135e-15,16.9
2014-08-14 09:00:00,27.9,76,0.1,18.6,198,5.747716095374023,17.689651203089856
2014-08-14 10:00:00,28.8,75,0.2,18.8,200,6.429978694522574,17.666221270775075
2014-08-14 11:00:00,29.3,74,0.0,19.3,201,6.916501426224298,18.018102231395993
2014-08-14 12:00:00,29.9,72,0.0,19.3,204,7.850017211362944,17.6314273325022
2014-08-14 13:00:00,29.9,73,0.1,19.8,209,9.599230480877475,17.317470201360035
2014-08-14 14:00:00,28.2,78,0.5,18.5,204,7.524627896902304,16.900590966388116
2014-08-14 15:00:00,29.0,76,0.0,19.5,199,6.348579011914556,18.437612224186676
2014-08-14 16:00:00,29.1,75,0.0,15.2,184,1.0602984009107035,15.162973563949327
2014-08-14 17:00:00,28.9,76,0.0,12.7,173,-1.5477406612453715,12.60533612584479
2014-08-14 18:00:00,28.3,78,0.0,10.1,182,0.3524849166952609,10.093847352892867
2014-08-14 19:00:00,27.3,81,0.0,10.5,174,-1.0975488643103624,10.44247990136687
2014-08-14 20:00:00,26.5,83,0.0,10.7,168,-2.2246550917500247,10.46617932785172
2014-08-14 21:00:00,25.8,84,0.0,10.5,164,-2.89419223607849,10.093247807352348
2014-08-14 22:00:00,25.1,86,0.0,10.3,168,-2.1414904154229215,10.0749202875582
2014-08-14 23:00:00,24.3,88,0.0,10.2,172,-1.4195656297926664,10.100734301164017
2014-08-15 00:00:00,23.9,88,0.0,10.5,172,-1.4613175600806863,10.397814721786489
2014-08-15 01:00:00,23.6,88,0.0,10.9,172,-1.5169868004647125,10.793921949283117
2014-08-15 02:00:00,23.4,87,0.0,11.3,173,-1.3771235804781654,11.21577151354694
2014-08-15 03:00:00,23.0,86,0.2,11.2,174,-1.1707187885977197,11.13864522812466
2014-08-15 04:00:00,22.7,86,0.2,10.2,172,-1.4195656297926664,10.100734301164017
2014-08-15 05:00:00,22.3,87,0.0,9.6,167,-2.159530121701104,9.353952621938259
2014-08-15 06:00:00,22.0,88,0.0,9.4,173,-1.1455718280083853,9.329933825428428
2014-08-15 07:00:00,24.6,86,0.0,10.5,174,-1.0975488643103624,10.44247990136687
2014-08-15 08:00:00,27.7,71,0.0,9.7,182,0.33852511801426044,9.694091022085228
2014-08-15 09:00:00,29.2,64,0.0,10.7,192,2.224655091750026,10.46617932785172
2014-08-15 10:00:00,30.2,63,0.0,11.1,205,4.691062705321763,10.060016436106814
2014-08-15 11:00:00,30.6,66,0.0,11.5,224,7.988571260278468,8.272407703894487
2014-08-15 12:00:00,30.8,69,0.0,12.4,234,10.031810730249349,7.288537128426667
2014-08-15 13:00:00,30.6,73,0.0,13.9,233,11.101033589657371,8.36522882181347
2014-08-15 14:00:00,30.3,77,0.0,12.3,230,9.42234665036343,7.9062875991444335
2014-08-15 15:00:00,30.0,81,0.0,11.5,229,8.679160172561879,7.544678833390834
2014-08-15 16:00:00,29.8,82,0.0,9.4,220,6.04220353105347,7.200817765318393
2014-08-15 17:00:00,28.9,82,0.2,9.1,214,5.088655421583796,7.5442419102508795
2014-08-15 18:00:00,28.2,85,0.3,7.3,200,2.4967470462773824,6.8597561317371305
2014-08-15 19:00:00,27.5,87,0.0,8.9,194,2.1531048708370424,8.635631963856369
2014-08-15 20:00:00,26.6,92,0.0,7.7,191,1.4692292643993958,7.558529312547013
2014-08-15 21:00:00,26.0,92,0.0,7.9,180,4.837354856632045e-16,7.9
2014-08-15 22:00:00,25.5,92,0.0,7.9,177,-0.41345405431925636,7.889173324561134
2014-08-15 23:00:00,25.2,92,0.0,8.3,162,-2.564841053312063,7.893769085249776
2014-08-16 00:00:00,24.3,94,0.0,8.7,156,-3.538608794759462,7.947845481490627
2014-08-16 01:00:00,23.8,94,0.0,7.9,156,-3.213219480298822,7.217009115376547
2014-08-16 02:00:00,23.4,94,0.0,8.0,144,-4.702282018339784,6.47213595499958
2014-08-16 03:00:00,24.1,92,0.0,8.2,139,-5.379684037722158,6.1886185578267305
2014-08-16 04:00:00,24.0,91,0.0,8.9,148,-4.716281451675523,7.547628055792193
2014-08-16 05:00:00,23.8,92,0.0,9.5,151,-4.605691392340201,8.30888721782426
2014-08-16 06:00:00,23.9,91,0.0,7.4,151,-3.587591189822894,6.47218583283153
2014-08-16 07:00:00,25.8,90,0.0,6.5,174,-0.6794350112397481,6.4643923198937765
2014-08-16 08:00:00,27.8,83,0.0,7.3,189,1.1419715947936857,7.210124886344506
2014-08-16 09:00:00,28.7,80,0.0,8.0,207,3.6319239979163744,7.128052193506942
2014-08-16 10:00:00,29.5,77,0.0,8.8,215,5.0474726398892065,7.208537989743128
2014-08-16 11:00:00,30.2,74,0.0,9.4,230,7.200817765318393,6.042203531053469
2014-08-16 12:00:00,30.6,73,0.0,10.8,249,10.08266860616978,3.8703738550892433
2014-08-16 13:00:00,30.5,73,0.0,11.9,256,11.546519142684359,2.8788705576360463
2014-08-16 14:00:00,30.1,75,0.0,11.3,239,9.68599049793387,5.8199302464836125
2014-08-16 15:00:00,29.7,80,1.1,9.8,208,4.600821315301731,8.652886410017484
2014-08-16 16:00:00,28.5,83,1.4,5.4,172,-0.7515347451843529,5.34744757120448
2014-08-16 17:00:00,28.4,82,0.5,4.7,148,-2.4906205418960625,3.9858260519352027
2014-08-16 18:00:00,28.3,83,0.0,3.3,167,-0.7423384793347546,3.2154212137912763
2014-08-16 19:00:00,28.1,82,0.0,8.3,185,0.7233926648055626,8.268415994161488
2014-08-16 20:00:00,28.1,81,0.0,9.0,178,-0.3140954703225086,8.994517443171862
2014-08-16 21:00:00,27.0,87,0.0,9.4,198,2.904759747124506,8.939931253174443
2014-08-16 22:00:00,25.6,92,0.0,8.2,203,3.203995253612044,7.54813979831001
2014-08-16 23:00:00,25.0,95,0.0,8.7,197,2.5436338310878095,8.319851376878407
2014-08-17 00:00:00,24.8,95,0.0,9.4,182,0.3280552690035102,9.394273773979501
2014-08-17 01:00:00,24.9,94,0.0,9.0,175,-0.7844016847289241,8.96575228282571
2014-08-17 02:00:00,24.5,95,0.0,8.9,166,-2.1531048708370433,8.635631963856369
2014-08-17 03:00:00,23.5,94,0.0,8.3,162,-2.564841053312063,7.893769085249776
2014-08-17 04:00:00,23.3,94,0.0,6.2,159,-2.2218812871808615,5.788198644282651
2014-08-17 05:00:00,23.1,93,0.0,7.6,155,-3.211898789229315,6.88793918147854
2014-08-17 06:00:00,23.0,93,0.0,7.9,156,-3.213219480298822,7.217009115376547
2014-08-17 07:00:00,24.9,91,0.0,8.9,153,-4.040515447681965,7.929958065276475
2014-08-17 08:00:00,27.4,81,0.0,6.8,177,-0.35588450245201814,6.790680836331102
2014-08-17 09:00:00,28.6,77,0.0,8.7,204,3.5386087947594613,7.947845481490627
2014-08-17 10:00:00,29.6,75,0.0,10.7,225,7.566042558696059,7.566042558696057
2014-08-17 11:00:00,30.2,71,0.0,12.1,233,9.663489671572243,7.281961780139784
2014-08-17 12:00:00,30.3,71,0.0,12.2,225,8.62670273047588,8.626702730475879
2014-08-17 13:00:00,30.0,73,0.0,12.3,220,7.906287599144434,9.42234665036343
2014-08-17 14:00:00,29.9,74,0.0,11.8,218,7.2648054088427685,9.29852689255932
2014-08-17 15:00:00,29.9,73,0.0,10.1,207,4.585304047369423,8.999165894302514
2014-08-17 16:00:00,29.7,74,0.0,10.5,202,3.9333692308670756,9.735430472951268
2014-08-17 17:00:00,29.4,76,0.0,10.1,207,4.585304047369423,8.999165894302514
2014-08-17 18:00:00,28.7,80,0.0,7.4,227,5.412017391981862,5.046787864462489
2014-08-17 19:00:00,27.9,83,0.0,9.8,234,7.9283665448744856,5.760295472466237
2014-08-17 20:00:00,26.9,88,0.0,10.0,229,7.54709580222772,6.560590289905073
2014-08-17 21:00:00,26.2,90,0.1,9.3,193,2.092044805397944,9.06164160250269
2014-08-17 22:00:00,25.9,91,0.3,10.8,159,-3.8703738550892433,10.08266860616978
2014-08-17 23:00:00,25.5,93,0.3,9.6,160,-3.2833933759264196,9.02104915954472
2014-08-18 00:00:00,25.3,92,0.3,6.5,174,-0.6794350112397481,6.4643923198937765
2014-08-18 01:00:00,24.9,93,0.5,7.0,192,1.4553818357243162,6.847033205136639
2014-08-18 02:00:00,24.9,94,1.1,6.8,177,-0.35588450245201814,6.790680836331102
2014-08-18 03:00:00,24.7,94,1.0,7.0,159,-2.5085756468171017,6.535062985480412
2014-08-18 04:00:00,24.9,91,1.0,6.7,144,-3.9381611903595695,5.420413862312148
2014-08-18 05:00:00,24.8,91,1.1,6.2,144,-3.644268564213333,5.0159053651246746
2014-08-18 06:00:00,24.6,92,0.0,5.2,124,-4.310995377286217,2.907803098047884
2014-08-18 07:00:00,25.6,91,0.0,2.6,106,-2.499280409439629,0.716657125124198
2014-08-18 08:00:00,26.4,82,0.4,2.2,180,1.3471114790620887e-16,2.2
2014-08-18 09:00:00,27.2,81,0.4,2.5,262,2.475670171853926,0.3479327524001636
2014-08-18 10:00:00,27.5,82,0.4,3.8,319,2.4930243101639276,-2.8678964048465336
2014-08-18 11:00:00,27.6,82,0.4,5.8,300,5.022947341949744,-2.8999999999999995
2014-08-18 12:00:00,28.4,81,0.7000000000000001,5.5,302,4.664264528860342,-2.914555953282627
2014-08-18 13:00:00,28.1,83,0.7000000000000001,2.8,310,2.1449244407331385,-1.7998053071223097
2014-08-18 14:00:00,27.4,88,2.3,2.5,270,2.5,0.0
2014-08-18 15:00:00,27.9,88,1.9,4.8,333,2.1791543987498248,-4.276831316104166
2014-08-18 16:00:00,27.0,90,4.3,8.6,345,2.2258437878816784,-8.306962106085987
2014-08-18 17:00:00,26.6,91,2.7,5.9,11,-1.1257730727216133,-5.791600382341218
2014-08-18 18:00:00,26.5,93,0.7000000000000001,0.5,225,0.3535533905932738,0.35355339059327373
2014-08-18 19:00:00,26.6,89,0.6,5.4,138,-3.6133052743378347,4.012982057577929
2014-08-18 20:00:00,25.6,94,0.2,4.3,185,0.37476969381492997,4.283637201794505
2014-08-18 21:00:00,25.2,95,0.3,4.6,198,1.4214781741247582,4.3748599749577055
2014-08-18 22:00:00,25.5,93,0.2,6.9,186,0.7212463965468089,6.862201078041086
2014-08-18 23:00:00,26.0,91,0.0,5.9,137,-4.023790324368741,4.314986839553106
2014-08-19 00:00:00,25.5,93,0.0,3.5,114,-3.197409101749103,1.4235782507653014
2014-08-19 01:00:00,24.6,97,0.0,2.3,72,-2.187429987478853,-0.7107390870623786
2014-08-19 02:00:00,24.3,97,0.1,1.8,53,-1.437543918085127,-1.0832670416736871
2014-08-19 03:00:00,25.2,90,0.0,0.5,225,0.3535533905932738,0.35355339059327373
2014-08-19 04:00:00,24.8,92,0.0,3.0,166,-0.7257656867990033,2.9108871788279895
2014-08-19 05:00:00,23.8,96,0.0,3.9,158,-1.4609657143220571,3.616017032810471
2014-08-19 06:00:00,23.3,96,0.0,9.8,174,-1.024378940023005,9.746314574609078
2014-08-19 07:00:00,25.1,94,0.0,9.9,170,-1.71911695890261,9.74959675482086
2014-08-19 08:00:00,26.6,86,0.0,10.1,186,1.0557374790032998,10.04467114321956
2014-08-19 09:00:00,27.7,82,0.0,13.7,203,5.353016460303049,12.610916492298433
2014-08-19 10:00:00,28.2,80,0.0,16.9,207,7.67243944559834,15.058010258783414
2014-08-19 11:00:00,28.1,81,0.0,19.8,207,8.989011894843028,17.641929178929683
2014-08-19 12:00:00,28.0,80,0.1,20.6,196,5.6781295298301835,19.80199093632937
2014-08-19 13:00:00,27.9,80,0.1,22.0,201,7.884094889996608,20.538769382938437
2014-08-19 14:00:00,27.5,82,0.0,20.7,203,8.088134359727965,19.054450466465514
2014-08-19 15:00:00,27.0,81,0.0,22.3,198,6.891078974561329,21.208560313381923
2014-08-19 16:00:00,26.7,82,0.0,21.3,192,4.428519014418277,20.83454389563006
2014-08-19 17:00:00,26.3,83,0.0,20.2,196,5.567874587503383,19.417486257954042
2014-08-19 18:00:00,25.9,82,0.0,15.3,195,3.9599313900685673,14.778665142222746
2014-08-19 19:00:00,25.3,83,0.0,14.9,188,2.0736792043049754,14.7549942242494
2014-08-19 20:00:00,24.7,84,0.2,14.0,181,0.24433369012197037,13.997867732189478
2014-08-19 21:00:00,24.3,85,0.0,14.4,177,-0.7536377698983914,14.380265300465863
2014-08-19 22:00:00,23.8,85,0.0,14.1,176,-0.9835662797921672,14.06565310866352
2014-08-19 23:00:00,23.4,85,0.0,14.9,188,2.0736792043049754,14.7549942242494
2014-08-20 00:00:00,23.1,85,0.0,15.4,191,2.9384585287987917,15.117058625094026
2014-08-20 01:00:00,23.0,83,0.0,15.5,198,4.789763412811686,14.74137600257488
2014-08-20 02:00:00,22.8,83,0.0,16.1,200,5.506524307543269,15.129051194653126
2014-08-20 03:00:00,22.6,86,0.1,13.6,192,2.8275989951215283,13.302807369979755
2014-08-20 04:00:00,22.8,85,0.0,13.0,178,-0.4536934571325124,12.992080751248245
2014-08-20 05:00:00,22.9,84,0.0,11.8,168,-2.4533579516495605,11.542141688658909
2014-08-20 06:00:00,22.8,85,0.0,10.0,159,-3.5836794954530027,9.335804264972017
2014-08-20 07:00:00,24.5,83,0.0,11.0,169,-2.0988989491419927,10.797899017924303
2014-08-20 08:00:00,26.8,71,0.0,11.6,187,1.4136843834997108,11.513535359039334
2014-08-20 09:00:00,28.0,67,0.0,14.6,200,4.993494092554765,13.719512263474261
2014-08-20 10:00:00,28.6,68,0.0,17.6,206,7.715332183487764,15.818775214865342
2014-08-20 11:00:00,29.0,68,0.0,18.2,207,8.262627095259752,16.216318740228292
2014-08-20 12:00:00,29.0,70,0.0,17.9,208,8.403540973867445,15.80476191217479
2014-08-20 13:00:00,29.0,71,0.0,18.6,216,10.93280569264,15.047716095374025
2014-08-20 14:00:00,28.7,72,0.1,17.1,219,10.761378686952222,13.289195940914203
2014-08-20 15:00:00,26.8,80,0.6,14.3,219,8.999281592012677,11.113187248834684
2014-08-20 16:00:00,26.8,80,0.1,13.4,204,5.450271017215723,12.241509132410853
2014-08-20 17:00:00,26.7,81,0.0,9.0,180,5.51091059616309e-16,9.0
2014-08-20 18:00:00,26.4,82,0.0,6.8,183,0.35588450245201897,6.790680836331102
2014-08-20 19:00:00,25.6,87,0.1,8.8,171,-1.3766232923540314,8.691657397237213
2014-08-20 20:00:00,24.8,90,0.0,8.4,160,-2.872969203935617,7.8934180146016315
2014-08-20 21:00:00,24.1,91,0.0,7.6,155,-3.211898789229315,6.88793918147854
2014-08-20 22:00:00,23.6,91,0.0,8.4,149,-4.326319829244456,7.200205325897744
2014-08-20 23:00:00,22.9,92,0.0,8.5,144,-4.996174644486021,6.876644452187053
2014-08-21 00:00:00,22.4,91,0.0,7.5,145,-4.301823272632846,6.143640332167438
2014-08-21 01:00:00,21.8,91,0.0,7.2,143,-4.333068166694749,5.750175672340507
2014-08-21 02:00:00,21.4,91,0.0,6.9,137,-4.705788684431239,5.0463405411722775
2014-08-21 03:00:00,20.7,93,0.0,6.1,130,-4.672871103025765,3.9210044190878905
2014-08-21 04:00:00,20.4,93,0.0,5.4,127,-4.312631754255382,3.2498011250210603
2014-08-21 05:00:00,20.1,92,0.0,5.1,129,-3.963444403430551,3.2095339943541705
2014-08-21 06:00:00,19.9,92,0.0,4.6,135,-3.252691193458118,3.2526911934581184
2014-08-21 07:00:00,22.9,90,0.0,4.1,135,-2.8991378028648445,2.899137802864845
2014-08-21 08:00:00,26.5,74,0.0,3.0,166,-0.7257656867990033,2.9108871788279895
2014-08-21 09:00:00,28.3,65,0.0,3.1,216,1.8221342821066668,2.5079526825623373
2014-08-21 10:00:00,29.1,63,0.0,4.0,260,3.939231012048832,0.6945927106677213
2014-08-21 11:00:00,29.6,64,0.0,5.9,281,5.791600382341218,-1.1257730727216144
2014-08-21 12:00:00,30.0,66,0.0,7.7,281,7.558529312547013,-1.469229264399395
2014-08-21 13:00:00,30.0,68,0.0,9.3,283,9.06164160250269,-2.092044805397945
2014-08-21 14:00:00,29.9,70,0.0,10.4,284,10.091075553270363,-2.5159877142365445
2014-08-21 15:00:00,29.7,72,0.0,10.3,282,10.0749202875582,-2.1414904154229215
2014-08-21 16:00:00,29.2,73,0.0,8.9,284,8.635631963856369,-2.153104870837043
2014-08-21 17:00:00,28.6,76,0.0,4.3,270,4.3,0.0
2014-08-21 18:00:00,27.9,79,0.0,4.5,299,3.935788682127281,-2.1816432911085166
2014-08-21 19:00:00,27.5,80,0.0,1.5,194,0.3628828433995015,1.4554435894139948
2014-08-21 20:00:00,27.0,82,0.0,2.5,180,1.5308084989341916e-16,2.5
2014-08-21 21:00:00,26.7,84,0.0,1.5,256,1.4554435894139948,0.3628828433995016
2014-08-21 22:00:00,26.4,85,0.0,3.5,294,3.197409101749103,-1.4235782507653008
2014-08-21 23:00:00,26.1,87,0.0,4.0,280,3.939231012048832,-0.6945927106677213
2014-08-22 00:00:00,25.8,88,0.0,4.5,241,3.935788682127281,2.1816432911085166
2014-08-22 01:00:00,25.7,88,0.0,6.0,197,1.7542302283364206,5.737828535778212
2014-08-22 02:00:00,24.8,89,0.0,6.3,193,1.4171916423663489,6.1385314081469815
2014-08-22 03:00:00,25.3,85,0.0,5.9,191,1.125773072721615,5.791600382341218
2014-08-22 04:00:00,24.7,86,0.0,4.3,180,2.632990618166809e-16,4.3
2014-08-22 05:00:00,24.1,86,0.0,3.8,163,-1.1110124779463992,3.633958072659535
2014-08-22 06:00:00,24.4,84,0.0,3.9,158,-1.4609657143220571,3.616017032810471
2014-08-22 07:00:00,24.6,92,0.0,3.9,146,-2.180852323535912,3.233246532964663
2014-08-22 08:00:00,27.0,85,0.0,3.9,158,-1.4609657143220571,3.616017032810471
2014-08-22 09:00:00,27.8,82,0.0,1.6,207,0.726384799583275,1.4256104387013886
2014-08-22 10:00:00,28.8,77,0.0,4.0,275,3.984778792366982,-0.34862297099063266
2014-08-22 11:00:00,29.5,73,0.0,7.9,286,7.59396739791272,-2.1775351109542935
2014-08-22 12:00:00,29.7,71,0.0,10.1,287,9.658678035226657,-2.952954217699641
2014-08-22 13:00:00,30.0,70,0.0,10.3,282,10.0749202875582,-2.1414904154229215
2014-08-22 14:00:00,29.6,71,0.0,8.4,280,8.272385125302547,-1.458644692402215
2014-08-22 15:00:00,29.3,73,0.0,6.5,289,6.1458707413955596,-2.1161930039715187
2014-08-22 16:00:00,29.2,73,0.0,6.4,322,3.9402334420842133,-5.043268823083022
2014-08-22 17:00:00,28.7,76,0.0,4.7,302,3.9858260519352022,-2.490620541896063
2014-08-22 18:00:00,28.2,80,0.0,5.7,288,5.421022142882375,-1.7613968679372003
2014-08-22 19:00:00,27.2,86,0.0,5.5,259,5.3989495089621515,1.0494494745709964
2014-08-22 20:00:00,26.4,89,0.0,6.6,241,5.772490067120011,3.1997434936258244
2014-08-22 21:00:00,26.5,86,0.0,6.9,223,4.70578868443124,5.046340541172277
2014-08-22 22:00:00,25.7,89,0.0,8.6,195,2.2258437878816784,8.306962106085987
2014-08-22 23:00:00,24.8,92,0.0,8.8,192,1.8296228791962834,8.60769888645749
2014-08-23 00:00:00,25.2,89,0.0,7.9,183,0.41345405431925736,7.889173324561134
2014-08-23 01:00:00,25.2,88,0.0,6.4,164,-1.764079077228794,6.1520748540052415
2014-08-23 02:00:00,23.7,94,0.0,6.4,153,-2.905539198333099,5.702441754805555
2014-08-23 03:00:00,23.8,92,0.0,6.0,147,-3.2678342100901627,5.032023407672543
2014-08-23 04:00:00,23.3,93,0.0,6.4,142,-3.9402334420842133,5.043268823083022
2014-08-23 05:00:00,22.9,94,0.0,4.9,144,-2.880147736233118,3.9641832724372428
2014-08-23 06:00:00,22.8,94,0.0,4.4,145,-2.5237363199446032,3.6042689948715636
2014-08-23 07:00:00,24.7,92,0.0,4.3,138,-2.8772616073430903,3.195522749552795
2014-08-23 08:00:00,26.9,77,0.0,3.1,144,-1.8221342821066664,2.5079526825623373
2014-08-23 09:00:00,28.0,74,0.0,1.5,166,-0.36288284339950166,1.4554435894139948
2014-08-23 10:00:00,28.6,72,0.0,1.1,252,1.0461621679246689,0.33991869381244216
2014-08-23 11:00:00,29.5,69,0.0,4.0,275,3.984778792366982,-0.34862297099063266
2014-08-23 12:00:00,29.7,68,0.0,7.2,288,6.8476069173251055,-2.2249223594996215
2014-08-23 13:00:00,29.8,68,0.0,9.6,290,9.02104915954472,-3.2833933759264196
2014-08-23 14:00:00,29.8,68,0.0,8.6,285,8.306962106085987,-2.2258437878816784
2014-08-23 15:00:00,29.6,67,0.0,8.9,256,8.635631963856369,2.153104870837043
2014-08-23 16:00:00,29.3,67,0.0,7.8,214,4.361704647071825,6.466493065929326
2014-08-23 17:00:00,28.8,70,0.0,4.9,197,1.4326213531414103,4.685893304218874
2014-08-23 18:00:00,28.3,76,0.0,1.6,243,1.4256104387013888,0.7263847995832748
2014-08-23 19:00:00,27.4,78,0.0,2.9,150,-1.4499999999999993,2.511473670974872
2014-08-23 20:00:00,26.3,82,0.0,4.1,142,-2.524212048835199,3.23084408978756
2014-08-23 21:00:00,25.8,83,0.0,4.6,162,-1.4214781741247577,4.374859974957706
2014-08-23 22:00:00,25.1,86,0.0,7.7,191,1.4692292643993958,7.558529312547013
2014-08-23 23:00:00,24.6,88,0.0,9.5,209,4.605691392340202,8.30888721782426
2014-08-24 00:00:00,25.5,84,0.0,8.2,218,5.048424097670398,6.46168817957512
2014-08-24 01:00:00,26.1,82,0.0,6.5,199,2.116193003971519,6.145870741395559
2014-08-24 02:00:00,25.9,82,0.0,6.7,164,-1.8467702839738938,6.440453362786736
2014-08-24 03:00:00,23.8,90,0.0,8.4,149,-4.326319829244456,7.200205325897744
2014-08-24 04:00:00,23.4,91,0.0,8.7,142,-5.356254835333226,6.855693556378481
2014-08-24 05:00:00,23.0,92,0.0,8.2,142,-5.048424097670398,6.46168817957512
2014-08-24 06:00:00,22.8,92,0.0,6.4,137,-4.364789504399989,4.6806636903626915
2014-08-24 07:00:00,24.8,89,0.0,6.1,130,-4.672871103025765,3.9210044190878905
2014-08-24 08:00:00,27.1,80,0.0,4.4,125,-3.6042689948715645,2.5237363199446023
2014-08-24 09:00:00,28.3,74,0.0,0.7000000000000001,90,-0.7000000000000001,8.572527594031473e-17
2014-08-24 10:00:00,29.2,70,0.0,3.4,302,2.883363526931848,-1.8017254983928965
2014-08-24 11:00:00,29.8,68,0.0,5.5,302,4.664264528860342,-2.914555953282627
2014-08-24 12:00:00,30.0,68,0.0,4.4,279,4.3458286986186065,-0.6883116461770159
2014-08-24 13:00:00,30.1,68,0.0,5.8,274,5.78587149150698,-0.40458754771592675
2014-08-24 14:00:00,30.3,67,0.0,6.2,280,6.10580806867569,-1.0766187015349682
2014-08-24 15:00:00,29.9,69,0.0,5.2,282,5.08636752381579,-1.0811407922523486
2014-08-24 16:00:00,29.8,69,0.0,3.9,248,3.616017032810471,1.460965714322057
2014-08-24 17:00:00,29.3,71,0.0,6.9,227,5.046340541172277,4.70578868443124
2014-08-24 18:00:00,28.7,75,0.0,6.0,245,5.437846722219899,2.5357095704441965
2014-08-24 19:00:00,27.7,83,0.0,4.5,241,3.935788682127281,2.1816432911085166
2014-08-24 20:00:00,27.6,79,0.0,5.1,225,3.6062445840513924,3.606244584051392
2014-08-24 21:00:00,27.5,80,0.0,4.8,222,3.2118269105225195,3.5670951622914924
2014-08-24 22:00:00,27.3,81,0.0,4.8,193,1.0797650608505516,4.676976310969129
2014-08-24 23:00:00,26.7,84,0.0,5.4,172,-0.7515347451843529,5.34744757120448
2014-08-25 00:00:00,26.1,87,0.0,7.4,194,1.7902220274375409,7.180188374442374
2014-08-25 01:00:00,25.1,92,0.0,8.2,195,2.12231616984067,7.92059177557036
2014-08-25 02:00:00,24.3,94,0.0,9.7,184,0.6766377953180147,9.676371287520293
2014-08-25 03:00:00,24.2,92,0.0,8.0,170,-1.3891854213354424,7.878462024097664
2014-08-25 04:00:00,24.1,92,0.0,8.4,160,-2.872969203935617,7.8934180146016315
2014-08-25 05:00:00,24.3,89,0.0,6.8,148,-3.6034509967857926,5.766727053863697
2014-08-25 06:00:00,24.1,89,0.0,4.8,138,-3.2118269105225195,3.5670951622914924
2014-08-25 07:00:00,25.7,89,0.0,3.8,131,-2.8678964048465336,2.4930243101639276
2014-08-25 08:00:00,27.5,78,0.0,2.4,153,-1.089577199374912,2.138415658052083
2014-08-25 09:00:00,28.3,77,0.0,1.8,217,1.0832670416736871,1.437543918085127
2014-08-25 10:00:00,28.9,76,0.0,2.6,286,2.499280409439629,-0.7166571251241979
2014-08-25 11:00:00,29.5,74,0.0,5.5,293,5.062776693988422,-2.149021206691006
2014-08-25 12:00:00,29.7,73,0.0,7.8,292,7.232034065620942,-2.921931428644114
2014-08-25 13:00:00,29.5,75,0.1,8.3,288,7.893769085249775,-2.5648410533120636
2014-08-25 14:00:00,29.0,77,0.1,6.2,280,6.10580806867569,-1.0766187015349682
2014-08-25 15:00:00,29.3,75,0.0,5.4,266,5.386845871403051,0.37668495821827663
2014-08-25 16:00:00,29.1,76,0.0,6.4,243,5.702441754805555,2.9055391983330994
2014-08-25 17:00:00,28.8,77,0.0,4.6,231,3.5748714227020657,2.8948737988292517
2014-08-25 18:00:00,28.3,78,0.0,5.4,228,4.012982057577929,3.6133052743378347
2014-08-25 19:00:00,27.5,84,0.0,5.1,219,3.209533994354171,3.963444403430551
2014-08-25 20:00:00,27.5,82,0.0,1.5,194,0.3628828433995015,1.4554435894139948
2014-08-25 21:00:00,26.4,86,0.0,5.0,120,-4.330127018922194,2.4999999999999996
2014-08-25 22:00:00,26.9,83,0.0,4.5,119,-3.935788682127281,2.181643291108517
2014-08-25 23:00:00,26.6,84,0.0,2.9,97,-2.8783838397598336,0.35342109587492787
2014-08-26 00:00:00,26.5,84,0.0,3.6,90,-3.6,4.4087284769304716e-16
2014-08-26 01:00:00,26.2,85,0.0,3.3,77,-3.2154212137912763,-0.7423384793347544
2014-08-26 02:00:00,25.9,87,0.0,2.5,45,-1.7677669529663693,-1.7677669529663687
2014-08-26 03:00:00,26.0,83,0.0,3.3,41,-2.1649947956686737,-2.4905416147351476
2014-08-26 04:00:00,24.7,87,0.0,1.8,90,-1.8,2.2043642384652358e-16
2014-08-26 05:00:00,24.7,86,0.1,1.1,72,-1.046162167924669,-0.33991869381244205
2014-08-26 06:00:00,25.2,83,0.0,4.4,35,-2.523736319944604,-3.604268994871563
2014-08-26 07:00:00,25.1,92,0.0,4.8,42,-3.211826910522519,-3.567095162291493
2014-08-26 08:00:00,27.6,79,0.0,5.2,16,-1.4333142502483942,-4.998560818879259
2014-08-26 09:00:00,28.6,72,0.0,7.2,357,0.3768188849491966,-7.190132650232932
2014-08-26 10:00:00,29.5,69,0.0,9.3,347,2.092044805397944,-9.06164160250269
2014-08-26 11:00:00,29.9,68,0.0,12.1,337,4.727846654720212,-11.138108726774528
2014-08-26 12:00:00,30.1,70,0.0,14.8,334,6.487892972478346,-13.302151885227673
2014-08-26 13:00:00,29.9,71,0.0,13.4,340,4.583069920563962,-12.591881118531171
2014-08-26 14:00:00,30.0,69,0.0,14.2,353,1.7305446763530943,-14.094155353306771
2014-08-26 15:00:00,29.5,73,0.0,12.6,360,7.715274834628325e-16,-12.6
2014-08-26 16:00:00,29.4,75,0.0,10.5,352,1.4613175600806874,-10.397814721786489
2014-08-26 17:00:00,28.9,77,0.0,7.2,342,2.224922359499622,-6.8476069173251055
2014-08-26 18:00:00,28.2,81,0.0,7.9,344,2.1775351109542935,-7.59396739791272
2014-08-26 19:00:00,27.2,88,0.0,7.8,347,1.7546182238821464,-7.6000865053248345
2014-08-26 20:00:00,26.9,88,0.0,4.0,350,0.6945927106677217,-3.939231012048832
2014-08-26 21:00:00,26.1,91,0.0,2.9,330,1.4500000000000002,-2.5114736709748717
2014-08-26 22:00:00,25.4,93,0.0,1.3,236,1.0777488443215542,0.726950774511971
2014-08-26 23:00:00,25.1,95,0.0,4.7,189,0.7352419856890854,4.6421352007971475
2014-08-27 00:00:00,25.0,94,0.1,6.7,196,1.8467702839738944,6.440453362786736
2014-08-27 01:00:00,24.9,93,0.0,6.0,205,2.5357095704441965,5.437846722219899
2014-08-27 02:00:00,24.5,93,0.0,6.3,204,2.5624408513775414,5.755336383148386
2014-08-27 03:00:00,26.4,81,0.0,5.2,205,2.197614961051637,4.7128004925905795
2014-08-27 04:00:00,26.6,79,0.0,5.1,184,0.35575801609503865,5.087576656325103
2014-08-27 05:00:00,26.4,79,0.0,4.3,180,2.632990618166809e-16,4.3
2014-08-27 06:00:00,24.5,87,0.0,7.6,205,3.211898789229316,6.887939181478539
2014-08-27 07:00:00,26.1,86,0.0,8.5,192,1.7672493719509554,8.314254606237347
2014-08-27 08:00:00,27.8,78,0.0,11.2,182,0.3908743630680121,11.193177262613872
2014-08-27 09:00:00,28.6,76,0.0,9.0,180,5.51091059616309e-16,9.0
2014-08-27 10:00:00,29.6,72,0.0,6.9,219,4.342310698243879,5.3623071340531
2014-08-27 11:00:00,30.2,71,0.0,8.6,248,7.973781149274371,3.221616703376843
2014-08-27 12:00:00,30.4,70,0.0,8.7,263,8.6351515192795,1.060263287624783
2014-08-27 13:00:00,30.1,70,0.0,7.3,261,7.210124886344506,1.1419715947936853
2014-08-27 14:00:00,30.2,70,0.0,5.6,243,4.98963653545486,2.5423467985414616
2014-08-27 15:00:00,29.9,72,0.4,9.7,225,6.858935777509511,6.85893577750951
2014-08-27 16:00:00,29.3,75,0.0,5.0,240,4.330127018922194,2.4999999999999996
2014-08-27 17:00:00,28.8,80,0.0,2.1,301,1.800051331474436,-1.0815799573111138
2014-08-27 18:00:00,28.2,85,0.0,4.3,275,4.283637201794505,-0.3747696938149301
2014-08-27 19:00:00,27.0,90,0.0,3.3,186,0.3449439287832564,3.2819222547153015
2014-08-27 20:00:00,27.5,85,0.0,4.9,234,3.9641832724372428,2.8801477362331185
2014-08-27 21:00:00,27.0,88,0.0,5.4,222,3.6133052743378347,4.012982057577929
2014-08-27 22:00:00,24.8,94,0.0,6.4,164,-1.764079077228794,6.1520748540052415
2014-08-27 23:00:00,24.5,94,0.0,7.6,149,-3.9142893693164122,6.5144714853360535
2014-08-28 00:00:00,24.1,93,0.0,6.1,140,-3.92100441908789,4.6728711030257655
2014-08-28 01:00:00,23.7,94,0.0,4.1,135,-2.8991378028648445,2.899137802864845
2014-08-28 02:00:00,23.4,94,0.2,1.3,146,-0.7269507745119708,1.0777488443215544
2014-08-28 03:00:00,22.8,94,0.2,0.7000000000000001,90,-0.7000000000000001,8.572527594031473e-17
2014-08-28 04:00:00,22.7,94,0.0,1.1,18,-0.33991869381244233,-1.0461621679246689
2014-08-28 05:00:00,22.3,95,0.0,2.4,63,-2.138415658052083,-1.089577199374912
2014-08-28 06:00:00,21.9,96,0.0,3.5,66,-3.197409101749103,-1.4235782507653008
2014-08-28 07:00:00,24.7,90,0.0,3.7,79,-3.632020578756357,-0.7059932828932155
2014-08-28 08:00:00,27.4,78,0.0,1.1,108,-1.0461621679246689,0.3399186938124423
2014-08-28 09:00:00,28.9,73,0.0,2.2,279,2.1729143493093033,-0.34415582308850795
2014-08-28 10:00:00,30.0,70,0.0,4.7,293,4.32637281122647,-1.8364363038995868
2014-08-28 11:00:00,30.3,70,0.0,6.0,303,5.032023407672544,-3.2678342100901627
2014-08-28 12:00:00,30.5,70,0.0,7.3,327,3.9758649556096977,-6.122295146001595
2014-08-28 13:00:00,30.6,70,0.0,6.2,339,2.2218812871808624,-5.788198644282651
2014-08-28 14:00:00,30.6,69,0.0,8.6,360,5.265981236333618e-16,-8.6
2014-08-28 15:00:00,29.6,75,0.0,7.2,6,-0.7526049355271042,-7.160557646651569
2014-08-28 16:00:00,29.5,76,0.3,1.8,360,1.1021821192326179e-16,-1.8
2014-08-28 17:00:00,29.2,77,0.0,1.0,45,-0.7071067811865477,-0.7071067811865475
2014-08-28 18:00:00,28.7,80,0.0,5.8,330,2.9000000000000004,-5.0229473419497435
2014-08-28 19:00:00,28.7,78,0.0,2.9,277,2.8783838397598336,-0.35342109587492765
2014-08-28 20:00:00,28.4,80,0.0,2.6,214,1.4539015490239418,2.1554976886431088
2014-08-28 21:00:00,28.2,81,0.0,1.6,153,-0.7263847995832747,1.4256104387013888
2014-08-28 22:00:00,27.9,82,0.0,3.7,151,-1.793795594911447,3.236092916415765
2014-08-28 23:00:00,26.7,86,0.4,0.8,333,0.3631923997916375,-0.7128052193506943
2014-08-29 00:00:00,26.4,87,0.1,5.5,11,-1.0494494745709955,-5.3989495089621515
2014-08-29 01:00:00,26.0,88,0.0,4.9,36,-2.880147736233119,-3.9641832724372423
2014-08-29 02:00:00,23.9,95,0.0,4.1,15,-1.0611580849203346,-3.96029588778518
2014-08-29 03:00:00,23.3,96,0.0,2.2,90,-2.2,2.6942229581241775e-16
2014-08-29 04:00:00,22.8,98,0.0,2.9,97,-2.8783838397598336,0.35342109587492787
2014-08-29 05:00:00,22.4,97,0.0,1.4,90,-1.4,1.7145055188062944e-16
2014-08-29 06:00:00,22.4,96,0.0,1.3,326,0.7269507745119709,-1.0777488443215544
2014-08-29 07:00:00,24.8,92,0.0,1.0,135,-0.7071067811865475,0.7071067811865476
2014-08-29 08:00:00,27.4,85,0.0,2.8,230,2.1449244407331385,1.7998053071223097
2014-08-29 09:00:00,28.7,80,0.0,3.3,264,3.2819222547153015,0.3449439287832564
2014-08-29 10:00:00,29.7,75,0.0,4.4,279,4.3458286986186065,-0.6883116461770159
2014-08-29 11:00:00,30.1,72,0.0,6.6,311,4.981083229470295,-4.329989591337347
2014-08-29 12:00:00,30.1,72,0.0,7.9,309,6.139453095510071,-4.971631089293716
2014-08-29 13:00:00,30.1,72,0.1,9.5,323,5.717242719944459,-7.587037345449282
2014-08-29 14:00:00,29.5,73,0.1,8.3,342,2.564841053312064,-7.893769085249775
2014-08-29 15:00:00,28.0,80,0.5,6.4,38,-3.940233442084212,-5.043268823083022
2014-08-29 16:00:00,28.1,78,0.2,3.0,76,-2.9108871788279895,-0.7257656867990026
2014-08-29 17:00:00,27.9,78,0.0,1.8,180,1.1021821192326179e-16,1.8
2014-08-29 18:00:00,27.3,81,0.0,4.5,209,2.181643291108517,3.935788682127281
2014-08-29 19:00:00,26.3,89,0.0,6.4,196,1.7640790772287946,6.1520748540052415
2014-08-29 20:00:00,25.3,91,0.0,7.6,199,2.474317973874391,7.185941174554807
2014-08-29 21:00:00,24.8,92,0.0,7.6,185,0.6623836448822018,7.571079705497266
2014-08-29 22:00:00,24.6,92,0.0,10.5,174,-1.0975488643103624,10.44247990136687
2014-08-29 23:00:00,24.4,91,0.1,8.8,168,-1.8296228791962823,8.607698886457491
2014-08-30 00:00:00,24.2,91,0.0,7.6,175,-0.6623836448822026,7.571079705497266
2014-08-30 01:00:00,24.1,91,0.0,8.0,188,1.1133848076805237,7.922144549932563
2014-08-30 02:00:00,24.0,88,0.1,7.6,172,-1.0577155672964966,7.5260373224359345
2014-08-30 03:00:00,23.8,90,0.0,7.8,167,-1.7546182238821473,7.6000865053248345
2014-08-30 04:00:00,23.9,89,0.0,7.7,169,-1.469229264399395,7.558529312547013
2014-08-30 05:00:00,23.4,90,0.0,3.7,151,-1.793795594911447,3.236092916415765
2014-08-30 06:00:00,23.9,86,0.0,3.9,146,-2.180852323535912,3.233246532964663
2014-08-30 07:00:00,25.4,87,0.0,5.1,135,-3.606244584051392,3.6062445840513924
2014-08-30 08:00:00,27.5,73,0.0,4.8,153,-2.179154398749824,4.276831316104166
2014-08-30 09:00:00,28.5,73,0.0,3.2,180,1.9594348786357652e-16,3.2
2014-08-30 10:00:00,29.4,72,0.0,3.5,246,3.197409101749103,1.4235782507653008
2014-08-30 11:00:00,30.0,71,0.0,7.1,285,6.858073366652385,-1.8376152202278973
2014-08-30 12:00:00,30.0,72,0.0,7.3,303,6.122295146001595,-3.9758649556096977
2014-08-30 13:00:00,29.6,74,0.1,5.2,295,4.7128004925905795,-2.197614961051637
2014-08-30 14:00:00,29.2,75,0.8,3.3,283,3.2154212137912763,-0.7423384793347545
2014-08-30 15:00:00,28.4,78,0.9,3.9,248,3.616017032810471,1.460965714322057
2014-08-30 16:00:00,27.7,81,0.5,6.0,197,1.7542302283364206,5.737828535778212
2014-08-30 17:00:00,27.5,82,0.0,7.3,147,-3.9758649556096977,6.122295146001594
2014-08-30 18:00:00,27.1,88,0.0,4.3,180,2.632990618166809e-16,4.3
2014-08-30 19:00:00,26.7,84,0.0,3.6,174,-0.3763024677635528,3.580278823325784
2014-08-30 20:00:00,27.0,81,0.0,2.7,157,-1.0549740469210394,2.4853631043215887
2014-08-30 21:00:00,26.4,84,0.0,3.0,194,0.725765686799003,2.9108871788279895
2014-08-30 22:00:00,25.0,89,0.0,2.9,187,0.3534210958749277,2.8783838397598336
2014-08-30 23:00:00,24.1,93,0.0,2.3,162,-0.7107390870623789,2.187429987478853
2014-08-31 00:00:00,23.8,93,0.2,4.4,145,-2.5237363199446032,3.6042689948715636
2014-08-31 01:00:00,23.1,96,0.0,5.1,135,-3.606244584051392,3.6062445840513924
2014-08-31 02:00:00,23.0,95,0.0,4.8,132,-3.567095162291491,3.21182691052252
2014-08-31 03:00:00,23.0,92,0.0,5.6,130,-4.289848881466276,3.5996106142446207
2014-08-31 04:00:00,22.7,91,0.0,5.7,125,-4.669166652447254,3.269385687200962
2014-08-31 05:00:00,22.3,92,0.0,5.9,128,-4.64926344627966,3.6324027044213847
2014-08-31 06:00:00,22.0,93,0.0,5.1,135,-3.606244584051392,3.6062445840513924
2014-08-31 07:00:00,24.1,87,0.0,4.3,138,-2.8772616073430903,3.195522749552795
2014-08-31 08:00:00,26.8,78,0.0,3.1,159,-1.1109406435904308,2.8940993221413254
2014-08-31 09:00:00,28.3,75,0.0,2.9,240,2.511473670974872,1.4499999999999997
2014-08-31 10:00:00,29.3,72,0.0,5.4,278,5.34744757120448,-0.7515347451843534
2014-08-31 11:00:00,29.7,70,0.0,8.8,282,8.607698886457491,-1.8296228791962823
2014-08-31 12:00:00,29.5,71,0.0,10.2,278,10.100734301164017,-1.4195656297926673
2014-08-31 13:00:00,29.8,70,0.0,8.4,277,8.337387673787106,-1.0237024846032388
2014-08-31 14:00:00,29.2,72,0.0,7.8,304,6.466493065929325,-4.361704647071826
2014-08-31 15:00:00,29.0,71,0.1,5.7,305,4.669166652447253,-3.2693856872009626
2014-08-31 16:00:00,28.6,71,0.0,2.2,261,2.1729143493093033,0.34415582308850795
2014-08-31 17:00:00,27.7,73,0.0,3.8,131,-2.8678964048465336,2.4930243101639276
2014-08-31 18:00:00,26.6,76,0.0,3.7,101,-3.632020578756357,0.7059932828932164
2014-08-31 19:00:00,25.8,77,0.0,7.2,117,-6.415246974156248,3.2687315981247376
2014-08-31 20:00:00,25.6,76,0.0,8.4,121,-7.200205325897743,4.326319829244457
2014-08-31 21:00:00,25.2,79,0.0,7.1,114,-6.486172749262465,2.887830165838183
2014-08-31 22:00:00,25.2,80,0.0,2.2,99,-2.172914349309303,0.3441558230885082
2014-08-31 23:00:00,25.6,76,0.0,0.8,117,-0.7128052193506943,0.36319239979163753
2014-09-01 00:00:00,23.4,89,0.0,4.1,135,-2.8991378028648445,2.899137802864845
2014-09-01 01:00:00,23.0,89,0.0,5.6,140,-3.5996106142446203,4.289848881466277
2014-09-01 02:00:00,22.7,88,0.0,6.0,147,-3.2678342100901627,5.032023407672543
2014-09-01 03:00:00,22.4,88,0.0,5.4,143,-3.2498011250210617,4.312631754255381
2014-09-01 04:00:00,22.2,88,0.0,5.4,138,-3.6133052743378347,4.012982057577929
2014-09-01 05:00:00,21.8,89,0.0,4.8,132,-3.567095162291491,3.21182691052252
2014-09-01 06:00:00,21.5,90,0.0,3.8,131,-2.8678964048465336,2.4930243101639276
2014-09-01 07:00:00,23.9,87,0.0,3.9,124,-3.2332465329646625,2.180852323535913
2014-09-01 08:00:00,27.2,71,0.0,3.2,117,-2.851220877402777,1.4527695991665501
2014-09-01 09:00:00,28.8,69,0.0,1.3,56,-1.0777488443215544,-0.7269507745119708
2014-09-01 10:00:00,29.8,67,0.0,3.6,323,2.1665340833473743,-2.875087836170254
2014-09-01 11:00:00,30.6,64,0.0,7.9,317,5.387787044493738,-5.777694242791447
2014-09-01 12:00:00,30.9,65,0.0,10.4,316,7.224447052773572,-7.481133923521972
2014-09-01 13:00:00,30.8,65,0.0,11.7,315,8.273149339882606,-8.273149339882604
2014-09-01 14:00:00,30.6,66,0.0,10.5,308,8.27411291287058,-6.464445490919412
2014-09-01 15:00:00,30.4,67,0.0,7.4,309,5.750880114781585,-4.656970893768797
2014-09-01 16:00:00,29.9,69,0.0,4.6,309,3.5748714227020657,-2.8948737988292517
2014-09-01 17:00:00,29.7,69,0.0,3.3,311,2.4905416147351476,-2.1649947956686737
2014-09-01 18:00:00,29.2,75,0.0,5.3,298,4.679622242152313,-2.4881992827652213
2014-09-01 19:00:00,27.8,80,0.0,5.2,304,4.310995377286217,-2.907803098047884
2014-09-01 20:00:00,28.2,76,0.0,2.7,293,2.485363104321589,-1.0549740469210394
2014-09-01 21:00:00,27.8,78,0.0,1.8,281,1.7669289302057951,-0.34345619167778063
2014-09-01 22:00:00,26.9,81,0.0,5.4,200,1.8469087739586119,5.074340152243905
2014-09-01 23:00:00,25.0,88,0.0,7.0,192,1.4553818357243162,6.847033205136639
2014-09-02 00:00:00,24.0,92,0.0,5.4,184,0.3766849582182763,5.386845871403051
2014-09-02 01:00:00,23.4,93,0.0,6.3,167,-1.4171916423663498,6.1385314081469815
2014-09-02 02:00:00,23.1,93,0.0,6.2,159,-2.2218812871808615,5.788198644282651
2014-09-02 03:00:00,22.7,93,0.0,5.3,152,-2.4881992827652217,4.679622242152313
2014-09-02 04:00:00,22.3,94,0.0,4.4,145,-2.5237363199446032,3.6042689948715636
2014-09-02 05:00:00,21.9,94,0.0,4.6,141,-2.894873798829251,3.5748714227020666
2014-09-02 06:00:00,21.6,95,0.0,3.6,135,-2.545584412271571,2.5455844122715714
2014-09-02 07:00:00,24.1,90,0.0,4.8,132,-3.567095162291491,3.21182691052252
2014-09-02 08:00:00,27.3,78,0.0,3.9,158,-1.4609657143220571,3.616017032810471
2014-09-02 09:00:00,28.3,77,0.0,3.8,221,2.4930243101639276,2.8678964048465336
2014-09-02 10:00:00,29.4,72,0.0,5.8,248,5.377666356487367,2.1727182418122895
2014-09-02 11:00:00,30.1,68,0.0,7.1,255,6.858073366652385,1.8376152202278973
2014-09-02 12:00:00,30.5,65,0.0,8.4,250,7.8934180146016315,2.872969203935617
2014-09-02 13:00:00,30.5,65,0.0,7.6,245,6.887939181478539,3.211898789229316
2014-09-02 14:00:00,30.5,65,0.0,5.4,228,4.012982057577929,3.6133052743378347
2014-09-02 15:00:00,30.5,63,0.0,4.6,231,3.5748714227020657,2.8948737988292517
2014-09-02 16:00:00,30.4,63,0.0,5.1,231,3.963444403430551,3.2095339943541705
2014-09-02 17:00:00,30.0,65,0.0,7.6,251,7.185941174554808,2.474317973874391
2014-09-02 18:00:00,28.9,75,0.0,7.6,273,7.589584464134761,-0.3977532674463731
2014-09-02 19:00:00,27.9,77,0.0,5.9,259,5.791600382341218,1.1257730727216144
2014-09-02 20:00:00,28.2,73,0.0,3.7,259,3.632020578756357,0.7059932828932158
2014-09-02 21:00:00,27.7,76,0.0,1.1,198,0.3399186938124422,1.0461621679246689
2014-09-02 22:00:00,26.7,80,0.0,3.5,156,-1.423578250765301,3.197409101749103
2014-09-02 23:00:00,25.6,84,0.0,3.8,163,-1.1110124779463992,3.633958072659535
2014-09-03 00:00:00,25.5,83,0.0,3.6,180,2.2043642384652358e-16,3.6
2014-09-03 01:00:00,24.3,87,0.0,4.7,176,-0.3278554265973891,4.688551036221174
2014-09-03 02:00:00,23.4,90,0.0,5.9,169,-1.1257730727216144,5.791600382341218
2014-09-03 03:00:00,22.4,93,0.0,7.2,162,-2.224922359499621,6.847606917325106
2014-09-03 04:00:00,22.3,93,0.0,6.8,155,-2.8738041798367555,6.16289295184922
2014-09-03 05:00:00,21.9,93,0.0,6.0,147,-3.2678342100901627,5.032023407672543
2014-09-03 06:00:00,21.9,92,0.0,6.2,144,-3.644268564213333,5.0159053651246746
2014-09-03 07:00:00,24.4,87,0.0,6.5,146,-3.6347538725598536,5.388744221607771
2014-09-03 08:00:00,27.5,75,0.0,6.9,174,-0.7212463965468096,6.862201078041086
2014-09-03 09:00:00,28.8,72,0.0,8.8,215,5.0474726398892065,7.208537989743128
2014-09-03 10:00:00,29.8,70,0.0,10.6,235,8.683011669463312,6.079910225321088
2014-09-03 11:00:00,30.4,67,0.0,11.9,241,10.40797451495881,5.769234480931411
2014-09-03 12:00:00,30.7,65,0.0,12.9,243,11.493984162029946,5.856477446640153
2014-09-03 13:00:00,30.7,65,0.0,13.4,243,11.93948742412413,6.083472696509927
2014-09-03 14:00:00,30.6,65,0.0,12.2,236,10.114258385171507,6.822153422343112
2014-09-03 15:00:00,30.5,65,0.0,10.9,224,7.57177623800307,7.840803823691297
2014-09-03 16:00:00,30.5,65,0.0,9.4,227,6.874724795220202,6.410784584587486
2014-09-03 17:00:00,29.9,68,0.0,8.7,225,6.151828996322964,6.151828996322962
2014-09-03 18:00:00,28.8,78,0.0,6.6,225,4.666904755831213,4.666904755831213
2014-09-03 19:00:00,28.2,76,0.0,7.2,233,5.750175672340508,4.333068166694748
2014-09-03 20:00:00,28.2,75,0.0,5.9,191,1.125773072721615,5.791600382341218
2014-09-03 21:00:00,26.3,84,0.0,5.9,166,-1.42733918403804,5.7247447850283795
2014-09-03 22:00:00,26.4,82,0.0,2.4,153,-1.089577199374912,2.138415658052083
2014-09-03 23:00:00,25.3,87,0.0,0.8,117,-0.7128052193506943,0.36319239979163753
2014-09-04 00:00:00,24.3,91,0.0,1.5,194,0.3628828433995015,1.4554435894139948
2014-09-04 01:00:00,23.4,94,0.0,0.8,243,0.7128052193506944,0.3631923997916374
2014-09-04 02:00:00,23.1,94,0.0,0.5,315,0.3535533905932738,-0.35355339059327373
2014-09-04 03:00:00,23.5,91,0.0,0.5,45,-0.35355339059327384,-0.35355339059327373
2014-09-04 04:00:00,23.7,90,0.1,0.5,45,-0.35355339059327384,-0.35355339059327373
2014-09-04 05:00:00,23.7,89,0.0,0.8,153,-0.36319239979163737,0.7128052193506944
2014-09-04 06:00:00,24.0,86,0.0,1.3,146,-0.7269507745119708,1.0777488443215544
2014-09-04 07:00:00,25.4,87,0.0,1.6,117,-1.4256104387013886,0.7263847995832751
2014-09-04 08:00:00,27.5,80,0.0,2.5,352,0.34793275240016364,-2.475670171853926
2014-09-04 09:00:00,28.4,77,0.0,5.9,349,1.125773072721615,-5.791600382341218
2014-09-04 10:00:00,29.3,72,0.0,8.3,342,2.564841053312064,-7.893769085249775
2014-09-04 11:00:00,29.9,69,0.0,11.7,342,3.615498834186885,-11.127361240653295
2014-09-04 12:00:00,30.0,69,0.0,13.7,360,8.388830574159369e-16,-13.7
2014-09-04 13:00:00,29.9,69,0.0,12.2,358,0.42577385977051313,-12.192568089632967
2014-09-04 14:00:00,29.7,69,0.0,11.9,2,-0.4153040107597591,-11.89275084152724
2014-09-04 15:00:00,29.2,72,0.1,12.6,360,7.715274834628325e-16,-12.6
2014-09-04 16:00:00,28.8,74,0.1,11.2,6,-1.1707187885977175,-11.13864522812466
2014-09-04 17:00:00,28.5,75,0.0,9.0,16,-2.4807362023529897,-8.651355263444872
2014-09-04 18:00:00,27.9,79,0.0,6.3,24,-2.5624408513775405,-5.755336383148386
2014-09-04 19:00:00,27.8,76,0.0,5.8,60,-5.0229473419497435,-2.9000000000000004
2014-09-04 20:00:00,27.9,75,0.0,4.9,36,-2.880147736233119,-3.9641832724372423
2014-09-04 21:00:00,27.0,81,0.0,5.4,356,0.3766849582182763,-5.386845871403051
2014-09-04 22:00:00,26.1,86,0.0,5.5,349,1.049449474570997,-5.3989495089621515
2014-09-04 23:00:00,25.9,87,0.0,5.2,348,1.0811407922523493,-5.086367523815789
2014-09-05 00:00:00,25.4,90,0.1,4.0,5,-0.348622970990633,-3.984778792366982
2014-09-05 01:00:00,24.5,92,0.0,3.6,45,-2.545584412271572,-2.545584412271571
2014-09-05 02:00:00,23.8,93,0.4,1.8,79,-1.7669289302057951,-0.3434561916777805
2014-09-05 03:00:00,24.9,87,0.0,3.1,111,-2.8940993221413254,1.1109406435904308
2014-09-05 04:00:00,25.2,85,0.0,2.9,97,-2.8783838397598336,0.35342109587492787
2014-09-05 05:00:00,25.7,82,0.0,1.4,90,-1.4,1.7145055188062944e-16
2014-09-05 06:00:00,23.9,90,0.0,0.7000000000000001,90,-0.7000000000000001,8.572527594031473e-17
2014-09-05 07:00:00,24.9,92,0.0,1.8,79,-1.7669289302057951,-0.3434561916777805
2014-09-05 08:00:00,27.8,77,0.0,1.3,56,-1.0777488443215544,-0.7269507745119708
2014-09-05 09:00:00,28.9,73,0.0,2.4,333,1.0895771993749124,-2.138415658052083
2014-09-05 10:00:00,30.1,68,0.0,5.6,315,3.9597979746446663,-3.9597979746446654
2014-09-05 11:00:00,30.8,66,0.0,8.7,318,5.821436275322066,-6.46535998165333
2014-09-05 12:00:00,30.9,65,0.0,11.3,323,6.800509761618147,-9.02458126353441
2014-09-05 13:00:00,30.9,65,0.0,9.0,337,3.5165801564034633,-8.284543681071963
2014-09-05 14:00:00,30.8,66,0.0,7.5,343,2.192787785420526,-7.172285669722766
2014-09-05 15:00:00,30.6,68,0.0,8.6,358,0.3001356716415093,-8.594761112364223
2014-09-05 16:00:00,30.4,68,0.0,4.7,9,-0.7352419856890859,-4.6421352007971475
2014-09-05 17:00:00,29.9,70,0.0,7.9,360,4.837354856632045e-16,-7.9
2014-09-05 18:00:00,29.1,79,0.0,8.3,2,-0.28966582263075635,-8.294943864258496
2014-09-05 19:00:00,29.1,72,0.0,8.6,358,0.3001356716415093,-8.594761112364223
2014-09-05 20:00:00,28.8,74,0.0,5.4,352,0.7515347451843536,-5.34744757120448
2014-09-05 21:00:00,27.7,79,0.0,2.5,8,-0.3479327524001646,-2.475670171853926
2014-09-05 22:00:00,26.0,87,0.0,2.5,135,-1.7677669529663687,1.7677669529663689
2014-09-05 23:00:00,25.5,89,0.0,3.3,174,-0.3449439287832567,3.2819222547153015
2014-09-06 00:00:00,24.6,92,0.0,5.5,169,-1.0494494745709964,5.3989495089621515
2014-09-06 01:00:00,24.3,93,0.0,5.4,160,-1.8469087739586112,5.074340152243906
2014-09-06 02:00:00,24.1,93,0.0,5.2,168,-1.0811407922523486,5.08636752381579
2014-09-06 03:00:00,24.3,90,0.0,5.5,157,-2.149021206691006,5.062776693988422
2014-09-06 04:00:00,23.9,90,0.0,6.3,156,-2.5624408513775414,5.755336383148386
2014-09-06 05:00:00,24.0,89,0.0,7.3,160,-2.4967470462773815,6.859756131737131
2014-09-06 06:00:00,24.1,89,0.0,7.2,183,0.3768188849491966,7.190132650232932
2014-09-06 07:00:00,25.8,85,0.0,6.5,180,3.9801020972288977e-16,6.5
2014-09-06 08:00:00,27.8,74,0.0,5.5,191,1.049449474570997,5.3989495089621515
2014-09-06 09:00:00,28.8,72,0.0,5.3,208,2.4881992827652213,4.679622242152313
2014-09-06 10:00:00,29.8,70,0.0,3.3,229,2.4905416147351476,2.1649947956686737
2014-09-06 11:00:00,30.8,66,0.0,4.3,294,3.9282454678631837,-1.7489675652259409
2014-09-06 12:00:00,31.3,63,0.0,7.3,327,3.9758649556096977,-6.122295146001595
2014-09-06 13:00:00,31.4,64,0.0,10.5,344,2.8941922360784913,-10.093247807352348
2014-09-06 14:00:00,31.1,65,0.0,13.0,360,7.960204194457795e-16,-13.0
2014-09-06 15:00:00,31.1,65,0.0,14.4,1,-0.25131465269688236,-14.397806810252035
2014-09-06 16:00:00,30.6,68,0.0,13.8,7,-1.681796938991031,-13.697136892650246
2014-09-06 17:00:00,30.1,70,0.0,10.8,360,6.613092715395707e-16,-10.8
2014-09-06 18:00:00,29.1,77,0.0,9.4,356,0.6557108531947772,-9.377102072442348
2014-09-06 19:00:00,27.9,81,0.0,5.8,22,-2.1727182418122912,-5.377666356487366
2014-09-06 20:00:00,27.1,85,0.0,2.0,45,-1.4142135623730954,-1.414213562373095
2014-09-06 21:00:00,26.8,85,0.0,1.1,162,-0.3399186938124421,1.046162167924669
2014-09-06 22:00:00,25.8,88,0.0,3.1,201,1.1109406435904312,2.8940993221413254
2014-09-06 23:00:00,25.6,88,0.0,4.8,193,1.0797650608505516,4.676976310969129
2014-09-07 00:00:00,25.3,89,0.0,7.8,193,1.7546182238821464,7.6000865053248345
2014-09-07 01:00:00,25.3,88,0.2,9.6,193,2.159530121701103,9.353952621938259
2014-09-07 02:00:00,25.6,84,0.2,10.7,194,2.588564282916444,10.382164271153162
2014-09-07 03:00:00,25.2,88,0.0,10.9,197,3.186851581477831,10.423721839997087
2014-09-07 04:00:00,25.2,88,0.0,10.6,198,3.275580140374443,10.081199072728626
2014-09-07 05:00:00,26.4,78,0.0,7.9,196,2.1775351109542935,7.59396739791272
2014-09-07 06:00:00,26.4,78,0.0,4.3,156,-1.748967565225941,3.9282454678631837
2014-09-07 07:00:00,26.2,83,0.0,5.3,152,-2.4881992827652217,4.679622242152313
2014-09-07 08:00:00,27.7,73,0.0,5.6,153,-2.542346798541461,4.98963653545486
2014-09-07 09:00:00,28.9,70,0.0,6.2,187,0.7555899291119145,6.153786140176196
2014-09-07 10:00:00,29.8,69,0.0,7.5,215,4.301823272632846,6.143640332167439
2014-09-07 11:00:00,30.1,70,0.3,8.8,235,7.208537989743128,5.047472639889206
2014-09-07 12:00:00,30.6,70,0.3,10.6,242,9.359244484304625,4.976398565530443
2014-09-07 13:00:00,30.9,71,0.2,12.6,239,10.800307988846615,6.489479743866682
2014-09-07 14:00:00,30.6,73,0.0,12.6,239,10.800307988846615,6.489479743866682
2014-09-07 15:00:00,30.0,76,0.3,9.4,227,6.874724795220202,6.410784584587486
2014-09-07 16:00:00,28.7,79,2.8,6.5,199,2.116193003971519,6.145870741395559
2014-09-07 17:00:00,28.6,78,0.1,4.5,209,2.181643291108517,3.935788682127281
2014-09-07 18:00:00,28.1,81,0.0,3.4,198,1.0506577808748212,3.233592155403522
2014-09-07 19:00:00,27.5,85,0.0,4.4,189,0.6883116461770161,4.3458286986186065
2014-09-07 20:00:00,27.8,82,0.0,4.7,189,0.7352419856890854,4.6421352007971475
2014-09-07 21:00:00,27.5,83,0.0,5.2,196,1.4333142502483958,4.998560818879258
2014-09-07 22:00:00,26.7,86,0.0,7.2,183,0.3768188849491966,7.190132650232932
2014-09-07 23:00:00,25.2,91,0.0,7.3,169,-1.392905666248777,7.165878439167947
2014-09-08 00:00:00,24.2,94,0.0,6.5,161,-2.116193003971518,6.1458707413955596
2014-09-08 01:00:00,23.3,96,0.0,6.2,159,-2.2218812871808615,5.788198644282651
2014-09-08 02:00:00,23.0,96,0.0,4.7,171,-0.7352419856890848,4.6421352007971475
2014-09-08 03:00:00,24.8,85,0.4,4.3,185,0.37476969381492997,4.283637201794505
2014-09-08 04:00:00,23.9,89,0.0,3.6,174,-0.3763024677635528,3.580278823325784
2014-09-08 05:00:00,23.0,92,0.1,4.7,157,-1.8364363038995868,4.326372811226469
2014-09-08 06:00:00,22.7,92,0.0,5.6,165,-1.4493866525741166,5.4091846272187825
2014-09-08 07:00:00,24.8,89,0.0,5.4,172,-0.7515347451843529,5.34744757120448
2014-09-08 08:00:00,27.0,76,0.0,5.4,188,0.7515347451843536,5.34744757120448
2014-09-08 09:00:00,28.1,72,0.0,4.5,209,2.181643291108517,3.935788682127281
2014-09-08 10:00:00,29.4,68,0.0,4.9,234,3.9641832724372428,2.8801477362331185
2014-09-08 11:00:00,30.4,65,0.0,6.8,245,6.162892951849219,2.873804179836756
2014-09-08 12:00:00,30.8,65,0.0,9.4,252,8.939931253174443,2.9047597471245057
2014-09-08 13:00:00,30.7,65,0.0,11.5,250,10.806465139037947,3.93323164824519
2014-09-08 14:00:00,30.5,68,0.0,11.4,242,10.065602558591769,5.351975815759156
2014-09-08 15:00:00,30.7,68,0.0,10.3,241,9.008582983535776,4.993539088537272
2014-09-08 16:00:00,30.4,69,0.0,8.6,237,7.212566884330647,4.683895701129233
2014-09-08 17:00:00,29.9,71,0.0,7.2,243,6.415246974156249,3.2687315981247367
2014-09-08 18:00:00,29.1,75,0.0,9.2,244,8.268905225952336,4.033014550459511
2014-09-08 19:00:00,27.8,84,0.0,5.8,240,5.022947341949744,2.8999999999999995
2014-09-08 20:00:00,26.9,89,0.0,6.0,245,5.437846722219899,2.5357095704441965
2014-09-08 21:00:00,26.0,93,0.0,7.0,235,5.7340643100229425,4.015035054457322
2014-09-08 22:00:00,25.6,94,0.0,7.7,217,4.633975678270772,6.149493427364155
2014-09-08 23:00:00,25.3,95,0.0,7.9,204,3.2132194802988217,7.217009115376547
2014-09-09 00:00:00,25.2,94,0.1,7.9,196,2.1775351109542935,7.59396739791272
2014-09-09 01:00:00,24.7,96,0.4,7.8,193,1.7546182238821464,7.6000865053248345
2014-09-09 02:00:00,24.5,93,0.5,7.7,191,1.4692292643993958,7.558529312547013
2014-09-09 03:00:00,24.9,92,0.7000000000000001,6.5,174,-0.6794350112397481,6.4643923198937765
2014-09-09 04:00:00,24.5,92,0.2,6.4,164,-1.764079077228794,6.1520748540052415
2014-09-09 05:00:00,24.9,89,0.2,6.0,147,-3.2678342100901627,5.032023407672543
2014-09-09 06:00:00,24.6,91,0.4,5.6,153,-2.542346798541461,4.98963653545486
2014-09-09 07:00:00,25.4,91,0.0,3.6,143,-2.1665340833473743,2.8750878361702537
2014-09-09 08:00:00,27.0,83,0.0,4.1,135,-2.8991378028648445,2.899137802864845
2014-09-09 09:00:00,28.1,78,0.0,3.0,166,-0.7257656867990033,2.9108871788279895
2014-09-09 10:00:00,29.3,72,0.0,2.8,220,1.7998053071223101,2.1449244407331385
2014-09-09 11:00:00,30.0,69,0.0,4.7,261,4.6421352007971475,0.7352419856890852
2014-09-09 12:00:00,30.7,65,0.0,7.6,275,7.571079705497266,-0.662383644882202
2014-09-09 13:00:00,31.0,65,0.0,6.8,270,6.8,0.0
2014-09-09 14:00:00,31.1,64,0.0,5.8,277,5.756767679519667,-0.7068421917498553
2014-09-09 15:00:00,30.4,65,0.0,5.0,270,5.0,0.0
2014-09-09 16:00:00,30.3,66,0.0,6.1,225,4.31335136523794,4.313351365237939
2014-09-09 17:00:00,29.8,68,0.0,6.9,227,5.046340541172277,4.70578868443124
2014-09-09 18:00:00,28.7,72,0.0,9.3,242,8.211412613588022,4.366085533908785
2014-09-09 19:00:00,27.6,82,0.0,7.0,215,4.015035054457323,5.7340643100229425
2014-09-09 20:00:00,27.2,83,0.0,7.4,194,1.7902220274375409,7.180188374442374
2014-09-09 21:00:00,26.8,83,0.0,6.7,216,3.93816119035957,5.420413862312148
2014-09-09 22:00:00,26.4,85,0.0,6.4,207,2.9055391983331,5.702441754805554
2014-09-09 23:00:00,25.3,90,0.0,7.3,191,1.3929056662487778,7.165878439167947
2014-09-10 00:00:00,24.9,92,0.0,7.4,194,1.7902220274375409,7.180188374442374
2014-09-10 01:00:00,24.5,93,0.0,7.6,199,2.474317973874391,7.185941174554807
2014-09-10 02:00:00,23.8,95,0.0,6.9,189,1.0793978087775935,6.815049550106451
2014-09-10 03:00:00,23.9,93,0.0,5.9,169,-1.1257730727216144,5.791600382341218
2014-09-10 04:00:00,23.5,94,0.0,6.3,156,-2.5624408513775414,5.755336383148386
2014-09-10 05:00:00,23.2,93,0.0,5.0,150,-2.499999999999999,4.330127018922194
2014-09-10 06:00:00,22.8,94,0.0,4.6,141,-2.894873798829251,3.5748714227020666
2014-09-10 07:00:00,25.4,87,0.0,5.4,143,-3.2498011250210617,4.312631754255381
2014-09-10 08:00:00,27.7,78,0.0,4.3,175,-0.3747696938149304,4.283637201794505
2014-09-10 09:00:00,29.0,74,0.0,4.6,231,3.5748714227020657,2.8948737988292517
2014-09-10 10:00:00,29.9,70,0.0,7.0,258,6.84703320513664,1.4553818357243153
2014-09-10 11:00:00,30.1,69,0.0,9.5,259,9.325458242752807,1.8126854560771757
2014-09-10 12:00:00,29.9,71,0.0,10.2,262,10.100734301164017,1.4195656297926673
2014-09-10 13:00:00,30.2,69,0.2,8.6,268,8.594761112364223,0.30013567164150834
2014-09-10 14:00:00,29.9,70,0.0,4.9,287,4.685893304218874,-1.4326213531414103
2014-09-10 15:00:00,29.3,71,0.2,2.2,261,2.1729143493093033,0.34415582308850795
2014-09-10 16:00:00,29.2,71,0.0,2.6,214,1.4539015490239418,2.1554976886431088
2014-09-10 17:00:00,28.8,73,0.0,4.0,190,0.6945927106677217,3.939231012048832
2014-09-10 18:00:00,28.1,78,0.0,2.9,173,-0.35342109587492737,2.878383839759834
2014-09-10 19:00:00,27.2,84,0.0,5.1,135,-3.606244584051392,3.6062445840513924
2014-09-10 20:00:00,27.1,81,0.0,3.1,144,-1.8221342821066664,2.5079526825623373
2014-09-10 21:00:00,27.8,76,0.0,3.1,216,1.8221342821066668,2.5079526825623373
2014-09-10 22:00:00,27.7,76,0.0,3.3,167,-0.7423384793347546,3.2154212137912763
2014-09-10 23:00:00,27.5,77,0.0,1.9,158,-0.7117525274902329,1.761649323676896
2014-09-11 00:00:00,27.2,79,0.0,2.1,121,-1.8000513314744357,1.0815799573111142
2014-09-11 01:00:00,26.5,81,0.0,3.8,107,-3.633958072659535,1.111012477946399
2014-09-11 02:00:00,26.7,80,0.0,1.6,117,-1.4256104387013886,0.7263847995832751
2014-09-11 03:00:00,26.8,75,0.0,1.8,233,1.437543918085127,1.083267041673687
2014-09-11 04:00:00,26.6,77,0.0,0.8,243,0.7128052193506944,0.3631923997916374
2014-09-11 05:00:00,26.4,78,0.0,0.8,333,0.3631923997916375,-0.7128052193506943
2014-09-11 06:00:00,26.2,79,0.0,4.2,31,-2.163159914622229,-3.600102662948871
2014-09-11 07:00:00,26.9,79,0.0,4.4,35,-2.523736319944604,-3.604268994871563
2014-09-11 08:00:00,28.4,75,0.0,6.5,354,0.6794350112397475,-6.4643923198937765
2014-09-11 09:00:00,29.2,72,0.2,7.1,330,3.5500000000000007,-6.148780366869514
2014-09-11 10:00:00,29.8,69,0.4,8.9,313,6.509047944410617,-6.069785404556237
2014-09-11 11:00:00,30.4,67,0.3,10.4,316,7.224447052773572,-7.481133923521972
2014-09-11 12:00:00,30.9,65,0.0,13.7,330,6.850000000000001,-11.864548031846809
2014-09-11 13:00:00,30.7,67,0.0,13.6,328,7.206901993571586,-11.533454107727392
2014-09-11 14:00:00,30.4,68,0.0,14.0,334,6.1371960550470845,-12.583116648188339
2014-09-11 15:00:00,29.3,72,0.7000000000000001,11.1,331,5.3813867847343415,-9.708278749247292
2014-09-11 16:00:00,29.0,73,0.2,7.0,348,1.4553818357243162,-6.847033205136639
2014-09-11 17:00:00,28.8,74,0.0,5.4,20,-1.8469087739586103,-5.074340152243906
2014-09-11 18:00:00,28.0,83,0.0,7.1,330,3.5500000000000007,-6.148780366869514
2014-09-11 19:00:00,27.0,86,0.0,7.4,346,1.7902220274375409,-7.180188374442374
2014-09-11 20:00:00,26.1,89,0.0,4.6,321,2.894873798829252,-3.5748714227020657
2014-09-11 21:00:00,25.8,90,0.3,1.6,243,1.4256104387013888,0.7263847995832748
2014-09-11 22:00:00,25.5,92,0.6,3.2,117,-2.851220877402777,1.4527695991665501
2014-09-11 23:00:00,25.6,89,0.1,5.4,132,-4.012982057577928,3.613305274337835
2014-09-12 00:00:00,24.4,94,0.0,7.6,188,1.0577155672964975,7.5260373224359345
2014-09-12 01:00:00,24.2,94,0.0,11.1,209,5.3813867847343415,9.708278749247292
2014-09-12 02:00:00,24.1,95,0.0,11.3,207,5.1300926470568795,10.068373723328557
2014-09-12 03:00:00,24.6,93,0.1,9.7,182,0.33852511801426044,9.694091022085228
2014-09-12 04:00:00,24.5,91,0.0,8.0,175,-0.6972459419812659,7.969557584733964
2014-09-12 05:00:00,24.8,88,0.0,6.9,174,-0.7212463965468096,6.862201078041086
2014-09-12 06:00:00,24.4,89,0.0,3.3,167,-0.7423384793347546,3.2154212137912763
2014-09-12 07:00:00,25.8,87,0.0,3.4,162,-1.050657780874821,3.2335921554035223
2014-09-12 08:00:00,27.5,79,0.0,4.0,207,1.8159619989581872,3.564026096753471
2014-09-12 09:00:00,28.6,76,0.0,4.8,257,4.676976310969129,1.079765060850552
2014-09-12 10:00:00,29.4,74,0.1,6.5,289,6.1458707413955596,-2.1161930039715187
2014-09-12 11:00:00,30.1,72,0.0,8.9,302,7.547628055792192,-4.716281451675524
2014-09-12 12:00:00,30.3,73,0.0,8.9,313,6.509047944410617,-6.069785404556237
2014-09-12 13:00:00,30.1,74,0.2,9.4,310,7.200817765318393,-6.042203531053469
2014-09-12 14:00:00,29.4,77,0.5,8.4,301,7.200205325897744,-4.326319829244455
2014-09-12 15:00:00,29.2,76,0.1,5.7,305,4.669166652447253,-3.2693856872009626
2014-09-12 16:00:00,29.2,74,0.2,4.7,266,4.688551036221174,0.3278554265973889
2014-09-12 17:00:00,28.7,75,0.2,2.6,236,2.1554976886431083,1.453901549023942
2014-09-12 18:00:00,27.9,78,0.2,5.4,222,3.6133052743378347,4.012982057577929
2014-09-12 19:00:00,27.1,83,0.2,6.5,174,-0.6794350112397481,6.4643923198937765
2014-09-12 20:00:00,26.2,90,0.2,5.6,165,-1.4493866525741166,5.4091846272187825
2014-09-12 21:00:00,26.2,88,0.9,5.5,169,-1.0494494745709964,5.3989495089621515
2014-09-12 22:00:00,25.7,91,0.3,9.2,141,-5.789747597658502,7.149742845404133
2014-09-12 23:00:00,25.2,92,0.0,8.9,140,-5.7208097262102005,6.817795543758905
2014-09-13 00:00:00,25.3,90,0.0,4.4,189,0.6883116461770161,4.3458286986186065
2014-09-13 01:00:00,25.6,88,0.0,4.4,235,3.604268994871564,2.523736319944603
2014-09-13 02:00:00,26.2,85,0.0,3.7,151,-1.793795594911447,3.236092916415765
2014-09-13 03:00:00,24.7,91,0.0,6.6,119,-5.772490067120011,3.1997434936258253
2014-09-13 04:00:00,24.5,92,0.0,6.2,111,-5.788198644282651,2.2218812871808615
2014-09-13 05:00:00,24.8,87,0.0,4.1,75,-3.96029588778518,-1.0611580849203353
2014-09-13 06:00:00,25.3,83,0.0,3.6,53,-2.875087836170254,-2.1665340833473743
2014-09-13 07:00:00,25.7,90,0.0,3.7,61,-3.236092916415765,-1.7937955949114468
2014-09-13 08:00:00,28.2,72,0.0,3.9,34,-2.1808523235359116,-3.233246532964663
2014-09-13 09:00:00,29.3,70,0.0,6.1,357,0.3192493330819582,-6.0916401620029
2014-09-13 10:00:00,30.3,67,0.0,9.2,334,4.033014550459512,-8.268905225952336
2014-09-13 11:00:00,30.5,67,0.0,11.4,332,5.351975815759156,-10.065602558591767
2014-09-13 12:00:00,30.8,66,0.0,10.0,334,4.383711467890775,-8.98794046299167
2014-09-13 13:00:00,30.1,68,0.0,10.5,333,4.766900247265242,-9.355568503977862
2014-09-13 14:00:00,29.7,70,0.0,9.1,342,2.8120546488120217,-8.654614298285896
2014-09-13 15:00:00,29.1,73,0.0,8.4,350,1.4586446924022156,-8.272385125302547
2014-09-13 16:00:00,29.1,74,0.0,6.5,360,3.9801020972288977e-16,-6.5
2014-09-13 17:00:00,28.8,78,0.0,4.0,355,0.34862297099063255,-3.984778792366982
2014-09-13 18:00:00,28.1,83,0.0,5.0,330,2.5000000000000004,-4.330127018922193
2014-09-13 19:00:00,27.3,85,0.0,6.0,25,-2.5357095704441948,-5.4378467222199
2014-09-13 20:00:00,27.2,84,0.0,7.1,15,-1.8376152202278964,-6.858073366652385
2014-09-13 21:00:00,26.8,86,0.0,6.9,9,-1.0793978087775942,-6.81504955010645
2014-09-13 22:00:00,26.8,85,0.0,7.3,33,-3.9758649556096968,-6.122295146001595
2014-09-13 23:00:00,27.0,83,0.0,6.9,43,-4.705788684431241,-5.046340541172277
2014-09-14 00:00:00,26.2,87,0.0,7.8,22,-2.921931428644116,-7.232034065620941
2014-09-14 01:00:00,25.5,90,0.0,7.6,5,-0.6623836448822027,-7.571079705497266
2014-09-14 02:00:00,25.6,92,0.0,9.4,2,-0.3280552690035072,-9.394273773979501
2014-09-14 03:00:00,25.9,90,0.0,9.1,9,-1.4235536318661024,-8.987963899415753
2014-09-14 04:00:00,25.4,92,0.0,10.0,13,-2.2495105434386526,-9.743700647852352
2014-09-14 05:00:00,25.1,94,0.0,11.3,9,-1.7677094549546108,-11.160878248725057
2014-09-14 06:00:00,25.2,95,0.0,10.8,2,-0.37691456438700827,-10.793420931806235
2014-09-14 07:00:00,26.0,94,0.0,12.3,3,-0.643732261788215,-12.283143277481258
2014-09-14 08:00:00,28.3,81,0.0,13.3,2,-0.4641633061432601,-13.291897999353974
2014-09-14 09:00:00,29.7,73,0.0,11.9,360,7.286648454926752e-16,-11.9
2014-09-14 10:00:00,31.0,67,0.0,11.2,356,0.7812725059342026,-11.17271736291003
2014-09-14 11:00:00,31.6,64,0.0,12.3,355,1.0720156357961952,-12.253194786528471
2014-09-14 12:00:00,31.8,63,0.0,15.2,356,1.0602984009107035,-15.162973563949327
2014-09-14 13:00:00,32.2,62,0.0,17.7,5,-1.542656646633551,-17.632646156223895
2014-09-14 14:00:00,32.6,61,0.0,17.6,1,-0.30716235329618957,-17.59731943475249
2014-09-14 15:00:00,32.6,62,0.0,14.8,3,-0.7745721523955758,-14.779717114367694
2014-09-14 16:00:00,31.8,66,0.0,9.7,4,-0.676637795318018,-9.676371287520293
2014-09-14 17:00:00,30.7,78,0.0,7.0,21,-2.508575646817105,-6.535062985480412
2014-09-14 18:00:00,29.7,80,0.0,4.7,9,-0.7352419856890859,-4.6421352007971475
2014-09-14 19:00:00,28.7,81,0.0,7.6,5,-0.6623836448822027,-7.571079705497266
2014-09-14 20:00:00,28.2,82,0.0,8.4,7,-1.0237024846032363,-8.337387673787106
2014-09-14 21:00:00,27.1,87,0.0,9.4,2,-0.3280552690035072,-9.394273773979501
2014-09-14 22:00:00,26.3,91,0.0,9.8,8,-1.363896389408645,-9.704627073667389
2014-09-14 23:00:00,26.7,90,0.0,11.7,9,-1.830283240970703,-11.55595358496311
2014-09-15 00:00:00,26.4,91,0.0,12.5,12,-2.5988961352219975,-12.22684500917257
2014-09-15 01:00:00,25.9,93,0.0,9.7,15,-2.51054473749445,-9.369480515003962
2014-09-15 02:00:00,25.0,96,0.0,9.2,11,-1.7554427574642102,-9.030970087718508
2014-09-15 03:00:00,27.5,85,0.0,8.0,8,-1.1133848076805266,-7.922144549932562
2014-09-15 04:00:00,26.2,89,0.0,2.9,30,-1.4500000000000013,-2.5114736709748713
2014-09-15 05:00:00,24.9,94,0.0,1.1,162,-0.3399186938124421,1.046162167924669
2014-09-15 06:00:00,24.7,95,0.0,5.5,157,-2.149021206691006,5.062776693988422
2014-09-15 07:00:00,26.7,90,0.0,2.8,130,-2.144924440733138,1.7998053071223103
2014-09-15 08:00:00,29.3,80,0.0,3.4,198,1.0506577808748212,3.233592155403522
2014-09-15 09:00:00,30.6,74,0.0,8.4,205,3.5499933986218752,7.61298541110786
2014-09-15 10:00:00,31.6,70,0.0,11.0,221,7.2166493188955805,8.301805382450492
2014-09-15 11:00:00,32.4,67,0.0,12.2,236,10.114258385171507,6.822153422343112
2014-09-15 12:00:00,32.8,67,0.0,12.6,250,11.840127021902445,4.309453805903425
2014-09-15 13:00:00,32.6,68,0.0,13.4,264,13.326593397934863,1.4006814077865566
2014-09-15 14:00:00,32.4,69,0.0,14.8,273,14.779717114367694,-0.7745721523955688
2014-09-15 15:00:00,32.3,70,0.0,13.8,279,13.630099100212902,-2.158795617555186
2014-09-15 16:00:00,31.7,72,0.0,10.8,272,10.793420931806235,-0.3769145643870105
2014-09-15 17:00:00,30.9,74,0.0,8.9,243,7.929958065276475,4.040515447681966
2014-09-15 18:00:00,29.8,80,0.0,10.5,221,6.888619804400326,7.924450592339106
2014-09-15 19:00:00,29.0,85,0.0,8.3,198,2.564841053312064,7.893769085249775
2014-09-15 20:00:00,28.5,87,0.0,11.7,189,1.8302832409707017,11.555953584963111
2014-09-15 21:00:00,28.1,86,0.0,12.2,178,-0.42577385977051163,12.192568089632967
2014-09-15 22:00:00,27.3,85,0.4,14.4,183,0.7536377698983932,14.380265300465863
2014-09-15 23:00:00,26.4,87,0.2,14.8,166,-3.5804440548750835,14.360376748884748
2014-09-16 00:00:00,25.8,88,0.0,10.0,154,-4.383711467890775,8.98794046299167
2014-09-16 01:00:00,26.5,82,0.0,9.1,173,-1.109011024986841,9.03216997993603
2014-09-16 02:00:00,25.6,86,0.0,9.0,178,-0.3140954703225086,8.994517443171862
2014-09-16 03:00:00,24.9,89,0.0,9.8,204,3.9860191021428424,8.95274548489749
2014-09-16 04:00:00,24.9,91,0.0,10.0,210,5.000000000000001,8.660254037844386
2014-09-16 05:00:00,26.1,88,0.0,8.5,216,4.996174644486022,6.876644452187053
2014-09-16 06:00:00,26.6,89,0.0,6.0,205,2.5357095704441965,5.437846722219899
2014-09-16 07:00:00,26.7,92,0.0,4.6,198,1.4214781741247582,4.3748599749577055
2014-09-16 08:00:00,28.5,87,0.0,4.7,203,1.8364363038995866,4.32637281122647
2014-09-16 09:00:00,29.6,78,0.0,5.7,235,4.669166652447253,3.2693856872009626
2014-09-16 10:00:00,30.7,72,0.0,8.8,251,8.320563465273988,2.8649997592229792
2014-09-16 11:00:00,31.8,68,0.0,10.5,262,10.397814721786489,1.4613175600806871
2014-09-16 12:00:00,31.8,67,0.0,13.3,273,13.281772812235833,-0.696068218031153
2014-09-16 13:00:00,31.4,68,0.0,11.9,272,11.89275084152724,-0.41530401075976153
2014-09-16 14:00:00,30.5,71,0.2,10.1,268,10.093847352892867,0.3524849166952598
2014-09-16 15:00:00,29.8,74,0.7000000000000001,7.1,285,6.858073366652385,-1.8376152202278973
2014-09-16 16:00:00,29.4,76,0.9,8.0,243,7.128052193506943,3.631923997916374
2014-09-16 17:00:00,27.8,84,0.7000000000000001,7.2,198,2.224922359499622,6.8476069173251055
2014-09-16 18:00:00,27.0,85,0.0,4.3,180,2.632990618166809e-16,4.3
2014-09-16 19:00:00,26.8,85,0.0,2.8,140,-1.7998053071223101,2.1449244407331385
2014-09-16 20:00:00,27.4,80,0.0,3.1,111,-2.8940993221413254,1.1109406435904308
2014-09-16 21:00:00,27.4,79,0.0,1.1,288,1.0461621679246689,-0.33991869381244216
2014-09-16 22:00:00,25.6,88,0.0,3.2,207,1.45276959916655,2.851220877402777
2014-09-16 23:00:00,25.3,88,0.0,5.8,176,-0.4045875477159269,5.78587149150698
2014-09-17 00:00:00,25.4,86,0.0,5.4,176,-0.3766849582182768,5.386845871403051
2014-09-17 01:00:00,25.3,85,0.0,6.1,180,3.735172737399427e-16,6.1
2014-09-17 02:00:00,24.6,87,0.0,5.8,184,0.40458754771592637,5.78587149150698
2014-09-17 03:00:00,23.8,92,0.1,3.3,174,-0.3449439287832567,3.2819222547153015
2014-09-17 04:00:00,23.9,91,0.5,3.0,166,-0.7257656867990033,2.9108871788279895
2014-09-17 05:00:00,23.8,91,0.0,1.6,153,-0.7263847995832747,1.4256104387013888
2014-09-17 06:00:00,23.9,90,0.0,0.8,153,-0.36319239979163737,0.7128052193506944
2014-09-17 07:00:00,25.3,89,0.0,0.7000000000000001,180,4.2862637970157366e-17,0.7000000000000001
2014-09-17 08:00:00,27.6,79,0.0,2.9,277,2.8783838397598336,-0.35342109587492765
2014-09-17 09:00:00,28.9,76,0.0,5.7,305,4.669166652447253,-3.2693856872009626
2014-09-17 10:00:00,30.2,70,0.0,8.5,324,4.996174644486022,-6.876644452187053
2014-09-17 11:00:00,31.1,66,0.0,10.2,321,6.419067988708342,-7.926888806861102
2014-09-17 12:00:00,31.3,65,0.0,12.5,321,7.866504888122969,-9.714324518212136
2014-09-17 13:00:00,31.5,65,0.0,14.2,324,8.346550582553117,-11.488041320124253
2014-09-17 14:00:00,31.1,66,0.0,12.1,343,3.5376976271451146,-11.571287547152728
2014-09-17 15:00:00,30.1,71,0.0,11.5,346,2.782101799396178,-11.15840085217396
2014-09-17 16:00:00,29.8,73,0.0,12.3,353,1.4989929238833142,-12.208317665188261
2014-09-17 17:00:00,29.2,76,0.0,10.2,8,-1.4195656297926713,-10.100734301164016
2014-09-17 18:00:00,28.5,79,0.0,11.2,2,-0.3908743630680085,-11.193177262613872
2014-09-17 19:00:00,27.5,86,0.0,8.3,358,0.289665822630759,-8.294943864258496
2014-09-17 20:00:00,26.5,91,0.0,8.3,358,0.289665822630759,-8.294943864258496
2014-09-17 21:00:00,26.4,91,0.0,6.5,357,0.3401837155791358,-6.49109197590473
2014-09-17 22:00:00,27.2,89,0.0,7.0,348,1.4553818357243162,-6.847033205136639
2014-09-17 23:00:00,27.4,88,0.0,6.5,3,-0.340183715579138,-6.49109197590473
2014-09-18 00:00:00,27.3,89,0.0,5.2,34,-2.907803098047882,-4.3109953772862175
2014-09-18 01:00:00,27.1,89,0.0,3.3,13,-0.7423384793347553,-3.215421213791276
2014-09-18 02:00:00,26.7,90,0.0,5.2,25,-2.197614961051636,-4.71280049259058
2014-09-18 03:00:00,26.8,89,0.0,5.4,20,-1.8469087739586103,-5.074340152243906
2014-09-18 04:00:00,26.3,90,0.0,6.5,34,-3.6347538725598527,-5.388744221607772
2014-09-18 05:00:00,26.0,91,0.0,6.3,24,-2.5624408513775405,-5.755336383148386
2014-09-18 06:00:00,25.9,91,0.0,7.3,20,-2.49674704627738,-6.859756131737131
2014-09-18 07:00:00,25.8,96,0.0,8.3,5,-0.7233926648055635,-8.268415994161488
2014-09-18 08:00:00,28.7,83,0.0,11.0,349,2.098898949141994,-10.797899017924303
2014-09-18 09:00:00,30.0,76,0.0,12.1,343,3.5376976271451146,-11.571287547152728
2014-09-18 10:00:00,31.0,71,0.0,12.1,337,4.727846654720212,-11.138108726774528
2014-09-18 11:00:00,31.6,67,0.0,11.4,325,6.538771374401926,-9.338333304894507
2014-09-18 12:00:00,32.1,65,0.0,12.0,316,8.335900445507967,-8.632077604063813
2014-09-18 13:00:00,32.4,65,0.0,12.0,314,8.632077604063815,-8.335900445507967
2014-09-18 14:00:00,31.8,67,0.0,11.7,317,7.979380812731232,-8.556838308944293
2014-09-18 15:00:00,31.4,70,0.0,8.5,332,3.9905082836800725,-7.505054539300878
2014-09-18 16:00:00,30.9,71,0.0,6.2,7,-0.7555899291119125,-6.153786140176197
2014-09-18 17:00:00,30.8,72,0.0,3.1,339,1.1109406435904312,-2.8940993221413254
2014-09-18 18:00:00,29.7,83,0.0,3.5,336,1.4235782507653008,-3.197409101749103
2014-09-18 19:00:00,29.2,80,0.0,4.7,337,1.8364363038995866,-4.32637281122647
2014-09-18 20:00:00,29.7,76,0.0,7.3,349,1.3929056662487778,-7.165878439167947
2014-09-18 21:00:00,29.5,78,0.0,9.0,2,-0.31409547032250684,-8.994517443171862
2014-09-18 22:00:00,27.3,88,0.0,8.3,355,0.7233926648055626,-8.268415994161488
2014-09-18 23:00:00,26.7,90,0.0,8.0,342,2.4721359549995796,-7.608452130361228
2014-09-19 00:00:00,26.4,91,0.0,8.7,355,0.7582549619046257,-8.666893873398186
2014-09-19 01:00:00,25.8,94,0.0,8.9,21,-3.1894747509531767,-8.308865795825096
2014-09-19 02:00:00,25.5,95,0.0,3.4,18,-1.0506577808748216,-3.233592155403522
2014-09-19 03:00:00,27.8,88,0.0,3.2,360,1.9594348786357652e-16,-3.2
2014-09-19 04:00:00,27.5,89,0.0,1.8,11,-0.3434561916777803,-1.7669289302057951
2014-09-19 05:00:00,26.6,92,0.0,2.7,337,1.0549740469210391,-2.485363104321589
2014-09-19 06:00:00,26.5,92,0.0,4.7,4,-0.32785542659739025,-4.688551036221174
2014-09-19 07:00:00,26.6,94,0.0,1.1,18,-0.33991869381244233,-1.0461621679246689
2014-09-19 08:00:00,28.8,84,0.0,3.3,276,3.2819222547153015,-0.3449439287832564
2014-09-19 09:00:00,30.1,78,0.0,5.2,304,4.310995377286217,-2.907803098047884
2014-09-19 10:00:00,31.0,74,0.0,5.3,332,2.4881992827652213,-4.679622242152313
2014-09-19 11:00:00,32.1,70,0.0,7.6,315,5.374011537017761,-5.37401153701776
2014-09-19 12:00:00,32.8,67,0.0,11.5,311,8.679160172561879,-7.544678833390834
2014-09-19 13:00:00,32.3,69,0.0,14.8,319,9.709673629059509,-11.169701787297026
2014-09-19 14:00:00,31.9,71,0.0,15.3,330,7.650000000000002,-13.250188677901912
2014-09-19 15:00:00,31.2,71,0.0,13.3,341,4.330056454280185,-12.575397055470914
2014-09-19 16:00:00,31.0,71,0.0,9.0,5,-0.7844016847289242,-8.96575228282571
2014-09-19 17:00:00,30.0,74,0.3,5.4,340,1.8469087739586119,-5.074340152243905
2014-09-19 18:00:00,28.4,85,1.0,7.1,336,2.8878301658381815,-6.486172749262466
2014-09-19 19:00:00,27.3,90,1.3,6.4,27,-2.9055391983331003,-5.702441754805554
2014-09-19 20:00:00,27.0,88,1.0,7.4,29,-3.5875911898228927,-6.4721858328315305
2014-09-19 21:00:00,26.5,90,0.3,6.8,25,-2.873804179836754,-6.16289295184922
2014-09-19 22:00:00,26.9,85,0.0,5.5,23,-2.149021206691006,-5.062776693988422
2014-09-19 23:00:00,27.2,83,0.0,6.6,22,-2.472403516545021,-6.119413440140796
2014-09-20 00:00:00,26.3,88,0.0,3.1,54,-2.5079526825623377,-1.8221342821066664
2014-09-20 01:00:00,25.3,93,0.0,2.4,153,-1.089577199374912,2.138415658052083
2014-09-20 02:00:00,25.5,90,0.0,1.1,270,1.1,0.0
2014-09-20 03:00:00,27.0,81,0.0,3.3,347,0.7423384793347542,-3.2154212137912763
2014-09-20 04:00:00,27.0,81,0.0,4.9,17,-1.4326213531414118,-4.685893304218873
2014-09-20 05:00:00,26.2,85,0.2,4.1,15,-1.0611580849203346,-3.96029588778518
2014-09-20 06:00:00,26.3,85,0.1,4.0,27,-1.8159619989581877,-3.564026096753471
2014-09-20 07:00:00,26.7,85,0.1,7.4,29,-3.5875911898228927,-6.4721858328315305
2014-09-20 08:00:00,28.5,79,0.0,9.2,21,-3.296985135816766,-8.588939923774255
2014-09-20 09:00:00,29.5,74,0.0,10.1,6,-1.055737479003299,-10.044671143219562
2014-09-20 10:00:00,30.5,70,0.0,11.1,347,2.4969567032169007,-10.81550771911611
2014-09-20 11:00:00,31.4,66,0.0,14.0,348,2.9107636714486325,-13.694066410273278
2014-09-20 12:00:00,31.6,65,0.0,16.3,354,1.7038139512627515,-16.210706894502856
2014-09-20 13:00:00,31.9,62,0.0,20.2,360,1.2368932671388266e-15,-20.2
2014-09-20 14:00:00,31.8,62,0.0,25.0,7,-3.0467335851286794,-24.81365379103305
2014-09-20 15:00:00,30.9,69,0.0,23.5,4,-1.639277132986951,-23.44275518110587
2014-09-20 16:00:00,30.5,71,0.0,27.0,3,-1.4130708185594962,-26.962997438373492
2014-09-20 17:00:00,29.6,77,0.0,27.8,4,-1.939229970086691,-27.732280597223113
2014-09-20 18:00:00,28.5,81,0.0,26.4,5,-2.3009116085381778,-26.29954002962208
2014-09-20 19:00:00,27.8,84,0.0,25.6,4,-1.7857657278496148,-25.537639686651502
2014-09-20 20:00:00,27.6,85,0.0,24.1,3,-1.2612965454549578,-24.06697178758523
2014-09-20 21:00:00,27.4,86,0.0,22.7,2,-0.7922185751467673,-22.686171773333474
2014-09-20 22:00:00,27.2,87,0.0,20.6,4,-1.4369833591289871,-20.54981943535238
2014-09-20 23:00:00,26.8,89,0.0,17.7,5,-1.542656646633551,-17.632646156223895
2014-09-21 00:00:00,26.6,90,0.0,16.9,1,-0.2949456687900911,-16.89742604814301
2014-09-21 01:00:00,26.5,90,0.0,15.5,1,-0.2705122997778942,-15.497639274924065
2014-09-21 02:00:00,26.2,92,0.0,15.2,7,-1.8524140197582368,-15.086701504948095
2014-09-21 03:00:00,26.4,91,0.0,13.0,5,-1.1330246557195571,-12.950531075192693
2014-09-21 04:00:00,26.3,92,0.0,15.5,357,0.8112073217656315,-15.478757788695894
2014-09-21 05:00:00,26.3,92,0.0,18.7,360,1.1450447572027753e-15,-18.7
2014-09-21 06:00:00,26.1,93,0.0,21.3,5,-1.8564173205251209,-21.21894706935418
2014-09-21 07:00:00,26.5,90,0.0,23.1,4,-1.611374543489301,-23.04372956100194
2014-09-21 08:00:00,27.4,86,0.3,24.5,3,-1.2822309279521356,-24.466423601487058
2014-09-21 09:00:00,27.8,86,0.4,25.9,358,0.903896964594778,-25.88422241979458
2014-09-21 10:00:00,27.8,88,0.3,27.7,358,0.9667160586592799,-27.683125908428952
2014-09-21 11:00:00,28.1,86,0.0,31.3,1,-0.5462603214869735,-31.295232858395046
2014-09-21 12:00:00,28.5,84,0.0,34.2,1,-0.5968723001550956,-34.19479117434859
2014-09-21 13:00:00,29.7,73,0.0,33.5,357,1.753254534138623,-33.45408941427822
2014-09-21 14:00:00,30.2,68,0.0,31.5,354,3.2926465929310837,-31.32743970410061
2014-09-21 15:00:00,28.8,76,0.2,25.8,352,3.5906660047696892,-25.548916173532515
2014-09-21 16:00:00,28.0,82,0.3,17.6,345,4.555215193804365,-17.000294542687605
2014-09-21 17:00:00,27.0,89,0.2,8.2,299,7.171881598543044,-3.9754388860199636
2014-09-21 18:00:00,26.2,91,0.4,8.4,220,5.399415921366931,6.4347733221994154
2014-09-21 19:00:00,25.3,92,0.6,9.2,222,6.156001578501495,6.836932394392027
2014-09-21 20:00:00,24.8,92,0.6,7.6,205,3.211898789229316,6.887939181478539
2014-09-21 21:00:00,24.3,94,0.9,10.6,208,4.976398565530443,9.359244484304625
2014-09-21 22:00:00,23.9,93,1.5,13.3,213,7.24369916569986,11.154318553674141
2014-09-21 23:00:00,23.6,92,2.2,17.1,224,11.878658134848854,12.300710585790934
2014-09-22 00:00:00,23.5,92,3.4,20.5,232,16.1542204489378,12.621060244175995
2014-09-22 01:00:00,23.6,90,4.3,20.7,239,17.743363124533726,10.661288150638121
2014-09-22 02:00:00,23.6,89,5.1,18.8,244,16.89732807042434,8.241377559634655
2014-09-22 03:00:00,23.6,93,1.9,16.2,249,15.124002909254667,5.805560782633864
2014-09-22 04:00:00,23.6,92,2.5,14.8,252,14.075636441168273,4.573451516749222
2014-09-22 05:00:00,23.6,93,2.7,12.9,252,12.26862906020748,3.9863192274368213
2014-09-22 06:00:00,23.4,93,2.8,10.2,252,9.700776466210565,3.1519733426244634
2014-09-22 07:00:00,23.6,93,1.9,9.4,270,9.4,0.0
2014-09-22 08:00:00,24.3,91,1.0,8.2,293,7.54813979831001,-3.2039952536120446
2014-09-22 09:00:00,25.0,88,0.4,6.9,317,4.70578868443124,-5.046340541172277
2014-09-22 10:00:00,26.3,82,0.0,5.6,320,3.5996106142446203,-4.289848881466277
2014-09-22 11:00:00,27.3,79,0.0,6.0,295,5.437846722219899,-2.5357095704441965
2014-09-22 12:00:00,27.8,78,0.0,7.6,275,7.571079705497266,-0.662383644882202
2014-09-22 13:00:00,27.9,78,0.0,8.4,263,8.337387673787106,1.0237024846032388
2014-09-22 14:00:00,28.1,78,0.0,7.9,246,7.217009115376547,3.2132194802988217
2014-09-22 15:00:00,27.4,78,0.0,9.5,241,8.30888721782426,4.605691392340202
2014-09-22 16:00:00,27.1,79,0.0,9.0,233,7.187719590425635,5.416335208368435
2014-09-22 17:00:00,26.8,80,0.0,7.6,245,6.887939181478539,3.211898789229316
2014-09-22 18:00:00,26.1,84,0.0,7.1,240,6.148780366869515,3.5499999999999994
2014-09-22 19:00:00,25.2,90,0.0,6.4,227,4.6806636903626915,4.36478950439999
2014-09-22 20:00:00,24.4,92,0.0,6.4,218,3.9402334420842133,5.043268823083022
2014-09-22 21:00:00,24.3,91,0.0,6.3,211,3.244739871933341,5.400153994423308
2014-09-22 22:00:00,25.0,88,0.3,7.0,192,1.4553818357243162,6.847033205136639
2014-09-22 23:00:00,25.0,87,0.3,7.9,196,2.1775351109542935,7.59396739791272
2014-09-23 00:00:00,23.6,94,0.2,8.8,192,1.8296228791962834,8.60769888645749
2014-09-23 01:00:00,23.2,96,0.0,8.7,185,0.7582549619046257,8.666893873398186
2014-09-23 02:00:00,23.3,96,0.0,8.8,189,1.3766232923540322,8.691657397237213
2014-09-23 03:00:00,23.5,94,0.0,9.7,184,0.6766377953180147,9.676371287520293
2014-09-23 04:00:00,24.7,88,0.0,9.4,180,5.755839955992561e-16,9.4
2014-09-23 05:00:00,23.4,92,0.0,7.7,169,-1.469229264399395,7.558529312547013
2014-09-23 06:00:00,23.1,94,0.0,5.0,159,-1.7918397477265013,4.667902132486009
2014-09-23 07:00:00,24.0,95,0.1,6.6,189,1.032467469265524,6.518743047927909
2014-09-23 08:00:00,26.1,83,0.0,7.9,204,3.2132194802988217,7.217009115376547
2014-09-23 09:00:00,27.0,80,0.0,10.2,212,5.40517649517869,8.650090580795544
2014-09-23 10:00:00,27.8,76,0.0,12.0,213,6.5356684201803255,10.064046815345089
2014-09-23 11:00:00,28.4,74,0.2,11.7,223,7.979380812731232,8.556838308944293
2014-09-23 12:00:00,28.6,76,0.2,12.0,231,9.32575153748365,7.551844692598049
2014-09-23 13:00:00,28.5,80,0.2,12.5,229,9.43386975278465,8.200737862381342
2014-09-23 14:00:00,28.5,80,0.1,11.7,223,7.979380812731232,8.556838308944293
2014-09-23 15:00:00,27.7,81,0.7000000000000001,14.3,219,8.999281592012677,11.113187248834684
2014-09-23 16:00:00,26.3,88,2.8,12.4,210,6.200000000000002,10.73871500692704
2014-09-23 17:00:00,26.0,90,0.4,10.0,193,2.249510543438649,9.743700647852352
2014-09-23 18:00:00,25.7,92,0.4,6.8,177,-0.35588450245201814,6.790680836331102
2014-09-23 19:00:00,25.2,94,0.0,8.6,178,-0.30013567164150823,8.594761112364223
2014-09-23 20:00:00,24.9,92,0.0,9.0,164,-2.4807362023529915,8.65135526344487
2014-09-23 21:00:00,25.0,91,0.0,8.2,165,-2.122316169840671,7.92059177557036
2014-09-23 22:00:00,25.4,87,0.0,7.6,183,0.3977532674463741,7.589584464134761
2014-09-23 23:00:00,25.0,89,0.0,7.4,194,1.7902220274375409,7.180188374442374
2014-09-24 00:00:00,25.0,87,0.0,5.1,184,0.35575801609503865,5.087576656325103
2014-09-24 01:00:00,23.6,92,0.0,4.5,166,-1.088648530198505,4.366330768241984
2014-09-24 02:00:00,23.0,94,0.0,5.0,150,-2.499999999999999,4.330127018922194
2014-09-24 03:00:00,23.1,93,0.0,4.6,141,-2.894873798829251,3.5748714227020666
2014-09-24 04:00:00,22.8,94,0.0,3.7,151,-1.793795594911447,3.236092916415765
2014-09-24 05:00:00,22.6,95,0.0,2.9,180,1.7757378587636622e-16,2.9
2014-09-24 06:00:00,22.4,94,0.0,3.0,166,-0.7257656867990033,2.9108871788279895
2014-09-24 07:00:00,23.8,95,0.0,4.0,190,0.6945927106677217,3.939231012048832
2014-09-24 08:00:00,26.4,80,0.3,6.1,208,2.863776532993934,5.385980316439453
2014-09-24 09:00:00,27.2,76,0.3,6.1,208,2.863776532993934,5.385980316439453
2014-09-24 10:00:00,27.9,76,0.2,5.5,212,2.914555953282627,4.664264528860342
2014-09-24 11:00:00,28.4,76,0.0,5.9,232,4.64926344627966,3.6324027044213842
2014-09-24 12:00:00,28.7,75,0.0,6.9,261,6.815049550106451,1.079397808777593
2014-09-24 13:00:00,28.8,74,0.0,7.6,251,7.185941174554808,2.474317973874391
2014-09-24 14:00:00,28.6,74,0.2,7.8,236,6.466493065929325,4.361704647071826
2014-09-24 15:00:00,28.0,82,1.0,6.6,257,6.430842427582553,1.484676958669509
2014-09-24 16:00:00,28.0,80,1.7000000000000002,3.7,299,3.2360929164157644,-1.7937955949114472
2014-09-24 17:00:00,26.9,83,2.0,3.2,270,3.2,0.0
2014-09-24 18:00:00,26.2,86,0.5,1.5,225,1.0606601717798214,1.0606601717798212
2014-09-24 19:00:00,25.8,90,0.0,5.6,153,-2.542346798541461,4.98963653545486
2014-09-24 20:00:00,26.0,86,0.0,6.6,139,-4.329989591337347,4.981083229470296
2014-09-24 21:00:00,25.8,87,0.0,5.4,138,-3.6133052743378347,4.012982057577929
2014-09-24 22:00:00,25.6,88,0.0,4.1,128,-3.2308440897875594,2.5242120488351993
2014-09-24 23:00:00,25.5,88,0.0,3.8,139,-2.493024310163927,2.867896404846534
2014-09-25 00:00:00,25.5,87,0.0,2.8,140,-1.7998053071223101,2.1449244407331385
2014-09-25 01:00:00,24.9,89,0.1,3.1,135,-2.192031021678297,2.1920310216782974
2014-09-25 02:00:00,24.6,90,0.0,2.0,135,-1.414213562373095,1.4142135623730951
2014-09-25 03:00:00,25.2,82,0.2,0.0,270,0.0,0.0
2014-09-25 04:00:00,24.7,84,0.3,0.8,27,-0.36319239979163753,-0.7128052193506943
2014-09-25 05:00:00,24.3,86,0.3,1.3,124,-1.0777488443215542,0.726950774511971
2014-09-25 06:00:00,24.0,87,0.0,3.4,108,-3.233592155403522,1.0506577808748214
2014-09-25 07:00:00,24.4,90,0.0,4.3,114,-3.9282454678631833,1.7489675652259418
2014-09-25 08:00:00,25.9,84,0.0,3.7,119,-3.2360929164157644,1.7937955949114477
2014-09-25 09:00:00,27.3,80,0.0,0.4,360,2.4492935982947065e-17,-0.4
2014-09-25 10:00:00,28.3,77,0.0,4.4,325,2.5237363199446032,-3.604268994871564
2014-09-25 11:00:00,28.8,75,0.0,7.4,331,3.587591189822895,-6.472185832831529
2014-09-25 12:00:00,29.3,74,0.0,9.2,334,4.033014550459512,-8.268905225952336
2014-09-25 13:00:00,29.4,75,0.0,9.3,344,2.5634274090980926,-8.939733772226367
2014-09-25 14:00:00,29.4,76,0.0,8.4,353,1.023702484603239,-8.337387673787106
2014-09-25 15:00:00,28.8,84,0.2,6.8,357,0.35588450245201897,-6.790680836331102
2014-09-25 16:00:00,28.9,84,0.0,6.1,3,-0.31924933308196024,-6.0916401620029
2014-09-25 17:00:00,28.0,85,0.4,7.2,3,-0.376818884949199,-7.190132650232932
2014-09-25 18:00:00,27.0,86,1.3,6.9,351,1.0793978087775935,-6.815049550106451
2014-09-25 19:00:00,26.5,91,0.0,7.2,37,-4.333068166694748,-5.750175672340508
2014-09-25 20:00:00,26.7,87,0.0,6.0,57,-5.032023407672544,-3.2678342100901627
2014-09-25 21:00:00,26.4,87,0.0,4.6,45,-3.2526911934581193,-3.252691193458118
2014-09-25 22:00:00,25.8,88,0.1,3.8,17,-1.111012477946401,-3.633958072659534
2014-09-25 23:00:00,24.2,94,0.1,2.7,23,-1.0549740469210394,-2.4853631043215887
2014-09-26 00:00:00,24.1,93,0.1,1.1,180,6.735557395310444e-17,1.1
2014-09-26 01:00:00,24.6,91,0.0,5.0,210,2.5000000000000004,4.330127018922193
2014-09-26 02:00:00,25.0,89,0.0,4.9,197,1.4326213531414103,4.685893304218874
2014-09-26 03:00:00,23.6,95,0.2,5.1,176,-0.35575801609503915,5.087576656325103
2014-09-26 04:00:00,23.6,94,0.1,5.2,164,-1.433314250248395,4.998560818879258
2014-09-26 05:00:00,25.1,85,0.0,3.6,174,-0.3763024677635528,3.580278823325784
2014-09-26 06:00:00,25.3,84,0.0,2.1,31,-1.0815799573111144,-1.8000513314744355
2014-09-26 07:00:00,25.1,88,0.0,3.9,34,-2.1808523235359116,-3.233246532964663
2014-09-26 08:00:00,26.4,83,0.0,4.3,24,-1.7489675652259404,-3.928245467863184
2014-09-26 09:00:00,27.3,81,0.0,4.0,10,-0.6945927106677213,-3.939231012048832
2014-09-26 10:00:00,28.4,76,0.0,5.2,348,1.0811407922523493,-5.086367523815789
2014-09-26 11:00:00,29.1,74,0.0,7.3,340,2.4967470462773824,-6.8597561317371305
2014-09-26 12:00:00,29.6,72,0.0,10.5,333,4.766900247265242,-9.355568503977862
2014-09-26 13:00:00,29.3,73,0.0,12.6,333,5.72028029671829,-11.226682204773434
2014-09-26 14:00:00,29.3,73,0.0,13.9,339,4.981314498679676,-12.976767928311105
2014-09-26 15:00:00,29.1,74,0.0,12.2,346,2.9514471263159456,-11.837607860567156
2014-09-26 16:00:00,28.9,75,0.0,11.2,354,1.1707187885977186,-11.13864522812466
2014-09-26 17:00:00,28.3,78,0.0,8.7,355,0.7582549619046257,-8.666893873398186
2014-09-26 18:00:00,27.3,83,0.0,9.4,360,5.755839955992561e-16,-9.4
2014-09-26 19:00:00,26.2,91,0.0,10.2,8,-1.4195656297926713,-10.100734301164016
2014-09-26 20:00:00,26.2,88,0.0,10.5,16,-2.894192236078488,-10.09324780735235
2014-09-26 21:00:00,26.6,86,0.0,8.1,13,-1.8221035401853085,-7.892397524760404
2014-09-26 22:00:00,26.3,87,0.0,4.7,9,-0.7352419856890859,-4.6421352007971475
2014-09-26 23:00:00,26.0,88,0.0,0.8,63,-0.7128052193506944,-0.36319239979163737
2014-09-27 00:00:00,24.3,92,0.0,2.5,180,1.5308084989341916e-16,2.5
2014-09-27 01:00:00,24.1,92,0.0,3.6,180,2.2043642384652358e-16,3.6
2014-09-27 02:00:00,24.0,92,0.0,4.3,175,-0.3747696938149304,4.283637201794505
2014-09-27 03:00:00,23.6,90,0.0,4.7,171,-0.7352419856890848,4.6421352007971475
2014-09-27 04:00:00,23.4,90,0.0,4.5,166,-1.088648530198505,4.366330768241984
2014-09-27 05:00:00,23.3,90,0.0,4.3,156,-1.748967565225941,3.9282454678631837
2014-09-27 06:00:00,23.5,89,0.0,4.4,145,-2.5237363199446032,3.6042689948715636
2014-09-27 07:00:00,24.9,88,0.0,3.7,119,-3.2360929164157644,1.7937955949114477
2014-09-27 08:00:00,26.7,82,0.0,2.6,106,-2.499280409439629,0.716657125124198
2014-09-27 09:00:00,27.7,81,0.0,1.5,14,-0.36288284339950166,-1.4554435894139948
2014-09-27 10:00:00,28.6,76,0.0,5.0,339,1.791839747726502,-4.667902132486009
2014-09-27 11:00:00,29.5,72,0.0,8.9,339,3.1894747509531736,-8.308865795825096
2014-09-27 12:00:00,29.7,70,0.0,11.3,338,4.233054505599806,-10.4771775566047
2014-09-27 13:00:00,29.9,70,0.0,13.8,340,4.71987797789423,-12.967758166845535
2014-09-27 14:00:00,29.7,72,0.0,15.5,348,3.2226312076752714,-15.161287811373986
2014-09-27 15:00:00,29.4,74,0.0,14.4,356,1.0044932219154035,-14.36492232374147
2014-09-27 16:00:00,28.9,76,0.0,12.6,360,7.715274834628325e-16,-12.6
2014-09-27 17:00:00,28.3,78,0.0,10.5,4,-0.7324429743133186,-10.474422527728153
2014-09-27 18:00:00,27.3,84,0.0,9.4,358,0.3280552690035102,-9.394273773979501
2014-09-27 19:00:00,26.8,85,0.0,8.3,5,-0.7233926648055635,-8.268415994161488
2014-09-27 20:00:00,26.7,85,0.0,5.8,356,0.40458754771592637,-5.78587149150698
2014-09-27 21:00:00,26.3,86,0.0,5.0,339,1.791839747726502,-4.667902132486009
2014-09-27 22:00:00,26.0,87,0.0,2.4,333,1.0895771993749124,-2.138415658052083
2014-09-27 23:00:00,25.6,87,0.0,0.4,270,0.4,0.0
2014-09-28 00:00:00,25.3,87,0.0,1.8,180,1.1021821192326179e-16,1.8
2014-09-28 01:00:00,25.3,87,0.0,2.9,180,1.7757378587636622e-16,2.9
2014-09-28 02:00:00,24.8,88,0.0,3.1,159,-1.1109406435904308,2.8940993221413254
2014-09-28 03:00:00,25.2,88,0.0,2.5,172,-0.3479327524001634,2.475670171853926
2014-09-28 04:00:00,25.0,89,0.0,2.9,180,1.7757378587636622e-16,2.9
2014-09-28 05:00:00,24.5,91,0.0,3.0,194,0.725765686799003,2.9108871788279895
2014-09-28 06:00:00,24.4,92,0.0,3.3,193,0.7423384793347542,3.2154212137912763
2014-09-28 07:00:00,25.3,91,0.0,1.3,146,-0.7269507745119708,1.0777488443215544
2014-09-28 08:00:00,26.0,89,0.1,1.1,360,6.735557395310444e-17,-1.1
2014-09-28 09:00:00,27.2,83,0.0,4.0,350,0.6945927106677217,-3.939231012048832
2014-09-28 10:00:00,28.3,77,0.0,7.0,348,1.4553818357243162,-6.847033205136639
2014-09-28 11:00:00,29.1,73,0.0,8.9,346,2.1531048708370424,-8.635631963856369
2014-09-28 12:00:00,29.5,71,0.0,10.9,343,3.186851581477831,-10.423721839997087
2014-09-28 13:00:00,29.4,71,0.0,12.8,350,2.2226966741367096,-12.605539238556263
2014-09-28 14:00:00,29.2,71,0.0,12.3,353,1.4989929238833142,-12.208317665188261
2014-09-28 15:00:00,28.5,75,0.0,12.2,2,-0.42577385977050924,-12.192568089632967
2014-09-28 16:00:00,27.9,77,0.0,10.7,12,-2.2246550917500296,-10.46617932785172
2014-09-28 17:00:00,27.4,78,0.0,9.4,23,-3.672872607799174,-8.652745622452938
2014-09-28 18:00:00,26.6,85,0.0,9.2,21,-3.296985135816766,-8.588939923774255
2014-09-28 19:00:00,25.9,87,0.0,8.9,21,-3.1894747509531767,-8.308865795825096
2014-09-28 20:00:00,26.3,83,0.0,7.4,43,-5.04678786446249,-5.412017391981862
2014-09-28 21:00:00,26.1,83,0.0,5.2,34,-2.907803098047882,-4.3109953772862175
2014-09-28 22:00:00,25.9,84,0.0,3.6,360,2.2043642384652358e-16,-3.6
2014-09-28 23:00:00,25.7,85,0.0,3.2,333,1.45276959916655,-2.851220877402777
2014-09-29 00:00:00,25.5,86,0.0,2.1,301,1.800051331474436,-1.0815799573111138
2014-09-29 01:00:00,25.3,87,0.0,2.2,279,2.1729143493093033,-0.34415582308850795
2014-09-29 02:00:00,25.2,87,0.0,1.5,225,1.0606601717798214,1.0606601717798212
2014-09-29 03:00:00,24.5,91,0.0,2.6,196,0.7166571251241979,2.499280409439629
2014-09-29 04:00:00,24.4,91,0.0,3.6,180,2.2043642384652358e-16,3.6
2014-09-29 05:00:00,24.5,92,0.0,3.5,204,1.4235782507653008,3.197409101749103
2014-09-29 06:00:00,24.4,93,0.0,3.1,201,1.1109406435904312,2.8940993221413254
2014-09-29 07:00:00,24.8,93,0.0,1.6,207,0.726384799583275,1.4256104387013886
2014-09-29 08:00:00,26.1,86,0.0,0.4,360,2.4492935982947065e-17,-0.4
2014-09-29 09:00:00,27.1,81,0.0,3.3,354,0.3449439287832564,-3.2819222547153015
2014-09-29 10:00:00,28.2,75,0.0,5.2,344,1.4333142502483958,-4.998560818879258
2014-09-29 11:00:00,29.0,72,0.0,8.4,329,4.326319829244455,-7.200205325897744
2014-09-29 12:00:00,29.2,70,0.0,11.6,330,5.800000000000001,-10.045894683899487
2014-09-29 13:00:00,28.9,71,0.0,13.4,336,5.450271017215723,-12.241509132410853
2014-09-29 14:00:00,28.7,72,0.0,12.5,342,3.862712429686843,-11.888206453689419
2014-09-29 15:00:00,28.5,72,0.0,9.9,350,1.7191169589026112,-9.74959675482086
2014-09-29 16:00:00,28.2,73,0.0,7.6,357,0.3977532674463741,-7.589584464134761
2014-09-29 17:00:00,27.7,75,0.0,5.8,4,-0.40458754771592836,-5.78587149150698
2014-09-29 18:00:00,26.7,85,0.0,3.5,24,-1.4235782507653003,-3.1974091017491033
2014-09-29 19:00:00,26.8,78,0.0,3.7,29,-1.7937955949114464,-3.2360929164157652
2014-09-29 20:00:00,26.5,79,0.0,2.6,16,-0.7166571251241971,-2.4992804094396295
2014-09-29 21:00:00,26.2,81,0.0,3.2,360,1.9594348786357652e-16,-3.2
2014-09-29 22:00:00,25.9,82,0.0,2.2,351,0.34415582308850806,-2.1729143493093033
2014-09-29 23:00:00,25.6,84,0.0,1.3,326,0.7269507745119709,-1.0777488443215544
2014-09-30 00:00:00,25.3,85,0.0,1.5,284,1.4554435894139948,-0.3628828433995016
2014-09-30 01:00:00,25.1,86,0.0,2.3,288,2.1874299874788528,-0.710739087062379
2014-09-30 02:00:00,24.7,88,0.0,2.6,304,2.1554976886431083,-1.453901549023942
2014-09-30 03:00:00,24.4,91,0.0,3.3,311,2.4905416147351476,-2.1649947956686737
2014-09-30 04:00:00,24.0,93,0.0,3.3,319,2.1649947956686737,-2.4905416147351476
2014-09-30 05:00:00,23.9,92,0.0,2.4,333,1.0895771993749124,-2.138415658052083
2014-09-30 06:00:00,23.9,92,0.0,1.8,180,1.1021821192326179e-16,1.8
2014-09-30 07:00:00,24.1,96,0.0,2.6,146,-1.4539015490239415,2.1554976886431088
2014-09-30 08:00:00,26.0,87,0.0,3.6,186,0.3763024677635525,3.580278823325784
2014-09-30 09:00:00,26.7,83,0.0,3.4,238,2.883363526931848,1.8017254983928965
2014-09-30 10:00:00,27.3,80,0.0,4.2,301,3.600102662948872,-2.1631599146222276
2014-09-30 11:00:00,28.2,77,0.0,7.0,325,4.015035054457323,-5.7340643100229425
2014-09-30 12:00:00,28.6,75,0.0,9.7,338,3.633683956134346,-8.993683389297837
2014-09-30 13:00:00,29.2,71,0.0,12.3,345,3.183474254761005,-11.88088766335554
2014-09-30 14:00:00,29.4,69,0.0,14.4,1,-0.25131465269688236,-14.397806810252035
2014-09-30 15:00:00,28.8,73,0.0,16.1,10,-2.7957356604375785,-15.855404823496551
2014-09-30 16:00:00,28.3,76,0.0,14.4,22,-5.394334945189137,-13.351447505761737
2014-09-30 17:00:00,27.8,79,0.0,11.6,26,-5.085105302753302,-10.426010937070334
2014-09-30 18:00:00,27.2,82,0.0,10.7,20,-3.6596155335846534,-10.05471104240922
2014-09-30 19:00:00,26.8,82,0.0,11.1,36,-6.524416300446453,-8.980088637561915
2014-09-30 20:00:00,26.3,85,0.0,7.9,360,4.837354856632045e-16,-7.9
2014-09-30 21:00:00,25.1,89,0.0,10.5,354,1.0975488643103612,-10.44247990136687
2014-09-30 22:00:00,25.0,91,0.0,5.4,20,-1.8469087739586103,-5.074340152243906
2014-09-30 23:00:00,23.8,94,0.0,3.1,54,-2.5079526825623377,-1.8221342821066664
2014-10-01 00:00:00,23.5,95,0.0,2.6,74,-2.499280409439629,-0.7166571251241974
2014-10-01 01:00:00,22.9,96,0.1,2.5,82,-2.475670171853926,-0.3479327524001638
2014-10-01 02:00:00,23.3,95,0.0,3.7,79,-3.632020578756357,-0.7059932828932155
2014-10-01 03:00:00,23.8,89,0.5,6.0,65,-5.4378467222199,-2.5357095704441956
2014-10-01 04:00:00,24.7,83,0.2,6.9,51,-5.362307134053099,-4.34231069824388
2014-10-01 05:00:00,24.8,82,0.0,8.7,42,-5.821436275322065,-6.4653599816533305
2014-10-01 06:00:00,24.7,82,0.0,11.6,36,-6.81830892659269,-9.38459713474939
2014-10-01 07:00:00,24.5,91,0.0,10.2,23,-3.9854575105905927,-9.38914950521489
2014-10-01 08:00:00,26.3,82,0.0,12.7,15,-3.2870018728020116,-12.267257993871167
2014-10-01 09:00:00,27.1,79,0.0,15.5,12,-3.2226312076752768,-15.161287811373986
2014-10-01 10:00:00,27.8,76,0.0,17.6,11,-3.3582383186271856,-17.276638428678886
2014-10-01 11:00:00,28.6,73,0.0,19.3,9,-3.019185175276459,-19.062384973486157
2014-10-01 12:00:00,28.8,72,0.0,21.0,7,-2.5592562115080906,-20.843469184467764
2014-10-01 13:00:00,28.7,72,0.0,20.5,11,-3.9115844052191644,-20.12335726067711
2014-10-01 14:00:00,28.3,74,0.0,19.2,13,-4.3190602434022125,-18.707905243876514
2014-10-01 15:00:00,28.5,75,0.0,18.3,15,-4.736388525376127,-17.67644262108995
2014-10-01 16:00:00,27.8,77,0.0,16.6,18,-5.12968210662413,-15.78753817049955
2014-10-01 17:00:00,27.1,78,0.0,15.3,15,-3.959931390068566,-14.778665142222746
2014-10-01 18:00:00,26.3,82,0.0,15.1,12,-3.1394665313481727,-14.770028771080463
2014-10-01 19:00:00,25.1,90,0.0,13.3,19,-4.330056454280184,-12.575397055470916
2014-10-01 20:00:00,24.9,88,0.1,12.6,13,-2.834383284732702,-12.277062816293963
2014-10-01 21:00:00,25.1,86,0.0,13.2,17,-3.8593065023401296,-12.623222778712066
2014-10-01 22:00:00,24.8,87,0.0,11.3,9,-1.7677094549546108,-11.160878248725057
2014-10-01 23:00:00,24.3,88,0.0,10.9,8,-1.5169868004647176,-10.793921949283115
2014-10-02 00:00:00,23.5,91,0.0,8.7,24,-3.5386087947594604,-7.947845481490628
2014-10-02 01:00:00,23.6,90,0.0,5.4,37,-3.2498011250210608,-4.312631754255381
2014-10-02 02:00:00,24.5,85,0.0,4.9,36,-2.880147736233119,-3.9641832724372423
2014-10-02 03:00:00,24.5,85,0.0,6.4,38,-3.940233442084212,-5.043268823083022
2014-10-02 04:00:00,24.5,84,0.0,8.4,31,-4.326319829244458,-7.200205325897742
2014-10-02 05:00:00,24.5,83,0.0,9.9,19,-3.2231247291258507,-9.360633898433237
2014-10-02 06:00:00,24.2,85,0.0,10.8,15,-2.795245687107223,-10.431998923921938
2014-10-02 07:00:00,23.9,91,0.0,10.7,14,-2.5885642829164452,-10.382164271153162
2014-10-02 08:00:00,26.1,81,0.0,12.4,10,-2.1532374030699364,-12.21161613735138
2014-10-02 09:00:00,27.1,77,0.0,13.7,5,-1.194033675642918,-13.647867363856914
2014-10-02 10:00:00,28.0,74,0.0,15.9,356,1.1091279325315913,-15.861268399131205
2014-10-02 11:00:00,28.5,71,0.0,18.9,352,2.630371608145237,-18.716066499215678
2014-10-02 12:00:00,28.6,71,0.0,21.3,356,1.4858128907498676,-21.248114270534256
2014-10-02 13:00:00,28.2,73,0.0,20.5,2,-0.7154396824012657,-20.487511953891463
2014-10-02 14:00:00,28.1,73,0.0,18.8,3,-0.983915977367353,-18.77423525338599
2014-10-02 15:00:00,28.2,72,0.0,16.9,2,-0.5898014942722628,-16.889704976622717
2014-10-02 16:00:00,27.9,73,0.0,15.5,4,-1.0812253430339465,-15.462242779027275
2014-10-02 17:00:00,27.1,75,0.0,13.4,14,-3.2417534010355484,-13.001962732098352
2014-10-02 18:00:00,26.1,82,0.0,12.1,17,-3.537697627145119,-11.571287547152727
2014-10-02 19:00:00,25.5,83,0.0,12.0,16,-3.3076482698039866,-11.535140351259829
2014-10-02 20:00:00,25.9,78,0.0,11.3,17,-3.3038002633669294,-10.8062437423823
2014-10-02 21:00:00,25.7,79,0.0,10.9,8,-1.5169868004647176,-10.793921949283115
2014-10-02 22:00:00,25.5,79,0.0,11.5,360,7.041719095097281e-16,-11.5
2014-10-02 23:00:00,25.2,79,0.0,11.9,360,7.286648454926752e-16,-11.9
2014-10-03 00:00:00,24.9,80,0.0,11.2,358,0.3908743630680121,-11.193177262613872
2014-10-03 01:00:00,24.6,81,0.0,11.9,360,7.286648454926752e-16,-11.9
2014-10-03 02:00:00,24.5,80,0.0,13.0,3,-0.680367431158276,-12.98218395180946
2014-10-03 03:00:00,24.4,80,0.0,13.8,6,-1.4424927930936164,-13.724402156082174
2014-10-03 04:00:00,24.2,80,0.0,14.5,6,-1.5156627173809738,-14.420567482839964
2014-10-03 05:00:00,24.0,79,0.0,15.5,5,-1.350914012588703,-15.441017820422056
2014-10-03 06:00:00,23.8,79,0.0,16.3,5,-1.4206386067868295,-16.237973578895453
2014-10-03 07:00:00,24.1,80,0.0,17.4,7,-2.120526575249561,-17.270303038559003
2014-10-03 08:00:00,26.0,74,0.0,19.9,6,-2.0801164190263015,-19.79098571782864
2014-10-03 09:00:00,26.9,70,0.0,21.3,6,-2.2264562676010167,-21.183316371344223
2014-10-03 10:00:00,27.8,67,0.0,22.1,6,-2.3100790382151395,-21.978933887638842
2014-10-03 11:00:00,28.6,64,0.0,21.7,6,-2.2682676529080776,-21.581125129491532
2014-10-03 12:00:00,29.2,62,0.0,22.8,5,-1.987150934646608,-22.7132391164918
2014-10-03 13:00:00,29.4,61,0.0,25.3,6,-2.64457012067163,-25.161403952817317
2014-10-03 14:00:00,29.1,61,0.0,27.2,8,-3.78550834611379,-26.93529146977071
2014-10-03 15:00:00,28.5,61,0.0,28.5,9,-4.458382253646585,-28.149117706961423
2014-10-03 16:00:00,27.6,63,0.0,28.2,10,-4.896878610207435,-27.771578634944266
2014-10-03 17:00:00,26.5,66,0.0,25.4,12,-5.280956946771099,-24.84494905863866
2014-10-03 18:00:00,25.2,70,0.0,24.1,10,-4.184921081773021,-23.733866847594214
2014-10-03 19:00:00,24.4,73,0.0,23.9,12,-4.969089410544458,-23.377727657537953
2014-10-03 20:00:00,23.6,76,0.0,22.8,12,-4.740386550644923,-22.301765296730768
2014-10-03 21:00:00,22.5,81,0.0,22.0,11,-4.197797898283982,-21.595798035848606
2014-10-03 22:00:00,21.8,81,0.0,20.4,9,-3.191263086820713,-20.148842148140808
2014-10-03 23:00:00,21.7,80,0.0,19.7,8,-2.7417100889132966,-19.50828095420893
2014-10-04 00:00:00,21.6,79,0.0,19.2,8,-2.672123538433264,-19.01314691983815
2014-10-04 01:00:00,20.9,82,0.0,20.0,7,-2.4373868681029434,-19.850923032826444
2014-10-04 02:00:00,20.1,85,0.0,20.4,8,-2.8391312595853426,-20.20146860232803
2014-10-04 03:00:00,19.4,84,0.0,21.2,10,-3.681341366538923,-20.87792436385881
2014-10-04 04:00:00,18.9,84,0.0,22.0,10,-3.820259908672467,-21.665770566268577
2014-10-04 05:00:00,18.5,83,0.0,22.2,8,-3.089642841313461,-21.98395112606286
2014-10-04 06:00:00,18.4,82,0.0,21.4,7,-2.608003948870149,-21.24048764512429
2014-10-04 07:00:00,19.6,83,0.0,23.2,6,-2.425060347809558,-23.07290797254394
2014-10-04 08:00:00,23.6,65,0.0,24.6,7,-2.9979858477666204,-24.416635330376526
2014-10-04 09:00:00,24.8,60,0.0,24.9,5,-2.17017799441669,-24.805247982484463
2014-10-04 10:00:00,25.8,57,0.0,26.3,4,-1.8345952594705028,-26.23593452183338
2014-10-04 11:00:00,26.7,54,0.0,27.1,5,-2.361920628461539,-26.996876318286304
2014-10-04 12:00:00,27.1,54,0.0,28.2,4,-1.9671325595843414,-28.13130621732704
2014-10-04 13:00:00,27.2,54,0.0,29.2,4,-2.036889033328467,-29.128870267586866
2014-10-04 14:00:00,26.9,56,0.0,30.7,4,-2.141523743944655,-30.625216342976604
2014-10-04 15:00:00,26.1,58,0.0,30.0,5,-2.6146722824297477,-29.885840942752367
2014-10-04 16:00:00,25.3,61,0.0,28.9,4,-2.015962091205229,-28.829601052508917
2014-10-04 17:00:00,24.2,64,0.0,26.7,5,-2.3270583313624753,-26.598398439049607
2014-10-04 18:00:00,23.0,67,0.0,23.4,2,-0.8166482228385178,-23.38574535224684
2014-10-04 19:00:00,22.0,71,0.0,22.3,2,-0.778258776465767,-22.286415442525836
2014-10-04 20:00:00,21.4,74,0.0,21.6,3,-1.1304566548475972,-21.570397950698798
2014-10-04 21:00:00,20.4,79,0.0,22.0,5,-1.9174263404484815,-21.9162833580184
2014-10-04 22:00:00,19.8,81,0.0,21.3,5,-1.8564173205251209,-21.21894706935418
2014-10-04 23:00:00,20.3,78,0.0,20.3,6,-2.1219278043333634,-20.18879447597595
2014-10-05 00:00:00,21.3,74,0.0,19.2,6,-2.0069464947389446,-19.094820391070847
2014-10-05 01:00:00,21.1,76,0.0,17.4,7,-2.120526575249561,-17.270303038559003
2014-10-05 02:00:00,21.2,76,0.0,16.5,10,-2.8651949315043503,-16.249327924701433
2014-10-05 03:00:00,21.4,77,0.0,16.4,9,-2.5655252266597888,-16.198088785760255
2014-10-05 04:00:00,21.4,77,0.0,17.1,8,-2.3798600264171257,-16.933583975480854
2014-10-05 05:00:00,21.4,78,0.0,17.8,14,-4.3062097416740865,-17.271263927712738
2014-10-05 06:00:00,21.6,76,0.0,18.7,16,-5.154418553777879,-17.975593714046564
2014-10-05 07:00:00,22.2,75,0.0,18.6,15,-4.814034238906884,-17.96622036897667
2014-10-05 08:00:00,23.7,70,0.0,21.0,12,-4.366145507172956,-20.541099615409916
2014-10-05 09:00:00,24.7,65,0.0,22.3,10,-3.8723543619725467,-21.961212892172238
2014-10-05 10:00:00,25.6,61,0.0,24.3,8,-3.3819063533295997,-24.063514070420158
2014-10-05 11:00:00,26.3,59,0.0,26.5,7,-3.2295376002364002,-26.302473018495036
2014-10-05 12:00:00,26.9,58,0.0,27.5,6,-2.8745327398604674,-27.34935212262752
2014-10-05 13:00:00,27.3,58,0.0,27.8,5,-2.4229296483848994,-27.694212606950526
2014-10-05 14:00:00,27.1,59,0.0,28.3,7,-3.448902418365665,-28.089056091449415
2014-10-05 15:00:00,26.6,58,0.0,28.1,9,-4.395808467630492,-27.75404237072337
2014-10-05 16:00:00,26.0,60,0.0,28.1,10,-4.879513792440743,-27.673097859643047
2014-10-05 17:00:00,24.9,63,0.0,26.3,9,-4.114226430558077,-25.97620335765212
2014-10-05 18:00:00,23.8,66,0.0,23.8,10,-4.132826628472942,-23.438424521690553
2014-10-05 19:00:00,23.1,70,0.0,24.4,9,-3.817000946981637,-24.099595510521358
2014-10-05 20:00:00,22.6,73,0.0,23.7,10,-4.115461810706249,-23.33994374638933
2014-10-05 21:00:00,21.7,78,0.0,23.0,10,-3.9939080863393976,-22.650578319280786
2014-10-05 22:00:00,21.3,78,0.0,21.5,10,-3.733435819839002,-21.17336668976247
2014-10-05 23:00:00,21.7,75,0.0,18.7,11,-3.568128213541384,-18.356428330471317
2014-10-06 00:00:00,21.8,74,0.0,15.6,15,-4.037577103599322,-15.068442890109464
2014-10-06 01:00:00,21.9,74,0.0,15.8,12,-3.2850047149206048,-15.45473209159413
2014-10-06 02:00:00,21.9,75,0.0,15.9,13,-3.576721764067458,-15.492484030085238
2014-10-06 03:00:00,22.4,72,0.0,16.8,15,-4.348159957722347,-16.22755388165635
2014-10-06 04:00:00,22.3,73,0.0,17.3,17,-5.058030491703352,-16.544072278160513
2014-10-06 05:00:00,22.2,74,0.0,16.3,18,-5.036977008311646,-15.502221215611003
2014-10-06 06:00:00,21.4,77,0.0,16.4,19,-5.339317733097369,-15.506504639828796
2014-10-06 07:00:00,22.0,77,0.0,19.8,16,-5.457619645176578,-19.032981579578717
2014-10-06 08:00:00,24.1,69,0.0,22.5,13,-5.061398722736969,-21.92332645766779
2014-10-06 09:00:00,25.3,63,0.0,24.1,14,-5.830317683951994,-23.384127003251518
2014-10-06 10:00:00,26.7,57,0.0,26.3,13,-5.916212729243656,-25.625932703851685
2014-10-06 11:00:00,27.6,56,0.0,27.3,12,-5.675989159324843,-26.703429500032893
2014-10-06 12:00:00,28.2,55,0.0,28.2,11,-5.380813669618558,-27.681886573224123
2014-10-06 13:00:00,28.4,55,0.0,29.7,10,-5.157350876707831,-29.248790264462578
2014-10-06 14:00:00,28.4,55,0.0,30.7,10,-5.330999054374761,-30.233598017474787
2014-10-06 15:00:00,27.8,54,0.0,31.8,10,-5.522012049808384,-31.316886545788215
2014-10-06 16:00:00,26.8,56,0.0,31.8,10,-5.522012049808384,-31.316886545788215
2014-10-06 17:00:00,25.6,58,0.0,29.2,10,-5.070526787874366,-28.756386387956475
2014-10-06 18:00:00,24.6,60,0.0,27.9,11,-5.323570971005594,-27.387398418189825
2014-10-06 19:00:00,23.9,64,0.0,26.3,13,-5.916212729243656,-25.625932703851685
2014-10-06 20:00:00,23.1,68,0.0,24.7,13,-5.556291042293472,-24.066940600195306
2014-10-06 21:00:00,22.3,75,0.0,23.7,13,-5.331339987949606,-23.092570535410072
2014-10-06 22:00:00,21.9,77,0.0,21.7,12,-4.511683690745388,-21.225802935923582
2014-10-06 23:00:00,21.8,77,0.0,20.3,13,-4.5665064031804645,-19.779712315140273
2014-10-07 00:00:00,21.5,77,0.0,19.0,15,-4.917561856947892,-18.352590699492296
2014-10-07 01:00:00,21.7,77,0.0,18.0,16,-4.9614724047059795,-17.302710526889744
2014-10-07 02:00:00,21.8,78,0.0,17.1,18,-5.284190603811604,-16.263066428647125
2014-10-07 03:00:00,22.0,72,0.0,17.4,18,-5.376895702124087,-16.54838338353567
2014-10-07 04:00:00,21.9,74,0.0,17.5,19,-5.697442703000242,-16.546575072988045
2014-10-07 05:00:00,21.7,76,0.0,17.8,18,-5.500502499874067,-16.928805990053732
2014-10-07 06:00:00,21.2,78,0.0,18.2,18,-5.624109297624045,-17.309228596571792
2014-10-07 07:00:00,22.1,79,0.0,19.2,17,-5.613536730676552,-18.36105131449028
2014-10-07 08:00:00,23.9,65,0.0,19.9,17,-5.818196923982468,-19.030464643664402
2014-10-07 09:00:00,24.9,61,0.0,20.2,16,-5.567874587503377,-19.417486257954042
2014-10-07 10:00:00,25.6,60,0.0,20.2,11,-3.854341706606201,-19.828869105642813
2014-10-07 11:00:00,26.3,60,0.0,21.5,9,-3.363340998364967,-21.23529932279546
2014-10-07 12:00:00,27.0,58,0.0,23.0,9,-3.597992695925314,-22.716831833688165
2014-10-07 13:00:00,27.2,58,0.0,23.4,10,-4.06336735740617,-23.044501420485666
2014-10-07 14:00:00,27.0,58,0.0,25.1,8,-3.4932448340976525,-24.855728525413415
2014-10-07 15:00:00,25.9,57,0.0,26.3,10,-4.566947072640268,-25.90044390422107
2014-10-07 16:00:00,25.2,58,0.0,26.5,12,-5.509659806670634,-25.920911419445847
2014-10-07 17:00:00,24.3,60,0.0,24.4,13,-5.488805725990312,-23.774629580759736
2014-10-07 18:00:00,23.3,64,0.0,22.5,12,-4.678013043399595,-22.008321016510624
2014-10-07 19:00:00,22.5,68,0.0,21.6,11,-4.121474300133364,-21.203147162469545
2014-10-07 20:00:00,21.6,76,0.0,21.5,10,-3.733435819839002,-21.17336668976247
2014-10-07 21:00:00,21.1,78,0.0,21.0,7,-2.5592562115080906,-20.843469184467764
2014-10-07 22:00:00,21.2,76,0.0,20.0,7,-2.4373868681029434,-19.850923032826444
2014-10-07 23:00:00,21.6,74,0.0,18.2,9,-2.847107263732205,-17.975927798831506
2014-10-08 00:00:00,21.7,74,0.0,16.5,11,-3.148348423712986,-16.196848526886455
2014-10-08 01:00:00,21.5,77,0.0,15.5,13,-3.4867413423299114,-15.102736004171145
2014-10-08 02:00:00,21.7,77,0.0,15.0,17,-4.385575570841056,-14.34457133944553
2014-10-08 03:00:00,21.9,75,0.0,14.3,18,-4.41894301956175,-13.600108183020696
2014-10-08 04:00:00,21.7,77,0.0,14.1,19,-4.590510977845908,-13.331811915950368
2014-10-08 05:00:00,21.4,78,0.0,13.2,17,-3.8593065023401296,-12.623222778712066
2014-10-08 06:00:00,21.3,79,0.0,13.8,15,-3.571702822414785,-13.329776402789143
2014-10-08 07:00:00,21.7,79,0.0,14.0,18,-4.326237921249266,-13.31479122813215
2014-10-08 08:00:00,23.5,72,0.0,15.1,18,-4.666156615061708,-14.360953396056818
2014-10-08 09:00:00,24.3,69,0.0,14.4,13,-3.23929518255166,-14.030928932907386
2014-10-08 10:00:00,25.2,68,0.0,15.0,10,-2.6047226650039548,-14.772116295183121
2014-10-08 11:00:00,26.1,65,0.0,15.3,8,-2.129348444689007,-15.151101451746026
2014-10-08 12:00:00,26.6,64,0.0,16.7,6,-1.7456253365698111,-16.608515652650166
2014-10-08 13:00:00,27.4,61,0.0,19.5,4,-1.3602512380104488,-19.452498980066572
2014-10-08 14:00:00,27.5,60,0.0,22.0,5,-1.9174263404484815,-21.9162833580184
2014-10-08 15:00:00,27.3,60,0.0,24.0,8,-3.3401544230415796,-23.766433649797687
2014-10-08 16:00:00,26.4,63,0.0,25.5,9,-3.9890788585258914,-25.186052685176012
2014-10-08 17:00:00,25.5,65,0.0,24.4,9,-3.817000946981637,-24.099595510521358
2014-10-08 18:00:00,24.4,70,0.0,19.6,7,-2.3886391307408847,-19.453904572169915
2014-10-08 19:00:00,23.5,77,0.0,21.2,10,-3.681341366538923,-20.87792436385881
2014-10-08 20:00:00,22.9,82,0.0,20.5,10,-3.559787642172072,-20.188558936750265
2014-10-08 21:00:00,22.9,80,0.0,19.7,9,-3.081758961292551,-19.457460309724212
2014-10-08 22:00:00,22.9,78,0.0,18.3,10,-3.177761651304825,-18.02198188012341
2014-10-08 23:00:00,22.9,79,0.0,17.9,10,-3.1083023802380527,-17.628058778918522
2014-10-09 00:00:00,22.8,79,0.0,16.5,11,-3.148348423712986,-16.196848526886455
2014-10-09 01:00:00,22.7,80,0.0,16.8,15,-4.348159957722347,-16.22755388165635
2014-10-09 02:00:00,22.0,83,0.0,16.4,15,-4.244632339681338,-15.84118355114072
2014-10-09 03:00:00,21.5,83,0.1,15.7,16,-4.327506486326882,-15.091808626231607
2014-10-09 04:00:00,21.8,80,0.2,14.9,20,-5.0961001355524616,-14.001420049710037
2014-10-09 05:00:00,22.0,78,0.1,13.7,18,-4.233532822936781,-13.029474273243602
2014-10-09 06:00:00,22.0,78,0.0,13.5,16,-3.721104303529485,-12.977032895167307
2014-10-09 07:00:00,22.3,79,0.0,13.9,17,-4.063966695646045,-13.29263610788619
2014-10-09 08:00:00,24.1,73,0.0,15.5,13,-3.4867413423299114,-15.102736004171145
2014-10-09 09:00:00,25.3,68,0.0,18.0,12,-3.7424104347196763,-17.6066568132085
2014-10-09 10:00:00,26.5,64,0.0,19.7,8,-2.7417100889132966,-19.50828095420893
2014-10-09 11:00:00,27.7,61,0.0,21.4,8,-2.9783043605454087,-21.191736671069602
2014-10-09 12:00:00,28.3,61,0.0,22.8,6,-2.383248962502497,-22.675099214396635
2014-10-09 13:00:00,28.7,61,0.0,24.2,5,-2.1091689744933295,-24.107911693820242
2014-10-09 14:00:00,28.8,62,0.0,25.6,4,-1.7857657278496148,-25.537639686651502
2014-10-09 15:00:00,28.3,64,0.0,26.8,5,-2.3357739056372413,-26.69801790885878
2014-10-09 16:00:00,27.5,68,0.0,26.8,7,-3.2660984032579443,-26.600236863987433
2014-10-09 17:00:00,26.5,71,0.0,24.9,10,-4.323839623906565,-24.521713050003978
2014-10-09 18:00:00,25.4,76,0.0,24.0,8,-3.3401544230415796,-23.766433649797687
2014-10-09 19:00:00,24.5,80,0.0,24.3,12,-5.052254086871563,-23.768986697831476
2014-10-09 20:00:00,23.7,85,0.0,23.6,12,-4.906715903299132,-23.084283377317814
2014-10-09 21:00:00,23.2,87,0.0,22.8,12,-4.740386550644923,-22.301765296730768
2014-10-09 22:00:00,22.9,87,0.0,23.2,13,-5.218864460777674,-22.605385503017455
2014-10-09 23:00:00,22.9,87,0.0,23.7,13,-5.331339987949606,-23.092570535410072
2014-10-10 00:00:00,22.9,86,0.0,23.2,13,-5.218864460777674,-22.605385503017455
2014-10-10 01:00:00,23.1,85,0.0,22.5,12,-4.678013043399595,-22.008321016510624
2014-10-10 02:00:00,23.1,85,0.0,21.3,12,-4.428519014418284,-20.83454389563006
2014-10-10 03:00:00,22.2,87,0.0,20.7,13,-4.6564868249180105,-20.169460341054368
2014-10-10 04:00:00,22.0,87,0.0,20.7,13,-4.6564868249180105,-20.169460341054368
2014-10-10 05:00:00,21.6,88,0.0,21.7,11,-4.1405551996710175,-21.30130988081431
2014-10-10 06:00:00,21.4,88,0.0,23.0,10,-3.9939080863393976,-22.650578319280786
2014-10-10 07:00:00,22.8,86,0.0,24.9,11,-4.75114398487596,-24.44251686784683
2014-10-10 08:00:00,25.7,75,0.0,28.3,12,-5.883900850142602,-27.6815771007667
2014-10-10 09:00:00,27.0,72,0.0,31.0,9,-4.849468416247162,-30.618338558449267
2014-10-10 10:00:00,28.0,69,0.0,33.4,7,-4.070436069731915,-33.15104146482015
2014-10-10 11:00:00,28.7,67,0.0,35.1,6,-3.668949060694633,-34.9077185274264
2014-10-10 12:00:00,28.6,67,0.0,36.7,8,-5.107652805234416,-36.34283812281563
2014-10-10 13:00:00,28.5,67,0.0,37.0,7,-4.509165705990445,-36.72420761072892
2014-10-10 14:00:00,28.5,68,0.0,36.3,7,-4.423857165606842,-36.02942530457999
2014-10-10 15:00:00,27.9,68,0.0,35.8,5,-3.120175590366165,-35.663770191684485
2014-10-10 16:00:00,27.1,71,0.0,36.1,5,-3.146322313190463,-35.962628601112016
2014-10-10 17:00:00,26.0,74,0.0,32.6,6,-3.4076279025255,-32.42141378900571
2014-10-10 18:00:00,25.1,77,0.0,30.2,9,-4.7243208442149776,-29.828187885973158
2014-10-10 19:00:00,24.6,78,0.0,31.1,6,-3.2508352076240197,-30.929630945953303
2014-10-10 20:00:00,24.3,80,0.0,30.8,7,-3.753575776878533,-30.57042147055272
2014-10-10 21:00:00,23.9,82,0.0,29.1,8,-4.0499372379379155,-28.816800800379696
2014-10-10 22:00:00,23.7,84,0.0,28.1,10,-4.879513792440743,-27.673097859643047
2014-10-10 23:00:00,23.6,85,0.0,27.5,11,-5.247247372854977,-26.99474754481076
2014-10-11 00:00:00,23.1,87,0.0,27.1,11,-5.1709237747043595,-26.602096671431696
2014-10-11 01:00:00,22.6,90,0.0,26.3,9,-4.114226430558077,-25.97620335765212
2014-10-11 02:00:00,22.4,90,0.0,26.2,9,-4.098582984054053,-25.877434523592605
2014-10-11 03:00:00,22.5,88,0.0,27.0,10,-4.688500797007119,-26.589809331329615
2014-10-11 04:00:00,22.4,88,0.0,26.7,10,-4.63640634370704,-26.294367005425954
2014-10-11 05:00:00,22.2,89,0.0,27.1,11,-5.1709237747043595,-26.602096671431696
2014-10-11 06:00:00,22.1,89,0.0,26.1,12,-5.426495130343531,-25.529652379152328
2014-10-11 07:00:00,22.7,87,0.0,27.9,11,-5.323570971005594,-27.387398418189825
2014-10-11 08:00:00,24.5,79,0.0,32.4,8,-4.509208471106133,-32.08468542722687
2014-10-11 09:00:00,26.0,73,0.0,34.5,8,-4.801471983122271,-34.16424837158417
2014-10-11 10:00:00,27.0,70,0.0,36.7,8,-5.107652805234416,-36.34283812281563
2014-10-11 11:00:00,27.9,67,0.0,38.8,7,-4.7285305241197095,-38.5107906836833
2014-10-11 12:00:00,27.8,66,0.0,39.6,7,-4.8260259988438285,-39.304827604996355
2014-10-11 13:00:00,27.7,66,0.0,39.2,7,-4.7772782614817695,-38.90780914433983
2014-10-11 14:00:00,27.5,66,0.0,38.9,9,-6.085300690064987,-38.42107644915085
2014-10-11 15:00:00,26.8,65,0.0,37.4,11,-7.136256427082768,-36.712856660942634
2014-10-11 16:00:00,26.3,66,0.0,36.6,10,-6.35552330260965,-36.04396376024682
2014-10-11 17:00:00,25.3,69,0.0,33.6,9,-5.256198025351763,-33.18632824399663
2014-10-11 18:00:00,24.1,72,0.0,32.7,8,-4.5509604013941525,-32.38176584784935
2014-10-11 19:00:00,23.7,74,0.0,32.4,8,-4.509208471106133,-32.08468542722687
2014-10-11 20:00:00,23.3,76,0.0,32.0,8,-4.4535392307221064,-31.688578199730248
2014-10-11 21:00:00,22.9,77,0.0,31.3,9,-4.896398755759232,-30.91464506062781
2014-10-11 22:00:00,22.4,80,0.0,29.6,10,-5.139986058941138,-29.15030948916136
2014-10-11 23:00:00,22.2,81,0.0,28.1,9,-4.395808467630492,-27.75404237072337
2014-10-12 00:00:00,21.7,83,0.0,26.2,9,-4.098582984054053,-25.877434523592605
2014-10-12 01:00:00,21.2,86,0.0,25.9,10,-4.497487801573495,-25.506520803016187
2014-10-12 02:00:00,20.9,87,0.0,26.6,9,-4.1611567700701455,-26.272509859830663
2014-10-12 03:00:00,21.0,81,0.0,26.9,8,-3.7437564158257706,-26.63821104914824
2014-10-12 04:00:00,20.9,81,0.0,25.8,8,-3.5906660047696985,-25.548916173532515
2014-10-12 05:00:00,20.6,83,0.0,24.2,4,-1.688106664607839,-24.141050016287746
2014-10-12 06:00:00,20.3,84,0.0,23.1,3,-1.2089605892120137,-23.068342252830657
2014-10-12 07:00:00,21.0,83,0.0,24.9,3,-1.303165310449313,-24.86587541538889
2014-10-12 08:00:00,23.0,75,0.0,29.0,6,-3.0313254347619476,-28.841134965679927
2014-10-12 09:00:00,24.1,69,0.0,30.9,8,-4.300448819666034,-30.59928332411452
2014-10-12 10:00:00,25.3,64,0.0,30.4,6,-3.177665283336662,-30.23346561919551
2014-10-12 11:00:00,26.1,61,0.0,28.4,360,1.7389984547892415e-15,-28.4
2014-10-12 12:00:00,26.6,59,0.0,27.7,358,0.9667160586592799,-27.683125908428952
2014-10-12 13:00:00,26.6,58,0.0,27.8,357,1.4549395835538423,-27.761901066177153
2014-10-12 14:00:00,26.6,57,0.0,26.6,358,0.9283266122865288,-26.58379599870795
2014-10-12 15:00:00,26.0,58,0.0,24.5,359,0.42758395771344815,-24.496268531331587
2014-10-12 16:00:00,25.6,58,0.0,22.7,358,0.7922185751467745,-22.686171773333474
2014-10-12 17:00:00,24.5,60,0.0,19.5,357,1.0205511467374073,-19.47327592771419
2014-10-12 18:00:00,23.2,64,0.0,15.6,8,-2.171100374977027,-15.448181872368496
2014-10-12 19:00:00,21.9,72,0.0,11.4,18,-3.5227937358744024,-10.84204428576475
2014-10-12 20:00:00,21.0,75,0.0,11.3,31,-5.819930246483616,-9.685990497933867
2014-10-12 21:00:00,20.3,76,0.0,10.6,35,-6.0799102253210915,-8.68301166946331
2014-10-12 22:00:00,19.2,79,0.0,10.9,34,-6.095202647831138,-9.036509540849956
2014-10-12 23:00:00,17.6,86,0.0,12.0,21,-4.3004153945436085,-11.20296511796642
2014-10-13 00:00:00,17.1,86,0.0,12.1,10,-2.101142949769857,-11.916173811447717
2014-10-13 01:00:00,17.6,80,0.0,13.6,11,-2.5950023371210067,-13.35012969488823
2014-10-13 02:00:00,17.7,77,0.0,14.1,13,-3.1718098662485,-13.738617913471815
2014-10-13 03:00:00,18.4,77,0.0,14.6,16,-4.0243053949281835,-14.034420760699458
2014-10-13 04:00:00,18.6,75,0.0,14.9,15,-3.8564037720275572,-14.392294811707119
2014-10-13 05:00:00,18.7,74,0.0,15.7,16,-4.327506486326882,-15.091808626231607
2014-10-13 06:00:00,18.7,73,0.0,15.4,11,-2.938458528798787,-15.117058625094026
2014-10-13 07:00:00,19.7,73,0.0,17.8,8,-2.4772811970891717,-17.62677162359995
2014-10-13 08:00:00,23.3,62,0.0,20.1,9,-3.144332747308644,-19.85253564596227
2014-10-13 09:00:00,24.7,56,0.0,20.5,10,-3.559787642172072,-20.188558936750265
2014-10-13 10:00:00,25.9,52,0.0,20.3,6,-2.1219278043333634,-20.18879447597595
2014-10-13 11:00:00,26.8,50,0.0,20.5,2,-0.7154396824012657,-20.487511953891463
2014-10-13 12:00:00,27.1,49,0.0,21.3,2,-0.7433592797632662,-21.28702461550674
2014-10-13 13:00:00,27.1,49,0.0,22.0,2,-0.7677889274550167,-21.986598194420107
2014-10-13 14:00:00,26.8,51,0.0,22.4,4,-1.562545011868413,-22.34543472582006
2014-10-13 15:00:00,26.4,54,0.0,22.8,5,-1.987150934646608,-22.7132391164918
2014-10-13 16:00:00,25.5,58,0.0,22.5,6,-2.3518904235222005,-22.376742645786152
2014-10-13 17:00:00,24.1,63,0.0,20.1,9,-3.144332747308644,-19.85253564596227
2014-10-13 18:00:00,22.7,69,0.0,16.6,13,-3.7341875021081634,-16.174543075434904
2014-10-13 19:00:00,21.4,77,0.0,14.6,16,-4.0243053949281835,-14.034420760699458
2014-10-13 20:00:00,21.2,77,0.0,13.6,17,-3.9762551842292244,-13.00574468109728
2014-10-13 21:00:00,21.6,74,0.0,10.4,14,-2.515987714236545,-10.091075553270363
2014-10-13 22:00:00,21.3,75,0.0,10.0,13,-2.2495105434386526,-9.743700647852352
2014-10-13 23:00:00,21.1,75,0.0,11.4,11,-2.1752225472926088,-11.19054989130337
2014-10-14 00:00:00,20.9,75,0.0,11.9,14,-2.8788705576360467,-11.546519142684359
2014-10-14 01:00:00,20.4,77,0.0,11.3,17,-3.3038002633669294,-10.8062437423823
2014-10-14 02:00:00,19.7,79,0.0,11.1,13,-2.496956703216904,-10.815507719116109
2014-10-14 03:00:00,20.6,76,0.0,12.4,10,-2.1532374030699364,-12.21161613735138
2014-10-14 04:00:00,20.5,76,0.0,15.1,12,-3.1394665313481727,-14.770028771080463
2014-10-14 05:00:00,20.4,76,0.0,16.3,14,-3.9433268982745853,-15.815820338298742
2014-10-14 06:00:00,19.8,77,0.0,16.7,19,-5.436988179434516,-15.79016021250859
2014-10-14 07:00:00,19.6,78,0.0,16.1,20,-5.506524307543264,-15.129051194653128
2014-10-14 08:00:00,22.3,68,0.0,16.2,17,-4.736421616508341,-15.492137046601172
2014-10-14 09:00:00,23.9,59,0.0,17.3,12,-3.5968722511472446,-16.921953492694836
2014-10-14 10:00:00,25.0,53,0.0,18.9,9,-2.9566113892603663,-18.6673096372481
2014-10-14 11:00:00,25.9,50,0.0,19.5,5,-1.699536983579336,-19.42579661278904
2014-10-14 12:00:00,26.2,48,0.0,20.9,4,-1.4579103012522245,-20.849088650430325
2014-10-14 13:00:00,26.3,47,0.0,21.3,4,-1.4858128907498749,-21.248114270534256
2014-10-14 14:00:00,26.1,47,0.0,23.1,4,-1.611374543489301,-23.04372956100194
2014-10-14 15:00:00,25.6,52,0.0,24.0,8,-3.3401544230415796,-23.766433649797687
2014-10-14 16:00:00,24.7,56,0.0,23.0,9,-3.597992695925314,-22.716831833688165
2014-10-14 17:00:00,23.4,61,0.0,21.8,8,-3.033973600929435,-21.58784389856623
2014-10-14 18:00:00,22.0,66,0.0,21.9,9,-3.4259147843810593,-21.630374659033514
2014-10-14 19:00:00,21.0,70,0.0,20.0,14,-4.838437911993355,-19.40591452551993
2014-10-14 20:00:00,20.2,75,0.0,16.8,15,-4.348159957722347,-16.22755388165635
2014-10-14 21:00:00,19.6,80,0.0,12.9,18,-3.9863192274368235,-12.26862906020748
2014-10-14 22:00:00,20.6,73,0.0,13.2,11,-2.518678738970389,-12.957478821509163
2014-10-14 23:00:00,20.6,73,0.0,14.8,4,-1.0323958114130587,-14.763947943845398
2014-10-15 00:00:00,20.5,73,0.0,15.2,5,-1.3247672897644054,-15.142159410994532
2014-10-15 01:00:00,20.4,73,0.0,14.6,9,-2.283943189587373,-14.42024977268901
2014-10-15 02:00:00,20.1,73,0.0,12.2,14,-2.951447126315947,-11.837607860567156
2014-10-15 03:00:00,20.1,73,0.0,10.9,17,-3.1868515814778346,-10.423721839997086
2014-10-15 04:00:00,20.0,73,0.0,11.8,12,-2.453357951649566,-11.542141688658907
2014-10-15 05:00:00,19.9,73,0.0,14.6,9,-2.283943189587373,-14.42024977268901
2014-10-15 06:00:00,19.8,73,0.0,15.7,16,-4.327506486326882,-15.091808626231607
2014-10-15 07:00:00,20.0,73,0.0,14.5,14,-3.507867486195183,-14.06928803100195
2014-10-15 08:00:00,22.1,65,0.0,16.7,7,-2.0352180348659576,-16.575520732410077
2014-10-15 09:00:00,23.4,57,0.0,16.3,5,-1.4206386067868295,-16.237973578895453
2014-10-15 10:00:00,24.9,51,0.0,15.5,360,9.491012693391988e-16,-15.5
2014-10-15 11:00:00,25.9,48,0.0,16.9,358,0.5898014942722682,-16.889704976622717
2014-10-15 12:00:00,26.3,48,0.0,18.7,358,0.6526205883367702,-18.68860846525709
2014-10-15 13:00:00,26.2,49,0.0,18.4,359,0.3211242784460182,-18.3971975908776
2014-10-15 14:00:00,26.1,49,0.0,18.7,358,0.6526205883367702,-18.68860846525709
2014-10-15 15:00:00,25.6,51,0.0,20.2,360,1.2368932671388266e-15,-20.2
2014-10-15 16:00:00,24.7,54,0.0,20.9,4,-1.4579103012522245,-20.849088650430325
2014-10-15 17:00:00,23.4,59,0.0,19.6,7,-2.3886391307408847,-19.453904572169915
2014-10-15 18:00:00,22.1,64,0.0,16.9,11,-3.224672021863604,-16.58949940026552
2014-10-15 19:00:00,20.9,74,0.0,13.9,17,-4.063966695646045,-13.29263610788619
2014-10-15 20:00:00,20.7,72,0.0,12.3,15,-3.1834742547610038,-11.88088766335554
2014-10-15 21:00:00,20.9,71,0.0,13.2,11,-2.518678738970389,-12.957478821509163
2014-10-15 22:00:00,20.8,71,0.0,13.4,14,-3.2417534010355484,-13.001962732098352
2014-10-15 23:00:00,20.6,73,0.0,12.1,17,-3.537697627145119,-11.571287547152727
2014-10-16 00:00:00,20.6,74,0.0,12.8,22,-4.794964395723677,-11.867953338454878
2014-10-16 01:00:00,20.2,76,0.0,10.8,26,-4.73440838532204,-9.706975700031002
2014-10-16 02:00:00,20.3,76,0.0,9.4,32,-4.981241083792128,-7.9716521038704045
2014-10-16 03:00:00,20.7,73,0.0,9.1,18,-2.8120546488120226,-8.654614298285896
2014-10-16 04:00:00,19.7,78,0.0,12.3,7,-1.4989929238833102,-12.208317665188263
2014-10-16 05:00:00,18.1,85,0.0,13.3,13,-2.991849022773408,-12.959121861643627
2014-10-16 06:00:00,18.4,83,0.0,14.3,18,-4.41894301956175,-13.600108183020696
2014-10-16 07:00:00,20.3,76,0.0,14.1,15,-3.6493485359455407,-13.619554150675864
2014-10-16 08:00:00,22.1,70,0.0,14.5,7,-1.767105479374634,-14.39191919879917
2014-10-16 09:00:00,23.5,63,0.0,15.1,1,-0.26353133720298083,-15.097700196861508
2014-10-16 10:00:00,24.8,58,0.0,17.7,356,1.2346895852710165,-17.65688368959889
2014-10-16 11:00:00,25.4,55,0.0,19.5,358,0.6805401856987711,-19.488121126872368
2014-10-16 12:00:00,25.8,53,0.0,20.2,357,1.0571863161074682,-20.17231660204239
2014-10-16 13:00:00,26.2,52,0.0,20.5,359,0.35777433196431374,-20.49687775070602
2014-10-16 14:00:00,26.1,52,0.0,21.2,1,-0.36999101647041016,-21.196771137315494
2014-10-16 15:00:00,25.2,52,0.0,22.1,6,-2.3100790382151395,-21.978933887638842
2014-10-16 16:00:00,24.4,55,0.0,21.8,8,-3.033973600929435,-21.58784389856623
2014-10-16 17:00:00,23.4,58,0.0,20.0,7,-2.4373868681029434,-19.850923032826444
2014-10-16 18:00:00,22.2,63,0.0,18.1,7,-2.205835115633164,-17.96508534470793
2014-10-16 19:00:00,21.1,73,0.0,16.3,14,-3.9433268982745853,-15.815820338298742
2014-10-16 20:00:00,21.7,65,0.0,13.3,19,-4.330056454280184,-12.575397055470916
2014-10-16 21:00:00,21.6,67,0.0,11.5,20,-3.9332316482451883,-10.806465139037947
2014-10-16 22:00:00,21.5,68,0.0,12.4,17,-3.62540913856194,-11.858178973941639
2014-10-16 23:00:00,21.3,71,0.0,10.7,20,-3.6596155335846534,-10.05471104240922
2014-10-17 00:00:00,20.9,74,0.0,7.3,20,-2.49674704627738,-6.859756131737131
2014-10-17 01:00:00,20.3,78,0.0,4.7,23,-1.836436303899587,-4.326372811226469
2014-10-17 02:00:00,20.9,75,0.0,4.0,27,-1.8159619989581877,-3.564026096753471
2014-10-17 03:00:00,21.4,72,0.0,4.5,29,-2.1816432911085157,-3.935788682127282
2014-10-17 04:00:00,21.3,73,0.0,5.8,22,-2.1727182418122912,-5.377666356487366
2014-10-17 05:00:00,21.2,74,0.0,7.2,18,-2.2249223594996224,-6.8476069173251055
2014-10-17 06:00:00,21.2,74,0.0,7.0,21,-2.508575646817105,-6.535062985480412
2014-10-17 07:00:00,21.5,75,0.0,7.4,23,-2.8914103508206264,-6.811735915548058
2014-10-17 08:00:00,22.8,70,0.0,6.6,13,-1.4846769586695105,-6.430842427582552
2014-10-17 09:00:00,23.6,68,0.0,7.6,357,0.3977532674463741,-7.589584464134761
2014-10-17 10:00:00,24.7,64,0.0,9.5,351,1.4861274178821937,-9.38303923565381
2014-10-17 11:00:00,25.5,61,0.0,10.2,350,1.77121141220269,-10.045039080724521
2014-10-17 12:00:00,26.2,59,0.0,12.1,348,2.5157314588948894,-11.835585968879046
2014-10-17 13:00:00,26.6,58,0.0,13.8,351,2.158795617555187,-13.630099100212902
2014-10-17 14:00:00,26.7,58,0.0,15.2,355,1.3247672897644036,-15.142159410994532
2014-10-17 15:00:00,26.5,57,0.0,16.6,356,1.157957464152479,-16.55956323431308
2014-10-17 16:00:00,25.9,59,0.0,16.6,360,1.0164568432923032e-15,-16.6
2014-10-17 17:00:00,25.1,61,0.0,13.7,3,-0.717002600528337,-13.681224626137661
2014-10-17 18:00:00,23.6,74,0.0,11.2,358,0.3908743630680121,-11.193177262613872
2014-10-17 19:00:00,23.1,73,0.0,9.4,2,-0.3280552690035072,-9.394273773979501
2014-10-17 20:00:00,23.2,72,0.0,6.5,3,-0.340183715579138,-6.49109197590473
2014-10-17 21:00:00,23.1,73,0.0,5.4,360,3.3065463576978537e-16,-5.4
2014-10-17 22:00:00,22.7,75,0.0,5.4,356,0.3766849582182763,-5.386845871403051
2014-10-17 23:00:00,22.5,77,0.0,5.4,356,0.3766849582182763,-5.386845871403051
2014-10-18 00:00:00,22.2,79,0.0,5.1,4,-0.35575801609504043,-5.087576656325103
2014-10-18 01:00:00,22.0,80,0.0,3.1,21,-1.1109406435904323,-2.894099322141325
2014-10-18 02:00:00,21.9,81,0.0,3.4,58,-2.8833635269318485,-1.8017254983928963
2014-10-18 03:00:00,22.5,77,0.0,3.4,72,-3.2335921554035223,-1.0506577808748208
2014-10-18 04:00:00,22.5,77,0.0,3.9,68,-3.616017032810471,-1.460965714322057
2014-10-18 05:00:00,22.5,77,0.0,4.7,58,-3.9858260519352027,-2.4906205418960625
2014-10-18 06:00:00,22.4,77,0.0,1.8,53,-1.437543918085127,-1.0832670416736871
2014-10-18 07:00:00,22.6,77,0.0,3.1,45,-2.192031021678298,-2.192031021678297
2014-10-18 08:00:00,24.0,74,0.0,4.0,27,-1.8159619989581877,-3.564026096753471
2014-10-18 09:00:00,25.0,70,0.0,4.0,10,-0.6945927106677213,-3.939231012048832
2014-10-18 10:00:00,26.2,65,0.0,4.9,343,1.4326213531414103,-4.685893304218874
2014-10-18 11:00:00,27.4,61,0.0,7.7,332,3.61493103345136,-6.798696465013737
2014-10-18 12:00:00,27.9,59,0.0,10.4,340,3.557009490586956,-9.772803256173447
2014-10-18 13:00:00,27.6,59,0.0,12.4,343,3.625409138561936,-11.858178973941639
2014-10-18 14:00:00,27.4,59,0.0,13.1,344,3.610849361202689,-12.592528216791978
2014-10-18 15:00:00,27.1,60,0.0,13.8,353,1.6817969389910354,-13.697136892650244
2014-10-18 16:00:00,26.6,60,0.0,14.0,359,0.24433369012197037,-13.997867732189478
2014-10-18 17:00:00,25.9,62,0.0,12.6,360,7.715274834628325e-16,-12.6
2014-10-18 18:00:00,24.6,73,0.0,10.8,4,-0.7533699164365563,-10.773691742806102
2014-10-18 19:00:00,23.8,75,0.0,9.0,5,-0.7844016847289242,-8.96575228282571
2014-10-18 20:00:00,23.9,71,0.0,4.7,356,0.3278554265973886,-4.688551036221174
2014-10-18 21:00:00,23.6,74,0.0,3.1,339,1.1109406435904312,-2.8940993221413254
2014-10-18 22:00:00,23.8,72,0.0,2.4,333,1.0895771993749124,-2.138415658052083
2014-10-18 23:00:00,23.5,74,0.0,0.7000000000000001,360,4.2862637970157366e-17,-0.7000000000000001
2014-10-19 00:00:00,23.3,75,0.0,1.1,180,6.735557395310444e-17,1.1
2014-10-19 01:00:00,22.9,77,0.0,2.5,180,1.5308084989341916e-16,2.5
2014-10-19 02:00:00,22.2,82,0.0,3.3,186,0.3449439287832564,3.2819222547153015
2014-10-19 03:00:00,22.5,83,0.0,3.4,198,1.0506577808748212,3.233592155403522
2014-10-19 04:00:00,22.5,83,0.0,1.6,207,0.726384799583275,1.4256104387013886
2014-10-19 05:00:00,22.7,82,0.0,0.8,297,0.7128052193506944,-0.3631923997916374
2014-10-19 06:00:00,22.6,83,0.0,1.1,108,-1.0461621679246689,0.3399186938124423
2014-10-19 07:00:00,22.6,84,0.0,1.8,127,-1.4375439180851273,1.0832670416736867
2014-10-19 08:00:00,23.9,80,0.0,1.5,194,0.3628828433995015,1.4554435894139948
2014-10-19 09:00:00,25.0,74,0.0,2.4,243,2.138415658052083,1.0895771993749122
2014-10-19 10:00:00,26.5,67,0.0,4.3,270,4.3,0.0
2014-10-19 11:00:00,27.3,62,0.0,6.9,276,6.862201078041086,-0.721246396546809
2014-10-19 12:00:00,28.3,58,0.0,8.2,285,7.92059177557036,-2.12231616984067
2014-10-19 13:00:00,28.5,56,0.0,9.0,293,8.284543681071963,-3.5165801564034638
2014-10-19 14:00:00,28.4,55,0.0,9.4,302,7.9716521038704045,-4.981241083792126
2014-10-19 15:00:00,27.5,58,0.0,9.7,312,7.208504807130724,-6.490566881680924
2014-10-19 16:00:00,26.9,58,0.0,8.8,325,5.0474726398892065,-7.208537989743128
2014-10-19 17:00:00,26.2,59,0.0,7.0,339,2.5085756468171025,-6.535062985480412
2014-10-19 18:00:00,25.1,69,0.0,5.5,328,2.914555953282627,-4.664264528860342
2014-10-19 19:00:00,25.3,63,0.0,3.0,346,0.725765686799003,-2.9108871788279895
2014-10-19 20:00:00,25.1,63,0.0,1.0,45,-0.7071067811865477,-0.7071067811865475
2014-10-19 21:00:00,24.7,65,0.0,0.5,45,-0.35355339059327384,-0.35355339059327373
2014-10-19 22:00:00,24.4,66,0.0,1.1,270,1.1,0.0
2014-10-19 23:00:00,23.9,69,0.0,2.3,252,2.1874299874788528,0.710739087062379
2014-10-20 00:00:00,23.7,70,0.0,2.4,243,2.138415658052083,1.0895771993749122
2014-10-20 01:00:00,23.5,71,0.0,2.6,254,2.499280409439629,0.7166571251241979
2014-10-20 02:00:00,23.3,72,0.0,2.6,286,2.499280409439629,-0.7166571251241979
2014-10-20 03:00:00,23.8,75,0.0,3.3,311,2.4905416147351476,-2.1649947956686737
2014-10-20 04:00:00,23.3,78,0.0,4.9,324,2.8801477362331185,-3.9641832724372428
2014-10-20 05:00:00,22.8,82,0.0,6.3,336,2.5624408513775414,-5.755336383148386
2014-10-20 06:00:00,22.4,84,0.0,6.1,360,3.735172737399427e-16,-6.1
2014-10-20 07:00:00,22.2,87,0.0,5.9,14,-1.42733918403804,-5.7247447850283795
2014-10-20 08:00:00,24.5,80,0.0,6.9,6,-0.7212463965468082,-6.862201078041087
2014-10-20 09:00:00,26.3,68,0.0,8.0,352,1.1133848076805237,-7.922144549932563
2014-10-20 10:00:00,27.9,61,0.0,9.6,340,3.2833933759264204,-9.02104915954472
2014-10-20 11:00:00,29.0,56,0.0,12.2,332,5.727553065987868,-10.771960632878907
2014-10-20 12:00:00,29.6,52,0.0,14.3,332,6.71344334783824,-12.626150577882655
2014-10-20 13:00:00,29.8,51,0.0,14.7,335,6.212488447588282,-13.322724469438754
2014-10-20 14:00:00,29.4,51,0.0,14.7,338,5.506716923213905,-13.629602662131774
2014-10-20 15:00:00,29.0,52,0.0,14.3,342,4.418943019561749,-13.600108183020696
2014-10-20 16:00:00,28.3,54,0.0,12.9,347,2.9018686010358574,-12.569373835729534
2014-10-20 17:00:00,27.3,57,0.0,9.5,349,1.8126854560771768,-9.325458242752807
2014-10-20 18:00:00,25.7,71,0.0,8.7,355,0.7582549619046257,-8.666893873398186
2014-10-20 19:00:00,25.7,66,0.0,7.2,357,0.3768188849491966,-7.190132650232932
2014-10-20 20:00:00,25.3,69,0.0,6.5,354,0.6794350112397475,-6.4643923198937765
2014-10-20 21:00:00,25.0,71,0.0,5.4,360,3.3065463576978537e-16,-5.4
2014-10-20 22:00:00,24.7,73,0.0,4.3,5,-0.37476969381493047,-4.283637201794505
2014-10-20 23:00:00,24.6,74,0.0,2.3,18,-0.7107390870623793,-2.1874299874788528
2014-10-21 00:00:00,24.3,74,0.0,1.5,45,-1.0606601717798214,-1.0606601717798212
2014-10-21 01:00:00,23.1,77,0.0,2.6,74,-2.499280409439629,-0.7166571251241974
2014-10-21 02:00:00,21.8,82,0.0,4.0,85,-3.984778792366982,-0.3486229709906318
2014-10-21 03:00:00,19.0,94,0.0,3.3,103,-3.215421213791276,0.7423384793347552
2014-10-21 04:00:00,18.7,94,0.0,2.5,98,-2.475670171853926,0.3479327524001633
2014-10-21 05:00:00,18.7,94,0.0,2.1,31,-1.0815799573111144,-1.8000513314744355
2014-10-21 06:00:00,18.2,95,0.0,4.2,20,-1.436484601967808,-3.9467090073008158
2014-10-21 07:00:00,20.1,91,0.0,5.6,45,-3.9597979746446668,-3.9597979746446654
2014-10-21 08:00:00,24.7,73,0.0,4.3,48,-3.195522749552795,-2.8772616073430903
2014-10-21 09:00:00,26.7,66,0.0,3.8,17,-1.111012477946401,-3.633958072659534
2014-10-21 10:00:00,28.3,59,0.0,4.2,340,1.436484601967809,-3.9467090073008153
2014-10-21 11:00:00,29.3,52,0.0,7.2,323,4.333068166694749,-5.750175672340508
2014-10-21 12:00:00,30.3,49,0.0,10.5,319,6.888619804400326,-7.924450592339106
2014-10-21 13:00:00,30.5,49,0.0,11.5,319,7.544678833390834,-8.679160172561879
2014-10-21 14:00:00,30.4,49,0.0,10.5,322,6.464445490919412,-8.274112912870581
2014-10-21 15:00:00,29.8,52,0.0,8.6,327,4.683895701129233,-7.212566884330647
2014-10-21 16:00:00,29.2,53,0.0,6.4,333,2.9055391983331,-5.702441754805554
2014-10-21 17:00:00,28.1,57,0.0,3.9,338,1.4609657143220567,-3.616017032810471
2014-10-21 18:00:00,26.9,63,0.0,4.3,355,0.37476969381492997,-4.283637201794505
2014-10-21 19:00:00,26.2,63,0.0,3.3,49,-2.490541614735148,-2.1649947956686733
2014-10-21 20:00:00,24.3,71,0.0,5.1,98,-5.050367150582009,0.7097828148963331
2014-10-21 21:00:00,22.8,77,0.0,5.8,112,-5.377666356487366,2.172718241812291
2014-10-21 22:00:00,21.6,82,0.0,5.8,112,-5.377666356487366,2.172718241812291
2014-10-21 23:00:00,20.5,86,0.0,4.2,110,-3.9467090073008153,1.4364846019678092
2014-10-22 00:00:00,19.6,89,0.0,1.5,76,-1.4554435894139948,-0.3628828433995013
2014-10-22 01:00:00,18.8,92,0.0,2.2,351,0.34415582308850806,-2.1729143493093033
2014-10-22 02:00:00,18.4,94,0.0,3.6,354,0.3763024677635525,-3.580278823325784
2014-10-22 03:00:00,18.4,96,0.0,4.5,14,-1.088648530198505,-4.366330768241984
2014-10-22 04:00:00,18.4,96,0.0,5.6,27,-2.5423467985414625,-4.989636535454859
2014-10-22 05:00:00,18.1,96,0.0,6.3,31,-3.2447398719333433,-5.400153994423306
2014-10-22 06:00:00,18.1,94,0.0,8.5,36,-4.996174644486023,-6.876644452187052
2014-10-22 07:00:00,20.5,87,0.0,7.7,28,-3.614931033451359,-6.798696465013738
2014-10-22 08:00:00,25.0,73,0.0,9.9,10,-1.7191169589026103,-9.74959675482086
2014-10-22 09:00:00,26.9,65,0.0,13.7,357,0.7170026005283323,-13.681224626137661
2014-10-22 10:00:00,28.1,60,0.0,18.7,358,0.6526205883367702,-18.68860846525709
2014-10-22 11:00:00,28.9,58,0.0,22.3,2,-0.778258776465767,-22.286415442525836
2014-10-22 12:00:00,29.3,57,0.0,24.9,5,-2.17017799441669,-24.805247982484463
2014-10-22 13:00:00,28.9,59,0.0,27.2,7,-3.314846140620003,-26.99725532464396
2014-10-22 14:00:00,28.6,60,0.0,27.6,8,-3.841177586497817,-27.33139869726734
2014-10-22 15:00:00,27.9,63,0.0,28.8,9,-4.505312593158654,-28.445424209139965
2014-10-22 16:00:00,26.9,66,0.0,28.8,9,-4.505312593158654,-28.445424209139965
2014-10-22 17:00:00,25.5,70,0.0,25.5,9,-3.9890788585258914,-25.186052685176012
2014-10-22 18:00:00,24.3,73,0.0,25.9,9,-4.051652644541984,-25.581128021414063
2014-10-22 19:00:00,23.5,77,0.0,23.2,12,-4.823551226972027,-22.693024337024287
2014-10-22 20:00:00,22.8,82,0.0,20.9,11,-3.9879080033697822,-20.516008134056175
2014-10-22 21:00:00,23.0,78,0.0,19.8,10,-3.4382339178052206,-19.49919350964172
2014-10-22 22:00:00,23.1,77,0.0,18.7,11,-3.568128213541384,-18.356428330471317
2014-10-22 23:00:00,23.0,77,0.0,17.7,13,-3.981633661886415,-17.24635014669866
2014-10-23 00:00:00,22.9,76,0.0,16.1,16,-4.437761428653682,-15.476313304606938
2014-10-23 01:00:00,22.8,77,0.0,14.9,15,-3.8564037720275572,-14.392294811707119
2014-10-23 02:00:00,22.6,77,0.0,15.4,16,-4.244815279581783,-14.803430117450112
2014-10-23 03:00:00,22.5,75,0.0,15.1,18,-4.666156615061708,-14.360953396056818
2014-10-23 04:00:00,22.4,75,0.0,14.6,20,-4.99349409255476,-13.719512263474263
2014-10-23 05:00:00,22.4,74,0.0,14.9,20,-5.0961001355524616,-14.001420049710037
2014-10-23 06:00:00,22.3,74,0.0,16.1,24,-6.548459953520382,-14.708081868045877
2014-10-23 07:00:00,22.6,74,0.0,15.8,21,-5.6622136028157515,-14.750570738655787
2014-10-23 08:00:00,24.4,69,0.0,18.4,11,-3.5108855149284204,-18.061940175437016
2014-10-23 09:00:00,25.5,66,0.0,19.4,10,-3.3687746467384483,-19.105270408436834
2014-10-23 10:00:00,26.7,64,0.0,19.3,9,-3.019185175276459,-19.062384973486157
2014-10-23 11:00:00,27.4,60,0.0,19.3,9,-3.019185175276459,-19.062384973486157
2014-10-23 12:00:00,27.2,62,0.0,18.8,7,-2.291143656016767,-18.659867650856857
2014-10-23 13:00:00,26.9,61,0.0,19.9,6,-2.0801164190263015,-19.79098571782864
2014-10-23 14:00:00,26.4,62,0.0,21.0,6,-2.1950977286207207,-20.884959802733743
2014-10-23 15:00:00,25.9,61,0.0,20.5,11,-3.9115844052191644,-20.12335726067711
2014-10-23 16:00:00,25.4,62,0.0,18.9,14,-4.5723238268337205,-18.33858922661633
2014-10-23 17:00:00,24.7,63,0.0,17.6,15,-4.555215193804363,-17.000294542687605
2014-10-23 18:00:00,23.7,65,0.0,15.7,16,-4.327506486326882,-15.091808626231607
2014-10-23 19:00:00,23.1,69,0.0,14.8,18,-4.573451516749224,-14.075636441168273
2014-10-23 20:00:00,22.1,75,0.0,14.3,12,-2.973137178693965,-13.987510690493421
2014-10-23 21:00:00,21.8,77,0.0,14.7,11,-2.8048922320352054,-14.42991959668066
2014-10-23 22:00:00,21.7,76,0.0,14.1,13,-3.1718098662485,-13.738617913471815
2014-10-23 23:00:00,22.1,73,0.0,12.4,17,-3.62540913856194,-11.858178973941639
2014-10-24 00:00:00,21.6,77,0.0,11.7,18,-3.6154988341868863,-11.127361240653295
2014-10-24 01:00:00,21.7,77,0.0,10.2,23,-3.9854575105905927,-9.38914950521489
2014-10-24 02:00:00,21.7,78,0.0,10.5,16,-2.894192236078488,-10.09324780735235
2014-10-24 03:00:00,22.0,77,0.0,9.8,6,-1.024378940023003,-9.74631457460908
2014-10-24 04:00:00,21.7,79,0.0,10.2,8,-1.4195656297926713,-10.100734301164016
2014-10-24 05:00:00,21.4,80,0.0,11.4,13,-2.564442019520064,-11.10781873855168
2014-10-24 06:00:00,21.0,82,0.0,11.4,24,-4.636797731064121,-10.414418217125652
2014-10-24 07:00:00,21.5,82,0.0,10.0,30,-5.000000000000004,-8.660254037844384
2014-10-24 08:00:00,23.3,74,0.0,9.8,24,-3.986019102142841,-8.95274548489749
2014-10-24 09:00:00,24.8,67,0.0,10.7,14,-2.5885642829164452,-10.382164271153162
2014-10-24 10:00:00,25.9,64,0.0,11.9,360,7.286648454926752e-16,-11.9
2014-10-24 11:00:00,26.9,61,0.0,13.7,355,1.1940336756429164,-13.647867363856914
2014-10-24 12:00:00,27.3,60,0.0,14.0,359,0.24433369012197037,-13.997867732189478
2014-10-24 13:00:00,27.4,60,0.0,14.4,356,1.0044932219154035,-14.36492232374147
2014-10-24 14:00:00,27.4,59,0.0,15.6,353,1.9011617571203008,-15.483719965604623
2014-10-24 15:00:00,27.3,60,0.0,14.0,1,-0.24433369012196898,-13.997867732189478
2014-10-24 16:00:00,26.9,61,0.0,13.0,5,-1.1330246557195571,-12.950531075192693
2014-10-24 17:00:00,26.2,63,0.0,14.5,7,-1.767105479374634,-14.39191919879917
2014-10-24 18:00:00,24.8,70,0.0,13.5,9,-2.111865278043119,-13.333792598034359
2014-10-24 19:00:00,23.6,77,0.0,12.5,18,-3.8627124296868445,-11.888206453689419
2014-10-24 20:00:00,22.4,82,0.0,11.8,12,-2.453357951649566,-11.542141688658907
2014-10-24 21:00:00,22.1,83,0.0,10.9,9,-1.7051356689385184,-10.765802912487
2014-10-24 22:00:00,22.7,80,0.0,10.4,14,-2.515987714236545,-10.091075553270363
2014-10-24 23:00:00,22.5,81,0.0,9.8,24,-3.986019102142841,-8.95274548489749
2014-10-25 00:00:00,22.0,83,0.0,8.2,29,-3.975438886019962,-7.171881598543046
2014-10-25 01:00:00,21.2,85,0.0,8.2,29,-3.975438886019962,-7.171881598543046
2014-10-25 02:00:00,19.3,92,0.0,8.1,32,-4.292346040288961,-6.86918957886705
2014-10-25 03:00:00,19.3,91,0.0,8.1,32,-4.292346040288961,-6.86918957886705
2014-10-25 04:00:00,19.0,91,0.0,7.6,25,-3.2118987892293136,-6.88793918147854
2014-10-25 05:00:00,19.0,91,0.0,7.8,22,-2.921931428644116,-7.232034065620941
2014-10-25 06:00:00,19.4,88,0.0,9.0,29,-4.3632865822170315,-7.871577364254564
2014-10-25 07:00:00,21.2,83,0.0,7.9,24,-3.2132194802988208,-7.217009115376548
2014-10-25 08:00:00,23.9,74,0.0,8.2,15,-2.122316169840669,-7.92059177557036
2014-10-25 09:00:00,25.9,65,0.0,8.1,13,-1.8221035401853085,-7.892397524760404
2014-10-25 10:00:00,27.1,62,0.0,7.9,360,4.837354856632045e-16,-7.9
2014-10-25 11:00:00,28.1,60,0.0,9.2,349,1.755442757464213,-9.030970087718508
2014-10-25 12:00:00,28.7,58,0.0,11.5,340,3.9332316482451914,-10.806465139037945
2014-10-25 13:00:00,28.9,57,0.0,12.1,348,2.5157314588948894,-11.835585968879046
2014-10-25 14:00:00,28.9,56,0.0,12.0,353,1.4624321208617699,-11.910553819695863
2014-10-25 15:00:00,27.6,63,0.0,12.6,355,1.0981623586204925,-12.552053195955994
2014-10-25 16:00:00,27.0,65,0.0,12.6,358,0.4397336584515136,-12.592324420440606
2014-10-25 17:00:00,26.2,68,0.0,11.5,4,-0.8021994480574441,-11.471986577987979
2014-10-25 18:00:00,25.0,76,0.0,9.3,13,-2.092044805397947,-9.061641602502688
2014-10-25 19:00:00,23.7,82,0.0,8.8,12,-1.8296228791962863,-8.60769888645749
2014-10-25 20:00:00,23.6,82,0.0,7.8,13,-1.7546182238821488,-7.600086505324834
2014-10-25 21:00:00,23.7,81,0.0,8.0,5,-0.697245941981266,-7.969557584733964
2014-10-25 22:00:00,23.6,82,0.0,8.7,5,-0.7582549619046267,-8.666893873398186
2014-10-25 23:00:00,23.3,84,0.0,8.0,10,-1.3891854213354426,-7.878462024097664
2014-10-26 00:00:00,23.1,84,0.0,8.1,13,-1.8221035401853085,-7.892397524760404
2014-10-26 01:00:00,23.0,83,0.0,7.3,20,-2.49674704627738,-6.859756131737131
2014-10-26 02:00:00,22.5,84,0.0,6.8,25,-2.873804179836754,-6.16289295184922
2014-10-26 03:00:00,22.0,84,0.0,6.4,27,-2.9055391983331003,-5.702441754805554
2014-10-26 04:00:00,21.4,85,0.0,6.8,25,-2.873804179836754,-6.16289295184922
2014-10-26 05:00:00,21.4,84,0.0,8.0,10,-1.3891854213354426,-7.878462024097664
2014-10-26 06:00:00,20.9,86,0.0,9.3,16,-2.56342740909809,-8.939733772226367
2014-10-26 07:00:00,21.3,87,0.0,10.3,25,-4.352968095929202,-9.334970206477497
2014-10-26 08:00:00,24.7,76,0.0,6.9,28,-3.239353783222646,-6.092338390726597
2014-10-26 09:00:00,26.5,67,0.0,9.0,5,-0.7844016847289242,-8.96575228282571
2014-10-26 10:00:00,27.9,61,0.0,11.2,354,1.1707187885977186,-11.13864522812466
2014-10-26 11:00:00,28.8,57,0.0,12.1,348,2.5157314588948894,-11.835585968879046
2014-10-26 12:00:00,29.1,56,0.0,14.3,342,4.418943019561749,-13.600108183020696
2014-10-26 13:00:00,29.3,55,0.0,15.9,342,4.913370210561665,-15.121798609092941
2014-10-26 14:00:00,29.1,55,0.0,15.5,348,3.2226312076752714,-15.161287811373986
2014-10-26 15:00:00,28.6,57,0.0,15.2,353,1.8524140197582417,-15.086701504948094
2014-10-26 16:00:00,27.8,61,0.0,15.9,357,0.8321417042628091,-15.878209602597725
2014-10-26 17:00:00,26.7,68,0.0,15.1,357,0.7902729392684539,-15.079305974794064
2014-10-26 18:00:00,25.5,75,0.0,13.8,7,-1.681796938991031,-13.697136892650246
2014-10-26 19:00:00,24.7,80,0.0,10.1,17,-2.9529542176996446,-9.658678035226657
2014-10-26 20:00:00,24.0,86,0.0,8.7,5,-0.7582549619046267,-8.666893873398186
2014-10-26 21:00:00,24.2,84,0.0,8.6,358,0.3001356716415093,-8.594761112364223
2014-10-26 22:00:00,24.3,83,0.0,8.0,8,-1.1133848076805266,-7.922144549932562
2014-10-26 23:00:00,24.0,85,0.0,6.9,9,-1.0793978087775942,-6.81504955010645
2014-10-27 00:00:00,23.7,86,0.0,6.1,360,3.735172737399427e-16,-6.1
2014-10-27 01:00:00,23.3,87,0.0,5.9,11,-1.1257730727216133,-5.791600382341218
2014-10-27 02:00:00,23.1,88,0.0,6.5,360,3.9801020972288977e-16,-6.5
2014-10-27 03:00:00,23.5,82,0.0,6.9,6,-0.7212463965468082,-6.862201078041087
2014-10-27 04:00:00,23.5,83,0.0,6.6,9,-1.0324674692655247,-6.5187430479279085
2014-10-27 05:00:00,23.3,84,0.0,7.8,13,-1.7546182238821488,-7.600086505324834
2014-10-27 06:00:00,23.1,85,0.0,9.4,18,-2.904759747124507,-8.939931253174443
2014-10-27 07:00:00,23.3,85,0.0,12.0,21,-4.3004153945436085,-11.20296511796642
2014-10-27 08:00:00,24.9,79,0.0,13.2,17,-3.8593065023401296,-12.623222778712066
2014-10-27 09:00:00,26.3,72,0.0,15.2,7,-1.8524140197582368,-15.086701504948095
2014-10-27 10:00:00,27.8,65,0.0,18.4,4,-1.2835191168919107,-18.355178524780765
2014-10-27 11:00:00,28.9,60,0.0,19.5,4,-1.3602512380104488,-19.452498980066572
2014-10-27 12:00:00,29.2,58,0.0,20.2,4,-1.4090807696313368,-20.15079381524845
2014-10-27 13:00:00,29.2,58,0.0,20.3,6,-2.1219278043333634,-20.18879447597595
2014-10-27 14:00:00,29.0,58,0.0,21.4,8,-2.9783043605454087,-21.191736671069602
2014-10-27 15:00:00,28.9,58,0.0,21.8,8,-3.033973600929435,-21.58784389856623
2014-10-27 16:00:00,28.1,60,0.0,20.8,9,-3.2538368728368057,-20.543917484378863
2014-10-27 17:00:00,27.3,62,0.0,18.3,10,-3.177761651304825,-18.02198188012341
2014-10-27 18:00:00,26.0,69,0.0,17.1,8,-2.3798600264171257,-16.933583975480854
2014-10-27 19:00:00,24.9,73,0.0,15.7,16,-4.327506486326882,-15.091808626231607
2014-10-27 20:00:00,24.2,76,0.0,14.1,13,-3.1718098662485,-13.738617913471815
2014-10-27 21:00:00,23.8,77,0.0,16.1,10,-2.7957356604375785,-15.855404823496551
2014-10-27 22:00:00,23.4,79,0.0,17.0,13,-3.8241679238457094,-16.564291101348996
2014-10-27 23:00:00,22.6,81,0.0,17.6,15,-4.555215193804363,-17.000294542687605
2014-10-28 00:00:00,22.3,81,0.0,17.6,15,-4.555215193804363,-17.000294542687605
2014-10-28 01:00:00,21.8,83,0.0,17.9,19,-5.827669964783103,-16.92478250322777
2014-10-28 02:00:00,21.8,83,0.0,16.7,19,-5.436988179434516,-15.79016021250859
2014-10-28 03:00:00,21.8,81,0.0,16.5,16,-4.5480163709804815,-15.860817982982264
2014-10-28 04:00:00,21.6,80,0.0,16.3,18,-5.036977008311646,-15.502221215611003
2014-10-28 05:00:00,22.2,75,0.0,14.0,23,-5.470235798849833,-12.887067948334163
2014-10-28 06:00:00,22.0,76,0.0,14.2,16,-3.914050452601384,-13.649916082324129
2014-10-28 07:00:00,22.6,74,0.0,16.4,19,-5.339317733097369,-15.506504639828796
2014-10-28 08:00:00,24.4,69,0.0,15.5,22,-5.806402197946641,-14.371349745785203
2014-10-28 09:00:00,26.2,63,0.0,13.9,17,-4.063966695646045,-13.29263610788619
2014-10-28 10:00:00,27.6,59,0.0,14.5,6,-1.5156627173809738,-14.420567482839964
2014-10-28 11:00:00,28.6,57,0.0,16.6,360,1.0164568432923032e-15,-16.6
2014-10-28 12:00:00,29.0,55,0.0,18.7,359,0.32636000037720325,-18.697151899424515
2014-10-28 13:00:00,29.0,54,0.0,19.8,360,1.2124003311558797e-15,-19.8
2014-10-28 14:00:00,28.8,55,0.0,19.5,2,-0.6805401856987648,-19.488121126872368
2014-10-28 15:00:00,28.6,54,0.0,18.4,2,-0.642150739326014,-18.38879121715136
2014-10-28 16:00:00,27.9,56,0.0,17.7,2,-0.6177210916342635,-17.689217638237995
2014-10-28 17:00:00,26.7,58,0.0,16.2,3,-0.8478424911356978,-16.177798463024097
2014-10-28 18:00:00,25.4,63,0.0,15.2,4,-1.0602984009107088,-15.162973563949327
2014-10-28 19:00:00,24.1,73,0.0,13.0,14,-3.144984642795681,-12.613844441587954
2014-10-28 20:00:00,24.4,67,0.0,10.4,14,-2.515987714236545,-10.091075553270363
2014-10-28 21:00:00,24.1,69,0.0,9.4,2,-0.3280552690035072,-9.394273773979501
2014-10-28 22:00:00,23.8,71,0.0,9.7,4,-0.676637795318018,-9.676371287520293
2014-10-28 23:00:00,23.7,72,0.0,9.3,16,-2.56342740909809,-8.939733772226367
2014-10-29 00:00:00,23.5,73,0.0,7.1,30,-3.550000000000003,-6.148780366869512
2014-10-29 01:00:00,23.3,74,0.0,5.4,37,-3.2498011250210608,-4.312631754255381
2014-10-29 02:00:00,23.1,75,0.0,5.3,28,-2.488199282765221,-4.679622242152313
2014-10-29 03:00:00,23.3,74,0.0,7.1,15,-1.8376152202278964,-6.858073366652385
2014-10-29 04:00:00,23.2,75,0.0,8.1,13,-1.8221035401853085,-7.892397524760404
2014-10-29 05:00:00,22.9,77,0.0,7.9,16,-2.1775351109542913,-7.593967397912721
2014-10-29 06:00:00,22.9,77,0.0,6.0,25,-2.5357095704441948,-5.4378467222199
2014-10-29 07:00:00,22.9,78,0.0,3.8,41,-2.4930243101639276,-2.8678964048465336
2014-10-29 08:00:00,24.7,72,0.0,2.2,9,-0.3441558230885083,-2.172914349309303
2014-10-29 09:00:00,25.9,70,0.0,2.4,333,1.0895771993749124,-2.138415658052083
2014-10-29 10:00:00,27.1,66,0.0,2.8,320,1.7998053071223101,-2.1449244407331385
2014-10-29 11:00:00,27.8,64,0.0,4.1,308,3.2308440897875594,-2.524212048835199
2014-10-29 12:00:00,28.6,61,0.0,7.1,315,5.020458146424487,-5.020458146424486
2014-10-29 13:00:00,28.8,60,0.0,10.5,322,6.464445490919412,-8.274112912870581
2014-10-29 14:00:00,28.7,60,0.0,13.1,328,6.941942361454984,-11.10943005964918
2014-10-29 15:00:00,28.1,62,0.0,12.9,337,5.040431557511631,-11.874512609536481
2014-10-29 16:00:00,27.5,64,0.0,11.2,345,2.8987733051482323,-10.818369254437565
2014-10-29 17:00:00,26.6,66,0.0,8.0,350,1.3891854213354433,-7.878462024097664
2014-10-29 18:00:00,25.5,74,0.0,6.6,347,1.4846769586695083,-6.430842427582553
2014-10-29 19:00:00,25.3,72,0.0,6.5,357,0.3401837155791358,-6.49109197590473
2014-10-29 20:00:00,25.1,73,0.0,3.3,13,-0.7423384793347553,-3.215421213791276
2014-10-29 21:00:00,24.8,74,0.0,0.8,63,-0.7128052193506944,-0.36319239979163737
2014-10-29 22:00:00,23.9,79,0.0,0.7000000000000001,270,0.7000000000000001,0.0
2014-10-29 23:00:00,22.9,83,0.0,2.9,300,2.511473670974872,-1.4499999999999997
2014-10-30 00:00:00,22.5,86,0.0,4.3,312,3.195522749552795,-2.8772616073430903
2014-10-30 01:00:00,22.8,85,0.0,4.3,336,1.7489675652259409,-3.9282454678631837
2014-10-30 02:00:00,23.4,83,0.0,4.0,10,-0.6945927106677213,-3.939231012048832
2014-10-30 03:00:00,24.1,82,0.0,3.6,37,-2.166534083347374,-2.875087836170254
2014-10-30 04:00:00,24.0,82,0.0,2.1,59,-1.800051331474436,-1.0815799573111138
2014-10-30 05:00:00,23.9,83,0.0,1.1,342,0.3399186938124422,-1.0461621679246689
2014-10-30 06:00:00,23.7,84,0.0,0.7000000000000001,180,4.2862637970157366e-17,0.7000000000000001
2014-10-30 07:00:00,23.6,86,0.0,1.1,162,-0.3399186938124421,1.046162167924669
2014-10-30 08:00:00,24.8,78,0.0,1.5,256,1.4554435894139948,0.3628828433995016
2014-10-30 09:00:00,26.3,72,0.0,4.7,293,4.32637281122647,-1.8364363038995868
2014-10-30 10:00:00,27.6,65,0.0,8.3,304,6.881011852206846,-4.6413010988072
2014-10-30 11:00:00,28.2,63,0.0,10.5,308,8.27411291287058,-6.464445490919412
2014-10-30 12:00:00,28.3,62,0.0,12.3,308,9.69253226936268,-7.572636146505597
2014-10-30 13:00:00,28.1,63,0.0,13.6,310,10.4182044264181,-8.741911491736934
2014-10-30 14:00:00,27.5,64,0.0,13.0,314,9.351417404402465,-9.030558815966964
2014-10-30 15:00:00,27.0,65,0.0,10.4,316,7.224447052773572,-7.481133923521972
2014-10-30 16:00:00,26.6,65,0.0,7.4,313,5.412017391981862,-5.046787864462489
2014-10-30 17:00:00,25.9,67,0.0,4.4,305,3.604268994871564,-2.523736319944603
2014-10-30 18:00:00,25.2,71,0.0,3.2,297,2.8512208774027776,-1.4527695991665497
2014-10-30 19:00:00,24.6,78,0.0,1.8,270,1.8,0.0
2014-10-30 20:00:00,24.1,81,0.0,2.5,180,1.5308084989341916e-16,2.5
2014-10-30 21:00:00,23.8,81,0.0,4.0,190,0.6945927106677217,3.939231012048832
2014-10-30 22:00:00,23.4,83,0.0,4.6,198,1.4214781741247582,4.3748599749577055
2014-10-30 23:00:00,23.2,84,0.0,5.2,214,2.9078030980478835,4.3109953772862175
2014-10-31 00:00:00,23.3,83,0.0,5.4,217,3.2498011250210617,4.312631754255381
2014-10-31 01:00:00,23.1,83,0.0,5.6,225,3.9597979746446663,3.9597979746446654
2014-10-31 02:00:00,23.0,84,0.0,4.6,225,3.2526911934581184,3.252691193458118
2014-10-31 03:00:00,23.7,77,0.0,3.5,204,1.4235782507653008,3.197409101749103
2014-10-31 04:00:00,23.5,78,0.0,5.9,191,1.125773072721615,5.791600382341218
2014-10-31 05:00:00,23.1,81,0.0,5.9,191,1.125773072721615,5.791600382341218
2014-10-31 06:00:00,22.6,86,0.0,6.9,189,1.0793978087775935,6.815049550106451
2014-10-31 07:00:00,22.4,89,0.0,7.9,210,3.950000000000001,6.841600689897065
2014-10-31 08:00:00,24.3,78,0.0,8.4,227,6.143371093601032,5.728786224524987
2014-10-31 09:00:00,25.2,73,0.0,9.0,241,7.871577364254562,4.363286582217033
2014-10-31 10:00:00,26.2,68,0.0,9.6,257,9.353952621938259,2.159530121701104
2014-10-31 11:00:00,27.0,65,0.0,9.7,274,9.676371287520293,-0.6766377953180154
2014-10-31 12:00:00,27.4,63,0.0,10.2,293,9.389149505214892,-3.9854575105905923
2014-10-31 13:00:00,27.9,61,0.0,10.5,311,7.924450592339106,-6.888619804400326
2014-10-31 14:00:00,27.7,61,0.0,11.2,327,6.099957192168303,-9.393110360988748
2014-10-31 15:00:00,27.3,60,0.0,12.2,341,3.971931484377312,-11.535326622311663
2014-10-31 16:00:00,26.8,62,0.0,11.7,351,1.8302832409707017,-11.555953584963111
2014-10-31 17:00:00,26.0,64,0.0,9.4,358,0.3280552690035102,-9.394273773979501
2014-10-31 18:00:00,24.8,72,0.0,7.6,5,-0.6623836448822027,-7.571079705497266
2014-10-31 19:00:00,23.6,79,0.0,7.2,360,4.4087284769304716e-16,-7.2
2014-10-31 20:00:00,23.5,79,0.0,6.8,360,4.1637991171010006e-16,-6.8
2014-10-31 21:00:00,23.8,78,0.0,7.3,349,1.3929056662487778,-7.165878439167947
2014-10-31 22:00:00,22.7,83,0.0,4.6,342,1.4214781741247582,-4.3748599749577055
2014-10-31 23:00:00,22.2,86,0.0,3.7,331,1.7937955949114475,-3.2360929164157644
2014-11-01 00:00:00,22.5,85,0.0,2.1,329,1.0815799573111138,-1.800051331474436
2014-11-01 01:00:00,22.7,86,0.0,0.8,153,-0.36319239979163737,0.7128052193506944
2014-11-01 02:00:00,22.5,87,0.0,2.4,153,-1.089577199374912,2.138415658052083
2014-11-01 03:00:00,20.2,94,0.0,4.4,145,-2.5237363199446032,3.6042689948715636
2014-11-01 04:00:00,20.4,92,0.0,4.6,162,-1.4214781741247577,4.374859974957706
2014-11-01 05:00:00,22.0,83,0.0,1.8,270,1.8,0.0
2014-11-01 06:00:00,22.2,84,0.0,0.8,243,0.7128052193506944,0.3631923997916374
2014-11-01 07:00:00,22.3,84,0.0,0.4,360,2.4492935982947065e-17,-0.4
2014-11-01 08:00:00,23.7,80,0.0,2.1,329,1.0815799573111138,-1.800051331474436
2014-11-01 09:00:00,25.4,72,0.0,5.9,322,3.6324027044213842,-4.64926344627966
2014-11-01 10:00:00,26.6,67,0.0,8.7,322,5.356254835333226,-6.855693556378481
2014-11-01 11:00:00,27.6,63,0.0,10.6,325,6.079910225321089,-8.683011669463312
2014-11-01 12:00:00,28.4,61,0.0,11.5,328,6.094071538681856,-9.7525531057989
2014-11-01 13:00:00,28.8,59,0.0,12.1,330,6.050000000000002,-10.478907385791707
2014-11-01 14:00:00,28.8,59,0.0,12.6,336,5.124881702755083,-11.510672766296771
2014-11-01 15:00:00,28.3,62,0.0,13.4,340,4.583069920563962,-12.591881118531171
2014-11-01 16:00:00,27.4,66,0.0,15.8,343,4.619472934619242,-15.10961514421596
2014-11-01 17:00:00,26.2,72,0.0,14.6,350,2.535263393937184,-14.378193193978237
2014-11-01 18:00:00,25.1,79,0.0,12.3,357,0.6437322617882109,-12.283143277481258
2014-11-01 19:00:00,24.5,84,0.0,10.8,2,-0.37691456438700827,-10.793420931806235
2014-11-01 20:00:00,23.8,90,0.0,8.7,5,-0.7582549619046267,-8.666893873398186
2014-11-01 21:00:00,24.2,86,0.0,7.6,3,-0.39775326744637673,-7.589584464134761
2014-11-01 22:00:00,23.8,88,0.0,6.5,6,-0.6794350112397468,-6.464392319893777
2014-11-01 23:00:00,23.6,89,0.0,6.5,6,-0.6794350112397468,-6.464392319893777
2014-11-02 00:00:00,23.4,89,0.0,7.6,5,-0.6623836448822027,-7.571079705497266
2014-11-02 01:00:00,23.2,90,0.0,8.0,5,-0.697245941981266,-7.969557584733964
2014-11-02 02:00:00,22.8,91,0.0,8.7,7,-1.0602632876247804,-8.635151519279502
2014-11-02 03:00:00,23.1,90,0.0,9.7,2,-0.33852511801425733,-9.694091022085228
2014-11-02 04:00:00,22.9,90,0.0,9.8,8,-1.363896389408645,-9.704627073667389
2014-11-02 05:00:00,22.1,92,0.0,10.5,16,-2.894192236078488,-10.09324780735235
2014-11-02 06:00:00,21.7,92,0.0,10.4,20,-3.557009490586953,-9.772803256173448
2014-11-02 07:00:00,21.9,93,0.0,12.1,23,-4.727846654720214,-11.138108726774528
2014-11-02 08:00:00,24.4,86,0.0,14.8,13,-3.3292756042892058,-14.420676958821481
2014-11-02 09:00:00,25.7,79,0.0,19.6,7,-2.3886391307408847,-19.453904572169915
2014-11-02 10:00:00,26.6,72,0.0,23.6,8,-3.2844851826575536,-23.37032642230106
2014-11-02 11:00:00,27.1,68,0.0,25.5,9,-3.9890788585258914,-25.186052685176012
2014-11-02 12:00:00,27.8,63,0.0,26.9,8,-3.7437564158257706,-26.63821104914824
2014-11-02 13:00:00,27.8,62,0.0,27.5,5,-2.396782925560602,-27.395354197523
2014-11-02 14:00:00,27.5,62,0.0,29.6,3,-1.5491443047911515,-29.559434228735388
2014-11-02 15:00:00,27.1,62,0.0,32.8,4,-2.288012338807319,-32.72010084852223
2014-11-02 16:00:00,25.7,67,0.0,32.6,6,-3.4076279025255,-32.42141378900571
2014-11-02 17:00:00,24.1,72,0.0,29.3,6,-3.0626839737422435,-29.13949153429041
2014-11-02 18:00:00,23.0,75,0.0,27.6,8,-3.841177586497817,-27.33139869726734
2014-11-02 19:00:00,22.5,76,0.0,27.5,6,-2.8745327398604674,-27.34935212262752
2014-11-02 20:00:00,22.1,76,0.0,28.6,6,-2.989514049454886,-28.44332620753262
2014-11-02 21:00:00,21.7,77,0.0,29.0,6,-3.0313254347619476,-28.841134965679927
2014-11-02 22:00:00,21.3,76,0.0,29.4,8,-4.091689168225935,-29.113881221002163
2014-11-02 23:00:00,21.1,76,0.0,28.4,8,-3.9525160672658695,-28.123613152260592
2014-11-03 00:00:00,20.9,75,0.0,26.9,8,-3.7437564158257706,-26.63821104914824
2014-11-03 01:00:00,20.7,75,0.0,26.2,8,-3.6463352451537245,-25.94502340102914
2014-11-03 02:00:00,20.5,75,0.0,26.2,8,-3.6463352451537245,-25.94502340102914
2014-11-03 03:00:00,20.4,72,0.0,26.5,8,-3.6880871754417446,-26.24210382165161
2014-11-03 04:00:00,20.3,71,0.0,26.5,8,-3.6880871754417446,-26.24210382165161
2014-11-03 05:00:00,20.2,69,0.0,27.3,8,-3.799425656209797,-27.034318276644868
2014-11-03 06:00:00,20.2,69,0.0,28.1,10,-4.879513792440743,-27.673097859643047
2014-11-03 07:00:00,20.4,68,0.0,27.4,10,-4.757960068073891,-26.9837324325345
2014-11-03 08:00:00,22.0,61,0.0,29.6,10,-5.139986058941138,-29.15030948916136
2014-11-03 09:00:00,23.0,57,0.0,30.6,9,-4.78689463023107,-30.223263222211212
2014-11-03 10:00:00,24.5,53,0.0,30.9,7,-3.7657627112190473,-30.66967608571685
2014-11-03 11:00:00,25.4,50,0.0,31.8,5,-2.7715526193755324,-31.67899139931751
2014-11-03 12:00:00,25.5,49,0.0,33.0,6,-3.449439287832561,-32.819222547153025
2014-11-03 13:00:00,25.5,49,0.0,31.9,7,-3.8876320546241945,-31.662222237358172
2014-11-03 14:00:00,25.3,49,0.0,31.2,7,-3.802323514240592,-30.96743993120925
2014-11-03 15:00:00,25.0,48,0.0,31.5,5,-2.745405896551235,-31.380132989889983
2014-11-03 16:00:00,23.9,51,0.0,31.1,5,-2.710543599452172,-30.98165511065329
2014-11-03 17:00:00,22.6,53,0.0,27.1,5,-2.361920628461539,-26.996876318286304
2014-11-03 18:00:00,21.5,56,0.0,24.2,3,-1.2665301410792522,-24.166834741060686
2014-11-03 19:00:00,21.2,57,0.0,22.7,3,-1.1880262067148357,-22.668890438928827
2014-11-03 20:00:00,20.8,60,0.0,21.6,4,-1.5067398328731125,-21.547383485612205
2014-11-03 21:00:00,20.6,61,0.0,21.7,5,-1.891279617624184,-21.617424948590877
2014-11-03 22:00:00,20.4,65,0.0,20.3,7,-2.4739476711244874,-20.148686878318838
2014-11-03 23:00:00,19.9,70,0.0,18.2,8,-2.532950437473198,-18.02287885109658
2014-11-04 00:00:00,19.8,70,0.0,16.3,6,-1.70381395126275,-16.210706894502856
2014-11-04 01:00:00,19.9,68,0.0,15.2,5,-1.3247672897644054,-15.142159410994532
2014-11-04 02:00:00,19.9,69,0.0,13.5,9,-2.111865278043119,-13.333792598034359
2014-11-04 03:00:00,20.2,67,0.0,13.0,14,-3.144984642795681,-12.613844441587954
2014-11-04 04:00:00,19.9,69,0.0,12.9,13,-2.901868601035862,-12.569373835729534
2014-11-04 05:00:00,19.7,71,0.0,13.2,17,-3.8593065023401296,-12.623222778712066
2014-11-04 06:00:00,18.9,76,0.0,14.0,26,-6.137196055047088,-12.583116648188335
2014-11-04 07:00:00,19.4,75,0.0,13.7,23,-5.353016460303051,-12.610916492298431
2014-11-04 08:00:00,21.4,65,0.0,14.7,17,-4.297864059424235,-14.057679912656619
2014-11-04 09:00:00,22.7,60,0.0,15.2,14,-3.67721281311495,-14.748495039395145
2014-11-04 10:00:00,23.8,57,0.0,16.2,12,-3.3681693912477084,-15.845991131887649
2014-11-04 11:00:00,24.8,55,0.0,16.0,9,-2.5029514406436966,-15.803013449522203
2014-11-04 12:00:00,25.5,53,0.0,16.6,4,-1.1579574641524848,-16.55956323431308
2014-11-04 13:00:00,25.8,53,0.0,17.3,1,-0.3019266313650045,-17.29736512620557
2014-11-04 14:00:00,25.7,53,0.0,18.7,360,1.1450447572027753e-15,-18.7
2014-11-04 15:00:00,25.3,53,0.0,20.2,3,-1.057186316107475,-20.17231660204239
2014-11-04 16:00:00,24.2,55,0.0,19.9,6,-2.0801164190263015,-19.79098571782864
2014-11-04 17:00:00,22.9,58,0.0,18.1,7,-2.205835115633164,-17.96508534470793
2014-11-04 18:00:00,21.8,61,0.0,15.1,12,-3.1394665313481727,-14.770028771080463
2014-11-04 19:00:00,20.7,67,0.0,13.5,16,-3.721104303529485,-12.977032895167307
2014-11-04 20:00:00,20.4,70,0.0,12.6,13,-2.834383284732702,-12.277062816293963
2014-11-04 21:00:00,20.8,67,0.0,13.3,13,-2.991849022773408,-12.959121861643627
2014-11-04 22:00:00,20.5,69,0.0,11.8,12,-2.453357951649566,-11.542141688658907
2014-11-04 23:00:00,20.4,70,0.0,9.9,10,-1.7191169589026103,-9.74959675482086
2014-11-05 00:00:00,20.2,72,0.0,10.0,13,-2.2495105434386526,-9.743700647852352
2014-11-05 01:00:00,19.1,78,0.0,9.6,34,-5.368251873319167,-7.958760696528401
2014-11-05 02:00:00,18.5,82,0.0,8.9,50,-6.817795543758905,-5.7208097262102
2014-11-05 03:00:00,18.9,80,0.0,8.5,54,-6.876644452187055,-4.996174644486021
2014-11-05 04:00:00,18.9,80,0.0,8.7,48,-6.46535998165333,-5.821436275322066
2014-11-05 05:00:00,18.9,79,0.0,9.2,42,-6.1560015785014945,-6.8369323943920275
2014-11-05 06:00:00,18.6,81,0.0,8.9,40,-5.720809726210201,-6.817795543758904
2014-11-05 07:00:00,19.0,80,0.0,8.7,42,-5.821436275322065,-6.4653599816533305
2014-11-05 08:00:00,21.7,66,0.0,8.7,48,-6.46535998165333,-5.821436275322066
2014-11-05 09:00:00,23.2,60,0.0,6.6,41,-4.329989591337347,-4.981083229470295
2014-11-05 10:00:00,24.5,57,0.0,4.2,20,-1.436484601967808,-3.9467090073008158
2014-11-05 11:00:00,25.4,54,0.0,5.7,342,1.7613968679372005,-5.421022142882375
2014-11-05 12:00:00,26.0,52,0.0,7.9,336,3.2132194802988217,-7.217009115376547
2014-11-05 13:00:00,26.3,51,0.0,10.7,340,3.659615533584656,-10.054711042409219
2014-11-05 14:00:00,26.2,51,0.0,12.8,349,2.442355140819775,-12.5648279481301
2014-11-05 15:00:00,25.5,52,0.0,14.1,357,0.7379369830255099,-14.080676440039491
2014-11-05 16:00:00,24.8,53,0.0,13.8,6,-1.4424927930936164,-13.724402156082174
2014-11-05 17:00:00,23.8,55,0.0,11.7,9,-1.830283240970703,-11.55595358496311
2014-11-05 18:00:00,22.3,61,0.0,10.9,17,-3.1868515814778346,-10.423721839997086
2014-11-05 19:00:00,21.1,69,0.0,10.6,28,-4.976398565530442,-9.359244484304625
2014-11-05 20:00:00,20.5,71,0.0,8.7,38,-5.356254835333225,-6.8556935563784815
2014-11-05 21:00:00,20.3,72,0.0,7.1,41,-4.658019105832602,-5.358438019581681
2014-11-05 22:00:00,19.6,76,0.0,6.9,39,-4.342310698243882,-5.362307134053097
2014-11-05 23:00:00,18.8,80,0.0,8.2,29,-3.975438886019962,-7.171881598543046
2014-11-06 00:00:00,18.3,82,0.0,9.2,31,-4.738350289172501,-7.885939166459431
2014-11-06 01:00:00,18.0,82,0.0,9.5,29,-4.6056913923402,-8.308887217824262
2014-11-06 02:00:00,18.0,82,0.0,8.2,23,-3.203995253612045,-7.548139798310009
2014-11-06 03:00:00,19.5,75,0.0,8.2,23,-3.203995253612045,-7.548139798310009
2014-11-06 04:00:00,19.4,76,0.0,7.7,28,-3.614931033451359,-6.798696465013738
2014-11-06 05:00:00,18.8,77,0.0,8.2,29,-3.975438886019962,-7.171881598543046
2014-11-06 06:00:00,18.2,79,0.0,10.6,24,-4.311408416603481,-9.68358185101157
2014-11-06 07:00:00,18.7,79,0.0,11.0,19,-3.581249699028723,-10.400704331592486
2014-11-06 08:00:00,21.9,68,0.0,14.8,6,-1.5470212563612697,-14.718924051450447
2014-11-06 09:00:00,23.8,55,0.0,17.0,5,-1.4816476267101901,-16.935309867559674
2014-11-06 10:00:00,25.1,49,0.0,17.3,2,-0.6037612929532632,-17.289461307430358
2014-11-06 11:00:00,26.1,45,0.0,18.0,357,0.9420472123729914,-17.975331625582328
2014-11-06 12:00:00,26.7,44,0.0,20.4,352,2.8391312595853355,-20.201468602328035
2014-11-06 13:00:00,26.8,45,0.0,22.4,355,1.9522886375475421,-22.314761237255098
2014-11-06 14:00:00,26.6,46,0.0,23.0,359,0.40140534805752276,-22.996496988597
2014-11-06 15:00:00,26.0,50,0.0,23.4,1,-0.4083863106324338,-23.396436066659554
2014-11-06 16:00:00,25.0,55,0.0,23.1,2,-0.8061783738277676,-23.085928104141114
2014-11-06 17:00:00,23.5,60,0.0,20.9,2,-0.7293994810822658,-20.8872682846991
2014-11-06 18:00:00,22.2,65,0.0,17.4,6,-1.8187952608571683,-17.304680979407955
2014-11-06 19:00:00,21.2,74,0.0,14.3,10,-2.483168940637104,-14.082750868074575
2014-11-06 20:00:00,21.5,69,0.0,14.1,6,-1.4738513320739124,-14.022758724692654
2014-11-06 21:00:00,21.3,70,0.0,13.8,7,-1.681796938991031,-13.697136892650246
2014-11-06 22:00:00,21.0,72,0.0,13.8,9,-2.1587956175551883,-13.6300991002129
2014-11-06 23:00:00,20.5,75,0.0,13.4,5,-1.1678869528186206,-13.34900895442939
2014-11-07 00:00:00,20.1,77,0.0,13.0,6,-1.3588700224794936,-12.928784639787555
2014-11-07 01:00:00,20.0,78,0.0,12.4,8,-1.7257464519048162,-12.279324052395472
2014-11-07 02:00:00,19.7,79,0.0,11.4,11,-2.1752225472926088,-11.19054989130337
2014-11-07 03:00:00,20.1,78,0.0,9.7,15,-2.51054473749445,-9.369480515003962
2014-11-07 04:00:00,19.7,81,0.0,9.5,29,-4.6056913923402,-8.308887217824262
2014-11-07 05:00:00,19.7,81,0.0,10.5,22,-3.933369230867079,-9.735430472951267
2014-11-07 06:00:00,19.7,81,0.0,9.4,43,-6.410784584587487,-6.874724795220202
2014-11-07 07:00:00,20.1,80,0.0,9.7,39,-6.104407793183427,-7.538315826132614
2014-11-07 08:00:00,21.9,75,0.0,10.2,39,-6.4190679887083455,-7.9268888068611
2014-11-07 09:00:00,23.3,68,0.0,7.6,31,-3.914289369316414,-6.514471485336052
2014-11-07 10:00:00,24.5,65,0.0,7.2,3,-0.376818884949199,-7.190132650232932
2014-11-07 11:00:00,25.2,63,0.0,11.6,355,1.0110066158728344,-11.555858497864248
2014-11-07 12:00:00,25.9,60,0.0,15.1,1,-0.26353133720298083,-15.097700196861508
2014-11-07 13:00:00,25.8,59,0.0,17.2,10,-2.9867486558712018,-16.938693351809977
2014-11-07 14:00:00,25.8,58,0.0,16.5,10,-2.8651949315043503,-16.249327924701433
2014-11-07 15:00:00,25.4,57,0.0,16.7,6,-1.7456253365698111,-16.608515652650166
2014-11-07 16:00:00,24.2,62,0.0,17.5,8,-2.435529266801152,-17.32969120297748
2014-11-07 17:00:00,22.9,68,0.1,16.0,14,-3.8707503295946846,-15.524731620415944
2014-11-07 18:00:00,22.1,72,0.0,14.7,17,-4.297864059424235,-14.057679912656619
2014-11-07 19:00:00,21.8,78,0.0,11.8,23,-4.6106273161734315,-10.861957270738795
2014-11-07 20:00:00,21.7,79,0.0,9.0,16,-2.4807362023529897,-8.651355263444872
2014-11-07 21:00:00,21.5,78,0.0,8.8,9,-1.3766232923540331,-8.691657397237211
2014-11-07 22:00:00,21.1,81,0.0,6.9,6,-0.7212463965468082,-6.862201078041087
2014-11-07 23:00:00,20.5,86,0.0,2.9,360,1.7757378587636622e-16,-2.9
2014-11-08 00:00:00,19.9,90,0.0,0.8,207,0.3631923997916375,0.7128052193506943
2014-11-08 01:00:00,19.9,91,0.1,2.6,196,0.7166571251241979,2.499280409439629
2014-11-08 02:00:00,20.4,88,0.1,4.0,185,0.34862297099063255,3.984778792366982
2014-11-08 03:00:00,21.4,82,0.3,4.8,167,-1.079765060850552,4.676976310969129
2014-11-08 04:00:00,20.1,91,0.1,8.3,146,-4.641301098807197,6.881011852206847
2014-11-08 05:00:00,19.7,92,0.0,8.6,147,-4.683895701129233,7.212566884330646
2014-11-08 06:00:00,21.3,82,0.0,6.9,152,-3.2393537832226476,6.092338390726596
2014-11-08 07:00:00,21.3,83,0.0,2.2,189,0.34415582308850806,2.1729143493093033
2014-11-08 08:00:00,22.2,84,0.0,3.4,238,2.883363526931848,1.8017254983928965
2014-11-08 09:00:00,23.6,78,0.0,7.8,257,7.6000865053248345,1.754618223882147
2014-11-08 10:00:00,24.7,71,0.0,7.2,270,7.2,0.0
2014-11-08 11:00:00,25.6,65,0.0,5.2,282,5.08636752381579,-1.0811407922523486
2014-11-08 12:00:00,25.9,65,0.0,6.0,295,5.437846722219899,-2.5357095704441965
2014-11-08 13:00:00,26.3,62,0.0,9.7,315,6.858935777509511,-6.85893577750951
2014-11-08 14:00:00,26.2,62,0.0,13.4,329,6.901510203794726,-11.486041829408306
2014-11-08 15:00:00,25.4,67,0.0,15.7,344,4.327506486326887,-15.091808626231606
2014-11-08 16:00:00,24.6,70,0.0,14.0,1,-0.24433369012196898,-13.997867732189478
2014-11-08 17:00:00,23.8,73,0.0,11.8,12,-2.453357951649566,-11.542141688658907
2014-11-08 18:00:00,23.3,76,0.0,11.6,7,-1.413684383499707,-11.513535359039336
2014-11-08 19:00:00,22.6,80,0.0,13.7,3,-0.717002600528337,-13.681224626137661
2014-11-08 20:00:00,22.0,84,0.0,18.7,1,-0.3263600003772014,-18.697151899424515
2014-11-08 21:00:00,21.5,89,0.0,21.3,5,-1.8564173205251209,-21.21894706935418
2014-11-08 22:00:00,21.2,91,0.0,21.0,5,-1.8302705977008231,-20.920088659926655
2014-11-08 23:00:00,21.0,92,0.0,20.6,4,-1.4369833591289871,-20.54981943535238
2014-11-09 00:00:00,20.7,93,0.0,20.3,6,-2.1219278043333634,-20.18879447597595
2014-11-09 01:00:00,20.3,95,0.0,19.5,4,-1.3602512380104488,-19.452498980066572
2014-11-09 02:00:00,20.2,94,0.0,19.4,1,-0.33857668488329984,-19.39704528603399
2014-11-09 03:00:00,20.3,93,0.0,19.5,2,-0.6805401856987648,-19.488121126872368
2014-11-09 04:00:00,20.3,93,0.0,19.4,1,-0.33857668488329984,-19.39704528603399
2014-11-09 05:00:00,20.0,93,0.0,19.1,3,-0.9996167642402364,-19.07382411381236
2014-11-09 06:00:00,19.7,94,0.0,18.1,7,-2.205835115633164,-17.96508534470793
2014-11-09 07:00:00,19.8,93,0.0,18.8,3,-0.983915977367353,-18.77423525338599
2014-11-09 08:00:00,22.1,84,0.0,21.6,1,-0.3769719790453236,-21.596710215378053
2014-11-09 09:00:00,23.1,79,0.0,25.2,2,-0.8794673169030192,-25.184648840881213
2014-11-09 10:00:00,24.2,72,0.0,27.4,2,-0.9562462096485208,-27.383308660323223
2014-11-09 11:00:00,24.3,70,0.0,28.1,4,-1.960156912209929,-28.031549812301062
2014-11-09 12:00:00,24.3,70,0.0,27.8,4,-1.939229970086691,-27.732280597223113
2014-11-09 13:00:00,24.6,69,0.0,26.5,7,-3.2295376002364002,-26.302473018495036
2014-11-09 14:00:00,24.5,69,0.0,24.9,10,-4.323839623906565,-24.521713050003978
2014-11-09 15:00:00,23.9,72,0.0,22.7,15,-5.875192323827218,-21.92651625676185
2014-11-09 16:00:00,23.8,73,0.0,19.1,20,-6.53258473752027,-17.948129057010853
2014-11-09 17:00:00,23.5,74,0.0,16.2,13,-3.644207080370617,-15.784795049520808
2014-11-09 18:00:00,22.4,79,0.0,16.6,5,-1.446785329611127,-16.536831988322977
2014-11-09 19:00:00,21.6,83,0.0,18.0,360,1.102182119232618e-15,-18.0
2014-11-09 20:00:00,20.8,86,0.0,19.5,357,1.0205511467374073,-19.47327592771419
2014-11-09 21:00:00,20.2,88,0.0,19.4,360,1.1879073951729326e-15,-19.4
2014-11-09 22:00:00,19.8,89,0.0,17.7,5,-1.542656646633551,-17.632646156223895
2014-11-09 23:00:00,20.7,83,0.0,15.4,11,-2.938458528798787,-15.117058625094026
2014-11-10 00:00:00,20.1,84,0.0,13.5,16,-3.721104303529485,-12.977032895167307
2014-11-10 01:00:00,19.7,84,0.0,11.4,11,-2.1752225472926088,-11.19054989130337
2014-11-10 02:00:00,20.1,83,0.0,13.6,11,-2.5950023371210067,-13.35012969488823
2014-11-10 03:00:00,21.2,78,0.0,15.1,12,-3.1394665313481727,-14.770028771080463
2014-11-10 04:00:00,21.3,78,0.0,14.6,16,-4.0243053949281835,-14.034420760699458
2014-11-10 05:00:00,21.3,77,0.0,15.1,18,-4.666156615061708,-14.360953396056818
2014-11-10 06:00:00,21.2,76,0.0,15.0,17,-4.385575570841056,-14.34457133944553
2014-11-10 07:00:00,21.3,76,0.0,13.6,22,-5.094649670456407,-12.609700422108308
2014-11-10 08:00:00,22.1,77,0.0,14.3,25,-6.043441142891998,-12.960201354624097
2014-11-10 09:00:00,23.7,70,0.0,14.9,20,-5.0961001355524616,-14.001420049710037
2014-11-10 10:00:00,24.8,67,0.0,13.9,21,-4.98131449867968,-12.976767928311103
2014-11-10 11:00:00,26.0,63,0.0,9.8,28,-4.600821315301729,-8.652886410017485
2014-11-10 12:00:00,26.5,60,0.0,6.6,13,-1.4846769586695105,-6.430842427582552
2014-11-10 13:00:00,26.7,58,0.0,11.1,347,2.4969567032169007,-10.81550771911611
2014-11-10 14:00:00,26.4,58,0.0,17.0,354,1.7769838755501088,-16.906872221260645
2014-11-10 15:00:00,26.4,59,0.0,20.9,4,-1.4579103012522245,-20.849088650430325
2014-11-10 16:00:00,25.3,61,0.0,21.5,9,-3.363340998364967,-21.23529932279546
2014-11-10 17:00:00,23.9,66,0.0,18.6,9,-2.9096810497482974,-18.37100313506956
2014-11-10 18:00:00,22.5,70,0.0,16.0,8,-2.2267696153610532,-15.844289099865124
2014-11-10 19:00:00,21.5,75,0.0,14.8,13,-3.3292756042892058,-14.420676958821481
2014-11-10 20:00:00,20.6,81,0.0,13.8,7,-1.681796938991031,-13.697136892650246
2014-11-10 21:00:00,20.7,78,0.0,13.8,9,-2.1587956175551883,-13.6300991002129
2014-11-10 22:00:00,20.9,77,0.0,13.5,16,-3.721104303529485,-12.977032895167307
2014-11-10 23:00:00,21.0,77,0.0,13.6,22,-5.094649670456407,-12.609700422108308
2014-11-11 00:00:00,20.8,78,0.0,12.7,25,-5.3672519241068795,-11.510108895365455
2014-11-11 01:00:00,20.0,81,0.0,12.1,27,-5.493285046848517,-10.781178942679249
2014-11-11 02:00:00,19.6,83,0.0,12.2,19,-3.971931484377311,-11.535326622311665
2014-11-11 03:00:00,21.0,78,0.0,13.8,9,-2.1587956175551883,-13.6300991002129
2014-11-11 04:00:00,19.9,82,0.0,13.9,10,-2.4137096695703315,-13.688827766869691
2014-11-11 05:00:00,19.0,84,0.0,14.1,15,-3.6493485359455407,-13.619554150675864
2014-11-11 06:00:00,18.8,84,0.0,14.5,19,-4.720738239628771,-13.710019346190094
2014-11-11 07:00:00,19.0,84,0.0,11.9,25,-5.02915731471432,-10.785062665736136
2014-11-11 08:00:00,21.8,75,0.0,11.8,23,-4.6106273161734315,-10.861957270738795
2014-11-11 09:00:00,24.0,61,0.0,11.2,21,-4.013721034907368,-10.456100776768658
2014-11-11 10:00:00,25.4,54,0.0,9.5,11,-1.812685456077174,-9.325458242752807
2014-11-11 11:00:00,26.5,50,0.0,11.6,353,1.4136843834997108,-11.513535359039334
2014-11-11 12:00:00,27.1,49,0.0,16.0,346,3.870750329594683,-15.524731620415944
2014-11-11 13:00:00,27.0,50,0.0,18.7,349,3.5681282135413896,-18.356428330471317
2014-11-11 14:00:00,26.2,53,0.0,19.8,357,1.0362519336102907,-19.772864788140563
2014-11-11 15:00:00,25.7,54,0.0,19.1,1,-0.33334096295211485,-19.097090977487074
2014-11-11 16:00:00,24.7,57,0.0,17.7,6,-1.8501537998374644,-17.60303754801844
2014-11-11 17:00:00,23.5,61,0.0,15.2,5,-1.3247672897644054,-15.142159410994532
2014-11-11 18:00:00,22.6,65,0.0,13.1,8,-1.8231676225768623,-12.97251170051457
2014-11-11 19:00:00,21.5,71,0.0,12.3,7,-1.4989929238833102,-12.208317665188263
2014-11-11 20:00:00,20.6,77,0.0,11.4,11,-2.1752225472926088,-11.19054989130337
2014-11-11 21:00:00,19.8,82,0.0,11.4,11,-2.1752225472926088,-11.19054989130337
2014-11-11 22:00:00,19.8,81,0.0,11.5,14,-2.7821017993961794,-11.15840085217396
2014-11-11 23:00:00,19.6,81,0.0,11.5,14,-2.7821017993961794,-11.15840085217396
2014-11-12 00:00:00,19.4,82,0.0,11.4,13,-2.564442019520064,-11.10781873855168
2014-11-12 01:00:00,19.2,82,0.0,11.4,13,-2.564442019520064,-11.10781873855168
2014-11-12 02:00:00,19.5,80,0.0,12.5,18,-3.8627124296868445,-11.888206453689419
2014-11-12 03:00:00,19.6,79,0.0,12.4,17,-3.62540913856194,-11.858178973941639
2014-11-12 04:00:00,20.3,76,0.0,12.1,12,-2.5157314588948934,-11.835585968879046
2014-11-12 05:00:00,20.2,75,0.0,11.4,11,-2.1752225472926088,-11.19054989130337
2014-11-12 06:00:00,19.3,79,0.0,11.8,12,-2.453357951649566,-11.542141688658907
2014-11-12 07:00:00,18.9,84,0.0,13.1,16,-3.6108493612026855,-12.592528216791978
2014-11-12 08:00:00,20.8,75,0.0,14.2,9,-2.2213694035712805,-14.025174436450953
2014-11-12 09:00:00,21.9,70,0.0,16.6,1,-0.2897099468589061,-16.597471739596095
2014-11-12 10:00:00,22.1,69,0.0,18.8,3,-0.983915977367353,-18.77423525338599
2014-11-12 11:00:00,22.2,68,0.0,19.5,5,-1.699536983579336,-19.42579661278904
2014-11-12 12:00:00,22.7,66,0.0,20.2,4,-1.4090807696313368,-20.15079381524845
2014-11-12 13:00:00,23.1,65,0.0,20.2,4,-1.4090807696313368,-20.15079381524845
2014-11-12 14:00:00,23.1,66,0.0,20.5,3,-1.0728871029803584,-20.471905462468765
2014-11-12 15:00:00,24.0,62,0.0,21.3,5,-1.8564173205251209,-21.21894706935418
2014-11-12 16:00:00,22.9,67,0.0,20.7,8,-2.8808831898733627,-20.498549022950503
2014-11-12 17:00:00,22.1,71,0.0,19.4,10,-3.3687746467384483,-19.105270408436834
2014-11-12 18:00:00,21.4,74,0.0,20.5,10,-3.559787642172072,-20.188558936750265
2014-11-12 19:00:00,21.2,75,0.0,20.1,10,-3.4903283711052997,-19.79463583554538
2014-11-12 20:00:00,20.9,76,0.0,19.7,8,-2.7417100889132966,-19.50828095420893
2014-11-12 21:00:00,20.8,77,0.0,20.4,8,-2.8391312595853426,-20.20146860232803
2014-11-12 22:00:00,20.4,79,0.0,19.8,12,-4.116651478191644,-19.36732249452935
2014-11-12 23:00:00,20.1,81,0.8,18.8,12,-3.908739787373884,-18.389174893795545
2014-11-13 00:00:00,19.7,84,0.0,18.2,9,-2.847107263732205,-17.975927798831506
2014-11-13 01:00:00,19.5,86,0.0,17.8,8,-2.4772811970891717,-17.62677162359995
2014-11-13 02:00:00,19.3,87,0.0,16.9,11,-3.224672021863604,-16.58949940026552
2014-11-13 03:00:00,19.5,84,0.0,16.2,12,-3.3681693912477084,-15.845991131887649
2014-11-13 04:00:00,19.5,84,0.0,17.7,12,-3.6800369274743483,-17.31321253298836
2014-11-13 05:00:00,18.9,86,0.0,18.9,13,-4.251574927099053,-18.41559422444094
2014-11-13 06:00:00,18.7,87,0.0,21.8,16,-6.0088943568105755,-20.955504971455355
2014-11-13 07:00:00,19.0,86,0.0,21.2,18,-6.5511602807488885,-20.162398145457253
2014-11-13 08:00:00,20.7,77,0.0,22.2,17,-6.490651844844764,-21.229965582379382
2014-11-13 09:00:00,22.2,71,0.0,23.2,19,-7.553181183406034,-21.93603095390415
2014-11-13 10:00:00,23.2,67,0.0,21.6,15,-5.590491374214446,-20.863997847843876
2014-11-13 11:00:00,23.8,66,0.2,21.0,7,-2.5592562115080906,-20.843469184467764
2014-11-13 12:00:00,23.5,67,0.1,21.7,7,-2.6445647518916937,-21.538251490616688
2014-11-13 13:00:00,22.5,72,0.3,20.7,7,-2.5226954084865465,-20.545705338975367
2014-11-13 14:00:00,21.2,80,0.6,20.6,5,-1.79540830060176,-20.521610780689958
2014-11-13 15:00:00,23.0,66,0.0,21.3,5,-1.8564173205251209,-21.21894706935418
2014-11-13 16:00:00,22.1,68,0.0,20.1,10,-3.4903283711052997,-19.79463583554538
2014-11-13 17:00:00,21.0,74,0.2,17.6,15,-4.555215193804363,-17.000294542687605
2014-11-13 18:00:00,20.2,81,0.2,17.7,13,-3.981633661886415,-17.24635014669866
2014-11-13 19:00:00,19.6,85,0.2,19.4,11,-3.701694510304965,-19.04356735888468
2014-11-13 20:00:00,19.1,88,0.1,21.3,11,-4.0642316015204,-20.908659007435244
2014-11-13 21:00:00,18.8,90,0.1,19.1,12,-3.971113294619212,-18.682619174015688
2014-11-13 22:00:00,18.6,91,0.1,17.2,11,-3.2819147204765673,-16.883987555299818
2014-11-13 23:00:00,18.3,94,0.0,16.2,12,-3.3681693912477084,-15.845991131887649
2014-11-14 00:00:00,18.3,93,0.2,15.4,16,-4.244815279581783,-14.803430117450112
2014-11-14 01:00:00,18.6,91,0.0,13.6,17,-3.9762551842292244,-13.00574468109728
2014-11-14 02:00:00,18.7,89,0.0,13.4,14,-3.2417534010355484,-13.001962732098352
2014-11-14 03:00:00,18.9,84,0.0,13.3,13,-2.991849022773408,-12.959121861643627
2014-11-14 04:00:00,18.2,87,0.0,13.3,13,-2.991849022773408,-12.959121861643627
2014-11-14 05:00:00,18.1,88,0.0,14.1,15,-3.6493485359455407,-13.619554150675864
2014-11-14 06:00:00,18.2,88,0.0,14.5,14,-3.507867486195183,-14.06928803100195
2014-11-14 07:00:00,18.4,88,0.4,15.2,22,-5.694020219921867,-14.093194589415166
2014-11-14 08:00:00,20.1,86,0.0,15.1,18,-4.666156615061708,-14.360953396056818
2014-11-14 09:00:00,20.8,80,0.0,16.2,12,-3.3681693912477084,-15.845991131887649
2014-11-14 10:00:00,21.4,76,0.0,17.1,8,-2.3798600264171257,-16.933583975480854
2014-11-14 11:00:00,21.6,76,0.0,17.6,359,0.30716235329619135,-17.59731943475249
2014-11-14 12:00:00,21.9,74,0.0,21.6,2,-0.7538291287740165,-21.58684186361247
2014-11-14 13:00:00,22.0,71,0.2,23.9,7,-2.9126773073830172,-23.721853024227595
2014-11-14 14:00:00,21.0,79,0.3,23.4,10,-4.06336735740617,-23.044501420485666
2014-11-14 15:00:00,21.5,73,0.0,20.8,14,-5.03197542847309,-20.182151106540726
2014-11-14 16:00:00,21.4,74,0.0,19.1,11,-3.644451811692002,-18.749079203850382
2014-11-14 17:00:00,21.0,76,0.0,18.2,14,-4.402978499913954,-17.659382218223136
2014-11-14 18:00:00,20.4,79,0.9,17.8,14,-4.3062097416740865,-17.271263927712738
2014-11-14 19:00:00,19.9,83,0.0,16.1,16,-4.437761428653682,-15.476313304606938
2014-11-14 20:00:00,20.0,83,0.0,13.6,12,-2.8275989951215332,-13.302807369979755
2014-11-14 21:00:00,19.8,84,0.0,13.1,9,-2.0492914920270264,-12.938717261796302
2014-11-14 22:00:00,19.9,83,0.0,13.4,8,-1.864919552864882,-13.269592121137041
2014-11-14 23:00:00,19.9,82,0.0,12.4,8,-1.7257464519048162,-12.279324052395472
2014-11-15 00:00:00,19.9,82,0.0,11.7,9,-1.830283240970703,-11.55595358496311
2014-11-15 01:00:00,19.8,82,0.0,10.0,13,-2.2495105434386526,-9.743700647852352
2014-11-15 02:00:00,19.7,82,0.0,9.4,18,-2.904759747124507,-8.939931253174443
2014-11-15 03:00:00,19.8,84,0.1,8.7,24,-3.5386087947594604,-7.947845481490628
2014-11-15 04:00:00,19.8,83,0.0,8.1,21,-2.9027803913169357,-7.562001454627333
2014-11-15 05:00:00,19.8,83,0.0,6.4,27,-2.9055391983331003,-5.702441754805554
2014-11-15 06:00:00,19.7,83,0.0,4.3,360,2.632990618166809e-16,-4.3
2014-11-15 07:00:00,19.2,86,0.0,1.6,63,-1.4256104387013888,-0.7263847995832747
2014-11-15 08:00:00,19.6,92,0.1,2.9,90,-2.9,3.5514757175273243e-16
2014-11-15 09:00:00,20.7,90,0.0,1.8,127,-1.4375439180851273,1.0832670416736867
2014-11-15 10:00:00,21.1,87,0.0,0.5,135,-0.35355339059327373,0.3535533905932738
2014-11-15 11:00:00,21.9,82,0.0,1.8,349,0.34345619167778085,-1.7669289302057951
2014-11-15 12:00:00,22.4,78,0.0,4.7,351,0.7352419856890854,-4.6421352007971475
2014-11-15 13:00:00,22.7,76,0.1,8.0,352,1.1133848076805237,-7.922144549932563
2014-11-15 14:00:00,23.0,74,0.0,10.5,356,0.732442974313315,-10.474422527728153
2014-11-15 15:00:00,22.1,84,0.6,9.0,2,-0.31409547032250684,-8.994517443171862
2014-11-15 16:00:00,21.6,89,0.7000000000000001,8.0,8,-1.1133848076805266,-7.922144549932562
2014-11-15 17:00:00,21.2,91,0.8,7.8,13,-1.7546182238821488,-7.600086505324834
2014-11-15 18:00:00,20.6,93,0.6,6.5,357,0.3401837155791358,-6.49109197590473
2014-11-15 19:00:00,20.3,93,0.5,7.1,15,-1.8376152202278964,-6.858073366652385
2014-11-15 20:00:00,20.0,93,0.4,8.2,15,-2.122316169840669,-7.92059177557036
2014-11-15 21:00:00,20.3,90,0.3,8.2,23,-3.203995253612045,-7.548139798310009
2014-11-15 22:00:00,20.6,88,0.2,9.3,28,-4.366085533908785,-8.211412613588022
2014-11-15 23:00:00,20.5,88,0.0,8.7,30,-4.350000000000003,-7.534421012924613
2014-11-16 00:00:00,19.9,91,0.0,8.0,18,-2.4721359549995805,-7.608452130361228
2014-11-16 01:00:00,19.6,92,0.0,9.7,4,-0.676637795318018,-9.676371287520293
2014-11-16 02:00:00,19.4,92,0.0,13.3,358,0.4641633061432644,-13.291897999353974
2014-11-16 03:00:00,18.8,92,0.0,15.9,356,1.1091279325315913,-15.861268399131205
2014-11-16 04:00:00,18.8,92,0.0,18.0,1,-0.31414331587110295,-17.997258512815044
2014-11-16 05:00:00,18.8,93,0.0,19.2,5,-1.6733902607550384,-19.126938203361515
2014-11-16 06:00:00,18.7,94,0.0,21.0,6,-2.1950977286207207,-20.884959802733743
2014-11-16 07:00:00,18.8,95,0.0,19.7,9,-3.081758961292551,-19.457460309724212
2014-11-16 08:00:00,20.5,92,0.0,20.9,4,-1.4579103012522245,-20.849088650430325
2014-11-16 09:00:00,22.1,85,0.0,23.4,3,-1.2246613760848968,-23.367931113257026
2014-11-16 10:00:00,22.8,81,0.0,22.7,2,-0.7922185751467673,-22.686171773333474
2014-11-16 11:00:00,23.7,77,0.0,21.2,359,0.36999101647041227,-21.196771137315494
2014-11-16 12:00:00,24.0,75,0.0,21.3,358,0.743359279763273,-21.28702461550674
2014-11-16 13:00:00,23.7,76,0.2,22.3,359,0.38918866355142423,-22.296603601987528
2014-11-16 14:00:00,23.2,79,0.2,23.8,359,0.4153672732073497,-23.796375144722113
2014-11-16 15:00:00,23.8,75,0.0,25.2,358,0.8794673169030272,-25.184648840881213
2014-11-16 16:00:00,22.7,81,0.0,24.1,359,0.4206029951385347,-24.096329453269032
2014-11-16 17:00:00,21.5,87,0.0,23.4,359,0.4083863106324362,-23.396436066659554
2014-11-16 18:00:00,20.9,90,0.0,24.3,6,-2.5400416574039766,-24.166882057449044
2014-11-16 19:00:00,20.6,91,0.0,23.9,7,-2.9126773073830172,-23.721853024227595
2014-11-16 20:00:00,20.4,91,0.0,25.2,3,-1.3188660973221964,-25.16546427581526
2014-11-16 21:00:00,20.1,92,0.0,25.2,3,-1.3188660973221964,-25.16546427581526
2014-11-16 22:00:00,20.0,92,0.0,24.9,4,-1.7369361962287269,-24.839344851469622
2014-11-16 23:00:00,20.0,91,0.0,24.9,4,-1.7369361962287269,-24.839344851469622
2014-11-17 00:00:00,20.0,90,0.0,25.0,6,-2.613211581691334,-24.863047384206833
2014-11-17 01:00:00,20.0,90,0.0,24.9,5,-2.17017799441669,-24.805247982484463
2014-11-17 02:00:00,19.8,91,0.0,26.0,4,-1.8136683173472652,-25.93666530675543
2014-11-17 03:00:00,20.2,89,0.0,26.4,6,-2.7595514302660487,-26.255378037722416
2014-11-17 04:00:00,20.2,88,0.0,27.1,5,-2.361920628461539,-26.996876318286304
2014-11-17 05:00:00,20.2,87,0.0,27.8,5,-2.4229296483848994,-27.694212606950526
2014-11-17 06:00:00,20.3,86,0.0,28.6,6,-2.989514049454886,-28.44332620753262
2014-11-17 07:00:00,20.4,85,0.0,28.6,6,-2.989514049454886,-28.44332620753262
2014-11-17 08:00:00,20.6,84,0.0,30.4,6,-3.177665283336662,-30.23346561919551
2014-11-17 09:00:00,21.2,81,0.0,30.1,7,-3.66826723649493,-29.875639164403797
2014-11-17 10:00:00,21.6,79,0.0,30.9,11,-5.895997957135228,-30.332279968532816
2014-11-17 11:00:00,22.0,77,0.0,29.3,11,-5.590703564532757,-28.761676475016554
2014-11-17 12:00:00,22.5,75,0.0,28.1,10,-4.879513792440743,-27.673097859643047
2014-11-17 13:00:00,22.7,73,0.0,27.0,10,-4.688500797007119,-26.589809331329615
2014-11-17 14:00:00,22.3,75,0.0,24.9,11,-4.75114398487596,-24.44251686784683
2014-11-17 15:00:00,22.9,75,0.1,25.5,9,-3.9890788585258914,-25.186052685176012
2014-11-17 16:00:00,22.3,78,0.0,26.6,9,-4.1611567700701455,-26.272509859830663
2014-11-17 17:00:00,21.6,78,0.0,26.5,7,-3.2295376002364002,-26.302473018495036
2014-11-17 18:00:00,21.2,78,0.0,29.4,8,-4.091689168225935,-29.113881221002163
2014-11-17 19:00:00,20.8,78,0.0,29.9,9,-4.677390504702908,-29.531881383794616
2014-11-17 20:00:00,20.6,77,0.0,30.2,9,-4.7243208442149776,-29.828187885973158
2014-11-17 21:00:00,20.3,77,0.0,31.1,10,-5.400458325441534,-30.62752111867967
2014-11-17 22:00:00,19.9,77,0.0,30.1,11,-5.743350760833993,-29.546978221774687
2014-11-17 23:00:00,19.5,78,0.1,29.4,11,-5.609784464070411,-28.85983919336132
2014-11-18 00:00:00,19.3,79,0.2,29.0,11,-5.5334608659197935,-28.467188319982256
2014-11-18 01:00:00,18.9,80,0.2,28.7,12,-5.967065526469706,-28.07283614106022
2014-11-18 02:00:00,18.9,79,0.2,27.6,12,-5.73836266657017,-26.996873780253036
2014-11-18 03:00:00,19.1,72,0.0,26.6,13,-5.983698045546816,-25.918243723287254
2014-11-18 04:00:00,19.1,71,0.0,25.5,13,-5.736251885768564,-24.846436652023495
2014-11-18 05:00:00,19.1,71,0.0,25.1,13,-5.6462714640310185,-24.456688626109404
2014-11-18 06:00:00,18.8,73,0.0,25.1,12,-5.218583439525771,-24.551504778418522
2014-11-18 07:00:00,18.8,75,0.0,24.9,14,-6.023855200431727,-24.16036358427231
2014-11-18 08:00:00,20.1,72,0.0,24.1,14,-5.830317683951994,-23.384127003251518
2014-11-18 09:00:00,21.6,66,0.0,25.0,12,-5.197792270443995,-24.45369001834514
2014-11-18 10:00:00,22.9,62,0.0,26.5,8,-3.6880871754417446,-26.24210382165161
2014-11-18 11:00:00,23.7,59,0.0,28.2,5,-2.4577919454839625,-28.092690486187223
2014-11-18 12:00:00,24.3,57,0.0,29.6,5,-2.579809985330684,-29.48736306351567
2014-11-18 13:00:00,24.1,58,0.0,30.4,6,-3.177665283336662,-30.23346561919551
2014-11-18 14:00:00,24.1,57,0.0,30.8,7,-3.753575776878533,-30.57042147055272
2014-11-18 15:00:00,23.2,59,0.0,30.5,8,-4.2447795792820076,-30.20317609661789
2014-11-18 16:00:00,22.4,61,0.0,28.4,8,-3.9525160672658695,-28.123613152260592
2014-11-18 17:00:00,21.2,64,0.0,25.8,8,-3.5906660047696985,-25.548916173532515
2014-11-18 18:00:00,20.1,67,0.0,23.1,11,-4.407687793198181,-22.67558793764104
2014-11-18 19:00:00,19.5,70,0.0,20.8,14,-5.03197542847309,-20.182151106540726
2014-11-18 20:00:00,18.7,76,0.0,19.3,14,-4.669092585073589,-18.726707517126734
2014-11-18 21:00:00,18.6,76,0.0,18.2,14,-4.402978499913954,-17.659382218223136
2014-11-18 22:00:00,18.4,77,0.0,17.7,12,-3.6800369274743483,-17.31321253298836
2014-11-18 23:00:00,18.4,78,0.0,16.6,13,-3.7341875021081634,-16.174543075434904
2014-11-19 00:00:00,18.6,78,0.0,16.4,15,-4.244632339681338,-15.84118355114072
2014-11-19 01:00:00,18.7,78,0.0,15.1,18,-4.666156615061708,-14.360953396056818
2014-11-19 02:00:00,18.7,79,0.0,14.2,21,-5.0888248835432695,-13.256842056260263
2014-11-19 03:00:00,18.8,75,0.0,12.6,24,-5.124881702755081,-11.510672766296771
2014-11-19 04:00:00,19.0,74,0.0,11.8,23,-4.6106273161734315,-10.861957270738795
2014-11-19 05:00:00,19.0,75,0.0,11.3,22,-4.233054505599809,-10.477177556604698
2014-11-19 06:00:00,18.5,79,0.0,11.9,25,-5.02915731471432,-10.785062665736136
2014-11-19 07:00:00,18.3,81,0.0,10.6,28,-4.976398565530442,-9.359244484304625
2014-11-19 08:00:00,19.2,82,0.0,11.3,27,-5.13009264705688,-10.068373723328557
2014-11-19 09:00:00,20.8,74,0.0,10.8,26,-4.73440838532204,-9.706975700031002
2014-11-19 10:00:00,22.3,70,0.0,8.3,18,-2.564841053312065,-7.893769085249775
2014-11-19 11:00:00,23.4,66,0.0,7.6,3,-0.39775326744637673,-7.589584464134761
2014-11-19 12:00:00,24.0,64,0.0,8.3,355,0.7233926648055626,-8.268415994161488
2014-11-19 13:00:00,24.3,63,0.0,9.5,351,1.4861274178821937,-9.38303923565381
2014-11-19 14:00:00,24.1,63,0.0,10.2,352,1.4195656297926678,-10.100734301164017
2014-11-19 15:00:00,23.5,65,0.0,11.9,360,7.286648454926752e-16,-11.9
2014-11-19 16:00:00,23.0,67,0.0,12.3,7,-1.4989929238833102,-12.208317665188263
2014-11-19 17:00:00,22.2,69,0.0,11.3,9,-1.7677094549546108,-11.160878248725057
2014-11-19 18:00:00,20.6,78,0.0,14.5,7,-1.767105479374634,-14.39191919879917
2014-11-19 19:00:00,19.2,84,0.0,15.1,12,-3.1394665313481727,-14.770028771080463
2014-11-19 20:00:00,19.2,83,0.0,15.7,11,-2.9957012274117503,-15.411546780128324
2014-11-19 21:00:00,19.2,81,0.0,15.4,11,-2.938458528798787,-15.117058625094026
2014-11-19 22:00:00,19.2,81,0.0,15.0,10,-2.6047226650039548,-14.772116295183121
2014-11-19 23:00:00,19.2,81,0.0,14.3,10,-2.483168940637104,-14.082750868074575
2014-11-20 00:00:00,19.1,81,0.0,13.0,14,-3.144984642795681,-12.613844441587954
2014-11-20 01:00:00,18.9,81,0.0,13.6,17,-3.9762551842292244,-13.00574468109728
2014-11-20 02:00:00,18.8,81,0.0,11.1,25,-4.691062705321761,-10.060016436106816
2014-11-20 03:00:00,18.9,79,0.0,10.1,35,-5.793122007145568,-8.273435647318815
2014-11-20 04:00:00,18.9,78,0.0,9.9,33,-5.3919264466487675,-8.302838622659698
2014-11-20 05:00:00,18.8,77,0.0,11.3,27,-5.13009264705688,-10.068373723328557
2014-11-20 06:00:00,18.5,78,0.0,12.3,32,-6.518006950068422,-10.43099158272404
2014-11-20 07:00:00,18.5,78,0.0,10.8,37,-6.4996022500421216,-8.625263508510763
2014-11-20 08:00:00,19.8,82,0.0,9.7,31,-4.9958693266275285,-8.314522816810486
2014-11-20 09:00:00,22.1,70,0.0,10.8,21,-3.870373855089248,-10.082668606169777
2014-11-20 10:00:00,23.4,66,0.0,10.4,14,-2.515987714236545,-10.091075553270363
2014-11-20 11:00:00,24.3,64,0.0,10.8,358,0.3769145643870117,-10.793420931806235
2014-11-20 12:00:00,24.8,63,0.0,12.3,355,1.0720156357961952,-12.253194786528471
2014-11-20 13:00:00,25.0,62,0.0,13.3,357,0.6960682180311548,-13.281772812235833
2014-11-20 14:00:00,24.9,61,0.0,13.3,3,-0.6960682180311593,-13.281772812235833
2014-11-20 15:00:00,24.7,63,0.0,14.4,4,-1.0044932219154084,-14.36492232374147
2014-11-20 16:00:00,24.0,65,0.0,14.1,4,-0.9835662797921707,-14.06565310866352
2014-11-20 17:00:00,22.9,69,0.0,10.8,4,-0.7533699164365563,-10.773691742806102
2014-11-20 18:00:00,21.2,81,0.0,11.4,13,-2.564442019520064,-11.10781873855168
2014-11-20 19:00:00,21.2,77,0.0,10.3,29,-4.99353908853727,-9.00858298353578
2014-11-20 20:00:00,20.9,78,0.0,8.0,27,-3.6319239979163753,-7.128052193506942
2014-11-20 21:00:00,20.5,81,0.0,8.3,18,-2.564841053312065,-7.893769085249775
2014-11-20 22:00:00,19.9,83,0.0,7.8,13,-1.7546182238821488,-7.600086505324834
2014-11-20 23:00:00,19.0,87,0.0,7.7,11,-1.4692292643993936,-7.558529312547013
2014-11-21 00:00:00,18.0,90,0.0,7.2,18,-2.2249223594996224,-6.8476069173251055
2014-11-21 01:00:00,17.7,90,0.0,6.3,24,-2.5624408513775405,-5.755336383148386
2014-11-21 02:00:00,17.3,91,0.0,6.0,25,-2.5357095704441948,-5.4378467222199
2014-11-21 03:00:00,18.3,83,0.0,4.4,35,-2.523736319944604,-3.604268994871563
2014-11-21 04:00:00,16.9,87,0.0,3.8,49,-2.867896404846534,-2.4930243101639267
2014-11-21 05:00:00,16.3,88,0.0,4.1,45,-2.8991378028648453,-2.8991378028648445
2014-11-21 06:00:00,15.9,88,0.0,6.6,22,-2.472403516545021,-6.119413440140796
2014-11-21 07:00:00,15.7,89,0.0,6.4,16,-1.7640790772287929,-6.152074854005242
2014-11-21 08:00:00,19.5,85,0.0,7.9,3,-0.41345405431926,-7.889173324561134
2014-11-21 09:00:00,22.8,70,0.0,11.5,360,7.041719095097281e-16,-11.5
2014-11-21 10:00:00,24.2,67,0.0,13.3,3,-0.6960682180311593,-13.281772812235833
2014-11-21 11:00:00,25.2,64,0.0,13.8,6,-1.4424927930936164,-13.724402156082174
2014-11-21 12:00:00,25.7,63,0.0,14.0,360,8.572527594031472e-16,-14.0
2014-11-21 13:00:00,25.8,64,0.0,15.2,355,1.3247672897644036,-15.142159410994532
2014-11-21 14:00:00,25.3,66,0.0,16.7,354,1.7456253365698127,-16.608515652650162
2014-11-21 15:00:00,24.8,67,0.0,17.3,358,0.6037612929532687,-17.289461307430358
2014-11-21 16:00:00,24.1,71,0.0,16.9,2,-0.5898014942722628,-16.889704976622717
2014-11-21 17:00:00,22.6,78,0.0,15.5,3,-0.8112073217656367,-15.478757788695894
2014-11-21 18:00:00,21.3,86,0.0,17.4,6,-1.8187952608571683,-17.304680979407955
2014-11-21 19:00:00,20.2,91,0.0,15.5,13,-3.4867413423299114,-15.102736004171145
2014-11-21 20:00:00,19.2,94,0.0,12.3,15,-3.1834742547610038,-11.88088766335554
2014-11-21 21:00:00,19.1,92,0.0,12.5,12,-2.5988961352219975,-12.22684500917257
2014-11-21 22:00:00,18.9,90,0.0,12.2,19,-3.971931484377311,-11.535326622311665
2014-11-21 23:00:00,18.8,89,0.0,12.0,21,-4.3004153945436085,-11.20296511796642
2014-11-22 00:00:00,18.9,87,0.0,12.0,21,-4.3004153945436085,-11.20296511796642
2014-11-22 01:00:00,18.6,86,0.0,12.4,22,-4.645121758357313,-11.497079796628164
2014-11-22 02:00:00,17.4,87,0.0,11.3,22,-4.233054505599809,-10.477177556604698
2014-11-22 03:00:00,15.9,90,0.0,11.0,19,-3.581249699028723,-10.400704331592486
2014-11-22 04:00:00,15.2,91,0.0,11.2,21,-4.013721034907368,-10.456100776768658
2014-11-22 05:00:00,14.4,93,0.0,11.6,26,-5.085105302753302,-10.426010937070334
2014-11-22 06:00:00,14.0,92,0.0,14.7,28,-6.901231972952593,-12.979329615026225
2014-11-22 07:00:00,14.5,91,0.0,12.6,24,-5.124881702755081,-11.510672766296771
2014-11-22 08:00:00,19.1,86,0.0,13.6,17,-3.9762551842292244,-13.00574468109728
2014-11-22 09:00:00,23.5,67,0.0,15.4,11,-2.938458528798787,-15.117058625094026
2014-11-22 10:00:00,25.0,62,0.0,15.2,7,-1.8524140197582368,-15.086701504948095
2014-11-22 11:00:00,26.1,58,0.0,16.2,359,0.2827289842839943,-16.197532661533536
2014-11-22 12:00:00,26.7,55,0.0,17.0,354,1.7769838755501088,-16.906872221260645
2014-11-22 13:00:00,26.9,54,0.0,16.4,351,2.565525226659787,-16.19808878576026
2014-11-22 14:00:00,26.7,56,0.0,15.4,349,2.9384585287987917,-15.117058625094026
2014-11-22 15:00:00,26.7,58,0.0,13.6,348,2.8275989951215283,-13.302807369979755
2014-11-22 16:00:00,25.9,62,0.0,11.9,346,2.8788705576360454,-11.546519142684359
2014-11-22 17:00:00,24.5,69,0.0,10.1,343,2.952954217699641,-9.658678035226657
2014-11-22 18:00:00,23.4,73,0.0,9.0,5,-0.7844016847289242,-8.96575228282571
2014-11-22 19:00:00,22.6,77,0.0,5.0,30,-2.500000000000002,-4.330127018922192
2014-11-22 20:00:00,21.9,79,0.0,3.1,45,-2.192031021678298,-2.192031021678297
2014-11-22 21:00:00,20.9,82,0.0,2.7,67,-2.485363104321589,-1.0549740469210387
2014-11-22 22:00:00,19.9,84,0.0,2.5,82,-2.475670171853926,-0.3479327524001638
2014-11-22 23:00:00,19.0,87,0.0,2.5,90,-2.5,3.061616997868383e-16
2014-11-23 00:00:00,18.0,90,0.0,2.9,97,-2.8783838397598336,0.35342109587492787
2014-11-23 01:00:00,17.2,91,0.0,4.0,100,-3.939231012048832,0.6945927106677211
2014-11-23 02:00:00,17.0,90,0.0,3.8,107,-3.633958072659535,1.111012477946399
2014-11-23 03:00:00,16.7,88,0.0,3.9,112,-3.6160170328104706,1.4609657143220578
2014-11-23 04:00:00,16.2,89,0.0,4.6,108,-4.3748599749577055,1.4214781741247584
2014-11-23 05:00:00,15.6,90,0.0,4.8,103,-4.6769763109691285,1.079765060850553
2014-11-23 06:00:00,15.5,91,0.0,4.3,114,-3.9282454678631833,1.7489675652259418
2014-11-23 07:00:00,15.5,91,0.0,4.2,110,-3.9467090073008153,1.4364846019678092
2014-11-23 08:00:00,19.2,86,0.0,4.0,100,-3.939231012048832,0.6945927106677211
2014-11-23 09:00:00,23.9,66,0.0,0.4,90,-0.4,4.898587196589413e-17
2014-11-23 10:00:00,25.4,63,0.0,2.5,278,2.475670171853926,-0.3479327524001636
2014-11-23 11:00:00,26.4,60,0.0,5.7,288,5.421022142882375,-1.7613968679372003
2014-11-23 12:00:00,26.8,59,0.0,8.8,305,7.208537989743128,-5.047472639889206
2014-11-23 13:00:00,26.7,59,0.0,9.9,316,6.877117867544073,-7.121464023352646
2014-11-23 14:00:00,26.4,61,0.0,10.5,329,5.407899786555569,-9.00025665737218
2014-11-23 15:00:00,26.0,64,0.0,10.1,343,2.952954217699641,-9.658678035226657
2014-11-23 16:00:00,25.3,66,0.0,8.4,353,1.023702484603239,-8.337387673787106
2014-11-23 17:00:00,24.4,69,0.0,6.9,354,0.7212463965468089,-6.862201078041086
2014-11-23 18:00:00,23.4,74,0.0,6.5,6,-0.6794350112397468,-6.464392319893777
2014-11-23 19:00:00,22.7,77,0.0,4.3,42,-2.87726160734309,-3.195522749552796
2014-11-23 20:00:00,22.1,80,0.0,2.8,50,-2.1449244407331385,-1.7998053071223097
2014-11-23 21:00:00,21.8,81,0.0,1.9,22,-0.7117525274902333,-1.7616493236768958
2014-11-23 22:00:00,21.5,82,0.0,1.5,14,-0.36288284339950166,-1.4554435894139948
2014-11-23 23:00:00,21.1,84,0.0,0.7000000000000001,360,4.2862637970157366e-17,-0.7000000000000001
2014-11-24 00:00:00,21.0,85,0.0,0.0,270,0.0,0.0
2014-11-24 01:00:00,20.7,86,0.0,0.8,153,-0.36319239979163737,0.7128052193506944
2014-11-24 02:00:00,20.4,87,0.0,1.6,153,-0.7263847995832747,1.4256104387013888
2014-11-24 03:00:00,16.8,91,0.0,3.4,148,-1.8017254983928963,2.8833635269318485
2014-11-24 04:00:00,16.3,92,0.0,4.1,135,-2.8991378028648445,2.899137802864845
2014-11-24 05:00:00,16.1,91,0.0,4.1,128,-3.2308440897875594,2.5242120488351993
2014-11-24 06:00:00,15.9,91,0.0,6.5,124,-5.38874422160777,3.634753872559855
2014-11-24 07:00:00,16.2,91,0.0,5.0,120,-4.330127018922194,2.4999999999999996
2014-11-24 08:00:00,19.9,85,0.0,4.3,114,-3.9282454678631833,1.7489675652259418
2014-11-24 09:00:00,23.7,66,0.0,1.5,166,-0.36288284339950166,1.4554435894139948
2014-11-24 10:00:00,25.2,63,0.0,3.4,252,3.233592155403522,1.0506577808748212
2014-11-24 11:00:00,26.2,60,0.0,6.8,270,6.8,0.0
2014-11-24 12:00:00,26.7,58,0.0,8.5,282,8.314254606237348,-1.7672493719509543
2014-11-24 13:00:00,26.7,59,0.0,8.9,291,8.308865795825096,-3.1894747509531727
2014-11-24 14:00:00,26.3,60,0.0,8.4,301,7.200205325897744,-4.326319829244455
2014-11-24 15:00:00,25.9,62,0.0,6.6,311,4.981083229470295,-4.329989591337347
2014-11-24 16:00:00,25.2,65,0.0,5.4,323,3.2498011250210617,-4.312631754255381
2014-11-24 17:00:00,24.2,69,0.0,6.0,335,2.5357095704441965,-5.437846722219899
2014-11-24 18:00:00,22.3,80,0.0,7.2,3,-0.376818884949199,-7.190132650232932
2014-11-24 19:00:00,21.6,80,0.0,6.7,16,-1.8467702839738926,-6.440453362786737
2014-11-24 20:00:00,20.7,83,0.0,6.2,7,-0.7555899291119125,-6.153786140176197
2014-11-24 21:00:00,19.8,85,0.0,6.3,13,-1.417191642366351,-6.1385314081469815
2014-11-24 22:00:00,19.2,85,0.0,4.9,36,-2.880147736233119,-3.9641832724372423
2014-11-24 23:00:00,18.7,84,0.0,4.2,70,-3.9467090073008158,-1.4364846019678084
2014-11-25 00:00:00,18.1,83,0.0,4.7,86,-4.688551036221174,-0.3278554265973888
2014-11-25 01:00:00,16.0,89,0.0,4.3,95,-4.283637201794505,0.3747696938149302
2014-11-25 02:00:00,14.5,93,0.0,2.9,97,-2.8783838397598336,0.35342109587492787
2014-11-25 03:00:00,14.3,94,0.0,0.4,360,2.4492935982947065e-17,-0.4
2014-11-25 04:00:00,14.0,95,0.0,2.2,351,0.34415582308850806,-2.1729143493093033
2014-11-25 05:00:00,13.9,95,0.0,4.0,10,-0.6945927106677213,-3.939231012048832
2014-11-25 06:00:00,13.8,94,0.0,5.1,45,-3.606244584051393,-3.606244584051392
2014-11-25 07:00:00,14.5,92,0.0,6.6,49,-4.981083229470296,-4.3299895913373465
2014-11-25 08:00:00,18.7,82,0.0,5.4,37,-3.2498011250210608,-4.312631754255381
2014-11-25 09:00:00,22.7,61,0.0,6.0,17,-1.7542302283364226,-5.7378285357782115
2014-11-25 10:00:00,24.7,56,0.0,9.0,355,0.7844016847289232,-8.96575228282571
2014-11-25 11:00:00,25.8,55,0.0,11.0,349,2.098898949141994,-10.797899017924303
2014-11-25 12:00:00,26.4,54,0.0,11.5,346,2.782101799396178,-11.15840085217396
2014-11-25 13:00:00,26.6,53,0.0,11.3,343,3.303800263366926,-10.806243742382302
2014-11-25 14:00:00,26.4,55,0.0,10.8,345,2.795245687107224,-10.431998923921938
2014-11-25 15:00:00,25.9,58,0.0,10.5,352,1.4613175600806874,-10.397814721786489
2014-11-25 16:00:00,25.2,61,0.0,9.7,358,0.33852511801426044,-9.694091022085228
2014-11-25 17:00:00,24.0,65,0.0,9.7,358,0.33852511801426044,-9.694091022085228
2014-11-25 18:00:00,21.9,77,0.0,11.6,7,-1.413684383499707,-11.513535359039336
2014-11-25 19:00:00,20.1,86,0.0,12.2,19,-3.971931484377311,-11.535326622311665
2014-11-25 20:00:00,19.6,86,0.0,11.6,22,-4.3454364836245825,-10.755332712974733
2014-11-25 21:00:00,19.6,84,0.0,11.4,24,-4.636797731064121,-10.414418217125652
2014-11-25 22:00:00,19.4,84,0.0,12.1,23,-4.727846654720214,-11.138108726774528
2014-11-25 23:00:00,19.0,83,0.0,12.9,18,-3.9863192274368235,-12.26862906020748
2014-11-26 00:00:00,18.9,81,0.0,13.1,16,-3.6108493612026855,-12.592528216791978
2014-11-26 01:00:00,18.8,81,0.0,13.2,17,-3.8593065023401296,-12.623222778712066
2014-11-26 02:00:00,18.5,81,0.0,13.7,18,-4.233532822936781,-13.029474273243602
2014-11-26 03:00:00,16.9,83,0.0,13.3,19,-4.330056454280184,-12.575397055470916
2014-11-26 04:00:00,16.6,83,0.0,13.9,21,-4.98131449867968,-12.976767928311103
2014-11-26 05:00:00,16.3,82,0.0,14.2,24,-5.775660331676361,-12.972345498524934
2014-11-26 06:00:00,16.2,81,0.0,14.8,23,-5.782820701641253,-13.623471831096117
2014-11-26 07:00:00,16.5,80,0.0,13.6,22,-5.094649670456407,-12.609700422108308
2014-11-26 08:00:00,19.2,83,0.0,15.1,18,-4.666156615061708,-14.360953396056818
2014-11-26 09:00:00,23.7,57,0.0,17.0,13,-3.8241679238457094,-16.564291101348996
2014-11-26 10:00:00,25.2,52,0.0,17.7,12,-3.6800369274743483,-17.31321253298836
2014-11-26 11:00:00,26.4,48,0.0,18.2,9,-2.847107263732205,-17.975927798831506
2014-11-26 12:00:00,27.1,46,0.0,19.6,6,-2.048757880046006,-19.49262914921816
2014-11-26 13:00:00,27.1,47,0.0,20.7,8,-2.8808831898733627,-20.498549022950503
2014-11-26 14:00:00,26.8,49,0.0,20.4,8,-2.8391312595853426,-20.20146860232803
2014-11-26 15:00:00,26.6,52,0.0,21.0,7,-2.5592562115080906,-20.843469184467764
2014-11-26 16:00:00,25.4,58,0.0,20.6,6,-2.1532863433136593,-20.487151044586433
2014-11-26 17:00:00,23.7,65,0.0,17.7,5,-1.542656646633551,-17.632646156223895
2014-11-26 18:00:00,21.9,75,0.0,14.1,4,-0.9835662797921707,-14.06565310866352
2014-11-26 19:00:00,20.6,83,0.0,13.4,5,-1.1678869528186206,-13.34900895442939
2014-11-26 20:00:00,21.0,80,0.0,8.3,360,5.082284216461516e-16,-8.3
2014-11-26 21:00:00,20.8,81,0.0,6.1,360,3.735172737399427e-16,-6.1
2014-11-26 22:00:00,20.5,82,0.0,5.0,30,-2.500000000000002,-4.330127018922192
2014-11-26 23:00:00,19.8,84,0.0,6.1,28,-2.8637765329939335,-5.385980316439454
2014-11-27 00:00:00,19.3,86,0.0,7.0,35,-4.015035054457325,-5.734064310022941
2014-11-27 01:00:00,19.2,87,0.0,6.0,33,-3.267834210090162,-5.032023407672544
2014-11-27 02:00:00,19.1,87,0.0,6.4,27,-2.9055391983331003,-5.702441754805554
2014-11-27 03:00:00,19.8,79,0.0,7.6,25,-3.2118987892293136,-6.88793918147854
2014-11-27 04:00:00,19.6,79,0.0,8.8,35,-5.047472639889208,-7.208537989743126
2014-11-27 05:00:00,19.5,79,0.0,9.9,33,-5.3919264466487675,-8.302838622659698
2014-11-27 06:00:00,18.9,81,0.0,11.4,24,-4.636797731064121,-10.414418217125652
2014-11-27 07:00:00,19.6,79,0.0,9.1,34,-5.088655421583794,-7.54424191025088
2014-11-27 08:00:00,20.9,84,0.0,8.9,21,-3.1894747509531767,-8.308865795825096
2014-11-27 09:00:00,24.5,63,0.0,11.7,9,-1.830283240970703,-11.55595358496311
2014-11-27 10:00:00,26.2,58,0.0,12.4,10,-2.1532374030699364,-12.21161613735138
2014-11-27 11:00:00,27.2,56,0.0,12.1,10,-2.101142949769857,-11.916173811447717
2014-11-27 12:00:00,27.8,54,0.0,12.6,3,-0.6594330486610982,-12.58273213790763
2014-11-27 13:00:00,28.2,53,0.0,14.1,3,-0.7379369830255147,-14.080676440039491
2014-11-27 14:00:00,27.7,56,0.1,13.6,12,-2.8275989951215332,-13.302807369979755
2014-11-27 15:00:00,27.4,53,0.0,12.6,13,-2.834383284732702,-12.277062816293963
2014-11-27 16:00:00,26.9,54,0.0,12.3,5,-1.0720156357961965,-12.253194786528471
2014-11-27 17:00:00,25.3,62,0.3,11.9,358,0.41530401075976286,-11.89275084152724
2014-11-27 18:00:00,23.7,71,0.0,13.4,6,-1.400681407786555,-13.326593397934865
2014-11-27 19:00:00,22.6,77,0.0,11.3,9,-1.7677094549546108,-11.160878248725057
2014-11-27 20:00:00,22.2,80,0.0,9.9,341,3.223124729125852,-9.360633898433235
2014-11-27 21:00:00,21.6,83,0.0,10.0,345,2.5881904510252074,-9.659258262890683
2014-11-27 22:00:00,22.0,82,0.0,10.8,360,6.613092715395707e-16,-10.8
2014-11-27 23:00:00,21.8,83,0.0,9.7,15,-2.51054473749445,-9.369480515003962
2014-11-28 00:00:00,21.6,83,0.0,9.1,18,-2.8120546488120226,-8.654614298285896
2014-11-28 01:00:00,21.1,84,0.0,9.2,21,-3.296985135816766,-8.588939923774255
2014-11-28 02:00:00,20.4,86,0.0,9.0,29,-4.3632865822170315,-7.871577364254564
2014-11-28 03:00:00,21.0,81,0.0,8.4,20,-2.872969203935616,-7.8934180146016315
2014-11-28 04:00:00,21.2,80,0.0,9.8,6,-1.024378940023003,-9.74631457460908
2014-11-28 05:00:00,20.0,83,0.0,10.0,15,-2.5881904510252065,-9.659258262890683
2014-11-28 06:00:00,20.5,81,0.0,10.7,14,-2.5885642829164452,-10.382164271153162
2014-11-28 07:00:00,20.4,83,0.0,8.1,13,-1.8221035401853085,-7.892397524760404
2014-11-28 08:00:00,21.4,86,0.0,8.4,10,-1.458644692402215,-8.272385125302547
2014-11-28 09:00:00,24.0,73,0.0,8.6,360,5.265981236333618e-16,-8.6
2014-11-28 10:00:00,25.7,64,0.0,9.0,355,0.7844016847289232,-8.96575228282571
2014-11-28 11:00:00,26.8,58,0.0,9.1,351,1.4235536318661013,-8.987963899415753
2014-11-28 12:00:00,27.6,56,0.0,10.8,345,2.795245687107224,-10.431998923921938
2014-11-28 13:00:00,27.9,54,0.0,12.1,348,2.5157314588948894,-11.835585968879046
2014-11-28 14:00:00,28.0,54,0.0,13.9,350,2.413709669570333,-13.688827766869691
2014-11-28 15:00:00,27.0,60,0.0,15.0,350,2.604722665003956,-14.772116295183121
2014-11-28 16:00:00,26.1,65,0.0,15.5,356,1.0812253430339411,-15.462242779027275
2014-11-28 17:00:00,24.6,72,0.0,13.3,360,8.143901214329899e-16,-13.3
2014-11-28 18:00:00,23.3,79,0.0,12.2,14,-2.951447126315947,-11.837607860567156
2014-11-28 19:00:00,22.2,85,0.0,10.2,32,-5.405176495178691,-8.650090580795544
2014-11-28 20:00:00,21.8,88,0.0,8.8,19,-2.864999759222979,-8.320563465273988
2014-11-28 21:00:00,22.1,85,0.0,8.7,5,-0.7582549619046267,-8.666893873398186
2014-11-28 22:00:00,21.8,86,0.0,9.4,2,-0.3280552690035072,-9.394273773979501
2014-11-28 23:00:00,21.6,86,0.0,9.5,9,-1.4861274178821948,-9.383039235653808
2014-11-29 00:00:00,21.3,86,0.0,6.9,28,-3.239353783222646,-6.092338390726597
2014-11-29 01:00:00,20.6,87,0.0,4.1,38,-2.524212048835198,-3.2308440897875603
2014-11-29 02:00:00,19.5,89,0.0,4.2,31,-2.163159914622229,-3.600102662948871
2014-11-29 03:00:00,18.9,90,0.0,7.4,23,-2.8914103508206264,-6.811735915548058
2014-11-29 04:00:00,18.8,91,0.0,8.6,22,-3.2216167033768457,-7.97378114927437
2014-11-29 05:00:00,19.2,90,0.0,8.9,21,-3.1894747509531767,-8.308865795825096
2014-11-29 06:00:00,19.1,90,0.0,13.3,19,-4.330056454280184,-12.575397055470916
2014-11-29 07:00:00,20.1,86,0.0,10.1,27,-4.585304047369424,-8.999165894302514
2014-11-29 08:00:00,22.0,86,0.0,9.8,17,-2.8652427062828236,-9.371786608437747
2014-11-29 09:00:00,25.1,72,0.0,11.9,3,-0.6227978792910372,-11.88369146357943
2014-11-29 10:00:00,26.3,68,0.0,13.8,354,1.4424927930936178,-13.724402156082173
2014-11-29 11:00:00,27.2,65,0.0,15.3,345,3.9599313900685673,-14.778665142222746
2014-11-29 12:00:00,27.6,65,0.0,14.6,344,4.024305394928188,-14.034420760699456
2014-11-29 13:00:00,27.4,66,0.0,13.6,343,3.97625518422922,-13.005744681097282
2014-11-29 14:00:00,27.0,67,0.0,13.1,344,3.610849361202689,-12.592528216791978
2014-11-29 15:00:00,26.2,70,0.0,11.8,348,2.453357951649562,-11.542141688658907
2014-11-29 16:00:00,25.4,74,0.0,10.7,348,2.224655091750026,-10.46617932785172
2014-11-29 17:00:00,24.5,79,0.0,11.4,347,2.5644420195200603,-11.107818738551682
2014-11-29 18:00:00,23.8,83,0.0,10.8,358,0.3769145643870117,-10.793420931806235
2014-11-29 19:00:00,23.1,88,0.0,9.8,354,1.024378940023004,-9.746314574609078
2014-11-29 20:00:00,22.4,92,0.0,10.0,347,2.249510543438649,-9.743700647852352
2014-11-29 21:00:00,22.0,94,0.0,8.7,353,1.060263287624783,-8.6351515192795
2014-11-29 22:00:00,21.6,96,0.0,7.3,351,1.1419715947936857,-7.210124886344506
2014-11-29 23:00:00,21.3,96,0.0,7.8,347,1.7546182238821464,-7.6000865053248345
2014-11-30 00:00:00,21.2,97,0.0,8.7,353,1.060263287624783,-8.6351515192795
2014-11-30 01:00:00,20.9,97,0.0,8.3,360,5.082284216461516e-16,-8.3
2014-11-30 02:00:00,20.9,97,0.0,6.5,3,-0.340183715579138,-6.49109197590473
2014-11-30 03:00:00,21.5,94,0.0,6.1,360,3.735172737399427e-16,-6.1
2014-11-30 04:00:00,21.2,95,0.0,7.2,360,4.4087284769304716e-16,-7.2
2014-11-30 05:00:00,21.0,95,0.0,6.9,9,-1.0793978087775942,-6.81504955010645
2014-11-30 06:00:00,21.0,95,0.0,6.4,27,-2.9055391983331003,-5.702441754805554
2014-11-30 07:00:00,21.1,95,0.0,6.1,40,-3.9210044190878905,-4.672871103025765
2014-11-30 08:00:00,22.1,94,0.0,4.9,36,-2.880147736233119,-3.9641832724372423
2014-11-30 09:00:00,23.5,87,0.0,4.5,14,-1.088648530198505,-4.366330768241984
2014-11-30 10:00:00,24.7,81,0.0,5.1,4,-0.35575801609504043,-5.087576656325103
2014-11-30 11:00:00,26.2,74,0.0,6.3,347,1.4171916423663489,-6.1385314081469815
2014-11-30 12:00:00,27.3,69,0.0,8.7,336,3.5386087947594613,-7.947845481490627
2014-11-30 13:00:00,27.9,65,0.0,10.0,330,5.000000000000001,-8.660254037844386
2014-11-30 14:00:00,27.5,66,0.0,10.6,332,4.976398565530443,-9.359244484304625
2014-11-30 15:00:00,27.0,66,0.0,10.8,339,3.870373855089244,-10.08266860616978
2014-11-30 16:00:00,26.2,68,0.0,10.0,347,2.249510543438649,-9.743700647852352
2014-11-30 17:00:00,25.0,73,0.0,6.9,354,0.7212463965468089,-6.862201078041086
2014-11-30 18:00:00,23.9,78,0.0,7.7,11,-1.4692292643993936,-7.558529312547013
2014-11-30 19:00:00,22.7,84,0.0,7.6,31,-3.914289369316414,-6.514471485336052
2014-11-30 20:00:00,21.7,89,0.0,6.1,62,-5.385980316439453,-2.863776532993934
2014-11-30 21:00:00,21.6,88,0.0,4.7,86,-4.688551036221174,-0.3278554265973888
2014-11-30 22:00:00,21.3,88,0.0,3.9,68,-3.616017032810471,-1.460965714322057
2014-11-30 23:00:00,20.5,90,0.0,6.0,73,-5.737828535778212,-1.7542302283364206
2014-12-01 00:00:00,20.0,91,0.0,7.4,76,-7.180188374442374,-1.7902220274375396
2014-12-01 01:00:00,20.1,90,0.0,8.3,56,-6.881011852206848,-4.641301098807197
2014-12-01 02:00:00,19.7,91,0.0,12.7,15,-3.2870018728020116,-12.267257993871167
2014-12-01 03:00:00,20.7,88,0.5,21.6,3,-1.1304566548475972,-21.570397950698798
2014-12-01 04:00:00,20.5,90,0.2,28.5,10,-4.948973063507514,-28.067020960847927
2014-12-01 05:00:00,19.8,89,0.0,31.2,7,-3.802323514240592,-30.96743993120925
2014-12-01 06:00:00,19.2,86,0.0,33.9,12,-7.048206318722056,-33.15920366487601
2014-12-01 07:00:00,19.3,81,0.0,29.6,16,-8.158865732183168,-28.453346199774245
2014-12-01 08:00:00,20.3,75,0.0,28.9,11,-5.514379966382139,-28.36902560163749
2014-12-01 09:00:00,21.5,70,0.0,30.8,7,-3.753575776878533,-30.57042147055272
2014-12-01 10:00:00,21.9,67,0.0,30.7,4,-2.141523743944655,-30.625216342976604
2014-12-01 11:00:00,22.8,63,0.0,31.4,3,-1.6433490260284511,-31.356967391293615
2014-12-01 12:00:00,22.3,64,0.0,31.8,4,-2.2182558650631936,-31.72253679826241
2014-12-01 13:00:00,21.5,67,0.2,32.8,3,-1.716619364768573,-32.75504873995002
2014-12-01 14:00:00,20.8,70,0.1,33.9,3,-1.774188916635812,-33.85354122818005
2014-12-01 15:00:00,21.4,65,0.0,33.2,5,-2.893570659222254,-33.07366397664595
2014-12-01 16:00:00,20.7,66,0.0,31.8,5,-2.7715526193755324,-31.67899139931751
2014-12-01 17:00:00,20.0,67,0.0,31.0,4,-2.162450686067893,-30.92448555805455
2014-12-01 18:00:00,19.4,69,0.2,29.5,9,-4.614816718686815,-29.13680604755656
2014-12-01 19:00:00,18.7,73,0.3,26.1,6,-2.7281928912857527,-25.957021469111936
2014-12-01 20:00:00,18.0,79,0.4,27.8,4,-1.939229970086691,-27.732280597223113
2014-12-01 21:00:00,17.3,86,0.4,27.9,7,-3.400154681003606,-27.692037630792885
2014-12-01 22:00:00,17.3,84,0.0,27.2,6,-2.8431742008801715,-27.050995554017035
2014-12-01 23:00:00,17.2,85,0.4,27.6,7,-3.363593877982062,-27.39427378530049
2014-12-02 00:00:00,16.6,89,1.1,28.2,4,-1.9671325595843414,-28.13130621732704
2014-12-02 01:00:00,16.4,89,2.0,30.0,5,-2.6146722824297477,-29.885840942752367
2014-12-02 02:00:00,16.3,90,2.3,28.0,12,-5.821527342897274,-27.388132820546556
2014-12-02 03:00:00,16.5,88,2.4,24.6,12,-5.114627594116891,-24.06243097805162
2014-12-02 04:00:00,16.6,89,2.3,23.4,10,-4.06336735740617,-23.044501420485666
2014-12-02 05:00:00,16.6,89,1.3,21.8,8,-3.033973600929435,-21.58784389856623
2014-12-02 06:00:00,16.7,89,0.3,19.8,10,-3.4382339178052206,-19.49919350964172
2014-12-02 07:00:00,17.0,89,0.0,20.9,11,-3.9879080033697822,-20.516008134056175
2014-12-02 08:00:00,17.5,86,0.0,21.0,12,-4.366145507172956,-20.541099615409916
2014-12-02 09:00:00,17.8,84,0.0,23.5,5,-2.048159954569969,-23.41057540515602
2014-12-02 10:00:00,17.9,82,0.0,25.6,4,-1.7857657278496148,-25.537639686651502
2014-12-02 11:00:00,18.3,79,0.0,25.2,3,-1.3188660973221964,-25.16546427581526
2014-12-02 12:00:00,18.6,76,0.0,25.1,8,-3.4932448340976525,-24.855728525413415
2014-12-02 13:00:00,18.5,76,0.0,24.1,9,-3.770070607469568,-23.80328900834282
2014-12-02 14:00:00,18.5,75,0.0,23.5,5,-2.048159954569969,-23.41057540515602
2014-12-02 15:00:00,18.9,72,0.0,22.4,5,-1.9522886375475446,-22.314761237255098
2014-12-02 16:00:00,18.7,72,0.0,21.0,5,-1.8302705977008231,-20.920088659926655
2014-12-02 17:00:00,18.2,73,0.0,19.9,4,-1.388153827508099,-19.8515246001705
2014-12-02 18:00:00,17.8,75,0.0,18.4,6,-1.9233237241248218,-18.299202874776228
2014-12-02 19:00:00,17.7,76,0.0,17.7,6,-1.8501537998374644,-17.60303754801844
2014-12-02 20:00:00,17.4,78,0.0,16.8,10,-2.91728938480443,-16.544770250605094
2014-12-02 21:00:00,16.7,84,0.0,14.6,10,-2.535263393937183,-14.378193193978237
2014-12-02 22:00:00,17.1,83,0.0,14.8,4,-1.0323958114130587,-14.763947943845398
2014-12-02 23:00:00,17.8,79,0.0,13.7,5,-1.194033675642918,-13.647867363856914
2014-12-03 00:00:00,17.9,81,0.0,10.8,4,-0.7533699164365563,-10.773691742806102
2014-12-03 01:00:00,18.1,81,0.0,9.4,360,5.755839955992561e-16,-9.4
2014-12-03 02:00:00,18.3,80,0.0,10.2,8,-1.4195656297926713,-10.100734301164016
2014-12-03 03:00:00,17.9,81,0.0,9.3,16,-2.56342740909809,-8.939733772226367
2014-12-03 04:00:00,16.8,87,0.0,11.5,4,-0.8021994480574441,-11.471986577987979
2014-12-03 05:00:00,16.8,88,0.0,10.0,15,-2.5881904510252065,-9.659258262890683
2014-12-03 06:00:00,18.1,80,0.0,9.6,56,-7.958760696528401,-5.368251873319168
2014-12-03 07:00:00,18.2,80,0.0,6.6,68,-6.1194134401407965,-2.472403516545019
2014-12-03 08:00:00,18.0,88,0.0,2.9,7,-0.35342109587492676,-2.878383839759834
2014-12-03 09:00:00,19.0,84,0.1,3.8,311,2.8678964048465336,-2.4930243101639276
2014-12-03 10:00:00,19.7,79,0.2,5.5,302,4.664264528860342,-2.914555953282627
2014-12-03 11:00:00,20.2,79,0.1,6.2,280,6.10580806867569,-1.0766187015349682
2014-12-03 12:00:00,20.3,80,0.0,6.5,273,6.49109197590473,-0.3401837155791349
2014-12-03 13:00:00,20.8,77,0.0,6.3,294,5.755336383148386,-2.5624408513775414
2014-12-03 14:00:00,21.1,76,0.0,7.8,326,4.361704647071825,-6.466493065929326
2014-12-03 15:00:00,21.7,71,0.0,8.7,343,2.5436338310878095,-8.319851376878407
2014-12-03 16:00:00,21.3,73,0.0,8.2,345,2.12231616984067,-7.92059177557036
2014-12-03 17:00:00,20.7,76,0.0,7.3,349,1.3929056662487778,-7.165878439167947
2014-12-03 18:00:00,19.8,81,0.0,9.0,2,-0.31409547032250684,-8.994517443171862
2014-12-03 19:00:00,19.2,84,0.0,12.6,355,1.0981623586204925,-12.552053195955994
2014-12-03 20:00:00,18.8,87,0.0,13.7,355,1.1940336756429164,-13.647867363856914
2014-12-03 21:00:00,18.6,90,0.4,11.3,351,1.7677094549546095,-11.160878248725057
2014-12-03 22:00:00,18.5,92,0.6,13.4,333,6.0834726965099275,-11.93948742412413
2014-12-03 23:00:00,18.5,94,1.2,16.7,341,5.436988179434517,-15.790160212508589
2014-12-04 00:00:00,18.3,95,1.2,16.9,358,0.5898014942722682,-16.889704976622717
2014-12-04 01:00:00,18.3,95,1.4,18.0,1,-0.31414331587110295,-17.997258512815044
2014-12-04 02:00:00,18.1,96,1.4,21.2,360,1.2981256070961944e-15,-21.2
2014-12-04 03:00:00,18.4,97,2.1,25.9,1,-0.45201732672564254,-25.896055304550533
2014-12-04 04:00:00,17.8,95,2.2,32.3,7,-3.936379791986253,-32.0592406980147
2014-12-04 05:00:00,16.9,93,1.0,31.6,12,-6.5700094298412095,-30.90946418318826
2014-12-04 06:00:00,16.5,92,0.3,30.0,10,-5.2094453300079095,-29.544232590366242
2014-12-04 07:00:00,16.4,89,0.0,31.2,7,-3.802323514240592,-30.96743993120925
2014-12-04 08:00:00,17.1,85,0.0,32.6,6,-3.4076279025255,-32.42141378900571
2014-12-04 09:00:00,17.3,82,0.4,32.9,4,-2.2949879861817313,-32.819857253548214
2014-12-04 10:00:00,16.9,84,0.6,30.1,8,-4.189110338897982,-29.807068869121267
2014-12-04 11:00:00,17.5,81,0.0,29.6,4,-2.0647916228261174,-29.527895887690796
2014-12-04 12:00:00,18.2,76,0.0,32.4,1,-0.5654579685679854,-32.39506532306707
2014-12-04 13:00:00,17.6,76,0.0,32.9,5,-2.867423936397956,-32.77480556721843
2014-12-04 14:00:00,17.9,75,0.0,29.5,8,-4.105606478321942,-29.212908027876324
2014-12-04 15:00:00,18.2,73,0.0,30.3,4,-2.113621154447005,-30.226190722872673
2014-12-04 16:00:00,17.5,74,0.0,33.2,3,-1.7375537472657512,-33.154500553851854
2014-12-04 17:00:00,16.6,73,0.0,35.0,3,-1.8317584685030508,-34.952033716410085
2014-12-04 18:00:00,15.9,72,0.0,33.9,2,-1.1830929382147757,-33.87934903594734
2014-12-04 19:00:00,15.6,71,0.0,32.8,1,-0.5724389311428987,-32.79500440112963
2014-12-04 20:00:00,15.6,70,0.0,32.0,359,0.5584770059930751,-31.99512624500452
2014-12-04 21:00:00,15.7,69,0.0,31.3,1,-0.5462603214869735,-31.295232858395046
2014-12-04 22:00:00,15.7,68,0.0,28.8,1,-0.5026293053937647,-28.79561362050407
2014-12-04 23:00:00,15.7,68,0.0,26.7,2,-0.9318165619567703,-26.683735081409857
2014-12-05 00:00:00,15.9,68,0.0,25.3,6,-2.64457012067163,-25.161403952817317
2014-12-05 01:00:00,15.9,69,0.0,23.6,7,-2.8761165043614736,-23.4240891787352
2014-12-05 02:00:00,15.8,71,0.0,23.1,4,-1.611374543489301,-23.04372956100194
2014-12-05 03:00:00,16.1,66,0.0,25.7,5,-2.2399025886148167,-25.60220374095786
2014-12-05 04:00:00,15.7,69,0.0,25.7,6,-2.6863815059786913,-25.559212710964626
2014-12-05 05:00:00,15.3,70,0.0,25.3,6,-2.64457012067163,-25.161403952817317
2014-12-05 06:00:00,15.3,71,0.0,26.5,8,-3.6880871754417446,-26.24210382165161
2014-12-05 07:00:00,15.2,72,0.0,25.2,10,-4.375934077206645,-24.817155375907642
2014-12-05 08:00:00,15.7,71,0.0,25.2,2,-0.8794673169030192,-25.184648840881213
2014-12-05 09:00:00,16.5,69,0.0,27.9,6,-2.9163441251675284,-27.74716088077483
2014-12-05 10:00:00,18.0,66,0.0,27.6,8,-3.841177586497817,-27.33139869726734
2014-12-05 11:00:00,19.1,63,0.0,28.9,5,-2.518800965407323,-28.790026774851444
2014-12-05 12:00:00,19.8,61,0.0,31.1,5,-2.710543599452172,-30.98165511065329
2014-12-05 13:00:00,19.9,60,0.0,31.5,5,-2.745405896551235,-31.380132989889983
2014-12-05 14:00:00,19.5,60,0.0,30.8,6,-3.2194766686437237,-30.631274377342823
2014-12-05 15:00:00,18.6,59,0.0,30.1,6,-3.1463067443563664,-29.93510905058503
2014-12-05 16:00:00,17.8,61,0.0,28.0,7,-3.4123416153441206,-27.791292245957017
2014-12-05 17:00:00,16.6,65,0.0,24.7,8,-3.4375755937136256,-24.459621297916783
2014-12-05 18:00:00,15.7,68,0.0,22.1,7,-2.6933124892537528,-21.93526995127322
2014-12-05 19:00:00,15.3,69,0.0,21.7,6,-2.2682676529080776,-21.581125129491532
2014-12-05 20:00:00,14.2,76,0.0,19.9,6,-2.0801164190263015,-19.79098571782864
2014-12-05 21:00:00,14.3,72,0.0,17.8,8,-2.4772811970891717,-17.62677162359995
2014-12-05 22:00:00,14.8,70,0.0,16.4,9,-2.5655252266597888,-16.198088785760255
2014-12-05 23:00:00,15.0,69,0.0,16.3,5,-1.4206386067868295,-16.237973578895453
2014-12-06 00:00:00,15.0,70,0.0,16.8,9,-2.6280990126758814,-16.593164121998313
2014-12-06 01:00:00,15.0,71,0.0,16.6,13,-3.7341875021081634,-16.174543075434904
2014-12-06 02:00:00,14.9,73,0.0,16.4,15,-4.244632339681338,-15.84118355114072
2014-12-06 03:00:00,14.1,76,0.0,17.0,13,-3.8241679238457094,-16.564291101348996
2014-12-06 04:00:00,13.3,79,0.0,18.4,12,-3.82557511104678,-17.997915853502022
2014-12-06 05:00:00,13.3,79,0.0,18.8,12,-3.908739787373884,-18.389174893795545
2014-12-06 06:00:00,13.6,78,0.0,18.2,14,-4.402978499913954,-17.659382218223136
2014-12-06 07:00:00,14.0,77,0.0,18.7,16,-5.154418553777879,-17.975593714046564
2014-12-06 08:00:00,15.1,81,0.0,18.0,16,-4.9614724047059795,-17.302710526889744
2014-12-06 09:00:00,17.8,66,0.0,16.8,15,-4.348159957722347,-16.22755388165635
2014-12-06 10:00:00,18.8,63,0.0,14.5,7,-1.767105479374634,-14.39191919879917
2014-12-06 11:00:00,19.5,61,0.0,14.0,359,0.24433369012197037,-13.997867732189478
2014-12-06 12:00:00,19.9,61,0.0,15.5,355,1.3509140125887011,-15.441017820422056
2014-12-06 13:00:00,19.9,61,0.0,17.7,356,1.2346895852710165,-17.65688368959889
2014-12-06 14:00:00,19.7,62,0.0,19.1,1,-0.33334096295211485,-19.097090977487074
2014-12-06 15:00:00,19.7,61,0.0,19.1,4,-1.3323486485127987,-19.053473359962645
2014-12-06 16:00:00,19.1,63,0.0,18.1,7,-2.205835115633164,-17.96508534470793
2014-12-06 17:00:00,18.2,67,0.0,16.7,7,-2.0352180348659576,-16.575520732410077
2014-12-06 18:00:00,16.9,75,0.0,15.0,11,-2.8621349306481694,-14.72440775171496
2014-12-06 19:00:00,16.2,81,0.0,12.6,20,-4.3094538059034235,-11.840127021902445
2014-12-06 20:00:00,16.6,76,0.0,11.3,17,-3.3038002633669294,-10.8062437423823
2014-12-06 21:00:00,16.8,75,0.0,11.1,13,-2.496956703216904,-10.815507719116109
2014-12-06 22:00:00,16.9,75,0.0,10.0,15,-2.5881904510252065,-9.659258262890683
2014-12-06 23:00:00,16.6,77,0.0,8.8,12,-1.8296228791962863,-8.60769888645749
2014-12-07 00:00:00,16.5,78,0.0,8.8,12,-1.8296228791962863,-8.60769888645749
2014-12-07 01:00:00,16.4,78,0.0,7.3,20,-2.49674704627738,-6.859756131737131
2014-12-07 02:00:00,16.7,78,0.0,6.2,36,-3.644268564213334,-5.015905365124674
2014-12-07 03:00:00,17.1,80,0.2,4.2,70,-3.9467090073008158,-1.4364846019678084
2014-12-07 04:00:00,17.1,80,0.1,2.1,121,-1.8000513314744357,1.0815799573111142
2014-12-07 05:00:00,16.4,84,0.0,1.8,169,-0.34345619167778063,1.7669289302057951
2014-12-07 06:00:00,16.5,83,0.0,5.4,176,-0.3766849582182768,5.386845871403051
2014-12-07 07:00:00,16.8,82,0.0,4.3,138,-2.8772616073430903,3.195522749552795
2014-12-07 08:00:00,16.5,93,0.0,4.2,121,-3.6001026629488715,2.1631599146222285
2014-12-07 09:00:00,18.6,82,0.0,2.3,108,-2.1874299874788528,0.7107390870623792
2014-12-07 10:00:00,19.6,76,0.0,1.8,349,0.34345619167778085,-1.7669289302057951
2014-12-07 11:00:00,20.4,73,0.0,2.6,326,1.4539015490239418,-2.1554976886431088
2014-12-07 12:00:00,21.2,70,0.0,4.3,312,3.195522749552795,-2.8772616073430903
2014-12-07 13:00:00,21.3,69,0.0,7.1,319,4.658019105832602,-5.358438019581681
2014-12-07 14:00:00,21.2,67,0.0,10.1,333,4.585304047369423,-8.999165894302514
2014-12-07 15:00:00,20.8,69,0.0,10.7,348,2.224655091750026,-10.46617932785172
2014-12-07 16:00:00,20.1,71,0.0,11.2,2,-0.3908743630680085,-11.193177262613872
2014-12-07 17:00:00,19.3,75,0.0,10.7,12,-2.2246550917500296,-10.46617932785172
2014-12-07 18:00:00,18.1,85,0.0,11.6,22,-4.3454364836245825,-10.755332712974733
2014-12-07 19:00:00,17.7,83,0.0,12.3,21,-4.407925779407199,-11.483039245915581
2014-12-07 20:00:00,17.9,80,0.0,12.7,15,-3.2870018728020116,-12.267257993871167
2014-12-07 21:00:00,18.0,79,0.0,12.3,15,-3.1834742547610038,-11.88088766335554
2014-12-07 22:00:00,17.8,79,0.0,13.0,14,-3.144984642795681,-12.613844441587954
2014-12-07 23:00:00,17.7,79,0.0,12.9,13,-2.901868601035862,-12.569373835729534
2014-12-08 00:00:00,17.4,80,0.0,13.6,11,-2.5950023371210067,-13.35012969488823
2014-12-08 01:00:00,17.2,81,0.0,15.4,11,-2.938458528798787,-15.117058625094026
2014-12-08 02:00:00,17.2,81,0.0,16.6,13,-3.7341875021081634,-16.174543075434904
2014-12-08 03:00:00,15.3,89,0.0,17.1,15,-4.425805671253103,-16.51733162954307
2014-12-08 04:00:00,15.4,89,0.0,18.1,13,-4.071614083623961,-17.63609817261276
2014-12-08 05:00:00,15.1,90,0.0,18.4,11,-3.5108855149284204,-18.061940175437016
2014-12-08 06:00:00,15.3,88,0.0,18.4,11,-3.5108855149284204,-18.061940175437016
2014-12-08 07:00:00,15.8,86,0.0,19.8,12,-4.116651478191644,-19.36732249452935
2014-12-08 08:00:00,17.0,89,0.0,22.6,8,-3.145312081697488,-22.380058353559487
2014-12-08 09:00:00,20.4,71,0.0,25.1,8,-3.4932448340976525,-24.855728525413415
2014-12-08 10:00:00,21.7,65,0.0,26.1,7,-3.180789862874341,-25.905454557838507
2014-12-08 11:00:00,22.4,62,0.0,27.8,5,-2.4229296483848994,-27.694212606950526
2014-12-08 12:00:00,22.7,61,0.0,28.2,5,-2.4577919454839625,-28.092690486187223
2014-12-08 13:00:00,22.8,61,0.0,28.6,6,-2.989514049454886,-28.44332620753262
2014-12-08 14:00:00,22.4,63,0.0,29.0,7,-3.534210958749268,-28.78383839759834
2014-12-08 15:00:00,22.1,64,0.0,29.1,8,-4.0499372379379155,-28.816800800379696
2014-12-08 16:00:00,21.1,68,0.0,27.6,7,-3.363593877982062,-27.39427378530049
2014-12-08 17:00:00,19.8,71,0.0,27.6,7,-3.363593877982062,-27.39427378530049
2014-12-08 18:00:00,18.7,75,0.0,27.3,8,-3.799425656209797,-27.034318276644868
2014-12-08 19:00:00,18.1,77,0.0,26.2,9,-4.098582984054053,-25.877434523592605
2014-12-08 20:00:00,17.7,78,0.0,23.6,8,-3.2844851826575536,-23.37032642230106
2014-12-08 21:00:00,16.9,84,0.0,21.0,7,-2.5592562115080906,-20.843469184467764
2014-12-08 22:00:00,16.9,82,0.0,19.6,6,-2.048757880046006,-19.49262914921816
2014-12-08 23:00:00,16.9,81,0.0,19.0,10,-3.2993153756716764,-18.711347307231954
2014-12-09 00:00:00,17.3,80,0.0,18.7,11,-3.568128213541384,-18.356428330471317
2014-12-09 01:00:00,17.2,80,0.0,18.5,13,-4.161594505361507,-18.02584619852685
2014-12-09 02:00:00,17.0,80,0.0,19.3,14,-4.669092585073589,-18.726707517126734
2014-12-09 03:00:00,16.3,80,0.0,18.9,13,-4.251574927099053,-18.41559422444094
2014-12-09 04:00:00,16.3,80,0.0,19.2,13,-4.3190602434022125,-18.707905243876514
2014-12-09 05:00:00,16.6,79,0.0,19.6,14,-4.741669153753489,-19.01779623500953
2014-12-09 06:00:00,16.6,79,0.0,19.2,13,-4.3190602434022125,-18.707905243876514
2014-12-09 07:00:00,17.3,76,0.0,18.2,18,-5.624109297624045,-17.309228596571792
2014-12-09 08:00:00,18.4,76,0.0,17.9,19,-5.827669964783103,-16.92478250322777
2014-12-09 09:00:00,20.9,68,0.0,16.4,15,-4.244632339681338,-15.84118355114072
2014-12-09 10:00:00,22.4,64,0.0,15.4,11,-2.938458528798787,-15.117058625094026
2014-12-09 11:00:00,23.3,62,0.0,15.5,4,-1.0812253430339465,-15.462242779027275
2014-12-09 12:00:00,23.8,61,0.0,16.6,359,0.2897099468589078,-16.597471739596095
2014-12-09 13:00:00,23.6,62,0.0,18.0,359,0.3141433158711048,-17.997258512815044
2014-12-09 14:00:00,23.1,65,0.0,18.7,2,-0.6526205883367642,-18.68860846525709
2014-12-09 15:00:00,23.0,67,0.0,17.4,6,-1.8187952608571683,-17.304680979407955
2014-12-09 16:00:00,22.2,71,0.0,14.9,7,-1.815853216736693,-14.7889376594557
2014-12-09 17:00:00,21.1,79,0.2,12.0,7,-1.462432120861766,-11.910553819695865
2014-12-09 18:00:00,19.8,90,0.3,12.4,10,-2.1532374030699364,-12.21161613735138
2014-12-09 19:00:00,19.5,91,0.5,11.6,5,-1.0110066158728357,-11.555858497864248
2014-12-09 20:00:00,19.0,92,0.5,15.1,3,-0.790272939268459,-15.079305974794064
2014-12-09 21:00:00,18.9,93,0.5,18.1,7,-2.205835115633164,-17.96508534470793
2014-12-09 22:00:00,18.9,92,0.4,17.2,10,-2.9867486558712018,-16.938693351809977
2014-12-09 23:00:00,18.7,93,0.3,15.3,9,-2.393447315115535,-15.111631611105606
2014-12-10 00:00:00,18.6,94,0.2,14.8,6,-1.5470212563612697,-14.718924051450447
2014-12-10 01:00:00,18.5,94,0.2,13.0,5,-1.1330246557195571,-12.950531075192693
2014-12-10 02:00:00,18.4,94,0.0,13.0,358,0.453693457132514,-12.992080751248245
2014-12-10 03:00:00,18.2,94,0.4,12.2,360,7.470345474798854e-16,-12.2
2014-12-10 04:00:00,18.1,95,0.3,13.7,358,0.4781231048242648,-13.691654330161612
2014-12-10 05:00:00,18.1,95,0.3,14.0,1,-0.24433369012196898,-13.997867732189478
2014-12-10 06:00:00,18.3,95,0.2,16.3,6,-1.70381395126275,-16.210706894502856
2014-12-10 07:00:00,18.3,95,0.2,15.9,6,-1.6620025659556885,-15.812898136355548
2014-12-10 08:00:00,19.0,95,0.1,17.3,1,-0.3019266313650045,-17.29736512620557
2014-12-10 09:00:00,20.0,94,0.5,18.8,3,-0.983915977367353,-18.77423525338599
2014-12-10 10:00:00,20.7,91,0.2,19.1,1,-0.33334096295211485,-19.097090977487074
2014-12-10 11:00:00,21.3,89,0.3,20.2,359,0.3525386100331287,-20.196923442159104
2014-12-10 12:00:00,21.4,89,0.4,20.5,358,0.7154396824012721,-20.487511953891463
2014-12-10 13:00:00,21.1,90,0.5,21.2,360,1.2981256070961944e-15,-21.2
2014-12-10 14:00:00,20.8,91,0.4,21.6,3,-1.1304566548475972,-21.570397950698798
2014-12-10 15:00:00,21.2,86,0.0,21.3,4,-1.4858128907498749,-21.248114270534256
2014-12-10 16:00:00,20.8,87,0.0,20.5,3,-1.0728871029803584,-20.471905462468765
2014-12-10 17:00:00,20.1,89,0.0,20.5,2,-0.7154396824012657,-20.487511953891463
2014-12-10 18:00:00,19.5,91,0.0,20.9,4,-1.4579103012522245,-20.849088650430325
2014-12-10 19:00:00,19.4,91,0.0,21.3,6,-2.2264562676010167,-21.183316371344223
2014-12-10 20:00:00,19.0,92,0.0,22.0,360,1.3471114790620886e-15,-22.0
2014-12-10 21:00:00,18.8,93,0.0,22.3,1,-0.389188663551422,-22.296603601987528
2014-12-10 22:00:00,18.6,92,0.0,21.3,6,-2.2264562676010167,-21.183316371344223
2014-12-10 23:00:00,18.5,91,0.0,20.0,7,-2.4373868681029434,-19.850923032826444
2014-12-11 00:00:00,18.5,90,0.0,20.7,8,-2.8808831898733627,-20.498549022950503
2014-12-11 01:00:00,18.2,90,0.0,22.2,8,-3.089642841313461,-21.98395112606286
2014-12-11 02:00:00,17.9,90,0.0,22.9,7,-2.79080796397787,-22.729306872586275
2014-12-11 03:00:00,18.3,90,0.0,23.6,7,-2.8761165043614736,-23.4240891787352
2014-12-11 04:00:00,18.2,89,0.0,23.9,6,-2.498230272096915,-23.769073299301734
2014-12-11 05:00:00,18.3,88,0.0,23.2,7,-2.827368766999414,-23.027070718078672
2014-12-11 06:00:00,18.3,87,0.0,22.8,6,-2.383248962502497,-22.675099214396635
2014-12-11 07:00:00,18.4,86,0.0,22.4,5,-1.9522886375475446,-22.314761237255098
2014-12-11 08:00:00,18.9,84,0.0,23.8,4,-1.6602040751101887,-23.742024396183815
2014-12-11 09:00:00,19.5,81,0.0,24.6,5,-2.144031271592393,-24.506389573056943
2014-12-11 10:00:00,20.1,78,0.0,23.9,7,-2.9126773073830172,-23.721853024227595
2014-12-11 11:00:00,20.5,76,0.0,23.5,5,-2.048159954569969,-23.41057540515602
2014-12-11 12:00:00,20.7,76,0.0,23.2,7,-2.827368766999414,-23.027070718078672
2014-12-11 13:00:00,20.6,76,0.2,22.8,6,-2.383248962502497,-22.675099214396635
2014-12-11 14:00:00,19.8,79,0.2,23.2,6,-2.425060347809558,-23.07290797254394
2014-12-11 15:00:00,20.2,77,0.0,25.0,6,-2.613211581691334,-24.863047384206833
2014-12-11 16:00:00,19.4,79,0.0,26.8,7,-3.2660984032579443,-26.600236863987433
2014-12-11 17:00:00,18.7,81,0.1,26.5,8,-3.6880871754417446,-26.24210382165161
2014-12-11 18:00:00,18.2,82,0.1,26.1,7,-3.180789862874341,-25.905454557838507
2014-12-11 19:00:00,17.9,82,0.0,27.4,4,-1.9113273805890407,-27.333254977119182
2014-12-11 20:00:00,17.7,80,0.0,28.8,3,-1.507275539796796,-28.760530600931727
2014-12-11 21:00:00,17.6,79,0.0,28.9,4,-2.015962091205229,-28.829601052508917
2014-12-11 22:00:00,17.5,79,0.0,27.8,4,-1.939229970086691,-27.732280597223113
2014-12-11 23:00:00,17.4,78,0.0,27.4,4,-1.9113273805890407,-27.333254977119182
2014-12-12 00:00:00,17.4,78,0.0,27.4,3,-1.434005201056674,-27.362449252275322
2014-12-12 01:00:00,17.2,78,0.0,27.8,3,-1.4549395835538517,-27.761901066177153
2014-12-12 02:00:00,17.0,80,0.2,28.1,4,-1.960156912209929,-28.031549812301062
2014-12-12 03:00:00,16.9,78,0.1,27.8,4,-1.939229970086691,-27.732280597223113
2014-12-12 04:00:00,16.7,80,0.0,27.8,4,-1.939229970086691,-27.732280597223113
2014-12-12 05:00:00,16.5,80,0.1,29.2,4,-2.036889033328467,-29.128870267586866
2014-12-12 06:00:00,16.4,80,0.0,29.7,6,-3.1044953590493045,-29.53730029243772
2014-12-12 07:00:00,16.3,80,0.0,30.0,6,-3.135853898029601,-29.835656861048204
2014-12-12 08:00:00,16.4,79,0.0,30.1,6,-3.1463067443563664,-29.93510905058503
2014-12-12 09:00:00,16.6,79,0.0,30.0,5,-2.6146722824297477,-29.885840942752367
2014-12-12 10:00:00,16.6,78,0.1,30.3,3,-1.5857794741612126,-30.258474903063586
2014-12-12 11:00:00,16.6,77,0.0,31.0,2,-1.0818843977775237,-30.98111563759197
2014-12-12 12:00:00,16.3,77,0.1,32.1,3,-1.6799841953985124,-32.056008065621825
2014-12-12 13:00:00,16.1,77,0.2,31.4,4,-2.1903532755655433,-31.32351117815848
2014-12-12 14:00:00,15.6,78,0.2,31.7,3,-1.6590498129013345,-31.65655625171999
2014-12-12 15:00:00,15.5,78,0.1,31.4,4,-2.1903532755655433,-31.32351117815848
2014-12-12 16:00:00,15.0,79,0.1,30.0,5,-2.6146722824297477,-29.885840942752367
2014-12-12 17:00:00,14.7,78,0.0,29.6,4,-2.0647916228261174,-29.527895887690796
2014-12-12 18:00:00,14.4,77,0.0,28.5,2,-0.9946356560212717,-28.48263857004423
2014-12-12 19:00:00,14.3,76,0.0,29.2,3,-1.5282099222939738,-29.159982414833554
2014-12-12 20:00:00,14.4,74,0.0,27.8,3,-1.4549395835538517,-27.761901066177153
2014-12-12 21:00:00,14.5,72,0.0,27.0,3,-1.4130708185594962,-26.962997438373492
2014-12-12 22:00:00,14.6,71,0.0,27.8,3,-1.4549395835538517,-27.761901066177153
2014-12-12 23:00:00,14.7,70,0.0,28.1,4,-1.960156912209929,-28.031549812301062
2014-12-13 00:00:00,14.8,70,0.0,26.7,5,-2.3270583313624753,-26.598398439049607
2014-12-13 01:00:00,14.8,70,0.0,26.3,2,-0.91785676327577,-26.28397875060222
2014-12-13 02:00:00,14.7,70,0.0,27.4,2,-0.9562462096485208,-27.383308660323223
2014-12-13 03:00:00,15.0,69,0.0,27.8,3,-1.4549395835538517,-27.761901066177153
2014-12-13 04:00:00,14.6,70,0.0,27.4,4,-1.9113273805890407,-27.333254977119182
2014-12-13 05:00:00,14.6,70,0.0,27.1,5,-2.361920628461539,-26.996876318286304
2014-12-13 06:00:00,14.6,70,0.0,26.4,6,-2.7595514302660487,-26.255378037722416
2014-12-13 07:00:00,14.7,71,0.0,25.7,6,-2.6863815059786913,-25.559212710964626
2014-12-13 08:00:00,15.1,71,0.0,23.9,7,-2.9126773073830172,-23.721853024227595
2014-12-13 09:00:00,15.7,70,0.0,23.1,4,-1.611374543489301,-23.04372956100194
2014-12-13 10:00:00,17.0,67,0.0,22.7,4,-1.5834719539916506,-22.644703940898008
2014-12-13 11:00:00,17.8,66,0.0,23.8,3,-1.2455957585820745,-23.76738292715886
2014-12-13 12:00:00,18.7,64,0.0,24.9,3,-1.303165310449313,-24.86587541538889
2014-12-13 13:00:00,18.7,64,0.0,27.0,3,-1.4130708185594962,-26.962997438373492
2014-12-13 14:00:00,18.5,64,0.0,28.9,4,-2.015962091205229,-28.829601052508917
2014-12-13 15:00:00,17.7,63,0.0,29.2,4,-2.036889033328467,-29.128870267586866
2014-12-13 16:00:00,16.7,65,0.0,28.5,4,-1.988059501707579,-28.43057543240499
2014-12-13 17:00:00,15.8,66,0.0,25.3,4,-1.7648387857263772,-25.238370471573553
2014-12-13 18:00:00,14.9,69,0.0,23.5,4,-1.639277132986951,-23.44275518110587
2014-12-13 19:00:00,14.7,70,0.0,21.3,3,-1.1147558679747138,-21.270809090272422
2014-12-13 20:00:00,14.3,73,0.0,19.9,4,-1.388153827508099,-19.8515246001705
2014-12-13 21:00:00,13.9,77,0.0,18.4,2,-0.642150739326014,-18.38879121715136
2014-12-13 22:00:00,13.6,80,0.0,17.3,1,-0.3019266313650045,-17.29736512620557
2014-12-13 23:00:00,13.0,85,0.1,16.2,3,-0.8478424911356978,-16.177798463024097
2014-12-14 00:00:00,13.1,87,0.2,15.9,3,-0.8321417042628145,-15.878209602597725
2014-12-14 01:00:00,13.0,89,0.3,15.5,4,-1.0812253430339465,-15.462242779027275
2014-12-14 02:00:00,13.1,90,0.2,14.8,6,-1.5470212563612697,-14.718924051450447
2014-12-14 03:00:00,13.6,89,0.4,15.2,5,-1.3247672897644054,-15.142159410994532
2014-12-14 04:00:00,13.4,91,0.4,15.3,8,-2.129348444689007,-15.151101451746026
2014-12-14 05:00:00,13.3,91,0.3,14.6,10,-2.535263393937183,-14.378193193978237
2014-12-14 06:00:00,13.1,91,0.2,13.5,16,-3.721104303529485,-12.977032895167307
2014-12-14 07:00:00,13.1,92,0.2,14.4,13,-3.23929518255166,-14.030928932907386
2014-12-14 08:00:00,14.6,89,0.1,15.0,11,-2.8621349306481694,-14.72440775171496
2014-12-14 09:00:00,16.3,81,0.0,14.9,7,-1.815853216736693,-14.7889376594557
2014-12-14 10:00:00,17.4,77,0.0,14.1,4,-0.9835662797921707,-14.06565310866352
2014-12-14 11:00:00,18.4,73,0.0,14.0,359,0.24433369012197037,-13.997867732189478
2014-12-14 12:00:00,19.0,72,0.0,14.8,354,1.5470212563612713,-14.718924051450445
2014-12-14 13:00:00,19.3,71,0.0,14.1,354,1.4738513320739137,-14.022758724692652
2014-12-14 14:00:00,19.0,72,0.1,13.8,353,1.6817969389910354,-13.697136892650244
2014-12-14 15:00:00,18.8,72,0.2,14.6,350,2.535263393937184,-14.378193193978237
2014-12-14 16:00:00,18.1,76,0.2,13.8,353,1.6817969389910354,-13.697136892650244
2014-12-14 17:00:00,17.2,80,0.2,10.8,2,-0.37691456438700827,-10.793420931806235
2014-12-14 18:00:00,16.0,88,0.2,6.6,351,1.032467469265524,-6.518743047927909
2014-12-14 19:00:00,15.5,90,0.1,3.8,343,1.1110124779463997,-3.6339580726595346
2014-12-14 20:00:00,15.2,90,0.1,3.3,347,0.7423384793347542,-3.2154212137912763
2014-12-14 21:00:00,15.3,90,0.1,3.6,360,2.2043642384652358e-16,-3.6
2014-12-14 22:00:00,15.4,88,0.1,5.1,8,-0.7097828148963357,-5.050367150582008
2014-12-14 23:00:00,15.9,85,0.1,4.4,9,-0.6883116461770166,-4.345828698618606
2014-12-15 00:00:00,15.8,85,0.1,4.3,355,0.37476969381492997,-4.283637201794505
2014-12-15 01:00:00,15.6,85,0.0,5.4,356,0.3766849582182763,-5.386845871403051
2014-12-15 02:00:00,15.6,85,0.0,6.8,3,-0.3558845024520213,-6.790680836331102
2014-12-15 03:00:00,15.2,88,0.0,8.3,5,-0.7233926648055635,-8.268415994161488
2014-12-15 04:00:00,14.5,90,0.0,7.6,3,-0.39775326744637673,-7.589584464134761
2014-12-15 05:00:00,14.4,90,0.0,8.6,360,5.265981236333618e-16,-8.6
2014-12-15 06:00:00,14.0,90,0.0,12.2,358,0.42577385977051313,-12.192568089632967
2014-12-15 07:00:00,14.0,90,0.0,13.8,6,-1.4424927930936164,-13.724402156082174
2014-12-15 08:00:00,16.1,91,0.0,14.8,3,-0.7745721523955758,-14.779717114367694
2014-12-15 09:00:00,18.7,79,0.0,15.8,1,-0.27574802170907925,-15.797593583470983
2014-12-15 10:00:00,19.8,73,0.0,15.8,360,9.67470971326409e-16,-15.8
2014-12-15 11:00:00,20.6,71,0.0,15.8,360,9.67470971326409e-16,-15.8
2014-12-15 12:00:00,21.1,70,0.0,15.8,359,0.27574802170908086,-15.797593583470983
2014-12-15 13:00:00,21.4,69,0.0,17.0,356,1.185860053650129,-16.958588854417012
2014-12-15 14:00:00,21.4,70,0.0,18.7,358,0.6526205883367702,-18.68860846525709
2014-12-15 15:00:00,21.0,71,0.0,19.4,1,-0.33857668488329984,-19.39704528603399
2014-12-15 16:00:00,20.3,75,0.0,17.3,4,-1.2067869957733726,-17.257858069494958
2014-12-15 17:00:00,18.8,81,0.0,14.4,3,-0.753637769898398,-14.380265300465863
2014-12-15 18:00:00,17.5,88,0.0,13.4,8,-1.864919552864882,-13.269592121137041
2014-12-15 19:00:00,16.6,92,0.0,13.4,6,-1.400681407786555,-13.326593397934865
2014-12-15 20:00:00,15.8,93,0.0,12.3,7,-1.4989929238833102,-12.208317665188263
2014-12-15 21:00:00,15.2,93,0.0,11.3,9,-1.7677094549546108,-11.160878248725057
2014-12-15 22:00:00,14.9,93,0.0,11.5,14,-2.7821017993961794,-11.15840085217396
2014-12-15 23:00:00,14.9,92,0.0,12.3,15,-3.1834742547610038,-11.88088766335554
2014-12-16 00:00:00,14.4,93,0.0,14.0,12,-2.910763671448637,-13.694066410273278
2014-12-16 01:00:00,13.7,93,0.0,17.6,11,-3.3582383186271856,-17.276638428678886
2014-12-16 02:00:00,13.2,95,0.0,19.2,13,-4.3190602434022125,-18.707905243876514
2014-12-16 03:00:00,13.8,93,0.0,20.1,9,-3.144332747308644,-19.85253564596227
2014-12-16 04:00:00,14.1,93,0.0,22.1,7,-2.6933124892537528,-21.93526995127322
2014-12-16 05:00:00,14.5,91,0.0,23.3,9,-3.644923035437383,-23.013138335866707
2014-12-16 06:00:00,14.9,88,0.0,24.6,6,-2.571400196384273,-24.465238626059527
2014-12-16 07:00:00,14.7,86,0.0,27.8,10,-4.827419339140663,-27.377655533739382
2014-12-16 08:00:00,15.7,79,0.0,29.5,9,-4.614816718686815,-29.13680604755656
2014-12-16 09:00:00,16.9,72,0.0,31.9,7,-3.8876320546241945,-31.662222237358172
2014-12-16 10:00:00,17.8,66,0.0,34.4,6,-3.5957791364072755,-34.211553200668604
2014-12-16 11:00:00,18.2,63,0.0,35.8,5,-3.120175590366165,-35.663770191684485
2014-12-16 12:00:00,18.5,60,0.0,36.1,5,-3.146322313190463,-35.962628601112016
2014-12-16 13:00:00,18.3,59,0.0,36.4,4,-2.539135644286171,-36.3113314294576
2014-12-16 14:00:00,17.8,60,0.0,36.5,5,-3.181184610289526,-36.36110648034871
2014-12-16 15:00:00,17.4,61,0.0,36.4,3,-1.9050288072431727,-36.35011506506648
2014-12-16 16:00:00,16.1,64,0.0,35.3,3,-1.847459255375934,-35.25162257683645
2014-12-16 17:00:00,14.6,67,0.0,33.9,4,-2.364744459925857,-33.81742130380804
2014-12-16 18:00:00,13.7,67,0.0,32.9,4,-2.2949879861817313,-32.819857253548214
2014-12-16 19:00:00,13.2,67,0.0,31.7,3,-1.6590498129013345,-31.65655625171999
2014-12-16 20:00:00,13.0,66,0.0,30.7,3,-1.6067138566583903,-30.657926716965417
2014-12-16 21:00:00,12.7,65,0.0,30.3,2,-1.0574547500857732,-30.281542058678603
2014-12-16 22:00:00,12.4,64,0.0,30.6,1,-0.5340436369808751,-30.595339471785575
2014-12-16 23:00:00,12.1,63,0.0,31.0,2,-1.0818843977775237,-30.98111563759197
2014-12-17 00:00:00,11.8,63,0.0,30.6,2,-1.0679245990965234,-30.581359306784332
2014-12-17 01:00:00,11.5,63,0.0,31.3,2,-1.0923542467882739,-31.2809328856977
2014-12-17 02:00:00,11.3,62,0.0,31.4,3,-1.6433490260284511,-31.356967391293615
2014-12-17 03:00:00,11.8,61,0.0,31.4,3,-1.6433490260284511,-31.356967391293615
2014-12-17 04:00:00,11.5,61,0.0,32.1,3,-1.6799841953985124,-32.056008065621825
2014-12-17 05:00:00,11.3,61,0.0,32.4,3,-1.6956849822713955,-32.35559692604819
2014-12-17 06:00:00,11.0,62,0.0,32.1,2,-1.1202738441502744,-32.080445547312976
2014-12-17 07:00:00,10.9,63,0.0,32.4,3,-1.6956849822713955,-32.35559692604819
2014-12-17 08:00:00,12.0,62,0.0,33.2,2,-1.1586632905230254,-33.17977545703398
2014-12-17 09:00:00,13.3,57,0.0,34.9,2,-1.2179924349172766,-34.87873986296644
2014-12-17 10:00:00,14.2,54,0.0,36.0,2,-1.2563818812900274,-35.97806977268745
2014-12-17 11:00:00,15.0,53,0.0,34.9,2,-1.2179924349172766,-34.87873986296644
2014-12-17 12:00:00,15.7,51,0.0,34.9,2,-1.2179924349172766,-34.87873986296644
2014-12-17 13:00:00,15.9,50,0.0,34.9,2,-1.2179924349172766,-34.87873986296644
2014-12-17 14:00:00,15.7,51,0.0,34.2,3,-1.7898897035086954,-34.153130088606424
2014-12-17 15:00:00,15.0,52,0.0,33.5,3,-1.7532545341386343,-33.45408941427822
2014-12-17 16:00:00,14.1,54,0.0,31.4,3,-1.6433490260284511,-31.356967391293615
2014-12-17 17:00:00,12.9,57,0.0,28.5,4,-1.988059501707579,-28.43057543240499
2014-12-17 18:00:00,12.1,60,0.0,27.5,5,-2.396782925560602,-27.395354197523
2014-12-17 19:00:00,11.7,62,0.0,26.7,3,-1.397370031686613,-26.66340857794712
2014-12-17 20:00:00,11.5,63,0.0,26.3,3,-1.3764356491894354,-26.263956764045293
2014-12-17 21:00:00,11.3,65,0.0,25.2,3,-1.3188660973221964,-25.16546427581526
2014-12-17 22:00:00,10.8,70,0.0,23.8,3,-1.2455957585820745,-23.76738292715886
2014-12-17 23:00:00,10.1,76,0.0,21.6,2,-0.7538291287740165,-21.58684186361247
2014-12-18 00:00:00,9.8,79,0.0,20.2,2,-0.7049698333905153,-20.187694705785734
2014-12-18 01:00:00,9.9,79,0.0,18.4,2,-0.642150739326014,-18.38879121715136
2014-12-18 02:00:00,10.2,79,0.0,17.7,4,-1.2346895852710227,-17.65688368959889
2014-12-18 03:00:00,9.8,80,0.0,17.0,4,-1.185860053650135,-16.958588854417012
2014-12-18 04:00:00,10.2,78,0.0,16.6,5,-1.446785329611127,-16.536831988322977
2014-12-18 05:00:00,10.5,78,0.0,17.4,6,-1.8187952608571683,-17.304680979407955
2014-12-18 06:00:00,10.6,79,0.0,15.1,12,-3.1394665313481727,-14.770028771080463
2014-12-18 07:00:00,10.9,78,0.0,14.1,13,-3.1718098662485,-13.738617913471815
2014-12-18 08:00:00,12.1,82,0.0,15.2,7,-1.8524140197582368,-15.086701504948095
2014-12-18 09:00:00,15.2,65,0.0,17.0,6,-1.776983875550107,-16.90687222126065
2014-12-18 10:00:00,16.2,61,0.0,17.3,5,-1.5077943495344879,-17.234168276987198
2014-12-18 11:00:00,17.0,60,0.0,17.3,2,-0.6037612929532632,-17.289461307430358
2014-12-18 12:00:00,17.7,59,0.0,18.0,1,-0.31414331587110295,-17.997258512815044
2014-12-18 13:00:00,18.2,59,0.0,19.8,1,-0.34555764745821327,-19.79698436409655
2014-12-18 14:00:00,18.1,58,0.0,20.5,3,-1.0728871029803584,-20.471905462468765
2014-12-18 15:00:00,17.2,60,0.0,20.2,3,-1.057186316107475,-20.17231660204239
2014-12-18 16:00:00,16.4,64,0.0,19.5,3,-1.020551146737414,-19.47327592771419
2014-12-18 17:00:00,15.7,68,0.0,17.8,7,-2.16927431261162,-17.667321499215532
2014-12-18 18:00:00,15.2,71,0.0,16.7,7,-2.0352180348659576,-16.575520732410077
2014-12-18 19:00:00,14.7,75,0.0,13.0,6,-1.3588700224794936,-12.928784639787555
2014-12-18 20:00:00,14.0,80,0.0,10.9,6,-1.1393602496174215,-10.840288659514181
2014-12-18 21:00:00,13.6,83,0.0,9.0,5,-0.7844016847289242,-8.96575228282571
2014-12-18 22:00:00,12.6,87,0.0,6.2,353,0.7555899291119145,-6.153786140176196
2014-12-18 23:00:00,12.4,88,0.0,5.4,20,-1.8469087739586103,-5.074340152243906
2014-12-19 00:00:00,12.8,86,0.0,5.1,82,-5.050367150582008,-0.7097828148963341
2014-12-19 01:00:00,13.5,81,0.0,2.6,106,-2.499280409439629,0.716657125124198
2014-12-19 02:00:00,13.6,80,0.0,0.8,153,-0.36319239979163737,0.7128052193506944
2014-12-19 03:00:00,14.7,80,0.2,2.3,141,-1.4474368994146256,1.7874357113510333
2014-12-19 04:00:00,14.8,80,0.2,2.9,180,1.7757378587636622e-16,2.9
2014-12-19 05:00:00,15.0,79,0.0,2.2,189,0.34415582308850806,2.1729143493093033
2014-12-19 06:00:00,15.2,78,0.0,6.9,129,-5.3623071340531,4.342310698243878
2014-12-19 07:00:00,15.2,78,0.0,6.7,126,-5.420413862312147,3.938161190359571
2014-12-19 08:00:00,15.0,81,0.2,1.9,112,-1.7616493236768958,0.7117525274902332
2014-12-19 09:00:00,15.4,87,0.2,3.1,306,2.5079526825623373,-1.8221342821066668
2014-12-19 10:00:00,15.7,88,0.2,2.3,288,2.1874299874788528,-0.710739087062379
2014-12-19 11:00:00,16.3,85,0.1,4.6,315,3.2526911934581184,-3.252691193458118
2014-12-19 12:00:00,16.4,85,0.1,8.6,327,4.683895701129233,-7.212566884330647
2014-12-19 13:00:00,16.3,87,0.4,11.2,354,1.1707187885977186,-11.13864522812466
2014-12-19 14:00:00,16.1,90,0.4,9.9,19,-3.2231247291258507,-9.360633898433237
2014-12-19 15:00:00,16.0,90,0.1,9.7,27,-4.403707847473605,-8.642763284627167
2014-12-19 16:00:00,15.9,89,0.0,10.6,10,-1.8406706832694615,-10.438962181929405
2014-12-19 17:00:00,15.7,90,0.0,13.0,358,0.453693457132514,-12.992080751248245
2014-12-19 18:00:00,15.3,92,0.0,15.5,1,-0.2705122997778942,-15.497639274924065
2014-12-19 19:00:00,15.1,92,0.0,16.6,2,-0.5793316452615127,-16.58988772851699
2014-12-19 20:00:00,15.1,90,0.1,17.3,1,-0.3019266313650045,-17.29736512620557
2014-12-19 21:00:00,14.9,92,0.3,16.6,4,-1.1579574641524848,-16.55956323431308
2014-12-19 22:00:00,14.8,93,0.3,15.9,4,-1.1091279325315968,-15.861268399131205
2014-12-19 23:00:00,14.8,93,0.0,15.5,5,-1.350914012588703,-15.441017820422056
2014-12-20 00:00:00,14.8,93,0.0,14.8,13,-3.3292756042892058,-14.420676958821481
2014-12-20 01:00:00,14.8,92,0.0,15.3,9,-2.393447315115535,-15.111631611105606
2014-12-20 02:00:00,14.9,92,0.4,19.1,3,-0.9996167642402364,-19.07382411381236
2014-12-20 03:00:00,15.2,90,0.0,21.0,6,-2.1950977286207207,-20.884959802733743
2014-12-20 04:00:00,15.1,91,0.0,23.1,5,-2.013297657470906,-23.012097525919323
2014-12-20 05:00:00,14.9,92,0.0,24.5,4,-1.7090336067310767,-24.44031923136569
2014-12-20 06:00:00,14.9,90,0.0,22.2,13,-4.993913406433808,-21.631015438232218
2014-12-20 07:00:00,14.8,89,0.0,21.6,15,-5.590491374214446,-20.863997847843876
2014-12-20 08:00:00,15.2,86,0.0,23.4,10,-4.06336735740617,-23.044501420485666
2014-12-20 09:00:00,16.2,81,0.0,25.6,4,-1.7857657278496148,-25.537639686651502
2014-12-20 10:00:00,16.9,75,0.0,28.8,1,-0.5026293053937647,-28.79561362050407
2014-12-20 11:00:00,17.2,72,0.0,29.2,3,-1.5282099222939738,-29.159982414833554
2014-12-20 12:00:00,17.8,69,0.0,28.2,5,-2.4577919454839625,-28.092690486187223
2014-12-20 13:00:00,18.6,65,0.0,26.8,6,-2.80136281557311,-26.65318679586973
2014-12-20 14:00:00,18.9,63,0.0,25.1,8,-3.4932448340976525,-24.855728525413415
2014-12-20 15:00:00,18.8,64,0.0,22.9,8,-3.187064011985507,-22.67713877418196
2014-12-20 16:00:00,18.3,65,0.0,20.3,6,-2.1219278043333634,-20.18879447597595
2014-12-20 17:00:00,17.2,69,0.0,17.4,6,-1.8187952608571683,-17.304680979407955
2014-12-20 18:00:00,15.6,79,0.0,15.0,11,-2.8621349306481694,-14.72440775171496
2014-12-20 19:00:00,15.7,75,0.0,15.3,9,-2.393447315115535,-15.111631611105606
2014-12-20 20:00:00,15.9,74,0.0,15.5,5,-1.350914012588703,-15.441017820422056
2014-12-20 21:00:00,15.8,74,0.0,15.6,8,-2.171100374977027,-15.448181872368496
2014-12-20 22:00:00,15.7,74,0.0,15.6,7,-1.901161757120296,-15.483719965604624
2014-12-20 23:00:00,15.6,75,0.0,13.6,11,-2.5950023371210067,-13.35012969488823
2014-12-21 00:00:00,15.5,76,0.0,12.1,12,-2.5157314588948934,-11.835585968879046
2014-12-21 01:00:00,15.5,76,0.0,10.9,8,-1.5169868004647176,-10.793921949283115
2014-12-21 02:00:00,15.5,76,0.0,13.0,2,-0.4536934571325099,-12.992080751248245
2014-12-21 03:00:00,15.8,74,0.0,14.5,7,-1.767105479374634,-14.39191919879917
2014-12-21 04:00:00,15.8,74,0.0,14.9,8,-2.0736792043049808,-14.754994224249398
2014-12-21 05:00:00,15.6,74,0.0,13.8,7,-1.681796938991031,-13.697136892650246
2014-12-21 06:00:00,15.3,76,0.0,12.7,7,-1.547740661245369,-12.60533612584479
2014-12-21 07:00:00,14.9,78,0.0,14.8,13,-3.3292756042892058,-14.420676958821481
2014-12-21 08:00:00,15.3,81,0.0,13.0,19,-4.232386007943036,-12.291741482791119
2014-12-21 09:00:00,17.4,77,0.0,12.8,11,-2.442355140819771,-12.5648279481301
2014-12-21 10:00:00,18.5,72,0.0,14.4,3,-0.753637769898398,-14.380265300465863
2014-12-21 11:00:00,19.1,69,0.0,20.9,358,0.7293994810822725,-20.8872682846991
2014-12-21 12:00:00,19.3,67,0.0,26.7,2,-0.9318165619567703,-26.683735081409857
2014-12-21 13:00:00,19.1,66,0.0,28.9,5,-2.518800965407323,-28.790026774851444
2014-12-21 14:00:00,18.5,66,0.0,30.3,5,-2.6408190052540452,-30.18469935217989
2014-12-21 15:00:00,17.6,67,0.0,31.5,5,-2.745405896551235,-31.380132989889983
2014-12-21 16:00:00,16.3,70,0.0,30.7,5,-2.6756813023531083,-30.583177231416588
2014-12-21 17:00:00,14.9,74,0.0,27.9,6,-2.9163441251675284,-27.74716088077483
2014-12-21 18:00:00,13.9,76,0.0,24.9,5,-2.17017799441669,-24.805247982484463
2014-12-21 19:00:00,13.4,77,0.0,25.3,4,-1.7648387857263772,-25.238370471573553
2014-12-21 20:00:00,13.2,77,0.0,26.0,3,-1.360734862316552,-25.96436790361892
2014-12-21 21:00:00,12.8,77,0.0,26.0,4,-1.8136683173472652,-25.93666530675543
2014-12-21 22:00:00,12.5,78,0.0,25.6,4,-1.7857657278496148,-25.537639686651502
2014-12-21 23:00:00,12.2,78,0.0,26.0,4,-1.8136683173472652,-25.93666530675543
2014-12-22 00:00:00,12.3,77,0.0,26.3,4,-1.8345952594705028,-26.23593452183338
2014-12-22 01:00:00,12.0,77,0.0,26.7,4,-1.862497848968153,-26.634960141937306
2014-12-22 02:00:00,11.7,76,0.0,26.8,5,-2.3357739056372413,-26.69801790885878
2014-12-22 03:00:00,11.9,76,0.0,26.1,6,-2.7281928912857527,-25.957021469111936
2014-12-22 04:00:00,11.8,76,0.0,26.1,6,-2.7281928912857527,-25.957021469111936
2014-12-22 05:00:00,11.5,76,0.0,27.2,7,-3.314846140620003,-26.99725532464396
2014-12-22 06:00:00,11.4,75,0.0,27.6,8,-3.841177586497817,-27.33139869726734
2014-12-22 07:00:00,11.4,75,0.0,26.8,7,-3.2660984032579443,-26.600236863987433
2014-12-22 08:00:00,12.7,72,0.0,27.1,5,-2.361920628461539,-26.996876318286304
2014-12-22 09:00:00,15.2,63,0.0,28.2,4,-1.9671325595843414,-28.13130621732704
2014-12-22 10:00:00,16.7,58,0.0,27.8,3,-1.4549395835538517,-27.761901066177153
2014-12-22 11:00:00,17.9,55,0.0,28.1,2,-0.9806758573402714,-28.082882239236593
2014-12-22 12:00:00,18.4,54,0.0,27.7,1,-0.48343165831275287,-27.695781155832037
2014-12-22 13:00:00,18.7,54,0.0,27.7,1,-0.48343165831275287,-27.695781155832037
2014-12-22 14:00:00,18.6,54,0.0,26.3,2,-0.91785676327577,-26.28397875060222
2014-12-22 15:00:00,18.2,55,0.0,25.6,2,-0.8934271155840195,-25.584405171688854
2014-12-22 16:00:00,17.3,59,0.0,23.8,2,-0.8306080215195182,-23.78550168305448
2014-12-22 17:00:00,15.8,64,0.0,20.2,2,-0.7049698333905153,-20.187694705785734
2014-12-22 18:00:00,14.4,70,0.0,15.2,5,-1.3247672897644054,-15.142159410994532
2014-12-22 19:00:00,13.3,76,0.0,13.3,3,-0.6960682180311593,-13.281772812235833
2014-12-22 20:00:00,12.4,82,0.0,11.9,2,-0.4153040107597591,-11.89275084152724
2014-12-22 21:00:00,12.5,81,0.0,10.4,2,-0.36295476570600793,-10.393664600998596
2014-12-22 22:00:00,12.8,81,0.0,9.7,2,-0.33852511801425733,-9.694091022085228
2014-12-22 23:00:00,13.1,80,0.0,9.0,360,5.51091059616309e-16,-9.0
2014-12-23 00:00:00,13.3,79,0.0,7.6,3,-0.39775326744637673,-7.589584464134761
2014-12-23 01:00:00,13.2,80,0.0,7.3,9,-1.1419715947936866,-7.210124886344505
2014-12-23 02:00:00,13.1,80,0.0,8.8,12,-1.8296228791962863,-8.60769888645749
2014-12-23 03:00:00,13.4,78,0.0,7.7,11,-1.4692292643993936,-7.558529312547013
2014-12-23 04:00:00,13.5,78,0.0,7.2,6,-0.7526049355271042,-7.160557646651569
2014-12-23 05:00:00,13.2,79,0.0,6.5,3,-0.340183715579138,-6.49109197590473
2014-12-23 06:00:00,13.1,80,0.0,6.7,16,-1.8467702839738926,-6.440453362786737
2014-12-23 07:00:00,13.6,79,0.0,5.8,30,-2.9000000000000026,-5.022947341949743
2014-12-23 08:00:00,14.4,80,0.0,4.4,35,-2.523736319944604,-3.604268994871563
2014-12-23 09:00:00,15.8,77,0.0,3.3,13,-0.7423384793347553,-3.215421213791276
2014-12-23 10:00:00,17.0,72,0.0,5.2,344,1.4333142502483958,-4.998560818879258
2014-12-23 11:00:00,17.6,71,0.0,8.1,339,2.902780391316933,-7.5620014546273335
2014-12-23 12:00:00,18.5,67,0.0,7.1,345,1.8376152202278973,-6.858073366652385
2014-12-23 13:00:00,18.7,66,0.0,6.4,333,2.9055391983331,-5.702441754805554
2014-12-23 14:00:00,19.0,66,0.0,9.7,329,4.995869326627525,-8.31452281681049
2014-12-23 15:00:00,19.2,63,0.0,11.8,337,4.61062731617343,-10.861957270738797
2014-12-23 16:00:00,18.5,66,0.0,10.0,345,2.5881904510252074,-9.659258262890683
2014-12-23 17:00:00,17.7,69,0.0,8.4,350,1.4586446924022156,-8.272385125302547
2014-12-23 18:00:00,16.8,74,0.0,10.4,2,-0.36295476570600793,-10.393664600998596
2014-12-23 19:00:00,15.9,79,0.0,11.5,356,0.8021994480574401,-11.471986577987979
2014-12-23 20:00:00,15.7,81,0.0,11.5,360,7.041719095097281e-16,-11.5
2014-12-23 21:00:00,15.2,85,0.0,11.2,6,-1.1707187885977175,-11.13864522812466
2014-12-23 22:00:00,14.9,87,0.0,12.4,8,-1.7257464519048162,-12.279324052395472
2014-12-23 23:00:00,14.7,89,0.0,14.1,6,-1.4738513320739124,-14.022758724692654
2014-12-24 00:00:00,14.6,90,0.0,14.5,7,-1.767105479374634,-14.39191919879917
2014-12-24 01:00:00,14.9,89,0.0,13.4,6,-1.400681407786555,-13.326593397934865
2014-12-24 02:00:00,14.9,89,0.0,13.0,2,-0.4536934571325099,-12.992080751248245
2014-12-24 03:00:00,15.2,88,0.0,13.7,2,-0.4781231048242604,-13.691654330161612
2014-12-24 04:00:00,15.4,88,0.0,14.5,6,-1.5156627173809738,-14.420567482839964
2014-12-24 05:00:00,15.6,88,0.0,14.4,13,-3.23929518255166,-14.030928932907386
2014-12-24 06:00:00,15.6,88,0.0,14.7,17,-4.297864059424235,-14.057679912656619
2014-12-24 07:00:00,15.5,88,0.0,13.9,21,-4.98131449867968,-12.976767928311103
2014-12-24 08:00:00,17.1,85,0.0,15.0,17,-4.385575570841056,-14.34457133944553
2014-12-24 09:00:00,19.5,73,0.0,16.1,16,-4.437761428653682,-15.476313304606938
2014-12-24 10:00:00,21.0,67,0.0,16.3,14,-3.9433268982745853,-15.815820338298742
2014-12-24 11:00:00,22.0,62,0.0,18.8,7,-2.291143656016767,-18.659867650856857
2014-12-24 12:00:00,23.0,58,0.0,21.6,3,-1.1304566548475972,-21.570397950698798
2014-12-24 13:00:00,23.0,57,0.0,23.5,4,-1.639277132986951,-23.44275518110587
2014-12-24 14:00:00,22.6,58,0.0,23.1,5,-2.013297657470906,-23.012097525919323
2014-12-24 15:00:00,22.1,63,0.0,22.4,6,-2.341437577195435,-22.27729045624932
2014-12-24 16:00:00,21.2,66,0.0,21.0,5,-1.8302705977008231,-20.920088659926655
2014-12-24 17:00:00,19.7,71,0.0,17.3,2,-0.6037612929532632,-17.289461307430358
2014-12-24 18:00:00,18.2,79,0.0,14.4,3,-0.753637769898398,-14.380265300465863
2014-12-24 19:00:00,16.9,86,0.0,13.4,6,-1.400681407786555,-13.326593397934865
2014-12-24 20:00:00,16.7,85,0.0,12.6,2,-0.4397336584515096,-12.592324420440606
2014-12-24 21:00:00,16.9,83,0.0,13.0,5,-1.1330246557195571,-12.950531075192693
2014-12-24 22:00:00,16.8,83,0.0,13.5,9,-2.111865278043119,-13.333792598034359
2014-12-24 23:00:00,16.7,83,0.0,13.9,10,-2.4137096695703315,-13.688827766869691
2014-12-25 00:00:00,16.3,84,0.0,14.0,12,-2.910763671448637,-13.694066410273278
2014-12-25 01:00:00,16.0,85,0.0,14.7,11,-2.8048922320352054,-14.42991959668066
2014-12-25 02:00:00,15.4,87,0.0,15.5,13,-3.4867413423299114,-15.102736004171145
2014-12-25 03:00:00,15.2,85,0.0,16.4,15,-4.244632339681338,-15.84118355114072
2014-12-25 04:00:00,14.4,87,0.0,18.1,13,-4.071614083623961,-17.63609817261276
2014-12-25 05:00:00,14.4,87,0.0,19.5,12,-4.054277970946316,-19.073878214309207
2014-12-25 06:00:00,14.5,86,0.0,20.3,13,-4.5665064031804645,-19.779712315140273
2014-12-25 07:00:00,14.6,85,0.0,20.1,15,-5.202262806560665,-19.415109108410274
2014-12-25 08:00:00,16.7,80,0.0,22.1,7,-2.6933124892537528,-21.93526995127322
2014-12-25 09:00:00,19.0,70,0.0,23.1,5,-2.013297657470906,-23.012097525919323
2014-12-25 10:00:00,19.6,67,0.0,22.4,5,-1.9522886375475446,-22.314761237255098
2014-12-25 11:00:00,19.4,69,0.0,20.9,3,-1.0938214854775359,-20.871357276370592
2014-12-25 12:00:00,19.1,70,0.0,20.2,359,0.3525386100331287,-20.196923442159104
2014-12-25 13:00:00,18.3,74,0.1,19.2,352,2.6721235384332567,-19.01314691983815
2014-12-25 14:00:00,18.3,74,0.3,21.6,357,1.1304566548475898,-21.570397950698798
2014-12-25 15:00:00,17.0,81,0.5,20.0,7,-2.4373868681029434,-19.850923032826444
2014-12-25 16:00:00,16.1,89,0.5,16.1,16,-4.437761428653682,-15.476313304606938
2014-12-25 17:00:00,15.9,91,0.6,12.3,21,-4.407925779407199,-11.483039245915581
2014-12-25 18:00:00,15.8,91,0.2,12.7,15,-3.2870018728020116,-12.267257993871167
2014-12-25 19:00:00,15.9,91,0.2,14.4,360,8.817456953860943e-16,-14.4
2014-12-25 20:00:00,15.8,91,0.2,15.8,348,3.2850047149205994,-15.45473209159413
2014-12-25 21:00:00,15.7,91,0.3,18.4,4,-1.2835191168919107,-18.355178524780765
2014-12-25 22:00:00,15.7,91,0.1,17.4,7,-2.120526575249561,-17.270303038559003
2014-12-25 23:00:00,15.7,90,0.0,18.4,4,-1.2835191168919107,-18.355178524780765
2014-12-26 00:00:00,15.8,89,0.0,20.5,360,1.255262969126037e-15,-20.5
2014-12-26 01:00:00,15.7,88,0.0,21.2,359,0.36999101647041227,-21.196771137315494
2014-12-26 02:00:00,15.8,86,0.0,19.8,2,-0.691010034709515,-19.787938374978097
2014-12-26 03:00:00,16.2,83,0.0,17.0,5,-1.4816476267101901,-16.935309867559674
2014-12-26 04:00:00,16.0,85,0.0,17.7,4,-1.2346895852710227,-17.65688368959889
2014-12-26 05:00:00,15.9,84,0.0,19.2,5,-1.6733902607550384,-19.126938203361515
2014-12-26 06:00:00,15.9,83,0.0,20.2,5,-1.7605460035026965,-20.12313290145326
2014-12-26 07:00:00,15.9,84,0.0,19.4,1,-0.33857668488329984,-19.39704528603399
2014-12-26 08:00:00,16.6,81,0.0,22.4,356,1.5625450118684052,-22.34543472582006
2014-12-26 09:00:00,17.3,78,0.0,22.0,358,0.7677889274550238,-21.986598194420107
2014-12-26 10:00:00,17.8,75,0.0,21.2,1,-0.36999101647041016,-21.196771137315494
2014-12-26 11:00:00,18.3,73,0.0,19.5,4,-1.3602512380104488,-19.452498980066572
2014-12-26 12:00:00,18.4,73,0.0,17.3,2,-0.6037612929532632,-17.289461307430358
2014-12-26 13:00:00,18.7,72,0.0,18.0,360,1.102182119232618e-15,-18.0
2014-12-26 14:00:00,18.7,72,0.0,18.7,360,1.1450447572027753e-15,-18.7
2014-12-26 15:00:00,19.2,71,0.0,18.8,3,-0.983915977367353,-18.77423525338599
2014-12-26 16:00:00,18.7,72,0.0,16.3,8,-2.2685215456490733,-16.141369520487597
2014-12-26 17:00:00,18.2,74,0.0,15.5,1,-0.2705122997778942,-15.497639274924065
2014-12-26 18:00:00,17.7,76,0.0,19.5,2,-0.6805401856987648,-19.488121126872368
2014-12-26 19:00:00,17.2,77,0.0,19.5,12,-4.054277970946316,-19.073878214309207
2014-12-26 20:00:00,17.2,77,0.0,16.8,9,-2.6280990126758814,-16.593164121998313
2014-12-26 21:00:00,16.8,80,0.5,15.8,359,0.27574802170908086,-15.797593583470983
2014-12-26 22:00:00,16.1,86,0.0,15.9,357,0.8321417042628091,-15.878209602597725
2014-12-26 23:00:00,16.8,80,0.0,15.6,7,-1.901161757120296,-15.483719965604624
2014-12-27 00:00:00,17.0,79,0.0,12.7,7,-1.547740661245369,-12.60533612584479
2014-12-27 01:00:00,15.9,84,0.0,12.3,5,-1.0720156357961965,-12.253194786528471
2014-12-27 02:00:00,14.8,89,0.0,13.3,3,-0.6960682180311593,-13.281772812235833
2014-12-27 03:00:00,15.6,83,0.0,14.1,4,-0.9835662797921707,-14.06565310866352
2014-12-27 04:00:00,14.7,88,0.0,14.8,4,-1.0323958114130587,-14.763947943845398
2014-12-27 05:00:00,15.1,87,0.0,14.2,7,-1.7305446763530898,-14.094155353306773
2014-12-27 06:00:00,14.7,88,0.0,14.2,7,-1.7305446763530898,-14.094155353306773
2014-12-27 07:00:00,14.5,89,0.0,14.2,7,-1.7305446763530898,-14.094155353306773
2014-12-27 08:00:00,15.5,90,0.1,15.5,4,-1.0812253430339465,-15.462242779027275
2014-12-27 09:00:00,17.6,84,0.2,18.4,1,-0.3211242784460163,-18.3971975908776
2014-12-27 10:00:00,17.9,80,0.3,19.8,3,-1.0362519336102973,-19.772864788140563
2014-12-27 11:00:00,17.8,83,0.5,18.8,3,-0.983915977367353,-18.77423525338599
2014-12-27 12:00:00,17.3,91,1.0,18.0,1,-0.31414331587110295,-17.997258512815044
2014-12-27 13:00:00,17.3,92,0.9,20.2,359,0.3525386100331287,-20.196923442159104
2014-12-27 14:00:00,17.5,91,1.9,21.7,5,-1.891279617624184,-21.617424948590877
2014-12-27 15:00:00,17.4,92,0.5,22.3,14,-5.394858271872592,-21.63759469595472
2014-12-27 16:00:00,17.1,93,0.4,18.7,11,-3.568128213541384,-18.356428330471317
2014-12-27 17:00:00,16.6,93,0.3,18.0,3,-0.9420472123729975,-17.975331625582328
2014-12-27 18:00:00,16.3,93,0.2,19.5,2,-0.6805401856987648,-19.488121126872368
2014-12-27 19:00:00,16.0,93,0.4,18.4,3,-0.9629815948701752,-18.37478343948416
2014-12-27 20:00:00,15.8,93,0.5,17.3,2,-0.6037612929532632,-17.289461307430358
2014-12-27 21:00:00,15.7,93,0.7000000000000001,17.3,2,-0.6037612929532632,-17.289461307430358
2014-12-27 22:00:00,15.4,93,0.3,17.3,5,-1.5077943495344879,-17.234168276987198
2014-12-27 23:00:00,15.1,94,0.0,15.2,7,-1.8524140197582368,-15.086701504948095
2014-12-28 00:00:00,15.3,92,0.0,14.9,8,-2.0736792043049808,-14.754994224249398
2014-12-28 01:00:00,15.0,93,0.0,15.9,6,-1.6620025659556885,-15.812898136355548
2014-12-28 02:00:00,14.9,94,0.4,15.9,355,1.3857763096877644,-15.839495699658755
2014-12-28 03:00:00,15.1,93,0.4,19.1,358,0.6665803870177707,-19.08836479606473
2014-12-28 04:00:00,14.9,93,0.4,18.1,5,-1.5775189437326145,-18.031124035460596
2014-12-28 05:00:00,14.9,94,0.9,15.9,5,-1.3857763096877662,-15.839495699658755
2014-12-28 06:00:00,14.8,94,1.5,17.3,1,-0.3019266313650045,-17.29736512620557
2014-12-28 07:00:00,14.7,94,1.7000000000000002,19.9,5,-1.734399280678399,-19.824274492025737
2014-12-28 08:00:00,15.2,94,1.5,18.4,12,-3.82557511104678,-17.997915853502022
2014-12-28 09:00:00,15.8,93,1.5,16.0,9,-2.5029514406436966,-15.803013449522203
2014-12-28 10:00:00,16.1,93,1.5,17.6,1,-0.30716235329618957,-17.59731943475249
2014-12-28 11:00:00,16.5,92,1.5,18.1,5,-1.5775189437326145,-18.031124035460596
2014-12-28 12:00:00,16.6,93,0.7000000000000001,18.9,9,-2.9566113892603663,-18.6673096372481
2014-12-28 13:00:00,16.6,93,0.1,20.9,2,-0.7293994810822658,-20.8872682846991
2014-12-28 14:00:00,16.5,92,0.0,23.0,1,-0.40140534805752043,-22.996496988597
2014-12-28 15:00:00,16.4,88,0.0,24.8,360,1.518562030942718e-15,-24.8
2014-12-28 16:00:00,15.9,87,0.0,25.6,360,1.5675479029086122e-15,-25.6
2014-12-28 17:00:00,15.2,87,0.0,25.6,2,-0.8934271155840195,-25.584405171688854
2014-12-28 18:00:00,14.6,87,0.0,25.6,4,-1.7857657278496148,-25.537639686651502
2014-12-28 19:00:00,14.0,88,0.0,24.5,4,-1.7090336067310767,-24.44031923136569
2014-12-28 20:00:00,13.5,89,0.0,23.4,3,-1.2246613760848968,-23.367931113257026
2014-12-28 21:00:00,13.0,89,0.0,23.1,3,-1.2089605892120137,-23.068342252830657
2014-12-28 22:00:00,12.7,89,0.0,22.7,4,-1.5834719539916506,-22.644703940898008
2014-12-28 23:00:00,12.5,88,0.0,22.0,5,-1.9174263404484815,-21.9162833580184
2014-12-29 00:00:00,12.4,89,0.0,21.3,3,-1.1147558679747138,-21.270809090272422
2014-12-29 01:00:00,12.0,89,0.0,21.6,2,-0.7538291287740165,-21.58684186361247
2014-12-29 02:00:00,12.0,88,0.0,22.7,1,-0.3961696261263354,-22.69654268005008
2014-12-29 03:00:00,12.2,88,0.0,24.1,1,-0.42060299513853233,-24.096329453269032
2014-12-29 04:00:00,12.2,86,0.0,24.5,3,-1.2822309279521356,-24.466423601487058
2014-12-29 05:00:00,12.2,84,0.0,23.8,3,-1.2455957585820745,-23.76738292715886
2014-12-29 06:00:00,12.1,83,0.0,23.4,3,-1.2246613760848968,-23.367931113257026
2014-12-29 07:00:00,12.2,82,0.0,23.1,4,-1.611374543489301,-23.04372956100194
2014-12-29 08:00:00,13.0,81,0.0,23.1,4,-1.611374543489301,-23.04372956100194
2014-12-29 09:00:00,15.0,73,0.0,24.9,4,-1.7369361962287269,-24.839344851469622
2014-12-29 10:00:00,16.2,68,0.0,26.0,3,-1.360734862316552,-25.96436790361892
2014-12-29 11:00:00,17.3,63,0.0,26.7,3,-1.397370031686613,-26.66340857794712
2014-12-29 12:00:00,18.0,61,0.0,27.0,2,-0.9422864109675205,-26.983552329515586
2014-12-29 13:00:00,18.3,60,0.0,27.4,3,-1.434005201056674,-27.362449252275322
2014-12-29 14:00:00,18.3,60,0.0,27.4,4,-1.9113273805890407,-27.333254977119182
2014-12-29 15:00:00,17.2,58,0.0,26.7,3,-1.397370031686613,-26.66340857794712
2014-12-29 16:00:00,16.3,61,0.0,24.5,2,-0.8550376692112687,-24.485075261967847
2014-12-29 17:00:00,14.9,65,0.0,21.6,2,-0.7538291287740165,-21.58684186361247
2014-12-29 18:00:00,13.6,68,0.0,18.4,4,-1.2835191168919107,-18.355178524780765
2014-12-29 19:00:00,12.7,72,0.0,16.6,2,-0.5793316452615127,-16.58988772851699
2014-12-29 20:00:00,11.7,78,0.0,14.8,3,-0.7745721523955758,-14.779717114367694
2014-12-29 21:00:00,11.9,75,0.0,15.1,1,-0.26353133720298083,-15.097700196861508
2014-12-29 22:00:00,12.9,70,0.0,14.8,3,-0.7745721523955758,-14.779717114367694
2014-12-29 23:00:00,13.2,70,0.0,13.7,3,-0.717002600528337,-13.681224626137661
2014-12-30 00:00:00,13.3,70,0.0,13.3,360,8.143901214329899e-16,-13.3
2014-12-30 01:00:00,13.2,71,0.0,13.3,358,0.4641633061432644,-13.291897999353974
2014-12-30 02:00:00,13.1,73,0.0,14.0,360,8.572527594031472e-16,-14.0
2014-12-30 03:00:00,13.2,72,0.0,13.0,3,-0.680367431158276,-12.98218395180946
2014-12-30 04:00:00,13.1,73,0.0,13.0,5,-1.1330246557195571,-12.950531075192693
2014-12-30 05:00:00,13.1,73,0.0,13.4,6,-1.400681407786555,-13.326593397934865
2014-12-30 06:00:00,12.9,74,0.0,12.2,14,-2.951447126315947,-11.837607860567156
2014-12-30 07:00:00,13.0,74,0.0,11.9,3,-0.6227978792910372,-11.88369146357943
2014-12-30 08:00:00,13.7,75,0.0,10.9,6,-1.1393602496174215,-10.840288659514181
2014-12-30 09:00:00,15.7,71,0.0,11.3,7,-1.3771235804781632,-11.21577151354694
2014-12-30 10:00:00,17.1,64,0.0,11.9,2,-0.4153040107597591,-11.89275084152724
2014-12-30 11:00:00,17.8,62,0.0,13.0,355,1.1330246557195558,-12.950531075192693
2014-12-30 12:00:00,18.5,61,0.0,14.8,354,1.5470212563612713,-14.718924051450445
2014-12-30 13:00:00,18.8,61,0.0,15.2,355,1.3247672897644036,-15.142159410994532
2014-12-30 14:00:00,18.7,61,0.0,15.9,355,1.3857763096877644,-15.839495699658755
2014-12-30 15:00:00,18.3,60,0.0,16.2,356,1.1300548746548287,-16.16053761420915
2014-12-30 16:00:00,17.6,62,0.0,15.5,357,0.8112073217656315,-15.478757788695894
2014-12-30 17:00:00,16.3,68,0.0,12.6,360,7.715274834628325e-16,-12.6
2014-12-30 18:00:00,14.8,75,0.0,10.8,356,0.7533699164365526,-10.773691742806102
2014-12-30 19:00:00,13.7,82,0.0,11.9,3,-0.6227978792910372,-11.88369146357943
2014-12-30 20:00:00,13.3,81,0.0,12.0,7,-1.462432120861766,-11.910553819695865
2014-12-30 21:00:00,13.2,81,0.0,11.7,11,-2.232465245905572,-11.485038046337667
2014-12-30 22:00:00,13.6,78,0.0,10.9,9,-1.7051356689385184,-10.765802912487
2014-12-30 23:00:00,13.9,77,0.0,10.9,9,-1.7051356689385184,-10.765802912487
2014-12-31 00:00:00,13.6,78,0.0,11.6,7,-1.413684383499707,-11.513535359039336
2014-12-31 01:00:00,13.2,79,0.0,10.1,360,6.184466335694133e-16,-10.1
2014-12-31 02:00:00,12.4,81,0.0,7.8,347,1.7546182238821464,-7.6000865053248345
2014-12-31 03:00:00,13.7,77,0.0,6.6,347,1.4846769586695083,-6.430842427582553
2014-12-31 04:00:00,13.4,78,0.0,6.2,350,1.0766187015349686,-6.10580806867569
2014-12-31 05:00:00,13.2,78,0.0,7.9,357,0.41345405431925736,-7.889173324561134
2014-12-31 06:00:00,10.6,85,0.0,10.2,10,-1.7712114122026892,-10.045039080724521
2014-12-31 07:00:00,10.3,86,0.0,10.9,9,-1.7051356689385184,-10.765802912487
2014-12-31 08:00:00,12.1,86,0.0,13.2,11,-2.518678738970389,-12.957478821509163
2014-12-31 09:00:00,16.0,78,0.0,14.1,357,0.7379369830255099,-14.080676440039491
2014-12-31 10:00:00,17.5,70,0.0,15.6,353,1.9011617571203008,-15.483719965604623
2014-12-31 11:00:00,18.5,65,0.0,18.2,351,2.8471072637322026,-17.975927798831506
2014-12-31 12:00:00,19.2,62,0.0,19.9,354,2.0801164190263037,-19.790985717828637
2014-12-31 13:00:00,19.7,61,0.0,21.0,355,1.830270597700821,-20.920088659926655
2014-12-31 14:00:00,19.7,61,0.0,23.5,356,1.6392771329869429,-23.44275518110587
2014-12-31 15:00:00,19.2,63,0.0,24.9,358,0.8689974678922768,-24.884831592775484
2014-12-31 16:00:00,18.4,67,0.0,23.4,356,1.6323014856125304,-23.342998776079884
2014-12-31 17:00:00,17.2,72,0.0,21.3,358,0.743359279763273,-21.28702461550674
2014-12-31 18:00:00,15.9,77,0.0,17.6,360,1.077689183249671e-15,-17.6
2014-12-31 19:00:00,14.8,83,0.0,15.1,360,9.246083333562517e-16,-15.1
2014-12-31 20:00:00,14.0,85,0.0,13.3,360,8.143901214329899e-16,-13.3
2014-12-31 21:00:00,14.2,81,0.0,14.4,356,1.0044932219154035,-14.36492232374147
2014-12-31 22:00:00,14.9,77,0.0,14.2,353,1.7305446763530943,-14.094155353306771
2014-12-31 23:00:00,14.8,77,0.0,15.5,357,0.8112073217656315,-15.478757788695894
2015-01-01 00:00:00,14.3,78,0.0,16.6,4,-1.1579574641524848,-16.55956323431308
2015-01-01 01:00:00,13.8,79,0.0,17.1,8,-2.3798600264171257,-16.933583975480854
2015-01-01 02:00:00,12.8,82,0.0,18.2,9,-2.847107263732205,-17.975927798831506
2015-01-01 03:00:00,12.6,82,0.0,21.4,8,-2.9783043605454087,-21.191736671069602
2015-01-01 04:00:00,11.4,85,0.0,22.7,10,-3.9418136330393185,-22.35513599337712
2015-01-01 05:00:00,10.8,86,0.0,23.2,7,-2.827368766999414,-23.027070718078672
2015-01-01 06:00:00,10.7,86,0.0,25.1,7,-3.058920519469194,-24.912908406197186
2015-01-01 07:00:00,10.5,85,0.0,25.3,6,-2.64457012067163,-25.161403952817317
2015-01-01 08:00:00,12.4,82,0.0,25.3,4,-1.7648387857263772,-25.238370471573553
2015-01-01 09:00:00,15.7,67,0.0,27.1,4,-1.8904004384658033,-27.033985762041237
2015-01-01 10:00:00,16.7,63,0.0,27.7,2,-0.966716058659271,-27.683125908428952
2015-01-01 11:00:00,17.5,60,0.0,29.9,2,-1.0434949514047727,-29.881785727870962
2015-01-01 12:00:00,17.9,57,0.0,31.0,2,-1.0818843977775237,-30.98111563759197
2015-01-01 13:00:00,17.9,55,0.0,31.7,2,-1.1063140454692741,-31.680689216505336
2015-01-01 14:00:00,17.3,55,0.0,32.4,2,-1.1307436931610246,-32.3802627954187
2015-01-01 15:00:00,16.6,54,0.0,32.4,2,-1.1307436931610246,-32.3802627954187
2015-01-01 16:00:00,15.5,58,0.0,31.0,2,-1.0818843977775237,-30.98111563759197
2015-01-01 17:00:00,14.1,60,0.0,28.8,3,-1.507275539796796,-28.760530600931727
2015-01-01 18:00:00,13.1,62,0.0,26.3,4,-1.8345952594705028,-26.23593452183338
2015-01-01 19:00:00,12.4,65,0.0,24.5,3,-1.2822309279521356,-24.466423601487058
2015-01-01 20:00:00,12.1,65,0.0,24.9,3,-1.303165310449313,-24.86587541538889
2015-01-01 21:00:00,11.6,68,0.0,23.8,3,-1.2455957585820745,-23.76738292715886
2015-01-01 22:00:00,11.1,72,0.0,22.7,4,-1.5834719539916506,-22.644703940898008
2015-01-01 23:00:00,10.6,76,0.0,21.3,5,-1.8564173205251209,-21.21894706935418
2015-01-02 00:00:00,10.8,78,0.0,19.6,6,-2.048757880046006,-19.49262914921816
2015-01-02 01:00:00,10.5,81,0.0,18.4,6,-1.9233237241248218,-18.299202874776228
2015-01-02 02:00:00,10.5,83,0.0,18.4,6,-1.9233237241248218,-18.299202874776228
2015-01-02 03:00:00,10.4,84,0.0,18.1,7,-2.205835115633164,-17.96508534470793
2015-01-02 04:00:00,10.3,85,0.0,18.5,7,-2.2545828529952225,-18.36210380536446
2015-01-02 05:00:00,10.2,86,0.0,18.8,5,-1.638527963655975,-18.728460324124818
2015-01-02 06:00:00,10.4,86,0.0,16.9,11,-3.224672021863604,-16.58949940026552
2015-01-02 07:00:00,10.5,86,0.0,15.4,11,-2.938458528798787,-15.117058625094026
2015-01-02 08:00:00,12.1,86,0.0,15.6,7,-1.901161757120296,-15.483719965604624
2015-01-02 09:00:00,14.4,74,0.0,16.6,1,-0.2897099468589061,-16.597471739596095
2015-01-02 10:00:00,15.4,71,0.0,17.7,2,-0.6177210916342635,-17.689217638237995
2015-01-02 11:00:00,16.2,69,0.0,18.4,1,-0.3211242784460163,-18.3971975908776
2015-01-02 12:00:00,16.3,69,0.0,18.4,2,-0.642150739326014,-18.38879121715136
2015-01-02 13:00:00,16.7,69,0.1,17.6,360,1.077689183249671e-15,-17.6
2015-01-02 14:00:00,16.8,68,0.0,19.1,358,0.6665803870177707,-19.08836479606473
2015-01-02 15:00:00,16.7,65,0.0,20.5,359,0.35777433196431374,-20.49687775070602
2015-01-02 16:00:00,16.1,68,0.0,19.8,359,0.34555764745821527,-19.79698436409655
2015-01-02 17:00:00,15.0,73,0.1,16.9,360,1.0348265452795135e-15,-16.9
2015-01-02 18:00:00,13.9,80,0.1,15.8,1,-0.27574802170907925,-15.797593583470983
2015-01-02 19:00:00,13.3,84,0.2,14.5,6,-1.5156627173809738,-14.420567482839964
2015-01-02 20:00:00,12.7,89,0.2,13.8,6,-1.4424927930936164,-13.724402156082174
2015-01-02 21:00:00,12.3,90,0.1,13.0,5,-1.1330246557195571,-12.950531075192693
2015-01-02 22:00:00,12.1,91,0.2,13.0,3,-0.680367431158276,-12.98218395180946
2015-01-02 23:00:00,12.0,91,0.2,12.6,3,-0.6594330486610982,-12.58273213790763
2015-01-03 00:00:00,12.0,92,0.2,11.9,3,-0.6227978792910372,-11.88369146357943
2015-01-03 01:00:00,11.8,92,0.2,11.9,360,7.286648454926752e-16,-11.9
2015-01-03 02:00:00,11.9,91,0.2,12.6,360,7.715274834628325e-16,-12.6
2015-01-03 03:00:00,11.6,91,0.2,12.3,5,-1.0720156357961965,-12.253194786528471
2015-01-03 04:00:00,12.4,86,0.0,10.3,12,-2.141490415422926,-10.074920287558198
2015-01-03 05:00:00,12.4,86,0.0,9.1,7,-1.1090110249868392,-9.03216997993603
2015-01-03 06:00:00,11.8,88,0.0,8.5,12,-1.767249371950958,-8.314254606237347
2015-01-03 07:00:00,12.1,87,0.0,8.9,14,-2.1531048708370433,-8.635631963856369
2015-01-03 08:00:00,12.9,91,0.0,6.1,360,3.735172737399427e-16,-6.1
2015-01-03 09:00:00,14.7,86,0.0,7.3,351,1.1419715947936857,-7.210124886344506
2015-01-03 10:00:00,15.7,78,0.1,6.6,347,1.4846769586695083,-6.430842427582553
2015-01-03 11:00:00,16.6,74,0.0,4.5,331,2.181643291108517,-3.935788682127281
2015-01-03 12:00:00,16.9,71,0.0,4.0,297,3.5640260967534716,-1.815961998958187
2015-01-03 13:00:00,17.4,68,0.0,5.9,281,5.791600382341218,-1.1257730727216144
2015-01-03 14:00:00,17.3,67,0.0,6.7,286,6.440453362786736,-1.8467702839738944
2015-01-03 15:00:00,16.8,72,0.2,5.8,300,5.022947341949744,-2.8999999999999995
2015-01-03 16:00:00,16.2,74,0.2,4.0,333,1.8159619989581872,-3.564026096753471
2015-01-03 17:00:00,15.5,77,0.3,3.0,14,-0.7257656867990033,-2.9108871788279895
2015-01-03 18:00:00,14.6,85,0.3,5.0,60,-4.330127018922193,-2.5000000000000004
2015-01-03 19:00:00,13.9,89,0.2,4.3,66,-3.9282454678631837,-1.7489675652259409
2015-01-03 20:00:00,13.4,91,0.2,4.0,63,-3.5640260967534716,-1.8159619989581868
2015-01-03 21:00:00,13.1,91,0.2,3.0,76,-2.9108871788279895,-0.7257656867990026
2015-01-03 22:00:00,13.2,88,0.2,1.9,68,-1.761649323676896,-0.7117525274902328
2015-01-03 23:00:00,14.1,81,0.2,1.5,76,-1.4554435894139948,-0.3628828433995013
2015-01-04 00:00:00,14.2,80,0.1,1.9,68,-1.761649323676896,-0.7117525274902328
2015-01-04 01:00:00,14.1,80,0.1,2.4,63,-2.138415658052083,-1.089577199374912
2015-01-04 02:00:00,14.0,80,0.0,2.9,60,-2.5114736709748717,-1.4500000000000002
2015-01-04 03:00:00,13.4,82,0.0,3.4,32,-1.801725498392897,-2.883363526931848
2015-01-04 04:00:00,12.7,84,0.0,5.4,20,-1.8469087739586103,-5.074340152243906
2015-01-04 05:00:00,12.4,83,0.0,6.2,21,-2.2218812871808646,-5.78819864428265
2015-01-04 06:00:00,13.0,80,0.0,6.2,36,-3.644268564213334,-5.015905365124674
2015-01-04 07:00:00,13.8,77,0.0,5.0,30,-2.500000000000002,-4.330127018922192
2015-01-04 08:00:00,14.6,81,0.0,4.6,18,-1.4214781741247586,-4.3748599749577055
2015-01-04 09:00:00,16.5,75,0.0,5.1,356,0.35575801609503865,-5.087576656325103
2015-01-04 10:00:00,17.9,65,0.0,5.2,348,1.0811407922523493,-5.086367523815789
2015-01-04 11:00:00,18.9,61,0.0,5.3,332,2.4881992827652213,-4.679622242152313
2015-01-04 12:00:00,19.7,57,0.0,6.9,321,4.342310698243879,-5.3623071340531
2015-01-04 13:00:00,20.1,56,0.0,9.3,324,5.46640284632,-7.523858047687012
2015-01-04 14:00:00,20.0,56,0.0,10.0,330,5.000000000000001,-8.660254037844386
2015-01-04 15:00:00,19.7,56,0.0,9.0,337,3.5165801564034633,-8.284543681071963
2015-01-04 16:00:00,19.1,59,0.0,8.0,342,2.4721359549995796,-7.608452130361228
2015-01-04 17:00:00,17.9,66,0.0,6.9,351,1.0793978087775935,-6.815049550106451
2015-01-04 18:00:00,16.1,75,0.0,9.4,4,-0.6557108531947805,-9.377102072442348
2015-01-04 19:00:00,14.6,84,0.0,10.2,23,-3.9854575105905927,-9.38914950521489
2015-01-04 20:00:00,14.0,84,0.0,9.2,31,-4.738350289172501,-7.885939166459431
2015-01-04 21:00:00,14.0,82,0.0,9.2,31,-4.738350289172501,-7.885939166459431
2015-01-04 22:00:00,14.0,82,0.0,8.5,36,-4.996174644486023,-6.876644452187052
2015-01-04 23:00:00,14.6,79,0.0,7.7,37,-4.6339756782707715,-6.149493427364155
2015-01-05 00:00:00,14.7,78,0.0,6.8,32,-3.603450996785794,-5.766727053863696
2015-01-05 01:00:00,14.4,79,0.0,5.9,38,-3.632402704421383,-4.649263446279661
2015-01-05 02:00:00,14.1,80,0.0,5.1,45,-3.606244584051393,-3.606244584051392
2015-01-05 03:00:00,11.8,84,0.0,4.6,45,-3.2526911934581193,-3.252691193458118
2015-01-05 04:00:00,10.9,87,0.0,5.4,42,-3.613305274337834,-4.01298205757793
2015-01-05 05:00:00,10.6,87,0.0,5.9,38,-3.632402704421383,-4.649263446279661
2015-01-05 06:00:00,10.7,86,0.0,6.9,47,-5.0463405411722775,-4.705788684431239
2015-01-05 07:00:00,11.4,83,0.0,8.4,40,-5.3994159213669315,-6.434773322199415
2015-01-05 08:00:00,14.2,80,0.0,7.4,29,-3.5875911898228927,-6.4721858328315305
2015-01-05 09:00:00,17.6,69,0.0,7.2,6,-0.7526049355271042,-7.160557646651569
2015-01-05 10:00:00,19.4,60,0.0,7.6,352,1.0577155672964975,-7.5260373224359345
2015-01-05 11:00:00,20.8,54,0.0,7.9,344,2.1775351109542935,-7.59396739791272
2015-01-05 12:00:00,21.5,51,0.0,8.2,345,2.12231616984067,-7.92059177557036
2015-01-05 13:00:00,21.9,51,0.0,8.6,345,2.2258437878816784,-8.306962106085987
2015-01-05 14:00:00,21.9,52,0.0,8.8,348,1.8296228791962834,-8.60769888645749
2015-01-05 15:00:00,22.1,53,0.0,8.4,353,1.023702484603239,-8.337387673787106
2015-01-05 16:00:00,21.5,58,0.0,7.6,3,-0.39775326744637673,-7.589584464134761
2015-01-05 17:00:00,20.2,64,0.0,8.8,9,-1.3766232923540331,-8.691657397237211
2015-01-05 18:00:00,18.1,74,0.0,10.4,20,-3.557009490586953,-9.772803256173448
2015-01-05 19:00:00,16.1,83,0.0,10.1,27,-4.585304047369424,-8.999165894302514
2015-01-05 20:00:00,15.4,82,0.0,9.2,21,-3.296985135816766,-8.588939923774255
2015-01-05 21:00:00,15.2,81,0.0,9.3,13,-2.092044805397947,-9.061641602502688
2015-01-05 22:00:00,14.7,81,0.0,9.6,13,-2.1595301217011063,-9.353952621938257
2015-01-05 23:00:00,14.4,81,0.0,9.7,15,-2.51054473749445,-9.369480515003962
2015-01-06 00:00:00,14.0,80,0.0,10.0,21,-3.583679495453007,-9.335804264972015
2015-01-06 01:00:00,13.8,78,0.0,9.8,28,-4.600821315301729,-8.652886410017485
2015-01-06 02:00:00,13.4,78,0.0,9.0,29,-4.3632865822170315,-7.871577364254564
2015-01-06 03:00:00,14.3,76,0.0,8.8,35,-5.047472639889208,-7.208537989743126
2015-01-06 04:00:00,14.5,75,0.0,7.7,53,-6.149493427364155,-4.633975678270772
2015-01-06 05:00:00,14.6,74,0.0,6.1,62,-5.385980316439453,-2.863776532993934
2015-01-06 06:00:00,14.7,73,0.0,7.7,49,-5.811263767715346,-5.051654523226905
2015-01-06 07:00:00,14.8,75,0.0,7.7,62,-6.798696465013737,-3.61493103345136
2015-01-06 08:00:00,16.1,78,0.0,5.9,52,-4.64926344627966,-3.6324027044213834
2015-01-06 09:00:00,19.3,73,0.0,5.7,35,-3.2693856872009643,-4.669166652447252
2015-01-06 10:00:00,20.8,69,0.0,6.5,19,-2.116193003971518,-6.1458707413955596
2015-01-06 11:00:00,21.9,67,0.0,7.6,8,-1.0577155672965002,-7.526037322435934
2015-01-06 12:00:00,22.8,69,0.0,8.3,355,0.7233926648055626,-8.268415994161488
2015-01-06 13:00:00,22.8,72,0.0,10.1,343,2.952954217699641,-9.658678035226657
2015-01-06 14:00:00,23.0,72,0.0,12.0,339,4.300415394543604,-11.202965117966421
2015-01-06 15:00:00,22.5,75,0.0,13.9,339,4.981314498679676,-12.976767928311105
2015-01-06 16:00:00,21.4,78,0.0,14.2,344,3.914050452601388,-13.649916082324127
2015-01-06 17:00:00,20.1,82,0.0,12.8,349,2.442355140819775,-12.5648279481301
2015-01-06 18:00:00,18.6,88,0.0,11.7,349,2.2324652459055754,-11.485038046337667
2015-01-06 19:00:00,17.8,92,0.0,11.5,360,7.041719095097281e-16,-11.5
2015-01-06 20:00:00,16.8,95,0.0,11.5,360,7.041719095097281e-16,-11.5
2015-01-06 21:00:00,16.3,95,0.0,13.3,358,0.4641633061432644,-13.291897999353974
2015-01-06 22:00:00,16.0,95,0.0,13.8,6,-1.4424927930936164,-13.724402156082174
2015-01-06 23:00:00,16.4,93,0.0,12.3,7,-1.4989929238833102,-12.208317665188263
2015-01-07 00:00:00,16.9,91,0.0,13.0,3,-0.680367431158276,-12.98218395180946
2015-01-07 01:00:00,16.8,89,0.0,13.0,360,7.960204194457795e-16,-13.0
2015-01-07 02:00:00,16.5,89,0.0,15.1,357,0.7902729392684539,-15.079305974794064
2015-01-07 03:00:00,15.4,90,0.0,18.0,3,-0.9420472123729975,-17.975331625582328
2015-01-07 04:00:00,15.1,90,0.0,17.8,7,-2.16927431261162,-17.667321499215532
2015-01-07 05:00:00,14.6,92,0.0,18.4,3,-0.9629815948701752,-18.37478343948416
2015-01-07 06:00:00,14.2,92,0.0,20.5,2,-0.7154396824012657,-20.487511953891463
2015-01-07 07:00:00,14.2,93,0.0,20.5,1,-0.3577743319643117,-20.49687775070602
2015-01-07 08:00:00,15.9,91,0.0,21.6,358,0.7538291287740234,-21.58684186361247
2015-01-07 09:00:00,18.2,84,0.1,24.1,358,0.841077870530276,-24.08531893116021
2015-01-07 10:00:00,19.1,81,0.1,25.2,1,-0.4398006422195441,-25.19616191794106
2015-01-07 11:00:00,19.7,79,0.1,25.6,360,1.5675479029086122e-15,-25.6
2015-01-07 12:00:00,19.8,77,0.1,27.0,358,0.9422864109675292,-26.983552329515586
2015-01-07 13:00:00,19.7,76,0.0,28.8,1,-0.5026293053937647,-28.79561362050407
2015-01-07 14:00:00,19.8,74,0.0,28.6,6,-2.989514049454886,-28.44332620753262
2015-01-07 15:00:00,19.3,72,0.0,27.8,3,-1.4549395835538517,-27.761901066177153
2015-01-07 16:00:00,18.4,74,0.0,27.7,1,-0.48343165831275287,-27.695781155832037
2015-01-07 17:00:00,17.2,76,0.0,27.7,1,-0.48343165831275287,-27.695781155832037
2015-01-07 18:00:00,16.0,78,0.0,27.8,4,-1.939229970086691,-27.732280597223113
2015-01-07 19:00:00,15.6,78,0.0,27.0,2,-0.9422864109675205,-26.983552329515586
2015-01-07 20:00:00,15.2,79,0.0,28.4,360,1.7389984547892415e-15,-28.4
2015-01-07 21:00:00,14.8,80,0.0,28.8,2,-1.005105505032022,-28.78245581814996
2015-01-07 22:00:00,14.5,80,0.0,27.7,2,-0.966716058659271,-27.683125908428952
2015-01-07 23:00:00,14.3,79,0.0,27.7,1,-0.48343165831275287,-27.695781155832037
2015-01-08 00:00:00,14.2,78,0.0,27.4,1,-0.4781959363815678,-27.395826847285118
2015-01-08 01:00:00,13.8,79,0.0,27.4,2,-0.9562462096485208,-27.383308660323223
2015-01-08 02:00:00,13.7,78,0.0,27.4,3,-1.434005201056674,-27.362449252275322
2015-01-08 03:00:00,13.6,75,0.0,27.4,4,-1.9113273805890407,-27.333254977119182
2015-01-08 04:00:00,13.3,75,0.0,27.4,4,-1.9113273805890407,-27.333254977119182
2015-01-08 05:00:00,13.0,75,0.0,27.8,4,-1.939229970086691,-27.732280597223113
2015-01-08 06:00:00,12.6,75,0.0,28.2,5,-2.4577919454839625,-28.092690486187223
2015-01-08 07:00:00,12.5,75,0.0,28.9,5,-2.518800965407323,-28.790026774851444
2015-01-08 08:00:00,13.3,75,0.0,28.6,5,-2.492654242583026,-28.491168365423924
2015-01-08 09:00:00,15.1,68,0.0,28.9,5,-2.518800965407323,-28.790026774851444
2015-01-08 10:00:00,16.4,64,0.0,30.0,4,-2.0926942123237673,-29.926921507794727
2015-01-08 11:00:00,17.3,62,0.0,31.0,3,-1.6224146435312734,-30.95751557739179
2015-01-08 12:00:00,17.9,61,0.0,30.7,3,-1.6067138566583903,-30.657926716965417
2015-01-08 13:00:00,18.1,60,0.0,30.3,3,-1.5857794741612126,-30.258474903063586
2015-01-08 14:00:00,18.0,60,0.0,29.6,3,-1.5491443047911515,-29.559434228735388
2015-01-08 15:00:00,17.4,60,0.0,28.8,2,-1.005105505032022,-28.78245581814996
2015-01-08 16:00:00,16.4,63,0.0,27.4,2,-0.9562462096485208,-27.383308660323223
2015-01-08 17:00:00,15.0,68,0.0,24.8,1,-0.43281967964463075,-24.796222839878503
2015-01-08 18:00:00,13.7,71,0.0,21.3,3,-1.1147558679747138,-21.270809090272422
2015-01-08 19:00:00,13.0,75,0.0,18.7,2,-0.6526205883367642,-18.68860846525709
2015-01-08 20:00:00,12.4,77,0.0,18.0,360,1.102182119232618e-15,-18.0
2015-01-08 21:00:00,11.8,82,0.0,18.0,3,-0.9420472123729975,-17.975331625582328
2015-01-08 22:00:00,11.1,85,0.0,17.7,5,-1.542656646633551,-17.632646156223895
2015-01-08 23:00:00,10.9,85,0.0,18.8,3,-0.983915977367353,-18.77423525338599
2015-01-09 00:00:00,10.8,85,0.0,19.2,5,-1.6733902607550384,-19.126938203361515
2015-01-09 01:00:00,10.9,85,0.0,18.8,5,-1.638527963655975,-18.728460324124818
2015-01-09 02:00:00,10.8,86,0.0,19.1,4,-1.3323486485127987,-19.053473359962645
2015-01-09 03:00:00,10.6,86,0.0,19.5,4,-1.3602512380104488,-19.452498980066572
2015-01-09 04:00:00,10.9,85,0.0,19.2,5,-1.6733902607550384,-19.126938203361515
2015-01-09 05:00:00,10.8,87,0.0,19.8,3,-1.0362519336102973,-19.772864788140563
2015-01-09 06:00:00,10.6,87,0.0,18.5,7,-2.2545828529952225,-18.36210380536446
2015-01-09 07:00:00,10.3,87,0.0,17.4,6,-1.8187952608571683,-17.304680979407955
2015-01-09 08:00:00,12.1,87,0.0,17.7,5,-1.542656646633551,-17.632646156223895
2015-01-09 09:00:00,15.3,72,0.0,18.1,5,-1.5775189437326145,-18.031124035460596
2015-01-09 10:00:00,16.6,68,0.0,17.7,2,-0.6177210916342635,-17.689217638237995
2015-01-09 11:00:00,17.6,66,0.0,18.0,359,0.3141433158711048,-17.997258512815044
2015-01-09 12:00:00,18.0,66,0.0,18.7,359,0.32636000037720325,-18.697151899424515
2015-01-09 13:00:00,18.2,65,0.0,19.8,360,1.2124003311558797e-15,-19.8
2015-01-09 14:00:00,18.0,66,0.0,20.2,360,1.2368932671388266e-15,-20.2
2015-01-09 15:00:00,17.8,65,0.0,21.2,359,0.36999101647041227,-21.196771137315494
2015-01-09 16:00:00,17.0,68,0.0,20.9,2,-0.7293994810822658,-20.8872682846991
2015-01-09 17:00:00,16.1,72,0.0,17.0,5,-1.4816476267101901,-16.935309867559674
2015-01-09 18:00:00,15.2,75,0.0,15.2,5,-1.3247672897644054,-15.142159410994532
2015-01-09 19:00:00,14.4,78,0.0,15.5,4,-1.0812253430339465,-15.462242779027275
2015-01-09 20:00:00,13.5,84,0.0,17.3,4,-1.2067869957733726,-17.257858069494958
2015-01-09 21:00:00,13.1,86,0.0,17.0,5,-1.4816476267101901,-16.935309867559674
2015-01-09 22:00:00,12.8,86,0.0,16.6,2,-0.5793316452615127,-16.58988772851699
2015-01-09 23:00:00,12.5,88,0.0,16.6,2,-0.5793316452615127,-16.58988772851699
2015-01-10 00:00:00,12.1,90,0.0,16.2,3,-0.8478424911356978,-16.177798463024097
2015-01-10 01:00:00,11.8,90,0.0,15.2,5,-1.3247672897644054,-15.142159410994532
2015-01-10 02:00:00,11.5,91,0.0,15.1,3,-0.790272939268459,-15.079305974794064
2015-01-10 03:00:00,11.6,91,0.1,15.9,4,-1.1091279325315968,-15.861268399131205
2015-01-10 04:00:00,11.7,90,0.0,15.6,7,-1.901161757120296,-15.483719965604624
2015-01-10 05:00:00,11.6,90,0.0,15.2,5,-1.3247672897644054,-15.142159410994532
2015-01-10 06:00:00,11.5,91,0.1,14.8,6,-1.5470212563612697,-14.718924051450447
2015-01-10 07:00:00,11.6,90,0.1,14.2,9,-2.2213694035712805,-14.025174436450953
2015-01-10 08:00:00,12.8,92,0.1,14.1,6,-1.4738513320739124,-14.022758724692654
2015-01-10 09:00:00,15.2,85,0.1,14.8,3,-0.7745721523955758,-14.779717114367694
2015-01-10 10:00:00,15.8,81,0.3,15.9,3,-0.8321417042628145,-15.878209602597725
2015-01-10 11:00:00,16.9,77,0.3,15.8,1,-0.27574802170907925,-15.797593583470983
2015-01-10 12:00:00,17.4,75,0.3,16.2,359,0.2827289842839943,-16.197532661533536
2015-01-10 13:00:00,17.6,75,0.3,16.9,360,1.0348265452795135e-15,-16.9
2015-01-10 14:00:00,17.8,74,0.3,17.7,4,-1.2346895852710227,-17.65688368959889
2015-01-10 15:00:00,17.4,73,0.2,17.4,6,-1.8187952608571683,-17.304680979407955
2015-01-10 16:00:00,17.1,74,0.1,15.3,9,-2.393447315115535,-15.111631611105606
2015-01-10 17:00:00,16.5,76,0.0,12.3,7,-1.4989929238833102,-12.208317665188263
2015-01-10 18:00:00,15.8,79,0.0,13.0,358,0.453693457132514,-12.992080751248245
2015-01-10 19:00:00,14.5,86,0.0,15.5,360,9.491012693391988e-16,-15.5
2015-01-10 20:00:00,14.1,87,0.0,16.3,6,-1.70381395126275,-16.210706894502856
2015-01-10 21:00:00,13.6,90,0.0,15.3,8,-2.129348444689007,-15.151101451746026
2015-01-10 22:00:00,13.3,90,0.0,13.8,6,-1.4424927930936164,-13.724402156082174
2015-01-10 23:00:00,13.4,89,0.0,12.2,2,-0.42577385977050924,-12.192568089632967
2015-01-11 00:00:00,13.5,88,0.0,10.8,2,-0.37691456438700827,-10.793420931806235
2015-01-11 01:00:00,13.3,88,0.0,10.1,358,0.3524849166952609,-10.093847352892867
2015-01-11 02:00:00,13.8,86,0.0,9.8,354,1.024378940023004,-9.746314574609078
2015-01-11 03:00:00,14.5,82,0.1,9.0,355,0.7844016847289232,-8.96575228282571
2015-01-11 04:00:00,14.7,82,0.0,6.8,360,4.1637991171010006e-16,-6.8
2015-01-11 05:00:00,14.6,82,0.1,6.3,347,1.4171916423663489,-6.1385314081469815
2015-01-11 06:00:00,14.4,84,0.1,6.6,9,-1.0324674692655247,-6.5187430479279085
2015-01-11 07:00:00,14.4,84,0.2,7.3,20,-2.49674704627738,-6.859756131737131
2015-01-11 08:00:00,14.9,86,0.1,6.0,17,-1.7542302283364226,-5.7378285357782115
2015-01-11 09:00:00,16.2,84,0.1,7.0,12,-1.4553818357243185,-6.847033205136639
2015-01-11 10:00:00,16.9,80,0.0,7.4,14,-1.7902220274375418,-7.180188374442374
2015-01-11 11:00:00,17.9,77,0.1,7.2,3,-0.376818884949199,-7.190132650232932
2015-01-11 12:00:00,18.7,75,0.2,9.3,347,2.092044805397944,-9.06164160250269
2015-01-11 13:00:00,18.9,73,0.2,12.5,348,2.598896135221993,-12.22684500917257
2015-01-11 14:00:00,18.9,71,0.2,15.5,356,1.0812253430339411,-15.462242779027275
2015-01-11 15:00:00,18.7,76,0.3,16.3,5,-1.4206386067868295,-16.237973578895453
2015-01-11 16:00:00,18.2,78,0.2,14.6,10,-2.535263393937183,-14.378193193978237
2015-01-11 17:00:00,17.5,82,0.1,13.3,13,-2.991849022773408,-12.959121861643627
2015-01-11 18:00:00,16.5,87,0.1,13.0,14,-3.144984642795681,-12.613844441587954
2015-01-11 19:00:00,15.9,90,0.2,12.3,15,-3.1834742547610038,-11.88088766335554
2015-01-11 20:00:00,15.5,90,0.1,12.4,8,-1.7257464519048162,-12.279324052395472
2015-01-11 21:00:00,15.4,91,0.2,12.3,7,-1.4989929238833102,-12.208317665188263
2015-01-11 22:00:00,15.3,91,0.4,12.1,10,-2.101142949769857,-11.916173811447717
2015-01-11 23:00:00,15.2,91,0.4,11.3,9,-1.7677094549546108,-11.160878248725057
2015-01-12 00:00:00,15.4,90,0.3,11.3,7,-1.3771235804781632,-11.21577151354694
2015-01-12 01:00:00,15.4,89,0.3,9.7,4,-0.676637795318018,-9.676371287520293
2015-01-12 02:00:00,15.2,91,0.3,8.0,350,1.3891854213354433,-7.878462024097664
2015-01-12 03:00:00,16.2,84,0.1,10.2,10,-1.7712114122026892,-10.045039080724521
2015-01-12 04:00:00,16.6,81,0.0,7.4,14,-1.7902220274375418,-7.180188374442374
2015-01-12 05:00:00,15.2,90,0.0,3.3,6,-0.3449439287832561,-3.281922254715302
2015-01-12 06:00:00,15.1,92,0.0,4.3,5,-0.37476969381493047,-4.283637201794505
2015-01-12 07:00:00,15.1,92,0.2,8.8,19,-2.864999759222979,-8.320563465273988
2015-01-12 08:00:00,15.9,92,0.2,10.1,6,-1.055737479003299,-10.044671143219562
2015-01-12 09:00:00,16.8,91,0.2,10.8,358,0.3769145643870117,-10.793420931806235
2015-01-12 10:00:00,17.4,86,0.0,11.7,9,-1.830283240970703,-11.55595358496311
2015-01-12 11:00:00,18.2,82,0.0,11.9,5,-1.0371533386971332,-11.854716907291772
2015-01-12 12:00:00,18.2,82,0.0,14.5,7,-1.767105479374634,-14.39191919879917
2015-01-12 13:00:00,18.6,79,0.0,16.7,7,-2.0352180348659576,-16.575520732410077
2015-01-12 14:00:00,19.4,74,0.0,18.1,6,-1.891965185144526,-18.00084630616575
2015-01-12 15:00:00,18.7,77,0.3,19.3,9,-3.019185175276459,-19.062384973486157
2015-01-12 16:00:00,18.2,81,0.5,18.8,7,-2.291143656016767,-18.659867650856857
2015-01-12 17:00:00,17.6,83,0.2,16.3,6,-1.70381395126275,-16.210706894502856
2015-01-12 18:00:00,16.8,85,0.2,14.6,16,-4.0243053949281835,-14.034420760699458
2015-01-12 19:00:00,16.4,86,0.0,12.0,9,-1.8772135804827723,-11.852260087141651
2015-01-12 20:00:00,15.9,88,0.0,10.1,360,6.184466335694133e-16,-10.1
2015-01-12 21:00:00,16.0,87,0.0,9.7,358,0.33852511801426044,-9.694091022085228
2015-01-12 22:00:00,16.3,84,0.1,10.4,2,-0.36295476570600793,-10.393664600998596
2015-01-12 23:00:00,16.2,85,0.1,10.2,8,-1.4195656297926713,-10.100734301164016
2015-01-13 00:00:00,16.0,86,0.2,8.3,2,-0.28966582263075635,-8.294943864258496
2015-01-13 01:00:00,15.9,87,0.2,7.9,357,0.41345405431925736,-7.889173324561134
2015-01-13 02:00:00,16.1,86,0.3,8.0,10,-1.3891854213354426,-7.878462024097664
2015-01-13 03:00:00,16.2,83,0.4,6.4,27,-2.9055391983331003,-5.702441754805554
2015-01-13 04:00:00,16.1,83,0.0,3.9,34,-2.1808523235359116,-3.233246532964663
2015-01-13 05:00:00,15.9,84,0.0,2.2,351,0.34415582308850806,-2.1729143493093033
2015-01-13 06:00:00,15.6,84,0.1,1.4,270,1.4,0.0
2015-01-13 07:00:00,15.5,83,0.0,1.9,338,0.7117525274902327,-1.761649323676896
2015-01-13 08:00:00,16.0,86,0.0,2.8,310,2.1449244407331385,-1.7998053071223097
2015-01-13 09:00:00,18.1,83,0.0,3.9,292,3.616017032810471,-1.460965714322057
2015-01-13 10:00:00,19.4,78,0.0,5.9,308,4.64926344627966,-3.6324027044213842
2015-01-13 11:00:00,20.9,73,0.0,10.2,312,7.580077219869421,-6.825132184860354
2015-01-13 12:00:00,21.7,70,0.0,15.0,318,10.036959095382873,-11.147172382160914
2015-01-13 13:00:00,21.8,70,0.0,18.1,325,10.381733497953936,-14.826652001630753
2015-01-13 14:00:00,21.2,73,0.0,18.4,332,8.63827675526039,-16.246235708604253
2015-01-13 15:00:00,20.0,81,0.0,16.9,331,8.193282582163096,-14.781073050655786
2015-01-13 16:00:00,19.2,83,0.0,14.9,328,7.895797037074753,-12.635916632730748
2015-01-13 17:00:00,18.1,88,0.2,14.2,324,8.346550582553117,-11.488041320124253
2015-01-13 18:00:00,16.8,95,0.3,17.6,329,9.064670118416954,-15.086144492357178
2015-01-13 19:00:00,16.1,97,0.3,21.0,338,7.866738461734151,-19.470860945902537
2015-01-13 20:00:00,15.6,97,0.3,26.0,343,7.601664322791156,-24.86392365503892
2015-01-13 21:00:00,14.8,97,0.3,24.9,350,4.323839623906567,-24.521713050003978
2015-01-13 22:00:00,14.2,96,0.4,21.7,354,2.26826765290808,-21.58112512949153
2015-01-13 23:00:00,14.0,96,0.8,19.2,354,2.0069464947389464,-19.094820391070847
2015-01-14 00:00:00,13.8,96,0.9,18.2,352,2.5329504374731915,-18.02287885109658
2015-01-14 01:00:00,13.6,96,1.2,16.6,4,-1.1579574641524848,-16.55956323431308
2015-01-14 02:00:00,13.7,96,1.2,15.0,11,-2.8621349306481694,-14.72440775171496
2015-01-14 03:00:00,14.1,95,0.5,12.1,17,-3.537697627145119,-11.571287547152727
2015-01-14 04:00:00,14.3,95,0.4,9.7,27,-4.403707847473605,-8.642763284627167
2015-01-14 05:00:00,14.3,94,0.0,9.7,15,-2.51054473749445,-9.369480515003962
2015-01-14 06:00:00,14.7,92,0.0,14.9,353,1.8158532167366976,-14.788937659455698
2015-01-14 07:00:00,14.6,93,0.0,20.6,355,1.7954083006017578,-20.521610780689958
2015-01-14 08:00:00,14.6,94,0.0,21.6,358,0.7538291287740234,-21.58684186361247
2015-01-14 09:00:00,15.6,89,0.0,23.8,356,1.6602040751101805,-23.742024396183815
2015-01-14 10:00:00,16.5,82,0.0,25.2,358,0.8794673169030272,-25.184648840881213
2015-01-14 11:00:00,17.7,76,0.0,26.6,360,1.6287802428659798e-15,-26.6
2015-01-14 12:00:00,18.6,72,0.0,27.7,1,-0.48343165831275287,-27.695781155832037
2015-01-14 13:00:00,19.1,70,0.0,28.4,1,-0.49564834281885134,-28.395674542441512
2015-01-14 14:00:00,19.2,70,0.0,29.2,1,-0.5096102679686781,-29.195552698566626
2015-01-14 15:00:00,18.8,71,0.0,30.2,1,-0.5270626744059617,-30.195400393723016
2015-01-14 16:00:00,17.8,73,0.0,29.9,1,-0.5218269524747765,-29.895446085176097
2015-01-14 17:00:00,16.4,76,0.0,28.5,2,-0.9946356560212717,-28.48263857004423
2015-01-14 18:00:00,15.0,80,0.0,25.9,1,-0.45201732672564254,-25.896055304550533
2015-01-14 19:00:00,14.4,81,0.0,25.2,357,1.318866097322188,-25.16546427581526
2015-01-14 20:00:00,13.9,83,0.0,24.2,357,1.266530141079244,-24.166834741060686
2015-01-14 21:00:00,13.4,84,0.0,23.0,360,1.4083438190194562e-15,-23.0
2015-01-14 22:00:00,12.9,86,0.0,22.3,2,-0.778258776465767,-22.286415442525836
2015-01-14 23:00:00,12.6,86,0.0,22.4,4,-1.562545011868413,-22.34543472582006
2015-01-15 00:00:00,12.3,86,0.0,21.7,6,-2.2682676529080776,-21.581125129491532
2015-01-15 01:00:00,12.0,86,0.0,20.6,5,-1.79540830060176,-20.521610780689958
2015-01-15 02:00:00,12.2,85,0.0,19.9,5,-1.734399280678399,-19.824274492025737
2015-01-15 03:00:00,12.3,84,0.0,19.9,4,-1.388153827508099,-19.8515246001705
2015-01-15 04:00:00,12.0,85,0.0,19.9,4,-1.388153827508099,-19.8515246001705
2015-01-15 05:00:00,12.1,85,0.0,20.2,3,-1.057186316107475,-20.17231660204239
2015-01-15 06:00:00,11.8,86,0.0,19.2,6,-2.0069464947389446,-19.094820391070847
2015-01-15 07:00:00,11.4,87,0.0,19.5,3,-1.020551146737414,-19.47327592771419
2015-01-15 08:00:00,13.0,86,0.0,21.2,1,-0.36999101647041016,-21.196771137315494
2015-01-15 09:00:00,16.5,72,0.0,23.1,3,-1.2089605892120137,-23.068342252830657
2015-01-15 10:00:00,17.6,69,0.0,23.1,3,-1.2089605892120137,-23.068342252830657
2015-01-15 11:00:00,18.5,66,0.0,23.8,2,-0.8306080215195182,-23.78550168305448
2015-01-15 12:00:00,19.2,65,0.0,24.8,360,1.518562030942718e-15,-24.8
2015-01-15 13:00:00,19.6,64,0.0,25.2,1,-0.4398006422195441,-25.19616191794106
2015-01-15 14:00:00,19.6,64,0.0,24.9,2,-0.868997467892269,-24.884831592775484
2015-01-15 15:00:00,19.0,64,0.0,23.8,2,-0.8306080215195182,-23.78550168305448
2015-01-15 16:00:00,18.3,67,0.0,22.0,1,-0.38395294162023696,-21.99664929344061
2015-01-15 17:00:00,16.9,72,0.0,19.4,360,1.1879073951729326e-15,-19.4
2015-01-15 18:00:00,15.4,77,0.0,15.5,360,9.491012693391988e-16,-15.5
2015-01-15 19:00:00,14.4,82,0.0,14.1,4,-0.9835662797921707,-14.06565310866352
2015-01-15 20:00:00,13.6,86,0.0,13.4,5,-1.1678869528186206,-13.34900895442939
2015-01-15 21:00:00,13.5,84,0.0,13.3,3,-0.6960682180311593,-13.281772812235833
2015-01-15 22:00:00,13.9,82,0.0,12.6,2,-0.4397336584515096,-12.592324420440606
2015-01-15 23:00:00,13.8,83,0.0,12.6,360,7.715274834628325e-16,-12.6
2015-01-16 00:00:00,13.7,84,0.0,12.6,3,-0.6594330486610982,-12.58273213790763
2015-01-16 01:00:00,13.5,85,0.0,12.6,3,-0.6594330486610982,-12.58273213790763
2015-01-16 02:00:00,13.3,87,0.0,12.3,3,-0.643732261788215,-12.283143277481258
2015-01-16 03:00:00,13.2,86,0.0,11.9,5,-1.0371533386971332,-11.854716907291772
2015-01-16 04:00:00,12.7,88,0.0,13.0,5,-1.1330246557195571,-12.950531075192693
2015-01-16 05:00:00,12.1,90,0.0,14.0,1,-0.24433369012196898,-13.997867732189478
2015-01-16 06:00:00,11.7,92,0.0,13.7,360,8.388830574159369e-16,-13.7
2015-01-16 07:00:00,11.5,93,0.0,14.0,1,-0.24433369012196898,-13.997867732189478
2015-01-16 08:00:00,13.2,93,0.0,14.8,4,-1.0323958114130587,-14.763947943845398
2015-01-16 09:00:00,16.0,82,0.0,15.9,4,-1.1091279325315968,-15.861268399131205
2015-01-16 10:00:00,17.0,78,0.0,17.7,2,-0.6177210916342635,-17.689217638237995
2015-01-16 11:00:00,18.0,74,0.0,19.5,2,-0.6805401856987648,-19.488121126872368
2015-01-16 12:00:00,18.5,71,0.0,20.9,359,0.36475529453922717,-20.896816828768575
2015-01-16 13:00:00,18.5,70,0.0,22.3,357,1.1670918242176505,-22.269438625026996
2015-01-16 14:00:00,18.3,71,0.0,23.4,356,1.6323014856125304,-23.342998776079884
2015-01-16 15:00:00,18.2,70,0.0,23.8,357,1.2455957585820665,-23.76738292715886
2015-01-16 16:00:00,17.6,72,0.0,23.1,358,0.806178373827775,-23.085928104141114
2015-01-16 17:00:00,16.4,76,0.0,20.9,359,0.36475529453922717,-20.896816828768575
2015-01-16 18:00:00,15.2,80,0.0,19.1,359,0.33334096295211674,-19.097090977487074
2015-01-16 19:00:00,14.4,84,0.0,18.0,2,-0.6281909406450137,-17.989034886343724
2015-01-16 20:00:00,13.8,85,0.0,17.6,1,-0.30716235329618957,-17.59731943475249
2015-01-16 21:00:00,13.3,88,0.0,18.0,3,-0.9420472123729975,-17.975331625582328
2015-01-16 22:00:00,12.6,90,0.0,17.7,4,-1.2346895852710227,-17.65688368959889
2015-01-16 23:00:00,12.2,90,0.0,16.9,360,1.0348265452795135e-15,-16.9
2015-01-17 00:00:00,12.1,89,0.0,17.3,360,1.0593194812624606e-15,-17.3
2015-01-17 01:00:00,11.8,89,0.0,17.7,4,-1.2346895852710227,-17.65688368959889
2015-01-17 02:00:00,11.7,88,0.0,18.4,2,-0.642150739326014,-18.38879121715136
2015-01-17 03:00:00,11.2,88,0.0,19.8,1,-0.34555764745821327,-19.79698436409655
2015-01-17 04:00:00,11.1,87,0.0,20.5,2,-0.7154396824012657,-20.487511953891463
2015-01-17 05:00:00,11.0,87,0.0,22.0,3,-1.1513910373447747,-21.969849764600625
2015-01-17 06:00:00,10.8,86,0.0,21.3,4,-1.4858128907498749,-21.248114270534256
2015-01-17 07:00:00,11.6,83,0.0,21.3,5,-1.8564173205251209,-21.21894706935418
2015-01-17 08:00:00,12.4,85,0.0,24.2,4,-1.688106664607839,-24.141050016287746
2015-01-17 09:00:00,16.3,70,0.0,26.7,4,-1.862497848968153,-26.634960141937306
2015-01-17 10:00:00,17.2,67,0.0,27.7,1,-0.48343165831275287,-27.695781155832037
2015-01-17 11:00:00,18.0,64,0.0,28.8,360,1.7634913907721887e-15,-28.8
2015-01-17 12:00:00,18.5,63,0.0,29.2,360,1.7879843267551358e-15,-29.2
2015-01-17 13:00:00,18.3,63,0.0,29.2,360,1.7879843267551358e-15,-29.2
2015-01-17 14:00:00,18.2,63,0.0,28.4,360,1.7389984547892415e-15,-28.4
2015-01-17 15:00:00,17.3,62,0.0,27.0,1,-0.47121497380665445,-26.995887769222563
2015-01-17 16:00:00,16.5,66,0.0,25.2,2,-0.8794673169030192,-25.184648840881213
2015-01-17 17:00:00,15.5,71,0.2,23.5,4,-1.639277132986951,-23.44275518110587
2015-01-17 18:00:00,14.5,74,0.1,21.8,8,-3.033973600929435,-21.58784389856623
2015-01-17 19:00:00,13.9,76,0.0,19.8,10,-3.4382339178052206,-19.49919350964172
2015-01-17 20:00:00,13.4,80,0.0,17.8,7,-2.16927431261162,-17.667321499215532
2015-01-17 21:00:00,12.7,83,0.0,18.4,2,-0.642150739326014,-18.38879121715136
2015-01-17 22:00:00,12.2,86,0.0,19.5,2,-0.6805401856987648,-19.488121126872368
2015-01-17 23:00:00,11.9,88,0.0,19.1,3,-0.9996167642402364,-19.07382411381236
2015-01-18 00:00:00,11.7,89,0.0,18.4,2,-0.642150739326014,-18.38879121715136
2015-01-18 01:00:00,11.2,90,0.0,16.9,1,-0.2949456687900911,-16.89742604814301
2015-01-18 02:00:00,11.2,90,0.0,16.6,360,1.0164568432923032e-15,-16.6
2015-01-18 03:00:00,11.4,89,0.0,16.2,360,9.919639073093561e-16,-16.2
2015-01-18 04:00:00,11.2,89,0.0,15.5,1,-0.2705122997778942,-15.497639274924065
2015-01-18 05:00:00,11.1,90,0.0,14.8,1,-0.2582956152717958,-14.79774588831459
2015-01-18 06:00:00,11.2,91,0.0,12.5,12,-2.5988961352219975,-12.22684500917257
2015-01-18 07:00:00,11.2,90,0.0,12.1,12,-2.5157314588948934,-11.835585968879046
2015-01-18 08:00:00,12.3,92,0.0,13.1,8,-1.8231676225768623,-12.97251170051457
2015-01-18 09:00:00,15.2,80,0.0,15.6,7,-1.901161757120296,-15.483719965604624
2015-01-18 10:00:00,16.4,74,0.0,17.7,4,-1.2346895852710227,-17.65688368959889
2015-01-18 11:00:00,17.3,70,0.0,20.9,359,0.36475529453922717,-20.896816828768575
2015-01-18 12:00:00,18.2,67,0.0,23.1,358,0.806178373827775,-23.085928104141114
2015-01-18 13:00:00,18.1,67,0.0,24.8,359,0.43281967964463325,-24.796222839878503
2015-01-18 14:00:00,18.2,66,0.0,27.0,359,0.47121497380665717,-26.995887769222563
2015-01-18 15:00:00,17.1,67,0.0,28.1,359,0.4904126208876691,-28.095720233894596
2015-01-18 16:00:00,16.5,69,0.0,27.7,358,0.9667160586592799,-27.683125908428952
2015-01-18 17:00:00,15.7,71,0.0,27.0,357,1.4130708185594871,-26.962997438373492
2015-01-18 18:00:00,14.9,73,0.0,25.2,360,1.543054966925665e-15,-25.2
2015-01-18 19:00:00,14.5,75,0.0,23.8,360,1.4573296909853504e-15,-23.8
2015-01-18 20:00:00,14.1,78,0.0,22.3,358,0.7782587764657741,-22.286415442525836
2015-01-18 21:00:00,13.8,80,0.0,20.9,357,1.0938214854775288,-20.871357276370592
2015-01-18 22:00:00,13.2,83,0.0,20.2,357,1.0571863161074682,-20.17231660204239
2015-01-18 23:00:00,12.6,86,0.0,19.8,359,0.34555764745821527,-19.79698436409655
2015-01-19 00:00:00,12.0,88,0.0,19.4,1,-0.33857668488329984,-19.39704528603399
2015-01-19 01:00:00,11.7,88,0.0,19.4,1,-0.33857668488329984,-19.39704528603399
2015-01-19 02:00:00,11.4,88,0.0,19.4,360,1.1879073951729326e-15,-19.4
2015-01-19 03:00:00,11.8,85,0.0,18.7,359,0.32636000037720325,-18.697151899424515
2015-01-19 04:00:00,11.7,85,0.0,19.1,359,0.33334096295211674,-19.097090977487074
2015-01-19 05:00:00,12.1,83,0.0,19.4,1,-0.33857668488329984,-19.39704528603399
2015-01-19 06:00:00,12.6,81,0.0,19.1,4,-1.3323486485127987,-19.053473359962645
2015-01-19 07:00:00,12.7,80,0.0,18.4,6,-1.9233237241248218,-18.299202874776228
2015-01-19 08:00:00,13.7,80,0.0,19.8,3,-1.0362519336102973,-19.772864788140563
2015-01-19 09:00:00,16.4,72,0.0,21.3,2,-0.7433592797632662,-21.28702461550674
2015-01-19 10:00:00,18.0,67,0.0,22.7,2,-0.7922185751467673,-22.686171773333474
2015-01-19 11:00:00,19.1,64,0.0,25.6,360,1.5675479029086122e-15,-25.6
2015-01-19 12:00:00,19.8,62,0.0,28.4,1,-0.49564834281885134,-28.395674542441512
2015-01-19 13:00:00,20.1,61,0.0,29.5,1,-0.5148459898998632,-29.49550700711354
2015-01-19 14:00:00,19.9,61,0.0,29.5,1,-0.5148459898998632,-29.49550700711354
2015-01-19 15:00:00,19.0,60,0.0,28.1,1,-0.4904126208876663,-28.095720233894596
2015-01-19 16:00:00,18.2,62,0.0,25.2,2,-0.8794673169030192,-25.184648840881213
2015-01-19 17:00:00,17.2,66,0.0,22.0,2,-0.7677889274550167,-21.986598194420107
2015-01-19 18:00:00,15.8,70,0.0,19.1,2,-0.6665803870177646,-19.08836479606473
2015-01-19 19:00:00,15.0,74,0.0,16.6,2,-0.5793316452615127,-16.58988772851699
2015-01-19 20:00:00,14.4,79,0.0,15.5,3,-0.8112073217656367,-15.478757788695894
2015-01-19 21:00:00,14.0,81,0.0,14.8,4,-1.0323958114130587,-14.763947943845398
2015-01-19 22:00:00,13.7,81,0.0,13.7,3,-0.717002600528337,-13.681224626137661
2015-01-19 23:00:00,13.5,83,0.0,13.0,2,-0.4536934571325099,-12.992080751248245
2015-01-20 00:00:00,13.1,87,0.0,13.0,3,-0.680367431158276,-12.98218395180946
2015-01-20 01:00:00,13.6,85,0.0,11.6,7,-1.413684383499707,-11.513535359039336
2015-01-20 02:00:00,14.3,82,0.1,9.5,9,-1.4861274178821948,-9.383039235653808
2015-01-20 03:00:00,14.6,82,0.0,8.3,358,0.289665822630759,-8.294943864258496
2015-01-20 04:00:00,15.0,81,0.0,6.5,357,0.3401837155791358,-6.49109197590473
2015-01-20 05:00:00,15.2,81,0.0,6.8,357,0.35588450245201897,-6.790680836331102
2015-01-20 06:00:00,15.3,81,0.0,5.8,356,0.40458754771592637,-5.78587149150698
2015-01-20 07:00:00,14.8,84,0.0,7.2,354,0.752604935527105,-7.160557646651568
2015-01-20 08:00:00,14.9,92,0.0,8.3,358,0.289665822630759,-8.294943864258496
2015-01-20 09:00:00,16.7,84,0.0,8.0,5,-0.697245941981266,-7.969557584733964
2015-01-20 10:00:00,17.4,79,0.0,7.3,11,-1.3929056662487755,-7.165878439167947
2015-01-20 11:00:00,18.2,76,0.0,7.3,9,-1.1419715947936866,-7.210124886344505
2015-01-20 12:00:00,19.1,73,0.0,6.9,351,1.0793978087775935,-6.815049550106451
2015-01-20 13:00:00,19.2,73,0.0,8.9,339,3.1894747509531736,-8.308865795825096
2015-01-20 14:00:00,19.5,73,0.0,10.7,340,3.659615533584656,-10.054711042409219
2015-01-20 15:00:00,19.2,73,0.0,11.8,340,4.035837691242892,-11.088372925273719
2015-01-20 16:00:00,18.6,73,0.0,12.4,343,3.625409138561936,-11.858178973941639
2015-01-20 17:00:00,17.7,77,0.0,10.3,348,2.1414904154229224,-10.074920287558198
2015-01-20 18:00:00,17.1,81,0.1,10.9,351,1.705135668938517,-10.765802912487002
2015-01-20 19:00:00,16.8,82,0.1,10.5,354,1.0975488643103612,-10.44247990136687
2015-01-20 20:00:00,16.4,86,0.0,9.1,353,1.1090110249868421,-9.032169979936029
2015-01-20 21:00:00,16.1,88,0.0,10.2,352,1.4195656297926678,-10.100734301164017
2015-01-20 22:00:00,15.6,90,0.0,11.9,357,0.6227978792910333,-11.88369146357943
2015-01-20 23:00:00,15.5,91,0.0,12.6,355,1.0981623586204925,-12.552053195955994
2015-01-21 00:00:00,14.9,94,0.0,11.6,353,1.4136843834997108,-11.513535359039334
2015-01-21 01:00:00,14.7,95,0.0,10.9,354,1.1393602496174227,-10.84028865951418
2015-01-21 02:00:00,14.6,96,0.1,10.2,10,-1.7712114122026892,-10.045039080724521
2015-01-21 03:00:00,14.7,95,0.0,9.6,13,-2.1595301217011063,-9.353952621938257
2015-01-21 04:00:00,14.3,96,0.1,11.5,4,-0.8021994480574441,-11.471986577987979
2015-01-21 05:00:00,14.3,96,0.2,14.4,359,0.2513146526968838,-14.397806810252035
2015-01-21 06:00:00,14.3,95,0.2,17.6,360,1.077689183249671e-15,-17.6
2015-01-21 07:00:00,14.5,96,0.0,18.1,7,-2.205835115633164,-17.96508534470793
2015-01-21 08:00:00,15.1,97,0.0,17.5,8,-2.435529266801152,-17.32969120297748
2015-01-21 09:00:00,16.6,89,0.0,19.9,5,-1.734399280678399,-19.824274492025737
2015-01-21 10:00:00,17.9,84,0.0,20.2,2,-0.7049698333905153,-20.187694705785734
2015-01-21 11:00:00,18.9,80,0.0,20.5,359,0.35777433196431374,-20.49687775070602
2015-01-21 12:00:00,19.7,76,0.0,21.3,357,1.1147558679747065,-21.270809090272422
2015-01-21 13:00:00,19.8,75,0.0,22.4,356,1.5625450118684052,-22.34543472582006
2015-01-21 14:00:00,19.7,73,0.0,22.7,358,0.7922185751467745,-22.686171773333474
2015-01-21 15:00:00,19.8,70,0.0,22.0,360,1.3471114790620886e-15,-22.0
2015-01-21 16:00:00,19.1,71,0.0,21.6,360,1.3226185430791415e-15,-21.6
2015-01-21 17:00:00,17.7,77,0.0,20.5,1,-0.3577743319643117,-20.49687775070602
2015-01-21 18:00:00,16.1,83,0.0,18.9,8,-2.6303716081452437,-18.716066499215675
2015-01-21 19:00:00,15.5,86,0.0,17.5,9,-2.7376031382040433,-17.28454596041491
2015-01-21 20:00:00,14.5,90,0.0,16.2,13,-3.644207080370617,-15.784795049520808
2015-01-21 21:00:00,13.7,92,0.0,15.2,14,-3.67721281311495,-14.748495039395145
2015-01-21 22:00:00,12.8,92,0.0,13.8,15,-3.571702822414785,-13.329776402789143
2015-01-21 23:00:00,12.8,87,0.0,13.3,13,-2.991849022773408,-12.959121861643627
2015-01-22 00:00:00,12.9,83,0.0,13.8,7,-1.681796938991031,-13.697136892650246
2015-01-22 01:00:00,12.2,81,0.0,14.5,6,-1.5156627173809738,-14.420567482839964
2015-01-22 02:00:00,11.4,79,0.0,15.5,5,-1.350914012588703,-15.441017820422056
2015-01-22 03:00:00,11.0,80,0.0,16.7,6,-1.7456253365698111,-16.608515652650166
2015-01-22 04:00:00,10.6,78,0.0,17.1,7,-2.0839657722280167,-16.97253919306661
2015-01-22 05:00:00,10.5,76,0.0,17.1,8,-2.3798600264171257,-16.933583975480854
2015-01-22 06:00:00,10.2,75,0.0,16.5,10,-2.8651949315043503,-16.249327924701433
2015-01-22 07:00:00,10.0,75,0.0,17.1,8,-2.3798600264171257,-16.933583975480854
2015-01-22 08:00:00,11.5,76,0.0,18.4,6,-1.9233237241248218,-18.299202874776228
2015-01-22 09:00:00,16.1,58,0.0,20.5,3,-1.0728871029803584,-20.471905462468765
2015-01-22 10:00:00,17.5,49,0.0,22.3,2,-0.778258776465767,-22.286415442525836
2015-01-22 11:00:00,18.3,44,0.0,23.4,357,1.2246613760848888,-23.367931113257026
2015-01-22 12:00:00,18.7,43,0.0,24.2,357,1.266530141079244,-24.166834741060686
2015-01-22 13:00:00,18.8,44,0.0,22.7,360,1.389974117032246e-15,-22.7
2015-01-22 14:00:00,18.7,45,0.0,21.6,4,-1.5067398328731125,-21.547383485612205
2015-01-22 15:00:00,18.3,50,0.0,21.4,7,-2.608003948870149,-21.24048764512429
2015-01-22 16:00:00,17.5,54,0.0,21.7,7,-2.6445647518916937,-21.538251490616688
2015-01-22 17:00:00,15.9,60,0.0,20.3,7,-2.4739476711244874,-20.148686878318838
2015-01-22 18:00:00,13.9,66,0.0,18.7,11,-3.568128213541384,-18.356428330471317
2015-01-22 19:00:00,12.6,72,0.0,17.7,17,-5.174979173592447,-16.926594180545724
2015-01-22 20:00:00,11.3,76,0.0,16.2,21,-5.805560782633871,-15.124002909254665
2015-01-22 21:00:00,9.8,80,0.0,15.5,25,-6.550583056980837,-14.047770699068076
2015-01-22 22:00:00,8.7,80,0.0,14.5,27,-6.5828622462234305,-12.919594600731333
2015-01-22 23:00:00,8.3,76,0.0,14.8,23,-5.782820701641253,-13.623471831096117
2015-01-23 00:00:00,8.3,72,0.0,14.9,20,-5.0961001355524616,-14.001420049710037
2015-01-23 01:00:00,8.5,68,0.0,15.7,20,-5.369716250212996,-14.753174146338761
2015-01-23 02:00:00,8.5,65,0.0,15.9,18,-4.913370210561666,-15.121798609092941
2015-01-23 03:00:00,7.8,66,0.0,16.1,20,-5.506524307543264,-15.129051194653128
2015-01-23 04:00:00,6.7,69,0.0,15.8,21,-5.6622136028157515,-14.750570738655787
2015-01-23 05:00:00,6.1,71,0.0,15.4,21,-5.518866422997631,-14.377138568056905
2015-01-23 06:00:00,6.1,71,0.0,14.5,23,-5.665601363094471,-13.347320375060384
2015-01-23 07:00:00,6.7,68,0.0,13.4,20,-4.5830699205639585,-12.591881118531173
2015-01-23 08:00:00,9.9,68,0.0,8.8,9,-1.3766232923540331,-8.691657397237211
2015-01-23 09:00:00,14.5,59,0.0,5.9,349,1.125773072721615,-5.791600382341218
2015-01-23 10:00:00,16.4,50,0.0,6.8,335,2.873804179836756,-6.162892951849219
2015-01-23 11:00:00,17.5,47,0.0,7.0,325,4.015035054457323,-5.7340643100229425
2015-01-23 12:00:00,18.3,46,0.0,8.5,324,4.996174644486022,-6.876644452187053
2015-01-23 13:00:00,18.6,46,0.0,11.0,328,5.829111906565254,-9.328529057720685
2015-01-23 14:00:00,18.6,46,0.0,13.0,341,4.232386007943038,-12.291741482791117
2015-01-23 15:00:00,18.3,49,0.0,14.3,350,2.483168940637105,-14.082750868074575
2015-01-23 16:00:00,17.6,52,0.0,14.5,354,1.5156627173809751,-14.420567482839962
2015-01-23 17:00:00,16.3,59,0.0,11.5,358,0.4013442120787624,-11.492994510719601
2015-01-23 18:00:00,14.6,68,0.0,11.5,360,7.041719095097281e-16,-11.5
2015-01-23 19:00:00,12.9,78,0.0,11.1,13,-2.496956703216904,-10.815507719116109
2015-01-23 20:00:00,12.6,77,0.0,9.5,11,-1.812685456077174,-9.325458242752807
2015-01-23 21:00:00,13.3,74,0.0,9.4,4,-0.6557108531947805,-9.377102072442348
2015-01-23 22:00:00,13.1,75,0.0,9.4,360,5.755839955992561e-16,-9.4
2015-01-23 23:00:00,12.8,76,0.0,8.3,360,5.082284216461516e-16,-8.3
2015-01-24 00:00:00,12.6,77,0.0,8.3,5,-0.7233926648055635,-8.268415994161488
2015-01-24 01:00:00,12.4,77,0.0,8.7,7,-1.0602632876247804,-8.635151519279502
2015-01-24 02:00:00,12.1,77,0.0,8.1,13,-1.8221035401853085,-7.892397524760404
2015-01-24 03:00:00,12.4,75,0.0,8.0,8,-1.1133848076805266,-7.922144549932562
2015-01-24 04:00:00,12.5,74,0.0,7.6,5,-0.6623836448822027,-7.571079705497266
2015-01-24 05:00:00,12.3,74,0.0,6.1,3,-0.31924933308196024,-6.0916401620029
2015-01-24 06:00:00,12.1,73,0.0,4.3,5,-0.37476969381493047,-4.283637201794505
2015-01-24 07:00:00,11.4,76,0.0,2.6,34,-1.453901549023941,-2.1554976886431088
2015-01-24 08:00:00,11.8,79,0.0,2.6,16,-0.7166571251241971,-2.4992804094396295
2015-01-24 09:00:00,14.7,77,0.0,2.7,337,1.0549740469210391,-2.485363104321589
2015-01-24 10:00:00,17.1,65,0.0,5.4,323,3.2498011250210617,-4.312631754255381
2015-01-24 11:00:00,18.6,55,0.0,8.1,302,6.86918957886705,-4.29234604028896
2015-01-24 12:00:00,19.3,50,0.0,11.3,297,10.068373723328557,-5.130092647056879
2015-01-24 13:00:00,19.5,48,0.0,13.1,302,11.10943005964918,-6.941942361454984
2015-01-24 14:00:00,19.4,49,0.0,13.8,311,10.414992207074254,-9.053614600069
2015-01-24 15:00:00,19.1,54,0.0,13.0,318,8.698697882665158,-9.660882731206126
2015-01-24 16:00:00,18.2,58,0.0,13.2,325,7.571208959833809,-10.81280698461469
2015-01-24 17:00:00,16.9,66,0.0,10.1,333,4.585304047369423,-8.999165894302514
2015-01-24 18:00:00,15.3,76,0.0,10.9,351,1.705135668938517,-10.765802912487002
2015-01-24 19:00:00,13.8,86,0.0,10.7,12,-2.2246550917500296,-10.46617932785172
2015-01-24 20:00:00,13.3,87,0.0,9.8,24,-3.986019102142841,-8.95274548489749
2015-01-24 21:00:00,13.3,87,0.0,10.2,39,-6.4190679887083455,-7.9268888068611
2015-01-24 22:00:00,13.2,87,0.0,9.5,53,-7.587037345449282,-5.717242719944459
2015-01-24 23:00:00,12.1,87,0.0,9.0,67,-8.284543681071963,-3.516580156403462
2015-01-25 00:00:00,11.0,88,0.0,7.1,75,-6.858073366652385,-1.8376152202278975
2015-01-25 01:00:00,10.6,88,0.0,5.4,70,-5.074340152243906,-1.846908773958611
2015-01-25 02:00:00,10.3,88,0.0,4.3,48,-3.195522749552795,-2.8772616073430903
2015-01-25 03:00:00,9.9,86,0.0,5.0,21,-1.7918397477265036,-4.667902132486008
2015-01-25 04:00:00,10.0,85,0.0,7.2,18,-2.2249223594996224,-6.8476069173251055
2015-01-25 05:00:00,9.8,87,0.0,9.1,9,-1.4235536318661024,-8.987963899415753
2015-01-25 06:00:00,9.8,89,0.0,9.3,16,-2.56342740909809,-8.939733772226367
2015-01-25 07:00:00,9.9,89,0.0,8.7,24,-3.5386087947594604,-7.947845481490628
2015-01-25 08:00:00,13.5,84,0.0,9.8,24,-3.986019102142841,-8.95274548489749
2015-01-25 09:00:00,16.9,77,0.0,10.1,4,-0.7045403848156684,-10.075396907624224
2015-01-25 10:00:00,18.9,67,0.0,12.2,360,7.470345474798854e-16,-12.2
2015-01-25 11:00:00,19.7,67,0.0,13.8,7,-1.681796938991031,-13.697136892650246
2015-01-25 12:00:00,20.6,64,0.0,13.7,5,-1.194033675642918,-13.647867363856914
2015-01-25 13:00:00,20.0,66,0.0,13.7,357,0.7170026005283323,-13.681224626137661
2015-01-25 14:00:00,19.9,67,0.0,14.1,354,1.4738513320739137,-14.022758724692652
2015-01-25 15:00:00,20.3,66,0.0,13.7,357,0.7170026005283323,-13.681224626137661
2015-01-25 16:00:00,19.7,69,0.0,13.0,2,-0.4536934571325099,-12.992080751248245
2015-01-25 17:00:00,18.9,73,0.0,10.8,360,6.613092715395707e-16,-10.8
2015-01-25 18:00:00,17.5,79,0.0,10.5,8,-1.4613175600806911,-10.397814721786487
2015-01-25 19:00:00,16.2,87,0.0,9.7,2,-0.33852511801425733,-9.694091022085228
2015-01-25 20:00:00,15.9,87,0.0,10.1,2,-0.35248491669525767,-10.093847352892867
2015-01-25 21:00:00,15.3,88,0.0,10.1,4,-0.7045403848156684,-10.075396907624224
2015-01-25 22:00:00,14.9,89,0.0,9.4,4,-0.6557108531947805,-9.377102072442348
2015-01-25 23:00:00,14.6,90,0.0,10.8,2,-0.37691456438700827,-10.793420931806235
2015-01-26 00:00:00,14.0,91,0.0,12.7,8,-1.7674983821928358,-12.576404473017941
2015-01-26 01:00:00,14.0,90,0.0,12.0,9,-1.8772135804827723,-11.852260087141651
2015-01-26 02:00:00,14.4,88,0.0,11.2,4,-0.7812725059342065,-11.17271736291003
2015-01-26 03:00:00,14.4,88,0.0,12.2,360,7.470345474798854e-16,-12.2
2015-01-26 04:00:00,14.1,90,0.0,11.7,11,-2.232465245905572,-11.485038046337667
2015-01-26 05:00:00,14.3,89,0.0,10.9,17,-3.1868515814778346,-10.423721839997086
2015-01-26 06:00:00,14.6,87,0.0,10.0,13,-2.2495105434386526,-9.743700647852352
2015-01-26 07:00:00,14.8,85,0.0,10.0,15,-2.5881904510252065,-9.659258262890683
2015-01-26 08:00:00,15.7,84,0.0,11.1,13,-2.496956703216904,-10.815507719116109
2015-01-26 09:00:00,17.9,78,0.0,11.9,2,-0.4153040107597591,-11.89275084152724
2015-01-26 10:00:00,18.9,73,0.0,12.7,7,-1.547740661245369,-12.60533612584479
2015-01-26 11:00:00,19.6,71,0.0,12.0,7,-1.462432120861766,-11.910553819695865
2015-01-26 12:00:00,20.3,67,0.0,12.3,5,-1.0720156357961965,-12.253194786528471
2015-01-26 13:00:00,20.3,68,0.0,14.0,1,-0.24433369012196898,-13.997867732189478
2015-01-26 14:00:00,20.2,70,0.0,15.5,1,-0.2705122997778942,-15.497639274924065
2015-01-26 15:00:00,20.4,69,0.0,16.6,359,0.2897099468589078,-16.597471739596095
2015-01-26 16:00:00,19.7,73,0.0,16.6,358,0.579331645261518,-16.58988772851699
2015-01-26 17:00:00,18.7,78,0.0,15.9,356,1.1091279325315913,-15.861268399131205
2015-01-26 18:00:00,17.4,84,0.0,13.4,5,-1.1678869528186206,-13.34900895442939
2015-01-26 19:00:00,16.4,90,0.0,11.2,6,-1.1707187885977175,-11.13864522812466
2015-01-26 20:00:00,15.4,94,0.0,10.4,2,-0.36295476570600793,-10.393664600998596
2015-01-26 21:00:00,15.2,93,0.0,9.0,360,5.51091059616309e-16,-9.0
2015-01-26 22:00:00,15.7,90,0.0,9.5,11,-1.812685456077174,-9.325458242752807
2015-01-26 23:00:00,15.8,90,0.0,10.2,8,-1.4195656297926713,-10.100734301164016
2015-01-27 00:00:00,15.8,89,0.0,10.2,8,-1.4195656297926713,-10.100734301164016
2015-01-27 01:00:00,15.6,89,0.1,10.9,8,-1.5169868004647176,-10.793921949283115
2015-01-27 02:00:00,15.0,92,0.0,11.5,4,-0.8021994480574441,-11.471986577987979
2015-01-27 03:00:00,15.6,91,0.8,11.3,7,-1.3771235804781632,-11.21577151354694
2015-01-27 04:00:00,15.1,93,0.8,13.0,3,-0.680367431158276,-12.98218395180946
2015-01-27 05:00:00,14.9,94,0.5,14.8,4,-1.0323958114130587,-14.763947943845398
2015-01-27 06:00:00,14.9,94,0.6,14.5,6,-1.5156627173809738,-14.420567482839964
2015-01-27 07:00:00,15.0,94,0.8,13.7,360,8.388830574159369e-16,-13.7
2015-01-27 08:00:00,15.9,94,0.2,14.8,3,-0.7745721523955758,-14.779717114367694
2015-01-27 09:00:00,17.1,92,0.3,16.3,8,-2.2685215456490733,-16.141369520487597
2015-01-27 10:00:00,17.7,89,0.1,14.2,7,-1.7305446763530898,-14.094155353306773
2015-01-27 11:00:00,18.1,89,0.2,14.0,1,-0.24433369012196898,-13.997867732189478
2015-01-27 12:00:00,18.9,87,0.3,15.8,359,0.27574802170908086,-15.797593583470983
2015-01-27 13:00:00,18.7,88,0.4,17.3,360,1.0593194812624606e-15,-17.3
2015-01-27 14:00:00,18.2,91,0.4,19.1,359,0.33334096295211674,-19.097090977487074
2015-01-27 15:00:00,18.6,87,0.6,20.2,359,0.3525386100331287,-20.196923442159104
2015-01-27 16:00:00,18.0,92,0.6,18.8,3,-0.983915977367353,-18.77423525338599
2015-01-27 17:00:00,17.4,93,0.4,18.0,2,-0.6281909406450137,-17.989034886343724
2015-01-27 18:00:00,16.7,94,0.3,18.7,360,1.1450447572027753e-15,-18.7
2015-01-27 19:00:00,16.3,94,0.3,19.9,4,-1.388153827508099,-19.8515246001705
2015-01-27 20:00:00,16.1,94,0.1,20.5,2,-0.7154396824012657,-20.487511953891463
2015-01-27 21:00:00,16.0,94,0.0,21.3,5,-1.8564173205251209,-21.21894706935418
2015-01-27 22:00:00,15.7,94,0.0,20.3,7,-2.4739476711244874,-20.148686878318838
2015-01-27 23:00:00,15.6,93,0.1,19.7,8,-2.7417100889132966,-19.50828095420893
2015-01-28 00:00:00,15.5,93,0.0,19.1,11,-3.644451811692002,-18.749079203850382
2015-01-28 01:00:00,15.5,92,0.0,19.3,9,-3.019185175276459,-19.062384973486157
2015-01-28 02:00:00,15.6,91,0.0,20.1,10,-3.4903283711052997,-19.79463583554538
2015-01-28 03:00:00,15.4,89,0.1,19.4,10,-3.3687746467384483,-19.105270408436834
2015-01-28 04:00:00,15.3,89,0.0,18.9,8,-2.6303716081452437,-18.716066499215675
2015-01-28 05:00:00,15.2,90,0.0,19.2,6,-2.0069464947389446,-19.094820391070847
2015-01-28 06:00:00,15.1,89,0.0,18.8,7,-2.291143656016767,-18.659867650856857
2015-01-28 07:00:00,14.6,90,0.0,19.4,11,-3.701694510304965,-19.04356735888468
2015-01-28 08:00:00,15.5,88,0.0,19.7,9,-3.081758961292551,-19.457460309724212
2015-01-28 09:00:00,17.0,83,0.0,19.8,10,-3.4382339178052206,-19.49919350964172
2015-01-28 10:00:00,18.4,77,0.0,19.0,10,-3.2993153756716764,-18.711347307231954
2015-01-28 11:00:00,19.5,73,0.0,20.2,4,-1.4090807696313368,-20.15079381524845
2015-01-28 12:00:00,20.0,71,0.0,22.0,4,-1.5346424223707626,-21.946409105716132
2015-01-28 13:00:00,20.6,69,0.0,22.8,5,-1.987150934646608,-22.7132391164918
2015-01-28 14:00:00,20.1,70,0.0,24.2,5,-2.1091689744933295,-24.107911693820242
2015-01-28 15:00:00,19.3,75,0.2,23.1,5,-2.013297657470906,-23.012097525919323
2015-01-28 16:00:00,18.5,77,0.0,20.6,6,-2.1532863433136593,-20.487151044586433
2015-01-28 17:00:00,17.8,78,0.0,18.8,5,-1.638527963655975,-18.728460324124818
2015-01-28 18:00:00,17.0,80,0.0,17.0,4,-1.185860053650135,-16.958588854417012
2015-01-28 19:00:00,16.3,83,0.0,17.5,8,-2.435529266801152,-17.32969120297748
2015-01-28 20:00:00,15.7,87,0.1,17.1,7,-2.0839657722280167,-16.97253919306661
2015-01-28 21:00:00,15.1,91,0.2,15.9,6,-1.6620025659556885,-15.812898136355548
2015-01-28 22:00:00,15.2,91,0.4,15.5,1,-0.2705122997778942,-15.497639274924065
2015-01-28 23:00:00,15.2,91,0.4,15.8,360,9.67470971326409e-16,-15.8
2015-01-29 00:00:00,15.3,92,0.3,15.8,360,9.67470971326409e-16,-15.8
2015-01-29 01:00:00,15.1,92,0.2,15.8,1,-0.27574802170907925,-15.797593583470983
2015-01-29 02:00:00,15.0,92,0.2,16.6,2,-0.5793316452615127,-16.58988772851699
2015-01-29 03:00:00,15.2,91,0.6,16.2,4,-1.1300548746548345,-16.16053761420915
2015-01-29 04:00:00,15.0,91,0.4,16.3,6,-1.70381395126275,-16.210706894502856
2015-01-29 05:00:00,14.9,91,0.3,16.3,6,-1.70381395126275,-16.210706894502856
2015-01-29 06:00:00,14.8,91,0.2,16.0,9,-2.5029514406436966,-15.803013449522203
2015-01-29 07:00:00,14.7,92,0.1,15.3,9,-2.393447315115535,-15.111631611105606
2015-01-29 08:00:00,15.4,91,0.0,14.8,6,-1.5470212563612697,-14.718924051450447
2015-01-29 09:00:00,17.7,84,0.0,14.8,6,-1.5470212563612697,-14.718924051450447
2015-01-29 10:00:00,18.8,79,0.0,14.4,1,-0.25131465269688236,-14.397806810252035
2015-01-29 11:00:00,19.9,75,0.0,14.8,360,9.062386313690414e-16,-14.8
2015-01-29 12:00:00,20.8,72,0.0,15.5,359,0.27051229977789576,-15.497639274924065
2015-01-29 13:00:00,20.9,71,0.0,17.0,356,1.185860053650129,-16.958588854417012
2015-01-29 14:00:00,20.9,71,0.0,18.0,357,0.9420472123729914,-17.975331625582328
2015-01-29 15:00:00,20.6,74,0.0,19.2,355,1.6733902607550362,-19.126938203361515
2015-01-29 16:00:00,19.6,76,0.0,19.1,357,0.9996167642402298,-19.07382411381236
2015-01-29 17:00:00,18.5,81,0.0,16.2,357,0.8478424911356922,-16.177798463024097
2015-01-29 18:00:00,17.1,86,0.0,16.2,359,0.2827289842839943,-16.197532661533536
2015-01-29 19:00:00,16.2,91,0.0,16.2,4,-1.1300548746548345,-16.16053761420915
2015-01-29 20:00:00,15.4,94,0.0,15.2,7,-1.8524140197582368,-15.086701504948095
2015-01-29 21:00:00,14.6,95,0.0,14.8,6,-1.5470212563612697,-14.718924051450447
2015-01-29 22:00:00,14.1,95,0.0,14.5,7,-1.767105479374634,-14.39191919879917
2015-01-29 23:00:00,13.7,95,0.0,14.9,8,-2.0736792043049808,-14.754994224249398
2015-01-30 00:00:00,13.7,93,0.0,15.3,8,-2.129348444689007,-15.151101451746026
2015-01-30 01:00:00,13.6,92,0.0,16.1,10,-2.7957356604375785,-15.855404823496551
2015-01-30 02:00:00,13.0,93,0.0,16.5,10,-2.8651949315043503,-16.249327924701433
2015-01-30 03:00:00,12.6,94,0.0,18.2,9,-2.847107263732205,-17.975927798831506
2015-01-30 04:00:00,12.3,94,0.0,19.6,7,-2.3886391307408847,-19.453904572169915
2015-01-30 05:00:00,12.2,95,0.0,21.3,3,-1.1147558679747138,-21.270809090272422
2015-01-30 06:00:00,12.3,95,0.0,21.7,5,-1.891279617624184,-21.617424948590877
2015-01-30 07:00:00,12.4,95,0.0,21.6,4,-1.5067398328731125,-21.547383485612205
2015-01-30 08:00:00,14.5,91,0.0,23.8,2,-0.8306080215195182,-23.78550168305448
2015-01-30 09:00:00,17.3,79,0.0,25.2,2,-0.8794673169030192,-25.184648840881213
2015-01-30 10:00:00,18.8,73,0.0,25.9,1,-0.45201732672564254,-25.896055304550533
2015-01-30 11:00:00,19.7,70,0.0,28.1,360,1.7206287528020313e-15,-28.1
2015-01-30 12:00:00,20.0,68,0.0,29.9,1,-0.5218269524747765,-29.895446085176097
2015-01-30 13:00:00,20.0,68,0.0,30.6,1,-0.5340436369808751,-30.595339471785575
2015-01-30 14:00:00,19.9,68,0.0,29.5,2,-1.0295351527237724,-29.482029397063325
2015-01-30 15:00:00,19.2,68,0.0,28.8,2,-1.005105505032022,-28.78245581814996
2015-01-30 16:00:00,18.3,70,0.0,27.8,3,-1.4549395835538517,-27.761901066177153
2015-01-30 17:00:00,17.2,73,0.0,25.6,2,-0.8934271155840195,-25.584405171688854
2015-01-30 18:00:00,15.8,76,0.0,25.6,4,-1.7857657278496148,-25.537639686651502
2015-01-30 19:00:00,15.0,79,0.0,24.9,5,-2.17017799441669,-24.805247982484463
2015-01-30 20:00:00,14.3,81,0.0,25.2,3,-1.3188660973221964,-25.16546427581526
2015-01-30 21:00:00,14.0,82,0.0,24.5,3,-1.2822309279521356,-24.466423601487058
2015-01-30 22:00:00,13.4,83,0.0,25.2,2,-0.8794673169030192,-25.184648840881213
2015-01-30 23:00:00,13.0,85,0.0,26.3,2,-0.91785676327577,-26.28397875060222
2015-01-31 00:00:00,12.6,85,0.0,26.0,3,-1.360734862316552,-25.96436790361892
2015-01-31 01:00:00,12.6,84,0.0,25.6,3,-1.3398004798193743,-25.56491608971709
2015-01-31 02:00:00,12.4,84,0.0,26.3,3,-1.3764356491894354,-26.263956764045293
2015-01-31 03:00:00,12.5,83,0.0,26.4,5,-2.3009116085381778,-26.29954002962208
2015-01-31 04:00:00,12.4,83,0.0,26.4,5,-2.3009116085381778,-26.29954002962208
2015-01-31 05:00:00,12.4,83,0.0,26.4,5,-2.3009116085381778,-26.29954002962208
2015-01-31 06:00:00,12.2,84,0.0,25.1,8,-3.4932448340976525,-24.855728525413415
2015-01-31 07:00:00,11.8,85,0.0,23.9,7,-2.9126773073830172,-23.721853024227595
2015-01-31 08:00:00,13.9,80,0.0,24.2,5,-2.1091689744933295,-24.107911693820242
2015-01-31 09:00:00,16.5,69,0.0,25.3,6,-2.64457012067163,-25.161403952817317
2015-01-31 10:00:00,17.8,66,0.0,25.3,5,-2.2050402915157536,-25.203725861721164
2015-01-31 11:00:00,19.1,63,0.0,26.3,3,-1.3764356491894354,-26.263956764045293
2015-01-31 12:00:00,19.8,61,0.0,27.7,2,-0.966716058659271,-27.683125908428952
2015-01-31 13:00:00,20.0,60,0.0,28.8,1,-0.5026293053937647,-28.79561362050407
2015-01-31 14:00:00,19.7,60,0.0,29.5,1,-0.5148459898998632,-29.49550700711354
2015-01-31 15:00:00,19.1,61,0.0,29.2,1,-0.5096102679686781,-29.195552698566626
2015-01-31 16:00:00,18.0,64,0.0,28.4,360,1.7389984547892415e-15,-28.4
2015-01-31 17:00:00,16.7,67,0.0,25.6,359,0.44678160479446016,-25.596100996003617
2015-01-31 18:00:00,15.3,72,0.0,23.8,2,-0.8306080215195182,-23.78550168305448
2015-01-31 19:00:00,14.6,74,0.0,22.3,1,-0.389188663551422,-22.296603601987528
2015-01-31 20:00:00,14.4,76,0.0,22.0,359,0.3839529416202392,-21.99664929344061
2015-01-31 21:00:00,14.0,78,0.0,22.7,360,1.389974117032246e-15,-22.7
2015-01-31 22:00:00,13.7,79,0.0,22.3,360,1.3654811810492988e-15,-22.3
2015-01-31 23:00:00,13.5,80,0.0,22.0,360,1.3471114790620886e-15,-22.0
2015-02-01 00:00:00,13.2,82,0.0,21.6,360,1.3226185430791415e-15,-21.6
2015-02-01 01:00:00,13.0,84,0.0,21.6,360,1.3226185430791415e-15,-21.6
2015-02-01 02:00:00,13.2,84,0.0,21.3,2,-0.7433592797632662,-21.28702461550674
2015-02-01 03:00:00,13.0,85,0.0,20.9,2,-0.7293994810822658,-20.8872682846991
2015-02-01 04:00:00,13.0,86,0.0,19.8,1,-0.34555764745821327,-19.79698436409655
2015-02-01 05:00:00,12.9,86,0.0,19.1,1,-0.33334096295211485,-19.097090977487074
2015-02-01 06:00:00,12.5,88,0.0,18.7,2,-0.6526205883367642,-18.68860846525709
2015-02-01 07:00:00,12.3,90,0.0,17.3,5,-1.5077943495344879,-17.234168276987198
2015-02-01 08:00:00,14.0,87,0.0,17.3,4,-1.2067869957733726,-17.257858069494958
2015-02-01 09:00:00,15.7,78,0.0,18.7,1,-0.3263600003772014,-18.697151899424515
2015-02-01 10:00:00,16.5,75,0.0,19.4,359,0.3385766848833018,-19.39704528603399
2015-02-01 11:00:00,17.6,72,0.0,20.5,359,0.35777433196431374,-20.49687775070602
2015-02-01 12:00:00,17.7,72,0.1,22.0,360,1.3471114790620886e-15,-22.0
2015-02-01 13:00:00,18.1,71,0.0,22.0,1,-0.38395294162023696,-21.99664929344061
2015-02-01 14:00:00,18.1,70,0.0,22.0,1,-0.38395294162023696,-21.99664929344061
2015-02-01 15:00:00,17.7,72,0.1,21.6,1,-0.3769719790453236,-21.596710215378053
2015-02-01 16:00:00,17.0,74,0.1,20.5,1,-0.3577743319643117,-20.49687775070602
2015-02-01 17:00:00,16.2,77,0.1,18.7,2,-0.6526205883367642,-18.68860846525709
2015-02-01 18:00:00,15.3,80,0.1,16.7,6,-1.7456253365698111,-16.608515652650166
2015-02-01 19:00:00,14.9,82,0.0,15.5,4,-1.0812253430339465,-15.462242779027275
2015-02-01 20:00:00,14.2,86,0.0,15.5,3,-0.8112073217656367,-15.478757788695894
2015-02-01 21:00:00,13.8,88,0.0,15.9,3,-0.8321417042628145,-15.878209602597725
2015-02-01 22:00:00,13.1,91,0.0,14.8,360,9.062386313690414e-16,-14.8
2015-02-01 23:00:00,13.3,90,0.0,14.0,359,0.24433369012197037,-13.997867732189478
2015-02-02 00:00:00,13.0,91,0.0,13.3,358,0.4641633061432644,-13.291897999353974
2015-02-02 01:00:00,13.0,91,0.0,13.0,358,0.453693457132514,-12.992080751248245
2015-02-02 02:00:00,12.8,92,0.0,13.3,358,0.4641633061432644,-13.291897999353974
2015-02-02 03:00:00,12.4,93,0.1,13.7,2,-0.4781231048242604,-13.691654330161612
2015-02-02 04:00:00,12.8,94,0.0,13.0,5,-1.1330246557195571,-12.950531075192693
2015-02-02 05:00:00,12.6,94,0.0,12.6,3,-0.6594330486610982,-12.58273213790763
2015-02-02 06:00:00,12.4,94,0.0,12.3,5,-1.0720156357961965,-12.253194786528471
2015-02-02 07:00:00,12.6,94,0.0,13.1,9,-2.0492914920270264,-12.938717261796302
2015-02-02 08:00:00,14.4,93,0.0,14.5,6,-1.5156627173809738,-14.420567482839964
2015-02-02 09:00:00,15.9,86,0.0,14.8,4,-1.0323958114130587,-14.763947943845398
2015-02-02 10:00:00,16.8,82,0.0,14.0,359,0.24433369012197037,-13.997867732189478
2015-02-02 11:00:00,17.8,76,0.0,14.6,351,2.2839431895873714,-14.420249772689012
2015-02-02 12:00:00,19.0,72,0.0,15.1,348,3.1394665313481678,-14.770028771080463
2015-02-02 13:00:00,19.4,70,0.0,16.2,348,3.368169391247703,-15.845991131887649
2015-02-02 14:00:00,19.6,69,0.0,17.5,352,2.4355292668011455,-17.329691202977482
2015-02-02 15:00:00,19.1,71,0.0,18.8,353,2.291143656016773,-18.659867650856853
2015-02-02 16:00:00,18.3,73,0.0,19.5,357,1.0205511467374073,-19.47327592771419
2015-02-02 17:00:00,17.7,76,0.0,17.0,356,1.185860053650129,-16.958588854417012
2015-02-02 18:00:00,16.7,81,0.0,14.4,357,0.7536377698983932,-14.380265300465863
2015-02-02 19:00:00,15.7,85,0.0,14.1,357,0.7379369830255099,-14.080676440039491
2015-02-02 20:00:00,15.2,89,0.0,14.1,356,0.9835662797921657,-14.06565310866352
2015-02-02 21:00:00,14.7,92,0.0,13.3,357,0.6960682180311548,-13.281772812235833
2015-02-02 22:00:00,13.9,95,0.2,13.7,357,0.7170026005283323,-13.681224626137661
2015-02-02 23:00:00,13.9,96,0.1,13.3,358,0.4641633061432644,-13.291897999353974
2015-02-03 00:00:00,13.9,96,0.0,13.3,360,8.143901214329899e-16,-13.3
2015-02-03 01:00:00,14.0,96,0.1,13.0,360,7.960204194457795e-16,-13.0
2015-02-03 02:00:00,13.9,96,0.1,11.9,3,-0.6227978792910372,-11.88369146357943
2015-02-03 03:00:00,13.5,96,0.0,11.9,3,-0.6227978792910372,-11.88369146357943
2015-02-03 04:00:00,13.2,96,0.0,13.3,3,-0.6960682180311593,-13.281772812235833
2015-02-03 05:00:00,12.9,96,0.0,14.5,6,-1.5156627173809738,-14.420567482839964
2015-02-03 06:00:00,12.8,96,0.0,14.2,7,-1.7305446763530898,-14.094155353306773
2015-02-03 07:00:00,12.8,95,0.0,13.9,10,-2.4137096695703315,-13.688827766869691
2015-02-03 08:00:00,14.6,95,0.0,16.2,4,-1.1300548746548345,-16.16053761420915
2015-02-03 09:00:00,17.6,85,0.0,18.4,2,-0.642150739326014,-18.38879121715136
2015-02-03 10:00:00,18.7,80,0.0,19.8,359,0.34555764745821527,-19.79698436409655
2015-02-03 11:00:00,19.9,74,0.0,21.3,355,1.8564173205251184,-21.21894706935418
2015-02-03 12:00:00,20.5,71,0.0,22.8,355,1.9871509346466056,-22.7132391164918
2015-02-03 13:00:00,20.5,71,0.0,23.5,355,2.0481599545699662,-23.41057540515602
2015-02-03 14:00:00,20.1,72,0.0,23.5,356,1.6392771329869429,-23.44275518110587
2015-02-03 15:00:00,19.6,72,0.0,23.4,356,1.6323014856125304,-23.342998776079884
2015-02-03 16:00:00,19.0,74,0.0,23.4,357,1.2246613760848888,-23.367931113257026
2015-02-03 17:00:00,17.9,77,0.0,20.9,356,1.4579103012522172,-20.849088650430325
2015-02-03 18:00:00,16.6,83,0.0,18.8,356,1.3114217063895544,-18.754204144884696
2015-02-03 19:00:00,15.6,87,0.0,18.8,356,1.3114217063895544,-18.754204144884696
2015-02-03 20:00:00,15.1,90,0.0,19.1,356,1.332348648512792,-19.053473359962645
2015-02-03 21:00:00,14.8,92,0.0,19.5,358,0.6805401856987711,-19.488121126872368
2015-02-03 22:00:00,14.6,93,0.0,19.1,1,-0.33334096295211485,-19.097090977487074
2015-02-03 23:00:00,14.5,92,0.0,19.1,2,-0.6665803870177646,-19.08836479606473
2015-02-04 00:00:00,14.0,94,0.0,19.1,3,-0.9996167642402364,-19.07382411381236
2015-02-04 01:00:00,13.5,95,0.0,18.4,6,-1.9233237241248218,-18.299202874776228
2015-02-04 02:00:00,13.4,94,0.0,17.1,8,-2.3798600264171257,-16.933583975480854
2015-02-04 03:00:00,13.5,92,0.0,17.8,7,-2.16927431261162,-17.667321499215532
2015-02-04 04:00:00,13.0,93,0.0,18.9,8,-2.6303716081452437,-18.716066499215675
2015-02-04 05:00:00,12.6,93,0.0,18.6,10,-3.2298561046049046,-18.31742420602707
2015-02-04 06:00:00,12.5,92,0.0,17.5,14,-4.233633172994186,-16.980175209829937
2015-02-04 07:00:00,12.7,90,0.0,14.9,20,-5.0961001355524616,-14.001420049710037
2015-02-04 08:00:00,14.7,88,0.0,14.2,16,-3.914050452601384,-13.649916082324129
2015-02-04 09:00:00,17.7,75,0.0,13.9,10,-2.4137096695703315,-13.688827766869691
2015-02-04 10:00:00,18.9,71,0.0,17.3,359,0.30192663136500625,-17.29736512620557
2015-02-04 11:00:00,19.8,66,0.0,23.1,358,0.806178373827775,-23.085928104141114
2015-02-04 12:00:00,20.1,64,0.0,25.2,1,-0.4398006422195441,-25.19616191794106
2015-02-04 13:00:00,20.0,64,0.0,27.0,1,-0.47121497380665445,-26.995887769222563
2015-02-04 14:00:00,19.7,64,0.0,28.4,1,-0.49564834281885134,-28.395674542441512
2015-02-04 15:00:00,19.3,66,0.0,28.8,2,-1.005105505032022,-28.78245581814996
2015-02-04 16:00:00,18.1,70,0.0,28.8,2,-1.005105505032022,-28.78245581814996
2015-02-04 17:00:00,16.6,74,0.0,27.0,2,-0.9422864109675205,-26.983552329515586
2015-02-04 18:00:00,15.0,79,0.0,24.6,5,-2.144031271592393,-24.506389573056943
2015-02-04 19:00:00,14.1,82,0.0,22.3,3,-1.167091824217658,-22.269438625026996
2015-02-04 20:00:00,13.6,83,0.0,20.9,4,-1.4579103012522245,-20.849088650430325
2015-02-04 21:00:00,13.1,84,0.0,20.9,2,-0.7293994810822658,-20.8872682846991
2015-02-04 22:00:00,12.7,86,0.0,20.5,3,-1.0728871029803584,-20.471905462468765
2015-02-04 23:00:00,12.2,88,0.0,21.3,3,-1.1147558679747138,-21.270809090272422
2015-02-05 00:00:00,11.9,88,0.0,23.4,2,-0.8166482228385178,-23.38574535224684
2015-02-05 01:00:00,11.8,87,0.0,24.5,3,-1.2822309279521356,-24.466423601487058
2015-02-05 02:00:00,12.0,86,0.0,24.9,3,-1.303165310449313,-24.86587541538889
2015-02-05 03:00:00,12.3,84,0.0,25.2,3,-1.3188660973221964,-25.16546427581526
2015-02-05 04:00:00,12.1,83,0.0,24.9,3,-1.303165310449313,-24.86587541538889
2015-02-05 05:00:00,11.9,84,0.3,25.3,5,-2.2050402915157536,-25.203725861721164
2015-02-05 06:00:00,11.6,85,0.6,23.6,7,-2.8761165043614736,-23.4240891787352
2015-02-05 07:00:00,11.5,86,0.2,23.2,7,-2.827368766999414,-23.027070718078672
2015-02-05 08:00:00,12.3,84,0.6,22.8,6,-2.383248962502497,-22.675099214396635
2015-02-05 09:00:00,12.6,84,0.2,23.9,6,-2.498230272096915,-23.769073299301734
2015-02-05 10:00:00,13.2,83,0.7000000000000001,25.8,7,-3.144229059852797,-25.60769071234611
2015-02-05 11:00:00,14.5,78,0.4,27.5,5,-2.396782925560602,-27.395354197523
2015-02-05 12:00:00,14.9,74,0.0,29.9,2,-1.0434949514047727,-29.881785727870962
2015-02-05 13:00:00,15.8,68,0.0,32.4,2,-1.1307436931610246,-32.3802627954187
2015-02-05 14:00:00,15.4,67,0.0,33.5,3,-1.7532545341386343,-33.45408941427822
2015-02-05 15:00:00,15.2,68,0.3,33.8,1,-0.5898913375801822,-33.79485209628602
2015-02-05 16:00:00,14.0,71,0.3,31.7,1,-0.5532412840618869,-31.6951719364576
2015-02-05 17:00:00,12.7,76,0.4,30.0,4,-2.0926942123237673,-29.926921507794727
2015-02-05 18:00:00,11.7,80,0.4,25.4,7,-3.095481322490738,-25.21067225168958
2015-02-05 19:00:00,11.3,83,0.3,22.3,3,-1.167091824217658,-22.269438625026996
2015-02-05 20:00:00,11.2,84,0.8,22.7,3,-1.1880262067148357,-22.668890438928827
2015-02-05 21:00:00,11.0,85,0.8,22.8,5,-1.987150934646608,-22.7132391164918
2015-02-05 22:00:00,11.0,87,0.6,22.1,7,-2.6933124892537528,-21.93526995127322
2015-02-05 23:00:00,11.0,85,0.0,20.7,7,-2.5226954084865465,-20.545705338975367
2015-02-06 00:00:00,10.9,87,0.3,19.2,6,-2.0069464947389446,-19.094820391070847
2015-02-06 01:00:00,11.3,88,0.6,18.8,3,-0.983915977367353,-18.77423525338599
2015-02-06 02:00:00,11.3,88,0.5,18.8,5,-1.638527963655975,-18.728460324124818
2015-02-06 03:00:00,11.6,86,0.0,17.4,7,-2.120526575249561,-17.270303038559003
2015-02-06 04:00:00,11.3,88,0.0,16.7,6,-1.7456253365698111,-16.608515652650166
2015-02-06 05:00:00,11.2,88,0.0,16.3,8,-2.2685215456490733,-16.141369520487597
2015-02-06 06:00:00,11.1,88,0.0,17.4,6,-1.8187952608571683,-17.304680979407955
2015-02-06 07:00:00,11.3,88,0.0,18.0,3,-0.9420472123729975,-17.975331625582328
2015-02-06 08:00:00,12.2,86,0.0,18.7,2,-0.6526205883367642,-18.68860846525709
2015-02-06 09:00:00,14.2,77,0.0,19.1,4,-1.3323486485127987,-19.053473359962645
2015-02-06 10:00:00,15.3,73,0.0,19.5,4,-1.3602512380104488,-19.452498980066572
2015-02-06 11:00:00,16.1,70,0.0,19.5,3,-1.020551146737414,-19.47327592771419
2015-02-06 12:00:00,16.6,70,0.0,19.5,4,-1.3602512380104488,-19.452498980066572
2015-02-06 13:00:00,16.3,71,0.0,19.5,5,-1.699536983579336,-19.42579661278904
2015-02-06 14:00:00,16.3,70,0.0,18.1,7,-2.205835115633164,-17.96508534470793
2015-02-06 15:00:00,14.6,81,0.1,17.8,7,-2.16927431261162,-17.667321499215532
2015-02-06 16:00:00,14.3,82,0.0,17.0,6,-1.776983875550107,-16.90687222126065
2015-02-06 17:00:00,13.9,83,0.0,16.6,5,-1.446785329611127,-16.536831988322977
2015-02-06 18:00:00,13.4,84,0.0,17.0,4,-1.185860053650135,-16.958588854417012
2015-02-06 19:00:00,13.0,85,0.0,17.0,4,-1.185860053650135,-16.958588854417012
2015-02-06 20:00:00,12.8,85,0.0,16.6,5,-1.446785329611127,-16.536831988322977
2015-02-06 21:00:00,12.5,86,0.0,15.9,3,-0.8321417042628145,-15.878209602597725
2015-02-06 22:00:00,12.0,89,0.0,14.4,1,-0.25131465269688236,-14.397806810252035
2015-02-06 23:00:00,11.5,91,0.0,13.7,360,8.388830574159369e-16,-13.7
2015-02-07 00:00:00,11.4,91,0.0,13.0,2,-0.4536934571325099,-12.992080751248245
2015-02-07 01:00:00,11.4,90,0.0,12.2,2,-0.42577385977050924,-12.192568089632967
2015-02-07 02:00:00,11.7,89,0.0,11.2,4,-0.7812725059342065,-11.17271736291003
2015-02-07 03:00:00,12.4,86,0.0,10.1,2,-0.35248491669525767,-10.093847352892867
2015-02-07 04:00:00,12.6,86,0.0,9.7,360,5.939536975864663e-16,-9.7
2015-02-07 05:00:00,13.2,84,0.0,9.8,354,1.024378940023004,-9.746314574609078
2015-02-07 06:00:00,13.2,84,0.0,9.0,2,-0.31409547032250684,-8.994517443171862
2015-02-07 07:00:00,13.1,84,0.0,8.9,14,-2.1531048708370433,-8.635631963856369
2015-02-07 08:00:00,13.7,86,0.0,9.7,2,-0.33852511801425733,-9.694091022085228
2015-02-07 09:00:00,15.8,82,0.0,12.2,358,0.42577385977051313,-12.192568089632967
2015-02-07 10:00:00,17.3,75,0.0,12.3,3,-0.643732261788215,-12.283143277481258
2015-02-07 11:00:00,18.5,71,0.0,11.2,358,0.3908743630680121,-11.193177262613872
2015-02-07 12:00:00,19.1,70,0.0,11.6,355,1.0110066158728344,-11.555858497864248
2015-02-07 13:00:00,19.3,69,0.0,13.1,352,1.8231676225768576,-12.972511700514572
2015-02-07 14:00:00,19.6,68,0.0,15.6,352,2.171100374977021,-15.448181872368497
2015-02-07 15:00:00,19.8,71,0.0,18.6,350,3.229856104604906,-18.31742420602707
2015-02-07 16:00:00,18.7,75,0.0,20.5,349,3.9115844052191706,-20.12335726067711
2015-02-07 17:00:00,17.4,79,0.0,19.8,350,3.4382339178052224,-19.49919350964172
2015-02-07 18:00:00,15.9,85,0.0,17.4,354,1.81879526085717,-17.304680979407955
2015-02-07 19:00:00,15.1,89,0.2,15.1,357,0.7902729392684539,-15.079305974794064
2015-02-07 20:00:00,14.8,91,0.0,12.6,5,-1.0981623586204938,-12.552053195955994
2015-02-07 21:00:00,14.3,93,0.0,11.0,11,-2.098898949141991,-10.797899017924303
2015-02-07 22:00:00,13.8,95,0.0,11.2,2,-0.3908743630680085,-11.193177262613872
2015-02-07 23:00:00,13.5,95,0.0,12.2,360,7.470345474798854e-16,-12.2
2015-02-08 00:00:00,13.8,94,0.0,13.7,360,8.388830574159369e-16,-13.7
2015-02-08 01:00:00,13.5,94,0.0,15.5,359,0.27051229977789576,-15.497639274924065
2015-02-08 02:00:00,13.6,93,0.0,18.4,360,1.1266750552155648e-15,-18.4
2015-02-08 03:00:00,13.8,94,0.0,20.5,2,-0.7154396824012657,-20.487511953891463
2015-02-08 04:00:00,13.6,94,0.0,21.7,5,-1.891279617624184,-21.617424948590877
2015-02-08 05:00:00,13.5,93,0.0,22.9,7,-2.79080796397787,-22.729306872586275
2015-02-08 06:00:00,13.4,92,0.0,22.8,5,-1.987150934646608,-22.7132391164918
2015-02-08 07:00:00,13.2,90,0.0,25.3,5,-2.2050402915157536,-25.203725861721164
2015-02-08 08:00:00,14.0,88,0.0,27.4,5,-2.388067351285836,-27.29573472771383
2015-02-08 09:00:00,15.4,80,0.0,29.6,4,-2.0647916228261174,-29.527895887690796
2015-02-08 10:00:00,16.8,72,0.0,32.1,4,-2.239182807186431,-32.02180601334036
2015-02-08 11:00:00,17.8,66,0.0,34.0,5,-2.9632952534203802,-33.87061973511935
2015-02-08 12:00:00,18.4,61,0.0,34.0,6,-3.553967751100214,-33.8137444425213
2015-02-08 13:00:00,18.5,58,0.0,34.4,7,-4.1923054131370625,-34.14358761646148
2015-02-08 14:00:00,18.2,56,0.0,34.5,7,-4.2044923474775775,-34.24284223162561
2015-02-08 15:00:00,17.7,56,0.0,34.1,7,-4.155744610115518,-33.84582377096908
2015-02-08 16:00:00,16.9,56,0.0,32.6,7,-3.972940595007798,-32.3570045435071
2015-02-08 17:00:00,15.6,58,0.0,30.8,6,-3.2194766686437237,-30.631274377342823
2015-02-08 18:00:00,14.4,60,0.0,30.2,8,-4.203027648993988,-29.90609567599542
2015-02-08 19:00:00,13.9,62,0.0,29.1,8,-4.0499372379379155,-28.816800800379696
2015-02-08 20:00:00,13.5,64,0.0,28.1,10,-4.879513792440743,-27.673097859643047
2015-02-08 21:00:00,13.1,67,0.0,26.0,10,-4.514852619340188,-25.60500157831741
2015-02-08 22:00:00,12.8,68,0.0,24.8,9,-3.87957473299773,-24.494670846759416
2015-02-08 23:00:00,12.7,68,0.0,23.6,8,-3.2844851826575536,-23.37032642230106
2015-02-09 00:00:00,12.4,69,0.0,23.5,6,-2.4564188867898538,-23.371264541154424
2015-02-09 01:00:00,12.1,71,0.0,23.2,7,-2.827368766999414,-23.027070718078672
2015-02-09 02:00:00,12.2,71,0.0,22.6,8,-3.145312081697488,-22.380058353559487
2015-02-09 03:00:00,11.9,74,0.0,22.5,7,-2.7420602266158114,-22.332288411929746
2015-02-09 04:00:00,11.9,74,0.0,22.1,7,-2.6933124892537528,-21.93526995127322
2015-02-09 05:00:00,11.7,74,0.0,22.8,6,-2.383248962502497,-22.675099214396635
2015-02-09 06:00:00,11.3,75,0.0,23.7,10,-4.115461810706249,-23.33994374638933
2015-02-09 07:00:00,11.3,76,0.0,23.3,8,-3.242733252369534,-23.073246001678587
2015-02-09 08:00:00,12.3,73,0.0,23.5,5,-2.048159954569969,-23.41057540515602
2015-02-09 09:00:00,13.7,68,0.0,26.0,4,-1.8136683173472652,-25.93666530675543
2015-02-09 10:00:00,14.9,64,0.0,28.5,4,-1.988059501707579,-28.43057543240499
2015-02-09 11:00:00,15.5,62,0.0,29.6,5,-2.579809985330684,-29.48736306351567
2015-02-09 12:00:00,15.8,61,0.0,31.4,3,-1.6433490260284511,-31.356967391293615
2015-02-09 13:00:00,16.2,60,0.0,32.1,4,-2.239182807186431,-32.02180601334036
2015-02-09 14:00:00,15.8,60,0.0,31.8,5,-2.7715526193755324,-31.67899139931751
2015-02-09 15:00:00,14.9,62,0.0,30.7,5,-2.6756813023531083,-30.583177231416588
2015-02-09 16:00:00,14.3,62,0.0,28.9,4,-2.015962091205229,-28.829601052508917
2015-02-09 17:00:00,13.6,63,0.0,27.0,3,-1.4130708185594962,-26.962997438373492
2015-02-09 18:00:00,12.6,66,0.0,24.5,2,-0.8550376692112687,-24.485075261967847
2015-02-09 19:00:00,11.9,68,0.0,24.1,360,1.4756993929725606e-15,-24.1
2015-02-09 20:00:00,11.6,69,0.0,23.4,1,-0.4083863106324338,-23.396436066659554
2015-02-09 21:00:00,11.3,71,0.0,21.6,2,-0.7538291287740165,-21.58684186361247
2015-02-09 22:00:00,11.2,71,0.0,21.2,359,0.36999101647041227,-21.196771137315494
2015-02-09 23:00:00,11.0,73,0.0,20.5,359,0.35777433196431374,-20.49687775070602
2015-02-10 00:00:00,10.6,76,0.0,20.5,360,1.255262969126037e-15,-20.5
2015-02-10 01:00:00,10.0,79,0.0,19.5,2,-0.6805401856987648,-19.488121126872368
2015-02-10 02:00:00,9.7,81,0.0,19.1,4,-1.3323486485127987,-19.053473359962645
2015-02-10 03:00:00,9.3,83,0.0,18.4,6,-1.9233237241248218,-18.299202874776228
2015-02-10 04:00:00,8.9,84,0.0,17.7,5,-1.542656646633551,-17.632646156223895
2015-02-10 05:00:00,8.7,84,0.0,17.0,4,-1.185860053650135,-16.958588854417012
2015-02-10 06:00:00,9.1,83,0.0,15.5,5,-1.350914012588703,-15.441017820422056
2015-02-10 07:00:00,9.7,80,0.0,15.0,10,-2.6047226650039548,-14.772116295183121
2015-02-10 08:00:00,11.1,85,0.0,14.6,9,-2.283943189587373,-14.42024977268901
2015-02-10 09:00:00,14.5,67,0.0,14.8,6,-1.5470212563612697,-14.718924051450447
2015-02-10 10:00:00,15.7,63,0.0,15.1,1,-0.26353133720298083,-15.097700196861508
2015-02-10 11:00:00,16.7,60,0.0,15.5,356,1.0812253430339411,-15.462242779027275
2015-02-10 12:00:00,17.3,59,0.0,16.3,354,1.7038139512627515,-16.210706894502856
2015-02-10 13:00:00,17.5,59,0.0,16.3,352,2.268521545649067,-16.141369520487597
2015-02-10 14:00:00,17.4,59,0.0,16.7,353,2.035218034865963,-16.575520732410077
2015-02-10 15:00:00,17.2,60,0.0,17.7,355,1.542656646633549,-17.632646156223895
2015-02-10 16:00:00,16.7,61,0.0,18.0,359,0.3141433158711048,-17.997258512815044
2015-02-10 17:00:00,15.9,62,0.0,16.2,360,9.919639073093561e-16,-16.2
2015-02-10 18:00:00,14.4,67,0.0,16.2,1,-0.2827289842839927,-16.197532661533536
2015-02-10 19:00:00,13.4,71,0.0,14.4,4,-1.0044932219154084,-14.36492232374147
2015-02-10 20:00:00,12.4,76,0.0,13.0,2,-0.4536934571325099,-12.992080751248245
2015-02-10 21:00:00,11.6,81,0.0,13.3,357,0.6960682180311548,-13.281772812235833
2015-02-10 22:00:00,11.0,84,0.0,13.0,357,0.6803674311582716,-12.98218395180946
2015-02-10 23:00:00,11.6,80,0.0,10.8,358,0.3769145643870117,-10.793420931806235
2015-02-11 00:00:00,12.0,79,0.0,10.8,356,0.7533699164365526,-10.773691742806102
2015-02-11 01:00:00,12.2,78,0.0,10.1,2,-0.35248491669525767,-10.093847352892867
2015-02-11 02:00:00,12.6,77,0.0,9.7,2,-0.33852511801425733,-9.694091022085228
2015-02-11 03:00:00,11.0,84,0.0,10.1,4,-0.7045403848156684,-10.075396907624224
2015-02-11 04:00:00,10.8,85,0.0,9.8,6,-1.024378940023003,-9.74631457460908
2015-02-11 05:00:00,10.7,86,0.0,9.4,4,-0.6557108531947805,-9.377102072442348
2015-02-11 06:00:00,10.6,87,0.0,9.0,5,-0.7844016847289242,-8.96575228282571
2015-02-11 07:00:00,10.9,86,0.0,8.7,7,-1.0602632876247804,-8.635151519279502
2015-02-11 08:00:00,12.1,88,0.0,10.4,2,-0.36295476570600793,-10.393664600998596
2015-02-11 09:00:00,15.4,73,0.0,13.0,355,1.1330246557195558,-12.950531075192693
2015-02-11 10:00:00,16.7,66,0.0,12.6,355,1.0981623586204925,-12.552053195955994
2015-02-11 11:00:00,17.5,64,0.0,12.8,349,2.442355140819775,-12.5648279481301
2015-02-11 12:00:00,18.0,62,0.0,13.7,346,3.314329969715447,-13.293051449981151
2015-02-11 13:00:00,18.4,61,0.0,14.1,347,3.1718098662484953,-13.738617913471817
2015-02-11 14:00:00,18.5,60,0.0,14.8,346,3.5804440548750818,-14.360376748884748
2015-02-11 15:00:00,18.1,61,0.0,16.0,346,3.870750329594683,-15.524731620415944
2015-02-11 16:00:00,17.4,63,0.0,15.9,347,3.5767217640674525,-15.49248403008524
2015-02-11 17:00:00,16.2,69,0.0,13.5,351,2.1118652780431173,-13.33379259803436
2015-02-11 18:00:00,14.9,75,0.0,9.7,2,-0.33852511801425733,-9.694091022085228
2015-02-11 19:00:00,13.8,82,0.0,8.7,7,-1.0602632876247804,-8.635151519279502
2015-02-11 20:00:00,13.3,87,0.0,7.7,11,-1.4692292643993936,-7.558529312547013
2015-02-11 21:00:00,13.1,86,0.0,7.6,3,-0.39775326744637673,-7.589584464134761
2015-02-11 22:00:00,13.1,85,0.0,7.3,9,-1.1419715947936866,-7.210124886344505
2015-02-11 23:00:00,12.9,86,0.0,7.6,8,-1.0577155672965002,-7.526037322435934
2015-02-12 00:00:00,12.5,86,0.0,8.7,5,-0.7582549619046267,-8.666893873398186
2015-02-12 01:00:00,11.8,88,0.0,10.1,4,-0.7045403848156684,-10.075396907624224
2015-02-12 02:00:00,11.2,89,0.0,11.5,2,-0.40134421207875876,-11.492994510719601
2015-02-12 03:00:00,11.1,90,0.0,12.6,3,-0.6594330486610982,-12.58273213790763
2015-02-12 04:00:00,10.6,91,0.0,13.1,8,-1.8231676225768623,-12.97251170051457
2015-02-12 05:00:00,10.2,91,0.0,13.6,11,-2.5950023371210067,-13.35012969488823
2015-02-12 06:00:00,9.9,89,0.0,15.9,6,-1.6620025659556885,-15.812898136355548
2015-02-12 07:00:00,10.1,87,0.0,18.8,4,-1.311421706389561,-18.754204144884696
2015-02-12 08:00:00,12.8,79,0.0,19.8,3,-1.0362519336102973,-19.772864788140563
2015-02-12 09:00:00,15.9,62,0.0,23.0,1,-0.40140534805752043,-22.996496988597
2015-02-12 10:00:00,17.1,55,0.0,24.5,2,-0.8550376692112687,-24.485075261967847
2015-02-12 11:00:00,18.2,51,0.0,24.5,2,-0.8550376692112687,-24.485075261967847
2015-02-12 12:00:00,18.9,49,0.0,24.1,3,-1.2612965454549578,-24.06697178758523
2015-02-12 13:00:00,19.2,47,0.0,24.1,2,-0.8410778705302684,-24.08531893116021
2015-02-12 14:00:00,19.4,45,0.0,25.2,2,-0.8794673169030192,-25.184648840881213
2015-02-12 15:00:00,18.7,47,0.0,25.2,2,-0.8794673169030192,-25.184648840881213
2015-02-12 16:00:00,17.9,49,0.0,23.8,4,-1.6602040751101887,-23.742024396183815
2015-02-12 17:00:00,16.7,53,0.0,20.6,4,-1.4369833591289871,-20.54981943535238
2015-02-12 18:00:00,15.1,56,0.0,18.1,7,-2.205835115633164,-17.96508534470793
2015-02-12 19:00:00,14.0,61,0.0,17.1,8,-2.3798600264171257,-16.933583975480854
2015-02-12 20:00:00,12.6,69,0.0,15.7,11,-2.9957012274117503,-15.411546780128324
2015-02-12 21:00:00,11.9,70,0.0,15.7,11,-2.9957012274117503,-15.411546780128324
2015-02-12 22:00:00,12.8,64,0.0,13.6,12,-2.8275989951215332,-13.302807369979755
2015-02-12 23:00:00,13.3,62,0.0,14.9,7,-1.815853216736693,-14.7889376594557
2015-02-13 00:00:00,13.1,62,0.0,13.4,5,-1.1678869528186206,-13.34900895442939
2015-02-13 01:00:00,12.9,61,0.0,13.0,3,-0.680367431158276,-12.98218395180946
2015-02-13 02:00:00,12.6,60,0.0,12.3,7,-1.4989929238833102,-12.208317665188263
2015-02-13 03:00:00,12.3,62,0.0,12.0,7,-1.462432120861766,-11.910553819695865
2015-02-13 04:00:00,12.0,62,0.0,12.3,7,-1.4989929238833102,-12.208317665188263
2015-02-13 05:00:00,11.5,63,0.0,12.0,9,-1.8772135804827723,-11.852260087141651
2015-02-13 06:00:00,10.8,66,0.0,9.6,13,-2.1595301217011063,-9.353952621938257
2015-02-13 07:00:00,10.2,68,0.0,7.6,5,-0.6623836448822027,-7.571079705497266
2015-02-13 08:00:00,12.2,71,0.0,5.8,7,-0.7068421917498535,-5.756767679519668
2015-02-13 09:00:00,16.1,58,0.0,7.2,357,0.3768188849491966,-7.190132650232932
2015-02-13 10:00:00,18.0,49,0.0,8.1,347,1.8221035401853058,-7.892397524760405
2015-02-13 11:00:00,19.4,45,0.0,9.1,326,5.088655421583796,-7.5442419102508795
2015-02-13 12:00:00,20.1,43,0.0,10.7,320,6.877827423645971,-8.196675541373065
2015-02-13 13:00:00,20.5,43,0.0,11.5,319,7.544678833390834,-8.679160172561879
2015-02-13 14:00:00,20.5,43,0.0,11.7,317,7.979380812731232,-8.556838308944293
2015-02-13 15:00:00,20.1,45,0.0,10.7,320,6.877827423645971,-8.196675541373065
2015-02-13 16:00:00,19.3,47,0.0,9.7,318,6.490566881680924,-7.208504807130724
2015-02-13 17:00:00,18.3,52,0.0,8.4,320,5.399415921366931,-6.4347733221994154
2015-02-13 18:00:00,16.7,61,0.0,8.7,330,4.3500000000000005,-7.534421012924615
2015-02-13 19:00:00,15.3,72,0.0,8.5,348,1.7672493719509554,-8.314254606237347
2015-02-13 20:00:00,15.5,68,0.0,7.2,6,-0.7526049355271042,-7.160557646651569
2015-02-13 21:00:00,15.5,68,0.0,6.5,19,-2.116193003971518,-6.1458707413955596
2015-02-13 22:00:00,15.1,71,0.0,5.5,11,-1.0494494745709955,-5.3989495089621515
2015-02-13 23:00:00,14.6,73,0.0,5.2,12,-1.0811407922523508,-5.086367523815789
2015-02-14 00:00:00,14.2,73,0.0,4.0,27,-1.8159619989581877,-3.564026096753471
2015-02-14 01:00:00,14.1,73,0.0,2.6,34,-1.453901549023941,-2.1554976886431088
2015-02-14 02:00:00,13.8,74,0.0,1.8,53,-1.437543918085127,-1.0832670416736871
2015-02-14 03:00:00,13.6,76,0.0,1.8,53,-1.437543918085127,-1.0832670416736871
2015-02-14 04:00:00,13.3,76,0.0,2.1,31,-1.0815799573111144,-1.8000513314744355
2015-02-14 05:00:00,13.1,77,0.0,2.2,360,1.3471114790620887e-16,-2.2
2015-02-14 06:00:00,12.7,78,0.0,1.4,360,8.572527594031472e-17,-1.4
2015-02-14 07:00:00,12.5,79,0.0,1.3,326,0.7269507745119709,-1.0777488443215544
2015-02-14 08:00:00,14.1,77,0.0,1.3,214,0.7269507745119709,1.0777488443215544
2015-02-14 09:00:00,17.4,57,0.0,2.5,225,1.7677669529663689,1.7677669529663687
2015-02-14 10:00:00,19.1,44,0.0,5.5,247,5.062776693988422,2.149021206691006
2015-02-14 11:00:00,20.5,42,0.0,9.0,265,8.96575228282571,0.7844016847289235
2015-02-14 12:00:00,21.3,42,0.0,11.9,284,11.546519142684359,-2.8788705576360463
2015-02-14 13:00:00,21.5,42,0.0,12.2,298,10.771960632878908,-5.727553065987867
2015-02-14 14:00:00,21.4,44,0.0,12.3,308,9.69253226936268,-7.572636146505597
2015-02-14 15:00:00,21.1,41,0.0,12.2,315,8.62670273047588,-8.626702730475879
2015-02-14 16:00:00,20.3,44,0.0,12.1,323,7.281961780139786,-9.663489671572243
2015-02-14 17:00:00,19.2,47,0.0,8.2,337,3.203995253612044,-7.54813979831001
2015-02-14 18:00:00,17.6,54,0.0,8.3,355,0.7233926648055626,-8.268415994161488
2015-02-14 19:00:00,16.0,67,0.0,7.6,8,-1.0577155672965002,-7.526037322435934
2015-02-14 20:00:00,15.6,69,0.0,6.0,25,-2.5357095704441948,-5.4378467222199
2015-02-14 21:00:00,15.9,65,0.0,5.5,23,-2.149021206691006,-5.062776693988422
2015-02-14 22:00:00,15.9,66,0.0,5.4,4,-0.37668495821827813,-5.386845871403051
2015-02-14 23:00:00,15.7,69,0.0,5.8,7,-0.7068421917498535,-5.756767679519668
2015-02-15 00:00:00,15.3,72,0.0,5.2,34,-2.907803098047882,-4.3109953772862175
2015-02-15 01:00:00,13.8,80,0.0,6.2,54,-5.015905365124675,-3.644268564213333
2015-02-15 02:00:00,13.2,83,0.0,6.4,52,-5.043268823083022,-3.9402334420842124
2015-02-15 03:00:00,13.8,83,0.0,5.9,43,-4.023790324368742,-4.314986839553106
2015-02-15 04:00:00,14.5,79,0.0,4.8,27,-2.179154398749825,-4.276831316104166
2015-02-15 05:00:00,14.8,78,0.0,3.7,11,-0.7059932828932151,-3.632020578756357
2015-02-15 06:00:00,14.6,80,0.0,5.0,21,-1.7918397477265036,-4.667902132486008
2015-02-15 07:00:00,14.4,82,0.0,5.6,15,-1.4493866525741155,-5.4091846272187825
2015-02-15 08:00:00,16.0,85,0.0,7.0,21,-2.508575646817105,-6.535062985480412
2015-02-15 09:00:00,19.8,61,0.0,5.4,37,-3.2498011250210608,-4.312631754255381
2015-02-15 10:00:00,21.4,53,0.0,1.3,56,-1.0777488443215544,-0.7269507745119708
2015-02-15 11:00:00,22.9,49,0.0,4.3,265,4.283637201794505,0.3747696938149301
2015-02-15 12:00:00,23.9,48,0.0,9.8,294,8.95274548489749,-3.9860191021428424
2015-02-15 13:00:00,24.7,49,0.0,12.0,311,9.056514962673264,-7.872708347886087
2015-02-15 14:00:00,25.4,50,0.0,11.7,326,6.542556970607737,-9.699739598893988
2015-02-15 15:00:00,24.2,53,0.0,11.6,338,4.345436483624579,-10.755332712974734
2015-02-15 16:00:00,23.3,54,0.0,11.0,349,2.098898949141994,-10.797899017924303
2015-02-15 17:00:00,22.1,56,0.0,10.6,350,1.8406706832694624,-10.438962181929405
2015-02-15 18:00:00,20.2,62,0.0,11.6,353,1.4136843834997108,-11.513535359039334
2015-02-15 19:00:00,18.6,70,0.0,13.8,354,1.4424927930936178,-13.724402156082173
2015-02-15 20:00:00,17.6,74,0.0,15.1,360,9.246083333562517e-16,-15.1
2015-02-15 21:00:00,16.8,77,0.1,14.2,7,-1.7305446763530898,-14.094155353306773
2015-02-15 22:00:00,16.1,82,0.7000000000000001,12.5,12,-2.5988961352219975,-12.22684500917257
2015-02-15 23:00:00,15.6,86,0.5,12.0,9,-1.8772135804827723,-11.852260087141651
2015-02-16 00:00:00,15.4,89,1.0,12.3,5,-1.0720156357961965,-12.253194786528471
2015-02-16 01:00:00,15.6,89,1.6,11.9,3,-0.6227978792910372,-11.88369146357943
2015-02-16 02:00:00,15.9,90,2.0,11.9,3,-0.6227978792910372,-11.88369146357943
2015-02-16 03:00:00,16.0,91,2.4,10.9,17,-3.1868515814778346,-10.423721839997086
2015-02-16 04:00:00,16.0,92,2.3,9.8,24,-3.986019102142841,-8.95274548489749
2015-02-16 05:00:00,16.1,92,1.4,8.4,31,-4.326319829244458,-7.200205325897742
2015-02-16 06:00:00,16.2,92,0.8,9.3,54,-7.523858047687013,-5.466402846319999
2015-02-16 07:00:00,16.3,91,0.6,8.6,68,-7.973781149274371,-3.221616703376843
2015-02-16 08:00:00,17.6,91,0.0,7.0,55,-5.7340643100229425,-4.015035054457323
2015-02-16 09:00:00,20.4,81,0.0,6.8,32,-3.603450996785794,-5.766727053863696
2015-02-16 10:00:00,21.9,73,0.0,9.0,360,5.51091059616309e-16,-9.0
2015-02-16 11:00:00,22.9,69,0.0,14.7,349,2.8048922320352103,-14.42991959668066
2015-02-16 12:00:00,23.0,70,0.0,18.9,347,4.251574927099047,-18.415594224440945
2015-02-16 13:00:00,23.0,72,0.0,21.3,349,4.064231601520407,-20.908659007435244
2015-02-16 14:00:00,22.7,73,0.0,20.7,353,2.522695408486553,-20.545705338975363
2015-02-16 15:00:00,23.1,72,0.0,18.8,357,0.9839159773673466,-18.77423525338599
2015-02-16 16:00:00,22.5,72,0.0,17.0,356,1.185860053650129,-16.958588854417012
2015-02-16 17:00:00,21.4,76,0.0,14.4,356,1.0044932219154035,-14.36492232374147
2015-02-16 18:00:00,19.6,83,0.0,11.9,3,-0.6227978792910372,-11.88369146357943
2015-02-16 19:00:00,18.1,89,0.0,10.8,15,-2.795245687107223,-10.431998923921938
2015-02-16 20:00:00,17.0,92,0.0,11.6,22,-4.3454364836245825,-10.755332712974733
2015-02-16 21:00:00,16.7,90,0.0,11.1,25,-4.691062705321761,-10.060016436106816
2015-02-16 22:00:00,15.4,92,0.0,10.9,34,-6.095202647831138,-9.036509540849956
2015-02-16 23:00:00,13.5,97,0.0,9.7,42,-6.490566881680923,-7.2085048071307245
2015-02-17 00:00:00,12.6,98,0.0,8.2,49,-6.1886185578267305,-5.379684037722157
2015-02-17 01:00:00,12.2,96,0.0,6.3,24,-2.5624408513775405,-5.755336383148386
2015-02-17 02:00:00,12.8,92,0.0,8.0,5,-0.697245941981266,-7.969557584733964
2015-02-17 03:00:00,15.8,80,0.0,7.8,13,-1.7546182238821488,-7.600086505324834
2015-02-17 04:00:00,15.9,79,0.0,6.1,28,-2.8637765329939335,-5.385980316439454
2015-02-17 05:00:00,16.0,78,0.0,5.1,39,-3.2095339943541727,-3.96344440343055
2015-02-17 06:00:00,16.0,78,0.0,3.8,49,-2.867896404846534,-2.4930243101639267
2015-02-17 07:00:00,15.9,79,0.0,5.5,23,-2.149021206691006,-5.062776693988422
2015-02-17 08:00:00,17.4,81,0.0,7.3,9,-1.1419715947936866,-7.210124886344505
2015-02-17 09:00:00,19.8,76,0.0,9.0,358,0.31409547032250973,-8.994517443171862
2015-02-17 10:00:00,20.9,75,0.0,9.7,356,0.6766377953180147,-9.676371287520293
2015-02-17 11:00:00,22.0,74,0.0,9.4,2,-0.3280552690035072,-9.394273773979501
2015-02-17 12:00:00,22.8,70,0.0,8.6,360,5.265981236333618e-16,-8.6
2015-02-17 13:00:00,23.2,68,0.0,10.7,348,2.224655091750026,-10.46617932785172
2015-02-17 14:00:00,23.2,67,0.0,15.0,349,2.862134930648174,-14.72440775171496
2015-02-17 15:00:00,23.2,67,0.0,18.4,357,0.9629815948701689,-18.37478343948416
2015-02-17 16:00:00,22.5,68,0.0,19.4,1,-0.33857668488329984,-19.39704528603399
2015-02-17 17:00:00,21.1,71,0.0,18.8,3,-0.983915977367353,-18.77423525338599
2015-02-17 18:00:00,19.2,76,0.0,19.7,8,-2.7417100889132966,-19.50828095420893
2015-02-17 19:00:00,17.8,81,0.0,18.2,18,-5.624109297624045,-17.309228596571792
2015-02-17 20:00:00,16.7,87,0.0,13.5,25,-5.705346533499439,-12.235155124994776
2015-02-17 21:00:00,16.0,87,0.0,12.4,26,-5.435802220184564,-11.14504617410967
2015-02-17 22:00:00,16.0,85,0.0,12.8,22,-4.794964395723677,-11.867953338454878
2015-02-17 23:00:00,16.1,82,0.0,13.7,14,-3.3143299697154487,-13.293051449981151
2015-02-18 00:00:00,16.2,82,0.0,14.1,13,-3.1718098662485,-13.738617913471815
2015-02-18 01:00:00,16.5,80,0.0,14.1,13,-3.1718098662485,-13.738617913471815
2015-02-18 02:00:00,16.3,79,0.0,13.8,15,-3.571702822414785,-13.329776402789143
2015-02-18 03:00:00,15.1,80,0.0,13.3,19,-4.330056454280184,-12.575397055470916
2015-02-18 04:00:00,15.4,79,0.0,12.5,18,-3.8627124296868445,-11.888206453689419
2015-02-18 05:00:00,15.4,78,0.0,12.4,17,-3.62540913856194,-11.858178973941639
2015-02-18 06:00:00,15.3,78,0.0,14.1,13,-3.1718098662485,-13.738617913471815
2015-02-18 07:00:00,15.3,78,0.0,13.8,15,-3.571702822414785,-13.329776402789143
2015-02-18 08:00:00,16.3,84,0.0,12.7,15,-3.2870018728020116,-12.267257993871167
2015-02-18 09:00:00,19.0,71,0.0,13.0,14,-3.144984642795681,-12.613844441587954
2015-02-18 10:00:00,20.9,65,0.0,14.8,4,-1.0323958114130587,-14.763947943845398
2015-02-18 11:00:00,21.8,64,0.0,17.7,2,-0.6177210916342635,-17.689217638237995
2015-02-18 12:00:00,22.2,63,0.0,17.7,5,-1.542656646633551,-17.632646156223895
2015-02-18 13:00:00,22.4,62,0.0,18.4,1,-0.3211242784460163,-18.3971975908776
2015-02-18 14:00:00,22.6,63,0.0,19.4,360,1.1879073951729326e-15,-19.4
2015-02-18 15:00:00,22.7,60,0.0,19.4,1,-0.33857668488329984,-19.39704528603399
2015-02-18 16:00:00,22.0,62,0.0,18.8,4,-1.311421706389561,-18.754204144884696
2015-02-18 17:00:00,21.0,65,0.0,17.0,6,-1.776983875550107,-16.90687222126065
2015-02-18 18:00:00,19.3,71,0.0,17.0,4,-1.185860053650135,-16.958588854417012
2015-02-18 19:00:00,18.0,77,0.0,17.9,10,-3.1083023802380527,-17.628058778918522
2015-02-18 20:00:00,16.6,84,0.0,16.0,14,-3.8707503295946846,-15.524731620415944
2015-02-18 21:00:00,15.5,87,0.0,15.4,16,-4.244815279581783,-14.803430117450112
2015-02-18 22:00:00,15.0,86,0.0,14.6,16,-4.0243053949281835,-14.034420760699458
2015-02-18 23:00:00,15.2,83,0.0,15.1,12,-3.1394665313481727,-14.770028771080463
2015-02-19 00:00:00,16.0,79,0.0,15.1,12,-3.1394665313481727,-14.770028771080463
2015-02-19 01:00:00,15.8,79,0.0,15.6,8,-2.171100374977027,-15.448181872368496
2015-02-19 02:00:00,15.7,79,0.0,15.3,8,-2.129348444689007,-15.151101451746026
2015-02-19 03:00:00,16.0,75,0.0,15.8,12,-3.2850047149206048,-15.45473209159413
2015-02-19 04:00:00,15.9,75,0.0,15.9,13,-3.576721764067458,-15.492484030085238
2015-02-19 05:00:00,15.9,75,0.0,15.7,9,-2.4560211011316273,-15.50670694734366
2015-02-19 06:00:00,15.8,75,0.0,15.4,11,-2.938458528798787,-15.117058625094026
2015-02-19 07:00:00,15.7,76,0.0,14.5,14,-3.507867486195183,-14.06928803100195
2015-02-19 08:00:00,16.4,78,0.0,14.1,13,-3.1718098662485,-13.738617913471815
2015-02-19 09:00:00,18.5,70,0.0,14.0,12,-2.910763671448637,-13.694066410273278
2015-02-19 10:00:00,19.9,66,0.0,12.7,7,-1.547740661245369,-12.60533612584479
2015-02-19 11:00:00,21.1,64,0.0,11.9,360,7.286648454926752e-16,-11.9
2015-02-19 12:00:00,21.5,63,0.0,12.7,353,1.547740661245373,-12.605336125844788
2015-02-19 13:00:00,21.9,61,0.0,14.9,352,2.0736792043049754,-14.7549942242494
2015-02-19 14:00:00,22.1,61,0.0,16.6,356,1.157957464152479,-16.55956323431308
2015-02-19 15:00:00,22.0,60,0.0,18.0,358,0.6281909406450195,-17.989034886343724
2015-02-19 16:00:00,21.3,61,0.0,18.4,360,1.1266750552155648e-15,-18.4
2015-02-19 17:00:00,20.4,64,0.0,17.0,4,-1.185860053650135,-16.958588854417012
2015-02-19 18:00:00,18.8,69,0.0,14.9,8,-2.0736792043049808,-14.754994224249398
2015-02-19 19:00:00,17.3,78,0.0,12.4,8,-1.7257464519048162,-12.279324052395472
2015-02-19 20:00:00,16.6,81,0.0,11.3,9,-1.7677094549546108,-11.160878248725057
2015-02-19 21:00:00,16.6,79,0.0,11.6,7,-1.413684383499707,-11.513535359039336
2015-02-19 22:00:00,16.6,79,0.0,10.9,9,-1.7051356689385184,-10.765802912487
2015-02-19 23:00:00,16.5,79,0.0,10.7,12,-2.2246550917500296,-10.46617932785172
2015-02-20 00:00:00,16.4,79,0.0,8.3,18,-2.564841053312065,-7.893769085249775
2015-02-20 01:00:00,16.3,80,0.0,7.6,8,-1.0577155672965002,-7.526037322435934
2015-02-20 02:00:00,16.2,80,0.0,9.1,353,1.1090110249868421,-9.032169979936029
2015-02-20 03:00:00,16.1,80,0.0,9.7,360,5.939536975864663e-16,-9.7
2015-02-20 04:00:00,16.1,80,0.0,8.4,10,-1.458644692402215,-8.272385125302547
2015-02-20 05:00:00,15.9,81,0.0,7.6,352,1.0577155672964975,-7.5260373224359345
2015-02-20 06:00:00,15.8,81,0.0,6.6,347,1.4846769586695083,-6.430842427582553
2015-02-20 07:00:00,15.8,82,0.0,5.5,349,1.049449474570997,-5.3989495089621515
2015-02-20 08:00:00,16.9,81,0.0,4.6,342,1.4214781741247582,-4.3748599749577055
2015-02-20 09:00:00,19.0,76,0.0,4.1,322,2.524212048835199,-3.23084408978756
2015-02-20 10:00:00,20.3,73,0.0,6.2,306,5.0159053651246746,-3.6442685642133337
2015-02-20 11:00:00,21.2,70,0.0,9.7,309,7.538315826132617,-6.104407793183422
2015-02-20 12:00:00,21.5,70,0.0,12.0,319,7.872708347886087,-9.056514962673264
2015-02-20 13:00:00,21.6,70,0.0,12.5,319,8.200737862381342,-9.43386975278465
2015-02-20 14:00:00,21.4,71,0.0,13.7,330,6.850000000000001,-11.864548031846809
2015-02-20 15:00:00,20.7,73,0.0,12.6,336,5.124881702755083,-11.510672766296771
2015-02-20 16:00:00,19.8,74,0.0,11.3,338,4.233054505599806,-10.4771775566047
2015-02-20 17:00:00,19.2,76,0.0,9.3,344,2.5634274090980926,-8.939733772226367
2015-02-20 18:00:00,18.3,80,0.0,8.0,355,0.6972459419812651,-7.969557584733964
2015-02-20 19:00:00,17.2,84,0.0,9.4,2,-0.3280552690035072,-9.394273773979501
2015-02-20 20:00:00,16.6,88,0.0,9.4,2,-0.3280552690035072,-9.394273773979501
2015-02-20 21:00:00,15.4,93,0.0,9.4,2,-0.3280552690035072,-9.394273773979501
2015-02-20 22:00:00,15.0,91,0.0,8.0,8,-1.1133848076805266,-7.922144549932562
2015-02-20 23:00:00,14.9,90,0.0,7.1,24,-2.8878301658381806,-6.486172749262467
2015-02-21 00:00:00,14.7,90,0.0,6.1,28,-2.8637765329939335,-5.385980316439454
2015-02-21 01:00:00,14.1,90,0.0,6.0,25,-2.5357095704441948,-5.4378467222199
2015-02-21 02:00:00,14.0,89,0.0,6.0,33,-3.267834210090162,-5.032023407672544
2015-02-21 03:00:00,16.3,83,0.0,4.7,23,-1.836436303899587,-4.326372811226469
2015-02-21 04:00:00,15.8,84,0.0,5.4,8,-0.7515347451843555,-5.34744757120448
2015-02-21 05:00:00,15.3,84,0.0,6.9,6,-0.7212463965468082,-6.862201078041087
2015-02-21 06:00:00,14.1,86,0.0,8.8,19,-2.864999759222979,-8.320563465273988
2015-02-21 07:00:00,13.9,86,0.0,7.8,34,-4.361704647071823,-6.466493065929326
2015-02-21 08:00:00,16.3,89,0.0,6.4,47,-4.6806636903626915,-4.364789504399989
2015-02-21 09:00:00,19.8,75,0.0,4.9,36,-2.880147736233119,-3.9641832724372423
2015-02-21 10:00:00,21.3,70,0.0,2.9,360,1.7757378587636622e-16,-2.9
2015-02-21 11:00:00,22.5,67,0.0,3.4,288,3.233592155403522,-1.0506577808748212
2015-02-21 12:00:00,23.5,64,0.0,7.2,264,7.160557646651568,0.7526049355271051
2015-02-21 13:00:00,24.0,63,0.0,10.2,252,9.700776466210565,3.1519733426244634
2015-02-21 14:00:00,23.6,64,0.0,11.1,241,9.708278749247292,5.3813867847343415
2015-02-21 15:00:00,23.7,66,0.0,8.9,238,7.547628055792192,4.716281451675524
2015-02-21 16:00:00,23.3,68,0.0,6.1,270,6.1,0.0
2015-02-21 17:00:00,22.6,70,0.2,3.3,276,3.2819222547153015,-0.3449439287832564
2015-02-21 18:00:00,21.5,79,0.0,2.9,277,2.8783838397598336,-0.35342109587492765
2015-02-21 19:00:00,20.7,82,0.2,1.0,315,0.7071067811865476,-0.7071067811865475
2015-02-21 20:00:00,20.5,81,0.3,2.1,59,-1.800051331474436,-1.0815799573111138
2015-02-21 21:00:00,19.3,87,0.5,1.9,22,-0.7117525274902333,-1.7616493236768958
2015-02-21 22:00:00,17.7,94,0.7000000000000001,1.8,360,1.1021821192326179e-16,-1.8
2015-02-21 23:00:00,17.4,95,0.8,2.9,60,-2.5114736709748717,-1.4500000000000002
2015-02-22 00:00:00,17.3,94,0.8,3.3,84,-3.2819222547153015,-0.3449439287832565
2015-02-22 01:00:00,17.3,94,1.1,3.8,107,-3.633958072659535,1.111012477946399
2015-02-22 02:00:00,17.1,95,0.7000000000000001,3.9,112,-3.6160170328104706,1.4609657143220578
2015-02-22 03:00:00,17.7,91,0.0,3.6,90,-3.6,4.4087284769304716e-16
2015-02-22 04:00:00,18.3,87,0.2,3.6,84,-3.580278823325784,-0.3763024677635526
2015-02-22 05:00:00,18.6,85,0.1,2.4,63,-2.138415658052083,-1.089577199374912
2015-02-22 06:00:00,18.0,86,0.0,4.2,31,-2.163159914622229,-3.600102662948871
2015-02-22 07:00:00,17.6,88,0.0,5.6,27,-2.5423467985414625,-4.989636535454859
2015-02-22 08:00:00,18.3,94,0.0,8.7,7,-1.0602632876247804,-8.635151519279502
2015-02-22 09:00:00,20.8,84,0.0,11.5,360,7.041719095097281e-16,-11.5
2015-02-22 10:00:00,21.9,78,0.0,12.2,360,7.470345474798854e-16,-12.2
2015-02-22 11:00:00,22.8,74,0.0,12.3,355,1.0720156357961952,-12.253194786528471
2015-02-22 12:00:00,23.9,70,0.0,14.1,356,0.9835662797921657,-14.06565310866352
2015-02-22 13:00:00,24.0,69,0.0,16.0,351,2.502951440643695,-15.803013449522204
2015-02-22 14:00:00,24.2,69,0.0,17.2,349,3.2819147204765726,-16.883987555299818
2015-02-22 15:00:00,23.9,70,0.0,17.7,347,3.9816336618864088,-17.246350146698664
2015-02-22 16:00:00,23.0,72,0.0,16.8,351,2.6280990126758796,-16.593164121998313
2015-02-22 17:00:00,21.8,76,0.0,14.8,357,0.7745721523955708,-14.779717114367694
2015-02-22 18:00:00,20.2,82,0.0,13.0,3,-0.680367431158276,-12.98218395180946
2015-02-22 19:00:00,19.0,88,0.0,11.9,3,-0.6227978792910372,-11.88369146357943
2015-02-22 20:00:00,18.2,91,0.0,12.2,360,7.470345474798854e-16,-12.2
2015-02-22 21:00:00,17.5,94,0.0,14.1,357,0.7379369830255099,-14.080676440039491
2015-02-22 22:00:00,17.6,92,0.0,13.1,8,-1.8231676225768623,-12.97251170051457
2015-02-22 23:00:00,17.9,90,0.0,12.1,17,-3.537697627145119,-11.571287547152727
2015-02-23 00:00:00,18.1,88,0.0,10.2,10,-1.7712114122026892,-10.045039080724521
2015-02-23 01:00:00,18.2,86,0.0,10.8,358,0.3769145643870117,-10.793420931806235
2015-02-23 02:00:00,18.1,86,0.0,11.2,360,6.858022075225178e-16,-11.2
2015-02-23 03:00:00,18.4,84,0.0,11.2,4,-0.7812725059342065,-11.17271736291003
2015-02-23 04:00:00,18.4,83,0.0,10.9,8,-1.5169868004647176,-10.793921949283115
2015-02-23 05:00:00,18.4,83,0.0,10.1,17,-2.9529542176996446,-9.658678035226657
2015-02-23 06:00:00,18.2,83,0.0,10.0,15,-2.5881904510252065,-9.659258262890683
2015-02-23 07:00:00,17.5,86,0.0,11.7,11,-2.232465245905572,-11.485038046337667
2015-02-23 08:00:00,19.0,84,0.0,12.7,15,-3.2870018728020116,-12.267257993871167
2015-02-23 09:00:00,20.8,76,0.0,12.6,358,0.4397336584515136,-12.592324420440606
2015-02-23 10:00:00,21.4,74,0.0,15.8,343,4.619472934619242,-15.10961514421596
2015-02-23 11:00:00,22.1,72,0.0,16.8,350,2.9172893848044312,-16.544770250605094
2015-02-23 12:00:00,22.9,70,0.0,15.5,3,-0.8112073217656367,-15.478757788695894
2015-02-23 13:00:00,23.1,69,0.0,13.8,9,-2.1587956175551883,-13.6300991002129
2015-02-23 14:00:00,23.1,69,0.0,13.7,5,-1.194033675642918,-13.647867363856914
2015-02-23 15:00:00,21.7,72,0.0,14.8,3,-0.7745721523955758,-14.779717114367694
2015-02-23 16:00:00,21.4,75,0.2,15.5,5,-1.350914012588703,-15.441017820422056
2015-02-23 17:00:00,20.6,78,0.0,14.4,4,-1.0044932219154084,-14.36492232374147
2015-02-23 18:00:00,19.3,84,0.0,15.1,359,0.26353133720298233,-15.097700196861508
2015-02-23 19:00:00,18.1,90,0.0,14.8,4,-1.0323958114130587,-14.763947943845398
2015-02-23 20:00:00,17.4,93,0.0,13.0,2,-0.4536934571325099,-12.992080751248245
2015-02-23 21:00:00,16.7,95,0.0,11.6,7,-1.413684383499707,-11.513535359039336
2015-02-23 22:00:00,16.5,95,0.0,11.9,3,-0.6227978792910372,-11.88369146357943
2015-02-23 23:00:00,16.9,93,0.0,12.6,3,-0.6594330486610982,-12.58273213790763
2015-02-24 00:00:00,16.9,93,0.2,11.2,360,6.858022075225178e-16,-11.2
2015-02-24 01:00:00,16.7,94,0.3,10.5,4,-0.7324429743133186,-10.474422527728153
2015-02-24 02:00:00,16.2,95,0.3,10.8,360,6.613092715395707e-16,-10.8
2015-02-24 03:00:00,15.8,94,1.3,11.9,358,0.41530401075976286,-11.89275084152724
2015-02-24 04:00:00,15.5,96,1.9,13.0,2,-0.4536934571325099,-12.992080751248245
2015-02-24 05:00:00,15.3,96,2.0,12.3,7,-1.4989929238833102,-12.208317665188263
2015-02-24 06:00:00,15.4,95,1.5,11.5,20,-3.9332316482451883,-10.806465139037947
2015-02-24 07:00:00,15.9,94,1.0,10.4,44,-7.224447052773572,-7.4811339235219725
2015-02-24 08:00:00,17.9,92,0.5,8.7,60,-7.534421012924615,-4.3500000000000005
2015-02-24 09:00:00,20.2,82,0.0,8.1,69,-7.5620014546273335,-2.9027803913169334
2015-02-24 10:00:00,21.6,76,0.0,6.9,43,-4.705788684431241,-5.046340541172277
2015-02-24 11:00:00,22.8,71,0.0,9.3,13,-2.092044805397947,-9.061641602502688
2015-02-24 12:00:00,23.6,68,0.0,10.1,360,6.184466335694133e-16,-10.1
2015-02-24 13:00:00,24.3,67,0.0,12.1,348,2.5157314588948894,-11.835585968879046
2015-02-24 14:00:00,24.6,67,0.0,14.3,348,2.9731371786939604,-13.987510690493421
2015-02-24 15:00:00,24.5,66,0.0,14.2,353,1.7305446763530943,-14.094155353306771
2015-02-24 16:00:00,23.7,69,0.0,14.4,356,1.0044932219154035,-14.36492232374147
2015-02-24 17:00:00,22.4,74,0.0,14.4,357,0.7536377698983932,-14.380265300465863
2015-02-24 18:00:00,20.6,81,0.0,13.7,2,-0.4781231048242604,-13.691654330161612
2015-02-24 19:00:00,18.8,88,0.0,13.4,5,-1.1678869528186206,-13.34900895442939
2015-02-24 20:00:00,17.6,92,0.0,11.7,11,-2.232465245905572,-11.485038046337667
2015-02-24 21:00:00,17.5,89,0.0,11.3,7,-1.3771235804781632,-11.21577151354694
2015-02-24 22:00:00,17.7,87,0.0,11.2,4,-0.7812725059342065,-11.17271736291003
2015-02-24 23:00:00,17.5,86,0.0,11.2,358,0.3908743630680121,-11.193177262613872
2015-02-25 00:00:00,17.4,86,0.0,10.4,358,0.36295476570601126,-10.393664600998596
2015-02-25 01:00:00,17.2,86,0.0,8.6,358,0.3001356716415093,-8.594761112364223
2015-02-25 02:00:00,17.2,85,0.0,8.6,358,0.3001356716415093,-8.594761112364223
2015-02-25 03:00:00,17.2,83,0.0,9.8,352,1.3638963894086416,-9.70462707366739
2015-02-25 04:00:00,17.3,83,0.0,10.4,2,-0.36295476570600793,-10.393664600998596
2015-02-25 05:00:00,15.7,86,0.0,10.8,15,-2.795245687107223,-10.431998923921938
2015-02-25 06:00:00,15.7,85,0.0,9.5,25,-4.014873486536642,-8.609923976848176
2015-02-25 07:00:00,16.8,82,0.0,9.4,23,-3.672872607799174,-8.652745622452938
2015-02-25 08:00:00,17.9,87,0.0,8.7,5,-0.7582549619046267,-8.666893873398186
2015-02-25 09:00:00,20.7,74,0.0,9.3,344,2.5634274090980926,-8.939733772226367
2015-02-25 10:00:00,22.3,71,0.0,8.4,329,4.326319829244455,-7.200205325897744
2015-02-25 11:00:00,23.3,68,0.0,8.2,322,5.048424097670398,-6.46168817957512
2015-02-25 12:00:00,24.2,67,0.0,7.5,325,4.301823272632846,-6.143640332167439
2015-02-25 13:00:00,24.5,66,0.0,3.8,319,2.4930243101639276,-2.8678964048465336
2015-02-25 14:00:00,25.0,65,0.0,4.4,279,4.3458286986186065,-0.6883116461770159
2015-02-25 15:00:00,25.2,65,0.0,7.5,287,7.172285669722766,-2.192787785420526
2015-02-25 16:00:00,24.4,68,0.0,8.7,300,7.534421012924616,-4.349999999999999
2015-02-25 17:00:00,23.4,73,0.0,7.9,317,5.387787044493738,-5.777694242791447
2015-02-25 18:00:00,22.0,79,0.0,6.4,344,1.7640790772287946,-6.1520748540052415
2015-02-25 19:00:00,20.2,89,0.0,4.7,9,-0.7352419856890859,-4.6421352007971475
2015-02-25 20:00:00,20.1,87,0.0,2.7,23,-1.0549740469210394,-2.4853631043215887
2015-02-25 21:00:00,19.7,89,0.0,2.2,81,-2.1729143493093033,-0.3441558230885076
2015-02-25 22:00:00,19.2,89,0.0,1.9,112,-1.7616493236768958,0.7117525274902332
2015-02-25 23:00:00,18.0,90,0.0,2.4,117,-2.138415658052083,1.0895771993749124
2015-02-26 00:00:00,16.9,90,0.0,3.2,117,-2.851220877402777,1.4527695991665501
2015-02-26 01:00:00,15.9,91,0.0,3.1,111,-2.8940993221413254,1.1109406435904308
2015-02-26 02:00:00,14.9,92,0.0,3.0,104,-2.9108871788279895,0.7257656867990032
2015-02-26 03:00:00,13.8,92,0.0,1.6,27,-0.7263847995832751,-1.4256104387013886
2015-02-26 04:00:00,13.5,92,0.0,2.9,360,1.7757378587636622e-16,-2.9
2015-02-26 05:00:00,12.8,94,0.0,3.4,32,-1.801725498392897,-2.883363526931848
2015-02-26 06:00:00,12.1,94,0.0,5.2,74,-4.998560818879258,-1.4333142502483949
2015-02-26 07:00:00,12.5,93,0.0,5.8,90,-5.8,7.102951435054649e-16
2015-02-26 08:00:00,17.7,83,0.0,5.4,90,-5.4,6.613092715395707e-16
2015-02-26 09:00:00,22.8,61,0.0,1.5,45,-1.0606601717798214,-1.0606601717798212
2015-02-26 10:00:00,25.4,49,0.0,4.2,329,2.1631599146222276,-3.600102662948872
2015-02-26 11:00:00,26.8,43,0.0,8.2,337,3.203995253612044,-7.54813979831001
2015-02-26 12:00:00,27.4,44,0.0,10.5,344,2.8941922360784913,-10.093247807352348
2015-02-26 13:00:00,27.3,47,0.0,10.4,346,2.515987714236544,-10.091075553270363
2015-02-26 14:00:00,26.6,53,0.0,10.2,342,3.151973342624464,-9.700776466210565
2015-02-26 15:00:00,26.3,53,0.0,13.1,339,4.694620139043435,-12.229903587113343
2015-02-26 16:00:00,25.0,61,0.0,16.7,346,4.04009565651445,-16.20393862880914
2015-02-26 17:00:00,23.1,71,0.0,17.7,355,1.542656646633549,-17.632646156223895
2015-02-26 18:00:00,21.1,79,0.0,18.8,5,-1.638527963655975,-18.728460324124818
2015-02-26 19:00:00,19.5,86,0.0,18.5,8,-2.5747023677612177,-18.31995927171905
2015-02-26 20:00:00,18.7,88,0.0,18.5,8,-2.5747023677612177,-18.31995927171905
2015-02-26 21:00:00,17.9,90,0.0,18.6,9,-2.9096810497482974,-18.37100313506956
2015-02-26 22:00:00,17.2,91,0.0,17.0,6,-1.776983875550107,-16.90687222126065
2015-02-26 23:00:00,16.5,91,0.0,17.6,1,-0.30716235329618957,-17.59731943475249
2015-02-27 00:00:00,16.2,91,0.0,17.6,360,1.077689183249671e-15,-17.6
2015-02-27 01:00:00,16.0,91,0.0,17.0,4,-1.185860053650135,-16.958588854417012
2015-02-27 02:00:00,16.5,89,0.0,15.7,9,-2.4560211011316273,-15.50670694734366
2015-02-27 03:00:00,17.6,83,0.0,14.3,12,-2.973137178693965,-13.987510690493421
2015-02-27 04:00:00,17.5,81,0.0,14.3,12,-2.973137178693965,-13.987510690493421
2015-02-27 05:00:00,17.8,78,0.0,14.7,11,-2.8048922320352054,-14.42991959668066
2015-02-27 06:00:00,17.8,76,0.0,15.7,16,-4.327506486326882,-15.091808626231607
2015-02-27 07:00:00,17.8,74,0.0,15.2,5,-1.3247672897644054,-15.142159410994532
2015-02-27 08:00:00,18.5,84,0.0,17.3,4,-1.2067869957733726,-17.257858069494958
2015-02-27 09:00:00,22.6,63,0.0,17.1,8,-2.3798600264171257,-16.933583975480854
2015-02-27 10:00:00,24.4,58,0.0,13.7,3,-0.717002600528337,-13.681224626137661
2015-02-27 11:00:00,26.0,54,0.0,13.7,346,3.314329969715447,-13.293051449981151
2015-02-27 12:00:00,26.5,55,0.0,17.0,343,4.970318980286525,-16.2571808513716
2015-02-27 13:00:00,26.4,58,0.0,18.3,345,4.73638852537613,-17.67644262108995
2015-02-27 14:00:00,25.9,61,0.0,19.1,348,3.971113294619206,-18.682619174015688
2015-02-27 15:00:00,23.7,70,0.0,20.0,353,2.4373868681029496,-19.85092303282644
2015-02-27 16:00:00,22.6,74,0.0,19.8,358,0.6910100347095214,-19.787938374978097
2015-02-27 17:00:00,21.8,76,0.0,18.7,359,0.32636000037720325,-18.697151899424515
2015-02-27 18:00:00,20.4,82,0.0,20.2,356,1.4090807696313297,-20.15079381524845
2015-02-27 19:00:00,19.1,87,0.0,21.3,357,1.1147558679747065,-21.270809090272422
2015-02-27 20:00:00,18.2,91,0.0,22.0,2,-0.7677889274550167,-21.986598194420107
2015-02-27 21:00:00,17.8,92,0.0,21.3,6,-2.2264562676010167,-21.183316371344223
2015-02-27 22:00:00,17.2,94,0.0,19.9,5,-1.734399280678399,-19.824274492025737
2015-02-27 23:00:00,16.5,94,0.0,20.2,5,-1.7605460035026965,-20.12313290145326
2015-02-28 00:00:00,16.0,94,0.0,21.0,6,-2.1950977286207207,-20.884959802733743
2015-02-28 01:00:00,15.9,94,0.0,20.3,7,-2.4739476711244874,-20.148686878318838
2015-02-28 02:00:00,15.7,94,0.0,19.9,4,-1.388153827508099,-19.8515246001705
2015-02-28 03:00:00,15.3,92,0.0,19.5,3,-1.020551146737414,-19.47327592771419
2015-02-28 04:00:00,15.1,92,0.0,18.1,7,-2.205835115633164,-17.96508534470793
2015-02-28 05:00:00,15.0,92,0.0,17.0,6,-1.776983875550107,-16.90687222126065
2015-02-28 06:00:00,15.4,90,0.0,17.2,11,-3.2819147204765673,-16.883987555299818
2015-02-28 07:00:00,16.2,86,0.0,16.2,12,-3.3681693912477084,-15.845991131887649
2015-02-28 08:00:00,18.6,81,0.0,16.2,4,-1.1300548746548345,-16.16053761420915
2015-02-28 09:00:00,21.1,70,0.0,16.6,359,0.2897099468589078,-16.597471739596095
2015-02-28 10:00:00,22.8,65,0.0,17.5,352,2.4355292668011455,-17.329691202977482
2015-02-28 11:00:00,24.1,62,0.0,17.8,352,2.4772811970891655,-17.626771623599954
2015-02-28 12:00:00,24.6,60,0.0,15.2,355,1.3247672897644036,-15.142159410994532
2015-02-28 13:00:00,25.1,60,0.0,11.3,353,1.3771235804781667,-11.215771513546938
2015-02-28 14:00:00,25.2,61,0.0,9.4,342,2.904759747124506,-8.939931253174443
2015-02-28 15:00:00,25.3,61,0.0,12.2,332,5.727553065987868,-10.771960632878907
2015-02-28 16:00:00,24.2,66,0.0,15.0,339,5.375519243179506,-14.003706397458027
2015-02-28 17:00:00,22.6,72,0.0,14.0,348,2.9107636714486325,-13.694066410273278
2015-02-28 18:00:00,20.9,79,0.0,11.5,358,0.4013442120787624,-11.492994510719601
2015-02-28 19:00:00,19.2,86,0.0,12.6,358,0.4397336584515136,-12.592324420440606
2015-02-28 20:00:00,18.0,91,0.0,12.6,360,7.715274834628325e-16,-12.6
2015-02-28 21:00:00,17.3,93,0.0,13.3,2,-0.4641633061432601,-13.291897999353974
2015-02-28 22:00:00,16.6,94,0.0,12.1,10,-2.101142949769857,-11.916173811447717
2015-02-28 23:00:00,16.1,94,0.0,10.2,18,-3.1519733426244647,-9.700776466210565
2015-03-01 00:00:00,16.2,91,0.0,11.3,17,-3.3038002633669294,-10.8062437423823
2015-03-01 01:00:00,16.8,87,0.0,12.0,9,-1.8772135804827723,-11.852260087141651
2015-03-01 02:00:00,16.0,89,0.0,15.9,5,-1.3857763096877662,-15.839495699658755
2015-03-01 03:00:00,15.6,92,0.0,18.4,4,-1.2835191168919107,-18.355178524780765
2015-03-01 04:00:00,15.9,91,0.0,20.2,4,-1.4090807696313368,-20.15079381524845
2015-03-01 05:00:00,15.8,91,0.0,20.6,5,-1.79540830060176,-20.521610780689958
2015-03-01 06:00:00,15.9,90,0.0,20.5,2,-0.7154396824012657,-20.487511953891463
2015-03-01 07:00:00,16.1,88,0.0,22.3,1,-0.389188663551422,-22.296603601987528
2015-03-01 08:00:00,17.4,81,0.0,23.1,3,-1.2089605892120137,-23.068342252830657
2015-03-01 09:00:00,19.5,73,0.0,23.8,3,-1.2455957585820745,-23.76738292715886
2015-03-01 10:00:00,21.1,66,0.0,23.9,5,-2.083022251669032,-23.809053284392718
2015-03-01 11:00:00,22.5,62,0.0,25.2,2,-0.8794673169030192,-25.184648840881213
2015-03-01 12:00:00,22.8,60,0.0,28.1,359,0.4904126208876691,-28.095720233894596
2015-03-01 13:00:00,22.3,60,0.0,29.5,360,1.8063540287423458e-15,-29.5
2015-03-01 14:00:00,22.0,60,0.0,28.8,2,-1.005105505032022,-28.78245581814996
2015-03-01 15:00:00,21.0,60,0.0,28.4,1,-0.49564834281885134,-28.395674542441512
2015-03-01 16:00:00,19.7,63,0.0,28.5,4,-1.988059501707579,-28.43057543240499
2015-03-01 17:00:00,18.3,66,0.0,25.7,5,-2.2399025886148167,-25.60220374095786
2015-03-01 18:00:00,16.9,71,0.0,23.8,3,-1.2455957585820745,-23.76738292715886
2015-03-01 19:00:00,16.0,75,0.0,24.5,2,-0.8550376692112687,-24.485075261967847
2015-03-01 20:00:00,15.6,76,0.0,23.1,3,-1.2089605892120137,-23.068342252830657
2015-03-01 21:00:00,15.4,77,0.0,22.0,360,1.3471114790620886e-15,-22.0
2015-03-01 22:00:00,15.3,78,0.0,22.7,358,0.7922185751467745,-22.686171773333474
2015-03-01 23:00:00,15.4,77,0.0,24.5,1,-0.4275839577134457,-24.496268531331587
2015-03-02 00:00:00,15.1,78,0.0,23.1,4,-1.611374543489301,-23.04372956100194
2015-03-02 01:00:00,15.1,78,0.0,18.8,3,-0.983915977367353,-18.77423525338599
2015-03-02 02:00:00,15.2,78,0.0,17.6,360,1.077689183249671e-15,-17.6
2015-03-02 03:00:00,15.0,86,0.3,17.6,1,-0.30716235329618957,-17.59731943475249
2015-03-02 04:00:00,14.9,86,0.3,18.0,1,-0.31414331587110295,-17.997258512815044
2015-03-02 05:00:00,14.9,87,0.2,17.7,2,-0.6177210916342635,-17.689217638237995
2015-03-02 06:00:00,14.9,88,0.0,16.6,1,-0.2897099468589061,-16.597471739596095
2015-03-02 07:00:00,15.0,89,0.0,16.9,359,0.29494566879009276,-16.89742604814301
2015-03-02 08:00:00,16.2,85,0.0,15.8,360,9.67470971326409e-16,-15.8
2015-03-02 09:00:00,17.2,81,0.0,15.1,359,0.26353133720298233,-15.097700196861508
2015-03-02 10:00:00,18.4,77,0.0,14.4,356,1.0044932219154035,-14.36492232374147
2015-03-02 11:00:00,19.1,75,0.0,13.8,353,1.6817969389910354,-13.697136892650244
2015-03-02 12:00:00,19.6,74,0.1,14.3,350,2.483168940637105,-14.082750868074575
2015-03-02 13:00:00,19.5,75,0.2,14.5,353,1.7671054793746386,-14.391919198799169
2015-03-02 14:00:00,19.5,76,0.2,13.0,355,1.1330246557195558,-12.950531075192693
2015-03-02 15:00:00,18.6,78,0.0,11.3,351,1.7677094549546095,-11.160878248725057
2015-03-02 16:00:00,18.3,79,0.0,11.8,348,2.453357951649562,-11.542141688658907
2015-03-02 17:00:00,18.0,79,0.0,11.4,349,2.175222547292612,-11.19054989130337
2015-03-02 18:00:00,17.2,83,0.0,9.8,6,-1.024378940023003,-9.74631457460908
2015-03-02 19:00:00,16.6,86,0.0,8.4,7,-1.0237024846032363,-8.337387673787106
2015-03-02 20:00:00,16.5,86,0.0,8.3,358,0.289665822630759,-8.294943864258496
2015-03-02 21:00:00,15.7,92,0.0,7.6,355,0.6623836448822018,-7.571079705497266
2015-03-02 22:00:00,16.5,86,0.0,5.9,346,1.4273391840380394,-5.7247447850283795
2015-03-02 23:00:00,16.0,88,0.0,6.6,331,3.199743493625825,-5.772490067120011
2015-03-03 00:00:00,15.6,90,0.0,7.9,330,3.950000000000001,-6.841600689897065
2015-03-03 01:00:00,16.3,88,0.0,7.9,344,2.1775351109542935,-7.59396739791272
2015-03-03 02:00:00,15.8,90,0.0,9.5,351,1.4861274178821937,-9.38303923565381
2015-03-03 03:00:00,14.5,94,0.0,7.9,3,-0.41345405431926,-7.889173324561134
2015-03-03 04:00:00,14.8,94,0.0,6.5,360,3.9801020972288977e-16,-6.5
2015-03-03 05:00:00,15.1,93,0.0,6.5,357,0.3401837155791358,-6.49109197590473
2015-03-03 06:00:00,15.6,90,0.0,5.6,40,-3.5996106142446207,-4.289848881466276
2015-03-03 07:00:00,15.4,90,0.0,4.1,75,-3.96029588778518,-1.0611580849203353
2015-03-03 08:00:00,17.4,92,0.0,2.5,98,-2.475670171853926,0.3479327524001633
2015-03-03 09:00:00,20.6,73,0.0,1.0,225,0.7071067811865476,0.7071067811865475
2015-03-03 10:00:00,22.5,66,0.0,6.2,280,6.10580806867569,-1.0766187015349682
2015-03-03 11:00:00,23.7,61,0.0,6.1,270,6.1,0.0
2015-03-03 12:00:00,24.6,60,0.0,7.8,257,7.6000865053248345,1.754618223882147
2015-03-03 13:00:00,25.3,59,0.0,9.5,259,9.325458242752807,1.8126854560771757
2015-03-03 14:00:00,25.1,61,0.0,8.7,263,8.6351515192795,1.060263287624783
2015-03-03 15:00:00,25.2,64,0.0,9.2,296,8.268905225952336,-4.033014550459511
2015-03-03 16:00:00,24.7,66,0.0,12.3,328,6.518006950068421,-10.43099158272404
2015-03-03 17:00:00,23.3,72,0.0,13.4,346,3.241753401035547,-13.001962732098352
2015-03-03 18:00:00,21.1,80,0.0,14.1,354,1.4738513320739137,-14.022758724692652
2015-03-03 19:00:00,19.5,87,0.2,14.4,360,8.817456953860943e-16,-14.4
2015-03-03 20:00:00,18.5,89,0.2,15.2,14,-3.67721281311495,-14.748495039395145
2015-03-03 21:00:00,18.1,89,0.2,16.3,14,-3.9433268982745853,-15.815820338298742
2015-03-03 22:00:00,17.4,91,0.0,16.8,9,-2.6280990126758814,-16.593164121998313
2015-03-03 23:00:00,17.0,92,0.0,16.7,7,-2.0352180348659576,-16.575520732410077
2015-03-04 00:00:00,16.6,93,0.0,17.4,6,-1.8187952608571683,-17.304680979407955
2015-03-04 01:00:00,16.2,93,0.0,18.5,8,-2.5747023677612177,-18.31995927171905
2015-03-04 02:00:00,15.6,93,0.0,18.9,9,-2.9566113892603663,-18.6673096372481
2015-03-04 03:00:00,15.8,91,0.0,20.4,8,-2.8391312595853426,-20.20146860232803
2015-03-04 04:00:00,15.5,91,0.0,20.7,8,-2.8808831898733627,-20.498549022950503
2015-03-04 05:00:00,15.2,90,0.0,20.6,6,-2.1532863433136593,-20.487151044586433
2015-03-04 06:00:00,15.3,90,0.0,20.6,6,-2.1532863433136593,-20.487151044586433
2015-03-04 07:00:00,15.8,88,0.0,20.6,4,-1.4369833591289871,-20.54981943535238
2015-03-04 08:00:00,18.0,79,0.0,20.9,1,-0.36475529453922506,-20.896816828768575
2015-03-04 09:00:00,19.8,73,0.0,22.7,1,-0.3961696261263354,-22.69654268005008
2015-03-04 10:00:00,21.2,69,0.0,22.7,4,-1.5834719539916506,-22.644703940898008
2015-03-04 11:00:00,22.6,65,0.0,22.4,6,-2.341437577195435,-22.27729045624932
2015-03-04 12:00:00,23.2,63,0.0,22.8,6,-2.383248962502497,-22.675099214396635
2015-03-04 13:00:00,23.4,63,0.0,22.6,8,-3.145312081697488,-22.380058353559487
2015-03-04 14:00:00,23.0,64,0.0,21.3,5,-1.8564173205251209,-21.21894706935418
2015-03-04 15:00:00,20.9,69,0.0,22.7,4,-1.5834719539916506,-22.644703940898008
2015-03-04 16:00:00,20.1,72,0.0,22.4,6,-2.341437577195435,-22.27729045624932
2015-03-04 17:00:00,19.2,75,0.0,21.0,5,-1.8302705977008231,-20.920088659926655
2015-03-04 18:00:00,18.3,78,0.0,20.2,5,-1.7605460035026965,-20.12313290145326
2015-03-04 19:00:00,17.5,80,0.0,20.2,4,-1.4090807696313368,-20.15079381524845
2015-03-04 20:00:00,17.2,81,0.0,20.2,3,-1.057186316107475,-20.17231660204239
2015-03-04 21:00:00,16.6,83,0.0,20.9,4,-1.4579103012522245,-20.849088650430325
2015-03-04 22:00:00,16.1,85,0.0,20.6,5,-1.79540830060176,-20.521610780689958
2015-03-04 23:00:00,15.6,88,0.0,19.5,4,-1.3602512380104488,-19.452498980066572
2015-03-05 00:00:00,15.4,89,0.0,20.2,1,-0.35253861003312664,-20.196923442159104
2015-03-05 01:00:00,15.2,90,0.0,19.8,2,-0.691010034709515,-19.787938374978097
2015-03-05 02:00:00,15.1,90,0.0,18.1,6,-1.891965185144526,-18.00084630616575
2015-03-05 03:00:00,14.8,90,0.0,16.6,4,-1.1579574641524848,-16.55956323431308
2015-03-05 04:00:00,15.0,90,0.0,16.9,360,1.0348265452795135e-15,-16.9
2015-03-05 05:00:00,15.2,90,0.0,17.7,4,-1.2346895852710227,-17.65688368959889
2015-03-05 06:00:00,15.2,90,0.0,14.3,18,-4.41894301956175,-13.600108183020696
2015-03-05 07:00:00,16.9,81,0.0,9.0,29,-4.3632865822170315,-7.871577364254564
2015-03-05 08:00:00,18.3,78,0.0,7.1,15,-1.8376152202278964,-6.858073366652385
2015-03-05 09:00:00,20.3,72,0.0,11.1,347,2.4969567032169007,-10.81550771911611
2015-03-05 10:00:00,22.1,66,0.0,14.3,350,2.483168940637105,-14.082750868074575
2015-03-05 11:00:00,23.5,63,0.0,13.9,350,2.413709669570333,-13.688827766869691
2015-03-05 12:00:00,23.9,63,0.0,15.5,338,5.806402197946635,-14.371349745785205
2015-03-05 13:00:00,24.4,63,0.0,18.9,342,5.840421193686506,-17.9749681579784
2015-03-05 14:00:00,23.8,65,0.0,19.3,351,3.019185175276457,-19.06238497348616
2015-03-05 15:00:00,22.3,68,0.0,17.3,359,0.30192663136500625,-17.29736512620557
2015-03-05 16:00:00,21.5,71,0.0,17.4,354,1.81879526085717,-17.304680979407955
2015-03-05 17:00:00,20.4,75,0.0,19.3,351,3.019185175276457,-19.06238497348616
2015-03-05 18:00:00,18.7,82,0.0,19.5,358,0.6805401856987711,-19.488121126872368
2015-03-05 19:00:00,17.9,85,0.0,19.1,2,-0.6665803870177646,-19.08836479606473
2015-03-05 20:00:00,17.4,87,0.0,16.9,2,-0.5898014942722628,-16.889704976622717
2015-03-05 21:00:00,17.1,88,0.0,18.1,354,1.8919651851445278,-18.000846306165748
2015-03-05 22:00:00,16.9,89,0.0,17.6,359,0.30716235329619135,-17.59731943475249
2015-03-05 23:00:00,16.7,89,0.0,15.8,1,-0.27574802170907925,-15.797593583470983
2015-03-06 00:00:00,16.7,89,0.0,15.9,357,0.8321417042628091,-15.878209602597725
2015-03-06 01:00:00,16.6,89,0.0,18.4,356,1.2835191168919042,-18.355178524780765
2015-03-06 02:00:00,16.3,91,0.0,18.7,360,1.1450447572027753e-15,-18.7
2015-03-06 03:00:00,16.3,91,0.5,18.1,5,-1.5775189437326145,-18.031124035460596
2015-03-06 04:00:00,16.2,91,0.4,17.7,2,-0.6177210916342635,-17.689217638237995
2015-03-06 05:00:00,16.2,92,0.4,18.4,3,-0.9629815948701752,-18.37478343948416
2015-03-06 06:00:00,16.1,92,0.3,19.1,2,-0.6665803870177646,-19.08836479606473
2015-03-06 07:00:00,16.2,93,0.4,22.0,3,-1.1513910373447747,-21.969849764600625
2015-03-06 08:00:00,16.7,92,0.7000000000000001,19.8,10,-3.4382339178052206,-19.49919350964172
2015-03-06 09:00:00,17.7,89,0.8,15.2,7,-1.8524140197582368,-15.086701504948095
2015-03-06 10:00:00,19.1,84,0.5,15.5,1,-0.2705122997778942,-15.497639274924065
2015-03-06 11:00:00,20.6,78,0.1,14.9,7,-1.815853216736693,-14.7889376594557
2015-03-06 12:00:00,22.1,73,0.0,14.8,357,0.7745721523955708,-14.779717114367694
2015-03-06 13:00:00,22.8,70,0.2,18.4,354,1.9233237241248236,-18.299202874776228
2015-03-06 14:00:00,22.9,70,0.0,20.2,359,0.3525386100331287,-20.196923442159104
2015-03-06 15:00:00,21.2,76,0.0,19.4,1,-0.33857668488329984,-19.39704528603399
2015-03-06 16:00:00,20.9,76,0.0,18.4,359,0.3211242784460182,-18.3971975908776
2015-03-06 17:00:00,20.1,78,0.0,18.8,353,2.291143656016773,-18.659867650856853
2015-03-06 18:00:00,18.7,83,0.0,21.3,354,2.226456267601019,-21.183316371344223
2015-03-06 19:00:00,17.4,87,0.0,22.3,357,1.1670918242176505,-22.269438625026996
2015-03-06 20:00:00,16.8,88,0.0,19.8,2,-0.691010034709515,-19.787938374978097
2015-03-06 21:00:00,16.8,87,0.0,17.3,360,1.0593194812624606e-15,-17.3
2015-03-06 22:00:00,16.6,89,0.0,16.6,360,1.0164568432923032e-15,-16.6
2015-03-06 23:00:00,16.4,89,0.0,16.9,1,-0.2949456687900911,-16.89742604814301
2015-03-07 00:00:00,16.2,90,0.0,17.3,1,-0.3019266313650045,-17.29736512620557
2015-03-07 01:00:00,15.9,91,0.0,17.3,360,1.0593194812624606e-15,-17.3
2015-03-07 02:00:00,15.6,91,0.0,17.7,2,-0.6177210916342635,-17.689217638237995
2015-03-07 03:00:00,15.8,91,0.0,17.7,5,-1.542656646633551,-17.632646156223895
2015-03-07 04:00:00,15.7,91,0.0,18.4,2,-0.642150739326014,-18.38879121715136
2015-03-07 05:00:00,16.2,89,0.0,19.1,3,-0.9996167642402364,-19.07382411381236
2015-03-07 06:00:00,16.4,88,0.1,18.6,9,-2.9096810497482974,-18.37100313506956
2015-03-07 07:00:00,16.8,87,0.1,17.8,8,-2.4772811970891717,-17.62677162359995
2015-03-07 08:00:00,17.7,85,0.4,15.7,9,-2.4560211011316273,-15.50670694734366
2015-03-07 09:00:00,18.8,83,0.1,14.5,6,-1.5156627173809738,-14.420567482839964
2015-03-07 10:00:00,20.6,77,0.0,16.3,355,1.4206386067868277,-16.237973578895453
2015-03-07 11:00:00,21.7,73,0.0,20.5,349,3.9115844052191706,-20.12335726067711
2015-03-07 12:00:00,22.5,70,0.0,22.1,353,2.69331248925376,-21.935269951273217
2015-03-07 13:00:00,23.1,67,0.0,21.3,355,1.8564173205251184,-21.21894706935418
2015-03-07 14:00:00,23.3,67,0.0,20.6,356,1.43698335912898,-20.54981943535238
2015-03-07 15:00:00,21.7,72,0.0,19.2,355,1.6733902607550362,-19.126938203361515
2015-03-07 16:00:00,20.9,74,0.0,19.1,357,0.9996167642402298,-19.07382411381236
2015-03-07 17:00:00,19.8,77,0.0,17.3,360,1.0593194812624606e-15,-17.3
2015-03-07 18:00:00,18.6,82,0.0,15.2,4,-1.0602984009107088,-15.162973563949327
2015-03-07 19:00:00,17.8,86,0.0,15.5,360,9.491012693391988e-16,-15.5
2015-03-07 20:00:00,17.4,88,0.0,15.5,360,9.491012693391988e-16,-15.5
2015-03-07 21:00:00,17.1,89,0.0,15.5,359,0.27051229977789576,-15.497639274924065
2015-03-07 22:00:00,16.6,92,0.0,14.4,357,0.7536377698983932,-14.380265300465863
2015-03-07 23:00:00,16.3,93,0.0,14.0,359,0.24433369012197037,-13.997867732189478
2015-03-08 00:00:00,16.5,91,0.0,14.0,360,8.572527594031472e-16,-14.0
2015-03-08 01:00:00,16.4,92,0.0,13.3,3,-0.6960682180311593,-13.281772812235833
2015-03-08 02:00:00,15.9,93,0.0,13.7,3,-0.717002600528337,-13.681224626137661
2015-03-08 03:00:00,15.6,93,0.0,14.0,360,8.572527594031472e-16,-14.0
2015-03-08 04:00:00,15.4,93,0.0,14.0,1,-0.24433369012196898,-13.997867732189478
2015-03-08 05:00:00,15.9,92,0.0,12.6,3,-0.6594330486610982,-12.58273213790763
2015-03-08 06:00:00,16.0,91,0.0,12.6,5,-1.0981623586204938,-12.552053195955994
2015-03-08 07:00:00,17.0,88,0.0,13.0,360,7.960204194457795e-16,-13.0
2015-03-08 08:00:00,18.7,86,0.0,14.3,348,2.9731371786939604,-13.987510690493421
2015-03-08 09:00:00,20.4,79,0.0,14.1,347,3.1718098662484953,-13.738617913471817
2015-03-08 10:00:00,21.9,73,0.0,12.6,347,2.8343832847326977,-12.277062816293963
2015-03-08 11:00:00,22.9,70,0.0,11.6,338,4.345436483624579,-10.755332712974734
2015-03-08 12:00:00,23.7,68,0.0,13.1,328,6.941942361454984,-11.10943005964918
2015-03-08 13:00:00,24.2,67,0.0,14.9,328,7.895797037074753,-12.635916632730748
2015-03-08 14:00:00,23.4,71,0.0,15.8,330,7.900000000000002,-13.68320137979413
2015-03-08 15:00:00,22.3,75,0.0,16.3,338,6.1060874726793655,-15.113096829438636
2015-03-08 16:00:00,21.2,78,0.0,14.1,347,3.1718098662484953,-13.738617913471817
2015-03-08 17:00:00,20.5,80,0.0,11.6,353,1.4136843834997108,-11.513535359039334
2015-03-08 18:00:00,19.5,83,0.0,10.5,4,-0.7324429743133186,-10.474422527728153
2015-03-08 19:00:00,18.5,88,0.0,11.6,353,1.4136843834997108,-11.513535359039334
2015-03-08 20:00:00,17.7,91,0.2,12.5,348,2.598896135221993,-12.22684500917257
2015-03-08 21:00:00,17.1,93,0.0,8.9,14,-2.1531048708370433,-8.635631963856369
2015-03-08 22:00:00,17.0,93,0.0,8.2,61,-7.171881598543045,-3.9754388860199628
2015-03-08 23:00:00,16.8,93,0.0,7.2,93,-7.190132650232932,0.3768188849491954
2015-03-09 00:00:00,17.1,91,0.0,5.8,97,-5.756767679519667,0.7068421917498557
2015-03-09 01:00:00,17.6,87,0.0,5.0,69,-4.667902132486009,-1.7918397477265022
2015-03-09 02:00:00,17.3,87,0.0,6.8,87,-6.790680836331102,-0.35588450245201625
2015-03-09 03:00:00,17.6,86,0.0,7.6,82,-7.526037322435934,-1.057715567296498
2015-03-09 04:00:00,17.5,87,0.0,8.2,61,-7.171881598543045,-3.9754388860199628
2015-03-09 05:00:00,17.1,87,0.0,8.1,45,-5.727564927611036,-5.727564927611034
2015-03-09 06:00:00,16.8,88,0.0,8.8,35,-5.047472639889208,-7.208537989743126
2015-03-09 07:00:00,17.8,87,0.0,12.8,11,-2.442355140819771,-12.5648279481301
2015-03-09 08:00:00,20.1,82,0.0,18.7,2,-0.6526205883367642,-18.68860846525709
2015-03-09 09:00:00,21.1,77,0.0,25.9,360,1.5859176048958222e-15,-25.9
2015-03-09 10:00:00,22.3,71,0.0,26.8,5,-2.3357739056372413,-26.69801790885878
2015-03-09 11:00:00,23.3,66,0.0,26.4,5,-2.3009116085381778,-26.29954002962208
2015-03-09 12:00:00,23.8,62,0.0,28.5,4,-1.988059501707579,-28.43057543240499
2015-03-09 13:00:00,23.9,60,0.0,30.7,3,-1.6067138566583903,-30.657926716965417
2015-03-09 14:00:00,23.5,59,0.0,32.1,4,-2.239182807186431,-32.02180601334036
2015-03-09 15:00:00,22.9,60,0.0,32.4,3,-1.6956849822713955,-32.35559692604819
2015-03-09 16:00:00,21.7,61,0.0,31.7,2,-1.1063140454692741,-31.680689216505336
2015-03-09 17:00:00,20.1,64,0.0,28.8,2,-1.005105505032022,-28.78245581814996
2015-03-09 18:00:00,18.4,69,0.0,24.5,3,-1.2822309279521356,-24.466423601487058
2015-03-09 19:00:00,17.3,73,0.0,20.9,360,1.279755905108984e-15,-20.9
2015-03-09 20:00:00,16.7,76,0.0,20.9,358,0.7293994810822725,-20.8872682846991
2015-03-09 21:00:00,16.1,78,0.0,21.6,360,1.3226185430791415e-15,-21.6
2015-03-09 22:00:00,15.7,81,0.0,21.6,4,-1.5067398328731125,-21.547383485612205
2015-03-09 23:00:00,15.3,83,0.0,21.1,8,-2.936552430257389,-20.894656250447134
2015-03-10 00:00:00,15.4,83,0.0,20.4,8,-2.8391312595853426,-20.20146860232803
2015-03-10 01:00:00,15.3,84,0.0,19.8,10,-3.4382339178052206,-19.49919350964172
2015-03-10 02:00:00,15.2,84,0.0,21.2,10,-3.681341366538923,-20.87792436385881
2015-03-10 03:00:00,15.7,80,0.0,23.1,4,-1.611374543489301,-23.04372956100194
2015-03-10 04:00:00,15.7,80,0.1,24.7,8,-3.4375755937136256,-24.459621297916783
2015-03-10 05:00:00,15.5,83,1.1,22.8,12,-4.740386550644923,-22.301765296730768
2015-03-10 06:00:00,15.5,84,0.2,21.7,15,-5.616373278724698,-20.96059043047278
2015-03-10 07:00:00,15.4,89,0.2,21.2,10,-3.681341366538923,-20.87792436385881
2015-03-10 08:00:00,16.3,85,0.2,22.7,11,-4.331364195047563,-22.282937064261972
2015-03-10 09:00:00,16.4,89,0.2,22.1,12,-4.594848367072491,-21.617061976217105
2015-03-10 10:00:00,17.0,85,0.2,22.1,7,-2.6933124892537528,-21.93526995127322
2015-03-10 11:00:00,18.1,80,0.0,24.3,6,-2.5400416574039766,-24.166882057449044
2015-03-10 12:00:00,19.7,72,0.0,23.9,6,-2.498230272096915,-23.769073299301734
2015-03-10 13:00:00,21.2,67,0.0,21.7,7,-2.6445647518916937,-21.538251490616688
2015-03-10 14:00:00,21.8,64,0.0,21.6,358,0.7538291287740234,-21.58684186361247
2015-03-10 15:00:00,19.9,68,0.1,27.0,359,0.47121497380665717,-26.995887769222563
2015-03-10 16:00:00,18.3,73,0.2,26.8,5,-2.3357739056372413,-26.69801790885878
2015-03-10 17:00:00,17.3,78,0.2,22.0,5,-1.9174263404484815,-21.9162833580184
2015-03-10 18:00:00,16.8,80,0.2,19.1,3,-0.9996167642402364,-19.07382411381236
2015-03-10 19:00:00,16.4,83,0.1,20.2,4,-1.4090807696313368,-20.15079381524845
2015-03-10 20:00:00,16.4,83,0.1,20.3,6,-2.1219278043333634,-20.18879447597595
2015-03-10 21:00:00,16.3,84,0.1,19.1,2,-0.6665803870177646,-19.08836479606473
2015-03-10 22:00:00,15.7,89,0.3,19.8,359,0.34555764745821527,-19.79698436409655
2015-03-10 23:00:00,15.5,90,0.4,19.4,1,-0.33857668488329984,-19.39704528603399
2015-03-11 00:00:00,15.3,92,0.7000000000000001,18.8,4,-1.311421706389561,-18.754204144884696
2015-03-11 01:00:00,15.1,93,0.6,17.5,8,-2.435529266801152,-17.32969120297748
2015-03-11 02:00:00,15.0,93,0.5,17.3,4,-1.2067869957733726,-17.257858069494958
2015-03-11 03:00:00,14.8,92,1.3,17.4,6,-1.8187952608571683,-17.304680979407955
2015-03-11 04:00:00,14.8,92,1.0,17.0,4,-1.185860053650135,-16.958588854417012
2015-03-11 05:00:00,14.9,92,0.7000000000000001,18.4,360,1.1266750552155648e-15,-18.4
2015-03-11 06:00:00,14.7,93,0.6,18.8,12,-3.908739787373884,-18.389174893795545
2015-03-11 07:00:00,14.8,93,0.0,16.2,13,-3.644207080370617,-15.784795049520808
2015-03-11 08:00:00,15.9,89,0.0,14.5,7,-1.767105479374634,-14.39191919879917
2015-03-11 09:00:00,17.5,83,0.0,15.9,356,1.1091279325315913,-15.861268399131205
2015-03-11 10:00:00,18.1,80,0.0,18.1,354,1.8919651851445278,-18.000846306165748
2015-03-11 11:00:00,19.0,77,0.1,19.1,356,1.332348648512792,-19.053473359962645
2015-03-11 12:00:00,19.3,76,0.0,17.3,2,-0.6037612929532632,-17.289461307430358
2015-03-11 13:00:00,19.4,75,0.0,15.9,357,0.8321417042628091,-15.878209602597725
2015-03-11 14:00:00,19.4,75,0.0,19.6,353,2.388639130740891,-19.45390457216991
2015-03-11 15:00:00,18.1,78,0.0,22.7,358,0.7922185751467745,-22.686171773333474
2015-03-11 16:00:00,17.2,80,0.1,21.7,6,-2.2682676529080776,-21.581125129491532
2015-03-11 17:00:00,16.6,82,0.1,19.3,9,-3.019185175276459,-19.062384973486157
2015-03-11 18:00:00,16.2,84,0.0,17.5,8,-2.435529266801152,-17.32969120297748
2015-03-11 19:00:00,15.8,86,0.2,17.5,14,-4.233633172994186,-16.980175209829937
2015-03-11 20:00:00,15.7,87,0.1,15.9,13,-3.576721764067458,-15.492484030085238
2015-03-11 21:00:00,15.7,87,0.2,15.2,4,-1.0602984009107088,-15.162973563949327
2015-03-11 22:00:00,15.5,90,0.7000000000000001,17.0,356,1.185860053650129,-16.958588854417012
2015-03-11 23:00:00,15.4,93,0.8,18.0,359,0.3141433158711048,-17.997258512815044
2015-03-12 00:00:00,15.3,93,0.3,18.0,2,-0.6281909406450137,-17.989034886343724
2015-03-12 01:00:00,15.2,94,0.6,16.9,2,-0.5898014942722628,-16.889704976622717
2015-03-12 02:00:00,15.0,95,0.6,16.9,1,-0.2949456687900911,-16.89742604814301
2015-03-12 03:00:00,15.0,94,0.7000000000000001,18.4,3,-0.9629815948701752,-18.37478343948416
2015-03-12 04:00:00,14.8,95,1.0,17.8,7,-2.16927431261162,-17.667321499215532
2015-03-12 05:00:00,14.9,94,1.2,16.3,8,-2.2685215456490733,-16.141369520487597
2015-03-12 06:00:00,15.0,94,0.7000000000000001,17.0,13,-3.8241679238457094,-16.564291101348996
2015-03-12 07:00:00,15.3,93,0.1,15.4,16,-4.244815279581783,-14.803430117450112
2015-03-12 08:00:00,15.7,92,0.0,15.3,9,-2.393447315115535,-15.111631611105606
2015-03-12 09:00:00,16.8,87,0.1,22.7,1,-0.3961696261263354,-22.69654268005008
2015-03-12 10:00:00,17.8,83,0.0,25.6,1,-0.44678160479445755,-25.596100996003617
2015-03-12 11:00:00,18.7,78,0.0,24.5,3,-1.2822309279521356,-24.466423601487058
2015-03-12 12:00:00,20.1,73,0.0,23.1,4,-1.611374543489301,-23.04372956100194
2015-03-12 13:00:00,20.8,70,0.0,20.9,4,-1.4579103012522245,-20.849088650430325
2015-03-12 14:00:00,20.2,72,0.0,20.2,4,-1.4090807696313368,-20.15079381524845
2015-03-12 15:00:00,18.7,75,0.0,20.2,3,-1.057186316107475,-20.17231660204239
2015-03-12 16:00:00,18.3,76,0.0,19.8,3,-1.0362519336102973,-19.772864788140563
2015-03-12 17:00:00,17.8,77,0.0,17.7,2,-0.6177210916342635,-17.689217638237995
2015-03-12 18:00:00,17.1,80,0.0,16.3,5,-1.4206386067868295,-16.237973578895453
2015-03-12 19:00:00,16.6,82,0.0,14.8,1,-0.2582956152717958,-14.79774588831459
2015-03-12 20:00:00,15.6,89,0.0,13.7,360,8.388830574159369e-16,-13.7
2015-03-12 21:00:00,14.9,90,0.0,13.7,358,0.4781231048242648,-13.691654330161612
2015-03-12 22:00:00,14.6,89,0.0,13.7,2,-0.4781231048242604,-13.691654330161612
2015-03-12 23:00:00,14.9,88,0.0,13.0,3,-0.680367431158276,-12.98218395180946
2015-03-13 00:00:00,15.1,86,0.0,11.9,3,-0.6227978792910372,-11.88369146357943
2015-03-13 01:00:00,15.4,85,0.0,11.2,4,-0.7812725059342065,-11.17271736291003
2015-03-13 02:00:00,15.4,84,0.0,11.2,2,-0.3908743630680085,-11.193177262613872
2015-03-13 03:00:00,13.5,92,0.0,10.5,6,-1.0975488643103604,-10.442479901366871
2015-03-13 04:00:00,13.3,91,0.0,10.5,8,-1.4613175600806911,-10.397814721786487
2015-03-13 05:00:00,13.4,89,0.0,9.7,4,-0.676637795318018,-9.676371287520293
2015-03-13 06:00:00,13.5,89,0.0,10.9,9,-1.7051356689385184,-10.765802912487
2015-03-13 07:00:00,14.2,87,0.0,8.3,2,-0.28966582263075635,-8.294943864258496
2015-03-13 08:00:00,17.2,82,0.0,8.1,347,1.8221035401853058,-7.892397524760405
2015-03-13 09:00:00,19.3,75,0.0,8.9,339,3.1894747509531736,-8.308865795825096
2015-03-13 10:00:00,20.4,72,0.0,9.2,334,4.033014550459512,-8.268905225952336
2015-03-13 11:00:00,21.5,68,0.0,7.3,327,3.9758649556096977,-6.122295146001595
2015-03-13 12:00:00,22.4,66,0.0,6.7,324,3.93816119035957,-5.420413862312148
2015-03-13 13:00:00,22.9,66,0.0,8.2,319,5.379684037722159,-6.18861855782673
2015-03-13 14:00:00,23.0,66,0.0,9.2,318,6.156001578501495,-6.836932394392027
2015-03-13 15:00:00,22.9,68,0.0,12.1,323,7.281961780139786,-9.663489671572243
2015-03-13 16:00:00,22.1,72,0.0,11.8,333,5.357087896926653,-10.51387698542274
2015-03-13 17:00:00,21.1,75,0.0,12.0,339,4.300415394543604,-11.202965117966421
2015-03-13 18:00:00,19.6,82,0.0,9.1,351,1.4235536318661013,-8.987963899415753
2015-03-13 19:00:00,18.1,89,0.0,7.6,352,1.0577155672964975,-7.5260373224359345
2015-03-13 20:00:00,17.1,94,0.0,8.4,340,2.872969203935618,-7.893418014601631
2015-03-13 21:00:00,15.9,96,0.0,8.5,348,1.7672493719509554,-8.314254606237347
2015-03-13 22:00:00,15.6,96,0.0,7.2,6,-0.7526049355271042,-7.160557646651569
2015-03-13 23:00:00,16.0,94,0.0,6.2,21,-2.2218812871808646,-5.78819864428265
2015-03-14 00:00:00,16.4,92,0.0,4.9,17,-1.4326213531414118,-4.685893304218873
2015-03-14 01:00:00,16.3,90,0.0,6.5,6,-0.6794350112397468,-6.464392319893777
2015-03-14 02:00:00,14.3,96,0.0,8.3,2,-0.28966582263075635,-8.294943864258496
2015-03-14 03:00:00,15.8,86,0.0,8.4,7,-1.0237024846032363,-8.337387673787106
2015-03-14 04:00:00,15.6,86,0.0,8.7,17,-2.5436338310878126,-8.319851376878407
2015-03-14 05:00:00,15.6,85,0.0,7.9,24,-3.2132194802988208,-7.217009115376548
2015-03-14 06:00:00,14.9,87,0.0,8.9,21,-3.1894747509531767,-8.308865795825096
2015-03-14 07:00:00,15.2,88,0.0,9.0,23,-3.5165801564034647,-8.284543681071963
2015-03-14 08:00:00,18.7,83,0.0,6.8,18,-2.1013155617496433,-6.467184310807044
2015-03-14 09:00:00,21.3,71,0.0,7.6,3,-0.39775326744637673,-7.589584464134761
2015-03-14 10:00:00,22.8,67,0.0,9.9,341,3.223124729125852,-9.360633898433235
2015-03-14 11:00:00,23.7,65,0.0,11.9,335,5.029157314714324,-10.785062665736135
2015-03-14 12:00:00,24.2,64,0.0,10.5,333,4.766900247265242,-9.355568503977862
2015-03-14 13:00:00,24.3,64,0.0,7.5,325,4.301823272632846,-6.143640332167439
2015-03-14 14:00:00,24.4,65,0.0,7.8,304,6.466493065929325,-4.361704647071826
2015-03-14 15:00:00,24.4,67,0.0,9.7,309,7.538315826132617,-6.104407793183422
2015-03-14 16:00:00,23.8,70,0.0,10.5,319,6.888619804400326,-7.924450592339106
2015-03-14 17:00:00,22.8,73,0.0,9.4,328,4.981241083792126,-7.9716521038704045
2015-03-14 18:00:00,21.2,80,0.0,8.8,341,2.8649997592229797,-8.320563465273988
2015-03-14 19:00:00,19.9,87,0.0,7.6,355,0.6623836448822018,-7.571079705497266
2015-03-14 20:00:00,18.7,93,0.0,6.8,3,-0.3558845024520213,-6.790680836331102
2015-03-14 21:00:00,18.2,93,0.0,6.2,7,-0.7555899291119125,-6.153786140176197
2015-03-14 22:00:00,18.7,91,0.0,6.2,7,-0.7555899291119125,-6.153786140176197
2015-03-14 23:00:00,18.5,90,0.0,5.4,356,0.3766849582182763,-5.386845871403051
2015-03-15 00:00:00,18.0,91,0.0,5.8,4,-0.40458754771592836,-5.78587149150698
2015-03-15 01:00:00,17.0,93,0.0,6.5,19,-2.116193003971518,-6.1458707413955596
2015-03-15 02:00:00,16.0,93,0.0,7.4,43,-5.04678786446249,-5.412017391981862
2015-03-15 03:00:00,16.7,88,0.0,6.3,59,-5.400153994423308,-3.244739871933341
2015-03-15 04:00:00,17.2,86,0.0,4.8,42,-3.211826910522519,-3.567095162291493
2015-03-15 05:00:00,16.7,87,0.0,5.9,14,-1.42733918403804,-5.7247447850283795
2015-03-15 06:00:00,15.0,93,0.0,6.6,29,-3.199743493625823,-5.772490067120013
2015-03-15 07:00:00,15.2,94,0.0,6.4,63,-5.702441754805555,-2.905539198333099
2015-03-15 08:00:00,19.9,86,0.0,5.2,65,-4.71280049259058,-2.1976149610516362
2015-03-15 09:00:00,22.6,73,0.0,2.8,40,-1.7998053071223103,-2.144924440733138
2015-03-15 10:00:00,24.2,67,0.0,0.8,27,-0.36319239979163753,-0.7128052193506943
2015-03-15 11:00:00,25.3,63,0.0,4.1,285,3.96029588778518,-1.061158084920335
2015-03-15 12:00:00,26.1,61,0.0,6.8,295,6.162892951849219,-2.873804179836756
2015-03-15 13:00:00,26.7,60,0.0,9.2,301,7.8859391664594325,-4.738350289172498
2015-03-15 14:00:00,27.0,60,0.0,11.7,304,9.699739598893986,-6.542556970607738
2015-03-15 15:00:00,26.1,67,0.0,12.5,321,7.866504888122969,-9.714324518212136
2015-03-15 16:00:00,25.2,71,0.0,11.3,343,3.303800263366926,-10.806243742382302
2015-03-15 17:00:00,24.1,76,0.0,8.7,5,-0.7582549619046267,-8.666893873398186
2015-03-15 18:00:00,23.1,79,0.0,7.3,11,-1.3929056662487755,-7.165878439167947
2015-03-15 19:00:00,22.0,85,0.0,7.0,21,-2.508575646817105,-6.535062985480412
2015-03-15 20:00:00,20.9,91,0.0,6.0,25,-2.5357095704441948,-5.4378467222199
2015-03-15 21:00:00,21.1,88,0.0,6.2,21,-2.2218812871808646,-5.78819864428265
2015-03-15 22:00:00,20.0,91,0.0,5.6,50,-4.289848881466277,-3.5996106142446194
2015-03-15 23:00:00,19.5,91,0.0,5.2,65,-4.71280049259058,-2.1976149610516362
2015-03-16 00:00:00,19.8,89,0.0,4.8,42,-3.211826910522519,-3.567095162291493
2015-03-16 01:00:00,19.5,89,0.0,6.0,17,-1.7542302283364226,-5.7378285357782115
2015-03-16 02:00:00,18.7,92,0.0,6.3,31,-3.2447398719333433,-5.400153994423306
2015-03-16 03:00:00,16.9,97,0.0,6.2,54,-5.015905365124675,-3.644268564213333
2015-03-16 04:00:00,16.6,97,0.0,4.6,72,-4.374859974957706,-1.4214781741247573
2015-03-16 05:00:00,16.4,96,0.0,3.2,63,-2.8512208774027776,-1.4527695991665495
2015-03-16 06:00:00,16.1,96,0.0,3.1,54,-2.5079526825623377,-1.8221342821066664
2015-03-16 07:00:00,17.1,94,0.1,2.7,67,-2.485363104321589,-1.0549740469210387
2015-03-16 08:00:00,20.9,84,0.1,1.5,76,-1.4554435894139948,-0.3628828433995013
2015-03-16 09:00:00,23.5,74,0.4,0.7000000000000001,270,0.7000000000000001,0.0
2015-03-16 10:00:00,24.1,75,0.6,1.9,248,1.761649323676896,0.7117525274902328
2015-03-16 11:00:00,24.5,76,0.5,5.2,205,2.197614961051637,4.7128004925905795
2015-03-16 12:00:00,25.0,76,0.2,7.1,210,3.5500000000000007,6.148780366869514
2015-03-16 13:00:00,25.3,76,0.2,8.4,223,5.728786224524987,6.143371093601032
2015-03-16 14:00:00,25.9,73,0.0,9.5,233,7.587037345449282,5.717242719944458
2015-03-16 15:00:00,26.8,69,0.4,8.8,251,8.320563465273988,2.8649997592229792
2015-03-16 16:00:00,25.9,73,0.2,8.4,260,8.272385125302547,1.458644692402215
2015-03-16 17:00:00,25.1,76,0.2,6.6,279,6.518743047927909,-1.0324674692655236
2015-03-16 18:00:00,23.9,82,0.4,4.5,331,2.181643291108517,-3.935788682127281
2015-03-16 19:00:00,22.1,90,0.4,5.8,360,3.5514757175273243e-16,-5.8
2015-03-16 20:00:00,21.2,94,0.2,5.2,25,-2.197614961051636,-4.71280049259058
2015-03-16 21:00:00,20.6,95,0.1,4.9,36,-2.880147736233119,-3.9641832724372423
2015-03-16 22:00:00,20.3,95,0.0,5.0,69,-4.667902132486009,-1.7918397477265022
2015-03-16 23:00:00,19.9,95,0.0,5.1,94,-5.087576656325103,0.35575801609504015
2015-03-17 00:00:00,19.4,96,0.0,3.7,119,-3.2360929164157644,1.7937955949114477
2015-03-17 01:00:00,19.4,95,0.1,3.3,139,-2.1649947956686737,2.490541614735148
2015-03-17 02:00:00,18.9,94,0.0,2.8,140,-1.7998053071223101,2.1449244407331385
2015-03-17 03:00:00,20.2,89,0.0,2.8,140,-1.7998053071223101,2.1449244407331385
2015-03-17 04:00:00,18.9,94,0.0,3.2,117,-2.851220877402777,1.4527695991665501
2015-03-17 05:00:00,18.5,92,0.0,2.9,97,-2.8783838397598336,0.35342109587492787
2015-03-17 06:00:00,18.6,90,0.0,4.0,100,-3.939231012048832,0.6945927106677211
2015-03-17 07:00:00,20.0,86,0.0,3.1,126,-2.507952682562337,1.822134282106667
2015-03-17 08:00:00,22.1,87,0.0,2.9,180,1.7757378587636622e-16,2.9
2015-03-17 09:00:00,23.9,83,0.0,5.5,212,2.914555953282627,4.664264528860342
2015-03-17 10:00:00,25.4,76,0.0,8.7,225,6.151828996322964,6.151828996322962
2015-03-17 11:00:00,26.6,70,0.0,10.4,236,8.621990754572433,5.815606196095768
2015-03-17 12:00:00,27.2,65,0.0,12.0,254,11.535140351259827,3.30764826980399
2015-03-17 13:00:00,27.8,64,0.0,13.8,263,13.697136892650244,1.6817969389910352
2015-03-17 14:00:00,27.9,64,0.0,14.4,266,14.36492232374147,1.0044932219154044
2015-03-17 15:00:00,26.5,72,0.0,13.5,261,13.33379259803436,2.111865278043117
2015-03-17 16:00:00,25.7,76,0.0,13.0,251,12.291741482791119,4.232386007943037
2015-03-17 17:00:00,24.9,79,0.0,11.3,243,10.068373723328557,5.130092647056879
2015-03-17 18:00:00,24.3,81,0.0,8.9,230,6.817795543758905,5.7208097262102
2015-03-17 19:00:00,23.3,87,0.0,9.2,231,7.149742845404131,5.789747597658503
2015-03-17 20:00:00,22.3,92,0.0,9.8,234,7.9283665448744856,5.760295472466237
2015-03-17 21:00:00,21.7,92,0.0,9.9,224,6.877117867544073,7.121464023352646
2015-03-17 22:00:00,22.0,90,0.0,10.7,225,7.566042558696059,7.566042558696057
2015-03-17 23:00:00,21.9,90,0.0,10.2,222,6.825132184860354,7.580077219869421
2015-03-18 00:00:00,21.5,91,0.0,9.6,214,5.368251873319169,7.9587606965284
2015-03-18 01:00:00,21.1,92,0.0,8.2,209,3.975438886019964,7.171881598543044
2015-03-18 02:00:00,20.7,92,0.0,6.1,225,4.31335136523794,4.313351365237939
2015-03-18 03:00:00,21.0,89,0.0,5.7,252,5.421022142882375,1.7613968679372003
2015-03-18 04:00:00,20.6,90,0.0,5.2,258,5.08636752381579,1.0811407922523486
2015-03-18 05:00:00,20.2,90,0.0,5.0,249,4.667902132486009,1.7918397477265013
2015-03-18 06:00:00,19.8,90,0.0,3.6,217,2.1665340833473743,2.875087836170254
2015-03-18 07:00:00,19.9,90,0.0,4.5,194,1.0886485301985045,4.366330768241984
2015-03-18 08:00:00,21.9,87,0.0,7.0,192,1.4553818357243162,6.847033205136639
2015-03-18 09:00:00,23.9,76,0.0,11.4,198,3.522793735874401,10.84204428576475
2015-03-18 10:00:00,25.6,68,0.0,13.4,204,5.450271017215723,12.241509132410853
2015-03-18 11:00:00,27.1,61,0.0,15.0,210,7.500000000000002,12.990381056766578
2015-03-18 12:00:00,28.2,56,0.0,16.3,215,9.349295912522052,13.352178321910566
2015-03-18 13:00:00,28.9,53,0.0,16.8,222,11.241394186828819,12.484833068020224
2015-03-18 14:00:00,29.1,51,0.0,17.6,224,12.225987320078353,12.66038048596026
2015-03-18 15:00:00,28.5,54,0.0,18.1,226,13.020050386129588,12.57331650530785
2015-03-18 16:00:00,27.9,56,0.0,17.8,227,13.018095888821234,12.139570809112474
2015-03-18 17:00:00,26.8,60,0.0,16.1,228,11.964631690186048,10.773002762377619
2015-03-18 18:00:00,25.1,67,0.0,13.2,227,9.65386886137305,9.00237835282498
2015-03-18 19:00:00,23.4,75,0.0,12.5,224,8.683229630737465,8.991747504233139
2015-03-18 20:00:00,22.0,81,0.0,13.2,215,7.571208959833809,10.81280698461469
2015-03-18 21:00:00,21.7,79,0.0,12.7,209,6.157082177128481,11.107670280670325
2015-03-18 22:00:00,22.1,77,0.0,11.4,208,5.351975815759156,10.065602558591767
2015-03-18 23:00:00,21.7,78,0.0,9.0,217,5.4163352083684355,7.187719590425635
2015-03-19 00:00:00,21.3,80,0.0,7.4,219,4.656970893768798,5.750880114781585
2015-03-19 01:00:00,20.8,82,0.0,6.1,208,2.863776532993934,5.385980316439453
2015-03-19 02:00:00,20.5,82,0.0,6.4,164,-1.764079077228794,6.1520748540052415
2015-03-19 03:00:00,20.0,80,0.0,7.6,149,-3.9142893693164122,6.5144714853360535
2015-03-19 04:00:00,19.1,80,0.0,7.5,145,-4.301823272632846,6.143640332167438
2015-03-19 05:00:00,17.7,82,0.0,7.2,143,-4.333068166694749,5.750175672340507
2015-03-19 06:00:00,16.6,85,0.0,7.1,135,-5.020458146424486,5.020458146424487
2015-03-19 07:00:00,17.4,85,0.0,4.8,138,-3.2118269105225195,3.5670951622914924
2015-03-19 08:00:00,22.5,73,0.0,4.3,156,-1.748967565225941,3.9282454678631837
2015-03-19 09:00:00,26.1,52,0.0,4.5,194,1.0886485301985045,4.366330768241984
2015-03-19 10:00:00,27.8,45,0.0,5.6,220,3.5996106142446203,4.289848881466277
2015-03-19 11:00:00,29.1,43,0.0,7.2,243,6.415246974156249,3.2687315981247367
2015-03-19 12:00:00,29.9,43,0.0,10.1,264,10.04467114321956,1.0557374790033
2015-03-19 13:00:00,29.9,46,0.0,13.0,276,12.928784639787553,-1.3588700224794952
2015-03-19 14:00:00,29.4,50,0.0,14.5,284,14.06928803100195,-3.507867486195182
2015-03-19 15:00:00,28.2,58,0.0,14.0,296,12.583116648188339,-6.137196055047084
2015-03-19 16:00:00,26.9,65,0.0,13.0,318,8.698697882665158,-9.660882731206126
2015-03-19 17:00:00,25.4,72,0.0,11.4,332,5.351975815759156,-10.065602558591767
2015-03-19 18:00:00,23.8,80,0.0,6.3,336,2.5624408513775414,-5.755336383148386
2015-03-19 19:00:00,22.5,87,0.0,4.8,333,2.1791543987498248,-4.276831316104166
2015-03-19 20:00:00,21.3,93,0.0,5.2,326,2.9078030980478835,-4.3109953772862175
2015-03-19 21:00:00,20.7,94,0.0,5.8,330,2.9000000000000004,-5.0229473419497435
2015-03-19 22:00:00,20.4,94,0.0,7.4,346,1.7902220274375409,-7.180188374442374
2015-03-19 23:00:00,19.9,95,0.0,9.4,356,0.6557108531947772,-9.377102072442348
2015-03-20 00:00:00,19.8,95,0.0,9.7,360,5.939536975864663e-16,-9.7
2015-03-20 01:00:00,20.0,94,0.0,9.0,2,-0.31409547032250684,-8.994517443171862
2015-03-20 02:00:00,19.4,95,0.0,9.4,2,-0.3280552690035072,-9.394273773979501
2015-03-20 03:00:00,19.3,94,0.0,9.7,360,5.939536975864663e-16,-9.7
2015-03-20 04:00:00,18.7,95,0.0,11.2,2,-0.3908743630680085,-11.193177262613872
2015-03-20 05:00:00,18.4,94,0.0,11.2,2,-0.3908743630680085,-11.193177262613872
2015-03-20 06:00:00,18.4,93,0.0,10.7,12,-2.2246550917500296,-10.46617932785172
2015-03-20 07:00:00,18.9,92,0.0,11.3,9,-1.7677094549546108,-11.160878248725057
2015-03-20 08:00:00,22.1,83,0.0,10.5,6,-1.0975488643103604,-10.442479901366871
2015-03-20 09:00:00,23.8,77,0.0,9.4,356,0.6557108531947772,-9.377102072442348
2015-03-20 10:00:00,25.4,71,0.0,9.4,337,3.672872607799173,-8.65274562245294
2015-03-20 11:00:00,26.8,66,0.0,11.0,328,5.829111906565254,-9.328529057720685
2015-03-20 12:00:00,27.5,64,0.0,11.1,324,6.524416300446451,-8.980088637561916
2015-03-20 13:00:00,27.9,63,0.0,9.9,316,6.877117867544073,-7.121464023352646
2015-03-20 14:00:00,27.9,64,0.0,10.5,311,7.924450592339106,-6.888619804400326
2015-03-20 15:00:00,26.8,69,0.0,12.0,314,8.632077604063815,-8.335900445507967
2015-03-20 16:00:00,26.1,71,0.0,12.8,322,7.880466884168427,-10.086537646166043
2015-03-20 17:00:00,24.6,76,0.0,12.9,333,5.856477446640154,-11.493984162029944
2015-03-20 18:00:00,22.9,83,0.0,11.5,346,2.782101799396178,-11.15840085217396
2015-03-20 19:00:00,21.7,89,0.0,10.2,350,1.77121141220269,-10.045039080724521
2015-03-20 20:00:00,21.0,92,0.0,8.0,352,1.1133848076805237,-7.922144549932563
2015-03-20 21:00:00,20.4,95,0.0,6.5,357,0.3401837155791358,-6.49109197590473
2015-03-20 22:00:00,19.7,96,0.0,7.6,357,0.3977532674463741,-7.589584464134761
2015-03-20 23:00:00,19.4,96,0.0,9.7,358,0.33852511801426044,-9.694091022085228
2015-03-21 00:00:00,18.8,97,0.0,11.9,358,0.41530401075976286,-11.89275084152724
2015-03-21 01:00:00,18.3,97,0.0,12.2,360,7.470345474798854e-16,-12.2
2015-03-21 02:00:00,18.3,97,0.0,11.9,2,-0.4153040107597591,-11.89275084152724
2015-03-21 03:00:00,18.1,95,0.0,11.5,2,-0.40134421207875876,-11.492994510719601
2015-03-21 04:00:00,18.2,95,0.0,11.9,3,-0.6227978792910372,-11.88369146357943
2015-03-21 05:00:00,18.4,93,0.0,11.9,5,-1.0371533386971332,-11.854716907291772
2015-03-21 06:00:00,18.3,92,0.0,11.8,12,-2.453357951649566,-11.542141688658907
2015-03-21 07:00:00,18.7,92,0.0,12.3,7,-1.4989929238833102,-12.208317665188263
2015-03-21 08:00:00,21.8,85,0.0,14.1,357,0.7379369830255099,-14.080676440039491
2015-03-21 09:00:00,23.3,78,0.0,15.3,352,2.129348444689002,-15.151101451746028
2015-03-21 10:00:00,24.6,72,0.0,16.0,351,2.502951440643695,-15.803013449522204
2015-03-21 11:00:00,25.3,69,0.0,16.2,348,3.368169391247703,-15.845991131887649
2015-03-21 12:00:00,26.2,66,0.0,15.9,347,3.5767217640674525,-15.49248403008524
2015-03-21 13:00:00,26.1,67,0.0,16.4,345,4.24463233968134,-15.84118355114072
2015-03-21 14:00:00,26.2,67,0.0,17.4,347,3.914148345583249,-16.95403912726309
2015-03-21 15:00:00,25.8,69,0.0,16.8,350,2.9172893848044312,-16.544770250605094
2015-03-21 16:00:00,24.8,72,0.0,15.9,354,1.66200256595569,-15.812898136355546
2015-03-21 17:00:00,23.4,76,0.0,16.3,355,1.4206386067868277,-16.237973578895453
2015-03-21 18:00:00,22.0,82,0.0,16.9,360,1.0348265452795135e-15,-16.9
2015-03-21 19:00:00,20.8,86,0.0,17.6,359,0.30716235329619135,-17.59731943475249
2015-03-21 20:00:00,20.2,89,0.2,18.7,360,1.1450447572027753e-15,-18.7
2015-03-21 21:00:00,19.7,91,0.4,19.1,2,-0.6665803870177646,-19.08836479606473
2015-03-21 22:00:00,19.3,93,0.2,18.0,1,-0.31414331587110295,-17.997258512815044
2015-03-21 23:00:00,19.1,93,0.4,16.2,3,-0.8478424911356978,-16.177798463024097
2015-03-22 00:00:00,18.5,95,0.3,15.1,3,-0.790272939268459,-15.079305974794064
2015-03-22 01:00:00,18.2,95,0.4,14.8,4,-1.0323958114130587,-14.763947943845398
2015-03-22 02:00:00,18.2,94,0.6,15.2,7,-1.8524140197582368,-15.086701504948095
2015-03-22 03:00:00,18.2,94,0.3,16.3,6,-1.70381395126275,-16.210706894502856
2015-03-22 04:00:00,18.3,94,0.3,15.3,9,-2.393447315115535,-15.111631611105606
2015-03-22 05:00:00,18.2,93,0.5,15.3,9,-2.393447315115535,-15.111631611105606
2015-03-22 06:00:00,18.2,93,0.4,16.8,10,-2.91728938480443,-16.544770250605094
2015-03-22 07:00:00,18.9,93,0.2,16.1,10,-2.7957356604375785,-15.855404823496551
2015-03-22 08:00:00,20.4,87,0.1,17.1,8,-2.3798600264171257,-16.933583975480854
2015-03-22 09:00:00,21.4,83,0.0,19.5,4,-1.3602512380104488,-19.452498980066572
2015-03-22 10:00:00,22.5,77,0.0,22.0,4,-1.5346424223707626,-21.946409105716132
2015-03-22 11:00:00,23.7,72,0.0,23.4,2,-0.8166482228385178,-23.38574535224684
2015-03-22 12:00:00,24.4,69,0.0,24.9,2,-0.868997467892269,-24.884831592775484
2015-03-22 13:00:00,25.2,66,0.0,24.5,3,-1.2822309279521356,-24.466423601487058
2015-03-22 14:00:00,25.4,64,0.0,24.1,2,-0.8410778705302684,-24.08531893116021
2015-03-22 15:00:00,24.6,64,0.0,24.1,1,-0.42060299513853233,-24.096329453269032
2015-03-22 16:00:00,23.9,64,0.0,24.1,1,-0.42060299513853233,-24.096329453269032
2015-03-22 17:00:00,22.8,66,0.0,21.6,3,-1.1304566548475972,-21.570397950698798
2015-03-22 18:00:00,21.5,71,0.0,19.8,3,-1.0362519336102973,-19.772864788140563
2015-03-22 19:00:00,20.5,74,0.0,18.8,5,-1.638527963655975,-18.728460324124818
2015-03-22 20:00:00,19.8,79,0.0,16.2,4,-1.1300548746548345,-16.16053761420915
2015-03-22 21:00:00,19.4,83,0.0,14.8,1,-0.2582956152717958,-14.79774588831459
2015-03-22 22:00:00,19.9,79,0.0,13.7,3,-0.717002600528337,-13.681224626137661
2015-03-22 23:00:00,19.8,80,0.0,12.9,13,-2.901868601035862,-12.569373835729534
2015-03-23 00:00:00,20.1,79,0.0,11.2,15,-2.898773305148231,-10.818369254437565
2015-03-23 01:00:00,20.0,79,0.0,9.7,2,-0.33852511801425733,-9.694091022085228
2015-03-23 02:00:00,19.4,84,0.0,9.4,2,-0.3280552690035072,-9.394273773979501
2015-03-23 03:00:00,19.1,85,0.0,9.7,4,-0.676637795318018,-9.676371287520293
2015-03-23 04:00:00,19.4,83,0.0,10.1,6,-1.055737479003299,-10.044671143219562
2015-03-23 05:00:00,19.6,83,0.0,9.7,15,-2.51054473749445,-9.369480515003962
2015-03-23 06:00:00,19.1,87,0.0,8.9,14,-2.1531048708370433,-8.635631963856369
2015-03-23 07:00:00,19.7,86,0.3,9.2,21,-3.296985135816766,-8.588939923774255
2015-03-23 08:00:00,20.6,86,0.3,9.4,7,-1.1455718280083835,-9.329933825428428
2015-03-23 09:00:00,21.7,83,0.2,10.8,360,6.613092715395707e-16,-10.8
2015-03-23 10:00:00,22.7,79,0.3,10.5,354,1.0975488643103612,-10.44247990136687
2015-03-23 11:00:00,23.5,78,0.4,14.2,339,5.088824883543265,-13.256842056260265
2015-03-23 12:00:00,23.3,78,0.7000000000000001,22.0,342,6.798373876248844,-20.923243358493377
2015-03-23 13:00:00,23.1,80,0.7000000000000001,27.0,351,4.223730556086235,-26.66758519606872
2015-03-23 14:00:00,22.5,82,0.2,28.1,358,0.9806758573402804,-28.082882239236593
2015-03-23 15:00:00,19.0,94,1.1,31.0,3,-1.6224146435312734,-30.95751557739179
2015-03-23 16:00:00,18.0,94,0.7000000000000001,33.0,7,-4.021688332369856,-32.75402300416363
2015-03-23 17:00:00,17.2,93,0.4,32.0,8,-4.4535392307221064,-31.688578199730248
2015-03-23 18:00:00,16.6,91,0.4,28.6,6,-2.989514049454886,-28.44332620753262
2015-03-23 19:00:00,16.4,92,0.7000000000000001,23.2,12,-4.823551226972027,-22.693024337024287
2015-03-23 20:00:00,16.4,93,1.0,15.8,21,-5.6622136028157515,-14.750570738655787
2015-03-23 21:00:00,16.9,93,1.0,13.5,16,-3.721104303529485,-12.977032895167307
2015-03-23 22:00:00,17.1,93,0.7000000000000001,17.5,9,-2.7376031382040433,-17.28454596041491
2015-03-23 23:00:00,17.3,92,0.9,22.0,3,-1.1513910373447747,-21.969849764600625
2015-03-24 00:00:00,17.3,91,0.0,24.8,1,-0.43281967964463075,-24.796222839878503
2015-03-24 01:00:00,17.2,91,0.0,23.1,4,-1.611374543489301,-23.04372956100194
2015-03-24 02:00:00,17.3,91,0.3,21.3,4,-1.4858128907498749,-21.248114270534256
2015-03-24 03:00:00,17.2,90,0.0,20.9,4,-1.4579103012522245,-20.849088650430325
2015-03-24 04:00:00,17.4,90,0.0,20.3,7,-2.4739476711244874,-20.148686878318838
2015-03-24 05:00:00,17.0,92,0.0,18.5,8,-2.5747023677612177,-18.31995927171905
2015-03-24 06:00:00,16.9,91,0.0,20.8,10,-3.611882095472151,-20.484001262653926
2015-03-24 07:00:00,17.7,91,0.0,21.5,9,-3.363340998364967,-21.23529932279546
2015-03-24 08:00:00,20.0,83,0.0,21.3,5,-1.8564173205251209,-21.21894706935418
2015-03-24 09:00:00,21.2,78,0.0,23.5,6,-2.4564188867898538,-23.371264541154424
2015-03-24 10:00:00,22.4,73,0.0,22.8,6,-2.383248962502497,-22.675099214396635
2015-03-24 11:00:00,23.5,70,0.1,23.1,5,-2.013297657470906,-23.012097525919323
2015-03-24 12:00:00,24.5,67,0.0,24.8,1,-0.43281967964463075,-24.796222839878503
2015-03-24 13:00:00,24.3,67,0.0,27.8,4,-1.939229970086691,-27.732280597223113
2015-03-24 14:00:00,24.1,68,0.0,27.0,10,-4.688500797007119,-26.589809331329615
2015-03-24 15:00:00,22.8,75,0.9,25.3,5,-2.2050402915157536,-25.203725861721164
2015-03-24 16:00:00,21.6,82,1.4,25.1,7,-3.058920519469194,-24.912908406197186
2015-03-24 17:00:00,20.7,85,1.8,21.4,8,-2.9783043605454087,-21.191736671069602
2015-03-24 18:00:00,19.9,87,1.8,20.3,7,-2.4739476711244874,-20.148686878318838
2015-03-24 19:00:00,18.9,92,2.0,22.6,8,-3.145312081697488,-22.380058353559487
2015-03-24 20:00:00,18.5,92,1.8,21.5,10,-3.733435819839002,-21.17336668976247
2015-03-24 21:00:00,18.3,92,0.9,20.1,9,-3.144332747308644,-19.85253564596227
2015-03-24 22:00:00,18.3,93,1.4,18.9,8,-2.6303716081452437,-18.716066499215675
2015-03-24 23:00:00,17.9,93,1.2,17.8,7,-2.16927431261162,-17.667321499215532
2015-03-25 00:00:00,17.8,94,1.0,16.7,6,-1.7456253365698111,-16.608515652650166
2015-03-25 01:00:00,17.8,93,0.6,16.0,8,-2.2267696153610532,-15.844289099865124
2015-03-25 02:00:00,17.7,94,0.3,15.9,4,-1.1091279325315968,-15.861268399131205
2015-03-25 03:00:00,17.5,92,0.4,18.0,360,1.102182119232618e-15,-18.0
2015-03-25 04:00:00,17.2,92,0.4,19.2,6,-2.0069464947389446,-19.094820391070847
2015-03-25 05:00:00,17.0,93,0.5,18.3,10,-3.177761651304825,-18.02198188012341
2015-03-25 06:00:00,16.9,92,0.6,14.7,11,-2.8048922320352054,-14.42991959668066
2015-03-25 07:00:00,17.2,93,0.8,16.2,4,-1.1300548746548345,-16.16053761420915
2015-03-25 08:00:00,18.2,90,0.6,19.9,5,-1.734399280678399,-19.824274492025737
2015-03-25 09:00:00,19.1,87,0.7000000000000001,19.7,8,-2.7417100889132966,-19.50828095420893
2015-03-25 10:00:00,20.2,83,0.3,20.6,6,-2.1532863433136593,-20.487151044586433
2015-03-25 11:00:00,20.6,82,0.5,23.1,3,-1.2089605892120137,-23.068342252830657
2015-03-25 12:00:00,20.6,82,0.5,25.3,4,-1.7648387857263772,-25.238370471573553
2015-03-25 13:00:00,20.3,84,0.7000000000000001,26.7,4,-1.862497848968153,-26.634960141937306
2015-03-25 14:00:00,19.9,87,0.4,26.7,4,-1.862497848968153,-26.634960141937306
2015-03-25 15:00:00,19.8,83,0.9,25.6,4,-1.7857657278496148,-25.537639686651502
2015-03-25 16:00:00,19.3,85,0.1,25.0,6,-2.613211581691334,-24.863047384206833
2015-03-25 17:00:00,19.0,86,0.0,22.4,6,-2.341437577195435,-22.27729045624932
2015-03-25 18:00:00,18.6,87,0.0,24.3,8,-3.3819063533295997,-24.063514070420158
2015-03-25 19:00:00,18.4,87,0.3,21.8,9,-3.410271337877037,-21.531605824974
2015-03-25 20:00:00,18.1,90,0.6,21.3,6,-2.2264562676010167,-21.183316371344223
2015-03-25 21:00:00,17.8,92,0.8,22.0,4,-1.5346424223707626,-21.946409105716132
2015-03-25 22:00:00,17.6,93,0.6,17.7,4,-1.2346895852710227,-17.65688368959889
2015-03-25 23:00:00,17.6,93,0.5,15.9,355,1.3857763096877644,-15.839495699658755
2015-03-26 00:00:00,17.8,93,0.6,14.4,360,8.817456953860943e-16,-14.4
2015-03-26 01:00:00,17.6,94,1.9,13.3,358,0.4641633061432644,-13.291897999353974
2015-03-26 02:00:00,17.6,94,0.7000000000000001,13.7,3,-0.717002600528337,-13.681224626137661
2015-03-26 03:00:00,17.4,92,0.4,14.4,356,1.0044932219154035,-14.36492232374147
2015-03-26 04:00:00,17.1,94,0.7000000000000001,14.8,4,-1.0323958114130587,-14.763947943845398
2015-03-26 05:00:00,17.1,94,0.6,15.5,360,9.491012693391988e-16,-15.5
2015-03-26 06:00:00,17.0,95,0.3,15.5,1,-0.2705122997778942,-15.497639274924065
2015-03-26 07:00:00,17.5,95,0.4,13.8,6,-1.4424927930936164,-13.724402156082174
2015-03-26 08:00:00,18.7,93,0.8,14.4,359,0.2513146526968838,-14.397806810252035
2015-03-26 09:00:00,19.4,92,0.9,16.2,356,1.1300548746548287,-16.16053761420915
2015-03-26 10:00:00,20.4,88,0.8,17.7,356,1.2346895852710165,-17.65688368959889
2015-03-26 11:00:00,20.6,87,0.7000000000000001,18.8,357,0.9839159773673466,-18.77423525338599
2015-03-26 12:00:00,20.7,88,0.5,18.0,360,1.102182119232618e-15,-18.0
2015-03-26 13:00:00,20.1,90,0.5,16.0,351,2.502951440643695,-15.803013449522204
2015-03-26 14:00:00,20.3,90,0.4,18.2,346,4.402978499913951,-17.659382218223136
2015-03-26 15:00:00,19.8,93,0.5,18.0,357,0.9420472123729914,-17.975331625582328
2015-03-26 16:00:00,19.3,96,0.4,15.5,359,0.27051229977789576,-15.497639274924065
2015-03-26 17:00:00,19.1,97,1.6,14.6,350,2.535263393937184,-14.378193193978237
2015-03-26 18:00:00,18.8,96,0.4,14.8,357,0.7745721523955708,-14.779717114367694
2015-03-26 19:00:00,18.4,97,0.6,13.4,6,-1.400681407786555,-13.326593397934865
2015-03-26 20:00:00,18.3,97,0.6,11.9,360,7.286648454926752e-16,-11.9
2015-03-26 21:00:00,18.3,97,1.1,13.3,347,2.991849022773404,-12.959121861643629
2015-03-26 22:00:00,18.2,97,0.6,15.3,345,3.9599313900685673,-14.778665142222746
2015-03-26 23:00:00,18.1,97,0.6,13.9,350,2.413709669570333,-13.688827766869691
2015-03-27 00:00:00,17.9,97,1.0,12.7,353,1.547740661245373,-12.605336125844788
2015-03-27 01:00:00,17.7,97,0.5,13.0,346,3.14498464279568,-12.613844441587954
2015-03-27 02:00:00,17.5,97,0.6,13.8,351,2.158795617555187,-13.630099100212902
2015-03-27 03:00:00,17.6,98,0.2,13.7,357,0.7170026005283323,-13.681224626137661
2015-03-27 04:00:00,17.5,98,0.2,14.8,360,9.062386313690414e-16,-14.8
2015-03-27 05:00:00,17.2,97,0.4,14.8,1,-0.2582956152717958,-14.79774588831459
2015-03-27 06:00:00,17.1,97,0.7000000000000001,13.0,3,-0.680367431158276,-12.98218395180946
2015-03-27 07:00:00,17.4,97,0.4,12.0,7,-1.462432120861766,-11.910553819695865
2015-03-27 08:00:00,18.2,95,0.6,12.3,7,-1.4989929238833102,-12.208317665188263
2015-03-27 09:00:00,18.8,92,0.6,13.0,14,-3.144984642795681,-12.613844441587954
2015-03-27 10:00:00,19.6,90,0.5,13.7,18,-4.233532822936781,-13.029474273243602
2015-03-27 11:00:00,19.6,91,0.6,13.4,20,-4.5830699205639585,-12.591881118531173
2015-03-27 12:00:00,20.3,88,0.7000000000000001,12.7,8,-1.7674983821928358,-12.576404473017941
2015-03-27 13:00:00,20.2,89,0.0,15.1,360,9.246083333562517e-16,-15.1
2015-03-27 14:00:00,20.8,86,0.2,18.0,3,-0.9420472123729975,-17.975331625582328
2015-03-27 15:00:00,21.7,82,0.0,18.9,8,-2.6303716081452437,-18.716066499215675
2015-03-27 16:00:00,21.6,81,0.0,19.2,6,-2.0069464947389446,-19.094820391070847
2015-03-27 17:00:00,21.1,81,0.0,19.6,6,-2.048757880046006,-19.49262914921816
2015-03-27 18:00:00,19.8,85,0.0,18.4,6,-1.9233237241248218,-18.299202874776228
2015-03-27 19:00:00,18.6,89,0.0,18.6,9,-2.9096810497482974,-18.37100313506956
2015-03-27 20:00:00,17.9,91,0.0,16.6,13,-3.7341875021081634,-16.174543075434904
2015-03-27 21:00:00,17.2,93,0.0,15.1,12,-3.1394665313481727,-14.770028771080463
2015-03-27 22:00:00,17.1,89,0.0,14.1,15,-3.6493485359455407,-13.619554150675864
2015-03-27 23:00:00,17.2,87,0.0,14.1,13,-3.1718098662485,-13.738617913471815
2015-03-28 00:00:00,17.0,86,0.0,14.7,11,-2.8048922320352054,-14.42991959668066
2015-03-28 01:00:00,16.8,85,0.0,15.4,11,-2.938458528798787,-15.117058625094026
2015-03-28 02:00:00,16.5,85,0.0,15.3,9,-2.393447315115535,-15.111631611105606
2015-03-28 03:00:00,16.3,85,0.0,15.8,12,-3.2850047149206048,-15.45473209159413
2015-03-28 04:00:00,16.1,85,0.0,15.4,11,-2.938458528798787,-15.117058625094026
2015-03-28 05:00:00,15.9,84,0.0,16.0,9,-2.5029514406436966,-15.803013449522203
2015-03-28 06:00:00,15.7,84,0.0,15.7,11,-2.9957012274117503,-15.411546780128324
2015-03-28 07:00:00,16.7,84,0.0,16.6,13,-3.7341875021081634,-16.174543075434904
2015-03-28 08:00:00,19.9,74,0.0,17.2,11,-3.2819147204765673,-16.883987555299818
2015-03-28 09:00:00,21.3,70,0.0,17.5,9,-2.7376031382040433,-17.28454596041491
2015-03-28 10:00:00,22.4,68,0.0,17.4,6,-1.8187952608571683,-17.304680979407955
2015-03-28 11:00:00,23.2,67,0.0,16.6,5,-1.446785329611127,-16.536831988322977
2015-03-28 12:00:00,23.9,66,0.0,15.9,3,-0.8321417042628145,-15.878209602597725
2015-03-28 13:00:00,24.3,65,0.0,15.8,1,-0.27574802170907925,-15.797593583470983
2015-03-28 14:00:00,24.3,66,0.0,16.2,359,0.2827289842839943,-16.197532661533536
2015-03-28 15:00:00,24.2,66,0.0,15.5,360,9.491012693391988e-16,-15.5
2015-03-28 16:00:00,23.4,69,0.0,13.3,3,-0.6960682180311593,-13.281772812235833
2015-03-28 17:00:00,22.6,72,0.0,12.6,2,-0.4397336584515096,-12.592324420440606
2015-03-28 18:00:00,21.3,78,0.0,12.0,7,-1.462432120861766,-11.910553819695865
2015-03-28 19:00:00,19.7,83,0.0,12.0,16,-3.3076482698039866,-11.535140351259829
2015-03-28 20:00:00,18.6,88,0.0,10.5,31,-5.407899786555572,-9.000256657372177
2015-03-28 21:00:00,18.1,88,0.0,9.7,51,-7.538315826132616,-6.104407793183424
2015-03-28 22:00:00,16.4,93,0.0,7.4,67,-6.811735915548059,-2.8914103508206246
2015-03-28 23:00:00,15.6,94,0.0,5.4,53,-4.312631754255381,-3.2498011250210617
2015-03-29 00:00:00,15.6,91,0.0,5.3,28,-2.488199282765221,-4.679622242152313
2015-03-29 01:00:00,16.4,86,0.0,7.3,11,-1.3929056662487755,-7.165878439167947
2015-03-29 02:00:00,17.9,79,0.0,7.2,360,4.4087284769304716e-16,-7.2
2015-03-29 03:00:00,19.3,75,0.0,6.8,360,4.1637991171010006e-16,-6.8
2015-03-29 04:00:00,19.0,77,0.0,6.1,360,3.735172737399427e-16,-6.1
2015-03-29 05:00:00,18.6,78,0.0,7.2,360,4.4087284769304716e-16,-7.2
2015-03-29 06:00:00,18.4,79,0.0,9.8,24,-3.986019102142841,-8.95274548489749
2015-03-29 07:00:00,18.4,82,0.0,9.0,29,-4.3632865822170315,-7.871577364254564
2015-03-29 08:00:00,20.9,76,0.0,7.2,18,-2.2249223594996224,-6.8476069173251055
2015-03-29 09:00:00,22.4,71,0.0,5.1,352,0.7097828148963339,-5.050367150582009
2015-03-29 10:00:00,23.6,69,0.0,5.5,328,2.914555953282627,-4.664264528860342
2015-03-29 11:00:00,24.7,68,0.0,6.9,317,4.70578868443124,-5.046340541172277
2015-03-29 12:00:00,25.2,68,0.0,8.9,310,6.817795543758905,-5.7208097262102
2015-03-29 13:00:00,25.5,68,0.0,11.2,312,8.323222045346816,-7.494262791219212
2015-03-29 14:00:00,25.0,70,0.0,13.0,318,8.698697882665158,-9.660882731206126
2015-03-29 15:00:00,24.3,71,0.0,12.8,328,6.782966582185023,-10.855015630802253
2015-03-29 16:00:00,23.6,72,0.0,10.8,330,5.400000000000001,-9.353074360871938
2015-03-29 17:00:00,22.8,74,0.0,8.5,332,3.9905082836800725,-7.505054539300878
2015-03-29 18:00:00,21.7,79,0.0,5.8,338,2.1727182418122895,-5.377666356487367
2015-03-29 19:00:00,21.0,83,0.0,5.9,346,1.4273391840380394,-5.7247447850283795
2015-03-29 20:00:00,20.1,89,0.0,4.1,345,1.061158084920335,-3.96029588778518
2015-03-29 21:00:00,19.9,87,0.0,2.8,320,1.7998053071223101,-2.1449244407331385
2015-03-29 22:00:00,19.5,89,0.0,2.3,321,1.447436899414626,-1.7874357113510329
2015-03-29 23:00:00,19.2,90,0.0,1.6,297,1.4256104387013888,-0.7263847995832748
2015-03-30 00:00:00,19.3,88,0.0,1.4,270,1.4,0.0
2015-03-30 01:00:00,19.3,88,0.0,1.5,256,1.4554435894139948,0.3628828433995016
2015-03-30 02:00:00,19.5,86,0.0,1.5,225,1.0606601717798214,1.0606601717798212
2015-03-30 03:00:00,20.1,83,0.0,3.0,166,-0.7257656867990033,2.9108871788279895
2015-03-30 04:00:00,20.2,81,0.0,4.1,135,-2.8991378028648445,2.899137802864845
2015-03-30 05:00:00,20.2,78,0.0,0.7000000000000001,360,4.2862637970157366e-17,-0.7000000000000001
2015-03-30 06:00:00,19.7,79,0.0,2.0,45,-1.4142135623730954,-1.414213562373095
2015-03-30 07:00:00,19.3,84,0.0,3.2,63,-2.8512208774027776,-1.4527695991665495
2015-03-30 08:00:00,21.6,74,0.0,4.0,63,-3.5640260967534716,-1.8159619989581868
2015-03-30 09:00:00,23.2,71,0.0,4.3,48,-3.195522749552795,-2.8772616073430903
2015-03-30 10:00:00,24.7,69,0.0,3.7,11,-0.7059932828932151,-3.632020578756357
2015-03-30 11:00:00,25.8,68,0.0,6.5,326,3.634753872559854,-5.388744221607771
2015-03-30 12:00:00,26.6,67,0.0,10.5,319,6.888619804400326,-7.924450592339106
2015-03-30 13:00:00,26.8,68,0.0,11.8,322,7.2648054088427685,-9.29852689255932
2015-03-30 14:00:00,26.8,68,0.0,10.4,326,5.815606196095767,-8.621990754572435
2015-03-30 15:00:00,25.7,73,0.0,9.7,333,4.403707847473604,-8.642763284627167
2015-03-30 16:00:00,25.2,75,0.0,8.3,342,2.564841053312064,-7.893769085249775
2015-03-30 17:00:00,24.6,77,0.0,5.8,360,3.5514757175273243e-16,-5.8
2015-03-30 18:00:00,23.9,81,0.0,5.1,356,0.35575801609503865,-5.087576656325103
2015-03-30 19:00:00,22.8,89,0.0,4.1,15,-1.0611580849203346,-3.96029588778518
2015-03-30 20:00:00,22.2,89,0.0,3.0,14,-0.7257656867990033,-2.9108871788279895
2015-03-30 21:00:00,22.0,89,0.0,3.4,342,1.0506577808748212,-3.233592155403522
2015-03-30 22:00:00,21.3,91,0.0,4.3,336,1.7489675652259409,-3.9282454678631837
2015-03-30 23:00:00,21.1,92,0.0,4.7,356,0.3278554265973886,-4.688551036221174
2015-03-31 00:00:00,19.7,96,0.0,5.0,21,-1.7918397477265036,-4.667902132486008
2015-03-31 01:00:00,18.8,97,0.0,5.1,39,-3.2095339943541727,-3.96344440343055
2015-03-31 02:00:00,17.5,100,0.0,5.0,60,-4.330127018922193,-2.5000000000000004
2015-03-31 03:00:00,17.3,99,0.0,4.7,58,-3.9858260519352027,-2.4906205418960625
2015-03-31 04:00:00,17.4,97,0.0,4.8,48,-3.5670951622914924,-3.2118269105225195
2015-03-31 05:00:00,17.1,96,0.0,5.2,56,-4.3109953772862175,-2.907803098047883
2015-03-31 06:00:00,16.9,95,0.0,6.3,77,-6.1385314081469815,-1.4171916423663493
2015-03-31 07:00:00,18.7,94,0.0,5.4,94,-5.386845871403051,0.37668495821827785
2015-03-31 08:00:00,23.1,80,0.0,4.1,105,-3.9602958877851795,1.0611580849203361
2015-03-31 09:00:00,25.0,73,0.0,2.1,149,-1.081579957311114,1.800051331474436
2015-03-31 10:00:00,26.2,70,0.0,4.6,225,3.2526911934581184,3.252691193458118
2015-03-31 11:00:00,27.2,67,0.0,6.9,242,6.092338390726597,3.2393537832226467
2015-03-31 12:00:00,27.8,66,0.0,9.2,239,7.8859391664594325,4.738350289172498
2015-03-31 13:00:00,28.2,64,0.0,11.4,235,9.338333304894507,6.538771374401925
2015-03-31 14:00:00,28.4,64,0.0,14.7,234,11.892549817311727,8.640443208699354
2015-03-31 15:00:00,28.1,65,0.0,15.8,229,11.924411367519799,10.365732658050016
2015-03-31 16:00:00,27.4,69,0.0,13.5,222,9.033263185844586,10.032455143944823
2015-03-31 17:00:00,26.8,73,0.0,10.6,215,6.079910225321089,8.683011669463312
2015-03-31 18:00:00,26.0,76,0.0,9.7,211,4.995869326627525,8.31452281681049
2015-03-31 19:00:00,24.9,83,0.0,7.7,208,3.61493103345136,6.798696465013737
2015-03-31 20:00:00,23.8,85,0.0,6.8,177,-0.35588450245201814,6.790680836331102
2015-03-31 21:00:00,24.2,81,0.0,6.6,167,-1.4846769586695092,6.430842427582553
2015-03-31 22:00:00,23.0,85,0.0,7.2,186,0.752604935527105,7.160557646651568
2015-03-31 23:00:00,21.2,93,0.0,6.9,174,-0.7212463965468096,6.862201078041086
2015-04-01 00:00:00,20.1,96,0.0,7.4,223,5.046787864462489,5.412017391981862
2015-04-01 01:00:00,19.1,96,0.0,9.7,219,6.104407793183423,7.538315826132617
2015-04-01 02:00:00,18.3,95,0.0,10.5,174,-1.0975488643103624,10.44247990136687
2015-04-01 03:00:00,18.8,90,0.0,9.5,151,-4.605691392340201,8.30888721782426
2015-04-01 04:00:00,21.3,78,0.0,3.2,180,1.9594348786357652e-16,3.2
2015-04-01 05:00:00,21.6,77,0.0,6.2,201,2.2218812871808624,5.788198644282651
2015-04-01 06:00:00,18.7,86,0.0,8.7,128,-6.85569355637848,5.356254835333227
2015-04-01 07:00:00,20.1,87,0.0,8.4,130,-6.434773322199415,5.3994159213669315
2015-04-01 08:00:00,24.4,71,0.0,5.7,145,-3.269385687200963,4.669166652447252
2015-04-01 09:00:00,26.6,61,0.0,5.6,195,1.4493866525741161,5.4091846272187825
2015-04-01 10:00:00,28.1,57,0.0,10.8,244,9.706975700031006,4.734408385322037
2015-04-01 11:00:00,28.5,60,0.0,15.4,259,15.117058625094026,2.93845852879879
2015-04-01 12:00:00,28.6,65,0.0,15.4,259,15.117058625094026,2.93845852879879
2015-04-01 13:00:00,28.3,69,0.0,13.9,253,13.292636107886192,4.063966695646041
2015-04-01 14:00:00,28.4,68,0.0,13.6,248,12.60970042210831,5.094649670456404
2015-04-01 15:00:00,28.0,71,0.0,14.0,247,12.887067948334165,5.470235798849833
2015-04-01 16:00:00,27.2,75,0.0,12.9,247,11.874512609536481,5.040431557511631
2015-04-01 17:00:00,26.6,78,0.0,9.7,239,8.31452281681049,4.995869326627525
2015-04-01 18:00:00,25.7,82,0.0,8.1,249,7.5620014546273335,2.902780391316932
2015-04-01 19:00:00,24.2,88,0.0,8.9,243,7.929958065276475,4.040515447681966
2015-04-01 20:00:00,22.9,94,0.0,9.2,228,6.836932394392027,6.156001578501495
2015-04-01 21:00:00,22.8,93,0.0,9.4,212,4.981241083792126,7.9716521038704045
2015-04-01 22:00:00,21.9,96,0.0,9.7,195,2.510544737494451,9.369480515003962
2015-04-01 23:00:00,21.5,97,0.0,9.3,193,2.092044805397944,9.06164160250269
2015-04-02 00:00:00,19.9,99,0.0,9.8,186,1.024378940023004,9.746314574609078
2015-04-02 01:00:00,19.1,98,0.0,9.2,191,1.755442757464213,9.030970087718508
2015-04-02 02:00:00,18.9,97,0.0,8.7,204,3.5386087947594613,7.947845481490627
2015-04-02 03:00:00,21.9,89,0.0,8.7,204,3.5386087947594613,7.947845481490627
2015-04-02 04:00:00,21.5,89,0.0,7.9,177,-0.41345405431925636,7.889173324561134
2015-04-02 05:00:00,21.1,88,0.0,5.1,172,-0.7097828148963332,5.050367150582009
2015-04-02 06:00:00,20.5,88,0.0,4.3,204,1.7489675652259409,3.9282454678631837
2015-04-02 07:00:00,21.0,88,0.0,4.8,207,2.1791543987498248,4.276831316104166
2015-04-02 08:00:00,23.7,83,0.0,7.9,204,3.2132194802988217,7.217009115376547
2015-04-02 09:00:00,25.7,72,0.0,10.5,207,4.766900247265242,9.355568503977862
2015-04-02 10:00:00,27.1,67,0.0,12.5,213,6.807987937687838,10.4833820993178
2015-04-02 11:00:00,28.1,64,0.0,15.0,224,10.419875556884959,10.790097005079765
2015-04-02 12:00:00,28.8,63,0.0,16.6,229,12.528179031698016,10.890579881242422
2015-04-02 13:00:00,29.2,63,0.0,17.7,231,13.755483517788385,11.138970921582121
2015-04-02 14:00:00,29.2,63,0.0,18.1,229,13.660243402032174,11.874668424728183
2015-04-02 15:00:00,28.8,65,0.0,17.6,227,12.8718251484974,12.003171137099974
2015-04-02 16:00:00,28.2,67,0.0,15.8,225,11.172287142747452,11.17228714274745
2015-04-02 17:00:00,27.4,71,0.0,13.8,227,10.092681082344553,9.41157736886248
2015-04-02 18:00:00,26.1,76,0.0,11.2,225,7.919595949289333,7.919595949289331
2015-04-02 19:00:00,24.5,82,0.0,13.4,207,6.0834726965099275,11.93948742412413
2015-04-02 20:00:00,22.9,89,0.0,13.8,195,3.571702822414786,13.329776402789143
2015-04-02 21:00:00,22.0,88,0.0,13.6,192,2.8275989951215283,13.302807369979755
2015-04-02 22:00:00,21.7,86,0.0,14.6,189,2.2839431895873714,14.420249772689012
2015-04-02 23:00:00,22.2,82,0.0,14.2,189,2.221369403571279,14.025174436450955
2015-04-03 00:00:00,22.2,80,0.0,13.1,189,2.049291492027025,12.938717261796304
2015-04-03 01:00:00,22.3,77,0.0,12.2,182,0.42577385977051313,12.192568089632967
2015-04-03 02:00:00,22.0,76,0.0,11.2,180,6.858022075225178e-16,11.2
2015-04-03 03:00:00,19.3,84,0.0,11.1,209,5.3813867847343415,9.708278749247292
2015-04-03 04:00:00,19.0,85,0.0,9.2,222,6.156001578501495,6.836932394392027
2015-04-03 05:00:00,18.0,87,0.0,6.3,193,1.4171916423663489,6.1385314081469815
2015-04-03 06:00:00,16.9,89,0.0,6.1,177,-0.3192493330819574,6.0916401620029
2015-04-03 07:00:00,18.8,88,0.0,7.6,175,-0.6623836448822026,7.571079705497266
2015-04-03 08:00:00,23.9,70,0.0,7.9,204,3.2132194802988217,7.217009115376547
2015-04-03 09:00:00,26.4,55,0.0,11.5,212,6.094071538681856,9.7525531057989
2015-04-03 10:00:00,27.8,52,0.0,13.5,214,7.549104196855081,11.192007229493063
2015-04-03 11:00:00,28.9,52,0.0,14.3,219,8.999281592012677,11.113187248834684
2015-04-03 12:00:00,29.6,52,0.0,14.6,220,9.384699101423475,11.184248869537079
2015-04-03 13:00:00,30.1,53,0.0,15.1,220,9.706092906266743,11.567271091096568
2015-04-03 14:00:00,30.3,54,0.0,15.3,223,10.434574908956227,11.189711634773309
2015-04-03 15:00:00,29.7,60,0.0,15.0,228,11.147172382160914,10.036959095382873
2015-04-03 16:00:00,29.1,64,0.0,13.9,233,11.101033589657371,8.36522882181347
2015-04-03 17:00:00,28.1,69,0.0,12.2,236,10.114258385171507,6.822153422343112
2015-04-03 18:00:00,26.7,75,0.0,11.4,235,9.338333304894507,6.538771374401925
2015-04-03 19:00:00,24.7,85,0.0,11.8,218,7.2648054088427685,9.29852689255932
2015-04-03 20:00:00,23.0,89,0.0,12.2,214,6.822153422343111,10.114258385171508
2015-04-03 21:00:00,22.4,89,0.0,11.9,215,6.8255595925774495,9.747909327039002
2015-04-03 22:00:00,22.9,88,0.0,11.1,205,4.691062705321763,10.060016436106814
2015-04-03 23:00:00,22.4,90,0.0,10.2,198,3.151973342624464,9.700776466210565
2015-04-04 00:00:00,22.1,89,0.0,9.4,212,4.981241083792126,7.9716521038704045
2015-04-04 01:00:00,21.7,88,0.0,10.2,228,7.580077219869421,6.825132184860354
2015-04-04 02:00:00,21.5,87,0.0,9.2,222,6.156001578501495,6.836932394392027
2015-04-04 03:00:00,22.4,83,0.0,9.3,196,2.5634274090980926,8.939733772226367
2015-04-04 04:00:00,21.9,84,0.0,8.0,190,1.3891854213354433,7.878462024097664
2015-04-04 05:00:00,21.5,83,0.0,5.3,208,2.4881992827652213,4.679622242152313
2015-04-04 06:00:00,21.2,82,0.0,3.4,212,1.8017254983928965,2.883363526931848
2015-04-04 07:00:00,21.6,84,0.0,5.2,214,2.9078030980478835,4.3109953772862175
2015-04-04 08:00:00,24.5,76,0.0,8.7,228,6.46535998165333,5.821436275322066
2015-04-04 09:00:00,26.0,71,0.0,10.4,226,7.4811339235219725,7.224447052773572
2015-04-04 10:00:00,27.0,70,0.0,11.2,237,9.393110360988748,6.099957192168303
2015-04-04 11:00:00,28.0,67,0.0,12.9,247,11.874512609536481,5.040431557511631
2015-04-04 12:00:00,28.7,65,0.0,14.0,244,12.583116648188339,6.137196055047084
2015-04-04 13:00:00,29.1,64,0.0,14.3,245,12.960201354624095,6.043441142892003
2015-04-04 14:00:00,29.3,64,0.0,13.9,239,11.914625479759362,7.159029241249753
2015-04-04 15:00:00,29.2,66,0.0,14.0,235,11.468128620045885,8.030070108914645
2015-04-04 16:00:00,28.6,68,0.0,13.8,237,11.573653837646852,7.516018683207374
2015-04-04 17:00:00,27.8,72,0.0,12.2,227,8.922515159753878,8.320379992762481
2015-04-04 18:00:00,26.8,76,0.0,9.2,219,5.789747597658504,7.149742845404131
2015-04-04 19:00:00,25.1,87,0.0,10.5,218,6.464445490919412,8.274112912870581
2015-04-04 20:00:00,24.2,87,0.0,8.9,223,6.069785404556237,6.509047944410617
2015-04-04 21:00:00,24.2,86,0.0,7.2,233,5.750175672340508,4.333068166694748
2015-04-04 22:00:00,24.0,87,0.0,5.7,235,4.669166652447253,3.2693856872009626
2015-04-04 23:00:00,23.3,90,0.0,3.9,248,3.616017032810471,1.460965714322057
2015-04-05 00:00:00,22.3,93,0.0,3.3,283,3.2154212137912763,-0.7423384793347545
2015-04-05 01:00:00,21.9,95,0.0,4.6,315,3.2526911934581184,-3.252691193458118
2015-04-05 02:00:00,22.0,95,0.0,4.9,324,2.8801477362331185,-3.9641832724372428
2015-04-05 03:00:00,22.4,92,0.0,4.5,346,1.0886485301985045,-4.366330768241984
2015-04-05 04:00:00,22.0,94,0.0,4.0,5,-0.348622970990633,-3.984778792366982
2015-04-05 05:00:00,21.9,95,0.0,4.0,5,-0.348622970990633,-3.984778792366982
2015-04-05 06:00:00,22.0,96,0.0,4.1,15,-1.0611580849203346,-3.96029588778518
2015-04-05 07:00:00,22.6,95,0.0,3.7,29,-1.7937955949114464,-3.2360929164157652
2015-04-05 08:00:00,25.1,84,0.0,3.7,349,0.7059932828932162,-3.632020578756357
2015-04-05 09:00:00,26.4,78,0.0,5.4,318,3.6133052743378347,-4.012982057577929
2015-04-05 10:00:00,27.5,74,0.0,9.2,315,6.505382386916237,-6.505382386916236
2015-04-05 11:00:00,28.3,71,0.0,12.2,317,8.320379992762481,-8.922515159753878
2015-04-05 12:00:00,28.6,70,0.0,13.5,318,9.033263185844586,-10.032455143944823
2015-04-05 13:00:00,28.4,71,0.0,14.3,319,9.381644114564255,-10.792346997185641
2015-04-05 14:00:00,28.0,72,0.0,13.8,317,9.41157736886248,-10.092681082344553
2015-04-05 15:00:00,28.0,70,0.0,12.3,328,6.518006950068421,-10.43099158272404
2015-04-05 16:00:00,27.7,70,0.0,9.8,336,3.9860191021428424,-8.95274548489749
2015-04-05 17:00:00,27.1,72,0.0,7.8,326,4.361704647071825,-6.466493065929326
2015-04-05 18:00:00,26.0,77,0.0,6.2,339,2.2218812871808624,-5.788198644282651
2015-04-05 19:00:00,24.9,83,0.0,5.4,340,1.8469087739586119,-5.074340152243905
2015-04-05 20:00:00,23.7,90,0.0,6.3,336,2.5624408513775414,-5.755336383148386
2015-04-05 21:00:00,23.0,92,0.0,5.6,333,2.542346798541462,-4.989636535454859
2015-04-05 22:00:00,22.5,93,0.0,5.8,330,2.9000000000000004,-5.0229473419497435
2015-04-05 23:00:00,22.1,93,0.0,5.6,333,2.542346798541462,-4.989636535454859
2015-04-06 00:00:00,21.9,94,0.0,5.6,345,1.4493866525741161,-5.4091846272187825
2015-04-06 01:00:00,21.9,94,0.0,6.1,357,0.3192493330819582,-6.0916401620029
2015-04-06 02:00:00,21.9,95,0.0,6.1,3,-0.31924933308196024,-6.0916401620029
2015-04-06 03:00:00,22.6,91,0.0,6.5,360,3.9801020972288977e-16,-6.5
2015-04-06 04:00:00,22.4,92,0.0,6.9,354,0.7212463965468089,-6.862201078041086
2015-04-06 05:00:00,22.2,93,0.0,6.5,354,0.6794350112397475,-6.4643923198937765
2015-04-06 06:00:00,22.1,93,0.0,7.2,354,0.752604935527105,-7.160557646651568
2015-04-06 07:00:00,22.5,93,0.0,7.3,11,-1.3929056662487755,-7.165878439167947
2015-04-06 08:00:00,25.7,81,0.0,8.6,2,-0.3001356716415065,-8.594761112364223
2015-04-06 09:00:00,27.0,74,0.0,10.8,345,2.795245687107224,-10.431998923921938
2015-04-06 10:00:00,27.7,71,0.0,13.7,337,5.353016460303049,-12.610916492298433
2015-04-06 11:00:00,28.3,69,0.0,13.7,325,7.857997178009332,-11.222383006759188
2015-04-06 12:00:00,28.6,68,0.0,10.2,315,7.212489168102785,-7.212489168102784
2015-04-06 13:00:00,28.4,69,0.0,6.5,326,3.634753872559854,-5.388744221607771
2015-04-06 14:00:00,28.1,70,0.0,7.2,323,4.333068166694749,-5.750175672340508
2015-04-06 15:00:00,27.7,72,0.0,5.9,317,4.023790324368742,-4.314986839553106
2015-04-06 16:00:00,27.7,72,0.0,2.9,353,0.3534210958749277,-2.8783838397598336
2015-04-06 17:00:00,27.3,73,0.0,6.6,9,-1.0324674692655247,-6.5187430479279085
2015-04-06 18:00:00,26.6,77,0.0,12.8,10,-2.2226966741367082,-12.605539238556263
2015-04-06 19:00:00,25.3,83,0.0,13.0,34,-7.269507745119705,-10.777488443215544
2015-04-06 20:00:00,24.6,87,0.0,9.7,39,-6.104407793183427,-7.538315826132614
2015-04-06 21:00:00,23.8,89,0.0,10.8,21,-3.870373855089248,-10.082668606169777
2015-04-06 22:00:00,23.4,90,0.0,14.5,14,-3.507867486195183,-14.06928803100195
2015-04-06 23:00:00,23.0,92,0.0,15.3,15,-3.959931390068566,-14.778665142222746
2015-04-07 00:00:00,22.5,94,0.0,13.8,9,-2.1587956175551883,-13.6300991002129
2015-04-07 01:00:00,22.2,95,0.0,15.5,5,-1.350914012588703,-15.441017820422056
2015-04-07 02:00:00,21.7,96,0.0,17.0,6,-1.776983875550107,-16.90687222126065
2015-04-07 03:00:00,20.9,95,0.0,18.2,8,-2.532950437473198,-18.02287885109658
2015-04-07 04:00:00,20.5,95,0.0,19.0,10,-3.2993153756716764,-18.711347307231954
2015-04-07 05:00:00,19.9,96,0.0,20.1,10,-3.4903283711052997,-19.79463583554538
2015-04-07 06:00:00,19.9,95,0.0,21.5,10,-3.733435819839002,-21.17336668976247
2015-04-07 07:00:00,21.5,92,0.0,21.8,8,-3.033973600929435,-21.58784389856623
2015-04-07 08:00:00,24.1,80,0.0,23.1,5,-2.013297657470906,-23.012097525919323
2015-04-07 09:00:00,25.7,73,0.0,23.5,6,-2.4564188867898538,-23.371264541154424
2015-04-07 10:00:00,26.9,69,0.0,25.3,4,-1.7648387857263772,-25.238370471573553
2015-04-07 11:00:00,27.2,67,0.0,26.3,2,-0.91785676327577,-26.28397875060222
2015-04-07 12:00:00,27.0,67,0.0,27.0,359,0.47121497380665717,-26.995887769222563
2015-04-07 13:00:00,26.9,67,0.0,27.7,360,1.6961358168190842e-15,-27.7
2015-04-07 14:00:00,26.7,67,0.0,26.7,4,-1.862497848968153,-26.634960141937306
2015-04-07 15:00:00,26.4,64,0.0,24.3,6,-2.5400416574039766,-24.166882057449044
2015-04-07 16:00:00,25.6,67,0.0,24.1,1,-0.42060299513853233,-24.096329453269032
2015-04-07 17:00:00,24.6,69,0.0,24.2,3,-1.2665301410792522,-24.166834741060686
2015-04-07 18:00:00,23.5,72,0.0,22.5,7,-2.7420602266158114,-22.332288411929746
2015-04-07 19:00:00,22.6,75,0.0,23.5,5,-2.048159954569969,-23.41057540515602
2015-04-07 20:00:00,22.0,77,0.0,25.7,5,-2.2399025886148167,-25.60220374095786
2015-04-07 21:00:00,21.8,76,0.0,28.2,4,-1.9671325595843414,-28.13130621732704
2015-04-07 22:00:00,21.1,78,0.0,28.6,6,-2.989514049454886,-28.44332620753262
2015-04-07 23:00:00,20.7,78,0.0,27.5,6,-2.8745327398604674,-27.34935212262752
2015-04-08 00:00:00,20.5,77,0.0,27.4,5,-2.388067351285836,-27.29573472771383
2015-04-08 01:00:00,20.1,77,0.0,27.8,5,-2.4229296483848994,-27.694212606950526
2015-04-08 02:00:00,19.8,76,0.0,27.2,6,-2.8431742008801715,-27.050995554017035
2015-04-08 03:00:00,19.0,74,0.0,26.2,8,-3.6463352451537245,-25.94502340102914
2015-04-08 04:00:00,18.7,75,0.0,25.7,5,-2.2399025886148167,-25.60220374095786
2015-04-08 05:00:00,18.5,76,0.0,25.7,6,-2.6863815059786913,-25.559212710964626
2015-04-08 06:00:00,18.5,76,0.0,26.4,5,-2.3009116085381778,-26.29954002962208
2015-04-08 07:00:00,19.3,75,0.0,27.1,5,-2.361920628461539,-26.996876318286304
2015-04-08 08:00:00,21.0,69,0.0,29.3,5,-2.5536632625063866,-29.188504654088145
2015-04-08 09:00:00,22.5,65,0.0,29.7,6,-3.1044953590493045,-29.53730029243772
2015-04-08 10:00:00,23.5,63,0.0,29.3,6,-3.0626839737422435,-29.13949153429041
2015-04-08 11:00:00,24.5,60,0.0,29.2,4,-2.036889033328467,-29.128870267586866
2015-04-08 12:00:00,25.1,59,0.0,29.6,3,-1.5491443047911515,-29.559434228735388
2015-04-08 13:00:00,25.3,58,0.0,29.9,3,-1.5648450916640346,-29.859023089161756
2015-04-08 14:00:00,24.8,59,0.0,29.9,3,-1.5648450916640346,-29.859023089161756
2015-04-08 15:00:00,23.1,62,0.0,28.9,4,-2.015962091205229,-28.829601052508917
2015-04-08 16:00:00,22.3,64,0.0,28.1,4,-1.960156912209929,-28.031549812301062
2015-04-08 17:00:00,21.0,67,0.0,27.4,5,-2.388067351285836,-27.29573472771383
2015-04-08 18:00:00,19.8,71,0.0,26.0,6,-2.7177400449589872,-25.85756927957511
2015-04-08 19:00:00,18.9,75,0.2,24.2,3,-1.2665301410792522,-24.166834741060686
2015-04-08 20:00:00,18.5,78,0.2,24.2,3,-1.2665301410792522,-24.166834741060686
2015-04-08 21:00:00,18.3,80,0.0,22.8,5,-1.987150934646608,-22.7132391164918
2015-04-08 22:00:00,18.3,80,0.0,21.6,4,-1.5067398328731125,-21.547383485612205
2015-04-08 23:00:00,18.2,81,0.2,20.2,4,-1.4090807696313368,-20.15079381524845
2015-04-09 00:00:00,18.2,82,0.2,19.1,4,-1.3323486485127987,-19.053473359962645
2015-04-09 01:00:00,17.9,85,0.2,19.1,2,-0.6665803870177646,-19.08836479606473
2015-04-09 02:00:00,18.0,85,0.1,19.5,3,-1.020551146737414,-19.47327592771419
2015-04-09 03:00:00,17.6,87,0.2,18.8,5,-1.638527963655975,-18.728460324124818
2015-04-09 04:00:00,17.3,89,0.4,18.4,4,-1.2835191168919107,-18.355178524780765
2015-04-09 05:00:00,17.3,89,0.4,17.5,8,-2.435529266801152,-17.32969120297748
2015-04-09 06:00:00,17.4,89,0.4,17.5,8,-2.435529266801152,-17.32969120297748
2015-04-09 07:00:00,18.3,88,0.3,17.1,8,-2.3798600264171257,-16.933583975480854
2015-04-09 08:00:00,19.6,84,0.2,16.8,10,-2.91728938480443,-16.544770250605094
2015-04-09 09:00:00,20.8,79,0.1,16.5,10,-2.8651949315043503,-16.249327924701433
2015-04-09 10:00:00,22.1,73,0.0,15.9,4,-1.1091279325315968,-15.861268399131205
2015-04-09 11:00:00,23.1,69,0.3,17.3,356,1.2067869957733666,-17.257858069494958
2015-04-09 12:00:00,24.2,65,0.0,20.0,353,2.4373868681029496,-19.85092303282644
2015-04-09 13:00:00,24.1,65,0.0,20.3,354,2.121927804333365,-20.18879447597595
2015-04-09 14:00:00,24.2,64,0.0,19.9,356,1.388153827508092,-19.8515246001705
2015-04-09 15:00:00,23.9,66,0.0,19.8,359,0.34555764745821527,-19.79698436409655
2015-04-09 16:00:00,23.4,67,0.0,19.4,1,-0.33857668488329984,-19.39704528603399
2015-04-09 17:00:00,22.7,69,0.0,19.5,3,-1.020551146737414,-19.47327592771419
2015-04-09 18:00:00,21.5,74,0.0,18.1,6,-1.891965185144526,-18.00084630616575
2015-04-09 19:00:00,20.5,79,0.0,17.8,7,-2.16927431261162,-17.667321499215532
2015-04-09 20:00:00,19.9,82,0.0,18.4,6,-1.9233237241248218,-18.299202874776228
2015-04-09 21:00:00,19.6,84,0.0,19.1,3,-0.9996167642402364,-19.07382411381236
2015-04-09 22:00:00,19.0,87,0.0,19.1,3,-0.9996167642402364,-19.07382411381236
2015-04-09 23:00:00,18.6,89,0.0,17.6,1,-0.30716235329618957,-17.59731943475249
2015-04-10 00:00:00,18.2,91,0.0,18.7,1,-0.3263600003772014,-18.697151899424515
2015-04-10 01:00:00,17.5,93,0.0,18.7,360,1.1450447572027753e-15,-18.7
2015-04-10 02:00:00,17.7,93,0.0,19.1,2,-0.6665803870177646,-19.08836479606473
2015-04-10 03:00:00,17.5,92,0.0,18.8,3,-0.983915977367353,-18.77423525338599
2015-04-10 04:00:00,17.6,93,0.2,18.1,7,-2.205835115633164,-17.96508534470793
2015-04-10 05:00:00,17.6,94,1.4,16.3,8,-2.2685215456490733,-16.141369520487597
2015-04-10 06:00:00,17.5,95,1.0,16.7,14,-4.040095656514452,-16.20393862880914
2015-04-10 07:00:00,18.8,94,0.6,15.9,13,-3.576721764067458,-15.492484030085238
2015-04-10 08:00:00,20.0,89,0.2,16.7,6,-1.7456253365698111,-16.608515652650166
2015-04-10 09:00:00,20.7,87,0.6,18.3,10,-3.177761651304825,-18.02198188012341
2015-04-10 10:00:00,21.4,85,0.3,19.2,6,-2.0069464947389446,-19.094820391070847
2015-04-10 11:00:00,22.0,82,1.3,21.0,5,-1.8302705977008231,-20.920088659926655
2015-04-10 12:00:00,22.5,79,0.2,21.3,6,-2.2264562676010167,-21.183316371344223
2015-04-10 13:00:00,22.8,77,0.3,20.9,4,-1.4579103012522245,-20.849088650430325
2015-04-10 14:00:00,22.9,75,0.0,23.1,4,-1.611374543489301,-23.04372956100194
2015-04-10 15:00:00,22.8,73,0.0,25.3,6,-2.64457012067163,-25.161403952817317
2015-04-10 16:00:00,22.0,76,0.0,24.9,4,-1.7369361962287269,-24.839344851469622
2015-04-10 17:00:00,21.2,78,0.1,23.8,4,-1.6602040751101887,-23.742024396183815
2015-04-10 18:00:00,20.2,82,0.1,23.1,5,-2.013297657470906,-23.012097525919323
2015-04-10 19:00:00,19.5,84,0.2,23.5,6,-2.4564188867898538,-23.371264541154424
2015-04-10 20:00:00,19.1,85,0.0,22.5,6,-2.3518904235222005,-22.376742645786152
2015-04-10 21:00:00,19.0,85,0.0,21.5,9,-3.363340998364967,-21.23529932279546
2015-04-10 22:00:00,18.8,86,0.0,20.9,4,-1.4579103012522245,-20.849088650430325
2015-04-10 23:00:00,18.1,89,0.0,22.3,2,-0.778258776465767,-22.286415442525836
2015-04-11 00:00:00,18.0,89,0.0,20.6,6,-2.1532863433136593,-20.487151044586433
2015-04-11 01:00:00,17.8,90,0.0,17.7,4,-1.2346895852710227,-17.65688368959889
2015-04-11 02:00:00,17.3,93,0.3,18.0,359,0.3141433158711048,-17.997258512815044
2015-04-11 03:00:00,17.7,88,0.1,19.9,4,-1.388153827508099,-19.8515246001705
2015-04-11 04:00:00,17.8,88,0.4,19.9,5,-1.734399280678399,-19.824274492025737
2015-04-11 05:00:00,17.8,89,0.9,19.3,9,-3.019185175276459,-19.062384973486157
2015-04-11 06:00:00,17.6,91,1.1,19.0,10,-3.2993153756716764,-18.711347307231954
2015-04-11 07:00:00,18.2,91,1.6,18.9,13,-4.251574927099053,-18.41559422444094
2015-04-11 08:00:00,18.7,89,1.7000000000000002,18.6,9,-2.9096810497482974,-18.37100313506956
2015-04-11 09:00:00,19.1,90,2.1,19.8,359,0.34555764745821527,-19.79698436409655
2015-04-11 10:00:00,19.3,90,3.0,21.2,360,1.2981256070961944e-15,-21.2
2015-04-11 11:00:00,19.3,92,4.0,20.9,1,-0.36475529453922506,-20.896816828768575
2015-04-11 12:00:00,19.3,92,4.0,19.9,6,-2.0801164190263015,-19.79098571782864
2015-04-11 13:00:00,19.2,93,3.8,17.6,11,-3.3582383186271856,-17.276638428678886
2015-04-11 14:00:00,19.2,93,3.2,17.2,11,-3.2819147204765673,-16.883987555299818
2015-04-11 15:00:00,18.9,92,3.9,17.6,11,-3.3582383186271856,-17.276638428678886
2015-04-11 16:00:00,19.0,92,2.8,15.5,13,-3.4867413423299114,-15.102736004171145
2015-04-11 17:00:00,19.0,92,2.1,15.6,7,-1.901161757120296,-15.483719965604624
2015-04-11 18:00:00,18.8,92,1.7000000000000002,19.1,3,-0.9996167642402364,-19.07382411381236
2015-04-11 19:00:00,18.3,93,1.8,17.6,11,-3.3582383186271856,-17.276638428678886
2015-04-11 20:00:00,18.1,93,0.8,16.3,6,-1.70381395126275,-16.210706894502856
2015-04-11 21:00:00,18.0,93,1.5,15.8,359,0.27574802170908086,-15.797593583470983
2015-04-11 22:00:00,17.9,93,1.5,18.4,358,0.6421507393260198,-18.38879121715136
2015-04-11 23:00:00,17.9,93,1.8,18.5,7,-2.2545828529952225,-18.36210380536446
2015-04-12 00:00:00,17.8,93,2.4,16.6,13,-3.7341875021081634,-16.174543075434904
2015-04-12 01:00:00,17.8,93,1.7000000000000002,16.3,6,-1.70381395126275,-16.210706894502856
2015-04-12 02:00:00,17.7,94,1.7000000000000002,17.3,359,0.30192663136500625,-17.29736512620557
2015-04-12 03:00:00,17.4,92,0.3,15.8,1,-0.27574802170907925,-15.797593583470983
2015-04-12 04:00:00,17.3,93,0.4,15.5,3,-0.8112073217656367,-15.478757788695894
2015-04-12 05:00:00,17.2,93,0.4,16.2,1,-0.2827289842839927,-16.197532661533536
2015-04-12 06:00:00,17.0,94,0.0,15.9,6,-1.6620025659556885,-15.812898136355548
2015-04-12 07:00:00,18.3,92,0.0,18.7,1,-0.3263600003772014,-18.697151899424515
2015-04-12 08:00:00,19.6,87,0.0,22.0,359,0.3839529416202392,-21.99664929344061
2015-04-12 09:00:00,20.6,82,0.0,22.7,359,0.39616962612633766,-22.69654268005008
2015-04-12 10:00:00,21.7,76,0.0,22.0,358,0.7677889274550238,-21.986598194420107
2015-04-12 11:00:00,22.5,74,0.0,21.3,355,1.8564173205251184,-21.21894706935418
2015-04-12 12:00:00,22.9,73,0.0,20.4,352,2.8391312595853355,-20.201468602328035
2015-04-12 13:00:00,23.1,73,0.0,21.0,353,2.5592562115080972,-20.84346918446776
2015-04-12 14:00:00,22.8,74,0.0,20.9,356,1.4579103012522172,-20.849088650430325
2015-04-12 15:00:00,21.9,77,0.0,20.9,1,-0.36475529453922506,-20.896816828768575
2015-04-12 16:00:00,21.3,79,0.0,19.5,2,-0.6805401856987648,-19.488121126872368
2015-04-12 17:00:00,20.7,81,0.0,17.3,360,1.0593194812624606e-15,-17.3
2015-04-12 18:00:00,19.6,86,0.0,14.4,4,-1.0044932219154084,-14.36492232374147
2015-04-12 19:00:00,19.0,89,0.0,13.6,11,-2.5950023371210067,-13.35012969488823
2015-04-12 20:00:00,18.8,89,0.0,12.2,14,-2.951447126315947,-11.837607860567156
2015-04-12 21:00:00,18.4,91,0.0,11.0,19,-3.581249699028723,-10.400704331592486
2015-04-12 22:00:00,18.0,93,0.0,11.3,17,-3.3038002633669294,-10.8062437423823
2015-04-12 23:00:00,17.7,93,0.0,11.2,360,6.858022075225178e-16,-11.2
2015-04-13 00:00:00,17.3,93,0.0,13.7,355,1.1940336756429164,-13.647867363856914
2015-04-13 01:00:00,17.0,93,0.0,15.5,359,0.27051229977789576,-15.497639274924065
2015-04-13 02:00:00,16.9,91,0.0,16.6,359,0.2897099468589078,-16.597471739596095
2015-04-13 03:00:00,16.3,93,0.0,16.6,1,-0.2897099468589061,-16.597471739596095
2015-04-13 04:00:00,16.1,93,0.0,16.2,1,-0.2827289842839927,-16.197532661533536
2015-04-13 05:00:00,16.1,90,0.0,15.5,4,-1.0812253430339465,-15.462242779027275
2015-04-13 06:00:00,16.1,88,0.0,13.8,6,-1.4424927930936164,-13.724402156082174
2015-04-13 07:00:00,17.4,86,0.0,15.5,3,-0.8112073217656367,-15.478757788695894
2015-04-13 08:00:00,19.9,71,0.0,18.8,355,1.638527963655973,-18.728460324124818
2015-04-13 09:00:00,20.4,64,0.0,24.9,355,2.1701779944166875,-24.805247982484463
2015-04-13 10:00:00,21.0,63,0.0,27.4,1,-0.4781959363815678,-27.395826847285118
2015-04-13 11:00:00,21.4,63,0.0,25.7,6,-2.6863815059786913,-25.559212710964626
2015-04-13 12:00:00,21.9,63,0.0,24.6,6,-2.571400196384273,-24.465238626059527
2015-04-13 13:00:00,22.4,62,0.0,22.8,5,-1.987150934646608,-22.7132391164918
2015-04-13 14:00:00,22.1,62,0.0,21.6,4,-1.5067398328731125,-21.547383485612205
2015-04-13 15:00:00,22.4,62,0.0,22.7,2,-0.7922185751467673,-22.686171773333474
2015-04-13 16:00:00,21.6,64,0.0,23.1,5,-2.013297657470906,-23.012097525919323
2015-04-13 17:00:00,20.5,67,0.0,20.2,11,-3.854341706606201,-19.828869105642813
2015-04-13 18:00:00,19.0,72,0.0,14.2,24,-5.775660331676361,-12.972345498524934
2015-04-13 19:00:00,17.6,76,0.0,13.0,46,-9.351417404402465,-9.030558815966966
2015-04-13 20:00:00,16.2,82,0.0,12.2,62,-10.771960632878907,-5.727553065987868
2015-04-13 21:00:00,14.7,88,0.0,11.3,59,-9.68599049793387,-5.8199302464836125
2015-04-13 22:00:00,13.5,89,0.0,12.1,53,-9.663489671572243,-7.281961780139786
2015-04-13 23:00:00,13.0,85,0.0,13.0,46,-9.351417404402465,-9.030558815966966
2015-04-14 00:00:00,12.8,77,0.0,14.2,30,-7.100000000000006,-12.297560733739024
2015-04-14 01:00:00,13.2,69,0.0,15.7,11,-2.9957012274117503,-15.411546780128324
2015-04-14 02:00:00,12.4,71,0.0,15.2,5,-1.3247672897644054,-15.142159410994532
2015-04-14 03:00:00,11.8,79,0.0,16.0,9,-2.5029514406436966,-15.803013449522203
2015-04-14 04:00:00,11.6,82,0.0,14.0,18,-4.326237921249266,-13.31479122813215
2015-04-14 05:00:00,11.4,82,0.0,12.7,25,-5.3672519241068795,-11.510108895365455
2015-04-14 06:00:00,11.2,81,0.0,10.1,35,-5.793122007145568,-8.273435647318815
2015-04-14 07:00:00,13.3,83,0.0,10.4,44,-7.224447052773572,-7.4811339235219725
2015-04-14 08:00:00,17.9,55,0.0,10.2,42,-6.825132184860353,-7.5800772198694215
2015-04-14 09:00:00,19.0,44,0.0,8.7,24,-3.5386087947594604,-7.947845481490628
2015-04-14 10:00:00,20.0,38,0.0,9.8,352,1.3638963894086416,-9.70462707366739
2015-04-14 11:00:00,20.6,37,0.0,13.2,338,4.944807033090037,-12.238826880281593
2015-04-14 12:00:00,20.8,38,0.0,13.5,335,5.705346533499442,-12.235155124994774
2015-04-14 13:00:00,20.9,40,0.0,12.9,333,5.856477446640154,-11.493984162029944
2015-04-14 14:00:00,20.9,43,0.0,12.1,333,5.493285046848516,-10.781178942679249
2015-04-14 15:00:00,20.7,48,0.0,11.8,337,4.61062731617343,-10.861957270738797
2015-04-14 16:00:00,20.2,50,0.0,12.4,338,4.645121758357308,-11.497079796628164
2015-04-14 17:00:00,19.2,56,0.0,12.2,341,3.971931484377312,-11.535326622311663
2015-04-14 18:00:00,17.6,63,0.0,9.1,351,1.4235536318661013,-8.987963899415753
2015-04-14 19:00:00,16.1,69,0.0,9.1,7,-1.1090110249868392,-9.03216997993603
2015-04-14 20:00:00,14.7,75,0.0,9.5,25,-4.014873486536642,-8.609923976848176
2015-04-14 21:00:00,13.2,80,0.0,9.8,36,-5.760295472466238,-7.928366544874485
2015-04-14 22:00:00,11.7,84,0.0,10.2,48,-7.580077219869421,-6.825132184860354
2015-04-14 23:00:00,10.5,85,0.0,8.5,62,-7.505054539300878,-3.9905082836800725
2015-04-15 00:00:00,9.5,85,0.0,7.1,66,-6.486172749262466,-2.8878301658381815
2015-04-15 01:00:00,8.8,85,0.0,5.5,67,-5.062776693988422,-2.1490212066910046
2015-04-15 02:00:00,8.4,83,0.0,4.3,66,-3.9282454678631837,-1.7489675652259409
2015-04-15 03:00:00,8.8,85,0.0,3.7,61,-3.236092916415765,-1.7937955949114468
2015-04-15 04:00:00,8.5,83,0.0,2.6,74,-2.499280409439629,-0.7166571251241974
2015-04-15 05:00:00,8.4,81,0.0,1.8,90,-1.8,2.2043642384652358e-16
2015-04-15 06:00:00,8.7,78,0.0,1.8,101,-1.7669289302057951,0.34345619167778096
2015-04-15 07:00:00,13.0,75,0.0,2.1,121,-1.8000513314744357,1.0815799573111142
2015-04-15 08:00:00,18.1,61,0.0,1.8,217,1.0832670416736871,1.437543918085127
2015-04-15 09:00:00,19.9,56,0.0,4.9,253,4.685893304218874,1.4326213531414103
2015-04-15 10:00:00,21.3,48,0.0,6.7,254,6.440453362786736,1.8467702839738944
2015-04-15 11:00:00,22.3,45,0.0,8.7,253,8.319851376878407,2.5436338310878095
2015-04-15 12:00:00,22.9,46,0.0,10.6,252,10.081199072728626,3.2755801403744425
2015-04-15 13:00:00,23.3,48,0.0,10.5,254,10.093247807352348,2.8941922360784913
2015-04-15 14:00:00,23.5,51,0.0,9.4,252,8.939931253174443,2.9047597471245057
2015-04-15 15:00:00,24.1,55,0.0,8.8,261,8.691657397237213,1.3766232923540318
2015-04-15 16:00:00,23.8,58,0.0,8.6,272,8.594761112364223,-0.30013567164150834
2015-04-15 17:00:00,23.1,62,0.0,7.6,289,7.185941174554808,-2.474317973874391
2015-04-15 18:00:00,21.7,69,0.0,8.3,326,4.641301098807199,-6.881011852206847
2015-04-15 19:00:00,20.0,78,0.0,7.9,3,-0.41345405431926,-7.889173324561134
2015-04-15 20:00:00,18.7,84,0.0,6.6,49,-4.981083229470296,-4.3299895913373465
2015-04-15 21:00:00,17.9,87,0.0,6.4,74,-6.1520748540052415,-1.7640790772287938
2015-04-15 22:00:00,17.3,89,0.0,7.2,96,-7.160557646651568,0.7526049355271069
2015-04-15 23:00:00,16.4,91,0.0,6.8,115,-6.162892951849219,2.8738041798367564
2015-04-16 00:00:00,15.6,93,0.0,4.3,132,-3.195522749552794,2.8772616073430908
2015-04-16 01:00:00,14.7,94,0.0,3.4,122,-2.883363526931848,1.8017254983928965
2015-04-16 02:00:00,14.0,93,0.0,5.3,118,-4.679622242152313,2.4881992827652204
2015-04-16 03:00:00,14.4,91,0.0,8.7,120,-7.534421012924616,4.349999999999999
2015-04-16 04:00:00,13.9,92,0.0,8.4,121,-7.200205325897743,4.326319829244457
2015-04-16 05:00:00,13.4,92,0.0,7.9,120,-6.841600689897066,3.9499999999999997
2015-04-16 06:00:00,13.1,92,0.0,7.7,118,-6.798696465013738,3.6149310334513585
2015-04-16 07:00:00,15.8,92,0.0,9.2,116,-8.268905225952336,4.0330145504595105
2015-04-16 08:00:00,21.5,74,0.0,8.4,121,-7.200205325897743,4.326319829244457
2015-04-16 09:00:00,24.2,56,0.0,6.9,141,-4.342310698243877,5.3623071340531006
2015-04-16 10:00:00,25.7,52,0.0,7.2,186,0.752604935527105,7.160557646651568
2015-04-16 11:00:00,26.5,52,0.0,9.2,231,7.149742845404131,5.789747597658503
2015-04-16 12:00:00,26.9,53,0.0,10.0,249,9.335804264972017,3.5836794954530027
2015-04-16 13:00:00,26.9,55,0.0,10.0,255,9.659258262890683,2.5881904510252074
2015-04-16 14:00:00,27.0,55,0.0,10.0,255,9.659258262890683,2.5881904510252074
2015-04-16 15:00:00,26.7,60,0.0,9.0,272,8.994517443171862,-0.31409547032250873
2015-04-16 16:00:00,26.1,64,0.0,9.0,286,8.65135526344487,-2.4807362023529924
2015-04-16 17:00:00,25.0,70,0.0,7.6,295,6.887939181478539,-3.211898789229316
2015-04-16 18:00:00,23.8,76,0.0,7.6,295,6.887939181478539,-3.211898789229316
2015-04-16 19:00:00,21.7,88,0.0,6.6,315,4.666904755831213,-4.666904755831213
2015-04-16 20:00:00,20.5,90,0.0,6.5,326,3.634753872559854,-5.388744221607771
2015-04-16 21:00:00,20.3,90,0.0,5.1,352,0.7097828148963339,-5.050367150582009
2015-04-16 22:00:00,20.5,89,0.0,4.0,10,-0.6945927106677213,-3.939231012048832
2015-04-16 23:00:00,20.0,90,0.0,4.3,24,-1.7489675652259404,-3.928245467863184
2015-04-17 00:00:00,19.5,90,0.0,4.5,29,-2.1816432911085157,-3.935788682127282
2015-04-17 01:00:00,17.9,94,0.0,4.5,29,-2.1816432911085157,-3.935788682127282
2015-04-17 02:00:00,15.9,96,0.0,4.3,48,-3.195522749552795,-2.8772616073430903
2015-04-17 03:00:00,14.8,97,0.0,5.3,62,-4.679622242152313,-2.4881992827652213
2015-04-17 04:00:00,14.4,97,0.0,5.0,60,-4.330127018922193,-2.5000000000000004
2015-04-17 05:00:00,14.6,95,0.0,4.4,35,-2.523736319944604,-3.604268994871563
2015-04-17 06:00:00,14.4,94,0.0,4.6,51,-3.5748714227020653,-2.894873798829253
2015-04-17 07:00:00,17.0,91,0.0,3.1,45,-2.192031021678298,-2.192031021678297
2015-04-17 08:00:00,20.8,77,0.0,2.5,8,-0.3479327524001646,-2.475670171853926
2015-04-17 09:00:00,22.8,76,0.0,3.9,326,2.1808523235359125,-3.233246532964663
2015-04-17 10:00:00,24.7,70,0.0,6.1,310,4.6728711030257655,-3.921004419087889
2015-04-17 11:00:00,25.6,67,0.0,8.0,306,6.47213595499958,-4.702282018339785
2015-04-17 12:00:00,26.0,66,0.0,8.9,310,6.817795543758905,-5.7208097262102
2015-04-17 13:00:00,26.5,64,0.0,9.5,323,5.717242719944459,-7.587037345449282
2015-04-17 14:00:00,26.9,63,0.0,7.8,326,4.361704647071825,-6.466493065929326
2015-04-17 15:00:00,25.9,67,0.0,8.5,332,3.9905082836800725,-7.505054539300878
2015-04-17 16:00:00,25.3,70,0.0,8.3,342,2.564841053312064,-7.893769085249775
2015-04-17 17:00:00,24.8,73,0.0,6.5,3,-0.340183715579138,-6.49109197590473
2015-04-17 18:00:00,24.2,76,0.0,5.4,8,-0.7515347451843555,-5.34744757120448
2015-04-17 19:00:00,23.1,83,0.0,7.2,357,0.3768188849491966,-7.190132650232932
2015-04-17 20:00:00,23.1,81,0.0,7.2,357,0.3768188849491966,-7.190132650232932
2015-04-17 21:00:00,22.7,83,0.0,7.3,9,-1.1419715947936866,-7.210124886344505
2015-04-17 22:00:00,22.2,85,0.0,6.3,13,-1.417191642366351,-6.1385314081469815
2015-04-17 23:00:00,22.3,85,0.0,4.3,5,-0.37476969381493047,-4.283637201794505
2015-04-18 00:00:00,21.8,87,0.0,2.7,23,-1.0549740469210394,-2.4853631043215887
2015-04-18 01:00:00,20.2,90,0.0,2.6,74,-2.499280409439629,-0.7166571251241974
2015-04-18 02:00:00,20.1,89,0.0,1.8,53,-1.437543918085127,-1.0832670416736871
2015-04-18 03:00:00,20.2,90,0.0,3.1,54,-2.5079526825623377,-1.8221342821066664
2015-04-18 04:00:00,19.6,91,0.0,4.4,81,-4.3458286986186065,-0.6883116461770152
2015-04-18 05:00:00,19.2,91,0.0,4.0,95,-3.984778792366982,0.3486229709906328
2015-04-18 06:00:00,19.2,91,0.0,2.5,90,-2.5,3.061616997868383e-16
2015-04-18 07:00:00,20.9,91,0.0,2.3,108,-2.1874299874788528,0.7107390870623792
2015-04-18 08:00:00,24.5,77,0.0,1.1,162,-0.3399186938124421,1.046162167924669
2015-04-18 09:00:00,26.2,71,0.0,4.5,209,2.181643291108517,3.935788682127281
2015-04-18 10:00:00,27.2,69,0.0,10.2,203,3.985457510590592,9.389149505214892
2015-04-18 11:00:00,28.8,66,0.0,15.9,208,7.464597848295665,14.038866726456938
2015-04-18 12:00:00,29.7,63,0.0,22.3,211,11.485349070494207,19.114830805657107
2015-04-18 13:00:00,29.7,63,0.0,22.7,216,13.34272522703914,18.364685772311308
2015-04-18 14:00:00,29.6,64,0.0,23.2,216,13.636617853185376,18.76919426949878
2015-04-18 15:00:00,29.3,64,0.0,21.8,218,13.421420162099352,17.17863442862654
2015-04-18 16:00:00,28.7,68,0.0,19.7,220,12.662915910824825,15.091075529443867
2015-04-18 17:00:00,27.6,74,0.1,15.1,230,11.567271091096568,9.706092906266742
2015-04-18 18:00:00,26.3,79,0.0,13.4,234,10.840827724624296,7.87632238071914
2015-04-18 19:00:00,25.3,85,0.3,10.5,239,9.00025665737218,5.407899786555569
2015-04-18 20:00:00,24.3,90,0.7000000000000001,10.5,218,6.464445490919412,8.274112912870581
2015-04-18 21:00:00,23.7,90,0.8,9.4,230,7.200817765318393,6.042203531053469
2015-04-18 22:00:00,23.1,90,0.2,10.6,208,4.976398565530443,9.359244484304625
2015-04-18 23:00:00,22.8,90,0.2,11.8,207,5.357087896926653,10.51387698542274
2015-04-19 00:00:00,22.8,88,0.3,13.4,207,6.0834726965099275,11.93948742412413
2015-04-19 01:00:00,22.2,90,0.0,13.5,196,3.7211043035294886,12.977032895167305
2015-04-19 02:00:00,22.0,89,0.0,13.3,177,-0.6960682180311532,13.281772812235833
2015-04-19 03:00:00,22.3,87,0.0,13.3,178,-0.46416330614326273,13.291897999353974
2015-04-19 04:00:00,21.8,87,0.0,13.7,183,0.7170026005283323,13.681224626137661
2015-04-19 05:00:00,21.7,84,0.0,13.0,183,0.6803674311582716,12.98218395180946
2015-04-19 06:00:00,21.5,85,0.0,8.5,168,-1.7672493719509543,8.314254606237348
2015-04-19 07:00:00,22.7,88,0.0,9.3,164,-2.5634274090980913,8.939733772226367
2015-04-19 08:00:00,25.5,77,0.0,9.4,173,-1.1455718280083853,9.329933825428428
2015-04-19 09:00:00,26.9,69,0.0,11.4,193,2.5644420195200603,11.107818738551682
2015-04-19 10:00:00,28.2,65,0.0,15.2,202,5.694020219921861,14.093194589415168
2015-04-19 11:00:00,29.2,60,0.0,18.0,206,7.890680642203394,16.178292833385008
2015-04-19 12:00:00,29.6,57,0.0,19.0,205,8.029746973073289,17.21984795369635
2015-04-19 13:00:00,29.7,56,0.0,19.7,204,8.012711868593264,17.996845515559237
2015-04-19 14:00:00,29.9,54,0.0,19.0,207,8.62581949505139,16.929123959578988
2015-04-19 15:00:00,29.6,57,0.0,16.5,212,8.74366785984788,13.992793586581028
2015-04-19 16:00:00,29.2,59,0.0,14.5,224,10.07254637165546,10.430427104910441
2015-04-19 17:00:00,28.0,67,0.0,13.5,228,10.032455143944823,9.033263185844586
2015-04-19 18:00:00,26.7,72,0.0,10.3,209,4.993539088537273,9.008582983535776
2015-04-19 19:00:00,25.4,76,0.0,11.6,187,1.4136843834997108,11.513535359039334
2015-04-19 20:00:00,24.3,80,0.0,10.9,188,1.5169868004647136,10.793921949283117
2015-04-19 21:00:00,23.2,84,0.0,12.2,199,3.971931484377312,11.535326622311663
2015-04-19 22:00:00,22.8,82,0.0,10.6,215,6.079910225321089,8.683011669463312
2015-04-19 23:00:00,22.5,78,0.0,15.1,177,-0.790272939268452,15.079305974794064
2015-04-20 00:00:00,22.4,74,0.0,13.3,182,0.4641633061432644,13.291897999353974
2015-04-20 01:00:00,22.1,73,0.0,13.6,191,2.5950023371210107,13.35012969488823
2015-04-20 02:00:00,21.9,70,0.0,13.7,185,1.1940336756429164,13.647867363856914
2015-04-20 03:00:00,22.1,65,0.0,13.4,185,1.167886952818619,13.34900895442939
2015-04-20 04:00:00,22.0,65,0.0,13.2,191,2.518678738970393,12.957478821509163
2015-04-20 05:00:00,21.3,68,0.0,12.5,192,2.598896135221993,12.22684500917257
2015-04-20 06:00:00,21.0,73,0.0,12.7,188,1.7674983821928314,12.576404473017943
2015-04-20 07:00:00,22.5,75,0.0,11.6,187,1.4136843834997108,11.513535359039334
2015-04-20 08:00:00,25.8,61,0.0,12.3,185,1.0720156357961952,12.253194786528471
2015-04-20 09:00:00,27.8,55,0.0,13.1,196,3.610849361202689,12.592528216791978
2015-04-20 10:00:00,29.2,53,0.0,15.6,203,6.09540560443267,14.35987571385807
2015-04-20 11:00:00,29.7,55,0.0,18.0,213,9.803502630270488,15.096070223017634
2015-04-20 12:00:00,29.8,56,0.0,18.8,216,11.050362743098495,15.209519494249014
2015-04-20 13:00:00,29.6,58,0.0,18.8,212,9.962482167584252,15.943304207740809
2015-04-20 14:00:00,29.5,58,0.0,18.9,211,9.734219615800022,16.20046198326992
2015-04-20 15:00:00,29.9,52,0.0,18.1,211,9.322189155871982,15.514728142708234
2015-04-20 16:00:00,29.1,56,0.0,15.8,215,9.06250769434653,12.94260229976607
2015-04-20 17:00:00,27.7,64,0.0,14.6,218,8.98865753975461,11.504957002658141
2015-04-20 18:00:00,26.4,69,0.1,9.3,208,4.366085533908786,8.21141261358802
2015-04-20 19:00:00,25.1,76,0.0,7.6,177,-0.3977532674463732,7.589584464134761
2015-04-20 20:00:00,23.6,83,0.0,7.6,188,1.0577155672964975,7.5260373224359345
2015-04-20 21:00:00,23.0,84,0.0,4.3,180,2.632990618166809e-16,4.3
2015-04-20 22:00:00,22.1,87,0.0,6.6,167,-1.4846769586695092,6.430842427582553
2015-04-20 23:00:00,21.7,88,0.3,5.7,198,1.7613968679372005,5.421022142882375
2015-04-21 00:00:00,21.5,89,1.3,6.6,319,4.329989591337347,-4.981083229470295
2015-04-21 01:00:00,21.4,89,2.5,4.5,346,1.0886485301985045,-4.366330768241984
2015-04-21 02:00:00,21.3,88,1.4,4.9,36,-2.880147736233119,-3.9641832724372423
2015-04-21 03:00:00,21.1,91,0.1,4.7,86,-4.688551036221174,-0.3278554265973888
2015-04-21 04:00:00,21.0,91,0.3,5.9,128,-4.64926344627966,3.6324027044213847
2015-04-21 05:00:00,20.9,91,0.3,2.7,203,1.0549740469210391,2.485363104321589
2015-04-21 06:00:00,20.8,90,0.9,6.9,317,4.70578868443124,-5.046340541172277
2015-04-21 07:00:00,22.0,91,1.3,11.9,358,0.41530401075976286,-11.89275084152724
2015-04-21 08:00:00,22.7,87,0.3,15.1,1,-0.26353133720298083,-15.097700196861508
2015-04-21 09:00:00,23.6,85,1.1,19.1,1,-0.33334096295211485,-19.097090977487074
2015-04-21 10:00:00,23.7,86,0.1,19.3,9,-3.019185175276459,-19.062384973486157
2015-04-21 11:00:00,24.5,82,0.0,17.4,7,-2.120526575249561,-17.270303038559003
2015-04-21 12:00:00,25.2,78,0.2,16.9,2,-0.5898014942722628,-16.889704976622717
2015-04-21 13:00:00,24.7,79,0.3,19.1,358,0.6665803870177707,-19.08836479606473
2015-04-21 14:00:00,24.3,81,0.8,18.0,3,-0.9420472123729975,-17.975331625582328
2015-04-21 15:00:00,24.2,81,1.2,17.0,4,-1.185860053650135,-16.958588854417012
2015-04-21 16:00:00,23.2,86,2.1,15.9,4,-1.1091279325315968,-15.861268399131205
2015-04-21 17:00:00,22.0,91,2.4,15.8,1,-0.27574802170907925,-15.797593583470983
2015-04-21 18:00:00,21.2,92,1.8,16.6,358,0.579331645261518,-16.58988772851699
2015-04-21 19:00:00,20.4,95,2.1,15.5,3,-0.8112073217656367,-15.478757788695894
2015-04-21 20:00:00,20.0,95,2.9,14.8,4,-1.0323958114130587,-14.763947943845398
2015-04-21 21:00:00,19.8,95,2.8,15.1,3,-0.790272939268459,-15.079305974794064
2015-04-21 22:00:00,19.6,95,2.4,15.6,7,-1.901161757120296,-15.483719965604624
2015-04-21 23:00:00,19.4,95,1.9,15.2,7,-1.8524140197582368,-15.086701504948095
2015-04-22 00:00:00,19.4,95,0.6,14.9,7,-1.815853216736693,-14.7889376594557
2015-04-22 01:00:00,19.4,95,0.5,13.9,10,-2.4137096695703315,-13.688827766869691
2015-04-22 02:00:00,19.4,95,0.4,12.6,13,-2.834383284732702,-12.277062816293963
2015-04-22 03:00:00,19.5,95,0.2,10.7,14,-2.5885642829164452,-10.382164271153162
2015-04-22 04:00:00,19.8,94,0.2,12.0,9,-1.8772135804827723,-11.852260087141651
2015-04-22 05:00:00,19.7,93,0.0,14.4,3,-0.753637769898398,-14.380265300465863
2015-04-22 06:00:00,19.7,93,0.0,16.7,6,-1.7456253365698111,-16.608515652650166
2015-04-22 07:00:00,20.1,91,0.0,16.8,10,-2.91728938480443,-16.544770250605094
2015-04-22 08:00:00,21.0,88,0.1,17.9,9,-2.8001769242201355,-17.679621296652964
2015-04-22 09:00:00,21.8,85,0.0,19.9,6,-2.0801164190263015,-19.79098571782864
2015-04-22 10:00:00,22.9,80,0.0,19.9,5,-1.734399280678399,-19.824274492025737
2015-04-22 11:00:00,23.9,76,0.0,19.6,7,-2.3886391307408847,-19.453904572169915
2015-04-22 12:00:00,24.4,75,0.0,19.2,6,-2.0069464947389446,-19.094820391070847
2015-04-22 13:00:00,24.7,74,0.0,19.5,5,-1.699536983579336,-19.42579661278904
2015-04-22 14:00:00,25.2,72,0.0,18.5,7,-2.2545828529952225,-18.36210380536446
2015-04-22 15:00:00,25.7,70,0.0,18.0,3,-0.9420472123729975,-17.975331625582328
2015-04-22 16:00:00,25.0,72,0.0,18.7,2,-0.6526205883367642,-18.68860846525709
2015-04-22 17:00:00,24.0,75,0.0,17.4,6,-1.8187952608571683,-17.304680979407955
2015-04-22 18:00:00,23.0,80,0.0,15.7,11,-2.9957012274117503,-15.411546780128324
2015-04-22 19:00:00,22.1,83,0.0,15.4,16,-4.244815279581783,-14.803430117450112
2015-04-22 20:00:00,21.7,87,0.0,13.2,22,-4.944807033090042,-12.238826880281591
2015-04-22 21:00:00,21.5,86,0.0,11.1,25,-4.691062705321761,-10.060016436106816
2015-04-22 22:00:00,21.3,87,0.0,11.2,21,-4.013721034907368,-10.456100776768658
2015-04-22 23:00:00,21.1,88,0.0,10.7,20,-3.6596155335846534,-10.05471104240922
2015-04-23 00:00:00,20.9,88,0.0,9.2,26,-4.033014550459515,-8.268905225952334
2015-04-23 01:00:00,21.0,86,0.0,9.8,17,-2.8652427062828236,-9.371786608437747
2015-04-23 02:00:00,20.9,87,0.0,10.1,6,-1.055737479003299,-10.044671143219562
2015-04-23 03:00:00,19.7,91,0.0,11.6,7,-1.413684383499707,-11.513535359039336
2015-04-23 04:00:00,19.3,92,0.0,10.8,15,-2.795245687107223,-10.431998923921938
2015-04-23 05:00:00,19.4,90,0.0,9.9,10,-1.7191169589026103,-9.74959675482086
2015-04-23 06:00:00,19.6,90,0.0,9.4,7,-1.1455718280083835,-9.329933825428428
2015-04-23 07:00:00,21.1,89,0.0,10.9,6,-1.1393602496174215,-10.840288659514181
2015-04-23 08:00:00,22.3,83,0.0,9.2,11,-1.7554427574642102,-9.030970087718508
2015-04-23 09:00:00,23.3,79,0.0,7.6,5,-0.6623836448822027,-7.571079705497266
2015-04-23 10:00:00,24.1,77,0.0,7.3,349,1.3929056662487778,-7.165878439167947
2015-04-23 11:00:00,25.3,74,0.0,10.9,343,3.186851581477831,-10.423721839997087
2015-04-23 12:00:00,25.8,73,0.0,15.2,346,3.6772128131149486,-14.748495039395145
2015-04-23 13:00:00,25.6,74,0.0,16.8,351,2.6280990126758796,-16.593164121998313
2015-04-23 14:00:00,25.6,74,0.0,17.5,352,2.4355292668011455,-17.329691202977482
2015-04-23 15:00:00,25.8,74,0.0,18.1,353,2.2058351156331697,-17.96508534470793
2015-04-23 16:00:00,25.2,75,0.0,17.0,356,1.185860053650129,-16.958588854417012
2015-04-23 17:00:00,24.5,78,0.0,14.8,356,1.0323958114130536,-14.763947943845398
2015-04-23 18:00:00,23.7,82,0.0,13.6,348,2.8275989951215283,-13.302807369979755
2015-04-23 19:00:00,22.6,87,0.0,14.1,356,0.9835662797921657,-14.06565310866352
2015-04-23 20:00:00,21.9,90,0.0,12.4,10,-2.1532374030699364,-12.21161613735138
2015-04-23 21:00:00,21.1,94,0.0,12.1,12,-2.5157314588948934,-11.835585968879046
2015-04-23 22:00:00,21.1,93,0.0,9.9,10,-1.7191169589026103,-9.74959675482086
2015-04-23 23:00:00,21.2,92,0.0,10.5,6,-1.0975488643103604,-10.442479901366871
2015-04-24 00:00:00,21.4,91,0.0,10.4,358,0.36295476570601126,-10.393664600998596
2015-04-24 01:00:00,21.3,89,0.2,11.9,5,-1.0371533386971332,-11.854716907291772
2015-04-24 02:00:00,20.6,91,0.7000000000000001,10.7,14,-2.5885642829164452,-10.382164271153162
2015-04-24 03:00:00,18.5,98,0.4,10.0,13,-2.2495105434386526,-9.743700647852352
2015-04-24 04:00:00,18.5,97,0.7000000000000001,10.9,8,-1.5169868004647176,-10.793921949283115
2015-04-24 05:00:00,18.6,96,0.0,11.9,5,-1.0371533386971332,-11.854716907291772
2015-04-24 06:00:00,18.9,95,0.0,12.7,7,-1.547740661245369,-12.60533612584479
2015-04-24 07:00:00,20.5,94,0.0,12.2,14,-2.951447126315947,-11.837607860567156
2015-04-24 08:00:00,23.2,86,0.0,11.0,11,-2.098898949141991,-10.797899017924303
2015-04-24 09:00:00,24.1,82,0.0,10.8,356,0.7533699164365526,-10.773691742806102
2015-04-24 10:00:00,25.1,76,0.0,12.9,347,2.9018686010358574,-12.569373835729534
2015-04-24 11:00:00,25.9,72,0.0,14.9,345,3.856403772027559,-14.392294811707119
2015-04-24 12:00:00,26.5,69,0.0,15.5,348,3.2226312076752714,-15.161287811373986
2015-04-24 13:00:00,26.7,69,0.0,14.9,353,1.8158532167366976,-14.788937659455698
2015-04-24 14:00:00,26.6,70,0.0,15.5,359,0.27051229977789576,-15.497639274924065
2015-04-24 15:00:00,25.7,75,0.0,16.2,360,9.919639073093561e-16,-16.2
2015-04-24 16:00:00,25.7,76,0.0,16.6,359,0.2897099468589078,-16.597471739596095
2015-04-24 17:00:00,25.0,79,0.0,16.9,359,0.29494566879009276,-16.89742604814301
2015-04-24 18:00:00,23.9,84,0.0,16.6,359,0.2897099468589078,-16.597471739596095
2015-04-24 19:00:00,22.7,89,0.0,15.5,4,-1.0812253430339465,-15.462242779027275
2015-04-24 20:00:00,21.9,93,0.0,14.2,9,-2.2213694035712805,-14.025174436450953
2015-04-24 21:00:00,21.1,95,0.0,14.6,10,-2.535263393937183,-14.378193193978237
2015-04-24 22:00:00,20.7,95,0.0,14.1,15,-3.6493485359455407,-13.619554150675864
2015-04-24 23:00:00,21.8,91,0.0,11.8,20,-4.0358376912428895,-11.08837292527372
2015-04-25 00:00:00,21.7,89,0.0,12.5,12,-2.5988961352219975,-12.22684500917257
2015-04-25 01:00:00,21.5,88,0.0,12.3,5,-1.0720156357961965,-12.253194786528471
2015-04-25 02:00:00,21.4,87,0.0,12.7,8,-1.7674983821928358,-12.576404473017941
2015-04-25 03:00:00,19.1,95,0.0,12.1,12,-2.5157314588948934,-11.835585968879046
2015-04-25 04:00:00,19.3,91,0.0,11.6,16,-3.197393327477187,-11.1506356728845
2015-04-25 05:00:00,19.0,90,0.0,11.6,22,-4.3454364836245825,-10.755332712974733
2015-04-25 06:00:00,19.0,89,0.0,11.8,31,-6.077449283938643,-10.114574148284923
2015-04-25 07:00:00,20.5,93,0.0,11.0,23,-4.298042413382012,-10.125553387976844
2015-04-25 08:00:00,24.0,78,0.0,12.3,21,-4.407925779407199,-11.483039245915581
2015-04-25 09:00:00,25.2,74,0.0,11.8,12,-2.453357951649566,-11.542141688658907
2015-04-25 10:00:00,26.3,69,0.0,13.3,358,0.4641633061432644,-13.291897999353974
2015-04-25 11:00:00,26.8,68,0.0,17.8,353,2.1692743126116256,-17.667321499215532
2015-04-25 12:00:00,27.0,66,0.0,19.9,354,2.0801164190263037,-19.790985717828637
2015-04-25 13:00:00,26.9,67,0.0,20.2,357,1.0571863161074682,-20.17231660204239
2015-04-25 14:00:00,26.8,67,0.0,19.5,358,0.6805401856987711,-19.488121126872368
2015-04-25 15:00:00,26.8,67,0.0,20.2,358,0.7049698333905218,-20.187694705785734
2015-04-25 16:00:00,25.9,71,0.0,20.2,1,-0.35253861003312664,-20.196923442159104
2015-04-25 17:00:00,25.4,73,0.0,18.4,2,-0.642150739326014,-18.38879121715136
2015-04-25 18:00:00,24.4,77,0.0,18.0,1,-0.31414331587110295,-17.997258512815044
2015-04-25 19:00:00,23.1,82,0.0,17.0,4,-1.185860053650135,-16.958588854417012
2015-04-25 20:00:00,22.4,86,0.0,14.5,7,-1.767105479374634,-14.39191919879917
2015-04-25 21:00:00,22.6,82,0.0,12.7,8,-1.7674983821928358,-12.576404473017941
2015-04-25 22:00:00,22.4,83,0.0,12.8,10,-2.2226966741367082,-12.605539238556263
2015-04-25 23:00:00,22.1,84,0.0,10.6,10,-1.8406706832694615,-10.438962181929405
2015-04-26 00:00:00,21.8,85,0.0,11.9,358,0.41530401075976286,-11.89275084152724
2015-04-26 01:00:00,21.5,86,0.0,11.9,2,-0.4153040107597591,-11.89275084152724
2015-04-26 02:00:00,21.1,87,0.0,12.4,10,-2.1532374030699364,-12.21161613735138
2015-04-26 03:00:00,20.4,87,0.0,12.5,18,-3.8627124296868445,-11.888206453689419
2015-04-26 04:00:00,21.0,84,0.0,12.2,14,-2.951447126315947,-11.837607860567156
2015-04-26 05:00:00,20.8,83,0.0,11.6,7,-1.413684383499707,-11.513535359039336
2015-04-26 06:00:00,20.8,83,0.0,10.0,15,-2.5881904510252065,-9.659258262890683
2015-04-26 07:00:00,21.3,90,0.0,11.3,9,-1.7677094549546108,-11.160878248725057
2015-04-26 08:00:00,24.0,78,0.0,13.3,3,-0.6960682180311593,-13.281772812235833
2015-04-26 09:00:00,25.0,74,0.0,13.7,2,-0.4781231048242604,-13.691654330161612
2015-04-26 10:00:00,25.5,72,0.0,13.0,357,0.6803674311582716,-12.98218395180946
2015-04-26 11:00:00,26.2,69,0.0,11.8,348,2.453357951649562,-11.542141688658907
2015-04-26 12:00:00,26.6,68,0.0,12.3,339,4.407925779407195,-11.483039245915583
2015-04-26 13:00:00,26.9,67,0.0,13.7,337,5.353016460303049,-12.610916492298433
2015-04-26 14:00:00,26.6,68,0.0,13.4,340,4.583069920563962,-12.591881118531171
2015-04-26 15:00:00,26.6,70,0.0,13.1,344,3.610849361202689,-12.592528216791978
2015-04-26 16:00:00,26.3,72,0.0,12.8,344,3.5281581544575893,-12.304149708010483
2015-04-26 17:00:00,25.5,75,0.0,12.6,347,2.8343832847326977,-12.277062816293963
2015-04-26 18:00:00,24.3,81,0.0,11.5,346,2.782101799396178,-11.15840085217396
2015-04-26 19:00:00,23.0,88,0.0,9.7,4,-0.676637795318018,-9.676371287520293
2015-04-26 20:00:00,22.5,91,0.0,8.0,27,-3.6319239979163753,-7.128052193506942
2015-04-26 21:00:00,22.6,89,0.0,5.9,47,-4.314986839553106,-4.023790324368741
2015-04-26 22:00:00,22.4,89,0.0,4.3,48,-3.195522749552795,-2.8772616073430903
2015-04-26 23:00:00,22.0,90,0.0,3.9,22,-1.460965714322058,-3.6160170328104706
2015-04-27 00:00:00,21.1,93,0.0,5.9,11,-1.1257730727216133,-5.791600382341218
2015-04-27 01:00:00,20.7,93,0.0,7.7,11,-1.4692292643993936,-7.558529312547013
2015-04-27 02:00:00,20.7,91,0.0,7.2,18,-2.2249223594996224,-6.8476069173251055
2015-04-27 03:00:00,18.0,97,0.0,6.5,19,-2.116193003971518,-6.1458707413955596
2015-04-27 04:00:00,17.7,97,0.0,6.6,22,-2.472403516545021,-6.119413440140796
2015-04-27 05:00:00,17.3,96,0.0,6.2,36,-3.644268564213334,-5.015905365124674
2015-04-27 06:00:00,17.4,95,0.0,5.4,48,-4.012982057577929,-3.6133052743378347
2015-04-27 07:00:00,21.0,91,0.0,4.8,48,-3.5670951622914924,-3.2118269105225195
2015-04-27 08:00:00,23.8,78,0.0,2.5,45,-1.7677669529663693,-1.7677669529663687
2015-04-27 09:00:00,25.1,74,0.0,1.8,307,1.437543918085127,-1.083267041673687
2015-04-27 10:00:00,26.1,70,0.0,4.7,293,4.32637281122647,-1.8364363038995868
2015-04-27 11:00:00,27.0,66,0.0,6.8,295,6.162892951849219,-2.873804179836756
2015-04-27 12:00:00,27.2,66,0.0,8.2,293,7.54813979831001,-3.2039952536120446
2015-04-27 13:00:00,27.5,64,0.0,8.7,287,8.319851376878407,-2.5436338310878095
2015-04-27 14:00:00,27.5,65,0.0,10.2,293,9.389149505214892,-3.9854575105905923
2015-04-27 15:00:00,27.3,67,0.0,10.4,304,8.621990754572433,-5.815606196095768
2015-04-27 16:00:00,26.5,70,0.0,8.4,317,5.728786224524987,-6.143371093601032
2015-04-27 17:00:00,25.9,72,0.0,6.3,329,3.244739871933341,-5.400153994423308
2015-04-27 18:00:00,25.1,75,0.0,3.7,349,0.7059932828932162,-3.632020578756357
2015-04-27 19:00:00,24.0,85,0.0,1.1,18,-0.33991869381244233,-1.0461621679246689
2015-04-27 20:00:00,23.8,82,0.0,1.0,135,-0.7071067811865475,0.7071067811865476
2015-04-27 21:00:00,23.5,83,0.0,4.1,135,-2.8991378028648445,2.899137802864845
2015-04-27 22:00:00,23.2,85,0.0,4.2,149,-2.163159914622228,3.600102662948872
2015-04-27 23:00:00,22.8,86,0.0,3.3,167,-0.7423384793347546,3.2154212137912763
2015-04-28 00:00:00,22.3,87,0.0,4.6,162,-1.4214781741247577,4.374859974957706
2015-04-28 01:00:00,20.4,92,0.0,5.3,152,-2.4881992827652217,4.679622242152313
2015-04-28 02:00:00,19.5,95,0.0,3.7,151,-1.793795594911447,3.236092916415765
2015-04-28 03:00:00,18.8,95,0.0,2.7,157,-1.0549740469210394,2.4853631043215887
2015-04-28 04:00:00,18.3,95,0.0,3.6,135,-2.545584412271571,2.5455844122715714
2015-04-28 05:00:00,18.1,94,0.0,4.4,125,-3.6042689948715645,2.5237363199446023
2015-04-28 06:00:00,18.5,93,0.0,3.9,124,-3.2332465329646625,2.180852323535913
2015-04-28 07:00:00,22.2,87,0.0,3.9,124,-3.2332465329646625,2.180852323535913
2015-04-28 08:00:00,25.1,71,0.0,1.6,153,-0.7263847995832747,1.4256104387013888
2015-04-28 09:00:00,26.0,69,0.0,2.3,231,1.7874357113510329,1.4474368994146258
2015-04-28 10:00:00,26.6,68,0.0,5.5,238,4.664264528860342,2.914555953282627
2015-04-28 11:00:00,27.3,68,0.1,8.5,242,7.505054539300879,3.990508283680072
2015-04-28 12:00:00,27.9,66,0.1,9.1,252,8.654614298285896,2.8120546488120213
2015-04-28 13:00:00,27.7,70,0.3,9.7,266,9.676371287520293,0.6766377953180154
2015-04-28 14:00:00,27.3,72,0.2,9.4,274,9.377102072442348,-0.6557108531947778
2015-04-28 15:00:00,26.9,74,0.2,8.4,277,8.337387673787106,-1.0237024846032388
2015-04-28 16:00:00,26.5,75,0.6,5.4,266,5.386845871403051,0.37668495821827663
2015-04-28 17:00:00,26.1,77,0.1,2.6,214,1.4539015490239418,2.1554976886431088
2015-04-28 18:00:00,25.8,77,0.0,1.9,338,0.7117525274902327,-1.761649323676896
2015-04-28 19:00:00,25.2,81,0.0,5.3,28,-2.488199282765221,-4.679622242152313
2015-04-28 20:00:00,25.1,79,0.0,6.4,43,-4.364789504399991,-4.6806636903626915
2015-04-28 21:00:00,24.8,79,0.0,6.2,36,-3.644268564213334,-5.015905365124674
2015-04-28 22:00:00,24.5,80,0.0,3.8,49,-2.867896404846534,-2.4930243101639267
2015-04-28 23:00:00,24.1,81,0.0,1.8,101,-1.7669289302057951,0.34345619167778096
2015-04-29 00:00:00,23.5,81,0.0,4.5,151,-2.1816432911085166,3.9357886821272814
2015-04-29 01:00:00,23.2,80,0.0,5.1,184,0.35575801609503865,5.087576656325103
2015-04-29 02:00:00,23.5,78,0.0,6.1,230,4.6728711030257655,3.921004419087889
2015-04-29 03:00:00,23.0,80,0.0,4.9,287,4.685893304218874,-1.4326213531414103
2015-04-29 04:00:00,22.5,82,0.0,5.7,325,3.269385687200963,-4.669166652447253
2015-04-29 05:00:00,22.5,83,0.2,5.2,304,4.310995377286217,-2.907803098047884
2015-04-29 06:00:00,22.8,81,0.1,0.4,360,2.4492935982947065e-17,-0.4
2015-04-29 07:00:00,22.7,90,0.0,2.4,63,-2.138415658052083,-1.089577199374912
2015-04-29 08:00:00,24.5,79,0.0,1.9,112,-1.7616493236768958,0.7117525274902332
2015-04-29 09:00:00,25.8,72,0.0,4.0,153,-1.8159619989581868,3.5640260967534716
2015-04-29 10:00:00,26.4,69,0.1,5.2,196,1.4333142502483958,4.998560818879258
2015-04-29 11:00:00,27.6,64,0.0,7.0,215,4.015035054457323,5.7340643100229425
2015-04-29 12:00:00,28.2,62,0.0,8.2,241,7.171881598543044,3.9754388860199636
2015-04-29 13:00:00,28.7,61,0.0,10.7,250,10.05471104240922,3.659615533584655
2015-04-29 14:00:00,28.7,63,0.0,11.4,252,10.84204428576475,3.5227937358744006
2015-04-29 15:00:00,28.0,66,0.0,10.7,258,10.46617932785172,2.2246550917500247
2015-04-29 16:00:00,27.5,69,0.0,9.0,265,8.96575228282571,0.7844016847289235
2015-04-29 17:00:00,26.8,73,0.0,6.8,267,6.790680836331102,0.3558845024520181
2015-04-29 18:00:00,25.7,78,0.0,5.1,266,5.087576656325103,0.35575801609503904
2015-04-29 19:00:00,24.9,88,0.0,4.6,252,4.3748599749577055,1.421478174124758
2015-04-29 20:00:00,24.8,82,0.0,1.6,243,1.4256104387013888,0.7263847995832748
2015-04-29 21:00:00,24.4,84,0.0,3.1,249,2.8940993221413254,1.1109406435904308
2015-04-29 22:00:00,24.0,87,0.0,4.9,216,2.8801477362331185,3.9641832724372428
2015-04-29 23:00:00,23.7,88,0.0,7.0,201,2.5085756468171025,6.535062985480412
2015-04-30 00:00:00,22.7,91,0.0,6.7,196,1.8467702839738944,6.440453362786736
2015-04-30 01:00:00,23.2,90,0.0,4.1,218,2.524212048835199,3.23084408978756
2015-04-30 02:00:00,23.0,90,0.0,3.3,283,3.2154212137912763,-0.7423384793347545
2015-04-30 03:00:00,23.1,90,0.1,2.3,288,2.1874299874788528,-0.710739087062379
2015-04-30 04:00:00,23.0,89,0.0,0.0,270,0.0,0.0
2015-04-30 05:00:00,22.5,90,0.0,2.7,67,-2.485363104321589,-1.0549740469210387
2015-04-30 06:00:00,22.4,90,0.0,4.1,52,-3.23084408978756,-2.5242120488351985
2015-04-30 07:00:00,23.0,92,0.0,5.6,45,-3.9597979746446668,-3.9597979746446654
2015-04-30 08:00:00,25.0,80,0.0,6.4,27,-2.9055391983331003,-5.702441754805554
2015-04-30 09:00:00,26.1,75,0.0,7.3,9,-1.1419715947936866,-7.210124886344505
2015-04-30 10:00:00,27.1,71,0.0,8.7,355,0.7582549619046257,-8.666893873398186
2015-04-30 11:00:00,27.9,69,0.0,10.4,346,2.515987714236544,-10.091075553270363
2015-04-30 12:00:00,28.4,67,0.0,10.9,343,3.186851581477831,-10.423721839997087
2015-04-30 13:00:00,28.0,68,0.0,11.5,346,2.782101799396178,-11.15840085217396
2015-04-30 14:00:00,28.0,68,0.0,13.4,352,1.8649195528648772,-13.269592121137043
2015-04-30 15:00:00,28.3,65,0.0,12.6,358,0.4397336584515136,-12.592324420440606
2015-04-30 16:00:00,28.1,67,0.0,11.2,360,6.858022075225178e-16,-11.2
2015-04-30 17:00:00,27.5,70,0.0,10.8,360,6.613092715395707e-16,-10.8
2015-04-30 18:00:00,26.5,74,0.0,9.0,360,5.51091059616309e-16,-9.0
2015-04-30 19:00:00,25.2,81,0.0,9.7,15,-2.51054473749445,-9.369480515003962
2015-04-30 20:00:00,24.3,86,0.0,9.5,29,-4.6056913923402,-8.308887217824262
2015-04-30 21:00:00,24.5,83,0.0,6.6,41,-4.329989591337347,-4.981083229470295
2015-04-30 22:00:00,24.3,83,0.0,3.9,68,-3.616017032810471,-1.460965714322057
2015-04-30 23:00:00,23.9,85,0.0,3.4,108,-3.233592155403522,1.0506577808748214
2015-05-01 00:00:00,23.2,88,0.0,3.1,135,-2.192031021678297,2.1920310216782974
2015-05-01 01:00:00,22.5,91,0.0,3.9,158,-1.4609657143220571,3.616017032810471
2015-05-01 02:00:00,21.6,95,0.0,5.2,205,2.197614961051637,4.7128004925905795
2015-05-01 03:00:00,22.6,88,0.0,4.8,228,3.5670951622914924,3.2118269105225195
2015-05-01 04:00:00,22.2,90,0.4,4.7,238,3.9858260519352022,2.490620541896063
2015-05-01 05:00:00,22.9,87,0.1,2.3,252,2.1874299874788528,0.710739087062379
2015-05-01 06:00:00,23.0,87,0.1,3.6,135,-2.545584412271571,2.5455844122715714
2015-05-01 07:00:00,23.3,92,0.0,1.0,135,-0.7071067811865475,0.7071067811865476
2015-05-01 08:00:00,24.7,85,0.0,1.4,270,1.4,0.0
2015-05-01 09:00:00,25.7,80,0.0,1.9,292,1.761649323676896,-0.7117525274902328
2015-05-01 10:00:00,26.6,75,0.0,4.4,305,3.604268994871564,-2.523736319944603
2015-05-01 11:00:00,26.9,75,0.0,6.6,315,4.666904755831213,-4.666904755831213
2015-05-01 12:00:00,27.4,73,0.0,7.9,321,4.971631089293717,-6.139453095510071
2015-05-01 13:00:00,26.3,77,0.5,9.7,329,4.995869326627525,-8.31452281681049
2015-05-01 14:00:00,26.4,78,0.3,10.0,347,2.249510543438649,-9.743700647852352
2015-05-01 15:00:00,24.7,89,1.1,9.5,9,-1.4861274178821948,-9.383039235653808
2015-05-01 16:00:00,24.9,86,0.4,7.4,39,-4.656970893768801,-5.750880114781583
2015-05-01 17:00:00,25.2,83,0.0,5.6,50,-4.289848881466277,-3.5996106142446194
2015-05-01 18:00:00,25.1,84,0.0,3.9,22,-1.460965714322058,-3.6160170328104706
2015-05-01 19:00:00,24.1,92,0.0,5.0,21,-1.7918397477265036,-4.667902132486008
2015-05-01 20:00:00,24.2,88,0.0,5.4,37,-3.2498011250210608,-4.312631754255381
2015-05-01 21:00:00,24.0,89,0.0,3.9,22,-1.460965714322058,-3.6160170328104706
2015-05-01 22:00:00,23.6,91,0.0,1.5,45,-1.0606601717798214,-1.0606601717798212
2015-05-01 23:00:00,21.9,95,0.0,2.4,117,-2.138415658052083,1.0895771993749124
2015-05-02 00:00:00,20.3,98,0.0,3.8,131,-2.8678964048465336,2.4930243101639276
2015-05-02 01:00:00,20.1,97,0.0,3.8,139,-2.493024310163927,2.867896404846534
2015-05-02 02:00:00,19.6,98,0.0,3.1,159,-1.1109406435904308,2.8940993221413254
2015-05-02 03:00:00,20.4,94,0.0,3.4,162,-1.050657780874821,3.2335921554035223
2015-05-02 04:00:00,19.6,97,0.0,5.6,135,-3.9597979746446654,3.9597979746446663
2015-05-02 05:00:00,19.4,95,0.0,4.6,135,-3.252691193458118,3.2526911934581184
2015-05-02 06:00:00,20.1,92,0.0,2.6,146,-1.4539015490239415,2.1554976886431088
2015-05-02 07:00:00,23.1,88,0.0,3.9,146,-2.180852323535912,3.233246532964663
2015-05-02 08:00:00,25.5,73,0.0,4.0,170,-0.6945927106677212,3.939231012048832
2015-05-02 09:00:00,26.9,69,0.0,6.1,208,2.863776532993934,5.385980316439453
2015-05-02 10:00:00,28.3,65,0.0,9.7,225,6.858935777509511,6.85893577750951
2015-05-02 11:00:00,29.1,63,0.0,13.9,217,8.365228821813472,11.101033589657371
2015-05-02 12:00:00,29.7,62,0.0,16.4,218,10.096848195340796,12.92337635915024
2015-05-02 13:00:00,29.8,62,0.1,18.8,223,12.821569169174971,13.749449590440404
2015-05-02 14:00:00,29.2,64,0.2,21.1,226,15.17806978714554,14.657291616684843
2015-05-02 15:00:00,28.5,69,0.1,20.4,224,14.171030757363543,14.67453192690848
2015-05-02 16:00:00,28.1,71,0.0,19.2,220,12.341522105981555,14.708053307884377
2015-05-02 17:00:00,27.7,72,0.1,16.9,218,10.404678933003625,13.317381735953601
2015-05-02 18:00:00,26.8,76,0.0,11.2,222,7.494262791219212,8.323222045346816
2015-05-02 19:00:00,25.8,81,0.0,9.7,195,2.510544737494451,9.369480515003962
2015-05-02 20:00:00,24.9,86,0.0,8.7,175,-0.7582549619046266,8.666893873398186
2015-05-02 21:00:00,24.4,88,0.0,7.9,177,-0.41345405431925636,7.889173324561134
2015-05-02 22:00:00,23.9,88,0.0,9.8,174,-1.024378940023005,9.746314574609078
2015-05-02 23:00:00,22.5,90,0.0,10.7,166,-2.5885642829164452,10.382164271153162
2015-05-03 00:00:00,22.1,91,0.0,10.7,160,-3.659615533584655,10.05471104240922
2015-05-03 01:00:00,21.6,89,0.0,11.3,163,-3.3038002633669246,10.806243742382302
2015-05-03 02:00:00,21.2,88,0.0,11.2,165,-2.898773305148233,10.818369254437565
2015-05-03 03:00:00,21.5,79,0.0,11.1,167,-2.4969567032169016,10.81550771911611
2015-05-03 04:00:00,21.6,75,0.0,10.8,159,-3.8703738550892433,10.08266860616978
2015-05-03 05:00:00,21.7,73,0.0,10.8,154,-4.734408385322038,9.706975700031004
2015-05-03 06:00:00,21.7,73,0.0,8.8,161,-2.864999759222979,8.320563465273988
2015-05-03 07:00:00,23.4,77,0.0,9.9,161,-3.2231247291258507,9.360633898433237
2015-05-03 08:00:00,26.3,57,0.6,10.4,178,-0.36295476570600993,10.393664600998596
2015-05-03 09:00:00,27.3,54,0.9,10.9,189,1.705135668938517,10.765802912487002
2015-05-03 10:00:00,27.7,57,0.6,11.9,205,5.029157314714324,10.785062665736135
2015-05-03 11:00:00,28.4,58,0.2,11.1,216,6.524416300446451,8.980088637561916
2015-05-03 12:00:00,29.2,58,0.2,12.1,217,7.281961780139786,9.663489671572243
2015-05-03 13:00:00,29.3,60,0.0,13.1,217,7.883776803291833,10.462125181619536
2015-05-03 14:00:00,29.1,61,0.0,14.3,221,9.381644114564255,10.792346997185641
2015-05-03 15:00:00,28.9,64,0.0,13.7,215,7.857997178009332,11.222383006759188
2015-05-03 16:00:00,28.3,66,0.0,12.1,210,6.050000000000002,10.478907385791707
2015-05-03 17:00:00,28.0,67,0.0,10.8,201,3.870373855089244,10.08266860616978
2015-05-03 18:00:00,27.2,70,0.0,9.0,209,4.363286582217034,7.871577364254562
2015-05-03 19:00:00,25.8,78,0.0,9.6,200,3.2833933759264204,9.02104915954472
2015-05-03 20:00:00,24.4,84,0.0,9.0,180,5.51091059616309e-16,9.0
2015-05-03 21:00:00,23.4,87,0.0,8.5,168,-1.7672493719509543,8.314254606237348
2015-05-03 22:00:00,22.6,90,0.1,8.9,153,-4.040515447681965,7.929958065276475
2015-05-03 23:00:00,22.2,92,0.2,8.4,149,-4.326319829244456,7.200205325897744
2015-05-04 00:00:00,22.7,90,0.1,8.2,157,-3.2039952536120446,7.548139798310009
2015-05-04 01:00:00,22.5,91,0.4,7.2,174,-0.7526049355271056,7.160557646651568
2015-05-04 02:00:00,22.3,91,0.5,6.3,167,-1.4171916423663498,6.1385314081469815
2015-05-04 03:00:00,22.2,88,0.2,4.7,148,-2.4906205418960625,3.9858260519352027
2015-05-04 04:00:00,22.3,86,0.4,5.0,150,-2.499999999999999,4.330127018922194
2015-05-04 05:00:00,21.8,88,0.2,6.0,155,-2.535709570444196,5.4378467222199
2015-05-04 06:00:00,21.8,88,0.1,5.6,140,-3.5996106142446203,4.289848881466277
2015-05-04 07:00:00,23.8,84,0.0,5.6,135,-3.9597979746446654,3.9597979746446663
2015-05-04 08:00:00,26.1,66,0.0,3.8,139,-2.493024310163927,2.867896404846534
2015-05-04 09:00:00,27.8,62,0.0,3.8,197,1.1110124779463997,3.6339580726595346
2015-05-04 10:00:00,28.9,61,0.0,6.2,249,5.788198644282651,2.2218812871808615
2015-05-04 11:00:00,29.4,62,0.0,8.8,279,8.691657397237213,-1.3766232923540318
2015-05-04 12:00:00,28.6,65,0.1,9.7,301,8.31452281681049,-4.995869326627525
2015-05-04 13:00:00,28.8,67,0.0,9.2,329,4.738350289172498,-7.8859391664594325
2015-05-04 14:00:00,28.3,70,0.1,6.6,338,2.4724035165450187,-6.1194134401407965
2015-05-04 15:00:00,28.1,72,0.0,5.1,4,-0.35575801609504043,-5.087576656325103
2015-05-04 16:00:00,28.2,69,0.0,6.4,16,-1.7640790772287929,-6.152074854005242
2015-05-04 17:00:00,27.8,70,0.0,9.4,23,-3.672872607799174,-8.652745622452938
2015-05-04 18:00:00,27.1,71,0.0,9.4,18,-2.904759747124507,-8.939931253174443
2015-05-04 19:00:00,25.9,82,0.0,8.6,360,5.265981236333618e-16,-8.6
2015-05-04 20:00:00,24.5,87,0.2,8.0,352,1.1133848076805237,-7.922144549932563
2015-05-04 21:00:00,23.5,92,0.2,6.8,357,0.35588450245201897,-6.790680836331102
2015-05-04 22:00:00,23.3,92,0.2,6.1,357,0.3192493330819582,-6.0916401620029
2015-05-04 23:00:00,23.7,89,0.3,5.4,356,0.3766849582182763,-5.386845871403051
2015-05-05 00:00:00,23.5,90,0.5,6.2,353,0.7555899291119145,-6.153786140176196
2015-05-05 01:00:00,23.6,89,1.0,7.6,360,4.653657836759942e-16,-7.6
2015-05-05 02:00:00,23.5,90,1.1,8.3,2,-0.28966582263075635,-8.294943864258496
2015-05-05 03:00:00,22.6,94,2.2,8.3,2,-0.28966582263075635,-8.294943864258496
2015-05-05 04:00:00,22.3,95,2.6,7.2,360,4.4087284769304716e-16,-7.2
2015-05-05 05:00:00,22.3,96,2.8,6.1,360,3.735172737399427e-16,-6.1
2015-05-05 06:00:00,22.4,95,2.7,5.8,22,-2.1727182418122912,-5.377666356487366
2015-05-05 07:00:00,22.8,92,1.7000000000000002,6.4,16,-1.7640790772287929,-6.152074854005242
2015-05-05 08:00:00,23.0,91,0.5,6.2,7,-0.7555899291119125,-6.153786140176197
2015-05-05 09:00:00,23.8,89,0.3,8.0,8,-1.1133848076805266,-7.922144549932562
2015-05-05 10:00:00,24.9,85,0.3,8.9,21,-3.1894747509531767,-8.308865795825096
2015-05-05 11:00:00,25.9,82,0.2,7.2,27,-3.268731598124738,-6.415246974156248
2015-05-05 12:00:00,25.9,83,0.2,4.7,351,0.7352419856890854,-4.6421352007971475
2015-05-05 13:00:00,26.1,85,0.1,8.7,330,4.3500000000000005,-7.534421012924615
2015-05-05 14:00:00,26.2,86,0.1,11.8,348,2.453357951649562,-11.542141688658907
2015-05-05 15:00:00,24.7,91,0.5,13.7,3,-0.717002600528337,-13.681224626137661
2015-05-05 16:00:00,24.6,91,0.2,14.1,15,-3.6493485359455407,-13.619554150675864
2015-05-05 17:00:00,24.2,90,0.5,13.1,21,-4.694620139043439,-12.229903587113341
2015-05-05 18:00:00,23.9,91,0.5,9.5,9,-1.4861274178821948,-9.383039235653808
2015-05-05 19:00:00,23.4,92,0.5,11.6,355,1.0110066158728344,-11.555858497864248
2015-05-05 20:00:00,22.7,95,0.4,12.6,357,0.659433048661094,-12.58273213790763
2015-05-05 21:00:00,22.2,97,0.2,11.9,3,-0.6227978792910372,-11.88369146357943
2015-05-05 22:00:00,22.2,97,0.1,9.8,8,-1.363896389408645,-9.704627073667389
2015-05-05 23:00:00,22.5,94,0.1,7.4,14,-1.7902220274375418,-7.180188374442374
2015-05-06 00:00:00,22.4,94,0.2,5.7,18,-1.7613968679372012,-5.421022142882375
2015-05-06 01:00:00,21.6,97,0.0,5.8,22,-2.1727182418122912,-5.377666356487366
2015-05-06 02:00:00,21.1,97,0.0,5.2,12,-1.0811407922523508,-5.086367523815789
2015-05-06 03:00:00,22.6,91,0.0,5.9,349,1.125773072721615,-5.791600382341218
2015-05-06 04:00:00,22.1,93,0.0,6.6,347,1.4846769586695083,-6.430842427582553
2015-05-06 05:00:00,21.7,92,0.0,5.8,4,-0.40458754771592836,-5.78587149150698
2015-05-06 06:00:00,20.5,96,0.0,4.8,27,-2.179154398749825,-4.276831316104166
2015-05-06 07:00:00,23.0,93,0.0,4.0,10,-0.6945927106677213,-3.939231012048832
2015-05-06 08:00:00,24.9,83,0.0,4.1,322,2.524212048835199,-3.23084408978756
2015-05-06 09:00:00,26.2,79,0.0,4.9,287,4.685893304218874,-1.4326213531414103
2015-05-06 10:00:00,27.2,74,0.0,5.2,258,5.08636752381579,1.0811407922523486
2015-05-06 11:00:00,28.6,68,0.0,7.0,235,5.7340643100229425,4.015035054457322
2015-05-06 12:00:00,29.4,65,0.0,10.5,243,9.355568503977864,4.766900247265241
2015-05-06 13:00:00,29.8,65,0.0,13.0,272,12.992080751248245,-0.4536934571325126
2015-05-06 14:00:00,29.1,69,0.2,11.6,277,11.513535359039334,-1.4136843834997106
2015-05-06 15:00:00,27.0,77,0.2,10.0,291,9.335804264972017,-3.5836794954530027
2015-05-06 16:00:00,26.4,80,0.3,6.1,315,4.31335136523794,-4.313351365237939
2015-05-06 17:00:00,26.3,80,0.3,4.2,340,1.436484601967809,-3.9467090073008153
2015-05-06 18:00:00,25.7,82,0.3,0.5,315,0.3535533905932738,-0.35355339059327373
2015-05-06 19:00:00,25.1,90,0.0,3.2,153,-1.4527695991665495,2.8512208774027776
2015-05-06 20:00:00,25.1,84,0.0,4.3,156,-1.748967565225941,3.9282454678631837
2015-05-06 21:00:00,24.4,87,0.0,3.0,194,0.725765686799003,2.9108871788279895
2015-05-06 22:00:00,23.8,89,0.0,3.3,229,2.4905416147351476,2.1649947956686737
2015-05-06 23:00:00,23.3,92,0.0,2.3,252,2.1874299874788528,0.710739087062379
2015-05-07 00:00:00,21.3,94,0.0,2.3,141,-1.4474368994146256,1.7874357113510333
2015-05-07 01:00:00,20.4,95,0.0,4.7,113,-4.32637281122647,1.8364363038995868
2015-05-07 02:00:00,20.2,94,0.0,4.9,107,-4.685893304218874,1.4326213531414094
2015-05-07 03:00:00,22.8,83,0.0,3.8,107,-3.633958072659535,1.111012477946399
2015-05-07 04:00:00,22.9,82,0.0,1.8,127,-1.4375439180851273,1.0832670416736867
2015-05-07 05:00:00,22.1,83,0.0,1.1,162,-0.3399186938124421,1.046162167924669
2015-05-07 06:00:00,22.8,80,0.0,0.8,117,-0.7128052193506943,0.36319239979163753
2015-05-07 07:00:00,23.6,90,0.0,2.6,326,1.4539015490239418,-2.1554976886431088
2015-05-07 08:00:00,25.5,79,0.0,3.8,319,2.4930243101639276,-2.8678964048465336
2015-05-07 09:00:00,26.3,75,0.0,8.5,324,4.996174644486022,-6.876644452187053
2015-05-07 10:00:00,27.3,71,0.0,12.1,333,5.493285046848516,-10.781178942679249
2015-05-07 11:00:00,27.6,71,0.0,13.2,343,3.859306502340125,-12.623222778712067
2015-05-07 12:00:00,27.7,71,0.0,13.3,347,2.991849022773404,-12.959121861643629
2015-05-07 13:00:00,27.7,72,0.0,14.4,347,3.239295182551655,-14.030928932907388
2015-05-07 14:00:00,28.3,70,0.0,14.7,349,2.8048922320352103,-14.42991959668066
2015-05-07 15:00:00,27.6,77,0.0,13.3,360,8.143901214329899e-16,-13.3
2015-05-07 16:00:00,27.8,74,0.0,10.9,8,-1.5169868004647176,-10.793921949283115
2015-05-07 17:00:00,27.5,75,0.0,8.5,12,-1.767249371950958,-8.314254606237347
2015-05-07 18:00:00,26.7,79,0.0,7.6,360,4.653657836759942e-16,-7.6
2015-05-07 19:00:00,25.5,84,0.0,9.2,11,-1.7554427574642102,-9.030970087718508
2015-05-07 20:00:00,24.3,91,0.0,8.8,9,-1.3766232923540331,-8.691657397237211
2015-05-07 21:00:00,24.8,86,0.0,8.0,355,0.6972459419812651,-7.969557584733964
2015-05-07 22:00:00,24.2,89,0.0,4.7,356,0.3278554265973886,-4.688551036221174
2015-05-07 23:00:00,22.9,93,0.0,0.8,297,0.7128052193506944,-0.3631923997916374
2015-05-08 00:00:00,22.5,94,0.0,1.8,191,0.34345619167778085,1.7669289302057951
2015-05-08 01:00:00,23.0,93,0.0,2.8,140,-1.7998053071223101,2.1449244407331385
2015-05-08 02:00:00,23.1,93,0.0,3.1,126,-2.507952682562337,1.822134282106667
2015-05-08 03:00:00,24.3,84,0.0,2.6,124,-2.1554976886431083,1.453901549023942
2015-05-08 04:00:00,24.3,85,0.0,3.3,131,-2.4905416147351476,2.1649947956686737
2015-05-08 05:00:00,23.2,88,0.0,4.5,166,-1.088648530198505,4.366330768241984
2015-05-08 06:00:00,22.6,91,0.0,4.6,162,-1.4214781741247577,4.374859974957706
2015-05-08 07:00:00,24.4,89,0.0,4.0,180,2.4492935982947064e-16,4.0
2015-05-08 08:00:00,25.9,82,0.0,4.1,232,3.2308440897875594,2.524212048835199
2015-05-08 09:00:00,26.6,79,0.0,4.9,253,4.685893304218874,1.4326213531414103
2015-05-08 10:00:00,27.6,77,0.0,5.9,256,5.7247447850283795,1.4273391840380396
2015-05-08 11:00:00,28.0,77,0.0,7.6,273,7.589584464134761,-0.3977532674463731
2015-05-08 12:00:00,28.3,78,0.0,9.4,270,9.4,0.0
2015-05-08 13:00:00,28.3,79,0.0,10.8,272,10.793420931806235,-0.3769145643870105
2015-05-08 14:00:00,28.5,79,0.2,10.4,268,10.393664600998596,0.3629547657060101
2015-05-08 15:00:00,27.9,74,0.2,7.8,257,7.6000865053248345,1.754618223882147
2015-05-08 16:00:00,27.9,73,0.0,5.5,238,4.664264528860342,2.914555953282627
2015-05-08 17:00:00,27.6,74,0.0,4.8,228,3.5670951622914924,3.2118269105225195
2015-05-08 18:00:00,27.2,75,0.0,2.2,270,2.2,0.0
2015-05-08 19:00:00,26.0,82,0.0,3.1,126,-2.507952682562337,1.822134282106667
2015-05-08 20:00:00,24.6,89,0.0,6.3,156,-2.5624408513775414,5.755336383148386
2015-05-08 21:00:00,23.5,93,0.0,6.2,187,0.7555899291119145,6.153786140176196
2015-05-08 22:00:00,23.7,90,0.0,6.9,208,3.239353783222647,6.092338390726596
2015-05-08 23:00:00,23.8,90,0.0,6.6,171,-1.0324674692655234,6.518743047927909
2015-05-09 00:00:00,21.7,94,0.0,7.1,150,-3.549999999999998,6.148780366869515
2015-05-09 01:00:00,21.1,94,0.0,7.3,147,-3.9758649556096977,6.122295146001594
2015-05-09 02:00:00,20.8,93,0.0,7.6,149,-3.9142893693164122,6.5144714853360535
2015-05-09 03:00:00,19.9,95,0.0,7.4,141,-4.656970893768796,5.750880114781586
2015-05-09 04:00:00,19.5,94,0.0,5.4,138,-3.6133052743378347,4.012982057577929
2015-05-09 05:00:00,19.0,95,0.0,4.6,135,-3.252691193458118,3.2526911934581184
2015-05-09 06:00:00,19.3,94,0.0,2.8,140,-1.7998053071223101,2.1449244407331385
2015-05-09 07:00:00,23.4,88,0.0,4.1,135,-2.8991378028648445,2.899137802864845
2015-05-09 08:00:00,26.9,68,0.0,3.1,159,-1.1109406435904308,2.8940993221413254
2015-05-09 09:00:00,28.5,60,0.0,2.6,214,1.4539015490239418,2.1554976886431088
2015-05-09 10:00:00,29.5,57,0.0,4.8,243,4.276831316104166,2.1791543987498243
2015-05-09 11:00:00,30.1,58,0.0,6.2,249,5.788198644282651,2.2218812871808615
2015-05-09 12:00:00,30.6,58,0.0,8.5,258,8.314254606237348,1.7672493719509543
2015-05-09 13:00:00,30.7,60,0.0,10.1,266,10.075396907624224,0.7045403848156655
2015-05-09 14:00:00,30.5,63,0.0,12.2,272,12.192568089632967,-0.4257738597705118
2015-05-09 15:00:00,29.6,67,0.0,12.6,275,12.552053195955994,-1.098162358620493
2015-05-09 16:00:00,29.3,68,0.0,12.6,297,11.226682204773436,-5.720280296718289
2015-05-09 17:00:00,27.8,75,0.0,14.2,324,8.346550582553117,-11.488041320124253
2015-05-09 18:00:00,26.0,83,0.2,10.8,4,-0.7533699164365563,-10.773691742806102
2015-05-09 19:00:00,25.3,85,0.0,8.1,45,-5.727564927611036,-5.727564927611034
2015-05-09 20:00:00,25.0,89,0.0,3.9,68,-3.616017032810471,-1.460965714322057
2015-05-09 21:00:00,25.2,83,0.0,3.1,21,-1.1109406435904323,-2.894099322141325
2015-05-09 22:00:00,25.1,84,0.0,6.5,6,-0.6794350112397468,-6.464392319893777
2015-05-09 23:00:00,24.5,86,0.0,8.9,14,-2.1531048708370433,-8.635631963856369
2015-05-10 00:00:00,23.5,90,0.0,8.8,12,-1.8296228791962863,-8.60769888645749
2015-05-10 01:00:00,23.2,92,0.0,9.3,13,-2.092044805397947,-9.061641602502688
2015-05-10 02:00:00,23.8,90,0.0,8.6,15,-2.2258437878816775,-8.306962106085987
2015-05-10 03:00:00,23.2,89,0.0,8.7,5,-0.7582549619046267,-8.666893873398186
2015-05-10 04:00:00,22.8,90,0.0,9.8,6,-1.024378940023003,-9.74631457460908
2015-05-10 05:00:00,22.7,90,0.0,9.9,10,-1.7191169589026103,-9.74959675482086
2015-05-10 06:00:00,23.2,89,0.0,8.9,14,-2.1531048708370433,-8.635631963856369
2015-05-10 07:00:00,24.2,93,0.0,8.4,7,-1.0237024846032363,-8.337387673787106
2015-05-10 08:00:00,26.5,81,0.0,11.2,356,0.7812725059342026,-11.17271736291003
2015-05-10 09:00:00,27.8,75,0.0,15.3,352,2.129348444689002,-15.151101451746028
2015-05-10 10:00:00,28.7,71,0.0,17.1,353,2.083965772228022,-16.972539193066606
2015-05-10 11:00:00,29.2,69,0.0,17.1,353,2.083965772228022,-16.972539193066606
2015-05-10 12:00:00,29.5,68,0.0,16.3,354,1.7038139512627515,-16.210706894502856
2015-05-10 13:00:00,29.5,68,0.0,14.4,357,0.7536377698983932,-14.380265300465863
2015-05-10 14:00:00,29.2,68,0.1,14.8,1,-0.2582956152717958,-14.79774588831459
2015-05-10 15:00:00,28.3,70,0.0,13.0,14,-3.144984642795681,-12.613844441587954
2015-05-10 16:00:00,28.4,69,0.0,12.8,11,-2.442355140819771,-12.5648279481301
2015-05-10 17:00:00,28.2,70,0.0,11.9,3,-0.6227978792910372,-11.88369146357943
2015-05-10 18:00:00,27.2,75,0.0,14.9,353,1.8158532167366976,-14.788937659455698
2015-05-10 19:00:00,25.9,82,0.0,14.8,360,9.062386313690414e-16,-14.8
2015-05-10 20:00:00,25.1,87,0.0,15.1,359,0.26353133720298233,-15.097700196861508
2015-05-10 21:00:00,24.5,90,0.0,17.7,355,1.542656646633549,-17.632646156223895
2015-05-10 22:00:00,24.0,93,0.0,17.7,5,-1.542656646633551,-17.632646156223895
2015-05-10 23:00:00,23.7,95,0.0,14.5,6,-1.5156627173809738,-14.420567482839964
2015-05-11 00:00:00,23.7,95,0.0,13.3,3,-0.6960682180311593,-13.281772812235833
2015-05-11 01:00:00,23.7,95,0.0,12.6,3,-0.6594330486610982,-12.58273213790763
2015-05-11 02:00:00,23.5,96,0.0,14.0,359,0.24433369012197037,-13.997867732189478
2015-05-11 03:00:00,23.3,95,0.0,13.3,3,-0.6960682180311593,-13.281772812235833
2015-05-11 04:00:00,23.4,95,0.0,10.8,4,-0.7533699164365563,-10.773691742806102
2015-05-11 05:00:00,23.5,95,0.0,8.7,5,-0.7582549619046267,-8.666893873398186
2015-05-11 06:00:00,23.4,95,0.0,11.5,358,0.4013442120787624,-11.492994510719601
2015-05-11 07:00:00,24.2,93,0.0,14.0,348,2.9107636714486325,-13.694066410273278
2015-05-11 08:00:00,24.9,89,0.0,15.5,360,9.491012693391988e-16,-15.5
2015-05-11 09:00:00,25.5,86,0.0,14.8,13,-3.3292756042892058,-14.420676958821481
2015-05-11 10:00:00,26.4,81,0.0,14.4,4,-1.0044932219154084,-14.36492232374147
2015-05-11 11:00:00,27.0,79,0.0,13.8,351,2.158795617555187,-13.630099100212902
2015-05-11 12:00:00,27.0,78,0.0,12.3,355,1.0720156357961952,-12.253194786528471
2015-05-11 13:00:00,27.2,76,0.0,10.2,350,1.77121141220269,-10.045039080724521
2015-05-11 14:00:00,26.7,77,0.0,7.2,360,4.4087284769304716e-16,-7.2
2015-05-11 15:00:00,26.6,73,0.0,5.8,4,-0.40458754771592836,-5.78587149150698
2015-05-11 16:00:00,26.8,70,0.0,5.8,360,3.5514757175273243e-16,-5.8
2015-05-11 17:00:00,26.8,70,0.0,3.6,354,0.3763024677635525,-3.580278823325784
2015-05-11 18:00:00,26.6,71,0.0,2.6,124,-2.1554976886431083,1.453901549023942
2015-05-11 19:00:00,25.4,77,0.0,7.3,147,-3.9758649556096977,6.122295146001594
2015-05-11 20:00:00,24.4,80,0.0,8.2,151,-3.975438886019963,7.171881598543045
2015-05-11 21:00:00,23.5,83,0.0,7.3,160,-2.4967470462773815,6.859756131737131
2015-05-11 22:00:00,22.6,86,0.0,7.9,164,-2.1775351109542926,7.59396739791272
2015-05-11 23:00:00,22.4,84,0.0,6.5,183,0.3401837155791358,6.49109197590473
2015-05-12 00:00:00,22.1,83,0.0,7.4,203,2.8914103508206255,6.811735915548059
2015-05-12 01:00:00,21.9,84,0.0,9.4,212,4.981241083792126,7.9716521038704045
2015-05-12 02:00:00,22.3,82,0.2,10.0,218,6.156614753256583,7.88010753606722
2015-05-12 03:00:00,23.0,76,0.0,9.0,185,0.7844016847289232,8.96575228282571
2015-05-12 04:00:00,23.1,75,0.2,10.5,188,1.4613175600806874,10.397814721786489
2015-05-12 05:00:00,24.2,67,0.4,8.6,202,3.2216167033768426,7.973781149274371
2015-05-12 06:00:00,23.9,69,0.5,3.1,159,-1.1109406435904308,2.8940993221413254
2015-05-12 07:00:00,23.7,77,0.6,1.3,214,0.7269507745119709,1.0777488443215544
2015-05-12 08:00:00,24.2,75,1.1,2.2,189,0.34415582308850806,2.1729143493093033
2015-05-12 09:00:00,24.6,75,0.8,1.8,169,-0.34345619167778063,1.7669289302057951
2015-05-12 10:00:00,25.9,70,0.4,1.5,45,-1.0606601717798214,-1.0606601717798212
2015-05-12 11:00:00,26.5,68,0.1,5.9,38,-3.632402704421383,-4.649263446279661
2015-05-12 12:00:00,27.3,67,0.0,8.4,20,-2.872969203935616,-7.8934180146016315
2015-05-12 13:00:00,28.2,67,0.0,10.8,360,6.613092715395707e-16,-10.8
2015-05-12 14:00:00,28.5,67,0.0,15.6,352,2.171100374977021,-15.448181872368497
2015-05-12 15:00:00,27.4,72,0.0,18.0,357,0.9420472123729914,-17.975331625582328
2015-05-12 16:00:00,26.6,74,0.0,17.0,6,-1.776983875550107,-16.90687222126065
2015-05-12 17:00:00,26.0,75,0.0,12.7,15,-3.2870018728020116,-12.267257993871167
2015-05-12 18:00:00,25.4,77,0.0,9.8,24,-3.986019102142841,-8.95274548489749
2015-05-12 19:00:00,24.7,84,0.0,8.2,23,-3.203995253612045,-7.548139798310009
2015-05-12 20:00:00,23.9,85,0.0,8.9,40,-5.720809726210201,-6.817795543758904
2015-05-12 21:00:00,23.4,87,0.0,6.4,63,-5.702441754805555,-2.905539198333099
2015-05-12 22:00:00,22.6,90,0.0,4.5,61,-3.9357886821272814,-2.181643291108516
2015-05-12 23:00:00,22.0,92,0.0,4.3,48,-3.195522749552795,-2.8772616073430903
2015-05-13 00:00:00,21.8,92,0.0,4.4,55,-3.604268994871564,-2.5237363199446032
2015-05-13 01:00:00,21.6,92,0.0,4.3,66,-3.9282454678631837,-1.7489675652259409
2015-05-13 02:00:00,21.4,92,0.0,5.4,86,-5.386845871403051,-0.3766849582182765
2015-05-13 03:00:00,22.1,87,0.0,4.4,99,-4.345828698618606,0.6883116461770163
2015-05-13 04:00:00,21.2,91,0.0,3.0,104,-2.9108871788279895,0.7257656867990032
2015-05-13 05:00:00,20.7,93,0.0,2.9,120,-2.511473670974872,1.4499999999999997
2015-05-13 06:00:00,20.6,93,0.0,2.1,149,-1.081579957311114,1.800051331474436
2015-05-13 07:00:00,23.6,85,0.0,2.5,188,0.34793275240016364,2.475670171853926
2015-05-13 08:00:00,25.8,78,0.0,4.1,225,2.899137802864845,2.8991378028648445
2015-05-13 09:00:00,27.1,74,0.0,7.0,235,5.7340643100229425,4.015035054457322
2015-05-13 10:00:00,28.1,70,0.0,9.2,231,7.149742845404131,5.789747597658503
2015-05-13 11:00:00,28.8,68,0.0,10.4,250,9.772803256173448,3.557009490586955
2015-05-13 12:00:00,29.1,68,0.0,11.4,257,11.107818738551682,2.5644420195200612
2015-05-13 13:00:00,28.8,69,0.2,11.1,257,10.81550771911611,2.4969567032169016
2015-05-13 14:00:00,28.4,73,0.6,9.1,252,8.654614298285896,2.8120546488120213
2015-05-13 15:00:00,27.7,75,0.3,8.0,265,7.969557584733964,0.6972459419812653
2015-05-13 16:00:00,27.5,76,0.3,4.5,241,3.935788682127281,2.1816432911085166
2015-05-13 17:00:00,26.7,78,0.3,3.9,202,1.4609657143220567,3.616017032810471
2015-05-13 18:00:00,26.4,78,0.0,3.7,209,1.7937955949114475,3.2360929164157644
2015-05-13 19:00:00,25.7,83,0.0,4.5,151,-2.1816432911085166,3.9357886821272814
2015-05-13 20:00:00,24.9,88,0.0,6.5,146,-3.6347538725598536,5.388744221607771
2015-05-13 21:00:00,25.2,84,0.0,8.2,139,-5.379684037722158,6.1886185578267305
2015-05-13 22:00:00,25.1,85,0.0,7.8,146,-4.361704647071824,6.466493065929326
2015-05-13 23:00:00,24.2,88,0.0,6.4,164,-1.764079077228794,6.1520748540052415
2015-05-14 00:00:00,22.1,94,0.0,5.6,153,-2.542346798541461,4.98963653545486
2015-05-14 01:00:00,21.3,96,0.0,5.5,148,-2.914555953282626,4.664264528860343
2015-05-14 02:00:00,20.6,97,0.0,5.4,143,-3.2498011250210617,4.312631754255381
2015-05-14 03:00:00,19.9,98,0.0,4.2,149,-2.163159914622228,3.600102662948872
2015-05-14 04:00:00,19.6,98,0.0,3.9,158,-1.4609657143220571,3.616017032810471
2015-05-14 05:00:00,19.5,98,0.0,4.7,148,-2.4906205418960625,3.9858260519352027
2015-05-14 06:00:00,19.7,97,0.0,5.9,128,-4.64926344627966,3.6324027044213847
2015-05-14 07:00:00,23.2,90,0.0,6.6,135,-4.666904755831213,4.666904755831213
2015-05-14 08:00:00,26.7,71,0.0,7.4,157,-2.891410350820626,6.811735915548058
2015-05-14 09:00:00,28.4,63,0.0,9.9,190,1.7191169589026112,9.74959675482086
2015-05-14 10:00:00,29.6,58,0.0,12.7,209,6.157082177128481,11.107670280670325
2015-05-14 11:00:00,30.5,56,0.0,15.0,226,10.790097005079767,10.419875556884959
2015-05-14 12:00:00,31.0,56,0.0,16.9,236,14.010734976180203,9.450360068655622
2015-05-14 13:00:00,31.3,57,0.0,17.2,237,14.425133768661293,9.367791402258465
2015-05-14 14:00:00,31.1,60,0.0,16.9,232,13.3173817359536,10.404678933003625
2015-05-14 15:00:00,30.6,61,0.0,16.8,228,12.484833068020224,11.241394186828819
2015-05-14 16:00:00,30.3,62,0.0,16.0,226,11.509436805418419,11.114533927343956
2015-05-14 17:00:00,29.6,66,0.0,14.0,228,10.40402755668352,9.367828489024015
2015-05-14 18:00:00,28.6,71,0.0,10.9,236,9.036509540849954,6.095202647831141
2015-05-14 19:00:00,27.2,83,0.0,8.1,201,2.902780391316933,7.5620014546273335
2015-05-14 20:00:00,27.2,77,0.0,7.3,171,-1.1419715947936848,7.210124886344506
2015-05-14 21:00:00,26.6,79,0.0,5.8,187,0.7068421917498554,5.756767679519667
2015-05-14 22:00:00,26.0,81,0.0,6.5,199,2.116193003971519,6.145870741395559
2015-05-14 23:00:00,25.6,82,0.0,6.5,186,0.6794350112397475,6.4643923198937765
2015-05-15 00:00:00,25.1,83,0.0,8.1,159,-2.902780391316932,7.5620014546273335
2015-05-15 01:00:00,24.6,84,0.0,7.9,164,-2.1775351109542926,7.59396739791272
2015-05-15 02:00:00,24.2,84,0.0,8.3,178,-0.28966582263075796,8.294943864258496
2015-05-15 03:00:00,23.0,83,0.0,8.7,175,-0.7582549619046266,8.666893873398186
2015-05-15 04:00:00,22.3,84,0.0,8.4,173,-1.0237024846032379,8.337387673787106
2015-05-15 05:00:00,22.6,81,0.0,9.4,184,0.6557108531947772,9.377102072442348
2015-05-15 06:00:00,23.1,78,0.0,8.3,185,0.7233926648055626,8.268415994161488
2015-05-15 07:00:00,24.5,85,0.0,9.5,189,1.4861274178821937,9.38303923565381
2015-05-15 08:00:00,27.5,66,0.0,12.0,196,3.30764826980399,11.535140351259827
2015-05-15 09:00:00,28.8,61,0.0,14.7,208,6.901231972952595,12.979329615026224
2015-05-15 10:00:00,29.8,58,0.0,17.7,213,9.640110919765979,14.844469052634006
2015-05-15 11:00:00,30.8,56,0.0,19.1,216,11.226698318786237,15.452224592561498
2015-05-15 12:00:00,31.3,56,0.0,20.3,217,12.216844969986582,16.212300853960045
2015-05-15 13:00:00,31.5,57,0.0,21.8,218,13.421420162099352,17.17863442862654
2015-05-15 14:00:00,31.1,60,0.0,22.2,216,13.048832600892903,17.960177275123833
2015-05-15 15:00:00,30.5,63,0.0,21.3,214,11.910808843926906,17.65850029542239
2015-05-15 16:00:00,30.0,65,0.0,20.3,210,10.150000000000002,17.580315696824105
2015-05-15 17:00:00,29.4,68,0.0,17.9,205,7.564866885158519,16.222909387956033
2015-05-15 18:00:00,28.5,72,0.0,13.7,203,5.353016460303049,12.610916492298433
2015-05-15 19:00:00,27.1,78,0.0,10.6,190,1.8406706832694624,10.438962181929405
2015-05-15 20:00:00,25.4,85,0.0,9.7,178,-0.3385251180142592,9.694091022085228
2015-05-15 21:00:00,24.4,86,0.0,8.3,185,0.7233926648055626,8.268415994161488
2015-05-15 22:00:00,24.6,83,0.0,6.5,186,0.6794350112397475,6.4643923198937765
2015-05-15 23:00:00,22.7,88,0.0,8.0,162,-2.4721359549995787,7.608452130361229
2015-05-16 00:00:00,21.3,90,0.0,8.7,150,-4.349999999999998,7.534421012924616
2015-05-16 01:00:00,20.4,91,0.0,8.1,148,-4.292346040288959,6.869189578867051
2015-05-16 02:00:00,19.8,91,0.0,7.4,151,-3.587591189822894,6.47218583283153
2015-05-16 03:00:00,19.3,90,0.0,7.1,156,-2.8878301658381815,6.486172749262466
2015-05-16 04:00:00,18.9,89,0.0,7.3,160,-2.4967470462773815,6.859756131737131
2015-05-16 05:00:00,18.5,88,0.0,6.8,155,-2.8738041798367555,6.16289295184922
2015-05-16 06:00:00,18.9,86,0.0,6.0,155,-2.535709570444196,5.4378467222199
2015-05-16 07:00:00,23.9,74,0.0,6.3,167,-1.4171916423663498,6.1385314081469815
2015-05-16 08:00:00,28.1,48,0.0,7.8,193,1.7546182238821464,7.6000865053248345
2015-05-16 09:00:00,29.5,45,0.0,9.8,208,4.600821315301731,8.652886410017484
2015-05-16 10:00:00,30.4,47,0.0,10.7,222,7.159697488039782,7.951649632608118
2015-05-16 11:00:00,31.1,50,0.0,11.7,236,9.699739598893986,6.542556970607738
2015-05-16 12:00:00,31.4,52,0.0,12.4,240,10.73871500692704,6.199999999999999
2015-05-16 13:00:00,31.6,54,0.0,13.7,243,12.20678938138064,6.21966984643179
2015-05-16 14:00:00,31.3,56,0.0,14.3,245,12.960201354624095,6.043441142892003
2015-05-16 15:00:00,30.8,60,0.0,14.5,243,12.919594600731335,6.582862246223428
2015-05-16 16:00:00,30.3,62,0.0,13.8,242,12.184676781453193,6.478707566445293
2015-05-16 17:00:00,29.4,66,0.0,13.0,242,11.47831870716605,6.10313031621658
2015-05-16 18:00:00,28.1,73,0.0,12.8,248,11.86795333845488,4.794964395723674
2015-05-16 19:00:00,26.8,81,0.0,8.5,242,7.505054539300879,3.990508283680072
2015-05-16 20:00:00,25.7,87,0.0,6.6,202,2.4724035165450187,6.1194134401407965
2015-05-16 21:00:00,25.4,87,0.0,5.6,165,-1.4493866525741166,5.4091846272187825
2015-05-16 22:00:00,24.6,89,0.0,6.6,151,-3.199743493625824,5.772490067120012
2015-05-16 23:00:00,24.6,88,0.0,7.4,157,-2.891410350820626,6.811735915548058
2015-05-17 00:00:00,24.7,88,0.0,6.5,183,0.3401837155791358,6.49109197590473
2015-05-17 01:00:00,24.0,90,0.0,6.9,189,1.0793978087775935,6.815049550106451
2015-05-17 02:00:00,21.7,95,0.0,6.1,183,0.3192493330819582,6.0916401620029
2015-05-17 03:00:00,23.1,88,0.0,5.9,169,-1.1257730727216144,5.791600382341218
2015-05-17 04:00:00,22.2,88,0.0,6.7,164,-1.8467702839738938,6.440453362786736
2015-05-17 05:00:00,21.4,88,0.0,7.1,165,-1.837615220227898,6.858073366652385
2015-05-17 06:00:00,21.7,85,0.0,4.9,163,-1.4326213531414098,4.685893304218874
2015-05-17 07:00:00,23.9,88,0.0,4.3,175,-0.3747696938149304,4.283637201794505
2015-05-17 08:00:00,27.2,71,0.0,4.4,215,2.5237363199446032,3.604268994871564
2015-05-17 09:00:00,28.3,66,0.0,5.9,232,4.64926344627966,3.6324027044213842
2015-05-17 10:00:00,29.3,62,0.0,7.6,239,6.5144714853360535,3.9142893693164114
2015-05-17 11:00:00,30.2,58,0.0,9.5,233,7.587037345449282,5.717242719944458
2015-05-17 12:00:00,30.9,55,0.0,12.0,231,9.32575153748365,7.551844692598049
2015-05-17 13:00:00,31.2,54,0.0,14.2,240,12.29756073373903,7.099999999999999
2015-05-17 14:00:00,31.0,55,0.0,15.6,251,14.750089779349343,5.078863209531645
2015-05-17 15:00:00,30.4,59,0.0,16.7,256,16.20393862880914,4.040095656514451
2015-05-17 16:00:00,29.2,64,0.0,14.7,253,14.05767991265662,4.2978640594242306
2015-05-17 17:00:00,28.4,68,0.0,12.0,249,11.202965117966421,4.300415394543603
2015-05-17 18:00:00,27.6,71,0.0,10.5,243,9.355568503977864,4.766900247265241
2015-05-17 19:00:00,26.4,80,0.0,7.7,217,4.633975678270772,6.149493427364155
2015-05-17 20:00:00,25.0,86,0.0,8.6,195,2.2258437878816784,8.306962106085987
2015-05-17 21:00:00,24.2,87,0.0,8.3,178,-0.28966582263075796,8.294943864258496
2015-05-17 22:00:00,23.8,87,0.0,8.7,156,-3.538608794759462,7.947845481490627
2015-05-17 23:00:00,23.7,86,0.0,8.6,147,-4.683895701129233,7.212566884330646
2015-05-18 00:00:00,21.8,92,0.0,6.3,156,-2.5624408513775414,5.755336383148386
2015-05-18 01:00:00,20.0,96,0.0,4.5,166,-1.088648530198505,4.366330768241984
2015-05-18 02:00:00,19.2,95,0.0,4.0,153,-1.8159619989581868,3.5640260967534716
2015-05-18 03:00:00,18.9,94,0.0,3.9,146,-2.180852323535912,3.233246532964663
2015-05-18 04:00:00,18.2,94,0.0,4.7,148,-2.4906205418960625,3.9858260519352027
2015-05-18 05:00:00,17.9,92,0.0,6.1,140,-3.92100441908789,4.6728711030257655
2015-05-18 06:00:00,18.3,90,0.0,8.5,126,-6.876644452187052,4.996174644486023
2015-05-18 07:00:00,23.5,73,0.0,9.4,140,-6.04220353105347,7.200817765318393
2015-05-18 08:00:00,27.8,50,0.0,10.5,164,-2.89419223607849,10.093247807352348
2015-05-18 09:00:00,29.3,44,0.0,14.4,193,3.239295182551655,14.030928932907388
2015-05-18 10:00:00,30.4,45,0.0,17.2,206,7.539983724772132,15.459257596345672
2015-05-18 11:00:00,31.1,48,0.0,19.1,216,11.226698318786237,15.452224592561498
2015-05-18 12:00:00,31.5,50,0.0,20.7,220,13.305703520511365,15.857119972562844
2015-05-18 13:00:00,31.6,51,0.0,20.7,220,13.305703520511365,15.857119972562844
2015-05-18 14:00:00,31.5,52,0.0,21.4,221,14.039663220396855,16.15078501676732
2015-05-18 15:00:00,30.9,57,0.0,21.7,220,13.948491130197903,16.62316441568182
2015-05-18 16:00:00,30.1,61,0.0,21.8,218,13.421420162099352,17.17863442862654
2015-05-18 17:00:00,29.3,65,0.0,19.9,215,11.414171083385817,16.301125681350936
2015-05-18 18:00:00,28.2,71,0.0,16.0,216,9.40456403667957,12.94427190999916
2015-05-18 19:00:00,27.2,76,0.0,12.3,195,3.183474254761005,11.88088766335554
2015-05-18 20:00:00,26.2,81,0.0,10.8,182,0.3769145643870117,10.793420931806235
2015-05-18 21:00:00,25.0,85,0.0,9.4,176,-0.6557108531947782,9.377102072442348
2015-05-18 22:00:00,23.8,89,0.0,10.2,170,-1.771211412202689,10.045039080724521
2015-05-18 23:00:00,22.7,90,0.0,10.4,160,-3.557009490586955,9.772803256173448
2015-05-19 00:00:00,21.7,91,0.0,9.7,158,-3.633683956134347,8.993683389297837
2015-05-19 01:00:00,20.9,91,0.0,8.7,163,-2.5436338310878086,8.31985137687841
2015-05-19 02:00:00,20.4,90,0.0,7.5,163,-2.192787785420525,7.172285669722767
2015-05-19 03:00:00,20.5,85,0.0,8.7,156,-3.538608794759462,7.947845481490627
2015-05-19 04:00:00,20.4,81,0.0,10.3,151,-4.993539088537272,9.008582983535778
2015-05-19 05:00:00,20.2,78,0.0,10.0,154,-4.383711467890775,8.98794046299167
2015-05-19 06:00:00,20.6,78,0.0,9.7,158,-3.633683956134347,8.993683389297837
2015-05-19 07:00:00,25.4,61,0.0,11.5,160,-3.93323164824519,10.806465139037947
2015-05-19 08:00:00,28.8,42,0.0,12.4,163,-3.6254091385619347,11.85817897394164
2015-05-19 09:00:00,30.1,42,0.0,13.0,183,0.6803674311582716,12.98218395180946
2015-05-19 10:00:00,30.9,45,0.0,14.8,203,5.782820701641251,13.623471831096118
2015-05-19 11:00:00,31.1,48,0.0,16.6,214,9.282602197614398,13.762023704413695
2015-05-19 12:00:00,31.2,51,0.1,18.0,217,10.832670416736871,14.37543918085127
2015-05-19 13:00:00,30.9,53,0.0,19.3,213,10.511533375790023,16.186341961346685
2015-05-19 14:00:00,30.7,55,0.1,19.0,207,8.62581949505139,16.929123959578988
2015-05-19 15:00:00,30.3,58,0.0,20.5,219,12.901068016521668,15.931492209867903
2015-05-19 16:00:00,29.7,60,0.0,20.5,214,11.46345452115031,16.995270237378357
2015-05-19 17:00:00,28.8,66,0.0,17.0,201,6.092255142270107,15.870867250452429
2015-05-19 18:00:00,28.0,70,0.0,14.2,196,3.914050452601388,13.649916082324127
2015-05-19 19:00:00,27.1,73,0.0,13.0,183,0.6803674311582716,12.98218395180946
2015-05-19 20:00:00,26.4,75,0.0,11.9,166,-2.8788705576360467,11.546519142684359
2015-05-19 21:00:00,25.6,76,0.0,10.6,162,-3.2755801403744416,10.081199072728628
2015-05-19 22:00:00,24.7,79,0.0,10.1,163,-2.95295421769964,9.658678035226659
2015-05-19 23:00:00,23.9,80,0.0,12.3,159,-4.4079257794071935,11.483039245915583
2015-05-20 00:00:00,23.5,80,0.0,12.6,160,-4.309453805903425,11.840127021902445
2015-05-20 01:00:00,23.0,79,0.0,10.9,163,-3.1868515814778298,10.423721839997087
2015-05-20 02:00:00,22.8,77,0.0,10.0,165,-2.5881904510252083,9.659258262890683
2015-05-20 03:00:00,22.7,78,0.0,9.5,171,-1.4861274178821928,9.38303923565381
2015-05-20 04:00:00,22.7,76,0.0,10.2,172,-1.4195656297926664,10.100734301164017
2015-05-20 05:00:00,22.7,76,0.0,9.1,173,-1.109011024986841,9.03216997993603
2015-05-20 06:00:00,23.7,71,0.2,7.7,169,-1.469229264399395,7.558529312547013
2015-05-20 07:00:00,25.7,65,0.3,8.7,175,-0.7582549619046266,8.666893873398186
2015-05-20 08:00:00,26.3,62,0.6,12.2,180,7.470345474798854e-16,12.2
2015-05-20 09:00:00,25.9,70,1.5,11.2,176,-0.7812725059342036,11.17271736291003
2015-05-20 10:00:00,25.7,74,2.1,11.4,167,-2.5644420195200612,11.107818738551682
2015-05-20 11:00:00,25.8,78,1.7000000000000002,11.8,157,-4.610627316173431,10.861957270738795
2015-05-20 12:00:00,25.9,81,3.0,12.4,154,-5.435802220184561,11.14504617410967
2015-05-20 13:00:00,26.4,80,1.8,12.6,160,-4.309453805903425,11.840127021902445
2015-05-20 14:00:00,26.7,79,2.9,12.2,161,-3.971931484377311,11.535326622311665
2015-05-20 15:00:00,27.6,68,0.8,10.0,167,-2.2495105434386504,9.743700647852352
2015-05-20 16:00:00,27.2,69,2.3,7.3,147,-3.9758649556096977,6.122295146001594
2015-05-20 17:00:00,26.6,71,3.0,5.7,125,-4.669166652447254,3.269385687200962
2015-05-20 18:00:00,25.8,77,2.3,5.1,82,-5.050367150582008,-0.7097828148963341
2015-05-20 19:00:00,25.1,79,1.4,5.8,97,-5.756767679519667,0.7068421917498557
2015-05-20 20:00:00,24.4,81,1.2,5.0,111,-4.667902132486009,1.7918397477265011
2015-05-20 21:00:00,24.1,83,1.2,6.3,114,-5.755336383148385,2.5624408513775427
2015-05-20 22:00:00,24.4,80,1.3,5.5,101,-5.3989495089621515,1.0494494745709972
2015-05-20 23:00:00,24.5,78,1.6,6.2,54,-5.015905365124675,-3.644268564213333
2015-05-21 00:00:00,23.1,89,1.0,7.9,30,-3.9500000000000037,-6.841600689897064
2015-05-21 01:00:00,22.9,91,1.4,9.4,47,-6.874724795220204,-6.410784584587485
2015-05-21 02:00:00,23.0,92,1.4,8.5,62,-7.505054539300878,-3.9905082836800725
2015-05-21 03:00:00,23.2,84,0.2,9.3,54,-7.523858047687013,-5.466402846319999
2015-05-21 04:00:00,23.6,81,0.4,9.2,48,-6.836932394392027,-6.156001578501495
2015-05-21 05:00:00,22.5,89,1.0,9.7,45,-6.858935777509512,-6.85893577750951
2015-05-21 06:00:00,22.3,90,1.5,11.5,41,-7.544678833390834,-8.679160172561879
2015-05-21 07:00:00,22.9,90,1.7000000000000002,10.6,28,-4.976398565530442,-9.359244484304625
2015-05-21 08:00:00,23.5,85,1.7000000000000002,12.6,20,-4.3094538059034235,-11.840127021902445
2015-05-21 09:00:00,23.8,84,2.4,11.8,31,-6.077449283938643,-10.114574148284923
2015-05-21 10:00:00,24.0,85,2.9,10.5,52,-8.274112912870581,-6.464445490919411
2015-05-21 11:00:00,24.5,86,2.6,7.9,74,-7.59396739791272,-2.177535110954292
2015-05-21 12:00:00,25.0,85,2.0,6.1,93,-6.0916401620029,0.3192493330819572
2015-05-21 13:00:00,25.6,84,1.8,3.0,166,-0.7257656867990033,2.9108871788279895
2015-05-21 14:00:00,25.7,87,2.3,4.6,231,3.5748714227020657,2.8948737988292517
2015-05-21 15:00:00,25.7,83,0.9,4.5,299,3.935788682127281,-2.1816432911085166
2015-05-21 16:00:00,25.8,83,0.6,5.4,360,3.3065463576978537e-16,-5.4
2015-05-21 17:00:00,25.6,83,0.5,5.1,39,-3.2095339943541727,-3.96344440343055
2015-05-21 18:00:00,24.9,89,0.6,4.8,48,-3.5670951622914924,-3.2118269105225195
2015-05-21 19:00:00,24.4,90,0.6,6.3,77,-6.1385314081469815,-1.4171916423663493
2015-05-21 20:00:00,25.3,81,0.4,1.5,76,-1.4554435894139948,-0.3628828433995013
2015-05-21 21:00:00,25.3,81,0.2,1.0,225,0.7071067811865476,0.7071067811865475
2015-05-21 22:00:00,24.6,84,0.0,2.8,220,1.7998053071223101,2.1449244407331385
2015-05-21 23:00:00,24.3,84,0.0,4.1,225,2.899137802864845,2.8991378028648445
2015-05-22 00:00:00,23.0,90,0.0,3.8,229,2.8678964048465336,2.4930243101639276
2015-05-22 01:00:00,22.2,92,0.0,2.6,236,2.1554976886431083,1.453901549023942
2015-05-22 02:00:00,21.9,93,0.0,0.7000000000000001,270,0.7000000000000001,0.0
2015-05-22 03:00:00,22.9,90,0.0,2.7,23,-1.0549740469210394,-2.4853631043215887
2015-05-22 04:00:00,22.5,93,0.0,5.1,39,-3.2095339943541727,-3.96344440343055
2015-05-22 05:00:00,22.4,93,0.0,6.5,56,-5.388744221607772,-3.6347538725598536
2015-05-22 06:00:00,22.4,93,0.0,9.7,48,-7.208504807130724,-6.490566881680924
2015-05-22 07:00:00,24.9,87,0.0,7.5,55,-6.143640332167439,-4.301823272632846
2015-05-22 08:00:00,26.1,81,0.0,5.1,51,-3.9634444034305507,-3.2095339943541714
2015-05-22 09:00:00,27.5,72,0.0,4.7,32,-2.490620541896064,-3.9858260519352022
2015-05-22 10:00:00,27.9,71,0.0,6.6,351,1.032467469265524,-6.518743047927909
2015-05-22 11:00:00,28.5,70,0.0,9.4,2,-0.3280552690035072,-9.394273773979501
2015-05-22 12:00:00,28.3,73,0.4,10.1,360,6.184466335694133e-16,-10.1
2015-05-22 13:00:00,27.9,76,0.9,9.0,355,0.7844016847289232,-8.96575228282571
2015-05-22 14:00:00,27.5,78,0.9,7.5,17,-2.192787785420528,-7.172285669722765
2015-05-22 15:00:00,25.7,87,1.8,5.2,56,-4.3109953772862175,-2.907803098047883
2015-05-22 16:00:00,25.4,90,1.7000000000000002,2.7,67,-2.485363104321589,-1.0549740469210387
2015-05-22 17:00:00,25.2,92,0.7000000000000001,2.2,81,-2.1729143493093033,-0.3441558230885076
2015-05-22 18:00:00,24.9,92,0.3,3.2,27,-1.4527695991665501,-2.851220877402777
2015-05-22 19:00:00,24.5,93,0.1,4.1,45,-2.8991378028648453,-2.8991378028648445
2015-05-22 20:00:00,24.4,92,0.1,3.1,54,-2.5079526825623377,-1.8221342821066664
2015-05-22 21:00:00,24.3,92,0.1,1.8,360,1.1021821192326179e-16,-1.8
2015-05-22 22:00:00,24.1,93,0.1,5.2,348,1.0811407922523493,-5.086367523815789
2015-05-22 23:00:00,24.0,94,0.2,4.8,333,2.1791543987498248,-4.276831316104166
2015-05-23 00:00:00,23.9,94,0.2,3.6,315,2.5455844122715714,-2.545584412271571
2015-05-23 01:00:00,23.9,93,0.3,2.9,263,2.8783838397598336,0.35342109587492765
2015-05-23 02:00:00,23.7,94,0.1,4.0,280,3.939231012048832,-0.6945927106677213
2015-05-23 03:00:00,23.7,95,0.2,3.5,294,3.197409101749103,-1.4235782507653008
2015-05-23 04:00:00,23.8,94,0.2,2.0,315,1.4142135623730951,-1.414213562373095
2015-05-23 05:00:00,23.7,95,0.0,1.3,236,1.0777488443215542,0.726950774511971
2015-05-23 06:00:00,23.7,95,0.0,2.6,304,2.1554976886431083,-1.453901549023942
2015-05-23 07:00:00,24.9,92,0.0,2.4,297,2.138415658052083,-1.0895771993749122
2015-05-23 08:00:00,25.6,88,0.1,3.8,311,2.8678964048465336,-2.4930243101639276
2015-05-23 09:00:00,25.8,87,0.1,5.2,326,2.9078030980478835,-4.3109953772862175
2015-05-23 10:00:00,26.2,86,0.2,2.6,304,2.1554976886431083,-1.453901549023942
2015-05-23 11:00:00,26.9,84,0.5,6.0,253,5.737828535778212,1.7542302283364206
2015-05-23 12:00:00,26.0,90,4.4,10.1,243,8.999165894302516,4.585304047369422
2015-05-23 13:00:00,25.3,92,4.9,9.9,251,9.360633898433237,3.2231247291258516
2015-05-23 14:00:00,25.6,89,5.9,9.2,249,8.588939923774255,3.296985135816762
2015-05-23 15:00:00,25.0,91,6.2,6.6,221,4.329989591337347,4.981083229470295
2015-05-23 16:00:00,25.2,90,4.7,6.6,189,1.032467469265524,6.518743047927909
2015-05-23 17:00:00,24.9,89,3.3,9.0,178,-0.3140954703225086,8.994517443171862
2015-05-23 18:00:00,24.6,89,2.7,6.9,186,0.7212463965468089,6.862201078041086
2015-05-23 19:00:00,24.5,89,3.2,11.3,173,-1.3771235804781654,11.21577151354694
2015-05-23 20:00:00,24.3,89,4.4,15.5,175,-1.3509140125887027,15.441017820422056
2015-05-23 21:00:00,24.4,88,4.2,20.1,171,-3.1443327473086398,19.85253564596227
2015-05-23 22:00:00,24.0,89,1.7000000000000002,21.8,167,-4.903932984696258,21.24126741231813
2015-05-23 23:00:00,23.8,91,1.7000000000000002,20.1,170,-3.4903283711052993,19.79463583554538
2015-05-24 00:00:00,23.8,92,2.3,16.1,170,-2.795735660437578,15.855404823496551
2015-05-24 01:00:00,24.0,91,3.3,13.1,171,-2.0492914920270238,12.938717261796304
2015-05-24 02:00:00,24.1,90,4.5,10.0,167,-2.2495105434386504,9.743700647852352
2015-05-24 03:00:00,23.1,91,3.0,7.9,164,-2.1775351109542926,7.59396739791272
2015-05-24 04:00:00,23.0,91,1.9,8.6,178,-0.30013567164150823,8.594761112364223
2015-05-24 05:00:00,22.9,89,1.7000000000000002,10.1,184,0.7045403848156648,10.075396907624224
2015-05-24 06:00:00,22.8,90,2.3,8.3,198,2.564841053312064,7.893769085249775
2015-05-24 07:00:00,22.9,89,3.8,7.5,163,-2.192787785420525,7.172285669722767
2015-05-24 08:00:00,23.2,89,7.2,7.7,169,-1.469229264399395,7.558529312547013
2015-05-24 09:00:00,23.5,92,6.4,8.3,178,-0.28966582263075796,8.294943864258496
2015-05-24 10:00:00,24.5,90,6.1,8.6,182,0.3001356716415093,8.594761112364223
2015-05-24 11:00:00,24.9,91,3.3,8.4,187,1.023702484603239,8.337387673787106
2015-05-24 12:00:00,25.0,94,3.2,8.6,202,3.2216167033768426,7.973781149274371
2015-05-24 13:00:00,25.2,95,2.6,10.9,214,6.09520264783114,9.036509540849956
2015-05-24 14:00:00,25.1,96,2.3,13.8,213,7.516018683207374,11.573653837646852
2015-05-24 15:00:00,24.7,98,1.7000000000000002,17.9,208,8.403540973867445,15.80476191217479
2015-05-24 16:00:00,24.5,97,1.7000000000000002,21.4,209,10.374925873271614,18.716861732783066
2015-05-24 17:00:00,24.2,96,2.3,22.6,214,12.637759618438878,18.736249139743943
2015-05-24 18:00:00,24.0,96,3.1,14.4,212,7.630837404958151,12.211892584652533
2015-05-24 19:00:00,24.0,95,3.5,6.2,216,3.6442685642133337,5.0159053651246746
2015-05-24 20:00:00,24.0,94,3.0,2.8,220,1.7998053071223101,2.1449244407331385
2015-05-24 21:00:00,24.0,94,1.9,0.4,270,0.4,0.0
2015-05-24 22:00:00,23.9,93,1.4,0.7000000000000001,90,-0.7000000000000001,8.572527594031473e-17
2015-05-24 23:00:00,23.9,93,1.6,1.5,135,-1.0606601717798212,1.0606601717798214
2015-05-25 00:00:00,23.9,93,2.6,1.5,166,-0.36288284339950166,1.4554435894139948
2015-05-25 01:00:00,23.8,93,3.1,4.5,119,-3.935788682127281,2.181643291108517
2015-05-25 02:00:00,24.0,93,2.0,7.6,85,-7.571079705497266,-0.6623836448822004
2015-05-25 03:00:00,23.8,92,7.3,11.0,49,-8.301805382450492,-7.216649318895578
2015-05-25 04:00:00,23.7,93,16.5,14.8,14,-3.5804440548750835,-14.360376748884748
2015-05-25 05:00:00,23.6,94,19.0,16.3,8,-2.2685215456490733,-16.141369520487597
2015-05-25 06:00:00,23.4,96,14.6,14.8,3,-0.7745721523955758,-14.779717114367694
2015-05-25 07:00:00,23.7,95,7.6,10.2,10,-1.7712114122026892,-10.045039080724521
2015-05-25 08:00:00,24.5,92,2.1,8.0,5,-0.697245941981266,-7.969557584733964
2015-05-25 09:00:00,24.7,92,0.4,7.6,5,-0.6623836448822027,-7.571079705497266
2015-05-25 10:00:00,25.5,88,0.0,6.5,3,-0.340183715579138,-6.49109197590473
2015-05-25 11:00:00,26.8,82,0.0,4.5,346,1.0886485301985045,-4.366330768241984
2015-05-25 12:00:00,27.4,80,0.1,4.3,336,1.7489675652259409,-3.9282454678631837
2015-05-25 13:00:00,28.2,80,0.0,5.7,342,1.7613968679372005,-5.421022142882375
2015-05-25 14:00:00,27.5,80,0.3,8.1,339,2.902780391316933,-7.5620014546273335
2015-05-25 15:00:00,26.8,83,0.4,7.6,352,1.0577155672964975,-7.5260373224359345
2015-05-25 16:00:00,26.6,83,0.2,6.6,9,-1.0324674692655247,-6.5187430479279085
2015-05-25 17:00:00,26.3,85,0.2,6.1,28,-2.8637765329939335,-5.385980316439454
2015-05-25 18:00:00,25.8,87,0.2,6.4,38,-3.940233442084212,-5.043268823083022
2015-05-25 19:00:00,25.3,88,0.1,7.0,21,-2.508575646817105,-6.535062985480412
2015-05-25 20:00:00,24.7,92,0.2,7.2,6,-0.7526049355271042,-7.160557646651569
2015-05-25 21:00:00,24.3,93,0.0,7.4,23,-2.8914103508206264,-6.811735915548058
2015-05-25 22:00:00,24.1,94,0.0,6.4,47,-4.6806636903626915,-4.364789504399989
2015-05-25 23:00:00,23.9,93,0.0,3.9,22,-1.460965714322058,-3.6160170328104706
2015-05-26 00:00:00,23.5,94,0.0,4.0,27,-1.8159619989581877,-3.564026096753471
2015-05-26 01:00:00,23.3,94,0.0,3.6,360,2.2043642384652358e-16,-3.6
2015-05-26 02:00:00,23.2,95,0.0,2.3,342,0.7107390870623791,-2.1874299874788528
2015-05-26 03:00:00,24.5,90,0.0,1.5,14,-0.36288284339950166,-1.4554435894139948
2015-05-26 04:00:00,24.6,89,0.1,0.8,27,-0.36319239979163753,-0.7128052193506943
2015-05-26 05:00:00,24.5,88,0.4,0.0,270,0.0,0.0
2015-05-26 06:00:00,24.6,87,0.2,1.5,166,-0.36288284339950166,1.4554435894139948
2015-05-26 07:00:00,25.1,90,0.3,3.3,186,0.3449439287832564,3.2819222547153015
2015-05-26 08:00:00,25.8,86,0.5,3.7,241,3.2360929164157644,1.7937955949114472
2015-05-26 09:00:00,26.3,84,0.7000000000000001,3.7,281,3.632020578756357,-0.7059932828932158
2015-05-26 10:00:00,26.8,83,0.8,2.9,300,2.511473670974872,-1.4499999999999997
2015-05-26 11:00:00,27.5,80,0.7000000000000001,3.3,311,2.4905416147351476,-2.1649947956686737
2015-05-26 12:00:00,27.7,80,0.8,2.9,300,2.511473670974872,-1.4499999999999997
2015-05-26 13:00:00,26.5,87,6.9,1.3,236,1.0777488443215542,0.726950774511971
2015-05-26 14:00:00,26.7,87,4.1,3.1,216,1.8221342821066668,2.5079526825623373
2015-05-26 15:00:00,25.9,89,1.1,2.6,214,1.4539015490239418,2.1554976886431088
2015-05-26 16:00:00,25.7,91,0.9,3.0,194,0.725765686799003,2.9108871788279895
2015-05-26 17:00:00,25.6,92,0.9,3.3,186,0.3449439287832564,3.2819222547153015
2015-05-26 18:00:00,25.3,92,0.7000000000000001,3.0,194,0.725765686799003,2.9108871788279895
2015-05-26 19:00:00,24.8,92,1.2,4.7,157,-1.8364363038995868,4.326372811226469
2015-05-26 20:00:00,24.5,92,1.5,6.0,147,-3.2678342100901627,5.032023407672543
2015-05-26 21:00:00,24.2,92,1.1,4.3,132,-3.195522749552794,2.8772616073430908
2015-05-26 22:00:00,24.8,86,0.6,0.4,270,0.4,0.0
2015-05-26 23:00:00,25.0,84,0.3,3.4,238,2.883363526931848,1.8017254983928965
2015-05-27 00:00:00,24.6,86,0.3,7.4,223,5.046787864462489,5.412017391981862
2015-05-27 01:00:00,23.6,90,0.2,8.8,192,1.8296228791962834,8.60769888645749
2015-05-27 02:00:00,23.5,90,0.4,9.4,176,-0.6557108531947782,9.377102072442348
2015-05-27 03:00:00,24.1,85,0.1,9.4,178,-0.328055269003509,9.394273773979501
2015-05-27 04:00:00,23.4,87,0.0,9.5,169,-1.8126854560771757,9.325458242752807
2015-05-27 05:00:00,22.7,89,0.0,9.5,171,-1.4861274178821928,9.38303923565381
2015-05-27 06:00:00,22.9,90,0.2,7.3,171,-1.1419715947936848,7.210124886344506
2015-05-27 07:00:00,24.8,88,0.0,9.0,175,-0.7844016847289241,8.96575228282571
2015-05-27 08:00:00,26.6,76,0.2,8.1,159,-2.902780391316932,7.5620014546273335
2015-05-27 09:00:00,27.1,74,0.2,8.4,170,-1.4586446924022145,8.272385125302547
2015-05-27 10:00:00,27.9,73,0.6,8.7,173,-1.060263287624782,8.635151519279502
2015-05-27 11:00:00,28.4,72,0.8,8.3,178,-0.28966582263075796,8.294943864258496
2015-05-27 12:00:00,29.1,70,0.0,7.5,197,2.192787785420526,7.172285669722766
2015-05-27 13:00:00,29.4,69,0.1,7.0,192,1.4553818357243162,6.847033205136639
2015-05-27 14:00:00,28.2,75,2.9,6.5,180,3.9801020972288977e-16,6.5
2015-05-27 15:00:00,27.2,81,0.7000000000000001,8.6,178,-0.30013567164150823,8.594761112364223
2015-05-27 16:00:00,27.1,81,0.7000000000000001,9.5,169,-1.8126854560771757,9.325458242752807
2015-05-27 17:00:00,26.5,82,0.2,10.5,149,-5.40789978655557,9.00025665737218
2015-05-27 18:00:00,26.1,80,0.0,10.5,142,-6.464445490919412,8.274112912870581
2015-05-27 19:00:00,25.6,80,0.0,10.6,156,-4.3114084166034825,9.683581851011569
2015-05-27 20:00:00,25.1,81,0.0,11.0,148,-5.829111906565252,9.328529057720687
2015-05-27 21:00:00,24.6,83,0.0,9.5,151,-4.605691392340201,8.30888721782426
2015-05-27 22:00:00,24.2,84,0.0,9.7,153,-4.403707847473602,8.642763284627168
2015-05-27 23:00:00,23.9,83,0.0,9.2,159,-3.296985135816762,8.588939923774255
2015-05-28 00:00:00,23.7,81,0.0,9.6,167,-2.159530121701104,9.353952621938259
2015-05-28 01:00:00,23.4,80,0.0,9.5,169,-1.8126854560771757,9.325458242752807
2015-05-28 02:00:00,23.0,79,0.0,10.2,170,-1.771211412202689,10.045039080724521
2015-05-28 03:00:00,23.0,76,0.0,10.0,165,-2.5881904510252083,9.659258262890683
2015-05-28 04:00:00,22.9,75,0.0,9.4,157,-3.6728726077991736,8.652745622452938
2015-05-28 05:00:00,22.6,77,0.0,9.4,157,-3.6728726077991736,8.652745622452938
2015-05-28 06:00:00,22.7,81,0.0,8.4,160,-2.872969203935617,7.8934180146016315
2015-05-28 07:00:00,24.4,82,0.0,9.9,161,-3.2231247291258507,9.360633898433237
2015-05-28 08:00:00,27.2,70,0.0,9.5,171,-1.4861274178821928,9.38303923565381
2015-05-28 09:00:00,27.7,68,1.0,10.1,182,0.3524849166952609,10.093847352892867
2015-05-28 10:00:00,27.6,71,0.7000000000000001,11.7,169,-2.232465245905574,11.485038046337667
2015-05-28 11:00:00,27.9,72,0.4,12.7,172,-1.7674983821928298,12.576404473017943
2015-05-28 12:00:00,28.6,69,0.5,10.8,180,6.613092715395707e-16,10.8
2015-05-28 13:00:00,29.5,66,0.0,8.5,168,-1.7672493719509543,8.314254606237348
2015-05-28 14:00:00,29.9,64,0.0,10.6,170,-1.8406706832694613,10.438962181929405
2015-05-28 15:00:00,29.0,68,0.8,10.8,180,6.613092715395707e-16,10.8
2015-05-28 16:00:00,29.3,67,0.2,10.1,182,0.3524849166952609,10.093847352892867
2015-05-28 17:00:00,29.2,69,0.0,9.3,193,2.092044805397944,9.06164160250269
2015-05-28 18:00:00,28.3,72,0.0,11.7,191,2.2324652459055754,11.485038046337667
2015-05-28 19:00:00,27.1,76,0.0,10.5,172,-1.4613175600806863,10.397814721786489
2015-05-28 20:00:00,26.1,79,0.0,10.9,171,-1.705135668938516,10.765802912487002
2015-05-28 21:00:00,25.2,81,0.0,10.7,166,-2.5885642829164452,10.382164271153162
2015-05-28 22:00:00,24.5,82,0.0,10.3,168,-2.1414904154229215,10.0749202875582
2015-05-28 23:00:00,23.7,84,0.3,9.8,174,-1.024378940023005,9.746314574609078
2015-05-29 00:00:00,23.3,85,0.5,9.4,176,-0.6557108531947782,9.377102072442348
2015-05-29 01:00:00,23.2,85,0.7000000000000001,9.8,174,-1.024378940023005,9.746314574609078
2015-05-29 02:00:00,23.1,84,0.5,11.5,180,7.041719095097281e-16,11.5
2015-05-29 03:00:00,22.9,80,0.3,10.5,172,-1.4613175600806863,10.397814721786489
2015-05-29 04:00:00,22.6,82,0.2,11.0,161,-3.581249699028723,10.400704331592486
2015-05-29 05:00:00,22.4,83,0.0,9.5,155,-4.0148734865366436,8.609923976848176
2015-05-29 06:00:00,22.6,84,0.0,8.7,156,-3.538608794759462,7.947845481490627
2015-05-29 07:00:00,25.6,78,0.0,12.3,159,-4.4079257794071935,11.483039245915583
2015-05-29 08:00:00,27.9,68,0.0,12.2,161,-3.971931484377311,11.535326622311665
2015-05-29 09:00:00,28.9,66,0.0,13.0,174,-1.3588700224794963,12.928784639787553
2015-05-29 10:00:00,29.5,67,0.0,15.1,192,3.1394665313481678,14.770028771080463
2015-05-29 11:00:00,30.0,67,0.0,17.0,201,6.092255142270107,15.870867250452429
2015-05-29 12:00:00,30.1,68,0.0,17.1,202,6.405772747412095,15.854843913092067
2015-05-29 13:00:00,30.3,69,0.0,17.9,199,5.827669964783105,16.924782503227767
2015-05-29 14:00:00,30.2,69,0.0,17.1,187,2.083965772228022,16.972539193066606
2015-05-29 15:00:00,30.1,68,0.0,16.3,188,2.268521545649067,16.141369520487597
2015-05-29 16:00:00,30.0,68,0.0,14.9,188,2.0736792043049754,14.7549942242494
2015-05-29 17:00:00,29.3,71,0.0,14.8,186,1.5470212563612713,14.718924051450445
2015-05-29 18:00:00,28.1,76,0.0,12.7,187,1.547740661245373,12.605336125844788
2015-05-29 19:00:00,27.0,78,0.0,13.7,180,8.388830574159369e-16,13.7
2015-05-29 20:00:00,26.2,81,0.0,12.7,195,3.2870018728020134,12.267257993871167
2015-05-29 21:00:00,25.5,82,0.0,13.6,191,2.5950023371210107,13.35012969488823
2015-05-29 22:00:00,25.0,83,0.0,13.8,174,-1.442492793093619,13.724402156082173
2015-05-29 23:00:00,24.6,84,0.0,12.6,178,-0.439733658451512,12.592324420440606
2015-05-30 00:00:00,24.2,83,0.1,12.7,173,-1.5477406612453715,12.60533612584479
2015-05-30 01:00:00,23.7,84,0.1,12.3,173,-1.4989929238833126,12.208317665188263
2015-05-30 02:00:00,23.3,85,0.4,11.3,171,-1.7677094549546084,11.160878248725057
2015-05-30 03:00:00,22.9,85,0.4,11.2,176,-0.7812725059342036,11.17271736291003
2015-05-30 04:00:00,22.8,84,0.7000000000000001,11.2,176,-0.7812725059342036,11.17271736291003
2015-05-30 05:00:00,22.7,83,0.0,12.6,167,-2.8343832847326995,12.277062816293963
2015-05-30 06:00:00,23.2,84,0.0,11.5,160,-3.93323164824519,10.806465139037947
2015-05-30 07:00:00,26.1,77,0.0,12.6,156,-5.124881702755083,11.510672766296771
2015-05-30 08:00:00,28.2,68,0.0,11.6,164,-3.197393327477189,11.1506356728845
2015-05-30 09:00:00,29.6,66,0.0,13.8,174,-1.442492793093619,13.724402156082173
2015-05-30 10:00:00,30.0,68,0.2,16.1,190,2.79573566043758,15.855404823496551
2015-05-30 11:00:00,29.4,74,1.4,17.6,195,4.555215193804365,17.000294542687605
2015-05-30 12:00:00,29.6,73,0.0,17.5,194,4.2336331729941845,16.980175209829937
2015-05-30 13:00:00,30.1,70,0.0,16.4,195,4.24463233968134,15.84118355114072
2015-05-30 14:00:00,30.2,68,0.0,17.2,191,3.2819147204765726,16.883987555299818
2015-05-30 15:00:00,30.4,67,0.0,16.6,182,0.579331645261518,16.58988772851699
2015-05-30 16:00:00,30.3,68,0.0,15.3,195,3.9599313900685673,14.778665142222746
2015-05-30 17:00:00,29.8,71,0.0,14.0,209,6.787334683448719,12.24467589995154
2015-05-30 18:00:00,28.8,76,0.0,10.2,219,6.419067988708342,7.926888806861102
2015-05-30 19:00:00,27.6,81,0.0,11.3,211,5.8199302464836125,9.68599049793387
2015-05-30 20:00:00,26.7,84,0.0,11.8,200,4.035837691242892,11.088372925273719
2015-05-30 21:00:00,25.9,86,0.0,12.0,189,1.877213580482771,11.852260087141653
2015-05-30 22:00:00,25.4,87,0.0,12.2,182,0.42577385977051313,12.192568089632967
2015-05-30 23:00:00,25.0,88,0.0,11.9,175,-1.037153338697133,11.854716907291772
2015-05-31 00:00:00,24.6,87,0.0,10.9,174,-1.1393602496174238,10.84028865951418
2015-05-31 01:00:00,23.8,89,0.6,11.3,189,1.7677094549546095,11.160878248725057
2015-05-31 02:00:00,23.5,90,0.6,11.3,189,1.7677094549546095,11.160878248725057
2015-05-31 03:00:00,23.3,89,0.2,11.3,189,1.7677094549546095,11.160878248725057
2015-05-31 04:00:00,23.8,84,0.2,10.5,184,0.732442974313315,10.474422527728153
2015-05-31 05:00:00,23.3,86,0.0,9.8,174,-1.024378940023005,9.746314574609078
2015-05-31 06:00:00,23.8,84,0.0,7.5,163,-2.192787785420525,7.172285669722767
2015-05-31 07:00:00,26.1,77,0.3,7.6,175,-0.6623836448822026,7.571079705497266
2015-05-31 08:00:00,27.4,69,0.5,8.7,197,2.5436338310878095,8.319851376878407
2015-05-31 09:00:00,28.1,69,0.5,10.0,221,6.560590289905073,7.54709580222772
2015-05-31 10:00:00,28.8,70,0.5,10.7,228,7.951649632608118,7.159697488039782
2015-05-31 11:00:00,28.8,72,0.4,10.7,213,5.82763767466079,8.973775077016036
2015-05-31 12:00:00,29.2,73,0.1,10.7,213,5.82763767466079,8.973775077016036
2015-05-31 13:00:00,29.1,75,0.1,11.6,216,6.818308926592688,9.38459713474939
2015-05-31 14:00:00,28.0,81,2.1,12.4,210,6.200000000000002,10.73871500692704
2015-05-31 15:00:00,27.1,85,2.7,9.7,184,0.6766377953180147,9.676371287520293
2015-05-31 16:00:00,26.7,88,1.9,8.1,148,-4.292346040288959,6.869189578867051
2015-05-31 17:00:00,26.5,89,0.8,9.3,164,-2.5634274090980913,8.939733772226367
2015-05-31 18:00:00,26.2,90,0.8,7.5,163,-2.192787785420525,7.172285669722767
2015-05-31 19:00:00,25.8,91,0.5,8.5,168,-1.7672493719509543,8.314254606237348
2015-05-31 20:00:00,25.4,91,0.2,8.0,162,-2.4721359549995787,7.608452130361229
2015-05-31 21:00:00,25.2,91,0.1,8.0,170,-1.3891854213354424,7.878462024097664
2015-05-31 22:00:00,25.0,90,0.0,7.9,156,-3.213219480298822,7.217009115376547
2015-05-31 23:00:00,24.8,89,0.0,8.2,151,-3.975438886019963,7.171881598543045
2015-06-01 00:00:00,24.5,89,0.0,8.7,135,-6.151828996322962,6.151828996322964
2015-06-01 01:00:00,24.4,88,0.0,9.5,127,-7.587037345449283,5.7172427199444575
2015-06-01 02:00:00,25.1,82,0.0,9.2,116,-8.268905225952336,4.0330145504595105
2015-06-01 03:00:00,23.3,90,0.0,7.7,118,-6.798696465013738,3.6149310334513585
2015-06-01 04:00:00,23.4,89,0.0,7.3,123,-6.122295146001594,3.9758649556096994
2015-06-01 05:00:00,23.1,89,0.0,6.4,133,-4.6806636903626915,4.364789504399991
2015-06-01 06:00:00,23.0,90,0.0,4.7,157,-1.8364363038995868,4.326372811226469
2015-06-01 07:00:00,25.6,88,0.0,4.6,141,-2.894873798829251,3.5748714227020666
2015-06-01 08:00:00,27.2,76,0.0,5.0,150,-2.499999999999999,4.330127018922194
2015-06-01 09:00:00,28.2,70,0.0,5.9,166,-1.42733918403804,5.7247447850283795
2015-06-01 10:00:00,29.2,65,0.0,8.0,185,0.6972459419812651,7.969557584733964
2015-06-01 11:00:00,29.3,66,0.0,9.6,200,3.2833933759264204,9.02104915954472
2015-06-01 12:00:00,29.6,68,0.0,9.9,213,5.391926446648768,8.302838622659698
2015-06-01 13:00:00,29.3,71,0.0,10.2,225,7.212489168102785,7.212489168102784
2015-06-01 14:00:00,29.5,70,0.0,11.0,221,7.2166493188955805,8.301805382450492
2015-06-01 15:00:00,29.1,71,0.0,13.0,226,9.351417404402465,9.030558815966964
2015-06-01 16:00:00,28.7,74,0.2,12.7,223,8.66137917279373,9.288192010563463
2015-06-01 17:00:00,28.1,77,0.0,11.4,215,6.538771374401926,9.338333304894507
2015-06-01 18:00:00,27.5,81,0.0,7.5,215,4.301823272632846,6.143640332167439
2015-06-01 19:00:00,26.6,86,0.0,8.4,187,1.023702484603239,8.337387673787106
2015-06-01 20:00:00,25.2,91,0.0,8.5,168,-1.7672493719509543,8.314254606237348
2015-06-01 21:00:00,24.8,89,0.0,7.8,167,-1.7546182238821473,7.6000865053248345
2015-06-01 22:00:00,23.4,94,0.0,7.2,153,-3.2687315981247362,6.415246974156249
2015-06-01 23:00:00,22.7,95,0.0,8.2,139,-5.379684037722158,6.1886185578267305
2015-06-02 00:00:00,22.1,95,0.0,7.1,135,-5.020458146424486,5.020458146424487
2015-06-02 01:00:00,21.4,94,0.0,6.9,133,-5.046340541172277,4.705788684431241
2015-06-02 02:00:00,20.9,94,0.0,7.9,133,-5.777694242791447,5.387787044493739
2015-06-02 03:00:00,21.2,93,0.0,7.0,145,-4.015035054457323,5.734064310022942
2015-06-02 04:00:00,20.4,94,0.0,6.9,141,-4.342310698243877,5.3623071340531006
2015-06-02 05:00:00,20.0,93,0.0,6.6,139,-4.329989591337347,4.981083229470296
2015-06-02 06:00:00,20.4,93,0.0,5.8,150,-2.8999999999999986,5.022947341949744
2015-06-02 07:00:00,24.7,86,0.0,8.2,142,-5.048424097670398,6.46168817957512
2015-06-02 08:00:00,27.6,68,0.0,8.2,151,-3.975438886019963,7.171881598543045
2015-06-02 09:00:00,29.0,61,0.0,8.7,185,0.7582549619046257,8.666893873398186
2015-06-02 10:00:00,29.8,63,0.0,10.7,213,5.82763767466079,8.973775077016036
2015-06-02 11:00:00,30.3,65,0.0,12.3,218,7.572636146505597,9.692532269362681
2015-06-02 12:00:00,30.6,66,0.0,13.2,223,9.00237835282498,9.65386886137305
2015-06-02 13:00:00,30.4,69,0.1,14.5,222,9.702393792203445,10.775599969422217
2015-06-02 14:00:00,29.9,72,0.0,16.1,219,10.132058295902384,12.512049979457233
2015-06-02 15:00:00,29.7,73,0.0,13.9,217,8.365228821813472,11.101033589657371
2015-06-02 16:00:00,29.0,75,0.2,15.5,208,7.276809223181308,13.685687689313367
2015-06-02 17:00:00,28.5,78,0.0,12.6,200,4.309453805903427,11.840127021902445
2015-06-02 18:00:00,27.9,81,0.0,9.5,191,1.8126854560771768,9.325458242752807
2015-06-02 19:00:00,27.1,85,0.0,9.5,169,-1.8126854560771757,9.325458242752807
2015-06-02 20:00:00,25.7,91,0.0,10.4,166,-2.515987714236545,10.091075553270363
2015-06-02 21:00:00,24.9,92,0.0,10.2,170,-1.771211412202689,10.045039080724521
2015-06-02 22:00:00,24.0,94,0.0,9.9,170,-1.71911695890261,9.74959675482086
2015-06-02 23:00:00,23.4,94,0.0,9.3,164,-2.5634274090980913,8.939733772226367
2015-06-03 00:00:00,22.7,94,0.0,9.4,162,-2.9047597471245052,8.939931253174445
2015-06-03 01:00:00,22.2,94,0.0,9.6,160,-3.2833933759264196,9.02104915954472
2015-06-03 02:00:00,21.9,93,0.0,8.8,168,-1.8296228791962823,8.607698886457491
2015-06-03 03:00:00,21.8,91,0.0,10.5,164,-2.89419223607849,10.093247807352348
2015-06-03 04:00:00,21.4,91,0.0,9.4,162,-2.9047597471245052,8.939931253174445
2015-06-03 05:00:00,21.0,91,0.0,7.8,158,-2.9219314286441143,7.232034065620942
2015-06-03 06:00:00,21.3,91,0.0,5.9,166,-1.42733918403804,5.7247447850283795
2015-06-03 07:00:00,24.6,87,0.0,8.0,153,-3.6319239979163735,7.128052193506943
2015-06-03 08:00:00,27.3,72,0.0,7.3,171,-1.1419715947936848,7.210124886344506
2015-06-03 09:00:00,28.7,62,0.0,8.4,190,1.4586446924022156,8.272385125302547
2015-06-03 10:00:00,29.5,62,0.0,9.5,205,4.014873486536644,8.609923976848174
2015-06-03 11:00:00,30.0,64,0.1,9.7,219,6.104407793183423,7.538315826132617
2015-06-03 12:00:00,30.0,67,0.0,10.4,226,7.4811339235219725,7.224447052773572
2015-06-03 13:00:00,30.3,67,0.0,11.5,229,8.679160172561879,7.544678833390834
2015-06-03 14:00:00,30.1,69,0.0,11.0,218,6.772276228582241,8.668118289673941
2015-06-03 15:00:00,29.3,73,0.3,10.2,198,3.151973342624464,9.700776466210565
2015-06-03 16:00:00,29.5,72,0.3,9.9,190,1.7191169589026112,9.74959675482086
2015-06-03 17:00:00,29.3,73,0.0,7.7,191,1.4692292643993958,7.558529312547013
2015-06-03 18:00:00,28.7,77,0.0,6.8,198,2.1013155617496424,6.467184310807044
2015-06-03 19:00:00,27.5,82,0.0,9.0,178,-0.3140954703225086,8.994517443171862
2015-06-03 20:00:00,26.3,87,0.0,8.3,185,0.7233926648055626,8.268415994161488
2015-06-03 21:00:00,25.3,90,0.0,8.9,166,-2.1531048708370433,8.635631963856369
2015-06-03 22:00:00,24.5,91,0.0,7.9,164,-2.1775351109542926,7.59396739791272
2015-06-03 23:00:00,23.9,91,0.0,6.8,162,-2.101315561749642,6.467184310807045
2015-06-04 00:00:00,23.2,92,0.0,6.9,152,-3.2393537832226476,6.092338390726596
2015-06-04 01:00:00,23.0,90,0.0,6.4,142,-3.9402334420842133,5.043268823083022
2015-06-04 02:00:00,22.9,88,0.0,6.2,144,-3.644268564213333,5.0159053651246746
2015-06-04 03:00:00,21.7,92,0.0,7.0,145,-4.015035054457323,5.734064310022942
2015-06-04 04:00:00,21.5,92,0.0,7.5,145,-4.301823272632846,6.143640332167438
2015-06-04 05:00:00,21.3,91,0.0,7.0,145,-4.015035054457323,5.734064310022942
2015-06-04 06:00:00,21.8,90,0.0,4.2,160,-1.4364846019678086,3.9467090073008158
2015-06-04 07:00:00,25.4,84,0.0,6.9,152,-3.2393537832226476,6.092338390726596
2015-06-04 08:00:00,27.5,74,0.1,6.5,180,3.9801020972288977e-16,6.5
2015-06-04 09:00:00,28.5,72,0.0,7.0,215,4.015035054457323,5.7340643100229425
2015-06-04 10:00:00,29.2,71,0.0,7.1,240,6.148780366869515,3.5499999999999994
2015-06-04 11:00:00,29.5,70,0.2,6.9,242,6.092338390726597,3.2393537832226467
2015-06-04 12:00:00,29.7,70,0.0,7.4,241,6.472185832831529,3.5875911898228945
2015-06-04 13:00:00,29.7,70,0.1,8.4,245,7.61298541110786,3.5499933986218752
2015-06-04 14:00:00,29.6,71,0.2,8.1,249,7.5620014546273335,2.902780391316932
2015-06-04 15:00:00,29.8,70,0.0,8.1,249,7.5620014546273335,2.902780391316932
2015-06-04 16:00:00,29.6,71,0.0,7.4,247,6.811735915548059,2.891410350820626
2015-06-04 17:00:00,29.2,73,0.0,6.6,241,5.772490067120011,3.1997434936258244
2015-06-04 18:00:00,28.4,78,0.0,4.0,265,3.984778792366982,0.34862297099063266
2015-06-04 19:00:00,27.4,82,0.0,4.3,228,3.195522749552795,2.8772616073430903
2015-06-04 20:00:00,26.5,86,0.0,3.4,198,1.0506577808748212,3.233592155403522
2015-06-04 21:00:00,25.4,90,0.0,2.7,247,2.485363104321589,1.0549740469210394
2015-06-04 22:00:00,24.5,91,0.0,3.3,174,-0.3449439287832567,3.2819222547153015
2015-06-04 23:00:00,23.8,92,0.0,6.8,155,-2.8738041798367555,6.16289295184922
2015-06-05 00:00:00,23.0,93,0.0,8.4,160,-2.872969203935617,7.8934180146016315
2015-06-05 01:00:00,22.3,94,0.1,9.8,163,-2.8652427062828196,9.371786608437748
2015-06-05 02:00:00,21.9,93,0.2,9.9,161,-3.2231247291258507,9.360633898433237
2015-06-05 03:00:00,22.3,91,0.0,9.5,155,-4.0148734865366436,8.609923976848176
2015-06-05 04:00:00,21.9,90,0.0,9.2,154,-4.033014550459513,8.268905225952334
2015-06-05 05:00:00,21.5,89,0.0,8.4,155,-3.5499933986218744,7.612985411107861
2015-06-05 06:00:00,21.9,88,0.0,7.3,160,-2.4967470462773815,6.859756131737131
2015-06-05 07:00:00,25.4,80,0.0,9.3,164,-2.5634274090980913,8.939733772226367
2015-06-05 08:00:00,27.8,64,0.0,10.2,188,1.4195656297926678,10.100734301164017
2015-06-05 09:00:00,28.7,61,0.2,11.5,194,2.782101799396178,11.15840085217396
2015-06-05 10:00:00,28.9,65,0.2,11.6,196,3.19739332747719,11.1506356728845
2015-06-05 11:00:00,29.3,67,0.2,11.4,193,2.5644420195200603,11.107818738551682
2015-06-05 12:00:00,29.2,69,0.2,11.5,194,2.782101799396178,11.15840085217396
2015-06-05 13:00:00,29.4,69,0.2,12.4,197,3.625409138561936,11.858178973941639
2015-06-05 14:00:00,29.3,70,0.2,12.8,196,3.5281581544575893,12.304149708010483
2015-06-05 15:00:00,29.2,74,0.0,11.6,210,5.800000000000001,10.045894683899487
2015-06-05 16:00:00,29.1,70,0.0,11.1,209,5.3813867847343415,9.708278749247292
2015-06-05 17:00:00,27.9,77,1.0,8.6,182,0.3001356716415093,8.594761112364223
2015-06-05 18:00:00,27.0,81,0.0,9.9,161,-3.2231247291258507,9.360633898433237
2015-06-05 19:00:00,26.2,82,0.0,9.2,141,-5.789747597658502,7.149742845404133
2015-06-05 20:00:00,25.7,83,0.0,7.7,143,-4.633975678270772,6.149493427364154
2015-06-05 21:00:00,25.1,85,0.0,8.3,146,-4.641301098807197,6.881011852206847
2015-06-05 22:00:00,24.6,87,0.0,8.1,148,-4.292346040288959,6.869189578867051
2015-06-05 23:00:00,24.3,86,0.0,8.4,149,-4.326319829244456,7.200205325897744
2015-06-06 00:00:00,24.0,86,0.0,8.1,148,-4.292346040288959,6.869189578867051
2015-06-06 01:00:00,23.6,86,0.0,7.6,149,-3.9142893693164122,6.5144714853360535
2015-06-06 02:00:00,23.3,86,0.0,7.9,150,-3.9499999999999984,6.841600689897066
2015-06-06 03:00:00,22.6,87,0.0,7.6,155,-3.211898789229315,6.88793918147854
2015-06-06 04:00:00,22.2,88,0.0,7.1,156,-2.8878301658381815,6.486172749262466
2015-06-06 05:00:00,22.0,89,0.0,6.8,148,-3.6034509967857926,5.766727053863697
2015-06-06 06:00:00,22.0,91,0.0,5.6,135,-3.9597979746446654,3.9597979746446663
2015-06-06 07:00:00,25.1,87,0.0,4.6,141,-2.894873798829251,3.5748714227020666
2015-06-06 08:00:00,27.3,71,0.0,4.3,204,1.7489675652259409,3.9282454678631837
2015-06-06 09:00:00,28.4,65,0.1,5.9,232,4.64926344627966,3.6324027044213842
2015-06-06 10:00:00,29.0,66,0.6,7.0,235,5.7340643100229425,4.015035054457322
2015-06-06 11:00:00,29.2,68,0.8,6.7,254,6.440453362786736,1.8467702839738944
2015-06-06 12:00:00,29.5,69,0.1,6.6,261,6.518743047927909,1.0324674692655236
2015-06-06 13:00:00,29.5,73,0.0,6.0,245,5.437846722219899,2.5357095704441965
2015-06-06 14:00:00,29.3,76,0.0,5.4,217,3.2498011250210617,4.312631754255381
2015-06-06 15:00:00,27.5,82,2.5,5.5,212,2.914555953282627,4.664264528860342
2015-06-06 16:00:00,27.1,85,3.3,6.0,163,-1.75423022833642,5.737828535778213
2015-06-06 17:00:00,26.9,84,0.5,4.0,153,-1.8159619989581868,3.5640260967534716
2015-06-06 18:00:00,26.7,87,0.7000000000000001,2.1,121,-1.8000513314744357,1.0815799573111142
2015-06-06 19:00:00,26.1,90,0.3,3.3,139,-2.1649947956686737,2.490541614735148
2015-06-06 20:00:00,25.8,87,0.0,1.6,153,-0.7263847995832747,1.4256104387013888
2015-06-06 21:00:00,25.5,88,0.0,1.8,217,1.0832670416736871,1.437543918085127
2015-06-06 22:00:00,25.0,90,0.0,1.5,225,1.0606601717798214,1.0606601717798212
2015-06-06 23:00:00,24.8,89,0.0,1.6,297,1.4256104387013888,-0.7263847995832748
2015-06-07 00:00:00,25.0,87,0.3,0.8,333,0.3631923997916375,-0.7128052193506943
2015-06-07 01:00:00,25.2,84,0.4,1.1,72,-1.046162167924669,-0.33991869381244205
2015-06-07 02:00:00,23.3,92,0.0,3.4,122,-2.883363526931848,1.8017254983928965
2015-06-07 03:00:00,25.0,85,0.0,4.2,149,-2.163159914622228,3.600102662948872
2015-06-07 04:00:00,25.0,84,0.0,3.4,162,-1.050657780874821,3.2335921554035223
2015-06-07 05:00:00,23.4,89,0.0,3.3,174,-0.3449439287832567,3.2819222547153015
2015-06-07 06:00:00,22.8,94,0.0,1.6,117,-1.4256104387013886,0.7263847995832751
2015-06-07 07:00:00,25.6,91,0.0,4.2,149,-2.163159914622228,3.600102662948872
2015-06-07 08:00:00,27.3,79,0.0,3.0,166,-0.7257656867990033,2.9108871788279895
2015-06-07 09:00:00,28.4,75,0.0,4.2,200,1.436484601967809,3.9467090073008153
2015-06-07 10:00:00,29.3,71,0.0,7.9,219,4.971631089293717,6.139453095510071
2015-06-07 11:00:00,29.9,69,0.0,11.1,234,8.980088637561916,6.524416300446451
2015-06-07 12:00:00,30.1,69,0.0,13.2,235,10.81280698461469,7.5712089598338075
2015-06-07 13:00:00,30.0,70,0.0,13.2,227,9.65386886137305,9.00237835282498
2015-06-07 14:00:00,29.9,72,0.1,13.0,228,9.660882731206126,8.698697882665158
2015-06-07 15:00:00,29.8,69,0.0,11.4,235,9.338333304894507,6.538771374401925
2015-06-07 16:00:00,29.2,72,0.0,10.0,232,7.880107536067219,6.156614753256583
2015-06-07 17:00:00,28.6,75,0.0,8.2,221,5.379684037722159,6.18861855782673
2015-06-07 18:00:00,28.2,78,0.0,5.1,231,3.963444403430551,3.2095339943541705
2015-06-07 19:00:00,27.0,88,0.0,5.8,202,2.1727182418122895,5.377666356487367
2015-06-07 20:00:00,26.7,84,0.0,5.8,173,-0.7068421917498547,5.756767679519668
2015-06-07 21:00:00,25.6,88,0.0,8.1,159,-2.902780391316932,7.5620014546273335
2015-06-07 22:00:00,25.2,88,0.0,9.3,164,-2.5634274090980913,8.939733772226367
2015-06-07 23:00:00,23.9,92,0.0,10.0,167,-2.2495105434386504,9.743700647852352
2015-06-08 00:00:00,23.1,93,0.0,10.7,168,-2.2246550917500247,10.46617932785172
2015-06-08 01:00:00,22.2,95,0.0,7.8,167,-1.7546182238821473,7.6000865053248345
2015-06-08 02:00:00,21.5,94,0.0,6.0,155,-2.535709570444196,5.4378467222199
2015-06-08 03:00:00,20.8,98,0.0,7.1,150,-3.549999999999998,6.148780366869515
2015-06-08 04:00:00,20.7,96,0.0,7.3,147,-3.9758649556096977,6.122295146001594
2015-06-08 05:00:00,20.4,94,0.0,6.1,140,-3.92100441908789,4.6728711030257655
2015-06-08 06:00:00,20.7,94,0.0,6.0,147,-3.2678342100901627,5.032023407672543
2015-06-08 07:00:00,24.7,87,0.0,9.4,148,-4.981241083792125,7.971652103870405
2015-06-08 08:00:00,27.5,69,0.0,10.1,163,-2.95295421769964,9.658678035226659
2015-06-08 09:00:00,28.8,63,0.0,11.6,196,3.19739332747719,11.1506356728845
2015-06-08 10:00:00,29.6,63,0.0,12.0,219,7.55184469259805,9.32575153748365
2015-06-08 11:00:00,30.0,64,0.0,12.5,229,9.43386975278465,8.200737862381342
2015-06-08 12:00:00,30.3,65,0.0,13.1,233,10.462125181619536,7.883776803291832
2015-06-08 13:00:00,30.3,66,0.0,14.2,234,11.488041320124253,8.346550582553117
2015-06-08 14:00:00,30.3,67,0.0,14.6,230,11.184248869537079,9.384699101423474
2015-06-08 15:00:00,30.1,68,0.0,14.3,219,8.999281592012677,11.113187248834684
2015-06-08 16:00:00,29.9,68,0.0,13.7,210,6.850000000000001,11.864548031846809
2015-06-08 17:00:00,29.4,71,0.0,11.8,211,6.077449283938639,10.114574148284927
2015-06-08 18:00:00,28.7,75,0.0,7.9,223,5.387787044493738,5.777694242791447
2015-06-08 19:00:00,27.2,83,0.0,9.1,198,2.8120546488120217,8.654614298285896
2015-06-08 20:00:00,25.4,89,0.0,8.8,168,-1.8296228791962823,8.607698886457491
2015-06-08 21:00:00,24.4,89,0.0,9.5,155,-4.0148734865366436,8.609923976848176
2015-06-08 22:00:00,24.2,88,0.0,9.0,164,-2.4807362023529915,8.65135526344487
2015-06-08 23:00:00,22.9,92,0.0,8.7,173,-1.060263287624782,8.635151519279502
2015-06-09 00:00:00,22.0,93,0.0,7.6,180,4.653657836759942e-16,7.6
2015-06-09 01:00:00,21.2,94,0.0,6.9,174,-0.7212463965468096,6.862201078041086
2015-06-09 02:00:00,21.0,93,0.0,8.4,160,-2.872969203935617,7.8934180146016315
2015-06-09 03:00:00,21.0,92,0.0,8.4,155,-3.5499933986218744,7.612985411107861
2015-06-09 04:00:00,20.7,91,0.0,8.4,149,-4.326319829244456,7.200205325897744
2015-06-09 05:00:00,20.4,91,0.0,8.3,146,-4.641301098807197,6.881011852206847
2015-06-09 06:00:00,20.8,91,0.0,8.7,135,-6.151828996322962,6.151828996322964
2015-06-09 07:00:00,24.8,84,0.0,10.5,139,-6.888619804400325,7.924450592339108
2015-06-09 08:00:00,27.9,67,0.0,8.9,153,-4.040515447681965,7.929958065276475
2015-06-09 09:00:00,29.2,60,0.0,9.4,182,0.3280552690035102,9.394273773979501
2015-06-09 10:00:00,30.1,59,0.0,11.3,207,5.1300926470568795,10.068373723328557
2015-06-09 11:00:00,30.5,60,0.0,12.8,218,7.880466884168427,10.086537646166043
2015-06-09 12:00:00,30.8,61,0.0,13.5,222,9.033263185844586,10.032455143944823
2015-06-09 13:00:00,30.8,62,0.0,13.8,221,9.053614600069,10.414992207074254
2015-06-09 14:00:00,30.6,65,0.0,13.8,219,8.684621396487758,10.7246142681062
2015-06-09 15:00:00,30.4,66,0.0,13.5,214,7.549104196855081,11.192007229493063
2015-06-09 16:00:00,29.9,68,0.0,12.6,211,6.489479743866682,10.800307988846615
2015-06-09 17:00:00,29.5,71,0.0,11.1,209,5.3813867847343415,9.708278749247292
2015-06-09 18:00:00,28.7,75,0.0,7.4,203,2.8914103508206255,6.811735915548059
2015-06-09 19:00:00,27.7,80,0.0,8.4,173,-1.0237024846032379,8.337387673787106
2015-06-09 20:00:00,26.2,86,0.0,9.2,169,-1.755442757464212,9.030970087718508
2015-06-09 21:00:00,25.0,91,0.0,10.5,172,-1.4613175600806863,10.397814721786489
2015-06-09 22:00:00,24.4,90,0.0,11.3,173,-1.3771235804781654,11.21577151354694
2015-06-09 23:00:00,23.6,92,0.0,10.7,168,-2.2246550917500247,10.46617932785172
2015-06-10 00:00:00,23.2,93,0.0,9.8,163,-2.8652427062828196,9.371786608437748
2015-06-10 01:00:00,22.8,93,0.0,8.7,156,-3.538608794759462,7.947845481490627
2015-06-10 02:00:00,21.9,95,0.0,8.4,149,-4.326319829244456,7.200205325897744
2015-06-10 03:00:00,22.2,93,0.0,8.0,144,-4.702282018339784,6.47213595499958
2015-06-10 04:00:00,21.7,92,0.0,7.9,141,-4.971631089293715,6.1394530955100715
2015-06-10 05:00:00,21.2,92,0.0,8.2,142,-5.048424097670398,6.46168817957512
2015-06-10 06:00:00,21.4,92,0.0,7.9,137,-5.387787044493737,5.777694242791448
2015-06-10 07:00:00,25.3,83,0.0,8.9,148,-4.716281451675523,7.547628055792193
2015-06-10 08:00:00,28.0,68,0.0,8.5,168,-1.7672493719509543,8.314254606237348
2015-06-10 09:00:00,29.3,63,0.0,10.0,193,2.249510543438649,9.743700647852352
2015-06-10 10:00:00,30.2,63,0.0,12.2,208,5.727553065987868,10.771960632878907
2015-06-10 11:00:00,30.8,64,0.0,13.0,214,7.269507745119708,10.777488443215542
2015-06-10 12:00:00,31.1,63,0.0,14.0,222,9.367828489024015,10.40402755668352
2015-06-10 13:00:00,31.2,64,0.0,15.3,225,10.818733752154179,10.818733752154177
2015-06-10 14:00:00,31.1,65,0.0,15.5,224,10.767204742114458,11.149766905249091
2015-06-10 15:00:00,30.6,67,0.0,15.3,219,9.628601983062515,11.890333210291656
2015-06-10 16:00:00,30.3,68,0.0,14.9,212,7.895797037074753,12.635916632730748
2015-06-10 17:00:00,29.8,71,0.0,13.4,211,6.901510203794726,11.486041829408306
2015-06-10 18:00:00,29.0,75,0.0,9.7,207,4.403707847473604,8.642763284627167
2015-06-10 19:00:00,27.8,81,0.0,10.6,198,3.275580140374443,10.081199072728626
2015-06-10 20:00:00,26.3,88,0.0,9.8,188,1.3638963894086416,9.70462707366739
2015-06-10 21:00:00,25.3,91,0.0,9.8,172,-1.3638963894086407,9.70462707366739
2015-06-10 22:00:00,24.4,91,0.0,9.5,169,-1.8126854560771757,9.325458242752807
2015-06-10 23:00:00,23.6,92,0.0,9.7,158,-3.633683956134347,8.993683389297837
2015-06-11 00:00:00,22.7,92,0.0,9.0,157,-3.5165801564034638,8.284543681071963
2015-06-11 01:00:00,22.0,93,0.0,8.6,158,-3.2216167033768435,7.973781149274371
2015-06-11 02:00:00,21.6,92,0.0,8.4,155,-3.5499933986218744,7.612985411107861
2015-06-11 03:00:00,21.5,93,0.0,8.5,152,-3.990508283680073,7.505054539300878
2015-06-11 04:00:00,21.1,92,0.0,8.2,151,-3.975438886019963,7.171881598543045
2015-06-11 05:00:00,20.7,91,0.0,7.9,150,-3.9499999999999984,6.841600689897066
2015-06-11 06:00:00,21.1,91,0.0,7.4,151,-3.587591189822894,6.47218583283153
2015-06-11 07:00:00,25.0,82,0.0,8.4,160,-2.872969203935617,7.8934180146016315
2015-06-11 08:00:00,28.1,64,0.0,9.0,178,-0.3140954703225086,8.994517443171862
2015-06-11 09:00:00,29.6,58,0.0,12.4,190,2.1532374030699373,12.21161613735138
2015-06-11 10:00:00,30.5,57,0.0,14.2,196,3.914050452601388,13.649916082324127
2015-06-11 11:00:00,31.2,57,0.0,15.5,202,5.806402197946635,14.371349745785205
2015-06-11 12:00:00,31.6,57,0.0,15.3,207,6.9460546460150665,13.632399820082028
2015-06-11 13:00:00,31.6,58,0.0,15.4,213,8.387441139231417,12.91552674635953
2015-06-11 14:00:00,31.4,60,0.0,15.9,219,10.006194217692416,12.356620787165838
2015-06-11 15:00:00,31.0,63,0.0,15.5,216,9.110671410533334,12.539763412811686
2015-06-11 16:00:00,30.7,65,0.0,13.9,205,5.874393838195722,12.597678239809435
2015-06-11 17:00:00,30.2,67,0.0,12.0,196,3.30764826980399,11.535140351259827
2015-06-11 18:00:00,29.4,71,0.0,7.3,200,2.4967470462773824,6.8597561317371305
2015-06-11 19:00:00,28.0,78,0.0,7.8,193,1.7546182238821464,7.6000865053248345
2015-06-11 20:00:00,26.7,84,0.0,7.9,196,2.1775351109542935,7.59396739791272
2015-06-11 21:00:00,25.3,87,0.0,8.4,173,-1.0237024846032379,8.337387673787106
2015-06-11 22:00:00,24.4,89,0.0,8.7,163,-2.5436338310878086,8.31985137687841
2015-06-11 23:00:00,23.9,90,0.0,8.1,159,-2.902780391316932,7.5620014546273335
2015-06-12 00:00:00,23.2,92,0.0,8.9,153,-4.040515447681965,7.929958065276475
2015-06-12 01:00:00,22.6,92,0.0,8.4,149,-4.326319829244456,7.200205325897744
2015-06-12 02:00:00,22.0,92,0.0,8.0,144,-4.702282018339784,6.47213595499958
2015-06-12 03:00:00,22.3,92,0.0,8.0,144,-4.702282018339784,6.47213595499958
2015-06-12 04:00:00,21.9,91,0.0,8.6,147,-4.683895701129233,7.212566884330646
2015-06-12 05:00:00,21.6,90,0.0,8.5,144,-4.996174644486021,6.876644452187053
2015-06-12 06:00:00,22.0,90,0.0,5.4,138,-3.6133052743378347,4.012982057577929
2015-06-12 07:00:00,26.1,82,0.0,5.2,146,-2.907803098047883,4.3109953772862175
2015-06-12 08:00:00,28.5,70,0.0,4.5,194,1.0886485301985045,4.366330768241984
2015-06-12 09:00:00,29.5,71,0.0,8.2,218,5.048424097670398,6.46168817957512
2015-06-12 10:00:00,30.1,69,0.0,10.4,226,7.4811339235219725,7.224447052773572
2015-06-12 11:00:00,30.6,68,0.0,12.1,233,9.663489671572243,7.281961780139784
2015-06-12 12:00:00,30.8,67,0.1,13.9,239,11.914625479759362,7.159029241249753
2015-06-12 13:00:00,30.7,68,0.2,14.0,241,12.24467589995154,6.7873346834487185
2015-06-12 14:00:00,30.5,69,0.1,12.2,227,8.922515159753878,8.320379992762481
2015-06-12 15:00:00,30.2,75,0.0,11.2,222,7.494262791219212,8.323222045346816
2015-06-12 16:00:00,30.1,75,0.0,8.2,203,3.203995253612044,7.54813979831001
2015-06-12 17:00:00,29.9,74,0.1,6.6,189,1.032467469265524,6.518743047927909
2015-06-12 18:00:00,29.5,75,0.0,5.0,249,4.667902132486009,1.7918397477265013
2015-06-12 19:00:00,28.3,86,0.0,5.5,238,4.664264528860342,2.914555953282627
2015-06-12 20:00:00,27.4,86,0.0,6.2,201,2.2218812871808624,5.788198644282651
2015-06-12 21:00:00,26.7,88,0.0,8.0,185,0.6972459419812651,7.969557584733964
2015-06-12 22:00:00,25.9,91,0.0,9.4,187,1.1455718280083864,9.329933825428427
2015-06-12 23:00:00,25.0,93,0.0,10.2,188,1.4195656297926678,10.100734301164017
2015-06-13 00:00:00,24.5,95,0.0,10.4,180,6.368163355566237e-16,10.4
2015-06-13 01:00:00,24.2,96,0.0,9.3,167,-2.092044805397945,9.06164160250269
2015-06-13 02:00:00,24.2,96,0.0,7.9,164,-2.1775351109542926,7.59396739791272
2015-06-13 03:00:00,23.5,95,0.0,6.6,158,-2.4724035165450196,6.1194134401407965
2015-06-13 04:00:00,22.9,96,0.0,6.6,151,-3.199743493625824,5.772490067120012
2015-06-13 05:00:00,22.4,96,0.0,6.9,152,-3.2393537832226476,6.092338390726596
2015-06-13 06:00:00,22.6,96,0.0,6.4,153,-2.905539198333099,5.702441754805555
2015-06-13 07:00:00,25.9,87,0.0,8.2,165,-2.122316169840671,7.92059177557036
2015-06-13 08:00:00,28.1,79,0.0,10.0,193,2.249510543438649,9.743700647852352
2015-06-13 09:00:00,29.2,74,0.0,12.4,206,5.435802220184561,11.145046174109671
2015-06-13 10:00:00,30.2,68,0.0,13.5,214,7.549104196855081,11.192007229493063
2015-06-13 11:00:00,30.8,66,0.0,14.5,222,9.702393792203445,10.775599969422217
2015-06-13 12:00:00,31.2,64,0.0,15.5,228,11.518744794899611,10.371524398562302
2015-06-13 13:00:00,31.1,64,0.0,16.8,228,12.484833068020224,11.241394186828819
2015-06-13 14:00:00,30.7,65,0.0,15.8,227,11.555388485582894,10.775574088987476
2015-06-13 15:00:00,30.5,66,0.0,13.5,214,7.549104196855081,11.192007229493063
2015-06-13 16:00:00,30.2,67,0.0,11.6,210,5.800000000000001,10.045894683899487
2015-06-13 17:00:00,29.9,69,0.0,10.9,207,4.948496447161061,9.71197111365321
2015-06-13 18:00:00,29.4,71,0.0,7.4,203,2.8914103508206255,6.811735915548059
2015-06-13 19:00:00,28.1,83,0.0,8.3,178,-0.28966582263075796,8.294943864258496
2015-06-13 20:00:00,26.9,84,0.0,7.4,157,-2.891410350820626,6.811735915548058
2015-06-13 21:00:00,26.5,82,0.0,7.3,160,-2.4967470462773815,6.859756131737131
2015-06-13 22:00:00,26.1,83,0.0,7.6,161,-2.4743179738743906,7.185941174554808
2015-06-13 23:00:00,25.9,83,0.0,7.9,150,-3.9499999999999984,6.841600689897066
2015-06-14 00:00:00,25.7,83,0.0,7.7,143,-4.633975678270772,6.149493427364154
2015-06-14 01:00:00,24.4,87,0.0,7.1,135,-5.020458146424486,5.020458146424487
2015-06-14 02:00:00,23.6,89,0.0,6.1,140,-3.92100441908789,4.6728711030257655
2015-06-14 03:00:00,22.2,94,0.0,6.5,146,-3.6347538725598536,5.388744221607771
2015-06-14 04:00:00,22.1,94,0.0,6.8,148,-3.6034509967857926,5.766727053863697
2015-06-14 05:00:00,21.8,94,0.0,5.3,152,-2.4881992827652217,4.679622242152313
2015-06-14 06:00:00,22.2,94,0.0,3.6,135,-2.545584412271571,2.5455844122715714
2015-06-14 07:00:00,25.7,82,0.0,5.1,135,-3.606244584051392,3.6062445840513924
2015-06-14 08:00:00,28.0,73,0.0,6.2,159,-2.2218812871808615,5.788198644282651
2015-06-14 09:00:00,29.4,70,0.0,8.7,187,1.060263287624783,8.6351515192795
2015-06-14 10:00:00,30.5,67,0.0,10.0,210,5.000000000000001,8.660254037844386
2015-06-14 11:00:00,31.0,66,0.0,12.2,236,10.114258385171507,6.822153422343112
2015-06-14 12:00:00,31.4,65,0.0,13.4,243,11.93948742412413,6.083472696509927
2015-06-14 13:00:00,30.8,67,0.0,13.4,234,10.840827724624296,7.87632238071914
2015-06-14 14:00:00,30.7,68,0.0,13.2,225,9.333809511662427,9.333809511662427
2015-06-14 15:00:00,30.1,73,0.0,12.0,219,7.55184469259805,9.32575153748365
2015-06-14 16:00:00,29.5,75,0.0,9.7,219,6.104407793183423,7.538315826132617
2015-06-14 17:00:00,29.1,76,0.2,7.7,229,5.811263767715345,5.051654523226906
2015-06-14 18:00:00,28.3,78,0.2,3.6,180,2.2043642384652358e-16,3.6
2015-06-14 19:00:00,27.5,81,0.0,5.0,111,-4.667902132486009,1.7918397477265011
2015-06-14 20:00:00,27.0,84,0.0,6.7,106,-6.440453362786736,1.8467702839738949
2015-06-14 21:00:00,26.2,89,0.0,7.2,108,-6.8476069173251055,2.224922359499622
2015-06-14 22:00:00,26.7,83,0.0,6.5,124,-5.38874422160777,3.634753872559855
2015-06-14 23:00:00,26.2,84,0.0,6.2,144,-3.644268564213333,5.0159053651246746
2015-06-15 00:00:00,26.1,83,0.0,6.6,151,-3.199743493625824,5.772490067120012
2015-06-15 01:00:00,25.0,86,0.0,7.9,156,-3.213219480298822,7.217009115376547
2015-06-15 02:00:00,23.9,91,0.0,9.6,167,-2.159530121701104,9.353952621938259
2015-06-15 03:00:00,24.0,87,0.0,10.0,167,-2.2495105434386504,9.743700647852352
2015-06-15 04:00:00,24.3,85,0.0,8.4,173,-1.0237024846032379,8.337387673787106
2015-06-15 05:00:00,24.4,84,0.0,5.8,173,-0.7068421917498547,5.756767679519668
2015-06-15 06:00:00,23.4,92,0.0,4.0,153,-1.8159619989581868,3.5640260967534716
2015-06-15 07:00:00,26.0,86,0.0,6.1,130,-4.672871103025765,3.9210044190878905
2015-06-15 08:00:00,27.6,79,0.0,4.8,132,-3.567095162291491,3.21182691052252
2015-06-15 09:00:00,28.9,74,0.0,3.3,167,-0.7423384793347546,3.2154212137912763
2015-06-15 10:00:00,29.9,70,0.0,4.8,228,3.5670951622914924,3.2118269105225195
2015-06-15 11:00:00,30.4,68,0.0,7.6,245,6.887939181478539,3.211898789229316
2015-06-15 12:00:00,30.7,67,0.0,10.2,252,9.700776466210565,3.1519733426244634
2015-06-15 13:00:00,30.7,66,0.0,11.9,245,10.785062665736135,5.029157314714324
2015-06-15 14:00:00,30.2,67,0.1,10.5,229,7.924450592339106,6.888619804400326
2015-06-15 15:00:00,30.3,68,0.0,10.5,221,6.888619804400326,7.924450592339106
2015-06-15 16:00:00,30.1,68,0.0,10.2,219,6.419067988708342,7.926888806861102
2015-06-15 17:00:00,29.5,71,0.0,9.0,209,4.363286582217034,7.871577364254562
2015-06-15 18:00:00,29.1,73,0.0,6.4,227,4.6806636903626915,4.36478950439999
2015-06-15 19:00:00,28.2,82,0.0,5.1,219,3.209533994354171,3.963444403430551
2015-06-15 20:00:00,27.7,80,0.0,5.0,180,3.061616997868383e-16,5.0
2015-06-15 21:00:00,27.1,81,0.0,6.6,158,-2.4724035165450196,6.1194134401407965
2015-06-15 22:00:00,26.6,83,0.0,8.1,159,-2.902780391316932,7.5620014546273335
2015-06-15 23:00:00,25.8,85,0.0,8.1,167,-1.8221035401853067,7.892397524760405
2015-06-16 00:00:00,25.9,84,0.0,8.8,168,-1.8296228791962823,8.607698886457491
2015-06-16 01:00:00,25.2,86,0.0,8.8,171,-1.3766232923540314,8.691657397237213
2015-06-16 02:00:00,23.8,91,0.0,8.9,166,-2.1531048708370433,8.635631963856369
2015-06-16 03:00:00,22.9,94,0.0,7.6,161,-2.4743179738743906,7.185941174554808
2015-06-16 04:00:00,22.5,94,0.0,7.8,158,-2.9219314286441143,7.232034065620942
2015-06-16 05:00:00,22.1,96,0.0,7.8,158,-2.9219314286441143,7.232034065620942
2015-06-16 06:00:00,22.7,95,0.0,6.6,158,-2.4724035165450196,6.1194134401407965
2015-06-16 07:00:00,25.8,86,0.0,7.7,152,-3.6149310334513602,6.798696465013737
2015-06-16 08:00:00,28.0,79,0.0,8.3,175,-0.7233926648055634,8.268415994161488
2015-06-16 09:00:00,29.4,75,0.0,10.2,203,3.985457510590592,9.389149505214892
2015-06-16 10:00:00,30.3,70,0.0,13.5,222,9.033263185844586,10.032455143944823
2015-06-16 11:00:00,31.0,66,0.0,14.6,232,11.50495700265814,8.98865753975461
2015-06-16 12:00:00,31.3,64,0.0,15.8,235,12.94260229976607,9.062507694346529
2015-06-16 13:00:00,31.7,62,0.0,15.3,236,12.684274860092138,8.555651423102429
2015-06-16 14:00:00,31.8,61,0.0,14.3,229,10.792346997185641,9.381644114564255
2015-06-16 15:00:00,31.4,63,0.0,13.2,227,9.65386886137305,9.00237835282498
2015-06-16 16:00:00,31.0,64,0.0,13.0,228,9.660882731206126,8.698697882665158
2015-06-16 17:00:00,30.6,66,0.0,11.0,221,7.2166493188955805,8.301805382450492
2015-06-16 18:00:00,29.8,70,0.0,8.7,225,6.151828996322964,6.151828996322962
2015-06-16 19:00:00,28.6,75,0.0,9.7,219,6.104407793183423,7.538315826132617
2015-06-16 20:00:00,27.2,84,0.0,10.7,213,5.82763767466079,8.973775077016036
2015-06-16 21:00:00,26.2,89,0.0,11.2,201,4.013721034907364,10.45610077676866
2015-06-16 22:00:00,25.9,88,0.0,10.9,186,1.1393602496174227,10.84028865951418
2015-06-16 23:00:00,25.3,89,0.0,11.2,182,0.3908743630680121,11.193177262613872
2015-06-17 00:00:00,24.0,94,0.0,11.6,173,-1.4136843834997095,11.513535359039336
2015-06-17 01:00:00,22.6,98,0.0,10.3,168,-2.1414904154229215,10.0749202875582
2015-06-17 02:00:00,22.3,98,0.0,9.1,162,-2.812054648812021,8.654614298285898
2015-06-17 03:00:00,22.4,95,0.0,8.0,162,-2.4721359549995787,7.608452130361229
2015-06-17 04:00:00,21.9,97,0.0,7.3,160,-2.4967470462773815,6.859756131737131
2015-06-17 05:00:00,21.8,95,0.0,7.9,156,-3.213219480298822,7.217009115376547
2015-06-17 06:00:00,22.2,93,0.0,7.7,143,-4.633975678270772,6.149493427364154
2015-06-17 07:00:00,25.8,80,0.0,8.4,149,-4.326319829244456,7.200205325897744
2015-06-17 08:00:00,28.7,65,0.0,9.3,164,-2.5634274090980913,8.939733772226367
2015-06-17 09:00:00,30.4,58,0.0,11.0,191,2.098898949141994,10.797899017924303
2015-06-17 10:00:00,31.3,56,0.1,13.0,214,7.269507745119708,10.777488443215542
2015-06-17 11:00:00,31.6,57,0.0,13.2,223,9.00237835282498,9.65386886137305
2015-06-17 12:00:00,31.9,58,0.0,13.7,225,9.687362902255702,9.6873629022557
2015-06-17 13:00:00,32.1,59,0.0,15.3,227,11.189711634773309,10.434574908956227
2015-06-17 14:00:00,31.9,61,0.0,15.8,227,11.555388485582894,10.775574088987476
2015-06-17 15:00:00,31.7,63,0.0,16.5,226,11.869106705587745,11.461863112573454
2015-06-17 16:00:00,31.2,65,0.0,16.6,222,11.107568065557048,12.336204102924745
2015-06-17 17:00:00,30.6,68,0.0,15.3,219,9.628601983062515,11.890333210291656
2015-06-17 18:00:00,29.6,73,0.0,12.1,217,7.281961780139786,9.663489671572243
2015-06-17 19:00:00,28.6,78,0.0,10.8,195,2.795245687107224,10.431998923921938
2015-06-17 20:00:00,27.5,83,0.0,11.2,180,6.858022075225178e-16,11.2
2015-06-17 21:00:00,26.6,87,0.0,11.2,176,-0.7812725059342036,11.17271736291003
2015-06-17 22:00:00,25.7,90,0.0,10.9,174,-1.1393602496174238,10.84028865951418
2015-06-17 23:00:00,25.0,92,0.0,11.5,176,-0.8021994480574413,11.471986577987979
2015-06-18 00:00:00,24.0,93,0.0,11.5,178,-0.401344212078761,11.492994510719601
2015-06-18 01:00:00,23.0,93,0.0,10.8,178,-0.3769145643870103,10.793420931806235
2015-06-18 02:00:00,22.7,91,0.0,8.7,173,-1.060263287624782,8.635151519279502
2015-06-18 03:00:00,21.8,92,0.0,8.5,168,-1.7672493719509543,8.314254606237348
2015-06-18 04:00:00,21.7,90,0.0,9.6,160,-3.2833933759264196,9.02104915954472
2015-06-18 05:00:00,21.6,88,0.0,11.3,153,-5.130092647056878,10.068373723328557
2015-06-18 06:00:00,22.1,85,0.0,12.0,147,-6.5356684201803255,10.064046815345087
2015-06-18 07:00:00,25.6,76,0.0,13.5,146,-7.5491041968550805,11.192007229493063
2015-06-18 08:00:00,29.1,56,0.0,12.6,160,-4.309453805903425,11.840127021902445
2015-06-18 09:00:00,30.4,54,0.0,12.7,188,1.7674983821928314,12.576404473017943
2015-06-18 10:00:00,31.2,55,0.1,13.7,207,6.219669846431791,12.206789381380638
2015-06-18 11:00:00,31.7,55,0.0,13.3,213,7.24369916569986,11.154318553674141
2015-06-18 12:00:00,32.0,56,0.0,14.3,214,7.9964585196316795,11.855237287537097
2015-06-18 13:00:00,32.1,56,0.0,15.4,213,8.387441139231417,12.91552674635953
2015-06-18 14:00:00,32.2,56,0.0,16.0,211,8.240609198560866,13.714676811233797
2015-06-18 15:00:00,31.8,59,0.0,15.9,213,8.65976065673893,13.334862030332243
2015-06-18 16:00:00,31.4,60,0.0,14.2,207,6.446665096301564,12.652292643474821
2015-06-18 17:00:00,30.9,62,0.0,13.0,199,4.232386007943038,12.291741482791117
2015-06-18 18:00:00,30.1,65,0.0,9.1,198,2.8120546488120217,8.654614298285896
2015-06-18 19:00:00,28.7,71,0.0,10.3,192,2.1414904154229224,10.074920287558198
2015-06-18 20:00:00,27.0,78,0.0,9.7,176,-0.6766377953180156,9.676371287520293
2015-06-18 21:00:00,25.6,82,0.0,9.2,169,-1.755442757464212,9.030970087718508
2015-06-18 22:00:00,24.6,85,0.0,9.6,167,-2.159530121701104,9.353952621938259
2015-06-18 23:00:00,23.9,87,0.0,9.5,169,-1.8126854560771757,9.325458242752807
2015-06-19 00:00:00,23.2,90,0.0,8.8,168,-1.8296228791962823,8.607698886457491
2015-06-19 01:00:00,22.8,91,0.0,8.5,168,-1.7672493719509543,8.314254606237348
2015-06-19 02:00:00,22.5,89,0.0,7.5,163,-2.192787785420525,7.172285669722767
2015-06-19 03:00:00,21.9,90,0.0,7.2,153,-3.2687315981247362,6.415246974156249
2015-06-19 04:00:00,21.8,87,0.0,8.0,153,-3.6319239979163735,7.128052193506943
2015-06-19 05:00:00,21.6,85,0.0,8.7,150,-4.349999999999998,7.534421012924616
2015-06-19 06:00:00,21.7,86,0.0,7.7,139,-5.0516545232269054,5.811263767715346
2015-06-19 07:00:00,25.9,76,0.0,8.2,131,-6.18861855782673,5.379684037722159
2015-06-19 08:00:00,28.9,61,0.0,7.4,151,-3.587591189822894,6.47218583283153
2015-06-19 09:00:00,30.0,60,0.0,8.3,185,0.7233926648055626,8.268415994161488
2015-06-19 10:00:00,30.9,60,0.0,8.2,209,3.975438886019964,7.171881598543044
2015-06-19 11:00:00,31.5,60,0.0,7.9,227,5.777694242791447,5.387787044493738
2015-06-19 12:00:00,32.0,60,0.0,8.7,240,7.534421012924616,4.349999999999999
2015-06-19 13:00:00,31.9,62,0.0,11.4,257,11.107818738551682,2.5644420195200612
2015-06-19 14:00:00,31.5,65,0.0,12.3,263,12.208317665188261,1.498992923883314
2015-06-19 15:00:00,31.5,65,0.0,11.1,257,10.81550771911611,2.4969567032169016
2015-06-19 16:00:00,31.2,66,0.0,9.8,253,9.371786608437748,2.8652427062828205
2015-06-19 17:00:00,30.5,68,0.0,8.4,250,7.8934180146016315,2.872969203935617
2015-06-19 18:00:00,29.7,72,0.0,6.5,214,3.634753872559854,5.388744221607771
2015-06-19 19:00:00,28.8,76,0.0,5.6,165,-1.4493866525741166,5.4091846272187825
2015-06-19 20:00:00,27.8,81,0.0,5.8,158,-2.17271824181229,5.377666356487367
2015-06-19 21:00:00,26.8,86,0.0,3.6,143,-2.1665340833473743,2.8750878361702537
2015-06-19 22:00:00,28.0,78,0.0,0.5,135,-0.35355339059327373,0.3535533905932738
2015-06-19 23:00:00,27.8,78,0.0,1.1,180,6.735557395310444e-17,1.1
2015-06-20 00:00:00,27.5,78,0.0,3.0,166,-0.7257656867990033,2.9108871788279895
2015-06-20 01:00:00,27.2,79,0.0,4.5,166,-1.088648530198505,4.366330768241984
2015-06-20 02:00:00,27.0,80,0.0,5.5,169,-1.0494494745709964,5.3989495089621515
2015-06-20 03:00:00,25.6,81,0.0,4.3,156,-1.748967565225941,3.9282454678631837
2015-06-20 04:00:00,25.3,81,0.0,3.2,153,-1.4527695991665495,2.8512208774027776
2015-06-20 05:00:00,24.6,83,0.0,3.4,148,-1.8017254983928963,2.8833635269318485
2015-06-20 06:00:00,23.8,88,0.0,3.3,131,-2.4905416147351476,2.1649947956686737
2015-06-20 07:00:00,26.9,79,0.0,3.4,122,-2.883363526931848,1.8017254983928965
2015-06-20 08:00:00,28.8,69,0.0,1.8,101,-1.7669289302057951,0.34345619167778096
2015-06-20 09:00:00,29.9,67,0.0,0.7000000000000001,360,4.2862637970157366e-17,-0.7000000000000001
2015-06-20 10:00:00,30.8,64,0.0,3.4,302,2.883363526931848,-1.8017254983928965
2015-06-20 11:00:00,31.4,63,0.0,5.8,300,5.022947341949744,-2.8999999999999995
2015-06-20 12:00:00,31.8,63,0.0,7.7,311,5.811263767715345,-5.051654523226906
2015-06-20 13:00:00,31.9,63,0.0,9.2,309,7.149742845404131,-5.789747597658503
2015-06-20 14:00:00,31.7,65,0.0,9.7,309,7.538315826132617,-6.104407793183422
2015-06-20 15:00:00,31.6,64,0.0,9.4,317,6.410784584587486,-6.874724795220202
2015-06-20 16:00:00,31.0,67,0.0,10.8,334,4.734408385322037,-9.706975700031006
2015-06-20 17:00:00,30.4,70,0.0,10.4,346,2.515987714236544,-10.091075553270363
2015-06-20 18:00:00,29.2,76,0.0,9.7,345,2.510544737494451,-9.369480515003962
2015-06-20 19:00:00,28.6,79,0.0,2.5,8,-0.3479327524001646,-2.475670171853926
2015-06-20 20:00:00,27.9,82,0.0,2.7,157,-1.0549740469210394,2.4853631043215887
2015-06-20 21:00:00,27.2,87,0.0,3.0,166,-0.7257656867990033,2.9108871788279895
2015-06-20 22:00:00,27.1,85,0.0,2.9,150,-1.4499999999999993,2.511473670974872
2015-06-20 23:00:00,27.6,82,0.0,3.5,156,-1.423578250765301,3.197409101749103
2015-06-21 00:00:00,27.4,82,0.0,4.7,171,-0.7352419856890848,4.6421352007971475
2015-06-21 01:00:00,27.0,83,0.0,5.1,172,-0.7097828148963332,5.050367150582009
2015-06-21 02:00:00,26.4,85,0.0,4.0,153,-1.8159619989581868,3.5640260967534716
2015-06-21 03:00:00,25.8,85,0.0,3.6,127,-2.8750878361702545,2.1665340833473734
2015-06-21 04:00:00,25.4,85,0.0,4.0,95,-3.984778792366982,0.3486229709906328
2015-06-21 05:00:00,25.4,84,0.0,4.0,95,-3.984778792366982,0.3486229709906328
2015-06-21 06:00:00,26.2,79,0.0,3.3,49,-2.490541614735148,-2.1649947956686733
2015-06-21 07:00:00,27.3,81,0.0,3.8,41,-2.4930243101639276,-2.8678964048465336
2015-06-21 08:00:00,28.7,73,0.0,4.4,9,-0.6883116461770166,-4.345828698618606
2015-06-21 09:00:00,29.6,70,0.0,6.3,347,1.4171916423663489,-6.1385314081469815
2015-06-21 10:00:00,30.5,67,0.0,8.9,339,3.1894747509531736,-8.308865795825096
2015-06-21 11:00:00,31.0,65,0.0,9.6,340,3.2833933759264204,-9.02104915954472
2015-06-21 12:00:00,31.5,63,0.0,10.2,337,3.985457510590592,-9.389149505214892
2015-06-21 13:00:00,31.2,64,0.0,10.6,332,4.976398565530443,-9.359244484304625
2015-06-21 14:00:00,31.2,65,0.0,12.1,343,3.5376976271451146,-11.571287547152728
2015-06-21 15:00:00,30.3,69,1.0,9.5,9,-1.4861274178821948,-9.383039235653808
2015-06-21 16:00:00,29.8,70,0.3,2.6,56,-2.1554976886431088,-1.4539015490239415
2015-06-21 17:00:00,29.6,71,0.0,1.3,146,-0.7269507745119708,1.0777488443215544
2015-06-21 18:00:00,29.1,73,0.0,6.6,351,1.032467469265524,-6.518743047927909
2015-06-21 19:00:00,28.3,77,0.0,5.2,12,-1.0811407922523508,-5.086367523815789
2015-06-21 20:00:00,27.7,81,0.0,5.6,45,-3.9597979746446668,-3.9597979746446654
2015-06-21 21:00:00,26.6,86,0.4,6.9,43,-4.705788684431241,-5.046340541172277
2015-06-21 22:00:00,26.8,83,0.0,4.6,39,-2.894873798829254,-3.5748714227020644
2015-06-21 23:00:00,25.6,89,0.0,1.1,270,1.1,0.0
2015-06-22 00:00:00,24.9,92,0.0,5.8,202,2.1727182418122895,5.377666356487367
2015-06-22 01:00:00,25.0,90,0.0,6.2,190,1.0766187015349686,6.10580806867569
2015-06-22 02:00:00,25.0,90,0.0,6.6,241,5.772490067120011,3.1997434936258244
2015-06-22 03:00:00,24.3,93,0.0,9.1,236,7.544241910250879,5.0886554215837965
2015-06-22 04:00:00,24.6,92,0.0,9.4,223,6.410784584587486,6.874724795220202
2015-06-22 05:00:00,26.0,88,0.0,7.9,223,5.387787044493738,5.777694242791447
2015-06-22 06:00:00,26.1,88,0.0,2.9,180,1.7757378587636622e-16,2.9
2015-06-22 07:00:00,26.7,87,0.0,1.8,90,-1.8,2.2043642384652358e-16
2015-06-22 08:00:00,27.9,80,0.0,3.1,315,2.1920310216782974,-2.192031021678297
2015-06-22 09:00:00,29.2,75,0.0,7.9,294,7.217009115376547,-3.2132194802988217
2015-06-22 10:00:00,29.8,70,0.1,8.1,291,7.5620014546273335,-2.902780391316932
2015-06-22 11:00:00,30.1,70,0.1,6.9,298,6.092338390726597,-3.2393537832226467
2015-06-22 12:00:00,30.0,72,0.1,7.6,301,6.5144714853360535,-3.9142893693164114
2015-06-22 13:00:00,29.7,72,0.0,9.7,301,8.31452281681049,-4.995869326627525
2015-06-22 14:00:00,29.7,72,0.1,7.1,336,2.8878301658381815,-6.486172749262466
2015-06-22 15:00:00,29.1,78,0.8,4.2,329,2.1631599146222276,-3.600102662948872
2015-06-22 16:00:00,28.7,80,1.0,5.7,305,4.669166652447253,-3.2693856872009626
2015-06-22 17:00:00,28.3,80,0.3,1.9,22,-0.7117525274902333,-1.7616493236768958
2015-06-22 18:00:00,27.2,87,1.6,5.5,337,2.1490212066910055,-5.062776693988422
2015-06-22 19:00:00,26.4,92,2.6,2.7,337,1.0549740469210391,-2.485363104321589
2015-06-22 20:00:00,25.7,95,2.8,1.3,304,1.0777488443215542,-0.726950774511971
2015-06-22 21:00:00,25.2,96,2.9,1.8,281,1.7669289302057951,-0.34345619167778063
2015-06-22 22:00:00,24.9,96,0.2,1.6,63,-1.4256104387013888,-0.7263847995832747
2015-06-22 23:00:00,25.4,92,0.0,6.6,81,-6.518743047927909,-1.0324674692655227
2015-06-23 00:00:00,24.5,95,0.0,2.6,56,-2.1554976886431088,-1.4539015490239415
2015-06-23 01:00:00,24.4,94,0.1,1.9,22,-0.7117525274902333,-1.7616493236768958
2015-06-23 02:00:00,25.3,89,0.0,2.3,108,-2.1874299874788528,0.7107390870623792
2015-06-23 03:00:00,26.3,87,0.0,4.9,163,-1.4326213531414098,4.685893304218874
2015-06-23 04:00:00,26.3,87,0.0,4.2,149,-2.163159914622228,3.600102662948872
2015-06-23 05:00:00,26.1,87,0.0,3.4,162,-1.050657780874821,3.2335921554035223
2015-06-23 06:00:00,26.0,88,0.0,1.1,72,-1.046162167924669,-0.33991869381244205
2015-06-23 07:00:00,26.8,89,0.0,0.7000000000000001,90,-0.7000000000000001,8.572527594031473e-17
2015-06-23 08:00:00,27.9,85,0.0,2.3,51,-1.7874357113510326,-1.4474368994146265
2015-06-23 09:00:00,29.0,79,0.0,0.4,90,-0.4,4.898587196589413e-17
2015-06-23 10:00:00,29.8,75,0.0,3.4,198,1.0506577808748212,3.233592155403522
2015-06-23 11:00:00,30.0,76,0.0,7.9,227,5.777694242791447,5.387787044493738
2015-06-23 12:00:00,30.0,76,0.0,8.3,236,6.881011852206846,4.6413010988072
2015-06-23 13:00:00,29.9,77,0.7000000000000001,8.7,218,5.356254835333226,6.855693556378481
2015-06-23 14:00:00,29.5,80,1.4,9.4,212,4.981241083792126,7.9716521038704045
2015-06-23 15:00:00,28.9,81,1.0,11.9,215,6.8255595925774495,9.747909327039002
2015-06-23 16:00:00,28.3,83,0.4,6.2,187,0.7555899291119145,6.153786140176196
2015-06-23 17:00:00,28.4,82,0.0,2.5,135,-1.7677669529663687,1.7677669529663689
2015-06-23 18:00:00,28.1,84,0.0,1.3,326,0.7269507745119709,-1.0777488443215544
2015-06-23 19:00:00,27.7,86,0.0,4.0,175,-0.34862297099063294,3.984778792366982
2015-06-23 20:00:00,26.5,91,0.1,5.9,166,-1.42733918403804,5.7247447850283795
2015-06-23 21:00:00,26.2,90,0.5,5.9,169,-1.1257730727216144,5.791600382341218
2015-06-23 22:00:00,26.0,90,0.2,3.9,124,-3.2332465329646625,2.180852323535913
2015-06-23 23:00:00,25.5,92,0.0,2.1,211,1.0815799573111138,1.800051331474436
2015-06-24 00:00:00,26.0,87,0.0,1.8,127,-1.4375439180851273,1.0832670416736867
2015-06-24 01:00:00,25.6,88,0.0,4.9,126,-3.9641832724372423,2.880147736233119
2015-06-24 02:00:00,25.5,89,0.0,5.7,125,-4.669166652447254,3.269385687200962
2015-06-24 03:00:00,25.8,86,0.0,4.3,156,-1.748967565225941,3.9282454678631837
2015-06-24 04:00:00,25.4,87,0.0,5.1,172,-0.7097828148963332,5.050367150582009
2015-06-24 05:00:00,24.4,91,0.0,5.9,169,-1.1257730727216144,5.791600382341218
2015-06-24 06:00:00,24.1,94,0.0,5.5,169,-1.0494494745709964,5.3989495089621515
2015-06-24 07:00:00,26.2,92,0.0,7.4,157,-2.891410350820626,6.811735915548058
2015-06-24 08:00:00,28.0,79,0.0,7.7,152,-3.6149310334513602,6.798696465013737
2015-06-24 09:00:00,29.1,74,0.0,8.3,182,0.289665822630759,8.294943864258496
2015-06-24 10:00:00,30.2,71,0.0,11.6,210,5.800000000000001,10.045894683899487
2015-06-24 11:00:00,30.8,70,0.0,17.1,221,11.218609395737674,12.905533821809403
2015-06-24 12:00:00,30.4,72,0.1,20.3,217,12.216844969986582,16.212300853960045
2015-06-24 13:00:00,29.6,76,0.2,18.6,212,9.856498314737612,15.773694588509525
2015-06-24 14:00:00,29.9,76,0.5,16.6,204,6.751828275058284,15.164854596867176
2015-06-24 15:00:00,29.0,77,0.3,19.4,215,11.127382865210295,15.89154965920644
2015-06-24 16:00:00,27.7,82,0.1,20.3,205,8.5791507133362,18.398048076843995
2015-06-24 17:00:00,27.2,84,0.0,14.8,184,1.0323958114130536,14.763947943845398
2015-06-24 18:00:00,27.2,84,0.0,8.8,168,-1.8296228791962823,8.607698886457491
2015-06-24 19:00:00,27.1,85,0.0,8.0,144,-4.702282018339784,6.47213595499958
2015-06-24 20:00:00,26.3,88,0.0,8.3,198,2.564841053312064,7.893769085249775
2015-06-24 21:00:00,25.4,91,0.0,9.7,182,0.33852511801426044,9.694091022085228
2015-06-24 22:00:00,24.8,93,0.0,9.2,169,-1.755442757464212,9.030970087718508
2015-06-24 23:00:00,24.3,93,0.0,10.1,163,-2.95295421769964,9.658678035226659
2015-06-25 00:00:00,23.8,93,0.0,8.2,165,-2.122316169840671,7.92059177557036
2015-06-25 01:00:00,23.4,94,0.0,8.7,173,-1.060263287624782,8.635151519279502
2015-06-25 02:00:00,23.4,92,0.0,10.6,170,-1.8406706832694613,10.438962181929405
2015-06-25 03:00:00,23.5,89,0.0,12.0,173,-1.4624321208617683,11.910553819695865
2015-06-25 04:00:00,23.5,87,0.0,13.0,178,-0.4536934571325124,12.992080751248245
2015-06-25 05:00:00,23.9,84,0.0,13.7,183,0.7170026005283323,13.681224626137661
2015-06-25 06:00:00,24.8,79,0.0,12.1,190,2.101142949769858,11.916173811447717
2015-06-25 07:00:00,27.1,76,0.0,11.2,186,1.1707187885977186,11.13864522812466
2015-06-25 08:00:00,28.8,69,0.0,12.9,193,2.9018686010358574,12.569373835729534
2015-06-25 09:00:00,29.6,68,0.6,16.9,196,4.658271313307285,16.245322661357587
2015-06-25 10:00:00,30.1,68,1.0,17.8,201,6.378949501906347,16.61773159165019
2015-06-25 11:00:00,30.5,67,0.1,20.0,203,7.814622569785474,18.410097069048806
2015-06-25 12:00:00,31.2,66,0.0,20.9,209,10.132521063148445,18.27955187921337
2015-06-25 13:00:00,31.2,66,0.0,22.8,215,13.077542748803852,18.676666609789013
2015-06-25 14:00:00,30.7,69,0.0,22.6,214,12.637759618438878,18.736249139743943
2015-06-25 15:00:00,30.0,73,0.3,17.4,207,7.899434695468114,15.503513520877599
2015-06-25 16:00:00,28.8,77,0.6,17.3,197,5.058030491703346,16.544072278160513
2015-06-25 17:00:00,28.5,79,0.0,14.6,190,2.535263393937184,14.378193193978237
2015-06-25 18:00:00,28.1,81,0.0,11.5,178,-0.401344212078761,11.492994510719601
2015-06-25 19:00:00,27.4,83,0.0,12.4,172,-1.7257464519048105,12.279324052395474
2015-06-25 20:00:00,26.8,84,0.0,13.4,160,-4.583069920563961,12.591881118531173
2015-06-25 21:00:00,26.4,83,0.0,11.8,157,-4.610627316173431,10.861957270738795
2015-06-25 22:00:00,25.7,86,0.0,10.5,174,-1.0975488643103624,10.44247990136687
2015-06-25 23:00:00,25.1,88,0.0,11.3,189,1.7677094549546095,11.160878248725057
2015-06-26 00:00:00,24.7,88,0.0,11.3,187,1.3771235804781667,11.215771513546938
2015-06-26 01:00:00,24.4,87,0.0,11.9,178,-0.41530401075976137,11.89275084152724
2015-06-26 02:00:00,24.2,84,0.0,11.9,178,-0.41530401075976137,11.89275084152724
2015-06-26 03:00:00,23.9,82,0.0,13.0,178,-0.4536934571325124,12.992080751248245
2015-06-26 04:00:00,24.0,80,0.0,12.6,175,-1.0981623586204938,12.552053195955994
2015-06-26 05:00:00,23.8,80,0.0,11.9,175,-1.037153338697133,11.854716907291772
2015-06-26 06:00:00,24.0,82,0.0,9.4,184,0.6557108531947772,9.377102072442348
2015-06-26 07:00:00,27.3,72,0.0,10.9,186,1.1393602496174227,10.84028865951418
2015-06-26 08:00:00,29.0,65,0.0,12.4,188,1.7257464519048118,12.279324052395474
2015-06-26 09:00:00,30.0,64,0.0,14.6,196,4.024305394928188,14.034420760699456
2015-06-26 10:00:00,30.5,65,0.0,16.2,201,5.805560782633866,15.124002909254667
2015-06-26 11:00:00,31.2,64,0.0,15.8,204,6.426438960597643,14.434018230753095
2015-06-26 12:00:00,31.6,64,0.0,17.1,210,8.550000000000002,14.809034404713902
2015-06-26 13:00:00,31.8,64,0.0,18.4,215,10.553806428859248,15.072397614917447
2015-06-26 14:00:00,30.3,70,0.5,19.8,213,10.783852893297537,16.605677245319395
2015-06-26 15:00:00,31.1,68,0.0,21.2,212,11.234288401743944,17.97861963851623
2015-06-26 16:00:00,30.6,71,0.0,19.5,208,9.154695474324871,17.217478060749073
2015-06-26 17:00:00,30.4,72,0.0,17.4,204,7.077217589518923,15.895690962981254
2015-06-26 18:00:00,29.5,76,0.0,13.2,206,5.786499137615822,11.864081411149003
2015-06-26 19:00:00,28.4,80,0.0,12.1,190,2.101142949769858,11.916173811447717
2015-06-26 20:00:00,27.4,84,0.0,11.2,178,-0.39087436306801066,11.193177262613872
2015-06-26 21:00:00,26.5,87,0.0,10.5,174,-1.0975488643103624,10.44247990136687
2015-06-26 22:00:00,25.7,89,0.0,10.5,172,-1.4613175600806863,10.397814721786489
2015-06-26 23:00:00,25.1,89,0.0,11.6,175,-1.0110066158728355,11.555858497864248
2015-06-27 00:00:00,24.6,88,0.0,11.5,176,-0.8021994480574413,11.471986577987979
2015-06-27 01:00:00,24.2,87,0.0,11.9,177,-0.6227978792910317,11.88369146357943
2015-06-27 02:00:00,23.9,86,0.0,12.3,177,-0.6437322617882093,12.283143277481258
2015-06-27 03:00:00,23.6,86,0.0,12.6,177,-0.6594330486610924,12.58273213790763
2015-06-27 04:00:00,23.5,85,0.0,12.6,178,-0.439733658451512,12.592324420440606
2015-06-27 05:00:00,23.5,84,0.0,15.1,180,9.246083333562517e-16,15.1
2015-06-27 06:00:00,24.1,83,0.0,13.7,177,-0.7170026005283306,13.681224626137661
2015-06-27 07:00:00,27.3,73,0.0,14.4,177,-0.7536377698983914,14.380265300465863
2015-06-27 08:00:00,29.1,66,0.0,15.9,186,1.66200256595569,15.812898136355546
2015-06-27 09:00:00,30.4,64,0.0,18.9,194,4.572323826833719,18.33858922661633
2015-06-27 10:00:00,31.3,62,0.0,20.5,202,7.679435165026195,19.00726901861914
2015-06-27 11:00:00,31.7,62,0.0,20.6,209,9.987078177074546,18.017165967071552
2015-06-27 12:00:00,31.6,63,0.0,21.7,216,12.754939974746666,17.555668777936358
2015-06-27 13:00:00,31.5,65,0.2,22.7,222,15.189264764346081,16.86938753833685
2015-06-27 14:00:00,30.9,68,0.3,20.4,221,13.383604191406347,15.396075436544548
2015-06-27 15:00:00,30.7,68,0.4,17.7,218,10.897208113264151,13.94779033883898
2015-06-27 16:00:00,30.2,69,0.2,14.3,208,6.71344334783824,12.626150577882655
2015-06-27 17:00:00,29.7,72,0.0,12.8,196,3.5281581544575893,12.304149708010483
2015-06-27 18:00:00,29.0,76,0.0,10.5,186,1.0975488643103612,10.44247990136687
2015-06-27 19:00:00,28.0,80,0.0,11.4,162,-3.5227937358743997,10.842044285764752
2015-06-27 20:00:00,27.1,83,0.0,10.8,154,-4.734408385322038,9.706975700031004
2015-06-27 21:00:00,26.1,87,0.0,10.2,157,-3.9854575105905923,9.38914950521489
2015-06-27 22:00:00,25.3,88,0.0,10.9,163,-3.1868515814778298,10.423721839997087
2015-06-27 23:00:00,24.8,89,0.0,12.1,168,-2.515731458894888,11.835585968879048
2015-06-28 00:00:00,24.3,89,0.0,12.8,170,-2.222696674136708,12.605539238556263
2015-06-28 01:00:00,23.8,89,0.0,12.8,170,-2.222696674136708,12.605539238556263
2015-06-28 02:00:00,23.1,90,0.0,11.9,175,-1.037153338697133,11.854716907291772
2015-06-28 03:00:00,23.6,84,0.0,11.9,177,-0.6227978792910317,11.88369146357943
2015-06-28 04:00:00,23.3,84,0.0,11.9,175,-1.037153338697133,11.854716907291772
2015-06-28 05:00:00,23.1,83,0.0,11.3,173,-1.3771235804781654,11.21577151354694
2015-06-28 06:00:00,23.7,81,0.0,8.1,167,-1.8221035401853067,7.892397524760405
2015-06-28 07:00:00,27.2,73,0.0,8.8,171,-1.3766232923540314,8.691657397237213
2015-06-28 08:00:00,29.3,62,0.0,10.4,182,0.36295476570601126,10.393664600998596
2015-06-28 09:00:00,30.1,63,0.1,13.6,191,2.5950023371210107,13.35012969488823
2015-06-28 10:00:00,30.7,63,0.0,14.6,196,4.024305394928188,14.034420760699456
2015-06-28 11:00:00,30.9,63,0.0,15.7,200,5.369716250213,14.75317414633876
2015-06-28 12:00:00,31.4,62,0.1,16.0,211,8.240609198560866,13.714676811233797
2015-06-28 13:00:00,31.4,63,0.2,16.2,217,9.749403375063183,12.937895262766144
2015-06-28 14:00:00,31.3,64,0.2,15.5,216,9.110671410533334,12.539763412811686
2015-06-28 15:00:00,31.0,67,0.0,15.4,213,8.387441139231417,12.91552674635953
2015-06-28 16:00:00,30.8,69,0.0,14.8,209,7.17518237964579,12.944371665663057
2015-06-28 17:00:00,30.2,71,0.1,13.9,205,5.874393838195722,12.597678239809435
2015-06-28 18:00:00,29.5,74,0.0,12.3,195,3.183474254761005,11.88088766335554
2015-06-28 19:00:00,28.5,77,0.0,10.4,182,0.36295476570601126,10.393664600998596
2015-06-28 20:00:00,27.6,81,0.0,11.0,169,-2.0988989491419927,10.797899017924303
2015-06-28 21:00:00,26.6,84,0.0,10.4,166,-2.515987714236545,10.091075553270363
2015-06-28 22:00:00,25.6,89,0.0,10.2,172,-1.4195656297926664,10.100734301164017
2015-06-28 23:00:00,24.9,89,0.0,11.2,184,0.7812725059342026,11.17271736291003
2015-06-29 00:00:00,24.2,91,0.0,10.8,182,0.3769145643870117,10.793420931806235
2015-06-29 01:00:00,23.7,92,0.0,9.7,176,-0.6766377953180156,9.676371287520293
2015-06-29 02:00:00,23.3,93,0.0,9.4,176,-0.6557108531947782,9.377102072442348
2015-06-29 03:00:00,22.9,92,0.0,9.1,171,-1.4235536318661004,8.987963899415753
2015-06-29 04:00:00,22.7,91,0.0,8.8,168,-1.8296228791962823,8.607698886457491
2015-06-29 05:00:00,22.5,89,0.0,8.8,168,-1.8296228791962823,8.607698886457491
2015-06-29 06:00:00,22.7,88,0.0,8.0,170,-1.3891854213354424,7.878462024097664
2015-06-29 07:00:00,26.9,75,0.0,9.1,187,1.1090110249868421,9.032169979936029
2015-06-29 08:00:00,29.1,65,0.1,11.5,200,3.9332316482451914,10.806465139037945
2015-06-29 09:00:00,30.0,66,0.2,14.3,208,6.71344334783824,12.626150577882655
2015-06-29 10:00:00,30.4,66,0.3,16.7,217,10.050310886639208,13.33721301778979
2015-06-29 11:00:00,30.3,68,0.3,17.1,228,12.707776515663443,11.442133368736476
2015-06-29 12:00:00,30.4,68,0.2,16.1,228,11.964631690186048,10.773002762377619
2015-06-29 13:00:00,30.2,70,0.0,14.8,221,9.709673629059509,11.169701787297026
2015-06-29 14:00:00,30.5,69,0.0,15.0,207,6.809857496093202,13.365097862825516
2015-06-29 15:00:00,30.3,73,0.0,15.7,196,4.327506486326887,15.091808626231606
2015-06-29 16:00:00,30.4,70,0.0,16.1,190,2.79573566043758,15.855404823496551
2015-06-29 17:00:00,30.3,69,0.0,15.5,185,1.3509140125887011,15.441017820422056
2015-06-29 18:00:00,29.7,70,0.0,13.4,185,1.167886952818619,13.34900895442939
2015-06-29 19:00:00,28.8,73,0.0,12.6,180,7.715274834628325e-16,12.6
2015-06-29 20:00:00,27.7,77,0.0,11.2,176,-0.7812725059342036,11.17271736291003
2015-06-29 21:00:00,26.6,82,0.0,9.7,178,-0.3385251180142592,9.694091022085228
2015-06-29 22:00:00,25.6,86,0.0,9.0,180,5.51091059616309e-16,9.0
2015-06-29 23:00:00,24.8,87,0.0,9.7,184,0.6766377953180147,9.676371287520293
2015-06-30 00:00:00,24.0,89,0.0,10.1,182,0.3524849166952609,10.093847352892867
2015-06-30 01:00:00,23.7,89,0.0,10.1,176,-0.7045403848156658,10.075396907624224
2015-06-30 02:00:00,23.4,88,0.0,9.8,174,-1.024378940023005,9.746314574609078
2015-06-30 03:00:00,22.9,87,0.1,10.5,176,-0.732442974313316,10.474422527728153
2015-06-30 04:00:00,22.5,88,0.0,11.2,180,6.858022075225178e-16,11.2
2015-06-30 05:00:00,22.7,86,0.0,10.8,178,-0.3769145643870103,10.793420931806235
2015-06-30 06:00:00,23.2,85,0.0,10.9,172,-1.5169868004647125,10.793921949283117
2015-06-30 07:00:00,26.5,73,0.0,13.1,172,-1.823167622576856,12.972511700514572
2015-06-30 08:00:00,28.4,66,0.0,14.4,177,-0.7536377698983914,14.380265300465863
2015-06-30 09:00:00,29.4,66,0.0,15.7,191,2.995701227411755,15.411546780128324
2015-06-30 10:00:00,30.4,65,0.0,17.0,201,6.092255142270107,15.870867250452429
2015-06-30 11:00:00,30.6,65,0.3,19.7,211,10.146250075728066,16.886195823831613
2015-06-30 12:00:00,30.7,66,0.3,20.5,214,11.46345452115031,16.995270237378357
2015-06-30 13:00:00,30.7,67,0.4,21.1,217,12.698296988508222,16.85120926199788
2015-06-30 14:00:00,30.9,67,0.0,20.9,212,11.075312622473982,17.7242052096693
2015-06-30 15:00:00,30.9,66,0.0,21.1,205,8.917245322728759,19.123094306473316
2015-06-30 16:00:00,30.8,66,0.0,20.1,201,7.203195785860538,18.764966572593757
2015-06-30 17:00:00,30.7,65,0.0,19.6,197,5.730485412565641,18.743573216875497
2015-06-30 18:00:00,30.0,66,0.0,15.5,198,4.789763412811686,14.74137600257488
2015-06-30 19:00:00,28.7,70,0.0,14.9,195,3.856403772027559,14.392294811707119
2015-06-30 20:00:00,27.7,75,0.0,13.4,188,1.8649195528648772,13.269592121137043
2015-06-30 21:00:00,26.7,79,0.0,12.3,183,0.6437322617882109,12.283143277481258
2015-06-30 22:00:00,26.0,81,0.0,11.2,174,-1.1707187885977197,11.13864522812466
2015-06-30 23:00:00,25.2,83,0.0,11.0,169,-2.0988989491419927,10.797899017924303
2015-07-01 00:00:00,24.6,83,0.1,11.4,167,-2.5644420195200612,11.107818738551682
2015-07-01 01:00:00,24.2,82,0.2,12.2,166,-2.951447126315947,11.837607860567156
2015-07-01 02:00:00,23.7,81,0.1,13.0,166,-3.144984642795681,12.613844441587954
2015-07-01 03:00:00,23.6,74,0.0,12.7,165,-3.2870018728020147,12.267257993871167
2015-07-01 04:00:00,23.3,75,0.0,12.1,168,-2.515731458894888,11.835585968879048
2015-07-01 05:00:00,23.0,77,0.1,11.7,171,-1.8302832409707004,11.555953584963111
2015-07-01 06:00:00,23.2,79,0.2,12.2,166,-2.951447126315947,11.837607860567156
2015-07-01 07:00:00,27.2,65,0.0,13.4,175,-1.1678869528186204,13.34900895442939
2015-07-01 08:00:00,29.0,60,0.0,15.2,187,1.8524140197582417,15.086701504948094
2015-07-01 09:00:00,30.2,60,0.0,17.4,198,5.376895702124085,16.54838338353567
2015-07-01 10:00:00,31.2,59,0.0,18.4,203,7.189452764202636,16.937289303524903
2015-07-01 11:00:00,31.8,58,0.0,19.5,205,8.24105610394364,17.673001847214675
2015-07-01 12:00:00,31.4,60,0.2,20.6,209,9.987078177074546,18.017165967071552
2015-07-01 13:00:00,31.0,64,0.1,22.7,213,12.363306094841114,19.037821892361126
2015-07-01 14:00:00,31.2,63,0.0,21.7,209,10.520368759345516,18.979247644924886
2015-07-01 15:00:00,31.0,65,0.0,20.7,203,8.088134359727965,19.054450466465514
2015-07-01 16:00:00,30.7,67,0.0,19.4,198,5.99492969087398,18.450496416125976
2015-07-01 17:00:00,30.1,69,0.0,17.3,192,3.596872251147239,16.921953492694836
2015-07-01 18:00:00,29.5,71,0.0,14.6,189,2.2839431895873714,14.420249772689012
2015-07-01 19:00:00,28.5,75,0.0,14.4,181,0.2513146526968838,14.397806810252035
2015-07-01 20:00:00,27.7,77,0.0,14.1,177,-0.7379369830255081,14.080676440039491
2015-07-01 21:00:00,27.0,80,0.0,13.3,178,-0.46416330614326273,13.291897999353974
2015-07-01 22:00:00,26.4,81,0.0,13.3,177,-0.6960682180311532,13.281772812235833
2015-07-01 23:00:00,25.9,82,0.0,12.6,180,7.715274834628325e-16,12.6
2015-07-02 00:00:00,25.4,83,0.0,12.6,180,7.715274834628325e-16,12.6
2015-07-02 01:00:00,25.1,83,0.0,13.4,174,-1.4006814077865577,13.326593397934863
2015-07-02 02:00:00,24.9,81,0.0,13.8,171,-2.1587956175551852,13.630099100212902
2015-07-02 03:00:00,24.5,80,0.0,13.8,171,-2.1587956175551852,13.630099100212902
2015-07-02 04:00:00,24.4,80,0.0,13.3,167,-2.991849022773405,12.959121861643629
2015-07-02 05:00:00,24.3,82,0.0,12.8,169,-2.4423551408197737,12.5648279481301
2015-07-02 06:00:00,24.4,83,0.0,12.6,167,-2.8343832847326995,12.277062816293963
2015-07-02 07:00:00,26.8,74,0.0,13.6,168,-2.827598995121527,13.302807369979757
2015-07-02 08:00:00,28.3,69,0.0,14.9,172,-2.0736792043049737,14.7549942242494
2015-07-02 09:00:00,29.7,66,0.0,14.4,176,-1.0044932219154048,14.36492232374147
2015-07-02 10:00:00,30.5,64,0.0,15.3,188,2.129348444689002,15.151101451746028
2015-07-02 11:00:00,30.6,65,0.4,16.8,203,6.564282958619799,15.464481538001
2015-07-02 12:00:00,31.2,64,0.0,18.5,204,7.524627896902304,16.900590966388116
2015-07-02 13:00:00,31.3,64,0.1,19.7,208,9.24858978688205,17.394067579320858
2015-07-02 14:00:00,31.5,64,0.1,20.5,211,10.55828053565611,17.571929664393302
2015-07-02 15:00:00,31.4,63,0.2,20.5,208,9.624167037110762,18.100425653608
2015-07-02 16:00:00,31.2,65,0.1,19.8,205,8.36784158246585,17.94489418332567
2015-07-02 17:00:00,30.6,68,0.0,17.8,201,6.378949501906347,16.61773159165019
2015-07-02 18:00:00,29.4,74,0.0,15.0,201,5.375519243179506,14.003706397458027
2015-07-02 19:00:00,28.2,78,0.0,12.6,180,7.715274834628325e-16,12.6
2015-07-02 20:00:00,27.5,80,0.0,10.8,165,-2.7952456871072253,10.431998923921938
2015-07-02 21:00:00,26.7,82,0.0,9.2,159,-3.296985135816762,8.588939923774255
2015-07-02 22:00:00,25.7,86,0.0,9.5,155,-4.0148734865366436,8.609923976848176
2015-07-02 23:00:00,25.0,87,0.0,9.0,157,-3.5165801564034638,8.284543681071963
2015-07-03 00:00:00,24.4,87,0.0,8.7,163,-2.5436338310878086,8.31985137687841
2015-07-03 01:00:00,23.9,86,0.0,7.6,161,-2.4743179738743906,7.185941174554808
2015-07-03 02:00:00,23.5,85,0.0,8.4,149,-4.326319829244456,7.200205325897744
2015-07-03 03:00:00,22.3,90,0.0,8.9,148,-4.716281451675523,7.547628055792193
2015-07-03 04:00:00,22.1,90,0.0,7.9,156,-3.213219480298822,7.217009115376547
2015-07-03 05:00:00,21.8,90,0.0,7.6,161,-2.4743179738743906,7.185941174554808
2015-07-03 06:00:00,22.1,89,0.0,5.5,157,-2.149021206691006,5.062776693988422
2015-07-03 07:00:00,26.2,77,0.0,7.4,157,-2.891410350820626,6.811735915548058
2015-07-03 08:00:00,28.9,63,0.0,8.3,175,-0.7233926648055634,8.268415994161488
2015-07-03 09:00:00,30.1,61,0.0,10.5,196,2.8941922360784913,10.093247807352348
2015-07-03 10:00:00,31.0,59,0.0,13.5,209,6.544929873325551,11.807366046381842
2015-07-03 11:00:00,31.7,58,0.0,15.0,215,8.603646545265692,12.287280664334878
2015-07-03 12:00:00,32.1,58,0.0,15.3,225,10.818733752154179,10.818733752154177
2015-07-03 13:00:00,31.7,62,0.0,15.9,231,12.356620787165838,10.006194217692414
2015-07-03 14:00:00,30.9,67,0.0,17.1,229,12.905533821809403,11.218609395737674
2015-07-03 15:00:00,31.0,65,0.0,16.8,235,13.761754344055063,9.636084130697574
2015-07-03 16:00:00,29.8,71,0.1,14.3,236,11.855237287537095,7.996458519631681
2015-07-03 17:00:00,29.1,74,0.1,10.9,214,6.09520264783114,9.036509540849956
2015-07-03 18:00:00,28.6,76,0.0,7.3,171,-1.1419715947936848,7.210124886344506
2015-07-03 19:00:00,27.9,79,0.0,7.6,155,-3.211898789229315,6.88793918147854
2015-07-03 20:00:00,27.3,82,0.0,6.9,137,-4.705788684431239,5.0463405411722775
2015-07-03 21:00:00,26.5,87,0.0,6.9,129,-5.3623071340531,4.342310698243878
2015-07-03 22:00:00,25.9,87,0.0,6.4,137,-4.364789504399989,4.6806636903626915
2015-07-03 23:00:00,25.8,85,0.0,4.2,149,-2.163159914622228,3.600102662948872
2015-07-04 00:00:00,25.8,83,0.0,2.4,153,-1.089577199374912,2.138415658052083
2015-07-04 01:00:00,26.7,78,0.0,1.5,166,-0.36288284339950166,1.4554435894139948
2015-07-04 02:00:00,26.7,78,0.0,1.3,146,-0.7269507745119708,1.0777488443215544
2015-07-04 03:00:00,26.5,79,0.0,1.3,124,-1.0777488443215542,0.726950774511971
2015-07-04 04:00:00,25.7,82,0.0,1.6,117,-1.4256104387013886,0.7263847995832751
2015-07-04 05:00:00,25.8,81,0.0,1.4,90,-1.4,1.7145055188062944e-16
2015-07-04 06:00:00,25.4,84,0.0,2.9,30,-1.4500000000000013,-2.5114736709748713
2015-07-04 07:00:00,26.8,84,0.0,1.6,27,-0.7263847995832751,-1.4256104387013886
2015-07-04 08:00:00,28.6,78,0.0,3.7,349,0.7059932828932162,-3.632020578756357
2015-07-04 09:00:00,30.0,72,0.0,5.5,328,2.914555953282627,-4.664264528860342
2015-07-04 10:00:00,31.0,67,0.0,7.9,313,5.777694242791447,-5.387787044493738
2015-07-04 11:00:00,31.7,64,0.0,11.2,312,8.323222045346816,-7.494262791219212
2015-07-04 12:00:00,31.8,64,0.0,15.5,318,10.371524398562302,-11.518744794899611
2015-07-04 13:00:00,31.2,67,0.0,15.7,323,9.448495863487159,-12.538577507742497
2015-07-04 14:00:00,31.1,68,0.0,13.6,338,5.094649670456403,-12.60970042210831
2015-07-04 15:00:00,29.7,69,0.2,15.2,355,1.3247672897644036,-15.142159410994532
2015-07-04 16:00:00,29.9,68,0.0,15.5,1,-0.2705122997778942,-15.497639274924065
2015-07-04 17:00:00,29.9,68,0.0,14.8,1,-0.2582956152717958,-14.79774588831459
2015-07-04 18:00:00,29.1,71,0.0,16.6,359,0.2897099468589078,-16.597471739596095
2015-07-04 19:00:00,28.2,77,0.0,15.3,9,-2.393447315115535,-15.111631611105606
2015-07-04 20:00:00,27.4,83,0.0,14.3,10,-2.483168940637104,-14.082750868074575
2015-07-04 21:00:00,26.8,88,0.0,14.8,6,-1.5470212563612697,-14.718924051450447
2015-07-04 22:00:00,26.2,92,0.0,15.9,6,-1.6620025659556885,-15.812898136355548
2015-07-04 23:00:00,25.7,94,0.0,15.5,4,-1.0812253430339465,-15.462242779027275
2015-07-05 00:00:00,25.4,95,0.0,14.4,3,-0.753637769898398,-14.380265300465863
2015-07-05 01:00:00,25.9,95,0.0,13.0,5,-1.1330246557195571,-12.950531075192693
2015-07-05 02:00:00,26.4,93,0.0,12.3,3,-0.643732261788215,-12.283143277481258
2015-07-05 03:00:00,25.8,93,0.0,11.6,5,-1.0110066158728357,-11.555858497864248
2015-07-05 04:00:00,26.1,92,0.0,10.5,6,-1.0975488643103604,-10.442479901366871
2015-07-05 05:00:00,26.0,92,0.0,9.7,356,0.6766377953180147,-9.676371287520293
2015-07-05 06:00:00,26.1,91,0.0,9.4,358,0.3280552690035102,-9.394273773979501
2015-07-05 07:00:00,27.7,86,0.0,11.3,7,-1.3771235804781632,-11.21577151354694
2015-07-05 08:00:00,29.2,77,0.0,14.1,4,-0.9835662797921707,-14.06565310866352
2015-07-05 09:00:00,30.8,69,0.0,14.6,351,2.2839431895873714,-14.420249772689012
2015-07-05 10:00:00,31.9,64,0.0,14.6,340,4.993494092554765,-13.719512263474261
2015-07-05 11:00:00,32.6,61,0.0,15.0,333,6.809857496093202,-13.365097862825516
2015-07-05 12:00:00,32.2,63,0.0,16.2,347,3.6442070803706117,-15.78479504952081
2015-07-05 13:00:00,32.6,61,0.0,16.2,348,3.368169391247703,-15.845991131887649
2015-07-05 14:00:00,32.5,62,0.0,14.7,349,2.8048922320352103,-14.42991959668066
2015-07-05 15:00:00,31.0,70,0.8,16.2,357,0.8478424911356922,-16.177798463024097
2015-07-05 16:00:00,30.9,71,0.4,12.0,351,1.877213580482771,-11.852260087141653
2015-07-05 17:00:00,30.5,73,0.0,13.4,336,5.450271017215723,-12.241509132410853
2015-07-05 18:00:00,28.8,85,0.7000000000000001,18.5,347,4.161594505361501,-18.025846198526853
2015-07-05 19:00:00,27.8,91,1.2,15.7,349,2.995701227411755,-15.411546780128324
2015-07-05 20:00:00,27.6,92,0.9,17.1,352,2.3798600264171195,-16.933583975480854
2015-07-05 21:00:00,27.2,95,1.1,15.8,360,9.67470971326409e-16,-15.8
2015-07-05 22:00:00,26.7,96,3.0,13.0,2,-0.4536934571325099,-12.992080751248245
2015-07-05 23:00:00,26.7,96,2.4,10.8,360,6.613092715395707e-16,-10.8
2015-07-06 00:00:00,26.4,97,3.1,9.7,356,0.6766377953180147,-9.676371287520293
2015-07-06 01:00:00,26.3,97,3.4,10.1,354,1.0557374790032998,-10.04467114321956
2015-07-06 02:00:00,26.3,97,3.6,11.9,357,0.6227978792910333,-11.88369146357943
2015-07-06 03:00:00,26.5,96,0.0,11.2,358,0.3908743630680121,-11.193177262613872
2015-07-06 04:00:00,26.3,97,0.0,10.4,360,6.368163355566237e-16,-10.4
2015-07-06 05:00:00,26.4,97,0.0,9.7,358,0.33852511801426044,-9.694091022085228
2015-07-06 06:00:00,26.4,97,0.0,9.1,342,2.8120546488120217,-8.654614298285896
2015-07-06 07:00:00,27.5,95,0.0,6.8,342,2.1013155617496424,-6.467184310807044
2015-07-06 08:00:00,28.3,90,0.0,4.3,318,2.8772616073430903,-3.195522749552795
2015-07-06 09:00:00,29.1,84,0.2,6.2,306,5.0159053651246746,-3.6442685642133337
2015-07-06 10:00:00,29.6,82,0.8,7.8,283,7.6000865053248345,-1.754618223882147
2015-07-06 11:00:00,29.6,82,1.3,7.6,270,7.6,0.0
2015-07-06 12:00:00,28.9,85,1.3,8.0,262,7.922144549932563,1.1133848076805235
2015-07-06 13:00:00,28.6,86,1.1,9.4,272,9.394273773979501,-0.3280552690035091
2015-07-06 14:00:00,28.7,86,0.4,8.8,289,8.320563465273988,-2.8649997592229792
2015-07-06 15:00:00,27.8,89,0.5,6.5,304,5.38874422160777,-3.634753872559855
2015-07-06 16:00:00,27.7,88,0.2,7.1,315,5.020458146424487,-5.020458146424486
2015-07-06 17:00:00,27.5,89,0.3,8.4,329,4.326319829244455,-7.200205325897744
2015-07-06 18:00:00,27.2,90,0.5,7.1,345,1.8376152202278973,-6.858073366652385
2015-07-06 19:00:00,26.8,93,0.6,4.0,350,0.6945927106677217,-3.939231012048832
2015-07-06 20:00:00,26.6,94,1.1,6.2,353,0.7555899291119145,-6.153786140176196
2015-07-06 21:00:00,26.4,95,1.2,6.1,3,-0.31924933308196024,-6.0916401620029
2015-07-06 22:00:00,26.4,95,0.9,6.5,360,3.9801020972288977e-16,-6.5
2015-07-06 23:00:00,26.2,95,0.8,7.3,351,1.1419715947936857,-7.210124886344506
2015-07-07 00:00:00,26.0,96,0.8,7.4,346,1.7902220274375409,-7.180188374442374
2015-07-07 01:00:00,25.8,97,0.9,7.2,342,2.224922359499622,-6.8476069173251055
2015-07-07 02:00:00,25.7,97,1.0,6.4,333,2.9055391983331,-5.702441754805554
2015-07-07 03:00:00,25.5,95,0.4,6.6,331,3.199743493625825,-5.772490067120011
2015-07-07 04:00:00,25.5,93,0.6,7.6,341,2.474317973874391,-7.185941174554807
2015-07-07 05:00:00,25.3,95,1.2,7.8,347,1.7546182238821464,-7.6000865053248345
2015-07-07 06:00:00,25.5,96,2.0,7.6,355,0.6623836448822018,-7.571079705497266
2015-07-07 07:00:00,26.2,94,3.6,4.4,9,-0.6883116461770166,-4.345828698618606
2015-07-07 08:00:00,26.9,91,1.8,2.9,360,1.7757378587636622e-16,-2.9
2015-07-07 09:00:00,27.3,90,0.6,3.2,360,1.9594348786357652e-16,-3.2
2015-07-07 10:00:00,27.9,88,0.3,5.9,346,1.4273391840380394,-5.7247447850283795
2015-07-07 11:00:00,28.6,84,0.2,11.3,333,5.1300926470568795,-10.068373723328557
2015-07-07 12:00:00,29.1,83,0.1,15.6,337,6.09540560443267,-14.35987571385807
2015-07-07 13:00:00,29.2,81,0.4,18.8,348,3.908739787373878,-18.389174893795545
2015-07-07 14:00:00,29.0,80,0.4,18.0,348,3.74241043471967,-17.6066568132085
2015-07-07 15:00:00,27.4,89,1.4,15.8,336,6.426438960597643,-14.434018230753095
2015-07-07 16:00:00,27.2,90,1.6,15.6,331,7.563030075842859,-13.644067431374573
2015-07-07 17:00:00,27.2,89,1.1,14.4,338,5.394334945189132,-13.351447505761739
2015-07-07 18:00:00,26.8,92,0.4,12.0,344,3.30764826980399,-11.535140351259827
2015-07-07 19:00:00,26.5,93,0.0,9.8,336,3.9860191021428424,-8.95274548489749
2015-07-07 20:00:00,26.3,95,0.1,7.9,336,3.2132194802988217,-7.217009115376547
2015-07-07 21:00:00,26.1,95,0.1,6.8,328,3.603450996785793,-5.766727053863696
2015-07-07 22:00:00,26.0,95,0.0,6.8,335,2.873804179836756,-6.162892951849219
2015-07-07 23:00:00,25.9,96,0.0,5.6,333,2.542346798541462,-4.989636535454859
2015-07-08 00:00:00,25.8,96,0.2,4.6,309,3.5748714227020657,-2.8948737988292517
2015-07-08 01:00:00,25.8,97,0.3,4.6,321,2.894873798829252,-3.5748714227020657
2015-07-08 02:00:00,25.8,96,0.2,3.6,315,2.5455844122715714,-2.545584412271571
2015-07-08 03:00:00,25.4,96,0.7000000000000001,3.3,283,3.2154212137912763,-0.7423384793347545
2015-07-08 04:00:00,25.3,97,0.8,3.6,264,3.580278823325784,0.37630246776355253
2015-07-08 05:00:00,25.3,97,1.4,4.0,270,4.0,0.0
2015-07-08 06:00:00,25.3,98,3.0,4.3,294,3.9282454678631837,-1.7489675652259409
2015-07-08 07:00:00,25.7,97,4.2,6.0,335,2.5357095704441965,-5.437846722219899
2015-07-08 08:00:00,26.0,96,2.7,8.6,358,0.3001356716415093,-8.594761112364223
2015-07-08 09:00:00,26.4,96,1.0,7.6,360,4.653657836759942e-16,-7.6
2015-07-08 10:00:00,27.1,95,0.4,6.1,320,3.92100441908789,-4.6728711030257655
2015-07-08 11:00:00,27.9,92,0.2,9.7,297,8.642763284627168,-4.403707847473603
2015-07-08 12:00:00,28.4,87,0.2,9.8,298,8.652886410017485,-4.60082131530173
2015-07-08 13:00:00,28.6,85,0.8,9.7,309,7.538315826132617,-6.104407793183422
2015-07-08 14:00:00,28.1,86,0.5,9.2,315,6.505382386916237,-6.505382386916236
2015-07-08 15:00:00,27.9,85,0.4,7.1,315,5.020458146424487,-5.020458146424486
2015-07-08 16:00:00,27.7,85,0.6,5.1,309,3.963444403430551,-3.2095339943541705
2015-07-08 17:00:00,27.0,89,0.9,4.3,312,3.195522749552795,-2.8772616073430903
2015-07-08 18:00:00,26.7,90,1.7000000000000002,5.1,315,3.6062445840513924,-3.606244584051392
2015-07-08 19:00:00,26.0,92,1.9,6.6,319,4.329989591337347,-4.981083229470295
2015-07-08 20:00:00,25.6,93,1.3,3.7,299,3.2360929164157644,-1.7937955949114472
2015-07-08 21:00:00,25.2,94,0.5,5.0,240,4.330127018922194,2.4999999999999996
2015-07-08 22:00:00,24.8,94,0.1,7.5,235,6.143640332167439,4.301823272632845
2015-07-08 23:00:00,24.4,95,0.0,7.1,240,6.148780366869515,3.5499999999999994
2015-07-09 00:00:00,24.0,95,0.0,6.5,236,5.38874422160777,3.634753872559855
2015-07-09 01:00:00,23.5,96,0.0,6.9,227,5.046340541172277,4.70578868443124
2015-07-09 02:00:00,23.2,97,0.0,7.7,217,4.633975678270772,6.149493427364155
2015-07-09 03:00:00,23.8,95,0.0,8.3,214,4.641301098807199,6.881011852206847
2015-07-09 04:00:00,23.8,96,0.0,8.2,221,5.379684037722159,6.18861855782673
2015-07-09 05:00:00,24.1,95,0.0,5.6,230,4.289848881466277,3.5996106142446194
2015-07-09 06:00:00,24.8,94,0.0,2.4,207,1.0895771993749124,2.138415658052083
2015-07-09 07:00:00,25.7,95,0.0,1.4,90,-1.4,1.7145055188062944e-16
2015-07-09 08:00:00,26.7,88,0.0,2.9,7,-0.35342109587492676,-2.878383839759834
2015-07-09 09:00:00,27.4,83,0.0,4.6,342,1.4214781741247582,-4.3748599749577055
2015-07-09 10:00:00,28.0,80,0.0,7.6,335,3.211898789229316,-6.887939181478539
2015-07-09 11:00:00,28.6,78,0.0,11.4,336,4.636797731064123,-10.41441821712565
2015-07-09 12:00:00,28.6,77,0.0,12.6,329,6.489479743866682,-10.800307988846615
2015-07-09 13:00:00,28.8,76,0.0,14.7,338,5.506716923213905,-13.629602662131774
2015-07-09 14:00:00,28.5,78,0.0,14.2,344,3.914050452601388,-13.649916082324127
2015-07-09 15:00:00,28.4,78,0.0,13.5,344,3.7211043035294886,-12.977032895167305
2015-07-09 16:00:00,28.4,79,0.3,13.7,342,4.2335328229367795,-13.029474273243602
2015-07-09 17:00:00,28.0,82,0.0,12.3,353,1.4989929238833142,-12.208317665188261
2015-07-09 18:00:00,27.6,84,0.0,14.0,360,8.572527594031472e-16,-14.0
2015-07-09 19:00:00,26.9,91,0.0,14.8,6,-1.5470212563612697,-14.718924051450447
2015-07-09 20:00:00,26.2,93,0.1,15.2,5,-1.3247672897644054,-15.142159410994532
2015-07-09 21:00:00,26.0,92,0.2,15.4,11,-2.938458528798787,-15.117058625094026
2015-07-09 22:00:00,26.0,91,0.3,16.8,10,-2.91728938480443,-16.544770250605094
2015-07-09 23:00:00,25.2,94,0.3,17.2,10,-2.9867486558712018,-16.938693351809977
2015-07-10 00:00:00,24.7,96,0.3,17.3,5,-1.5077943495344879,-17.234168276987198
2015-07-10 01:00:00,24.6,96,0.3,18.4,2,-0.642150739326014,-18.38879121715136
2015-07-10 02:00:00,24.5,97,0.2,18.4,4,-1.2835191168919107,-18.355178524780765
2015-07-10 03:00:00,24.7,96,0.3,18.1,5,-1.5775189437326145,-18.031124035460596
2015-07-10 04:00:00,24.7,96,0.2,20.0,8,-2.7834620192013166,-19.805361374831406
2015-07-10 05:00:00,24.8,96,0.1,20.7,8,-2.8808831898733627,-20.498549022950503
2015-07-10 06:00:00,25.0,96,0.0,23.4,4,-1.6323014856125384,-23.342998776079884
2015-07-10 07:00:00,25.5,94,0.1,27.4,3,-1.434005201056674,-27.362449252275322
2015-07-10 08:00:00,26.2,91,0.2,28.1,1,-0.4904126208876663,-28.095720233894596
2015-07-10 09:00:00,26.8,90,0.1,29.2,359,0.509610267968681,-29.195552698566626
2015-07-10 10:00:00,26.9,87,0.3,31.3,358,1.0923542467882839,-31.2809328856977
2015-07-10 11:00:00,27.4,86,0.2,33.1,358,1.1551733408527858,-33.07983637433207
2015-07-10 12:00:00,28.0,84,0.1,33.5,358,1.1691331395337863,-33.47959270513971
2015-07-10 13:00:00,27.3,83,0.8,33.8,359,0.5898913375801855,-33.79485209628602
2015-07-10 14:00:00,27.6,82,0.2,31.0,1,-0.5410245995557884,-30.99527854984813
2015-07-10 15:00:00,27.2,83,0.0,27.4,4,-1.9113273805890407,-27.333254977119182
2015-07-10 16:00:00,27.3,81,0.1,22.5,6,-2.3518904235222005,-22.376742645786152
2015-07-10 17:00:00,27.2,81,0.0,22.1,12,-4.594848367072491,-21.617061976217105
2015-07-10 18:00:00,27.0,80,0.0,14.7,31,-7.5710597011778,-12.600359320321047
2015-07-10 19:00:00,26.1,83,0.0,8.9,63,-7.929958065276475,-4.040515447681965
2015-07-10 20:00:00,25.5,85,0.1,3.4,108,-3.233592155403522,1.0506577808748214
2015-07-10 21:00:00,25.1,86,0.0,6.3,204,2.5624408513775414,5.755336383148386
2015-07-10 22:00:00,24.7,87,0.2,11.4,193,2.5644420195200603,11.107818738551682
2015-07-10 23:00:00,24.4,87,0.4,12.7,188,1.7674983821928314,12.576404473017943
2015-07-11 00:00:00,24.0,88,0.6,13.4,175,-1.1678869528186204,13.34900895442939
2015-07-11 01:00:00,23.9,87,1.2,15.7,160,-5.369716250212998,14.753174146338761
2015-07-11 02:00:00,23.8,88,1.3,17.9,161,-5.827669964783103,16.92478250322777
2015-07-11 03:00:00,23.5,86,1.4,18.6,165,-4.814034238906888,17.96622036897667
2015-07-11 04:00:00,23.9,88,1.4,20.5,182,0.7154396824012721,20.487511953891463
2015-07-11 05:00:00,24.4,91,1.6,21.6,195,5.590491374214448,20.863997847843876
2015-07-11 06:00:00,24.9,91,1.8,19.8,180,1.2124003311558797e-15,19.8
2015-07-11 07:00:00,25.2,90,1.3,19.8,182,0.6910100347095214,19.787938374978097
2015-07-11 08:00:00,25.5,90,0.8,19.9,184,1.388153827508092,19.8515246001705
2015-07-11 09:00:00,26.3,87,0.6,20.9,182,0.7293994810822725,20.8872682846991
2015-07-11 10:00:00,26.6,87,0.8,22.0,182,0.7677889274550238,21.986598194420107
2015-07-11 11:00:00,27.1,84,0.7000000000000001,22.8,185,1.9871509346466056,22.7132391164918
2015-07-11 12:00:00,28.2,80,0.6,23.0,190,3.9939080863393994,22.650578319280786
2015-07-11 13:00:00,28.1,79,0.6,23.7,193,5.331339987949598,23.092570535410076
2015-07-11 14:00:00,28.7,78,0.2,25.1,193,5.64627146403101,24.456688626109408
2015-07-11 15:00:00,28.9,76,0.2,21.7,187,2.6445647518917004,21.538251490616688
2015-07-11 16:00:00,28.0,79,0.3,23.0,189,3.5979926959253112,22.71683183368817
2015-07-11 17:00:00,27.8,79,0.2,19.9,184,1.388153827508092,19.8515246001705
2015-07-11 18:00:00,27.5,79,0.1,17.6,179,-0.30716235329618924,17.59731943475249
2015-07-11 19:00:00,26.8,80,0.0,18.4,177,-0.9629815948701667,18.37478343948416
2015-07-11 20:00:00,26.1,83,0.0,18.4,174,-1.9233237241248253,18.299202874776228
2015-07-11 21:00:00,25.4,84,0.0,16.7,174,-1.7456253365698142,16.608515652650162
2015-07-11 22:00:00,25.4,82,0.0,16.2,176,-1.1300548746548302,16.16053761420915
2015-07-11 23:00:00,25.3,80,0.0,16.3,175,-1.4206386067868293,16.237973578895453
2015-07-12 00:00:00,25.1,80,0.0,16.2,176,-1.1300548746548302,16.16053761420915
2015-07-12 01:00:00,24.6,83,0.0,16.3,175,-1.4206386067868293,16.237973578895453
2015-07-12 02:00:00,24.5,84,0.0,17.0,174,-1.7769838755501104,16.906872221260645
2015-07-12 03:00:00,24.9,78,0.0,16.3,175,-1.4206386067868293,16.237973578895453
2015-07-12 04:00:00,24.8,79,0.1,14.5,174,-1.5156627173809765,14.420567482839962
2015-07-12 05:00:00,24.6,82,0.3,13.4,174,-1.4006814077865577,13.326593397934863
2015-07-12 06:00:00,24.6,85,0.8,12.6,178,-0.439733658451512,12.592324420440606
2015-07-12 07:00:00,25.4,85,0.7000000000000001,11.5,182,0.4013442120787624,11.492994510719601
2015-07-12 08:00:00,26.4,83,0.5,13.8,186,1.4424927930936178,13.724402156082173
2015-07-12 09:00:00,27.4,80,0.7000000000000001,12.7,188,1.7674983821928314,12.576404473017943
2015-07-12 10:00:00,28.6,76,0.5,14.3,192,2.9731371786939604,13.987510690493421
2015-07-12 11:00:00,29.6,73,0.0,13.7,185,1.1940336756429164,13.647867363856914
2015-07-12 12:00:00,30.0,72,0.0,14.6,189,2.2839431895873714,14.420249772689012
2015-07-12 13:00:00,29.1,75,0.4,15.6,195,4.0375771035993235,15.068442890109464
2015-07-12 14:00:00,29.6,74,0.1,13.5,196,3.7211043035294886,12.977032895167305
2015-07-12 15:00:00,29.9,72,0.1,13.6,202,5.094649670456403,12.60970042210831
2015-07-12 16:00:00,29.7,73,0.1,14.4,202,5.394334945189132,13.351447505761739
2015-07-12 17:00:00,29.1,74,0.2,12.9,193,2.9018686010358574,12.569373835729534
2015-07-12 18:00:00,28.4,78,0.0,9.4,184,0.6557108531947772,9.377102072442348
2015-07-12 19:00:00,27.5,82,0.0,10.1,180,6.184466335694133e-16,10.1
2015-07-12 20:00:00,26.5,87,0.0,10.8,184,0.7533699164365526,10.773691742806102
2015-07-12 21:00:00,25.9,90,0.0,10.4,182,0.36295476570601126,10.393664600998596
2015-07-12 22:00:00,25.1,92,0.0,10.0,167,-2.2495105434386504,9.743700647852352
2015-07-12 23:00:00,24.3,94,0.0,9.8,163,-2.8652427062828196,9.371786608437748
2015-07-13 00:00:00,23.8,94,0.0,9.8,163,-2.8652427062828196,9.371786608437748
2015-07-13 01:00:00,23.3,94,0.0,9.7,165,-2.510544737494452,9.369480515003962
2015-07-13 02:00:00,22.9,95,0.0,9.1,162,-2.812054648812021,8.654614298285898
2015-07-13 03:00:00,23.7,91,0.0,8.4,155,-3.5499933986218744,7.612985411107861
2015-07-13 04:00:00,23.8,89,0.0,7.2,153,-3.2687315981247362,6.415246974156249
2015-07-13 05:00:00,23.7,87,0.0,5.6,153,-2.542346798541461,4.98963653545486
2015-07-13 06:00:00,23.9,86,0.0,2.5,172,-0.3479327524001634,2.475670171853926
2015-07-13 07:00:00,26.2,83,0.0,3.6,180,2.2043642384652358e-16,3.6
2015-07-13 08:00:00,27.6,75,0.0,5.0,180,3.061616997868383e-16,5.0
2015-07-13 09:00:00,28.5,73,0.0,4.4,189,0.6883116461770161,4.3458286986186065
2015-07-13 10:00:00,29.4,71,0.0,4.0,207,1.8159619989581872,3.564026096753471
2015-07-13 11:00:00,30.0,71,0.0,4.6,231,3.5748714227020657,2.8948737988292517
2015-07-13 12:00:00,30.4,70,0.0,6.2,249,5.788198644282651,2.2218812871808615
2015-07-13 13:00:00,30.3,72,0.0,9.0,270,9.0,0.0
2015-07-13 14:00:00,30.2,73,0.0,9.4,263,9.329933825428427,1.1455718280083864
2015-07-13 15:00:00,29.5,74,0.3,7.5,253,7.172285669722766,2.192787785420526
2015-07-13 16:00:00,29.5,74,0.0,6.4,227,4.6806636903626915,4.36478950439999
2015-07-13 17:00:00,29.3,74,0.1,6.4,218,3.9402334420842133,5.043268823083022
2015-07-13 18:00:00,28.6,77,0.0,4.4,261,4.3458286986186065,0.6883116461770159
2015-07-13 19:00:00,27.6,80,0.1,6.3,246,5.755336383148386,2.5624408513775414
2015-07-13 20:00:00,26.6,85,0.0,6.6,241,5.772490067120011,3.1997434936258244
2015-07-13 21:00:00,26.0,91,0.0,6.2,216,3.6442685642133337,5.0159053651246746
2015-07-13 22:00:00,26.6,85,0.0,5.5,212,2.914555953282627,4.664264528860342
2015-07-13 23:00:00,26.4,86,0.0,8.1,212,4.29234604028896,6.86918957886705
2015-07-14 00:00:00,26.1,87,0.1,7.6,199,2.474317973874391,7.185941174554807
2015-07-14 01:00:00,25.9,87,0.0,7.8,193,1.7546182238821464,7.6000865053248345
2015-07-14 02:00:00,25.8,88,0.0,7.4,194,1.7902220274375409,7.180188374442374
2015-07-14 03:00:00,25.9,87,0.2,7.9,204,3.2132194802988217,7.217009115376547
2015-07-14 04:00:00,25.9,87,0.2,7.1,204,2.8878301658381815,6.486172749262466
2015-07-14 05:00:00,25.7,88,0.0,5.7,198,1.7613968679372005,5.421022142882375
2015-07-14 06:00:00,25.7,88,0.0,3.6,217,2.1665340833473743,2.875087836170254
2015-07-14 07:00:00,26.0,90,0.0,4.8,222,3.2118269105225195,3.5670951622914924
2015-07-14 08:00:00,26.7,86,0.1,4.2,211,2.1631599146222276,3.600102662948872
2015-07-14 09:00:00,27.7,81,0.0,3.1,201,1.1109406435904312,2.8940993221413254
2015-07-14 10:00:00,28.3,79,0.0,2.7,247,2.485363104321589,1.0549740469210394
2015-07-14 11:00:00,29.3,75,0.0,5.4,274,5.386845871403051,-0.37668495821827663
2015-07-14 12:00:00,29.4,75,0.0,6.2,280,6.10580806867569,-1.0766187015349682
2015-07-14 13:00:00,29.8,75,0.0,4.7,261,4.6421352007971475,0.7352419856890852
2015-07-14 14:00:00,29.8,75,0.0,5.1,278,5.050367150582009,-0.7097828148963337
2015-07-14 15:00:00,28.9,80,0.4,6.0,295,5.437846722219899,-2.5357095704441965
2015-07-14 16:00:00,28.0,79,0.3,6.8,295,6.162892951849219,-2.873804179836756
2015-07-14 17:00:00,28.0,79,0.1,5.1,278,5.050367150582009,-0.7097828148963337
2015-07-14 18:00:00,27.8,80,0.0,0.8,243,0.7128052193506944,0.3631923997916374
2015-07-14 19:00:00,27.2,87,0.0,4.8,193,1.0797650608505516,4.676976310969129
2015-07-14 20:00:00,26.2,89,0.0,7.1,204,2.8878301658381815,6.486172749262466
2015-07-14 21:00:00,25.5,91,0.0,8.4,211,4.326319829244455,7.200205325897744
2015-07-14 22:00:00,25.2,93,0.1,9.2,211,4.738350289172498,7.8859391664594325
2015-07-14 23:00:00,24.9,94,0.2,8.6,202,3.2216167033768426,7.973781149274371
2015-07-15 00:00:00,24.7,94,0.3,4.7,171,-0.7352419856890848,4.6421352007971475
2015-07-15 01:00:00,25.0,92,0.1,5.4,143,-3.2498011250210617,4.312631754255381
2015-07-15 02:00:00,24.5,95,0.0,7.1,139,-4.658019105832601,5.358438019581682
2015-07-15 03:00:00,24.8,91,0.0,7.4,129,-5.750880114781585,4.656970893768797
2015-07-15 04:00:00,25.8,85,0.0,5.3,118,-4.679622242152313,2.4881992827652204
2015-07-15 05:00:00,23.8,93,0.0,4.8,138,-3.2118269105225195,3.5670951622914924
2015-07-15 06:00:00,23.2,95,0.0,3.7,151,-1.793795594911447,3.236092916415765
2015-07-15 07:00:00,25.8,88,0.0,3.7,191,0.7059932828932162,3.632020578756357
2015-07-15 08:00:00,27.2,81,0.0,5.9,227,4.314986839553106,4.023790324368742
2015-07-15 09:00:00,28.0,78,0.0,6.9,227,5.046340541172277,4.70578868443124
2015-07-15 10:00:00,28.8,75,0.0,6.6,229,4.981083229470295,4.329989591337347
2015-07-15 11:00:00,29.5,72,0.0,7.7,259,7.558529312547013,1.469229264399395
2015-07-15 12:00:00,29.9,71,0.0,8.0,275,7.969557584733964,-0.6972459419812653
2015-07-15 13:00:00,30.1,71,0.0,7.2,267,7.190132650232932,0.37681888494919563
2015-07-15 14:00:00,29.8,72,0.1,8.0,275,7.969557584733964,-0.6972459419812653
2015-07-15 15:00:00,29.5,75,0.1,7.0,291,6.535062985480412,-2.5085756468171017
2015-07-15 16:00:00,29.1,76,0.0,2.5,315,1.7677669529663689,-1.7677669529663687
2015-07-15 17:00:00,28.3,78,0.3,0.5,315,0.3535533905932738,-0.35355339059327373
2015-07-15 18:00:00,27.4,81,0.2,2.2,261,2.1729143493093033,0.34415582308850795
2015-07-15 19:00:00,26.9,83,0.0,0.8,153,-0.36319239979163737,0.7128052193506944
2015-07-15 20:00:00,26.2,88,0.0,3.8,139,-2.493024310163927,2.867896404846534
2015-07-15 21:00:00,26.1,87,0.0,3.3,174,-0.3449439287832567,3.2819222547153015
2015-07-15 22:00:00,26.3,86,0.0,3.1,216,1.8221342821066668,2.5079526825623373
2015-07-15 23:00:00,25.7,88,0.0,4.6,219,2.894873798829252,3.5748714227020657
2015-07-16 00:00:00,25.9,89,0.0,6.1,208,2.863776532993934,5.385980316439453
2015-07-16 01:00:00,25.7,89,0.0,6.2,216,3.6442685642133337,5.0159053651246746
2015-07-16 02:00:00,25.3,91,0.0,5.4,222,3.6133052743378347,4.012982057577929
2015-07-16 03:00:00,25.8,90,0.1,3.9,202,1.4609657143220567,3.616017032810471
2015-07-16 04:00:00,25.1,92,0.1,1.3,236,1.0777488443215542,0.726950774511971
2015-07-16 05:00:00,25.2,92,0.0,0.5,225,0.3535533905932738,0.35355339059327373
2015-07-16 06:00:00,25.7,89,0.0,1.3,56,-1.0777488443215544,-0.7269507745119708
2015-07-16 07:00:00,26.3,89,0.0,2.6,16,-0.7166571251241971,-2.4992804094396295
2015-07-16 08:00:00,27.0,86,0.0,5.1,4,-0.35575801609504043,-5.087576656325103
2015-07-16 09:00:00,28.1,81,0.0,7.1,345,1.8376152202278973,-6.858073366652385
2015-07-16 10:00:00,28.8,78,0.0,9.7,329,4.995869326627525,-8.31452281681049
2015-07-16 11:00:00,29.2,75,0.0,11.8,320,7.5848937943011645,-9.03932442880394
2015-07-16 12:00:00,29.3,75,0.2,12.3,320,7.906287599144434,-9.42234665036343
2015-07-16 13:00:00,28.7,77,0.3,12.7,317,8.66137917279373,-9.288192010563463
2015-07-16 14:00:00,28.9,76,0.2,9.2,339,3.2969851358167634,-8.588939923774255
2015-07-16 15:00:00,28.8,77,0.1,7.7,11,-1.4692292643993936,-7.558529312547013
2015-07-16 16:00:00,28.9,77,0.0,8.4,20,-2.872969203935616,-7.8934180146016315
2015-07-16 17:00:00,28.9,77,0.0,7.7,11,-1.4692292643993936,-7.558529312547013
2015-07-16 18:00:00,28.6,79,0.0,6.7,344,1.8467702839738944,-6.440453362786736
2015-07-16 19:00:00,27.9,83,0.0,6.0,343,1.7542302283364206,-5.737828535778212
2015-07-16 20:00:00,27.0,90,0.0,3.6,307,2.875087836170254,-2.166534083347374
2015-07-16 21:00:00,26.7,89,0.0,5.0,300,4.330127018922194,-2.4999999999999996
2015-07-16 22:00:00,26.6,90,0.0,4.3,294,3.9282454678631837,-1.7489675652259409
2015-07-16 23:00:00,27.0,87,0.0,0.7000000000000001,360,4.2862637970157366e-17,-0.7000000000000001
2015-07-17 00:00:00,26.6,89,0.1,1.6,63,-1.4256104387013888,-0.7263847995832747
2015-07-17 01:00:00,26.9,86,0.0,3.8,343,1.1110124779463997,-3.6339580726595346
2015-07-17 02:00:00,27.2,84,0.0,6.8,342,2.1013155617496424,-6.467184310807044
2015-07-17 03:00:00,26.0,92,0.0,6.8,328,3.603450996785793,-5.766727053863696
2015-07-17 04:00:00,26.2,89,0.2,6.6,311,4.981083229470295,-4.329989591337347
2015-07-17 05:00:00,25.7,91,0.4,5.4,290,5.074340152243906,-1.8469087739586112
2015-07-17 06:00:00,26.1,84,0.2,1.5,284,1.4554435894139948,-0.3628828433995016
2015-07-17 07:00:00,26.4,86,0.0,2.3,72,-2.187429987478853,-0.7107390870623786
2015-07-17 08:00:00,26.9,85,0.0,2.2,81,-2.1729143493093033,-0.3441558230885076
2015-07-17 09:00:00,27.4,82,0.0,1.5,76,-1.4554435894139948,-0.3628828433995013
2015-07-17 10:00:00,28.4,77,0.0,2.0,315,1.4142135623730951,-1.414213562373095
2015-07-17 11:00:00,29.0,74,0.0,5.6,297,4.98963653545486,-2.5423467985414616
2015-07-17 12:00:00,29.3,72,0.0,7.1,294,6.486172749262466,-2.8878301658381815
2015-07-17 13:00:00,29.3,72,0.0,7.6,295,6.887939181478539,-3.211898789229316
2015-07-17 14:00:00,29.1,73,0.0,6.4,313,4.6806636903626915,-4.36478950439999
2015-07-17 15:00:00,29.0,74,0.0,4.8,333,2.1791543987498248,-4.276831316104166
2015-07-17 16:00:00,28.9,73,0.0,2.1,31,-1.0815799573111144,-1.8000513314744355
2015-07-17 17:00:00,28.6,74,0.0,1.5,104,-1.4554435894139948,0.3628828433995016
2015-07-17 18:00:00,28.4,77,0.0,0.4,180,2.4492935982947065e-17,0.4
2015-07-17 19:00:00,27.5,84,0.0,4.4,125,-3.6042689948715645,2.5237363199446023
2015-07-17 20:00:00,26.8,86,0.0,2.5,98,-2.475670171853926,0.3479327524001633
2015-07-17 21:00:00,26.3,87,0.0,2.2,360,1.3471114790620887e-16,-2.2
2015-07-17 22:00:00,26.4,86,0.0,2.5,45,-1.7677669529663693,-1.7677669529663687
2015-07-17 23:00:00,27.3,80,0.0,3.7,79,-3.632020578756357,-0.7059932828932155
2015-07-18 00:00:00,27.3,80,0.0,3.0,104,-2.9108871788279895,0.7257656867990032
2015-07-18 01:00:00,27.1,81,0.0,0.4,270,0.4,0.0
2015-07-18 02:00:00,25.7,89,0.0,1.8,270,1.8,0.0
2015-07-18 03:00:00,27.1,82,0.0,2.3,219,1.447436899414626,1.7874357113510329
2015-07-18 04:00:00,26.3,85,0.0,2.9,187,0.3534210958749277,2.8783838397598336
2015-07-18 05:00:00,25.5,89,0.0,5.2,164,-1.433314250248395,4.998560818879258
2015-07-18 06:00:00,25.5,89,0.0,4.0,185,0.34862297099063255,3.984778792366982
2015-07-18 07:00:00,27.0,84,0.0,4.1,195,1.061158084920335,3.96029588778518
2015-07-18 08:00:00,27.7,83,0.0,1.8,270,1.8,0.0
2015-07-18 09:00:00,28.6,79,0.0,5.5,328,2.914555953282627,-4.664264528860342
2015-07-18 10:00:00,29.5,74,0.0,8.7,336,3.5386087947594613,-7.947845481490627
2015-07-18 11:00:00,30.1,72,0.0,11.3,333,5.1300926470568795,-10.068373723328557
2015-07-18 12:00:00,30.1,71,0.0,10.8,334,4.734408385322037,-9.706975700031006
2015-07-18 13:00:00,30.1,71,0.0,8.4,340,2.872969203935618,-7.893418014601631
2015-07-18 14:00:00,29.4,73,0.0,7.6,352,1.0577155672964975,-7.5260373224359345
2015-07-18 15:00:00,29.1,74,0.3,6.9,332,3.239353783222647,-6.092338390726596
2015-07-18 16:00:00,29.2,74,0.0,5.4,8,-0.7515347451843555,-5.34744757120448
2015-07-18 17:00:00,29.1,74,0.0,4.7,58,-3.9858260519352027,-2.4906205418960625
2015-07-18 18:00:00,28.9,74,0.0,3.6,45,-2.545584412271572,-2.545584412271571
2015-07-18 19:00:00,28.1,80,0.0,4.3,138,-2.8772616073430903,3.195522749552795
2015-07-18 20:00:00,26.9,86,0.0,5.4,188,0.7515347451843536,5.34744757120448
2015-07-18 21:00:00,26.2,90,0.0,7.6,205,3.211898789229316,6.887939181478539
2015-07-18 22:00:00,25.7,91,0.1,7.6,199,2.474317973874391,7.185941174554807
2015-07-18 23:00:00,26.6,85,0.0,8.4,205,3.5499933986218752,7.61298541110786
2015-07-19 00:00:00,25.2,92,0.0,8.7,210,4.3500000000000005,7.534421012924615
2015-07-19 01:00:00,24.8,95,0.0,7.1,195,1.8376152202278973,6.858073366652385
2015-07-19 02:00:00,24.7,96,0.0,6.0,163,-1.75423022833642,5.737828535778213
2015-07-19 03:00:00,25.1,90,0.0,6.0,155,-2.535709570444196,5.4378467222199
2015-07-19 04:00:00,25.6,87,0.0,7.0,159,-2.5085756468171017,6.535062985480412
2015-07-19 05:00:00,25.1,88,0.2,6.7,144,-3.9381611903595695,5.420413862312148
2015-07-19 06:00:00,25.3,87,0.3,5.4,184,0.3766849582182763,5.386845871403051
2015-07-19 07:00:00,26.0,86,0.3,6.1,183,0.3192493330819582,6.0916401620029
2015-07-19 08:00:00,26.7,83,0.2,4.8,167,-1.079765060850552,4.676976310969129
2015-07-19 09:00:00,27.8,79,0.2,3.6,143,-2.1665340833473743,2.8750878361702537
2015-07-19 10:00:00,28.2,78,0.6,3.9,202,1.4609657143220567,3.616017032810471
2015-07-19 11:00:00,28.2,79,0.7000000000000001,7.8,214,4.361704647071825,6.466493065929326
2015-07-19 12:00:00,28.3,79,0.2,5.2,205,2.197614961051637,4.7128004925905795
2015-07-19 13:00:00,28.4,80,0.3,3.3,186,0.3449439287832564,3.2819222547153015
2015-07-19 14:00:00,28.8,77,0.3,1.3,124,-1.0777488443215542,0.726950774511971
2015-07-19 15:00:00,27.6,84,0.5,5.9,194,1.4273391840380394,5.7247447850283795
2015-07-19 16:00:00,27.3,86,0.9,11.5,184,0.8021994480574401,11.471986577987979
2015-07-19 17:00:00,27.0,87,0.4,12.8,169,-2.4423551408197737,12.5648279481301
2015-07-19 18:00:00,26.7,88,0.2,9.8,172,-1.3638963894086407,9.70462707366739
2015-07-19 19:00:00,26.1,88,0.0,10.5,153,-4.76690024726524,9.355568503977864
2015-07-19 20:00:00,26.7,83,0.0,8.5,144,-4.996174644486021,6.876644452187053
2015-07-19 21:00:00,25.9,86,0.0,6.8,177,-0.35588450245201814,6.790680836331102
2015-07-19 22:00:00,25.9,83,0.0,9.5,189,1.4861274178821937,9.38303923565381
2015-07-19 23:00:00,25.4,84,0.0,16.2,179,-0.2827289842839923,16.197532661533536
2015-07-20 00:00:00,25.4,83,0.0,17.3,180,1.0593194812624606e-15,17.3
2015-07-20 01:00:00,25.2,83,0.0,19.0,190,3.2993153756716778,18.711347307231954
2015-07-20 02:00:00,24.6,86,0.3,20.0,187,2.4373868681029496,19.85092303282644
2015-07-20 03:00:00,25.1,82,0.0,19.1,184,1.332348648512792,19.053473359962645
2015-07-20 04:00:00,24.9,81,0.0,17.0,186,1.7769838755501088,16.906872221260645
2015-07-20 05:00:00,24.8,82,0.2,17.2,191,3.2819147204765726,16.883987555299818
2015-07-20 06:00:00,24.8,83,0.2,14.9,195,3.856403772027559,14.392294811707119
2015-07-20 07:00:00,25.5,82,0.0,15.1,180,9.246083333562517e-16,15.1
2015-07-20 08:00:00,26.8,77,0.1,15.7,171,-2.4560211011316238,15.506706947343663
2015-07-20 09:00:00,27.4,74,0.4,19.4,181,0.3385766848833018,19.39704528603399
2015-07-20 10:00:00,27.1,78,1.3,19.4,180,1.1879073951729326e-15,19.4
2015-07-20 11:00:00,27.9,76,0.9,19.4,180,1.1879073951729326e-15,19.4
2015-07-20 12:00:00,27.9,79,1.3,19.4,180,1.1879073951729326e-15,19.4
2015-07-20 13:00:00,28.4,78,1.1,19.8,181,0.34555764745821527,19.79698436409655
2015-07-20 14:00:00,28.1,81,1.0,20.5,195,5.305790424601675,19.8014794389259
2015-07-20 15:00:00,27.4,83,1.1,20.9,204,8.500795840284225,19.093100064730358
2015-07-20 16:00:00,27.0,85,0.8,20.9,201,7.489890145496777,19.511830913791513
2015-07-20 17:00:00,26.1,88,1.5,21.7,199,7.064828951720301,20.517753090505174
2015-07-20 18:00:00,25.6,89,1.8,20.8,189,3.2538368728368035,20.543917484378866
2015-07-20 19:00:00,25.2,88,1.2,18.6,171,-2.9096810497482934,18.371003135069564
2015-07-20 20:00:00,24.9,87,0.3,15.3,165,-3.959931390068569,14.778665142222746
2015-07-20 21:00:00,24.5,88,0.0,14.0,168,-2.9107636714486307,13.69406641027328
2015-07-20 22:00:00,24.3,86,0.0,14.6,171,-2.2839431895873696,14.420249772689012
2015-07-20 23:00:00,24.0,85,0.0,16.2,179,-0.2827289842839923,16.197532661533536
2015-07-21 00:00:00,24.1,84,0.0,17.0,184,1.185860053650129,16.958588854417012
2015-07-21 01:00:00,24.0,83,0.0,17.9,189,2.8001769242201333,17.679621296652964
2015-07-21 02:00:00,23.9,83,0.0,18.4,192,3.8255751110467737,17.997915853502022
2015-07-21 03:00:00,24.4,77,0.0,18.7,180,1.1450447572027753e-15,18.7
2015-07-21 04:00:00,24.2,77,0.0,16.3,174,-1.703813951262753,16.210706894502856
2015-07-21 05:00:00,23.9,81,0.0,17.0,184,1.185860053650129,16.958588854417012
2015-07-21 06:00:00,23.6,84,0.2,14.7,197,4.2978640594242306,14.05767991265662
2015-07-21 07:00:00,24.8,84,0.0,15.9,184,1.1091279325315913,15.861268399131205
2015-07-21 08:00:00,27.0,75,0.0,15.8,181,0.27574802170908086,15.797593583470983
2015-07-21 09:00:00,28.6,68,0.0,16.8,190,2.9172893848044312,16.544770250605094
2015-07-21 10:00:00,30.2,62,0.0,20.3,197,5.935145605871557,19.41298654604962
2015-07-21 11:00:00,30.8,60,0.0,23.0,200,7.866463296490383,21.61293027807589
2015-07-21 12:00:00,31.2,58,0.0,24.8,204,10.087068748279846,22.6559273495365
2015-07-21 13:00:00,31.3,58,0.0,24.7,203,9.651058873685061,22.736469880275276
2015-07-21 14:00:00,31.0,60,0.0,26.0,202,9.739771428813711,24.106780218736475
2015-07-21 15:00:00,30.4,62,0.0,24.6,201,8.81585155881439,22.966078491831166
2015-07-21 16:00:00,29.9,65,0.0,23.2,199,7.5531811834060365,21.936030953904147
2015-07-21 17:00:00,29.0,67,0.0,21.7,199,7.064828951720301,20.517753090505174
2015-07-21 18:00:00,28.1,67,0.0,18.7,203,7.306672102749419,17.213440759560633
2015-07-21 19:00:00,27.2,68,0.0,17.5,199,5.6974427030002435,16.54657507298804
2015-07-21 20:00:00,26.7,67,0.0,18.6,198,5.747716095374023,17.689651203089856
2015-07-21 21:00:00,26.2,68,0.0,19.1,196,5.264673496104685,18.360098392421893
2015-07-21 22:00:00,25.8,67,0.0,19.3,194,4.669092585073586,18.726707517126734
2015-07-21 23:00:00,25.6,65,0.0,18.4,191,3.510885514928426,18.061940175437016
2015-07-22 00:00:00,24.9,66,0.0,17.4,193,3.914148345583249,16.95403912726309
2015-07-22 01:00:00,24.5,67,0.0,17.7,200,6.053756536864338,16.632559387910575
2015-07-22 02:00:00,24.3,68,0.0,17.3,201,6.199765527133697,16.15094137840159
2015-07-22 03:00:00,24.4,68,0.2,17.7,193,3.9816336618864088,17.246350146698664
2015-07-22 04:00:00,24.3,69,0.1,18.2,188,2.5329504374731915,18.02287885109658
2015-07-22 05:00:00,24.0,70,0.2,18.8,192,3.908739787373878,18.389174893795545
2015-07-22 06:00:00,24.0,73,0.2,17.9,205,7.564866885158519,16.222909387956033
2015-07-22 07:00:00,25.2,73,0.1,18.4,203,7.189452764202636,16.937289303524903
2015-07-22 08:00:00,26.8,69,0.0,19.0,199,6.185794934685978,17.964852936387018
2015-07-22 09:00:00,28.1,66,0.0,19.7,198,6.087634789186464,18.735813371014522
2015-07-22 10:00:00,29.3,62,0.1,21.7,201,7.776584505133018,20.258695254989277
2015-07-22 11:00:00,29.1,64,0.1,22.9,208,10.750898787796901,20.219499876469424
2015-07-22 12:00:00,29.2,66,0.2,24.5,204,9.965047755357105,22.38186371224372
2015-07-22 13:00:00,29.0,66,0.5,23.1,201,8.27829963449644,21.56570785208536
2015-07-22 14:00:00,28.2,72,1.0,23.1,203,9.025889068102224,21.263662114751373
2015-07-22 15:00:00,28.0,65,0.5,22.3,203,8.713304165310804,20.52725823198942
2015-07-22 16:00:00,26.6,71,1.3,21.6,206,9.468816770644073,19.41395140006201
2015-07-22 17:00:00,26.1,73,1.1,21.3,202,7.979120439758925,19.749016102272574
2015-07-22 18:00:00,26.0,74,0.4,13.4,200,4.583069920563962,12.591881118531171
2015-07-22 19:00:00,25.5,76,0.0,13.6,202,5.094649670456403,12.60970042210831
2015-07-22 20:00:00,24.9,78,0.0,16.0,194,3.870750329594683,15.524731620415944
2015-07-22 21:00:00,24.5,79,0.1,15.8,192,3.2850047149205994,15.45473209159413
2015-07-22 22:00:00,24.4,77,0.2,18.2,194,4.402978499913951,17.659382218223136
2015-07-22 23:00:00,24.2,76,0.3,17.1,195,4.425805671253105,16.51733162954307
2015-07-23 00:00:00,23.9,77,0.0,14.9,188,2.0736792043049754,14.7549942242494
2015-07-23 01:00:00,23.6,78,0.0,13.7,183,0.7170026005283323,13.681224626137661
2015-07-23 02:00:00,23.3,80,0.0,12.6,175,-1.0981623586204938,12.552053195955994
2015-07-23 03:00:00,23.5,78,0.0,11.7,169,-2.232465245905574,11.485038046337667
2015-07-23 04:00:00,23.3,78,0.0,11.9,166,-2.8788705576360467,11.546519142684359
2015-07-23 05:00:00,23.0,78,0.0,12.3,173,-1.4989929238833126,12.208317665188263
2015-07-23 06:00:00,22.9,81,0.0,9.8,174,-1.024378940023005,9.746314574609078
2015-07-23 07:00:00,25.3,80,0.0,10.4,180,6.368163355566237e-16,10.4
2015-07-23 08:00:00,27.5,68,0.0,11.3,189,1.7677094549546095,11.160878248725057
2015-07-23 09:00:00,29.2,61,0.0,13.4,200,4.583069920563962,12.591881118531171
2015-07-23 10:00:00,29.8,63,0.0,17.5,217,10.531762905160846,13.976121425827625
2015-07-23 11:00:00,29.0,70,1.0,19.8,217,11.915937458410559,15.812983098936398
2015-07-23 12:00:00,28.9,74,0.3,19.3,213,10.511533375790023,16.186341961346685
2015-07-23 13:00:00,28.7,74,0.6,20.5,214,11.46345452115031,16.995270237378357
2015-07-23 14:00:00,27.1,79,4.1,18.5,209,8.968977974557237,16.18046458207882
2015-07-23 15:00:00,28.6,74,0.6,17.4,207,7.899434695468114,15.503513520877599
2015-07-23 16:00:00,28.9,73,0.6,16.0,211,8.240609198560866,13.714676811233797
2015-07-23 17:00:00,28.2,77,0.7000000000000001,15.6,209,7.563030075842859,13.644067431374573
2015-07-23 18:00:00,27.3,82,0.0,10.4,214,5.815606196095767,8.621990754572435
2015-07-23 19:00:00,26.6,85,0.0,9.7,180,5.939536975864663e-16,9.7
2015-07-23 20:00:00,25.6,90,0.0,10.0,167,-2.2495105434386504,9.743700647852352
2015-07-23 21:00:00,25.4,87,0.0,9.6,167,-2.159530121701104,9.353952621938259
2015-07-23 22:00:00,25.6,84,0.0,9.7,165,-2.510544737494452,9.369480515003962
2015-07-23 23:00:00,24.8,85,0.0,9.4,157,-3.6728726077991736,8.652745622452938
2015-07-24 00:00:00,24.0,86,0.0,10.4,160,-3.557009490586955,9.772803256173448
2015-07-24 01:00:00,23.6,86,0.0,9.8,163,-2.8652427062828196,9.371786608437748
2015-07-24 02:00:00,23.1,85,0.0,10.5,164,-2.89419223607849,10.093247807352348
2015-07-24 03:00:00,22.7,82,0.0,10.4,160,-3.557009490586955,9.772803256173448
2015-07-24 04:00:00,22.6,80,0.0,9.8,156,-3.986019102142843,8.95274548489749
2015-07-24 05:00:00,22.2,81,0.0,9.5,155,-4.0148734865366436,8.609923976848176
2015-07-24 06:00:00,21.8,84,0.0,7.9,164,-2.1775351109542926,7.59396739791272
2015-07-24 07:00:00,24.2,84,0.0,8.9,166,-2.1531048708370433,8.635631963856369
2015-07-24 08:00:00,27.3,64,0.0,10.1,180,6.184466335694133e-16,10.1
2015-07-24 09:00:00,28.3,59,0.0,11.6,187,1.4136843834997108,11.513535359039334
2015-07-24 10:00:00,29.2,58,0.0,13.4,207,6.0834726965099275,11.93948742412413
2015-07-24 11:00:00,29.2,59,0.0,14.4,212,7.630837404958151,12.211892584652533
2015-07-24 12:00:00,29.1,60,0.0,14.8,209,7.17518237964579,12.944371665663057
2015-07-24 13:00:00,29.3,60,0.0,15.0,207,6.809857496093202,13.365097862825516
2015-07-24 14:00:00,29.4,60,0.0,14.8,206,6.487892972478346,13.302151885227673
2015-07-24 15:00:00,29.4,63,0.0,16.2,212,8.58469208057792,13.7383791577341
2015-07-24 16:00:00,28.7,68,0.0,17.4,207,7.899434695468114,15.503513520877599
2015-07-24 17:00:00,28.2,72,0.0,14.6,200,4.993494092554765,13.719512263474261
2015-07-24 18:00:00,27.6,75,0.0,10.2,198,3.151973342624464,9.700776466210565
2015-07-24 19:00:00,26.5,80,0.0,10.5,186,1.0975488643103612,10.44247990136687
2015-07-24 20:00:00,25.4,85,0.0,10.9,186,1.1393602496174227,10.84028865951418
2015-07-24 21:00:00,24.8,87,0.0,10.1,178,-0.3524849166952596,10.093847352892867
2015-07-24 22:00:00,24.2,88,0.0,10.4,160,-3.557009490586955,9.772803256173448
2015-07-24 23:00:00,23.8,87,0.0,10.2,157,-3.9854575105905923,9.38914950521489
2015-07-25 00:00:00,23.1,88,0.0,9.0,157,-3.5165801564034638,8.284543681071963
2015-07-25 01:00:00,23.1,86,0.0,8.3,162,-2.564841053312063,7.893769085249776
2015-07-25 02:00:00,22.7,86,0.0,8.9,159,-3.1894747509531727,8.308865795825096
2015-07-25 03:00:00,22.5,84,0.0,9.4,157,-3.6728726077991736,8.652745622452938
2015-07-25 04:00:00,22.5,82,0.0,9.4,157,-3.6728726077991736,8.652745622452938
2015-07-25 05:00:00,22.4,81,0.0,9.8,156,-3.986019102142843,8.95274548489749
2015-07-25 06:00:00,22.7,80,0.0,8.2,165,-2.122316169840671,7.92059177557036
2015-07-25 07:00:00,25.2,76,0.0,9.1,162,-2.812054648812021,8.654614298285898
2015-07-25 08:00:00,27.5,61,0.0,9.0,175,-0.7844016847289241,8.96575228282571
2015-07-25 09:00:00,28.7,57,0.0,9.4,180,5.755839955992561e-16,9.4
2015-07-25 10:00:00,29.5,58,0.0,9.8,188,1.3638963894086416,9.70462707366739
2015-07-25 11:00:00,30.3,59,0.0,11.1,205,4.691062705321763,10.060016436106814
2015-07-25 12:00:00,30.8,61,0.0,12.7,215,7.284420741658286,10.403230962470195
2015-07-25 13:00:00,30.7,64,0.0,13.3,221,8.725585085573748,10.037637416962868
2015-07-25 14:00:00,30.6,65,0.0,13.7,225,9.687362902255702,9.6873629022557
2015-07-25 15:00:00,30.2,66,0.0,14.0,222,9.367828489024015,10.40402755668352
2015-07-25 16:00:00,29.8,69,0.0,14.9,217,8.967043844965522,11.899669099704663
2015-07-25 17:00:00,29.2,72,0.0,15.5,216,9.110671410533334,12.539763412811686
2015-07-25 18:00:00,28.5,76,0.0,9.9,213,5.391926446648768,8.302838622659698
2015-07-25 19:00:00,27.5,80,0.0,10.3,192,2.1414904154229224,10.074920287558198
2015-07-25 20:00:00,26.5,85,0.0,11.3,207,5.1300926470568795,10.068373723328557
2015-07-25 21:00:00,25.8,89,0.0,11.3,197,3.303800263366926,10.806243742382302
2015-07-25 22:00:00,25.2,91,0.0,10.9,174,-1.1393602496174238,10.84028865951418
2015-07-25 23:00:00,24.3,93,0.1,10.5,172,-1.4613175600806863,10.397814721786489
2015-07-26 00:00:00,23.9,93,0.0,10.9,174,-1.1393602496174238,10.84028865951418
2015-07-26 01:00:00,23.3,94,0.1,11.2,174,-1.1707187885977197,11.13864522812466
2015-07-26 02:00:00,22.9,94,0.1,10.4,182,0.36295476570601126,10.393664600998596
2015-07-26 03:00:00,22.7,93,0.0,9.7,176,-0.6766377953180156,9.676371287520293
2015-07-26 04:00:00,22.3,93,0.3,9.8,174,-1.024378940023005,9.746314574609078
2015-07-26 05:00:00,22.2,92,0.0,9.6,167,-2.159530121701104,9.353952621938259
2015-07-26 06:00:00,22.2,91,0.0,8.2,165,-2.122316169840671,7.92059177557036
2015-07-26 07:00:00,25.1,83,0.0,9.6,167,-2.159530121701104,9.353952621938259
2015-07-26 08:00:00,27.9,63,0.0,10.0,167,-2.2495105434386504,9.743700647852352
2015-07-26 09:00:00,29.1,61,0.0,10.5,172,-1.4613175600806863,10.397814721786489
2015-07-26 10:00:00,30.0,61,0.0,10.2,188,1.4195656297926678,10.100734301164017
2015-07-26 11:00:00,30.8,61,0.0,11.3,211,5.8199302464836125,9.68599049793387
2015-07-26 12:00:00,31.0,62,0.0,12.5,221,8.200737862381342,9.43386975278465
2015-07-26 13:00:00,31.0,64,0.0,13.0,222,8.698697882665158,9.660882731206126
2015-07-26 14:00:00,30.8,65,0.0,13.5,226,9.711087304571791,9.377888001196464
2015-07-26 15:00:00,30.4,65,0.0,13.1,217,7.883776803291833,10.462125181619536
2015-07-26 16:00:00,29.8,67,0.0,13.2,206,5.786499137615822,11.864081411149003
2015-07-26 17:00:00,29.2,70,0.0,13.1,201,4.694620139043435,12.229903587113343
2015-07-26 18:00:00,28.5,73,0.0,10.8,201,3.870373855089244,10.08266860616978
2015-07-26 19:00:00,27.3,80,0.0,9.2,191,1.755442757464213,9.030970087718508
2015-07-26 20:00:00,26.2,87,0.0,9.1,189,1.4235536318661013,8.987963899415753
2015-07-26 21:00:00,25.4,89,0.0,9.5,191,1.8126854560771768,9.325458242752807
2015-07-26 22:00:00,24.9,92,0.0,10.5,184,0.732442974313315,10.474422527728153
2015-07-26 23:00:00,24.2,93,0.0,9.7,176,-0.6766377953180156,9.676371287520293
2015-07-27 00:00:00,23.7,94,0.0,9.6,167,-2.159530121701104,9.353952621938259
2015-07-27 01:00:00,23.3,94,0.0,8.6,158,-3.2216167033768435,7.973781149274371
2015-07-27 02:00:00,22.9,95,0.0,7.8,158,-2.9219314286441143,7.232034065620942
2015-07-27 03:00:00,23.0,93,0.0,7.1,156,-2.8878301658381815,6.486172749262466
2015-07-27 04:00:00,22.8,93,0.0,6.8,155,-2.8738041798367555,6.16289295184922
2015-07-27 05:00:00,22.5,93,0.0,6.8,162,-2.101315561749642,6.467184310807045
2015-07-27 06:00:00,22.5,93,0.0,7.6,161,-2.4743179738743906,7.185941174554808
2015-07-27 07:00:00,25.5,82,0.0,8.8,168,-1.8296228791962823,8.607698886457491
2015-07-27 08:00:00,27.3,74,0.0,9.8,188,1.3638963894086416,9.70462707366739
2015-07-27 09:00:00,28.3,71,0.0,9.8,197,2.8652427062828205,9.371786608437748
2015-07-27 10:00:00,29.2,69,0.0,9.2,211,4.738350289172498,7.8859391664594325
2015-07-27 11:00:00,29.8,67,0.0,9.7,219,6.104407793183423,7.538315826132617
2015-07-27 12:00:00,30.1,67,0.0,10.7,230,8.196675541373065,6.87782742364597
2015-07-27 13:00:00,30.1,67,0.0,11.5,226,8.272407703894489,7.988571260278468
2015-07-27 14:00:00,29.5,70,0.0,10.2,219,6.419067988708342,7.926888806861102
2015-07-27 15:00:00,28.5,75,0.0,12.4,206,5.435802220184561,11.145046174109671
2015-07-27 16:00:00,27.9,78,0.3,12.7,188,1.7674983821928314,12.576404473017943
2015-07-27 17:00:00,27.7,78,0.0,11.2,186,1.1707187885977186,11.13864522812466
2015-07-27 18:00:00,27.3,80,0.0,9.3,193,2.092044805397944,9.06164160250269
2015-07-27 19:00:00,26.5,85,0.0,9.8,172,-1.3638963894086407,9.70462707366739
2015-07-27 20:00:00,25.5,89,0.0,9.0,175,-0.7844016847289241,8.96575228282571
2015-07-27 21:00:00,25.0,91,0.0,10.4,194,2.515987714236544,10.091075553270363
2015-07-27 22:00:00,24.6,93,0.0,9.8,188,1.3638963894086416,9.70462707366739
2015-07-27 23:00:00,24.5,93,0.0,9.4,182,0.3280552690035102,9.394273773979501
2015-07-28 00:00:00,24.2,93,0.0,9.0,178,-0.3140954703225086,8.994517443171862
2015-07-28 01:00:00,23.8,93,0.7000000000000001,7.6,172,-1.0577155672964966,7.5260373224359345
2015-07-28 02:00:00,23.6,92,1.3,5.8,173,-0.7068421917498547,5.756767679519668
2015-07-28 03:00:00,23.5,90,0.4,6.2,170,-1.076618701534968,6.10580806867569
2015-07-28 04:00:00,23.6,87,0.1,7.4,157,-2.891410350820626,6.811735915548058
2015-07-28 05:00:00,23.4,88,1.1,7.1,156,-2.8878301658381815,6.486172749262466
2015-07-28 06:00:00,23.5,89,0.1,6.7,164,-1.8467702839738938,6.440453362786736
2015-07-28 07:00:00,24.0,88,0.1,9.7,149,-4.995869326627526,8.31452281681049
2015-07-28 08:00:00,25.1,83,0.3,9.5,143,-5.717242719944459,7.587037345449281
2015-07-28 09:00:00,26.3,75,0.0,7.7,152,-3.6149310334513602,6.798696465013737
2015-07-28 10:00:00,27.7,69,0.0,8.4,190,1.4586446924022156,8.272385125302547
2015-07-28 11:00:00,28.8,66,0.0,9.3,216,5.46640284632,7.523858047687012
2015-07-28 12:00:00,29.1,66,0.0,12.1,217,7.281961780139786,9.663489671572243
2015-07-28 13:00:00,29.0,67,0.0,12.7,215,7.284420741658286,10.403230962470195
2015-07-28 14:00:00,29.0,67,0.0,10.7,213,5.82763767466079,8.973775077016036
2015-07-28 15:00:00,29.3,67,0.0,9.4,223,6.410784584587486,6.874724795220202
2015-07-28 16:00:00,28.8,70,0.0,9.8,208,4.600821315301731,8.652886410017484
2015-07-28 17:00:00,28.5,73,0.3,10.3,205,4.352968095929205,9.334970206477495
2015-07-28 18:00:00,27.5,77,0.5,7.2,233,5.750175672340508,4.333068166694748
2015-07-28 19:00:00,26.4,81,0.1,8.1,159,-2.902780391316932,7.5620014546273335
2015-07-28 20:00:00,25.8,87,0.0,6.6,139,-4.329989591337347,4.981083229470296
2015-07-28 21:00:00,24.8,89,0.0,7.2,143,-4.333068166694749,5.750175672340507
2015-07-28 22:00:00,24.3,90,0.0,8.1,159,-2.902780391316932,7.5620014546273335
2015-07-28 23:00:00,23.7,91,0.0,8.1,167,-1.8221035401853067,7.892397524760405
2015-07-29 00:00:00,23.3,91,0.0,8.8,171,-1.3766232923540314,8.691657397237213
2015-07-29 01:00:00,22.8,92,0.0,8.0,162,-2.4721359549995787,7.608452130361229
2015-07-29 02:00:00,22.3,93,0.0,6.6,151,-3.199743493625824,5.772490067120012
2015-07-29 03:00:00,22.1,87,0.0,5.7,145,-3.269385687200963,4.669166652447252
2015-07-29 04:00:00,21.4,90,0.0,5.2,146,-2.907803098047883,4.3109953772862175
2015-07-29 05:00:00,20.9,91,0.0,5.3,152,-2.4881992827652217,4.679622242152313
2015-07-29 06:00:00,20.8,93,0.2,4.7,148,-2.4906205418960625,3.9858260519352027
2015-07-29 07:00:00,23.8,84,0.0,5.9,137,-4.023790324368741,4.314986839553106
2015-07-29 08:00:00,26.7,69,0.0,6.3,156,-2.5624408513775414,5.755336383148386
2015-07-29 09:00:00,28.1,63,0.0,6.6,167,-1.4846769586695092,6.430842427582553
2015-07-29 10:00:00,29.2,61,0.0,6.5,183,0.3401837155791358,6.49109197590473
2015-07-29 11:00:00,29.6,61,0.0,7.3,200,2.4967470462773824,6.8597561317371305
2015-07-29 12:00:00,30.1,60,0.0,8.1,212,4.29234604028896,6.86918957886705
2015-07-29 13:00:00,30.3,60,0.0,9.7,228,7.208504807130724,6.490566881680924
2015-07-29 14:00:00,30.7,59,0.0,9.8,234,7.9283665448744856,5.760295472466237
2015-07-29 15:00:00,30.9,58,0.0,11.3,239,9.68599049793387,5.8199302464836125
2015-07-29 16:00:00,30.5,61,0.0,11.6,234,9.38459713474939,6.818308926592688
2015-07-29 17:00:00,29.8,66,0.0,12.2,227,8.922515159753878,8.320379992762481
2015-07-29 18:00:00,28.8,71,0.0,11.0,247,10.125553387976844,4.298042413382012
2015-07-29 19:00:00,27.4,78,0.0,8.7,240,7.534421012924616,4.349999999999999
2015-07-29 20:00:00,25.8,86,0.0,9.1,236,7.544241910250879,5.0886554215837965
2015-07-29 21:00:00,24.9,90,0.2,6.6,202,2.4724035165450187,6.1194134401407965
2015-07-29 22:00:00,24.4,90,0.2,6.8,180,4.1637991171010006e-16,6.8
2015-07-29 23:00:00,24.0,91,0.0,8.4,160,-2.872969203935617,7.8934180146016315
2015-07-30 00:00:00,23.8,92,0.0,8.4,149,-4.326319829244456,7.200205325897744
2015-07-30 01:00:00,23.3,93,0.0,7.2,143,-4.333068166694749,5.750175672340507
2015-07-30 02:00:00,22.8,95,0.0,6.3,149,-3.2447398719333416,5.400153994423308
2015-07-30 03:00:00,23.0,90,0.0,6.9,152,-3.2393537832226476,6.092338390726596
2015-07-30 04:00:00,22.8,90,0.0,6.3,149,-3.2447398719333416,5.400153994423308
2015-07-30 05:00:00,22.4,91,0.0,5.7,145,-3.269385687200963,4.669166652447252
2015-07-30 06:00:00,22.4,90,0.0,5.6,135,-3.9597979746446654,3.9597979746446663
2015-07-30 07:00:00,25.4,83,0.0,6.9,141,-4.342310698243877,5.3623071340531006
2015-07-30 08:00:00,27.1,76,0.0,6.0,163,-1.75423022833642,5.737828535778213
2015-07-30 09:00:00,28.5,71,0.0,4.7,203,1.8364363038995866,4.32637281122647
2015-07-30 10:00:00,29.6,66,0.0,6.3,239,5.400153994423308,3.244739871933341
2015-07-30 11:00:00,30.2,63,0.0,8.8,258,8.607698886457491,1.8296228791962823
2015-07-30 12:00:00,30.4,63,0.0,10.6,260,10.438962181929405,1.8406706832694615
2015-07-30 13:00:00,30.3,63,0.0,10.2,262,10.100734301164017,1.4195656297926673
2015-07-30 14:00:00,30.0,65,0.0,10.5,264,10.44247990136687,1.0975488643103615
2015-07-30 15:00:00,29.7,66,0.2,8.6,255,8.306962106085987,2.2258437878816784
2015-07-30 16:00:00,29.2,68,0.0,5.6,255,5.4091846272187825,1.4493866525741161
2015-07-30 17:00:00,28.9,68,0.1,5.6,225,3.9597979746446663,3.9597979746446654
2015-07-30 18:00:00,28.4,70,0.0,6.2,280,6.10580806867569,-1.0766187015349682
2015-07-30 19:00:00,27.3,77,0.0,3.8,253,3.6339580726595346,1.1110124779463997
2015-07-30 20:00:00,26.0,84,0.0,5.1,231,3.963444403430551,3.2095339943541705
2015-07-30 21:00:00,25.5,86,0.0,7.9,223,5.387787044493738,5.777694242791447
2015-07-30 22:00:00,25.1,87,0.0,8.2,195,2.12231616984067,7.92059177557036
2015-07-30 23:00:00,25.1,87,0.0,8.3,178,-0.28966582263075796,8.294943864258496
2015-07-31 00:00:00,24.3,89,0.0,8.0,172,-1.1133848076805228,7.922144549932563
2015-07-31 01:00:00,24.1,90,0.0,8.4,190,1.4586446924022156,8.272385125302547
2015-07-31 02:00:00,23.6,92,0.2,6.8,198,2.1013155617496424,6.467184310807044
2015-07-31 03:00:00,24.2,89,0.2,5.8,187,0.7068421917498554,5.756767679519667
2015-07-31 04:00:00,23.8,91,0.1,5.8,158,-2.17271824181229,5.377666356487367
2015-07-31 05:00:00,23.6,91,0.2,7.2,143,-4.333068166694749,5.750175672340507
2015-07-31 06:00:00,23.7,90,0.0,8.0,126,-6.472135954999579,4.702282018339786
2015-07-31 07:00:00,25.4,82,0.0,9.2,129,-7.149742845404131,5.789747597658503
2015-07-31 08:00:00,26.7,77,0.0,8.4,133,-6.143371093601032,5.728786224524988
2015-07-31 09:00:00,28.2,71,0.0,4.8,153,-2.179154398749824,4.276831316104166
2015-07-31 10:00:00,29.4,66,0.0,3.8,229,2.8678964048465336,2.4930243101639276
2015-07-31 11:00:00,30.3,63,0.0,7.6,265,7.571079705497266,0.662383644882202
2015-07-31 12:00:00,30.8,62,0.0,9.7,270,9.7,0.0
2015-07-31 13:00:00,30.8,62,0.0,9.5,279,9.38303923565381,-1.4861274178821933
2015-07-31 14:00:00,30.7,62,0.0,7.6,289,7.185941174554808,-2.474317973874391
2015-07-31 15:00:00,30.2,62,0.0,10.0,283,9.743700647852352,-2.24951054343865
2015-07-31 16:00:00,30.1,63,0.0,9.4,266,9.377102072442348,0.6557108531947778
2015-07-31 17:00:00,29.7,65,0.0,8.4,277,8.337387673787106,-1.0237024846032388
2015-07-31 18:00:00,28.9,69,0.0,10.2,278,10.100734301164017,-1.4195656297926673
2015-07-31 19:00:00,27.6,76,0.0,6.5,270,6.5,0.0
2015-07-31 20:00:00,26.4,86,0.0,6.2,260,6.10580806867569,1.0766187015349682
2015-07-31 21:00:00,26.5,84,0.0,6.5,264,6.4643923198937765,0.6794350112397476
2015-07-31 22:00:00,26.4,84,0.0,5.8,240,5.022947341949744,2.8999999999999995
2015-07-31 23:00:00,25.9,87,0.0,6.5,214,3.634753872559854,5.388744221607771
2015-08-01 00:00:00,25.4,90,0.0,7.8,214,4.361704647071825,6.466493065929326
2015-08-01 01:00:00,25.3,89,0.0,7.7,221,5.051654523226906,5.811263767715345
2015-08-01 02:00:00,25.7,86,0.1,6.1,208,2.863776532993934,5.385980316439453
2015-08-01 03:00:00,24.6,89,0.0,5.1,188,0.7097828148963339,5.050367150582009
2015-08-01 04:00:00,25.0,86,0.0,6.1,177,-0.3192493330819574,6.0916401620029
2015-08-01 05:00:00,24.8,86,0.0,6.1,180,3.735172737399427e-16,6.1
2015-08-01 06:00:00,25.1,84,0.0,3.7,169,-0.7059932828932158,3.632020578756357
2015-08-01 07:00:00,26.4,81,0.0,3.2,207,1.45276959916655,2.851220877402777
2015-08-01 08:00:00,27.5,76,0.0,4.0,270,4.0,0.0
2015-08-01 09:00:00,28.7,72,0.0,6.6,299,5.772490067120011,-3.1997434936258244
2015-08-01 10:00:00,29.7,69,0.0,9.6,304,7.958760696528399,-5.36825187331917
2015-08-01 11:00:00,30.3,67,0.0,12.4,306,10.031810730249349,-7.288537128426667
2015-08-01 12:00:00,30.4,68,0.0,13.6,310,10.4182044264181,-8.741911491736934
2015-08-01 13:00:00,30.2,69,0.0,13.0,314,9.351417404402465,-9.030558815966964
2015-08-01 14:00:00,30.3,70,0.0,11.1,306,8.980088637561916,-6.524416300446451
2015-08-01 15:00:00,29.1,71,0.0,9.4,302,7.9716521038704045,-4.981241083792126
2015-08-01 16:00:00,29.4,70,0.0,7.9,309,6.139453095510071,-4.971631089293716
2015-08-01 17:00:00,29.3,70,0.0,7.8,304,6.466493065929325,-4.361704647071826
2015-08-01 18:00:00,28.7,72,0.0,8.3,304,6.881011852206846,-4.6413010988072
2015-08-01 19:00:00,27.4,80,0.0,5.3,298,4.679622242152313,-2.4881992827652213
2015-08-01 20:00:00,26.6,84,0.0,5.3,298,4.679622242152313,-2.4881992827652213
2015-08-01 21:00:00,26.3,84,0.0,4.7,302,3.9858260519352022,-2.490620541896063
2015-08-01 22:00:00,26.4,84,0.0,4.3,312,3.195522749552795,-2.8772616073430903
2015-08-01 23:00:00,25.8,86,0.0,3.1,291,2.8940993221413254,-1.1109406435904308
2015-08-02 00:00:00,25.1,89,0.0,3.3,257,3.2154212137912763,0.7423384793347545
2015-08-02 01:00:00,24.9,90,0.0,4.6,231,3.5748714227020657,2.8948737988292517
2015-08-02 02:00:00,25.0,89,0.0,5.8,202,2.1727182418122895,5.377666356487367
2015-08-02 03:00:00,24.9,89,0.0,6.6,189,1.032467469265524,6.518743047927909
2015-08-02 04:00:00,25.8,84,0.0,4.7,176,-0.3278554265973891,4.688551036221174
2015-08-02 05:00:00,24.9,86,0.0,2.6,146,-1.4539015490239415,2.1554976886431088
2015-08-02 06:00:00,23.7,89,0.6,2.0,135,-1.414213562373095,1.4142135623730951
2015-08-02 07:00:00,25.0,87,0.2,3.6,127,-2.8750878361702545,2.1665340833473734
2015-08-02 08:00:00,26.4,80,0.0,2.4,117,-2.138415658052083,1.0895771993749124
2015-08-02 09:00:00,27.7,76,0.0,1.5,14,-0.36288284339950166,-1.4554435894139948
2015-08-02 10:00:00,29.0,71,0.0,5.0,330,2.5000000000000004,-4.330127018922193
2015-08-02 11:00:00,30.3,65,0.0,7.9,317,5.387787044493738,-5.777694242791447
2015-08-02 12:00:00,30.9,62,0.0,11.0,308,8.668118289673941,-6.772276228582241
2015-08-02 13:00:00,31.0,61,0.0,12.5,309,9.714324518212136,-7.866504888122967
2015-08-02 14:00:00,30.7,61,0.0,12.3,308,9.69253226936268,-7.572636146505597
2015-08-02 15:00:00,30.6,59,0.0,11.4,305,9.338333304894507,-6.538771374401925
2015-08-02 16:00:00,30.1,60,0.0,9.9,303,8.302838622659698,-5.391926446648768
2015-08-02 17:00:00,29.7,61,0.0,7.8,304,6.466493065929325,-4.361704647071826
2015-08-02 18:00:00,28.7,67,0.0,7.8,304,6.466493065929325,-4.361704647071826
2015-08-02 19:00:00,27.1,78,0.0,4.8,312,3.5670951622914924,-3.2118269105225195
2015-08-02 20:00:00,26.7,77,0.0,4.5,299,3.935788682127281,-2.1816432911085166
2015-08-02 21:00:00,27.1,74,0.0,4.7,293,4.32637281122647,-1.8364363038995868
2015-08-02 22:00:00,27.0,76,0.0,2.9,263,2.8783838397598336,0.35342109587492765
2015-08-02 23:00:00,26.3,79,0.0,3.7,241,3.2360929164157644,1.7937955949114472
2015-08-03 00:00:00,25.7,83,0.0,5.4,222,3.6133052743378347,4.012982057577929
2015-08-03 01:00:00,25.6,84,0.0,7.8,214,4.361704647071825,6.466493065929326
2015-08-03 02:00:00,25.8,83,0.0,6.4,196,1.7640790772287946,6.1520748540052415
2015-08-03 03:00:00,26.1,80,0.0,4.2,160,-1.4364846019678086,3.9467090073008158
2015-08-03 04:00:00,24.7,84,0.0,5.4,138,-3.6133052743378347,4.012982057577929
2015-08-03 05:00:00,24.5,84,0.0,4.9,126,-3.9641832724372423,2.880147736233119
2015-08-03 06:00:00,24.3,84,0.0,4.2,110,-3.9467090073008153,1.4364846019678092
2015-08-03 07:00:00,25.6,86,0.0,3.6,90,-3.6,4.4087284769304716e-16
2015-08-03 08:00:00,27.8,71,0.0,2.3,72,-2.187429987478853,-0.7107390870623786
2015-08-03 09:00:00,29.2,64,0.0,2.8,320,1.7998053071223101,-2.1449244407331385
2015-08-03 10:00:00,30.3,60,0.0,6.4,308,5.043268823083021,-3.9402334420842133
2015-08-03 11:00:00,30.9,58,0.0,9.9,303,8.302838622659698,-5.391926446648768
2015-08-03 12:00:00,31.4,56,0.0,12.2,304,10.114258385171507,-6.822153422343112
2015-08-03 13:00:00,31.4,56,0.0,13.7,305,11.222383006759188,-7.85799717800933
2015-08-03 14:00:00,31.0,56,0.0,13.5,299,11.807366046381842,-6.54492987332555
2015-08-03 15:00:00,30.2,56,0.0,11.3,297,10.068373723328557,-5.130092647056879
2015-08-03 16:00:00,29.8,57,0.0,8.0,297,7.128052193506943,-3.631923997916374
2015-08-03 17:00:00,29.4,59,0.0,6.2,291,5.788198644282651,-2.2218812871808615
2015-08-03 18:00:00,28.2,76,0.0,6.4,297,5.702441754805555,-2.9055391983330994
2015-08-03 19:00:00,28.2,65,0.0,4.1,315,2.899137802864845,-2.8991378028648445
2015-08-03 20:00:00,28.3,61,0.0,3.0,346,0.725765686799003,-2.9108871788279895
2015-08-03 21:00:00,27.4,67,0.0,2.3,321,1.447436899414626,-1.7874357113510329
2015-08-03 22:00:00,26.2,75,0.0,4.0,270,4.0,0.0
2015-08-03 23:00:00,25.9,78,0.0,4.9,253,4.685893304218874,1.4326213531414103
2015-08-04 00:00:00,26.7,75,0.0,5.4,233,4.312631754255381,3.2498011250210608
2015-08-04 01:00:00,26.6,76,0.0,6.1,230,4.6728711030257655,3.921004419087889
2015-08-04 02:00:00,26.4,77,0.0,5.4,222,3.6133052743378347,4.012982057577929
2015-08-04 03:00:00,26.0,78,0.0,4.7,189,0.7352419856890854,4.6421352007971475
2015-08-04 04:00:00,24.6,84,0.0,5.7,162,-1.7613968679371999,5.421022142882376
2015-08-04 05:00:00,23.5,88,0.0,5.9,142,-3.6324027044213842,4.64926344627966
2015-08-04 06:00:00,23.4,88,0.0,4.0,117,-3.564026096753471,1.8159619989581874
2015-08-04 07:00:00,26.1,81,0.0,3.4,108,-3.233592155403522,1.0506577808748214
2015-08-04 08:00:00,28.1,68,0.0,1.5,45,-1.0606601717798214,-1.0606601717798212
2015-08-04 09:00:00,29.4,62,0.0,4.6,315,3.2526911934581184,-3.252691193458118
2015-08-04 10:00:00,30.2,58,0.0,8.4,310,6.4347733221994154,-5.39941592136693
2015-08-04 11:00:00,30.6,56,0.0,10.5,308,8.27411291287058,-6.464445490919412
2015-08-04 12:00:00,30.7,55,0.0,11.5,309,8.937178556755166,-7.23718449707313
2015-08-04 13:00:00,30.9,54,0.0,11.9,305,9.747909327039002,-6.825559592577449
2015-08-04 14:00:00,30.6,54,0.0,9.6,304,7.958760696528399,-5.36825187331917
2015-08-04 15:00:00,30.3,54,0.0,7.1,294,6.486172749262466,-2.8878301658381815
2015-08-04 16:00:00,29.8,54,0.0,6.0,287,5.737828535778212,-1.7542302283364206
2015-08-04 17:00:00,29.6,56,0.0,4.8,297,4.276831316104166,-2.1791543987498243
2015-08-04 18:00:00,28.5,73,0.0,3.3,311,2.4905416147351476,-2.1649947956686737
2015-08-04 19:00:00,28.7,57,0.0,4.7,302,3.9858260519352022,-2.490620541896063
2015-08-04 20:00:00,27.6,65,0.0,6.4,308,5.043268823083021,-3.9402334420842133
2015-08-04 21:00:00,26.9,69,0.0,6.9,309,5.3623071340531,-4.342310698243878
2015-08-04 22:00:00,26.9,70,0.0,5.7,305,4.669166652447253,-3.2693856872009626
2015-08-04 23:00:00,26.9,72,0.0,3.9,292,3.616017032810471,-1.460965714322057
2015-08-05 00:00:00,26.5,75,0.0,2.9,270,2.9,0.0
2015-08-05 01:00:00,26.2,77,0.0,3.3,264,3.2819222547153015,0.3449439287832564
2015-08-05 02:00:00,25.9,80,0.0,2.3,231,1.7874357113510329,1.4474368994146258
2015-08-05 03:00:00,25.8,78,0.0,2.5,180,1.5308084989341916e-16,2.5
2015-08-05 04:00:00,24.7,83,0.0,4.0,170,-0.6945927106677212,3.939231012048832
2015-08-05 05:00:00,24.4,84,0.0,4.8,153,-2.179154398749824,4.276831316104166
2015-08-05 06:00:00,24.5,83,0.0,4.0,153,-1.8159619989581868,3.5640260967534716
2015-08-05 07:00:00,25.4,84,0.0,3.0,166,-0.7257656867990033,2.9108871788279895
2015-08-05 08:00:00,27.2,73,0.0,1.4,180,8.572527594031472e-17,1.4
2015-08-05 09:00:00,27.8,70,0.0,1.6,297,1.4256104387013888,-0.7263847995832748
2015-08-05 10:00:00,28.6,66,0.0,6.1,320,3.92100441908789,-4.6728711030257655
2015-08-05 11:00:00,29.3,63,0.0,10.4,314,7.4811339235219725,-7.224447052773572
2015-08-05 12:00:00,29.9,61,0.0,12.2,326,6.822153422343111,-10.114258385171508
2015-08-05 13:00:00,30.1,61,0.0,11.5,328,6.094071538681856,-9.7525531057989
2015-08-05 14:00:00,29.9,61,0.0,11.3,338,4.233054505599806,-10.4771775566047
2015-08-05 15:00:00,29.4,61,0.0,9.9,350,1.7191169589026112,-9.74959675482086
2015-08-05 16:00:00,29.2,62,0.0,8.8,9,-1.3766232923540331,-8.691657397237211
2015-08-05 17:00:00,28.7,64,0.0,7.8,13,-1.7546182238821488,-7.600086505324834
2015-08-05 18:00:00,28.0,67,0.0,7.8,22,-2.921931428644116,-7.232034065620941
2015-08-05 19:00:00,27.2,74,0.0,6.7,36,-3.938161190359571,-5.420413862312147
2015-08-05 20:00:00,27.0,73,0.0,6.3,24,-2.5624408513775405,-5.755336383148386
2015-08-05 21:00:00,26.9,74,0.0,5.1,356,0.35575801609503865,-5.087576656325103
2015-08-05 22:00:00,26.0,79,0.0,4.6,315,3.2526911934581184,-3.252691193458118
2015-08-05 23:00:00,25.2,84,0.0,4.2,290,3.9467090073008158,-1.4364846019678086
2015-08-06 00:00:00,24.3,89,0.0,4.4,261,4.3458286986186065,0.6883116461770159
2015-08-06 01:00:00,23.8,91,0.0,4.5,256,4.366330768241984,1.0886485301985047
2015-08-06 02:00:00,23.9,91,0.0,4.3,246,3.9282454678631837,1.7489675652259409
2015-08-06 03:00:00,24.6,87,0.0,4.4,215,2.5237363199446032,3.604268994871564
2015-08-06 04:00:00,24.1,88,0.0,5.2,196,1.4333142502483958,4.998560818879258
2015-08-06 05:00:00,23.7,89,0.0,5.8,180,3.5514757175273243e-16,5.8
2015-08-06 06:00:00,23.4,89,0.0,5.4,176,-0.3766849582182768,5.386845871403051
2015-08-06 07:00:00,25.7,85,0.0,5.2,168,-1.0811407922523486,5.08636752381579
2015-08-06 08:00:00,27.0,79,0.0,2.6,164,-0.7166571251241975,2.499280409439629
2015-08-06 09:00:00,28.3,72,0.0,1.9,292,1.761649323676896,-0.7117525274902328
2015-08-06 10:00:00,29.6,66,0.0,6.4,322,3.9402334420842133,-5.043268823083022
2015-08-06 11:00:00,30.6,62,0.0,10.8,334,4.734408385322037,-9.706975700031006
2015-08-06 12:00:00,30.8,61,0.0,15.0,349,2.862134930648174,-14.72440775171496
2015-08-06 13:00:00,30.9,60,0.0,16.6,4,-1.1579574641524848,-16.55956323431308
2015-08-06 14:00:00,31.2,60,0.0,17.0,6,-1.776983875550107,-16.90687222126065
2015-08-06 15:00:00,30.5,63,0.0,19.6,7,-2.3886391307408847,-19.453904572169915
2015-08-06 16:00:00,29.9,66,0.0,19.5,4,-1.3602512380104488,-19.452498980066572
2015-08-06 17:00:00,29.4,69,0.0,19.6,13,-4.409040665139759,-19.09765326979061
2015-08-06 18:00:00,28.8,70,0.0,15.7,9,-2.4560211011316273,-15.50670694734366
2015-08-06 19:00:00,27.8,79,0.0,14.1,13,-3.1718098662485,-13.738617913471815
2015-08-06 20:00:00,26.9,82,0.0,12.8,16,-3.5281581544575857,-12.304149708010485
2015-08-06 21:00:00,27.7,74,0.0,13.6,11,-2.5950023371210067,-13.35012969488823
2015-08-06 22:00:00,27.3,77,0.0,15.0,11,-2.8621349306481694,-14.72440775171496
2015-08-06 23:00:00,26.7,80,0.0,15.7,16,-4.327506486326882,-15.091808626231607
2015-08-07 00:00:00,25.2,87,0.0,14.7,17,-4.297864059424235,-14.057679912656619
2015-08-07 01:00:00,24.0,91,0.0,13.9,17,-4.063966695646045,-13.29263610788619
2015-08-07 02:00:00,23.3,94,0.0,13.5,16,-3.721104303529485,-12.977032895167307
2015-08-07 03:00:00,25.5,86,0.0,12.5,18,-3.8627124296868445,-11.888206453689419
2015-08-07 04:00:00,23.7,94,0.0,9.0,29,-4.3632865822170315,-7.871577364254564
2015-08-07 05:00:00,23.2,95,0.0,7.5,35,-4.301823272632848,-6.143640332167437
2015-08-07 06:00:00,23.1,95,0.0,5.4,48,-4.012982057577929,-3.6133052743378347
2015-08-07 07:00:00,26.0,88,0.0,7.7,28,-3.614931033451359,-6.798696465013738
2015-08-07 08:00:00,28.4,76,0.0,11.5,20,-3.9332316482451883,-10.806465139037947
2015-08-07 09:00:00,30.1,68,0.0,16.2,13,-3.644207080370617,-15.784795049520808
2015-08-07 10:00:00,31.5,62,0.0,23.3,9,-3.644923035437383,-23.013138335866707
2015-08-07 11:00:00,32.0,60,0.0,29.5,9,-4.614816718686815,-29.13680604755656
2015-08-07 12:00:00,32.3,60,0.0,34.1,11,-6.506586742340171,-33.47348695556534
2015-08-07 13:00:00,31.5,63,0.0,37.6,9,-5.8819358855126875,-37.13708160637718
2015-08-07 14:00:00,30.5,69,0.0,40.1,9,-6.273022048113265,-39.60630245786502
2015-08-07 15:00:00,29.7,70,0.0,40.1,9,-6.273022048113265,-39.60630245786502
2015-08-07 16:00:00,28.3,78,0.4,37.8,8,-5.2607432162904875,-37.43213299843135
2015-08-07 17:00:00,27.0,86,0.5,36.5,10,-6.338158484842957,-35.94548298494559
2015-08-07 18:00:00,26.1,90,0.4,39.0,5,-3.399073967158672,-38.85159322557808
2015-08-07 19:00:00,25.6,92,0.3,41.8,3,-2.1876429709550718,-41.742714552741184
2015-08-07 20:00:00,25.6,92,0.4,44.0,4,-3.0692848447415253,-43.892818211432264
2015-08-07 21:00:00,25.5,92,0.7000000000000001,47.5,2,-1.657726093368786,-47.471064283407046
2015-08-07 22:00:00,25.3,93,1.0,49.0,360,3.0003846579110155e-15,-49.0
2015-08-07 23:00:00,25.4,91,2.3,52.2,353,6.361579725748699,-51.81090911567701
2015-08-08 00:00:00,25.5,90,3.7,57.6,354,6.02083948421684,-57.28446117321254
2015-08-08 01:00:00,25.5,91,2.2,59.0,349,11.25773072721615,-57.916003823412176
2015-08-08 02:00:00,25.4,91,1.9,69.4,350,12.051183530084971,-68.34565805904724
2015-08-08 03:00:00,25.3,90,4.8,74.5,347,16.758853548617935,-72.59056982650003
2015-08-08 04:00:00,25.4,90,5.5,74.5,340,25.48050067776233,-70.00710024855017
2015-08-08 05:00:00,25.4,91,6.5,62.7,351,9.80844095802248,-61.928058955315144
2015-08-08 06:00:00,25.5,91,4.7,42.3,351,6.6171778712017675,-41.77921680717432
2015-08-08 07:00:00,25.5,91,4.7,32.8,4,-2.288012338807319,-32.72010084852223
2015-08-08 08:00:00,25.7,92,3.7,26.8,24,-10.900542034431442,-24.483018264821705
2015-08-08 09:00:00,25.7,92,2.6,19.4,40,-12.470079627918865,-14.86126219650817
2015-08-08 10:00:00,26.6,92,1.8,12.2,71,-11.535326622311663,-3.971931484377312
2015-08-08 11:00:00,26.9,90,1.7000000000000002,10.9,134,-7.8408038236912985,7.5717762380030695
2015-08-08 12:00:00,26.4,92,2.7,17.0,159,-6.092255142270105,15.870867250452429
2015-08-08 13:00:00,25.7,93,3.0,29.8,192,6.195768386369232,29.148798501867407
2015-08-08 14:00:00,24.8,92,4.5,44.7,196,12.320989805019863,42.96839780844286
2015-08-08 15:00:00,25.0,93,6.1,50.8,199,16.538862246423562,48.03234364044529
2015-08-08 16:00:00,24.6,91,8.5,53.5,205,22.61007700312742,48.48746660646077
2015-08-08 17:00:00,24.7,89,13.8,59.6,207,27.05783378447699,53.10398884162672
2015-08-08 18:00:00,24.8,88,16.1,55.7,193,12.529773726953277,54.27241260853761
2015-08-08 19:00:00,24.8,87,13.9,52.8,185,4.601823217076349,52.59908005924416
2015-08-08 20:00:00,24.8,84,10.2,48.7,177,-2.5487610690313653,48.63325834254775
2015-08-08 21:00:00,24.7,83,5.9,45.4,172,-6.3184587835869666,44.958170320867296
2015-08-08 22:00:00,24.8,82,3.2,42.8,173,-5.216007897740307,42.48097529024858
2015-08-08 23:00:00,24.9,80,1.6,40.3,172,-5.608675968690633,39.907803170285284
2015-08-09 00:00:00,25.2,77,1.0,36.9,167,-8.30069390528862,35.95425539057518
2015-08-09 01:00:00,26.0,72,0.6,33.6,161,-10.939089989760463,31.769424140137048
2015-08-09 02:00:00,26.8,69,1.0,32.6,167,-7.33340437161,31.76446411199867
2015-08-09 03:00:00,25.8,84,1.7000000000000002,33.6,174,-3.5121563657931594,33.415935684373984
2015-08-09 04:00:00,25.9,85,3.3,33.6,176,-2.343817517802611,33.5181520887301
2015-08-09 05:00:00,25.9,84,4.2,32.0,179,-0.5584770059930713,31.99512624500452
2015-08-09 06:00:00,25.9,83,2.0,30.4,175,-2.6495345795288103,30.284318821989064
2015-08-09 07:00:00,25.9,84,1.9,28.9,175,-2.5188009654073227,28.790026774851444
2015-08-09 08:00:00,26.0,84,1.7000000000000002,25.6,176,-1.7857657278496086,25.537639686651502
2015-08-09 09:00:00,26.2,85,1.4,25.6,178,-0.8934271155840245,25.584405171688854
2015-08-09 10:00:00,26.6,83,1.0,24.9,184,1.7369361962287182,24.839344851469622
2015-08-09 11:00:00,27.2,82,0.8,27.2,187,3.314846140620012,26.99725532464396
2015-08-09 12:00:00,27.2,83,0.9,26.3,189,4.114226430558073,25.976203357652125
2015-08-09 13:00:00,27.5,83,0.6,26.2,188,3.646335245153715,25.945023401029143
2015-08-09 14:00:00,28.1,79,0.5,24.9,191,4.751143984875968,24.44251686784683
2015-08-09 15:00:00,28.0,80,0.1,24.0,193,5.3988253042527585,23.384881554845645
2015-08-09 16:00:00,27.7,79,0.0,26.9,192,5.592824482997729,26.31217045973937
2015-08-09 17:00:00,27.3,78,0.0,24.1,190,4.184921081773023,23.733866847594214
2015-08-09 18:00:00,26.9,78,0.0,18.8,185,1.638527963655973,18.728460324124818
2015-08-09 19:00:00,26.3,79,0.0,17.6,191,3.358238318627191,17.276638428678886
2015-08-09 20:00:00,25.7,81,0.0,18.1,193,4.071614083623955,17.63609817261276
2015-08-09 21:00:00,25.4,81,0.0,18.5,193,4.161594505361501,18.025846198526853
2015-08-09 22:00:00,24.9,83,0.0,17.6,191,3.358238318627191,17.276638428678886
2015-08-09 23:00:00,24.7,84,0.0,16.3,188,2.268521545649067,16.141369520487597
2015-08-10 00:00:00,24.4,84,0.0,16.2,183,0.8478424911356922,16.177798463024097
2015-08-10 01:00:00,24.2,84,0.0,15.8,181,0.27574802170908086,15.797593583470983
2015-08-10 02:00:00,23.9,84,0.0,15.8,181,0.27574802170908086,15.797593583470983
2015-08-10 03:00:00,23.4,83,0.0,15.5,180,9.491012693391988e-16,15.5
2015-08-10 04:00:00,22.8,84,0.0,15.9,175,-1.385776309687766,15.839495699658755
2015-08-10 05:00:00,22.5,84,0.0,15.7,171,-2.4560211011316238,15.506706947343663
2015-08-10 06:00:00,22.2,84,0.0,14.8,180,9.062386313690414e-16,14.8
2015-08-10 07:00:00,24.2,85,0.0,14.1,177,-0.7379369830255081,14.080676440039491
2015-08-10 08:00:00,28.0,68,0.0,14.8,177,-0.7745721523955689,14.779717114367694
2015-08-10 09:00:00,29.3,65,0.0,16.7,186,1.7456253365698127,16.608515652650162
2015-08-10 10:00:00,30.1,64,0.0,20.0,194,4.838437911993354,19.40591452551993
2015-08-10 11:00:00,30.6,63,0.0,21.3,196,5.871075678902082,20.47487412348619
2015-08-10 12:00:00,31.0,63,0.0,21.6,198,6.674767078498865,20.542820751975317
2015-08-10 13:00:00,31.0,63,0.0,20.9,201,7.489890145496777,19.511830913791513
2015-08-10 14:00:00,30.9,65,0.0,19.7,204,8.012711868593264,17.996845515559237
2015-08-10 15:00:00,30.5,65,0.0,17.9,205,7.564866885158519,16.222909387956033
2015-08-10 16:00:00,30.2,67,0.0,15.5,205,6.550583056980841,14.047770699068074
2015-08-10 17:00:00,29.6,71,0.0,13.5,205,5.705346533499442,12.235155124994774
2015-08-10 18:00:00,28.5,76,0.0,10.3,209,4.993539088537273,9.008582983535776
2015-08-10 19:00:00,27.1,82,0.0,11.5,182,0.4013442120787624,11.492994510719601
2015-08-10 20:00:00,25.6,87,0.0,11.3,171,-1.7677094549546084,11.160878248725057
2015-08-10 21:00:00,25.4,85,0.0,11.0,169,-2.0988989491419927,10.797899017924303
2015-08-10 22:00:00,25.1,84,0.0,10.7,160,-3.659615533584655,10.05471104240922
2015-08-10 23:00:00,24.2,86,0.0,9.8,156,-3.986019102142843,8.95274548489749
2015-08-11 00:00:00,23.8,86,0.0,9.8,156,-3.986019102142843,8.95274548489749
2015-08-11 01:00:00,23.3,86,0.0,9.0,157,-3.5165801564034638,8.284543681071963
2015-08-11 02:00:00,22.6,87,0.0,8.4,155,-3.5499933986218744,7.612985411107861
2015-08-11 03:00:00,21.8,88,0.0,8.5,152,-3.990508283680073,7.505054539300878
2015-08-11 04:00:00,21.4,89,0.0,7.9,156,-3.213219480298822,7.217009115376547
2015-08-11 05:00:00,20.7,91,0.0,7.2,153,-3.2687315981247362,6.415246974156249
2015-08-11 06:00:00,20.5,92,0.0,6.4,164,-1.764079077228794,6.1520748540052415
2015-08-11 07:00:00,23.9,89,0.0,7.5,163,-2.192787785420525,7.172285669722767
2015-08-11 08:00:00,27.4,71,0.0,9.0,175,-0.7844016847289241,8.96575228282571
2015-08-11 09:00:00,28.7,66,0.0,11.2,182,0.3908743630680121,11.193177262613872
2015-08-11 10:00:00,29.5,67,0.0,11.9,194,2.8788705576360454,11.546519142684359
2015-08-11 11:00:00,30.0,69,0.0,13.2,206,5.786499137615822,11.864081411149003
2015-08-11 12:00:00,30.2,70,0.0,13.8,213,7.516018683207374,11.573653837646852
2015-08-11 13:00:00,30.4,69,0.0,14.3,221,9.381644114564255,10.792346997185641
2015-08-11 14:00:00,29.6,73,0.1,15.9,218,9.789017457677968,12.52937098234688
2015-08-11 15:00:00,30.0,70,0.0,17.4,220,11.184504408545784,13.329173310270216
2015-08-11 16:00:00,29.5,72,0.1,15.3,219,9.628601983062515,11.890333210291656
2015-08-11 17:00:00,28.9,76,0.0,12.4,206,5.435802220184561,11.145046174109671
2015-08-11 18:00:00,28.0,80,0.0,7.4,194,1.7902220274375409,7.180188374442374
2015-08-11 19:00:00,27.1,83,0.0,8.7,173,-1.060263287624782,8.635151519279502
2015-08-11 20:00:00,26.2,88,0.0,10.9,188,1.5169868004647136,10.793921949283117
2015-08-11 21:00:00,25.8,90,0.0,12.3,183,0.6437322617882109,12.283143277481258
2015-08-11 22:00:00,25.2,92,0.0,11.9,177,-0.6227978792910317,11.88369146357943
2015-08-11 23:00:00,24.8,93,0.0,12.2,182,0.42577385977051313,12.192568089632967
2015-08-12 00:00:00,23.7,96,0.0,11.5,182,0.4013442120787624,11.492994510719601
2015-08-12 01:00:00,22.8,97,0.0,11.2,174,-1.1707187885977197,11.13864522812466
2015-08-12 02:00:00,22.1,98,0.0,9.6,167,-2.159530121701104,9.353952621938259
2015-08-12 03:00:00,22.6,94,0.0,8.3,162,-2.564841053312063,7.893769085249776
2015-08-12 04:00:00,21.8,96,0.0,7.3,160,-2.4967470462773815,6.859756131737131
2015-08-12 05:00:00,21.4,95,0.0,7.1,156,-2.8878301658381815,6.486172749262466
2015-08-12 06:00:00,21.5,94,0.0,5.6,153,-2.542346798541461,4.98963653545486
2015-08-12 07:00:00,24.6,91,0.0,7.9,164,-2.1775351109542926,7.59396739791272
2015-08-12 08:00:00,27.2,74,0.0,8.4,170,-1.4586446924022145,8.272385125302547
2015-08-12 09:00:00,28.1,72,0.0,10.1,186,1.0557374790032998,10.04467114321956
2015-08-12 10:00:00,29.0,72,0.0,12.2,208,5.727553065987868,10.771960632878907
2015-08-12 11:00:00,29.7,73,0.0,14.8,223,10.093575728924979,10.824034783963723
2015-08-12 12:00:00,29.7,72,0.2,15.5,222,10.371524398562302,11.518744794899611
2015-08-12 13:00:00,30.1,71,0.2,15.3,214,8.555651423102427,12.68427486009214
2015-08-12 14:00:00,29.9,71,0.0,17.3,222,11.575959490008248,12.856405480758921
2015-08-12 15:00:00,27.7,81,1.8,18.7,214,10.456907294902965,15.50300260677928
2015-08-12 16:00:00,27.6,82,0.2,15.9,184,1.1091279325315913,15.861268399131205
2015-08-12 17:00:00,27.5,83,0.0,13.8,189,2.158795617555187,13.630099100212902
2015-08-12 18:00:00,27.2,85,0.0,11.9,209,5.769234480931412,10.40797451495881
2015-08-12 19:00:00,26.3,89,0.0,10.5,196,2.8941922360784913,10.093247807352348
2015-08-12 20:00:00,25.6,93,0.0,12.3,201,4.407925779407195,11.483039245915583
2015-08-12 21:00:00,25.2,94,0.0,14.2,201,5.088824883543265,13.256842056260265
2015-08-12 22:00:00,25.2,94,0.0,14.2,187,1.7305446763530943,14.094155353306771
2015-08-12 23:00:00,24.8,95,0.0,12.6,182,0.4397336584515136,12.592324420440606
2015-08-13 00:00:00,24.5,95,0.0,11.9,182,0.41530401075976286,11.89275084152724
2015-08-13 01:00:00,24.3,94,0.1,10.8,180,6.613092715395707e-16,10.8
2015-08-13 02:00:00,24.3,93,0.0,11.5,184,0.8021994480574401,11.471986577987979
2015-08-13 03:00:00,24.3,90,0.0,11.5,176,-0.8021994480574413,11.471986577987979
2015-08-13 04:00:00,23.8,91,0.0,10.2,170,-1.771211412202689,10.045039080724521
2015-08-13 05:00:00,23.7,91,0.0,9.6,167,-2.159530121701104,9.353952621938259
2015-08-13 06:00:00,23.0,94,0.0,6.1,177,-0.3192493330819574,6.0916401620029
2015-08-13 07:00:00,25.0,90,0.0,7.9,183,0.41345405431925736,7.889173324561134
2015-08-13 08:00:00,27.1,79,0.0,11.5,194,2.782101799396178,11.15840085217396
2015-08-13 09:00:00,28.1,75,0.0,13.4,200,4.583069920563962,12.591881118531171
2015-08-13 10:00:00,29.0,73,0.7000000000000001,14.8,214,8.276054971367053,12.269756073814618
2015-08-13 11:00:00,29.0,74,0.1,16.2,212,8.58469208057792,13.7383791577341
2015-08-13 12:00:00,29.2,76,0.0,15.9,218,9.789017457677968,12.52937098234688
2015-08-13 13:00:00,29.3,77,0.2,17.2,213,9.367791402258465,14.425133768661293
2015-08-13 14:00:00,29.3,77,1.1,17.7,207,8.035631845389979,15.770815478134109
2015-08-13 15:00:00,28.5,76,1.8,17.8,201,6.378949501906347,16.61773159165019
2015-08-13 16:00:00,27.5,81,1.8,14.2,201,5.088824883543265,13.256842056260265
2015-08-13 17:00:00,27.2,84,0.9,12.8,190,2.2226966741367096,12.605539238556263
2015-08-13 18:00:00,26.9,85,0.6,9.0,209,4.363286582217034,7.871577364254562
2015-08-13 19:00:00,26.0,89,0.6,10.5,207,4.766900247265242,9.355568503977862
2015-08-13 20:00:00,25.2,93,0.5,13.8,208,6.478707566445294,12.184676781453192
2015-08-13 21:00:00,24.9,93,0.5,13.4,200,4.583069920563962,12.591881118531171
2015-08-13 22:00:00,24.7,93,0.5,12.3,187,1.4989929238833142,12.208317665188261
2015-08-13 23:00:00,24.4,93,0.0,10.9,189,1.705135668938517,10.765802912487002
2015-08-14 00:00:00,24.1,93,0.3,11.4,193,2.5644420195200603,11.107818738551682
2015-08-14 01:00:00,23.8,92,0.0,10.9,189,1.705135668938517,10.765802912487002
2015-08-14 02:00:00,23.7,92,0.2,11.2,182,0.3908743630680121,11.193177262613872
2015-08-14 03:00:00,23.9,88,0.5,10.5,176,-0.732442974313316,10.474422527728153
2015-08-14 04:00:00,25.3,78,1.0,10.8,184,0.7533699164365526,10.773691742806102
2015-08-14 05:00:00,25.5,76,1.2,11.2,186,1.1707187885977186,11.13864522812466
2015-08-14 06:00:00,24.8,80,0.5,9.7,207,4.403707847473604,8.642763284627167
2015-08-14 07:00:00,25.3,86,0.1,7.6,185,0.6623836448822018,7.571079705497266
2015-08-14 08:00:00,27.1,77,0.0,8.7,175,-0.7582549619046266,8.666893873398186
2015-08-14 09:00:00,28.0,73,0.0,10.9,188,1.5169868004647136,10.793921949283117
2015-08-14 10:00:00,28.9,71,0.4,14.7,197,4.2978640594242306,14.05767991265662
2015-08-14 11:00:00,28.6,75,0.6,16.3,202,6.1060874726793655,15.113096829438636
2015-08-14 12:00:00,27.3,83,2.0,15.5,205,6.550583056980841,14.047770699068074
2015-08-14 13:00:00,27.8,81,0.6,14.2,204,5.775660331676363,12.972345498524932
2015-08-14 14:00:00,27.5,83,1.1,12.6,211,6.489479743866682,10.800307988846615
2015-08-14 15:00:00,27.3,82,1.5,15.6,203,6.09540560443267,14.35987571385807
2015-08-14 16:00:00,27.1,85,1.0,11.5,184,0.8021994480574401,11.471986577987979
2015-08-14 17:00:00,27.3,84,1.4,13.4,186,1.4006814077865564,13.326593397934863
2015-08-14 18:00:00,26.2,90,2.7,15.6,203,6.09540560443267,14.35987571385807
2015-08-14 19:00:00,25.5,92,2.1,13.7,194,3.314329969715447,13.293051449981151
2015-08-14 20:00:00,25.1,91,0.7000000000000001,12.8,190,2.2226966741367096,12.605539238556263
2015-08-14 21:00:00,24.8,92,0.7000000000000001,12.1,192,2.5157314588948894,11.835585968879046
2015-08-14 22:00:00,24.6,91,1.4,15.1,198,4.666156615061706,14.360953396056818
2015-08-14 23:00:00,24.4,91,1.9,14.2,189,2.221369403571279,14.025174436450955
2015-08-15 00:00:00,24.1,91,2.6,11.6,164,-3.197393327477189,11.1506356728845
2015-08-15 01:00:00,23.9,92,2.2,9.4,162,-2.9047597471245052,8.939931253174445
2015-08-15 02:00:00,24.3,88,1.8,8.6,165,-2.2258437878816792,8.306962106085987
2015-08-15 03:00:00,23.3,91,1.4,10.1,182,0.3524849166952609,10.093847352892867
2015-08-15 04:00:00,23.3,90,2.0,11.4,191,2.175222547292612,11.19054989130337
2015-08-15 05:00:00,23.2,90,1.9,11.7,189,1.8302832409707017,11.555953584963111
2015-08-15 06:00:00,23.3,89,1.2,11.9,180,7.286648454926752e-16,11.9
2015-08-15 07:00:00,24.8,87,1.4,11.9,183,0.6227978792910333,11.88369146357943
2015-08-15 08:00:00,25.8,82,1.2,11.0,191,2.098898949141994,10.797899017924303
2015-08-15 09:00:00,26.6,80,1.0,12.2,199,3.971931484377312,11.535326622311663
2015-08-15 10:00:00,27.4,79,1.1,14.3,208,6.71344334783824,12.626150577882655
2015-08-15 11:00:00,28.1,78,0.5,16.9,214,9.45036006865562,14.010734976180204
2015-08-15 12:00:00,28.1,79,0.3,18.8,209,9.114420860631139,16.44285049422064
2015-08-15 13:00:00,27.0,86,6.3,17.8,198,5.500502499874065,16.928805990053732
2015-08-15 14:00:00,27.0,88,1.3,15.9,193,3.5767217640674525,15.49248403008524
2015-08-15 15:00:00,28.0,78,0.0,13.5,196,3.7211043035294886,12.977032895167305
2015-08-15 16:00:00,28.6,76,0.0,13.7,207,6.219669846431791,12.206789381380638
2015-08-15 17:00:00,28.3,79,0.0,13.7,210,6.850000000000001,11.864548031846809
2015-08-15 18:00:00,27.5,83,0.0,10.6,208,4.976398565530443,9.359244484304625
2015-08-15 19:00:00,26.7,85,0.0,10.7,192,2.224655091750026,10.46617932785172
2015-08-15 20:00:00,25.8,88,0.0,9.4,178,-0.328055269003509,9.394273773979501
2015-08-15 21:00:00,25.0,90,0.0,9.8,163,-2.8652427062828196,9.371786608437748
2015-08-15 22:00:00,24.7,90,0.0,10.0,154,-4.383711467890775,8.98794046299167
2015-08-15 23:00:00,24.4,88,0.0,9.7,158,-3.633683956134347,8.993683389297837
2015-08-16 00:00:00,24.1,87,0.0,9.3,164,-2.5634274090980913,8.939733772226367
2015-08-16 01:00:00,23.5,87,0.0,10.0,167,-2.2495105434386504,9.743700647852352
2015-08-16 02:00:00,22.9,88,0.0,9.7,178,-0.3385251180142592,9.694091022085228
2015-08-16 03:00:00,23.2,88,0.0,12.2,214,6.822153422343111,10.114258385171508
2015-08-16 04:00:00,23.7,87,0.0,12.4,210,6.200000000000002,10.73871500692704
2015-08-16 05:00:00,24.0,84,0.0,13.2,206,5.786499137615822,11.864081411149003
2015-08-16 06:00:00,24.3,82,0.5,11.2,182,0.3908743630680121,11.193177262613872
2015-08-16 07:00:00,25.7,79,3.2,11.6,175,-1.0110066158728355,11.555858497864248
2015-08-16 08:00:00,26.2,77,2.6,9.9,161,-3.2231247291258507,9.360633898433237
2015-08-16 09:00:00,26.5,79,2.6,11.9,183,0.6227978792910333,11.88369146357943
2015-08-16 10:00:00,27.2,77,3.9,15.1,208,7.089020598066952,13.332508652169796
2015-08-16 11:00:00,27.9,76,5.0,17.5,217,10.531762905160846,13.976121425827625
2015-08-16 12:00:00,27.8,79,1.7000000000000002,17.4,218,10.712509670666453,13.711387112756961
2015-08-16 13:00:00,26.8,87,1.7000000000000002,16.5,212,8.74366785984788,13.992793586581028
2015-08-16 14:00:00,27.4,82,3.7,14.5,187,1.7671054793746386,14.391919198799169
2015-08-16 15:00:00,25.7,91,4.5,12.1,168,-2.515731458894888,11.835585968879048
2015-08-16 16:00:00,25.8,90,3.0,13.2,137,-9.002378352824978,9.65386886137305
2015-08-16 17:00:00,25.7,87,1.9,15.5,132,-11.518744794899607,10.371524398562304
2015-08-16 18:00:00,25.3,86,1.3,12.7,133,-9.288192010563463,8.661379172793731
2015-08-16 19:00:00,24.7,87,0.4,11.3,127,-9.024581263534412,6.8005097616181445
2015-08-16 20:00:00,24.4,85,0.2,13.3,131,-10.037637416962868,8.725585085573748
2015-08-16 21:00:00,24.5,81,0.0,12.6,127,-10.06280742659589,7.582869291715807
2015-08-16 22:00:00,24.4,81,0.0,10.8,127,-8.625263508510765,6.499602250042121
2015-08-16 23:00:00,23.8,84,0.0,9.4,133,-6.874724795220202,6.410784584587487
2015-08-17 00:00:00,23.1,87,0.0,7.8,146,-4.361704647071824,6.466493065929326
2015-08-17 01:00:00,22.7,87,0.0,6.8,162,-2.101315561749642,6.467184310807045
2015-08-17 02:00:00,22.4,87,0.0,8.0,170,-1.3891854213354424,7.878462024097664
2015-08-17 03:00:00,22.5,86,0.0,9.0,178,-0.3140954703225086,8.994517443171862
2015-08-17 04:00:00,22.3,85,0.0,9.4,173,-1.1455718280083853,9.329933825428428
2015-08-17 05:00:00,22.1,85,0.0,8.9,166,-2.1531048708370433,8.635631963856369
2015-08-17 06:00:00,22.1,86,0.0,7.9,156,-3.213219480298822,7.217009115376547
2015-08-17 07:00:00,24.4,85,0.0,8.2,157,-3.2039952536120446,7.548139798310009
2015-08-17 08:00:00,27.1,73,0.7000000000000001,8.6,165,-2.2258437878816792,8.306962106085987
2015-08-17 09:00:00,28.4,64,0.5,8.0,190,1.3891854213354433,7.878462024097664
2015-08-17 10:00:00,29.2,63,0.2,9.0,196,2.4807362023529924,8.65135526344487
2015-08-17 11:00:00,29.7,64,0.2,9.7,195,2.510544737494451,9.369480515003962
2015-08-17 12:00:00,29.8,65,0.0,9.6,193,2.159530121701103,9.353952621938259
2015-08-17 13:00:00,29.8,69,0.0,10.6,198,3.275580140374443,10.081199072728626
2015-08-17 14:00:00,29.5,71,0.0,8.9,194,2.1531048708370424,8.635631963856369
2015-08-17 15:00:00,29.3,70,0.7000000000000001,9.1,187,1.1090110249868421,9.032169979936029
2015-08-17 16:00:00,29.0,73,0.0,9.0,180,5.51091059616309e-16,9.0
2015-08-17 17:00:00,28.3,78,0.0,12.3,185,1.0720156357961952,12.253194786528471
2015-08-17 18:00:00,27.5,82,0.0,9.1,171,-1.4235536318661004,8.987963899415753
2015-08-17 19:00:00,26.9,83,0.0,8.4,160,-2.872969203935617,7.8934180146016315
2015-08-17 20:00:00,26.2,85,0.0,8.2,157,-3.2039952536120446,7.548139798310009
2015-08-17 21:00:00,25.3,88,0.0,6.3,149,-3.2447398719333416,5.400153994423308
2015-08-17 22:00:00,24.6,88,0.0,6.4,142,-3.9402334420842133,5.043268823083022
2015-08-17 23:00:00,23.9,90,0.0,6.4,142,-3.9402334420842133,5.043268823083022
2015-08-18 00:00:00,23.5,90,0.0,7.2,153,-3.2687315981247362,6.415246974156249
2015-08-18 01:00:00,23.3,89,0.0,7.6,155,-3.211898789229315,6.88793918147854
2015-08-18 02:00:00,23.0,88,0.0,7.1,150,-3.549999999999998,6.148780366869515
2015-08-18 03:00:00,22.7,88,0.0,6.2,144,-3.644268564213333,5.0159053651246746
2015-08-18 04:00:00,22.5,88,0.0,6.5,146,-3.6347538725598536,5.388744221607771
2015-08-18 05:00:00,22.3,88,0.0,7.1,139,-4.658019105832601,5.358438019581682
2015-08-18 06:00:00,22.3,89,0.0,5.9,142,-3.6324027044213842,4.64926344627966
2015-08-18 07:00:00,24.3,88,0.0,4.4,171,-0.6883116461770157,4.3458286986186065
2015-08-18 08:00:00,27.2,72,0.6,6.0,213,3.2678342100901627,5.032023407672544
2015-08-18 09:00:00,28.0,70,0.5,7.4,209,3.587591189822895,6.472185832831529
2015-08-18 10:00:00,28.8,70,0.2,5.7,198,1.7613968679372005,5.421022142882375
2015-08-18 11:00:00,29.3,69,0.0,5.2,196,1.4333142502483958,4.998560818879258
2015-08-18 12:00:00,30.1,67,0.4,5.5,203,2.1490212066910055,5.062776693988422
2015-08-18 13:00:00,30.2,68,0.2,7.4,223,5.046787864462489,5.412017391981862
2015-08-18 14:00:00,29.3,72,0.4,7.7,229,5.811263767715345,5.051654523226906
2015-08-18 15:00:00,29.1,73,0.2,7.1,229,5.358438019581681,4.658019105832602
2015-08-18 16:00:00,28.7,75,0.3,8.5,216,4.996174644486022,6.876644452187053
2015-08-18 17:00:00,28.3,77,0.0,6.4,196,1.7640790772287946,6.1520748540052415
2015-08-18 18:00:00,27.6,81,0.0,5.8,210,2.9000000000000004,5.0229473419497435
2015-08-18 19:00:00,26.8,89,0.0,3.7,169,-0.7059932828932158,3.632020578756357
2015-08-18 20:00:00,25.9,89,0.0,6.9,133,-5.046340541172277,4.705788684431241
2015-08-18 21:00:00,25.2,90,0.0,6.4,133,-4.6806636903626915,4.364789504399991
2015-08-18 22:00:00,25.5,87,0.0,2.8,140,-1.7998053071223101,2.1449244407331385
2015-08-18 23:00:00,26.0,84,0.0,1.1,198,0.3399186938124422,1.0461621679246689
2015-08-19 00:00:00,25.5,86,0.0,1.6,297,1.4256104387013888,-0.7263847995832748
2015-08-19 01:00:00,24.6,89,0.0,2.3,321,1.447436899414626,-1.7874357113510329
2015-08-19 02:00:00,23.4,93,0.2,1.5,45,-1.0606601717798214,-1.0606601717798212
2015-08-19 03:00:00,24.2,89,0.2,2.2,81,-2.1729143493093033,-0.3441558230885076
2015-08-19 04:00:00,25.2,85,0.0,0.7000000000000001,90,-0.7000000000000001,8.572527594031473e-17
2015-08-19 05:00:00,25.0,85,0.1,1.1,360,6.735557395310444e-17,-1.1
2015-08-19 06:00:00,24.7,86,0.0,1.0,135,-0.7071067811865475,0.7071067811865476
2015-08-19 07:00:00,25.3,90,0.0,3.0,194,0.725765686799003,2.9108871788279895
2015-08-19 08:00:00,26.8,86,0.0,1.5,194,0.3628828433995015,1.4554435894139948
2015-08-19 09:00:00,27.8,81,0.0,1.5,284,1.4554435894139948,-0.3628828433995016
2015-08-19 10:00:00,28.4,78,0.0,5.1,278,5.050367150582009,-0.7097828148963337
2015-08-19 11:00:00,28.6,78,0.0,8.8,279,8.691657397237213,-1.3766232923540318
2015-08-19 12:00:00,28.5,81,0.1,9.3,283,9.06164160250269,-2.092044805397945
2015-08-19 13:00:00,28.9,78,0.2,9.0,299,7.871577364254562,-4.363286582217033
2015-08-19 14:00:00,28.9,79,0.0,12.6,307,10.062807426595889,-7.582869291715808
2015-08-19 15:00:00,28.3,80,0.9,10.2,337,3.985457510590592,-9.389149505214892
2015-08-19 16:00:00,27.8,84,0.5,7.2,3,-0.376818884949199,-7.190132650232932
2015-08-19 17:00:00,27.4,88,0.2,6.6,29,-3.199743493625823,-5.772490067120013
2015-08-19 18:00:00,27.3,85,0.0,1.9,22,-0.7117525274902333,-1.7616493236768958
2015-08-19 19:00:00,26.9,89,0.0,1.1,360,6.735557395310444e-17,-1.1
2015-08-19 20:00:00,26.3,91,0.0,3.3,311,2.4905416147351476,-2.1649947956686737
2015-08-19 21:00:00,25.4,93,0.0,5.9,308,4.64926344627966,-3.6324027044213842
2015-08-19 22:00:00,25.6,92,0.0,5.4,318,3.6133052743378347,-4.012982057577929
2015-08-19 23:00:00,25.9,91,0.0,2.9,330,1.4500000000000002,-2.5114736709748717
2015-08-20 00:00:00,24.9,94,0.0,1.5,14,-0.36288284339950166,-1.4554435894139948
2015-08-20 01:00:00,24.2,96,0.0,2.5,45,-1.7677669529663693,-1.7677669529663687
2015-08-20 02:00:00,23.9,96,0.0,3.4,58,-2.8833635269318485,-1.8017254983928963
2015-08-20 03:00:00,24.8,92,0.0,3.6,53,-2.875087836170254,-2.1665340833473743
2015-08-20 04:00:00,25.6,89,0.0,3.4,32,-1.801725498392897,-2.883363526931848
2015-08-20 05:00:00,25.2,91,0.0,2.5,8,-0.3479327524001646,-2.475670171853926
2015-08-20 06:00:00,24.5,94,0.0,1.1,288,1.0461621679246689,-0.33991869381244216
2015-08-20 07:00:00,25.9,95,0.0,1.5,284,1.4554435894139948,-0.3628828433995016
2015-08-20 08:00:00,27.2,89,0.0,3.1,291,2.8940993221413254,-1.1109406435904308
2015-08-20 09:00:00,28.3,84,0.0,4.5,299,3.935788682127281,-2.1816432911085166
2015-08-20 10:00:00,28.9,81,0.0,5.4,307,4.312631754255381,-3.2498011250210608
2015-08-20 11:00:00,29.9,76,0.0,5.9,308,4.64926344627966,-3.6324027044213842
2015-08-20 12:00:00,30.5,74,0.0,6.6,299,5.772490067120011,-3.1997434936258244
2015-08-20 13:00:00,30.5,74,0.0,7.9,300,6.841600689897066,-3.9499999999999997
2015-08-20 14:00:00,30.3,74,0.0,5.5,328,2.914555953282627,-4.664264528860342
2015-08-20 15:00:00,29.5,78,0.0,5.2,16,-1.4333142502483942,-4.998560818879259
2015-08-20 16:00:00,29.3,79,0.0,5.2,56,-4.3109953772862175,-2.907803098047883
2015-08-20 17:00:00,29.2,79,0.0,1.4,90,-1.4,1.7145055188062944e-16
2015-08-20 18:00:00,28.7,81,0.0,0.4,360,2.4492935982947065e-17,-0.4
2015-08-20 19:00:00,28.1,85,0.0,1.3,34,-0.7269507745119705,-1.0777488443215544
2015-08-20 20:00:00,27.8,84,0.0,2.3,18,-0.7107390870623793,-2.1874299874788528
2015-08-20 21:00:00,26.1,91,0.0,2.2,9,-0.3441558230885083,-2.172914349309303
2015-08-20 22:00:00,25.9,92,0.0,1.8,79,-1.7669289302057951,-0.3434561916777805
2015-08-20 23:00:00,25.8,92,0.0,1.8,127,-1.4375439180851273,1.0832670416736867
2015-08-21 00:00:00,25.7,92,0.0,1.5,225,1.0606601717798214,1.0606601717798212
2015-08-21 01:00:00,25.4,93,0.0,2.3,288,2.1874299874788528,-0.710739087062379
2015-08-21 02:00:00,25.3,93,0.0,4.7,337,1.8364363038995866,-4.32637281122647
2015-08-21 03:00:00,26.3,88,0.0,6.0,343,1.7542302283364206,-5.737828535778212
2015-08-21 04:00:00,25.7,91,0.0,5.2,335,2.197614961051637,-4.7128004925905795
2015-08-21 05:00:00,25.1,93,0.0,4.1,308,3.2308440897875594,-2.524212048835199
2015-08-21 06:00:00,24.6,95,0.0,2.2,270,2.2,0.0
2015-08-21 07:00:00,26.3,91,0.0,1.0,225,0.7071067811865476,0.7071067811865475
2015-08-21 08:00:00,26.9,88,0.0,1.8,217,1.0832670416736871,1.437543918085127
2015-08-21 09:00:00,27.7,84,0.0,1.8,233,1.437543918085127,1.083267041673687
2015-08-21 10:00:00,28.5,81,0.0,3.1,291,2.8940993221413254,-1.1109406435904308
2015-08-21 11:00:00,29.7,78,0.0,6.5,304,5.38874422160777,-3.634753872559855
2015-08-21 12:00:00,30.3,77,0.0,8.4,313,6.143371093601032,-5.728786224524987
2015-08-21 13:00:00,30.6,77,0.0,9.5,307,7.587037345449282,-5.717242719944458
2015-08-21 14:00:00,30.6,76,0.0,7.9,330,3.950000000000001,-6.841600689897065
2015-08-21 15:00:00,30.7,77,0.0,4.8,347,1.0797650608505516,-4.676976310969129
2015-08-21 16:00:00,30.6,77,0.0,3.6,307,2.875087836170254,-2.166534083347374
2015-08-21 17:00:00,30.3,79,0.0,4.0,333,1.8159619989581872,-3.564026096753471
2015-08-21 18:00:00,29.6,84,0.0,3.5,294,3.197409101749103,-1.4235782507653008
2015-08-21 19:00:00,28.4,89,0.0,3.3,41,-2.1649947956686737,-2.4905416147351476
2015-08-21 20:00:00,27.2,91,0.0,1.4,90,-1.4,1.7145055188062944e-16
2015-08-21 21:00:00,27.3,89,0.0,2.3,141,-1.4474368994146256,1.7874357113510333
2015-08-21 22:00:00,26.4,92,0.0,3.2,90,-3.2,3.9188697572715305e-16
2015-08-21 23:00:00,25.9,92,0.0,3.5,66,-3.197409101749103,-1.4235782507653008
2015-08-22 00:00:00,24.9,94,0.0,4.8,42,-3.211826910522519,-3.567095162291493
2015-08-22 01:00:00,25.7,91,0.0,6.5,34,-3.6347538725598527,-5.388744221607772
2015-08-22 02:00:00,26.5,86,0.0,6.6,45,-4.666904755831214,-4.666904755831213
2015-08-22 03:00:00,27.2,82,0.0,5.4,53,-4.312631754255381,-3.2498011250210617
2015-08-22 04:00:00,26.8,83,0.0,4.6,72,-4.374859974957706,-1.4214781741247573
2015-08-22 05:00:00,26.9,81,0.0,5.2,65,-4.71280049259058,-2.1976149610516362
2015-08-22 06:00:00,27.1,79,0.0,4.1,75,-3.96029588778518,-1.0611580849203353
2015-08-22 07:00:00,26.8,85,0.0,2.9,83,-2.878383839759834,-0.3534210958749272
2015-08-22 08:00:00,28.6,77,0.0,0.8,153,-0.36319239979163737,0.7128052193506944
2015-08-22 09:00:00,29.2,75,0.0,1.8,270,1.8,0.0
2015-08-22 10:00:00,29.8,75,0.0,4.5,284,4.366330768241984,-1.0886485301985047
2015-08-22 11:00:00,30.6,74,0.0,7.5,305,6.143640332167439,-4.301823272632845
2015-08-22 12:00:00,31.0,73,0.0,7.7,323,4.633975678270772,-6.149493427364155
2015-08-22 13:00:00,31.0,73,0.0,10.5,319,6.888619804400326,-7.924450592339106
2015-08-22 14:00:00,30.7,74,0.0,7.8,347,1.7546182238821464,-7.6000865053248345
2015-08-22 15:00:00,30.7,71,0.0,5.2,34,-2.907803098047882,-4.3109953772862175
2015-08-22 16:00:00,30.7,72,0.0,3.1,21,-1.1109406435904323,-2.894099322141325
2015-08-22 17:00:00,30.4,74,0.0,6.0,17,-1.7542302283364226,-5.7378285357782115
2015-08-22 18:00:00,29.4,85,0.0,6.7,344,1.8467702839738944,-6.440453362786736
2015-08-22 19:00:00,28.0,87,0.0,9.4,356,0.6557108531947772,-9.377102072442348
2015-08-22 20:00:00,27.6,88,0.0,10.8,358,0.3769145643870117,-10.793420931806235
2015-08-22 21:00:00,27.2,90,0.0,10.4,360,6.368163355566237e-16,-10.4
2015-08-22 22:00:00,26.9,91,0.0,5.4,20,-1.8469087739586103,-5.074340152243906
2015-08-22 23:00:00,26.6,92,0.0,2.8,40,-1.7998053071223103,-2.144924440733138
2015-08-23 00:00:00,26.3,92,0.0,1.8,37,-1.083267041673687,-1.437543918085127
2015-08-23 01:00:00,26.0,93,0.0,1.8,11,-0.3434561916777803,-1.7669289302057951
2015-08-23 02:00:00,25.9,93,0.0,2.3,18,-0.7107390870623793,-2.1874299874788528
2015-08-23 03:00:00,25.5,95,0.0,2.5,8,-0.3479327524001646,-2.475670171853926
2015-08-23 04:00:00,25.2,96,0.0,3.1,21,-1.1109406435904323,-2.894099322141325
2015-08-23 05:00:00,25.2,95,0.0,4.5,29,-2.1816432911085157,-3.935788682127282
2015-08-23 06:00:00,26.1,92,0.0,6.1,50,-4.6728711030257655,-3.921004419087889
2015-08-23 07:00:00,26.4,92,0.0,9.2,31,-4.738350289172501,-7.885939166459431
2015-08-23 08:00:00,27.4,87,0.0,14.3,28,-6.713443347838238,-12.626150577882656
2015-08-23 09:00:00,28.6,81,0.0,19.8,19,-6.446249458251701,-18.721267796866474
2015-08-23 10:00:00,29.1,78,0.0,23.9,11,-4.560334989499416,-23.460889684399167
2015-08-23 11:00:00,29.2,78,0.0,28.1,1,-0.4904126208876663,-28.095720233894596
2015-08-23 12:00:00,29.0,79,0.0,32.4,357,1.6956849822713844,-32.35559692604819
2015-08-23 13:00:00,28.6,80,0.0,32.6,354,3.407627902525503,-32.42141378900571
2015-08-23 14:00:00,28.3,82,0.0,30.4,354,3.177665283336665,-30.233465619195506
2015-08-23 15:00:00,28.0,83,0.0,27.4,357,1.4340052010566646,-27.362449252275322
2015-08-23 16:00:00,27.7,85,0.0,25.3,356,1.7648387857263685,-25.238370471573553
2015-08-23 17:00:00,27.2,87,0.0,20.4,352,2.8391312595853355,-20.201468602328035
2015-08-23 18:00:00,26.4,89,0.8,19.6,343,5.730485412565641,-18.743573216875497
2015-08-23 19:00:00,26.3,90,1.1,20.0,342,6.180339887498949,-19.02113032590307
2015-08-23 20:00:00,26.1,90,1.6,19.3,346,4.669092585073586,-18.726707517126734
2015-08-23 21:00:00,25.8,92,1.3,16.5,350,2.8651949315043517,-16.249327924701433
2015-08-23 22:00:00,25.7,93,1.2,13.3,347,2.991849022773404,-12.959121861643629
2015-08-23 23:00:00,25.6,93,1.1,9.3,344,2.5634274090980926,-8.939733772226367
2015-08-24 00:00:00,25.3,97,1.8,9.0,331,4.363286582217034,-7.871577364254562
2015-08-24 01:00:00,25.2,96,3.3,8.5,332,3.9905082836800725,-7.505054539300878
2015-08-24 02:00:00,25.0,97,2.9,6.0,327,3.2678342100901627,-5.032023407672544
2015-08-24 03:00:00,25.0,94,1.0,4.1,308,3.2308440897875594,-2.524212048835199
2015-08-24 04:00:00,24.9,95,0.8,5.4,290,5.074340152243906,-1.8469087739586112
2015-08-24 05:00:00,25.0,94,1.5,4.1,285,3.96029588778518,-1.061158084920335
2015-08-24 06:00:00,24.9,94,2.2,4.0,180,2.4492935982947064e-16,4.0
2015-08-24 07:00:00,25.0,95,3.3,2.5,225,1.7677669529663689,1.7677669529663687
2015-08-24 08:00:00,26.0,89,3.0,1.6,117,-1.4256104387013886,0.7263847995832751
2015-08-24 09:00:00,26.4,87,2.4,6.1,118,-5.385980316439454,2.863776532993933
2015-08-24 10:00:00,27.5,82,1.3,7.3,123,-6.122295146001594,3.9758649556096994
2015-08-24 11:00:00,28.1,79,0.4,8.4,155,-3.5499933986218744,7.612985411107861
2015-08-24 12:00:00,28.6,74,0.0,10.8,180,6.613092715395707e-16,10.8
2015-08-24 13:00:00,28.6,75,0.1,11.7,189,1.8302832409707017,11.555953584963111
2015-08-24 14:00:00,29.0,73,0.0,12.5,192,2.598896135221993,12.22684500917257
2015-08-24 15:00:00,28.7,74,0.0,12.2,199,3.971931484377312,11.535326622311663
2015-08-24 16:00:00,28.8,75,0.0,11.3,202,4.233054505599806,10.4771775566047
2015-08-24 17:00:00,28.6,76,0.0,8.9,207,4.040515447681967,7.929958065276474
2015-08-24 18:00:00,27.9,81,0.2,7.6,188,1.0577155672964975,7.5260373224359345
2015-08-24 19:00:00,26.9,85,0.1,9.7,178,-0.3385251180142592,9.694091022085228
2015-08-24 20:00:00,26.1,87,0.0,10.2,170,-1.771211412202689,10.045039080724521
2015-08-24 21:00:00,25.7,88,0.0,10.1,176,-0.7045403848156658,10.075396907624224
2015-08-24 22:00:00,25.1,90,0.0,11.5,182,0.4013442120787624,11.492994510719601
2015-08-24 23:00:00,24.7,91,0.3,9.5,171,-1.4861274178821928,9.38303923565381
2015-08-25 00:00:00,24.4,91,0.3,8.8,168,-1.8296228791962823,8.607698886457491
2015-08-25 01:00:00,24.2,92,0.3,10.9,172,-1.5169868004647125,10.793921949283117
2015-08-25 02:00:00,23.9,92,0.4,10.5,172,-1.4613175600806863,10.397814721786489
2015-08-25 03:00:00,23.9,88,0.3,9.2,169,-1.755442757464212,9.030970087718508
2015-08-25 04:00:00,24.7,82,0.3,8.4,187,1.023702484603239,8.337387673787106
2015-08-25 05:00:00,24.1,86,0.1,9.0,178,-0.3140954703225086,8.994517443171862
2015-08-25 06:00:00,23.5,89,0.0,8.3,146,-4.641301098807197,6.881011852206847
2015-08-25 07:00:00,25.1,87,0.0,8.7,138,-5.821436275322066,6.46535998165333
2015-08-25 08:00:00,26.6,79,0.1,9.2,149,-4.738350289172499,7.8859391664594325
2015-08-25 09:00:00,27.6,76,0.3,8.9,166,-2.1531048708370433,8.635631963856369
2015-08-25 10:00:00,28.3,77,0.0,7.6,180,4.653657836759942e-16,7.6
2015-08-25 11:00:00,29.1,77,0.0,8.6,195,2.2258437878816784,8.306962106085987
2015-08-25 12:00:00,29.6,78,0.0,10.9,207,4.948496447161061,9.71197111365321
2015-08-25 13:00:00,29.4,80,0.0,12.6,217,7.582869291715809,10.062807426595889
2015-08-25 14:00:00,28.9,79,0.5,15.5,222,10.371524398562302,11.518744794899611
2015-08-25 15:00:00,28.4,80,0.3,14.7,216,8.640443208699354,11.892549817311727
2015-08-25 16:00:00,28.1,82,0.2,9.5,209,4.605691392340202,8.30888721782426
2015-08-25 17:00:00,27.9,83,0.2,6.6,202,2.4724035165450187,6.1194134401407965
2015-08-25 18:00:00,27.2,83,0.3,3.8,319,2.4930243101639276,-2.8678964048465336
2015-08-25 19:00:00,26.2,91,0.2,4.0,333,1.8159619989581872,-3.564026096753471
2015-08-25 20:00:00,25.6,93,0.2,3.6,307,2.875087836170254,-2.166534083347374
2015-08-25 21:00:00,25.0,95,0.1,4.9,216,2.8801477362331185,3.9641832724372428
2015-08-25 22:00:00,24.6,94,0.4,8.0,190,1.3891854213354433,7.878462024097664
2015-08-25 23:00:00,24.4,95,0.4,9.7,180,5.939536975864663e-16,9.7
2015-08-26 00:00:00,24.2,96,0.2,10.2,172,-1.4195656297926664,10.100734301164017
2015-08-26 01:00:00,24.1,95,0.2,12.0,173,-1.4624321208617683,11.910553819695865
2015-08-26 02:00:00,24.2,95,0.2,12.1,170,-2.101142949769857,11.916173811447717
2015-08-26 03:00:00,24.2,93,0.6,12.3,165,-3.1834742547610064,11.88088766335554
2015-08-26 04:00:00,24.4,91,0.3,9.7,158,-3.633683956134347,8.993683389297837
2015-08-26 05:00:00,24.0,93,0.5,9.0,157,-3.5165801564034638,8.284543681071963
2015-08-26 06:00:00,23.6,94,0.7000000000000001,10.4,182,0.36295476570601126,10.393664600998596
2015-08-26 07:00:00,24.9,91,0.6,7.9,177,-0.41345405431925636,7.889173324561134
2015-08-26 08:00:00,25.4,89,0.5,4.7,180,2.8779199779962803e-16,4.7
2015-08-26 09:00:00,25.6,90,0.9,5.0,210,2.5000000000000004,4.330127018922193
2015-08-26 10:00:00,25.9,91,0.8,5.4,228,4.012982057577929,3.6133052743378347
2015-08-26 11:00:00,26.5,88,0.5,7.7,233,6.149493427364155,4.6339756782707715
2015-08-26 12:00:00,26.9,86,0.5,11.8,230,9.03932442880394,7.584893794301164
2015-08-26 13:00:00,26.5,89,1.2,10.2,219,6.419067988708342,7.926888806861102
2015-08-26 14:00:00,25.4,93,5.2,8.7,225,6.151828996322964,6.151828996322962
2015-08-26 15:00:00,25.9,88,4.1,10.8,217,6.499602250042123,8.625263508510763
2015-08-26 16:00:00,26.2,87,0.9,8.8,199,2.8649997592229797,8.320563465273988
2015-08-26 17:00:00,25.9,90,0.4,8.0,198,2.4721359549995796,7.608452130361228
2015-08-26 18:00:00,25.3,93,1.7000000000000002,6.2,190,1.0766187015349686,6.10580806867569
2015-08-26 19:00:00,24.7,94,2.0,8.3,185,0.7233926648055626,8.268415994161488
2015-08-26 20:00:00,24.1,96,2.3,9.6,193,2.159530121701103,9.353952621938259
2015-08-26 21:00:00,24.0,96,1.5,9.0,196,2.4807362023529924,8.65135526344487
2015-08-26 22:00:00,23.9,96,1.1,6.6,209,3.199743493625825,5.772490067120011
2015-08-26 23:00:00,24.2,93,1.2,5.7,215,3.269385687200963,4.669166652447253
2015-08-27 00:00:00,23.8,96,2.0,7.0,192,1.4553818357243162,6.847033205136639
2015-08-27 01:00:00,23.8,95,1.6,7.0,201,2.5085756468171025,6.535062985480412
2015-08-27 02:00:00,23.8,96,2.5,8.3,198,2.564841053312064,7.893769085249775
2015-08-27 03:00:00,24.7,92,1.9,10.5,188,1.4613175600806874,10.397814721786489
2015-08-27 04:00:00,23.8,95,2.2,11.5,194,2.782101799396178,11.15840085217396
2015-08-27 05:00:00,23.5,96,1.5,10.1,207,4.585304047369423,8.999165894302514
2015-08-27 06:00:00,23.9,95,1.7000000000000002,6.9,208,3.239353783222647,6.092338390726596
2015-08-27 07:00:00,24.3,94,1.3,4.7,184,0.3278554265973886,4.688551036221174
2015-08-27 08:00:00,24.7,94,1.7000000000000002,6.1,180,3.735172737399427e-16,6.1
2015-08-27 09:00:00,25.0,93,2.5,5.4,180,3.3065463576978537e-16,5.4
2015-08-27 10:00:00,25.4,93,2.0,7.1,195,1.8376152202278973,6.858073366652385
2015-08-27 11:00:00,25.6,93,2.2,9.5,205,4.014873486536644,8.609923976848174
2015-08-27 12:00:00,25.8,92,2.5,11.2,213,6.099957192168303,9.393110360988748
2015-08-27 13:00:00,25.8,91,2.3,11.5,212,6.094071538681856,9.7525531057989
2015-08-27 14:00:00,26.2,90,2.1,12.0,226,8.632077604063815,8.335900445507967
2015-08-27 15:00:00,25.6,92,2.7,12.9,216,7.582429754572904,10.436319227436822
2015-08-27 16:00:00,25.1,93,2.1,13.6,202,5.094649670456403,12.60970042210831
2015-08-27 17:00:00,24.9,94,2.1,12.0,189,1.877213580482771,11.852260087141653
2015-08-27 18:00:00,24.8,95,1.3,6.6,189,1.032467469265524,6.518743047927909
2015-08-27 19:00:00,24.4,96,0.7000000000000001,9.7,178,-0.3385251180142592,9.694091022085228
2015-08-27 20:00:00,24.1,96,0.1,7.8,167,-1.7546182238821473,7.6000865053248345
2015-08-27 21:00:00,24.4,92,0.1,6.5,174,-0.6794350112397481,6.4643923198937765
2015-08-27 22:00:00,24.6,90,0.6,7.2,162,-2.224922359499621,6.847606917325106
2015-08-27 23:00:00,24.2,91,0.5,8.3,162,-2.564841053312063,7.893769085249776
2015-08-28 00:00:00,24.9,86,0.3,5.1,188,0.7097828148963339,5.050367150582009
2015-08-28 01:00:00,24.6,87,0.3,4.8,207,2.1791543987498248,4.276831316104166
2015-08-28 02:00:00,23.6,90,0.2,8.6,165,-2.2258437878816792,8.306962106085987
2015-08-28 03:00:00,23.8,85,0.0,9.8,172,-1.3638963894086407,9.70462707366739
2015-08-28 04:00:00,24.7,79,0.0,7.6,225,5.374011537017761,5.37401153701776
2015-08-28 05:00:00,23.5,87,0.0,8.7,232,6.85569355637848,5.356254835333226
2015-08-28 06:00:00,24.7,82,0.0,8.6,195,2.2258437878816784,8.306962106085987
2015-08-28 07:00:00,24.9,83,0.4,9.1,189,1.4235536318661013,8.987963899415753
2015-08-28 08:00:00,25.3,85,1.2,10.6,198,3.275580140374443,10.081199072728626
2015-08-28 09:00:00,25.9,84,1.8,11.8,207,5.357087896926653,10.51387698542274
2015-08-28 10:00:00,26.2,84,2.0,12.2,208,5.727553065987868,10.771960632878907
2015-08-28 11:00:00,26.4,84,2.0,14.7,205,6.212488447588282,13.322724469438754
2015-08-28 12:00:00,27.0,83,2.6,16.1,207,7.309247045806704,14.345205039432722
2015-08-28 13:00:00,26.6,87,2.1,19.3,213,10.511533375790023,16.186341961346685
2015-08-28 14:00:00,25.9,93,1.7000000000000002,19.0,209,9.211382784680405,16.61777443564852
2015-08-28 15:00:00,25.6,92,1.8,16.3,202,6.1060874726793655,15.113096829438636
2015-08-28 16:00:00,25.8,91,1.7000000000000002,15.3,204,6.223070639059744,13.977245501931794
2015-08-28 17:00:00,25.5,92,2.1,16.6,204,6.751828275058284,15.164854596867176
2015-08-28 18:00:00,25.0,93,1.9,13.6,202,5.094649670456403,12.60970042210831
2015-08-28 19:00:00,24.6,92,2.4,14.0,203,5.470235798849832,12.887067948334165
2015-08-28 20:00:00,24.4,91,2.3,14.0,198,4.326237921249264,13.31479122813215
2015-08-28 21:00:00,24.1,92,1.9,14.6,196,4.024305394928188,14.034420760699456
2015-08-28 22:00:00,23.9,91,0.8,15.6,199,5.0788632095316455,14.750089779349342
2015-08-28 23:00:00,23.8,90,0.5,16.9,196,4.658271313307285,16.245322661357587
2015-08-29 00:00:00,23.6,90,0.4,14.1,183,0.7379369830255099,14.080676440039491
2015-08-29 01:00:00,23.4,89,0.9,14.4,183,0.7536377698983932,14.380265300465863
2015-08-29 02:00:00,23.4,90,1.3,15.5,181,0.27051229977789576,15.497639274924065
2015-08-29 03:00:00,23.2,90,2.2,13.5,171,-2.111865278043116,13.33379259803436
2015-08-29 04:00:00,23.2,88,2.6,13.4,166,-3.2417534010355484,13.001962732098352
2015-08-29 05:00:00,23.1,87,2.4,14.5,174,-1.5156627173809765,14.420567482839962
2015-08-29 06:00:00,22.9,88,2.8,11.3,163,-3.3038002633669246,10.806243742382302
2015-08-29 07:00:00,23.2,90,3.0,11.3,158,-4.233054505599807,10.4771775566047
2015-08-29 08:00:00,24.7,84,3.3,11.2,159,-4.013721034907363,10.45610077676866
2015-08-29 09:00:00,25.2,84,3.3,9.8,186,1.024378940023004,9.746314574609078
2015-08-29 10:00:00,25.7,84,3.5,11.4,208,5.351975815759156,10.065602558591767
2015-08-29 11:00:00,25.8,85,4.2,13.6,192,2.8275989951215283,13.302807369979755
2015-08-29 12:00:00,25.3,86,4.3,16.6,182,0.579331645261518,16.58988772851699
2015-08-29 13:00:00,24.9,86,4.2,18.0,179,-0.31414331587110256,17.997258512815044
2015-08-29 14:00:00,24.8,86,5.1,18.7,180,1.1450447572027753e-15,18.7
2015-08-29 15:00:00,25.3,86,1.3,18.8,175,-1.6385279636559749,18.728460324124818
2015-08-29 16:00:00,25.4,84,1.8,21.3,175,-1.8564173205251204,21.21894706935418
2015-08-29 17:00:00,24.8,84,2.7,25.1,187,3.058920519469202,24.912908406197182
2015-08-29 18:00:00,24.1,86,3.1,21.1,188,2.9365524302573816,20.894656250447134
2015-08-29 19:00:00,23.5,88,3.8,19.1,183,0.9996167642402298,19.07382411381236
2015-08-29 20:00:00,23.4,90,5.0,17.3,181,0.30192663136500625,17.29736512620557
2015-08-29 21:00:00,23.5,89,6.2,17.7,178,-0.6177210916342669,17.689217638237995
2015-08-29 22:00:00,23.4,88,6.7,16.3,174,-1.703813951262753,16.210706894502856
2015-08-29 23:00:00,23.3,89,6.6,12.8,158,-4.7949643957236745,11.86795333845488
2015-08-30 00:00:00,23.2,88,6.4,10.0,154,-4.383711467890775,8.98794046299167
2015-08-30 01:00:00,23.2,87,6.0,9.5,151,-4.605691392340201,8.30888721782426
2015-08-30 02:00:00,22.9,88,6.6,8.7,150,-4.349999999999998,7.534421012924616
2015-08-30 03:00:00,22.7,87,2.0,8.2,151,-3.975438886019963,7.171881598543045
2015-08-30 04:00:00,22.3,89,1.2,7.6,149,-3.9142893693164122,6.5144714853360535
2015-08-30 05:00:00,22.0,90,1.4,6.8,148,-3.6034509967857926,5.766727053863697
2015-08-30 06:00:00,21.8,91,1.6,7.4,137,-5.046787864462488,5.412017391981863
2015-08-30 07:00:00,22.1,91,0.8,6.9,133,-5.046340541172277,4.705788684431241
2015-08-30 08:00:00,23.2,91,0.8,6.6,119,-5.772490067120011,3.1997434936258253
2015-08-30 09:00:00,25.3,79,0.8,5.5,122,-4.664264528860342,2.914555953282627
2015-08-30 10:00:00,25.5,81,1.5,3.6,143,-2.1665340833473743,2.8750878361702537
2015-08-30 11:00:00,25.8,86,1.9,4.2,149,-2.163159914622228,3.600102662948872
2015-08-30 12:00:00,26.1,87,2.2,7.6,177,-0.3977532674463732,7.589584464134761
2015-08-30 13:00:00,26.4,87,3.1,13.7,194,3.314329969715447,13.293051449981151
2015-08-30 14:00:00,25.9,91,2.4,16.6,193,3.734187502108158,16.174543075434908
2015-08-30 15:00:00,25.6,91,3.3,15.2,187,1.8524140197582417,15.086701504948094
2015-08-30 16:00:00,25.8,89,3.3,13.0,185,1.1330246557195558,12.950531075192693
2015-08-30 17:00:00,25.6,89,2.9,12.4,197,3.625409138561936,11.858178973941639
2015-08-30 18:00:00,25.0,90,2.6,9.3,193,2.092044805397944,9.06164160250269
2015-08-30 19:00:00,24.4,91,1.7000000000000002,8.8,171,-1.3766232923540314,8.691657397237213
2015-08-30 20:00:00,23.8,93,1.1,9.1,162,-2.812054648812021,8.654614298285898
2015-08-30 21:00:00,23.5,92,0.6,7.4,151,-3.587591189822894,6.47218583283153
2015-08-30 22:00:00,23.1,93,0.4,5.8,150,-2.8999999999999986,5.022947341949744
2015-08-30 23:00:00,22.9,92,1.4,6.6,171,-1.0324674692655234,6.518743047927909
2015-08-31 00:00:00,22.6,91,1.6,5.0,159,-1.7918397477265013,4.667902132486009
2015-08-31 01:00:00,22.6,90,0.8,6.8,183,0.35588450245201897,6.790680836331102
2015-08-31 02:00:00,22.3,91,0.5,10.2,188,1.4195656297926678,10.100734301164017
2015-08-31 03:00:00,21.9,90,0.0,10.5,186,1.0975488643103612,10.44247990136687
2015-08-31 04:00:00,21.6,89,0.0,11.9,185,1.0371533386971319,11.854716907291772
2015-08-31 05:00:00,21.9,87,0.0,9.8,186,1.024378940023004,9.746314574609078
2015-08-31 06:00:00,22.9,80,0.0,6.1,183,0.3192493330819582,6.0916401620029
2015-08-31 07:00:00,23.1,88,0.6,5.4,184,0.3766849582182763,5.386845871403051
2015-08-31 08:00:00,25.2,80,0.3,4.5,166,-1.088648530198505,4.366330768241984
2015-08-31 09:00:00,25.7,78,1.1,3.3,174,-0.3449439287832567,3.2819222547153015
2015-08-31 10:00:00,26.1,80,2.9,3.5,156,-1.423578250765301,3.197409101749103
2015-08-31 11:00:00,26.3,83,3.3,4.0,180,2.4492935982947064e-16,4.0
2015-08-31 12:00:00,26.2,86,4.0,3.6,186,0.3763024677635525,3.580278823325784
2015-08-31 13:00:00,26.3,86,4.1,3.6,174,-0.3763024677635528,3.580278823325784
2015-08-31 14:00:00,25.6,90,4.4,7.2,198,2.224922359499622,6.8476069173251055
2015-08-31 15:00:00,25.5,89,3.4,10.5,196,2.8941922360784913,10.093247807352348
2015-08-31 16:00:00,25.5,91,3.1,10.7,192,2.224655091750026,10.46617932785172
2015-08-31 17:00:00,25.3,93,3.3,10.3,205,4.352968095929205,9.334970206477495
2015-08-31 18:00:00,25.0,93,1.6,3.6,225,2.5455844122715714,2.545584412271571
2015-08-31 19:00:00,24.5,93,0.4,2.4,243,2.138415658052083,1.0895771993749122
2015-08-31 20:00:00,24.0,94,0.0,5.4,200,1.8469087739586119,5.074340152243905
2015-08-31 21:00:00,23.6,94,0.0,4.1,165,-1.0611580849203355,3.96029588778518
2015-08-31 22:00:00,23.3,94,0.3,5.8,173,-0.7068421917498547,5.756767679519668
2015-08-31 23:00:00,23.3,93,0.8,8.1,167,-1.8221035401853067,7.892397524760405
2015-09-01 00:00:00,23.3,93,0.8,4.4,145,-2.5237363199446032,3.6042689948715636
2015-09-01 01:00:00,23.7,90,0.0,5.0,150,-2.499999999999999,4.330127018922194
2015-09-01 02:00:00,23.7,88,0.0,7.9,196,2.1775351109542935,7.59396739791272
2015-09-01 03:00:00,23.1,88,1.2,10.0,195,2.5881904510252074,9.659258262890683
2015-09-01 04:00:00,22.9,89,0.3,7.5,145,-4.301823272632846,6.143640332167438
2015-09-01 05:00:00,22.4,90,0.0,7.6,135,-5.37401153701776,5.374011537017761
2015-09-01 06:00:00,22.2,89,0.0,3.6,174,-0.3763024677635528,3.580278823325784
2015-09-01 07:00:00,23.0,93,0.0,6.6,209,3.199743493625825,5.772490067120011
2015-09-01 08:00:00,25.9,83,0.0,4.9,197,1.4326213531414103,4.685893304218874
2015-09-01 09:00:00,27.5,75,0.0,4.9,197,1.4326213531414103,4.685893304218874
2015-09-01 10:00:00,28.4,74,0.0,6.5,214,3.634753872559854,5.388744221607771
2015-09-01 11:00:00,28.1,77,1.1,10.5,239,9.00025665737218,5.407899786555569
2015-09-01 12:00:00,27.3,81,2.2,9.5,241,8.30888721782426,4.605691392340202
2015-09-01 13:00:00,26.6,86,4.0,7.4,247,6.811735915548059,2.891410350820626
2015-09-01 14:00:00,26.4,86,1.0,3.8,229,2.8678964048465336,2.4930243101639276
2015-09-01 15:00:00,27.0,84,0.5,2.6,236,2.1554976886431083,1.453901549023942
2015-09-01 16:00:00,26.9,84,0.2,3.1,234,2.5079526825623373,1.8221342821066668
2015-09-01 17:00:00,26.1,87,0.3,8.0,234,6.47213595499958,4.702282018339785
2015-09-01 18:00:00,24.9,93,0.8,7.5,235,6.143640332167439,4.301823272632845
2015-09-01 19:00:00,24.7,94,0.9,2.1,149,-1.081579957311114,1.800051331474436
2015-09-01 20:00:00,24.4,93,0.5,4.7,90,-4.7,5.755839955992561e-16
2015-09-01 21:00:00,24.0,94,0.2,5.4,82,-5.34744757120448,-0.7515347451843538
2015-09-01 22:00:00,24.4,89,0.0,4.7,90,-4.7,5.755839955992561e-16
2015-09-01 23:00:00,23.2,94,0.0,4.0,95,-3.984778792366982,0.3486229709906328
2015-09-02 00:00:00,22.7,95,0.0,3.8,107,-3.633958072659535,1.111012477946399
2015-09-02 01:00:00,22.2,95,0.0,4.0,117,-3.564026096753471,1.8159619989581874
2015-09-02 02:00:00,21.9,95,0.0,5.3,118,-4.679622242152313,2.4881992827652204
2015-09-02 03:00:00,21.5,94,0.0,5.2,124,-4.310995377286217,2.907803098047884
2015-09-02 04:00:00,21.4,93,0.0,4.2,121,-3.6001026629488715,2.1631599146222285
2015-09-02 05:00:00,21.1,93,0.0,3.7,119,-3.2360929164157644,1.7937955949114477
2015-09-02 06:00:00,21.2,92,0.0,3.5,114,-3.197409101749103,1.4235782507653014
2015-09-02 07:00:00,22.7,94,0.0,5.2,106,-4.998560818879258,1.433314250248396
2015-09-02 08:00:00,25.5,85,0.0,4.2,110,-3.9467090073008153,1.4364846019678092
2015-09-02 09:00:00,27.3,75,0.0,3.3,139,-2.1649947956686737,2.490541614735148
2015-09-02 10:00:00,28.1,72,0.0,2.4,207,1.0895771993749124,2.138415658052083
2015-09-02 11:00:00,28.6,71,0.0,3.0,256,2.9108871788279895,0.7257656867990032
2015-09-02 12:00:00,28.7,73,0.0,4.7,279,4.6421352007971475,-0.7352419856890852
2015-09-02 13:00:00,28.8,74,0.1,5.6,285,5.4091846272187825,-1.4493866525741161
2015-09-02 14:00:00,28.5,76,0.2,5.1,278,5.050367150582009,-0.7097828148963337
2015-09-02 15:00:00,29.0,72,0.4,5.2,258,5.08636752381579,1.0811407922523486
2015-09-02 16:00:00,28.7,74,0.0,6.9,264,6.862201078041086,0.721246396546809
2015-09-02 17:00:00,27.9,78,0.3,5.9,256,5.7247447850283795,1.4273391840380396
2015-09-02 18:00:00,26.8,84,1.1,5.2,258,5.08636752381579,1.0811407922523486
2015-09-02 19:00:00,25.8,87,2.2,2.2,171,-0.34415582308850784,2.1729143493093033
2015-09-02 20:00:00,25.7,86,0.7000000000000001,3.9,112,-3.6160170328104706,1.4609657143220578
2015-09-02 21:00:00,24.7,92,0.3,7.1,131,-5.358438019581681,4.658019105832602
2015-09-02 22:00:00,25.1,88,0.0,7.4,133,-5.412017391981862,5.04678786446249
2015-09-02 23:00:00,25.1,86,0.0,5.0,120,-4.330127018922194,2.4999999999999996
2015-09-03 00:00:00,24.5,88,0.0,4.2,121,-3.6001026629488715,2.1631599146222285
2015-09-03 01:00:00,24.3,88,0.0,2.5,135,-1.7677669529663687,1.7677669529663689
2015-09-03 02:00:00,23.8,89,0.0,1.8,169,-0.34345619167778063,1.7669289302057951
2015-09-03 03:00:00,25.1,83,0.0,2.2,171,-0.34415582308850784,2.1729143493093033
2015-09-03 04:00:00,24.6,84,0.0,2.7,157,-1.0549740469210394,2.4853631043215887
2015-09-03 05:00:00,23.3,90,0.0,3.3,131,-2.4905416147351476,2.1649947956686737
2015-09-03 06:00:00,23.2,88,0.0,4.0,117,-3.564026096753471,1.8159619989581874
2015-09-03 07:00:00,24.5,91,0.0,3.7,101,-3.632020578756357,0.7059932828932164
2015-09-03 08:00:00,26.7,83,0.0,1.8,37,-1.083267041673687,-1.437543918085127
2015-09-03 09:00:00,27.9,79,0.0,4.7,337,1.8364363038995866,-4.32637281122647
2015-09-03 10:00:00,28.8,75,0.0,8.2,322,5.048424097670398,-6.46168817957512
2015-09-03 11:00:00,28.7,75,0.0,11.3,323,6.800509761618147,-9.02458126353441
2015-09-03 12:00:00,28.7,75,0.0,9.7,329,4.995869326627525,-8.31452281681049
2015-09-03 13:00:00,28.4,75,0.4,9.8,343,2.8652427062828205,-9.371786608437748
2015-09-03 14:00:00,28.2,75,0.3,6.5,19,-2.116193003971518,-6.1458707413955596
2015-09-03 15:00:00,27.8,78,0.0,6.3,66,-5.755336383148386,-2.5624408513775414
2015-09-03 16:00:00,27.6,80,0.0,4.5,104,-4.366330768241984,1.0886485301985047
2015-09-03 17:00:00,28.0,78,0.0,3.6,135,-2.545584412271571,2.5455844122715714
2015-09-03 18:00:00,27.4,87,0.0,1.5,14,-0.36288284339950166,-1.4554435894139948
2015-09-03 19:00:00,27.3,79,0.0,2.5,98,-2.475670171853926,0.3479327524001633
2015-09-03 20:00:00,27.0,81,0.0,0.5,45,-0.35355339059327384,-0.35355339059327373
2015-09-03 21:00:00,26.6,82,0.0,0.4,270,0.4,0.0
2015-09-03 22:00:00,25.7,86,0.0,1.5,135,-1.0606601717798212,1.0606601717798214
2015-09-03 23:00:00,24.0,92,0.0,3.5,114,-3.197409101749103,1.4235782507653014
2015-09-04 00:00:00,23.2,95,0.0,5.2,115,-4.7128004925905795,2.1976149610516376
2015-09-04 01:00:00,22.9,95,0.0,3.4,122,-2.883363526931848,1.8017254983928965
2015-09-04 02:00:00,22.3,96,0.0,3.2,117,-2.851220877402777,1.4527695991665501
2015-09-04 03:00:00,22.5,94,0.0,3.1,111,-2.8940993221413254,1.1109406435904308
2015-09-04 04:00:00,22.4,94,0.0,2.9,97,-2.8783838397598336,0.35342109587492787
2015-09-04 05:00:00,22.1,95,0.0,2.2,81,-2.1729143493093033,-0.3441558230885076
2015-09-04 06:00:00,21.7,96,0.0,2.7,23,-1.0549740469210394,-2.4853631043215887
2015-09-04 07:00:00,23.9,94,0.0,2.4,27,-1.0895771993749126,-2.138415658052083
2015-09-04 08:00:00,27.0,80,0.0,2.5,360,1.5308084989341916e-16,-2.5
2015-09-04 09:00:00,28.3,75,0.0,5.2,348,1.0811407922523493,-5.086367523815789
2015-09-04 10:00:00,28.9,72,0.0,8.6,338,3.2216167033768426,-7.973781149274371
2015-09-04 11:00:00,29.1,71,0.0,10.7,327,5.82763767466079,-8.973775077016036
2015-09-04 12:00:00,29.0,73,0.0,10.0,330,5.000000000000001,-8.660254037844386
2015-09-04 13:00:00,28.8,74,0.0,8.9,328,4.716281451675524,-7.547628055792192
2015-09-04 14:00:00,28.6,75,0.0,8.7,330,4.3500000000000005,-7.534421012924615
2015-09-04 15:00:00,28.9,74,0.0,7.7,332,3.61493103345136,-6.798696465013737
2015-09-04 16:00:00,28.7,75,0.0,2.5,8,-0.3479327524001646,-2.475670171853926
2015-09-04 17:00:00,28.5,76,0.0,0.7000000000000001,270,0.7000000000000001,0.0
2015-09-04 18:00:00,27.9,85,0.0,2.7,337,1.0549740469210391,-2.485363104321589
2015-09-04 19:00:00,27.5,81,0.0,2.9,150,-1.4499999999999993,2.511473670974872
2015-09-04 20:00:00,27.5,80,0.0,5.0,201,1.791839747726502,4.667902132486009
2015-09-04 21:00:00,27.1,82,0.0,5.8,176,-0.4045875477159269,5.78587149150698
2015-09-04 22:00:00,26.5,85,0.0,6.0,163,-1.75423022833642,5.737828535778213
2015-09-04 23:00:00,25.9,87,0.0,4.8,167,-1.079765060850552,4.676976310969129
2015-09-05 00:00:00,25.2,90,0.0,5.6,153,-2.542346798541461,4.98963653545486
2015-09-05 01:00:00,24.5,92,0.0,5.1,141,-3.20953399435417,3.963444403430552
2015-09-05 02:00:00,23.4,95,0.0,2.6,164,-0.7166571251241975,2.499280409439629
2015-09-05 03:00:00,22.9,92,0.0,2.2,180,1.3471114790620887e-16,2.2
2015-09-05 04:00:00,21.9,96,0.0,3.2,153,-1.4527695991665495,2.8512208774027776
2015-09-05 05:00:00,21.7,96,0.0,4.9,144,-2.880147736233118,3.9641832724372428
2015-09-05 06:00:00,21.5,95,0.0,2.9,150,-1.4499999999999993,2.511473670974872
2015-09-05 07:00:00,23.6,93,0.0,4.8,153,-2.179154398749824,4.276831316104166
2015-09-05 08:00:00,26.2,82,0.0,6.9,171,-1.0793978087775926,6.815049550106451
2015-09-05 09:00:00,27.9,75,0.0,8.4,187,1.023702484603239,8.337387673787106
2015-09-05 10:00:00,28.8,73,0.0,9.7,207,4.403707847473604,8.642763284627167
2015-09-05 11:00:00,29.5,72,0.0,11.5,224,7.988571260278468,8.272407703894487
2015-09-05 12:00:00,29.7,72,0.0,12.5,231,9.714324518212136,7.866504888122967
2015-09-05 13:00:00,29.6,73,0.0,12.5,237,10.4833820993178,6.807987937687838
2015-09-05 14:00:00,28.8,77,0.1,13.0,231,10.10289749894062,8.181165083647887
2015-09-05 15:00:00,29.0,74,0.0,13.4,211,6.901510203794726,11.486041829408306
2015-09-05 16:00:00,28.9,75,0.0,11.4,208,5.351975815759156,10.065602558591767
2015-09-05 17:00:00,28.6,76,0.0,8.9,207,4.040515447681967,7.929958065276474
2015-09-05 18:00:00,27.9,81,0.0,7.4,209,3.587591189822895,6.472185832831529
2015-09-05 19:00:00,26.7,86,0.0,8.3,198,2.564841053312064,7.893769085249775
2015-09-05 20:00:00,26.4,84,0.0,9.4,182,0.3280552690035102,9.394273773979501
2015-09-05 21:00:00,24.9,89,0.0,9.5,171,-1.4861274178821928,9.38303923565381
2015-09-05 22:00:00,23.8,92,0.0,9.4,176,-0.6557108531947782,9.377102072442348
2015-09-05 23:00:00,23.3,94,0.0,9.4,176,-0.6557108531947782,9.377102072442348
2015-09-06 00:00:00,22.8,94,0.0,9.1,173,-1.109011024986841,9.03216997993603
2015-09-06 01:00:00,22.3,95,0.0,8.6,165,-2.2258437878816792,8.306962106085987
2015-09-06 02:00:00,21.9,95,0.0,9.8,172,-1.3638963894086407,9.70462707366739
2015-09-06 03:00:00,21.7,92,0.0,10.1,176,-0.7045403848156658,10.075396907624224
2015-09-06 04:00:00,21.8,90,0.0,9.4,176,-0.6557108531947782,9.377102072442348
2015-09-06 05:00:00,21.7,88,0.0,9.2,169,-1.755442757464212,9.030970087718508
2015-09-06 06:00:00,21.5,87,0.0,9.2,154,-4.033014550459513,8.268905225952334
2015-09-06 07:00:00,23.4,88,0.0,11.1,151,-5.381386784734341,9.708278749247294
2015-09-06 08:00:00,27.2,70,0.0,11.2,165,-2.898773305148233,10.818369254437565
2015-09-06 09:00:00,28.0,67,0.1,12.8,190,2.2226966741367096,12.605539238556263
2015-09-06 10:00:00,28.7,69,0.3,13.3,199,4.330056454280185,12.575397055470914
2015-09-06 11:00:00,29.1,70,0.2,13.9,205,5.874393838195722,12.597678239809435
2015-09-06 12:00:00,29.5,69,0.0,15.0,204,6.101049646137003,13.703181864639014
2015-09-06 13:00:00,29.7,70,0.0,15.3,199,4.981192763194499,14.466434206669547
2015-09-06 14:00:00,29.8,69,0.0,14.2,201,5.088824883543265,13.256842056260265
2015-09-06 15:00:00,29.9,71,0.0,14.3,192,2.9731371786939604,13.987510690493421
2015-09-06 16:00:00,29.8,71,0.0,12.9,193,2.9018686010358574,12.569373835729534
2015-09-06 17:00:00,29.3,73,0.0,10.3,192,2.1414904154229224,10.074920287558198
2015-09-06 18:00:00,28.2,78,0.0,9.1,189,1.4235536318661013,8.987963899415753
2015-09-06 19:00:00,27.2,82,0.0,9.2,201,3.2969851358167634,8.588939923774255
2015-09-06 20:00:00,26.3,86,0.0,9.9,213,5.391926446648768,8.302838622659698
2015-09-06 21:00:00,25.4,89,0.0,9.3,193,2.092044805397944,9.06164160250269
2015-09-06 22:00:00,24.9,91,0.0,8.4,173,-1.0237024846032379,8.337387673787106
2015-09-06 23:00:00,24.5,91,0.0,7.9,164,-2.1775351109542926,7.59396739791272
2015-09-07 00:00:00,24.2,91,0.3,7.9,156,-3.213219480298822,7.217009115376547
2015-09-07 01:00:00,24.2,90,0.0,7.9,150,-3.9499999999999984,6.841600689897066
2015-09-07 02:00:00,24.0,90,0.2,9.0,178,-0.3140954703225086,8.994517443171862
2015-09-07 03:00:00,24.1,88,0.1,9.7,184,0.6766377953180147,9.676371287520293
2015-09-07 04:00:00,25.9,78,0.4,4.8,228,3.5670951622914924,3.2118269105225195
2015-09-07 05:00:00,25.8,79,0.5,1.6,243,1.4256104387013888,0.7263847995832748
2015-09-07 06:00:00,24.6,85,0.4,2.7,67,-2.485363104321589,-1.0549740469210387
2015-09-07 07:00:00,25.4,83,0.3,2.6,326,1.4539015490239418,-2.1554976886431088
2015-09-07 08:00:00,26.4,81,0.5,4.0,10,-0.6945927106677213,-3.939231012048832
2015-09-07 09:00:00,26.4,83,0.7000000000000001,5.4,48,-4.012982057577929,-3.6133052743378347
2015-09-07 10:00:00,26.3,85,1.4,4.1,45,-2.8991378028648453,-2.8991378028648445
2015-09-07 11:00:00,26.8,85,2.2,3.6,360,2.2043642384652358e-16,-3.6
2015-09-07 12:00:00,26.9,84,1.5,8.8,12,-1.8296228791962863,-8.60769888645749
2015-09-07 13:00:00,26.8,84,2.0,15.4,37,-9.267951356541543,-12.29898685472831
2015-09-07 14:00:00,27.0,84,1.3,18.6,46,-13.37972028629891,-12.920645690537352
2015-09-07 15:00:00,25.0,90,12.3,16.9,40,-10.863110603702516,-12.946151088710726
2015-09-07 16:00:00,24.9,91,11.8,16.9,27,-7.672439445598342,-15.058010258783414
2015-09-07 17:00:00,25.0,91,6.6,16.3,25,-6.888677666373397,-14.772816928697397
2015-09-07 18:00:00,24.8,90,4.9,16.9,24,-6.873849267981021,-15.438918234159955
2015-09-07 19:00:00,24.4,92,3.0,16.9,16,-4.658271313307281,-16.24532266135759
2015-09-07 20:00:00,24.3,92,2.1,15.3,24,-6.223070639059742,-13.977245501931796
2015-09-07 21:00:00,24.0,92,1.9,13.5,25,-5.705346533499439,-12.235155124994776
2015-09-07 22:00:00,24.0,91,1.8,11.8,23,-4.6106273161734315,-10.861957270738795
2015-09-07 23:00:00,24.5,87,1.8,10.0,26,-4.383711467890778,-8.987940462991668
2015-09-08 00:00:00,25.2,83,1.2,4.8,48,-3.5670951622914924,-3.2118269105225195
2015-09-08 01:00:00,25.0,83,1.1,2.0,45,-1.4142135623730954,-1.414213562373095
2015-09-08 02:00:00,24.9,83,1.1,1.1,360,6.735557395310444e-17,-1.1
2015-09-08 03:00:00,24.1,89,0.3,1.8,349,0.34345619167778085,-1.7669289302057951
2015-09-08 04:00:00,24.5,87,0.8,4.1,15,-1.0611580849203346,-3.96029588778518
2015-09-08 05:00:00,24.6,86,0.7000000000000001,6.6,22,-2.472403516545021,-6.119413440140796
2015-09-08 06:00:00,24.7,85,0.8,7.7,53,-6.149493427364155,-4.633975678270772
2015-09-08 07:00:00,24.7,85,0.6,7.4,43,-5.04678786446249,-5.412017391981862
2015-09-08 08:00:00,25.0,88,0.6,6.0,17,-1.7542302283364226,-5.7378285357782115
2015-09-08 09:00:00,25.3,87,0.5,7.9,3,-0.41345405431926,-7.889173324561134
2015-09-08 10:00:00,25.6,87,0.2,11.5,2,-0.40134421207875876,-11.492994510719601
2015-09-08 11:00:00,26.5,84,0.2,14.4,3,-0.753637769898398,-14.380265300465863
2015-09-08 12:00:00,27.0,83,0.3,14.7,11,-2.8048922320352054,-14.42991959668066
2015-09-08 13:00:00,27.3,84,0.4,13.3,19,-4.330056454280184,-12.575397055470916
2015-09-08 14:00:00,26.8,84,0.4,13.0,14,-3.144984642795681,-12.613844441587954
2015-09-08 15:00:00,27.2,79,0.0,16.0,14,-3.8707503295946846,-15.524731620415944
2015-09-08 16:00:00,27.4,77,0.0,17.1,15,-4.425805671253103,-16.51733162954307
2015-09-08 17:00:00,27.0,79,0.0,15.5,13,-3.4867413423299114,-15.102736004171145
2015-09-08 18:00:00,26.3,81,0.0,12.3,7,-1.4989929238833102,-12.208317665188263
2015-09-08 19:00:00,25.2,89,0.0,13.6,11,-2.5950023371210067,-13.35012969488823
2015-09-08 20:00:00,25.5,82,0.0,12.1,27,-5.493285046848517,-10.781178942679249
2015-09-08 21:00:00,25.5,82,0.0,7.0,35,-4.015035054457325,-5.734064310022941
2015-09-08 22:00:00,25.4,82,0.0,5.9,11,-1.1257730727216133,-5.791600382341218
2015-09-08 23:00:00,25.1,84,0.0,6.9,9,-1.0793978087775942,-6.81504955010645
2015-09-09 00:00:00,24.8,85,0.0,5.5,11,-1.0494494745709955,-5.3989495089621515
2015-09-09 01:00:00,24.7,85,0.0,4.0,27,-1.8159619989581877,-3.564026096753471
2015-09-09 02:00:00,24.6,85,0.0,3.8,41,-2.4930243101639276,-2.8678964048465336
2015-09-09 03:00:00,24.8,84,0.0,5.4,48,-4.012982057577929,-3.6133052743378347
2015-09-09 04:00:00,24.8,83,0.0,6.1,50,-4.6728711030257655,-3.921004419087889
2015-09-09 05:00:00,24.5,84,0.0,6.4,63,-5.702441754805555,-2.905539198333099
2015-09-09 06:00:00,23.6,88,0.0,8.2,67,-7.54813979831001,-3.203995253612043
2015-09-09 07:00:00,24.1,92,0.0,7.6,65,-6.88793918147854,-3.2118987892293145
2015-09-09 08:00:00,25.9,81,0.0,6.6,45,-4.666904755831214,-4.666904755831213
2015-09-09 09:00:00,26.6,80,0.0,6.5,19,-2.116193003971518,-6.1458707413955596
2015-09-09 10:00:00,27.3,79,0.0,9.0,2,-0.31409547032250684,-8.994517443171862
2015-09-09 11:00:00,27.7,78,0.0,12.6,358,0.4397336584515136,-12.592324420440606
2015-09-09 12:00:00,28.2,78,0.0,15.2,4,-1.0602984009107088,-15.162973563949327
2015-09-09 13:00:00,28.2,79,0.0,16.8,9,-2.6280990126758814,-16.593164121998313
2015-09-09 14:00:00,28.2,79,0.0,18.2,9,-2.847107263732205,-17.975927798831506
2015-09-09 15:00:00,28.2,71,0.0,18.6,10,-3.2298561046049046,-18.31742420602707
2015-09-09 16:00:00,27.7,72,0.0,17.6,11,-3.3582383186271856,-17.276638428678886
2015-09-09 17:00:00,26.9,76,0.0,14.6,16,-4.0243053949281835,-14.034420760699458
2015-09-09 18:00:00,26.0,79,0.0,13.4,20,-4.5830699205639585,-12.591881118531173
2015-09-09 19:00:00,24.9,86,0.0,13.2,35,-7.571208959833812,-10.812806984614689
2015-09-09 20:00:00,24.8,83,0.0,11.0,41,-7.2166493188955805,-8.301805382450492
2015-09-09 21:00:00,24.7,83,0.0,8.2,49,-6.1886185578267305,-5.379684037722157
2015-09-09 22:00:00,24.3,84,0.0,5.9,47,-4.314986839553106,-4.023790324368741
2015-09-09 23:00:00,22.9,89,0.0,4.6,45,-3.2526911934581193,-3.252691193458118
2015-09-10 00:00:00,22.1,92,0.0,4.1,38,-2.524212048835198,-3.2308440897875603
2015-09-10 01:00:00,22.1,92,0.0,4.3,48,-3.195522749552795,-2.8772616073430903
2015-09-10 02:00:00,21.2,97,0.0,5.4,53,-4.312631754255381,-3.2498011250210617
2015-09-10 03:00:00,22.6,90,0.0,6.0,57,-5.032023407672544,-3.2678342100901627
2015-09-10 04:00:00,22.7,89,0.0,7.5,55,-6.143640332167439,-4.301823272632846
2015-09-10 05:00:00,22.8,88,0.0,7.5,55,-6.143640332167439,-4.301823272632846
2015-09-10 06:00:00,22.7,88,0.0,7.7,53,-6.149493427364155,-4.633975678270772
2015-09-10 07:00:00,23.4,87,0.0,8.2,49,-6.1886185578267305,-5.379684037722157
2015-09-10 08:00:00,25.0,78,0.0,8.7,30,-4.350000000000003,-7.534421012924613
2015-09-10 09:00:00,26.0,73,0.0,11.0,11,-2.098898949141991,-10.797899017924303
2015-09-10 10:00:00,26.8,70,0.0,13.7,2,-0.4781231048242604,-13.691654330161612
2015-09-10 11:00:00,27.1,68,0.0,15.8,360,9.67470971326409e-16,-15.8
2015-09-10 12:00:00,27.5,66,0.0,17.3,1,-0.3019266313650045,-17.29736512620557
2015-09-10 13:00:00,27.4,65,0.0,19.1,3,-0.9996167642402364,-19.07382411381236
2015-09-10 14:00:00,27.3,65,0.0,19.5,5,-1.699536983579336,-19.42579661278904
2015-09-10 15:00:00,27.0,66,0.0,19.2,6,-2.0069464947389446,-19.094820391070847
2015-09-10 16:00:00,26.4,69,0.0,18.5,7,-2.2545828529952225,-18.36210380536446
2015-09-10 17:00:00,25.6,73,0.0,16.3,5,-1.4206386067868295,-16.237973578895453
2015-09-10 18:00:00,24.7,76,0.0,13.9,10,-2.4137096695703315,-13.688827766869691
2015-09-10 19:00:00,23.5,86,0.0,13.8,15,-3.571702822414785,-13.329776402789143
2015-09-10 20:00:00,24.1,76,0.0,12.0,21,-4.3004153945436085,-11.20296511796642
2015-09-10 21:00:00,23.9,78,0.0,8.7,30,-4.350000000000003,-7.534421012924613
2015-09-10 22:00:00,23.4,81,0.0,7.2,37,-4.333068166694748,-5.750175672340508
2015-09-10 23:00:00,22.5,85,0.0,5.9,43,-4.023790324368742,-4.314986839553106
2015-09-11 00:00:00,21.8,90,0.0,3.2,63,-2.8512208774027776,-1.4527695991665495
2015-09-11 01:00:00,21.2,93,0.0,3.1,126,-2.507952682562337,1.822134282106667
2015-09-11 02:00:00,21.2,93,0.0,3.4,122,-2.883363526931848,1.8017254983928965
2015-09-11 03:00:00,22.9,83,0.0,3.3,103,-3.215421213791276,0.7423384793347552
2015-09-11 04:00:00,23.2,82,0.0,3.6,84,-3.580278823325784,-0.3763024677635526
2015-09-11 05:00:00,22.9,83,0.0,4.4,81,-4.3458286986186065,-0.6883116461770152
2015-09-11 06:00:00,22.5,85,0.0,4.9,73,-4.685893304218874,-1.4326213531414103
2015-09-11 07:00:00,22.6,92,0.0,6.2,54,-5.015905365124675,-3.644268564213333
2015-09-11 08:00:00,24.4,81,0.0,5.9,47,-4.314986839553106,-4.023790324368741
2015-09-11 09:00:00,25.0,77,0.0,5.5,32,-2.9145559532826275,-4.664264528860342
2015-09-11 10:00:00,25.8,73,0.0,7.2,3,-0.376818884949199,-7.190132650232932
2015-09-11 11:00:00,26.5,69,0.0,9.7,356,0.6766377953180147,-9.676371287520293
2015-09-11 12:00:00,26.8,67,0.0,10.4,358,0.36295476570601126,-10.393664600998596
2015-09-11 13:00:00,26.9,65,0.0,10.1,358,0.3524849166952609,-10.093847352892867
2015-09-11 14:00:00,27.0,64,0.0,9.0,355,0.7844016847289232,-8.96575228282571
2015-09-11 15:00:00,26.7,62,0.0,8.3,2,-0.28966582263075635,-8.294943864258496
2015-09-11 16:00:00,26.5,63,0.0,7.5,17,-2.192787785420528,-7.172285669722765
2015-09-11 17:00:00,26.0,67,0.0,7.4,29,-3.5875911898228927,-6.4721858328315305
2015-09-11 18:00:00,25.1,80,0.0,7.7,37,-4.6339756782707715,-6.149493427364155
2015-09-11 19:00:00,25.2,70,0.0,7.9,39,-4.971631089293719,-6.139453095510068
2015-09-11 20:00:00,25.0,71,0.0,7.4,23,-2.8914103508206264,-6.811735915548058
2015-09-11 21:00:00,24.7,73,0.0,7.3,11,-1.3929056662487755,-7.165878439167947
2015-09-11 22:00:00,24.6,74,0.0,7.0,12,-1.4553818357243185,-6.847033205136639
2015-09-11 23:00:00,24.4,75,0.0,5.8,30,-2.9000000000000026,-5.022947341949743
2015-09-12 00:00:00,22.9,84,0.0,4.2,70,-3.9467090073008158,-1.4364846019678084
2015-09-12 01:00:00,22.0,88,0.0,2.9,120,-2.511473670974872,1.4499999999999997
2015-09-12 02:00:00,21.9,90,0.0,3.2,180,1.9594348786357652e-16,3.2
2015-09-12 03:00:00,23.5,83,0.0,4.0,207,1.8159619989581872,3.564026096753471
2015-09-12 04:00:00,24.2,79,0.0,3.3,229,2.4905416147351476,2.1649947956686737
2015-09-12 05:00:00,24.3,79,0.0,2.3,252,2.1874299874788528,0.710739087062379
2015-09-12 06:00:00,24.1,81,0.0,2.5,278,2.475670171853926,-0.3479327524001636
2015-09-12 07:00:00,24.2,81,0.0,1.6,27,-0.7263847995832751,-1.4256104387013886
2015-09-12 08:00:00,24.6,78,0.0,2.3,18,-0.7107390870623793,-2.1874299874788528
2015-09-12 09:00:00,25.5,71,0.0,3.8,17,-1.111012477946401,-3.633958072659534
2015-09-12 10:00:00,26.0,68,0.0,6.5,360,3.9801020972288977e-16,-6.5
2015-09-12 11:00:00,26.6,66,0.0,8.7,353,1.060263287624783,-8.6351515192795
2015-09-12 12:00:00,27.0,64,0.0,10.3,348,2.1414904154229224,-10.074920287558198
2015-09-12 13:00:00,27.2,65,0.0,12.1,350,2.101142949769858,-11.916173811447717
2015-09-12 14:00:00,27.2,67,0.0,13.3,360,8.143901214329899e-16,-13.3
2015-09-12 15:00:00,27.1,68,0.0,14.1,6,-1.4738513320739124,-14.022758724692654
2015-09-12 16:00:00,26.6,72,0.0,13.9,10,-2.4137096695703315,-13.688827766869691
2015-09-12 17:00:00,26.1,76,0.0,12.5,12,-2.5988961352219975,-12.22684500917257
2015-09-12 18:00:00,25.2,85,0.0,12.1,10,-2.101142949769857,-11.916173811447717
2015-09-12 19:00:00,25.1,78,0.0,11.4,11,-2.1752225472926088,-11.19054989130337
2015-09-12 20:00:00,25.0,79,0.0,11.2,4,-0.7812725059342065,-11.17271736291003
2015-09-12 21:00:00,24.0,84,0.0,11.2,358,0.3908743630680121,-11.193177262613872
2015-09-12 22:00:00,23.2,89,0.0,10.5,356,0.732442974313315,-10.474422527728153
2015-09-12 23:00:00,22.3,92,0.0,8.3,358,0.289665822630759,-8.294943864258496
2015-09-13 00:00:00,21.9,93,0.0,4.5,14,-1.088648530198505,-4.366330768241984
2015-09-13 01:00:00,21.8,94,0.0,2.3,18,-0.7107390870623793,-2.1874299874788528
2015-09-13 02:00:00,21.9,94,0.0,0.8,333,0.3631923997916375,-0.7128052193506943
2015-09-13 03:00:00,22.5,94,0.0,1.3,236,1.0777488443215542,0.726950774511971
2015-09-13 04:00:00,22.4,94,0.0,1.1,252,1.0461621679246689,0.33991869381244216
2015-09-13 05:00:00,22.4,94,0.1,1.3,304,1.0777488443215542,-0.726950774511971
2015-09-13 06:00:00,23.0,92,0.2,0.8,333,0.3631923997916375,-0.7128052193506943
2015-09-13 07:00:00,23.7,90,0.1,3.9,34,-2.1808523235359116,-3.233246532964663
2015-09-13 08:00:00,24.7,87,0.0,5.8,30,-2.9000000000000026,-5.022947341949743
2015-09-13 09:00:00,25.7,84,0.0,4.6,18,-1.4214781741247586,-4.3748599749577055
2015-09-13 10:00:00,26.4,82,0.0,4.7,9,-0.7352419856890859,-4.6421352007971475
2015-09-13 11:00:00,27.1,79,0.0,5.5,337,2.1490212066910055,-5.062776693988422
2015-09-13 12:00:00,27.4,75,0.0,10.2,352,1.4195656297926678,-10.100734301164017
2015-09-13 13:00:00,27.3,74,0.0,12.5,12,-2.5988961352219975,-12.22684500917257
2015-09-13 14:00:00,27.3,74,0.0,14.1,19,-4.590510977845908,-13.331811915950368
2015-09-13 15:00:00,27.5,73,0.0,14.8,14,-3.5804440548750835,-14.360376748884748
2015-09-13 16:00:00,27.1,75,0.0,16.5,16,-4.5480163709804815,-15.860817982982264
2015-09-13 17:00:00,26.5,78,0.0,14.0,18,-4.326237921249266,-13.31479122813215
2015-09-13 18:00:00,25.8,87,0.0,11.6,16,-3.197393327477187,-11.1506356728845
2015-09-13 19:00:00,25.2,86,0.0,8.8,12,-1.8296228791962863,-8.60769888645749
2015-09-13 20:00:00,24.8,85,0.0,7.6,8,-1.0577155672965002,-7.526037322435934
2015-09-13 21:00:00,24.0,90,0.0,5.4,20,-1.8469087739586103,-5.074340152243906
2015-09-13 22:00:00,23.3,93,0.0,2.9,60,-2.5114736709748717,-1.4500000000000002
2015-09-13 23:00:00,23.1,93,0.0,4.1,135,-2.8991378028648445,2.899137802864845
2015-09-14 00:00:00,23.0,92,0.0,6.4,142,-3.9402334420842133,5.043268823083022
2015-09-14 01:00:00,23.2,91,0.0,5.2,115,-4.7128004925905795,2.1976149610516376
2015-09-14 02:00:00,23.5,89,0.0,4.5,104,-4.366330768241984,1.0886485301985047
2015-09-14 03:00:00,22.7,85,0.0,4.0,100,-3.939231012048832,0.6945927106677211
2015-09-14 04:00:00,23.6,81,0.0,5.1,82,-5.050367150582008,-0.7097828148963341
2015-09-14 05:00:00,23.7,79,0.0,6.7,54,-5.420413862312149,-3.9381611903595695
2015-09-14 06:00:00,23.7,79,0.0,8.9,21,-3.1894747509531767,-8.308865795825096
2015-09-14 07:00:00,24.1,82,0.0,8.0,27,-3.6319239979163753,-7.128052193506942
2015-09-14 08:00:00,25.8,82,0.0,6.1,28,-2.8637765329939335,-5.385980316439454
2015-09-14 09:00:00,27.0,78,0.0,6.2,10,-1.0766187015349682,-6.10580806867569
2015-09-14 10:00:00,27.9,75,0.0,7.6,352,1.0577155672964975,-7.5260373224359345
2015-09-14 11:00:00,28.7,72,0.0,10.5,344,2.8941922360784913,-10.093247807352348
2015-09-14 12:00:00,29.2,70,0.0,11.9,346,2.8788705576360454,-11.546519142684359
2015-09-14 13:00:00,29.2,70,0.0,12.0,344,3.30764826980399,-11.535140351259827
2015-09-14 14:00:00,29.0,71,0.0,11.8,348,2.453357951649562,-11.542141688658907
2015-09-14 15:00:00,28.7,70,0.0,11.2,354,1.1707187885977186,-11.13864522812466
2015-09-14 16:00:00,28.5,72,0.0,10.1,360,6.184466335694133e-16,-10.1
2015-09-14 17:00:00,27.8,76,0.0,8.0,8,-1.1133848076805266,-7.922144549932562
2015-09-14 18:00:00,26.8,86,0.1,6.8,357,0.35588450245201897,-6.790680836331102
2015-09-14 19:00:00,25.9,85,0.1,6.1,50,-4.6728711030257655,-3.921004419087889
2015-09-14 20:00:00,24.6,90,0.3,5.0,69,-4.667902132486009,-1.7918397477265022
2015-09-14 21:00:00,24.1,91,0.3,2.3,51,-1.7874357113510326,-1.4474368994146265
2015-09-14 22:00:00,23.7,92,0.3,4.3,355,0.37476969381492997,-4.283637201794505
2015-09-14 23:00:00,24.9,84,0.2,7.6,355,0.6623836448822018,-7.571079705497266
2015-09-15 00:00:00,24.7,85,0.0,5.4,352,0.7515347451843536,-5.34744757120448
2015-09-15 01:00:00,24.7,86,0.0,2.7,23,-1.0549740469210394,-2.4853631043215887
2015-09-15 02:00:00,24.4,87,0.0,3.4,32,-1.801725498392897,-2.883363526931848
2015-09-15 03:00:00,25.1,87,0.0,6.2,7,-0.7555899291119125,-6.153786140176197
2015-09-15 04:00:00,24.7,88,0.0,7.2,357,0.3768188849491966,-7.190132650232932
2015-09-15 05:00:00,24.7,89,0.2,7.0,12,-1.4553818357243185,-6.847033205136639
2015-09-15 06:00:00,24.5,88,0.6,5.2,78,-5.086367523815789,-1.0811407922523495
2015-09-15 07:00:00,24.0,92,0.5,7.1,105,-6.858073366652384,1.837615220227899
2015-09-15 08:00:00,25.6,87,0.3,6.8,108,-6.467184310807044,2.101315561749643
2015-09-15 09:00:00,26.2,84,0.0,4.4,99,-4.345828698618606,0.6883116461770163
2015-09-15 10:00:00,26.9,79,0.0,2.1,59,-1.800051331474436,-1.0815799573111138
2015-09-15 11:00:00,28.1,74,0.0,4.1,345,1.061158084920335,-3.96029588778518
2015-09-15 12:00:00,28.6,72,0.0,7.4,337,2.8914103508206255,-6.811735915548059
2015-09-15 13:00:00,28.7,72,0.0,10.8,334,4.734408385322037,-9.706975700031006
2015-09-15 14:00:00,28.4,73,0.0,12.2,341,3.971931484377312,-11.535326622311663
2015-09-15 15:00:00,28.2,75,0.0,11.6,355,1.0110066158728344,-11.555858497864248
2015-09-15 16:00:00,27.9,76,0.0,15.2,4,-1.0602984009107088,-15.162973563949327
2015-09-15 17:00:00,27.2,80,0.0,14.0,12,-2.910763671448637,-13.694066410273278
2015-09-15 18:00:00,26.3,85,0.0,13.8,9,-2.1587956175551883,-13.6300991002129
2015-09-15 19:00:00,25.5,89,0.0,13.2,22,-4.944807033090042,-12.238826880281591
2015-09-15 20:00:00,25.1,91,0.0,12.4,17,-3.62540913856194,-11.858178973941639
2015-09-15 21:00:00,24.6,94,0.0,11.3,17,-3.3038002633669294,-10.8062437423823
2015-09-15 22:00:00,24.1,96,0.0,10.7,12,-2.2246550917500296,-10.46617932785172
2015-09-15 23:00:00,24.4,94,0.0,10.9,8,-1.5169868004647176,-10.793921949283115
2015-09-16 00:00:00,24.3,94,0.0,10.0,13,-2.2495105434386526,-9.743700647852352
2015-09-16 01:00:00,23.1,95,0.5,8.5,28,-3.9905082836800716,-7.505054539300879
2015-09-16 02:00:00,23.0,94,0.5,6.9,51,-5.362307134053099,-4.34231069824388
2015-09-16 03:00:00,22.0,96,0.3,6.1,45,-4.31335136523794,-4.313351365237939
2015-09-16 04:00:00,21.7,96,0.0,7.5,35,-4.301823272632848,-6.143640332167437
2015-09-16 05:00:00,21.6,96,0.0,8.2,29,-3.975438886019962,-7.171881598543046
2015-09-16 06:00:00,21.4,96,0.1,10.3,25,-4.352968095929202,-9.334970206477497
2015-09-16 07:00:00,23.2,94,0.1,11.8,38,-7.264805408842766,-9.298526892559321
2015-09-16 08:00:00,25.5,85,0.0,10.0,38,-6.156614753256581,-7.8801075360672215
2015-09-16 09:00:00,26.8,80,0.0,12.0,21,-4.3004153945436085,-11.20296511796642
2015-09-16 10:00:00,27.7,77,0.0,13.0,14,-3.144984642795681,-12.613844441587954
2015-09-16 11:00:00,28.3,76,0.0,13.9,10,-2.4137096695703315,-13.688827766869691
2015-09-16 12:00:00,28.9,74,0.0,14.9,7,-1.815853216736693,-14.7889376594557
2015-09-16 13:00:00,29.1,73,0.0,15.5,5,-1.350914012588703,-15.441017820422056
2015-09-16 14:00:00,28.9,74,0.0,16.0,8,-2.2267696153610532,-15.844289099865124
2015-09-16 15:00:00,29.0,72,0.0,15.6,7,-1.901161757120296,-15.483719965604624
2015-09-16 16:00:00,28.5,74,0.0,15.6,7,-1.901161757120296,-15.483719965604624
2015-09-16 17:00:00,27.9,78,0.0,14.5,6,-1.5156627173809738,-14.420567482839964
2015-09-16 18:00:00,26.6,84,0.0,14.4,3,-0.753637769898398,-14.380265300465863
2015-09-16 19:00:00,25.4,89,0.0,13.6,11,-2.5950023371210067,-13.35012969488823
2015-09-16 20:00:00,24.8,92,0.0,12.5,12,-2.5988961352219975,-12.22684500917257
2015-09-16 21:00:00,25.3,87,0.0,12.7,8,-1.7674983821928358,-12.576404473017941
2015-09-16 22:00:00,25.1,88,0.0,9.8,6,-1.024378940023003,-9.74631457460908
2015-09-16 23:00:00,24.8,88,0.0,7.4,23,-2.8914103508206264,-6.811735915548058
2015-09-17 00:00:00,24.2,89,0.0,6.1,28,-2.8637765329939335,-5.385980316439454
2015-09-17 01:00:00,23.5,91,0.0,7.1,30,-3.550000000000003,-6.148780366869512
2015-09-17 02:00:00,22.9,94,0.0,8.2,41,-5.379684037722159,-6.18861855782673
2015-09-17 03:00:00,23.8,88,0.0,8.8,55,-7.208537989743128,-5.0474726398892065
2015-09-17 04:00:00,23.6,88,0.0,8.7,60,-7.534421012924615,-4.3500000000000005
2015-09-17 05:00:00,23.5,87,0.0,9.2,51,-7.1497428454041305,-5.789747597658506
2015-09-17 06:00:00,23.5,86,0.0,10.0,41,-6.560590289905073,-7.54709580222772
2015-09-17 07:00:00,24.4,88,0.0,10.8,26,-4.73440838532204,-9.706975700031002
2015-09-17 08:00:00,26.5,79,0.0,12.2,19,-3.971931484377311,-11.535326622311665
2015-09-17 09:00:00,27.4,74,0.0,12.5,18,-3.8627124296868445,-11.888206453689419
2015-09-17 10:00:00,28.1,71,0.0,12.0,16,-3.3076482698039866,-11.535140351259829
2015-09-17 11:00:00,28.7,69,0.0,12.5,12,-2.5988961352219975,-12.22684500917257
2015-09-17 12:00:00,29.1,69,0.0,14.5,7,-1.767105479374634,-14.39191919879917
2015-09-17 13:00:00,29.2,70,0.0,15.9,6,-1.6620025659556885,-15.812898136355548
2015-09-17 14:00:00,29.0,71,0.0,17.0,5,-1.4816476267101901,-16.935309867559674
2015-09-17 15:00:00,28.5,71,0.0,17.7,5,-1.542656646633551,-17.632646156223895
2015-09-17 16:00:00,28.0,73,0.0,17.1,7,-2.0839657722280167,-16.97253919306661
2015-09-17 17:00:00,27.1,77,0.0,14.5,7,-1.767105479374634,-14.39191919879917
2015-09-17 18:00:00,26.1,80,0.0,14.2,9,-2.2213694035712805,-14.025174436450953
2015-09-17 19:00:00,25.1,83,0.0,13.7,18,-4.233532822936781,-13.029474273243602
2015-09-17 20:00:00,24.4,86,0.0,12.9,27,-5.856477446640155,-11.493984162029944
2015-09-17 21:00:00,23.7,89,0.0,12.0,33,-6.535668420180324,-10.064046815345089
2015-09-17 22:00:00,24.1,86,0.0,9.6,34,-5.368251873319167,-7.958760696528401
2015-09-17 23:00:00,23.6,87,0.0,8.0,36,-4.702282018339786,-6.472135954999579
2015-09-18 00:00:00,24.0,85,0.0,6.8,32,-3.603450996785794,-5.766727053863696
2015-09-18 01:00:00,23.9,85,0.0,7.2,27,-3.268731598124738,-6.415246974156248
2015-09-18 02:00:00,23.1,87,0.0,7.6,31,-3.914289369316414,-6.514471485336052
2015-09-18 03:00:00,20.6,94,0.0,8.6,33,-4.683895701129232,-7.212566884330647
2015-09-18 04:00:00,20.2,95,0.0,9.7,31,-4.9958693266275285,-8.314522816810486
2015-09-18 05:00:00,19.9,93,0.0,12.1,23,-4.727846654720214,-11.138108726774528
2015-09-18 06:00:00,19.4,93,0.0,12.1,30,-6.050000000000005,-10.478907385791704
2015-09-18 07:00:00,21.8,91,0.0,11.8,27,-5.357087896926654,-10.51387698542274
2015-09-18 08:00:00,25.5,75,0.0,12.8,16,-3.5281581544575857,-12.304149708010485
2015-09-18 09:00:00,26.5,69,0.0,14.6,9,-2.283943189587373,-14.42024977268901
2015-09-18 10:00:00,27.2,65,0.0,15.5,5,-1.350914012588703,-15.441017820422056
2015-09-18 11:00:00,27.9,61,0.0,15.5,4,-1.0812253430339465,-15.462242779027275
2015-09-18 12:00:00,28.4,59,0.0,15.5,1,-0.2705122997778942,-15.497639274924065
2015-09-18 13:00:00,28.5,60,0.0,16.2,359,0.2827289842839943,-16.197532661533536
2015-09-18 14:00:00,28.3,62,0.0,18.4,356,1.2835191168919042,-18.355178524780765
2015-09-18 15:00:00,27.5,65,0.0,20.5,359,0.35777433196431374,-20.49687775070602
2015-09-18 16:00:00,26.7,69,0.0,20.2,2,-0.7049698333905153,-20.187694705785734
2015-09-18 17:00:00,25.7,74,0.0,18.0,3,-0.9420472123729975,-17.975331625582328
2015-09-18 18:00:00,24.5,78,0.0,16.8,9,-2.6280990126758814,-16.593164121998313
2015-09-18 19:00:00,23.5,82,0.0,15.4,11,-2.938458528798787,-15.117058625094026
2015-09-18 20:00:00,22.7,87,0.0,13.7,14,-3.3143299697154487,-13.293051449981151
2015-09-18 21:00:00,22.2,88,0.0,13.3,19,-4.330056454280184,-12.575397055470916
2015-09-18 22:00:00,22.9,82,0.0,10.3,29,-4.99353908853727,-9.00858298353578
2015-09-18 23:00:00,21.6,86,0.0,6.7,36,-3.938161190359571,-5.420413862312147
2015-09-19 00:00:00,20.4,90,0.0,5.9,38,-3.632402704421383,-4.649263446279661
2015-09-19 01:00:00,20.3,88,0.0,6.5,34,-3.6347538725598527,-5.388744221607772
2015-09-19 02:00:00,20.2,87,0.0,7.2,27,-3.268731598124738,-6.415246974156248
2015-09-19 03:00:00,23.1,75,0.0,7.2,27,-3.268731598124738,-6.415246974156248
2015-09-19 04:00:00,23.0,73,0.0,7.3,20,-2.49674704627738,-6.859756131737131
2015-09-19 05:00:00,22.9,73,0.0,5.4,4,-0.37668495821827813,-5.386845871403051
2015-09-19 06:00:00,22.1,74,0.0,5.3,28,-2.488199282765221,-4.679622242152313
2015-09-19 07:00:00,22.8,78,0.0,7.0,12,-1.4553818357243185,-6.847033205136639
2015-09-19 08:00:00,25.4,69,0.0,9.0,5,-0.7844016847289242,-8.96575228282571
2015-09-19 09:00:00,26.4,66,0.0,10.1,360,6.184466335694133e-16,-10.1
2015-09-19 10:00:00,27.2,64,0.0,10.1,354,1.0557374790032998,-10.04467114321956
2015-09-19 11:00:00,27.8,63,0.0,10.2,350,1.77121141220269,-10.045039080724521
2015-09-19 12:00:00,28.3,62,0.0,10.8,345,2.795245687107224,-10.431998923921938
2015-09-19 13:00:00,28.4,63,0.0,12.4,343,3.625409138561936,-11.858178973941639
2015-09-19 14:00:00,28.2,65,0.0,13.6,348,2.8275989951215283,-13.302807369979755
2015-09-19 15:00:00,27.9,68,0.0,13.8,354,1.4424927930936178,-13.724402156082173
2015-09-19 16:00:00,27.4,69,0.0,12.2,2,-0.42577385977050924,-12.192568089632967
2015-09-19 17:00:00,26.8,72,0.0,11.5,4,-0.8021994480574441,-11.471986577987979
2015-09-19 18:00:00,25.8,76,0.0,10.5,4,-0.7324429743133186,-10.474422527728153
2015-09-19 19:00:00,24.7,82,0.0,10.9,9,-1.7051356689385184,-10.765802912487
2015-09-19 20:00:00,23.8,87,0.0,10.4,360,6.368163355566237e-16,-10.4
2015-09-19 21:00:00,24.7,79,0.0,9.8,352,1.3638963894086416,-9.70462707366739
2015-09-19 22:00:00,24.4,80,0.0,6.5,360,3.9801020972288977e-16,-6.5
2015-09-19 23:00:00,22.4,89,0.0,3.9,34,-2.1808523235359116,-3.233246532964663
2015-09-20 00:00:00,21.7,92,0.0,3.3,96,-3.2819222547153015,0.3449439287832573
2015-09-20 01:00:00,21.4,93,0.0,6.3,121,-5.400153994423307,3.2447398719333425
2015-09-20 02:00:00,21.8,91,0.0,6.9,129,-5.3623071340531,4.342310698243878
2015-09-20 03:00:00,22.6,88,0.0,6.4,137,-4.364789504399989,4.6806636903626915
2015-09-20 04:00:00,23.9,83,0.0,5.2,146,-2.907803098047883,4.3109953772862175
2015-09-20 05:00:00,23.9,83,0.0,4.2,149,-2.163159914622228,3.600102662948872
2015-09-20 06:00:00,23.8,83,0.0,3.9,158,-1.4609657143220571,3.616017032810471
2015-09-20 07:00:00,24.1,85,0.0,3.1,159,-1.1109406435904308,2.8940993221413254
2015-09-20 08:00:00,25.5,81,0.0,3.2,207,1.45276959916655,2.851220877402777
2015-09-20 09:00:00,26.5,79,0.0,3.8,229,2.8678964048465336,2.4930243101639276
2015-09-20 10:00:00,27.3,74,0.0,3.7,241,3.2360929164157644,1.7937955949114472
2015-09-20 11:00:00,28.0,71,0.0,5.9,259,5.791600382341218,1.1257730727216144
2015-09-20 12:00:00,28.1,71,0.0,8.4,290,7.8934180146016315,-2.872969203935617
2015-09-20 13:00:00,28.2,71,0.0,10.0,308,7.880107536067219,-6.156614753256583
2015-09-20 14:00:00,27.9,73,0.0,8.7,322,5.356254835333226,-6.855693556378481
2015-09-20 15:00:00,27.8,73,0.0,7.8,338,2.9219314286441134,-7.232034065620942
2015-09-20 16:00:00,27.7,73,0.0,9.0,344,2.4807362023529924,-8.65135526344487
2015-09-20 17:00:00,27.0,76,0.0,8.3,358,0.289665822630759,-8.294943864258496
2015-09-20 18:00:00,26.4,78,0.0,10.1,2,-0.35248491669525767,-10.093847352892867
2015-09-20 19:00:00,25.3,84,0.0,9.9,10,-1.7191169589026103,-9.74959675482086
2015-09-20 20:00:00,24.5,89,0.0,9.3,28,-4.366085533908785,-8.211412613588022
2015-09-20 21:00:00,24.4,89,0.0,7.7,37,-4.6339756782707715,-6.149493427364155
2015-09-20 22:00:00,25.0,84,0.0,4.6,45,-3.2526911934581193,-3.252691193458118
2015-09-20 23:00:00,25.0,84,0.0,1.9,68,-1.761649323676896,-0.7117525274902328
2015-09-21 00:00:00,25.0,85,0.3,2.9,240,2.511473670974872,1.4499999999999997
2015-09-21 01:00:00,24.9,84,0.2,5.5,238,4.664264528860342,2.914555953282627
2015-09-21 02:00:00,24.8,84,0.2,5.6,225,3.9597979746446663,3.9597979746446654
2015-09-21 03:00:00,25.0,84,0.0,4.1,255,3.96029588778518,1.061158084920335
2015-09-21 04:00:00,24.3,88,0.0,5.4,290,5.074340152243906,-1.8469087739586112
2015-09-21 05:00:00,23.3,92,0.0,4.8,297,4.276831316104166,-2.1791543987498243
2015-09-21 06:00:00,23.8,90,0.2,4.7,302,3.9858260519352022,-2.490620541896063
2015-09-21 07:00:00,23.8,92,0.3,2.6,16,-0.7166571251241971,-2.4992804094396295
2015-09-21 08:00:00,25.2,85,0.0,4.0,355,0.34862297099063255,-3.984778792366982
2015-09-21 09:00:00,25.7,84,0.0,4.9,343,1.4326213531414103,-4.685893304218874
2015-09-21 10:00:00,26.2,82,0.0,5.8,338,2.1727182418122895,-5.377666356487367
2015-09-21 11:00:00,26.9,79,0.0,6.6,331,3.199743493625825,-5.772490067120011
2015-09-21 12:00:00,27.5,78,0.0,6.9,332,3.239353783222647,-6.092338390726596
2015-09-21 13:00:00,27.9,78,0.0,8.1,328,4.29234604028896,-6.86918957886705
2015-09-21 14:00:00,27.9,78,0.0,9.9,327,5.391926446648768,-8.302838622659698
2015-09-21 15:00:00,27.8,74,0.0,10.5,329,5.407899786555569,-9.00025665737218
2015-09-21 16:00:00,27.3,75,0.0,10.9,343,3.186851581477831,-10.423721839997087
2015-09-21 17:00:00,26.5,79,0.0,8.8,351,1.3766232923540322,-8.691657397237213
2015-09-21 18:00:00,25.9,82,0.0,7.3,20,-2.49674704627738,-6.859756131737131
2015-09-21 19:00:00,25.2,87,0.0,6.7,54,-5.420413862312149,-3.9381611903595695
2015-09-21 20:00:00,24.6,89,0.0,6.1,90,-6.1,7.470345474798854e-16
2015-09-21 21:00:00,24.1,91,0.0,5.2,124,-4.310995377286217,2.907803098047884
2015-09-21 22:00:00,23.7,92,0.0,4.5,166,-1.088648530198505,4.366330768241984
2015-09-21 23:00:00,23.8,90,0.0,4.3,204,1.7489675652259409,3.9282454678631837
2015-09-22 00:00:00,24.1,88,0.0,4.8,222,3.2118269105225195,3.5670951622914924
2015-09-22 01:00:00,24.1,87,0.0,4.8,222,3.2118269105225195,3.5670951622914924
2015-09-22 02:00:00,23.9,88,0.0,4.3,222,2.8772616073430903,3.195522749552795
2015-09-22 03:00:00,25.1,84,0.0,3.4,198,1.0506577808748212,3.233592155403522
2015-09-22 04:00:00,25.0,85,0.0,4.4,171,-0.6883116461770157,4.3458286986186065
2015-09-22 05:00:00,25.0,84,0.0,4.3,185,0.37476969381492997,4.283637201794505
2015-09-22 06:00:00,25.0,84,0.0,2.9,173,-0.35342109587492737,2.878383839759834
2015-09-22 07:00:00,25.1,86,0.0,1.8,169,-0.34345619167778063,1.7669289302057951
2015-09-22 08:00:00,26.1,83,0.0,1.3,214,0.7269507745119709,1.0777488443215544
2015-09-22 09:00:00,26.9,79,0.0,1.9,292,1.761649323676896,-0.7117525274902328
2015-09-22 10:00:00,27.7,76,0.0,3.5,294,3.197409101749103,-1.4235782507653008
2015-09-22 11:00:00,28.4,73,0.0,5.5,293,5.062776693988422,-2.149021206691006
2015-09-22 12:00:00,28.8,72,0.0,8.2,299,7.171881598543044,-3.9754388860199636
2015-09-22 13:00:00,29.0,72,0.0,11.4,305,9.338333304894507,-6.538771374401925
2015-09-22 14:00:00,28.6,74,0.0,11.5,316,7.988571260278468,-8.272407703894487
2015-09-22 15:00:00,27.9,76,0.0,8.9,333,4.040515447681967,-7.929958065276474
2015-09-22 16:00:00,27.6,77,0.0,6.5,6,-0.6794350112397468,-6.464392319893777
2015-09-22 17:00:00,27.2,79,0.0,4.7,23,-1.836436303899587,-4.326372811226469
2015-09-22 18:00:00,26.6,86,0.0,7.2,360,4.4087284769304716e-16,-7.2
2015-09-22 19:00:00,25.8,87,0.0,7.7,11,-1.4692292643993936,-7.558529312547013
2015-09-22 20:00:00,25.2,88,0.0,7.8,22,-2.921931428644116,-7.232034065620941
2015-09-22 21:00:00,25.6,86,0.0,6.2,10,-1.0766187015349682,-6.10580806867569
2015-09-22 22:00:00,25.7,86,0.0,6.8,3,-0.3558845024520213,-6.790680836331102
2015-09-22 23:00:00,25.5,87,0.0,5.9,14,-1.42733918403804,-5.7247447850283795
2015-09-23 00:00:00,25.2,89,0.0,4.3,48,-3.195522749552795,-2.8772616073430903
2015-09-23 01:00:00,24.6,91,0.0,3.4,58,-2.8833635269318485,-1.8017254983928963
2015-09-23 02:00:00,24.1,91,0.0,2.5,45,-1.7677669529663693,-1.7677669529663687
2015-09-23 03:00:00,21.9,96,0.0,3.1,21,-1.1109406435904323,-2.894099322141325
2015-09-23 04:00:00,21.4,97,0.0,4.0,10,-0.6945927106677213,-3.939231012048832
2015-09-23 05:00:00,20.8,98,0.0,4.2,20,-1.436484601967808,-3.9467090073008158
2015-09-23 06:00:00,20.7,98,0.0,3.6,45,-2.545584412271572,-2.545584412271571
2015-09-23 07:00:00,22.8,95,0.0,4.6,72,-4.374859974957706,-1.4214781741247573
2015-09-23 08:00:00,26.3,81,0.0,3.3,96,-3.2819222547153015,0.3449439287832573
2015-09-23 09:00:00,27.7,74,0.0,1.8,127,-1.4375439180851273,1.0832670416736867
2015-09-23 10:00:00,28.9,69,0.0,3.3,264,3.2819222547153015,0.3449439287832564
2015-09-23 11:00:00,29.6,68,0.0,6.6,279,6.518743047927909,-1.0324674692655236
2015-09-23 12:00:00,29.9,68,0.0,8.4,280,8.272385125302547,-1.458644692402215
2015-09-23 13:00:00,29.7,68,0.1,9.6,283,9.353952621938259,-2.159530121701104
2015-09-23 14:00:00,29.2,71,0.0,8.6,272,8.594761112364223,-0.30013567164150834
2015-09-23 15:00:00,29.2,72,0.0,7.2,243,6.415246974156249,3.2687315981247367
2015-09-23 16:00:00,28.8,72,0.0,6.6,248,6.1194134401407965,2.472403516545019
2015-09-23 17:00:00,28.3,74,0.0,4.7,238,3.9858260519352022,2.490620541896063
2015-09-23 18:00:00,27.7,81,0.0,4.5,256,4.366330768241984,1.0886485301985047
2015-09-23 19:00:00,27.3,77,0.0,4.0,243,3.5640260967534716,1.815961998958187
2015-09-23 20:00:00,26.9,79,0.0,4.0,190,0.6945927106677217,3.939231012048832
2015-09-23 21:00:00,26.4,80,0.0,4.3,180,2.632990618166809e-16,4.3
2015-09-23 22:00:00,26.1,81,0.0,5.5,169,-1.0494494745709964,5.3989495089621515
2015-09-23 23:00:00,25.2,84,0.0,5.8,158,-2.17271824181229,5.377666356487367
2015-09-24 00:00:00,23.8,88,0.0,4.5,151,-2.1816432911085166,3.9357886821272814
2015-09-24 01:00:00,23.4,87,0.0,3.7,151,-1.793795594911447,3.236092916415765
2015-09-24 02:00:00,24.5,81,0.0,1.4,180,8.572527594031472e-17,1.4
2015-09-24 03:00:00,23.0,86,0.0,2.4,153,-1.089577199374912,2.138415658052083
2015-09-24 04:00:00,22.2,87,0.0,5.1,141,-3.20953399435417,3.963444403430552
2015-09-24 05:00:00,21.6,88,0.0,7.1,139,-4.658019105832601,5.358438019581682
2015-09-24 06:00:00,21.4,86,0.0,6.1,135,-4.313351365237939,4.31335136523794
2015-09-24 07:00:00,23.3,87,0.0,3.4,148,-1.8017254983928963,2.8833635269318485
2015-09-24 08:00:00,27.1,68,0.0,2.9,180,1.7757378587636622e-16,2.9
2015-09-24 09:00:00,28.0,64,0.0,4.0,207,1.8159619989581872,3.564026096753471
2015-09-24 10:00:00,28.7,62,0.0,4.6,219,2.894873798829252,3.5748714227020657
2015-09-24 11:00:00,29.3,61,0.0,6.4,227,4.6806636903626915,4.36478950439999
2015-09-24 12:00:00,29.8,61,0.0,6.2,234,5.0159053651246746,3.6442685642133337
2015-09-24 13:00:00,30.0,62,0.0,5.3,242,4.679622242152313,2.4881992827652213
2015-09-24 14:00:00,30.3,63,0.1,4.0,280,3.939231012048832,-0.6945927106677213
2015-09-24 15:00:00,29.5,69,0.0,4.4,325,2.5237363199446032,-3.604268994871564
2015-09-24 16:00:00,28.9,71,0.0,5.0,360,3.061616997868383e-16,-5.0
2015-09-24 17:00:00,28.4,73,0.0,5.9,11,-1.1257730727216133,-5.791600382341218
2015-09-24 18:00:00,27.6,81,0.0,5.5,11,-1.0494494745709955,-5.3989495089621515
2015-09-24 19:00:00,26.8,82,0.0,5.8,7,-0.7068421917498535,-5.756767679519668
2015-09-24 20:00:00,26.1,85,0.0,7.2,27,-3.268731598124738,-6.415246974156248
2015-09-24 21:00:00,26.2,83,0.0,8.0,27,-3.6319239979163753,-7.128052193506942
2015-09-24 22:00:00,25.7,85,0.0,7.9,24,-3.2132194802988208,-7.217009115376548
2015-09-24 23:00:00,25.3,86,0.0,7.9,30,-3.9500000000000037,-6.841600689897064
2015-09-25 00:00:00,24.1,90,0.0,6.9,47,-5.0463405411722775,-4.705788684431239
2015-09-25 01:00:00,22.8,95,0.0,5.2,56,-4.3109953772862175,-2.907803098047883
2015-09-25 02:00:00,22.1,98,0.0,4.6,45,-3.2526911934581193,-3.252691193458118
2015-09-25 03:00:00,22.7,94,0.0,5.5,32,-2.9145559532826275,-4.664264528860342
2015-09-25 04:00:00,22.4,94,0.0,7.7,28,-3.614931033451359,-6.798696465013738
2015-09-25 05:00:00,22.4,93,0.0,7.6,31,-3.914289369316414,-6.514471485336052
2015-09-25 06:00:00,22.4,92,0.0,8.0,36,-4.702282018339786,-6.472135954999579
2015-09-25 07:00:00,24.1,92,0.0,7.2,37,-4.333068166694748,-5.750175672340508
2015-09-25 08:00:00,27.1,78,0.0,6.6,41,-4.329989591337347,-4.981083229470295
2015-09-25 09:00:00,28.1,73,0.0,4.5,29,-2.1816432911085157,-3.935788682127282
2015-09-25 10:00:00,29.0,70,0.0,5.2,348,1.0811407922523493,-5.086367523815789
2015-09-25 11:00:00,29.5,70,0.0,8.1,328,4.29234604028896,-6.86918957886705
2015-09-25 12:00:00,29.7,71,0.0,10.3,331,4.993539088537273,-9.008582983535776
2015-09-25 13:00:00,29.7,73,0.0,11.4,342,3.522793735874401,-10.84204428576475
2015-09-25 14:00:00,29.5,74,0.0,12.1,350,2.101142949769858,-11.916173811447717
2015-09-25 15:00:00,29.1,74,0.0,12.6,358,0.4397336584515136,-12.592324420440606
2015-09-25 16:00:00,28.7,75,0.0,12.3,7,-1.4989929238833102,-12.208317665188263
2015-09-25 17:00:00,28.0,78,0.0,10.0,21,-3.583679495453007,-9.335804264972015
2015-09-25 18:00:00,27.1,81,0.0,8.3,34,-4.6413010988071965,-6.881011852206848
2015-09-25 19:00:00,25.9,88,0.0,8.6,33,-4.683895701129232,-7.212566884330647
2015-09-25 20:00:00,25.9,85,0.0,9.6,20,-3.283393375926418,-9.02104915954472
2015-09-25 21:00:00,25.3,86,0.0,10.1,6,-1.055737479003299,-10.044671143219562
2015-09-25 22:00:00,24.3,89,0.0,10.8,356,0.7533699164365526,-10.773691742806102
2015-09-25 23:00:00,24.8,87,0.0,10.4,358,0.36295476570601126,-10.393664600998596
2015-09-26 00:00:00,22.7,95,0.0,6.6,22,-2.472403516545021,-6.119413440140796
2015-09-26 01:00:00,22.0,96,0.0,4.8,27,-2.179154398749825,-4.276831316104166
2015-09-26 02:00:00,21.8,97,0.0,5.5,23,-2.149021206691006,-5.062776693988422
2015-09-26 03:00:00,22.5,93,0.0,8.2,23,-3.203995253612045,-7.548139798310009
2015-09-26 04:00:00,22.5,92,0.0,9.2,21,-3.296985135816766,-8.588939923774255
2015-09-26 05:00:00,22.3,92,0.0,10.8,21,-3.870373855089248,-10.082668606169777
2015-09-26 06:00:00,22.5,90,0.0,12.3,21,-4.407925779407199,-11.483039245915581
2015-09-26 07:00:00,24.0,90,0.0,13.3,13,-2.991849022773408,-12.959121861643627
2015-09-26 08:00:00,26.7,80,0.0,16.0,8,-2.2267696153610532,-15.844289099865124
2015-09-26 09:00:00,27.6,77,0.0,17.4,7,-2.120526575249561,-17.270303038559003
2015-09-26 10:00:00,28.1,75,0.0,18.1,5,-1.5775189437326145,-18.031124035460596
2015-09-26 11:00:00,28.7,74,0.0,18.4,358,0.6421507393260198,-18.38879121715136
2015-09-26 12:00:00,29.0,73,0.0,21.0,353,2.5592562115080972,-20.84346918446776
2015-09-26 13:00:00,29.0,73,0.0,23.1,355,2.013297657470903,-23.012097525919323
2015-09-26 14:00:00,28.9,73,0.0,24.1,358,0.841077870530276,-24.08531893116021
2015-09-26 15:00:00,28.2,74,0.0,25.6,360,1.5675479029086122e-15,-25.6
2015-09-26 16:00:00,27.7,75,0.0,24.5,2,-0.8550376692112687,-24.485075261967847
2015-09-26 17:00:00,27.0,77,0.0,23.4,2,-0.8166482228385178,-23.38574535224684
2015-09-26 18:00:00,26.0,78,0.0,22.7,4,-1.5834719539916506,-22.644703940898008
2015-09-26 19:00:00,25.3,79,0.0,23.1,4,-1.611374543489301,-23.04372956100194
2015-09-26 20:00:00,24.9,81,0.0,22.4,5,-1.9522886375475446,-22.314761237255098
2015-09-26 21:00:00,24.4,84,0.0,21.7,5,-1.891279617624184,-21.617424948590877
2015-09-26 22:00:00,23.7,88,0.0,20.9,4,-1.4579103012522245,-20.849088650430325
2015-09-26 23:00:00,23.2,89,0.0,22.0,5,-1.9174263404484815,-21.9162833580184
2015-09-27 00:00:00,22.9,89,0.0,22.8,5,-1.987150934646608,-22.7132391164918
2015-09-27 01:00:00,22.6,90,0.0,24.2,5,-2.1091689744933295,-24.107911693820242
2015-09-27 02:00:00,22.6,89,0.0,24.9,5,-2.17017799441669,-24.805247982484463
2015-09-27 03:00:00,22.7,85,0.0,24.6,5,-2.144031271592393,-24.506389573056943
2015-09-27 04:00:00,22.7,84,0.0,24.6,5,-2.144031271592393,-24.506389573056943
2015-09-27 05:00:00,22.8,84,0.0,24.2,4,-1.688106664607839,-24.141050016287746
2015-09-27 06:00:00,22.6,84,0.0,23.1,4,-1.611374543489301,-23.04372956100194
2015-09-27 07:00:00,23.3,84,0.0,24.9,4,-1.7369361962287269,-24.839344851469622
2015-09-27 08:00:00,24.8,79,0.0,27.4,5,-2.388067351285836,-27.29573472771383
2015-09-27 09:00:00,25.6,76,0.0,30.0,4,-2.0926942123237673,-29.926921507794727
2015-09-27 10:00:00,26.6,72,0.0,31.7,3,-1.6590498129013345,-31.65655625171999
2015-09-27 11:00:00,27.2,70,0.0,33.1,2,-1.1551733408527753,-33.07983637433207
2015-09-27 12:00:00,27.2,70,0.0,34.2,2,-1.1935627872255261,-34.179166284053075
2015-09-27 13:00:00,27.0,71,0.0,34.9,2,-1.2179924349172766,-34.87873986296644
2015-09-27 14:00:00,26.5,72,0.0,35.3,2,-1.2319522335982767,-35.278496193774075
2015-09-27 15:00:00,25.9,74,0.0,33.9,3,-1.774188916635812,-33.85354122818005
2015-09-27 16:00:00,25.4,75,0.0,30.6,2,-1.0679245990965234,-30.581359306784332
2015-09-27 17:00:00,24.5,79,0.0,31.4,4,-2.1903532755655433,-31.32351117815848
2015-09-27 18:00:00,24.1,80,0.0,29.2,4,-2.036889033328467,-29.128870267586866
2015-09-27 19:00:00,24.0,80,0.0,31.1,5,-2.710543599452172,-30.98165511065329
2015-09-27 20:00:00,24.0,80,0.0,31.9,6,-3.334457978238142,-31.72524846224792
2015-09-27 21:00:00,24.0,81,0.0,31.9,6,-3.334457978238142,-31.72524846224792
2015-09-27 22:00:00,23.9,82,0.0,31.5,6,-3.2926465929310806,-31.327439704100613
2015-09-27 23:00:00,23.9,83,0.0,31.1,6,-3.2508352076240197,-30.929630945953303
2015-09-28 00:00:00,23.9,83,0.0,31.9,7,-3.8876320546241945,-31.662222237358172
2015-09-28 01:00:00,23.9,84,0.0,32.6,7,-3.972940595007798,-32.3570045435071
2015-09-28 02:00:00,23.9,84,0.0,33.0,7,-4.021688332369856,-32.75402300416363
2015-09-28 03:00:00,23.9,86,0.0,32.9,6,-3.4389864415057954,-32.71977035761619
2015-09-28 04:00:00,24.0,87,0.0,32.3,7,-3.936379791986253,-32.0592406980147
2015-09-28 05:00:00,24.2,87,0.1,32.3,8,-4.495291161010126,-31.985658620352716
2015-09-28 06:00:00,24.2,89,0.2,33.9,4,-2.364744459925857,-33.81742130380804
2015-09-28 07:00:00,24.5,90,0.4,35.1,6,-3.668949060694633,-34.9077185274264
2015-09-28 08:00:00,24.8,91,0.4,37.5,3,-1.9625983591104115,-37.44860755329652
2015-09-28 09:00:00,24.7,92,0.4,37.4,1,-0.6527200007544028,-37.39430379884903
2015-09-28 10:00:00,25.3,91,0.5,41.8,1,-0.7295105890784501,-41.79363365753715
2015-09-28 11:00:00,25.6,91,0.6,41.8,359,0.7295105890784543,-41.79363365753715
2015-09-28 12:00:00,25.8,92,0.5,46.1,358,1.6088667979852997,-46.07191712558031
2015-09-28 13:00:00,25.8,93,0.7000000000000001,49.5,356,3.452945450334199,-49.379420487861296
2015-09-28 14:00:00,25.6,93,1.1,52.6,353,6.410327463110758,-52.20792757633354
2015-09-28 15:00:00,25.5,94,1.3,55.4,349,10.570818343860587,-54.38214596300058
2015-09-28 16:00:00,25.5,93,0.8,57.5,349,10.971517234151333,-56.44356304824068
2015-09-28 17:00:00,25.2,94,0.9,56.2,342,17.366755083872047,-53.44937621578763
2015-09-28 18:00:00,25.1,93,2.1,57.1,339,20.46280991903665,-53.30744235299022
2015-09-28 19:00:00,25.1,93,4.6,64.8,340,22.16290528750334,-60.892081826926855
2015-09-28 20:00:00,25.2,93,6.5,59.6,345,15.425615088110236,-57.569179246828476
2015-09-28 21:00:00,25.3,94,7.1,49.3,354,5.153253239095315,-49.029929441655874
2015-09-28 22:00:00,25.2,94,6.2,41.2,354,4.306572686627323,-40.97430208917286
2015-09-28 23:00:00,25.3,93,4.0,27.4,356,1.9113273805890312,-27.333254977119182
2015-09-29 00:00:00,25.4,92,3.0,4.7,23,-1.836436303899587,-4.326372811226469
2015-09-29 01:00:00,25.3,91,4.2,13.0,152,-6.103130316216582,11.47831870716605
2015-09-29 02:00:00,24.8,93,4.6,33.9,184,2.3647444599258454,33.81742130380804
2015-09-29 03:00:00,24.4,91,5.4,52.0,206,22.795299633032027,46.737290407556685
2015-09-29 04:00:00,24.3,88,9.4,55.3,203,21.607431405456836,50.90391839591995
2015-09-29 05:00:00,24.4,88,12.1,51.3,196,14.140196353412056,49.312725001635755
2015-09-29 06:00:00,24.7,87,12.5,38.4,190,6.668090022410127,37.816617715668784
2015-09-29 07:00:00,24.9,87,9.2,33.5,189,5.240554578847736,33.087559409937114
2015-09-29 08:00:00,25.3,86,6.3,32.2,186,3.3658165172184416,32.023605030858405
2015-09-29 09:00:00,25.1,86,3.5,28.8,179,-0.5026293053937642,28.79561362050407
2015-09-29 10:00:00,25.5,85,1.6,28.4,179,-0.49564834281885073,28.395674542441512
2015-09-29 11:00:00,26.3,83,0.8,28.2,184,1.9671325595843314,28.13130621732704
2015-09-29 12:00:00,27.2,80,0.4,28.8,189,4.505312593158651,28.44542420913997
2015-09-29 13:00:00,27.5,81,0.2,26.8,192,5.572033313915954,26.21435569966599
2015-09-29 14:00:00,27.4,81,0.1,23.5,198,7.2618993678112655,22.349828132936107
2015-09-29 15:00:00,27.9,80,0.0,20.4,206,8.94277139449718,18.335398544503008
2015-09-29 16:00:00,27.6,82,0.0,18.2,207,8.262627095259752,16.216318740228292
2015-09-29 17:00:00,26.8,85,0.0,14.8,198,4.5734515167492225,14.075636441168273
2015-09-29 18:00:00,26.2,88,0.0,13.3,199,4.330056454280185,12.575397055470914
2015-09-29 19:00:00,26.5,84,0.0,8.5,168,-1.7672493719509543,8.314254606237348
2015-09-29 20:00:00,26.2,85,0.0,6.5,174,-0.6794350112397481,6.4643923198937765
2015-09-29 21:00:00,25.3,88,0.0,6.8,180,4.1637991171010006e-16,6.8
2015-09-29 22:00:00,24.4,91,0.0,6.5,183,0.3401837155791358,6.49109197590473
2015-09-29 23:00:00,24.4,91,0.0,5.5,191,1.049449474570997,5.3989495089621515
2015-09-30 00:00:00,23.9,93,0.0,4.9,197,1.4326213531414103,4.685893304218874
2015-09-30 01:00:00,23.6,94,0.0,2.2,189,0.34415582308850806,2.1729143493093033
2015-09-30 02:00:00,23.9,93,0.0,1.0,225,0.7071067811865476,0.7071067811865475
2015-09-30 03:00:00,24.8,90,0.0,1.1,180,6.735557395310444e-17,1.1
2015-09-30 04:00:00,24.1,93,0.0,0.8,117,-0.7128052193506943,0.36319239979163753
2015-09-30 05:00:00,23.7,94,0.0,0.4,270,0.4,0.0
2015-09-30 06:00:00,23.6,96,0.0,2.2,360,1.3471114790620887e-16,-2.2
2015-09-30 07:00:00,24.4,96,0.0,4.0,27,-1.8159619989581877,-3.564026096753471
2015-09-30 08:00:00,26.5,89,0.0,5.0,21,-1.7918397477265036,-4.667902132486008
2015-09-30 09:00:00,27.4,85,0.0,5.8,356,0.40458754771592637,-5.78587149150698
2015-09-30 10:00:00,28.4,81,0.0,6.7,344,1.8467702839738944,-6.440453362786736
2015-09-30 11:00:00,28.8,79,0.0,8.0,350,1.3891854213354433,-7.878462024097664
2015-09-30 12:00:00,28.7,79,0.3,7.6,360,4.653657836759942e-16,-7.6
2015-09-30 13:00:00,28.4,80,0.3,5.7,325,3.269385687200963,-4.669166652447253
2015-09-30 14:00:00,28.2,80,0.3,7.6,295,6.887939181478539,-3.211898789229316
2015-09-30 15:00:00,26.8,90,1.3,6.3,283,6.1385314081469815,-1.4171916423663495
2015-09-30 16:00:00,26.8,88,1.1,3.0,256,2.9108871788279895,0.7257656867990032
2015-09-30 17:00:00,26.0,92,0.6,1.0,135,-0.7071067811865475,0.7071067811865476
2015-09-30 18:00:00,25.6,93,0.0,2.1,31,-1.0815799573111144,-1.8000513314744355
2015-09-30 19:00:00,25.1,94,0.0,2.9,330,1.4500000000000002,-2.5114736709748717
2015-09-30 20:00:00,25.5,91,0.0,3.1,315,2.1920310216782974,-2.192031021678297
2015-09-30 21:00:00,25.7,91,0.0,0.4,360,2.4492935982947065e-17,-0.4
2015-09-30 22:00:00,25.7,91,0.0,3.8,131,-2.8678964048465336,2.4930243101639276
2015-09-30 23:00:00,24.3,95,0.0,4.6,135,-3.252691193458118,3.2526911934581184
2015-10-01 00:00:00,24.6,94,0.0,2.2,171,-0.34415582308850784,2.1729143493093033
2015-10-01 01:00:00,24.6,94,0.0,1.0,135,-0.7071067811865475,0.7071067811865476
2015-10-01 02:00:00,23.8,95,0.0,0.4,90,-0.4,4.898587196589413e-17
2015-10-01 03:00:00,22.5,97,0.0,0.5,45,-0.35355339059327384,-0.35355339059327373
2015-10-01 04:00:00,22.6,96,0.0,0.8,153,-0.36319239979163737,0.7128052193506944
2015-10-01 05:00:00,22.4,97,0.0,1.5,194,0.3628828433995015,1.4554435894139948
2015-10-01 06:00:00,22.3,96,0.0,2.1,211,1.0815799573111138,1.800051331474436
2015-10-01 07:00:00,23.3,97,0.0,4.3,156,-1.748967565225941,3.9282454678631837
2015-10-01 08:00:00,26.5,88,0.0,5.6,153,-2.542346798541461,4.98963653545486
2015-10-01 09:00:00,27.6,84,0.0,3.7,191,0.7059932828932162,3.632020578756357
2015-10-01 10:00:00,28.4,80,0.2,7.1,246,6.486172749262466,2.8878301658381815
2015-10-01 11:00:00,28.7,80,0.3,11.2,264,11.13864522812466,1.1707187885977188
2015-10-01 12:00:00,28.8,82,0.3,12.6,267,12.58273213790763,0.6594330486610923
2015-10-01 13:00:00,28.9,80,0.1,9.9,260,9.74959675482086,1.7191169589026103
2015-10-01 14:00:00,28.2,83,0.0,8.0,243,7.128052193506943,3.631923997916374
2015-10-01 15:00:00,28.8,80,0.0,9.0,241,7.871577364254562,4.363286582217033
2015-10-01 16:00:00,28.3,81,0.2,7.4,223,5.046787864462489,5.412017391981862
2015-10-01 17:00:00,27.7,84,0.0,5.6,220,3.5996106142446203,4.289848881466277
2015-10-01 18:00:00,26.8,92,0.0,4.2,239,3.600102662948872,2.1631599146222276
2015-10-01 19:00:00,26.9,87,0.0,4.2,211,2.1631599146222276,3.600102662948872
2015-10-01 20:00:00,26.5,88,0.0,3.4,238,2.883363526931848,1.8017254983928965
2015-10-01 21:00:00,25.8,91,0.0,4.7,302,3.9858260519352022,-2.490620541896063
2015-10-01 22:00:00,24.3,95,0.0,6.4,333,2.9055391983331,-5.702441754805554
2015-10-01 23:00:00,23.6,96,0.0,7.3,349,1.3929056662487778,-7.165878439167947
2015-10-02 00:00:00,23.2,97,0.1,6.6,9,-1.0324674692655247,-6.5187430479279085
2015-10-02 01:00:00,23.5,96,0.1,7.4,14,-1.7902220274375418,-7.180188374442374
2015-10-02 02:00:00,23.5,96,0.0,8.6,15,-2.2258437878816775,-8.306962106085987
2015-10-02 03:00:00,23.6,96,0.0,9.5,9,-1.4861274178821948,-9.383039235653808
2015-10-02 04:00:00,23.3,96,0.0,9.4,2,-0.3280552690035072,-9.394273773979501
2015-10-02 05:00:00,23.8,96,0.0,10.2,8,-1.4195656297926713,-10.100734301164016
2015-10-02 06:00:00,23.6,97,0.0,10.8,4,-0.7533699164365563,-10.773691742806102
2015-10-02 07:00:00,23.8,97,0.0,15.2,7,-1.8524140197582368,-15.086701504948095
2015-10-02 08:00:00,26.4,87,0.0,17.8,8,-2.4772811970891717,-17.62677162359995
2015-10-02 09:00:00,27.3,82,0.0,20.1,9,-3.144332747308644,-19.85253564596227
2015-10-02 10:00:00,28.2,78,0.0,21.1,9,-3.300767212348875,-20.840223986557405
2015-10-02 11:00:00,28.9,76,0.0,20.7,8,-2.8808831898733627,-20.498549022950503
2015-10-02 12:00:00,29.0,76,0.0,20.6,6,-2.1532863433136593,-20.487151044586433
2015-10-02 13:00:00,29.2,75,0.0,21.3,4,-1.4858128907498749,-21.248114270534256
2015-10-02 14:00:00,28.8,76,0.0,22.0,5,-1.9174263404484815,-21.9162833580184
2015-10-02 15:00:00,28.5,77,0.4,18.8,12,-3.908739787373884,-18.389174893795545
2015-10-02 16:00:00,28.0,81,0.5,12.8,10,-2.2226966741367082,-12.605539238556263
2015-10-02 17:00:00,27.1,85,0.2,12.6,5,-1.0981623586204938,-12.552053195955994
2015-10-02 18:00:00,26.0,92,0.8,6.6,13,-1.4846769586695105,-6.430842427582552
2015-10-02 19:00:00,26.0,87,0.0,4.4,9,-0.6883116461770166,-4.345828698618606
2015-10-02 20:00:00,25.6,88,0.0,8.3,355,0.7233926648055626,-8.268415994161488
2015-10-02 21:00:00,25.1,89,0.0,10.1,356,0.7045403848156648,-10.075396907624224
2015-10-02 22:00:00,24.3,93,0.0,9.4,356,0.6557108531947772,-9.377102072442348
2015-10-02 23:00:00,23.6,96,0.0,8.7,353,1.060263287624783,-8.6351515192795
2015-10-03 00:00:00,23.3,96,0.3,8.6,358,0.3001356716415093,-8.594761112364223
2015-10-03 01:00:00,23.2,96,0.4,9.1,7,-1.1090110249868392,-9.03216997993603
2015-10-03 02:00:00,23.2,95,0.3,6.5,357,0.3401837155791358,-6.49109197590473
2015-10-03 03:00:00,25.2,89,0.0,6.3,347,1.4171916423663489,-6.1385314081469815
2015-10-03 04:00:00,25.2,89,0.0,7.2,342,2.224922359499622,-6.8476069173251055
2015-10-03 05:00:00,24.9,91,0.0,7.1,345,1.8376152202278973,-6.858073366652385
2015-10-03 06:00:00,24.0,94,0.0,2.3,321,1.447436899414626,-1.7874357113510329
2015-10-03 07:00:00,25.0,93,0.0,1.8,37,-1.083267041673687,-1.437543918085127
2015-10-03 08:00:00,26.8,89,0.0,1.9,338,0.7117525274902327,-1.761649323676896
2015-10-03 09:00:00,27.9,84,0.0,3.3,319,2.1649947956686737,-2.4905416147351476
2015-10-03 10:00:00,28.5,82,0.0,5.4,312,4.012982057577929,-3.6133052743378347
2015-10-03 11:00:00,29.0,80,0.0,8.7,315,6.151828996322964,-6.151828996322962
2015-10-03 12:00:00,29.2,80,0.0,10.7,318,7.159697488039782,-7.951649632608118
2015-10-03 13:00:00,29.0,78,0.0,8.2,319,5.379684037722159,-6.18861855782673
2015-10-03 14:00:00,28.7,79,0.2,8.5,332,3.9905082836800725,-7.505054539300878
2015-10-03 15:00:00,29.0,79,0.2,6.1,332,2.863776532993934,-5.385980316439453
2015-10-03 16:00:00,28.7,81,0.0,7.9,313,5.777694242791447,-5.387787044493738
2015-10-03 17:00:00,27.7,87,0.1,4.0,297,3.5640260967534716,-1.815961998958187
2015-10-03 18:00:00,26.1,93,1.1,1.8,360,1.1021821192326179e-16,-1.8
2015-10-03 19:00:00,25.1,94,0.7000000000000001,4.0,170,-0.6945927106677212,3.939231012048832
2015-10-03 20:00:00,24.8,92,0.0,4.9,163,-1.4326213531414098,4.685893304218874
2015-10-03 21:00:00,24.5,92,0.2,5.6,165,-1.4493866525741166,5.4091846272187825
2015-10-03 22:00:00,24.1,92,0.3,5.6,165,-1.4493866525741166,5.4091846272187825
2015-10-03 23:00:00,23.8,92,0.1,6.4,164,-1.764079077228794,6.1520748540052415
2015-10-04 00:00:00,24.3,87,0.2,7.0,159,-2.5085756468171017,6.535062985480412
2015-10-04 01:00:00,24.1,87,0.3,7.2,153,-3.2687315981247362,6.415246974156249
2015-10-04 02:00:00,23.9,86,0.0,6.4,142,-3.9402334420842133,5.043268823083022
2015-10-04 03:00:00,22.7,91,0.0,5.4,127,-4.312631754255382,3.2498011250210603
2015-10-04 04:00:00,24.6,79,0.0,1.1,162,-0.3399186938124421,1.046162167924669
2015-10-04 05:00:00,24.2,80,0.0,3.9,248,3.616017032810471,1.460965714322057
2015-10-04 06:00:00,24.1,80,0.0,2.5,278,2.475670171853926,-0.3479327524001636
2015-10-04 07:00:00,24.4,84,0.0,1.0,45,-0.7071067811865477,-0.7071067811865475
2015-10-04 08:00:00,26.7,76,0.0,2.1,329,1.0815799573111138,-1.800051331474436
2015-10-04 09:00:00,27.2,76,0.0,3.5,336,1.4235782507653008,-3.197409101749103
2015-10-04 10:00:00,28.1,76,0.0,3.9,326,2.1808523235359125,-3.233246532964663
2015-10-04 11:00:00,28.8,75,0.0,4.6,309,3.5748714227020657,-2.8948737988292517
2015-10-04 12:00:00,29.1,75,0.0,7.9,294,7.217009115376547,-3.2132194802988217
2015-10-04 13:00:00,29.4,75,0.0,10.7,290,10.05471104240922,-3.659615533584655
2015-10-04 14:00:00,28.8,78,0.0,8.4,310,6.4347733221994154,-5.39941592136693
2015-10-04 15:00:00,28.8,75,0.1,6.6,315,4.666904755831213,-4.666904755831213
2015-10-04 16:00:00,28.3,77,0.0,4.2,340,1.436484601967809,-3.9467090073008153
2015-10-04 17:00:00,28.0,80,0.0,3.2,297,2.8512208774027776,-1.4527695991665497
2015-10-04 18:00:00,27.0,86,0.0,6.8,302,5.766727053863696,-3.603450996785793
2015-10-04 19:00:00,26.2,89,0.0,0.4,360,2.4492935982947065e-17,-0.4
2015-10-04 20:00:00,26.4,87,0.0,1.1,162,-0.3399186938124421,1.046162167924669
2015-10-04 21:00:00,25.9,88,0.0,5.8,150,-2.8999999999999986,5.022947341949744
2015-10-04 22:00:00,25.9,87,0.0,6.9,152,-3.2393537832226476,6.092338390726596
2015-10-04 23:00:00,24.3,92,0.0,5.4,188,0.7515347451843536,5.34744757120448
2015-10-05 00:00:00,23.4,94,0.0,5.2,196,1.4333142502483958,4.998560818879258
2015-10-05 01:00:00,23.2,95,0.0,4.8,153,-2.179154398749824,4.276831316104166
2015-10-05 02:00:00,23.0,94,0.0,5.4,143,-3.2498011250210617,4.312631754255381
2015-10-05 03:00:00,23.9,84,0.0,4.2,160,-1.4364846019678086,3.9467090073008158
2015-10-05 04:00:00,24.7,79,0.0,2.9,180,1.7757378587636622e-16,2.9
2015-10-05 05:00:00,25.0,77,0.0,1.1,288,1.0461621679246689,-0.33991869381244216
2015-10-05 06:00:00,25.3,77,0.0,1.0,315,0.7071067811865476,-0.7071067811865475
2015-10-05 07:00:00,25.5,80,0.0,2.6,74,-2.499280409439629,-0.7166571251241974
2015-10-05 08:00:00,26.6,80,0.0,2.5,90,-2.5,3.061616997868383e-16
2015-10-05 09:00:00,27.5,79,0.0,1.6,63,-1.4256104387013888,-0.7263847995832747
2015-10-05 10:00:00,28.5,76,0.0,3.1,339,1.1109406435904312,-2.8940993221413254
2015-10-05 11:00:00,29.1,74,0.0,7.1,315,5.020458146424487,-5.020458146424486
2015-10-05 12:00:00,29.5,73,0.0,10.2,315,7.212489168102785,-7.212489168102784
2015-10-05 13:00:00,29.5,73,0.0,10.9,316,7.57177623800307,-7.840803823691297
2015-10-05 14:00:00,29.3,73,0.0,9.4,320,6.04220353105347,-7.200817765318393
2015-10-05 15:00:00,28.8,76,0.0,8.0,324,4.702282018339785,-6.47213595499958
2015-10-05 16:00:00,28.6,78,0.0,7.9,344,2.1775351109542935,-7.59396739791272
2015-10-05 17:00:00,27.9,81,0.0,6.1,3,-0.31924933308196024,-6.0916401620029
2015-10-05 18:00:00,27.0,89,0.0,7.3,340,2.4967470462773824,-6.8597561317371305
2015-10-05 19:00:00,26.7,87,0.0,6.6,13,-1.4846769586695105,-6.430842427582552
2015-10-05 20:00:00,26.8,86,0.0,7.1,30,-3.550000000000003,-6.148780366869512
2015-10-05 21:00:00,26.6,87,0.0,4.7,23,-1.836436303899587,-4.326372811226469
2015-10-05 22:00:00,26.2,89,0.0,5.8,353,0.7068421917498554,-5.756767679519667
2015-10-05 23:00:00,25.8,90,0.0,7.2,6,-0.7526049355271042,-7.160557646651569
2015-10-06 00:00:00,25.5,90,0.0,5.9,38,-3.632402704421383,-4.649263446279661
2015-10-06 01:00:00,24.6,91,0.0,3.6,53,-2.875087836170254,-2.1665340833473743
2015-10-06 02:00:00,24.7,90,0.0,5.5,32,-2.9145559532826275,-4.664264528860342
2015-10-06 03:00:00,25.2,84,0.0,7.0,35,-4.015035054457325,-5.734064310022941
2015-10-06 04:00:00,24.4,86,0.0,5.2,65,-4.71280049259058,-2.1976149610516362
2015-10-06 05:00:00,24.6,83,0.0,4.5,76,-4.366330768241984,-1.0886485301985038
2015-10-06 06:00:00,25.4,79,0.0,3.4,32,-1.801725498392897,-2.883363526931848
2015-10-06 07:00:00,25.4,80,0.0,5.1,8,-0.7097828148963357,-5.050367150582008
2015-10-06 08:00:00,26.4,84,0.0,6.6,9,-1.0324674692655247,-6.5187430479279085
2015-10-06 09:00:00,27.5,80,0.0,5.9,14,-1.42733918403804,-5.7247447850283795
2015-10-06 10:00:00,28.4,77,0.0,5.0,360,3.061616997868383e-16,-5.0
2015-10-06 11:00:00,29.1,75,0.0,6.2,339,2.2218812871808624,-5.788198644282651
2015-10-06 12:00:00,29.4,74,0.0,9.0,337,3.5165801564034633,-8.284543681071963
2015-10-06 13:00:00,29.5,74,0.0,10.2,342,3.151973342624464,-9.700776466210565
2015-10-06 14:00:00,29.2,75,0.0,8.5,348,1.7672493719509554,-8.314254606237347
2015-10-06 15:00:00,28.7,75,0.0,8.8,348,1.8296228791962834,-8.60769888645749
2015-10-06 16:00:00,28.1,77,0.0,7.6,357,0.3977532674463741,-7.589584464134761
2015-10-06 17:00:00,27.6,80,0.0,5.5,23,-2.149021206691006,-5.062776693988422
2015-10-06 18:00:00,26.6,85,0.0,4.1,15,-1.0611580849203346,-3.96029588778518
2015-10-06 19:00:00,25.4,89,0.0,3.5,114,-3.197409101749103,1.4235782507653014
2015-10-06 20:00:00,24.7,91,0.0,4.2,121,-3.6001026629488715,2.1631599146222285
2015-10-06 21:00:00,24.2,92,0.0,3.6,96,-3.580278823325784,0.37630246776355347
2015-10-06 22:00:00,23.8,93,0.0,4.7,90,-4.7,5.755839955992561e-16
2015-10-06 23:00:00,23.4,92,0.0,5.1,86,-5.087576656325103,-0.3557580160950389
2015-10-07 00:00:00,23.4,91,0.0,5.1,86,-5.087576656325103,-0.3557580160950389
2015-10-07 01:00:00,22.8,92,0.0,5.4,90,-5.4,6.613092715395707e-16
2015-10-07 02:00:00,22.7,92,0.0,4.7,90,-4.7,5.755839955992561e-16
2015-10-07 03:00:00,24.3,82,0.0,3.8,73,-3.6339580726595346,-1.1110124779463997
2015-10-07 04:00:00,24.3,81,0.0,4.8,48,-3.5670951622914924,-3.2118269105225195
2015-10-07 05:00:00,24.2,81,0.0,5.1,51,-3.9634444034305507,-3.2095339943541714
2015-10-07 06:00:00,24.1,81,0.0,5.1,39,-3.2095339943541727,-3.96344440343055
2015-10-07 07:00:00,24.3,82,0.0,3.5,66,-3.197409101749103,-1.4235782507653008
2015-10-07 08:00:00,25.7,82,0.0,1.8,79,-1.7669289302057951,-0.3434561916777805
2015-10-07 09:00:00,26.5,79,0.0,0.0,270,0.0,0.0
2015-10-07 10:00:00,27.3,76,0.0,1.9,292,1.761649323676896,-0.7117525274902328
2015-10-07 11:00:00,28.0,73,0.0,3.0,284,2.9108871788279895,-0.7257656867990032
2015-10-07 12:00:00,28.3,72,0.0,3.2,270,3.2,0.0
2015-10-07 13:00:00,28.5,71,0.0,4.7,279,4.6421352007971475,-0.7352419856890852
2015-10-07 14:00:00,28.6,71,0.0,5.5,293,5.062776693988422,-2.149021206691006
2015-10-07 15:00:00,28.1,73,0.0,4.9,306,3.9641832724372428,-2.8801477362331185
2015-10-07 16:00:00,27.7,74,0.0,3.7,331,1.7937955949114475,-3.2360929164157644
2015-10-07 17:00:00,27.2,77,0.0,2.4,333,1.0895771993749124,-2.138415658052083
2015-10-07 18:00:00,26.4,83,0.0,3.0,346,0.725765686799003,-2.9108871788279895
2015-10-07 19:00:00,25.6,84,0.0,2.0,45,-1.4142135623730954,-1.414213562373095
2015-10-07 20:00:00,24.2,89,0.0,3.1,135,-2.192031021678297,2.1920310216782974
2015-10-07 21:00:00,23.4,92,0.0,6.3,156,-2.5624408513775414,5.755336383148386
2015-10-07 22:00:00,22.9,92,0.0,7.3,160,-2.4967470462773815,6.859756131737131
2015-10-07 23:00:00,22.5,94,0.0,8.1,159,-2.902780391316932,7.5620014546273335
2015-10-08 00:00:00,22.0,93,0.0,7.5,163,-2.192787785420525,7.172285669722767
2015-10-08 01:00:00,21.6,93,0.0,7.3,171,-1.1419715947936848,7.210124886344506
2015-10-08 02:00:00,21.4,92,0.0,9.0,175,-0.7844016847289241,8.96575228282571
2015-10-08 03:00:00,21.6,90,0.0,9.4,176,-0.6557108531947782,9.377102072442348
2015-10-08 04:00:00,21.5,88,0.0,8.7,173,-1.060263287624782,8.635151519279502
2015-10-08 05:00:00,21.1,88,0.2,8.2,165,-2.122316169840671,7.92059177557036
2015-10-08 06:00:00,20.7,88,0.4,6.6,171,-1.0324674692655234,6.518743047927909
2015-10-08 07:00:00,22.2,88,0.5,6.5,186,0.6794350112397475,6.4643923198937765
2015-10-08 08:00:00,25.6,74,0.4,6.5,199,2.116193003971519,6.145870741395559
2015-10-08 09:00:00,26.8,67,0.3,6.9,223,4.70578868443124,5.046340541172277
2015-10-08 10:00:00,27.6,66,0.3,6.6,221,4.329989591337347,4.981083229470295
2015-10-08 11:00:00,28.1,65,0.1,7.1,210,3.5500000000000007,6.148780366869514
2015-10-08 12:00:00,28.2,66,0.2,7.2,217,4.333068166694749,5.750175672340508
2015-10-08 13:00:00,27.7,70,0.5,8.0,234,6.47213595499958,4.702282018339785
2015-10-08 14:00:00,27.2,74,0.1,9.8,246,8.95274548489749,3.9860191021428424
2015-10-08 15:00:00,26.5,77,1.3,9.2,239,7.8859391664594325,4.738350289172498
2015-10-08 16:00:00,26.3,78,0.2,4.8,222,3.2118269105225195,3.5670951622914924
2015-10-08 17:00:00,26.2,78,0.0,3.3,186,0.3449439287832564,3.2819222547153015
2015-10-08 18:00:00,25.6,83,0.0,1.5,225,1.0606601717798214,1.0606601717798212
2015-10-08 19:00:00,25.8,78,0.0,4.3,265,4.283637201794505,0.3747696938149301
2015-10-08 20:00:00,25.4,80,0.0,2.9,263,2.8783838397598336,0.35342109587492765
2015-10-08 21:00:00,25.1,81,0.0,1.8,270,1.8,0.0
2015-10-08 22:00:00,24.7,82,0.3,6.4,344,1.7640790772287946,-6.1520748540052415
2015-10-08 23:00:00,23.8,86,0.3,5.8,353,0.7068421917498554,-5.756767679519667
2015-10-09 00:00:00,22.2,93,0.3,5.3,28,-2.488199282765221,-4.679622242152313
2015-10-09 01:00:00,21.7,95,0.2,5.4,360,3.3065463576978537e-16,-5.4
2015-10-09 02:00:00,21.7,94,0.1,4.7,4,-0.32785542659739025,-4.688551036221174
2015-10-09 03:00:00,23.7,87,0.0,4.1,15,-1.0611580849203346,-3.96029588778518
2015-10-09 04:00:00,23.7,87,0.0,4.2,20,-1.436484601967808,-3.9467090073008158
2015-10-09 05:00:00,23.2,88,0.0,5.2,16,-1.4333142502483942,-4.998560818879259
2015-10-09 06:00:00,22.7,90,0.0,9.9,10,-1.7191169589026103,-9.74959675482086
2015-10-09 07:00:00,23.3,91,0.0,12.3,7,-1.4989929238833102,-12.208317665188263
2015-10-09 08:00:00,24.8,87,0.0,13.3,13,-2.991849022773408,-12.959121861643627
2015-10-09 09:00:00,25.5,84,0.0,13.6,11,-2.5950023371210067,-13.35012969488823
2015-10-09 10:00:00,26.1,82,0.0,15.1,3,-0.790272939268459,-15.079305974794064
2015-10-09 11:00:00,26.7,80,0.0,18.0,2,-0.6281909406450137,-17.989034886343724
2015-10-09 12:00:00,27.0,80,0.0,18.8,5,-1.638527963655975,-18.728460324124818
2015-10-09 13:00:00,27.0,81,0.0,18.9,9,-2.9566113892603663,-18.6673096372481
2015-10-09 14:00:00,26.8,80,0.0,19.6,7,-2.3886391307408847,-19.453904572169915
2015-10-09 15:00:00,26.6,78,0.0,21.8,9,-3.410271337877037,-21.531605824974
2015-10-09 16:00:00,25.9,81,0.0,22.6,14,-5.467434840552492,-21.928683413837522
2015-10-09 17:00:00,25.1,83,0.0,19.5,16,-5.374928438431478,-18.744603070797222
2015-10-09 18:00:00,24.5,84,0.0,17.4,22,-6.518154725436873,-16.132999069462098
2015-10-09 19:00:00,23.8,90,0.0,15.8,17,-4.619472934619246,-15.109615144215958
2015-10-09 20:00:00,23.5,89,0.0,15.9,13,-3.576721764067458,-15.492484030085238
2015-10-09 21:00:00,23.5,87,0.0,15.9,13,-3.576721764067458,-15.492484030085238
2015-10-09 22:00:00,23.8,84,0.0,14.8,14,-3.5804440548750835,-14.360376748884748
2015-10-09 23:00:00,23.7,84,0.0,14.7,17,-4.297864059424235,-14.057679912656619
2015-10-10 00:00:00,23.4,85,0.0,14.8,26,-6.487892972478351,-13.30215188522767
2015-10-10 01:00:00,23.5,84,0.0,14.6,20,-4.99349409255476,-13.719512263474263
2015-10-10 02:00:00,23.3,84,0.0,14.3,18,-4.41894301956175,-13.600108183020696
2015-10-10 03:00:00,22.7,84,0.0,14.0,23,-5.470235798849833,-12.887067948334163
2015-10-10 04:00:00,21.6,88,0.0,13.5,25,-5.705346533499439,-12.235155124994776
2015-10-10 05:00:00,21.0,90,0.0,13.7,27,-6.219669846431793,-12.206789381380638
2015-10-10 06:00:00,20.6,91,0.0,11.2,40,-7.199221228489241,-8.579697762932552
2015-10-10 07:00:00,21.6,93,0.0,9.7,31,-4.9958693266275285,-8.314522816810486
2015-10-10 08:00:00,24.7,80,0.0,11.0,11,-2.098898949141991,-10.797899017924303
2015-10-10 09:00:00,25.2,78,0.0,14.2,9,-2.2213694035712805,-14.025174436450953
2015-10-10 10:00:00,25.3,79,0.1,13.2,11,-2.518678738970389,-12.957478821509163
2015-10-10 11:00:00,25.5,77,0.2,13.7,5,-1.194033675642918,-13.647867363856914
2015-10-10 12:00:00,26.0,75,0.0,14.6,9,-2.283943189587373,-14.42024977268901
2015-10-10 13:00:00,26.1,76,0.0,15.5,13,-3.4867413423299114,-15.102736004171145
2015-10-10 14:00:00,26.2,75,0.0,17.7,12,-3.6800369274743483,-17.31321253298836
2015-10-10 15:00:00,25.7,78,0.0,19.4,11,-3.701694510304965,-19.04356735888468
2015-10-10 16:00:00,25.0,80,0.0,19.5,12,-4.054277970946316,-19.073878214309207
2015-10-10 17:00:00,24.1,84,0.0,19.3,9,-3.019185175276459,-19.062384973486157
2015-10-10 18:00:00,23.3,86,0.0,17.0,13,-3.8241679238457094,-16.564291101348996
2015-10-10 19:00:00,22.8,87,0.0,16.1,16,-4.437761428653682,-15.476313304606938
2015-10-10 20:00:00,22.5,88,0.0,15.1,18,-4.666156615061708,-14.360953396056818
2015-10-10 21:00:00,22.2,89,0.0,14.6,16,-4.0243053949281835,-14.034420760699458
2015-10-10 22:00:00,21.9,90,0.0,15.5,12,-3.2226312076752768,-15.161287811373986
2015-10-10 23:00:00,22.0,88,0.0,16.7,7,-2.0352180348659576,-16.575520732410077
2015-10-11 00:00:00,21.8,88,0.0,18.1,7,-2.205835115633164,-17.96508534470793
2015-10-11 01:00:00,21.7,87,0.0,20.0,8,-2.7834620192013166,-19.805361374831406
2015-10-11 02:00:00,21.6,85,0.0,19.8,10,-3.4382339178052206,-19.49919350964172
2015-10-11 03:00:00,21.9,87,0.0,19.7,8,-2.7417100889132966,-19.50828095420893
2015-10-11 04:00:00,21.5,87,0.0,19.2,8,-2.672123538433264,-19.01314691983815
2015-10-11 05:00:00,21.1,88,0.0,20.1,9,-3.144332747308644,-19.85253564596227
2015-10-11 06:00:00,21.0,88,0.0,20.4,8,-2.8391312595853426,-20.20146860232803
2015-10-11 07:00:00,21.8,86,0.2,22.2,8,-3.089642841313461,-21.98395112606286
2015-10-11 08:00:00,23.2,80,0.0,23.6,12,-4.906715903299132,-23.084283377317814
2015-10-11 09:00:00,23.6,79,0.1,21.4,13,-4.8139525629587165,-20.851519386404032
2015-10-11 10:00:00,24.0,78,0.0,21.1,9,-3.300767212348875,-20.840223986557405
2015-10-11 11:00:00,24.1,77,0.0,21.5,9,-3.363340998364967,-21.23529932279546
2015-10-11 12:00:00,23.9,79,0.0,23.4,10,-4.06336735740617,-23.044501420485666
2015-10-11 13:00:00,24.0,79,0.0,23.9,12,-4.969089410544458,-23.377727657537953
2015-10-11 14:00:00,23.6,81,0.0,23.9,12,-4.969089410544458,-23.377727657537953
2015-10-11 15:00:00,24.7,76,0.0,24.8,9,-3.87957473299773,-24.494670846759416
2015-10-11 16:00:00,24.2,77,0.0,23.6,8,-3.2844851826575536,-23.37032642230106
2015-10-11 17:00:00,23.4,78,0.0,23.3,8,-3.242733252369534,-23.073246001678587
2015-10-11 18:00:00,22.8,78,0.0,20.8,10,-3.611882095472151,-20.484001262653926
2015-10-11 19:00:00,22.7,79,0.0,19.8,10,-3.4382339178052206,-19.49919350964172
2015-10-11 20:00:00,22.5,82,0.0,17.8,8,-2.4772811970891717,-17.62677162359995
2015-10-11 21:00:00,22.2,86,0.0,15.5,4,-1.0812253430339465,-15.462242779027275
2015-10-11 22:00:00,22.2,85,0.0,13.7,5,-1.194033675642918,-13.647867363856914
2015-10-11 23:00:00,22.2,84,0.0,15.1,12,-3.1394665313481727,-14.770028771080463
2015-10-12 00:00:00,22.2,83,0.0,15.9,13,-3.576721764067458,-15.492484030085238
2015-10-12 01:00:00,21.8,85,0.0,15.7,16,-4.327506486326882,-15.091808626231607
2015-10-12 02:00:00,21.6,86,0.0,15.4,16,-4.244815279581783,-14.803430117450112
2015-10-12 03:00:00,21.4,85,0.0,15.5,13,-3.4867413423299114,-15.102736004171145
2015-10-12 04:00:00,21.1,86,0.1,15.4,11,-2.938458528798787,-15.117058625094026
2015-10-12 05:00:00,21.1,86,0.0,15.8,12,-3.2850047149206048,-15.45473209159413
2015-10-12 06:00:00,21.0,87,0.2,14.7,17,-4.297864059424235,-14.057679912656619
2015-10-12 07:00:00,21.8,86,0.8,13.6,22,-5.094649670456407,-12.609700422108308
2015-10-12 08:00:00,22.5,85,0.0,13.1,21,-4.694620139043439,-12.229903587113341
2015-10-12 09:00:00,23.6,80,0.0,13.5,16,-3.721104303529485,-12.977032895167307
2015-10-12 10:00:00,24.3,78,0.0,13.8,9,-2.1587956175551883,-13.6300991002129
2015-10-12 11:00:00,25.3,74,0.0,13.8,9,-2.1587956175551883,-13.6300991002129
2015-10-12 12:00:00,25.9,72,0.0,13.2,11,-2.518678738970389,-12.957478821509163
2015-10-12 13:00:00,26.0,72,0.0,13.6,12,-2.8275989951215332,-13.302807369979755
2015-10-12 14:00:00,26.0,72,0.0,15.9,13,-3.576721764067458,-15.492484030085238
2015-10-12 15:00:00,25.6,73,0.0,17.0,17,-4.970318980286531,-16.2571808513716
2015-10-12 16:00:00,25.1,75,0.0,15.9,18,-4.913370210561666,-15.121798609092941
2015-10-12 17:00:00,24.4,78,0.0,14.1,19,-4.590510977845908,-13.331811915950368
2015-10-12 18:00:00,23.8,80,0.0,13.8,20,-4.719877977894226,-12.967758166845536
2015-10-12 19:00:00,22.9,87,0.0,13.1,21,-4.694620139043439,-12.229903587113341
2015-10-12 20:00:00,22.5,88,0.0,13.0,24,-5.287576359985401,-11.876090949353813
2015-10-12 21:00:00,22.6,86,0.0,14.2,24,-5.775660331676361,-12.972345498524934
2015-10-12 22:00:00,22.8,83,0.0,13.2,17,-3.8593065023401296,-12.623222778712066
2015-10-12 23:00:00,22.5,85,0.0,12.8,10,-2.2226966741367082,-12.605539238556263
2015-10-13 00:00:00,22.0,87,0.0,12.8,11,-2.442355140819771,-12.5648279481301
2015-10-13 01:00:00,22.1,86,0.0,13.2,11,-2.518678738970389,-12.957478821509163
2015-10-13 02:00:00,21.9,86,0.0,12.7,15,-3.2870018728020116,-12.267257993871167
2015-10-13 03:00:00,22.5,82,0.0,12.2,14,-2.951447126315947,-11.837607860567156
2015-10-13 04:00:00,22.4,83,0.0,12.2,14,-2.951447126315947,-11.837607860567156
2015-10-13 05:00:00,21.9,86,0.0,12.2,19,-3.971931484377311,-11.535326622311665
2015-10-13 06:00:00,21.6,88,0.0,13.4,24,-5.450271017215721,-12.241509132410853
2015-10-13 07:00:00,22.1,90,0.0,13.9,25,-5.874393838195719,-12.597678239809436
2015-10-13 08:00:00,23.8,81,0.0,15.0,17,-4.385575570841056,-14.34457133944553
2015-10-13 09:00:00,24.5,78,0.0,17.2,11,-3.2819147204765673,-16.883987555299818
2015-10-13 10:00:00,25.5,75,0.0,18.6,9,-2.9096810497482974,-18.37100313506956
2015-10-13 11:00:00,26.3,72,0.0,20.0,8,-2.7834620192013166,-19.805361374831406
2015-10-13 12:00:00,26.8,71,0.0,21.4,7,-2.608003948870149,-21.24048764512429
2015-10-13 13:00:00,26.8,70,0.0,22.1,6,-2.3100790382151395,-21.978933887638842
2015-10-13 14:00:00,26.6,70,0.0,23.5,5,-2.048159954569969,-23.41057540515602
2015-10-13 15:00:00,26.0,69,0.0,23.2,6,-2.425060347809558,-23.07290797254394
2015-10-13 16:00:00,25.3,71,0.0,21.4,7,-2.608003948870149,-21.24048764512429
2015-10-13 17:00:00,24.2,74,0.0,18.5,8,-2.5747023677612177,-18.31995927171905
2015-10-13 18:00:00,23.2,77,0.0,17.1,8,-2.3798600264171257,-16.933583975480854
2015-10-13 19:00:00,22.2,85,0.0,14.8,13,-3.3292756042892058,-14.420676958821481
2015-10-13 20:00:00,22.1,82,0.0,14.2,7,-1.7305446763530898,-14.094155353306773
2015-10-13 21:00:00,21.6,84,0.0,13.8,9,-2.1587956175551883,-13.6300991002129
2015-10-13 22:00:00,21.2,85,0.0,14.0,12,-2.910763671448637,-13.694066410273278
2015-10-13 23:00:00,21.4,84,0.0,13.8,15,-3.571702822414785,-13.329776402789143
2015-10-14 00:00:00,21.1,87,0.0,13.9,17,-4.063966695646045,-13.29263610788619
2015-10-14 01:00:00,20.7,90,0.0,13.8,20,-4.719877977894226,-12.967758166845536
2015-10-14 02:00:00,20.3,92,0.0,13.4,20,-4.5830699205639585,-12.591881118531173
2015-10-14 03:00:00,20.4,89,0.0,13.4,20,-4.5830699205639585,-12.591881118531173
2015-10-14 04:00:00,20.1,90,0.0,14.0,18,-4.326237921249266,-13.31479122813215
2015-10-14 05:00:00,19.9,90,0.0,16.0,14,-3.8707503295946846,-15.524731620415944
2015-10-14 06:00:00,20.0,89,0.0,17.8,14,-4.3062097416740865,-17.271263927712738
2015-10-14 07:00:00,20.8,88,0.0,17.8,14,-4.3062097416740865,-17.271263927712738
2015-10-14 08:00:00,23.1,77,0.0,17.1,8,-2.3798600264171257,-16.933583975480854
2015-10-14 09:00:00,24.2,73,0.0,16.6,4,-1.1579574641524848,-16.55956323431308
2015-10-14 10:00:00,25.0,69,0.0,16.6,359,0.2897099468589078,-16.597471739596095
2015-10-14 11:00:00,25.4,68,0.0,18.1,355,1.5775189437326125,-18.031124035460596
2015-10-14 12:00:00,25.7,67,0.0,19.1,359,0.33334096295211674,-19.097090977487074
2015-10-14 13:00:00,25.7,68,0.0,19.1,2,-0.6665803870177646,-19.08836479606473
2015-10-14 14:00:00,25.5,69,0.0,19.2,5,-1.6733902607550384,-19.126938203361515
2015-10-14 15:00:00,24.9,69,0.0,18.9,8,-2.6303716081452437,-18.716066499215675
2015-10-14 16:00:00,24.4,72,0.0,17.6,11,-3.3582383186271856,-17.276638428678886
2015-10-14 17:00:00,23.6,76,0.0,15.4,11,-2.938458528798787,-15.117058625094026
2015-10-14 18:00:00,22.6,80,0.0,14.4,13,-3.23929518255166,-14.030928932907386
2015-10-14 19:00:00,21.8,85,0.0,13.7,14,-3.3143299697154487,-13.293051449981151
2015-10-14 20:00:00,21.3,86,0.0,13.3,13,-2.991849022773408,-12.959121861643627
2015-10-14 21:00:00,21.3,84,0.0,13.2,11,-2.518678738970389,-12.957478821509163
2015-10-14 22:00:00,21.1,85,0.0,13.3,13,-2.991849022773408,-12.959121861643627
2015-10-14 23:00:00,21.1,85,0.0,13.5,9,-2.111865278043119,-13.333792598034359
2015-10-15 00:00:00,20.7,86,0.0,13.8,7,-1.681796938991031,-13.697136892650246
2015-10-15 01:00:00,20.5,87,0.0,14.6,9,-2.283943189587373,-14.42024977268901
2015-10-15 02:00:00,20.3,88,0.0,15.0,10,-2.6047226650039548,-14.772116295183121
2015-10-15 03:00:00,19.5,89,0.0,14.6,9,-2.283943189587373,-14.42024977268901
2015-10-15 04:00:00,19.5,87,0.0,14.1,6,-1.4738513320739124,-14.022758724692654
2015-10-15 05:00:00,19.4,86,0.0,13.7,2,-0.4781231048242604,-13.691654330161612
2015-10-15 06:00:00,19.8,84,0.0,14.8,3,-0.7745721523955758,-14.779717114367694
2015-10-15 07:00:00,20.8,82,0.0,14.4,3,-0.753637769898398,-14.380265300465863
2015-10-15 08:00:00,22.8,76,0.0,15.9,357,0.8321417042628091,-15.878209602597725
2015-10-15 09:00:00,23.8,73,0.0,16.9,358,0.5898014942722682,-16.889704976622717
2015-10-15 10:00:00,24.7,70,0.0,18.0,358,0.6281909406450195,-17.989034886343724
2015-10-15 11:00:00,25.2,68,0.0,19.4,359,0.3385766848833018,-19.39704528603399
2015-10-15 12:00:00,25.5,67,0.0,20.2,360,1.2368932671388266e-15,-20.2
2015-10-15 13:00:00,25.7,67,0.0,20.9,1,-0.36475529453922506,-20.896816828768575
2015-10-15 14:00:00,25.7,67,0.0,20.9,3,-1.0938214854775359,-20.871357276370592
2015-10-15 15:00:00,25.6,67,0.0,20.6,4,-1.4369833591289871,-20.54981943535238
2015-10-15 16:00:00,25.0,70,0.0,19.5,3,-1.020551146737414,-19.47327592771419
2015-10-15 17:00:00,24.0,73,0.0,18.4,3,-0.9629815948701752,-18.37478343948416
2015-10-15 18:00:00,23.0,76,0.0,17.3,4,-1.2067869957733726,-17.257858069494958
2015-10-15 19:00:00,22.2,81,0.0,16.6,1,-0.2897099468589061,-16.597471739596095
2015-10-15 20:00:00,21.3,85,0.0,16.2,359,0.2827289842839943,-16.197532661533536
2015-10-15 21:00:00,21.1,85,0.0,16.2,359,0.2827289842839943,-16.197532661533536
2015-10-15 22:00:00,21.1,83,0.0,15.1,360,9.246083333562517e-16,-15.1
2015-10-15 23:00:00,21.4,81,0.0,15.1,359,0.26353133720298233,-15.097700196861508
2015-10-16 00:00:00,21.6,82,0.0,14.8,356,1.0323958114130536,-14.763947943845398
2015-10-16 01:00:00,21.7,81,0.0,14.1,357,0.7379369830255099,-14.080676440039491
2015-10-16 02:00:00,21.6,83,0.0,13.7,2,-0.4781231048242604,-13.691654330161612
2015-10-16 03:00:00,21.8,80,0.0,13.8,9,-2.1587956175551883,-13.6300991002129
2015-10-16 04:00:00,21.6,81,0.0,14.0,12,-2.910763671448637,-13.694066410273278
2015-10-16 05:00:00,21.5,82,0.0,13.9,10,-2.4137096695703315,-13.688827766869691
2015-10-16 06:00:00,21.5,81,0.0,13.8,20,-4.719877977894226,-12.967758166845536
2015-10-16 07:00:00,21.9,82,0.0,11.3,17,-3.3038002633669294,-10.8062437423823
2015-10-16 08:00:00,23.5,80,0.0,12.6,3,-0.6594330486610982,-12.58273213790763
2015-10-16 09:00:00,24.5,75,0.0,14.8,360,9.062386313690414e-16,-14.8
2015-10-16 10:00:00,25.6,72,0.0,15.8,359,0.27574802170908086,-15.797593583470983
2015-10-16 11:00:00,26.4,70,0.0,18.0,358,0.6281909406450195,-17.989034886343724
2015-10-16 12:00:00,27.2,68,0.0,20.2,1,-0.35253861003312664,-20.196923442159104
2015-10-16 13:00:00,27.1,69,0.0,22.3,2,-0.778258776465767,-22.286415442525836
2015-10-16 14:00:00,27.2,69,0.0,24.9,2,-0.868997467892269,-24.884831592775484
2015-10-16 15:00:00,27.0,70,0.0,26.0,3,-1.360734862316552,-25.96436790361892
2015-10-16 16:00:00,26.1,74,0.0,24.5,3,-1.2822309279521356,-24.466423601487058
2015-10-16 17:00:00,25.3,76,0.0,22.8,5,-1.987150934646608,-22.7132391164918
2015-10-16 18:00:00,24.1,80,0.0,19.2,6,-2.0069464947389446,-19.094820391070847
2015-10-16 19:00:00,22.9,86,0.0,16.8,9,-2.6280990126758814,-16.593164121998313
2015-10-16 20:00:00,22.4,87,0.0,16.7,7,-2.0352180348659576,-16.575520732410077
2015-10-16 21:00:00,22.4,85,0.0,16.7,7,-2.0352180348659576,-16.575520732410077
2015-10-16 22:00:00,22.2,85,0.0,15.3,9,-2.393447315115535,-15.111631611105606
2015-10-16 23:00:00,21.5,87,0.0,13.2,11,-2.518678738970389,-12.957478821509163
2015-10-17 00:00:00,21.1,88,0.0,12.1,10,-2.101142949769857,-11.916173811447717
2015-10-17 01:00:00,20.9,88,0.0,12.1,10,-2.101142949769857,-11.916173811447717
2015-10-17 02:00:00,21.6,85,0.0,12.5,12,-2.5988961352219975,-12.22684500917257
2015-10-17 03:00:00,22.1,79,0.0,13.6,12,-2.8275989951215332,-13.302807369979755
2015-10-17 04:00:00,22.0,78,0.0,16.7,14,-4.040095656514452,-16.20393862880914
2015-10-17 05:00:00,21.9,76,0.0,18.7,16,-5.154418553777879,-17.975593714046564
2015-10-17 06:00:00,21.7,76,0.0,17.2,11,-3.2819147204765673,-16.883987555299818
2015-10-17 07:00:00,21.8,78,0.0,15.6,15,-4.037577103599322,-15.068442890109464
2015-10-17 08:00:00,23.4,78,0.0,16.9,12,-3.51370757482014,-16.530694452401313
2015-10-17 09:00:00,25.1,72,0.0,19.7,9,-3.081758961292551,-19.457460309724212
2015-10-17 10:00:00,26.4,68,0.0,22.1,7,-2.6933124892537528,-21.93526995127322
2015-10-17 11:00:00,27.2,66,0.0,24.5,3,-1.2822309279521356,-24.466423601487058
2015-10-17 12:00:00,27.6,64,0.0,26.7,4,-1.862497848968153,-26.634960141937306
2015-10-17 13:00:00,27.8,64,0.0,27.5,5,-2.396782925560602,-27.395354197523
2015-10-17 14:00:00,27.4,65,0.0,26.8,6,-2.80136281557311,-26.65318679586973
2015-10-17 15:00:00,27.3,66,0.0,25.7,6,-2.6863815059786913,-25.559212710964626
2015-10-17 16:00:00,26.4,70,0.0,23.5,6,-2.4564188867898538,-23.371264541154424
2015-10-17 17:00:00,25.4,73,0.0,21.0,7,-2.5592562115080906,-20.843469184467764
2015-10-17 18:00:00,24.0,78,0.0,18.5,8,-2.5747023677612177,-18.31995927171905
2015-10-17 19:00:00,23.1,83,0.0,17.9,10,-3.1083023802380527,-17.628058778918522
2015-10-17 20:00:00,22.4,85,0.0,18.7,11,-3.568128213541384,-18.356428330471317
2015-10-17 21:00:00,22.4,83,0.0,19.1,12,-3.971113294619212,-18.682619174015688
2015-10-17 22:00:00,22.2,83,0.0,19.1,11,-3.644451811692002,-18.749079203850382
2015-10-17 23:00:00,22.2,82,0.0,19.0,10,-3.2993153756716764,-18.711347307231954
2015-10-18 00:00:00,22.0,81,0.0,17.9,10,-3.1083023802380527,-17.628058778918522
2015-10-18 01:00:00,22.0,81,0.0,16.5,10,-2.8651949315043503,-16.249327924701433
2015-10-18 02:00:00,22.1,80,0.0,16.3,8,-2.2685215456490733,-16.141369520487597
2015-10-18 03:00:00,22.1,77,0.0,16.3,5,-1.4206386067868295,-16.237973578895453
2015-10-18 04:00:00,22.0,76,0.0,16.3,5,-1.4206386067868295,-16.237973578895453
2015-10-18 05:00:00,21.6,77,0.0,16.2,4,-1.1300548746548345,-16.16053761420915
2015-10-18 06:00:00,21.5,77,0.0,16.8,9,-2.6280990126758814,-16.593164121998313
2015-10-18 07:00:00,21.8,77,0.0,14.9,15,-3.8564037720275572,-14.392294811707119
2015-10-18 08:00:00,24.0,74,0.0,16.3,8,-2.2685215456490733,-16.141369520487597
2015-10-18 09:00:00,25.5,68,0.0,18.1,6,-1.891965185144526,-18.00084630616575
2015-10-18 10:00:00,26.8,65,0.0,19.8,3,-1.0362519336102973,-19.772864788140563
2015-10-18 11:00:00,27.6,63,0.0,22.7,4,-1.5834719539916506,-22.644703940898008
2015-10-18 12:00:00,28.0,62,0.0,25.2,3,-1.3188660973221964,-25.16546427581526
2015-10-18 13:00:00,28.1,63,0.0,26.6,2,-0.9283266122865202,-26.58379599870795
2015-10-18 14:00:00,28.1,64,0.0,26.7,2,-0.9318165619567703,-26.683735081409857
2015-10-18 15:00:00,27.6,68,0.0,24.5,3,-1.2822309279521356,-24.466423601487058
2015-10-18 16:00:00,27.0,72,0.0,22.0,4,-1.5346424223707626,-21.946409105716132
2015-10-18 17:00:00,26.0,75,0.0,21.6,4,-1.5067398328731125,-21.547383485612205
2015-10-18 18:00:00,25.1,77,0.0,20.5,2,-0.7154396824012657,-20.487511953891463
2015-10-18 19:00:00,24.5,79,0.0,19.5,3,-1.020551146737414,-19.47327592771419
2015-10-18 20:00:00,24.1,82,0.0,18.1,5,-1.5775189437326145,-18.031124035460596
2015-10-18 21:00:00,23.4,86,0.0,17.7,5,-1.542656646633551,-17.632646156223895
2015-10-18 22:00:00,23.1,87,0.0,16.2,4,-1.1300548746548345,-16.16053761420915
2015-10-18 23:00:00,23.1,86,0.0,14.8,3,-0.7745721523955758,-14.779717114367694
2015-10-19 00:00:00,23.1,86,0.0,13.0,354,1.358870022479495,-12.928784639787553
2015-10-19 01:00:00,23.1,86,0.0,10.8,358,0.3769145643870117,-10.793420931806235
2015-10-19 02:00:00,23.4,85,0.0,9.4,360,5.755839955992561e-16,-9.4
2015-10-19 03:00:00,23.8,84,0.0,10.1,4,-0.7045403848156684,-10.075396907624224
2015-10-19 04:00:00,23.8,83,0.0,13.4,8,-1.864919552864882,-13.269592121137041
2015-10-19 05:00:00,23.2,86,0.0,13.3,13,-2.991849022773408,-12.959121861643627
2015-10-19 06:00:00,23.3,85,0.0,15.0,11,-2.8621349306481694,-14.72440775171496
2015-10-19 07:00:00,23.3,86,0.0,13.1,9,-2.0492914920270264,-12.938717261796302
2015-10-19 08:00:00,25.4,81,0.0,14.8,4,-1.0323958114130587,-14.763947943845398
2015-10-19 09:00:00,26.6,77,0.0,15.2,7,-1.8524140197582368,-15.086701504948095
2015-10-19 10:00:00,27.7,74,0.0,15.9,5,-1.3857763096877662,-15.839495699658755
2015-10-19 11:00:00,28.7,70,0.0,17.6,360,1.077689183249671e-15,-17.6
2015-10-19 12:00:00,29.2,69,0.0,20.5,357,1.0728871029803513,-20.471905462468765
2015-10-19 13:00:00,28.9,70,0.0,22.0,358,0.7677889274550238,-21.986598194420107
2015-10-19 14:00:00,28.5,71,0.0,23.8,357,1.2455957585820665,-23.76738292715886
2015-10-19 15:00:00,27.7,74,0.0,22.7,3,-1.1880262067148357,-22.668890438928827
2015-10-19 16:00:00,27.0,78,0.0,20.2,4,-1.4090807696313368,-20.15079381524845
2015-10-19 17:00:00,26.4,80,0.0,19.1,4,-1.3323486485127987,-19.053473359962645
2015-10-19 18:00:00,25.6,82,0.0,16.9,359,0.29494566879009276,-16.89742604814301
2015-10-19 19:00:00,24.9,85,0.0,16.9,1,-0.2949456687900911,-16.89742604814301
2015-10-19 20:00:00,24.3,88,0.0,14.8,1,-0.2582956152717958,-14.79774588831459
2015-10-19 21:00:00,23.9,90,0.0,12.2,2,-0.42577385977050924,-12.192568089632967
2015-10-19 22:00:00,23.9,89,0.0,11.2,356,0.7812725059342026,-11.17271736291003
2015-10-19 23:00:00,23.9,88,0.0,8.3,358,0.289665822630759,-8.294943864258496
2015-10-20 00:00:00,23.2,91,0.0,6.1,3,-0.31924933308196024,-6.0916401620029
2015-10-20 01:00:00,23.1,92,0.0,2.6,34,-1.453901549023941,-2.1554976886431088
2015-10-20 02:00:00,23.7,89,0.0,2.5,135,-1.7677669529663687,1.7677669529663689
2015-10-20 03:00:00,22.9,93,1.1,3.1,159,-1.1109406435904308,2.8940993221413254
2015-10-20 04:00:00,24.0,90,0.7000000000000001,2.9,173,-0.35342109587492737,2.878383839759834
2015-10-20 05:00:00,24.4,88,1.0,0.8,153,-0.36319239979163737,0.7128052193506944
2015-10-20 06:00:00,23.8,90,1.0,2.8,40,-1.7998053071223103,-2.144924440733138
2015-10-20 07:00:00,24.1,90,0.9,4.3,5,-0.37476969381493047,-4.283637201794505
2015-10-20 08:00:00,23.9,94,0.9,3.3,347,0.7423384793347542,-3.2154212137912763
2015-10-20 09:00:00,24.6,93,0.9,3.7,29,-1.7937955949114464,-3.2360929164157652
2015-10-20 10:00:00,24.8,93,0.9,3.0,14,-0.7257656867990033,-2.9108871788279895
2015-10-20 11:00:00,25.1,92,0.9,4.0,350,0.6945927106677217,-3.939231012048832
2015-10-20 12:00:00,25.3,91,0.7000000000000001,6.8,357,0.35588450245201897,-6.790680836331102
2015-10-20 13:00:00,25.2,91,0.9,8.3,2,-0.28966582263075635,-8.294943864258496
2015-10-20 14:00:00,25.1,92,1.0,9.5,11,-1.812685456077174,-9.325458242752807
2015-10-20 15:00:00,25.5,91,1.1,10.9,6,-1.1393602496174215,-10.840288659514181
2015-10-20 16:00:00,25.3,93,0.6,9.9,10,-1.7191169589026103,-9.74959675482086
2015-10-20 17:00:00,24.9,94,0.3,11.7,9,-1.830283240970703,-11.55595358496311
2015-10-20 18:00:00,24.4,95,0.3,10.1,358,0.3524849166952609,-10.093847352892867
2015-10-20 19:00:00,24.4,92,0.3,10.6,10,-1.8406706832694615,-10.438962181929405
2015-10-20 20:00:00,25.0,88,0.4,9.8,6,-1.024378940023003,-9.74631457460908
2015-10-20 21:00:00,24.7,89,0.6,8.6,2,-0.3001356716415065,-8.594761112364223
2015-10-20 22:00:00,24.3,91,0.9,10.1,4,-0.7045403848156684,-10.075396907624224
2015-10-20 23:00:00,24.3,90,1.1,10.9,9,-1.7051356689385184,-10.765802912487
2015-10-21 00:00:00,24.4,89,1.1,9.0,16,-2.4807362023529897,-8.651355263444872
2015-10-21 01:00:00,24.6,88,0.8,6.2,7,-0.7555899291119125,-6.153786140176197
2015-10-21 02:00:00,24.3,89,0.5,8.8,12,-1.8296228791962863,-8.60769888645749
2015-10-21 03:00:00,24.0,89,0.3,10.6,10,-1.8406706832694615,-10.438962181929405
2015-10-21 04:00:00,23.5,92,0.2,10.1,2,-0.35248491669525767,-10.093847352892867
2015-10-21 05:00:00,23.1,93,0.2,10.5,6,-1.0975488643103604,-10.442479901366871
2015-10-21 06:00:00,23.2,92,0.2,12.2,14,-2.951447126315947,-11.837607860567156
2015-10-21 07:00:00,23.7,90,0.1,11.5,32,-6.094071538681858,-9.7525531057989
2015-10-21 08:00:00,23.8,93,0.0,8.1,13,-1.8221035401853085,-7.892397524760404
2015-10-21 09:00:00,24.6,91,0.0,10.8,356,0.7533699164365526,-10.773691742806102
2015-10-21 10:00:00,24.9,90,0.1,12.2,2,-0.42577385977050924,-12.192568089632967
2015-10-21 11:00:00,25.2,89,0.1,13.8,7,-1.681796938991031,-13.697136892650246
2015-10-21 12:00:00,25.1,89,0.2,13.9,10,-2.4137096695703315,-13.688827766869691
2015-10-21 13:00:00,25.0,89,0.2,14.8,13,-3.3292756042892058,-14.420676958821481
2015-10-21 14:00:00,24.8,90,0.2,14.3,12,-2.973137178693965,-13.987510690493421
2015-10-21 15:00:00,25.3,87,0.3,12.8,10,-2.2226966741367082,-12.605539238556263
2015-10-21 16:00:00,24.9,89,0.3,11.3,9,-1.7677094549546108,-11.160878248725057
2015-10-21 17:00:00,24.4,92,0.2,10.5,6,-1.0975488643103604,-10.442479901366871
2015-10-21 18:00:00,23.8,93,0.0,8.3,360,5.082284216461516e-16,-8.3
2015-10-21 19:00:00,23.5,94,0.0,11.3,7,-1.3771235804781632,-11.21577151354694
2015-10-21 20:00:00,23.7,92,0.0,12.5,12,-2.5988961352219975,-12.22684500917257
2015-10-21 21:00:00,23.3,94,0.1,12.1,10,-2.101142949769857,-11.916173811447717
2015-10-21 22:00:00,23.2,94,0.2,11.6,5,-1.0110066158728357,-11.555858497864248
2015-10-21 23:00:00,23.0,95,0.3,11.5,4,-0.8021994480574441,-11.471986577987979
2015-10-22 00:00:00,23.0,95,0.4,11.9,5,-1.0371533386971332,-11.854716907291772
2015-10-22 01:00:00,22.9,95,0.6,10.9,8,-1.5169868004647176,-10.793921949283115
2015-10-22 02:00:00,22.8,96,0.5,7.2,6,-0.7526049355271042,-7.160557646651569
2015-10-22 03:00:00,22.8,93,1.4,5.2,12,-1.0811407922523508,-5.086367523815789
2015-10-22 04:00:00,22.7,94,1.6,4.1,15,-1.0611580849203346,-3.96029588778518
2015-10-22 05:00:00,22.7,94,1.6,4.9,17,-1.4326213531414118,-4.685893304218873
2015-10-22 06:00:00,23.3,90,1.6,6.1,28,-2.8637765329939335,-5.385980316439454
2015-10-22 07:00:00,24.0,86,1.2,9.0,23,-3.5165801564034647,-8.284543681071963
2015-10-22 08:00:00,23.6,93,0.9,8.4,25,-3.549993398621873,-7.612985411107861
2015-10-22 09:00:00,24.3,89,0.8,8.7,24,-3.5386087947594604,-7.947845481490628
2015-10-22 10:00:00,24.5,90,0.4,9.1,18,-2.8120546488120226,-8.654614298285896
2015-10-22 11:00:00,24.5,89,0.2,11.4,11,-2.1752225472926088,-11.19054989130337
2015-10-22 12:00:00,24.8,88,0.0,12.4,8,-1.7257464519048162,-12.279324052395472
2015-10-22 13:00:00,24.8,87,0.0,12.8,11,-2.442355140819771,-12.5648279481301
2015-10-22 14:00:00,24.7,88,0.1,11.3,9,-1.7677094549546108,-11.160878248725057
2015-10-22 15:00:00,25.1,87,0.1,12.4,8,-1.7257464519048162,-12.279324052395472
2015-10-22 16:00:00,24.7,89,0.1,13.1,9,-2.0492914920270264,-12.938717261796302
2015-10-22 17:00:00,24.4,91,0.2,13.4,8,-1.864919552864882,-13.269592121137041
2015-10-22 18:00:00,23.6,93,0.1,15.0,10,-2.6047226650039548,-14.772116295183121
2015-10-22 19:00:00,23.1,94,0.0,14.7,11,-2.8048922320352054,-14.42991959668066
2015-10-22 20:00:00,23.2,92,0.0,15.6,8,-2.171100374977027,-15.448181872368496
2015-10-22 21:00:00,23.1,92,0.0,16.3,6,-1.70381395126275,-16.210706894502856
2015-10-22 22:00:00,22.8,92,0.0,17.3,5,-1.5077943495344879,-17.234168276987198
2015-10-22 23:00:00,22.8,92,0.0,17.0,6,-1.776983875550107,-16.90687222126065
2015-10-23 00:00:00,23.0,90,0.0,16.3,8,-2.2685215456490733,-16.141369520487597
2015-10-23 01:00:00,23.1,89,0.0,15.9,13,-3.576721764067458,-15.492484030085238
2015-10-23 02:00:00,22.8,90,0.0,15.5,18,-4.789763412811687,-14.74137600257488
2015-10-23 03:00:00,22.2,92,0.0,15.7,16,-4.327506486326882,-15.091808626231607
2015-10-23 04:00:00,22.0,91,0.0,15.5,13,-3.4867413423299114,-15.102736004171145
2015-10-23 05:00:00,22.0,90,0.0,15.7,9,-2.4560211011316273,-15.50670694734366
2015-10-23 06:00:00,21.9,90,0.0,14.8,13,-3.3292756042892058,-14.420676958821481
2015-10-23 07:00:00,22.3,91,0.0,15.4,11,-2.938458528798787,-15.117058625094026
2015-10-23 08:00:00,24.7,83,0.0,17.9,9,-2.8001769242201355,-17.679621296652964
2015-10-23 09:00:00,25.2,81,0.0,19.7,9,-3.081758961292551,-19.457460309724212
2015-10-23 10:00:00,26.0,79,0.0,20.7,7,-2.5226954084865465,-20.545705338975367
2015-10-23 11:00:00,26.7,78,0.0,22.1,7,-2.6933124892537528,-21.93526995127322
2015-10-23 12:00:00,27.0,77,0.0,22.0,3,-1.1513910373447747,-21.969849764600625
2015-10-23 13:00:00,27.4,76,0.0,22.0,1,-0.38395294162023696,-21.99664929344061
2015-10-23 14:00:00,27.4,76,0.0,22.0,1,-0.38395294162023696,-21.99664929344061
2015-10-23 15:00:00,26.4,81,0.0,20.9,2,-0.7293994810822658,-20.8872682846991
2015-10-23 16:00:00,25.8,84,0.0,18.7,2,-0.6526205883367642,-18.68860846525709
2015-10-23 17:00:00,25.2,86,0.0,16.2,3,-0.8478424911356978,-16.177798463024097
2015-10-23 18:00:00,24.3,89,0.0,15.9,3,-0.8321417042628145,-15.878209602597725
2015-10-23 19:00:00,23.7,92,0.0,14.5,6,-1.5156627173809738,-14.420567482839964
2015-10-23 20:00:00,23.1,95,0.0,14.4,3,-0.753637769898398,-14.380265300465863
2015-10-23 21:00:00,23.0,93,0.0,14.4,1,-0.25131465269688236,-14.397806810252035
2015-10-23 22:00:00,23.8,89,0.0,13.3,2,-0.4641633061432601,-13.291897999353974
2015-10-23 23:00:00,23.7,89,0.0,13.7,2,-0.4781231048242604,-13.691654330161612
2015-10-24 00:00:00,23.6,88,0.0,12.2,358,0.42577385977051313,-12.192568089632967
2015-10-24 01:00:00,23.5,88,0.0,10.8,358,0.3769145643870117,-10.793420931806235
2015-10-24 02:00:00,23.4,87,0.0,11.9,3,-0.6227978792910372,-11.88369146357943
2015-10-24 03:00:00,22.8,91,0.0,12.2,14,-2.951447126315947,-11.837607860567156
2015-10-24 04:00:00,22.6,89,0.0,12.2,19,-3.971931484377311,-11.535326622311665
2015-10-24 05:00:00,22.1,90,0.0,11.6,22,-4.3454364836245825,-10.755332712974733
2015-10-24 06:00:00,22.2,88,0.0,9.2,42,-6.1560015785014945,-6.8369323943920275
2015-10-24 07:00:00,22.3,89,0.0,9.7,39,-6.104407793183427,-7.538315826132614
2015-10-24 08:00:00,24.6,84,0.0,10.3,25,-4.352968095929202,-9.334970206477497
2015-10-24 09:00:00,25.4,83,0.0,11.8,20,-4.0358376912428895,-11.08837292527372
2015-10-24 10:00:00,26.3,80,0.0,11.8,12,-2.453357951649566,-11.542141688658907
2015-10-24 11:00:00,27.0,78,0.0,14.2,7,-1.7305446763530898,-14.094155353306773
2015-10-24 12:00:00,27.2,77,0.0,15.9,4,-1.1091279325315968,-15.861268399131205
2015-10-24 13:00:00,27.6,76,0.0,16.2,4,-1.1300548746548345,-16.16053761420915
2015-10-24 14:00:00,27.4,77,0.0,14.8,6,-1.5470212563612697,-14.718924051450447
2015-10-24 15:00:00,26.9,79,0.0,14.1,6,-1.4738513320739124,-14.022758724692654
2015-10-24 16:00:00,26.5,81,0.0,11.7,11,-2.232465245905572,-11.485038046337667
2015-10-24 17:00:00,25.6,85,0.1,9.2,11,-1.7554427574642102,-9.030970087718508
2015-10-24 18:00:00,24.9,89,0.1,10.2,10,-1.7712114122026892,-10.045039080724521
2015-10-24 19:00:00,24.5,90,0.0,6.9,6,-0.7212463965468082,-6.862201078041087
2015-10-24 20:00:00,24.5,88,0.0,6.9,6,-0.7212463965468082,-6.862201078041087
2015-10-24 21:00:00,24.3,89,0.0,8.8,12,-1.8296228791962863,-8.60769888645749
2015-10-24 22:00:00,24.1,89,0.0,9.3,28,-4.366085533908785,-8.211412613588022
2015-10-24 23:00:00,23.9,89,0.0,10.0,26,-4.383711467890778,-8.987940462991668
2015-10-25 00:00:00,23.8,88,0.0,11.1,25,-4.691062705321761,-10.060016436106816
2015-10-25 01:00:00,23.8,87,0.0,10.7,20,-3.6596155335846534,-10.05471104240922
2015-10-25 02:00:00,23.6,87,0.0,10.5,16,-2.894192236078488,-10.09324780735235
2015-10-25 03:00:00,23.8,84,0.0,10.3,12,-2.141490415422926,-10.074920287558198
2015-10-25 04:00:00,23.7,85,0.0,9.2,11,-1.7554427574642102,-9.030970087718508
2015-10-25 05:00:00,23.6,85,0.0,10.2,10,-1.7712114122026892,-10.045039080724521
2015-10-25 06:00:00,23.4,86,0.0,12.0,16,-3.3076482698039866,-11.535140351259829
2015-10-25 07:00:00,23.6,87,0.0,11.3,17,-3.3038002633669294,-10.8062437423823
2015-10-25 08:00:00,24.6,88,0.0,12.4,10,-2.1532374030699364,-12.21161613735138
2015-10-25 09:00:00,25.6,85,0.0,13.4,6,-1.400681407786555,-13.326593397934865
2015-10-25 10:00:00,26.5,81,0.0,14.4,3,-0.753637769898398,-14.380265300465863
2015-10-25 11:00:00,27.3,77,0.0,15.5,360,9.491012693391988e-16,-15.5
2015-10-25 12:00:00,27.8,75,0.0,16.2,359,0.2827289842839943,-16.197532661533536
2015-10-25 13:00:00,27.6,77,0.0,17.6,359,0.30716235329619135,-17.59731943475249
2015-10-25 14:00:00,27.4,77,0.0,17.6,360,1.077689183249671e-15,-17.6
2015-10-25 15:00:00,27.2,79,0.0,17.3,2,-0.6037612929532632,-17.289461307430358
2015-10-25 16:00:00,26.7,81,0.0,15.5,3,-0.8112073217656367,-15.478757788695894
2015-10-25 17:00:00,25.7,84,0.0,12.3,3,-0.643732261788215,-12.283143277481258
2015-10-25 18:00:00,24.8,88,0.0,11.5,4,-0.8021994480574441,-11.471986577987979
2015-10-25 19:00:00,23.7,93,0.0,11.6,5,-1.0110066158728357,-11.555858497864248
2015-10-25 20:00:00,24.3,88,0.0,11.5,4,-0.8021994480574441,-11.471986577987979
2015-10-25 21:00:00,24.0,89,0.0,10.9,6,-1.1393602496174215,-10.840288659514181
2015-10-25 22:00:00,24.0,88,0.0,10.0,15,-2.5881904510252065,-9.659258262890683
2015-10-25 23:00:00,23.8,89,0.0,8.9,14,-2.1531048708370433,-8.635631963856369
2015-10-26 00:00:00,23.7,89,0.1,8.7,7,-1.0602632876247804,-8.635151519279502
2015-10-26 01:00:00,23.5,90,0.1,7.6,352,1.0577155672964975,-7.5260373224359345
2015-10-26 02:00:00,23.4,90,0.0,6.2,7,-0.7555899291119125,-6.153786140176197
2015-10-26 03:00:00,23.4,89,0.0,6.5,19,-2.116193003971518,-6.1458707413955596
2015-10-26 04:00:00,23.7,88,0.0,5.6,15,-1.4493866525741155,-5.4091846272187825
2015-10-26 05:00:00,23.7,88,0.0,5.1,352,0.7097828148963339,-5.050367150582009
2015-10-26 06:00:00,23.7,88,0.0,7.1,15,-1.8376152202278964,-6.858073366652385
2015-10-26 07:00:00,23.3,91,0.0,6.9,28,-3.239353783222646,-6.092338390726597
2015-10-26 08:00:00,24.7,87,0.0,7.1,15,-1.8376152202278964,-6.858073366652385
2015-10-26 09:00:00,25.5,84,0.0,6.5,6,-0.6794350112397468,-6.464392319893777
2015-10-26 10:00:00,26.5,79,0.0,6.4,344,1.7640790772287946,-6.1520748540052415
2015-10-26 11:00:00,26.7,78,0.0,7.4,321,4.656970893768798,-5.750880114781585
2015-10-26 12:00:00,26.1,81,0.3,6.6,311,4.981083229470295,-4.329989591337347
2015-10-26 13:00:00,25.9,83,0.6,4.1,315,2.899137802864845,-2.8991378028648445
2015-10-26 14:00:00,25.9,84,1.0,1.8,307,1.437543918085127,-1.083267041673687
2015-10-26 15:00:00,25.9,82,0.4,1.1,270,1.1,0.0
2015-10-26 16:00:00,25.7,83,0.3,1.3,304,1.0777488443215542,-0.726950774511971
2015-10-26 17:00:00,25.3,85,0.0,1.3,304,1.0777488443215542,-0.726950774511971
2015-10-26 18:00:00,24.5,89,0.0,0.7000000000000001,270,0.7000000000000001,0.0
2015-10-26 19:00:00,23.6,93,0.0,1.8,169,-0.34345619167778063,1.7669289302057951
2015-10-26 20:00:00,22.8,94,0.0,3.7,169,-0.7059932828932158,3.632020578756357
2015-10-26 21:00:00,22.0,95,0.0,5.1,176,-0.35575801609503915,5.087576656325103
2015-10-26 22:00:00,22.1,95,0.0,6.5,177,-0.34018371557913496,6.49109197590473
2015-10-26 23:00:00,22.2,95,0.0,7.3,189,1.1419715947936857,7.210124886344506
2015-10-27 00:00:00,22.2,95,0.1,6.5,199,2.116193003971519,6.145870741395559
2015-10-27 01:00:00,22.2,95,0.0,5.8,202,2.1727182418122895,5.377666356487367
2015-10-27 02:00:00,22.3,95,0.0,5.1,184,0.35575801609503865,5.087576656325103
2015-10-27 03:00:00,21.3,94,0.0,4.0,175,-0.34862297099063294,3.984778792366982
2015-10-27 04:00:00,21.1,94,0.0,2.6,164,-0.7166571251241975,2.499280409439629
2015-10-27 05:00:00,21.4,92,0.0,0.4,270,0.4,0.0
2015-10-27 06:00:00,21.3,92,0.0,2.5,172,-0.3479327524001634,2.475670171853926
2015-10-27 07:00:00,21.6,93,0.0,1.8,143,-1.0832670416736871,1.4375439180851268
2015-10-27 08:00:00,23.9,87,0.0,2.2,180,1.3471114790620887e-16,2.2
2015-10-27 09:00:00,25.1,79,0.0,3.1,201,1.1109406435904312,2.8940993221413254
2015-10-27 10:00:00,25.9,76,0.0,3.6,217,2.1665340833473743,2.875087836170254
2015-10-27 11:00:00,26.8,72,0.0,4.3,246,3.9282454678631837,1.7489675652259409
2015-10-27 12:00:00,27.3,70,0.0,6.1,270,6.1,0.0
2015-10-27 13:00:00,27.4,69,0.0,7.4,284,7.180188374442374,-1.7902220274375413
2015-10-27 14:00:00,27.4,69,0.0,8.3,288,7.893769085249775,-2.5648410533120636
2015-10-27 15:00:00,27.3,70,0.0,8.2,299,7.171881598543044,-3.9754388860199636
2015-10-27 16:00:00,26.6,74,0.0,7.6,315,5.374011537017761,-5.37401153701776
2015-10-27 17:00:00,25.7,79,0.0,6.2,324,3.6442685642133337,-5.0159053651246746
2015-10-27 18:00:00,24.5,87,0.0,7.7,323,4.633975678270772,-6.149493427364155
2015-10-27 19:00:00,23.3,92,0.0,8.8,341,2.8649997592229797,-8.320563465273988
2015-10-27 20:00:00,22.6,94,0.0,9.2,11,-1.7554427574642102,-9.030970087718508
2015-10-27 21:00:00,22.8,93,0.0,10.0,26,-4.383711467890778,-8.987940462991668
2015-10-27 22:00:00,23.3,92,0.0,7.7,37,-4.6339756782707715,-6.149493427364155
2015-10-27 23:00:00,23.2,93,0.0,6.2,36,-3.644268564213334,-5.015905365124674
2015-10-28 00:00:00,23.3,92,0.0,6.8,18,-2.1013155617496433,-6.467184310807044
2015-10-28 01:00:00,23.1,93,0.0,8.1,13,-1.8221035401853085,-7.892397524760404
2015-10-28 02:00:00,23.1,94,0.0,8.2,15,-2.122316169840669,-7.92059177557036
2015-10-28 03:00:00,20.2,98,0.0,7.1,24,-2.8878301658381806,-6.486172749262467
2015-10-28 04:00:00,20.1,97,0.0,5.5,32,-2.9145559532826275,-4.664264528860342
2015-10-28 05:00:00,19.6,97,0.0,4.1,38,-2.524212048835198,-3.2308440897875603
2015-10-28 06:00:00,19.3,96,0.0,5.1,39,-3.2095339943541727,-3.96344440343055
2015-10-28 07:00:00,20.5,96,0.0,5.6,45,-3.9597979746446668,-3.9597979746446654
2015-10-28 08:00:00,23.8,85,0.0,5.4,48,-4.012982057577929,-3.6133052743378347
2015-10-28 09:00:00,25.3,80,0.0,2.4,63,-2.138415658052083,-1.089577199374912
2015-10-28 10:00:00,26.2,77,0.0,0.7000000000000001,270,0.7000000000000001,0.0
2015-10-28 11:00:00,26.8,76,0.0,3.2,297,2.8512208774027776,-1.4527695991665497
2015-10-28 12:00:00,27.2,75,0.0,5.6,315,3.9597979746446663,-3.9597979746446654
2015-10-28 13:00:00,27.4,75,0.0,7.9,321,4.971631089293717,-6.139453095510071
2015-10-28 14:00:00,27.2,75,0.0,9.0,331,4.363286582217034,-7.871577364254562
2015-10-28 15:00:00,26.5,78,0.0,8.4,350,1.4586446924022156,-8.272385125302547
2015-10-28 16:00:00,26.4,77,0.0,8.0,5,-0.697245941981266,-7.969557584733964
2015-10-28 17:00:00,25.8,80,0.0,7.6,19,-2.4743179738743906,-7.185941174554808
2015-10-28 18:00:00,24.9,84,0.0,7.1,30,-3.550000000000003,-6.148780366869512
2015-10-28 19:00:00,24.7,83,0.0,5.4,42,-3.613305274337834,-4.01298205757793
2015-10-28 20:00:00,24.4,84,0.0,4.5,29,-2.1816432911085157,-3.935788682127282
2015-10-28 21:00:00,24.1,85,0.0,4.2,20,-1.436484601967808,-3.9467090073008158
2015-10-28 22:00:00,23.7,86,0.0,4.5,14,-1.088648530198505,-4.366330768241984
2015-10-28 23:00:00,23.3,88,0.0,6.5,3,-0.340183715579138,-6.49109197590473
2015-10-29 00:00:00,23.1,89,0.0,7.2,354,0.752604935527105,-7.160557646651568
2015-10-29 01:00:00,22.8,91,0.0,6.5,360,3.9801020972288977e-16,-6.5
2015-10-29 02:00:00,22.4,90,0.0,5.6,27,-2.5423467985414625,-4.989636535454859
2015-10-29 03:00:00,22.5,90,0.0,4.8,48,-3.5670951622914924,-3.2118269105225195
2015-10-29 04:00:00,22.3,89,0.0,4.3,48,-3.195522749552795,-2.8772616073430903
2015-10-29 05:00:00,22.6,87,0.0,3.8,41,-2.4930243101639276,-2.8678964048465336
2015-10-29 06:00:00,22.5,86,0.0,3.4,32,-1.801725498392897,-2.883363526931848
2015-10-29 07:00:00,22.2,87,0.0,3.8,41,-2.4930243101639276,-2.8678964048465336
2015-10-29 08:00:00,24.2,86,0.0,2.5,45,-1.7677669529663693,-1.7677669529663687
2015-10-29 09:00:00,25.5,82,0.0,1.4,360,8.572527594031472e-17,-1.4
2015-10-29 10:00:00,26.2,79,0.0,2.9,300,2.511473670974872,-1.4499999999999997
2015-10-29 11:00:00,26.8,76,0.0,6.3,301,5.400153994423308,-3.244739871933341
2015-10-29 12:00:00,26.9,76,0.0,8.6,303,7.212566884330647,-4.683895701129233
2015-10-29 13:00:00,26.9,76,0.0,10.8,307,8.625263508510763,-6.4996022500421216
2015-10-29 14:00:00,26.6,76,0.0,11.5,316,7.988571260278468,-8.272407703894487
2015-10-29 15:00:00,26.2,78,0.0,9.5,323,5.717242719944459,-7.587037345449282
2015-10-29 16:00:00,25.8,81,0.0,8.4,335,3.5499933986218752,-7.61298541110786
2015-10-29 17:00:00,25.2,83,0.0,6.6,347,1.4846769586695083,-6.430842427582553
2015-10-29 18:00:00,24.2,88,0.1,7.6,360,4.653657836759942e-16,-7.6
2015-10-29 19:00:00,23.2,94,0.0,8.0,27,-3.6319239979163753,-7.128052193506942
2015-10-29 20:00:00,22.4,95,0.0,6.9,47,-5.0463405411722775,-4.705788684431239
2015-10-29 21:00:00,22.5,93,0.0,5.4,53,-4.312631754255381,-3.2498011250210617
2015-10-29 22:00:00,22.5,92,0.0,4.8,48,-3.5670951622914924,-3.2118269105225195
2015-10-29 23:00:00,21.3,95,0.0,4.4,55,-3.604268994871564,-2.5237363199446032
2015-10-30 00:00:00,20.2,96,0.0,3.6,84,-3.580278823325784,-0.3763024677635526
2015-10-30 01:00:00,19.7,96,0.0,2.9,83,-2.878383839759834,-0.3534210958749272
2015-10-30 02:00:00,19.3,96,0.0,3.0,76,-2.9108871788279895,-0.7257656867990026
2015-10-30 03:00:00,18.7,97,0.0,3.6,90,-3.6,4.4087284769304716e-16
2015-10-30 04:00:00,18.3,96,0.0,2.5,90,-2.5,3.061616997868383e-16
2015-10-30 05:00:00,18.0,96,0.0,2.1,59,-1.800051331474436,-1.0815799573111138
2015-10-30 06:00:00,17.7,98,0.0,2.3,39,-1.447436899414627,-1.7874357113510322
2015-10-30 07:00:00,18.8,98,0.0,3.6,45,-2.545584412271572,-2.545584412271571
2015-10-30 08:00:00,23.1,86,0.0,3.1,45,-2.192031021678298,-2.192031021678297
2015-10-30 09:00:00,25.2,76,0.0,5.5,11,-1.0494494745709955,-5.3989495089621515
2015-10-30 10:00:00,26.2,74,0.0,8.3,2,-0.28966582263075635,-8.294943864258496
2015-10-30 11:00:00,26.8,73,0.0,11.2,358,0.3908743630680121,-11.193177262613872
2015-10-30 12:00:00,27.1,71,0.0,14.1,356,0.9835662797921657,-14.06565310866352
2015-10-30 13:00:00,26.8,73,0.0,15.9,356,1.1091279325315913,-15.861268399131205
2015-10-30 14:00:00,26.7,74,0.0,18.0,360,1.102182119232618e-15,-18.0
2015-10-30 15:00:00,26.2,77,0.0,20.6,5,-1.79540830060176,-20.521610780689958
2015-10-30 16:00:00,25.4,81,0.0,19.4,10,-3.3687746467384483,-19.105270408436834
2015-10-30 17:00:00,24.3,85,0.0,18.2,9,-2.847107263732205,-17.975927798831506
2015-10-30 18:00:00,23.4,88,0.0,18.8,4,-1.311421706389561,-18.754204144884696
2015-10-30 19:00:00,22.8,90,0.0,18.6,15,-4.814034238906884,-17.96622036897667
2015-10-30 20:00:00,22.0,93,0.0,16.2,13,-3.644207080370617,-15.784795049520808
2015-10-30 21:00:00,22.4,90,0.0,16.1,10,-2.7957356604375785,-15.855404823496551
2015-10-30 22:00:00,22.4,88,0.0,16.5,11,-3.148348423712986,-16.196848526886455
2015-10-30 23:00:00,22.7,86,0.0,15.7,16,-4.327506486326882,-15.091808626231607
2015-10-31 00:00:00,22.6,86,0.0,15.5,18,-4.789763412811687,-14.74137600257488
2015-10-31 01:00:00,22.5,85,0.0,14.8,18,-4.573451516749224,-14.075636441168273
2015-10-31 02:00:00,22.5,84,0.0,16.1,20,-5.506524307543264,-15.129051194653128
2015-10-31 03:00:00,22.3,81,0.0,15.4,21,-5.518866422997631,-14.377138568056905
2015-10-31 04:00:00,21.7,82,0.0,15.6,19,-5.078863209531644,-14.750089779349343
2015-10-31 05:00:00,20.8,85,0.0,15.9,18,-4.913370210561666,-15.121798609092941
2015-10-31 06:00:00,19.7,88,0.0,15.3,24,-6.223070639059742,-13.977245501931796
2015-10-31 07:00:00,20.0,91,0.0,14.0,18,-4.326237921249266,-13.31479122813215
2015-10-31 08:00:00,23.3,84,0.0,15.2,14,-3.67721281311495,-14.748495039395145
2015-10-31 09:00:00,24.9,77,0.0,17.0,13,-3.8241679238457094,-16.564291101348996
2015-10-31 10:00:00,25.9,74,0.0,19.8,10,-3.4382339178052206,-19.49919350964172
2015-10-31 11:00:00,26.5,72,0.0,21.8,9,-3.410271337877037,-21.531605824974
2015-10-31 12:00:00,26.7,71,0.0,24.3,8,-3.3819063533295997,-24.063514070420158
2015-10-31 13:00:00,26.8,71,0.0,23.7,14,-5.733548925712126,-22.996008712741116
2015-10-31 14:00:00,26.6,72,0.0,21.0,12,-4.366145507172956,-20.541099615409916
2015-10-31 15:00:00,26.2,74,0.0,22.2,8,-3.089642841313461,-21.98395112606286
2015-10-31 16:00:00,25.4,78,0.0,22.4,6,-2.341437577195435,-22.27729045624932
2015-10-31 17:00:00,24.2,81,0.0,20.7,7,-2.5226954084865465,-20.545705338975367
2015-10-31 18:00:00,23.1,85,0.0,18.4,11,-3.5108855149284204,-18.061940175437016
2015-10-31 19:00:00,22.3,90,0.0,15.7,11,-2.9957012274117503,-15.411546780128324
2015-10-31 20:00:00,22.6,84,0.0,15.9,6,-1.6620025659556885,-15.812898136355548
2015-10-31 21:00:00,22.1,86,0.0,15.2,7,-1.8524140197582368,-15.086701504948095
2015-10-31 22:00:00,21.8,86,0.0,15.0,10,-2.6047226650039548,-14.772116295183121
2015-10-31 23:00:00,21.7,86,0.0,14.8,13,-3.3292756042892058,-14.420676958821481
2015-11-01 00:00:00,21.5,86,0.0,15.1,12,-3.1394665313481727,-14.770028771080463
2015-11-01 01:00:00,21.4,86,0.0,14.6,10,-2.535263393937183,-14.378193193978237
2015-11-01 02:00:00,21.4,85,0.0,15.0,11,-2.8621349306481694,-14.72440775171496
2015-11-01 03:00:00,22.1,82,0.0,14.3,10,-2.483168940637104,-14.082750868074575
2015-11-01 04:00:00,22.0,82,0.0,14.7,11,-2.8048922320352054,-14.42991959668066
2015-11-01 05:00:00,22.0,82,0.0,14.2,16,-3.914050452601384,-13.649916082324129
2015-11-01 06:00:00,21.9,82,0.0,14.3,12,-2.973137178693965,-13.987510690493421
2015-11-01 07:00:00,21.6,83,0.0,11.8,20,-4.0358376912428895,-11.08837292527372
2015-11-01 08:00:00,23.2,83,0.0,12.2,14,-2.951447126315947,-11.837607860567156
2015-11-01 09:00:00,24.6,78,0.0,13.6,11,-2.5950023371210067,-13.35012969488823
2015-11-01 10:00:00,25.6,76,0.0,14.6,9,-2.283943189587373,-14.42024977268901
2015-11-01 11:00:00,26.2,72,0.0,15.9,6,-1.6620025659556885,-15.812898136355548
2015-11-01 12:00:00,26.1,73,0.0,19.4,360,1.1879073951729326e-15,-19.4
2015-11-01 13:00:00,25.6,75,0.0,23.0,1,-0.40140534805752043,-22.996496988597
2015-11-01 14:00:00,25.3,76,0.0,22.7,10,-3.9418136330393185,-22.35513599337712
2015-11-01 15:00:00,24.6,78,0.0,22.4,6,-2.341437577195435,-22.27729045624932
2015-11-01 16:00:00,24.1,80,0.0,22.0,3,-1.1513910373447747,-21.969849764600625
2015-11-01 17:00:00,23.1,83,0.0,22.0,4,-1.5346424223707626,-21.946409105716132
2015-11-01 18:00:00,22.2,86,0.0,20.1,9,-3.144332747308644,-19.85253564596227
2015-11-01 19:00:00,21.8,88,0.0,18.9,13,-4.251574927099053,-18.41559422444094
2015-11-01 20:00:00,21.4,89,0.0,16.8,10,-2.91728938480443,-16.544770250605094
2015-11-01 21:00:00,21.2,90,0.0,15.0,10,-2.6047226650039548,-14.772116295183121
2015-11-01 22:00:00,20.4,93,0.0,13.4,8,-1.864919552864882,-13.269592121137041
2015-11-01 23:00:00,20.1,93,0.0,14.1,4,-0.9835662797921707,-14.06565310866352
2015-11-02 00:00:00,20.0,92,0.0,14.2,9,-2.2213694035712805,-14.025174436450953
2015-11-02 01:00:00,20.8,89,0.0,14.6,10,-2.535263393937183,-14.378193193978237
2015-11-02 02:00:00,20.7,88,0.0,14.2,9,-2.2213694035712805,-14.025174436450953
2015-11-02 03:00:00,19.6,91,0.0,16.4,9,-2.5655252266597888,-16.198088785760255
2015-11-02 04:00:00,19.0,93,0.0,18.5,13,-4.161594505361507,-18.02584619852685
2015-11-02 05:00:00,19.2,92,0.0,19.1,16,-5.264673496104679,-18.360098392421893
2015-11-02 06:00:00,19.1,92,0.0,18.3,16,-5.04416361145108,-17.59108903567124
2015-11-02 07:00:00,19.4,92,0.0,20.0,8,-2.7834620192013166,-19.805361374831406
2015-11-02 08:00:00,22.3,85,0.0,22.6,8,-3.145312081697488,-22.380058353559487
2015-11-02 09:00:00,23.4,80,0.0,23.6,8,-3.2844851826575536,-23.37032642230106
2015-11-02 10:00:00,24.2,77,0.0,25.7,6,-2.6863815059786913,-25.559212710964626
2015-11-02 11:00:00,24.6,76,0.0,27.1,5,-2.361920628461539,-26.996876318286304
2015-11-02 12:00:00,24.9,74,0.0,27.8,5,-2.4229296483848994,-27.694212606950526
2015-11-02 13:00:00,25.0,73,0.0,27.9,6,-2.9163441251675284,-27.74716088077483
2015-11-02 14:00:00,24.9,72,0.0,28.2,5,-2.4577919454839625,-28.092690486187223
2015-11-02 15:00:00,24.4,74,0.0,27.2,6,-2.8431742008801715,-27.050995554017035
2015-11-02 16:00:00,23.8,75,0.0,24.3,6,-2.5400416574039766,-24.166882057449044
2015-11-02 17:00:00,22.9,77,0.0,22.1,7,-2.6933124892537528,-21.93526995127322
2015-11-02 18:00:00,22.0,80,0.0,20.8,9,-3.2538368728368057,-20.543917484378863
2015-11-02 19:00:00,21.3,83,0.0,18.3,10,-3.177761651304825,-18.02198188012341
2015-11-02 20:00:00,20.5,88,0.0,17.4,7,-2.120526575249561,-17.270303038559003
2015-11-02 21:00:00,20.3,86,0.0,18.1,7,-2.205835115633164,-17.96508534470793
2015-11-02 22:00:00,20.7,84,0.0,17.9,9,-2.8001769242201355,-17.679621296652964
2015-11-02 23:00:00,20.8,83,0.0,17.2,11,-3.2819147204765673,-16.883987555299818
2015-11-03 00:00:00,20.9,83,0.0,17.2,11,-3.2819147204765673,-16.883987555299818
2015-11-03 01:00:00,21.1,81,0.0,17.4,13,-3.9141483455832553,-16.95403912726309
2015-11-03 02:00:00,21.1,81,0.0,16.3,14,-3.9433268982745853,-15.815820338298742
2015-11-03 03:00:00,20.3,83,0.0,16.5,16,-4.5480163709804815,-15.860817982982264
2015-11-03 04:00:00,20.1,84,0.0,17.3,17,-5.058030491703352,-16.544072278160513
2015-11-03 05:00:00,20.2,83,0.0,17.7,17,-5.174979173592447,-16.926594180545724
2015-11-03 06:00:00,21.1,79,0.0,16.4,15,-4.244632339681338,-15.84118355114072
2015-11-03 07:00:00,21.6,78,0.0,17.4,13,-3.9141483455832553,-16.95403912726309
2015-11-03 08:00:00,23.1,79,0.0,18.6,15,-4.814034238906884,-17.96622036897667
2015-11-03 09:00:00,24.3,75,0.0,16.9,16,-4.658271313307281,-16.24532266135759
2015-11-03 10:00:00,25.6,71,0.0,16.4,9,-2.5655252266597888,-16.198088785760255
2015-11-03 11:00:00,26.5,69,0.0,18.4,2,-0.642150739326014,-18.38879121715136
2015-11-03 12:00:00,26.2,72,0.0,19.8,2,-0.691010034709515,-19.787938374978097
2015-11-03 13:00:00,26.8,70,0.0,20.5,360,1.255262969126037e-15,-20.5
2015-11-03 14:00:00,27.0,71,0.0,22.0,357,1.1513910373447673,-21.969849764600625
2015-11-03 15:00:00,26.4,75,0.0,22.0,359,0.3839529416202392,-21.99664929344061
2015-11-03 16:00:00,25.9,77,0.0,19.1,359,0.33334096295211674,-19.097090977487074
2015-11-03 17:00:00,24.7,82,0.0,17.3,1,-0.3019266313650045,-17.29736512620557
2015-11-03 18:00:00,23.5,87,0.0,16.9,360,1.0348265452795135e-15,-16.9
2015-11-03 19:00:00,22.7,91,0.0,17.0,4,-1.185860053650135,-16.958588854417012
2015-11-03 20:00:00,22.3,90,0.0,15.5,4,-1.0812253430339465,-15.462242779027275
2015-11-03 21:00:00,22.7,88,0.0,14.8,3,-0.7745721523955758,-14.779717114367694
2015-11-03 22:00:00,22.6,87,0.0,13.7,3,-0.717002600528337,-13.681224626137661
2015-11-03 23:00:00,22.2,88,0.0,11.6,5,-1.0110066158728357,-11.555858497864248
2015-11-04 00:00:00,21.6,90,0.0,9.1,9,-1.4235536318661024,-8.987963899415753
2015-11-04 01:00:00,21.2,90,0.0,7.3,20,-2.49674704627738,-6.859756131737131
2015-11-04 02:00:00,21.3,89,0.0,6.1,28,-2.8637765329939335,-5.385980316439454
2015-11-04 03:00:00,22.1,84,0.0,6.3,31,-3.2447398719333433,-5.400153994423306
2015-11-04 04:00:00,22.4,82,0.0,7.7,28,-3.614931033451359,-6.798696465013738
2015-11-04 05:00:00,22.3,82,0.0,9.0,29,-4.3632865822170315,-7.871577364254564
2015-11-04 06:00:00,21.4,84,0.0,8.5,28,-3.9905082836800716,-7.505054539300879
2015-11-04 07:00:00,21.0,87,0.0,6.2,36,-3.644268564213334,-5.015905365124674
2015-11-04 08:00:00,24.0,84,0.0,4.3,42,-2.87726160734309,-3.195522749552796
2015-11-04 09:00:00,25.9,75,0.0,2.1,31,-1.0815799573111144,-1.8000513314744355
2015-11-04 10:00:00,27.2,71,0.0,1.0,315,0.7071067811865476,-0.7071067811865475
2015-11-04 11:00:00,27.9,70,0.0,2.9,277,2.8783838397598336,-0.35342109587492765
2015-11-04 12:00:00,28.1,70,0.0,5.7,288,5.421022142882375,-1.7613968679372003
2015-11-04 13:00:00,28.3,71,0.0,7.1,300,6.148780366869515,-3.5499999999999994
2015-11-04 14:00:00,28.2,71,0.0,4.8,318,3.2118269105225195,-3.5670951622914924
2015-11-04 15:00:00,27.6,74,0.0,4.0,350,0.6945927106677217,-3.939231012048832
2015-11-04 16:00:00,27.2,77,0.0,2.5,360,1.5308084989341916e-16,-2.5
2015-11-04 17:00:00,26.5,80,0.0,0.7000000000000001,360,4.2862637970157366e-17,-0.7000000000000001
2015-11-04 18:00:00,25.1,90,0.0,3.6,354,0.3763024677635525,-3.580278823325784
2015-11-04 19:00:00,24.1,93,0.0,2.6,16,-0.7166571251241971,-2.4992804094396295
2015-11-04 20:00:00,23.5,94,0.0,0.8,333,0.3631923997916375,-0.7128052193506943
2015-11-04 21:00:00,23.2,93,0.0,2.2,9,-0.3441558230885083,-2.172914349309303
2015-11-04 22:00:00,23.3,91,0.0,3.6,360,2.2043642384652358e-16,-3.6
2015-11-04 23:00:00,23.2,90,0.0,5.9,349,1.125773072721615,-5.791600382341218
2015-11-05 00:00:00,23.6,88,0.0,7.3,351,1.1419715947936857,-7.210124886344506
2015-11-05 01:00:00,23.5,88,0.0,7.2,354,0.752604935527105,-7.160557646651568
2015-11-05 02:00:00,23.2,89,0.0,7.2,3,-0.376818884949199,-7.190132650232932
2015-11-05 03:00:00,22.4,94,0.0,6.5,360,3.9801020972288977e-16,-6.5
2015-11-05 04:00:00,22.1,96,0.0,4.9,343,1.4326213531414103,-4.685893304218874
2015-11-05 05:00:00,21.8,96,0.0,2.6,344,0.7166571251241979,-2.499280409439629
2015-11-05 06:00:00,21.5,97,0.0,2.0,45,-1.4142135623730954,-1.414213562373095
2015-11-05 07:00:00,22.0,95,0.0,1.1,72,-1.046162167924669,-0.33991869381244205
2015-11-05 08:00:00,23.6,92,0.0,1.1,342,0.3399186938124422,-1.0461621679246689
2015-11-05 09:00:00,25.4,87,0.0,2.6,344,0.7166571251241979,-2.499280409439629
2015-11-05 10:00:00,26.8,80,0.0,3.9,338,1.4609657143220567,-3.616017032810471
2015-11-05 11:00:00,27.5,77,0.0,6.0,335,2.5357095704441965,-5.437846722219899
2015-11-05 12:00:00,27.7,76,0.0,7.9,336,3.2132194802988217,-7.217009115376547
2015-11-05 13:00:00,27.8,76,0.0,10.0,339,3.583679495453004,-9.335804264972017
2015-11-05 14:00:00,27.8,75,0.0,11.7,342,3.615498834186885,-11.127361240653295
2015-11-05 15:00:00,27.6,77,0.0,12.1,343,3.5376976271451146,-11.571287547152728
2015-11-05 16:00:00,27.0,80,0.0,11.3,343,3.303800263366926,-10.806243742382302
2015-11-05 17:00:00,26.0,84,0.0,9.6,340,3.2833933759264204,-9.02104915954472
2015-11-05 18:00:00,24.6,91,0.0,10.7,348,2.224655091750026,-10.46617932785172
2015-11-05 19:00:00,23.6,95,0.0,10.5,354,1.0975488643103612,-10.44247990136687
2015-11-05 20:00:00,23.3,95,0.0,9.0,360,5.51091059616309e-16,-9.0
2015-11-05 21:00:00,23.5,94,0.0,8.3,355,0.7233926648055626,-8.268415994161488
2015-11-05 22:00:00,23.5,94,0.0,9.1,351,1.4235536318661013,-8.987963899415753
2015-11-05 23:00:00,23.3,94,0.0,8.8,351,1.3766232923540322,-8.691657397237213
2015-11-06 00:00:00,23.2,94,0.0,8.0,352,1.1133848076805237,-7.922144549932563
2015-11-06 01:00:00,23.2,93,0.0,8.3,360,5.082284216461516e-16,-8.3
2015-11-06 02:00:00,23.1,94,0.0,7.9,3,-0.41345405431926,-7.889173324561134
2015-11-06 03:00:00,23.3,92,0.0,7.6,357,0.3977532674463741,-7.589584464134761
2015-11-06 04:00:00,23.4,91,0.0,6.8,357,0.35588450245201897,-6.790680836331102
2015-11-06 05:00:00,23.3,91,0.0,5.4,356,0.3766849582182763,-5.386845871403051
2015-11-06 06:00:00,23.2,91,0.0,3.3,354,0.3449439287832564,-3.2819222547153015
2015-11-06 07:00:00,23.2,91,0.0,2.9,360,1.7757378587636622e-16,-2.9
2015-11-06 08:00:00,24.4,91,0.0,3.1,339,1.1109406435904312,-2.8940993221413254
2015-11-06 09:00:00,25.9,85,0.0,3.1,324,1.8221342821066668,-2.5079526825623373
2015-11-06 10:00:00,27.0,81,0.0,3.9,292,3.616017032810471,-1.460965714322057
2015-11-06 11:00:00,27.8,77,0.0,4.9,287,4.685893304218874,-1.4326213531414103
2015-11-06 12:00:00,28.4,74,0.0,6.5,289,6.1458707413955596,-2.1161930039715187
2015-11-06 13:00:00,28.6,73,0.0,8.4,290,7.8934180146016315,-2.872969203935617
2015-11-06 14:00:00,28.5,74,0.0,10.5,292,9.735430472951268,-3.933369230867076
2015-11-06 15:00:00,27.4,79,0.2,9.8,298,8.652886410017485,-4.60082131530173
2015-11-06 16:00:00,26.8,82,0.0,8.1,315,5.727564927611035,-5.727564927611034
2015-11-06 17:00:00,25.9,86,0.0,3.4,342,1.0506577808748212,-3.233592155403522
2015-11-06 18:00:00,25.2,92,0.0,4.2,340,1.436484601967809,-3.9467090073008153
2015-11-06 19:00:00,24.4,93,0.0,3.0,284,2.9108871788279895,-0.7257656867990032
2015-11-06 20:00:00,23.3,95,0.0,5.2,295,4.7128004925905795,-2.197614961051637
2015-11-06 21:00:00,22.8,96,0.0,5.7,305,4.669166652447253,-3.2693856872009626
2015-11-06 22:00:00,22.7,96,0.0,5.1,309,3.963444403430551,-3.2095339943541705
2015-11-06 23:00:00,23.1,96,0.1,3.0,284,2.9108871788279895,-0.7257656867990032
2015-11-07 00:00:00,23.5,95,0.4,3.6,225,2.5455844122715714,2.545584412271571
2015-11-07 01:00:00,22.5,97,0.2,5.6,207,2.542346798541462,4.989636535454859
2015-11-07 02:00:00,22.4,97,0.0,7.4,203,2.8914103508206255,6.811735915548059
2015-11-07 03:00:00,22.2,96,0.0,7.6,211,3.9142893693164114,6.5144714853360535
2015-11-07 04:00:00,22.3,96,0.0,6.9,223,4.70578868443124,5.046340541172277
2015-11-07 05:00:00,22.7,95,0.0,5.1,231,3.963444403430551,3.2095339943541705
2015-11-07 06:00:00,22.9,95,0.0,3.2,207,1.45276959916655,2.851220877402777
2015-11-07 07:00:00,23.1,94,0.0,2.5,172,-0.3479327524001634,2.475670171853926
2015-11-07 08:00:00,24.3,92,0.0,3.2,180,1.9594348786357652e-16,3.2
2015-11-07 09:00:00,25.2,87,0.0,3.1,201,1.1109406435904312,2.8940993221413254
2015-11-07 10:00:00,26.1,83,0.0,3.3,229,2.4905416147351476,2.1649947956686737
2015-11-07 11:00:00,27.1,77,0.0,4.8,257,4.676976310969129,1.079765060850552
2015-11-07 12:00:00,27.5,74,0.0,6.9,276,6.862201078041086,-0.721246396546809
2015-11-07 13:00:00,27.5,74,0.0,8.3,288,7.893769085249775,-2.5648410533120636
2015-11-07 14:00:00,27.4,73,0.0,8.4,301,7.200205325897744,-4.326319829244455
2015-11-07 15:00:00,27.1,74,0.0,7.1,315,5.020458146424487,-5.020458146424486
2015-11-07 16:00:00,26.6,75,0.0,4.8,333,2.1791543987498248,-4.276831316104166
2015-11-07 17:00:00,26.0,78,0.0,5.2,344,1.4333142502483958,-4.998560818879258
2015-11-07 18:00:00,24.5,87,0.0,7.6,357,0.3977532674463741,-7.589584464134761
2015-11-07 19:00:00,23.3,92,0.0,7.8,13,-1.7546182238821488,-7.600086505324834
2015-11-07 20:00:00,22.9,92,0.0,7.6,19,-2.4743179738743906,-7.185941174554808
2015-11-07 21:00:00,23.6,89,0.0,6.6,29,-3.199743493625823,-5.772490067120013
2015-11-07 22:00:00,24.0,88,0.0,3.8,49,-2.867896404846534,-2.4930243101639267
2015-11-07 23:00:00,23.8,88,0.0,1.5,45,-1.0606601717798214,-1.0606601717798212
2015-11-08 00:00:00,23.7,88,0.0,0.5,45,-0.35355339059327384,-0.35355339059327373
2015-11-08 01:00:00,22.7,93,0.0,0.7000000000000001,90,-0.7000000000000001,8.572527594031473e-17
2015-11-08 02:00:00,21.6,96,0.0,1.4,90,-1.4,1.7145055188062944e-16
2015-11-08 03:00:00,19.8,98,0.0,2.2,90,-2.2,2.6942229581241775e-16
2015-11-08 04:00:00,19.3,98,0.0,3.0,104,-2.9108871788279895,0.7257656867990032
2015-11-08 05:00:00,19.1,98,0.0,2.2,99,-2.172914349309303,0.3441558230885082
2015-11-08 06:00:00,19.0,98,0.0,2.2,99,-2.172914349309303,0.3441558230885082
2015-11-08 07:00:00,20.4,95,0.0,2.6,56,-2.1554976886431088,-1.4539015490239415
2015-11-08 08:00:00,24.2,85,0.0,3.1,21,-1.1109406435904323,-2.894099322141325
2015-11-08 09:00:00,25.7,81,0.0,4.6,342,1.4214781741247582,-4.3748599749577055
2015-11-08 10:00:00,26.5,79,0.0,6.1,332,2.863776532993934,-5.385980316439453
2015-11-08 11:00:00,27.3,76,0.0,7.2,323,4.333068166694749,-5.750175672340508
2015-11-08 12:00:00,27.7,73,0.0,7.5,325,4.301823272632846,-6.143640332167439
2015-11-08 13:00:00,27.8,72,0.0,7.3,327,3.9758649556096977,-6.122295146001595
2015-11-08 14:00:00,27.7,72,0.0,7.4,331,3.587591189822895,-6.472185832831529
2015-11-08 15:00:00,27.6,73,0.0,9.2,334,4.033014550459512,-8.268905225952336
2015-11-08 16:00:00,27.1,76,0.0,9.4,342,2.904759747124506,-8.939931253174443
2015-11-08 17:00:00,26.0,81,0.0,7.2,354,0.752604935527105,-7.160557646651568
2015-11-08 18:00:00,24.8,88,0.0,8.4,353,1.023702484603239,-8.337387673787106
2015-11-08 19:00:00,23.8,93,0.0,8.3,358,0.289665822630759,-8.294943864258496
2015-11-08 20:00:00,23.2,95,0.0,9.1,7,-1.1090110249868392,-9.03216997993603
2015-11-08 21:00:00,24.1,92,0.0,6.8,18,-2.1013155617496433,-6.467184310807044
2015-11-08 22:00:00,24.0,91,0.0,4.6,39,-2.894873798829254,-3.5748714227020644
2015-11-08 23:00:00,23.9,91,0.0,3.8,17,-1.111012477946401,-3.633958072659534
2015-11-09 00:00:00,23.7,91,0.0,6.5,360,3.9801020972288977e-16,-6.5
2015-11-09 01:00:00,22.5,93,0.0,8.3,2,-0.28966582263075635,-8.294943864258496
2015-11-09 02:00:00,22.2,93,0.0,7.4,23,-2.8914103508206264,-6.811735915548058
2015-11-09 03:00:00,23.0,91,0.0,7.1,30,-3.550000000000003,-6.148780366869512
2015-11-09 04:00:00,23.0,90,0.0,6.7,16,-1.8467702839738926,-6.440453362786737
2015-11-09 05:00:00,21.7,93,0.0,8.7,17,-2.5436338310878126,-8.319851376878407
2015-11-09 06:00:00,20.6,95,0.0,8.4,40,-5.3994159213669315,-6.434773322199415
2015-11-09 07:00:00,21.1,96,0.0,8.4,43,-5.728786224524988,-6.143371093601032
2015-11-09 08:00:00,24.1,91,0.0,7.2,37,-4.333068166694748,-5.750175672340508
2015-11-09 09:00:00,25.7,83,0.0,8.2,15,-2.122316169840669,-7.92059177557036
2015-11-09 10:00:00,26.8,76,0.0,12.2,358,0.42577385977051313,-12.192568089632967
2015-11-09 11:00:00,27.4,74,0.0,15.9,357,0.8321417042628091,-15.878209602597725
2015-11-09 12:00:00,27.8,72,0.0,18.0,360,1.102182119232618e-15,-18.0
2015-11-09 13:00:00,27.8,72,0.0,19.1,2,-0.6665803870177646,-19.08836479606473
2015-11-09 14:00:00,27.7,72,0.0,19.9,6,-2.0801164190263015,-19.79098571782864
2015-11-09 15:00:00,26.9,76,0.0,21.8,8,-3.033973600929435,-21.58784389856623
2015-11-09 16:00:00,26.0,79,0.0,21.4,8,-2.9783043605454087,-21.191736671069602
2015-11-09 17:00:00,24.7,83,0.0,20.1,9,-3.144332747308644,-19.85253564596227
2015-11-09 18:00:00,23.6,86,0.0,18.8,7,-2.291143656016767,-18.659867650856857
2015-11-09 19:00:00,22.9,88,0.0,19.1,11,-3.644451811692002,-18.749079203850382
2015-11-09 20:00:00,22.4,89,0.0,18.3,10,-3.177761651304825,-18.02198188012341
2015-11-09 21:00:00,21.4,92,0.0,17.5,9,-2.7376031382040433,-17.28454596041491
2015-11-09 22:00:00,21.9,87,0.0,17.5,9,-2.7376031382040433,-17.28454596041491
2015-11-09 23:00:00,22.3,84,0.0,16.9,11,-3.224672021863604,-16.58949940026552
2015-11-10 00:00:00,22.2,84,0.0,15.7,11,-2.9957012274117503,-15.411546780128324
2015-11-10 01:00:00,21.9,85,0.0,16.1,10,-2.7957356604375785,-15.855404823496551
2015-11-10 02:00:00,21.3,86,0.0,16.9,11,-3.224672021863604,-16.58949940026552
2015-11-10 03:00:00,20.9,87,0.0,17.3,12,-3.5968722511472446,-16.921953492694836
2015-11-10 04:00:00,20.8,86,0.0,17.7,13,-3.981633661886415,-17.24635014669866
2015-11-10 05:00:00,20.6,86,0.0,18.1,13,-4.071614083623961,-17.63609817261276
2015-11-10 06:00:00,20.7,86,0.0,19.2,13,-4.3190602434022125,-18.707905243876514
2015-11-10 07:00:00,21.1,85,0.0,20.3,12,-4.2206073236005235,-19.856396294896253
2015-11-10 08:00:00,23.4,79,0.0,21.6,11,-4.121474300133364,-21.203147162469545
2015-11-10 09:00:00,24.6,75,0.0,23.3,8,-3.242733252369534,-23.073246001678587
2015-11-10 10:00:00,25.6,72,0.0,24.7,8,-3.4375755937136256,-24.459621297916783
2015-11-10 11:00:00,26.3,70,0.0,24.7,8,-3.4375755937136256,-24.459621297916783
2015-11-10 12:00:00,26.5,69,0.0,25.7,6,-2.6863815059786913,-25.559212710964626
2015-11-10 13:00:00,26.5,69,0.0,25.1,8,-3.4932448340976525,-24.855728525413415
2015-11-10 14:00:00,26.5,68,0.0,24.6,7,-2.9979858477666204,-24.416635330376526
2015-11-10 15:00:00,26.0,69,0.0,23.5,6,-2.4564188867898538,-23.371264541154424
2015-11-10 16:00:00,25.2,72,0.0,22.8,6,-2.383248962502497,-22.675099214396635
2015-11-10 17:00:00,23.9,75,0.0,21.8,8,-3.033973600929435,-21.58784389856623
2015-11-10 18:00:00,22.6,79,0.0,19.5,12,-4.054277970946316,-19.073878214309207
2015-11-10 19:00:00,21.8,82,0.0,18.0,12,-3.7424104347196763,-17.6066568132085
2015-11-10 20:00:00,20.9,87,0.0,17.2,11,-3.2819147204765673,-16.883987555299818
2015-11-10 21:00:00,20.9,84,0.0,16.1,10,-2.7957356604375785,-15.855404823496551
2015-11-10 22:00:00,20.8,84,0.0,16.6,4,-1.1579574641524848,-16.55956323431308
2015-11-10 23:00:00,20.7,84,0.0,17.7,6,-1.8501537998374644,-17.60303754801844
2015-11-11 00:00:00,21.3,81,0.0,15.7,20,-5.369716250212996,-14.753174146338761
2015-11-11 01:00:00,21.5,80,0.0,15.4,16,-4.244815279581783,-14.803430117450112
2015-11-11 02:00:00,21.6,80,0.0,14.8,13,-3.3292756042892058,-14.420676958821481
2015-11-11 03:00:00,21.5,78,0.0,15.0,11,-2.8621349306481694,-14.72440775171496
2015-11-11 04:00:00,21.3,79,0.0,13.9,10,-2.4137096695703315,-13.688827766869691
2015-11-11 05:00:00,21.4,79,0.0,14.3,10,-2.483168940637104,-14.082750868074575
2015-11-11 06:00:00,21.5,78,0.0,14.1,15,-3.6493485359455407,-13.619554150675864
2015-11-11 07:00:00,21.6,79,0.0,11.1,25,-4.691062705321761,-10.060016436106816
2015-11-11 08:00:00,22.9,80,0.0,11.5,4,-0.8021994480574441,-11.471986577987979
2015-11-11 09:00:00,24.5,73,0.0,13.0,3,-0.680367431158276,-12.98218395180946
2015-11-11 10:00:00,25.1,71,0.0,14.4,359,0.2513146526968838,-14.397806810252035
2015-11-11 11:00:00,25.8,70,0.0,19.8,359,0.34555764745821527,-19.79698436409655
2015-11-11 12:00:00,26.1,69,0.0,22.1,7,-2.6933124892537528,-21.93526995127322
2015-11-11 13:00:00,26.1,69,0.0,21.6,15,-5.590491374214446,-20.863997847843876
2015-11-11 14:00:00,25.7,70,0.0,20.1,15,-5.202262806560665,-19.415109108410274
2015-11-11 15:00:00,25.4,72,0.0,17.8,14,-4.3062097416740865,-17.271263927712738
2015-11-11 16:00:00,25.1,73,0.0,15.2,7,-1.8524140197582368,-15.086701504948095
2015-11-11 17:00:00,24.3,76,0.0,15.5,360,9.491012693391988e-16,-15.5
2015-11-11 18:00:00,23.4,81,0.0,12.2,2,-0.42577385977050924,-12.192568089632967
2015-11-11 19:00:00,22.4,85,0.0,13.7,2,-0.4781231048242604,-13.691654330161612
2015-11-11 20:00:00,21.8,87,0.0,14.6,10,-2.535263393937183,-14.378193193978237
2015-11-11 21:00:00,21.3,89,0.0,13.5,16,-3.721104303529485,-12.977032895167307
2015-11-11 22:00:00,20.8,90,0.0,13.2,11,-2.518678738970389,-12.957478821509163
2015-11-11 23:00:00,20.4,91,0.0,14.4,4,-1.0044932219154084,-14.36492232374147
2015-11-12 00:00:00,20.5,89,0.0,13.8,9,-2.1587956175551883,-13.6300991002129
2015-11-12 01:00:00,21.1,86,0.0,12.6,13,-2.834383284732702,-12.277062816293963
2015-11-12 02:00:00,21.4,84,0.0,12.6,13,-2.834383284732702,-12.277062816293963
2015-11-12 03:00:00,21.9,83,0.0,12.8,10,-2.2226966741367082,-12.605539238556263
2015-11-12 04:00:00,21.9,83,0.0,12.6,5,-1.0981623586204938,-12.552053195955994
2015-11-12 05:00:00,21.7,84,0.0,13.0,2,-0.4536934571325099,-12.992080751248245
2015-11-12 06:00:00,21.6,83,0.0,11.7,11,-2.232465245905572,-11.485038046337667
2015-11-12 07:00:00,21.7,83,0.0,9.9,10,-1.7191169589026103,-9.74959675482086
2015-11-12 08:00:00,23.1,83,0.0,8.8,19,-2.864999759222979,-8.320563465273988
2015-11-12 09:00:00,24.7,77,0.0,7.0,12,-1.4553818357243185,-6.847033205136639
2015-11-12 10:00:00,26.1,73,0.0,10.0,347,2.249510543438649,-9.743700647852352
2015-11-12 11:00:00,27.0,69,0.0,11.9,346,2.8788705576360454,-11.546519142684359
2015-11-12 12:00:00,27.3,68,0.0,12.1,348,2.5157314588948894,-11.835585968879046
2015-11-12 13:00:00,27.3,68,0.0,12.6,347,2.8343832847326977,-12.277062816293963
2015-11-12 14:00:00,27.4,68,0.0,11.7,351,1.8302832409707017,-11.555953584963111
2015-11-12 15:00:00,27.0,70,0.0,9.4,356,0.6557108531947772,-9.377102072442348
2015-11-12 16:00:00,26.5,72,0.0,8.4,350,1.4586446924022156,-8.272385125302547
2015-11-12 17:00:00,25.6,77,0.0,8.3,342,2.564841053312064,-7.893769085249775
2015-11-12 18:00:00,24.1,86,0.0,10.7,346,2.588564282916444,-10.382164271153162
2015-11-12 19:00:00,23.2,90,0.0,10.4,360,6.368163355566237e-16,-10.4
2015-11-12 20:00:00,23.3,88,0.0,9.0,360,5.51091059616309e-16,-9.0
2015-11-12 21:00:00,23.2,89,0.0,8.5,348,1.7672493719509554,-8.314254606237347
2015-11-12 22:00:00,23.1,90,0.0,8.7,343,2.5436338310878095,-8.319851376878407
2015-11-12 23:00:00,23.0,90,0.0,8.2,345,2.12231616984067,-7.92059177557036
2015-11-13 00:00:00,22.7,91,0.0,7.8,338,2.9219314286441134,-7.232034065620942
2015-11-13 01:00:00,22.5,92,0.0,7.3,340,2.4967470462773824,-6.8597561317371305
2015-11-13 02:00:00,22.3,94,0.0,8.2,345,2.12231616984067,-7.92059177557036
2015-11-13 03:00:00,22.3,94,0.2,8.1,347,1.8221035401853058,-7.892397524760405
2015-11-13 04:00:00,22.1,95,0.0,8.3,355,0.7233926648055626,-8.268415994161488
2015-11-13 05:00:00,22.2,95,0.0,8.0,5,-0.697245941981266,-7.969557584733964
2015-11-13 06:00:00,22.4,94,0.0,7.0,12,-1.4553818357243185,-6.847033205136639
2015-11-13 07:00:00,22.4,95,0.0,6.6,13,-1.4846769586695105,-6.430842427582552
2015-11-13 08:00:00,23.3,93,0.0,8.3,358,0.289665822630759,-8.294943864258496
2015-11-13 09:00:00,24.0,87,0.0,11.0,349,2.098898949141994,-10.797899017924303
2015-11-13 10:00:00,24.7,82,0.2,11.6,353,1.4136843834997108,-11.513535359039334
2015-11-13 11:00:00,25.2,82,0.0,10.5,356,0.732442974313315,-10.474422527728153
2015-11-13 12:00:00,25.4,81,0.0,10.1,354,1.0557374790032998,-10.04467114321956
2015-11-13 13:00:00,25.7,81,0.0,9.4,353,1.1455718280083864,-9.329933825428427
2015-11-13 14:00:00,25.9,77,0.0,10.2,350,1.77121141220269,-10.045039080724521
2015-11-13 15:00:00,25.9,78,0.0,11.2,356,0.7812725059342026,-11.17271736291003
2015-11-13 16:00:00,25.4,80,0.0,11.2,6,-1.1707187885977175,-11.13864522812466
2015-11-13 17:00:00,24.5,83,0.0,8.9,21,-3.1894747509531767,-8.308865795825096
2015-11-13 18:00:00,23.7,87,0.0,10.5,22,-3.933369230867079,-9.735430472951267
2015-11-13 19:00:00,22.5,92,0.0,10.6,28,-4.976398565530442,-9.359244484304625
2015-11-13 20:00:00,22.0,93,0.0,8.4,47,-6.143371093601033,-5.7287862245249865
2015-11-13 21:00:00,22.3,89,0.0,7.1,60,-6.148780366869514,-3.5500000000000007
2015-11-13 22:00:00,23.0,86,0.0,5.6,63,-4.98963653545486,-2.542346798541461
2015-11-13 23:00:00,23.0,85,0.0,4.8,63,-4.276831316104166,-2.179154398749824
2015-11-14 00:00:00,22.7,86,0.0,3.6,53,-2.875087836170254,-2.1665340833473743
2015-11-14 01:00:00,21.3,89,0.0,3.6,37,-2.166534083347374,-2.875087836170254
2015-11-14 02:00:00,20.5,91,0.0,5.0,21,-1.7918397477265036,-4.667902132486008
2015-11-14 03:00:00,22.7,82,0.0,6.8,25,-2.873804179836754,-6.16289295184922
2015-11-14 04:00:00,21.6,86,0.0,8.9,27,-4.040515447681968,-7.929958065276474
2015-11-14 05:00:00,21.2,86,0.0,10.5,27,-4.766900247265243,-9.355568503977862
2015-11-14 06:00:00,20.5,89,0.0,9.7,31,-4.9958693266275285,-8.314522816810486
2015-11-14 07:00:00,20.4,91,0.0,8.0,27,-3.6319239979163753,-7.128052193506942
2015-11-14 08:00:00,23.1,87,0.0,8.4,25,-3.549993398621873,-7.612985411107861
2015-11-14 09:00:00,24.6,79,0.0,9.0,16,-2.4807362023529897,-8.651355263444872
2015-11-14 10:00:00,25.6,74,0.0,8.1,21,-2.9027803913169357,-7.562001454627333
2015-11-14 11:00:00,26.2,71,0.0,7.9,16,-2.1775351109542913,-7.593967397912721
2015-11-14 12:00:00,27.0,68,0.0,7.1,15,-1.8376152202278964,-6.858073366652385
2015-11-14 13:00:00,26.5,69,0.0,7.6,8,-1.0577155672965002,-7.526037322435934
2015-11-14 14:00:00,26.0,71,0.0,9.4,4,-0.6557108531947805,-9.377102072442348
2015-11-14 15:00:00,26.8,68,0.0,11.6,7,-1.413684383499707,-11.513535359039336
2015-11-14 16:00:00,26.2,70,0.0,12.2,14,-2.951447126315947,-11.837607860567156
2015-11-14 17:00:00,25.1,75,0.0,10.6,18,-3.2755801403744442,-10.081199072728626
2015-11-14 18:00:00,23.5,84,0.0,11.3,17,-3.3038002633669294,-10.8062437423823
2015-11-14 19:00:00,22.5,87,0.0,11.8,20,-4.0358376912428895,-11.08837292527372
2015-11-14 20:00:00,22.0,87,0.0,12.4,22,-4.645121758357313,-11.497079796628164
2015-11-14 21:00:00,21.6,87,0.0,12.9,18,-3.9863192274368235,-12.26862906020748
2015-11-14 22:00:00,21.7,86,0.0,13.0,14,-3.144984642795681,-12.613844441587954
2015-11-14 23:00:00,22.2,83,0.0,13.6,17,-3.9762551842292244,-13.00574468109728
2015-11-15 00:00:00,22.0,83,0.0,13.7,23,-5.353016460303051,-12.610916492298431
2015-11-15 01:00:00,21.8,83,0.0,12.4,30,-6.2000000000000055,-10.738715006927036
2015-11-15 02:00:00,21.5,83,0.0,12.0,33,-6.535668420180324,-10.064046815345089
2015-11-15 03:00:00,18.9,88,0.0,10.7,33,-5.827637674660788,-8.973775077016036
2015-11-15 04:00:00,17.0,96,0.0,10.6,35,-6.0799102253210915,-8.68301166946331
2015-11-15 05:00:00,16.6,96,0.0,9.8,36,-5.760295472466238,-7.928366544874485
2015-11-15 06:00:00,16.6,94,0.0,11.1,29,-5.381386784734339,-9.708278749247295
2015-11-15 07:00:00,17.8,92,0.0,10.0,26,-4.383711467890778,-8.987940462991668
2015-11-15 08:00:00,22.2,86,0.0,9.5,25,-4.014873486536642,-8.609923976848176
2015-11-15 09:00:00,25.2,70,0.0,8.6,15,-2.2258437878816775,-8.306962106085987
2015-11-15 10:00:00,26.4,66,0.0,8.6,2,-0.3001356716415065,-8.594761112364223
2015-11-15 11:00:00,27.3,63,0.0,9.9,350,1.7191169589026112,-9.74959675482086
2015-11-15 12:00:00,27.7,61,0.0,11.6,344,3.19739332747719,-11.1506356728845
2015-11-15 13:00:00,27.6,62,0.0,12.3,345,3.183474254761005,-11.88088766335554
2015-11-15 14:00:00,27.7,62,0.0,11.9,355,1.0371533386971319,-11.854716907291772
2015-11-15 15:00:00,27.4,63,0.0,10.8,360,6.613092715395707e-16,-10.8
2015-11-15 16:00:00,26.9,67,0.0,10.8,356,0.7533699164365526,-10.773691742806102
2015-11-15 17:00:00,25.9,72,0.0,10.1,360,6.184466335694133e-16,-10.1
2015-11-15 18:00:00,24.1,83,0.0,11.5,2,-0.40134421207875876,-11.492994510719601
2015-11-15 19:00:00,23.9,82,0.0,11.7,18,-3.6154988341868863,-11.127361240653295
2015-11-15 20:00:00,23.9,81,0.0,9.3,36,-5.466402846320002,-7.5238580476870105
2015-11-15 21:00:00,23.4,84,0.0,6.4,52,-5.043268823083022,-3.9402334420842124
2015-11-15 22:00:00,22.2,87,0.0,3.9,56,-3.233246532964663,-2.180852323535912
2015-11-15 23:00:00,21.5,88,0.0,3.1,45,-2.192031021678298,-2.192031021678297
2015-11-16 00:00:00,21.5,88,0.0,3.3,49,-2.490541614735148,-2.1649947956686733
2015-11-16 01:00:00,20.4,93,0.0,2.9,60,-2.5114736709748717,-1.4500000000000002
2015-11-16 02:00:00,19.3,95,0.0,2.3,72,-2.187429987478853,-0.7107390870623786
2015-11-16 03:00:00,19.5,90,0.0,0.8,63,-0.7128052193506944,-0.36319239979163737
2015-11-16 04:00:00,20.2,87,0.0,0.7000000000000001,360,4.2862637970157366e-17,-0.7000000000000001
2015-11-16 05:00:00,20.1,87,0.0,1.8,360,1.1021821192326179e-16,-1.8
2015-11-16 06:00:00,19.3,91,0.0,2.0,45,-1.4142135623730954,-1.414213562373095
2015-11-16 07:00:00,19.4,91,0.0,2.0,45,-1.4142135623730954,-1.414213562373095
2015-11-16 08:00:00,22.4,87,0.0,2.3,18,-0.7107390870623793,-2.1874299874788528
2015-11-16 09:00:00,24.8,82,0.0,3.0,346,0.725765686799003,-2.9108871788279895
2015-11-16 10:00:00,25.8,78,0.0,1.9,338,0.7117525274902327,-1.761649323676896
2015-11-16 11:00:00,26.8,74,0.0,5.2,304,4.310995377286217,-2.907803098047884
2015-11-16 12:00:00,27.2,72,0.0,8.4,310,6.4347733221994154,-5.39941592136693
2015-11-16 13:00:00,27.2,72,0.0,9.5,323,5.717242719944459,-7.587037345449282
2015-11-16 14:00:00,27.1,71,0.0,10.0,334,4.383711467890775,-8.98794046299167
2015-11-16 15:00:00,26.9,73,0.0,9.7,345,2.510544737494451,-9.369480515003962
2015-11-16 16:00:00,26.3,75,0.0,9.1,353,1.1090110249868421,-9.032169979936029
2015-11-16 17:00:00,25.3,80,0.0,6.8,360,4.1637991171010006e-16,-6.8
2015-11-16 18:00:00,23.9,89,0.0,8.3,5,-0.7233926648055635,-8.268415994161488
2015-11-16 19:00:00,23.7,87,0.0,8.4,10,-1.458644692402215,-8.272385125302547
2015-11-16 20:00:00,23.7,87,0.0,7.6,8,-1.0577155672965002,-7.526037322435934
2015-11-16 21:00:00,23.4,87,0.0,5.6,15,-1.4493866525741155,-5.4091846272187825
2015-11-16 22:00:00,23.1,87,0.0,3.9,22,-1.460965714322058,-3.6160170328104706
2015-11-16 23:00:00,22.5,88,0.0,2.6,34,-1.453901549023941,-2.1554976886431088
2015-11-17 00:00:00,21.4,90,0.0,2.1,59,-1.800051331474436,-1.0815799573111138
2015-11-17 01:00:00,20.5,91,0.0,2.5,82,-2.475670171853926,-0.3479327524001638
2015-11-17 02:00:00,19.7,94,0.0,2.6,56,-2.1554976886431088,-1.4539015490239415
2015-11-17 03:00:00,22.1,86,0.0,4.3,42,-2.87726160734309,-3.195522749552796
2015-11-17 04:00:00,21.5,87,0.0,5.1,45,-3.606244584051393,-3.606244584051392
2015-11-17 05:00:00,21.3,87,0.0,5.6,45,-3.9597979746446668,-3.9597979746446654
2015-11-17 06:00:00,21.4,86,0.0,5.1,51,-3.9634444034305507,-3.2095339943541714
2015-11-17 07:00:00,20.9,89,0.0,3.6,53,-2.875087836170254,-2.1665340833473743
2015-11-17 08:00:00,23.3,90,0.0,3.5,66,-3.197409101749103,-1.4235782507653008
2015-11-17 09:00:00,25.8,77,0.0,2.9,60,-2.5114736709748717,-1.4500000000000002
2015-11-17 10:00:00,27.0,72,0.0,2.0,45,-1.4142135623730954,-1.414213562373095
2015-11-17 11:00:00,28.1,67,0.0,2.1,329,1.0815799573111138,-1.800051331474436
2015-11-17 12:00:00,28.6,66,0.0,5.2,304,4.310995377286217,-2.907803098047884
2015-11-17 13:00:00,28.9,66,0.0,6.8,302,5.766727053863696,-3.603450996785793
2015-11-17 14:00:00,28.7,67,0.0,8.0,306,6.47213595499958,-4.702282018339785
2015-11-17 15:00:00,28.4,67,0.0,8.9,317,6.069785404556237,-6.509047944410617
2015-11-17 16:00:00,27.6,70,0.0,8.7,330,4.3500000000000005,-7.534421012924615
2015-11-17 17:00:00,26.4,76,0.0,7.2,342,2.224922359499622,-6.8476069173251055
2015-11-17 18:00:00,25.0,86,0.0,7.6,355,0.6623836448822018,-7.571079705497266
2015-11-17 19:00:00,25.0,82,0.0,6.0,25,-2.5357095704441948,-5.4378467222199
2015-11-17 20:00:00,24.6,84,0.0,4.7,58,-3.9858260519352027,-2.4906205418960625
2015-11-17 21:00:00,24.2,84,0.0,3.8,73,-3.6339580726595346,-1.1110124779463997
2015-11-17 22:00:00,23.6,86,0.0,4.0,80,-3.939231012048832,-0.6945927106677219
2015-11-17 23:00:00,22.1,91,0.0,2.9,83,-2.878383839759834,-0.3534210958749272
2015-11-18 00:00:00,19.6,98,0.0,1.5,76,-1.4554435894139948,-0.3628828433995013
2015-11-18 01:00:00,18.8,99,0.0,1.1,72,-1.046162167924669,-0.33991869381244205
2015-11-18 02:00:00,18.5,99,0.0,2.9,83,-2.878383839759834,-0.3534210958749272
2015-11-18 03:00:00,18.3,96,0.0,4.3,95,-4.283637201794505,0.3747696938149302
2015-11-18 04:00:00,18.0,95,0.0,4.7,99,-4.6421352007971475,0.7352419856890856
2015-11-18 05:00:00,17.7,94,0.0,5.1,98,-5.050367150582009,0.7097828148963331
2015-11-18 06:00:00,17.4,94,0.0,4.8,103,-4.6769763109691285,1.079765060850553
2015-11-18 07:00:00,17.9,93,0.0,4.7,99,-4.6421352007971475,0.7352419856890856
2015-11-18 08:00:00,22.7,83,0.0,4.8,103,-4.6769763109691285,1.079765060850553
2015-11-18 09:00:00,26.6,67,0.0,3.0,104,-2.9108871788279895,0.7257656867990032
2015-11-18 10:00:00,28.1,60,0.0,2.1,121,-1.8000513314744357,1.0815799573111142
2015-11-18 11:00:00,28.9,59,0.0,1.1,252,1.0461621679246689,0.33991869381244216
2015-11-18 12:00:00,29.1,59,0.0,4.7,293,4.32637281122647,-1.8364363038995868
2015-11-18 13:00:00,29.0,62,0.0,8.7,300,7.534421012924616,-4.349999999999999
2015-11-18 14:00:00,28.7,65,0.0,11.5,311,8.679160172561879,-7.544678833390834
2015-11-18 15:00:00,28.3,68,0.0,12.5,321,7.866504888122969,-9.714324518212136
2015-11-18 16:00:00,27.3,74,0.0,11.9,331,5.769234480931412,-10.40797451495881
2015-11-18 17:00:00,25.9,82,0.0,8.7,343,2.5436338310878095,-8.319851376878407
2015-11-18 18:00:00,24.7,89,0.0,7.6,3,-0.39775326744637673,-7.589584464134761
2015-11-18 19:00:00,23.8,94,0.0,7.5,17,-2.192787785420528,-7.172285669722765
2015-11-18 20:00:00,22.9,96,0.0,8.4,20,-2.872969203935616,-7.8934180146016315
2015-11-18 21:00:00,22.1,98,0.0,7.4,23,-2.8914103508206264,-6.811735915548058
2015-11-18 22:00:00,22.1,98,0.0,8.1,13,-1.8221035401853085,-7.892397524760404
2015-11-18 23:00:00,22.2,98,0.0,8.8,12,-1.8296228791962863,-8.60769888645749
2015-11-19 00:00:00,21.8,98,0.0,9.9,10,-1.7191169589026103,-9.74959675482086
2015-11-19 01:00:00,21.5,97,0.0,9.8,17,-2.8652427062828236,-9.371786608437747
2015-11-19 02:00:00,21.4,96,0.0,12.1,23,-4.727846654720214,-11.138108726774528
2015-11-19 03:00:00,20.2,93,0.0,10.3,29,-4.99353908853727,-9.00858298353578
2015-11-19 04:00:00,20.0,93,0.0,9.0,29,-4.3632865822170315,-7.871577364254564
2015-11-19 05:00:00,19.9,92,0.0,10.7,20,-3.6596155335846534,-10.05471104240922
2015-11-19 06:00:00,20.3,90,0.0,10.7,14,-2.5885642829164452,-10.382164271153162
2015-11-19 07:00:00,20.8,87,0.0,10.7,20,-3.6596155335846534,-10.05471104240922
2015-11-19 08:00:00,22.4,90,0.0,11.6,22,-4.3454364836245825,-10.755332712974733
2015-11-19 09:00:00,25.2,76,0.0,12.2,14,-2.951447126315947,-11.837607860567156
2015-11-19 10:00:00,26.5,70,0.0,13.7,5,-1.194033675642918,-13.647867363856914
2015-11-19 11:00:00,27.5,65,0.0,15.5,360,9.491012693391988e-16,-15.5
2015-11-19 12:00:00,28.0,63,0.0,16.9,360,1.0348265452795135e-15,-16.9
2015-11-19 13:00:00,28.2,61,0.0,17.3,360,1.0593194812624606e-15,-17.3
2015-11-19 14:00:00,28.1,61,0.0,16.9,1,-0.2949456687900911,-16.89742604814301
2015-11-19 15:00:00,27.4,64,0.0,16.2,1,-0.2827289842839927,-16.197532661533536
2015-11-19 16:00:00,26.8,67,0.0,15.5,360,9.491012693391988e-16,-15.5
2015-11-19 17:00:00,25.7,72,0.0,14.0,1,-0.24433369012196898,-13.997867732189478
2015-11-19 18:00:00,24.0,81,0.0,16.2,3,-0.8478424911356978,-16.177798463024097
2015-11-19 19:00:00,22.8,87,0.0,16.0,9,-2.5029514406436966,-15.803013449522203
2015-11-19 20:00:00,21.7,91,0.0,14.3,12,-2.973137178693965,-13.987510690493421
2015-11-19 21:00:00,21.6,90,0.0,12.8,11,-2.442355140819771,-12.5648279481301
2015-11-19 22:00:00,21.8,90,0.0,12.8,11,-2.442355140819771,-12.5648279481301
2015-11-19 23:00:00,19.7,95,0.0,13.4,14,-3.2417534010355484,-13.001962732098352
2015-11-20 00:00:00,18.7,97,0.0,13.1,16,-3.6108493612026855,-12.592528216791978
2015-11-20 01:00:00,19.4,93,0.0,13.0,19,-4.232386007943036,-12.291741482791119
2015-11-20 02:00:00,20.1,90,0.0,12.1,23,-4.727846654720214,-11.138108726774528
2015-11-20 03:00:00,19.8,90,0.0,10.8,30,-5.400000000000005,-9.353074360871934
2015-11-20 04:00:00,19.1,91,0.0,9.7,31,-4.9958693266275285,-8.314522816810486
2015-11-20 05:00:00,19.1,90,0.0,9.1,34,-5.088655421583794,-7.54424191025088
2015-11-20 06:00:00,19.4,89,0.0,9.9,33,-5.3919264466487675,-8.302838622659698
2015-11-20 07:00:00,19.4,90,0.0,7.6,31,-3.914289369316414,-6.514471485336052
2015-11-20 08:00:00,22.2,89,0.0,7.4,23,-2.8914103508206264,-6.811735915548058
2015-11-20 09:00:00,24.9,73,0.0,9.0,2,-0.31409547032250684,-8.994517443171862
2015-11-20 10:00:00,26.3,68,0.0,10.1,354,1.0557374790032998,-10.04467114321956
2015-11-20 11:00:00,27.0,65,0.0,11.4,349,2.175222547292612,-11.19054989130337
2015-11-20 12:00:00,27.2,64,0.0,10.9,351,1.705135668938517,-10.765802912487002
2015-11-20 13:00:00,27.3,63,0.0,9.9,350,1.7191169589026112,-9.74959675482086
2015-11-20 14:00:00,27.6,62,0.0,10.4,346,2.515987714236544,-10.091075553270363
2015-11-20 15:00:00,27.3,64,0.0,11.3,351,1.7677094549546095,-11.160878248725057
2015-11-20 16:00:00,26.7,68,0.0,12.3,357,0.6437322617882109,-12.283143277481258
2015-11-20 17:00:00,25.7,74,0.0,10.8,2,-0.37691456438700827,-10.793420931806235
2015-11-20 18:00:00,24.4,85,0.0,11.9,3,-0.6227978792910372,-11.88369146357943
2015-11-20 19:00:00,24.3,81,0.0,11.7,18,-3.6154988341868863,-11.127361240653295
2015-11-20 20:00:00,24.0,81,0.0,10.0,21,-3.583679495453007,-9.335804264972015
2015-11-20 21:00:00,23.6,82,0.0,9.1,18,-2.8120546488120226,-8.654614298285896
2015-11-20 22:00:00,23.1,83,0.0,10.0,26,-4.383711467890778,-8.987940462991668
2015-11-20 23:00:00,23.2,82,0.0,10.9,27,-4.9484964471610615,-9.71197111365321
2015-11-21 00:00:00,22.9,83,0.0,10.0,38,-6.156614753256581,-7.8801075360672215
2015-11-21 01:00:00,22.2,86,0.0,7.7,41,-5.051654523226906,-5.811263767715345
2015-11-21 02:00:00,21.0,90,0.0,7.2,37,-4.333068166694748,-5.750175672340508
2015-11-21 03:00:00,21.0,89,0.7000000000000001,10.0,30,-5.000000000000004,-8.660254037844384
2015-11-21 04:00:00,20.2,91,0.7000000000000001,9.4,40,-6.042203531053471,-7.2008177653183925
2015-11-21 05:00:00,19.9,92,0.4,6.9,47,-5.0463405411722775,-4.705788684431239
2015-11-21 06:00:00,19.6,93,0.4,9.0,16,-2.4807362023529897,-8.651355263444872
2015-11-21 07:00:00,19.8,94,0.4,7.8,22,-2.921931428644116,-7.232034065620941
2015-11-21 08:00:00,22.5,92,0.3,6.1,40,-3.9210044190878905,-4.672871103025765
2015-11-21 09:00:00,24.0,85,0.3,5.5,32,-2.9145559532826275,-4.664264528860342
2015-11-21 10:00:00,25.1,80,0.1,6.7,36,-3.938161190359571,-5.420413862312147
2015-11-21 11:00:00,26.1,76,0.0,7.0,12,-1.4553818357243185,-6.847033205136639
2015-11-21 12:00:00,26.4,74,0.0,8.0,352,1.1133848076805237,-7.922144549932563
2015-11-21 13:00:00,26.4,73,0.0,8.6,2,-0.3001356716415065,-8.594761112364223
2015-11-21 14:00:00,26.8,70,0.0,8.8,12,-1.8296228791962863,-8.60769888645749
2015-11-21 15:00:00,25.3,78,2.0,8.3,34,-4.6413010988071965,-6.881011852206848
2015-11-21 16:00:00,24.6,82,1.7000000000000002,6.8,58,-5.766727053863697,-3.6034509967857926
2015-11-21 17:00:00,23.8,86,1.2,6.3,66,-5.755336383148386,-2.5624408513775414
2015-11-21 18:00:00,23.0,89,0.6,9.5,37,-5.717242719944458,-7.587037345449282
2015-11-21 19:00:00,22.1,92,0.2,9.2,31,-4.738350289172501,-7.885939166459431
2015-11-21 20:00:00,21.3,93,0.0,8.8,19,-2.864999759222979,-8.320563465273988
2015-11-21 21:00:00,22.0,89,0.0,8.9,14,-2.1531048708370433,-8.635631963856369
2015-11-21 22:00:00,22.3,87,0.0,8.9,21,-3.1894747509531767,-8.308865795825096
2015-11-21 23:00:00,22.2,87,0.0,7.7,28,-3.614931033451359,-6.798696465013738
2015-11-22 00:00:00,21.2,89,0.0,6.2,36,-3.644268564213334,-5.015905365124674
2015-11-22 01:00:00,20.7,91,0.0,6.4,52,-5.043268823083022,-3.9402334420842124
2015-11-22 02:00:00,20.3,92,0.0,5.3,62,-4.679622242152313,-2.4881992827652213
2015-11-22 03:00:00,19.0,95,0.0,5.1,98,-5.050367150582009,0.7097828148963331
2015-11-22 04:00:00,19.0,93,0.0,2.5,98,-2.475670171853926,0.3479327524001633
2015-11-22 05:00:00,19.9,89,0.0,4.3,5,-0.37476969381493047,-4.283637201794505
2015-11-22 06:00:00,19.1,93,0.0,5.1,356,0.35575801609503865,-5.087576656325103
2015-11-22 07:00:00,19.0,94,0.0,4.2,31,-2.163159914622229,-3.600102662948871
2015-11-22 08:00:00,21.7,92,0.0,4.6,51,-3.5748714227020653,-2.894873798829253
2015-11-22 09:00:00,23.6,83,0.0,4.6,18,-1.4214781741247586,-4.3748599749577055
2015-11-22 10:00:00,25.2,75,0.0,8.0,355,0.6972459419812651,-7.969557584733964
2015-11-22 11:00:00,26.4,69,0.0,11.3,351,1.7677094549546095,-11.160878248725057
2015-11-22 12:00:00,27.0,66,0.0,13.1,352,1.8231676225768576,-12.972511700514572
2015-11-22 13:00:00,27.1,66,0.0,13.0,354,1.358870022479495,-12.928784639787553
2015-11-22 14:00:00,26.8,67,0.0,11.6,355,1.0110066158728344,-11.555858497864248
2015-11-22 15:00:00,26.9,68,0.0,11.3,353,1.3771235804781667,-11.215771513546938
2015-11-22 16:00:00,26.3,71,0.0,12.0,353,1.4624321208617699,-11.910553819695863
2015-11-22 17:00:00,25.1,77,0.0,11.2,356,0.7812725059342026,-11.17271736291003
2015-11-22 18:00:00,23.6,87,0.0,12.3,3,-0.643732261788215,-12.283143277481258
2015-11-22 19:00:00,23.5,84,0.0,13.4,14,-3.2417534010355484,-13.001962732098352
2015-11-22 20:00:00,23.1,85,0.0,13.6,12,-2.8275989951215332,-13.302807369979755
2015-11-22 21:00:00,22.8,86,0.0,14.1,4,-0.9835662797921707,-14.06565310866352
2015-11-22 22:00:00,22.6,87,0.0,14.5,7,-1.767105479374634,-14.39191919879917
2015-11-22 23:00:00,22.3,87,0.0,14.1,15,-3.6493485359455407,-13.619554150675864
2015-11-23 00:00:00,21.9,88,0.0,12.6,27,-5.720280296718291,-11.226682204773434
2015-11-23 01:00:00,21.8,88,0.0,11.0,32,-5.829111906565255,-9.328529057720685
2015-11-23 02:00:00,21.5,88,0.0,11.4,24,-4.636797731064121,-10.414418217125652
2015-11-23 03:00:00,20.0,87,0.0,12.4,17,-3.62540913856194,-11.858178973941639
2015-11-23 04:00:00,19.4,88,0.0,12.3,21,-4.407925779407199,-11.483039245915581
2015-11-23 05:00:00,19.0,89,0.0,12.4,22,-4.645121758357313,-11.497079796628164
2015-11-23 06:00:00,18.8,88,0.0,12.6,20,-4.3094538059034235,-11.840127021902445
2015-11-23 07:00:00,19.3,87,0.0,13.8,20,-4.719877977894226,-12.967758166845536
2015-11-23 08:00:00,22.0,87,0.0,15.1,18,-4.666156615061708,-14.360953396056818
2015-11-23 09:00:00,24.6,76,0.0,16.7,14,-4.040095656514452,-16.20393862880914
2015-11-23 10:00:00,25.7,71,0.0,16.8,9,-2.6280990126758814,-16.593164121998313
2015-11-23 11:00:00,26.6,67,0.0,17.0,4,-1.185860053650135,-16.958588854417012
2015-11-23 12:00:00,27.3,65,0.0,18.7,358,0.6526205883367702,-18.68860846525709
2015-11-23 13:00:00,27.4,66,0.0,23.4,356,1.6323014856125304,-23.342998776079884
2015-11-23 14:00:00,26.9,70,0.0,24.8,1,-0.43281967964463075,-24.796222839878503
2015-11-23 15:00:00,26.3,74,0.0,25.2,360,1.543054966925665e-15,-25.2
2015-11-23 16:00:00,25.2,78,0.0,24.1,1,-0.42060299513853233,-24.096329453269032
2015-11-23 17:00:00,24.0,82,0.0,22.7,2,-0.7922185751467673,-22.686171773333474
2015-11-23 18:00:00,23.1,85,0.0,22.7,4,-1.5834719539916506,-22.644703940898008
2015-11-23 19:00:00,22.4,89,0.0,21.1,9,-3.300767212348875,-20.840223986557405
2015-11-23 20:00:00,22.0,90,0.0,18.8,12,-3.908739787373884,-18.389174893795545
2015-11-23 21:00:00,21.5,91,0.0,17.7,13,-3.981633661886415,-17.24635014669866
2015-11-23 22:00:00,21.6,89,0.0,16.9,11,-3.224672021863604,-16.58949940026552
2015-11-23 23:00:00,21.2,89,0.0,16.2,12,-3.3681693912477084,-15.845991131887649
2015-11-24 00:00:00,21.1,89,0.0,15.3,15,-3.959931390068566,-14.778665142222746
2015-11-24 01:00:00,21.3,88,0.0,15.3,15,-3.959931390068566,-14.778665142222746
2015-11-24 02:00:00,21.1,87,0.0,15.6,15,-4.037577103599322,-15.068442890109464
2015-11-24 03:00:00,21.6,83,0.0,15.5,18,-4.789763412811687,-14.74137600257488
2015-11-24 04:00:00,21.6,83,0.0,15.6,23,-6.095405604432671,-14.359875713858068
2015-11-24 05:00:00,21.6,82,0.0,15.4,21,-5.518866422997631,-14.377138568056905
2015-11-24 06:00:00,21.5,82,0.0,15.5,18,-4.789763412811687,-14.74137600257488
2015-11-24 07:00:00,21.7,81,0.0,17.5,19,-5.697442703000242,-16.546575072988045
2015-11-24 08:00:00,22.4,84,0.0,20.0,14,-4.838437911993355,-19.40591452551993
2015-11-24 09:00:00,24.1,75,0.0,23.5,11,-4.4840113913487984,-23.0682388110201
2015-11-24 10:00:00,24.9,71,0.0,25.3,11,-4.8274675830265785,-24.8351677412259
2015-11-24 11:00:00,25.4,69,0.0,26.1,11,-4.980114779327814,-25.620469487984032
2015-11-24 12:00:00,25.9,68,0.0,25.2,10,-4.375934077206645,-24.817155375907642
2015-11-24 13:00:00,25.8,68,0.0,23.7,10,-4.115461810706249,-23.33994374638933
2015-11-24 14:00:00,25.6,69,0.0,23.0,10,-3.9939080863393976,-22.650578319280786
2015-11-24 15:00:00,24.9,70,0.0,23.3,8,-3.242733252369534,-23.073246001678587
2015-11-24 16:00:00,24.2,71,0.0,22.9,7,-2.79080796397787,-22.729306872586275
2015-11-24 17:00:00,23.1,74,0.0,20.7,7,-2.5226954084865465,-20.545705338975367
2015-11-24 18:00:00,22.2,79,0.0,18.8,7,-2.291143656016767,-18.659867650856857
2015-11-24 19:00:00,21.2,84,0.0,16.8,10,-2.91728938480443,-16.544770250605094
2015-11-24 20:00:00,20.5,87,0.0,14.8,6,-1.5470212563612697,-14.718924051450447
2015-11-24 21:00:00,19.9,88,0.0,15.8,1,-0.27574802170907925,-15.797593583470983
2015-11-24 22:00:00,19.9,88,0.0,16.6,2,-0.5793316452615127,-16.58988772851699
2015-11-24 23:00:00,19.8,88,0.0,15.6,8,-2.171100374977027,-15.448181872368496
2015-11-25 00:00:00,20.2,87,0.0,15.0,10,-2.6047226650039548,-14.772116295183121
2015-11-25 01:00:00,20.3,86,0.0,14.7,11,-2.8048922320352054,-14.42991959668066
2015-11-25 02:00:00,19.9,88,0.0,14.4,13,-3.23929518255166,-14.030928932907386
2015-11-25 03:00:00,19.1,89,0.0,15.2,14,-3.67721281311495,-14.748495039395145
2015-11-25 04:00:00,18.5,91,0.0,16.3,14,-3.9433268982745853,-15.815820338298742
2015-11-25 05:00:00,18.0,92,0.0,16.2,17,-4.736421616508341,-15.492137046601172
2015-11-25 06:00:00,18.1,91,0.0,14.6,20,-4.99349409255476,-13.719512263474263
2015-11-25 07:00:00,18.1,91,0.0,14.2,21,-5.0888248835432695,-13.256842056260263
2015-11-25 08:00:00,20.6,86,0.0,16.9,16,-4.658271313307281,-16.24532266135759
2015-11-25 09:00:00,22.9,76,0.0,19.1,12,-3.971113294619212,-18.682619174015688
2015-11-25 10:00:00,24.0,70,0.0,21.1,8,-2.936552430257389,-20.894656250447134
2015-11-25 11:00:00,24.6,66,0.0,21.8,9,-3.410271337877037,-21.531605824974
2015-11-25 12:00:00,24.5,66,0.0,22.3,9,-3.488488570397152,-22.025449995271572
2015-11-25 13:00:00,24.4,66,0.0,24.3,7,-2.9614250447450763,-24.118871484884128
2015-11-25 14:00:00,24.0,67,0.0,26.8,6,-2.80136281557311,-26.65318679586973
2015-11-25 15:00:00,23.9,67,0.0,27.6,8,-3.841177586497817,-27.33139869726734
2015-11-25 16:00:00,22.8,72,0.0,28.3,7,-3.448902418365665,-28.089056091449415
2015-11-25 17:00:00,21.3,77,0.0,29.3,6,-3.0626839737422435,-29.13949153429041
2015-11-25 18:00:00,20.0,82,0.0,29.9,9,-4.677390504702908,-29.531881383794616
2015-11-25 19:00:00,19.4,83,0.0,29.8,12,-6.195768386369242,-29.148798501867407
2015-11-25 20:00:00,19.0,82,0.0,29.7,10,-5.157350876707831,-29.248790264462578
2015-11-25 21:00:00,18.6,82,0.0,28.9,14,-6.991542782830399,-28.041546489376298
2015-11-25 22:00:00,18.1,81,0.0,27.6,15,-7.14340564482957,-26.659552805578286
2015-11-25 23:00:00,17.9,81,0.0,27.1,14,-6.556083370750997,-26.295014182079505
2015-11-26 00:00:00,17.7,80,0.0,28.9,11,-5.514379966382139,-28.36902560163749
2015-11-26 01:00:00,17.3,80,0.0,31.1,11,-5.934159756210538,-30.52860540522235
2015-11-26 02:00:00,17.2,78,0.0,31.7,9,-4.958972541775323,-31.309720396865863
2015-11-26 03:00:00,16.9,78,0.0,32.6,7,-3.972940595007798,-32.3570045435071
2015-11-26 04:00:00,16.5,76,0.0,33.0,8,-4.592712331682172,-32.678846268471816
2015-11-26 05:00:00,16.2,74,0.0,32.3,8,-4.495291161010126,-31.985658620352716
2015-11-26 06:00:00,16.1,72,0.0,29.0,6,-3.0313254347619476,-28.841134965679927
2015-11-26 07:00:00,16.1,71,0.0,29.6,5,-2.579809985330684,-29.48736306351567
2015-11-26 08:00:00,17.3,66,0.0,31.0,3,-1.6224146435312734,-30.95751557739179
2015-11-26 09:00:00,18.4,62,0.0,33.6,4,-2.3438175178026195,-33.5181520887301
2015-11-26 10:00:00,19.3,58,0.0,35.1,5,-3.059166570442805,-34.96643390302027
2015-11-26 11:00:00,20.0,56,0.0,35.5,6,-3.7107604460016943,-35.3055272855737
2015-11-26 12:00:00,20.3,54,0.0,35.5,7,-4.326361690882725,-35.23538838326694
2015-11-26 13:00:00,20.3,53,0.0,35.9,7,-4.375109428244783,-35.63240684392346
2015-11-26 14:00:00,20.0,53,0.0,34.6,8,-4.815389293218278,-34.26327517845833
2015-11-26 15:00:00,19.8,54,0.0,33.4,7,-4.070436069731915,-33.15104146482015
2015-11-26 16:00:00,18.6,56,0.0,31.5,7,-3.838884317262136,-31.265203776701647
2015-11-26 17:00:00,17.2,58,0.0,29.7,6,-3.1044953590493045,-29.53730029243772
2015-11-26 18:00:00,16.2,60,0.0,30.0,5,-2.6146722824297477,-29.885840942752367
2015-11-26 19:00:00,15.7,60,0.0,30.6,2,-1.0679245990965234,-30.581359306784332
2015-11-26 20:00:00,15.3,59,0.0,30.2,1,-0.5270626744059617,-30.195400393723016
2015-11-26 21:00:00,14.9,59,0.0,30.2,1,-0.5270626744059617,-30.195400393723016
2015-11-26 22:00:00,14.7,59,0.0,28.5,4,-1.988059501707579,-28.43057543240499
2015-11-26 23:00:00,14.6,58,0.0,25.7,5,-2.2399025886148167,-25.60220374095786
2015-11-27 00:00:00,14.5,59,0.0,24.2,4,-1.688106664607839,-24.141050016287746
2015-11-27 01:00:00,14.1,62,0.0,24.2,5,-2.1091689744933295,-24.107911693820242
2015-11-27 02:00:00,13.7,64,0.0,24.3,6,-2.5400416574039766,-24.166882057449044
2015-11-27 03:00:00,13.7,65,0.0,23.6,7,-2.8761165043614736,-23.4240891787352
2015-11-27 04:00:00,13.0,69,0.0,22.2,8,-3.089642841313461,-21.98395112606286
2015-11-27 05:00:00,12.9,71,0.0,21.1,9,-3.300767212348875,-20.840223986557405
2015-11-27 06:00:00,12.5,74,0.0,22.8,6,-2.383248962502497,-22.675099214396635
2015-11-27 07:00:00,12.5,76,0.0,24.7,8,-3.4375755937136256,-24.459621297916783
2015-11-27 08:00:00,15.8,67,0.0,24.1,9,-3.770070607469568,-23.80328900834282
2015-11-27 09:00:00,18.1,57,0.0,23.6,7,-2.8761165043614736,-23.4240891787352
2015-11-27 10:00:00,19.3,54,0.0,23.8,3,-1.2455957585820745,-23.76738292715886
2015-11-27 11:00:00,20.2,52,0.0,24.1,2,-0.8410778705302684,-24.08531893116021
2015-11-27 12:00:00,20.8,52,0.0,24.1,360,1.4756993929725606e-15,-24.1
2015-11-27 13:00:00,21.0,52,0.0,24.1,1,-0.42060299513853233,-24.096329453269032
2015-11-27 14:00:00,20.7,54,0.0,23.8,2,-0.8306080215195182,-23.78550168305448
2015-11-27 15:00:00,20.4,54,0.0,22.0,2,-0.7677889274550167,-21.986598194420107
2015-11-27 16:00:00,19.7,57,0.0,19.1,3,-0.9996167642402364,-19.07382411381236
2015-11-27 17:00:00,18.5,61,0.0,16.2,4,-1.1300548746548345,-16.16053761420915
2015-11-27 18:00:00,17.4,68,0.0,15.0,10,-2.6047226650039548,-14.772116295183121
2015-11-27 19:00:00,16.8,75,0.0,14.3,12,-2.973137178693965,-13.987510690493421
2015-11-27 20:00:00,16.6,76,0.0,13.6,11,-2.5950023371210067,-13.35012969488823
2015-11-27 21:00:00,16.8,74,0.0,12.3,7,-1.4989929238833102,-12.208317665188263
2015-11-27 22:00:00,17.0,74,0.0,11.9,5,-1.0371533386971332,-11.854716907291772
2015-11-27 23:00:00,17.3,74,0.0,11.3,9,-1.7677094549546108,-11.160878248725057
2015-11-28 00:00:00,17.2,75,0.0,11.0,11,-2.098898949141991,-10.797899017924303
2015-11-28 01:00:00,17.0,77,0.0,9.8,8,-1.363896389408645,-9.704627073667389
2015-11-28 02:00:00,17.0,78,0.0,9.1,7,-1.1090110249868392,-9.03216997993603
2015-11-28 03:00:00,16.3,79,0.0,9.7,2,-0.33852511801425733,-9.694091022085228
2015-11-28 04:00:00,16.4,79,0.0,10.1,6,-1.055737479003299,-10.044671143219562
2015-11-28 05:00:00,16.7,79,0.0,10.2,10,-1.7712114122026892,-10.045039080724521
2015-11-28 06:00:00,16.5,79,0.0,8.9,27,-4.040515447681968,-7.929958065276474
2015-11-28 07:00:00,16.4,80,0.0,8.5,36,-4.996174644486023,-6.876644452187052
2015-11-28 08:00:00,17.2,87,0.0,6.0,17,-1.7542302283364226,-5.7378285357782115
2015-11-28 09:00:00,20.3,66,0.0,10.1,356,0.7045403848156648,-10.075396907624224
2015-11-28 10:00:00,21.5,61,0.0,12.3,357,0.6437322617882109,-12.283143277481258
2015-11-28 11:00:00,22.3,59,0.0,13.0,354,1.358870022479495,-12.928784639787553
2015-11-28 12:00:00,23.1,58,0.0,13.1,352,1.8231676225768576,-12.972511700514572
2015-11-28 13:00:00,23.6,58,0.0,11.6,353,1.4136843834997108,-11.513535359039334
2015-11-28 14:00:00,23.7,58,0.0,12.0,351,1.877213580482771,-11.852260087141653
2015-11-28 15:00:00,23.5,58,0.0,14.1,356,0.9835662797921657,-14.06565310866352
2015-11-28 16:00:00,22.9,59,0.0,14.0,1,-0.24433369012196898,-13.997867732189478
2015-11-28 17:00:00,21.7,64,0.0,11.6,7,-1.413684383499707,-11.513535359039336
2015-11-28 18:00:00,20.0,76,0.0,12.3,7,-1.4989929238833102,-12.208317665188263
2015-11-28 19:00:00,19.4,75,0.0,11.1,25,-4.691062705321761,-10.060016436106816
2015-11-28 20:00:00,20.0,71,0.0,8.7,24,-3.5386087947594604,-7.947845481490628
2015-11-28 21:00:00,19.7,73,0.0,8.1,13,-1.8221035401853085,-7.892397524760404
2015-11-28 22:00:00,19.3,75,0.0,8.8,9,-1.3766232923540331,-8.691657397237211
2015-11-28 23:00:00,18.9,77,0.0,7.9,16,-2.1775351109542913,-7.593967397912721
2015-11-29 00:00:00,18.6,79,0.0,7.6,19,-2.4743179738743906,-7.185941174554808
2015-11-29 01:00:00,17.6,81,0.0,7.8,22,-2.921931428644116,-7.232034065620941
2015-11-29 02:00:00,15.7,86,0.0,5.6,45,-3.9597979746446668,-3.9597979746446654
2015-11-29 03:00:00,15.7,86,0.0,4.7,58,-3.9858260519352027,-2.4906205418960625
2015-11-29 04:00:00,15.7,86,0.0,5.5,23,-2.149021206691006,-5.062776693988422
2015-11-29 05:00:00,15.2,88,0.0,9.4,18,-2.904759747124507,-8.939931253174443
2015-11-29 06:00:00,15.2,89,0.0,10.1,17,-2.9529542176996446,-9.658678035226657
2015-11-29 07:00:00,15.4,89,0.0,10.3,25,-4.352968095929202,-9.334970206477497
2015-11-29 08:00:00,18.5,88,0.0,10.2,18,-3.1519733426244647,-9.700776466210565
2015-11-29 09:00:00,22.4,70,0.0,13.3,2,-0.4641633061432601,-13.291897999353974
2015-11-29 10:00:00,23.6,65,0.0,15.1,3,-0.790272939268459,-15.079305974794064
2015-11-29 11:00:00,24.5,62,0.0,15.5,5,-1.350914012588703,-15.441017820422056
2015-11-29 12:00:00,24.9,62,0.0,15.8,1,-0.27574802170907925,-15.797593583470983
2015-11-29 13:00:00,24.6,65,0.0,17.7,358,0.6177210916342691,-17.689217638237995
2015-11-29 14:00:00,24.1,68,0.0,20.2,358,0.7049698333905218,-20.187694705785734
2015-11-29 15:00:00,23.6,72,0.0,19.8,2,-0.691010034709515,-19.787938374978097
2015-11-29 16:00:00,22.8,75,0.0,18.1,5,-1.5775189437326145,-18.031124035460596
2015-11-29 17:00:00,21.5,81,0.0,16.0,8,-2.2267696153610532,-15.844289099865124
2015-11-29 18:00:00,20.2,87,0.0,16.6,13,-3.7341875021081634,-16.174543075434904
2015-11-29 19:00:00,19.5,91,0.0,16.1,20,-5.506524307543264,-15.129051194653128
2015-11-29 20:00:00,19.0,93,0.0,15.1,18,-4.666156615061708,-14.360953396056818
2015-11-29 21:00:00,18.6,93,0.0,14.5,14,-3.507867486195183,-14.06928803100195
2015-11-29 22:00:00,18.1,94,0.0,14.8,13,-3.3292756042892058,-14.420676958821481
2015-11-29 23:00:00,17.6,96,0.0,15.3,9,-2.393447315115535,-15.111631611105606
2015-11-30 00:00:00,17.2,94,0.0,15.7,11,-2.9957012274117503,-15.411546780128324
2015-11-30 01:00:00,17.0,91,0.0,14.8,13,-3.3292756042892058,-14.420676958821481
2015-11-30 02:00:00,16.9,90,0.0,14.7,11,-2.8048922320352054,-14.42991959668066
2015-11-30 03:00:00,17.6,87,0.0,14.3,10,-2.483168940637104,-14.082750868074575
2015-11-30 04:00:00,17.4,87,0.0,14.3,10,-2.483168940637104,-14.082750868074575
2015-11-30 05:00:00,17.3,87,0.0,14.3,10,-2.483168940637104,-14.082750868074575
2015-11-30 06:00:00,17.2,86,0.0,14.4,13,-3.23929518255166,-14.030928932907386
2015-11-30 07:00:00,17.2,86,0.0,14.8,14,-3.5804440548750835,-14.360376748884748
2015-11-30 08:00:00,19.5,84,0.0,16.5,11,-3.148348423712986,-16.196848526886455
2015-11-30 09:00:00,22.0,73,0.0,18.5,7,-2.2545828529952225,-18.36210380536446
2015-11-30 10:00:00,23.2,67,0.0,19.1,4,-1.3323486485127987,-19.053473359962645
2015-11-30 11:00:00,24.2,62,0.0,19.1,3,-0.9996167642402364,-19.07382411381236
2015-11-30 12:00:00,24.8,60,0.0,18.4,1,-0.3211242784460163,-18.3971975908776
2015-11-30 13:00:00,24.9,60,0.0,18.4,360,1.1266750552155648e-15,-18.4
2015-11-30 14:00:00,24.9,60,0.0,18.0,1,-0.31414331587110295,-17.997258512815044
2015-11-30 15:00:00,24.5,62,0.0,18.7,1,-0.3263600003772014,-18.697151899424515
2015-11-30 16:00:00,23.5,66,0.0,18.8,3,-0.983915977367353,-18.77423525338599
2015-11-30 17:00:00,22.1,71,0.0,16.6,4,-1.1579574641524848,-16.55956323431308
2015-11-30 18:00:00,20.9,79,0.0,12.7,8,-1.7674983821928358,-12.576404473017941
2015-11-30 19:00:00,20.3,83,0.0,11.7,9,-1.830283240970703,-11.55595358496311
2015-11-30 20:00:00,20.5,80,0.0,11.5,2,-0.40134421207875876,-11.492994510719601
2015-11-30 21:00:00,20.3,82,0.0,11.5,360,7.041719095097281e-16,-11.5
2015-11-30 22:00:00,20.1,83,0.0,10.1,4,-0.7045403848156684,-10.075396907624224
2015-11-30 23:00:00,19.8,85,0.0,8.4,20,-2.872969203935616,-7.8934180146016315
2015-12-01 00:00:00,19.4,86,0.0,7.1,30,-3.550000000000003,-6.148780366869512
2015-12-01 01:00:00,18.8,87,0.0,6.5,34,-3.6347538725598527,-5.388744221607772
2015-12-01 02:00:00,17.6,89,0.0,6.4,38,-3.940233442084212,-5.043268823083022
2015-12-01 03:00:00,19.1,82,0.0,6.4,52,-5.043268823083022,-3.9402334420842124
2015-12-01 04:00:00,17.9,85,0.0,6.1,62,-5.385980316439453,-2.863776532993934
2015-12-01 05:00:00,17.0,87,0.0,5.5,67,-5.062776693988422,-2.1490212066910046
2015-12-01 06:00:00,16.1,91,0.0,6.6,61,-5.772490067120012,-3.1997434936258236
2015-12-01 07:00:00,15.4,92,0.0,6.2,54,-5.015905365124675,-3.644268564213333
2015-12-01 08:00:00,18.9,90,0.0,6.1,40,-3.9210044190878905,-4.672871103025765
2015-12-01 09:00:00,22.4,73,0.0,8.1,13,-1.8221035401853085,-7.892397524760404
2015-12-01 10:00:00,23.8,68,0.0,9.7,4,-0.676637795318018,-9.676371287520293
2015-12-01 11:00:00,24.9,64,0.0,10.8,360,6.613092715395707e-16,-10.8
2015-12-01 12:00:00,25.5,61,0.0,12.3,357,0.6437322617882109,-12.283143277481258
2015-12-01 13:00:00,25.6,61,0.0,13.8,353,1.6817969389910354,-13.697136892650244
2015-12-01 14:00:00,25.5,61,0.0,14.6,350,2.535263393937184,-14.378193193978237
2015-12-01 15:00:00,24.9,62,0.0,15.7,351,2.4560211011316255,-15.506706947343663
2015-12-01 16:00:00,24.2,65,0.0,14.4,356,1.0044932219154035,-14.36492232374147
2015-12-01 17:00:00,23.0,70,0.0,11.5,358,0.4013442120787624,-11.492994510719601
2015-12-01 18:00:00,21.2,83,0.0,11.9,358,0.41530401075976286,-11.89275084152724
2015-12-01 19:00:00,21.4,77,0.0,12.3,5,-1.0720156357961965,-12.253194786528471
2015-12-01 20:00:00,20.8,80,0.0,11.2,4,-0.7812725059342065,-11.17271736291003
2015-12-01 21:00:00,20.4,82,0.0,10.8,358,0.3769145643870117,-10.793420931806235
2015-12-01 22:00:00,20.1,82,0.0,10.1,360,6.184466335694133e-16,-10.1
2015-12-01 23:00:00,19.6,84,0.0,9.0,2,-0.31409547032250684,-8.994517443171862
2015-12-02 00:00:00,17.6,91,0.0,9.7,2,-0.33852511801425733,-9.694091022085228
2015-12-02 01:00:00,15.5,97,0.0,9.7,15,-2.51054473749445,-9.369480515003962
2015-12-02 02:00:00,14.8,97,0.0,9.0,29,-4.3632865822170315,-7.871577364254564
2015-12-02 03:00:00,15.6,96,0.0,8.5,36,-4.996174644486023,-6.876644452187052
2015-12-02 04:00:00,15.0,96,0.0,8.0,36,-4.702282018339786,-6.472135954999579
2015-12-02 05:00:00,15.0,94,0.0,9.6,20,-3.283393375926418,-9.02104915954472
2015-12-02 06:00:00,15.0,93,0.0,10.0,30,-5.000000000000004,-8.660254037844384
2015-12-02 07:00:00,15.2,92,0.0,8.1,32,-4.292346040288961,-6.86918957886705
2015-12-02 08:00:00,18.3,91,0.0,7.8,34,-4.361704647071823,-6.466493065929326
2015-12-02 09:00:00,22.5,73,0.0,7.7,28,-3.614931033451359,-6.798696465013738
2015-12-02 10:00:00,24.0,66,0.0,6.9,9,-1.0793978087775942,-6.81504955010645
2015-12-02 11:00:00,24.8,64,0.0,9.3,344,2.5634274090980926,-8.939733772226367
2015-12-02 12:00:00,25.3,64,0.0,11.6,344,3.19739332747719,-11.1506356728845
2015-12-02 13:00:00,25.5,64,0.0,11.8,348,2.453357951649562,-11.542141688658907
2015-12-02 14:00:00,25.2,66,0.0,12.6,347,2.8343832847326977,-12.277062816293963
2015-12-02 15:00:00,25.1,66,0.0,15.0,349,2.862134930648174,-14.72440775171496
2015-12-02 16:00:00,24.0,72,0.0,16.2,356,1.1300548746548287,-16.16053761420915
2015-12-02 17:00:00,22.5,80,0.0,15.8,359,0.27574802170908086,-15.797593583470983
2015-12-02 18:00:00,21.1,87,0.0,15.5,1,-0.2705122997778942,-15.497639274924065
2015-12-02 19:00:00,20.2,91,0.0,15.2,4,-1.0602984009107088,-15.162973563949327
2015-12-02 20:00:00,19.5,94,0.0,14.9,7,-1.815853216736693,-14.7889376594557
2015-12-02 21:00:00,19.1,95,0.0,15.0,10,-2.6047226650039548,-14.772116295183121
2015-12-02 22:00:00,18.8,95,0.0,14.8,14,-3.5804440548750835,-14.360376748884748
2015-12-02 23:00:00,18.0,97,0.0,14.3,18,-4.41894301956175,-13.600108183020696
2015-12-03 00:00:00,17.4,96,0.0,14.2,16,-3.914050452601384,-13.649916082324129
2015-12-03 01:00:00,17.6,92,0.0,16.5,11,-3.148348423712986,-16.196848526886455
2015-12-03 02:00:00,17.7,89,0.0,18.4,12,-3.82557511104678,-17.997915853502022
2015-12-03 03:00:00,17.1,90,0.0,18.8,12,-3.908739787373884,-18.389174893795545
2015-12-03 04:00:00,16.8,90,0.0,20.3,12,-4.2206073236005235,-19.856396294896253
2015-12-03 05:00:00,16.5,89,0.0,21.0,13,-4.723972141221171,-20.461771360489937
2015-12-03 06:00:00,16.6,87,0.0,19.3,14,-4.669092585073589,-18.726707517126734
2015-12-03 07:00:00,17.4,83,0.0,18.3,10,-3.177761651304825,-18.02198188012341
2015-12-03 08:00:00,19.3,79,0.0,21.6,3,-1.1304566548475972,-21.570397950698798
2015-12-03 09:00:00,21.4,70,0.0,23.4,3,-1.2246613760848968,-23.367931113257026
2015-12-03 10:00:00,21.9,67,0.0,23.5,4,-1.639277132986951,-23.44275518110587
2015-12-03 11:00:00,22.5,65,0.0,23.2,6,-2.425060347809558,-23.07290797254394
2015-12-03 12:00:00,23.1,63,0.0,22.1,7,-2.6933124892537528,-21.93526995127322
2015-12-03 13:00:00,23.2,61,0.0,21.4,7,-2.608003948870149,-21.24048764512429
2015-12-03 14:00:00,22.7,62,0.0,21.3,5,-1.8564173205251209,-21.21894706935418
2015-12-03 15:00:00,22.6,62,0.0,22.4,5,-1.9522886375475446,-22.314761237255098
2015-12-03 16:00:00,21.7,64,0.0,21.0,6,-2.1950977286207207,-20.884959802733743
2015-12-03 17:00:00,20.8,66,0.0,20.3,6,-2.1219278043333634,-20.18879447597595
2015-12-03 18:00:00,20.1,68,0.0,19.7,9,-3.081758961292551,-19.457460309724212
2015-12-03 19:00:00,19.7,70,0.0,18.0,12,-3.7424104347196763,-17.6066568132085
2015-12-03 20:00:00,19.3,73,0.0,18.1,6,-1.891965185144526,-18.00084630616575
2015-12-03 21:00:00,19.2,73,0.0,21.4,7,-2.608003948870149,-21.24048764512429
2015-12-03 22:00:00,19.1,73,0.0,20.9,11,-3.9879080033697822,-20.516008134056175
2015-12-03 23:00:00,19.0,73,0.0,19.8,10,-3.4382339178052206,-19.49919350964172
2015-12-04 00:00:00,18.8,74,0.0,19.7,8,-2.7417100889132966,-19.50828095420893
2015-12-04 01:00:00,18.6,75,0.0,20.0,8,-2.7834620192013166,-19.805361374831406
2015-12-04 02:00:00,18.5,76,0.0,20.4,8,-2.8391312595853426,-20.20146860232803
2015-12-04 03:00:00,18.6,72,0.2,19.8,12,-4.116651478191644,-19.36732249452935
2015-12-04 04:00:00,18.5,73,0.0,18.4,11,-3.5108855149284204,-18.061940175437016
2015-12-04 05:00:00,18.4,75,0.0,18.2,9,-2.847107263732205,-17.975927798831506
2015-12-04 06:00:00,18.2,77,0.1,16.9,12,-3.51370757482014,-16.530694452401313
2015-12-04 07:00:00,18.0,80,0.0,17.6,15,-4.555215193804363,-17.000294542687605
2015-12-04 08:00:00,18.8,78,0.0,16.8,15,-4.348159957722347,-16.22755388165635
2015-12-04 09:00:00,19.4,76,0.0,16.9,11,-3.224672021863604,-16.58949940026552
2015-12-04 10:00:00,20.4,71,0.0,18.3,10,-3.177761651304825,-18.02198188012341
2015-12-04 11:00:00,21.0,68,0.0,19.0,10,-3.2993153756716764,-18.711347307231954
2015-12-04 12:00:00,21.8,66,0.0,18.9,9,-2.9566113892603663,-18.6673096372481
2015-12-04 13:00:00,22.4,64,0.0,20.2,5,-1.7605460035026965,-20.12313290145326
2015-12-04 14:00:00,22.1,64,0.0,22.0,5,-1.9174263404484815,-21.9162833580184
2015-12-04 15:00:00,22.8,62,0.0,22.4,5,-1.9522886375475446,-22.314761237255098
2015-12-04 16:00:00,22.1,64,0.0,21.3,6,-2.2264562676010167,-21.183316371344223
2015-12-04 17:00:00,20.9,67,0.0,20.0,7,-2.4373868681029434,-19.850923032826444
2015-12-04 18:00:00,20.0,70,0.0,20.1,10,-3.4903283711052997,-19.79463583554538
2015-12-04 19:00:00,19.2,74,0.0,19.5,12,-4.054277970946316,-19.073878214309207
2015-12-04 20:00:00,18.6,79,0.0,18.5,8,-2.5747023677612177,-18.31995927171905
2015-12-04 21:00:00,18.1,81,0.0,17.7,2,-0.6177210916342635,-17.689217638237995
2015-12-04 22:00:00,18.2,82,0.0,16.6,360,1.0164568432923032e-15,-16.6
2015-12-04 23:00:00,18.3,82,0.0,15.1,1,-0.26353133720298083,-15.097700196861508
2015-12-05 00:00:00,18.5,82,0.0,13.7,3,-0.717002600528337,-13.681224626137661
2015-12-05 01:00:00,18.7,81,0.0,13.0,2,-0.4536934571325099,-12.992080751248245
2015-12-05 02:00:00,18.5,83,0.0,14.4,3,-0.753637769898398,-14.380265300465863
2015-12-05 03:00:00,17.5,85,0.0,14.8,4,-1.0323958114130587,-14.763947943845398
2015-12-05 04:00:00,17.7,84,0.0,13.5,9,-2.111865278043119,-13.333792598034359
2015-12-05 05:00:00,17.9,82,0.0,12.0,7,-1.462432120861766,-11.910553819695865
2015-12-05 06:00:00,17.6,84,0.2,11.9,2,-0.4153040107597591,-11.89275084152724
2015-12-05 07:00:00,17.8,84,0.0,9.8,8,-1.363896389408645,-9.704627073667389
2015-12-05 08:00:00,19.1,84,0.0,8.3,358,0.289665822630759,-8.294943864258496
2015-12-05 09:00:00,21.4,74,0.0,10.2,352,1.4195656297926678,-10.100734301164017
2015-12-05 10:00:00,22.8,68,0.0,10.9,352,1.5169868004647136,-10.793921949283117
2015-12-05 11:00:00,23.9,65,0.0,10.0,347,2.249510543438649,-9.743700647852352
2015-12-05 12:00:00,24.5,63,0.0,10.9,333,4.948496447161061,-9.71197111365321
2015-12-05 13:00:00,24.5,63,0.0,14.8,326,8.276054971367053,-12.269756073814618
2015-12-05 14:00:00,24.1,65,0.0,16.8,332,7.887122254802967,-14.833519560029972
2015-12-05 15:00:00,23.7,68,0.0,15.7,340,5.369716250213,-14.75317414633876
2015-12-05 16:00:00,22.9,71,0.1,14.8,347,3.329275604289201,-14.420676958821483
2015-12-05 17:00:00,21.9,77,0.2,13.6,349,2.5950023371210107,-13.35012969488823
2015-12-05 18:00:00,20.8,84,0.2,15.3,351,2.3934473151155333,-15.111631611105608
2015-12-05 19:00:00,20.0,89,0.0,17.1,352,2.3798600264171195,-16.933583975480854
2015-12-05 20:00:00,19.4,93,0.3,19.4,349,3.701694510304971,-19.04356735888468
2015-12-05 21:00:00,19.3,94,0.4,23.5,356,1.6392771329869429,-23.44275518110587
2015-12-05 22:00:00,19.2,95,0.2,27.0,358,0.9422864109675292,-26.983552329515586
2015-12-05 23:00:00,18.8,97,0.2,28.4,360,1.7389984547892415e-15,-28.4
2015-12-06 00:00:00,17.9,96,0.2,29.5,1,-0.5148459898998632,-29.49550700711354
2015-12-06 01:00:00,17.0,95,0.2,28.4,359,0.49564834281885417,-28.395674542441512
2015-12-06 02:00:00,16.7,93,0.2,29.2,359,0.509610267968681,-29.195552698566626
2015-12-06 03:00:00,17.0,91,0.2,29.5,2,-1.0295351527237724,-29.482029397063325
2015-12-06 04:00:00,16.9,90,0.2,28.6,5,-2.492654242583026,-28.491168365423924
2015-12-06 05:00:00,16.9,89,0.1,27.6,7,-3.363593877982062,-27.39427378530049
2015-12-06 06:00:00,17.0,88,0.6,23.6,7,-2.8761165043614736,-23.4240891787352
2015-12-06 07:00:00,17.2,88,0.2,20.5,3,-1.0728871029803584,-20.471905462468765
2015-12-06 08:00:00,17.9,88,0.6,21.6,3,-1.1304566548475972,-21.570397950698798
2015-12-06 09:00:00,18.8,87,0.9,24.3,6,-2.5400416574039766,-24.166882057449044
2015-12-06 10:00:00,19.6,85,1.1,25.3,11,-4.8274675830265785,-24.8351677412259
2015-12-06 11:00:00,21.0,79,0.6,25.9,9,-4.051652644541984,-25.581128021414063
2015-12-06 12:00:00,21.7,75,0.0,29.0,6,-3.0313254347619476,-28.841134965679927
2015-12-06 13:00:00,22.0,72,0.0,30.1,7,-3.66826723649493,-29.875639164403797
2015-12-06 14:00:00,21.9,70,0.0,27.6,7,-3.363593877982062,-27.39427378530049
2015-12-06 15:00:00,21.7,70,0.0,27.7,2,-0.966716058659271,-27.683125908428952
2015-12-06 16:00:00,20.8,73,0.0,28.8,1,-0.5026293053937647,-28.79561362050407
2015-12-06 17:00:00,19.7,75,0.0,28.9,4,-2.015962091205229,-28.829601052508917
2015-12-06 18:00:00,19.1,76,0.0,26.8,6,-2.80136281557311,-26.65318679586973
2015-12-06 19:00:00,19.0,77,0.0,25.7,6,-2.6863815059786913,-25.559212710964626
2015-12-06 20:00:00,18.8,78,0.2,25.2,2,-0.8794673169030192,-25.184648840881213
2015-12-06 21:00:00,18.6,79,0.2,24.9,2,-0.868997467892269,-24.884831592775484
2015-12-06 22:00:00,18.6,80,0.4,23.8,4,-1.6602040751101887,-23.742024396183815
2015-12-06 23:00:00,18.3,83,0.9,22.4,5,-1.9522886375475446,-22.314761237255098
2015-12-07 00:00:00,18.1,85,1.1,22.1,6,-2.3100790382151395,-21.978933887638842
2015-12-07 01:00:00,17.9,87,1.5,22.0,5,-1.9174263404484815,-21.9162833580184
2015-12-07 02:00:00,17.9,87,1.7000000000000002,21.7,5,-1.891279617624184,-21.617424948590877
2015-12-07 03:00:00,18.4,85,1.7000000000000002,21.0,5,-1.8302705977008231,-20.920088659926655
2015-12-07 04:00:00,18.1,86,1.9,21.3,4,-1.4858128907498749,-21.248114270534256
2015-12-07 05:00:00,17.9,86,2.0,21.3,5,-1.8564173205251209,-21.21894706935418
2015-12-07 06:00:00,17.7,87,1.7000000000000002,19.7,8,-2.7417100889132966,-19.50828095420893
2015-12-07 07:00:00,17.7,88,1.4,19.4,11,-3.701694510304965,-19.04356735888468
2015-12-07 08:00:00,18.4,88,1.2,20.7,7,-2.5226954084865465,-20.545705338975367
2015-12-07 09:00:00,18.8,88,0.9,20.9,4,-1.4579103012522245,-20.849088650430325
2015-12-07 10:00:00,19.6,87,0.9,22.0,3,-1.1513910373447747,-21.969849764600625
2015-12-07 11:00:00,20.0,87,0.7000000000000001,22.7,4,-1.5834719539916506,-22.644703940898008
2015-12-07 12:00:00,20.5,87,0.4,22.8,5,-1.987150934646608,-22.7132391164918
2015-12-07 13:00:00,20.9,86,0.4,23.5,5,-2.048159954569969,-23.41057540515602
2015-12-07 14:00:00,20.8,85,0.3,23.6,7,-2.8761165043614736,-23.4240891787352
2015-12-07 15:00:00,21.0,82,0.2,22.4,6,-2.341437577195435,-22.27729045624932
2015-12-07 16:00:00,20.8,80,0.0,22.4,6,-2.341437577195435,-22.27729045624932
2015-12-07 17:00:00,19.9,79,0.0,22.5,6,-2.3518904235222005,-22.376742645786152
2015-12-07 18:00:00,19.3,79,0.0,18.9,13,-4.251574927099053,-18.41559422444094
2015-12-07 19:00:00,18.9,80,0.0,16.2,12,-3.3681693912477084,-15.845991131887649
2015-12-07 20:00:00,18.7,80,0.0,17.7,6,-1.8501537998374644,-17.60303754801844
2015-12-07 21:00:00,18.3,83,0.0,18.1,6,-1.891965185144526,-18.00084630616575
2015-12-07 22:00:00,18.3,86,0.0,18.1,7,-2.205835115633164,-17.96508534470793
2015-12-07 23:00:00,18.1,86,0.0,16.8,9,-2.6280990126758814,-16.593164121998313
2015-12-08 00:00:00,18.2,86,0.0,14.9,8,-2.0736792043049808,-14.754994224249398
2015-12-08 01:00:00,18.3,86,0.0,13.6,11,-2.5950023371210067,-13.35012969488823
2015-12-08 02:00:00,18.1,87,0.0,14.0,12,-2.910763671448637,-13.694066410273278
2015-12-08 03:00:00,17.9,90,0.0,15.1,12,-3.1394665313481727,-14.770028771080463
2015-12-08 04:00:00,17.9,89,0.2,16.0,14,-3.8707503295946846,-15.524731620415944
2015-12-08 05:00:00,17.6,91,0.0,17.2,10,-2.9867486558712018,-16.938693351809977
2015-12-08 06:00:00,17.3,91,0.0,18.3,15,-4.736388525376127,-17.67644262108995
2015-12-08 07:00:00,17.5,91,0.0,17.1,15,-4.425805671253103,-16.51733162954307
2015-12-08 08:00:00,19.0,88,0.1,19.2,5,-1.6733902607550384,-19.126938203361515
2015-12-08 09:00:00,20.1,83,0.1,21.0,6,-2.1950977286207207,-20.884959802733743
2015-12-08 10:00:00,21.4,77,0.1,21.3,6,-2.2264562676010167,-21.183316371344223
2015-12-08 11:00:00,22.9,73,0.0,22.3,3,-1.167091824217658,-22.269438625026996
2015-12-08 12:00:00,23.7,70,0.0,22.4,5,-1.9522886375475446,-22.314761237255098
2015-12-08 13:00:00,24.1,69,0.0,23.1,4,-1.611374543489301,-23.04372956100194
2015-12-08 14:00:00,24.3,69,0.0,22.8,5,-1.987150934646608,-22.7132391164918
2015-12-08 15:00:00,24.0,69,0.0,21.6,1,-0.3769719790453236,-21.596710215378053
2015-12-08 16:00:00,23.0,73,0.0,19.8,359,0.34555764745821527,-19.79698436409655
2015-12-08 17:00:00,21.8,77,0.0,17.3,360,1.0593194812624606e-15,-17.3
2015-12-08 18:00:00,20.9,82,0.0,14.4,4,-1.0044932219154084,-14.36492232374147
2015-12-08 19:00:00,20.1,88,0.0,12.6,2,-0.4397336584515096,-12.592324420440606
2015-12-08 20:00:00,19.9,87,0.0,11.7,351,1.8302832409707017,-11.555953584963111
2015-12-08 21:00:00,19.8,87,0.0,12.1,350,2.101142949769858,-11.916173811447717
2015-12-08 22:00:00,20.2,84,0.0,11.6,355,1.0110066158728344,-11.555858497864248
2015-12-08 23:00:00,19.2,88,0.0,10.1,358,0.3524849166952609,-10.093847352892867
2015-12-09 00:00:00,19.8,85,0.0,8.0,5,-0.697245941981266,-7.969557584733964
2015-12-09 01:00:00,19.5,86,0.0,6.8,360,4.1637991171010006e-16,-6.8
2015-12-09 02:00:00,19.4,86,0.0,8.0,352,1.1133848076805237,-7.922144549932563
2015-12-09 03:00:00,20.0,82,0.2,7.2,3,-0.376818884949199,-7.190132650232932
2015-12-09 04:00:00,19.9,82,0.1,5.1,356,0.35575801609503865,-5.087576656325103
2015-12-09 05:00:00,19.8,83,0.2,6.5,357,0.3401837155791358,-6.49109197590473
2015-12-09 06:00:00,19.7,83,0.1,6.9,9,-1.0793978087775942,-6.81504955010645
2015-12-09 07:00:00,19.5,84,0.0,6.9,28,-3.239353783222646,-6.092338390726597
2015-12-09 08:00:00,19.6,90,0.0,3.8,49,-2.867896404846534,-2.4930243101639267
2015-12-09 09:00:00,21.9,85,0.0,2.9,353,0.3534210958749277,-2.8783838397598336
2015-12-09 10:00:00,22.6,82,0.0,5.4,307,4.312631754255381,-3.2498011250210608
2015-12-09 11:00:00,23.9,77,0.0,6.1,315,4.31335136523794,-4.313351365237939
2015-12-09 12:00:00,24.8,74,0.0,10.7,315,7.566042558696059,-7.566042558696057
2015-12-09 13:00:00,24.9,75,0.0,13.0,321,8.181165083647887,-10.10289749894062
2015-12-09 14:00:00,23.9,78,0.0,13.2,325,7.571208959833809,-10.81280698461469
2015-12-09 15:00:00,22.3,85,0.3,10.8,360,6.613092715395707e-16,-10.8
2015-12-09 16:00:00,22.0,87,0.2,5.9,349,1.125773072721615,-5.791600382341218
2015-12-09 17:00:00,21.2,91,0.1,4.6,321,2.894873798829252,-3.5748714227020657
2015-12-09 18:00:00,20.6,92,0.0,10.8,345,2.795245687107224,-10.431998923921938
2015-12-09 19:00:00,20.1,94,0.7000000000000001,11.9,358,0.41530401075976286,-11.89275084152724
2015-12-09 20:00:00,19.7,95,1.4,10.4,360,6.368163355566237e-16,-10.4
2015-12-09 21:00:00,19.8,95,1.6,8.6,2,-0.3001356716415065,-8.594761112364223
2015-12-09 22:00:00,19.4,95,0.9,7.0,348,1.4553818357243162,-6.847033205136639
2015-12-09 23:00:00,19.1,96,0.9,7.5,325,4.301823272632846,-6.143640332167439
2015-12-10 00:00:00,18.8,97,1.3,12.8,322,7.880466884168427,-10.086537646166043
2015-12-10 01:00:00,18.5,97,1.2,15.5,342,4.789763412811686,-14.74137600257488
2015-12-10 02:00:00,18.3,97,1.6,14.6,351,2.2839431895873714,-14.420249772689012
2015-12-10 03:00:00,19.0,97,3.5,13.0,346,3.14498464279568,-12.613844441587954
2015-12-10 04:00:00,18.8,98,5.0,10.7,346,2.588564282916444,-10.382164271153162
2015-12-10 05:00:00,18.9,98,4.9,8.8,325,5.0474726398892065,-7.208537989743128
2015-12-10 06:00:00,19.2,97,5.3,17.9,335,7.564866885158519,-16.222909387956033
2015-12-10 07:00:00,18.8,98,4.4,22.4,356,1.5625450118684052,-22.34543472582006
2015-12-10 08:00:00,18.7,97,2.6,22.8,5,-1.987150934646608,-22.7132391164918
2015-12-10 09:00:00,18.8,97,1.3,18.0,360,1.102182119232618e-15,-18.0
2015-12-10 10:00:00,19.2,95,0.8,11.4,18,-3.5227937358744024,-10.84204428576475
2015-12-10 11:00:00,20.3,89,0.0,8.4,43,-5.728786224524988,-6.143371093601032
2015-12-10 12:00:00,21.8,83,0.0,7.2,53,-5.750175672340508,-4.333068166694749
2015-12-10 13:00:00,22.8,79,0.0,7.7,11,-1.4692292643993936,-7.558529312547013
2015-12-10 14:00:00,22.5,79,0.0,13.1,352,1.8231676225768576,-12.972511700514572
2015-12-10 15:00:00,22.0,77,0.0,15.6,352,2.171100374977021,-15.448181872368497
2015-12-10 16:00:00,21.2,77,0.0,15.6,353,1.9011617571203008,-15.483719965604623
2015-12-10 17:00:00,19.9,81,0.0,14.8,356,1.0323958114130536,-14.763947943845398
2015-12-10 18:00:00,18.6,86,0.0,13.4,355,1.167886952818619,-13.34900895442939
2015-12-10 19:00:00,17.8,89,0.0,13.3,357,0.6960682180311548,-13.281772812235833
2015-12-10 20:00:00,17.3,91,0.0,12.6,360,7.715274834628325e-16,-12.6
2015-12-10 21:00:00,16.5,95,0.0,11.9,5,-1.0371533386971332,-11.854716907291772
2015-12-10 22:00:00,15.8,95,0.0,11.7,9,-1.830283240970703,-11.55595358496311
2015-12-10 23:00:00,15.3,93,0.0,12.0,9,-1.8772135804827723,-11.852260087141651
2015-12-11 00:00:00,15.0,93,0.0,13.4,5,-1.1678869528186206,-13.34900895442939
2015-12-11 01:00:00,14.8,93,0.0,15.9,357,0.8321417042628091,-15.878209602597725
2015-12-11 02:00:00,14.6,94,0.0,17.7,356,1.2346895852710165,-17.65688368959889
2015-12-11 03:00:00,14.6,95,0.0,17.3,2,-0.6037612929532632,-17.289461307430358
2015-12-11 04:00:00,15.0,95,0.0,16.4,9,-2.5655252266597888,-16.198088785760255
2015-12-11 05:00:00,15.1,94,0.0,16.9,11,-3.224672021863604,-16.58949940026552
2015-12-11 06:00:00,14.9,92,0.0,16.6,13,-3.7341875021081634,-16.174543075434904
2015-12-11 07:00:00,15.1,91,0.0,16.6,13,-3.7341875021081634,-16.174543075434904
2015-12-11 08:00:00,16.7,91,0.0,17.9,9,-2.8001769242201355,-17.679621296652964
2015-12-11 09:00:00,20.0,78,0.0,17.8,8,-2.4772811970891717,-17.62677162359995
2015-12-11 10:00:00,21.0,74,0.0,17.1,8,-2.3798600264171257,-16.933583975480854
2015-12-11 11:00:00,22.0,70,0.0,17.0,5,-1.4816476267101901,-16.935309867559674
2015-12-11 12:00:00,22.6,68,0.0,17.7,2,-0.6177210916342635,-17.689217638237995
2015-12-11 13:00:00,22.9,67,0.0,19.1,1,-0.33334096295211485,-19.097090977487074
2015-12-11 14:00:00,22.8,68,0.0,20.2,3,-1.057186316107475,-20.17231660204239
2015-12-11 15:00:00,22.1,71,0.0,21.3,5,-1.8564173205251209,-21.21894706935418
2015-12-11 16:00:00,21.1,75,0.0,19.5,5,-1.699536983579336,-19.42579661278904
2015-12-11 17:00:00,19.8,80,0.0,17.4,6,-1.8187952608571683,-17.304680979407955
2015-12-11 18:00:00,18.6,84,0.0,17.1,7,-2.0839657722280167,-16.97253919306661
2015-12-11 19:00:00,17.6,90,0.0,15.3,9,-2.393447315115535,-15.111631611105606
2015-12-11 20:00:00,17.3,89,0.0,15.6,8,-2.171100374977027,-15.448181872368496
2015-12-11 21:00:00,17.4,87,0.0,16.9,12,-3.51370757482014,-16.530694452401313
2015-12-11 22:00:00,17.3,87,0.0,16.4,15,-4.244632339681338,-15.84118355114072
2015-12-11 23:00:00,16.8,88,0.0,15.1,12,-3.1394665313481727,-14.770028771080463
2015-12-12 00:00:00,16.8,87,0.0,14.7,11,-2.8048922320352054,-14.42991959668066
2015-12-12 01:00:00,17.1,86,0.0,14.8,13,-3.3292756042892058,-14.420676958821481
2015-12-12 02:00:00,16.8,87,0.0,14.8,13,-3.3292756042892058,-14.420676958821481
2015-12-12 03:00:00,18.1,80,0.0,14.3,12,-2.973137178693965,-13.987510690493421
2015-12-12 04:00:00,17.6,82,0.0,13.4,14,-3.2417534010355484,-13.001962732098352
2015-12-12 05:00:00,17.2,84,0.0,13.8,15,-3.571702822414785,-13.329776402789143
2015-12-12 06:00:00,17.0,84,0.0,14.1,19,-4.590510977845908,-13.331811915950368
2015-12-12 07:00:00,16.7,85,0.0,13.2,26,-5.7864991376158255,-11.864081411149002
2015-12-12 08:00:00,17.8,89,0.0,13.7,27,-6.219669846431793,-12.206789381380638
2015-12-12 09:00:00,20.6,77,0.0,14.4,22,-5.394334945189137,-13.351447505761737
2015-12-12 10:00:00,21.9,73,0.0,14.1,19,-4.590510977845908,-13.331811915950368
2015-12-12 11:00:00,23.0,70,0.0,14.1,15,-3.6493485359455407,-13.619554150675864
2015-12-12 12:00:00,23.7,68,0.0,14.9,8,-2.0736792043049808,-14.754994224249398
2015-12-12 13:00:00,23.7,68,0.0,16.6,5,-1.446785329611127,-16.536831988322977
2015-12-12 14:00:00,23.3,69,0.0,18.1,5,-1.5775189437326145,-18.031124035460596
2015-12-12 15:00:00,23.3,70,0.0,18.8,4,-1.311421706389561,-18.754204144884696
2015-12-12 16:00:00,22.4,74,0.0,17.0,5,-1.4816476267101901,-16.935309867559674
2015-12-12 17:00:00,21.0,78,0.0,15.2,5,-1.3247672897644054,-15.142159410994532
2015-12-12 18:00:00,19.3,86,0.0,13.9,10,-2.4137096695703315,-13.688827766869691
2015-12-12 19:00:00,18.0,91,0.0,14.5,14,-3.507867486195183,-14.06928803100195
2015-12-12 20:00:00,18.6,86,0.0,14.3,10,-2.483168940637104,-14.082750868074575
2015-12-12 21:00:00,18.7,85,0.0,13.8,9,-2.1587956175551883,-13.6300991002129
2015-12-12 22:00:00,18.4,85,0.0,14.3,18,-4.41894301956175,-13.600108183020696
2015-12-12 23:00:00,17.7,85,0.0,12.6,31,-6.489479743866687,-10.800307988846612
2015-12-13 00:00:00,15.7,89,0.0,9.7,39,-6.104407793183427,-7.538315826132614
2015-12-13 01:00:00,14.8,91,0.0,8.2,41,-5.379684037722159,-6.18861855782673
2015-12-13 02:00:00,14.6,91,0.0,7.2,37,-4.333068166694748,-5.750175672340508
2015-12-13 03:00:00,14.8,88,0.0,9.6,13,-2.1595301217011063,-9.353952621938257
2015-12-13 04:00:00,14.9,88,0.0,12.6,5,-1.0981623586204938,-12.552053195955994
2015-12-13 05:00:00,15.2,87,0.0,12.1,10,-2.101142949769857,-11.916173811447717
2015-12-13 06:00:00,15.5,86,0.0,12.0,21,-4.3004153945436085,-11.20296511796642
2015-12-13 07:00:00,16.0,83,0.0,10.3,25,-4.352968095929202,-9.334970206477497
2015-12-13 08:00:00,17.9,84,0.0,9.0,16,-2.4807362023529897,-8.651355263444872
2015-12-13 09:00:00,21.2,75,0.0,9.0,5,-0.7844016847289242,-8.96575228282571
2015-12-13 10:00:00,22.8,70,0.0,12.0,351,1.877213580482771,-11.852260087141653
2015-12-13 11:00:00,23.8,69,0.0,15.0,349,2.862134930648174,-14.72440775171496
2015-12-13 12:00:00,24.2,69,0.0,17.0,354,1.7769838755501088,-16.906872221260645
2015-12-13 13:00:00,24.4,69,0.0,18.1,355,1.5775189437326125,-18.031124035460596
2015-12-13 14:00:00,24.4,70,0.0,19.1,357,0.9996167642402298,-19.07382411381236
2015-12-13 15:00:00,23.6,76,0.0,19.1,1,-0.33334096295211485,-19.097090977487074
2015-12-13 16:00:00,22.8,80,0.0,17.3,2,-0.6037612929532632,-17.289461307430358
2015-12-13 17:00:00,21.5,86,0.0,15.5,1,-0.2705122997778942,-15.497639274924065
2015-12-13 18:00:00,20.1,92,0.0,15.1,1,-0.26353133720298083,-15.097700196861508
2015-12-13 19:00:00,19.0,95,0.0,13.8,6,-1.4424927930936164,-13.724402156082174
2015-12-13 20:00:00,18.8,93,0.0,13.5,9,-2.111865278043119,-13.333792598034359
2015-12-13 21:00:00,19.1,90,0.0,13.1,8,-1.8231676225768623,-12.97251170051457
2015-12-13 22:00:00,18.7,90,0.0,12.7,8,-1.7674983821928358,-12.576404473017941
2015-12-13 23:00:00,18.3,91,0.0,13.3,3,-0.6960682180311593,-13.281772812235833
2015-12-14 00:00:00,17.5,93,0.0,16.2,3,-0.8478424911356978,-16.177798463024097
2015-12-14 01:00:00,17.1,94,0.0,17.1,8,-2.3798600264171257,-16.933583975480854
2015-12-14 02:00:00,16.8,95,0.0,16.1,10,-2.7957356604375785,-15.855404823496551
2015-12-14 03:00:00,17.2,93,0.0,14.3,10,-2.483168940637104,-14.082750868074575
2015-12-14 04:00:00,17.2,92,0.0,13.6,11,-2.5950023371210067,-13.35012969488823
2015-12-14 05:00:00,17.2,91,0.0,14.1,13,-3.1718098662485,-13.738617913471815
2015-12-14 06:00:00,17.2,90,0.0,11.9,2,-0.4153040107597591,-11.89275084152724
2015-12-14 07:00:00,16.9,90,0.0,13.7,360,8.388830574159369e-16,-13.7
2015-12-14 08:00:00,18.1,92,0.0,16.6,2,-0.5793316452615127,-16.58988772851699
2015-12-14 09:00:00,21.8,83,0.0,16.2,1,-0.2827289842839927,-16.197532661533536
2015-12-14 10:00:00,22.8,80,0.0,16.6,1,-0.2897099468589061,-16.597471739596095
2015-12-14 11:00:00,23.7,77,0.0,16.6,356,1.157957464152479,-16.55956323431308
2015-12-14 12:00:00,24.2,74,0.0,17.0,354,1.7769838755501088,-16.906872221260645
2015-12-14 13:00:00,24.2,75,0.0,17.7,354,1.8501537998374662,-17.60303754801844
2015-12-14 14:00:00,24.0,76,0.0,19.5,355,1.6995369835793337,-19.42579661278904
2015-12-14 15:00:00,23.9,78,0.0,20.5,357,1.0728871029803513,-20.471905462468765
2015-12-14 16:00:00,22.9,83,0.0,20.9,356,1.4579103012522172,-20.849088650430325
2015-12-14 17:00:00,21.3,89,0.0,20.9,358,0.7293994810822725,-20.8872682846991
2015-12-14 18:00:00,20.1,93,0.0,21.4,7,-2.608003948870149,-21.24048764512429
2015-12-14 19:00:00,19.3,95,0.0,20.1,9,-3.144332747308644,-19.85253564596227
2015-12-14 20:00:00,18.8,96,0.0,18.5,8,-2.5747023677612177,-18.31995927171905
2015-12-14 21:00:00,18.5,95,0.0,19.1,3,-0.9996167642402364,-19.07382411381236
2015-12-14 22:00:00,17.5,97,0.0,20.6,5,-1.79540830060176,-20.521610780689958
2015-12-14 23:00:00,16.9,96,0.0,20.2,5,-1.7605460035026965,-20.12313290145326
2015-12-15 00:00:00,16.8,95,0.0,20.2,5,-1.7605460035026965,-20.12313290145326
2015-12-15 01:00:00,17.0,94,0.0,20.2,5,-1.7605460035026965,-20.12313290145326
2015-12-15 02:00:00,16.9,92,0.0,20.6,5,-1.79540830060176,-20.521610780689958
2015-12-15 03:00:00,15.9,94,0.0,19.9,6,-2.0801164190263015,-19.79098571782864
2015-12-15 04:00:00,16.1,91,0.0,19.5,5,-1.699536983579336,-19.42579661278904
2015-12-15 05:00:00,15.5,92,0.0,20.2,3,-1.057186316107475,-20.17231660204239
2015-12-15 06:00:00,14.6,93,0.0,22.1,6,-2.3100790382151395,-21.978933887638842
2015-12-15 07:00:00,14.4,93,0.0,22.4,6,-2.341437577195435,-22.27729045624932
2015-12-15 08:00:00,17.2,89,0.0,23.9,6,-2.498230272096915,-23.769073299301734
2015-12-15 09:00:00,19.8,78,0.0,24.3,7,-2.9614250447450763,-24.118871484884128
2015-12-15 10:00:00,21.1,73,0.0,25.2,3,-1.3188660973221964,-25.16546427581526
2015-12-15 11:00:00,21.8,71,0.0,27.4,2,-0.9562462096485208,-27.383308660323223
2015-12-15 12:00:00,22.3,70,0.0,29.2,2,-1.0190653037130222,-29.182212148957596
2015-12-15 13:00:00,22.4,70,0.0,29.2,4,-2.036889033328467,-29.128870267586866
2015-12-15 14:00:00,22.1,70,0.0,29.2,4,-2.036889033328467,-29.128870267586866
2015-12-15 15:00:00,21.3,72,0.0,29.6,4,-2.0647916228261174,-29.527895887690796
2015-12-15 16:00:00,20.1,75,0.0,28.2,5,-2.4577919454839625,-28.092690486187223
2015-12-15 17:00:00,18.7,79,0.0,27.1,4,-1.8904004384658033,-27.033985762041237
2015-12-15 18:00:00,17.6,81,0.0,26.7,3,-1.397370031686613,-26.66340857794712
2015-12-15 19:00:00,17.0,81,0.0,27.4,2,-0.9562462096485208,-27.383308660323223
2015-12-15 20:00:00,16.5,82,0.0,27.0,1,-0.47121497380665445,-26.995887769222563
2015-12-15 21:00:00,16.0,82,0.0,27.4,360,1.6777661148318738e-15,-27.4
2015-12-15 22:00:00,15.7,82,0.0,27.7,1,-0.48343165831275287,-27.695781155832037
2015-12-15 23:00:00,15.5,82,0.0,27.7,2,-0.966716058659271,-27.683125908428952
2015-12-16 00:00:00,15.2,81,0.0,27.7,1,-0.48343165831275287,-27.695781155832037
2015-12-16 01:00:00,15.2,80,0.0,28.1,2,-0.9806758573402714,-28.082882239236593
2015-12-16 02:00:00,15.1,79,0.0,28.8,3,-1.507275539796796,-28.760530600931727
2015-12-16 03:00:00,15.1,78,0.0,29.6,5,-2.579809985330684,-29.48736306351567
2015-12-16 04:00:00,15.3,76,0.0,30.3,5,-2.6408190052540452,-30.18469935217989
2015-12-16 05:00:00,15.1,76,0.0,31.4,5,-2.736690322276469,-31.28051352008081
2015-12-16 06:00:00,15.1,75,0.0,30.3,5,-2.6408190052540452,-30.18469935217989
2015-12-16 07:00:00,14.9,76,0.0,30.0,6,-3.135853898029601,-29.835656861048204
2015-12-16 08:00:00,15.6,75,0.0,29.6,3,-1.5491443047911515,-29.559434228735388
2015-12-16 09:00:00,16.9,70,0.0,31.4,3,-1.6433490260284511,-31.356967391293615
2015-12-16 10:00:00,17.9,66,0.0,33.5,2,-1.1691331395337754,-33.47959270513971
2015-12-16 11:00:00,18.2,64,0.0,35.6,1,-0.6213056691672926,-35.59457794756753
2015-12-16 12:00:00,18.4,62,0.0,36.7,2,-1.280811528981778,-36.677643351600814
2015-12-16 13:00:00,18.2,62,0.0,36.4,2,-1.2703416799710276,-36.37782610349508
2015-12-16 14:00:00,18.0,62,0.0,36.4,2,-1.2703416799710276,-36.37782610349508
2015-12-16 15:00:00,17.0,65,0.0,37.1,2,-1.2947713276627784,-37.077399682408455
2015-12-16 16:00:00,15.8,67,0.0,35.3,2,-1.2319522335982767,-35.278496193774075
2015-12-16 17:00:00,14.7,69,0.0,35.0,4,-2.4414765810443955,-34.91474175909385
2015-12-16 18:00:00,13.9,69,0.0,33.2,2,-1.1586632905230254,-33.17977545703398
2015-12-16 19:00:00,13.6,69,0.0,32.8,2,-1.144703491842025,-32.780019126226335
2015-12-16 20:00:00,13.3,68,0.0,32.0,1,-0.5584770059930719,-31.99512624500452
2015-12-16 21:00:00,13.1,67,0.0,32.4,1,-0.5654579685679854,-32.39506532306707
2015-12-16 22:00:00,12.9,67,0.0,31.0,3,-1.6224146435312734,-30.95751557739179
2015-12-16 23:00:00,12.8,66,0.0,31.0,2,-1.0818843977775237,-30.98111563759197
2015-12-17 00:00:00,12.6,66,0.0,31.0,3,-1.6224146435312734,-30.95751557739179
2015-12-17 01:00:00,12.4,66,0.0,31.0,3,-1.6224146435312734,-30.95751557739179
2015-12-17 02:00:00,12.3,66,0.0,31.0,3,-1.6224146435312734,-30.95751557739179
2015-12-17 03:00:00,12.6,66,0.0,31.4,3,-1.6433490260284511,-31.356967391293615
2015-12-17 04:00:00,12.5,66,0.0,31.4,4,-2.1903532755655433,-31.32351117815848
2015-12-17 05:00:00,12.4,66,0.0,31.7,3,-1.6590498129013345,-31.65655625171999
2015-12-17 06:00:00,12.4,65,0.0,32.8,3,-1.716619364768573,-32.75504873995002
2015-12-17 07:00:00,12.0,67,0.0,33.2,2,-1.1586632905230254,-33.17977545703398
2015-12-17 08:00:00,12.9,66,0.0,33.9,4,-2.364744459925857,-33.81742130380804
2015-12-17 09:00:00,14.1,62,0.0,35.8,5,-3.120175590366165,-35.663770191684485
2015-12-17 10:00:00,15.1,59,0.0,36.8,3,-1.9259631897403504,-36.74956687896832
2015-12-17 11:00:00,15.7,57,0.0,38.2,2,-1.3331607740355291,-38.17672959212946
2015-12-17 12:00:00,16.0,56,0.0,38.2,4,-2.6646972970255973,-38.10694671992529
2015-12-17 13:00:00,15.8,57,0.0,37.6,4,-2.622843412779122,-37.50840828976939
2015-12-17 14:00:00,15.5,58,0.0,36.8,4,-2.5670382337838213,-36.71035704956153
2015-12-17 15:00:00,15.1,58,0.0,36.1,3,-1.8893280203702896,-36.050526204640114
2015-12-17 16:00:00,14.1,61,0.0,34.2,2,-1.1935627872255261,-34.179166284053075
2015-12-17 17:00:00,12.8,63,0.0,32.4,3,-1.6956849822713955,-32.35559692604819
2015-12-17 18:00:00,12.0,64,0.0,31.4,4,-2.1903532755655433,-31.32351117815848
2015-12-17 19:00:00,11.8,65,0.0,29.2,4,-2.036889033328467,-29.128870267586866
2015-12-17 20:00:00,11.7,66,0.0,27.4,4,-1.9113273805890407,-27.333254977119182
2015-12-17 21:00:00,11.7,67,0.0,25.6,3,-1.3398004798193743,-25.56491608971709
2015-12-17 22:00:00,11.4,69,0.0,23.9,5,-2.083022251669032,-23.809053284392718
2015-12-17 23:00:00,10.8,76,0.0,21.7,5,-1.891279617624184,-21.617424948590877
2015-12-18 00:00:00,10.7,76,0.0,20.6,5,-1.79540830060176,-20.521610780689958
2015-12-18 01:00:00,10.9,76,0.0,20.0,7,-2.4373868681029434,-19.850923032826444
2015-12-18 02:00:00,11.0,76,0.0,19.7,8,-2.7417100889132966,-19.50828095420893
2015-12-18 03:00:00,10.5,79,0.0,19.7,8,-2.7417100889132966,-19.50828095420893
2015-12-18 04:00:00,10.8,78,0.0,19.7,9,-3.081758961292551,-19.457460309724212
2015-12-18 05:00:00,11.2,77,0.0,19.0,10,-3.2993153756716764,-18.711347307231954
2015-12-18 06:00:00,12.3,73,0.0,16.5,10,-2.8651949315043503,-16.249327924701433
2015-12-18 07:00:00,12.8,72,0.0,15.2,14,-3.67721281311495,-14.748495039395145
2015-12-18 08:00:00,13.7,77,0.0,15.9,5,-1.3857763096877662,-15.839495699658755
2015-12-18 09:00:00,16.4,66,0.0,18.1,6,-1.891965185144526,-18.00084630616575
2015-12-18 10:00:00,17.5,63,0.0,18.9,8,-2.6303716081452437,-18.716066499215675
2015-12-18 11:00:00,18.4,61,0.0,20.5,3,-1.0728871029803584,-20.471905462468765
2015-12-18 12:00:00,18.9,61,0.0,22.0,3,-1.1513910373447747,-21.969849764600625
2015-12-18 13:00:00,19.4,60,0.0,23.4,3,-1.2246613760848968,-23.367931113257026
2015-12-18 14:00:00,19.3,61,0.0,24.9,3,-1.303165310449313,-24.86587541538889
2015-12-18 15:00:00,19.0,59,0.0,25.7,5,-2.2399025886148167,-25.60220374095786
2015-12-18 16:00:00,18.0,62,0.0,23.9,5,-2.083022251669032,-23.809053284392718
2015-12-18 17:00:00,16.7,66,0.0,22.0,5,-1.9174263404484815,-21.9162833580184
2015-12-18 18:00:00,15.6,70,0.0,19.7,9,-3.081758961292551,-19.457460309724212
2015-12-18 19:00:00,15.0,74,0.0,16.8,10,-2.91728938480443,-16.544770250605094
2015-12-18 20:00:00,13.9,81,0.0,16.3,6,-1.70381395126275,-16.210706894502856
2015-12-18 21:00:00,13.9,79,0.0,15.6,8,-2.171100374977027,-15.448181872368496
2015-12-18 22:00:00,14.1,78,0.0,14.2,9,-2.2213694035712805,-14.025174436450953
2015-12-18 23:00:00,14.4,77,0.0,14.5,7,-1.767105479374634,-14.39191919879917
2015-12-19 00:00:00,14.7,76,0.0,15.3,8,-2.129348444689007,-15.151101451746026
2015-12-19 01:00:00,14.6,77,0.0,15.4,11,-2.938458528798787,-15.117058625094026
2015-12-19 02:00:00,14.5,77,0.0,15.9,13,-3.576721764067458,-15.492484030085238
2015-12-19 03:00:00,15.1,74,0.0,16.4,15,-4.244632339681338,-15.84118355114072
2015-12-19 04:00:00,14.9,74,0.0,16.0,14,-3.8707503295946846,-15.524731620415944
2015-12-19 05:00:00,14.6,74,0.0,16.7,14,-4.040095656514452,-16.20393862880914
2015-12-19 06:00:00,14.6,74,0.0,16.0,23,-6.251698055828381,-14.728077655239044
2015-12-19 07:00:00,14.5,73,0.0,15.0,24,-6.101049646137001,-13.703181864639015
2015-12-19 08:00:00,15.2,75,0.0,13.8,15,-3.571702822414785,-13.329776402789143
2015-12-19 09:00:00,18.1,70,0.0,15.5,4,-1.0812253430339465,-15.462242779027275
2015-12-19 10:00:00,19.9,64,0.0,17.3,360,1.0593194812624606e-15,-17.3
2015-12-19 11:00:00,21.1,61,0.0,18.4,356,1.2835191168919042,-18.355178524780765
2015-12-19 12:00:00,21.9,60,0.0,20.2,355,1.7605460035026943,-20.12313290145326
2015-12-19 13:00:00,22.2,60,0.0,22.0,356,1.534642422370755,-21.946409105716132
2015-12-19 14:00:00,22.2,61,0.0,22.7,1,-0.3961696261263354,-22.69654268005008
2015-12-19 15:00:00,21.9,64,0.0,21.6,1,-0.3769719790453236,-21.596710215378053
2015-12-19 16:00:00,21.0,69,0.0,20.5,360,1.255262969126037e-15,-20.5
2015-12-19 17:00:00,19.6,74,0.0,17.3,1,-0.3019266313650045,-17.29736512620557
2015-12-19 18:00:00,18.2,81,0.0,13.7,5,-1.194033675642918,-13.647867363856914
2015-12-19 19:00:00,18.0,80,0.0,12.9,13,-2.901868601035862,-12.569373835729534
2015-12-19 20:00:00,17.9,81,0.0,8.6,358,0.3001356716415093,-8.594761112364223
2015-12-19 21:00:00,17.0,84,0.0,7.7,349,1.4692292643993958,-7.558529312547013
2015-12-19 22:00:00,15.0,90,0.0,6.8,360,4.1637991171010006e-16,-6.8
2015-12-19 23:00:00,13.9,94,0.0,3.6,45,-2.545584412271572,-2.545584412271571
2015-12-20 00:00:00,13.7,95,0.0,3.1,69,-2.8940993221413254,-1.1109406435904314
2015-12-20 01:00:00,13.9,94,0.0,2.6,106,-2.499280409439629,0.716657125124198
2015-12-20 02:00:00,14.0,93,0.0,2.0,135,-1.414213562373095,1.4142135623730951
2015-12-20 03:00:00,16.6,85,0.4,1.3,124,-1.0777488443215542,0.726950774511971
2015-12-20 04:00:00,17.2,83,0.2,2.7,67,-2.485363104321589,-1.0549740469210387
2015-12-20 05:00:00,17.1,82,0.1,4.3,48,-3.195522749552795,-2.8772616073430903
2015-12-20 06:00:00,17.0,82,0.0,2.9,97,-2.8783838397598336,0.35342109587492787
2015-12-20 07:00:00,17.1,81,0.0,3.4,72,-3.2335921554035223,-1.0506577808748208
2015-12-20 08:00:00,16.9,91,0.0,4.3,24,-1.7489675652259404,-3.928245467863184
2015-12-20 09:00:00,19.4,85,0.0,8.4,353,1.023702484603239,-8.337387673787106
2015-12-20 10:00:00,19.8,84,0.0,13.2,343,3.859306502340125,-12.623222778712067
2015-12-20 11:00:00,20.2,83,0.0,13.3,3,-0.6960682180311593,-13.281772812235833
2015-12-20 12:00:00,20.5,82,0.0,12.3,5,-1.0720156357961965,-12.253194786528471
2015-12-20 13:00:00,20.4,83,0.0,12.3,353,1.4989929238833142,-12.208317665188261
2015-12-20 14:00:00,20.2,85,0.1,12.0,351,1.877213580482771,-11.852260087141653
2015-12-20 15:00:00,19.8,88,0.0,14.1,345,3.6493485359455424,-13.619554150675864
2015-12-20 16:00:00,19.3,90,0.0,15.5,342,4.789763412811686,-14.74137600257488
2015-12-20 17:00:00,18.6,92,0.0,15.5,347,3.486741342329906,-15.102736004171147
2015-12-20 18:00:00,18.2,93,0.0,14.4,357,0.7536377698983932,-14.380265300465863
2015-12-20 19:00:00,18.0,94,0.0,15.2,7,-1.8524140197582368,-15.086701504948095
2015-12-20 20:00:00,18.0,94,0.0,15.2,4,-1.0602984009107088,-15.162973563949327
2015-12-20 21:00:00,17.9,94,0.0,13.3,358,0.4641633061432644,-13.291897999353974
2015-12-20 22:00:00,17.8,95,0.0,12.3,355,1.0720156357961952,-12.253194786528471
2015-12-20 23:00:00,17.7,95,0.0,12.0,353,1.4624321208617699,-11.910553819695863
2015-12-21 00:00:00,17.4,96,0.0,11.5,356,0.8021994480574401,-11.471986577987979
2015-12-21 01:00:00,17.3,96,0.0,10.8,358,0.3769145643870117,-10.793420931806235
2015-12-21 02:00:00,17.3,96,0.0,11.5,360,7.041719095097281e-16,-11.5
2015-12-21 03:00:00,16.9,96,0.0,14.4,360,8.817456953860943e-16,-14.4
2015-12-21 04:00:00,16.9,96,0.0,14.8,4,-1.0323958114130587,-14.763947943845398
2015-12-21 05:00:00,16.7,97,0.0,14.5,6,-1.5156627173809738,-14.420567482839964
2015-12-21 06:00:00,16.5,97,0.0,14.2,7,-1.7305446763530898,-14.094155353306773
2015-12-21 07:00:00,16.4,96,0.0,12.6,3,-0.6594330486610982,-12.58273213790763
2015-12-21 08:00:00,18.0,93,0.0,13.8,353,1.6817969389910354,-13.697136892650244
2015-12-21 09:00:00,20.1,85,0.0,16.8,351,2.6280990126758796,-16.593164121998313
2015-12-21 10:00:00,21.1,81,0.0,18.5,353,2.2545828529952288,-18.362103805364455
2015-12-21 11:00:00,22.1,78,0.0,19.5,355,1.6995369835793337,-19.42579661278904
2015-12-21 12:00:00,22.5,77,0.0,18.7,358,0.6526205883367702,-18.68860846525709
2015-12-21 13:00:00,23.0,76,0.0,18.0,360,1.102182119232618e-15,-18.0
2015-12-21 14:00:00,23.1,76,0.0,18.4,358,0.6421507393260198,-18.38879121715136
2015-12-21 15:00:00,23.3,76,0.0,19.1,359,0.33334096295211674,-19.097090977487074
2015-12-21 16:00:00,22.4,79,0.0,18.0,360,1.102182119232618e-15,-18.0
2015-12-21 17:00:00,21.2,84,0.0,15.5,360,9.491012693391988e-16,-15.5
2015-12-21 18:00:00,20.1,89,0.0,13.0,3,-0.680367431158276,-12.98218395180946
2015-12-21 19:00:00,19.2,93,0.0,11.5,4,-0.8021994480574441,-11.471986577987979
2015-12-21 20:00:00,18.5,95,0.0,9.9,350,1.7191169589026112,-9.74959675482086
2015-12-21 21:00:00,18.6,93,0.0,8.1,339,2.902780391316933,-7.5620014546273335
2015-12-21 22:00:00,18.8,93,0.0,8.2,345,2.12231616984067,-7.92059177557036
2015-12-21 23:00:00,19.4,90,0.0,7.6,355,0.6623836448822018,-7.571079705497266
2015-12-22 00:00:00,19.4,90,0.0,7.2,6,-0.7526049355271042,-7.160557646651569
2015-12-22 01:00:00,18.3,95,0.0,6.6,351,1.032467469265524,-6.518743047927909
2015-12-22 02:00:00,18.5,95,0.3,10.8,360,6.613092715395707e-16,-10.8
2015-12-22 03:00:00,18.7,95,0.2,11.2,2,-0.3908743630680085,-11.193177262613872
2015-12-22 04:00:00,18.5,95,0.1,12.1,10,-2.101142949769857,-11.916173811447717
2015-12-22 05:00:00,18.4,96,0.0,12.6,5,-1.0981623586204938,-12.552053195955994
2015-12-22 06:00:00,18.0,96,0.3,13.4,8,-1.864919552864882,-13.269592121137041
2015-12-22 07:00:00,18.0,97,0.0,12.6,5,-1.0981623586204938,-12.552053195955994
2015-12-22 08:00:00,19.4,95,0.0,14.8,356,1.0323958114130536,-14.763947943845398
2015-12-22 09:00:00,21.5,90,0.0,15.9,354,1.66200256595569,-15.812898136355546
2015-12-22 10:00:00,22.5,87,0.0,14.5,353,1.7671054793746386,-14.391919198799169
2015-12-22 11:00:00,23.6,83,0.0,12.0,339,4.300415394543604,-11.202965117966421
2015-12-22 12:00:00,23.9,82,0.0,11.6,330,5.800000000000001,-10.045894683899487
2015-12-22 13:00:00,24.3,80,0.0,12.8,328,6.782966582185023,-10.855015630802253
2015-12-22 14:00:00,23.7,81,0.0,12.7,325,7.284420741658286,-10.403230962470195
2015-12-22 15:00:00,23.2,86,0.0,12.2,326,6.822153422343111,-10.114258385171508
2015-12-22 16:00:00,22.4,88,0.0,11.0,328,5.829111906565254,-9.328529057720685
2015-12-22 17:00:00,21.3,92,0.0,8.0,333,3.6319239979163744,-7.128052193506942
2015-12-22 18:00:00,20.4,96,0.1,9.2,334,4.033014550459512,-8.268905225952336
2015-12-22 19:00:00,20.0,97,0.2,9.7,338,3.633683956134346,-8.993683389297837
2015-12-22 20:00:00,19.5,98,0.2,9.0,337,3.5165801564034633,-8.284543681071963
2015-12-22 21:00:00,19.1,98,0.2,10.6,332,4.976398565530443,-9.359244484304625
2015-12-22 22:00:00,18.7,98,0.2,11.0,341,3.5812496990287244,-10.400704331592484
2015-12-22 23:00:00,18.4,98,0.0,10.3,348,2.1414904154229224,-10.074920287558198
2015-12-23 00:00:00,18.1,98,0.0,12.4,352,1.7257464519048118,-12.279324052395474
2015-12-23 01:00:00,18.0,98,0.0,11.9,3,-0.6227978792910372,-11.88369146357943
2015-12-23 02:00:00,17.9,97,0.0,10.0,15,-2.5881904510252065,-9.659258262890683
2015-12-23 03:00:00,18.0,97,0.0,8.6,22,-3.2216167033768457,-7.97378114927437
2015-12-23 04:00:00,17.9,96,0.0,7.6,31,-3.914289369316414,-6.514471485336052
2015-12-23 05:00:00,17.5,96,0.0,6.5,34,-3.6347538725598527,-5.388744221607772
2015-12-23 06:00:00,16.9,95,0.0,7.4,43,-5.04678786446249,-5.412017391981862
2015-12-23 07:00:00,16.9,94,0.0,6.4,47,-4.6806636903626915,-4.364789504399989
2015-12-23 08:00:00,18.7,95,0.0,5.2,25,-2.197614961051636,-4.71280049259058
2015-12-23 09:00:00,22.5,83,0.0,4.7,360,2.8779199779962803e-16,-4.7
2015-12-23 10:00:00,24.4,74,0.0,7.3,349,1.3929056662487778,-7.165878439167947
2015-12-23 11:00:00,25.1,72,0.0,9.4,337,3.672872607799173,-8.65274562245294
2015-12-23 12:00:00,25.0,74,0.0,9.5,335,4.014873486536644,-8.609923976848174
2015-12-23 13:00:00,24.7,76,0.0,9.0,337,3.5165801564034633,-8.284543681071963
2015-12-23 14:00:00,24.6,76,0.0,7.5,343,2.192787785420526,-7.172285669722766
2015-12-23 15:00:00,24.7,75,0.0,7.7,349,1.4692292643993958,-7.558529312547013
2015-12-23 16:00:00,24.2,77,0.0,8.8,351,1.3766232923540322,-8.691657397237213
2015-12-23 17:00:00,22.9,82,0.0,9.8,352,1.3638963894086416,-9.70462707366739
2015-12-23 18:00:00,21.2,89,0.0,11.9,3,-0.6227978792910372,-11.88369146357943
2015-12-23 19:00:00,20.2,93,0.0,9.9,19,-3.2231247291258507,-9.360633898433237
2015-12-23 20:00:00,19.3,95,0.0,9.7,15,-2.51054473749445,-9.369480515003962
2015-12-23 21:00:00,19.2,94,0.0,8.8,9,-1.3766232923540331,-8.691657397237211
2015-12-23 22:00:00,19.5,93,0.0,8.8,9,-1.3766232923540331,-8.691657397237211
2015-12-23 23:00:00,19.5,92,0.0,7.6,19,-2.4743179738743906,-7.185941174554808
2015-12-24 00:00:00,19.4,91,0.0,7.0,21,-2.508575646817105,-6.535062985480412
2015-12-24 01:00:00,19.2,90,0.0,6.8,18,-2.1013155617496433,-6.467184310807044
2015-12-24 02:00:00,18.4,92,0.0,7.1,15,-1.8376152202278964,-6.858073366652385
2015-12-24 03:00:00,16.5,91,0.0,8.3,18,-2.564841053312065,-7.893769085249775
2015-12-24 04:00:00,17.2,89,0.0,8.7,17,-2.5436338310878126,-8.319851376878407
2015-12-24 05:00:00,17.3,90,0.0,9.3,13,-2.092044805397947,-9.061641602502688
2015-12-24 06:00:00,17.3,91,0.0,9.7,22,-3.633683956134349,-8.993683389297836
2015-12-24 07:00:00,17.5,91,0.0,8.7,24,-3.5386087947594604,-7.947845481490628
2015-12-24 08:00:00,19.0,92,0.0,8.7,17,-2.5436338310878126,-8.319851376878407
2015-12-24 09:00:00,21.6,84,0.0,8.4,7,-1.0237024846032363,-8.337387673787106
2015-12-24 10:00:00,23.0,80,0.0,8.0,8,-1.1133848076805266,-7.922144549932562
2015-12-24 11:00:00,24.1,77,0.0,6.0,17,-1.7542302283364226,-5.7378285357782115
2015-12-24 12:00:00,24.7,74,0.0,4.0,27,-1.8159619989581877,-3.564026096753471
2015-12-24 13:00:00,25.1,73,0.0,3.0,14,-0.7257656867990033,-2.9108871788279895
2015-12-24 14:00:00,24.9,75,0.0,5.2,344,1.4333142502483958,-4.998560818879258
2015-12-24 15:00:00,25.5,72,0.0,10.7,340,3.659615533584656,-10.054711042409219
2015-12-24 16:00:00,24.2,79,0.0,14.8,347,3.329275604289201,-14.420676958821483
2015-12-24 17:00:00,22.5,86,0.0,15.1,357,0.7902729392684539,-15.079305974794064
2015-12-24 18:00:00,20.9,92,0.0,14.9,8,-2.0736792043049808,-14.754994224249398
2015-12-24 19:00:00,19.9,95,0.0,12.9,13,-2.901868601035862,-12.569373835729534
2015-12-24 20:00:00,19.0,96,0.0,11.7,9,-1.830283240970703,-11.55595358496311
2015-12-24 21:00:00,18.3,96,0.0,11.0,11,-2.098898949141991,-10.797899017924303
2015-12-24 22:00:00,17.7,96,0.0,11.2,2,-0.3908743630680085,-11.193177262613872
2015-12-24 23:00:00,17.1,97,0.0,13.0,357,0.6803674311582716,-12.98218395180946
2015-12-25 00:00:00,17.0,97,0.0,13.7,5,-1.194033675642918,-13.647867363856914
2015-12-25 01:00:00,17.1,96,0.0,14.2,9,-2.2213694035712805,-14.025174436450953
2015-12-25 02:00:00,16.8,95,0.0,14.3,12,-2.973137178693965,-13.987510690493421
2015-12-25 03:00:00,17.7,90,0.0,15.7,11,-2.9957012274117503,-15.411546780128324
2015-12-25 04:00:00,17.2,91,0.0,17.4,6,-1.8187952608571683,-17.304680979407955
2015-12-25 05:00:00,17.0,92,0.0,18.8,7,-2.291143656016767,-18.659867650856857
2015-12-25 06:00:00,17.1,91,0.0,18.5,13,-4.161594505361507,-18.02584619852685
2015-12-25 07:00:00,17.2,90,0.0,20.2,4,-1.4090807696313368,-20.15079381524845
2015-12-25 08:00:00,18.6,86,0.0,24.9,2,-0.868997467892269,-24.884831592775484
2015-12-25 09:00:00,19.9,81,0.0,25.1,8,-3.4932448340976525,-24.855728525413415
2015-12-25 10:00:00,20.5,78,0.0,23.4,3,-1.2246613760848968,-23.367931113257026
2015-12-25 11:00:00,21.2,76,0.0,26.3,358,0.9178567632757785,-26.28397875060222
2015-12-25 12:00:00,21.1,76,0.0,28.1,1,-0.4904126208876663,-28.095720233894596
2015-12-25 13:00:00,20.7,77,0.1,27.4,4,-1.9113273805890407,-27.333254977119182
2015-12-25 14:00:00,20.3,80,0.6,25.4,7,-3.095481322490738,-25.21067225168958
2015-12-25 15:00:00,20.5,79,0.6,22.2,8,-3.089642841313461,-21.98395112606286
2015-12-25 16:00:00,20.1,81,0.2,20.2,2,-0.7049698333905153,-20.187694705785734
2015-12-25 17:00:00,19.2,84,0.0,22.0,358,0.7677889274550238,-21.986598194420107
2015-12-25 18:00:00,18.1,86,0.0,23.4,360,1.432836755002403e-15,-23.4
2015-12-25 19:00:00,17.7,86,0.0,23.8,359,0.4153672732073497,-23.796375144722113
2015-12-25 20:00:00,17.3,86,0.0,22.7,359,0.39616962612633766,-22.69654268005008
2015-12-25 21:00:00,16.8,88,0.0,21.6,2,-0.7538291287740165,-21.58684186361247
2015-12-25 22:00:00,16.5,89,0.0,21.6,360,1.3226185430791415e-15,-21.6
2015-12-25 23:00:00,16.1,90,0.0,22.0,2,-0.7677889274550167,-21.986598194420107
2015-12-26 00:00:00,15.6,92,0.0,20.9,3,-1.0938214854775359,-20.871357276370592
2015-12-26 01:00:00,15.1,93,0.0,19.5,3,-1.020551146737414,-19.47327592771419
2015-12-26 02:00:00,15.0,92,0.0,18.1,5,-1.5775189437326145,-18.031124035460596
2015-12-26 03:00:00,14.6,90,0.0,18.0,2,-0.6281909406450137,-17.989034886343724
2015-12-26 04:00:00,14.0,90,0.0,19.1,3,-0.9996167642402364,-19.07382411381236
2015-12-26 05:00:00,13.7,90,0.0,19.9,5,-1.734399280678399,-19.824274492025737
2015-12-26 06:00:00,14.0,89,0.0,17.8,7,-2.16927431261162,-17.667321499215532
2015-12-26 07:00:00,15.0,86,0.0,16.6,2,-0.5793316452615127,-16.58988772851699
2015-12-26 08:00:00,16.2,87,0.0,17.3,360,1.0593194812624606e-15,-17.3
2015-12-26 09:00:00,19.2,76,0.0,16.6,2,-0.5793316452615127,-16.58988772851699
2015-12-26 10:00:00,20.3,73,0.0,17.0,356,1.185860053650129,-16.958588854417012
2015-12-26 11:00:00,21.1,70,0.0,18.4,356,1.2835191168919042,-18.355178524780765
2015-12-26 12:00:00,21.6,68,0.0,18.5,352,2.574702367761211,-18.319959271719053
2015-12-26 13:00:00,21.8,67,0.0,19.1,349,3.644451811692008,-18.749079203850382
2015-12-26 14:00:00,21.6,68,0.0,19.7,352,2.7417100889132895,-19.508280954208935
2015-12-26 15:00:00,20.6,71,0.0,19.5,355,1.6995369835793337,-19.42579661278904
2015-12-26 16:00:00,19.8,73,0.0,18.7,358,0.6526205883367702,-18.68860846525709
2015-12-26 17:00:00,18.8,78,0.0,17.3,358,0.6037612929532687,-17.289461307430358
2015-12-26 18:00:00,17.6,83,0.0,16.6,4,-1.1579574641524848,-16.55956323431308
2015-12-26 19:00:00,17.4,85,0.0,15.9,3,-0.8321417042628145,-15.878209602597725
2015-12-26 20:00:00,17.0,87,0.1,15.8,360,9.67470971326409e-16,-15.8
2015-12-26 21:00:00,16.9,88,0.0,15.8,1,-0.27574802170907925,-15.797593583470983
2015-12-26 22:00:00,16.5,90,0.0,14.4,4,-1.0044932219154084,-14.36492232374147
2015-12-26 23:00:00,16.3,91,0.0,13.3,2,-0.4641633061432601,-13.291897999353974
2015-12-27 00:00:00,15.8,92,0.0,14.4,356,1.0044932219154035,-14.36492232374147
2015-12-27 01:00:00,15.7,93,0.0,15.1,360,9.246083333562517e-16,-15.1
2015-12-27 02:00:00,15.6,92,0.0,14.8,6,-1.5470212563612697,-14.718924051450447
2015-12-27 03:00:00,15.6,92,0.0,13.8,6,-1.4424927930936164,-13.724402156082174
2015-12-27 04:00:00,16.0,91,0.0,14.0,360,8.572527594031472e-16,-14.0
2015-12-27 05:00:00,16.0,92,0.1,13.7,358,0.4781231048242648,-13.691654330161612
2015-12-27 06:00:00,16.1,92,0.0,16.2,360,9.919639073093561e-16,-16.2
2015-12-27 07:00:00,16.3,93,0.2,15.6,15,-4.037577103599322,-15.068442890109464
2015-12-27 08:00:00,17.2,92,0.5,12.4,22,-4.645121758357313,-11.497079796628164
2015-12-27 09:00:00,18.3,89,0.1,11.4,18,-3.5227937358744024,-10.84204428576475
2015-12-27 10:00:00,18.9,88,0.2,12.0,7,-1.462432120861766,-11.910553819695865
2015-12-27 11:00:00,19.7,86,0.4,16.7,353,2.035218034865963,-16.575520732410077
2015-12-27 12:00:00,19.8,86,0.2,21.7,354,2.26826765290808,-21.58112512949153
2015-12-27 13:00:00,19.6,88,0.5,23.0,360,1.4083438190194562e-15,-23.0
2015-12-27 14:00:00,18.9,91,0.3,22.7,4,-1.5834719539916506,-22.644703940898008
2015-12-27 15:00:00,19.3,85,0.0,23.1,5,-2.013297657470906,-23.012097525919323
2015-12-27 16:00:00,18.8,85,0.0,23.2,6,-2.425060347809558,-23.07290797254394
2015-12-27 17:00:00,17.9,87,0.0,23.1,4,-1.611374543489301,-23.04372956100194
2015-12-27 18:00:00,17.1,88,0.0,22.4,6,-2.341437577195435,-22.27729045624932
2015-12-27 19:00:00,16.6,89,0.0,21.6,4,-1.5067398328731125,-21.547383485612205
2015-12-27 20:00:00,16.3,88,0.0,22.3,2,-0.778258776465767,-22.286415442525836
2015-12-27 21:00:00,15.9,90,0.3,23.8,2,-0.8306080215195182,-23.78550168305448
2015-12-27 22:00:00,15.6,90,0.1,24.2,5,-2.1091689744933295,-24.107911693820242
2015-12-27 23:00:00,15.5,90,0.1,23.7,10,-4.115461810706249,-23.33994374638933
2015-12-28 00:00:00,15.7,90,0.0,22.7,11,-4.331364195047563,-22.282937064261972
2015-12-28 01:00:00,15.4,90,0.0,25.6,1,-0.44678160479445755,-25.596100996003617
2015-12-28 02:00:00,15.2,90,0.0,27.0,3,-1.4130708185594962,-26.962997438373492
2015-12-28 03:00:00,15.5,87,0.2,26.1,6,-2.7281928912857527,-25.957021469111936
2015-12-28 04:00:00,15.3,88,0.1,25.1,8,-3.4932448340976525,-24.855728525413415
2015-12-28 05:00:00,15.2,89,0.2,23.1,11,-4.407687793198181,-22.67558793764104
2015-12-28 06:00:00,15.1,88,0.0,21.8,9,-3.410271337877037,-21.531605824974
2015-12-28 07:00:00,14.9,88,0.0,23.6,8,-3.2844851826575536,-23.37032642230106
2015-12-28 08:00:00,15.9,86,0.0,24.4,8,-3.395823663425606,-24.16254087729431
2015-12-28 09:00:00,17.9,78,0.0,25.7,6,-2.6863815059786913,-25.559212710964626
2015-12-28 10:00:00,19.3,73,0.0,28.3,7,-3.448902418365665,-28.089056091449415
2015-12-28 11:00:00,20.5,69,0.0,28.7,8,-3.994267997553889,-28.420693572883067
2015-12-28 12:00:00,21.3,66,0.0,28.0,7,-3.4123416153441206,-27.791292245957017
2015-12-28 13:00:00,21.7,64,0.0,28.2,5,-2.4577919454839625,-28.092690486187223
2015-12-28 14:00:00,21.6,64,0.0,29.3,5,-2.5536632625063866,-29.188504654088145
2015-12-28 15:00:00,20.8,64,0.0,30.3,3,-1.5857794741612126,-30.258474903063586
2015-12-28 16:00:00,19.5,68,0.0,28.1,2,-0.9806758573402714,-28.082882239236593
2015-12-28 17:00:00,18.0,72,0.0,26.7,2,-0.9318165619567703,-26.683735081409857
2015-12-28 18:00:00,16.8,75,0.0,25.2,2,-0.8794673169030192,-25.184648840881213
2015-12-28 19:00:00,16.2,77,0.0,23.4,4,-1.6323014856125384,-23.342998776079884
2015-12-28 20:00:00,15.9,79,0.0,22.3,3,-1.167091824217658,-22.269438625026996
2015-12-28 21:00:00,15.6,79,0.0,22.7,1,-0.3961696261263354,-22.69654268005008
2015-12-28 22:00:00,15.6,79,0.0,21.3,4,-1.4858128907498749,-21.248114270534256
2015-12-28 23:00:00,15.8,80,0.2,18.4,6,-1.9233237241248218,-18.299202874776228
2015-12-29 00:00:00,15.5,83,0.2,18.4,2,-0.642150739326014,-18.38879121715136
2015-12-29 01:00:00,15.0,86,0.2,18.4,4,-1.2835191168919107,-18.355178524780765
2015-12-29 02:00:00,14.9,87,0.1,17.8,7,-2.16927431261162,-17.667321499215532
2015-12-29 03:00:00,14.9,89,0.3,17.4,7,-2.120526575249561,-17.270303038559003
2015-12-29 04:00:00,14.8,90,0.2,18.8,4,-1.311421706389561,-18.754204144884696
2015-12-29 05:00:00,14.9,90,0.2,18.8,7,-2.291143656016767,-18.659867650856857
2015-12-29 06:00:00,14.6,91,0.0,14.0,12,-2.910763671448637,-13.694066410273278
2015-12-29 07:00:00,14.6,90,0.0,12.6,5,-1.0981623586204938,-12.552053195955994
2015-12-29 08:00:00,15.7,90,0.0,16.2,360,9.919639073093561e-16,-16.2
2015-12-29 09:00:00,17.0,84,0.0,17.7,5,-1.542656646633551,-17.632646156223895
2015-12-29 10:00:00,18.3,78,0.0,17.5,8,-2.435529266801152,-17.32969120297748
2015-12-29 11:00:00,19.1,75,0.0,16.8,10,-2.91728938480443,-16.544770250605094
2015-12-29 12:00:00,20.2,70,0.0,15.7,11,-2.9957012274117503,-15.411546780128324
2015-12-29 13:00:00,20.3,69,0.0,15.5,5,-1.350914012588703,-15.441017820422056
2015-12-29 14:00:00,20.5,68,0.0,18.7,360,1.1450447572027753e-15,-18.7
2015-12-29 15:00:00,20.0,70,0.0,22.0,1,-0.38395294162023696,-21.99664929344061
2015-12-29 16:00:00,19.3,70,0.0,21.3,5,-1.8564173205251209,-21.21894706935418
2015-12-29 17:00:00,18.2,73,0.0,18.8,5,-1.638527963655975,-18.728460324124818
2015-12-29 18:00:00,17.3,76,0.0,17.7,6,-1.8501537998374644,-17.60303754801844
2015-12-29 19:00:00,16.4,81,0.0,16.0,9,-2.5029514406436966,-15.803013449522203
2015-12-29 20:00:00,15.4,86,0.0,15.1,3,-0.790272939268459,-15.079305974794064
2015-12-29 21:00:00,15.9,82,0.0,14.4,4,-1.0044932219154084,-14.36492232374147
2015-12-29 22:00:00,16.6,79,0.0,13.2,11,-2.518678738970389,-12.957478821509163
2015-12-29 23:00:00,16.5,79,0.0,13.8,9,-2.1587956175551883,-13.6300991002129
2015-12-30 00:00:00,16.4,80,0.0,13.4,5,-1.1678869528186206,-13.34900895442939
2015-12-30 01:00:00,15.5,83,0.0,14.1,357,0.7379369830255099,-14.080676440039491
2015-12-30 02:00:00,15.8,84,0.0,15.1,3,-0.790272939268459,-15.079305974794064
2015-12-30 03:00:00,15.5,84,0.0,14.6,9,-2.283943189587373,-14.42024977268901
2015-12-30 04:00:00,15.8,83,0.0,13.7,14,-3.3143299697154487,-13.293051449981151
2015-12-30 05:00:00,16.2,81,0.0,13.2,11,-2.518678738970389,-12.957478821509163
2015-12-30 06:00:00,14.5,88,0.0,14.8,4,-1.0323958114130587,-14.763947943845398
2015-12-30 07:00:00,14.4,89,0.0,17.2,11,-3.2819147204765673,-16.883987555299818
2015-12-30 08:00:00,15.6,89,0.0,18.7,11,-3.568128213541384,-18.356428330471317
2015-12-30 09:00:00,18.1,79,0.0,20.3,7,-2.4739476711244874,-20.148686878318838
2015-12-30 10:00:00,18.7,77,0.0,22.0,5,-1.9174263404484815,-21.9162833580184
2015-12-30 11:00:00,19.1,76,0.0,22.5,6,-2.3518904235222005,-22.376742645786152
2015-12-30 12:00:00,19.8,73,0.0,21.0,5,-1.8302705977008231,-20.920088659926655
2015-12-30 13:00:00,20.1,72,0.0,21.3,2,-0.7433592797632662,-21.28702461550674
2015-12-30 14:00:00,20.4,71,0.0,22.0,358,0.7677889274550238,-21.986598194420107
2015-12-30 15:00:00,20.0,74,0.0,22.7,357,1.188026206714828,-22.668890438928827
2015-12-30 16:00:00,19.1,76,0.0,22.7,359,0.39616962612633766,-22.69654268005008
2015-12-30 17:00:00,17.9,80,0.0,20.9,2,-0.7293994810822658,-20.8872682846991
2015-12-30 18:00:00,17.0,83,0.0,20.9,4,-1.4579103012522245,-20.849088650430325
2015-12-30 19:00:00,16.5,84,0.0,21.2,1,-0.36999101647041016,-21.196771137315494
2015-12-30 20:00:00,16.1,86,0.0,21.6,1,-0.3769719790453236,-21.596710215378053
2015-12-30 21:00:00,16.1,85,0.0,22.3,1,-0.389188663551422,-22.296603601987528
2015-12-30 22:00:00,15.8,86,0.0,21.6,3,-1.1304566548475972,-21.570397950698798
2015-12-30 23:00:00,15.7,86,0.0,19.5,4,-1.3602512380104488,-19.452498980066572
2015-12-31 00:00:00,15.2,89,0.0,19.1,2,-0.6665803870177646,-19.08836479606473
2015-12-31 01:00:00,14.7,90,0.0,19.8,2,-0.691010034709515,-19.787938374978097
2015-12-31 02:00:00,14.9,88,0.0,20.6,6,-2.1532863433136593,-20.487151044586433
2015-12-31 03:00:00,14.4,90,0.0,19.8,10,-3.4382339178052206,-19.49919350964172
2015-12-31 04:00:00,14.5,89,0.0,19.5,12,-4.054277970946316,-19.073878214309207
2015-12-31 05:00:00,14.5,88,0.0,20.5,10,-3.559787642172072,-20.188558936750265
2015-12-31 06:00:00,14.3,88,0.0,20.3,6,-2.1219278043333634,-20.18879447597595
2015-12-31 07:00:00,14.2,88,0.0,21.4,7,-2.608003948870149,-21.24048764512429
2015-12-31 08:00:00,16.0,84,0.0,22.1,6,-2.3100790382151395,-21.978933887638842
2015-12-31 09:00:00,18.5,75,0.0,23.9,5,-2.083022251669032,-23.809053284392718
2015-12-31 10:00:00,19.8,71,0.0,24.9,5,-2.17017799441669,-24.805247982484463
2015-12-31 11:00:00,20.9,67,0.0,25.7,6,-2.6863815059786913,-25.559212710964626
2015-12-31 12:00:00,21.4,66,0.0,26.3,4,-1.8345952594705028,-26.23593452183338
2015-12-31 13:00:00,21.4,65,0.0,29.2,1,-0.5096102679686781,-29.195552698566626
2015-12-31 14:00:00,20.9,65,0.0,30.7,3,-1.6067138566583903,-30.657926716965417
2015-12-31 15:00:00,20.5,64,0.0,28.9,6,-3.020872588435182,-28.7416827761431
2015-12-31 16:00:00,19.7,65,0.0,26.4,5,-2.3009116085381778,-26.29954002962208
2015-12-31 17:00:00,18.5,69,0.0,24.9,4,-1.7369361962287269,-24.839344851469622
2015-12-31 18:00:00,17.4,71,0.0,23.1,4,-1.611374543489301,-23.04372956100194
2015-12-31 19:00:00,16.7,73,0.0,20.6,4,-1.4369833591289871,-20.54981943535238
2015-12-31 20:00:00,16.4,75,0.0,19.5,5,-1.699536983579336,-19.42579661278904
2015-12-31 21:00:00,15.4,81,0.0,18.1,6,-1.891965185144526,-18.00084630616575
2015-12-31 22:00:00,15.6,79,0.0,17.4,6,-1.8187952608571683,-17.304680979407955
2015-12-31 23:00:00,15.9,77,0.0,16.3,6,-1.70381395126275,-16.210706894502856
2016-01-01 00:00:00,16.3,75,0.0,14.6,9,-2.283943189587373,-14.42024977268901
2016-01-01 01:00:00,16.2,76,0.0,13.8,6,-1.4424927930936164,-13.724402156082174
2016-01-01 02:00:00,16.2,77,0.0,13.8,7,-1.681796938991031,-13.697136892650246
2016-01-01 03:00:00,16.8,76,0.0,14.2,7,-1.7305446763530898,-14.094155353306773
2016-01-01 04:00:00,16.7,76,0.0,13.8,7,-1.681796938991031,-13.697136892650246
2016-01-01 05:00:00,16.7,77,0.0,14.5,6,-1.5156627173809738,-14.420567482839964
2016-01-01 06:00:00,16.7,77,0.0,14.5,7,-1.767105479374634,-14.39191919879917
2016-01-01 07:00:00,16.6,77,0.0,13.4,8,-1.864919552864882,-13.269592121137041
2016-01-01 08:00:00,17.3,79,0.0,12.0,7,-1.462432120861766,-11.910553819695865
2016-01-01 09:00:00,19.3,75,0.0,11.5,4,-0.8021994480574441,-11.471986577987979
2016-01-01 10:00:00,20.8,71,0.0,13.0,357,0.6803674311582716,-12.98218395180946
2016-01-01 11:00:00,21.9,67,0.0,14.6,351,2.2839431895873714,-14.420249772689012
2016-01-01 12:00:00,22.4,66,0.0,17.2,349,3.2819147204765726,-16.883987555299818
2016-01-01 13:00:00,22.5,66,0.0,19.6,353,2.388639130740891,-19.45390457216991
2016-01-01 14:00:00,22.3,67,0.0,23.1,356,1.611374543489293,-23.04372956100194
2016-01-01 15:00:00,22.1,68,0.0,23.1,357,1.2089605892120057,-23.068342252830657
2016-01-01 16:00:00,21.0,73,0.0,22.0,356,1.534642422370755,-21.946409105716132
2016-01-01 17:00:00,19.5,78,0.0,20.6,355,1.7954083006017578,-20.521610780689958
2016-01-01 18:00:00,18.2,83,0.0,20.2,357,1.0571863161074682,-20.17231660204239
2016-01-01 19:00:00,17.5,87,0.0,19.1,357,0.9996167642402298,-19.07382411381236
2016-01-01 20:00:00,16.8,90,0.0,19.1,356,1.332348648512792,-19.053473359962645
2016-01-01 21:00:00,16.3,93,0.0,19.1,1,-0.33334096295211485,-19.097090977487074
2016-01-01 22:00:00,15.9,94,0.0,17.3,1,-0.3019266313650045,-17.29736512620557
2016-01-01 23:00:00,15.8,93,0.0,15.5,360,9.491012693391988e-16,-15.5
2016-01-02 00:00:00,16.2,92,0.0,13.7,3,-0.717002600528337,-13.681224626137661
2016-01-02 01:00:00,16.3,91,0.0,12.3,3,-0.643732261788215,-12.283143277481258
2016-01-02 02:00:00,16.2,91,0.0,11.9,5,-1.0371533386971332,-11.854716907291772
2016-01-02 03:00:00,16.2,90,0.0,11.6,7,-1.413684383499707,-11.513535359039336
2016-01-02 04:00:00,16.0,91,0.0,11.7,9,-1.830283240970703,-11.55595358496311
2016-01-02 05:00:00,15.9,91,0.0,11.4,11,-2.1752225472926088,-11.19054989130337
2016-01-02 06:00:00,15.2,91,0.0,12.4,17,-3.62540913856194,-11.858178973941639
2016-01-02 07:00:00,14.9,90,0.0,13.5,16,-3.721104303529485,-12.977032895167307
2016-01-02 08:00:00,16.0,90,0.0,16.6,5,-1.446785329611127,-16.536831988322977
2016-01-02 09:00:00,19.8,81,0.0,18.7,360,1.1450447572027753e-15,-18.7
2016-01-02 10:00:00,21.2,76,0.0,19.8,357,1.0362519336102907,-19.772864788140563
2016-01-02 11:00:00,22.3,73,0.0,19.4,349,3.701694510304971,-19.04356735888468
2016-01-02 12:00:00,22.9,72,0.0,16.6,347,3.734187502108158,-16.174543075434908
2016-01-02 13:00:00,22.6,74,0.0,12.1,343,3.5376976271451146,-11.571287547152728
2016-01-02 14:00:00,22.3,76,0.0,8.7,353,1.060263287624783,-8.6351515192795
2016-01-02 15:00:00,20.7,84,0.0,8.2,15,-2.122316169840669,-7.92059177557036
2016-01-02 16:00:00,20.5,85,0.2,9.0,360,5.51091059616309e-16,-9.0
2016-01-02 17:00:00,19.9,88,0.3,11.1,347,2.4969567032169007,-10.81550771911611
2016-01-02 18:00:00,19.0,91,0.3,12.2,346,2.9514471263159456,-11.837607860567156
2016-01-02 19:00:00,18.4,94,0.5,13.0,360,7.960204194457795e-16,-13.0
2016-01-02 20:00:00,17.8,96,0.7000000000000001,9.2,339,3.2969851358167634,-8.588939923774255
2016-01-02 21:00:00,17.6,96,0.5,9.6,340,3.2833933759264204,-9.02104915954472
2016-01-02 22:00:00,17.4,97,0.2,8.3,355,0.7233926648055626,-8.268415994161488
2016-01-02 23:00:00,17.3,97,0.2,7.1,15,-1.8376152202278964,-6.858073366652385
2016-01-03 00:00:00,17.3,97,1.2,6.6,22,-2.472403516545021,-6.119413440140796
2016-01-03 01:00:00,17.4,96,0.6,6.0,17,-1.7542302283364226,-5.7378285357782115
2016-01-03 02:00:00,17.4,96,1.9,9.5,351,1.4861274178821937,-9.38303923565381
2016-01-03 03:00:00,18.1,92,0.3,10.5,352,1.4613175600806874,-10.397814721786489
2016-01-03 04:00:00,17.8,93,0.0,12.2,360,7.470345474798854e-16,-12.2
2016-01-03 05:00:00,17.6,94,0.2,13.1,8,-1.8231676225768623,-12.97251170051457
2016-01-03 06:00:00,17.7,93,0.4,14.7,11,-2.8048922320352054,-14.42991959668066
2016-01-03 07:00:00,17.7,93,0.4,14.6,10,-2.535263393937183,-14.378193193978237
2016-01-03 08:00:00,18.1,93,0.7000000000000001,14.8,14,-3.5804440548750835,-14.360376748884748
2016-01-03 09:00:00,19.0,92,0.7000000000000001,11.7,11,-2.232465245905572,-11.485038046337667
2016-01-03 10:00:00,19.6,91,0.7000000000000001,10.8,356,0.7533699164365526,-10.773691742806102
2016-01-03 11:00:00,20.0,92,1.1,10.9,6,-1.1393602496174215,-10.840288659514181
2016-01-03 12:00:00,20.4,91,1.3,10.6,10,-1.8406706832694615,-10.438962181929405
2016-01-03 13:00:00,20.5,93,0.8,9.4,4,-0.6557108531947805,-9.377102072442348
2016-01-03 14:00:00,20.7,94,1.2,9.0,358,0.31409547032250973,-8.994517443171862
2016-01-03 15:00:00,21.8,84,0.7000000000000001,10.5,352,1.4613175600806874,-10.397814721786489
2016-01-03 16:00:00,21.1,91,1.8,12.9,347,2.9018686010358574,-12.569373835729534
2016-01-03 17:00:00,20.0,95,3.1,13.7,346,3.314329969715447,-13.293051449981151
2016-01-03 18:00:00,19.1,97,3.1,13.5,351,2.1118652780431173,-13.33379259803436
2016-01-03 19:00:00,18.6,97,3.3,11.9,355,1.0371533386971319,-11.854716907291772
2016-01-03 20:00:00,18.5,97,3.1,11.3,7,-1.3771235804781632,-11.21577151354694
2016-01-03 21:00:00,18.6,96,3.4,10.0,13,-2.2495105434386526,-9.743700647852352
2016-01-03 22:00:00,18.4,96,3.4,7.4,14,-1.7902220274375418,-7.180188374442374
2016-01-03 23:00:00,18.3,96,2.9,7.1,15,-1.8376152202278964,-6.858073366652385
2016-01-04 00:00:00,18.3,95,2.6,6.3,13,-1.417191642366351,-6.1385314081469815
2016-01-04 01:00:00,18.2,95,2.5,6.9,9,-1.0793978087775942,-6.81504955010645
2016-01-04 02:00:00,18.1,96,2.5,8.5,12,-1.767249371950958,-8.314254606237347
2016-01-04 03:00:00,18.4,94,1.4,7.9,16,-2.1775351109542913,-7.593967397912721
2016-01-04 04:00:00,18.4,94,1.8,7.3,20,-2.49674704627738,-6.859756131737131
2016-01-04 05:00:00,18.0,93,1.9,7.1,24,-2.8878301658381806,-6.486172749262467
2016-01-04 06:00:00,18.5,91,2.6,7.1,30,-3.550000000000003,-6.148780366869512
2016-01-04 07:00:00,18.7,90,2.8,5.8,353,0.7068421917498554,-5.756767679519667
2016-01-04 08:00:00,19.1,91,2.3,7.1,345,1.8376152202278973,-6.858073366652385
2016-01-04 09:00:00,20.8,90,1.8,6.5,360,3.9801020972288977e-16,-6.5
2016-01-04 10:00:00,22.2,87,1.7000000000000002,5.8,360,3.5514757175273243e-16,-5.8
2016-01-04 11:00:00,22.6,87,2.0,7.4,346,1.7902220274375409,-7.180188374442374
2016-01-04 12:00:00,22.8,88,2.3,9.3,347,2.092044805397944,-9.06164160250269
2016-01-04 13:00:00,22.5,91,2.0,9.4,356,0.6557108531947772,-9.377102072442348
2016-01-04 14:00:00,22.6,91,1.4,8.6,2,-0.3001356716415065,-8.594761112364223
2016-01-04 15:00:00,21.6,96,0.8,7.2,3,-0.376818884949199,-7.190132650232932
2016-01-04 16:00:00,21.4,95,0.0,5.4,4,-0.37668495821827813,-5.386845871403051
2016-01-04 17:00:00,21.2,95,0.0,4.0,10,-0.6945927106677213,-3.939231012048832
2016-01-04 18:00:00,20.5,98,0.0,4.0,355,0.34862297099063255,-3.984778792366982
2016-01-04 19:00:00,19.4,99,0.0,5.4,8,-0.7515347451843555,-5.34744757120448
2016-01-04 20:00:00,18.4,99,0.0,6.3,24,-2.5624408513775405,-5.755336383148386
2016-01-04 21:00:00,18.2,97,0.0,5.4,20,-1.8469087739586103,-5.074340152243906
2016-01-04 22:00:00,18.2,94,0.0,5.9,14,-1.42733918403804,-5.7247447850283795
2016-01-04 23:00:00,18.7,91,0.0,6.3,13,-1.417191642366351,-6.1385314081469815
2016-01-05 00:00:00,18.6,89,0.0,7.4,23,-2.8914103508206264,-6.811735915548058
2016-01-05 01:00:00,18.7,87,0.0,7.9,39,-4.971631089293719,-6.139453095510068
2016-01-05 02:00:00,18.6,86,0.0,5.9,38,-3.632402704421383,-4.649263446279661
2016-01-05 03:00:00,18.9,80,0.0,5.5,11,-1.0494494745709955,-5.3989495089621515
2016-01-05 04:00:00,19.1,79,0.0,6.8,360,4.1637991171010006e-16,-6.8
2016-01-05 05:00:00,19.1,78,0.0,6.8,25,-2.873804179836754,-6.16289295184922
2016-01-05 06:00:00,17.4,84,0.0,8.4,50,-6.4347733221994154,-5.39941592136693
2016-01-05 07:00:00,17.1,85,0.0,6.9,43,-4.705788684431241,-5.046340541172277
2016-01-05 08:00:00,18.7,84,0.0,5.6,15,-1.4493866525741155,-5.4091846272187825
2016-01-05 09:00:00,21.2,84,0.0,8.8,341,2.8649997592229797,-8.320563465273988
2016-01-05 10:00:00,22.7,79,0.0,11.2,345,2.8987733051482323,-10.818369254437565
2016-01-05 11:00:00,23.5,78,0.0,9.4,4,-0.6557108531947805,-9.377102072442348
2016-01-05 12:00:00,24.1,76,0.0,6.2,10,-1.0766187015349682,-6.10580806867569
2016-01-05 13:00:00,24.5,75,0.0,4.3,355,0.37476969381492997,-4.283637201794505
2016-01-05 14:00:00,24.2,77,0.0,7.0,339,2.5085756468171025,-6.535062985480412
2016-01-05 15:00:00,23.8,78,0.2,10.7,346,2.588564282916444,-10.382164271153162
2016-01-05 16:00:00,22.9,83,0.2,10.5,352,1.4613175600806874,-10.397814721786489
2016-01-05 17:00:00,21.8,88,0.2,8.0,10,-1.3891854213354426,-7.878462024097664
2016-01-05 18:00:00,20.6,93,0.0,11.7,11,-2.232465245905572,-11.485038046337667
2016-01-05 19:00:00,19.7,96,0.0,12.6,5,-1.0981623586204938,-12.552053195955994
2016-01-05 20:00:00,18.8,96,0.0,12.7,15,-3.2870018728020116,-12.267257993871167
2016-01-05 21:00:00,19.0,93,0.0,11.4,24,-4.636797731064121,-10.414418217125652
2016-01-05 22:00:00,19.8,88,0.0,11.8,38,-7.264805408842766,-9.298526892559321
2016-01-05 23:00:00,18.5,89,0.0,9.7,48,-7.208504807130724,-6.490566881680924
2016-01-06 00:00:00,18.0,89,0.0,8.2,49,-6.1886185578267305,-5.379684037722157
2016-01-06 01:00:00,18.1,86,0.0,7.4,51,-5.750880114781584,-4.656970893768799
2016-01-06 02:00:00,18.0,85,0.0,7.1,49,-5.358438019581682,-4.6580191058326
2016-01-06 03:00:00,18.8,79,0.0,7.1,30,-3.550000000000003,-6.148780366869512
2016-01-06 04:00:00,18.7,79,0.0,9.8,17,-2.8652427062828236,-9.371786608437747
2016-01-06 05:00:00,18.9,78,0.8,9.8,17,-2.8652427062828236,-9.371786608437747
2016-01-06 06:00:00,18.9,79,1.2,9.8,6,-1.024378940023003,-9.74631457460908
2016-01-06 07:00:00,18.7,82,1.8,10.4,2,-0.36295476570600793,-10.393664600998596
2016-01-06 08:00:00,18.8,85,1.5,12.3,7,-1.4989929238833102,-12.208317665188263
2016-01-06 09:00:00,20.0,89,1.9,15.8,1,-0.27574802170907925,-15.797593583470983
2016-01-06 10:00:00,20.1,91,2.8,17.6,1,-0.30716235329618957,-17.59731943475249
2016-01-06 11:00:00,20.7,93,2.4,19.8,1,-0.34555764745821327,-19.79698436409655
2016-01-06 12:00:00,19.5,98,1.9,21.4,7,-2.608003948870149,-21.24048764512429
2016-01-06 13:00:00,19.1,98,1.6,20.7,13,-4.6564868249180105,-20.169460341054368
2016-01-06 14:00:00,19.3,95,0.5,18.8,12,-3.908739787373884,-18.389174893795545
2016-01-06 15:00:00,20.3,88,0.0,20.0,7,-2.4373868681029434,-19.850923032826444
2016-01-06 16:00:00,20.0,88,0.0,22.7,3,-1.1880262067148357,-22.668890438928827
2016-01-06 17:00:00,18.9,90,0.0,24.2,3,-1.2665301410792522,-24.166834741060686
2016-01-06 18:00:00,17.6,92,0.0,23.5,5,-2.048159954569969,-23.41057540515602
2016-01-06 19:00:00,17.0,92,0.0,24.6,5,-2.144031271592393,-24.506389573056943
2016-01-06 20:00:00,16.2,94,0.0,25.0,6,-2.613211581691334,-24.863047384206833
2016-01-06 21:00:00,15.7,93,0.0,23.8,4,-1.6602040751101887,-23.742024396183815
2016-01-06 22:00:00,15.6,92,0.0,24.1,2,-0.8410778705302684,-24.08531893116021
2016-01-06 23:00:00,15.5,90,0.0,23.1,4,-1.611374543489301,-23.04372956100194
2016-01-07 00:00:00,15.0,91,0.0,22.1,7,-2.6933124892537528,-21.93526995127322
2016-01-07 01:00:00,14.1,92,0.0,20.2,4,-1.4090807696313368,-20.15079381524845
2016-01-07 02:00:00,13.5,92,0.0,20.2,3,-1.057186316107475,-20.17231660204239
2016-01-07 03:00:00,14.1,90,0.0,19.5,5,-1.699536983579336,-19.42579661278904
2016-01-07 04:00:00,14.1,89,0.0,18.5,7,-2.2545828529952225,-18.36210380536446
2016-01-07 05:00:00,15.0,86,0.0,17.4,7,-2.120526575249561,-17.270303038559003
2016-01-07 06:00:00,15.6,84,0.0,15.6,8,-2.171100374977027,-15.448181872368496
2016-01-07 07:00:00,15.9,82,0.0,15.9,5,-1.3857763096877662,-15.839495699658755
2016-01-07 08:00:00,16.6,82,0.0,13.8,6,-1.4424927930936164,-13.724402156082174
2016-01-07 09:00:00,18.5,78,0.0,15.2,4,-1.0602984009107088,-15.162973563949327
2016-01-07 10:00:00,19.7,75,0.0,15.9,6,-1.6620025659556885,-15.812898136355548
2016-01-07 11:00:00,20.7,71,0.0,16.3,5,-1.4206386067868295,-16.237973578895453
2016-01-07 12:00:00,21.3,69,0.0,16.9,1,-0.2949456687900911,-16.89742604814301
2016-01-07 13:00:00,21.6,69,0.0,18.0,358,0.6281909406450195,-17.989034886343724
2016-01-07 14:00:00,21.5,70,0.0,20.5,358,0.7154396824012721,-20.487511953891463
2016-01-07 15:00:00,20.8,72,0.0,22.3,360,1.3654811810492988e-15,-22.3
2016-01-07 16:00:00,19.7,75,0.0,22.0,3,-1.1513910373447747,-21.969849764600625
2016-01-07 17:00:00,18.5,79,0.0,19.5,5,-1.699536983579336,-19.42579661278904
2016-01-07 18:00:00,17.4,81,0.0,19.9,5,-1.734399280678399,-19.824274492025737
2016-01-07 19:00:00,17.0,83,0.0,18.2,8,-2.532950437473198,-18.02287885109658
2016-01-07 20:00:00,16.7,85,0.0,16.6,4,-1.1579574641524848,-16.55956323431308
2016-01-07 21:00:00,16.5,88,0.0,15.5,3,-0.8112073217656367,-15.478757788695894
2016-01-07 22:00:00,16.3,90,0.1,13.7,2,-0.4781231048242604,-13.691654330161612
2016-01-07 23:00:00,16.3,91,0.2,13.3,357,0.6960682180311548,-13.281772812235833
2016-01-08 00:00:00,16.4,91,0.5,14.4,357,0.7536377698983932,-14.380265300465863
2016-01-08 01:00:00,16.2,92,0.6,14.8,1,-0.2582956152717958,-14.79774588831459
2016-01-08 02:00:00,16.0,93,0.8,15.9,6,-1.6620025659556885,-15.812898136355548
2016-01-08 03:00:00,16.2,92,0.4,16.5,10,-2.8651949315043503,-16.249327924701433
2016-01-08 04:00:00,15.9,93,0.3,15.4,16,-4.244815279581783,-14.803430117450112
2016-01-08 05:00:00,15.8,93,0.2,13.9,25,-5.874393838195719,-12.597678239809436
2016-01-08 06:00:00,15.6,92,0.2,14.0,29,-6.787334683448716,-12.244675899951543
2016-01-08 07:00:00,15.7,92,0.1,13.2,22,-4.944807033090042,-12.238826880281591
2016-01-08 08:00:00,16.4,91,0.0,14.9,8,-2.0736792043049808,-14.754994224249398
2016-01-08 09:00:00,17.8,87,0.0,19.1,3,-0.9996167642402364,-19.07382411381236
2016-01-08 10:00:00,18.3,84,0.0,21.7,7,-2.6445647518916937,-21.538251490616688
2016-01-08 11:00:00,18.6,83,0.0,22.1,7,-2.6933124892537528,-21.93526995127322
2016-01-08 12:00:00,19.2,80,0.0,23.5,4,-1.639277132986951,-23.44275518110587
2016-01-08 13:00:00,19.7,77,0.0,24.2,3,-1.2665301410792522,-24.166834741060686
2016-01-08 14:00:00,19.5,76,0.0,25.3,5,-2.2050402915157536,-25.203725861721164
2016-01-08 15:00:00,18.5,80,0.0,24.9,5,-2.17017799441669,-24.805247982484463
2016-01-08 16:00:00,18.1,81,0.0,23.8,2,-0.8306080215195182,-23.78550168305448
2016-01-08 17:00:00,17.4,81,0.0,24.1,360,1.4756993929725606e-15,-24.1
2016-01-08 18:00:00,16.4,82,0.0,24.8,359,0.43281967964463325,-24.796222839878503
2016-01-08 19:00:00,16.0,82,0.0,24.1,2,-0.8410778705302684,-24.08531893116021
2016-01-08 20:00:00,15.3,84,0.0,23.4,2,-0.8166482228385178,-23.38574535224684
2016-01-08 21:00:00,14.9,85,0.0,23.1,2,-0.8061783738277676,-23.085928104141114
2016-01-08 22:00:00,14.5,86,0.0,21.6,3,-1.1304566548475972,-21.570397950698798
2016-01-08 23:00:00,14.1,89,0.0,20.2,1,-0.35253861003312664,-20.196923442159104
2016-01-09 00:00:00,13.8,89,0.0,19.4,360,1.1879073951729326e-15,-19.4
2016-01-09 01:00:00,13.6,88,0.0,19.4,360,1.1879073951729326e-15,-19.4
2016-01-09 02:00:00,13.6,88,0.0,19.1,2,-0.6665803870177646,-19.08836479606473
2016-01-09 03:00:00,12.7,89,0.0,18.1,7,-2.205835115633164,-17.96508534470793
2016-01-09 04:00:00,13.3,87,0.0,16.3,8,-2.2685215456490733,-16.141369520487597
2016-01-09 05:00:00,13.4,86,0.0,16.3,6,-1.70381395126275,-16.210706894502856
2016-01-09 06:00:00,13.0,86,0.0,16.8,10,-2.91728938480443,-16.544770250605094
2016-01-09 07:00:00,13.4,85,0.0,15.6,15,-4.037577103599322,-15.068442890109464
2016-01-09 08:00:00,14.5,86,0.0,16.2,13,-3.644207080370617,-15.784795049520808
2016-01-09 09:00:00,17.3,77,0.0,15.3,9,-2.393447315115535,-15.111631611105606
2016-01-09 10:00:00,18.8,74,0.0,15.1,3,-0.790272939268459,-15.079305974794064
2016-01-09 11:00:00,20.0,70,0.0,16.2,359,0.2827289842839943,-16.197532661533536
2016-01-09 12:00:00,20.7,68,0.0,16.2,360,9.919639073093561e-16,-16.2
2016-01-09 13:00:00,21.0,67,0.0,16.2,359,0.2827289842839943,-16.197532661533536
2016-01-09 14:00:00,20.8,68,0.0,18.1,355,1.5775189437326125,-18.031124035460596
2016-01-09 15:00:00,20.5,70,0.0,20.5,357,1.0728871029803513,-20.471905462468765
2016-01-09 16:00:00,19.7,72,0.0,19.8,1,-0.34555764745821327,-19.79698436409655
2016-01-09 17:00:00,18.4,77,0.0,16.9,2,-0.5898014942722628,-16.889704976622717
2016-01-09 18:00:00,17.0,81,0.0,16.6,1,-0.2897099468589061,-16.597471739596095
2016-01-09 19:00:00,16.0,87,0.0,14.1,6,-1.4738513320739124,-14.022758724692654
2016-01-09 20:00:00,15.8,87,0.0,12.2,2,-0.42577385977050924,-12.192568089632967
2016-01-09 21:00:00,16.5,82,0.0,11.5,2,-0.40134421207875876,-11.492994510719601
2016-01-09 22:00:00,16.4,82,0.0,10.8,358,0.3769145643870117,-10.793420931806235
2016-01-09 23:00:00,16.3,82,0.0,10.9,352,1.5169868004647136,-10.793921949283117
2016-01-10 00:00:00,16.0,83,0.0,10.1,354,1.0557374790032998,-10.04467114321956
2016-01-10 01:00:00,15.8,83,0.0,11.2,356,0.7812725059342026,-11.17271736291003
2016-01-10 02:00:00,15.5,83,0.0,11.2,4,-0.7812725059342065,-11.17271736291003
2016-01-10 03:00:00,15.3,84,0.0,11.9,2,-0.4153040107597591,-11.89275084152724
2016-01-10 04:00:00,14.0,86,0.0,11.2,4,-0.7812725059342065,-11.17271736291003
2016-01-10 05:00:00,13.5,88,0.0,13.0,6,-1.3588700224794936,-12.928784639787555
2016-01-10 06:00:00,13.4,88,0.0,14.5,7,-1.767105479374634,-14.39191919879917
2016-01-10 07:00:00,13.5,88,0.0,15.2,14,-3.67721281311495,-14.748495039395145
2016-01-10 08:00:00,14.9,88,0.0,17.4,6,-1.8187952608571683,-17.304680979407955
2016-01-10 09:00:00,17.8,83,0.0,19.8,3,-1.0362519336102973,-19.772864788140563
2016-01-10 10:00:00,19.2,80,0.0,18.9,8,-2.6303716081452437,-18.716066499215675
2016-01-10 11:00:00,20.3,77,0.0,17.3,360,1.0593194812624606e-15,-17.3
2016-01-10 12:00:00,20.8,75,0.0,16.2,359,0.2827289842839943,-16.197532661533536
2016-01-10 13:00:00,21.2,74,0.0,14.8,359,0.2582956152717973,-14.79774588831459
2016-01-10 14:00:00,21.2,74,0.0,14.8,354,1.5470212563612713,-14.718924051450445
2016-01-10 15:00:00,20.6,78,0.0,17.8,352,2.4772811970891655,-17.626771623599954
2016-01-10 16:00:00,19.6,83,0.0,18.8,355,1.638527963655973,-18.728460324124818
2016-01-10 17:00:00,18.5,88,0.0,18.7,359,0.32636000037720325,-18.697151899424515
2016-01-10 18:00:00,17.7,91,0.0,16.2,4,-1.1300548746548345,-16.16053761420915
2016-01-10 19:00:00,17.5,92,0.0,14.1,4,-0.9835662797921707,-14.06565310866352
2016-01-10 20:00:00,17.0,94,0.0,11.5,2,-0.40134421207875876,-11.492994510719601
2016-01-10 21:00:00,16.7,94,0.0,13.3,358,0.4641633061432644,-13.291897999353974
2016-01-10 22:00:00,16.6,94,0.0,14.0,360,8.572527594031472e-16,-14.0
2016-01-10 23:00:00,16.2,95,0.0,16.2,359,0.2827289842839943,-16.197532661533536
2016-01-11 00:00:00,16.2,95,0.0,16.8,9,-2.6280990126758814,-16.593164121998313
2016-01-11 01:00:00,16.1,95,0.0,13.5,9,-2.111865278043119,-13.333792598034359
2016-01-11 02:00:00,15.9,95,0.2,14.6,10,-2.535263393937183,-14.378193193978237
2016-01-11 03:00:00,16.2,93,0.0,15.4,11,-2.938458528798787,-15.117058625094026
2016-01-11 04:00:00,16.2,92,0.0,15.6,8,-2.171100374977027,-15.448181872368496
2016-01-11 05:00:00,16.1,93,0.0,15.4,11,-2.938458528798787,-15.117058625094026
2016-01-11 06:00:00,16.3,92,0.0,17.3,5,-1.5077943495344879,-17.234168276987198
2016-01-11 07:00:00,16.1,93,0.2,17.3,359,0.30192663136500625,-17.29736512620557
2016-01-11 08:00:00,16.7,93,0.9,16.6,5,-1.446785329611127,-16.536831988322977
2016-01-11 09:00:00,17.1,94,2.0,14.2,24,-5.775660331676361,-12.972345498524934
2016-01-11 10:00:00,18.2,91,1.8,10.2,51,-7.926888806861101,-6.419067988708343
2016-01-11 11:00:00,19.2,89,0.4,6.8,32,-3.603450996785794,-5.766727053863696
2016-01-11 12:00:00,19.7,87,0.2,12.3,345,3.183474254761005,-11.88088766335554
2016-01-11 13:00:00,19.5,90,0.2,18.1,353,2.2058351156331697,-17.96508534470793
2016-01-11 14:00:00,19.3,92,0.5,18.4,359,0.3211242784460182,-18.3971975908776
2016-01-11 15:00:00,18.0,95,0.3,19.5,3,-1.020551146737414,-19.47327592771419
2016-01-11 16:00:00,17.6,94,0.1,21.2,10,-3.681341366538923,-20.87792436385881
2016-01-11 17:00:00,17.3,94,0.0,21.1,8,-2.936552430257389,-20.894656250447134
2016-01-11 18:00:00,16.7,95,0.5,21.0,6,-2.1950977286207207,-20.884959802733743
2016-01-11 19:00:00,16.4,95,0.2,18.9,13,-4.251574927099053,-18.41559422444094
2016-01-11 20:00:00,16.5,95,0.4,15.7,16,-4.327506486326882,-15.091808626231607
2016-01-11 21:00:00,16.5,95,0.2,15.5,13,-3.4867413423299114,-15.102736004171145
2016-01-11 22:00:00,16.1,95,0.0,17.7,2,-0.6177210916342635,-17.689217638237995
2016-01-11 23:00:00,16.2,94,0.0,20.9,360,1.279755905108984e-15,-20.9
2016-01-12 00:00:00,16.0,95,0.3,21.3,2,-0.7433592797632662,-21.28702461550674
2016-01-12 01:00:00,15.7,96,0.4,22.4,6,-2.341437577195435,-22.27729045624932
2016-01-12 02:00:00,15.7,96,0.3,24.5,3,-1.2822309279521356,-24.466423601487058
2016-01-12 03:00:00,15.7,94,0.2,25.2,3,-1.3188660973221964,-25.16546427581526
2016-01-12 04:00:00,15.1,95,0.0,24.7,8,-3.4375755937136256,-24.459621297916783
2016-01-12 05:00:00,15.3,93,0.0,23.8,10,-4.132826628472942,-23.438424521690553
2016-01-12 06:00:00,15.4,92,0.0,22.2,8,-3.089642841313461,-21.98395112606286
2016-01-12 07:00:00,15.4,91,0.0,21.6,11,-4.121474300133364,-21.203147162469545
2016-01-12 08:00:00,15.9,90,0.0,20.1,10,-3.4903283711052997,-19.79463583554538
2016-01-12 09:00:00,17.5,84,0.0,19.9,6,-2.0801164190263015,-19.79098571782864
2016-01-12 10:00:00,18.8,79,0.0,21.0,5,-1.8302705977008231,-20.920088659926655
2016-01-12 11:00:00,20.2,75,0.0,22.0,4,-1.5346424223707626,-21.946409105716132
2016-01-12 12:00:00,20.8,72,0.0,23.0,360,1.4083438190194562e-15,-23.0
2016-01-12 13:00:00,20.9,71,0.0,25.2,358,0.8794673169030272,-25.184648840881213
2016-01-12 14:00:00,20.6,71,0.0,26.6,360,1.6287802428659798e-15,-26.6
2016-01-12 15:00:00,19.9,73,0.0,25.9,1,-0.45201732672564254,-25.896055304550533
2016-01-12 16:00:00,18.9,76,0.0,23.4,359,0.4083863106324362,-23.396436066659554
2016-01-12 17:00:00,17.7,80,0.0,22.3,1,-0.389188663551422,-22.296603601987528
2016-01-12 18:00:00,16.7,83,0.2,20.9,4,-1.4579103012522245,-20.849088650430325
2016-01-12 19:00:00,16.2,85,0.3,20.5,360,1.255262969126037e-15,-20.5
2016-01-12 20:00:00,15.6,90,0.4,21.3,358,0.743359279763273,-21.28702461550674
2016-01-12 21:00:00,15.2,92,0.3,20.9,359,0.36475529453922717,-20.896816828768575
2016-01-12 22:00:00,15.0,93,0.4,19.4,360,1.1879073951729326e-15,-19.4
2016-01-12 23:00:00,15.2,93,0.5,19.8,3,-1.0362519336102973,-19.772864788140563
2016-01-13 00:00:00,15.0,93,0.4,19.9,4,-1.388153827508099,-19.8515246001705
2016-01-13 01:00:00,14.9,93,0.4,20.6,5,-1.79540830060176,-20.521610780689958
2016-01-13 02:00:00,14.8,93,0.3,21.3,6,-2.2264562676010167,-21.183316371344223
2016-01-13 03:00:00,14.9,92,0.7000000000000001,21.0,5,-1.8302705977008231,-20.920088659926655
2016-01-13 04:00:00,15.0,92,0.6,19.8,3,-1.0362519336102973,-19.772864788140563
2016-01-13 05:00:00,14.8,93,0.5,19.5,2,-0.6805401856987648,-19.488121126872368
2016-01-13 06:00:00,14.9,92,0.2,19.5,3,-1.020551146737414,-19.47327592771419
2016-01-13 07:00:00,14.7,93,0.1,18.0,360,1.102182119232618e-15,-18.0
2016-01-13 08:00:00,15.3,92,0.2,19.1,359,0.33334096295211674,-19.097090977487074
2016-01-13 09:00:00,16.2,88,0.0,20.5,359,0.35777433196431374,-20.49687775070602
2016-01-13 10:00:00,17.2,85,0.0,21.2,360,1.2981256070961944e-15,-21.2
2016-01-13 11:00:00,17.7,83,0.1,22.0,360,1.3471114790620886e-15,-22.0
2016-01-13 12:00:00,17.6,83,0.2,23.8,360,1.4573296909853504e-15,-23.8
2016-01-13 13:00:00,17.9,81,0.2,24.8,359,0.43281967964463325,-24.796222839878503
2016-01-13 14:00:00,17.5,82,0.1,25.9,359,0.45201732672564515,-25.896055304550533
2016-01-13 15:00:00,16.9,83,0.2,25.9,360,1.5859176048958222e-15,-25.9
2016-01-13 16:00:00,16.3,83,0.0,24.1,360,1.4756993929725606e-15,-24.1
2016-01-13 17:00:00,15.6,84,0.1,22.7,360,1.389974117032246e-15,-22.7
2016-01-13 18:00:00,14.7,86,0.1,22.3,359,0.38918866355142423,-22.296603601987528
2016-01-13 19:00:00,14.3,87,0.0,22.7,360,1.389974117032246e-15,-22.7
2016-01-13 20:00:00,14.2,87,0.0,22.3,360,1.3654811810492988e-15,-22.3
2016-01-13 21:00:00,13.8,88,0.0,23.0,1,-0.40140534805752043,-22.996496988597
2016-01-13 22:00:00,13.5,89,0.0,22.7,2,-0.7922185751467673,-22.686171773333474
2016-01-13 23:00:00,13.0,90,0.0,22.7,1,-0.3961696261263354,-22.69654268005008
2016-01-14 00:00:00,12.8,90,0.0,22.7,2,-0.7922185751467673,-22.686171773333474
2016-01-14 01:00:00,12.3,91,0.0,21.7,5,-1.891279617624184,-21.617424948590877
2016-01-14 02:00:00,11.9,92,0.0,19.2,6,-2.0069464947389446,-19.094820391070847
2016-01-14 03:00:00,11.6,93,0.0,17.7,6,-1.8501537998374644,-17.60303754801844
2016-01-14 04:00:00,11.3,92,0.0,17.0,5,-1.4816476267101901,-16.935309867559674
2016-01-14 05:00:00,11.1,90,0.0,16.6,5,-1.446785329611127,-16.536831988322977
2016-01-14 06:00:00,10.8,90,0.0,15.6,7,-1.901161757120296,-15.483719965604624
2016-01-14 07:00:00,10.8,90,0.0,15.9,5,-1.3857763096877662,-15.839495699658755
2016-01-14 08:00:00,12.4,90,0.0,17.7,4,-1.2346895852710227,-17.65688368959889
2016-01-14 09:00:00,16.3,79,0.0,18.4,4,-1.2835191168919107,-18.355178524780765
2016-01-14 10:00:00,17.5,76,0.0,17.4,6,-1.8187952608571683,-17.304680979407955
2016-01-14 11:00:00,18.5,72,0.0,17.3,4,-1.2067869957733726,-17.257858069494958
2016-01-14 12:00:00,19.0,71,0.0,18.4,360,1.1266750552155648e-15,-18.4
2016-01-14 13:00:00,19.3,71,0.0,19.4,360,1.1879073951729326e-15,-19.4
2016-01-14 14:00:00,18.9,72,0.0,19.4,360,1.1879073951729326e-15,-19.4
2016-01-14 15:00:00,19.1,73,0.0,18.8,3,-0.983915977367353,-18.77423525338599
2016-01-14 16:00:00,18.6,74,0.0,17.7,4,-1.2346895852710227,-17.65688368959889
2016-01-14 17:00:00,17.3,79,0.0,16.6,358,0.579331645261518,-16.58988772851699
2016-01-14 18:00:00,15.7,85,0.0,19.7,351,3.081758961292549,-19.457460309724212
2016-01-14 19:00:00,15.2,87,0.0,19.9,356,1.388153827508092,-19.8515246001705
2016-01-14 20:00:00,15.2,87,0.0,17.4,6,-1.8187952608571683,-17.304680979407955
2016-01-14 21:00:00,14.9,88,0.0,15.6,8,-2.171100374977027,-15.448181872368496
2016-01-14 22:00:00,14.7,89,0.0,14.5,7,-1.767105479374634,-14.39191919879917
2016-01-14 23:00:00,14.3,91,0.0,14.5,6,-1.5156627173809738,-14.420567482839964
2016-01-15 00:00:00,13.9,91,0.0,13.3,13,-2.991849022773408,-12.959121861643627
2016-01-15 01:00:00,14.2,89,0.0,12.3,7,-1.4989929238833102,-12.208317665188263
2016-01-15 02:00:00,14.3,89,0.0,13.3,360,8.143901214329899e-16,-13.3
2016-01-15 03:00:00,13.8,90,0.0,14.4,3,-0.753637769898398,-14.380265300465863
2016-01-15 04:00:00,14.0,91,0.0,14.6,10,-2.535263393937183,-14.378193193978237
2016-01-15 05:00:00,14.4,90,0.0,15.5,13,-3.4867413423299114,-15.102736004171145
2016-01-15 06:00:00,14.4,91,0.6,15.5,13,-3.4867413423299114,-15.102736004171145
2016-01-15 07:00:00,14.3,91,0.0,16.6,5,-1.446785329611127,-16.536831988322977
2016-01-15 08:00:00,15.2,90,0.7000000000000001,18.8,7,-2.291143656016767,-18.659867650856857
2016-01-15 09:00:00,16.3,87,0.0,16.4,15,-4.244632339681338,-15.84118355114072
2016-01-15 10:00:00,16.6,86,0.0,15.0,10,-2.6047226650039548,-14.772116295183121
2016-01-15 11:00:00,17.3,83,0.0,15.5,360,9.491012693391988e-16,-15.5
2016-01-15 12:00:00,17.6,81,0.0,12.8,10,-2.2226966741367082,-12.605539238556263
2016-01-15 13:00:00,17.6,82,0.1,12.0,7,-1.462432120861766,-11.910553819695865
2016-01-15 14:00:00,17.3,85,0.3,14.1,3,-0.7379369830255147,-14.080676440039491
2016-01-15 15:00:00,16.2,94,0.8,16.2,360,9.919639073093561e-16,-16.2
2016-01-15 16:00:00,15.8,95,0.8,17.5,8,-2.435529266801152,-17.32969120297748
2016-01-15 17:00:00,15.6,95,0.7000000000000001,16.1,16,-4.437761428653682,-15.476313304606938
2016-01-15 18:00:00,15.4,94,0.4,14.9,15,-3.8564037720275572,-14.392294811707119
2016-01-15 19:00:00,15.4,93,0.2,17.0,13,-3.8241679238457094,-16.564291101348996
2016-01-15 20:00:00,15.4,91,0.1,19.0,15,-4.917561856947892,-18.352590699492296
2016-01-15 21:00:00,15.4,90,0.0,18.4,31,-9.476700578345001,-15.771878332918861
2016-01-15 22:00:00,15.4,91,0.2,13.5,42,-9.033263185844584,-10.032455143944825
2016-01-15 23:00:00,15.2,91,0.2,11.2,33,-6.099957192168302,-9.393110360988748
2016-01-16 00:00:00,15.1,92,0.2,10.7,14,-2.5885642829164452,-10.382164271153162
2016-01-16 01:00:00,15.1,92,0.2,10.8,26,-4.73440838532204,-9.706975700031002
2016-01-16 02:00:00,15.0,91,0.0,11.5,4,-0.8021994480574441,-11.471986577987979
2016-01-16 03:00:00,14.8,89,0.0,15.2,4,-1.0602984009107088,-15.162973563949327
2016-01-16 04:00:00,14.5,90,0.0,18.4,6,-1.9233237241248218,-18.299202874776228
2016-01-16 05:00:00,13.8,91,0.0,18.9,9,-2.9566113892603663,-18.6673096372481
2016-01-16 06:00:00,13.8,92,0.0,17.7,17,-5.174979173592447,-16.926594180545724
2016-01-16 07:00:00,13.6,91,0.0,14.8,26,-6.487892972478351,-13.30215188522767
2016-01-16 08:00:00,14.9,92,0.0,14.1,15,-3.6493485359455407,-13.619554150675864
2016-01-16 09:00:00,17.9,83,0.0,14.5,14,-3.507867486195183,-14.06928803100195
2016-01-16 10:00:00,19.6,76,0.0,13.7,18,-4.233532822936781,-13.029474273243602
2016-01-16 11:00:00,20.9,72,0.0,12.7,8,-1.7674983821928358,-12.576404473017941
2016-01-16 12:00:00,21.8,70,0.0,12.6,355,1.0981623586204925,-12.552053195955994
2016-01-16 13:00:00,22.1,69,0.0,12.5,348,2.598896135221993,-12.22684500917257
2016-01-16 14:00:00,22.2,70,0.0,13.3,341,4.330056454280185,-12.575397055470914
2016-01-16 15:00:00,21.6,74,0.0,14.2,344,3.914050452601388,-13.649916082324127
2016-01-16 16:00:00,20.5,80,0.0,12.8,350,2.2226966741367096,-12.605539238556263
2016-01-16 17:00:00,19.7,83,0.0,10.7,348,2.224655091750026,-10.46617932785172
2016-01-16 18:00:00,18.4,89,0.1,9.1,353,1.1090110249868421,-9.032169979936029
2016-01-16 19:00:00,17.5,93,0.0,9.1,9,-1.4235536318661024,-8.987963899415753
2016-01-16 20:00:00,17.0,94,0.0,6.5,360,3.9801020972288977e-16,-6.5
2016-01-16 21:00:00,17.0,93,0.0,4.5,346,1.0886485301985045,-4.366330768241984
2016-01-16 22:00:00,16.5,95,0.0,4.4,325,2.5237363199446032,-3.604268994871564
2016-01-16 23:00:00,16.4,94,0.7000000000000001,4.4,279,4.3458286986186065,-0.6883116461770159
2016-01-17 00:00:00,16.4,94,0.9,4.2,290,3.9467090073008158,-1.4364846019678086
2016-01-17 01:00:00,17.7,88,0.4,2.9,330,1.4500000000000002,-2.5114736709748717
2016-01-17 02:00:00,17.3,88,0.6,3.7,11,-0.7059932828932151,-3.632020578756357
2016-01-17 03:00:00,15.9,93,0.4,4.8,347,1.0797650608505516,-4.676976310969129
2016-01-17 04:00:00,15.4,94,0.3,7.9,344,2.1775351109542935,-7.59396739791272
2016-01-17 05:00:00,15.6,93,0.5,7.3,340,2.4967470462773824,-6.8597561317371305
2016-01-17 06:00:00,15.4,94,1.1,8.3,2,-0.28966582263075635,-8.294943864258496
2016-01-17 07:00:00,15.1,94,1.1,10.0,13,-2.2495105434386526,-9.743700647852352
2016-01-17 08:00:00,16.3,95,0.9,12.1,10,-2.101142949769857,-11.916173811447717
2016-01-17 09:00:00,18.4,91,1.7000000000000002,14.0,1,-0.24433369012196898,-13.997867732189478
2016-01-17 10:00:00,18.7,91,2.3,13.3,360,8.143901214329899e-16,-13.3
2016-01-17 11:00:00,18.4,95,2.2,13.3,2,-0.4641633061432601,-13.291897999353974
2016-01-17 12:00:00,18.3,97,1.9,13.5,16,-3.721104303529485,-12.977032895167307
2016-01-17 13:00:00,18.8,97,1.6,13.4,36,-7.876322380719142,-10.840827724624294
2016-01-17 14:00:00,19.0,97,1.3,8.3,18,-2.564841053312065,-7.893769085249775
2016-01-17 15:00:00,18.1,96,1.7000000000000002,11.4,18,-3.5227937358744024,-10.84204428576475
2016-01-17 16:00:00,18.1,95,1.6,12.1,30,-6.050000000000005,-10.478907385791704
2016-01-17 17:00:00,18.1,94,1.5,11.5,2,-0.40134421207875876,-11.492994510719601
2016-01-17 18:00:00,17.7,94,0.7000000000000001,14.5,6,-1.5156627173809738,-14.420567482839964
2016-01-17 19:00:00,17.3,93,0.0,16.0,9,-2.5029514406436966,-15.803013449522203
2016-01-17 20:00:00,16.7,94,0.0,20.5,359,0.35777433196431374,-20.49687775070602
2016-01-17 21:00:00,15.9,95,0.0,23.0,359,0.40140534805752276,-22.996496988597
2016-01-17 22:00:00,15.3,95,0.0,23.4,1,-0.4083863106324338,-23.396436066659554
2016-01-17 23:00:00,14.9,95,0.0,23.4,360,1.432836755002403e-15,-23.4
2016-01-18 00:00:00,14.7,94,0.0,23.8,1,-0.41536727320734723,-23.796375144722113
2016-01-18 01:00:00,14.3,93,0.0,24.2,3,-1.2665301410792522,-24.166834741060686
2016-01-18 02:00:00,14.0,92,0.0,25.3,6,-2.64457012067163,-25.161403952817317
2016-01-18 03:00:00,13.6,92,0.0,26.2,8,-3.6463352451537245,-25.94502340102914
2016-01-18 04:00:00,13.3,89,0.0,26.6,9,-4.1611567700701455,-26.272509859830663
2016-01-18 05:00:00,13.1,87,0.0,25.9,10,-4.497487801573495,-25.506520803016187
2016-01-18 06:00:00,12.8,87,0.0,23.4,10,-4.06336735740617,-23.044501420485666
2016-01-18 07:00:00,12.5,87,0.0,23.0,10,-3.9939080863393976,-22.650578319280786
2016-01-18 08:00:00,13.5,85,0.0,22.7,10,-3.9418136330393185,-22.35513599337712
2016-01-18 09:00:00,15.2,78,0.0,22.6,8,-3.145312081697488,-22.380058353559487
2016-01-18 10:00:00,16.8,73,0.0,22.0,5,-1.9174263404484815,-21.9162833580184
2016-01-18 11:00:00,18.0,70,0.0,21.6,3,-1.1304566548475972,-21.570397950698798
2016-01-18 12:00:00,18.9,67,0.0,22.0,2,-0.7677889274550167,-21.986598194420107
2016-01-18 13:00:00,18.9,68,0.0,22.7,1,-0.3961696261263354,-22.69654268005008
2016-01-18 14:00:00,18.7,69,0.0,24.1,2,-0.8410778705302684,-24.08531893116021
2016-01-18 15:00:00,18.2,68,0.0,24.2,3,-1.2665301410792522,-24.166834741060686
2016-01-18 16:00:00,17.5,70,0.0,23.1,4,-1.611374543489301,-23.04372956100194
2016-01-18 17:00:00,16.3,74,0.0,20.3,6,-2.1219278043333634,-20.18879447597595
2016-01-18 18:00:00,15.3,77,0.0,18.4,3,-0.9629815948701752,-18.37478343948416
2016-01-18 19:00:00,14.5,81,0.0,18.4,3,-0.9629815948701752,-18.37478343948416
2016-01-18 20:00:00,13.8,84,0.0,18.0,3,-0.9420472123729975,-17.975331625582328
2016-01-18 21:00:00,12.9,88,0.0,16.9,2,-0.5898014942722628,-16.889704976622717
2016-01-18 22:00:00,12.9,86,0.0,16.2,4,-1.1300548746548345,-16.16053761420915
2016-01-18 23:00:00,13.3,84,0.0,16.3,6,-1.70381395126275,-16.210706894502856
2016-01-19 00:00:00,13.2,86,0.0,15.2,7,-1.8524140197582368,-15.086701504948095
2016-01-19 01:00:00,13.4,86,0.0,14.2,7,-1.7305446763530898,-14.094155353306773
2016-01-19 02:00:00,13.0,88,0.0,14.2,7,-1.7305446763530898,-14.094155353306773
2016-01-19 03:00:00,12.3,91,0.2,14.6,9,-2.283943189587373,-14.42024977268901
2016-01-19 04:00:00,12.6,90,0.2,14.2,9,-2.2213694035712805,-14.025174436450953
2016-01-19 05:00:00,12.8,90,0.2,14.6,9,-2.283943189587373,-14.42024977268901
2016-01-19 06:00:00,12.6,91,0.2,16.3,14,-3.9433268982745853,-15.815820338298742
2016-01-19 07:00:00,12.7,90,0.1,15.7,20,-5.369716250212996,-14.753174146338761
2016-01-19 08:00:00,13.5,92,0.0,15.6,15,-4.037577103599322,-15.068442890109464
2016-01-19 09:00:00,15.9,86,0.0,17.4,7,-2.120526575249561,-17.270303038559003
2016-01-19 10:00:00,16.7,82,0.0,18.9,9,-2.9566113892603663,-18.6673096372481
2016-01-19 11:00:00,18.1,76,0.1,20.2,11,-3.854341706606201,-19.828869105642813
2016-01-19 12:00:00,18.5,75,0.1,21.2,10,-3.681341366538923,-20.87792436385881
2016-01-19 13:00:00,19.0,73,0.0,22.6,9,-3.5354189099092217,-22.321756497450114
2016-01-19 14:00:00,18.7,74,0.0,22.6,9,-3.5354189099092217,-22.321756497450114
2016-01-19 15:00:00,18.3,75,0.0,23.3,8,-3.242733252369534,-23.073246001678587
2016-01-19 16:00:00,17.6,77,0.0,23.3,8,-3.242733252369534,-23.073246001678587
2016-01-19 17:00:00,16.7,80,0.0,21.7,7,-2.6445647518916937,-21.538251490616688
2016-01-19 18:00:00,15.6,82,0.0,20.3,6,-2.1219278043333634,-20.18879447597595
2016-01-19 19:00:00,14.8,85,0.0,18.1,7,-2.205835115633164,-17.96508534470793
2016-01-19 20:00:00,14.4,86,0.0,18.1,5,-1.5775189437326145,-18.031124035460596
2016-01-19 21:00:00,14.0,88,0.0,18.4,1,-0.3211242784460163,-18.3971975908776
2016-01-19 22:00:00,13.3,90,0.0,18.0,360,1.102182119232618e-15,-18.0
2016-01-19 23:00:00,13.1,90,0.0,18.7,360,1.1450447572027753e-15,-18.7
2016-01-20 00:00:00,13.2,90,0.0,18.4,1,-0.3211242784460163,-18.3971975908776
2016-01-20 01:00:00,13.4,89,0.0,19.8,1,-0.34555764745821327,-19.79698436409655
2016-01-20 02:00:00,13.2,89,0.0,22.1,6,-2.3100790382151395,-21.978933887638842
2016-01-20 03:00:00,13.5,89,0.1,22.0,11,-4.197797898283982,-21.595798035848606
2016-01-20 04:00:00,13.7,88,0.1,20.0,8,-2.7834620192013166,-19.805361374831406
2016-01-20 05:00:00,13.5,89,0.0,19.5,5,-1.699536983579336,-19.42579661278904
2016-01-20 06:00:00,13.4,89,0.0,20.3,7,-2.4739476711244874,-20.148686878318838
2016-01-20 07:00:00,14.6,81,0.0,16.6,13,-3.7341875021081634,-16.174543075434904
2016-01-20 08:00:00,14.8,90,0.0,15.5,359,0.27051229977789576,-15.497639274924065
2016-01-20 09:00:00,18.0,78,0.0,24.2,349,4.6175776881123864,-23.755377839433468
2016-01-20 10:00:00,18.4,76,0.0,26.0,5,-2.2660493114391143,-25.901062150385386
2016-01-20 11:00:00,18.9,74,0.0,21.8,9,-3.410271337877037,-21.531605824974
2016-01-20 12:00:00,19.4,73,0.0,19.6,353,2.388639130740891,-19.45390457216991
2016-01-20 13:00:00,20.0,72,0.0,21.9,351,3.425914784381057,-21.630374659033517
2016-01-20 14:00:00,19.6,74,0.0,21.6,359,0.37697197904532576,-21.596710215378053
2016-01-20 15:00:00,19.7,75,0.0,19.1,1,-0.33334096295211485,-19.097090977487074
2016-01-20 16:00:00,19.0,78,0.0,16.9,360,1.0348265452795135e-15,-16.9
2016-01-20 17:00:00,18.2,82,0.0,15.1,1,-0.26353133720298083,-15.097700196861508
2016-01-20 18:00:00,17.7,84,0.0,15.0,349,2.862134930648174,-14.72440775171496
2016-01-20 19:00:00,17.2,86,0.0,15.8,348,3.2850047149205994,-15.45473209159413
2016-01-20 20:00:00,16.9,87,0.1,14.8,354,1.5470212563612713,-14.718924051450445
2016-01-20 21:00:00,16.5,90,0.4,12.3,5,-1.0720156357961965,-12.253194786528471
2016-01-20 22:00:00,15.9,94,0.2,12.1,10,-2.101142949769857,-11.916173811447717
2016-01-20 23:00:00,15.8,94,0.0,12.3,353,1.4989929238833142,-12.208317665188261
2016-01-21 00:00:00,15.5,95,0.0,12.7,352,1.7674983821928314,-12.576404473017943
2016-01-21 01:00:00,15.4,95,0.0,11.2,356,0.7812725059342026,-11.17271736291003
2016-01-21 02:00:00,15.4,94,0.0,10.4,360,6.368163355566237e-16,-10.4
2016-01-21 03:00:00,15.5,95,0.0,13.0,2,-0.4536934571325099,-12.992080751248245
2016-01-21 04:00:00,15.5,95,0.0,16.9,359,0.29494566879009276,-16.89742604814301
2016-01-21 05:00:00,15.5,95,0.0,18.8,356,1.3114217063895544,-18.754204144884696
2016-01-21 06:00:00,15.8,96,0.2,20.6,348,4.282980830845845,-20.149840575116396
2016-01-21 07:00:00,15.5,97,1.4,20.9,1,-0.36475529453922506,-20.896816828768575
2016-01-21 08:00:00,15.7,95,1.0,17.9,10,-3.1083023802380527,-17.628058778918522
2016-01-21 09:00:00,16.2,95,0.9,18.8,353,2.291143656016773,-18.659867650856853
2016-01-21 10:00:00,16.3,95,0.7000000000000001,20.5,357,1.0728871029803513,-20.471905462468765
2016-01-21 11:00:00,17.5,93,1.0,23.1,2,-0.8061783738277676,-23.085928104141114
2016-01-21 12:00:00,18.7,87,0.5,21.4,7,-2.608003948870149,-21.24048764512429
2016-01-21 13:00:00,19.6,83,0.2,19.1,360,1.1695376931857224e-15,-19.1
2016-01-21 14:00:00,19.7,82,0.2,22.4,354,2.341437577195437,-22.27729045624932
2016-01-21 15:00:00,19.7,82,0.0,23.4,4,-1.6323014856125384,-23.342998776079884
2016-01-21 16:00:00,19.3,82,0.1,21.6,4,-1.5067398328731125,-21.547383485612205
2016-01-21 17:00:00,18.1,86,0.3,23.1,358,0.806178373827775,-23.085928104141114
2016-01-21 18:00:00,16.6,90,0.3,24.2,4,-1.688106664607839,-24.141050016287746
2016-01-21 19:00:00,16.4,90,0.1,23.2,12,-4.823551226972027,-22.693024337024287
2016-01-21 20:00:00,16.5,90,0.0,18.6,9,-2.9096810497482974,-18.37100313506956
2016-01-21 21:00:00,16.2,90,0.0,22.1,354,2.3100790382151417,-21.978933887638842
2016-01-21 22:00:00,15.6,89,0.0,27.0,360,1.6532731788489269e-15,-27.0
2016-01-21 23:00:00,15.1,89,0.0,25.1,7,-3.058920519469194,-24.912908406197186
2016-01-22 00:00:00,14.8,88,0.0,21.4,8,-2.9783043605454087,-21.191736671069602
2016-01-22 01:00:00,14.8,88,0.0,19.9,6,-2.0801164190263015,-19.79098571782864
2016-01-22 02:00:00,14.4,90,0.0,19.9,4,-1.388153827508099,-19.8515246001705
2016-01-22 03:00:00,14.4,89,0.0,19.2,6,-2.0069464947389446,-19.094820391070847
2016-01-22 04:00:00,14.6,88,0.0,19.9,4,-1.388153827508099,-19.8515246001705
2016-01-22 05:00:00,14.7,89,0.0,21.4,7,-2.608003948870149,-21.24048764512429
2016-01-22 06:00:00,14.7,89,0.0,20.2,5,-1.7605460035026965,-20.12313290145326
2016-01-22 07:00:00,15.9,83,0.0,18.4,2,-0.642150739326014,-18.38879121715136
2016-01-22 08:00:00,16.0,88,0.0,19.1,360,1.1695376931857224e-15,-19.1
2016-01-22 09:00:00,18.3,81,0.0,18.0,1,-0.31414331587110295,-17.997258512815044
2016-01-22 10:00:00,19.4,79,0.0,15.5,3,-0.8112073217656367,-15.478757788695894
2016-01-22 11:00:00,20.3,77,0.0,11.9,2,-0.4153040107597591,-11.89275084152724
2016-01-22 12:00:00,21.2,75,0.0,12.7,345,3.2870018728020134,-12.267257993871167
2016-01-22 13:00:00,21.9,74,0.0,20.0,353,2.4373868681029496,-19.85092303282644
2016-01-22 14:00:00,20.7,79,0.2,20.1,10,-3.4903283711052997,-19.79463583554538
2016-01-22 15:00:00,20.1,82,0.1,14.4,1,-0.25131465269688236,-14.397806810252035
2016-01-22 16:00:00,19.3,85,0.5,22.2,340,7.592847181829848,-20.861176181447163
2016-01-22 17:00:00,17.3,93,0.8,26.4,355,2.3009116085381747,-26.29954002962208
2016-01-22 18:00:00,16.3,94,0.7000000000000001,21.3,12,-4.428519014418284,-20.83454389563006
2016-01-22 19:00:00,16.1,94,0.4,17.6,1,-0.30716235329618957,-17.59731943475249
2016-01-22 20:00:00,16.0,95,0.4,22.8,355,1.9871509346466056,-22.7132391164918
2016-01-22 21:00:00,15.6,95,0.5,26.6,358,0.9283266122865288,-26.58379599870795
2016-01-22 22:00:00,15.2,95,0.5,27.0,2,-0.9422864109675205,-26.983552329515586
2016-01-22 23:00:00,14.8,94,0.8,29.2,359,0.509610267968681,-29.195552698566626
2016-01-23 00:00:00,14.5,93,0.7000000000000001,32.4,1,-0.5654579685679854,-32.39506532306707
2016-01-23 01:00:00,14.2,93,1.1,33.5,359,0.5846556156490006,-33.494897787739106
2016-01-23 02:00:00,13.9,92,2.1,33.2,5,-2.893570659222254,-33.07366397664595
2016-01-23 03:00:00,13.9,92,1.0,30.4,10,-5.278904601074681,-29.938155691571122
2016-01-23 04:00:00,13.9,91,0.3,32.2,6,-3.3658165172184384,-32.023605030858405
2016-01-23 05:00:00,13.6,90,0.2,35.4,5,-3.085313293267102,-35.26529231244779
2016-01-23 06:00:00,13.0,89,0.2,35.7,3,-1.8683936378731119,-35.65107439073829
2016-01-23 07:00:00,12.6,85,0.1,37.5,2,-1.3087311263437786,-37.47715601321609
2016-01-23 08:00:00,12.7,83,0.0,39.7,5,-3.460082987082033,-39.5489295142423
2016-01-23 09:00:00,13.1,81,0.0,39.5,6,-4.128874299072308,-39.2836148670468
2016-01-23 10:00:00,13.2,79,0.0,38.3,5,-3.3380649472353108,-38.15425693691385
2016-01-23 11:00:00,13.2,76,0.0,36.5,5,-3.181184610289526,-36.36110648034871
2016-01-23 12:00:00,12.7,77,0.3,38.2,1,-0.6666819259042297,-38.19418195497415
2016-01-23 13:00:00,12.7,75,0.0,39.6,1,-0.6911152949164265,-39.5939687281931
2016-01-23 14:00:00,12.2,74,0.0,38.3,4,-2.6716729444000094,-38.20670312495126
2016-01-23 15:00:00,10.8,90,1.1,35.8,5,-3.120175590366165,-35.663770191684485
2016-01-23 16:00:00,10.4,90,0.6,37.1,3,-1.9416639766132338,-37.04915573939469
2016-01-23 17:00:00,10.1,89,0.4,37.5,4,-2.615867765404709,-37.408651884743406
2016-01-23 18:00:00,9.8,88,0.3,36.7,360,2.2472268764353934e-15,-36.7
2016-01-23 19:00:00,9.6,88,0.5,38.6,3,-2.0201679109776505,-38.54710004152655
2016-01-23 20:00:00,9.3,88,0.5,35.1,6,-3.668949060694633,-34.9077185274264
2016-01-23 21:00:00,9.0,89,0.4,35.0,3,-1.8317584685030508,-34.952033716410085
2016-01-23 22:00:00,8.8,88,0.5,36.0,1,-0.6282866317422059,-35.99451702563009
2016-01-23 23:00:00,8.4,88,0.6,37.1,1,-0.6474842788232178,-37.094349490302115
2016-01-24 00:00:00,7.9,88,0.4,41.4,2,-1.4448391634835314,-41.37478023859056
2016-01-24 01:00:00,7.3,88,0.5,41.6,6,-4.34838407193438,-41.37211084732017
2016-01-24 02:00:00,7.0,88,0.4,42.7,6,-4.463365381528798,-42.46608493222528
2016-01-24 03:00:00,6.8,86,0.7000000000000001,43.1,6,-4.50517676683586,-42.863893690372585
2016-01-24 04:00:00,6.3,86,0.7000000000000001,42.8,7,-5.216007897740298,-42.48097529024858
2016-01-24 05:00:00,6.0,85,0.6,41.3,7,-5.033203882632578,-40.9921560627866
2016-01-24 06:00:00,5.6,85,0.7000000000000001,40.7,2,-1.420409515791781,-40.6752066596772
2016-01-24 07:00:00,5.1,86,0.8,38.5,8,-5.358164386962534,-38.125320646550456
2016-01-24 08:00:00,5.0,85,0.6,34.8,7,-4.241053150499122,-34.54060607711801
2016-01-24 09:00:00,5.0,87,0.6,35.1,6,-3.668949060694633,-34.9077185274264
2016-01-24 10:00:00,5.3,87,0.4,35.0,5,-3.050450996168039,-34.8668144332111
2016-01-24 11:00:00,5.7,83,0.2,33.9,2,-1.1830929382147757,-33.87934903594734
2016-01-24 12:00:00,6.1,78,0.1,35.6,1,-0.6213056691672926,-35.59457794756753
2016-01-24 13:00:00,6.1,73,0.0,34.2,2,-1.1935627872255261,-34.179166284053075
2016-01-24 14:00:00,6.3,70,0.0,32.5,4,-2.2670853966840814,-32.42083163344429
2016-01-24 15:00:00,6.1,71,0.2,32.8,2,-1.144703491842025,-32.780019126226335
2016-01-24 16:00:00,5.8,70,0.2,31.4,4,-2.1903532755655433,-31.32351117815848
2016-01-24 17:00:00,5.7,71,0.2,29.9,3,-1.5648450916640346,-29.859023089161756
2016-01-24 18:00:00,5.6,71,0.2,30.6,359,0.5340436369808781,-30.595339471785575
2016-01-24 19:00:00,5.7,70,0.0,30.6,359,0.5340436369808781,-30.595339471785575
2016-01-24 20:00:00,5.9,67,0.0,31.0,359,0.5410245995557915,-30.99527854984813
2016-01-24 21:00:00,6.2,63,0.0,32.0,359,0.5584770059930751,-31.99512624500452
2016-01-24 22:00:00,6.2,62,0.0,32.4,359,0.5654579685679886,-32.39506532306707
2016-01-24 23:00:00,6.0,61,0.0,32.0,359,0.5584770059930751,-31.99512624500452
2016-01-25 00:00:00,6.0,61,0.0,32.8,360,2.008420750601659e-15,-32.8
2016-01-25 01:00:00,6.0,61,0.0,32.8,1,-0.5724389311428987,-32.79500440112963
2016-01-25 02:00:00,5.8,61,0.0,33.1,1,-0.5776746530740838,-33.094958709676554
2016-01-25 03:00:00,5.8,61,0.0,33.5,1,-0.5846556156489972,-33.494897787739106
2016-01-25 04:00:00,5.5,62,0.0,33.5,1,-0.5846556156489972,-33.494897787739106
2016-01-25 05:00:00,5.3,62,0.0,32.4,1,-0.5654579685679854,-32.39506532306707
2016-01-25 06:00:00,5.2,62,0.0,31.3,360,1.916572240665608e-15,-31.3
2016-01-25 07:00:00,5.3,63,0.0,30.6,359,0.5340436369808781,-30.595339471785575
2016-01-25 08:00:00,6.5,65,0.0,30.6,359,0.5340436369808781,-30.595339471785575
2016-01-25 09:00:00,8.0,61,0.0,30.6,359,0.5340436369808781,-30.595339471785575
2016-01-25 10:00:00,9.6,59,0.0,28.8,1,-0.5026293053937647,-28.79561362050407
2016-01-25 11:00:00,10.4,59,0.0,28.1,1,-0.4904126208876663,-28.095720233894596
2016-01-25 12:00:00,11.7,58,0.0,28.1,1,-0.4904126208876663,-28.095720233894596
2016-01-25 13:00:00,12.4,57,0.0,28.1,1,-0.4904126208876663,-28.095720233894596
2016-01-25 14:00:00,12.6,58,0.0,28.8,1,-0.5026293053937647,-28.79561362050407
2016-01-25 15:00:00,12.6,58,0.0,28.8,1,-0.5026293053937647,-28.79561362050407
2016-01-25 16:00:00,12.1,60,0.0,27.7,1,-0.48343165831275287,-27.695781155832037
2016-01-25 17:00:00,11.2,64,0.0,25.9,360,1.5859176048958222e-15,-25.9
2016-01-25 18:00:00,10.2,66,0.0,24.1,2,-0.8410778705302684,-24.08531893116021
2016-01-25 19:00:00,9.9,68,0.0,23.1,2,-0.8061783738277676,-23.085928104141114
2016-01-25 20:00:00,9.4,71,0.0,22.3,2,-0.778258776465767,-22.286415442525836
2016-01-25 21:00:00,9.4,72,0.0,20.5,2,-0.7154396824012657,-20.487511953891463
2016-01-25 22:00:00,8.7,78,0.0,19.8,360,1.2124003311558797e-15,-19.8
2016-01-25 23:00:00,8.2,82,0.0,18.0,3,-0.9420472123729975,-17.975331625582328
2016-01-26 00:00:00,8.0,83,0.0,16.9,2,-0.5898014942722628,-16.889704976622717
2016-01-26 01:00:00,8.0,83,0.0,15.9,3,-0.8321417042628145,-15.878209602597725
2016-01-26 02:00:00,8.7,80,0.0,14.8,3,-0.7745721523955758,-14.779717114367694
2016-01-26 03:00:00,8.2,82,0.0,14.1,3,-0.7379369830255147,-14.080676440039491
2016-01-26 04:00:00,8.5,82,0.0,14.1,4,-0.9835662797921707,-14.06565310866352
2016-01-26 05:00:00,8.9,81,0.0,14.1,4,-0.9835662797921707,-14.06565310866352
2016-01-26 06:00:00,8.9,82,0.0,12.8,11,-2.442355140819771,-12.5648279481301
2016-01-26 07:00:00,9.2,82,0.0,12.6,13,-2.834383284732702,-12.277062816293963
2016-01-26 08:00:00,10.6,81,0.0,13.3,3,-0.6960682180311593,-13.281772812235833
2016-01-26 09:00:00,13.3,74,0.0,15.1,360,9.246083333562517e-16,-15.1
2016-01-26 10:00:00,15.0,66,0.0,14.0,1,-0.24433369012196898,-13.997867732189478
2016-01-26 11:00:00,16.1,63,0.0,13.9,350,2.413709669570333,-13.688827766869691
2016-01-26 12:00:00,16.9,62,0.0,14.9,345,3.856403772027559,-14.392294811707119
2016-01-26 13:00:00,17.2,62,0.0,16.3,346,3.943326898274583,-15.815820338298742
2016-01-26 14:00:00,17.1,63,0.0,16.3,352,2.268521545649067,-16.141369520487597
2016-01-26 15:00:00,17.1,63,0.0,17.0,354,1.7769838755501088,-16.906872221260645
2016-01-26 16:00:00,16.6,65,0.0,17.7,355,1.542656646633549,-17.632646156223895
2016-01-26 17:00:00,15.8,69,0.0,15.5,1,-0.2705122997778942,-15.497639274924065
2016-01-26 18:00:00,14.6,73,0.0,11.9,2,-0.4153040107597591,-11.89275084152724
2016-01-26 19:00:00,13.9,78,0.0,11.3,9,-1.7677094549546108,-11.160878248725057
2016-01-26 20:00:00,13.3,83,0.0,10.9,6,-1.1393602496174215,-10.840288659514181
2016-01-26 21:00:00,12.9,84,0.0,13.0,357,0.6803674311582716,-12.98218395180946
2016-01-26 22:00:00,12.5,88,0.0,13.7,342,4.2335328229367795,-13.029474273243602
2016-01-26 23:00:00,12.1,89,0.0,14.2,351,2.221369403571279,-14.025174436450955
2016-01-27 00:00:00,12.8,87,0.0,15.2,355,1.3247672897644036,-15.142159410994532
2016-01-27 01:00:00,12.5,88,0.0,15.5,3,-0.8112073217656367,-15.478757788695894
2016-01-27 02:00:00,12.0,91,0.0,13.0,355,1.1330246557195558,-12.950531075192693
2016-01-27 03:00:00,12.2,92,0.0,12.0,351,1.877213580482771,-11.852260087141653
2016-01-27 04:00:00,11.3,95,0.3,12.2,360,7.470345474798854e-16,-12.2
2016-01-27 05:00:00,12.0,94,0.2,10.5,352,1.4613175600806874,-10.397814721786489
2016-01-27 06:00:00,11.7,95,0.0,10.4,2,-0.36295476570600793,-10.393664600998596
2016-01-27 07:00:00,11.9,93,0.1,12.3,357,0.6437322617882109,-12.283143277481258
2016-01-27 08:00:00,12.8,95,0.0,15.2,355,1.3247672897644036,-15.142159410994532
2016-01-27 09:00:00,15.8,89,0.0,16.2,359,0.2827289842839943,-16.197532661533536
2016-01-27 10:00:00,16.7,85,0.0,14.4,3,-0.753637769898398,-14.380265300465863
2016-01-27 11:00:00,17.8,80,0.0,14.1,347,3.1718098662484953,-13.738617913471817
2016-01-27 12:00:00,18.4,78,0.0,15.4,339,5.518866422997626,-14.377138568056907
2016-01-27 13:00:00,18.2,80,0.2,16.2,347,3.6442070803706117,-15.78479504952081
2016-01-27 14:00:00,17.9,80,0.3,16.0,346,3.870750329594683,-15.524731620415944
2016-01-27 15:00:00,18.2,84,0.0,13.4,340,4.583069920563962,-12.591881118531171
2016-01-27 16:00:00,17.3,87,0.2,10.9,343,3.186851581477831,-10.423721839997087
2016-01-27 17:00:00,16.7,91,0.5,10.2,342,3.151973342624464,-9.700776466210565
2016-01-27 18:00:00,15.9,94,0.3,12.1,348,2.5157314588948894,-11.835585968879046
2016-01-27 19:00:00,15.3,96,0.2,11.8,348,2.453357951649562,-11.542141688658907
2016-01-27 20:00:00,15.1,96,0.2,11.7,351,1.8302832409707017,-11.555953584963111
2016-01-27 21:00:00,14.7,97,0.0,11.0,349,2.098898949141994,-10.797899017924303
2016-01-27 22:00:00,14.4,96,0.0,10.2,350,1.77121141220269,-10.045039080724521
2016-01-27 23:00:00,14.2,97,0.0,10.4,346,2.515987714236544,-10.091075553270363
2016-01-28 00:00:00,14.4,97,0.0,8.4,350,1.4586446924022156,-8.272385125302547
2016-01-28 01:00:00,14.6,96,0.0,9.8,6,-1.024378940023003,-9.74631457460908
2016-01-28 02:00:00,14.6,96,0.0,10.5,6,-1.0975488643103604,-10.442479901366871
2016-01-28 03:00:00,14.2,96,0.3,9.7,4,-0.676637795318018,-9.676371287520293
2016-01-28 04:00:00,14.3,96,0.1,9.1,7,-1.1090110249868392,-9.03216997993603
2016-01-28 05:00:00,14.5,95,0.1,8.3,5,-0.7233926648055635,-8.268415994161488
2016-01-28 06:00:00,15.0,93,0.1,7.6,19,-2.4743179738743906,-7.185941174554808
2016-01-28 07:00:00,14.8,94,0.3,3.5,24,-1.4235782507653003,-3.1974091017491033
2016-01-28 08:00:00,15.8,93,0.4,5.9,11,-1.1257730727216133,-5.791600382341218
2016-01-28 09:00:00,16.8,93,1.3,8.1,347,1.8221035401853058,-7.892397524760405
2016-01-28 10:00:00,17.9,91,0.5,9.4,360,5.755839955992561e-16,-9.4
2016-01-28 11:00:00,18.8,90,0.3,10.1,354,1.0557374790032998,-10.04467114321956
2016-01-28 12:00:00,19.1,90,0.2,11.5,340,3.9332316482451914,-10.806465139037945
2016-01-28 13:00:00,19.3,90,0.3,11.2,339,4.013721034907364,-10.45610077676866
2016-01-28 14:00:00,19.2,91,0.2,11.8,337,4.61062731617343,-10.861957270738797
2016-01-28 15:00:00,20.0,84,0.2,15.8,336,6.426438960597643,-14.434018230753095
2016-01-28 16:00:00,18.6,88,0.0,17.2,334,7.539983724772132,-15.459257596345672
2016-01-28 17:00:00,17.4,92,0.4,16.6,342,5.129682106624128,-15.78753817049955
2016-01-28 18:00:00,16.6,94,0.3,18.4,357,0.9629815948701689,-18.37478343948416
2016-01-28 19:00:00,16.2,96,0.2,15.5,4,-1.0812253430339465,-15.462242779027275
2016-01-28 20:00:00,16.1,96,0.0,13.0,6,-1.3588700224794936,-12.928784639787555
2016-01-28 21:00:00,16.1,95,0.1,14.0,360,8.572527594031472e-16,-14.0
2016-01-28 22:00:00,15.8,97,0.4,12.9,347,2.9018686010358574,-12.569373835729534
2016-01-28 23:00:00,15.8,95,0.7000000000000001,11.5,356,0.8021994480574401,-11.471986577987979
2016-01-29 00:00:00,15.1,97,0.9,11.9,358,0.41530401075976286,-11.89275084152724
2016-01-29 01:00:00,15.6,94,0.8,11.2,15,-2.898773305148231,-10.818369254437565
2016-01-29 02:00:00,15.8,93,0.1,9.7,27,-4.403707847473605,-8.642763284627167
2016-01-29 03:00:00,15.4,89,0.0,9.0,358,0.31409547032250973,-8.994517443171862
2016-01-29 04:00:00,14.9,90,0.0,12.3,353,1.4989929238833142,-12.208317665188261
2016-01-29 05:00:00,14.4,91,0.0,14.4,360,8.817456953860943e-16,-14.4
2016-01-29 06:00:00,13.5,94,0.0,14.4,360,8.817456953860943e-16,-14.4
2016-01-29 07:00:00,13.5,94,0.0,13.3,13,-2.991849022773408,-12.959121861643627
2016-01-29 08:00:00,15.5,94,0.9,15.5,359,0.27051229977789576,-15.497639274924065
2016-01-29 09:00:00,17.9,92,1.5,22.9,353,2.7908079639778776,-22.72930687258627
2016-01-29 10:00:00,18.4,90,2.0,23.4,359,0.4083863106324362,-23.396436066659554
2016-01-29 11:00:00,19.2,90,2.0,23.9,355,2.0830222516690293,-23.809053284392718
2016-01-29 12:00:00,19.3,92,2.1,26.0,354,2.71774004495899,-25.857569279575106
2016-01-29 13:00:00,18.9,93,2.2,22.1,353,2.69331248925376,-21.935269951273217
2016-01-29 14:00:00,18.0,96,2.0,18.4,1,-0.3211242784460163,-18.3971975908776
2016-01-29 15:00:00,17.2,91,2.2,15.9,6,-1.6620025659556885,-15.812898136355548
2016-01-29 16:00:00,17.4,91,1.4,13.8,6,-1.4424927930936164,-13.724402156082174
2016-01-29 17:00:00,16.9,91,1.5,14.6,351,2.2839431895873714,-14.420249772689012
2016-01-29 18:00:00,16.2,91,1.6,16.2,3,-0.8478424911356978,-16.177798463024097
2016-01-29 19:00:00,15.9,91,1.6,11.4,18,-3.5227937358744024,-10.84204428576475
2016-01-29 20:00:00,15.8,90,1.4,11.3,9,-1.7677094549546108,-11.160878248725057
2016-01-29 21:00:00,15.8,88,1.9,15.9,356,1.1091279325315913,-15.861268399131205
2016-01-29 22:00:00,15.8,90,2.0,18.8,356,1.3114217063895544,-18.754204144884696
2016-01-29 23:00:00,15.7,90,2.1,17.8,352,2.4772811970891655,-17.626771623599954
2016-01-30 00:00:00,15.6,91,1.7000000000000002,16.8,351,2.6280990126758796,-16.593164121998313
2016-01-30 01:00:00,15.6,91,1.1,15.9,354,1.66200256595569,-15.812898136355546
2016-01-30 02:00:00,15.5,92,1.5,14.8,359,0.2582956152717973,-14.79774588831459
2016-01-30 03:00:00,15.9,93,1.3,15.1,1,-0.26353133720298083,-15.097700196861508
2016-01-30 04:00:00,15.9,94,1.6,14.5,6,-1.5156627173809738,-14.420567482839964
2016-01-30 05:00:00,16.0,94,1.4,13.9,10,-2.4137096695703315,-13.688827766869691
2016-01-30 06:00:00,16.2,93,0.9,14.3,10,-2.483168940637104,-14.082750868074575
2016-01-30 07:00:00,16.4,90,0.3,15.5,5,-1.350914012588703,-15.441017820422056
2016-01-30 08:00:00,16.9,93,0.2,15.8,360,9.67470971326409e-16,-15.8
2016-01-30 09:00:00,17.7,90,0.0,16.6,359,0.2897099468589078,-16.597471739596095
2016-01-30 10:00:00,18.4,89,0.1,16.3,8,-2.2685215456490733,-16.141369520487597
2016-01-30 11:00:00,18.8,88,0.0,15.6,8,-2.171100374977027,-15.448181872368496
2016-01-30 12:00:00,19.1,87,0.0,18.0,358,0.6281909406450195,-17.989034886343724
2016-01-30 13:00:00,19.2,87,0.0,20.9,359,0.36475529453922717,-20.896816828768575
2016-01-30 14:00:00,19.4,86,0.0,22.0,2,-0.7677889274550167,-21.986598194420107
2016-01-30 15:00:00,19.0,85,0.0,23.4,2,-0.8166482228385178,-23.38574535224684
2016-01-30 16:00:00,18.4,85,0.0,23.8,3,-1.2455957585820745,-23.76738292715886
2016-01-30 17:00:00,17.6,85,0.0,22.0,1,-0.38395294162023696,-21.99664929344061
2016-01-30 18:00:00,16.5,87,0.0,21.6,1,-0.3769719790453236,-21.596710215378053
2016-01-30 19:00:00,15.7,88,0.0,22.8,5,-1.987150934646608,-22.7132391164918
2016-01-30 20:00:00,15.3,89,0.0,21.4,7,-2.608003948870149,-21.24048764512429
2016-01-30 21:00:00,14.9,90,0.0,21.3,6,-2.2264562676010167,-21.183316371344223
2016-01-30 22:00:00,14.2,92,0.0,20.2,5,-1.7605460035026965,-20.12313290145326
2016-01-30 23:00:00,14.0,90,0.0,19.1,4,-1.3323486485127987,-19.053473359962645
2016-01-31 00:00:00,13.8,90,0.0,19.8,3,-1.0362519336102973,-19.772864788140563
2016-01-31 01:00:00,13.3,91,0.0,20.9,4,-1.4579103012522245,-20.849088650430325
2016-01-31 02:00:00,13.2,91,0.0,21.0,5,-1.8302705977008231,-20.920088659926655
2016-01-31 03:00:00,13.2,87,0.0,19.9,5,-1.734399280678399,-19.824274492025737
2016-01-31 04:00:00,13.8,85,0.0,19.5,5,-1.699536983579336,-19.42579661278904
2016-01-31 05:00:00,14.9,81,0.0,17.8,7,-2.16927431261162,-17.667321499215532
2016-01-31 06:00:00,14.8,81,0.0,16.2,4,-1.1300548746548345,-16.16053761420915
2016-01-31 07:00:00,14.7,81,0.0,16.3,5,-1.4206386067868295,-16.237973578895453
2016-01-31 08:00:00,15.4,83,0.0,17.7,5,-1.542656646633551,-17.632646156223895
2016-01-31 09:00:00,18.0,78,0.0,17.7,4,-1.2346895852710227,-17.65688368959889
2016-01-31 10:00:00,19.2,76,0.0,17.7,2,-0.6177210916342635,-17.689217638237995
2016-01-31 11:00:00,20.6,73,0.0,15.8,360,9.67470971326409e-16,-15.8
2016-01-31 12:00:00,21.5,72,0.0,15.6,352,2.171100374977021,-15.448181872368497
2016-01-31 13:00:00,22.1,71,0.0,16.9,348,3.5137075748201343,-16.530694452401313
2016-01-31 14:00:00,22.5,71,0.0,16.8,350,2.9172893848044312,-16.544770250605094
2016-01-31 15:00:00,21.9,74,0.0,19.7,345,5.098735188519658,-19.028738777894645
2016-01-31 16:00:00,20.3,79,0.0,24.8,351,3.8795747329977273,-24.494670846759416
2016-01-31 17:00:00,18.5,83,0.0,23.4,357,1.2246613760848888,-23.367931113257026
2016-01-31 18:00:00,17.0,87,0.0,21.3,358,0.743359279763273,-21.28702461550674
2016-01-31 19:00:00,16.2,89,0.0,21.2,360,1.2981256070961944e-15,-21.2
2016-01-31 20:00:00,15.9,90,0.0,20.9,360,1.279755905108984e-15,-20.9
2016-01-31 21:00:00,15.6,91,0.0,20.9,356,1.4579103012522172,-20.849088650430325
2016-01-31 22:00:00,15.2,92,0.0,21.3,355,1.8564173205251184,-21.21894706935418
2016-01-31 23:00:00,15.1,93,0.0,21.6,358,0.7538291287740234,-21.58684186361247
2016-02-01 00:00:00,14.5,95,0.0,23.0,359,0.40140534805752276,-22.996496988597
2016-02-01 01:00:00,14.3,95,0.0,24.5,359,0.42758395771344815,-24.496268531331587
2016-02-01 02:00:00,14.4,94,0.0,24.5,359,0.42758395771344815,-24.496268531331587
2016-02-01 03:00:00,14.6,91,0.0,25.6,2,-0.8934271155840195,-25.584405171688854
2016-02-01 04:00:00,14.6,91,0.0,25.6,2,-0.8934271155840195,-25.584405171688854
2016-02-01 05:00:00,14.5,90,0.2,27.0,358,0.9422864109675292,-26.983552329515586
2016-02-01 06:00:00,14.4,89,0.4,28.4,1,-0.49564834281885134,-28.395674542441512
2016-02-01 07:00:00,14.1,89,0.4,28.1,1,-0.4904126208876663,-28.095720233894596
2016-02-01 08:00:00,14.3,88,0.2,30.6,1,-0.5340436369808751,-30.595339471785575
2016-02-01 09:00:00,15.2,86,0.1,28.8,3,-1.507275539796796,-28.760530600931727
2016-02-01 10:00:00,16.2,82,0.0,28.5,3,-1.4915747529239127,-28.460941740505355
2016-02-01 11:00:00,16.7,80,0.0,29.5,1,-0.5148459898998632,-29.49550700711354
2016-02-01 12:00:00,17.5,78,0.0,31.0,3,-1.6224146435312734,-30.95751557739179
2016-02-01 13:00:00,17.9,77,0.0,31.7,3,-1.6590498129013345,-31.65655625171999
2016-02-01 14:00:00,18.0,77,0.0,32.8,1,-0.5724389311428987,-32.79500440112963
2016-02-01 15:00:00,17.8,76,0.0,35.3,1,-0.6160699472361074,-35.29462363902061
2016-02-01 16:00:00,16.6,77,0.2,33.5,2,-1.1691331395337754,-33.47959270513971
2016-02-01 17:00:00,15.3,80,0.4,32.1,3,-1.6799841953985124,-32.056008065621825
2016-02-01 18:00:00,14.4,82,0.5,32.1,3,-1.6799841953985124,-32.056008065621825
2016-02-01 19:00:00,13.9,84,0.7000000000000001,31.8,4,-2.2182558650631936,-31.72253679826241
2016-02-01 20:00:00,13.8,85,0.7000000000000001,30.7,5,-2.6756813023531083,-30.583177231416588
2016-02-01 21:00:00,13.6,88,0.6,29.2,4,-2.036889033328467,-29.128870267586866
2016-02-01 22:00:00,13.6,88,0.5,28.1,3,-1.470640370426735,-28.061489926603524
2016-02-01 23:00:00,13.5,88,0.4,29.5,360,1.8063540287423458e-15,-29.5
2016-02-02 00:00:00,13.3,87,0.4,29.6,3,-1.5491443047911515,-29.559434228735388
2016-02-02 01:00:00,13.2,86,0.3,27.4,4,-1.9113273805890407,-27.333254977119182
2016-02-02 02:00:00,13.1,85,0.9,27.0,3,-1.4130708185594962,-26.962997438373492
2016-02-02 03:00:00,13.1,85,0.3,27.4,2,-0.9562462096485208,-27.383308660323223
2016-02-02 04:00:00,13.0,86,0.4,27.4,2,-0.9562462096485208,-27.383308660323223
2016-02-02 05:00:00,12.8,87,0.3,27.4,2,-0.9562462096485208,-27.383308660323223
2016-02-02 06:00:00,12.6,89,0.2,26.8,5,-2.3357739056372413,-26.69801790885878
2016-02-02 07:00:00,12.7,89,0.0,26.0,6,-2.7177400449589872,-25.85756927957511
2016-02-02 08:00:00,13.1,89,0.1,26.0,6,-2.7177400449589872,-25.85756927957511
2016-02-02 09:00:00,13.9,86,0.2,26.3,2,-0.91785676327577,-26.28397875060222
2016-02-02 10:00:00,14.5,85,0.1,27.7,2,-0.966716058659271,-27.683125908428952
2016-02-02 11:00:00,15.0,83,0.0,27.4,1,-0.4781959363815678,-27.395826847285118
2016-02-02 12:00:00,15.4,80,0.0,28.4,1,-0.49564834281885134,-28.395674542441512
2016-02-02 13:00:00,15.6,79,0.0,28.1,2,-0.9806758573402714,-28.082882239236593
2016-02-02 14:00:00,15.2,79,0.0,29.2,1,-0.5096102679686781,-29.195552698566626
2016-02-02 15:00:00,14.8,78,0.0,28.8,3,-1.507275539796796,-28.760530600931727
2016-02-02 16:00:00,14.5,78,0.0,27.7,1,-0.48343165831275287,-27.695781155832037
2016-02-02 17:00:00,14.0,79,0.0,25.6,2,-0.8934271155840195,-25.584405171688854
2016-02-02 18:00:00,13.4,80,0.0,24.1,1,-0.42060299513853233,-24.096329453269032
2016-02-02 19:00:00,12.9,81,0.0,24.5,357,1.2822309279521271,-24.466423601487058
2016-02-02 20:00:00,12.8,81,0.0,25.6,357,1.3398004798193657,-25.56491608971709
2016-02-02 21:00:00,12.6,81,0.0,26.3,358,0.9178567632757785,-26.28397875060222
2016-02-02 22:00:00,12.5,82,0.0,24.5,2,-0.8550376692112687,-24.485075261967847
2016-02-02 23:00:00,12.6,82,0.0,22.3,3,-1.167091824217658,-22.269438625026996
2016-02-03 00:00:00,12.5,83,0.0,20.2,359,0.3525386100331287,-20.196923442159104
2016-02-03 01:00:00,12.5,84,0.0,19.1,358,0.6665803870177707,-19.08836479606473
2016-02-03 02:00:00,12.4,86,0.0,19.1,358,0.6665803870177707,-19.08836479606473
2016-02-03 03:00:00,12.7,86,0.1,20.2,358,0.7049698333905218,-20.187694705785734
2016-02-03 04:00:00,12.7,87,0.3,20.5,359,0.35777433196431374,-20.49687775070602
2016-02-03 05:00:00,12.8,88,0.3,20.9,360,1.279755905108984e-15,-20.9
2016-02-03 06:00:00,12.6,91,0.4,20.6,5,-1.79540830060176,-20.521610780689958
2016-02-03 07:00:00,12.7,91,0.3,20.5,1,-0.3577743319643117,-20.49687775070602
2016-02-03 08:00:00,13.2,90,0.2,21.3,358,0.743359279763273,-21.28702461550674
2016-02-03 09:00:00,13.9,89,0.2,22.0,356,1.534642422370755,-21.946409105716132
2016-02-03 10:00:00,14.8,86,0.0,22.7,356,1.5834719539916426,-22.644703940898008
2016-02-03 11:00:00,15.5,84,0.0,23.1,357,1.2089605892120057,-23.068342252830657
2016-02-03 12:00:00,16.5,80,0.0,24.5,358,0.8550376692112764,-24.485075261967847
2016-02-03 13:00:00,17.0,78,0.0,25.6,359,0.44678160479446016,-25.596100996003617
2016-02-03 14:00:00,16.8,78,0.0,26.3,360,1.6104105408787695e-15,-26.3
2016-02-03 15:00:00,15.7,79,0.0,26.6,1,-0.4642340112317411,-26.59594869116001
2016-02-03 16:00:00,15.4,80,0.0,25.9,2,-0.9038969645947696,-25.88422241979458
2016-02-03 17:00:00,15.0,81,0.0,23.4,3,-1.2246613760848968,-23.367931113257026
2016-02-03 18:00:00,14.4,83,0.0,21.6,2,-0.7538291287740165,-21.58684186361247
2016-02-03 19:00:00,14.0,84,0.0,20.5,3,-1.0728871029803584,-20.471905462468765
2016-02-03 20:00:00,13.7,85,0.0,19.1,2,-0.6665803870177646,-19.08836479606473
2016-02-03 21:00:00,13.6,85,0.0,18.0,359,0.3141433158711048,-17.997258512815044
2016-02-03 22:00:00,13.8,86,0.0,17.3,356,1.2067869957733666,-17.257858069494958
2016-02-03 23:00:00,13.7,87,0.0,17.0,355,1.4816476267101883,-16.935309867559674
2016-02-04 00:00:00,13.4,88,0.0,18.1,355,1.5775189437326125,-18.031124035460596
2016-02-04 01:00:00,13.5,88,0.0,18.7,359,0.32636000037720325,-18.697151899424515
2016-02-04 02:00:00,13.3,89,0.0,19.5,3,-1.020551146737414,-19.47327592771419
2016-02-04 03:00:00,13.6,89,0.0,20.2,5,-1.7605460035026965,-20.12313290145326
2016-02-04 04:00:00,13.8,89,0.0,19.9,5,-1.734399280678399,-19.824274492025737
2016-02-04 05:00:00,14.0,89,0.1,20.2,3,-1.057186316107475,-20.17231660204239
2016-02-04 06:00:00,14.3,89,0.0,18.8,3,-0.983915977367353,-18.77423525338599
2016-02-04 07:00:00,14.4,89,0.2,18.1,5,-1.5775189437326145,-18.031124035460596
2016-02-04 08:00:00,14.8,90,0.3,16.6,2,-0.5793316452615127,-16.58988772851699
2016-02-04 09:00:00,15.4,91,0.4,16.2,1,-0.2827289842839927,-16.197532661533536
2016-02-04 10:00:00,16.4,89,0.2,18.0,359,0.3141433158711048,-17.997258512815044
2016-02-04 11:00:00,17.4,85,0.0,21.3,357,1.1147558679747065,-21.270809090272422
2016-02-04 12:00:00,17.9,83,0.0,24.1,360,1.4756993929725606e-15,-24.1
2016-02-04 13:00:00,18.1,83,0.1,24.1,2,-0.8410778705302684,-24.08531893116021
2016-02-04 14:00:00,17.9,84,0.0,24.5,1,-0.4275839577134457,-24.496268531331587
2016-02-04 15:00:00,17.7,85,0.0,24.5,360,1.5001923289555077e-15,-24.5
2016-02-04 16:00:00,16.9,87,0.0,24.5,3,-1.2822309279521356,-24.466423601487058
2016-02-04 17:00:00,16.4,87,0.0,22.7,1,-0.3961696261263354,-22.69654268005008
2016-02-04 18:00:00,15.4,90,0.0,21.2,1,-0.36999101647041016,-21.196771137315494
2016-02-04 19:00:00,14.9,90,0.0,21.3,3,-1.1147558679747138,-21.270809090272422
2016-02-04 20:00:00,14.4,91,0.0,21.7,5,-1.891279617624184,-21.617424948590877
2016-02-04 21:00:00,14.4,90,0.0,21.7,6,-2.2682676529080776,-21.581125129491532
2016-02-04 22:00:00,14.3,90,0.0,21.7,6,-2.2682676529080776,-21.581125129491532
2016-02-04 23:00:00,14.5,88,0.0,22.0,5,-1.9174263404484815,-21.9162833580184
2016-02-05 00:00:00,14.6,88,0.1,23.4,1,-0.4083863106324338,-23.396436066659554
2016-02-05 01:00:00,14.5,88,0.1,24.5,4,-1.7090336067310767,-24.44031923136569
2016-02-05 02:00:00,14.4,89,0.1,23.6,8,-3.2844851826575536,-23.37032642230106
2016-02-05 03:00:00,14.6,90,0.3,22.1,7,-2.6933124892537528,-21.93526995127322
2016-02-05 04:00:00,14.5,91,0.4,21.3,6,-2.2264562676010167,-21.183316371344223
2016-02-05 05:00:00,14.5,91,0.4,21.3,6,-2.2264562676010167,-21.183316371344223
2016-02-05 06:00:00,14.3,91,0.3,22.5,7,-2.7420602266158114,-22.332288411929746
2016-02-05 07:00:00,14.1,90,0.1,24.3,6,-2.5400416574039766,-24.166882057449044
2016-02-05 08:00:00,14.6,90,0.0,26.4,5,-2.3009116085381778,-26.29954002962208
2016-02-05 09:00:00,15.6,86,0.0,27.0,3,-1.4130708185594962,-26.962997438373492
2016-02-05 10:00:00,16.3,82,0.0,29.9,3,-1.5648450916640346,-29.859023089161756
2016-02-05 11:00:00,17.7,77,0.0,29.2,4,-2.036889033328467,-29.128870267586866
2016-02-05 12:00:00,18.7,73,0.0,30.3,3,-1.5857794741612126,-30.258474903063586
2016-02-05 13:00:00,18.9,71,0.0,31.0,3,-1.6224146435312734,-30.95751557739179
2016-02-05 14:00:00,18.3,71,0.0,32.0,360,1.959434878635765e-15,-32.0
2016-02-05 15:00:00,17.6,73,0.0,35.7,2,-1.2459120322792772,-35.67825252458172
2016-02-05 16:00:00,16.4,75,0.0,34.3,4,-2.3926470494235073,-34.21644692391197
2016-02-05 17:00:00,14.9,77,0.0,35.4,356,2.469379170542033,-35.31376737919778
2016-02-05 18:00:00,13.3,78,0.0,35.3,360,2.1615016004950783e-15,-35.3
2016-02-05 19:00:00,13.0,77,0.0,30.6,2,-1.0679245990965234,-30.581359306784332
2016-02-05 20:00:00,13.0,76,0.0,27.7,2,-0.966716058659271,-27.683125908428952
2016-02-05 21:00:00,12.4,78,0.0,28.1,359,0.4904126208876691,-28.095720233894596
2016-02-05 22:00:00,12.0,79,0.0,30.2,359,0.5270626744059647,-30.195400393723016
2016-02-05 23:00:00,11.7,80,0.0,29.9,1,-0.5218269524747765,-29.895446085176097
2016-02-06 00:00:00,11.4,80,0.0,29.5,360,1.8063540287423458e-15,-29.5
2016-02-06 01:00:00,11.1,81,0.0,31.0,360,1.8982025386783976e-15,-31.0
2016-02-06 02:00:00,10.9,80,0.0,32.4,2,-1.1307436931610246,-32.3802627954187
2016-02-06 03:00:00,10.9,80,0.0,32.8,3,-1.716619364768573,-32.75504873995002
2016-02-06 04:00:00,10.7,77,0.0,33.2,3,-1.7375537472657512,-33.154500553851854
2016-02-06 05:00:00,10.6,74,0.0,32.5,4,-2.2670853966840814,-32.42083163344429
2016-02-06 06:00:00,10.8,71,0.0,30.7,4,-2.141523743944655,-30.625216342976604
2016-02-06 07:00:00,10.9,72,0.0,26.2,8,-3.6463352451537245,-25.94502340102914
2016-02-06 08:00:00,11.8,72,0.0,28.1,359,0.4904126208876691,-28.095720233894596
2016-02-06 09:00:00,12.9,67,0.0,34.9,360,2.137008664512131e-15,-34.9
2016-02-06 10:00:00,13.8,64,0.0,36.4,2,-1.2703416799710276,-36.37782610349508
2016-02-06 11:00:00,14.3,61,0.0,38.9,1,-0.6788986104103281,-38.894075341583616
2016-02-06 12:00:00,14.6,60,0.0,37.9,4,-2.6437703549023595,-37.807677504847334
2016-02-06 13:00:00,14.5,59,0.0,39.3,4,-2.741429418144135,-39.204267175211086
2016-02-06 14:00:00,14.4,58,0.0,39.0,5,-3.399073967158672,-38.85159322557808
2016-02-06 15:00:00,13.7,60,0.0,39.4,5,-3.433936264257735,-39.25007110481477
2016-02-06 16:00:00,12.8,61,0.0,38.2,4,-2.6646972970255973,-38.10694671992529
2016-02-06 17:00:00,11.7,62,0.0,35.8,5,-3.120175590366165,-35.663770191684485
2016-02-06 18:00:00,10.8,62,0.0,31.1,6,-3.2508352076240197,-30.929630945953303
2016-02-06 19:00:00,10.1,63,0.0,32.4,3,-1.6956849822713955,-32.35559692604819
2016-02-06 20:00:00,9.9,62,0.0,29.9,9,-4.677390504702908,-29.531881383794616
2016-02-06 21:00:00,9.6,62,0.0,28.3,7,-3.448902418365665,-28.089056091449415
2016-02-06 22:00:00,9.3,60,0.0,27.9,7,-3.400154681003606,-27.692037630792885
2016-02-06 23:00:00,9.0,59,0.0,27.4,5,-2.388067351285836,-27.29573472771383
2016-02-07 00:00:00,8.7,59,0.0,27.4,2,-0.9562462096485208,-27.383308660323223
2016-02-07 01:00:00,8.4,59,0.0,28.1,1,-0.4904126208876663,-28.095720233894596
2016-02-07 02:00:00,8.2,59,0.0,28.8,1,-0.5026293053937647,-28.79561362050407
2016-02-07 03:00:00,8.5,61,0.0,29.2,2,-1.0190653037130222,-29.182212148957596
2016-02-07 04:00:00,8.4,61,0.0,27.1,4,-1.8904004384658033,-27.033985762041237
2016-02-07 05:00:00,8.4,61,0.0,24.9,3,-1.303165310449313,-24.86587541538889
2016-02-07 06:00:00,8.1,63,0.0,24.5,1,-0.4275839577134457,-24.496268531331587
2016-02-07 07:00:00,7.9,66,0.0,24.5,2,-0.8550376692112687,-24.485075261967847
2016-02-07 08:00:00,9.3,68,0.0,24.5,360,1.5001923289555077e-15,-24.5
2016-02-07 09:00:00,11.7,59,0.0,23.8,4,-1.6602040751101887,-23.742024396183815
2016-02-07 10:00:00,13.4,55,0.0,24.5,360,1.5001923289555077e-15,-24.5
2016-02-07 11:00:00,14.4,54,0.0,25.9,359,0.45201732672564515,-25.896055304550533
2016-02-07 12:00:00,15.1,53,0.0,25.6,360,1.5675479029086122e-15,-25.6
2016-02-07 13:00:00,15.4,53,0.0,26.7,358,0.9318165619567789,-26.683735081409857
2016-02-07 14:00:00,15.0,55,0.0,29.2,359,0.509610267968681,-29.195552698566626
2016-02-07 15:00:00,14.4,57,0.0,28.1,2,-0.9806758573402714,-28.082882239236593
2016-02-07 16:00:00,13.7,58,0.0,25.3,4,-1.7648387857263772,-25.238370471573553
2016-02-07 17:00:00,12.7,63,0.0,21.0,5,-1.8302705977008231,-20.920088659926655
2016-02-07 18:00:00,11.2,67,0.0,19.1,4,-1.3323486485127987,-19.053473359962645
2016-02-07 19:00:00,10.1,72,0.0,19.0,10,-3.2993153756716764,-18.711347307231954
2016-02-07 20:00:00,9.1,76,0.0,16.3,18,-5.036977008311646,-15.502221215611003
2016-02-07 21:00:00,8.1,78,0.0,14.8,23,-5.782820701641253,-13.623471831096117
2016-02-07 22:00:00,7.0,80,0.0,14.0,26,-6.137196055047088,-12.583116648188335
2016-02-07 23:00:00,6.4,77,0.0,14.2,24,-5.775660331676361,-12.972345498524934
2016-02-08 00:00:00,6.1,74,0.0,14.9,20,-5.0961001355524616,-14.001420049710037
2016-02-08 01:00:00,5.7,72,0.0,15.6,15,-4.037577103599322,-15.068442890109464
2016-02-08 02:00:00,5.3,71,0.0,17.3,12,-3.5968722511472446,-16.921953492694836
2016-02-08 03:00:00,5.3,67,0.0,18.3,10,-3.177761651304825,-18.02198188012341
2016-02-08 04:00:00,5.3,62,0.0,18.6,9,-2.9096810497482974,-18.37100313506956
2016-02-08 05:00:00,5.2,58,0.0,19.1,4,-1.3323486485127987,-19.053473359962645
2016-02-08 06:00:00,5.1,58,0.0,19.5,3,-1.020551146737414,-19.47327592771419
2016-02-08 07:00:00,5.5,59,0.0,18.4,2,-0.642150739326014,-18.38879121715136
2016-02-08 08:00:00,8.0,66,0.0,19.4,359,0.3385766848833018,-19.39704528603399
2016-02-08 09:00:00,13.3,50,0.0,21.0,355,1.830270597700821,-20.920088659926655
2016-02-08 10:00:00,14.6,45,0.0,22.8,355,1.9871509346466056,-22.7132391164918
2016-02-08 11:00:00,15.5,44,0.0,22.1,354,2.3100790382151417,-21.978933887638842
2016-02-08 12:00:00,16.2,46,0.0,21.3,354,2.226456267601019,-21.183316371344223
2016-02-08 13:00:00,16.6,47,0.0,19.9,355,1.7343992806783968,-19.824274492025737
2016-02-08 14:00:00,16.7,49,0.0,19.2,355,1.6733902607550362,-19.126938203361515
2016-02-08 15:00:00,16.4,50,0.0,18.4,354,1.9233237241248236,-18.299202874776228
2016-02-08 16:00:00,15.6,53,0.0,17.7,355,1.542656646633549,-17.632646156223895
2016-02-08 17:00:00,14.4,60,0.0,14.4,357,0.7536377698983932,-14.380265300465863
2016-02-08 18:00:00,12.7,65,0.0,12.3,3,-0.643732261788215,-12.283143277481258
2016-02-08 19:00:00,11.3,72,0.0,11.9,5,-1.0371533386971332,-11.854716907291772
2016-02-08 20:00:00,10.1,78,0.0,11.5,4,-0.8021994480574441,-11.471986577987979
2016-02-08 21:00:00,10.7,73,0.0,11.5,4,-0.8021994480574441,-11.471986577987979
2016-02-08 22:00:00,10.7,73,0.0,11.2,4,-0.7812725059342065,-11.17271736291003
2016-02-08 23:00:00,10.8,73,0.0,10.8,2,-0.37691456438700827,-10.793420931806235
2016-02-09 00:00:00,10.4,75,0.0,9.4,4,-0.6557108531947805,-9.377102072442348
2016-02-09 01:00:00,10.0,76,0.0,8.7,5,-0.7582549619046267,-8.666893873398186
2016-02-09 02:00:00,9.8,77,0.0,7.2,3,-0.376818884949199,-7.190132650232932
2016-02-09 03:00:00,10.7,73,0.0,7.2,357,0.3768188849491966,-7.190132650232932
2016-02-09 04:00:00,10.7,73,0.0,6.5,354,0.6794350112397475,-6.4643923198937765
2016-02-09 05:00:00,10.5,74,0.0,6.2,350,1.0766187015349686,-6.10580806867569
2016-02-09 06:00:00,10.5,74,0.0,4.7,4,-0.32785542659739025,-4.688551036221174
2016-02-09 07:00:00,10.4,75,0.0,4.3,360,2.632990618166809e-16,-4.3
2016-02-09 08:00:00,11.3,79,0.0,3.7,349,0.7059932828932162,-3.632020578756357
2016-02-09 09:00:00,14.0,76,0.0,4.4,325,2.5237363199446032,-3.604268994871564
2016-02-09 10:00:00,15.7,66,0.0,6.5,326,3.634753872559854,-5.388744221607771
2016-02-09 11:00:00,16.9,61,0.0,9.0,323,5.4163352083684355,-7.187719590425635
2016-02-09 12:00:00,17.7,60,0.0,11.6,324,6.818308926592688,-9.38459713474939
2016-02-09 13:00:00,18.0,59,0.0,12.9,330,6.450000000000002,-11.171727708819258
2016-02-09 14:00:00,17.9,61,0.0,13.0,332,6.103130316216581,-11.47831870716605
2016-02-09 15:00:00,17.8,59,0.0,12.9,333,5.856477446640154,-11.493984162029944
2016-02-09 16:00:00,17.0,62,0.0,11.6,330,5.800000000000001,-10.045894683899487
2016-02-09 17:00:00,16.0,69,0.0,8.5,332,3.9905082836800725,-7.505054539300878
2016-02-09 18:00:00,14.6,76,0.0,9.3,332,4.366085533908786,-8.21141261358802
2016-02-09 19:00:00,13.1,86,0.0,7.9,336,3.2132194802988217,-7.217009115376547
2016-02-09 20:00:00,13.0,83,0.0,6.4,333,2.9055391983331,-5.702441754805554
2016-02-09 21:00:00,13.1,82,0.0,5.0,330,2.5000000000000004,-4.330127018922193
2016-02-09 22:00:00,12.9,83,0.0,3.3,319,2.1649947956686737,-2.4905416147351476
2016-02-09 23:00:00,12.7,84,0.0,1.5,315,1.0606601717798214,-1.0606601717798212
2016-02-10 00:00:00,11.0,92,0.0,1.0,45,-0.7071067811865477,-0.7071067811865475
2016-02-10 01:00:00,9.1,97,0.0,0.7000000000000001,90,-0.7000000000000001,8.572527594031473e-17
2016-02-10 02:00:00,8.6,96,0.0,1.0,45,-0.7071067811865477,-0.7071067811865475
2016-02-10 03:00:00,9.2,95,0.0,0.8,63,-0.7128052193506944,-0.36319239979163737
2016-02-10 04:00:00,7.7,98,0.0,1.1,90,-1.1,1.3471114790620887e-16
2016-02-10 05:00:00,7.8,98,0.0,2.3,72,-2.187429987478853,-0.7107390870623786
2016-02-10 06:00:00,7.5,98,0.0,3.5,66,-3.197409101749103,-1.4235782507653008
2016-02-10 07:00:00,7.5,97,0.0,5.7,72,-5.421022142882376,-1.7613968679371996
2016-02-10 08:00:00,11.3,91,0.0,5.7,72,-5.421022142882376,-1.7613968679371996
2016-02-10 09:00:00,15.9,77,0.0,4.1,45,-2.8991378028648453,-2.8991378028648445
2016-02-10 10:00:00,18.6,62,0.0,4.8,13,-1.0797650608505531,-4.6769763109691285
2016-02-10 11:00:00,19.9,55,0.0,6.8,357,0.35588450245201897,-6.790680836331102
2016-02-10 12:00:00,20.5,53,0.0,9.5,351,1.4861274178821937,-9.38303923565381
2016-02-10 13:00:00,20.7,54,0.0,11.7,349,2.2324652459055754,-11.485038046337667
2016-02-10 14:00:00,20.6,56,0.0,12.7,352,1.7674983821928314,-12.576404473017943
2016-02-10 15:00:00,21.1,60,0.0,12.3,353,1.4989929238833142,-12.208317665188261
2016-02-10 16:00:00,20.4,65,0.0,10.2,350,1.77121141220269,-10.045039080724521
2016-02-10 17:00:00,19.4,71,0.0,7.1,336,2.8878301658381815,-6.486172749262466
2016-02-10 18:00:00,17.7,79,0.0,8.6,338,3.2216167033768426,-7.973781149274371
2016-02-10 19:00:00,16.1,86,0.0,7.2,3,-0.376818884949199,-7.190132650232932
2016-02-10 20:00:00,15.6,85,0.0,6.6,22,-2.472403516545021,-6.119413440140796
2016-02-10 21:00:00,15.8,82,0.0,6.6,29,-3.199743493625823,-5.772490067120013
2016-02-10 22:00:00,15.5,83,0.0,7.3,349,1.3929056662487778,-7.165878439167947
2016-02-10 23:00:00,15.4,83,0.0,7.6,315,5.374011537017761,-5.37401153701776
2016-02-11 00:00:00,15.3,83,0.0,4.3,360,2.632990618166809e-16,-4.3
2016-02-11 01:00:00,14.5,84,0.0,5.3,28,-2.488199282765221,-4.679622242152313
2016-02-11 02:00:00,13.4,87,0.0,5.7,35,-3.2693856872009643,-4.669166652447252
2016-02-11 03:00:00,15.1,81,0.0,5.9,38,-3.632402704421383,-4.649263446279661
2016-02-11 04:00:00,16.0,78,0.0,5.2,16,-1.4333142502483942,-4.998560818879259
2016-02-11 05:00:00,16.0,78,0.0,5.3,332,2.4881992827652213,-4.679622242152313
2016-02-11 06:00:00,14.6,83,0.0,6.1,320,3.92100441908789,-4.6728711030257655
2016-02-11 07:00:00,14.9,81,0.2,5.8,22,-2.1727182418122912,-5.377666356487366
2016-02-11 08:00:00,15.8,83,0.4,8.8,55,-7.208537989743128,-5.0474726398892065
2016-02-11 09:00:00,17.9,78,0.0,5.5,23,-2.149021206691006,-5.062776693988422
2016-02-11 10:00:00,20.3,71,0.0,7.6,5,-0.6623836448822027,-7.571079705497266
2016-02-11 11:00:00,21.8,68,0.0,7.6,8,-1.0577155672965002,-7.526037322435934
2016-02-11 12:00:00,22.7,67,0.0,6.1,332,2.863776532993934,-5.385980316439453
2016-02-11 13:00:00,23.0,68,0.0,7.4,313,5.412017391981862,-5.046787864462489
2016-02-11 14:00:00,23.1,69,0.0,10.6,325,6.079910225321089,-8.683011669463312
2016-02-11 15:00:00,21.9,78,0.0,13.7,342,4.2335328229367795,-13.029474273243602
2016-02-11 16:00:00,20.7,83,0.0,11.9,357,0.6227978792910333,-11.88369146357943
2016-02-11 17:00:00,20.0,87,0.0,8.5,12,-1.767249371950958,-8.314254606237347
2016-02-11 18:00:00,19.3,90,0.0,8.0,355,0.6972459419812651,-7.969557584733964
2016-02-11 19:00:00,18.5,95,0.0,8.3,5,-0.7233926648055635,-8.268415994161488
2016-02-11 20:00:00,17.6,96,0.0,7.9,16,-2.1775351109542913,-7.593967397912721
2016-02-11 21:00:00,17.0,96,0.0,7.6,19,-2.4743179738743906,-7.185941174554808
2016-02-11 22:00:00,16.0,97,0.0,6.5,19,-2.116193003971518,-6.1458707413955596
2016-02-11 23:00:00,14.8,98,0.1,5.3,28,-2.488199282765221,-4.679622242152313
2016-02-12 00:00:00,14.3,99,0.2,5.4,48,-4.012982057577929,-3.6133052743378347
2016-02-12 01:00:00,13.9,98,0.2,5.4,53,-4.312631754255381,-3.2498011250210617
2016-02-12 02:00:00,13.9,98,0.2,4.1,52,-3.23084408978756,-2.5242120488351985
2016-02-12 03:00:00,13.7,98,0.0,3.8,41,-2.4930243101639276,-2.8678964048465336
2016-02-12 04:00:00,13.6,97,0.0,4.8,48,-3.5670951622914924,-3.2118269105225195
2016-02-12 05:00:00,13.5,97,0.0,5.5,58,-4.664264528860343,-2.914555953282626
2016-02-12 06:00:00,13.2,97,0.2,4.0,63,-3.5640260967534716,-1.8159619989581868
2016-02-12 07:00:00,13.1,97,0.3,4.2,59,-3.600102662948872,-2.1631599146222276
2016-02-12 08:00:00,16.4,97,0.3,4.4,55,-3.604268994871564,-2.5237363199446032
2016-02-12 09:00:00,19.9,87,0.3,3.9,22,-1.460965714322058,-3.6160170328104706
2016-02-12 10:00:00,21.7,81,0.2,3.7,11,-0.7059932828932151,-3.632020578756357
2016-02-12 11:00:00,23.2,78,0.0,0.8,27,-0.36319239979163753,-0.7128052193506943
2016-02-12 12:00:00,24.4,74,0.1,4.6,198,1.4214781741247582,4.3748599749577055
2016-02-12 13:00:00,24.8,74,0.0,9.5,205,4.014873486536644,8.609923976848174
2016-02-12 14:00:00,25.0,74,0.1,13.7,203,5.353016460303049,12.610916492298433
2016-02-12 15:00:00,25.2,75,0.0,14.4,202,5.394334945189132,13.351447505761739
2016-02-12 16:00:00,24.9,77,0.0,13.3,199,4.330056454280185,12.575397055470914
2016-02-12 17:00:00,24.2,80,0.0,9.6,193,2.159530121701103,9.353952621938259
2016-02-12 18:00:00,22.8,86,0.0,9.2,169,-1.755442757464212,9.030970087718508
2016-02-12 19:00:00,20.9,89,0.0,9.7,149,-4.995869326627526,8.31452281681049
2016-02-12 20:00:00,19.6,89,0.0,9.7,135,-6.85893577750951,6.858935777509511
2016-02-12 21:00:00,17.9,90,0.0,9.9,136,-6.877117867544074,7.121464023352646
2016-02-12 22:00:00,16.3,91,0.0,8.3,146,-4.641301098807197,6.881011852206847
2016-02-12 23:00:00,14.8,93,0.0,7.3,147,-3.9758649556096977,6.122295146001594
2016-02-13 00:00:00,13.8,93,0.0,6.2,159,-2.2218812871808615,5.788198644282651
2016-02-13 01:00:00,13.0,94,0.0,6.6,158,-2.4724035165450196,6.1194134401407965
2016-02-13 02:00:00,12.5,94,0.0,6.3,156,-2.5624408513775414,5.755336383148386
2016-02-13 03:00:00,12.5,91,0.0,5.5,157,-2.149021206691006,5.062776693988422
2016-02-13 04:00:00,12.3,90,0.0,6.1,152,-2.8637765329939344,5.385980316439453
2016-02-13 05:00:00,12.4,89,0.0,6.5,146,-3.6347538725598536,5.388744221607771
2016-02-13 06:00:00,12.2,88,0.0,6.4,137,-4.364789504399989,4.6806636903626915
2016-02-13 07:00:00,12.6,88,0.0,7.7,131,-5.811263767715345,5.051654523226906
2016-02-13 08:00:00,15.9,86,0.0,10.0,131,-7.54709580222772,6.560590289905073
2016-02-13 09:00:00,21.5,69,0.0,12.0,147,-6.5356684201803255,10.064046815345087
2016-02-13 10:00:00,24.6,58,0.0,14.2,159,-5.088824883543263,13.256842056260265
2016-02-13 11:00:00,25.9,57,0.0,15.7,171,-2.4560211011316238,15.506706947343663
2016-02-13 12:00:00,26.7,56,0.0,17.4,186,1.81879526085717,17.304680979407955
2016-02-13 13:00:00,27.0,54,0.0,17.8,201,6.378949501906347,16.61773159165019
2016-02-13 14:00:00,26.8,55,0.0,17.0,212,9.008627491964484,14.41681763465924
2016-02-13 15:00:00,26.2,57,0.0,13.8,213,7.516018683207374,11.573653837646852
2016-02-13 16:00:00,25.5,62,0.0,11.1,205,4.691062705321763,10.060016436106814
2016-02-13 17:00:00,24.7,66,0.0,8.8,192,1.8296228791962834,8.60769888645749
2016-02-13 18:00:00,22.9,74,0.0,9.0,175,-0.7844016847289241,8.96575228282571
2016-02-13 19:00:00,20.7,80,0.0,9.9,147,-5.391926446648768,8.302838622659698
2016-02-13 20:00:00,19.0,81,0.0,8.9,133,-6.509047944410617,6.069785404556238
2016-02-13 21:00:00,17.7,83,0.0,9.2,138,-6.156001578501495,6.836932394392027
2016-02-13 22:00:00,17.0,82,0.0,8.7,138,-5.821436275322066,6.46535998165333
2016-02-13 23:00:00,15.9,84,0.0,6.9,141,-4.342310698243877,5.3623071340531006
2016-02-14 00:00:00,15.1,84,0.0,7.7,131,-5.811263767715345,5.051654523226906
2016-02-14 01:00:00,14.6,84,0.0,7.1,131,-5.358438019581681,4.658019105832602
2016-02-14 02:00:00,14.3,83,0.0,7.7,127,-6.149493427364156,4.633975678270771
2016-02-14 03:00:00,14.2,80,0.0,7.3,123,-6.122295146001594,3.9758649556096994
2016-02-14 04:00:00,14.0,79,0.0,7.1,120,-6.148780366869515,3.5499999999999994
2016-02-14 05:00:00,13.9,79,0.0,5.8,112,-5.377666356487366,2.172718241812291
2016-02-14 06:00:00,13.8,80,0.0,7.9,120,-6.841600689897066,3.9499999999999997
2016-02-14 07:00:00,13.8,83,0.0,7.3,123,-6.122295146001594,3.9758649556096994
2016-02-14 08:00:00,16.3,86,0.0,5.5,122,-4.664264528860342,2.914555953282627
2016-02-14 09:00:00,21.7,69,0.0,2.9,150,-1.4499999999999993,2.511473670974872
2016-02-14 10:00:00,23.7,60,0.0,6.4,317,4.36478950439999,-4.6806636903626915
2016-02-14 11:00:00,23.6,63,0.1,13.0,336,5.287576359985403,-11.876090949353811
2016-02-14 12:00:00,23.2,68,0.2,11.9,360,7.286648454926752e-16,-11.9
2016-02-14 13:00:00,22.3,75,0.2,11.0,19,-3.581249699028723,-10.400704331592486
2016-02-14 14:00:00,21.9,76,0.1,15.5,12,-3.2226312076752768,-15.161287811373986
2016-02-14 15:00:00,21.1,83,0.0,22.9,7,-2.79080796397787,-22.729306872586275
2016-02-14 16:00:00,19.6,86,0.0,24.0,8,-3.3401544230415796,-23.766433649797687
2016-02-14 17:00:00,18.2,88,0.0,24.6,7,-2.9979858477666204,-24.416635330376526
2016-02-14 18:00:00,17.0,87,0.0,22.8,5,-1.987150934646608,-22.7132391164918
2016-02-14 19:00:00,16.2,86,0.0,24.9,4,-1.7369361962287269,-24.839344851469622
2016-02-14 20:00:00,15.6,85,0.0,24.6,5,-2.144031271592393,-24.506389573056943
2016-02-14 21:00:00,15.2,85,0.1,26.3,1,-0.45899828930055603,-26.29599438261309
2016-02-14 22:00:00,14.4,85,0.0,29.5,1,-0.5148459898998632,-29.49550700711354
2016-02-14 23:00:00,13.5,85,0.2,31.0,4,-2.162450686067893,-30.92448555805455
2016-02-15 00:00:00,12.7,89,0.3,29.7,6,-3.1044953590493045,-29.53730029243772
2016-02-15 01:00:00,12.3,90,0.3,29.3,5,-2.5536632625063866,-29.188504654088145
2016-02-15 02:00:00,12.0,90,0.1,30.0,4,-2.0926942123237673,-29.926921507794727
2016-02-15 03:00:00,11.7,88,0.5,30.7,3,-1.6067138566583903,-30.657926716965417
2016-02-15 04:00:00,11.1,91,0.4,31.8,5,-2.7715526193755324,-31.67899139931751
2016-02-15 05:00:00,10.7,91,0.2,31.1,6,-3.2508352076240197,-30.929630945953303
2016-02-15 06:00:00,10.7,91,0.1,28.6,5,-2.492654242583026,-28.491168365423924
2016-02-15 07:00:00,10.8,88,0.0,30.2,359,0.5270626744059647,-30.195400393723016
2016-02-15 08:00:00,11.0,86,0.3,30.6,1,-0.5340436369808751,-30.595339471785575
2016-02-15 09:00:00,11.5,88,0.7000000000000001,28.5,4,-1.988059501707579,-28.43057543240499
2016-02-15 10:00:00,12.0,88,0.6,26.0,5,-2.2660493114391143,-25.901062150385386
2016-02-15 11:00:00,12.6,89,0.9,25.3,4,-1.7648387857263772,-25.238370471573553
2016-02-15 12:00:00,13.3,85,0.2,26.7,3,-1.397370031686613,-26.66340857794712
2016-02-15 13:00:00,14.3,80,0.0,29.9,2,-1.0434949514047727,-29.881785727870962
2016-02-15 14:00:00,14.6,77,0.0,30.2,1,-0.5270626744059617,-30.195400393723016
2016-02-15 15:00:00,14.1,76,0.3,30.6,1,-0.5340436369808751,-30.595339471785575
2016-02-15 16:00:00,12.9,78,0.3,28.8,1,-0.5026293053937647,-28.79561362050407
2016-02-15 17:00:00,12.1,80,0.0,26.6,1,-0.4642340112317411,-26.59594869116001
2016-02-15 18:00:00,11.6,80,0.0,25.2,360,1.543054966925665e-15,-25.2
2016-02-15 19:00:00,11.3,80,0.0,24.8,360,1.518562030942718e-15,-24.8
2016-02-15 20:00:00,11.2,81,0.3,23.8,2,-0.8306080215195182,-23.78550168305448
2016-02-15 21:00:00,10.9,87,0.3,23.1,2,-0.8061783738277676,-23.085928104141114
2016-02-15 22:00:00,10.9,89,0.4,23.1,2,-0.8061783738277676,-23.085928104141114
2016-02-15 23:00:00,11.0,89,0.3,22.4,5,-1.9522886375475446,-22.314761237255098
2016-02-16 00:00:00,11.2,90,0.1,20.4,8,-2.8391312595853426,-20.20146860232803
2016-02-16 01:00:00,11.0,88,0.0,19.6,7,-2.3886391307408847,-19.453904572169915
2016-02-16 02:00:00,11.2,86,0.0,21.3,2,-0.7433592797632662,-21.28702461550674
2016-02-16 03:00:00,11.4,83,0.0,20.9,360,1.279755905108984e-15,-20.9
2016-02-16 04:00:00,11.2,83,0.0,22.0,357,1.1513910373447673,-21.969849764600625
2016-02-16 05:00:00,11.5,81,0.0,21.6,1,-0.3769719790453236,-21.596710215378053
2016-02-16 06:00:00,11.6,81,0.0,18.9,8,-2.6303716081452437,-18.716066499215675
2016-02-16 07:00:00,11.8,82,0.0,16.6,4,-1.1579574641524848,-16.55956323431308
2016-02-16 08:00:00,12.2,82,0.0,16.9,2,-0.5898014942722628,-16.889704976622717
2016-02-16 09:00:00,12.7,80,0.0,17.7,4,-1.2346895852710227,-17.65688368959889
2016-02-16 10:00:00,13.4,78,0.0,16.6,2,-0.5793316452615127,-16.58988772851699
2016-02-16 11:00:00,13.9,76,0.0,17.3,360,1.0593194812624606e-15,-17.3
2016-02-16 12:00:00,14.2,76,0.0,18.7,360,1.1450447572027753e-15,-18.7
2016-02-16 13:00:00,13.9,79,0.1,18.8,3,-0.983915977367353,-18.77423525338599
2016-02-16 14:00:00,13.6,82,0.4,18.4,4,-1.2835191168919107,-18.355178524780765
2016-02-16 15:00:00,13.8,80,0.2,18.4,6,-1.9233237241248218,-18.299202874776228
2016-02-16 16:00:00,13.1,87,0.3,17.8,8,-2.4772811970891717,-17.62677162359995
2016-02-16 17:00:00,12.8,89,0.2,16.7,7,-2.0352180348659576,-16.575520732410077
2016-02-16 18:00:00,12.6,90,0.2,14.3,10,-2.483168940637104,-14.082750868074575
2016-02-16 19:00:00,12.4,91,0.3,12.3,7,-1.4989929238833102,-12.208317665188263
2016-02-16 20:00:00,12.4,92,0.3,12.3,3,-0.643732261788215,-12.283143277481258
2016-02-16 21:00:00,12.4,92,0.3,13.7,358,0.4781231048242648,-13.691654330161612
2016-02-16 22:00:00,12.4,92,0.3,15.1,1,-0.26353133720298083,-15.097700196861508
2016-02-16 23:00:00,12.3,92,0.2,13.8,9,-2.1587956175551883,-13.6300991002129
2016-02-17 00:00:00,12.4,92,0.0,12.1,12,-2.5157314588948934,-11.835585968879046
2016-02-17 01:00:00,12.4,92,0.0,13.2,11,-2.518678738970389,-12.957478821509163
2016-02-17 02:00:00,12.5,91,0.0,15.3,8,-2.129348444689007,-15.151101451746026
2016-02-17 03:00:00,12.6,90,1.0,15.7,9,-2.4560211011316273,-15.50670694734366
2016-02-17 04:00:00,12.4,91,0.1,14.8,6,-1.5470212563612697,-14.718924051450447
2016-02-17 05:00:00,12.1,91,0.1,14.8,360,9.062386313690414e-16,-14.8
2016-02-17 06:00:00,12.2,91,0.2,14.0,360,8.572527594031472e-16,-14.0
2016-02-17 07:00:00,12.2,92,0.3,12.2,358,0.42577385977051313,-12.192568089632967
2016-02-17 08:00:00,13.1,91,0.3,11.5,360,7.041719095097281e-16,-11.5
2016-02-17 09:00:00,14.1,90,0.3,12.0,351,1.877213580482771,-11.852260087141653
2016-02-17 10:00:00,14.7,87,0.2,14.1,356,0.9835662797921657,-14.06565310866352
2016-02-17 11:00:00,15.4,84,0.5,15.5,360,9.491012693391988e-16,-15.5
2016-02-17 12:00:00,16.2,81,0.0,16.9,1,-0.2949456687900911,-16.89742604814301
2016-02-17 13:00:00,17.2,76,0.0,17.7,2,-0.6177210916342635,-17.689217638237995
2016-02-17 14:00:00,17.1,76,0.0,17.6,1,-0.30716235329618957,-17.59731943475249
2016-02-17 15:00:00,17.5,75,0.0,17.6,360,1.077689183249671e-15,-17.6
2016-02-17 16:00:00,16.9,77,0.2,17.3,1,-0.3019266313650045,-17.29736512620557
2016-02-17 17:00:00,16.0,82,0.3,15.1,1,-0.26353133720298083,-15.097700196861508
2016-02-17 18:00:00,15.2,85,0.2,13.1,8,-1.8231676225768623,-12.97251170051457
2016-02-17 19:00:00,14.7,89,0.2,10.9,8,-1.5169868004647176,-10.793921949283115
2016-02-17 20:00:00,14.4,90,0.2,10.3,12,-2.141490415422926,-10.074920287558198
2016-02-17 21:00:00,14.0,93,0.1,9.8,8,-1.363896389408645,-9.704627073667389
2016-02-17 22:00:00,13.6,94,0.1,10.5,356,0.732442974313315,-10.474422527728153
2016-02-17 23:00:00,13.6,94,0.2,11.4,349,2.175222547292612,-11.19054989130337
2016-02-18 00:00:00,13.6,94,0.2,11.9,360,7.286648454926752e-16,-11.9
2016-02-18 01:00:00,13.5,95,0.2,13.6,11,-2.5950023371210067,-13.35012969488823
2016-02-18 02:00:00,13.4,95,0.2,13.7,358,0.4781231048242648,-13.691654330161612
2016-02-18 03:00:00,13.1,95,0.3,13.7,357,0.7170026005283323,-13.681224626137661
2016-02-18 04:00:00,13.3,95,0.4,12.4,8,-1.7257464519048162,-12.279324052395472
2016-02-18 05:00:00,13.5,94,0.5,9.7,15,-2.51054473749445,-9.369480515003962
2016-02-18 06:00:00,13.4,95,0.5,9.3,16,-2.56342740909809,-8.939733772226367
2016-02-18 07:00:00,13.5,95,0.2,10.5,4,-0.7324429743133186,-10.474422527728153
2016-02-18 08:00:00,14.5,95,0.7000000000000001,11.2,4,-0.7812725059342065,-11.17271736291003
2016-02-18 09:00:00,16.0,91,0.2,10.9,8,-1.5169868004647176,-10.793921949283115
2016-02-18 10:00:00,16.5,87,0.1,10.8,4,-0.7533699164365563,-10.773691742806102
2016-02-18 11:00:00,17.6,82,0.0,12.2,2,-0.42577385977050924,-12.192568089632967
2016-02-18 12:00:00,18.0,80,0.0,14.8,360,9.062386313690414e-16,-14.8
2016-02-18 13:00:00,17.7,82,0.0,15.5,3,-0.8112073217656367,-15.478757788695894
2016-02-18 14:00:00,17.5,84,0.0,16.6,1,-0.2897099468589061,-16.597471739596095
2016-02-18 15:00:00,18.2,82,0.0,17.3,1,-0.3019266313650045,-17.29736512620557
2016-02-18 16:00:00,17.5,86,0.0,16.2,3,-0.8478424911356978,-16.177798463024097
2016-02-18 17:00:00,16.9,89,0.0,15.2,5,-1.3247672897644054,-15.142159410994532
2016-02-18 18:00:00,16.1,91,0.0,13.3,3,-0.6960682180311593,-13.281772812235833
2016-02-18 19:00:00,15.5,94,0.0,11.5,2,-0.40134421207875876,-11.492994510719601
2016-02-18 20:00:00,15.2,94,0.0,10.9,6,-1.1393602496174215,-10.840288659514181
2016-02-18 21:00:00,15.6,91,0.0,10.9,9,-1.7051356689385184,-10.765802912487
2016-02-18 22:00:00,15.5,90,0.0,10.5,8,-1.4613175600806911,-10.397814721786487
2016-02-18 23:00:00,15.3,89,0.0,10.5,8,-1.4613175600806911,-10.397814721786487
2016-02-19 00:00:00,15.2,88,0.0,9.9,10,-1.7191169589026103,-9.74959675482086
2016-02-19 01:00:00,15.1,88,0.0,10.8,2,-0.37691456438700827,-10.793420931806235
2016-02-19 02:00:00,13.5,91,0.0,11.5,4,-0.8021994480574441,-11.471986577987979
2016-02-19 03:00:00,13.7,90,0.0,11.5,14,-2.7821017993961794,-11.15840085217396
2016-02-19 04:00:00,13.2,91,0.0,12.0,21,-4.3004153945436085,-11.20296511796642
2016-02-19 05:00:00,12.6,91,0.0,11.6,22,-4.3454364836245825,-10.755332712974733
2016-02-19 06:00:00,12.3,91,0.0,11.9,25,-5.02915731471432,-10.785062665736136
2016-02-19 07:00:00,12.9,89,0.0,11.9,14,-2.8788705576360467,-11.546519142684359
2016-02-19 08:00:00,14.8,94,0.0,13.0,14,-3.144984642795681,-12.613844441587954
2016-02-19 09:00:00,18.0,86,0.0,12.6,13,-2.834383284732702,-12.277062816293963
2016-02-19 10:00:00,19.6,80,0.0,11.2,21,-4.013721034907368,-10.456100776768658
2016-02-19 11:00:00,21.1,74,0.0,10.9,8,-1.5169868004647176,-10.793921949283115
2016-02-19 12:00:00,21.8,73,0.0,16.2,348,3.368169391247703,-15.845991131887649
2016-02-19 13:00:00,21.1,77,0.0,21.5,350,3.733435819839004,-21.17336668976247
2016-02-19 14:00:00,20.0,82,0.0,22.7,358,0.7922185751467745,-22.686171773333474
2016-02-19 15:00:00,20.0,82,0.0,20.6,4,-1.4369833591289871,-20.54981943535238
2016-02-19 16:00:00,19.5,83,0.0,19.1,4,-1.3323486485127987,-19.053473359962645
2016-02-19 17:00:00,18.4,85,0.0,17.6,1,-0.30716235329618957,-17.59731943475249
2016-02-19 18:00:00,16.9,90,0.0,16.6,2,-0.5793316452615127,-16.58988772851699
2016-02-19 19:00:00,15.9,93,0.0,16.7,7,-2.0352180348659576,-16.575520732410077
2016-02-19 20:00:00,15.2,94,0.0,17.3,12,-3.5968722511472446,-16.921953492694836
2016-02-19 21:00:00,15.1,93,0.0,17.6,11,-3.3582383186271856,-17.276638428678886
2016-02-19 22:00:00,14.9,93,0.0,18.2,8,-2.532950437473198,-18.02287885109658
2016-02-19 23:00:00,14.5,93,0.0,17.7,6,-1.8501537998374644,-17.60303754801844
2016-02-20 00:00:00,14.2,93,0.0,18.5,7,-2.2545828529952225,-18.36210380536446
2016-02-20 01:00:00,13.9,93,0.0,19.7,9,-3.081758961292551,-19.457460309724212
2016-02-20 02:00:00,13.7,92,0.0,20.0,8,-2.7834620192013166,-19.805361374831406
2016-02-20 03:00:00,14.3,87,0.0,22.4,6,-2.341437577195435,-22.27729045624932
2016-02-20 04:00:00,14.3,85,0.0,25.0,6,-2.613211581691334,-24.863047384206833
2016-02-20 05:00:00,14.5,82,0.0,24.5,10,-4.254380352839793,-24.127789948799098
2016-02-20 06:00:00,14.5,81,0.0,22.3,2,-0.778258776465767,-22.286415442525836
2016-02-20 07:00:00,14.5,81,0.0,27.4,2,-0.9562462096485208,-27.383308660323223
2016-02-20 08:00:00,14.6,80,0.0,27.8,4,-1.939229970086691,-27.732280597223113
2016-02-20 09:00:00,14.5,84,0.6,29.7,6,-3.1044953590493045,-29.53730029243772
2016-02-20 10:00:00,14.3,87,1.0,28.1,13,-6.321124627062614,-27.37979882046511
2016-02-20 11:00:00,15.1,85,0.0,25.3,6,-2.64457012067163,-25.161403952817317
2016-02-20 12:00:00,15.9,80,0.0,27.7,359,0.48343165831275564,-27.695781155832037
2016-02-20 13:00:00,15.6,79,0.5,31.7,359,0.5532412840618901,-31.6951719364576
2016-02-20 14:00:00,14.0,87,0.8,30.8,6,-3.2194766686437237,-30.631274377342823
2016-02-20 15:00:00,15.6,75,0.0,25.9,9,-4.051652644541984,-25.581128021414063
2016-02-20 16:00:00,15.8,75,0.0,24.2,3,-1.2665301410792522,-24.166834741060686
2016-02-20 17:00:00,15.3,74,0.0,28.8,359,0.5026293053937676,-28.79561362050407
2016-02-20 18:00:00,14.7,72,0.0,25.9,9,-4.051652644541984,-25.581128021414063
2016-02-20 19:00:00,14.6,72,0.0,20.4,9,-3.191263086820713,-20.148842148140808
2016-02-20 20:00:00,14.5,74,0.0,19.5,4,-1.3602512380104488,-19.452498980066572
2016-02-20 21:00:00,14.5,73,0.0,20.9,3,-1.0938214854775359,-20.871357276370592
2016-02-20 22:00:00,14.5,72,0.0,21.4,7,-2.608003948870149,-21.24048764512429
2016-02-20 23:00:00,14.6,72,0.0,18.6,9,-2.9096810497482974,-18.37100313506956
2016-02-21 00:00:00,14.4,74,0.0,18.4,3,-0.9629815948701752,-18.37478343948416
2016-02-21 01:00:00,14.4,74,0.0,19.5,3,-1.020551146737414,-19.47327592771419
2016-02-21 02:00:00,14.5,75,0.0,19.6,7,-2.3886391307408847,-19.453904572169915
2016-02-21 03:00:00,14.5,74,0.0,19.0,10,-3.2993153756716764,-18.711347307231954
2016-02-21 04:00:00,14.5,75,0.0,18.0,12,-3.7424104347196763,-17.6066568132085
2016-02-21 05:00:00,14.1,79,0.0,17.7,12,-3.6800369274743483,-17.31321253298836
2016-02-21 06:00:00,14.1,79,0.0,15.0,11,-2.8621349306481694,-14.72440775171496
2016-02-21 07:00:00,12.9,86,0.0,10.4,360,6.368163355566237e-16,-10.4
2016-02-21 08:00:00,15.2,82,0.0,9.8,352,1.3638963894086416,-9.70462707366739
2016-02-21 09:00:00,16.9,76,0.0,9.7,4,-0.676637795318018,-9.676371287520293
2016-02-21 10:00:00,18.2,73,0.0,10.2,8,-1.4195656297926713,-10.100734301164016
2016-02-21 11:00:00,18.9,72,0.0,11.6,7,-1.413684383499707,-11.513535359039336
2016-02-21 12:00:00,19.6,71,0.0,11.0,11,-2.098898949141991,-10.797899017924303
2016-02-21 13:00:00,19.6,72,0.0,10.9,6,-1.1393602496174215,-10.840288659514181
2016-02-21 14:00:00,19.8,72,0.0,11.9,358,0.41530401075976286,-11.89275084152724
2016-02-21 15:00:00,18.7,76,0.0,11.2,358,0.3908743630680121,-11.193177262613872
2016-02-21 16:00:00,18.4,76,0.0,10.4,360,6.368163355566237e-16,-10.4
2016-02-21 17:00:00,18.1,78,0.0,8.0,5,-0.697245941981266,-7.969557584733964
2016-02-21 18:00:00,17.6,81,0.0,6.5,360,3.9801020972288977e-16,-6.5
2016-02-21 19:00:00,16.9,84,0.0,5.8,356,0.40458754771592637,-5.78587149150698
2016-02-21 20:00:00,16.3,89,0.0,4.5,331,2.181643291108517,-3.935788682127281
2016-02-21 21:00:00,15.9,90,0.0,4.6,309,3.5748714227020657,-2.8948737988292517
2016-02-21 22:00:00,15.8,90,0.0,4.8,318,3.2118269105225195,-3.5670951622914924
2016-02-21 23:00:00,15.3,92,0.0,4.7,328,2.490620541896063,-3.9858260519352022
2016-02-22 00:00:00,15.5,90,0.0,4.1,322,2.524212048835199,-3.23084408978756
2016-02-22 01:00:00,15.5,91,0.0,4.9,324,2.8801477362331185,-3.9641832724372428
2016-02-22 02:00:00,15.2,92,0.0,5.4,340,1.8469087739586119,-5.074340152243905
2016-02-22 03:00:00,14.6,92,0.0,6.5,357,0.3401837155791358,-6.49109197590473
2016-02-22 04:00:00,14.1,94,0.0,7.2,354,0.752604935527105,-7.160557646651568
2016-02-22 05:00:00,14.4,93,0.0,7.2,354,0.752604935527105,-7.160557646651568
2016-02-22 06:00:00,14.1,93,0.0,7.6,357,0.3977532674463741,-7.589584464134761
2016-02-22 07:00:00,13.9,95,0.0,9.0,360,5.51091059616309e-16,-9.0
2016-02-22 08:00:00,15.5,94,0.0,9.4,353,1.1455718280083864,-9.329933825428427
2016-02-22 09:00:00,17.7,86,0.0,8.6,345,2.2258437878816784,-8.306962106085987
2016-02-22 10:00:00,19.2,80,0.0,8.7,343,2.5436338310878095,-8.319851376878407
2016-02-22 11:00:00,20.2,78,0.0,10.2,337,3.985457510590592,-9.389149505214892
2016-02-22 12:00:00,20.9,76,0.0,13.1,339,4.694620139043435,-12.229903587113343
2016-02-22 13:00:00,20.7,78,0.0,17.1,342,5.284190603811602,-16.263066428647125
2016-02-22 14:00:00,20.3,80,0.0,18.8,348,3.908739787373878,-18.389174893795545
2016-02-22 15:00:00,19.1,83,0.3,17.3,356,1.2067869957733666,-17.257858069494958
2016-02-22 16:00:00,18.4,84,0.3,15.2,5,-1.3247672897644054,-15.142159410994532
2016-02-22 17:00:00,17.8,86,0.2,14.9,8,-2.0736792043049808,-14.754994224249398
2016-02-22 18:00:00,17.0,90,0.1,16.7,6,-1.7456253365698111,-16.608515652650166
2016-02-22 19:00:00,16.5,91,0.0,16.3,6,-1.70381395126275,-16.210706894502856
2016-02-22 20:00:00,16.4,91,0.0,15.3,9,-2.393447315115535,-15.111631611105606
2016-02-22 21:00:00,16.3,92,0.1,14.9,8,-2.0736792043049808,-14.754994224249398
2016-02-22 22:00:00,16.3,92,0.1,15.2,4,-1.0602984009107088,-15.162973563949327
2016-02-22 23:00:00,16.2,93,0.1,15.5,4,-1.0812253430339465,-15.462242779027275
2016-02-23 00:00:00,16.1,93,0.2,16.0,8,-2.2267696153610532,-15.844289099865124
2016-02-23 01:00:00,16.0,93,0.2,16.5,10,-2.8651949315043503,-16.249327924701433
2016-02-23 02:00:00,16.0,93,0.3,17.5,8,-2.435529266801152,-17.32969120297748
2016-02-23 03:00:00,16.2,91,0.2,19.6,6,-2.048757880046006,-19.49262914921816
2016-02-23 04:00:00,15.9,92,0.2,21.3,6,-2.2264562676010167,-21.183316371344223
2016-02-23 05:00:00,15.8,91,0.0,22.4,6,-2.341437577195435,-22.27729045624932
2016-02-23 06:00:00,15.6,91,0.3,22.8,6,-2.383248962502497,-22.675099214396635
2016-02-23 07:00:00,15.6,90,0.0,23.6,7,-2.8761165043614736,-23.4240891787352
2016-02-23 08:00:00,16.0,90,0.2,23.2,6,-2.425060347809558,-23.07290797254394
2016-02-23 09:00:00,17.2,86,0.0,24.2,5,-2.1091689744933295,-24.107911693820242
2016-02-23 10:00:00,18.5,82,0.0,24.5,3,-1.2822309279521356,-24.466423601487058
2016-02-23 11:00:00,19.7,78,0.0,25.6,1,-0.44678160479445755,-25.596100996003617
2016-02-23 12:00:00,20.2,77,0.0,26.3,360,1.6104105408787695e-15,-26.3
2016-02-23 13:00:00,20.7,77,0.0,26.3,359,0.45899828930055864,-26.29599438261309
2016-02-23 14:00:00,20.5,77,0.0,27.0,360,1.6532731788489269e-15,-27.0
2016-02-23 15:00:00,19.5,79,0.3,28.1,1,-0.4904126208876663,-28.095720233894596
2016-02-23 16:00:00,18.6,82,0.2,28.1,4,-1.960156912209929,-28.031549812301062
2016-02-23 17:00:00,17.6,84,0.0,26.3,4,-1.8345952594705028,-26.23593452183338
2016-02-23 18:00:00,16.5,86,0.3,26.3,1,-0.45899828930055603,-26.29599438261309
2016-02-23 19:00:00,15.5,88,0.3,27.0,360,1.6532731788489269e-15,-27.0
2016-02-23 20:00:00,15.2,89,0.3,27.4,1,-0.4781959363815678,-27.395826847285118
2016-02-23 21:00:00,14.9,89,0.3,27.4,1,-0.4781959363815678,-27.395826847285118
2016-02-23 22:00:00,14.7,88,0.4,27.4,2,-0.9562462096485208,-27.383308660323223
2016-02-23 23:00:00,14.3,90,0.4,28.1,3,-1.470640370426735,-28.061489926603524
2016-02-24 00:00:00,14.3,88,0.2,26.7,3,-1.397370031686613,-26.66340857794712
2016-02-24 01:00:00,14.4,88,0.1,27.7,1,-0.48343165831275287,-27.695781155832037
2016-02-24 02:00:00,14.3,87,0.3,29.2,2,-1.0190653037130222,-29.182212148957596
2016-02-24 03:00:00,14.5,86,0.8,28.2,4,-1.9671325595843414,-28.13130621732704
2016-02-24 04:00:00,14.3,87,0.5,27.0,3,-1.4130708185594962,-26.962997438373492
2016-02-24 05:00:00,14.4,86,0.3,26.7,4,-1.862497848968153,-26.634960141937306
2016-02-24 06:00:00,14.3,86,0.1,25.6,3,-1.3398004798193743,-25.56491608971709
2016-02-24 07:00:00,14.6,86,0.0,26.4,5,-2.3009116085381778,-26.29954002962208
2016-02-24 08:00:00,15.4,86,0.0,27.5,6,-2.8745327398604674,-27.34935212262752
2016-02-24 09:00:00,16.3,82,0.0,27.8,4,-1.939229970086691,-27.732280597223113
2016-02-24 10:00:00,16.6,82,0.3,27.8,3,-1.4549395835538517,-27.761901066177153
2016-02-24 11:00:00,17.3,81,0.5,27.4,2,-0.9562462096485208,-27.383308660323223
2016-02-24 12:00:00,18.0,79,0.2,27.4,2,-0.9562462096485208,-27.383308660323223
2016-02-24 13:00:00,18.7,78,0.4,30.2,1,-0.5270626744059617,-30.195400393723016
2016-02-24 14:00:00,18.1,78,0.3,29.5,2,-1.0295351527237724,-29.482029397063325
2016-02-24 15:00:00,16.4,80,0.2,28.9,4,-2.015962091205229,-28.829601052508917
2016-02-24 16:00:00,16.0,82,0.3,27.8,4,-1.939229970086691,-27.732280597223113
2016-02-24 17:00:00,15.5,82,0.3,26.7,4,-1.862497848968153,-26.634960141937306
2016-02-24 18:00:00,15.2,83,0.2,26.0,5,-2.2660493114391143,-25.901062150385386
2016-02-24 19:00:00,14.7,88,0.7000000000000001,24.9,2,-0.868997467892269,-24.884831592775484
2016-02-24 20:00:00,14.4,86,0.0,25.6,1,-0.44678160479445755,-25.596100996003617
2016-02-24 21:00:00,14.5,84,0.0,25.2,2,-0.8794673169030192,-25.184648840881213
2016-02-24 22:00:00,14.5,83,0.0,23.1,4,-1.611374543489301,-23.04372956100194
2016-02-24 23:00:00,14.6,82,0.0,21.7,5,-1.891279617624184,-21.617424948590877
2016-02-25 00:00:00,14.4,83,0.0,20.3,6,-2.1219278043333634,-20.18879447597595
2016-02-25 01:00:00,14.1,84,0.0,18.5,7,-2.2545828529952225,-18.36210380536446
2016-02-25 02:00:00,13.8,87,0.2,17.8,7,-2.16927431261162,-17.667321499215532
2016-02-25 03:00:00,14.3,90,0.1,17.4,7,-2.120526575249561,-17.270303038559003
2016-02-25 04:00:00,14.3,91,0.0,17.8,8,-2.4772811970891717,-17.62677162359995
2016-02-25 05:00:00,14.3,92,0.1,17.1,8,-2.3798600264171257,-16.933583975480854
2016-02-25 06:00:00,14.5,92,0.1,18.2,8,-2.532950437473198,-18.02287885109658
2016-02-25 07:00:00,14.5,93,0.0,18.5,8,-2.5747023677612177,-18.31995927171905
2016-02-25 08:00:00,15.5,89,0.0,19.5,5,-1.699536983579336,-19.42579661278904
2016-02-25 09:00:00,16.2,87,0.1,19.6,6,-2.048757880046006,-19.49262914921816
2016-02-25 10:00:00,16.7,86,0.2,19.9,5,-1.734399280678399,-19.824274492025737
2016-02-25 11:00:00,17.2,86,0.2,18.8,7,-2.291143656016767,-18.659867650856857
2016-02-25 12:00:00,17.8,84,0.0,18.1,5,-1.5775189437326145,-18.031124035460596
2016-02-25 13:00:00,17.8,85,0.1,18.7,1,-0.3263600003772014,-18.697151899424515
2016-02-25 14:00:00,18.0,85,0.1,20.9,360,1.279755905108984e-15,-20.9
2016-02-25 15:00:00,16.7,86,0.2,22.3,3,-1.167091824217658,-22.269438625026996
2016-02-25 16:00:00,16.3,87,0.0,20.6,6,-2.1532863433136593,-20.487151044586433
2016-02-25 17:00:00,16.2,86,0.0,18.1,7,-2.205835115633164,-17.96508534470793
2016-02-25 18:00:00,15.9,87,0.0,16.7,6,-1.7456253365698111,-16.608515652650166
2016-02-25 19:00:00,15.6,87,0.0,17.0,5,-1.4816476267101901,-16.935309867559674
2016-02-25 20:00:00,15.4,87,0.0,16.9,2,-0.5898014942722628,-16.889704976622717
2016-02-25 21:00:00,15.0,88,0.0,17.6,1,-0.30716235329618957,-17.59731943475249
2016-02-25 22:00:00,14.9,89,0.0,17.3,4,-1.2067869957733726,-17.257858069494958
2016-02-25 23:00:00,14.4,91,0.0,15.5,4,-1.0812253430339465,-15.462242779027275
2016-02-26 00:00:00,14.2,92,0.0,14.1,3,-0.7379369830255147,-14.080676440039491
2016-02-26 01:00:00,14.0,92,0.0,13.0,3,-0.680367431158276,-12.98218395180946
2016-02-26 02:00:00,14.3,92,0.0,13.3,360,8.143901214329899e-16,-13.3
2016-02-26 03:00:00,14.6,90,0.0,14.4,1,-0.25131465269688236,-14.397806810252035
2016-02-26 04:00:00,14.7,90,0.0,16.6,4,-1.1579574641524848,-16.55956323431308
2016-02-26 05:00:00,14.8,90,0.0,18.4,3,-0.9629815948701752,-18.37478343948416
2016-02-26 06:00:00,14.6,91,0.1,19.9,5,-1.734399280678399,-19.824274492025737
2016-02-26 07:00:00,14.5,91,0.0,20.2,5,-1.7605460035026965,-20.12313290145326
2016-02-26 08:00:00,15.0,89,0.0,20.2,5,-1.7605460035026965,-20.12313290145326
2016-02-26 09:00:00,15.7,87,0.0,20.9,3,-1.0938214854775359,-20.871357276370592
2016-02-26 10:00:00,16.7,83,0.0,21.6,3,-1.1304566548475972,-21.570397950698798
2016-02-26 11:00:00,17.2,81,0.0,21.3,3,-1.1147558679747138,-21.270809090272422
2016-02-26 12:00:00,17.6,80,0.0,20.9,2,-0.7293994810822658,-20.8872682846991
2016-02-26 13:00:00,17.6,80,0.0,20.2,2,-0.7049698333905153,-20.187694705785734
2016-02-26 14:00:00,17.7,80,0.0,19.4,1,-0.33857668488329984,-19.39704528603399
2016-02-26 15:00:00,18.3,82,0.0,18.7,358,0.6526205883367702,-18.68860846525709
2016-02-26 16:00:00,18.1,82,0.0,18.0,357,0.9420472123729914,-17.975331625582328
2016-02-26 17:00:00,17.4,83,0.0,17.0,356,1.185860053650129,-16.958588854417012
2016-02-26 18:00:00,16.2,87,0.0,15.8,1,-0.27574802170907925,-15.797593583470983
2016-02-26 19:00:00,15.6,89,0.0,17.7,4,-1.2346895852710227,-17.65688368959889
2016-02-26 20:00:00,15.3,89,0.0,17.3,5,-1.5077943495344879,-17.234168276987198
2016-02-26 21:00:00,15.1,90,0.0,13.7,5,-1.194033675642918,-13.647867363856914
2016-02-26 22:00:00,14.4,93,0.0,11.9,358,0.41530401075976286,-11.89275084152724
2016-02-26 23:00:00,14.1,95,0.0,12.0,351,1.877213580482771,-11.852260087141653
2016-02-27 00:00:00,14.1,95,0.0,11.2,356,0.7812725059342026,-11.17271736291003
2016-02-27 01:00:00,14.0,94,0.0,9.8,8,-1.363896389408645,-9.704627073667389
2016-02-27 02:00:00,14.0,94,0.0,11.2,4,-0.7812725059342065,-11.17271736291003
2016-02-27 03:00:00,13.8,94,0.0,15.5,355,1.3509140125887011,-15.441017820422056
2016-02-27 04:00:00,13.9,95,0.0,18.0,358,0.6281909406450195,-17.989034886343724
2016-02-27 05:00:00,13.7,96,0.0,18.0,1,-0.31414331587110295,-17.997258512815044
2016-02-27 06:00:00,13.8,96,0.0,18.1,6,-1.891965185144526,-18.00084630616575
2016-02-27 07:00:00,13.8,95,0.0,17.3,4,-1.2067869957733726,-17.257858069494958
2016-02-27 08:00:00,15.2,93,0.0,18.7,360,1.1450447572027753e-15,-18.7
2016-02-27 09:00:00,16.7,87,0.0,20.2,359,0.3525386100331287,-20.196923442159104
2016-02-27 10:00:00,17.5,84,0.0,20.5,1,-0.3577743319643117,-20.49687775070602
2016-02-27 11:00:00,18.5,80,0.0,20.2,3,-1.057186316107475,-20.17231660204239
2016-02-27 12:00:00,18.9,79,0.0,17.7,5,-1.542656646633551,-17.632646156223895
2016-02-27 13:00:00,19.2,78,0.0,16.9,2,-0.5898014942722628,-16.889704976622717
2016-02-27 14:00:00,19.1,78,0.0,18.7,359,0.32636000037720325,-18.697151899424515
2016-02-27 15:00:00,17.9,81,0.0,19.8,1,-0.34555764745821327,-19.79698436409655
2016-02-27 16:00:00,17.7,81,0.0,20.2,1,-0.35253861003312664,-20.196923442159104
2016-02-27 17:00:00,17.0,82,0.0,20.2,358,0.7049698333905218,-20.187694705785734
2016-02-27 18:00:00,15.8,86,0.0,19.1,2,-0.6665803870177646,-19.08836479606473
2016-02-27 19:00:00,15.1,88,0.0,19.8,359,0.34555764745821527,-19.79698436409655
2016-02-27 20:00:00,14.6,89,0.0,20.2,359,0.3525386100331287,-20.196923442159104
2016-02-27 21:00:00,14.1,91,0.0,18.7,2,-0.6526205883367642,-18.68860846525709
2016-02-27 22:00:00,13.7,92,0.0,16.2,3,-0.8478424911356978,-16.177798463024097
2016-02-27 23:00:00,13.0,93,0.0,15.1,360,9.246083333562517e-16,-15.1
2016-02-28 00:00:00,13.1,91,0.0,15.5,360,9.491012693391988e-16,-15.5
2016-02-28 01:00:00,13.3,90,0.0,15.9,3,-0.8321417042628145,-15.878209602597725
2016-02-28 02:00:00,13.9,88,0.0,14.5,6,-1.5156627173809738,-14.420567482839964
2016-02-28 03:00:00,14.0,87,0.0,14.1,6,-1.4738513320739124,-14.022758724692654
2016-02-28 04:00:00,13.6,88,0.0,14.8,4,-1.0323958114130587,-14.763947943845398
2016-02-28 05:00:00,13.9,87,0.0,14.5,6,-1.5156627173809738,-14.420567482839964
2016-02-28 06:00:00,14.6,84,0.0,14.2,9,-2.2213694035712805,-14.025174436450953
2016-02-28 07:00:00,14.8,83,0.0,14.1,6,-1.4738513320739124,-14.022758724692654
2016-02-28 08:00:00,16.1,86,0.0,15.8,1,-0.27574802170907925,-15.797593583470983
2016-02-28 09:00:00,18.3,79,0.0,16.6,4,-1.1579574641524848,-16.55956323431308
2016-02-28 10:00:00,19.6,76,0.0,15.9,3,-0.8321417042628145,-15.878209602597725
2016-02-28 11:00:00,20.7,73,0.0,15.5,360,9.491012693391988e-16,-15.5
2016-02-28 12:00:00,21.4,72,0.0,16.2,357,0.8478424911356922,-16.177798463024097
2016-02-28 13:00:00,21.5,72,0.0,16.9,358,0.5898014942722682,-16.889704976622717
2016-02-28 14:00:00,21.5,73,0.0,18.0,357,0.9420472123729914,-17.975331625582328
2016-02-28 15:00:00,21.9,73,0.0,18.0,358,0.6281909406450195,-17.989034886343724
2016-02-28 16:00:00,21.3,75,0.0,16.6,360,1.0164568432923032e-15,-16.6
2016-02-28 17:00:00,20.2,79,0.0,14.0,359,0.24433369012197037,-13.997867732189478
2016-02-28 18:00:00,18.7,85,0.0,11.6,355,1.0110066158728344,-11.555858497864248
2016-02-28 19:00:00,17.4,91,0.0,11.2,358,0.3908743630680121,-11.193177262613872
2016-02-28 20:00:00,16.4,94,0.0,10.4,2,-0.36295476570600793,-10.393664600998596
2016-02-28 21:00:00,16.3,91,0.0,10.1,6,-1.055737479003299,-10.044671143219562
2016-02-28 22:00:00,16.2,91,0.0,9.9,10,-1.7191169589026103,-9.74959675482086
2016-02-28 23:00:00,15.4,92,0.0,10.5,8,-1.4613175600806911,-10.397814721786487
2016-02-29 00:00:00,14.8,93,0.0,10.6,10,-1.8406706832694615,-10.438962181929405
2016-02-29 01:00:00,14.5,93,0.0,12.0,9,-1.8772135804827723,-11.852260087141651
2016-02-29 02:00:00,14.1,94,0.0,12.5,18,-3.8627124296868445,-11.888206453689419
2016-02-29 03:00:00,13.4,93,0.0,11.9,29,-5.7692344809314084,-10.407974514958813
2016-02-29 04:00:00,13.4,91,0.0,13.4,27,-6.083472696509928,-11.93948742412413
2016-02-29 05:00:00,12.9,90,0.0,14.4,13,-3.23929518255166,-14.030928932907386
2016-02-29 06:00:00,12.4,91,0.0,18.9,8,-2.6303716081452437,-18.716066499215675
2016-02-29 07:00:00,12.5,91,0.0,22.1,7,-2.6933124892537528,-21.93526995127322
2016-02-29 08:00:00,16.2,85,0.0,24.2,5,-2.1091689744933295,-24.107911693820242
2016-02-29 09:00:00,18.3,76,0.0,26.0,6,-2.7177400449589872,-25.85756927957511
2016-02-29 10:00:00,19.6,71,0.0,27.5,5,-2.396782925560602,-27.395354197523
2016-02-29 11:00:00,20.5,67,0.0,29.6,5,-2.579809985330684,-29.48736306351567
2016-02-29 12:00:00,20.8,64,0.0,31.0,4,-2.162450686067893,-30.92448555805455
2016-02-29 13:00:00,20.6,63,0.0,32.5,4,-2.2670853966840814,-32.42083163344429
2016-02-29 14:00:00,20.4,61,0.0,33.3,6,-3.4807978268128568,-33.117579115763505
2016-02-29 15:00:00,20.2,61,0.0,33.3,6,-3.4807978268128568,-33.117579115763505
2016-02-29 16:00:00,19.0,64,0.0,32.2,5,-2.806414916474596,-32.07746927855421
2016-02-29 17:00:00,17.7,68,0.0,30.4,5,-2.6495345795288108,-30.284318821989064
2016-02-29 18:00:00,16.2,69,0.0,28.9,5,-2.518800965407323,-28.790026774851444
2016-02-29 19:00:00,15.1,70,0.0,26.8,5,-2.3357739056372413,-26.69801790885878
2016-02-29 20:00:00,14.3,72,0.0,24.9,3,-1.303165310449313,-24.86587541538889
2016-02-29 21:00:00,13.5,74,0.0,24.5,3,-1.2822309279521356,-24.466423601487058
2016-02-29 22:00:00,12.5,79,0.0,23.1,3,-1.2089605892120137,-23.068342252830657
2016-02-29 23:00:00,11.8,80,0.0,21.3,3,-1.1147558679747138,-21.270809090272422
2016-03-01 00:00:00,12.1,78,0.0,19.5,4,-1.3602512380104488,-19.452498980066572
2016-03-01 01:00:00,12.1,78,0.0,18.1,5,-1.5775189437326145,-18.031124035460596
2016-03-01 02:00:00,12.2,78,0.0,17.0,6,-1.776983875550107,-16.90687222126065
2016-03-01 03:00:00,12.6,73,0.0,17.3,5,-1.5077943495344879,-17.234168276987198
2016-03-01 04:00:00,12.4,74,0.0,17.7,5,-1.542656646633551,-17.632646156223895
2016-03-01 05:00:00,12.3,74,0.0,18.1,5,-1.5775189437326145,-18.031124035460596
2016-03-01 06:00:00,12.4,73,0.0,17.5,8,-2.435529266801152,-17.32969120297748
2016-03-01 07:00:00,12.4,74,0.0,15.5,12,-3.2226312076752768,-15.161287811373986
2016-03-01 08:00:00,13.2,85,0.0,14.5,7,-1.767105479374634,-14.39191919879917
2016-03-01 09:00:00,16.0,69,0.0,15.9,4,-1.1091279325315968,-15.861268399131205
2016-03-01 10:00:00,17.3,65,0.0,16.9,2,-0.5898014942722628,-16.889704976622717
2016-03-01 11:00:00,18.4,63,0.0,18.4,1,-0.3211242784460163,-18.3971975908776
2016-03-01 12:00:00,19.0,63,0.0,19.1,1,-0.33334096295211485,-19.097090977487074
2016-03-01 13:00:00,19.2,63,0.0,19.8,360,1.2124003311558797e-15,-19.8
2016-03-01 14:00:00,19.1,63,0.0,20.2,1,-0.35253861003312664,-20.196923442159104
2016-03-01 15:00:00,19.2,60,0.0,20.5,2,-0.7154396824012657,-20.487511953891463
2016-03-01 16:00:00,18.4,63,0.0,19.8,3,-1.0362519336102973,-19.772864788140563
2016-03-01 17:00:00,17.3,68,0.0,16.9,2,-0.5898014942722628,-16.889704976622717
2016-03-01 18:00:00,15.9,72,0.0,13.4,6,-1.400681407786555,-13.326593397934865
2016-03-01 19:00:00,14.8,78,0.0,12.7,7,-1.547740661245369,-12.60533612584479
2016-03-01 20:00:00,13.9,82,0.0,12.4,8,-1.7257464519048162,-12.279324052395472
2016-03-01 21:00:00,14.2,79,0.0,11.9,3,-0.6227978792910372,-11.88369146357943
2016-03-01 22:00:00,14.3,78,0.0,11.9,2,-0.4153040107597591,-11.89275084152724
2016-03-01 23:00:00,14.1,80,0.0,12.2,358,0.42577385977051313,-12.192568089632967
2016-03-02 00:00:00,14.0,81,0.0,11.2,358,0.3908743630680121,-11.193177262613872
2016-03-02 01:00:00,13.9,82,0.0,11.2,360,6.858022075225178e-16,-11.2
2016-03-02 02:00:00,13.7,83,0.0,10.5,4,-0.7324429743133186,-10.474422527728153
2016-03-02 03:00:00,13.7,83,0.0,10.1,4,-0.7045403848156684,-10.075396907624224
2016-03-02 04:00:00,13.4,85,0.0,10.1,2,-0.35248491669525767,-10.093847352892867
2016-03-02 05:00:00,12.7,87,0.0,10.1,4,-0.7045403848156684,-10.075396907624224
2016-03-02 06:00:00,12.8,87,0.0,10.2,8,-1.4195656297926713,-10.100734301164016
2016-03-02 07:00:00,12.9,87,0.0,7.7,11,-1.4692292643993936,-7.558529312547013
2016-03-02 08:00:00,14.9,88,0.0,7.2,6,-0.7526049355271042,-7.160557646651569
2016-03-02 09:00:00,16.8,76,0.0,7.2,360,4.4087284769304716e-16,-7.2
2016-03-02 10:00:00,18.0,73,0.0,6.7,344,1.8467702839738944,-6.440453362786736
2016-03-02 11:00:00,19.0,72,0.0,7.7,332,3.61493103345136,-6.798696465013737
2016-03-02 12:00:00,19.6,71,0.0,10.2,328,5.40517649517869,-8.650090580795544
2016-03-02 13:00:00,19.7,70,0.0,12.3,328,6.518006950068421,-10.43099158272404
2016-03-02 14:00:00,19.6,69,0.0,12.9,333,5.856477446640154,-11.493984162029944
2016-03-02 15:00:00,19.4,66,0.0,12.1,337,4.727846654720212,-11.138108726774528
2016-03-02 16:00:00,18.8,67,0.0,11.2,339,4.013721034907364,-10.45610077676866
2016-03-02 17:00:00,18.1,69,0.0,9.0,344,2.4807362023529924,-8.65135526344487
2016-03-02 18:00:00,17.0,75,0.0,8.2,345,2.12231616984067,-7.92059177557036
2016-03-02 19:00:00,15.5,88,0.0,8.8,348,1.8296228791962834,-8.60769888645749
2016-03-02 20:00:00,15.7,80,0.0,6.9,351,1.0793978087775935,-6.815049550106451
2016-03-02 21:00:00,15.5,81,0.0,4.2,340,1.436484601967809,-3.9467090073008153
2016-03-02 22:00:00,15.3,81,0.0,2.7,337,1.0549740469210391,-2.485363104321589
2016-03-02 23:00:00,15.1,82,0.0,2.3,309,1.7874357113510329,-1.4474368994146258
2016-03-03 00:00:00,15.0,83,0.0,1.8,323,1.0832670416736871,-1.437543918085127
2016-03-03 01:00:00,14.9,83,0.0,2.1,329,1.0815799573111138,-1.800051331474436
2016-03-03 02:00:00,14.6,84,0.0,2.6,326,1.4539015490239418,-2.1554976886431088
2016-03-03 03:00:00,14.8,85,0.0,2.6,326,1.4539015490239418,-2.1554976886431088
2016-03-03 04:00:00,14.6,86,0.0,3.7,331,1.7937955949114475,-3.2360929164157644
2016-03-03 05:00:00,13.8,90,0.0,4.6,342,1.4214781741247582,-4.3748599749577055
2016-03-03 06:00:00,13.4,92,0.0,5.8,356,0.40458754771592637,-5.78587149150698
2016-03-03 07:00:00,13.3,91,0.0,4.7,23,-1.836436303899587,-4.326372811226469
2016-03-03 08:00:00,14.6,93,0.0,4.6,18,-1.4214781741247586,-4.3748599749577055
2016-03-03 09:00:00,17.2,76,0.0,4.5,346,1.0886485301985045,-4.366330768241984
2016-03-03 10:00:00,18.7,68,0.0,4.4,325,2.5237363199446032,-3.604268994871564
2016-03-03 11:00:00,19.9,61,0.0,6.6,311,4.981083229470295,-4.329989591337347
2016-03-03 12:00:00,20.6,57,0.0,9.4,317,6.410784584587486,-6.874724795220202
2016-03-03 13:00:00,20.7,57,0.0,11.2,320,7.1992212284892405,-8.579697762932554
2016-03-03 14:00:00,20.7,58,0.0,12.2,326,6.822153422343111,-10.114258385171508
2016-03-03 15:00:00,20.4,62,0.0,11.6,334,5.085105302753298,-10.426010937070338
2016-03-03 16:00:00,19.9,63,0.0,10.6,342,3.275580140374443,-10.081199072728626
2016-03-03 17:00:00,19.0,68,0.0,9.1,353,1.1090110249868421,-9.032169979936029
2016-03-03 18:00:00,17.7,74,0.0,9.1,7,-1.1090110249868392,-9.03216997993603
2016-03-03 19:00:00,16.1,83,0.0,8.9,27,-4.040515447681968,-7.929958065276474
2016-03-03 20:00:00,15.1,87,0.0,7.6,31,-3.914289369316414,-6.514471485336052
2016-03-03 21:00:00,15.1,84,0.0,6.4,38,-3.940233442084212,-5.043268823083022
2016-03-03 22:00:00,15.3,83,0.0,5.9,52,-4.64926344627966,-3.6324027044213834
2016-03-03 23:00:00,15.1,82,0.0,5.5,58,-4.664264528860343,-2.914555953282626
2016-03-04 00:00:00,14.3,84,0.0,5.9,52,-4.64926344627966,-3.6324027044213834
2016-03-04 01:00:00,14.3,82,0.0,5.5,32,-2.9145559532826275,-4.664264528860342
2016-03-04 02:00:00,13.3,85,0.0,6.4,43,-4.364789504399991,-4.6806636903626915
2016-03-04 03:00:00,14.1,85,0.0,7.1,45,-5.020458146424488,-5.020458146424486
2016-03-04 04:00:00,14.4,84,0.0,7.0,35,-4.015035054457325,-5.734064310022941
2016-03-04 05:00:00,14.1,84,0.0,7.8,22,-2.921931428644116,-7.232034065620941
2016-03-04 06:00:00,14.2,83,0.0,9.2,21,-3.296985135816766,-8.588939923774255
2016-03-04 07:00:00,14.5,81,0.0,9.5,29,-4.6056913923402,-8.308887217824262
2016-03-04 08:00:00,16.4,83,0.0,10.4,14,-2.515987714236545,-10.091075553270363
2016-03-04 09:00:00,19.3,70,0.0,10.8,360,6.613092715395707e-16,-10.8
2016-03-04 10:00:00,20.5,67,0.0,10.8,4,-0.7533699164365563,-10.773691742806102
2016-03-04 11:00:00,22.0,62,0.0,11.2,358,0.3908743630680121,-11.193177262613872
2016-03-04 12:00:00,22.9,60,0.0,12.0,353,1.4624321208617699,-11.910553819695863
2016-03-04 13:00:00,23.4,59,0.0,12.3,357,0.6437322617882109,-12.283143277481258
2016-03-04 14:00:00,23.3,60,0.0,12.6,360,7.715274834628325e-16,-12.6
2016-03-04 15:00:00,22.9,62,0.0,12.6,2,-0.4397336584515096,-12.592324420440606
2016-03-04 16:00:00,22.1,67,0.0,11.9,360,7.286648454926752e-16,-11.9
2016-03-04 17:00:00,21.1,73,0.0,11.2,4,-0.7812725059342065,-11.17271736291003
2016-03-04 18:00:00,20.0,77,0.0,10.9,8,-1.5169868004647176,-10.793921949283115
2016-03-04 19:00:00,18.8,84,0.0,10.4,20,-3.557009490586953,-9.772803256173448
2016-03-04 20:00:00,18.2,84,0.0,10.1,27,-4.585304047369424,-8.999165894302514
2016-03-04 21:00:00,18.0,82,0.0,10.2,23,-3.9854575105905927,-9.38914950521489
2016-03-04 22:00:00,17.4,83,0.0,10.2,23,-3.9854575105905927,-9.38914950521489
2016-03-04 23:00:00,16.7,84,0.0,9.8,24,-3.986019102142841,-8.95274548489749
2016-03-05 00:00:00,16.4,84,0.0,10.1,27,-4.585304047369424,-8.999165894302514
2016-03-05 01:00:00,16.4,82,0.0,10.0,26,-4.383711467890778,-8.987940462991668
2016-03-05 02:00:00,15.8,83,0.0,9.7,31,-4.9958693266275285,-8.314522816810486
2016-03-05 03:00:00,15.4,83,0.0,9.5,29,-4.6056913923402,-8.308887217824262
2016-03-05 04:00:00,15.1,82,0.0,10.7,20,-3.6596155335846534,-10.05471104240922
2016-03-05 05:00:00,15.3,81,0.0,12.0,16,-3.3076482698039866,-11.535140351259829
2016-03-05 06:00:00,15.2,81,0.0,12.1,27,-5.493285046848517,-10.781178942679249
2016-03-05 07:00:00,14.8,83,0.0,8.9,32,-4.716281451675525,-7.547628055792192
2016-03-05 08:00:00,18.1,85,0.0,8.9,32,-4.716281451675525,-7.547628055792192
2016-03-05 09:00:00,21.4,73,0.0,9.4,18,-2.904759747124507,-8.939931253174443
2016-03-05 10:00:00,23.0,69,0.0,10.1,6,-1.055737479003299,-10.044671143219562
2016-03-05 11:00:00,24.2,65,0.0,12.2,358,0.42577385977051313,-12.192568089632967
2016-03-05 12:00:00,24.7,64,0.0,14.5,354,1.5156627173809751,-14.420567482839962
2016-03-05 13:00:00,24.7,64,0.0,15.2,353,1.8524140197582417,-15.086701504948094
2016-03-05 14:00:00,24.2,66,0.0,15.2,355,1.3247672897644036,-15.142159410994532
2016-03-05 15:00:00,23.9,68,0.0,13.8,354,1.4424927930936178,-13.724402156082173
2016-03-05 16:00:00,23.0,73,0.0,11.4,349,2.175222547292612,-11.19054989130337
2016-03-05 17:00:00,22.1,79,0.0,9.5,349,1.8126854560771768,-9.325458242752807
2016-03-05 18:00:00,20.7,85,0.0,9.4,2,-0.3280552690035072,-9.394273773979501
2016-03-05 19:00:00,19.9,89,0.0,7.1,24,-2.8878301658381806,-6.486172749262467
2016-03-05 20:00:00,19.5,89,0.0,6.4,43,-4.364789504399991,-4.6806636903626915
2016-03-05 21:00:00,19.1,89,0.0,6.6,13,-1.4846769586695105,-6.430842427582552
2016-03-05 22:00:00,18.6,89,0.0,7.2,27,-3.268731598124738,-6.415246974156248
2016-03-05 23:00:00,18.1,89,0.0,5.9,43,-4.023790324368742,-4.314986839553106
2016-03-06 00:00:00,17.8,88,0.0,4.8,48,-3.5670951622914924,-3.2118269105225195
2016-03-06 01:00:00,17.4,88,0.0,3.8,49,-2.867896404846534,-2.4930243101639267
2016-03-06 02:00:00,18.1,84,0.0,3.1,36,-1.822134282106667,-2.507952682562337
2016-03-06 03:00:00,18.7,77,0.0,4.1,15,-1.0611580849203346,-3.96029588778518
2016-03-06 04:00:00,18.5,77,0.0,6.5,3,-0.340183715579138,-6.49109197590473
2016-03-06 05:00:00,17.5,80,0.0,8.8,9,-1.3766232923540331,-8.691657397237211
2016-03-06 06:00:00,16.3,83,0.0,9.4,18,-2.904759747124507,-8.939931253174443
2016-03-06 07:00:00,16.3,85,0.0,9.1,7,-1.1090110249868392,-9.03216997993603
2016-03-06 08:00:00,18.4,86,0.0,9.8,6,-1.024378940023003,-9.74631457460908
2016-03-06 09:00:00,20.7,79,0.0,9.8,6,-1.024378940023003,-9.74631457460908
2016-03-06 10:00:00,22.4,75,0.0,10.1,4,-0.7045403848156684,-10.075396907624224
2016-03-06 11:00:00,23.7,71,0.0,12.3,353,1.4989929238833142,-12.208317665188261
2016-03-06 12:00:00,24.1,69,0.0,13.5,351,2.1118652780431173,-13.33379259803436
2016-03-06 13:00:00,24.5,67,0.0,13.0,355,1.1330246557195558,-12.950531075192693
2016-03-06 14:00:00,24.3,65,0.0,10.4,358,0.36295476570601126,-10.393664600998596
2016-03-06 15:00:00,24.4,67,0.0,8.6,360,5.265981236333618e-16,-8.6
2016-03-06 16:00:00,24.2,67,0.0,8.4,350,1.4586446924022156,-8.272385125302547
2016-03-06 17:00:00,23.3,72,0.0,10.3,348,2.1414904154229224,-10.074920287558198
2016-03-06 18:00:00,21.5,80,0.0,10.8,356,0.7533699164365526,-10.773691742806102
2016-03-06 19:00:00,19.8,88,0.0,11.3,7,-1.3771235804781632,-11.21577151354694
2016-03-06 20:00:00,18.5,92,0.0,10.0,21,-3.583679495453007,-9.335804264972015
2016-03-06 21:00:00,17.4,92,0.0,10.6,28,-4.976398565530442,-9.359244484304625
2016-03-06 22:00:00,17.4,89,0.0,10.0,21,-3.583679495453007,-9.335804264972015
2016-03-06 23:00:00,17.4,87,0.0,10.6,10,-1.8406706832694615,-10.438962181929405
2016-03-07 00:00:00,17.1,87,0.0,12.0,7,-1.462432120861766,-11.910553819695865
2016-03-07 01:00:00,16.7,88,0.0,12.5,12,-2.5988961352219975,-12.22684500917257
2016-03-07 02:00:00,16.5,87,0.0,12.7,15,-3.2870018728020116,-12.267257993871167
2016-03-07 03:00:00,17.4,80,0.0,12.5,18,-3.8627124296868445,-11.888206453689419
2016-03-07 04:00:00,17.2,80,0.0,12.9,23,-5.040431557511632,-11.87451260953648
2016-03-07 05:00:00,16.8,80,0.0,12.6,24,-5.124881702755081,-11.510672766296771
2016-03-07 06:00:00,16.7,79,0.0,12.9,23,-5.040431557511632,-11.87451260953648
2016-03-07 07:00:00,17.2,77,0.0,9.6,20,-3.283393375926418,-9.02104915954472
2016-03-07 08:00:00,18.8,84,0.0,9.9,10,-1.7191169589026103,-9.74959675482086
2016-03-07 09:00:00,21.4,73,0.0,9.4,7,-1.1455718280083835,-9.329933825428428
2016-03-07 10:00:00,22.8,70,0.0,9.0,358,0.31409547032250973,-8.994517443171862
2016-03-07 11:00:00,24.0,67,0.0,8.6,345,2.2258437878816784,-8.306962106085987
2016-03-07 12:00:00,24.7,67,0.0,9.0,337,3.5165801564034633,-8.284543681071963
2016-03-07 13:00:00,24.7,69,0.0,10.6,332,4.976398565530443,-9.359244484304625
2016-03-07 14:00:00,24.7,70,0.0,11.9,335,5.029157314714324,-10.785062665736135
2016-03-07 15:00:00,24.0,73,0.0,11.3,338,4.233054505599806,-10.4771775566047
2016-03-07 16:00:00,23.4,76,0.0,9.6,340,3.2833933759264204,-9.02104915954472
2016-03-07 17:00:00,22.6,79,0.0,8.5,348,1.7672493719509554,-8.314254606237347
2016-03-07 18:00:00,21.4,85,0.0,7.3,340,2.4967470462773824,-6.8597561317371305
2016-03-07 19:00:00,19.8,92,0.0,7.2,354,0.752604935527105,-7.160557646651568
2016-03-07 20:00:00,18.7,96,0.0,7.6,31,-3.914289369316414,-6.514471485336052
2016-03-07 21:00:00,18.4,94,0.0,4.9,54,-3.964183272437243,-2.880147736233118
2016-03-07 22:00:00,18.9,91,0.0,2.8,40,-1.7998053071223103,-2.144924440733138
2016-03-07 23:00:00,18.6,90,0.0,3.6,354,0.3763024677635525,-3.580278823325784
2016-03-08 00:00:00,17.7,90,0.0,4.0,355,0.34862297099063255,-3.984778792366982
2016-03-08 01:00:00,17.9,87,0.0,3.8,17,-1.111012477946401,-3.633958072659534
2016-03-08 02:00:00,17.4,87,0.0,4.2,59,-3.600102662948872,-2.1631599146222276
2016-03-08 03:00:00,17.9,83,0.0,3.4,58,-2.8833635269318485,-1.8017254983928963
2016-03-08 04:00:00,19.0,79,0.0,2.8,50,-2.1449244407331385,-1.7998053071223097
2016-03-08 05:00:00,19.0,78,0.0,3.3,13,-0.7423384793347553,-3.215421213791276
2016-03-08 06:00:00,18.6,79,0.0,4.3,48,-3.195522749552795,-2.8772616073430903
2016-03-08 07:00:00,18.7,78,0.0,4.6,45,-3.2526911934581193,-3.252691193458118
2016-03-08 08:00:00,19.8,86,0.0,3.7,11,-0.7059932828932151,-3.632020578756357
2016-03-08 09:00:00,21.9,79,0.0,3.9,326,2.1808523235359125,-3.233246532964663
2016-03-08 10:00:00,23.1,76,0.0,4.5,284,4.366330768241984,-1.0886485301985047
2016-03-08 11:00:00,24.1,74,0.0,5.8,263,5.756767679519667,0.7068421917498553
2016-03-08 12:00:00,24.5,73,0.2,6.9,242,6.092338390726597,3.2393537832226467
2016-03-08 13:00:00,25.4,68,0.0,7.8,236,6.466493065929325,4.361704647071826
2016-03-08 14:00:00,25.7,68,0.0,7.5,253,7.172285669722766,2.192787785420526
2016-03-08 15:00:00,26.0,67,0.0,8.0,278,7.922144549932563,-1.1133848076805235
2016-03-08 16:00:00,25.8,69,0.0,8.8,289,8.320563465273988,-2.8649997592229792
2016-03-08 17:00:00,24.8,74,0.0,6.8,302,5.766727053863696,-3.603450996785793
2016-03-08 18:00:00,23.7,82,0.0,2.9,300,2.511473670974872,-1.4499999999999997
2016-03-08 19:00:00,22.6,84,0.0,5.2,295,4.7128004925905795,-2.197614961051637
2016-03-08 20:00:00,21.5,87,0.0,5.8,277,5.756767679519667,-0.7068421917498553
2016-03-08 21:00:00,21.1,88,0.0,4.0,190,0.6945927106677217,3.939231012048832
2016-03-08 22:00:00,19.9,91,0.0,7.5,145,-4.301823272632846,6.143640332167438
2016-03-08 23:00:00,19.4,90,0.0,4.2,160,-1.4364846019678086,3.9467090073008158
2016-03-09 00:00:00,19.4,88,0.0,3.6,186,0.3763024677635525,3.580278823325784
2016-03-09 01:00:00,18.1,90,0.0,4.8,167,-1.079765060850552,4.676976310969129
2016-03-09 02:00:00,18.0,87,0.0,5.0,150,-2.499999999999999,4.330127018922194
2016-03-09 03:00:00,16.8,91,0.4,2.6,146,-1.4539015490239415,2.1554976886431088
2016-03-09 04:00:00,16.5,92,0.5,1.8,101,-1.7669289302057951,0.34345619167778096
2016-03-09 05:00:00,16.2,91,1.1,3.7,79,-3.632020578756357,-0.7059932828932155
2016-03-09 06:00:00,16.0,91,0.7000000000000001,7.2,87,-7.190132650232932,-0.3768188849491937
2016-03-09 07:00:00,16.7,91,0.2,8.0,95,-7.969557584733964,0.6972459419812655
2016-03-09 08:00:00,20.5,87,0.0,3.5,66,-3.197409101749103,-1.4235782507653008
2016-03-09 09:00:00,24.1,66,0.0,2.8,320,1.7998053071223101,-2.1449244407331385
2016-03-09 10:00:00,25.4,55,0.0,9.4,356,0.6557108531947772,-9.377102072442348
2016-03-09 11:00:00,24.4,63,0.6,16.8,10,-2.91728938480443,-16.544770250605094
2016-03-09 12:00:00,23.5,70,0.7000000000000001,19.9,5,-1.734399280678399,-19.824274492025737
2016-03-09 13:00:00,22.9,73,0.0,24.2,3,-1.2665301410792522,-24.166834741060686
2016-03-09 14:00:00,22.3,74,0.0,24.2,4,-1.688106664607839,-24.141050016287746
2016-03-09 15:00:00,22.5,71,0.0,24.5,2,-0.8550376692112687,-24.485075261967847
2016-03-09 16:00:00,21.6,73,0.0,24.8,1,-0.43281967964463075,-24.796222839878503
2016-03-09 17:00:00,20.4,76,0.4,23.0,360,1.4083438190194562e-15,-23.0
2016-03-09 18:00:00,18.5,85,2.3,22.0,4,-1.5346424223707626,-21.946409105716132
2016-03-09 19:00:00,17.6,91,1.9,20.1,9,-3.144332747308644,-19.85253564596227
2016-03-09 20:00:00,17.3,92,0.3,18.4,6,-1.9233237241248218,-18.299202874776228
2016-03-09 21:00:00,16.8,92,0.2,20.5,358,0.7154396824012721,-20.487511953891463
2016-03-09 22:00:00,16.3,94,1.1,20.9,358,0.7293994810822725,-20.8872682846991
2016-03-09 23:00:00,16.4,94,1.3,20.9,4,-1.4579103012522245,-20.849088650430325
2016-03-10 00:00:00,16.4,94,1.2,21.9,14,-5.298089513632724,-21.249476405444323
2016-03-10 01:00:00,16.4,94,1.4,20.4,17,-5.964382776343837,-19.508617021645918
2016-03-10 02:00:00,16.4,94,1.4,19.8,10,-3.4382339178052206,-19.49919350964172
2016-03-10 03:00:00,16.3,92,0.9,19.7,9,-3.081758961292551,-19.457460309724212
2016-03-10 04:00:00,16.1,93,0.4,21.0,6,-2.1950977286207207,-20.884959802733743
2016-03-10 05:00:00,15.7,94,0.0,23.9,6,-2.498230272096915,-23.769073299301734
2016-03-10 06:00:00,15.5,93,0.0,25.8,13,-5.803737202071724,-25.13874767145907
2016-03-10 07:00:00,15.7,92,0.0,27.6,8,-3.841177586497817,-27.33139869726734
2016-03-10 08:00:00,16.4,89,0.0,28.5,4,-1.988059501707579,-28.43057543240499
2016-03-10 09:00:00,17.9,83,0.0,27.8,3,-1.4549395835538517,-27.761901066177153
2016-03-10 10:00:00,18.6,80,0.0,26.0,4,-1.8136683173472652,-25.93666530675543
2016-03-10 11:00:00,19.3,77,0.0,24.1,2,-0.8410778705302684,-24.08531893116021
2016-03-10 12:00:00,18.9,77,0.3,24.5,1,-0.4275839577134457,-24.496268531331587
2016-03-10 13:00:00,18.6,81,1.5,25.6,3,-1.3398004798193743,-25.56491608971709
2016-03-10 14:00:00,17.5,85,1.6,27.4,360,1.6777661148318738e-15,-27.4
2016-03-10 15:00:00,14.9,92,1.4,34.6,2,-1.2075225859065264,-34.578922614860716
2016-03-10 16:00:00,13.7,95,1.0,34.0,10,-5.904038040675632,-33.48346360241507
2016-03-10 17:00:00,13.3,94,0.7000000000000001,33.2,4,-2.3159149283049696,-33.11912646862616
2016-03-10 18:00:00,12.6,93,0.5,33.9,4,-2.364744459925857,-33.81742130380804
2016-03-10 19:00:00,12.3,91,0.7000000000000001,30.8,11,-5.876917057597574,-30.234117250188053
2016-03-10 20:00:00,12.5,90,1.4,27.3,8,-3.799425656209797,-27.034318276644868
2016-03-10 21:00:00,12.8,90,0.7000000000000001,29.3,5,-2.5536632625063866,-29.188504654088145
2016-03-10 22:00:00,12.9,89,0.6,30.7,5,-2.6756813023531083,-30.583177231416588
2016-03-10 23:00:00,12.8,90,0.7000000000000001,29.9,2,-1.0434949514047727,-29.881785727870962
2016-03-11 00:00:00,12.6,90,2.0,29.6,3,-1.5491443047911515,-29.559434228735388
2016-03-11 01:00:00,12.5,91,2.9,28.5,4,-1.988059501707579,-28.43057543240499
2016-03-11 02:00:00,12.8,92,2.0,26.3,3,-1.3764356491894354,-26.263956764045293
2016-03-11 03:00:00,12.8,89,1.7000000000000002,28.1,1,-0.4904126208876663,-28.095720233894596
2016-03-11 04:00:00,12.4,90,1.9,28.4,1,-0.49564834281885134,-28.395674542441512
2016-03-11 05:00:00,12.3,90,1.5,28.5,2,-0.9946356560212717,-28.48263857004423
2016-03-11 06:00:00,12.3,91,1.1,25.9,360,1.5859176048958222e-15,-25.9
2016-03-11 07:00:00,12.4,90,1.3,25.6,360,1.5675479029086122e-15,-25.6
2016-03-11 08:00:00,12.9,89,0.6,23.8,3,-1.2455957585820745,-23.76738292715886
2016-03-11 09:00:00,13.6,89,0.8,22.7,3,-1.1880262067148357,-22.668890438928827
2016-03-11 10:00:00,15.2,83,0.8,23.0,1,-0.40140534805752043,-22.996496988597
2016-03-11 11:00:00,15.3,83,1.0,24.5,359,0.42758395771344815,-24.496268531331587
2016-03-11 12:00:00,15.5,82,0.8,25.9,358,0.903896964594778,-25.88422241979458
2016-03-11 13:00:00,15.2,83,0.9,26.6,359,0.46423401123174374,-26.59594869116001
2016-03-11 14:00:00,14.6,87,0.9,25.6,360,1.5675479029086122e-15,-25.6
2016-03-11 15:00:00,14.8,85,0.7000000000000001,25.9,1,-0.45201732672564254,-25.896055304550533
2016-03-11 16:00:00,14.0,88,0.5,25.6,1,-0.44678160479445755,-25.596100996003617
2016-03-11 17:00:00,13.4,91,0.4,23.9,5,-2.083022251669032,-23.809053284392718
2016-03-11 18:00:00,13.0,93,0.7000000000000001,20.6,6,-2.1532863433136593,-20.487151044586433
2016-03-11 19:00:00,13.0,92,0.0,20.2,2,-0.7049698333905153,-20.187694705785734
2016-03-11 20:00:00,13.3,90,0.0,19.5,2,-0.6805401856987648,-19.488121126872368
2016-03-11 21:00:00,13.5,90,0.2,19.1,3,-0.9996167642402364,-19.07382411381236
2016-03-11 22:00:00,13.4,92,0.8,17.3,5,-1.5077943495344879,-17.234168276987198
2016-03-11 23:00:00,13.4,93,0.8,16.2,1,-0.2827289842839927,-16.197532661533536
2016-03-12 00:00:00,13.5,94,0.0,14.4,3,-0.753637769898398,-14.380265300465863
2016-03-12 01:00:00,13.7,94,0.0,14.8,360,9.062386313690414e-16,-14.8
2016-03-12 02:00:00,13.8,94,0.0,14.4,359,0.2513146526968838,-14.397806810252035
2016-03-12 03:00:00,14.1,92,0.5,14.4,360,8.817456953860943e-16,-14.4
2016-03-12 04:00:00,14.0,92,0.3,13.7,2,-0.4781231048242604,-13.691654330161612
2016-03-12 05:00:00,14.0,93,0.2,14.1,3,-0.7379369830255147,-14.080676440039491
2016-03-12 06:00:00,13.8,93,0.2,13.4,5,-1.1678869528186206,-13.34900895442939
2016-03-12 07:00:00,14.2,94,0.2,14.1,354,1.4738513320739137,-14.022758724692652
2016-03-12 08:00:00,15.6,90,0.3,12.2,2,-0.42577385977050924,-12.192568089632967
2016-03-12 09:00:00,16.6,85,0.2,10.8,360,6.613092715395707e-16,-10.8
2016-03-12 10:00:00,17.3,83,0.4,10.1,358,0.3524849166952609,-10.093847352892867
2016-03-12 11:00:00,18.3,80,0.2,9.7,356,0.6766377953180147,-9.676371287520293
2016-03-12 12:00:00,18.7,79,0.2,10.1,354,1.0557374790032998,-10.04467114321956
2016-03-12 13:00:00,19.7,77,0.0,10.2,352,1.4195656297926678,-10.100734301164017
2016-03-12 14:00:00,20.1,76,0.0,10.5,354,1.0975488643103612,-10.44247990136687
2016-03-12 15:00:00,20.2,78,0.2,11.0,349,2.098898949141994,-10.797899017924303
2016-03-12 16:00:00,20.1,78,0.0,14.0,334,6.1371960550470845,-12.583116648188339
2016-03-12 17:00:00,18.6,83,0.2,15.6,341,5.0788632095316455,-14.750089779349342
2016-03-12 18:00:00,17.1,88,0.4,14.2,7,-1.7305446763530898,-14.094155353306773
2016-03-12 19:00:00,16.3,93,0.7000000000000001,13.0,2,-0.4536934571325099,-12.992080751248245
2016-03-12 20:00:00,16.0,95,0.4,11.6,5,-1.0110066158728357,-11.555858497864248
2016-03-12 21:00:00,15.9,95,0.0,12.2,2,-0.42577385977050924,-12.192568089632967
2016-03-12 22:00:00,15.7,95,0.0,12.6,2,-0.4397336584515096,-12.592324420440606
2016-03-12 23:00:00,15.3,96,0.0,13.0,358,0.453693457132514,-12.992080751248245
2016-03-13 00:00:00,15.2,96,0.2,12.3,5,-1.0720156357961965,-12.253194786528471
2016-03-13 01:00:00,15.2,96,0.0,10.1,6,-1.055737479003299,-10.044671143219562
2016-03-13 02:00:00,15.2,94,0.0,9.9,10,-1.7191169589026103,-9.74959675482086
2016-03-13 03:00:00,15.3,91,0.0,10.8,2,-0.37691456438700827,-10.793420931806235
2016-03-13 04:00:00,15.4,90,0.0,10.9,351,1.705135668938517,-10.765802912487002
2016-03-13 05:00:00,15.1,91,0.0,11.3,353,1.3771235804781667,-11.215771513546938
2016-03-13 06:00:00,14.3,94,0.0,11.2,4,-0.7812725059342065,-11.17271736291003
2016-03-13 07:00:00,14.7,95,0.0,11.5,356,0.8021994480574401,-11.471986577987979
2016-03-13 08:00:00,17.3,92,0.0,10.1,360,6.184466335694133e-16,-10.1
2016-03-13 09:00:00,17.9,94,0.6,10.8,360,6.613092715395707e-16,-10.8
2016-03-13 10:00:00,18.6,92,1.3,10.6,10,-1.8406706832694615,-10.438962181929405
2016-03-13 11:00:00,19.5,90,1.7000000000000002,10.2,32,-5.405176495178691,-8.650090580795544
2016-03-13 12:00:00,20.4,89,2.3,5.9,14,-1.42733918403804,-5.7247447850283795
2016-03-13 13:00:00,20.3,91,2.5,6.3,13,-1.417191642366351,-6.1385314081469815
2016-03-13 14:00:00,19.9,94,4.5,8.3,342,2.564841053312064,-7.893769085249775
2016-03-13 15:00:00,21.8,88,1.2,10.7,340,3.659615533584656,-10.054711042409219
2016-03-13 16:00:00,21.3,90,1.2,11.3,353,1.3771235804781667,-11.215771513546938
2016-03-13 17:00:00,20.6,94,3.5,11.9,357,0.6227978792910333,-11.88369146357943
2016-03-13 18:00:00,19.3,98,5.2,14.1,356,0.9835662797921657,-14.06565310866352
2016-03-13 19:00:00,18.8,97,6.1,17.3,358,0.6037612929532687,-17.289461307430358
2016-03-13 20:00:00,18.3,97,6.3,20.5,357,1.0728871029803513,-20.471905462468765
2016-03-13 21:00:00,18.1,97,7.0,24.5,357,1.2822309279521271,-24.466423601487058
2016-03-13 22:00:00,17.5,96,8.8,22.5,7,-2.7420602266158114,-22.332288411929746
2016-03-13 23:00:00,16.7,96,10.3,19.8,10,-3.4382339178052206,-19.49919350964172
2016-03-14 00:00:00,16.2,96,7.6,17.4,13,-3.9141483455832553,-16.95403912726309
2016-03-14 01:00:00,16.3,95,3.8,15.7,11,-2.9957012274117503,-15.411546780128324
2016-03-14 02:00:00,16.5,94,2.9,23.0,360,1.4083438190194562e-15,-23.0
2016-03-14 03:00:00,16.1,93,2.2,28.4,1,-0.49564834281885134,-28.395674542441512
2016-03-14 04:00:00,15.3,94,1.6,26.8,12,-5.572033313915963,-26.21435569966599
2016-03-14 05:00:00,15.3,94,0.8,24.5,14,-5.927086442191861,-23.772245293761912
2016-03-14 06:00:00,15.5,93,0.3,23.9,7,-2.9126773073830172,-23.721853024227595
2016-03-14 07:00:00,15.6,92,0.0,26.8,5,-2.3357739056372413,-26.69801790885878
2016-03-14 08:00:00,16.1,89,0.0,28.8,3,-1.507275539796796,-28.760530600931727
2016-03-14 09:00:00,17.0,83,0.0,32.4,2,-1.1307436931610246,-32.3802627954187
2016-03-14 10:00:00,17.8,80,0.0,32.4,3,-1.6956849822713955,-32.35559692604819
2016-03-14 11:00:00,18.1,77,0.0,32.1,3,-1.6799841953985124,-32.056008065621825
2016-03-14 12:00:00,18.6,74,0.0,31.4,3,-1.6433490260284511,-31.356967391293615
2016-03-14 13:00:00,18.5,74,0.0,29.9,3,-1.5648450916640346,-29.859023089161756
2016-03-14 14:00:00,17.7,74,0.0,28.2,4,-1.9671325595843414,-28.13130621732704
2016-03-14 15:00:00,17.1,76,0.0,27.2,6,-2.8431742008801715,-27.050995554017035
2016-03-14 16:00:00,16.9,77,0.0,25.7,6,-2.6863815059786913,-25.559212710964626
2016-03-14 17:00:00,16.8,77,0.0,23.9,6,-2.498230272096915,-23.769073299301734
2016-03-14 18:00:00,16.2,79,0.0,22.8,6,-2.383248962502497,-22.675099214396635
2016-03-14 19:00:00,16.0,79,0.0,22.3,3,-1.167091824217658,-22.269438625026996
2016-03-14 20:00:00,15.8,80,0.0,20.9,4,-1.4579103012522245,-20.849088650430325
2016-03-14 21:00:00,15.6,83,0.2,18.8,4,-1.311421706389561,-18.754204144884696
2016-03-14 22:00:00,15.4,85,0.2,17.7,4,-1.2346895852710227,-17.65688368959889
2016-03-14 23:00:00,15.4,87,0.4,17.0,6,-1.776983875550107,-16.90687222126065
2016-03-15 00:00:00,15.1,92,0.4,15.6,7,-1.901161757120296,-15.483719965604624
2016-03-15 01:00:00,15.0,94,0.5,15.5,4,-1.0812253430339465,-15.462242779027275
2016-03-15 02:00:00,15.2,94,0.9,15.9,5,-1.3857763096877662,-15.839495699658755
2016-03-15 03:00:00,15.2,91,0.3,16.0,8,-2.2267696153610532,-15.844289099865124
2016-03-15 04:00:00,15.1,92,0.2,16.1,10,-2.7957356604375785,-15.855404823496551
2016-03-15 05:00:00,15.1,93,0.1,15.4,11,-2.938458528798787,-15.117058625094026
2016-03-15 06:00:00,15.0,94,0.2,16.3,8,-2.2685215456490733,-16.141369520487597
2016-03-15 07:00:00,15.2,94,0.2,18.2,9,-2.847107263732205,-17.975927798831506
2016-03-15 08:00:00,15.7,91,0.2,17.6,11,-3.3582383186271856,-17.276638428678886
2016-03-15 09:00:00,16.1,90,0.2,16.3,8,-2.2685215456490733,-16.141369520487597
2016-03-15 10:00:00,16.4,90,0.2,16.3,8,-2.2685215456490733,-16.141369520487597
2016-03-15 11:00:00,16.5,90,0.3,15.2,7,-1.8524140197582368,-15.086701504948095
2016-03-15 12:00:00,16.8,89,0.3,14.8,4,-1.0323958114130587,-14.763947943845398
2016-03-15 13:00:00,16.7,91,0.7000000000000001,15.2,4,-1.0602984009107088,-15.162973563949327
2016-03-15 14:00:00,16.4,94,0.3,13.8,7,-1.681796938991031,-13.697136892650246
2016-03-15 15:00:00,16.6,92,0.3,12.0,7,-1.462432120861766,-11.910553819695865
2016-03-15 16:00:00,16.3,94,0.4,12.0,7,-1.462432120861766,-11.910553819695865
2016-03-15 17:00:00,16.0,95,0.3,12.4,10,-2.1532374030699364,-12.21161613735138
2016-03-15 18:00:00,15.8,95,0.4,14.5,7,-1.767105479374634,-14.39191919879917
2016-03-15 19:00:00,15.7,96,0.4,14.9,7,-1.815853216736693,-14.7889376594557
2016-03-15 20:00:00,15.7,95,0.3,14.4,4,-1.0044932219154084,-14.36492232374147
2016-03-15 21:00:00,15.7,95,0.6,14.4,3,-0.753637769898398,-14.380265300465863
2016-03-15 22:00:00,15.7,95,0.6,14.4,360,8.817456953860943e-16,-14.4
2016-03-15 23:00:00,15.6,95,0.5,15.9,355,1.3857763096877644,-15.839495699658755
2016-03-16 00:00:00,15.5,95,0.6,14.4,1,-0.25131465269688236,-14.397806810252035
2016-03-16 01:00:00,15.5,96,1.1,13.7,2,-0.4781231048242604,-13.691654330161612
2016-03-16 02:00:00,15.5,96,1.3,13.7,3,-0.717002600528337,-13.681224626137661
2016-03-16 03:00:00,15.3,94,0.7000000000000001,13.7,5,-1.194033675642918,-13.647867363856914
2016-03-16 04:00:00,15.3,94,0.6,14.4,4,-1.0044932219154084,-14.36492232374147
2016-03-16 05:00:00,15.3,94,0.4,14.5,6,-1.5156627173809738,-14.420567482839964
2016-03-16 06:00:00,15.4,94,0.2,13.4,14,-3.2417534010355484,-13.001962732098352
2016-03-16 07:00:00,15.6,94,0.9,14.5,6,-1.5156627173809738,-14.420567482839964
2016-03-16 08:00:00,16.8,91,0.1,13.9,17,-4.063966695646045,-13.29263610788619
2016-03-16 09:00:00,18.7,85,0.0,12.3,38,-7.5726361465055945,-9.692532269362683
2016-03-16 10:00:00,20.4,80,0.0,9.7,356,0.6766377953180147,-9.676371287520293
2016-03-16 11:00:00,21.3,79,0.0,20.6,341,6.706703981817429,-19.477682657345927
2016-03-16 12:00:00,20.6,82,0.0,23.4,356,1.6323014856125304,-23.342998776079884
2016-03-16 13:00:00,19.8,84,0.1,20.6,16,-5.678129529830177,-19.80199093632937
2016-03-16 14:00:00,19.7,83,0.0,16.1,20,-5.506524307543264,-15.129051194653128
2016-03-16 15:00:00,20.0,83,0.0,13.7,3,-0.717002600528337,-13.681224626137661
2016-03-16 16:00:00,19.9,84,0.0,15.2,356,1.0602984009107035,-15.162973563949327
2016-03-16 17:00:00,19.5,85,0.0,15.8,360,9.67470971326409e-16,-15.8
2016-03-16 18:00:00,18.4,89,0.0,15.2,7,-1.8524140197582368,-15.086701504948095
2016-03-16 19:00:00,17.8,90,0.0,16.3,6,-1.70381395126275,-16.210706894502856
2016-03-16 20:00:00,17.1,93,0.0,15.1,12,-3.1394665313481727,-14.770028771080463
2016-03-16 21:00:00,16.7,95,0.0,12.7,7,-1.547740661245369,-12.60533612584479
2016-03-16 22:00:00,16.6,93,0.0,12.6,360,7.715274834628325e-16,-12.6
2016-03-16 23:00:00,16.3,94,0.0,12.3,5,-1.0720156357961965,-12.253194786528471
2016-03-17 00:00:00,16.4,93,0.0,10.9,8,-1.5169868004647176,-10.793921949283115
2016-03-17 01:00:00,16.5,91,0.0,11.5,360,7.041719095097281e-16,-11.5
2016-03-17 02:00:00,16.4,91,0.0,12.3,3,-0.643732261788215,-12.283143277481258
2016-03-17 03:00:00,15.9,93,0.4,13.0,5,-1.1330246557195571,-12.950531075192693
2016-03-17 04:00:00,15.8,93,0.3,11.9,14,-2.8788705576360467,-11.546519142684359
2016-03-17 05:00:00,15.8,93,0.2,10.4,20,-3.557009490586953,-9.772803256173448
2016-03-17 06:00:00,17.0,89,0.1,7.7,11,-1.4692292643993936,-7.558529312547013
2016-03-17 07:00:00,18.0,84,0.1,6.2,7,-0.7555899291119125,-6.153786140176197
2016-03-17 08:00:00,19.0,87,0.0,5.1,8,-0.7097828148963357,-5.050367150582008
2016-03-17 09:00:00,20.7,82,0.0,7.2,360,4.4087284769304716e-16,-7.2
2016-03-17 10:00:00,22.0,78,0.0,8.8,348,1.8296228791962834,-8.60769888645749
2016-03-17 11:00:00,22.9,77,0.0,8.4,350,1.4586446924022156,-8.272385125302547
2016-03-17 12:00:00,23.9,75,0.0,7.6,352,1.0577155672964975,-7.5260373224359345
2016-03-17 13:00:00,24.4,75,0.0,8.0,350,1.3891854213354433,-7.878462024097664
2016-03-17 14:00:00,24.2,77,0.0,7.2,354,0.752604935527105,-7.160557646651568
2016-03-17 15:00:00,23.9,78,0.0,6.5,360,3.9801020972288977e-16,-6.5
2016-03-17 16:00:00,24.1,78,0.0,7.9,336,3.2132194802988217,-7.217009115376547
2016-03-17 17:00:00,23.1,83,0.0,10.5,333,4.766900247265242,-9.355568503977862
2016-03-17 18:00:00,21.5,89,0.0,10.4,346,2.515987714236544,-10.091075553270363
2016-03-17 19:00:00,20.0,94,0.0,9.3,347,2.092044805397944,-9.06164160250269
2016-03-17 20:00:00,19.0,97,0.0,7.3,349,1.3929056662487778,-7.165878439167947
2016-03-17 21:00:00,18.2,97,0.0,8.0,352,1.1133848076805237,-7.922144549932563
2016-03-17 22:00:00,17.7,97,0.0,7.2,360,4.4087284769304716e-16,-7.2
2016-03-17 23:00:00,17.9,95,0.0,5.9,14,-1.42733918403804,-5.7247447850283795
2016-03-18 00:00:00,18.4,93,0.0,4.8,27,-2.179154398749825,-4.276831316104166
2016-03-18 01:00:00,18.0,92,0.0,3.4,18,-1.0506577808748216,-3.233592155403522
2016-03-18 02:00:00,17.0,92,0.0,3.7,11,-0.7059932828932151,-3.632020578756357
2016-03-18 03:00:00,18.6,86,0.2,3.3,6,-0.3449439287832561,-3.281922254715302
2016-03-18 04:00:00,18.1,88,0.7000000000000001,2.7,23,-1.0549740469210394,-2.4853631043215887
2016-03-18 05:00:00,18.3,86,1.5,4.0,80,-3.939231012048832,-0.6945927106677219
2016-03-18 06:00:00,18.4,86,3.1,4.9,107,-4.685893304218874,1.4326213531414094
2016-03-18 07:00:00,18.0,91,3.4,5.5,113,-5.062776693988422,2.149021206691006
2016-03-18 08:00:00,20.4,90,2.2,4.9,107,-4.685893304218874,1.4326213531414094
2016-03-18 09:00:00,22.1,85,1.2,3.6,143,-2.1665340833473743,2.8750878361702537
2016-03-18 10:00:00,23.5,80,0.1,5.4,188,0.7515347451843536,5.34744757120448
2016-03-18 11:00:00,25.3,71,0.0,9.0,209,4.363286582217034,7.871577364254562
2016-03-18 12:00:00,27.5,64,0.0,11.3,211,5.8199302464836125,9.68599049793387
2016-03-18 13:00:00,28.5,63,0.0,11.5,226,8.272407703894489,7.988571260278468
2016-03-18 14:00:00,28.7,64,0.0,10.1,235,8.273435647318816,5.7931220071455645
2016-03-18 15:00:00,27.3,71,0.4,11.3,261,11.160878248725057,1.7677094549546088
2016-03-18 16:00:00,26.0,80,3.2,12.1,287,11.571287547152728,-3.5376976271451146
2016-03-18 17:00:00,24.0,89,6.0,11.1,299,9.708278749247292,-5.3813867847343415
2016-03-18 18:00:00,22.8,93,7.4,4.7,302,3.9858260519352022,-2.490620541896063
2016-03-18 19:00:00,22.0,95,7.2,4.1,128,-3.2308440897875594,2.5242120488351993
2016-03-18 20:00:00,21.4,98,5.3,9.0,119,-7.871577364254562,4.363286582217034
2016-03-18 21:00:00,21.4,96,1.8,8.4,133,-6.143371093601032,5.728786224524988
2016-03-18 22:00:00,20.4,97,0.5,8.2,139,-5.379684037722158,6.1886185578267305
2016-03-18 23:00:00,20.1,95,0.0,6.9,137,-4.705788684431239,5.0463405411722775
2016-03-19 00:00:00,19.7,94,0.0,4.7,148,-2.4906205418960625,3.9858260519352027
2016-03-19 01:00:00,20.7,87,0.2,4.0,175,-0.34862297099063294,3.984778792366982
2016-03-19 02:00:00,20.7,85,0.0,3.7,191,0.7059932828932162,3.632020578756357
2016-03-19 03:00:00,20.3,81,0.5,1.8,323,1.0832670416736871,-1.437543918085127
2016-03-19 04:00:00,20.1,82,0.0,1.3,326,0.7269507745119709,-1.0777488443215544
2016-03-19 05:00:00,20.4,80,0.0,1.1,162,-0.3399186938124421,1.046162167924669
2016-03-19 06:00:00,20.5,78,0.0,2.1,149,-1.081579957311114,1.800051331474436
2016-03-19 07:00:00,20.3,82,0.0,2.9,210,1.4500000000000002,2.5114736709748717
2016-03-19 08:00:00,21.9,86,0.0,5.1,262,5.050367150582009,0.7097828148963337
2016-03-19 09:00:00,23.6,78,0.0,5.6,285,5.4091846272187825,-1.4493866525741161
2016-03-19 10:00:00,24.9,74,0.0,5.9,284,5.7247447850283795,-1.4273391840380396
2016-03-19 11:00:00,25.5,73,0.0,8.1,283,7.892397524760405,-1.8221035401853065
2016-03-19 12:00:00,26.2,71,0.0,9.7,301,8.31452281681049,-4.995869326627525
2016-03-19 13:00:00,25.8,74,0.3,11.1,335,4.691062705321763,-10.060016436106814
2016-03-19 14:00:00,25.2,79,0.2,13.7,3,-0.717002600528337,-13.681224626137661
2016-03-19 15:00:00,23.9,91,0.2,14.1,15,-3.6493485359455407,-13.619554150675864
2016-03-19 16:00:00,24.2,87,0.0,14.3,12,-2.973137178693965,-13.987510690493421
2016-03-19 17:00:00,23.4,90,0.0,14.2,9,-2.2213694035712805,-14.025174436450953
2016-03-19 18:00:00,22.5,91,0.0,12.8,11,-2.442355140819771,-12.5648279481301
2016-03-19 19:00:00,21.4,94,0.0,13.0,5,-1.1330246557195571,-12.950531075192693
2016-03-19 20:00:00,20.7,95,0.0,12.2,360,7.470345474798854e-16,-12.2
2016-03-19 21:00:00,19.9,96,0.0,13.7,2,-0.4781231048242604,-13.691654330161612
2016-03-19 22:00:00,19.4,95,0.0,11.6,16,-3.197393327477187,-11.1506356728845
2016-03-19 23:00:00,18.9,95,0.0,10.2,8,-1.4195656297926713,-10.100734301164016
2016-03-20 00:00:00,18.0,96,0.0,10.4,2,-0.36295476570600793,-10.393664600998596
2016-03-20 01:00:00,17.9,95,0.0,10.4,360,6.368163355566237e-16,-10.4
2016-03-20 02:00:00,18.4,91,0.0,10.8,360,6.613092715395707e-16,-10.8
2016-03-20 03:00:00,19.2,92,0.0,11.3,9,-1.7677094549546108,-11.160878248725057
2016-03-20 04:00:00,19.5,90,0.0,11.0,11,-2.098898949141991,-10.797899017924303
2016-03-20 05:00:00,18.9,92,0.0,11.9,2,-0.4153040107597591,-11.89275084152724
2016-03-20 06:00:00,18.5,94,0.0,15.5,1,-0.2705122997778942,-15.497639274924065
2016-03-20 07:00:00,19.1,94,0.6,15.4,11,-2.938458528798787,-15.117058625094026
2016-03-20 08:00:00,20.6,90,0.9,13.4,6,-1.400681407786555,-13.326593397934865
2016-03-20 09:00:00,21.6,90,1.2,13.3,3,-0.6960682180311593,-13.281772812235833
2016-03-20 10:00:00,22.5,90,1.2,12.7,8,-1.7674983821928358,-12.576404473017941
2016-03-20 11:00:00,23.0,90,0.6,14.4,359,0.2513146526968838,-14.397806810252035
2016-03-20 12:00:00,23.3,87,0.5,15.2,353,1.8524140197582417,-15.086701504948094
2016-03-20 13:00:00,24.2,82,0.3,14.8,4,-1.0323958114130587,-14.763947943845398
2016-03-20 14:00:00,24.6,80,0.1,14.8,6,-1.5470212563612697,-14.718924051450447
2016-03-20 15:00:00,21.8,89,0.0,15.5,4,-1.0812253430339465,-15.462242779027275
2016-03-20 16:00:00,21.6,90,0.2,18.1,6,-1.891965185144526,-18.00084630616575
2016-03-20 17:00:00,20.8,92,0.3,18.2,14,-4.402978499913954,-17.659382218223136
2016-03-20 18:00:00,20.0,94,0.2,17.4,27,-7.899434695468115,-15.503513520877599
2016-03-20 19:00:00,19.3,95,0.1,11.9,35,-6.825559592577452,-9.747909327039
2016-03-20 20:00:00,18.9,95,0.0,10.1,17,-2.9529542176996446,-9.658678035226657
2016-03-20 21:00:00,18.6,95,0.0,13.7,357,0.7170026005283323,-13.681224626137661
2016-03-20 22:00:00,18.0,96,0.0,18.4,1,-0.3211242784460163,-18.3971975908776
2016-03-20 23:00:00,17.4,96,0.0,22.0,2,-0.7677889274550167,-21.986598194420107
2016-03-21 00:00:00,17.3,96,0.1,19.4,11,-3.701694510304965,-19.04356735888468
2016-03-21 01:00:00,17.1,96,0.0,16.9,2,-0.5898014942722628,-16.889704976622717
2016-03-21 02:00:00,17.0,95,0.0,16.9,358,0.5898014942722682,-16.889704976622717
2016-03-21 03:00:00,16.7,94,0.0,15.9,357,0.8321417042628091,-15.878209602597725
2016-03-21 04:00:00,16.9,93,0.0,17.3,359,0.30192663136500625,-17.29736512620557
2016-03-21 05:00:00,16.7,93,0.4,15.9,6,-1.6620025659556885,-15.812898136355548
2016-03-21 06:00:00,16.6,93,0.4,14.8,13,-3.3292756042892058,-14.420676958821481
2016-03-21 07:00:00,17.1,94,0.2,15.9,18,-4.913370210561666,-15.121798609092941
2016-03-21 08:00:00,19.0,87,1.0,14.1,13,-3.1718098662485,-13.738617913471815
2016-03-21 09:00:00,19.5,87,0.6,17.7,4,-1.2346895852710227,-17.65688368959889
2016-03-21 10:00:00,20.6,83,0.0,19.4,1,-0.33857668488329984,-19.39704528603399
2016-03-21 11:00:00,21.6,80,0.3,21.6,360,1.3226185430791415e-15,-21.6
2016-03-21 12:00:00,21.7,81,0.4,20.2,2,-0.7049698333905153,-20.187694705785734
2016-03-21 13:00:00,22.0,81,0.0,19.4,360,1.1879073951729326e-15,-19.4
2016-03-21 14:00:00,21.3,83,0.0,18.7,2,-0.6526205883367642,-18.68860846525709
2016-03-21 15:00:00,19.5,92,0.9,16.5,11,-3.148348423712986,-16.196848526886455
2016-03-21 16:00:00,18.9,96,0.9,14.9,7,-1.815853216736693,-14.7889376594557
2016-03-21 17:00:00,18.6,96,0.9,16.6,4,-1.1579574641524848,-16.55956323431308
2016-03-21 18:00:00,18.3,97,1.0,19.6,14,-4.741669153753489,-19.01779623500953
2016-03-21 19:00:00,18.1,96,1.3,16.2,13,-3.644207080370617,-15.784795049520808
2016-03-21 20:00:00,17.8,96,0.1,15.5,360,9.491012693391988e-16,-15.5
2016-03-21 21:00:00,17.5,96,0.0,18.7,358,0.6526205883367702,-18.68860846525709
2016-03-21 22:00:00,17.6,95,0.9,18.7,2,-0.6526205883367642,-18.68860846525709
2016-03-21 23:00:00,17.3,96,0.3,16.2,3,-0.8478424911356978,-16.177798463024097
2016-03-22 00:00:00,17.3,97,0.4,13.7,360,8.388830574159369e-16,-13.7
2016-03-22 01:00:00,17.2,97,0.6,13.8,353,1.6817969389910354,-13.697136892650244
2016-03-22 02:00:00,17.4,96,1.0,11.2,6,-1.1707187885977175,-11.13864522812466
2016-03-22 03:00:00,17.2,96,0.3,8.8,12,-1.8296228791962863,-8.60769888645749
2016-03-22 04:00:00,17.0,96,0.3,10.8,4,-0.7533699164365563,-10.773691742806102
2016-03-22 05:00:00,16.8,97,0.3,13.3,360,8.143901214329899e-16,-13.3
2016-03-22 06:00:00,16.8,96,0.2,15.9,13,-3.576721764067458,-15.492484030085238
2016-03-22 07:00:00,17.3,96,0.1,14.5,14,-3.507867486195183,-14.06928803100195
2016-03-22 08:00:00,19.2,91,0.5,13.1,9,-2.0492914920270264,-12.938717261796302
2016-03-22 09:00:00,20.3,87,0.0,13.3,2,-0.4641633061432601,-13.291897999353974
2016-03-22 10:00:00,21.4,83,0.0,13.0,355,1.1330246557195558,-12.950531075192693
2016-03-22 11:00:00,22.4,79,0.0,12.0,351,1.877213580482771,-11.852260087141653
2016-03-22 12:00:00,22.7,78,0.0,13.3,347,2.991849022773404,-12.959121861643629
2016-03-22 13:00:00,23.2,75,0.0,14.2,351,2.221369403571279,-14.025174436450955
2016-03-22 14:00:00,23.0,77,0.0,14.1,347,3.1718098662484953,-13.738617913471817
2016-03-22 15:00:00,22.3,82,0.0,15.6,345,4.0375771035993235,-15.068442890109464
2016-03-22 16:00:00,21.7,84,0.0,16.4,351,2.565525226659787,-16.19808878576026
2016-03-22 17:00:00,20.6,87,0.0,15.1,359,0.26353133720298233,-15.097700196861508
2016-03-22 18:00:00,19.4,91,0.0,12.6,2,-0.4397336584515096,-12.592324420440606
2016-03-22 19:00:00,18.6,94,0.0,12.6,5,-1.0981623586204938,-12.552053195955994
2016-03-22 20:00:00,17.9,95,0.0,13.0,2,-0.4536934571325099,-12.992080751248245
2016-03-22 21:00:00,17.6,95,0.0,13.3,2,-0.4641633061432601,-13.291897999353974
2016-03-22 22:00:00,17.3,96,0.0,12.1,10,-2.101142949769857,-11.916173811447717
2016-03-22 23:00:00,16.7,97,0.0,11.9,5,-1.0371533386971332,-11.854716907291772
2016-03-23 00:00:00,16.6,96,0.0,10.5,8,-1.4613175600806911,-10.397814721786487
2016-03-23 01:00:00,16.1,97,0.0,10.4,14,-2.515987714236545,-10.091075553270363
2016-03-23 02:00:00,16.1,96,0.0,9.9,19,-3.2231247291258507,-9.360633898433237
2016-03-23 03:00:00,16.6,94,0.0,9.5,11,-1.812685456077174,-9.325458242752807
2016-03-23 04:00:00,17.0,92,0.0,9.0,16,-2.4807362023529897,-8.651355263444872
2016-03-23 05:00:00,17.9,88,0.2,9.3,13,-2.092044805397947,-9.061641602502688
2016-03-23 06:00:00,17.8,88,0.0,9.0,2,-0.31409547032250684,-8.994517443171862
2016-03-23 07:00:00,18.2,88,0.2,10.2,8,-1.4195656297926713,-10.100734301164016
2016-03-23 08:00:00,19.6,87,0.4,8.2,15,-2.122316169840669,-7.92059177557036
2016-03-23 09:00:00,20.8,86,0.3,7.9,24,-3.2132194802988208,-7.217009115376548
2016-03-23 10:00:00,21.5,85,0.3,10.2,350,1.77121141220269,-10.045039080724521
2016-03-23 11:00:00,22.2,84,0.5,14.1,356,0.9835662797921657,-14.06565310866352
2016-03-23 12:00:00,22.2,86,0.7000000000000001,15.2,355,1.3247672897644036,-15.142159410994532
2016-03-23 13:00:00,21.8,90,1.1,13.7,357,0.7170026005283323,-13.681224626137661
2016-03-23 14:00:00,21.5,93,1.7000000000000002,11.9,360,7.286648454926752e-16,-11.9
2016-03-23 15:00:00,20.4,97,2.1,12.6,360,7.715274834628325e-16,-12.6
2016-03-23 16:00:00,19.9,98,1.9,15.1,360,9.246083333562517e-16,-15.1
2016-03-23 17:00:00,19.3,98,0.9,17.3,12,-3.5968722511472446,-16.921953492694836
2016-03-23 18:00:00,19.0,97,0.4,17.1,25,-7.226772275765956,-15.497863158326718
2016-03-23 19:00:00,19.0,96,0.2,18.7,16,-5.154418553777879,-17.975593714046564
2016-03-23 20:00:00,18.5,96,0.2,21.4,8,-2.9783043605454087,-21.191736671069602
2016-03-23 21:00:00,17.9,94,0.1,22.9,8,-3.187064011985507,-22.67713877418196
2016-03-23 22:00:00,17.6,94,0.3,24.1,10,-4.184921081773021,-23.733866847594214
2016-03-23 23:00:00,17.4,93,0.3,26.4,5,-2.3009116085381778,-26.29954002962208
2016-03-24 00:00:00,16.9,93,0.4,29.1,9,-4.552242932670723,-28.741730711318507
2016-03-24 01:00:00,16.4,93,0.4,27.7,13,-6.231144205325068,-26.990050794551014
2016-03-24 02:00:00,16.0,91,0.2,27.0,10,-4.688500797007119,-26.589809331329615
2016-03-24 03:00:00,15.9,87,0.0,26.1,6,-2.7281928912857527,-25.957021469111936
2016-03-24 04:00:00,15.9,85,0.0,26.3,4,-1.8345952594705028,-26.23593452183338
2016-03-24 05:00:00,15.7,86,0.1,27.1,5,-2.361920628461539,-26.996876318286304
2016-03-24 06:00:00,15.4,88,0.2,26.8,7,-3.2660984032579443,-26.600236863987433
2016-03-24 07:00:00,15.4,88,0.2,28.1,3,-1.470640370426735,-28.061489926603524
2016-03-24 08:00:00,15.7,87,0.3,29.0,6,-3.0313254347619476,-28.841134965679927
2016-03-24 09:00:00,16.5,87,0.3,26.2,8,-3.6463352451537245,-25.94502340102914
2016-03-24 10:00:00,17.7,83,0.2,25.2,3,-1.3188660973221964,-25.16546427581526
2016-03-24 11:00:00,18.3,82,0.8,27.1,5,-2.361920628461539,-26.996876318286304
2016-03-24 12:00:00,17.8,83,0.5,27.1,5,-2.361920628461539,-26.996876318286304
2016-03-24 13:00:00,16.4,91,0.8,27.4,3,-1.434005201056674,-27.362449252275322
2016-03-24 14:00:00,15.9,93,1.4,28.1,360,1.7206287528020313e-15,-28.1
2016-03-24 15:00:00,15.3,92,0.8,28.1,3,-1.470640370426735,-28.061489926603524
2016-03-24 16:00:00,14.7,93,0.8,26.8,5,-2.3357739056372413,-26.69801790885878
2016-03-24 17:00:00,14.5,93,0.6,27.1,4,-1.8904004384658033,-27.033985762041237
2016-03-24 18:00:00,14.2,92,0.5,28.1,1,-0.4904126208876663,-28.095720233894596
2016-03-24 19:00:00,13.8,92,0.4,28.1,4,-1.960156912209929,-28.031549812301062
2016-03-24 20:00:00,13.7,92,0.5,25.1,7,-3.058920519469194,-24.912908406197186
2016-03-24 21:00:00,14.0,92,0.5,23.4,3,-1.2246613760848968,-23.367931113257026
2016-03-24 22:00:00,14.1,92,0.5,27.0,359,0.47121497380665717,-26.995887769222563
2016-03-24 23:00:00,13.8,92,0.5,28.8,360,1.7634913907721887e-15,-28.8
2016-03-25 00:00:00,13.5,92,0.4,26.6,1,-0.4642340112317411,-26.59594869116001
2016-03-25 01:00:00,13.5,92,0.4,26.3,360,1.6104105408787695e-15,-26.3
2016-03-25 02:00:00,13.3,92,0.5,24.9,3,-1.303165310449313,-24.86587541538889
2016-03-25 03:00:00,12.9,91,1.3,22.5,6,-2.3518904235222005,-22.376742645786152
2016-03-25 04:00:00,12.9,91,1.4,22.8,5,-1.987150934646608,-22.7132391164918
2016-03-25 05:00:00,13.1,91,1.4,22.8,5,-1.987150934646608,-22.7132391164918
2016-03-25 06:00:00,13.1,92,1.2,22.4,4,-1.562545011868413,-22.34543472582006
2016-03-25 07:00:00,13.2,92,1.0,23.8,358,0.8306080215195257,-23.78550168305448
2016-03-25 08:00:00,13.5,90,0.6,24.1,360,1.4756993929725606e-15,-24.1
2016-03-25 09:00:00,13.9,91,0.3,25.2,3,-1.3188660973221964,-25.16546427581526
2016-03-25 10:00:00,14.4,88,0.1,24.5,1,-0.4275839577134457,-24.496268531331587
2016-03-25 11:00:00,15.2,85,0.0,23.8,358,0.8306080215195257,-23.78550168305448
2016-03-25 12:00:00,15.9,83,0.0,24.1,360,1.4756993929725606e-15,-24.1
2016-03-25 13:00:00,16.1,82,0.2,24.5,3,-1.2822309279521356,-24.466423601487058
2016-03-25 14:00:00,15.6,83,0.2,24.8,1,-0.43281967964463075,-24.796222839878503
2016-03-25 15:00:00,14.6,84,0.1,25.9,1,-0.45201732672564254,-25.896055304550533
2016-03-25 16:00:00,14.0,84,0.2,24.5,2,-0.8550376692112687,-24.485075261967847
2016-03-25 17:00:00,13.4,86,0.3,23.1,3,-1.2089605892120137,-23.068342252830657
2016-03-25 18:00:00,12.9,90,0.5,21.3,2,-0.7433592797632662,-21.28702461550674
2016-03-25 19:00:00,12.6,92,0.6,23.8,357,1.2455957585820665,-23.76738292715886
2016-03-25 20:00:00,12.4,92,0.6,25.2,1,-0.4398006422195441,-25.19616191794106
2016-03-25 21:00:00,12.3,92,0.5,22.6,9,-3.5354189099092217,-22.321756497450114
2016-03-25 22:00:00,12.2,92,0.3,20.1,9,-3.144332747308644,-19.85253564596227
2016-03-25 23:00:00,12.2,92,0.0,19.6,7,-2.3886391307408847,-19.453904572169915
2016-03-26 00:00:00,12.1,91,0.0,20.2,4,-1.4090807696313368,-20.15079381524845
2016-03-26 01:00:00,12.1,90,0.0,21.0,6,-2.1950977286207207,-20.884959802733743
2016-03-26 02:00:00,12.1,88,0.0,22.4,5,-1.9522886375475446,-22.314761237255098
2016-03-26 03:00:00,12.3,84,0.0,22.8,6,-2.383248962502497,-22.675099214396635
2016-03-26 04:00:00,12.1,82,0.0,22.6,8,-3.145312081697488,-22.380058353559487
2016-03-26 05:00:00,12.0,82,0.0,22.1,7,-2.6933124892537528,-21.93526995127322
2016-03-26 06:00:00,11.8,82,0.0,21.1,8,-2.936552430257389,-20.894656250447134
2016-03-26 07:00:00,12.4,82,0.0,21.1,8,-2.936552430257389,-20.894656250447134
2016-03-26 08:00:00,14.4,73,0.0,22.5,6,-2.3518904235222005,-22.376742645786152
2016-03-26 09:00:00,15.8,69,0.0,23.6,7,-2.8761165043614736,-23.4240891787352
2016-03-26 10:00:00,17.3,64,0.0,24.4,8,-3.395823663425606,-24.16254087729431
2016-03-26 11:00:00,18.4,61,0.0,22.5,6,-2.3518904235222005,-22.376742645786152
2016-03-26 12:00:00,19.1,59,0.0,25.8,352,3.5906660047696892,-25.548916173532515
2016-03-26 13:00:00,18.7,58,0.0,31.3,1,-0.5462603214869735,-31.295232858395046
2016-03-26 14:00:00,18.3,57,0.0,29.8,8,-4.1473584086099615,-29.509988448498795
2016-03-26 15:00:00,17.8,59,0.0,27.2,6,-2.8431742008801715,-27.050995554017035
2016-03-26 16:00:00,17.3,61,0.0,24.6,7,-2.9979858477666204,-24.416635330376526
2016-03-26 17:00:00,16.3,65,0.0,22.4,5,-1.9522886375475446,-22.314761237255098
2016-03-26 18:00:00,14.9,70,0.0,19.1,1,-0.33334096295211485,-19.097090977487074
2016-03-26 19:00:00,13.6,75,0.0,18.7,360,1.1450447572027753e-15,-18.7
2016-03-26 20:00:00,12.6,81,0.0,16.7,6,-1.7456253365698111,-16.608515652650166
2016-03-26 21:00:00,12.2,83,0.0,14.8,13,-3.3292756042892058,-14.420676958821481
2016-03-26 22:00:00,12.4,81,0.0,14.2,16,-3.914050452601384,-13.649916082324129
2016-03-26 23:00:00,12.0,82,0.0,13.8,15,-3.571702822414785,-13.329776402789143
2016-03-27 00:00:00,12.3,80,0.0,13.7,14,-3.3143299697154487,-13.293051449981151
2016-03-27 01:00:00,11.6,84,0.0,13.7,14,-3.3143299697154487,-13.293051449981151
2016-03-27 02:00:00,11.6,85,0.0,14.0,23,-5.470235798849833,-12.887067948334163
2016-03-27 03:00:00,11.8,83,0.0,15.4,21,-5.518866422997631,-14.377138568056905
2016-03-27 04:00:00,12.3,79,0.0,18.3,15,-4.736388525376127,-17.67644262108995
2016-03-27 05:00:00,12.4,76,0.0,17.8,18,-5.500502499874067,-16.928805990053732
2016-03-27 06:00:00,12.0,78,0.0,17.7,13,-3.981633661886415,-17.24635014669866
2016-03-27 07:00:00,12.7,76,0.0,19.2,8,-2.672123538433264,-19.01314691983815
2016-03-27 08:00:00,14.9,66,0.0,20.7,8,-2.8808831898733627,-20.498549022950503
2016-03-27 09:00:00,16.0,59,0.0,21.8,8,-3.033973600929435,-21.58784389856623
2016-03-27 10:00:00,17.1,56,0.0,22.0,5,-1.9174263404484815,-21.9162833580184
2016-03-27 11:00:00,17.9,54,0.0,22.0,3,-1.1513910373447747,-21.969849764600625
2016-03-27 12:00:00,18.4,54,0.0,23.0,1,-0.40140534805752043,-22.996496988597
2016-03-27 13:00:00,18.5,55,0.0,24.1,2,-0.8410778705302684,-24.08531893116021
2016-03-27 14:00:00,18.1,56,0.0,25.6,1,-0.44678160479445755,-25.596100996003617
2016-03-27 15:00:00,17.5,60,0.0,27.4,2,-0.9562462096485208,-27.383308660323223
2016-03-27 16:00:00,16.5,63,0.0,27.8,3,-1.4549395835538517,-27.761901066177153
2016-03-27 17:00:00,15.3,67,0.0,25.3,5,-2.2050402915157536,-25.203725861721164
2016-03-27 18:00:00,13.8,72,0.0,21.8,9,-3.410271337877037,-21.531605824974
2016-03-27 19:00:00,12.6,75,0.0,20.2,16,-5.567874587503377,-19.417486257954042
2016-03-27 20:00:00,11.8,80,0.0,16.6,24,-6.7518282750582825,-15.164854596867178
2016-03-27 21:00:00,10.8,85,0.0,14.9,32,-7.895797037074755,-12.635916632730748
2016-03-27 22:00:00,10.2,84,0.0,15.7,32,-8.319732448461318,-13.314355109655887
2016-03-27 23:00:00,9.9,82,0.0,15.6,26,-6.8385898899096125,-14.021187122267001
2016-03-28 00:00:00,9.2,82,0.0,15.3,27,-6.946054646015068,-13.632399820082028
2016-03-28 01:00:00,8.9,81,0.0,15.8,24,-6.4264389605976415,-14.434018230753097
2016-03-28 02:00:00,9.0,78,0.0,16.3,22,-6.106087472679371,-15.113096829438634
2016-03-28 03:00:00,8.3,77,0.0,16.9,20,-5.7801404222037975,-15.88080529128185
2016-03-28 04:00:00,8.0,75,0.0,17.2,20,-5.882746465201499,-16.162713077517623
2016-03-28 05:00:00,8.3,71,0.0,17.2,20,-5.882746465201499,-16.162713077517623
2016-03-28 06:00:00,9.2,65,0.0,16.9,20,-5.7801404222037975,-15.88080529128185
2016-03-28 07:00:00,11.6,60,0.0,15.3,19,-4.981192763194497,-14.466434206669549
2016-03-28 08:00:00,14.2,62,0.0,16.2,12,-3.3681693912477084,-15.845991131887649
2016-03-28 09:00:00,16.2,53,0.0,16.4,9,-2.5655252266597888,-16.198088785760255
2016-03-28 10:00:00,17.7,48,0.0,16.2,4,-1.1300548746548345,-16.16053761420915
2016-03-28 11:00:00,18.7,46,0.0,16.6,359,0.2897099468589078,-16.597471739596095
2016-03-28 12:00:00,19.4,45,0.0,16.9,358,0.5898014942722682,-16.889704976622717
2016-03-28 13:00:00,19.9,45,0.0,17.3,358,0.6037612929532687,-17.289461307430358
2016-03-28 14:00:00,20.0,45,0.0,17.3,360,1.0593194812624606e-15,-17.3
2016-03-28 15:00:00,19.8,47,0.0,16.9,360,1.0348265452795135e-15,-16.9
2016-03-28 16:00:00,19.2,50,0.0,16.6,359,0.2897099468589078,-16.597471739596095
2016-03-28 17:00:00,18.2,58,0.0,13.3,3,-0.6960682180311593,-13.281772812235833
2016-03-28 18:00:00,17.0,62,0.0,11.6,7,-1.413684383499707,-11.513535359039336
2016-03-28 19:00:00,15.3,74,0.0,12.0,9,-1.8772135804827723,-11.852260087141651
2016-03-28 20:00:00,15.6,67,0.0,9.6,20,-3.283393375926418,-9.02104915954472
2016-03-28 21:00:00,15.2,69,0.0,6.6,29,-3.199743493625823,-5.772490067120013
2016-03-28 22:00:00,14.9,70,0.0,3.8,49,-2.867896404846534,-2.4930243101639267
2016-03-28 23:00:00,14.5,71,0.0,2.4,63,-2.138415658052083,-1.089577199374912
2016-03-29 00:00:00,13.7,73,0.0,2.6,106,-2.499280409439629,0.716657125124198
2016-03-29 01:00:00,11.5,79,0.0,1.9,112,-1.7616493236768958,0.7117525274902332
2016-03-29 02:00:00,12.8,73,0.0,2.4,27,-1.0895771993749126,-2.138415658052083
2016-03-29 03:00:00,11.7,76,0.0,2.7,67,-2.485363104321589,-1.0549740469210387
2016-03-29 04:00:00,11.5,75,0.0,3.7,61,-3.236092916415765,-1.7937955949114468
2016-03-29 05:00:00,13.0,69,0.0,5.5,32,-2.9145559532826275,-4.664264528860342
2016-03-29 06:00:00,12.0,72,0.0,8.0,27,-3.6319239979163753,-7.128052193506942
2016-03-29 07:00:00,12.4,77,0.0,8.0,36,-4.702282018339786,-6.472135954999579
2016-03-29 08:00:00,16.8,66,0.0,8.2,23,-3.203995253612045,-7.548139798310009
2016-03-29 09:00:00,18.6,56,0.0,7.7,11,-1.4692292643993936,-7.558529312547013
2016-03-29 10:00:00,19.8,56,0.0,7.2,360,4.4087284769304716e-16,-7.2
2016-03-29 11:00:00,20.8,55,0.0,7.3,349,1.3929056662487778,-7.165878439167947
2016-03-29 12:00:00,21.1,54,0.0,8.8,341,2.8649997592229797,-8.320563465273988
2016-03-29 13:00:00,21.1,55,0.0,9.5,335,4.014873486536644,-8.609923976848174
2016-03-29 14:00:00,20.9,56,0.0,11.9,331,5.769234480931412,-10.40797451495881
2016-03-29 15:00:00,20.9,55,0.0,13.6,338,5.094649670456403,-12.60970042210831
2016-03-29 16:00:00,19.9,61,0.0,12.7,352,1.7674983821928314,-12.576404473017943
2016-03-29 17:00:00,18.9,68,0.0,11.2,360,6.858022075225178e-16,-11.2
2016-03-29 18:00:00,17.6,74,0.0,10.2,10,-1.7712114122026892,-10.045039080724521
2016-03-29 19:00:00,16.3,80,0.0,10.2,23,-3.9854575105905927,-9.38914950521489
2016-03-29 20:00:00,15.2,86,0.0,9.8,28,-4.600821315301729,-8.652886410017485
2016-03-29 21:00:00,14.4,88,0.0,9.4,23,-3.672872607799174,-8.652745622452938
2016-03-29 22:00:00,14.4,86,0.0,9.2,21,-3.296985135816766,-8.588939923774255
2016-03-29 23:00:00,14.4,85,0.0,8.9,14,-2.1531048708370433,-8.635631963856369
2016-03-30 00:00:00,14.2,85,0.0,8.9,21,-3.1894747509531767,-8.308865795825096
2016-03-30 01:00:00,13.8,84,0.0,8.4,31,-4.326319829244458,-7.200205325897742
2016-03-30 02:00:00,13.7,82,0.0,7.8,34,-4.361704647071823,-6.466493065929326
2016-03-30 03:00:00,13.8,85,0.0,7.9,30,-3.9500000000000037,-6.841600689897064
2016-03-30 04:00:00,13.4,85,0.0,8.4,20,-2.872969203935616,-7.8934180146016315
2016-03-30 05:00:00,13.3,83,0.0,10.1,27,-4.585304047369424,-8.999165894302514
2016-03-30 06:00:00,13.6,80,0.0,9.0,29,-4.3632865822170315,-7.871577364254564
2016-03-30 07:00:00,15.1,79,0.0,6.3,31,-3.2447398719333433,-5.400153994423306
2016-03-30 08:00:00,19.0,73,0.0,5.0,21,-1.7918397477265036,-4.667902132486008
2016-03-30 09:00:00,21.0,64,0.0,5.8,353,0.7068421917498554,-5.756767679519667
2016-03-30 10:00:00,22.3,58,0.0,6.2,339,2.2218812871808624,-5.788198644282651
2016-03-30 11:00:00,23.3,54,0.0,6.3,329,3.244739871933341,-5.400153994423308
2016-03-30 12:00:00,23.7,54,0.0,7.0,325,4.015035054457323,-5.7340643100229425
2016-03-30 13:00:00,23.9,55,0.0,7.6,329,3.9142893693164114,-6.5144714853360535
2016-03-30 14:00:00,23.7,56,0.0,9.4,337,3.672872607799173,-8.65274562245294
2016-03-30 15:00:00,23.3,59,0.0,10.2,350,1.77121141220269,-10.045039080724521
2016-03-30 16:00:00,22.8,62,0.0,10.4,358,0.36295476570601126,-10.393664600998596
2016-03-30 17:00:00,22.0,67,0.0,10.1,6,-1.055737479003299,-10.044671143219562
2016-03-30 18:00:00,20.8,73,0.0,9.5,11,-1.812685456077174,-9.325458242752807
2016-03-30 19:00:00,19.2,81,0.0,10.0,13,-2.2495105434386526,-9.743700647852352
2016-03-30 20:00:00,17.6,88,0.0,9.9,10,-1.7191169589026103,-9.74959675482086
2016-03-30 21:00:00,16.9,88,0.0,9.7,15,-2.51054473749445,-9.369480515003962
2016-03-30 22:00:00,17.8,83,0.0,9.3,16,-2.56342740909809,-8.939733772226367
2016-03-30 23:00:00,17.9,83,0.0,7.6,19,-2.4743179738743906,-7.185941174554808
2016-03-31 00:00:00,17.3,84,0.0,6.6,45,-4.666904755831214,-4.666904755831213
2016-03-31 01:00:00,16.2,87,0.0,6.4,63,-5.702441754805555,-2.905539198333099
2016-03-31 02:00:00,15.4,89,0.0,7.5,73,-7.172285669722766,-2.192787785420526
2016-03-31 03:00:00,15.6,88,0.0,7.2,84,-7.160557646651568,-0.7526049355271052
2016-03-31 04:00:00,15.5,89,0.0,6.6,99,-6.5187430479279085,1.0324674692655245
2016-03-31 05:00:00,15.5,90,0.2,4.8,103,-4.6769763109691285,1.079765060850553
2016-03-31 06:00:00,15.9,89,0.0,4.0,80,-3.939231012048832,-0.6945927106677219
2016-03-31 07:00:00,18.3,83,0.0,2.2,9,-0.3441558230885083,-2.172914349309303
2016-03-31 08:00:00,19.9,84,0.2,4.3,336,1.7489675652259409,-3.9282454678631837
2016-03-31 09:00:00,20.9,80,0.3,5.4,323,3.2498011250210617,-4.312631754255381
2016-03-31 10:00:00,21.0,82,0.6,2.4,297,2.138415658052083,-1.0895771993749122
2016-03-31 11:00:00,21.6,83,0.5,2.6,286,2.499280409439629,-0.7166571251241979
2016-03-31 12:00:00,22.7,81,0.7000000000000001,3.2,270,3.2,0.0
2016-03-31 13:00:00,23.2,80,0.3,4.5,299,3.935788682127281,-2.1816432911085166
2016-03-31 14:00:00,24.0,77,0.4,4.4,279,4.3458286986186065,-0.6883116461770159
2016-03-31 15:00:00,24.4,77,0.4,4.3,294,3.9282454678631837,-1.7489675652259409
2016-03-31 16:00:00,23.6,83,0.2,3.3,311,2.4905416147351476,-2.1649947956686737
2016-03-31 17:00:00,23.1,86,0.2,2.7,337,1.0549740469210391,-2.485363104321589
2016-03-31 18:00:00,22.6,87,0.1,3.4,18,-1.0506577808748216,-3.233592155403522
2016-03-31 19:00:00,21.6,93,0.0,4.2,31,-2.163159914622229,-3.600102662948871
2016-03-31 20:00:00,21.2,93,0.0,6.4,38,-3.940233442084212,-5.043268823083022
2016-03-31 21:00:00,20.0,95,0.0,6.1,50,-4.6728711030257655,-3.921004419087889
2016-03-31 22:00:00,18.9,97,0.0,5.1,51,-3.9634444034305507,-3.2095339943541714
2016-03-31 23:00:00,17.5,99,0.0,5.9,38,-3.632402704421383,-4.649263446279661
2016-04-01 00:00:00,16.9,99,0.0,8.5,28,-3.9905082836800716,-7.505054539300879
2016-04-01 01:00:00,16.6,97,0.0,10.1,17,-2.9529542176996446,-9.658678035226657
2016-04-01 02:00:00,16.6,95,0.0,10.2,10,-1.7712114122026892,-10.045039080724521
2016-04-01 03:00:00,17.3,89,0.0,12.0,9,-1.8772135804827723,-11.852260087141651
2016-04-01 04:00:00,18.0,86,0.0,12.3,15,-3.1834742547610038,-11.88088766335554
2016-04-01 05:00:00,18.0,85,0.0,11.6,16,-3.197393327477187,-11.1506356728845
2016-04-01 06:00:00,17.6,86,0.0,12.2,14,-2.951447126315947,-11.837607860567156
2016-04-01 07:00:00,18.7,87,0.0,10.2,10,-1.7712114122026892,-10.045039080724521
2016-04-01 08:00:00,21.2,82,0.0,9.4,2,-0.3280552690035072,-9.394273773979501
2016-04-01 09:00:00,22.6,81,0.0,10.4,346,2.515987714236544,-10.091075553270363
2016-04-01 10:00:00,23.9,78,0.0,11.0,341,3.5812496990287244,-10.400704331592484
2016-04-01 11:00:00,24.7,75,0.0,10.0,339,3.583679495453004,-9.335804264972017
2016-04-01 12:00:00,25.3,71,0.0,8.5,332,3.9905082836800725,-7.505054539300878
2016-04-01 13:00:00,25.4,71,0.0,9.2,329,4.738350289172498,-7.8859391664594325
2016-04-01 14:00:00,25.2,74,0.0,10.1,333,4.585304047369423,-8.999165894302514
2016-04-01 15:00:00,24.6,77,0.0,9.2,334,4.033014550459512,-8.268905225952336
2016-04-01 16:00:00,24.1,80,0.0,8.4,335,3.5499933986218752,-7.61298541110786
2016-04-01 17:00:00,23.5,82,0.0,6.8,342,2.1013155617496424,-6.467184310807044
2016-04-01 18:00:00,22.6,86,0.0,5.8,338,2.1727182418122895,-5.377666356487367
2016-04-01 19:00:00,21.6,93,0.0,5.7,342,1.7613968679372005,-5.421022142882375
2016-04-01 20:00:00,21.1,93,0.0,6.2,350,1.0766187015349686,-6.10580806867569
2016-04-01 21:00:00,20.7,94,0.0,6.9,351,1.0793978087775935,-6.815049550106451
2016-04-01 22:00:00,20.4,94,0.0,7.2,360,4.4087284769304716e-16,-7.2
2016-04-01 23:00:00,19.8,94,0.0,5.4,20,-1.8469087739586103,-5.074340152243906
2016-04-02 00:00:00,20.2,92,0.0,3.7,29,-1.7937955949114464,-3.2360929164157652
2016-04-02 01:00:00,20.3,91,0.0,3.1,21,-1.1109406435904323,-2.894099322141325
2016-04-02 02:00:00,20.3,90,0.0,2.3,39,-1.447436899414627,-1.7874357113510322
2016-04-02 03:00:00,20.4,89,0.1,2.5,352,0.34793275240016364,-2.475670171853926
2016-04-02 04:00:00,20.2,90,0.1,4.6,342,1.4214781741247582,-4.3748599749577055
2016-04-02 05:00:00,20.0,89,0.0,6.5,6,-0.6794350112397468,-6.464392319893777
2016-04-02 06:00:00,20.4,87,0.0,6.8,3,-0.3558845024520213,-6.790680836331102
2016-04-02 07:00:00,20.1,91,0.0,6.5,6,-0.6794350112397468,-6.464392319893777
2016-04-02 08:00:00,21.4,91,0.0,5.9,11,-1.1257730727216133,-5.791600382341218
2016-04-02 09:00:00,22.9,86,0.0,4.4,9,-0.6883116461770166,-4.345828698618606
2016-04-02 10:00:00,24.7,78,0.0,3.1,339,1.1109406435904312,-2.8940993221413254
2016-04-02 11:00:00,25.9,73,0.0,3.6,264,3.580278823325784,0.37630246776355253
2016-04-02 12:00:00,26.1,72,0.0,5.9,256,5.7247447850283795,1.4273391840380396
2016-04-02 13:00:00,26.2,72,0.0,6.9,261,6.815049550106451,1.079397808777593
2016-04-02 14:00:00,26.3,72,0.0,9.1,277,9.032169979936029,-1.109011024986842
2016-04-02 15:00:00,26.5,72,0.0,10.2,293,9.389149505214892,-3.9854575105905923
2016-04-02 16:00:00,25.9,74,0.0,9.1,304,7.544241910250879,-5.0886554215837965
2016-04-02 17:00:00,25.0,78,0.0,7.7,307,6.149493427364155,-4.6339756782707715
2016-04-02 18:00:00,23.7,84,0.0,5.9,322,3.6324027044213842,-4.64926344627966
2016-04-02 19:00:00,22.4,91,0.0,5.6,333,2.542346798541462,-4.989636535454859
2016-04-02 20:00:00,21.9,93,0.0,4.0,355,0.34862297099063255,-3.984778792366982
2016-04-02 21:00:00,21.6,93,0.0,2.9,360,1.7757378587636622e-16,-2.9
2016-04-02 22:00:00,20.9,95,0.0,1.8,53,-1.437543918085127,-1.0832670416736871
2016-04-02 23:00:00,21.0,94,0.0,2.9,120,-2.511473670974872,1.4499999999999997
2016-04-03 00:00:00,20.9,93,0.0,4.9,144,-2.880147736233118,3.9641832724372428
2016-04-03 01:00:00,20.9,92,0.0,4.3,138,-2.8772616073430903,3.195522749552795
2016-04-03 02:00:00,19.3,96,0.0,2.3,141,-1.4474368994146256,1.7874357113510333
2016-04-03 03:00:00,19.2,92,0.0,3.1,144,-1.8221342821066664,2.5079526825623373
2016-04-03 04:00:00,18.9,92,0.0,3.7,151,-1.793795594911447,3.236092916415765
2016-04-03 05:00:00,19.0,90,0.0,4.3,156,-1.748967565225941,3.9282454678631837
2016-04-03 06:00:00,18.0,92,0.0,4.8,153,-2.179154398749824,4.276831316104166
2016-04-03 07:00:00,19.5,90,0.0,6.1,152,-2.8637765329939344,5.385980316439453
2016-04-03 08:00:00,23.3,80,0.0,6.8,180,4.1637991171010006e-16,6.8
2016-04-03 09:00:00,25.2,74,0.0,9.6,214,5.368251873319169,7.9587606965284
2016-04-03 10:00:00,26.2,74,0.0,12.7,223,8.66137917279373,9.288192010563463
2016-04-03 11:00:00,27.1,71,0.0,15.0,222,10.036959095382873,11.147172382160914
2016-04-03 12:00:00,27.4,70,0.1,17.6,235,14.417075979486256,10.094945279778411
2016-04-03 13:00:00,27.4,70,0.1,18.5,241,16.18046458207882,8.968977974557236
2016-04-03 14:00:00,27.5,70,0.0,17.6,242,15.539877634317117,8.262699505031678
2016-04-03 15:00:00,26.9,74,0.2,14.2,243,12.652292643474823,6.4466650963015635
2016-04-03 16:00:00,26.0,78,0.2,10.5,248,9.735430472951268,3.933369230867076
2016-04-03 17:00:00,25.4,81,0.2,5.5,238,4.664264528860342,2.914555953282627
2016-04-03 18:00:00,24.9,83,0.0,1.8,90,-1.8,2.2043642384652358e-16
2016-04-03 19:00:00,23.8,89,0.0,1.8,180,1.1021821192326179e-16,1.8
2016-04-03 20:00:00,23.5,89,0.0,4.4,261,4.3458286986186065,0.6883116461770159
2016-04-03 21:00:00,22.6,92,0.0,6.3,239,5.400153994423308,3.244739871933341
2016-04-03 22:00:00,20.5,97,0.0,5.9,227,4.314986839553106,4.023790324368742
2016-04-03 23:00:00,19.3,99,0.0,5.4,188,0.7515347451843536,5.34744757120448
2016-04-04 00:00:00,18.3,99,0.0,5.4,176,-0.3766849582182768,5.386845871403051
2016-04-04 01:00:00,17.7,98,0.0,6.6,158,-2.4724035165450196,6.1194134401407965
2016-04-04 02:00:00,17.2,97,0.0,6.1,180,3.735172737399427e-16,6.1
2016-04-04 03:00:00,18.7,95,0.0,5.2,168,-1.0811407922523486,5.08636752381579
2016-04-04 04:00:00,18.0,95,0.0,2.6,164,-0.7166571251241975,2.499280409439629
2016-04-04 05:00:00,17.5,94,0.0,1.5,166,-0.36288284339950166,1.4554435894139948
2016-04-04 06:00:00,17.0,94,0.0,2.3,108,-2.1874299874788528,0.7107390870623792
2016-04-04 07:00:00,18.8,94,0.0,4.5,119,-3.935788682127281,2.181643291108517
2016-04-04 08:00:00,22.8,81,0.0,5.6,130,-4.289848881466276,3.5996106142446207
2016-04-04 09:00:00,24.8,71,0.0,6.0,155,-2.535709570444196,5.4378467222199
2016-04-04 10:00:00,26.1,68,0.0,5.6,195,1.4493866525741161,5.4091846272187825
2016-04-04 11:00:00,26.7,69,0.0,8.4,250,7.8934180146016315,2.872969203935617
2016-04-04 12:00:00,26.5,73,0.0,10.9,262,10.793921949283117,1.5169868004647133
2016-04-04 13:00:00,26.8,72,0.0,9.8,253,9.371786608437748,2.8652427062828205
2016-04-04 14:00:00,26.7,72,0.0,9.3,257,9.06164160250269,2.092044805397945
2016-04-04 15:00:00,26.4,74,0.0,9.4,270,9.4,0.0
2016-04-04 16:00:00,26.0,75,0.0,10.1,287,9.658678035226657,-2.952954217699641
2016-04-04 17:00:00,24.9,80,0.0,9.2,312,6.836932394392027,-6.156001578501495
2016-04-04 18:00:00,23.9,85,0.0,7.3,351,1.1419715947936857,-7.210124886344506
2016-04-04 19:00:00,22.7,91,0.0,7.7,11,-1.4692292643993936,-7.558529312547013
2016-04-04 20:00:00,21.6,95,0.0,5.7,35,-3.2693856872009643,-4.669166652447252
2016-04-04 21:00:00,20.9,95,0.0,3.7,61,-3.236092916415765,-1.7937955949114468
2016-04-04 22:00:00,19.6,96,0.0,4.0,100,-3.939231012048832,0.6945927106677211
2016-04-04 23:00:00,19.0,95,0.0,4.0,85,-3.984778792366982,-0.3486229709906318
2016-04-05 00:00:00,18.1,95,0.0,5.1,8,-0.7097828148963357,-5.050367150582008
2016-04-05 01:00:00,18.3,94,0.0,11.4,349,2.175222547292612,-11.19054989130337
2016-04-05 02:00:00,18.3,94,0.0,10.8,2,-0.37691456438700827,-10.793420931806235
2016-04-05 03:00:00,20.2,84,0.0,10.5,16,-2.894192236078488,-10.09324780735235
2016-04-05 04:00:00,20.2,84,0.0,8.7,17,-2.5436338310878126,-8.319851376878407
2016-04-05 05:00:00,19.9,84,0.0,7.8,22,-2.921931428644116,-7.232034065620941
2016-04-05 06:00:00,19.8,84,0.0,7.5,17,-2.192787785420528,-7.172285669722765
2016-04-05 07:00:00,19.9,86,0.0,7.8,13,-1.7546182238821488,-7.600086505324834
2016-04-05 08:00:00,22.5,78,0.0,8.1,13,-1.8221035401853085,-7.892397524760404
2016-04-05 09:00:00,24.1,72,0.0,7.6,360,4.653657836759942e-16,-7.6
2016-04-05 10:00:00,25.4,70,0.0,7.9,344,2.1775351109542935,-7.59396739791272
2016-04-05 11:00:00,26.6,67,0.0,7.9,336,3.2132194802988217,-7.217009115376547
2016-04-05 12:00:00,27.1,67,0.0,9.1,326,5.088655421583796,-7.5442419102508795
2016-04-05 13:00:00,26.6,72,0.0,10.9,326,6.09520264783114,-9.036509540849956
2016-04-05 14:00:00,26.5,73,0.0,9.7,333,4.403707847473604,-8.642763284627167
2016-04-05 15:00:00,26.3,75,0.0,7.3,340,2.4967470462773824,-6.8597561317371305
2016-04-05 16:00:00,26.1,75,0.0,4.3,5,-0.37476969381493047,-4.283637201794505
2016-04-05 17:00:00,25.8,76,0.0,5.4,90,-5.4,6.613092715395707e-16
2016-04-05 18:00:00,25.3,77,0.0,5.4,70,-5.074340152243906,-1.846908773958611
2016-04-05 19:00:00,23.7,87,0.0,3.8,41,-2.4930243101639276,-2.8678964048465336
2016-04-05 20:00:00,23.8,80,0.0,6.0,335,2.5357095704441965,-5.437846722219899
2016-04-05 21:00:00,23.1,82,0.0,9.0,344,2.4807362023529924,-8.65135526344487
2016-04-05 22:00:00,22.7,82,0.0,8.2,15,-2.122316169840669,-7.92059177557036
2016-04-05 23:00:00,21.2,84,0.0,7.1,45,-5.020458146424488,-5.020458146424486
2016-04-06 00:00:00,21.4,81,0.0,6.1,50,-4.6728711030257655,-3.921004419087889
2016-04-06 01:00:00,20.1,83,0.0,5.0,60,-4.330127018922193,-2.5000000000000004
2016-04-06 02:00:00,18.6,86,0.0,5.1,94,-5.087576656325103,0.35575801609504015
2016-04-06 03:00:00,17.1,90,0.0,4.8,103,-4.6769763109691285,1.079765060850553
2016-04-06 04:00:00,16.7,91,0.0,3.6,90,-3.6,4.4087284769304716e-16
2016-04-06 05:00:00,16.3,90,0.0,2.9,60,-2.5114736709748717,-1.4500000000000002
2016-04-06 06:00:00,16.0,90,0.0,3.5,66,-3.197409101749103,-1.4235782507653008
2016-04-06 07:00:00,18.3,91,0.0,3.0,104,-2.9108871788279895,0.7257656867990032
2016-04-06 08:00:00,23.6,72,0.0,2.3,162,-0.7107390870623789,2.187429987478853
2016-04-06 09:00:00,25.8,65,0.0,3.9,202,1.4609657143220567,3.616017032810471
2016-04-06 10:00:00,26.9,64,0.0,6.0,213,3.2678342100901627,5.032023407672544
2016-04-06 11:00:00,27.8,64,0.0,7.4,223,5.046787864462489,5.412017391981862
2016-04-06 12:00:00,28.4,64,0.0,9.3,234,7.523858047687012,5.46640284632
2016-04-06 13:00:00,28.6,66,0.0,10.8,240,9.353074360871938,5.3999999999999995
2016-04-06 14:00:00,28.8,67,0.0,11.7,236,9.699739598893986,6.542556970607738
2016-04-06 15:00:00,28.9,69,0.0,12.6,239,10.800307988846615,6.489479743866682
2016-04-06 16:00:00,28.6,70,0.0,12.7,241,11.107670280670325,6.157082177128481
2016-04-06 17:00:00,27.9,74,0.0,8.4,250,7.8934180146016315,2.872969203935617
2016-04-06 18:00:00,27.2,80,0.0,4.2,250,3.9467090073008158,1.4364846019678086
2016-04-06 19:00:00,25.3,85,0.0,2.1,211,1.0815799573111138,1.800051331474436
2016-04-06 20:00:00,24.6,85,0.0,2.5,188,0.34793275240016364,2.475670171853926
2016-04-06 21:00:00,24.0,85,0.0,2.9,210,1.4500000000000002,2.5114736709748717
2016-04-06 22:00:00,23.0,87,0.0,3.2,243,2.8512208774027776,1.4527695991665497
2016-04-06 23:00:00,21.9,90,0.0,4.2,250,3.9467090073008158,1.4364846019678086
2016-04-07 00:00:00,20.5,92,0.0,4.8,222,3.2118269105225195,3.5670951622914924
2016-04-07 01:00:00,18.4,95,0.0,5.1,188,0.7097828148963339,5.050367150582009
2016-04-07 02:00:00,17.6,96,0.0,5.1,176,-0.35575801609503915,5.087576656325103
2016-04-07 03:00:00,17.3,95,0.0,5.8,158,-2.17271824181229,5.377666356487367
2016-04-07 04:00:00,16.9,95,0.0,6.6,151,-3.199743493625824,5.772490067120012
2016-04-07 05:00:00,16.7,94,0.0,6.3,149,-3.2447398719333416,5.400153994423308
2016-04-07 06:00:00,16.4,94,0.0,6.2,144,-3.644268564213333,5.0159053651246746
2016-04-07 07:00:00,19.1,92,0.0,6.9,133,-5.046340541172277,4.705788684431241
2016-04-07 08:00:00,24.3,77,0.0,6.6,151,-3.199743493625824,5.772490067120012
2016-04-07 09:00:00,27.3,61,0.0,9.0,175,-0.7844016847289241,8.96575228282571
2016-04-07 10:00:00,28.9,56,0.0,12.6,193,2.8343832847326977,12.277062816293963
2016-04-07 11:00:00,29.9,56,0.0,14.7,211,7.571059701177796,12.60035932032105
2016-04-07 12:00:00,30.5,57,0.0,16.6,222,11.107568065557048,12.336204102924745
2016-04-07 13:00:00,30.6,59,0.0,18.4,228,13.673864788784053,12.31200315700299
2016-04-07 14:00:00,30.3,61,0.0,19.2,230,14.708053307884377,12.341522105981554
2016-04-07 15:00:00,29.2,68,0.0,17.6,229,13.28288861192079,11.546638910232929
2016-04-07 16:00:00,28.5,72,0.0,15.8,227,11.555388485582894,10.775574088987476
2016-04-07 17:00:00,27.3,78,0.2,12.0,219,7.55184469259805,9.32575153748365
2016-04-07 18:00:00,26.4,81,0.0,10.0,221,6.560590289905073,7.54709580222772
2016-04-07 19:00:00,25.1,87,0.0,10.5,211,5.407899786555569,9.00025665737218
2016-04-07 20:00:00,23.7,91,0.0,8.3,178,-0.28966582263075796,8.294943864258496
2016-04-07 21:00:00,23.4,88,0.0,7.4,157,-2.891410350820626,6.811735915548058
2016-04-07 22:00:00,22.1,90,0.0,7.0,145,-4.015035054457323,5.734064310022942
2016-04-07 23:00:00,20.6,94,0.0,6.2,144,-3.644268564213333,5.0159053651246746
2016-04-08 00:00:00,19.7,96,0.0,5.5,148,-2.914555953282626,4.664264528860343
2016-04-08 01:00:00,19.2,96,0.0,4.9,144,-2.880147736233118,3.9641832724372428
2016-04-08 02:00:00,19.3,94,0.0,4.8,138,-3.2118269105225195,3.5670951622914924
2016-04-08 03:00:00,18.9,94,0.0,5.1,135,-3.606244584051392,3.6062445840513924
2016-04-08 04:00:00,18.6,94,0.0,5.4,132,-4.012982057577928,3.613305274337835
2016-04-08 05:00:00,18.2,94,0.0,5.4,132,-4.012982057577928,3.613305274337835
2016-04-08 06:00:00,17.6,94,0.0,5.0,120,-4.330127018922194,2.4999999999999996
2016-04-08 07:00:00,19.5,94,0.0,5.2,124,-4.310995377286217,2.907803098047884
2016-04-08 08:00:00,24.5,77,0.0,2.4,153,-1.089577199374912,2.138415658052083
2016-04-08 09:00:00,26.9,63,0.0,4.8,257,4.676976310969129,1.079765060850552
2016-04-08 10:00:00,27.8,64,0.0,8.8,282,8.607698886457491,-1.8296228791962823
2016-04-08 11:00:00,28.3,65,0.0,10.4,304,8.621990754572433,-5.815606196095768
2016-04-08 12:00:00,28.4,67,0.0,9.8,306,7.9283665448744856,-5.760295472466237
2016-04-08 13:00:00,28.1,70,0.0,9.2,301,7.8859391664594325,-4.738350289172498
2016-04-08 14:00:00,27.7,71,0.0,8.5,298,7.505054539300879,-3.990508283680072
2016-04-08 15:00:00,27.1,75,0.0,8.7,308,6.85569355637848,-5.356254835333226
2016-04-08 16:00:00,26.7,77,0.0,8.1,328,4.29234604028896,-6.86918957886705
2016-04-08 17:00:00,25.9,80,0.0,8.4,335,3.5499933986218752,-7.61298541110786
2016-04-08 18:00:00,24.8,85,0.0,6.4,344,1.7640790772287946,-6.1520748540052415
2016-04-08 19:00:00,23.8,90,0.0,6.5,360,3.9801020972288977e-16,-6.5
2016-04-08 20:00:00,23.5,90,0.0,7.9,360,4.837354856632045e-16,-7.9
2016-04-08 21:00:00,23.0,92,0.0,9.4,353,1.1455718280083864,-9.329933825428427
2016-04-08 22:00:00,22.3,95,0.0,10.5,356,0.732442974313315,-10.474422527728153
2016-04-08 23:00:00,22.0,95,0.0,8.6,15,-2.2258437878816775,-8.306962106085987
2016-04-09 00:00:00,21.0,96,0.0,9.4,23,-3.672872607799174,-8.652745622452938
2016-04-09 01:00:00,19.1,100,0.0,8.3,18,-2.564841053312065,-7.893769085249775
2016-04-09 02:00:00,18.8,98,0.0,8.4,25,-3.549993398621873,-7.612985411107861
2016-04-09 03:00:00,19.8,92,0.0,6.4,47,-4.6806636903626915,-4.364789504399989
2016-04-09 04:00:00,19.6,90,0.0,4.1,52,-3.23084408978756,-2.5242120488351985
2016-04-09 05:00:00,19.4,90,0.0,4.4,35,-2.523736319944604,-3.604268994871563
2016-04-09 06:00:00,19.7,89,0.0,9.4,4,-0.6557108531947805,-9.377102072442348
2016-04-09 07:00:00,20.7,92,0.0,9.1,351,1.4235536318661013,-8.987963899415753
2016-04-09 08:00:00,23.9,80,0.0,9.4,353,1.1455718280083864,-9.329933825428427
2016-04-09 09:00:00,24.8,77,0.0,8.4,353,1.023702484603239,-8.337387673787106
2016-04-09 10:00:00,25.9,73,0.0,9.5,335,4.014873486536644,-8.609923976848174
2016-04-09 11:00:00,26.5,71,0.0,7.4,331,3.587591189822895,-6.472185832831529
2016-04-09 12:00:00,27.2,69,0.0,6.4,313,4.6806636903626915,-4.36478950439999
2016-04-09 13:00:00,27.2,70,0.0,6.9,309,5.3623071340531,-4.342310698243878
2016-04-09 14:00:00,26.5,73,0.0,4.8,297,4.276831316104166,-2.1791543987498243
2016-04-09 15:00:00,26.7,74,0.0,4.8,283,4.676976310969129,-1.079765060850552
2016-04-09 16:00:00,25.9,77,0.0,6.3,294,5.755336383148386,-2.5624408513775414
2016-04-09 17:00:00,25.1,81,0.2,4.1,308,3.2308440897875594,-2.524212048835199
2016-04-09 18:00:00,24.4,84,0.0,2.5,8,-0.3479327524001646,-2.475670171853926
2016-04-09 19:00:00,23.7,89,0.0,3.6,307,2.875087836170254,-2.166534083347374
2016-04-09 20:00:00,23.1,90,0.0,2.6,286,2.499280409439629,-0.7166571251241979
2016-04-09 21:00:00,23.2,89,0.0,1.1,90,-1.1,1.3471114790620887e-16
2016-04-09 22:00:00,21.5,94,0.0,4.7,90,-4.7,5.755839955992561e-16
2016-04-09 23:00:00,20.9,95,0.0,7.7,101,-7.558529312547013,1.4692292643993963
2016-04-10 00:00:00,20.4,95,0.0,8.5,102,-8.314254606237348,1.767249371950954
2016-04-10 01:00:00,19.9,95,0.0,8.0,100,-7.878462024097664,1.3891854213354422
2016-04-10 02:00:00,20.0,94,0.0,6.3,114,-5.755336383148385,2.5624408513775427
2016-04-10 03:00:00,19.6,88,0.0,1.8,127,-1.4375439180851273,1.0832670416736867
2016-04-10 04:00:00,19.5,87,0.0,1.5,225,1.0606601717798214,1.0606601717798212
2016-04-10 05:00:00,18.9,88,0.0,1.3,34,-0.7269507745119705,-1.0777488443215544
2016-04-10 06:00:00,18.5,89,0.0,4.0,27,-1.8159619989581877,-3.564026096753471
2016-04-10 07:00:00,20.5,89,0.0,5.8,68,-5.377666356487367,-2.1727182418122895
2016-04-10 08:00:00,24.6,70,0.0,4.8,117,-4.276831316104166,2.1791543987498248
2016-04-10 09:00:00,25.8,65,0.0,4.8,222,3.2118269105225195,3.5670951622914924
2016-04-10 10:00:00,26.8,62,0.0,6.8,212,3.603450996785793,5.766727053863696
2016-04-10 11:00:00,27.5,61,0.0,11.7,236,9.699739598893986,6.542556970607738
2016-04-10 12:00:00,27.7,63,0.0,17.9,245,16.222909387956033,7.564866885158519
2016-04-10 13:00:00,26.3,72,0.5,16.1,243,14.345205039432724,7.309247045806703
2016-04-10 14:00:00,25.2,75,1.5,9.6,200,3.2833933759264204,9.02104915954472
2016-04-10 15:00:00,24.6,82,0.5,4.0,153,-1.8159619989581868,3.5640260967534716
2016-04-10 16:00:00,24.8,81,0.4,1.8,217,1.0832670416736871,1.437543918085127
2016-04-10 17:00:00,24.5,85,0.9,8.7,135,-6.151828996322962,6.151828996322964
2016-04-10 18:00:00,23.6,86,1.4,14.1,128,-11.110951625854778,8.680826802091783
2016-04-10 19:00:00,22.9,80,0.7000000000000001,8.9,130,-6.817795543758904,5.720809726210201
2016-04-10 20:00:00,22.0,82,0.3,8.1,135,-5.727564927611034,5.727564927611035
2016-04-10 21:00:00,21.6,78,0.0,8.9,148,-4.716281451675523,7.547628055792193
2016-04-10 22:00:00,21.9,73,0.0,8.5,144,-4.996174644486021,6.876644452187053
2016-04-10 23:00:00,22.0,70,0.2,11.0,157,-4.298042413382012,10.125553387976844
2016-04-11 00:00:00,21.5,72,0.4,10.6,156,-4.3114084166034825,9.683581851011569
2016-04-11 01:00:00,21.2,75,0.6,8.0,144,-4.702282018339784,6.47213595499958
2016-04-11 02:00:00,21.1,77,0.9,6.1,135,-4.313351365237939,4.31335136523794
2016-04-11 03:00:00,21.0,73,0.0,2.6,124,-2.1554976886431083,1.453901549023942
2016-04-11 04:00:00,20.6,78,0.0,4.0,5,-0.348622970990633,-3.984778792366982
2016-04-11 05:00:00,21.8,66,0.0,7.9,357,0.41345405431925736,-7.889173324561134
2016-04-11 06:00:00,21.3,71,0.0,10.3,12,-2.141490415422926,-10.074920287558198
2016-04-11 07:00:00,21.1,80,0.0,12.0,21,-4.3004153945436085,-11.20296511796642
2016-04-11 08:00:00,22.7,76,0.0,13.0,14,-3.144984642795681,-12.613844441587954
2016-04-11 09:00:00,23.2,76,0.0,14.8,3,-0.7745721523955758,-14.779717114367694
2016-04-11 10:00:00,23.7,75,0.0,15.9,5,-1.3857763096877662,-15.839495699658755
2016-04-11 11:00:00,24.4,74,0.0,15.0,10,-2.6047226650039548,-14.772116295183121
2016-04-11 12:00:00,24.9,74,0.0,14.8,3,-0.7745721523955758,-14.779717114367694
2016-04-11 13:00:00,24.8,76,0.0,15.1,3,-0.790272939268459,-15.079305974794064
2016-04-11 14:00:00,24.1,80,0.4,13.7,2,-0.4781231048242604,-13.691654330161612
2016-04-11 15:00:00,24.3,79,0.3,12.3,355,1.0720156357961952,-12.253194786528471
2016-04-11 16:00:00,22.9,87,1.5,11.6,355,1.0110066158728344,-11.555858497864248
2016-04-11 17:00:00,22.2,91,1.8,10.1,356,0.7045403848156648,-10.075396907624224
2016-04-11 18:00:00,21.6,95,1.3,9.0,16,-2.4807362023529897,-8.651355263444872
2016-04-11 19:00:00,21.3,95,1.6,8.2,38,-5.048424097670396,-6.461688179575121
2016-04-11 20:00:00,20.9,97,2.0,7.3,70,-6.859756131737131,-2.496747046277381
2016-04-11 21:00:00,20.7,97,1.9,6.1,40,-3.9210044190878905,-4.672871103025765
2016-04-11 22:00:00,20.3,96,2.0,10.1,2,-0.35248491669525767,-10.093847352892867
2016-04-11 23:00:00,20.2,96,1.7000000000000002,12.3,7,-1.4989929238833102,-12.208317665188263
2016-04-12 00:00:00,20.0,97,1.3,11.8,20,-4.0358376912428895,-11.08837292527372
2016-04-12 01:00:00,19.7,97,1.1,9.4,18,-2.904759747124507,-8.939931253174443
2016-04-12 02:00:00,19.4,97,0.4,7.5,17,-2.192787785420528,-7.172285669722765
2016-04-12 03:00:00,20.8,91,0.1,8.1,13,-1.8221035401853085,-7.892397524760404
2016-04-12 04:00:00,19.7,93,0.0,8.6,2,-0.3001356716415065,-8.594761112364223
2016-04-12 05:00:00,18.9,95,0.0,9.3,13,-2.092044805397947,-9.061641602502688
2016-04-12 06:00:00,19.1,93,0.0,8.9,14,-2.1531048708370433,-8.635631963856369
2016-04-12 07:00:00,20.0,95,0.0,10.8,360,6.613092715395707e-16,-10.8
2016-04-12 08:00:00,22.3,89,0.0,11.2,358,0.3908743630680121,-11.193177262613872
2016-04-12 09:00:00,23.1,85,0.0,10.4,360,6.368163355566237e-16,-10.4
2016-04-12 10:00:00,24.5,77,0.0,7.9,357,0.41345405431925736,-7.889173324561134
2016-04-12 11:00:00,25.4,73,0.0,5.9,349,1.125773072721615,-5.791600382341218
2016-04-12 12:00:00,26.3,70,0.0,6.0,327,3.2678342100901627,-5.032023407672544
2016-04-12 13:00:00,26.3,70,0.0,7.9,317,5.387787044493738,-5.777694242791447
2016-04-12 14:00:00,26.2,72,0.0,8.9,317,6.069785404556237,-6.509047944410617
2016-04-12 15:00:00,25.6,76,0.1,7.9,313,5.777694242791447,-5.387787044493738
2016-04-12 16:00:00,25.4,76,0.0,6.1,320,3.92100441908789,-4.6728711030257655
2016-04-12 17:00:00,24.8,80,0.0,6.8,335,2.873804179836756,-6.162892951849219
2016-04-12 18:00:00,24.0,84,0.0,9.0,358,0.31409547032250973,-8.994517443171862
2016-04-12 19:00:00,22.9,89,0.4,5.4,352,0.7515347451843536,-5.34744757120448
2016-04-12 20:00:00,22.1,95,1.3,4.4,351,0.6883116461770161,-4.3458286986186065
2016-04-12 21:00:00,22.3,92,1.9,3.3,347,0.7423384793347542,-3.2154212137912763
2016-04-12 22:00:00,22.2,92,2.1,1.6,297,1.4256104387013888,-0.7263847995832748
2016-04-12 23:00:00,21.3,95,1.9,3.7,169,-0.7059932828932158,3.632020578756357
2016-04-13 00:00:00,21.4,93,1.2,10.1,145,-5.793122007145566,8.273435647318816
2016-04-13 01:00:00,21.6,91,0.8,10.5,139,-6.888619804400325,7.924450592339108
2016-04-13 02:00:00,21.8,89,0.4,9.7,141,-6.104407793183421,7.538315826132618
2016-04-13 03:00:00,21.9,87,0.2,10.3,144,-6.054188098612473,8.332875042061959
2016-04-13 04:00:00,21.5,88,0.2,8.9,159,-3.1894747509531727,8.308865795825096
2016-04-13 05:00:00,21.3,87,1.2,12.0,171,-1.8772135804827697,11.852260087141653
2016-04-13 06:00:00,21.6,85,3.0,12.1,168,-2.515731458894888,11.835585968879048
2016-04-13 07:00:00,22.1,86,2.5,14.4,177,-0.7536377698983914,14.380265300465863
2016-04-13 08:00:00,23.3,85,1.0,12.7,172,-1.7674983821928298,12.576404473017943
2016-04-13 09:00:00,24.2,83,0.4,11.6,158,-4.34543648362458,10.755332712974734
2016-04-13 10:00:00,25.4,78,0.6,15.2,173,-1.85241401975824,15.086701504948095
2016-04-13 11:00:00,25.6,78,0.6,16.7,161,-5.436988179434516,15.79016021250859
2016-04-13 12:00:00,24.8,86,2.1,17.5,161,-5.697442703000242,16.546575072988045
2016-04-13 13:00:00,23.7,90,3.4,17.1,158,-6.405772747412097,15.854843913092067
2016-04-13 14:00:00,23.7,89,4.8,13.5,164,-3.7211043035294873,12.977032895167305
2016-04-13 15:00:00,23.2,85,3.7,19.4,179,-0.33857668488329945,19.39704528603399
2016-04-13 16:00:00,23.2,85,2.2,23.6,188,3.284485182657545,23.370326422301062
2016-04-13 17:00:00,22.9,86,2.1,25.0,186,2.6132115816913366,24.863047384206833
2016-04-13 18:00:00,22.7,87,4.0,23.1,182,0.806178373827775,23.085928104141114
2016-04-13 19:00:00,22.5,88,7.4,14.6,189,2.2839431895873714,14.420249772689012
2016-04-13 20:00:00,22.3,89,10.7,6.2,170,-1.076618701534968,6.10580806867569
2016-04-13 21:00:00,22.4,89,10.5,3.3,167,-0.7423384793347546,3.2154212137912763
2016-04-13 22:00:00,22.2,90,8.0,5.8,176,-0.4045875477159269,5.78587149150698
2016-04-13 23:00:00,22.1,89,5.4,7.9,180,4.837354856632045e-16,7.9
2016-04-14 00:00:00,22.1,87,5.3,10.8,180,6.613092715395707e-16,10.8
2016-04-14 01:00:00,21.9,88,4.0,13.3,178,-0.46416330614326273,13.291897999353974
2016-04-14 02:00:00,21.7,88,2.6,13.9,170,-2.413709669570331,13.688827766869691
2016-04-14 03:00:00,21.4,88,1.7000000000000002,13.2,169,-2.518678738970391,12.957478821509163
2016-04-14 04:00:00,21.4,88,1.3,12.1,163,-3.5376976271451133,11.57128754715273
2016-04-14 05:00:00,21.3,88,1.0,8.9,153,-4.040515447681965,7.929958065276475
2016-04-14 06:00:00,21.0,90,0.5,8.4,137,-5.7287862245249865,6.143371093601033
2016-04-14 07:00:00,21.9,91,0.5,6.2,159,-2.2218812871808615,5.788198644282651
2016-04-14 08:00:00,23.5,86,1.3,5.8,184,0.40458754771592637,5.78587149150698
2016-04-14 09:00:00,23.4,86,1.8,7.3,200,2.4967470462773824,6.8597561317371305
2016-04-14 10:00:00,24.2,83,1.5,5.4,184,0.3766849582182763,5.386845871403051
2016-04-14 11:00:00,24.8,83,1.6,7.2,267,7.190132650232932,0.37681888494919563
2016-04-14 12:00:00,25.1,84,2.3,11.2,264,11.13864522812466,1.1707187885977188
2016-04-14 13:00:00,25.3,85,2.6,8.4,250,7.8934180146016315,2.872969203935617
2016-04-14 14:00:00,25.4,85,2.1,8.0,234,6.47213595499958,4.702282018339785
2016-04-14 15:00:00,25.4,85,1.6,10.3,234,8.332875042061959,6.054188098612474
2016-04-14 16:00:00,24.9,88,2.0,7.4,223,5.046787864462489,5.412017391981862
2016-04-14 17:00:00,24.7,90,2.4,4.6,231,3.5748714227020657,2.8948737988292517
2016-04-14 18:00:00,23.9,94,4.1,5.4,270,5.4,0.0
2016-04-14 19:00:00,23.4,96,2.7,3.6,217,2.1665340833473743,2.875087836170254
2016-04-14 20:00:00,23.3,95,2.9,4.7,176,-0.3278554265973891,4.688551036221174
2016-04-14 21:00:00,23.0,95,2.8,5.4,200,1.8469087739586119,5.074340152243905
2016-04-14 22:00:00,22.7,95,2.2,6.0,237,5.032023407672544,3.2678342100901627
2016-04-14 23:00:00,22.9,94,3.4,6.3,239,5.400153994423308,3.244739871933341
2016-04-15 00:00:00,22.8,94,4.9,7.2,207,3.268731598124737,6.415246974156248
2016-04-15 01:00:00,22.5,93,8.6,7.6,183,0.3977532674463741,7.589584464134761
2016-04-15 02:00:00,22.9,91,15.4,3.6,186,0.3763024677635525,3.580278823325784
2016-04-15 03:00:00,23.3,88,0.6,3.5,24,-1.4235782507653003,-3.1974091017491033
2016-04-15 04:00:00,22.8,89,0.2,6.0,25,-2.5357095704441948,-5.4378467222199
2016-04-15 05:00:00,23.0,86,0.2,3.1,54,-2.5079526825623377,-1.8221342821066664
2016-04-15 06:00:00,23.0,85,0.2,1.3,214,0.7269507745119709,1.0777488443215544
2016-04-15 07:00:00,22.7,92,0.1,2.9,210,1.4500000000000002,2.5114736709748717
2016-04-15 08:00:00,24.5,84,0.0,1.3,214,0.7269507745119709,1.0777488443215544
2016-04-15 09:00:00,25.7,81,0.0,0.8,243,0.7128052193506944,0.3631923997916374
2016-04-15 10:00:00,27.0,77,0.0,4.3,275,4.283637201794505,-0.3747696938149301
2016-04-15 11:00:00,27.6,75,0.0,10.3,295,9.334970206477495,-4.352968095929205
2016-04-15 12:00:00,26.3,82,0.3,9.7,318,6.490566881680924,-7.208504807130724
2016-04-15 13:00:00,25.8,84,0.3,7.7,332,3.61493103345136,-6.798696465013737
2016-04-15 14:00:00,25.1,88,0.4,9.2,329,4.738350289172498,-7.8859391664594325
2016-04-15 15:00:00,24.6,92,0.5,11.1,335,4.691062705321763,-10.060016436106814
2016-04-15 16:00:00,24.1,94,0.9,10.5,344,2.8941922360784913,-10.093247807352348
2016-04-15 17:00:00,23.6,97,1.0,10.1,4,-0.7045403848156684,-10.075396907624224
2016-04-15 18:00:00,23.3,98,0.5,9.4,23,-3.672872607799174,-8.652745622452938
2016-04-15 19:00:00,23.0,98,0.3,6.2,36,-3.644268564213334,-5.015905365124674
2016-04-15 20:00:00,22.5,98,0.0,3.6,45,-2.545584412271572,-2.545584412271571
2016-04-15 21:00:00,22.0,97,0.0,5.5,337,2.1490212066910055,-5.062776693988422
2016-04-15 22:00:00,22.5,94,0.0,6.5,341,2.116193003971519,-6.145870741395559
2016-04-15 23:00:00,22.6,92,0.0,6.0,343,1.7542302283364206,-5.737828535778212
2016-04-16 00:00:00,22.7,90,0.0,7.4,337,2.8914103508206255,-6.811735915548059
2016-04-16 01:00:00,22.4,90,0.0,7.6,341,2.474317973874391,-7.185941174554807
2016-04-16 02:00:00,22.3,90,0.0,7.4,346,1.7902220274375409,-7.180188374442374
2016-04-16 03:00:00,21.1,88,0.0,6.1,357,0.3192493330819582,-6.0916401620029
2016-04-16 04:00:00,21.4,85,0.0,4.7,351,0.7352419856890854,-4.6421352007971475
2016-04-16 05:00:00,21.3,84,0.0,1.6,297,1.4256104387013888,-0.7263847995832748
2016-04-16 06:00:00,21.5,82,0.0,2.7,247,2.485363104321589,1.0549740469210394
2016-04-16 07:00:00,21.3,91,0.0,4.9,234,3.9641832724372428,2.8801477362331185
2016-04-16 08:00:00,23.9,80,0.0,7.7,221,5.051654523226906,5.811263767715345
2016-04-16 09:00:00,25.2,76,0.0,13.7,215,7.857997178009332,11.222383006759188
2016-04-16 10:00:00,26.7,72,0.0,16.9,218,10.404678933003625,13.317381735953601
2016-04-16 11:00:00,28.0,66,0.0,19.9,221,13.055574676911094,15.018720646433161
2016-04-16 12:00:00,29.1,61,0.0,22.9,228,17.018016503432328,15.323090885617853
2016-04-16 13:00:00,29.5,60,0.0,24.4,226,17.551891128263087,16.94966423919953
2016-04-16 14:00:00,29.5,61,0.0,23.7,224,16.463403379878233,17.04835326802603
2016-04-16 15:00:00,28.3,70,0.0,22.0,220,14.141327413103866,16.852977748617516
2016-04-16 16:00:00,28.1,71,0.0,18.0,209,8.726573164434068,15.743154728509124
2016-04-16 17:00:00,27.6,74,0.0,15.4,191,2.9384585287987917,15.117058625094026
2016-04-16 18:00:00,26.6,76,0.0,10.7,192,2.224655091750026,10.46617932785172
2016-04-16 19:00:00,24.7,84,0.0,8.8,199,2.8649997592229797,8.320563465273988
2016-04-16 20:00:00,23.7,83,0.0,6.6,171,-1.0324674692655234,6.518743047927909
2016-04-16 21:00:00,21.7,87,0.0,8.1,159,-2.902780391316932,7.5620014546273335
2016-04-16 22:00:00,20.7,86,0.0,7.9,164,-2.1775351109542926,7.59396739791272
2016-04-16 23:00:00,20.1,83,0.0,5.6,165,-1.4493866525741166,5.4091846272187825
2016-04-17 00:00:00,19.7,82,0.0,3.3,186,0.3449439287832564,3.2819222547153015
2016-04-17 01:00:00,21.0,72,0.0,2.7,203,1.0549740469210391,2.485363104321589
2016-04-17 02:00:00,19.7,79,0.0,2.2,180,1.3471114790620887e-16,2.2
2016-04-17 03:00:00,18.9,79,0.0,2.8,140,-1.7998053071223101,2.1449244407331385
2016-04-17 04:00:00,18.8,77,0.0,4.4,125,-3.6042689948715645,2.5237363199446023
2016-04-17 05:00:00,18.5,76,0.0,4.7,122,-3.9858260519352022,2.490620541896063
2016-04-17 06:00:00,18.3,77,0.0,4.8,117,-4.276831316104166,2.1791543987498248
2016-04-17 07:00:00,21.0,77,0.0,3.5,114,-3.197409101749103,1.4235782507653014
2016-04-17 08:00:00,24.9,62,0.0,1.6,117,-1.4256104387013886,0.7263847995832751
2016-04-17 09:00:00,26.4,62,0.0,1.9,292,1.761649323676896,-0.7117525274902328
2016-04-17 10:00:00,26.9,68,0.0,5.6,310,4.289848881466277,-3.5996106142446194
2016-04-17 11:00:00,27.6,68,0.0,6.9,309,5.3623071340531,-4.342310698243878
2016-04-17 12:00:00,28.1,67,0.0,6.9,298,6.092338390726597,-3.2393537832226467
2016-04-17 13:00:00,28.4,67,0.0,6.5,270,6.5,0.0
2016-04-17 14:00:00,28.5,68,0.0,8.4,260,8.272385125302547,1.458644692402215
2016-04-17 15:00:00,27.9,73,0.0,10.1,270,10.1,0.0
2016-04-17 16:00:00,27.4,76,0.0,9.1,279,8.987963899415753,-1.4235536318661008
2016-04-17 17:00:00,26.4,81,0.0,6.2,291,5.788198644282651,-2.2218812871808615
2016-04-17 18:00:00,25.8,84,0.0,3.2,297,2.8512208774027776,-1.4527695991665497
2016-04-17 19:00:00,24.6,92,0.0,1.8,307,1.437543918085127,-1.083267041673687
2016-04-17 20:00:00,24.7,88,0.0,3.1,21,-1.1109406435904323,-2.894099322141325
2016-04-17 21:00:00,24.2,90,0.0,4.1,52,-3.23084408978756,-2.5242120488351985
2016-04-17 22:00:00,22.1,96,0.0,2.7,67,-2.485363104321589,-1.0549740469210387
2016-04-17 23:00:00,21.1,97,0.0,1.1,18,-0.33991869381244233,-1.0461621679246689
2016-04-18 00:00:00,20.4,96,0.0,1.3,124,-1.0777488443215542,0.726950774511971
2016-04-18 01:00:00,19.9,95,0.0,4.6,141,-2.894873798829251,3.5748714227020666
2016-04-18 02:00:00,19.3,95,0.0,6.3,149,-3.2447398719333416,5.400153994423308
2016-04-18 03:00:00,23.3,78,0.0,3.2,180,1.9594348786357652e-16,3.2
2016-04-18 04:00:00,23.2,78,0.0,3.9,304,3.2332465329646625,-2.180852323535913
2016-04-18 05:00:00,22.9,80,0.0,4.7,351,0.7352419856890854,-4.6421352007971475
2016-04-18 06:00:00,21.7,84,0.3,6.1,62,-5.385980316439453,-2.863776532993934
2016-04-18 07:00:00,21.6,92,0.3,9.9,109,-9.360633898433237,3.2231247291258502
2016-04-18 08:00:00,23.7,83,0.4,11.1,119,-9.708278749247292,5.381386784734342
2016-04-18 09:00:00,25.2,73,0.7000000000000001,7.4,141,-4.656970893768796,5.750880114781586
2016-04-18 10:00:00,26.5,66,1.6,3.3,229,2.4905416147351476,2.1649947956686737
2016-04-18 11:00:00,26.9,69,1.5,10.0,345,2.5881904510252074,-9.659258262890683
2016-04-18 12:00:00,27.1,72,2.9,16.6,359,0.2897099468589078,-16.597471739596095
2016-04-18 13:00:00,25.6,79,1.8,16.9,1,-0.2949456687900911,-16.89742604814301
2016-04-18 14:00:00,24.8,84,0.5,16.9,359,0.29494566879009276,-16.89742604814301
2016-04-18 15:00:00,23.9,84,0.3,23.1,356,1.611374543489293,-23.04372956100194
2016-04-18 16:00:00,22.3,88,0.0,24.9,2,-0.868997467892269,-24.884831592775484
2016-04-18 17:00:00,21.5,88,0.2,23.9,7,-2.9126773073830172,-23.721853024227595
2016-04-18 18:00:00,20.8,89,0.0,20.7,8,-2.8808831898733627,-20.498549022950503
2016-04-18 19:00:00,20.4,89,0.0,19.3,9,-3.019185175276459,-19.062384973486157
2016-04-18 20:00:00,20.2,89,0.0,18.7,11,-3.568128213541384,-18.356428330471317
2016-04-18 21:00:00,20.0,90,0.0,19.0,10,-3.2993153756716764,-18.711347307231954
2016-04-18 22:00:00,19.5,91,0.0,20.2,5,-1.7605460035026965,-20.12313290145326
2016-04-18 23:00:00,19.1,92,0.0,21.0,7,-2.5592562115080906,-20.843469184467764
2016-04-19 00:00:00,18.7,92,0.0,18.7,11,-3.568128213541384,-18.356428330471317
2016-04-19 01:00:00,18.4,93,0.0,16.6,13,-3.7341875021081634,-16.174543075434904
2016-04-19 02:00:00,18.4,91,0.0,14.8,14,-3.5804440548750835,-14.360376748884748
2016-04-19 03:00:00,18.2,91,0.0,15.0,11,-2.8621349306481694,-14.72440775171496
2016-04-19 04:00:00,18.3,89,0.0,15.7,9,-2.4560211011316273,-15.50670694734366
2016-04-19 05:00:00,18.7,86,0.0,14.9,8,-2.0736792043049808,-14.754994224249398
2016-04-19 06:00:00,19.6,83,0.0,14.3,12,-2.973137178693965,-13.987510690493421
2016-04-19 07:00:00,20.0,90,0.0,14.1,6,-1.4738513320739124,-14.022758724692654
2016-04-19 08:00:00,22.9,78,0.0,14.1,6,-1.4738513320739124,-14.022758724692654
2016-04-19 09:00:00,23.9,77,0.0,13.0,5,-1.1330246557195571,-12.950531075192693
2016-04-19 10:00:00,25.0,75,0.0,12.6,360,7.715274834628325e-16,-12.6
2016-04-19 11:00:00,25.8,74,0.0,14.2,353,1.7305446763530943,-14.094155353306771
2016-04-19 12:00:00,26.3,73,0.0,16.1,350,2.79573566043758,-15.855404823496551
2016-04-19 13:00:00,26.4,74,0.0,16.3,354,1.7038139512627515,-16.210706894502856
2016-04-19 14:00:00,26.2,75,0.0,15.9,355,1.3857763096877644,-15.839495699658755
2016-04-19 15:00:00,25.6,76,0.0,15.9,355,1.3857763096877644,-15.839495699658755
2016-04-19 16:00:00,25.2,78,0.0,14.4,359,0.2513146526968838,-14.397806810252035
2016-04-19 17:00:00,24.6,79,0.0,12.6,358,0.4397336584515136,-12.592324420440606
2016-04-19 18:00:00,23.6,84,0.0,10.8,358,0.3769145643870117,-10.793420931806235
2016-04-19 19:00:00,22.7,87,0.0,9.7,4,-0.676637795318018,-9.676371287520293
2016-04-19 20:00:00,22.0,91,0.0,8.2,15,-2.122316169840669,-7.92059177557036
2016-04-19 21:00:00,21.5,93,0.0,7.6,5,-0.6623836448822027,-7.571079705497266
2016-04-19 22:00:00,21.3,92,0.0,9.1,351,1.4235536318661013,-8.987963899415753
2016-04-19 23:00:00,21.2,92,0.0,10.5,354,1.0975488643103612,-10.44247990136687
2016-04-20 00:00:00,21.0,93,0.0,10.1,4,-0.7045403848156684,-10.075396907624224
2016-04-20 01:00:00,20.5,94,0.0,9.3,13,-2.092044805397947,-9.061641602502688
2016-04-20 02:00:00,20.6,94,0.0,8.5,12,-1.767249371950958,-8.314254606237347
2016-04-20 03:00:00,20.8,92,0.0,8.0,8,-1.1133848076805266,-7.922144549932562
2016-04-20 04:00:00,20.8,91,0.0,8.0,8,-1.1133848076805266,-7.922144549932562
2016-04-20 05:00:00,21.0,90,0.0,8.0,8,-1.1133848076805266,-7.922144549932562
2016-04-20 06:00:00,21.0,89,0.0,8.6,360,5.265981236333618e-16,-8.6
2016-04-20 07:00:00,21.7,93,0.0,9.8,354,1.024378940023004,-9.746314574609078
2016-04-20 08:00:00,24.0,86,0.0,9.6,347,2.159530121701103,-9.353952621938259
2016-04-20 09:00:00,25.1,83,0.0,9.5,335,4.014873486536644,-8.609923976848174
2016-04-20 10:00:00,26.3,79,0.0,9.8,332,4.600821315301731,-8.652886410017484
2016-04-20 11:00:00,27.1,77,0.0,10.2,328,5.40517649517869,-8.650090580795544
2016-04-20 12:00:00,27.8,75,0.0,10.3,324,6.054188098612474,-8.332875042061959
2016-04-20 13:00:00,28.0,74,0.0,11.2,320,7.1992212284892405,-8.579697762932554
2016-04-20 14:00:00,27.7,74,0.0,12.8,322,7.880466884168427,-10.086537646166043
2016-04-20 15:00:00,26.1,81,0.1,11.5,328,6.094071538681856,-9.7525531057989
2016-04-20 16:00:00,25.7,82,0.0,8.6,338,3.2216167033768426,-7.973781149274371
2016-04-20 17:00:00,25.1,84,0.0,6.8,357,0.35588450245201897,-6.790680836331102
2016-04-20 18:00:00,24.5,87,0.0,6.8,357,0.35588450245201897,-6.790680836331102
2016-04-20 19:00:00,23.7,90,0.0,6.7,344,1.8467702839738944,-6.440453362786736
2016-04-20 20:00:00,23.0,94,0.0,5.0,360,3.061616997868383e-16,-5.0
2016-04-20 21:00:00,22.9,93,0.0,4.1,45,-2.8991378028648453,-2.8991378028648445
2016-04-20 22:00:00,21.8,95,0.0,4.1,75,-3.96029588778518,-1.0611580849203353
2016-04-20 23:00:00,20.5,98,0.0,3.6,84,-3.580278823325784,-0.3763024677635526
2016-04-21 00:00:00,19.5,100,0.0,3.6,96,-3.580278823325784,0.37630246776355347
2016-04-21 01:00:00,19.0,99,0.0,3.5,114,-3.197409101749103,1.4235782507653014
2016-04-21 02:00:00,18.6,99,0.0,3.4,122,-2.883363526931848,1.8017254983928965
2016-04-21 03:00:00,18.6,97,0.0,3.9,124,-3.2332465329646625,2.180852323535913
2016-04-21 04:00:00,18.4,96,0.0,4.3,132,-3.195522749552794,2.8772616073430908
2016-04-21 05:00:00,18.1,96,0.0,4.7,148,-2.4906205418960625,3.9858260519352027
2016-04-21 06:00:00,18.0,96,0.0,4.6,141,-2.894873798829251,3.5748714227020666
2016-04-21 07:00:00,21.5,91,0.0,5.9,137,-4.023790324368741,4.314986839553106
2016-04-21 08:00:00,25.5,79,0.0,5.9,166,-1.42733918403804,5.7247447850283795
2016-04-21 09:00:00,27.9,64,0.0,9.7,195,2.510544737494451,9.369480515003962
2016-04-21 10:00:00,29.2,63,0.0,13.7,207,6.219669846431791,12.206789381380638
2016-04-21 11:00:00,29.9,64,0.0,16.2,212,8.58469208057792,13.7383791577341
2016-04-21 12:00:00,30.2,64,0.0,18.3,212,9.69752253546765,15.519280159662596
2016-04-21 13:00:00,29.7,66,0.3,19.4,215,11.127382865210295,15.89154965920644
2016-04-21 14:00:00,29.1,70,0.5,17.6,211,9.064670118416954,15.086144492357178
2016-04-21 15:00:00,28.4,73,0.3,15.8,207,7.17304989588484,14.077903082176212
2016-04-21 16:00:00,28.2,73,0.2,14.7,202,5.506716923213905,13.629602662131774
2016-04-21 17:00:00,27.6,75,0.0,10.9,207,4.948496447161061,9.71197111365321
2016-04-21 18:00:00,26.4,81,0.0,9.6,214,5.368251873319169,7.9587606965284
2016-04-21 19:00:00,25.2,85,0.0,10.8,180,6.613092715395707e-16,10.8
2016-04-21 20:00:00,24.2,87,0.0,10.5,164,-2.89419223607849,10.093247807352348
2016-04-21 21:00:00,23.2,89,0.0,8.9,159,-3.1894747509531727,8.308865795825096
2016-04-21 22:00:00,22.1,90,0.0,8.1,159,-2.902780391316932,7.5620014546273335
2016-04-21 23:00:00,21.2,91,0.0,7.2,153,-3.2687315981247362,6.415246974156249
2016-04-22 00:00:00,20.4,91,0.0,6.6,151,-3.199743493625824,5.772490067120012
2016-04-22 01:00:00,19.9,90,0.0,5.6,153,-2.542346798541461,4.98963653545486
2016-04-22 02:00:00,19.3,90,0.0,5.5,157,-2.149021206691006,5.062776693988422
2016-04-22 03:00:00,19.3,87,0.0,5.6,153,-2.542346798541461,4.98963653545486
2016-04-22 04:00:00,18.9,87,0.0,6.0,155,-2.535709570444196,5.4378467222199
2016-04-22 05:00:00,18.5,87,0.0,5.3,152,-2.4881992827652217,4.679622242152313
2016-04-22 06:00:00,18.5,87,0.0,4.2,160,-1.4364846019678086,3.9467090073008158
2016-04-22 07:00:00,21.7,85,0.0,5.2,168,-1.0811407922523486,5.08636752381579
2016-04-22 08:00:00,25.8,68,0.0,5.1,184,0.35575801609503865,5.087576656325103
2016-04-22 09:00:00,27.3,60,0.0,6.8,212,3.603450996785793,5.766727053863696
2016-04-22 10:00:00,28.0,63,0.0,9.5,233,7.587037345449282,5.717242719944458
2016-04-22 11:00:00,28.2,68,0.0,11.1,241,9.708278749247292,5.3813867847343415
2016-04-22 12:00:00,28.3,69,0.0,12.4,240,10.73871500692704,6.199999999999999
2016-04-22 13:00:00,28.6,70,0.0,13.0,246,11.876090949353811,5.287576359985403
2016-04-22 14:00:00,28.1,72,0.1,11.8,250,11.08837292527372,4.035837691242891
2016-04-22 15:00:00,26.9,75,0.4,8.3,236,6.881011852206846,4.6413010988072
2016-04-22 16:00:00,27.3,73,0.0,7.9,231,6.139453095510071,4.971631089293716
2016-04-22 17:00:00,27.1,73,0.0,6.7,234,5.420413862312148,3.93816119035957
2016-04-22 18:00:00,26.5,77,0.0,4.0,190,0.6945927106677217,3.939231012048832
2016-04-22 19:00:00,25.1,86,0.0,6.2,173,-0.7555899291119137,6.153786140176197
2016-04-22 20:00:00,23.6,89,0.0,6.2,187,0.7555899291119145,6.153786140176196
2016-04-22 21:00:00,22.4,90,0.0,5.4,184,0.3766849582182763,5.386845871403051
2016-04-22 22:00:00,21.2,93,0.0,6.5,161,-2.116193003971518,6.1458707413955596
2016-04-22 23:00:00,20.2,94,0.0,6.5,146,-3.6347538725598536,5.388744221607771
2016-04-23 00:00:00,19.8,92,0.0,5.9,142,-3.6324027044213842,4.64926344627966
2016-04-23 01:00:00,19.5,90,0.0,6.1,140,-3.92100441908789,4.6728711030257655
2016-04-23 02:00:00,19.2,88,0.0,6.7,144,-3.9381611903595695,5.420413862312148
2016-04-23 03:00:00,19.0,88,0.0,6.2,144,-3.644268564213333,5.0159053651246746
2016-04-23 04:00:00,18.5,88,0.0,5.4,143,-3.2498011250210617,4.312631754255381
2016-04-23 05:00:00,18.0,89,0.0,4.9,144,-2.880147736233118,3.9641832724372428
2016-04-23 06:00:00,18.0,90,0.0,4.1,165,-1.0611580849203355,3.96029588778518
2016-04-23 07:00:00,21.1,88,0.0,6.9,141,-4.342310698243877,5.3623071340531006
2016-04-23 08:00:00,25.4,71,0.0,8.2,142,-5.048424097670398,6.46168817957512
2016-04-23 09:00:00,27.4,59,0.0,9.7,158,-3.633683956134347,8.993683389297837
2016-04-23 10:00:00,28.6,57,0.0,10.9,186,1.1393602496174227,10.84028865951418
2016-04-23 11:00:00,29.3,58,0.0,11.8,211,6.077449283938639,10.114574148284927
2016-04-23 12:00:00,29.7,60,0.0,13.2,223,9.00237835282498,9.65386886137305
2016-04-23 13:00:00,29.8,61,0.0,14.8,225,10.465180361560904,10.465180361560902
2016-04-23 14:00:00,29.7,63,0.0,13.8,219,8.684621396487758,10.7246142681062
2016-04-23 15:00:00,28.6,65,0.0,11.4,208,5.351975815759156,10.065602558591767
2016-04-23 16:00:00,28.1,68,0.0,8.2,209,3.975438886019964,7.171881598543044
2016-04-23 17:00:00,27.6,71,0.0,6.1,230,4.6728711030257655,3.921004419087889
2016-04-23 18:00:00,26.7,81,0.0,2.6,304,2.1554976886431083,-1.453901549023942
2016-04-23 19:00:00,25.5,80,0.0,0.8,27,-0.36319239979163753,-0.7128052193506943
2016-04-23 20:00:00,23.8,84,0.0,1.8,79,-1.7669289302057951,-0.3434561916777805
2016-04-23 21:00:00,22.5,87,0.0,1.5,45,-1.0606601717798214,-1.0606601717798212
2016-04-23 22:00:00,21.8,87,0.0,4.3,95,-4.283637201794505,0.3747696938149302
2016-04-23 23:00:00,20.8,88,0.0,5.8,120,-5.022947341949744,2.8999999999999995
2016-04-24 00:00:00,20.0,89,0.0,4.7,122,-3.9858260519352022,2.490620541896063
2016-04-24 01:00:00,19.3,88,0.0,4.4,125,-3.6042689948715645,2.5237363199446023
2016-04-24 02:00:00,19.1,87,0.0,4.6,129,-3.5748714227020657,2.8948737988292517
2016-04-24 03:00:00,19.3,90,0.0,5.1,129,-3.963444403430551,3.2095339943541705
2016-04-24 04:00:00,19.3,89,0.0,5.1,129,-3.963444403430551,3.2095339943541705
2016-04-24 05:00:00,19.1,89,0.0,5.4,132,-4.012982057577928,3.613305274337835
2016-04-24 06:00:00,19.2,89,0.0,3.0,104,-2.9108871788279895,0.7257656867990032
2016-04-24 07:00:00,21.3,88,0.0,5.2,146,-2.907803098047883,4.3109953772862175
2016-04-24 08:00:00,23.7,82,0.0,8.0,117,-7.128052193506942,3.631923997916375
2016-04-24 09:00:00,25.7,65,0.0,6.3,121,-5.400153994423307,3.2447398719333425
2016-04-24 10:00:00,27.2,58,0.3,3.1,159,-1.1109406435904308,2.8940993221413254
2016-04-24 11:00:00,27.5,63,0.2,5.2,196,1.4333142502483958,4.998560818879258
2016-04-24 12:00:00,28.1,66,0.0,8.4,200,2.872969203935618,7.893418014601631
2016-04-24 13:00:00,28.3,68,0.0,11.3,197,3.303800263366926,10.806243742382302
2016-04-24 14:00:00,28.0,71,0.0,12.4,197,3.625409138561936,11.858178973941639
2016-04-24 15:00:00,28.3,61,0.0,12.8,202,4.794964395723674,11.86795333845488
2016-04-24 16:00:00,28.1,63,0.0,11.9,205,5.029157314714324,10.785062665736135
2016-04-24 17:00:00,27.4,69,0.0,10.3,216,6.054188098612474,8.332875042061959
2016-04-24 18:00:00,26.5,74,0.0,8.0,234,6.47213595499958,4.702282018339785
2016-04-24 19:00:00,24.7,84,0.0,7.2,207,3.268731598124737,6.415246974156248
2016-04-24 20:00:00,23.6,85,0.0,5.2,196,1.4333142502483958,4.998560818879258
2016-04-24 21:00:00,23.0,84,0.0,5.6,165,-1.4493866525741166,5.4091846272187825
2016-04-24 22:00:00,22.0,86,0.0,6.9,141,-4.342310698243877,5.3623071340531006
2016-04-24 23:00:00,21.3,86,0.0,6.6,131,-4.981083229470295,4.329989591337347
2016-04-25 00:00:00,20.9,85,0.0,6.1,140,-3.92100441908789,4.6728711030257655
2016-04-25 01:00:00,20.5,86,0.0,6.0,147,-3.2678342100901627,5.032023407672543
2016-04-25 02:00:00,20.0,88,0.0,4.4,145,-2.5237363199446032,3.6042689948715636
2016-04-25 03:00:00,19.3,90,0.1,1.1,162,-0.3399186938124421,1.046162167924669
2016-04-25 04:00:00,19.4,89,0.5,0.0,270,0.0,0.0
2016-04-25 05:00:00,19.2,90,0.2,2.6,56,-2.1554976886431088,-1.4539015490239415
2016-04-25 06:00:00,19.4,90,0.1,2.7,67,-2.485363104321589,-1.0549740469210387
2016-04-25 07:00:00,22.2,87,0.0,2.5,360,1.5308084989341916e-16,-2.5
2016-04-25 08:00:00,24.8,72,0.0,4.0,5,-0.348622970990633,-3.984778792366982
2016-04-25 09:00:00,26.0,66,0.0,3.7,11,-0.7059932828932151,-3.632020578756357
2016-04-25 10:00:00,27.0,63,0.0,3.6,323,2.1665340833473743,-2.875087836170254
2016-04-25 11:00:00,27.3,64,0.0,6.0,295,5.437846722219899,-2.5357095704441965
2016-04-25 12:00:00,27.6,67,0.0,7.9,286,7.59396739791272,-2.1775351109542935
2016-04-25 13:00:00,27.6,70,0.0,8.6,292,7.973781149274371,-3.221616703376843
2016-04-25 14:00:00,27.4,72,0.0,8.0,297,7.128052193506943,-3.631923997916374
2016-04-25 15:00:00,26.1,80,0.3,3.9,338,1.4609657143220567,-3.616017032810471
2016-04-25 16:00:00,26.2,79,0.0,3.6,45,-2.545584412271572,-2.545584412271571
2016-04-25 17:00:00,26.3,77,0.2,4.5,29,-2.1816432911085157,-3.935788682127282
2016-04-25 18:00:00,25.5,83,0.1,4.9,343,1.4326213531414103,-4.685893304218874
2016-04-25 19:00:00,24.6,89,0.0,5.5,337,2.1490212066910055,-5.062776693988422
2016-04-25 20:00:00,23.8,93,0.0,6.8,357,0.35588450245201897,-6.790680836331102
2016-04-25 21:00:00,23.6,92,0.0,7.9,16,-2.1775351109542913,-7.593967397912721
2016-04-25 22:00:00,23.1,93,0.0,7.9,43,-5.387787044493739,-5.777694242791447
2016-04-25 23:00:00,22.7,93,0.0,4.4,55,-3.604268994871564,-2.5237363199446032
2016-04-26 00:00:00,21.7,95,0.0,3.3,41,-2.1649947956686737,-2.4905416147351476
2016-04-26 01:00:00,21.1,97,0.0,3.7,29,-1.7937955949114464,-3.2360929164157652
2016-04-26 02:00:00,20.6,96,0.0,4.1,38,-2.524212048835198,-3.2308440897875603
2016-04-26 03:00:00,23.5,84,0.0,3.8,49,-2.867896404846534,-2.4930243101639267
2016-04-26 04:00:00,23.0,85,0.0,4.1,75,-3.96029588778518,-1.0611580849203353
2016-04-26 05:00:00,21.4,89,0.0,5.2,102,-5.08636752381579,1.0811407922523484
2016-04-26 06:00:00,21.1,88,0.0,5.4,110,-5.074340152243905,1.846908773958612
2016-04-26 07:00:00,23.2,90,0.0,4.1,105,-3.9602958877851795,1.0611580849203361
2016-04-26 08:00:00,25.9,74,0.0,3.5,114,-3.197409101749103,1.4235782507653014
2016-04-26 09:00:00,27.1,68,0.0,2.9,150,-1.4499999999999993,2.511473670974872
2016-04-26 10:00:00,28.2,66,0.0,4.1,232,3.2308440897875594,2.524212048835199
2016-04-26 11:00:00,28.7,66,0.0,8.2,255,7.92059177557036,2.12231616984067
2016-04-26 12:00:00,28.8,67,0.0,10.2,260,10.045039080724521,1.7712114122026892
2016-04-26 13:00:00,28.9,67,0.0,10.1,253,9.658678035226657,2.952954217699641
2016-04-26 14:00:00,28.6,69,0.0,9.0,241,7.871577364254562,4.363286582217033
2016-04-26 15:00:00,28.8,69,0.0,8.5,242,7.505054539300879,3.990508283680072
2016-04-26 16:00:00,28.5,70,0.0,7.9,240,6.841600689897066,3.9499999999999997
2016-04-26 17:00:00,28.1,73,0.1,7.1,240,6.148780366869515,3.5499999999999994
2016-04-26 18:00:00,27.2,78,0.0,6.3,257,6.1385314081469815,1.4171916423663495
2016-04-26 19:00:00,25.7,87,0.0,7.6,262,7.5260373224359345,1.0577155672964973
2016-04-26 20:00:00,25.2,88,0.0,3.1,249,2.8940993221413254,1.1109406435904308
2016-04-26 21:00:00,24.6,89,0.0,2.9,180,1.7757378587636622e-16,2.9
2016-04-26 22:00:00,23.6,91,0.0,5.8,176,-0.4045875477159269,5.78587149150698
2016-04-26 23:00:00,23.4,90,0.0,7.1,156,-2.8878301658381815,6.486172749262466
2016-04-27 00:00:00,23.4,88,0.0,6.2,170,-1.076618701534968,6.10580806867569
2016-04-27 01:00:00,23.3,87,0.0,8.5,208,3.9905082836800725,7.505054539300878
2016-04-27 02:00:00,23.7,84,0.0,6.5,186,0.6794350112397475,6.4643923198937765
2016-04-27 03:00:00,21.8,86,0.2,8.1,167,-1.8221035401853067,7.892397524760405
2016-04-27 04:00:00,21.8,85,0.4,7.9,156,-3.213219480298822,7.217009115376547
2016-04-27 05:00:00,21.6,85,0.6,7.9,156,-3.213219480298822,7.217009115376547
2016-04-27 06:00:00,21.9,83,0.3,8.0,162,-2.4721359549995787,7.608452130361229
2016-04-27 07:00:00,23.0,81,0.2,9.2,132,-6.836932394392025,6.156001578501496
2016-04-27 08:00:00,25.0,73,0.0,9.5,119,-8.30888721782426,4.605691392340203
2016-04-27 09:00:00,26.4,66,0.0,8.4,130,-6.434773322199415,5.3994159213669315
2016-04-27 10:00:00,27.6,63,0.0,9.7,149,-4.995869326627526,8.31452281681049
2016-04-27 11:00:00,29.3,58,0.0,10.9,172,-1.5169868004647125,10.793921949283117
2016-04-27 12:00:00,29.9,57,0.0,13.1,201,4.694620139043435,12.229903587113343
2016-04-27 13:00:00,29.7,57,0.0,16.3,215,9.349295912522052,13.352178321910566
2016-04-27 14:00:00,29.7,56,0.0,17.3,223,11.798571629081223,12.652419038011649
2016-04-27 15:00:00,28.5,61,0.3,16.8,235,13.761754344055063,9.636084130697574
2016-04-27 16:00:00,27.2,70,0.9,15.6,241,13.644067431374573,7.563030075842858
2016-04-27 17:00:00,25.2,81,1.9,13.2,241,11.544980134240022,6.399486987251649
2016-04-27 18:00:00,24.0,88,2.6,9.6,214,5.368251873319169,7.9587606965284
2016-04-27 19:00:00,23.3,92,2.7,8.4,170,-1.4586446924022145,8.272385125302547
2016-04-27 20:00:00,23.0,94,3.8,8.4,160,-2.872969203935617,7.8934180146016315
2016-04-27 21:00:00,23.0,94,4.7,9.0,164,-2.4807362023529915,8.65135526344487
2016-04-27 22:00:00,22.8,95,3.8,8.9,166,-2.1531048708370433,8.635631963856369
2016-04-27 23:00:00,22.5,95,2.5,8.9,166,-2.1531048708370433,8.635631963856369
2016-04-28 00:00:00,22.3,95,1.5,5.2,164,-1.433314250248395,4.998560818879258
2016-04-28 01:00:00,22.1,95,0.9,2.3,129,-1.7874357113510329,1.4474368994146258
2016-04-28 02:00:00,21.9,95,0.7000000000000001,1.8,101,-1.7669289302057951,0.34345619167778096
2016-04-28 03:00:00,22.6,88,0.3,3.0,104,-2.9108871788279895,0.7257656867990032
2016-04-28 04:00:00,22.1,92,0.4,3.2,90,-3.2,3.9188697572715305e-16
2016-04-28 05:00:00,21.6,94,0.4,3.8,107,-3.633958072659535,1.111012477946399
2016-04-28 06:00:00,22.0,90,0.2,4.0,95,-3.984778792366982,0.3486229709906328
2016-04-28 07:00:00,22.8,91,0.3,3.1,69,-2.8940993221413254,-1.1109406435904314
2016-04-28 08:00:00,23.8,85,0.3,3.1,36,-1.822134282106667,-2.507952682562337
2016-04-28 09:00:00,24.6,82,0.2,5.6,27,-2.5423467985414625,-4.989636535454859
2016-04-28 10:00:00,25.1,81,0.0,8.1,13,-1.8221035401853085,-7.892397524760404
2016-04-28 11:00:00,26.0,77,0.0,9.0,360,5.51091059616309e-16,-9.0
2016-04-28 12:00:00,26.1,78,0.0,9.7,356,0.6766377953180147,-9.676371287520293
2016-04-28 13:00:00,26.8,75,0.0,10.9,9,-1.7051356689385184,-10.765802912487
2016-04-28 14:00:00,27.1,75,0.1,12.2,14,-2.951447126315947,-11.837607860567156
2016-04-28 15:00:00,27.5,73,0.0,13.8,9,-2.1587956175551883,-13.6300991002129
2016-04-28 16:00:00,26.9,76,0.0,17.3,5,-1.5077943495344879,-17.234168276987198
2016-04-28 17:00:00,25.7,80,0.0,19.2,8,-2.672123538433264,-19.01314691983815
2016-04-28 18:00:00,24.5,84,0.0,19.1,12,-3.971113294619212,-18.682619174015688
2016-04-28 19:00:00,23.0,87,0.0,18.1,23,-7.072233425655857,-16.66113784748917
2016-04-28 20:00:00,22.4,88,0.0,14.5,30,-7.250000000000006,-12.557368354874356
2016-04-28 21:00:00,22.1,89,0.0,12.8,22,-4.794964395723677,-11.867953338454878
2016-04-28 22:00:00,21.6,91,0.0,13.2,17,-3.8593065023401296,-12.623222778712066
2016-04-28 23:00:00,21.0,92,0.0,13.5,16,-3.721104303529485,-12.977032895167307
2016-04-29 00:00:00,20.5,92,0.0,14.6,10,-2.535263393937183,-14.378193193978237
2016-04-29 01:00:00,20.2,92,0.0,16.2,13,-3.644207080370617,-15.784795049520808
2016-04-29 02:00:00,19.7,92,0.0,16.2,17,-4.736421616508341,-15.492137046601172
2016-04-29 03:00:00,20.0,91,0.0,14.8,18,-4.573451516749224,-14.075636441168273
2016-04-29 04:00:00,19.9,90,0.0,13.8,20,-4.719877977894226,-12.967758166845536
2016-04-29 05:00:00,20.0,89,0.0,14.0,18,-4.326237921249266,-13.31479122813215
2016-04-29 06:00:00,19.9,89,0.0,14.1,19,-4.590510977845908,-13.331811915950368
2016-04-29 07:00:00,21.8,86,0.0,15.3,19,-4.981192763194497,-14.466434206669549
2016-04-29 08:00:00,23.4,77,0.0,16.8,15,-4.348159957722347,-16.22755388165635
2016-04-29 09:00:00,24.3,71,0.0,16.7,14,-4.040095656514452,-16.20393862880914
2016-04-29 10:00:00,25.1,69,0.0,16.5,10,-2.8651949315043503,-16.249327924701433
2016-04-29 11:00:00,25.4,67,0.0,16.5,10,-2.8651949315043503,-16.249327924701433
2016-04-29 12:00:00,26.1,64,0.0,16.1,10,-2.7957356604375785,-15.855404823496551
2016-04-29 13:00:00,26.2,65,0.0,15.4,11,-2.938458528798787,-15.117058625094026
2016-04-29 14:00:00,26.3,64,0.0,15.7,9,-2.4560211011316273,-15.50670694734366
2016-04-29 15:00:00,26.0,64,0.0,16.8,10,-2.91728938480443,-16.544770250605094
2016-04-29 16:00:00,25.3,66,0.0,17.5,9,-2.7376031382040433,-17.28454596041491
2016-04-29 17:00:00,24.4,70,0.0,16.1,10,-2.7957356604375785,-15.855404823496551
2016-04-29 18:00:00,23.3,74,0.0,15.4,11,-2.938458528798787,-15.117058625094026
2016-04-29 19:00:00,22.1,79,0.0,14.6,9,-2.283943189587373,-14.42024977268901
2016-04-29 20:00:00,21.0,86,0.0,12.8,11,-2.442355140819771,-12.5648279481301
2016-04-29 21:00:00,21.5,79,0.0,13.0,19,-4.232386007943036,-12.291741482791119
2016-04-29 22:00:00,21.3,80,0.0,11.2,21,-4.013721034907368,-10.456100776768658
2016-04-29 23:00:00,20.5,83,0.0,9.2,45,-6.505382386916239,-6.505382386916236
2016-04-30 00:00:00,19.6,87,0.0,6.2,80,-6.10580806867569,-1.0766187015349689
2016-04-30 01:00:00,21.0,81,0.0,2.5,135,-1.7677669529663687,1.7677669529663689
2016-04-30 02:00:00,20.9,82,0.0,3.8,221,2.4930243101639276,2.8678964048465336
2016-04-30 03:00:00,21.5,80,0.0,4.9,216,2.8801477362331185,3.9641832724372428
2016-04-30 04:00:00,21.4,81,0.0,4.9,216,2.8801477362331185,3.9641832724372428
2016-04-30 05:00:00,21.4,82,0.0,4.1,218,2.524212048835199,3.23084408978756
2016-04-30 06:00:00,20.6,85,0.0,3.9,146,-2.180852323535912,3.233246532964663
2016-04-30 07:00:00,21.6,87,0.0,4.9,126,-3.9641832724372423,2.880147736233119
2016-04-30 08:00:00,23.1,80,0.0,1.6,153,-0.7263847995832747,1.4256104387013888
2016-04-30 09:00:00,24.2,77,0.0,2.2,261,2.1729143493093033,0.34415582308850795
2016-04-30 10:00:00,24.9,74,0.0,2.9,263,2.8783838397598336,0.35342109587492765
2016-04-30 11:00:00,25.8,70,0.0,3.8,287,3.6339580726595346,-1.1110124779463997
2016-04-30 12:00:00,26.2,68,0.0,5.7,305,4.669166652447253,-3.2693856872009626
2016-04-30 13:00:00,26.4,68,0.0,7.4,321,4.656970893768798,-5.750880114781585
2016-04-30 14:00:00,26.2,69,0.0,9.2,334,4.033014550459512,-8.268905225952336
2016-04-30 15:00:00,25.2,73,0.2,10.7,340,3.659615533584656,-10.054711042409219
2016-04-30 16:00:00,24.6,75,0.2,11.1,347,2.4969567032169007,-10.81550771911611
2016-04-30 17:00:00,23.8,80,0.0,11.2,358,0.3908743630680121,-11.193177262613872
2016-04-30 18:00:00,23.4,82,0.0,11.9,14,-2.8788705576360467,-11.546519142684359
2016-04-30 19:00:00,22.5,86,0.0,17.4,354,1.81879526085717,-17.304680979407955
2016-04-30 20:00:00,21.8,87,0.1,18.0,358,0.6281909406450195,-17.989034886343724
2016-04-30 21:00:00,21.2,88,0.4,15.5,359,0.27051229977789576,-15.497639274924065
2016-04-30 22:00:00,20.7,89,0.7000000000000001,12.1,350,2.101142949769858,-11.916173811447717
2016-04-30 23:00:00,20.5,89,0.1,9.7,345,2.510544737494451,-9.369480515003962
2016-05-01 00:00:00,20.2,90,0.1,7.7,349,1.4692292643993958,-7.558529312547013
2016-05-01 01:00:00,20.0,91,0.0,9.1,7,-1.1090110249868392,-9.03216997993603
2016-05-01 02:00:00,20.1,91,0.0,11.2,15,-2.898773305148231,-10.818369254437565
2016-05-01 03:00:00,20.3,90,0.0,9.4,18,-2.904759747124507,-8.939931253174443
2016-05-01 04:00:00,20.4,91,0.0,6.0,25,-2.5357095704441948,-5.4378467222199
2016-05-01 05:00:00,20.2,92,0.0,4.7,360,2.8779199779962803e-16,-4.7
2016-05-01 06:00:00,20.2,93,0.0,8.3,2,-0.28966582263075635,-8.294943864258496
2016-05-01 07:00:00,21.2,92,0.0,9.1,18,-2.8120546488120226,-8.654614298285896
2016-05-01 08:00:00,22.9,82,0.0,8.0,54,-6.4721359549995805,-4.702282018339784
2016-05-01 09:00:00,23.8,80,0.0,4.1,52,-3.23084408978756,-2.5242120488351985
2016-05-01 10:00:00,24.8,77,0.0,5.0,291,4.667902132486009,-1.7918397477265013
2016-05-01 11:00:00,26.0,74,0.0,4.0,280,3.939231012048832,-0.6945927106677213
2016-05-01 12:00:00,26.6,73,0.0,3.3,354,0.3449439287832564,-3.2819222547153015
2016-05-01 13:00:00,26.6,72,0.0,2.8,50,-2.1449244407331385,-1.7998053071223097
2016-05-01 14:00:00,26.5,73,0.0,4.3,5,-0.37476969381493047,-4.283637201794505
2016-05-01 15:00:00,24.8,77,0.1,4.2,20,-1.436484601967808,-3.9467090073008158
2016-05-01 16:00:00,24.7,77,0.0,5.6,50,-4.289848881466277,-3.5996106142446194
2016-05-01 17:00:00,24.6,79,0.0,5.0,60,-4.330127018922193,-2.5000000000000004
2016-05-01 18:00:00,24.3,81,0.0,6.7,54,-5.420413862312149,-3.9381611903595695
2016-05-01 19:00:00,23.7,89,0.0,7.6,65,-6.88793918147854,-3.2118987892293145
2016-05-01 20:00:00,23.5,86,0.0,6.3,66,-5.755336383148386,-2.5624408513775414
2016-05-01 21:00:00,22.9,88,0.0,5.8,60,-5.0229473419497435,-2.9000000000000004
2016-05-01 22:00:00,22.2,90,0.0,5.3,62,-4.679622242152313,-2.4881992827652213
2016-05-01 23:00:00,21.5,93,0.0,4.3,66,-3.9282454678631837,-1.7489675652259409
2016-05-02 00:00:00,21.0,93,0.0,3.8,41,-2.4930243101639276,-2.8678964048465336
2016-05-02 01:00:00,20.0,94,0.0,4.1,52,-3.23084408978756,-2.5242120488351985
2016-05-02 02:00:00,19.5,95,0.0,4.3,90,-4.3,5.265981236333618e-16
2016-05-02 03:00:00,21.2,83,0.0,4.0,95,-3.984778792366982,0.3486229709906328
2016-05-02 04:00:00,20.7,83,0.0,2.9,90,-2.9,3.5514757175273243e-16
2016-05-02 05:00:00,19.9,85,0.0,3.3,103,-3.215421213791276,0.7423384793347552
2016-05-02 06:00:00,19.5,87,0.0,3.6,96,-3.580278823325784,0.37630246776355347
2016-05-02 07:00:00,22.5,87,0.0,2.5,98,-2.475670171853926,0.3479327524001633
2016-05-02 08:00:00,26.2,69,0.0,0.7000000000000001,90,-0.7000000000000001,8.572527594031473e-17
2016-05-02 09:00:00,27.0,69,0.0,3.1,234,2.5079526825623373,1.8221342821066668
2016-05-02 10:00:00,27.8,69,0.0,6.2,234,5.0159053651246746,3.6442685642133337
2016-05-02 11:00:00,28.4,69,0.0,9.2,259,9.030970087718508,1.755442757464212
2016-05-02 12:00:00,28.9,71,0.0,11.2,255,10.818369254437565,2.8987733051482323
2016-05-02 13:00:00,29.1,69,0.2,9.8,234,7.9283665448744856,5.760295472466237
2016-05-02 14:00:00,28.7,72,0.2,8.5,208,3.9905082836800725,7.505054539300878
2016-05-02 15:00:00,28.7,72,0.0,8.4,205,3.5499933986218752,7.61298541110786
2016-05-02 16:00:00,28.6,72,0.0,10.3,205,4.352968095929205,9.334970206477495
2016-05-02 17:00:00,28.1,75,0.0,9.7,202,3.633683956134346,8.993683389297837
2016-05-02 18:00:00,27.6,77,0.0,9.3,196,2.5634274090980926,8.939733772226367
2016-05-02 19:00:00,26.2,81,0.0,11.2,176,-0.7812725059342036,11.17271736291003
2016-05-02 20:00:00,24.7,87,0.0,11.7,171,-1.8302832409707004,11.555953584963111
2016-05-02 21:00:00,23.5,89,0.0,11.6,173,-1.4136843834997095,11.513535359039336
2016-05-02 22:00:00,23.0,87,0.0,12.3,175,-1.0720156357961963,12.253194786528471
2016-05-02 23:00:00,22.8,85,0.0,11.9,177,-0.6227978792910317,11.88369146357943
2016-05-03 00:00:00,22.1,85,0.0,11.2,176,-0.7812725059342036,11.17271736291003
2016-05-03 01:00:00,21.8,84,0.0,12.3,177,-0.6437322617882093,12.283143277481258
2016-05-03 02:00:00,21.6,81,0.0,11.9,177,-0.6227978792910317,11.88369146357943
2016-05-03 03:00:00,21.1,80,0.0,10.5,174,-1.0975488643103624,10.44247990136687
2016-05-03 04:00:00,20.7,79,0.0,9.8,172,-1.3638963894086407,9.70462707366739
2016-05-03 05:00:00,20.4,80,0.0,8.9,166,-2.1531048708370433,8.635631963856369
2016-05-03 06:00:00,20.3,81,0.0,7.1,165,-1.837615220227898,6.858073366652385
2016-05-03 07:00:00,23.1,80,0.0,7.6,180,4.653657836759942e-16,7.6
2016-05-03 08:00:00,26.5,67,0.0,7.4,209,3.587591189822895,6.472185832831529
2016-05-03 09:00:00,28.2,57,0.3,8.3,214,4.641301098807199,6.881011852206847
2016-05-03 10:00:00,29.2,55,0.0,7.7,229,5.811263767715345,5.051654523226906
2016-05-03 11:00:00,29.7,57,0.0,7.5,215,4.301823272632846,6.143640332167439
2016-05-03 12:00:00,29.7,60,0.0,9.8,216,5.760295472466237,7.9283665448744856
2016-05-03 13:00:00,29.7,64,0.0,11.8,239,10.114574148284927,6.077449283938639
2016-05-03 14:00:00,29.1,68,0.0,13.2,253,12.623222778712067,3.859306502340125
2016-05-03 15:00:00,28.3,73,0.2,12.8,254,12.304149708010483,3.5281581544575893
2016-05-03 16:00:00,27.4,78,0.1,9.8,253,9.371786608437748,2.8652427062828205
2016-05-03 17:00:00,26.6,81,0.0,6.6,248,6.1194134401407965,2.472403516545019
2016-05-03 18:00:00,26.1,83,0.0,3.9,202,1.4609657143220567,3.616017032810471
2016-05-03 19:00:00,25.5,88,0.0,5.8,173,-0.7068421917498547,5.756767679519668
2016-05-03 20:00:00,24.8,91,0.0,6.0,163,-1.75423022833642,5.737828535778213
2016-05-03 21:00:00,24.4,91,0.0,4.7,184,0.3278554265973886,4.688551036221174
2016-05-03 22:00:00,24.9,87,0.0,5.2,196,1.4333142502483958,4.998560818879258
2016-05-03 23:00:00,24.1,90,0.0,5.6,220,3.5996106142446203,4.289848881466277
2016-05-04 00:00:00,23.6,92,0.0,5.1,219,3.209533994354171,3.963444403430551
2016-05-04 01:00:00,22.9,95,0.0,4.5,209,2.181643291108517,3.935788682127281
2016-05-04 02:00:00,23.5,93,0.0,2.9,240,2.511473670974872,1.4499999999999997
2016-05-04 03:00:00,23.2,92,0.0,1.3,236,1.0777488443215542,0.726950774511971
2016-05-04 04:00:00,22.5,94,0.0,3.1,159,-1.1109406435904308,2.8940993221413254
2016-05-04 05:00:00,22.3,93,0.0,3.7,151,-1.793795594911447,3.236092916415765
2016-05-04 06:00:00,22.7,93,0.0,1.1,162,-0.3399186938124421,1.046162167924669
2016-05-04 07:00:00,23.3,94,0.0,2.9,120,-2.511473670974872,1.4499999999999997
2016-05-04 08:00:00,25.1,87,0.0,1.8,127,-1.4375439180851273,1.0832670416736867
2016-05-04 09:00:00,26.7,81,0.0,2.3,198,0.7107390870623791,2.1874299874788528
2016-05-04 10:00:00,28.0,75,0.0,5.6,220,3.5996106142446203,4.289848881466277
2016-05-04 11:00:00,28.7,72,0.0,9.4,238,7.9716521038704045,4.981241083792126
2016-05-04 12:00:00,29.2,70,0.0,12.8,254,12.304149708010483,3.5281581544575893
2016-05-04 13:00:00,28.5,73,0.1,13.0,265,12.950531075192693,1.1330246557195562
2016-05-04 14:00:00,28.0,76,0.1,7.6,267,7.589584464134761,0.3977532674463731
2016-05-04 15:00:00,27.3,80,0.2,5.3,208,2.4881992827652213,4.679622242152313
2016-05-04 16:00:00,27.1,79,0.0,5.1,188,0.7097828148963339,5.050367150582009
2016-05-04 17:00:00,27.1,78,0.0,3.2,180,1.9594348786357652e-16,3.2
2016-05-04 18:00:00,26.8,80,0.0,1.1,198,0.3399186938124422,1.0461621679246689
2016-05-04 19:00:00,26.5,80,0.0,1.8,143,-1.0832670416736871,1.4375439180851268
2016-05-04 20:00:00,25.9,83,0.0,3.9,146,-2.180852323535912,3.233246532964663
2016-05-04 21:00:00,24.4,89,0.0,4.1,142,-2.524212048835199,3.23084408978756
2016-05-04 22:00:00,24.4,89,0.0,3.8,221,2.4930243101639276,2.8678964048465336
2016-05-04 23:00:00,23.8,92,0.0,4.0,185,0.34862297099063255,3.984778792366982
2016-05-05 00:00:00,23.2,93,0.0,3.8,131,-2.8678964048465336,2.4930243101639276
2016-05-05 01:00:00,22.2,94,0.0,3.4,148,-1.8017254983928963,2.8833635269318485
2016-05-05 02:00:00,21.7,94,0.0,4.7,180,2.8779199779962803e-16,4.7
2016-05-05 03:00:00,21.9,93,0.0,4.5,166,-1.088648530198505,4.366330768241984
2016-05-05 04:00:00,21.1,95,0.0,5.1,141,-3.20953399435417,3.963444403430552
2016-05-05 05:00:00,20.7,95,0.0,5.9,133,-4.314986839553106,4.023790324368742
2016-05-05 06:00:00,20.7,95,0.0,5.8,120,-5.022947341949744,2.8999999999999995
2016-05-05 07:00:00,23.5,92,0.0,6.4,133,-4.6806636903626915,4.364789504399991
2016-05-05 08:00:00,26.3,79,0.0,5.4,160,-1.8469087739586112,5.074340152243906
2016-05-05 09:00:00,27.7,75,0.0,6.5,186,0.6794350112397475,6.4643923198937765
2016-05-05 10:00:00,28.8,73,0.0,7.9,204,3.2132194802988217,7.217009115376547
2016-05-05 11:00:00,29.6,71,0.0,10.2,225,7.212489168102785,7.212489168102784
2016-05-05 12:00:00,30.1,70,0.0,12.8,232,10.086537646166041,7.880466884168427
2016-05-05 13:00:00,30.6,68,0.0,14.5,235,11.87770464219038,8.316858327090168
2016-05-05 14:00:00,30.4,67,0.0,14.3,227,10.458357933154138,9.752576548893728
2016-05-05 15:00:00,29.8,68,0.0,14.5,224,10.07254637165546,10.430427104910441
2016-05-05 16:00:00,29.3,70,0.0,13.8,229,10.414992207074254,9.053614600069
2016-05-05 17:00:00,28.8,73,0.0,10.2,222,6.825132184860354,7.580077219869421
2016-05-05 18:00:00,28.2,78,0.0,11.5,221,7.544678833390834,8.679160172561879
2016-05-05 19:00:00,27.3,77,0.0,9.7,184,0.6766377953180147,9.676371287520293
2016-05-05 20:00:00,25.4,86,0.0,8.0,162,-2.4721359549995787,7.608452130361229
2016-05-05 21:00:00,24.1,90,0.0,6.5,161,-2.116193003971518,6.1458707413955596
2016-05-05 22:00:00,22.7,93,0.0,7.2,153,-3.2687315981247362,6.415246974156249
2016-05-05 23:00:00,21.6,95,0.0,6.4,142,-3.9402334420842133,5.043268823083022
2016-05-06 00:00:00,20.9,95,0.0,6.4,142,-3.9402334420842133,5.043268823083022
2016-05-06 01:00:00,20.3,95,0.0,5.6,140,-3.5996106142446203,4.289848881466277
2016-05-06 02:00:00,19.7,95,0.0,4.1,165,-1.0611580849203355,3.96029588778518
2016-05-06 03:00:00,19.8,92,0.0,4.3,175,-0.3747696938149304,4.283637201794505
2016-05-06 04:00:00,19.4,92,0.0,5.0,159,-1.7918397477265013,4.667902132486009
2016-05-06 05:00:00,18.9,91,0.0,5.3,152,-2.4881992827652217,4.679622242152313
2016-05-06 06:00:00,19.0,91,0.0,5.0,159,-1.7918397477265013,4.667902132486009
2016-05-06 07:00:00,23.0,86,0.0,7.8,146,-4.361704647071824,6.466493065929326
2016-05-06 08:00:00,26.7,66,0.0,6.6,151,-3.199743493625824,5.772490067120012
2016-05-06 09:00:00,28.7,52,0.0,7.6,172,-1.0577155672964966,7.5260373224359345
2016-05-06 10:00:00,29.8,50,0.0,9.4,187,1.1455718280083864,9.329933825428427
2016-05-06 11:00:00,30.4,52,0.0,10.6,198,3.275580140374443,10.081199072728626
2016-05-06 12:00:00,30.8,54,0.0,11.8,203,4.61062731617343,10.861957270738797
2016-05-06 13:00:00,31.0,56,0.0,12.4,210,6.200000000000002,10.73871500692704
2016-05-06 14:00:00,31.1,58,0.0,12.1,210,6.050000000000002,10.478907385791707
2016-05-06 15:00:00,30.9,60,0.0,10.8,210,5.400000000000001,9.353074360871938
2016-05-06 16:00:00,30.6,62,0.0,10.2,219,6.419067988708342,7.926888806861102
2016-05-06 17:00:00,29.9,67,0.0,9.8,242,8.652886410017485,4.60082131530173
2016-05-06 18:00:00,28.8,73,0.0,8.6,255,8.306962106085987,2.2258437878816784
2016-05-06 19:00:00,28.0,75,0.0,5.1,225,3.6062445840513924,3.606244584051392
2016-05-06 20:00:00,25.7,86,0.0,3.9,158,-1.4609657143220571,3.616017032810471
2016-05-06 21:00:00,25.1,85,0.0,4.5,151,-2.1816432911085166,3.9357886821272814
2016-05-06 22:00:00,25.4,82,0.0,6.2,173,-0.7555899291119137,6.153786140176197
2016-05-06 23:00:00,24.5,84,0.0,5.8,210,2.9000000000000004,5.0229473419497435
2016-05-07 00:00:00,22.7,90,0.0,2.9,187,0.3534210958749277,2.8783838397598336
2016-05-07 01:00:00,20.6,94,0.0,3.9,146,-2.180852323535912,3.233246532964663
2016-05-07 02:00:00,20.0,94,0.0,5.1,135,-3.606244584051392,3.6062445840513924
2016-05-07 03:00:00,19.8,93,0.0,5.4,127,-4.312631754255382,3.2498011250210603
2016-05-07 04:00:00,19.5,92,0.0,5.2,124,-4.310995377286217,2.907803098047884
2016-05-07 05:00:00,19.2,91,0.0,4.6,129,-3.5748714227020657,2.8948737988292517
2016-05-07 06:00:00,19.4,90,0.0,4.1,128,-3.2308440897875594,2.5242120488351993
2016-05-07 07:00:00,23.4,86,0.0,6.6,135,-4.666904755831213,4.666904755831213
2016-05-07 08:00:00,27.0,70,0.0,5.2,168,-1.0811407922523486,5.08636752381579
2016-05-07 09:00:00,28.2,71,0.0,5.4,228,4.012982057577929,3.6133052743378347
2016-05-07 10:00:00,29.1,70,0.0,8.2,255,7.92059177557036,2.12231616984067
2016-05-07 11:00:00,29.6,70,0.0,10.0,257,9.743700647852352,2.24951054343865
2016-05-07 12:00:00,30.1,70,0.0,9.9,251,9.360633898433237,3.2231247291258516
2016-05-07 13:00:00,30.2,68,0.0,9.9,251,9.360633898433237,3.2231247291258516
2016-05-07 14:00:00,30.4,66,0.0,9.2,259,9.030970087718508,1.755442757464212
2016-05-07 15:00:00,29.7,70,0.0,8.0,252,7.608452130361228,2.472135954999579
2016-05-07 16:00:00,29.6,70,0.0,6.4,223,4.36478950439999,4.6806636903626915
2016-05-07 17:00:00,29.2,72,0.0,4.7,212,2.490620541896063,3.9858260519352022
2016-05-07 18:00:00,28.5,76,0.0,6.5,264,6.4643923198937765,0.6794350112397476
2016-05-07 19:00:00,27.9,78,0.0,3.5,246,3.197409101749103,1.4235782507653008
2016-05-07 20:00:00,27.3,80,0.0,4.1,135,-2.8991378028648445,2.899137802864845
2016-05-07 21:00:00,26.5,83,0.0,3.6,127,-2.8750878361702545,2.1665340833473734
2016-05-07 22:00:00,25.6,85,0.0,3.1,126,-2.507952682562337,1.822134282106667
2016-05-07 23:00:00,24.5,89,0.0,2.5,135,-1.7677669529663687,1.7677669529663689
2016-05-08 00:00:00,22.8,94,0.0,3.1,126,-2.507952682562337,1.822134282106667
2016-05-08 01:00:00,21.2,98,0.0,2.8,130,-2.144924440733138,1.7998053071223103
2016-05-08 02:00:00,21.1,98,0.0,4.0,117,-3.564026096753471,1.8159619989581874
2016-05-08 03:00:00,21.5,94,0.0,6.0,115,-5.437846722219899,2.535709570444197
2016-05-08 04:00:00,21.1,94,0.0,6.3,103,-6.1385314081469815,1.4171916423663506
2016-05-08 05:00:00,20.9,94,0.0,4.4,99,-4.345828698618606,0.6883116461770163
2016-05-08 06:00:00,20.9,93,0.0,5.9,104,-5.7247447850283795,1.4273391840380396
2016-05-08 07:00:00,24.2,84,0.0,6.0,115,-5.437846722219899,2.535709570444197
2016-05-08 08:00:00,27.2,73,0.0,3.1,126,-2.507952682562337,1.822134282106667
2016-05-08 09:00:00,28.7,74,0.0,2.5,172,-0.3479327524001634,2.475670171853926
2016-05-08 10:00:00,29.6,72,0.0,3.6,233,2.875087836170254,2.166534083347374
2016-05-08 11:00:00,30.1,70,0.0,7.6,265,7.571079705497266,0.662383644882202
2016-05-08 12:00:00,30.0,70,0.0,8.4,263,8.337387673787106,1.0237024846032388
2016-05-08 13:00:00,29.7,71,0.2,8.6,255,8.306962106085987,2.2258437878816784
2016-05-08 14:00:00,29.2,72,0.6,5.3,242,4.679622242152313,2.4881992827652213
2016-05-08 15:00:00,28.9,74,0.4,6.5,276,6.4643923198937765,-0.6794350112397476
2016-05-08 16:00:00,27.7,78,1.3,3.4,238,2.883363526931848,1.8017254983928965
2016-05-08 17:00:00,27.1,80,0.6,3.1,126,-2.507952682562337,1.822134282106667
2016-05-08 18:00:00,26.6,82,0.5,1.8,90,-1.8,2.2043642384652358e-16
2016-05-08 19:00:00,25.8,86,0.0,2.5,98,-2.475670171853926,0.3479327524001633
2016-05-08 20:00:00,24.9,92,0.0,2.9,30,-1.4500000000000013,-2.5114736709748713
2016-05-08 21:00:00,24.2,94,0.0,4.7,58,-3.9858260519352027,-2.4906205418960625
2016-05-08 22:00:00,24.0,94,0.0,5.6,105,-5.409184627218782,1.4493866525741177
2016-05-08 23:00:00,23.5,94,0.0,6.0,115,-5.437846722219899,2.535709570444197
2016-05-09 00:00:00,23.1,93,0.0,5.2,115,-4.7128004925905795,2.1976149610516376
2016-05-09 01:00:00,22.1,96,0.0,4.9,126,-3.9641832724372423,2.880147736233119
2016-05-09 02:00:00,21.4,97,0.0,4.8,132,-3.567095162291491,3.21182691052252
2016-05-09 03:00:00,21.7,93,0.0,4.2,149,-2.163159914622228,3.600102662948872
2016-05-09 04:00:00,21.6,92,0.0,4.5,151,-2.1816432911085166,3.9357886821272814
2016-05-09 05:00:00,21.0,93,0.0,4.4,145,-2.5237363199446032,3.6042689948715636
2016-05-09 06:00:00,21.0,94,0.0,4.1,142,-2.524212048835199,3.23084408978756
2016-05-09 07:00:00,24.0,91,0.0,4.6,129,-3.5748714227020657,2.8948737988292517
2016-05-09 08:00:00,26.2,79,0.0,3.8,139,-2.493024310163927,2.867896404846534
2016-05-09 09:00:00,27.7,77,0.0,4.8,167,-1.079765060850552,4.676976310969129
2016-05-09 10:00:00,29.1,72,0.0,5.8,187,0.7068421917498554,5.756767679519667
2016-05-09 11:00:00,30.2,67,0.0,7.6,225,5.374011537017761,5.37401153701776
2016-05-09 12:00:00,30.8,65,0.0,11.6,240,10.045894683899489,5.799999999999999
2016-05-09 13:00:00,30.9,65,0.0,15.8,235,12.94260229976607,9.062507694346529
2016-05-09 14:00:00,30.7,65,0.0,14.3,221,9.381644114564255,10.792346997185641
2016-05-09 15:00:00,29.9,69,0.2,12.4,216,7.288537128426667,10.031810730249349
2016-05-09 16:00:00,29.4,71,0.0,11.5,212,6.094071538681856,9.7525531057989
2016-05-09 17:00:00,28.6,74,0.0,10.6,190,1.8406706832694624,10.438962181929405
2016-05-09 18:00:00,27.6,77,0.0,7.2,177,-0.3768188849491957,7.190132650232932
2016-05-09 19:00:00,26.6,83,0.0,7.6,180,4.653657836759942e-16,7.6
2016-05-09 20:00:00,25.3,88,0.0,8.3,178,-0.28966582263075796,8.294943864258496
2016-05-09 21:00:00,23.9,90,0.0,9.8,163,-2.8652427062828196,9.371786608437748
2016-05-09 22:00:00,22.9,91,0.0,8.9,159,-3.1894747509531727,8.308865795825096
2016-05-09 23:00:00,22.1,91,0.0,9.2,149,-4.738350289172499,7.8859391664594325
2016-05-10 00:00:00,21.5,91,0.0,8.9,153,-4.040515447681965,7.929958065276475
2016-05-10 01:00:00,20.9,91,0.0,9.7,153,-4.403707847473602,8.642763284627168
2016-05-10 02:00:00,20.5,90,0.0,10.0,159,-3.5836794954530027,9.335804264972017
2016-05-10 03:00:00,20.8,87,0.0,10.7,160,-3.659615533584655,10.05471104240922
2016-05-10 04:00:00,20.8,84,0.0,10.7,160,-3.659615533584655,10.05471104240922
2016-05-10 05:00:00,20.6,83,0.0,11.5,160,-3.93323164824519,10.806465139037947
2016-05-10 06:00:00,21.0,82,0.0,8.9,166,-2.1531048708370433,8.635631963856369
2016-05-10 07:00:00,24.1,77,0.0,11.3,173,-1.3771235804781654,11.21577151354694
2016-05-10 08:00:00,27.7,62,0.0,13.0,186,1.358870022479495,12.928784639787553
2016-05-10 09:00:00,28.8,61,0.0,17.3,197,5.058030491703346,16.544072278160513
2016-05-10 10:00:00,29.8,62,0.0,20.3,200,6.943008909511077,19.07576020195394
2016-05-10 11:00:00,30.2,61,0.0,21.3,204,8.663490497514545,19.4585182477874
2016-05-10 12:00:00,30.4,59,0.2,22.4,210,11.200000000000001,19.398969044771423
2016-05-10 13:00:00,30.1,61,0.3,21.6,210,10.800000000000002,18.706148721743876
2016-05-10 14:00:00,28.7,69,0.2,19.3,207,8.762016644973254,17.196425916835498
2016-05-10 15:00:00,29.4,62,0.0,16.9,204,6.873849267981023,15.438918234159953
2016-05-10 16:00:00,28.7,66,0.2,14.3,208,6.71344334783824,12.626150577882655
2016-05-10 17:00:00,27.6,70,0.3,11.7,191,2.2324652459055754,11.485038046337667
2016-05-10 18:00:00,26.9,73,0.3,9.3,196,2.5634274090980926,8.939733772226367
2016-05-10 19:00:00,26.0,76,0.2,8.0,172,-1.1133848076805228,7.922144549932563
2016-05-10 20:00:00,25.0,82,0.0,6.8,155,-2.8738041798367555,6.16289295184922
2016-05-10 21:00:00,25.0,78,0.0,6.0,155,-2.535709570444196,5.4378467222199
2016-05-10 22:00:00,23.5,83,0.0,6.3,167,-1.4171916423663498,6.1385314081469815
2016-05-10 23:00:00,22.8,83,0.4,9.7,195,2.510544737494451,9.369480515003962
2016-05-11 00:00:00,22.3,83,1.2,9.8,197,2.8652427062828205,9.371786608437748
2016-05-11 01:00:00,22.1,83,1.1,10.2,188,1.4195656297926678,10.100734301164017
2016-05-11 02:00:00,22.0,80,0.3,10.5,184,0.732442974313315,10.474422527728153
2016-05-11 03:00:00,21.7,83,0.0,9.8,197,2.8652427062828205,9.371786608437748
2016-05-11 04:00:00,22.1,80,0.4,6.3,239,5.400153994423308,3.244739871933341
2016-05-11 05:00:00,23.1,74,0.4,4.8,333,2.1791543987498248,-4.276831316104166
2016-05-11 06:00:00,23.2,74,0.5,7.2,357,0.3768188849491966,-7.190132650232932
2016-05-11 07:00:00,23.8,79,0.3,10.9,9,-1.7051356689385184,-10.765802912487
2016-05-11 08:00:00,24.9,72,0.0,13.9,21,-4.98131449867968,-12.976767928311103
2016-05-11 09:00:00,25.9,70,0.0,14.8,23,-5.782820701641253,-13.623471831096117
2016-05-11 10:00:00,26.4,70,0.1,14.6,16,-4.0243053949281835,-14.034420760699458
2016-05-11 11:00:00,26.8,72,0.2,13.1,8,-1.8231676225768623,-12.97251170051457
2016-05-11 12:00:00,26.9,73,0.2,13.7,2,-0.4781231048242604,-13.691654330161612
2016-05-11 13:00:00,26.7,75,0.4,15.9,3,-0.8321417042628145,-15.878209602597725
2016-05-11 14:00:00,26.2,77,0.2,17.4,6,-1.8187952608571683,-17.304680979407955
2016-05-11 15:00:00,25.7,79,0.4,17.3,12,-3.5968722511472446,-16.921953492694836
2016-05-11 16:00:00,25.3,80,0.4,17.8,14,-4.3062097416740865,-17.271263927712738
2016-05-11 17:00:00,24.7,82,0.3,15.3,15,-3.959931390068566,-14.778665142222746
2016-05-11 18:00:00,23.9,86,0.4,13.1,16,-3.6108493612026855,-12.592528216791978
2016-05-11 19:00:00,23.1,89,0.4,12.0,7,-1.462432120861766,-11.910553819695865
2016-05-11 20:00:00,22.9,89,0.2,10.7,12,-2.2246550917500296,-10.46617932785172
2016-05-11 21:00:00,22.9,90,0.1,8.3,18,-2.564841053312065,-7.893769085249775
2016-05-11 22:00:00,22.7,92,0.3,6.6,13,-1.4846769586695105,-6.430842427582552
2016-05-11 23:00:00,22.6,92,0.4,6.4,16,-1.7640790772287929,-6.152074854005242
2016-05-12 00:00:00,22.3,93,0.5,6.3,31,-3.2447398719333433,-5.400153994423306
2016-05-12 01:00:00,22.1,94,0.6,5.3,28,-2.488199282765221,-4.679622242152313
2016-05-12 02:00:00,22.0,95,0.7000000000000001,5.4,20,-1.8469087739586103,-5.074340152243906
2016-05-12 03:00:00,22.0,94,0.0,6.2,21,-2.2218812871808646,-5.78819864428265
2016-05-12 04:00:00,22.0,93,0.0,7.1,24,-2.8878301658381806,-6.486172749262467
2016-05-12 05:00:00,22.5,90,0.0,6.8,25,-2.873804179836754,-6.16289295184922
2016-05-12 06:00:00,22.9,89,0.0,6.5,19,-2.116193003971518,-6.1458707413955596
2016-05-12 07:00:00,23.8,89,0.0,6.8,25,-2.873804179836754,-6.16289295184922
2016-05-12 08:00:00,25.0,83,0.0,6.7,16,-1.8467702839738926,-6.440453362786737
2016-05-12 09:00:00,26.0,80,0.0,6.5,354,0.6794350112397475,-6.4643923198937765
2016-05-12 10:00:00,26.8,78,0.0,6.0,335,2.5357095704441965,-5.437846722219899
2016-05-12 11:00:00,27.1,78,0.2,6.9,332,3.239353783222647,-6.092338390726596
2016-05-12 12:00:00,27.6,78,0.0,6.3,329,3.244739871933341,-5.400153994423308
2016-05-12 13:00:00,28.0,77,0.2,7.1,345,1.8376152202278973,-6.858073366652385
2016-05-12 14:00:00,26.9,79,0.7000000000000001,10.0,347,2.249510543438649,-9.743700647852352
2016-05-12 15:00:00,27.2,78,0.4,10.5,344,2.8941922360784913,-10.093247807352348
2016-05-12 16:00:00,27.2,79,0.1,8.1,328,4.29234604028896,-6.86918957886705
2016-05-12 17:00:00,26.8,81,0.0,7.0,325,4.015035054457323,-5.7340643100229425
2016-05-12 18:00:00,25.8,85,0.3,6.7,344,1.8467702839738944,-6.440453362786736
2016-05-12 19:00:00,25.3,87,0.0,4.2,340,1.436484601967809,-3.9467090073008153
2016-05-12 20:00:00,24.5,92,0.1,4.3,360,2.632990618166809e-16,-4.3
2016-05-12 21:00:00,24.8,88,0.0,4.3,5,-0.37476969381493047,-4.283637201794505
2016-05-12 22:00:00,24.6,89,0.0,6.1,3,-0.31924933308196024,-6.0916401620029
2016-05-12 23:00:00,23.6,92,0.2,7.3,11,-1.3929056662487755,-7.165878439167947
2016-05-13 00:00:00,23.4,93,0.3,8.0,10,-1.3891854213354426,-7.878462024097664
2016-05-13 01:00:00,22.8,95,0.2,8.9,14,-2.1531048708370433,-8.635631963856369
2016-05-13 02:00:00,22.2,96,0.1,8.9,14,-2.1531048708370433,-8.635631963856369
2016-05-13 03:00:00,22.3,93,0.0,9.0,29,-4.3632865822170315,-7.871577364254564
2016-05-13 04:00:00,21.7,94,0.0,9.0,37,-5.416335208368435,-7.187719590425635
2016-05-13 05:00:00,21.5,94,0.0,8.9,32,-4.716281451675525,-7.547628055792192
2016-05-13 06:00:00,21.8,93,0.0,7.2,3,-0.376818884949199,-7.190132650232932
2016-05-13 07:00:00,24.2,91,0.0,9.4,356,0.6557108531947772,-9.377102072442348
2016-05-13 08:00:00,25.9,83,0.0,13.0,355,1.1330246557195558,-12.950531075192693
2016-05-13 09:00:00,27.1,79,0.0,13.8,354,1.4424927930936178,-13.724402156082173
2016-05-13 10:00:00,28.1,75,0.0,14.0,348,2.9107636714486325,-13.694066410273278
2016-05-13 11:00:00,28.5,73,0.0,15.0,339,5.375519243179506,-14.003706397458027
2016-05-13 12:00:00,28.4,74,0.1,18.4,337,7.189452764202636,-16.937289303524903
2016-05-13 13:00:00,28.2,75,0.3,19.0,350,3.2993153756716778,-18.711347307231954
2016-05-13 14:00:00,28.0,76,0.2,13.5,9,-2.111865278043119,-13.333792598034359
2016-05-13 15:00:00,28.0,78,0.0,10.1,4,-0.7045403848156684,-10.075396907624224
2016-05-13 16:00:00,27.9,76,0.0,9.4,4,-0.6557108531947805,-9.377102072442348
2016-05-13 17:00:00,27.8,77,0.0,6.9,39,-4.342310698243882,-5.362307134053097
2016-05-13 18:00:00,27.3,78,0.0,9.7,358,0.33852511801426044,-9.694091022085228
2016-05-13 19:00:00,26.6,84,0.0,7.2,360,4.4087284769304716e-16,-7.2
2016-05-13 20:00:00,25.3,89,0.0,4.3,5,-0.37476969381493047,-4.283637201794505
2016-05-13 21:00:00,25.3,87,0.0,4.0,360,2.4492935982947064e-16,-4.0
2016-05-13 22:00:00,25.1,89,0.0,4.3,360,2.632990618166809e-16,-4.3
2016-05-13 23:00:00,24.2,92,0.0,3.4,32,-1.801725498392897,-2.883363526931848
2016-05-14 00:00:00,23.7,94,0.0,2.4,63,-2.138415658052083,-1.089577199374912
2016-05-14 01:00:00,23.4,96,0.0,2.1,121,-1.8000513314744357,1.0815799573111142
2016-05-14 02:00:00,23.3,96,0.0,2.9,120,-2.511473670974872,1.4499999999999997
2016-05-14 03:00:00,24.2,90,0.0,3.0,104,-2.9108871788279895,0.7257656867990032
2016-05-14 04:00:00,24.4,89,0.0,1.6,117,-1.4256104387013886,0.7263847995832751
2016-05-14 05:00:00,23.0,94,0.0,2.2,171,-0.34415582308850784,2.1729143493093033
2016-05-14 06:00:00,22.8,96,0.0,4.1,165,-1.0611580849203355,3.96029588778518
2016-05-14 07:00:00,25.3,90,0.0,5.2,168,-1.0811407922523486,5.08636752381579
2016-05-14 08:00:00,26.4,86,0.0,5.9,191,1.125773072721615,5.791600382341218
2016-05-14 09:00:00,27.3,80,0.0,6.0,205,2.5357095704441965,5.437846722219899
2016-05-14 10:00:00,27.8,77,0.1,5.9,218,3.6324027044213842,4.64926344627966
2016-05-14 11:00:00,27.8,77,0.8,4.7,238,3.9858260519352022,2.490620541896063
2016-05-14 12:00:00,28.1,77,0.3,6.3,257,6.1385314081469815,1.4171916423663495
2016-05-14 13:00:00,28.1,78,0.4,9.2,281,9.030970087718508,-1.755442757464212
2016-05-14 14:00:00,27.7,79,0.7000000000000001,7.1,294,6.486172749262466,-2.8878301658381815
2016-05-14 15:00:00,27.7,80,0.4,4.6,321,2.894873798829252,-3.5748714227020657
2016-05-14 16:00:00,27.5,77,0.7000000000000001,2.0,315,1.4142135623730951,-1.414213562373095
2016-05-14 17:00:00,27.3,80,0.0,2.4,153,-1.089577199374912,2.138415658052083
2016-05-14 18:00:00,26.8,83,0.0,1.1,162,-0.3399186938124421,1.046162167924669
2016-05-14 19:00:00,26.2,86,0.0,3.7,191,0.7059932828932162,3.632020578756357
2016-05-14 20:00:00,25.4,90,0.0,3.3,186,0.3449439287832564,3.2819222547153015
2016-05-14 21:00:00,24.5,92,0.0,2.5,180,1.5308084989341916e-16,2.5
2016-05-14 22:00:00,23.6,95,0.0,2.5,172,-0.3479327524001634,2.475670171853926
2016-05-14 23:00:00,23.0,96,0.0,4.7,184,0.3278554265973886,4.688551036221174
2016-05-15 00:00:00,22.9,95,0.0,5.3,208,2.4881992827652213,4.679622242152313
2016-05-15 01:00:00,22.5,97,0.0,5.8,202,2.1727182418122895,5.377666356487367
2016-05-15 02:00:00,21.9,97,0.0,5.8,187,0.7068421917498554,5.756767679519667
2016-05-15 03:00:00,23.0,92,0.0,6.2,170,-1.076618701534968,6.10580806867569
2016-05-15 04:00:00,22.4,92,0.0,7.0,159,-2.5085756468171017,6.535062985480412
2016-05-15 05:00:00,22.1,92,0.0,6.8,155,-2.8738041798367555,6.16289295184922
2016-05-15 06:00:00,22.3,92,0.0,4.0,180,2.4492935982947064e-16,4.0
2016-05-15 07:00:00,24.9,88,0.0,4.6,162,-1.4214781741247577,4.374859974957706
2016-05-15 08:00:00,26.5,78,0.0,3.3,167,-0.7423384793347546,3.2154212137912763
2016-05-15 09:00:00,27.2,76,0.0,1.3,214,0.7269507745119709,1.0777488443215544
2016-05-15 10:00:00,27.7,75,0.0,1.8,281,1.7669289302057951,-0.34345619167778063
2016-05-15 11:00:00,27.8,75,0.0,3.0,284,2.9108871788279895,-0.7257656867990032
2016-05-15 12:00:00,28.6,70,0.0,2.9,300,2.511473670974872,-1.4499999999999997
2016-05-15 13:00:00,29.0,68,0.0,3.7,281,3.632020578756357,-0.7059932828932158
2016-05-15 14:00:00,29.3,67,0.0,4.8,283,4.676976310969129,-1.079765060850552
2016-05-15 15:00:00,29.1,68,0.0,5.1,278,5.050367150582009,-0.7097828148963337
2016-05-15 16:00:00,28.8,70,0.0,4.7,247,4.32637281122647,1.8364363038995868
2016-05-15 17:00:00,28.5,71,0.0,3.7,241,3.2360929164157644,1.7937955949114472
2016-05-15 18:00:00,27.9,73,0.0,3.5,246,3.197409101749103,1.4235782507653008
2016-05-15 19:00:00,26.8,80,0.0,7.0,201,2.5085756468171025,6.535062985480412
2016-05-15 20:00:00,25.8,85,0.0,7.8,202,2.9219314286441134,7.232034065620942
2016-05-15 21:00:00,24.9,89,0.0,7.9,196,2.1775351109542935,7.59396739791272
2016-05-15 22:00:00,24.3,91,0.0,6.5,183,0.3401837155791358,6.49109197590473
2016-05-15 23:00:00,24.3,88,0.3,6.9,171,-1.0793978087775926,6.815049550106451
2016-05-16 00:00:00,25.0,84,0.0,6.6,167,-1.4846769586695092,6.430842427582553
2016-05-16 01:00:00,24.8,84,0.0,5.5,157,-2.149021206691006,5.062776693988422
2016-05-16 02:00:00,24.6,85,0.1,3.7,151,-1.793795594911447,3.236092916415765
2016-05-16 03:00:00,23.5,86,0.8,1.8,191,0.34345619167778085,1.7669289302057951
2016-05-16 04:00:00,23.6,85,0.6,3.6,264,3.580278823325784,0.37630246776355253
2016-05-16 05:00:00,23.6,85,0.5,2.9,240,2.511473670974872,1.4499999999999997
2016-05-16 06:00:00,23.5,86,0.7000000000000001,5.1,309,3.963444403430551,-3.2095339943541705
2016-05-16 07:00:00,23.8,90,1.3,12.4,330,6.200000000000002,-10.73871500692704
2016-05-16 08:00:00,24.4,90,1.0,14.6,340,4.993494092554765,-13.719512263474261
2016-05-16 09:00:00,24.6,91,1.1,19.6,7,-2.3886391307408847,-19.453904572169915
2016-05-16 10:00:00,25.2,90,0.3,22.3,14,-5.394858271872592,-21.63759469595472
2016-05-16 11:00:00,25.1,87,0.1,23.5,11,-4.4840113913487984,-23.0682388110201
2016-05-16 12:00:00,26.1,80,0.0,25.5,8,-3.5489140744816785,-25.25183575291004
2016-05-16 13:00:00,25.9,78,0.2,27.2,8,-3.78550834611379,-26.93529146977071
2016-05-16 14:00:00,25.2,79,0.1,28.4,9,-4.442738807142561,-28.050348872901907
2016-05-16 15:00:00,25.4,77,0.0,27.3,8,-3.799425656209797,-27.034318276644868
2016-05-16 16:00:00,24.8,78,0.0,27.3,9,-4.270660895598307,-26.96389169824726
2016-05-16 17:00:00,24.1,79,0.1,24.5,10,-4.254380352839793,-24.127789948799098
2016-05-16 18:00:00,23.3,81,0.2,23.7,10,-4.115461810706249,-23.33994374638933
2016-05-16 19:00:00,22.8,83,0.1,22.1,12,-4.594848367072491,-21.617061976217105
2016-05-16 20:00:00,22.5,85,0.1,21.0,13,-4.723972141221171,-20.461771360489937
2016-05-16 21:00:00,22.3,86,0.1,19.8,10,-3.4382339178052206,-19.49919350964172
2016-05-16 22:00:00,22.3,85,0.6,19.6,7,-2.3886391307408847,-19.453904572169915
2016-05-16 23:00:00,22.1,87,0.1,19.8,10,-3.4382339178052206,-19.49919350964172
2016-05-17 00:00:00,21.8,89,0.0,17.7,13,-3.981633661886415,-17.24635014669866
2016-05-17 01:00:00,21.6,91,0.2,16.5,10,-2.8651949315043503,-16.249327924701433
2016-05-17 02:00:00,21.1,92,0.2,16.0,9,-2.5029514406436966,-15.803013449522203
2016-05-17 03:00:00,21.2,89,0.2,16.0,9,-2.5029514406436966,-15.803013449522203
2016-05-17 04:00:00,21.3,89,0.5,15.7,11,-2.9957012274117503,-15.411546780128324
2016-05-17 05:00:00,21.0,92,0.4,13.7,14,-3.3143299697154487,-13.293051449981151
2016-05-17 06:00:00,21.2,93,0.5,14.6,16,-4.0243053949281835,-14.034420760699458
2016-05-17 07:00:00,22.5,90,0.6,15.5,13,-3.4867413423299114,-15.102736004171145
2016-05-17 08:00:00,22.9,88,0.4,15.3,9,-2.393447315115535,-15.111631611105606
2016-05-17 09:00:00,23.7,86,0.3,16.3,5,-1.4206386067868295,-16.237973578895453
2016-05-17 10:00:00,24.7,83,0.2,17.3,5,-1.5077943495344879,-17.234168276987198
2016-05-17 11:00:00,25.3,80,0.2,18.1,5,-1.5775189437326145,-18.031124035460596
2016-05-17 12:00:00,25.9,78,0.2,17.7,6,-1.8501537998374644,-17.60303754801844
2016-05-17 13:00:00,25.9,78,0.2,15.0,10,-2.6047226650039548,-14.772116295183121
2016-05-17 14:00:00,25.9,78,0.2,14.8,6,-1.5470212563612697,-14.718924051450447
2016-05-17 15:00:00,24.9,81,0.2,15.0,11,-2.8621349306481694,-14.72440775171496
2016-05-17 16:00:00,24.6,83,0.0,15.3,9,-2.393447315115535,-15.111631611105606
2016-05-17 17:00:00,24.1,85,0.0,16.2,12,-3.3681693912477084,-15.845991131887649
2016-05-17 18:00:00,23.4,87,0.0,18.0,12,-3.7424104347196763,-17.6066568132085
2016-05-17 19:00:00,22.9,89,0.0,17.7,12,-3.6800369274743483,-17.31321253298836
2016-05-17 20:00:00,22.6,92,0.0,16.8,15,-4.348159957722347,-16.22755388165635
2016-05-17 21:00:00,22.4,92,0.0,14.5,14,-3.507867486195183,-14.06928803100195
2016-05-17 22:00:00,22.5,90,0.0,12.2,14,-2.951447126315947,-11.837607860567156
2016-05-17 23:00:00,22.0,91,0.0,10.5,6,-1.0975488643103604,-10.442479901366871
2016-05-18 00:00:00,21.6,93,0.0,11.2,360,6.858022075225178e-16,-11.2
2016-05-18 01:00:00,21.6,93,0.0,11.2,2,-0.3908743630680085,-11.193177262613872
2016-05-18 02:00:00,21.9,91,0.0,10.9,6,-1.1393602496174215,-10.840288659514181
2016-05-18 03:00:00,21.0,92,0.0,10.6,10,-1.8406706832694615,-10.438962181929405
2016-05-18 04:00:00,20.9,91,0.0,10.0,13,-2.2495105434386526,-9.743700647852352
2016-05-18 05:00:00,20.0,96,0.0,10.2,10,-1.7712114122026892,-10.045039080724521
2016-05-18 06:00:00,20.2,95,0.0,13.0,3,-0.680367431158276,-12.98218395180946
2016-05-18 07:00:00,23.0,89,0.0,14.6,9,-2.283943189587373,-14.42024977268901
2016-05-18 08:00:00,24.5,82,0.0,15.7,11,-2.9957012274117503,-15.411546780128324
2016-05-18 09:00:00,25.6,77,0.0,15.1,12,-3.1394665313481727,-14.770028771080463
2016-05-18 10:00:00,26.7,74,0.0,14.3,10,-2.483168940637104,-14.082750868074575
2016-05-18 11:00:00,27.3,71,0.0,15.9,3,-0.8321417042628145,-15.878209602597725
2016-05-18 12:00:00,27.5,71,0.0,18.4,360,1.1266750552155648e-15,-18.4
2016-05-18 13:00:00,27.3,74,0.0,19.9,4,-1.388153827508099,-19.8515246001705
2016-05-18 14:00:00,27.1,74,0.0,18.2,14,-4.402978499913954,-17.659382218223136
2016-05-18 15:00:00,27.3,71,0.0,16.1,20,-5.506524307543264,-15.129051194653128
2016-05-18 16:00:00,27.2,69,0.0,14.5,19,-4.720738239628771,-13.710019346190094
2016-05-18 17:00:00,26.7,71,0.0,13.9,17,-4.063966695646045,-13.29263610788619
2016-05-18 18:00:00,25.9,75,0.0,14.5,7,-1.767105479374634,-14.39191919879917
2016-05-18 19:00:00,24.6,81,0.0,15.3,9,-2.393447315115535,-15.111631611105606
2016-05-18 20:00:00,23.4,86,0.0,14.0,18,-4.326237921249266,-13.31479122813215
2016-05-18 21:00:00,22.5,89,0.0,12.6,20,-4.3094538059034235,-11.840127021902445
2016-05-18 22:00:00,22.4,87,0.0,12.2,19,-3.971931484377311,-11.535326622311665
2016-05-18 23:00:00,22.9,83,0.0,12.2,19,-3.971931484377311,-11.535326622311665
2016-05-19 00:00:00,23.1,82,0.0,12.6,13,-2.834383284732702,-12.277062816293963
2016-05-19 01:00:00,22.8,82,0.0,12.6,13,-2.834383284732702,-12.277062816293963
2016-05-19 02:00:00,21.0,85,0.0,12.6,20,-4.3094538059034235,-11.840127021902445
2016-05-19 03:00:00,22.0,81,0.0,12.2,24,-4.962187045524761,-11.145254583239732
2016-05-19 04:00:00,22.5,78,0.0,10.8,21,-3.870373855089248,-10.082668606169777
2016-05-19 05:00:00,22.4,77,0.0,10.6,24,-4.311408416603481,-9.68358185101157
2016-05-19 06:00:00,21.5,80,0.0,11.3,17,-3.3038002633669294,-10.8062437423823
2016-05-19 07:00:00,23.5,84,0.0,12.9,18,-3.9863192274368235,-12.26862906020748
2016-05-19 08:00:00,25.7,71,0.0,12.8,22,-4.794964395723677,-11.867953338454878
2016-05-19 09:00:00,26.6,67,0.0,10.6,24,-4.311408416603481,-9.68358185101157
2016-05-19 10:00:00,27.3,66,0.0,8.4,20,-2.872969203935616,-7.8934180146016315
2016-05-19 11:00:00,27.9,64,0.0,7.2,6,-0.7526049355271042,-7.160557646651569
2016-05-19 12:00:00,28.3,64,0.0,11.2,354,1.1707187885977186,-11.13864522812466
2016-05-19 13:00:00,27.7,70,0.4,13.7,355,1.1940336756429164,-13.647867363856914
2016-05-19 14:00:00,27.1,73,0.0,13.3,2,-0.4641633061432601,-13.291897999353974
2016-05-19 15:00:00,28.2,66,0.0,13.3,3,-0.6960682180311593,-13.281772812235833
2016-05-19 16:00:00,27.8,68,0.0,13.7,5,-1.194033675642918,-13.647867363856914
2016-05-19 17:00:00,27.0,71,0.0,14.4,3,-0.753637769898398,-14.380265300465863
2016-05-19 18:00:00,26.0,76,0.0,13.3,3,-0.6960682180311593,-13.281772812235833
2016-05-19 19:00:00,24.9,80,0.0,14.3,10,-2.483168940637104,-14.082750868074575
2016-05-19 20:00:00,24.1,85,0.0,14.1,13,-3.1718098662485,-13.738617913471815
2016-05-19 21:00:00,23.3,88,0.0,13.6,11,-2.5950023371210067,-13.35012969488823
2016-05-19 22:00:00,23.0,89,0.0,13.4,6,-1.400681407786555,-13.326593397934865
2016-05-19 23:00:00,23.6,85,0.0,11.9,3,-0.6227978792910372,-11.88369146357943
2016-05-20 00:00:00,23.9,83,0.0,11.6,5,-1.0110066158728357,-11.555858497864248
2016-05-20 01:00:00,23.8,83,0.0,7.6,25,-3.2118987892293136,-6.88793918147854
2016-05-20 02:00:00,23.8,82,0.0,6.2,54,-5.015905365124675,-3.644268564213333
2016-05-20 03:00:00,22.9,85,0.0,6.3,59,-5.400153994423308,-3.244739871933341
2016-05-20 04:00:00,22.1,88,0.0,7.5,35,-4.301823272632848,-6.143640332167437
2016-05-20 05:00:00,20.5,95,0.0,7.6,45,-5.374011537017762,-5.37401153701776
2016-05-20 06:00:00,20.8,95,0.0,6.9,39,-4.342310698243882,-5.362307134053097
2016-05-20 07:00:00,23.7,88,0.0,5.9,43,-4.023790324368742,-4.314986839553106
2016-05-20 08:00:00,25.9,76,0.0,4.8,27,-2.179154398749825,-4.276831316104166
2016-05-20 09:00:00,26.9,74,0.0,4.0,360,2.4492935982947064e-16,-4.0
2016-05-20 10:00:00,27.7,72,0.0,4.5,331,2.181643291108517,-3.935788682127281
2016-05-20 11:00:00,28.2,71,0.0,6.9,332,3.239353783222647,-6.092338390726596
2016-05-20 12:00:00,28.4,70,0.0,8.4,340,2.872969203935618,-7.893418014601631
2016-05-20 13:00:00,28.5,70,0.0,8.8,348,1.8296228791962834,-8.60769888645749
2016-05-20 14:00:00,28.7,70,0.0,9.1,353,1.1090110249868421,-9.032169979936029
2016-05-20 15:00:00,28.1,71,0.0,12.4,343,3.625409138561936,-11.858178973941639
2016-05-20 16:00:00,27.5,74,0.0,14.7,349,2.8048922320352103,-14.42991959668066
2016-05-20 17:00:00,26.8,76,0.0,13.4,6,-1.400681407786555,-13.326593397934865
2016-05-20 18:00:00,26.2,79,0.0,9.3,16,-2.56342740909809,-8.939733772226367
2016-05-20 19:00:00,25.6,82,0.0,9.4,23,-3.672872607799174,-8.652745622452938
2016-05-20 20:00:00,24.8,89,0.0,9.2,31,-4.738350289172501,-7.885939166459431
2016-05-20 21:00:00,25.2,84,0.0,6.3,24,-2.5624408513775405,-5.755336383148386
2016-05-20 22:00:00,25.1,84,0.0,7.2,3,-0.376818884949199,-7.190132650232932
2016-05-20 23:00:00,24.9,85,0.0,8.3,18,-2.564841053312065,-7.893769085249775
2016-05-21 00:00:00,23.8,90,0.0,8.9,27,-4.040515447681968,-7.929958065276474
2016-05-21 01:00:00,23.7,90,0.0,9.4,18,-2.904759747124507,-8.939931253174443
2016-05-21 02:00:00,24.7,84,0.0,8.3,18,-2.564841053312065,-7.893769085249775
2016-05-21 03:00:00,24.2,87,0.0,8.7,17,-2.5436338310878126,-8.319851376878407
2016-05-21 04:00:00,23.5,90,0.0,8.4,25,-3.549993398621873,-7.612985411107861
2016-05-21 05:00:00,23.3,91,0.4,7.4,23,-2.8914103508206264,-6.811735915548058
2016-05-21 06:00:00,23.7,90,0.3,7.1,24,-2.8878301658381806,-6.486172749262467
2016-05-21 07:00:00,24.4,94,0.6,4.3,42,-2.87726160734309,-3.195522749552796
2016-05-21 08:00:00,25.8,87,0.8,4.7,328,2.490620541896063,-3.9858260519352022
2016-05-21 09:00:00,26.0,84,1.0,5.3,332,2.4881992827652213,-4.679622242152313
2016-05-21 10:00:00,26.6,81,0.6,2.5,270,2.5,0.0
2016-05-21 11:00:00,26.7,82,1.5,4.9,234,3.9641832724372428,2.8801477362331185
2016-05-21 12:00:00,26.2,87,1.2,5.4,266,5.386845871403051,0.37668495821827663
2016-05-21 13:00:00,26.0,90,1.6,7.0,258,6.84703320513664,1.4553818357243153
2016-05-21 14:00:00,26.2,90,1.1,6.9,261,6.815049550106451,1.079397808777593
2016-05-21 15:00:00,25.3,91,1.0,5.5,259,5.3989495089621515,1.0494494745709964
2016-05-21 16:00:00,25.1,93,1.0,5.0,249,4.667902132486009,1.7918397477265013
2016-05-21 17:00:00,25.0,94,1.0,3.4,238,2.883363526931848,1.8017254983928965
2016-05-21 18:00:00,24.8,95,1.0,1.1,270,1.1,0.0
2016-05-21 19:00:00,24.4,97,0.9,3.3,229,2.4905416147351476,2.1649947956686737
2016-05-21 20:00:00,24.3,96,0.7000000000000001,1.9,202,0.7117525274902327,1.761649323676896
2016-05-21 21:00:00,24.5,95,0.6,0.7000000000000001,90,-0.7000000000000001,8.572527594031473e-17
2016-05-21 22:00:00,24.4,95,0.6,2.5,82,-2.475670171853926,-0.3479327524001638
2016-05-21 23:00:00,24.2,96,0.7000000000000001,3.7,79,-3.632020578756357,-0.7059932828932155
2016-05-22 00:00:00,24.1,96,0.6,1.8,37,-1.083267041673687,-1.437543918085127
2016-05-22 01:00:00,24.1,95,0.8,3.4,18,-1.0506577808748216,-3.233592155403522
2016-05-22 02:00:00,24.0,94,0.6,2.9,30,-1.4500000000000013,-2.5114736709748713
2016-05-22 03:00:00,23.2,93,0.0,4.3,42,-2.87726160734309,-3.195522749552796
2016-05-22 04:00:00,23.4,91,0.0,4.0,63,-3.5640260967534716,-1.8159619989581868
2016-05-22 05:00:00,22.9,91,0.0,4.1,75,-3.96029588778518,-1.0611580849203353
2016-05-22 06:00:00,22.6,92,0.0,5.2,106,-4.998560818879258,1.433314250248396
2016-05-22 07:00:00,24.4,93,0.0,1.5,135,-1.0606601717798212,1.0606601717798214
2016-05-22 08:00:00,26.4,83,0.0,1.4,270,1.4,0.0
2016-05-22 09:00:00,27.2,77,0.0,2.7,293,2.485363104321589,-1.0549740469210394
2016-05-22 10:00:00,27.2,77,0.5,4.4,235,3.604268994871564,2.523736319944603
2016-05-22 11:00:00,26.6,82,1.1,10.0,218,6.156614753256583,7.88010753606722
2016-05-22 12:00:00,26.7,83,0.5,11.5,221,7.544678833390834,8.679160172561879
2016-05-22 13:00:00,26.9,84,0.6,11.5,231,8.937178556755166,7.23718449707313
2016-05-22 14:00:00,26.8,82,0.7000000000000001,13.0,219,8.181165083647887,10.10289749894062
2016-05-22 15:00:00,26.8,85,0.3,11.8,207,5.357087896926653,10.51387698542274
2016-05-22 16:00:00,26.6,85,0.7000000000000001,10.1,207,4.585304047369423,8.999165894302514
2016-05-22 17:00:00,26.1,88,0.5,10.5,218,6.464445490919412,8.274112912870581
2016-05-22 18:00:00,25.6,89,0.4,9.7,211,4.995869326627525,8.31452281681049
2016-05-22 19:00:00,25.2,90,0.2,10.3,205,4.352968095929205,9.334970206477495
2016-05-22 20:00:00,24.7,91,0.0,11.5,194,2.782101799396178,11.15840085217396
2016-05-22 21:00:00,24.4,92,0.0,11.4,193,2.5644420195200603,11.107818738551682
2016-05-22 22:00:00,24.2,92,0.1,10.8,201,3.870373855089244,10.08266860616978
2016-05-22 23:00:00,23.8,92,0.1,8.4,200,2.872969203935618,7.893418014601631
2016-05-23 00:00:00,23.7,91,0.1,5.8,184,0.40458754771592637,5.78587149150698
2016-05-23 01:00:00,24.2,87,0.1,5.5,191,1.049449474570997,5.3989495089621515
2016-05-23 02:00:00,24.4,85,0.1,6.8,180,4.1637991171010006e-16,6.8
2016-05-23 03:00:00,23.6,89,0.0,5.2,164,-1.433314250248395,4.998560818879258
2016-05-23 04:00:00,23.4,90,0.0,2.9,180,1.7757378587636622e-16,2.9
2016-05-23 05:00:00,22.7,93,0.1,2.3,198,0.7107390870623791,2.1874299874788528
2016-05-23 06:00:00,23.0,92,0.0,3.0,166,-0.7257656867990033,2.9108871788279895
2016-05-23 07:00:00,24.2,92,0.0,3.1,144,-1.8221342821066664,2.5079526825623373
2016-05-23 08:00:00,25.5,86,0.1,1.5,135,-1.0606601717798212,1.0606601717798214
2016-05-23 09:00:00,26.3,83,0.4,2.6,214,1.4539015490239418,2.1554976886431088
2016-05-23 10:00:00,27.2,80,0.2,6.3,239,5.400153994423308,3.244739871933341
2016-05-23 11:00:00,27.8,78,0.2,8.9,249,8.308865795825096,3.1894747509531727
2016-05-23 12:00:00,28.2,79,0.5,9.8,253,9.371786608437748,2.8652427062828205
2016-05-23 13:00:00,28.7,76,0.4,9.4,268,9.394273773979501,0.3280552690035091
2016-05-23 14:00:00,28.2,79,0.4,9.2,259,9.030970087718508,1.755442757464212
2016-05-23 15:00:00,27.6,83,2.2,8.2,255,7.92059177557036,2.12231616984067
2016-05-23 16:00:00,27.2,86,3.4,6.9,242,6.092338390726597,3.2393537832226467
2016-05-23 17:00:00,25.9,90,3.3,7.1,221,4.658019105832602,5.358438019581681
2016-05-23 18:00:00,25.3,92,3.8,4.8,193,1.0797650608505516,4.676976310969129
2016-05-23 19:00:00,25.0,93,2.2,7.0,192,1.4553818357243162,6.847033205136639
2016-05-23 20:00:00,24.6,94,2.3,10.0,193,2.249510543438649,9.743700647852352
2016-05-23 21:00:00,24.4,94,2.1,11.9,194,2.8788705576360454,11.546519142684359
2016-05-23 22:00:00,24.3,94,1.7000000000000002,11.7,198,3.615498834186885,11.127361240653295
2016-05-23 23:00:00,24.1,94,0.8,10.6,198,3.275580140374443,10.081199072728626
2016-05-24 00:00:00,24.2,92,0.3,10.7,194,2.588564282916444,10.382164271153162
2016-05-24 01:00:00,24.3,90,0.3,10.2,198,3.151973342624464,9.700776466210565
2016-05-24 02:00:00,24.6,88,0.1,8.7,204,3.5386087947594613,7.947845481490627
2016-05-24 03:00:00,24.9,88,0.0,8.3,198,2.564841053312064,7.893769085249775
2016-05-24 04:00:00,24.8,88,0.1,9.3,196,2.5634274090980926,8.939733772226367
2016-05-24 05:00:00,24.8,88,0.2,8.2,195,2.12231616984067,7.92059177557036
2016-05-24 06:00:00,24.8,89,0.2,6.2,201,2.2218812871808624,5.788198644282651
2016-05-24 07:00:00,25.0,93,0.1,6.0,213,3.2678342100901627,5.032023407672544
2016-05-24 08:00:00,25.6,90,0.1,5.5,259,5.3989495089621515,1.0494494745709964
2016-05-24 09:00:00,26.3,88,0.2,4.1,315,2.899137802864845,-2.8991378028648445
2016-05-24 10:00:00,27.3,84,0.3,4.2,329,2.1631599146222276,-3.600102662948872
2016-05-24 11:00:00,27.8,84,0.3,6.5,341,2.116193003971519,-6.145870741395559
2016-05-24 12:00:00,27.2,86,0.5,7.4,337,2.8914103508206255,-6.811735915548059
2016-05-24 13:00:00,27.5,86,0.5,9.6,347,2.159530121701103,-9.353952621938259
2016-05-24 14:00:00,27.1,85,0.5,9.8,352,1.3638963894086416,-9.70462707366739
2016-05-24 15:00:00,27.5,85,0.3,10.1,356,0.7045403848156648,-10.075396907624224
2016-05-24 16:00:00,27.6,83,0.4,8.2,15,-2.122316169840669,-7.92059177557036
2016-05-24 17:00:00,27.4,85,0.3,5.4,48,-4.012982057577929,-3.6133052743378347
2016-05-24 18:00:00,27.0,87,0.1,4.4,55,-3.604268994871564,-2.5237363199446032
2016-05-24 19:00:00,26.4,89,0.0,2.3,72,-2.187429987478853,-0.7107390870623786
2016-05-24 20:00:00,25.7,93,0.0,2.1,59,-1.800051331474436,-1.0815799573111138
2016-05-24 21:00:00,25.0,94,0.0,1.9,22,-0.7117525274902333,-1.7616493236768958
2016-05-24 22:00:00,24.6,92,0.3,3.1,339,1.1109406435904312,-2.8940993221413254
2016-05-24 23:00:00,24.7,91,0.4,2.9,7,-0.35342109587492676,-2.878383839759834
2016-05-25 00:00:00,23.8,94,0.2,4.5,119,-3.935788682127281,2.181643291108517
2016-05-25 01:00:00,23.9,94,0.0,5.6,130,-4.289848881466276,3.5996106142446207
2016-05-25 02:00:00,23.7,95,0.0,6.1,140,-3.92100441908789,4.6728711030257655
2016-05-25 03:00:00,24.3,89,0.0,5.0,159,-1.7918397477265013,4.667902132486009
2016-05-25 04:00:00,23.4,92,0.0,6.3,167,-1.4171916423663498,6.1385314081469815
2016-05-25 05:00:00,23.1,93,0.0,6.2,190,1.0766187015349686,6.10580806867569
2016-05-25 06:00:00,23.1,93,0.0,1.8,127,-1.4375439180851273,1.0832670416736867
2016-05-25 07:00:00,24.7,91,0.0,1.6,63,-1.4256104387013888,-0.7263847995832747
2016-05-25 08:00:00,25.9,87,0.0,1.1,342,0.3399186938124422,-1.0461621679246689
2016-05-25 09:00:00,27.2,80,0.0,2.5,278,2.475670171853926,-0.3479327524001636
2016-05-25 10:00:00,28.1,76,0.0,4.7,270,4.7,0.0
2016-05-25 11:00:00,29.0,71,0.0,6.8,273,6.790680836331102,-0.3558845024520181
2016-05-25 12:00:00,29.4,70,0.0,9.0,286,8.65135526344487,-2.4807362023529924
2016-05-25 13:00:00,29.5,69,0.0,10.5,297,9.355568503977864,-4.766900247265241
2016-05-25 14:00:00,29.4,71,0.0,11.1,306,8.980088637561916,-6.524416300446451
2016-05-25 15:00:00,28.5,76,0.0,11.8,329,6.077449283938639,-10.114574148284927
2016-05-25 16:00:00,28.0,79,0.0,10.7,348,2.224655091750026,-10.46617932785172
2016-05-25 17:00:00,27.5,81,0.0,8.6,360,5.265981236333618e-16,-8.6
2016-05-25 18:00:00,27.0,83,0.0,6.6,13,-1.4846769586695105,-6.430842427582552
2016-05-25 19:00:00,26.4,86,0.0,5.0,360,3.061616997868383e-16,-5.0
2016-05-25 20:00:00,26.2,87,0.0,3.7,11,-0.7059932828932151,-3.632020578756357
2016-05-25 21:00:00,25.9,88,0.0,3.4,58,-2.8833635269318485,-1.8017254983928963
2016-05-25 22:00:00,25.7,89,0.0,4.0,100,-3.939231012048832,0.6945927106677211
2016-05-25 23:00:00,25.4,90,0.0,4.7,122,-3.9858260519352022,2.490620541896063
2016-05-26 00:00:00,24.5,93,0.0,5.2,124,-4.310995377286217,2.907803098047884
2016-05-26 01:00:00,24.2,94,0.0,6.9,133,-5.046340541172277,4.705788684431241
2016-05-26 02:00:00,24.1,94,0.0,4.0,117,-3.564026096753471,1.8159619989581874
2016-05-26 03:00:00,24.7,88,0.0,3.8,139,-2.493024310163927,2.867896404846534
2016-05-26 04:00:00,24.0,89,0.0,3.6,135,-2.545584412271571,2.5455844122715714
2016-05-26 05:00:00,24.8,86,0.0,1.3,146,-0.7269507745119708,1.0777488443215544
2016-05-26 06:00:00,24.9,85,0.0,1.1,162,-0.3399186938124421,1.046162167924669
2016-05-26 07:00:00,25.7,87,0.0,1.1,72,-1.046162167924669,-0.33991869381244205
2016-05-26 08:00:00,26.5,85,0.0,1.8,127,-1.4375439180851273,1.0832670416736867
2016-05-26 09:00:00,27.6,81,0.0,2.9,187,0.3534210958749277,2.8783838397598336
2016-05-26 10:00:00,28.7,77,0.0,4.3,228,3.195522749552795,2.8772616073430903
2016-05-26 11:00:00,29.3,75,0.0,6.6,257,6.430842427582553,1.484676958669509
2016-05-26 12:00:00,29.7,72,0.0,7.0,258,6.84703320513664,1.4553818357243153
2016-05-26 13:00:00,29.6,73,0.0,7.6,262,7.5260373224359345,1.0577155672964973
2016-05-26 14:00:00,29.4,75,0.2,6.1,270,6.1,0.0
2016-05-26 15:00:00,29.1,74,0.0,5.0,249,4.667902132486009,1.7918397477265013
2016-05-26 16:00:00,29.1,74,0.0,3.6,233,2.875087836170254,2.166534083347374
2016-05-26 17:00:00,29.1,75,0.0,4.8,222,3.2118269105225195,3.5670951622914924
2016-05-26 18:00:00,28.7,78,0.0,2.5,270,2.5,0.0
2016-05-26 19:00:00,27.6,83,0.0,2.6,326,1.4539015490239418,-2.1554976886431088
2016-05-26 20:00:00,27.4,82,0.0,4.7,337,1.8364363038995866,-4.32637281122647
2016-05-26 21:00:00,26.5,85,0.0,3.2,360,1.9594348786357652e-16,-3.2
2016-05-26 22:00:00,25.9,87,0.0,3.6,90,-3.6,4.4087284769304716e-16
2016-05-26 23:00:00,24.3,93,0.0,7.3,110,-6.8597561317371305,2.496747046277383
2016-05-27 00:00:00,24.3,91,0.0,5.0,120,-4.330127018922194,2.4999999999999996
2016-05-27 01:00:00,24.5,89,0.0,3.6,127,-2.8750878361702545,2.1665340833473734
2016-05-27 02:00:00,23.4,93,0.0,3.3,131,-2.4905416147351476,2.1649947956686737
2016-05-27 03:00:00,23.3,94,0.0,3.4,122,-2.883363526931848,1.8017254983928965
2016-05-27 04:00:00,22.7,95,0.0,4.2,121,-3.6001026629488715,2.1631599146222285
2016-05-27 05:00:00,22.5,95,0.0,3.9,112,-3.6160170328104706,1.4609657143220578
2016-05-27 06:00:00,22.8,96,0.0,3.7,101,-3.632020578756357,0.7059932828932164
2016-05-27 07:00:00,26.2,89,0.0,4.6,108,-4.3748599749577055,1.4214781741247584
2016-05-27 08:00:00,28.2,82,0.0,3.3,96,-3.2819222547153015,0.3449439287832573
2016-05-27 09:00:00,29.3,79,0.0,0.8,207,0.3631923997916375,0.7128052193506943
2016-05-27 10:00:00,30.0,77,0.0,4.5,241,3.935788682127281,2.1816432911085166
2016-05-27 11:00:00,30.8,72,0.0,6.6,241,5.772490067120011,3.1997434936258244
2016-05-27 12:00:00,31.1,71,0.0,7.6,225,5.374011537017761,5.37401153701776
2016-05-27 13:00:00,31.0,72,0.0,10.9,224,7.57177623800307,7.840803823691297
2016-05-27 14:00:00,28.8,79,1.1,12.7,215,7.284420741658286,10.403230962470195
2016-05-27 15:00:00,30.9,70,0.0,12.7,209,6.157082177128481,11.107670280670325
2016-05-27 16:00:00,30.8,70,0.0,11.6,206,5.085105302753298,10.426010937070338
2016-05-27 17:00:00,30.2,73,0.0,11.1,205,4.691062705321763,10.060016436106814
2016-05-27 18:00:00,29.4,76,0.0,12.0,201,4.300415394543604,11.202965117966421
2016-05-27 19:00:00,28.3,79,0.0,10.5,186,1.0975488643103612,10.44247990136687
2016-05-27 20:00:00,27.1,84,0.0,10.4,180,6.368163355566237e-16,10.4
2016-05-27 21:00:00,26.1,87,0.0,10.5,176,-0.732442974313316,10.474422527728153
2016-05-27 22:00:00,25.5,87,0.0,9.4,173,-1.1455718280083853,9.329933825428428
2016-05-27 23:00:00,24.7,89,0.0,9.1,171,-1.4235536318661004,8.987963899415753
2016-05-28 00:00:00,24.1,89,0.0,8.3,162,-2.564841053312063,7.893769085249776
2016-05-28 01:00:00,23.7,89,0.0,8.0,153,-3.6319239979163735,7.128052193506943
2016-05-28 02:00:00,23.1,90,0.0,7.9,156,-3.213219480298822,7.217009115376547
2016-05-28 03:00:00,22.8,89,0.0,7.9,164,-2.1775351109542926,7.59396739791272
2016-05-28 04:00:00,22.6,89,0.0,8.1,167,-1.8221035401853067,7.892397524760405
2016-05-28 05:00:00,22.6,88,0.0,8.1,167,-1.8221035401853067,7.892397524760405
2016-05-28 06:00:00,23.4,85,0.0,8.5,192,1.7672493719509554,8.314254606237347
2016-05-28 07:00:00,26.8,77,0.0,10.9,186,1.1393602496174227,10.84028865951418
2016-05-28 08:00:00,28.6,70,0.0,12.2,194,2.9514471263159456,11.837607860567156
2016-05-28 09:00:00,29.6,69,0.0,14.6,200,4.993494092554765,13.719512263474261
2016-05-28 10:00:00,30.3,70,0.0,18.5,204,7.524627896902304,16.900590966388116
2016-05-28 11:00:00,30.9,68,0.0,21.1,207,9.579199544504439,18.800237660374563
2016-05-28 12:00:00,31.0,69,0.0,22.2,207,10.07858909421794,19.780344836981765
2016-05-28 13:00:00,31.1,70,0.0,22.8,211,11.742868107949235,19.54341445600816
2016-05-28 14:00:00,29.9,73,0.9,21.3,210,10.650000000000002,18.446341100608542
2016-05-28 15:00:00,30.4,70,0.2,19.8,207,8.989011894843028,17.641929178929683
2016-05-28 16:00:00,30.2,71,0.2,17.2,209,8.338725468236998,15.043458962797606
2016-05-28 17:00:00,29.7,75,0.0,15.0,210,7.500000000000002,12.990381056766578
2016-05-28 18:00:00,28.6,79,0.0,14.1,220,9.063305296580205,10.80122664797759
2016-05-28 19:00:00,27.6,83,0.0,12.8,202,4.794964395723674,11.86795333845488
2016-05-28 20:00:00,27.0,86,0.0,11.1,193,2.4969567032169007,10.81550771911611
2016-05-28 21:00:00,26.3,89,0.0,10.4,182,0.36295476570601126,10.393664600998596
2016-05-28 22:00:00,25.7,90,0.0,10.8,176,-0.7533699164365536,10.773691742806102
2016-05-28 23:00:00,25.4,89,0.0,11.3,173,-1.3771235804781654,11.21577151354694
2016-05-29 00:00:00,25.0,89,0.0,11.5,176,-0.8021994480574413,11.471986577987979
2016-05-29 01:00:00,24.5,90,0.0,13.0,182,0.453693457132514,12.992080751248245
2016-05-29 02:00:00,24.1,91,0.0,12.6,182,0.4397336584515136,12.592324420440606
2016-05-29 03:00:00,23.9,85,0.0,11.6,173,-1.4136843834997095,11.513535359039336
2016-05-29 04:00:00,23.6,85,0.0,10.6,162,-3.2755801403744416,10.081199072728628
2016-05-29 05:00:00,23.4,85,0.0,11.7,171,-1.8302832409707004,11.555953584963111
2016-05-29 06:00:00,23.8,85,0.0,10.5,188,1.4613175600806874,10.397814721786489
2016-05-29 07:00:00,27.0,75,0.0,13.0,180,7.960204194457795e-16,13.0
2016-05-29 08:00:00,28.6,69,0.0,14.5,187,1.7671054793746386,14.391919198799169
2016-05-29 09:00:00,29.5,69,0.0,17.0,201,6.092255142270107,15.870867250452429
2016-05-29 10:00:00,29.8,70,0.3,18.0,209,8.726573164434068,15.743154728509124
2016-05-29 11:00:00,30.0,72,0.2,19.3,213,10.511533375790023,16.186341961346685
2016-05-29 12:00:00,30.3,72,0.0,17.6,215,10.094945279778413,14.417075979486256
2016-05-29 13:00:00,30.0,74,0.4,18.3,212,9.69752253546765,15.519280159662596
2016-05-29 14:00:00,29.7,75,0.6,15.9,205,6.719630361677122,14.410293813882735
2016-05-29 15:00:00,29.0,76,3.0,18.2,207,8.262627095259752,16.216318740228292
2016-05-29 16:00:00,28.5,78,1.4,11.5,180,7.041719095097281e-16,11.5
2016-05-29 17:00:00,28.6,78,0.1,9.6,167,-2.159530121701104,9.353952621938259
2016-05-29 18:00:00,28.1,80,0.0,9.7,180,5.939536975864663e-16,9.7
2016-05-29 19:00:00,27.3,83,0.0,9.4,182,0.3280552690035102,9.394273773979501
2016-05-29 20:00:00,26.6,85,0.0,9.4,180,5.755839955992561e-16,9.4
2016-05-29 21:00:00,25.9,87,0.0,9.2,169,-1.755442757464212,9.030970087718508
2016-05-29 22:00:00,25.2,88,0.0,10.2,162,-3.1519733426244625,9.700776466210566
2016-05-29 23:00:00,24.8,88,0.0,9.7,165,-2.510544737494452,9.369480515003962
2016-05-30 00:00:00,24.2,89,0.0,9.8,174,-1.024378940023005,9.746314574609078
2016-05-30 01:00:00,23.8,89,0.0,10.5,184,0.732442974313315,10.474422527728153
2016-05-30 02:00:00,23.5,88,0.0,11.3,187,1.3771235804781667,11.215771513546938
2016-05-30 03:00:00,23.3,85,0.0,10.4,178,-0.36295476570600993,10.393664600998596
2016-05-30 04:00:00,23.8,81,0.0,9.2,169,-1.755442757464212,9.030970087718508
2016-05-30 05:00:00,24.2,77,0.0,7.8,167,-1.7546182238821473,7.6000865053248345
2016-05-30 06:00:00,24.1,80,0.0,5.8,173,-0.7068421917498547,5.756767679519668
2016-05-30 07:00:00,26.6,78,0.0,7.4,166,-1.7902220274375418,7.180188374442374
2016-05-30 08:00:00,28.4,65,0.0,7.2,177,-0.3768188849491957,7.190132650232932
2016-05-30 09:00:00,29.2,64,0.0,8.4,200,2.872969203935618,7.893418014601631
2016-05-30 10:00:00,29.9,66,0.0,9.1,214,5.088655421583796,7.5442419102508795
2016-05-30 11:00:00,30.5,67,0.1,11.0,218,6.772276228582241,8.668118289673941
2016-05-30 12:00:00,30.7,69,0.0,11.2,222,7.494262791219212,8.323222045346816
2016-05-30 13:00:00,30.6,72,0.0,12.0,226,8.632077604063815,8.335900445507967
2016-05-30 14:00:00,30.5,75,0.0,12.5,224,8.683229630737465,8.991747504233139
2016-05-30 15:00:00,30.2,79,0.0,11.6,210,5.800000000000001,10.045894683899487
2016-05-30 16:00:00,30.2,78,0.1,10.8,201,3.870373855089244,10.08266860616978
2016-05-30 17:00:00,29.1,78,0.6,9.6,200,3.2833933759264204,9.02104915954472
2016-05-30 18:00:00,27.9,82,0.5,7.6,183,0.3977532674463741,7.589584464134761
2016-05-30 19:00:00,27.4,84,0.0,8.6,182,0.3001356716415093,8.594761112364223
2016-05-30 20:00:00,26.3,89,0.0,8.7,187,1.060263287624783,8.6351515192795
2016-05-30 21:00:00,25.4,91,0.0,9.1,187,1.1090110249868421,9.032169979936029
2016-05-30 22:00:00,25.0,91,0.0,8.0,172,-1.1133848076805228,7.922144549932563
2016-05-30 23:00:00,24.1,93,0.0,8.0,162,-2.4721359549995787,7.608452130361229
2016-05-31 00:00:00,23.6,94,0.2,8.9,166,-2.1531048708370433,8.635631963856369
2016-05-31 01:00:00,23.1,94,0.2,8.1,159,-2.902780391316932,7.5620014546273335
2016-05-31 02:00:00,22.8,94,0.2,8.6,158,-3.2216167033768435,7.973781149274371
2016-05-31 03:00:00,23.6,92,0.0,8.6,158,-3.2216167033768435,7.973781149274371
2016-05-31 04:00:00,23.2,92,0.0,8.2,157,-3.2039952536120446,7.548139798310009
2016-05-31 05:00:00,23.0,92,0.0,7.9,156,-3.213219480298822,7.217009115376547
2016-05-31 06:00:00,23.2,92,0.0,7.0,145,-4.015035054457323,5.734064310022942
2016-05-31 07:00:00,26.6,83,0.0,7.8,146,-4.361704647071824,6.466493065929326
2016-05-31 08:00:00,28.4,71,0.0,8.4,155,-3.5499933986218744,7.612985411107861
2016-05-31 09:00:00,29.7,66,0.0,9.0,175,-0.7844016847289241,8.96575228282571
2016-05-31 10:00:00,30.4,65,0.0,9.3,196,2.5634274090980926,8.939733772226367
2016-05-31 11:00:00,30.8,67,0.0,10.2,212,5.40517649517869,8.650090580795544
2016-05-31 12:00:00,30.7,68,0.0,11.0,218,6.772276228582241,8.668118289673941
2016-05-31 13:00:00,30.6,70,0.0,10.8,217,6.499602250042123,8.625263508510763
2016-05-31 14:00:00,30.8,71,0.0,10.4,214,5.815606196095767,8.621990754572435
2016-05-31 15:00:00,31.0,69,0.0,10.9,207,4.948496447161061,9.71197111365321
2016-05-31 16:00:00,30.8,69,0.0,11.0,199,3.5812496990287244,10.400704331592484
2016-05-31 17:00:00,30.3,71,0.0,11.4,198,3.522793735874401,10.84204428576475
2016-05-31 18:00:00,29.6,74,0.0,9.6,200,3.2833933759264204,9.02104915954472
2016-05-31 19:00:00,28.4,79,0.0,9.8,188,1.3638963894086416,9.70462707366739
2016-05-31 20:00:00,27.2,84,0.0,10.8,201,3.870373855089244,10.08266860616978
2016-05-31 21:00:00,26.0,88,0.0,11.2,195,2.8987733051482323,10.818369254437565
2016-05-31 22:00:00,25.1,91,0.0,11.3,189,1.7677094549546095,11.160878248725057
2016-05-31 23:00:00,24.4,92,0.0,11.7,189,1.8302832409707017,11.555953584963111
2016-06-01 00:00:00,23.8,93,0.0,10.8,184,0.7533699164365526,10.773691742806102
2016-06-01 01:00:00,23.4,93,0.0,10.8,178,-0.3769145643870103,10.793420931806235
2016-06-01 02:00:00,23.2,92,0.0,12.3,177,-0.6437322617882093,12.283143277481258
2016-06-01 03:00:00,23.1,92,0.0,11.9,177,-0.6227978792910317,11.88369146357943
2016-06-01 04:00:00,22.9,90,0.0,11.2,176,-0.7812725059342036,11.17271736291003
2016-06-01 05:00:00,22.7,88,0.1,10.8,176,-0.7533699164365536,10.773691742806102
2016-06-01 06:00:00,23.0,88,0.1,10.8,180,6.613092715395707e-16,10.8
2016-06-01 07:00:00,26.5,77,0.2,11.5,180,7.041719095097281e-16,11.5
2016-06-01 08:00:00,28.5,66,0.0,12.0,189,1.877213580482771,11.852260087141653
2016-06-01 09:00:00,29.3,65,0.0,12.5,192,2.598896135221993,12.22684500917257
2016-06-01 10:00:00,30.2,65,0.0,13.3,193,2.991849022773404,12.959121861643629
2016-06-01 11:00:00,30.5,65,0.1,15.0,191,2.862134930648174,14.72440775171496
2016-06-01 12:00:00,30.7,66,0.2,16.2,192,3.368169391247703,15.845991131887649
2016-06-01 13:00:00,31.1,65,0.0,17.9,190,3.108302380238054,17.628058778918522
2016-06-01 14:00:00,31.3,64,0.0,18.5,188,2.574702367761211,18.319959271719053
2016-06-01 15:00:00,31.6,61,0.0,18.6,189,2.9096810497482952,18.371003135069564
2016-06-01 16:00:00,31.4,62,0.0,18.0,192,3.74241043471967,17.6066568132085
2016-06-01 17:00:00,30.8,66,0.0,17.2,196,4.740962520052386,16.533701170139086
2016-06-01 18:00:00,29.6,71,0.0,15.8,197,4.619472934619242,15.10961514421596
2016-06-01 19:00:00,28.1,76,0.0,14.9,195,3.856403772027559,14.392294811707119
2016-06-01 20:00:00,27.3,80,0.0,14.1,193,3.1718098662484953,13.738617913471817
2016-06-01 21:00:00,26.5,82,0.0,13.4,186,1.4006814077865564,13.326593397934863
2016-06-01 22:00:00,26.0,83,0.0,13.7,177,-0.7170026005283306,13.681224626137661
2016-06-01 23:00:00,25.6,84,0.0,13.0,178,-0.4536934571325124,12.992080751248245
2016-06-02 00:00:00,25.1,84,0.0,12.3,177,-0.6437322617882093,12.283143277481258
2016-06-02 01:00:00,24.6,84,0.1,12.0,171,-1.8772135804827697,11.852260087141653
2016-06-02 02:00:00,24.2,83,0.0,12.8,170,-2.222696674136708,12.605539238556263
2016-06-02 03:00:00,24.1,78,0.0,12.7,172,-1.7674983821928298,12.576404473017943
2016-06-02 04:00:00,23.9,79,0.1,12.2,178,-0.42577385977051163,12.192568089632967
2016-06-02 05:00:00,23.6,80,0.1,11.5,176,-0.8021994480574413,11.471986577987979
2016-06-02 06:00:00,23.8,82,0.2,11.3,173,-1.3771235804781654,11.21577151354694
2016-06-02 07:00:00,26.3,76,0.4,12.1,168,-2.515731458894888,11.835585968879048
2016-06-02 08:00:00,27.9,69,0.1,13.0,174,-1.3588700224794963,12.928784639787553
2016-06-02 09:00:00,29.1,69,0.4,12.9,193,2.9018686010358574,12.569373835729534
2016-06-02 10:00:00,29.5,72,0.3,12.2,204,4.962187045524762,11.14525458323973
2016-06-02 11:00:00,29.1,76,0.7000000000000001,14.2,207,6.446665096301564,12.652292643474821
2016-06-02 12:00:00,29.7,75,0.2,14.0,206,6.1371960550470845,12.583116648188339
2016-06-02 13:00:00,30.3,73,0.3,13.3,213,7.24369916569986,11.154318553674141
2016-06-02 14:00:00,30.6,71,0.0,14.8,214,8.276054971367053,12.269756073814618
2016-06-02 15:00:00,28.6,79,3.7,12.6,217,7.582869291715809,10.062807426595889
2016-06-02 16:00:00,28.0,83,3.2,11.2,201,4.013721034907364,10.45610077676866
2016-06-02 17:00:00,27.8,83,0.2,8.0,185,0.6972459419812651,7.969557584733964
2016-06-02 18:00:00,27.6,84,0.0,7.6,180,4.653657836759942e-16,7.6
2016-06-02 19:00:00,27.2,85,0.0,7.8,193,1.7546182238821464,7.6000865053248345
2016-06-02 20:00:00,26.2,89,0.0,9.4,176,-0.6557108531947782,9.377102072442348
2016-06-02 21:00:00,25.4,91,0.0,9.5,171,-1.4861274178821928,9.38303923565381
2016-06-02 22:00:00,24.9,91,0.0,9.5,171,-1.4861274178821928,9.38303923565381
2016-06-02 23:00:00,24.4,92,0.1,9.7,178,-0.3385251180142592,9.694091022085228
2016-06-03 00:00:00,24.4,89,0.4,10.5,186,1.0975488643103612,10.44247990136687
2016-06-03 01:00:00,24.2,90,0.4,10.4,194,2.515987714236544,10.091075553270363
2016-06-03 02:00:00,24.3,88,0.4,12.6,183,0.659433048661094,12.58273213790763
2016-06-03 03:00:00,23.8,90,0.0,11.9,185,1.0371533386971319,11.854716907291772
2016-06-03 04:00:00,23.6,90,0.0,11.2,174,-1.1707187885977197,11.13864522812466
2016-06-03 05:00:00,23.3,90,0.0,9.7,158,-3.633683956134347,8.993683389297837
2016-06-03 06:00:00,23.3,91,0.2,7.3,169,-1.392905666248777,7.165878439167947
2016-06-03 07:00:00,26.2,83,0.1,9.5,171,-1.4861274178821928,9.38303923565381
2016-06-03 08:00:00,27.9,74,0.2,11.6,185,1.0110066158728344,11.555858497864248
2016-06-03 09:00:00,29.2,70,0.2,12.9,203,5.040431557511631,11.874512609536481
2016-06-03 10:00:00,29.7,70,0.3,14.5,210,7.250000000000002,12.55736835487436
2016-06-03 11:00:00,30.5,67,0.4,15.9,205,6.719630361677122,14.410293813882735
2016-06-03 12:00:00,30.7,67,0.2,15.9,208,7.464597848295665,14.038866726456938
2016-06-03 13:00:00,30.9,67,0.0,15.3,210,7.650000000000002,13.250188677901912
2016-06-03 14:00:00,31.1,67,0.0,16.1,209,7.8054348859660285,14.081377284944272
2016-06-03 15:00:00,31.4,65,0.0,15.5,208,7.276809223181308,13.685687689313367
2016-06-03 16:00:00,30.6,69,0.0,14.7,208,6.901231972952595,12.979329615026224
2016-06-03 17:00:00,30.1,72,0.0,13.7,207,6.219669846431791,12.206789381380638
2016-06-03 18:00:00,29.2,77,0.0,9.8,208,4.600821315301731,8.652886410017484
2016-06-03 19:00:00,28.0,82,0.0,10.5,184,0.732442974313315,10.474422527728153
2016-06-03 20:00:00,26.8,86,0.0,10.1,178,-0.3524849166952596,10.093847352892867
2016-06-03 21:00:00,26.1,88,0.0,10.1,176,-0.7045403848156658,10.075396907624224
2016-06-03 22:00:00,25.4,89,0.0,10.5,176,-0.732442974313316,10.474422527728153
2016-06-03 23:00:00,24.4,91,0.0,12.0,187,1.4624321208617699,11.910553819695863
2016-06-04 00:00:00,23.7,92,0.0,13.0,199,4.232386007943038,12.291741482791117
2016-06-04 01:00:00,23.4,90,0.0,11.9,183,0.6227978792910333,11.88369146357943
2016-06-04 02:00:00,23.3,89,0.0,12.3,177,-0.6437322617882093,12.283143277481258
2016-06-04 03:00:00,23.4,85,0.2,12.0,173,-1.4624321208617683,11.910553819695865
2016-06-04 04:00:00,23.2,84,0.4,11.4,167,-2.5644420195200612,11.107818738551682
2016-06-04 05:00:00,23.0,83,0.0,11.1,155,-4.691062705321762,10.060016436106816
2016-06-04 06:00:00,22.9,85,0.0,9.4,162,-2.9047597471245052,8.939931253174445
2016-06-04 07:00:00,26.5,77,0.0,9.7,180,5.939536975864663e-16,9.7
2016-06-04 08:00:00,28.7,66,0.1,12.4,210,6.200000000000002,10.73871500692704
2016-06-04 09:00:00,29.4,68,0.4,15.7,212,8.319732448461316,13.314355109655887
2016-06-04 10:00:00,30.1,68,0.8,16.3,205,6.888677666373401,14.772816928697395
2016-06-04 11:00:00,30.9,65,0.4,16.5,203,6.447063620073016,15.188330081965265
2016-06-04 12:00:00,31.1,64,0.3,17.4,207,7.899434695468114,15.503513520877599
2016-06-04 13:00:00,31.4,64,0.0,17.0,212,9.008627491964484,14.41681763465924
2016-06-04 14:00:00,31.3,64,0.0,16.3,211,8.395120621033882,13.971827001444431
2016-06-04 15:00:00,30.7,69,0.1,16.3,205,6.888677666373401,14.772816928697395
2016-06-04 16:00:00,29.7,75,1.1,13.8,200,4.71987797789423,12.967758166845535
2016-06-04 17:00:00,29.6,75,0.0,12.6,193,2.8343832847326977,12.277062816293963
2016-06-04 18:00:00,28.9,78,0.0,11.5,180,7.041719095097281e-16,11.5
2016-06-04 19:00:00,27.9,81,0.0,10.7,160,-3.659615533584655,10.05471104240922
2016-06-04 20:00:00,26.7,84,0.0,10.3,155,-4.352968095929203,9.334970206477497
2016-06-04 21:00:00,26.0,86,0.0,8.8,161,-2.864999759222979,8.320563465273988
2016-06-04 22:00:00,25.0,88,0.0,8.3,162,-2.564841053312063,7.893769085249776
2016-06-04 23:00:00,24.1,89,0.0,8.3,162,-2.564841053312063,7.893769085249776
2016-06-05 00:00:00,23.3,90,0.0,9.3,167,-2.092044805397945,9.06164160250269
2016-06-05 01:00:00,22.8,90,0.0,9.4,173,-1.1455718280083853,9.329933825428428
2016-06-05 02:00:00,22.5,89,0.0,8.9,166,-2.1531048708370433,8.635631963856369
2016-06-05 03:00:00,22.1,86,0.0,8.7,163,-2.5436338310878086,8.31985137687841
2016-06-05 04:00:00,21.9,84,0.0,9.2,169,-1.755442757464212,9.030970087718508
2016-06-05 05:00:00,21.6,85,0.3,9.3,167,-2.092044805397945,9.06164160250269
2016-06-05 06:00:00,22.0,87,0.4,5.2,168,-1.0811407922523486,5.08636752381579
2016-06-05 07:00:00,25.8,81,0.8,6.3,167,-1.4171916423663498,6.1385314081469815
2016-06-05 08:00:00,28.0,65,1.2,5.1,188,0.7097828148963339,5.050367150582009
2016-06-05 09:00:00,28.8,67,0.0,5.2,214,2.9078030980478835,4.3109953772862175
2016-06-05 10:00:00,29.6,68,0.6,3.3,229,2.4905416147351476,2.1649947956686737
2016-06-05 11:00:00,29.9,68,0.3,3.3,229,2.4905416147351476,2.1649947956686737
2016-06-05 12:00:00,30.1,70,0.0,5.9,256,5.7247447850283795,1.4273391840380396
2016-06-05 13:00:00,29.1,76,1.0,7.2,243,6.415246974156249,3.2687315981247367
2016-06-05 14:00:00,29.2,78,0.3,7.0,235,5.7340643100229425,4.015035054457322
2016-06-05 15:00:00,29.6,75,0.7000000000000001,6.2,260,6.10580806867569,1.0766187015349682
2016-06-05 16:00:00,28.9,78,1.1,5.0,249,4.667902132486009,1.7918397477265013
2016-06-05 17:00:00,27.6,83,3.9,2.6,236,2.1554976886431083,1.453901549023942
2016-06-05 18:00:00,27.0,85,0.4,5.6,75,-5.4091846272187825,-1.4493866525741164
2016-06-05 19:00:00,26.7,85,0.0,6.5,87,-6.49109197590473,-0.3401837155791332
2016-06-05 20:00:00,26.3,86,0.0,5.6,117,-4.989636535454859,2.542346798541462
2016-06-05 21:00:00,25.8,88,0.0,5.9,133,-4.314986839553106,4.023790324368742
2016-06-05 22:00:00,25.3,90,0.0,6.3,149,-3.2447398719333416,5.400153994423308
2016-06-05 23:00:00,25.0,92,0.0,7.3,171,-1.1419715947936848,7.210124886344506
2016-06-06 00:00:00,24.3,95,0.0,8.9,194,2.1531048708370424,8.635631963856369
2016-06-06 01:00:00,23.6,97,0.0,9.3,196,2.5634274090980926,8.939733772226367
2016-06-06 02:00:00,23.3,96,0.0,9.0,180,5.51091059616309e-16,9.0
2016-06-06 03:00:00,23.2,90,0.3,8.6,180,5.265981236333618e-16,8.6
2016-06-06 04:00:00,22.7,91,0.7000000000000001,8.9,194,2.1531048708370424,8.635631963856369
2016-06-06 05:00:00,23.1,89,1.0,9.2,225,6.505382386916237,6.505382386916236
2016-06-06 06:00:00,22.7,93,0.7000000000000001,4.7,270,4.7,0.0
2016-06-06 07:00:00,24.9,90,0.7000000000000001,5.8,263,5.756767679519667,0.7068421917498553
2016-06-06 08:00:00,26.2,84,0.7000000000000001,5.0,270,5.0,0.0
2016-06-06 09:00:00,27.2,82,0.6,5.0,291,4.667902132486009,-1.7918397477265013
2016-06-06 10:00:00,28.0,81,0.6,4.5,299,3.935788682127281,-2.1816432911085166
2016-06-06 11:00:00,28.0,83,0.7000000000000001,3.3,319,2.1649947956686737,-2.4905416147351476
2016-06-06 12:00:00,28.4,78,0.7000000000000001,4.2,329,2.1631599146222276,-3.600102662948872
2016-06-06 13:00:00,27.9,82,0.8,3.3,347,0.7423384793347542,-3.2154212137912763
2016-06-06 14:00:00,28.2,78,0.7000000000000001,1.8,37,-1.083267041673687,-1.437543918085127
2016-06-06 15:00:00,28.2,82,0.8,2.9,180,1.7757378587636622e-16,2.9
2016-06-06 16:00:00,27.3,81,2.2,1.8,180,1.1021821192326179e-16,1.8
2016-06-06 17:00:00,26.7,83,2.1,2.5,225,1.7677669529663689,1.7677669529663687
2016-06-06 18:00:00,26.1,85,1.0,3.4,122,-2.883363526931848,1.8017254983928965
2016-06-06 19:00:00,25.6,87,0.2,5.8,112,-5.377666356487366,2.172718241812291
2016-06-06 20:00:00,24.8,89,0.0,6.3,114,-5.755336383148385,2.5624408513775427
2016-06-06 21:00:00,25.6,83,0.0,5.6,153,-2.542346798541461,4.98963653545486
2016-06-06 22:00:00,24.3,88,0.1,7.2,183,0.3768188849491966,7.190132650232932
2016-06-06 23:00:00,23.6,90,0.0,8.0,185,0.6972459419812651,7.969557584733964
2016-06-07 00:00:00,23.0,91,0.0,8.0,185,0.6972459419812651,7.969557584733964
2016-06-07 01:00:00,22.7,92,0.0,9.0,182,0.31409547032250973,8.994517443171862
2016-06-07 02:00:00,22.4,91,0.0,6.5,180,3.9801020972288977e-16,6.5
2016-06-07 03:00:00,22.3,89,0.0,8.0,175,-0.6972459419812659,7.969557584733964
2016-06-07 04:00:00,21.7,90,0.0,8.6,165,-2.2258437878816792,8.306962106085987
2016-06-07 05:00:00,22.1,87,0.0,6.6,158,-2.4724035165450196,6.1194134401407965
2016-06-07 06:00:00,23.5,81,0.0,2.5,135,-1.7677669529663687,1.7677669529663689
2016-06-07 07:00:00,25.1,83,0.0,1.5,135,-1.0606601717798212,1.0606601717798214
2016-06-07 08:00:00,26.6,74,0.0,1.9,112,-1.7616493236768958,0.7117525274902332
2016-06-07 09:00:00,27.5,72,0.0,2.3,141,-1.4474368994146256,1.7874357113510333
2016-06-07 10:00:00,28.2,70,0.0,3.3,193,0.7423384793347542,3.2154212137912763
2016-06-07 11:00:00,29.0,69,0.0,4.6,231,3.5748714227020657,2.8948737988292517
2016-06-07 12:00:00,29.4,70,0.1,7.4,256,7.180188374442374,1.7902220274375413
2016-06-07 13:00:00,29.3,73,0.2,9.0,270,9.0,0.0
2016-06-07 14:00:00,29.2,75,0.2,7.6,273,7.589584464134761,-0.3977532674463731
2016-06-07 15:00:00,28.7,76,0.0,6.5,276,6.4643923198937765,-0.6794350112397476
2016-06-07 16:00:00,28.5,76,0.2,6.6,279,6.518743047927909,-1.0324674692655236
2016-06-07 17:00:00,27.4,80,0.6,5.8,274,5.78587149150698,-0.40458754771592675
2016-06-07 18:00:00,26.1,85,1.2,2.4,243,2.138415658052083,1.0895771993749122
2016-06-07 19:00:00,25.5,86,0.3,4.5,119,-3.935788682127281,2.181643291108517
2016-06-07 20:00:00,24.7,89,0.9,6.7,126,-5.420413862312147,3.938161190359571
2016-06-07 21:00:00,23.8,94,0.5,8.9,137,-6.069785404556236,6.509047944410618
2016-06-07 22:00:00,23.8,94,0.2,9.1,146,-5.088655421583795,7.5442419102508795
2016-06-07 23:00:00,23.7,92,0.0,7.7,139,-5.0516545232269054,5.811263767715346
2016-06-08 00:00:00,24.6,87,0.0,6.2,159,-2.2218812871808615,5.788198644282651
2016-06-08 01:00:00,24.3,89,0.0,8.1,167,-1.8221035401853067,7.892397524760405
2016-06-08 02:00:00,23.6,91,0.0,7.6,183,0.3977532674463741,7.589584464134761
2016-06-08 03:00:00,22.7,91,0.0,6.5,183,0.3401837155791358,6.49109197590473
2016-06-08 04:00:00,22.4,92,0.0,6.4,164,-1.764079077228794,6.1520748540052415
2016-06-08 05:00:00,22.2,93,0.5,8.8,168,-1.8296228791962823,8.607698886457491
2016-06-08 06:00:00,22.4,94,0.6,5.8,176,-0.4045875477159269,5.78587149150698
2016-06-08 07:00:00,24.7,89,0.4,3.6,180,2.2043642384652358e-16,3.6
2016-06-08 08:00:00,25.8,81,0.2,2.2,189,0.34415582308850806,2.1729143493093033
2016-06-08 09:00:00,26.8,80,0.1,2.5,262,2.475670171853926,0.3479327524001636
2016-06-08 10:00:00,27.6,78,0.0,5.5,247,5.062776693988422,2.149021206691006
2016-06-08 11:00:00,28.2,75,0.0,8.4,239,7.200205325897744,4.326319829244455
2016-06-08 12:00:00,28.6,74,0.0,9.3,234,7.523858047687012,5.46640284632
2016-06-08 13:00:00,28.9,74,0.1,7.4,241,6.472185832831529,3.5875911898228945
2016-06-08 14:00:00,28.8,76,0.0,4.6,288,4.3748599749577055,-1.421478174124758
2016-06-08 15:00:00,28.7,80,0.1,3.9,326,2.1808523235359125,-3.233246532964663
2016-06-08 16:00:00,27.7,84,0.0,1.1,72,-1.046162167924669,-0.33991869381244205
2016-06-08 17:00:00,27.6,81,0.0,3.9,146,-2.180852323535912,3.233246532964663
2016-06-08 18:00:00,27.0,80,0.3,3.1,201,1.1109406435904312,2.8940993221413254
2016-06-08 19:00:00,26.0,84,0.6,6.3,204,2.5624408513775414,5.755336383148386
2016-06-08 20:00:00,25.4,89,0.4,5.4,176,-0.3766849582182768,5.386845871403051
2016-06-08 21:00:00,24.8,91,0.3,2.8,140,-1.7998053071223101,2.1449244407331385
2016-06-08 22:00:00,24.9,88,0.0,1.6,27,-0.7263847995832751,-1.4256104387013886
2016-06-08 23:00:00,25.4,85,0.0,0.4,90,-0.4,4.898587196589413e-17
2016-06-09 00:00:00,25.2,85,0.0,7.0,168,-1.4553818357243153,6.84703320513664
2016-06-09 01:00:00,24.7,86,0.0,9.5,191,1.8126854560771768,9.325458242752807
2016-06-09 02:00:00,24.6,86,0.0,10.5,207,4.766900247265242,9.355568503977862
2016-06-09 03:00:00,24.7,87,0.3,9.3,208,4.366085533908786,8.21141261358802
2016-06-09 04:00:00,23.9,90,0.4,6.2,201,2.2218812871808624,5.788198644282651
2016-06-09 05:00:00,23.0,92,1.3,5.6,195,1.4493866525741161,5.4091846272187825
2016-06-09 06:00:00,23.3,92,0.5,4.7,203,1.8364363038995866,4.32637281122647
2016-06-09 07:00:00,24.5,91,0.5,4.0,185,0.34862297099063255,3.984778792366982
2016-06-09 08:00:00,25.5,85,0.1,4.5,194,1.0886485301985045,4.366330768241984
2016-06-09 09:00:00,26.5,82,0.1,3.4,212,1.8017254983928965,2.883363526931848
2016-06-09 10:00:00,27.6,79,0.0,2.8,230,2.1449244407331385,1.7998053071223097
2016-06-09 11:00:00,28.3,77,0.0,4.7,247,4.32637281122647,1.8364363038995868
2016-06-09 12:00:00,28.8,75,0.0,4.7,247,4.32637281122647,1.8364363038995868
2016-06-09 13:00:00,29.1,75,0.0,6.6,292,6.1194134401407965,-2.472403516545019
2016-06-09 14:00:00,29.1,77,0.2,7.1,311,5.358438019581681,-4.658019105832602
2016-06-09 15:00:00,28.0,82,0.6,7.6,315,5.374011537017761,-5.37401153701776
2016-06-09 16:00:00,27.4,85,1.0,4.9,324,2.8801477362331185,-3.9641832724372428
2016-06-09 17:00:00,26.4,90,1.6,3.9,236,3.2332465329646625,2.180852323535913
2016-06-09 18:00:00,25.4,93,3.4,2.9,263,2.8783838397598336,0.35342109587492765
2016-06-09 19:00:00,24.9,94,2.0,5.2,196,1.4333142502483958,4.998560818879258
2016-06-09 20:00:00,24.6,95,2.4,5.9,194,1.4273391840380394,5.7247447850283795
2016-06-09 21:00:00,24.5,95,1.7000000000000002,5.1,188,0.7097828148963339,5.050367150582009
2016-06-09 22:00:00,24.5,95,0.5,7.2,186,0.752604935527105,7.160557646651568
2016-06-09 23:00:00,24.5,94,0.1,8.3,185,0.7233926648055626,8.268415994161488
2016-06-10 00:00:00,24.5,94,0.0,8.3,180,5.082284216461516e-16,8.3
2016-06-10 01:00:00,24.2,94,0.1,8.3,178,-0.28966582263075796,8.294943864258496
2016-06-10 02:00:00,24.9,89,0.2,7.9,180,4.837354856632045e-16,7.9
2016-06-10 03:00:00,24.7,90,1.1,7.8,167,-1.7546182238821473,7.6000865053248345
2016-06-10 04:00:00,24.0,95,1.4,6.4,164,-1.764079077228794,6.1520748540052415
2016-06-10 05:00:00,23.9,96,2.2,6.0,197,1.7542302283364206,5.737828535778212
2016-06-10 06:00:00,24.1,94,2.7,8.4,173,-1.0237024846032379,8.337387673787106
2016-06-10 07:00:00,24.6,91,3.0,5.2,168,-1.0811407922523486,5.08636752381579
2016-06-10 08:00:00,25.0,91,2.6,2.9,187,0.3534210958749277,2.8783838397598336
2016-06-10 09:00:00,25.5,91,1.9,2.5,180,1.5308084989341916e-16,2.5
2016-06-10 10:00:00,25.8,91,1.3,5.8,187,0.7068421917498554,5.756767679519667
2016-06-10 11:00:00,26.5,89,1.2,10.0,193,2.249510543438649,9.743700647852352
2016-06-10 12:00:00,26.6,89,2.8,11.0,191,2.098898949141994,10.797899017924303
2016-06-10 13:00:00,26.5,90,2.2,11.7,191,2.2324652459055754,11.485038046337667
2016-06-10 14:00:00,26.3,92,1.7000000000000002,10.9,197,3.186851581477831,10.423721839997087
2016-06-10 15:00:00,25.7,92,3.8,10.7,192,2.224655091750026,10.46617932785172
2016-06-10 16:00:00,25.9,92,2.0,10.9,189,1.705135668938517,10.765802912487002
2016-06-10 17:00:00,25.9,93,1.3,9.4,198,2.904759747124506,8.939931253174443
2016-06-10 18:00:00,25.5,95,0.6,4.3,222,2.8772616073430903,3.195522749552795
2016-06-10 19:00:00,25.5,92,0.2,3.4,148,-1.8017254983928963,2.8833635269318485
2016-06-10 20:00:00,25.1,94,0.2,2.6,254,2.499280409439629,0.7166571251241979
2016-06-10 21:00:00,25.0,94,0.2,2.2,270,2.2,0.0
2016-06-10 22:00:00,24.9,94,0.4,2.4,63,-2.138415658052083,-1.089577199374912
2016-06-10 23:00:00,24.9,94,0.5,4.6,72,-4.374859974957706,-1.4214781741247573
2016-06-11 00:00:00,24.7,94,1.0,5.2,56,-4.3109953772862175,-2.907803098047883
2016-06-11 01:00:00,23.5,97,1.0,5.6,75,-5.4091846272187825,-1.4493866525741164
2016-06-11 02:00:00,23.8,94,1.8,9.2,129,-7.149742845404131,5.789747597658503
2016-06-11 03:00:00,24.8,87,8.3,17.5,166,-4.233633172994186,16.980175209829937
2016-06-11 04:00:00,24.8,85,5.5,26.3,180,1.6104105408787695e-15,26.3
2016-06-11 05:00:00,24.7,85,3.9,29.0,186,3.0313254347619503,28.841134965679924
2016-06-11 06:00:00,24.7,86,3.8,20.5,183,1.0728871029803513,20.471905462468765
2016-06-11 07:00:00,24.8,87,4.1,16.2,181,0.2827289842839943,16.197532661533536
2016-06-11 08:00:00,25.0,87,3.3,14.8,183,0.7745721523955708,14.779717114367694
2016-06-11 09:00:00,25.3,87,2.4,15.5,192,3.2226312076752714,15.161287811373986
2016-06-11 10:00:00,25.5,86,2.1,16.2,201,5.805560782633866,15.124002909254667
2016-06-11 11:00:00,26.0,85,2.4,18.1,211,9.322189155871982,15.514728142708234
2016-06-11 12:00:00,25.8,85,3.1,18.4,211,9.476700578344996,15.771878332918865
2016-06-11 13:00:00,26.1,85,2.8,19.0,205,8.029746973073289,17.21984795369635
2016-06-11 14:00:00,26.0,85,3.0,21.8,193,4.903932984696255,21.24126741231813
2016-06-11 15:00:00,25.9,87,2.4,20.0,188,2.783462019201309,19.805361374831406
2016-06-11 16:00:00,25.4,87,2.7,19.5,183,1.0205511467374073,19.47327592771419
2016-06-11 17:00:00,25.2,87,2.5,20.7,188,2.880883189873355,20.498549022950506
2016-06-11 18:00:00,24.8,87,1.4,17.7,178,-0.6177210916342669,17.689217638237995
2016-06-11 19:00:00,24.5,85,0.3,14.6,171,-2.2839431895873696,14.420249772689012
2016-06-11 20:00:00,24.3,84,0.3,13.0,177,-0.6803674311582699,12.98218395180946
2016-06-11 21:00:00,24.1,84,0.2,14.5,174,-1.5156627173809765,14.420567482839962
2016-06-11 22:00:00,24.0,84,0.1,13.4,160,-4.583069920563961,12.591881118531173
2016-06-11 23:00:00,23.7,82,0.0,12.4,158,-4.64512175835731,11.497079796628164
2016-06-12 00:00:00,23.5,82,0.0,12.2,166,-2.951447126315947,11.837607860567156
2016-06-12 01:00:00,23.3,82,0.1,14.0,180,8.572527594031472e-16,14.0
2016-06-12 02:00:00,23.1,82,0.4,14.6,189,2.2839431895873714,14.420249772689012
2016-06-12 03:00:00,23.3,87,0.6,15.0,190,2.604722665003956,14.772116295183121
2016-06-12 04:00:00,23.4,87,0.3,15.9,185,1.3857763096877644,15.839495699658755
2016-06-12 05:00:00,23.6,85,0.0,16.9,180,1.0348265452795135e-15,16.9
2016-06-12 06:00:00,23.9,85,0.0,16.2,179,-0.2827289842839923,16.197532661533536
2016-06-12 07:00:00,24.9,84,0.0,15.2,176,-1.060298400910705,15.162973563949327
2016-06-12 08:00:00,26.3,81,0.0,15.1,177,-0.790272939268452,15.079305974794064
2016-06-12 09:00:00,27.3,79,0.2,17.0,186,1.7769838755501088,16.906872221260645
2016-06-12 10:00:00,28.5,75,0.5,21.5,198,6.643865379061371,20.4477151003458
2016-06-12 11:00:00,29.1,72,0.4,22.0,198,6.798373876248844,20.923243358493377
2016-06-12 12:00:00,29.0,73,0.8,20.8,198,6.427553482998907,19.781975538939193
2016-06-12 13:00:00,28.0,79,4.4,23.9,203,9.338473970893642,22.000065997513325
2016-06-12 14:00:00,27.8,82,1.3,25.1,201,8.99503553358704,23.432868705079766
2016-06-12 15:00:00,26.8,86,3.7,25.1,193,5.64627146403101,24.456688626109408
2016-06-12 16:00:00,26.5,87,4.3,25.0,187,3.0467335851286874,24.81365379103305
2016-06-12 17:00:00,26.1,87,3.2,22.7,181,0.39616962612633766,22.69654268005008
2016-06-12 18:00:00,25.8,86,1.0,23.7,189,3.7074968214534727,23.408213672104765
2016-06-12 19:00:00,25.5,86,0.5,22.5,168,-4.678013043399585,22.008321016510628
2016-06-12 20:00:00,25.2,86,0.2,22.1,158,-8.278805714491657,20.490763185926003
2016-06-12 21:00:00,25.2,83,0.4,19.2,152,-9.013854005489105,16.952593782891395
2016-06-12 22:00:00,25.2,80,1.5,17.0,148,-9.008627491964482,14.416817634659242
2016-06-12 23:00:00,24.3,83,2.8,18.3,144,-10.756470116952256,14.805010997061538
2016-06-13 00:00:00,23.9,83,3.9,19.5,141,-12.271747625471827,15.154346248410935
2016-06-13 01:00:00,23.8,84,3.2,19.0,147,-10.348141665285514,15.934740790963055
2016-06-13 02:00:00,23.8,85,2.5,19.7,156,-8.012711868593264,17.996845515559237
2016-06-13 03:00:00,23.6,84,2.5,20.9,165,-5.409318042642686,20.187849769441527
2016-06-13 04:00:00,23.8,85,3.1,19.8,168,-4.116651478191635,19.367322494529354
2016-06-13 05:00:00,24.0,87,3.6,17.9,170,-3.1083023802380523,17.628058778918522
2016-06-13 06:00:00,24.2,87,3.9,15.1,177,-0.790272939268452,15.079305974794064
2016-06-13 07:00:00,24.6,88,5.2,15.5,181,0.27051229977789576,15.497639274924065
2016-06-13 08:00:00,24.8,88,5.3,15.6,187,1.9011617571203008,15.483719965604623
2016-06-13 09:00:00,25.1,88,5.0,16.6,184,1.157957464152479,16.55956323431308
2016-06-13 10:00:00,25.5,88,4.5,18.1,174,-1.8919651851445294,18.000846306165748
2016-06-13 11:00:00,26.1,87,3.4,18.9,162,-5.840421193686504,17.974968157978402
2016-06-13 12:00:00,26.6,86,2.0,18.1,159,-6.486459886769936,16.897805719599354
2016-06-13 13:00:00,26.6,86,1.8,16.2,167,-3.6442070803706135,15.78479504952081
2016-06-13 14:00:00,26.9,86,2.2,16.6,181,0.2897099468589078,16.597471739596095
2016-06-13 15:00:00,27.7,78,1.2,15.5,179,-0.27051229977789387,15.497639274924065
2016-06-13 16:00:00,27.5,79,1.2,15.1,179,-0.2635313372029805,15.097700196861508
2016-06-13 17:00:00,26.9,81,0.6,14.8,180,9.062386313690414e-16,14.8
2016-06-13 18:00:00,26.3,83,0.4,12.4,150,-6.1999999999999975,10.73871500692704
2016-06-13 19:00:00,25.7,83,0.0,11.9,151,-5.76923448093141,10.407974514958811
2016-06-13 20:00:00,25.2,83,0.1,9.6,160,-3.2833933759264196,9.02104915954472
2016-06-13 21:00:00,24.7,83,0.0,11.2,186,1.1707187885977186,11.13864522812466
2016-06-13 22:00:00,24.4,82,0.0,12.9,193,2.9018686010358574,12.569373835729534
2016-06-13 23:00:00,24.3,81,0.0,12.6,183,0.659433048661094,12.58273213790763
2016-06-14 00:00:00,24.2,80,0.0,13.5,189,2.1118652780431173,13.33379259803436
2016-06-14 01:00:00,24.2,79,0.6,14.3,190,2.483168940637105,14.082750868074575
2016-06-14 02:00:00,23.9,80,1.4,15.1,181,0.26353133720298233,15.097700196861508
2016-06-14 03:00:00,24.0,80,1.2,13.8,189,2.158795617555187,13.630099100212902
2016-06-14 04:00:00,23.8,83,1.0,14.2,189,2.221369403571279,14.025174436450955
2016-06-14 05:00:00,23.7,85,0.9,13.8,186,1.4424927930936178,13.724402156082173
2016-06-14 06:00:00,23.7,86,1.1,12.8,190,2.2226966741367096,12.605539238556263
2016-06-14 07:00:00,24.4,86,1.1,11.4,169,-2.175222547292611,11.19054989130337
2016-06-14 08:00:00,25.0,85,1.6,10.9,171,-1.705135668938516,10.765802912487002
2016-06-14 09:00:00,25.2,87,2.2,11.8,168,-2.4533579516495605,11.542141688658909
2016-06-14 10:00:00,25.6,86,1.3,12.0,171,-1.8772135804827697,11.852260087141653
2016-06-14 11:00:00,26.2,87,1.5,12.6,182,0.4397336584515136,12.592324420440606
2016-06-14 12:00:00,27.1,83,1.5,13.7,194,3.314329969715447,13.293051449981151
2016-06-14 13:00:00,27.9,81,1.8,14.2,196,3.914050452601388,13.649916082324127
2016-06-14 14:00:00,28.2,79,1.3,13.8,195,3.571702822414786,13.329776402789143
2016-06-14 15:00:00,27.7,82,1.3,14.2,201,5.088824883543265,13.256842056260265
2016-06-14 16:00:00,27.6,83,1.1,14.7,197,4.2978640594242306,14.05767991265662
2016-06-14 17:00:00,27.2,85,0.8,12.5,198,3.862712429686843,11.888206453689419
2016-06-14 18:00:00,26.9,85,0.1,9.0,196,2.4807362023529924,8.65135526344487
2016-06-14 19:00:00,26.2,86,0.0,9.4,162,-2.9047597471245052,8.939931253174445
2016-06-14 20:00:00,25.5,86,0.0,9.0,157,-3.5165801564034638,8.284543681071963
2016-06-14 21:00:00,25.0,85,0.0,8.5,152,-3.990508283680073,7.505054539300878
2016-06-14 22:00:00,24.6,83,0.0,9.0,164,-2.4807362023529915,8.65135526344487
2016-06-14 23:00:00,24.2,82,0.0,10.6,170,-1.8406706832694613,10.438962181929405
2016-06-15 00:00:00,23.9,81,0.0,10.5,176,-0.732442974313316,10.474422527728153
2016-06-15 01:00:00,23.6,81,0.0,11.9,177,-0.6227978792910317,11.88369146357943
2016-06-15 02:00:00,23.2,81,0.0,12.3,175,-1.0720156357961963,12.253194786528471
2016-06-15 03:00:00,22.7,82,0.0,12.3,173,-1.4989929238833126,12.208317665188263
2016-06-15 04:00:00,22.6,81,0.0,13.3,177,-0.6960682180311532,13.281772812235833
2016-06-15 05:00:00,22.5,82,0.0,14.4,180,8.817456953860943e-16,14.4
2016-06-15 06:00:00,23.0,81,0.0,13.4,174,-1.4006814077865577,13.326593397934863
2016-06-15 07:00:00,25.5,79,0.0,12.6,178,-0.439733658451512,12.592324420440606
2016-06-15 08:00:00,27.7,73,0.0,13.2,191,2.518678738970393,12.957478821509163
2016-06-15 09:00:00,29.0,71,0.0,15.2,194,3.6772128131149486,14.748495039395145
2016-06-15 10:00:00,30.0,70,0.0,16.7,199,5.436988179434517,15.790160212508589
2016-06-15 11:00:00,30.7,68,0.0,18.3,202,6.855300659511189,16.967464538572212
2016-06-15 12:00:00,30.7,69,0.0,21.1,203,8.244426811123676,19.422652407846492
2016-06-15 13:00:00,30.9,68,0.0,22.3,203,8.713304165310804,20.52725823198942
2016-06-15 14:00:00,30.5,68,0.2,24.3,204,9.883700426741946,22.199154620715202
2016-06-15 15:00:00,29.5,74,1.6,17.2,191,3.2819147204765726,16.883987555299818
2016-06-15 16:00:00,30.2,71,0.0,16.9,196,4.658271313307285,16.245322661357587
2016-06-15 17:00:00,30.0,73,0.0,15.6,199,5.0788632095316455,14.750089779349342
2016-06-15 18:00:00,29.0,77,0.0,14.1,199,4.59051097784591,13.331811915950366
2016-06-15 19:00:00,27.7,80,0.0,16.4,189,2.565525226659787,16.19808878576026
2016-06-15 20:00:00,26.7,81,0.0,14.8,181,0.2582956152717973,14.79774588831459
2016-06-15 21:00:00,26.0,81,0.0,13.7,175,-1.1940336756429177,13.647867363856914
2016-06-15 22:00:00,25.4,80,0.0,13.1,171,-2.0492914920270238,12.938717261796304
2016-06-15 23:00:00,24.9,79,0.0,12.6,167,-2.8343832847326995,12.277062816293963
2016-06-16 00:00:00,24.5,78,0.0,13.1,172,-1.823167622576856,12.972511700514572
2016-06-16 01:00:00,24.2,77,0.0,13.3,180,8.143901214329899e-16,13.3
2016-06-16 02:00:00,24.0,76,0.0,13.0,183,0.6803674311582716,12.98218395180946
2016-06-16 03:00:00,23.7,76,0.0,13.7,182,0.4781231048242648,13.691654330161612
2016-06-16 04:00:00,23.3,77,0.0,12.6,178,-0.439733658451512,12.592324420440606
2016-06-16 05:00:00,23.3,77,0.1,12.3,177,-0.6437322617882093,12.283143277481258
2016-06-16 06:00:00,23.8,78,0.0,13.2,169,-2.518678738970391,12.957478821509163
2016-06-16 07:00:00,25.6,76,0.0,15.2,166,-3.67721281311495,14.748495039395145
2016-06-16 08:00:00,28.0,69,0.0,13.8,174,-1.442492793093619,13.724402156082173
2016-06-16 09:00:00,29.4,67,0.0,15.3,188,2.129348444689002,15.151101451746028
2016-06-16 10:00:00,29.9,69,0.0,18.0,192,3.74241043471967,17.6066568132085
2016-06-16 11:00:00,30.4,68,0.0,22.0,198,6.798373876248844,20.923243358493377
2016-06-16 12:00:00,30.5,67,0.0,19.6,193,4.409040665139753,19.097653269790612
2016-06-16 13:00:00,30.9,66,0.0,19.6,193,4.409040665139753,19.097653269790612
2016-06-16 14:00:00,30.4,68,0.0,19.7,188,2.7417100889132895,19.508280954208935
2016-06-16 15:00:00,31.1,63,0.0,17.9,199,5.827669964783105,16.924782503227767
2016-06-16 16:00:00,30.0,69,0.0,17.7,204,7.199238582441663,16.169754600274036
2016-06-16 17:00:00,29.4,73,0.0,13.6,197,3.97625518422922,13.005744681097282
2016-06-16 18:00:00,28.5,76,0.0,11.4,191,2.175222547292612,11.19054989130337
2016-06-16 19:00:00,27.3,80,0.0,11.3,189,1.7677094549546095,11.160878248725057
2016-06-16 20:00:00,26.3,84,0.0,11.5,184,0.8021994480574401,11.471986577987979
2016-06-16 21:00:00,25.5,85,0.0,11.2,174,-1.1707187885977197,11.13864522812466
2016-06-16 22:00:00,24.9,85,0.0,11.7,162,-3.6154988341868837,11.127361240653297
2016-06-16 23:00:00,24.2,85,0.0,10.4,160,-3.557009490586955,9.772803256173448
2016-06-17 00:00:00,23.2,87,0.0,10.4,160,-3.557009490586955,9.772803256173448
2016-06-17 01:00:00,22.5,88,0.0,9.8,163,-2.8652427062828196,9.371786608437748
2016-06-17 02:00:00,21.9,88,0.0,8.9,159,-3.1894747509531727,8.308865795825096
2016-06-17 03:00:00,21.9,88,0.0,7.6,155,-3.211898789229315,6.88793918147854
2016-06-17 04:00:00,21.5,89,0.0,7.3,147,-3.9758649556096977,6.122295146001594
2016-06-17 05:00:00,20.9,90,0.0,6.3,149,-3.2447398719333416,5.400153994423308
2016-06-17 06:00:00,21.2,91,0.0,5.6,165,-1.4493866525741166,5.4091846272187825
2016-06-17 07:00:00,25.4,84,0.0,8.1,167,-1.8221035401853067,7.892397524760405
2016-06-17 08:00:00,28.1,67,0.0,8.7,187,1.060263287624783,8.6351515192795
2016-06-17 09:00:00,29.3,67,0.0,10.5,202,3.9333692308670756,9.735430472951268
2016-06-17 10:00:00,30.2,68,0.0,12.8,212,6.782966582185023,10.855015630802253
2016-06-17 11:00:00,30.7,69,0.1,14.8,209,7.17518237964579,12.944371665663057
2016-06-17 12:00:00,30.9,69,0.2,15.5,205,6.550583056980841,14.047770699068074
2016-06-17 13:00:00,30.6,70,0.2,17.2,213,9.367791402258465,14.425133768661293
2016-06-17 14:00:00,29.5,77,0.7000000000000001,17.5,217,10.531762905160846,13.976121425827625
2016-06-17 15:00:00,30.4,70,0.0,16.1,214,9.003005745879024,13.347504918136172
2016-06-17 16:00:00,29.3,76,0.8,12.1,210,6.050000000000002,10.478907385791707
2016-06-17 17:00:00,29.2,77,0.0,8.1,212,4.29234604028896,6.86918957886705
2016-06-17 18:00:00,28.4,82,0.2,4.9,197,1.4326213531414103,4.685893304218874
2016-06-17 19:00:00,27.6,86,0.0,4.6,141,-2.894873798829251,3.5748714227020666
2016-06-17 20:00:00,26.3,91,0.0,7.5,125,-6.14364033216744,4.301823272632845
2016-06-17 21:00:00,25.5,90,0.0,7.4,119,-6.472185832831529,3.5875911898228954
2016-06-17 22:00:00,25.1,89,0.0,6.3,121,-5.400153994423307,3.2447398719333425
2016-06-17 23:00:00,24.1,92,0.0,6.1,130,-4.672871103025765,3.9210044190878905
2016-06-18 00:00:00,23.1,94,0.0,5.9,142,-3.6324027044213842,4.64926344627966
2016-06-18 01:00:00,22.5,96,0.0,6.0,147,-3.2678342100901627,5.032023407672543
2016-06-18 02:00:00,22.0,97,0.0,7.4,141,-4.656970893768796,5.750880114781586
2016-06-18 03:00:00,22.2,90,0.0,7.6,135,-5.37401153701776,5.374011537017761
2016-06-18 04:00:00,21.6,92,0.0,7.1,131,-5.358438019581681,4.658019105832602
2016-06-18 05:00:00,21.1,92,0.0,6.1,130,-4.672871103025765,3.9210044190878905
2016-06-18 06:00:00,21.3,92,0.0,5.4,138,-3.6133052743378347,4.012982057577929
2016-06-18 07:00:00,25.4,88,0.0,6.1,152,-2.8637765329939344,5.385980316439453
2016-06-18 08:00:00,28.2,75,0.0,6.6,189,1.032467469265524,6.518743047927909
2016-06-18 09:00:00,29.2,74,0.0,8.6,213,4.683895701129233,7.212566884330647
2016-06-18 10:00:00,30.0,72,0.0,10.2,225,7.212489168102785,7.212489168102784
2016-06-18 11:00:00,30.3,72,0.0,11.1,234,8.980088637561916,6.524416300446451
2016-06-18 12:00:00,30.3,70,0.1,10.7,230,8.196675541373065,6.87782742364597
2016-06-18 13:00:00,30.4,70,0.1,9.4,227,6.874724795220202,6.410784584587486
2016-06-18 14:00:00,30.5,69,0.1,7.4,227,5.412017391981862,5.046787864462489
2016-06-18 15:00:00,29.9,72,0.0,7.3,237,6.122295146001595,3.9758649556096977
2016-06-18 16:00:00,29.7,74,0.0,3.7,241,3.2360929164157644,1.7937955949114472
2016-06-18 17:00:00,29.0,75,0.1,2.5,180,1.5308084989341916e-16,2.5
2016-06-18 18:00:00,27.8,78,0.3,4.0,153,-1.8159619989581868,3.5640260967534716
2016-06-18 19:00:00,27.1,81,0.1,6.5,177,-0.34018371557913496,6.49109197590473
2016-06-18 20:00:00,26.2,85,0.0,7.0,159,-2.5085756468171017,6.535062985480412
2016-06-18 21:00:00,25.7,87,0.0,5.2,192,1.0811407922523493,5.086367523815789
2016-06-18 22:00:00,26.1,83,0.0,4.4,215,2.5237363199446032,3.604268994871564
2016-06-18 23:00:00,25.2,86,0.0,5.1,188,0.7097828148963339,5.050367150582009
2016-06-19 00:00:00,24.5,88,0.0,4.3,185,0.37476969381492997,4.283637201794505
2016-06-19 01:00:00,25.4,85,0.0,2.2,171,-0.34415582308850784,2.1729143493093033
2016-06-19 02:00:00,25.7,84,0.0,1.6,117,-1.4256104387013886,0.7263847995832751
2016-06-19 03:00:00,25.5,84,0.0,1.8,101,-1.7669289302057951,0.34345619167778096
2016-06-19 04:00:00,25.5,84,0.0,1.8,90,-1.8,2.2043642384652358e-16
2016-06-19 05:00:00,25.3,85,0.0,2.6,56,-2.1554976886431088,-1.4539015490239415
2016-06-19 06:00:00,25.4,85,0.0,2.3,72,-2.187429987478853,-0.7107390870623786
2016-06-19 07:00:00,26.3,89,0.0,4.0,85,-3.984778792366982,-0.3486229709906318
2016-06-19 08:00:00,28.2,82,0.0,4.7,32,-2.490620541896064,-3.9858260519352022
2016-06-19 09:00:00,29.2,79,0.0,7.2,360,4.4087284769304716e-16,-7.2
2016-06-19 10:00:00,29.9,77,0.0,9.7,338,3.633683956134346,-8.993683389297837
2016-06-19 11:00:00,30.3,76,0.0,12.1,333,5.493285046848516,-10.781178942679249
2016-06-19 12:00:00,30.3,74,0.0,12.1,337,4.727846654720212,-11.138108726774528
2016-06-19 13:00:00,30.1,75,0.1,11.8,337,4.61062731617343,-10.861957270738797
2016-06-19 14:00:00,30.1,77,0.0,11.7,342,3.615498834186885,-11.127361240653295
2016-06-19 15:00:00,30.2,75,0.0,8.8,351,1.3766232923540322,-8.691657397237213
2016-06-19 16:00:00,30.0,75,0.0,5.4,352,0.7515347451843536,-5.34744757120448
2016-06-19 17:00:00,29.6,76,0.0,4.7,337,1.8364363038995866,-4.32637281122647
2016-06-19 18:00:00,29.2,79,0.0,4.4,35,-2.523736319944604,-3.604268994871563
2016-06-19 19:00:00,28.1,84,0.0,6.9,62,-6.092338390726596,-3.239353783222647
2016-06-19 20:00:00,27.3,89,0.0,6.0,65,-5.4378467222199,-2.5357095704441956
2016-06-19 21:00:00,26.8,91,0.0,0.7000000000000001,90,-0.7000000000000001,8.572527594031473e-17
2016-06-19 22:00:00,26.3,91,0.0,2.5,172,-0.3479327524001634,2.475670171853926
2016-06-19 23:00:00,25.0,94,0.0,4.5,166,-1.088648530198505,4.366330768241984
2016-06-20 00:00:00,24.8,94,0.0,3.8,163,-1.1110124779463992,3.633958072659535
2016-06-20 01:00:00,26.2,91,0.0,3.4,162,-1.050657780874821,3.2335921554035223
2016-06-20 02:00:00,25.8,91,0.0,5.6,165,-1.4493866525741166,5.4091846272187825
2016-06-20 03:00:00,24.0,89,0.0,2.7,157,-1.0549740469210394,2.4853631043215887
2016-06-20 04:00:00,23.6,92,0.0,1.8,143,-1.0832670416736871,1.4375439180851268
2016-06-20 05:00:00,21.9,98,0.0,2.3,72,-2.187429987478853,-0.7107390870623786
2016-06-20 06:00:00,22.4,98,0.0,4.6,45,-3.2526911934581193,-3.252691193458118
2016-06-20 07:00:00,25.5,94,0.0,4.5,61,-3.9357886821272814,-2.181643291108516
2016-06-20 08:00:00,27.8,83,0.0,3.1,54,-2.5079526825623377,-1.8221342821066664
2016-06-20 09:00:00,29.0,78,0.0,0.5,45,-0.35355339059327384,-0.35355339059327373
2016-06-20 10:00:00,30.0,75,0.0,2.1,301,1.800051331474436,-1.0815799573111138
2016-06-20 11:00:00,30.3,74,0.0,3.6,315,2.5455844122715714,-2.545584412271571
2016-06-20 12:00:00,30.8,73,0.0,4.5,299,3.935788682127281,-2.1816432911085166
2016-06-20 13:00:00,30.6,74,0.0,5.0,300,4.330127018922194,-2.4999999999999996
2016-06-20 14:00:00,30.6,73,0.0,7.4,293,6.811735915548059,-2.891410350820626
2016-06-20 15:00:00,29.2,79,1.2,6.2,277,6.153786140176196,-0.7555899291119144
2016-06-20 16:00:00,28.2,81,1.1,3.1,159,-1.1109406435904308,2.8940993221413254
2016-06-20 17:00:00,27.3,86,0.7000000000000001,4.2,70,-3.9467090073008158,-1.4364846019678084
2016-06-20 18:00:00,27.0,87,0.0,4.7,113,-4.32637281122647,1.8364363038995868
2016-06-20 19:00:00,27.0,86,0.0,7.0,125,-5.734064310022943,4.0150350544573215
2016-06-20 20:00:00,27.0,85,0.0,4.8,138,-3.2118269105225195,3.5670951622914924
2016-06-20 21:00:00,26.5,86,0.0,8.1,148,-4.292346040288959,6.869189578867051
2016-06-20 22:00:00,25.8,88,0.0,7.0,145,-4.015035054457323,5.734064310022942
2016-06-20 23:00:00,24.6,93,0.0,4.8,132,-3.567095162291491,3.21182691052252
2016-06-21 00:00:00,23.9,95,0.0,3.8,131,-2.8678964048465336,2.4930243101639276
2016-06-21 01:00:00,23.4,96,0.0,1.5,135,-1.0606601717798212,1.0606601717798214
2016-06-21 02:00:00,23.1,97,0.0,1.9,112,-1.7616493236768958,0.7117525274902332
2016-06-21 03:00:00,22.7,95,0.0,2.1,121,-1.8000513314744357,1.0815799573111142
2016-06-21 04:00:00,22.5,94,0.0,3.6,135,-2.545584412271571,2.5455844122715714
2016-06-21 05:00:00,22.3,93,0.0,5.1,129,-3.963444403430551,3.2095339943541705
2016-06-21 06:00:00,22.4,94,0.0,6.0,123,-5.032023407672543,3.2678342100901636
2016-06-21 07:00:00,25.7,89,0.0,6.6,135,-4.666904755831213,4.666904755831213
2016-06-21 08:00:00,28.2,77,0.0,6.0,147,-3.2678342100901627,5.032023407672543
2016-06-21 09:00:00,29.4,73,0.0,4.8,153,-2.179154398749824,4.276831316104166
2016-06-21 10:00:00,30.3,70,0.0,5.6,220,3.5996106142446203,4.289848881466277
2016-06-21 11:00:00,30.9,69,0.0,10.4,236,8.621990754572433,5.815606196095768
2016-06-21 12:00:00,30.7,70,0.0,12.2,227,8.922515159753878,8.320379992762481
2016-06-21 13:00:00,30.6,70,0.0,12.2,225,8.62670273047588,8.626702730475879
2016-06-21 14:00:00,30.0,74,0.4,12.3,218,7.572636146505597,9.692532269362681
2016-06-21 15:00:00,29.6,76,0.4,10.2,212,5.40517649517869,8.650090580795544
2016-06-21 16:00:00,29.5,76,0.0,9.1,198,2.8120546488120217,8.654614298285896
2016-06-21 17:00:00,29.2,78,0.0,10.0,201,3.583679495453004,9.335804264972017
2016-06-21 18:00:00,28.6,81,0.0,6.8,198,2.1013155617496424,6.467184310807044
2016-06-21 19:00:00,27.6,87,0.0,7.2,180,4.4087284769304716e-16,7.2
2016-06-21 20:00:00,26.6,91,0.0,7.6,185,0.6623836448822018,7.571079705497266
2016-06-21 21:00:00,25.6,94,0.0,8.7,185,0.7582549619046257,8.666893873398186
2016-06-21 22:00:00,24.6,98,0.0,10.4,178,-0.36295476570600993,10.393664600998596
2016-06-21 23:00:00,24.3,98,0.0,10.8,182,0.3769145643870117,10.793420931806235
2016-06-22 00:00:00,24.2,97,0.0,10.8,180,6.613092715395707e-16,10.8
2016-06-22 01:00:00,23.7,99,0.0,9.8,174,-1.024378940023005,9.746314574609078
2016-06-22 02:00:00,23.7,98,0.0,8.1,167,-1.8221035401853067,7.892397524760405
2016-06-22 03:00:00,23.6,94,0.0,7.2,162,-2.224922359499621,6.847606917325106
2016-06-22 04:00:00,23.2,94,0.0,7.1,156,-2.8878301658381815,6.486172749262466
2016-06-22 05:00:00,22.9,93,0.0,6.9,152,-3.2393537832226476,6.092338390726596
2016-06-22 06:00:00,23.0,93,0.0,5.7,145,-3.269385687200963,4.669166652447252
2016-06-22 07:00:00,25.9,89,0.0,7.0,145,-4.015035054457323,5.734064310022942
2016-06-22 08:00:00,28.4,78,0.0,7.4,166,-1.7902220274375418,7.180188374442374
2016-06-22 09:00:00,29.5,76,0.0,8.7,197,2.5436338310878095,8.319851376878407
2016-06-22 10:00:00,30.1,73,0.0,11.0,212,5.829111906565254,9.328529057720685
2016-06-22 11:00:00,30.5,71,0.0,12.5,221,8.200737862381342,9.43386975278465
2016-06-22 12:00:00,30.7,70,0.0,13.6,217,8.184684314867857,10.861442936643183
2016-06-22 13:00:00,30.9,70,0.0,14.0,215,8.030070108914646,11.468128620045885
2016-06-22 14:00:00,31.0,70,0.0,13.1,212,6.941942361454984,11.10943005964918
2016-06-22 15:00:00,30.4,74,0.0,12.2,225,8.62670273047588,8.626702730475879
2016-06-22 16:00:00,29.8,77,0.0,10.4,226,7.4811339235219725,7.224447052773572
2016-06-22 17:00:00,29.2,79,0.0,9.1,214,5.088655421583796,7.5442419102508795
2016-06-22 18:00:00,28.8,80,0.0,5.2,192,1.0811407922523493,5.086367523815789
2016-06-22 19:00:00,28.1,87,0.0,5.8,173,-0.7068421917498547,5.756767679519668
2016-06-22 20:00:00,27.1,89,0.0,7.6,185,0.6623836448822018,7.571079705497266
2016-06-22 21:00:00,26.4,90,0.0,8.4,190,1.4586446924022156,8.272385125302547
2016-06-22 22:00:00,26.3,89,0.0,9.4,184,0.6557108531947772,9.377102072442348
2016-06-22 23:00:00,25.8,92,0.0,9.0,180,5.51091059616309e-16,9.0
2016-06-23 00:00:00,24.6,96,0.0,8.8,171,-1.3766232923540314,8.691657397237213
2016-06-23 01:00:00,23.8,99,0.0,8.8,161,-2.864999759222979,8.320563465273988
2016-06-23 02:00:00,23.5,99,0.0,8.7,163,-2.5436338310878086,8.31985137687841
2016-06-23 03:00:00,23.8,95,0.0,9.0,164,-2.4807362023529915,8.65135526344487
2016-06-23 04:00:00,23.7,95,0.0,8.0,162,-2.4721359549995787,7.608452130361229
2016-06-23 05:00:00,23.2,96,0.0,6.6,158,-2.4724035165450196,6.1194134401407965
2016-06-23 06:00:00,23.5,96,0.0,6.3,149,-3.2447398719333416,5.400153994423308
2016-06-23 07:00:00,26.7,88,0.0,6.8,155,-2.8738041798367555,6.16289295184922
2016-06-23 08:00:00,28.2,84,0.0,7.6,177,-0.3977532674463732,7.589584464134761
2016-06-23 09:00:00,29.4,78,0.0,8.0,198,2.4721359549995796,7.608452130361228
2016-06-23 10:00:00,30.3,74,0.0,7.7,217,4.633975678270772,6.149493427364155
2016-06-23 11:00:00,30.6,73,0.0,9.4,230,7.200817765318393,6.042203531053469
2016-06-23 12:00:00,30.7,73,0.0,12.2,236,10.114258385171507,6.822153422343112
2016-06-23 13:00:00,30.8,72,0.0,12.2,236,10.114258385171507,6.822153422343112
2016-06-23 14:00:00,30.7,74,0.2,13.3,229,10.037637416962868,8.725585085573748
2016-06-23 15:00:00,30.4,73,0.1,10.4,214,5.815606196095767,8.621990754572435
2016-06-23 16:00:00,30.3,73,0.0,10.1,235,8.273435647318816,5.7931220071455645
2016-06-23 17:00:00,29.0,78,0.2,12.9,210,6.450000000000002,11.171727708819258
2016-06-23 18:00:00,28.7,79,0.0,8.0,207,3.6319239979163744,7.128052193506942
2016-06-23 19:00:00,27.9,83,0.0,7.3,191,1.3929056662487778,7.165878439167947
2016-06-23 20:00:00,26.9,89,0.0,9.0,180,5.51091059616309e-16,9.0
2016-06-23 21:00:00,25.9,93,0.0,10.1,178,-0.3524849166952596,10.093847352892867
2016-06-23 22:00:00,25.9,91,0.0,9.8,172,-1.3638963894086407,9.70462707366739
2016-06-23 23:00:00,26.3,89,0.0,8.8,168,-1.8296228791962823,8.607698886457491
2016-06-24 00:00:00,24.3,97,0.0,8.7,163,-2.5436338310878086,8.31985137687841
2016-06-24 01:00:00,23.8,98,0.0,9.0,164,-2.4807362023529915,8.65135526344487
2016-06-24 02:00:00,23.7,97,0.0,9.0,164,-2.4807362023529915,8.65135526344487
2016-06-24 03:00:00,23.6,96,0.0,7.8,158,-2.9219314286441143,7.232034065620942
2016-06-24 04:00:00,23.2,96,0.0,6.1,152,-2.8637765329939344,5.385980316439453
2016-06-24 05:00:00,22.9,95,0.0,6.0,147,-3.2678342100901627,5.032023407672543
2016-06-24 06:00:00,22.9,95,0.0,5.7,145,-3.269385687200963,4.669166652447252
2016-06-24 07:00:00,26.2,89,0.0,6.8,155,-2.8738041798367555,6.16289295184922
2016-06-24 08:00:00,28.0,83,0.0,6.8,183,0.35588450245201897,6.790680836331102
2016-06-24 09:00:00,29.2,80,0.0,8.1,201,2.902780391316933,7.5620014546273335
2016-06-24 10:00:00,30.2,75,0.0,9.5,217,5.717242719944459,7.587037345449282
2016-06-24 11:00:00,30.8,72,0.0,11.5,231,8.937178556755166,7.23718449707313
2016-06-24 12:00:00,31.1,71,0.0,13.6,233,10.861442936643183,8.184684314867857
2016-06-24 13:00:00,31.2,70,0.2,14.1,232,11.110951625854778,8.680826802091781
2016-06-24 14:00:00,30.6,72,0.3,12.5,229,9.43386975278465,8.200737862381342
2016-06-24 15:00:00,29.9,77,0.2,11.2,225,7.919595949289333,7.919595949289331
2016-06-24 16:00:00,29.6,79,0.1,8.1,201,2.902780391316933,7.5620014546273335
2016-06-24 17:00:00,28.9,81,0.1,10.1,180,6.184466335694133e-16,10.1
2016-06-24 18:00:00,28.6,82,0.0,6.8,183,0.35588450245201897,6.790680836331102
2016-06-24 19:00:00,27.9,85,0.0,9.2,201,3.2969851358167634,8.588939923774255
2016-06-24 20:00:00,27.1,89,0.0,10.1,186,1.0557374790032998,10.04467114321956
2016-06-24 21:00:00,26.3,92,0.0,9.2,159,-3.296985135816762,8.588939923774255
2016-06-24 22:00:00,25.9,91,0.0,9.3,152,-4.366085533908786,8.21141261358802
2016-06-24 23:00:00,25.8,90,0.0,9.9,161,-3.2231247291258507,9.360633898433237
2016-06-25 00:00:00,25.6,88,0.0,9.8,156,-3.986019102142843,8.95274548489749
2016-06-25 01:00:00,26.1,85,0.0,8.5,152,-3.990508283680073,7.505054539300878
2016-06-25 02:00:00,25.2,88,0.0,6.6,151,-3.199743493625824,5.772490067120012
2016-06-25 03:00:00,23.2,95,0.0,7.1,150,-3.549999999999998,6.148780366869515
2016-06-25 04:00:00,22.9,95,0.0,8.5,152,-3.990508283680073,7.505054539300878
2016-06-25 05:00:00,22.8,94,0.0,10.8,165,-2.7952456871072253,10.431998923921938
2016-06-25 06:00:00,23.3,92,0.0,8.0,170,-1.3891854213354424,7.878462024097664
2016-06-25 07:00:00,26.1,89,0.0,7.9,183,0.41345405431925736,7.889173324561134
2016-06-25 08:00:00,28.5,77,0.0,7.2,207,3.268731598124737,6.415246974156248
2016-06-25 09:00:00,29.5,75,0.0,8.1,225,5.727564927611035,5.727564927611034
2016-06-25 10:00:00,30.4,73,0.0,9.9,226,7.121464023352647,6.877117867544073
2016-06-25 11:00:00,30.9,70,0.0,13.0,231,10.10289749894062,8.181165083647887
2016-06-25 12:00:00,31.2,69,0.0,13.9,233,11.101033589657371,8.36522882181347
2016-06-25 13:00:00,30.9,69,0.0,13.6,230,10.4182044264181,8.741911491736934
2016-06-25 14:00:00,30.6,71,0.2,13.1,217,7.883776803291833,10.462125181619536
2016-06-25 15:00:00,30.4,72,0.0,14.3,219,8.999281592012677,11.113187248834684
2016-06-25 16:00:00,29.8,74,0.5,10.3,205,4.352968095929205,9.334970206477495
2016-06-25 17:00:00,29.2,78,0.2,7.7,208,3.61493103345136,6.798696465013737
2016-06-25 18:00:00,28.4,81,0.0,5.7,198,1.7613968679372005,5.421022142882375
2016-06-25 19:00:00,27.7,86,0.0,6.8,162,-2.101315561749642,6.467184310807045
2016-06-25 20:00:00,26.5,91,0.0,8.8,145,-5.0474726398892065,7.208537989743127
2016-06-25 21:00:00,25.6,93,0.0,8.3,146,-4.641301098807197,6.881011852206847
2016-06-25 22:00:00,25.1,93,0.0,8.0,144,-4.702282018339784,6.47213595499958
2016-06-25 23:00:00,24.6,94,0.0,7.2,143,-4.333068166694749,5.750175672340507
2016-06-26 00:00:00,24.1,95,0.0,4.9,144,-2.880147736233118,3.9641832724372428
2016-06-26 01:00:00,23.7,96,0.0,3.3,167,-0.7423384793347546,3.2154212137912763
2016-06-26 02:00:00,23.4,95,0.0,4.1,142,-2.524212048835199,3.23084408978756
2016-06-26 03:00:00,23.6,94,0.0,5.4,127,-4.312631754255382,3.2498011250210603
2016-06-26 04:00:00,23.3,94,0.0,5.7,125,-4.669166652447254,3.269385687200962
2016-06-26 05:00:00,22.7,96,0.0,4.0,117,-3.564026096753471,1.8159619989581874
2016-06-26 06:00:00,23.1,95,0.0,4.1,105,-3.9602958877851795,1.0611580849203361
2016-06-26 07:00:00,26.2,87,0.0,5.8,120,-5.022947341949744,2.8999999999999995
2016-06-26 08:00:00,28.7,75,0.0,4.1,135,-2.8991378028648445,2.899137802864845
2016-06-26 09:00:00,29.7,72,0.0,3.6,186,0.3763024677635525,3.580278823325784
2016-06-26 10:00:00,30.3,71,0.0,5.4,233,4.312631754255381,3.2498011250210608
2016-06-26 11:00:00,30.8,70,0.0,7.9,246,7.217009115376547,3.2132194802988217
2016-06-26 12:00:00,30.6,71,0.0,8.7,246,7.947845481490627,3.5386087947594613
2016-06-26 13:00:00,30.9,70,0.0,9.9,251,9.360633898433237,3.2231247291258516
2016-06-26 14:00:00,30.8,70,0.0,9.6,250,9.02104915954472,3.2833933759264196
2016-06-26 15:00:00,30.0,73,0.1,9.1,252,8.654614298285896,2.8120546488120213
2016-06-26 16:00:00,29.8,74,0.3,6.2,260,6.10580806867569,1.0766187015349682
2016-06-26 17:00:00,29.1,77,0.0,3.3,229,2.4905416147351476,2.1649947956686737
2016-06-26 18:00:00,28.9,77,0.1,1.1,198,0.3399186938124422,1.0461621679246689
2016-06-26 19:00:00,28.2,84,0.0,5.3,118,-4.679622242152313,2.4881992827652204
2016-06-26 20:00:00,27.3,85,0.0,7.1,131,-5.358438019581681,4.658019105832602
2016-06-26 21:00:00,26.6,86,0.0,8.4,140,-5.399415921366931,6.4347733221994154
2016-06-26 22:00:00,25.9,89,0.0,9.3,144,-5.466402846319999,7.523858047687012
2016-06-26 23:00:00,25.3,91,0.0,7.9,156,-3.213219480298822,7.217009115376547
2016-06-27 00:00:00,25.3,90,0.0,6.3,167,-1.4171916423663498,6.1385314081469815
2016-06-27 01:00:00,25.7,87,0.0,3.2,153,-1.4527695991665495,2.8512208774027776
2016-06-27 02:00:00,24.6,92,0.0,1.8,143,-1.0832670416736871,1.4375439180851268
2016-06-27 03:00:00,24.4,89,0.0,2.3,108,-2.1874299874788528,0.7107390870623792
2016-06-27 04:00:00,23.9,90,0.0,3.3,96,-3.2819222547153015,0.3449439287832573
2016-06-27 05:00:00,23.6,91,0.0,4.2,121,-3.6001026629488715,2.1631599146222285
2016-06-27 06:00:00,23.9,91,0.0,2.8,130,-2.144924440733138,1.7998053071223103
2016-06-27 07:00:00,26.5,85,0.0,3.3,131,-2.4905416147351476,2.1649947956686737
2016-06-27 08:00:00,28.4,76,0.0,1.5,166,-0.36288284339950166,1.4554435894139948
2016-06-27 09:00:00,29.5,75,0.0,2.5,278,2.475670171853926,-0.3479327524001636
2016-06-27 10:00:00,30.3,74,0.0,5.2,282,5.08636752381579,-1.0811407922523486
2016-06-27 11:00:00,30.9,72,0.0,8.2,293,7.54813979831001,-3.2039952536120446
2016-06-27 12:00:00,31.3,71,0.0,11.5,309,8.937178556755166,-7.23718449707313
2016-06-27 13:00:00,31.1,72,0.0,12.7,317,8.66137917279373,-9.288192010563463
2016-06-27 14:00:00,30.3,74,0.2,14.3,311,10.792346997185641,-9.381644114564255
2016-06-27 15:00:00,29.5,78,0.3,10.0,311,7.54709580222772,-6.560590289905073
2016-06-27 16:00:00,28.7,81,0.9,8.0,297,7.128052193506943,-3.631923997916374
2016-06-27 17:00:00,28.0,82,0.9,4.1,285,3.96029588778518,-1.061158084920335
2016-06-27 18:00:00,27.4,85,0.6,3.1,54,-2.5079526825623377,-1.8221342821066664
2016-06-27 19:00:00,26.8,88,0.0,8.5,102,-8.314254606237348,1.767249371950954
2016-06-27 20:00:00,26.7,89,0.0,7.2,96,-7.160557646651568,0.7526049355271069
2016-06-27 21:00:00,26.5,90,0.0,5.1,94,-5.087576656325103,0.35575801609504015
2016-06-27 22:00:00,27.4,84,0.0,4.0,117,-3.564026096753471,1.8159619989581874
2016-06-27 23:00:00,26.9,86,0.0,2.9,150,-1.4499999999999993,2.511473670974872
2016-06-28 00:00:00,25.6,91,0.0,6.2,159,-2.2218812871808615,5.788198644282651
2016-06-28 01:00:00,24.9,94,0.0,7.4,166,-1.7902220274375418,7.180188374442374
2016-06-28 02:00:00,24.7,93,0.0,8.5,168,-1.7672493719509543,8.314254606237348
2016-06-28 03:00:00,24.8,88,0.0,9.6,167,-2.159530121701104,9.353952621938259
2016-06-28 04:00:00,24.4,90,0.0,7.2,153,-3.2687315981247362,6.415246974156249
2016-06-28 05:00:00,26.0,80,0.0,3.1,159,-1.1109406435904308,2.8940993221413254
2016-06-28 06:00:00,26.4,79,0.0,3.1,234,2.5079526825623373,1.8221342821066668
2016-06-28 07:00:00,27.2,83,0.0,2.4,207,1.0895771993749124,2.138415658052083
2016-06-28 08:00:00,28.4,84,0.0,4.1,255,3.96029588778518,1.061158084920335
2016-06-28 09:00:00,29.4,81,0.0,5.0,249,4.667902132486009,1.7918397477265013
2016-06-28 10:00:00,30.1,78,0.0,6.7,254,6.440453362786736,1.8467702839738944
2016-06-28 11:00:00,30.8,74,0.0,8.4,250,7.8934180146016315,2.872969203935617
2016-06-28 12:00:00,31.2,74,0.0,9.0,233,7.187719590425635,5.416335208368435
2016-06-28 13:00:00,30.7,75,0.3,6.6,202,2.4724035165450187,6.1194134401407965
2016-06-28 14:00:00,29.9,78,1.2,5.1,219,3.209533994354171,3.963444403430551
2016-06-28 15:00:00,30.0,80,1.4,8.5,242,7.505054539300879,3.990508283680072
2016-06-28 16:00:00,28.9,82,2.7,9.0,217,5.4163352083684355,7.187719590425635
2016-06-28 17:00:00,28.3,86,0.8,3.5,114,-3.197409101749103,1.4235782507653014
2016-06-28 18:00:00,28.1,87,0.0,2.6,74,-2.499280409439629,-0.7166571251241974
2016-06-28 19:00:00,27.9,87,0.0,3.6,53,-2.875087836170254,-2.1665340833473743
2016-06-28 20:00:00,26.9,91,0.0,4.8,63,-4.276831316104166,-2.179154398749824
2016-06-28 21:00:00,26.5,91,0.0,5.4,90,-5.4,6.613092715395707e-16
2016-06-28 22:00:00,26.1,92,0.0,4.7,94,-4.688551036221174,0.32785542659739
2016-06-28 23:00:00,26.7,87,0.0,5.9,101,-5.791600382341218,1.1257730727216153
2016-06-29 00:00:00,25.9,89,0.0,5.2,115,-4.7128004925905795,2.1976149610516376
2016-06-29 01:00:00,24.9,92,0.0,5.2,124,-4.310995377286217,2.907803098047884
2016-06-29 02:00:00,24.3,93,0.0,4.6,141,-2.894873798829251,3.5748714227020666
2016-06-29 03:00:00,24.0,95,0.0,3.6,143,-2.1665340833473743,2.8750878361702537
2016-06-29 04:00:00,23.6,96,0.0,2.4,153,-1.089577199374912,2.138415658052083
2016-06-29 05:00:00,23.3,96,0.0,1.6,117,-1.4256104387013886,0.7263847995832751
2016-06-29 06:00:00,23.5,98,0.0,3.9,112,-3.6160170328104706,1.4609657143220578
2016-06-29 07:00:00,26.3,92,0.0,6.1,130,-4.672871103025765,3.9210044190878905
2016-06-29 08:00:00,27.9,86,0.0,5.8,150,-2.8999999999999986,5.022947341949744
2016-06-29 09:00:00,29.1,82,0.0,2.6,164,-0.7166571251241975,2.499280409439629
2016-06-29 10:00:00,30.1,79,0.0,3.2,297,2.8512208774027776,-1.4527695991665497
2016-06-29 11:00:00,30.7,76,0.0,7.1,285,6.858073366652385,-1.8376152202278973
2016-06-29 12:00:00,30.9,76,0.0,7.7,259,7.558529312547013,1.469229264399395
2016-06-29 13:00:00,31.0,76,0.0,8.7,232,6.85569355637848,5.356254835333226
2016-06-29 14:00:00,30.8,76,0.0,8.9,230,6.817795543758905,5.7208097262102
2016-06-29 15:00:00,30.8,76,0.1,7.9,240,6.841600689897066,3.9499999999999997
2016-06-29 16:00:00,30.6,76,0.0,6.1,230,4.6728711030257655,3.921004419087889
2016-06-29 17:00:00,28.9,82,1.3,10.0,229,7.54709580222772,6.560590289905073
2016-06-29 18:00:00,27.5,87,1.0,3.8,197,1.1110124779463997,3.6339580726595346
2016-06-29 19:00:00,26.6,90,0.5,4.8,132,-3.567095162291491,3.21182691052252
2016-06-29 20:00:00,26.0,91,0.2,5.3,118,-4.679622242152313,2.4881992827652204
2016-06-29 21:00:00,25.5,94,0.4,4.8,117,-4.276831316104166,2.1791543987498248
2016-06-29 22:00:00,24.9,94,0.5,4.6,108,-4.3748599749577055,1.4214781741247584
2016-06-29 23:00:00,24.7,94,0.3,7.0,102,-6.84703320513664,1.4553818357243151
2016-06-30 00:00:00,24.8,92,0.1,8.2,105,-7.920591775570359,2.1223161698406723
2016-06-30 01:00:00,24.7,91,0.0,7.8,112,-7.232034065620941,2.9219314286441156
2016-06-30 02:00:00,24.5,89,0.0,6.4,117,-5.702441754805554,2.9055391983331003
2016-06-30 03:00:00,24.1,91,0.0,4.9,126,-3.9641832724372423,2.880147736233119
2016-06-30 04:00:00,23.5,90,0.0,6.6,131,-4.981083229470295,4.329989591337347
2016-06-30 05:00:00,23.3,90,0.0,7.4,141,-4.656970893768796,5.750880114781586
2016-06-30 06:00:00,23.3,90,0.0,4.7,122,-3.9858260519352022,2.490620541896063
2016-06-30 07:00:00,25.0,91,0.0,6.0,115,-5.437846722219899,2.535709570444197
2016-06-30 08:00:00,27.4,80,0.0,5.8,112,-5.377666356487366,2.172718241812291
2016-06-30 09:00:00,28.9,73,0.0,3.8,107,-3.633958072659535,1.111012477946399
2016-06-30 10:00:00,29.9,71,0.0,1.8,349,0.34345619167778085,-1.7669289302057951
2016-06-30 11:00:00,30.7,69,0.0,4.7,302,3.9858260519352022,-2.490620541896063
2016-06-30 12:00:00,30.9,70,0.0,6.3,283,6.1385314081469815,-1.4171916423663495
2016-06-30 13:00:00,31.0,71,0.0,8.0,275,7.969557584733964,-0.6972459419812653
2016-06-30 14:00:00,30.7,73,0.1,7.2,273,7.190132650232932,-0.37681888494919563
2016-06-30 15:00:00,30.5,72,0.0,4.7,270,4.7,0.0
2016-06-30 16:00:00,30.1,74,0.0,5.2,295,4.7128004925905795,-2.197614961051637
2016-06-30 17:00:00,29.3,77,0.3,3.4,302,2.883363526931848,-1.8017254983928965
2016-06-30 18:00:00,27.7,83,1.5,3.4,162,-1.050657780874821,3.2335921554035223
2016-06-30 19:00:00,26.4,87,0.6,9.2,135,-6.505382386916236,6.505382386916237
2016-06-30 20:00:00,26.1,88,0.1,7.9,150,-3.9499999999999984,6.841600689897066
2016-06-30 21:00:00,25.8,88,0.1,6.5,177,-0.34018371557913496,6.49109197590473
2016-06-30 22:00:00,25.1,91,0.7000000000000001,5.4,172,-0.7515347451843529,5.34744757120448
2016-06-30 23:00:00,24.5,93,0.1,4.1,135,-2.8991378028648445,2.899137802864845
2016-07-01 00:00:00,25.1,86,0.0,3.1,126,-2.507952682562337,1.822134282106667
2016-07-01 01:00:00,25.0,86,0.0,1.8,233,1.437543918085127,1.083267041673687
2016-07-01 02:00:00,25.2,85,0.0,1.5,284,1.4554435894139948,-0.3628828433995016
2016-07-01 03:00:00,26.0,79,0.0,1.8,281,1.7669289302057951,-0.34345619167778063
2016-07-01 04:00:00,25.7,81,0.0,2.9,240,2.511473670974872,1.4499999999999997
2016-07-01 05:00:00,25.6,81,0.0,2.7,247,2.485363104321589,1.0549740469210394
2016-07-01 06:00:00,25.7,82,0.0,1.0,45,-0.7071067811865477,-0.7071067811865475
2016-07-01 07:00:00,26.4,86,0.0,5.1,98,-5.050367150582009,0.7097828148963331
2016-07-01 08:00:00,27.6,81,0.0,6.1,93,-6.0916401620029,0.3192493330819572
2016-07-01 09:00:00,28.8,77,0.0,2.7,67,-2.485363104321589,-1.0549740469210387
2016-07-01 10:00:00,29.8,74,0.0,2.3,342,0.7107390870623791,-2.1874299874788528
2016-07-01 11:00:00,30.2,74,0.0,5.7,288,5.421022142882375,-1.7613968679372003
2016-07-01 12:00:00,30.5,73,0.0,7.2,276,7.160557646651568,-0.7526049355271051
2016-07-01 13:00:00,30.7,73,0.0,5.5,259,5.3989495089621515,1.0494494745709964
2016-07-01 14:00:00,30.7,73,0.0,7.1,255,6.858073366652385,1.8376152202278973
2016-07-01 15:00:00,30.8,73,0.0,5.9,256,5.7247447850283795,1.4273391840380396
2016-07-01 16:00:00,30.5,74,0.0,7.9,254,7.59396739791272,2.1775351109542935
2016-07-01 17:00:00,29.2,78,0.9,8.3,236,6.881011852206846,4.6413010988072
2016-07-01 18:00:00,28.1,85,0.2,4.3,246,3.9282454678631837,1.7489675652259409
2016-07-01 19:00:00,27.6,85,0.0,5.6,130,-4.289848881466276,3.5996106142446207
2016-07-01 20:00:00,27.3,87,0.0,6.2,126,-5.015905365124674,3.644268564213334
2016-07-01 21:00:00,26.8,88,0.0,5.4,132,-4.012982057577928,3.613305274337835
2016-07-01 22:00:00,26.3,90,0.0,3.2,153,-1.4527695991665495,2.8512208774027776
2016-07-01 23:00:00,25.3,94,0.0,4.8,193,1.0797650608505516,4.676976310969129
2016-07-02 00:00:00,25.4,92,0.0,4.7,171,-0.7352419856890848,4.6421352007971475
2016-07-02 01:00:00,24.4,96,0.0,2.6,164,-0.7166571251241975,2.499280409439629
2016-07-02 02:00:00,23.7,99,0.0,2.2,171,-0.34415582308850784,2.1729143493093033
2016-07-02 03:00:00,24.1,94,0.0,4.6,162,-1.4214781741247577,4.374859974957706
2016-07-02 04:00:00,23.5,95,0.0,5.2,146,-2.907803098047883,4.3109953772862175
2016-07-02 05:00:00,23.4,95,0.0,4.1,142,-2.524212048835199,3.23084408978756
2016-07-02 06:00:00,23.6,96,0.0,3.9,146,-2.180852323535912,3.233246532964663
2016-07-02 07:00:00,25.8,90,0.0,4.7,148,-2.4906205418960625,3.9858260519352027
2016-07-02 08:00:00,27.4,85,0.0,4.9,163,-1.4326213531414098,4.685893304218874
2016-07-02 09:00:00,28.8,82,0.0,5.9,194,1.4273391840380394,5.7247447850283795
2016-07-02 10:00:00,29.7,78,0.0,8.7,225,6.151828996322964,6.151828996322962
2016-07-02 11:00:00,30.2,76,0.0,11.8,232,9.29852689255932,7.2648054088427685
2016-07-02 12:00:00,31.0,73,0.0,13.1,233,10.462125181619536,7.883776803291832
2016-07-02 13:00:00,30.8,75,0.1,14.5,235,11.87770464219038,8.316858327090168
2016-07-02 14:00:00,29.4,80,2.2,13.2,235,10.81280698461469,7.5712089598338075
2016-07-02 15:00:00,28.2,83,1.0,7.7,233,6.149493427364155,4.6339756782707715
2016-07-02 16:00:00,28.1,85,0.3,8.2,221,5.379684037722159,6.18861855782673
2016-07-02 17:00:00,27.9,84,0.1,8.0,190,1.3891854213354433,7.878462024097664
2016-07-02 18:00:00,27.6,85,0.0,7.4,157,-2.891410350820626,6.811735915548058
2016-07-02 19:00:00,26.9,88,0.0,8.6,158,-3.2216167033768435,7.973781149274371
2016-07-02 20:00:00,26.3,92,0.0,7.6,175,-0.6623836448822026,7.571079705497266
2016-07-02 21:00:00,26.1,91,0.0,8.6,178,-0.30013567164150823,8.594761112364223
2016-07-02 22:00:00,25.1,95,0.0,9.4,162,-2.9047597471245052,8.939931253174445
2016-07-02 23:00:00,24.6,95,0.0,9.4,157,-3.6728726077991736,8.652745622452938
2016-07-03 00:00:00,24.2,96,0.0,9.4,157,-3.6728726077991736,8.652745622452938
2016-07-03 01:00:00,24.0,96,0.0,8.2,151,-3.975438886019963,7.171881598543045
2016-07-03 02:00:00,23.8,96,0.0,6.8,155,-2.8738041798367555,6.16289295184922
2016-07-03 03:00:00,23.7,92,0.0,7.0,159,-2.5085756468171017,6.535062985480412
2016-07-03 04:00:00,23.5,92,0.0,7.6,161,-2.4743179738743906,7.185941174554808
2016-07-03 05:00:00,23.5,90,0.0,7.0,145,-4.015035054457323,5.734064310022942
2016-07-03 06:00:00,23.5,92,0.0,5.4,132,-4.012982057577928,3.613305274337835
2016-07-03 07:00:00,25.3,87,0.0,6.7,144,-3.9381611903595695,5.420413862312148
2016-07-03 08:00:00,27.5,79,0.0,8.8,171,-1.3766232923540314,8.691657397237213
2016-07-03 09:00:00,28.7,77,0.0,9.6,193,2.159530121701103,9.353952621938259
2016-07-03 10:00:00,29.7,75,0.0,8.6,202,3.2216167033768426,7.973781149274371
2016-07-03 11:00:00,30.4,72,0.0,9.4,227,6.874724795220202,6.410784584587486
2016-07-03 12:00:00,30.9,71,0.0,13.2,235,10.81280698461469,7.5712089598338075
2016-07-03 13:00:00,29.9,74,0.0,16.6,222,11.107568065557048,12.336204102924745
2016-07-03 14:00:00,29.7,74,0.7000000000000001,15.4,217,9.267951356541545,12.29898685472831
2016-07-03 15:00:00,29.6,75,0.2,12.6,211,6.489479743866682,10.800307988846615
2016-07-03 16:00:00,28.9,78,0.6,10.6,204,4.311408416603482,9.683581851011569
2016-07-03 17:00:00,27.2,83,2.9,10.1,180,6.184466335694133e-16,10.1
2016-07-03 18:00:00,26.5,86,0.0,5.7,162,-1.7613968679371999,5.421022142882376
2016-07-03 19:00:00,26.2,87,0.0,9.8,163,-2.8652427062828196,9.371786608437748
2016-07-03 20:00:00,26.0,88,0.0,8.2,142,-5.048424097670398,6.46168817957512
2016-07-03 21:00:00,26.1,86,0.0,5.2,146,-2.907803098047883,4.3109953772862175
2016-07-03 22:00:00,25.2,90,0.0,6.7,144,-3.9381611903595695,5.420413862312148
2016-07-03 23:00:00,24.8,90,0.0,7.0,145,-4.015035054457323,5.734064310022942
2016-07-04 00:00:00,24.9,90,0.0,7.5,145,-4.301823272632846,6.143640332167438
2016-07-04 01:00:00,24.2,91,0.0,7.6,149,-3.9142893693164122,6.5144714853360535
2016-07-04 02:00:00,23.6,93,0.0,7.9,150,-3.9499999999999984,6.841600689897066
2016-07-04 03:00:00,23.7,90,0.0,7.0,145,-4.015035054457323,5.734064310022942
2016-07-04 04:00:00,23.4,90,0.0,6.4,133,-4.6806636903626915,4.364789504399991
2016-07-04 05:00:00,23.0,92,0.0,4.3,132,-3.195522749552794,2.8772616073430908
2016-07-04 06:00:00,23.1,93,0.0,3.6,143,-2.1665340833473743,2.8750878361702537
2016-07-04 07:00:00,25.1,90,0.0,5.2,115,-4.7128004925905795,2.1976149610516376
2016-07-04 08:00:00,27.1,82,0.0,4.0,117,-3.564026096753471,1.8159619989581874
2016-07-04 09:00:00,28.7,79,0.0,3.9,146,-2.180852323535912,3.233246532964663
2016-07-04 10:00:00,29.9,75,0.0,3.5,204,1.4235782507653008,3.197409101749103
2016-07-04 11:00:00,30.3,73,0.0,5.7,252,5.421022142882375,1.7613968679372003
2016-07-04 12:00:00,30.5,73,0.0,5.8,263,5.756767679519667,0.7068421917498553
2016-07-04 13:00:00,30.4,74,0.0,5.6,285,5.4091846272187825,-1.4493866525741161
2016-07-04 14:00:00,30.4,74,0.1,4.0,275,3.984778792366982,-0.34862297099063266
2016-07-04 15:00:00,30.1,76,0.1,5.6,297,4.98963653545486,-2.5423467985414616
2016-07-04 16:00:00,29.3,78,0.8,5.3,298,4.679622242152313,-2.4881992827652213
2016-07-04 17:00:00,28.6,81,0.3,6.8,295,6.162892951849219,-2.873804179836756
2016-07-04 18:00:00,28.0,84,0.3,5.2,286,4.998560818879258,-1.4333142502483958
2016-07-04 19:00:00,27.0,89,0.5,0.8,63,-0.7128052193506944,-0.36319239979163737
2016-07-04 20:00:00,25.8,95,1.6,7.2,117,-6.415246974156248,3.2687315981247376
2016-07-04 21:00:00,25.6,93,1.8,5.1,135,-3.606244584051392,3.6062445840513924
2016-07-04 22:00:00,25.3,93,0.9,5.9,142,-3.6324027044213842,4.64926344627966
2016-07-04 23:00:00,25.4,90,0.4,3.6,90,-3.6,4.4087284769304716e-16
2016-07-05 00:00:00,25.4,90,0.0,5.8,60,-5.0229473419497435,-2.9000000000000004
2016-07-05 01:00:00,25.1,91,0.0,5.7,35,-3.2693856872009643,-4.669166652447252
2016-07-05 02:00:00,24.5,93,0.0,5.8,30,-2.9000000000000026,-5.022947341949743
2016-07-05 03:00:00,25.6,82,0.0,6.3,31,-3.2447398719333433,-5.400153994423306
2016-07-05 04:00:00,25.5,81,0.0,6.7,16,-1.8467702839738926,-6.440453362786737
2016-07-05 05:00:00,25.2,83,0.0,7.6,5,-0.6623836448822027,-7.571079705497266
2016-07-05 06:00:00,25.4,84,0.0,11.3,9,-1.7677094549546108,-11.160878248725057
2016-07-05 07:00:00,26.7,87,0.0,12.5,12,-2.5988961352219975,-12.22684500917257
2016-07-05 08:00:00,28.0,83,0.0,13.9,10,-2.4137096695703315,-13.688827766869691
2016-07-05 09:00:00,29.1,77,0.0,15.5,5,-1.350914012588703,-15.441017820422056
2016-07-05 10:00:00,30.2,72,0.0,16.6,356,1.157957464152479,-16.55956323431308
2016-07-05 11:00:00,30.9,70,0.0,17.5,351,2.737603138204041,-17.28454596041491
2016-07-05 12:00:00,30.6,72,0.0,19.4,350,3.3687746467384496,-19.105270408436834
2016-07-05 13:00:00,30.7,72,0.0,18.1,5,-1.5775189437326145,-18.031124035460596
2016-07-05 14:00:00,30.4,74,0.0,16.6,356,1.157957464152479,-16.55956323431308
2016-07-05 15:00:00,30.1,74,0.0,17.0,4,-1.185860053650135,-16.958588854417012
2016-07-05 16:00:00,29.5,76,0.0,12.3,7,-1.4989929238833102,-12.208317665188263
2016-07-05 17:00:00,29.4,78,0.0,12.6,360,7.715274834628325e-16,-12.6
2016-07-05 18:00:00,28.9,82,0.0,11.3,351,1.7677094549546095,-11.160878248725057
2016-07-05 19:00:00,28.1,87,0.0,8.0,27,-3.6319239979163753,-7.128052193506942
2016-07-05 20:00:00,27.1,93,0.0,8.3,326,4.641301098807199,-6.881011852206847
2016-07-05 21:00:00,26.8,93,0.0,6.2,353,0.7555899291119145,-6.153786140176196
2016-07-05 22:00:00,26.2,94,0.0,3.6,360,2.2043642384652358e-16,-3.6
2016-07-05 23:00:00,25.7,96,0.0,1.8,270,1.8,0.0
2016-07-06 00:00:00,25.2,97,0.0,4.5,194,1.0886485301985045,4.366330768241984
2016-07-06 01:00:00,25.2,97,0.0,7.6,188,1.0577155672964975,7.5260373224359345
2016-07-06 02:00:00,25.2,97,0.0,10.5,188,1.4613175600806874,10.397814721786489
2016-07-06 03:00:00,25.4,88,0.0,10.8,184,0.7533699164365526,10.773691742806102
2016-07-06 04:00:00,25.1,88,0.0,9.0,180,5.51091059616309e-16,9.0
2016-07-06 05:00:00,25.1,85,0.0,4.4,171,-0.6883116461770157,4.3458286986186065
2016-07-06 06:00:00,24.4,89,0.0,6.0,197,1.7542302283364206,5.737828535778212
2016-07-06 07:00:00,27.1,82,0.0,5.8,180,3.5514757175273243e-16,5.8
2016-07-06 08:00:00,28.3,79,0.0,5.9,191,1.125773072721615,5.791600382341218
2016-07-06 09:00:00,29.3,78,0.0,5.3,208,2.4881992827652213,4.679622242152313
2016-07-06 10:00:00,30.1,76,0.0,5.6,230,4.289848881466277,3.5996106142446194
2016-07-06 11:00:00,30.8,73,0.0,7.6,239,6.5144714853360535,3.9142893693164114
2016-07-06 12:00:00,30.8,73,0.0,7.6,251,7.185941174554808,2.474317973874391
2016-07-06 13:00:00,31.3,72,0.0,5.4,270,5.4,0.0
2016-07-06 14:00:00,30.9,73,0.0,5.5,259,5.3989495089621515,1.0494494745709964
2016-07-06 15:00:00,30.2,75,0.3,5.2,295,4.7128004925905795,-2.197614961051637
2016-07-06 16:00:00,29.5,78,0.4,1.8,360,1.1021821192326179e-16,-1.8
2016-07-06 17:00:00,29.3,78,0.0,3.8,163,-1.1110124779463992,3.633958072659535
2016-07-06 18:00:00,28.9,80,0.0,2.2,270,2.2,0.0
2016-07-06 19:00:00,28.1,84,0.0,3.0,166,-0.7257656867990033,2.9108871788279895
2016-07-06 20:00:00,27.2,88,0.0,4.4,145,-2.5237363199446032,3.6042689948715636
2016-07-06 21:00:00,26.6,89,0.0,4.9,197,1.4326213531414103,4.685893304218874
2016-07-06 22:00:00,26.0,92,0.0,4.4,215,2.5237363199446032,3.604268994871564
2016-07-06 23:00:00,25.8,91,0.0,2.9,173,-0.35342109587492737,2.878383839759834
2016-07-07 00:00:00,25.7,91,0.0,4.6,141,-2.894873798829251,3.5748714227020666
2016-07-07 01:00:00,25.0,93,0.0,4.9,144,-2.880147736233118,3.9641832724372428
2016-07-07 02:00:00,25.0,91,0.0,4.8,153,-2.179154398749824,4.276831316104166
2016-07-07 03:00:00,25.5,85,0.0,3.6,174,-0.3763024677635528,3.580278823325784
2016-07-07 04:00:00,26.2,81,0.0,3.2,207,1.45276959916655,2.851220877402777
2016-07-07 05:00:00,26.3,80,0.0,2.9,263,2.8783838397598336,0.35342109587492765
2016-07-07 06:00:00,26.0,82,0.2,4.3,336,1.7489675652259409,-3.9282454678631837
2016-07-07 07:00:00,26.8,85,0.0,3.1,315,2.1920310216782974,-2.192031021678297
2016-07-07 08:00:00,27.8,84,0.0,4.4,325,2.5237363199446032,-3.604268994871564
2016-07-07 09:00:00,28.7,81,0.0,7.8,347,1.7546182238821464,-7.6000865053248345
2016-07-07 10:00:00,29.4,77,0.0,10.5,356,0.732442974313315,-10.474422527728153
2016-07-07 11:00:00,29.9,75,0.0,14.3,10,-2.483168940637104,-14.082750868074575
2016-07-07 12:00:00,30.0,74,0.0,16.5,11,-3.148348423712986,-16.196848526886455
2016-07-07 13:00:00,29.9,75,0.0,16.7,7,-2.0352180348659576,-16.575520732410077
2016-07-07 14:00:00,29.7,77,0.0,17.6,15,-4.555215193804363,-17.000294542687605
2016-07-07 15:00:00,30.0,78,0.1,17.5,9,-2.7376031382040433,-17.28454596041491
2016-07-07 16:00:00,29.7,81,0.0,19.7,8,-2.7417100889132966,-19.50828095420893
2016-07-07 17:00:00,29.2,83,0.0,20.0,8,-2.7834620192013166,-19.805361374831406
2016-07-07 18:00:00,28.6,85,0.0,20.9,2,-0.7293994810822658,-20.8872682846991
2016-07-07 19:00:00,28.0,88,0.0,24.1,10,-4.184921081773021,-23.733866847594214
2016-07-07 20:00:00,27.4,89,0.0,27.3,8,-3.799425656209797,-27.034318276644868
2016-07-07 21:00:00,26.9,92,0.0,29.6,10,-5.139986058941138,-29.15030948916136
2016-07-07 22:00:00,26.7,92,0.0,28.4,9,-4.442738807142561,-28.050348872901907
2016-07-07 23:00:00,26.8,91,0.0,27.5,11,-5.247247372854977,-26.99474754481076
2016-07-08 00:00:00,27.0,89,0.0,24.8,13,-5.578786147727858,-24.16437760667383
2016-07-08 01:00:00,26.8,89,0.0,22.7,11,-4.331364195047563,-22.282937064261972
2016-07-08 02:00:00,26.3,90,0.0,24.1,10,-4.184921081773021,-23.733866847594214
2016-07-08 03:00:00,26.8,86,0.0,24.4,14,-5.902894252631894,-23.67521572113431
2016-07-08 04:00:00,26.8,85,0.2,25.5,8,-3.5489140744816785,-25.25183575291004
2016-07-08 05:00:00,26.6,86,0.6,30.3,3,-1.5857794741612126,-30.258474903063586
2016-07-08 06:00:00,26.2,89,0.8,32.1,4,-2.239182807186431,-32.02180601334036
2016-07-08 07:00:00,26.3,90,1.1,40.0,359,0.698096257491344,-39.99390780625565
2016-07-08 08:00:00,26.4,91,1.2,38.9,1,-0.6788986104103281,-38.894075341583616
2016-07-08 09:00:00,26.7,91,1.9,34.2,360,2.094146026541974e-15,-34.2
2016-07-08 10:00:00,26.7,92,1.3,32.1,3,-1.6799841953985124,-32.056008065621825
2016-07-08 11:00:00,27.0,91,1.0,28.7,7,-3.4976501557277238,-28.486074552105944
2016-07-08 12:00:00,27.3,92,1.1,22.0,11,-4.197797898283982,-21.595798035848606
2016-07-08 13:00:00,27.7,92,4.2,14.1,15,-3.6493485359455407,-13.619554150675864
2016-07-08 14:00:00,28.0,91,4.9,7.9,30,-3.9500000000000037,-6.841600689897064
2016-07-08 15:00:00,28.0,91,1.9,9.5,25,-4.014873486536642,-8.609923976848176
2016-07-08 16:00:00,28.2,91,0.5,14.3,18,-4.41894301956175,-13.600108183020696
2016-07-08 17:00:00,28.1,92,0.3,8.0,18,-2.4721359549995805,-7.608452130361228
2016-07-08 18:00:00,27.6,93,0.6,9.1,342,2.8120546488120217,-8.654614298285896
2016-07-08 19:00:00,26.8,95,0.6,1.8,169,-0.34345619167778063,1.7669289302057951
2016-07-08 20:00:00,26.5,94,0.2,13.1,189,2.049291492027025,12.938717261796304
2016-07-08 21:00:00,26.4,91,0.3,11.2,220,7.1992212284892405,8.579697762932554
2016-07-08 22:00:00,26.1,91,0.3,6.2,291,5.788198644282651,-2.2218812871808615
2016-07-08 23:00:00,26.7,85,0.6,10.8,339,3.870373855089244,-10.08266860616978
2016-07-09 00:00:00,26.7,84,2.0,11.3,338,4.233054505599806,-10.4771775566047
2016-07-09 01:00:00,26.0,88,3.7,6.6,319,4.329989591337347,-4.981083229470295
2016-07-09 02:00:00,26.6,83,5.4,1.1,360,6.735557395310444e-17,-1.1
2016-07-09 03:00:00,26.4,92,1.0,3.6,143,-2.1665340833473743,2.8750878361702537
2016-07-09 04:00:00,26.2,91,0.2,16.5,170,-2.86519493150435,16.249327924701433
2016-07-09 05:00:00,26.5,85,0.0,22.2,167,-4.993913406433803,21.63101543823222
2016-07-09 06:00:00,26.8,82,0.0,25.3,175,-2.205040291515753,25.203725861721164
2016-07-09 07:00:00,27.3,82,0.2,27.0,178,-0.9422864109675257,26.983552329515586
2016-07-09 08:00:00,26.9,87,2.9,29.3,186,3.062683973742246,29.139491534290407
2016-07-09 09:00:00,26.6,90,4.9,29.3,194,7.088311541070263,28.429664779886696
2016-07-09 10:00:00,26.2,92,5.5,26.4,191,5.037357477940786,25.914957643018326
2016-07-09 11:00:00,26.0,91,3.5,25.1,192,5.218583439525762,24.551504778418522
2016-07-09 12:00:00,26.0,90,1.2,25.8,195,6.677531363645035,24.920886318257963
2016-07-09 13:00:00,26.7,86,0.3,25.9,196,7.139007515660278,24.896677924802457
2016-07-09 14:00:00,28.7,78,0.1,26.8,200,9.166139841127924,25.183762237062343
2016-07-09 15:00:00,29.4,74,0.2,25.4,196,7.001188837751778,24.416047076833298
2016-07-09 16:00:00,28.9,76,0.1,21.6,180,1.3226185430791415e-15,21.6
2016-07-09 17:00:00,28.1,75,0.4,22.0,180,1.3471114790620886e-15,22.0
2016-07-09 18:00:00,27.4,77,0.2,15.9,184,1.1091279325315913,15.861268399131205
2016-07-09 19:00:00,26.4,81,1.0,15.2,166,-3.67721281311495,14.748495039395145
2016-07-09 20:00:00,25.5,86,2.7,15.3,161,-4.981192763194497,14.466434206669549
2016-07-09 21:00:00,25.0,89,2.4,14.9,172,-2.0736792043049737,14.7549942242494
2016-07-09 22:00:00,24.9,90,0.9,14.1,183,0.7379369830255099,14.080676440039491
2016-07-09 23:00:00,25.0,89,0.5,18.2,189,2.8471072637322026,17.975927798831506
2016-07-10 00:00:00,24.9,91,0.4,19.2,186,2.0069464947389464,19.094820391070847
2016-07-10 01:00:00,25.0,92,0.4,18.2,189,2.8471072637322026,17.975927798831506
2016-07-10 02:00:00,25.1,92,0.7000000000000001,16.3,194,3.943326898274583,15.815820338298742
2016-07-10 03:00:00,24.9,94,0.8,15.9,193,3.5767217640674525,15.49248403008524
2016-07-10 04:00:00,24.8,94,2.1,15.5,198,4.789763412811686,14.74137600257488
2016-07-10 05:00:00,24.7,94,3.6,16.5,203,6.447063620073016,15.188330081965265
2016-07-10 06:00:00,24.9,94,6.1,16.4,199,5.339317733097371,15.506504639828792
2016-07-10 07:00:00,25.2,93,7.5,17.5,188,2.4355292668011455,17.329691202977482
2016-07-10 08:00:00,25.1,93,2.5,16.6,185,1.4467853296111253,16.536831988322977
2016-07-10 09:00:00,25.5,94,0.8,18.7,191,3.5681282135413896,18.356428330471317
2016-07-10 10:00:00,25.8,94,0.4,20.1,190,3.4903283711053015,19.79463583554538
2016-07-10 11:00:00,26.8,89,0.3,20.6,192,4.282980830845845,20.149840575116396
2016-07-10 12:00:00,27.5,85,0.2,19.2,188,2.6721235384332567,19.01314691983815
2016-07-10 13:00:00,28.2,80,0.2,19.5,192,4.054277970946309,19.073878214309207
2016-07-10 14:00:00,28.6,78,0.2,21.8,196,6.008894356810582,20.95550497145535
2016-07-10 15:00:00,27.8,84,0.4,22.7,195,5.87519232382722,21.92651625676185
2016-07-10 16:00:00,27.5,84,0.3,21.0,186,2.1950977286207225,20.88495980273374
2016-07-10 17:00:00,27.2,85,0.1,20.9,183,1.0938214854775288,20.871357276370592
2016-07-10 18:00:00,26.7,84,0.0,16.2,180,9.919639073093561e-16,16.2
2016-07-10 19:00:00,26.3,84,0.0,15.6,188,2.171100374977021,15.448181872368497
2016-07-10 20:00:00,26.0,85,0.0,15.4,191,2.9384585287987917,15.117058625094026
2016-07-10 21:00:00,25.8,86,0.0,14.5,186,1.5156627173809751,14.420567482839962
2016-07-10 22:00:00,25.6,87,0.0,13.0,180,7.960204194457795e-16,13.0
2016-07-10 23:00:00,25.4,88,0.0,13.3,180,8.143901214329899e-16,13.3
2016-07-11 00:00:00,25.3,88,0.0,17.2,191,3.2819147204765726,16.883987555299818
2016-07-11 01:00:00,25.2,89,0.0,19.4,180,1.1879073951729326e-15,19.4
2016-07-11 02:00:00,25.3,88,0.0,19.3,166,-4.669092585073589,18.726707517126734
2016-07-11 03:00:00,25.4,86,0.5,15.7,169,-2.9957012274117534,15.411546780128324
2016-07-11 04:00:00,25.4,86,0.0,16.6,185,1.4467853296111253,16.536831988322977
2016-07-11 05:00:00,25.0,87,0.1,17.4,186,1.81879526085717,17.304680979407955
2016-07-11 06:00:00,24.9,87,0.4,17.0,186,1.7769838755501088,16.906872221260645
2016-07-11 07:00:00,25.3,87,1.0,16.0,189,2.502951440643695,15.803013449522204
2016-07-11 08:00:00,25.5,86,1.2,15.9,186,1.66200256595569,15.812898136355546
2016-07-11 09:00:00,25.4,87,1.5,16.2,197,4.736421616508335,15.492137046601174
2016-07-11 10:00:00,25.8,87,1.4,19.9,200,6.806200852180809,18.699883153639576
2016-07-11 11:00:00,26.1,88,1.1,20.4,197,5.96438277634383,19.50861702164592
2016-07-11 12:00:00,27.0,86,1.0,21.0,196,5.788384472156983,20.186495614704697
2016-07-11 13:00:00,27.5,84,0.8,19.6,193,4.409040665139753,19.097653269790612
2016-07-11 14:00:00,27.7,83,0.5,19.1,182,0.6665803870177707,19.08836479606473
2016-07-11 15:00:00,26.9,86,0.5,19.8,183,1.0362519336102907,19.772864788140563
2016-07-11 16:00:00,26.8,88,0.5,19.4,181,0.3385766848833018,19.39704528603399
2016-07-11 17:00:00,26.7,83,0.9,18.0,182,0.6281909406450195,17.989034886343724
2016-07-11 18:00:00,26.5,84,0.3,11.1,167,-2.4969567032169016,10.81550771911611
2016-07-11 19:00:00,26.0,84,0.2,11.3,163,-3.3038002633669246,10.806243742382302
2016-07-11 20:00:00,25.7,85,0.3,13.4,172,-1.8649195528648759,13.269592121137043
2016-07-11 21:00:00,25.2,87,0.3,13.7,180,8.388830574159369e-16,13.7
2016-07-11 22:00:00,25.1,88,0.4,13.7,185,1.1940336756429164,13.647867363856914
2016-07-11 23:00:00,24.9,89,0.6,15.0,191,2.862134930648174,14.72440775171496
2016-07-12 00:00:00,24.8,89,0.4,16.2,183,0.8478424911356922,16.177798463024097
2016-07-12 01:00:00,24.7,87,0.1,15.9,177,-0.8321417042628071,15.878209602597725
2016-07-12 02:00:00,24.5,87,0.0,15.7,189,2.4560211011316255,15.506706947343663
2016-07-12 03:00:00,24.5,87,0.0,18.6,198,5.747716095374023,17.689651203089856
2016-07-12 04:00:00,24.4,87,0.0,19.2,197,5.613536730676546,18.36105131449028
2016-07-12 05:00:00,24.2,88,0.0,17.2,190,2.986748655871203,16.938693351809977
2016-07-12 06:00:00,24.2,88,0.0,15.5,185,1.3509140125887011,15.441017820422056
2016-07-12 07:00:00,25.4,86,0.0,16.6,182,0.579331645261518,16.58988772851699
2016-07-12 08:00:00,27.0,81,0.0,16.7,187,2.035218034865963,16.575520732410077
2016-07-12 09:00:00,27.8,80,0.3,16.3,194,3.943326898274583,15.815820338298742
2016-07-12 10:00:00,28.1,80,0.6,19.7,198,6.087634789186464,18.735813371014522
2016-07-12 11:00:00,28.5,79,0.6,22.1,202,8.278805714491655,20.490763185926003
2016-07-12 12:00:00,28.8,79,0.7000000000000001,23.4,205,9.889267324732366,21.20760221665761
2016-07-12 13:00:00,27.5,86,3.0,23.2,204,9.436290119358565,21.19425461730834
2016-07-12 14:00:00,27.2,88,0.4,19.8,192,4.1166514781916375,19.36732249452935
2016-07-12 15:00:00,26.2,90,2.5,21.8,193,4.903932984696255,21.24126741231813
2016-07-12 16:00:00,26.3,88,1.3,22.0,190,3.820259908672469,21.665770566268577
2016-07-12 17:00:00,26.6,86,1.7000000000000002,20.1,190,3.4903283711053015,19.79463583554538
2016-07-12 18:00:00,26.0,88,1.0,14.6,190,2.535263393937184,14.378193193978237
2016-07-12 19:00:00,25.6,88,0.2,13.9,170,-2.413709669570331,13.688827766869691
2016-07-12 20:00:00,25.3,87,0.4,13.0,186,1.358870022479495,12.928784639787553
2016-07-12 21:00:00,24.8,89,1.6,14.2,187,1.7305446763530943,14.094155353306771
2016-07-12 22:00:00,24.6,88,0.5,14.4,181,0.2513146526968838,14.397806810252035
2016-07-12 23:00:00,24.4,87,0.1,14.4,183,0.7536377698983932,14.380265300465863
2016-07-13 00:00:00,24.1,86,0.0,14.8,179,-0.25829561527179545,14.79774588831459
2016-07-13 01:00:00,24.0,86,0.0,14.4,177,-0.7536377698983914,14.380265300465863
2016-07-13 02:00:00,23.5,86,0.0,14.8,186,1.5470212563612713,14.718924051450445
2016-07-13 03:00:00,23.5,84,0.0,15.7,191,2.995701227411755,15.411546780128324
2016-07-13 04:00:00,23.4,85,0.0,15.3,189,2.3934473151155333,15.111631611105608
2016-07-13 05:00:00,23.1,87,0.0,15.5,184,1.0812253430339411,15.462242779027275
2016-07-13 06:00:00,23.2,87,0.0,13.4,185,1.167886952818619,13.34900895442939
2016-07-13 07:00:00,25.6,85,0.0,12.4,190,2.1532374030699373,12.21161613735138
2016-07-13 08:00:00,27.7,76,0.0,12.8,202,4.794964395723674,11.86795333845488
2016-07-13 09:00:00,28.7,75,0.0,15.6,203,6.09540560443267,14.35987571385807
2016-07-13 10:00:00,29.2,75,0.0,16.9,200,5.780140422203803,15.880805291281849
2016-07-13 11:00:00,29.9,72,0.1,17.7,200,6.053756536864338,16.632559387910575
2016-07-13 12:00:00,30.6,69,0.0,21.3,210,10.650000000000002,18.446341100608542
2016-07-13 13:00:00,30.2,72,0.1,23.8,215,13.651119185154899,19.495818654078004
2016-07-13 14:00:00,28.2,78,0.7000000000000001,20.8,208,9.76500850594653,18.36530993146568
2016-07-13 15:00:00,29.8,73,0.0,17.6,206,7.715332183487764,15.818775214865342
2016-07-13 16:00:00,29.7,74,0.0,16.1,207,7.309247045806704,14.345205039432722
2016-07-13 17:00:00,29.1,78,0.0,14.7,205,6.212488447588282,13.322724469438754
2016-07-13 18:00:00,28.3,81,0.0,13.8,208,6.478707566445294,12.184676781453192
2016-07-13 19:00:00,27.4,85,0.0,12.1,190,2.101142949769858,11.916173811447717
2016-07-13 20:00:00,26.6,88,0.0,10.9,174,-1.1393602496174238,10.84028865951418
2016-07-13 21:00:00,25.9,91,0.0,11.6,175,-1.0110066158728355,11.555858497864248
2016-07-13 22:00:00,25.2,93,0.0,12.6,183,0.659433048661094,12.58273213790763
2016-07-13 23:00:00,24.9,92,0.0,11.9,177,-0.6227978792910317,11.88369146357943
2016-07-14 00:00:00,24.6,92,0.0,12.0,173,-1.4624321208617683,11.910553819695865
2016-07-14 01:00:00,24.6,91,0.0,11.7,169,-2.232465245905574,11.485038046337667
2016-07-14 02:00:00,24.3,90,0.0,10.7,166,-2.5885642829164452,10.382164271153162
2016-07-14 03:00:00,24.7,81,0.0,9.3,167,-2.092044805397945,9.06164160250269
2016-07-14 04:00:00,24.8,79,0.0,9.9,170,-1.71911695890261,9.74959675482086
2016-07-14 05:00:00,23.7,83,0.0,10.7,166,-2.5885642829164452,10.382164271153162
2016-07-14 06:00:00,23.2,87,0.0,9.0,164,-2.4807362023529915,8.65135526344487
2016-07-14 07:00:00,26.1,84,0.0,7.6,172,-1.0577155672964966,7.5260373224359345
2016-07-14 08:00:00,28.7,70,0.0,8.5,208,3.9905082836800725,7.505054539300878
2016-07-14 09:00:00,29.7,67,0.0,12.4,210,6.200000000000002,10.73871500692704
2016-07-14 10:00:00,30.3,68,0.0,15.3,207,6.9460546460150665,13.632399820082028
2016-07-14 11:00:00,30.8,69,0.0,16.6,207,7.536242295676478,14.790708301526907
2016-07-14 12:00:00,30.9,69,0.1,17.6,208,8.26269950503168,15.539877634317115
2016-07-14 13:00:00,29.9,74,0.3,18.0,213,9.803502630270488,15.096070223017634
2016-07-14 14:00:00,29.2,77,0.3,19.1,216,11.226698318786237,15.452224592561498
2016-07-14 15:00:00,28.6,79,1.1,19.6,216,11.520590944932474,15.856733089748971
2016-07-14 16:00:00,28.7,81,0.5,19.3,213,10.511533375790023,16.186341961346685
2016-07-14 17:00:00,27.9,82,0.2,13.3,199,4.330056454280185,12.575397055470914
2016-07-14 18:00:00,27.6,83,0.0,10.2,188,1.4195656297926678,10.100734301164017
2016-07-14 19:00:00,27.0,86,0.0,9.6,167,-2.159530121701104,9.353952621938259
2016-07-14 20:00:00,26.1,90,0.0,9.9,161,-3.2231247291258507,9.360633898433237
2016-07-14 21:00:00,25.6,90,0.0,11.3,153,-5.130092647056878,10.068373723328557
2016-07-14 22:00:00,25.1,89,0.0,10.8,143,-6.499602250042123,8.625263508510763
2016-07-14 23:00:00,24.5,89,0.0,10.2,141,-6.41906798870834,7.926888806861104
2016-07-15 00:00:00,23.8,90,0.0,8.3,146,-4.641301098807197,6.881011852206847
2016-07-15 01:00:00,23.3,90,0.0,7.9,150,-3.9499999999999984,6.841600689897066
2016-07-15 02:00:00,23.0,89,0.0,8.0,153,-3.6319239979163735,7.128052193506943
2016-07-15 03:00:00,22.8,89,0.0,8.4,155,-3.5499933986218744,7.612985411107861
2016-07-15 04:00:00,22.4,89,0.0,8.6,158,-3.2216167033768435,7.973781149274371
2016-07-15 05:00:00,22.1,89,0.0,7.9,156,-3.213219480298822,7.217009115376547
2016-07-15 06:00:00,22.2,90,0.0,5.4,160,-1.8469087739586112,5.074340152243906
2016-07-15 07:00:00,25.3,87,0.0,7.6,161,-2.4743179738743906,7.185941174554808
2016-07-15 08:00:00,28.4,69,0.0,8.6,178,-0.30013567164150823,8.594761112364223
2016-07-15 09:00:00,29.8,63,0.0,11.2,195,2.8987733051482323,10.818369254437565
2016-07-15 10:00:00,30.5,64,0.0,14.5,210,7.250000000000002,12.55736835487436
2016-07-15 11:00:00,30.9,66,0.0,16.2,217,9.749403375063183,12.937895262766144
2016-07-15 12:00:00,30.8,68,0.1,17.4,218,10.712509670666453,13.711387112756961
2016-07-15 13:00:00,30.8,69,0.1,18.4,219,11.579495195317008,14.299485690808263
2016-07-15 14:00:00,30.8,69,0.1,19.0,217,11.434485439888919,15.174074690898564
2016-07-15 15:00:00,30.4,72,0.2,19.4,215,11.127382865210295,15.89154965920644
2016-07-15 16:00:00,30.2,73,0.1,19.3,213,10.511533375790023,16.186341961346685
2016-07-15 17:00:00,29.7,77,0.0,16.3,208,7.652386473410021,14.392045763600509
2016-07-15 18:00:00,28.9,80,0.0,11.9,205,5.029157314714324,10.785062665736135
2016-07-15 19:00:00,27.9,84,0.0,10.5,184,0.732442974313315,10.474422527728153
2016-07-15 20:00:00,27.1,87,0.0,10.1,174,-1.055737479003301,10.04467114321956
2016-07-15 21:00:00,26.5,90,0.0,10.1,174,-1.055737479003301,10.04467114321956
2016-07-15 22:00:00,25.8,91,0.0,10.7,166,-2.5885642829164452,10.382164271153162
2016-07-15 23:00:00,25.3,92,0.0,11.1,155,-4.691062705321762,10.060016436106816
2016-07-16 00:00:00,24.8,92,0.0,10.5,158,-3.933369230867077,9.735430472951268
2016-07-16 01:00:00,24.3,91,0.0,10.9,153,-4.948496447161059,9.71197111365321
2016-07-16 02:00:00,23.6,90,0.0,10.0,154,-4.383711467890775,8.98794046299167
2016-07-16 03:00:00,23.1,90,0.0,9.7,158,-3.633683956134347,8.993683389297837
2016-07-16 04:00:00,22.4,90,0.0,10.2,162,-3.1519733426244625,9.700776466210566
2016-07-16 05:00:00,22.1,89,0.0,10.8,165,-2.7952456871072253,10.431998923921938
2016-07-16 06:00:00,22.3,88,0.0,9.0,164,-2.4807362023529915,8.65135526344487
2016-07-16 07:00:00,25.7,81,0.0,10.9,163,-3.1868515814778298,10.423721839997087
2016-07-16 08:00:00,28.6,67,0.0,11.2,176,-0.7812725059342036,11.17271736291003
2016-07-16 09:00:00,29.8,65,0.0,13.4,194,3.241753401035547,13.001962732098352
2016-07-16 10:00:00,30.3,67,0.0,15.1,208,7.089020598066952,13.332508652169796
2016-07-16 11:00:00,30.6,68,0.3,16.6,214,9.282602197614398,13.762023704413695
2016-07-16 12:00:00,31.0,67,0.2,16.9,214,9.45036006865562,14.010734976180204
2016-07-16 13:00:00,30.6,69,0.0,15.8,210,7.900000000000002,13.68320137979413
2016-07-16 14:00:00,30.5,72,0.0,16.4,206,7.18928680734087,14.740222359306339
2016-07-16 15:00:00,30.8,71,0.0,15.8,201,5.662213602815746,14.750570738655789
2016-07-16 16:00:00,30.7,71,0.1,14.8,198,4.5734515167492225,14.075636441168273
2016-07-16 17:00:00,30.3,74,0.0,12.9,198,3.986319227436822,12.26862906020748
2016-07-16 18:00:00,29.7,77,0.0,9.1,189,1.4235536318661013,8.987963899415753
2016-07-16 19:00:00,28.8,81,0.0,10.5,188,1.4613175600806874,10.397814721786489
2016-07-16 20:00:00,27.4,88,0.0,11.3,189,1.7677094549546095,11.160878248725057
2016-07-16 21:00:00,26.2,91,0.0,11.2,178,-0.39087436306801066,11.193177262613872
2016-07-16 22:00:00,25.5,92,0.0,9.8,172,-1.3638963894086407,9.70462707366739
2016-07-16 23:00:00,25.2,93,0.0,10.2,162,-3.1519733426244625,9.700776466210566
2016-07-17 00:00:00,24.5,93,0.0,10.6,162,-3.2755801403744416,10.081199072728628
2016-07-17 01:00:00,23.9,94,0.0,9.8,174,-1.024378940023005,9.746314574609078
2016-07-17 02:00:00,23.4,96,0.0,9.8,172,-1.3638963894086407,9.70462707366739
2016-07-17 03:00:00,23.1,92,0.0,9.4,176,-0.6557108531947782,9.377102072442348
2016-07-17 04:00:00,23.0,91,0.0,9.5,171,-1.4861274178821928,9.38303923565381
2016-07-17 05:00:00,22.8,90,0.0,9.1,162,-2.812054648812021,8.654614298285898
2016-07-17 06:00:00,23.0,88,0.0,7.6,155,-3.211898789229315,6.88793918147854
2016-07-17 07:00:00,26.2,83,0.0,8.6,147,-4.683895701129233,7.212566884330646
2016-07-17 08:00:00,28.3,74,0.0,9.2,159,-3.296985135816762,8.588939923774255
2016-07-17 09:00:00,29.2,75,0.0,10.5,188,1.4613175600806874,10.397814721786489
2016-07-17 10:00:00,29.8,73,0.5,13.0,208,6.103130316216581,11.47831870716605
2016-07-17 11:00:00,30.2,71,0.5,14.9,212,7.895797037074753,12.635916632730748
2016-07-17 12:00:00,30.4,72,0.0,15.3,219,9.628601983062515,11.890333210291656
2016-07-17 13:00:00,30.5,71,0.0,14.3,214,7.9964585196316795,11.855237287537097
2016-07-17 14:00:00,30.8,70,0.0,13.0,204,5.287576359985403,11.876090949353811
2016-07-17 15:00:00,30.8,71,0.0,11.2,225,7.919595949289333,7.919595949289331
2016-07-17 16:00:00,30.5,71,0.0,11.3,217,6.800509761618147,9.02458126353441
2016-07-17 17:00:00,29.6,75,0.4,9.0,185,0.7844016847289232,8.96575228282571
2016-07-17 18:00:00,28.9,79,0.0,5.7,198,1.7613968679372005,5.421022142882375
2016-07-17 19:00:00,28.1,81,0.0,7.5,163,-2.192787785420525,7.172285669722767
2016-07-17 20:00:00,27.1,88,0.0,6.8,162,-2.101315561749642,6.467184310807045
2016-07-17 21:00:00,26.2,88,0.0,7.2,217,4.333068166694749,5.750175672340508
2016-07-17 22:00:00,25.4,91,0.0,8.9,227,6.509047944410617,6.069785404556237
2016-07-17 23:00:00,25.1,91,0.0,8.4,190,1.4586446924022156,8.272385125302547
2016-07-18 00:00:00,24.0,94,0.0,8.8,168,-1.8296228791962823,8.607698886457491
2016-07-18 01:00:00,23.7,94,0.0,8.2,157,-3.2039952536120446,7.548139798310009
2016-07-18 02:00:00,23.6,94,0.0,6.0,155,-2.535709570444196,5.4378467222199
2016-07-18 03:00:00,22.7,96,0.0,6.6,158,-2.4724035165450196,6.1194134401407965
2016-07-18 04:00:00,22.7,94,0.0,6.6,151,-3.199743493625824,5.772490067120012
2016-07-18 05:00:00,22.6,94,0.0,7.0,145,-4.015035054457323,5.734064310022942
2016-07-18 06:00:00,22.6,94,0.0,7.1,150,-3.549999999999998,6.148780366869515
2016-07-18 07:00:00,25.3,90,0.1,7.7,143,-4.633975678270772,6.149493427364154
2016-07-18 08:00:00,27.5,81,0.2,7.7,152,-3.6149310334513602,6.798696465013737
2016-07-18 09:00:00,28.2,80,0.5,7.9,196,2.1775351109542935,7.59396739791272
2016-07-18 10:00:00,28.7,78,0.5,9.7,228,7.208504807130724,6.490566881680924
2016-07-18 11:00:00,29.2,78,0.2,11.0,232,8.668118289673941,6.772276228582241
2016-07-18 12:00:00,29.3,78,0.0,11.8,211,6.077449283938639,10.114574148284927
2016-07-18 13:00:00,28.2,78,2.1,13.5,226,9.711087304571791,9.377888001196464
2016-07-18 14:00:00,28.9,75,0.0,9.9,224,6.877117867544073,7.121464023352646
2016-07-18 15:00:00,28.9,75,0.0,7.3,191,1.3929056662487778,7.165878439167947
2016-07-18 16:00:00,27.2,80,4.1,11.3,171,-1.7677094549546084,11.160878248725057
2016-07-18 17:00:00,26.9,82,0.7000000000000001,10.6,145,-6.079910225321089,8.683011669463312
2016-07-18 18:00:00,26.8,81,0.0,7.4,129,-5.750880114781585,4.656970893768797
2016-07-18 19:00:00,26.4,82,0.0,8.4,137,-5.7287862245249865,6.143371093601033
2016-07-18 20:00:00,25.6,86,0.0,7.6,155,-3.211898789229315,6.88793918147854
2016-07-18 21:00:00,25.4,86,0.0,8.3,162,-2.564841053312063,7.893769085249776
2016-07-18 22:00:00,25.2,86,0.0,8.4,160,-2.872969203935617,7.8934180146016315
2016-07-18 23:00:00,24.5,88,0.0,8.7,163,-2.5436338310878086,8.31985137687841
2016-07-19 00:00:00,24.2,89,0.0,8.5,168,-1.7672493719509543,8.314254606237348
2016-07-19 01:00:00,23.8,90,0.0,6.7,164,-1.8467702839738938,6.440453362786736
2016-07-19 02:00:00,23.8,89,0.0,7.0,168,-1.4553818357243153,6.84703320513664
2016-07-19 03:00:00,23.0,89,0.0,8.6,178,-0.30013567164150823,8.594761112364223
2016-07-19 04:00:00,23.0,87,0.0,8.6,165,-2.2258437878816792,8.306962106085987
2016-07-19 05:00:00,23.0,87,0.0,8.3,162,-2.564841053312063,7.893769085249776
2016-07-19 06:00:00,23.0,88,0.0,6.8,162,-2.101315561749642,6.467184310807045
2016-07-19 07:00:00,25.0,88,0.0,8.0,162,-2.4721359549995787,7.608452130361229
2016-07-19 08:00:00,27.3,73,0.0,8.2,157,-3.2039952536120446,7.548139798310009
2016-07-19 09:00:00,28.5,68,0.5,8.0,170,-1.3891854213354424,7.878462024097664
2016-07-19 10:00:00,29.3,68,0.8,10.9,189,1.705135668938517,10.765802912487002
2016-07-19 11:00:00,29.6,70,0.9,13.2,206,5.786499137615822,11.864081411149003
2016-07-19 12:00:00,29.3,74,1.1,14.5,210,7.250000000000002,12.55736835487436
2016-07-19 13:00:00,29.3,75,0.7000000000000001,16.9,214,9.45036006865562,14.010734976180204
2016-07-19 14:00:00,29.0,76,0.4,14.7,216,8.640443208699354,11.892549817311727
2016-07-19 15:00:00,29.0,75,0.7000000000000001,13.7,203,5.353016460303049,12.610916492298433
2016-07-19 16:00:00,28.3,77,0.0,12.0,201,4.300415394543604,11.202965117966421
2016-07-19 17:00:00,27.1,81,0.3,13.9,190,2.413709669570333,13.688827766869691
2016-07-19 18:00:00,25.9,86,0.9,6.9,137,-4.705788684431239,5.0463405411722775
2016-07-19 19:00:00,24.8,89,1.4,9.9,109,-9.360633898433237,3.2231247291258502
2016-07-19 20:00:00,24.2,89,1.0,10.2,108,-9.700776466210565,3.1519733426244643
2016-07-19 21:00:00,24.0,87,0.9,9.4,122,-7.9716521038704045,4.981241083792126
2016-07-19 22:00:00,23.7,85,0.8,9.2,129,-7.149742845404131,5.789747597658503
2016-07-19 23:00:00,23.5,85,0.4,8.7,135,-6.151828996322962,6.151828996322964
2016-07-20 00:00:00,23.2,85,0.0,7.2,143,-4.333068166694749,5.750175672340507
2016-07-20 01:00:00,22.9,87,0.0,6.6,151,-3.199743493625824,5.772490067120012
2016-07-20 02:00:00,22.6,89,0.0,7.1,156,-2.8878301658381815,6.486172749262466
2016-07-20 03:00:00,22.7,91,0.0,7.7,152,-3.6149310334513602,6.798696465013737
2016-07-20 04:00:00,22.4,91,0.0,7.6,149,-3.9142893693164122,6.5144714853360535
2016-07-20 05:00:00,22.0,91,0.0,6.2,159,-2.2218812871808615,5.788198644282651
2016-07-20 06:00:00,21.9,92,0.0,4.7,171,-0.7352419856890848,4.6421352007971475
2016-07-20 07:00:00,24.6,92,0.0,4.9,163,-1.4326213531414098,4.685893304218874
2016-07-20 08:00:00,27.2,76,0.0,5.5,169,-1.0494494745709964,5.3989495089621515
2016-07-20 09:00:00,28.4,75,0.0,8.7,197,2.5436338310878095,8.319851376878407
2016-07-20 10:00:00,29.3,72,0.0,9.5,205,4.014873486536644,8.609923976848174
2016-07-20 11:00:00,30.0,70,0.0,11.8,218,7.2648054088427685,9.29852689255932
2016-07-20 12:00:00,30.1,70,0.0,13.0,224,9.030558815966964,9.351417404402465
2016-07-20 13:00:00,29.9,70,0.1,13.5,222,9.033263185844586,10.032455143944823
2016-07-20 14:00:00,29.8,70,0.2,13.0,219,8.181165083647887,10.10289749894062
2016-07-20 15:00:00,30.1,68,0.1,11.4,208,5.351975815759156,10.065602558591767
2016-07-20 16:00:00,29.8,70,0.0,10.5,196,2.8941922360784913,10.093247807352348
2016-07-20 17:00:00,29.4,72,0.0,8.0,190,1.3891854213354433,7.878462024097664
2016-07-20 18:00:00,28.8,75,0.0,6.5,180,3.9801020972288977e-16,6.5
2016-07-20 19:00:00,27.6,84,0.0,7.5,145,-4.301823272632846,6.143640332167438
2016-07-20 20:00:00,26.1,87,0.0,8.4,140,-5.399415921366931,6.4347733221994154
2016-07-20 21:00:00,25.3,88,0.0,8.4,137,-5.7287862245249865,6.143371093601033
2016-07-20 22:00:00,24.9,87,0.0,7.6,135,-5.37401153701776,5.374011537017761
2016-07-20 23:00:00,24.4,88,0.0,7.4,137,-5.046787864462488,5.412017391981863
2016-07-21 00:00:00,23.8,89,0.0,7.2,143,-4.333068166694749,5.750175672340507
2016-07-21 01:00:00,23.1,90,0.0,7.4,141,-4.656970893768796,5.750880114781586
2016-07-21 02:00:00,22.6,91,0.0,6.4,142,-3.9402334420842133,5.043268823083022
2016-07-21 03:00:00,21.1,95,0.0,5.9,137,-4.023790324368741,4.314986839553106
2016-07-21 04:00:00,20.8,94,0.0,5.9,133,-4.314986839553106,4.023790324368742
2016-07-21 05:00:00,20.4,96,0.0,5.4,127,-4.312631754255382,3.2498011250210603
2016-07-21 06:00:00,20.6,94,0.0,3.8,139,-2.493024310163927,2.867896404846534
2016-07-21 07:00:00,23.7,92,0.0,5.9,128,-4.64926344627966,3.6324027044213847
2016-07-21 08:00:00,27.6,76,0.0,5.4,138,-3.6133052743378347,4.012982057577929
2016-07-21 09:00:00,29.0,72,0.0,5.6,165,-1.4493866525741166,5.4091846272187825
2016-07-21 10:00:00,29.8,69,0.0,6.0,197,1.7542302283364206,5.737828535778212
2016-07-21 11:00:00,30.4,67,0.0,7.1,225,5.020458146424487,5.020458146424486
2016-07-21 12:00:00,30.7,67,0.0,8.4,239,7.200205325897744,4.326319829244455
2016-07-21 13:00:00,30.9,67,0.0,8.9,243,7.929958065276475,4.040515447681966
2016-07-21 14:00:00,30.7,69,0.0,8.4,250,7.8934180146016315,2.872969203935617
2016-07-21 15:00:00,30.6,70,0.0,6.6,241,5.772490067120011,3.1997434936258244
2016-07-21 16:00:00,30.5,71,0.0,6.9,242,6.092338390726597,3.2393537832226467
2016-07-21 17:00:00,30.1,73,0.0,5.4,233,4.312631754255381,3.2498011250210608
2016-07-21 18:00:00,29.6,75,0.0,3.3,229,2.4905416147351476,2.1649947956686737
2016-07-21 19:00:00,28.3,85,0.0,4.0,190,0.6945927106677217,3.939231012048832
2016-07-21 20:00:00,28.4,79,0.0,4.8,167,-1.079765060850552,4.676976310969129
2016-07-21 21:00:00,27.6,83,0.0,6.1,177,-0.3192493330819574,6.0916401620029
2016-07-21 22:00:00,27.1,85,0.0,8.7,185,0.7582549619046257,8.666893873398186
2016-07-21 23:00:00,26.0,88,0.0,9.6,193,2.159530121701103,9.353952621938259
2016-07-22 00:00:00,25.6,89,0.0,10.1,186,1.0557374790032998,10.04467114321956
2016-07-22 01:00:00,25.3,89,0.0,9.4,173,-1.1455718280083853,9.329933825428428
2016-07-22 02:00:00,24.8,90,0.0,8.0,162,-2.4721359549995787,7.608452130361229
2016-07-22 03:00:00,22.9,95,0.0,6.6,151,-3.199743493625824,5.772490067120012
2016-07-22 04:00:00,22.5,96,0.0,5.9,142,-3.6324027044213842,4.64926344627966
2016-07-22 05:00:00,22.4,94,0.0,5.7,145,-3.269385687200963,4.669166652447252
2016-07-22 06:00:00,22.5,94,0.0,5.2,155,-2.1976149610516367,4.71280049259058
2016-07-22 07:00:00,25.7,88,0.0,6.6,151,-3.199743493625824,5.772490067120012
2016-07-22 08:00:00,27.8,81,0.0,6.7,164,-1.8467702839738938,6.440453362786736
2016-07-22 09:00:00,29.1,79,0.0,6.6,189,1.032467469265524,6.518743047927909
2016-07-22 10:00:00,29.9,75,0.0,7.1,221,4.658019105832602,5.358438019581681
2016-07-22 11:00:00,30.4,72,0.0,8.2,241,7.171881598543044,3.9754388860199636
2016-07-22 12:00:00,30.8,71,0.0,9.6,250,9.02104915954472,3.2833933759264196
2016-07-22 13:00:00,30.9,70,0.0,10.4,250,9.772803256173448,3.557009490586955
2016-07-22 14:00:00,30.8,70,0.0,10.0,240,8.660254037844387,4.999999999999999
2016-07-22 15:00:00,30.8,69,0.0,7.7,221,5.051654523226906,5.811263767715345
2016-07-22 16:00:00,30.9,69,0.0,7.9,227,5.777694242791447,5.387787044493738
2016-07-22 17:00:00,30.5,71,0.0,7.4,227,5.412017391981862,5.046787864462489
2016-07-22 18:00:00,29.8,75,0.0,6.6,221,4.329989591337347,4.981083229470295
2016-07-22 19:00:00,28.4,84,0.0,6.4,207,2.9055391983331,5.702441754805554
2016-07-22 20:00:00,28.7,77,0.0,5.1,231,3.963444403430551,3.2095339943541705
2016-07-22 21:00:00,28.2,79,0.0,5.7,235,4.669166652447253,3.2693856872009626
2016-07-22 22:00:00,26.8,85,0.0,7.4,219,4.656970893768798,5.750880114781585
2016-07-22 23:00:00,25.5,90,0.0,9.5,205,4.014873486536644,8.609923976848174
2016-07-23 00:00:00,25.0,91,0.0,10.0,195,2.5881904510252074,9.659258262890683
2016-07-23 01:00:00,24.9,92,0.0,9.8,186,1.024378940023004,9.746314574609078
2016-07-23 02:00:00,25.1,91,0.0,8.3,175,-0.7233926648055634,8.268415994161488
2016-07-23 03:00:00,22.8,96,0.0,7.0,159,-2.5085756468171017,6.535062985480412
2016-07-23 04:00:00,22.4,96,0.0,5.6,153,-2.542346798541461,4.98963653545486
2016-07-23 05:00:00,22.1,96,0.0,5.8,150,-2.8999999999999986,5.022947341949744
2016-07-23 06:00:00,22.2,96,0.0,5.0,150,-2.499999999999999,4.330127018922194
2016-07-23 07:00:00,25.5,91,0.0,7.3,147,-3.9758649556096977,6.122295146001594
2016-07-23 08:00:00,27.8,81,0.0,7.4,166,-1.7902220274375418,7.180188374442374
2016-07-23 09:00:00,28.8,79,0.0,7.7,191,1.4692292643993958,7.558529312547013
2016-07-23 10:00:00,29.7,75,0.0,7.9,210,3.950000000000001,6.841600689897065
2016-07-23 11:00:00,30.2,72,0.0,8.7,232,6.85569355637848,5.356254835333226
2016-07-23 12:00:00,30.5,70,0.0,10.4,224,7.224447052773572,7.481133923521972
2016-07-23 13:00:00,30.4,70,0.0,10.0,229,7.54709580222772,6.560590289905073
2016-07-23 14:00:00,30.2,70,0.0,8.9,220,5.7208097262102005,6.817795543758905
2016-07-23 15:00:00,30.3,71,0.0,7.2,207,3.268731598124737,6.415246974156248
2016-07-23 16:00:00,29.8,73,0.0,7.1,210,3.5500000000000007,6.148780366869514
2016-07-23 17:00:00,29.4,75,0.0,9.0,196,2.4807362023529924,8.65135526344487
2016-07-23 18:00:00,28.9,77,0.0,6.9,186,0.7212463965468089,6.862201078041086
2016-07-23 19:00:00,27.9,85,0.0,8.3,185,0.7233926648055626,8.268415994161488
2016-07-23 20:00:00,26.8,88,0.0,8.0,198,2.4721359549995796,7.608452130361228
2016-07-23 21:00:00,26.0,89,0.0,8.4,220,5.399415921366931,6.4347733221994154
2016-07-23 22:00:00,25.5,90,0.0,7.8,214,4.361704647071825,6.466493065929326
2016-07-23 23:00:00,25.2,91,0.0,6.7,196,1.8467702839738944,6.440453362786736
2016-07-24 00:00:00,25.4,90,0.0,4.7,176,-0.3278554265973891,4.688551036221174
2016-07-24 01:00:00,24.6,92,0.0,4.0,153,-1.8159619989581868,3.5640260967534716
2016-07-24 02:00:00,23.3,98,0.0,3.1,159,-1.1109406435904308,2.8940993221413254
2016-07-24 03:00:00,23.1,95,0.0,3.0,166,-0.7257656867990033,2.9108871788279895
2016-07-24 04:00:00,23.1,94,0.0,3.9,146,-2.180852323535912,3.233246532964663
2016-07-24 05:00:00,22.9,94,0.0,4.8,138,-3.2118269105225195,3.5670951622914924
2016-07-24 06:00:00,23.2,93,0.0,4.6,129,-3.5748714227020657,2.8948737988292517
2016-07-24 07:00:00,25.7,90,0.0,7.1,120,-6.148780366869515,3.5499999999999994
2016-07-24 08:00:00,27.6,81,0.0,6.4,128,-5.043268823083021,3.9402334420842138
2016-07-24 09:00:00,28.7,79,0.0,5.2,168,-1.0811407922523486,5.08636752381579
2016-07-24 10:00:00,29.7,74,0.0,5.9,218,3.6324027044213842,4.64926344627966
2016-07-24 11:00:00,30.4,71,0.0,6.8,245,6.162892951849219,2.873804179836756
2016-07-24 12:00:00,30.5,71,0.0,8.7,265,8.666893873398186,0.7582549619046259
2016-07-24 13:00:00,30.5,70,0.0,7.3,281,7.165878439167947,-1.392905666248777
2016-07-24 14:00:00,30.0,72,0.0,5.2,304,4.310995377286217,-2.907803098047884
2016-07-24 15:00:00,29.7,73,0.0,2.9,300,2.511473670974872,-1.4499999999999997
2016-07-24 16:00:00,29.6,74,0.0,3.3,354,0.3449439287832564,-3.2819222547153015
2016-07-24 17:00:00,29.3,76,0.0,4.3,66,-3.9282454678631837,-1.7489675652259409
2016-07-24 18:00:00,28.6,79,0.0,2.9,83,-2.878383839759834,-0.3534210958749272
2016-07-24 19:00:00,27.7,84,0.0,5.4,98,-5.34744757120448,0.7515347451843528
2016-07-24 20:00:00,27.2,86,0.0,2.9,97,-2.8783838397598336,0.35342109587492787
2016-07-24 21:00:00,27.5,82,0.0,1.8,79,-1.7669289302057951,-0.3434561916777805
2016-07-24 22:00:00,27.2,83,0.0,1.9,112,-1.7616493236768958,0.7117525274902332
2016-07-24 23:00:00,26.7,85,0.0,3.1,135,-2.192031021678297,2.1920310216782974
2016-07-25 00:00:00,25.8,88,0.0,4.5,166,-1.088648530198505,4.366330768241984
2016-07-25 01:00:00,26.1,87,0.0,4.0,185,0.34862297099063255,3.984778792366982
2016-07-25 02:00:00,26.2,87,0.0,3.3,186,0.3449439287832564,3.2819222547153015
2016-07-25 03:00:00,26.4,85,0.0,5.0,210,2.5000000000000004,4.330127018922193
2016-07-25 04:00:00,26.3,86,0.2,4.9,234,3.9641832724372428,2.8801477362331185
2016-07-25 05:00:00,26.1,88,0.2,5.0,240,4.330127018922194,2.4999999999999996
2016-07-25 06:00:00,25.9,90,0.2,4.7,238,3.9858260519352022,2.490620541896063
2016-07-25 07:00:00,26.3,92,0.0,5.1,225,3.6062445840513924,3.606244584051392
2016-07-25 08:00:00,27.1,85,0.0,2.1,239,1.800051331474436,1.0815799573111138
2016-07-25 09:00:00,27.8,79,0.0,1.6,333,0.726384799583275,-1.4256104387013886
2016-07-25 10:00:00,28.6,73,0.0,5.0,330,2.5000000000000004,-4.330127018922193
2016-07-25 11:00:00,29.5,70,0.0,7.6,335,3.211898789229316,-6.887939181478539
2016-07-25 12:00:00,30.0,70,0.0,9.8,336,3.9860191021428424,-8.95274548489749
2016-07-25 13:00:00,29.5,72,0.0,12.8,338,4.794964395723674,-11.86795333845488
2016-07-25 14:00:00,29.6,71,0.0,12.7,345,3.2870018728020134,-12.267257993871167
2016-07-25 15:00:00,29.7,71,0.0,10.3,348,2.1414904154229224,-10.074920287558198
2016-07-25 16:00:00,29.4,71,0.0,9.0,355,0.7844016847289232,-8.96575228282571
2016-07-25 17:00:00,28.9,74,0.0,7.8,13,-1.7546182238821488,-7.600086505324834
2016-07-25 18:00:00,28.5,75,0.0,5.0,21,-1.7918397477265036,-4.667902132486008
2016-07-25 19:00:00,27.8,84,0.0,4.0,63,-3.5640260967534716,-1.8159619989581868
2016-07-25 20:00:00,27.5,80,0.0,5.4,94,-5.386845871403051,0.37668495821827785
2016-07-25 21:00:00,25.8,89,0.0,5.5,148,-2.914555953282626,4.664264528860343
2016-07-25 22:00:00,25.0,92,0.0,6.6,158,-2.4724035165450196,6.1194134401407965
2016-07-25 23:00:00,24.8,92,0.0,6.6,151,-3.199743493625824,5.772490067120012
2016-07-26 00:00:00,24.8,91,0.0,5.5,157,-2.149021206691006,5.062776693988422
2016-07-26 01:00:00,24.6,91,0.0,5.0,159,-1.7918397477265013,4.667902132486009
2016-07-26 02:00:00,24.3,91,0.0,5.5,157,-2.149021206691006,5.062776693988422
2016-07-26 03:00:00,24.9,86,0.0,6.8,148,-3.6034509967857926,5.766727053863697
2016-07-26 04:00:00,24.3,89,0.0,6.4,142,-3.9402334420842133,5.043268823083022
2016-07-26 05:00:00,23.7,90,0.0,5.9,137,-4.023790324368741,4.314986839553106
2016-07-26 06:00:00,23.6,92,0.0,4.1,128,-3.2308440897875594,2.5242120488351993
2016-07-26 07:00:00,26.0,88,0.0,4.5,104,-4.366330768241984,1.0886485301985047
2016-07-26 08:00:00,28.1,76,0.0,3.6,96,-3.580278823325784,0.37630246776355347
2016-07-26 09:00:00,29.0,73,0.0,0.4,90,-0.4,4.898587196589413e-17
2016-07-26 10:00:00,29.6,71,0.0,3.3,276,3.2819222547153015,-0.3449439287832564
2016-07-26 11:00:00,30.1,69,0.0,4.0,270,4.0,0.0
2016-07-26 12:00:00,29.6,71,0.0,3.2,270,3.2,0.0
2016-07-26 13:00:00,29.7,72,0.0,1.8,270,1.8,0.0
2016-07-26 14:00:00,29.9,70,0.0,2.1,301,1.800051331474436,-1.0815799573111138
2016-07-26 15:00:00,29.8,71,0.0,2.1,211,1.0815799573111138,1.800051331474436
2016-07-26 16:00:00,29.9,70,0.0,3.6,217,2.1665340833473743,2.875087836170254
2016-07-26 17:00:00,29.7,70,0.0,5.7,198,1.7613968679372005,5.421022142882375
2016-07-26 18:00:00,29.2,73,0.0,5.8,202,2.1727182418122895,5.377666356487367
2016-07-26 19:00:00,28.5,79,0.0,6.8,198,2.1013155617496424,6.467184310807044
2016-07-26 20:00:00,28.1,76,0.0,6.8,183,0.35588450245201897,6.790680836331102
2016-07-26 21:00:00,26.5,85,0.0,6.5,174,-0.6794350112397481,6.4643923198937765
2016-07-26 22:00:00,25.2,89,0.0,7.2,174,-0.7526049355271056,7.160557646651568
2016-07-26 23:00:00,24.3,92,0.0,7.8,167,-1.7546182238821473,7.6000865053248345
2016-07-27 00:00:00,23.7,94,0.0,7.1,165,-1.837615220227898,6.858073366652385
2016-07-27 01:00:00,23.1,95,0.0,6.6,158,-2.4724035165450196,6.1194134401407965
2016-07-27 02:00:00,22.9,94,0.1,7.1,150,-3.549999999999998,6.148780366869515
2016-07-27 03:00:00,23.1,92,0.1,6.8,148,-3.6034509967857926,5.766727053863697
2016-07-27 04:00:00,23.0,91,0.0,6.5,146,-3.6347538725598536,5.388744221607771
2016-07-27 05:00:00,22.8,91,0.0,6.9,137,-4.705788684431239,5.0463405411722775
2016-07-27 06:00:00,22.9,92,0.0,7.1,135,-5.020458146424486,5.020458146424487
2016-07-27 07:00:00,25.6,85,0.0,7.2,143,-4.333068166694749,5.750175672340507
2016-07-27 08:00:00,28.1,71,0.0,5.7,162,-1.7613968679371999,5.421022142882376
2016-07-27 09:00:00,29.5,64,0.0,7.2,183,0.3768188849491966,7.190132650232932
2016-07-27 10:00:00,30.4,61,0.0,7.8,202,2.9219314286441134,7.232034065620942
2016-07-27 11:00:00,30.9,62,0.0,9.0,217,5.4163352083684355,7.187719590425635
2016-07-27 12:00:00,31.3,64,0.0,9.7,219,6.104407793183423,7.538315826132617
2016-07-27 13:00:00,31.4,65,0.0,10.2,222,6.825132184860354,7.580077219869421
2016-07-27 14:00:00,31.4,65,0.0,11.5,221,7.544678833390834,8.679160172561879
2016-07-27 15:00:00,30.9,69,0.1,11.2,222,7.494262791219212,8.323222045346816
2016-07-27 16:00:00,30.7,70,0.1,10.8,217,6.499602250042123,8.625263508510763
2016-07-27 17:00:00,29.9,73,0.1,9.8,216,5.760295472466237,7.9283665448744856
2016-07-27 18:00:00,28.9,78,0.0,9.3,216,5.46640284632,7.523858047687012
2016-07-27 19:00:00,28.0,81,0.0,8.6,180,5.265981236333618e-16,8.6
2016-07-27 20:00:00,27.0,85,0.0,9.7,158,-3.633683956134347,8.993683389297837
2016-07-27 21:00:00,26.3,86,0.0,8.7,150,-4.349999999999998,7.534421012924616
2016-07-27 22:00:00,25.4,90,0.0,9.1,146,-5.088655421583795,7.5442419102508795
2016-07-27 23:00:00,24.8,90,0.0,9.3,144,-5.466402846319999,7.523858047687012
2016-07-28 00:00:00,24.5,88,0.0,8.6,147,-4.683895701129233,7.212566884330646
2016-07-28 01:00:00,23.7,89,0.0,9.6,146,-5.368251873319168,7.9587606965284
2016-07-28 02:00:00,23.2,89,0.0,9.0,143,-5.4163352083684355,7.187719590425634
2016-07-28 03:00:00,22.8,90,0.0,8.9,137,-6.069785404556236,6.509047944410618
2016-07-28 04:00:00,22.7,89,0.0,8.9,130,-6.817795543758904,5.720809726210201
2016-07-28 05:00:00,22.5,88,0.0,8.8,125,-7.208537989743129,5.047472639889205
2016-07-28 06:00:00,22.2,89,0.0,8.0,126,-6.472135954999579,4.702282018339786
2016-07-28 07:00:00,24.7,85,0.0,9.2,129,-7.149742845404131,5.789747597658503
2016-07-28 08:00:00,28.3,70,0.0,8.6,147,-4.683895701129233,7.212566884330646
2016-07-28 09:00:00,30.0,62,0.0,9.4,176,-0.6557108531947782,9.377102072442348
2016-07-28 10:00:00,30.7,64,0.0,10.8,201,3.870373855089244,10.08266860616978
2016-07-28 11:00:00,31.3,65,0.0,11.6,216,6.818308926592688,9.38459713474939
2016-07-28 12:00:00,31.7,66,0.0,12.5,224,8.683229630737465,8.991747504233139
2016-07-28 13:00:00,31.8,67,0.0,13.0,228,9.660882731206126,8.698697882665158
2016-07-28 14:00:00,31.5,68,0.0,14.3,229,10.792346997185641,9.381644114564255
2016-07-28 15:00:00,31.3,69,0.0,13.5,228,10.032455143944823,9.033263185844586
2016-07-28 16:00:00,31.0,70,0.0,12.5,221,8.200737862381342,9.43386975278465
2016-07-28 17:00:00,30.4,73,0.0,11.2,213,6.099957192168303,9.393110360988748
2016-07-28 18:00:00,29.6,77,0.0,9.0,217,5.4163352083684355,7.187719590425635
2016-07-28 19:00:00,28.8,81,0.0,8.5,216,4.996174644486022,6.876644452187053
2016-07-28 20:00:00,27.6,86,0.0,8.6,195,2.2258437878816784,8.306962106085987
2016-07-28 21:00:00,26.7,90,0.0,8.3,175,-0.7233926648055634,8.268415994161488
2016-07-28 22:00:00,25.8,93,0.0,8.0,162,-2.4721359549995787,7.608452130361229
2016-07-28 23:00:00,25.1,93,0.0,8.2,157,-3.2039952536120446,7.548139798310009
2016-07-29 00:00:00,24.6,94,0.0,9.4,162,-2.9047597471245052,8.939931253174445
2016-07-29 01:00:00,24.3,94,0.0,9.1,171,-1.4235536318661004,8.987963899415753
2016-07-29 02:00:00,23.8,94,0.0,8.2,165,-2.122316169840671,7.92059177557036
2016-07-29 03:00:00,23.8,92,0.0,7.2,153,-3.2687315981247362,6.415246974156249
2016-07-29 04:00:00,23.2,92,0.0,6.9,141,-4.342310698243877,5.3623071340531006
2016-07-29 05:00:00,22.8,93,0.0,6.4,133,-4.6806636903626915,4.364789504399991
2016-07-29 06:00:00,22.6,93,0.0,6.0,123,-5.032023407672543,3.2678342100901636
2016-07-29 07:00:00,25.3,90,0.0,6.7,126,-5.420413862312147,3.938161190359571
2016-07-29 08:00:00,28.6,74,0.0,6.4,142,-3.9402334420842133,5.043268823083022
2016-07-29 09:00:00,29.8,69,0.0,5.9,169,-1.1257730727216144,5.791600382341218
2016-07-29 10:00:00,30.9,65,0.0,5.5,203,2.1490212066910055,5.062776693988422
2016-07-29 11:00:00,31.6,63,0.0,6.2,234,5.0159053651246746,3.6442685642133337
2016-07-29 12:00:00,31.5,63,0.0,6.6,241,5.772490067120011,3.1997434936258244
2016-07-29 13:00:00,31.3,63,0.0,6.3,246,5.755336383148386,2.5624408513775414
2016-07-29 14:00:00,30.8,64,0.0,3.2,270,3.2,0.0
2016-07-29 15:00:00,30.0,68,0.2,5.6,255,5.4091846272187825,1.4493866525741161
2016-07-29 16:00:00,29.3,71,0.2,8.9,223,6.069785404556237,6.509047944410617
2016-07-29 17:00:00,28.2,75,0.2,11.3,189,1.7677094549546095,11.160878248725057
2016-07-29 18:00:00,27.4,76,0.0,10.8,184,0.7533699164365526,10.773691742806102
2016-07-29 19:00:00,27.0,76,0.0,7.3,147,-3.9758649556096977,6.122295146001594
2016-07-29 20:00:00,26.4,82,0.0,5.6,105,-5.409184627218782,1.4493866525741177
2016-07-29 21:00:00,26.8,76,0.0,3.4,108,-3.233592155403522,1.0506577808748214
2016-07-29 22:00:00,25.0,87,0.0,3.9,112,-3.6160170328104706,1.4609657143220578
2016-07-29 23:00:00,24.1,91,0.0,3.5,114,-3.197409101749103,1.4235782507653014
2016-07-30 00:00:00,23.7,90,0.0,2.9,120,-2.511473670974872,1.4499999999999997
2016-07-30 01:00:00,23.0,93,0.0,2.7,113,-2.485363104321589,1.0549740469210394
2016-07-30 02:00:00,22.5,95,0.0,2.6,106,-2.499280409439629,0.716657125124198
2016-07-30 03:00:00,22.0,97,0.0,3.0,104,-2.9108871788279895,0.7257656867990032
2016-07-30 04:00:00,21.9,96,0.0,3.6,96,-3.580278823325784,0.37630246776355347
2016-07-30 05:00:00,22.0,94,0.0,4.0,95,-3.984778792366982,0.3486229709906328
2016-07-30 06:00:00,22.2,94,0.0,3.8,73,-3.6339580726595346,-1.1110124779463997
2016-07-30 07:00:00,25.0,88,0.0,4.2,70,-3.9467090073008158,-1.4364846019678084
2016-07-30 08:00:00,27.7,74,0.0,4.6,51,-3.5748714227020653,-2.894873798829253
2016-07-30 09:00:00,29.1,70,0.0,5.6,15,-1.4493866525741155,-5.4091846272187825
2016-07-30 10:00:00,30.0,68,0.0,7.7,349,1.4692292643993958,-7.558529312547013
2016-07-30 11:00:00,30.3,68,0.0,9.9,350,1.7191169589026112,-9.74959675482086
2016-07-30 12:00:00,30.4,69,0.0,9.0,344,2.4807362023529924,-8.65135526344487
2016-07-30 13:00:00,30.5,69,0.0,9.0,344,2.4807362023529924,-8.65135526344487
2016-07-30 14:00:00,30.3,70,0.0,9.3,347,2.092044805397944,-9.06164160250269
2016-07-30 15:00:00,30.2,71,0.0,9.0,360,5.51091059616309e-16,-9.0
2016-07-30 16:00:00,29.8,73,0.0,6.4,16,-1.7640790772287929,-6.152074854005242
2016-07-30 17:00:00,29.7,73,0.0,3.6,354,0.3763024677635525,-3.580278823325784
2016-07-30 18:00:00,29.2,75,0.0,4.9,343,1.4326213531414103,-4.685893304218874
2016-07-30 19:00:00,28.6,79,0.0,5.1,356,0.35575801609503865,-5.087576656325103
2016-07-30 20:00:00,27.2,86,0.0,2.3,108,-2.1874299874788528,0.7107390870623792
2016-07-30 21:00:00,26.6,87,0.1,5.4,176,-0.3766849582182768,5.386845871403051
2016-07-30 22:00:00,26.2,89,0.0,7.8,193,1.7546182238821464,7.6000865053248345
2016-07-30 23:00:00,25.9,90,0.0,8.1,193,1.8221035401853058,7.892397524760405
2016-07-31 00:00:00,25.6,91,0.0,9.3,193,2.092044805397944,9.06164160250269
2016-07-31 01:00:00,25.4,91,0.0,9.4,187,1.1455718280083864,9.329933825428427
2016-07-31 02:00:00,25.1,92,0.0,9.0,180,5.51091059616309e-16,9.0
2016-07-31 03:00:00,24.9,91,0.0,8.4,173,-1.0237024846032379,8.337387673787106
2016-07-31 04:00:00,24.5,90,0.0,7.1,156,-2.8878301658381815,6.486172749262466
2016-07-31 05:00:00,24.2,91,0.0,7.0,145,-4.015035054457323,5.734064310022942
2016-07-31 06:00:00,24.2,90,0.0,6.6,139,-4.329989591337347,4.981083229470296
2016-07-31 07:00:00,26.2,85,0.0,6.2,126,-5.015905365124674,3.644268564213334
2016-07-31 08:00:00,27.4,79,0.0,4.2,110,-3.9467090073008153,1.4364846019678092
2016-07-31 09:00:00,28.7,75,0.0,2.3,39,-1.447436899414627,-1.7874357113510322
2016-07-31 10:00:00,29.6,72,0.0,7.2,354,0.752604935527105,-7.160557646651568
2016-07-31 11:00:00,30.5,70,0.0,11.9,346,2.8788705576360454,-11.546519142684359
2016-07-31 12:00:00,31.0,68,0.0,14.8,1,-0.2582956152717958,-14.79774588831459
2016-07-31 13:00:00,30.9,68,0.0,11.5,2,-0.40134421207875876,-11.492994510719601
2016-07-31 14:00:00,30.7,69,0.0,12.4,352,1.7257464519048118,-12.279324052395474
2016-07-31 15:00:00,30.5,71,0.0,14.2,9,-2.2213694035712805,-14.025174436450953
2016-07-31 16:00:00,30.5,72,0.0,13.0,19,-4.232386007943036,-12.291741482791119
2016-07-31 17:00:00,30.4,73,0.0,11.3,17,-3.3038002633669294,-10.8062437423823
2016-07-31 18:00:00,29.9,76,0.0,11.2,6,-1.1707187885977175,-11.13864522812466
2016-07-31 19:00:00,29.0,83,0.0,9.8,6,-1.024378940023003,-9.74631457460908
2016-07-31 20:00:00,27.8,89,0.0,9.4,360,5.755839955992561e-16,-9.4
2016-07-31 21:00:00,27.1,91,0.0,10.4,2,-0.36295476570600793,-10.393664600998596
2016-07-31 22:00:00,26.7,93,0.0,10.0,13,-2.2495105434386526,-9.743700647852352
2016-07-31 23:00:00,26.5,93,0.0,7.2,18,-2.2249223594996224,-6.8476069173251055
2016-08-01 00:00:00,26.4,93,0.0,1.3,124,-1.0777488443215542,0.726950774511971
2016-08-01 01:00:00,26.2,93,0.2,5.4,184,0.3766849582182763,5.386845871403051
2016-08-01 02:00:00,26.0,92,0.5,7.2,183,0.3768188849491966,7.190132650232932
2016-08-01 03:00:00,26.1,92,0.9,8.0,175,-0.6972459419812659,7.969557584733964
2016-08-01 04:00:00,25.8,92,0.0,7.9,156,-3.213219480298822,7.217009115376547
2016-08-01 05:00:00,25.6,92,0.0,5.9,142,-3.6324027044213842,4.64926344627966
2016-08-01 06:00:00,25.8,89,0.0,3.4,108,-3.233592155403522,1.0506577808748214
2016-08-01 07:00:00,26.6,89,0.0,4.4,99,-4.345828698618606,0.6883116461770163
2016-08-01 08:00:00,28.0,85,0.0,1.8,79,-1.7669289302057951,-0.3434561916777805
2016-08-01 09:00:00,29.4,80,0.0,2.9,210,1.4500000000000002,2.5114736709748717
2016-08-01 10:00:00,30.4,75,0.0,8.6,213,4.683895701129233,7.212566884330647
2016-08-01 11:00:00,31.2,72,0.0,12.0,224,8.335900445507967,8.632077604063813
2016-08-01 12:00:00,31.3,71,0.0,13.3,232,10.480543022969401,8.188297621831255
2016-08-01 13:00:00,31.2,72,0.0,14.8,241,12.944371665663057,7.175182379645789
2016-08-01 14:00:00,31.1,73,0.0,16.6,252,15.78753817049955,5.129682106624127
2016-08-01 15:00:00,31.2,78,1.8,18.2,262,18.02287885109658,2.532950437473191
2016-08-01 16:00:00,30.4,83,1.9,13.7,275,13.647867363856914,-1.1940336756429168
2016-08-01 17:00:00,29.3,87,1.4,8.4,310,6.4347733221994154,-5.39941592136693
2016-08-01 18:00:00,28.6,89,0.7000000000000001,9.8,343,2.8652427062828205,-9.371786608437748
2016-08-01 19:00:00,27.8,93,0.4,8.7,343,2.5436338310878095,-8.319851376878407
2016-08-01 20:00:00,27.2,95,0.3,8.3,360,5.082284216461516e-16,-8.3
2016-08-01 21:00:00,27.1,93,0.2,7.3,9,-1.1419715947936866,-7.210124886344505
2016-08-01 22:00:00,27.0,94,0.2,3.4,342,1.0506577808748212,-3.233592155403522
2016-08-01 23:00:00,26.1,97,0.6,3.3,347,0.7423384793347542,-3.2154212137912763
2016-08-02 00:00:00,25.7,97,0.1,3.2,360,1.9594348786357652e-16,-3.2
2016-08-02 01:00:00,25.5,97,0.1,2.9,353,0.3534210958749277,-2.8783838397598336
2016-08-02 02:00:00,25.3,98,0.2,3.8,343,1.1110124779463997,-3.6339580726595346
2016-08-02 03:00:00,25.3,97,0.9,5.1,352,0.7097828148963339,-5.050367150582009
2016-08-02 04:00:00,25.3,98,1.7000000000000002,4.3,355,0.37476969381492997,-4.283637201794505
2016-08-02 05:00:00,25.4,96,3.2,4.3,360,2.632990618166809e-16,-4.3
2016-08-02 06:00:00,25.4,97,3.5,5.2,16,-1.4333142502483942,-4.998560818879259
2016-08-02 07:00:00,26.0,97,3.0,5.1,39,-3.2095339943541727,-3.96344440343055
2016-08-02 08:00:00,26.8,93,2.1,4.3,66,-3.9282454678631837,-1.7489675652259409
2016-08-02 09:00:00,27.1,90,0.6,5.5,79,-5.3989495089621515,-1.049449474570996
2016-08-02 10:00:00,28.1,82,0.0,4.2,70,-3.9467090073008158,-1.4364846019678084
2016-08-02 11:00:00,29.5,75,0.0,1.1,18,-0.33991869381244233,-1.0461621679246689
2016-08-02 12:00:00,30.0,73,0.0,2.3,72,-2.187429987478853,-0.7107390870623786
2016-08-02 13:00:00,29.8,74,0.0,1.1,18,-0.33991869381244233,-1.0461621679246689
2016-08-02 14:00:00,29.3,75,0.3,1.5,135,-1.0606601717798212,1.0606601717798214
2016-08-02 15:00:00,28.8,77,0.4,2.2,180,1.3471114790620887e-16,2.2
2016-08-02 16:00:00,28.9,78,0.2,1.8,217,1.0832670416736871,1.437543918085127
2016-08-02 17:00:00,28.7,80,0.0,3.8,107,-3.633958072659535,1.111012477946399
2016-08-02 18:00:00,28.4,81,0.0,3.2,63,-2.8512208774027776,-1.4527695991665495
2016-08-02 19:00:00,28.1,83,0.0,3.8,107,-3.633958072659535,1.111012477946399
2016-08-02 20:00:00,28.2,80,0.0,3.3,167,-0.7423384793347546,3.2154212137912763
2016-08-02 21:00:00,27.6,83,0.0,3.7,169,-0.7059932828932158,3.632020578756357
2016-08-02 22:00:00,26.9,86,0.0,3.0,166,-0.7257656867990033,2.9108871788279895
2016-08-02 23:00:00,26.1,89,0.2,4.3,114,-3.9282454678631833,1.7489675652259418
2016-08-03 00:00:00,25.6,90,0.0,5.7,108,-5.421022142882375,1.7613968679372007
2016-08-03 01:00:00,25.7,89,0.0,5.4,110,-5.074340152243905,1.846908773958612
2016-08-03 02:00:00,26.5,83,0.0,4.2,110,-3.9467090073008153,1.4364846019678092
2016-08-03 03:00:00,23.8,96,0.0,4.0,100,-3.939231012048832,0.6945927106677211
2016-08-03 04:00:00,23.6,96,0.0,3.3,103,-3.215421213791276,0.7423384793347552
2016-08-03 05:00:00,23.3,95,0.0,2.7,113,-2.485363104321589,1.0549740469210394
2016-08-03 06:00:00,23.2,95,0.0,2.9,97,-2.8783838397598336,0.35342109587492787
2016-08-03 07:00:00,25.2,94,0.0,2.1,149,-1.081579957311114,1.800051331474436
2016-08-03 08:00:00,27.8,80,0.0,4.1,135,-2.8991378028648445,2.899137802864845
2016-08-03 09:00:00,29.1,74,0.0,1.8,127,-1.4375439180851273,1.0832670416736867
2016-08-03 10:00:00,29.8,73,0.0,2.6,304,2.1554976886431083,-1.453901549023942
2016-08-03 11:00:00,30.0,72,0.0,6.0,287,5.737828535778212,-1.7542302283364206
2016-08-03 12:00:00,30.0,72,0.0,5.4,290,5.074340152243906,-1.8469087739586112
2016-08-03 13:00:00,29.8,72,0.0,4.5,299,3.935788682127281,-2.1816432911085166
2016-08-03 14:00:00,29.3,74,0.4,4.7,302,3.9858260519352022,-2.490620541896063
2016-08-03 15:00:00,29.4,75,0.2,6.2,263,6.153786140176196,0.7555899291119144
2016-08-03 16:00:00,28.3,79,0.8,2.7,247,2.485363104321589,1.0549740469210394
2016-08-03 17:00:00,27.9,81,0.2,2.6,146,-1.4539015490239415,2.1554976886431088
2016-08-03 18:00:00,27.6,83,0.0,3.6,84,-3.580278823325784,-0.3763024677635526
2016-08-03 19:00:00,27.1,88,0.0,3.4,58,-2.8833635269318485,-1.8017254983928963
2016-08-03 20:00:00,26.4,90,0.0,2.9,300,2.511473670974872,-1.4499999999999997
2016-08-03 21:00:00,27.1,84,0.0,4.4,261,4.3458286986186065,0.6883116461770159
2016-08-03 22:00:00,26.9,85,0.0,2.3,162,-0.7107390870623789,2.187429987478853
2016-08-03 23:00:00,26.7,86,0.0,4.7,122,-3.9858260519352022,2.490620541896063
2016-08-04 00:00:00,26.4,88,0.0,3.1,126,-2.507952682562337,1.822134282106667
2016-08-04 01:00:00,25.8,90,0.0,2.3,141,-1.4474368994146256,1.7874357113510333
2016-08-04 02:00:00,25.2,92,0.0,3.5,156,-1.423578250765301,3.197409101749103
2016-08-04 03:00:00,23.2,96,0.0,4.2,160,-1.4364846019678086,3.9467090073008158
2016-08-04 04:00:00,22.9,95,0.0,3.3,139,-2.1649947956686737,2.490541614735148
2016-08-04 05:00:00,22.7,95,0.0,2.7,113,-2.485363104321589,1.0549740469210394
2016-08-04 06:00:00,22.7,96,0.0,2.5,90,-2.5,3.061616997868383e-16
2016-08-04 07:00:00,25.3,90,0.0,4.0,95,-3.984778792366982,0.3486229709906328
2016-08-04 08:00:00,27.6,80,0.0,2.4,63,-2.138415658052083,-1.089577199374912
2016-08-04 09:00:00,28.9,77,0.0,3.3,354,0.3449439287832564,-3.2819222547153015
2016-08-04 10:00:00,30.0,74,0.0,4.9,324,2.8801477362331185,-3.9641832724372428
2016-08-04 11:00:00,30.7,72,0.0,7.1,315,5.020458146424487,-5.020458146424486
2016-08-04 12:00:00,31.1,71,0.0,8.7,312,6.46535998165333,-5.821436275322066
2016-08-04 13:00:00,31.0,71,0.0,9.6,304,7.958760696528399,-5.36825187331917
2016-08-04 14:00:00,30.8,72,0.0,9.2,309,7.149742845404131,-5.789747597658503
2016-08-04 15:00:00,30.6,73,0.0,6.3,283,6.1385314081469815,-1.4171916423663495
2016-08-04 16:00:00,30.4,73,0.0,6.1,273,6.0916401620029,-0.31924933308195735
2016-08-04 17:00:00,29.9,74,0.0,4.0,260,3.939231012048832,0.6945927106677213
2016-08-04 18:00:00,29.4,78,0.0,3.8,311,2.8678964048465336,-2.4930243101639276
2016-08-04 19:00:00,28.7,80,0.0,4.5,299,3.935788682127281,-2.1816432911085166
2016-08-04 20:00:00,27.9,83,0.0,5.9,281,5.791600382341218,-1.1257730727216144
2016-08-04 21:00:00,27.7,85,0.0,5.4,270,5.4,0.0
2016-08-04 22:00:00,26.4,90,0.0,5.0,201,1.791839747726502,4.667902132486009
2016-08-04 23:00:00,25.0,94,0.0,7.2,183,0.3768188849491966,7.190132650232932
2016-08-05 00:00:00,24.2,95,0.0,5.4,160,-1.8469087739586112,5.074340152243906
2016-08-05 01:00:00,23.9,95,0.0,5.4,138,-3.6133052743378347,4.012982057577929
2016-08-05 02:00:00,23.7,95,0.0,5.9,137,-4.023790324368741,4.314986839553106
2016-08-05 03:00:00,23.7,93,0.0,5.9,133,-4.314986839553106,4.023790324368742
2016-08-05 04:00:00,23.4,93,0.0,5.7,125,-4.669166652447254,3.269385687200962
2016-08-05 05:00:00,23.2,93,0.0,6.3,121,-5.400153994423307,3.2447398719333425
2016-08-05 06:00:00,23.0,92,0.0,3.1,126,-2.507952682562337,1.822134282106667
2016-08-05 07:00:00,25.4,85,0.0,3.4,148,-1.8017254983928963,2.8833635269318485
2016-08-05 08:00:00,27.9,74,0.0,2.5,180,1.5308084989341916e-16,2.5
2016-08-05 09:00:00,29.3,64,0.0,2.7,203,1.0549740469210391,2.485363104321589
2016-08-05 10:00:00,30.2,61,0.0,5.0,240,4.330127018922194,2.4999999999999996
2016-08-05 11:00:00,30.8,60,0.0,7.8,257,7.6000865053248345,1.754618223882147
2016-08-05 12:00:00,31.0,61,0.0,8.8,258,8.607698886457491,1.8296228791962823
2016-08-05 13:00:00,31.0,63,0.0,9.6,257,9.353952621938259,2.159530121701104
2016-08-05 14:00:00,31.1,63,0.0,5.5,259,5.3989495089621515,1.0494494745709964
2016-08-05 15:00:00,30.0,69,0.0,5.3,242,4.679622242152313,2.4881992827652213
2016-08-05 16:00:00,29.8,70,0.0,1.1,162,-0.3399186938124421,1.046162167924669
2016-08-05 17:00:00,29.4,72,0.0,4.9,126,-3.9641832724372423,2.880147736233119
2016-08-05 18:00:00,28.8,76,0.0,1.4,90,-1.4,1.7145055188062944e-16
2016-08-05 19:00:00,27.7,83,0.0,2.2,99,-2.172914349309303,0.3441558230885082
2016-08-05 20:00:00,28.2,75,0.0,1.5,14,-0.36288284339950166,-1.4554435894139948
2016-08-05 21:00:00,28.0,75,0.0,1.8,53,-1.437543918085127,-1.0832670416736871
2016-08-05 22:00:00,27.8,74,0.0,1.3,56,-1.0777488443215544,-0.7269507745119708
2016-08-05 23:00:00,27.2,76,0.0,1.8,360,1.1021821192326179e-16,-1.8
2016-08-06 00:00:00,25.8,81,0.0,2.6,34,-1.453901549023941,-2.1554976886431088
2016-08-06 01:00:00,24.8,85,0.0,3.9,68,-3.616017032810471,-1.460965714322057
2016-08-06 02:00:00,24.9,82,0.0,3.3,84,-3.2819222547153015,-0.3449439287832565
2016-08-06 03:00:00,22.9,93,0.0,2.2,81,-2.1729143493093033,-0.3441558230885076
2016-08-06 04:00:00,23.0,92,0.0,2.9,83,-2.878383839759834,-0.3534210958749272
2016-08-06 05:00:00,22.9,91,0.0,4.5,76,-4.366330768241984,-1.0886485301985038
2016-08-06 06:00:00,23.0,92,0.0,3.9,68,-3.616017032810471,-1.460965714322057
2016-08-06 07:00:00,25.1,87,0.0,3.1,69,-2.8940993221413254,-1.1109406435904314
2016-08-06 08:00:00,27.8,72,0.0,1.1,342,0.3399186938124422,-1.0461621679246689
2016-08-06 09:00:00,29.0,67,0.0,2.1,329,1.0815799573111138,-1.800051331474436
2016-08-06 10:00:00,29.6,68,0.0,4.4,325,2.5237363199446032,-3.604268994871564
2016-08-06 11:00:00,29.9,69,0.0,10.1,333,4.585304047369423,-8.999165894302514
2016-08-06 12:00:00,30.1,70,0.1,12.2,336,4.962187045524762,-11.14525458323973
2016-08-06 13:00:00,30.2,72,0.2,14.8,346,3.5804440548750818,-14.360376748884748
2016-08-06 14:00:00,30.1,73,0.0,14.7,349,2.8048922320352103,-14.42991959668066
2016-08-06 15:00:00,29.7,75,0.0,14.8,354,1.5470212563612713,-14.718924051450445
2016-08-06 16:00:00,29.6,75,0.0,14.8,357,0.7745721523955708,-14.779717114367694
2016-08-06 17:00:00,29.2,77,0.0,10.1,2,-0.35248491669525767,-10.093847352892867
2016-08-06 18:00:00,28.6,79,0.0,9.1,353,1.1090110249868421,-9.032169979936029
2016-08-06 19:00:00,27.7,87,0.0,6.8,25,-2.873804179836754,-6.16289295184922
2016-08-06 20:00:00,27.2,88,0.0,8.0,8,-1.1133848076805266,-7.922144549932562
2016-08-06 21:00:00,27.2,85,0.0,9.0,360,5.51091059616309e-16,-9.0
2016-08-06 22:00:00,27.4,83,0.0,11.0,11,-2.098898949141991,-10.797899017924303
2016-08-06 23:00:00,27.3,83,0.0,10.6,18,-3.2755801403744442,-10.081199072728626
2016-08-07 00:00:00,27.0,84,0.0,8.0,10,-1.3891854213354426,-7.878462024097664
2016-08-07 01:00:00,26.7,85,0.0,4.8,347,1.0797650608505516,-4.676976310969129
2016-08-07 02:00:00,26.5,86,0.0,3.5,336,1.4235782507653008,-3.197409101749103
2016-08-07 03:00:00,25.8,91,0.0,2.1,31,-1.0815799573111144,-1.8000513314744355
2016-08-07 04:00:00,26.1,89,0.0,2.1,59,-1.800051331474436,-1.0815799573111138
2016-08-07 05:00:00,26.4,86,0.0,4.2,31,-2.163159914622229,-3.600102662948871
2016-08-07 06:00:00,25.5,88,0.0,7.5,35,-4.301823272632848,-6.143640332167437
2016-08-07 07:00:00,26.5,89,0.0,7.1,30,-3.550000000000003,-6.148780366869512
2016-08-07 08:00:00,27.8,82,0.0,6.8,3,-0.3558845024520213,-6.790680836331102
2016-08-07 09:00:00,28.6,78,0.0,8.0,355,0.6972459419812651,-7.969557584733964
2016-08-07 10:00:00,29.5,74,0.0,10.3,12,-2.141490415422926,-10.074920287558198
2016-08-07 11:00:00,29.9,72,0.0,12.3,5,-1.0720156357961965,-12.253194786528471
2016-08-07 12:00:00,30.1,72,0.0,12.6,357,0.659433048661094,-12.58273213790763
2016-08-07 13:00:00,30.0,72,0.0,12.5,348,2.598896135221993,-12.22684500917257
2016-08-07 14:00:00,29.6,74,0.0,12.4,352,1.7257464519048118,-12.279324052395474
2016-08-07 15:00:00,29.7,74,0.1,10.5,354,1.0975488643103612,-10.44247990136687
2016-08-07 16:00:00,29.4,74,0.0,10.9,9,-1.7051356689385184,-10.765802912487
2016-08-07 17:00:00,29.4,74,0.0,10.1,6,-1.055737479003299,-10.044671143219562
2016-08-07 18:00:00,28.7,77,0.0,9.3,16,-2.56342740909809,-8.939733772226367
2016-08-07 19:00:00,28.1,83,0.0,5.8,30,-2.9000000000000026,-5.022947341949743
2016-08-07 20:00:00,28.2,78,0.0,3.3,347,0.7423384793347542,-3.2154212137912763
2016-08-07 21:00:00,26.9,85,0.0,2.0,45,-1.4142135623730954,-1.414213562373095
2016-08-07 22:00:00,26.6,85,0.0,2.2,81,-2.1729143493093033,-0.3441558230885076
2016-08-07 23:00:00,25.9,87,0.0,1.8,90,-1.8,2.2043642384652358e-16
2016-08-08 00:00:00,25.5,87,0.0,4.0,85,-3.984778792366982,-0.3486229709906318
2016-08-08 01:00:00,24.9,89,0.0,5.8,97,-5.756767679519667,0.7068421917498557
2016-08-08 02:00:00,24.5,90,0.0,5.4,110,-5.074340152243905,1.846908773958612
2016-08-08 03:00:00,24.9,86,0.0,5.0,120,-4.330127018922194,2.4999999999999996
2016-08-08 04:00:00,25.3,81,0.0,3.6,90,-3.6,4.4087284769304716e-16
2016-08-08 05:00:00,23.6,88,0.0,3.4,58,-2.8833635269318485,-1.8017254983928963
2016-08-08 06:00:00,23.2,90,0.0,4.0,63,-3.5640260967534716,-1.8159619989581868
2016-08-08 07:00:00,25.5,87,0.0,3.3,41,-2.1649947956686737,-2.4905416147351476
2016-08-08 08:00:00,27.6,72,0.0,6.2,339,2.2218812871808624,-5.788198644282651
2016-08-08 09:00:00,28.6,68,0.1,7.3,340,2.4967470462773824,-6.8597561317371305
2016-08-08 10:00:00,29.2,70,0.0,6.0,343,1.7542302283364206,-5.737828535778212
2016-08-08 11:00:00,29.5,70,0.0,6.0,335,2.5357095704441965,-5.437846722219899
2016-08-08 12:00:00,29.9,71,0.0,6.5,354,0.6794350112397475,-6.4643923198937765
2016-08-08 13:00:00,30.1,72,0.1,8.3,5,-0.7233926648055635,-8.268415994161488
2016-08-08 14:00:00,30.3,73,0.0,10.4,358,0.36295476570601126,-10.393664600998596
2016-08-08 15:00:00,29.8,79,0.0,10.9,352,1.5169868004647136,-10.793921949283117
2016-08-08 16:00:00,29.5,79,0.0,11.7,349,2.2324652459055754,-11.485038046337667
2016-08-08 17:00:00,29.3,79,0.0,10.5,352,1.4613175600806874,-10.397814721786489
2016-08-08 18:00:00,28.9,80,0.0,8.7,343,2.5436338310878095,-8.319851376878407
2016-08-08 19:00:00,28.0,86,0.0,9.2,349,1.755442757464213,-9.030970087718508
2016-08-08 20:00:00,26.9,90,0.0,7.1,15,-1.8376152202278964,-6.858073366652385
2016-08-08 21:00:00,26.0,93,0.0,4.8,48,-3.5670951622914924,-3.2118269105225195
2016-08-08 22:00:00,25.6,92,0.0,4.5,76,-4.366330768241984,-1.0886485301985038
2016-08-08 23:00:00,26.2,88,0.0,3.3,77,-3.2154212137912763,-0.7423384793347544
2016-08-09 00:00:00,26.4,87,0.0,2.2,360,1.3471114790620887e-16,-2.2
2016-08-09 01:00:00,24.3,95,0.0,4.0,10,-0.6945927106677213,-3.939231012048832
2016-08-09 02:00:00,23.2,98,0.0,4.9,36,-2.880147736233119,-3.9641832724372423
2016-08-09 03:00:00,25.7,84,0.0,4.7,23,-1.836436303899587,-4.326372811226469
2016-08-09 04:00:00,25.0,86,0.0,5.2,25,-2.197614961051636,-4.71280049259058
2016-08-09 05:00:00,24.8,86,0.0,4.8,27,-2.179154398749825,-4.276831316104166
2016-08-09 06:00:00,25.4,82,0.0,3.6,6,-0.3763024677635521,-3.5802788233257843
2016-08-09 07:00:00,26.0,89,0.1,5.8,353,0.7068421917498554,-5.756767679519667
2016-08-09 08:00:00,28.1,78,0.5,7.2,333,3.268731598124737,-6.415246974156248
2016-08-09 09:00:00,28.7,77,0.0,4.4,351,0.6883116461770161,-4.3458286986186065
2016-08-09 10:00:00,29.4,76,0.1,4.8,333,2.1791543987498248,-4.276831316104166
2016-08-09 11:00:00,30.0,75,0.0,6.1,332,2.863776532993934,-5.385980316439453
2016-08-09 12:00:00,30.1,76,0.0,8.0,350,1.3891854213354433,-7.878462024097664
2016-08-09 13:00:00,30.8,73,0.0,8.8,341,2.8649997592229797,-8.320563465273988
2016-08-09 14:00:00,31.0,72,0.0,9.0,337,3.5165801564034633,-8.284543681071963
2016-08-09 15:00:00,29.6,80,0.1,4.7,360,2.8779199779962803e-16,-4.7
2016-08-09 16:00:00,29.7,79,0.0,3.1,21,-1.1109406435904323,-2.894099322141325
2016-08-09 17:00:00,29.2,81,0.2,1.0,45,-0.7071067811865477,-0.7071067811865475
2016-08-09 18:00:00,28.7,83,0.4,3.3,319,2.1649947956686737,-2.4905416147351476
2016-08-09 19:00:00,27.6,84,1.5,5.8,356,0.40458754771592637,-5.78587149150698
2016-08-09 20:00:00,27.0,91,0.0,4.7,360,2.8779199779962803e-16,-4.7
2016-08-09 21:00:00,27.3,85,0.0,1.9,22,-0.7117525274902333,-1.7616493236768958
2016-08-09 22:00:00,27.2,85,0.0,2.9,360,1.7757378587636622e-16,-2.9
2016-08-09 23:00:00,26.6,88,0.0,4.7,356,0.3278554265973886,-4.688551036221174
2016-08-10 00:00:00,25.5,93,0.0,3.7,11,-0.7059932828932151,-3.632020578756357
2016-08-10 01:00:00,25.6,92,0.0,1.9,68,-1.761649323676896,-0.7117525274902328
2016-08-10 02:00:00,24.6,95,0.0,2.9,120,-2.511473670974872,1.4499999999999997
2016-08-10 03:00:00,24.1,95,0.8,4.5,119,-3.935788682127281,2.181643291108517
2016-08-10 04:00:00,23.7,96,0.3,4.5,119,-3.935788682127281,2.181643291108517
2016-08-10 05:00:00,23.5,95,0.1,4.1,105,-3.9602958877851795,1.0611580849203361
2016-08-10 06:00:00,23.5,94,0.0,2.6,74,-2.499280409439629,-0.7166571251241974
2016-08-10 07:00:00,25.9,91,0.0,3.2,63,-2.8512208774027776,-1.4527695991665495
2016-08-10 08:00:00,27.7,84,0.0,4.1,38,-2.524212048835198,-3.2308440897875603
2016-08-10 09:00:00,29.0,78,0.0,4.7,351,0.7352419856890854,-4.6421352007971475
2016-08-10 10:00:00,29.8,75,0.0,8.2,322,5.048424097670398,-6.46168817957512
2016-08-10 11:00:00,30.2,74,0.0,11.7,326,6.542556970607737,-9.699739598893988
2016-08-10 12:00:00,30.0,76,0.0,12.8,338,4.794964395723674,-11.86795333845488
2016-08-10 13:00:00,29.8,77,0.1,11.5,346,2.782101799396178,-11.15840085217396
2016-08-10 14:00:00,29.3,79,0.1,9.2,329,4.738350289172498,-7.8859391664594325
2016-08-10 15:00:00,29.7,75,0.0,9.9,327,5.391926446648768,-8.302838622659698
2016-08-10 16:00:00,29.3,77,0.0,8.0,333,3.6319239979163744,-7.128052193506942
2016-08-10 17:00:00,29.0,79,0.0,2.6,326,1.4539015490239418,-2.1554976886431088
2016-08-10 18:00:00,28.7,81,0.0,1.8,233,1.437543918085127,1.083267041673687
2016-08-10 19:00:00,27.8,85,0.0,0.8,27,-0.36319239979163753,-0.7128052193506943
2016-08-10 20:00:00,27.3,88,0.0,3.1,159,-1.1109406435904308,2.8940993221413254
2016-08-10 21:00:00,27.1,87,0.0,3.4,122,-2.883363526931848,1.8017254983928965
2016-08-10 22:00:00,27.0,88,0.1,4.1,135,-2.8991378028648445,2.899137802864845
2016-08-10 23:00:00,27.0,88,0.6,5.2,168,-1.0811407922523486,5.08636752381579
2016-08-11 00:00:00,26.5,91,1.7000000000000002,6.8,177,-0.35588450245201814,6.790680836331102
2016-08-11 01:00:00,26.1,93,3.9,8.0,185,0.6972459419812651,7.969557584733964
2016-08-11 02:00:00,25.8,93,5.3,10.5,196,2.8941922360784913,10.093247807352348
2016-08-11 03:00:00,25.6,92,3.7,13.1,189,2.049291492027025,12.938717261796304
2016-08-11 04:00:00,25.5,92,4.0,12.6,180,7.715274834628325e-16,12.6
2016-08-11 05:00:00,25.4,92,3.5,10.9,174,-1.1393602496174238,10.84028865951418
2016-08-11 06:00:00,25.2,92,3.4,10.3,192,2.1414904154229224,10.074920287558198
2016-08-11 07:00:00,25.6,90,4.5,10.4,178,-0.36295476570600993,10.393664600998596
2016-08-11 08:00:00,25.7,86,3.5,10.0,159,-3.5836794954530027,9.335804264972017
2016-08-11 09:00:00,25.7,87,2.5,11.3,153,-5.130092647056878,10.068373723328557
2016-08-11 10:00:00,25.9,85,2.4,11.9,145,-6.8255595925774495,9.747909327039002
2016-08-11 11:00:00,25.8,85,3.9,11.2,138,-7.494262791219212,8.323222045346816
2016-08-11 12:00:00,26.0,84,5.3,11.0,142,-6.772276228582241,8.668118289673941
2016-08-11 13:00:00,26.1,84,6.8,11.4,145,-6.538771374401926,9.338333304894505
2016-08-11 14:00:00,26.0,85,6.9,13.7,150,-6.849999999999997,11.864548031846809
2016-08-11 15:00:00,26.0,84,3.9,17.0,163,-4.970318980286523,16.257180851371604
2016-08-11 16:00:00,25.7,86,2.5,16.6,178,-0.5793316452615159,16.58988772851699
2016-08-11 17:00:00,26.0,87,2.3,16.8,190,2.9172893848044312,16.544770250605094
2016-08-11 18:00:00,25.8,90,2.1,14.1,212,7.471861625688189,11.957478155805605
2016-08-11 19:00:00,25.4,92,1.9,13.7,210,6.850000000000001,11.864548031846809
2016-08-11 20:00:00,25.1,95,1.1,9.1,189,1.4235536318661013,8.987963899415753
2016-08-11 21:00:00,25.0,94,0.4,7.9,177,-0.41345405431925636,7.889173324561134
2016-08-11 22:00:00,25.7,92,0.1,4.7,176,-0.3278554265973891,4.688551036221174
2016-08-11 23:00:00,25.5,93,0.0,4.6,198,1.4214781741247582,4.3748599749577055
2016-08-12 00:00:00,25.5,93,0.0,6.2,201,2.2218812871808624,5.788198644282651
2016-08-12 01:00:00,25.1,95,0.0,3.9,202,1.4609657143220567,3.616017032810471
2016-08-12 02:00:00,24.7,96,0.1,2.6,236,2.1554976886431083,1.453901549023942
2016-08-12 03:00:00,25.5,90,3.5,5.7,235,4.669166652447253,3.2693856872009626
2016-08-12 04:00:00,24.7,97,4.6,3.9,236,3.2332465329646625,2.180852323535913
2016-08-12 05:00:00,24.9,96,6.3,2.5,270,2.5,0.0
2016-08-12 06:00:00,24.7,96,9.0,5.1,219,3.209533994354171,3.963444403430551
2016-08-12 07:00:00,25.3,96,11.3,6.3,204,2.5624408513775414,5.755336383148386
2016-08-12 08:00:00,25.8,91,11.5,5.6,207,2.542346798541462,4.989636535454859
2016-08-12 09:00:00,25.8,93,9.9,7.0,215,4.015035054457323,5.7340643100229425
2016-08-12 10:00:00,26.1,93,8.0,9.2,222,6.156001578501495,6.836932394392027
2016-08-12 11:00:00,26.0,94,6.7,13.2,227,9.65386886137305,9.00237835282498
2016-08-12 12:00:00,26.2,94,4.0,14.3,219,8.999281592012677,11.113187248834684
2016-08-12 13:00:00,26.8,92,2.9,13.6,212,7.206901993571586,11.533454107727392
2016-08-12 14:00:00,27.2,91,2.7,14.0,209,6.787334683448719,12.24467589995154
2016-08-12 15:00:00,25.8,93,4.3,14.5,210,7.250000000000002,12.55736835487436
2016-08-12 16:00:00,25.8,93,3.1,13.7,210,6.850000000000001,11.864548031846809
2016-08-12 17:00:00,25.5,94,3.0,12.6,207,5.72028029671829,11.226682204773434
2016-08-12 18:00:00,25.4,94,2.4,8.8,189,1.3766232923540322,8.691657397237213
2016-08-12 19:00:00,25.3,94,1.7000000000000002,8.3,185,0.7233926648055626,8.268415994161488
2016-08-12 20:00:00,25.1,94,1.1,9.1,189,1.4235536318661013,8.987963899415753
2016-08-12 21:00:00,24.8,95,0.5,9.7,182,0.33852511801426044,9.694091022085228
2016-08-12 22:00:00,24.7,95,0.2,9.1,189,1.4235536318661013,8.987963899415753
2016-08-12 23:00:00,25.2,90,0.1,8.8,192,1.8296228791962834,8.60769888645749
2016-08-13 00:00:00,25.4,88,0.2,8.6,178,-0.30013567164150823,8.594761112364223
2016-08-13 01:00:00,24.6,92,0.2,8.8,168,-1.8296228791962823,8.607698886457491
2016-08-13 02:00:00,24.4,94,0.3,8.8,168,-1.8296228791962823,8.607698886457491
2016-08-13 03:00:00,24.5,93,0.7000000000000001,9.4,173,-1.1455718280083853,9.329933825428428
2016-08-13 04:00:00,24.5,93,0.8,6.9,174,-0.7212463965468096,6.862201078041086
2016-08-13 05:00:00,24.5,92,0.7000000000000001,5.1,188,0.7097828148963339,5.050367150582009
2016-08-13 06:00:00,24.4,93,0.8,4.0,117,-3.564026096753471,1.8159619989581874
2016-08-13 07:00:00,24.8,92,1.3,2.2,99,-2.172914349309303,0.3441558230885082
2016-08-13 08:00:00,25.4,89,1.1,0.5,135,-0.35355339059327373,0.3535533905932738
2016-08-13 09:00:00,25.7,89,2.3,0.7000000000000001,90,-0.7000000000000001,8.572527594031473e-17
2016-08-13 10:00:00,26.0,87,0.9,2.7,23,-1.0549740469210394,-2.4853631043215887
2016-08-13 11:00:00,26.2,87,0.6,1.5,315,1.0606601717798214,-1.0606601717798212
2016-08-13 12:00:00,26.7,85,0.7000000000000001,1.3,236,1.0777488443215542,0.726950774511971
2016-08-13 13:00:00,27.4,83,0.8,4.8,222,3.2118269105225195,3.5670951622914924
2016-08-13 14:00:00,27.2,85,0.5,6.4,207,2.9055391983331,5.702441754805554
2016-08-13 15:00:00,26.7,87,1.2,4.1,195,1.061158084920335,3.96029588778518
2016-08-13 16:00:00,26.5,89,0.5,2.2,171,-0.34415582308850784,2.1729143493093033
2016-08-13 17:00:00,26.6,90,0.5,1.1,162,-0.3399186938124421,1.046162167924669
2016-08-13 18:00:00,26.1,92,0.6,2.7,293,2.485363104321589,-1.0549740469210394
2016-08-13 19:00:00,25.6,93,1.2,4.0,355,0.34862297099063255,-3.984778792366982
2016-08-13 20:00:00,25.1,95,1.6,3.0,256,2.9108871788279895,0.7257656867990032
2016-08-13 21:00:00,25.0,94,2.3,3.1,249,2.8940993221413254,1.1109406435904308
2016-08-13 22:00:00,25.0,94,1.5,3.1,291,2.8940993221413254,-1.1109406435904308
2016-08-13 23:00:00,24.8,95,1.3,3.2,297,2.8512208774027776,-1.4527695991665497
2016-08-14 00:00:00,24.8,95,0.9,4.7,360,2.8779199779962803e-16,-4.7
2016-08-14 01:00:00,24.4,96,0.9,4.3,355,0.37476969381492997,-4.283637201794505
2016-08-14 02:00:00,24.2,96,0.8,5.2,348,1.0811407922523493,-5.086367523815789
2016-08-14 03:00:00,24.5,96,0.5,6.1,3,-0.31924933308196024,-6.0916401620029
2016-08-14 04:00:00,24.4,97,0.4,6.8,360,4.1637991171010006e-16,-6.8
2016-08-14 05:00:00,24.4,97,0.3,7.2,357,0.3768188849491966,-7.190132650232932
2016-08-14 06:00:00,24.2,97,0.2,7.2,354,0.752604935527105,-7.160557646651568
2016-08-14 07:00:00,25.1,97,0.3,9.1,7,-1.1090110249868392,-9.03216997993603
2016-08-14 08:00:00,26.0,92,0.1,7.2,354,0.752604935527105,-7.160557646651568
2016-08-14 09:00:00,26.5,90,0.0,7.6,352,1.0577155672964975,-7.5260373224359345
2016-08-14 10:00:00,26.9,89,0.0,7.5,325,4.301823272632846,-6.143640332167439
2016-08-14 11:00:00,27.5,86,0.0,8.0,297,7.128052193506943,-3.631923997916374
2016-08-14 12:00:00,27.7,84,0.1,9.5,281,9.325458242752807,-1.8126854560771757
2016-08-14 13:00:00,27.8,83,0.2,9.4,270,9.4,0.0
2016-08-14 14:00:00,27.8,83,0.0,7.2,267,7.190132650232932,0.37681888494919563
2016-08-14 15:00:00,28.5,81,0.2,9.7,268,9.694091022085228,0.3385251180142594
2016-08-14 16:00:00,28.4,82,0.4,10.2,278,10.100734301164017,-1.4195656297926673
2016-08-14 17:00:00,27.7,87,0.6,8.7,277,8.6351515192795,-1.060263287624783
2016-08-14 18:00:00,27.2,89,1.5,4.0,333,1.8159619989581872,-3.564026096753471
2016-08-14 19:00:00,26.5,91,2.0,1.6,117,-1.4256104387013886,0.7263847995832751
2016-08-14 20:00:00,26.0,93,2.4,2.6,214,1.4539015490239418,2.1554976886431088
2016-08-14 21:00:00,25.7,95,1.6,3.4,198,1.0506577808748212,3.233592155403522
2016-08-14 22:00:00,25.9,93,0.9,4.1,225,2.899137802864845,2.8991378028648445
2016-08-14 23:00:00,25.8,93,0.6,4.6,231,3.5748714227020657,2.8948737988292517
2016-08-15 00:00:00,25.7,94,0.5,3.6,225,2.5455844122715714,2.545584412271571
2016-08-15 01:00:00,25.3,95,0.3,1.3,146,-0.7269507745119708,1.0777488443215544
2016-08-15 02:00:00,25.2,96,0.3,0.4,360,2.4492935982947065e-17,-0.4
2016-08-15 03:00:00,25.3,94,0.4,2.6,304,2.1554976886431083,-1.453901549023942
2016-08-15 04:00:00,24.9,95,0.6,4.6,315,3.2526911934581184,-3.252691193458118
2016-08-15 05:00:00,25.1,95,0.6,5.2,326,2.9078030980478835,-4.3109953772862175
2016-08-15 06:00:00,25.4,94,0.5,3.2,333,1.45276959916655,-2.851220877402777
2016-08-15 07:00:00,25.5,97,0.2,2.2,351,0.34415582308850806,-2.1729143493093033
2016-08-15 08:00:00,26.7,92,0.4,3.0,346,0.725765686799003,-2.9108871788279895
2016-08-15 09:00:00,27.3,89,0.4,4.0,333,1.8159619989581872,-3.564026096753471
2016-08-15 10:00:00,27.7,87,0.2,4.8,312,3.5670951622914924,-3.2118269105225195
2016-08-15 11:00:00,28.4,84,0.0,6.3,294,5.755336383148386,-2.5624408513775414
2016-08-15 12:00:00,28.6,83,0.0,9.1,288,8.654614298285896,-2.8120546488120213
2016-08-15 13:00:00,28.5,83,0.5,7.9,294,7.217009115376547,-3.2132194802988217
2016-08-15 14:00:00,28.3,85,0.5,7.4,299,6.472185832831529,-3.5875911898228945
2016-08-15 15:00:00,28.2,83,0.5,7.0,325,4.015035054457323,-5.7340643100229425
2016-08-15 16:00:00,27.8,85,0.5,7.6,341,2.474317973874391,-7.185941174554807
2016-08-15 17:00:00,27.4,87,0.8,6.0,335,2.5357095704441965,-5.437846722219899
2016-08-15 18:00:00,26.9,88,1.1,2.6,326,1.4539015490239418,-2.1554976886431088
2016-08-15 19:00:00,26.0,94,0.6,4.8,48,-3.5670951622914924,-3.2118269105225195
2016-08-15 20:00:00,25.5,94,0.0,6.5,71,-6.145870741395559,-2.116193003971519
2016-08-15 21:00:00,25.9,90,0.0,2.8,50,-2.1449244407331385,-1.7998053071223097
2016-08-15 22:00:00,24.5,96,0.0,4.6,231,3.5748714227020657,2.8948737988292517
2016-08-15 23:00:00,24.5,97,0.0,7.9,219,4.971631089293717,6.139453095510071
2016-08-16 00:00:00,25.3,94,0.0,8.2,209,3.975438886019964,7.171881598543044
2016-08-16 01:00:00,24.5,95,0.0,7.2,198,2.224922359499622,6.8476069173251055
2016-08-16 02:00:00,24.9,92,0.0,6.2,187,0.7555899291119145,6.153786140176196
2016-08-16 03:00:00,25.5,93,0.2,6.1,180,3.735172737399427e-16,6.1
2016-08-16 04:00:00,25.4,93,0.1,5.1,184,0.35575801609503865,5.087576656325103
2016-08-16 05:00:00,25.3,94,0.0,2.2,171,-0.34415582308850784,2.1729143493093033
2016-08-16 06:00:00,25.1,94,0.0,3.6,225,2.5455844122715714,2.545584412271571
2016-08-16 07:00:00,25.4,96,0.0,6.5,186,0.6794350112397475,6.4643923198937765
2016-08-16 08:00:00,26.1,91,0.0,8.8,192,1.8296228791962834,8.60769888645749
2016-08-16 09:00:00,27.1,87,0.0,10.0,195,2.5881904510252074,9.659258262890683
2016-08-16 10:00:00,27.5,85,0.0,10.2,203,3.985457510590592,9.389149505214892
2016-08-16 11:00:00,27.7,83,0.0,10.5,211,5.407899786555569,9.00025665737218
2016-08-16 12:00:00,28.2,82,0.2,11.8,211,6.077449283938639,10.114574148284927
2016-08-16 13:00:00,28.9,79,0.0,10.3,205,4.352968095929205,9.334970206477495
2016-08-16 14:00:00,29.0,78,0.0,8.3,198,2.564841053312064,7.893769085249775
2016-08-16 15:00:00,28.8,78,0.0,5.2,196,1.4333142502483958,4.998560818879258
2016-08-16 16:00:00,28.3,80,0.2,7.4,194,1.7902220274375409,7.180188374442374
2016-08-16 17:00:00,28.0,82,0.1,8.8,189,1.3766232923540322,8.691657397237213
2016-08-16 18:00:00,27.1,85,0.2,9.6,193,2.159530121701103,9.353952621938259
2016-08-16 19:00:00,26.5,87,0.0,9.2,169,-1.755442757464212,9.030970087718508
2016-08-16 20:00:00,26.0,90,0.0,7.3,147,-3.9758649556096977,6.122295146001594
2016-08-16 21:00:00,25.5,93,0.0,5.8,150,-2.8999999999999986,5.022947341949744
2016-08-16 22:00:00,25.4,92,0.0,7.1,165,-1.837615220227898,6.858073366652385
2016-08-16 23:00:00,25.8,88,0.0,8.7,175,-0.7582549619046266,8.666893873398186
2016-08-17 00:00:00,24.4,94,0.0,8.0,172,-1.1133848076805228,7.922144549932563
2016-08-17 01:00:00,24.2,94,0.0,7.2,162,-2.224922359499621,6.847606917325106
2016-08-17 02:00:00,24.0,94,0.0,7.1,150,-3.549999999999998,6.148780366869515
2016-08-17 03:00:00,23.6,94,0.0,6.4,142,-3.9402334420842133,5.043268823083022
2016-08-17 04:00:00,23.7,94,0.0,6.6,139,-4.329989591337347,4.981083229470296
2016-08-17 05:00:00,23.8,93,0.0,6.4,133,-4.6806636903626915,4.364789504399991
2016-08-17 06:00:00,23.4,93,0.0,6.0,123,-5.032023407672543,3.2678342100901636
2016-08-17 07:00:00,25.2,92,0.0,5.9,133,-4.314986839553106,4.023790324368742
2016-08-17 08:00:00,26.9,80,0.0,4.7,148,-2.4906205418960625,3.9858260519352027
2016-08-17 09:00:00,27.7,77,0.0,4.0,180,2.4492935982947064e-16,4.0
2016-08-17 10:00:00,28.2,77,0.0,1.5,135,-1.0606601717798212,1.0606601717798214
2016-08-17 11:00:00,28.7,76,0.0,1.8,53,-1.437543918085127,-1.0832670416736871
2016-08-17 12:00:00,28.8,77,0.0,2.5,352,0.34793275240016364,-2.475670171853926
2016-08-17 13:00:00,28.8,79,0.2,3.8,253,3.6339580726595346,1.1110124779463997
2016-08-17 14:00:00,28.6,79,0.3,6.1,230,4.6728711030257655,3.921004419087889
2016-08-17 15:00:00,28.8,79,0.1,6.1,242,5.385980316439454,2.8637765329939335
2016-08-17 16:00:00,27.8,84,0.4,3.4,212,1.8017254983928965,2.883363526931848
2016-08-17 17:00:00,27.3,86,0.2,3.9,146,-2.180852323535912,3.233246532964663
2016-08-17 18:00:00,26.7,89,0.3,3.8,131,-2.8678964048465336,2.4930243101639276
2016-08-17 19:00:00,26.1,91,0.3,7.6,135,-5.37401153701776,5.374011537017761
2016-08-17 20:00:00,25.6,94,0.2,8.3,124,-6.881011852206846,4.6413010988072
2016-08-17 21:00:00,25.3,94,0.1,7.4,129,-5.750880114781585,4.656970893768797
2016-08-17 22:00:00,25.2,95,0.0,5.9,137,-4.023790324368741,4.314986839553106
2016-08-17 23:00:00,25.2,94,0.0,5.3,118,-4.679622242152313,2.4881992827652204
2016-08-18 00:00:00,25.1,93,0.2,5.4,110,-5.074340152243905,1.846908773958612
2016-08-18 01:00:00,25.6,89,0.2,4.7,122,-3.9858260519352022,2.490620541896063
2016-08-18 02:00:00,25.2,90,0.2,5.4,138,-3.6133052743378347,4.012982057577929
2016-08-18 03:00:00,24.4,92,0.0,6.8,148,-3.6034509967857926,5.766727053863697
2016-08-18 04:00:00,24.1,92,0.0,7.2,153,-3.2687315981247362,6.415246974156249
2016-08-18 05:00:00,23.9,93,0.0,6.4,153,-2.905539198333099,5.702441754805555
2016-08-18 06:00:00,23.6,94,0.0,4.6,129,-3.5748714227020657,2.8948737988292517
2016-08-18 07:00:00,25.2,93,0.0,5.4,132,-4.012982057577928,3.613305274337835
2016-08-18 08:00:00,27.4,79,0.0,4.7,122,-3.9858260519352022,2.490620541896063
2016-08-18 09:00:00,28.2,76,0.0,3.7,119,-3.2360929164157644,1.7937955949114477
2016-08-18 10:00:00,28.5,75,0.0,5.1,129,-3.963444403430551,3.2095339943541705
2016-08-18 11:00:00,29.1,74,0.0,6.3,156,-2.5624408513775414,5.755336383148386
2016-08-18 12:00:00,29.2,75,0.0,6.5,174,-0.6794350112397481,6.4643923198937765
2016-08-18 13:00:00,28.9,77,0.6,9.7,178,-0.3385251180142592,9.694091022085228
2016-08-18 14:00:00,28.9,76,0.3,10.5,164,-2.89419223607849,10.093247807352348
2016-08-18 15:00:00,28.9,75,0.0,10.6,156,-4.3114084166034825,9.683581851011569
2016-08-18 16:00:00,29.1,74,0.0,8.5,168,-1.7672493719509543,8.314254606237348
2016-08-18 17:00:00,28.9,74,0.0,7.3,160,-2.4967470462773815,6.859756131737131
2016-08-18 18:00:00,28.2,82,0.0,3.4,162,-1.050657780874821,3.2335921554035223
2016-08-18 19:00:00,28.3,75,0.0,4.4,189,0.6883116461770161,4.3458286986186065
2016-08-18 20:00:00,26.4,85,0.0,6.6,221,4.329989591337347,4.981083229470295
2016-08-18 21:00:00,25.5,90,0.0,8.0,207,3.6319239979163744,7.128052193506942
2016-08-18 22:00:00,25.1,92,0.0,8.8,192,1.8296228791962834,8.60769888645749
2016-08-18 23:00:00,25.7,88,0.0,6.9,171,-1.0793978087775926,6.815049550106451
2016-08-19 00:00:00,26.1,85,0.0,7.3,160,-2.4967470462773815,6.859756131737131
2016-08-19 01:00:00,24.7,91,0.0,7.7,152,-3.6149310334513602,6.798696465013737
2016-08-19 02:00:00,24.2,93,0.0,7.7,139,-5.0516545232269054,5.811263767715346
2016-08-19 03:00:00,24.4,90,0.0,6.7,144,-3.9381611903595695,5.420413862312148
2016-08-19 04:00:00,24.3,89,0.0,6.4,137,-4.364789504399989,4.6806636903626915
2016-08-19 05:00:00,24.0,91,0.0,5.7,125,-4.669166652447254,3.269385687200962
2016-08-19 06:00:00,23.7,91,0.0,4.6,129,-3.5748714227020657,2.8948737988292517
2016-08-19 07:00:00,25.3,90,0.0,3.2,153,-1.4527695991665495,2.8512208774027776
2016-08-19 08:00:00,27.2,80,0.0,2.6,146,-1.4539015490239415,2.1554976886431088
2016-08-19 09:00:00,28.4,75,0.0,1.3,124,-1.0777488443215542,0.726950774511971
2016-08-19 10:00:00,29.0,74,0.0,0.8,207,0.3631923997916375,0.7128052193506943
2016-08-19 11:00:00,29.1,76,0.4,2.5,262,2.475670171853926,0.3479327524001636
2016-08-19 12:00:00,28.9,77,0.3,5.4,250,5.074340152243906,1.8469087739586112
2016-08-19 13:00:00,29.0,77,0.6,5.5,247,5.062776693988422,2.149021206691006
2016-08-19 14:00:00,29.0,78,1.0,4.0,297,3.5640260967534716,-1.815961998958187
2016-08-19 15:00:00,28.7,78,0.1,1.8,270,1.8,0.0
2016-08-19 16:00:00,28.9,77,0.0,1.9,248,1.761649323676896,0.7117525274902328
2016-08-19 17:00:00,28.8,77,0.0,2.7,247,2.485363104321589,1.0549740469210394
2016-08-19 18:00:00,28.4,79,0.0,4.0,243,3.5640260967534716,1.815961998958187
2016-08-19 19:00:00,27.3,88,0.0,7.5,197,2.192787785420526,7.172285669722766
2016-08-19 20:00:00,26.1,91,0.0,7.2,217,4.333068166694749,5.750175672340508
2016-08-19 21:00:00,25.8,91,0.0,7.6,211,3.9142893693164114,6.5144714853360535
2016-08-19 22:00:00,25.9,90,0.0,5.9,169,-1.1257730727216144,5.791600382341218
2016-08-19 23:00:00,25.5,90,0.0,6.6,151,-3.199743493625824,5.772490067120012
2016-08-20 00:00:00,24.4,93,0.0,6.0,147,-3.2678342100901627,5.032023407672543
2016-08-20 01:00:00,23.6,94,0.0,5.8,150,-2.8999999999999986,5.022947341949744
2016-08-20 02:00:00,22.8,97,0.2,5.8,158,-2.17271824181229,5.377666356487367
2016-08-20 03:00:00,22.8,94,0.0,4.8,153,-2.179154398749824,4.276831316104166
2016-08-20 04:00:00,22.7,93,0.0,4.1,142,-2.524212048835199,3.23084408978756
2016-08-20 05:00:00,22.6,92,0.3,4.1,128,-3.2308440897875594,2.5242120488351993
2016-08-20 06:00:00,22.6,92,0.0,4.0,117,-3.564026096753471,1.8159619989581874
2016-08-20 07:00:00,24.7,91,0.0,5.5,113,-5.062776693988422,2.149021206691006
2016-08-20 08:00:00,27.5,76,0.0,4.2,121,-3.6001026629488715,2.1631599146222285
2016-08-20 09:00:00,28.8,74,0.0,2.0,135,-1.414213562373095,1.4142135623730951
2016-08-20 10:00:00,29.7,73,0.0,2.3,252,2.1874299874788528,0.710739087062379
2016-08-20 11:00:00,29.9,73,0.0,6.1,270,6.1,0.0
2016-08-20 12:00:00,30.0,74,0.0,5.9,284,5.7247447850283795,-1.4273391840380396
2016-08-20 13:00:00,30.0,75,0.0,3.9,304,3.2332465329646625,-2.180852323535913
2016-08-20 14:00:00,30.1,77,0.0,5.1,278,5.050367150582009,-0.7097828148963337
2016-08-20 15:00:00,30.0,73,0.0,4.3,275,4.283637201794505,-0.3747696938149301
2016-08-20 16:00:00,29.6,73,0.3,4.3,294,3.9282454678631837,-1.7489675652259409
2016-08-20 17:00:00,29.2,75,0.0,4.3,265,4.283637201794505,0.3747696938149301
2016-08-20 18:00:00,28.6,79,0.0,6.4,254,6.1520748540052415,1.7640790772287946
2016-08-20 19:00:00,28.1,82,0.0,2.9,240,2.511473670974872,1.4499999999999997
2016-08-20 20:00:00,27.9,81,0.0,1.8,180,1.1021821192326179e-16,1.8
2016-08-20 21:00:00,26.7,89,0.0,4.7,157,-1.8364363038995868,4.326372811226469
2016-08-20 22:00:00,25.9,91,0.0,7.1,165,-1.837615220227898,6.858073366652385
2016-08-20 23:00:00,25.9,90,0.0,6.8,180,4.1637991171010006e-16,6.8
2016-08-21 00:00:00,26.4,87,0.0,6.0,197,1.7542302283364206,5.737828535778212
2016-08-21 01:00:00,26.7,86,0.0,4.1,195,1.061158084920335,3.96029588778518
2016-08-21 02:00:00,26.2,88,0.0,4.0,180,2.4492935982947064e-16,4.0
2016-08-21 03:00:00,25.6,89,0.0,3.4,162,-1.050657780874821,3.2335921554035223
2016-08-21 04:00:00,25.3,89,0.0,3.4,148,-1.8017254983928963,2.8833635269318485
2016-08-21 05:00:00,25.7,86,0.0,2.6,146,-1.4539015490239415,2.1554976886431088
2016-08-21 06:00:00,25.1,88,0.0,2.4,117,-2.138415658052083,1.0895771993749124
2016-08-21 07:00:00,25.6,92,0.0,1.8,127,-1.4375439180851273,1.0832670416736867
2016-08-21 08:00:00,27.4,82,0.0,1.0,135,-0.7071067811865475,0.7071067811865476
2016-08-21 09:00:00,28.3,78,0.0,1.9,248,1.761649323676896,0.7117525274902328
2016-08-21 10:00:00,29.0,75,0.0,4.6,288,4.3748599749577055,-1.421478174124758
2016-08-21 11:00:00,29.6,73,0.0,6.5,304,5.38874422160777,-3.634753872559855
2016-08-21 12:00:00,29.8,73,0.0,7.8,304,6.466493065929325,-4.361704647071826
2016-08-21 13:00:00,29.8,73,0.0,9.6,304,7.958760696528399,-5.36825187331917
2016-08-21 14:00:00,29.4,75,0.0,10.0,319,6.560590289905073,-7.54709580222772
2016-08-21 15:00:00,29.3,75,0.0,7.9,330,3.950000000000001,-6.841600689897065
2016-08-21 16:00:00,29.0,76,0.0,7.1,336,2.8878301658381815,-6.486172749262466
2016-08-21 17:00:00,28.7,76,0.0,6.7,344,1.8467702839738944,-6.440453362786736
2016-08-21 18:00:00,28.2,78,0.0,5.9,349,1.125773072721615,-5.791600382341218
2016-08-21 19:00:00,27.7,82,0.0,4.7,32,-2.490620541896064,-3.9858260519352022
2016-08-21 20:00:00,27.7,79,0.0,2.1,59,-1.800051331474436,-1.0815799573111138
2016-08-21 21:00:00,27.4,80,0.0,0.8,243,0.7128052193506944,0.3631923997916374
2016-08-21 22:00:00,27.3,81,0.0,2.3,252,2.1874299874788528,0.710739087062379
2016-08-21 23:00:00,27.2,81,0.0,2.6,254,2.499280409439629,0.7166571251241979
2016-08-22 00:00:00,27.0,82,0.0,2.6,236,2.1554976886431083,1.453901549023942
2016-08-22 01:00:00,26.7,83,0.0,2.3,198,0.7107390870623791,2.1874299874788528
2016-08-22 02:00:00,26.3,85,0.0,2.2,189,0.34415582308850806,2.1729143493093033
2016-08-22 03:00:00,26.2,84,0.0,1.1,72,-1.046162167924669,-0.33991869381244205
2016-08-22 04:00:00,25.5,86,0.0,1.5,76,-1.4554435894139948,-0.3628828433995013
2016-08-22 05:00:00,25.1,87,0.0,3.7,101,-3.632020578756357,0.7059932828932164
2016-08-22 06:00:00,25.1,86,0.0,3.3,96,-3.2819222547153015,0.3449439287832573
2016-08-22 07:00:00,25.9,89,0.0,3.0,76,-2.9108871788279895,-0.7257656867990026
2016-08-22 08:00:00,27.2,83,0.0,2.2,81,-2.1729143493093033,-0.3441558230885076
2016-08-22 09:00:00,28.1,81,0.0,1.9,22,-0.7117525274902333,-1.7616493236768958
2016-08-22 10:00:00,29.0,78,0.0,5.5,337,2.1490212066910055,-5.062776693988422
2016-08-22 11:00:00,29.7,76,0.0,8.7,336,3.5386087947594613,-7.947845481490627
2016-08-22 12:00:00,30.1,75,0.0,11.6,330,5.800000000000001,-10.045894683899487
2016-08-22 13:00:00,30.2,74,0.0,12.1,337,4.727846654720212,-11.138108726774528
2016-08-22 14:00:00,30.1,74,0.0,11.0,349,2.098898949141994,-10.797899017924303
2016-08-22 15:00:00,29.8,76,0.0,8.6,358,0.3001356716415093,-8.594761112364223
2016-08-22 16:00:00,29.8,75,0.0,9.1,9,-1.4235536318661024,-8.987963899415753
2016-08-22 17:00:00,29.5,76,0.0,7.1,15,-1.8376152202278964,-6.858073366652385
2016-08-22 18:00:00,29.1,78,0.0,6.8,357,0.35588450245201897,-6.790680836331102
2016-08-22 19:00:00,28.7,79,0.0,4.1,38,-2.524212048835198,-3.2308440897875603
2016-08-22 20:00:00,28.2,82,0.0,2.6,74,-2.499280409439629,-0.7166571251241974
2016-08-22 21:00:00,26.7,89,0.0,1.3,146,-0.7269507745119708,1.0777488443215544
2016-08-22 22:00:00,25.9,91,0.0,2.7,203,1.0549740469210391,2.485363104321589
2016-08-22 23:00:00,25.4,93,0.0,4.0,190,0.6945927106677217,3.939231012048832
2016-08-23 00:00:00,25.1,94,0.0,5.1,184,0.35575801609503865,5.087576656325103
2016-08-23 01:00:00,25.2,94,0.0,5.4,172,-0.7515347451843529,5.34744757120448
2016-08-23 02:00:00,25.1,94,0.0,7.3,171,-1.1419715947936848,7.210124886344506
2016-08-23 03:00:00,25.1,91,0.1,7.7,169,-1.469229264399395,7.558529312547013
2016-08-23 04:00:00,25.1,90,0.1,7.6,172,-1.0577155672964966,7.5260373224359345
2016-08-23 05:00:00,25.5,88,0.0,8.8,168,-1.8296228791962823,8.607698886457491
2016-08-23 06:00:00,26.2,83,0.0,7.2,180,4.4087284769304716e-16,7.2
2016-08-23 07:00:00,26.5,87,0.0,5.8,184,0.40458754771592637,5.78587149150698
2016-08-23 08:00:00,27.8,79,0.0,3.4,198,1.0506577808748212,3.233592155403522
2016-08-23 09:00:00,28.6,79,0.0,1.9,202,0.7117525274902327,1.761649323676896
2016-08-23 10:00:00,29.2,77,0.0,1.6,333,0.726384799583275,-1.4256104387013886
2016-08-23 11:00:00,29.8,75,0.0,4.9,343,1.4326213531414103,-4.685893304218874
2016-08-23 12:00:00,30.4,73,0.0,8.7,343,2.5436338310878095,-8.319851376878407
2016-08-23 13:00:00,30.4,73,0.0,12.3,339,4.407925779407195,-11.483039245915583
2016-08-23 14:00:00,30.1,73,0.0,14.6,350,2.535263393937184,-14.378193193978237
2016-08-23 15:00:00,29.6,75,0.0,13.7,5,-1.194033675642918,-13.647867363856914
2016-08-23 16:00:00,29.4,76,0.0,10.6,18,-3.2755801403744442,-10.081199072728626
2016-08-23 17:00:00,29.0,78,0.0,7.5,17,-2.192787785420528,-7.172285669722765
2016-08-23 18:00:00,28.6,79,0.0,6.3,13,-1.417191642366351,-6.1385314081469815
2016-08-23 19:00:00,28.0,84,0.0,5.9,38,-3.632402704421383,-4.649263446279661
2016-08-23 20:00:00,27.8,83,0.0,4.0,63,-3.5640260967534716,-1.8159619989581868
2016-08-23 21:00:00,27.9,83,0.0,1.8,53,-1.437543918085127,-1.0832670416736871
2016-08-23 22:00:00,27.6,84,0.0,0.5,45,-0.35355339059327384,-0.35355339059327373
2016-08-23 23:00:00,26.0,91,0.0,1.5,76,-1.4554435894139948,-0.3628828433995013
2016-08-24 00:00:00,25.6,93,0.0,3.3,131,-2.4905416147351476,2.1649947956686737
2016-08-24 01:00:00,25.6,93,0.0,4.8,153,-2.179154398749824,4.276831316104166
2016-08-24 02:00:00,25.3,93,0.0,6.6,167,-1.4846769586695092,6.430842427582553
2016-08-24 03:00:00,25.7,92,0.0,7.2,174,-0.7526049355271056,7.160557646651568
2016-08-24 04:00:00,25.5,93,0.0,6.8,183,0.35588450245201897,6.790680836331102
2016-08-24 05:00:00,25.6,93,0.0,7.2,183,0.3768188849491966,7.190132650232932
2016-08-24 06:00:00,26.1,90,0.0,6.2,190,1.0766187015349686,6.10580806867569
2016-08-24 07:00:00,26.6,90,0.0,4.9,163,-1.4326213531414098,4.685893304218874
2016-08-24 08:00:00,27.5,84,0.0,3.7,151,-1.793795594911447,3.236092916415765
2016-08-24 09:00:00,28.0,83,0.0,1.8,180,1.1021821192326179e-16,1.8
2016-08-24 10:00:00,28.6,80,0.0,1.8,270,1.8,0.0
2016-08-24 11:00:00,29.5,76,0.0,5.0,300,4.330127018922194,-2.4999999999999996
2016-08-24 12:00:00,30.1,74,0.0,8.9,317,6.069785404556237,-6.509047944410617
2016-08-24 13:00:00,30.4,72,0.0,10.7,340,3.659615533584656,-10.054711042409219
2016-08-24 14:00:00,30.6,72,0.0,10.1,354,1.0557374790032998,-10.04467114321956
2016-08-24 15:00:00,29.6,78,0.0,9.4,7,-1.1455718280083835,-9.329933825428428
2016-08-24 16:00:00,29.4,79,0.0,6.8,18,-2.1013155617496433,-6.467184310807044
2016-08-24 17:00:00,29.1,79,0.0,4.1,38,-2.524212048835198,-3.2308440897875603
2016-08-24 18:00:00,28.6,82,0.0,1.6,27,-0.7263847995832751,-1.4256104387013886
2016-08-24 19:00:00,28.0,85,0.0,2.0,225,1.4142135623730951,1.414213562373095
2016-08-24 20:00:00,27.3,88,0.0,4.7,203,1.8364363038995866,4.32637281122647
2016-08-24 21:00:00,26.8,90,0.0,6.3,204,2.5624408513775414,5.755336383148386
2016-08-24 22:00:00,26.6,90,0.0,8.0,198,2.4721359549995796,7.608452130361228
2016-08-24 23:00:00,26.5,91,0.0,7.8,202,2.9219314286441134,7.232034065620942
2016-08-25 00:00:00,26.1,91,0.0,7.1,204,2.8878301658381815,6.486172749262466
2016-08-25 01:00:00,25.8,92,0.0,7.6,211,3.9142893693164114,6.5144714853360535
2016-08-25 02:00:00,25.7,92,0.0,7.2,217,4.333068166694749,5.750175672340508
2016-08-25 03:00:00,26.4,89,0.0,5.9,223,4.023790324368742,4.314986839553106
2016-08-25 04:00:00,26.6,88,0.0,4.3,222,2.8772616073430903,3.195522749552795
2016-08-25 05:00:00,26.5,88,0.0,4.8,207,2.1791543987498248,4.276831316104166
2016-08-25 06:00:00,26.5,87,0.0,3.4,198,1.0506577808748212,3.233592155403522
2016-08-25 07:00:00,27.0,89,0.0,2.1,211,1.0815799573111138,1.800051331474436
2016-08-25 08:00:00,27.9,83,0.0,2.0,225,1.4142135623730951,1.414213562373095
2016-08-25 09:00:00,28.5,80,0.0,3.4,238,2.883363526931848,1.8017254983928965
2016-08-25 10:00:00,29.2,77,0.0,4.3,275,4.283637201794505,-0.3747696938149301
2016-08-25 11:00:00,29.9,74,0.0,4.9,287,4.685893304218874,-1.4326213531414103
2016-08-25 12:00:00,30.4,71,0.0,5.8,292,5.377666356487367,-2.1727182418122895
2016-08-25 13:00:00,30.5,71,0.0,7.8,292,7.232034065620942,-2.921931428644114
2016-08-25 14:00:00,30.5,72,0.0,7.3,303,6.122295146001595,-3.9758649556096977
2016-08-25 15:00:00,30.2,71,0.0,5.6,310,4.289848881466277,-3.5996106142446194
2016-08-25 16:00:00,30.0,72,0.0,3.7,331,1.7937955949114475,-3.2360929164157644
2016-08-25 17:00:00,29.6,73,0.0,2.9,360,1.7757378587636622e-16,-2.9
2016-08-25 18:00:00,29.0,76,0.0,2.9,7,-0.35342109587492676,-2.878383839759834
2016-08-25 19:00:00,28.2,81,0.0,2.4,63,-2.138415658052083,-1.089577199374912
2016-08-25 20:00:00,27.8,81,0.0,2.4,117,-2.138415658052083,1.0895771993749124
2016-08-25 21:00:00,28.1,78,0.0,1.6,207,0.726384799583275,1.4256104387013886
2016-08-25 22:00:00,27.7,80,0.0,1.3,124,-1.0777488443215542,0.726950774511971
2016-08-25 23:00:00,25.6,88,0.0,3.0,104,-2.9108871788279895,0.7257656867990032
2016-08-26 00:00:00,25.0,91,0.0,4.2,121,-3.6001026629488715,2.1631599146222285
2016-08-26 01:00:00,24.8,91,0.0,5.6,140,-3.5996106142446203,4.289848881466277
2016-08-26 02:00:00,24.4,92,0.0,6.6,151,-3.199743493625824,5.772490067120012
2016-08-26 03:00:00,25.3,90,0.0,6.6,167,-1.4846769586695092,6.430842427582553
2016-08-26 04:00:00,25.8,87,0.0,6.1,180,3.735172737399427e-16,6.1
2016-08-26 05:00:00,25.3,88,0.0,5.5,148,-2.914555953282626,4.664264528860343
2016-08-26 06:00:00,24.6,91,0.0,5.6,140,-3.5996106142446203,4.289848881466277
2016-08-26 07:00:00,26.1,90,0.0,4.7,148,-2.4906205418960625,3.9858260519352027
2016-08-26 08:00:00,27.8,79,0.0,4.0,175,-0.34862297099063294,3.984778792366982
2016-08-26 09:00:00,28.8,75,0.0,3.5,246,3.197409101749103,1.4235782507653008
2016-08-26 10:00:00,29.7,72,0.0,6.6,279,6.518743047927909,-1.0324674692655236
2016-08-26 11:00:00,30.1,72,0.0,10.0,296,8.98794046299167,-4.383711467890774
2016-08-26 12:00:00,30.3,72,0.1,11.7,304,9.699739598893986,-6.542556970607738
2016-08-26 13:00:00,30.0,73,0.1,11.5,316,7.988571260278468,-8.272407703894487
2016-08-26 14:00:00,29.6,74,0.0,10.9,326,6.09520264783114,-9.036509540849956
2016-08-26 15:00:00,30.0,72,0.0,10.4,326,5.815606196095767,-8.621990754572435
2016-08-26 16:00:00,29.7,73,0.0,10.7,327,5.82763767466079,-8.973775077016036
2016-08-26 17:00:00,29.0,77,0.0,9.4,337,3.672872607799173,-8.65274562245294
2016-08-26 18:00:00,28.2,80,0.0,7.0,12,-1.4553818357243185,-6.847033205136639
2016-08-26 19:00:00,27.4,87,0.0,7.6,355,0.6623836448822018,-7.571079705497266
2016-08-26 20:00:00,26.8,87,0.0,8.0,5,-0.697245941981266,-7.969557584733964
2016-08-26 21:00:00,26.8,85,0.0,6.6,331,3.199743493625825,-5.772490067120011
2016-08-26 22:00:00,27.0,85,0.0,4.6,309,3.5748714227020657,-2.8948737988292517
2016-08-26 23:00:00,26.9,85,0.0,1.8,307,1.437543918085127,-1.083267041673687
2016-08-27 00:00:00,26.0,88,0.0,2.3,18,-0.7107390870623793,-2.1874299874788528
2016-08-27 01:00:00,24.4,93,0.0,4.0,63,-3.5640260967534716,-1.8159619989581868
2016-08-27 02:00:00,24.1,93,0.0,4.2,70,-3.9467090073008158,-1.4364846019678084
2016-08-27 03:00:00,26.8,82,0.0,4.2,59,-3.600102662948872,-2.1631599146222276
2016-08-27 04:00:00,26.9,82,0.0,4.3,42,-2.87726160734309,-3.195522749552796
2016-08-27 05:00:00,26.6,83,0.0,5.2,12,-1.0811407922523508,-5.086367523815789
2016-08-27 06:00:00,26.2,86,0.0,5.7,35,-3.2693856872009643,-4.669166652447252
2016-08-27 07:00:00,26.3,93,0.0,4.3,48,-3.195522749552795,-2.8772616073430903
2016-08-27 08:00:00,28.1,81,0.0,4.3,42,-2.87726160734309,-3.195522749552796
2016-08-27 09:00:00,28.7,77,0.0,4.0,5,-0.348622970990633,-3.984778792366982
2016-08-27 10:00:00,29.5,74,0.0,6.0,343,1.7542302283364206,-5.737828535778212
2016-08-27 11:00:00,29.7,74,0.0,8.8,348,1.8296228791962834,-8.60769888645749
2016-08-27 12:00:00,29.5,77,0.1,11.5,358,0.4013442120787624,-11.492994510719601
2016-08-27 13:00:00,29.4,77,0.0,12.8,11,-2.442355140819771,-12.5648279481301
2016-08-27 14:00:00,29.0,80,0.1,14.0,1,-0.24433369012196898,-13.997867732189478
2016-08-27 15:00:00,29.6,77,0.0,14.8,4,-1.0323958114130587,-14.763947943845398
2016-08-27 16:00:00,28.8,80,0.2,13.0,5,-1.1330246557195571,-12.950531075192693
2016-08-27 17:00:00,28.2,82,0.0,9.2,11,-1.7554427574642102,-9.030970087718508
2016-08-27 18:00:00,27.7,83,0.0,6.1,40,-3.9210044190878905,-4.672871103025765
2016-08-27 19:00:00,27.2,85,0.0,2.9,60,-2.5114736709748717,-1.4500000000000002
2016-08-27 20:00:00,26.8,88,0.0,3.1,216,1.8221342821066668,2.5079526825623373
2016-08-27 21:00:00,26.4,90,0.0,3.7,241,3.2360929164157644,1.7937955949114472
2016-08-27 22:00:00,26.7,88,0.0,0.0,270,0.0,0.0
2016-08-27 23:00:00,27.1,85,0.0,2.0,45,-1.4142135623730954,-1.414213562373095
2016-08-28 00:00:00,26.7,87,0.0,3.4,58,-2.8833635269318485,-1.8017254983928963
2016-08-28 01:00:00,26.7,87,0.0,4.7,81,-4.6421352007971475,-0.7352419856890845
2016-08-28 02:00:00,25.7,93,0.0,5.1,98,-5.050367150582009,0.7097828148963331
2016-08-28 03:00:00,25.2,93,0.0,3.8,107,-3.633958072659535,1.111012477946399
2016-08-28 04:00:00,25.1,92,0.0,4.5,119,-3.935788682127281,2.181643291108517
2016-08-28 05:00:00,25.4,89,0.0,4.3,95,-4.283637201794505,0.3747696938149302
2016-08-28 06:00:00,25.9,86,0.0,2.9,90,-2.9,3.5514757175273243e-16
2016-08-28 07:00:00,26.7,88,0.0,3.1,111,-2.8940993221413254,1.1109406435904308
2016-08-28 08:00:00,28.0,79,0.0,4.3,132,-3.195522749552794,2.8772616073430908
2016-08-28 09:00:00,28.6,77,0.0,4.1,142,-2.524212048835199,3.23084408978756
2016-08-28 10:00:00,29.4,74,0.0,1.8,191,0.34345619167778085,1.7669289302057951
2016-08-28 11:00:00,29.9,72,0.0,4.0,297,3.5640260967534716,-1.815961998958187
2016-08-28 12:00:00,30.0,73,0.4,10.2,328,5.40517649517869,-8.650090580795544
2016-08-28 13:00:00,29.0,79,2.9,15.2,353,1.8524140197582417,-15.086701504948094
2016-08-28 14:00:00,28.5,82,8.4,16.5,10,-2.8651949315043503,-16.249327924701433
2016-08-28 15:00:00,28.6,78,0.3,16.2,21,-5.805560782633871,-15.124002909254665
2016-08-28 16:00:00,28.6,77,0.0,16.7,25,-7.057724971069676,-15.135340043512056
2016-08-28 17:00:00,28.2,78,0.0,15.9,25,-6.719630361677117,-14.410293813882737
2016-08-28 18:00:00,27.3,81,0.0,16.8,15,-4.348159957722347,-16.22755388165635
2016-08-28 19:00:00,26.6,83,0.0,17.9,10,-3.1083023802380527,-17.628058778918522
2016-08-28 20:00:00,26.1,85,0.0,17.2,11,-3.2819147204765673,-16.883987555299818
2016-08-28 21:00:00,25.7,86,0.0,15.9,6,-1.6620025659556885,-15.812898136355548
2016-08-28 22:00:00,25.5,87,0.0,15.1,12,-3.1394665313481727,-14.770028771080463
2016-08-28 23:00:00,25.2,88,0.0,11.5,20,-3.9332316482451883,-10.806465139037947
2016-08-29 00:00:00,25.6,84,0.0,9.9,10,-1.7191169589026103,-9.74959675482086
2016-08-29 01:00:00,25.8,81,0.0,9.7,360,5.939536975864663e-16,-9.7
2016-08-29 02:00:00,24.6,90,0.0,9.7,4,-0.676637795318018,-9.676371287520293
2016-08-29 03:00:00,26.1,77,0.0,8.0,10,-1.3891854213354426,-7.878462024097664
2016-08-29 04:00:00,25.1,85,0.0,10.4,20,-3.557009490586953,-9.772803256173448
2016-08-29 05:00:00,24.8,88,0.0,12.8,32,-6.782966582185025,-10.855015630802253
2016-08-29 06:00:00,24.5,89,0.0,11.9,55,-9.747909327039002,-6.8255595925774495
2016-08-29 07:00:00,25.8,85,0.0,11.1,36,-6.524416300446453,-8.980088637561915
2016-08-29 08:00:00,27.1,76,0.0,13.0,24,-5.287576359985401,-11.876090949353813
2016-08-29 09:00:00,27.9,72,0.0,13.4,20,-4.5830699205639585,-12.591881118531173
2016-08-29 10:00:00,28.2,70,0.0,13.7,14,-3.3143299697154487,-13.293051449981151
2016-08-29 11:00:00,28.6,69,0.0,14.3,10,-2.483168940637104,-14.082750868074575
2016-08-29 12:00:00,28.4,72,0.0,16.0,8,-2.2267696153610532,-15.844289099865124
2016-08-29 13:00:00,28.5,72,0.0,15.7,11,-2.9957012274117503,-15.411546780128324
2016-08-29 14:00:00,28.5,73,0.0,15.3,15,-3.959931390068566,-14.778665142222746
2016-08-29 15:00:00,28.6,68,0.0,12.9,23,-5.040431557511632,-11.87451260953648
2016-08-29 16:00:00,28.1,70,0.0,11.6,30,-5.800000000000005,-10.045894683899485
2016-08-29 17:00:00,27.5,73,0.0,11.8,23,-4.6106273161734315,-10.861957270738795
2016-08-29 18:00:00,26.7,77,0.0,12.7,25,-5.3672519241068795,-11.510108895365455
2016-08-29 19:00:00,25.8,79,0.0,13.2,22,-4.944807033090042,-12.238826880281591
2016-08-29 20:00:00,25.0,83,0.0,12.6,20,-4.3094538059034235,-11.840127021902445
2016-08-29 21:00:00,24.7,85,0.0,12.3,15,-3.1834742547610038,-11.88088766335554
2016-08-29 22:00:00,24.9,81,0.0,9.6,13,-2.1595301217011063,-9.353952621938257
2016-08-29 23:00:00,25.0,81,0.0,4.3,24,-1.7489675652259404,-3.928245467863184
2016-08-30 00:00:00,25.0,81,0.0,0.8,207,0.3631923997916375,0.7128052193506943
2016-08-30 01:00:00,24.3,84,0.0,2.5,172,-0.3479327524001634,2.475670171853926
2016-08-30 02:00:00,24.0,86,0.0,4.3,156,-1.748967565225941,3.9282454678631837
2016-08-30 03:00:00,23.8,89,0.0,6.3,156,-2.5624408513775414,5.755336383148386
2016-08-30 04:00:00,24.4,87,0.0,5.9,166,-1.42733918403804,5.7247447850283795
2016-08-30 05:00:00,25.1,82,0.0,2.9,187,0.3534210958749277,2.8783838397598336
2016-08-30 06:00:00,25.1,83,0.0,2.9,210,1.4500000000000002,2.5114736709748717
2016-08-30 07:00:00,24.7,89,0.0,3.7,209,1.7937955949114475,3.2360929164157644
2016-08-30 08:00:00,25.4,85,0.1,2.3,219,1.447436899414626,1.7874357113510329
2016-08-30 09:00:00,25.7,84,0.2,1.6,243,1.4256104387013888,0.7263847995832748
2016-08-30 10:00:00,25.9,83,0.2,2.6,304,2.1554976886431083,-1.453901549023942
2016-08-30 11:00:00,26.3,81,0.2,5.4,340,1.8469087739586119,-5.074340152243905
2016-08-30 12:00:00,26.8,80,0.0,6.5,354,0.6794350112397475,-6.4643923198937765
2016-08-30 13:00:00,27.7,79,0.0,6.2,350,1.0766187015349686,-6.10580806867569
2016-08-30 14:00:00,27.9,79,0.0,6.8,342,2.1013155617496424,-6.467184310807044
2016-08-30 15:00:00,28.6,70,0.0,8.9,333,4.040515447681967,-7.929958065276474
2016-08-30 16:00:00,27.7,73,0.0,7.6,341,2.474317973874391,-7.185941174554807
2016-08-30 17:00:00,27.3,74,0.0,6.1,360,3.735172737399427e-16,-6.1
2016-08-30 18:00:00,26.8,79,0.0,3.7,331,1.7937955949114475,-3.2360929164157644
2016-08-30 19:00:00,26.7,74,0.0,2.6,16,-0.7166571251241971,-2.4992804094396295
2016-08-30 20:00:00,26.5,75,0.0,2.3,162,-0.7107390870623789,2.187429987478853
2016-08-30 21:00:00,26.3,77,0.0,5.4,172,-0.7515347451843529,5.34744757120448
2016-08-30 22:00:00,25.0,86,0.0,6.2,190,1.0766187015349686,6.10580806867569
2016-08-30 23:00:00,24.1,91,0.0,7.5,215,4.301823272632846,6.143640332167439
2016-08-31 00:00:00,23.8,92,0.0,8.3,236,6.881011852206846,4.6413010988072
2016-08-31 01:00:00,23.6,92,0.0,7.7,242,6.798696465013738,3.6149310334513594
2016-08-31 02:00:00,24.6,86,0.0,5.8,266,5.78587149150698,0.40458754771592675
2016-08-31 03:00:00,25.1,82,0.0,4.0,270,4.0,0.0
2016-08-31 04:00:00,25.0,82,0.0,3.7,259,3.632020578756357,0.7059932828932158
2016-08-31 05:00:00,25.0,81,0.0,3.3,257,3.2154212137912763,0.7423384793347545
2016-08-31 06:00:00,25.0,81,0.0,1.5,225,1.0606601717798214,1.0606601717798212
2016-08-31 07:00:00,24.6,91,0.0,0.0,270,0.0,0.0
2016-08-31 08:00:00,25.9,80,0.0,1.5,76,-1.4554435894139948,-0.3628828433995013
2016-08-31 09:00:00,26.9,75,0.0,1.1,342,0.3399186938124422,-1.0461621679246689
2016-08-31 10:00:00,27.8,71,0.0,4.2,301,3.600102662948872,-2.1631599146222276
2016-08-31 11:00:00,28.6,68,0.0,6.3,294,5.755336383148386,-2.5624408513775414
2016-08-31 12:00:00,28.9,66,0.0,7.6,275,7.571079705497266,-0.662383644882202
2016-08-31 13:00:00,29.0,65,0.0,8.7,263,8.6351515192795,1.060263287624783
2016-08-31 14:00:00,29.2,64,0.0,8.4,250,7.8934180146016315,2.872969203935617
2016-08-31 15:00:00,28.9,64,0.0,7.9,240,6.841600689897066,3.9499999999999997
2016-08-31 16:00:00,28.5,65,0.0,7.4,227,5.412017391981862,5.046787864462489
2016-08-31 17:00:00,28.0,67,0.0,7.0,215,4.015035054457323,5.7340643100229425
2016-08-31 18:00:00,27.2,73,0.0,7.0,192,1.4553818357243162,6.847033205136639
2016-08-31 19:00:00,25.5,82,0.0,6.5,177,-0.34018371557913496,6.49109197590473
2016-08-31 20:00:00,24.3,85,0.0,7.7,169,-1.469229264399395,7.558529312547013
2016-08-31 21:00:00,23.5,87,0.0,8.2,165,-2.122316169840671,7.92059177557036
2016-08-31 22:00:00,22.9,88,0.0,8.7,156,-3.538608794759462,7.947845481490627
2016-08-31 23:00:00,22.4,88,0.0,8.9,153,-4.040515447681965,7.929958065276475
2016-09-01 00:00:00,22.0,89,0.0,9.4,157,-3.6728726077991736,8.652745622452938
2016-09-01 01:00:00,21.6,90,0.0,9.5,155,-4.0148734865366436,8.609923976848176
2016-09-01 02:00:00,21.4,90,0.0,8.5,152,-3.990508283680073,7.505054539300878
2016-09-01 03:00:00,21.8,88,0.0,8.0,153,-3.6319239979163735,7.128052193506943
2016-09-01 04:00:00,21.7,88,0.0,7.7,152,-3.6149310334513602,6.798696465013737
2016-09-01 05:00:00,21.3,88,0.0,8.7,156,-3.538608794759462,7.947845481490627
2016-09-01 06:00:00,21.0,89,0.0,8.9,159,-3.1894747509531727,8.308865795825096
2016-09-01 07:00:00,23.1,87,0.0,8.9,159,-3.1894747509531727,8.308865795825096
2016-09-01 08:00:00,26.7,67,0.0,9.1,173,-1.109011024986841,9.03216997993603
2016-09-01 09:00:00,27.7,65,0.0,10.8,184,0.7533699164365526,10.773691742806102
2016-09-01 10:00:00,28.5,66,0.0,10.9,189,1.705135668938517,10.765802912487002
2016-09-01 11:00:00,29.1,66,0.0,12.2,194,2.9514471263159456,11.837607860567156
2016-09-01 12:00:00,29.4,66,0.0,12.2,194,2.9514471263159456,11.837607860567156
2016-09-01 13:00:00,29.5,66,0.0,12.0,196,3.30764826980399,11.535140351259827
2016-09-01 14:00:00,29.9,65,0.0,13.0,199,4.232386007943038,12.291741482791117
2016-09-01 15:00:00,30.3,63,0.0,13.4,194,3.241753401035547,13.001962732098352
2016-09-01 16:00:00,30.0,65,0.0,14.8,203,5.782820701641251,13.623471831096118
2016-09-01 17:00:00,29.4,69,0.0,17.1,210,8.550000000000002,14.809034404713902
2016-09-01 18:00:00,27.9,76,0.1,13.7,215,7.857997178009332,11.222383006759188
2016-09-01 19:00:00,26.8,82,0.2,13.9,197,4.063966695646041,13.292636107886192
2016-09-01 20:00:00,25.9,86,0.0,12.2,180,7.470345474798854e-16,12.2
2016-09-01 21:00:00,25.6,87,0.1,13.1,189,2.049291492027025,12.938717261796304
2016-09-01 22:00:00,25.1,89,0.5,15.6,188,2.171100374977021,15.448181872368497
2016-09-01 23:00:00,24.8,89,0.5,15.9,184,1.1091279325315913,15.861268399131205
2016-09-02 00:00:00,24.5,88,0.2,17.5,194,4.2336331729941845,16.980175209829937
2016-09-02 01:00:00,24.2,88,0.1,13.7,175,-1.1940336756429177,13.647867363856914
2016-09-02 02:00:00,24.2,88,0.0,13.6,191,2.5950023371210107,13.35012969488823
2016-09-02 03:00:00,23.6,88,0.0,13.8,200,4.71987797789423,12.967758166845535
2016-09-02 04:00:00,23.8,87,0.0,14.4,193,3.239295182551655,14.030928932907388
2016-09-02 05:00:00,23.5,86,0.0,13.0,186,1.358870022479495,12.928784639787553
2016-09-02 06:00:00,23.5,86,0.2,11.9,182,0.41530401075976286,11.89275084152724
2016-09-02 07:00:00,25.0,84,0.3,13.1,196,3.610849361202689,12.592528216791978
2016-09-02 08:00:00,26.3,79,0.3,14.0,192,2.9107636714486325,13.694066410273278
2016-09-02 09:00:00,26.9,79,1.0,13.1,188,1.8231676225768576,12.972511700514572
2016-09-02 10:00:00,26.9,80,0.5,11.0,191,2.098898949141994,10.797899017924303
2016-09-02 11:00:00,26.6,83,0.8,13.2,197,3.859306502340125,12.623222778712067
2016-09-02 12:00:00,26.5,86,1.4,12.5,192,2.598896135221993,12.22684500917257
2016-09-02 13:00:00,27.0,84,2.6,11.7,191,2.2324652459055754,11.485038046337667
2016-09-02 14:00:00,27.1,83,1.6,13.0,194,3.14498464279568,12.613844441587954
2016-09-02 15:00:00,26.3,89,1.5,13.3,193,2.991849022773404,12.959121861643629
2016-09-02 16:00:00,25.8,93,1.0,13.2,191,2.518678738970393,12.957478821509163
2016-09-02 17:00:00,25.7,93,1.6,11.9,178,-0.41530401075976137,11.89275084152724
2016-09-02 18:00:00,25.5,93,1.4,7.8,158,-2.9219314286441143,7.232034065620942
2016-09-02 19:00:00,25.3,92,1.2,8.3,185,0.7233926648055626,8.268415994161488
2016-09-02 20:00:00,25.1,93,1.4,7.7,191,1.4692292643993958,7.558529312547013
2016-09-02 21:00:00,24.9,93,1.0,5.8,173,-0.7068421917498547,5.756767679519668
2016-09-02 22:00:00,24.7,93,0.1,7.1,156,-2.8878301658381815,6.486172749262466
2016-09-02 23:00:00,25.0,90,0.0,10.2,188,1.4195656297926678,10.100734301164017
2016-09-03 00:00:00,24.4,93,0.2,9.7,202,3.633683956134346,8.993683389297837
2016-09-03 01:00:00,24.3,93,0.4,9.6,200,3.2833933759264204,9.02104915954472
2016-09-03 02:00:00,24.2,92,0.4,9.6,193,2.159530121701103,9.353952621938259
2016-09-03 03:00:00,24.9,88,2.0,8.4,170,-1.4586446924022145,8.272385125302547
2016-09-03 04:00:00,24.9,87,2.4,6.9,137,-4.705788684431239,5.0463405411722775
2016-09-03 05:00:00,24.8,87,3.0,7.0,145,-4.015035054457323,5.734064310022942
2016-09-03 06:00:00,24.1,92,2.9,3.6,143,-2.1665340833473743,2.8750878361702537
2016-09-03 07:00:00,24.7,90,3.3,4.0,190,0.6945927106677217,3.939231012048832
2016-09-03 08:00:00,25.3,88,1.6,6.0,205,2.5357095704441965,5.437846722219899
2016-09-03 09:00:00,25.9,88,0.6,4.4,215,2.5237363199446032,3.604268994871564
2016-09-03 10:00:00,26.7,86,0.4,5.5,212,2.914555953282627,4.664264528860342
2016-09-03 11:00:00,27.4,85,0.2,5.1,225,3.6062445840513924,3.606244584051392
2016-09-03 12:00:00,27.6,86,0.4,5.4,228,4.012982057577929,3.6133052743378347
2016-09-03 13:00:00,27.8,84,0.7000000000000001,5.1,225,3.6062445840513924,3.606244584051392
2016-09-03 14:00:00,27.5,86,2.2,2.5,225,1.7677669529663689,1.7677669529663687
2016-09-03 15:00:00,26.7,88,1.5,2.9,270,2.9,0.0
2016-09-03 16:00:00,26.8,88,1.5,4.1,308,3.2308440897875594,-2.524212048835199
2016-09-03 17:00:00,26.1,93,1.8,3.1,291,2.8940993221413254,-1.1109406435904308
2016-09-03 18:00:00,25.7,95,2.1,4.0,265,3.984778792366982,0.34862297099063266
2016-09-03 19:00:00,25.3,94,1.4,2.9,210,1.4500000000000002,2.5114736709748717
2016-09-03 20:00:00,24.9,96,1.3,4.5,209,2.181643291108517,3.935788682127281
2016-09-03 21:00:00,24.7,96,1.1,5.4,217,3.2498011250210617,4.312631754255381
2016-09-03 22:00:00,24.5,97,0.2,5.6,220,3.5996106142446203,4.289848881466277
2016-09-03 23:00:00,24.7,96,0.0,5.3,208,2.4881992827652213,4.679622242152313
2016-09-04 00:00:00,24.4,97,0.0,4.6,219,2.894873798829252,3.5748714227020657
2016-09-04 01:00:00,24.2,97,0.0,4.9,216,2.8801477362331185,3.9641832724372428
2016-09-04 02:00:00,24.3,96,0.0,3.1,216,1.8221342821066668,2.5079526825623373
2016-09-04 03:00:00,24.7,95,0.3,1.3,214,0.7269507745119709,1.0777488443215544
2016-09-04 04:00:00,25.2,92,0.2,2.0,135,-1.414213562373095,1.4142135623730951
2016-09-04 05:00:00,25.2,91,0.0,2.1,211,1.0815799573111138,1.800051331474436
2016-09-04 06:00:00,25.3,91,0.0,0.7000000000000001,180,4.2862637970157366e-17,0.7000000000000001
2016-09-04 07:00:00,25.4,93,0.0,1.8,360,1.1021821192326179e-16,-1.8
2016-09-04 08:00:00,26.0,90,0.0,3.0,14,-0.7257656867990033,-2.9108871788279895
2016-09-04 09:00:00,27.2,85,0.0,5.2,348,1.0811407922523493,-5.086367523815789
2016-09-04 10:00:00,28.3,80,0.0,8.9,346,2.1531048708370424,-8.635631963856369
2016-09-04 11:00:00,29.2,76,0.0,11.3,338,4.233054505599806,-10.4771775566047
2016-09-04 12:00:00,29.3,77,0.0,10.5,338,3.9333692308670756,-9.735430472951268
2016-09-04 13:00:00,28.9,79,0.1,8.3,2,-0.28966582263075635,-8.294943864258496
2016-09-04 14:00:00,28.6,82,0.1,6.2,10,-1.0766187015349682,-6.10580806867569
2016-09-04 15:00:00,28.7,83,0.0,6.3,24,-2.5624408513775405,-5.755336383148386
2016-09-04 16:00:00,28.8,82,0.1,7.3,33,-3.9758649556096968,-6.122295146001595
2016-09-04 17:00:00,28.4,83,0.0,5.9,43,-4.023790324368742,-4.314986839553106
2016-09-04 18:00:00,27.9,85,0.0,8.3,355,0.7233926648055626,-8.268415994161488
2016-09-04 19:00:00,26.9,92,0.0,3.7,29,-1.7937955949114464,-3.2360929164157652
2016-09-04 20:00:00,26.1,92,0.8,2.3,219,1.447436899414626,1.7874357113510329
2016-09-04 21:00:00,25.7,94,0.3,3.9,202,1.4609657143220567,3.616017032810471
2016-09-04 22:00:00,25.4,95,0.2,6.2,187,0.7555899291119145,6.153786140176196
2016-09-04 23:00:00,25.2,96,0.3,8.8,189,1.3766232923540322,8.691657397237213
2016-09-05 00:00:00,25.1,96,0.4,9.9,190,1.7191169589026112,9.74959675482086
2016-09-05 01:00:00,25.0,96,0.5,9.5,189,1.4861274178821937,9.38303923565381
2016-09-05 02:00:00,25.0,96,0.8,9.6,193,2.159530121701103,9.353952621938259
2016-09-05 03:00:00,25.0,96,1.1,9.5,205,4.014873486536644,8.609923976848174
2016-09-05 04:00:00,24.9,96,0.8,8.1,201,2.902780391316933,7.5620014546273335
2016-09-05 05:00:00,24.8,97,1.2,7.7,191,1.4692292643993958,7.558529312547013
2016-09-05 06:00:00,24.7,96,2.3,5.9,169,-1.1257730727216144,5.791600382341218
2016-09-05 07:00:00,25.3,95,1.8,7.0,159,-2.5085756468171017,6.535062985480412
2016-09-05 08:00:00,26.0,92,1.4,6.3,156,-2.5624408513775414,5.755336383148386
2016-09-05 09:00:00,26.2,93,0.6,4.8,167,-1.079765060850552,4.676976310969129
2016-09-05 10:00:00,26.9,92,0.1,5.5,203,2.1490212066910055,5.062776693988422
2016-09-05 11:00:00,27.3,92,0.1,4.3,228,3.195522749552795,2.8772616073430903
2016-09-05 12:00:00,27.5,92,0.1,1.8,259,1.7669289302057951,0.34345619167778063
2016-09-05 13:00:00,28.0,89,0.3,2.3,321,1.447436899414626,-1.7874357113510329
2016-09-05 14:00:00,27.3,91,1.2,2.5,315,1.7677669529663689,-1.7677669529663687
2016-09-05 15:00:00,27.9,90,1.7000000000000002,5.5,293,5.062776693988422,-2.149021206691006
2016-09-05 16:00:00,27.1,91,2.9,2.5,278,2.475670171853926,-0.3479327524001636
2016-09-05 17:00:00,26.1,91,2.9,4.0,153,-1.8159619989581868,3.5640260967534716
2016-09-05 18:00:00,25.5,94,0.2,10.1,182,0.3524849166952609,10.093847352892867
2016-09-05 19:00:00,25.3,93,0.0,9.0,178,-0.3140954703225086,8.994517443171862
2016-09-05 20:00:00,25.0,94,0.0,7.4,194,1.7902220274375409,7.180188374442374
2016-09-05 21:00:00,25.0,94,0.0,7.9,210,3.950000000000001,6.841600689897065
2016-09-05 22:00:00,25.0,94,0.4,10.6,208,4.976398565530443,9.359244484304625
2016-09-05 23:00:00,24.8,94,1.0,10.2,212,5.40517649517869,8.650090580795544
2016-09-06 00:00:00,24.8,94,0.2,8.0,198,2.4721359549995796,7.608452130361228
2016-09-06 01:00:00,24.7,94,0.0,7.9,177,-0.41345405431925636,7.889173324561134
2016-09-06 02:00:00,24.5,94,0.0,8.4,170,-1.4586446924022145,8.272385125302547
2016-09-06 03:00:00,25.1,90,0.0,8.8,161,-2.864999759222979,8.320563465273988
2016-09-06 04:00:00,25.9,84,0.0,7.1,150,-3.549999999999998,6.148780366869515
2016-09-06 05:00:00,26.1,82,0.0,3.7,151,-1.793795594911447,3.236092916415765
2016-09-06 06:00:00,26.3,80,0.0,4.8,193,1.0797650608505516,4.676976310969129
2016-09-06 07:00:00,26.0,83,0.0,5.9,169,-1.1257730727216144,5.791600382341218
2016-09-06 08:00:00,26.3,86,0.0,6.6,193,1.4846769586695083,6.430842427582553
2016-09-06 09:00:00,26.6,84,0.0,8.6,195,2.2258437878816784,8.306962106085987
2016-09-06 10:00:00,26.7,84,0.2,8.7,197,2.5436338310878095,8.319851376878407
2016-09-06 11:00:00,27.0,85,0.3,10.2,198,3.151973342624464,9.700776466210565
2016-09-06 12:00:00,27.6,83,0.4,12.0,187,1.4624321208617699,11.910553819695863
2016-09-06 13:00:00,28.4,80,0.5,14.4,193,3.239295182551655,14.030928932907388
2016-09-06 14:00:00,27.6,82,2.3,14.1,199,4.59051097784591,13.331811915950366
2016-09-06 15:00:00,27.9,81,0.3,16.1,204,6.548459953520384,14.708081868045875
2016-09-06 16:00:00,27.3,84,0.0,15.3,199,4.981192763194499,14.466434206669547
2016-09-06 17:00:00,26.9,85,0.3,14.2,196,3.914050452601388,13.649916082324127
2016-09-06 18:00:00,26.0,87,0.7000000000000001,13.2,209,6.39948698725165,11.544980134240022
2016-09-06 19:00:00,25.4,89,1.1,14.0,192,2.9107636714486325,13.694066410273278
2016-09-06 20:00:00,25.1,89,1.1,14.5,187,1.7671054793746386,14.391919198799169
2016-09-06 21:00:00,24.9,88,0.6,15.7,189,2.4560211011316255,15.506706947343663
2016-09-06 22:00:00,24.7,88,0.5,17.2,190,2.986748655871203,16.938693351809977
2016-09-06 23:00:00,24.5,88,0.2,17.4,186,1.81879526085717,17.304680979407955
2016-09-07 00:00:00,24.5,88,0.0,15.2,184,1.0602984009107035,15.162973563949327
2016-09-07 01:00:00,24.5,88,0.2,13.7,178,-0.47812310482426307,13.691654330161612
2016-09-07 02:00:00,24.6,87,0.2,13.3,177,-0.6960682180311532,13.281772812235833
2016-09-07 03:00:00,24.2,89,1.5,13.1,172,-1.823167622576856,12.972511700514572
2016-09-07 04:00:00,24.2,88,0.9,12.5,168,-2.5988961352219917,12.226845009172571
2016-09-07 05:00:00,24.1,88,1.1,13.5,171,-2.111865278043116,13.33379259803436
2016-09-07 06:00:00,23.9,88,1.2,12.7,173,-1.5477406612453715,12.60533612584479
2016-09-07 07:00:00,24.0,88,0.9,14.4,181,0.2513146526968838,14.397806810252035
2016-09-07 08:00:00,24.6,86,2.2,17.6,191,3.358238318627191,17.276638428678886
2016-09-07 09:00:00,24.9,87,2.1,18.9,193,4.251574927099047,18.415594224440945
2016-09-07 10:00:00,25.4,87,2.4,17.7,192,3.680036927474342,17.31321253298836
2016-09-07 11:00:00,26.4,85,3.0,18.3,190,3.177761651304827,18.02198188012341
2016-09-07 12:00:00,26.7,84,2.0,18.9,188,2.630371608145237,18.716066499215678
2016-09-07 13:00:00,26.5,85,1.8,17.5,188,2.4355292668011455,17.329691202977482
2016-09-07 14:00:00,26.8,85,2.0,16.6,193,3.734187502108158,16.174543075434908
2016-09-07 15:00:00,26.6,85,2.3,15.6,187,1.9011617571203008,15.483719965604623
2016-09-07 16:00:00,26.4,83,2.0,16.2,192,3.368169391247703,15.845991131887649
2016-09-07 17:00:00,25.8,87,2.2,17.1,195,4.425805671253105,16.51733162954307
2016-09-07 18:00:00,25.1,88,2.0,14.6,189,2.2839431895873714,14.420249772689012
2016-09-07 19:00:00,24.8,88,2.2,15.9,177,-0.8321417042628071,15.878209602597725
2016-09-07 20:00:00,24.4,88,1.6,15.5,176,-1.0812253430339427,15.462242779027275
2016-09-07 21:00:00,24.1,88,1.8,16.7,174,-1.7456253365698142,16.608515652650162
2016-09-07 22:00:00,23.9,88,2.6,17.2,169,-3.2819147204765704,16.883987555299818
2016-09-07 23:00:00,23.8,88,3.1,13.8,160,-4.719877977894228,12.967758166845536
2016-09-08 00:00:00,23.7,88,3.2,12.3,159,-4.4079257794071935,11.483039245915583
2016-09-08 01:00:00,23.5,88,3.1,10.4,166,-2.515987714236545,10.091075553270363
2016-09-08 02:00:00,23.4,88,2.5,11.2,184,0.7812725059342026,11.17271736291003
2016-09-08 03:00:00,24.0,83,0.2,12.8,190,2.2226966741367096,12.605539238556263
2016-09-08 04:00:00,23.7,85,0.2,13.0,182,0.453693457132514,12.992080751248245
2016-09-08 05:00:00,23.8,83,0.3,12.3,177,-0.6437322617882093,12.283143277481258
2016-09-08 06:00:00,23.6,84,0.4,11.7,191,2.2324652459055754,11.485038046337667
2016-09-08 07:00:00,24.3,83,0.4,9.4,180,5.755839955992561e-16,9.4
2016-09-08 08:00:00,25.9,80,0.4,10.4,182,0.36295476570601126,10.393664600998596
2016-09-08 09:00:00,27.0,75,0.6,12.1,197,3.5376976271451146,11.571287547152728
2016-09-08 10:00:00,27.2,77,1.2,13.7,198,4.2335328229367795,13.029474273243602
2016-09-08 11:00:00,27.1,80,1.2,14.5,199,4.720738239628773,13.710019346190093
2016-09-08 12:00:00,27.1,84,1.6,16.8,211,8.65263965848891,14.400410651795488
2016-09-08 13:00:00,27.6,82,1.4,19.4,220,12.470079627918862,14.861262196508171
2016-09-08 14:00:00,27.3,85,2.0,16.4,220,10.541716798859245,12.563128867151239
2016-09-08 15:00:00,26.8,86,0.6,13.0,214,7.269507745119708,10.777488443215542
2016-09-08 16:00:00,27.0,85,0.2,13.9,211,7.159029241249753,11.914625479759362
2016-09-08 17:00:00,26.6,86,0.2,15.6,209,7.563030075842859,13.644067431374573
2016-09-08 18:00:00,26.1,87,0.0,11.7,189,1.8302832409707017,11.555953584963111
2016-09-08 19:00:00,25.5,89,0.2,10.8,178,-0.3769145643870103,10.793420931806235
2016-09-08 20:00:00,25.1,90,0.0,11.2,174,-1.1707187885977197,11.13864522812466
2016-09-08 21:00:00,25.2,86,0.0,10.0,167,-2.2495105434386504,9.743700647852352
2016-09-08 22:00:00,25.0,84,0.0,9.0,164,-2.4807362023529915,8.65135526344487
2016-09-08 23:00:00,25.8,79,0.0,8.2,165,-2.122316169840671,7.92059177557036
2016-09-09 00:00:00,25.6,79,0.0,7.6,175,-0.6623836448822026,7.571079705497266
2016-09-09 01:00:00,25.5,79,0.0,7.9,196,2.1775351109542935,7.59396739791272
2016-09-09 02:00:00,25.6,78,0.1,9.0,209,4.363286582217034,7.871577364254562
2016-09-09 03:00:00,25.0,76,0.8,8.8,189,1.3766232923540322,8.691657397237213
2016-09-09 04:00:00,23.1,87,0.7000000000000001,11.2,184,0.7812725059342026,11.17271736291003
2016-09-09 05:00:00,23.5,83,0.7000000000000001,10.8,180,6.613092715395707e-16,10.8
2016-09-09 06:00:00,24.8,72,0.7000000000000001,8.0,190,1.3891854213354433,7.878462024097664
2016-09-09 07:00:00,24.1,82,0.7000000000000001,8.3,182,0.289665822630759,8.294943864258496
2016-09-09 08:00:00,24.8,80,0.2,8.4,170,-1.4586446924022145,8.272385125302547
2016-09-09 09:00:00,26.1,75,0.0,8.0,185,0.6972459419812651,7.969557584733964
2016-09-09 10:00:00,27.5,71,0.1,8.7,210,4.3500000000000005,7.534421012924615
2016-09-09 11:00:00,28.5,72,0.2,10.0,229,7.54709580222772,6.560590289905073
2016-09-09 12:00:00,28.8,74,0.7000000000000001,10.5,239,9.00025665737218,5.407899786555569
2016-09-09 13:00:00,28.6,77,0.5,11.0,247,10.125553387976844,4.298042413382012
2016-09-09 14:00:00,27.7,81,1.2,11.0,238,9.328529057720685,5.829111906565254
2016-09-09 15:00:00,27.2,84,2.0,8.4,230,6.4347733221994154,5.39941592136693
2016-09-09 16:00:00,26.9,85,1.8,8.8,215,5.0474726398892065,7.208537989743128
2016-09-09 17:00:00,26.6,88,1.7000000000000002,8.4,211,4.326319829244455,7.200205325897744
2016-09-09 18:00:00,26.1,90,1.0,6.6,229,4.981083229470295,4.329989591337347
2016-09-09 19:00:00,25.7,91,0.3,6.9,174,-0.7212463965468096,6.862201078041086
2016-09-09 20:00:00,25.3,92,0.0,8.1,167,-1.8221035401853067,7.892397524760405
2016-09-09 21:00:00,24.7,94,0.0,8.7,185,0.7582549619046257,8.666893873398186
2016-09-09 22:00:00,24.4,94,0.0,4.3,156,-1.748967565225941,3.9282454678631837
2016-09-09 23:00:00,23.6,96,0.2,3.7,119,-3.2360929164157644,1.7937955949114477
2016-09-10 00:00:00,23.7,94,0.2,4.4,125,-3.6042689948715645,2.5237363199446023
2016-09-10 01:00:00,24.0,92,0.1,3.3,131,-2.4905416147351476,2.1649947956686737
2016-09-10 02:00:00,23.3,95,0.0,4.2,160,-1.4364846019678086,3.9467090073008158
2016-09-10 03:00:00,24.8,87,0.0,5.5,191,1.049449474570997,5.3989495089621515
2016-09-10 04:00:00,24.5,87,0.0,6.3,211,3.244739871933341,5.400153994423308
2016-09-10 05:00:00,24.8,85,0.0,2.3,252,2.1874299874788528,0.710739087062379
2016-09-10 06:00:00,24.3,86,0.0,1.1,162,-0.3399186938124421,1.046162167924669
2016-09-10 07:00:00,24.1,94,0.4,3.6,174,-0.3763024677635528,3.580278823325784
2016-09-10 08:00:00,26.1,87,0.4,3.8,163,-1.1110124779463992,3.633958072659535
2016-09-10 09:00:00,27.0,81,0.2,3.8,197,1.1110124779463997,3.6339580726595346
2016-09-10 10:00:00,27.7,79,0.2,4.5,209,2.181643291108517,3.935788682127281
2016-09-10 11:00:00,28.1,79,0.3,6.4,223,4.36478950439999,4.6806636903626915
2016-09-10 12:00:00,28.4,77,0.5,7.3,237,6.122295146001595,3.9758649556096977
2016-09-10 13:00:00,28.5,77,0.5,8.8,258,8.607698886457491,1.8296228791962823
2016-09-10 14:00:00,28.9,75,0.2,10.2,280,10.045039080724521,-1.7712114122026892
2016-09-10 15:00:00,28.0,79,0.5,6.3,283,6.1385314081469815,-1.4171916423663495
2016-09-10 16:00:00,28.0,79,0.0,3.7,331,1.7937955949114475,-3.2360929164157644
2016-09-10 17:00:00,27.5,81,0.3,2.5,360,1.5308084989341916e-16,-2.5
2016-09-10 18:00:00,26.8,87,0.0,3.7,241,3.2360929164157644,1.7937955949114472
2016-09-10 19:00:00,25.9,91,0.0,5.4,176,-0.3766849582182768,5.386845871403051
2016-09-10 20:00:00,26.6,85,0.0,2.9,210,1.4500000000000002,2.5114736709748717
2016-09-10 21:00:00,26.5,85,0.0,2.5,135,-1.7677669529663687,1.7677669529663689
2016-09-10 22:00:00,26.2,86,0.0,3.6,127,-2.8750878361702545,2.1665340833473734
2016-09-10 23:00:00,25.8,87,0.0,4.1,135,-2.8991378028648445,2.899137802864845
2016-09-11 00:00:00,26.0,85,0.0,5.1,141,-3.20953399435417,3.963444403430552
2016-09-11 01:00:00,25.9,85,0.0,4.3,156,-1.748967565225941,3.9282454678631837
2016-09-11 02:00:00,25.8,85,0.0,3.9,146,-2.180852323535912,3.233246532964663
2016-09-11 03:00:00,24.9,84,0.0,3.8,139,-2.493024310163927,2.867896404846534
2016-09-11 04:00:00,25.5,80,0.0,2.0,135,-1.414213562373095,1.4142135623730951
2016-09-11 05:00:00,25.3,80,0.0,1.3,124,-1.0777488443215542,0.726950774511971
2016-09-11 06:00:00,24.4,83,0.0,5.7,108,-5.421022142882375,1.7613968679372007
2016-09-11 07:00:00,24.4,92,0.0,4.4,125,-3.6042689948715645,2.5237363199446023
2016-09-11 08:00:00,27.1,80,0.0,3.8,131,-2.8678964048465336,2.4930243101639276
2016-09-11 09:00:00,28.1,78,0.0,2.9,173,-0.35342109587492737,2.878383839759834
2016-09-11 10:00:00,29.0,77,0.0,3.7,241,3.2360929164157644,1.7937955949114472
2016-09-11 11:00:00,29.4,73,0.0,5.8,263,5.756767679519667,0.7068421917498553
2016-09-11 12:00:00,29.4,72,0.0,7.2,267,7.190132650232932,0.37681888494919563
2016-09-11 13:00:00,29.4,71,0.0,7.6,289,7.185941174554808,-2.474317973874391
2016-09-11 14:00:00,29.1,73,0.0,7.6,301,6.5144714853360535,-3.9142893693164114
2016-09-11 15:00:00,29.2,78,0.0,7.4,313,5.412017391981862,-5.046787864462489
2016-09-11 16:00:00,28.1,81,0.2,5.9,322,3.6324027044213842,-4.64926344627966
2016-09-11 17:00:00,27.2,84,0.3,4.0,333,1.8159619989581872,-3.564026096753471
2016-09-11 18:00:00,26.7,85,0.0,5.6,75,-5.4091846272187825,-1.4493866525741164
2016-09-11 19:00:00,25.9,91,0.0,6.0,107,-5.737828535778213,1.7542302283364197
2016-09-11 20:00:00,25.2,92,0.0,6.3,121,-5.400153994423307,3.2447398719333425
2016-09-11 21:00:00,24.6,94,0.0,5.4,127,-4.312631754255382,3.2498011250210603
2016-09-11 22:00:00,23.9,95,0.0,5.1,135,-3.606244584051392,3.6062445840513924
2016-09-11 23:00:00,23.4,96,0.0,5.6,135,-3.9597979746446654,3.9597979746446663
2016-09-12 00:00:00,23.3,94,0.0,4.3,138,-2.8772616073430903,3.195522749552795
2016-09-12 01:00:00,23.1,94,0.0,2.9,97,-2.8783838397598336,0.35342109587492787
2016-09-12 02:00:00,22.8,95,0.1,1.5,346,0.3628828433995015,-1.4554435894139948
2016-09-12 03:00:00,25.0,83,0.0,4.8,312,3.5670951622914924,-3.2118269105225195
2016-09-12 04:00:00,24.5,86,0.0,3.3,347,0.7423384793347542,-3.2154212137912763
2016-09-12 05:00:00,23.5,91,0.0,5.1,8,-0.7097828148963357,-5.050367150582008
2016-09-12 06:00:00,23.2,91,0.0,7.0,12,-1.4553818357243185,-6.847033205136639
2016-09-12 07:00:00,24.6,92,0.0,6.5,19,-2.116193003971518,-6.1458707413955596
2016-09-12 08:00:00,26.5,86,0.0,8.5,12,-1.767249371950958,-8.314254606237347
2016-09-12 09:00:00,27.8,81,0.0,10.6,10,-1.8406706832694615,-10.438962181929405
2016-09-12 10:00:00,28.7,77,0.0,12.3,7,-1.4989929238833102,-12.208317665188263
2016-09-12 11:00:00,29.5,74,0.0,15.1,359,0.26353133720298233,-15.097700196861508
2016-09-12 12:00:00,29.9,74,0.0,18.1,354,1.8919651851445278,-18.000846306165748
2016-09-12 13:00:00,29.9,74,0.0,20.9,357,1.0938214854775288,-20.871357276370592
2016-09-12 14:00:00,29.6,75,0.0,22.3,3,-1.167091824217658,-22.269438625026996
2016-09-12 15:00:00,28.9,79,0.0,21.6,11,-4.121474300133364,-21.203147162469545
2016-09-12 16:00:00,28.5,80,0.0,20.3,12,-4.2206073236005235,-19.856396294896253
2016-09-12 17:00:00,27.8,83,0.0,19.2,6,-2.0069464947389446,-19.094820391070847
2016-09-12 18:00:00,26.8,87,0.0,19.1,3,-0.9996167642402364,-19.07382411381236
2016-09-12 19:00:00,26.2,89,0.0,18.9,8,-2.6303716081452437,-18.716066499215675
2016-09-12 20:00:00,25.6,90,0.0,17.7,6,-1.8501537998374644,-17.60303754801844
2016-09-12 21:00:00,25.2,91,0.0,17.3,4,-1.2067869957733726,-17.257858069494958
2016-09-12 22:00:00,24.9,93,0.0,16.8,9,-2.6280990126758814,-16.593164121998313
2016-09-12 23:00:00,24.5,94,0.0,15.9,13,-3.576721764067458,-15.492484030085238
2016-09-13 00:00:00,24.2,94,0.0,14.2,16,-3.914050452601384,-13.649916082324129
2016-09-13 01:00:00,25.0,90,0.0,12.7,15,-3.2870018728020116,-12.267257993871167
2016-09-13 02:00:00,25.0,90,0.0,12.4,10,-2.1532374030699364,-12.21161613735138
2016-09-13 03:00:00,24.2,92,0.0,11.7,11,-2.232465245905572,-11.485038046337667
2016-09-13 04:00:00,24.3,91,0.0,12.4,17,-3.62540913856194,-11.858178973941639
2016-09-13 05:00:00,24.0,92,0.0,12.5,18,-3.8627124296868445,-11.888206453689419
2016-09-13 06:00:00,23.6,93,0.0,13.9,17,-4.063966695646045,-13.29263610788619
2016-09-13 07:00:00,25.1,90,0.0,17.9,15,-4.632860907335119,-17.290072290574322
2016-09-13 08:00:00,26.5,84,0.0,20.0,8,-2.7834620192013166,-19.805361374831406
2016-09-13 09:00:00,27.5,81,0.0,23.8,3,-1.2455957585820745,-23.76738292715886
2016-09-13 10:00:00,28.2,80,0.0,25.3,5,-2.2050402915157536,-25.203725861721164
2016-09-13 11:00:00,28.9,78,0.0,24.2,5,-2.1091689744933295,-24.107911693820242
2016-09-13 12:00:00,29.3,77,0.0,23.8,1,-0.41536727320734723,-23.796375144722113
2016-09-13 13:00:00,29.4,76,0.0,23.1,2,-0.8061783738277676,-23.085928104141114
2016-09-13 14:00:00,29.1,77,0.0,20.9,359,0.36475529453922717,-20.896816828768575
2016-09-13 15:00:00,29.5,79,0.0,19.5,356,1.3602512380104421,-19.452498980066572
2016-09-13 16:00:00,29.2,82,0.0,17.0,355,1.4816476267101883,-16.935309867559674
2016-09-13 17:00:00,28.6,86,0.0,13.4,352,1.8649195528648772,-13.269592121137043
2016-09-13 18:00:00,27.9,88,0.0,11.8,348,2.453357951649562,-11.542141688658907
2016-09-13 19:00:00,27.1,93,0.0,10.4,358,0.36295476570601126,-10.393664600998596
2016-09-13 20:00:00,26.8,92,0.0,4.1,15,-1.0611580849203346,-3.96029588778518
2016-09-13 21:00:00,26.4,94,0.1,1.5,45,-1.0606601717798214,-1.0606601717798212
2016-09-13 22:00:00,26.2,95,0.2,4.2,121,-3.6001026629488715,2.1631599146222285
2016-09-13 23:00:00,26.7,92,0.4,4.6,72,-4.374859974957706,-1.4214781741247573
2016-09-14 00:00:00,26.6,91,0.4,8.4,31,-4.326319829244458,-7.200205325897742
2016-09-14 01:00:00,25.4,95,0.2,11.1,29,-5.381386784734339,-9.708278749247295
2016-09-14 02:00:00,25.2,95,0.2,12.6,37,-7.582869291715808,-10.062807426595889
2016-09-14 03:00:00,26.5,82,0.2,13.7,18,-4.233532822936781,-13.029474273243602
2016-09-14 04:00:00,25.1,91,0.4,20.1,21,-7.203195785860545,-18.764966572593753
2016-09-14 05:00:00,25.1,89,0.5,22.1,19,-7.195056213503162,-20.895960520744904
2016-09-14 06:00:00,25.1,87,0.9,16.5,16,-4.5480163709804815,-15.860817982982264
2016-09-14 07:00:00,25.2,88,1.7000000000000002,22.2,17,-6.490651844844764,-21.229965582379382
2016-09-14 08:00:00,25.5,87,1.1,23.2,12,-4.823551226972027,-22.693024337024287
2016-09-14 09:00:00,26.0,87,1.0,25.2,10,-4.375934077206645,-24.817155375907642
2016-09-14 10:00:00,26.1,89,3.7,32.1,3,-1.6799841953985124,-32.056008065621825
2016-09-14 11:00:00,26.2,87,7.1,38.9,8,-5.413833627346561,-38.521427874047085
2016-09-14 12:00:00,26.2,86,4.3,36.9,10,-6.407617755909729,-36.339406086150476
2016-09-14 13:00:00,26.4,86,2.9,34.4,16,-9.48192504010476,-33.06740234027817
2016-09-14 14:00:00,26.6,86,3.0,33.4,16,-9.206287684287762,-32.10614064433985
2016-09-14 15:00:00,26.1,86,0.8,32.3,22,-12.099792967333967,-29.948038502507227
2016-09-14 16:00:00,25.8,85,1.0,29.0,28,-13.614675320790832,-25.60548019290888
2016-09-14 17:00:00,25.0,89,1.5,19.2,34,-10.736503746638334,-15.917521393056802
2016-09-14 18:00:00,24.6,92,1.5,5.0,201,1.791839747726502,4.667902132486009
2016-09-14 19:00:00,24.3,93,0.9,6.6,189,1.032467469265524,6.518743047927909
2016-09-14 20:00:00,24.3,92,0.7000000000000001,7.1,150,-3.549999999999998,6.148780366869515
2016-09-14 21:00:00,24.5,90,1.2,7.9,129,-6.139453095510071,4.971631089293716
2016-09-14 22:00:00,24.0,92,1.8,6.6,167,-1.4846769586695092,6.430842427582553
2016-09-14 23:00:00,23.8,94,4.2,8.6,180,5.265981236333618e-16,8.6
2016-09-15 00:00:00,23.7,95,8.0,11.3,173,-1.3771235804781654,11.21577151354694
2016-09-15 01:00:00,24.5,89,4.1,15.8,163,-4.61947293461924,15.109615144215962
2016-09-15 02:00:00,24.3,90,1.4,13.9,149,-7.159029241249755,11.914625479759362
2016-09-15 03:00:00,24.0,90,1.3,10.8,150,-5.399999999999998,9.353074360871938
2016-09-15 04:00:00,24.2,88,1.0,9.8,152,-4.600821315301731,8.652886410017484
2016-09-15 05:00:00,24.5,86,1.9,8.7,163,-2.5436338310878086,8.31985137687841
2016-09-15 06:00:00,24.1,88,1.7000000000000002,9.6,200,3.2833933759264204,9.02104915954472
2016-09-15 07:00:00,24.1,92,0.6,8.4,190,1.4586446924022156,8.272385125302547
2016-09-15 08:00:00,25.1,90,0.1,7.7,169,-1.469229264399395,7.558529312547013
2016-09-15 09:00:00,26.1,88,0.0,6.8,177,-0.35588450245201814,6.790680836331102
2016-09-15 10:00:00,27.4,82,0.0,5.7,198,1.7613968679372005,5.421022142882375
2016-09-15 11:00:00,28.6,78,0.0,5.2,205,2.197614961051637,4.7128004925905795
2016-09-15 12:00:00,29.1,77,0.1,5.2,205,2.197614961051637,4.7128004925905795
2016-09-15 13:00:00,29.5,78,0.1,5.4,200,1.8469087739586119,5.074340152243905
2016-09-15 14:00:00,29.0,80,0.4,8.1,212,4.29234604028896,6.86918957886705
2016-09-15 15:00:00,28.5,80,0.4,9.5,209,4.605691392340202,8.30888721782426
2016-09-15 16:00:00,28.4,81,0.2,10.7,213,5.82763767466079,8.973775077016036
2016-09-15 17:00:00,28.2,83,0.0,9.4,203,3.672872607799173,8.65274562245294
2016-09-15 18:00:00,27.3,90,0.0,10.8,184,0.7533699164365526,10.773691742806102
2016-09-15 19:00:00,26.9,88,0.0,8.0,153,-3.6319239979163735,7.128052193506943
2016-09-15 20:00:00,26.4,90,0.0,4.6,162,-1.4214781741247577,4.374859974957706
2016-09-15 21:00:00,25.8,91,0.2,2.3,162,-0.7107390870623789,2.187429987478853
2016-09-15 22:00:00,25.4,92,0.2,1.8,101,-1.7669289302057951,0.34345619167778096
2016-09-15 23:00:00,25.0,93,0.3,3.1,69,-2.8940993221413254,-1.1109406435904314
2016-09-16 00:00:00,24.5,95,0.2,4.9,54,-3.964183272437243,-2.880147736233118
2016-09-16 01:00:00,24.0,96,0.0,5.1,39,-3.2095339943541727,-3.96344440343055
2016-09-16 02:00:00,24.1,96,0.0,5.0,30,-2.500000000000002,-4.330127018922192
2016-09-16 03:00:00,24.4,92,0.2,4.4,55,-3.604268994871564,-2.5237363199446032
2016-09-16 04:00:00,24.3,91,0.2,5.7,72,-5.421022142882376,-1.7613968679371996
2016-09-16 05:00:00,24.1,91,0.2,5.2,74,-4.998560818879258,-1.4333142502483949
2016-09-16 06:00:00,24.3,90,0.2,5.6,50,-4.289848881466277,-3.5996106142446194
2016-09-16 07:00:00,24.5,93,0.2,6.6,45,-4.666904755831214,-4.666904755831213
2016-09-16 08:00:00,26.2,89,0.0,7.6,31,-3.914289369316414,-6.514471485336052
2016-09-16 09:00:00,27.3,82,0.0,9.2,11,-1.7554427574642102,-9.030970087718508
2016-09-16 10:00:00,28.3,78,0.0,11.2,356,0.7812725059342026,-11.17271736291003
2016-09-16 11:00:00,28.8,76,0.0,12.7,352,1.7674983821928314,-12.576404473017943
2016-09-16 12:00:00,28.7,76,0.0,14.8,347,3.329275604289201,-14.420676958821483
2016-09-16 13:00:00,28.9,75,0.0,17.1,353,2.083965772228022,-16.972539193066606
2016-09-16 14:00:00,28.8,75,0.0,16.6,356,1.157957464152479,-16.55956323431308
2016-09-16 15:00:00,28.2,77,0.0,16.2,356,1.1300548746548287,-16.16053761420915
2016-09-16 16:00:00,27.5,81,0.0,14.8,1,-0.2582956152717958,-14.79774588831459
2016-09-16 17:00:00,27.2,82,0.0,12.2,2,-0.42577385977050924,-12.192568089632967
2016-09-16 18:00:00,26.5,86,0.0,13.0,358,0.453693457132514,-12.992080751248245
2016-09-16 19:00:00,25.8,89,0.0,13.0,355,1.1330246557195558,-12.950531075192693
2016-09-16 20:00:00,25.3,93,0.0,11.2,356,0.7812725059342026,-11.17271736291003
2016-09-16 21:00:00,24.9,95,0.0,9.9,350,1.7191169589026112,-9.74959675482086
2016-09-16 22:00:00,25.0,93,0.0,10.3,335,4.352968095929205,-9.334970206477495
2016-09-16 23:00:00,25.8,90,0.0,7.4,331,3.587591189822895,-6.472185832831529
2016-09-17 00:00:00,25.6,91,0.0,5.9,313,4.314986839553106,-4.023790324368742
2016-09-17 01:00:00,24.8,94,0.0,5.7,305,4.669166652447253,-3.2693856872009626
2016-09-17 02:00:00,24.1,96,0.0,4.2,290,3.9467090073008158,-1.4364846019678086
2016-09-17 03:00:00,24.6,97,0.8,4.3,265,4.283637201794505,0.3747696938149301
2016-09-17 04:00:00,24.7,96,1.0,3.6,233,2.875087836170254,2.166534083347374
2016-09-17 05:00:00,24.7,94,1.5,4.2,211,2.1631599146222276,3.600102662948872
2016-09-17 06:00:00,24.6,94,2.5,5.4,270,5.4,0.0
2016-09-17 07:00:00,24.5,94,3.9,7.6,329,3.9142893693164114,-6.5144714853360535
2016-09-17 08:00:00,24.6,95,4.0,10.4,340,3.557009490586956,-9.772803256173447
2016-09-17 09:00:00,24.9,95,3.5,11.8,337,4.61062731617343,-10.861957270738797
2016-09-17 10:00:00,25.3,95,2.0,16.6,333,7.536242295676478,-14.790708301526907
2016-09-17 11:00:00,26.2,93,2.0,19.5,335,8.24105610394364,-17.673001847214675
2016-09-17 12:00:00,26.1,95,2.6,20.3,337,7.931841908332257,-18.68624852508454
2016-09-17 13:00:00,26.4,93,3.4,16.3,346,3.943326898274583,-15.815820338298742
2016-09-17 14:00:00,26.3,91,2.7,12.4,352,1.7257464519048118,-12.279324052395474
2016-09-17 15:00:00,25.8,91,1.3,8.0,5,-0.697245941981266,-7.969557584733964
2016-09-17 16:00:00,26.1,90,0.7000000000000001,5.6,15,-1.4493866525741155,-5.4091846272187825
2016-09-17 17:00:00,26.1,91,0.6,4.7,356,0.3278554265973886,-4.688551036221174
2016-09-17 18:00:00,25.7,93,0.5,7.4,23,-2.8914103508206264,-6.811735915548058
2016-09-17 19:00:00,25.1,95,0.8,6.7,36,-3.938161190359571,-5.420413862312147
2016-09-17 20:00:00,24.8,95,0.7000000000000001,8.0,36,-4.702282018339786,-6.472135954999579
2016-09-17 21:00:00,24.9,93,1.2,7.5,35,-4.301823272632848,-6.143640332167437
2016-09-17 22:00:00,24.9,93,1.6,5.6,27,-2.5423467985414625,-4.989636535454859
2016-09-17 23:00:00,24.6,94,2.4,7.3,9,-1.1419715947936866,-7.210124886344505
2016-09-18 00:00:00,24.7,92,3.1,8.8,12,-1.8296228791962863,-8.60769888645749
2016-09-18 01:00:00,24.6,91,2.6,8.9,14,-2.1531048708370433,-8.635631963856369
2016-09-18 02:00:00,24.1,93,2.7,10.5,22,-3.933369230867079,-9.735430472951267
2016-09-18 03:00:00,23.7,93,0.8,12.6,31,-6.489479743866687,-10.800307988846612
2016-09-18 04:00:00,23.6,93,0.3,12.2,34,-6.822153422343108,-10.11425838517151
2016-09-18 05:00:00,23.5,93,0.0,9.4,23,-3.672872607799174,-8.652745622452938
2016-09-18 06:00:00,23.1,94,0.0,11.4,11,-2.1752225472926088,-11.19054989130337
2016-09-18 07:00:00,24.2,93,0.0,12.6,20,-4.3094538059034235,-11.840127021902445
2016-09-18 08:00:00,25.5,89,0.0,12.6,24,-5.124881702755081,-11.510672766296771
2016-09-18 09:00:00,26.3,84,0.0,12.3,15,-3.1834742547610038,-11.88088766335554
2016-09-18 10:00:00,27.5,78,0.0,13.5,9,-2.111865278043119,-13.333792598034359
2016-09-18 11:00:00,28.0,76,0.0,15.9,6,-1.6620025659556885,-15.812898136355548
2016-09-18 12:00:00,28.0,75,0.0,19.1,4,-1.3323486485127987,-19.053473359962645
2016-09-18 13:00:00,27.6,76,0.0,18.1,6,-1.891965185144526,-18.00084630616575
2016-09-18 14:00:00,27.6,75,0.0,16.6,2,-0.5793316452615127,-16.58988772851699
2016-09-18 15:00:00,27.7,75,0.0,17.0,5,-1.4816476267101901,-16.935309867559674
2016-09-18 16:00:00,27.3,77,0.0,16.3,6,-1.70381395126275,-16.210706894502856
2016-09-18 17:00:00,26.8,80,0.0,13.1,8,-1.8231676225768623,-12.97251170051457
2016-09-18 18:00:00,25.9,82,0.0,11.0,11,-2.098898949141991,-10.797899017924303
2016-09-18 19:00:00,25.1,86,0.0,10.7,12,-2.2246550917500296,-10.46617932785172
2016-09-18 20:00:00,24.1,89,0.0,9.7,15,-2.51054473749445,-9.369480515003962
2016-09-18 21:00:00,23.2,93,0.0,10.7,20,-3.6596155335846534,-10.05471104240922
2016-09-18 22:00:00,22.8,93,0.0,8.0,36,-4.702282018339786,-6.472135954999579
2016-09-18 23:00:00,23.4,88,0.0,5.9,43,-4.023790324368742,-4.314986839553106
2016-09-19 00:00:00,23.7,85,0.0,4.8,48,-3.5670951622914924,-3.2118269105225195
2016-09-19 01:00:00,24.0,82,0.0,4.2,20,-1.436484601967808,-3.9467090073008158
2016-09-19 02:00:00,24.5,77,0.0,7.3,20,-2.49674704627738,-6.859756131737131
2016-09-19 03:00:00,21.5,91,0.0,11.0,23,-4.298042413382012,-10.125553387976844
2016-09-19 04:00:00,21.4,89,0.0,12.9,18,-3.9863192274368235,-12.26862906020748
2016-09-19 05:00:00,21.9,85,0.0,12.4,17,-3.62540913856194,-11.858178973941639
2016-09-19 06:00:00,22.0,83,0.0,13.2,11,-2.518678738970389,-12.957478821509163
2016-09-19 07:00:00,23.0,87,0.0,15.0,11,-2.8621349306481694,-14.72440775171496
2016-09-19 08:00:00,26.2,76,0.0,15.5,12,-3.2226312076752768,-15.161287811373986
2016-09-19 09:00:00,27.0,74,0.0,16.2,13,-3.644207080370617,-15.784795049520808
2016-09-19 10:00:00,27.6,72,0.0,17.4,7,-2.120526575249561,-17.270303038559003
2016-09-19 11:00:00,28.1,71,0.0,19.2,5,-1.6733902607550384,-19.126938203361515
2016-09-19 12:00:00,28.5,70,0.0,19.1,4,-1.3323486485127987,-19.053473359962645
2016-09-19 13:00:00,28.5,71,0.0,18.8,5,-1.638527963655975,-18.728460324124818
2016-09-19 14:00:00,28.3,72,0.0,17.7,6,-1.8501537998374644,-17.60303754801844
2016-09-19 15:00:00,27.8,75,0.0,17.8,7,-2.16927431261162,-17.667321499215532
2016-09-19 16:00:00,27.4,76,0.0,17.3,12,-3.5968722511472446,-16.921953492694836
2016-09-19 17:00:00,26.7,79,0.0,15.8,12,-3.2850047149206048,-15.45473209159413
2016-09-19 18:00:00,25.9,81,0.0,18.4,3,-0.9629815948701752,-18.37478343948416
2016-09-19 19:00:00,25.3,82,0.0,17.8,7,-2.16927431261162,-17.667321499215532
2016-09-19 20:00:00,24.7,85,0.0,16.0,9,-2.5029514406436966,-15.803013449522203
2016-09-19 21:00:00,23.7,89,0.0,15.0,10,-2.6047226650039548,-14.772116295183121
2016-09-19 22:00:00,23.8,88,0.0,14.3,12,-2.973137178693965,-13.987510690493421
2016-09-19 23:00:00,24.4,83,0.0,14.8,13,-3.3292756042892058,-14.420676958821481
2016-09-20 00:00:00,24.4,83,0.0,15.5,12,-3.2226312076752768,-15.161287811373986
2016-09-20 01:00:00,24.2,83,0.0,14.5,14,-3.507867486195183,-14.06928803100195
2016-09-20 02:00:00,24.2,83,0.0,13.4,20,-4.5830699205639585,-12.591881118531173
2016-09-20 03:00:00,24.2,80,0.0,13.2,26,-5.7864991376158255,-11.864081411149002
2016-09-20 04:00:00,24.0,80,0.0,12.4,30,-6.2000000000000055,-10.738715006927036
2016-09-20 05:00:00,23.6,83,0.0,13.0,19,-4.232386007943036,-12.291741482791119
2016-09-20 06:00:00,23.4,84,0.0,13.4,27,-6.083472696509928,-11.93948742412413
2016-09-20 07:00:00,24.1,84,0.0,12.7,29,-6.157082177128477,-11.107670280670328
2016-09-20 08:00:00,25.7,79,0.0,16.2,21,-5.805560782633871,-15.124002909254665
2016-09-20 09:00:00,26.5,77,0.0,19.1,16,-5.264673496104679,-18.360098392421893
2016-09-20 10:00:00,27.0,76,0.0,21.5,14,-5.2013207553928575,-20.861358114933925
2016-09-20 11:00:00,27.6,74,0.0,22.1,12,-4.594848367072491,-21.617061976217105
2016-09-20 12:00:00,27.9,74,0.0,22.1,12,-4.594848367072491,-21.617061976217105
2016-09-20 13:00:00,28.0,73,0.0,21.6,15,-5.590491374214446,-20.863997847843876
2016-09-20 14:00:00,27.9,73,0.0,19.0,15,-4.917561856947892,-18.352590699492296
2016-09-20 15:00:00,28.0,73,0.0,20.0,8,-2.7834620192013166,-19.805361374831406
2016-09-20 16:00:00,27.2,76,0.0,20.4,8,-2.8391312595853426,-20.20146860232803
2016-09-20 17:00:00,26.3,80,0.0,19.6,7,-2.3886391307408847,-19.453904572169915
2016-09-20 18:00:00,25.4,82,0.0,16.9,12,-3.51370757482014,-16.530694452401313
2016-09-20 19:00:00,24.8,85,0.0,14.7,22,-5.506716923213911,-13.629602662131774
2016-09-20 20:00:00,24.3,88,0.0,14.1,19,-4.590510977845908,-13.331811915950368
2016-09-20 21:00:00,24.7,83,0.0,13.0,14,-3.144984642795681,-12.613844441587954
2016-09-20 22:00:00,24.5,83,0.0,12.8,16,-3.5281581544575857,-12.304149708010485
2016-09-20 23:00:00,24.1,85,0.0,12.3,21,-4.407925779407199,-11.483039245915581
2016-09-21 00:00:00,24.0,85,0.0,12.1,27,-5.493285046848517,-10.781178942679249
2016-09-21 01:00:00,23.7,86,0.0,11.9,35,-6.825559592577452,-9.747909327039
2016-09-21 02:00:00,23.7,86,0.0,11.0,41,-7.2166493188955805,-8.301805382450492
2016-09-21 03:00:00,23.9,81,0.0,9.9,46,-7.121464023352646,-6.877117867544074
2016-09-21 04:00:00,23.4,83,0.0,9.7,48,-7.208504807130724,-6.490566881680924
2016-09-21 05:00:00,22.1,88,0.0,10.7,45,-7.56604255869606,-7.566042558696057
2016-09-21 06:00:00,21.6,89,0.0,9.4,43,-6.410784584587487,-6.874724795220202
2016-09-21 07:00:00,22.9,92,0.0,10.5,41,-6.888619804400326,-7.924450592339106
2016-09-21 08:00:00,26.0,79,0.0,10.4,34,-5.815606196095764,-8.621990754572435
2016-09-21 09:00:00,27.0,77,0.0,11.1,25,-4.691062705321761,-10.060016436106816
2016-09-21 10:00:00,27.9,73,0.0,11.3,9,-1.7677094549546108,-11.160878248725057
2016-09-21 11:00:00,28.5,72,0.0,13.3,358,0.4641633061432644,-13.291897999353974
2016-09-21 12:00:00,28.9,71,0.0,15.1,360,9.246083333562517e-16,-15.1
2016-09-21 13:00:00,29.0,70,0.0,15.5,5,-1.350914012588703,-15.441017820422056
2016-09-21 14:00:00,28.8,71,0.0,17.3,2,-0.6037612929532632,-17.289461307430358
2016-09-21 15:00:00,28.5,72,0.0,15.3,9,-2.393447315115535,-15.111631611105606
2016-09-21 16:00:00,28.0,73,0.0,15.3,8,-2.129348444689007,-15.151101451746026
2016-09-21 17:00:00,27.2,78,0.0,15.2,5,-1.3247672897644054,-15.142159410994532
2016-09-21 18:00:00,26.4,81,0.0,13.6,11,-2.5950023371210067,-13.35012969488823
2016-09-21 19:00:00,25.3,88,0.0,13.0,19,-4.232386007943036,-12.291741482791119
2016-09-21 20:00:00,25.4,84,0.0,12.6,24,-5.124881702755081,-11.510672766296771
2016-09-21 21:00:00,25.2,85,0.0,10.6,18,-3.2755801403744442,-10.081199072728626
2016-09-21 22:00:00,24.9,87,0.0,10.1,6,-1.055737479003299,-10.044671143219562
2016-09-21 23:00:00,24.6,88,0.0,10.4,2,-0.36295476570600793,-10.393664600998596
2016-09-22 00:00:00,24.4,89,0.0,9.5,11,-1.812685456077174,-9.325458242752807
2016-09-22 01:00:00,24.2,90,0.0,8.4,20,-2.872969203935616,-7.8934180146016315
2016-09-22 02:00:00,23.9,91,0.0,6.9,47,-5.0463405411722775,-4.705788684431239
2016-09-22 03:00:00,22.8,91,0.0,5.8,68,-5.377666356487367,-2.1727182418122895
2016-09-22 04:00:00,22.3,91,0.0,5.4,70,-5.074340152243906,-1.846908773958611
2016-09-22 05:00:00,21.6,93,0.0,5.5,58,-4.664264528860343,-2.914555953282626
2016-09-22 06:00:00,21.2,94,0.0,5.9,47,-4.314986839553106,-4.023790324368741
2016-09-22 07:00:00,22.9,94,0.0,6.6,49,-4.981083229470296,-4.3299895913373465
2016-09-22 08:00:00,26.3,81,0.0,5.7,35,-3.2693856872009643,-4.669166652447252
2016-09-22 09:00:00,27.5,76,0.0,5.8,7,-0.7068421917498535,-5.756767679519668
2016-09-22 10:00:00,28.3,74,0.0,7.9,344,2.1775351109542935,-7.59396739791272
2016-09-22 11:00:00,28.8,74,0.0,10.4,346,2.515987714236544,-10.091075553270363
2016-09-22 12:00:00,28.5,76,0.0,11.3,351,1.7677094549546095,-11.160878248725057
2016-09-22 13:00:00,28.5,77,0.0,10.4,358,0.36295476570601126,-10.393664600998596
2016-09-22 14:00:00,28.6,76,0.0,11.9,2,-0.4153040107597591,-11.89275084152724
2016-09-22 15:00:00,28.7,75,0.0,11.3,7,-1.3771235804781632,-11.21577151354694
2016-09-22 16:00:00,28.4,76,0.0,11.8,12,-2.453357951649566,-11.542141688658907
2016-09-22 17:00:00,27.8,79,0.0,10.8,15,-2.795245687107223,-10.431998923921938
2016-09-22 18:00:00,27.0,82,0.0,11.8,12,-2.453357951649566,-11.542141688658907
2016-09-22 19:00:00,26.0,90,0.0,12.2,19,-3.971931484377311,-11.535326622311665
2016-09-22 20:00:00,26.1,86,0.0,10.2,18,-3.1519733426244647,-9.700776466210565
2016-09-22 21:00:00,25.9,87,0.0,7.9,16,-2.1775351109542913,-7.593967397912721
2016-09-22 22:00:00,25.2,90,0.0,7.3,11,-1.3929056662487755,-7.165878439167947
2016-09-22 23:00:00,24.6,92,0.0,7.3,9,-1.1419715947936866,-7.210124886344505
2016-09-23 00:00:00,24.9,92,0.0,6.5,6,-0.6794350112397468,-6.464392319893777
2016-09-23 01:00:00,24.1,96,0.0,6.5,19,-2.116193003971518,-6.1458707413955596
2016-09-23 02:00:00,22.1,97,0.0,5.4,42,-3.613305274337834,-4.01298205757793
2016-09-23 03:00:00,22.8,92,0.0,6.1,62,-5.385980316439453,-2.863776532993934
2016-09-23 04:00:00,22.2,93,0.0,6.5,84,-6.4643923198937765,-0.6794350112397477
2016-09-23 05:00:00,22.3,90,0.0,5.4,70,-5.074340152243906,-1.846908773958611
2016-09-23 06:00:00,24.0,83,0.0,6.4,43,-4.364789504399991,-4.6806636903626915
2016-09-23 07:00:00,24.4,87,0.0,6.8,25,-2.873804179836754,-6.16289295184922
2016-09-23 08:00:00,26.5,82,0.0,7.4,14,-1.7902220274375418,-7.180188374442374
2016-09-23 09:00:00,27.8,77,0.0,8.1,13,-1.8221035401853085,-7.892397524760404
2016-09-23 10:00:00,28.7,74,0.0,11.2,354,1.1707187885977186,-11.13864522812466
2016-09-23 11:00:00,29.3,71,0.0,15.9,355,1.3857763096877644,-15.839495699658755
2016-09-23 12:00:00,29.6,70,0.0,15.5,360,9.491012693391988e-16,-15.5
2016-09-23 13:00:00,29.7,69,0.0,13.7,357,0.7170026005283323,-13.681224626137661
2016-09-23 14:00:00,29.8,69,0.0,12.3,357,0.6437322617882109,-12.283143277481258
2016-09-23 15:00:00,29.5,71,0.0,12.6,357,0.659433048661094,-12.58273213790763
2016-09-23 16:00:00,28.8,75,0.0,11.6,355,1.0110066158728344,-11.555858497864248
2016-09-23 17:00:00,28.1,78,0.0,9.0,360,5.51091059616309e-16,-9.0
2016-09-23 18:00:00,27.3,83,0.0,9.4,360,5.755839955992561e-16,-9.4
2016-09-23 19:00:00,26.6,86,0.0,8.7,7,-1.0602632876247804,-8.635151519279502
2016-09-23 20:00:00,26.3,86,0.0,8.3,5,-0.7233926648055635,-8.268415994161488
2016-09-23 21:00:00,26.2,86,0.0,8.5,12,-1.767249371950958,-8.314254606237347
2016-09-23 22:00:00,26.0,86,0.0,8.2,23,-3.203995253612045,-7.548139798310009
2016-09-23 23:00:00,25.6,88,0.0,8.2,29,-3.975438886019962,-7.171881598543046
2016-09-24 00:00:00,25.2,89,0.0,9.2,31,-4.738350289172501,-7.885939166459431
2016-09-24 01:00:00,24.9,89,0.0,9.7,39,-6.104407793183427,-7.538315826132614
2016-09-24 02:00:00,23.1,96,0.0,9.7,45,-6.858935777509512,-6.85893577750951
2016-09-24 03:00:00,24.4,89,0.0,8.8,55,-7.208537989743128,-5.0474726398892065
2016-09-24 04:00:00,24.1,89,0.0,7.9,60,-6.841600689897065,-3.950000000000001
2016-09-24 05:00:00,23.1,91,0.0,7.9,43,-5.387787044493739,-5.777694242791447
2016-09-24 06:00:00,22.8,92,0.0,10.1,27,-4.585304047369424,-8.999165894302514
2016-09-24 07:00:00,23.9,94,0.0,9.8,24,-3.986019102142841,-8.95274548489749
2016-09-24 08:00:00,26.4,84,0.0,9.6,20,-3.283393375926418,-9.02104915954472
2016-09-24 09:00:00,27.7,78,0.0,10.8,4,-0.7533699164365563,-10.773691742806102
2016-09-24 10:00:00,28.5,74,0.0,13.0,357,0.6803674311582716,-12.98218395180946
2016-09-24 11:00:00,29.0,72,0.0,15.2,356,1.0602984009107035,-15.162973563949327
2016-09-24 12:00:00,29.2,72,0.0,16.6,358,0.579331645261518,-16.58988772851699
2016-09-24 13:00:00,29.3,72,0.0,17.7,356,1.2346895852710165,-17.65688368959889
2016-09-24 14:00:00,29.2,73,0.0,17.3,358,0.6037612929532687,-17.289461307430358
2016-09-24 15:00:00,28.8,74,0.0,17.3,1,-0.3019266313650045,-17.29736512620557
2016-09-24 16:00:00,28.5,76,0.0,15.9,5,-1.3857763096877662,-15.839495699658755
2016-09-24 17:00:00,27.6,80,0.0,13.3,3,-0.6960682180311593,-13.281772812235833
2016-09-24 18:00:00,26.6,83,0.0,11.9,360,7.286648454926752e-16,-11.9
2016-09-24 19:00:00,25.5,90,0.0,11.9,360,7.286648454926752e-16,-11.9
2016-09-24 20:00:00,25.1,90,0.0,11.9,358,0.41530401075976286,-11.89275084152724
2016-09-24 21:00:00,25.1,88,0.0,11.5,356,0.8021994480574401,-11.471986577987979
2016-09-24 22:00:00,25.2,87,0.0,11.9,360,7.286648454926752e-16,-11.9
2016-09-24 23:00:00,25.0,88,0.0,12.3,3,-0.643732261788215,-12.283143277481258
2016-09-25 00:00:00,24.8,88,0.0,11.6,7,-1.413684383499707,-11.513535359039336
2016-09-25 01:00:00,24.7,88,0.0,10.4,14,-2.515987714236545,-10.091075553270363
2016-09-25 02:00:00,24.5,89,0.0,8.8,19,-2.864999759222979,-8.320563465273988
2016-09-25 03:00:00,24.8,86,0.0,8.6,22,-3.2216167033768457,-7.97378114927437
2016-09-25 04:00:00,24.0,90,0.0,9.7,27,-4.403707847473605,-8.642763284627167
2016-09-25 05:00:00,22.8,92,0.0,10.9,27,-4.9484964471610615,-9.71197111365321
2016-09-25 06:00:00,22.3,93,0.0,11.3,22,-4.233054505599809,-10.477177556604698
2016-09-25 07:00:00,23.5,94,0.0,11.8,20,-4.0358376912428895,-11.08837292527372
2016-09-25 08:00:00,26.8,82,0.0,14.0,12,-2.910763671448637,-13.694066410273278
2016-09-25 09:00:00,27.8,77,0.0,17.0,5,-1.4816476267101901,-16.935309867559674
2016-09-25 10:00:00,28.6,73,0.0,19.5,3,-1.020551146737414,-19.47327592771419
2016-09-25 11:00:00,29.1,72,0.0,20.9,1,-0.36475529453922506,-20.896816828768575
2016-09-25 12:00:00,29.4,72,0.0,22.0,358,0.7677889274550238,-21.986598194420107
2016-09-25 13:00:00,29.5,72,0.0,22.0,355,1.917426340448479,-21.9162833580184
2016-09-25 14:00:00,29.2,74,0.0,20.2,356,1.4090807696313297,-20.15079381524845
2016-09-25 15:00:00,29.0,77,0.0,18.0,359,0.3141433158711048,-17.997258512815044
2016-09-25 16:00:00,28.5,79,0.0,15.9,3,-0.8321417042628145,-15.878209602597725
2016-09-25 17:00:00,27.7,83,0.0,15.1,1,-0.26353133720298083,-15.097700196861508
2016-09-25 18:00:00,26.9,86,0.0,14.3,12,-2.973137178693965,-13.987510690493421
2016-09-25 19:00:00,26.2,89,0.0,13.2,11,-2.518678738970389,-12.957478821509163
2016-09-25 20:00:00,25.6,92,0.0,12.8,10,-2.2226966741367082,-12.605539238556263
2016-09-25 21:00:00,25.2,94,0.0,11.6,7,-1.413684383499707,-11.513535359039336
2016-09-25 22:00:00,25.2,92,0.0,12.0,7,-1.462432120861766,-11.910553819695865
2016-09-25 23:00:00,25.8,89,0.0,12.7,7,-1.547740661245369,-12.60533612584479
2016-09-26 00:00:00,25.6,89,0.0,11.9,5,-1.0371533386971332,-11.854716907291772
2016-09-26 01:00:00,25.1,91,0.0,12.3,7,-1.4989929238833102,-12.208317665188263
2016-09-26 02:00:00,25.4,89,0.0,13.0,14,-3.144984642795681,-12.613844441587954
2016-09-26 03:00:00,25.1,89,0.0,12.0,16,-3.3076482698039866,-11.535140351259829
2016-09-26 04:00:00,24.1,92,0.0,12.9,13,-2.901868601035862,-12.569373835729534
2016-09-26 05:00:00,23.9,93,0.0,13.8,9,-2.1587956175551883,-13.6300991002129
2016-09-26 06:00:00,23.9,93,0.0,14.5,6,-1.5156627173809738,-14.420567482839964
2016-09-26 07:00:00,24.5,94,0.0,16.2,3,-0.8478424911356978,-16.177798463024097
2016-09-26 08:00:00,26.7,84,0.0,18.8,4,-1.311421706389561,-18.754204144884696
2016-09-26 09:00:00,27.6,80,0.0,20.6,4,-1.4369833591289871,-20.54981943535238
2016-09-26 10:00:00,28.4,77,0.0,23.4,4,-1.6323014856125384,-23.342998776079884
2016-09-26 11:00:00,29.1,75,0.0,26.7,5,-2.3270583313624753,-26.598398439049607
2016-09-26 12:00:00,29.6,74,0.0,28.5,4,-1.988059501707579,-28.43057543240499
2016-09-26 13:00:00,29.3,76,0.0,28.8,3,-1.507275539796796,-28.760530600931727
2016-09-26 14:00:00,29.3,76,0.0,30.0,5,-2.6146722824297477,-29.885840942752367
2016-09-26 15:00:00,29.3,75,0.0,28.6,6,-2.989514049454886,-28.44332620753262
2016-09-26 16:00:00,28.5,78,0.0,28.2,5,-2.4577919454839625,-28.092690486187223
2016-09-26 17:00:00,27.9,79,0.0,28.3,7,-3.448902418365665,-28.089056091449415
2016-09-26 18:00:00,27.1,80,0.0,29.2,9,-4.567886379174746,-28.84049954537802
2016-09-26 19:00:00,26.7,81,0.0,28.8,9,-4.505312593158654,-28.445424209139965
2016-09-26 20:00:00,26.4,83,0.0,29.5,8,-4.105606478321942,-29.212908027876324
2016-09-26 21:00:00,26.1,84,0.0,30.2,9,-4.7243208442149776,-29.828187885973158
2016-09-26 22:00:00,25.8,86,0.0,31.3,9,-4.896398755759232,-30.91464506062781
2016-09-26 23:00:00,25.7,87,0.0,32.7,8,-4.5509604013941525,-32.38176584784935
2016-09-27 00:00:00,25.7,88,0.0,33.5,9,-5.24055457884774,-33.087559409937114
2016-09-27 01:00:00,25.7,88,0.0,33.5,9,-5.24055457884774,-33.087559409937114
2016-09-27 02:00:00,25.6,89,0.2,34.1,7,-4.155744610115518,-33.84582377096908
2016-09-27 03:00:00,25.6,89,0.3,35.1,6,-3.668949060694633,-34.9077185274264
2016-09-27 04:00:00,25.2,92,1.0,34.9,2,-1.2179924349172766,-34.87873986296644
2016-09-27 05:00:00,25.0,93,1.8,36.7,358,1.2808115289817898,-36.677643351600814
2016-09-27 06:00:00,25.0,93,1.5,37.8,1,-0.6597009633293162,-37.79424287691159
2016-09-27 07:00:00,25.1,93,1.0,41.4,2,-1.4448391634835314,-41.37478023859056
2016-09-27 08:00:00,25.4,92,1.0,46.1,360,2.8228108720346494e-15,-46.1
2016-09-27 09:00:00,25.4,92,2.3,51.6,356,3.5994340451968623,-51.47430499340693
2016-09-27 10:00:00,25.4,92,4.3,57.4,350,9.967405398081805,-56.52796502290074
2016-09-27 11:00:00,25.3,93,2.9,61.9,354,6.470311876267749,-61.56090532329612
2016-09-27 12:00:00,25.7,91,1.5,61.7,353,7.519338488097601,-61.24009755626957
2016-09-27 13:00:00,25.4,91,3.1,62.6,345,16.202072223417797,-60.46695672569568
2016-09-27 14:00:00,25.0,93,5.7,73.9,339,26.4833914713977,-68.99159351814322
2016-09-27 15:00:00,25.1,93,6.5,61.8,345,15.99501698733578,-59.69421606466442
2016-09-27 16:00:00,25.8,90,3.4,50.4,0,-9.258329801553989e-15,-50.4
2016-09-27 17:00:00,26.0,89,2.6,35.9,6,-3.7525718313087553,-35.703336043721016
2016-09-27 18:00:00,26.0,88,1.1,36.2,13,-8.143228167247923,-35.27219634522552
2016-09-27 19:00:00,25.9,89,1.2,27.6,7,-3.363593877982062,-27.39427378530049
2016-09-27 20:00:00,25.5,92,1.7000000000000002,16.5,11,-3.148348423712986,-16.196848526886455
2016-09-27 21:00:00,25.5,92,2.3,8.9,63,-7.929958065276475,-4.040515447681965
2016-09-27 22:00:00,26.0,86,1.9,28.9,141,-18.187359301340297,22.459518286106462
2016-09-27 23:00:00,25.8,85,1.2,43.2,172,-6.012277961474823,42.77958056963584
2016-09-28 00:00:00,25.4,85,1.5,56.0,188,7.7936936537636665,55.45501184952794
2016-09-28 01:00:00,25.2,85,2.7,61.1,191,11.658429617506895,59.97742090865227
2016-09-28 02:00:00,25.2,84,4.8,59.4,186,6.208990718098615,59.074600584875434
2016-09-28 03:00:00,25.3,85,5.8,51.6,184,3.5994340451968623,51.47430499340693
2016-09-28 04:00:00,25.1,85,4.6,43.6,181,0.7609249206655649,43.59335950881866
2016-09-28 05:00:00,25.1,85,3.1,38.9,180,2.381938024341602e-15,38.9
2016-09-28 06:00:00,25.3,85,2.3,33.9,184,2.3647444599258454,33.81742130380804
2016-09-28 07:00:00,25.8,85,1.3,30.3,183,1.5857794741612021,30.258474903063586
2016-09-28 08:00:00,26.5,84,0.6,27.4,182,0.9562462096485296,27.383308660323223
2016-09-28 09:00:00,26.9,84,0.5,27.7,179,-0.4834316583127523,27.695781155832037
2016-09-28 10:00:00,27.4,83,0.3,29.2,182,1.0190653037130315,29.182212148957596
2016-09-28 11:00:00,27.9,82,0.3,30.0,185,2.614672282429744,29.885840942752367
2016-09-28 12:00:00,27.9,81,0.2,27.0,189,4.223730556086235,26.66758519606872
2016-09-28 13:00:00,28.5,79,0.2,28.6,195,7.402224689932093,27.625478631867356
2016-09-28 14:00:00,28.3,78,0.1,28.2,194,6.822197455910628,27.3623394809831
2016-09-28 15:00:00,27.7,85,0.2,25.0,195,6.4704761275630185,24.148145657226706
2016-09-28 16:00:00,27.8,81,0.2,25.7,195,6.651649459134783,24.824293735629055
2016-09-28 17:00:00,27.1,81,0.4,23.9,196,6.587732804026279,22.97415453292582
2016-09-28 18:00:00,26.4,82,0.8,17.3,197,5.058030491703346,16.544072278160513
2016-09-28 19:00:00,25.8,84,0.1,15.5,192,3.2226312076752714,15.161287811373986
2016-09-28 20:00:00,25.4,85,0.0,14.0,180,8.572527594031472e-16,14.0
2016-09-28 21:00:00,25.2,88,0.0,9.0,178,-0.3140954703225086,8.994517443171862
2016-09-28 22:00:00,25.2,85,0.0,7.0,159,-2.5085756468171017,6.535062985480412
2016-09-28 23:00:00,24.0,90,0.0,8.3,162,-2.564841053312063,7.893769085249776
2016-09-29 00:00:00,24.0,89,0.0,7.3,171,-1.1419715947936848,7.210124886344506
2016-09-29 01:00:00,25.1,82,0.0,6.6,171,-1.0324674692655234,6.518743047927909
2016-09-29 02:00:00,24.9,83,0.0,7.0,159,-2.5085756468171017,6.535062985480412
2016-09-29 03:00:00,24.4,88,0.0,7.2,153,-3.2687315981247362,6.415246974156249
2016-09-29 04:00:00,24.3,87,0.0,6.4,153,-2.905539198333099,5.702441754805555
2016-09-29 05:00:00,24.6,85,0.0,6.2,159,-2.2218812871808615,5.788198644282651
2016-09-29 06:00:00,22.9,93,0.0,5.6,165,-1.4493866525741166,5.4091846272187825
2016-09-29 07:00:00,23.7,95,0.0,7.1,156,-2.8878301658381815,6.486172749262466
2016-09-29 08:00:00,26.6,84,0.0,6.3,149,-3.2447398719333416,5.400153994423308
2016-09-29 09:00:00,27.2,81,0.0,6.4,164,-1.764079077228794,6.1520748540052415
2016-09-29 10:00:00,27.9,79,0.0,6.5,199,2.116193003971519,6.145870741395559
2016-09-29 11:00:00,28.2,79,0.0,11.3,217,6.800509761618147,9.02458126353441
2016-09-29 12:00:00,28.1,81,0.0,16.1,214,9.003005745879024,13.347504918136172
2016-09-29 13:00:00,28.4,79,0.0,16.8,211,8.65263965848891,14.400410651795488
2016-09-29 14:00:00,28.9,77,0.0,13.6,202,5.094649670456403,12.60970042210831
2016-09-29 15:00:00,27.9,83,0.3,10.6,198,3.275580140374443,10.081199072728626
2016-09-29 16:00:00,27.9,83,0.0,5.4,200,1.8469087739586119,5.074340152243905
2016-09-29 17:00:00,27.6,83,0.0,4.1,195,1.061158084920335,3.96029588778518
2016-09-29 18:00:00,26.8,90,0.0,4.9,144,-2.880147736233118,3.9641832724372428
2016-09-29 19:00:00,26.8,85,0.1,5.6,130,-4.289848881466276,3.5996106142446207
2016-09-29 20:00:00,26.4,86,0.1,4.3,95,-4.283637201794505,0.3747696938149302
2016-09-29 21:00:00,25.8,89,0.0,3.1,69,-2.8940993221413254,-1.1109406435904314
2016-09-29 22:00:00,25.5,91,0.0,3.2,27,-1.4527695991665501,-2.851220877402777
2016-09-29 23:00:00,24.9,94,0.0,4.3,24,-1.7489675652259404,-3.928245467863184
2016-09-30 00:00:00,24.1,96,0.0,5.2,12,-1.0811407922523508,-5.086367523815789
2016-09-30 01:00:00,23.8,98,0.0,2.8,320,1.7998053071223101,-2.1449244407331385
2016-09-30 02:00:00,23.6,98,0.0,2.6,304,2.1554976886431083,-1.453901549023942
2016-09-30 03:00:00,24.8,93,0.0,3.1,291,2.8940993221413254,-1.1109406435904308
2016-09-30 04:00:00,24.1,95,0.0,4.0,280,3.939231012048832,-0.6945927106677213
2016-09-30 05:00:00,24.8,94,0.0,3.4,328,1.8017254983928965,-2.883363526931848
2016-09-30 06:00:00,24.8,93,0.0,4.0,10,-0.6945927106677213,-3.939231012048832
2016-09-30 07:00:00,24.5,97,0.0,4.4,9,-0.6883116461770166,-4.345828698618606
2016-09-30 08:00:00,26.6,90,0.1,4.4,351,0.6883116461770161,-4.3458286986186065
2016-09-30 09:00:00,27.1,86,0.1,6.2,353,0.7555899291119145,-6.153786140176196
2016-09-30 10:00:00,27.6,84,0.0,9.3,347,2.092044805397944,-9.06164160250269
2016-09-30 11:00:00,28.2,80,0.0,13.7,337,5.353016460303049,-12.610916492298433
2016-09-30 12:00:00,28.1,80,0.0,16.4,334,7.18928680734087,-14.740222359306339
2016-09-30 13:00:00,27.9,80,0.2,17.7,348,3.680036927474342,-17.31321253298836
2016-09-30 14:00:00,27.2,83,0.2,16.0,351,2.502951440643695,-15.803013449522204
2016-09-30 15:00:00,26.6,87,1.6,13.4,346,3.241753401035547,-13.001962732098352
2016-09-30 16:00:00,25.7,90,2.0,10.6,336,4.311408416603482,-9.683581851011569
2016-09-30 17:00:00,25.3,93,1.9,10.6,342,3.275580140374443,-10.081199072728626
2016-09-30 18:00:00,24.7,95,1.9,10.2,350,1.77121141220269,-10.045039080724521
2016-09-30 19:00:00,24.5,95,2.3,8.6,15,-2.2258437878816775,-8.306962106085987
2016-09-30 20:00:00,24.5,96,2.1,9.4,4,-0.6557108531947805,-9.377102072442348
2016-09-30 21:00:00,24.5,96,1.2,9.4,2,-0.3280552690035072,-9.394273773979501
2016-09-30 22:00:00,24.7,96,1.4,9.7,358,0.33852511801426044,-9.694091022085228
2016-09-30 23:00:00,24.6,96,0.6,9.1,353,1.1090110249868421,-9.032169979936029
2016-10-01 00:00:00,24.6,96,0.2,9.5,351,1.4861274178821937,-9.38303923565381
2016-10-01 01:00:00,24.6,96,0.1,10.1,354,1.0557374790032998,-10.04467114321956
2016-10-01 02:00:00,24.6,96,0.0,10.1,356,0.7045403848156648,-10.075396907624224
2016-10-01 03:00:00,24.6,96,0.0,10.5,352,1.4613175600806874,-10.397814721786489
2016-10-01 04:00:00,24.4,97,0.3,10.2,352,1.4195656297926678,-10.100734301164017
2016-10-01 05:00:00,24.2,97,1.2,11.5,2,-0.40134421207875876,-11.492994510719601
2016-10-01 06:00:00,24.2,97,0.2,7.2,354,0.752604935527105,-7.160557646651568
2016-10-01 07:00:00,24.5,98,0.3,7.6,357,0.3977532674463741,-7.589584464134761
2016-10-01 08:00:00,25.6,95,0.3,5.1,352,0.7097828148963339,-5.050367150582009
2016-10-01 09:00:00,26.1,93,0.2,2.1,329,1.0815799573111138,-1.800051331474436
2016-10-01 10:00:00,26.7,89,0.1,2.5,262,2.475670171853926,0.3479327524001636
2016-10-01 11:00:00,26.9,87,0.0,5.8,248,5.377666356487367,2.1727182418122895
2016-10-01 12:00:00,27.1,84,0.0,6.0,253,5.737828535778212,1.7542302283364206
2016-10-01 13:00:00,26.8,84,0.0,5.8,266,5.78587149150698,0.40458754771592675
2016-10-01 14:00:00,26.5,85,0.0,3.0,284,2.9108871788279895,-0.7257656867990032
2016-10-01 15:00:00,28.1,81,0.0,4.9,253,4.685893304218874,1.4326213531414103
2016-10-01 16:00:00,27.7,84,0.0,12.1,233,9.663489671572243,7.281961780139784
2016-10-01 17:00:00,26.6,90,0.0,11.5,224,7.988571260278468,8.272407703894487
2016-10-01 18:00:00,26.1,92,0.0,7.0,215,4.015035054457323,5.7340643100229425
2016-10-01 19:00:00,25.7,94,0.1,3.8,139,-2.493024310163927,2.867896404846534
2016-10-01 20:00:00,25.0,96,1.1,4.7,171,-0.7352419856890848,4.6421352007971475
2016-10-01 21:00:00,24.7,96,0.3,6.8,212,3.603450996785793,5.766727053863696
2016-10-01 22:00:00,24.6,96,0.2,8.7,228,6.46535998165333,5.821436275322066
2016-10-01 23:00:00,24.3,98,0.3,8.1,249,7.5620014546273335,2.902780391316932
2016-10-02 00:00:00,24.3,98,0.6,6.5,273,6.49109197590473,-0.3401837155791349
2016-10-02 01:00:00,24.0,98,1.0,5.1,278,5.050367150582009,-0.7097828148963337
2016-10-02 02:00:00,24.0,98,1.8,4.7,266,4.688551036221174,0.3278554265973889
2016-10-02 03:00:00,24.0,95,3.1,2.3,288,2.1874299874788528,-0.710739087062379
2016-10-02 04:00:00,24.7,91,2.3,2.7,23,-1.0549740469210394,-2.4853631043215887
2016-10-02 05:00:00,24.5,91,2.2,2.8,50,-2.1449244407331385,-1.7998053071223097
2016-10-02 06:00:00,23.6,94,1.6,5.9,133,-4.314986839553106,4.023790324368742
2016-10-02 07:00:00,24.2,94,0.8,6.7,126,-5.420413862312147,3.938161190359571
2016-10-02 08:00:00,25.3,92,0.2,4.7,148,-2.4906205418960625,3.9858260519352027
2016-10-02 09:00:00,26.3,87,0.0,4.3,185,0.37476969381492997,4.283637201794505
2016-10-02 10:00:00,26.9,81,0.0,3.8,221,2.4930243101639276,2.8678964048465336
2016-10-02 11:00:00,27.9,75,0.0,1.5,256,1.4554435894139948,0.3628828433995016
2016-10-02 12:00:00,28.2,73,0.0,2.9,330,1.4500000000000002,-2.5114736709748717
2016-10-02 13:00:00,28.4,72,0.0,6.1,315,4.31335136523794,-4.313351365237939
2016-10-02 14:00:00,28.6,72,0.0,9.4,310,7.200817765318393,-6.042203531053469
2016-10-02 15:00:00,28.7,77,0.0,10.7,315,7.566042558696059,-7.566042558696057
2016-10-02 16:00:00,28.4,78,0.0,6.3,336,2.5624408513775414,-5.755336383148386
2016-10-02 17:00:00,27.8,79,0.0,4.5,346,1.0886485301985045,-4.366330768241984
2016-10-02 18:00:00,27.3,82,0.0,4.3,24,-1.7489675652259404,-3.928245467863184
2016-10-02 19:00:00,27.0,81,0.0,5.0,30,-2.500000000000002,-4.330127018922192
2016-10-02 20:00:00,26.6,82,0.0,5.1,39,-3.2095339943541727,-3.96344440343055
2016-10-02 21:00:00,26.5,82,0.0,4.7,360,2.8779199779962803e-16,-4.7
2016-10-02 22:00:00,26.4,83,0.0,6.3,336,2.5624408513775414,-5.755336383148386
2016-10-02 23:00:00,26.1,85,0.0,5.4,360,3.3065463576978537e-16,-5.4
2016-10-03 00:00:00,25.9,85,0.0,4.8,42,-3.211826910522519,-3.567095162291493
2016-10-03 01:00:00,25.6,85,0.0,3.5,66,-3.197409101749103,-1.4235782507653008
2016-10-03 02:00:00,24.1,90,0.0,1.9,68,-1.761649323676896,-0.7117525274902328
2016-10-03 03:00:00,25.1,85,0.0,1.9,68,-1.761649323676896,-0.7117525274902328
2016-10-03 04:00:00,23.6,89,0.0,3.3,77,-3.2154212137912763,-0.7423384793347544
2016-10-03 05:00:00,22.3,92,0.0,4.7,67,-4.32637281122647,-1.8364363038995857
2016-10-03 06:00:00,21.6,95,0.0,4.7,67,-4.32637281122647,-1.8364363038995857
2016-10-03 07:00:00,23.0,94,0.0,4.2,70,-3.9467090073008158,-1.4364846019678084
2016-10-03 08:00:00,25.7,87,0.0,2.7,67,-2.485363104321589,-1.0549740469210387
2016-10-03 09:00:00,27.5,78,0.0,2.9,7,-0.35342109587492676,-2.878383839759834
2016-10-03 10:00:00,28.4,75,0.0,6.2,339,2.2218812871808624,-5.788198644282651
2016-10-03 11:00:00,28.9,72,0.1,8.9,339,3.1894747509531736,-8.308865795825096
2016-10-03 12:00:00,29.2,72,0.1,11.5,346,2.782101799396178,-11.15840085217396
2016-10-03 13:00:00,29.2,73,0.0,13.1,351,2.049291492027025,-12.938717261796304
2016-10-03 14:00:00,29.0,74,0.0,14.6,351,2.2839431895873714,-14.420249772689012
2016-10-03 15:00:00,28.5,78,0.0,15.9,356,1.1091279325315913,-15.861268399131205
2016-10-03 16:00:00,27.8,81,0.0,15.1,360,9.246083333562517e-16,-15.1
2016-10-03 17:00:00,27.3,83,0.0,13.0,3,-0.680367431158276,-12.98218395180946
2016-10-03 18:00:00,26.4,87,0.0,10.1,2,-0.35248491669525767,-10.093847352892867
2016-10-03 19:00:00,25.6,91,0.0,11.4,13,-2.564442019520064,-11.10781873855168
2016-10-03 20:00:00,25.3,91,0.0,10.9,17,-3.1868515814778346,-10.423721839997086
2016-10-03 21:00:00,25.5,89,0.0,10.4,20,-3.557009490586953,-9.772803256173448
2016-10-03 22:00:00,25.2,90,0.0,8.8,9,-1.3766232923540331,-8.691657397237211
2016-10-03 23:00:00,24.8,90,0.0,9.4,358,0.3280552690035102,-9.394273773979501
2016-10-04 00:00:00,23.7,94,0.0,10.4,360,6.368163355566237e-16,-10.4
2016-10-04 01:00:00,23.3,94,0.0,10.9,352,1.5169868004647136,-10.793921949283117
2016-10-04 02:00:00,23.5,91,0.0,10.9,352,1.5169868004647136,-10.793921949283117
2016-10-04 03:00:00,23.9,92,0.0,10.1,356,0.7045403848156648,-10.075396907624224
2016-10-04 04:00:00,23.5,92,0.0,9.0,2,-0.31409547032250684,-8.994517443171862
2016-10-04 05:00:00,23.4,89,0.0,9.0,16,-2.4807362023529897,-8.651355263444872
2016-10-04 06:00:00,23.8,87,0.0,5.8,7,-0.7068421917498535,-5.756767679519668
2016-10-04 07:00:00,24.2,86,0.0,9.8,17,-2.8652427062828236,-9.371786608437747
2016-10-04 08:00:00,25.8,84,0.0,10.4,14,-2.515987714236545,-10.091075553270363
2016-10-04 09:00:00,26.9,80,0.0,10.9,9,-1.7051356689385184,-10.765802912487
2016-10-04 10:00:00,27.8,76,0.0,11.3,7,-1.3771235804781632,-11.21577151354694
2016-10-04 11:00:00,28.5,74,0.0,11.6,5,-1.0110066158728357,-11.555858497864248
2016-10-04 12:00:00,29.0,72,0.0,11.5,4,-0.8021994480574441,-11.471986577987979
2016-10-04 13:00:00,29.0,72,0.0,11.9,357,0.6227978792910333,-11.88369146357943
2016-10-04 14:00:00,28.7,74,0.0,12.4,352,1.7257464519048118,-12.279324052395474
2016-10-04 15:00:00,28.7,73,0.0,12.4,352,1.7257464519048118,-12.279324052395474
2016-10-04 16:00:00,28.0,77,0.0,10.5,6,-1.0975488643103604,-10.442479901366871
2016-10-04 17:00:00,27.3,79,0.0,6.8,25,-2.873804179836754,-6.16289295184922
2016-10-04 18:00:00,26.4,87,0.0,8.1,32,-4.292346040288961,-6.86918957886705
2016-10-04 19:00:00,26.1,85,0.0,7.7,53,-6.149493427364155,-4.633975678270772
2016-10-04 20:00:00,26.0,84,0.0,5.1,39,-3.2095339943541727,-3.96344440343055
2016-10-04 21:00:00,25.9,85,0.0,3.4,342,1.0506577808748212,-3.233592155403522
2016-10-04 22:00:00,25.6,86,0.0,5.4,312,4.012982057577929,-3.6133052743378347
2016-10-04 23:00:00,25.3,87,0.0,5.4,307,4.312631754255381,-3.2498011250210608
2016-10-05 00:00:00,25.1,88,0.0,4.1,308,3.2308440897875594,-2.524212048835199
2016-10-05 01:00:00,24.9,89,0.0,3.1,306,2.5079526825623373,-1.8221342821066668
2016-10-05 02:00:00,25.0,88,0.0,1.5,315,1.0606601717798214,-1.0606601717798212
2016-10-05 03:00:00,25.3,88,0.0,0.8,117,-0.7128052193506943,0.36319239979163753
2016-10-05 04:00:00,24.6,90,0.0,2.2,99,-2.172914349309303,0.3441558230885082
2016-10-05 05:00:00,24.4,91,0.0,2.2,99,-2.172914349309303,0.3441558230885082
2016-10-05 06:00:00,24.9,89,0.0,1.5,135,-1.0606601717798212,1.0606601717798214
2016-10-05 07:00:00,24.6,93,0.0,1.0,315,0.7071067811865476,-0.7071067811865475
2016-10-05 08:00:00,26.1,89,0.0,3.3,354,0.3449439287832564,-3.2819222547153015
2016-10-05 09:00:00,26.8,85,0.0,3.8,343,1.1110124779463997,-3.6339580726595346
2016-10-05 10:00:00,27.6,82,0.0,5.3,332,2.4881992827652213,-4.679622242152313
2016-10-05 11:00:00,28.3,78,0.0,7.9,336,3.2132194802988217,-7.217009115376547
2016-10-05 12:00:00,28.3,78,0.0,10.2,337,3.985457510590592,-9.389149505214892
2016-10-05 13:00:00,28.4,76,0.1,11.2,354,1.1707187885977186,-11.13864522812466
2016-10-05 14:00:00,27.9,78,0.0,10.3,12,-2.141490415422926,-10.074920287558198
2016-10-05 15:00:00,28.1,81,0.0,9.8,6,-1.024378940023003,-9.74631457460908
2016-10-05 16:00:00,28.1,81,0.0,11.2,6,-1.1707187885977175,-11.13864522812466
2016-10-05 17:00:00,27.7,84,0.0,9.4,2,-0.3280552690035072,-9.394273773979501
2016-10-05 18:00:00,26.9,88,0.0,10.5,356,0.732442974313315,-10.474422527728153
2016-10-05 19:00:00,25.7,94,0.0,11.6,7,-1.413684383499707,-11.513535359039336
2016-10-05 20:00:00,25.4,93,0.0,10.8,2,-0.37691456438700827,-10.793420931806235
2016-10-05 21:00:00,26.1,90,0.0,10.1,2,-0.35248491669525767,-10.093847352892867
2016-10-05 22:00:00,25.9,90,0.0,9.6,13,-2.1595301217011063,-9.353952621938257
2016-10-05 23:00:00,24.4,95,0.0,7.8,22,-2.921931428644116,-7.232034065620941
2016-10-06 00:00:00,24.3,95,0.0,6.2,36,-3.644268564213334,-5.015905365124674
2016-10-06 01:00:00,24.0,96,0.0,2.6,16,-0.7166571251241971,-2.4992804094396295
2016-10-06 02:00:00,24.0,96,0.0,1.0,45,-0.7071067811865477,-0.7071067811865475
2016-10-06 03:00:00,23.2,95,0.0,2.7,157,-1.0549740469210394,2.4853631043215887
2016-10-06 04:00:00,23.3,94,0.0,3.0,166,-0.7257656867990033,2.9108871788279895
2016-10-06 05:00:00,23.2,94,0.0,2.0,135,-1.414213562373095,1.4142135623730951
2016-10-06 06:00:00,23.2,95,0.0,5.4,290,5.074340152243906,-1.8469087739586112
2016-10-06 07:00:00,24.1,95,0.0,1.9,338,0.7117525274902327,-1.761649323676896
2016-10-06 08:00:00,26.5,89,0.0,5.4,160,-1.8469087739586112,5.074340152243906
2016-10-06 09:00:00,27.3,85,0.0,12.6,180,7.715274834628325e-16,12.6
2016-10-06 10:00:00,27.7,83,0.0,13.0,186,1.358870022479495,12.928784639787553
2016-10-06 11:00:00,28.1,81,0.0,12.0,196,3.30764826980399,11.535140351259827
2016-10-06 12:00:00,27.9,82,0.0,13.1,212,6.941942361454984,11.10943005964918
2016-10-06 13:00:00,27.9,82,0.2,17.1,221,11.218609395737674,12.905533821809403
2016-10-06 14:00:00,27.5,84,0.4,17.1,222,11.442133368736476,12.707776515663443
2016-10-06 15:00:00,27.0,86,0.2,13.2,225,9.333809511662427,9.333809511662427
2016-10-06 16:00:00,26.8,86,0.0,9.2,225,6.505382386916237,6.505382386916236
2016-10-06 17:00:00,26.5,87,0.0,7.1,225,5.020458146424487,5.020458146424486
2016-10-06 18:00:00,25.9,89,0.0,6.5,267,6.49109197590473,0.3401837155791349
2016-10-06 19:00:00,25.3,92,0.0,2.5,82,-2.475670171853926,-0.3479327524001638
2016-10-06 20:00:00,25.0,92,0.1,4.4,55,-3.604268994871564,-2.5237363199446032
2016-10-06 21:00:00,24.7,92,0.0,4.0,90,-4.0,4.898587196589413e-16
2016-10-06 22:00:00,24.7,91,0.0,5.1,86,-5.087576656325103,-0.3557580160950389
2016-10-06 23:00:00,24.4,92,0.0,3.8,73,-3.6339580726595346,-1.1110124779463997
2016-10-07 00:00:00,24.0,93,0.0,3.3,103,-3.215421213791276,0.7423384793347552
2016-10-07 01:00:00,23.4,95,0.0,2.8,140,-1.7998053071223101,2.1449244407331385
2016-10-07 02:00:00,23.2,95,0.0,5.8,173,-0.7068421917498547,5.756767679519668
2016-10-07 03:00:00,23.7,94,0.2,6.5,186,0.6794350112397475,6.4643923198937765
2016-10-07 04:00:00,23.8,94,1.0,7.2,207,3.268731598124737,6.415246974156248
2016-10-07 05:00:00,23.8,95,1.0,8.4,211,4.326319829244455,7.200205325897744
2016-10-07 06:00:00,23.8,95,2.0,10.4,224,7.224447052773572,7.481133923521972
2016-10-07 07:00:00,24.1,95,3.8,9.6,200,3.2833933759264204,9.02104915954472
2016-10-07 08:00:00,24.5,93,6.0,6.7,196,1.8467702839738944,6.440453362786736
2016-10-07 09:00:00,24.7,92,6.6,1.0,135,-0.7071067811865475,0.7071067811865476
2016-10-07 10:00:00,24.7,92,6.6,5.4,48,-4.012982057577929,-3.6133052743378347
2016-10-07 11:00:00,25.1,91,4.4,9.4,40,-6.042203531053471,-7.2008177653183925
2016-10-07 12:00:00,26.3,83,2.0,9.6,34,-5.368251873319167,-7.958760696528401
2016-10-07 13:00:00,26.5,83,0.3,9.9,33,-5.3919264466487675,-8.302838622659698
2016-10-07 14:00:00,26.8,82,0.0,9.7,22,-3.633683956134349,-8.993683389297836
2016-10-07 15:00:00,25.4,91,2.5,8.3,5,-0.7233926648055635,-8.268415994161488
2016-10-07 16:00:00,24.9,92,1.8,6.4,333,2.9055391983331,-5.702441754805554
2016-10-07 17:00:00,24.4,93,2.0,5.2,304,4.310995377286217,-2.907803098047884
2016-10-07 18:00:00,24.0,94,2.6,6.6,279,6.518743047927909,-1.0324674692655236
2016-10-07 19:00:00,23.8,95,2.7,4.0,297,3.5640260967534716,-1.815961998958187
2016-10-07 20:00:00,23.6,95,2.2,3.2,333,1.45276959916655,-2.851220877402777
2016-10-07 21:00:00,23.4,95,2.1,8.0,350,1.3891854213354433,-7.878462024097664
2016-10-07 22:00:00,23.4,94,3.0,7.9,336,3.2132194802988217,-7.217009115376547
2016-10-07 23:00:00,23.3,95,4.4,4.0,297,3.5640260967534716,-1.815961998958187
2016-10-08 00:00:00,23.3,95,6.7,4.5,256,4.366330768241984,1.0886485301985047
2016-10-08 01:00:00,23.1,95,9.1,2.7,247,2.485363104321589,1.0549740469210394
2016-10-08 02:00:00,23.4,92,9.7,3.7,11,-0.7059932828932151,-3.632020578756357
2016-10-08 03:00:00,23.1,95,11.3,3.1,36,-1.822134282106667,-2.507952682562337
2016-10-08 04:00:00,23.1,96,11.3,3.6,37,-2.166534083347374,-2.875087836170254
2016-10-08 05:00:00,23.2,94,7.7,7.9,66,-7.217009115376547,-3.2132194802988217
2016-10-08 06:00:00,23.2,94,5.9,7.6,85,-7.571079705497266,-0.6623836448822004
2016-10-08 07:00:00,23.3,95,3.8,7.3,99,-7.210124886344505,1.1419715947936862
2016-10-08 08:00:00,24.1,93,1.8,4.2,70,-3.9467090073008158,-1.4364846019678084
2016-10-08 09:00:00,24.5,92,1.2,1.5,76,-1.4554435894139948,-0.3628828433995013
2016-10-08 10:00:00,24.7,91,1.8,2.2,81,-2.1729143493093033,-0.3441558230885076
2016-10-08 11:00:00,24.9,91,2.2,7.3,57,-6.122295146001595,-3.9758649556096977
2016-10-08 12:00:00,25.0,91,2.3,8.7,52,-6.855693556378481,-5.3562548353332256
2016-10-08 13:00:00,25.4,90,1.2,6.2,36,-3.644268564213334,-5.015905365124674
2016-10-08 14:00:00,25.6,90,0.5,6.0,17,-1.7542302283364226,-5.7378285357782115
2016-10-08 15:00:00,25.5,92,0.6,7.3,11,-1.3929056662487755,-7.165878439167947
2016-10-08 16:00:00,25.2,93,1.0,7.7,11,-1.4692292643993936,-7.558529312547013
2016-10-08 17:00:00,24.8,93,2.3,6.5,357,0.3401837155791358,-6.49109197590473
2016-10-08 18:00:00,24.4,94,4.2,4.3,360,2.632990618166809e-16,-4.3
2016-10-08 19:00:00,24.0,95,9.1,3.6,360,2.2043642384652358e-16,-3.6
2016-10-08 20:00:00,24.0,93,11.6,6.2,10,-1.0766187015349682,-6.10580806867569
2016-10-08 21:00:00,23.8,93,10.1,8.3,18,-2.564841053312065,-7.893769085249775
2016-10-08 22:00:00,23.8,93,7.2,10.6,28,-4.976398565530442,-9.359244484304625
2016-10-08 23:00:00,24.0,91,3.9,15.1,33,-8.224049428726907,-12.663925575975902
2016-10-09 00:00:00,23.6,93,2.0,21.2,32,-11.234288401743946,-17.97861963851623
2016-10-09 01:00:00,23.5,93,1.2,23.3,27,-10.577978643931443,-20.76045201358897
2016-10-09 02:00:00,23.4,94,0.9,23.0,20,-7.866463296490377,-21.612930278075893
2016-10-09 03:00:00,23.5,93,0.6,25.1,16,-6.918497631006672,-24.12766856805181
2016-10-09 04:00:00,23.3,93,1.7000000000000002,25.1,12,-5.218583439525771,-24.551504778418522
2016-10-09 05:00:00,23.1,94,3.5,20.8,10,-3.611882095472151,-20.484001262653926
2016-10-09 06:00:00,22.9,94,3.2,20.3,6,-2.1219278043333634,-20.18879447597595
2016-10-09 07:00:00,23.0,94,3.7,19.9,4,-1.388153827508099,-19.8515246001705
2016-10-09 08:00:00,23.1,93,4.7,21.0,7,-2.5592562115080906,-20.843469184467764
2016-10-09 09:00:00,23.2,93,5.5,22.3,9,-3.488488570397152,-22.025449995271572
2016-10-09 10:00:00,23.2,93,5.2,21.0,7,-2.5592562115080906,-20.843469184467764
2016-10-09 11:00:00,23.7,93,4.1,22.6,8,-3.145312081697488,-22.380058353559487
2016-10-09 12:00:00,24.1,92,2.5,21.5,14,-5.2013207553928575,-20.861358114933925
2016-10-09 13:00:00,24.4,92,1.2,21.4,8,-2.9783043605454087,-21.191736671069602
2016-10-09 14:00:00,24.4,92,0.9,24.5,10,-4.254380352839793,-24.127789948799098
2016-10-09 15:00:00,23.6,93,0.8,25.6,17,-7.4847156409020705,-24.481401752653706
2016-10-09 16:00:00,23.3,94,0.9,23.8,20,-8.140079411150912,-22.36468437470462
2016-10-09 17:00:00,23.2,94,0.8,22.2,20,-7.592847181829842,-20.861176181447167
2016-10-09 18:00:00,23.1,93,0.7000000000000001,24.4,22,-9.14040087934826,-22.62328605142961
2016-10-09 19:00:00,23.0,92,1.1,26.8,22,-10.039456703546449,-24.8485273023899
2016-10-09 20:00:00,22.9,92,0.5,27.3,21,-9.78344502258671,-25.486745643373606
2016-10-09 21:00:00,23.0,92,0.3,26.6,19,-8.660112908560368,-25.15079411094183
2016-10-09 22:00:00,22.9,91,0.2,25.6,14,-6.193200527351496,-24.83957059266551
2016-10-09 23:00:00,22.8,92,0.1,24.3,12,-5.052254086871563,-23.768986697831476
2016-10-10 00:00:00,22.6,92,0.0,22.2,13,-4.993913406433808,-21.631015438232218
2016-10-10 01:00:00,22.4,93,0.0,20.6,12,-4.282980830845852,-20.149840575116396
2016-10-10 02:00:00,22.1,93,0.0,19.0,15,-4.917561856947892,-18.352590699492296
2016-10-10 03:00:00,22.1,89,0.0,17.5,14,-4.233633172994186,-16.980175209829937
2016-10-10 04:00:00,21.8,90,0.0,18.0,16,-4.9614724047059795,-17.302710526889744
2016-10-10 05:00:00,21.8,90,0.0,18.2,18,-5.624109297624045,-17.309228596571792
2016-10-10 06:00:00,21.6,91,0.0,18.2,27,-8.262627095259754,-16.216318740228292
2016-10-10 07:00:00,22.5,90,0.0,17.2,29,-8.338725468236992,-15.04345896279761
2016-10-10 08:00:00,24.5,84,0.0,16.1,20,-5.506524307543264,-15.129051194653128
2016-10-10 09:00:00,24.8,83,0.0,17.0,13,-3.8241679238457094,-16.564291101348996
2016-10-10 10:00:00,25.2,82,0.0,19.2,13,-4.3190602434022125,-18.707905243876514
2016-10-10 11:00:00,25.4,83,0.0,20.9,11,-3.9879080033697822,-20.516008134056175
2016-10-10 12:00:00,25.3,83,0.0,21.5,14,-5.2013207553928575,-20.861358114933925
2016-10-10 13:00:00,25.2,85,0.0,22.0,11,-4.197797898283982,-21.595798035848606
2016-10-10 14:00:00,25.6,83,0.0,21.6,15,-5.590491374214446,-20.863997847843876
2016-10-10 15:00:00,25.6,84,0.0,20.3,13,-4.5665064031804645,-19.779712315140273
2016-10-10 16:00:00,25.3,85,0.0,20.3,13,-4.5665064031804645,-19.779712315140273
2016-10-10 17:00:00,24.7,87,0.0,21.6,15,-5.590491374214446,-20.863997847843876
2016-10-10 18:00:00,24.1,88,0.0,19.1,12,-3.971113294619212,-18.682619174015688
2016-10-10 19:00:00,23.7,89,0.0,17.5,14,-4.233633172994186,-16.980175209829937
2016-10-10 20:00:00,23.4,89,0.0,16.8,10,-2.91728938480443,-16.544770250605094
2016-10-10 21:00:00,23.3,90,0.0,15.6,8,-2.171100374977027,-15.448181872368496
2016-10-10 22:00:00,22.9,92,0.0,15.2,7,-1.8524140197582368,-15.086701504948095
2016-10-10 23:00:00,22.6,93,0.0,14.9,8,-2.0736792043049808,-14.754994224249398
2016-10-11 00:00:00,22.7,92,0.0,14.9,7,-1.815853216736693,-14.7889376594557
2016-10-11 01:00:00,22.7,92,0.0,13.6,12,-2.8275989951215332,-13.302807369979755
2016-10-11 02:00:00,23.0,91,0.0,13.7,14,-3.3143299697154487,-13.293051449981151
2016-10-11 03:00:00,23.3,89,0.0,12.4,17,-3.62540913856194,-11.858178973941639
2016-10-11 04:00:00,22.8,92,0.0,11.4,13,-2.564442019520064,-11.10781873855168
2016-10-11 05:00:00,23.2,90,0.0,12.1,12,-2.5157314588948934,-11.835585968879046
2016-10-11 06:00:00,23.0,90,0.0,12.3,21,-4.407925779407199,-11.483039245915581
2016-10-11 07:00:00,22.9,94,0.0,10.8,26,-4.73440838532204,-9.706975700031002
2016-10-11 08:00:00,25.6,85,0.0,13.2,17,-3.8593065023401296,-12.623222778712066
2016-10-11 09:00:00,26.3,83,0.1,12.7,7,-1.547740661245369,-12.60533612584479
2016-10-11 10:00:00,26.8,82,0.1,13.7,358,0.4781231048242648,-13.691654330161612
2016-10-11 11:00:00,26.7,83,0.2,14.4,357,0.7536377698983932,-14.380265300465863
2016-10-11 12:00:00,26.8,83,0.3,14.0,359,0.24433369012197037,-13.997867732189478
2016-10-11 13:00:00,26.7,83,0.4,14.4,1,-0.25131465269688236,-14.397806810252035
2016-10-11 14:00:00,26.5,83,0.2,16.7,6,-1.7456253365698111,-16.608515652650166
2016-10-11 15:00:00,26.6,84,0.3,16.6,13,-3.7341875021081634,-16.174543075434904
2016-10-11 16:00:00,26.1,86,0.1,13.6,11,-2.5950023371210067,-13.35012969488823
2016-10-11 17:00:00,25.5,90,0.1,13.8,9,-2.1587956175551883,-13.6300991002129
2016-10-11 18:00:00,24.7,93,0.2,15.0,10,-2.6047226650039548,-14.772116295183121
2016-10-11 19:00:00,24.3,95,0.6,15.5,13,-3.4867413423299114,-15.102736004171145
2016-10-11 20:00:00,23.9,95,0.5,16.4,9,-2.5655252266597888,-16.198088785760255
2016-10-11 21:00:00,23.8,95,0.5,17.5,8,-2.435529266801152,-17.32969120297748
2016-10-11 22:00:00,23.5,96,0.2,16.4,9,-2.5655252266597888,-16.198088785760255
2016-10-11 23:00:00,23.3,96,0.1,16.9,11,-3.224672021863604,-16.58949940026552
2016-10-12 00:00:00,23.1,96,0.0,16.6,13,-3.7341875021081634,-16.174543075434904
2016-10-12 01:00:00,22.9,96,0.0,16.2,12,-3.3681693912477084,-15.845991131887649
2016-10-12 02:00:00,22.8,96,0.0,15.8,12,-3.2850047149206048,-15.45473209159413
2016-10-12 03:00:00,22.9,94,0.0,15.5,13,-3.4867413423299114,-15.102736004171145
2016-10-12 04:00:00,22.8,93,0.0,14.5,14,-3.507867486195183,-14.06928803100195
2016-10-12 05:00:00,22.9,92,0.0,14.2,16,-3.914050452601384,-13.649916082324129
2016-10-12 06:00:00,22.8,92,0.0,14.1,15,-3.6493485359455407,-13.619554150675864
2016-10-12 07:00:00,23.0,94,0.0,14.9,15,-3.8564037720275572,-14.392294811707119
2016-10-12 08:00:00,25.2,88,0.0,17.3,12,-3.5968722511472446,-16.921953492694836
2016-10-12 09:00:00,26.1,84,0.0,20.8,10,-3.611882095472151,-20.484001262653926
2016-10-12 10:00:00,26.9,81,0.0,22.5,7,-2.7420602266158114,-22.332288411929746
2016-10-12 11:00:00,27.5,79,0.0,23.9,6,-2.498230272096915,-23.769073299301734
2016-10-12 12:00:00,27.7,78,0.0,24.6,6,-2.571400196384273,-24.465238626059527
2016-10-12 13:00:00,27.6,78,0.0,24.3,8,-3.3819063533295997,-24.063514070420158
2016-10-12 14:00:00,27.2,80,0.1,22.5,12,-4.678013043399595,-22.008321016510624
2016-10-12 15:00:00,26.7,81,0.2,21.3,11,-4.0642316015204,-20.908659007435244
2016-10-12 16:00:00,26.3,83,0.2,20.8,14,-5.03197542847309,-20.182151106540726
2016-10-12 17:00:00,25.3,88,0.2,18.0,16,-4.9614724047059795,-17.302710526889744
2016-10-12 18:00:00,24.4,91,0.1,20.4,14,-4.935206670233223,-19.794032816030327
2016-10-12 19:00:00,23.9,92,0.0,19.1,11,-3.644451811692002,-18.749079203850382
2016-10-12 20:00:00,23.4,93,0.0,17.5,8,-2.435529266801152,-17.32969120297748
2016-10-12 21:00:00,23.2,92,0.0,17.1,7,-2.0839657722280167,-16.97253919306661
2016-10-12 22:00:00,23.3,90,0.0,16.5,10,-2.8651949315043503,-16.249327924701433
2016-10-12 23:00:00,23.7,87,0.0,15.2,14,-3.67721281311495,-14.748495039395145
2016-10-13 00:00:00,23.7,87,0.0,14.3,18,-4.41894301956175,-13.600108183020696
2016-10-13 01:00:00,23.7,86,0.0,14.1,15,-3.6493485359455407,-13.619554150675864
2016-10-13 02:00:00,23.7,86,0.0,14.3,12,-2.973137178693965,-13.987510690493421
2016-10-13 03:00:00,23.2,87,0.0,14.3,10,-2.483168940637104,-14.082750868074575
2016-10-13 04:00:00,23.1,87,0.0,14.0,12,-2.910763671448637,-13.694066410273278
2016-10-13 05:00:00,22.7,88,0.0,14.3,12,-2.973137178693965,-13.987510690493421
2016-10-13 06:00:00,23.0,87,0.0,14.7,11,-2.8048922320352054,-14.42991959668066
2016-10-13 07:00:00,23.2,90,0.0,13.7,14,-3.3143299697154487,-13.293051449981151
2016-10-13 08:00:00,24.9,86,0.0,14.8,13,-3.3292756042892058,-14.420676958821481
2016-10-13 09:00:00,26.1,81,0.0,15.3,9,-2.393447315115535,-15.111631611105606
2016-10-13 10:00:00,26.7,79,0.0,15.6,7,-1.901161757120296,-15.483719965604624
2016-10-13 11:00:00,26.9,79,0.0,15.3,8,-2.129348444689007,-15.151101451746026
2016-10-13 12:00:00,27.2,79,0.0,14.6,10,-2.535263393937183,-14.378193193978237
2016-10-13 13:00:00,27.1,79,0.0,15.7,11,-2.9957012274117503,-15.411546780128324
2016-10-13 14:00:00,27.0,79,0.0,17.8,8,-2.4772811970891717,-17.62677162359995
2016-10-13 15:00:00,26.9,80,0.0,19.3,14,-4.669092585073589,-18.726707517126734
2016-10-13 16:00:00,26.5,81,0.0,18.9,9,-2.9566113892603663,-18.6673096372481
2016-10-13 17:00:00,25.8,83,0.0,17.5,8,-2.435529266801152,-17.32969120297748
2016-10-13 18:00:00,24.9,86,0.0,17.8,8,-2.4772811970891717,-17.62677162359995
2016-10-13 19:00:00,24.2,89,0.0,17.3,12,-3.5968722511472446,-16.921953492694836
2016-10-13 20:00:00,23.5,91,0.0,15.7,11,-2.9957012274117503,-15.411546780128324
2016-10-13 21:00:00,23.0,92,0.0,15.0,10,-2.6047226650039548,-14.772116295183121
2016-10-13 22:00:00,23.2,90,0.0,15.1,12,-3.1394665313481727,-14.770028771080463
2016-10-13 23:00:00,23.7,87,0.0,13.9,17,-4.063966695646045,-13.29263610788619
2016-10-14 00:00:00,23.7,86,0.0,13.8,20,-4.719877977894226,-12.967758166845536
2016-10-14 01:00:00,23.3,88,0.0,12.6,20,-4.3094538059034235,-11.840127021902445
2016-10-14 02:00:00,23.2,89,0.0,13.6,22,-5.094649670456407,-12.609700422108308
2016-10-14 03:00:00,21.9,91,0.0,13.5,25,-5.705346533499439,-12.235155124994776
2016-10-14 04:00:00,21.1,93,0.0,14.5,23,-5.665601363094471,-13.347320375060384
2016-10-14 05:00:00,21.4,91,0.0,15.5,18,-4.789763412811687,-14.74137600257488
2016-10-14 06:00:00,22.0,88,0.0,14.9,15,-3.8564037720275572,-14.392294811707119
2016-10-14 07:00:00,23.1,88,0.0,14.3,12,-2.973137178693965,-13.987510690493421
2016-10-14 08:00:00,25.3,84,0.0,16.0,8,-2.2267696153610532,-15.844289099865124
2016-10-14 09:00:00,26.6,80,0.0,18.5,8,-2.5747023677612177,-18.31995927171905
2016-10-14 10:00:00,27.5,77,0.0,20.6,5,-1.79540830060176,-20.521610780689958
2016-10-14 11:00:00,27.9,77,0.0,23.8,3,-1.2455957585820745,-23.76738292715886
2016-10-14 12:00:00,28.2,76,0.0,25.3,4,-1.7648387857263772,-25.238370471573553
2016-10-14 13:00:00,28.3,75,0.0,25.3,5,-2.2050402915157536,-25.203725861721164
2016-10-14 14:00:00,28.2,76,0.0,26.0,5,-2.2660493114391143,-25.901062150385386
2016-10-14 15:00:00,27.5,79,0.0,24.4,8,-3.395823663425606,-24.16254087729431
2016-10-14 16:00:00,27.1,80,0.0,22.0,11,-4.197797898283982,-21.595798035848606
2016-10-14 17:00:00,26.2,84,0.0,19.4,11,-3.701694510304965,-19.04356735888468
2016-10-14 18:00:00,25.4,86,0.0,19.0,10,-3.2993153756716764,-18.711347307231954
2016-10-14 19:00:00,24.9,88,0.0,17.3,12,-3.5968722511472446,-16.921953492694836
2016-10-14 20:00:00,24.3,91,0.0,15.9,13,-3.576721764067458,-15.492484030085238
2016-10-14 21:00:00,24.3,89,0.0,14.4,13,-3.23929518255166,-14.030928932907386
2016-10-14 22:00:00,24.0,90,0.0,14.5,7,-1.767105479374634,-14.39191919879917
2016-10-14 23:00:00,23.1,93,0.0,13.0,3,-0.680367431158276,-12.98218395180946
2016-10-15 00:00:00,22.6,95,0.0,12.0,7,-1.462432120861766,-11.910553819695865
2016-10-15 01:00:00,22.2,96,0.0,9.5,9,-1.4861274178821948,-9.383039235653808
2016-10-15 02:00:00,22.2,96,0.0,5.6,15,-1.4493866525741155,-5.4091846272187825
2016-10-15 03:00:00,23.0,91,0.0,4.1,15,-1.0611580849203346,-3.96029588778518
2016-10-15 04:00:00,23.4,90,0.0,4.7,4,-0.32785542659739025,-4.688551036221174
2016-10-15 05:00:00,23.2,91,0.0,5.1,4,-0.35575801609504043,-5.087576656325103
2016-10-15 06:00:00,23.5,90,0.0,4.0,10,-0.6945927106677213,-3.939231012048832
2016-10-15 07:00:00,24.1,91,0.0,6.3,13,-1.417191642366351,-6.1385314081469815
2016-10-15 08:00:00,25.8,86,0.0,9.8,8,-1.363896389408645,-9.704627073667389
2016-10-15 09:00:00,27.0,81,0.0,11.9,3,-0.6227978792910372,-11.88369146357943
2016-10-15 10:00:00,28.1,77,0.0,13.3,2,-0.4641633061432601,-13.291897999353974
2016-10-15 11:00:00,28.5,76,0.0,11.9,355,1.0371533386971319,-11.854716907291772
2016-10-15 12:00:00,28.9,76,0.0,11.2,345,2.8987733051482323,-10.818369254437565
2016-10-15 13:00:00,28.9,77,0.0,9.8,336,3.9860191021428424,-8.95274548489749
2016-10-15 14:00:00,28.7,78,0.0,6.4,333,2.9055391983331,-5.702441754805554
2016-10-15 15:00:00,28.8,78,0.0,2.8,320,1.7998053071223101,-2.1449244407331385
2016-10-15 16:00:00,28.3,81,0.0,0.5,315,0.3535533905932738,-0.35355339059327373
2016-10-15 17:00:00,27.6,83,0.0,1.8,169,-0.34345619167778063,1.7669289302057951
2016-10-15 18:00:00,26.8,86,0.0,5.4,176,-0.3766849582182768,5.386845871403051
2016-10-15 19:00:00,25.8,89,0.0,5.3,152,-2.4881992827652217,4.679622242152313
2016-10-15 20:00:00,26.3,85,0.0,2.5,98,-2.475670171853926,0.3479327524001633
2016-10-15 21:00:00,26.1,86,0.0,3.1,36,-1.822134282106667,-2.507952682562337
2016-10-15 22:00:00,25.1,90,0.0,5.8,360,3.5514757175273243e-16,-5.8
2016-10-15 23:00:00,24.9,91,0.0,6.5,360,3.9801020972288977e-16,-6.5
2016-10-16 00:00:00,24.6,91,0.0,6.8,357,0.35588450245201897,-6.790680836331102
2016-10-16 01:00:00,24.0,92,0.0,5.2,344,1.4333142502483958,-4.998560818879258
2016-10-16 02:00:00,23.3,94,0.0,3.4,342,1.0506577808748212,-3.233592155403522
2016-10-16 03:00:00,23.9,92,0.0,1.8,360,1.1021821192326179e-16,-1.8
2016-10-16 04:00:00,24.3,91,0.0,2.5,352,0.34793275240016364,-2.475670171853926
2016-10-16 05:00:00,24.6,91,0.0,5.2,12,-1.0811407922523508,-5.086367523815789
2016-10-16 06:00:00,24.5,91,0.0,4.4,9,-0.6883116461770166,-4.345828698618606
2016-10-16 07:00:00,24.6,91,0.0,4.6,51,-3.5748714227020653,-2.894873798829253
2016-10-16 08:00:00,26.1,87,0.0,1.5,45,-1.0606601717798214,-1.0606601717798212
2016-10-16 09:00:00,27.4,83,0.0,1.4,270,1.4,0.0
2016-10-16 10:00:00,28.2,80,0.0,5.0,270,5.0,0.0
2016-10-16 11:00:00,28.9,77,0.0,7.6,278,7.5260373224359345,-1.0577155672964973
2016-10-16 12:00:00,29.2,77,0.0,9.2,296,8.268905225952336,-4.033014550459511
2016-10-16 13:00:00,29.1,77,0.0,7.7,311,5.811263767715345,-5.051654523226906
2016-10-16 14:00:00,28.9,78,0.0,6.1,320,3.92100441908789,-4.6728711030257655
2016-10-16 15:00:00,29.3,80,0.0,5.1,309,3.963444403430551,-3.2095339943541705
2016-10-16 16:00:00,28.8,81,0.0,4.9,306,3.9641832724372428,-2.8801477362331185
2016-10-16 17:00:00,28.3,84,0.0,3.8,311,2.8678964048465336,-2.4930243101639276
2016-10-16 18:00:00,27.2,90,0.0,3.6,276,3.580278823325784,-0.37630246776355253
2016-10-16 19:00:00,26.1,93,0.0,3.3,186,0.3449439287832564,3.2819222547153015
2016-10-16 20:00:00,25.5,92,0.0,4.0,170,-0.6945927106677212,3.939231012048832
2016-10-16 21:00:00,25.0,92,0.0,2.5,180,1.5308084989341916e-16,2.5
2016-10-16 22:00:00,24.8,92,0.0,1.5,194,0.3628828433995015,1.4554435894139948
2016-10-16 23:00:00,24.9,90,0.0,0.7000000000000001,360,4.2862637970157366e-17,-0.7000000000000001
2016-10-17 00:00:00,25.2,88,0.0,5.0,21,-1.7918397477265036,-4.667902132486008
2016-10-17 01:00:00,25.4,85,0.0,7.3,20,-2.49674704627738,-6.859756131737131
2016-10-17 02:00:00,25.4,85,0.0,8.6,15,-2.2258437878816775,-8.306962106085987
2016-10-17 03:00:00,25.6,85,0.0,6.6,9,-1.0324674692655247,-6.5187430479279085
2016-10-17 04:00:00,25.5,86,0.0,5.5,11,-1.0494494745709955,-5.3989495089621515
2016-10-17 05:00:00,25.5,86,0.0,5.9,14,-1.42733918403804,-5.7247447850283795
2016-10-17 06:00:00,25.3,86,0.0,5.4,4,-0.37668495821827813,-5.386845871403051
2016-10-17 07:00:00,25.4,87,0.0,5.6,15,-1.4493866525741155,-5.4091846272187825
2016-10-17 08:00:00,26.7,84,0.0,5.4,356,0.3766849582182763,-5.386845871403051
2016-10-17 09:00:00,28.0,81,0.0,4.7,356,0.3278554265973886,-4.688551036221174
2016-10-17 10:00:00,29.0,77,0.0,5.2,335,2.197614961051637,-4.7128004925905795
2016-10-17 11:00:00,29.7,76,0.0,6.6,315,4.666904755831213,-4.666904755831213
2016-10-17 12:00:00,29.6,77,0.0,8.4,310,6.4347733221994154,-5.39941592136693
2016-10-17 13:00:00,29.6,77,0.0,8.9,313,6.509047944410617,-6.069785404556237
2016-10-17 14:00:00,29.3,78,0.0,8.4,329,4.326319829244455,-7.200205325897744
2016-10-17 15:00:00,29.4,78,0.0,6.9,332,3.239353783222647,-6.092338390726596
2016-10-17 16:00:00,28.2,83,0.7000000000000001,3.6,307,2.875087836170254,-2.166534083347374
2016-10-17 17:00:00,27.0,89,0.9,5.0,201,1.791839747726502,4.667902132486009
2016-10-17 18:00:00,26.2,90,0.7000000000000001,6.5,180,3.9801020972288977e-16,6.5
2016-10-17 19:00:00,25.6,91,0.4,5.9,191,1.125773072721615,5.791600382341218
2016-10-17 20:00:00,25.2,92,0.3,6.4,196,1.7640790772287946,6.1520748540052415
2016-10-17 21:00:00,25.0,92,0.0,5.9,191,1.125773072721615,5.791600382341218
2016-10-17 22:00:00,24.9,92,0.0,7.1,195,1.8376152202278973,6.858073366652385
2016-10-17 23:00:00,24.6,93,0.0,7.8,193,1.7546182238821464,7.6000865053248345
2016-10-18 00:00:00,24.6,92,0.0,6.6,189,1.032467469265524,6.518743047927909
2016-10-18 01:00:00,25.3,89,0.0,4.3,185,0.37476969381492997,4.283637201794505
2016-10-18 02:00:00,25.4,89,0.0,1.9,112,-1.7616493236768958,0.7117525274902332
2016-10-18 03:00:00,25.3,90,0.0,3.4,72,-3.2335921554035223,-1.0506577808748208
2016-10-18 04:00:00,24.4,93,0.0,1.4,270,1.4,0.0
2016-10-18 05:00:00,23.3,96,0.0,3.9,248,3.616017032810471,1.460965714322057
2016-10-18 06:00:00,24.6,93,0.0,1.1,252,1.0461621679246689,0.33991869381244216
2016-10-18 07:00:00,24.9,92,0.0,3.1,54,-2.5079526825623377,-1.8221342821066664
2016-10-18 08:00:00,26.4,89,0.0,3.8,287,3.6339580726595346,-1.1110124779463997
2016-10-18 09:00:00,27.3,84,0.0,6.8,270,6.8,0.0
2016-10-18 10:00:00,28.1,80,0.0,6.8,267,6.790680836331102,0.3558845024520181
2016-10-18 11:00:00,28.7,77,0.0,7.2,276,7.160557646651568,-0.7526049355271051
2016-10-18 12:00:00,29.1,75,0.0,8.7,287,8.319851376878407,-2.5436338310878095
2016-10-18 13:00:00,29.0,76,0.0,9.4,293,8.65274562245294,-3.6728726077991736
2016-10-18 14:00:00,28.7,77,0.0,4.9,306,3.9641832724372428,-2.8801477362331185
2016-10-18 15:00:00,28.4,79,0.3,1.1,342,0.3399186938124422,-1.0461621679246689
2016-10-18 16:00:00,28.1,80,0.0,0.8,153,-0.36319239979163737,0.7128052193506944
2016-10-18 17:00:00,27.8,82,0.0,1.6,207,0.726384799583275,1.4256104387013886
2016-10-18 18:00:00,26.8,90,0.0,2.7,293,2.485363104321589,-1.0549740469210394
2016-10-18 19:00:00,26.2,90,0.0,3.6,270,3.6,0.0
2016-10-18 20:00:00,25.7,93,0.0,3.9,248,3.616017032810471,1.460965714322057
2016-10-18 21:00:00,25.2,94,0.0,4.2,239,3.600102662948872,2.1631599146222276
2016-10-18 22:00:00,25.0,94,0.0,3.6,217,2.1665340833473743,2.875087836170254
2016-10-18 23:00:00,24.6,95,0.0,4.1,225,2.899137802864845,2.8991378028648445
2016-10-19 00:00:00,24.4,96,0.0,3.6,225,2.5455844122715714,2.545584412271571
2016-10-19 01:00:00,24.3,95,0.0,4.0,180,2.4492935982947064e-16,4.0
2016-10-19 02:00:00,24.6,92,0.0,3.4,162,-1.050657780874821,3.2335921554035223
2016-10-19 03:00:00,25.1,89,0.0,1.8,217,1.0832670416736871,1.437543918085127
2016-10-19 04:00:00,23.7,94,0.0,2.6,236,2.1554976886431083,1.453901549023942
2016-10-19 05:00:00,23.3,94,0.0,2.3,231,1.7874357113510329,1.4474368994146258
2016-10-19 06:00:00,24.0,93,0.0,1.5,135,-1.0606601717798212,1.0606601717798214
2016-10-19 07:00:00,24.7,92,0.0,3.3,96,-3.2819222547153015,0.3449439287832573
2016-10-19 08:00:00,26.4,87,0.0,1.1,72,-1.046162167924669,-0.33991869381244205
2016-10-19 09:00:00,27.6,83,0.0,3.1,339,1.1109406435904312,-2.8940993221413254
2016-10-19 10:00:00,28.6,79,0.0,7.7,311,5.811263767715345,-5.051654523226906
2016-10-19 11:00:00,28.8,79,0.0,9.4,310,7.200817765318393,-6.042203531053469
2016-10-19 12:00:00,29.1,78,0.0,9.9,303,8.302838622659698,-5.391926446648768
2016-10-19 13:00:00,28.8,79,0.0,9.2,312,6.836932394392027,-6.156001578501495
2016-10-19 14:00:00,28.8,79,0.0,7.9,313,5.777694242791447,-5.387787044493738
2016-10-19 15:00:00,28.7,81,0.0,3.4,302,2.883363526931848,-1.8017254983928965
2016-10-19 16:00:00,28.2,83,0.1,3.1,234,2.5079526825623373,1.8221342821066668
2016-10-19 17:00:00,27.6,86,0.0,2.3,288,2.1874299874788528,-0.710739087062379
2016-10-19 18:00:00,27.0,90,0.0,4.6,315,3.2526911934581184,-3.252691193458118
2016-10-19 19:00:00,25.8,94,0.0,3.8,343,1.1110124779463997,-3.6339580726595346
2016-10-19 20:00:00,25.5,94,0.0,0.8,333,0.3631923997916375,-0.7128052193506943
2016-10-19 21:00:00,25.3,94,0.0,1.1,288,1.0461621679246689,-0.33991869381244216
2016-10-19 22:00:00,25.0,95,0.0,6.2,353,0.7555899291119145,-6.153786140176196
2016-10-19 23:00:00,25.5,93,0.0,7.6,3,-0.39775326744637673,-7.589584464134761
2016-10-20 00:00:00,25.6,92,0.0,7.6,3,-0.39775326744637673,-7.589584464134761
2016-10-20 01:00:00,24.8,94,0.0,8.3,358,0.289665822630759,-8.294943864258496
2016-10-20 02:00:00,24.9,94,0.0,9.0,360,5.51091059616309e-16,-9.0
2016-10-20 03:00:00,25.8,92,0.0,7.2,360,4.4087284769304716e-16,-7.2
2016-10-20 04:00:00,25.1,93,0.0,1.8,323,1.0832670416736871,-1.437543918085127
2016-10-20 05:00:00,23.8,96,0.0,2.6,214,1.4539015490239418,2.1554976886431088
2016-10-20 06:00:00,23.9,96,0.0,3.1,216,1.8221342821066668,2.5079526825623373
2016-10-20 07:00:00,24.8,96,0.0,4.5,151,-2.1816432911085166,3.9357886821272814
2016-10-20 08:00:00,26.8,89,0.0,8.0,188,1.1133848076805237,7.922144549932563
2016-10-20 09:00:00,27.9,86,0.0,8.4,205,3.5499933986218752,7.61298541110786
2016-10-20 10:00:00,29.0,82,0.0,9.7,202,3.633683956134346,8.993683389297837
2016-10-20 11:00:00,29.8,77,0.1,10.5,207,4.766900247265242,9.355568503977862
2016-10-20 12:00:00,30.0,75,0.0,8.7,225,6.151828996322964,6.151828996322962
2016-10-20 13:00:00,30.5,73,0.0,9.4,238,7.9716521038704045,4.981241083792126
2016-10-20 14:00:00,30.7,73,0.0,10.3,241,9.008582983535776,4.993539088537272
2016-10-20 15:00:00,30.5,80,0.0,8.5,242,7.505054539300879,3.990508283680072
2016-10-20 16:00:00,30.2,82,0.0,6.3,246,5.755336383148386,2.5624408513775414
2016-10-20 17:00:00,29.5,85,0.0,3.5,246,3.197409101749103,1.4235782507653008
2016-10-20 18:00:00,28.4,91,0.0,5.3,242,4.679622242152313,2.4881992827652213
2016-10-20 19:00:00,27.3,94,0.0,3.9,202,1.4609657143220567,3.616017032810471
2016-10-20 20:00:00,26.7,94,0.0,4.0,170,-0.6945927106677212,3.939231012048832
2016-10-20 21:00:00,25.7,96,0.0,3.3,186,0.3449439287832564,3.2819222547153015
2016-10-20 22:00:00,25.3,96,0.0,4.6,198,1.4214781741247582,4.3748599749577055
2016-10-20 23:00:00,25.2,95,0.0,8.5,192,1.7672493719509554,8.314254606237347
2016-10-21 00:00:00,25.3,94,0.0,9.4,182,0.3280552690035102,9.394273773979501
2016-10-21 01:00:00,26.1,90,0.0,9.5,171,-1.4861274178821928,9.38303923565381
2016-10-21 02:00:00,26.1,90,0.0,11.3,197,3.303800263366926,10.806243742382302
2016-10-21 03:00:00,24.5,94,0.0,8.4,205,3.5499933986218752,7.61298541110786
2016-10-21 04:00:00,24.8,93,0.0,6.6,193,1.4846769586695083,6.430842427582553
2016-10-21 05:00:00,25.8,88,0.0,5.3,208,2.4881992827652213,4.679622242152313
2016-10-21 06:00:00,24.3,94,0.0,7.9,267,7.889173324561134,0.4134540543192563
2016-10-21 07:00:00,25.1,94,0.0,2.2,279,2.1729143493093033,-0.34415582308850795
2016-10-21 08:00:00,26.9,88,0.0,2.1,31,-1.0815799573111144,-1.8000513314744355
2016-10-21 09:00:00,27.6,84,0.0,3.2,360,1.9594348786357652e-16,-3.2
2016-10-21 10:00:00,28.6,81,0.0,4.2,301,3.600102662948872,-2.1631599146222276
2016-10-21 11:00:00,29.1,79,0.0,5.2,326,2.9078030980478835,-4.3109953772862175
2016-10-21 12:00:00,29.1,80,0.0,3.9,338,1.4609657143220567,-3.616017032810471
2016-10-21 13:00:00,29.2,78,0.0,5.9,308,4.64926344627966,-3.6324027044213842
2016-10-21 14:00:00,29.0,78,0.0,8.0,306,6.47213595499958,-4.702282018339785
2016-10-21 15:00:00,27.7,85,0.9,6.0,25,-2.5357095704441948,-5.4378467222199
2016-10-21 16:00:00,27.2,86,0.5,3.4,32,-1.801725498392897,-2.883363526931848
2016-10-21 17:00:00,26.8,90,0.7000000000000001,0.7000000000000001,180,4.2862637970157366e-17,0.7000000000000001
2016-10-21 18:00:00,25.9,95,0.4,5.7,125,-4.669166652447254,3.269385687200962
2016-10-21 19:00:00,26.1,90,0.0,7.7,127,-6.149493427364156,4.633975678270771
2016-10-21 20:00:00,26.0,90,0.0,4.6,135,-3.252691193458118,3.2526911934581184
2016-10-21 21:00:00,25.8,90,0.0,5.1,176,-0.35575801609503915,5.087576656325103
2016-10-21 22:00:00,25.2,91,0.0,5.1,135,-3.606244584051392,3.6062445840513924
2016-10-21 23:00:00,23.6,96,0.0,4.9,126,-3.9641832724372423,2.880147736233119
2016-10-22 00:00:00,23.3,97,0.0,4.4,125,-3.6042689948715645,2.5237363199446023
2016-10-22 01:00:00,23.2,97,0.0,3.1,144,-1.8221342821066664,2.5079526825623373
2016-10-22 02:00:00,23.2,97,0.0,3.0,166,-0.7257656867990033,2.9108871788279895
2016-10-22 03:00:00,23.2,97,0.0,3.3,174,-0.3449439287832567,3.2819222547153015
2016-10-22 04:00:00,22.8,97,0.0,3.3,193,0.7423384793347542,3.2154212137912763
2016-10-22 05:00:00,22.7,96,0.0,4.6,198,1.4214781741247582,4.3748599749577055
2016-10-22 06:00:00,22.3,98,0.0,3.6,180,2.2043642384652358e-16,3.6
2016-10-22 07:00:00,23.3,97,0.0,6.2,159,-2.2218812871808615,5.788198644282651
2016-10-22 08:00:00,26.5,88,0.0,5.9,166,-1.42733918403804,5.7247447850283795
2016-10-22 09:00:00,28.0,79,0.0,5.9,194,1.4273391840380394,5.7247447850283795
2016-10-22 10:00:00,28.6,78,0.0,10.0,218,6.156614753256583,7.88010753606722
2016-10-22 11:00:00,29.2,77,0.0,14.2,216,8.346550582553117,11.488041320124253
2016-10-22 12:00:00,29.3,79,0.0,18.5,209,8.968977974557237,16.18046458207882
2016-10-22 13:00:00,29.2,81,0.1,20.3,205,8.5791507133362,18.398048076843995
2016-10-22 14:00:00,28.1,86,1.9,19.6,206,8.59207447706592,17.616363307463676
2016-10-22 15:00:00,28.5,78,0.4,16.1,207,7.309247045806704,14.345205039432722
2016-10-22 16:00:00,27.9,81,0.4,11.3,207,5.1300926470568795,10.068373723328557
2016-10-22 17:00:00,27.2,84,0.3,9.1,198,2.8120546488120217,8.654614298285896
2016-10-22 18:00:00,26.4,91,0.1,9.6,193,2.159530121701103,9.353952621938259
2016-10-22 19:00:00,26.5,86,0.0,8.7,175,-0.7582549619046266,8.666893873398186
2016-10-22 20:00:00,25.4,91,0.0,9.1,173,-1.109011024986841,9.03216997993603
2016-10-22 21:00:00,24.2,95,0.0,7.9,180,4.837354856632045e-16,7.9
2016-10-22 22:00:00,23.3,99,0.0,7.7,169,-1.469229264399395,7.558529312547013
2016-10-22 23:00:00,22.8,98,0.0,6.0,163,-1.75423022833642,5.737828535778213
2016-10-23 00:00:00,22.4,99,0.0,6.3,156,-2.5624408513775414,5.755336383148386
2016-10-23 01:00:00,22.2,98,0.1,5.7,162,-1.7613968679371999,5.421022142882376
2016-10-23 02:00:00,22.1,96,0.2,5.9,166,-1.42733918403804,5.7247447850283795
2016-10-23 03:00:00,21.7,95,0.0,5.0,159,-1.7918397477265013,4.667902132486009
2016-10-23 04:00:00,21.6,94,0.1,4.6,162,-1.4214781741247577,4.374859974957706
2016-10-23 05:00:00,21.3,95,0.0,4.3,156,-1.748967565225941,3.9282454678631837
2016-10-23 06:00:00,21.2,94,0.0,4.5,151,-2.1816432911085166,3.9357886821272814
2016-10-23 07:00:00,22.2,94,0.1,5.9,137,-4.023790324368741,4.314986839553106
2016-10-23 08:00:00,25.9,81,0.2,5.6,140,-3.5996106142446203,4.289848881466277
2016-10-23 09:00:00,27.8,69,0.0,5.9,166,-1.42733918403804,5.7247447850283795
2016-10-23 10:00:00,28.8,65,0.0,5.4,184,0.3766849582182763,5.386845871403051
2016-10-23 11:00:00,29.4,65,0.0,4.7,203,1.8364363038995866,4.32637281122647
2016-10-23 12:00:00,29.6,67,0.0,4.5,241,3.935788682127281,2.1816432911085166
2016-10-23 13:00:00,29.5,69,0.0,5.8,274,5.78587149150698,-0.40458754771592675
2016-10-23 14:00:00,29.2,71,0.0,6.6,279,6.518743047927909,-1.0324674692655236
2016-10-23 15:00:00,29.1,73,0.2,6.5,289,6.1458707413955596,-2.1161930039715187
2016-10-23 16:00:00,28.6,76,0.0,6.0,303,5.032023407672544,-3.2678342100901627
2016-10-23 17:00:00,27.7,80,0.0,4.4,305,3.604268994871564,-2.523736319944603
2016-10-23 18:00:00,26.5,90,0.0,4.2,340,1.436484601967809,-3.9467090073008153
2016-10-23 19:00:00,25.2,93,0.0,6.4,16,-1.7640790772287929,-6.152074854005242
2016-10-23 20:00:00,24.4,94,0.0,8.4,25,-3.549993398621873,-7.612985411107861
2016-10-23 21:00:00,24.1,94,0.0,9.6,20,-3.283393375926418,-9.02104915954472
2016-10-23 22:00:00,24.2,93,0.0,9.5,11,-1.812685456077174,-9.325458242752807
2016-10-23 23:00:00,24.9,92,0.0,8.8,9,-1.3766232923540331,-8.691657397237211
2016-10-24 00:00:00,24.9,93,0.0,6.8,25,-2.873804179836754,-6.16289295184922
2016-10-24 01:00:00,23.8,96,0.0,5.1,45,-3.606244584051393,-3.606244584051392
2016-10-24 02:00:00,22.6,96,0.0,4.9,54,-3.964183272437243,-2.880147736233118
2016-10-24 03:00:00,23.2,91,0.0,4.4,55,-3.604268994871564,-2.5237363199446032
2016-10-24 04:00:00,22.7,92,0.0,3.3,49,-2.490541614735148,-2.1649947956686733
2016-10-24 05:00:00,21.7,95,0.0,4.4,55,-3.604268994871564,-2.5237363199446032
2016-10-24 06:00:00,21.3,95,0.0,5.3,62,-4.679622242152313,-2.4881992827652213
2016-10-24 07:00:00,22.4,94,0.0,4.5,61,-3.9357886821272814,-2.181643291108516
2016-10-24 08:00:00,26.2,81,0.0,4.5,29,-2.1816432911085157,-3.935788682127282
2016-10-24 09:00:00,27.6,77,0.0,6.5,3,-0.340183715579138,-6.49109197590473
2016-10-24 10:00:00,28.5,74,0.0,7.6,357,0.3977532674463741,-7.589584464134761
2016-10-24 11:00:00,29.1,73,0.0,9.6,347,2.159530121701103,-9.353952621938259
2016-10-24 12:00:00,29.2,73,0.0,11.0,349,2.098898949141994,-10.797899017924303
2016-10-24 13:00:00,29.3,73,0.0,11.5,346,2.782101799396178,-11.15840085217396
2016-10-24 14:00:00,29.2,74,0.0,9.9,350,1.7191169589026112,-9.74959675482086
2016-10-24 15:00:00,28.8,76,0.0,9.9,350,1.7191169589026112,-9.74959675482086
2016-10-24 16:00:00,28.3,78,0.0,8.7,355,0.7582549619046257,-8.666893873398186
2016-10-24 17:00:00,27.8,80,0.0,6.5,360,3.9801020972288977e-16,-6.5
2016-10-24 18:00:00,27.2,81,0.0,6.9,351,1.0793978087775935,-6.815049550106451
2016-10-24 19:00:00,26.8,84,0.0,6.3,13,-1.417191642366351,-6.1385314081469815
2016-10-24 20:00:00,26.4,85,0.0,5.8,22,-2.1727182418122912,-5.377666356487366
2016-10-24 21:00:00,26.1,86,0.0,4.7,4,-0.32785542659739025,-4.688551036221174
2016-10-24 22:00:00,25.9,86,0.0,4.0,10,-0.6945927106677213,-3.939231012048832
2016-10-24 23:00:00,25.8,86,0.0,4.1,15,-1.0611580849203346,-3.96029588778518
2016-10-25 00:00:00,25.6,86,0.0,3.9,22,-1.460965714322058,-3.6160170328104706
2016-10-25 01:00:00,25.5,86,0.0,4.4,9,-0.6883116461770166,-4.345828698618606
2016-10-25 02:00:00,25.2,87,0.0,4.9,17,-1.4326213531414118,-4.685893304218873
2016-10-25 03:00:00,25.0,88,0.0,4.7,32,-2.490620541896064,-3.9858260519352022
2016-10-25 04:00:00,24.0,89,0.0,4.3,42,-2.87726160734309,-3.195522749552796
2016-10-25 05:00:00,23.4,90,0.0,4.3,42,-2.87726160734309,-3.195522749552796
2016-10-25 06:00:00,22.4,92,0.0,5.4,48,-4.012982057577929,-3.6133052743378347
2016-10-25 07:00:00,22.5,96,0.0,4.6,51,-3.5748714227020653,-2.894873798829253
2016-10-25 08:00:00,25.6,88,0.0,3.3,41,-2.1649947956686737,-2.4905416147351476
2016-10-25 09:00:00,27.3,82,0.0,1.5,14,-0.36288284339950166,-1.4554435894139948
2016-10-25 10:00:00,28.3,78,0.0,3.4,288,3.233592155403522,-1.0506577808748212
2016-10-25 11:00:00,29.1,76,0.0,7.9,294,7.217009115376547,-3.2132194802988217
2016-10-25 12:00:00,29.2,75,0.0,10.9,304,9.036509540849954,-6.095202647831141
2016-10-25 13:00:00,29.2,74,0.0,11.7,313,8.556838308944293,-7.979380812731232
2016-10-25 14:00:00,28.8,75,0.0,11.6,324,6.818308926592688,-9.38459713474939
2016-10-25 15:00:00,28.2,79,0.0,10.2,337,3.985457510590592,-9.389149505214892
2016-10-25 16:00:00,27.8,80,0.0,7.5,343,2.192787785420526,-7.172285669722766
2016-10-25 17:00:00,27.3,82,0.0,4.9,343,1.4326213531414103,-4.685893304218874
2016-10-25 18:00:00,26.1,90,0.0,7.0,348,1.4553818357243162,-6.847033205136639
2016-10-25 19:00:00,25.4,91,0.0,7.2,6,-0.7526049355271042,-7.160557646651569
2016-10-25 20:00:00,24.8,93,0.0,7.9,357,0.41345405431925736,-7.889173324561134
2016-10-25 21:00:00,24.5,94,0.0,7.3,351,1.1419715947936857,-7.210124886344506
2016-10-25 22:00:00,24.9,94,0.0,7.7,349,1.4692292643993958,-7.558529312547013
2016-10-25 23:00:00,24.7,95,0.0,6.9,354,0.7212463965468089,-6.862201078041086
2016-10-26 00:00:00,24.6,96,0.0,5.4,352,0.7515347451843536,-5.34744757120448
2016-10-26 01:00:00,24.5,96,0.0,4.1,345,1.061158084920335,-3.96029588778518
2016-10-26 02:00:00,24.4,96,0.0,2.2,360,1.3471114790620887e-16,-2.2
2016-10-26 03:00:00,24.9,92,0.0,1.3,304,1.0777488443215542,-0.726950774511971
2016-10-26 04:00:00,25.0,91,0.0,1.9,248,1.761649323676896,0.7117525274902328
2016-10-26 05:00:00,24.9,92,0.0,1.8,233,1.437543918085127,1.083267041673687
2016-10-26 06:00:00,24.8,91,0.0,1.3,236,1.0777488443215542,0.726950774511971
2016-10-26 07:00:00,25.1,90,0.0,1.6,297,1.4256104387013888,-0.7263847995832748
2016-10-26 08:00:00,26.0,90,0.0,2.4,297,2.138415658052083,-1.0895771993749122
2016-10-26 09:00:00,27.1,85,0.0,3.4,302,2.883363526931848,-1.8017254983928965
2016-10-26 10:00:00,28.0,81,0.0,5.2,304,4.310995377286217,-2.907803098047884
2016-10-26 11:00:00,28.9,77,0.0,7.5,305,6.143640332167439,-4.301823272632845
2016-10-26 12:00:00,29.4,75,0.0,9.2,309,7.149742845404131,-5.789747597658503
2016-10-26 13:00:00,29.4,75,0.0,10.7,315,7.566042558696059,-7.566042558696057
2016-10-26 14:00:00,28.9,78,0.0,11.2,320,7.1992212284892405,-8.579697762932554
2016-10-26 15:00:00,28.5,80,0.0,10.9,326,6.09520264783114,-9.036509540849956
2016-10-26 16:00:00,27.8,84,0.0,10.6,332,4.976398565530443,-9.359244484304625
2016-10-26 17:00:00,27.0,87,0.0,9.2,339,3.2969851358167634,-8.588939923774255
2016-10-26 18:00:00,26.2,91,0.0,9.1,351,1.4235536318661013,-8.987963899415753
2016-10-26 19:00:00,25.7,94,0.0,8.3,5,-0.7233926648055635,-8.268415994161488
2016-10-26 20:00:00,25.0,96,0.0,7.8,13,-1.7546182238821488,-7.600086505324834
2016-10-26 21:00:00,24.4,97,0.0,7.6,8,-1.0577155672965002,-7.526037322435934
2016-10-26 22:00:00,24.3,96,0.0,7.6,8,-1.0577155672965002,-7.526037322435934
2016-10-26 23:00:00,24.8,95,0.0,7.3,11,-1.3929056662487755,-7.165878439167947
2016-10-27 00:00:00,24.7,96,0.0,5.1,8,-0.7097828148963357,-5.050367150582008
2016-10-27 01:00:00,24.1,98,0.0,3.2,27,-1.4527695991665501,-2.851220877402777
2016-10-27 02:00:00,23.6,97,0.0,1.4,90,-1.4,1.7145055188062944e-16
2016-10-27 03:00:00,23.0,97,0.0,0.8,117,-0.7128052193506943,0.36319239979163753
2016-10-27 04:00:00,23.0,97,0.0,1.4,360,8.572527594031472e-17,-1.4
2016-10-27 05:00:00,23.4,96,0.0,3.3,347,0.7423384793347542,-3.2154212137912763
2016-10-27 06:00:00,23.3,95,0.0,4.3,5,-0.37476969381493047,-4.283637201794505
2016-10-27 07:00:00,23.9,95,0.0,3.1,21,-1.1109406435904323,-2.894099322141325
2016-10-27 08:00:00,25.5,92,0.0,3.1,339,1.1109406435904312,-2.8940993221413254
2016-10-27 09:00:00,26.8,85,0.0,4.7,328,2.490620541896063,-3.9858260519352022
2016-10-27 10:00:00,27.9,80,0.0,5.6,320,3.5996106142446203,-4.289848881466277
2016-10-27 11:00:00,28.5,76,0.0,6.6,311,4.981083229470295,-4.329989591337347
2016-10-27 12:00:00,28.8,75,0.0,8.2,311,6.18861855782673,-5.379684037722159
2016-10-27 13:00:00,28.7,76,0.0,10.5,311,7.924450592339106,-6.888619804400326
2016-10-27 14:00:00,28.8,76,0.0,11.8,320,7.5848937943011645,-9.03932442880394
2016-10-27 15:00:00,28.2,79,0.0,11.3,329,5.8199302464836125,-9.68599049793387
2016-10-27 16:00:00,27.8,81,0.0,9.9,341,3.223124729125852,-9.360633898433235
2016-10-27 17:00:00,27.1,85,0.0,7.3,349,1.3929056662487778,-7.165878439167947
2016-10-27 18:00:00,26.1,90,0.0,8.0,355,0.6972459419812651,-7.969557584733964
2016-10-27 19:00:00,25.2,95,0.0,7.6,360,4.653657836759942e-16,-7.6
2016-10-27 20:00:00,25.0,94,0.0,7.2,6,-0.7526049355271042,-7.160557646651569
2016-10-27 21:00:00,25.3,93,0.0,7.0,12,-1.4553818357243185,-6.847033205136639
2016-10-27 22:00:00,25.5,93,0.0,7.0,12,-1.4553818357243185,-6.847033205136639
2016-10-27 23:00:00,25.3,93,0.0,7.7,11,-1.4692292643993936,-7.558529312547013
2016-10-28 00:00:00,25.2,93,0.0,7.7,11,-1.4692292643993936,-7.558529312547013
2016-10-28 01:00:00,24.4,96,0.0,7.8,13,-1.7546182238821488,-7.600086505324834
2016-10-28 02:00:00,24.2,96,0.0,6.6,13,-1.4846769586695105,-6.430842427582552
2016-10-28 03:00:00,24.9,89,0.0,6.2,7,-0.7555899291119125,-6.153786140176197
2016-10-28 04:00:00,24.8,89,0.0,5.4,356,0.3766849582182763,-5.386845871403051
2016-10-28 05:00:00,24.7,89,0.0,4.8,347,1.0797650608505516,-4.676976310969129
2016-10-28 06:00:00,24.4,90,0.0,3.3,6,-0.3449439287832561,-3.281922254715302
2016-10-28 07:00:00,24.4,91,0.0,3.6,6,-0.3763024677635521,-3.5802788233257843
2016-10-28 08:00:00,25.8,88,0.0,5.1,352,0.7097828148963339,-5.050367150582009
2016-10-28 09:00:00,27.2,84,0.0,6.3,347,1.4171916423663489,-6.1385314081469815
2016-10-28 10:00:00,28.4,79,0.0,9.2,339,3.2969851358167634,-8.588939923774255
2016-10-28 11:00:00,28.9,76,0.0,12.0,339,4.300415394543604,-11.202965117966421
2016-10-28 12:00:00,29.1,76,0.0,13.8,340,4.71987797789423,-12.967758166845535
2016-10-28 13:00:00,29.0,76,0.0,14.3,342,4.418943019561749,-13.600108183020696
2016-10-28 14:00:00,28.7,77,0.0,14.7,343,4.2978640594242306,-14.05767991265662
2016-10-28 15:00:00,28.1,81,0.0,14.6,344,4.024305394928188,-14.034420760699456
2016-10-28 16:00:00,27.6,83,0.0,13.2,349,2.518678738970393,-12.957478821509163
2016-10-28 17:00:00,26.8,86,0.0,10.9,352,1.5169868004647136,-10.793921949283117
2016-10-28 18:00:00,25.7,91,0.0,10.5,352,1.4613175600806874,-10.397814721786489
2016-10-28 19:00:00,24.9,95,0.0,10.1,356,0.7045403848156648,-10.075396907624224
2016-10-28 20:00:00,24.2,96,0.0,9.4,353,1.1455718280083864,-9.329933825428427
2016-10-28 21:00:00,24.0,96,0.0,9.9,350,1.7191169589026112,-9.74959675482086
2016-10-28 22:00:00,24.0,95,0.0,10.9,354,1.1393602496174227,-10.84028865951418
2016-10-28 23:00:00,24.1,94,0.0,9.0,358,0.31409547032250973,-8.994517443171862
2016-10-29 00:00:00,23.9,95,0.0,7.6,3,-0.39775326744637673,-7.589584464134761
2016-10-29 01:00:00,23.7,96,0.0,7.6,5,-0.6623836448822027,-7.571079705497266
2016-10-29 02:00:00,24.0,97,0.0,10.1,17,-2.9529542176996446,-9.658678035226657
2016-10-29 03:00:00,24.7,92,0.0,11.6,22,-4.3454364836245825,-10.755332712974733
2016-10-29 04:00:00,24.5,91,0.2,13.7,18,-4.233532822936781,-13.029474273243602
2016-10-29 05:00:00,24.2,90,0.1,15.5,18,-4.789763412811687,-14.74137600257488
2016-10-29 06:00:00,24.2,89,0.0,15.4,16,-4.244815279581783,-14.803430117450112
2016-10-29 07:00:00,24.5,88,0.0,17.2,20,-5.882746465201499,-16.162713077517623
2016-10-29 08:00:00,25.9,87,0.0,17.8,14,-4.3062097416740865,-17.271263927712738
2016-10-29 09:00:00,27.1,80,0.0,20.4,9,-3.191263086820713,-20.148842148140808
2016-10-29 10:00:00,28.2,75,0.0,21.8,9,-3.410271337877037,-21.531605824974
2016-10-29 11:00:00,28.6,74,0.0,23.3,8,-3.242733252369534,-23.073246001678587
2016-10-29 12:00:00,29.0,72,0.0,25.7,6,-2.6863815059786913,-25.559212710964626
2016-10-29 13:00:00,28.9,72,0.0,27.2,6,-2.8431742008801715,-27.050995554017035
2016-10-29 14:00:00,28.7,73,0.0,27.2,8,-3.78550834611379,-26.93529146977071
2016-10-29 15:00:00,28.0,74,0.0,27.3,8,-3.799425656209797,-27.034318276644868
2016-10-29 16:00:00,27.1,76,0.0,26.6,9,-4.1611567700701455,-26.272509859830663
2016-10-29 17:00:00,25.9,79,0.0,26.3,10,-4.566947072640268,-25.90044390422107
2016-10-29 18:00:00,25.0,80,0.0,26.2,9,-4.098582984054053,-25.877434523592605
2016-10-29 19:00:00,24.6,81,0.0,25.6,11,-4.884710281639542,-25.1296558962602
2016-10-29 20:00:00,24.1,82,0.0,23.5,11,-4.4840113913487984,-23.0682388110201
2016-10-29 21:00:00,23.5,85,0.0,22.0,11,-4.197797898283982,-21.595798035848606
2016-10-29 22:00:00,23.0,87,0.0,21.7,12,-4.511683690745388,-21.225802935923582
2016-10-29 23:00:00,22.6,88,0.0,19.6,13,-4.409040665139759,-19.09765326979061
2016-10-30 00:00:00,22.5,88,0.0,21.0,13,-4.723972141221171,-20.461771360489937
2016-10-30 01:00:00,22.4,87,0.0,20.3,12,-4.2206073236005235,-19.856396294896253
2016-10-30 02:00:00,22.3,87,0.0,19.9,13,-4.476525981442919,-19.389964289226178
2016-10-30 03:00:00,22.3,84,0.0,19.2,13,-4.3190602434022125,-18.707905243876514
2016-10-30 04:00:00,22.0,85,0.0,19.6,14,-4.741669153753489,-19.01779623500953
2016-10-30 05:00:00,21.8,87,0.0,20.8,14,-5.03197542847309,-20.182151106540726
2016-10-30 06:00:00,21.8,86,0.0,21.1,17,-6.1690429696497535,-20.17803035082005
2016-10-30 07:00:00,22.3,87,0.0,21.0,16,-5.788384472156976,-20.1864956147047
2016-10-30 08:00:00,24.6,79,0.0,21.2,15,-5.486963756173437,-20.477627517328248
2016-10-30 09:00:00,25.3,75,0.0,22.4,11,-4.274121496434599,-21.98844890922767
2016-10-30 10:00:00,26.2,73,0.0,22.3,9,-3.488488570397152,-22.025449995271572
2016-10-30 11:00:00,26.7,72,0.0,21.7,7,-2.6445647518916937,-21.538251490616688
2016-10-30 12:00:00,26.9,72,0.0,22.4,6,-2.341437577195435,-22.27729045624932
2016-10-30 13:00:00,27.0,72,0.0,23.1,5,-2.013297657470906,-23.012097525919323
2016-10-30 14:00:00,26.7,73,0.0,22.5,6,-2.3518904235222005,-22.376742645786152
2016-10-30 15:00:00,26.7,73,0.0,19.6,7,-2.3886391307408847,-19.453904572169915
2016-10-30 16:00:00,26.2,76,0.0,18.2,9,-2.847107263732205,-17.975927798831506
2016-10-30 17:00:00,25.5,79,0.0,16.8,9,-2.6280990126758814,-16.593164121998313
2016-10-30 18:00:00,24.3,83,0.0,15.8,12,-3.2850047149206048,-15.45473209159413
2016-10-30 19:00:00,23.6,88,0.0,14.5,14,-3.507867486195183,-14.06928803100195
2016-10-30 20:00:00,23.3,88,0.0,14.0,12,-2.910763671448637,-13.694066410273278
2016-10-30 21:00:00,23.3,86,0.0,14.5,7,-1.767105479374634,-14.39191919879917
2016-10-30 22:00:00,23.3,86,0.0,15.7,9,-2.4560211011316273,-15.50670694734366
2016-10-30 23:00:00,23.0,87,0.0,16.2,12,-3.3681693912477084,-15.845991131887649
2016-10-31 00:00:00,22.6,88,0.0,15.7,11,-2.9957012274117503,-15.411546780128324
2016-10-31 01:00:00,22.6,89,0.0,15.0,10,-2.6047226650039548,-14.772116295183121
2016-10-31 02:00:00,22.4,90,0.0,14.6,9,-2.283943189587373,-14.42024977268901
2016-10-31 03:00:00,22.1,90,0.2,14.3,10,-2.483168940637104,-14.082750868074575
2016-10-31 04:00:00,21.9,90,0.2,13.9,10,-2.4137096695703315,-13.688827766869691
2016-10-31 05:00:00,22.0,89,0.1,13.5,9,-2.111865278043119,-13.333792598034359
2016-10-31 06:00:00,21.9,90,0.0,13.5,9,-2.111865278043119,-13.333792598034359
2016-10-31 07:00:00,22.3,89,0.0,15.0,10,-2.6047226650039548,-14.772116295183121
2016-10-31 08:00:00,24.4,80,0.0,17.8,7,-2.16927431261162,-17.667321499215532
2016-10-31 09:00:00,25.7,74,0.0,19.9,6,-2.0801164190263015,-19.79098571782864
2016-10-31 10:00:00,26.7,71,0.0,21.7,5,-1.891279617624184,-21.617424948590877
2016-10-31 11:00:00,27.3,68,0.0,23.4,2,-0.8166482228385178,-23.38574535224684
2016-10-31 12:00:00,27.6,68,0.0,24.5,2,-0.8550376692112687,-24.485075261967847
2016-10-31 13:00:00,27.6,69,0.0,25.6,2,-0.8934271155840195,-25.584405171688854
2016-10-31 14:00:00,27.1,71,0.0,25.9,1,-0.45201732672564254,-25.896055304550533
2016-10-31 15:00:00,26.5,73,0.0,26.3,2,-0.91785676327577,-26.28397875060222
2016-10-31 16:00:00,25.8,76,0.0,24.5,3,-1.2822309279521356,-24.466423601487058
2016-10-31 17:00:00,24.8,79,0.0,22.4,6,-2.341437577195435,-22.27729045624932
2016-10-31 18:00:00,24.0,81,0.0,21.3,6,-2.2264562676010167,-21.183316371344223
2016-10-31 19:00:00,23.5,83,0.0,21.0,7,-2.5592562115080906,-20.843469184467764
2016-10-31 20:00:00,23.1,84,0.0,21.4,7,-2.608003948870149,-21.24048764512429
2016-10-31 21:00:00,22.7,85,0.0,21.5,9,-3.363340998364967,-21.23529932279546
2016-10-31 22:00:00,22.5,86,0.0,21.1,9,-3.300767212348875,-20.840223986557405
2016-10-31 23:00:00,22.0,88,0.0,21.2,10,-3.681341366538923,-20.87792436385881
2016-11-01 00:00:00,21.9,88,0.0,20.5,11,-3.9115844052191644,-20.12335726067711
2016-11-01 01:00:00,21.7,88,0.0,20.5,10,-3.559787642172072,-20.188558936750265
2016-11-01 02:00:00,21.5,88,0.0,21.9,9,-3.4259147843810593,-21.630374659033514
2016-11-01 03:00:00,21.9,84,0.0,22.5,12,-4.678013043399595,-22.008321016510624
2016-11-01 04:00:00,21.6,84,0.0,22.7,11,-4.331364195047563,-22.282937064261972
2016-11-01 05:00:00,21.7,83,0.0,23.7,10,-4.115461810706249,-23.33994374638933
2016-11-01 06:00:00,21.8,82,0.0,25.5,9,-3.9890788585258914,-25.186052685176012
2016-11-01 07:00:00,22.2,81,0.0,27.2,11,-5.190004674242013,-26.70025938977646
2016-11-01 08:00:00,23.8,76,0.0,27.8,10,-4.827419339140663,-27.377655533739382
2016-11-01 09:00:00,25.0,72,0.0,29.3,11,-5.590703564532757,-28.761676475016554
2016-11-01 10:00:00,25.9,69,0.0,30.3,10,-5.261539783307989,-29.839674916269903
2016-11-01 11:00:00,26.6,67,0.0,32.7,8,-4.5509604013941525,-32.38176584784935
2016-11-01 12:00:00,26.5,66,0.0,33.0,7,-4.021688332369856,-32.75402300416363
2016-11-01 13:00:00,26.4,66,0.0,33.8,7,-4.119183807093974,-33.548059925476686
2016-11-01 14:00:00,26.1,67,0.0,34.1,7,-4.155744610115518,-33.84582377096908
2016-11-01 15:00:00,25.8,67,0.0,32.0,8,-4.4535392307221064,-31.688578199730248
2016-11-01 16:00:00,25.2,69,0.0,28.1,10,-4.879513792440743,-27.673097859643047
2016-11-01 17:00:00,24.3,71,0.0,26.0,10,-4.514852619340188,-25.60500157831741
2016-11-01 18:00:00,23.4,74,0.0,24.5,10,-4.254380352839793,-24.127789948799098
2016-11-01 19:00:00,22.7,77,0.0,22.5,12,-4.678013043399595,-22.008321016510624
2016-11-01 20:00:00,22.1,82,0.0,20.9,11,-3.9879080033697822,-20.516008134056175
2016-11-01 21:00:00,21.7,82,0.0,21.6,11,-4.121474300133364,-21.203147162469545
2016-11-01 22:00:00,21.4,84,0.0,21.7,12,-4.511683690745388,-21.225802935923582
2016-11-01 23:00:00,21.2,83,0.0,20.8,14,-5.03197542847309,-20.182151106540726
2016-11-02 00:00:00,21.1,84,0.0,21.4,13,-4.8139525629587165,-20.851519386404032
2016-11-02 01:00:00,20.5,85,0.0,21.7,12,-4.511683690745388,-21.225802935923582
2016-11-02 02:00:00,20.3,86,0.0,21.7,12,-4.511683690745388,-21.225802935923582
2016-11-02 03:00:00,20.5,83,0.0,21.8,13,-4.9039329846962625,-21.241267412318127
2016-11-02 04:00:00,20.3,83,0.0,21.8,13,-4.9039329846962625,-21.241267412318127
2016-11-02 05:00:00,20.3,83,0.0,22.4,15,-5.797546610296462,-21.63673850887513
2016-11-02 06:00:00,19.9,84,0.0,22.8,16,-6.284531712627575,-21.916766667393674
2016-11-02 07:00:00,20.5,83,0.0,23.6,12,-4.906715903299132,-23.084283377317814
2016-11-02 08:00:00,22.8,73,0.0,25.3,11,-4.8274675830265785,-24.8351677412259
2016-11-02 09:00:00,23.9,69,0.0,27.5,11,-5.247247372854977,-26.99474754481076
2016-11-02 10:00:00,24.7,67,0.0,28.7,8,-3.994267997553889,-28.420693572883067
2016-11-02 11:00:00,24.9,66,0.0,30.8,7,-3.753575776878533,-30.57042147055272
2016-11-02 12:00:00,25.0,66,0.0,32.3,7,-3.936379791986253,-32.0592406980147
2016-11-02 13:00:00,25.0,66,0.0,33.4,7,-4.070436069731915,-33.15104146482015
2016-11-02 14:00:00,24.7,66,0.0,33.7,7,-4.10699687275346,-33.44880531031256
2016-11-02 15:00:00,24.2,66,0.0,32.3,8,-4.495291161010126,-31.985658620352716
2016-11-02 16:00:00,23.5,68,0.0,28.1,9,-4.395808467630492,-27.75404237072337
2016-11-02 17:00:00,22.6,70,0.0,26.3,9,-4.114226430558077,-25.97620335765212
2016-11-02 18:00:00,21.7,72,0.0,24.7,8,-3.4375755937136256,-24.459621297916783
2016-11-02 19:00:00,21.3,73,0.0,24.9,5,-2.17017799441669,-24.805247982484463
2016-11-02 20:00:00,21.1,73,0.0,26.4,6,-2.7595514302660487,-26.255378037722416
2016-11-02 21:00:00,21.0,73,0.0,26.1,7,-3.180789862874341,-25.905454557838507
2016-11-02 22:00:00,20.7,73,0.0,25.4,7,-3.095481322490738,-25.21067225168958
2016-11-02 23:00:00,20.5,73,0.0,24.0,8,-3.3401544230415796,-23.766433649797687
2016-11-03 00:00:00,20.5,73,0.0,22.9,8,-3.187064011985507,-22.67713877418196
2016-11-03 01:00:00,20.2,74,0.0,22.1,7,-2.6933124892537528,-21.93526995127322
2016-11-03 02:00:00,20.1,75,0.0,21.5,10,-3.733435819839002,-21.17336668976247
2016-11-03 03:00:00,19.8,80,0.0,20.8,10,-3.611882095472151,-20.484001262653926
2016-11-03 04:00:00,19.4,82,0.0,20.8,9,-3.2538368728368057,-20.543917484378863
2016-11-03 05:00:00,19.5,82,0.0,20.5,10,-3.559787642172072,-20.188558936750265
2016-11-03 06:00:00,19.4,84,0.0,19.8,12,-4.116651478191644,-19.36732249452935
2016-11-03 07:00:00,19.6,86,0.0,19.8,12,-4.116651478191644,-19.36732249452935
2016-11-03 08:00:00,22.0,74,0.0,20.0,8,-2.7834620192013166,-19.805361374831406
2016-11-03 09:00:00,22.9,72,0.0,21.1,9,-3.300767212348875,-20.840223986557405
2016-11-03 10:00:00,23.8,70,0.0,21.1,9,-3.300767212348875,-20.840223986557405
2016-11-03 11:00:00,24.6,69,0.0,21.8,8,-3.033973600929435,-21.58784389856623
2016-11-03 12:00:00,24.9,70,0.0,22.9,8,-3.187064011985507,-22.67713877418196
2016-11-03 13:00:00,24.9,71,0.0,23.7,9,-3.7074968214534754,-23.40821367210476
2016-11-03 14:00:00,24.7,72,0.0,23.6,8,-3.2844851826575536,-23.37032642230106
2016-11-03 15:00:00,23.9,73,0.1,22.3,9,-3.488488570397152,-22.025449995271572
2016-11-03 16:00:00,23.2,75,0.0,20.1,9,-3.144332747308644,-19.85253564596227
2016-11-03 17:00:00,22.3,78,0.0,18.3,10,-3.177761651304825,-18.02198188012341
2016-11-03 18:00:00,21.6,82,0.0,15.2,14,-3.67721281311495,-14.748495039395145
2016-11-03 19:00:00,21.2,85,0.0,14.8,14,-3.5804440548750835,-14.360376748884748
2016-11-03 20:00:00,20.6,89,0.0,14.4,13,-3.23929518255166,-14.030928932907386
2016-11-03 21:00:00,20.4,90,0.1,14.1,13,-3.1718098662485,-13.738617913471815
2016-11-03 22:00:00,20.3,89,0.1,13.8,15,-3.571702822414785,-13.329776402789143
2016-11-03 23:00:00,20.6,88,0.1,12.5,12,-2.5988961352219975,-12.22684500917257
2016-11-04 00:00:00,20.6,89,0.1,11.7,11,-2.232465245905572,-11.485038046337667
2016-11-04 01:00:00,20.7,89,0.3,10.3,12,-2.141490415422926,-10.074920287558198
2016-11-04 02:00:00,21.2,85,0.3,9.7,15,-2.51054473749445,-9.369480515003962
2016-11-04 03:00:00,21.1,85,0.5,8.9,14,-2.1531048708370433,-8.635631963856369
2016-11-04 04:00:00,21.2,85,0.3,8.9,14,-2.1531048708370433,-8.635631963856369
2016-11-04 05:00:00,21.2,85,0.2,9.9,19,-3.2231247291258507,-9.360633898433237
2016-11-04 06:00:00,21.1,85,0.2,9.1,34,-5.088655421583794,-7.54424191025088
2016-11-04 07:00:00,21.1,87,0.1,7.7,41,-5.051654523226906,-5.811263767715345
2016-11-04 08:00:00,22.0,88,0.0,6.3,31,-3.2447398719333433,-5.400153994423306
2016-11-04 09:00:00,22.8,83,0.0,5.7,18,-1.7613968679372012,-5.421022142882375
2016-11-04 10:00:00,23.8,79,0.0,5.0,360,3.061616997868383e-16,-5.0
2016-11-04 11:00:00,24.2,77,0.0,6.6,347,1.4846769586695083,-6.430842427582553
2016-11-04 12:00:00,24.7,75,0.0,8.7,353,1.060263287624783,-8.6351515192795
2016-11-04 13:00:00,24.9,74,0.0,10.2,352,1.4195656297926678,-10.100734301164017
2016-11-04 14:00:00,24.9,74,0.0,11.9,355,1.0371533386971319,-11.854716907291772
2016-11-04 15:00:00,24.7,74,0.0,13.0,360,7.960204194457795e-16,-13.0
2016-11-04 16:00:00,24.3,76,0.0,12.4,8,-1.7257464519048162,-12.279324052395472
2016-11-04 17:00:00,23.5,80,0.0,9.6,13,-2.1595301217011063,-9.353952621938257
2016-11-04 18:00:00,22.3,89,0.0,11.2,15,-2.898773305148231,-10.818369254437565
2016-11-04 19:00:00,22.3,85,0.0,9.0,29,-4.3632865822170315,-7.871577364254564
2016-11-04 20:00:00,22.0,87,0.0,5.6,45,-3.9597979746446668,-3.9597979746446654
2016-11-04 21:00:00,21.3,90,0.0,2.8,50,-2.1449244407331385,-1.7998053071223097
2016-11-04 22:00:00,20.5,93,0.0,1.8,53,-1.437543918085127,-1.0832670416736871
2016-11-04 23:00:00,19.5,95,0.0,1.8,90,-1.8,2.2043642384652358e-16
2016-11-05 00:00:00,18.8,95,0.0,2.1,121,-1.8000513314744357,1.0815799573111142
2016-11-05 01:00:00,18.3,94,0.0,3.3,139,-2.1649947956686737,2.490541614735148
2016-11-05 02:00:00,18.3,93,0.0,3.8,139,-2.493024310163927,2.867896404846534
2016-11-05 03:00:00,18.5,90,0.0,4.0,117,-3.564026096753471,1.8159619989581874
2016-11-05 04:00:00,17.5,92,0.0,4.5,104,-4.366330768241984,1.0886485301985047
2016-11-05 05:00:00,16.8,92,0.0,4.0,100,-3.939231012048832,0.6945927106677211
2016-11-05 06:00:00,16.7,90,0.0,3.3,103,-3.215421213791276,0.7423384793347552
2016-11-05 07:00:00,17.5,89,0.0,2.5,98,-2.475670171853926,0.3479327524001633
2016-11-05 08:00:00,21.6,83,0.0,2.7,113,-2.485363104321589,1.0549740469210394
2016-11-05 09:00:00,23.5,78,0.0,0.4,360,2.4492935982947065e-17,-0.4
2016-11-05 10:00:00,24.5,74,0.0,3.1,324,1.8221342821066668,-2.5079526825623373
2016-11-05 11:00:00,25.3,71,0.0,5.6,320,3.5996106142446203,-4.289848881466277
2016-11-05 12:00:00,25.9,70,0.0,8.2,319,5.379684037722159,-6.18861855782673
2016-11-05 13:00:00,26.1,69,0.0,9.6,326,5.368251873319169,-7.9587606965284
2016-11-05 14:00:00,26.0,68,0.0,10.8,339,3.870373855089244,-10.08266860616978
2016-11-05 15:00:00,25.7,72,0.0,11.0,349,2.098898949141994,-10.797899017924303
2016-11-05 16:00:00,24.9,75,0.0,11.2,354,1.1707187885977186,-11.13864522812466
2016-11-05 17:00:00,24.0,79,0.0,10.1,356,0.7045403848156648,-10.075396907624224
2016-11-05 18:00:00,22.5,86,0.0,10.1,4,-0.7045403848156684,-10.075396907624224
2016-11-05 19:00:00,21.7,91,0.0,10.9,6,-1.1393602496174215,-10.840288659514181
2016-11-05 20:00:00,21.7,89,0.0,10.4,360,6.368163355566237e-16,-10.4
2016-11-05 21:00:00,21.4,90,0.0,10.1,2,-0.35248491669525767,-10.093847352892867
2016-11-05 22:00:00,21.5,90,0.0,9.8,6,-1.024378940023003,-9.74631457460908
2016-11-05 23:00:00,21.7,90,0.0,7.6,19,-2.4743179738743906,-7.185941174554808
2016-11-06 00:00:00,21.6,90,0.0,4.8,27,-2.179154398749825,-4.276831316104166
2016-11-06 01:00:00,21.4,90,0.0,4.3,24,-1.7489675652259404,-3.928245467863184
2016-11-06 02:00:00,21.2,90,0.0,3.6,45,-2.545584412271572,-2.545584412271571
2016-11-06 03:00:00,20.8,86,0.0,3.6,53,-2.875087836170254,-2.1665340833473743
2016-11-06 04:00:00,19.7,87,0.0,4.6,51,-3.5748714227020653,-2.894873798829253
2016-11-06 05:00:00,19.4,87,0.0,5.4,48,-4.012982057577929,-3.6133052743378347
2016-11-06 06:00:00,19.0,87,0.0,6.1,50,-4.6728711030257655,-3.921004419087889
2016-11-06 07:00:00,19.2,87,0.0,4.7,58,-3.9858260519352027,-2.4906205418960625
2016-11-06 08:00:00,22.7,81,0.0,4.1,75,-3.96029588778518,-1.0611580849203353
2016-11-06 09:00:00,24.5,74,0.0,2.5,45,-1.7677669529663693,-1.7677669529663687
2016-11-06 10:00:00,25.5,71,0.0,2.9,7,-0.35342109587492676,-2.878383839759834
2016-11-06 11:00:00,26.2,70,0.0,4.6,342,1.4214781741247582,-4.3748599749577055
2016-11-06 12:00:00,26.6,69,0.0,6.3,329,3.244739871933341,-5.400153994423308
2016-11-06 13:00:00,26.8,68,0.0,8.5,324,4.996174644486022,-6.876644452187053
2016-11-06 14:00:00,26.8,69,0.0,10.7,327,5.82763767466079,-8.973775077016036
2016-11-06 15:00:00,26.3,70,0.0,11.4,336,4.636797731064123,-10.41441821712565
2016-11-06 16:00:00,25.6,73,0.0,9.8,343,2.8652427062828205,-9.371786608437748
2016-11-06 17:00:00,24.8,77,0.0,6.3,347,1.4171916423663489,-6.1385314081469815
2016-11-06 18:00:00,23.6,87,0.0,7.7,349,1.4692292643993958,-7.558529312547013
2016-11-06 19:00:00,23.0,87,0.0,5.8,353,0.7068421917498554,-5.756767679519667
2016-11-06 20:00:00,23.3,84,0.0,4.8,333,2.1791543987498248,-4.276831316104166
2016-11-06 21:00:00,22.9,86,0.0,2.9,300,2.511473670974872,-1.4499999999999997
2016-11-06 22:00:00,21.2,91,0.0,3.4,238,2.883363526931848,1.8017254983928965
2016-11-06 23:00:00,21.0,91,0.0,4.3,228,3.195522749552795,2.8772616073430903
2016-11-07 00:00:00,20.5,94,0.0,5.2,205,2.197614961051637,4.7128004925905795
2016-11-07 01:00:00,20.3,94,0.0,5.4,188,0.7515347451843536,5.34744757120448
2016-11-07 02:00:00,20.2,93,0.0,4.5,166,-1.088648530198505,4.366330768241984
2016-11-07 03:00:00,20.1,94,0.0,6.6,151,-3.199743493625824,5.772490067120012
2016-11-07 04:00:00,19.9,94,0.0,6.9,137,-4.705788684431239,5.0463405411722775
2016-11-07 05:00:00,19.7,93,0.0,8.1,135,-5.727564927611034,5.727564927611035
2016-11-07 06:00:00,19.7,93,0.0,6.9,137,-4.705788684431239,5.0463405411722775
2016-11-07 07:00:00,20.3,91,0.0,5.8,150,-2.8999999999999986,5.022947341949744
2016-11-07 08:00:00,23.0,85,0.0,6.3,156,-2.5624408513775414,5.755336383148386
2016-11-07 09:00:00,24.9,70,0.0,6.2,170,-1.076618701534968,6.10580806867569
2016-11-07 10:00:00,25.7,66,0.0,5.2,192,1.0811407922523493,5.086367523815789
2016-11-07 11:00:00,26.4,62,0.0,4.4,235,3.604268994871564,2.523736319944603
2016-11-07 12:00:00,26.8,61,0.0,6.5,270,6.5,0.0
2016-11-07 13:00:00,26.8,62,0.0,7.3,279,7.210124886344506,-1.1419715947936853
2016-11-07 14:00:00,26.7,63,0.0,6.4,286,6.1520748540052415,-1.7640790772287946
2016-11-07 15:00:00,26.5,63,0.0,5.2,295,4.7128004925905795,-2.197614961051637
2016-11-07 16:00:00,26.0,64,0.0,4.3,294,3.9282454678631837,-1.7489675652259409
2016-11-07 17:00:00,25.3,69,0.0,4.2,301,3.600102662948872,-2.1631599146222276
2016-11-07 18:00:00,25.0,66,0.0,4.0,333,1.8159619989581872,-3.564026096753471
2016-11-07 19:00:00,24.2,69,0.0,2.2,9,-0.3441558230885083,-2.172914349309303
2016-11-07 20:00:00,23.6,71,0.0,2.3,39,-1.447436899414627,-1.7874357113510322
2016-11-07 21:00:00,23.0,74,0.0,2.0,45,-1.4142135623730954,-1.414213562373095
2016-11-07 22:00:00,21.4,80,0.0,2.9,90,-2.9,3.5514757175273243e-16
2016-11-07 23:00:00,19.5,89,0.0,5.8,112,-5.377666356487366,2.172718241812291
2016-11-08 00:00:00,18.7,90,0.0,6.1,118,-5.385980316439454,2.863776532993933
2016-11-08 01:00:00,18.4,90,0.0,4.2,121,-3.6001026629488715,2.1631599146222285
2016-11-08 02:00:00,17.7,91,0.0,3.8,107,-3.633958072659535,1.111012477946399
2016-11-08 03:00:00,17.7,89,0.0,3.6,84,-3.580278823325784,-0.3763024677635526
2016-11-08 04:00:00,17.4,89,0.0,4.0,80,-3.939231012048832,-0.6945927106677219
2016-11-08 05:00:00,17.2,89,0.0,4.3,66,-3.9282454678631837,-1.7489675652259409
2016-11-08 06:00:00,16.9,89,0.0,5.3,28,-2.488199282765221,-4.679622242152313
2016-11-08 07:00:00,17.8,89,0.0,6.3,24,-2.5624408513775405,-5.755336383148386
2016-11-08 08:00:00,22.7,72,0.0,7.7,28,-3.614931033451359,-6.798696465013738
2016-11-08 09:00:00,24.9,59,0.0,9.5,25,-4.014873486536642,-8.609923976848176
2016-11-08 10:00:00,25.7,59,0.0,9.4,18,-2.904759747124507,-8.939931253174443
2016-11-08 11:00:00,26.4,61,0.0,11.9,5,-1.0371533386971332,-11.854716907291772
2016-11-08 12:00:00,26.4,63,0.0,16.6,358,0.579331645261518,-16.58988772851699
2016-11-08 13:00:00,26.2,66,0.0,19.5,358,0.6805401856987711,-19.488121126872368
2016-11-08 14:00:00,25.6,70,0.0,23.4,2,-0.8166482228385178,-23.38574535224684
2016-11-08 15:00:00,24.9,72,0.0,28.4,8,-3.9525160672658695,-28.123613152260592
2016-11-08 16:00:00,23.7,77,0.0,29.5,9,-4.614816718686815,-29.13680604755656
2016-11-08 17:00:00,22.6,79,0.0,28.4,9,-4.442738807142561,-28.050348872901907
2016-11-08 18:00:00,21.9,79,0.0,27.9,7,-3.400154681003606,-27.692037630792885
2016-11-08 19:00:00,21.6,79,0.0,30.1,8,-4.189110338897982,-29.807068869121267
2016-11-08 20:00:00,21.4,78,0.0,31.4,9,-4.912042202263255,-31.01341389468732
2016-11-08 21:00:00,21.2,78,0.0,31.0,9,-4.849468416247162,-30.618338558449267
2016-11-08 22:00:00,20.9,78,0.0,30.2,8,-4.203027648993988,-29.90609567599542
2016-11-08 23:00:00,20.7,78,0.0,29.0,7,-3.534210958749268,-28.78383839759834
2016-11-09 00:00:00,20.5,78,0.0,29.4,8,-4.091689168225935,-29.113881221002163
2016-11-09 01:00:00,20.3,78,0.0,29.2,10,-5.070526787874366,-28.756386387956475
2016-11-09 02:00:00,20.2,78,0.0,28.6,11,-5.457137267769176,-28.07453744660319
2016-11-09 03:00:00,20.2,76,0.0,28.0,12,-5.821527342897274,-27.388132820546556
2016-11-09 04:00:00,20.0,75,0.0,26.8,12,-5.572033313915963,-26.21435569966599
2016-11-09 05:00:00,19.8,75,0.0,26.4,11,-5.037357477940778,-25.914957643018326
2016-11-09 06:00:00,19.7,75,0.0,25.2,9,-3.942148519013822,-24.889746182997467
2016-11-09 07:00:00,19.8,76,0.0,25.9,9,-4.051652644541984,-25.581128021414063
2016-11-09 08:00:00,21.4,71,0.0,26.6,9,-4.1611567700701455,-26.272509859830663
2016-11-09 09:00:00,22.7,67,0.0,28.7,8,-3.994267997553889,-28.420693572883067
2016-11-09 10:00:00,23.5,65,0.0,28.8,9,-4.505312593158654,-28.445424209139965
2016-11-09 11:00:00,23.9,64,0.0,28.5,9,-4.458382253646585,-28.149117706961423
2016-11-09 12:00:00,24.5,63,0.0,28.1,9,-4.395808467630492,-27.75404237072337
2016-11-09 13:00:00,24.6,63,0.0,27.8,10,-4.827419339140663,-27.377655533739382
2016-11-09 14:00:00,24.5,63,0.0,27.4,10,-4.757960068073891,-26.9837324325345
2016-11-09 15:00:00,24.2,63,0.0,26.5,8,-3.6880871754417446,-26.24210382165161
2016-11-09 16:00:00,23.6,65,0.0,24.7,8,-3.4375755937136256,-24.459621297916783
2016-11-09 17:00:00,22.5,68,0.0,21.8,8,-3.033973600929435,-21.58784389856623
2016-11-09 18:00:00,21.6,71,0.0,19.4,10,-3.3687746467384483,-19.105270408436834
2016-11-09 19:00:00,20.9,76,0.0,15.5,12,-3.2226312076752768,-15.161287811373986
2016-11-09 20:00:00,20.8,77,0.0,15.6,7,-1.901161757120296,-15.483719965604624
2016-11-09 21:00:00,21.4,73,0.0,16.4,9,-2.5655252266597888,-16.198088785760255
2016-11-09 22:00:00,21.4,74,0.0,14.6,16,-4.0243053949281835,-14.034420760699458
2016-11-09 23:00:00,21.3,75,0.0,14.2,16,-3.914050452601384,-13.649916082324129
2016-11-10 00:00:00,21.1,77,0.0,13.3,13,-2.991849022773408,-12.959121861643627
2016-11-10 01:00:00,20.9,79,0.0,13.7,14,-3.3143299697154487,-13.293051449981151
2016-11-10 02:00:00,20.1,86,0.0,15.0,10,-2.6047226650039548,-14.772116295183121
2016-11-10 03:00:00,19.8,87,0.0,16.0,9,-2.5029514406436966,-15.803013449522203
2016-11-10 04:00:00,19.7,87,0.0,16.5,11,-3.148348423712986,-16.196848526886455
2016-11-10 05:00:00,19.4,88,0.0,16.5,11,-3.148348423712986,-16.196848526886455
2016-11-10 06:00:00,19.6,87,0.0,17.4,13,-3.9141483455832553,-16.95403912726309
2016-11-10 07:00:00,19.9,86,0.0,17.4,13,-3.9141483455832553,-16.95403912726309
2016-11-10 08:00:00,20.6,83,0.1,18.6,9,-2.9096810497482974,-18.37100313506956
2016-11-10 09:00:00,21.0,82,0.1,18.8,5,-1.638527963655975,-18.728460324124818
2016-11-10 10:00:00,21.3,81,0.0,17.8,7,-2.16927431261162,-17.667321499215532
2016-11-10 11:00:00,21.8,79,0.0,18.1,7,-2.205835115633164,-17.96508534470793
2016-11-10 12:00:00,22.4,77,0.0,20.5,3,-1.0728871029803584,-20.471905462468765
2016-11-10 13:00:00,22.5,76,0.0,24.5,4,-1.7090336067310767,-24.44031923136569
2016-11-10 14:00:00,22.5,76,0.0,25.4,7,-3.095481322490738,-25.21067225168958
2016-11-10 15:00:00,22.6,77,0.0,25.8,8,-3.5906660047696985,-25.548916173532515
2016-11-10 16:00:00,22.1,78,0.0,25.4,7,-3.095481322490738,-25.21067225168958
2016-11-10 17:00:00,21.1,81,0.0,23.6,7,-2.8761165043614736,-23.4240891787352
2016-11-10 18:00:00,20.3,83,0.0,22.7,11,-4.331364195047563,-22.282937064261972
2016-11-10 19:00:00,20.2,83,0.0,21.5,10,-3.733435819839002,-21.17336668976247
2016-11-10 20:00:00,19.8,85,0.0,19.7,9,-3.081758961292551,-19.457460309724212
2016-11-10 21:00:00,19.6,85,0.0,18.8,3,-0.983915977367353,-18.77423525338599
2016-11-10 22:00:00,19.1,88,0.0,19.1,1,-0.33334096295211485,-19.097090977487074
2016-11-10 23:00:00,19.1,87,0.0,17.7,4,-1.2346895852710227,-17.65688368959889
2016-11-11 00:00:00,19.4,85,0.0,16.2,3,-0.8478424911356978,-16.177798463024097
2016-11-11 01:00:00,19.5,85,0.0,15.2,4,-1.0602984009107088,-15.162973563949327
2016-11-11 02:00:00,19.5,85,0.0,14.1,6,-1.4738513320739124,-14.022758724692654
2016-11-11 03:00:00,18.7,90,0.0,14.4,4,-1.0044932219154084,-14.36492232374147
2016-11-11 04:00:00,18.3,91,0.0,15.2,4,-1.0602984009107088,-15.162973563949327
2016-11-11 05:00:00,18.6,90,0.0,15.2,7,-1.8524140197582368,-15.086701504948095
2016-11-11 06:00:00,19.0,88,0.0,14.0,12,-2.910763671448637,-13.694066410273278
2016-11-11 07:00:00,19.2,89,0.0,13.1,9,-2.0492914920270264,-12.938717261796302
2016-11-11 08:00:00,21.0,85,0.0,14.8,1,-0.2582956152717958,-14.79774588831459
2016-11-11 09:00:00,21.8,80,0.0,15.9,3,-0.8321417042628145,-15.878209602597725
2016-11-11 10:00:00,22.9,74,0.0,15.3,9,-2.393447315115535,-15.111631611105606
2016-11-11 11:00:00,23.5,72,0.0,13.3,19,-4.330056454280184,-12.575397055470916
2016-11-11 12:00:00,23.5,72,0.0,13.8,6,-1.4424927930936164,-13.724402156082174
2016-11-11 13:00:00,24.0,70,0.0,14.1,6,-1.4738513320739124,-14.022758724692654
2016-11-11 14:00:00,23.8,70,0.0,12.6,13,-2.834383284732702,-12.277062816293963
2016-11-11 15:00:00,23.4,75,0.0,9.7,15,-2.51054473749445,-9.369480515003962
2016-11-11 16:00:00,23.1,77,0.0,8.0,10,-1.3891854213354426,-7.878462024097664
2016-11-11 17:00:00,22.7,79,0.0,7.9,357,0.41345405431925736,-7.889173324561134
2016-11-11 18:00:00,21.5,89,0.0,8.6,2,-0.3001356716415065,-8.594761112364223
2016-11-11 19:00:00,21.8,83,0.0,7.8,13,-1.7546182238821488,-7.600086505324834
2016-11-11 20:00:00,21.8,83,0.0,6.9,6,-0.7212463965468082,-6.862201078041087
2016-11-11 21:00:00,21.7,84,0.0,6.5,6,-0.6794350112397468,-6.464392319893777
2016-11-11 22:00:00,21.5,84,0.0,5.6,15,-1.4493866525741155,-5.4091846272187825
2016-11-11 23:00:00,21.5,84,0.0,5.8,356,0.40458754771592637,-5.78587149150698
2016-11-12 00:00:00,21.4,84,0.0,6.5,354,0.6794350112397475,-6.4643923198937765
2016-11-12 01:00:00,21.4,84,0.0,6.1,3,-0.31924933308196024,-6.0916401620029
2016-11-12 02:00:00,21.3,85,0.0,4.6,18,-1.4214781741247586,-4.3748599749577055
2016-11-12 03:00:00,21.9,81,0.0,2.0,45,-1.4142135623730954,-1.414213562373095
2016-11-12 04:00:00,21.7,82,0.0,0.8,63,-0.7128052193506944,-0.36319239979163737
2016-11-12 05:00:00,21.7,82,0.0,2.3,198,0.7107390870623791,2.1874299874788528
2016-11-12 06:00:00,21.7,81,0.0,1.8,143,-1.0832670416736871,1.4375439180851268
2016-11-12 07:00:00,21.8,80,0.0,2.6,124,-2.1554976886431083,1.453901549023942
2016-11-12 08:00:00,22.8,81,0.0,1.5,166,-0.36288284339950166,1.4554435894139948
2016-11-12 09:00:00,23.8,78,0.0,3.5,294,3.197409101749103,-1.4235782507653008
2016-11-12 10:00:00,24.8,74,0.0,6.4,313,4.6806636903626915,-4.36478950439999
2016-11-12 11:00:00,25.2,73,0.0,6.6,319,4.329989591337347,-4.981083229470295
2016-11-12 12:00:00,25.6,72,0.0,7.2,323,4.333068166694749,-5.750175672340508
2016-11-12 13:00:00,25.8,72,0.0,9.7,329,4.995869326627525,-8.31452281681049
2016-11-12 14:00:00,25.7,72,0.0,12.2,336,4.962187045524762,-11.14525458323973
2016-11-12 15:00:00,25.6,73,0.0,13.3,347,2.991849022773404,-12.959121861643629
2016-11-12 16:00:00,25.0,76,0.0,13.3,357,0.6960682180311548,-13.281772812235833
2016-11-12 17:00:00,23.9,80,0.0,11.5,4,-0.8021994480574441,-11.471986577987979
2016-11-12 18:00:00,22.8,85,0.0,11.7,9,-1.830283240970703,-11.55595358496311
2016-11-12 19:00:00,21.9,90,0.0,10.8,21,-3.870373855089248,-10.082668606169777
2016-11-12 20:00:00,21.3,93,0.0,9.7,27,-4.403707847473605,-8.642763284627167
2016-11-12 21:00:00,20.5,94,0.0,9.1,18,-2.8120546488120226,-8.654614298285896
2016-11-12 22:00:00,20.5,92,0.0,8.8,12,-1.8296228791962863,-8.60769888645749
2016-11-12 23:00:00,20.1,93,0.0,8.4,10,-1.458644692402215,-8.272385125302547
2016-11-13 00:00:00,18.9,97,0.0,8.8,12,-1.8296228791962863,-8.60769888645749
2016-11-13 01:00:00,17.9,99,0.0,9.3,16,-2.56342740909809,-8.939733772226367
2016-11-13 02:00:00,17.9,97,0.0,8.3,18,-2.564841053312065,-7.893769085249775
2016-11-13 03:00:00,17.8,98,0.0,8.7,17,-2.5436338310878126,-8.319851376878407
2016-11-13 04:00:00,17.8,95,0.0,9.6,13,-2.1595301217011063,-9.353952621938257
2016-11-13 05:00:00,18.1,94,0.0,11.0,11,-2.098898949141991,-10.797899017924303
2016-11-13 06:00:00,18.7,91,0.0,11.6,16,-3.197393327477187,-11.1506356728845
2016-11-13 07:00:00,20.0,89,0.0,10.0,21,-3.583679495453007,-9.335804264972015
2016-11-13 08:00:00,22.5,87,0.0,8.9,14,-2.1531048708370433,-8.635631963856369
2016-11-13 09:00:00,24.6,79,0.0,9.7,360,5.939536975864663e-16,-9.7
2016-11-13 10:00:00,25.9,74,0.0,10.3,348,2.1414904154229224,-10.074920287558198
2016-11-13 11:00:00,26.8,70,0.0,9.8,343,2.8652427062828205,-9.371786608437748
2016-11-13 12:00:00,27.4,68,0.0,9.5,335,4.014873486536644,-8.609923976848174
2016-11-13 13:00:00,27.7,67,0.0,10.0,330,5.000000000000001,-8.660254037844386
2016-11-13 14:00:00,27.6,67,0.0,10.5,333,4.766900247265242,-9.355568503977862
2016-11-13 15:00:00,27.1,71,0.0,9.8,336,3.9860191021428424,-8.95274548489749
2016-11-13 16:00:00,26.3,74,0.0,9.5,335,4.014873486536644,-8.609923976848174
2016-11-13 17:00:00,25.2,79,0.0,7.9,336,3.2132194802988217,-7.217009115376547
2016-11-13 18:00:00,23.7,88,0.0,8.8,348,1.8296228791962834,-8.60769888645749
2016-11-13 19:00:00,22.7,92,0.0,7.9,3,-0.41345405431926,-7.889173324561134
2016-11-13 20:00:00,22.6,91,0.0,7.2,360,4.4087284769304716e-16,-7.2
2016-11-13 21:00:00,22.4,92,0.0,7.2,360,4.4087284769304716e-16,-7.2
2016-11-13 22:00:00,22.2,93,0.0,7.2,357,0.3768188849491966,-7.190132650232932
2016-11-13 23:00:00,22.1,93,0.0,7.2,360,4.4087284769304716e-16,-7.2
2016-11-14 00:00:00,21.4,97,0.0,5.4,8,-0.7515347451843555,-5.34744757120448
2016-11-14 01:00:00,21.2,95,0.0,4.2,20,-1.436484601967808,-3.9467090073008158
2016-11-14 02:00:00,20.2,97,0.0,3.7,29,-1.7937955949114464,-3.2360929164157652
2016-11-14 03:00:00,18.7,96,0.0,3.6,45,-2.545584412271572,-2.545584412271571
2016-11-14 04:00:00,18.3,96,0.0,4.1,52,-3.23084408978756,-2.5242120488351985
2016-11-14 05:00:00,17.9,96,0.0,4.3,42,-2.87726160734309,-3.195522749552796
2016-11-14 06:00:00,17.6,96,0.0,4.9,36,-2.880147736233119,-3.9641832724372423
2016-11-14 07:00:00,18.5,94,0.0,6.0,25,-2.5357095704441948,-5.4378467222199
2016-11-14 08:00:00,22.1,84,0.0,6.3,13,-1.417191642366351,-6.1385314081469815
2016-11-14 09:00:00,24.8,74,0.0,6.9,9,-1.0793978087775942,-6.81504955010645
2016-11-14 10:00:00,26.2,71,0.0,5.4,360,3.3065463576978537e-16,-5.4
2016-11-14 11:00:00,27.1,70,0.0,6.2,339,2.2218812871808624,-5.788198644282651
2016-11-14 12:00:00,27.8,69,0.0,7.9,330,3.950000000000001,-6.841600689897065
2016-11-14 13:00:00,28.0,69,0.0,9.6,326,5.368251873319169,-7.9587606965284
2016-11-14 14:00:00,27.9,69,0.0,10.7,327,5.82763767466079,-8.973775077016036
2016-11-14 15:00:00,27.7,69,0.0,11.3,329,5.8199302464836125,-9.68599049793387
2016-11-14 16:00:00,26.8,72,0.0,10.0,334,4.383711467890775,-8.98794046299167
2016-11-14 17:00:00,25.5,77,0.0,6.8,342,2.1013155617496424,-6.467184310807044
2016-11-14 18:00:00,24.0,85,0.0,8.6,358,0.3001356716415093,-8.594761112364223
2016-11-14 19:00:00,22.6,91,0.0,8.2,15,-2.122316169840669,-7.92059177557036
2016-11-14 20:00:00,22.1,90,0.0,7.4,14,-1.7902220274375418,-7.180188374442374
2016-11-14 21:00:00,21.8,91,0.0,8.0,8,-1.1133848076805266,-7.922144549932562
2016-11-14 22:00:00,21.4,91,0.0,8.5,12,-1.767249371950958,-8.314254606237347
2016-11-14 23:00:00,21.3,90,0.0,8.2,15,-2.122316169840669,-7.92059177557036
2016-11-15 00:00:00,19.7,95,0.0,7.4,14,-1.7902220274375418,-7.180188374442374
2016-11-15 01:00:00,18.7,96,0.0,8.5,12,-1.767249371950958,-8.314254606237347
2016-11-15 02:00:00,18.4,96,0.0,9.6,13,-2.1595301217011063,-9.353952621938257
2016-11-15 03:00:00,18.3,94,0.0,9.3,16,-2.56342740909809,-8.939733772226367
2016-11-15 04:00:00,18.2,94,0.0,10.2,18,-3.1519733426244647,-9.700776466210565
2016-11-15 05:00:00,18.0,94,0.0,11.4,18,-3.5227937358744024,-10.84204428576475
2016-11-15 06:00:00,17.5,94,0.0,11.9,25,-5.02915731471432,-10.785062665736136
2016-11-15 07:00:00,18.1,94,0.0,11.1,25,-4.691062705321761,-10.060016436106816
2016-11-15 08:00:00,22.1,90,0.0,10.4,20,-3.557009490586953,-9.772803256173448
2016-11-15 09:00:00,25.9,71,0.0,10.7,12,-2.2246550917500296,-10.46617932785172
2016-11-15 10:00:00,27.3,67,0.0,11.2,4,-0.7812725059342065,-11.17271736291003
2016-11-15 11:00:00,28.2,64,0.0,13.4,354,1.4006814077865564,-13.326593397934863
2016-11-15 12:00:00,28.7,63,0.0,16.3,352,2.268521545649067,-16.141369520487597
2016-11-15 13:00:00,28.9,63,0.0,18.4,356,1.2835191168919042,-18.355178524780765
2016-11-15 14:00:00,28.6,65,0.0,19.1,359,0.33334096295211674,-19.097090977487074
2016-11-15 15:00:00,28.3,66,0.0,19.1,360,1.1695376931857224e-15,-19.1
2016-11-15 16:00:00,27.3,71,0.0,18.0,2,-0.6281909406450137,-17.989034886343724
2016-11-15 17:00:00,25.9,77,0.0,14.4,3,-0.753637769898398,-14.380265300465863
2016-11-15 18:00:00,24.2,85,0.0,13.0,3,-0.680367431158276,-12.98218395180946
2016-11-15 19:00:00,22.8,91,0.0,14.6,9,-2.283943189587373,-14.42024977268901
2016-11-15 20:00:00,22.5,90,0.0,14.9,8,-2.0736792043049808,-14.754994224249398
2016-11-15 21:00:00,22.6,89,0.0,14.2,9,-2.2213694035712805,-14.025174436450953
2016-11-15 22:00:00,22.4,89,0.0,14.6,9,-2.283943189587373,-14.42024977268901
2016-11-15 23:00:00,22.1,89,0.0,15.0,11,-2.8621349306481694,-14.72440775171496
2016-11-16 00:00:00,21.9,89,0.0,13.5,16,-3.721104303529485,-12.977032895167307
2016-11-16 01:00:00,21.6,89,0.0,13.0,14,-3.144984642795681,-12.613844441587954
2016-11-16 02:00:00,21.4,88,0.0,13.4,14,-3.2417534010355484,-13.001962732098352
2016-11-16 03:00:00,22.2,84,0.0,13.2,17,-3.8593065023401296,-12.623222778712066
2016-11-16 04:00:00,22.1,84,0.0,11.8,23,-4.6106273161734315,-10.861957270738795
2016-11-16 05:00:00,22.1,83,0.0,9.8,28,-4.600821315301729,-8.652886410017485
2016-11-16 06:00:00,22.0,83,0.0,8.5,36,-4.996174644486023,-6.876644452187052
2016-11-16 07:00:00,22.0,82,0.0,8.7,38,-5.356254835333225,-6.8556935563784815
2016-11-16 08:00:00,22.8,90,0.0,7.9,24,-3.2132194802988208,-7.217009115376548
2016-11-16 09:00:00,25.5,74,0.0,8.9,14,-2.1531048708370433,-8.635631963856369
2016-11-16 10:00:00,26.8,68,0.0,9.7,360,5.939536975864663e-16,-9.7
2016-11-16 11:00:00,27.7,65,0.0,11.7,351,1.8302832409707017,-11.555953584963111
2016-11-16 12:00:00,28.0,64,0.0,13.2,349,2.518678738970393,-12.957478821509163
2016-11-16 13:00:00,28.1,63,0.0,12.8,349,2.442355140819775,-12.5648279481301
2016-11-16 14:00:00,27.9,64,0.0,12.8,350,2.2226966741367096,-12.605539238556263
2016-11-16 15:00:00,27.3,66,0.0,14.8,354,1.5470212563612713,-14.718924051450445
2016-11-16 16:00:00,26.2,70,0.0,16.9,1,-0.2949456687900911,-16.89742604814301
2016-11-16 17:00:00,25.0,75,0.0,14.9,7,-1.815853216736693,-14.7889376594557
2016-11-16 18:00:00,23.6,82,0.0,13.3,13,-2.991849022773408,-12.959121861643627
2016-11-16 19:00:00,22.5,88,0.0,12.1,12,-2.5157314588948934,-11.835585968879046
2016-11-16 20:00:00,21.5,91,0.0,11.6,7,-1.413684383499707,-11.513535359039336
2016-11-16 21:00:00,21.6,90,0.0,11.3,7,-1.3771235804781632,-11.21577151354694
2016-11-16 22:00:00,21.6,89,0.0,11.6,5,-1.0110066158728357,-11.555858497864248
2016-11-16 23:00:00,21.9,88,0.0,12.7,7,-1.547740661245369,-12.60533612584479
2016-11-17 00:00:00,21.8,87,0.0,11.7,9,-1.830283240970703,-11.55595358496311
2016-11-17 01:00:00,21.5,87,0.0,9.3,16,-2.56342740909809,-8.939733772226367
2016-11-17 02:00:00,21.4,86,0.0,8.2,15,-2.122316169840669,-7.92059177557036
2016-11-17 03:00:00,20.4,89,0.0,9.7,15,-2.51054473749445,-9.369480515003962
2016-11-17 04:00:00,18.8,94,0.0,11.6,16,-3.197393327477187,-11.1506356728845
2016-11-17 05:00:00,18.2,95,0.0,11.8,20,-4.0358376912428895,-11.08837292527372
2016-11-17 06:00:00,18.2,94,0.0,10.9,17,-3.1868515814778346,-10.423721839997086
2016-11-17 07:00:00,19.1,91,0.0,8.7,24,-3.5386087947594604,-7.947845481490628
2016-11-17 08:00:00,22.2,88,0.0,9.4,18,-2.904759747124507,-8.939931253174443
2016-11-17 09:00:00,25.1,73,0.0,11.0,11,-2.098898949141991,-10.797899017924303
2016-11-17 10:00:00,26.3,66,0.0,11.5,2,-0.40134421207875876,-11.492994510719601
2016-11-17 11:00:00,27.3,61,0.0,12.3,355,1.0720156357961952,-12.253194786528471
2016-11-17 12:00:00,27.8,59,0.0,13.4,354,1.4006814077865564,-13.326593397934863
2016-11-17 13:00:00,27.9,58,0.0,13.8,353,1.6817969389910354,-13.697136892650244
2016-11-17 14:00:00,27.7,59,0.0,13.5,351,2.1118652780431173,-13.33379259803436
2016-11-17 15:00:00,27.3,61,0.0,12.4,352,1.7257464519048118,-12.279324052395474
2016-11-17 16:00:00,26.6,64,0.0,11.2,354,1.1707187885977186,-11.13864522812466
2016-11-17 17:00:00,25.5,69,0.0,9.0,355,0.7844016847289232,-8.96575228282571
2016-11-17 18:00:00,23.5,83,0.0,10.1,4,-0.7045403848156684,-10.075396907624224
2016-11-17 19:00:00,23.0,83,0.0,8.7,17,-2.5436338310878126,-8.319851376878407
2016-11-17 20:00:00,23.3,81,0.0,7.9,16,-2.1775351109542913,-7.593967397912721
2016-11-17 21:00:00,22.9,83,0.0,7.4,14,-1.7902220274375418,-7.180188374442374
2016-11-17 22:00:00,22.6,84,0.0,8.0,10,-1.3891854213354426,-7.878462024097664
2016-11-17 23:00:00,22.4,86,0.0,8.4,10,-1.458644692402215,-8.272385125302547
2016-11-18 00:00:00,22.2,86,0.0,8.0,10,-1.3891854213354426,-7.878462024097664
2016-11-18 01:00:00,22.1,87,0.0,7.1,15,-1.8376152202278964,-6.858073366652385
2016-11-18 02:00:00,21.9,88,0.0,6.5,19,-2.116193003971518,-6.1458707413955596
2016-11-18 03:00:00,19.9,92,0.0,6.2,21,-2.2218812871808646,-5.78819864428265
2016-11-18 04:00:00,20.4,90,0.0,5.8,22,-2.1727182418122912,-5.377666356487366
2016-11-18 05:00:00,19.8,91,0.0,6.1,28,-2.8637765329939335,-5.385980316439454
2016-11-18 06:00:00,19.6,91,0.0,6.6,41,-4.329989591337347,-4.981083229470295
2016-11-18 07:00:00,19.6,92,0.0,5.2,34,-2.907803098047882,-4.3109953772862175
2016-11-18 08:00:00,22.5,89,0.0,4.7,4,-0.32785542659739025,-4.688551036221174
2016-11-18 09:00:00,24.8,79,0.0,6.5,341,2.116193003971519,-6.145870741395559
2016-11-18 10:00:00,26.0,75,0.0,7.4,331,3.587591189822895,-6.472185832831529
2016-11-18 11:00:00,27.0,72,0.0,8.9,328,4.716281451675524,-7.547628055792192
2016-11-18 12:00:00,27.3,71,0.0,9.3,324,5.46640284632,-7.523858047687012
2016-11-18 13:00:00,27.6,70,0.0,9.2,312,6.836932394392027,-6.156001578501495
2016-11-18 14:00:00,27.2,72,0.0,9.9,303,8.302838622659698,-5.391926446648768
2016-11-18 15:00:00,26.6,73,0.0,10.6,305,8.683011669463312,-6.079910225321088
2016-11-18 16:00:00,26.0,76,0.0,6.7,324,3.93816119035957,-5.420413862312148
2016-11-18 17:00:00,25.3,79,0.0,6.0,335,2.5357095704441965,-5.437846722219899
2016-11-18 18:00:00,24.1,86,0.0,7.9,336,3.2132194802988217,-7.217009115376547
2016-11-18 19:00:00,23.0,92,0.0,7.5,343,2.192787785420526,-7.172285669722766
2016-11-18 20:00:00,22.4,93,0.0,7.7,349,1.4692292643993958,-7.558529312547013
2016-11-18 21:00:00,22.5,93,0.0,6.5,360,3.9801020972288977e-16,-6.5
2016-11-18 22:00:00,22.5,93,0.0,6.8,360,4.1637991171010006e-16,-6.8
2016-11-18 23:00:00,22.5,94,0.0,6.8,360,4.1637991171010006e-16,-6.8
2016-11-19 00:00:00,22.5,93,0.0,6.5,6,-0.6794350112397468,-6.464392319893777
2016-11-19 01:00:00,22.3,93,0.0,6.6,13,-1.4846769586695105,-6.430842427582552
2016-11-19 02:00:00,22.1,93,0.0,5.7,18,-1.7613968679372012,-5.421022142882375
2016-11-19 03:00:00,21.7,91,0.0,5.8,22,-2.1727182418122912,-5.377666356487366
2016-11-19 04:00:00,21.7,90,0.0,5.0,21,-1.7918397477265036,-4.667902132486008
2016-11-19 05:00:00,21.7,88,0.0,5.6,15,-1.4493866525741155,-5.4091846272187825
2016-11-19 06:00:00,21.4,88,0.0,6.5,19,-2.116193003971518,-6.1458707413955596
2016-11-19 07:00:00,21.2,89,0.0,4.4,35,-2.523736319944604,-3.604268994871563
2016-11-19 08:00:00,23.6,89,0.0,4.4,35,-2.523736319944604,-3.604268994871563
2016-11-19 09:00:00,25.8,75,0.0,5.2,16,-1.4333142502483942,-4.998560818879259
2016-11-19 10:00:00,26.9,70,0.0,5.4,4,-0.37668495821827813,-5.386845871403051
2016-11-19 11:00:00,27.9,66,0.0,7.0,348,1.4553818357243162,-6.847033205136639
2016-11-19 12:00:00,28.6,63,0.0,9.8,336,3.9860191021428424,-8.95274548489749
2016-11-19 13:00:00,28.6,62,0.0,12.5,342,3.862712429686843,-11.888206453689419
2016-11-19 14:00:00,28.4,62,0.0,13.9,350,2.413709669570333,-13.688827766869691
2016-11-19 15:00:00,28.2,63,0.0,12.6,355,1.0981623586204925,-12.552053195955994
2016-11-19 16:00:00,27.5,67,0.0,10.4,360,6.368163355566237e-16,-10.4
2016-11-19 17:00:00,26.4,74,0.0,7.7,11,-1.4692292643993936,-7.558529312547013
2016-11-19 18:00:00,24.9,82,0.0,8.6,22,-3.2216167033768457,-7.97378114927437
2016-11-19 19:00:00,23.7,87,0.0,7.6,45,-5.374011537017762,-5.37401153701776
2016-11-19 20:00:00,23.6,86,0.0,5.4,37,-3.2498011250210608,-4.312631754255381
2016-11-19 21:00:00,22.7,89,0.0,5.3,28,-2.488199282765221,-4.679622242152313
2016-11-19 22:00:00,21.8,92,0.0,4.6,39,-2.894873798829254,-3.5748714227020644
2016-11-19 23:00:00,21.1,93,0.0,5.8,22,-2.1727182418122912,-5.377666356487366
2016-11-20 00:00:00,20.6,94,0.0,8.4,25,-3.549993398621873,-7.612985411107861
2016-11-20 01:00:00,19.9,96,0.0,9.2,21,-3.296985135816766,-8.588939923774255
2016-11-20 02:00:00,19.5,95,0.0,10.7,14,-2.5885642829164452,-10.382164271153162
2016-11-20 03:00:00,19.4,96,0.0,12.7,15,-3.2870018728020116,-12.267257993871167
2016-11-20 04:00:00,19.5,96,0.0,14.1,13,-3.1718098662485,-13.738617913471815
2016-11-20 05:00:00,19.7,95,0.0,14.0,18,-4.326237921249266,-13.31479122813215
2016-11-20 06:00:00,19.8,93,0.0,11.8,23,-4.6106273161734315,-10.861957270738795
2016-11-20 07:00:00,20.5,91,0.0,12.6,27,-5.720280296718291,-11.226682204773434
2016-11-20 08:00:00,23.4,88,0.0,13.5,16,-3.721104303529485,-12.977032895167307
2016-11-20 09:00:00,26.1,72,0.0,15.7,16,-4.327506486326882,-15.091808626231607
2016-11-20 10:00:00,27.6,65,0.0,15.0,21,-5.375519243179511,-14.003706397458025
2016-11-20 11:00:00,28.7,61,0.0,15.1,12,-3.1394665313481727,-14.770028771080463
2016-11-20 12:00:00,29.3,58,0.0,18.8,12,-3.908739787373884,-18.389174893795545
2016-11-20 13:00:00,29.2,58,0.0,20.1,15,-5.202262806560665,-19.415109108410274
2016-11-20 14:00:00,29.0,59,0.0,18.0,20,-6.156362579862034,-16.914467174146353
2016-11-20 15:00:00,29.1,55,0.0,15.7,11,-2.9957012274117503,-15.411546780128324
2016-11-20 16:00:00,28.2,58,0.0,12.3,5,-1.0720156357961965,-12.253194786528471
2016-11-20 17:00:00,26.9,69,0.0,9.7,2,-0.33852511801425733,-9.694091022085228
2016-11-20 18:00:00,25.8,74,0.0,8.0,5,-0.697245941981266,-7.969557584733964
2016-11-20 19:00:00,24.7,78,0.0,9.4,18,-2.904759747124507,-8.939931253174443
2016-11-20 20:00:00,25.2,71,0.0,10.6,28,-4.976398565530442,-9.359244484304625
2016-11-20 21:00:00,23.4,83,0.0,10.5,16,-2.894192236078488,-10.09324780735235
2016-11-20 22:00:00,22.9,85,0.0,9.4,18,-2.904759747124507,-8.939931253174443
2016-11-20 23:00:00,23.5,81,0.0,8.8,19,-2.864999759222979,-8.320563465273988
2016-11-21 00:00:00,23.7,79,0.0,9.4,7,-1.1455718280083835,-9.329933825428428
2016-11-21 01:00:00,23.5,80,0.0,8.3,358,0.289665822630759,-8.294943864258496
2016-11-21 02:00:00,23.3,81,0.0,10.5,8,-1.4613175600806911,-10.397814721786487
2016-11-21 03:00:00,22.2,86,0.3,10.2,23,-3.9854575105905927,-9.38914950521489
2016-11-21 04:00:00,20.9,93,0.3,10.3,12,-2.141490415422926,-10.074920287558198
2016-11-21 05:00:00,20.9,94,0.0,10.7,14,-2.5885642829164452,-10.382164271153162
2016-11-21 06:00:00,21.0,93,0.4,13.9,21,-4.98131449867968,-12.976767928311103
2016-11-21 07:00:00,21.0,94,0.0,13.8,9,-2.1587956175551883,-13.6300991002129
2016-11-21 08:00:00,22.9,90,0.0,13.6,17,-3.9762551842292244,-13.00574468109728
2016-11-21 09:00:00,24.4,83,0.0,12.0,9,-1.8772135804827723,-11.852260087141651
2016-11-21 10:00:00,25.3,77,0.0,12.6,13,-2.834383284732702,-12.277062816293963
2016-11-21 11:00:00,26.4,71,0.0,11.6,26,-5.085105302753302,-10.426010937070334
2016-11-21 12:00:00,27.1,67,0.0,10.2,32,-5.405176495178691,-8.650090580795544
2016-11-21 13:00:00,26.9,68,0.3,9.7,31,-4.9958693266275285,-8.314522816810486
2016-11-21 14:00:00,26.7,69,0.0,8.7,17,-2.5436338310878126,-8.319851376878407
2016-11-21 15:00:00,27.4,61,0.0,8.7,7,-1.0602632876247804,-8.635151519279502
2016-11-21 16:00:00,26.8,63,0.0,9.7,356,0.6766377953180147,-9.676371287520293
2016-11-21 17:00:00,25.8,67,0.0,10.1,4,-0.7045403848156684,-10.075396907624224
2016-11-21 18:00:00,24.7,73,0.0,12.6,3,-0.6594330486610982,-12.58273213790763
2016-11-21 19:00:00,23.7,79,0.0,12.7,7,-1.547740661245369,-12.60533612584479
2016-11-21 20:00:00,22.9,83,0.0,12.7,15,-3.2870018728020116,-12.267257993871167
2016-11-21 21:00:00,22.4,86,0.0,12.2,24,-4.962187045524761,-11.145254583239732
2016-11-21 22:00:00,21.8,89,0.0,11.8,31,-6.077449283938643,-10.114574148284923
2016-11-21 23:00:00,20.9,91,0.0,9.7,39,-6.104407793183427,-7.538315826132614
2016-11-22 00:00:00,20.6,91,0.2,9.4,40,-6.042203531053471,-7.2008177653183925
2016-11-22 01:00:00,20.9,91,0.0,8.6,15,-2.2258437878816775,-8.306962106085987
2016-11-22 02:00:00,20.9,90,0.0,13.7,5,-1.194033675642918,-13.647867363856914
2016-11-22 03:00:00,20.7,92,0.0,15.0,10,-2.6047226650039548,-14.772116295183121
2016-11-22 04:00:00,21.1,91,0.0,14.0,12,-2.910763671448637,-13.694066410273278
2016-11-22 05:00:00,22.1,86,0.0,11.6,16,-3.197393327477187,-11.1506356728845
2016-11-22 06:00:00,23.1,81,0.0,11.1,13,-2.496956703216904,-10.815507719116109
2016-11-22 07:00:00,23.1,80,0.1,9.1,9,-1.4235536318661024,-8.987963899415753
2016-11-22 08:00:00,23.3,82,0.0,9.8,8,-1.363896389408645,-9.704627073667389
2016-11-22 09:00:00,23.9,83,0.0,8.9,14,-2.1531048708370433,-8.635631963856369
2016-11-22 10:00:00,24.9,79,0.0,10.8,360,6.613092715395707e-16,-10.8
2016-11-22 11:00:00,26.5,71,0.0,13.0,357,0.6803674311582716,-12.98218395180946
2016-11-22 12:00:00,26.5,70,0.0,15.8,360,9.67470971326409e-16,-15.8
2016-11-22 13:00:00,25.6,75,0.0,17.1,7,-2.0839657722280167,-16.97253919306661
2016-11-22 14:00:00,25.1,78,0.0,16.9,12,-3.51370757482014,-16.530694452401313
2016-11-22 15:00:00,24.9,79,0.0,16.2,13,-3.644207080370617,-15.784795049520808
2016-11-22 16:00:00,24.5,81,0.0,15.2,14,-3.67721281311495,-14.748495039395145
2016-11-22 17:00:00,24.0,83,0.0,14.0,12,-2.910763671448637,-13.694066410273278
2016-11-22 18:00:00,23.5,86,0.0,15.5,1,-0.2705122997778942,-15.497639274924065
2016-11-22 19:00:00,23.2,86,0.0,18.5,7,-2.2545828529952225,-18.36210380536446
2016-11-22 20:00:00,22.9,88,0.0,16.4,26,-7.189286807340874,-14.740222359306335
2016-11-22 21:00:00,22.5,90,0.0,16.3,25,-6.888677666373397,-14.772816928697397
2016-11-22 22:00:00,22.2,91,0.1,16.9,11,-3.224672021863604,-16.58949940026552
2016-11-22 23:00:00,22.1,90,0.2,19.8,359,0.34555764745821527,-19.79698436409655
2016-11-23 00:00:00,22.0,90,0.3,20.9,2,-0.7293994810822658,-20.8872682846991
2016-11-23 01:00:00,21.8,90,1.0,20.9,2,-0.7293994810822658,-20.8872682846991
2016-11-23 02:00:00,21.5,93,1.4,23.1,5,-2.013297657470906,-23.012097525919323
2016-11-23 03:00:00,21.1,95,1.8,23.4,10,-4.06336735740617,-23.044501420485666
2016-11-23 04:00:00,21.0,93,2.3,22.5,13,-5.061398722736969,-21.92332645766779
2016-11-23 05:00:00,20.8,93,2.4,21.6,15,-5.590491374214446,-20.863997847843876
2016-11-23 06:00:00,20.6,92,2.8,21.0,12,-4.366145507172956,-20.541099615409916
2016-11-23 07:00:00,20.7,92,3.5,20.4,9,-3.191263086820713,-20.148842148140808
2016-11-23 08:00:00,20.9,92,5.3,19.4,10,-3.3687746467384483,-19.105270408436834
2016-11-23 09:00:00,21.2,92,8.6,17.2,20,-5.882746465201499,-16.162713077517623
2016-11-23 10:00:00,22.0,90,9.0,14.2,27,-6.446665096301566,-12.652292643474821
2016-11-23 11:00:00,22.1,90,4.4,12.6,20,-4.3094538059034235,-11.840127021902445
2016-11-23 12:00:00,22.6,90,1.0,15.2,14,-3.67721281311495,-14.748495039395145
2016-11-23 13:00:00,23.0,89,0.5,17.5,8,-2.435529266801152,-17.32969120297748
2016-11-23 14:00:00,22.6,91,0.4,20.2,3,-1.057186316107475,-20.17231660204239
2016-11-23 15:00:00,22.0,92,1.3,21.3,4,-1.4858128907498749,-21.248114270534256
2016-11-23 16:00:00,21.4,93,1.1,20.6,6,-2.1532863433136593,-20.487151044586433
2016-11-23 17:00:00,21.1,92,1.5,20.5,11,-3.9115844052191644,-20.12335726067711
2016-11-23 18:00:00,20.9,92,1.3,21.5,14,-5.2013207553928575,-20.861358114933925
2016-11-23 19:00:00,20.8,91,0.3,21.1,9,-3.300767212348875,-20.840223986557405
2016-11-23 20:00:00,20.6,91,0.0,22.8,5,-1.987150934646608,-22.7132391164918
2016-11-23 21:00:00,20.3,90,0.1,24.3,6,-2.5400416574039766,-24.166882057449044
2016-11-23 22:00:00,19.9,91,0.8,25.0,6,-2.613211581691334,-24.863047384206833
2016-11-23 23:00:00,19.6,89,0.0,25.7,6,-2.6863815059786913,-25.559212710964626
2016-11-24 00:00:00,19.4,88,0.0,27.4,4,-1.9113273805890407,-27.333254977119182
2016-11-24 01:00:00,19.2,87,0.3,29.3,6,-3.0626839737422435,-29.13949153429041
2016-11-24 02:00:00,18.9,88,0.5,29.1,9,-4.552242932670723,-28.741730711318507
2016-11-24 03:00:00,19.0,84,0.0,27.7,9,-4.3332346816144,-27.358967034485314
2016-11-24 04:00:00,19.0,82,0.0,27.8,10,-4.827419339140663,-27.377655533739382
2016-11-24 05:00:00,18.9,81,0.0,26.0,10,-4.514852619340188,-25.60500157831741
2016-11-24 06:00:00,18.4,84,0.0,22.7,11,-4.331364195047563,-22.282937064261972
2016-11-24 07:00:00,18.2,87,0.0,21.5,10,-3.733435819839002,-21.17336668976247
2016-11-24 08:00:00,20.5,79,0.0,23.3,8,-3.242733252369534,-23.073246001678587
2016-11-24 09:00:00,22.0,74,0.0,24.1,9,-3.770070607469568,-23.80328900834282
2016-11-24 10:00:00,23.0,71,0.0,25.1,7,-3.058920519469194,-24.912908406197186
2016-11-24 11:00:00,23.6,70,0.0,28.2,6,-2.947702664147825,-28.045517449385308
2016-11-24 12:00:00,23.9,70,0.0,28.7,7,-3.4976501557277238,-28.486074552105944
2016-11-24 13:00:00,24.0,70,0.0,28.3,7,-3.448902418365665,-28.089056091449415
2016-11-24 14:00:00,23.4,72,0.0,27.2,7,-3.314846140620003,-26.99725532464396
2016-11-24 15:00:00,23.0,74,0.0,25.1,7,-3.058920519469194,-24.912908406197186
2016-11-24 16:00:00,22.2,77,0.0,22.1,6,-2.3100790382151395,-21.978933887638842
2016-11-24 17:00:00,21.4,78,0.0,21.3,5,-1.8564173205251209,-21.21894706935418
2016-11-24 18:00:00,20.7,81,0.0,19.5,12,-4.054277970946316,-19.073878214309207
2016-11-24 19:00:00,20.1,83,0.0,19.5,16,-5.374928438431478,-18.744603070797222
2016-11-24 20:00:00,19.8,84,0.0,17.7,20,-6.053756536864333,-16.63255938791058
2016-11-24 21:00:00,19.9,84,0.0,15.7,16,-4.327506486326882,-15.091808626231607
2016-11-24 22:00:00,19.6,85,0.0,17.7,6,-1.8501537998374644,-17.60303754801844
2016-11-24 23:00:00,19.4,87,0.0,19.6,6,-2.048757880046006,-19.49262914921816
2016-11-25 00:00:00,19.0,88,0.0,19.1,12,-3.971113294619212,-18.682619174015688
2016-11-25 01:00:00,19.1,87,0.0,17.2,16,-4.74096252005238,-16.533701170139086
2016-11-25 02:00:00,19.6,83,0.0,16.8,15,-4.348159957722347,-16.22755388165635
2016-11-25 03:00:00,18.8,84,0.0,17.4,13,-3.9141483455832553,-16.95403912726309
2016-11-25 04:00:00,18.2,86,0.0,17.9,15,-4.632860907335119,-17.290072290574322
2016-11-25 05:00:00,18.2,84,0.0,17.1,18,-5.284190603811604,-16.263066428647125
2016-11-25 06:00:00,18.8,81,0.0,16.1,20,-5.506524307543264,-15.129051194653128
2016-11-25 07:00:00,18.6,82,0.0,8.0,36,-4.702282018339786,-6.472135954999579
2016-11-25 08:00:00,20.5,83,0.0,1.8,37,-1.083267041673687,-1.437543918085127
2016-11-25 09:00:00,23.2,73,0.0,6.4,322,3.9402334420842133,-5.043268823083022
2016-11-25 10:00:00,24.2,71,0.0,13.9,343,4.063966695646041,-13.292636107886192
2016-11-25 11:00:00,24.9,70,0.0,17.7,2,-0.6177210916342635,-17.689217638237995
2016-11-25 12:00:00,25.4,68,0.0,18.7,11,-3.568128213541384,-18.356428330471317
2016-11-25 13:00:00,25.6,67,0.0,19.4,11,-3.701694510304965,-19.04356735888468
2016-11-25 14:00:00,25.9,67,0.0,19.9,6,-2.0801164190263015,-19.79098571782864
2016-11-25 15:00:00,25.4,72,0.0,19.5,2,-0.6805401856987648,-19.488121126872368
2016-11-25 16:00:00,24.6,77,0.0,16.2,359,0.2827289842839943,-16.197532661533536
2016-11-25 17:00:00,23.4,81,0.0,11.9,355,1.0371533386971319,-11.854716907291772
2016-11-25 18:00:00,22.2,87,0.0,11.2,345,2.8987733051482323,-10.818369254437565
2016-11-25 19:00:00,21.0,93,0.0,8.1,347,1.8221035401853058,-7.892397524760405
2016-11-25 20:00:00,20.7,93,0.0,4.4,351,0.6883116461770161,-4.3458286986186065
2016-11-25 21:00:00,20.3,94,0.0,1.9,338,0.7117525274902327,-1.761649323676896
2016-11-25 22:00:00,19.8,95,0.1,2.1,301,1.800051331474436,-1.0815799573111138
2016-11-25 23:00:00,19.7,96,0.1,1.9,292,1.761649323676896,-0.7117525274902328
2016-11-26 00:00:00,19.6,96,0.0,1.1,252,1.0461621679246689,0.33991869381244216
2016-11-26 01:00:00,19.3,96,0.0,1.5,225,1.0606601717798214,1.0606601717798212
2016-11-26 02:00:00,19.0,96,0.0,3.4,238,2.883363526931848,1.8017254983928965
2016-11-26 03:00:00,20.4,92,0.0,4.3,246,3.9282454678631837,1.7489675652259409
2016-11-26 04:00:00,21.0,91,0.0,4.5,256,4.366330768241984,1.0886485301985047
2016-11-26 05:00:00,21.1,91,0.0,3.3,257,3.2154212137912763,0.7423384793347545
2016-11-26 06:00:00,20.4,93,0.1,5.9,142,-3.6324027044213842,4.64926344627966
2016-11-26 07:00:00,19.3,96,0.1,6.3,167,-1.4171916423663498,6.1385314081469815
2016-11-26 08:00:00,21.8,94,0.1,7.0,201,2.5085756468171025,6.535062985480412
2016-11-26 09:00:00,23.2,86,0.1,6.7,234,5.420413862312148,3.93816119035957
2016-11-26 10:00:00,23.8,83,0.2,9.3,286,8.939733772226367,-2.5634274090980926
2016-11-26 11:00:00,23.8,85,0.3,17.9,322,11.020340408329282,-14.105392489560323
2016-11-26 12:00:00,23.4,88,0.5,23.3,340,7.969069339488084,-21.894838064311664
2016-11-26 13:00:00,22.4,93,0.7000000000000001,23.1,355,2.013297657470903,-23.012097525919323
2016-11-26 14:00:00,21.8,97,0.4,23.0,360,1.4083438190194562e-15,-23.0
2016-11-26 15:00:00,21.3,95,0.3,22.7,360,1.389974117032246e-15,-22.7
2016-11-26 16:00:00,20.9,95,0.3,23.5,6,-2.4564188867898538,-23.371264541154424
2016-11-26 17:00:00,20.4,95,0.2,21.4,7,-2.608003948870149,-21.24048764512429
2016-11-26 18:00:00,19.9,95,0.2,21.6,11,-4.121474300133364,-21.203147162469545
2016-11-26 19:00:00,19.9,94,0.2,20.2,16,-5.567874587503377,-19.417486257954042
2016-11-26 20:00:00,20.0,93,0.0,19.4,360,1.1879073951729326e-15,-19.4
2016-11-26 21:00:00,19.9,92,0.0,22.8,354,2.383248962502499,-22.67509921439663
2016-11-26 22:00:00,19.9,92,0.0,25.6,359,0.44678160479446016,-25.596100996003617
2016-11-26 23:00:00,19.7,92,0.0,27.2,6,-2.8431742008801715,-27.050995554017035
2016-11-27 00:00:00,19.4,92,0.0,26.0,3,-1.360734862316552,-25.96436790361892
2016-11-27 01:00:00,19.2,92,0.1,27.0,1,-0.47121497380665445,-26.995887769222563
2016-11-27 02:00:00,19.1,91,0.5,28.1,4,-1.960156912209929,-28.031549812301062
2016-11-27 03:00:00,18.9,91,0.6,26.5,7,-3.2295376002364002,-26.302473018495036
2016-11-27 04:00:00,18.9,90,0.6,24.0,8,-3.3401544230415796,-23.766433649797687
2016-11-27 05:00:00,19.1,89,0.3,22.2,8,-3.089642841313461,-21.98395112606286
2016-11-27 06:00:00,19.2,88,0.2,20.4,8,-2.8391312595853426,-20.20146860232803
2016-11-27 07:00:00,19.3,88,0.4,21.0,7,-2.5592562115080906,-20.843469184467764
2016-11-27 08:00:00,19.4,87,0.6,21.6,11,-4.121474300133364,-21.203147162469545
2016-11-27 09:00:00,19.9,87,0.7000000000000001,21.3,11,-4.0642316015204,-20.908659007435244
2016-11-27 10:00:00,20.5,85,0.9,21.8,8,-3.033973600929435,-21.58784389856623
2016-11-27 11:00:00,20.9,85,0.9,23.6,7,-2.8761165043614736,-23.4240891787352
2016-11-27 12:00:00,21.0,85,0.7000000000000001,24.0,13,-5.398825304252766,-23.38488155484564
2016-11-27 13:00:00,21.4,83,0.5,21.4,20,-7.319231067169307,-20.10942208481844
2016-11-27 14:00:00,20.4,89,0.7000000000000001,17.4,22,-6.518154725436873,-16.132999069462098
2016-11-27 15:00:00,20.1,89,1.8,15.6,19,-5.078863209531644,-14.750089779349343
2016-11-27 16:00:00,20.1,90,0.9,17.0,17,-4.970318980286531,-16.2571808513716
2016-11-27 17:00:00,19.9,89,0.5,19.2,13,-4.3190602434022125,-18.707905243876514
2016-11-27 18:00:00,19.7,88,0.2,19.6,7,-2.3886391307408847,-19.453904572169915
2016-11-27 19:00:00,19.4,88,0.1,22.1,7,-2.6933124892537528,-21.93526995127322
2016-11-27 20:00:00,19.1,88,0.0,21.7,5,-1.891279617624184,-21.617424948590877
2016-11-27 21:00:00,18.9,86,0.0,21.6,1,-0.3769719790453236,-21.596710215378053
2016-11-27 22:00:00,18.9,85,0.0,25.9,2,-0.9038969645947696,-25.88422241979458
2016-11-27 23:00:00,19.0,84,0.0,28.5,4,-1.988059501707579,-28.43057543240499
2016-11-28 00:00:00,18.9,83,0.0,27.8,5,-2.4229296483848994,-27.694212606950526
2016-11-28 01:00:00,18.5,84,0.0,26.0,4,-1.8136683173472652,-25.93666530675543
2016-11-28 02:00:00,18.3,84,0.0,25.4,7,-3.095481322490738,-25.21067225168958
2016-11-28 03:00:00,18.3,81,0.0,23.5,6,-2.4564188867898538,-23.371264541154424
2016-11-28 04:00:00,18.1,81,0.0,23.5,6,-2.4564188867898538,-23.371264541154424
2016-11-28 05:00:00,17.6,81,0.0,25.3,6,-2.64457012067163,-25.161403952817317
2016-11-28 06:00:00,17.4,83,0.0,20.8,10,-3.611882095472151,-20.484001262653926
2016-11-28 07:00:00,16.9,86,0.0,20.2,11,-3.854341706606201,-19.828869105642813
2016-11-28 08:00:00,18.7,82,0.0,20.2,11,-3.854341706606201,-19.828869105642813
2016-11-28 09:00:00,19.9,77,0.0,21.2,10,-3.681341366538923,-20.87792436385881
2016-11-28 10:00:00,21.0,71,0.0,23.5,11,-4.4840113913487984,-23.0682388110201
2016-11-28 11:00:00,21.8,69,0.0,22.4,11,-4.274121496434599,-21.98844890922767
2016-11-28 12:00:00,22.7,67,0.0,22.6,9,-3.5354189099092217,-22.321756497450114
2016-11-28 13:00:00,23.2,65,0.0,23.9,6,-2.498230272096915,-23.769073299301734
2016-11-28 14:00:00,23.0,66,0.0,24.3,7,-2.9614250447450763,-24.118871484884128
2016-11-28 15:00:00,22.9,67,0.0,23.6,8,-3.2844851826575536,-23.37032642230106
2016-11-28 16:00:00,22.1,70,0.0,22.3,9,-3.488488570397152,-22.025449995271572
2016-11-28 17:00:00,21.0,73,0.0,20.5,11,-3.9115844052191644,-20.12335726067711
2016-11-28 18:00:00,20.0,78,0.0,19.6,13,-4.409040665139759,-19.09765326979061
2016-11-28 19:00:00,19.3,80,0.0,17.6,15,-4.555215193804363,-17.000294542687605
2016-11-28 20:00:00,18.7,84,0.0,16.4,15,-4.244632339681338,-15.84118355114072
2016-11-28 21:00:00,18.4,86,0.0,16.6,18,-5.12968210662413,-15.78753817049955
2016-11-28 22:00:00,17.9,88,0.0,15.4,16,-4.244815279581783,-14.803430117450112
2016-11-28 23:00:00,17.6,88,0.1,13.7,14,-3.3143299697154487,-13.293051449981151
2016-11-29 00:00:00,17.6,87,0.0,13.6,11,-2.5950023371210067,-13.35012969488823
2016-11-29 01:00:00,18.0,84,0.0,12.4,10,-2.1532374030699364,-12.21161613735138
2016-11-29 02:00:00,18.1,83,0.0,11.6,7,-1.413684383499707,-11.513535359039336
2016-11-29 03:00:00,18.7,81,0.0,12.4,8,-1.7257464519048162,-12.279324052395472
2016-11-29 04:00:00,18.9,78,0.0,12.9,13,-2.901868601035862,-12.569373835729534
2016-11-29 05:00:00,19.1,76,0.0,13.6,17,-3.9762551842292244,-13.00574468109728
2016-11-29 06:00:00,18.5,78,0.0,13.0,19,-4.232386007943036,-12.291741482791119
2016-11-29 07:00:00,18.3,80,0.0,13.1,32,-6.941942361454985,-11.10943005964918
2016-11-29 08:00:00,19.1,84,0.0,9.9,33,-5.3919264466487675,-8.302838622659698
2016-11-29 09:00:00,21.4,73,0.0,9.8,17,-2.8652427062828236,-9.371786608437747
2016-11-29 10:00:00,22.5,69,0.0,11.2,6,-1.1707187885977175,-11.13864522812466
2016-11-29 11:00:00,23.1,68,0.0,11.5,358,0.4013442120787624,-11.492994510719601
2016-11-29 12:00:00,23.6,68,0.0,12.2,2,-0.42577385977050924,-12.192568089632967
2016-11-29 13:00:00,24.2,67,0.0,13.0,5,-1.1330246557195571,-12.950531075192693
2016-11-29 14:00:00,24.0,68,0.0,13.3,3,-0.6960682180311593,-13.281772812235833
2016-11-29 15:00:00,23.5,72,0.0,12.2,360,7.470345474798854e-16,-12.2
2016-11-29 16:00:00,22.8,77,0.2,11.2,4,-0.7812725059342065,-11.17271736291003
2016-11-29 17:00:00,21.8,80,0.0,11.6,5,-1.0110066158728357,-11.555858497864248
2016-11-29 18:00:00,21.1,84,0.6,12.5,12,-2.5988961352219975,-12.22684500917257
2016-11-29 19:00:00,21.0,84,0.0,11.7,18,-3.6154988341868863,-11.127361240653295
2016-11-29 20:00:00,21.0,82,0.0,9.5,351,1.4861274178821937,-9.38303923565381
2016-11-29 21:00:00,20.2,86,0.0,12.1,348,2.5157314588948894,-11.835585968879046
2016-11-29 22:00:00,20.6,84,0.0,13.0,355,1.1330246557195558,-12.950531075192693
2016-11-29 23:00:00,20.9,82,0.0,13.3,2,-0.4641633061432601,-13.291897999353974
2016-11-30 00:00:00,21.0,82,0.0,13.0,3,-0.680367431158276,-12.98218395180946
2016-11-30 01:00:00,20.9,83,0.0,11.9,5,-1.0371533386971332,-11.854716907291772
2016-11-30 02:00:00,20.9,82,0.0,11.2,4,-0.7812725059342065,-11.17271736291003
2016-11-30 03:00:00,19.6,91,0.0,11.2,4,-0.7812725059342065,-11.17271736291003
2016-11-30 04:00:00,19.9,90,0.0,11.5,4,-0.8021994480574441,-11.471986577987979
2016-11-30 05:00:00,20.1,89,0.0,12.3,7,-1.4989929238833102,-12.208317665188263
2016-11-30 06:00:00,19.8,90,0.0,10.1,4,-0.7045403848156684,-10.075396907624224
2016-11-30 07:00:00,19.8,91,0.0,10.7,12,-2.2246550917500296,-10.46617932785172
2016-11-30 08:00:00,20.3,92,0.0,10.0,13,-2.2495105434386526,-9.743700647852352
2016-11-30 09:00:00,22.0,87,0.0,10.9,9,-1.7051356689385184,-10.765802912487
2016-11-30 10:00:00,22.2,85,0.0,13.3,2,-0.4641633061432601,-13.291897999353974
2016-11-30 11:00:00,22.3,85,0.0,15.5,4,-1.0812253430339465,-15.462242779027275
2016-11-30 12:00:00,22.4,85,0.1,16.7,7,-2.0352180348659576,-16.575520732410077
2016-11-30 13:00:00,22.1,87,0.2,17.0,6,-1.776983875550107,-16.90687222126065
2016-11-30 14:00:00,22.3,87,0.8,17.3,4,-1.2067869957733726,-17.257858069494958
2016-11-30 15:00:00,22.3,87,0.0,18.1,7,-2.205835115633164,-17.96508534470793
2016-11-30 16:00:00,21.9,88,0.0,18.2,8,-2.532950437473198,-18.02287885109658
2016-11-30 17:00:00,21.4,88,0.0,17.8,7,-2.16927431261162,-17.667321499215532
2016-11-30 18:00:00,20.7,90,0.0,19.9,4,-1.388153827508099,-19.8515246001705
2016-11-30 19:00:00,20.2,91,0.0,18.5,8,-2.5747023677612177,-18.31995927171905
2016-11-30 20:00:00,19.9,92,0.0,19.2,5,-1.6733902607550384,-19.126938203361515
2016-11-30 21:00:00,19.6,93,0.0,20.6,4,-1.4369833591289871,-20.54981943535238
2016-11-30 22:00:00,19.3,94,0.0,20.3,6,-2.1219278043333634,-20.18879447597595
2016-11-30 23:00:00,19.0,94,0.0,18.5,7,-2.2545828529952225,-18.36210380536446
2016-12-01 00:00:00,19.0,94,0.0,18.1,7,-2.205835115633164,-17.96508534470793
2016-12-01 01:00:00,19.1,93,0.0,18.9,8,-2.6303716081452437,-18.716066499215675
2016-12-01 02:00:00,19.5,91,0.0,18.6,15,-4.814034238906884,-17.96622036897667
2016-12-01 03:00:00,18.6,93,0.0,17.8,18,-5.500502499874067,-16.928805990053732
2016-12-01 04:00:00,18.5,93,0.0,18.4,11,-3.5108855149284204,-18.061940175437016
2016-12-01 05:00:00,18.4,93,0.0,18.9,8,-2.6303716081452437,-18.716066499215675
2016-12-01 06:00:00,18.5,93,0.0,22.0,15,-5.694018992255454,-21.2503681783595
2016-12-01 07:00:00,18.8,92,0.0,21.3,11,-4.0642316015204,-20.908659007435244
2016-12-01 08:00:00,20.2,90,0.0,26.0,5,-2.2660493114391143,-25.901062150385386
2016-12-01 09:00:00,21.4,84,0.0,27.7,9,-4.3332346816144,-27.358967034485314
2016-12-01 10:00:00,22.4,80,0.0,27.2,11,-5.190004674242013,-26.70025938977646
2016-12-01 11:00:00,23.2,77,0.0,27.7,9,-4.3332346816144,-27.358967034485314
2016-12-01 12:00:00,23.4,76,0.0,28.0,7,-3.4123416153441206,-27.791292245957017
2016-12-01 13:00:00,23.6,75,0.0,27.9,7,-3.400154681003606,-27.692037630792885
2016-12-01 14:00:00,23.6,74,0.0,28.7,7,-3.4976501557277238,-28.486074552105944
2016-12-01 15:00:00,22.8,73,0.0,28.6,6,-2.989514049454886,-28.44332620753262
2016-12-01 16:00:00,21.8,76,0.0,27.5,5,-2.396782925560602,-27.395354197523
2016-12-01 17:00:00,20.5,78,0.0,26.8,5,-2.3357739056372413,-26.69801790885878
2016-12-01 18:00:00,19.7,79,0.0,25.8,8,-3.5906660047696985,-25.548916173532515
2016-12-01 19:00:00,19.2,80,0.0,24.4,8,-3.395823663425606,-24.16254087729431
2016-12-01 20:00:00,19.0,80,0.0,24.3,7,-2.9614250447450763,-24.118871484884128
2016-12-01 21:00:00,18.6,81,0.0,24.3,7,-2.9614250447450763,-24.118871484884128
2016-12-01 22:00:00,17.8,86,0.0,23.2,7,-2.827368766999414,-23.027070718078672
2016-12-01 23:00:00,17.8,84,0.0,21.4,8,-2.9783043605454087,-21.191736671069602
2016-12-02 00:00:00,18.1,83,0.0,20.3,7,-2.4739476711244874,-20.148686878318838
2016-12-02 01:00:00,18.4,81,0.0,20.0,8,-2.7834620192013166,-19.805361374831406
2016-12-02 02:00:00,18.5,80,0.0,19.7,9,-3.081758961292551,-19.457460309724212
2016-12-02 03:00:00,17.8,82,0.0,19.5,12,-4.054277970946316,-19.073878214309207
2016-12-02 04:00:00,18.4,80,0.0,18.9,14,-4.5723238268337205,-18.33858922661633
2016-12-02 05:00:00,19.0,77,0.0,18.2,14,-4.402978499913954,-17.659382218223136
2016-12-02 06:00:00,18.6,79,0.0,18.8,12,-3.908739787373884,-18.389174893795545
2016-12-02 07:00:00,18.9,78,0.0,17.6,15,-4.555215193804363,-17.000294542687605
2016-12-02 08:00:00,19.8,82,0.0,19.0,10,-3.2993153756716764,-18.711347307231954
2016-12-02 09:00:00,21.6,74,0.0,20.4,8,-2.8391312595853426,-20.20146860232803
2016-12-02 10:00:00,22.8,71,0.0,21.7,6,-2.2682676529080776,-21.581125129491532
2016-12-02 11:00:00,23.7,70,0.0,22.4,4,-1.562545011868413,-22.34543472582006
2016-12-02 12:00:00,24.0,70,0.0,23.9,5,-2.083022251669032,-23.809053284392718
2016-12-02 13:00:00,24.2,70,0.0,23.6,7,-2.8761165043614736,-23.4240891787352
2016-12-02 14:00:00,23.7,72,0.0,23.2,7,-2.827368766999414,-23.027070718078672
2016-12-02 15:00:00,23.1,74,0.0,22.8,6,-2.383248962502497,-22.675099214396635
2016-12-02 16:00:00,22.3,77,0.0,23.2,6,-2.425060347809558,-23.07290797254394
2016-12-02 17:00:00,21.5,78,0.0,22.0,5,-1.9174263404484815,-21.9162833580184
2016-12-02 18:00:00,20.5,81,0.0,20.9,4,-1.4579103012522245,-20.849088650430325
2016-12-02 19:00:00,19.9,83,0.0,20.3,7,-2.4739476711244874,-20.148686878318838
2016-12-02 20:00:00,19.6,84,0.0,18.4,6,-1.9233237241248218,-18.299202874776228
2016-12-02 21:00:00,19.0,87,0.0,18.0,3,-0.9420472123729975,-17.975331625582328
2016-12-02 22:00:00,18.2,90,0.0,18.0,3,-0.9420472123729975,-17.975331625582328
2016-12-02 23:00:00,19.0,85,0.0,17.8,7,-2.16927431261162,-17.667321499215532
2016-12-03 00:00:00,18.9,85,0.0,16.8,10,-2.91728938480443,-16.544770250605094
2016-12-03 01:00:00,18.7,84,0.0,16.8,10,-2.91728938480443,-16.544770250605094
2016-12-03 02:00:00,18.9,83,0.0,16.8,10,-2.91728938480443,-16.544770250605094
2016-12-03 03:00:00,19.1,83,0.0,16.1,10,-2.7957356604375785,-15.855404823496551
2016-12-03 04:00:00,19.3,81,0.0,15.9,13,-3.576721764067458,-15.492484030085238
2016-12-03 05:00:00,18.7,83,0.0,15.1,12,-3.1394665313481727,-14.770028771080463
2016-12-03 06:00:00,18.5,83,0.0,15.5,12,-3.2226312076752768,-15.161287811373986
2016-12-03 07:00:00,19.5,79,0.0,15.1,12,-3.1394665313481727,-14.770028771080463
2016-12-03 08:00:00,19.6,88,0.0,17.2,10,-2.9867486558712018,-16.938693351809977
2016-12-03 09:00:00,22.6,75,0.0,17.0,4,-1.185860053650135,-16.958588854417012
2016-12-03 10:00:00,23.4,73,0.0,17.3,1,-0.3019266313650045,-17.29736512620557
2016-12-03 11:00:00,24.3,72,0.0,17.6,359,0.30716235329619135,-17.59731943475249
2016-12-03 12:00:00,24.7,72,0.0,19.1,1,-0.33334096295211485,-19.097090977487074
2016-12-03 13:00:00,24.8,72,0.0,19.5,3,-1.020551146737414,-19.47327592771419
2016-12-03 14:00:00,25.0,72,0.0,18.8,3,-0.983915977367353,-18.77423525338599
2016-12-03 15:00:00,24.6,77,0.0,18.0,1,-0.31414331587110295,-17.997258512815044
2016-12-03 16:00:00,24.1,80,0.0,17.3,358,0.6037612929532687,-17.289461307430358
2016-12-03 17:00:00,22.8,85,0.0,16.2,360,9.919639073093561e-16,-16.2
2016-12-03 18:00:00,21.6,90,0.0,14.1,6,-1.4738513320739124,-14.022758724692654
2016-12-03 19:00:00,20.6,94,0.0,12.6,360,7.715274834628325e-16,-12.6
2016-12-03 20:00:00,20.6,91,0.0,13.0,357,0.6803674311582716,-12.98218395180946
2016-12-03 21:00:00,21.0,90,0.0,12.6,358,0.4397336584515136,-12.592324420440606
2016-12-03 22:00:00,20.8,90,0.0,12.6,355,1.0981623586204925,-12.552053195955994
2016-12-03 23:00:00,20.5,91,0.0,13.0,354,1.358870022479495,-12.928784639787553
2016-12-04 00:00:00,20.2,91,0.0,13.7,357,0.7170026005283323,-13.681224626137661
2016-12-04 01:00:00,20.0,91,0.0,12.5,12,-2.5988961352219975,-12.22684500917257
2016-12-04 02:00:00,19.9,91,0.0,10.0,15,-2.5881904510252065,-9.659258262890683
2016-12-04 03:00:00,20.0,86,0.0,10.1,6,-1.055737479003299,-10.044671143219562
2016-12-04 04:00:00,20.1,85,0.0,13.0,2,-0.4536934571325099,-12.992080751248245
2016-12-04 05:00:00,19.2,87,0.0,12.7,8,-1.7674983821928358,-12.576404473017941
2016-12-04 06:00:00,18.3,88,0.0,12.5,18,-3.8627124296868445,-11.888206453689419
2016-12-04 07:00:00,18.2,88,0.0,12.2,28,-5.727553065987867,-10.771960632878908
2016-12-04 08:00:00,20.3,89,0.0,12.5,18,-3.8627124296868445,-11.888206453689419
2016-12-04 09:00:00,23.2,79,0.0,13.7,3,-0.717002600528337,-13.681224626137661
2016-12-04 10:00:00,24.5,75,0.0,16.2,360,9.919639073093561e-16,-16.2
2016-12-04 11:00:00,25.4,72,0.0,17.3,360,1.0593194812624606e-15,-17.3
2016-12-04 12:00:00,25.8,71,0.0,17.3,360,1.0593194812624606e-15,-17.3
2016-12-04 13:00:00,25.9,71,0.0,18.7,358,0.6526205883367702,-18.68860846525709
2016-12-04 14:00:00,25.5,74,0.0,20.2,360,1.2368932671388266e-15,-20.2
2016-12-04 15:00:00,24.6,80,0.0,19.8,2,-0.691010034709515,-19.787938374978097
2016-12-04 16:00:00,23.8,83,0.0,17.3,5,-1.5077943495344879,-17.234168276987198
2016-12-04 17:00:00,22.7,87,0.0,15.2,5,-1.3247672897644054,-15.142159410994532
2016-12-04 18:00:00,21.8,90,0.0,12.8,11,-2.442355140819771,-12.5648279481301
2016-12-04 19:00:00,21.1,93,0.0,12.4,10,-2.1532374030699364,-12.21161613735138
2016-12-04 20:00:00,20.3,95,0.0,11.9,5,-1.0371533386971332,-11.854716907291772
2016-12-04 21:00:00,19.9,94,0.0,11.5,2,-0.40134421207875876,-11.492994510719601
2016-12-04 22:00:00,20.3,92,0.0,13.0,2,-0.4536934571325099,-12.992080751248245
2016-12-04 23:00:00,21.1,89,0.0,10.2,10,-1.7712114122026892,-10.045039080724521
2016-12-05 00:00:00,21.2,87,0.0,9.5,11,-1.812685456077174,-9.325458242752807
2016-12-05 01:00:00,21.1,87,0.0,10.7,12,-2.2246550917500296,-10.46617932785172
2016-12-05 02:00:00,21.0,86,0.0,11.7,11,-2.232465245905572,-11.485038046337667
2016-12-05 03:00:00,20.4,86,0.0,12.4,8,-1.7257464519048162,-12.279324052395472
2016-12-05 04:00:00,20.4,86,0.0,12.7,7,-1.547740661245369,-12.60533612584479
2016-12-05 05:00:00,20.5,85,0.0,12.8,11,-2.442355140819771,-12.5648279481301
2016-12-05 06:00:00,20.4,84,0.0,12.0,16,-3.3076482698039866,-11.535140351259829
2016-12-05 07:00:00,20.1,84,0.0,12.2,19,-3.971931484377311,-11.535326622311665
2016-12-05 08:00:00,20.7,89,0.0,11.8,12,-2.453357951649566,-11.542141688658907
2016-12-05 09:00:00,23.5,79,0.0,13.8,6,-1.4424927930936164,-13.724402156082174
2016-12-05 10:00:00,24.5,76,0.0,15.5,5,-1.350914012588703,-15.441017820422056
2016-12-05 11:00:00,25.2,73,0.0,15.9,5,-1.3857763096877662,-15.839495699658755
2016-12-05 12:00:00,25.7,72,0.0,15.9,3,-0.8321417042628145,-15.878209602597725
2016-12-05 13:00:00,25.5,73,0.0,16.9,360,1.0348265452795135e-15,-16.9
2016-12-05 14:00:00,25.3,74,0.0,19.1,359,0.33334096295211674,-19.097090977487074
2016-12-05 15:00:00,25.2,75,0.0,20.5,3,-1.0728871029803584,-20.471905462468765
2016-12-05 16:00:00,24.2,79,0.0,18.6,9,-2.9096810497482974,-18.37100313506956
2016-12-05 17:00:00,23.1,83,0.0,17.2,10,-2.9867486558712018,-16.938693351809977
2016-12-05 18:00:00,22.1,86,0.0,16.7,6,-1.7456253365698111,-16.608515652650166
2016-12-05 19:00:00,21.3,88,0.0,17.1,8,-2.3798600264171257,-16.933583975480854
2016-12-05 20:00:00,21.0,88,0.0,18.2,8,-2.532950437473198,-18.02287885109658
2016-12-05 21:00:00,20.7,88,0.0,18.9,9,-2.9566113892603663,-18.6673096372481
2016-12-05 22:00:00,20.4,87,0.0,18.9,8,-2.6303716081452437,-18.716066499215675
2016-12-05 23:00:00,20.0,88,0.0,19.2,5,-1.6733902607550384,-19.126938203361515
2016-12-06 00:00:00,19.7,88,0.0,19.5,5,-1.699536983579336,-19.42579661278904
2016-12-06 01:00:00,19.7,86,0.0,22.4,5,-1.9522886375475446,-22.314761237255098
2016-12-06 02:00:00,19.8,84,0.0,25.6,4,-1.7857657278496148,-25.537639686651502
2016-12-06 03:00:00,19.8,81,0.0,27.4,5,-2.388067351285836,-27.29573472771383
2016-12-06 04:00:00,19.6,79,0.0,28.6,5,-2.492654242583026,-28.491168365423924
2016-12-06 05:00:00,19.5,77,0.0,28.3,7,-3.448902418365665,-28.089056091449415
2016-12-06 06:00:00,19.4,75,0.0,26.8,6,-2.80136281557311,-26.65318679586973
2016-12-06 07:00:00,19.5,75,0.0,26.0,6,-2.7177400449589872,-25.85756927957511
2016-12-06 08:00:00,20.2,76,0.0,26.0,5,-2.2660493114391143,-25.901062150385386
2016-12-06 09:00:00,21.8,69,0.0,28.9,4,-2.015962091205229,-28.829601052508917
2016-12-06 10:00:00,22.6,67,0.0,31.1,5,-2.710543599452172,-30.98165511065329
2016-12-06 11:00:00,22.9,66,0.0,31.3,8,-4.35611806005006,-30.99539055161115
2016-12-06 12:00:00,22.8,66,0.0,29.8,8,-4.1473584086099615,-29.509988448498795
2016-12-06 13:00:00,22.4,67,0.0,29.3,6,-3.0626839737422435,-29.13949153429041
2016-12-06 14:00:00,22.0,68,0.0,28.9,6,-3.020872588435182,-28.7416827761431
2016-12-06 15:00:00,22.0,66,0.0,27.8,5,-2.4229296483848994,-27.694212606950526
2016-12-06 16:00:00,21.2,68,0.0,26.8,6,-2.80136281557311,-26.65318679586973
2016-12-06 17:00:00,20.4,68,0.0,24.6,5,-2.144031271592393,-24.506389573056943
2016-12-06 18:00:00,19.8,70,0.0,21.0,6,-2.1950977286207207,-20.884959802733743
2016-12-06 19:00:00,19.3,72,0.0,16.0,8,-2.2267696153610532,-15.844289099865124
2016-12-06 20:00:00,18.6,80,0.0,15.5,3,-0.8112073217656367,-15.478757788695894
2016-12-06 21:00:00,18.1,81,0.0,17.6,1,-0.30716235329618957,-17.59731943475249
2016-12-06 22:00:00,18.1,81,0.0,18.8,4,-1.311421706389561,-18.754204144884696
2016-12-06 23:00:00,17.7,83,0.0,18.4,4,-1.2835191168919107,-18.355178524780765
2016-12-07 00:00:00,17.8,83,0.0,17.7,6,-1.8501537998374644,-17.60303754801844
2016-12-07 01:00:00,18.1,82,0.0,17.1,7,-2.0839657722280167,-16.97253919306661
2016-12-07 02:00:00,18.3,83,0.0,15.7,9,-2.4560211011316273,-15.50670694734366
2016-12-07 03:00:00,18.1,84,0.0,14.7,11,-2.8048922320352054,-14.42991959668066
2016-12-07 04:00:00,18.3,84,0.0,14.6,10,-2.535263393937183,-14.378193193978237
2016-12-07 05:00:00,18.1,85,0.0,15.3,8,-2.129348444689007,-15.151101451746026
2016-12-07 06:00:00,17.9,87,0.0,14.3,10,-2.483168940637104,-14.082750868074575
2016-12-07 07:00:00,18.0,88,0.0,14.7,11,-2.8048922320352054,-14.42991959668066
2016-12-07 08:00:00,19.5,83,0.0,17.0,6,-1.776983875550107,-16.90687222126065
2016-12-07 09:00:00,21.2,75,0.0,19.9,4,-1.388153827508099,-19.8515246001705
2016-12-07 10:00:00,21.8,73,0.0,21.3,6,-2.2264562676010167,-21.183316371344223
2016-12-07 11:00:00,22.5,71,0.0,21.3,4,-1.4858128907498749,-21.248114270534256
2016-12-07 12:00:00,22.7,70,0.0,21.6,2,-0.7538291287740165,-21.58684186361247
2016-12-07 13:00:00,22.9,70,0.0,20.9,2,-0.7293994810822658,-20.8872682846991
2016-12-07 14:00:00,22.8,70,0.0,19.8,2,-0.691010034709515,-19.787938374978097
2016-12-07 15:00:00,23.0,70,0.0,19.8,359,0.34555764745821527,-19.79698436409655
2016-12-07 16:00:00,22.0,73,0.0,19.5,358,0.6805401856987711,-19.488121126872368
2016-12-07 17:00:00,20.9,77,0.0,18.4,360,1.1266750552155648e-15,-18.4
2016-12-07 18:00:00,19.8,81,0.0,17.3,359,0.30192663136500625,-17.29736512620557
2016-12-07 19:00:00,19.3,83,0.0,17.3,2,-0.6037612929532632,-17.289461307430358
2016-12-07 20:00:00,19.0,85,0.0,16.7,6,-1.7456253365698111,-16.608515652650166
2016-12-07 21:00:00,18.3,89,0.0,14.6,9,-2.283943189587373,-14.42024977268901
2016-12-07 22:00:00,18.0,90,0.0,14.1,3,-0.7379369830255147,-14.080676440039491
2016-12-07 23:00:00,18.2,89,0.0,13.7,360,8.388830574159369e-16,-13.7
2016-12-08 00:00:00,18.2,89,0.0,13.3,358,0.4641633061432644,-13.291897999353974
2016-12-08 01:00:00,17.9,90,0.0,13.3,357,0.6960682180311548,-13.281772812235833
2016-12-08 02:00:00,17.9,90,0.0,13.7,358,0.4781231048242648,-13.691654330161612
2016-12-08 03:00:00,17.9,92,0.0,13.4,5,-1.1678869528186206,-13.34900895442939
2016-12-08 04:00:00,18.1,91,0.0,13.4,6,-1.400681407786555,-13.326593397934865
2016-12-08 05:00:00,17.8,92,0.0,14.9,7,-1.815853216736693,-14.7889376594557
2016-12-08 06:00:00,18.0,91,0.0,15.2,7,-1.8524140197582368,-15.086701504948095
2016-12-08 07:00:00,18.1,90,0.0,16.6,1,-0.2897099468589061,-16.597471739596095
2016-12-08 08:00:00,19.1,88,0.0,17.7,4,-1.2346895852710227,-17.65688368959889
2016-12-08 09:00:00,20.7,81,0.0,19.2,6,-2.0069464947389446,-19.094820391070847
2016-12-08 10:00:00,21.7,77,0.0,18.5,7,-2.2545828529952225,-18.36210380536446
2016-12-08 11:00:00,22.6,75,0.0,17.0,5,-1.4816476267101901,-16.935309867559674
2016-12-08 12:00:00,23.4,72,0.0,16.2,1,-0.2827289842839927,-16.197532661533536
2016-12-08 13:00:00,23.7,71,0.0,17.7,356,1.2346895852710165,-17.65688368959889
2016-12-08 14:00:00,23.5,72,0.0,20.2,360,1.2368932671388266e-15,-20.2
2016-12-08 15:00:00,22.9,75,0.0,22.0,3,-1.1513910373447747,-21.969849764600625
2016-12-08 16:00:00,21.9,78,0.0,20.9,2,-0.7293994810822658,-20.8872682846991
2016-12-08 17:00:00,20.6,83,0.0,18.0,3,-0.9420472123729975,-17.975331625582328
2016-12-08 18:00:00,19.7,87,0.0,16.0,8,-2.2267696153610532,-15.844289099865124
2016-12-08 19:00:00,19.0,90,0.0,13.6,11,-2.5950023371210067,-13.35012969488823
2016-12-08 20:00:00,18.4,93,0.0,13.3,2,-0.4641633061432601,-13.291897999353974
2016-12-08 21:00:00,17.8,94,0.0,14.4,360,8.817456953860943e-16,-14.4
2016-12-08 22:00:00,18.0,92,0.0,14.1,6,-1.4738513320739124,-14.022758724692654
2016-12-08 23:00:00,18.6,89,0.0,13.8,7,-1.681796938991031,-13.697136892650246
2016-12-09 00:00:00,18.4,89,0.0,14.5,7,-1.767105479374634,-14.39191919879917
2016-12-09 01:00:00,18.6,88,0.0,15.3,9,-2.393447315115535,-15.111631611105606
2016-12-09 02:00:00,18.6,87,0.0,14.5,14,-3.507867486195183,-14.06928803100195
2016-12-09 03:00:00,16.6,93,0.0,13.6,17,-3.9762551842292244,-13.00574468109728
2016-12-09 04:00:00,16.7,90,0.0,15.3,15,-3.959931390068566,-14.778665142222746
2016-12-09 05:00:00,17.4,86,0.0,15.5,12,-3.2226312076752768,-15.161287811373986
2016-12-09 06:00:00,17.4,84,0.0,15.7,11,-2.9957012274117503,-15.411546780128324
2016-12-09 07:00:00,17.7,82,0.0,14.7,11,-2.8048922320352054,-14.42991959668066
2016-12-09 08:00:00,19.3,83,0.0,16.0,8,-2.2267696153610532,-15.844289099865124
2016-12-09 09:00:00,22.2,74,0.0,16.2,4,-1.1300548746548345,-16.16053761420915
2016-12-09 10:00:00,23.6,70,0.0,18.0,2,-0.6281909406450137,-17.989034886343724
2016-12-09 11:00:00,24.6,67,0.0,20.5,2,-0.7154396824012657,-20.487511953891463
2016-12-09 12:00:00,25.1,66,0.0,22.7,3,-1.1880262067148357,-22.668890438928827
2016-12-09 13:00:00,25.2,66,0.0,23.8,3,-1.2455957585820745,-23.76738292715886
2016-12-09 14:00:00,25.0,68,0.0,23.8,3,-1.2455957585820745,-23.76738292715886
2016-12-09 15:00:00,24.6,71,0.0,23.1,3,-1.2089605892120137,-23.068342252830657
2016-12-09 16:00:00,23.7,74,0.0,20.5,3,-1.0728871029803584,-20.471905462468765
2016-12-09 17:00:00,22.4,79,0.0,17.0,5,-1.4816476267101901,-16.935309867559674
2016-12-09 18:00:00,21.1,84,0.0,14.5,7,-1.767105479374634,-14.39191919879917
2016-12-09 19:00:00,20.3,87,0.0,14.7,11,-2.8048922320352054,-14.42991959668066
2016-12-09 20:00:00,20.7,83,0.0,12.0,16,-3.3076482698039866,-11.535140351259829
2016-12-09 21:00:00,20.3,84,0.0,9.6,13,-2.1595301217011063,-9.353952621938257
2016-12-09 22:00:00,20.1,84,0.0,8.8,9,-1.3766232923540331,-8.691657397237211
2016-12-09 23:00:00,19.9,85,0.0,7.8,13,-1.7546182238821488,-7.600086505324834
2016-12-10 00:00:00,19.7,85,0.0,5.3,28,-2.488199282765221,-4.679622242152313
2016-12-10 01:00:00,19.0,88,0.0,5.1,39,-3.2095339943541727,-3.96344440343055
2016-12-10 02:00:00,19.3,87,0.0,6.6,41,-4.329989591337347,-4.981083229470295
2016-12-10 03:00:00,19.6,81,0.1,8.3,34,-4.6413010988071965,-6.881011852206848
2016-12-10 04:00:00,19.5,82,0.1,11.0,32,-5.829111906565255,-9.328529057720685
2016-12-10 05:00:00,18.9,84,0.1,10.3,29,-4.99353908853727,-9.00858298353578
2016-12-10 06:00:00,18.7,84,0.0,10.5,41,-6.888619804400326,-7.924450592339106
2016-12-10 07:00:00,18.9,83,0.0,9.4,47,-6.874724795220204,-6.410784584587485
2016-12-10 08:00:00,19.0,93,0.0,8.2,41,-5.379684037722159,-6.18861855782673
2016-12-10 09:00:00,21.5,82,0.0,9.2,26,-4.033014550459515,-8.268905225952334
2016-12-10 10:00:00,22.7,79,0.0,9.8,24,-3.986019102142841,-8.95274548489749
2016-12-10 11:00:00,23.5,75,0.0,9.1,18,-2.8120546488120226,-8.654614298285896
2016-12-10 12:00:00,24.4,72,0.0,11.2,4,-0.7812725059342065,-11.17271736291003
2016-12-10 13:00:00,24.7,72,0.0,13.0,357,0.6803674311582716,-12.98218395180946
2016-12-10 14:00:00,24.5,71,0.0,15.5,357,0.8112073217656315,-15.478757788695894
2016-12-10 15:00:00,24.4,71,0.0,18.0,360,1.102182119232618e-15,-18.0
2016-12-10 16:00:00,23.7,73,0.0,17.7,2,-0.6177210916342635,-17.689217638237995
2016-12-10 17:00:00,22.2,78,0.0,15.9,4,-1.1091279325315968,-15.861268399131205
2016-12-10 18:00:00,20.5,87,0.0,14.4,4,-1.0044932219154084,-14.36492232374147
2016-12-10 19:00:00,20.0,86,0.0,15.7,11,-2.9957012274117503,-15.411546780128324
2016-12-10 20:00:00,20.1,85,0.0,13.4,5,-1.1678869528186206,-13.34900895442939
2016-12-10 21:00:00,20.0,84,0.0,10.4,2,-0.36295476570600793,-10.393664600998596
2016-12-10 22:00:00,19.8,84,0.0,12.2,2,-0.42577385977050924,-12.192568089632967
2016-12-10 23:00:00,19.2,86,0.0,13.4,8,-1.864919552864882,-13.269592121137041
2016-12-11 00:00:00,19.1,86,0.1,14.3,10,-2.483168940637104,-14.082750868074575
2016-12-11 01:00:00,18.9,87,0.0,12.0,9,-1.8772135804827723,-11.852260087141651
2016-12-11 02:00:00,18.9,88,0.1,9.8,8,-1.363896389408645,-9.704627073667389
2016-12-11 03:00:00,19.1,85,0.2,11.4,13,-2.564442019520064,-11.10781873855168
2016-12-11 04:00:00,18.6,86,0.2,13.8,20,-4.719877977894226,-12.967758166845536
2016-12-11 05:00:00,18.4,85,0.3,13.5,25,-5.705346533499439,-12.235155124994776
2016-12-11 06:00:00,18.8,84,0.3,13.7,18,-4.233532822936781,-13.029474273243602
2016-12-11 07:00:00,18.6,85,0.2,12.9,13,-2.901868601035862,-12.569373835729534
2016-12-11 08:00:00,18.9,89,0.0,12.5,12,-2.5988961352219975,-12.22684500917257
2016-12-11 09:00:00,20.9,86,0.0,13.6,11,-2.5950023371210067,-13.35012969488823
2016-12-11 10:00:00,21.9,79,0.0,13.8,6,-1.4424927930936164,-13.724402156082174
2016-12-11 11:00:00,22.7,76,0.0,15.5,4,-1.0812253430339465,-15.462242779027275
2016-12-11 12:00:00,23.3,73,0.0,15.2,4,-1.0602984009107088,-15.162973563949327
2016-12-11 13:00:00,23.4,73,0.0,15.1,1,-0.26353133720298083,-15.097700196861508
2016-12-11 14:00:00,23.7,71,0.0,15.1,1,-0.26353133720298083,-15.097700196861508
2016-12-11 15:00:00,22.7,74,0.2,13.8,7,-1.681796938991031,-13.697136892650246
2016-12-11 16:00:00,21.9,78,0.3,11.1,13,-2.496956703216904,-10.815507719116109
2016-12-11 17:00:00,21.0,81,0.1,8.5,12,-1.767249371950958,-8.314254606237347
2016-12-11 18:00:00,19.8,88,0.2,3.1,36,-1.822134282106667,-2.507952682562337
2016-12-11 19:00:00,19.7,86,0.1,3.1,45,-2.192031021678298,-2.192031021678297
2016-12-11 20:00:00,19.1,89,0.0,0.4,90,-0.4,4.898587196589413e-17
2016-12-11 21:00:00,18.5,92,0.1,2.5,225,1.7677669529663689,1.7677669529663687
2016-12-11 22:00:00,18.4,92,0.0,3.9,248,3.616017032810471,1.460965714322057
2016-12-11 23:00:00,18.1,93,0.0,3.6,264,3.580278823325784,0.37630246776355253
2016-12-12 00:00:00,17.7,94,0.0,2.9,263,2.8783838397598336,0.35342109587492765
2016-12-12 01:00:00,17.4,94,0.0,2.4,207,1.0895771993749124,2.138415658052083
2016-12-12 02:00:00,17.5,93,0.0,1.8,127,-1.4375439180851273,1.0832670416736867
2016-12-12 03:00:00,19.6,86,0.1,1.5,45,-1.0606601717798214,-1.0606601717798212
2016-12-12 04:00:00,19.4,85,0.0,3.5,24,-1.4235782507653003,-3.1974091017491033
2016-12-12 05:00:00,18.3,87,0.0,5.0,30,-2.500000000000002,-4.330127018922192
2016-12-12 06:00:00,18.5,84,0.0,5.2,34,-2.907803098047882,-4.3109953772862175
2016-12-12 07:00:00,17.1,87,0.0,6.0,25,-2.5357095704441948,-5.4378467222199
2016-12-12 08:00:00,18.6,93,0.0,8.5,12,-1.767249371950958,-8.314254606237347
2016-12-12 09:00:00,21.7,81,0.0,11.2,354,1.1707187885977186,-11.13864522812466
2016-12-12 10:00:00,22.7,76,0.0,15.3,352,2.129348444689002,-15.151101451746028
2016-12-12 11:00:00,23.5,72,0.0,16.7,353,2.035218034865963,-16.575520732410077
2016-12-12 12:00:00,23.9,70,0.0,17.3,355,1.5077943495344859,-17.234168276987198
2016-12-12 13:00:00,23.6,71,0.0,16.9,358,0.5898014942722682,-16.889704976622717
2016-12-12 14:00:00,23.5,71,0.0,15.9,3,-0.8321417042628145,-15.878209602597725
2016-12-12 15:00:00,23.1,72,0.0,14.8,6,-1.5470212563612697,-14.718924051450447
2016-12-12 16:00:00,22.5,74,0.0,13.8,7,-1.681796938991031,-13.697136892650246
2016-12-12 17:00:00,21.2,79,0.0,12.2,14,-2.951447126315947,-11.837607860567156
2016-12-12 18:00:00,19.8,84,0.0,12.2,34,-6.822153422343108,-10.11425838517151
2016-12-12 19:00:00,18.7,88,0.0,11.5,49,-8.679160172561879,-7.544678833390831
2016-12-12 20:00:00,17.4,91,0.0,9.9,46,-7.121464023352646,-6.877117867544074
2016-12-12 21:00:00,16.2,92,0.0,9.8,36,-5.760295472466238,-7.928366544874485
2016-12-12 22:00:00,15.2,94,0.0,10.1,35,-5.793122007145568,-8.273435647318815
2016-12-12 23:00:00,14.4,93,0.0,10.2,32,-5.405176495178691,-8.650090580795544
2016-12-13 00:00:00,13.9,93,0.0,10.2,32,-5.405176495178691,-8.650090580795544
2016-12-13 01:00:00,13.7,92,0.0,9.8,36,-5.760295472466238,-7.928366544874485
2016-12-13 02:00:00,13.4,91,0.0,9.5,37,-5.717242719944458,-7.587037345449282
2016-12-13 03:00:00,13.1,89,0.0,9.7,39,-6.104407793183427,-7.538315826132614
2016-12-13 04:00:00,12.7,88,0.0,10.1,35,-5.793122007145568,-8.273435647318815
2016-12-13 05:00:00,12.4,88,0.0,9.8,36,-5.760295472466238,-7.928366544874485
2016-12-13 06:00:00,12.2,87,0.0,10.4,34,-5.815606196095764,-8.621990754572435
2016-12-13 07:00:00,12.3,87,0.0,9.2,39,-5.789747597658508,-7.149742845404129
2016-12-13 08:00:00,15.8,86,0.0,10.2,48,-7.580077219869421,-6.825132184860354
2016-12-13 09:00:00,21.6,65,0.0,8.7,42,-5.821436275322065,-6.4653599816533305
2016-12-13 10:00:00,24.0,56,0.0,10.1,17,-2.9529542176996446,-9.658678035226657
2016-12-13 11:00:00,25.0,54,0.0,13.8,6,-1.4424927930936164,-13.724402156082174
2016-12-13 12:00:00,25.3,54,0.0,14.5,7,-1.767105479374634,-14.39191919879917
2016-12-13 13:00:00,25.3,54,0.0,12.8,11,-2.442355140819771,-12.5648279481301
2016-12-13 14:00:00,24.9,56,0.0,12.6,13,-2.834383284732702,-12.277062816293963
2016-12-13 15:00:00,24.9,54,0.0,12.7,15,-3.2870018728020116,-12.267257993871167
2016-12-13 16:00:00,23.9,59,0.0,12.2,14,-2.951447126315947,-11.837607860567156
2016-12-13 17:00:00,22.2,64,0.0,12.4,17,-3.62540913856194,-11.858178973941639
2016-12-13 18:00:00,19.9,73,0.0,13.0,24,-5.287576359985401,-11.876090949353813
2016-12-13 19:00:00,18.1,80,0.0,13.4,31,-6.9015102037947305,-11.486041829408302
2016-12-13 20:00:00,16.6,84,0.0,13.0,24,-5.287576359985401,-11.876090949353813
2016-12-13 21:00:00,15.9,83,0.0,14.8,23,-5.782820701641253,-13.623471831096117
2016-12-13 22:00:00,15.6,82,0.0,15.0,24,-6.101049646137001,-13.703181864639015
2016-12-13 23:00:00,15.7,79,0.0,16.1,20,-5.506524307543264,-15.129051194653128
2016-12-14 00:00:00,16.0,77,0.0,17.5,14,-4.233633172994186,-16.980175209829937
2016-12-14 01:00:00,15.6,78,0.0,17.7,12,-3.6800369274743483,-17.31321253298836
2016-12-14 02:00:00,15.6,79,0.0,17.6,11,-3.3582383186271856,-17.276638428678886
2016-12-14 03:00:00,15.7,77,0.0,18.3,10,-3.177761651304825,-18.02198188012341
2016-12-14 04:00:00,15.5,79,0.0,19.0,10,-3.2993153756716764,-18.711347307231954
2016-12-14 05:00:00,15.2,80,0.0,20.3,12,-4.2206073236005235,-19.856396294896253
2016-12-14 06:00:00,14.6,81,0.0,20.7,13,-4.6564868249180105,-20.169460341054368
2016-12-14 07:00:00,14.6,81,0.0,20.3,17,-5.935145605871563,-19.412986546049616
2016-12-14 08:00:00,16.7,82,0.0,21.1,14,-5.10455199715299,-20.473239824423526
2016-12-14 09:00:00,20.6,68,0.0,23.4,11,-4.464930491811144,-22.970076092675335
2016-12-14 10:00:00,21.5,65,0.0,24.1,9,-3.770070607469568,-23.80328900834282
2016-12-14 11:00:00,22.2,64,0.0,24.7,8,-3.4375755937136256,-24.459621297916783
2016-12-14 12:00:00,22.6,63,0.0,26.1,7,-3.180789862874341,-25.905454557838507
2016-12-14 13:00:00,22.6,63,0.0,27.6,7,-3.363593877982062,-27.39427378530049
2016-12-14 14:00:00,22.1,65,0.0,29.3,6,-3.0626839737422435,-29.13949153429041
2016-12-14 15:00:00,21.8,67,0.0,30.5,7,-3.7170149738569886,-30.272657625060322
2016-12-14 16:00:00,20.6,70,0.0,27.3,9,-4.270660895598307,-26.96389169824726
2016-12-14 17:00:00,19.4,74,0.0,25.2,3,-1.3188660973221964,-25.16546427581526
2016-12-14 18:00:00,18.2,77,0.0,25.9,2,-0.9038969645947696,-25.88422241979458
2016-12-14 19:00:00,17.5,79,0.0,25.3,6,-2.64457012067163,-25.161403952817317
2016-12-14 20:00:00,17.0,80,0.0,24.6,6,-2.571400196384273,-24.465238626059527
2016-12-14 21:00:00,16.7,79,0.0,24.3,7,-2.9614250447450763,-24.118871484884128
2016-12-14 22:00:00,16.4,79,0.0,23.3,8,-3.242733252369534,-23.073246001678587
2016-12-14 23:00:00,16.0,82,0.0,21.6,11,-4.121474300133364,-21.203147162469545
2016-12-15 00:00:00,15.6,83,0.0,20.1,10,-3.4903283711052997,-19.79463583554538
2016-12-15 01:00:00,15.4,83,0.0,20.8,9,-3.2538368728368057,-20.543917484378863
2016-12-15 02:00:00,15.4,81,0.0,23.9,5,-2.083022251669032,-23.809053284392718
2016-12-15 03:00:00,15.9,80,0.0,26.5,7,-3.2295376002364002,-26.302473018495036
2016-12-15 04:00:00,15.9,79,0.0,25.8,8,-3.5906660047696985,-25.548916173532515
2016-12-15 05:00:00,15.8,78,0.0,24.8,9,-3.87957473299773,-24.494670846759416
2016-12-15 06:00:00,15.8,79,0.0,23.3,8,-3.242733252369534,-23.073246001678587
2016-12-15 07:00:00,15.5,80,0.0,24.2,5,-2.1091689744933295,-24.107911693820242
2016-12-15 08:00:00,16.5,77,0.0,26.3,4,-1.8345952594705028,-26.23593452183338
2016-12-15 09:00:00,17.5,73,0.0,28.9,4,-2.015962091205229,-28.829601052508917
2016-12-15 10:00:00,18.4,69,0.0,30.3,4,-2.113621154447005,-30.226190722872673
2016-12-15 11:00:00,19.4,65,0.0,30.7,5,-2.6756813023531083,-30.583177231416588
2016-12-15 12:00:00,19.8,63,0.0,29.7,6,-3.1044953590493045,-29.53730029243772
2016-12-15 13:00:00,19.9,62,0.0,30.8,6,-3.2194766686437237,-30.631274377342823
2016-12-15 14:00:00,19.3,62,0.1,30.7,4,-2.141523743944655,-30.625216342976604
2016-12-15 15:00:00,17.5,69,0.1,31.4,4,-2.1903532755655433,-31.32351117815848
2016-12-15 16:00:00,16.7,70,0.0,31.0,4,-2.162450686067893,-30.92448555805455
2016-12-15 17:00:00,15.7,73,0.2,30.4,5,-2.6495345795288108,-30.284318821989064
2016-12-15 18:00:00,15.0,76,0.2,27.8,4,-1.939229970086691,-27.732280597223113
2016-12-15 19:00:00,14.6,78,0.5,27.4,4,-1.9113273805890407,-27.333254977119182
2016-12-15 20:00:00,14.3,81,0.3,27.4,4,-1.9113273805890407,-27.333254977119182
2016-12-15 21:00:00,14.3,80,0.0,27.1,4,-1.8904004384658033,-27.033985762041237
2016-12-15 22:00:00,14.4,78,0.0,26.4,5,-2.3009116085381778,-26.29954002962208
2016-12-15 23:00:00,14.4,78,0.0,26.4,5,-2.3009116085381778,-26.29954002962208
2016-12-16 00:00:00,14.5,76,0.0,26.4,6,-2.7595514302660487,-26.255378037722416
2016-12-16 01:00:00,14.6,75,0.0,26.4,6,-2.7595514302660487,-26.255378037722416
2016-12-16 02:00:00,14.5,75,0.0,26.1,6,-2.7281928912857527,-25.957021469111936
2016-12-16 03:00:00,14.4,80,0.2,26.4,6,-2.7595514302660487,-26.255378037722416
2016-12-16 04:00:00,14.2,80,0.1,27.6,7,-3.363593877982062,-27.39427378530049
2016-12-16 05:00:00,14.3,79,0.0,27.6,7,-3.363593877982062,-27.39427378530049
2016-12-16 06:00:00,14.3,77,0.0,25.4,7,-3.095481322490738,-25.21067225168958
2016-12-16 07:00:00,14.3,76,0.0,26.1,7,-3.180789862874341,-25.905454557838507
2016-12-16 08:00:00,14.8,75,0.0,26.8,6,-2.80136281557311,-26.65318679586973
2016-12-16 09:00:00,15.2,74,0.0,28.2,6,-2.947702664147825,-28.045517449385308
2016-12-16 10:00:00,16.1,69,0.0,27.9,6,-2.9163441251675284,-27.74716088077483
2016-12-16 11:00:00,16.9,66,0.0,27.6,7,-3.363593877982062,-27.39427378530049
2016-12-16 12:00:00,17.4,65,0.0,27.2,8,-3.78550834611379,-26.93529146977071
2016-12-16 13:00:00,17.6,64,0.0,28.0,8,-3.896846826881843,-27.727505924763967
2016-12-16 14:00:00,17.9,63,0.0,27.3,9,-4.270660895598307,-26.96389169824726
2016-12-16 15:00:00,16.8,69,0.1,26.3,9,-4.114226430558077,-25.97620335765212
2016-12-16 16:00:00,16.6,69,0.0,24.8,9,-3.87957473299773,-24.494670846759416
2016-12-16 17:00:00,16.1,70,0.0,23.4,10,-4.06336735740617,-23.044501420485666
2016-12-16 18:00:00,15.7,72,0.0,21.2,10,-3.681341366538923,-20.87792436385881
2016-12-16 19:00:00,15.2,75,0.1,19.5,12,-4.054277970946316,-19.073878214309207
2016-12-16 20:00:00,15.1,77,0.1,17.7,12,-3.6800369274743483,-17.31321253298836
2016-12-16 21:00:00,15.1,78,0.2,15.7,11,-2.9957012274117503,-15.411546780128324
2016-12-16 22:00:00,14.7,86,0.2,15.0,11,-2.8621349306481694,-14.72440775171496
2016-12-16 23:00:00,14.6,88,0.2,14.0,12,-2.910763671448637,-13.694066410273278
2016-12-17 00:00:00,14.6,89,0.3,13.4,14,-3.2417534010355484,-13.001962732098352
2016-12-17 01:00:00,14.5,90,0.3,12.4,17,-3.62540913856194,-11.858178973941639
2016-12-17 02:00:00,14.3,91,0.2,11.8,20,-4.0358376912428895,-11.08837292527372
2016-12-17 03:00:00,14.7,90,0.3,11.2,21,-4.013721034907368,-10.456100776768658
2016-12-17 04:00:00,14.5,90,0.2,11.2,21,-4.013721034907368,-10.456100776768658
2016-12-17 05:00:00,14.5,89,0.1,10.5,22,-3.933369230867079,-9.735430472951267
2016-12-17 06:00:00,14.5,90,0.1,9.5,29,-4.6056913923402,-8.308887217824262
2016-12-17 07:00:00,14.1,91,0.1,9.0,29,-4.3632865822170315,-7.871577364254564
2016-12-17 08:00:00,15.5,89,0.0,9.2,21,-3.296985135816766,-8.588939923774255
2016-12-17 09:00:00,17.3,80,0.0,9.2,21,-3.296985135816766,-8.588939923774255
2016-12-17 10:00:00,18.5,73,0.0,7.3,20,-2.49674704627738,-6.859756131737131
2016-12-17 11:00:00,19.7,70,0.0,6.8,3,-0.3558845024520213,-6.790680836331102
2016-12-17 12:00:00,20.6,67,0.0,6.6,347,1.4846769586695083,-6.430842427582553
2016-12-17 13:00:00,20.8,66,0.0,7.0,339,2.5085756468171025,-6.535062985480412
2016-12-17 14:00:00,20.6,65,0.0,8.1,339,2.902780391316933,-7.5620014546273335
2016-12-17 15:00:00,20.0,69,0.0,9.0,344,2.4807362023529924,-8.65135526344487
2016-12-17 16:00:00,19.5,71,0.0,7.6,355,0.6623836448822018,-7.571079705497266
2016-12-17 17:00:00,18.7,74,0.1,6.1,357,0.3192493330819582,-6.0916401620029
2016-12-17 18:00:00,17.9,79,0.2,2.5,8,-0.3479327524001646,-2.475670171853926
2016-12-17 19:00:00,17.8,77,0.2,1.8,101,-1.7669289302057951,0.34345619167778096
2016-12-17 20:00:00,17.4,79,0.1,2.5,172,-0.3479327524001634,2.475670171853926
2016-12-17 21:00:00,17.0,82,0.0,3.7,191,0.7059932828932162,3.632020578756357
2016-12-17 22:00:00,17.1,81,0.0,3.9,202,1.4609657143220567,3.616017032810471
2016-12-17 23:00:00,17.0,82,0.1,3.1,201,1.1109406435904312,2.8940993221413254
2016-12-18 00:00:00,16.9,82,0.2,1.5,166,-0.36288284339950166,1.4554435894139948
2016-12-18 01:00:00,16.7,83,0.0,1.1,90,-1.1,1.3471114790620887e-16
2016-12-18 02:00:00,16.8,82,0.0,0.8,27,-0.36319239979163753,-0.7128052193506943
2016-12-18 03:00:00,17.5,82,0.1,0.4,180,2.4492935982947065e-17,0.4
2016-12-18 04:00:00,17.6,82,0.0,1.6,153,-0.7263847995832747,1.4256104387013888
2016-12-18 05:00:00,17.4,82,0.0,3.1,135,-2.192031021678297,2.1920310216782974
2016-12-18 06:00:00,17.4,81,0.0,2.8,130,-2.144924440733138,1.7998053071223103
2016-12-18 07:00:00,17.1,81,0.0,5.2,115,-4.7128004925905795,2.1976149610516376
2016-12-18 08:00:00,17.2,88,0.0,3.0,104,-2.9108871788279895,0.7257656867990032
2016-12-18 09:00:00,19.5,79,0.0,1.5,346,0.3628828433995015,-1.4554435894139948
2016-12-18 10:00:00,20.7,75,0.0,4.0,333,1.8159619989581872,-3.564026096753471
2016-12-18 11:00:00,21.8,69,0.0,8.2,331,3.975438886019964,-7.171881598543044
2016-12-18 12:00:00,22.6,66,0.0,12.9,333,5.856477446640154,-11.493984162029944
2016-12-18 13:00:00,22.7,66,0.0,15.5,338,5.806402197946635,-14.371349745785205
2016-12-18 14:00:00,22.3,68,0.0,17.2,344,4.740962520052386,-16.533701170139086
2016-12-18 15:00:00,21.4,73,0.0,17.9,351,2.8001769242201333,-17.679621296652964
2016-12-18 16:00:00,20.5,77,0.0,16.6,358,0.579331645261518,-16.58988772851699
2016-12-18 17:00:00,19.5,81,0.0,13.0,3,-0.680367431158276,-12.98218395180946
2016-12-18 18:00:00,18.3,87,0.0,9.9,10,-1.7191169589026103,-9.74959675482086
2016-12-18 19:00:00,17.2,92,0.0,9.4,356,0.6557108531947772,-9.377102072442348
2016-12-18 20:00:00,16.7,92,0.0,8.5,348,1.7672493719509554,-8.314254606237347
2016-12-18 21:00:00,17.0,91,0.0,9.1,353,1.1090110249868421,-9.032169979936029
2016-12-18 22:00:00,17.3,90,0.0,9.0,355,0.7844016847289232,-8.96575228282571
2016-12-18 23:00:00,17.4,90,0.0,7.0,348,1.4553818357243162,-6.847033205136639
2016-12-19 00:00:00,17.3,90,0.0,4.7,337,1.8364363038995866,-4.32637281122647
2016-12-19 01:00:00,17.2,91,0.0,4.3,336,1.7489675652259409,-3.9282454678631837
2016-12-19 02:00:00,16.9,92,0.0,6.2,350,1.0766187015349686,-6.10580806867569
2016-12-19 03:00:00,16.7,89,0.0,8.3,2,-0.28966582263075635,-8.294943864258496
2016-12-19 04:00:00,15.2,93,0.0,8.9,14,-2.1531048708370433,-8.635631963856369
2016-12-19 05:00:00,14.7,93,0.0,8.2,23,-3.203995253612045,-7.548139798310009
2016-12-19 06:00:00,15.1,90,0.0,9.7,22,-3.633683956134349,-8.993683389297836
2016-12-19 07:00:00,15.7,87,0.0,9.0,23,-3.5165801564034647,-8.284543681071963
2016-12-19 08:00:00,16.9,90,0.0,8.2,15,-2.122316169840669,-7.92059177557036
2016-12-19 09:00:00,19.5,84,0.0,9.0,360,5.51091059616309e-16,-9.0
2016-12-19 10:00:00,20.9,82,0.0,8.6,360,5.265981236333618e-16,-8.6
2016-12-19 11:00:00,22.2,74,0.0,8.5,348,1.7672493719509554,-8.314254606237347
2016-12-19 12:00:00,23.2,70,0.0,10.1,333,4.585304047369423,-8.999165894302514
2016-12-19 13:00:00,23.6,69,0.0,12.4,330,6.200000000000002,-10.73871500692704
2016-12-19 14:00:00,23.6,68,0.0,13.2,334,5.786499137615822,-11.864081411149003
2016-12-19 15:00:00,23.4,73,0.0,11.6,344,3.19739332747719,-11.1506356728845
2016-12-19 16:00:00,22.8,76,0.0,9.5,349,1.8126854560771768,-9.325458242752807
2016-12-19 17:00:00,21.7,81,0.0,8.2,345,2.12231616984067,-7.92059177557036
2016-12-19 18:00:00,19.8,90,0.0,10.2,352,1.4195656297926678,-10.100734301164017
2016-12-19 19:00:00,18.6,93,0.0,9.7,356,0.6766377953180147,-9.676371287520293
2016-12-19 20:00:00,18.7,91,0.0,10.1,358,0.3524849166952609,-10.093847352892867
2016-12-19 21:00:00,18.9,90,0.0,10.4,14,-2.515987714236545,-10.091075553270363
2016-12-19 22:00:00,18.5,90,0.0,10.0,21,-3.583679495453007,-9.335804264972015
2016-12-19 23:00:00,18.2,89,0.0,10.5,8,-1.4613175600806911,-10.397814721786487
2016-12-20 00:00:00,16.7,90,0.0,10.1,2,-0.35248491669525767,-10.093847352892867
2016-12-20 01:00:00,15.6,94,0.0,10.0,15,-2.5881904510252065,-9.659258262890683
2016-12-20 02:00:00,14.8,95,0.0,9.7,27,-4.403707847473605,-8.642763284627167
2016-12-20 03:00:00,14.3,93,0.0,8.4,31,-4.326319829244458,-7.200205325897742
2016-12-20 04:00:00,13.9,93,0.0,8.8,19,-2.864999759222979,-8.320563465273988
2016-12-20 05:00:00,13.8,94,0.0,9.3,16,-2.56342740909809,-8.939733772226367
2016-12-20 06:00:00,13.5,94,0.0,11.1,25,-4.691062705321761,-10.060016436106816
2016-12-20 07:00:00,13.7,93,0.0,9.5,25,-4.014873486536642,-8.609923976848176
2016-12-20 08:00:00,16.4,92,0.0,9.6,20,-3.283393375926418,-9.02104915954472
2016-12-20 09:00:00,21.3,76,0.0,9.1,7,-1.1090110249868392,-9.03216997993603
2016-12-20 10:00:00,23.8,66,0.0,9.4,358,0.3280552690035102,-9.394273773979501
2016-12-20 11:00:00,25.1,62,0.0,10.3,348,2.1414904154229224,-10.074920287558198
2016-12-20 12:00:00,25.9,60,0.0,11.7,349,2.2324652459055754,-11.485038046337667
2016-12-20 13:00:00,26.1,59,0.0,12.7,353,1.547740661245373,-12.605336125844788
2016-12-20 14:00:00,26.3,59,0.0,12.6,357,0.659433048661094,-12.58273213790763
2016-12-20 15:00:00,26.0,64,0.0,10.8,356,0.7533699164365526,-10.773691742806102
2016-12-20 16:00:00,25.4,68,0.0,8.8,351,1.3766232923540322,-8.691657397237213
2016-12-20 17:00:00,23.9,76,0.0,8.7,330,4.3500000000000005,-7.534421012924615
2016-12-20 18:00:00,21.9,88,0.0,9.9,350,1.7191169589026112,-9.74959675482086
2016-12-20 19:00:00,21.9,85,0.0,8.3,2,-0.28966582263075635,-8.294943864258496
2016-12-20 20:00:00,21.4,87,0.0,7.6,3,-0.39775326744637673,-7.589584464134761
2016-12-20 21:00:00,20.0,91,0.0,5.9,11,-1.1257730727216133,-5.791600382341218
2016-12-20 22:00:00,18.6,93,0.0,2.5,360,1.5308084989341916e-16,-2.5
2016-12-20 23:00:00,19.6,90,0.0,4.3,312,3.195522749552795,-2.8772616073430903
2016-12-21 00:00:00,19.5,90,0.0,4.9,324,2.8801477362331185,-3.9641832724372428
2016-12-21 01:00:00,17.7,95,0.0,2.4,27,-1.0895771993749126,-2.138415658052083
2016-12-21 02:00:00,17.2,95,0.0,4.5,104,-4.366330768241984,1.0886485301985047
2016-12-21 03:00:00,17.2,93,0.0,6.8,122,-5.766727053863696,3.603450996785793
2016-12-21 04:00:00,17.5,90,0.0,6.4,133,-4.6806636903626915,4.364789504399991
2016-12-21 05:00:00,17.9,88,0.0,4.8,138,-3.2118269105225195,3.5670951622914924
2016-12-21 06:00:00,18.1,85,0.0,1.9,202,0.7117525274902327,1.761649323676896
2016-12-21 07:00:00,18.0,86,0.0,4.2,160,-1.4364846019678086,3.9467090073008158
2016-12-21 08:00:00,19.7,86,0.0,5.9,137,-4.023790324368741,4.314986839553106
2016-12-21 09:00:00,22.9,74,0.0,4.8,167,-1.079765060850552,4.676976310969129
2016-12-21 10:00:00,24.6,72,0.0,5.6,220,3.5996106142446203,4.289848881466277
2016-12-21 11:00:00,25.8,68,0.0,8.2,255,7.92059177557036,2.12231616984067
2016-12-21 12:00:00,26.2,67,0.0,12.4,278,12.279324052395474,-1.7257464519048116
2016-12-21 13:00:00,25.2,71,0.0,13.2,296,11.864081411149003,-5.786499137615821
2016-12-21 14:00:00,24.5,75,0.0,8.1,315,5.727564927611035,-5.727564927611034
2016-12-21 15:00:00,24.2,79,0.0,4.9,343,1.4326213531414103,-4.685893304218874
2016-12-21 16:00:00,24.0,80,0.0,6.6,351,1.032467469265524,-6.518743047927909
2016-12-21 17:00:00,23.1,83,0.0,7.2,357,0.3768188849491966,-7.190132650232932
2016-12-21 18:00:00,21.9,88,0.0,11.4,11,-2.1752225472926088,-11.19054989130337
2016-12-21 19:00:00,21.1,91,0.0,12.4,22,-4.645121758357313,-11.497079796628164
2016-12-21 20:00:00,20.8,92,0.0,11.2,15,-2.898773305148231,-10.818369254437565
2016-12-21 21:00:00,20.1,94,0.0,9.2,11,-1.7554427574642102,-9.030970087718508
2016-12-21 22:00:00,19.7,95,0.0,8.8,19,-2.864999759222979,-8.320563465273988
2016-12-21 23:00:00,19.2,96,0.0,8.3,2,-0.28966582263075635,-8.294943864258496
2016-12-22 00:00:00,18.7,97,0.0,9.4,353,1.1455718280083864,-9.329933825428427
2016-12-22 01:00:00,18.6,97,0.0,9.0,5,-0.7844016847289242,-8.96575228282571
2016-12-22 02:00:00,18.4,97,0.0,8.6,15,-2.2258437878816775,-8.306962106085987
2016-12-22 03:00:00,19.3,92,0.0,8.5,12,-1.767249371950958,-8.314254606237347
2016-12-22 04:00:00,18.5,93,0.0,9.2,11,-1.7554427574642102,-9.030970087718508
2016-12-22 05:00:00,18.3,93,0.0,9.9,10,-1.7191169589026103,-9.74959675482086
2016-12-22 06:00:00,18.1,93,0.0,11.4,11,-2.1752225472926088,-11.19054989130337
2016-12-22 07:00:00,17.8,94,0.0,14.3,12,-2.973137178693965,-13.987510690493421
2016-12-22 08:00:00,19.6,92,0.0,15.2,7,-1.8524140197582368,-15.086701504948095
2016-12-22 09:00:00,22.7,80,0.0,16.0,8,-2.2267696153610532,-15.844289099865124
2016-12-22 10:00:00,23.3,79,0.0,16.2,3,-0.8478424911356978,-16.177798463024097
2016-12-22 11:00:00,23.5,79,0.2,16.6,2,-0.5793316452615127,-16.58988772851699
2016-12-22 12:00:00,23.0,82,0.3,17.6,11,-3.3582383186271856,-17.276638428678886
2016-12-22 13:00:00,23.2,81,0.2,16.5,16,-4.5480163709804815,-15.860817982982264
2016-12-22 14:00:00,23.2,80,0.3,14.2,24,-5.775660331676361,-12.972345498524934
2016-12-22 15:00:00,23.8,74,0.0,12.9,23,-5.040431557511632,-11.87451260953648
2016-12-22 16:00:00,24.1,72,0.0,15.1,357,0.7902729392684539,-15.079305974794064
2016-12-22 17:00:00,23.1,77,0.0,19.5,357,1.0205511467374073,-19.47327592771419
2016-12-22 18:00:00,21.3,85,0.0,22.3,360,1.3654811810492988e-15,-22.3
2016-12-22 19:00:00,20.3,87,0.0,24.1,360,1.4756993929725606e-15,-24.1
2016-12-22 20:00:00,19.5,88,0.0,24.1,2,-0.8410778705302684,-24.08531893116021
2016-12-22 21:00:00,19.2,87,0.0,23.4,2,-0.8166482228385178,-23.38574535224684
2016-12-22 22:00:00,18.5,89,0.0,22.0,1,-0.38395294162023696,-21.99664929344061
2016-12-22 23:00:00,17.6,91,0.0,21.6,3,-1.1304566548475972,-21.570397950698798
2016-12-23 00:00:00,17.5,90,0.0,20.6,4,-1.4369833591289871,-20.54981943535238
2016-12-23 01:00:00,17.5,88,0.0,21.0,6,-2.1950977286207207,-20.884959802733743
2016-12-23 02:00:00,17.2,88,0.0,20.4,8,-2.8391312595853426,-20.20146860232803
2016-12-23 03:00:00,17.6,84,0.0,18.7,11,-3.568128213541384,-18.356428330471317
2016-12-23 04:00:00,18.0,82,0.0,17.7,12,-3.6800369274743483,-17.31321253298836
2016-12-23 05:00:00,18.1,80,0.0,18.3,10,-3.177761651304825,-18.02198188012341
2016-12-23 06:00:00,17.9,79,0.0,19.1,11,-3.644451811692002,-18.749079203850382
2016-12-23 07:00:00,18.2,77,0.0,18.6,10,-3.2298561046049046,-18.31742420602707
2016-12-23 08:00:00,18.4,82,0.0,20.4,9,-3.191263086820713,-20.148842148140808
2016-12-23 09:00:00,21.0,73,0.0,20.1,10,-3.4903283711052997,-19.79463583554538
2016-12-23 10:00:00,21.8,71,0.0,19.9,6,-2.0801164190263015,-19.79098571782864
2016-12-23 11:00:00,22.8,68,0.0,21.3,4,-1.4858128907498749,-21.248114270534256
2016-12-23 12:00:00,23.0,67,0.0,23.1,4,-1.611374543489301,-23.04372956100194
2016-12-23 13:00:00,23.6,64,0.0,25.3,5,-2.2050402915157536,-25.203725861721164
2016-12-23 14:00:00,23.7,64,0.0,26.4,5,-2.3009116085381778,-26.29954002962208
2016-12-23 15:00:00,23.2,63,0.0,26.0,6,-2.7177400449589872,-25.85756927957511
2016-12-23 16:00:00,22.5,64,0.0,24.6,6,-2.571400196384273,-24.465238626059527
2016-12-23 17:00:00,21.3,66,0.0,22.8,5,-1.987150934646608,-22.7132391164918
2016-12-23 18:00:00,20.0,71,0.0,19.7,9,-3.081758961292551,-19.457460309724212
2016-12-23 19:00:00,19.1,77,0.0,16.3,14,-3.9433268982745853,-15.815820338298742
2016-12-23 20:00:00,18.6,79,0.0,14.8,13,-3.3292756042892058,-14.420676958821481
2016-12-23 21:00:00,18.4,78,0.0,14.7,11,-2.8048922320352054,-14.42991959668066
2016-12-23 22:00:00,18.2,79,0.0,14.7,11,-2.8048922320352054,-14.42991959668066
2016-12-23 23:00:00,18.4,78,0.0,14.3,12,-2.973137178693965,-13.987510690493421
2016-12-24 00:00:00,18.5,79,0.0,13.9,17,-4.063966695646045,-13.29263610788619
2016-12-24 01:00:00,18.1,81,0.0,14.1,13,-3.1718098662485,-13.738617913471815
2016-12-24 02:00:00,18.2,80,0.0,12.9,13,-2.901868601035862,-12.569373835729534
2016-12-24 03:00:00,19.0,76,0.0,12.1,10,-2.101142949769857,-11.916173811447717
2016-12-24 04:00:00,18.6,78,0.0,12.0,16,-3.3076482698039866,-11.535140351259829
2016-12-24 05:00:00,18.4,79,0.0,12.5,18,-3.8627124296868445,-11.888206453689419
2016-12-24 06:00:00,18.0,80,0.0,12.2,19,-3.971931484377311,-11.535326622311665
2016-12-24 07:00:00,17.9,80,0.0,12.1,23,-4.727846654720214,-11.138108726774528
2016-12-24 08:00:00,18.4,84,0.0,13.1,16,-3.6108493612026855,-12.592528216791978
2016-12-24 09:00:00,21.1,71,0.0,13.4,8,-1.864919552864882,-13.269592121137041
2016-12-24 10:00:00,22.4,67,0.0,14.0,360,8.572527594031472e-16,-14.0
2016-12-24 11:00:00,23.1,65,0.0,15.5,357,0.8112073217656315,-15.478757788695894
2016-12-24 12:00:00,23.7,62,0.0,15.5,357,0.8112073217656315,-15.478757788695894
2016-12-24 13:00:00,23.7,62,0.0,13.7,357,0.7170026005283323,-13.681224626137661
2016-12-24 14:00:00,23.7,61,0.0,14.9,352,2.0736792043049754,-14.7549942242494
2016-12-24 15:00:00,23.1,64,0.0,18.8,355,1.638527963655973,-18.728460324124818
2016-12-24 16:00:00,22.1,65,0.0,19.8,3,-1.0362519336102973,-19.772864788140563
2016-12-24 17:00:00,21.0,68,0.0,17.1,8,-2.3798600264171257,-16.933583975480854
2016-12-24 18:00:00,19.7,72,0.0,14.0,12,-2.910763671448637,-13.694066410273278
2016-12-24 19:00:00,18.6,80,0.0,11.1,13,-2.496956703216904,-10.815507719116109
2016-12-24 20:00:00,18.5,78,0.0,11.2,356,0.7812725059342026,-11.17271736291003
2016-12-24 21:00:00,18.5,78,0.0,10.2,350,1.77121141220269,-10.045039080724521
2016-12-24 22:00:00,18.6,78,0.0,5.6,345,1.4493866525741161,-5.4091846272187825
2016-12-24 23:00:00,18.5,80,0.0,3.8,319,2.4930243101639276,-2.8678964048465336
2016-12-25 00:00:00,18.5,81,0.0,5.5,328,2.914555953282627,-4.664264528860342
2016-12-25 01:00:00,18.3,82,0.0,6.5,3,-0.340183715579138,-6.49109197590473
2016-12-25 02:00:00,18.2,83,0.0,5.4,42,-3.613305274337834,-4.01298205757793
2016-12-25 03:00:00,18.7,80,0.0,4.2,59,-3.600102662948872,-2.1631599146222276
2016-12-25 04:00:00,18.8,81,0.0,3.0,76,-2.9108871788279895,-0.7257656867990026
2016-12-25 05:00:00,18.5,83,0.0,1.9,22,-0.7117525274902333,-1.7616493236768958
2016-12-25 06:00:00,18.7,83,0.1,4.7,9,-0.7352419856890859,-4.6421352007971475
2016-12-25 07:00:00,18.1,86,0.0,7.3,33,-3.9758649556096968,-6.122295146001595
2016-12-25 08:00:00,18.9,86,0.0,6.6,49,-4.981083229470296,-4.3299895913373465
2016-12-25 09:00:00,20.7,80,0.0,4.3,42,-2.87726160734309,-3.195522749552796
2016-12-25 10:00:00,22.2,74,0.0,4.1,15,-1.0611580849203346,-3.96029588778518
2016-12-25 11:00:00,23.7,68,0.0,5.5,349,1.049449474570997,-5.3989495089621515
2016-12-25 12:00:00,24.7,64,0.0,7.4,337,2.8914103508206255,-6.811735915548059
2016-12-25 13:00:00,24.9,62,0.0,10.3,331,4.993539088537273,-9.008582983535776
2016-12-25 14:00:00,24.9,62,0.0,13.2,334,5.786499137615822,-11.864081411149003
2016-12-25 15:00:00,24.2,67,0.0,15.8,343,4.619472934619242,-15.10961514421596
2016-12-25 16:00:00,23.2,70,0.0,16.0,352,2.2267696153610474,-15.844289099865126
2016-12-25 17:00:00,22.0,75,0.0,13.8,354,1.4424927930936178,-13.724402156082173
2016-12-25 18:00:00,20.6,82,0.0,14.8,354,1.5470212563612713,-14.718924051450445
2016-12-25 19:00:00,19.6,88,0.0,13.3,2,-0.4641633061432601,-13.291897999353974
2016-12-25 20:00:00,18.7,92,0.0,11.9,360,7.286648454926752e-16,-11.9
2016-12-25 21:00:00,18.2,92,0.0,12.3,357,0.6437322617882109,-12.283143277481258
2016-12-25 22:00:00,18.8,91,0.0,11.9,357,0.6227978792910333,-11.88369146357943
2016-12-25 23:00:00,18.7,91,0.0,10.5,356,0.732442974313315,-10.474422527728153
2016-12-26 00:00:00,18.5,91,0.0,10.5,352,1.4613175600806874,-10.397814721786489
2016-12-26 01:00:00,18.3,90,0.0,9.7,356,0.6766377953180147,-9.676371287520293
2016-12-26 02:00:00,18.1,90,0.0,8.0,5,-0.697245941981266,-7.969557584733964
2016-12-26 03:00:00,17.8,88,0.0,5.4,20,-1.8469087739586103,-5.074340152243906
2016-12-26 04:00:00,16.9,90,0.0,4.6,18,-1.4214781741247586,-4.3748599749577055
2016-12-26 05:00:00,16.4,91,0.0,4.6,18,-1.4214781741247586,-4.3748599749577055
2016-12-26 06:00:00,15.5,93,0.0,4.7,9,-0.7352419856890859,-4.6421352007971475
2016-12-26 07:00:00,15.1,93,0.0,5.5,23,-2.149021206691006,-5.062776693988422
2016-12-26 08:00:00,16.7,92,0.0,4.0,27,-1.8159619989581877,-3.564026096753471
2016-12-26 09:00:00,20.5,77,0.0,2.5,360,1.5308084989341916e-16,-2.5
2016-12-26 10:00:00,22.2,72,0.0,4.4,305,3.604268994871564,-2.523736319944603
2016-12-26 11:00:00,23.6,67,0.0,8.6,303,7.212566884330647,-4.683895701129233
2016-12-26 12:00:00,24.4,65,0.0,10.9,314,7.8408038236912985,-7.57177623800307
2016-12-26 13:00:00,24.6,65,0.0,10.7,327,5.82763767466079,-8.973775077016036
2016-12-26 14:00:00,24.5,66,0.0,10.0,339,3.583679495453004,-9.335804264972017
2016-12-26 15:00:00,23.9,71,0.0,10.0,347,2.249510543438649,-9.743700647852352
2016-12-26 16:00:00,23.4,72,0.0,10.2,352,1.4195656297926678,-10.100734301164017
2016-12-26 17:00:00,22.3,77,0.0,8.7,353,1.060263287624783,-8.6351515192795
2016-12-26 18:00:00,20.6,87,0.0,9.4,358,0.3280552690035102,-9.394273773979501
2016-12-26 19:00:00,19.1,93,0.0,10.5,4,-0.7324429743133186,-10.474422527728153
2016-12-26 20:00:00,18.2,95,0.0,10.8,4,-0.7533699164365563,-10.773691742806102
2016-12-26 21:00:00,17.5,95,0.0,10.9,6,-1.1393602496174215,-10.840288659514181
2016-12-26 22:00:00,16.8,95,0.0,10.3,12,-2.141490415422926,-10.074920287558198
2016-12-26 23:00:00,16.6,94,0.0,10.0,15,-2.5881904510252065,-9.659258262890683
2016-12-27 00:00:00,17.1,92,0.0,11.4,11,-2.1752225472926088,-11.19054989130337
2016-12-27 01:00:00,16.8,92,0.0,12.7,7,-1.547740661245369,-12.60533612584479
2016-12-27 02:00:00,16.0,93,0.0,16.3,5,-1.4206386067868295,-16.237973578895453
2016-12-27 03:00:00,15.7,93,0.0,20.5,10,-3.559787642172072,-20.188558936750265
2016-12-27 04:00:00,15.5,95,0.0,22.9,7,-2.79080796397787,-22.729306872586275
2016-12-27 05:00:00,16.2,95,0.0,28.2,6,-2.947702664147825,-28.045517449385308
2016-12-27 06:00:00,16.4,93,0.0,30.8,7,-3.753575776878533,-30.57042147055272
2016-12-27 07:00:00,16.4,91,0.0,32.3,8,-4.495291161010126,-31.985658620352716
2016-12-27 08:00:00,17.3,85,0.0,34.1,7,-4.155744610115518,-33.84582377096908
2016-12-27 09:00:00,19.1,74,0.0,37.9,5,-3.3032026501362477,-37.75577905767715
2016-12-27 10:00:00,19.9,67,0.0,40.8,5,-3.555954304104456,-40.644743682143215
2016-12-27 11:00:00,20.4,63,0.0,43.0,4,-2.9995283709974,-42.89525416117244
2016-12-27 12:00:00,20.5,61,0.0,44.4,5,-3.869714977996026,-44.2310445952735
2016-12-27 13:00:00,20.2,60,0.0,44.1,5,-3.843568255171729,-43.93218618584598
2016-12-27 14:00:00,19.6,61,0.0,42.6,5,-3.7128346410502417,-42.43789413870836
2016-12-27 15:00:00,19.4,61,0.0,42.2,4,-2.9437231920021,-42.097202920964584
2016-12-27 16:00:00,18.4,62,0.0,40.4,4,-2.8181615392626735,-40.3015876304969
2016-12-27 17:00:00,17.3,64,0.0,37.9,4,-2.6437703549023595,-37.807677504847334
2016-12-27 18:00:00,16.5,65,0.0,37.2,5,-3.242193630212887,-37.058442769012935
2016-12-27 19:00:00,16.1,66,0.0,38.3,4,-2.6716729444000094,-38.20670312495126
2016-12-27 20:00:00,15.8,66,0.4,39.0,4,-2.7205024760208976,-38.904997960133144
2016-12-27 21:00:00,14.9,72,0.6,37.5,3,-1.9625983591104115,-37.44860755329652
2016-12-27 22:00:00,14.8,73,0.9,36.4,2,-1.2703416799710276,-36.37782610349508
2016-12-27 23:00:00,15.0,72,0.0,35.8,5,-3.120175590366165,-35.663770191684485
2016-12-28 00:00:00,15.1,73,0.2,33.9,4,-2.364744459925857,-33.81742130380804
2016-12-28 01:00:00,15.1,74,0.4,33.2,4,-2.3159149283049696,-33.11912646862616
2016-12-28 02:00:00,15.3,72,0.0,31.8,4,-2.2182558650631936,-31.72253679826241
2016-12-28 03:00:00,15.3,69,0.0,30.7,5,-2.6756813023531083,-30.583177231416588
2016-12-28 04:00:00,15.2,69,0.0,28.5,4,-1.988059501707579,-28.43057543240499
2016-12-28 05:00:00,15.2,70,0.0,27.1,4,-1.8904004384658033,-27.033985762041237
2016-12-28 06:00:00,15.4,69,0.0,27.4,360,1.6777661148318738e-15,-27.4
2016-12-28 07:00:00,15.5,70,0.0,25.6,359,0.44678160479446016,-25.596100996003617
2016-12-28 08:00:00,15.8,71,0.1,24.9,2,-0.868997467892269,-24.884831592775484
2016-12-28 09:00:00,16.4,68,0.0,24.5,3,-1.2822309279521356,-24.466423601487058
2016-12-28 10:00:00,16.8,66,0.0,26.3,2,-0.91785676327577,-26.28397875060222
2016-12-28 11:00:00,16.9,67,0.3,25.3,4,-1.7648387857263772,-25.238370471573553
2016-12-28 12:00:00,17.1,68,0.4,24.5,4,-1.7090336067310767,-24.44031923136569
2016-12-28 13:00:00,16.9,71,0.2,23.8,2,-0.8306080215195182,-23.78550168305448
2016-12-28 14:00:00,16.8,73,0.3,23.4,3,-1.2246613760848968,-23.367931113257026
2016-12-28 15:00:00,16.3,78,0.4,22.3,3,-1.167091824217658,-22.269438625026996
2016-12-28 16:00:00,15.8,84,0.5,22.0,2,-0.7677889274550167,-21.986598194420107
2016-12-28 17:00:00,15.4,86,0.4,22.7,1,-0.3961696261263354,-22.69654268005008
2016-12-28 18:00:00,15.0,89,0.2,20.5,2,-0.7154396824012657,-20.487511953891463
2016-12-28 19:00:00,15.1,88,0.0,18.9,8,-2.6303716081452437,-18.716066499215675
2016-12-28 20:00:00,15.2,87,0.0,17.7,6,-1.8501537998374644,-17.60303754801844
2016-12-28 21:00:00,15.2,88,0.0,19.1,2,-0.6665803870177646,-19.08836479606473
2016-12-28 22:00:00,15.4,88,0.1,20.9,3,-1.0938214854775359,-20.871357276370592
2016-12-28 23:00:00,15.5,87,0.0,22.7,4,-1.5834719539916506,-22.644703940898008
2016-12-29 00:00:00,15.7,85,0.0,24.2,3,-1.2665301410792522,-24.166834741060686
2016-12-29 01:00:00,15.9,83,0.0,25.9,2,-0.9038969645947696,-25.88422241979458
2016-12-29 02:00:00,16.0,81,0.0,26.3,2,-0.91785676327577,-26.28397875060222
2016-12-29 03:00:00,16.2,80,0.0,26.7,3,-1.397370031686613,-26.66340857794712
2016-12-29 04:00:00,16.1,79,0.0,27.9,6,-2.9163441251675284,-27.74716088077483
2016-12-29 05:00:00,16.2,77,0.0,28.9,6,-3.020872588435182,-28.7416827761431
2016-12-29 06:00:00,16.4,75,0.0,28.9,6,-3.020872588435182,-28.7416827761431
2016-12-29 07:00:00,16.5,74,0.0,29.6,5,-2.579809985330684,-29.48736306351567
2016-12-29 08:00:00,16.8,73,0.0,29.6,3,-1.5491443047911515,-29.559434228735388
2016-12-29 09:00:00,17.2,72,0.0,29.9,2,-1.0434949514047727,-29.881785727870962
2016-12-29 10:00:00,18.2,67,0.0,30.6,2,-1.0679245990965234,-30.581359306784332
2016-12-29 11:00:00,18.7,65,0.0,31.0,3,-1.6224146435312734,-30.95751557739179
2016-12-29 12:00:00,19.2,62,0.0,31.4,3,-1.6433490260284511,-31.356967391293615
2016-12-29 13:00:00,19.4,61,0.0,31.4,3,-1.6433490260284511,-31.356967391293615
2016-12-29 14:00:00,19.7,59,0.0,30.7,3,-1.6067138566583903,-30.657926716965417
2016-12-29 15:00:00,18.7,62,0.0,30.3,3,-1.5857794741612126,-30.258474903063586
2016-12-29 16:00:00,18.0,63,0.0,29.2,2,-1.0190653037130222,-29.182212148957596
2016-12-29 17:00:00,17.4,64,0.0,28.8,3,-1.507275539796796,-28.760530600931727
2016-12-29 18:00:00,16.7,65,0.0,28.1,2,-0.9806758573402714,-28.082882239236593
2016-12-29 19:00:00,16.2,67,0.0,26.3,2,-0.91785676327577,-26.28397875060222
2016-12-29 20:00:00,15.9,68,0.0,25.2,1,-0.4398006422195441,-25.19616191794106
2016-12-29 21:00:00,15.9,69,0.0,24.5,1,-0.4275839577134457,-24.496268531331587
2016-12-29 22:00:00,15.5,72,0.0,23.1,3,-1.2089605892120137,-23.068342252830657
2016-12-29 23:00:00,14.9,78,0.0,20.5,3,-1.0728871029803584,-20.471905462468765
2016-12-30 00:00:00,14.3,82,0.0,18.8,4,-1.311421706389561,-18.754204144884696
2016-12-30 01:00:00,14.3,82,0.0,17.4,7,-2.120526575249561,-17.270303038559003
2016-12-30 02:00:00,14.2,84,0.0,17.1,7,-2.0839657722280167,-16.97253919306661
2016-12-30 03:00:00,14.8,83,0.0,17.1,7,-2.0839657722280167,-16.97253919306661
2016-12-30 04:00:00,14.9,82,0.0,17.4,7,-2.120526575249561,-17.270303038559003
2016-12-30 05:00:00,15.1,82,0.0,17.1,8,-2.3798600264171257,-16.933583975480854
2016-12-30 06:00:00,15.5,81,0.0,14.4,13,-3.23929518255166,-14.030928932907386
2016-12-30 07:00:00,15.4,82,0.0,13.5,16,-3.721104303529485,-12.977032895167307
2016-12-30 08:00:00,16.3,85,0.0,14.2,7,-1.7305446763530898,-14.094155353306773
2016-12-30 09:00:00,18.6,71,0.0,14.8,4,-1.0323958114130587,-14.763947943845398
2016-12-30 10:00:00,19.6,67,0.0,14.8,1,-0.2582956152717958,-14.79774588831459
2016-12-30 11:00:00,20.5,65,0.0,15.5,359,0.27051229977789576,-15.497639274924065
2016-12-30 12:00:00,20.7,65,0.0,15.8,360,9.67470971326409e-16,-15.8
2016-12-30 13:00:00,21.2,63,0.0,15.5,4,-1.0812253430339465,-15.462242779027275
2016-12-30 14:00:00,21.0,64,0.0,15.5,3,-0.8112073217656367,-15.478757788695894
2016-12-30 15:00:00,21.6,62,0.0,16.9,360,1.0348265452795135e-15,-16.9
2016-12-30 16:00:00,21.1,63,0.0,17.3,360,1.0593194812624606e-15,-17.3
2016-12-30 17:00:00,20.0,67,0.0,15.1,1,-0.26353133720298083,-15.097700196861508
2016-12-30 18:00:00,18.9,72,0.0,13.1,8,-1.8231676225768623,-12.97251170051457
2016-12-30 19:00:00,17.9,79,0.0,11.7,11,-2.232465245905572,-11.485038046337667
2016-12-30 20:00:00,17.2,84,0.0,10.9,8,-1.5169868004647176,-10.793921949283115
2016-12-30 21:00:00,17.0,84,0.0,10.8,2,-0.37691456438700827,-10.793420931806235
2016-12-30 22:00:00,17.1,83,0.0,11.5,360,7.041719095097281e-16,-11.5
2016-12-30 23:00:00,17.4,82,0.0,12.2,2,-0.42577385977050924,-12.192568089632967
2016-12-31 00:00:00,16.9,84,0.0,12.3,3,-0.643732261788215,-12.283143277481258
2016-12-31 01:00:00,17.1,84,0.0,11.2,2,-0.3908743630680085,-11.193177262613872
2016-12-31 02:00:00,17.3,84,0.0,10.8,360,6.613092715395707e-16,-10.8
2016-12-31 03:00:00,17.0,83,0.0,11.9,358,0.41530401075976286,-11.89275084152724
2016-12-31 04:00:00,17.0,83,0.0,12.6,360,7.715274834628325e-16,-12.6
2016-12-31 05:00:00,16.9,83,0.0,12.6,5,-1.0981623586204938,-12.552053195955994
2016-12-31 06:00:00,16.6,83,0.0,12.9,18,-3.9863192274368235,-12.26862906020748
2016-12-31 07:00:00,16.3,83,0.0,12.8,22,-4.794964395723677,-11.867953338454878
2016-12-31 08:00:00,17.7,80,0.0,12.7,8,-1.7674983821928358,-12.576404473017941
2016-12-31 09:00:00,20.2,73,0.0,15.9,3,-0.8321417042628145,-15.878209602597725
2016-12-31 10:00:00,21.8,67,0.0,17.3,1,-0.3019266313650045,-17.29736512620557
2016-12-31 11:00:00,23.2,61,0.0,18.4,359,0.3211242784460182,-18.3971975908776
2016-12-31 12:00:00,24.0,59,0.0,19.5,357,1.0205511467374073,-19.47327592771419
2016-12-31 13:00:00,24.4,58,0.0,20.2,355,1.7605460035026943,-20.12313290145326
2016-12-31 14:00:00,24.6,57,0.0,20.6,355,1.7954083006017578,-20.521610780689958
2016-12-31 15:00:00,23.8,61,0.0,21.3,355,1.8564173205251184,-21.21894706935418
2016-12-31 16:00:00,22.9,65,0.0,20.9,357,1.0938214854775288,-20.871357276370592
2016-12-31 17:00:00,21.6,70,0.0,18.0,358,0.6281909406450195,-17.989034886343724
2016-12-31 18:00:00,20.1,77,0.0,15.8,360,9.67470971326409e-16,-15.8
2016-12-31 19:00:00,19.0,84,0.0,13.3,2,-0.4641633061432601,-13.291897999353974
2016-12-31 20:00:00,19.5,79,0.0,13.0,358,0.453693457132514,-12.992080751248245
2016-12-31 21:00:00,19.2,80,0.0,13.0,358,0.453693457132514,-12.992080751248245
2016-12-31 22:00:00,18.8,82,0.0,11.2,356,0.7812725059342026,-11.17271736291003
2016-12-31 23:00:00,18.3,84,0.0,10.2,352,1.4195656297926678,-10.100734301164017
2017-01-01 00:00:00,17.9,85,0.0,9.1,353,1.1090110249868421,-9.032169979936029
2017-01-01 01:00:00,17.6,86,0.0,6.9,354,0.7212463965468089,-6.862201078041086
2017-01-01 02:00:00,17.2,87,0.0,5.1,352,0.7097828148963339,-5.050367150582009
2017-01-01 03:00:00,18.8,82,0.0,4.0,360,2.4492935982947064e-16,-4.0
2017-01-01 04:00:00,18.8,82,0.0,4.7,23,-1.836436303899587,-4.326372811226469
2017-01-01 05:00:00,18.7,82,0.0,5.2,25,-2.197614961051636,-4.71280049259058
2017-01-01 06:00:00,18.6,82,0.0,4.3,42,-2.87726160734309,-3.195522749552796
2017-01-01 07:00:00,18.4,82,0.0,5.9,47,-4.314986839553106,-4.023790324368741
2017-01-01 08:00:00,17.7,79,0.0,3.9,22,-1.460965714322058,-3.6160170328104706
2017-01-01 09:00:00,21.4,73,0.0,1.5,194,0.3628828433995015,1.4554435894139948
2017-01-01 10:00:00,23.3,64,0.0,2.6,196,0.7166571251241979,2.499280409439629
2017-01-01 11:00:00,24.6,59,0.0,4.1,218,2.524212048835199,3.23084408978756
2017-01-01 12:00:00,25.6,57,0.0,4.3,228,3.195522749552795,2.8772616073430903
2017-01-01 13:00:00,26.2,57,0.0,3.7,259,3.632020578756357,0.7059932828932158
2017-01-01 14:00:00,26.0,59,0.0,7.2,307,5.750175672340508,-4.333068166694748
2017-01-01 15:00:00,24.7,65,0.0,10.5,322,6.464445490919412,-8.274112912870581
2017-01-01 16:00:00,23.4,66,0.0,10.6,325,6.079910225321089,-8.683011669463312
2017-01-01 17:00:00,21.3,76,0.0,4.7,328,2.490620541896063,-3.9858260519352022
2017-01-01 18:00:00,18.9,87,0.0,6.4,313,4.6806636903626915,-4.36478950439999
2017-01-01 19:00:00,17.7,93,0.0,5.5,293,5.062776693988422,-2.149021206691006
2017-01-01 20:00:00,17.5,95,0.0,4.6,231,3.5748714227020657,2.8948737988292517
2017-01-01 21:00:00,17.6,96,0.0,4.4,171,-0.6883116461770157,4.3458286986186065
2017-01-01 22:00:00,18.5,92,0.0,5.2,214,2.9078030980478835,4.3109953772862175
2017-01-01 23:00:00,18.3,94,0.0,3.3,174,-0.3449439287832567,3.2819222547153015
2017-01-02 00:00:00,16.9,100,0.0,3.2,117,-2.851220877402777,1.4527695991665501
2017-01-02 01:00:00,17.3,98,0.0,2.9,97,-2.8783838397598336,0.35342109587492787
2017-01-02 02:00:00,17.0,99,0.0,2.6,74,-2.499280409439629,-0.7166571251241974
2017-01-02 03:00:00,17.4,98,0.0,3.6,96,-3.580278823325784,0.37630246776355347
2017-01-02 04:00:00,17.5,96,0.0,2.5,360,1.5308084989341916e-16,-2.5
2017-01-02 05:00:00,17.2,97,0.0,2.5,8,-0.3479327524001646,-2.475670171853926
2017-01-02 06:00:00,17.2,96,0.0,3.0,346,0.725765686799003,-2.9108871788279895
2017-01-02 07:00:00,16.9,96,0.0,5.4,356,0.3766849582182763,-5.386845871403051
2017-01-02 08:00:00,17.5,92,0.0,5.2,16,-1.4333142502483942,-4.998560818879259
2017-01-02 09:00:00,19.6,82,0.0,5.4,8,-0.7515347451843555,-5.34744757120448
2017-01-02 10:00:00,21.7,74,0.0,6.8,360,4.1637991171010006e-16,-6.8
2017-01-02 11:00:00,23.4,69,0.0,5.8,338,2.1727182418122895,-5.377666356487367
2017-01-02 12:00:00,24.7,62,0.0,8.1,315,5.727564927611035,-5.727564927611034
2017-01-02 13:00:00,24.5,64,0.0,13.0,314,9.351417404402465,-9.030558815966964
2017-01-02 14:00:00,24.2,67,0.0,11.8,322,7.2648054088427685,-9.29852689255932
2017-01-02 15:00:00,24.4,67,0.0,7.7,311,5.811263767715345,-5.051654523226906
2017-01-02 16:00:00,23.6,70,0.0,7.2,297,6.415246974156249,-3.2687315981247367
2017-01-02 17:00:00,21.6,80,0.0,7.6,301,6.5144714853360535,-3.9142893693164114
2017-01-02 18:00:00,19.7,90,0.0,8.4,335,3.5499933986218752,-7.61298541110786
2017-01-02 19:00:00,18.9,92,0.0,6.8,360,4.1637991171010006e-16,-6.8
2017-01-02 20:00:00,18.8,91,0.0,5.6,315,3.9597979746446663,-3.9597979746446654
2017-01-02 21:00:00,19.3,90,0.0,2.6,286,2.499280409439629,-0.7166571251241979
2017-01-02 22:00:00,19.1,91,0.0,2.8,230,2.1449244407331385,1.7998053071223097
2017-01-02 23:00:00,17.0,97,0.0,5.2,286,4.998560818879258,-1.4333142502483958
2017-01-03 00:00:00,17.7,97,0.0,4.7,293,4.32637281122647,-1.8364363038995868
2017-01-03 01:00:00,16.3,98,0.0,4.7,184,0.3278554265973886,4.688551036221174
2017-01-03 02:00:00,16.3,99,0.0,5.2,164,-1.433314250248395,4.998560818879258
2017-01-03 03:00:00,16.9,99,0.0,3.5,114,-3.197409101749103,1.4235782507653014
2017-01-03 04:00:00,17.1,98,0.0,2.6,74,-2.499280409439629,-0.7166571251241974
2017-01-03 05:00:00,17.3,95,0.0,2.6,56,-2.1554976886431088,-1.4539015490239415
2017-01-03 06:00:00,17.2,92,0.0,3.6,37,-2.166534083347374,-2.875087836170254
2017-01-03 07:00:00,17.8,86,0.0,5.4,8,-0.7515347451843555,-5.34744757120448
2017-01-03 08:00:00,19.4,83,0.0,4.7,4,-0.32785542659739025,-4.688551036221174
2017-01-03 09:00:00,21.2,74,0.0,4.1,345,1.061158084920335,-3.96029588778518
2017-01-03 10:00:00,22.9,69,0.0,2.5,360,1.5308084989341916e-16,-2.5
2017-01-03 11:00:00,24.4,66,0.0,0.4,360,2.4492935982947065e-17,-0.4
2017-01-03 12:00:00,25.5,60,0.0,3.7,209,1.7937955949114475,3.2360929164157644
2017-01-03 13:00:00,26.5,56,0.0,3.4,238,2.883363526931848,1.8017254983928965
2017-01-03 14:00:00,25.8,63,0.0,12.0,321,7.55184469259805,-9.32575153748365
2017-01-03 15:00:00,24.9,66,0.0,16.7,335,7.05772497106968,-15.135340043512054
2017-01-03 16:00:00,24.3,67,0.0,14.6,340,4.993494092554765,-13.719512263474261
2017-01-03 17:00:00,22.7,73,0.0,10.7,346,2.588564282916444,-10.382164271153162
2017-01-03 18:00:00,20.8,81,0.0,9.2,349,1.755442757464213,-9.030970087718508
2017-01-03 19:00:00,19.5,88,0.0,9.0,344,2.4807362023529924,-8.65135526344487
2017-01-03 20:00:00,18.9,91,0.0,8.9,328,4.716281451675524,-7.547628055792192
2017-01-03 21:00:00,18.1,95,0.0,7.4,337,2.8914103508206255,-6.811735915548059
2017-01-03 22:00:00,17.2,98,0.0,5.1,356,0.35575801609503865,-5.087576656325103
2017-01-03 23:00:00,17.9,96,0.0,3.2,360,1.9594348786357652e-16,-3.2
2017-01-04 00:00:00,16.8,97,0.0,3.8,319,2.4930243101639276,-2.8678964048465336
2017-01-04 01:00:00,16.6,98,0.0,3.6,354,0.3763024677635525,-3.580278823325784
2017-01-04 02:00:00,16.4,100,0.0,2.7,23,-1.0549740469210394,-2.4853631043215887
2017-01-04 03:00:00,16.9,99,0.0,2.3,18,-0.7107390870623793,-2.1874299874788528
2017-01-04 04:00:00,16.8,99,0.0,3.6,6,-0.3763024677635521,-3.5802788233257843
2017-01-04 05:00:00,16.6,98,0.0,5.4,360,3.3065463576978537e-16,-5.4
2017-01-04 06:00:00,16.8,92,0.0,3.2,27,-1.4527695991665501,-2.851220877402777
2017-01-04 07:00:00,16.9,90,0.0,2.2,99,-2.172914349309303,0.3441558230885082
2017-01-04 08:00:00,18.8,84,0.0,1.0,135,-0.7071067811865475,0.7071067811865476
2017-01-04 09:00:00,20.9,78,0.0,2.2,180,1.3471114790620887e-16,2.2
2017-01-04 10:00:00,22.7,71,0.0,3.2,207,1.45276959916655,2.851220877402777
2017-01-04 11:00:00,24.3,67,0.0,3.8,221,2.4930243101639276,2.8678964048465336
2017-01-04 12:00:00,26.1,59,0.0,5.6,207,2.542346798541462,4.989636535454859
2017-01-04 13:00:00,26.6,59,0.0,5.1,219,3.209533994354171,3.963444403430551
2017-01-04 14:00:00,26.5,61,0.0,6.6,279,6.518743047927909,-1.0324674692655236
2017-01-04 15:00:00,24.9,70,0.0,12.0,311,9.056514962673264,-7.872708347886087
2017-01-04 16:00:00,24.0,69,0.0,9.6,326,5.368251873319169,-7.9587606965284
2017-01-04 17:00:00,22.8,73,0.0,6.9,313,5.046340541172277,-4.70578868443124
2017-01-04 18:00:00,20.5,87,0.0,5.6,297,4.98963653545486,-2.5423467985414616
2017-01-04 19:00:00,19.6,94,0.0,4.6,315,3.2526911934581184,-3.252691193458118
2017-01-04 20:00:00,20.7,89,0.0,1.8,217,1.0832670416736871,1.437543918085127
2017-01-04 21:00:00,20.6,90,0.0,3.1,234,2.5079526825623373,1.8221342821066668
2017-01-04 22:00:00,20.3,92,0.0,2.6,304,2.1554976886431083,-1.453901549023942
2017-01-04 23:00:00,19.9,94,0.0,1.9,338,0.7117525274902327,-1.761649323676896
2017-01-05 00:00:00,18.7,99,0.0,3.1,159,-1.1109406435904308,2.8940993221413254
2017-01-05 01:00:00,18.7,99,0.0,2.4,153,-1.089577199374912,2.138415658052083
2017-01-05 02:00:00,18.4,99,0.0,2.9,210,1.4500000000000002,2.5114736709748717
2017-01-05 03:00:00,18.5,99,0.0,5.1,219,3.209533994354171,3.963444403430551
2017-01-05 04:00:00,18.6,99,0.0,6.4,207,2.9055391983331,5.702441754805554
2017-01-05 05:00:00,18.7,99,0.0,7.2,198,2.224922359499622,6.8476069173251055
2017-01-05 06:00:00,18.6,99,0.0,7.3,191,1.3929056662487778,7.165878439167947
2017-01-05 07:00:00,19.1,96,0.0,9.2,206,4.033014550459512,8.268905225952336
2017-01-05 08:00:00,19.7,91,0.0,8.7,210,4.3500000000000005,7.534421012924615
2017-01-05 09:00:00,21.4,83,0.0,9.4,220,6.04220353105347,7.200817765318393
2017-01-05 10:00:00,23.4,72,0.0,9.7,211,4.995869326627525,8.31452281681049
2017-01-05 11:00:00,24.2,67,0.1,8.8,215,5.0474726398892065,7.208537989743128
2017-01-05 12:00:00,24.1,69,0.0,9.7,272,9.694091022085228,-0.3385251180142594
2017-01-05 13:00:00,24.6,71,0.0,10.0,283,9.743700647852352,-2.24951054343865
2017-01-05 14:00:00,24.7,69,0.0,9.5,279,9.38303923565381,-1.4861274178821933
2017-01-05 15:00:00,24.4,69,0.0,8.3,275,8.268415994161488,-0.7233926648055629
2017-01-05 16:00:00,23.5,72,0.0,9.1,288,8.654614298285896,-2.8120546488120213
2017-01-05 17:00:00,20.9,82,0.0,12.3,310,9.42234665036343,-7.9062875991444335
2017-01-05 18:00:00,19.0,91,0.0,9.0,331,4.363286582217034,-7.871577364254562
2017-01-05 19:00:00,18.6,93,0.0,7.0,348,1.4553818357243162,-6.847033205136639
2017-01-05 20:00:00,19.7,87,0.0,4.0,355,0.34862297099063255,-3.984778792366982
2017-01-05 21:00:00,19.9,87,0.0,1.5,166,-0.36288284339950166,1.4554435894139948
2017-01-05 22:00:00,19.7,89,0.0,1.6,243,1.4256104387013888,0.7263847995832748
2017-01-05 23:00:00,19.6,88,0.0,1.8,233,1.437543918085127,1.083267041673687
2017-01-06 00:00:00,18.2,95,0.0,3.9,236,3.2332465329646625,2.180852323535913
2017-01-06 01:00:00,17.4,97,0.0,4.2,290,3.9467090073008158,-1.4364846019678086
2017-01-06 02:00:00,16.7,98,0.0,5.4,290,5.074340152243906,-1.8469087739586112
2017-01-06 03:00:00,17.7,96,0.0,1.3,34,-0.7269507745119705,-1.0777488443215544
2017-01-06 04:00:00,17.8,96,0.0,2.3,72,-2.187429987478853,-0.7107390870623786
2017-01-06 05:00:00,17.7,97,0.0,3.6,90,-3.6,4.4087284769304716e-16
2017-01-06 06:00:00,18.4,94,0.0,3.8,107,-3.633958072659535,1.111012477946399
2017-01-06 07:00:00,18.7,92,0.0,3.7,29,-1.7937955949114464,-3.2360929164157652
2017-01-06 08:00:00,18.7,94,0.0,6.0,343,1.7542302283364206,-5.737828535778212
2017-01-06 09:00:00,21.3,84,0.0,8.1,347,1.8221035401853058,-7.892397524760405
2017-01-06 10:00:00,23.1,74,0.0,4.3,360,2.632990618166809e-16,-4.3
2017-01-06 11:00:00,24.7,65,0.0,1.8,233,1.437543918085127,1.083267041673687
2017-01-06 12:00:00,25.8,61,0.0,5.2,236,4.310995377286217,2.907803098047884
2017-01-06 13:00:00,25.7,62,0.0,7.5,287,7.172285669722766,-2.192787785420526
2017-01-06 14:00:00,25.2,69,0.0,11.2,320,7.1992212284892405,-8.579697762932554
2017-01-06 15:00:00,24.9,66,0.0,12.4,334,5.435802220184561,-11.145046174109671
2017-01-06 16:00:00,24.1,68,0.0,8.9,346,2.1531048708370424,-8.635631963856369
2017-01-06 17:00:00,22.7,75,0.0,9.0,323,5.4163352083684355,-7.187719590425635
2017-01-06 18:00:00,21.5,84,0.0,14.1,347,3.1718098662484953,-13.738617913471817
2017-01-06 19:00:00,20.2,89,0.0,12.3,3,-0.643732261788215,-12.283143277481258
2017-01-06 20:00:00,20.8,89,0.0,9.8,352,1.3638963894086416,-9.70462707366739
2017-01-06 21:00:00,20.5,90,0.0,7.3,327,3.9758649556096977,-6.122295146001595
2017-01-06 22:00:00,20.0,92,0.0,8.5,332,3.9905082836800725,-7.505054539300878
2017-01-06 23:00:00,19.6,95,0.1,10.2,337,3.985457510590592,-9.389149505214892
2017-01-07 00:00:00,19.8,94,0.2,8.1,347,1.8221035401853058,-7.892397524760405
2017-01-07 01:00:00,19.7,95,0.1,2.9,360,1.7757378587636622e-16,-2.9
2017-01-07 02:00:00,19.8,94,0.0,0.0,270,0.0,0.0
2017-01-07 03:00:00,19.2,98,0.0,4.1,322,2.524212048835199,-3.23084408978756
2017-01-07 04:00:00,18.5,100,0.0,6.6,311,4.981083229470295,-4.329989591337347
2017-01-07 05:00:00,18.4,100,0.0,3.6,323,2.1665340833473743,-2.875087836170254
2017-01-07 06:00:00,18.6,100,0.3,3.0,76,-2.9108871788279895,-0.7257656867990026
2017-01-07 07:00:00,18.6,100,0.0,3.8,49,-2.867896404846534,-2.4930243101639267
2017-01-07 08:00:00,19.4,97,0.3,1.3,124,-1.0777488443215542,0.726950774511971
2017-01-07 09:00:00,20.9,91,0.0,2.3,252,2.1874299874788528,0.710739087062379
2017-01-07 10:00:00,23.3,79,0.0,4.9,253,4.685893304218874,1.4326213531414103
2017-01-07 11:00:00,25.0,68,0.5,6.2,234,5.0159053651246746,3.6442685642133337
2017-01-07 12:00:00,25.9,61,0.1,4.7,279,4.6421352007971475,-0.7352419856890852
2017-01-07 13:00:00,25.8,63,0.3,7.1,315,5.020458146424487,-5.020458146424486
2017-01-07 14:00:00,25.4,64,0.1,7.4,299,6.472185832831529,-3.5875911898228945
2017-01-07 15:00:00,25.2,64,0.0,8.1,302,6.86918957886705,-4.29234604028896
2017-01-07 16:00:00,24.2,68,0.0,10.1,305,8.273435647318816,-5.7931220071455645
2017-01-07 17:00:00,22.4,76,0.0,7.9,330,3.950000000000001,-6.841600689897065
2017-01-07 18:00:00,21.2,82,0.0,6.2,350,1.0766187015349686,-6.10580806867569
2017-01-07 19:00:00,20.2,87,0.0,4.1,345,1.061158084920335,-3.96029588778518
2017-01-07 20:00:00,20.3,89,0.0,4.9,343,1.4326213531414103,-4.685893304218874
2017-01-07 21:00:00,20.1,90,0.0,5.5,337,2.1490212066910055,-5.062776693988422
2017-01-07 22:00:00,19.5,93,0.0,4.9,343,1.4326213531414103,-4.685893304218874
2017-01-07 23:00:00,18.8,95,0.0,4.6,18,-1.4214781741247586,-4.3748599749577055
2017-01-08 00:00:00,18.9,95,0.0,5.4,42,-3.613305274337834,-4.01298205757793
2017-01-08 01:00:00,18.7,93,0.0,6.1,45,-4.31335136523794,-4.313351365237939
2017-01-08 02:00:00,18.6,93,0.0,6.1,40,-3.9210044190878905,-4.672871103025765
2017-01-08 03:00:00,18.6,92,0.0,5.4,42,-3.613305274337834,-4.01298205757793
2017-01-08 04:00:00,18.9,89,0.0,5.3,28,-2.488199282765221,-4.679622242152313
2017-01-08 05:00:00,19.0,84,0.0,5.9,43,-4.023790324368742,-4.314986839553106
2017-01-08 06:00:00,19.8,77,0.0,5.8,30,-2.9000000000000026,-5.022947341949743
2017-01-08 07:00:00,19.9,77,0.0,7.3,9,-1.1419715947936866,-7.210124886344505
2017-01-08 08:00:00,21.5,73,0.0,10.5,352,1.4613175600806874,-10.397814721786489
2017-01-08 09:00:00,23.9,66,0.0,11.2,356,0.7812725059342026,-11.17271736291003
2017-01-08 10:00:00,25.2,62,0.0,12.3,353,1.4989929238833142,-12.208317665188261
2017-01-08 11:00:00,26.0,61,0.0,12.5,348,2.598896135221993,-12.22684500917257
2017-01-08 12:00:00,26.5,59,0.0,12.6,340,4.309453805903427,-11.840127021902445
2017-01-08 13:00:00,26.3,60,0.0,11.4,336,4.636797731064123,-10.41441821712565
2017-01-08 14:00:00,26.8,58,0.0,11.0,328,5.829111906565254,-9.328529057720685
2017-01-08 15:00:00,26.1,60,0.0,14.8,334,6.487892972478346,-13.302151885227673
2017-01-08 16:00:00,25.3,59,0.0,15.8,343,4.619472934619242,-15.10961514421596
2017-01-08 17:00:00,23.3,66,0.0,13.9,339,4.981314498679676,-12.976767928311105
2017-01-08 18:00:00,21.0,74,0.0,11.2,345,2.8987733051482323,-10.818369254437565
2017-01-08 19:00:00,19.9,78,0.0,11.0,341,3.5812496990287244,-10.400704331592484
2017-01-08 20:00:00,19.0,83,0.0,10.7,346,2.588564282916444,-10.382164271153162
2017-01-08 21:00:00,18.2,85,0.0,10.4,346,2.515987714236544,-10.091075553270363
2017-01-08 22:00:00,17.5,87,0.0,6.8,357,0.35588450245201897,-6.790680836331102
2017-01-08 23:00:00,17.0,91,0.0,3.7,349,0.7059932828932162,-3.632020578756357
2017-01-09 00:00:00,17.0,91,0.0,6.6,338,2.4724035165450187,-6.1194134401407965
2017-01-09 01:00:00,17.0,90,0.0,8.7,343,2.5436338310878095,-8.319851376878407
2017-01-09 02:00:00,16.6,91,0.0,10.2,342,3.151973342624464,-9.700776466210565
2017-01-09 03:00:00,16.2,91,0.0,11.4,347,2.5644420195200603,-11.107818738551682
2017-01-09 04:00:00,15.8,91,0.0,10.0,347,2.249510543438649,-9.743700647852352
2017-01-09 05:00:00,15.6,90,0.0,10.8,339,3.870373855089244,-10.08266860616978
2017-01-09 06:00:00,15.4,89,0.0,9.8,336,3.9860191021428424,-8.95274548489749
2017-01-09 07:00:00,15.2,88,0.0,10.5,338,3.9333692308670756,-9.735430472951268
2017-01-09 08:00:00,17.4,79,0.0,12.9,347,2.9018686010358574,-12.569373835729534
2017-01-09 09:00:00,19.5,70,0.0,10.1,356,0.7045403848156648,-10.075396907624224
2017-01-09 10:00:00,21.9,61,0.0,6.8,357,0.35588450245201897,-6.790680836331102
2017-01-09 11:00:00,23.8,55,0.0,7.8,338,2.9219314286441134,-7.232034065620942
2017-01-09 12:00:00,24.8,52,0.0,11.3,338,4.233054505599806,-10.4771775566047
2017-01-09 13:00:00,25.3,50,0.0,13.8,340,4.71987797789423,-12.967758166845535
2017-01-09 14:00:00,24.9,50,0.0,16.0,337,6.2516980558283795,-14.728077655239046
2017-01-09 15:00:00,23.8,53,0.0,17.7,340,6.053756536864338,-16.632559387910575
2017-01-09 16:00:00,22.2,56,0.0,17.0,343,4.970318980286525,-16.2571808513716
2017-01-09 17:00:00,20.2,61,0.0,14.1,341,4.59051097784591,-13.331811915950366
2017-01-09 18:00:00,17.9,67,0.0,14.7,343,4.2978640594242306,-14.05767991265662
2017-01-09 19:00:00,16.5,71,0.0,12.9,347,2.9018686010358574,-12.569373835729534
2017-01-09 20:00:00,15.9,74,0.0,10.3,348,2.1414904154229224,-10.074920287558198
2017-01-09 21:00:00,15.4,75,0.0,6.2,339,2.2218812871808624,-5.788198644282651
2017-01-09 22:00:00,15.0,76,0.0,8.2,337,3.203995253612044,-7.54813979831001
2017-01-09 23:00:00,14.7,78,0.0,5.2,348,1.0811407922523493,-5.086367523815789
2017-01-10 00:00:00,14.6,79,0.0,5.5,349,1.049449474570997,-5.3989495089621515
2017-01-10 01:00:00,14.4,81,0.0,6.3,347,1.4171916423663489,-6.1385314081469815
2017-01-10 02:00:00,14.3,82,0.0,8.4,340,2.872969203935618,-7.893418014601631
2017-01-10 03:00:00,14.3,81,0.0,9.7,345,2.510544737494451,-9.369480515003962
2017-01-10 04:00:00,14.0,81,0.0,9.5,351,1.4861274178821937,-9.38303923565381
2017-01-10 05:00:00,14.1,81,0.0,8.4,353,1.023702484603239,-8.337387673787106
2017-01-10 06:00:00,14.0,81,0.0,9.0,344,2.4807362023529924,-8.65135526344487
2017-01-10 07:00:00,13.9,81,0.0,7.2,342,2.224922359499622,-6.8476069173251055
2017-01-10 08:00:00,16.4,74,0.0,5.7,342,1.7613968679372005,-5.421022142882375
2017-01-10 09:00:00,19.1,65,0.0,2.7,337,1.0549740469210391,-2.485363104321589
2017-01-10 10:00:00,21.3,59,0.0,4.0,297,3.5640260967534716,-1.815961998958187
2017-01-10 11:00:00,23.1,54,0.0,6.5,304,5.38874422160777,-3.634753872559855
2017-01-10 12:00:00,24.3,51,0.0,7.8,326,4.361704647071825,-6.466493065929326
2017-01-10 13:00:00,25.2,47,0.0,9.8,332,4.600821315301731,-8.652886410017484
2017-01-10 14:00:00,25.1,49,0.0,14.2,333,6.446665096301564,-12.652292643474821
2017-01-10 15:00:00,23.7,56,0.0,16.9,333,7.67243944559834,-15.058010258783414
2017-01-10 16:00:00,22.9,57,0.0,14.2,333,6.446665096301564,-12.652292643474821
2017-01-10 17:00:00,20.9,66,0.0,7.9,317,5.387787044493738,-5.777694242791447
2017-01-10 18:00:00,17.6,81,0.0,7.1,330,3.5500000000000007,-6.148780366869514
2017-01-10 19:00:00,17.3,79,0.0,6.4,344,1.7640790772287946,-6.1520748540052415
2017-01-10 20:00:00,17.0,81,0.0,6.5,341,2.116193003971519,-6.145870741395559
2017-01-10 21:00:00,17.0,78,0.0,7.1,330,3.5500000000000007,-6.148780366869514
2017-01-10 22:00:00,16.1,81,0.0,6.4,344,1.7640790772287946,-6.1520748540052415
2017-01-10 23:00:00,15.4,86,0.0,5.4,20,-1.8469087739586103,-5.074340152243906
2017-01-11 00:00:00,15.8,83,0.0,3.3,319,2.1649947956686737,-2.4905416147351476
2017-01-11 01:00:00,14.4,91,0.0,4.2,340,1.436484601967809,-3.9467090073008153
2017-01-11 02:00:00,14.4,91,0.0,4.0,10,-0.6945927106677213,-3.939231012048832
2017-01-11 03:00:00,15.2,87,0.0,3.0,346,0.725765686799003,-2.9108871788279895
2017-01-11 04:00:00,14.8,90,0.0,3.8,343,1.1110124779463997,-3.6339580726595346
2017-01-11 05:00:00,14.4,92,0.0,5.5,337,2.1490212066910055,-5.062776693988422
2017-01-11 06:00:00,13.9,93,0.0,4.9,343,1.4326213531414103,-4.685893304218874
2017-01-11 07:00:00,15.1,86,0.0,2.6,344,0.7166571251241979,-2.499280409439629
2017-01-11 08:00:00,17.5,79,0.0,1.8,270,1.8,0.0
2017-01-11 09:00:00,19.3,77,0.0,4.7,261,4.6421352007971475,0.7352419856890852
2017-01-11 10:00:00,21.5,67,0.0,1.9,248,1.761649323676896,0.7117525274902328
2017-01-11 11:00:00,23.8,53,0.0,5.8,270,5.8,0.0
2017-01-11 12:00:00,24.7,53,0.0,3.1,315,2.1920310216782974,-2.192031021678297
2017-01-11 13:00:00,25.8,46,0.0,1.8,180,1.1021821192326179e-16,1.8
2017-01-11 14:00:00,26.3,44,0.0,4.5,256,4.366330768241984,1.0886485301985047
2017-01-11 15:00:00,25.0,60,0.0,12.5,316,8.683229630737465,-8.991747504233139
2017-01-11 16:00:00,23.5,64,0.0,15.3,330,7.650000000000002,-13.250188677901912
2017-01-11 17:00:00,21.7,72,0.0,12.7,331,6.157082177128481,-11.107670280670325
2017-01-11 18:00:00,19.7,79,0.0,11.8,340,4.035837691242892,-11.088372925273719
2017-01-11 19:00:00,18.7,82,0.0,5.8,338,2.1727182418122895,-5.377666356487367
2017-01-11 20:00:00,18.1,88,0.0,8.7,330,4.3500000000000005,-7.534421012924615
2017-01-11 21:00:00,17.7,89,0.0,6.6,338,2.4724035165450187,-6.1194134401407965
2017-01-11 22:00:00,17.6,90,0.0,4.7,4,-0.32785542659739025,-4.688551036221174
2017-01-11 23:00:00,17.1,93,0.0,4.3,48,-3.195522749552795,-2.8772616073430903
2017-01-12 00:00:00,17.3,92,0.0,3.6,323,2.1665340833473743,-2.875087836170254
2017-01-12 01:00:00,17.0,94,0.0,6.4,322,3.9402334420842133,-5.043268823083022
2017-01-12 02:00:00,17.1,93,0.0,6.2,324,3.6442685642133337,-5.0159053651246746
2017-01-12 03:00:00,17.6,91,0.0,4.7,32,-2.490620541896064,-3.9858260519352022
2017-01-12 04:00:00,17.3,94,0.0,1.9,22,-0.7117525274902333,-1.7616493236768958
2017-01-12 05:00:00,17.4,93,0.0,2.2,360,1.3471114790620887e-16,-2.2
2017-01-12 06:00:00,17.2,96,0.0,2.8,320,1.7998053071223101,-2.1449244407331385
2017-01-12 07:00:00,17.4,93,0.0,3.2,333,1.45276959916655,-2.851220877402777
2017-01-12 08:00:00,19.6,85,0.0,6.8,3,-0.3558845024520213,-6.790680836331102
2017-01-12 09:00:00,21.9,75,0.0,6.5,354,0.6794350112397475,-6.4643923198937765
2017-01-12 10:00:00,23.4,69,0.0,7.1,315,5.020458146424487,-5.020458146424486
2017-01-12 11:00:00,24.9,64,0.0,6.4,313,4.6806636903626915,-4.36478950439999
2017-01-12 12:00:00,25.7,60,0.0,10.4,314,7.4811339235219725,-7.224447052773572
2017-01-12 13:00:00,24.1,65,0.0,19.5,332,9.154695474324871,-17.217478060749073
2017-01-12 14:00:00,23.6,64,0.0,17.8,339,6.378949501906347,-16.61773159165019
2017-01-12 15:00:00,22.7,68,0.0,17.4,342,5.376895702124085,-16.54838338353567
2017-01-12 16:00:00,21.7,73,0.0,18.6,351,2.9096810497482952,-18.371003135069564
2017-01-12 17:00:00,19.8,79,0.1,18.0,359,0.3141433158711048,-17.997258512815044
2017-01-12 18:00:00,18.5,84,0.1,16.3,352,2.268521545649067,-16.141369520487597
2017-01-12 19:00:00,17.5,88,0.0,13.8,353,1.6817969389910354,-13.697136892650244
2017-01-12 20:00:00,18.5,87,0.0,8.6,358,0.3001356716415093,-8.594761112364223
2017-01-12 21:00:00,18.4,88,0.0,7.2,6,-0.7526049355271042,-7.160557646651569
2017-01-12 22:00:00,18.4,88,0.0,7.3,349,1.3929056662487778,-7.165878439167947
2017-01-12 23:00:00,18.3,88,0.0,8.0,333,3.6319239979163744,-7.128052193506942
2017-01-13 00:00:00,18.3,88,0.0,5.4,356,0.3766849582182763,-5.386845871403051
2017-01-13 01:00:00,17.9,90,0.0,5.4,4,-0.37668495821827813,-5.386845871403051
2017-01-13 02:00:00,17.6,92,0.0,9.4,342,2.904759747124506,-8.939931253174443
2017-01-13 03:00:00,17.5,92,0.0,10.2,352,1.4195656297926678,-10.100734301164017
2017-01-13 04:00:00,17.5,90,0.0,13.3,357,0.6960682180311548,-13.281772812235833
2017-01-13 05:00:00,17.2,87,0.0,14.5,354,1.5156627173809751,-14.420567482839962
2017-01-13 06:00:00,16.9,84,0.0,14.4,360,8.817456953860943e-16,-14.4
2017-01-13 07:00:00,16.8,85,0.0,10.8,360,6.613092715395707e-16,-10.8
2017-01-13 08:00:00,17.8,81,0.0,9.3,347,2.092044805397944,-9.06164160250269
2017-01-13 09:00:00,18.8,72,0.0,15.4,344,4.244815279581787,-14.80343011745011
2017-01-13 10:00:00,20.4,64,0.0,14.4,359,0.2513146526968838,-14.397806810252035
2017-01-13 11:00:00,21.7,59,0.0,14.4,357,0.7536377698983932,-14.380265300465863
2017-01-13 12:00:00,21.1,60,0.0,14.8,359,0.2582956152717973,-14.79774588831459
2017-01-13 13:00:00,20.9,60,0.0,12.0,351,1.877213580482771,-11.852260087141653
2017-01-13 14:00:00,21.2,59,0.0,11.1,347,2.4969567032169007,-10.81550771911611
2017-01-13 15:00:00,20.6,60,0.0,12.8,344,3.5281581544575893,-12.304149708010483
2017-01-13 16:00:00,19.3,64,0.0,13.8,345,3.571702822414786,-13.329776402789143
2017-01-13 17:00:00,17.9,68,0.0,14.7,349,2.8048922320352103,-14.42991959668066
2017-01-13 18:00:00,16.9,72,0.0,14.6,351,2.2839431895873714,-14.420249772689012
2017-01-13 19:00:00,16.4,74,0.0,14.4,359,0.2513146526968838,-14.397806810252035
2017-01-13 20:00:00,16.6,75,0.0,11.2,358,0.3908743630680121,-11.193177262613872
2017-01-13 21:00:00,16.6,74,0.0,11.2,354,1.1707187885977186,-11.13864522812466
2017-01-13 22:00:00,16.6,75,0.0,9.7,2,-0.33852511801425733,-9.694091022085228
2017-01-13 23:00:00,16.4,76,0.0,10.1,358,0.3524849166952609,-10.093847352892867
2017-01-14 00:00:00,15.9,79,0.0,10.4,360,6.368163355566237e-16,-10.4
2017-01-14 01:00:00,15.6,81,0.0,8.0,352,1.1133848076805237,-7.922144549932563
2017-01-14 02:00:00,15.9,80,0.0,8.3,360,5.082284216461516e-16,-8.3
2017-01-14 03:00:00,15.7,81,0.0,7.9,357,0.41345405431925736,-7.889173324561134
2017-01-14 04:00:00,15.9,79,0.0,11.6,355,1.0110066158728344,-11.555858497864248
2017-01-14 05:00:00,15.5,79,0.0,11.5,356,0.8021994480574401,-11.471986577987979
2017-01-14 06:00:00,15.1,76,0.0,14.5,341,4.720738239628773,-13.710019346190093
2017-01-14 07:00:00,14.6,75,0.1,15.3,8,-2.129348444689007,-15.151101451746026
2017-01-14 08:00:00,14.1,89,0.6,10.9,9,-1.7051356689385184,-10.765802912487
2017-01-14 09:00:00,14.7,86,0.1,9.1,9,-1.4235536318661024,-8.987963899415753
2017-01-14 10:00:00,15.0,88,0.2,7.4,39,-4.656970893768801,-5.750880114781583
2017-01-14 11:00:00,15.1,93,0.4,3.9,326,2.1808523235359125,-3.233246532964663
2017-01-14 12:00:00,16.6,85,0.0,5.5,23,-2.149021206691006,-5.062776693988422
2017-01-14 13:00:00,17.8,81,0.1,5.7,18,-1.7613968679372012,-5.421022142882375
2017-01-14 14:00:00,18.3,79,0.1,7.2,27,-3.268731598124738,-6.415246974156248
2017-01-14 15:00:00,19.4,74,0.1,7.7,11,-1.4692292643993936,-7.558529312547013
2017-01-14 16:00:00,18.4,70,0.1,13.3,360,8.143901214329899e-16,-13.3
2017-01-14 17:00:00,17.0,68,0.1,14.0,360,8.572527594031472e-16,-14.0
2017-01-14 18:00:00,16.1,70,0.2,10.8,358,0.3769145643870117,-10.793420931806235
2017-01-14 19:00:00,15.7,71,0.1,7.9,357,0.41345405431925736,-7.889173324561134
2017-01-14 20:00:00,14.3,85,0.1,9.3,332,4.366085533908786,-8.21141261358802
2017-01-14 21:00:00,14.4,85,0.5,6.9,351,1.0793978087775935,-6.815049550106451
2017-01-14 22:00:00,14.7,81,0.2,5.1,8,-0.7097828148963357,-5.050367150582008
2017-01-14 23:00:00,14.5,87,0.2,5.4,340,1.8469087739586119,-5.074340152243905
2017-01-15 00:00:00,14.2,89,0.2,6.3,336,2.5624408513775414,-5.755336383148386
2017-01-15 01:00:00,14.0,89,0.2,6.7,344,1.8467702839738944,-6.440453362786736
2017-01-15 02:00:00,14.2,90,0.2,7.6,352,1.0577155672964975,-7.5260373224359345
2017-01-15 03:00:00,14.5,88,0.0,8.7,353,1.060263287624783,-8.6351515192795
2017-01-15 04:00:00,14.6,88,0.1,9.0,355,0.7844016847289232,-8.96575228282571
2017-01-15 05:00:00,14.6,87,0.0,10.8,339,3.870373855089244,-10.08266860616978
2017-01-15 06:00:00,14.2,83,0.0,12.1,348,2.5157314588948894,-11.835585968879046
2017-01-15 07:00:00,14.1,81,0.0,9.2,349,1.755442757464213,-9.030970087718508
2017-01-15 08:00:00,15.2,83,0.0,6.5,326,3.634753872559854,-5.388744221607771
2017-01-15 09:00:00,15.9,75,0.0,9.9,341,3.223124729125852,-9.360633898433235
2017-01-15 10:00:00,16.1,78,0.5,6.1,45,-4.31335136523794,-4.313351365237939
2017-01-15 11:00:00,16.6,81,0.3,4.0,27,-1.8159619989581877,-3.564026096753471
2017-01-15 12:00:00,17.9,75,0.5,6.3,13,-1.417191642366351,-6.1385314081469815
2017-01-15 13:00:00,19.1,70,0.2,6.6,29,-3.199743493625823,-5.772490067120013
2017-01-15 14:00:00,19.7,69,0.8,5.6,40,-3.5996106142446207,-4.289848881466276
2017-01-15 15:00:00,19.8,68,0.0,7.6,25,-3.2118987892293136,-6.88793918147854
2017-01-15 16:00:00,19.4,63,0.0,12.6,358,0.4397336584515136,-12.592324420440606
2017-01-15 17:00:00,17.7,64,0.0,13.7,355,1.1940336756429164,-13.647867363856914
2017-01-15 18:00:00,16.1,68,0.0,10.9,6,-1.1393602496174215,-10.840288659514181
2017-01-15 19:00:00,15.4,70,0.0,10.2,350,1.77121141220269,-10.045039080724521
2017-01-15 20:00:00,15.3,71,0.0,12.6,358,0.4397336584515136,-12.592324420440606
2017-01-15 21:00:00,15.1,74,0.0,7.6,360,4.653657836759942e-16,-7.6
2017-01-15 22:00:00,15.0,75,0.0,6.3,347,1.4171916423663489,-6.1385314081469815
2017-01-15 23:00:00,15.0,75,0.0,7.2,342,2.224922359499622,-6.8476069173251055
2017-01-16 00:00:00,14.8,77,0.0,7.8,347,1.7546182238821464,-7.6000865053248345
2017-01-16 01:00:00,14.6,79,0.0,7.9,357,0.41345405431925736,-7.889173324561134
2017-01-16 02:00:00,14.2,82,0.2,7.9,3,-0.41345405431926,-7.889173324561134
2017-01-16 03:00:00,13.4,88,0.8,8.6,358,0.3001356716415093,-8.594761112364223
2017-01-16 04:00:00,13.2,91,0.3,10.5,354,1.0975488643103612,-10.44247990136687
2017-01-16 05:00:00,13.0,92,0.0,11.6,353,1.4136843834997108,-11.513535359039334
2017-01-16 06:00:00,12.8,92,0.0,12.2,358,0.42577385977051313,-12.192568089632967
2017-01-16 07:00:00,12.6,93,0.0,6.6,13,-1.4846769586695105,-6.430842427582552
2017-01-16 08:00:00,14.2,90,0.0,4.0,355,0.34862297099063255,-3.984778792366982
2017-01-16 09:00:00,16.4,81,0.0,2.3,309,1.7874357113510329,-1.4474368994146258
2017-01-16 10:00:00,18.5,74,0.0,1.9,248,1.761649323676896,0.7117525274902328
2017-01-16 11:00:00,20.0,67,0.1,4.1,285,3.96029588778518,-1.061158084920335
2017-01-16 12:00:00,21.0,61,0.1,4.8,318,3.2118269105225195,-3.5670951622914924
2017-01-16 13:00:00,21.1,60,0.1,4.7,328,2.490620541896063,-3.9858260519352022
2017-01-16 14:00:00,21.1,58,0.0,7.9,344,2.1775351109542935,-7.59396739791272
2017-01-16 15:00:00,21.1,57,0.0,9.4,356,0.6557108531947772,-9.377102072442348
2017-01-16 16:00:00,21.2,56,0.0,10.1,358,0.3524849166952609,-10.093847352892867
2017-01-16 17:00:00,19.7,59,0.0,11.3,338,4.233054505599806,-10.4771775566047
2017-01-16 18:00:00,16.9,66,0.0,14.2,339,5.088824883543265,-13.256842056260265
2017-01-16 19:00:00,15.5,71,0.0,10.1,343,2.952954217699641,-9.658678035226657
2017-01-16 20:00:00,15.1,75,0.0,5.0,300,4.330127018922194,-2.4999999999999996
2017-01-16 21:00:00,15.2,75,0.0,3.0,284,2.9108871788279895,-0.7257656867990032
2017-01-16 22:00:00,14.5,80,0.0,2.5,225,1.7677669529663689,1.7677669529663687
2017-01-16 23:00:00,14.1,83,0.0,4.3,180,2.632990618166809e-16,4.3
2017-01-17 00:00:00,14.6,82,0.0,4.8,153,-2.179154398749824,4.276831316104166
2017-01-17 01:00:00,15.7,74,0.0,4.4,145,-2.5237363199446032,3.6042689948715636
2017-01-17 02:00:00,14.8,78,0.0,3.0,346,0.725765686799003,-2.9108871788279895
2017-01-17 03:00:00,14.5,78,0.0,7.6,360,4.653657836759942e-16,-7.6
2017-01-17 04:00:00,14.2,79,0.0,7.6,360,4.653657836759942e-16,-7.6
2017-01-17 05:00:00,13.9,82,0.0,5.1,352,0.7097828148963339,-5.050367150582009
2017-01-17 06:00:00,14.3,81,0.0,5.2,335,2.197614961051637,-4.7128004925905795
2017-01-17 07:00:00,14.5,82,0.0,7.1,319,4.658019105832602,-5.358438019581681
2017-01-17 08:00:00,16.6,76,0.0,2.7,113,-2.485363104321589,1.0549740469210394
2017-01-17 09:00:00,19.1,69,0.0,3.0,284,2.9108871788279895,-0.7257656867990032
2017-01-17 10:00:00,21.0,63,0.0,3.6,264,3.580278823325784,0.37630246776355253
2017-01-17 11:00:00,22.2,60,0.0,8.4,280,8.272385125302547,-1.458644692402215
2017-01-17 12:00:00,22.9,60,0.0,9.4,302,7.9716521038704045,-4.981241083792126
2017-01-17 13:00:00,23.0,58,0.0,7.0,339,2.5085756468171025,-6.535062985480412
2017-01-17 14:00:00,23.0,58,0.0,4.5,346,1.0886485301985045,-4.366330768241984
2017-01-17 15:00:00,23.0,59,0.0,4.5,331,2.181643291108517,-3.935788682127281
2017-01-17 16:00:00,22.6,62,0.0,6.6,315,4.666904755831213,-4.666904755831213
2017-01-17 17:00:00,20.8,70,0.0,7.0,325,4.015035054457323,-5.7340643100229425
2017-01-17 18:00:00,17.6,85,0.0,6.7,324,3.93816119035957,-5.420413862312148
2017-01-17 19:00:00,16.6,91,0.0,6.7,324,3.93816119035957,-5.420413862312148
2017-01-17 20:00:00,18.1,85,0.0,3.7,349,0.7059932828932162,-3.632020578756357
2017-01-17 21:00:00,16.6,94,0.0,5.5,259,5.3989495089621515,1.0494494745709964
2017-01-17 22:00:00,16.4,96,0.0,4.6,288,4.3748599749577055,-1.421478174124758
2017-01-17 23:00:00,17.0,94,0.0,3.2,333,1.45276959916655,-2.851220877402777
2017-01-18 00:00:00,15.8,97,0.0,5.0,21,-1.7918397477265036,-4.667902132486008
2017-01-18 01:00:00,15.3,98,0.0,5.4,4,-0.37668495821827813,-5.386845871403051
2017-01-18 02:00:00,15.7,98,0.0,4.7,360,2.8779199779962803e-16,-4.7
2017-01-18 03:00:00,15.9,99,0.0,8.3,2,-0.28966582263075635,-8.294943864258496
2017-01-18 04:00:00,16.1,99,0.0,9.1,9,-1.4235536318661024,-8.987963899415753
2017-01-18 05:00:00,16.5,97,0.0,7.4,14,-1.7902220274375418,-7.180188374442374
2017-01-18 06:00:00,16.0,98,0.0,7.2,360,4.4087284769304716e-16,-7.2
2017-01-18 07:00:00,16.0,98,0.0,6.9,6,-0.7212463965468082,-6.862201078041087
2017-01-18 08:00:00,18.4,86,0.0,7.8,347,1.7546182238821464,-7.6000865053248345
2017-01-18 09:00:00,20.5,77,0.0,10.2,350,1.77121141220269,-10.045039080724521
2017-01-18 10:00:00,22.1,71,0.0,11.4,349,2.175222547292612,-11.19054989130337
2017-01-18 11:00:00,23.3,65,0.0,10.3,348,2.1414904154229224,-10.074920287558198
2017-01-18 12:00:00,24.4,61,0.0,8.6,345,2.2258437878816784,-8.306962106085987
2017-01-18 13:00:00,25.9,52,0.0,5.7,342,1.7613968679372005,-5.421022142882375
2017-01-18 14:00:00,25.5,56,0.0,10.9,333,4.948496447161061,-9.71197111365321
2017-01-18 15:00:00,24.5,61,0.0,14.8,331,7.17518237964579,-12.944371665663057
2017-01-18 16:00:00,22.7,67,0.0,17.0,328,9.008627491964484,-14.41681763465924
2017-01-18 17:00:00,20.9,74,0.0,13.4,329,6.901510203794726,-11.486041829408306
2017-01-18 18:00:00,19.3,81,0.0,9.8,336,3.9860191021428424,-8.95274548489749
2017-01-18 19:00:00,18.4,86,0.0,11.2,345,2.8987733051482323,-10.818369254437565
2017-01-18 20:00:00,17.8,89,0.0,10.1,343,2.952954217699641,-9.658678035226657
2017-01-18 21:00:00,17.4,92,0.0,8.1,339,2.902780391316933,-7.5620014546273335
2017-01-18 22:00:00,16.7,95,0.0,4.8,347,1.0797650608505516,-4.676976310969129
2017-01-18 23:00:00,16.4,97,0.0,4.3,312,3.195522749552795,-2.8772616073430903
2017-01-19 00:00:00,16.9,96,0.1,7.0,325,4.015035054457323,-5.7340643100229425
2017-01-19 01:00:00,16.8,97,0.3,9.4,7,-1.1455718280083835,-9.329933825428428
2017-01-19 02:00:00,17.1,96,0.2,8.9,21,-3.1894747509531767,-8.308865795825096
2017-01-19 03:00:00,17.1,96,0.2,6.6,9,-1.0324674692655247,-6.5187430479279085
2017-01-19 04:00:00,16.8,97,0.2,6.7,16,-1.8467702839738926,-6.440453362786737
2017-01-19 05:00:00,16.6,97,0.1,6.8,357,0.35588450245201897,-6.790680836331102
2017-01-19 06:00:00,16.4,99,0.0,9.0,358,0.31409547032250973,-8.994517443171862
2017-01-19 07:00:00,16.4,99,0.0,9.8,17,-2.8652427062828236,-9.371786608437747
2017-01-19 08:00:00,18.6,87,0.0,6.6,29,-3.199743493625823,-5.772490067120013
2017-01-19 09:00:00,20.4,81,0.0,8.1,328,4.29234604028896,-6.86918957886705
2017-01-19 10:00:00,22.7,71,0.0,9.5,331,4.605691392340202,-8.30888721782426
2017-01-19 11:00:00,24.8,61,0.0,7.6,341,2.474317973874391,-7.185941174554807
2017-01-19 12:00:00,26.2,55,0.0,8.9,333,4.040515447681967,-7.929958065276474
2017-01-19 13:00:00,26.3,55,0.0,12.6,329,6.489479743866682,-10.800307988846615
2017-01-19 14:00:00,25.5,58,0.0,15.8,336,6.426438960597643,-14.434018230753095
2017-01-19 15:00:00,24.7,61,0.0,16.0,337,6.2516980558283795,-14.728077655239046
2017-01-19 16:00:00,23.5,64,0.0,13.7,337,5.353016460303049,-12.610916492298433
2017-01-19 17:00:00,21.7,71,0.0,11.9,325,6.8255595925774495,-9.747909327039002
2017-01-19 18:00:00,19.3,80,0.0,15.1,335,6.381535752284561,-13.685247584253414
2017-01-19 19:00:00,18.0,85,0.0,14.1,356,0.9835662797921657,-14.06565310866352
2017-01-19 20:00:00,17.6,87,0.0,10.9,352,1.5169868004647136,-10.793921949283117
2017-01-19 21:00:00,17.5,88,0.0,11.0,349,2.098898949141994,-10.797899017924303
2017-01-19 22:00:00,17.0,90,0.0,7.6,355,0.6623836448822018,-7.571079705497266
2017-01-19 23:00:00,16.3,94,0.0,5.8,356,0.40458754771592637,-5.78587149150698
2017-01-20 00:00:00,16.0,96,0.0,10.5,338,3.9333692308670756,-9.735430472951268
2017-01-20 01:00:00,15.8,97,0.0,13.8,353,1.6817969389910354,-13.697136892650244
2017-01-20 02:00:00,16.0,93,0.0,15.5,357,0.8112073217656315,-15.478757788695894
2017-01-20 03:00:00,15.9,91,0.0,17.7,358,0.6177210916342691,-17.689217638237995
2017-01-20 04:00:00,15.6,86,0.0,18.1,353,2.2058351156331697,-17.96508534470793
2017-01-20 05:00:00,14.9,85,0.0,19.9,356,1.388153827508092,-19.8515246001705
2017-01-20 06:00:00,14.6,84,0.0,17.7,358,0.6177210916342691,-17.689217638237995
2017-01-20 07:00:00,14.3,82,0.0,18.4,356,1.2835191168919042,-18.355178524780765
2017-01-20 08:00:00,15.7,77,0.0,18.7,2,-0.6526205883367642,-18.68860846525709
2017-01-20 09:00:00,17.6,70,0.0,16.6,1,-0.2897099468589061,-16.597471739596095
2017-01-20 10:00:00,19.5,61,0.0,16.6,359,0.2897099468589078,-16.597471739596095
2017-01-20 11:00:00,20.9,55,0.0,17.7,355,1.542656646633549,-17.632646156223895
2017-01-20 12:00:00,20.9,53,0.0,21.7,353,2.6445647518917004,-21.538251490616688
2017-01-20 13:00:00,19.9,53,0.0,24.3,353,2.9614250447450843,-24.118871484884124
2017-01-20 14:00:00,19.6,52,0.0,23.5,355,2.0481599545699662,-23.41057540515602
2017-01-20 15:00:00,19.0,53,0.0,22.0,355,1.917426340448479,-21.9162833580184
2017-01-20 16:00:00,17.9,54,0.0,22.1,353,2.69331248925376,-21.935269951273217
2017-01-20 17:00:00,15.5,60,0.0,20.8,351,3.2538368728368035,-20.543917484378866
2017-01-20 18:00:00,13.1,63,0.0,18.9,352,2.630371608145237,-18.716066499215678
2017-01-20 19:00:00,12.1,63,0.0,15.7,349,2.995701227411755,-15.411546780128324
2017-01-20 20:00:00,11.5,65,0.0,14.2,344,3.914050452601388,-13.649916082324127
2017-01-20 21:00:00,11.8,65,0.0,12.9,342,3.986319227436822,-12.26862906020748
2017-01-20 22:00:00,11.7,66,0.0,10.5,352,1.4613175600806874,-10.397814721786489
2017-01-20 23:00:00,12.0,65,0.0,8.7,355,0.7582549619046257,-8.666893873398186
2017-01-21 00:00:00,11.7,68,0.1,9.2,349,1.755442757464213,-9.030970087718508
2017-01-21 01:00:00,12.1,67,0.0,9.3,347,2.092044805397944,-9.06164160250269
2017-01-21 02:00:00,12.0,68,0.1,10.2,350,1.77121141220269,-10.045039080724521
2017-01-21 03:00:00,11.7,74,0.5,10.1,358,0.3524849166952609,-10.093847352892867
2017-01-21 04:00:00,11.5,84,0.6,5.4,4,-0.37668495821827813,-5.386845871403051
2017-01-21 05:00:00,11.6,87,0.7000000000000001,6.7,324,3.93816119035957,-5.420413862312148
2017-01-21 06:00:00,11.4,88,0.4,8.9,333,4.040515447681967,-7.929958065276474
2017-01-21 07:00:00,12.0,83,0.1,6.4,344,1.7640790772287946,-6.1520748540052415
2017-01-21 08:00:00,13.0,78,0.0,11.4,349,2.175222547292612,-11.19054989130337
2017-01-21 09:00:00,15.1,69,0.0,9.2,349,1.755442757464213,-9.030970087718508
2017-01-21 10:00:00,16.5,63,0.0,7.3,349,1.3929056662487778,-7.165878439167947
2017-01-21 11:00:00,17.7,58,0.0,7.2,6,-0.7526049355271042,-7.160557646651569
2017-01-21 12:00:00,19.1,54,0.0,6.8,357,0.35588450245201897,-6.790680836331102
2017-01-21 13:00:00,19.4,53,0.0,11.4,349,2.175222547292612,-11.19054989130337
2017-01-21 14:00:00,20.3,49,0.0,14.8,357,0.7745721523955708,-14.779717114367694
2017-01-21 15:00:00,20.7,48,0.0,17.3,359,0.30192663136500625,-17.29736512620557
2017-01-21 16:00:00,20.3,49,0.0,16.2,3,-0.8478424911356978,-16.177798463024097
2017-01-21 17:00:00,18.5,55,0.0,14.6,350,2.535263393937184,-14.378193193978237
2017-01-21 18:00:00,16.0,61,0.0,16.2,357,0.8478424911356922,-16.177798463024097
2017-01-21 19:00:00,14.6,66,0.0,12.2,360,7.470345474798854e-16,-12.2
2017-01-21 20:00:00,12.6,80,0.0,14.0,360,8.572527594031472e-16,-14.0
2017-01-21 21:00:00,12.3,81,0.0,7.0,12,-1.4553818357243185,-6.847033205136639
2017-01-21 22:00:00,12.1,81,0.0,8.4,353,1.023702484603239,-8.337387673787106
2017-01-21 23:00:00,12.1,79,0.0,7.3,9,-1.1419715947936866,-7.210124886344505
2017-01-22 00:00:00,11.7,80,0.0,6.2,353,0.7555899291119145,-6.153786140176196
2017-01-22 01:00:00,11.6,80,0.0,9.1,351,1.4235536318661013,-8.987963899415753
2017-01-22 02:00:00,11.4,80,0.0,10.8,356,0.7533699164365526,-10.773691742806102
2017-01-22 03:00:00,11.3,82,0.0,11.5,360,7.041719095097281e-16,-11.5
2017-01-22 04:00:00,11.4,82,0.0,12.3,7,-1.4989929238833102,-12.208317665188263
2017-01-22 05:00:00,11.3,83,0.0,13.0,3,-0.680367431158276,-12.98218395180946
2017-01-22 06:00:00,11.2,83,0.0,11.5,4,-0.8021994480574441,-11.471986577987979
2017-01-22 07:00:00,11.3,82,0.0,11.2,4,-0.7812725059342065,-11.17271736291003
2017-01-22 08:00:00,13.8,72,0.0,13.3,358,0.4641633061432644,-13.291897999353974
2017-01-22 09:00:00,16.4,61,0.0,13.3,2,-0.4641633061432601,-13.291897999353974
2017-01-22 10:00:00,19.3,52,0.0,10.6,350,1.8406706832694624,-10.438962181929405
2017-01-22 11:00:00,20.8,47,0.0,16.0,351,2.502951440643695,-15.803013449522204
2017-01-22 12:00:00,21.5,44,0.0,18.8,355,1.638527963655973,-18.728460324124818
2017-01-22 13:00:00,21.9,43,0.0,19.7,352,2.7417100889132895,-19.508280954208935
2017-01-22 14:00:00,22.0,42,0.0,20.7,353,2.522695408486553,-20.545705338975363
2017-01-22 15:00:00,21.6,42,0.0,18.9,351,2.956611389260364,-18.667309637248103
2017-01-22 16:00:00,20.5,44,0.0,16.5,349,3.1483484237129913,-16.196848526886455
2017-01-22 17:00:00,18.3,50,0.0,15.7,340,5.369716250213,-14.75317414633876
2017-01-22 18:00:00,15.2,58,0.0,16.2,347,3.6442070803706117,-15.78479504952081
2017-01-22 19:00:00,13.3,63,0.0,12.9,347,2.9018686010358574,-12.569373835729534
2017-01-22 20:00:00,13.3,62,0.0,8.7,336,3.5386087947594613,-7.947845481490627
2017-01-22 21:00:00,13.4,62,0.0,5.2,348,1.0811407922523493,-5.086367523815789
2017-01-22 22:00:00,13.5,63,0.0,1.5,346,0.3628828433995015,-1.4554435894139948
2017-01-22 23:00:00,14.0,61,0.0,2.1,301,1.800051331474436,-1.0815799573111138
2017-01-23 00:00:00,13.9,62,0.0,5.1,315,3.6062445840513924,-3.606244584051392
2017-01-23 01:00:00,13.3,66,0.0,6.7,324,3.93816119035957,-5.420413862312148
2017-01-23 02:00:00,12.7,69,0.0,6.4,344,1.7640790772287946,-6.1520748540052415
2017-01-23 03:00:00,13.2,68,0.0,6.5,19,-2.116193003971518,-6.1458707413955596
2017-01-23 04:00:00,13.4,69,0.0,1.8,11,-0.3434561916777803,-1.7669289302057951
2017-01-23 05:00:00,13.0,72,0.0,2.5,352,0.34793275240016364,-2.475670171853926
2017-01-23 06:00:00,12.8,72,0.0,6.1,332,2.863776532993934,-5.385980316439453
2017-01-23 07:00:00,12.6,73,0.0,6.5,357,0.3401837155791358,-6.49109197590473
2017-01-23 08:00:00,15.2,66,0.0,5.7,325,3.269385687200963,-4.669166652447253
2017-01-23 09:00:00,17.1,62,0.0,3.8,319,2.4930243101639276,-2.8678964048465336
2017-01-23 10:00:00,17.3,63,0.0,1.6,207,0.726384799583275,1.4256104387013886
2017-01-23 11:00:00,18.7,59,0.0,2.4,243,2.138415658052083,1.0895771993749122
2017-01-23 12:00:00,18.8,59,0.0,1.5,225,1.0606601717798214,1.0606601717798212
2017-01-23 13:00:00,20.5,55,0.0,2.3,39,-1.447436899414627,-1.7874357113510322
2017-01-23 14:00:00,21.3,53,0.0,2.9,30,-1.4500000000000013,-2.5114736709748713
2017-01-23 15:00:00,21.4,51,0.0,7.6,357,0.3977532674463741,-7.589584464134761
2017-01-23 16:00:00,20.4,51,0.0,14.2,353,1.7305446763530943,-14.094155353306771
2017-01-23 17:00:00,18.2,55,0.0,15.1,348,3.1394665313481678,-14.770028771080463
2017-01-23 18:00:00,16.1,59,0.0,13.9,350,2.413709669570333,-13.688827766869691
2017-01-23 19:00:00,14.8,62,0.0,11.6,353,1.4136843834997108,-11.513535359039334
2017-01-23 20:00:00,15.1,62,0.0,9.2,329,4.738350289172498,-7.8859391664594325
2017-01-23 21:00:00,14.9,62,0.0,4.6,315,3.2526911934581184,-3.252691193458118
2017-01-23 22:00:00,14.5,65,0.0,6.3,294,5.755336383148386,-2.5624408513775414
2017-01-23 23:00:00,13.8,75,0.0,2.1,301,1.800051331474436,-1.0815799573111138
2017-01-24 00:00:00,14.0,68,0.0,2.6,106,-2.499280409439629,0.716657125124198
2017-01-24 01:00:00,13.3,79,0.0,1.8,323,1.0832670416736871,-1.437543918085127
2017-01-24 02:00:00,13.3,73,0.0,3.8,319,2.4930243101639276,-2.8678964048465336
2017-01-24 03:00:00,13.2,73,0.0,4.1,345,1.061158084920335,-3.96029588778518
2017-01-24 04:00:00,12.9,74,0.0,7.4,337,2.8914103508206255,-6.811735915548059
2017-01-24 05:00:00,12.4,77,0.0,7.8,347,1.7546182238821464,-7.6000865053248345
2017-01-24 06:00:00,12.7,77,0.0,5.8,7,-0.7068421917498535,-5.756767679519668
2017-01-24 07:00:00,13.0,78,0.0,5.9,11,-1.1257730727216133,-5.791600382341218
2017-01-24 08:00:00,14.9,76,0.0,1.3,34,-0.7269507745119705,-1.0777488443215544
2017-01-24 09:00:00,17.3,69,0.0,3.6,307,2.875087836170254,-2.166534083347374
2017-01-24 10:00:00,19.3,61,0.0,4.3,275,4.283637201794505,-0.3747696938149301
2017-01-24 11:00:00,20.6,57,0.0,4.4,261,4.3458286986186065,0.6883116461770159
2017-01-24 12:00:00,21.7,55,0.0,4.0,265,3.984778792366982,0.34862297099063266
2017-01-24 13:00:00,22.6,53,0.0,3.3,257,3.2154212137912763,0.7423384793347545
2017-01-24 14:00:00,23.0,52,0.0,3.6,233,2.875087836170254,2.166534083347374
2017-01-24 15:00:00,22.8,53,0.0,4.3,318,2.8772616073430903,-3.195522749552795
2017-01-24 16:00:00,21.8,55,0.0,12.0,344,3.30764826980399,-11.535140351259827
2017-01-24 17:00:00,20.5,56,0.0,14.6,344,4.024305394928188,-14.034420760699456
2017-01-24 18:00:00,18.0,62,0.0,15.7,349,2.995701227411755,-15.411546780128324
2017-01-24 19:00:00,16.7,64,0.0,11.7,351,1.8302832409707017,-11.555953584963111
2017-01-24 20:00:00,16.1,69,0.0,10.3,331,4.993539088537273,-9.008582983535776
2017-01-24 21:00:00,15.3,73,0.0,8.0,333,3.6319239979163744,-7.128052193506942
2017-01-24 22:00:00,15.2,74,0.0,6.7,324,3.93816119035957,-5.420413862312148
2017-01-24 23:00:00,14.7,77,0.1,4.7,302,3.9858260519352022,-2.490620541896063
2017-01-25 00:00:00,14.5,78,0.1,6.3,329,3.244739871933341,-5.400153994423308
2017-01-25 01:00:00,14.4,80,0.1,6.8,335,2.873804179836756,-6.162892951849219
2017-01-25 02:00:00,14.2,82,0.2,7.2,342,2.224922359499622,-6.8476069173251055
2017-01-25 03:00:00,13.4,88,0.1,8.3,342,2.564841053312064,-7.893769085249775
2017-01-25 04:00:00,13.4,88,0.0,9.2,349,1.755442757464213,-9.030970087718508
2017-01-25 05:00:00,13.9,86,0.1,7.0,348,1.4553818357243162,-6.847033205136639
2017-01-25 06:00:00,14.1,87,0.1,6.9,354,0.7212463965468089,-6.862201078041086
2017-01-25 07:00:00,14.1,87,0.0,4.0,350,0.6945927106677217,-3.939231012048832
2017-01-25 08:00:00,15.5,79,0.0,1.0,315,0.7071067811865476,-0.7071067811865475
2017-01-25 09:00:00,18.1,70,0.0,1.0,45,-0.7071067811865477,-0.7071067811865475
2017-01-25 10:00:00,20.4,62,0.0,2.9,270,2.9,0.0
2017-01-25 11:00:00,22.0,57,0.0,6.6,283,6.430842427582553,-1.484676958669509
2017-01-25 12:00:00,22.7,55,0.0,6.8,295,6.162892951849219,-2.873804179836756
2017-01-25 13:00:00,22.8,54,0.0,5.1,309,3.963444403430551,-3.2095339943541705
2017-01-25 14:00:00,23.1,52,0.0,5.4,340,1.8469087739586119,-5.074340152243905
2017-01-25 15:00:00,23.2,53,0.0,8.8,348,1.8296228791962834,-8.60769888645749
2017-01-25 16:00:00,22.5,56,0.0,14.5,341,4.720738239628773,-13.710019346190093
2017-01-25 17:00:00,19.1,68,0.0,21.1,343,6.169042969649746,-20.17803035082005
2017-01-25 18:00:00,16.4,75,0.0,22.7,350,3.9418136330393203,-22.35513599337712
2017-01-25 19:00:00,15.1,79,0.0,20.5,359,0.35777433196431374,-20.49687775070602
2017-01-25 20:00:00,14.5,81,0.0,16.6,359,0.2897099468589078,-16.597471739596095
2017-01-25 21:00:00,14.2,82,0.0,16.6,358,0.579331645261518,-16.58988772851699
2017-01-25 22:00:00,14.0,84,0.0,15.9,3,-0.8321417042628145,-15.878209602597725
2017-01-25 23:00:00,13.5,85,0.0,15.5,357,0.8112073217656315,-15.478757788695894
2017-01-26 00:00:00,13.0,86,0.0,16.9,358,0.5898014942722682,-16.889704976622717
2017-01-26 01:00:00,12.7,85,0.0,16.6,1,-0.2897099468589061,-16.597471739596095
2017-01-26 02:00:00,12.5,83,0.0,16.6,2,-0.5793316452615127,-16.58988772851699
2017-01-26 03:00:00,12.6,81,0.0,15.8,360,9.67470971326409e-16,-15.8
2017-01-26 04:00:00,12.6,80,0.0,15.8,360,9.67470971326409e-16,-15.8
2017-01-26 05:00:00,12.4,81,0.0,14.9,7,-1.815853216736693,-14.7889376594557
2017-01-26 06:00:00,12.2,81,0.0,12.6,357,0.659433048661094,-12.58273213790763
2017-01-26 07:00:00,12.0,80,0.0,13.0,354,1.358870022479495,-12.928784639787553
2017-01-26 08:00:00,13.7,75,0.0,12.0,353,1.4624321208617699,-11.910553819695863
2017-01-26 09:00:00,16.2,66,0.0,9.5,11,-1.812685456077174,-9.325458242752807
2017-01-26 10:00:00,18.4,59,0.0,6.9,6,-0.7212463965468082,-6.862201078041087
2017-01-26 11:00:00,20.5,52,0.0,6.5,360,3.9801020972288977e-16,-6.5
2017-01-26 12:00:00,22.3,47,0.0,6.2,353,0.7555899291119145,-6.153786140176196
2017-01-26 13:00:00,23.5,43,0.0,5.2,344,1.4333142502483958,-4.998560818879258
2017-01-26 14:00:00,23.9,41,0.0,4.9,324,2.8801477362331185,-3.9641832724372428
2017-01-26 15:00:00,23.7,42,0.0,9.7,318,6.490566881680924,-7.208504807130724
2017-01-26 16:00:00,21.9,47,0.0,16.0,324,9.40456403667957,-12.94427190999916
2017-01-26 17:00:00,20.1,52,0.0,13.4,329,6.901510203794726,-11.486041829408306
2017-01-26 18:00:00,18.0,58,0.0,10.2,337,3.985457510590592,-9.389149505214892
2017-01-26 19:00:00,16.8,61,0.0,9.3,347,2.092044805397944,-9.06164160250269
2017-01-26 20:00:00,15.9,64,0.0,6.8,335,2.873804179836756,-6.162892951849219
2017-01-26 21:00:00,15.3,68,0.0,8.5,324,4.996174644486022,-6.876644452187053
2017-01-26 22:00:00,14.0,76,0.0,4.9,324,2.8801477362331185,-3.9641832724372428
2017-01-26 23:00:00,12.9,83,0.0,6.5,357,0.3401837155791358,-6.49109197590473
2017-01-27 00:00:00,13.3,80,0.0,5.1,4,-0.35575801609504043,-5.087576656325103
2017-01-27 01:00:00,12.8,83,0.0,5.1,352,0.7097828148963339,-5.050367150582009
2017-01-27 02:00:00,13.0,83,0.0,5.2,344,1.4333142502483958,-4.998560818879258
2017-01-27 03:00:00,12.8,84,0.0,5.4,356,0.3766849582182763,-5.386845871403051
2017-01-27 04:00:00,12.9,82,0.0,4.4,351,0.6883116461770161,-4.3458286986186065
2017-01-27 05:00:00,12.9,81,0.0,4.4,351,0.6883116461770161,-4.3458286986186065
2017-01-27 06:00:00,12.7,81,0.0,5.4,37,-3.2498011250210608,-4.312631754255381
2017-01-27 07:00:00,14.2,71,0.0,3.6,354,0.3763024677635525,-3.580278823325784
2017-01-27 08:00:00,15.6,62,0.0,10.2,337,3.985457510590592,-9.389149505214892
2017-01-27 09:00:00,18.2,54,0.0,9.1,342,2.8120546488120217,-8.654614298285896
2017-01-27 10:00:00,20.6,50,0.0,10.5,338,3.9333692308670756,-9.735430472951268
2017-01-27 11:00:00,22.3,47,0.0,12.8,338,4.794964395723674,-11.86795333845488
2017-01-27 12:00:00,23.3,46,0.0,14.3,342,4.418943019561749,-13.600108183020696
2017-01-27 13:00:00,23.7,47,0.0,16.2,347,3.6442070803706117,-15.78479504952081
2017-01-27 14:00:00,23.5,49,0.0,18.1,347,4.071614083623955,-17.63609817261276
2017-01-27 15:00:00,23.1,51,0.0,19.1,349,3.644451811692008,-18.749079203850382
2017-01-27 16:00:00,22.3,53,0.0,18.6,350,3.229856104604906,-18.31742420602707
2017-01-27 17:00:00,20.6,62,0.0,14.7,349,2.8048922320352103,-14.42991959668066
2017-01-27 18:00:00,18.1,74,0.0,12.3,355,1.0720156357961952,-12.253194786528471
2017-01-27 19:00:00,16.5,82,0.0,10.4,360,6.368163355566237e-16,-10.4
2017-01-27 20:00:00,15.6,89,0.0,8.8,348,1.8296228791962834,-8.60769888645749
2017-01-27 21:00:00,14.8,93,0.0,5.4,340,1.8469087739586119,-5.074340152243905
2017-01-27 22:00:00,15.2,90,0.0,2.9,263,2.8783838397598336,0.35342109587492765
2017-01-27 23:00:00,13.1,97,0.0,5.4,228,4.012982057577929,3.6133052743378347
2017-01-28 00:00:00,14.0,97,0.0,1.8,349,0.34345619167778085,-1.7669289302057951
2017-01-28 01:00:00,13.5,97,0.0,3.4,32,-1.801725498392897,-2.883363526931848
2017-01-28 02:00:00,14.7,91,0.0,1.8,37,-1.083267041673687,-1.437543918085127
2017-01-28 03:00:00,12.4,97,0.0,3.9,22,-1.460965714322058,-3.6160170328104706
2017-01-28 04:00:00,12.4,99,0.0,5.5,23,-2.149021206691006,-5.062776693988422
2017-01-28 05:00:00,12.1,99,0.0,6.1,28,-2.8637765329939335,-5.385980316439454
2017-01-28 06:00:00,11.7,96,0.0,6.9,9,-1.0793978087775942,-6.81504955010645
2017-01-28 07:00:00,11.1,93,0.0,7.8,13,-1.7546182238821488,-7.600086505324834
2017-01-28 08:00:00,15.0,70,0.0,7.7,11,-1.4692292643993936,-7.558529312547013
2017-01-28 09:00:00,19.5,53,0.0,6.5,360,3.9801020972288977e-16,-6.5
2017-01-28 10:00:00,22.6,47,0.0,5.7,288,5.421022142882375,-1.7613968679372003
2017-01-28 11:00:00,24.2,47,0.0,6.8,252,6.467184310807044,2.1013155617496424
2017-01-28 12:00:00,25.5,44,0.0,6.1,267,6.0916401620029,0.31924933308195735
2017-01-28 13:00:00,26.4,43,0.0,6.6,292,6.1194134401407965,-2.472403516545019
2017-01-28 14:00:00,26.2,47,0.0,9.4,317,6.410784584587486,-6.874724795220202
2017-01-28 15:00:00,25.4,50,0.0,12.6,323,7.582869291715809,-10.062807426595889
2017-01-28 16:00:00,23.6,55,0.0,14.5,325,8.31685832709017,-11.87770464219038
2017-01-28 17:00:00,21.3,68,0.0,10.7,327,5.82763767466079,-8.973775077016036
2017-01-28 18:00:00,18.6,85,0.0,6.8,328,3.603450996785793,-5.766727053863696
2017-01-28 19:00:00,17.5,92,0.0,6.3,347,1.4171916423663489,-6.1385314081469815
2017-01-28 20:00:00,16.3,97,0.0,5.4,323,3.2498011250210617,-4.312631754255381
2017-01-28 21:00:00,16.2,97,0.0,4.2,329,2.1631599146222276,-3.600102662948872
2017-01-28 22:00:00,16.6,98,0.0,2.2,351,0.34415582308850806,-2.1729143493093033
2017-01-28 23:00:00,16.3,100,0.0,0.8,333,0.3631923997916375,-0.7128052193506943
2017-01-29 00:00:00,16.0,100,0.0,2.4,153,-1.089577199374912,2.138415658052083
2017-01-29 01:00:00,16.6,97,0.0,2.1,121,-1.8000513314744357,1.0815799573111142
2017-01-29 02:00:00,16.9,94,0.0,1.5,45,-1.0606601717798214,-1.0606601717798212
2017-01-29 03:00:00,17.3,90,0.0,4.0,355,0.34862297099063255,-3.984778792366982
2017-01-29 04:00:00,17.1,93,0.0,5.0,339,1.791839747726502,-4.667902132486009
2017-01-29 05:00:00,17.0,94,0.0,6.2,339,2.2218812871808624,-5.788198644282651
2017-01-29 06:00:00,16.8,93,0.0,6.5,360,3.9801020972288977e-16,-6.5
2017-01-29 07:00:00,17.1,84,0.0,7.4,14,-1.7902220274375418,-7.180188374442374
2017-01-29 08:00:00,18.2,86,0.0,6.8,342,2.1013155617496424,-6.467184310807044
2017-01-29 09:00:00,19.7,77,0.0,4.0,360,2.4492935982947064e-16,-4.0
2017-01-29 10:00:00,21.4,67,0.0,3.6,6,-0.3763024677635521,-3.5802788233257843
2017-01-29 11:00:00,23.8,57,0.0,3.6,354,0.3763024677635525,-3.580278823325784
2017-01-29 12:00:00,25.8,50,0.0,8.0,352,1.1133848076805237,-7.922144549932563
2017-01-29 13:00:00,27.1,45,0.0,9.4,358,0.3280552690035102,-9.394273773979501
2017-01-29 14:00:00,27.9,42,0.0,8.0,8,-1.1133848076805266,-7.922144549932562
2017-01-29 15:00:00,28.3,41,0.0,8.0,8,-1.1133848076805266,-7.922144549932562
2017-01-29 16:00:00,27.9,43,0.0,8.6,338,3.2216167033768426,-7.973781149274371
2017-01-29 17:00:00,25.3,55,0.0,9.5,299,8.30888721782426,-4.605691392340202
2017-01-29 18:00:00,21.1,71,0.0,11.8,301,10.114574148284927,-6.077449283938639
2017-01-29 19:00:00,18.4,87,0.0,5.8,277,5.756767679519667,-0.7068421917498553
2017-01-29 20:00:00,18.3,87,0.0,4.7,247,4.32637281122647,1.8364363038995868
2017-01-29 21:00:00,18.0,89,0.0,4.0,280,3.939231012048832,-0.6945927106677213
2017-01-29 22:00:00,17.2,94,0.0,4.0,265,3.984778792366982,0.34862297099063266
2017-01-29 23:00:00,16.6,95,0.0,4.3,318,2.8772616073430903,-3.195522749552795
2017-01-30 00:00:00,16.6,95,0.0,4.1,75,-3.96029588778518,-1.0611580849203353
2017-01-30 01:00:00,16.4,94,0.0,4.6,39,-2.894873798829254,-3.5748714227020644
2017-01-30 02:00:00,16.4,94,0.0,5.3,332,2.4881992827652213,-4.679622242152313
2017-01-30 03:00:00,16.2,95,0.0,4.5,14,-1.088648530198505,-4.366330768241984
2017-01-30 04:00:00,15.1,95,0.0,5.3,28,-2.488199282765221,-4.679622242152313
2017-01-30 05:00:00,15.9,87,0.0,6.4,27,-2.9055391983331003,-5.702441754805554
2017-01-30 06:00:00,16.4,79,0.0,8.1,32,-4.292346040288961,-6.86918957886705
2017-01-30 07:00:00,16.7,78,0.0,7.1,24,-2.8878301658381806,-6.486172749262467
2017-01-30 08:00:00,20.8,63,0.0,6.2,350,1.0766187015349686,-6.10580806867569
2017-01-30 09:00:00,23.9,59,0.0,12.2,346,2.9514471263159456,-11.837607860567156
2017-01-30 10:00:00,25.6,54,0.0,9.0,2,-0.31409547032250684,-8.994517443171862
2017-01-30 11:00:00,25.9,57,0.0,9.8,352,1.3638963894086416,-9.70462707366739
2017-01-30 12:00:00,26.3,58,0.0,14.7,343,4.2978640594242306,-14.05767991265662
2017-01-30 13:00:00,26.1,52,0.0,18.6,345,4.814034238906886,-17.96622036897667
2017-01-30 14:00:00,25.1,52,0.0,19.0,345,4.917561856947894,-18.352590699492296
2017-01-30 15:00:00,24.0,52,0.0,20.4,343,5.96438277634383,-19.50861702164592
2017-01-30 16:00:00,22.4,54,0.0,20.5,345,5.305790424601675,-19.8014794389259
2017-01-30 17:00:00,19.5,62,0.0,19.6,346,4.741669153753487,-19.01779623500953
2017-01-30 18:00:00,17.3,69,0.0,17.3,348,3.596872251147239,-16.921953492694836
2017-01-30 19:00:00,16.2,73,0.0,17.0,347,3.8241679238457036,-16.564291101349
2017-01-30 20:00:00,16.8,72,0.0,14.2,351,2.221369403571279,-14.025174436450955
2017-01-30 21:00:00,16.7,72,0.0,13.2,338,4.944807033090037,-12.238826880281593
2017-01-30 22:00:00,16.5,72,0.0,10.8,345,2.795245687107224,-10.431998923921938
2017-01-30 23:00:00,15.9,73,0.0,11.9,346,2.8788705576360454,-11.546519142684359
2017-01-31 00:00:00,15.3,75,0.0,11.7,351,1.8302832409707017,-11.555953584963111
2017-01-31 01:00:00,14.8,76,0.0,12.4,350,2.1532374030699373,-12.21161613735138
2017-01-31 02:00:00,14.4,77,0.0,12.6,358,0.4397336584515136,-12.592324420440606
2017-01-31 03:00:00,13.8,79,0.0,11.9,357,0.6227978792910333,-11.88369146357943
2017-01-31 04:00:00,13.5,81,0.0,8.6,360,5.265981236333618e-16,-8.6
2017-01-31 05:00:00,13.1,84,0.0,8.3,355,0.7233926648055626,-8.268415994161488
2017-01-31 06:00:00,12.7,85,0.0,10.4,340,3.557009490586956,-9.772803256173447
2017-01-31 07:00:00,12.6,86,0.0,11.0,341,3.5812496990287244,-10.400704331592484
2017-01-31 08:00:00,15.0,78,0.0,8.6,327,4.683895701129233,-7.212566884330647
2017-01-31 09:00:00,17.2,71,0.0,5.2,335,2.197614961051637,-4.7128004925905795
2017-01-31 10:00:00,19.3,65,0.0,2.5,315,1.7677669529663689,-1.7677669529663687
2017-01-31 11:00:00,21.3,59,0.0,3.4,288,3.233592155403522,-1.0506577808748212
2017-01-31 12:00:00,22.8,55,0.0,3.1,306,2.5079526825623373,-1.8221342821066668
2017-01-31 13:00:00,24.0,53,0.0,3.6,307,2.875087836170254,-2.166534083347374
2017-01-31 14:00:00,24.1,51,0.0,10.6,332,4.976398565530443,-9.359244484304625
2017-01-31 15:00:00,22.9,53,0.0,16.9,344,4.658271313307285,-16.245322661357587
2017-01-31 16:00:00,21.6,57,0.0,17.7,343,5.17497917359244,-16.926594180545727
2017-01-31 17:00:00,20.5,60,0.0,15.0,343,4.385575570841052,-14.344571339445531
2017-01-31 18:00:00,18.9,65,0.0,14.3,342,4.418943019561749,-13.600108183020696
2017-01-31 19:00:00,17.7,69,0.0,13.8,351,2.158795617555187,-13.630099100212902
2017-01-31 20:00:00,19.0,65,0.0,7.4,346,1.7902220274375409,-7.180188374442374
2017-01-31 21:00:00,18.9,65,0.0,4.5,346,1.0886485301985045,-4.366330768241984
2017-01-31 22:00:00,18.8,67,0.0,1.5,346,0.3628828433995015,-1.4554435894139948
2017-01-31 23:00:00,18.3,68,0.0,7.4,321,4.656970893768798,-5.750880114781585
2017-02-01 00:00:00,17.8,72,0.0,8.4,350,1.4586446924022156,-8.272385125302547
2017-02-01 01:00:00,17.9,72,0.0,5.9,14,-1.42733918403804,-5.7247447850283795
2017-02-01 02:00:00,17.9,72,0.0,6.1,3,-0.31924933308196024,-6.0916401620029
2017-02-01 03:00:00,17.5,75,0.0,8.3,355,0.7233926648055626,-8.268415994161488
2017-02-01 04:00:00,17.2,76,0.0,12.4,352,1.7257464519048118,-12.279324052395474
2017-02-01 05:00:00,16.7,79,0.0,13.7,357,0.7170026005283323,-13.681224626137661
2017-02-01 06:00:00,16.5,80,0.0,10.8,4,-0.7533699164365563,-10.773691742806102
2017-02-01 07:00:00,16.3,81,0.0,12.1,348,2.5157314588948894,-11.835585968879046
2017-02-01 08:00:00,17.6,77,0.0,10.0,347,2.249510543438649,-9.743700647852352
2017-02-01 09:00:00,18.3,74,0.0,5.8,7,-0.7068421917498535,-5.756767679519668
2017-02-01 10:00:00,19.9,67,0.0,3.6,323,2.1665340833473743,-2.875087836170254
2017-02-01 11:00:00,21.4,62,0.0,3.3,311,2.4905416147351476,-2.1649947956686737
2017-02-01 12:00:00,22.4,58,0.0,5.6,345,1.4493866525741161,-5.4091846272187825
2017-02-01 13:00:00,23.3,56,0.0,9.5,349,1.8126854560771768,-9.325458242752807
2017-02-01 14:00:00,23.4,54,0.0,14.6,350,2.535263393937184,-14.378193193978237
2017-02-01 15:00:00,22.2,57,0.0,17.5,352,2.4355292668011455,-17.329691202977482
2017-02-01 16:00:00,20.9,59,0.0,19.5,348,4.054277970946309,-19.073878214309207
2017-02-01 17:00:00,19.0,62,0.0,19.3,351,3.019185175276457,-19.06238497348616
2017-02-01 18:00:00,18.1,63,0.0,16.3,352,2.268521545649067,-16.141369520487597
2017-02-01 19:00:00,17.3,66,0.0,15.3,352,2.129348444689002,-15.151101451746028
2017-02-01 20:00:00,17.3,67,0.0,15.0,343,4.385575570841052,-14.344571339445531
2017-02-01 21:00:00,17.1,67,0.0,12.0,351,1.877213580482771,-11.852260087141653
2017-02-01 22:00:00,16.8,68,0.0,12.4,338,4.645121758357308,-11.497079796628164
2017-02-01 23:00:00,15.9,72,0.0,13.5,344,3.7211043035294886,-12.977032895167305
2017-02-02 00:00:00,15.5,74,0.0,14.0,348,2.9107636714486325,-13.694066410273278
2017-02-02 01:00:00,15.0,75,0.0,14.3,348,2.9731371786939604,-13.987510690493421
2017-02-02 02:00:00,14.8,74,0.0,13.5,351,2.1118652780431173,-13.33379259803436
2017-02-02 03:00:00,14.5,74,0.0,13.3,357,0.6960682180311548,-13.281772812235833
2017-02-02 04:00:00,14.1,76,0.0,13.0,354,1.358870022479495,-12.928784639787553
2017-02-02 05:00:00,14.0,75,0.0,12.6,357,0.659433048661094,-12.58273213790763
2017-02-02 06:00:00,14.1,74,0.0,12.6,360,7.715274834628325e-16,-12.6
2017-02-02 07:00:00,14.2,74,0.0,11.2,360,6.858022075225178e-16,-11.2
2017-02-02 08:00:00,15.5,72,0.0,12.9,347,2.9018686010358574,-12.569373835729534
2017-02-02 09:00:00,17.5,65,0.0,10.8,356,0.7533699164365526,-10.773691742806102
2017-02-02 10:00:00,19.8,57,0.0,7.6,357,0.3977532674463741,-7.589584464134761
2017-02-02 11:00:00,21.3,53,0.0,5.1,8,-0.7097828148963357,-5.050367150582008
2017-02-02 12:00:00,23.2,49,0.0,3.3,13,-0.7423384793347553,-3.215421213791276
2017-02-02 13:00:00,24.2,45,0.0,7.8,347,1.7546182238821464,-7.6000865053248345
2017-02-02 14:00:00,24.3,43,0.0,15.9,347,3.5767217640674525,-15.49248403008524
2017-02-02 15:00:00,23.4,45,0.0,19.2,347,4.319060243402206,-18.707905243876517
2017-02-02 16:00:00,22.3,48,0.0,19.2,347,4.319060243402206,-18.707905243876517
2017-02-02 17:00:00,20.2,53,0.0,17.8,342,5.500502499874065,-16.928805990053732
2017-02-02 18:00:00,17.6,61,0.0,15.3,345,3.9599313900685673,-14.778665142222746
2017-02-02 19:00:00,16.1,66,0.0,10.7,340,3.659615533584656,-10.054711042409219
2017-02-02 20:00:00,15.2,69,0.0,7.7,319,5.051654523226906,-5.811263767715345
2017-02-02 21:00:00,14.9,71,0.0,5.1,321,3.209533994354171,-3.963444403430551
2017-02-02 22:00:00,14.3,74,0.0,3.6,315,2.5455844122715714,-2.545584412271571
2017-02-02 23:00:00,13.6,83,0.0,1.6,333,0.726384799583275,-1.4256104387013886
2017-02-03 00:00:00,14.4,74,0.0,0.7000000000000001,360,4.2862637970157366e-17,-0.7000000000000001
2017-02-03 01:00:00,14.3,79,0.0,2.3,51,-1.7874357113510326,-1.4474368994146265
2017-02-03 02:00:00,15.6,70,0.0,3.0,76,-2.9108871788279895,-0.7257656867990026
2017-02-03 03:00:00,16.2,69,0.0,3.7,259,3.632020578756357,0.7059932828932158
2017-02-03 04:00:00,14.4,81,0.0,3.4,302,2.883363526931848,-1.8017254983928965
2017-02-03 05:00:00,14.0,81,0.0,2.4,333,1.0895771993749124,-2.138415658052083
2017-02-03 06:00:00,13.8,81,0.0,4.7,356,0.3278554265973886,-4.688551036221174
2017-02-03 07:00:00,14.0,82,0.0,5.8,360,3.5514757175273243e-16,-5.8
2017-02-03 08:00:00,17.4,73,0.0,1.1,342,0.3399186938124422,-1.0461621679246689
2017-02-03 09:00:00,19.3,70,0.0,0.4,360,2.4492935982947065e-17,-0.4
2017-02-03 10:00:00,21.0,64,0.0,1.0,315,0.7071067811865476,-0.7071067811865475
2017-02-03 11:00:00,22.5,58,0.0,1.8,180,1.1021821192326179e-16,1.8
2017-02-03 12:00:00,24.4,51,0.0,1.5,225,1.0606601717798214,1.0606601717798212
2017-02-03 13:00:00,25.0,50,0.0,5.3,298,4.679622242152313,-2.4881992827652213
2017-02-03 14:00:00,23.9,57,0.0,12.2,313,8.922515159753878,-8.320379992762481
2017-02-03 15:00:00,23.6,58,0.0,10.2,318,6.825132184860354,-7.580077219869421
2017-02-03 16:00:00,23.0,59,0.0,6.9,321,4.342310698243879,-5.3623071340531
2017-02-03 17:00:00,21.5,63,0.0,7.7,307,6.149493427364155,-4.6339756782707715
2017-02-03 18:00:00,19.3,74,0.0,8.1,315,5.727564927611035,-5.727564927611034
2017-02-03 19:00:00,17.6,86,0.0,4.1,315,2.899137802864845,-2.8991378028648445
2017-02-03 20:00:00,16.8,91,0.0,3.2,243,2.8512208774027776,1.4527695991665497
2017-02-03 21:00:00,16.2,95,0.0,2.9,187,0.3534210958749277,2.8783838397598336
2017-02-03 22:00:00,16.9,91,0.0,4.9,216,2.8801477362331185,3.9641832724372428
2017-02-03 23:00:00,16.5,94,0.0,7.0,258,6.84703320513664,1.4553818357243153
2017-02-04 00:00:00,16.5,95,0.0,4.6,129,-3.5748714227020657,2.8948737988292517
2017-02-04 01:00:00,16.8,91,0.0,6.6,119,-5.772490067120011,3.1997434936258253
2017-02-04 02:00:00,17.3,88,0.0,3.0,104,-2.9108871788279895,0.7257656867990032
2017-02-04 03:00:00,16.7,92,0.0,3.7,241,3.2360929164157644,1.7937955949114472
2017-02-04 04:00:00,16.7,93,0.0,2.9,187,0.3534210958749277,2.8783838397598336
2017-02-04 05:00:00,17.0,90,0.0,1.8,101,-1.7669289302057951,0.34345619167778096
2017-02-04 06:00:00,15.4,96,0.0,4.1,308,3.2308440897875594,-2.524212048835199
2017-02-04 07:00:00,15.6,98,0.0,3.3,319,2.1649947956686737,-2.4905416147351476
2017-02-04 08:00:00,17.3,92,0.0,3.7,169,-0.7059932828932158,3.632020578756357
2017-02-04 09:00:00,19.4,78,0.0,3.6,264,3.580278823325784,0.37630246776355253
2017-02-04 10:00:00,20.9,71,0.0,2.4,243,2.138415658052083,1.0895771993749122
2017-02-04 11:00:00,22.0,66,0.0,4.0,180,2.4492935982947064e-16,4.0
2017-02-04 12:00:00,23.7,59,0.0,3.7,209,1.7937955949114475,3.2360929164157644
2017-02-04 13:00:00,24.4,55,0.0,3.8,253,3.6339580726595346,1.1110124779463997
2017-02-04 14:00:00,24.7,55,0.0,7.7,298,6.798696465013738,-3.6149310334513594
2017-02-04 15:00:00,23.1,64,0.0,11.5,321,7.237184497073131,-8.937178556755166
2017-02-04 16:00:00,21.9,65,0.0,11.8,333,5.357087896926653,-10.51387698542274
2017-02-04 17:00:00,20.1,72,0.0,8.5,332,3.9905082836800725,-7.505054539300878
2017-02-04 18:00:00,18.9,78,0.0,6.8,342,2.1013155617496424,-6.467184310807044
2017-02-04 19:00:00,18.1,83,0.0,3.0,346,0.725765686799003,-2.9108871788279895
2017-02-04 20:00:00,17.9,82,0.0,4.2,31,-2.163159914622229,-3.600102662948871
2017-02-04 21:00:00,17.4,85,0.0,4.4,35,-2.523736319944604,-3.604268994871563
2017-02-04 22:00:00,17.1,88,0.0,4.0,27,-1.8159619989581877,-3.564026096753471
2017-02-04 23:00:00,16.5,91,0.0,5.4,20,-1.8469087739586103,-5.074340152243906
2017-02-05 00:00:00,15.9,93,0.0,6.7,16,-1.8467702839738926,-6.440453362786737
2017-02-05 01:00:00,15.9,94,0.0,5.5,11,-1.0494494745709955,-5.3989495089621515
2017-02-05 02:00:00,15.8,94,0.0,7.6,5,-0.6623836448822027,-7.571079705497266
2017-02-05 03:00:00,15.6,93,0.0,8.3,358,0.289665822630759,-8.294943864258496
2017-02-05 04:00:00,15.1,93,0.0,13.5,344,3.7211043035294886,-12.977032895167305
2017-02-05 05:00:00,14.8,95,0.0,10.8,4,-0.7533699164365563,-10.773691742806102
2017-02-05 06:00:00,15.1,93,0.0,6.2,21,-2.2218812871808646,-5.78819864428265
2017-02-05 07:00:00,15.5,88,0.0,7.6,360,4.653657836759942e-16,-7.6
2017-02-05 08:00:00,17.4,80,0.0,10.8,356,0.7533699164365526,-10.773691742806102
2017-02-05 09:00:00,18.8,74,0.0,12.4,350,2.1532374030699373,-12.21161613735138
2017-02-05 10:00:00,22.0,60,0.0,9.7,356,0.6766377953180147,-9.676371287520293
2017-02-05 11:00:00,24.2,54,0.0,10.8,339,3.870373855089244,-10.08266860616978
2017-02-05 12:00:00,24.3,54,0.0,9.5,335,4.014873486536644,-8.609923976848174
2017-02-05 13:00:00,23.7,59,0.0,11.9,325,6.8255595925774495,-9.747909327039002
2017-02-05 14:00:00,24.2,57,0.0,15.1,348,3.1394665313481678,-14.770028771080463
2017-02-05 15:00:00,23.6,60,0.0,14.7,349,2.8048922320352103,-14.42991959668066
2017-02-05 16:00:00,23.0,65,0.0,14.2,336,5.775660331676363,-12.972345498524932
2017-02-05 17:00:00,21.3,72,0.0,13.6,338,5.094649670456403,-12.60970042210831
2017-02-05 18:00:00,20.1,76,0.0,12.1,343,3.5376976271451146,-11.571287547152728
2017-02-05 19:00:00,18.4,83,0.0,15.8,336,6.426438960597643,-14.434018230753095
2017-02-05 20:00:00,17.0,89,0.0,9.2,334,4.033014550459512,-8.268905225952336
2017-02-05 21:00:00,17.4,84,0.0,8.3,355,0.7233926648055626,-8.268415994161488
2017-02-05 22:00:00,17.0,85,0.3,7.3,340,2.4967470462773824,-6.8597561317371305
2017-02-05 23:00:00,16.3,89,0.0,3.7,349,0.7059932828932162,-3.632020578756357
2017-02-06 00:00:00,16.2,87,0.0,10.0,334,4.383711467890775,-8.98794046299167
2017-02-06 01:00:00,15.7,87,0.0,10.2,342,3.151973342624464,-9.700776466210565
2017-02-06 02:00:00,15.3,87,0.0,10.1,356,0.7045403848156648,-10.075396907624224
2017-02-06 03:00:00,14.9,89,0.0,10.9,351,1.705135668938517,-10.765802912487002
2017-02-06 04:00:00,14.4,90,0.0,9.2,349,1.755442757464213,-9.030970087718508
2017-02-06 05:00:00,14.0,92,0.0,7.2,6,-0.7526049355271042,-7.160557646651569
2017-02-06 06:00:00,13.8,93,0.0,4.5,346,1.0886485301985045,-4.366330768241984
2017-02-06 07:00:00,14.0,90,0.0,9.2,321,5.789747597658504,-7.149742845404131
2017-02-06 08:00:00,16.7,78,0.0,10.4,326,5.815606196095767,-8.621990754572435
2017-02-06 09:00:00,19.2,67,0.0,7.7,349,1.4692292643993958,-7.558529312547013
2017-02-06 10:00:00,21.7,60,0.0,5.4,323,3.2498011250210617,-4.312631754255381
2017-02-06 11:00:00,23.3,57,0.0,4.3,318,2.8772616073430903,-3.195522749552795
2017-02-06 12:00:00,25.1,52,0.0,2.5,315,1.7677669529663689,-1.7677669529663687
2017-02-06 13:00:00,26.4,48,0.0,5.7,305,4.669166652447253,-3.2693856872009626
2017-02-06 14:00:00,26.4,44,0.0,13.6,323,8.184684314867857,-10.861442936643183
2017-02-06 15:00:00,25.8,43,0.0,17.6,329,9.064670118416954,-15.086144492357178
2017-02-06 16:00:00,24.3,46,0.0,18.7,335,7.9029614945510795,-16.947955617585354
2017-02-06 17:00:00,21.9,51,0.0,17.1,338,6.405772747412095,-15.854843913092067
2017-02-06 18:00:00,19.3,57,0.0,15.1,342,4.666156615061706,-14.360953396056818
2017-02-06 19:00:00,17.3,63,0.0,12.7,345,3.2870018728020134,-12.267257993871167
2017-02-06 20:00:00,16.0,68,0.0,9.4,313,6.874724795220202,-6.410784584587486
2017-02-06 21:00:00,15.5,70,0.0,6.8,328,3.603450996785793,-5.766727053863696
2017-02-06 22:00:00,14.8,76,0.0,2.2,279,2.1729143493093033,-0.34415582308850795
2017-02-06 23:00:00,14.6,74,0.0,4.6,288,4.3748599749577055,-1.421478174124758
2017-02-07 00:00:00,14.1,78,0.0,1.9,292,1.761649323676896,-0.7117525274902328
2017-02-07 01:00:00,13.7,79,0.0,3.4,302,2.883363526931848,-1.8017254983928965
2017-02-07 02:00:00,13.9,78,0.0,4.3,336,1.7489675652259409,-3.9282454678631837
2017-02-07 03:00:00,14.1,77,0.0,2.9,7,-0.35342109587492676,-2.878383839759834
2017-02-07 04:00:00,14.4,75,0.0,3.6,360,2.2043642384652358e-16,-3.6
2017-02-07 05:00:00,13.8,78,0.0,6.0,335,2.5357095704441965,-5.437846722219899
2017-02-07 06:00:00,12.6,84,0.0,8.7,315,6.151828996322964,-6.151828996322962
2017-02-07 07:00:00,12.8,84,0.0,4.3,318,2.8772616073430903,-3.195522749552795
2017-02-07 08:00:00,15.5,75,0.0,1.1,90,-1.1,1.3471114790620887e-16
2017-02-07 09:00:00,18.3,67,0.0,2.4,243,2.138415658052083,1.0895771993749122
2017-02-07 10:00:00,20.2,63,0.0,5.9,256,5.7247447850283795,1.4273391840380396
2017-02-07 11:00:00,22.1,58,0.0,7.2,252,6.8476069173251055,2.2249223594996215
2017-02-07 12:00:00,23.6,54,0.0,6.9,227,5.046340541172277,4.70578868443124
2017-02-07 13:00:00,25.0,49,0.0,2.6,164,-0.7166571251241975,2.499280409439629
2017-02-07 14:00:00,25.5,46,0.0,11.7,342,3.615498834186885,-11.127361240653295
2017-02-07 15:00:00,24.4,48,0.0,18.4,343,5.379639366898356,-17.59600750971985
2017-02-07 16:00:00,23.6,49,0.0,18.8,334,8.241377559634657,-16.89732807042434
2017-02-07 17:00:00,21.5,54,0.0,17.4,342,5.376895702124085,-16.54838338353567
2017-02-07 18:00:00,19.7,58,0.0,11.2,354,1.1707187885977186,-11.13864522812466
2017-02-07 19:00:00,17.9,64,0.0,6.6,351,1.032467469265524,-6.518743047927909
2017-02-07 20:00:00,16.6,76,0.0,6.2,249,5.788198644282651,2.2218812871808615
2017-02-07 21:00:00,16.3,78,0.0,4.3,204,1.7489675652259409,3.9282454678631837
2017-02-07 22:00:00,15.6,83,0.0,4.6,231,3.5748714227020657,2.8948737988292517
2017-02-07 23:00:00,14.7,87,0.0,4.4,261,4.3458286986186065,0.6883116461770159
2017-02-08 00:00:00,14.1,91,0.0,4.7,270,4.7,0.0
2017-02-08 01:00:00,15.0,85,0.0,0.5,225,0.3535533905932738,0.35355339059327373
2017-02-08 02:00:00,14.5,91,0.0,5.0,159,-1.7918397477265013,4.667902132486009
2017-02-08 03:00:00,15.4,86,0.0,4.0,170,-0.6945927106677212,3.939231012048832
2017-02-08 04:00:00,15.2,88,0.0,3.6,270,3.6,0.0
2017-02-08 05:00:00,14.8,88,0.0,3.4,302,2.883363526931848,-1.8017254983928965
2017-02-08 06:00:00,14.8,86,0.0,3.9,326,2.1808523235359125,-3.233246532964663
2017-02-08 07:00:00,14.8,85,0.0,4.1,345,1.061158084920335,-3.96029588778518
2017-02-08 08:00:00,17.5,78,0.0,2.8,140,-1.7998053071223101,2.1449244407331385
2017-02-08 09:00:00,19.5,70,0.0,5.1,188,0.7097828148963339,5.050367150582009
2017-02-08 10:00:00,21.1,62,0.0,6.1,230,4.6728711030257655,3.921004419087889
2017-02-08 11:00:00,22.8,56,0.0,11.3,248,10.4771775566047,4.233054505599806
2017-02-08 12:00:00,22.5,60,0.0,13.3,283,12.959121861643629,-2.9918490227734047
2017-02-08 13:00:00,21.8,62,0.0,14.3,311,10.792346997185641,-9.381644114564255
2017-02-08 14:00:00,20.8,64,0.0,15.1,322,9.29648827741744,-11.898962379461501
2017-02-08 15:00:00,21.2,62,0.0,10.1,333,4.585304047369423,-8.999165894302514
2017-02-08 16:00:00,21.3,60,0.0,8.0,342,2.4721359549995796,-7.608452130361228
2017-02-08 17:00:00,20.0,65,0.0,11.5,340,3.9332316482451914,-10.806465139037945
2017-02-08 18:00:00,18.2,74,0.0,10.9,351,1.705135668938517,-10.765802912487002
2017-02-08 19:00:00,16.7,82,0.0,13.8,345,3.571702822414786,-13.329776402789143
2017-02-08 20:00:00,16.3,85,0.0,13.0,354,1.358870022479495,-12.928784639787553
2017-02-08 21:00:00,16.0,87,0.0,13.4,5,-1.1678869528186206,-13.34900895442939
2017-02-08 22:00:00,15.9,87,0.0,14.8,357,0.7745721523955708,-14.779717114367694
2017-02-08 23:00:00,15.9,85,0.0,19.1,357,0.9996167642402298,-19.07382411381236
2017-02-09 00:00:00,15.6,84,0.0,19.1,3,-0.9996167642402364,-19.07382411381236
2017-02-09 01:00:00,15.8,81,0.0,19.8,10,-3.4382339178052206,-19.49919350964172
2017-02-09 02:00:00,15.4,79,0.0,18.0,3,-0.9420472123729975,-17.975331625582328
2017-02-09 03:00:00,14.5,80,0.0,20.0,353,2.4373868681029496,-19.85092303282644
2017-02-09 04:00:00,13.7,78,0.0,24.5,356,1.7090336067310683,-24.44031923136569
2017-02-09 05:00:00,12.6,78,0.0,28.8,359,0.5026293053937676,-28.79561362050407
2017-02-09 06:00:00,12.2,73,0.0,27.4,4,-1.9113273805890407,-27.333254977119182
2017-02-09 07:00:00,11.7,72,0.0,22.7,1,-0.3961696261263354,-22.69654268005008
2017-02-09 08:00:00,13.3,66,0.0,22.7,1,-0.3961696261263354,-22.69654268005008
2017-02-09 09:00:00,14.8,59,0.0,23.4,1,-0.4083863106324338,-23.396436066659554
2017-02-09 10:00:00,16.1,53,0.0,25.6,2,-0.8934271155840195,-25.584405171688854
2017-02-09 11:00:00,16.3,51,0.0,26.3,360,1.6104105408787695e-15,-26.3
2017-02-09 12:00:00,17.2,47,0.0,26.7,358,0.9318165619567789,-26.683735081409857
2017-02-09 13:00:00,17.1,46,0.0,26.7,357,1.3973700316866038,-26.66340857794712
2017-02-09 14:00:00,17.1,45,0.0,25.6,358,0.8934271155840277,-25.584405171688854
2017-02-09 15:00:00,16.1,46,0.0,26.9,352,3.743756415825761,-26.638211049148243
2017-02-09 16:00:00,13.6,51,0.0,30.3,356,2.1136211544469945,-30.226190722872673
2017-02-09 17:00:00,12.8,51,0.0,22.3,359,0.38918866355142423,-22.296603601987528
2017-02-09 18:00:00,11.8,53,0.0,18.3,344,5.044163611451085,-17.591089035671235
2017-02-09 19:00:00,10.8,54,0.0,18.9,347,4.251574927099047,-18.415594224440945
2017-02-09 20:00:00,10.5,56,0.0,16.2,347,3.6442070803706117,-15.78479504952081
2017-02-09 21:00:00,11.4,52,0.0,16.7,354,1.7456253365698127,-16.608515652650162
2017-02-09 22:00:00,11.7,48,0.0,17.3,359,0.30192663136500625,-17.29736512620557
2017-02-09 23:00:00,11.8,45,0.0,17.6,359,0.30716235329619135,-17.59731943475249
2017-02-10 00:00:00,11.2,47,0.0,17.1,352,2.3798600264171195,-16.933583975480854
2017-02-10 01:00:00,10.4,52,0.0,18.0,357,0.9420472123729914,-17.975331625582328
2017-02-10 02:00:00,9.9,55,0.0,16.2,356,1.1300548746548287,-16.16053761420915
2017-02-10 03:00:00,9.6,56,0.0,16.0,352,2.2267696153610474,-15.844289099865126
2017-02-10 04:00:00,9.0,57,0.0,16.7,354,1.7456253365698127,-16.608515652650162
2017-02-10 05:00:00,9.3,55,0.0,17.0,355,1.4816476267101883,-16.935309867559674
2017-02-10 06:00:00,8.9,55,0.0,18.1,353,2.2058351156331697,-17.96508534470793
2017-02-10 07:00:00,8.4,58,0.0,18.0,357,0.9420472123729914,-17.975331625582328
2017-02-10 08:00:00,10.1,56,0.0,13.7,3,-0.717002600528337,-13.681224626137661
2017-02-10 09:00:00,12.4,52,0.0,10.5,4,-0.7324429743133186,-10.474422527728153
2017-02-10 10:00:00,14.5,49,0.0,8.3,355,0.7233926648055626,-8.268415994161488
2017-02-10 11:00:00,16.4,43,0.0,10.1,356,0.7045403848156648,-10.075396907624224
2017-02-10 12:00:00,17.9,37,0.0,15.7,351,2.4560211011316255,-15.506706947343663
2017-02-10 13:00:00,17.4,37,0.0,20.6,354,2.1532863433136615,-20.48715104458643
2017-02-10 14:00:00,17.1,38,0.0,21.3,354,2.226456267601019,-21.183316371344223
2017-02-10 15:00:00,15.9,40,0.0,22.4,355,1.9522886375475421,-22.314761237255098
2017-02-10 16:00:00,14.9,42,0.0,21.8,351,3.410271337877034,-21.531605824974005
2017-02-10 17:00:00,13.6,45,0.0,20.3,354,2.121927804333365,-20.18879447597595
2017-02-10 18:00:00,12.7,47,0.0,16.3,352,2.268521545649067,-16.141369520487597
2017-02-10 19:00:00,11.6,50,0.0,16.2,347,3.6442070803706117,-15.78479504952081
2017-02-10 20:00:00,11.4,52,0.0,15.8,348,3.2850047149205994,-15.45473209159413
2017-02-10 21:00:00,11.3,52,0.0,14.2,353,1.7305446763530943,-14.094155353306771
2017-02-10 22:00:00,11.2,53,0.0,11.9,355,1.0371533386971319,-11.854716907291772
2017-02-10 23:00:00,11.1,54,0.0,10.5,352,1.4613175600806874,-10.397814721786489
2017-02-11 00:00:00,11.1,54,0.0,11.2,354,1.1707187885977186,-11.13864522812466
2017-02-11 01:00:00,11.2,53,0.0,9.8,352,1.3638963894086416,-9.70462707366739
2017-02-11 02:00:00,11.4,51,0.0,12.0,351,1.877213580482771,-11.852260087141653
2017-02-11 03:00:00,11.0,52,0.0,11.6,355,1.0110066158728344,-11.555858497864248
2017-02-11 04:00:00,10.9,52,0.0,12.6,355,1.0981623586204925,-12.552053195955994
2017-02-11 05:00:00,10.6,54,0.0,11.3,353,1.3771235804781667,-11.215771513546938
2017-02-11 06:00:00,10.6,54,0.0,11.2,345,2.8987733051482323,-10.818369254437565
2017-02-11 07:00:00,10.0,55,0.0,11.0,349,2.098898949141994,-10.797899017924303
2017-02-11 08:00:00,11.8,52,0.0,6.2,353,0.7555899291119145,-6.153786140176196
2017-02-11 09:00:00,13.7,49,0.0,4.8,347,1.0797650608505516,-4.676976310969129
2017-02-11 10:00:00,15.2,48,0.0,4.0,350,0.6945927106677217,-3.939231012048832
2017-02-11 11:00:00,17.5,43,0.0,6.0,343,1.7542302283364206,-5.737828535778212
2017-02-11 12:00:00,18.2,39,0.0,11.4,349,2.175222547292612,-11.19054989130337
2017-02-11 13:00:00,19.3,36,0.0,12.7,352,1.7674983821928314,-12.576404473017943
2017-02-11 14:00:00,19.7,35,0.0,15.5,355,1.3509140125887011,-15.441017820422056
2017-02-11 15:00:00,18.9,36,0.0,19.5,355,1.6995369835793337,-19.42579661278904
2017-02-11 16:00:00,17.6,38,0.0,21.7,353,2.6445647518917004,-21.538251490616688
2017-02-11 17:00:00,15.7,43,0.0,20.0,353,2.4373868681029496,-19.85092303282644
2017-02-11 18:00:00,13.6,48,0.0,16.7,353,2.035218034865963,-16.575520732410077
2017-02-11 19:00:00,12.0,52,0.0,13.4,352,1.8649195528648772,-13.269592121137043
2017-02-11 20:00:00,11.4,56,0.0,10.4,346,2.515987714236544,-10.091075553270363
2017-02-11 21:00:00,10.8,59,0.0,7.2,333,3.268731598124737,-6.415246974156248
2017-02-11 22:00:00,10.2,62,0.0,7.4,331,3.587591189822895,-6.472185832831529
2017-02-11 23:00:00,9.5,65,0.0,5.7,342,1.7613968679372005,-5.421022142882375
2017-02-12 00:00:00,9.7,65,0.0,4.7,351,0.7352419856890854,-4.6421352007971475
2017-02-12 01:00:00,9.4,68,0.0,4.5,346,1.0886485301985045,-4.366330768241984
2017-02-12 02:00:00,9.2,69,0.0,5.8,353,0.7068421917498554,-5.756767679519667
2017-02-12 03:00:00,9.2,71,0.2,6.9,354,0.7212463965468089,-6.862201078041086
2017-02-12 04:00:00,10.2,73,0.5,5.9,346,1.4273391840380394,-5.7247447850283795
2017-02-12 05:00:00,10.0,75,0.0,8.8,348,1.8296228791962834,-8.60769888645749
2017-02-12 06:00:00,10.1,74,0.0,7.3,349,1.3929056662487778,-7.165878439167947
2017-02-12 07:00:00,10.4,73,0.0,8.0,352,1.1133848076805237,-7.922144549932563
2017-02-12 08:00:00,13.0,58,0.0,5.2,335,2.197614961051637,-4.7128004925905795
2017-02-12 09:00:00,16.1,50,0.0,3.5,336,1.4235782507653008,-3.197409101749103
2017-02-12 10:00:00,18.5,47,0.0,1.5,315,1.0606601717798214,-1.0606601717798212
2017-02-12 11:00:00,20.5,44,0.0,3.3,283,3.2154212137912763,-0.7423384793347545
2017-02-12 12:00:00,21.3,42,0.0,5.2,282,5.08636752381579,-1.0811407922523486
2017-02-12 13:00:00,22.3,39,0.0,6.0,295,5.437846722219899,-2.5357095704441965
2017-02-12 14:00:00,22.7,38,0.0,8.3,304,6.881011852206846,-4.6413010988072
2017-02-12 15:00:00,21.5,41,0.0,19.5,332,9.154695474324871,-17.217478060749073
2017-02-12 16:00:00,20.3,42,0.0,21.1,343,6.169042969649746,-20.17803035082005
2017-02-12 17:00:00,18.8,46,0.0,18.6,351,2.9096810497482952,-18.371003135069564
2017-02-12 18:00:00,16.7,51,0.0,13.8,354,1.4424927930936178,-13.724402156082173
2017-02-12 19:00:00,15.3,54,0.0,12.3,355,1.0720156357961952,-12.253194786528471
2017-02-12 20:00:00,14.5,57,0.0,9.3,347,2.092044805397944,-9.06164160250269
2017-02-12 21:00:00,13.8,60,0.0,9.0,331,4.363286582217034,-7.871577364254562
2017-02-12 22:00:00,12.9,65,0.0,5.3,332,2.4881992827652213,-4.679622242152313
2017-02-12 23:00:00,12.6,68,0.0,3.8,311,2.8678964048465336,-2.4930243101639276
2017-02-13 00:00:00,12.2,70,0.0,5.1,315,3.6062445840513924,-3.606244584051392
2017-02-13 01:00:00,11.4,76,0.0,3.4,342,1.0506577808748212,-3.233592155403522
2017-02-13 02:00:00,10.7,80,0.0,3.5,336,1.4235782507653008,-3.197409101749103
2017-02-13 03:00:00,10.0,82,0.0,4.0,350,0.6945927106677217,-3.939231012048832
2017-02-13 04:00:00,10.1,80,0.0,4.0,360,2.4492935982947064e-16,-4.0
2017-02-13 05:00:00,10.4,78,0.0,6.5,3,-0.340183715579138,-6.49109197590473
2017-02-13 06:00:00,10.3,79,0.0,7.2,354,0.752604935527105,-7.160557646651568
2017-02-13 07:00:00,11.1,77,0.0,5.1,356,0.35575801609503865,-5.087576656325103
2017-02-13 08:00:00,14.6,64,0.0,3.2,333,1.45276959916655,-2.851220877402777
2017-02-13 09:00:00,18.1,52,0.0,0.7000000000000001,360,4.2862637970157366e-17,-0.7000000000000001
2017-02-13 10:00:00,20.5,48,0.0,2.1,239,1.800051331474436,1.0815799573111138
2017-02-13 11:00:00,22.0,46,0.0,3.7,259,3.632020578756357,0.7059932828932158
2017-02-13 12:00:00,23.3,42,0.0,5.4,290,5.074340152243906,-1.8469087739586112
2017-02-13 13:00:00,23.8,40,0.0,5.4,312,4.012982057577929,-3.6133052743378347
2017-02-13 14:00:00,24.0,38,0.0,8.9,317,6.069785404556237,-6.509047944410617
2017-02-13 15:00:00,23.3,43,0.0,14.7,324,8.640443208699354,-11.892549817311727
2017-02-13 16:00:00,22.5,43,0.0,17.1,335,7.226772275765961,-15.497863158326716
2017-02-13 17:00:00,21.4,47,0.0,13.8,345,3.571702822414786,-13.329776402789143
2017-02-13 18:00:00,19.7,50,0.0,10.1,354,1.0557374790032998,-10.04467114321956
2017-02-13 19:00:00,18.6,53,0.0,10.4,358,0.36295476570601126,-10.393664600998596
2017-02-13 20:00:00,17.0,60,0.0,8.1,347,1.8221035401853058,-7.892397524760405
2017-02-13 21:00:00,16.2,63,0.0,8.3,326,4.641301098807199,-6.881011852206847
2017-02-13 22:00:00,15.1,67,0.0,5.1,315,3.6062445840513924,-3.606244584051392
2017-02-13 23:00:00,13.8,73,0.0,4.6,309,3.5748714227020657,-2.8948737988292517
2017-02-14 00:00:00,12.9,77,0.0,4.1,322,2.524212048835199,-3.23084408978756
2017-02-14 01:00:00,11.5,85,0.0,5.2,348,1.0811407922523493,-5.086367523815789
2017-02-14 02:00:00,13.1,75,0.0,1.8,11,-0.3434561916777803,-1.7669289302057951
2017-02-14 03:00:00,13.2,75,0.0,1.8,323,1.0832670416736871,-1.437543918085127
2017-02-14 04:00:00,13.3,74,0.0,3.7,281,3.632020578756357,-0.7059932828932158
2017-02-14 05:00:00,13.1,75,0.0,2.2,351,0.34415582308850806,-2.1729143493093033
2017-02-14 06:00:00,11.3,85,0.0,3.4,18,-1.0506577808748216,-3.233592155403522
2017-02-14 07:00:00,12.2,85,0.0,3.9,34,-2.1808523235359116,-3.233246532964663
2017-02-14 08:00:00,16.4,67,0.0,1.1,360,6.735557395310444e-17,-1.1
2017-02-14 09:00:00,19.5,60,0.0,3.1,201,1.1109406435904312,2.8940993221413254
2017-02-14 10:00:00,21.8,53,0.0,4.8,228,3.5670951622914924,3.2118269105225195
2017-02-14 11:00:00,23.4,47,0.0,6.2,249,5.788198644282651,2.2218812871808615
2017-02-14 12:00:00,24.5,42,0.0,7.7,281,7.558529312547013,-1.469229264399395
2017-02-14 13:00:00,24.9,37,0.0,10.0,300,8.660254037844387,-4.999999999999999
2017-02-14 14:00:00,24.3,41,0.0,15.1,310,11.567271091096568,-9.706092906266742
2017-02-14 15:00:00,23.6,41,0.0,16.3,317,11.116573269018726,-11.921065336392479
2017-02-14 16:00:00,22.8,43,0.0,15.3,326,8.555651423102427,-12.68427486009214
2017-02-14 17:00:00,21.2,50,0.0,12.6,329,6.489479743866682,-10.800307988846615
2017-02-14 18:00:00,19.1,56,0.0,6.7,324,3.93816119035957,-5.420413862312148
2017-02-14 19:00:00,18.5,56,0.0,6.2,324,3.6442685642133337,-5.0159053651246746
2017-02-14 20:00:00,16.2,68,0.0,4.7,270,4.7,0.0
2017-02-14 21:00:00,16.1,66,0.0,5.1,274,5.087576656325103,-0.35575801609503904
2017-02-14 22:00:00,14.7,74,0.0,5.4,262,5.34744757120448,0.7515347451843534
2017-02-14 23:00:00,14.4,75,0.0,4.5,241,3.935788682127281,2.1816432911085166
2017-02-15 00:00:00,14.1,77,0.0,4.4,215,2.5237363199446032,3.604268994871564
2017-02-15 01:00:00,13.7,79,0.0,4.8,222,3.2118269105225195,3.5670951622914924
2017-02-15 02:00:00,12.6,86,0.0,5.7,198,1.7613968679372005,5.421022142882375
2017-02-15 03:00:00,12.4,88,0.0,5.9,169,-1.1257730727216144,5.791600382341218
2017-02-15 04:00:00,12.1,91,0.0,7.2,177,-0.3768188849491957,7.190132650232932
2017-02-15 05:00:00,11.7,91,0.0,8.6,180,5.265981236333618e-16,8.6
2017-02-15 06:00:00,12.0,89,0.0,7.9,177,-0.41345405431925636,7.889173324561134
2017-02-15 07:00:00,13.2,88,0.0,5.9,169,-1.1257730727216144,5.791600382341218
2017-02-15 08:00:00,16.4,74,0.0,5.4,180,3.3065463576978537e-16,5.4
2017-02-15 09:00:00,18.7,65,0.0,8.4,205,3.5499933986218752,7.61298541110786
2017-02-15 10:00:00,20.8,56,0.0,10.9,214,6.09520264783114,9.036509540849956
2017-02-15 11:00:00,22.8,45,0.0,12.0,221,7.872708347886087,9.056514962673264
2017-02-15 12:00:00,23.9,39,0.0,12.2,251,11.535326622311665,3.9719314843773117
2017-02-15 13:00:00,23.5,40,0.0,13.3,272,13.291897999353974,-0.4641633061432629
2017-02-15 14:00:00,23.1,39,0.0,13.2,281,12.957478821509163,-2.518678738970391
2017-02-15 15:00:00,22.1,43,0.0,12.4,292,11.497079796628164,-4.645121758357309
2017-02-15 16:00:00,20.8,49,0.0,10.3,299,9.008582983535776,-4.993539088537272
2017-02-15 17:00:00,19.1,57,0.0,8.9,297,7.929958065276475,-4.040515447681966
2017-02-15 18:00:00,16.0,76,0.0,5.2,295,4.7128004925905795,-2.197614961051637
2017-02-15 19:00:00,15.5,83,0.0,4.0,275,3.984778792366982,-0.34862297099063266
2017-02-15 20:00:00,14.2,94,0.0,5.5,302,4.664264528860342,-2.914555953282627
2017-02-15 21:00:00,13.7,98,0.0,5.8,292,5.377666356487367,-2.1727182418122895
2017-02-15 22:00:00,13.8,99,0.0,5.4,266,5.386845871403051,0.37668495821827663
2017-02-15 23:00:00,12.6,100,0.0,4.4,215,2.5237363199446032,3.604268994871564
2017-02-16 00:00:00,12.9,100,0.0,2.4,153,-1.089577199374912,2.138415658052083
2017-02-16 01:00:00,12.8,99,0.0,1.8,101,-1.7669289302057951,0.34345619167778096
2017-02-16 02:00:00,12.9,98,0.0,2.9,90,-2.9,3.5514757175273243e-16
2017-02-16 03:00:00,12.8,96,0.0,2.4,63,-2.138415658052083,-1.089577199374912
2017-02-16 04:00:00,12.9,92,0.0,2.9,60,-2.5114736709748717,-1.4500000000000002
2017-02-16 05:00:00,12.6,91,0.0,1.1,18,-0.33991869381244233,-1.0461621679246689
2017-02-16 06:00:00,12.1,93,0.0,1.6,333,0.726384799583275,-1.4256104387013886
2017-02-16 07:00:00,11.7,96,0.0,2.6,344,0.7166571251241979,-2.499280409439629
2017-02-16 08:00:00,13.4,90,0.0,4.1,345,1.061158084920335,-3.96029588778518
2017-02-16 09:00:00,17.2,70,0.0,4.1,322,2.524212048835199,-3.23084408978756
2017-02-16 10:00:00,20.8,56,0.0,3.7,299,3.2360929164157644,-1.7937955949114472
2017-02-16 11:00:00,23.5,43,0.0,5.2,282,5.08636752381579,-1.0811407922523486
2017-02-16 12:00:00,24.9,38,0.0,8.2,285,7.92059177557036,-2.12231616984067
2017-02-16 13:00:00,25.5,38,0.0,10.0,291,9.335804264972017,-3.5836794954530027
2017-02-16 14:00:00,25.4,38,0.0,12.2,298,10.771960632878908,-5.727553065987867
2017-02-16 15:00:00,24.8,38,0.0,15.0,305,12.287280664334878,-8.60364654526569
2017-02-16 16:00:00,23.7,40,0.0,14.3,313,10.458357933154138,-9.752576548893728
2017-02-16 17:00:00,22.0,44,0.0,11.0,322,6.772276228582241,-8.668118289673941
2017-02-16 18:00:00,18.1,58,0.0,6.6,338,2.4724035165450187,-6.1194134401407965
2017-02-16 19:00:00,18.9,53,0.0,4.1,52,-3.23084408978756,-2.5242120488351985
2017-02-16 20:00:00,19.8,48,0.0,2.5,8,-0.3479327524001646,-2.475670171853926
2017-02-16 21:00:00,19.8,48,0.0,0.8,27,-0.36319239979163753,-0.7128052193506943
2017-02-16 22:00:00,19.6,48,0.0,1.5,76,-1.4554435894139948,-0.3628828433995013
2017-02-16 23:00:00,18.8,52,0.0,2.2,90,-2.2,2.6942229581241775e-16
2017-02-17 00:00:00,18.1,55,0.0,2.5,90,-2.5,3.061616997868383e-16
2017-02-17 01:00:00,14.7,71,0.0,5.1,82,-5.050367150582008,-0.7097828148963341
2017-02-17 02:00:00,13.5,78,0.0,4.8,77,-4.676976310969129,-1.0797650608505518
2017-02-17 03:00:00,13.0,81,0.0,3.9,68,-3.616017032810471,-1.460965714322057
2017-02-17 04:00:00,12.6,82,0.0,5.2,56,-4.3109953772862175,-2.907803098047883
2017-02-17 05:00:00,12.7,79,0.0,6.4,52,-5.043268823083022,-3.9402334420842124
2017-02-17 06:00:00,12.7,77,0.0,6.4,52,-5.043268823083022,-3.9402334420842124
2017-02-17 07:00:00,13.3,73,0.0,6.5,56,-5.388744221607772,-3.6347538725598536
2017-02-17 08:00:00,18.7,53,0.0,7.9,24,-3.2132194802988208,-7.217009115376548
2017-02-17 09:00:00,22.5,41,0.0,8.6,15,-2.2258437878816775,-8.306962106085987
2017-02-17 10:00:00,24.1,44,0.0,6.6,351,1.032467469265524,-6.518743047927909
2017-02-17 11:00:00,25.6,39,0.0,7.0,325,4.015035054457323,-5.7340643100229425
2017-02-17 12:00:00,26.5,37,0.0,9.7,312,7.208504807130724,-6.490566881680924
2017-02-17 13:00:00,26.8,38,0.0,12.0,311,9.056514962673264,-7.872708347886087
2017-02-17 14:00:00,26.4,39,0.0,15.5,318,10.371524398562302,-11.518744794899611
2017-02-17 15:00:00,25.5,39,0.0,17.1,325,9.80815706160289,-14.00749995734176
2017-02-17 16:00:00,24.6,44,0.0,17.1,330,8.550000000000002,-14.809034404713902
2017-02-17 17:00:00,22.6,52,0.0,13.8,340,4.71987797789423,-12.967758166845535
2017-02-17 18:00:00,19.7,64,0.0,5.7,342,1.7613968679372005,-5.421022142882375
2017-02-17 19:00:00,18.4,70,0.0,5.9,346,1.4273391840380394,-5.7247447850283795
2017-02-17 20:00:00,17.8,73,0.0,7.6,360,4.653657836759942e-16,-7.6
2017-02-17 21:00:00,17.6,74,0.0,8.1,21,-2.9027803913169357,-7.562001454627333
2017-02-17 22:00:00,19.2,65,0.0,5.8,4,-0.40458754771592836,-5.78587149150698
2017-02-17 23:00:00,19.4,63,0.0,3.7,11,-0.7059932828932151,-3.632020578756357
2017-02-18 00:00:00,18.8,66,0.0,1.1,342,0.3399186938124422,-1.0461621679246689
2017-02-18 01:00:00,14.9,85,0.0,8.4,340,2.872969203935618,-7.893418014601631
2017-02-18 02:00:00,14.5,87,0.0,6.9,351,1.0793978087775935,-6.815049550106451
2017-02-18 03:00:00,13.7,90,0.0,6.9,6,-0.7212463965468082,-6.862201078041087
2017-02-18 04:00:00,13.3,91,0.0,6.1,3,-0.31924933308196024,-6.0916401620029
2017-02-18 05:00:00,13.6,90,0.0,5.8,360,3.5514757175273243e-16,-5.8
2017-02-18 06:00:00,13.4,90,0.0,6.1,3,-0.31924933308196024,-6.0916401620029
2017-02-18 07:00:00,14.4,85,0.0,7.2,3,-0.376818884949199,-7.190132650232932
2017-02-18 08:00:00,17.5,73,0.0,4.9,17,-1.4326213531414118,-4.685893304218873
2017-02-18 09:00:00,20.1,62,0.0,5.8,360,3.5514757175273243e-16,-5.8
2017-02-18 10:00:00,22.9,54,0.0,6.7,344,1.8467702839738944,-6.440453362786736
2017-02-18 11:00:00,25.5,46,0.0,6.2,339,2.2218812871808624,-5.788198644282651
2017-02-18 12:00:00,26.6,48,0.0,12.3,322,7.572636146505597,-9.692532269362681
2017-02-18 13:00:00,26.4,53,0.0,17.9,332,8.403540973867445,-15.80476191217479
2017-02-18 14:00:00,25.9,54,0.0,19.9,338,7.454671208976648,-18.450958705879067
2017-02-18 15:00:00,24.9,56,0.0,21.3,341,6.934601689937439,-20.139545660265448
2017-02-18 16:00:00,24.0,57,0.0,19.5,344,5.374928438431484,-18.74460307079722
2017-02-18 17:00:00,21.9,65,0.0,18.1,339,6.4864598867699375,-16.897805719599354
2017-02-18 18:00:00,19.0,75,0.0,14.7,343,4.2978640594242306,-14.05767991265662
2017-02-18 19:00:00,17.7,80,0.0,12.9,342,3.986319227436822,-12.26862906020748
2017-02-18 20:00:00,16.6,84,0.0,11.1,331,5.3813867847343415,-9.708278749247292
2017-02-18 21:00:00,15.8,89,0.0,4.5,331,2.181643291108517,-3.935788682127281
2017-02-18 22:00:00,14.6,95,0.0,5.2,286,4.998560818879258,-1.4333142502483958
2017-02-18 23:00:00,14.0,96,0.0,4.2,290,3.9467090073008158,-1.4364846019678086
2017-02-19 00:00:00,13.4,98,0.0,3.3,311,2.4905416147351476,-2.1649947956686737
2017-02-19 01:00:00,13.2,98,0.0,4.3,66,-3.9282454678631837,-1.7489675652259409
2017-02-19 02:00:00,14.2,95,0.0,4.0,95,-3.984778792366982,0.3486229709906328
2017-02-19 03:00:00,14.4,91,0.0,4.3,90,-4.3,5.265981236333618e-16
2017-02-19 04:00:00,15.7,85,0.0,1.1,72,-1.046162167924669,-0.33991869381244205
2017-02-19 05:00:00,14.8,91,0.0,3.4,328,1.8017254983928965,-2.883363526931848
2017-02-19 06:00:00,13.8,97,0.0,2.9,7,-0.35342109587492676,-2.878383839759834
2017-02-19 07:00:00,13.2,100,0.0,3.1,339,1.1109406435904312,-2.8940993221413254
2017-02-19 08:00:00,15.4,95,0.0,3.1,201,1.1109406435904312,2.8940993221413254
2017-02-19 09:00:00,17.8,83,0.0,3.6,180,2.2043642384652358e-16,3.6
2017-02-19 10:00:00,21.9,64,0.0,5.9,194,1.4273391840380394,5.7247447850283795
2017-02-19 11:00:00,25.3,52,0.0,9.4,212,4.981241083792126,7.9716521038704045
2017-02-19 12:00:00,27.4,44,0.0,9.8,216,5.760295472466237,7.9283665448744856
2017-02-19 13:00:00,28.1,42,0.0,7.9,246,7.217009115376547,3.2132194802988217
2017-02-19 14:00:00,27.9,42,0.0,10.4,284,10.091075553270363,-2.5159877142365445
2017-02-19 15:00:00,25.8,50,0.0,14.5,300,12.557368354874361,-7.249999999999999
2017-02-19 16:00:00,23.9,51,0.0,13.3,303,11.154318553674141,-7.24369916569986
2017-02-19 17:00:00,21.8,59,0.0,8.4,317,5.728786224524987,-6.143371093601032
2017-02-19 18:00:00,20.0,67,0.0,4.8,312,3.5670951622914924,-3.2118269105225195
2017-02-19 19:00:00,19.5,69,0.0,4.9,324,2.8801477362331185,-3.9641832724372428
2017-02-19 20:00:00,17.5,82,0.0,6.0,25,-2.5357095704441948,-5.4378467222199
2017-02-19 21:00:00,17.5,81,0.0,3.6,307,2.875087836170254,-2.166534083347374
2017-02-19 22:00:00,16.9,83,0.0,3.3,264,3.2819222547153015,0.3449439287832564
2017-02-19 23:00:00,17.7,84,0.0,0.5,45,-0.35355339059327384,-0.35355339059327373
2017-02-20 00:00:00,17.4,83,0.0,1.9,338,0.7117525274902327,-1.761649323676896
2017-02-20 01:00:00,18.1,76,0.2,2.3,309,1.7874357113510329,-1.4474368994146258
2017-02-20 02:00:00,17.2,82,0.4,3.1,21,-1.1109406435904323,-2.894099322141325
2017-02-20 03:00:00,17.4,81,0.1,4.3,42,-2.87726160734309,-3.195522749552796
2017-02-20 04:00:00,17.6,82,0.5,7.9,24,-3.2132194802988208,-7.217009115376548
2017-02-20 05:00:00,17.7,83,0.6,5.9,14,-1.42733918403804,-5.7247447850283795
2017-02-20 06:00:00,17.4,87,0.2,9.2,321,5.789747597658504,-7.149742845404131
2017-02-20 07:00:00,16.9,91,0.0,12.2,346,2.9514471263159456,-11.837607860567156
2017-02-20 08:00:00,20.7,67,0.0,6.5,19,-2.116193003971518,-6.1458707413955596
2017-02-20 09:00:00,23.3,60,0.0,5.6,315,3.9597979746446663,-3.9597979746446654
2017-02-20 10:00:00,25.3,55,0.0,4.1,322,2.524212048835199,-3.23084408978756
2017-02-20 11:00:00,27.0,50,0.0,4.8,318,3.2118269105225195,-3.5670951622914924
2017-02-20 12:00:00,27.7,48,0.0,8.4,320,5.399415921366931,-6.4347733221994154
2017-02-20 13:00:00,28.2,48,0.0,8.9,328,4.716281451675524,-7.547628055792192
2017-02-20 14:00:00,27.4,50,0.0,12.6,333,5.72028029671829,-11.226682204773434
2017-02-20 15:00:00,26.7,52,0.0,13.7,330,6.850000000000001,-11.864548031846809
2017-02-20 16:00:00,25.0,57,0.0,12.1,323,7.281961780139786,-9.663489671572243
2017-02-20 17:00:00,24.0,60,0.0,10.0,330,5.000000000000001,-8.660254037844386
2017-02-20 18:00:00,22.2,67,0.0,4.8,333,2.1791543987498248,-4.276831316104166
2017-02-20 19:00:00,21.0,73,0.0,4.3,5,-0.37476969381493047,-4.283637201794505
2017-02-20 20:00:00,20.6,77,0.0,4.7,337,1.8364363038995866,-4.32637281122647
2017-02-20 21:00:00,21.2,74,0.0,5.5,349,1.049449474570997,-5.3989495089621515
2017-02-20 22:00:00,20.3,77,0.0,6.2,350,1.0766187015349686,-6.10580806867569
2017-02-20 23:00:00,19.0,84,0.0,5.4,356,0.3766849582182763,-5.386845871403051
2017-02-21 00:00:00,19.4,80,0.0,5.8,330,2.9000000000000004,-5.0229473419497435
2017-02-21 01:00:00,18.8,82,0.0,6.1,332,2.863776532993934,-5.385980316439453
2017-02-21 02:00:00,18.4,85,0.0,10.6,332,4.976398565530443,-9.359244484304625
2017-02-21 03:00:00,18.0,88,0.0,10.3,335,4.352968095929205,-9.334970206477495
2017-02-21 04:00:00,17.6,90,0.0,10.3,335,4.352968095929205,-9.334970206477495
2017-02-21 05:00:00,17.0,92,0.0,8.6,327,4.683895701129233,-7.212566884330647
2017-02-21 06:00:00,16.9,91,0.0,6.4,344,1.7640790772287946,-6.1520748540052415
2017-02-21 07:00:00,17.1,89,0.0,8.3,342,2.564841053312064,-7.893769085249775
2017-02-21 08:00:00,19.7,75,0.0,12.1,343,3.5376976271451146,-11.571287547152728
2017-02-21 09:00:00,22.1,66,0.0,9.0,337,3.5165801564034633,-8.284543681071963
2017-02-21 10:00:00,24.5,58,0.0,6.7,324,3.93816119035957,-5.420413862312148
2017-02-21 11:00:00,26.5,53,0.0,6.6,311,4.981083229470295,-4.329989591337347
2017-02-21 12:00:00,27.3,51,0.0,9.4,310,7.200817765318393,-6.042203531053469
2017-02-21 13:00:00,27.4,51,0.0,10.7,312,7.951649632608118,-7.159697488039782
2017-02-21 14:00:00,27.6,50,0.0,9.4,317,6.410784584587486,-6.874724795220202
2017-02-21 15:00:00,27.3,51,0.0,9.4,313,6.874724795220202,-6.410784584587486
2017-02-21 16:00:00,26.2,54,0.0,10.2,312,7.580077219869421,-6.825132184860354
2017-02-21 17:00:00,23.8,63,0.0,11.7,313,8.556838308944293,-7.979380812731232
2017-02-21 18:00:00,20.9,74,0.0,10.7,312,7.951649632608118,-7.159697488039782
2017-02-21 19:00:00,19.6,80,0.0,6.1,320,3.92100441908789,-4.6728711030257655
2017-02-21 20:00:00,19.0,84,0.0,7.1,319,4.658019105832602,-5.358438019581681
2017-02-21 21:00:00,18.5,87,0.0,8.5,324,4.996174644486022,-6.876644452187053
2017-02-21 22:00:00,17.9,90,0.0,9.7,345,2.510544737494451,-9.369480515003962
2017-02-21 23:00:00,17.7,90,0.0,10.4,360,6.368163355566237e-16,-10.4
2017-02-22 00:00:00,17.6,91,0.0,7.9,357,0.41345405431925736,-7.889173324561134
2017-02-22 01:00:00,17.4,92,0.0,7.4,337,2.8914103508206255,-6.811735915548059
2017-02-22 02:00:00,17.0,93,0.6,7.4,346,1.7902220274375409,-7.180188374442374
2017-02-22 03:00:00,16.7,96,1.5,7.8,13,-1.7546182238821488,-7.600086505324834
2017-02-22 04:00:00,16.8,97,1.2,6.2,350,1.0766187015349686,-6.10580806867569
2017-02-22 05:00:00,16.7,98,1.2,8.9,333,4.040515447681967,-7.929958065276474
2017-02-22 06:00:00,16.6,99,1.1,8.3,342,2.564841053312064,-7.893769085249775
2017-02-22 07:00:00,16.6,99,1.2,6.9,6,-0.7212463965468082,-6.862201078041087
2017-02-22 08:00:00,18.4,93,1.3,7.6,19,-2.4743179738743906,-7.185941174554808
2017-02-22 09:00:00,21.7,79,0.0,2.6,16,-0.7166571251241971,-2.4992804094396295
2017-02-22 10:00:00,24.5,68,0.1,6.4,317,4.36478950439999,-4.6806636903626915
2017-02-22 11:00:00,24.1,72,0.6,11.0,302,9.328529057720685,-5.829111906565254
2017-02-22 12:00:00,24.6,70,0.2,4.6,18,-1.4214781741247586,-4.3748599749577055
2017-02-22 13:00:00,25.8,65,0.3,4.3,355,0.37476969381492997,-4.283637201794505
2017-02-22 14:00:00,26.2,65,0.8,6.2,190,1.0766187015349686,6.10580806867569
2017-02-22 15:00:00,25.8,67,0.3,13.8,276,13.724402156082173,-1.442492793093618
2017-02-22 16:00:00,21.1,79,0.0,14.1,345,3.6493485359455424,-13.619554150675864
2017-02-22 17:00:00,21.6,78,0.1,8.2,38,-5.048424097670396,-6.461688179575121
2017-02-22 18:00:00,21.7,81,0.2,7.6,85,-7.571079705497266,-0.6623836448822004
2017-02-22 19:00:00,20.9,89,0.0,4.0,63,-3.5640260967534716,-1.8159619989581868
2017-02-22 20:00:00,21.1,93,0.0,7.1,24,-2.8878301658381806,-6.486172749262467
2017-02-22 21:00:00,21.5,92,0.1,4.3,318,2.8772616073430903,-3.195522749552795
2017-02-22 22:00:00,20.8,94,0.3,3.9,214,2.1808523235359125,3.233246532964663
2017-02-22 23:00:00,20.7,95,0.3,5.2,168,-1.0811407922523486,5.08636752381579
2017-02-23 00:00:00,20.9,93,0.3,4.6,141,-2.894873798829251,3.5748714227020666
2017-02-23 01:00:00,22.4,82,0.5,2.5,90,-2.5,3.061616997868383e-16
2017-02-23 02:00:00,20.3,92,0.7000000000000001,4.2,20,-1.436484601967808,-3.9467090073008158
2017-02-23 03:00:00,20.0,95,0.8,8.0,352,1.1133848076805237,-7.922144549932563
2017-02-23 04:00:00,20.0,94,0.6,6.6,351,1.032467469265524,-6.518743047927909
2017-02-23 05:00:00,19.5,97,0.4,9.7,315,6.858935777509511,-6.85893577750951
2017-02-23 06:00:00,18.7,96,0.7000000000000001,14.2,336,5.775660331676363,-12.972345498524932
2017-02-23 07:00:00,19.1,94,1.2,9.4,7,-1.1455718280083835,-9.329933825428428
2017-02-23 08:00:00,20.6,90,0.0,4.7,351,0.7352419856890854,-4.6421352007971475
2017-02-23 09:00:00,22.0,85,0.0,7.9,330,3.950000000000001,-6.841600689897065
2017-02-23 10:00:00,22.1,81,0.0,11.6,330,5.800000000000001,-10.045894683899487
2017-02-23 11:00:00,23.5,73,0.0,8.7,330,4.3500000000000005,-7.534421012924615
2017-02-23 12:00:00,24.5,69,0.0,9.4,320,6.04220353105347,-7.200817765318393
2017-02-23 13:00:00,24.7,65,0.0,15.7,328,8.319732448461316,-13.314355109655887
2017-02-23 14:00:00,22.8,62,0.0,22.4,345,5.797546610296465,-21.63673850887513
2017-02-23 15:00:00,21.6,60,0.0,20.5,357,1.0728871029803513,-20.471905462468765
2017-02-23 16:00:00,19.8,61,0.0,19.5,348,4.054277970946309,-19.073878214309207
2017-02-23 17:00:00,16.7,67,0.0,22.2,347,4.993913406433801,-21.63101543823222
2017-02-23 18:00:00,14.2,70,0.0,19.8,350,3.4382339178052224,-19.49919350964172
2017-02-23 19:00:00,13.1,72,0.0,19.6,354,2.048757880046008,-19.492629149218157
2017-02-23 20:00:00,12.3,74,0.0,19.8,358,0.6910100347095214,-19.787938374978097
2017-02-23 21:00:00,12.2,73,0.0,19.3,351,3.019185175276457,-19.06238497348616
2017-02-23 22:00:00,12.0,74,0.0,18.0,357,0.9420472123729914,-17.975331625582328
2017-02-23 23:00:00,11.9,75,0.0,15.1,359,0.26353133720298233,-15.097700196861508
2017-02-24 00:00:00,11.9,75,0.0,15.2,353,1.8524140197582417,-15.086701504948094
2017-02-24 01:00:00,12.2,75,0.0,13.7,2,-0.4781231048242604,-13.691654330161612
2017-02-24 02:00:00,12.7,74,0.0,13.0,357,0.6803674311582716,-12.98218395180946
2017-02-24 03:00:00,13.0,73,0.0,12.6,358,0.4397336584515136,-12.592324420440606
2017-02-24 04:00:00,13.2,73,0.0,13.3,358,0.4641633061432644,-13.291897999353974
2017-02-24 05:00:00,13.3,75,0.0,13.7,2,-0.4781231048242604,-13.691654330161612
2017-02-24 06:00:00,13.3,76,0.0,11.4,349,2.175222547292612,-11.19054989130337
2017-02-24 07:00:00,13.2,78,0.0,11.6,353,1.4136843834997108,-11.513535359039334
2017-02-24 08:00:00,14.8,73,0.0,3.9,326,2.1808523235359125,-3.233246532964663
2017-02-24 09:00:00,15.0,75,0.5,11.8,337,4.61062731617343,-10.861957270738797
2017-02-24 10:00:00,14.5,84,1.3,12.6,2,-0.4397336584515096,-12.592324420440606
2017-02-24 11:00:00,14.6,87,0.7000000000000001,13.0,2,-0.4536934571325099,-12.992080751248245
2017-02-24 12:00:00,14.3,83,0.1,21.4,353,2.6080039488701563,-21.24048764512429
2017-02-24 13:00:00,13.5,82,0.1,21.6,11,-4.121474300133364,-21.203147162469545
2017-02-24 14:00:00,13.5,82,0.1,14.8,354,1.5470212563612713,-14.718924051450445
2017-02-24 15:00:00,13.8,76,0.0,19.1,3,-0.9996167642402364,-19.07382411381236
2017-02-24 16:00:00,13.5,79,0.0,14.3,12,-2.973137178693965,-13.987510690493421
2017-02-24 17:00:00,13.5,80,0.1,13.0,357,0.6803674311582716,-12.98218395180946
2017-02-24 18:00:00,13.1,76,0.0,13.4,352,1.8649195528648772,-13.269592121137043
2017-02-24 19:00:00,12.7,77,0.0,12.3,5,-1.0720156357961965,-12.253194786528471
2017-02-24 20:00:00,13.0,82,0.0,9.7,358,0.33852511801426044,-9.694091022085228
2017-02-24 21:00:00,12.8,82,0.0,10.1,354,1.0557374790032998,-10.04467114321956
2017-02-24 22:00:00,12.0,87,0.0,12.6,358,0.4397336584515136,-12.592324420440606
2017-02-24 23:00:00,12.3,87,0.1,12.3,5,-1.0720156357961965,-12.253194786528471
2017-02-25 00:00:00,12.7,87,0.4,11.0,19,-3.581249699028723,-10.400704331592486
2017-02-25 01:00:00,12.4,91,0.2,8.4,25,-3.549993398621873,-7.612985411107861
2017-02-25 02:00:00,12.4,91,0.0,8.2,345,2.12231616984067,-7.92059177557036
2017-02-25 03:00:00,12.4,91,0.1,10.4,358,0.36295476570601126,-10.393664600998596
2017-02-25 04:00:00,12.6,91,0.0,9.4,23,-3.672872607799174,-8.652745622452938
2017-02-25 05:00:00,12.6,92,0.0,8.4,20,-2.872969203935616,-7.8934180146016315
2017-02-25 06:00:00,13.1,92,0.0,7.9,30,-3.9500000000000037,-6.841600689897064
2017-02-25 07:00:00,13.2,90,0.0,10.2,350,1.77121141220269,-10.045039080724521
2017-02-25 08:00:00,14.3,88,0.0,9.9,350,1.7191169589026112,-9.74959675482086
2017-02-25 09:00:00,15.6,82,0.0,10.1,358,0.3524849166952609,-10.093847352892867
2017-02-25 10:00:00,16.8,76,0.0,12.6,357,0.659433048661094,-12.58273213790763
2017-02-25 11:00:00,16.4,77,0.0,14.7,11,-2.8048922320352054,-14.42991959668066
2017-02-25 12:00:00,16.8,77,0.0,12.2,24,-4.962187045524761,-11.145254583239732
2017-02-25 13:00:00,17.7,77,1.4,9.0,5,-0.7844016847289242,-8.96575228282571
2017-02-25 14:00:00,17.7,76,0.0,16.8,350,2.9172893848044312,-16.544770250605094
2017-02-25 15:00:00,16.6,77,0.0,18.7,11,-3.568128213541384,-18.356428330471317
2017-02-25 16:00:00,16.6,77,0.0,14.1,13,-3.1718098662485,-13.738617913471815
2017-02-25 17:00:00,15.6,78,0.0,16.9,349,3.2246720218636087,-16.58949940026552
2017-02-25 18:00:00,14.3,80,0.0,15.2,5,-1.3247672897644054,-15.142159410994532
2017-02-25 19:00:00,13.8,83,0.0,12.8,16,-3.5281581544575857,-12.304149708010485
2017-02-25 20:00:00,13.9,86,1.4,10.8,334,4.734408385322037,-9.706975700031006
2017-02-25 21:00:00,12.9,88,0.0,11.4,349,2.175222547292612,-11.19054989130337
2017-02-25 22:00:00,13.4,86,0.1,6.6,13,-1.4846769586695105,-6.430842427582552
2017-02-25 23:00:00,13.4,88,1.0,7.2,360,4.4087284769304716e-16,-7.2
2017-02-26 00:00:00,13.5,89,0.4,6.8,357,0.35588450245201897,-6.790680836331102
2017-02-26 01:00:00,12.9,94,0.4,11.0,328,5.829111906565254,-9.328529057720685
2017-02-26 02:00:00,13.1,93,0.2,10.4,2,-0.36295476570600793,-10.393664600998596
2017-02-26 03:00:00,13.1,94,0.0,11.9,355,1.0371533386971319,-11.854716907291772
2017-02-26 04:00:00,13.3,93,0.0,13.0,358,0.453693457132514,-12.992080751248245
2017-02-26 05:00:00,13.3,93,1.4,11.3,7,-1.3771235804781632,-11.21577151354694
2017-02-26 06:00:00,13.2,94,0.6,10.5,8,-1.4613175600806911,-10.397814721786487
2017-02-26 07:00:00,12.9,93,0.0,14.8,357,0.7745721523955708,-14.779717114367694
2017-02-26 08:00:00,13.1,93,0.0,17.0,355,1.4816476267101883,-16.935309867559674
2017-02-26 09:00:00,13.1,89,0.0,17.3,1,-0.3019266313650045,-17.29736512620557
2017-02-26 10:00:00,14.0,83,0.0,16.6,4,-1.1579574641524848,-16.55956323431308
2017-02-26 11:00:00,16.0,73,0.0,16.7,7,-2.0352180348659576,-16.575520732410077
2017-02-26 12:00:00,17.1,68,0.0,16.4,9,-2.5655252266597888,-16.198088785760255
2017-02-26 13:00:00,19.1,62,0.0,15.5,1,-0.2705122997778942,-15.497639274924065
2017-02-26 14:00:00,19.1,60,0.0,18.9,352,2.630371608145237,-18.716066499215678
2017-02-26 15:00:00,17.8,61,0.0,20.2,356,1.4090807696313297,-20.15079381524845
2017-02-26 16:00:00,17.3,62,0.0,19.4,359,0.3385766848833018,-19.39704528603399
2017-02-26 17:00:00,16.0,65,0.0,18.1,353,2.2058351156331697,-17.96508534470793
2017-02-26 18:00:00,14.3,70,0.0,18.5,352,2.574702367761211,-18.319959271719053
2017-02-26 19:00:00,13.3,72,0.0,16.2,357,0.8478424911356922,-16.177798463024097
2017-02-26 20:00:00,12.7,76,0.0,15.3,352,2.129348444689002,-15.151101451746028
2017-02-26 21:00:00,12.4,76,0.0,12.3,353,1.4989929238833142,-12.208317665188261
2017-02-26 22:00:00,12.4,77,0.0,10.9,351,1.705135668938517,-10.765802912487002
2017-02-26 23:00:00,12.2,78,0.0,9.9,350,1.7191169589026112,-9.74959675482086
2017-02-27 00:00:00,11.9,80,0.0,7.3,351,1.1419715947936857,-7.210124886344506
2017-02-27 01:00:00,12.4,78,0.0,5.4,352,0.7515347451843536,-5.34744757120448
2017-02-27 02:00:00,12.1,79,0.0,4.1,345,1.061158084920335,-3.96029588778518
2017-02-27 03:00:00,11.6,82,0.0,4.3,336,1.7489675652259409,-3.9282454678631837
2017-02-27 04:00:00,11.4,83,0.0,6.0,335,2.5357095704441965,-5.437846722219899
2017-02-27 05:00:00,11.0,85,0.0,6.6,331,3.199743493625825,-5.772490067120011
2017-02-27 06:00:00,11.1,85,0.0,5.8,353,0.7068421917498554,-5.756767679519667
2017-02-27 07:00:00,11.8,83,0.1,6.2,339,2.2218812871808624,-5.788198644282651
2017-02-27 08:00:00,14.4,78,0.3,3.5,336,1.4235782507653008,-3.197409101749103
2017-02-27 09:00:00,17.3,72,0.2,1.9,338,0.7117525274902327,-1.761649323676896
2017-02-27 10:00:00,19.3,65,0.0,3.1,249,2.8940993221413254,1.1109406435904308
2017-02-27 11:00:00,21.3,59,0.0,7.5,235,6.143640332167439,4.301823272632845
2017-02-27 12:00:00,23.0,55,0.0,10.1,235,8.273435647318816,5.7931220071455645
2017-02-27 13:00:00,23.1,55,0.0,12.3,302,10.43099158272404,-6.518006950068421
2017-02-27 14:00:00,21.2,58,0.0,22.6,352,3.1453120816974796,-22.38005835355949
2017-02-27 15:00:00,20.0,60,0.0,19.8,358,0.6910100347095214,-19.787938374978097
2017-02-27 16:00:00,19.8,60,0.0,14.0,359,0.24433369012197037,-13.997867732189478
2017-02-27 17:00:00,18.7,62,0.0,12.0,353,1.4624321208617699,-11.910553819695863
2017-02-27 18:00:00,16.8,68,0.0,9.4,353,1.1455718280083864,-9.329933825428427
2017-02-27 19:00:00,15.4,73,0.0,8.4,350,1.4586446924022156,-8.272385125302547
2017-02-27 20:00:00,14.8,72,0.0,8.0,342,2.4721359549995796,-7.608452130361228
2017-02-27 21:00:00,14.2,75,0.0,6.3,336,2.5624408513775414,-5.755336383148386
2017-02-27 22:00:00,14.0,76,0.0,5.1,315,3.6062445840513924,-3.606244584051392
2017-02-27 23:00:00,13.4,81,0.0,1.8,307,1.437543918085127,-1.083267041673687
2017-02-28 00:00:00,13.2,83,0.0,2.3,321,1.447436899414626,-1.7874357113510329
2017-02-28 01:00:00,12.8,85,0.0,3.3,13,-0.7423384793347553,-3.215421213791276
2017-02-28 02:00:00,12.4,91,0.0,4.9,107,-4.685893304218874,1.4326213531414094
2017-02-28 03:00:00,13.7,83,0.0,1.1,18,-0.33991869381244233,-1.0461621679246689
2017-02-28 04:00:00,13.8,83,0.0,1.8,37,-1.083267041673687,-1.437543918085127
2017-02-28 05:00:00,13.4,88,0.0,1.1,360,6.735557395310444e-17,-1.1
2017-02-28 06:00:00,13.8,85,0.0,5.0,339,1.791839747726502,-4.667902132486009
2017-02-28 07:00:00,14.4,83,0.0,4.7,351,0.7352419856890854,-4.6421352007971475
2017-02-28 08:00:00,17.3,74,0.0,3.0,346,0.725765686799003,-2.9108871788279895
2017-02-28 09:00:00,20.2,67,0.0,1.3,236,1.0777488443215542,0.726950774511971
2017-02-28 10:00:00,21.6,63,0.0,6.9,279,6.815049550106451,-1.079397808777593
2017-02-28 11:00:00,22.7,58,0.0,9.4,293,8.65274562245294,-3.6728726077991736
2017-02-28 12:00:00,23.2,57,0.0,9.2,301,7.8859391664594325,-4.738350289172498
2017-02-28 13:00:00,23.3,57,0.0,12.2,326,6.822153422343111,-10.114258385171508
2017-02-28 14:00:00,22.9,59,0.0,12.2,336,4.962187045524762,-11.14525458323973
2017-02-28 15:00:00,23.0,59,0.0,10.3,335,4.352968095929205,-9.334970206477495
2017-02-28 16:00:00,22.3,61,0.0,13.8,332,6.478707566445294,-12.184676781453192
2017-02-28 17:00:00,20.4,66,0.0,15.6,341,5.0788632095316455,-14.750089779349342
2017-02-28 18:00:00,18.3,72,0.0,11.1,347,2.4969567032169007,-10.81550771911611
2017-02-28 19:00:00,16.8,78,0.0,9.1,353,1.1090110249868421,-9.032169979936029
2017-02-28 20:00:00,15.9,82,0.0,10.0,330,5.000000000000001,-8.660254037844386
2017-02-28 21:00:00,15.6,82,0.2,8.0,352,1.1133848076805237,-7.922144549932563
2017-02-28 22:00:00,15.3,85,0.2,3.0,14,-0.7257656867990033,-2.9108871788279895
2017-02-28 23:00:00,14.8,90,0.0,2.7,337,1.0549740469210391,-2.485363104321589
2017-03-01 00:00:00,14.5,89,0.0,5.1,309,3.963444403430551,-3.2095339943541705
2017-03-01 01:00:00,14.0,91,0.0,9.9,327,5.391926446648768,-8.302838622659698
2017-03-01 02:00:00,13.9,92,0.0,9.0,23,-3.5165801564034647,-8.284543681071963
2017-03-01 03:00:00,14.1,92,0.0,7.4,29,-3.5875911898228927,-6.4721858328315305
2017-03-01 04:00:00,13.9,94,0.7000000000000001,10.1,6,-1.055737479003299,-10.044671143219562
2017-03-01 05:00:00,14.0,93,0.3,9.9,10,-1.7191169589026103,-9.74959675482086
2017-03-01 06:00:00,13.9,93,0.0,8.0,18,-2.4721359549995805,-7.608452130361228
2017-03-01 07:00:00,14.5,92,0.0,7.9,357,0.41345405431925736,-7.889173324561134
2017-03-01 08:00:00,15.9,88,0.0,10.6,336,4.311408416603482,-9.683581851011569
2017-03-01 09:00:00,18.6,75,0.0,10.1,358,0.3524849166952609,-10.093847352892867
2017-03-01 10:00:00,21.1,64,0.0,9.4,2,-0.3280552690035072,-9.394273773979501
2017-03-01 11:00:00,22.6,58,0.0,12.1,343,3.5376976271451146,-11.571287547152728
2017-03-01 12:00:00,23.2,54,0.0,16.3,335,6.888677666373401,-14.772816928697395
2017-03-01 13:00:00,22.4,54,0.0,21.1,340,7.216625024171613,-19.827514298582667
2017-03-01 14:00:00,21.9,52,0.0,20.2,344,5.567874587503383,-19.417486257954042
2017-03-01 15:00:00,21.8,50,0.0,17.2,349,3.2819147204765726,-16.883987555299818
2017-03-01 16:00:00,21.2,52,0.0,16.3,352,2.268521545649067,-16.141369520487597
2017-03-01 17:00:00,20.3,55,0.0,13.3,357,0.6960682180311548,-13.281772812235833
2017-03-01 18:00:00,18.3,63,0.0,7.1,345,1.8376152202278973,-6.858073366652385
2017-03-01 19:00:00,16.8,68,0.0,8.8,341,2.8649997592229797,-8.320563465273988
2017-03-01 20:00:00,16.4,74,0.0,10.0,347,2.249510543438649,-9.743700647852352
2017-03-01 21:00:00,15.9,75,0.0,8.3,5,-0.7233926648055635,-8.268415994161488
2017-03-01 22:00:00,15.1,80,0.0,4.8,27,-2.179154398749825,-4.276831316104166
2017-03-01 23:00:00,14.7,84,0.0,5.4,4,-0.37668495821827813,-5.386845871403051
2017-03-02 00:00:00,15.1,81,0.0,8.4,7,-1.0237024846032363,-8.337387673787106
2017-03-02 01:00:00,15.0,72,0.0,8.5,12,-1.767249371950958,-8.314254606237347
2017-03-02 02:00:00,15.0,53,0.0,8.7,7,-1.0602632876247804,-8.635151519279502
2017-03-02 03:00:00,14.4,53,0.0,7.3,9,-1.1419715947936866,-7.210124886344505
2017-03-02 04:00:00,14.2,59,0.0,9.0,355,0.7844016847289232,-8.96575228282571
2017-03-02 05:00:00,14.4,74,0.0,16.6,360,1.0164568432923032e-15,-16.6
2017-03-02 06:00:00,14.0,72,0.0,14.4,360,8.817456953860943e-16,-14.4
2017-03-02 07:00:00,14.0,66,0.0,11.6,355,1.0110066158728344,-11.555858497864248
2017-03-02 08:00:00,16.4,57,0.0,14.2,353,1.7305446763530943,-14.094155353306771
2017-03-02 09:00:00,18.2,50,0.0,11.2,2,-0.3908743630680085,-11.193177262613872
2017-03-02 10:00:00,20.2,47,0.0,8.6,360,5.265981236333618e-16,-8.6
2017-03-02 11:00:00,21.8,45,0.0,11.2,358,0.3908743630680121,-11.193177262613872
2017-03-02 12:00:00,23.2,43,0.0,15.2,356,1.0602984009107035,-15.162973563949327
2017-03-02 13:00:00,22.9,44,0.0,21.6,356,1.5067398328731052,-21.547383485612205
2017-03-02 14:00:00,22.2,44,0.0,23.1,356,1.611374543489293,-23.04372956100194
2017-03-02 15:00:00,21.7,45,0.0,21.7,353,2.6445647518917004,-21.538251490616688
2017-03-02 16:00:00,20.0,48,0.0,21.5,350,3.733435819839004,-21.17336668976247
2017-03-02 17:00:00,17.8,52,0.0,18.9,351,2.956611389260364,-18.667309637248103
2017-03-02 18:00:00,15.3,58,0.0,15.2,346,3.6772128131149486,-14.748495039395145
2017-03-02 19:00:00,13.7,62,0.0,12.8,349,2.442355140819775,-12.5648279481301
2017-03-02 20:00:00,12.9,64,0.0,12.2,346,2.9514471263159456,-11.837607860567156
2017-03-02 21:00:00,12.4,67,0.0,7.3,340,2.4967470462773824,-6.8597561317371305
2017-03-02 22:00:00,12.0,69,0.0,5.3,332,2.4881992827652213,-4.679622242152313
2017-03-02 23:00:00,11.6,73,0.0,2.9,7,-0.35342109587492676,-2.878383839759834
2017-03-03 00:00:00,11.6,78,0.0,1.5,14,-0.36288284339950166,-1.4554435894139948
2017-03-03 01:00:00,11.2,83,0.0,1.0,315,0.7071067811865476,-0.7071067811865475
2017-03-03 02:00:00,10.8,83,0.0,2.5,278,2.475670171853926,-0.3479327524001636
2017-03-03 03:00:00,11.1,81,0.0,2.3,288,2.1874299874788528,-0.710739087062379
2017-03-03 04:00:00,10.5,84,0.0,2.3,309,1.7874357113510329,-1.4474368994146258
2017-03-03 05:00:00,10.0,88,0.0,1.6,333,0.726384799583275,-1.4256104387013886
2017-03-03 06:00:00,10.5,85,0.0,1.3,326,0.7269507745119709,-1.0777488443215544
2017-03-03 07:00:00,12.1,79,0.0,2.5,315,1.7677669529663689,-1.7677669529663687
2017-03-03 08:00:00,16.0,65,0.0,1.0,315,0.7071067811865476,-0.7071067811865475
2017-03-03 09:00:00,18.8,58,0.0,4.7,266,4.688551036221174,0.3278554265973889
2017-03-03 10:00:00,20.6,52,0.0,6.5,251,6.1458707413955596,2.1161930039715187
2017-03-03 11:00:00,22.3,48,0.0,6.9,264,6.862201078041086,0.721246396546809
2017-03-03 12:00:00,23.3,46,0.0,11.4,298,10.065602558591769,-5.351975815759156
2017-03-03 13:00:00,23.3,46,0.0,15.0,316,10.419875556884959,-10.790097005079765
2017-03-03 14:00:00,21.7,50,0.0,16.6,330,8.300000000000002,-14.376021702821681
2017-03-03 15:00:00,21.4,50,0.0,13.2,343,3.859306502340125,-12.623222778712067
2017-03-03 16:00:00,21.5,49,0.0,10.7,348,2.224655091750026,-10.46617932785172
2017-03-03 17:00:00,20.6,52,0.0,8.5,348,1.7672493719509554,-8.314254606237347
2017-03-03 18:00:00,18.1,64,0.0,5.1,352,0.7097828148963339,-5.050367150582009
2017-03-03 19:00:00,17.2,67,0.0,5.8,4,-0.40458754771592836,-5.78587149150698
2017-03-03 20:00:00,18.0,66,0.0,5.8,356,0.40458754771592637,-5.78587149150698
2017-03-03 21:00:00,17.7,69,0.0,5.4,4,-0.37668495821827813,-5.386845871403051
2017-03-03 22:00:00,16.5,76,0.0,5.2,348,1.0811407922523493,-5.086367523815789
2017-03-03 23:00:00,16.5,79,0.0,6.0,343,1.7542302283364206,-5.737828535778212
2017-03-04 00:00:00,16.6,84,0.0,2.7,23,-1.0549740469210394,-2.4853631043215887
2017-03-04 01:00:00,16.5,83,0.0,2.1,239,1.800051331474436,1.0815799573111138
2017-03-04 02:00:00,16.0,88,0.0,4.2,329,2.1631599146222276,-3.600102662948872
2017-03-04 03:00:00,16.0,87,0.0,2.3,39,-1.447436899414627,-1.7874357113510322
2017-03-04 04:00:00,15.8,87,0.0,5.2,25,-2.197614961051636,-4.71280049259058
2017-03-04 05:00:00,15.4,88,0.0,4.8,27,-2.179154398749825,-4.276831316104166
2017-03-04 06:00:00,14.9,89,0.0,5.6,15,-1.4493866525741155,-5.4091846272187825
2017-03-04 07:00:00,15.6,84,0.0,9.0,16,-2.4807362023529897,-8.651355263444872
2017-03-04 08:00:00,19.0,65,0.0,6.3,31,-3.2447398719333433,-5.400153994423306
2017-03-04 09:00:00,21.3,54,0.0,2.3,39,-1.447436899414627,-1.7874357113510322
2017-03-04 10:00:00,23.2,50,0.0,4.3,312,3.195522749552795,-2.8772616073430903
2017-03-04 11:00:00,24.1,51,0.0,9.8,324,5.760295472466237,-7.9283665448744856
2017-03-04 12:00:00,25.0,52,0.0,9.5,331,4.605691392340202,-8.30888721782426
2017-03-04 13:00:00,24.8,53,0.0,11.9,331,5.769234480931412,-10.40797451495881
2017-03-04 14:00:00,25.0,52,0.0,13.7,333,6.219669846431791,-12.206789381380638
2017-03-04 15:00:00,24.3,52,0.0,13.8,332,6.478707566445294,-12.184676781453192
2017-03-04 16:00:00,23.3,53,0.0,12.6,329,6.489479743866682,-10.800307988846615
2017-03-04 17:00:00,22.5,55,0.0,8.1,339,2.902780391316933,-7.5620014546273335
2017-03-04 18:00:00,19.6,67,0.0,5.7,325,3.269385687200963,-4.669166652447253
2017-03-04 19:00:00,18.2,75,0.0,5.7,325,3.269385687200963,-4.669166652447253
2017-03-04 20:00:00,16.9,84,0.0,5.8,338,2.1727182418122895,-5.377666356487367
2017-03-04 21:00:00,17.5,82,0.0,4.1,315,2.899137802864845,-2.8991378028648445
2017-03-04 22:00:00,17.1,83,0.0,3.2,270,3.2,0.0
2017-03-04 23:00:00,17.2,83,0.0,1.5,346,0.3628828433995015,-1.4554435894139948
2017-03-05 00:00:00,17.0,83,0.0,2.3,18,-0.7107390870623793,-2.1874299874788528
2017-03-05 01:00:00,15.6,90,0.0,4.2,20,-1.436484601967808,-3.9467090073008158
2017-03-05 02:00:00,15.4,91,0.0,5.6,50,-4.289848881466277,-3.5996106142446194
2017-03-05 03:00:00,15.5,90,0.0,6.5,71,-6.145870741395559,-2.116193003971519
2017-03-05 04:00:00,16.0,87,0.0,7.1,75,-6.858073366652385,-1.8376152202278975
2017-03-05 05:00:00,16.2,82,0.0,5.9,79,-5.791600382341218,-1.125773072721614
2017-03-05 06:00:00,16.3,80,0.0,5.2,74,-4.998560818879258,-1.4333142502483949
2017-03-05 07:00:00,17.6,76,0.0,2.1,59,-1.800051331474436,-1.0815799573111138
2017-03-05 08:00:00,21.8,62,0.0,6.1,140,-3.92100441908789,4.6728711030257655
2017-03-05 09:00:00,23.6,55,0.0,4.9,163,-1.4326213531414098,4.685893304218874
2017-03-05 10:00:00,25.4,51,0.0,8.3,214,4.641301098807199,6.881011852206847
2017-03-05 11:00:00,27.3,48,0.0,10.2,228,7.580077219869421,6.825132184860354
2017-03-05 12:00:00,28.5,44,0.0,11.1,241,9.708278749247292,5.3813867847343415
2017-03-05 13:00:00,27.4,51,0.1,14.1,285,13.619554150675864,-3.6493485359455424
2017-03-05 14:00:00,26.9,54,0.1,12.2,289,11.535326622311665,-3.9719314843773117
2017-03-05 15:00:00,26.3,58,0.0,6.2,280,6.10580806867569,-1.0766187015349682
2017-03-05 16:00:00,25.1,63,0.1,0.5,225,0.3535533905932738,0.35355339059327373
2017-03-05 17:00:00,24.9,63,0.0,4.0,100,-3.939231012048832,0.6945927106677211
2017-03-05 18:00:00,23.2,71,0.0,5.0,60,-4.330127018922193,-2.5000000000000004
2017-03-05 19:00:00,20.9,81,0.0,5.3,332,2.4881992827652213,-4.679622242152313
2017-03-05 20:00:00,20.6,89,0.0,7.3,189,1.1419715947936857,7.210124886344506
2017-03-05 21:00:00,20.9,87,0.0,5.5,212,2.914555953282627,4.664264528860342
2017-03-05 22:00:00,20.1,92,0.0,6.9,174,-0.7212463965468096,6.862201078041086
2017-03-05 23:00:00,20.4,90,0.0,4.6,135,-3.252691193458118,3.2526911934581184
2017-03-06 00:00:00,20.6,87,0.1,3.4,108,-3.233592155403522,1.0506577808748214
2017-03-06 01:00:00,19.9,90,0.7000000000000001,1.5,45,-1.0606601717798214,-1.0606601717798212
2017-03-06 02:00:00,18.8,97,1.8,3.7,241,3.2360929164157644,1.7937955949114472
2017-03-06 03:00:00,19.2,95,3.2,7.9,196,2.1775351109542935,7.59396739791272
2017-03-06 04:00:00,19.1,95,2.1,4.7,176,-0.3278554265973891,4.688551036221174
2017-03-06 05:00:00,18.9,95,2.7,8.6,178,-0.30013567164150823,8.594761112364223
2017-03-06 06:00:00,18.7,98,5.1,12.2,313,8.922515159753878,-8.320379992762481
2017-03-06 07:00:00,17.1,95,2.0,16.3,14,-3.9433268982745853,-15.815820338298742
2017-03-06 08:00:00,20.1,91,0.1,8.9,328,4.716281451675524,-7.547628055792192
2017-03-06 09:00:00,21.0,77,0.0,16.3,352,2.268521545649067,-16.141369520487597
2017-03-06 10:00:00,22.1,68,0.0,15.1,359,0.26353133720298233,-15.097700196861508
2017-03-06 11:00:00,23.5,63,0.0,14.3,350,2.483168940637105,-14.082750868074575
2017-03-06 12:00:00,23.8,58,0.0,18.0,344,4.961472404705985,-17.30271052688974
2017-03-06 13:00:00,22.7,58,0.0,22.7,350,3.9418136330393203,-22.35513599337712
2017-03-06 14:00:00,22.0,58,0.0,21.3,357,1.1147558679747065,-21.270809090272422
2017-03-06 15:00:00,22.1,57,0.0,18.4,358,0.6421507393260198,-18.38879121715136
2017-03-06 16:00:00,20.7,59,0.0,18.6,351,2.9096810497482952,-18.371003135069564
2017-03-06 17:00:00,18.8,63,0.0,16.3,355,1.4206386067868277,-16.237973578895453
2017-03-06 18:00:00,16.8,67,0.0,13.8,345,3.571702822414786,-13.329776402789143
2017-03-06 19:00:00,15.1,71,0.0,14.9,352,2.0736792043049754,-14.7549942242494
2017-03-06 20:00:00,13.8,82,0.5,12.3,357,0.6437322617882109,-12.283143277481258
2017-03-06 21:00:00,13.7,84,0.2,10.1,2,-0.35248491669525767,-10.093847352892867
2017-03-06 22:00:00,13.5,87,0.0,8.8,9,-1.3766232923540331,-8.691657397237211
2017-03-06 23:00:00,13.6,88,0.0,5.8,4,-0.40458754771592836,-5.78587149150698
2017-03-07 00:00:00,13.3,92,0.1,9.0,331,4.363286582217034,-7.871577364254562
2017-03-07 01:00:00,12.7,95,0.7000000000000001,9.2,11,-1.7554427574642102,-9.030970087718508
2017-03-07 02:00:00,13.1,96,0.8,6.0,25,-2.5357095704441948,-5.4378467222199
2017-03-07 03:00:00,13.2,97,0.5,7.6,360,4.653657836759942e-16,-7.6
2017-03-07 04:00:00,13.1,95,0.0,9.0,360,5.51091059616309e-16,-9.0
2017-03-07 05:00:00,12.6,96,0.0,9.1,351,1.4235536318661013,-8.987963899415753
2017-03-07 06:00:00,12.3,96,0.0,7.6,357,0.3977532674463741,-7.589584464134761
2017-03-07 07:00:00,13.1,92,0.0,6.5,357,0.3401837155791358,-6.49109197590473
2017-03-07 08:00:00,15.0,91,0.0,4.7,328,2.490620541896063,-3.9858260519352022
2017-03-07 09:00:00,17.6,80,0.0,3.8,319,2.4930243101639276,-2.8678964048465336
2017-03-07 10:00:00,18.8,72,0.0,4.8,318,3.2118269105225195,-3.5670951622914924
2017-03-07 11:00:00,18.3,73,0.1,7.2,3,-0.376818884949199,-7.190132650232932
2017-03-07 12:00:00,18.7,72,0.2,10.9,354,1.1393602496174227,-10.84028865951418
2017-03-07 13:00:00,19.4,65,0.0,12.6,360,7.715274834628325e-16,-12.6
2017-03-07 14:00:00,19.4,60,0.0,15.1,359,0.26353133720298233,-15.097700196861508
2017-03-07 15:00:00,18.7,61,0.0,14.1,4,-0.9835662797921707,-14.06565310866352
2017-03-07 16:00:00,18.0,63,0.0,10.9,6,-1.1393602496174215,-10.840288659514181
2017-03-07 17:00:00,17.0,65,0.0,12.2,346,2.9514471263159456,-11.837607860567156
2017-03-07 18:00:00,15.6,70,0.2,12.0,353,1.4624321208617699,-11.910553819695863
2017-03-07 19:00:00,15.1,71,0.0,11.2,4,-0.7812725059342065,-11.17271736291003
2017-03-07 20:00:00,14.5,76,0.0,9.3,16,-2.56342740909809,-8.939733772226367
2017-03-07 21:00:00,14.5,80,0.0,5.6,27,-2.5423467985414625,-4.989636535454859
2017-03-07 22:00:00,14.2,82,0.0,9.5,331,4.605691392340202,-8.30888721782426
2017-03-07 23:00:00,13.3,83,0.0,11.2,354,1.1707187885977186,-11.13864522812466
2017-03-08 00:00:00,13.4,84,0.0,7.7,37,-4.6339756782707715,-6.149493427364155
2017-03-08 01:00:00,13.8,85,0.2,4.5,29,-2.1816432911085157,-3.935788682127282
2017-03-08 02:00:00,13.9,87,0.1,4.0,350,0.6945927106677217,-3.939231012048832
2017-03-08 03:00:00,13.3,89,0.2,6.2,353,0.7555899291119145,-6.153786140176196
2017-03-08 04:00:00,13.8,88,0.0,6.4,16,-1.7640790772287929,-6.152074854005242
2017-03-08 05:00:00,13.8,89,0.0,6.9,354,0.7212463965468089,-6.862201078041086
2017-03-08 06:00:00,13.0,90,0.0,11.4,342,3.522793735874401,-10.84204428576475
2017-03-08 07:00:00,13.4,89,0.0,7.0,35,-4.015035054457325,-5.734064310022941
2017-03-08 08:00:00,14.4,88,0.0,2.4,27,-1.0895771993749126,-2.138415658052083
2017-03-08 09:00:00,15.2,85,0.3,5.0,291,4.667902132486009,-1.7918397477265013
2017-03-08 10:00:00,15.5,86,0.7000000000000001,8.4,329,4.326319829244455,-7.200205325897744
2017-03-08 11:00:00,15.7,84,0.8,8.7,7,-1.0602632876247804,-8.635151519279502
2017-03-08 12:00:00,15.9,84,0.9,9.0,360,5.51091059616309e-16,-9.0
2017-03-08 13:00:00,15.8,86,0.8,6.2,10,-1.0766187015349682,-6.10580806867569
2017-03-08 14:00:00,16.1,81,0.2,9.4,2,-0.3280552690035072,-9.394273773979501
2017-03-08 15:00:00,16.2,82,3.3,6.4,16,-1.7640790772287929,-6.152074854005242
2017-03-08 16:00:00,17.0,79,0.6,5.8,356,0.40458754771592637,-5.78587149150698
2017-03-08 17:00:00,17.4,78,0.0,7.6,3,-0.39775326744637673,-7.589584464134761
2017-03-08 18:00:00,15.5,89,0.0,5.8,356,0.40458754771592637,-5.78587149150698
2017-03-08 19:00:00,15.1,88,0.0,9.0,360,5.51091059616309e-16,-9.0
2017-03-08 20:00:00,14.0,95,0.1,7.2,27,-3.268731598124738,-6.415246974156248
2017-03-08 21:00:00,13.4,97,0.1,5.8,4,-0.40458754771592836,-5.78587149150698
2017-03-08 22:00:00,13.2,97,0.1,4.7,360,2.8779199779962803e-16,-4.7
2017-03-08 23:00:00,12.7,98,0.0,4.8,42,-3.211826910522519,-3.567095162291493
2017-03-09 00:00:00,12.8,97,0.0,6.2,100,-6.10580806867569,1.0766187015349677
2017-03-09 01:00:00,14.0,94,0.0,4.1,75,-3.96029588778518,-1.0611580849203353
2017-03-09 02:00:00,13.8,93,0.0,0.8,333,0.3631923997916375,-0.7128052193506943
2017-03-09 03:00:00,12.7,97,0.0,3.3,311,2.4905416147351476,-2.1649947956686737
2017-03-09 04:00:00,13.6,95,0.0,1.5,14,-0.36288284339950166,-1.4554435894139948
2017-03-09 05:00:00,14.3,92,0.0,1.5,45,-1.0606601717798214,-1.0606601717798212
2017-03-09 06:00:00,14.2,94,0.0,2.8,40,-1.7998053071223103,-2.144924440733138
2017-03-09 07:00:00,15.0,91,0.0,2.3,321,1.447436899414626,-1.7874357113510329
2017-03-09 08:00:00,17.2,84,0.0,1.9,248,1.761649323676896,0.7117525274902328
2017-03-09 09:00:00,19.7,75,0.0,4.6,162,-1.4214781741247577,4.374859974957706
2017-03-09 10:00:00,21.4,69,0.0,2.5,225,1.7677669529663689,1.7677669529663687
2017-03-09 11:00:00,23.1,60,0.0,8.8,258,8.607698886457491,1.8296228791962823
2017-03-09 12:00:00,21.0,62,0.0,14.6,310,11.184248869537079,-9.384699101423474
2017-03-09 13:00:00,19.7,65,0.0,12.2,346,2.9514471263159456,-11.837607860567156
2017-03-09 14:00:00,18.8,71,0.3,8.8,19,-2.864999759222979,-8.320563465273988
2017-03-09 15:00:00,18.5,73,0.1,5.7,35,-3.2693856872009643,-4.669166652447252
2017-03-09 16:00:00,18.8,72,0.0,3.6,360,2.2043642384652358e-16,-3.6
2017-03-09 17:00:00,19.1,71,0.0,0.4,360,2.4492935982947065e-17,-0.4
2017-03-09 18:00:00,18.3,78,0.0,3.7,241,3.2360929164157644,1.7937955949114472
2017-03-09 19:00:00,18.5,72,0.0,2.3,231,1.7874357113510329,1.4474368994146258
2017-03-09 20:00:00,17.2,83,0.1,5.8,22,-2.1727182418122912,-5.377666356487366
2017-03-09 21:00:00,17.7,83,0.1,7.1,30,-3.550000000000003,-6.148780366869512
2017-03-09 22:00:00,15.9,91,0.0,6.4,333,2.9055391983331,-5.702441754805554
2017-03-09 23:00:00,15.2,91,0.0,6.5,270,6.5,0.0
2017-03-10 00:00:00,16.2,86,1.9,1.5,135,-1.0606601717798212,1.0606601717798214
2017-03-10 01:00:00,16.3,90,1.0,5.1,94,-5.087576656325103,0.35575801609504015
2017-03-10 02:00:00,16.2,93,0.0,4.2,31,-2.163159914622229,-3.600102662948871
2017-03-10 03:00:00,16.4,92,0.0,5.9,349,1.125773072721615,-5.791600382341218
2017-03-10 04:00:00,16.6,89,0.0,4.3,5,-0.37476969381493047,-4.283637201794505
2017-03-10 05:00:00,17.1,86,0.0,8.0,5,-0.697245941981266,-7.969557584733964
2017-03-10 06:00:00,17.0,88,0.0,4.2,31,-2.163159914622229,-3.600102662948871
2017-03-10 07:00:00,17.3,85,0.0,3.6,360,2.2043642384652358e-16,-3.6
2017-03-10 08:00:00,18.0,86,0.1,5.1,8,-0.7097828148963357,-5.050367150582008
2017-03-10 09:00:00,20.2,78,0.0,3.3,347,0.7423384793347542,-3.2154212137912763
2017-03-10 10:00:00,22.2,70,0.0,1.1,18,-0.33991869381244233,-1.0461621679246689
2017-03-10 11:00:00,23.1,65,0.0,1.9,202,0.7117525274902327,1.761649323676896
2017-03-10 12:00:00,23.9,63,0.0,1.5,256,1.4554435894139948,0.3628828433995016
2017-03-10 13:00:00,25.7,59,0.0,3.2,270,3.2,0.0
2017-03-10 14:00:00,25.4,61,0.0,11.7,317,7.979380812731232,-8.556838308944293
2017-03-10 15:00:00,24.2,65,0.0,16.5,328,8.74366785984788,-13.992793586581028
2017-03-10 16:00:00,22.4,71,0.0,10.6,332,4.976398565530443,-9.359244484304625
2017-03-10 17:00:00,21.6,74,0.0,8.6,327,4.683895701129233,-7.212566884330647
2017-03-10 18:00:00,20.0,80,0.0,11.6,338,4.345436483624579,-10.755332712974734
2017-03-10 19:00:00,19.1,84,0.0,8.8,9,-1.3766232923540331,-8.691657397237211
2017-03-10 20:00:00,18.8,83,0.0,9.2,21,-3.296985135816766,-8.588939923774255
2017-03-10 21:00:00,18.9,83,0.0,8.6,33,-4.683895701129232,-7.212566884330647
2017-03-10 22:00:00,19.0,82,0.0,9.0,5,-0.7844016847289242,-8.96575228282571
2017-03-10 23:00:00,18.3,88,0.0,10.8,15,-2.795245687107223,-10.431998923921938
2017-03-11 00:00:00,17.9,90,0.0,6.4,27,-2.9055391983331003,-5.702441754805554
2017-03-11 01:00:00,17.4,93,2.9,7.8,22,-2.921931428644116,-7.232034065620941
2017-03-11 02:00:00,17.0,95,0.0,7.8,22,-2.921931428644116,-7.232034065620941
2017-03-11 03:00:00,17.0,95,0.0,4.2,59,-3.600102662948872,-2.1631599146222276
2017-03-11 04:00:00,16.2,97,0.0,2.9,330,1.4500000000000002,-2.5114736709748717
2017-03-11 05:00:00,15.9,98,0.0,7.9,321,4.971631089293717,-6.139453095510071
2017-03-11 06:00:00,15.9,99,0.0,5.0,360,3.061616997868383e-16,-5.0
2017-03-11 07:00:00,16.5,97,0.0,5.9,52,-4.64926344627966,-3.6324027044213834
2017-03-11 08:00:00,19.3,90,0.0,2.4,153,-1.089577199374912,2.138415658052083
2017-03-11 09:00:00,21.8,81,0.0,3.1,126,-2.507952682562337,1.822134282106667
2017-03-11 10:00:00,23.8,71,0.0,1.6,243,1.4256104387013888,0.7263847995832748
2017-03-11 11:00:00,25.3,67,0.0,6.2,291,5.788198644282651,-2.2218812871808615
2017-03-11 12:00:00,26.0,63,0.0,8.7,315,6.151828996322964,-6.151828996322962
2017-03-11 13:00:00,26.4,63,0.0,10.0,322,6.156614753256583,-7.88010753606722
2017-03-11 14:00:00,26.2,64,0.0,10.7,327,5.82763767466079,-8.973775077016036
2017-03-11 15:00:00,25.4,67,0.0,14.8,337,5.782820701641251,-13.623471831096118
2017-03-11 16:00:00,24.3,71,0.0,14.0,348,2.9107636714486325,-13.694066410273278
2017-03-11 17:00:00,23.1,75,0.0,10.9,343,3.186851581477831,-10.423721839997087
2017-03-11 18:00:00,20.9,84,0.0,8.1,328,4.29234604028896,-6.86918957886705
2017-03-11 19:00:00,19.6,88,0.1,9.0,344,2.4807362023529924,-8.65135526344487
2017-03-11 20:00:00,19.5,90,0.0,9.6,347,2.159530121701103,-9.353952621938259
2017-03-11 21:00:00,19.4,89,0.0,9.1,353,1.1090110249868421,-9.032169979936029
2017-03-11 22:00:00,19.5,89,0.0,4.9,17,-1.4326213531414118,-4.685893304218873
2017-03-11 23:00:00,18.8,92,0.0,3.9,292,3.616017032810471,-1.460965714322057
2017-03-12 00:00:00,18.3,94,0.0,4.6,315,3.2526911934581184,-3.252691193458118
2017-03-12 01:00:00,19.0,89,0.0,2.3,39,-1.447436899414627,-1.7874357113510322
2017-03-12 02:00:00,19.1,90,0.0,4.4,55,-3.604268994871564,-2.5237363199446032
2017-03-12 03:00:00,18.8,94,0.0,2.3,18,-0.7107390870623793,-2.1874299874788528
2017-03-12 04:00:00,17.5,97,0.0,3.3,311,2.4905416147351476,-2.1649947956686737
2017-03-12 05:00:00,17.3,97,0.0,5.8,330,2.9000000000000004,-5.0229473419497435
2017-03-12 06:00:00,17.0,98,0.0,6.3,31,-3.2447398719333433,-5.400153994423306
2017-03-12 07:00:00,18.1,96,0.0,6.0,25,-2.5357095704441948,-5.4378467222199
2017-03-12 08:00:00,20.5,88,0.0,3.6,174,-0.3763024677635528,3.580278823325784
2017-03-12 09:00:00,22.9,78,0.0,6.4,232,5.043268823083021,3.9402334420842133
2017-03-12 10:00:00,25.0,69,0.0,7.2,243,6.415246974156249,3.2687315981247367
2017-03-12 11:00:00,26.8,62,0.0,10.2,238,8.650090580795544,5.40517649517869
2017-03-12 12:00:00,26.9,62,0.0,11.9,272,11.89275084152724,-0.41530401075976153
2017-03-12 13:00:00,25.8,69,0.0,13.4,301,11.486041829408306,-6.901510203794726
2017-03-12 14:00:00,25.9,68,0.0,9.7,309,7.538315826132617,-6.104407793183422
2017-03-12 15:00:00,25.8,68,0.0,10.6,305,8.683011669463312,-6.079910225321088
2017-03-12 16:00:00,24.3,71,0.0,13.0,312,9.660882731206126,-8.698697882665158
2017-03-12 17:00:00,22.8,75,0.0,9.2,318,6.156001578501495,-6.836932394392027
2017-03-12 18:00:00,21.4,79,0.0,8.0,324,4.702282018339785,-6.47213595499958
2017-03-12 19:00:00,20.2,84,0.0,7.4,331,3.587591189822895,-6.472185832831529
2017-03-12 20:00:00,20.7,82,0.0,6.1,332,2.863776532993934,-5.385980316439453
2017-03-12 21:00:00,20.8,82,0.0,4.3,5,-0.37476969381493047,-4.283637201794505
2017-03-12 22:00:00,20.3,86,0.0,4.3,336,1.7489675652259409,-3.9282454678631837
2017-03-12 23:00:00,19.9,88,0.0,3.6,315,2.5455844122715714,-2.545584412271571
2017-03-13 00:00:00,19.6,90,0.0,3.5,336,1.4235782507653008,-3.197409101749103
2017-03-13 01:00:00,19.6,92,0.0,4.1,52,-3.23084408978756,-2.5242120488351985
2017-03-13 02:00:00,19.3,93,0.0,4.7,81,-4.6421352007971475,-0.7352419856890845
2017-03-13 03:00:00,19.8,91,0.0,4.3,95,-4.283637201794505,0.3747696938149302
2017-03-13 04:00:00,20.2,90,0.0,4.3,85,-4.283637201794505,-0.37476969381492914
2017-03-13 05:00:00,20.6,87,0.0,2.9,30,-1.4500000000000013,-2.5114736709748713
2017-03-13 06:00:00,20.6,85,0.0,2.3,39,-1.447436899414627,-1.7874357113510322
2017-03-13 07:00:00,21.3,83,0.0,3.8,73,-3.6339580726595346,-1.1110124779463997
2017-03-13 08:00:00,23.8,73,0.0,2.0,135,-1.414213562373095,1.4142135623730951
2017-03-13 09:00:00,25.9,66,0.0,1.8,169,-0.34345619167778063,1.7669289302057951
2017-03-13 10:00:00,27.6,60,0.0,5.4,262,5.34744757120448,0.7515347451843534
2017-03-13 11:00:00,28.8,57,0.0,5.9,259,5.791600382341218,1.1257730727216144
2017-03-13 12:00:00,29.9,54,0.0,10.8,285,10.431998923921938,-2.795245687107224
2017-03-13 13:00:00,28.6,60,0.0,16.2,307,12.937895262766144,-9.749403375063181
2017-03-13 14:00:00,28.1,58,0.0,13.3,322,8.188297621831255,-10.480543022969403
2017-03-13 15:00:00,28.0,60,0.0,9.7,318,6.490566881680924,-7.208504807130724
2017-03-13 16:00:00,27.5,62,0.0,8.4,317,5.728786224524987,-6.143371093601032
2017-03-13 17:00:00,25.7,69,0.0,12.7,315,8.980256121069154,-8.980256121069152
2017-03-13 18:00:00,22.9,79,0.0,11.8,329,6.077449283938639,-10.114574148284927
2017-03-13 19:00:00,21.5,84,0.0,5.4,352,0.7515347451843536,-5.34744757120448
2017-03-13 20:00:00,21.1,84,0.0,8.0,333,3.6319239979163744,-7.128052193506942
2017-03-13 21:00:00,20.3,82,0.0,8.7,336,3.5386087947594613,-7.947845481490627
2017-03-13 22:00:00,19.6,82,0.0,10.7,346,2.588564282916444,-10.382164271153162
2017-03-13 23:00:00,19.1,80,0.0,11.4,349,2.175222547292612,-11.19054989130337
2017-03-14 00:00:00,18.8,77,0.0,12.7,345,3.2870018728020134,-12.267257993871167
2017-03-14 01:00:00,17.6,80,0.0,13.8,351,2.158795617555187,-13.630099100212902
2017-03-14 02:00:00,16.9,79,0.0,14.9,353,1.8158532167366976,-14.788937659455698
2017-03-14 03:00:00,16.2,83,0.7000000000000001,13.4,355,1.167886952818619,-13.34900895442939
2017-03-14 04:00:00,15.4,93,2.7,11.6,344,3.19739332747719,-11.1506356728845
2017-03-14 05:00:00,13.9,92,3.3,16.4,351,2.565525226659787,-16.19808878576026
2017-03-14 06:00:00,13.9,90,1.8,15.6,352,2.171100374977021,-15.448181872368497
2017-03-14 07:00:00,14.1,87,0.0,15.1,348,3.1394665313481678,-14.770028771080463
2017-03-14 08:00:00,15.5,80,0.0,14.3,350,2.483168940637105,-14.082750868074575
2017-03-14 09:00:00,17.3,73,0.0,12.3,21,-4.407925779407199,-11.483039245915581
2017-03-14 10:00:00,19.1,68,0.1,12.3,353,1.4989929238833142,-12.208317665188261
2017-03-14 11:00:00,20.4,64,0.2,12.6,347,2.8343832847326977,-12.277062816293963
2017-03-14 12:00:00,20.2,62,0.1,17.1,345,4.425805671253105,-16.51733162954307
2017-03-14 13:00:00,19.5,61,0.2,22.1,354,2.3100790382151417,-21.978933887638842
2017-03-14 14:00:00,19.8,59,0.0,19.5,355,1.6995369835793337,-19.42579661278904
2017-03-14 15:00:00,19.1,60,0.0,16.7,354,1.7456253365698127,-16.608515652650162
2017-03-14 16:00:00,17.8,62,0.0,19.2,352,2.6721235384332567,-19.01314691983815
2017-03-14 17:00:00,17.3,63,0.0,15.9,356,1.1091279325315913,-15.861268399131205
2017-03-14 18:00:00,15.8,66,0.0,13.9,343,4.063966695646041,-13.292636107886192
2017-03-14 19:00:00,14.7,68,0.0,13.8,353,1.6817969389910354,-13.697136892650244
2017-03-14 20:00:00,14.4,69,0.0,13.7,346,3.314329969715447,-13.293051449981151
2017-03-14 21:00:00,14.5,67,0.0,11.5,358,0.4013442120787624,-11.492994510719601
2017-03-14 22:00:00,14.7,65,0.0,9.6,347,2.159530121701103,-9.353952621938259
2017-03-14 23:00:00,14.5,67,0.0,10.5,344,2.8941922360784913,-10.093247807352348
2017-03-15 00:00:00,13.8,68,0.0,10.8,345,2.795245687107224,-10.431998923921938
2017-03-15 01:00:00,13.4,70,0.0,9.1,351,1.4235536318661013,-8.987963899415753
2017-03-15 02:00:00,13.5,69,0.0,9.3,344,2.5634274090980926,-8.939733772226367
2017-03-15 03:00:00,13.4,70,0.0,8.8,351,1.3766232923540322,-8.691657397237213
2017-03-15 04:00:00,13.3,71,0.0,7.6,352,1.0577155672964975,-7.5260373224359345
2017-03-15 05:00:00,13.1,72,0.0,7.6,352,1.0577155672964975,-7.5260373224359345
2017-03-15 06:00:00,13.5,71,0.1,8.3,5,-0.7233926648055635,-8.268415994161488
2017-03-15 07:00:00,14.3,72,0.1,7.6,8,-1.0577155672965002,-7.526037322435934
2017-03-15 08:00:00,16.4,73,0.1,5.1,8,-0.7097828148963357,-5.050367150582008
2017-03-15 09:00:00,18.5,71,0.2,2.9,7,-0.35342109587492676,-2.878383839759834
2017-03-15 10:00:00,20.5,69,0.3,2.9,30,-1.4500000000000013,-2.5114736709748713
2017-03-15 11:00:00,22.3,64,0.1,2.5,352,0.34793275240016364,-2.475670171853926
2017-03-15 12:00:00,24.5,58,0.0,5.7,288,5.421022142882375,-1.7613968679372003
2017-03-15 13:00:00,22.9,60,0.0,14.3,315,10.111626970967631,-10.11162697096763
2017-03-15 14:00:00,21.7,61,0.0,12.9,342,3.986319227436822,-12.26862906020748
2017-03-15 15:00:00,22.1,59,0.0,9.7,358,0.33852511801426044,-9.694091022085228
2017-03-15 16:00:00,22.2,58,0.0,8.7,353,1.060263287624783,-8.6351515192795
2017-03-15 17:00:00,21.0,60,0.0,11.4,349,2.175222547292612,-11.19054989130337
2017-03-15 18:00:00,19.3,62,0.0,11.3,351,1.7677094549546095,-11.160878248725057
2017-03-15 19:00:00,18.4,63,0.0,10.5,8,-1.4613175600806911,-10.397814721786487
2017-03-15 20:00:00,17.2,69,0.0,8.0,342,2.4721359549995796,-7.608452130361228
2017-03-15 21:00:00,16.7,69,0.0,6.3,336,2.5624408513775414,-5.755336383148386
2017-03-15 22:00:00,16.0,72,0.0,5.5,337,2.1490212066910055,-5.062776693988422
2017-03-15 23:00:00,15.8,72,0.0,7.0,325,4.015035054457323,-5.7340643100229425
2017-03-16 00:00:00,15.9,72,0.0,5.0,330,2.5000000000000004,-4.330127018922193
2017-03-16 01:00:00,16.0,71,0.0,4.7,328,2.490620541896063,-3.9858260519352022
2017-03-16 02:00:00,15.9,72,0.0,5.4,340,1.8469087739586119,-5.074340152243905
2017-03-16 03:00:00,16.2,72,0.1,6.3,347,1.4171916423663489,-6.1385314081469815
2017-03-16 04:00:00,16.3,75,0.2,8.1,347,1.8221035401853058,-7.892397524760405
2017-03-16 05:00:00,16.2,77,0.3,10.4,358,0.36295476570601126,-10.393664600998596
2017-03-16 06:00:00,16.2,79,0.1,10.9,6,-1.1393602496174215,-10.840288659514181
2017-03-16 07:00:00,16.4,77,0.0,9.7,358,0.33852511801426044,-9.694091022085228
2017-03-16 08:00:00,16.2,83,0.0,9.3,13,-2.092044805397947,-9.061641602502688
2017-03-16 09:00:00,17.2,83,0.0,5.2,12,-1.0811407922523508,-5.086367523815789
2017-03-16 10:00:00,19.5,76,0.0,7.6,341,2.474317973874391,-7.185941174554807
2017-03-16 11:00:00,22.9,64,0.0,8.9,317,6.069785404556237,-6.509047944410617
2017-03-16 12:00:00,23.9,60,0.0,12.1,330,6.050000000000002,-10.478907385791707
2017-03-16 13:00:00,23.3,61,0.0,14.8,342,4.5734515167492225,-14.075636441168273
2017-03-16 14:00:00,23.2,61,0.0,14.7,349,2.8048922320352103,-14.42991959668066
2017-03-16 15:00:00,22.9,62,0.0,16.0,352,2.2267696153610474,-15.844289099865126
2017-03-16 16:00:00,21.6,66,0.0,17.2,349,3.2819147204765726,-16.883987555299818
2017-03-16 17:00:00,20.3,70,0.0,15.5,357,0.8112073217656315,-15.478757788695894
2017-03-16 18:00:00,18.7,77,0.0,12.6,357,0.659433048661094,-12.58273213790763
2017-03-16 19:00:00,17.4,83,0.0,13.0,358,0.453693457132514,-12.992080751248245
2017-03-16 20:00:00,16.5,87,0.0,10.8,356,0.7533699164365526,-10.773691742806102
2017-03-16 21:00:00,15.8,90,0.0,13.4,340,4.583069920563962,-12.591881118531171
2017-03-16 22:00:00,15.9,88,0.0,7.8,13,-1.7546182238821488,-7.600086505324834
2017-03-16 23:00:00,16.5,85,0.0,4.7,9,-0.7352419856890859,-4.6421352007971475
2017-03-17 00:00:00,16.3,86,0.0,7.5,343,2.192787785420526,-7.172285669722766
2017-03-17 01:00:00,15.2,91,0.0,10.6,332,4.976398565530443,-9.359244484304625
2017-03-17 02:00:00,14.6,95,0.0,8.6,338,3.2216167033768426,-7.973781149274371
2017-03-17 03:00:00,14.2,97,0.0,4.0,360,2.4492935982947064e-16,-4.0
2017-03-17 04:00:00,14.0,98,0.0,3.8,343,1.1110124779463997,-3.6339580726595346
2017-03-17 05:00:00,14.1,98,0.0,3.9,326,2.1808523235359125,-3.233246532964663
2017-03-17 06:00:00,14.3,97,0.0,2.4,333,1.0895771993749124,-2.138415658052083
2017-03-17 07:00:00,15.7,91,0.0,4.2,340,1.436484601967809,-3.9467090073008153
2017-03-17 08:00:00,17.6,89,0.0,1.1,288,1.0461621679246689,-0.33991869381244216
2017-03-17 09:00:00,20.3,79,0.0,2.5,225,1.7677669529663689,1.7677669529663687
2017-03-17 10:00:00,22.6,71,0.0,4.5,256,4.366330768241984,1.0886485301985047
2017-03-17 11:00:00,24.5,63,0.0,6.6,283,6.430842427582553,-1.484676958669509
2017-03-17 12:00:00,25.6,60,0.0,6.3,301,5.400153994423308,-3.244739871933341
2017-03-17 13:00:00,25.4,61,0.0,10.5,322,6.464445490919412,-8.274112912870581
2017-03-17 14:00:00,24.6,63,0.0,17.0,328,9.008627491964484,-14.41681763465924
2017-03-17 15:00:00,23.3,67,0.0,16.8,332,7.887122254802967,-14.833519560029972
2017-03-17 16:00:00,22.6,70,0.0,12.9,347,2.9018686010358574,-12.569373835729534
2017-03-17 17:00:00,22.1,72,0.0,10.1,356,0.7045403848156648,-10.075396907624224
2017-03-17 18:00:00,20.7,78,0.0,4.9,343,1.4326213531414103,-4.685893304218874
2017-03-17 19:00:00,19.4,84,0.0,5.8,338,2.1727182418122895,-5.377666356487367
2017-03-17 20:00:00,18.5,87,0.0,12.9,347,2.9018686010358574,-12.569373835729534
2017-03-17 21:00:00,18.2,87,0.0,9.7,356,0.6766377953180147,-9.676371287520293
2017-03-17 22:00:00,17.9,89,0.0,6.2,353,0.7555899291119145,-6.153786140176196
2017-03-17 23:00:00,17.3,91,0.0,4.0,350,0.6945927106677217,-3.939231012048832
2017-03-18 00:00:00,16.8,94,0.1,8.3,326,4.641301098807199,-6.881011852206847
2017-03-18 01:00:00,16.3,97,0.0,8.2,322,5.048424097670398,-6.46168817957512
2017-03-18 02:00:00,16.3,97,0.0,5.1,356,0.35575801609503865,-5.087576656325103
2017-03-18 03:00:00,16.4,97,0.1,2.3,51,-1.7874357113510326,-1.4474368994146265
2017-03-18 04:00:00,16.7,96,0.0,2.8,50,-2.1449244407331385,-1.7998053071223097
2017-03-18 05:00:00,16.4,97,0.0,6.7,324,3.93816119035957,-5.420413862312148
2017-03-18 06:00:00,16.1,98,0.0,5.5,337,2.1490212066910055,-5.062776693988422
2017-03-18 07:00:00,17.4,93,0.0,4.4,9,-0.6883116461770166,-4.345828698618606
2017-03-18 08:00:00,19.6,87,0.0,2.7,293,2.485363104321589,-1.0549740469210394
2017-03-18 09:00:00,22.0,76,0.0,3.6,307,2.875087836170254,-2.166534083347374
2017-03-18 10:00:00,23.4,71,0.0,2.9,330,1.4500000000000002,-2.5114736709748717
2017-03-18 11:00:00,24.7,67,0.0,1.1,270,1.1,0.0
2017-03-18 12:00:00,26.6,59,0.0,3.9,292,3.616017032810471,-1.460965714322057
2017-03-18 13:00:00,27.1,58,0.0,5.6,315,3.9597979746446663,-3.9597979746446654
2017-03-18 14:00:00,27.1,58,0.0,5.4,323,3.2498011250210617,-4.312631754255381
2017-03-18 15:00:00,26.3,62,0.0,12.3,320,7.906287599144434,-9.42234665036343
2017-03-18 16:00:00,25.4,63,0.0,11.8,340,4.035837691242892,-11.088372925273719
2017-03-18 17:00:00,24.3,68,0.0,9.9,350,1.7191169589026112,-9.74959675482086
2017-03-18 18:00:00,22.3,75,0.0,10.6,332,4.976398565530443,-9.359244484304625
2017-03-18 19:00:00,20.9,81,0.0,10.0,345,2.5881904510252074,-9.659258262890683
2017-03-18 20:00:00,19.9,87,0.7000000000000001,11.1,335,4.691062705321763,-10.060016436106814
2017-03-18 21:00:00,19.8,88,0.0,8.4,20,-2.872969203935616,-7.8934180146016315
2017-03-18 22:00:00,20.2,87,0.0,8.3,358,0.289665822630759,-8.294943864258496
2017-03-18 23:00:00,19.7,91,1.0,6.4,344,1.7640790772287946,-6.1520748540052415
2017-03-19 00:00:00,19.2,94,0.0,4.8,333,2.1791543987498248,-4.276831316104166
2017-03-19 01:00:00,18.8,95,0.0,9.6,326,5.368251873319169,-7.9587606965284
2017-03-19 02:00:00,18.6,95,0.0,6.3,347,1.4171916423663489,-6.1385314081469815
2017-03-19 03:00:00,18.8,94,0.0,1.8,349,0.34345619167778085,-1.7669289302057951
2017-03-19 04:00:00,18.3,96,0.0,5.7,325,3.269385687200963,-4.669166652447253
2017-03-19 05:00:00,18.3,96,0.0,3.2,27,-1.4527695991665501,-2.851220877402777
2017-03-19 06:00:00,18.0,97,0.0,2.5,352,0.34793275240016364,-2.475670171853926
2017-03-19 07:00:00,19.0,94,0.1,9.9,289,9.360633898433237,-3.2231247291258516
2017-03-19 08:00:00,20.2,90,0.0,1.3,34,-0.7269507745119705,-1.0777488443215544
2017-03-19 09:00:00,21.5,86,0.0,7.4,299,6.472185832831529,-3.5875911898228945
2017-03-19 10:00:00,22.6,81,0.0,9.8,306,7.9283665448744856,-5.760295472466237
2017-03-19 11:00:00,22.6,79,0.0,14.3,348,2.9731371786939604,-13.987510690493421
2017-03-19 12:00:00,22.4,78,0.4,10.3,29,-4.99353908853727,-9.00858298353578
2017-03-19 13:00:00,25.6,66,0.0,6.5,6,-0.6794350112397468,-6.464392319893777
2017-03-19 14:00:00,26.0,63,0.0,13.4,329,6.901510203794726,-11.486041829408306
2017-03-19 15:00:00,25.3,67,0.0,14.5,341,4.720738239628773,-13.710019346190093
2017-03-19 16:00:00,25.9,65,0.0,8.2,331,3.975438886019964,-7.171881598543044
2017-03-19 17:00:00,24.5,70,0.0,11.5,319,7.544678833390834,-8.679160172561879
2017-03-19 18:00:00,21.7,80,0.0,11.8,329,6.077449283938639,-10.114574148284927
2017-03-19 19:00:00,20.1,87,0.0,9.0,344,2.4807362023529924,-8.65135526344487
2017-03-19 20:00:00,20.2,85,0.0,9.2,349,1.755442757464213,-9.030970087718508
2017-03-19 21:00:00,20.1,84,0.0,10.2,350,1.77121141220269,-10.045039080724521
2017-03-19 22:00:00,19.8,85,0.0,7.6,355,0.6623836448822018,-7.571079705497266
2017-03-19 23:00:00,19.6,86,0.0,4.2,340,1.436484601967809,-3.9467090073008153
2017-03-20 00:00:00,19.4,88,0.0,3.0,14,-0.7257656867990033,-2.9108871788279895
2017-03-20 01:00:00,19.6,89,0.0,2.5,360,1.5308084989341916e-16,-2.5
2017-03-20 02:00:00,20.0,88,0.0,3.7,61,-3.236092916415765,-1.7937955949114468
2017-03-20 03:00:00,20.5,89,0.0,3.4,72,-3.2335921554035223,-1.0506577808748208
2017-03-20 04:00:00,20.4,89,0.0,3.6,307,2.875087836170254,-2.166534083347374
2017-03-20 05:00:00,20.2,89,0.0,7.6,267,7.589584464134761,0.3977532674463731
2017-03-20 06:00:00,18.5,98,0.0,6.5,354,0.6794350112397475,-6.4643923198937765
2017-03-20 07:00:00,20.1,90,0.0,4.1,75,-3.96029588778518,-1.0611580849203353
2017-03-20 08:00:00,22.5,80,0.0,0.8,27,-0.36319239979163753,-0.7128052193506943
2017-03-20 09:00:00,24.4,73,0.0,4.3,312,3.195522749552795,-2.8772616073430903
2017-03-20 10:00:00,26.5,66,0.0,3.7,259,3.632020578756357,0.7059932828932158
2017-03-20 11:00:00,27.8,61,0.1,8.5,282,8.314254606237348,-1.7672493719509543
2017-03-20 12:00:00,27.4,64,0.1,14.8,311,11.169701787297026,-9.709673629059509
2017-03-20 13:00:00,27.2,63,0.0,14.8,313,10.824034783963723,-10.093575728924979
2017-03-20 14:00:00,27.0,62,0.0,12.1,323,7.281961780139786,-9.663489671572243
2017-03-20 15:00:00,27.4,61,0.0,9.7,329,4.995869326627525,-8.31452281681049
2017-03-20 16:00:00,27.5,62,0.0,7.8,326,4.361704647071825,-6.466493065929326
2017-03-20 17:00:00,26.5,65,0.0,8.9,328,4.716281451675524,-7.547628055792192
2017-03-20 18:00:00,24.1,76,0.0,4.9,324,2.8801477362331185,-3.9641832724372428
2017-03-20 19:00:00,22.4,81,0.0,6.6,331,3.199743493625825,-5.772490067120011
2017-03-20 20:00:00,21.1,88,0.0,6.6,29,-3.199743493625823,-5.772490067120013
2017-03-20 21:00:00,22.5,80,0.0,3.8,41,-2.4930243101639276,-2.8678964048465336
2017-03-20 22:00:00,21.0,89,0.0,5.8,83,-5.756767679519668,-0.7068421917498544
2017-03-20 23:00:00,21.7,85,0.0,4.4,81,-4.3458286986186065,-0.6883116461770152
2017-03-21 00:00:00,22.1,83,0.0,0.7000000000000001,360,4.2862637970157366e-17,-0.7000000000000001
2017-03-21 01:00:00,19.8,93,0.0,5.0,360,3.061616997868383e-16,-5.0
2017-03-21 02:00:00,19.7,95,0.0,4.9,17,-1.4326213531414118,-4.685893304218873
2017-03-21 03:00:00,19.8,93,0.1,7.2,6,-0.7526049355271042,-7.160557646651569
2017-03-21 04:00:00,20.0,93,0.2,8.4,353,1.023702484603239,-8.337387673787106
2017-03-21 05:00:00,20.1,93,0.4,9.0,5,-0.7844016847289242,-8.96575228282571
2017-03-21 06:00:00,20.1,93,0.0,8.6,360,5.265981236333618e-16,-8.6
2017-03-21 07:00:00,20.5,92,0.0,9.4,353,1.1455718280083864,-9.329933825428427
2017-03-21 08:00:00,22.9,81,0.0,8.5,12,-1.767249371950958,-8.314254606237347
2017-03-21 09:00:00,25.0,73,0.0,11.9,355,1.0371533386971319,-11.854716907291772
2017-03-21 10:00:00,27.2,62,0.0,13.3,360,8.143901214329899e-16,-13.3
2017-03-21 11:00:00,28.4,57,0.0,11.8,348,2.453357951649562,-11.542141688658907
2017-03-21 12:00:00,29.1,55,0.0,13.2,343,3.859306502340125,-12.623222778712067
2017-03-21 13:00:00,29.1,54,0.0,16.0,337,6.2516980558283795,-14.728077655239046
2017-03-21 14:00:00,28.4,54,0.0,19.2,337,7.502037666994055,-17.673693186286854
2017-03-21 15:00:00,26.9,55,0.0,21.9,343,6.402940333427935,-20.943074155590473
2017-03-21 16:00:00,25.1,57,0.0,20.7,347,4.656486824918003,-20.169460341054368
2017-03-21 17:00:00,23.0,61,0.0,16.7,346,4.04009565651445,-16.20393862880914
2017-03-21 18:00:00,20.4,67,0.0,12.9,342,3.986319227436822,-12.26862906020748
2017-03-21 19:00:00,18.5,71,0.0,11.0,341,3.5812496990287244,-10.400704331592484
2017-03-21 20:00:00,17.5,74,0.0,10.6,336,4.311408416603482,-9.683581851011569
2017-03-21 21:00:00,17.4,74,0.0,8.0,342,2.4721359549995796,-7.608452130361228
2017-03-21 22:00:00,16.9,78,0.0,6.6,347,1.4846769586695083,-6.430842427582553
2017-03-21 23:00:00,16.6,80,0.0,6.3,329,3.244739871933341,-5.400153994423308
2017-03-22 00:00:00,16.5,81,0.0,6.3,347,1.4171916423663489,-6.1385314081469815
2017-03-22 01:00:00,16.5,81,0.0,2.9,353,0.3534210958749277,-2.8783838397598336
2017-03-22 02:00:00,16.4,82,0.0,3.2,333,1.45276959916655,-2.851220877402777
2017-03-22 03:00:00,16.4,83,0.0,3.9,34,-2.1808523235359116,-3.233246532964663
2017-03-22 04:00:00,16.9,81,0.0,5.1,4,-0.35575801609504043,-5.087576656325103
2017-03-22 05:00:00,17.1,81,0.0,3.2,360,1.9594348786357652e-16,-3.2
2017-03-22 06:00:00,17.2,84,0.0,0.0,270,0.0,0.0
2017-03-22 07:00:00,18.3,80,0.0,5.2,295,4.7128004925905795,-2.197614961051637
2017-03-22 08:00:00,20.8,75,0.0,5.2,335,2.197614961051637,-4.7128004925905795
2017-03-22 09:00:00,22.8,70,0.0,1.8,270,1.8,0.0
2017-03-22 10:00:00,24.6,65,0.0,5.3,208,2.4881992827652213,4.679622242152313
2017-03-22 11:00:00,27.6,56,0.0,8.4,200,2.872969203935618,7.893418014601631
2017-03-22 12:00:00,28.4,52,0.0,9.0,254,8.65135526344487,2.4807362023529924
2017-03-22 13:00:00,26.3,62,0.0,18.4,305,15.072397614917447,-10.553806428859247
2017-03-22 14:00:00,25.9,62,0.0,15.9,322,9.789017457677968,-12.52937098234688
2017-03-22 15:00:00,25.9,61,0.0,12.9,333,5.856477446640154,-11.493984162029944
2017-03-22 16:00:00,25.3,63,0.0,11.8,322,7.2648054088427685,-9.29852689255932
2017-03-22 17:00:00,22.9,71,0.0,16.4,327,8.932080174246444,-13.754197314304953
2017-03-22 18:00:00,20.9,77,0.0,14.7,343,4.2978640594242306,-14.05767991265662
2017-03-22 19:00:00,20.1,81,0.0,11.9,2,-0.4153040107597591,-11.89275084152724
2017-03-22 20:00:00,20.3,80,0.0,13.1,9,-2.0492914920270264,-12.938717261796302
2017-03-22 21:00:00,20.2,81,0.0,11.7,342,3.615498834186885,-11.127361240653295
2017-03-22 22:00:00,19.6,82,0.0,11.2,345,2.8987733051482323,-10.818369254437565
2017-03-22 23:00:00,19.0,85,0.1,12.0,339,4.300415394543604,-11.202965117966421
2017-03-23 00:00:00,18.5,88,0.1,14.6,351,2.2839431895873714,-14.420249772689012
2017-03-23 01:00:00,18.4,88,0.0,10.3,25,-4.352968095929202,-9.334970206477497
2017-03-23 02:00:00,18.2,90,0.3,9.5,351,1.4861274178821937,-9.38303923565381
2017-03-23 03:00:00,17.7,92,0.0,9.4,358,0.3280552690035102,-9.394273773979501
2017-03-23 04:00:00,17.5,94,0.0,9.8,6,-1.024378940023003,-9.74631457460908
2017-03-23 05:00:00,17.7,94,0.0,9.0,2,-0.31409547032250684,-8.994517443171862
2017-03-23 06:00:00,18.4,90,0.0,7.6,360,4.653657836759942e-16,-7.6
2017-03-23 07:00:00,19.6,84,0.0,9.7,356,0.6766377953180147,-9.676371287520293
2017-03-23 08:00:00,20.2,87,0.0,13.4,340,4.583069920563962,-12.591881118531171
2017-03-23 09:00:00,21.1,75,0.0,16.2,4,-1.1300548746548345,-16.16053761420915
2017-03-23 10:00:00,22.9,66,0.1,17.3,1,-0.3019266313650045,-17.29736512620557
2017-03-23 11:00:00,23.0,67,0.1,11.2,15,-2.898773305148231,-10.818369254437565
2017-03-23 12:00:00,27.5,54,0.0,8.7,17,-2.5436338310878126,-8.319851376878407
2017-03-23 13:00:00,28.7,48,0.0,13.5,351,2.1118652780431173,-13.33379259803436
2017-03-23 14:00:00,28.6,49,0.0,14.9,352,2.0736792043049754,-14.7549942242494
2017-03-23 15:00:00,28.1,51,0.0,17.0,343,4.970318980286525,-16.2571808513716
2017-03-23 16:00:00,25.7,60,0.0,20.4,343,5.96438277634383,-19.50861702164592
2017-03-23 17:00:00,23.7,63,0.0,19.3,351,3.019185175276457,-19.06238497348616
2017-03-23 18:00:00,21.5,68,0.0,12.4,350,2.1532374030699373,-12.21161613735138
2017-03-23 19:00:00,19.6,74,0.0,9.5,351,1.4861274178821937,-9.38303923565381
2017-03-23 20:00:00,18.9,79,0.0,8.9,339,3.1894747509531736,-8.308865795825096
2017-03-23 21:00:00,19.0,79,0.0,2.6,344,0.7166571251241979,-2.499280409439629
2017-03-23 22:00:00,17.5,88,0.0,3.1,291,2.8940993221413254,-1.1109406435904308
2017-03-23 23:00:00,17.3,86,0.0,5.6,285,5.4091846272187825,-1.4493866525741161
2017-03-24 00:00:00,16.2,92,0.0,4.4,279,4.3458286986186065,-0.6883116461770159
2017-03-24 01:00:00,16.1,91,0.0,4.7,302,3.9858260519352022,-2.490620541896063
2017-03-24 02:00:00,15.8,91,0.0,4.0,333,1.8159619989581872,-3.564026096753471
2017-03-24 03:00:00,15.9,91,0.0,5.2,344,1.4333142502483958,-4.998560818879258
2017-03-24 04:00:00,15.9,88,0.0,6.6,347,1.4846769586695083,-6.430842427582553
2017-03-24 05:00:00,15.8,87,0.0,7.3,340,2.4967470462773824,-6.8597561317371305
2017-03-24 06:00:00,15.7,86,0.0,8.8,341,2.8649997592229797,-8.320563465273988
2017-03-24 07:00:00,17.4,79,0.0,6.1,357,0.3192493330819582,-6.0916401620029
2017-03-24 08:00:00,21.4,69,0.0,2.5,352,0.34793275240016364,-2.475670171853926
2017-03-24 09:00:00,24.5,61,0.0,3.6,307,2.875087836170254,-2.166534083347374
2017-03-24 10:00:00,26.5,57,0.0,3.5,294,3.197409101749103,-1.4235782507653008
2017-03-24 11:00:00,28.2,52,0.1,6.9,261,6.815049550106451,1.079397808777593
2017-03-24 12:00:00,28.6,50,0.1,11.2,274,11.17271736291003,-0.7812725059342034
2017-03-24 13:00:00,28.5,51,0.0,12.1,293,11.138108726774528,-4.727846654720213
2017-03-24 14:00:00,28.6,51,0.0,11.3,287,10.806243742382302,-3.303800263366926
2017-03-24 15:00:00,28.2,53,0.0,11.5,284,11.15840085217396,-2.782101799396179
2017-03-24 16:00:00,26.1,58,0.0,14.6,303,12.24459029200319,-7.951729911219395
2017-03-24 17:00:00,23.8,63,0.0,14.6,320,9.384699101423475,-11.184248869537079
2017-03-24 18:00:00,22.2,68,0.0,9.4,320,6.04220353105347,-7.200817765318393
2017-03-24 19:00:00,20.1,78,0.0,4.9,324,2.8801477362331185,-3.9641832724372428
2017-03-24 20:00:00,20.4,78,0.0,5.0,330,2.5000000000000004,-4.330127018922193
2017-03-24 21:00:00,21.3,73,0.0,2.9,7,-0.35342109587492676,-2.878383839759834
2017-03-24 22:00:00,19.8,83,0.0,6.0,155,-2.535709570444196,5.4378467222199
2017-03-24 23:00:00,19.8,84,0.0,6.0,155,-2.535709570444196,5.4378467222199
2017-03-25 00:00:00,19.8,83,0.0,3.5,294,3.197409101749103,-1.4235782507653008
2017-03-25 01:00:00,18.8,86,0.1,5.6,333,2.542346798541462,-4.989636535454859
2017-03-25 02:00:00,18.8,87,0.0,4.0,10,-0.6945927106677213,-3.939231012048832
2017-03-25 03:00:00,19.2,85,0.1,4.3,360,2.632990618166809e-16,-4.3
2017-03-25 04:00:00,18.9,87,0.0,10.0,339,3.583679495453004,-9.335804264972017
2017-03-25 05:00:00,18.5,90,0.1,13.8,354,1.4424927930936178,-13.724402156082173
2017-03-25 06:00:00,17.9,92,0.0,14.1,3,-0.7379369830255147,-14.080676440039491
2017-03-25 07:00:00,18.5,90,0.3,15.6,15,-4.037577103599322,-15.068442890109464
2017-03-25 08:00:00,20.1,86,0.0,11.7,34,-6.542556970607735,-9.69973959889399
2017-03-25 09:00:00,23.0,75,0.0,6.6,9,-1.0324674692655247,-6.5187430479279085
2017-03-25 10:00:00,24.7,67,0.0,15.8,330,7.900000000000002,-13.68320137979413
2017-03-25 11:00:00,24.2,61,0.0,20.8,351,3.2538368728368035,-20.543917484378866
2017-03-25 12:00:00,24.8,58,0.0,18.1,354,1.8919651851445278,-18.000846306165748
2017-03-25 13:00:00,24.8,57,0.0,16.5,344,4.548016370980486,-15.860817982982262
2017-03-25 14:00:00,24.7,56,0.0,16.6,342,5.129682106624128,-15.78753817049955
2017-03-25 15:00:00,23.0,59,0.0,21.1,343,6.169042969649746,-20.17803035082005
2017-03-25 16:00:00,20.3,64,0.0,22.7,349,4.33136419504757,-22.282937064261972
2017-03-25 17:00:00,18.7,67,0.0,23.1,356,1.611374543489293,-23.04372956100194
2017-03-25 18:00:00,17.3,69,0.0,20.5,357,1.0728871029803513,-20.471905462468765
2017-03-25 19:00:00,16.4,73,0.0,16.6,355,1.4467853296111253,-16.536831988322977
2017-03-25 20:00:00,15.9,74,0.0,15.2,353,1.8524140197582417,-15.086701504948094
2017-03-25 21:00:00,15.3,77,0.0,13.0,357,0.6803674311582716,-12.98218395180946
2017-03-25 22:00:00,15.5,78,0.0,11.5,2,-0.40134421207875876,-11.492994510719601
2017-03-25 23:00:00,15.2,78,0.0,14.4,357,0.7536377698983932,-14.380265300465863
2017-03-26 00:00:00,14.9,79,0.2,14.0,359,0.24433369012197037,-13.997867732189478
2017-03-26 01:00:00,14.4,84,0.5,13.0,5,-1.1330246557195571,-12.950531075192693
2017-03-26 02:00:00,13.9,89,0.4,13.0,354,1.358870022479495,-12.928784639787553
2017-03-26 03:00:00,13.1,92,1.6,13.8,354,1.4424927930936178,-13.724402156082173
2017-03-26 04:00:00,12.6,93,8.9,12.6,358,0.4397336584515136,-12.592324420440606
2017-03-26 05:00:00,12.6,94,1.4,12.7,352,1.7674983821928314,-12.576404473017943
2017-03-26 06:00:00,12.7,93,0.3,13.3,358,0.4641633061432644,-13.291897999353974
2017-03-26 07:00:00,13.1,92,1.1,11.3,17,-3.3038002633669294,-10.8062437423823
2017-03-26 08:00:00,14.5,87,0.1,8.0,8,-1.1133848076805266,-7.922144549932562
2017-03-26 09:00:00,15.1,86,0.1,8.0,5,-0.697245941981266,-7.969557584733964
2017-03-26 10:00:00,15.2,86,0.5,9.4,358,0.3280552690035102,-9.394273773979501
2017-03-26 11:00:00,14.7,91,0.6,5.8,4,-0.40458754771592836,-5.78587149150698
2017-03-26 12:00:00,15.5,90,0.7000000000000001,4.6,39,-2.894873798829254,-3.5748714227020644
2017-03-26 13:00:00,15.7,91,0.8,5.1,352,0.7097828148963339,-5.050367150582009
2017-03-26 14:00:00,15.5,88,0.5,10.1,356,0.7045403848156648,-10.075396907624224
2017-03-26 15:00:00,15.8,87,0.5,8.0,8,-1.1133848076805266,-7.922144549932562
2017-03-26 16:00:00,16.5,81,0.0,7.6,8,-1.0577155672965002,-7.526037322435934
2017-03-26 17:00:00,16.3,77,0.0,12.8,344,3.5281581544575893,-12.304149708010483
2017-03-26 18:00:00,15.7,74,0.0,12.2,341,3.971931484377312,-11.535326622311663
2017-03-26 19:00:00,14.8,75,0.0,7.2,6,-0.7526049355271042,-7.160557646651569
2017-03-26 20:00:00,16.1,69,0.0,3.4,342,1.0506577808748212,-3.233592155403522
2017-03-26 21:00:00,15.1,79,0.0,3.3,354,0.3449439287832564,-3.2819222547153015
2017-03-26 22:00:00,15.1,70,0.0,2.7,293,2.485363104321589,-1.0549740469210394
2017-03-26 23:00:00,13.7,82,0.0,2.9,83,-2.878383839759834,-0.3534210958749272
2017-03-27 00:00:00,14.2,84,0.0,3.6,84,-3.580278823325784,-0.3763024677635526
2017-03-27 01:00:00,13.8,92,0.0,3.1,54,-2.5079526825623377,-1.8221342821066664
2017-03-27 02:00:00,14.2,95,0.0,4.0,63,-3.5640260967534716,-1.8159619989581868
2017-03-27 03:00:00,14.2,94,0.0,3.9,56,-3.233246532964663,-2.180852323535912
2017-03-27 04:00:00,13.5,96,0.0,4.9,36,-2.880147736233119,-3.9641832724372423
2017-03-27 05:00:00,12.4,100,0.0,6.8,32,-3.603450996785794,-5.766727053863696
2017-03-27 06:00:00,12.0,100,0.0,5.4,42,-3.613305274337834,-4.01298205757793
2017-03-27 07:00:00,13.7,96,0.0,4.4,55,-3.604268994871564,-2.5237363199446032
2017-03-27 08:00:00,17.9,72,0.0,1.1,180,6.735557395310444e-17,1.1
2017-03-27 09:00:00,20.9,61,0.0,2.9,263,2.8783838397598336,0.35342109587492765
2017-03-27 10:00:00,22.8,55,0.0,2.6,254,2.499280409439629,0.7166571251241979
2017-03-27 11:00:00,24.3,50,0.0,2.3,288,2.1874299874788528,-0.710739087062379
2017-03-27 12:00:00,25.4,45,0.0,4.8,333,2.1791543987498248,-4.276831316104166
2017-03-27 13:00:00,26.1,40,0.0,8.4,340,2.872969203935618,-7.893418014601631
2017-03-27 14:00:00,26.2,37,0.0,12.3,345,3.183474254761005,-11.88088766335554
2017-03-27 15:00:00,26.1,38,0.0,13.4,354,1.4006814077865564,-13.326593397934863
2017-03-27 16:00:00,25.6,41,0.0,12.7,353,1.547740661245373,-12.605336125844788
2017-03-27 17:00:00,24.0,52,0.0,11.2,345,2.8987733051482323,-10.818369254437565
2017-03-27 18:00:00,20.7,65,0.0,8.2,345,2.12231616984067,-7.92059177557036
2017-03-27 19:00:00,17.3,77,0.0,9.4,353,1.1455718280083864,-9.329933825428427
2017-03-27 20:00:00,19.8,67,0.0,1.8,349,0.34345619167778085,-1.7669289302057951
2017-03-27 21:00:00,19.2,70,0.0,2.5,262,2.475670171853926,0.3479327524001636
2017-03-27 22:00:00,17.4,77,0.0,6.4,227,4.6806636903626915,4.36478950439999
2017-03-27 23:00:00,14.7,89,0.0,8.9,238,7.547628055792192,4.716281451675524
2017-03-28 00:00:00,14.6,88,0.0,9.7,239,8.31452281681049,4.995869326627525
2017-03-28 01:00:00,17.7,76,0.0,6.9,171,-1.0793978087775926,6.815049550106451
2017-03-28 02:00:00,15.6,83,0.0,6.2,111,-5.788198644282651,2.2218812871808615
2017-03-28 03:00:00,15.5,80,0.0,5.4,98,-5.34744757120448,0.7515347451843528
2017-03-28 04:00:00,14.8,82,0.0,8.7,150,-4.349999999999998,7.534421012924616
2017-03-28 05:00:00,14.8,87,0.0,9.0,185,0.7844016847289232,8.96575228282571
2017-03-28 06:00:00,15.4,87,0.0,7.5,197,2.192787785420526,7.172285669722766
2017-03-28 07:00:00,18.1,81,0.0,8.9,201,3.1894747509531736,8.308865795825096
2017-03-28 08:00:00,20.7,73,0.0,8.6,213,4.683895701129233,7.212566884330647
2017-03-28 09:00:00,22.7,61,0.0,10.7,220,6.877827423645971,8.196675541373065
2017-03-28 10:00:00,24.4,49,0.0,11.0,221,7.2166493188955805,8.301805382450492
2017-03-28 11:00:00,25.6,44,0.0,9.9,224,6.877117867544073,7.121464023352646
2017-03-28 12:00:00,26.6,44,0.0,9.8,246,8.95274548489749,3.9860191021428424
2017-03-28 13:00:00,26.7,47,0.0,13.3,268,13.291897999353974,0.4641633061432629
2017-03-28 14:00:00,25.1,49,0.0,17.3,291,16.15094137840159,-6.199765527133695
2017-03-28 15:00:00,24.5,48,0.0,13.2,299,11.544980134240022,-6.399486987251649
2017-03-28 16:00:00,23.9,52,0.0,7.9,309,6.139453095510071,-4.971631089293716
2017-03-28 17:00:00,22.9,56,0.0,8.2,308,6.461688179575119,-5.048424097670398
2017-03-28 18:00:00,20.6,68,0.0,6.3,329,3.244739871933341,-5.400153994423308
2017-03-28 19:00:00,18.8,77,0.0,7.6,357,0.3977532674463741,-7.589584464134761
2017-03-28 20:00:00,17.3,86,0.0,7.2,3,-0.376818884949199,-7.190132650232932
2017-03-28 21:00:00,17.2,87,0.0,5.9,349,1.125773072721615,-5.791600382341218
2017-03-28 22:00:00,16.6,90,0.0,5.6,315,3.9597979746446663,-3.9597979746446654
2017-03-28 23:00:00,17.1,88,0.0,3.2,297,2.8512208774027776,-1.4527695991665497
2017-03-29 00:00:00,17.7,84,0.0,1.8,191,0.34345619167778085,1.7669289302057951
2017-03-29 01:00:00,17.9,82,0.0,1.4,360,8.572527594031472e-17,-1.4
2017-03-29 02:00:00,16.8,87,0.0,4.5,14,-1.088648530198505,-4.366330768241984
2017-03-29 03:00:00,16.4,88,0.0,6.2,353,0.7555899291119145,-6.153786140176196
2017-03-29 04:00:00,16.7,82,0.0,5.8,360,3.5514757175273243e-16,-5.8
2017-03-29 05:00:00,16.6,79,0.0,8.3,358,0.289665822630759,-8.294943864258496
2017-03-29 06:00:00,16.2,82,0.0,7.6,8,-1.0577155672965002,-7.526037322435934
2017-03-29 07:00:00,18.2,76,0.0,7.1,15,-1.8376152202278964,-6.858073366652385
2017-03-29 08:00:00,20.1,64,0.0,3.4,32,-1.801725498392897,-2.883363526931848
2017-03-29 09:00:00,22.7,51,0.0,5.8,356,0.40458754771592637,-5.78587149150698
2017-03-29 10:00:00,25.0,49,0.0,9.1,7,-1.1090110249868392,-9.03216997993603
2017-03-29 11:00:00,26.4,47,0.0,9.1,9,-1.4235536318661024,-8.987963899415753
2017-03-29 12:00:00,27.7,44,0.0,10.3,348,2.1414904154229224,-10.074920287558198
2017-03-29 13:00:00,28.1,45,0.0,10.4,340,3.557009490586956,-9.772803256173447
2017-03-29 14:00:00,28.0,47,0.0,11.6,324,6.818308926592688,-9.38459713474939
2017-03-29 15:00:00,26.8,51,0.0,15.9,322,9.789017457677968,-12.52937098234688
2017-03-29 16:00:00,26.0,52,0.0,15.8,330,7.900000000000002,-13.68320137979413
2017-03-29 17:00:00,24.3,57,0.0,14.0,331,6.787334683448719,-12.24467589995154
2017-03-29 18:00:00,22.2,65,0.0,7.6,341,2.474317973874391,-7.185941174554807
2017-03-29 19:00:00,20.7,72,0.0,6.9,351,1.0793978087775935,-6.815049550106451
2017-03-29 20:00:00,20.0,80,0.0,7.9,357,0.41345405431925736,-7.889173324561134
2017-03-29 21:00:00,20.1,81,0.0,5.4,356,0.3766849582182763,-5.386845871403051
2017-03-29 22:00:00,19.1,86,0.0,6.1,3,-0.31924933308196024,-6.0916401620029
2017-03-29 23:00:00,19.6,83,0.0,3.7,11,-0.7059932828932151,-3.632020578756357
2017-03-30 00:00:00,18.9,87,0.0,3.1,339,1.1109406435904312,-2.8940993221413254
2017-03-30 01:00:00,18.0,92,0.0,4.8,312,3.5670951622914924,-3.2118269105225195
2017-03-30 02:00:00,18.0,93,0.0,3.6,233,2.875087836170254,2.166534083347374
2017-03-30 03:00:00,18.4,92,0.0,4.3,175,-0.3747696938149304,4.283637201794505
2017-03-30 04:00:00,19.1,86,0.0,3.9,124,-3.2332465329646625,2.180852323535913
2017-03-30 05:00:00,19.4,83,0.0,3.1,249,2.8940993221413254,1.1109406435904308
2017-03-30 06:00:00,16.8,95,0.0,7.0,291,6.535062985480412,-2.5085756468171017
2017-03-30 07:00:00,19.2,91,0.0,1.1,360,6.735557395310444e-17,-1.1
2017-03-30 08:00:00,22.1,74,0.0,0.4,360,2.4492935982947065e-17,-0.4
2017-03-30 09:00:00,24.6,63,0.0,3.8,221,2.4930243101639276,2.8678964048465336
2017-03-30 10:00:00,26.5,56,0.0,4.6,219,2.894873798829252,3.5748714227020657
2017-03-30 11:00:00,28.2,51,0.0,5.2,258,5.08636752381579,1.0811407922523486
2017-03-30 12:00:00,28.8,50,0.0,8.9,297,7.929958065276475,-4.040515447681966
2017-03-30 13:00:00,27.5,57,0.0,17.3,317,11.798571629081223,-12.652419038011649
2017-03-30 14:00:00,27.1,56,0.0,16.1,320,10.348880515953285,-12.333315534215547
2017-03-30 15:00:00,26.8,56,0.0,10.6,305,8.683011669463312,-6.079910225321088
2017-03-30 16:00:00,26.4,56,0.0,7.7,307,6.149493427364155,-4.6339756782707715
2017-03-30 17:00:00,25.4,59,0.0,7.6,315,5.374011537017761,-5.37401153701776
2017-03-30 18:00:00,23.5,70,0.0,3.6,315,2.5455844122715714,-2.545584412271571
2017-03-30 19:00:00,22.2,72,0.0,8.2,299,7.171881598543044,-3.9754388860199636
2017-03-30 20:00:00,21.5,81,0.0,4.3,360,2.632990618166809e-16,-4.3
2017-03-30 21:00:00,21.6,81,0.0,5.0,111,-4.667902132486009,1.7918397477265011
2017-03-30 22:00:00,22.8,70,0.0,4.3,95,-4.283637201794505,0.3747696938149302
2017-03-30 23:00:00,22.9,70,0.0,4.7,148,-2.4906205418960625,3.9858260519352027
2017-03-31 00:00:00,20.3,83,0.0,7.8,158,-2.9219314286441143,7.232034065620942
2017-03-31 01:00:00,20.0,85,0.0,7.2,153,-3.2687315981247362,6.415246974156249
2017-03-31 02:00:00,19.7,87,0.0,7.5,145,-4.301823272632846,6.143640332167438
2017-03-31 03:00:00,19.5,87,0.0,7.4,151,-3.587591189822894,6.47218583283153
2017-03-31 04:00:00,19.3,87,0.0,8.6,180,5.265981236333618e-16,8.6
2017-03-31 05:00:00,19.2,88,0.0,8.0,188,1.1133848076805237,7.922144549932563
2017-03-31 06:00:00,18.9,89,0.0,7.5,145,-4.301823272632846,6.143640332167438
2017-03-31 07:00:00,22.5,74,0.0,3.9,112,-3.6160170328104706,1.4609657143220578
2017-03-31 08:00:00,24.7,74,0.0,4.7,184,0.3278554265973886,4.688551036221174
2017-03-31 09:00:00,26.6,64,0.0,6.3,193,1.4171916423663489,6.1385314081469815
2017-03-31 10:00:00,28.5,55,0.0,7.9,231,6.139453095510071,4.971631089293716
2017-03-31 11:00:00,29.6,52,0.0,8.7,253,8.319851376878407,2.5436338310878095
2017-03-31 12:00:00,29.4,53,0.0,11.1,257,10.81550771911611,2.4969567032169016
2017-03-31 13:00:00,28.2,61,0.6,12.2,284,11.837607860567156,-2.951447126315946
2017-03-31 14:00:00,28.3,63,0.0,6.6,248,6.1194134401407965,2.472403516545019
2017-03-31 15:00:00,25.3,75,5.9,21.0,282,20.54109961540992,-4.366145507172946
2017-03-31 16:00:00,22.0,86,2.2,18.1,7,-2.205835115633164,-17.96508534470793
2017-03-31 17:00:00,20.3,85,0.2,15.7,349,2.995701227411755,-15.411546780128324
2017-03-31 18:00:00,16.6,82,0.0,24.2,342,7.478211263873728,-23.015567694342714
2017-03-31 19:00:00,14.8,84,0.0,26.3,1,-0.45899828930055603,-26.29599438261309
2017-03-31 20:00:00,14.1,89,0.8,21.5,18,-6.643865379061372,-20.4477151003458
2017-03-31 21:00:00,14.6,91,2.8,17.2,344,4.740962520052386,-16.533701170139086
2017-03-31 22:00:00,14.0,87,3.4,22.4,356,1.5625450118684052,-22.34543472582006
2017-03-31 23:00:00,13.9,83,0.7000000000000001,27.8,350,4.827419339140666,-27.377655533739382
2017-04-01 00:00:00,14.2,78,0.0,23.6,7,-2.8761165043614736,-23.4240891787352
2017-04-01 01:00:00,14.2,77,0.0,15.1,357,0.7902729392684539,-15.079305974794064
2017-04-01 02:00:00,13.9,78,0.4,22.8,354,2.383248962502499,-22.67509921439663
2017-04-01 03:00:00,13.9,77,0.1,22.0,358,0.7677889274550238,-21.986598194420107
2017-04-01 04:00:00,14.3,74,0.0,17.0,17,-4.970318980286531,-16.2571808513716
2017-04-01 05:00:00,14.3,80,0.3,6.0,25,-2.5357095704441948,-5.4378467222199
2017-04-01 06:00:00,14.2,89,0.9,4.1,322,2.524212048835199,-3.23084408978756
2017-04-01 07:00:00,13.6,87,0.4,19.4,342,5.99492969087398,-18.450496416125976
2017-04-01 08:00:00,15.0,75,0.0,22.0,357,1.1513910373447673,-21.969849764600625
2017-04-01 09:00:00,16.5,65,0.0,19.8,360,1.2124003311558797e-15,-19.8
2017-04-01 10:00:00,18.9,54,0.0,19.5,3,-1.020551146737414,-19.47327592771419
2017-04-01 11:00:00,20.5,50,0.0,16.9,358,0.5898014942722682,-16.889704976622717
2017-04-01 12:00:00,21.8,45,0.0,18.9,351,2.956611389260364,-18.667309637248103
2017-04-01 13:00:00,21.9,46,0.0,23.6,352,3.284485182657545,-23.370326422301062
2017-04-01 14:00:00,21.2,47,0.0,24.9,355,2.1701779944166875,-24.805247982484463
2017-04-01 15:00:00,20.8,50,0.0,22.0,359,0.3839529416202392,-21.99664929344061
2017-04-01 16:00:00,20.1,51,0.0,19.1,359,0.33334096295211674,-19.097090977487074
2017-04-01 17:00:00,19.0,55,0.0,16.6,358,0.579331645261518,-16.58988772851699
2017-04-01 18:00:00,17.0,59,0.0,15.5,357,0.8112073217656315,-15.478757788695894
2017-04-01 19:00:00,15.7,61,0.0,13.1,8,-1.8231676225768623,-12.97251170051457
2017-04-01 20:00:00,15.5,60,0.0,8.1,21,-2.9027803913169357,-7.562001454627333
2017-04-01 21:00:00,15.0,57,0.0,7.6,31,-3.914289369316414,-6.514471485336052
2017-04-01 22:00:00,13.7,60,0.0,7.7,37,-4.6339756782707715,-6.149493427364155
2017-04-01 23:00:00,12.9,62,0.0,9.5,37,-5.717242719944458,-7.587037345449282
2017-04-02 00:00:00,12.8,55,0.0,10.3,25,-4.352968095929202,-9.334970206477497
2017-04-02 01:00:00,13.4,45,0.0,8.3,18,-2.564841053312065,-7.893769085249775
2017-04-02 02:00:00,12.8,47,0.0,8.0,10,-1.3891854213354426,-7.878462024097664
2017-04-02 03:00:00,12.7,47,0.0,7.9,357,0.41345405431925736,-7.889173324561134
2017-04-02 04:00:00,11.7,53,0.0,7.2,360,4.4087284769304716e-16,-7.2
2017-04-02 05:00:00,10.4,63,0.0,7.6,8,-1.0577155672965002,-7.526037322435934
2017-04-02 06:00:00,9.5,72,0.0,7.3,11,-1.3929056662487755,-7.165878439167947
2017-04-02 07:00:00,13.1,66,0.0,6.9,354,0.7212463965468089,-6.862201078041086
2017-04-02 08:00:00,16.3,46,0.0,6.7,344,1.8467702839738944,-6.440453362786736
2017-04-02 09:00:00,18.8,38,0.0,6.9,354,0.7212463965468089,-6.862201078041086
2017-04-02 10:00:00,20.8,35,0.0,7.3,9,-1.1419715947936866,-7.210124886344505
2017-04-02 11:00:00,22.5,33,0.0,8.7,5,-0.7582549619046267,-8.666893873398186
2017-04-02 12:00:00,23.6,31,0.0,11.5,2,-0.40134421207875876,-11.492994510719601
2017-04-02 13:00:00,24.1,31,0.0,15.1,1,-0.26353133720298083,-15.097700196861508
2017-04-02 14:00:00,24.1,33,0.0,15.9,5,-1.3857763096877662,-15.839495699658755
2017-04-02 15:00:00,23.9,35,0.0,14.9,8,-2.0736792043049808,-14.754994224249398
2017-04-02 16:00:00,23.4,37,0.0,13.9,10,-2.4137096695703315,-13.688827766869691
2017-04-02 17:00:00,22.1,44,0.0,11.5,2,-0.40134421207875876,-11.492994510719601
2017-04-02 18:00:00,19.0,50,0.0,9.4,353,1.1455718280083864,-9.329933825428427
2017-04-02 19:00:00,15.8,57,0.0,6.6,347,1.4846769586695083,-6.430842427582553
2017-04-02 20:00:00,15.5,60,0.0,6.0,303,5.032023407672544,-3.2678342100901627
2017-04-02 21:00:00,14.5,67,0.0,6.3,239,5.400153994423308,3.244739871933341
2017-04-02 22:00:00,13.6,70,0.0,7.8,214,4.361704647071825,6.466493065929326
2017-04-02 23:00:00,13.3,72,0.0,8.4,205,3.5499933986218752,7.61298541110786
2017-04-03 00:00:00,13.2,73,0.0,4.3,95,-4.283637201794505,0.3747696938149302
2017-04-03 01:00:00,13.9,70,0.0,4.7,81,-4.6421352007971475,-0.7352419856890845
2017-04-03 02:00:00,13.5,74,0.0,6.5,84,-6.4643923198937765,-0.6794350112397477
2017-04-03 03:00:00,12.5,80,0.0,6.6,77,-6.430842427582553,-1.4846769586695088
2017-04-03 04:00:00,12.1,81,0.0,6.1,62,-5.385980316439453,-2.863776532993934
2017-04-03 05:00:00,11.8,81,0.0,5.9,43,-4.023790324368742,-4.314986839553106
2017-04-03 06:00:00,11.7,81,0.0,5.9,47,-4.314986839553106,-4.023790324368741
2017-04-03 07:00:00,14.9,71,0.0,7.4,29,-3.5875911898228927,-6.4721858328315305
2017-04-03 08:00:00,19.7,55,0.0,3.8,41,-2.4930243101639276,-2.8678964048465336
2017-04-03 09:00:00,21.6,43,0.0,1.4,360,8.572527594031472e-17,-1.4
2017-04-03 10:00:00,23.1,41,0.0,3.3,167,-0.7423384793347546,3.2154212137912763
2017-04-03 11:00:00,24.3,41,0.0,5.6,165,-1.4493866525741166,5.4091846272187825
2017-04-03 12:00:00,25.3,41,0.0,5.2,168,-1.0811407922523486,5.08636752381579
2017-04-03 13:00:00,25.9,40,0.0,1.5,135,-1.0606601717798212,1.0606601717798214
2017-04-03 14:00:00,26.5,37,0.0,4.1,315,2.899137802864845,-2.8991378028648445
2017-04-03 15:00:00,25.4,44,0.0,12.3,320,7.906287599144434,-9.42234665036343
2017-04-03 16:00:00,24.1,45,0.0,15.0,318,10.036959095382873,-11.147172382160914
2017-04-03 17:00:00,22.9,47,0.0,10.7,310,8.196675541373065,-6.87782742364597
2017-04-03 18:00:00,19.8,63,0.0,6.9,298,6.092338390726597,-3.2393537832226467
2017-04-03 19:00:00,20.2,55,0.0,5.1,274,5.087576656325103,-0.35575801609503904
2017-04-03 20:00:00,19.2,60,0.0,4.4,189,0.6883116461770161,4.3458286986186065
2017-04-03 21:00:00,18.7,64,0.0,6.1,177,-0.3192493330819574,6.0916401620029
2017-04-03 22:00:00,18.9,67,0.0,7.9,196,2.1775351109542935,7.59396739791272
2017-04-03 23:00:00,18.5,69,0.0,9.1,187,1.1090110249868421,9.032169979936029
2017-04-04 00:00:00,18.2,71,0.0,9.4,180,5.755839955992561e-16,9.4
2017-04-04 01:00:00,18.3,70,0.0,9.7,180,5.939536975864663e-16,9.7
2017-04-04 02:00:00,17.4,74,0.0,7.0,168,-1.4553818357243153,6.84703320513664
2017-04-04 03:00:00,16.7,77,0.0,6.7,164,-1.8467702839738938,6.440453362786736
2017-04-04 04:00:00,16.0,79,0.0,7.8,158,-2.9219314286441143,7.232034065620942
2017-04-04 05:00:00,15.9,77,0.0,6.4,137,-4.364789504399989,4.6806636903626915
2017-04-04 06:00:00,15.0,84,0.0,7.2,117,-6.415246974156248,3.2687315981247376
2017-04-04 07:00:00,18.5,72,0.0,4.0,100,-3.939231012048832,0.6945927106677211
2017-04-04 08:00:00,21.6,58,0.0,7.4,166,-1.7902220274375418,7.180188374442374
2017-04-04 09:00:00,23.0,55,0.0,7.7,191,1.4692292643993958,7.558529312547013
2017-04-04 10:00:00,24.3,47,0.0,7.4,209,3.587591189822895,6.472185832831529
2017-04-04 11:00:00,25.3,45,0.0,6.2,234,5.0159053651246746,3.6442685642133337
2017-04-04 12:00:00,26.5,41,0.0,3.6,233,2.875087836170254,2.166534083347374
2017-04-04 13:00:00,25.6,48,0.0,12.8,286,12.304149708010483,-3.5281581544575893
2017-04-04 14:00:00,25.0,52,0.0,14.9,290,14.001420049710037,-5.096100135552464
2017-04-04 15:00:00,25.2,51,0.0,12.1,297,10.78117894267925,-5.4932850468485155
2017-04-04 16:00:00,24.4,50,0.0,13.4,297,11.93948742412413,-6.083472696509927
2017-04-04 17:00:00,23.1,54,0.0,11.6,306,9.38459713474939,-6.818308926592688
2017-04-04 18:00:00,20.9,63,0.0,5.6,320,3.5996106142446203,-4.289848881466277
2017-04-04 19:00:00,18.5,76,0.0,6.9,354,0.7212463965468089,-6.862201078041086
2017-04-04 20:00:00,19.0,74,0.0,6.1,360,3.735172737399427e-16,-6.1
2017-04-04 21:00:00,19.8,69,0.0,2.8,320,1.7998053071223101,-2.1449244407331385
2017-04-04 22:00:00,20.1,65,0.0,3.1,291,2.8940993221413254,-1.1109406435904308
2017-04-04 23:00:00,18.9,71,0.0,5.1,315,3.6062445840513924,-3.606244584051392
2017-04-05 00:00:00,18.7,69,0.0,4.7,356,0.3278554265973886,-4.688551036221174
2017-04-05 01:00:00,17.7,70,0.0,5.1,39,-3.2095339943541727,-3.96344440343055
2017-04-05 02:00:00,17.0,74,0.0,5.5,58,-4.664264528860343,-2.914555953282626
2017-04-05 03:00:00,16.3,80,0.0,4.9,54,-3.964183272437243,-2.880147736233118
2017-04-05 04:00:00,15.8,84,0.0,4.1,52,-3.23084408978756,-2.5242120488351985
2017-04-05 05:00:00,15.3,87,0.0,4.1,45,-2.8991378028648453,-2.8991378028648445
2017-04-05 06:00:00,15.5,86,0.0,5.9,52,-4.64926344627966,-3.6324027044213834
2017-04-05 07:00:00,18.4,73,0.0,6.4,38,-3.940233442084212,-5.043268823083022
2017-04-05 08:00:00,22.7,54,0.0,7.9,43,-5.387787044493739,-5.777694242791447
2017-04-05 09:00:00,24.6,51,0.0,7.0,21,-2.508575646817105,-6.535062985480412
2017-04-05 10:00:00,26.1,49,0.0,7.3,340,2.4967470462773824,-6.8597561317371305
2017-04-05 11:00:00,27.3,46,0.0,8.7,330,4.3500000000000005,-7.534421012924615
2017-04-05 12:00:00,27.9,45,0.0,10.5,329,5.407899786555569,-9.00025665737218
2017-04-05 13:00:00,28.1,44,0.0,12.3,328,6.518006950068421,-10.43099158272404
2017-04-05 14:00:00,27.6,44,0.0,15.5,324,9.110671410533334,-12.539763412811686
2017-04-05 15:00:00,26.9,45,0.0,14.7,329,7.571059701177796,-12.60035932032105
2017-04-05 16:00:00,26.4,45,0.0,13.5,331,6.544929873325551,-11.807366046381842
2017-04-05 17:00:00,25.1,51,0.0,14.0,325,8.030070108914646,-11.468128620045885
2017-04-05 18:00:00,22.9,60,0.0,8.5,324,4.996174644486022,-6.876644452187053
2017-04-05 19:00:00,20.2,76,0.0,7.4,313,5.412017391981862,-5.046787864462489
2017-04-05 20:00:00,20.7,73,0.0,4.7,270,4.7,0.0
2017-04-05 21:00:00,21.3,71,0.0,1.6,243,1.4256104387013888,0.7263847995832748
2017-04-05 22:00:00,21.1,72,0.0,0.8,207,0.3631923997916375,0.7128052193506943
2017-04-05 23:00:00,20.8,74,0.0,2.2,180,1.3471114790620887e-16,2.2
2017-04-06 00:00:00,20.8,73,0.0,2.9,120,-2.511473670974872,1.4499999999999997
2017-04-06 01:00:00,18.3,82,0.0,6.5,90,-6.5,7.960204194457795e-16
2017-04-06 02:00:00,18.2,78,0.0,4.9,73,-4.685893304218874,-1.4326213531414103
2017-04-06 03:00:00,18.0,79,0.0,4.1,75,-3.96029588778518,-1.0611580849203353
2017-04-06 04:00:00,17.8,81,0.0,4.1,75,-3.96029588778518,-1.0611580849203353
2017-04-06 05:00:00,17.4,85,0.0,3.8,49,-2.867896404846534,-2.4930243101639267
2017-04-06 06:00:00,17.8,83,0.0,3.1,54,-2.5079526825623377,-1.8221342821066664
2017-04-06 07:00:00,20.8,72,0.0,3.6,45,-2.545584412271572,-2.545584412271571
2017-04-06 08:00:00,23.0,67,0.0,2.9,330,1.4500000000000002,-2.5114736709748717
2017-04-06 09:00:00,25.1,56,0.0,6.9,313,5.046340541172277,-4.70578868443124
2017-04-06 10:00:00,26.5,50,0.0,5.9,317,4.023790324368742,-4.314986839553106
2017-04-06 11:00:00,28.3,45,0.0,9.4,317,6.410784584587486,-6.874724795220202
2017-04-06 12:00:00,28.7,46,0.0,10.7,310,8.196675541373065,-6.87782742364597
2017-04-06 13:00:00,28.9,47,0.0,9.7,309,7.538315826132617,-6.104407793183422
2017-04-06 14:00:00,29.0,48,0.0,10.5,311,7.924450592339106,-6.888619804400326
2017-04-06 15:00:00,27.6,56,0.9,11.5,314,8.272407703894489,-7.988571260278468
2017-04-06 16:00:00,27.3,57,0.0,9.4,310,7.200817765318393,-6.042203531053469
2017-04-06 17:00:00,26.6,60,0.0,9.2,309,7.149742845404131,-5.789747597658503
2017-04-06 18:00:00,24.3,72,0.5,7.2,297,6.415246974156249,-3.2687315981247367
2017-04-06 19:00:00,22.7,81,0.0,5.8,338,2.1727182418122895,-5.377666356487367
2017-04-06 20:00:00,24.1,70,0.0,3.6,6,-0.3763024677635521,-3.5802788233257843
2017-04-06 21:00:00,22.5,80,0.0,5.4,184,0.3766849582182763,5.386845871403051
2017-04-06 22:00:00,22.2,81,0.0,5.6,230,4.289848881466277,3.5996106142446194
2017-04-06 23:00:00,21.6,84,0.0,5.4,266,5.386845871403051,0.37668495821827663
2017-04-07 00:00:00,21.2,86,0.0,3.8,49,-2.867896404846534,-2.4930243101639267
2017-04-07 01:00:00,22.2,80,0.0,5.9,101,-5.791600382341218,1.1257730727216153
2017-04-07 02:00:00,22.8,76,0.0,5.2,102,-5.08636752381579,1.0811407922523484
2017-04-07 03:00:00,22.3,80,0.4,3.8,107,-3.633958072659535,1.111012477946399
2017-04-07 04:00:00,22.5,80,0.0,6.6,112,-6.119413440140796,2.4724035165450204
2017-04-07 05:00:00,22.4,80,0.1,6.2,97,-6.153786140176196,0.7555899291119148
2017-04-07 06:00:00,21.8,84,0.0,4.2,31,-2.163159914622229,-3.600102662948871
2017-04-07 07:00:00,22.0,85,0.0,8.0,10,-1.3891854213354426,-7.878462024097664
2017-04-07 08:00:00,24.1,82,0.0,11.7,11,-2.232465245905572,-11.485038046337667
2017-04-07 09:00:00,25.6,75,0.3,11.2,15,-2.898773305148231,-10.818369254437565
2017-04-07 10:00:00,25.8,75,0.6,6.1,357,0.3192493330819582,-6.0916401620029
2017-04-07 11:00:00,26.5,74,0.3,2.1,329,1.0815799573111138,-1.800051331474436
2017-04-07 12:00:00,26.7,75,0.4,3.1,216,1.8221342821066668,2.5079526825623373
2017-04-07 13:00:00,26.9,74,0.2,5.4,188,0.7515347451843536,5.34744757120448
2017-04-07 14:00:00,27.1,72,0.2,5.2,192,1.0811407922523493,5.086367523815789
2017-04-07 15:00:00,26.4,75,0.2,7.9,156,-3.213219480298822,7.217009115376547
2017-04-07 16:00:00,27.1,68,0.0,6.4,142,-3.9402334420842133,5.043268823083022
2017-04-07 17:00:00,27.0,69,0.1,3.5,204,1.4235782507653008,3.197409101749103
2017-04-07 18:00:00,25.0,82,0.0,6.1,230,4.6728711030257655,3.921004419087889
2017-04-07 19:00:00,23.1,88,0.5,8.4,277,8.337387673787106,-1.0237024846032388
2017-04-07 20:00:00,23.6,86,0.0,5.8,263,5.756767679519667,0.7068421917498553
2017-04-07 21:00:00,22.9,90,0.0,5.2,295,4.7128004925905795,-2.197614961051637
2017-04-07 22:00:00,23.9,85,0.0,3.8,229,2.8678964048465336,2.4930243101639276
2017-04-07 23:00:00,23.5,86,0.0,2.4,207,1.0895771993749124,2.138415658052083
2017-04-08 00:00:00,22.9,89,0.0,0.7000000000000001,360,4.2862637970157366e-17,-0.7000000000000001
2017-04-08 01:00:00,20.9,93,0.0,4.7,67,-4.32637281122647,-1.8364363038995857
2017-04-08 02:00:00,20.2,93,0.0,4.9,73,-4.685893304218874,-1.4326213531414103
2017-04-08 03:00:00,19.9,92,0.0,4.9,73,-4.685893304218874,-1.4326213531414103
2017-04-08 04:00:00,19.8,90,0.0,4.0,80,-3.939231012048832,-0.6945927106677219
2017-04-08 05:00:00,19.4,90,0.0,5.0,90,-5.0,6.123233995736766e-16
2017-04-08 06:00:00,20.1,86,0.0,3.6,84,-3.580278823325784,-0.3763024677635526
2017-04-08 07:00:00,22.8,78,0.0,4.7,90,-4.7,5.755839955992561e-16
2017-04-08 08:00:00,25.6,70,0.0,2.9,150,-1.4499999999999993,2.511473670974872
2017-04-08 09:00:00,27.5,63,0.0,3.1,216,1.8221342821066668,2.5079526825623373
2017-04-08 10:00:00,28.9,58,0.0,5.7,215,3.269385687200963,4.669166652447253
2017-04-08 11:00:00,30.1,52,0.0,7.4,219,4.656970893768798,5.750880114781585
2017-04-08 12:00:00,31.3,47,0.0,6.6,225,4.666904755831213,4.666904755831213
2017-04-08 13:00:00,30.9,48,0.0,9.5,279,9.38303923565381,-1.4861274178821933
2017-04-08 14:00:00,29.4,61,0.4,14.9,290,14.001420049710037,-5.096100135552464
2017-04-08 15:00:00,29.2,64,0.2,9.7,272,9.694091022085228,-0.3385251180142594
2017-04-08 16:00:00,29.4,61,0.2,4.9,234,3.9641832724372428,2.8801477362331185
2017-04-08 17:00:00,28.4,64,0.1,8.0,280,7.878462024097664,-1.3891854213354426
2017-04-08 18:00:00,26.0,79,0.0,11.4,294,10.41441821712565,-4.636797731064123
2017-04-08 19:00:00,24.4,87,0.0,4.3,312,3.195522749552795,-2.8772616073430903
2017-04-08 20:00:00,23.8,91,0.0,6.1,270,6.1,0.0
2017-04-08 21:00:00,24.4,91,0.0,3.6,225,2.5455844122715714,2.545584412271571
2017-04-08 22:00:00,24.2,92,0.0,3.5,156,-1.423578250765301,3.197409101749103
2017-04-08 23:00:00,24.2,90,0.0,3.5,156,-1.423578250765301,3.197409101749103
2017-04-09 00:00:00,23.5,92,0.0,4.7,157,-1.8364363038995868,4.326372811226469
2017-04-09 01:00:00,23.1,92,0.0,5.1,135,-3.606244584051392,3.6062445840513924
2017-04-09 02:00:00,22.5,94,0.0,5.6,130,-4.289848881466276,3.5996106142446207
2017-04-09 03:00:00,22.2,93,0.0,4.9,126,-3.9641832724372423,2.880147736233119
2017-04-09 04:00:00,21.7,93,0.0,4.0,100,-3.939231012048832,0.6945927106677211
2017-04-09 05:00:00,21.2,92,0.0,4.4,99,-4.345828698618606,0.6883116461770163
2017-04-09 06:00:00,21.3,86,0.0,4.6,141,-2.894873798829251,3.5748714227020666
2017-04-09 07:00:00,23.7,84,0.0,4.7,184,0.3278554265973886,4.688551036221174
2017-04-09 08:00:00,25.2,82,0.0,5.2,196,1.4333142502483958,4.998560818879258
2017-04-09 09:00:00,27.0,71,0.0,6.6,202,2.4724035165450187,6.1194134401407965
2017-04-09 10:00:00,28.3,63,0.0,8.7,232,6.85569355637848,5.356254835333226
2017-04-09 11:00:00,30.1,55,0.0,10.2,225,7.212489168102785,7.212489168102784
2017-04-09 12:00:00,31.5,51,0.0,11.0,229,8.301805382450492,7.2166493188955805
2017-04-09 13:00:00,32.3,50,0.0,14.1,232,11.110951625854778,8.680826802091781
2017-04-09 14:00:00,31.8,53,0.0,17.6,235,14.417075979486256,10.094945279778411
2017-04-09 15:00:00,31.3,57,0.2,16.6,229,12.528179031698016,10.890579881242422
2017-04-09 16:00:00,30.3,60,0.0,19.4,235,15.89154965920644,11.127382865210292
2017-04-09 17:00:00,28.6,62,0.0,17.9,236,14.839772548735244,10.009552972126368
2017-04-09 18:00:00,26.9,68,0.0,13.5,241,11.807366046381842,6.54492987332555
2017-04-09 19:00:00,25.2,75,0.0,10.0,232,7.880107536067219,6.156614753256583
2017-04-09 20:00:00,24.6,83,0.0,5.5,203,2.1490212066910055,5.062776693988422
2017-04-09 21:00:00,24.6,84,0.0,7.2,174,-0.7526049355271056,7.160557646651568
2017-04-09 22:00:00,24.8,83,0.0,8.3,178,-0.28966582263075796,8.294943864258496
2017-04-09 23:00:00,24.3,85,0.0,7.4,194,1.7902220274375409,7.180188374442374
2017-04-10 00:00:00,23.4,89,0.0,6.9,186,0.7212463965468089,6.862201078041086
2017-04-10 01:00:00,22.8,91,0.0,4.9,163,-1.4326213531414098,4.685893304218874
2017-04-10 02:00:00,22.3,92,0.0,4.6,141,-2.894873798829251,3.5748714227020666
2017-04-10 03:00:00,22.3,91,0.0,4.8,132,-3.567095162291491,3.21182691052252
2017-04-10 04:00:00,21.8,90,0.0,4.6,129,-3.5748714227020657,2.8948737988292517
2017-04-10 05:00:00,21.4,86,0.0,4.1,128,-3.2308440897875594,2.5242120488351993
2017-04-10 06:00:00,21.6,80,0.0,4.4,125,-3.6042689948715645,2.5237363199446023
2017-04-10 07:00:00,24.8,68,0.0,5.8,150,-2.8999999999999986,5.022947341949744
2017-04-10 08:00:00,27.8,62,0.0,9.8,197,2.8652427062828205,9.371786608437748
2017-04-10 09:00:00,30.4,53,0.0,16.2,217,9.749403375063183,12.937895262766144
2017-04-10 10:00:00,31.8,47,0.0,18.9,215,10.840594647034772,15.481973637061945
2017-04-10 11:00:00,32.9,44,0.0,18.1,223,12.344170317131223,13.237501999306986
2017-04-10 12:00:00,33.8,42,0.0,19.6,223,13.36716785722497,14.334532551735743
2017-04-10 13:00:00,33.9,41,0.0,21.4,228,15.903299265216235,14.319394976079565
2017-04-10 14:00:00,33.6,40,0.0,23.7,221,15.548598987075023,17.886617051279696
2017-04-10 15:00:00,32.9,42,0.0,23.9,217,14.383379053333956,19.087388690130297
2017-04-10 16:00:00,31.7,48,0.0,23.2,222,15.52383006752551,17.240959951075546
2017-04-10 17:00:00,30.1,54,0.0,21.7,228,16.126242712859455,14.520134157987224
2017-04-10 18:00:00,28.3,59,0.0,18.2,231,14.14405649851687,11.45363111710704
2017-04-10 19:00:00,27.1,64,0.0,18.6,223,12.685169497162473,13.603178850116572
2017-04-10 20:00:00,26.3,66,0.0,14.2,210,7.100000000000001,12.297560733739028
2017-04-10 21:00:00,26.2,67,0.0,13.0,204,5.287576359985403,11.876090949353811
2017-04-10 22:00:00,26.2,68,0.0,13.8,208,6.478707566445294,12.184676781453192
2017-04-10 23:00:00,25.9,69,0.0,15.1,218,9.29648827741744,11.898962379461501
2017-04-11 00:00:00,26.0,71,0.0,16.6,221,10.890579881242422,12.528179031698016
2017-04-11 01:00:00,25.8,74,0.0,17.6,215,10.094945279778413,14.417075979486256
2017-04-11 02:00:00,25.3,78,0.0,15.7,217,9.448495863487159,12.538577507742497
2017-04-11 03:00:00,24.9,81,0.0,15.3,214,8.555651423102427,12.68427486009214
2017-04-11 04:00:00,24.6,83,0.0,12.1,197,3.5376976271451146,11.571287547152728
2017-04-11 05:00:00,24.1,83,0.1,5.1,172,-0.7097828148963332,5.050367150582009
2017-04-11 06:00:00,23.8,82,0.0,5.2,196,1.4333142502483958,4.998560818879258
2017-04-11 07:00:00,25.0,82,0.5,7.3,189,1.1419715947936857,7.210124886344506
2017-04-11 08:00:00,25.4,83,1.1,12.2,225,8.62670273047588,8.626702730475879
2017-04-11 09:00:00,26.4,78,0.0,12.6,178,-0.439733658451512,12.592324420440606
2017-04-11 10:00:00,27.7,71,0.6,13.2,206,5.786499137615822,11.864081411149003
2017-04-11 11:00:00,27.5,74,1.0,7.9,227,5.777694242791447,5.387787044493738
2017-04-11 12:00:00,26.8,83,1.3,7.3,259,7.165878439167947,1.392905666248777
2017-04-11 13:00:00,25.9,88,2.0,11.3,253,10.806243742382302,3.303800263366926
2017-04-11 14:00:00,26.0,86,2.4,6.9,219,4.342310698243879,5.3623071340531
2017-04-11 15:00:00,26.2,88,1.6,10.5,207,4.766900247265242,9.355568503977862
2017-04-11 16:00:00,25.9,89,1.5,9.1,236,7.544241910250879,5.0886554215837965
2017-04-11 17:00:00,24.9,93,1.7000000000000002,7.9,270,7.9,0.0
2017-04-11 18:00:00,24.5,91,0.3,7.1,311,5.358438019581681,-4.658019105832602
2017-04-11 19:00:00,23.7,93,0.0,5.2,348,1.0811407922523493,-5.086367523815789
2017-04-11 20:00:00,24.2,96,0.0,2.2,81,-2.1729143493093033,-0.3441558230885076
2017-04-11 21:00:00,24.1,96,2.2,4.4,261,4.3458286986186065,0.6883116461770159
2017-04-11 22:00:00,23.5,99,6.1,1.4,360,8.572527594031472e-17,-1.4
2017-04-11 23:00:00,22.9,100,9.2,10.6,332,4.976398565530443,-9.359244484304625
2017-04-12 00:00:00,21.6,100,6.7,12.3,328,6.518006950068421,-10.43099158272404
2017-04-12 01:00:00,20.9,98,10.3,7.7,311,5.811263767715345,-5.051654523226906
2017-04-12 02:00:00,20.2,97,0.8,7.6,335,3.211898789229316,-6.887939181478539
2017-04-12 03:00:00,19.7,96,3.3,7.3,340,2.4967470462773824,-6.8597561317371305
2017-04-12 04:00:00,19.0,94,0.5,12.5,321,7.866504888122969,-9.714324518212136
2017-04-12 05:00:00,18.6,94,0.1,9.5,9,-1.4861274178821948,-9.383039235653808
2017-04-12 06:00:00,19.0,95,0.6,7.0,348,1.4553818357243162,-6.847033205136639
2017-04-12 07:00:00,19.1,94,1.7000000000000002,11.1,324,6.524416300446451,-8.980088637561916
2017-04-12 08:00:00,21.5,91,1.6,10.2,309,7.926888806861102,-6.419067988708341
2017-04-12 09:00:00,22.7,88,1.9,6.9,298,6.092338390726597,-3.2393537832226467
2017-04-12 10:00:00,24.0,85,0.5,5.0,300,4.330127018922194,-2.4999999999999996
2017-04-12 11:00:00,24.1,83,0.5,7.1,330,3.5500000000000007,-6.148780366869514
2017-04-12 12:00:00,23.9,79,1.0,11.8,348,2.453357951649562,-11.542141688658907
2017-04-12 13:00:00,23.2,73,0.0,15.5,357,0.8112073217656315,-15.478757788695894
2017-04-12 14:00:00,22.3,73,0.1,15.1,1,-0.26353133720298083,-15.097700196861508
2017-04-12 15:00:00,22.4,71,0.0,12.2,2,-0.42577385977050924,-12.192568089632967
2017-04-12 16:00:00,21.9,71,0.1,11.2,356,0.7812725059342026,-11.17271736291003
2017-04-12 17:00:00,21.2,73,0.2,10.8,358,0.3769145643870117,-10.793420931806235
2017-04-12 18:00:00,20.5,74,0.2,9.7,2,-0.33852511801425733,-9.694091022085228
2017-04-12 19:00:00,19.7,75,0.1,8.4,350,1.4586446924022156,-8.272385125302547
2017-04-12 20:00:00,18.3,86,0.1,7.7,11,-1.4692292643993936,-7.558529312547013
2017-04-12 21:00:00,18.8,87,0.2,6.5,360,3.9801020972288977e-16,-6.5
2017-04-12 22:00:00,18.7,88,0.0,6.4,344,1.7640790772287946,-6.1520748540052415
2017-04-12 23:00:00,18.5,91,0.5,7.5,325,4.301823272632846,-6.143640332167439
2017-04-13 00:00:00,18.4,87,0.5,10.0,334,4.383711467890775,-8.98794046299167
2017-04-13 01:00:00,18.1,87,0.7000000000000001,10.5,344,2.8941922360784913,-10.093247807352348
2017-04-13 02:00:00,17.8,92,2.1,7.6,352,1.0577155672964975,-7.5260373224359345
2017-04-13 03:00:00,17.9,93,3.8,7.3,340,2.4967470462773824,-6.8597561317371305
2017-04-13 04:00:00,17.7,93,4.0,10.6,325,6.079910225321089,-8.683011669463312
2017-04-13 05:00:00,17.2,93,3.3,11.7,349,2.2324652459055754,-11.485038046337667
2017-04-13 06:00:00,17.4,93,3.5,7.6,341,2.474317973874391,-7.185941174554807
2017-04-13 07:00:00,17.4,93,2.4,6.6,347,1.4846769586695083,-6.430842427582553
2017-04-13 08:00:00,18.9,90,1.2,4.6,309,3.5748714227020657,-2.8948737988292517
2017-04-13 09:00:00,19.7,89,1.7000000000000002,7.4,321,4.656970893768798,-5.750880114781585
2017-04-13 10:00:00,20.7,86,1.5,3.9,338,1.4609657143220567,-3.616017032810471
2017-04-13 11:00:00,20.9,87,0.8,1.3,304,1.0777488443215542,-0.726950774511971
2017-04-13 12:00:00,21.4,88,0.5,1.8,281,1.7669289302057951,-0.34345619167778063
2017-04-13 13:00:00,21.3,91,0.7000000000000001,3.1,315,2.1920310216782974,-2.192031021678297
2017-04-13 14:00:00,21.3,93,2.1,4.1,345,1.061158084920335,-3.96029588778518
2017-04-13 15:00:00,21.0,94,1.5,4.0,5,-0.348622970990633,-3.984778792366982
2017-04-13 16:00:00,21.0,95,1.0,3.2,27,-1.4527695991665501,-2.851220877402777
2017-04-13 17:00:00,20.8,98,0.8,3.3,13,-0.7423384793347553,-3.215421213791276
2017-04-13 18:00:00,20.5,100,1.2,3.8,343,1.1110124779463997,-3.6339580726595346
2017-04-13 19:00:00,20.2,100,2.2,2.2,9,-0.3441558230885083,-2.172914349309303
2017-04-13 20:00:00,20.6,97,2.5,6.1,357,0.3192493330819582,-6.0916401620029
2017-04-13 21:00:00,20.2,98,0.0,6.5,341,2.116193003971519,-6.145870741395559
2017-04-13 22:00:00,20.0,98,0.0,6.8,342,2.1013155617496424,-6.467184310807044
2017-04-13 23:00:00,20.0,97,0.0,5.8,338,2.1727182418122895,-5.377666356487367
2017-04-14 00:00:00,20.1,96,0.2,3.4,18,-1.0506577808748216,-3.233592155403522
2017-04-14 01:00:00,19.8,96,0.5,4.2,20,-1.436484601967808,-3.9467090073008158
2017-04-14 02:00:00,19.8,94,0.4,3.3,347,0.7423384793347542,-3.2154212137912763
2017-04-14 03:00:00,19.9,94,0.1,1.3,326,0.7269507745119709,-1.0777488443215544
2017-04-14 04:00:00,19.3,95,0.7000000000000001,3.1,291,2.8940993221413254,-1.1109406435904308
2017-04-14 05:00:00,19.4,96,0.7000000000000001,2.3,342,0.7107390870623791,-2.1874299874788528
2017-04-14 06:00:00,19.1,98,0.0,4.1,15,-1.0611580849203346,-3.96029588778518
2017-04-14 07:00:00,20.7,94,0.2,5.0,30,-2.500000000000002,-4.330127018922192
2017-04-14 08:00:00,22.4,86,0.4,4.6,342,1.4214781741247582,-4.3748599749577055
2017-04-14 09:00:00,24.1,78,0.1,5.1,356,0.35575801609503865,-5.087576656325103
2017-04-14 10:00:00,25.7,71,0.0,4.0,5,-0.348622970990633,-3.984778792366982
2017-04-14 11:00:00,27.0,66,0.0,1.3,34,-0.7269507745119705,-1.0777488443215544
2017-04-14 12:00:00,27.5,63,0.2,1.8,259,1.7669289302057951,0.34345619167778063
2017-04-14 13:00:00,27.2,66,0.2,10.2,309,7.926888806861102,-6.419067988708341
2017-04-14 14:00:00,27.0,72,0.1,11.9,325,6.8255595925774495,-9.747909327039002
2017-04-14 15:00:00,26.6,71,0.0,10.5,329,5.407899786555569,-9.00025665737218
2017-04-14 16:00:00,26.0,72,0.0,10.2,328,5.40517649517869,-8.650090580795544
2017-04-14 17:00:00,24.9,75,0.0,9.2,329,4.738350289172498,-7.8859391664594325
2017-04-14 18:00:00,23.6,80,0.0,3.5,336,1.4235782507653008,-3.197409101749103
2017-04-14 19:00:00,22.5,87,0.0,3.4,342,1.0506577808748212,-3.233592155403522
2017-04-14 20:00:00,21.9,89,0.0,4.7,9,-0.7352419856890859,-4.6421352007971475
2017-04-14 21:00:00,21.9,87,0.0,4.0,355,0.34862297099063255,-3.984778792366982
2017-04-14 22:00:00,21.2,90,0.0,4.0,333,1.8159619989581872,-3.564026096753471
2017-04-14 23:00:00,20.9,90,0.0,4.5,331,2.181643291108517,-3.935788682127281
2017-04-15 00:00:00,21.0,89,0.0,2.8,130,-2.144924440733138,1.7998053071223103
2017-04-15 01:00:00,21.5,88,0.0,4.3,95,-4.283637201794505,0.3747696938149302
2017-04-15 02:00:00,22.0,86,0.0,3.1,54,-2.5079526825623377,-1.8221342821066664
2017-04-15 03:00:00,20.9,91,0.0,6.1,93,-6.0916401620029,0.3192493330819572
2017-04-15 04:00:00,23.1,80,0.0,3.3,84,-3.2819222547153015,-0.3449439287832565
2017-04-15 05:00:00,22.8,81,0.0,0.4,360,2.4492935982947065e-17,-0.4
2017-04-15 06:00:00,20.7,92,0.0,3.7,349,0.7059932828932162,-3.632020578756357
2017-04-15 07:00:00,22.6,88,0.0,5.5,349,1.049449474570997,-5.3989495089621515
2017-04-15 08:00:00,24.4,82,0.0,4.3,5,-0.37476969381493047,-4.283637201794505
2017-04-15 09:00:00,26.0,77,0.0,2.2,351,0.34415582308850806,-2.1729143493093033
2017-04-15 10:00:00,27.4,73,0.0,1.4,270,1.4,0.0
2017-04-15 11:00:00,28.6,64,0.2,3.2,270,3.2,0.0
2017-04-15 12:00:00,28.7,63,0.1,3.8,287,3.6339580726595346,-1.1110124779463997
2017-04-15 13:00:00,28.7,64,0.1,7.2,288,6.8476069173251055,-2.2249223594996215
2017-04-15 14:00:00,28.6,68,0.2,8.7,300,7.534421012924616,-4.349999999999999
2017-04-15 15:00:00,28.3,70,0.0,7.4,313,5.412017391981862,-5.046787864462489
2017-04-15 16:00:00,27.6,71,0.0,7.9,336,3.2132194802988217,-7.217009115376547
2017-04-15 17:00:00,26.9,73,0.0,6.5,360,3.9801020972288977e-16,-6.5
2017-04-15 18:00:00,25.7,80,0.0,3.8,17,-1.111012477946401,-3.633958072659534
2017-04-15 19:00:00,24.2,85,0.0,4.7,360,2.8779199779962803e-16,-4.7
2017-04-15 20:00:00,23.1,93,0.0,6.6,9,-1.0324674692655247,-6.5187430479279085
2017-04-15 21:00:00,23.3,91,0.0,5.8,356,0.40458754771592637,-5.78587149150698
2017-04-15 22:00:00,24.2,84,0.0,2.7,337,1.0549740469210391,-2.485363104321589
2017-04-15 23:00:00,24.1,84,0.0,1.6,297,1.4256104387013888,-0.7263847995832748
2017-04-16 00:00:00,23.7,85,0.0,1.6,297,1.4256104387013888,-0.7263847995832748
2017-04-16 01:00:00,23.6,86,0.0,1.5,45,-1.0606601717798214,-1.0606601717798212
2017-04-16 02:00:00,23.7,85,0.0,2.3,141,-1.4474368994146256,1.7874357113510333
2017-04-16 03:00:00,22.9,89,0.0,2.7,293,2.485363104321589,-1.0549740469210394
2017-04-16 04:00:00,23.0,88,0.0,1.5,45,-1.0606601717798214,-1.0606601717798212
2017-04-16 05:00:00,21.9,95,0.1,4.5,76,-4.366330768241984,-1.0886485301985038
2017-04-16 06:00:00,22.7,92,0.1,1.8,360,1.1021821192326179e-16,-1.8
2017-04-16 07:00:00,24.2,88,0.1,4.8,347,1.0797650608505516,-4.676976310969129
2017-04-16 08:00:00,26.0,80,0.0,4.4,9,-0.6883116461770166,-4.345828698618606
2017-04-16 09:00:00,27.5,73,0.1,4.4,9,-0.6883116461770166,-4.345828698618606
2017-04-16 10:00:00,28.4,68,0.1,4.7,360,2.8779199779962803e-16,-4.7
2017-04-16 11:00:00,29.0,65,0.2,7.0,325,4.015035054457323,-5.7340643100229425
2017-04-16 12:00:00,28.9,66,0.2,8.4,317,5.728786224524987,-6.143371093601032
2017-04-16 13:00:00,29.3,63,0.6,7.7,319,5.051654523226906,-5.811263767715345
2017-04-16 14:00:00,28.7,70,0.3,11.0,322,6.772276228582241,-8.668118289673941
2017-04-16 15:00:00,27.6,75,0.0,11.5,311,8.679160172561879,-7.544678833390834
2017-04-16 16:00:00,27.3,76,0.0,6.8,3,-0.3558845024520213,-6.790680836331102
2017-04-16 17:00:00,26.8,78,0.0,4.9,17,-1.4326213531414118,-4.685893304218873
2017-04-16 18:00:00,25.8,84,0.0,2.9,7,-0.35342109587492676,-2.878383839759834
2017-04-16 19:00:00,24.6,90,0.0,5.8,338,2.1727182418122895,-5.377666356487367
2017-04-16 20:00:00,25.5,82,0.0,1.1,90,-1.1,1.3471114790620887e-16
2017-04-16 21:00:00,25.3,83,0.0,1.1,198,0.3399186938124422,1.0461621679246689
2017-04-16 22:00:00,23.2,94,0.0,5.4,176,-0.3766849582182768,5.386845871403051
2017-04-16 23:00:00,22.9,95,0.0,5.8,176,-0.4045875477159269,5.78587149150698
2017-04-17 00:00:00,22.6,94,0.0,6.3,149,-3.2447398719333416,5.400153994423308
2017-04-17 01:00:00,22.6,94,0.0,4.9,126,-3.9641832724372423,2.880147736233119
2017-04-17 02:00:00,23.1,91,0.0,5.4,110,-5.074340152243905,1.846908773958612
2017-04-17 03:00:00,22.3,93,0.0,5.0,90,-5.0,6.123233995736766e-16
2017-04-17 04:00:00,21.6,93,0.0,5.2,102,-5.08636752381579,1.0811407922523484
2017-04-17 05:00:00,22.6,87,0.0,3.9,124,-3.2332465329646625,2.180852323535913
2017-04-17 06:00:00,23.3,83,0.0,2.1,121,-1.8000513314744357,1.0815799573111142
2017-04-17 07:00:00,24.5,84,0.0,0.5,45,-0.35355339059327384,-0.35355339059327373
2017-04-17 08:00:00,26.4,81,0.0,2.4,153,-1.089577199374912,2.138415658052083
2017-04-17 09:00:00,28.0,75,0.0,6.6,189,1.032467469265524,6.518743047927909
2017-04-17 10:00:00,29.2,69,0.3,10.9,207,4.948496447161061,9.71197111365321
2017-04-17 11:00:00,30.0,65,0.3,14.2,210,7.100000000000001,12.297560733739028
2017-04-17 12:00:00,30.6,62,0.2,16.3,221,10.693762172545268,12.301766157631185
2017-04-17 13:00:00,30.8,62,0.1,15.1,218,9.29648827741744,11.898962379461501
2017-04-17 14:00:00,29.3,69,0.2,12.8,212,6.782966582185023,10.855015630802253
2017-04-17 15:00:00,29.9,68,0.2,16.5,216,9.698456662825807,13.348780407186633
2017-04-17 16:00:00,29.8,67,0.1,15.5,222,10.371524398562302,11.518744794899611
2017-04-17 17:00:00,28.5,75,0.0,12.4,248,11.497079796628164,4.645121758357309
2017-04-17 18:00:00,27.1,82,0.1,10.0,244,8.98794046299167,4.383711467890774
2017-04-17 19:00:00,25.8,90,0.0,5.6,243,4.98963653545486,2.5423467985414616
2017-04-17 20:00:00,25.2,94,0.0,5.2,196,1.4333142502483958,4.998560818879258
2017-04-17 21:00:00,25.1,94,0.0,5.8,210,2.9000000000000004,5.0229473419497435
2017-04-17 22:00:00,24.7,96,0.0,7.4,219,4.656970893768798,5.750880114781585
2017-04-17 23:00:00,24.4,98,0.0,7.3,213,3.9758649556096977,6.122295146001595
2017-04-18 00:00:00,24.2,98,0.0,9.3,208,4.366085533908786,8.21141261358802
2017-04-18 01:00:00,24.4,98,0.0,9.5,209,4.605691392340202,8.30888721782426
2017-04-18 02:00:00,24.5,96,0.1,9.9,199,3.223124729125852,9.360633898433235
2017-04-18 03:00:00,24.7,92,0.3,8.7,173,-1.060263287624782,8.635151519279502
2017-04-18 04:00:00,24.3,94,0.1,4.7,157,-1.8364363038995868,4.326372811226469
2017-04-18 05:00:00,23.8,95,0.1,3.8,139,-2.493024310163927,2.867896404846534
2017-04-18 06:00:00,23.6,91,0.0,6.3,121,-5.400153994423307,3.2447398719333425
2017-04-18 07:00:00,24.6,85,0.1,7.4,129,-5.750880114781585,4.656970893768797
2017-04-18 08:00:00,26.9,80,0.0,8.7,187,1.060263287624783,8.6351515192795
2017-04-18 09:00:00,28.7,72,0.0,12.2,199,3.971931484377312,11.535326622311663
2017-04-18 10:00:00,29.8,69,0.0,13.4,207,6.0834726965099275,11.93948742412413
2017-04-18 11:00:00,30.7,66,0.1,15.0,222,10.036959095382873,11.147172382160914
2017-04-18 12:00:00,30.6,66,0.1,15.3,227,11.189711634773309,10.434574908956227
2017-04-18 13:00:00,29.8,71,0.6,11.6,216,6.818308926592688,9.38459713474939
2017-04-18 14:00:00,29.7,70,0.3,11.5,226,8.272407703894489,7.988571260278468
2017-04-18 15:00:00,28.3,75,1.9,10.8,201,3.870373855089244,10.08266860616978
2017-04-18 16:00:00,26.8,80,3.7,15.0,235,12.287280664334878,8.60364654526569
2017-04-18 17:00:00,27.2,81,1.0,8.4,230,6.4347733221994154,5.39941592136693
2017-04-18 18:00:00,26.5,91,0.2,2.5,180,1.5308084989341916e-16,2.5
2017-04-18 19:00:00,24.9,94,0.3,4.7,176,-0.3278554265973891,4.688551036221174
2017-04-18 20:00:00,24.8,94,0.1,5.9,191,1.125773072721615,5.791600382341218
2017-04-18 21:00:00,25.1,93,0.0,7.6,205,3.211898789229316,6.887939181478539
2017-04-18 22:00:00,24.5,95,0.0,4.7,203,1.8364363038995866,4.32637281122647
2017-04-18 23:00:00,24.1,96,0.0,4.2,211,2.1631599146222276,3.600102662948872
2017-04-19 00:00:00,24.0,96,0.0,4.1,195,1.061158084920335,3.96029588778518
2017-04-19 01:00:00,23.3,96,0.0,6.3,211,3.244739871933341,5.400153994423308
2017-04-19 02:00:00,24.4,92,0.0,2.8,130,-2.144924440733138,1.7998053071223103
2017-04-19 03:00:00,23.6,95,0.0,2.9,97,-2.8783838397598336,0.35342109587492787
2017-04-19 04:00:00,22.7,96,0.0,3.7,79,-3.632020578756357,-0.7059932828932155
2017-04-19 05:00:00,22.5,93,0.0,3.3,103,-3.215421213791276,0.7423384793347552
2017-04-19 06:00:00,23.0,92,0.0,3.3,103,-3.215421213791276,0.7423384793347552
2017-04-19 07:00:00,25.0,83,0.0,2.9,210,1.4500000000000002,2.5114736709748717
2017-04-19 08:00:00,26.8,78,0.0,5.7,215,3.269385687200963,4.669166652447253
2017-04-19 09:00:00,28.0,73,0.0,9.2,206,4.033014550459512,8.268905225952336
2017-04-19 10:00:00,29.1,71,0.0,11.9,209,5.769234480931412,10.40797451495881
2017-04-19 11:00:00,30.1,65,0.3,14.7,211,7.571059701177796,12.60035932032105
2017-04-19 12:00:00,30.8,61,0.1,14.4,217,8.666136333389497,11.500351344681016
2017-04-19 13:00:00,31.1,60,0.0,15.0,240,12.99038105676658,7.499999999999999
2017-04-19 14:00:00,30.7,63,0.2,11.4,252,10.84204428576475,3.5227937358744006
2017-04-19 15:00:00,29.4,68,0.2,6.8,270,6.8,0.0
2017-04-19 16:00:00,28.8,72,0.1,2.5,45,-1.7677669529663693,-1.7677669529663687
2017-04-19 17:00:00,26.9,79,1.2,8.6,123,-7.212566884330646,4.683895701129234
2017-04-19 18:00:00,26.2,85,0.1,3.7,101,-3.632020578756357,0.7059932828932164
2017-04-19 19:00:00,25.7,86,0.0,3.4,198,1.0506577808748212,3.233592155403522
2017-04-19 20:00:00,24.2,93,0.0,5.2,78,-5.086367523815789,-1.0811407922523495
2017-04-19 21:00:00,23.7,92,0.0,3.9,68,-3.616017032810471,-1.460965714322057
2017-04-19 22:00:00,24.2,89,0.0,2.6,164,-0.7166571251241975,2.499280409439629
2017-04-19 23:00:00,23.7,93,0.0,4.2,200,1.436484601967809,3.9467090073008153
2017-04-20 00:00:00,23.7,91,0.0,5.5,169,-1.0494494745709964,5.3989495089621515
2017-04-20 01:00:00,24.2,87,0.0,4.4,235,3.604268994871564,2.523736319944603
2017-04-20 02:00:00,23.1,92,0.0,2.7,23,-1.0549740469210394,-2.4853631043215887
2017-04-20 03:00:00,23.3,92,0.0,3.2,90,-3.2,3.9188697572715305e-16
2017-04-20 04:00:00,23.3,91,0.0,4.7,94,-4.688551036221174,0.32785542659739
2017-04-20 05:00:00,22.7,93,0.0,4.3,66,-3.9282454678631837,-1.7489675652259409
2017-04-20 06:00:00,22.9,93,0.0,1.5,45,-1.0606601717798214,-1.0606601717798212
2017-04-20 07:00:00,24.8,87,0.0,2.2,261,2.1729143493093033,0.34415582308850795
2017-04-20 08:00:00,25.9,86,0.0,4.5,241,3.935788682127281,2.1816432911085166
2017-04-20 09:00:00,27.7,78,0.0,4.0,243,3.5640260967534716,1.815961998958187
2017-04-20 10:00:00,28.3,73,0.1,5.6,230,4.289848881466277,3.5996106142446194
2017-04-20 11:00:00,28.5,72,0.2,8.0,275,7.969557584733964,-0.6972459419812653
2017-04-20 12:00:00,27.6,77,0.3,7.8,283,7.6000865053248345,-1.754618223882147
2017-04-20 13:00:00,28.4,74,0.6,5.9,281,5.791600382341218,-1.1257730727216144
2017-04-20 14:00:00,27.0,82,0.4,7.6,175,-0.6623836448822026,7.571079705497266
2017-04-20 15:00:00,27.4,79,0.1,7.8,167,-1.7546182238821473,7.6000865053248345
2017-04-20 16:00:00,28.0,76,0.1,8.6,182,0.3001356716415093,8.594761112364223
2017-04-20 17:00:00,27.2,81,0.1,10.9,226,7.8408038236912985,7.57177623800307
2017-04-20 18:00:00,25.9,86,0.1,9.4,238,7.9716521038704045,4.981241083792126
2017-04-20 19:00:00,24.7,90,0.1,4.6,225,3.2526911934581184,3.252691193458118
2017-04-20 20:00:00,24.8,90,0.0,6.6,209,3.199743493625825,5.772490067120011
2017-04-20 21:00:00,24.3,92,0.0,5.4,184,0.3766849582182763,5.386845871403051
2017-04-20 22:00:00,24.3,92,0.0,3.8,139,-2.493024310163927,2.867896404846534
2017-04-20 23:00:00,23.9,95,0.0,4.1,135,-2.8991378028648445,2.899137802864845
2017-04-21 00:00:00,23.7,95,0.0,5.2,192,1.0811407922523493,5.086367523815789
2017-04-21 01:00:00,23.6,92,0.0,5.7,198,1.7613968679372005,5.421022142882375
2017-04-21 02:00:00,23.0,92,0.0,5.1,176,-0.35575801609503915,5.087576656325103
2017-04-21 03:00:00,22.3,94,0.0,5.0,180,3.061616997868383e-16,5.0
2017-04-21 04:00:00,22.3,94,0.0,4.2,160,-1.4364846019678086,3.9467090073008158
2017-04-21 05:00:00,22.3,94,0.0,5.1,135,-3.606244584051392,3.6062445840513924
2017-04-21 06:00:00,22.4,94,0.0,3.9,146,-2.180852323535912,3.233246532964663
2017-04-21 07:00:00,24.6,81,0.0,4.0,185,0.34862297099063255,3.984778792366982
2017-04-21 08:00:00,26.0,74,0.0,8.2,203,3.203995253612044,7.54813979831001
2017-04-21 09:00:00,27.1,73,0.0,8.8,215,5.0474726398892065,7.208537989743128
2017-04-21 10:00:00,28.7,67,0.0,10.7,220,6.877827423645971,8.196675541373065
2017-04-21 11:00:00,29.3,69,0.0,11.6,234,9.38459713474939,6.818308926592688
2017-04-21 12:00:00,28.3,73,4.3,8.4,245,7.61298541110786,3.5499933986218752
2017-04-21 13:00:00,28.8,70,0.7000000000000001,14.3,245,12.960201354624095,6.043441142892003
2017-04-21 14:00:00,27.0,78,1.2,14.3,198,4.418943019561749,13.600108183020696
2017-04-21 15:00:00,27.7,75,0.1,13.0,224,9.030558815966964,9.351417404402465
2017-04-21 16:00:00,28.5,72,0.2,12.3,230,9.42234665036343,7.9062875991444335
2017-04-21 17:00:00,27.1,78,0.4,9.6,214,5.368251873319169,7.9587606965284
2017-04-21 18:00:00,25.5,84,0.8,10.8,217,6.499602250042123,8.625263508510763
2017-04-21 19:00:00,24.0,92,0.8,3.9,202,1.4609657143220567,3.616017032810471
2017-04-21 20:00:00,24.0,97,2.7,1.6,27,-0.7263847995832751,-1.4256104387013886
2017-04-21 21:00:00,23.3,95,2.9,10.5,338,3.9333692308670756,-9.735430472951268
2017-04-21 22:00:00,22.0,98,3.4,11.2,360,6.858022075225178e-16,-11.2
2017-04-21 23:00:00,21.9,98,2.8,7.9,43,-5.387787044493739,-5.777694242791447
2017-04-22 00:00:00,22.0,96,2.2,6.3,66,-5.755336383148386,-2.5624408513775414
2017-04-22 01:00:00,22.0,94,1.9,4.8,117,-4.276831316104166,2.1791543987498248
2017-04-22 02:00:00,22.1,94,1.6,6.2,306,5.0159053651246746,-3.6442685642133337
2017-04-22 03:00:00,21.2,98,1.4,7.6,329,3.9142893693164114,-6.5144714853360535
2017-04-22 04:00:00,19.2,97,5.0,15.3,341,4.981192763194499,-14.466434206669547
2017-04-22 05:00:00,15.9,94,2.3,27.0,358,0.9422864109675292,-26.983552329515586
2017-04-22 06:00:00,16.4,90,0.5,13.6,343,3.97625518422922,-13.005744681097282
2017-04-22 07:00:00,17.0,88,0.1,13.3,2,-0.4641633061432601,-13.291897999353974
2017-04-22 08:00:00,20.3,85,0.0,6.2,353,0.7555899291119145,-6.153786140176196
2017-04-22 09:00:00,22.6,80,0.6,2.6,304,2.1554976886431083,-1.453901549023942
2017-04-22 10:00:00,24.0,79,0.7000000000000001,3.1,339,1.1109406435904312,-2.8940993221413254
2017-04-22 11:00:00,24.6,74,0.5,7.8,326,4.361704647071825,-6.466493065929326
2017-04-22 12:00:00,25.0,68,0.2,10.8,339,3.870373855089244,-10.08266860616978
2017-04-22 13:00:00,25.2,63,0.1,14.6,344,4.024305394928188,-14.034420760699456
2017-04-22 14:00:00,24.4,61,0.0,16.0,352,2.2267696153610474,-15.844289099865126
2017-04-22 15:00:00,23.9,63,0.0,16.7,353,2.035218034865963,-16.575520732410077
2017-04-22 16:00:00,22.7,65,0.0,18.1,353,2.2058351156331697,-17.96508534470793
2017-04-22 17:00:00,20.9,71,0.0,18.8,357,0.9839159773673466,-18.77423525338599
2017-04-22 18:00:00,19.3,78,0.5,15.5,360,9.491012693391988e-16,-15.5
2017-04-22 19:00:00,18.0,91,1.3,10.1,2,-0.35248491669525767,-10.093847352892867
2017-04-22 20:00:00,18.1,93,1.2,6.3,13,-1.417191642366351,-6.1385314081469815
2017-04-22 21:00:00,18.3,94,2.2,4.7,337,1.8364363038995866,-4.32637281122647
2017-04-22 22:00:00,18.1,96,1.3,4.3,355,0.37476969381492997,-4.283637201794505
2017-04-22 23:00:00,18.0,98,0.9,1.8,53,-1.437543918085127,-1.0832670416736871
2017-04-23 00:00:00,18.2,98,0.3,0.5,45,-0.35355339059327384,-0.35355339059327373
2017-04-23 01:00:00,18.1,98,0.5,6.6,311,4.981083229470295,-4.329989591337347
2017-04-23 02:00:00,18.1,95,0.2,3.3,49,-2.490541614735148,-2.1649947956686733
2017-04-23 03:00:00,18.4,95,0.0,4.7,81,-4.6421352007971475,-0.7352419856890845
2017-04-23 04:00:00,18.7,94,0.0,1.6,207,0.726384799583275,1.4256104387013886
2017-04-23 05:00:00,18.2,97,0.0,2.5,315,1.7677669529663689,-1.7677669529663687
2017-04-23 06:00:00,18.3,97,0.0,2.9,330,1.4500000000000002,-2.5114736709748717
2017-04-23 07:00:00,19.6,95,0.0,2.6,326,1.4539015490239418,-2.1554976886431088
2017-04-23 08:00:00,21.4,82,0.0,0.4,360,2.4492935982947065e-17,-0.4
2017-04-23 09:00:00,22.8,81,2.7,3.2,153,-1.4527695991665495,2.8512208774027776
2017-04-23 10:00:00,23.9,77,0.1,10.5,186,1.0975488643103612,10.44247990136687
2017-04-23 11:00:00,24.8,72,0.5,12.1,207,5.493285046848516,10.781178942679249
2017-04-23 12:00:00,26.0,70,0.2,14.4,217,8.666136333389497,11.500351344681016
2017-04-23 13:00:00,26.2,67,0.1,18.1,227,13.237501999306986,12.344170317131223
2017-04-23 14:00:00,25.7,68,0.2,15.3,240,13.250188677901912,7.6499999999999995
2017-04-23 15:00:00,24.9,69,0.1,6.5,270,6.5,0.0
2017-04-23 16:00:00,24.6,70,0.2,1.5,256,1.4554435894139948,0.3628828433995016
2017-04-23 17:00:00,24.6,69,0.1,3.6,233,2.875087836170254,2.166534083347374
2017-04-23 18:00:00,23.7,78,0.0,2.6,236,2.1554976886431083,1.453901549023942
2017-04-23 19:00:00,22.3,87,1.9,5.3,298,4.679622242152313,-2.4881992827652213
2017-04-23 20:00:00,22.7,79,0.1,0.0,270,0.0,0.0
2017-04-23 21:00:00,20.9,91,0.0,5.4,127,-4.312631754255382,3.2498011250210603
2017-04-23 22:00:00,20.9,93,0.0,5.2,102,-5.08636752381579,1.0811407922523484
2017-04-23 23:00:00,21.4,88,0.0,3.2,117,-2.851220877402777,1.4527695991665501
2017-04-24 00:00:00,20.9,92,0.0,2.2,99,-2.172914349309303,0.3441558230885082
2017-04-24 01:00:00,20.7,93,1.0,4.6,129,-3.5748714227020657,2.8948737988292517
2017-04-24 02:00:00,20.5,92,0.0,4.3,156,-1.748967565225941,3.9282454678631837
2017-04-24 03:00:00,19.9,94,0.0,5.1,188,0.7097828148963339,5.050367150582009
2017-04-24 04:00:00,20.0,93,0.0,4.3,180,2.632990618166809e-16,4.3
2017-04-24 05:00:00,20.2,93,0.0,4.3,185,0.37476969381492997,4.283637201794505
2017-04-24 06:00:00,20.3,93,0.0,2.9,187,0.3534210958749277,2.8783838397598336
2017-04-24 07:00:00,21.1,91,0.0,5.9,142,-3.6324027044213842,4.64926344627966
2017-04-24 08:00:00,23.3,81,0.0,5.4,172,-0.7515347451843529,5.34744757120448
2017-04-24 09:00:00,24.7,75,0.0,6.5,214,3.634753872559854,5.388744221607771
2017-04-24 10:00:00,25.8,68,0.0,9.3,216,5.46640284632,7.523858047687012
2017-04-24 11:00:00,26.8,65,0.0,11.0,212,5.829111906565254,9.328529057720685
2017-04-24 12:00:00,27.5,61,0.1,13.3,221,8.725585085573748,10.037637416962868
2017-04-24 13:00:00,27.6,63,0.1,12.1,240,10.478907385791707,6.049999999999999
2017-04-24 14:00:00,27.2,65,0.2,11.4,252,10.84204428576475,3.5227937358744006
2017-04-24 15:00:00,26.9,65,0.1,7.7,259,7.558529312547013,1.469229264399395
2017-04-24 16:00:00,26.6,65,0.5,5.0,270,5.0,0.0
2017-04-24 17:00:00,26.0,68,0.0,2.1,301,1.800051331474436,-1.0815799573111138
2017-04-24 18:00:00,24.9,81,0.0,2.5,315,1.7677669529663689,-1.7677669529663687
2017-04-24 19:00:00,22.8,87,0.0,6.3,336,2.5624408513775414,-5.755336383148386
2017-04-24 20:00:00,22.5,89,0.0,6.6,351,1.032467469265524,-6.518743047927909
2017-04-24 21:00:00,22.1,86,0.0,7.0,348,1.4553818357243162,-6.847033205136639
2017-04-24 22:00:00,21.5,87,0.0,4.6,342,1.4214781741247582,-4.3748599749577055
2017-04-24 23:00:00,22.0,83,0.0,4.0,350,0.6945927106677217,-3.939231012048832
2017-04-25 00:00:00,21.4,88,0.0,2.4,153,-1.089577199374912,2.138415658052083
2017-04-25 01:00:00,21.0,93,0.0,4.0,180,2.4492935982947064e-16,4.0
2017-04-25 02:00:00,21.3,91,0.0,2.7,203,1.0549740469210391,2.485363104321589
2017-04-25 03:00:00,21.1,93,0.1,2.1,149,-1.081579957311114,1.800051331474436
2017-04-25 04:00:00,21.2,93,0.2,3.3,49,-2.490541614735148,-2.1649947956686733
2017-04-25 05:00:00,21.5,88,0.3,7.5,343,2.192787785420526,-7.172285669722766
2017-04-25 06:00:00,20.8,93,1.0,9.6,340,3.2833933759264204,-9.02104915954472
2017-04-25 07:00:00,21.3,92,0.2,7.9,344,2.1775351109542935,-7.59396739791272
2017-04-25 08:00:00,23.3,84,0.0,4.0,207,1.8159619989581872,3.564026096753471
2017-04-25 09:00:00,24.8,80,0.0,3.2,297,2.8512208774027776,-1.4527695991665497
2017-04-25 10:00:00,26.4,73,0.0,1.5,225,1.0606601717798214,1.0606601717798212
2017-04-25 11:00:00,27.7,69,0.2,3.2,243,2.8512208774027776,1.4527695991665497
2017-04-25 12:00:00,27.6,67,0.0,6.0,327,3.2678342100901627,-5.032023407672544
2017-04-25 13:00:00,27.3,72,0.0,9.5,331,4.605691392340202,-8.30888721782426
2017-04-25 14:00:00,26.1,78,0.2,8.7,343,2.5436338310878095,-8.319851376878407
2017-04-25 15:00:00,26.4,76,0.3,6.1,357,0.3192493330819582,-6.0916401620029
2017-04-25 16:00:00,25.6,80,0.2,6.1,357,0.3192493330819582,-6.0916401620029
2017-04-25 17:00:00,25.1,84,0.2,6.8,328,3.603450996785793,-5.766727053863696
2017-04-25 18:00:00,24.3,86,0.0,6.9,317,4.70578868443124,-5.046340541172277
2017-04-25 19:00:00,23.2,88,0.0,7.7,323,4.633975678270772,-6.149493427364155
2017-04-25 20:00:00,22.7,90,0.0,6.9,332,3.239353783222647,-6.092338390726596
2017-04-25 21:00:00,22.6,90,0.0,5.1,321,3.209533994354171,-3.963444403430551
2017-04-25 22:00:00,22.8,86,0.0,3.0,284,2.9108871788279895,-0.7257656867990032
2017-04-25 23:00:00,22.1,91,0.0,3.1,306,2.5079526825623373,-1.8221342821066668
2017-04-26 00:00:00,22.5,87,0.0,0.0,270,0.0,0.0
2017-04-26 01:00:00,21.8,93,0.0,4.1,142,-2.524212048835199,3.23084408978756
2017-04-26 02:00:00,22.2,92,0.2,3.7,119,-3.2360929164157644,1.7937955949114477
2017-04-26 03:00:00,21.7,94,0.1,5.2,115,-4.7128004925905795,2.1976149610516376
2017-04-26 04:00:00,21.6,95,0.0,4.7,113,-4.32637281122647,1.8364363038995868
2017-04-26 05:00:00,21.2,95,0.0,4.9,107,-4.685893304218874,1.4326213531414094
2017-04-26 06:00:00,22.1,90,0.0,3.7,101,-3.632020578756357,0.7059932828932164
2017-04-26 07:00:00,23.0,92,2.2,4.8,103,-4.6769763109691285,1.079765060850553
2017-04-26 08:00:00,26.0,81,0.5,6.6,99,-6.5187430479279085,1.0324674692655245
2017-04-26 09:00:00,26.2,78,0.0,1.5,14,-0.36288284339950166,-1.4554435894139948
2017-04-26 10:00:00,27.3,76,0.0,3.6,270,3.6,0.0
2017-04-26 11:00:00,28.4,72,0.0,5.0,210,2.5000000000000004,4.330127018922193
2017-04-26 12:00:00,28.3,74,0.2,3.9,214,2.1808523235359125,3.233246532964663
2017-04-26 13:00:00,28.0,77,0.5,8.7,263,8.6351515192795,1.060263287624783
2017-04-26 14:00:00,27.9,79,0.5,4.1,308,3.2308440897875594,-2.524212048835199
2017-04-26 15:00:00,27.0,80,12.3,8.7,246,7.947845481490627,3.5386087947594613
2017-04-26 16:00:00,26.8,81,5.5,2.9,187,0.3534210958749277,2.8783838397598336
2017-04-26 17:00:00,26.2,84,0.2,4.0,270,4.0,0.0
2017-04-26 18:00:00,25.4,93,0.1,1.9,68,-1.761649323676896,-0.7117525274902328
2017-04-26 19:00:00,24.2,94,0.1,4.1,15,-1.0611580849203346,-3.96029588778518
2017-04-26 20:00:00,23.6,93,0.7000000000000001,5.8,4,-0.40458754771592836,-5.78587149150698
2017-04-26 21:00:00,23.4,94,0.1,10.8,345,2.795245687107224,-10.431998923921938
2017-04-26 22:00:00,22.2,93,0.0,13.8,345,3.571702822414786,-13.329776402789143
2017-04-26 23:00:00,21.6,93,0.0,12.6,357,0.659433048661094,-12.58273213790763
2017-04-27 00:00:00,21.1,94,0.0,10.9,352,1.5169868004647136,-10.793921949283117
2017-04-27 01:00:00,20.8,93,0.1,10.1,343,2.952954217699641,-9.658678035226657
2017-04-27 02:00:00,20.3,94,0.3,12.4,334,5.435802220184561,-11.145046174109671
2017-04-27 03:00:00,19.9,92,0.0,12.6,347,2.8343832847326977,-12.277062816293963
2017-04-27 04:00:00,19.6,93,1.2,9.4,342,2.904759747124506,-8.939931253174443
2017-04-27 05:00:00,19.5,94,1.0,8.1,339,2.902780391316933,-7.5620014546273335
2017-04-27 06:00:00,19.1,95,1.1,10.5,329,5.407899786555569,-9.00025665737218
2017-04-27 07:00:00,19.9,91,0.6,9.5,335,4.014873486536644,-8.609923976848174
2017-04-27 08:00:00,22.2,90,2.2,4.1,345,1.061158084920335,-3.96029588778518
2017-04-27 09:00:00,23.9,88,1.9,3.1,324,1.8221342821066668,-2.5079526825623373
2017-04-27 10:00:00,23.3,92,2.3,9.5,335,4.014873486536644,-8.609923976848174
2017-04-27 11:00:00,22.3,91,2.6,12.3,355,1.0720156357961952,-12.253194786528471
2017-04-27 12:00:00,23.5,91,2.8,8.3,358,0.289665822630759,-8.294943864258496
2017-04-27 13:00:00,23.3,92,1.9,14.1,345,3.6493485359455424,-13.619554150675864
2017-04-27 14:00:00,20.8,86,1.3,18.4,356,1.2835191168919042,-18.355178524780765
2017-04-27 15:00:00,20.8,86,0.7000000000000001,16.3,354,1.7038139512627515,-16.210706894502856
2017-04-27 16:00:00,18.8,85,0.3,15.8,348,3.2850047149205994,-15.45473209159413
2017-04-27 17:00:00,17.7,85,0.4,16.7,346,4.04009565651445,-16.20393862880914
2017-04-27 18:00:00,16.8,85,0.1,17.1,352,2.3798600264171195,-16.933583975480854
2017-04-27 19:00:00,16.5,83,0.1,16.6,356,1.157957464152479,-16.55956323431308
2017-04-27 20:00:00,16.0,87,0.1,16.0,352,2.2267696153610474,-15.844289099865126
2017-04-27 21:00:00,16.3,83,0.2,15.5,356,1.0812253430339411,-15.462242779027275
2017-04-27 22:00:00,16.2,82,0.0,13.4,352,1.8649195528648772,-13.269592121137043
2017-04-27 23:00:00,15.8,86,0.1,8.9,339,3.1894747509531736,-8.308865795825096
2017-04-28 00:00:00,15.6,88,0.6,9.8,354,1.024378940023004,-9.746314574609078
2017-04-28 01:00:00,15.5,88,0.0,10.9,354,1.1393602496174227,-10.84028865951418
2017-04-28 02:00:00,15.5,84,0.0,11.2,360,6.858022075225178e-16,-11.2
2017-04-28 03:00:00,15.5,82,0.0,7.9,360,4.837354856632045e-16,-7.9
2017-04-28 04:00:00,15.2,83,0.1,7.3,351,1.1419715947936857,-7.210124886344506
2017-04-28 05:00:00,15.0,81,0.1,9.9,350,1.7191169589026112,-9.74959675482086
2017-04-28 06:00:00,15.1,80,0.1,10.5,4,-0.7324429743133186,-10.474422527728153
2017-04-28 07:00:00,16.4,78,0.0,8.2,15,-2.122316169840669,-7.92059177557036
2017-04-28 08:00:00,18.3,79,0.0,2.9,30,-1.4500000000000013,-2.5114736709748713
2017-04-28 09:00:00,19.8,78,0.1,2.6,196,0.7166571251241979,2.499280409439629
2017-04-28 10:00:00,21.6,74,0.0,0.4,270,0.4,0.0
2017-04-28 11:00:00,22.7,72,0.0,2.4,333,1.0895771993749124,-2.138415658052083
2017-04-28 12:00:00,23.7,67,0.0,3.8,311,2.8678964048465336,-2.4930243101639276
2017-04-28 13:00:00,24.3,60,0.0,9.5,335,4.014873486536644,-8.609923976848174
2017-04-28 14:00:00,24.0,54,0.0,15.5,355,1.3509140125887011,-15.441017820422056
2017-04-28 15:00:00,23.8,54,0.0,16.2,356,1.1300548746548287,-16.16053761420915
2017-04-28 16:00:00,23.2,55,0.0,14.4,356,1.0044932219154035,-14.36492232374147
2017-04-28 17:00:00,22.3,60,0.0,11.9,357,0.6227978792910333,-11.88369146357943
2017-04-28 18:00:00,20.4,66,0.0,8.3,355,0.7233926648055626,-8.268415994161488
2017-04-28 19:00:00,18.9,65,0.0,7.7,11,-1.4692292643993936,-7.558529312547013
2017-04-28 20:00:00,17.8,73,0.0,7.4,23,-2.8914103508206264,-6.811735915548058
2017-04-28 21:00:00,17.3,72,0.0,5.8,4,-0.40458754771592836,-5.78587149150698
2017-04-28 22:00:00,16.5,77,0.0,5.9,14,-1.42733918403804,-5.7247447850283795
2017-04-28 23:00:00,17.8,67,0.0,1.8,37,-1.083267041673687,-1.437543918085127
2017-04-29 00:00:00,17.6,70,0.0,3.0,104,-2.9108871788279895,0.7257656867990032
2017-04-29 01:00:00,17.3,72,0.0,2.5,262,2.475670171853926,0.3479327524001636
2017-04-29 02:00:00,16.9,74,0.0,1.5,346,0.3628828433995015,-1.4554435894139948
2017-04-29 03:00:00,14.4,85,0.0,4.1,15,-1.0611580849203346,-3.96029588778518
2017-04-29 04:00:00,13.5,91,0.0,6.6,29,-3.199743493625823,-5.772490067120013
2017-04-29 05:00:00,13.8,90,0.0,5.9,43,-4.023790324368742,-4.314986839553106
2017-04-29 06:00:00,15.3,88,0.0,2.6,34,-1.453901549023941,-2.1554976886431088
2017-04-29 07:00:00,18.8,81,0.0,3.6,323,2.1665340833473743,-2.875087836170254
2017-04-29 08:00:00,20.9,69,0.0,3.1,291,2.8940993221413254,-1.1109406435904308
2017-04-29 09:00:00,22.4,66,0.0,4.0,260,3.939231012048832,0.6945927106677213
2017-04-29 10:00:00,23.7,58,0.0,2.9,277,2.8783838397598336,-0.35342109587492765
2017-04-29 11:00:00,24.8,50,0.0,3.8,311,2.8678964048465336,-2.4930243101639276
2017-04-29 12:00:00,25.7,44,0.0,4.5,331,2.181643291108517,-3.935788682127281
2017-04-29 13:00:00,26.0,43,0.0,5.8,330,2.9000000000000004,-5.0229473419497435
2017-04-29 14:00:00,25.9,43,0.0,7.3,340,2.4967470462773824,-6.8597561317371305
2017-04-29 15:00:00,25.4,47,0.0,9.2,349,1.755442757464213,-9.030970087718508
2017-04-29 16:00:00,24.6,52,0.0,9.5,349,1.8126854560771768,-9.325458242752807
2017-04-29 17:00:00,23.4,60,0.0,7.1,345,1.8376152202278973,-6.858073366652385
2017-04-29 18:00:00,21.7,71,0.0,4.6,342,1.4214781741247582,-4.3748599749577055
2017-04-29 19:00:00,20.3,77,0.0,6.0,343,1.7542302283364206,-5.737828535778212
2017-04-29 20:00:00,20.5,75,0.0,5.5,32,-2.9145559532826275,-4.664264528860342
2017-04-29 21:00:00,19.9,80,0.0,5.6,27,-2.5423467985414625,-4.989636535454859
2017-04-29 22:00:00,20.3,72,0.0,3.5,24,-1.4235782507653003,-3.1974091017491033
2017-04-29 23:00:00,20.5,71,0.0,2.8,140,-1.7998053071223101,2.1449244407331385
2017-04-30 00:00:00,18.6,81,0.0,6.6,139,-4.329989591337347,4.981083229470296
2017-04-30 01:00:00,17.7,84,0.0,7.9,114,-7.2170091153765465,3.2132194802988234
2017-04-30 02:00:00,17.8,82,0.0,7.7,118,-6.798696465013738,3.6149310334513585
2017-04-30 03:00:00,18.2,80,0.0,7.3,123,-6.122295146001594,3.9758649556096994
2017-04-30 04:00:00,19.9,71,0.0,5.6,117,-4.989636535454859,2.542346798541462
2017-04-30 05:00:00,20.4,68,0.0,3.3,96,-3.2819222547153015,0.3449439287832573
2017-04-30 06:00:00,19.7,71,0.0,1.1,72,-1.046162167924669,-0.33991869381244205
2017-04-30 07:00:00,20.7,77,0.0,0.8,27,-0.36319239979163753,-0.7128052193506943
2017-04-30 08:00:00,22.9,69,0.0,1.5,315,1.0606601717798214,-1.0606601717798212
2017-04-30 09:00:00,24.2,65,0.0,1.1,270,1.1,0.0
2017-04-30 10:00:00,25.3,62,0.0,1.5,225,1.0606601717798214,1.0606601717798212
2017-04-30 11:00:00,26.7,54,0.0,4.1,232,3.2308440897875594,2.524212048835199
2017-04-30 12:00:00,27.4,50,0.0,7.1,240,6.148780366869515,3.5499999999999994
2017-04-30 13:00:00,27.4,50,0.0,6.5,264,6.4643923198937765,0.6794350112397476
2017-04-30 14:00:00,27.4,51,0.0,8.0,280,7.878462024097664,-1.3891854213354426
2017-04-30 15:00:00,26.6,55,0.0,10.0,300,8.660254037844387,-4.999999999999999
2017-04-30 16:00:00,26.0,55,0.0,8.7,322,5.356254835333226,-6.855693556378481
2017-04-30 17:00:00,25.1,59,0.0,7.0,339,2.5085756468171025,-6.535062985480412
2017-04-30 18:00:00,23.1,72,0.0,4.7,337,1.8364363038995866,-4.32637281122647
2017-04-30 19:00:00,20.7,81,0.0,7.0,21,-2.508575646817105,-6.535062985480412
2017-04-30 20:00:00,20.3,85,0.0,7.1,49,-5.358438019581682,-4.6580191058326
2017-04-30 21:00:00,20.1,86,0.0,6.2,54,-5.015905365124675,-3.644268564213333
2017-04-30 22:00:00,19.6,88,0.0,5.4,86,-5.386845871403051,-0.3766849582182765
2017-04-30 23:00:00,19.4,89,0.0,5.1,98,-5.050367150582009,0.7097828148963331
2017-05-01 00:00:00,19.0,91,0.0,5.2,102,-5.08636752381579,1.0811407922523484
2017-05-01 01:00:00,18.7,91,0.0,4.5,104,-4.366330768241984,1.0886485301985047
2017-05-01 02:00:00,18.3,92,0.0,5.2,106,-4.998560818879258,1.433314250248396
2017-05-01 03:00:00,19.0,85,0.0,4.5,104,-4.366330768241984,1.0886485301985047
2017-05-01 04:00:00,19.8,79,0.0,4.0,95,-3.984778792366982,0.3486229709906328
2017-05-01 05:00:00,19.8,77,0.0,3.3,77,-3.2154212137912763,-0.7423384793347544
2017-05-01 06:00:00,19.6,84,0.0,2.7,67,-2.485363104321589,-1.0549740469210387
2017-05-01 07:00:00,22.4,75,0.0,3.1,45,-2.192031021678298,-2.192031021678297
2017-05-01 08:00:00,24.8,59,0.0,2.9,60,-2.5114736709748717,-1.4500000000000002
2017-05-01 09:00:00,26.1,57,0.0,1.9,22,-0.7117525274902333,-1.7616493236768958
2017-05-01 10:00:00,27.3,57,0.0,2.9,300,2.511473670974872,-1.4499999999999997
2017-05-01 11:00:00,28.1,56,0.0,3.7,299,3.2360929164157644,-1.7937955949114472
2017-05-01 12:00:00,28.8,54,0.0,5.4,307,4.312631754255381,-3.2498011250210608
2017-05-01 13:00:00,29.2,53,0.0,7.9,313,5.777694242791447,-5.387787044493738
2017-05-01 14:00:00,28.4,57,0.0,12.2,317,8.320379992762481,-8.922515159753878
2017-05-01 15:00:00,27.8,58,0.0,12.0,327,6.5356684201803255,-10.064046815345089
2017-05-01 16:00:00,27.2,61,0.0,9.8,332,4.600821315301731,-8.652886410017484
2017-05-01 17:00:00,26.6,65,0.0,8.1,328,4.29234604028896,-6.86918957886705
2017-05-01 18:00:00,25.2,73,0.0,5.2,335,2.197614961051637,-4.7128004925905795
2017-05-01 19:00:00,22.9,82,0.0,6.5,3,-0.340183715579138,-6.49109197590473
2017-05-01 20:00:00,23.0,84,0.0,6.9,9,-1.0793978087775942,-6.81504955010645
2017-05-01 21:00:00,23.4,80,0.0,4.1,52,-3.23084408978756,-2.5242120488351985
2017-05-01 22:00:00,24.1,76,0.0,0.8,153,-0.36319239979163737,0.7128052193506944
2017-05-01 23:00:00,21.8,89,0.0,6.4,207,2.9055391983331,5.702441754805554
2017-05-02 00:00:00,23.3,79,0.1,4.0,180,2.4492935982947064e-16,4.0
2017-05-02 01:00:00,21.7,89,0.1,5.2,102,-5.08636752381579,1.0811407922523484
2017-05-02 02:00:00,22.4,84,0.0,5.5,101,-5.3989495089621515,1.0494494745709972
2017-05-02 03:00:00,21.9,86,0.2,5.0,90,-5.0,6.123233995736766e-16
2017-05-02 04:00:00,21.8,87,0.0,3.0,76,-2.9108871788279895,-0.7257656867990026
2017-05-02 05:00:00,21.0,90,0.0,4.5,104,-4.366330768241984,1.0886485301985047
2017-05-02 06:00:00,21.8,87,0.0,5.4,94,-5.386845871403051,0.37668495821827785
2017-05-02 07:00:00,24.0,81,0.0,4.3,66,-3.9282454678631837,-1.7489675652259409
2017-05-02 08:00:00,26.4,69,0.0,3.7,11,-0.7059932828932151,-3.632020578756357
2017-05-02 09:00:00,27.7,64,0.0,2.6,16,-0.7166571251241971,-2.4992804094396295
2017-05-02 10:00:00,28.7,61,0.0,2.7,67,-2.485363104321589,-1.0549740469210387
2017-05-02 11:00:00,29.6,59,0.0,2.3,141,-1.4474368994146256,1.7874357113510333
2017-05-02 12:00:00,30.4,58,0.0,4.7,203,1.8364363038995866,4.32637281122647
2017-05-02 13:00:00,29.6,61,0.0,10.6,288,10.081199072728626,-3.2755801403744425
2017-05-02 14:00:00,28.7,67,0.1,10.9,314,7.8408038236912985,-7.57177623800307
2017-05-02 15:00:00,27.6,70,2.3,8.2,337,3.203995253612044,-7.54813979831001
2017-05-02 16:00:00,26.6,75,0.1,5.5,79,-5.3989495089621515,-1.049449474570996
2017-05-02 17:00:00,26.5,75,0.0,6.8,58,-5.766727053863697,-3.6034509967857926
2017-05-02 18:00:00,25.6,83,0.0,4.1,45,-2.8991378028648453,-2.8991378028648445
2017-05-02 19:00:00,23.9,91,0.0,3.4,32,-1.801725498392897,-2.883363526931848
2017-05-02 20:00:00,24.8,87,0.0,4.3,66,-3.9282454678631837,-1.7489675652259409
2017-05-02 21:00:00,24.0,92,0.0,4.8,48,-3.5670951622914924,-3.2118269105225195
2017-05-02 22:00:00,24.6,87,0.0,3.3,49,-2.490541614735148,-2.1649947956686733
2017-05-02 23:00:00,24.8,85,0.0,1.4,90,-1.4,1.7145055188062944e-16
2017-05-03 00:00:00,23.5,89,0.0,4.6,108,-4.3748599749577055,1.4214781741247584
2017-05-03 01:00:00,24.1,84,0.0,2.1,59,-1.800051331474436,-1.0815799573111138
2017-05-03 02:00:00,21.9,93,0.0,3.2,27,-1.4527695991665501,-2.851220877402777
2017-05-03 03:00:00,21.7,93,0.1,3.6,45,-2.545584412271572,-2.545584412271571
2017-05-03 04:00:00,21.9,91,0.4,3.6,53,-2.875087836170254,-2.1665340833473743
2017-05-03 05:00:00,22.1,89,0.0,3.2,27,-1.4527695991665501,-2.851220877402777
2017-05-03 06:00:00,22.8,90,0.0,1.9,22,-0.7117525274902333,-1.7616493236768958
2017-05-03 07:00:00,24.3,82,0.0,1.8,307,1.437543918085127,-1.083267041673687
2017-05-03 08:00:00,25.5,78,0.0,4.7,360,2.8779199779962803e-16,-4.7
2017-05-03 09:00:00,26.6,74,0.0,5.0,21,-1.7918397477265036,-4.667902132486008
2017-05-03 10:00:00,27.8,72,0.0,3.9,34,-2.1808523235359116,-3.233246532964663
2017-05-03 11:00:00,29.3,69,0.0,1.5,14,-0.36288284339950166,-1.4554435894139948
2017-05-03 12:00:00,30.0,70,0.0,3.6,307,2.875087836170254,-2.166534083347374
2017-05-03 13:00:00,29.2,70,0.2,10.1,325,5.793122007145566,-8.273435647318816
2017-05-03 14:00:00,28.9,71,0.0,6.6,315,4.666904755831213,-4.666904755831213
2017-05-03 15:00:00,28.6,72,0.0,2.6,344,0.7166571251241979,-2.499280409439629
2017-05-03 16:00:00,28.3,74,0.0,2.1,301,1.800051331474436,-1.0815799573111138
2017-05-03 17:00:00,27.6,75,0.0,2.2,9,-0.3441558230885083,-2.172914349309303
2017-05-03 18:00:00,26.5,87,0.0,1.3,34,-0.7269507745119705,-1.0777488443215544
2017-05-03 19:00:00,24.9,89,0.0,4.0,5,-0.348622970990633,-3.984778792366982
2017-05-03 20:00:00,24.8,88,0.0,3.1,54,-2.5079526825623377,-1.8221342821066664
2017-05-03 21:00:00,24.9,87,0.0,1.6,63,-1.4256104387013888,-0.7263847995832747
2017-05-03 22:00:00,23.2,95,0.0,5.0,111,-4.667902132486009,1.7918397477265011
2017-05-03 23:00:00,24.2,88,0.0,3.2,153,-1.4527695991665495,2.8512208774027776
2017-05-04 00:00:00,24.1,89,0.0,4.0,185,0.34862297099063255,3.984778792366982
2017-05-04 01:00:00,24.0,89,0.0,3.3,167,-0.7423384793347546,3.2154212137912763
2017-05-04 02:00:00,24.0,88,0.0,2.6,146,-1.4539015490239415,2.1554976886431088
2017-05-04 03:00:00,24.0,87,0.0,3.2,153,-1.4527695991665495,2.8512208774027776
2017-05-04 04:00:00,23.2,89,0.0,5.4,180,3.3065463576978537e-16,5.4
2017-05-04 05:00:00,22.2,93,0.0,6.7,196,1.8467702839738944,6.440453362786736
2017-05-04 06:00:00,23.3,91,0.0,3.3,186,0.3449439287832564,3.2819222547153015
2017-05-04 07:00:00,24.8,85,0.0,3.6,174,-0.3763024677635528,3.580278823325784
2017-05-04 08:00:00,26.6,78,0.0,4.0,185,0.34862297099063255,3.984778792366982
2017-05-04 09:00:00,28.0,75,0.0,7.0,215,4.015035054457323,5.7340643100229425
2017-05-04 10:00:00,29.2,69,0.1,8.6,213,4.683895701129233,7.212566884330647
2017-05-04 11:00:00,30.0,65,0.2,7.6,205,3.211898789229316,6.887939181478539
2017-05-04 12:00:00,30.5,65,0.1,8.5,208,3.9905082836800725,7.505054539300878
2017-05-04 13:00:00,30.2,65,0.2,9.2,228,6.836932394392027,6.156001578501495
2017-05-04 14:00:00,29.7,68,0.0,10.9,253,10.423721839997087,3.186851581477831
2017-05-04 15:00:00,29.2,71,0.0,6.5,236,5.38874422160777,3.634753872559855
2017-05-04 16:00:00,29.0,72,0.1,6.4,232,5.043268823083021,3.9402334420842133
2017-05-04 17:00:00,27.9,76,0.1,6.8,198,2.1013155617496424,6.467184310807044
2017-05-04 18:00:00,27.3,80,0.0,1.4,270,1.4,0.0
2017-05-04 19:00:00,25.8,89,0.2,2.6,56,-2.1554976886431088,-1.4539015490239415
2017-05-04 20:00:00,24.6,94,0.5,4.9,107,-4.685893304218874,1.4326213531414094
2017-05-04 21:00:00,24.7,94,0.0,4.5,209,2.181643291108517,3.935788682127281
2017-05-04 22:00:00,24.4,95,0.0,4.4,235,3.604268994871564,2.523736319944603
2017-05-04 23:00:00,24.1,96,0.0,4.0,180,2.4492935982947064e-16,4.0
2017-05-05 00:00:00,23.8,95,0.0,2.9,90,-2.9,3.5514757175273243e-16
2017-05-05 01:00:00,23.2,95,0.0,3.9,68,-3.616017032810471,-1.460965714322057
2017-05-05 02:00:00,24.7,85,0.0,2.9,83,-2.878383839759834,-0.3534210958749272
2017-05-05 03:00:00,24.8,85,0.0,2.0,315,1.4142135623730951,-1.414213562373095
2017-05-05 04:00:00,22.5,95,0.0,5.0,360,3.061616997868383e-16,-5.0
2017-05-05 05:00:00,22.7,94,0.0,3.8,49,-2.867896404846534,-2.4930243101639267
2017-05-05 06:00:00,23.7,88,0.0,3.6,84,-3.580278823325784,-0.3763024677635526
2017-05-05 07:00:00,25.3,83,0.0,1.1,360,6.735557395310444e-17,-1.1
2017-05-05 08:00:00,26.7,78,0.0,1.1,162,-0.3399186938124421,1.046162167924669
2017-05-05 09:00:00,27.9,73,0.2,3.8,229,2.8678964048465336,2.4930243101639276
2017-05-05 10:00:00,28.6,69,0.4,5.6,255,5.4091846272187825,1.4493866525741161
2017-05-05 11:00:00,29.2,71,0.6,5.0,249,4.667902132486009,1.7918397477265013
2017-05-05 12:00:00,29.4,75,0.1,3.9,292,3.616017032810471,-1.460965714322057
2017-05-05 13:00:00,28.8,74,1.2,8.3,288,7.893769085249775,-2.5648410533120636
2017-05-05 14:00:00,28.8,72,0.2,4.8,312,3.5670951622914924,-3.2118269105225195
2017-05-05 15:00:00,27.7,76,2.0,4.2,59,-3.600102662948872,-2.1631599146222276
2017-05-05 16:00:00,27.8,77,0.1,2.1,59,-1.800051331474436,-1.0815799573111138
2017-05-05 17:00:00,27.4,79,0.1,3.6,127,-2.8750878361702545,2.1665340833473734
2017-05-05 18:00:00,26.3,85,1.1,3.1,126,-2.507952682562337,1.822134282106667
2017-05-05 19:00:00,25.5,90,0.0,2.3,18,-0.7107390870623793,-2.1874299874788528
2017-05-05 20:00:00,25.0,94,0.0,4.5,61,-3.9357886821272814,-2.181643291108516
2017-05-05 21:00:00,24.7,94,0.0,3.1,69,-2.8940993221413254,-1.1109406435904314
2017-05-05 22:00:00,24.1,93,0.0,4.4,81,-4.3458286986186065,-0.6883116461770152
2017-05-05 23:00:00,23.2,95,0.0,2.3,72,-2.187429987478853,-0.7107390870623786
2017-05-06 00:00:00,23.3,95,0.0,0.4,90,-0.4,4.898587196589413e-17
2017-05-06 01:00:00,22.8,94,0.0,1.8,90,-1.8,2.2043642384652358e-16
2017-05-06 02:00:00,23.9,84,0.0,1.1,90,-1.1,1.3471114790620887e-16
2017-05-06 03:00:00,22.8,94,0.3,6.1,242,5.385980316439454,2.8637765329939335
2017-05-06 04:00:00,23.4,93,1.1,1.4,180,8.572527594031472e-17,1.4
2017-05-06 05:00:00,22.9,95,1.3,2.5,45,-1.7677669529663693,-1.7677669529663687
2017-05-06 06:00:00,23.1,92,1.1,3.3,96,-3.2819222547153015,0.3449439287832573
2017-05-06 07:00:00,24.0,89,0.6,2.6,146,-1.4539015490239415,2.1554976886431088
2017-05-06 08:00:00,26.5,83,0.2,3.8,311,2.8678964048465336,-2.4930243101639276
2017-05-06 09:00:00,28.0,78,0.0,6.0,335,2.5357095704441965,-5.437846722219899
2017-05-06 10:00:00,28.5,75,0.1,6.4,333,2.9055391983331,-5.702441754805554
2017-05-06 11:00:00,29.0,72,0.1,7.6,315,5.374011537017761,-5.37401153701776
2017-05-06 12:00:00,28.7,71,0.0,8.7,322,5.356254835333226,-6.855693556378481
2017-05-06 13:00:00,28.5,70,0.0,6.4,322,3.9402334420842133,-5.043268823083022
2017-05-06 14:00:00,28.5,71,0.0,10.9,343,3.186851581477831,-10.423721839997087
2017-05-06 15:00:00,26.8,78,0.6,5.9,47,-4.314986839553106,-4.023790324368741
2017-05-06 16:00:00,27.3,77,0.1,5.1,82,-5.050367150582008,-0.7097828148963341
2017-05-06 17:00:00,27.3,76,0.0,5.4,86,-5.386845871403051,-0.3766849582182765
2017-05-06 18:00:00,26.8,80,0.0,5.4,340,1.8469087739586119,-5.074340152243905
2017-05-06 19:00:00,24.9,89,0.0,9.5,349,1.8126854560771768,-9.325458242752807
2017-05-06 20:00:00,24.2,92,0.0,5.2,25,-2.197614961051636,-4.71280049259058
2017-05-06 21:00:00,23.4,95,0.0,6.5,354,0.6794350112397475,-6.4643923198937765
2017-05-06 22:00:00,23.5,95,0.0,6.6,351,1.032467469265524,-6.518743047927909
2017-05-06 23:00:00,22.9,96,0.0,7.8,347,1.7546182238821464,-7.6000865053248345
2017-05-07 00:00:00,22.2,97,0.0,4.3,355,0.37476969381492997,-4.283637201794505
2017-05-07 01:00:00,22.0,97,0.0,4.7,351,0.7352419856890854,-4.6421352007971475
2017-05-07 02:00:00,21.9,97,0.0,5.5,337,2.1490212066910055,-5.062776693988422
2017-05-07 03:00:00,21.6,98,0.0,3.6,354,0.3763024677635525,-3.580278823325784
2017-05-07 04:00:00,21.1,98,0.0,4.3,355,0.37476969381492997,-4.283637201794505
2017-05-07 05:00:00,20.9,98,0.0,4.7,302,3.9858260519352022,-2.490620541896063
2017-05-07 06:00:00,21.6,97,0.0,6.6,311,4.981083229470295,-4.329989591337347
2017-05-07 07:00:00,23.1,90,0.0,4.7,337,1.8364363038995866,-4.32637281122647
2017-05-07 08:00:00,25.4,81,0.0,3.7,11,-0.7059932828932151,-3.632020578756357
2017-05-07 09:00:00,27.3,75,0.0,1.8,307,1.437543918085127,-1.083267041673687
2017-05-07 10:00:00,28.7,71,0.0,4.5,284,4.366330768241984,-1.0886485301985047
2017-05-07 11:00:00,29.4,69,0.0,6.1,310,4.6728711030257655,-3.921004419087889
2017-05-07 12:00:00,29.9,67,0.0,4.3,312,3.195522749552795,-2.8772616073430903
2017-05-07 13:00:00,30.2,65,0.0,7.5,325,4.301823272632846,-6.143640332167439
2017-05-07 14:00:00,30.1,67,0.0,11.2,339,4.013721034907364,-10.45610077676866
2017-05-07 15:00:00,30.1,68,0.1,7.4,321,4.656970893768798,-5.750880114781585
2017-05-07 16:00:00,28.9,74,0.2,6.6,351,1.032467469265524,-6.518743047927909
2017-05-07 17:00:00,28.8,75,0.0,3.5,24,-1.4235782507653003,-3.1974091017491033
2017-05-07 18:00:00,27.6,88,0.0,1.8,191,0.34345619167778085,1.7669289302057951
2017-05-07 19:00:00,25.9,89,0.0,4.7,238,3.9858260519352022,2.490620541896063
2017-05-07 20:00:00,24.7,92,0.0,5.4,200,1.8469087739586119,5.074340152243905
2017-05-07 21:00:00,24.5,92,0.1,4.5,194,1.0886485301985045,4.366330768241984
2017-05-07 22:00:00,24.1,94,0.0,4.5,209,2.181643291108517,3.935788682127281
2017-05-07 23:00:00,23.9,95,0.1,6.3,204,2.5624408513775414,5.755336383148386
2017-05-08 00:00:00,23.5,95,0.3,4.7,171,-0.7352419856890848,4.6421352007971475
2017-05-08 01:00:00,23.4,94,0.4,4.2,121,-3.6001026629488715,2.1631599146222285
2017-05-08 02:00:00,23.4,94,0.0,3.4,122,-2.883363526931848,1.8017254983928965
2017-05-08 03:00:00,23.4,93,0.0,3.3,131,-2.4905416147351476,2.1649947956686737
2017-05-08 04:00:00,23.5,93,0.0,3.6,135,-2.545584412271571,2.5455844122715714
2017-05-08 05:00:00,23.2,91,0.0,3.8,131,-2.8678964048465336,2.4930243101639276
2017-05-08 06:00:00,23.9,91,0.0,1.3,124,-1.0777488443215542,0.726950774511971
2017-05-08 07:00:00,25.4,86,0.0,2.0,225,1.4142135623730951,1.414213562373095
2017-05-08 08:00:00,26.7,82,0.0,4.9,216,2.8801477362331185,3.9641832724372428
2017-05-08 09:00:00,28.4,74,0.0,8.1,201,2.902780391316933,7.5620014546273335
2017-05-08 10:00:00,29.4,70,0.0,8.9,207,4.040515447681967,7.929958065276474
2017-05-08 11:00:00,29.6,73,0.0,8.7,232,6.85569355637848,5.356254835333226
2017-05-08 12:00:00,30.0,68,0.0,9.4,272,9.394273773979501,-0.3280552690035091
2017-05-08 13:00:00,29.0,70,0.2,7.6,289,7.185941174554808,-2.474317973874391
2017-05-08 14:00:00,27.0,81,1.2,5.2,168,-1.0811407922523486,5.08636752381579
2017-05-08 15:00:00,27.5,79,0.0,7.9,137,-5.387787044493737,5.777694242791448
2017-05-08 16:00:00,28.4,77,0.1,2.9,150,-1.4499999999999993,2.511473670974872
2017-05-08 17:00:00,27.5,79,0.1,4.2,239,3.600102662948872,2.1631599146222276
2017-05-08 18:00:00,25.9,86,0.5,5.7,145,-3.269385687200963,4.669166652447252
2017-05-08 19:00:00,24.9,90,0.0,6.0,107,-5.737828535778213,1.7542302283364197
2017-05-08 20:00:00,24.4,90,0.0,4.3,114,-3.9282454678631833,1.7489675652259418
2017-05-08 21:00:00,24.6,88,0.0,5.1,141,-3.20953399435417,3.963444403430552
2017-05-08 22:00:00,24.7,87,0.0,4.7,148,-2.4906205418960625,3.9858260519352027
2017-05-08 23:00:00,23.9,91,0.0,4.8,138,-3.2118269105225195,3.5670951622914924
2017-05-09 00:00:00,23.4,93,0.0,5.7,162,-1.7613968679371999,5.421022142882376
2017-05-09 01:00:00,23.3,93,0.0,6.5,180,3.9801020972288977e-16,6.5
2017-05-09 02:00:00,23.7,91,0.0,5.4,172,-0.7515347451843529,5.34744757120448
2017-05-09 03:00:00,23.0,93,0.0,5.2,146,-2.907803098047883,4.3109953772862175
2017-05-09 04:00:00,22.7,92,0.0,4.6,135,-3.252691193458118,3.2526911934581184
2017-05-09 05:00:00,22.8,90,0.0,3.9,124,-3.2332465329646625,2.180852323535913
2017-05-09 06:00:00,23.1,87,0.0,5.4,90,-5.4,6.613092715395707e-16
2017-05-09 07:00:00,25.2,83,0.0,3.5,66,-3.197409101749103,-1.4235782507653008
2017-05-09 08:00:00,26.7,76,0.0,5.2,164,-1.433314250248395,4.998560818879258
2017-05-09 09:00:00,28.1,76,0.0,5.8,184,0.40458754771592637,5.78587149150698
2017-05-09 10:00:00,29.5,71,0.1,4.6,198,1.4214781741247582,4.3748599749577055
2017-05-09 11:00:00,29.2,70,0.6,10.6,288,10.081199072728626,-3.2755801403744425
2017-05-09 12:00:00,27.5,79,4.9,6.6,331,3.199743493625825,-5.772490067120011
2017-05-09 13:00:00,28.5,76,0.3,4.3,132,-3.195522749552794,2.8772616073430908
2017-05-09 14:00:00,27.4,79,3.1,9.5,245,8.609923976848174,4.014873486536644
2017-05-09 15:00:00,27.3,77,3.3,0.7000000000000001,180,4.2862637970157366e-17,0.7000000000000001
2017-05-09 16:00:00,28.0,77,0.1,2.0,45,-1.4142135623730954,-1.414213562373095
2017-05-09 17:00:00,27.2,80,0.3,4.3,90,-4.3,5.265981236333618e-16
2017-05-09 18:00:00,25.9,85,0.3,7.2,96,-7.160557646651568,0.7526049355271069
2017-05-09 19:00:00,24.7,89,0.0,4.7,99,-4.6421352007971475,0.7352419856890856
2017-05-09 20:00:00,24.2,93,0.0,5.4,82,-5.34744757120448,-0.7515347451843538
2017-05-09 21:00:00,24.2,92,0.0,4.3,90,-4.3,5.265981236333618e-16
2017-05-09 22:00:00,23.3,95,0.0,4.4,81,-4.3458286986186065,-0.6883116461770152
2017-05-09 23:00:00,22.9,95,0.0,2.3,39,-1.447436899414627,-1.7874357113510322
2017-05-10 00:00:00,22.6,96,0.0,3.9,22,-1.460965714322058,-3.6160170328104706
2017-05-10 01:00:00,22.2,95,0.0,4.9,36,-2.880147736233119,-3.9641832724372423
2017-05-10 02:00:00,21.5,95,0.0,5.4,37,-3.2498011250210608,-4.312631754255381
2017-05-10 03:00:00,21.2,94,0.0,4.5,29,-2.1816432911085157,-3.935788682127282
2017-05-10 04:00:00,21.1,93,0.0,3.6,37,-2.166534083347374,-2.875087836170254
2017-05-10 05:00:00,21.5,88,0.0,2.0,45,-1.4142135623730954,-1.414213562373095
2017-05-10 06:00:00,22.3,91,0.0,1.1,90,-1.1,1.3471114790620887e-16
2017-05-10 07:00:00,24.0,84,0.0,2.5,188,0.34793275240016364,2.475670171853926
2017-05-10 08:00:00,25.9,81,0.0,2.6,326,1.4539015490239418,-2.1554976886431088
2017-05-10 09:00:00,27.7,73,0.0,1.8,79,-1.7669289302057951,-0.3434561916777805
2017-05-10 10:00:00,29.0,68,0.0,2.0,135,-1.414213562373095,1.4142135623730951
2017-05-10 11:00:00,30.1,65,0.0,0.7000000000000001,270,0.7000000000000001,0.0
2017-05-10 12:00:00,30.7,63,0.0,7.2,323,4.333068166694749,-5.750175672340508
2017-05-10 13:00:00,30.0,67,0.2,8.4,329,4.326319829244455,-7.200205325897744
2017-05-10 14:00:00,30.5,64,0.1,8.2,319,5.379684037722159,-6.18861855782673
2017-05-10 15:00:00,30.2,63,0.0,6.8,302,5.766727053863696,-3.603450996785793
2017-05-10 16:00:00,29.2,68,0.0,7.9,317,5.387787044493738,-5.777694242791447
2017-05-10 17:00:00,28.6,71,0.0,5.7,325,3.269385687200963,-4.669166652447253
2017-05-10 18:00:00,28.0,73,0.0,4.1,308,3.2308440897875594,-2.524212048835199
2017-05-10 19:00:00,25.8,86,0.0,5.9,284,5.7247447850283795,-1.4273391840380396
2017-05-10 20:00:00,25.3,88,0.0,4.1,315,2.899137802864845,-2.8991378028648445
2017-05-10 21:00:00,25.5,89,0.0,2.1,59,-1.800051331474436,-1.0815799573111138
2017-05-10 22:00:00,25.6,86,0.0,1.6,63,-1.4256104387013888,-0.7263847995832747
2017-05-10 23:00:00,25.3,88,0.0,1.3,326,0.7269507745119709,-1.0777488443215544
2017-05-11 00:00:00,24.6,92,0.0,3.3,174,-0.3449439287832567,3.2819222547153015
2017-05-11 01:00:00,23.9,96,0.0,5.0,240,4.330127018922194,2.4999999999999996
2017-05-11 02:00:00,23.7,97,0.0,5.6,310,4.289848881466277,-3.5996106142446194
2017-05-11 03:00:00,23.7,98,0.0,2.5,82,-2.475670171853926,-0.3479327524001638
2017-05-11 04:00:00,24.3,96,0.0,1.8,79,-1.7669289302057951,-0.3434561916777805
2017-05-11 05:00:00,24.1,96,0.7000000000000001,2.0,315,1.4142135623730951,-1.414213562373095
2017-05-11 06:00:00,24.2,96,0.0,0.8,27,-0.36319239979163753,-0.7128052193506943
2017-05-11 07:00:00,25.1,94,0.0,1.3,146,-0.7269507745119708,1.0777488443215544
2017-05-11 08:00:00,26.6,86,0.0,1.5,45,-1.0606601717798214,-1.0606601717798212
2017-05-11 09:00:00,28.4,75,0.0,3.3,221,2.1649947956686737,2.4905416147351476
2017-05-11 10:00:00,29.4,70,0.0,6.6,229,4.981083229470295,4.329989591337347
2017-05-11 11:00:00,30.4,65,0.0,4.0,207,1.8159619989581872,3.564026096753471
2017-05-11 12:00:00,30.9,60,0.2,2.6,254,2.499280409439629,0.7166571251241979
2017-05-11 13:00:00,28.6,72,1.1,6.8,335,2.873804179836756,-6.162892951849219
2017-05-11 14:00:00,28.9,71,0.1,1.8,169,-0.34345619167778063,1.7669289302057951
2017-05-11 15:00:00,28.6,72,0.0,4.8,117,-4.276831316104166,2.1791543987498248
2017-05-11 16:00:00,28.5,72,0.3,1.5,76,-1.4554435894139948,-0.3628828433995013
2017-05-11 17:00:00,28.2,74,0.0,2.0,225,1.4142135623730951,1.414213562373095
2017-05-11 18:00:00,27.8,77,0.0,0.7000000000000001,180,4.2862637970157366e-17,0.7000000000000001
2017-05-11 19:00:00,26.2,88,0.0,3.3,103,-3.215421213791276,0.7423384793347552
2017-05-11 20:00:00,25.5,93,0.0,5.4,132,-4.012982057577928,3.613305274337835
2017-05-11 21:00:00,25.8,92,0.0,2.3,141,-1.4474368994146256,1.7874357113510333
2017-05-11 22:00:00,25.3,93,0.0,3.6,143,-2.1665340833473743,2.8750878361702537
2017-05-11 23:00:00,25.0,93,0.0,4.1,128,-3.2308440897875594,2.5242120488351993
2017-05-12 00:00:00,25.0,91,0.0,4.4,125,-3.6042689948715645,2.5237363199446023
2017-05-12 01:00:00,25.1,89,0.0,3.9,124,-3.2332465329646625,2.180852323535913
2017-05-12 02:00:00,24.5,91,0.0,3.8,131,-2.8678964048465336,2.4930243101639276
2017-05-12 03:00:00,24.3,90,0.0,3.8,131,-2.8678964048465336,2.4930243101639276
2017-05-12 04:00:00,25.1,84,0.0,3.9,146,-2.180852323535912,3.233246532964663
2017-05-12 05:00:00,25.4,83,0.0,4.3,222,2.8772616073430903,3.195522749552795
2017-05-12 06:00:00,24.9,90,0.0,2.8,140,-1.7998053071223101,2.1449244407331385
2017-05-12 07:00:00,26.5,83,0.0,2.9,97,-2.8783838397598336,0.35342109587492787
2017-05-12 08:00:00,27.5,79,0.0,0.7000000000000001,270,0.7000000000000001,0.0
2017-05-12 09:00:00,28.9,74,0.0,2.5,188,0.34793275240016364,2.475670171853926
2017-05-12 10:00:00,29.9,68,0.1,7.6,188,1.0577155672964975,7.5260373224359345
2017-05-12 11:00:00,30.1,69,0.0,7.8,193,1.7546182238821464,7.6000865053248345
2017-05-12 12:00:00,31.3,64,0.0,8.6,195,2.2258437878816784,8.306962106085987
2017-05-12 13:00:00,31.6,63,0.0,11.2,180,6.858022075225178e-16,11.2
2017-05-12 14:00:00,32.2,58,0.0,10.4,200,3.557009490586956,9.772803256173447
2017-05-12 15:00:00,32.1,54,0.0,13.2,227,9.65386886137305,9.00237835282498
2017-05-12 16:00:00,29.7,70,1.9,3.9,202,1.4609657143220567,3.616017032810471
2017-05-12 17:00:00,28.5,78,0.1,3.6,96,-3.580278823325784,0.37630246776355347
2017-05-12 18:00:00,26.6,84,0.8,11.9,88,-11.89275084152724,-0.4153040107597607
2017-05-12 19:00:00,25.9,84,0.0,5.4,98,-5.34744757120448,0.7515347451843528
2017-05-12 20:00:00,25.6,85,0.4,6.3,103,-6.1385314081469815,1.4171916423663506
2017-05-12 21:00:00,25.8,84,0.0,3.9,124,-3.2332465329646625,2.180852323535913
2017-05-12 22:00:00,25.7,87,0.0,3.8,139,-2.493024310163927,2.867896404846534
2017-05-12 23:00:00,25.4,88,0.0,5.1,176,-0.35575801609503915,5.087576656325103
2017-05-13 00:00:00,25.0,89,0.0,4.9,163,-1.4326213531414098,4.685893304218874
2017-05-13 01:00:00,24.6,89,0.0,5.4,138,-3.6133052743378347,4.012982057577929
2017-05-13 02:00:00,24.0,89,0.1,4.1,135,-2.8991378028648445,2.899137802864845
2017-05-13 03:00:00,23.9,88,0.3,5.6,140,-3.5996106142446203,4.289848881466277
2017-05-13 04:00:00,23.5,88,0.5,3.7,119,-3.2360929164157644,1.7937955949114477
2017-05-13 05:00:00,22.9,90,0.1,4.1,75,-3.96029588778518,-1.0611580849203353
2017-05-13 06:00:00,22.9,91,0.1,6.2,80,-6.10580806867569,-1.0766187015349689
2017-05-13 07:00:00,25.6,85,1.1,1.8,37,-1.083267041673687,-1.437543918085127
2017-05-13 08:00:00,26.0,81,4.3,3.6,180,2.2043642384652358e-16,3.6
2017-05-13 09:00:00,26.7,81,0.0,4.3,175,-0.3747696938149304,4.283637201794505
2017-05-13 10:00:00,28.4,78,0.0,7.5,197,2.192787785420526,7.172285669722766
2017-05-13 11:00:00,29.6,76,0.3,7.7,233,6.149493427364155,4.6339756782707715
2017-05-13 12:00:00,26.7,81,6.1,12.2,270,12.2,0.0
2017-05-13 13:00:00,27.6,79,0.9,2.9,60,-2.5114736709748717,-1.4500000000000002
2017-05-13 14:00:00,27.3,82,0.6,6.6,158,-2.4724035165450196,6.1194134401407965
2017-05-13 15:00:00,26.7,85,0.9,2.9,270,2.9,0.0
2017-05-13 16:00:00,26.7,87,0.6,2.7,67,-2.485363104321589,-1.0549740469210387
2017-05-13 17:00:00,26.3,91,0.4,4.3,66,-3.9282454678631837,-1.7489675652259409
2017-05-13 18:00:00,25.7,91,0.2,6.1,93,-6.0916401620029,0.3192493330819572
2017-05-13 19:00:00,25.0,93,0.2,4.2,70,-3.9467090073008158,-1.4364846019678084
2017-05-13 20:00:00,25.2,90,0.1,4.6,18,-1.4214781741247586,-4.3748599749577055
2017-05-13 21:00:00,25.0,92,0.3,4.1,45,-2.8991378028648453,-2.8991378028648445
2017-05-13 22:00:00,24.4,93,0.1,4.5,61,-3.9357886821272814,-2.181643291108516
2017-05-13 23:00:00,24.2,92,0.0,3.6,53,-2.875087836170254,-2.1665340833473743
2017-05-14 00:00:00,23.8,94,0.0,4.3,90,-4.3,5.265981236333618e-16
2017-05-14 01:00:00,24.8,86,0.0,3.7,281,3.632020578756357,-0.7059932828932158
2017-05-14 02:00:00,23.8,91,0.0,6.4,286,6.1520748540052415,-1.7640790772287946
2017-05-14 03:00:00,24.2,85,0.0,5.8,300,5.022947341949744,-2.8999999999999995
2017-05-14 04:00:00,22.9,91,0.4,4.3,360,2.632990618166809e-16,-4.3
2017-05-14 05:00:00,23.0,86,0.6,2.5,98,-2.475670171853926,0.3479327524001633
2017-05-14 06:00:00,23.3,89,0.0,3.6,84,-3.580278823325784,-0.3763024677635526
2017-05-14 07:00:00,24.8,86,0.0,3.3,96,-3.2819222547153015,0.3449439287832573
2017-05-14 08:00:00,26.2,77,0.0,1.1,108,-1.0461621679246689,0.3399186938124423
2017-05-14 09:00:00,27.4,74,0.0,2.7,23,-1.0549740469210394,-2.4853631043215887
2017-05-14 10:00:00,28.6,70,0.0,3.6,6,-0.3763024677635521,-3.5802788233257843
2017-05-14 11:00:00,29.4,70,0.0,3.2,333,1.45276959916655,-2.851220877402777
2017-05-14 12:00:00,30.0,70,0.0,2.2,270,2.2,0.0
2017-05-14 13:00:00,30.4,69,0.1,1.8,281,1.7669289302057951,-0.34345619167778063
2017-05-14 14:00:00,30.2,71,0.1,3.1,291,2.8940993221413254,-1.1109406435904308
2017-05-14 15:00:00,28.5,72,1.2,9.4,310,7.200817765318393,-6.042203531053469
2017-05-14 16:00:00,27.8,76,0.4,2.5,135,-1.7677669529663687,1.7677669529663689
2017-05-14 17:00:00,25.8,81,0.5,5.1,176,-0.35575801609503915,5.087576656325103
2017-05-14 18:00:00,25.3,85,0.1,5.2,65,-4.71280049259058,-2.1976149610516362
2017-05-14 19:00:00,24.3,92,0.2,2.9,90,-2.9,3.5514757175273243e-16
2017-05-14 20:00:00,24.1,95,0.1,3.3,77,-3.2154212137912763,-0.7423384793347544
2017-05-14 21:00:00,24.0,95,0.0,2.6,74,-2.499280409439629,-0.7166571251241974
2017-05-14 22:00:00,23.7,96,0.0,3.3,77,-3.2154212137912763,-0.7423384793347544
2017-05-14 23:00:00,23.4,96,0.0,4.5,119,-3.935788682127281,2.181643291108517
2017-05-15 00:00:00,23.5,94,0.0,4.8,132,-3.567095162291491,3.21182691052252
2017-05-15 01:00:00,23.1,93,0.0,5.5,113,-5.062776693988422,2.149021206691006
2017-05-15 02:00:00,23.0,92,0.0,4.5,119,-3.935788682127281,2.181643291108517
2017-05-15 03:00:00,22.9,91,0.0,5.7,145,-3.269385687200963,4.669166652447252
2017-05-15 04:00:00,23.7,83,0.4,4.9,163,-1.4326213531414098,4.685893304218874
2017-05-15 05:00:00,23.1,86,0.4,4.2,301,3.600102662948872,-2.1631599146222276
2017-05-15 06:00:00,22.7,94,1.4,3.3,311,2.4905416147351476,-2.1649947956686737
2017-05-15 07:00:00,23.7,92,0.3,4.2,121,-3.6001026629488715,2.1631599146222285
2017-05-15 08:00:00,26.5,76,0.0,1.3,236,1.0777488443215542,0.726950774511971
2017-05-15 09:00:00,28.3,71,0.0,5.4,233,4.312631754255381,3.2498011250210608
2017-05-15 10:00:00,29.1,70,0.0,6.4,223,4.36478950439999,4.6806636903626915
2017-05-15 11:00:00,29.9,70,0.1,4.5,209,2.181643291108517,3.935788682127281
2017-05-15 12:00:00,29.4,71,0.2,10.6,280,10.438962181929405,-1.8406706832694615
2017-05-15 13:00:00,28.4,73,0.3,6.8,238,5.766727053863696,3.603450996785793
2017-05-15 14:00:00,26.8,82,0.6,5.5,212,2.914555953282627,4.664264528860342
2017-05-15 15:00:00,26.9,82,0.2,2.5,225,1.7677669529663689,1.7677669529663687
2017-05-15 16:00:00,26.3,84,0.4,5.6,320,3.5996106142446203,-4.289848881466277
2017-05-15 17:00:00,25.3,90,0.6,2.2,81,-2.1729143493093033,-0.3441558230885076
2017-05-15 18:00:00,24.7,95,0.5,2.4,63,-2.138415658052083,-1.089577199374912
2017-05-15 19:00:00,24.4,97,1.4,2.1,149,-1.081579957311114,1.800051331474436
2017-05-15 20:00:00,24.4,94,1.5,2.5,180,1.5308084989341916e-16,2.5
2017-05-15 21:00:00,24.2,96,1.5,4.6,219,2.894873798829252,3.5748714227020657
2017-05-15 22:00:00,23.8,98,1.6,3.3,186,0.3449439287832564,3.2819222547153015
2017-05-15 23:00:00,23.5,98,1.4,5.6,130,-4.289848881466276,3.5996106142446207
2017-05-16 00:00:00,23.5,95,1.2,3.5,114,-3.197409101749103,1.4235782507653014
2017-05-16 01:00:00,23.5,94,1.2,4.2,121,-3.6001026629488715,2.1631599146222285
2017-05-16 02:00:00,23.5,94,1.3,3.8,131,-2.8678964048465336,2.4930243101639276
2017-05-16 03:00:00,23.5,94,3.4,3.2,180,1.9594348786357652e-16,3.2
2017-05-16 04:00:00,23.5,94,4.2,2.0,225,1.4142135623730951,1.414213562373095
2017-05-16 05:00:00,23.5,94,1.8,2.1,211,1.0815799573111138,1.800051331474436
2017-05-16 06:00:00,23.4,94,1.0,5.1,274,5.087576656325103,-0.35575801609503904
2017-05-16 07:00:00,23.2,96,1.2,3.2,333,1.45276959916655,-2.851220877402777
2017-05-16 08:00:00,24.1,94,1.2,4.0,360,2.4492935982947064e-16,-4.0
2017-05-16 09:00:00,24.6,90,2.8,1.8,37,-1.083267041673687,-1.437543918085127
2017-05-16 10:00:00,24.8,89,5.2,4.0,185,0.34862297099063255,3.984778792366982
2017-05-16 11:00:00,24.7,86,8.8,1.4,90,-1.4,1.7145055188062944e-16
2017-05-16 12:00:00,24.5,87,6.4,3.8,49,-2.867896404846534,-2.4930243101639267
2017-05-16 13:00:00,25.2,84,1.1,6.1,50,-4.6728711030257655,-3.921004419087889
2017-05-16 14:00:00,24.3,89,1.5,7.0,12,-1.4553818357243185,-6.847033205136639
2017-05-16 15:00:00,23.7,94,2.8,9.7,329,4.995869326627525,-8.31452281681049
2017-05-16 16:00:00,22.8,97,3.0,11.7,351,1.8302832409707017,-11.555953584963111
2017-05-16 17:00:00,22.7,96,1.8,11.5,358,0.4013442120787624,-11.492994510719601
2017-05-16 18:00:00,22.5,96,2.6,12.3,353,1.4989929238833142,-12.208317665188261
2017-05-16 19:00:00,22.3,96,3.2,7.9,357,0.41345405431925736,-7.889173324561134
2017-05-16 20:00:00,21.6,93,0.1,6.8,3,-0.3558845024520213,-6.790680836331102
2017-05-16 21:00:00,21.0,96,0.0,12.9,333,5.856477446640154,-11.493984162029944
2017-05-16 22:00:00,20.6,95,3.5,12.0,344,3.30764826980399,-11.535140351259827
2017-05-16 23:00:00,20.8,94,1.2,6.2,353,0.7555899291119145,-6.153786140176196
2017-05-17 00:00:00,20.7,95,0.5,6.1,332,2.863776532993934,-5.385980316439453
2017-05-17 01:00:00,20.8,93,1.0,5.6,345,1.4493866525741161,-5.4091846272187825
2017-05-17 02:00:00,20.6,93,0.1,10.2,352,1.4195656297926678,-10.100734301164017
2017-05-17 03:00:00,20.5,92,0.0,10.0,347,2.249510543438649,-9.743700647852352
2017-05-17 04:00:00,20.2,93,0.0,8.6,360,5.265981236333618e-16,-8.6
2017-05-17 05:00:00,20.2,94,0.0,8.3,2,-0.28966582263075635,-8.294943864258496
2017-05-17 06:00:00,20.6,93,0.0,7.6,3,-0.39775326744637673,-7.589584464134761
2017-05-17 07:00:00,21.7,89,0.0,5.6,15,-1.4493866525741155,-5.4091846272187825
2017-05-17 08:00:00,23.3,85,0.0,1.9,338,0.7117525274902327,-1.761649323676896
2017-05-17 09:00:00,24.8,81,0.7000000000000001,2.4,117,-2.138415658052083,1.0895771993749124
2017-05-17 10:00:00,25.6,79,1.8,5.4,138,-3.6133052743378347,4.012982057577929
2017-05-17 11:00:00,26.7,75,0.2,2.4,153,-1.089577199374912,2.138415658052083
2017-05-17 12:00:00,27.4,75,0.0,1.1,180,6.735557395310444e-17,1.1
2017-05-17 13:00:00,27.8,73,0.0,5.2,344,1.4333142502483958,-4.998560818879258
2017-05-17 14:00:00,27.9,70,0.0,8.7,343,2.5436338310878095,-8.319851376878407
2017-05-17 15:00:00,27.1,73,0.0,11.0,337,4.298042413382011,-10.125553387976844
2017-05-17 16:00:00,26.5,75,0.1,8.5,348,1.7672493719509554,-8.314254606237347
2017-05-17 17:00:00,25.9,77,0.0,7.3,351,1.1419715947936857,-7.210124886344506
2017-05-17 18:00:00,24.8,82,0.2,2.7,23,-1.0549740469210394,-2.4853631043215887
2017-05-17 19:00:00,23.8,87,0.0,3.0,284,2.9108871788279895,-0.7257656867990032
2017-05-17 20:00:00,23.3,92,0.0,4.0,180,2.4492935982947064e-16,4.0
2017-05-17 21:00:00,23.4,92,0.4,4.1,142,-2.524212048835199,3.23084408978756
2017-05-17 22:00:00,23.4,92,0.0,4.4,125,-3.6042689948715645,2.5237363199446023
2017-05-17 23:00:00,23.4,92,0.1,4.9,163,-1.4326213531414098,4.685893304218874
2017-05-18 00:00:00,23.5,90,0.0,5.5,191,1.049449474570997,5.3989495089621515
2017-05-18 01:00:00,24.3,81,0.0,3.8,221,2.4930243101639276,2.8678964048465336
2017-05-18 02:00:00,24.0,83,0.0,2.1,121,-1.8000513314744357,1.0815799573111142
2017-05-18 03:00:00,24.0,82,0.0,1.8,90,-1.8,2.2043642384652358e-16
2017-05-18 04:00:00,22.7,89,0.0,4.1,308,3.2308440897875594,-2.524212048835199
2017-05-18 05:00:00,22.2,92,0.0,6.2,306,5.0159053651246746,-3.6442685642133337
2017-05-18 06:00:00,23.3,88,0.0,1.3,56,-1.0777488443215544,-0.7269507745119708
2017-05-18 07:00:00,24.2,85,0.0,6.2,54,-5.015905365124675,-3.644268564213333
2017-05-18 08:00:00,25.3,81,0.0,3.8,107,-3.633958072659535,1.111012477946399
2017-05-18 09:00:00,26.7,75,0.0,2.5,98,-2.475670171853926,0.3479327524001633
2017-05-18 10:00:00,27.7,72,0.0,2.4,207,1.0895771993749124,2.138415658052083
2017-05-18 11:00:00,28.7,68,0.0,3.8,229,2.8678964048465336,2.4930243101639276
2017-05-18 12:00:00,28.2,71,0.0,5.9,284,5.7247447850283795,-1.4273391840380396
2017-05-18 13:00:00,28.0,74,0.0,7.6,335,3.211898789229316,-6.887939181478539
2017-05-18 14:00:00,28.4,74,0.0,5.5,11,-1.0494494745709955,-5.3989495089621515
2017-05-18 15:00:00,28.4,72,0.0,2.3,39,-1.447436899414627,-1.7874357113510322
2017-05-18 16:00:00,28.1,73,0.0,3.1,306,2.5079526825623373,-1.8221342821066668
2017-05-18 17:00:00,26.7,82,0.9,6.3,149,-3.2447398719333416,5.400153994423308
2017-05-18 18:00:00,24.7,94,2.0,6.8,122,-5.766727053863696,3.603450996785793
2017-05-18 19:00:00,24.1,93,0.5,4.3,90,-4.3,5.265981236333618e-16
2017-05-18 20:00:00,24.6,91,0.0,5.2,192,1.0811407922523493,5.086367523815789
2017-05-18 21:00:00,25.1,86,0.0,7.6,188,1.0577155672964975,7.5260373224359345
2017-05-18 22:00:00,25.0,88,0.0,11.8,200,4.035837691242892,11.088372925273719
2017-05-18 23:00:00,24.9,87,0.0,14.5,207,6.582862246223429,12.919594600731333
2017-05-19 00:00:00,24.7,86,0.0,12.1,197,3.5376976271451146,11.571287547152728
2017-05-19 01:00:00,24.4,85,0.0,8.5,192,1.7672493719509554,8.314254606237347
2017-05-19 02:00:00,24.1,85,0.1,6.5,186,0.6794350112397475,6.4643923198937765
2017-05-19 03:00:00,23.8,87,1.2,4.1,142,-2.524212048835199,3.23084408978756
2017-05-19 04:00:00,24.3,83,0.2,2.9,353,0.3534210958749277,-2.8783838397598336
2017-05-19 05:00:00,24.1,83,0.0,0.4,90,-0.4,4.898587196589413e-17
2017-05-19 06:00:00,24.0,88,0.0,2.3,129,-1.7874357113510329,1.4474368994146258
2017-05-19 07:00:00,24.4,88,0.0,4.3,138,-2.8772616073430903,3.195522749552795
2017-05-19 08:00:00,25.1,80,0.4,1.9,292,1.761649323676896,-0.7117525274902328
2017-05-19 09:00:00,25.6,80,0.0,3.9,248,3.616017032810471,1.460965714322057
2017-05-19 10:00:00,25.9,79,0.0,5.2,214,2.9078030980478835,4.3109953772862175
2017-05-19 11:00:00,26.7,71,0.0,3.9,236,3.2332465329646625,2.180852323535913
2017-05-19 12:00:00,27.3,68,0.0,2.5,225,1.7677669529663689,1.7677669529663687
2017-05-19 13:00:00,27.6,69,0.0,2.3,219,1.447436899414626,1.7874357113510329
2017-05-19 14:00:00,27.8,68,0.0,0.8,27,-0.36319239979163753,-0.7128052193506943
2017-05-19 15:00:00,27.6,69,0.0,2.4,27,-1.0895771993749126,-2.138415658052083
2017-05-19 16:00:00,27.1,74,0.0,4.2,20,-1.436484601967808,-3.9467090073008158
2017-05-19 17:00:00,26.1,82,0.1,7.7,11,-1.4692292643993936,-7.558529312547013
2017-05-19 18:00:00,25.2,84,0.0,8.5,12,-1.767249371950958,-8.314254606237347
2017-05-19 19:00:00,24.3,83,0.0,5.1,352,0.7097828148963339,-5.050367150582009
2017-05-19 20:00:00,24.3,86,1.4,5.8,360,3.5514757175273243e-16,-5.8
2017-05-19 21:00:00,23.9,86,0.3,7.6,3,-0.39775326744637673,-7.589584464134761
2017-05-19 22:00:00,23.2,89,0.3,10.1,360,6.184466335694133e-16,-10.1
2017-05-19 23:00:00,22.5,81,0.0,11.3,17,-3.3038002633669294,-10.8062437423823
2017-05-20 00:00:00,22.2,80,0.0,9.7,27,-4.403707847473605,-8.642763284627167
2017-05-20 01:00:00,21.9,84,1.9,5.5,32,-2.9145559532826275,-4.664264528860342
2017-05-20 02:00:00,21.5,88,4.2,4.1,52,-3.23084408978756,-2.5242120488351985
2017-05-20 03:00:00,21.7,89,1.6,3.5,66,-3.197409101749103,-1.4235782507653008
2017-05-20 04:00:00,21.8,91,2.5,4.4,9,-0.6883116461770166,-4.345828698618606
2017-05-20 05:00:00,21.9,92,2.8,5.0,360,3.061616997868383e-16,-5.0
2017-05-20 06:00:00,21.9,94,2.5,9.3,344,2.5634274090980926,-8.939733772226367
2017-05-20 07:00:00,23.0,91,1.6,11.5,356,0.8021994480574401,-11.471986577987979
2017-05-20 08:00:00,24.1,82,0.0,12.6,5,-1.0981623586204938,-12.552053195955994
2017-05-20 09:00:00,24.9,79,0.0,13.7,360,8.388830574159369e-16,-13.7
2017-05-20 10:00:00,26.0,78,0.0,13.8,354,1.4424927930936178,-13.724402156082173
2017-05-20 11:00:00,26.5,76,0.0,11.3,351,1.7677094549546095,-11.160878248725057
2017-05-20 12:00:00,27.5,69,0.0,8.4,350,1.4586446924022156,-8.272385125302547
2017-05-20 13:00:00,27.1,73,0.6,14.2,339,5.088824883543265,-13.256842056260265
2017-05-20 14:00:00,25.7,81,1.0,12.9,347,2.9018686010358574,-12.569373835729534
2017-05-20 15:00:00,25.6,82,0.0,8.7,7,-1.0602632876247804,-8.635151519279502
2017-05-20 16:00:00,25.6,82,0.0,5.0,21,-1.7918397477265036,-4.667902132486008
2017-05-20 17:00:00,25.6,83,0.0,2.3,18,-0.7107390870623793,-2.1874299874788528
2017-05-20 18:00:00,25.4,85,0.0,2.4,333,1.0895771993749124,-2.138415658052083
2017-05-20 19:00:00,25.0,85,0.0,2.1,301,1.800051331474436,-1.0815799573111138
2017-05-20 20:00:00,23.4,91,0.0,4.4,325,2.5237363199446032,-3.604268994871564
2017-05-20 21:00:00,22.8,93,0.0,4.0,350,0.6945927106677217,-3.939231012048832
2017-05-20 22:00:00,22.5,94,0.0,3.8,73,-3.6339580726595346,-1.1110124779463997
2017-05-20 23:00:00,22.1,97,0.0,2.6,124,-2.1554976886431083,1.453901549023942
2017-05-21 00:00:00,22.1,98,0.0,4.3,138,-2.8772616073430903,3.195522749552795
2017-05-21 01:00:00,22.1,97,0.0,3.2,117,-2.851220877402777,1.4527695991665501
2017-05-21 02:00:00,21.7,97,0.0,4.0,85,-3.984778792366982,-0.3486229709906318
2017-05-21 03:00:00,21.5,97,0.0,3.8,49,-2.867896404846534,-2.4930243101639267
2017-05-21 04:00:00,21.1,98,0.0,3.9,56,-3.233246532964663,-2.180852323535912
2017-05-21 05:00:00,21.4,98,0.0,2.4,27,-1.0895771993749126,-2.138415658052083
2017-05-21 06:00:00,21.6,99,0.0,5.1,356,0.35575801609503865,-5.087576656325103
2017-05-21 07:00:00,23.1,98,0.0,4.5,14,-1.088648530198505,-4.366330768241984
2017-05-21 08:00:00,25.1,83,0.0,2.5,82,-2.475670171853926,-0.3479327524001638
2017-05-21 09:00:00,26.4,79,0.0,1.3,236,1.0777488443215542,0.726950774511971
2017-05-21 10:00:00,27.8,73,0.0,2.3,198,0.7107390870623791,2.1874299874788528
2017-05-21 11:00:00,28.8,68,0.2,1.8,127,-1.4375439180851273,1.0832670416736867
2017-05-21 12:00:00,29.4,65,0.3,0.7000000000000001,360,4.2862637970157366e-17,-0.7000000000000001
2017-05-21 13:00:00,29.0,69,0.1,8.5,324,4.996174644486022,-6.876644452187053
2017-05-21 14:00:00,28.6,73,0.1,11.7,342,3.615498834186885,-11.127361240653295
2017-05-21 15:00:00,28.7,73,0.1,10.4,346,2.515987714236544,-10.091075553270363
2017-05-21 16:00:00,28.8,75,0.1,9.2,339,3.2969851358167634,-8.588939923774255
2017-05-21 17:00:00,28.4,78,0.2,8.5,332,3.9905082836800725,-7.505054539300878
2017-05-21 18:00:00,27.3,85,0.1,6.6,315,4.666904755831213,-4.666904755831213
2017-05-21 19:00:00,25.6,92,0.5,3.9,304,3.2332465329646625,-2.180852323535913
2017-05-21 20:00:00,25.5,93,0.3,6.3,294,5.755336383148386,-2.5624408513775414
2017-05-21 21:00:00,25.2,93,0.0,4.7,274,4.688551036221174,-0.3278554265973889
2017-05-21 22:00:00,24.9,92,0.0,4.0,260,3.939231012048832,0.6945927106677213
2017-05-21 23:00:00,24.4,94,0.0,3.4,198,1.0506577808748212,3.233592155403522
2017-05-22 00:00:00,24.0,96,0.0,3.6,217,2.1665340833473743,2.875087836170254
2017-05-22 01:00:00,23.7,97,0.0,3.5,204,1.4235782507653008,3.197409101749103
2017-05-22 02:00:00,23.9,97,0.3,4.2,121,-3.6001026629488715,2.1631599146222285
2017-05-22 03:00:00,23.7,96,0.0,4.3,132,-3.195522749552794,2.8772616073430908
2017-05-22 04:00:00,23.8,95,0.0,4.5,166,-1.088648530198505,4.366330768241984
2017-05-22 05:00:00,23.6,95,0.0,5.8,173,-0.7068421917498547,5.756767679519668
2017-05-22 06:00:00,24.9,91,0.0,4.8,153,-2.179154398749824,4.276831316104166
2017-05-22 07:00:00,25.9,87,0.1,3.1,159,-1.1109406435904308,2.8940993221413254
2017-05-22 08:00:00,27.0,82,0.0,8.9,194,2.1531048708370424,8.635631963856369
2017-05-22 09:00:00,28.3,76,0.0,10.9,207,4.948496447161061,9.71197111365321
2017-05-22 10:00:00,29.4,72,0.0,11.8,211,6.077449283938639,10.114574148284927
2017-05-22 11:00:00,29.8,72,0.1,13.2,225,9.333809511662427,9.333809511662427
2017-05-22 12:00:00,29.7,72,0.2,7.4,241,6.472185832831529,3.5875911898228945
2017-05-22 13:00:00,29.9,73,0.3,6.6,225,4.666904755831213,4.666904755831213
2017-05-22 14:00:00,29.7,73,0.3,6.9,223,4.70578868443124,5.046340541172277
2017-05-22 15:00:00,30.0,72,0.1,3.4,198,1.0506577808748212,3.233592155403522
2017-05-22 16:00:00,29.1,75,0.2,5.5,212,2.914555953282627,4.664264528860342
2017-05-22 17:00:00,27.8,81,0.2,6.0,163,-1.75423022833642,5.737828535778213
2017-05-22 18:00:00,27.0,87,0.2,6.4,133,-4.6806636903626915,4.364789504399991
2017-05-22 19:00:00,26.0,90,0.1,5.9,142,-3.6324027044213842,4.64926344627966
2017-05-22 20:00:00,25.4,93,0.0,6.0,155,-2.535709570444196,5.4378467222199
2017-05-22 21:00:00,25.3,92,0.0,4.5,166,-1.088648530198505,4.366330768241984
2017-05-22 22:00:00,25.2,91,0.0,5.9,194,1.4273391840380394,5.7247447850283795
2017-05-22 23:00:00,24.6,93,0.0,6.3,204,2.5624408513775414,5.755336383148386
2017-05-23 00:00:00,24.1,95,0.0,6.2,201,2.2218812871808624,5.788198644282651
2017-05-23 01:00:00,23.9,95,0.0,5.5,191,1.049449474570997,5.3989495089621515
2017-05-23 02:00:00,23.5,96,0.0,4.7,184,0.3278554265973886,4.688551036221174
2017-05-23 03:00:00,23.4,95,0.0,5.4,160,-1.8469087739586112,5.074340152243906
2017-05-23 04:00:00,23.6,93,0.0,4.3,138,-2.8772616073430903,3.195522749552795
2017-05-23 05:00:00,23.4,93,0.0,4.6,141,-2.894873798829251,3.5748714227020666
2017-05-23 06:00:00,24.5,89,0.0,3.4,212,1.8017254983928965,2.883363526931848
2017-05-23 07:00:00,25.8,89,0.0,5.1,231,3.963444403430551,3.2095339943541705
2017-05-23 08:00:00,27.0,83,0.0,4.2,200,1.436484601967809,3.9467090073008153
2017-05-23 09:00:00,28.5,75,0.1,4.7,212,2.490620541896063,3.9858260519352022
2017-05-23 10:00:00,29.7,73,0.4,6.4,254,6.1520748540052415,1.7640790772287946
2017-05-23 11:00:00,28.0,82,2.0,10.6,288,10.081199072728626,-3.2755801403744425
2017-05-23 12:00:00,29.1,78,0.1,6.3,294,5.755336383148386,-2.5624408513775414
2017-05-23 13:00:00,30.3,71,0.1,6.4,308,5.043268823083021,-3.9402334420842133
2017-05-23 14:00:00,27.7,77,10.5,9.2,225,6.505382386916237,6.505382386916236
2017-05-23 15:00:00,28.2,80,0.1,5.3,118,-4.679622242152313,2.4881992827652204
2017-05-23 16:00:00,28.1,83,0.2,4.1,105,-3.9602958877851795,1.0611580849203361
2017-05-23 17:00:00,27.8,83,0.3,5.9,101,-5.791600382341218,1.1257730727216153
2017-05-23 18:00:00,26.6,89,1.8,6.6,81,-6.518743047927909,-1.0324674692655227
2017-05-23 19:00:00,25.3,92,0.0,3.7,79,-3.632020578756357,-0.7059932828932155
2017-05-23 20:00:00,25.6,95,0.0,4.8,167,-1.079765060850552,4.676976310969129
2017-05-23 21:00:00,25.3,96,0.0,4.0,190,0.6945927106677217,3.939231012048832
2017-05-23 22:00:00,24.9,96,0.0,4.2,149,-2.163159914622228,3.600102662948872
2017-05-23 23:00:00,25.4,91,0.0,3.7,151,-1.793795594911447,3.236092916415765
2017-05-24 00:00:00,25.3,91,0.0,4.7,212,2.490620541896063,3.9858260519352022
2017-05-24 01:00:00,24.3,96,0.0,4.3,185,0.37476969381492997,4.283637201794505
2017-05-24 02:00:00,24.5,95,0.0,4.4,189,0.6883116461770161,4.3458286986186065
2017-05-24 03:00:00,24.1,96,0.0,4.3,185,0.37476969381492997,4.283637201794505
2017-05-24 04:00:00,24.4,95,0.9,4.0,185,0.34862297099063255,3.984778792366982
2017-05-24 05:00:00,24.5,96,0.3,4.0,185,0.34862297099063255,3.984778792366982
2017-05-24 06:00:00,25.1,94,0.8,5.1,184,0.35575801609503865,5.087576656325103
2017-05-24 07:00:00,25.7,91,0.5,5.8,173,-0.7068421917498547,5.756767679519668
2017-05-24 08:00:00,26.9,87,0.1,7.3,213,3.9758649556096977,6.122295146001595
2017-05-24 09:00:00,28.0,86,0.1,7.9,210,3.950000000000001,6.841600689897065
2017-05-24 10:00:00,28.3,83,0.2,11.0,238,9.328529057720685,5.829111906565254
2017-05-24 11:00:00,29.3,78,0.1,5.9,259,5.791600382341218,1.1257730727216144
2017-05-24 12:00:00,27.0,86,10.7,14.1,220,9.063305296580205,10.80122664797759
2017-05-24 13:00:00,27.6,81,5.0,14.6,220,9.384699101423475,11.184248869537079
2017-05-24 14:00:00,27.9,83,4.4,6.2,234,5.0159053651246746,3.6442685642133337
2017-05-24 15:00:00,26.9,86,5.0,6.6,202,2.4724035165450187,6.1194134401407965
2017-05-24 16:00:00,27.0,88,0.2,6.8,155,-2.8738041798367555,6.16289295184922
2017-05-24 17:00:00,26.9,90,0.5,6.9,231,5.3623071340531,4.342310698243878
2017-05-24 18:00:00,26.0,93,1.3,5.6,255,5.4091846272187825,1.4493866525741161
2017-05-24 19:00:00,25.2,96,1.1,1.3,56,-1.0777488443215544,-0.7269507745119708
2017-05-24 20:00:00,25.9,93,0.8,10.6,332,4.976398565530443,-9.359244484304625
2017-05-24 21:00:00,24.9,96,1.9,12.6,355,1.0981623586204925,-12.552053195955994
2017-05-24 22:00:00,24.2,96,1.3,12.3,357,0.6437322617882109,-12.283143277481258
2017-05-24 23:00:00,23.7,96,0.6,11.2,354,1.1707187885977186,-11.13864522812466
2017-05-25 00:00:00,23.4,96,0.6,7.6,3,-0.39775326744637673,-7.589584464134761
2017-05-25 01:00:00,23.2,96,0.4,2.3,342,0.7107390870623791,-2.1874299874788528
2017-05-25 02:00:00,23.3,97,0.1,0.4,270,0.4,0.0
2017-05-25 03:00:00,23.1,96,0.0,2.8,230,2.1449244407331385,1.7998053071223097
2017-05-25 04:00:00,22.8,97,0.1,6.1,242,5.385980316439454,2.8637765329939335
2017-05-25 05:00:00,22.6,97,0.8,5.9,256,5.7247447850283795,1.4273391840380396
2017-05-25 06:00:00,22.8,95,1.0,2.8,320,1.7998053071223101,-2.1449244407331385
2017-05-25 07:00:00,23.4,92,1.1,3.1,45,-2.192031021678298,-2.192031021678297
2017-05-25 08:00:00,23.7,90,2.2,2.8,50,-2.1449244407331385,-1.7998053071223097
2017-05-25 09:00:00,24.7,88,1.5,1.4,90,-1.4,1.7145055188062944e-16
2017-05-25 10:00:00,25.3,88,0.5,1.1,270,1.1,0.0
2017-05-25 11:00:00,27.0,84,0.6,7.6,211,3.9142893693164114,6.5144714853360535
2017-05-25 12:00:00,26.6,86,0.3,7.6,239,6.5144714853360535,3.9142893693164114
2017-05-25 13:00:00,25.6,88,2.2,12.8,308,10.086537646166041,-7.880466884168427
2017-05-25 14:00:00,24.6,87,1.7000000000000002,14.3,12,-2.973137178693965,-13.987510690493421
2017-05-25 15:00:00,25.2,86,0.0,8.2,29,-3.975438886019962,-7.171881598543046
2017-05-25 16:00:00,25.5,88,0.8,4.3,48,-3.195522749552795,-2.8772616073430903
2017-05-25 17:00:00,25.3,87,0.2,4.0,360,2.4492935982947064e-16,-4.0
2017-05-25 18:00:00,24.6,89,0.1,6.5,341,2.116193003971519,-6.145870741395559
2017-05-25 19:00:00,23.5,91,0.1,7.7,349,1.4692292643993958,-7.558529312547013
2017-05-25 20:00:00,23.2,95,0.3,7.3,340,2.4967470462773824,-6.8597561317371305
2017-05-25 21:00:00,22.9,95,2.1,5.4,340,1.8469087739586119,-5.074340152243905
2017-05-25 22:00:00,22.4,96,3.6,8.6,345,2.2258437878816784,-8.306962106085987
2017-05-25 23:00:00,22.0,96,2.9,6.5,6,-0.6794350112397468,-6.464392319893777
2017-05-26 00:00:00,22.2,95,0.4,1.8,323,1.0832670416736871,-1.437543918085127
2017-05-26 01:00:00,22.1,94,0.1,5.8,330,2.9000000000000004,-5.0229473419497435
2017-05-26 02:00:00,21.9,93,0.3,6.7,324,3.93816119035957,-5.420413862312148
2017-05-26 03:00:00,21.6,92,0.0,9.7,333,4.403707847473604,-8.642763284627167
2017-05-26 04:00:00,21.0,91,0.0,11.2,354,1.1707187885977186,-11.13864522812466
2017-05-26 05:00:00,21.1,92,0.0,10.7,12,-2.2246550917500296,-10.46617932785172
2017-05-26 06:00:00,21.4,90,0.0,9.0,355,0.7844016847289232,-8.96575228282571
2017-05-26 07:00:00,22.2,86,0.0,7.6,360,4.653657836759942e-16,-7.6
2017-05-26 08:00:00,23.7,89,0.0,3.6,354,0.3763024677635525,-3.580278823325784
2017-05-26 09:00:00,24.9,88,0.8,3.3,347,0.7423384793347542,-3.2154212137912763
2017-05-26 10:00:00,25.4,87,0.2,2.3,18,-0.7107390870623793,-2.1874299874788528
2017-05-26 11:00:00,26.9,82,0.0,1.8,11,-0.3434561916777803,-1.7669289302057951
2017-05-26 12:00:00,28.4,77,0.1,5.4,307,4.312631754255381,-3.2498011250210608
2017-05-26 13:00:00,29.1,73,0.1,7.7,319,5.051654523226906,-5.811263767715345
2017-05-26 14:00:00,29.0,70,0.1,11.6,324,6.818308926592688,-9.38459713474939
2017-05-26 15:00:00,28.4,71,0.4,10.0,347,2.249510543438649,-9.743700647852352
2017-05-26 16:00:00,28.2,70,0.0,10.5,352,1.4613175600806874,-10.397814721786489
2017-05-26 17:00:00,26.8,74,0.0,10.4,358,0.36295476570601126,-10.393664600998596
2017-05-26 18:00:00,25.4,78,0.0,9.7,345,2.510544737494451,-9.369480515003962
2017-05-26 19:00:00,24.0,76,0.0,9.7,356,0.6766377953180147,-9.676371287520293
2017-05-26 20:00:00,24.1,81,0.0,5.1,352,0.7097828148963339,-5.050367150582009
2017-05-26 21:00:00,23.8,82,0.0,3.6,354,0.3763024677635525,-3.580278823325784
2017-05-26 22:00:00,23.1,83,0.0,3.7,281,3.632020578756357,-0.7059932828932158
2017-05-26 23:00:00,22.9,85,0.0,4.1,218,2.524212048835199,3.23084408978756
2017-05-27 00:00:00,22.4,91,0.0,4.7,203,1.8364363038995866,4.32637281122647
2017-05-27 01:00:00,22.4,91,0.0,4.6,162,-1.4214781741247577,4.374859974957706
2017-05-27 02:00:00,23.0,91,0.0,5.4,160,-1.8469087739586112,5.074340152243906
2017-05-27 03:00:00,22.7,94,0.0,5.1,135,-3.606244584051392,3.6062445840513924
2017-05-27 04:00:00,22.5,93,0.0,5.6,117,-4.989636535454859,2.542346798541462
2017-05-27 05:00:00,22.7,91,0.0,5.2,124,-4.310995377286217,2.907803098047884
2017-05-27 06:00:00,23.8,89,0.0,4.6,135,-3.252691193458118,3.2526911934581184
2017-05-27 07:00:00,25.4,82,0.0,3.0,104,-2.9108871788279895,0.7257656867990032
2017-05-27 08:00:00,26.6,78,0.0,7.7,169,-1.469229264399395,7.558529312547013
2017-05-27 09:00:00,27.4,77,0.0,7.6,183,0.3977532674463741,7.589584464134761
2017-05-27 10:00:00,27.9,77,0.4,6.5,177,-0.34018371557913496,6.49109197590473
2017-05-27 11:00:00,28.1,78,3.9,12.3,218,7.572636146505597,9.692532269362681
2017-05-27 12:00:00,27.3,81,9.6,6.7,254,6.440453362786736,1.8467702839738944
2017-05-27 13:00:00,27.4,80,0.4,6.4,254,6.1520748540052415,1.7640790772287946
2017-05-27 14:00:00,27.4,78,0.1,4.0,360,2.4492935982947064e-16,-4.0
2017-05-27 15:00:00,28.0,80,0.1,7.1,45,-5.020458146424488,-5.020458146424486
2017-05-27 16:00:00,27.5,82,0.2,7.4,61,-6.47218583283153,-3.5875911898228936
2017-05-27 17:00:00,27.2,81,0.1,7.0,111,-6.535062985480412,2.5085756468171017
2017-05-27 18:00:00,26.7,85,0.0,3.1,126,-2.507952682562337,1.822134282106667
2017-05-27 19:00:00,26.1,86,0.0,2.8,230,2.1449244407331385,1.7998053071223097
2017-05-27 20:00:00,25.3,92,0.0,1.5,76,-1.4554435894139948,-0.3628828433995013
2017-05-27 21:00:00,25.1,92,0.0,3.6,264,3.580278823325784,0.37630246776355253
2017-05-27 22:00:00,23.9,96,0.0,4.8,257,4.676976310969129,1.079765060850552
2017-05-27 23:00:00,23.1,96,0.0,5.1,278,5.050367150582009,-0.7097828148963337
2017-05-28 00:00:00,23.4,94,0.0,3.6,315,2.5455844122715714,-2.545584412271571
2017-05-28 01:00:00,22.9,97,0.0,2.4,117,-2.138415658052083,1.0895771993749124
2017-05-28 02:00:00,22.9,98,0.0,2.3,198,0.7107390870623791,2.1874299874788528
2017-05-28 03:00:00,22.7,99,0.0,2.8,220,1.7998053071223101,2.1449244407331385
2017-05-28 04:00:00,22.9,97,0.0,0.8,27,-0.36319239979163753,-0.7128052193506943
2017-05-28 05:00:00,22.6,99,0.0,1.5,104,-1.4554435894139948,0.3628828433995016
2017-05-28 06:00:00,23.0,98,0.0,1.6,333,0.726384799583275,-1.4256104387013886
2017-05-28 07:00:00,23.9,94,0.0,4.6,309,3.5748714227020657,-2.8948737988292517
2017-05-28 08:00:00,26.8,83,0.0,2.5,315,1.7677669529663689,-1.7677669529663687
2017-05-28 09:00:00,27.4,81,0.0,4.7,266,4.688551036221174,0.3278554265973889
2017-05-28 10:00:00,28.4,77,0.0,6.3,257,6.1385314081469815,1.4171916423663495
2017-05-28 11:00:00,29.3,72,0.0,4.8,243,4.276831316104166,2.1791543987498243
2017-05-28 12:00:00,29.5,74,0.0,3.6,270,3.6,0.0
2017-05-28 13:00:00,29.8,74,0.1,6.0,303,5.032023407672544,-3.2678342100901627
2017-05-28 14:00:00,28.6,78,0.3,4.1,315,2.899137802864845,-2.8991378028648445
2017-05-28 15:00:00,28.2,81,0.2,3.9,146,-2.180852323535912,3.233246532964663
2017-05-28 16:00:00,27.9,83,0.3,6.2,201,2.2218812871808624,5.788198644282651
2017-05-28 17:00:00,27.6,82,0.3,5.6,195,1.4493866525741161,5.4091846272187825
2017-05-28 18:00:00,27.2,87,0.3,2.9,150,-1.4499999999999993,2.511473670974872
2017-05-28 19:00:00,25.8,94,0.3,3.3,139,-2.1649947956686737,2.490541614735148
2017-05-28 20:00:00,25.3,94,0.2,2.3,231,1.7874357113510329,1.4474368994146258
2017-05-28 21:00:00,24.4,97,0.0,3.7,209,1.7937955949114475,3.2360929164157644
2017-05-28 22:00:00,23.8,98,0.0,4.3,175,-0.3747696938149304,4.283637201794505
2017-05-28 23:00:00,24.2,97,0.0,4.6,162,-1.4214781741247577,4.374859974957706
2017-05-29 00:00:00,23.9,97,0.0,4.2,149,-2.163159914622228,3.600102662948872
2017-05-29 01:00:00,23.8,96,0.0,4.3,156,-1.748967565225941,3.9282454678631837
2017-05-29 02:00:00,23.5,96,0.0,4.5,166,-1.088648530198505,4.366330768241984
2017-05-29 03:00:00,23.0,97,0.0,5.4,160,-1.8469087739586112,5.074340152243906
2017-05-29 04:00:00,23.8,94,0.0,3.6,143,-2.1665340833473743,2.8750878361702537
2017-05-29 05:00:00,23.4,95,0.0,3.7,151,-1.793795594911447,3.236092916415765
2017-05-29 06:00:00,24.0,94,0.0,2.6,164,-0.7166571251241975,2.499280409439629
2017-05-29 07:00:00,24.8,92,0.0,2.2,171,-0.34415582308850784,2.1729143493093033
2017-05-29 08:00:00,26.1,86,0.0,2.2,180,1.3471114790620887e-16,2.2
2017-05-29 09:00:00,27.6,81,0.0,2.4,207,1.0895771993749124,2.138415658052083
2017-05-29 10:00:00,28.8,76,0.0,4.6,225,3.2526911934581184,3.252691193458118
2017-05-29 11:00:00,30.3,71,0.0,7.3,237,6.122295146001595,3.9758649556096977
2017-05-29 12:00:00,30.8,71,0.0,1.4,270,1.4,0.0
2017-05-29 13:00:00,30.0,74,0.1,4.2,301,3.600102662948872,-2.1631599146222276
2017-05-29 14:00:00,29.5,75,0.1,4.7,293,4.32637281122647,-1.8364363038995868
2017-05-29 15:00:00,28.8,79,0.1,3.1,135,-2.192031021678297,2.1920310216782974
2017-05-29 16:00:00,28.9,80,0.1,5.4,110,-5.074340152243905,1.846908773958612
2017-05-29 17:00:00,28.4,81,0.6,4.4,145,-2.5237363199446032,3.6042689948715636
2017-05-29 18:00:00,27.6,86,0.0,4.5,256,4.366330768241984,1.0886485301985047
2017-05-29 19:00:00,26.3,91,0.4,4.8,228,3.5670951622914924,3.2118269105225195
2017-05-29 20:00:00,25.8,90,0.1,6.6,193,1.4846769586695083,6.430842427582553
2017-05-29 21:00:00,25.8,87,0.1,7.6,183,0.3977532674463741,7.589584464134761
2017-05-29 22:00:00,25.2,89,0.0,4.1,165,-1.0611580849203355,3.96029588778518
2017-05-29 23:00:00,25.2,90,0.0,4.1,165,-1.0611580849203355,3.96029588778518
2017-05-30 00:00:00,25.5,88,0.0,6.2,170,-1.076618701534968,6.10580806867569
2017-05-30 01:00:00,25.4,88,0.1,7.3,189,1.1419715947936857,7.210124886344506
2017-05-30 02:00:00,25.1,90,0.1,5.4,188,0.7515347451843536,5.34744757120448
2017-05-30 03:00:00,25.2,89,0.2,7.1,165,-1.837615220227898,6.858073366652385
2017-05-30 04:00:00,25.1,89,0.0,5.4,172,-0.7515347451843529,5.34744757120448
2017-05-30 05:00:00,24.8,91,0.0,4.3,185,0.37476969381492997,4.283637201794505
2017-05-30 06:00:00,25.5,88,0.0,2.7,157,-1.0549740469210394,2.4853631043215887
2017-05-30 07:00:00,26.5,84,0.0,2.1,211,1.0815799573111138,1.800051331474436
2017-05-30 08:00:00,27.7,80,0.0,5.3,242,4.679622242152313,2.4881992827652213
2017-05-30 09:00:00,28.2,80,0.0,7.4,256,7.180188374442374,1.7902220274375413
2017-05-30 10:00:00,28.8,76,0.0,8.3,236,6.881011852206846,4.6413010988072
2017-05-30 11:00:00,29.9,69,0.0,6.1,225,4.31335136523794,4.313351365237939
2017-05-30 12:00:00,30.0,65,0.1,7.8,257,7.6000865053248345,1.754618223882147
2017-05-30 13:00:00,28.2,73,0.4,11.2,274,11.17271736291003,-0.7812725059342034
2017-05-30 14:00:00,27.2,82,1.6,4.8,243,4.276831316104166,2.1791543987498243
2017-05-30 15:00:00,27.0,85,0.4,5.1,188,0.7097828148963339,5.050367150582009
2017-05-30 16:00:00,26.8,87,0.1,5.4,188,0.7515347451843536,5.34744757120448
2017-05-30 17:00:00,26.8,87,0.1,6.2,190,1.0766187015349686,6.10580806867569
2017-05-30 18:00:00,26.3,89,0.3,8.4,173,-1.0237024846032379,8.337387673787106
2017-05-30 19:00:00,25.5,90,0.3,7.8,167,-1.7546182238821473,7.6000865053248345
2017-05-30 20:00:00,24.9,97,0.4,4.7,274,4.688551036221174,-0.3278554265973889
2017-05-30 21:00:00,25.1,96,5.3,1.8,11,-0.3434561916777803,-1.7669289302057951
2017-05-30 22:00:00,24.9,98,0.8,1.5,104,-1.4554435894139948,0.3628828433995016
2017-05-30 23:00:00,24.8,98,0.4,0.8,63,-0.7128052193506944,-0.36319239979163737
2017-05-31 00:00:00,24.7,98,2.0,1.6,117,-1.4256104387013886,0.7263847995832751
2017-05-31 01:00:00,24.8,96,0.2,2.3,129,-1.7874357113510329,1.4474368994146258
2017-05-31 02:00:00,24.2,97,0.1,2.8,140,-1.7998053071223101,2.1449244407331385
2017-05-31 03:00:00,24.0,97,0.0,3.6,174,-0.3763024677635528,3.580278823325784
2017-05-31 04:00:00,23.9,95,0.3,6.2,187,0.7555899291119145,6.153786140176196
2017-05-31 05:00:00,24.2,96,0.3,14.9,195,3.856403772027559,14.392294811707119
2017-05-31 06:00:00,24.2,95,0.4,11.5,194,2.782101799396178,11.15840085217396
2017-05-31 07:00:00,25.3,91,0.1,8.7,210,4.3500000000000005,7.534421012924615
2017-05-31 08:00:00,26.9,86,0.1,7.3,237,6.122295146001595,3.9758649556096977
2017-05-31 09:00:00,28.0,83,0.0,6.2,234,5.0159053651246746,3.6442685642133337
2017-05-31 10:00:00,29.0,78,0.0,6.4,232,5.043268823083021,3.9402334420842133
2017-05-31 11:00:00,29.9,74,0.1,9.7,219,6.104407793183423,7.538315826132617
2017-05-31 12:00:00,30.6,69,0.1,11.7,223,7.979380812731232,8.556838308944293
2017-05-31 13:00:00,31.1,66,0.3,13.0,228,9.660882731206126,8.698697882665158
2017-05-31 14:00:00,31.2,65,0.4,13.2,227,9.65386886137305,9.00237835282498
2017-05-31 15:00:00,31.1,65,0.0,13.0,226,9.351417404402465,9.030558815966964
2017-05-31 16:00:00,30.7,67,0.1,14.3,227,10.458357933154138,9.752576548893728
2017-05-31 17:00:00,29.6,74,0.0,13.0,242,11.47831870716605,6.10313031621658
2017-05-31 18:00:00,28.1,79,0.0,10.3,234,8.332875042061959,6.054188098612474
2017-05-31 19:00:00,26.3,85,0.0,5.8,210,2.9000000000000004,5.0229473419497435
2017-05-31 20:00:00,26.3,89,0.0,4.0,170,-0.6945927106677212,3.939231012048832
2017-05-31 21:00:00,25.8,92,0.0,4.7,189,0.7352419856890854,4.6421352007971475
2017-05-31 22:00:00,25.9,91,0.0,7.1,210,3.5500000000000007,6.148780366869514
2017-05-31 23:00:00,25.8,90,0.0,8.9,220,5.7208097262102005,6.817795543758905
2017-06-01 00:00:00,25.5,89,0.0,9.3,208,4.366085533908786,8.21141261358802
2017-06-01 01:00:00,25.1,90,0.0,5.4,188,0.7515347451843536,5.34744757120448
2017-06-01 02:00:00,24.6,93,0.0,4.6,198,1.4214781741247582,4.3748599749577055
2017-06-01 03:00:00,24.9,93,0.0,8.0,198,2.4721359549995796,7.608452130361228
2017-06-01 04:00:00,25.0,94,0.0,8.8,189,1.3766232923540322,8.691657397237213
2017-06-01 05:00:00,24.9,95,0.0,8.3,185,0.7233926648055626,8.268415994161488
2017-06-01 06:00:00,25.3,94,0.2,9.5,191,1.8126854560771768,9.325458242752807
2017-06-01 07:00:00,25.9,91,1.4,10.8,195,2.795245687107224,10.431998923921938
2017-06-01 08:00:00,26.9,87,0.6,13.9,205,5.874393838195722,12.597678239809435
2017-06-01 09:00:00,28.2,83,0.2,17.6,215,10.094945279778413,14.417075979486256
2017-06-01 10:00:00,28.6,83,2.0,17.9,214,10.009552972126366,14.839772548735246
2017-06-01 11:00:00,28.2,83,3.9,20.8,217,12.517752481562606,16.61161860898369
2017-06-01 12:00:00,29.2,80,0.1,18.2,219,11.453631117107042,14.14405649851687
2017-06-01 13:00:00,28.9,80,1.9,23.6,219,14.851961228776165,18.340644690384515
2017-06-01 14:00:00,29.1,79,2.8,17.0,197,4.970318980286525,16.2571808513716
2017-06-01 15:00:00,27.4,88,7.3,14.8,229,11.169701787297026,9.709673629059509
2017-06-01 16:00:00,26.5,90,8.7,19.6,206,8.59207447706592,17.616363307463676
2017-06-01 17:00:00,26.6,90,2.5,17.5,199,5.6974427030002435,16.54657507298804
2017-06-01 18:00:00,26.3,91,1.0,18.5,207,8.398824245181617,16.483620697484803
2017-06-01 19:00:00,25.4,95,2.1,18.8,212,9.962482167584252,15.943304207740809
2017-06-01 20:00:00,25.6,90,3.7,16.8,208,7.887122254802967,14.833519560029972
2017-06-01 21:00:00,26.2,86,3.4,17.9,190,3.108302380238054,17.628058778918522
2017-06-01 22:00:00,26.7,84,0.0,15.7,191,2.995701227411755,15.411546780128324
2017-06-01 23:00:00,27.1,83,0.0,14.6,200,4.993494092554765,13.719512263474261
2017-06-02 00:00:00,27.2,81,0.1,17.7,204,7.199238582441663,16.169754600274036
2017-06-02 01:00:00,26.4,86,1.6,20.6,209,9.987078177074546,18.017165967071552
2017-06-02 02:00:00,25.5,92,2.8,19.2,203,7.502037666994055,17.673693186286854
2017-06-02 03:00:00,25.3,93,1.7000000000000002,18.8,197,5.496588048787451,17.97852941210507
2017-06-02 04:00:00,25.4,93,2.4,18.1,197,5.291927855481536,17.30911608293094
2017-06-02 05:00:00,25.6,93,3.3,19.5,205,8.24105610394364,17.673001847214675
2017-06-02 06:00:00,26.4,90,0.7000000000000001,20.4,194,4.93520667023322,19.794032816030327
2017-06-02 07:00:00,26.3,90,3.7,23.8,195,6.159893273439994,22.989034665679828
2017-06-02 08:00:00,26.7,88,0.5,19.3,209,9.356825670754306,16.880160347790337
2017-06-02 09:00:00,27.0,88,2.7,19.0,199,6.185794934685978,17.964852936387018
2017-06-02 10:00:00,27.0,88,4.8,21.3,206,9.337305426607351,19.14431318617226
2017-06-02 11:00:00,26.5,93,4.8,25.3,221,16.598293433459833,19.09415237963613
2017-06-02 12:00:00,26.1,94,6.5,20.5,214,11.46345452115031,16.995270237378357
2017-06-02 13:00:00,26.0,96,4.8,20.9,204,8.500795840284225,19.093100064730358
2017-06-02 14:00:00,26.3,93,5.7,19.3,207,8.762016644973254,17.196425916835498
2017-06-02 15:00:00,26.2,93,5.0,17.6,203,6.876867861411218,16.20088542076295
2017-06-02 16:00:00,25.9,93,4.5,16.2,201,5.805560782633866,15.124002909254667
2017-06-02 17:00:00,26.0,94,8.7,16.9,196,4.658271313307285,16.245322661357587
2017-06-02 18:00:00,26.3,93,4.0,21.3,199,6.934601689937439,20.139545660265448
2017-06-02 19:00:00,26.0,93,2.3,18.1,193,4.071614083623955,17.63609817261276
2017-06-02 20:00:00,25.6,88,2.0,10.1,174,-1.055737479003301,10.04467114321956
2017-06-02 21:00:00,25.2,93,2.6,14.3,227,10.458357933154138,9.752576548893728
2017-06-02 22:00:00,24.6,96,3.7,15.8,229,11.924411367519799,10.365732658050016
2017-06-02 23:00:00,24.4,96,3.8,11.2,213,6.099957192168303,9.393110360988748
2017-06-03 00:00:00,24.2,96,4.5,5.9,223,4.023790324368742,4.314986839553106
2017-06-03 01:00:00,24.0,97,4.2,5.4,270,5.4,0.0
2017-06-03 02:00:00,23.7,97,3.7,3.4,212,1.8017254983928965,2.883363526931848
2017-06-03 03:00:00,23.8,96,3.2,7.1,156,-2.8878301658381815,6.486172749262466
2017-06-03 04:00:00,23.8,96,3.1,10.9,188,1.5169868004647136,10.793921949283117
2017-06-03 05:00:00,24.2,94,2.8,12.7,215,7.284420741658286,10.403230962470195
2017-06-03 06:00:00,24.9,92,3.2,15.0,207,6.809857496093202,13.365097862825516
2017-06-03 07:00:00,25.6,89,2.7,17.3,201,6.199765527133697,16.15094137840159
2017-06-03 08:00:00,26.6,89,0.4,13.2,215,7.571208959833809,10.81280698461469
2017-06-03 09:00:00,27.7,85,0.2,14.2,204,5.775660331676363,12.972345498524932
2017-06-03 10:00:00,28.5,81,0.6,18.1,227,13.237501999306986,12.344170317131223
2017-06-03 11:00:00,27.0,91,4.2,17.0,216,9.992349288972044,13.753288904374106
2017-06-03 12:00:00,28.1,84,1.3,18.7,210,9.350000000000001,16.194675050769
2017-06-03 13:00:00,27.8,82,1.3,22.3,214,12.470001747397655,18.48753786797743
2017-06-03 14:00:00,26.3,92,2.3,18.4,231,14.299485690808263,11.579495195317007
2017-06-03 15:00:00,26.8,89,1.3,22.3,211,11.485349070494207,19.114830805657107
2017-06-03 16:00:00,26.6,90,0.1,20.1,216,11.81448357107871,16.261241586936446
2017-06-03 17:00:00,26.4,91,2.1,17.1,226,12.300710585790936,11.878658134848854
2017-06-03 18:00:00,25.5,94,4.0,15.8,227,11.555388485582894,10.775574088987476
2017-06-03 19:00:00,24.6,97,3.4,12.3,232,9.69253226936268,7.572636146505597
2017-06-03 20:00:00,24.7,97,3.0,4.3,275,4.283637201794505,-0.3747696938149301
2017-06-03 21:00:00,24.6,98,8.0,2.2,99,-2.172914349309303,0.3441558230885082
2017-06-03 22:00:00,24.5,98,8.5,5.4,222,3.6133052743378347,4.012982057577929
2017-06-03 23:00:00,24.5,98,4.2,5.4,188,0.7515347451843536,5.34744757120448
2017-06-04 00:00:00,24.7,95,0.6,8.2,241,7.171881598543044,3.9754388860199636
2017-06-04 01:00:00,24.6,93,4.8,11.8,230,9.03932442880394,7.584893794301164
2017-06-04 02:00:00,24.3,95,3.7,8.3,182,0.289665822630759,8.294943864258496
2017-06-04 03:00:00,24.2,96,3.7,6.4,164,-1.764079077228794,6.1520748540052415
2017-06-04 04:00:00,24.2,97,4.5,9.4,176,-0.6557108531947782,9.377102072442348
2017-06-04 05:00:00,24.2,97,2.8,7.9,180,4.837354856632045e-16,7.9
2017-06-04 06:00:00,24.4,96,1.9,2.6,254,2.499280409439629,0.7166571251241979
2017-06-04 07:00:00,24.9,95,1.8,2.4,117,-2.138415658052083,1.0895771993749124
2017-06-04 08:00:00,25.6,92,2.2,5.9,104,-5.7247447850283795,1.4273391840380396
2017-06-04 09:00:00,26.5,89,0.6,5.4,127,-4.312631754255382,3.2498011250210603
2017-06-04 10:00:00,27.7,85,0.5,6.5,186,0.6794350112397475,6.4643923198937765
2017-06-04 11:00:00,28.3,80,0.5,13.5,226,9.711087304571791,9.377888001196464
2017-06-04 12:00:00,28.0,83,0.9,12.6,243,11.226682204773436,5.720280296718289
2017-06-04 13:00:00,29.5,79,2.3,4.1,218,2.524212048835199,3.23084408978756
2017-06-04 14:00:00,29.4,80,1.7000000000000002,1.3,56,-1.0777488443215544,-0.7269507745119708
2017-06-04 15:00:00,29.3,82,0.4,3.6,37,-2.166534083347374,-2.875087836170254
2017-06-04 16:00:00,29.8,79,0.1,2.7,67,-2.485363104321589,-1.0549740469210387
2017-06-04 17:00:00,29.9,78,0.0,3.2,297,2.8512208774027776,-1.4527695991665497
2017-06-04 18:00:00,28.1,88,0.6,6.6,283,6.430842427582553,-1.484676958669509
2017-06-04 19:00:00,26.4,95,1.2,3.3,283,3.2154212137912763,-0.7423384793347545
2017-06-04 20:00:00,26.3,95,1.0,6.5,326,3.634753872559854,-5.388744221607771
2017-06-04 21:00:00,25.7,97,0.3,6.7,344,1.8467702839738944,-6.440453362786736
2017-06-04 22:00:00,25.0,99,0.8,10.7,315,7.566042558696059,-7.566042558696057
2017-06-04 23:00:00,24.7,98,0.2,6.5,3,-0.340183715579138,-6.49109197590473
2017-06-05 00:00:00,24.8,98,0.5,4.3,42,-2.87726160734309,-3.195522749552796
2017-06-05 01:00:00,24.9,97,0.3,2.7,23,-1.0549740469210394,-2.4853631043215887
2017-06-05 02:00:00,25.2,94,0.0,2.5,352,0.34793275240016364,-2.475670171853926
2017-06-05 03:00:00,25.6,92,0.0,2.3,198,0.7107390870623791,2.1874299874788528
2017-06-05 04:00:00,24.5,97,0.0,3.4,238,2.883363526931848,1.8017254983928965
2017-06-05 05:00:00,24.2,98,0.3,3.9,236,3.2332465329646625,2.180852323535913
2017-06-05 06:00:00,24.7,96,1.2,2.1,239,1.800051331474436,1.0815799573111138
2017-06-05 07:00:00,25.5,95,1.2,3.3,193,0.7423384793347542,3.2154212137912763
2017-06-05 08:00:00,25.8,96,0.2,7.9,210,3.950000000000001,6.841600689897065
2017-06-05 09:00:00,26.9,93,0.2,6.9,227,5.046340541172277,4.70578868443124
2017-06-05 10:00:00,28.5,88,0.2,7.4,227,5.412017391981862,5.046787864462489
2017-06-05 11:00:00,28.7,86,0.3,6.5,251,6.1458707413955596,2.1161930039715187
2017-06-05 12:00:00,28.4,85,0.1,4.3,270,4.3,0.0
2017-06-05 13:00:00,29.1,82,0.1,3.4,252,3.233592155403522,1.0506577808748212
2017-06-05 14:00:00,29.3,82,0.8,6.7,216,3.93816119035957,5.420413862312148
2017-06-05 15:00:00,29.0,82,4.1,1.8,217,1.0832670416736871,1.437543918085127
2017-06-05 16:00:00,27.3,87,2.7,4.5,209,2.181643291108517,3.935788682127281
2017-06-05 17:00:00,27.4,88,0.5,2.5,225,1.7677669529663689,1.7677669529663687
2017-06-05 18:00:00,27.2,90,0.0,2.6,254,2.499280409439629,0.7166571251241979
2017-06-05 19:00:00,26.9,91,0.0,2.3,288,2.1874299874788528,-0.710739087062379
2017-06-05 20:00:00,27.3,89,0.0,3.8,319,2.4930243101639276,-2.8678964048465336
2017-06-05 21:00:00,26.8,92,0.0,2.3,18,-0.7107390870623793,-2.1874299874788528
2017-06-05 22:00:00,25.9,95,0.0,3.6,45,-2.545584412271572,-2.545584412271571
2017-06-05 23:00:00,26.4,93,0.0,0.4,180,2.4492935982947065e-17,0.4
2017-06-06 00:00:00,26.1,95,0.0,1.8,90,-1.8,2.2043642384652358e-16
2017-06-06 01:00:00,25.9,94,0.1,3.3,96,-3.2819222547153015,0.3449439287832573
2017-06-06 02:00:00,24.7,96,0.2,4.8,117,-4.276831316104166,2.1791543987498248
2017-06-06 03:00:00,24.8,96,0.0,4.2,121,-3.6001026629488715,2.1631599146222285
2017-06-06 04:00:00,24.6,96,0.0,3.8,131,-2.8678964048465336,2.4930243101639276
2017-06-06 05:00:00,24.3,96,0.0,4.5,166,-1.088648530198505,4.366330768241984
2017-06-06 06:00:00,25.5,92,0.0,5.1,188,0.7097828148963339,5.050367150582009
2017-06-06 07:00:00,26.9,90,0.0,4.3,180,2.632990618166809e-16,4.3
2017-06-06 08:00:00,28.4,84,0.0,5.9,191,1.125773072721615,5.791600382341218
2017-06-06 09:00:00,29.4,80,0.0,7.9,204,3.2132194802988217,7.217009115376547
2017-06-06 10:00:00,30.5,74,0.0,10.2,212,5.40517649517869,8.650090580795544
2017-06-06 11:00:00,31.3,70,0.1,10.2,212,5.40517649517869,8.650090580795544
2017-06-06 12:00:00,31.2,69,0.1,9.9,237,8.302838622659698,5.391926446648768
2017-06-06 13:00:00,29.9,75,2.1,1.8,191,0.34345619167778085,1.7669289302057951
2017-06-06 14:00:00,30.0,74,0.0,1.1,198,0.3399186938124422,1.0461621679246689
2017-06-06 15:00:00,29.0,79,0.1,8.6,165,-2.2258437878816792,8.306962106085987
2017-06-06 16:00:00,28.6,83,0.0,6.2,126,-5.015905365124674,3.644268564213334
2017-06-06 17:00:00,28.9,83,0.0,6.4,142,-3.9402334420842133,5.043268823083022
2017-06-06 18:00:00,28.7,86,0.0,6.1,152,-2.8637765329939344,5.385980316439453
2017-06-06 19:00:00,27.6,89,0.0,6.6,193,1.4846769586695083,6.430842427582553
2017-06-06 20:00:00,26.4,95,0.0,5.6,225,3.9597979746446663,3.9597979746446654
2017-06-06 21:00:00,26.4,95,0.0,3.1,126,-2.507952682562337,1.822134282106667
2017-06-06 22:00:00,26.8,91,0.0,4.7,180,2.8779199779962803e-16,4.7
2017-06-06 23:00:00,26.4,91,0.0,5.7,198,1.7613968679372005,5.421022142882375
2017-06-07 00:00:00,25.5,94,0.0,5.1,176,-0.35575801609503915,5.087576656325103
2017-06-07 01:00:00,25.3,94,0.0,5.4,176,-0.3766849582182768,5.386845871403051
2017-06-07 02:00:00,25.0,94,0.0,5.6,135,-3.9597979746446654,3.9597979746446663
2017-06-07 03:00:00,25.1,91,0.0,3.3,96,-3.2819222547153015,0.3449439287832573
2017-06-07 04:00:00,24.8,91,0.0,3.8,107,-3.633958072659535,1.111012477946399
2017-06-07 05:00:00,24.7,89,0.0,4.5,119,-3.935788682127281,2.181643291108517
2017-06-07 06:00:00,26.3,85,0.0,2.6,124,-2.1554976886431083,1.453901549023942
2017-06-07 07:00:00,28.0,81,0.0,3.3,174,-0.3449439287832567,3.2819222547153015
2017-06-07 08:00:00,29.2,79,0.0,5.2,192,1.0811407922523493,5.086367523815789
2017-06-07 09:00:00,30.1,76,0.0,7.9,204,3.2132194802988217,7.217009115376547
2017-06-07 10:00:00,30.8,73,0.0,9.3,208,4.366085533908786,8.21141261358802
2017-06-07 11:00:00,31.5,71,0.0,10.0,210,5.000000000000001,8.660254037844386
2017-06-07 12:00:00,31.7,68,0.1,11.5,221,7.544678833390834,8.679160172561879
2017-06-07 13:00:00,31.0,71,0.6,7.7,242,6.798696465013738,3.6149310334513594
2017-06-07 14:00:00,30.6,73,0.1,5.6,297,4.98963653545486,-2.5423467985414616
2017-06-07 15:00:00,30.1,76,0.2,5.2,282,5.08636752381579,-1.0811407922523486
2017-06-07 16:00:00,28.4,80,5.8,8.5,152,-3.990508283680073,7.505054539300878
2017-06-07 17:00:00,27.1,89,0.9,5.0,90,-5.0,6.123233995736766e-16
2017-06-07 18:00:00,27.0,90,0.0,2.3,108,-2.1874299874788528,0.7107390870623792
2017-06-07 19:00:00,26.4,95,0.0,2.9,330,1.4500000000000002,-2.5114736709748717
2017-06-07 20:00:00,26.6,93,0.0,3.0,14,-0.7257656867990033,-2.9108871788279895
2017-06-07 21:00:00,26.7,93,0.0,5.1,8,-0.7097828148963357,-5.050367150582008
2017-06-07 22:00:00,26.0,96,0.0,5.2,34,-2.907803098047882,-4.3109953772862175
2017-06-07 23:00:00,26.7,92,0.0,1.6,63,-1.4256104387013888,-0.7263847995832747
2017-06-08 00:00:00,26.3,94,0.0,2.3,198,0.7107390870623791,2.1874299874788528
2017-06-08 01:00:00,26.0,95,0.0,3.3,264,3.2819222547153015,0.3449439287832564
2017-06-08 02:00:00,24.8,99,0.0,3.2,63,-2.8512208774027776,-1.4527695991665495
2017-06-08 03:00:00,24.7,98,0.0,3.7,79,-3.632020578756357,-0.7059932828932155
2017-06-08 04:00:00,25.9,93,0.0,2.2,351,0.34415582308850806,-2.1729143493093033
2017-06-08 05:00:00,25.8,90,0.3,1.0,45,-0.7071067811865477,-0.7071067811865475
2017-06-08 06:00:00,26.3,90,0.1,1.8,53,-1.437543918085127,-1.0832670416736871
2017-06-08 07:00:00,27.5,87,0.0,2.2,360,1.3471114790620887e-16,-2.2
2017-06-08 08:00:00,28.6,82,0.1,2.9,60,-2.5114736709748717,-1.4500000000000002
2017-06-08 09:00:00,29.8,80,0.0,0.7000000000000001,90,-0.7000000000000001,8.572527594031473e-17
2017-06-08 10:00:00,30.2,82,0.1,2.8,230,2.1449244407331385,1.7998053071223097
2017-06-08 11:00:00,29.3,79,2.2,10.0,244,8.98794046299167,4.383711467890774
2017-06-08 12:00:00,29.2,80,0.4,1.1,252,1.0461621679246689,0.33991869381244216
2017-06-08 13:00:00,30.1,80,0.1,5.2,74,-4.998560818879258,-1.4333142502483949
2017-06-08 14:00:00,29.8,82,0.1,6.3,24,-2.5624408513775405,-5.755336383148386
2017-06-08 15:00:00,29.9,82,0.1,7.2,342,2.224922359499622,-6.8476069173251055
2017-06-08 16:00:00,30.3,76,0.2,3.9,326,2.1808523235359125,-3.233246532964663
2017-06-08 17:00:00,28.3,85,0.5,1.8,90,-1.8,2.2043642384652358e-16
2017-06-08 18:00:00,27.2,88,2.0,6.1,140,-3.92100441908789,4.6728711030257655
2017-06-08 19:00:00,26.3,93,0.5,3.1,159,-1.1109406435904308,2.8940993221413254
2017-06-08 20:00:00,26.5,93,0.2,2.5,172,-0.3479327524001634,2.475670171853926
2017-06-08 21:00:00,26.3,95,0.0,3.1,135,-2.192031021678297,2.1920310216782974
2017-06-08 22:00:00,26.1,95,0.0,3.7,101,-3.632020578756357,0.7059932828932164
2017-06-08 23:00:00,26.2,94,0.0,3.4,108,-3.233592155403522,1.0506577808748214
2017-06-09 00:00:00,27.0,89,0.0,2.6,196,0.7166571251241979,2.499280409439629
2017-06-09 01:00:00,26.2,93,0.0,4.0,275,3.984778792366982,-0.34862297099063266
2017-06-09 02:00:00,25.1,97,0.0,3.3,6,-0.3449439287832561,-3.281922254715302
2017-06-09 03:00:00,25.2,96,0.0,3.7,61,-3.236092916415765,-1.7937955949114468
2017-06-09 04:00:00,25.5,94,0.0,3.8,17,-1.111012477946401,-3.633958072659534
2017-06-09 05:00:00,25.8,92,0.0,2.6,34,-1.453901549023941,-2.1554976886431088
2017-06-09 06:00:00,26.8,88,0.0,1.8,101,-1.7669289302057951,0.34345619167778096
2017-06-09 07:00:00,27.8,85,0.0,1.3,236,1.0777488443215542,0.726950774511971
2017-06-09 08:00:00,28.7,81,0.0,2.8,220,1.7998053071223101,2.1449244407331385
2017-06-09 09:00:00,29.8,77,0.0,4.8,222,3.2118269105225195,3.5670951622914924
2017-06-09 10:00:00,30.9,70,0.1,6.0,245,5.437846722219899,2.5357095704441965
2017-06-09 11:00:00,31.8,65,0.1,7.6,262,7.5260373224359345,1.0577155672964973
2017-06-09 12:00:00,31.6,64,0.1,7.2,273,7.190132650232932,-0.37681888494919563
2017-06-09 13:00:00,28.6,79,1.1,4.7,337,1.8364363038995866,-4.32637281122647
2017-06-09 14:00:00,29.5,76,0.1,5.9,133,-4.314986839553106,4.023790324368742
2017-06-09 15:00:00,29.6,76,0.1,8.9,130,-6.817795543758904,5.720809726210201
2017-06-09 16:00:00,29.3,77,0.0,3.1,144,-1.8221342821066664,2.5079526825623373
2017-06-09 17:00:00,29.1,79,0.0,6.2,291,5.788198644282651,-2.2218812871808615
2017-06-09 18:00:00,28.6,83,0.0,4.1,315,2.899137802864845,-2.8991378028648445
2017-06-09 19:00:00,28.2,84,0.0,1.6,27,-0.7263847995832751,-1.4256104387013886
2017-06-09 20:00:00,27.2,90,0.0,5.1,8,-0.7097828148963357,-5.050367150582008
2017-06-09 21:00:00,27.9,85,0.0,4.5,14,-1.088648530198505,-4.366330768241984
2017-06-09 22:00:00,27.8,86,0.0,1.8,127,-1.4375439180851273,1.0832670416736867
2017-06-09 23:00:00,26.6,92,0.0,4.4,145,-2.5237363199446032,3.6042689948715636
2017-06-10 00:00:00,26.5,92,0.0,4.5,166,-1.088648530198505,4.366330768241984
2017-06-10 01:00:00,26.1,93,0.0,5.1,172,-0.7097828148963332,5.050367150582009
2017-06-10 02:00:00,25.9,93,0.0,5.4,172,-0.7515347451843529,5.34744757120448
2017-06-10 03:00:00,25.6,94,0.0,5.5,169,-1.0494494745709964,5.3989495089621515
2017-06-10 04:00:00,25.7,94,0.0,4.4,125,-3.6042689948715645,2.5237363199446023
2017-06-10 05:00:00,25.4,92,0.0,4.7,94,-4.688551036221174,0.32785542659739
2017-06-10 06:00:00,26.7,86,0.0,0.7000000000000001,360,4.2862637970157366e-17,-0.7000000000000001
2017-06-10 07:00:00,28.0,85,0.0,1.8,270,1.8,0.0
2017-06-10 08:00:00,29.2,81,0.0,2.7,293,2.485363104321589,-1.0549740469210394
2017-06-10 09:00:00,30.4,75,0.0,2.3,321,1.447436899414626,-1.7874357113510329
2017-06-10 10:00:00,31.1,71,0.1,3.3,319,2.1649947956686737,-2.4905416147351476
2017-06-10 11:00:00,32.0,66,0.1,4.5,284,4.366330768241984,-1.0886485301985047
2017-06-10 12:00:00,31.5,67,0.2,4.0,185,0.34862297099063255,3.984778792366982
2017-06-10 13:00:00,31.4,67,0.3,2.2,90,-2.2,2.6942229581241775e-16
2017-06-10 14:00:00,29.7,73,3.0,3.1,216,1.8221342821066668,2.5079526825623373
2017-06-10 15:00:00,29.6,75,0.0,5.1,188,0.7097828148963339,5.050367150582009
2017-06-10 16:00:00,29.1,79,0.0,8.4,121,-7.200205325897743,4.326319829244457
2017-06-10 17:00:00,29.4,78,0.0,5.7,125,-4.669166652447254,3.269385687200962
2017-06-10 18:00:00,28.9,83,0.0,2.8,130,-2.144924440733138,1.7998053071223103
2017-06-10 19:00:00,27.6,90,0.0,3.9,124,-3.2332465329646625,2.180852323535913
2017-06-10 20:00:00,27.1,91,0.0,3.7,119,-3.2360929164157644,1.7937955949114477
2017-06-10 21:00:00,27.0,90,0.0,3.3,139,-2.1649947956686737,2.490541614735148
2017-06-10 22:00:00,26.6,91,0.0,2.8,130,-2.144924440733138,1.7998053071223103
2017-06-10 23:00:00,26.2,91,0.0,3.1,126,-2.507952682562337,1.822134282106667
2017-06-11 00:00:00,26.3,88,0.0,3.2,117,-2.851220877402777,1.4527695991665501
2017-06-11 01:00:00,26.3,87,0.0,2.5,90,-2.5,3.061616997868383e-16
2017-06-11 02:00:00,25.8,88,0.0,3.3,77,-3.2154212137912763,-0.7423384793347544
2017-06-11 03:00:00,26.3,84,0.0,2.6,74,-2.499280409439629,-0.7166571251241974
2017-06-11 04:00:00,25.8,86,0.0,3.6,53,-2.875087836170254,-2.1665340833473743
2017-06-11 05:00:00,24.7,91,0.0,5.1,45,-3.606244584051393,-3.606244584051392
2017-06-11 06:00:00,26.1,86,0.0,3.8,49,-2.867896404846534,-2.4930243101639267
2017-06-11 07:00:00,27.9,81,0.0,4.6,45,-3.2526911934581193,-3.252691193458118
2017-06-11 08:00:00,29.2,78,0.0,4.2,59,-3.600102662948872,-2.1631599146222276
2017-06-11 09:00:00,30.4,76,0.0,2.9,90,-2.9,3.5514757175273243e-16
2017-06-11 10:00:00,31.4,72,0.0,3.5,204,1.4235782507653008,3.197409101749103
2017-06-11 11:00:00,32.1,70,0.0,6.9,208,3.239353783222647,6.092338390726596
2017-06-11 12:00:00,31.9,66,0.3,12.0,201,4.300415394543604,11.202965117966421
2017-06-11 13:00:00,30.0,77,0.1,16.6,202,6.218469450704139,15.391251985808672
2017-06-11 14:00:00,29.8,78,0.0,8.6,158,-3.2216167033768435,7.973781149274371
2017-06-11 15:00:00,29.8,78,0.1,7.6,155,-3.211898789229315,6.88793918147854
2017-06-11 16:00:00,29.0,80,4.5,4.5,166,-1.088648530198505,4.366330768241984
2017-06-11 17:00:00,28.9,82,0.0,5.8,180,3.5514757175273243e-16,5.8
2017-06-11 18:00:00,28.5,86,0.0,6.0,197,1.7542302283364206,5.737828535778212
2017-06-11 19:00:00,27.5,92,0.0,3.9,202,1.4609657143220567,3.616017032810471
2017-06-11 20:00:00,28.0,92,0.0,4.3,85,-4.283637201794505,-0.37476969381492914
2017-06-11 21:00:00,27.9,90,0.2,3.4,162,-1.050657780874821,3.2335921554035223
2017-06-11 22:00:00,27.9,89,0.0,4.6,162,-1.4214781741247577,4.374859974957706
2017-06-11 23:00:00,27.7,89,0.0,4.8,167,-1.079765060850552,4.676976310969129
2017-06-12 00:00:00,27.0,90,0.0,4.2,149,-2.163159914622228,3.600102662948872
2017-06-12 01:00:00,26.2,93,0.0,4.6,141,-2.894873798829251,3.5748714227020666
2017-06-12 02:00:00,26.3,91,0.0,4.3,156,-1.748967565225941,3.9282454678631837
2017-06-12 03:00:00,25.7,93,0.0,4.6,135,-3.252691193458118,3.2526911934581184
2017-06-12 04:00:00,25.5,93,0.0,2.9,83,-2.878383839759834,-0.3534210958749272
2017-06-12 05:00:00,25.0,94,0.0,2.8,50,-2.1449244407331385,-1.7998053071223097
2017-06-12 06:00:00,25.9,92,0.0,3.1,54,-2.5079526825623377,-1.8221342821066664
2017-06-12 07:00:00,28.1,84,0.0,2.1,211,1.0815799573111138,1.800051331474436
2017-06-12 08:00:00,29.8,78,0.0,1.5,225,1.0606601717798214,1.0606601717798212
2017-06-12 09:00:00,31.2,68,0.0,4.4,215,2.5237363199446032,3.604268994871564
2017-06-12 10:00:00,31.9,66,0.0,9.3,196,2.5634274090980926,8.939733772226367
2017-06-12 11:00:00,32.4,63,0.0,12.9,207,5.856477446640154,11.493984162029944
2017-06-12 12:00:00,31.8,65,0.0,15.0,215,8.603646545265692,12.287280664334878
2017-06-12 13:00:00,30.1,73,2.0,11.0,218,6.772276228582241,8.668118289673941
2017-06-12 14:00:00,28.9,81,1.9,4.7,176,-0.3278554265973891,4.688551036221174
2017-06-12 15:00:00,27.8,83,2.8,6.5,180,3.9801020972288977e-16,6.5
2017-06-12 16:00:00,27.8,84,0.0,3.6,127,-2.8750878361702545,2.1665340833473734
2017-06-12 17:00:00,28.3,83,0.0,5.2,74,-4.998560818879258,-1.4333142502483949
2017-06-12 18:00:00,28.3,84,0.0,2.9,60,-2.5114736709748717,-1.4500000000000002
2017-06-12 19:00:00,27.7,87,0.0,2.2,81,-2.1729143493093033,-0.3441558230885076
2017-06-12 20:00:00,27.6,89,0.0,3.5,66,-3.197409101749103,-1.4235782507653008
2017-06-12 21:00:00,27.2,93,0.0,2.6,196,0.7166571251241979,2.499280409439629
2017-06-12 22:00:00,26.9,94,0.0,5.2,258,5.08636752381579,1.0811407922523486
2017-06-12 23:00:00,27.1,91,0.0,6.3,211,3.244739871933341,5.400153994423308
2017-06-13 00:00:00,26.9,92,0.0,12.2,208,5.727553065987868,10.771960632878907
2017-06-13 01:00:00,26.3,93,0.0,12.0,213,6.5356684201803255,10.064046815345089
2017-06-13 02:00:00,26.1,93,0.0,6.1,177,-0.3192493330819574,6.0916401620029
2017-06-13 03:00:00,25.4,96,0.0,3.6,127,-2.8750878361702545,2.1665340833473734
2017-06-13 04:00:00,25.1,97,0.0,3.6,37,-2.166534083347374,-2.875087836170254
2017-06-13 05:00:00,25.2,96,0.0,2.6,124,-2.1554976886431083,1.453901549023942
2017-06-13 06:00:00,26.0,91,0.0,6.3,103,-6.1385314081469815,1.4171916423663506
2017-06-13 07:00:00,27.7,84,0.0,1.4,360,8.572527594031472e-17,-1.4
2017-06-13 08:00:00,29.3,73,0.0,3.0,104,-2.9108871788279895,0.7257656867990032
2017-06-13 09:00:00,31.1,64,0.0,3.4,212,1.8017254983928965,2.883363526931848
2017-06-13 10:00:00,32.6,65,0.0,12.0,213,6.5356684201803255,10.064046815345089
2017-06-13 11:00:00,33.3,57,0.0,19.1,216,11.226698318786237,15.452224592561498
2017-06-13 12:00:00,32.8,62,0.0,21.4,228,15.903299265216235,14.319394976079565
2017-06-13 13:00:00,31.8,64,0.0,24.2,229,18.263971841391083,15.876628501570275
2017-06-13 14:00:00,31.4,68,0.0,24.7,222,16.5275259770638,18.355677189291637
2017-06-13 15:00:00,31.4,68,0.0,25.8,213,14.0516871033877,21.637700652991942
2017-06-13 16:00:00,30.8,70,0.0,19.9,212,10.545393358240776,16.876157113512875
2017-06-13 17:00:00,30.5,70,0.0,19.4,215,11.127382865210295,15.89154965920644
2017-06-13 18:00:00,29.6,73,0.0,17.9,218,11.020340408329282,14.105392489560323
2017-06-13 19:00:00,28.9,71,0.0,19.6,223,13.36716785722497,14.334532551735743
2017-06-13 20:00:00,27.6,81,0.0,13.0,208,6.103130316216581,11.47831870716605
2017-06-13 21:00:00,27.6,76,0.0,7.9,196,2.1775351109542935,7.59396739791272
2017-06-13 22:00:00,27.2,75,0.0,5.9,194,1.4273391840380394,5.7247447850283795
2017-06-13 23:00:00,27.2,72,0.0,7.6,205,3.211898789229316,6.887939181478539
2017-06-14 00:00:00,27.6,69,0.0,12.4,216,7.288537128426667,10.031810730249349
2017-06-14 01:00:00,27.0,75,0.0,15.5,228,11.518744794899611,10.371524398562302
2017-06-14 02:00:00,26.1,82,0.1,18.6,221,12.202697939223436,14.03759819214356
2017-06-14 03:00:00,25.4,83,0.1,15.6,214,8.72340929414365,12.932986131858652
2017-06-14 04:00:00,25.0,84,0.1,10.4,224,7.224447052773572,7.481133923521972
2017-06-14 05:00:00,24.6,86,0.3,10.0,218,6.156614753256583,7.88010753606722
2017-06-14 06:00:00,23.7,94,0.8,13.2,227,9.65386886137305,9.00237835282498
2017-06-14 07:00:00,24.0,95,1.4,8.6,195,2.2258437878816784,8.306962106085987
2017-06-14 08:00:00,25.1,91,3.5,4.5,104,-4.366330768241984,1.0886485301985047
2017-06-14 09:00:00,25.8,89,2.5,2.9,83,-2.878383839759834,-0.3534210958749272
2017-06-14 10:00:00,25.7,91,2.3,1.4,270,1.4,0.0
2017-06-14 11:00:00,26.3,95,1.1,11.6,216,6.818308926592688,9.38459713474939
2017-06-14 12:00:00,25.5,92,4.6,20.6,226,14.818399886976216,14.309962431455345
2017-06-14 13:00:00,25.8,95,4.3,13.1,217,7.883776803291833,10.462125181619536
2017-06-14 14:00:00,25.3,93,5.7,18.1,223,12.344170317131223,13.237501999306986
2017-06-14 15:00:00,24.9,92,4.3,14.7,211,7.571059701177796,12.60035932032105
2017-06-14 16:00:00,25.3,89,2.8,13.8,208,6.478707566445294,12.184676781453192
2017-06-14 17:00:00,25.3,89,1.6,17.0,185,1.4816476267101883,16.935309867559674
2017-06-14 18:00:00,25.3,89,0.8,14.6,189,2.2839431895873714,14.420249772689012
2017-06-14 19:00:00,25.1,88,1.6,11.8,200,4.035837691242892,11.088372925273719
2017-06-14 20:00:00,24.8,87,1.6,6.0,205,2.5357095704441965,5.437846722219899
2017-06-14 21:00:00,25.1,87,0.2,2.7,293,2.485363104321589,-1.0549740469210394
2017-06-14 22:00:00,24.7,92,0.8,1.1,360,6.735557395310444e-17,-1.1
2017-06-14 23:00:00,24.2,95,0.5,2.5,90,-2.5,3.061616997868383e-16
2017-06-15 00:00:00,24.3,93,2.5,4.0,90,-4.0,4.898587196589413e-16
2017-06-15 01:00:00,24.1,91,1.2,4.9,107,-4.685893304218874,1.4326213531414094
2017-06-15 02:00:00,24.2,92,0.3,3.3,193,0.7423384793347542,3.2154212137912763
2017-06-15 03:00:00,24.0,93,2.3,3.7,151,-1.793795594911447,3.236092916415765
2017-06-15 04:00:00,23.8,93,2.1,4.1,105,-3.9602958877851795,1.0611580849203361
2017-06-15 05:00:00,23.7,93,1.9,4.0,117,-3.564026096753471,1.8159619989581874
2017-06-15 06:00:00,23.7,93,1.8,5.0,120,-4.330127018922194,2.4999999999999996
2017-06-15 07:00:00,24.0,91,1.3,5.9,133,-4.314986839553106,4.023790324368742
2017-06-15 08:00:00,24.6,92,1.0,6.9,227,5.046340541172277,4.70578868443124
2017-06-15 09:00:00,25.5,94,1.1,6.6,209,3.199743493625825,5.772490067120011
2017-06-15 10:00:00,26.0,95,1.2,8.6,213,4.683895701129233,7.212566884330647
2017-06-15 11:00:00,26.4,94,1.9,9.8,204,3.9860191021428424,8.95274548489749
2017-06-15 12:00:00,26.2,92,4.5,16.1,228,11.964631690186048,10.773002762377619
2017-06-15 13:00:00,25.7,92,3.1,13.0,224,9.030558815966964,9.351417404402465
2017-06-15 14:00:00,26.3,91,0.8,14.7,211,7.571059701177796,12.60035932032105
2017-06-15 15:00:00,26.4,90,0.3,15.6,214,8.72340929414365,12.932986131858652
2017-06-15 16:00:00,27.0,87,0.1,18.5,213,10.075822147778002,15.515405506990344
2017-06-15 17:00:00,26.4,85,0.3,16.1,219,10.132058295902384,12.512049979457233
2017-06-15 18:00:00,25.2,92,0.9,13.3,213,7.24369916569986,11.154318553674141
2017-06-15 19:00:00,24.8,94,1.3,15.8,223,10.775574088987476,11.555388485582894
2017-06-15 20:00:00,24.3,96,0.4,13.1,262,12.972511700514572,1.8231676225768572
2017-06-15 21:00:00,24.4,95,0.3,6.1,208,2.863776532993934,5.385980316439453
2017-06-15 22:00:00,24.2,96,0.7000000000000001,5.9,166,-1.42733918403804,5.7247447850283795
2017-06-15 23:00:00,24.3,95,0.4,5.4,176,-0.3766849582182768,5.386845871403051
2017-06-16 00:00:00,24.1,95,0.2,4.3,175,-0.3747696938149304,4.283637201794505
2017-06-16 01:00:00,24.0,94,0.2,6.2,187,0.7555899291119145,6.153786140176196
2017-06-16 02:00:00,24.0,93,0.8,6.6,193,1.4846769586695083,6.430842427582553
2017-06-16 03:00:00,24.0,93,0.3,7.3,191,1.3929056662487778,7.165878439167947
2017-06-16 04:00:00,23.8,95,0.3,3.3,186,0.3449439287832564,3.2819222547153015
2017-06-16 05:00:00,23.7,94,0.0,4.6,141,-2.894873798829251,3.5748714227020666
2017-06-16 06:00:00,24.0,93,0.0,4.3,156,-1.748967565225941,3.9282454678631837
2017-06-16 07:00:00,24.9,92,0.0,2.2,180,1.3471114790620887e-16,2.2
2017-06-16 08:00:00,26.5,85,0.0,1.8,127,-1.4375439180851273,1.0832670416736867
2017-06-16 09:00:00,27.9,82,0.0,4.7,212,2.490620541896063,3.9858260519352022
2017-06-16 10:00:00,28.8,79,0.0,10.3,234,8.332875042061959,6.054188098612474
2017-06-16 11:00:00,29.2,79,0.1,11.7,227,8.556838308944293,7.979380812731232
2017-06-16 12:00:00,29.2,70,2.0,18.1,221,11.874668424728183,13.660243402032174
2017-06-16 13:00:00,29.3,78,0.2,15.3,225,10.818733752154179,10.818733752154177
2017-06-16 14:00:00,28.7,78,2.8,16.4,218,10.096848195340796,12.92337635915024
2017-06-16 15:00:00,27.3,88,0.9,15.4,233,12.29898685472831,9.267951356541543
2017-06-16 16:00:00,26.4,88,1.9,16.3,205,6.888677666373401,14.772816928697395
2017-06-16 17:00:00,25.8,91,2.3,13.3,221,8.725585085573748,10.037637416962868
2017-06-16 18:00:00,25.1,94,2.2,15.0,222,10.036959095382873,11.147172382160914
2017-06-16 19:00:00,24.5,96,1.8,14.1,199,4.59051097784591,13.331811915950366
2017-06-16 20:00:00,25.3,94,1.4,4.4,125,-3.6042689948715645,2.5237363199446023
2017-06-16 21:00:00,25.1,96,0.2,3.8,131,-2.8678964048465336,2.4930243101639276
2017-06-16 22:00:00,24.3,96,0.2,4.8,222,3.2118269105225195,3.5670951622914924
2017-06-16 23:00:00,24.4,95,0.1,4.3,180,2.632990618166809e-16,4.3
2017-06-17 00:00:00,24.2,95,0.7000000000000001,12.3,220,7.906287599144434,9.42234665036343
2017-06-17 01:00:00,23.7,95,2.3,12.3,195,3.183474254761005,11.88088766335554
2017-06-17 02:00:00,23.6,96,4.1,11.2,201,4.013721034907364,10.45610077676866
2017-06-17 03:00:00,23.8,94,3.1,12.8,218,7.880466884168427,10.086537646166043
2017-06-17 04:00:00,23.5,95,4.0,12.3,238,10.43099158272404,6.518006950068421
2017-06-17 05:00:00,23.9,93,4.1,11.2,184,0.7812725059342026,11.17271736291003
2017-06-17 06:00:00,24.5,91,2.7,15.5,202,5.806402197946635,14.371349745785205
2017-06-17 07:00:00,24.6,93,2.4,17.1,221,11.218609395737674,12.905533821809403
2017-06-17 08:00:00,25.1,89,1.6,12.0,171,-1.8772135804827697,11.852260087141653
2017-06-17 09:00:00,25.5,92,1.4,11.3,187,1.3771235804781667,11.215771513546938
2017-06-17 10:00:00,26.1,90,11.5,12.0,224,8.335900445507967,8.632077604063813
2017-06-17 11:00:00,25.1,94,33.7,14.8,219,9.313941787537596,11.50176022956317
2017-06-17 12:00:00,24.2,100,31.8,22.0,198,6.798373876248844,20.923243358493377
2017-06-17 13:00:00,24.5,97,16.9,15.9,198,4.913370210561665,15.121798609092941
2017-06-17 14:00:00,24.9,96,7.6,11.8,192,2.453357951649562,11.542141688658907
2017-06-17 15:00:00,25.1,96,2.9,17.0,197,4.970318980286525,16.2571808513716
2017-06-17 16:00:00,25.2,93,3.6,22.4,224,15.560347498281537,16.113211527585783
2017-06-17 17:00:00,24.7,96,1.5,16.1,236,13.34750491813617,9.003005745879026
2017-06-17 18:00:00,24.4,98,2.1,17.3,247,15.924733964727219,6.7596485228644365
2017-06-17 19:00:00,24.5,97,4.1,17.4,220,11.184504408545784,13.329173310270216
2017-06-17 20:00:00,23.9,96,2.4,8.0,82,-7.922144549932562,-1.1133848076805242
2017-06-17 21:00:00,23.9,96,1.4,3.1,69,-2.8940993221413254,-1.1109406435904314
2017-06-17 22:00:00,24.0,95,1.8,4.7,148,-2.4906205418960625,3.9858260519352027
2017-06-17 23:00:00,24.2,95,1.4,7.4,194,1.7902220274375409,7.180188374442374
2017-06-18 00:00:00,24.2,95,1.0,7.3,171,-1.1419715947936848,7.210124886344506
2017-06-18 01:00:00,23.9,96,0.6,4.6,162,-1.4214781741247577,4.374859974957706
2017-06-18 02:00:00,23.7,95,0.3,6.0,123,-5.032023407672543,3.2678342100901636
2017-06-18 03:00:00,23.6,89,0.0,3.9,112,-3.6160170328104706,1.4609657143220578
2017-06-18 04:00:00,22.7,92,2.6,3.1,159,-1.1109406435904308,2.8940993221413254
2017-06-18 05:00:00,22.7,94,0.7000000000000001,3.8,163,-1.1110124779463992,3.633958072659535
2017-06-18 06:00:00,23.6,92,5.0,3.7,169,-0.7059932828932158,3.632020578756357
2017-06-18 07:00:00,24.5,91,1.3,5.0,180,3.061616997868383e-16,5.0
2017-06-18 08:00:00,25.8,78,0.2,7.6,135,-5.37401153701776,5.374011537017761
2017-06-18 09:00:00,26.8,77,0.6,5.8,158,-2.17271824181229,5.377666356487367
2017-06-18 10:00:00,28.1,71,0.5,2.5,135,-1.7677669529663687,1.7677669529663689
2017-06-18 11:00:00,28.5,72,0.6,3.6,180,2.2043642384652358e-16,3.6
2017-06-18 12:00:00,29.5,74,0.4,9.8,208,4.600821315301731,8.652886410017484
2017-06-18 13:00:00,28.6,81,1.9,8.1,225,5.727564927611035,5.727564927611034
2017-06-18 14:00:00,27.9,86,1.8,10.9,236,9.036509540849954,6.095202647831141
2017-06-18 15:00:00,27.1,89,1.6,16.1,231,12.512049979457233,10.132058295902382
2017-06-18 16:00:00,26.5,91,1.2,11.2,230,8.579697762932554,7.199221228489239
2017-06-18 17:00:00,26.7,90,0.7000000000000001,6.3,193,1.4171916423663489,6.1385314081469815
2017-06-18 18:00:00,26.3,95,1.0,2.0,135,-1.414213562373095,1.4142135623730951
2017-06-18 19:00:00,25.3,97,0.5,3.6,186,0.3763024677635525,3.580278823325784
2017-06-18 20:00:00,26.4,81,0.4,3.6,127,-2.8750878361702545,2.1665340833473734
2017-06-18 21:00:00,24.6,91,0.0,4.9,197,1.4326213531414103,4.685893304218874
2017-06-18 22:00:00,24.9,92,0.0,5.7,198,1.7613968679372005,5.421022142882375
2017-06-18 23:00:00,24.1,95,0.0,5.0,240,4.330127018922194,2.4999999999999996
2017-06-19 00:00:00,24.4,95,0.0,3.3,139,-2.1649947956686737,2.490541614735148
2017-06-19 01:00:00,24.1,94,0.2,3.7,119,-3.2360929164157644,1.7937955949114477
2017-06-19 02:00:00,24.6,91,0.2,4.2,160,-1.4364846019678086,3.9467090073008158
2017-06-19 03:00:00,24.4,89,0.0,5.0,159,-1.7918397477265013,4.667902132486009
2017-06-19 04:00:00,23.7,92,0.0,5.1,184,0.35575801609503865,5.087576656325103
2017-06-19 05:00:00,23.8,91,0.0,4.8,153,-2.179154398749824,4.276831316104166
2017-06-19 06:00:00,24.7,88,0.0,4.9,163,-1.4326213531414098,4.685893304218874
2017-06-19 07:00:00,25.7,85,0.9,6.9,171,-1.0793978087775926,6.815049550106451
2017-06-19 08:00:00,26.2,79,0.5,4.2,149,-2.163159914622228,3.600102662948872
2017-06-19 09:00:00,27.8,72,0.5,3.6,143,-2.1665340833473743,2.8750878361702537
2017-06-19 10:00:00,28.6,76,0.0,5.7,215,3.269385687200963,4.669166652447253
2017-06-19 11:00:00,29.2,79,0.0,8.9,220,5.7208097262102005,6.817795543758905
2017-06-19 12:00:00,29.1,78,0.0,12.2,225,8.62670273047588,8.626702730475879
2017-06-19 13:00:00,28.5,79,0.2,17.7,231,13.755483517788385,11.138970921582121
2017-06-19 14:00:00,28.5,79,0.2,15.3,214,8.555651423102427,12.68427486009214
2017-06-19 15:00:00,28.8,79,0.0,13.2,206,5.786499137615822,11.864081411149003
2017-06-19 16:00:00,28.9,77,0.1,10.9,207,4.948496447161061,9.71197111365321
2017-06-19 17:00:00,28.7,79,0.0,9.4,203,3.672872607799173,8.65274562245294
2017-06-19 18:00:00,28.1,82,0.0,8.0,198,2.4721359549995796,7.608452130361228
2017-06-19 19:00:00,27.0,85,0.0,7.6,205,3.211898789229316,6.887939181478539
2017-06-19 20:00:00,26.2,83,0.0,6.0,155,-2.535709570444196,5.4378467222199
2017-06-19 21:00:00,25.8,84,0.0,5.6,165,-1.4493866525741166,5.4091846272187825
2017-06-19 22:00:00,25.9,86,0.0,6.5,174,-0.6794350112397481,6.4643923198937765
2017-06-19 23:00:00,25.4,90,0.0,5.6,195,1.4493866525741161,5.4091846272187825
2017-06-20 00:00:00,25.3,87,0.0,8.4,187,1.023702484603239,8.337387673787106
2017-06-20 01:00:00,25.0,87,0.0,6.2,187,0.7555899291119145,6.153786140176196
2017-06-20 02:00:00,24.7,88,0.4,6.3,211,3.244739871933341,5.400153994423308
2017-06-20 03:00:00,25.0,85,0.0,7.6,188,1.0577155672964975,7.5260373224359345
2017-06-20 04:00:00,24.5,82,0.0,4.8,138,-3.2118269105225195,3.5670951622914924
2017-06-20 05:00:00,23.9,83,0.0,3.9,146,-2.180852323535912,3.233246532964663
2017-06-20 06:00:00,24.3,79,0.1,4.2,149,-2.163159914622228,3.600102662948872
2017-06-20 07:00:00,25.9,78,0.0,5.9,169,-1.1257730727216144,5.791600382341218
2017-06-20 08:00:00,26.7,71,0.0,6.9,208,3.239353783222647,6.092338390726596
2017-06-20 09:00:00,27.1,76,0.0,8.2,209,3.975438886019964,7.171881598543044
2017-06-20 10:00:00,28.1,79,1.3,8.7,197,2.5436338310878095,8.319851376878407
2017-06-20 11:00:00,28.3,83,0.0,7.3,189,1.1419715947936857,7.210124886344506
2017-06-20 12:00:00,29.4,78,0.0,15.3,210,7.650000000000002,13.250188677901912
2017-06-20 13:00:00,31.0,67,0.0,21.1,213,11.491883638817072,17.69594898364845
2017-06-20 14:00:00,30.6,68,0.0,20.9,216,12.284711772912688,16.908455182436402
2017-06-20 15:00:00,30.1,71,0.0,18.8,216,11.050362743098495,15.209519494249014
2017-06-20 16:00:00,29.4,73,0.0,18.6,216,10.93280569264,15.047716095374025
2017-06-20 17:00:00,28.8,76,0.0,15.3,221,10.037703143554761,11.547056577408412
2017-06-20 18:00:00,28.4,78,0.0,14.0,222,9.367828489024015,10.40402755668352
2017-06-20 19:00:00,27.0,81,0.0,8.4,205,3.5499933986218752,7.61298541110786
2017-06-20 20:00:00,26.8,85,0.0,6.4,164,-1.764079077228794,6.1520748540052415
2017-06-20 21:00:00,26.5,87,0.0,6.1,183,0.3192493330819582,6.0916401620029
2017-06-20 22:00:00,26.7,86,0.0,9.9,213,5.391926446648768,8.302838622659698
2017-06-20 23:00:00,26.6,85,0.0,11.5,221,7.544678833390834,8.679160172561879
2017-06-21 00:00:00,26.5,85,0.0,13.0,219,8.181165083647887,10.10289749894062
2017-06-21 01:00:00,26.1,88,0.4,10.5,211,5.407899786555569,9.00025665737218
2017-06-21 02:00:00,25.8,90,0.0,8.1,201,2.902780391316933,7.5620014546273335
2017-06-21 03:00:00,25.4,91,0.7000000000000001,5.7,162,-1.7613968679371999,5.421022142882376
2017-06-21 04:00:00,25.0,89,0.1,4.3,138,-2.8772616073430903,3.195522749552795
2017-06-21 05:00:00,24.5,89,0.0,4.3,138,-2.8772616073430903,3.195522749552795
2017-06-21 06:00:00,25.2,82,0.0,5.5,148,-2.914555953282626,4.664264528860343
2017-06-21 07:00:00,26.0,83,0.0,6.6,189,1.032467469265524,6.518743047927909
2017-06-21 08:00:00,27.2,79,0.0,7.2,198,2.224922359499622,6.8476069173251055
2017-06-21 09:00:00,28.2,79,0.0,9.8,208,4.600821315301731,8.652886410017484
2017-06-21 10:00:00,29.8,78,0.0,13.0,208,6.103130316216581,11.47831870716605
2017-06-21 11:00:00,31.3,69,0.2,17.7,209,8.581130278360167,15.480768816367304
2017-06-21 12:00:00,31.9,65,0.1,20.9,216,12.284711772912688,16.908455182436402
2017-06-21 13:00:00,32.1,63,0.0,22.2,220,14.269884935041173,17.00618663724131
2017-06-21 14:00:00,31.5,65,0.0,22.2,220,14.269884935041173,17.00618663724131
2017-06-21 15:00:00,31.2,66,0.4,20.2,219,12.712271899206717,15.698348421430811
2017-06-21 16:00:00,30.8,69,0.1,18.6,224,12.92064569053735,13.37972028629891
2017-06-21 17:00:00,30.3,74,0.0,15.6,230,11.950293312656056,10.027486711110011
2017-06-21 18:00:00,29.3,79,0.0,10.2,225,7.212489168102785,7.212489168102784
2017-06-21 19:00:00,28.0,84,0.0,7.0,215,4.015035054457323,5.7340643100229425
2017-06-21 20:00:00,26.7,91,0.0,6.1,152,-2.8637765329939344,5.385980316439453
2017-06-21 21:00:00,26.6,90,0.0,4.3,156,-1.748967565225941,3.9282454678631837
2017-06-21 22:00:00,26.3,90,0.0,5.1,176,-0.35575801609503915,5.087576656325103
2017-06-21 23:00:00,26.3,89,0.0,5.8,180,3.5514757175273243e-16,5.8
2017-06-22 00:00:00,25.8,91,0.0,4.9,163,-1.4326213531414098,4.685893304218874
2017-06-22 01:00:00,25.1,93,0.0,5.6,153,-2.542346798541461,4.98963653545486
2017-06-22 02:00:00,25.0,91,0.0,4.7,148,-2.4906205418960625,3.9858260519352027
2017-06-22 03:00:00,24.6,91,0.0,6.0,155,-2.535709570444196,5.4378467222199
2017-06-22 04:00:00,24.8,90,0.0,6.2,173,-0.7555899291119137,6.153786140176197
2017-06-22 05:00:00,24.7,90,0.0,5.9,166,-1.42733918403804,5.7247447850283795
2017-06-22 06:00:00,26.0,84,0.0,4.8,153,-2.179154398749824,4.276831316104166
2017-06-22 07:00:00,27.2,78,0.0,6.6,158,-2.4724035165450196,6.1194134401407965
2017-06-22 08:00:00,29.0,69,0.0,8.3,198,2.564841053312064,7.893769085249775
2017-06-22 09:00:00,30.1,68,0.0,10.9,197,3.186851581477831,10.423721839997087
2017-06-22 10:00:00,31.3,69,0.0,12.9,207,5.856477446640154,11.493984162029944
2017-06-22 11:00:00,32.4,65,0.0,14.3,214,7.9964585196316795,11.855237287537097
2017-06-22 12:00:00,32.9,62,0.1,15.5,222,10.371524398562302,11.518744794899611
2017-06-22 13:00:00,32.9,62,0.0,15.9,232,12.529370982346878,9.789017457677968
2017-06-22 14:00:00,32.7,63,0.1,15.3,229,11.547056577408412,10.037703143554761
2017-06-22 15:00:00,31.8,67,0.5,13.0,224,9.030558815966964,9.351417404402465
2017-06-22 16:00:00,30.7,72,0.3,10.6,208,4.976398565530443,9.359244484304625
2017-06-22 17:00:00,30.5,73,0.1,11.3,211,5.8199302464836125,9.68599049793387
2017-06-22 18:00:00,29.8,79,0.0,6.9,219,4.342310698243879,5.3623071340531
2017-06-22 19:00:00,28.2,85,0.0,5.4,217,3.2498011250210617,4.312631754255381
2017-06-22 20:00:00,27.5,90,0.0,5.0,180,3.061616997868383e-16,5.0
2017-06-22 21:00:00,27.2,92,0.0,4.7,176,-0.3278554265973891,4.688551036221174
2017-06-22 22:00:00,27.0,92,0.0,4.7,176,-0.3278554265973891,4.688551036221174
2017-06-22 23:00:00,26.5,94,0.0,4.4,171,-0.6883116461770157,4.3458286986186065
2017-06-23 00:00:00,26.0,95,0.0,5.2,155,-2.1976149610516367,4.71280049259058
2017-06-23 01:00:00,25.8,94,0.0,4.8,153,-2.179154398749824,4.276831316104166
2017-06-23 02:00:00,25.3,94,0.0,6.4,164,-1.764079077228794,6.1520748540052415
2017-06-23 03:00:00,25.2,93,0.0,7.0,192,1.4553818357243162,6.847033205136639
2017-06-23 04:00:00,25.5,94,0.0,5.0,210,2.5000000000000004,4.330127018922193
2017-06-23 05:00:00,25.2,96,0.0,4.8,222,3.2118269105225195,3.5670951622914924
2017-06-23 06:00:00,26.2,94,0.0,4.7,184,0.3278554265973886,4.688551036221174
2017-06-23 07:00:00,27.5,89,0.0,7.6,185,0.6623836448822018,7.571079705497266
2017-06-23 08:00:00,28.5,84,0.0,6.2,187,0.7555899291119145,6.153786140176196
2017-06-23 09:00:00,29.3,79,0.0,7.6,205,3.211898789229316,6.887939181478539
2017-06-23 10:00:00,30.0,76,0.0,8.6,195,2.2258437878816784,8.306962106085987
2017-06-23 11:00:00,31.1,71,0.0,10.4,200,3.557009490586956,9.772803256173447
2017-06-23 12:00:00,31.4,68,0.0,12.5,224,8.683229630737465,8.991747504233139
2017-06-23 13:00:00,31.8,67,0.1,13.3,237,11.154318553674141,7.24369916569986
2017-06-23 14:00:00,30.1,73,0.7000000000000001,12.8,220,8.227681403987704,9.80536887192292
2017-06-23 15:00:00,30.3,74,0.5,5.4,180,3.3065463576978537e-16,5.4
2017-06-23 16:00:00,28.8,77,3.1,9.0,151,-4.363286582217033,7.871577364254563
2017-06-23 17:00:00,28.3,83,0.0,9.2,132,-6.836932394392025,6.156001578501496
2017-06-23 18:00:00,28.0,85,0.0,6.7,126,-5.420413862312147,3.938161190359571
2017-06-23 19:00:00,27.1,88,0.0,3.9,124,-3.2332465329646625,2.180852323535913
2017-06-23 20:00:00,27.8,87,0.0,0.7000000000000001,90,-0.7000000000000001,8.572527594031473e-17
2017-06-23 21:00:00,27.3,91,0.0,3.1,126,-2.507952682562337,1.822134282106667
2017-06-23 22:00:00,26.9,90,0.0,4.1,142,-2.524212048835199,3.23084408978756
2017-06-23 23:00:00,26.1,92,0.0,4.3,185,0.37476969381492997,4.283637201794505
2017-06-24 00:00:00,26.1,90,0.0,6.0,197,1.7542302283364206,5.737828535778212
2017-06-24 01:00:00,25.9,90,0.0,5.9,191,1.125773072721615,5.791600382341218
2017-06-24 02:00:00,25.5,91,0.0,6.3,211,3.244739871933341,5.400153994423308
2017-06-24 03:00:00,25.3,94,0.0,7.2,217,4.333068166694749,5.750175672340508
2017-06-24 04:00:00,25.2,95,0.0,6.9,223,4.70578868443124,5.046340541172277
2017-06-24 05:00:00,24.9,97,0.0,4.8,193,1.0797650608505516,4.676976310969129
2017-06-24 06:00:00,25.9,93,0.0,6.2,159,-2.2218812871808615,5.788198644282651
2017-06-24 07:00:00,27.2,87,0.0,6.9,186,0.7212463965468089,6.862201078041086
2017-06-24 08:00:00,28.6,81,0.0,9.4,184,0.6557108531947772,9.377102072442348
2017-06-24 09:00:00,30.1,74,0.1,14.1,199,4.59051097784591,13.331811915950366
2017-06-24 10:00:00,30.9,70,0.2,18.9,211,9.734219615800022,16.20046198326992
2017-06-24 11:00:00,31.3,67,0.2,18.5,213,10.075822147778002,15.515405506990344
2017-06-24 12:00:00,30.8,73,1.2,17.1,224,11.878658134848854,12.300710585790934
2017-06-24 13:00:00,30.5,71,1.0,20.4,229,15.396075436544548,13.383604191406347
2017-06-24 14:00:00,31.2,70,0.2,15.8,221,10.365732658050016,11.924411367519799
2017-06-24 15:00:00,30.1,75,3.2,12.9,198,3.986319227436822,12.26862906020748
2017-06-24 16:00:00,29.6,75,0.1,12.7,195,3.2870018728020134,12.267257993871167
2017-06-24 17:00:00,29.6,75,0.2,15.7,196,4.327506486326887,15.091808626231606
2017-06-24 18:00:00,28.7,80,0.0,11.5,194,2.782101799396178,11.15840085217396
2017-06-24 19:00:00,27.7,82,0.0,7.0,201,2.5085756468171025,6.535062985480412
2017-06-24 20:00:00,27.0,85,0.0,6.2,170,-1.076618701534968,6.10580806867569
2017-06-24 21:00:00,26.9,86,0.0,6.8,183,0.35588450245201897,6.790680836331102
2017-06-24 22:00:00,26.8,86,0.0,7.9,196,2.1775351109542935,7.59396739791272
2017-06-24 23:00:00,26.6,87,0.0,9.4,212,4.981241083792126,7.9716521038704045
2017-06-25 00:00:00,26.4,90,0.0,9.0,217,5.4163352083684355,7.187719590425635
2017-06-25 01:00:00,26.1,93,0.0,7.4,194,1.7902220274375409,7.180188374442374
2017-06-25 02:00:00,25.8,93,0.0,5.4,172,-0.7515347451843529,5.34744757120448
2017-06-25 03:00:00,25.7,93,0.0,6.1,180,3.735172737399427e-16,6.1
2017-06-25 04:00:00,25.7,92,0.0,6.1,183,0.3192493330819582,6.0916401620029
2017-06-25 05:00:00,25.6,92,0.0,5.5,191,1.049449474570997,5.3989495089621515
2017-06-25 06:00:00,26.4,89,0.0,7.8,193,1.7546182238821464,7.6000865053248345
2017-06-25 07:00:00,27.5,85,0.0,10.8,201,3.870373855089244,10.08266860616978
2017-06-25 08:00:00,28.9,80,0.0,12.4,210,6.200000000000002,10.73871500692704
2017-06-25 09:00:00,30.0,78,0.0,13.4,207,6.0834726965099275,11.93948742412413
2017-06-25 10:00:00,31.0,77,0.0,14.6,213,7.951729911219395,12.24459029200319
2017-06-25 11:00:00,31.7,74,0.1,16.3,215,9.349295912522052,13.352178321910566
2017-06-25 12:00:00,32.5,70,0.0,16.4,218,10.096848195340796,12.92337635915024
2017-06-25 13:00:00,31.6,70,0.7000000000000001,16.7,217,10.050310886639208,13.33721301778979
2017-06-25 14:00:00,30.4,71,0.6,14.8,209,7.17518237964579,12.944371665663057
2017-06-25 15:00:00,31.1,67,0.3,16.1,219,10.132058295902384,12.512049979457233
2017-06-25 16:00:00,30.7,71,0.2,17.0,212,9.008627491964484,14.41681763465924
2017-06-25 17:00:00,30.2,74,0.0,15.0,215,8.603646545265692,12.287280664334878
2017-06-25 18:00:00,29.4,78,0.0,11.8,230,9.03932442880394,7.584893794301164
2017-06-25 19:00:00,28.3,82,0.0,9.6,214,5.368251873319169,7.9587606965284
2017-06-25 20:00:00,27.6,87,0.0,6.8,180,4.1637991171010006e-16,6.8
2017-06-25 21:00:00,27.3,88,0.0,5.5,203,2.1490212066910055,5.062776693988422
2017-06-25 22:00:00,27.0,89,0.0,6.9,219,4.342310698243879,5.3623071340531
2017-06-25 23:00:00,26.8,90,0.0,8.8,199,2.8649997592229797,8.320563465273988
2017-06-26 00:00:00,26.4,92,0.0,7.0,192,1.4553818357243162,6.847033205136639
2017-06-26 01:00:00,26.1,92,0.0,6.5,177,-0.34018371557913496,6.49109197590473
2017-06-26 02:00:00,25.6,91,0.0,5.4,180,3.3065463576978537e-16,5.4
2017-06-26 03:00:00,25.5,89,0.0,5.8,202,2.1727182418122895,5.377666356487367
2017-06-26 04:00:00,25.8,86,0.0,7.1,195,1.8376152202278973,6.858073366652385
2017-06-26 05:00:00,25.6,84,0.0,7.2,174,-0.7526049355271056,7.160557646651568
2017-06-26 06:00:00,26.0,83,0.0,5.6,165,-1.4493866525741166,5.4091846272187825
2017-06-26 07:00:00,27.6,78,0.0,6.5,177,-0.34018371557913496,6.49109197590473
2017-06-26 08:00:00,29.1,74,0.0,9.7,195,2.510544737494451,9.369480515003962
2017-06-26 09:00:00,30.0,74,0.0,11.6,202,4.345436483624579,10.755332712974734
2017-06-26 10:00:00,30.8,73,0.0,13.0,204,5.287576359985403,11.876090949353811
2017-06-26 11:00:00,31.7,70,0.0,14.6,213,7.951729911219395,12.24459029200319
2017-06-26 12:00:00,32.0,67,0.0,15.3,227,11.189711634773309,10.434574908956227
2017-06-26 13:00:00,31.9,62,0.0,15.8,227,11.555388485582894,10.775574088987476
2017-06-26 14:00:00,31.1,68,0.2,14.6,218,8.98865753975461,11.504957002658141
2017-06-26 15:00:00,30.2,71,0.6,13.8,229,10.414992207074254,9.053614600069
2017-06-26 16:00:00,30.1,73,0.1,6.0,213,3.2678342100901627,5.032023407672544
2017-06-26 17:00:00,29.2,76,4.0,7.3,191,1.3929056662487778,7.165878439167947
2017-06-26 18:00:00,29.0,80,0.0,5.5,191,1.049449474570997,5.3989495089621515
2017-06-26 19:00:00,27.4,88,0.0,4.7,184,0.3278554265973886,4.688551036221174
2017-06-26 20:00:00,26.9,92,0.0,7.0,168,-1.4553818357243153,6.84703320513664
2017-06-26 21:00:00,26.7,93,0.0,4.4,145,-2.5237363199446032,3.6042689948715636
2017-06-26 22:00:00,26.1,94,0.0,5.5,157,-2.149021206691006,5.062776693988422
2017-06-26 23:00:00,26.1,92,0.0,4.7,157,-1.8364363038995868,4.326372811226469
2017-06-27 00:00:00,26.2,89,0.0,4.7,148,-2.4906205418960625,3.9858260519352027
2017-06-27 01:00:00,25.8,88,0.0,5.0,159,-1.7918397477265013,4.667902132486009
2017-06-27 02:00:00,25.5,88,0.0,6.5,161,-2.116193003971518,6.1458707413955596
2017-06-27 03:00:00,25.5,86,0.0,5.7,162,-1.7613968679371999,5.421022142882376
2017-06-27 04:00:00,25.5,85,0.0,5.5,169,-1.0494494745709964,5.3989495089621515
2017-06-27 05:00:00,25.6,84,0.0,5.8,173,-0.7068421917498547,5.756767679519668
2017-06-27 06:00:00,26.0,85,0.0,4.2,160,-1.4364846019678086,3.9467090073008158
2017-06-27 07:00:00,27.6,79,0.0,5.0,150,-2.499999999999999,4.330127018922194
2017-06-27 08:00:00,29.1,72,0.0,5.8,173,-0.7068421917498547,5.756767679519668
2017-06-27 09:00:00,30.3,70,0.0,9.6,193,2.159530121701103,9.353952621938259
2017-06-27 10:00:00,31.1,69,0.1,11.3,202,4.233054505599806,10.4771775566047
2017-06-27 11:00:00,31.5,67,0.2,10.8,206,4.734408385322037,9.706975700031006
2017-06-27 12:00:00,31.8,66,0.2,9.9,224,6.877117867544073,7.121464023352646
2017-06-27 13:00:00,31.8,67,0.6,9.4,238,7.9716521038704045,4.981241083792126
2017-06-27 14:00:00,32.2,65,0.5,8.9,238,7.547628055792192,4.716281451675524
2017-06-27 15:00:00,31.5,70,0.4,9.2,259,9.030970087718508,1.755442757464212
2017-06-27 16:00:00,30.9,73,0.3,8.8,282,8.607698886457491,-1.8296228791962823
2017-06-27 17:00:00,29.9,79,0.1,6.3,301,5.400153994423308,-3.244739871933341
2017-06-27 18:00:00,29.3,84,0.1,1.1,108,-1.0461621679246689,0.3399186938124423
2017-06-27 19:00:00,27.6,90,0.7000000000000001,4.7,94,-4.688551036221174,0.32785542659739
2017-06-27 20:00:00,27.2,93,0.0,4.7,86,-4.688551036221174,-0.3278554265973888
2017-06-27 21:00:00,27.2,94,0.0,4.5,104,-4.366330768241984,1.0886485301985047
2017-06-27 22:00:00,26.7,94,0.0,4.7,270,4.7,0.0
2017-06-27 23:00:00,26.0,97,0.0,7.1,285,6.858073366652385,-1.8376152202278973
2017-06-28 00:00:00,26.1,96,0.0,3.3,131,-2.4905416147351476,2.1649947956686737
2017-06-28 01:00:00,26.6,92,0.0,1.5,76,-1.4554435894139948,-0.3628828433995013
2017-06-28 02:00:00,25.4,96,0.0,4.6,135,-3.252691193458118,3.2526911934581184
2017-06-28 03:00:00,25.3,96,0.0,5.4,132,-4.012982057577928,3.613305274337835
2017-06-28 04:00:00,25.2,94,0.0,4.1,135,-2.8991378028648445,2.899137802864845
2017-06-28 05:00:00,24.7,94,0.0,4.5,151,-2.1816432911085166,3.9357886821272814
2017-06-28 06:00:00,25.4,92,0.0,3.5,156,-1.423578250765301,3.197409101749103
2017-06-28 07:00:00,26.7,91,0.0,2.4,207,1.0895771993749124,2.138415658052083
2017-06-28 08:00:00,28.3,84,0.0,3.6,186,0.3763024677635525,3.580278823325784
2017-06-28 09:00:00,29.6,76,0.0,3.8,229,2.8678964048465336,2.4930243101639276
2017-06-28 10:00:00,30.5,71,0.0,4.3,222,2.8772616073430903,3.195522749552795
2017-06-28 11:00:00,31.5,66,0.0,5.4,200,1.8469087739586119,5.074340152243905
2017-06-28 12:00:00,32.1,65,0.0,5.8,184,0.40458754771592637,5.78587149150698
2017-06-28 13:00:00,32.4,62,0.0,5.1,188,0.7097828148963339,5.050367150582009
2017-06-28 14:00:00,32.3,64,0.0,6.5,276,6.4643923198937765,-0.6794350112397476
2017-06-28 15:00:00,31.8,66,0.1,6.2,249,5.788198644282651,2.2218812871808615
2017-06-28 16:00:00,30.4,74,0.0,5.4,278,5.34744757120448,-0.7515347451843534
2017-06-28 17:00:00,30.5,73,0.0,2.4,27,-1.0895771993749126,-2.138415658052083
2017-06-28 18:00:00,29.6,82,0.4,1.5,135,-1.0606601717798212,1.0606601717798214
2017-06-28 19:00:00,29.5,77,0.0,0.5,135,-0.35355339059327373,0.3535533905932738
2017-06-28 20:00:00,27.6,90,0.0,5.4,132,-4.012982057577928,3.613305274337835
2017-06-28 21:00:00,27.6,91,0.0,4.4,125,-3.6042689948715645,2.5237363199446023
2017-06-28 22:00:00,27.7,88,0.0,3.3,103,-3.215421213791276,0.7423384793347552
2017-06-28 23:00:00,26.3,95,0.0,5.2,326,2.9078030980478835,-4.3109953772862175
2017-06-29 00:00:00,26.2,96,0.0,4.5,331,2.181643291108517,-3.935788682127281
2017-06-29 01:00:00,25.7,98,0.0,4.6,45,-3.2526911934581193,-3.252691193458118
2017-06-29 02:00:00,25.9,96,0.0,2.9,90,-2.9,3.5514757175273243e-16
2017-06-29 03:00:00,25.5,96,0.0,3.2,117,-2.851220877402777,1.4527695991665501
2017-06-29 04:00:00,25.3,97,0.0,3.9,158,-1.4609657143220571,3.616017032810471
2017-06-29 05:00:00,25.1,97,0.0,5.4,160,-1.8469087739586112,5.074340152243906
2017-06-29 06:00:00,26.6,93,0.0,2.2,99,-2.172914349309303,0.3441558230885082
2017-06-29 07:00:00,27.5,87,0.0,2.1,121,-1.8000513314744357,1.0815799573111142
2017-06-29 08:00:00,28.1,86,0.0,2.4,333,1.0895771993749124,-2.138415658052083
2017-06-29 09:00:00,29.2,79,0.0,4.5,299,3.935788682127281,-2.1816432911085166
2017-06-29 10:00:00,30.4,73,0.0,3.9,292,3.616017032810471,-1.460965714322057
2017-06-29 11:00:00,31.2,68,0.0,1.3,236,1.0777488443215542,0.726950774511971
2017-06-29 12:00:00,31.9,66,0.0,4.7,184,0.3278554265973886,4.688551036221174
2017-06-29 13:00:00,31.4,68,0.0,3.4,212,1.8017254983928965,2.883363526931848
2017-06-29 14:00:00,31.1,69,0.1,8.1,249,7.5620014546273335,2.902780391316932
2017-06-29 15:00:00,28.1,81,0.4,10.5,128,-8.27411291287058,6.464445490919413
2017-06-29 16:00:00,27.4,82,0.0,9.0,88,-8.994517443171862,-0.3140954703225081
2017-06-29 17:00:00,27.8,81,0.0,3.7,61,-3.236092916415765,-1.7937955949114468
2017-06-29 18:00:00,27.9,82,0.0,3.4,58,-2.8833635269318485,-1.8017254983928963
2017-06-29 19:00:00,27.0,92,0.0,3.1,54,-2.5079526825623377,-1.8221342821066664
2017-06-29 20:00:00,26.5,86,0.0,6.3,77,-6.1385314081469815,-1.4171916423663493
2017-06-29 21:00:00,26.5,85,0.0,4.0,80,-3.939231012048832,-0.6945927106677219
2017-06-29 22:00:00,26.2,89,0.0,2.7,113,-2.485363104321589,1.0549740469210394
2017-06-29 23:00:00,26.0,93,0.0,2.6,124,-2.1554976886431083,1.453901549023942
2017-06-30 00:00:00,26.3,90,0.0,4.7,171,-0.7352419856890848,4.6421352007971475
2017-06-30 01:00:00,25.7,92,0.0,5.4,184,0.3766849582182763,5.386845871403051
2017-06-30 02:00:00,25.4,91,0.0,5.9,218,3.6324027044213842,4.64926344627966
2017-06-30 03:00:00,25.3,92,0.0,5.2,192,1.0811407922523493,5.086367523815789
2017-06-30 04:00:00,25.8,88,0.0,2.6,124,-2.1554976886431083,1.453901549023942
2017-06-30 05:00:00,26.4,83,0.0,1.8,90,-1.8,2.2043642384652358e-16
2017-06-30 06:00:00,26.6,86,0.0,1.3,326,0.7269507745119709,-1.0777488443215544
2017-06-30 07:00:00,27.2,83,0.0,1.8,169,-0.34345619167778063,1.7669289302057951
2017-06-30 08:00:00,28.4,77,0.0,1.3,214,0.7269507745119709,1.0777488443215544
2017-06-30 09:00:00,29.9,74,0.0,2.6,254,2.499280409439629,0.7166571251241979
2017-06-30 10:00:00,30.8,70,0.0,1.3,214,0.7269507745119709,1.0777488443215544
2017-06-30 11:00:00,31.7,67,0.0,1.9,202,0.7117525274902327,1.761649323676896
2017-06-30 12:00:00,29.3,75,2.3,7.3,261,7.210124886344506,1.1419715947936853
2017-06-30 13:00:00,28.7,79,0.0,2.5,45,-1.7677669529663693,-1.7677669529663687
2017-06-30 14:00:00,29.5,78,0.0,5.4,138,-3.6133052743378347,4.012982057577929
2017-06-30 15:00:00,29.1,77,6.3,4.5,209,2.181643291108517,3.935788682127281
2017-06-30 16:00:00,26.3,89,7.7,7.7,311,5.811263767715345,-5.051654523226906
2017-06-30 17:00:00,26.3,88,3.7,2.3,39,-1.447436899414627,-1.7874357113510322
2017-06-30 18:00:00,25.9,89,2.8,3.0,76,-2.9108871788279895,-0.7257656867990026
2017-06-30 19:00:00,25.5,92,1.7000000000000002,4.8,103,-4.6769763109691285,1.079765060850553
2017-06-30 20:00:00,25.6,93,0.0,4.1,75,-3.96029588778518,-1.0611580849203353
2017-06-30 21:00:00,25.4,94,0.0,2.3,39,-1.447436899414627,-1.7874357113510322
2017-06-30 22:00:00,25.3,95,0.0,3.6,307,2.875087836170254,-2.166534083347374
2017-06-30 23:00:00,24.9,96,0.0,4.2,301,3.600102662948872,-2.1631599146222276
2017-07-01 00:00:00,24.7,96,0.0,1.4,90,-1.4,1.7145055188062944e-16
2017-07-01 01:00:00,24.5,97,0.0,4.6,72,-4.374859974957706,-1.4214781741247573
2017-07-01 02:00:00,24.3,98,0.0,2.5,90,-2.5,3.061616997868383e-16
2017-07-01 03:00:00,24.5,96,0.0,1.8,101,-1.7669289302057951,0.34345619167778096
2017-07-01 04:00:00,24.6,94,0.0,3.1,111,-2.8940993221413254,1.1109406435904308
2017-07-01 05:00:00,24.4,93,0.0,3.4,58,-2.8833635269318485,-1.8017254983928963
2017-07-01 06:00:00,25.7,89,0.0,4.8,48,-3.5670951622914924,-3.2118269105225195
2017-07-01 07:00:00,27.1,85,0.0,3.8,41,-2.4930243101639276,-2.8678964048465336
2017-07-01 08:00:00,28.8,77,0.0,3.3,41,-2.1649947956686737,-2.4905416147351476
2017-07-01 09:00:00,30.2,72,0.0,3.7,61,-3.236092916415765,-1.7937955949114468
2017-07-01 10:00:00,31.0,67,0.0,0.8,117,-0.7128052193506943,0.36319239979163753
2017-07-01 11:00:00,31.6,66,0.0,5.5,212,2.914555953282627,4.664264528860342
2017-07-01 12:00:00,31.7,68,0.0,10.8,182,0.3769145643870117,10.793420931806235
2017-07-01 13:00:00,31.2,73,1.8,8.3,180,5.082284216461516e-16,8.3
2017-07-01 14:00:00,28.4,80,7.5,11.3,187,1.3771235804781667,11.215771513546938
2017-07-01 15:00:00,27.6,85,0.0,8.7,73,-8.319851376878407,-2.5436338310878095
2017-07-01 16:00:00,27.0,86,0.0,10.1,86,-10.075396907624224,-0.7045403848156653
2017-07-01 17:00:00,27.0,86,0.0,6.5,87,-6.49109197590473,-0.3401837155791332
2017-07-01 18:00:00,27.1,87,0.0,2.3,108,-2.1874299874788528,0.7107390870623792
2017-07-01 19:00:00,26.4,93,0.0,1.6,117,-1.4256104387013886,0.7263847995832751
2017-07-01 20:00:00,26.9,89,0.0,4.9,73,-4.685893304218874,-1.4326213531414103
2017-07-01 21:00:00,27.7,85,0.0,2.9,90,-2.9,3.5514757175273243e-16
2017-07-01 22:00:00,26.2,93,0.0,3.9,248,3.616017032810471,1.460965714322057
2017-07-01 23:00:00,25.5,94,0.0,6.4,243,5.702441754805555,2.9055391983330994
2017-07-02 00:00:00,25.6,93,0.0,2.6,124,-2.1554976886431083,1.453901549023942
2017-07-02 01:00:00,25.7,91,0.0,3.6,90,-3.6,4.4087284769304716e-16
2017-07-02 02:00:00,25.3,92,0.0,3.4,72,-3.2335921554035223,-1.0506577808748208
2017-07-02 03:00:00,24.9,93,0.0,3.2,90,-3.2,3.9188697572715305e-16
2017-07-02 04:00:00,24.9,92,0.0,3.3,96,-3.2819222547153015,0.3449439287832573
2017-07-02 05:00:00,24.7,91,0.0,3.4,108,-3.233592155403522,1.0506577808748214
2017-07-02 06:00:00,25.9,87,0.0,2.9,83,-2.878383839759834,-0.3534210958749272
2017-07-02 07:00:00,27.9,81,0.0,1.8,101,-1.7669289302057951,0.34345619167778096
2017-07-02 08:00:00,28.9,77,0.0,1.6,63,-1.4256104387013888,-0.7263847995832747
2017-07-02 09:00:00,30.2,71,0.0,1.1,162,-0.3399186938124421,1.046162167924669
2017-07-02 10:00:00,31.0,67,0.0,7.0,215,4.015035054457323,5.7340643100229425
2017-07-02 11:00:00,31.6,66,0.0,10.4,224,7.224447052773572,7.481133923521972
2017-07-02 12:00:00,30.7,69,0.1,12.1,240,10.478907385791707,6.049999999999999
2017-07-02 13:00:00,30.1,74,1.2,6.7,144,-3.9381611903595695,5.420413862312148
2017-07-02 14:00:00,27.6,83,4.5,4.7,122,-3.9858260519352022,2.490620541896063
2017-07-02 15:00:00,27.9,84,0.0,6.3,103,-6.1385314081469815,1.4171916423663506
2017-07-02 16:00:00,28.6,79,1.3,0.4,90,-0.4,4.898587196589413e-17
2017-07-02 17:00:00,27.9,83,0.8,4.8,42,-3.211826910522519,-3.567095162291493
2017-07-02 18:00:00,26.9,86,1.4,4.0,117,-3.564026096753471,1.8159619989581874
2017-07-02 19:00:00,26.0,92,0.0,2.9,173,-0.35342109587492737,2.878383839759834
2017-07-02 20:00:00,26.0,94,0.0,1.8,101,-1.7669289302057951,0.34345619167778096
2017-07-02 21:00:00,26.0,94,0.2,5.2,25,-2.197614961051636,-4.71280049259058
2017-07-02 22:00:00,25.5,96,0.7000000000000001,2.3,342,0.7107390870623791,-2.1874299874788528
2017-07-02 23:00:00,25.4,97,0.0,2.3,252,2.1874299874788528,0.710739087062379
2017-07-03 00:00:00,25.0,98,0.5,5.0,210,2.5000000000000004,4.330127018922193
2017-07-03 01:00:00,24.9,97,0.7000000000000001,7.2,180,4.4087284769304716e-16,7.2
2017-07-03 02:00:00,24.8,96,0.4,5.9,218,3.6324027044213842,4.64926344627966
2017-07-03 03:00:00,24.6,96,0.0,2.7,157,-1.0549740469210394,2.4853631043215887
2017-07-03 04:00:00,24.8,96,0.0,3.8,73,-3.6339580726595346,-1.1110124779463997
2017-07-03 05:00:00,24.9,94,0.0,3.4,58,-2.8833635269318485,-1.8017254983928963
2017-07-03 06:00:00,25.8,91,0.0,2.3,141,-1.4474368994146256,1.7874357113510333
2017-07-03 07:00:00,27.2,85,0.0,2.5,172,-0.3479327524001634,2.475670171853926
2017-07-03 08:00:00,28.1,82,0.0,1.6,243,1.4256104387013888,0.7263847995832748
2017-07-03 09:00:00,29.8,76,0.0,3.3,276,3.2819222547153015,-0.3449439287832564
2017-07-03 10:00:00,31.3,69,0.0,5.2,245,4.7128004925905795,2.197614961051637
2017-07-03 11:00:00,31.8,63,0.0,7.9,227,5.777694242791447,5.387787044493738
2017-07-03 12:00:00,31.5,63,0.0,8.0,216,4.702282018339785,6.47213595499958
2017-07-03 13:00:00,30.5,69,0.0,10.0,218,6.156614753256583,7.88010753606722
2017-07-03 14:00:00,29.0,76,1.5,9.9,161,-3.2231247291258507,9.360633898433237
2017-07-03 15:00:00,29.7,75,0.0,2.5,135,-1.7677669529663687,1.7677669529663689
2017-07-03 16:00:00,30.1,74,0.0,4.2,160,-1.4364846019678086,3.9467090073008158
2017-07-03 17:00:00,29.7,75,0.3,8.3,182,0.289665822630759,8.294943864258496
2017-07-03 18:00:00,28.0,84,0.8,5.8,173,-0.7068421917498547,5.756767679519668
2017-07-03 19:00:00,27.3,86,0.0,6.1,183,0.3192493330819582,6.0916401620029
2017-07-03 20:00:00,27.9,84,0.0,6.8,180,4.1637991171010006e-16,6.8
2017-07-03 21:00:00,27.7,84,0.1,7.4,209,3.587591189822895,6.472185832831529
2017-07-03 22:00:00,27.3,87,0.1,3.2,153,-1.4527695991665495,2.8512208774027776
2017-07-03 23:00:00,26.5,90,0.0,3.3,77,-3.2154212137912763,-0.7423384793347544
2017-07-04 00:00:00,25.7,94,0.0,3.9,34,-2.1808523235359116,-3.233246532964663
2017-07-04 01:00:00,25.6,94,0.0,4.5,299,3.935788682127281,-2.1816432911085166
2017-07-04 02:00:00,25.6,92,0.0,5.0,270,5.0,0.0
2017-07-04 03:00:00,26.3,88,0.0,4.0,270,4.0,0.0
2017-07-04 04:00:00,25.2,93,0.0,3.2,333,1.45276959916655,-2.851220877402777
2017-07-04 05:00:00,24.4,96,0.0,3.2,90,-3.2,3.9188697572715305e-16
2017-07-04 06:00:00,25.6,91,0.0,5.4,90,-5.4,6.613092715395707e-16
2017-07-04 07:00:00,27.0,86,0.0,4.3,85,-4.283637201794505,-0.37476969381492914
2017-07-04 08:00:00,28.7,78,0.0,2.7,67,-2.485363104321589,-1.0549740469210387
2017-07-04 09:00:00,30.0,71,0.0,1.5,194,0.3628828433995015,1.4554435894139948
2017-07-04 10:00:00,30.8,68,0.0,4.8,207,2.1791543987498248,4.276831316104166
2017-07-04 11:00:00,31.6,66,0.1,6.4,207,2.9055391983331,5.702441754805554
2017-07-04 12:00:00,29.0,77,4.1,11.2,249,10.45610077676866,4.013721034907363
2017-07-04 13:00:00,29.4,76,0.8,2.6,164,-0.7166571251241975,2.499280409439629
2017-07-04 14:00:00,30.1,75,0.6,3.3,139,-2.1649947956686737,2.490541614735148
2017-07-04 15:00:00,26.6,88,10.0,10.9,207,4.948496447161061,9.71197111365321
2017-07-04 16:00:00,26.6,89,0.1,6.5,124,-5.38874422160777,3.634753872559855
2017-07-04 17:00:00,26.9,89,0.0,1.8,101,-1.7669289302057951,0.34345619167778096
2017-07-04 18:00:00,26.9,90,0.0,3.2,27,-1.4527695991665501,-2.851220877402777
2017-07-04 19:00:00,26.2,94,0.0,1.8,79,-1.7669289302057951,-0.3434561916777805
2017-07-04 20:00:00,26.5,93,0.0,3.9,22,-1.460965714322058,-3.6160170328104706
2017-07-04 21:00:00,25.8,96,0.0,3.4,18,-1.0506577808748216,-3.233592155403522
2017-07-04 22:00:00,25.9,95,0.0,2.8,50,-2.1449244407331385,-1.7998053071223097
2017-07-04 23:00:00,25.5,96,0.0,2.7,67,-2.485363104321589,-1.0549740469210387
2017-07-05 00:00:00,25.4,96,0.0,3.1,54,-2.5079526825623377,-1.8221342821066664
2017-07-05 01:00:00,25.3,96,0.0,4.0,10,-0.6945927106677213,-3.939231012048832
2017-07-05 02:00:00,24.9,96,0.0,4.2,20,-1.436484601967808,-3.9467090073008158
2017-07-05 03:00:00,25.3,93,0.0,4.1,45,-2.8991378028648453,-2.8991378028648445
2017-07-05 04:00:00,25.5,90,0.0,5.7,35,-3.2693856872009643,-4.669166652447252
2017-07-05 05:00:00,25.2,90,0.0,4.6,45,-3.2526911934581193,-3.252691193458118
2017-07-05 06:00:00,26.3,85,0.5,8.5,28,-3.9905082836800716,-7.505054539300879
2017-07-05 07:00:00,27.3,84,0.5,5.5,11,-1.0494494745709955,-5.3989495089621515
2017-07-05 08:00:00,28.3,82,0.0,8.1,45,-5.727564927611036,-5.727564927611034
2017-07-05 09:00:00,29.1,79,0.0,8.2,29,-3.975438886019962,-7.171881598543046
2017-07-05 10:00:00,30.3,74,0.0,6.5,354,0.6794350112397475,-6.4643923198937765
2017-07-05 11:00:00,31.6,69,0.0,7.2,357,0.3768188849491966,-7.190132650232932
2017-07-05 12:00:00,31.0,69,0.4,9.6,347,2.159530121701103,-9.353952621938259
2017-07-05 13:00:00,30.5,75,0.0,7.9,360,4.837354856632045e-16,-7.9
2017-07-05 14:00:00,30.9,75,0.3,6.5,19,-2.116193003971518,-6.1458707413955596
2017-07-05 15:00:00,30.3,76,0.7000000000000001,5.6,50,-4.289848881466277,-3.5996106142446194
2017-07-05 16:00:00,29.1,81,0.0,6.6,319,4.329989591337347,-4.981083229470295
2017-07-05 17:00:00,28.7,84,0.0,6.7,324,3.93816119035957,-5.420413862312148
2017-07-05 18:00:00,28.2,86,0.0,4.7,337,1.8364363038995866,-4.32637281122647
2017-07-05 19:00:00,26.8,88,3.6,3.6,96,-3.580278823325784,0.37630246776355347
2017-07-05 20:00:00,26.2,90,2.4,6.1,135,-4.313351365237939,4.31335136523794
2017-07-05 21:00:00,26.7,90,0.0,5.8,360,3.5514757175273243e-16,-5.8
2017-07-05 22:00:00,26.6,92,0.0,4.3,5,-0.37476969381493047,-4.283637201794505
2017-07-05 23:00:00,26.3,93,0.0,5.2,348,1.0811407922523493,-5.086367523815789
2017-07-06 00:00:00,26.1,94,0.0,5.1,4,-0.35575801609504043,-5.087576656325103
2017-07-06 01:00:00,26.1,94,0.0,5.2,25,-2.197614961051636,-4.71280049259058
2017-07-06 02:00:00,26.0,93,0.0,5.6,15,-1.4493866525741155,-5.4091846272187825
2017-07-06 03:00:00,25.6,94,0.0,5.2,34,-2.907803098047882,-4.3109953772862175
2017-07-06 04:00:00,25.4,94,0.0,5.4,352,0.7515347451843536,-5.34744757120448
2017-07-06 05:00:00,26.0,91,0.0,3.3,84,-3.2819222547153015,-0.3449439287832565
2017-07-06 06:00:00,26.1,93,0.0,5.3,152,-2.4881992827652217,4.679622242152313
2017-07-06 07:00:00,27.0,89,0.0,1.1,90,-1.1,1.3471114790620887e-16
2017-07-06 08:00:00,28.3,81,0.0,1.5,76,-1.4554435894139948,-0.3628828433995013
2017-07-06 09:00:00,29.6,74,0.0,0.8,27,-0.36319239979163753,-0.7128052193506943
2017-07-06 10:00:00,30.9,70,0.0,3.4,252,3.233592155403522,1.0506577808748212
2017-07-06 11:00:00,31.2,69,0.0,6.9,242,6.092338390726597,3.2393537832226467
2017-07-06 12:00:00,29.7,75,0.9,3.1,234,2.5079526825623373,1.8221342821066668
2017-07-06 13:00:00,29.5,78,0.2,2.6,164,-0.7166571251241975,2.499280409439629
2017-07-06 14:00:00,28.2,81,4.0,4.7,184,0.3278554265973886,4.688551036221174
2017-07-06 15:00:00,26.9,87,0.3,8.4,190,1.4586446924022156,8.272385125302547
2017-07-06 16:00:00,27.6,84,0.0,4.1,142,-2.524212048835199,3.23084408978756
2017-07-06 17:00:00,27.9,84,0.0,2.8,130,-2.144924440733138,1.7998053071223103
2017-07-06 18:00:00,27.8,85,0.0,2.2,81,-2.1729143493093033,-0.3441558230885076
2017-07-06 19:00:00,27.0,93,0.0,2.8,130,-2.144924440733138,1.7998053071223103
2017-07-06 20:00:00,26.3,90,1.2,5.4,184,0.3766849582182763,5.386845871403051
2017-07-06 21:00:00,25.9,91,0.6,13.3,221,8.725585085573748,10.037637416962868
2017-07-06 22:00:00,24.8,95,3.6,10.7,200,3.659615533584656,10.054711042409219
2017-07-06 23:00:00,25.1,93,1.5,6.6,189,1.032467469265524,6.518743047927909
2017-07-07 00:00:00,25.3,94,0.0,2.9,90,-2.9,3.5514757175273243e-16
2017-07-07 01:00:00,25.2,96,0.0,1.6,27,-0.7263847995832751,-1.4256104387013886
2017-07-07 02:00:00,25.4,94,0.0,3.3,193,0.7423384793347542,3.2154212137912763
2017-07-07 03:00:00,25.2,95,0.0,4.4,235,3.604268994871564,2.523736319944603
2017-07-07 04:00:00,25.0,94,0.0,4.8,193,1.0797650608505516,4.676976310969129
2017-07-07 05:00:00,26.1,87,0.0,1.8,180,1.1021821192326179e-16,1.8
2017-07-07 06:00:00,25.8,92,0.0,6.4,232,5.043268823083021,3.9402334420842133
2017-07-07 07:00:00,26.8,88,0.0,5.5,191,1.049449474570997,5.3989495089621515
2017-07-07 08:00:00,27.7,87,0.0,5.3,208,2.4881992827652213,4.679622242152313
2017-07-07 09:00:00,29.5,75,0.0,4.5,194,1.0886485301985045,4.366330768241984
2017-07-07 10:00:00,30.6,71,0.0,8.8,199,2.8649997592229797,8.320563465273988
2017-07-07 11:00:00,31.4,70,0.0,11.4,191,2.175222547292612,11.19054989130337
2017-07-07 12:00:00,32.4,66,0.0,12.8,190,2.2226966741367096,12.605539238556263
2017-07-07 13:00:00,31.9,67,2.5,14.1,183,0.7379369830255099,14.080676440039491
2017-07-07 14:00:00,29.0,80,2.9,4.5,194,1.0886485301985045,4.366330768241984
2017-07-07 15:00:00,29.1,78,0.9,5.8,120,-5.022947341949744,2.8999999999999995
2017-07-07 16:00:00,29.0,81,0.0,4.1,135,-2.8991378028648445,2.899137802864845
2017-07-07 17:00:00,29.1,82,0.1,5.5,157,-2.149021206691006,5.062776693988422
2017-07-07 18:00:00,28.5,86,0.0,5.8,150,-2.8999999999999986,5.022947341949744
2017-07-07 19:00:00,27.3,93,0.0,3.5,156,-1.423578250765301,3.197409101749103
2017-07-07 20:00:00,26.9,90,0.0,4.1,142,-2.524212048835199,3.23084408978756
2017-07-07 21:00:00,26.7,89,0.0,3.1,144,-1.8221342821066664,2.5079526825623373
2017-07-07 22:00:00,26.5,90,0.0,3.3,139,-2.1649947956686737,2.490541614735148
2017-07-07 23:00:00,26.5,88,0.0,3.1,126,-2.507952682562337,1.822134282106667
2017-07-08 00:00:00,26.4,86,0.0,2.5,98,-2.475670171853926,0.3479327524001633
2017-07-08 01:00:00,25.8,89,0.0,3.5,114,-3.197409101749103,1.4235782507653014
2017-07-08 02:00:00,25.9,88,0.0,3.9,146,-2.180852323535912,3.233246532964663
2017-07-08 03:00:00,25.9,87,0.0,4.6,141,-2.894873798829251,3.5748714227020666
2017-07-08 04:00:00,26.2,84,0.0,5.1,141,-3.20953399435417,3.963444403430552
2017-07-08 05:00:00,25.1,90,0.0,3.6,135,-2.545584412271571,2.5455844122715714
2017-07-08 06:00:00,26.0,87,0.0,2.3,108,-2.1874299874788528,0.7107390870623792
2017-07-08 07:00:00,27.7,83,0.0,1.8,143,-1.0832670416736871,1.4375439180851268
2017-07-08 08:00:00,29.3,76,0.0,5.0,240,4.330127018922194,2.4999999999999996
2017-07-08 09:00:00,30.4,73,0.0,8.1,201,2.902780391316933,7.5620014546273335
2017-07-08 10:00:00,30.8,71,0.0,8.3,182,0.289665822630759,8.294943864258496
2017-07-08 11:00:00,31.0,72,0.0,6.9,208,3.239353783222647,6.092338390726596
2017-07-08 12:00:00,31.5,68,0.1,8.7,228,6.46535998165333,5.821436275322066
2017-07-08 13:00:00,30.7,71,0.0,8.0,243,7.128052193506943,3.631923997916374
2017-07-08 14:00:00,30.4,71,0.1,7.2,198,2.224922359499622,6.8476069173251055
2017-07-08 15:00:00,29.4,76,0.1,8.3,162,-2.564841053312063,7.893769085249776
2017-07-08 16:00:00,29.9,74,0.1,4.4,189,0.6883116461770161,4.3458286986186065
2017-07-08 17:00:00,28.3,79,5.1,4.3,114,-3.9282454678631833,1.7489675652259418
2017-07-08 18:00:00,27.9,85,0.0,3.7,79,-3.632020578756357,-0.7059932828932155
2017-07-08 19:00:00,27.0,94,0.0,2.8,40,-1.7998053071223103,-2.144924440733138
2017-07-08 20:00:00,26.7,88,0.0,4.9,36,-2.880147736233119,-3.9641832724372423
2017-07-08 21:00:00,26.5,89,0.0,3.3,6,-0.3449439287832561,-3.281922254715302
2017-07-08 22:00:00,25.7,95,0.0,4.6,18,-1.4214781741247586,-4.3748599749577055
2017-07-08 23:00:00,26.3,90,0.0,3.1,201,1.1109406435904312,2.8940993221413254
2017-07-09 00:00:00,25.8,93,0.0,5.1,231,3.963444403430551,3.2095339943541705
2017-07-09 01:00:00,26.6,87,0.0,3.1,216,1.8221342821066668,2.5079526825623373
2017-07-09 02:00:00,25.8,90,0.0,4.5,119,-3.935788682127281,2.181643291108517
2017-07-09 03:00:00,25.5,90,0.0,3.6,127,-2.8750878361702545,2.1665340833473734
2017-07-09 04:00:00,25.3,89,0.0,4.3,132,-3.195522749552794,2.8772616073430908
2017-07-09 05:00:00,24.8,91,0.0,3.3,103,-3.215421213791276,0.7423384793347552
2017-07-09 06:00:00,25.1,88,0.0,5.1,94,-5.087576656325103,0.35575801609504015
2017-07-09 07:00:00,26.9,83,0.0,1.5,14,-0.36288284339950166,-1.4554435894139948
2017-07-09 08:00:00,28.7,84,0.0,6.1,28,-2.8637765329939335,-5.385980316439454
2017-07-09 09:00:00,29.9,78,0.0,4.3,24,-1.7489675652259404,-3.928245467863184
2017-07-09 10:00:00,30.9,73,0.0,1.4,360,8.572527594031472e-17,-1.4
2017-07-09 11:00:00,31.5,68,0.1,3.8,253,3.6339580726595346,1.1110124779463997
2017-07-09 12:00:00,31.5,68,0.3,5.8,270,5.8,0.0
2017-07-09 13:00:00,29.1,78,3.0,6.5,276,6.4643923198937765,-0.6794350112397476
2017-07-09 14:00:00,29.4,73,0.8,11.6,154,-5.085105302753299,10.426010937070336
2017-07-09 15:00:00,28.5,78,0.8,5.6,165,-1.4493866525741166,5.4091846272187825
2017-07-09 16:00:00,28.7,77,0.0,4.0,153,-1.8159619989581868,3.5640260967534716
2017-07-09 17:00:00,28.9,77,0.0,3.4,148,-1.8017254983928963,2.8833635269318485
2017-07-09 18:00:00,28.5,80,0.0,4.3,138,-2.8772616073430903,3.195522749552795
2017-07-09 19:00:00,27.2,86,0.0,3.9,146,-2.180852323535912,3.233246532964663
2017-07-09 20:00:00,28.2,81,0.0,0.5,315,0.3535533905932738,-0.35355339059327373
2017-07-09 21:00:00,26.9,90,0.0,3.7,191,0.7059932828932162,3.632020578756357
2017-07-09 22:00:00,26.3,94,0.0,4.0,153,-1.8159619989581868,3.5640260967534716
2017-07-09 23:00:00,26.1,93,0.0,4.6,162,-1.4214781741247577,4.374859974957706
2017-07-10 00:00:00,26.2,90,0.0,3.7,151,-1.793795594911447,3.236092916415765
2017-07-10 01:00:00,25.9,91,0.0,5.2,164,-1.433314250248395,4.998560818879258
2017-07-10 02:00:00,26.2,89,0.0,5.5,169,-1.0494494745709964,5.3989495089621515
2017-07-10 03:00:00,25.5,91,0.0,5.4,160,-1.8469087739586112,5.074340152243906
2017-07-10 04:00:00,24.7,93,0.0,6.5,161,-2.116193003971518,6.1458707413955596
2017-07-10 05:00:00,26.1,85,0.0,3.8,139,-2.493024310163927,2.867896404846534
2017-07-10 06:00:00,25.7,88,0.0,2.3,72,-2.187429987478853,-0.7107390870623786
2017-07-10 07:00:00,27.1,84,0.0,4.1,75,-3.96029588778518,-1.0611580849203353
2017-07-10 08:00:00,29.4,73,0.0,3.3,77,-3.2154212137912763,-0.7423384793347544
2017-07-10 09:00:00,30.6,67,0.0,2.6,196,0.7166571251241979,2.499280409439629
2017-07-10 10:00:00,31.3,66,0.0,7.4,223,5.046787864462489,5.412017391981862
2017-07-10 11:00:00,31.9,64,0.0,10.9,207,4.948496447161061,9.71197111365321
2017-07-10 12:00:00,32.1,64,0.0,13.5,205,5.705346533499442,12.235155124994774
2017-07-10 13:00:00,32.1,64,0.2,15.6,214,8.72340929414365,12.932986131858652
2017-07-10 14:00:00,29.6,75,0.3,10.4,180,6.368163355566237e-16,10.4
2017-07-10 15:00:00,29.2,74,0.1,11.8,192,2.453357951649562,11.542141688658907
2017-07-10 16:00:00,29.3,77,0.0,7.2,177,-0.3768188849491957,7.190132650232932
2017-07-10 17:00:00,29.5,76,0.0,8.6,195,2.2258437878816784,8.306962106085987
2017-07-10 18:00:00,29.0,80,0.0,8.0,175,-0.6972459419812659,7.969557584733964
2017-07-10 19:00:00,28.0,85,0.0,6.2,159,-2.2218812871808615,5.788198644282651
2017-07-10 20:00:00,27.4,89,0.0,4.7,157,-1.8364363038995868,4.326372811226469
2017-07-10 21:00:00,27.3,90,0.0,3.1,126,-2.507952682562337,1.822134282106667
2017-07-10 22:00:00,27.0,92,0.0,3.7,151,-1.793795594911447,3.236092916415765
2017-07-10 23:00:00,26.8,90,0.0,4.3,175,-0.3747696938149304,4.283637201794505
2017-07-11 00:00:00,26.8,90,0.0,4.3,180,2.632990618166809e-16,4.3
2017-07-11 01:00:00,26.5,91,0.0,4.2,160,-1.4364846019678086,3.9467090073008158
2017-07-11 02:00:00,26.3,91,0.0,3.8,139,-2.493024310163927,2.867896404846534
2017-07-11 03:00:00,26.2,89,0.0,3.6,127,-2.8750878361702545,2.1665340833473734
2017-07-11 04:00:00,25.7,91,0.0,4.1,135,-2.8991378028648445,2.899137802864845
2017-07-11 05:00:00,25.6,90,0.0,4.4,145,-2.5237363199446032,3.6042689948715636
2017-07-11 06:00:00,26.5,87,0.0,3.8,131,-2.8678964048465336,2.4930243101639276
2017-07-11 07:00:00,28.2,79,0.0,2.5,135,-1.7677669529663687,1.7677669529663689
2017-07-11 08:00:00,29.6,73,0.0,3.7,209,1.7937955949114475,3.2360929164157644
2017-07-11 09:00:00,30.5,72,0.0,8.4,211,4.326319829244455,7.200205325897744
2017-07-11 10:00:00,31.1,70,0.0,11.3,211,5.8199302464836125,9.68599049793387
2017-07-11 11:00:00,31.9,66,0.0,11.3,207,5.1300926470568795,10.068373723328557
2017-07-11 12:00:00,32.4,63,0.0,10.2,198,3.151973342624464,9.700776466210565
2017-07-11 13:00:00,30.3,69,2.7,5.2,205,2.197614961051637,4.7128004925905795
2017-07-11 14:00:00,30.6,70,0.0,6.1,357,0.3192493330819582,-6.0916401620029
2017-07-11 15:00:00,30.4,71,0.8,2.9,187,0.3534210958749277,2.8783838397598336
2017-07-11 16:00:00,29.6,74,0.4,5.1,262,5.050367150582009,0.7097828148963337
2017-07-11 17:00:00,29.2,78,0.0,3.9,292,3.616017032810471,-1.460965714322057
2017-07-11 18:00:00,29.0,80,0.0,3.1,234,2.5079526825623373,1.8221342821066668
2017-07-11 19:00:00,27.5,90,0.0,2.5,98,-2.475670171853926,0.3479327524001633
2017-07-11 20:00:00,26.9,92,0.0,4.7,58,-3.9858260519352027,-2.4906205418960625
2017-07-11 21:00:00,26.8,93,0.0,5.3,28,-2.488199282765221,-4.679622242152313
2017-07-11 22:00:00,26.6,93,0.0,4.7,58,-3.9858260519352027,-2.4906205418960625
2017-07-11 23:00:00,26.5,93,0.0,3.6,84,-3.580278823325784,-0.3763024677635526
2017-07-12 00:00:00,26.3,94,0.0,4.5,61,-3.9357886821272814,-2.181643291108516
2017-07-12 01:00:00,26.3,93,0.0,4.3,66,-3.9282454678631837,-1.7489675652259409
2017-07-12 02:00:00,26.1,93,0.0,5.1,45,-3.606244584051393,-3.606244584051392
2017-07-12 03:00:00,25.7,94,0.0,5.6,40,-3.5996106142446207,-4.289848881466276
2017-07-12 04:00:00,25.4,94,0.0,5.7,35,-3.2693856872009643,-4.669166652447252
2017-07-12 05:00:00,25.0,95,0.0,4.7,32,-2.490620541896064,-3.9858260519352022
2017-07-12 06:00:00,25.6,92,0.0,6.0,33,-3.267834210090162,-5.032023407672544
2017-07-12 07:00:00,27.3,85,0.0,5.1,39,-3.2095339943541727,-3.96344440343055
2017-07-12 08:00:00,29.4,76,0.0,5.6,27,-2.5423467985414625,-4.989636535454859
2017-07-12 09:00:00,30.6,73,0.0,4.8,13,-1.0797650608505531,-4.6769763109691285
2017-07-12 10:00:00,31.6,70,0.0,2.6,326,1.4539015490239418,-2.1554976886431088
2017-07-12 11:00:00,31.8,68,0.1,5.6,297,4.98963653545486,-2.5423467985414616
2017-07-12 12:00:00,30.5,74,0.2,6.8,328,3.603450996785793,-5.766727053863696
2017-07-12 13:00:00,28.8,77,3.5,5.6,40,-3.5996106142446207,-4.289848881466276
2017-07-12 14:00:00,29.1,76,0.1,2.5,82,-2.475670171853926,-0.3479327524001638
2017-07-12 15:00:00,29.7,75,0.0,3.3,84,-3.2819222547153015,-0.3449439287832565
2017-07-12 16:00:00,29.7,77,0.0,6.2,69,-5.788198644282651,-2.221881287180863
2017-07-12 17:00:00,29.6,77,0.0,4.9,54,-3.964183272437243,-2.880147736233118
2017-07-12 18:00:00,29.2,82,0.0,2.9,90,-2.9,3.5514757175273243e-16
2017-07-12 19:00:00,28.8,82,0.0,1.8,79,-1.7669289302057951,-0.3434561916777805
2017-07-12 20:00:00,27.9,86,0.0,2.5,98,-2.475670171853926,0.3479327524001633
2017-07-12 21:00:00,28.1,85,0.0,1.9,22,-0.7117525274902333,-1.7616493236768958
2017-07-12 22:00:00,27.9,86,0.0,2.5,8,-0.3479327524001646,-2.475670171853926
2017-07-12 23:00:00,27.7,86,0.0,2.3,51,-1.7874357113510326,-1.4474368994146265
2017-07-13 00:00:00,27.6,87,0.0,2.3,39,-1.447436899414627,-1.7874357113510322
2017-07-13 01:00:00,26.1,93,0.0,3.6,45,-2.545584412271572,-2.545584412271571
2017-07-13 02:00:00,26.0,92,0.0,3.6,45,-2.545584412271572,-2.545584412271571
2017-07-13 03:00:00,25.9,91,0.0,2.6,56,-2.1554976886431088,-1.4539015490239415
2017-07-13 04:00:00,25.6,91,0.0,3.3,41,-2.1649947956686737,-2.4905416147351476
2017-07-13 05:00:00,25.1,92,0.0,4.5,29,-2.1816432911085157,-3.935788682127282
2017-07-13 06:00:00,26.3,88,0.0,3.4,32,-1.801725498392897,-2.883363526931848
2017-07-13 07:00:00,28.0,84,0.0,4.9,17,-1.4326213531414118,-4.685893304218873
2017-07-13 08:00:00,29.1,79,0.0,3.5,24,-1.4235782507653003,-3.1974091017491033
2017-07-13 09:00:00,30.1,72,0.0,3.5,24,-1.4235782507653003,-3.1974091017491033
2017-07-13 10:00:00,30.9,68,0.0,3.3,13,-0.7423384793347553,-3.215421213791276
2017-07-13 11:00:00,31.5,68,0.0,4.3,336,1.7489675652259409,-3.9282454678631837
2017-07-13 12:00:00,31.1,69,0.4,9.2,329,4.738350289172498,-7.8859391664594325
2017-07-13 13:00:00,30.2,75,0.1,6.8,357,0.35588450245201897,-6.790680836331102
2017-07-13 14:00:00,30.0,74,0.5,9.1,56,-7.54424191025088,-5.088655421583795
2017-07-13 15:00:00,29.2,80,0.0,4.7,90,-4.7,5.755839955992561e-16
2017-07-13 16:00:00,29.3,79,0.0,2.6,74,-2.499280409439629,-0.7166571251241974
2017-07-13 17:00:00,29.4,80,0.0,5.2,56,-4.3109953772862175,-2.907803098047883
2017-07-13 18:00:00,28.9,83,0.0,4.4,81,-4.3458286986186065,-0.6883116461770152
2017-07-13 19:00:00,27.6,92,0.0,2.8,130,-2.144924440733138,1.7998053071223103
2017-07-13 20:00:00,27.0,93,0.0,2.7,113,-2.485363104321589,1.0549740469210394
2017-07-13 21:00:00,27.1,93,0.0,4.1,165,-1.0611580849203355,3.96029588778518
2017-07-13 22:00:00,26.9,92,0.0,3.5,156,-1.423578250765301,3.197409101749103
2017-07-13 23:00:00,26.6,91,0.0,2.8,140,-1.7998053071223101,2.1449244407331385
2017-07-14 00:00:00,26.2,91,0.0,3.9,146,-2.180852323535912,3.233246532964663
2017-07-14 01:00:00,26.0,90,0.0,4.0,117,-3.564026096753471,1.8159619989581874
2017-07-14 02:00:00,25.8,90,0.0,4.7,86,-4.688551036221174,-0.3278554265973888
2017-07-14 03:00:00,25.3,92,0.0,4.5,76,-4.366330768241984,-1.0886485301985038
2017-07-14 04:00:00,25.4,93,0.0,2.5,82,-2.475670171853926,-0.3479327524001638
2017-07-14 05:00:00,25.1,96,0.0,1.6,63,-1.4256104387013888,-0.7263847995832747
2017-07-14 06:00:00,26.0,91,0.0,2.7,23,-1.0549740469210394,-2.4853631043215887
2017-07-14 07:00:00,27.3,87,0.0,4.3,5,-0.37476969381493047,-4.283637201794505
2017-07-14 08:00:00,29.0,77,0.0,4.1,15,-1.0611580849203346,-3.96029588778518
2017-07-14 09:00:00,30.0,74,0.0,4.5,14,-1.088648530198505,-4.366330768241984
2017-07-14 10:00:00,30.7,71,0.0,5.8,356,0.40458754771592637,-5.78587149150698
2017-07-14 11:00:00,30.8,70,0.0,8.1,315,5.727564927611035,-5.727564927611034
2017-07-14 12:00:00,30.5,73,0.0,4.6,309,3.5748714227020657,-2.8948737988292517
2017-07-14 13:00:00,29.4,76,3.9,5.6,45,-3.9597979746446668,-3.9597979746446654
2017-07-14 14:00:00,29.2,79,0.2,3.3,103,-3.215421213791276,0.7423384793347552
2017-07-14 15:00:00,29.7,76,1.6,5.7,72,-5.421022142882376,-1.7613968679371996
2017-07-14 16:00:00,29.0,80,0.0,8.2,52,-6.46168817957512,-5.048424097670397
2017-07-14 17:00:00,28.8,80,0.0,6.5,34,-3.6347538725598527,-5.388744221607772
2017-07-14 18:00:00,28.5,82,0.0,4.0,10,-0.6945927106677213,-3.939231012048832
2017-07-14 19:00:00,27.6,87,0.0,6.5,360,3.9801020972288977e-16,-6.5
2017-07-14 20:00:00,27.3,88,0.0,5.1,8,-0.7097828148963357,-5.050367150582008
2017-07-14 21:00:00,27.2,90,0.0,4.0,27,-1.8159619989581877,-3.564026096753471
2017-07-14 22:00:00,26.8,92,0.0,4.9,36,-2.880147736233119,-3.9641832724372423
2017-07-14 23:00:00,26.5,91,0.0,5.4,20,-1.8469087739586103,-5.074340152243906
2017-07-15 00:00:00,26.3,91,0.0,3.8,73,-3.6339580726595346,-1.1110124779463997
2017-07-15 01:00:00,26.5,90,0.0,5.1,94,-5.087576656325103,0.35575801609504015
2017-07-15 02:00:00,26.4,89,0.0,5.5,67,-5.062776693988422,-2.1490212066910046
2017-07-15 03:00:00,26.2,88,0.0,5.2,65,-4.71280049259058,-2.1976149610516362
2017-07-15 04:00:00,26.0,87,0.0,5.9,52,-4.64926344627966,-3.6324027044213834
2017-07-15 05:00:00,25.9,86,0.0,6.5,34,-3.6347538725598527,-5.388744221607772
2017-07-15 06:00:00,26.2,84,0.0,8.9,32,-4.716281451675525,-7.547628055792192
2017-07-15 07:00:00,27.5,80,0.0,12.0,16,-3.3076482698039866,-11.535140351259829
2017-07-15 08:00:00,28.8,80,0.0,13.6,12,-2.8275989951215332,-13.302807369979755
2017-07-15 09:00:00,30.1,76,0.0,12.3,7,-1.4989929238833102,-12.208317665188263
2017-07-15 10:00:00,31.0,71,0.0,10.4,360,6.368163355566237e-16,-10.4
2017-07-15 11:00:00,31.4,68,0.0,10.5,356,0.732442974313315,-10.474422527728153
2017-07-15 12:00:00,31.8,67,0.0,8.0,10,-1.3891854213354426,-7.878462024097664
2017-07-15 13:00:00,30.8,70,0.1,7.2,333,3.268731598124737,-6.415246974156248
2017-07-15 14:00:00,30.5,72,0.0,4.0,5,-0.348622970990633,-3.984778792366982
2017-07-15 15:00:00,30.5,72,0.1,3.4,72,-3.2335921554035223,-1.0506577808748208
2017-07-15 16:00:00,29.3,76,0.4,7.2,323,4.333068166694749,-5.750175672340508
2017-07-15 17:00:00,28.7,79,0.0,5.8,300,5.022947341949744,-2.8999999999999995
2017-07-15 18:00:00,28.8,79,0.0,1.3,214,0.7269507745119709,1.0777488443215544
2017-07-15 19:00:00,27.6,87,0.0,4.0,175,-0.34862297099063294,3.984778792366982
2017-07-15 20:00:00,27.3,89,0.0,6.5,177,-0.34018371557913496,6.49109197590473
2017-07-15 21:00:00,27.1,88,0.0,5.4,200,1.8469087739586119,5.074340152243905
2017-07-15 22:00:00,26.8,89,0.0,4.5,194,1.0886485301985045,4.366330768241984
2017-07-15 23:00:00,26.6,89,0.0,4.0,170,-0.6945927106677212,3.939231012048832
2017-07-16 00:00:00,26.2,91,0.0,4.1,128,-3.2308440897875594,2.5242120488351993
2017-07-16 01:00:00,26.0,91,0.0,2.7,113,-2.485363104321589,1.0549740469210394
2017-07-16 02:00:00,26.0,89,0.0,1.8,90,-1.8,2.2043642384652358e-16
2017-07-16 03:00:00,26.0,88,0.0,3.3,49,-2.490541614735148,-2.1649947956686733
2017-07-16 04:00:00,25.7,90,0.0,3.9,56,-3.233246532964663,-2.180852323535912
2017-07-16 05:00:00,25.6,90,0.0,4.1,38,-2.524212048835198,-3.2308440897875603
2017-07-16 06:00:00,26.3,87,0.0,4.4,9,-0.6883116461770166,-4.345828698618606
2017-07-16 07:00:00,27.4,83,0.0,6.2,339,2.2218812871808624,-5.788198644282651
2017-07-16 08:00:00,28.3,79,0.0,3.4,18,-1.0506577808748216,-3.233592155403522
2017-07-16 09:00:00,29.6,72,0.0,4.2,20,-1.436484601967808,-3.9467090073008158
2017-07-16 10:00:00,30.5,70,0.0,7.7,11,-1.4692292643993936,-7.558529312547013
2017-07-16 11:00:00,31.0,69,0.0,10.7,346,2.588564282916444,-10.382164271153162
2017-07-16 12:00:00,30.9,71,0.0,10.4,340,3.557009490586956,-9.772803256173447
2017-07-16 13:00:00,31.4,69,0.0,9.4,353,1.1455718280083864,-9.329933825428427
2017-07-16 14:00:00,31.3,68,0.1,6.3,31,-3.2447398719333433,-5.400153994423306
2017-07-16 15:00:00,30.6,71,0.0,7.9,93,-7.889173324561134,0.4134540543192561
2017-07-16 16:00:00,30.6,71,0.0,4.7,184,0.3278554265973886,4.688551036221174
2017-07-16 17:00:00,30.0,75,0.1,5.5,247,5.062776693988422,2.149021206691006
2017-07-16 18:00:00,29.1,81,0.0,7.1,210,3.5500000000000007,6.148780366869514
2017-07-16 19:00:00,27.8,87,0.0,9.1,214,5.088655421583796,7.5442419102508795
2017-07-16 20:00:00,27.8,87,0.0,9.6,193,2.159530121701103,9.353952621938259
2017-07-16 21:00:00,27.2,88,0.0,8.4,211,4.326319829244455,7.200205325897744
2017-07-16 22:00:00,26.7,89,0.0,6.5,214,3.634753872559854,5.388744221607771
2017-07-16 23:00:00,27.2,84,0.0,3.0,166,-0.7257656867990033,2.9108871788279895
2017-07-17 00:00:00,26.3,89,0.0,2.3,51,-1.7874357113510326,-1.4474368994146265
2017-07-17 01:00:00,26.2,90,0.0,4.3,42,-2.87726160734309,-3.195522749552796
2017-07-17 02:00:00,26.2,89,0.0,6.6,68,-6.1194134401407965,-2.472403516545019
2017-07-17 03:00:00,26.5,87,0.0,8.4,47,-6.143371093601033,-5.7287862245249865
2017-07-17 04:00:00,26.4,87,0.0,6.2,54,-5.015905365124675,-3.644268564213333
2017-07-17 05:00:00,26.2,87,0.0,6.9,51,-5.362307134053099,-4.34231069824388
2017-07-17 06:00:00,26.7,84,0.0,8.7,52,-6.855693556378481,-5.3562548353332256
2017-07-17 07:00:00,28.0,80,0.0,9.4,43,-6.410784584587487,-6.874724795220202
2017-07-17 08:00:00,28.0,77,0.0,6.2,80,-6.10580806867569,-1.0766187015349689
2017-07-17 09:00:00,28.6,73,0.0,4.2,239,3.600102662948872,2.1631599146222276
2017-07-17 10:00:00,29.0,76,0.6,5.7,215,3.269385687200963,4.669166652447253
2017-07-17 11:00:00,28.7,82,0.0,4.1,218,2.524212048835199,3.23084408978756
2017-07-17 12:00:00,29.2,80,0.0,4.0,333,1.8159619989581872,-3.564026096753471
2017-07-17 13:00:00,29.7,75,0.0,4.8,333,2.1791543987498248,-4.276831316104166
2017-07-17 14:00:00,30.0,74,0.0,7.4,331,3.587591189822895,-6.472185832831529
2017-07-17 15:00:00,29.7,78,1.0,7.1,330,3.5500000000000007,-6.148780366869514
2017-07-17 16:00:00,29.4,81,0.0,7.5,343,2.192787785420526,-7.172285669722766
2017-07-17 17:00:00,28.5,84,0.0,6.8,360,4.1637991171010006e-16,-6.8
2017-07-17 18:00:00,28.0,87,0.0,5.5,349,1.049449474570997,-5.3989495089621515
2017-07-17 19:00:00,27.3,91,0.0,4.9,36,-2.880147736233119,-3.9641832724372423
2017-07-17 20:00:00,27.1,88,0.0,5.8,353,0.7068421917498554,-5.756767679519667
2017-07-17 21:00:00,26.9,91,0.0,3.8,343,1.1110124779463997,-3.6339580726595346
2017-07-17 22:00:00,27.4,85,0.0,3.1,315,2.1920310216782974,-2.192031021678297
2017-07-17 23:00:00,26.4,92,0.0,3.6,354,0.3763024677635525,-3.580278823325784
2017-07-18 00:00:00,26.2,93,0.0,3.9,68,-3.616017032810471,-1.460965714322057
2017-07-18 01:00:00,26.0,94,0.0,3.1,36,-1.822134282106667,-2.507952682562337
2017-07-18 02:00:00,26.1,91,0.0,4.7,9,-0.7352419856890859,-4.6421352007971475
2017-07-18 03:00:00,25.8,92,0.0,4.6,18,-1.4214781741247586,-4.3748599749577055
2017-07-18 04:00:00,25.8,91,0.0,3.8,41,-2.4930243101639276,-2.8678964048465336
2017-07-18 05:00:00,26.0,87,0.0,6.8,25,-2.873804179836754,-6.16289295184922
2017-07-18 06:00:00,26.3,83,0.0,8.3,34,-4.6413010988071965,-6.881011852206848
2017-07-18 07:00:00,27.4,80,0.0,8.8,19,-2.864999759222979,-8.320563465273988
2017-07-18 08:00:00,29.2,78,0.0,7.6,360,4.653657836759942e-16,-7.6
2017-07-18 09:00:00,30.0,77,0.0,9.0,2,-0.31409547032250684,-8.994517443171862
2017-07-18 10:00:00,31.1,72,0.0,7.2,360,4.4087284769304716e-16,-7.2
2017-07-18 11:00:00,31.8,68,0.0,4.1,345,1.061158084920335,-3.96029588778518
2017-07-18 12:00:00,32.6,66,0.0,5.8,356,0.40458754771592637,-5.78587149150698
2017-07-18 13:00:00,31.9,73,0.1,5.0,339,1.791839747726502,-4.667902132486009
2017-07-18 14:00:00,30.4,76,0.8,2.6,164,-0.7166571251241975,2.499280409439629
2017-07-18 15:00:00,29.5,78,4.0,6.9,129,-5.3623071340531,4.342310698243878
2017-07-18 16:00:00,28.6,81,0.0,3.1,45,-2.192031021678298,-2.192031021678297
2017-07-18 17:00:00,28.6,82,0.0,2.3,342,0.7107390870623791,-2.1874299874788528
2017-07-18 18:00:00,28.6,83,0.0,0.8,153,-0.36319239979163737,0.7128052193506944
2017-07-18 19:00:00,27.7,89,0.0,3.6,90,-3.6,4.4087284769304716e-16
2017-07-18 20:00:00,27.8,93,0.0,4.5,119,-3.935788682127281,2.181643291108517
2017-07-18 21:00:00,27.5,94,0.0,3.0,104,-2.9108871788279895,0.7257656867990032
2017-07-18 22:00:00,27.2,92,0.0,4.0,95,-3.984778792366982,0.3486229709906328
2017-07-18 23:00:00,26.6,93,0.0,2.2,90,-2.2,2.6942229581241775e-16
2017-07-19 00:00:00,26.5,91,0.0,2.5,98,-2.475670171853926,0.3479327524001633
2017-07-19 01:00:00,26.2,90,0.0,3.0,104,-2.9108871788279895,0.7257656867990032
2017-07-19 02:00:00,26.6,85,0.0,1.8,53,-1.437543918085127,-1.0832670416736871
2017-07-19 03:00:00,25.6,93,0.0,5.2,326,2.9078030980478835,-4.3109953772862175
2017-07-19 04:00:00,26.2,90,0.0,0.7000000000000001,90,-0.7000000000000001,8.572527594031473e-17
2017-07-19 05:00:00,25.2,94,0.0,1.9,68,-1.761649323676896,-0.7117525274902328
2017-07-19 06:00:00,26.0,91,0.0,3.4,18,-1.0506577808748216,-3.233592155403522
2017-07-19 07:00:00,27.0,89,0.0,4.7,9,-0.7352419856890859,-4.6421352007971475
2017-07-19 08:00:00,28.7,77,0.0,6.4,16,-1.7640790772287929,-6.152074854005242
2017-07-19 09:00:00,30.1,70,0.0,5.8,30,-2.9000000000000026,-5.022947341949743
2017-07-19 10:00:00,31.0,67,0.0,6.3,24,-2.5624408513775405,-5.755336383148386
2017-07-19 11:00:00,31.8,66,0.0,3.7,29,-1.7937955949114464,-3.2360929164157652
2017-07-19 12:00:00,32.1,65,0.0,3.6,354,0.3763024677635525,-3.580278823325784
2017-07-19 13:00:00,31.3,71,0.0,7.1,311,5.358438019581681,-4.658019105832602
2017-07-19 14:00:00,30.7,73,0.5,4.4,305,3.604268994871564,-2.523736319944603
2017-07-19 15:00:00,29.3,75,0.8,3.0,14,-0.7257656867990033,-2.9108871788279895
2017-07-19 16:00:00,29.1,78,0.0,3.8,197,1.1110124779463997,3.6339580726595346
2017-07-19 17:00:00,28.4,82,0.0,2.3,162,-0.7107390870623789,2.187429987478853
2017-07-19 18:00:00,28.1,84,0.0,1.5,135,-1.0606601717798212,1.0606601717798214
2017-07-19 19:00:00,27.1,91,0.0,2.4,153,-1.089577199374912,2.138415658052083
2017-07-19 20:00:00,28.2,84,0.0,1.1,108,-1.0461621679246689,0.3399186938124423
2017-07-19 21:00:00,27.4,88,0.0,3.3,193,0.7423384793347542,3.2154212137912763
2017-07-19 22:00:00,26.9,91,0.0,3.7,169,-0.7059932828932158,3.632020578756357
2017-07-19 23:00:00,26.5,93,0.0,2.5,135,-1.7677669529663687,1.7677669529663689
2017-07-20 00:00:00,26.2,93,0.0,2.9,83,-2.878383839759834,-0.3534210958749272
2017-07-20 01:00:00,26.1,92,0.0,3.4,58,-2.8833635269318485,-1.8017254983928963
2017-07-20 02:00:00,25.9,93,0.0,3.9,56,-3.233246532964663,-2.180852323535912
2017-07-20 03:00:00,25.7,93,0.0,5.2,25,-2.197614961051636,-4.71280049259058
2017-07-20 04:00:00,25.9,92,0.0,4.3,5,-0.37476969381493047,-4.283637201794505
2017-07-20 05:00:00,25.7,92,0.0,4.2,20,-1.436484601967808,-3.9467090073008158
2017-07-20 06:00:00,26.2,87,0.0,5.2,25,-2.197614961051636,-4.71280049259058
2017-07-20 07:00:00,27.4,81,0.0,7.0,12,-1.4553818357243185,-6.847033205136639
2017-07-20 08:00:00,29.4,74,0.0,8.7,5,-0.7582549619046267,-8.666893873398186
2017-07-20 09:00:00,30.4,68,0.0,8.3,5,-0.7233926648055635,-8.268415994161488
2017-07-20 10:00:00,31.1,68,0.0,6.9,6,-0.7212463965468082,-6.862201078041087
2017-07-20 11:00:00,31.5,68,0.0,6.2,7,-0.7555899291119125,-6.153786140176197
2017-07-20 12:00:00,31.6,68,0.0,6.9,354,0.7212463965468089,-6.862201078041086
2017-07-20 13:00:00,31.2,70,0.1,4.0,350,0.6945927106677217,-3.939231012048832
2017-07-20 14:00:00,30.3,70,0.9,2.4,27,-1.0895771993749126,-2.138415658052083
2017-07-20 15:00:00,30.6,73,0.0,6.6,41,-4.329989591337347,-4.981083229470295
2017-07-20 16:00:00,30.1,74,0.0,8.3,56,-6.881011852206848,-4.641301098807197
2017-07-20 17:00:00,30.0,74,0.0,3.0,14,-0.7257656867990033,-2.9108871788279895
2017-07-20 18:00:00,29.8,76,0.0,0.8,207,0.3631923997916375,0.7128052193506943
2017-07-20 19:00:00,28.2,85,0.0,4.2,200,1.436484601967809,3.9467090073008153
2017-07-20 20:00:00,27.5,84,0.0,7.2,87,-7.190132650232932,-0.3768188849491937
2017-07-20 21:00:00,27.2,90,0.0,3.3,49,-2.490541614735148,-2.1649947956686733
2017-07-20 22:00:00,27.0,89,0.0,2.6,74,-2.499280409439629,-0.7166571251241974
2017-07-20 23:00:00,26.4,92,0.0,3.8,41,-2.4930243101639276,-2.8678964048465336
2017-07-21 00:00:00,26.2,93,0.0,3.3,41,-2.1649947956686737,-2.4905416147351476
2017-07-21 01:00:00,26.0,93,0.0,3.4,58,-2.8833635269318485,-1.8017254983928963
2017-07-21 02:00:00,25.7,92,0.0,3.2,63,-2.8512208774027776,-1.4527695991665495
2017-07-21 03:00:00,25.6,91,0.0,2.9,90,-2.9,3.5514757175273243e-16
2017-07-21 04:00:00,25.8,87,0.0,2.7,67,-2.485363104321589,-1.0549740469210387
2017-07-21 05:00:00,25.8,87,0.0,4.5,29,-2.1816432911085157,-3.935788682127282
2017-07-21 06:00:00,26.3,86,0.0,6.4,27,-2.9055391983331003,-5.702441754805554
2017-07-21 07:00:00,27.6,84,0.0,7.0,21,-2.508575646817105,-6.535062985480412
2017-07-21 08:00:00,29.0,78,0.0,8.4,31,-4.326319829244458,-7.200205325897742
2017-07-21 09:00:00,30.2,72,0.0,9.6,20,-3.283393375926418,-9.02104915954472
2017-07-21 10:00:00,30.6,71,0.0,10.5,6,-1.0975488643103604,-10.442479901366871
2017-07-21 11:00:00,31.4,66,0.0,9.7,2,-0.33852511801425733,-9.694091022085228
2017-07-21 12:00:00,31.7,65,0.0,10.8,358,0.3769145643870117,-10.793420931806235
2017-07-21 13:00:00,31.7,67,0.0,12.7,345,3.2870018728020134,-12.267257993871167
2017-07-21 14:00:00,31.5,68,0.0,10.0,334,4.383711467890775,-8.98794046299167
2017-07-21 15:00:00,31.3,70,0.0,6.5,354,0.6794350112397475,-6.4643923198937765
2017-07-21 16:00:00,31.0,70,0.0,4.0,360,2.4492935982947064e-16,-4.0
2017-07-21 17:00:00,30.5,71,0.0,2.3,39,-1.447436899414627,-1.7874357113510322
2017-07-21 18:00:00,29.9,78,0.0,1.4,360,8.572527594031472e-17,-1.4
2017-07-21 19:00:00,28.6,86,0.0,4.4,235,3.604268994871564,2.523736319944603
2017-07-21 20:00:00,28.0,86,0.0,5.9,313,4.314986839553106,-4.023790324368742
2017-07-21 21:00:00,27.7,91,0.0,5.7,288,5.421022142882375,-1.7613968679372003
2017-07-21 22:00:00,28.0,86,0.0,2.2,189,0.34415582308850806,2.1729143493093033
2017-07-21 23:00:00,27.4,88,0.0,2.5,188,0.34793275240016364,2.475670171853926
2017-07-22 00:00:00,27.2,88,0.0,5.8,180,3.5514757175273243e-16,5.8
2017-07-22 01:00:00,27.0,89,0.0,4.1,135,-2.8991378028648445,2.899137802864845
2017-07-22 02:00:00,26.8,90,0.0,3.2,90,-3.2,3.9188697572715305e-16
2017-07-22 03:00:00,26.3,93,0.0,2.5,90,-2.5,3.061616997868383e-16
2017-07-22 04:00:00,26.1,93,0.0,2.1,31,-1.0815799573111144,-1.8000513314744355
2017-07-22 05:00:00,26.2,91,0.0,3.1,21,-1.1109406435904323,-2.894099322141325
2017-07-22 06:00:00,26.8,88,0.0,4.6,39,-2.894873798829254,-3.5748714227020644
2017-07-22 07:00:00,27.8,82,0.0,5.5,32,-2.9145559532826275,-4.664264528860342
2017-07-22 08:00:00,29.0,77,0.0,8.8,19,-2.864999759222979,-8.320563465273988
2017-07-22 09:00:00,30.3,69,0.0,9.2,11,-1.7554427574642102,-9.030970087718508
2017-07-22 10:00:00,31.1,65,0.0,7.6,3,-0.39775326744637673,-7.589584464134761
2017-07-22 11:00:00,31.4,65,0.0,8.8,348,1.8296228791962834,-8.60769888645749
2017-07-22 12:00:00,32.0,62,0.0,6.2,339,2.2218812871808624,-5.788198644282651
2017-07-22 13:00:00,31.3,68,0.0,9.9,303,8.302838622659698,-5.391926446648768
2017-07-22 14:00:00,31.2,69,0.0,8.8,305,7.208537989743128,-5.047472639889206
2017-07-22 15:00:00,30.6,73,0.0,8.3,268,8.294943864258496,0.2896658226307581
2017-07-22 16:00:00,30.7,71,0.0,5.7,235,4.669166652447253,3.2693856872009626
2017-07-22 17:00:00,30.5,72,0.0,6.4,196,1.7640790772287946,6.1520748540052415
2017-07-22 18:00:00,29.4,78,0.0,11.5,200,3.9332316482451914,10.806465139037945
2017-07-22 19:00:00,28.3,83,0.0,10.1,186,1.0557374790032998,10.04467114321956
2017-07-22 20:00:00,28.3,87,0.0,5.2,192,1.0811407922523493,5.086367523815789
2017-07-22 21:00:00,28.5,85,0.0,6.2,190,1.0766187015349686,6.10580806867569
2017-07-22 22:00:00,28.0,88,0.0,7.6,188,1.0577155672964975,7.5260373224359345
2017-07-22 23:00:00,27.7,90,0.0,7.2,183,0.3768188849491966,7.190132650232932
2017-07-23 00:00:00,27.5,93,0.0,5.4,184,0.3766849582182763,5.386845871403051
2017-07-23 01:00:00,27.8,93,0.0,4.5,209,2.181643291108517,3.935788682127281
2017-07-23 02:00:00,27.5,94,0.2,6.5,236,5.38874422160777,3.634753872559855
2017-07-23 03:00:00,27.2,91,0.6,2.7,203,1.0549740469210391,2.485363104321589
2017-07-23 04:00:00,26.7,94,1.9,3.1,249,2.8940993221413254,1.1109406435904308
2017-07-23 05:00:00,26.1,93,4.2,2.2,99,-2.172914349309303,0.3441558230885082
2017-07-23 06:00:00,24.9,98,14.5,7.4,67,-6.811735915548059,-2.8914103508206246
2017-07-23 07:00:00,24.5,94,16.2,5.3,62,-4.679622242152313,-2.4881992827652213
2017-07-23 08:00:00,28.5,86,0.7000000000000001,5.6,195,1.4493866525741161,5.4091846272187825
2017-07-23 09:00:00,29.8,79,0.0,5.6,207,2.542346798541462,4.989636535454859
2017-07-23 10:00:00,30.5,76,0.0,7.1,246,6.486172749262466,2.8878301658381815
2017-07-23 11:00:00,31.5,71,0.4,7.6,262,7.5260373224359345,1.0577155672964973
2017-07-23 12:00:00,30.4,74,1.0,4.8,243,4.276831316104166,2.1791543987498243
2017-07-23 13:00:00,30.6,75,0.1,5.4,184,0.3766849582182763,5.386845871403051
2017-07-23 14:00:00,28.3,84,4.1,7.3,189,1.1419715947936857,7.210124886344506
2017-07-23 15:00:00,28.1,84,0.7000000000000001,5.1,98,-5.050367150582009,0.7097828148963331
2017-07-23 16:00:00,28.6,84,0.1,4.3,66,-3.9282454678631837,-1.7489675652259409
2017-07-23 17:00:00,28.9,82,0.1,2.7,67,-2.485363104321589,-1.0549740469210387
2017-07-23 18:00:00,28.7,84,0.0,3.3,174,-0.3449439287832567,3.2819222547153015
2017-07-23 19:00:00,27.7,89,0.0,2.8,130,-2.144924440733138,1.7998053071223103
2017-07-23 20:00:00,27.7,89,0.0,3.8,139,-2.493024310163927,2.867896404846534
2017-07-23 21:00:00,27.6,91,0.0,3.3,167,-0.7423384793347546,3.2154212137912763
2017-07-23 22:00:00,27.1,93,0.0,5.0,201,1.791839747726502,4.667902132486009
2017-07-23 23:00:00,26.7,94,0.0,5.7,215,3.269385687200963,4.669166652447253
2017-07-24 00:00:00,26.6,93,0.0,4.6,219,2.894873798829252,3.5748714227020657
2017-07-24 01:00:00,26.5,92,0.0,5.4,217,3.2498011250210617,4.312631754255381
2017-07-24 02:00:00,26.3,94,0.0,4.7,203,1.8364363038995866,4.32637281122647
2017-07-24 03:00:00,26.2,94,0.0,4.0,180,2.4492935982947064e-16,4.0
2017-07-24 04:00:00,26.3,92,0.2,2.9,120,-2.511473670974872,1.4499999999999997
2017-07-24 05:00:00,25.9,95,0.1,3.3,174,-0.3449439287832567,3.2819222547153015
2017-07-24 06:00:00,26.2,90,0.1,3.5,204,1.4235782507653008,3.197409101749103
2017-07-24 07:00:00,26.8,89,0.0,2.1,121,-1.8000513314744357,1.0815799573111142
2017-07-24 08:00:00,28.2,83,0.0,2.9,90,-2.9,3.5514757175273243e-16
2017-07-24 09:00:00,29.5,78,0.0,2.8,50,-2.1449244407331385,-1.7998053071223097
2017-07-24 10:00:00,30.6,73,0.0,3.6,360,2.2043642384652358e-16,-3.6
2017-07-24 11:00:00,31.5,69,0.2,5.2,326,2.9078030980478835,-4.3109953772862175
2017-07-24 12:00:00,31.5,73,0.7000000000000001,7.1,319,4.658019105832602,-5.358438019581681
2017-07-24 13:00:00,31.1,76,0.0,5.9,317,4.023790324368742,-4.314986839553106
2017-07-24 14:00:00,30.6,79,0.3,3.7,299,3.2360929164157644,-1.7937955949114472
2017-07-24 15:00:00,29.6,78,1.1,8.7,85,-8.666893873398186,-0.758254961904624
2017-07-24 16:00:00,29.4,78,0.0,8.0,117,-7.128052193506942,3.631923997916375
2017-07-24 17:00:00,29.0,81,0.0,3.8,197,1.1110124779463997,3.6339580726595346
2017-07-24 18:00:00,28.7,83,0.0,4.6,225,3.2526911934581184,3.252691193458118
2017-07-24 19:00:00,27.5,91,0.0,3.7,209,1.7937955949114475,3.2360929164157644
2017-07-24 20:00:00,27.2,91,0.0,5.4,184,0.3766849582182763,5.386845871403051
2017-07-24 21:00:00,27.3,89,0.0,4.4,189,0.6883116461770161,4.3458286986186065
2017-07-24 22:00:00,27.0,90,0.0,4.2,200,1.436484601967809,3.9467090073008153
2017-07-24 23:00:00,26.8,90,0.0,5.2,196,1.4333142502483958,4.998560818879258
2017-07-25 00:00:00,26.5,92,0.0,4.4,189,0.6883116461770161,4.3458286986186065
2017-07-25 01:00:00,26.1,94,0.0,4.8,153,-2.179154398749824,4.276831316104166
2017-07-25 02:00:00,26.1,93,0.0,3.3,131,-2.4905416147351476,2.1649947956686737
2017-07-25 03:00:00,25.8,95,0.0,4.3,132,-3.195522749552794,2.8772616073430908
2017-07-25 04:00:00,26.1,93,0.0,4.5,151,-2.1816432911085166,3.9357886821272814
2017-07-25 05:00:00,26.9,88,0.0,3.4,162,-1.050657780874821,3.2335921554035223
2017-07-25 06:00:00,27.6,83,0.0,1.1,90,-1.1,1.3471114790620887e-16
2017-07-25 07:00:00,27.9,84,0.0,0.8,243,0.7128052193506944,0.3631923997916374
2017-07-25 08:00:00,28.7,79,0.0,1.8,191,0.34345619167778085,1.7669289302057951
2017-07-25 09:00:00,29.9,73,0.0,2.2,189,0.34415582308850806,2.1729143493093033
2017-07-25 10:00:00,30.6,70,0.0,3.6,233,2.875087836170254,2.166534083347374
2017-07-25 11:00:00,31.3,68,0.0,4.4,235,3.604268994871564,2.523736319944603
2017-07-25 12:00:00,30.7,70,0.1,8.4,260,8.272385125302547,1.458644692402215
2017-07-25 13:00:00,30.0,74,0.1,6.1,225,4.31335136523794,4.313351365237939
2017-07-25 14:00:00,29.6,75,0.3,6.9,141,-4.342310698243877,5.3623071340531006
2017-07-25 15:00:00,28.1,81,1.2,4.2,211,2.1631599146222276,3.600102662948872
2017-07-25 16:00:00,28.4,80,0.0,4.1,195,1.061158084920335,3.96029588778518
2017-07-25 17:00:00,28.3,81,0.0,6.2,159,-2.2218812871808615,5.788198644282651
2017-07-25 18:00:00,27.7,84,0.0,3.3,174,-0.3449439287832567,3.2819222547153015
2017-07-25 19:00:00,27.1,92,0.0,1.3,146,-0.7269507745119708,1.0777488443215544
2017-07-25 20:00:00,26.9,92,0.0,2.4,117,-2.138415658052083,1.0895771993749124
2017-07-25 21:00:00,27.0,92,0.0,2.5,135,-1.7677669529663687,1.7677669529663689
2017-07-25 22:00:00,26.8,93,0.0,2.6,146,-1.4539015490239415,2.1554976886431088
2017-07-25 23:00:00,26.8,91,0.0,3.4,162,-1.050657780874821,3.2335921554035223
2017-07-26 00:00:00,26.6,92,0.0,3.5,156,-1.423578250765301,3.197409101749103
2017-07-26 01:00:00,26.6,91,0.0,2.6,106,-2.499280409439629,0.716657125124198
2017-07-26 02:00:00,26.2,92,0.0,3.3,84,-3.2819222547153015,-0.3449439287832565
2017-07-26 03:00:00,27.1,87,0.0,1.8,127,-1.4375439180851273,1.0832670416736867
2017-07-26 04:00:00,26.8,88,0.0,3.4,162,-1.050657780874821,3.2335921554035223
2017-07-26 05:00:00,27.0,86,0.0,3.3,131,-2.4905416147351476,2.1649947956686737
2017-07-26 06:00:00,26.8,92,0.0,1.6,63,-1.4256104387013888,-0.7263847995832747
2017-07-26 07:00:00,28.0,83,0.0,1.8,79,-1.7669289302057951,-0.3434561916777805
2017-07-26 08:00:00,29.1,75,0.0,1.5,14,-0.36288284339950166,-1.4554435894139948
2017-07-26 09:00:00,30.2,72,0.0,2.6,286,2.499280409439629,-0.7166571251241979
2017-07-26 10:00:00,30.7,69,0.0,3.7,241,3.2360929164157644,1.7937955949114472
2017-07-26 11:00:00,31.4,67,0.0,4.2,250,3.9467090073008158,1.4364846019678086
2017-07-26 12:00:00,30.4,70,0.8,8.3,304,6.881011852206846,-4.6413010988072
2017-07-26 13:00:00,28.9,79,0.5,7.7,229,5.811263767715345,5.051654523226906
2017-07-26 14:00:00,28.5,79,2.0,7.0,125,-5.734064310022943,4.0150350544573215
2017-07-26 15:00:00,27.3,87,2.8,8.2,142,-5.048424097670398,6.46168817957512
2017-07-26 16:00:00,27.8,84,0.1,3.1,201,1.1109406435904312,2.8940993221413254
2017-07-26 17:00:00,27.8,84,0.0,4.5,151,-2.1816432911085166,3.9357886821272814
2017-07-26 18:00:00,27.5,86,0.0,3.3,139,-2.1649947956686737,2.490541614735148
2017-07-26 19:00:00,26.6,93,0.0,1.9,158,-0.7117525274902329,1.761649323676896
2017-07-26 20:00:00,26.9,93,0.0,4.7,171,-0.7352419856890848,4.6421352007971475
2017-07-26 21:00:00,26.8,92,0.0,3.9,202,1.4609657143220567,3.616017032810471
2017-07-26 22:00:00,26.5,94,0.0,2.8,140,-1.7998053071223101,2.1449244407331385
2017-07-26 23:00:00,26.5,94,0.0,2.2,99,-2.172914349309303,0.3441558230885082
2017-07-27 00:00:00,26.2,95,0.0,4.3,156,-1.748967565225941,3.9282454678631837
2017-07-27 01:00:00,26.1,94,0.0,5.1,176,-0.35575801609503915,5.087576656325103
2017-07-27 02:00:00,26.2,92,0.0,3.7,151,-1.793795594911447,3.236092916415765
2017-07-27 03:00:00,26.5,90,0.0,1.8,79,-1.7669289302057951,-0.3434561916777805
2017-07-27 04:00:00,25.7,93,0.0,2.8,50,-2.1449244407331385,-1.7998053071223097
2017-07-27 05:00:00,26.4,89,0.0,1.8,37,-1.083267041673687,-1.437543918085127
2017-07-27 06:00:00,26.8,86,0.0,0.7000000000000001,90,-0.7000000000000001,8.572527594031473e-17
2017-07-27 07:00:00,27.7,85,0.0,3.1,111,-2.8940993221413254,1.1109406435904308
2017-07-27 08:00:00,28.7,79,0.0,1.5,45,-1.0606601717798214,-1.0606601717798212
2017-07-27 09:00:00,29.9,73,0.1,2.2,9,-0.3441558230885083,-2.172914349309303
2017-07-27 10:00:00,30.5,70,0.2,3.1,21,-1.1109406435904323,-2.894099322141325
2017-07-27 11:00:00,29.4,76,0.3,9.7,318,6.490566881680924,-7.208504807130724
2017-07-27 12:00:00,30.5,73,0.1,6.2,353,0.7555899291119145,-6.153786140176196
2017-07-27 13:00:00,31.3,68,0.1,6.3,13,-1.417191642366351,-6.1385314081469815
2017-07-27 14:00:00,31.0,69,0.1,7.2,6,-0.7526049355271042,-7.160557646651569
2017-07-27 15:00:00,30.2,73,0.1,4.7,9,-0.7352419856890859,-4.6421352007971475
2017-07-27 16:00:00,29.1,79,2.1,2.2,99,-2.172914349309303,0.3441558230885082
2017-07-27 17:00:00,28.1,83,0.7000000000000001,5.8,112,-5.377666356487366,2.172718241812291
2017-07-27 18:00:00,27.6,86,0.0,5.8,120,-5.022947341949744,2.8999999999999995
2017-07-27 19:00:00,26.7,91,0.0,2.3,141,-1.4474368994146256,1.7874357113510333
2017-07-27 20:00:00,27.8,89,0.0,5.5,259,5.3989495089621515,1.0494494745709964
2017-07-27 21:00:00,27.7,90,0.0,4.1,255,3.96029588778518,1.061158084920335
2017-07-27 22:00:00,27.2,93,0.0,4.8,243,4.276831316104166,2.1791543987498243
2017-07-27 23:00:00,26.8,95,0.0,3.8,221,2.4930243101639276,2.8678964048465336
2017-07-28 00:00:00,26.6,95,0.0,3.9,214,2.1808523235359125,3.233246532964663
2017-07-28 01:00:00,26.6,94,0.0,4.6,198,1.4214781741247582,4.3748599749577055
2017-07-28 02:00:00,26.5,92,0.0,3.3,174,-0.3449439287832567,3.2819222547153015
2017-07-28 03:00:00,26.2,95,0.0,2.5,135,-1.7677669529663687,1.7677669529663689
2017-07-28 04:00:00,26.6,90,0.0,1.6,117,-1.4256104387013886,0.7263847995832751
2017-07-28 05:00:00,26.8,89,0.0,1.5,166,-0.36288284339950166,1.4554435894139948
2017-07-28 06:00:00,26.7,90,0.0,3.6,264,3.580278823325784,0.37630246776355253
2017-07-28 07:00:00,27.7,88,0.0,4.0,275,3.984778792366982,-0.34862297099063266
2017-07-28 08:00:00,28.4,80,0.0,1.3,146,-0.7269507745119708,1.0777488443215544
2017-07-28 09:00:00,29.4,74,0.0,1.3,34,-0.7269507745119705,-1.0777488443215544
2017-07-28 10:00:00,30.1,70,0.0,3.1,45,-2.192031021678298,-2.192031021678297
2017-07-28 11:00:00,31.1,63,0.0,5.2,12,-1.0811407922523508,-5.086367523815789
2017-07-28 12:00:00,31.9,61,0.0,6.2,7,-0.7555899291119125,-6.153786140176197
2017-07-28 13:00:00,31.3,70,0.0,9.4,337,3.672872607799173,-8.65274562245294
2017-07-28 14:00:00,31.6,70,0.0,8.3,304,6.881011852206846,-4.6413010988072
2017-07-28 15:00:00,31.5,70,0.0,8.0,275,7.969557584733964,-0.6972459419812653
2017-07-28 16:00:00,31.5,69,0.0,6.1,208,2.863776532993934,5.385980316439453
2017-07-28 17:00:00,30.4,75,0.0,10.1,207,4.585304047369423,8.999165894302514
2017-07-28 18:00:00,29.1,80,0.0,10.2,212,5.40517649517869,8.650090580795544
2017-07-28 19:00:00,27.9,84,0.0,9.0,196,2.4807362023529924,8.65135526344487
2017-07-28 20:00:00,28.2,88,0.0,4.9,216,2.8801477362331185,3.9641832724372428
2017-07-28 21:00:00,28.6,83,0.0,6.6,202,2.4724035165450187,6.1194134401407965
2017-07-28 22:00:00,28.6,84,0.0,10.8,195,2.795245687107224,10.431998923921938
2017-07-28 23:00:00,28.2,88,0.0,12.7,209,6.157082177128481,11.107670280670325
2017-07-29 00:00:00,27.8,88,0.0,7.1,204,2.8878301658381815,6.486172749262466
2017-07-29 01:00:00,26.8,92,0.0,6.1,177,-0.3192493330819574,6.0916401620029
2017-07-29 02:00:00,26.6,93,0.0,2.2,90,-2.2,2.6942229581241775e-16
2017-07-29 03:00:00,26.3,94,0.0,3.0,104,-2.9108871788279895,0.7257656867990032
2017-07-29 04:00:00,26.8,91,0.0,2.2,270,2.2,0.0
2017-07-29 05:00:00,26.0,96,0.0,2.9,353,0.3534210958749277,-2.8783838397598336
2017-07-29 06:00:00,26.6,94,0.0,2.9,7,-0.35342109587492676,-2.878383839759834
2017-07-29 07:00:00,27.4,90,0.0,3.0,14,-0.7257656867990033,-2.9108871788279895
2017-07-29 08:00:00,28.4,84,0.0,1.5,45,-1.0606601717798214,-1.0606601717798212
2017-07-29 09:00:00,29.6,78,0.0,1.0,45,-0.7071067811865477,-0.7071067811865475
2017-07-29 10:00:00,30.1,75,0.1,2.9,353,0.3534210958749277,-2.8783838397598336
2017-07-29 11:00:00,30.7,71,0.1,5.7,325,3.269385687200963,-4.669166652447253
2017-07-29 12:00:00,29.5,77,0.2,10.2,312,7.580077219869421,-6.825132184860354
2017-07-29 13:00:00,28.6,84,0.6,10.4,256,10.091075553270363,2.5159877142365445
2017-07-29 14:00:00,27.6,88,2.3,16.8,190,2.9172893848044312,16.544770250605094
2017-07-29 15:00:00,26.9,91,0.5,15.5,183,0.8112073217656315,15.478757788695894
2017-07-29 16:00:00,27.4,88,0.4,15.0,170,-2.6047226650039548,14.772116295183121
2017-07-29 17:00:00,26.7,89,0.1,22.7,203,8.869596616706513,20.895460173370395
2017-07-29 18:00:00,26.1,95,0.2,30.7,214,17.167222136551928,25.45145347743978
2017-07-29 19:00:00,26.2,96,2.2,23.9,236,19.813997984065495,13.364710392950851
2017-07-29 20:00:00,25.7,93,2.8,26.0,233,20.764523261229613,15.647190601953255
2017-07-29 21:00:00,25.5,95,7.0,33.6,226,24.16981729137868,23.34052124742231
2017-07-29 22:00:00,25.4,97,11.1,35.9,224,24.938235499478,25.824298832157574
2017-07-29 23:00:00,25.6,95,9.1,32.1,221,21.059494830595284,24.226177525150984
2017-07-30 00:00:00,25.7,95,10.8,29.5,210,14.750000000000004,25.54774941164094
2017-07-30 01:00:00,25.9,93,8.5,30.6,208,14.36582982124826,27.018196341483165
2017-07-30 02:00:00,26.1,94,7.1,28.4,210,14.200000000000003,24.595121467478055
2017-07-30 03:00:00,26.0,94,5.9,27.8,193,6.253639310759445,27.08748780102954
2017-07-30 04:00:00,25.7,96,2.3,33.4,198,10.321167612123244,31.765287644258127
2017-07-30 05:00:00,25.7,93,0.8,33.2,209,16.095679392178393,29.03737427702794
2017-07-30 06:00:00,26.3,88,0.1,33.2,201,11.897815924903973,30.9948701597071
2017-07-30 07:00:00,26.6,87,0.0,29.0,208,13.614675320790836,25.605480192908878
2017-07-30 08:00:00,27.2,85,0.0,15.3,188,2.129348444689002,15.151101451746028
2017-07-30 09:00:00,29.2,79,0.0,11.3,217,6.800509761618147,9.02458126353441
2017-07-30 10:00:00,30.7,75,0.0,12.1,207,5.493285046848516,10.781178942679249
2017-07-30 11:00:00,32.3,69,0.0,4.7,184,0.3278554265973886,4.688551036221174
2017-07-30 12:00:00,32.1,70,0.2,14.2,24,-5.775660331676361,-12.972345498524934
2017-07-30 13:00:00,31.8,70,0.0,20.3,12,-4.2206073236005235,-19.856396294896253
2017-07-30 14:00:00,30.5,78,1.7000000000000002,23.5,355,2.0481599545699662,-23.41057540515602
2017-07-30 15:00:00,30.6,75,0.0,24.9,2,-0.868997467892269,-24.884831592775484
2017-07-30 16:00:00,29.5,80,0.1,23.1,349,4.407687793198188,-22.67558793764104
2017-07-30 17:00:00,28.7,82,0.2,26.0,354,2.71774004495899,-25.857569279575106
2017-07-30 18:00:00,28.0,86,0.1,24.6,348,5.114627594116883,-24.06243097805162
2017-07-30 19:00:00,27.3,89,0.7000000000000001,19.5,5,-1.699536983579336,-19.42579661278904
2017-07-30 20:00:00,26.5,91,1.5,12.7,25,-5.3672519241068795,-11.510108895365455
2017-07-30 21:00:00,26.3,93,1.7000000000000002,6.1,90,-6.1,7.470345474798854e-16
2017-07-30 22:00:00,26.8,89,5.6,19.9,85,-19.824274492025737,-1.734399280678393
2017-07-30 23:00:00,26.3,93,18.6,40.4,207,18.34121618947769,35.99666357721006
2017-07-31 00:00:00,26.4,93,16.6,29.6,206,12.975785944956693,26.604303770455346
2017-07-31 01:00:00,26.4,94,8.7,20.4,197,5.96438277634383,19.50861702164592
2017-07-31 02:00:00,26.3,93,26.0,17.7,193,3.9816336618864088,17.246350146698664
2017-07-31 03:00:00,28.0,87,16.1,42.2,193,9.4929344933111,41.11841673393693
2017-07-31 04:00:00,27.6,86,10.7,36.4,197,10.642330051907617,34.80949311705449
2017-07-31 05:00:00,27.6,84,9.6,35.4,185,3.085313293267098,35.26529231244779
2017-07-31 06:00:00,27.4,85,7.0,31.3,188,4.356118060050049,30.995390551611152
2017-07-31 07:00:00,26.9,88,2.9,34.8,193,7.828296691166498,33.90807825452618
2017-07-31 08:00:00,26.2,88,1.1,30.4,199,9.897271895497564,28.743764698219227
2017-07-31 09:00:00,26.8,87,1.7000000000000002,24.7,188,3.4375755937136168,24.459621297916787
2017-07-31 10:00:00,27.3,85,0.6,24.2,184,1.6881066646078307,24.141050016287746
2017-07-31 11:00:00,27.7,84,0.7000000000000001,27.9,194,6.749620887230728,27.0712507631003
2017-07-31 12:00:00,27.5,88,1.8,27.9,202,10.451523956303943,25.868429542413367
2017-07-31 13:00:00,27.4,86,4.5,28.6,199,9.311249217474684,27.04183126214046
2017-07-31 14:00:00,27.2,86,2.8,25.5,193,5.736251885768556,24.8464366520235
2017-07-31 15:00:00,27.4,85,1.9,24.1,190,4.184921081773023,23.733866847594214
2017-07-31 16:00:00,27.6,84,0.9,23.3,202,8.728333626590748,21.603383811406147
2017-07-31 17:00:00,27.1,85,0.6,23.3,202,8.728333626590748,21.603383811406147
2017-07-31 18:00:00,27.5,80,0.2,21.1,189,3.3007672123488727,20.840223986557408
2017-07-31 19:00:00,27.2,79,0.1,17.4,210,8.700000000000001,15.06884202584923
2017-07-31 20:00:00,27.5,77,0.0,26.6,210,13.300000000000004,23.036275740666067
2017-07-31 21:00:00,27.9,75,0.0,24.1,200,8.242685454148619,22.646592160940394
2017-07-31 22:00:00,28.1,76,0.0,23.8,198,7.3546044661237495,22.635145087824654
2017-07-31 23:00:00,27.6,79,0.0,16.8,211,8.65263965848891,14.400410651795488
2017-08-01 00:00:00,26.9,81,0.0,20.0,218,12.313229506513165,15.76021507213444
2017-08-01 01:00:00,27.8,73,0.0,21.7,209,10.520368759345516,18.979247644924886
2017-08-01 02:00:00,28.6,69,0.0,25.3,204,10.290437069817745,23.112700078357804
2017-08-01 03:00:00,28.5,68,0.0,21.6,198,6.674767078498865,20.542820751975317
2017-08-01 04:00:00,28.3,69,0.0,22.2,207,10.07858909421794,19.780344836981765
2017-08-01 05:00:00,27.9,72,0.0,21.3,208,9.999744287339476,18.806783727895144
2017-08-01 06:00:00,27.7,73,0.0,18.2,198,5.624109297624043,17.309228596571792
2017-08-01 07:00:00,28.3,74,0.0,19.1,202,7.154985934243919,17.70921162222564
2017-08-01 08:00:00,28.9,78,0.0,17.4,220,11.184504408545784,13.329173310270216
2017-08-01 09:00:00,30.1,75,0.0,22.2,222,14.854699461166652,16.49781512559815
2017-08-01 10:00:00,30.8,73,0.0,23.2,213,12.635625612348628,19.457157176333837
2017-08-01 11:00:00,30.4,74,0.0,24.9,217,14.985194076486003,19.88602420017759
2017-08-01 12:00:00,29.7,77,0.0,23.4,217,14.082471541757931,18.68807093510665
2017-08-01 13:00:00,30.5,73,0.0,23.5,207,10.66877674387935,20.938653318426642
2017-08-01 14:00:00,29.3,78,0.1,21.3,214,11.910808843926906,17.65850029542239
2017-08-01 15:00:00,29.8,75,0.1,22.3,218,13.72925089976218,17.5726398054299
2017-08-01 16:00:00,28.0,83,0.2,16.5,212,8.74366785984788,13.992793586581028
2017-08-01 17:00:00,28.3,84,0.0,9.4,187,1.1455718280083864,9.329933825428427
2017-08-01 18:00:00,28.1,87,0.0,4.2,160,-1.4364846019678086,3.9467090073008158
2017-08-01 19:00:00,27.2,90,0.0,5.7,215,3.269385687200963,4.669166652447253
2017-08-01 20:00:00,27.1,85,0.0,9.0,217,5.4163352083684355,7.187719590425635
2017-08-01 21:00:00,26.8,85,0.0,8.8,199,2.8649997592229797,8.320563465273988
2017-08-01 22:00:00,26.3,89,0.0,4.0,190,0.6945927106677217,3.939231012048832
2017-08-01 23:00:00,26.1,90,0.0,3.9,202,1.4609657143220567,3.616017032810471
2017-08-02 00:00:00,26.3,89,0.0,7.5,197,2.192787785420526,7.172285669722766
2017-08-02 01:00:00,26.3,89,0.0,8.0,198,2.4721359549995796,7.608452130361228
2017-08-02 02:00:00,26.1,90,0.0,7.0,192,1.4553818357243162,6.847033205136639
2017-08-02 03:00:00,26.0,89,0.1,7.7,191,1.4692292643993958,7.558529312547013
2017-08-02 04:00:00,25.8,89,0.1,5.4,188,0.7515347451843536,5.34744757120448
2017-08-02 05:00:00,25.5,91,0.1,4.5,194,1.0886485301985045,4.366330768241984
2017-08-02 06:00:00,25.7,90,0.1,3.7,169,-0.7059932828932158,3.632020578756357
2017-08-02 07:00:00,26.2,90,0.1,4.9,216,2.8801477362331185,3.9641832724372428
2017-08-02 08:00:00,27.4,85,0.0,7.7,217,4.633975678270772,6.149493427364155
2017-08-02 09:00:00,28.6,81,0.0,12.3,201,4.407925779407195,11.483039245915583
2017-08-02 10:00:00,29.6,79,0.0,13.8,213,7.516018683207374,11.573653837646852
2017-08-02 11:00:00,29.3,82,0.4,12.0,219,7.55184469259805,9.32575153748365
2017-08-02 12:00:00,27.7,84,4.3,14.0,215,8.030070108914646,11.468128620045885
2017-08-02 13:00:00,28.5,84,1.7000000000000002,9.0,196,2.4807362023529924,8.65135526344487
2017-08-02 14:00:00,28.1,84,0.5,6.8,198,2.1013155617496424,6.467184310807044
2017-08-02 15:00:00,28.4,83,0.3,8.0,175,-0.6972459419812659,7.969557584733964
2017-08-02 16:00:00,28.5,84,0.2,4.7,189,0.7352419856890854,4.6421352007971475
2017-08-02 17:00:00,28.8,83,0.0,6.0,197,1.7542302283364206,5.737828535778212
2017-08-02 18:00:00,28.3,87,0.0,5.2,168,-1.0811407922523486,5.08636752381579
2017-08-02 19:00:00,26.8,92,0.1,2.9,120,-2.511473670974872,1.4499999999999997
2017-08-02 20:00:00,26.5,95,0.0,4.3,185,0.37476969381492997,4.283637201794505
2017-08-02 21:00:00,26.3,95,0.0,4.0,170,-0.6945927106677212,3.939231012048832
2017-08-02 22:00:00,26.0,95,0.0,5.9,191,1.125773072721615,5.791600382341218
2017-08-02 23:00:00,25.9,96,0.0,5.1,188,0.7097828148963339,5.050367150582009
2017-08-03 00:00:00,25.7,96,0.0,4.9,163,-1.4326213531414098,4.685893304218874
2017-08-03 01:00:00,25.4,96,0.0,4.8,138,-3.2118269105225195,3.5670951622914924
2017-08-03 02:00:00,25.2,97,0.0,3.7,119,-3.2360929164157644,1.7937955949114477
2017-08-03 03:00:00,25.1,96,0.0,4.4,125,-3.6042689948715645,2.5237363199446023
2017-08-03 04:00:00,25.1,95,0.0,4.2,160,-1.4364846019678086,3.9467090073008158
2017-08-03 05:00:00,25.0,94,0.0,4.7,171,-0.7352419856890848,4.6421352007971475
2017-08-03 06:00:00,25.6,94,0.0,3.0,166,-0.7257656867990033,2.9108871788279895
2017-08-03 07:00:00,26.9,88,0.0,2.2,180,1.3471114790620887e-16,2.2
2017-08-03 08:00:00,28.1,83,0.0,2.1,121,-1.8000513314744357,1.0815799573111142
2017-08-03 09:00:00,29.4,78,0.0,3.7,191,0.7059932828932162,3.632020578756357
2017-08-03 10:00:00,30.3,75,0.0,6.5,183,0.3401837155791358,6.49109197590473
2017-08-03 11:00:00,31.1,70,0.0,7.8,193,1.7546182238821464,7.6000865053248345
2017-08-03 12:00:00,32.0,67,0.0,8.2,209,3.975438886019964,7.171881598543044
2017-08-03 13:00:00,30.5,73,2.4,14.4,212,7.630837404958151,12.211892584652533
2017-08-03 14:00:00,28.8,83,0.4,10.2,188,1.4195656297926678,10.100734301164017
2017-08-03 15:00:00,29.4,81,0.3,11.0,191,2.098898949141994,10.797899017924303
2017-08-03 16:00:00,29.0,82,0.1,6.5,214,3.634753872559854,5.388744221607771
2017-08-03 17:00:00,28.7,81,0.5,8.1,201,2.902780391316933,7.5620014546273335
2017-08-03 18:00:00,28.2,84,0.1,6.0,205,2.5357095704441965,5.437846722219899
2017-08-03 19:00:00,27.2,92,0.0,4.0,175,-0.34862297099063294,3.984778792366982
2017-08-03 20:00:00,27.3,91,0.0,5.3,208,2.4881992827652213,4.679622242152313
2017-08-03 21:00:00,27.3,90,0.1,5.8,210,2.9000000000000004,5.0229473419497435
2017-08-03 22:00:00,27.0,92,0.0,7.4,203,2.8914103508206255,6.811735915548059
2017-08-03 23:00:00,26.6,93,0.0,6.2,187,0.7555899291119145,6.153786140176196
2017-08-04 00:00:00,26.3,95,0.0,4.3,175,-0.3747696938149304,4.283637201794505
2017-08-04 01:00:00,26.0,96,0.0,4.0,180,2.4492935982947064e-16,4.0
2017-08-04 02:00:00,25.9,96,0.0,5.6,195,1.4493866525741161,5.4091846272187825
2017-08-04 03:00:00,25.7,96,0.0,5.0,210,2.5000000000000004,4.330127018922193
2017-08-04 04:00:00,25.1,97,0.0,4.4,171,-0.6883116461770157,4.3458286986186065
2017-08-04 05:00:00,25.0,97,0.0,4.0,153,-1.8159619989581868,3.5640260967534716
2017-08-04 06:00:00,25.7,95,0.0,2.0,135,-1.414213562373095,1.4142135623730951
2017-08-04 07:00:00,27.1,89,0.0,2.8,130,-2.144924440733138,1.7998053071223103
2017-08-04 08:00:00,28.4,84,0.0,2.5,135,-1.7677669529663687,1.7677669529663689
2017-08-04 09:00:00,29.7,78,0.0,5.2,205,2.197614961051637,4.7128004925905795
2017-08-04 10:00:00,30.5,73,0.1,8.7,218,5.356254835333226,6.855693556378481
2017-08-04 11:00:00,31.0,70,0.1,10.5,202,3.9333692308670756,9.735430472951268
2017-08-04 12:00:00,31.7,69,0.4,11.7,214,6.542556970607737,9.699739598893988
2017-08-04 13:00:00,29.2,78,1.7000000000000002,11.4,204,4.636797731064123,10.41441821712565
2017-08-04 14:00:00,30.3,75,0.6,4.0,175,-0.34862297099063294,3.984778792366982
2017-08-04 15:00:00,28.0,79,2.9,9.1,214,5.088655421583796,7.5442419102508795
2017-08-04 16:00:00,27.6,84,0.2,7.9,120,-6.841600689897066,3.9499999999999997
2017-08-04 17:00:00,28.3,84,0.0,6.3,167,-1.4171916423663498,6.1385314081469815
2017-08-04 18:00:00,27.9,86,0.0,6.2,201,2.2218812871808624,5.788198644282651
2017-08-04 19:00:00,27.1,90,0.0,3.6,174,-0.3763024677635528,3.580278823325784
2017-08-04 20:00:00,27.1,90,0.0,5.1,184,0.35575801609503865,5.087576656325103
2017-08-04 21:00:00,27.2,90,0.0,4.5,166,-1.088648530198505,4.366330768241984
2017-08-04 22:00:00,27.0,90,0.0,5.1,172,-0.7097828148963332,5.050367150582009
2017-08-04 23:00:00,26.8,90,0.0,6.6,193,1.4846769586695083,6.430842427582553
2017-08-05 00:00:00,26.6,91,0.0,6.1,208,2.863776532993934,5.385980316439453
2017-08-05 01:00:00,26.3,93,0.0,5.2,196,1.4333142502483958,4.998560818879258
2017-08-05 02:00:00,26.1,93,0.0,4.7,184,0.3278554265973886,4.688551036221174
2017-08-05 03:00:00,25.8,95,0.0,4.8,167,-1.079765060850552,4.676976310969129
2017-08-05 04:00:00,25.7,94,0.1,4.9,144,-2.880147736233118,3.9641832724372428
2017-08-05 05:00:00,25.6,93,0.0,5.2,155,-2.1976149610516367,4.71280049259058
2017-08-05 06:00:00,26.3,93,0.0,2.6,146,-1.4539015490239415,2.1554976886431088
2017-08-05 07:00:00,27.7,86,0.0,3.2,180,1.9594348786357652e-16,3.2
2017-08-05 08:00:00,28.9,79,0.0,5.6,207,2.542346798541462,4.989636535454859
2017-08-05 09:00:00,29.8,78,0.0,8.4,205,3.5499933986218752,7.61298541110786
2017-08-05 10:00:00,30.6,74,0.1,9.5,205,4.014873486536644,8.609923976848174
2017-08-05 11:00:00,31.2,71,0.1,10.7,222,7.159697488039782,7.951649632608118
2017-08-05 12:00:00,31.4,71,0.1,12.0,231,9.32575153748365,7.551844692598049
2017-08-05 13:00:00,31.8,71,0.0,10.7,228,7.951649632608118,7.159697488039782
2017-08-05 14:00:00,31.4,74,0.4,6.8,212,3.603450996785793,5.766727053863696
2017-08-05 15:00:00,29.1,79,2.1,10.2,170,-1.771211412202689,10.045039080724521
2017-08-05 16:00:00,29.4,79,0.0,7.8,167,-1.7546182238821473,7.6000865053248345
2017-08-05 17:00:00,29.5,79,0.0,8.4,173,-1.0237024846032379,8.337387673787106
2017-08-05 18:00:00,29.0,83,0.0,6.8,180,4.1637991171010006e-16,6.8
2017-08-05 19:00:00,27.9,87,0.0,4.9,197,1.4326213531414103,4.685893304218874
2017-08-05 20:00:00,27.5,90,0.0,5.4,188,0.7515347451843536,5.34744757120448
2017-08-05 21:00:00,27.7,88,0.0,5.8,184,0.40458754771592637,5.78587149150698
2017-08-05 22:00:00,27.4,90,0.0,6.7,196,1.8467702839738944,6.440453362786736
2017-08-05 23:00:00,27.1,91,0.0,7.8,214,4.361704647071825,6.466493065929326
2017-08-06 00:00:00,26.7,92,0.0,7.7,217,4.633975678270772,6.149493427364155
2017-08-06 01:00:00,26.3,93,0.0,6.5,199,2.116193003971519,6.145870741395559
2017-08-06 02:00:00,26.1,94,0.0,4.8,167,-1.079765060850552,4.676976310969129
2017-08-06 03:00:00,25.6,95,0.0,3.8,139,-2.493024310163927,2.867896404846534
2017-08-06 04:00:00,25.6,94,0.0,3.1,126,-2.507952682562337,1.822134282106667
2017-08-06 05:00:00,25.3,95,0.0,4.1,142,-2.524212048835199,3.23084408978756
2017-08-06 06:00:00,26.2,91,0.0,3.3,167,-0.7423384793347546,3.2154212137912763
2017-08-06 07:00:00,27.7,86,0.0,6.4,196,1.7640790772287946,6.1520748540052415
2017-08-06 08:00:00,28.8,83,0.0,8.6,195,2.2258437878816784,8.306962106085987
2017-08-06 09:00:00,30.0,78,0.1,10.0,195,2.5881904510252074,9.659258262890683
2017-08-06 10:00:00,30.7,74,0.0,12.1,207,5.493285046848516,10.781178942679249
2017-08-06 11:00:00,31.5,70,0.0,11.2,213,6.099957192168303,9.393110360988748
2017-08-06 12:00:00,32.0,67,0.0,11.2,222,7.494262791219212,8.323222045346816
2017-08-06 13:00:00,32.2,66,0.0,12.7,225,8.980256121069154,8.980256121069152
2017-08-06 14:00:00,31.6,70,0.5,12.9,216,7.582429754572904,10.436319227436822
2017-08-06 15:00:00,31.2,70,0.4,12.1,210,6.050000000000002,10.478907385791707
2017-08-06 16:00:00,31.0,72,0.3,11.6,206,5.085105302753298,10.426010937070338
2017-08-06 17:00:00,30.7,74,0.1,9.8,208,4.600821315301731,8.652886410017484
2017-08-06 18:00:00,29.7,80,0.0,8.1,212,4.29234604028896,6.86918957886705
2017-08-06 19:00:00,28.5,86,0.0,8.5,208,3.9905082836800725,7.505054539300878
2017-08-06 20:00:00,27.8,90,0.0,5.6,207,2.542346798541462,4.989636535454859
2017-08-06 21:00:00,27.7,92,0.0,5.9,218,3.6324027044213842,4.64926344627966
2017-08-06 22:00:00,27.4,94,0.0,7.7,191,1.4692292643993958,7.558529312547013
2017-08-06 23:00:00,27.3,94,0.0,10.0,193,2.249510543438649,9.743700647852352
2017-08-07 00:00:00,27.1,95,0.0,8.8,199,2.8649997592229797,8.320563465273988
2017-08-07 01:00:00,27.0,95,0.0,8.0,198,2.4721359549995796,7.608452130361228
2017-08-07 02:00:00,26.8,96,0.0,7.6,205,3.211898789229316,6.887939181478539
2017-08-07 03:00:00,26.7,96,0.0,7.6,205,3.211898789229316,6.887939181478539
2017-08-07 04:00:00,26.6,95,0.0,5.6,195,1.4493866525741161,5.4091846272187825
2017-08-07 05:00:00,26.6,94,0.0,5.0,180,3.061616997868383e-16,5.0
2017-08-07 06:00:00,26.9,92,0.0,7.0,201,2.5085756468171025,6.535062985480412
2017-08-07 07:00:00,28.1,86,0.0,8.9,207,4.040515447681967,7.929958065276474
2017-08-07 08:00:00,29.1,82,0.0,6.9,186,0.7212463965468089,6.862201078041086
2017-08-07 09:00:00,30.2,76,0.0,9.5,189,1.4861274178821937,9.38303923565381
2017-08-07 10:00:00,31.2,72,0.0,10.0,195,2.5881904510252074,9.659258262890683
2017-08-07 11:00:00,31.8,69,0.0,11.6,202,4.345436483624579,10.755332712974734
2017-08-07 12:00:00,32.4,67,0.0,12.1,207,5.493285046848516,10.781178942679249
2017-08-07 13:00:00,32.5,66,0.1,12.7,215,7.284420741658286,10.403230962470195
2017-08-07 14:00:00,31.9,69,0.1,12.9,207,5.856477446640154,11.493984162029944
2017-08-07 15:00:00,31.9,68,0.2,12.3,201,4.407925779407195,11.483039245915583
2017-08-07 16:00:00,30.7,73,0.9,13.3,199,4.330056454280185,12.575397055470914
2017-08-07 17:00:00,30.2,77,0.1,12.6,193,2.8343832847326977,12.277062816293963
2017-08-07 18:00:00,29.4,80,0.0,9.9,190,1.7191169589026112,9.74959675482086
2017-08-07 19:00:00,28.7,82,0.0,10.9,214,6.09520264783114,9.036509540849956
2017-08-07 20:00:00,28.0,84,0.0,6.1,183,0.3192493330819582,6.0916401620029
2017-08-07 21:00:00,28.4,82,0.0,12.0,201,4.300415394543604,11.202965117966421
2017-08-07 22:00:00,27.8,85,0.0,10.0,195,2.5881904510252074,9.659258262890683
2017-08-07 23:00:00,27.4,87,0.0,8.6,195,2.2258437878816784,8.306962106085987
2017-08-08 00:00:00,27.1,88,0.0,6.5,183,0.3401837155791358,6.49109197590473
2017-08-08 01:00:00,26.7,90,0.0,4.7,176,-0.3278554265973891,4.688551036221174
2017-08-08 02:00:00,26.4,92,0.0,4.5,166,-1.088648530198505,4.366330768241984
2017-08-08 03:00:00,26.2,93,0.0,3.7,151,-1.793795594911447,3.236092916415765
2017-08-08 04:00:00,26.1,93,0.0,4.2,160,-1.4364846019678086,3.9467090073008158
2017-08-08 05:00:00,26.4,90,0.0,5.8,184,0.40458754771592637,5.78587149150698
2017-08-08 06:00:00,26.7,88,0.0,7.9,196,2.1775351109542935,7.59396739791272
2017-08-08 07:00:00,27.9,85,0.0,9.3,193,2.092044805397944,9.06164160250269
2017-08-08 08:00:00,29.1,80,0.0,10.2,190,1.77121141220269,10.045039080724521
2017-08-08 09:00:00,30.3,76,0.1,14.5,203,5.665601363094469,13.347320375060386
2017-08-08 10:00:00,31.3,71,0.2,18.1,211,9.322189155871982,15.514728142708234
2017-08-08 11:00:00,31.9,68,0.0,18.5,217,11.133577928312896,14.774756935874917
2017-08-08 12:00:00,32.3,65,0.1,19.2,218,11.82070032625264,15.129806469249061
2017-08-08 13:00:00,32.1,66,0.1,19.6,216,11.520590944932474,15.856733089748971
2017-08-08 14:00:00,30.9,74,0.5,15.6,214,8.72340929414365,12.932986131858652
2017-08-08 15:00:00,29.9,76,0.7000000000000001,15.9,213,8.65976065673893,13.334862030332243
2017-08-08 16:00:00,28.7,79,0.6,15.0,201,5.375519243179506,14.003706397458027
2017-08-08 17:00:00,29.0,79,0.0,16.9,200,5.780140422203803,15.880805291281849
2017-08-08 18:00:00,28.1,81,0.0,14.1,199,4.59051097784591,13.331811915950366
2017-08-08 19:00:00,27.6,82,0.0,8.0,190,1.3891854213354433,7.878462024097664
2017-08-08 20:00:00,26.8,90,0.0,5.1,141,-3.20953399435417,3.963444403430552
2017-08-08 21:00:00,27.1,88,0.0,4.0,153,-1.8159619989581868,3.5640260967534716
2017-08-08 22:00:00,26.9,87,0.0,5.4,176,-0.3766849582182768,5.386845871403051
2017-08-08 23:00:00,26.9,84,0.0,7.1,195,1.8376152202278973,6.858073366652385
2017-08-09 00:00:00,26.8,83,0.0,7.1,210,3.5500000000000007,6.148780366869514
2017-08-09 01:00:00,26.7,84,0.0,10.0,221,6.560590289905073,7.54709580222772
2017-08-09 02:00:00,26.4,87,0.0,11.2,213,6.099957192168303,9.393110360988748
2017-08-09 03:00:00,26.4,87,0.0,8.8,199,2.8649997592229797,8.320563465273988
2017-08-09 04:00:00,26.0,87,0.0,5.8,184,0.40458754771592637,5.78587149150698
2017-08-09 05:00:00,25.5,89,0.0,5.0,180,3.061616997868383e-16,5.0
2017-08-09 06:00:00,26.0,89,0.0,5.2,192,1.0811407922523493,5.086367523815789
2017-08-09 07:00:00,27.1,90,0.0,8.8,189,1.3766232923540322,8.691657397237213
2017-08-09 08:00:00,28.5,84,0.0,9.8,186,1.024378940023004,9.746314574609078
2017-08-09 09:00:00,29.7,81,0.0,12.3,195,3.183474254761005,11.88088766335554
2017-08-09 10:00:00,30.9,77,0.0,14.0,203,5.470235798849832,12.887067948334165
2017-08-09 11:00:00,31.9,70,0.0,15.5,211,7.98309016110584,13.286093160882741
2017-08-09 12:00:00,32.2,67,0.1,17.3,216,10.168684864659786,13.995994002686592
2017-08-09 13:00:00,32.5,64,0.1,18.5,217,11.133577928312896,14.774756935874917
2017-08-09 14:00:00,32.1,66,0.1,20.4,212,10.81035299035738,17.300181161591087
2017-08-09 15:00:00,31.2,70,0.0,19.7,211,10.146250075728066,16.886195823831613
2017-08-09 16:00:00,30.9,72,0.0,18.8,209,9.114420860631139,16.44285049422064
2017-08-09 17:00:00,30.6,74,0.0,16.8,211,8.65263965848891,14.400410651795488
2017-08-09 18:00:00,29.7,77,0.0,13.9,217,8.365228821813472,11.101033589657371
2017-08-09 19:00:00,28.8,80,0.0,13.0,214,7.269507745119708,10.777488443215542
2017-08-09 20:00:00,27.8,86,0.0,8.3,180,5.082284216461516e-16,8.3
2017-08-09 21:00:00,27.5,87,0.0,6.6,167,-1.4846769586695092,6.430842427582553
2017-08-09 22:00:00,26.8,89,0.0,5.4,180,3.3065463576978537e-16,5.4
2017-08-09 23:00:00,26.6,88,0.0,7.5,197,2.192787785420526,7.172285669722766
2017-08-10 00:00:00,26.5,87,0.0,9.5,205,4.014873486536644,8.609923976848174
2017-08-10 01:00:00,26.5,85,0.0,9.4,212,4.981241083792126,7.9716521038704045
2017-08-10 02:00:00,26.8,81,0.0,11.0,199,3.5812496990287244,10.400704331592484
2017-08-10 03:00:00,26.8,78,0.0,9.7,184,0.6766377953180147,9.676371287520293
2017-08-10 04:00:00,26.5,78,0.0,10.1,184,0.7045403848156648,10.075396907624224
2017-08-10 05:00:00,26.2,84,0.0,8.6,202,3.2216167033768426,7.973781149274371
2017-08-10 06:00:00,26.4,90,0.0,10.3,205,4.352968095929205,9.334970206477495
2017-08-10 07:00:00,27.5,88,0.0,11.0,212,5.829111906565254,9.328529057720685
2017-08-10 08:00:00,28.3,84,0.0,11.3,207,5.1300926470568795,10.068373723328557
2017-08-10 09:00:00,29.2,82,0.1,12.7,209,6.157082177128481,11.107670280670325
2017-08-10 10:00:00,28.4,84,3.0,15.8,227,11.555388485582894,10.775574088987476
2017-08-10 11:00:00,29.3,81,0.2,14.1,218,8.680826802091781,11.11095162585478
2017-08-10 12:00:00,30.1,78,1.1,13.5,214,7.549104196855081,11.192007229493063
2017-08-10 13:00:00,30.5,76,0.5,13.0,208,6.103130316216581,11.47831870716605
2017-08-10 14:00:00,31.8,72,0.1,15.2,211,7.828578738632823,13.028942970672107
2017-08-10 15:00:00,31.6,70,0.1,16.9,207,7.67243944559834,15.058010258783414
2017-08-10 16:00:00,30.6,71,0.5,15.0,215,8.603646545265692,12.287280664334878
2017-08-10 17:00:00,30.4,76,0.1,10.2,222,6.825132184860354,7.580077219869421
2017-08-10 18:00:00,29.3,80,0.2,5.6,225,3.9597979746446663,3.9597979746446654
2017-08-10 19:00:00,27.7,89,0.0,4.7,157,-1.8364363038995868,4.326372811226469
2017-08-10 20:00:00,27.5,88,0.0,6.3,149,-3.2447398719333416,5.400153994423308
2017-08-10 21:00:00,27.3,88,0.0,4.6,141,-2.894873798829251,3.5748714227020666
2017-08-10 22:00:00,26.6,91,0.0,3.9,158,-1.4609657143220571,3.616017032810471
2017-08-10 23:00:00,26.1,93,0.0,5.0,210,2.5000000000000004,4.330127018922193
2017-08-11 00:00:00,26.4,89,0.0,6.7,196,1.8467702839738944,6.440453362786736
2017-08-11 01:00:00,26.3,89,0.0,6.8,177,-0.35588450245201814,6.790680836331102
2017-08-11 02:00:00,26.0,88,0.0,5.9,169,-1.1257730727216144,5.791600382341218
2017-08-11 03:00:00,25.5,89,0.0,4.3,156,-1.748967565225941,3.9282454678631837
2017-08-11 04:00:00,25.0,91,0.0,4.6,162,-1.4214781741247577,4.374859974957706
2017-08-11 05:00:00,25.4,89,0.0,5.0,159,-1.7918397477265013,4.667902132486009
2017-08-11 06:00:00,26.2,89,0.0,7.0,192,1.4553818357243162,6.847033205136639
2017-08-11 07:00:00,27.2,88,0.0,8.3,185,0.7233926648055626,8.268415994161488
2017-08-11 08:00:00,28.7,82,0.0,8.2,209,3.975438886019964,7.171881598543044
2017-08-11 09:00:00,29.9,79,0.0,12.2,204,4.962187045524762,11.14525458323973
2017-08-11 10:00:00,30.8,78,0.0,10.4,214,5.815606196095767,8.621990754572435
2017-08-11 11:00:00,31.5,77,0.0,9.2,211,4.738350289172498,7.8859391664594325
2017-08-11 12:00:00,32.1,77,0.1,9.3,208,4.366085533908786,8.21141261358802
2017-08-11 13:00:00,32.3,75,0.1,10.4,226,7.4811339235219725,7.224447052773572
2017-08-11 14:00:00,29.0,80,1.2,5.8,202,2.1727182418122895,5.377666356487367
2017-08-11 15:00:00,29.7,78,0.0,8.9,212,4.716281451675524,7.547628055792192
2017-08-11 16:00:00,29.6,78,0.0,6.8,177,-0.35588450245201814,6.790680836331102
2017-08-11 17:00:00,29.7,79,0.0,6.4,164,-1.764079077228794,6.1520748540052415
2017-08-11 18:00:00,29.3,82,0.1,5.0,150,-2.499999999999999,4.330127018922194
2017-08-11 19:00:00,28.4,86,0.0,5.2,164,-1.433314250248395,4.998560818879258
2017-08-11 20:00:00,27.6,89,0.0,4.8,138,-3.2118269105225195,3.5670951622914924
2017-08-11 21:00:00,27.3,92,0.0,4.7,176,-0.3278554265973891,4.688551036221174
2017-08-11 22:00:00,27.3,92,0.0,4.9,216,2.8801477362331185,3.9641832724372428
2017-08-11 23:00:00,27.0,95,0.0,5.4,217,3.2498011250210617,4.312631754255381
2017-08-12 00:00:00,26.8,95,0.0,4.9,197,1.4326213531414103,4.685893304218874
2017-08-12 01:00:00,26.5,95,0.0,4.9,197,1.4326213531414103,4.685893304218874
2017-08-12 02:00:00,26.3,95,0.0,4.9,197,1.4326213531414103,4.685893304218874
2017-08-12 03:00:00,26.2,95,0.1,5.7,198,1.7613968679372005,5.421022142882375
2017-08-12 04:00:00,26.5,94,0.2,5.9,194,1.4273391840380394,5.7247447850283795
2017-08-12 05:00:00,26.5,93,1.1,4.5,194,1.0886485301985045,4.366330768241984
2017-08-12 06:00:00,26.6,91,0.2,4.0,207,1.8159619989581872,3.564026096753471
2017-08-12 07:00:00,27.5,89,0.0,5.5,191,1.049449474570997,5.3989495089621515
2017-08-12 08:00:00,28.3,86,0.3,5.4,172,-0.7515347451843529,5.34744757120448
2017-08-12 09:00:00,29.4,83,0.0,5.8,184,0.40458754771592637,5.78587149150698
2017-08-12 10:00:00,30.3,78,0.0,6.5,199,2.116193003971519,6.145870741395559
2017-08-12 11:00:00,31.0,73,0.1,8.4,220,5.399415921366931,6.4347733221994154
2017-08-12 12:00:00,31.8,74,0.0,9.3,242,8.211412613588022,4.366085533908785
2017-08-12 13:00:00,32.1,74,0.1,8.5,242,7.505054539300879,3.990508283680072
2017-08-12 14:00:00,29.6,75,4.2,10.3,209,4.993539088537273,9.008582983535776
2017-08-12 15:00:00,30.5,74,0.2,7.2,183,0.3768188849491966,7.190132650232932
2017-08-12 16:00:00,30.5,75,0.1,9.5,171,-1.4861274178821928,9.38303923565381
2017-08-12 17:00:00,30.1,78,0.0,8.7,156,-3.538608794759462,7.947845481490627
2017-08-12 18:00:00,29.4,83,0.0,6.0,147,-3.2678342100901627,5.032023407672543
2017-08-12 19:00:00,27.8,89,0.0,4.7,180,2.8779199779962803e-16,4.7
2017-08-12 20:00:00,27.3,93,0.0,6.4,218,3.9402334420842133,5.043268823083022
2017-08-12 21:00:00,27.5,92,0.0,4.5,209,2.181643291108517,3.935788682127281
2017-08-12 22:00:00,27.0,94,0.0,5.4,188,0.7515347451843536,5.34744757120448
2017-08-12 23:00:00,26.6,95,0.0,5.1,188,0.7097828148963339,5.050367150582009
2017-08-13 00:00:00,26.4,96,0.0,5.4,184,0.3766849582182763,5.386845871403051
2017-08-13 01:00:00,26.1,97,0.0,4.6,198,1.4214781741247582,4.3748599749577055
2017-08-13 02:00:00,25.6,98,0.0,6.3,193,1.4171916423663489,6.1385314081469815
2017-08-13 03:00:00,25.9,98,0.1,4.3,180,2.632990618166809e-16,4.3
2017-08-13 04:00:00,26.1,97,0.1,4.6,162,-1.4214781741247577,4.374859974957706
2017-08-13 05:00:00,26.2,96,0.0,4.7,148,-2.4906205418960625,3.9858260519352027
2017-08-13 06:00:00,26.8,93,0.0,5.3,152,-2.4881992827652217,4.679622242152313
2017-08-13 07:00:00,27.8,89,0.0,6.2,159,-2.2218812871808615,5.788198644282651
2017-08-13 08:00:00,28.8,84,0.0,6.5,177,-0.34018371557913496,6.49109197590473
2017-08-13 09:00:00,29.6,79,0.0,8.0,188,1.1133848076805237,7.922144549932563
2017-08-13 10:00:00,30.4,74,0.0,10.0,193,2.249510543438649,9.743700647852352
2017-08-13 11:00:00,31.7,68,0.0,10.2,198,3.151973342624464,9.700776466210565
2017-08-13 12:00:00,32.6,65,0.0,11.5,200,3.9332316482451914,10.806465139037945
2017-08-13 13:00:00,31.9,67,0.0,13.0,228,9.660882731206126,8.698697882665158
2017-08-13 14:00:00,31.9,68,0.2,14.3,229,10.792346997185641,9.381644114564255
2017-08-13 15:00:00,30.6,75,0.4,13.5,228,10.032455143944823,9.033263185844586
2017-08-13 16:00:00,30.5,74,0.1,12.5,226,8.99174750423314,8.683229630737465
2017-08-13 17:00:00,29.6,78,0.1,9.7,202,3.633683956134346,8.993683389297837
2017-08-13 18:00:00,28.9,81,0.1,8.8,199,2.8649997592229797,8.320563465273988
2017-08-13 19:00:00,28.1,84,0.0,7.2,186,0.752604935527105,7.160557646651568
2017-08-13 20:00:00,27.2,91,0.0,7.9,183,0.41345405431925736,7.889173324561134
2017-08-13 21:00:00,27.3,90,0.0,7.6,183,0.3977532674463741,7.589584464134761
2017-08-13 22:00:00,27.0,90,0.0,5.8,184,0.40458754771592637,5.78587149150698
2017-08-13 23:00:00,26.7,91,0.0,4.8,167,-1.079765060850552,4.676976310969129
2017-08-14 00:00:00,26.4,92,0.0,4.6,162,-1.4214781741247577,4.374859974957706
2017-08-14 01:00:00,26.2,93,0.0,4.8,153,-2.179154398749824,4.276831316104166
2017-08-14 02:00:00,25.7,94,0.0,3.8,139,-2.493024310163927,2.867896404846534
2017-08-14 03:00:00,25.3,95,0.0,3.8,131,-2.8678964048465336,2.4930243101639276
2017-08-14 04:00:00,24.9,96,0.0,4.8,138,-3.2118269105225195,3.5670951622914924
2017-08-14 05:00:00,25.4,93,0.0,5.5,191,1.049449474570997,5.3989495089621515
2017-08-14 06:00:00,25.1,96,0.0,4.5,209,2.181643291108517,3.935788682127281
2017-08-14 07:00:00,27.0,90,0.0,7.2,198,2.224922359499622,6.8476069173251055
2017-08-14 08:00:00,28.4,82,0.0,12.4,206,5.435802220184561,11.145046174109671
2017-08-14 09:00:00,29.3,77,0.0,12.2,204,4.962187045524762,11.14525458323973
2017-08-14 10:00:00,30.1,71,0.0,12.9,198,3.986319227436822,12.26862906020748
2017-08-14 11:00:00,31.1,66,0.0,13.1,201,4.694620139043435,12.229903587113343
2017-08-14 12:00:00,31.8,63,0.0,12.9,203,5.040431557511631,11.874512609536481
2017-08-14 13:00:00,32.1,61,0.0,11.9,215,6.8255595925774495,9.747909327039002
2017-08-14 14:00:00,32.1,62,0.0,11.5,229,8.679160172561879,7.544678833390834
2017-08-14 15:00:00,31.7,66,0.0,12.2,223,8.320379992762481,8.922515159753878
2017-08-14 16:00:00,31.6,66,0.0,10.3,216,6.054188098612474,8.332875042061959
2017-08-14 17:00:00,30.7,71,0.0,9.7,211,4.995869326627525,8.31452281681049
2017-08-14 18:00:00,29.5,77,0.0,8.2,203,3.203995253612044,7.54813979831001
2017-08-14 19:00:00,28.2,83,0.0,7.1,210,3.5500000000000007,6.148780366869514
2017-08-14 20:00:00,27.6,87,0.0,5.2,205,2.197614961051637,4.7128004925905795
2017-08-14 21:00:00,27.4,89,0.0,4.6,198,1.4214781741247582,4.3748599749577055
2017-08-14 22:00:00,27.1,91,0.0,5.6,195,1.4493866525741161,5.4091846272187825
2017-08-14 23:00:00,26.9,92,0.0,6.7,196,1.8467702839738944,6.440453362786736
2017-08-15 00:00:00,26.6,94,0.0,6.5,177,-0.34018371557913496,6.49109197590473
2017-08-15 01:00:00,26.4,94,0.0,5.6,165,-1.4493866525741166,5.4091846272187825
2017-08-15 02:00:00,26.0,95,0.0,4.8,153,-2.179154398749824,4.276831316104166
2017-08-15 03:00:00,25.7,95,0.0,4.5,151,-2.1816432911085166,3.9357886821272814
2017-08-15 04:00:00,25.1,95,0.0,6.2,159,-2.2218812871808615,5.788198644282651
2017-08-15 05:00:00,25.2,94,0.0,5.0,180,3.061616997868383e-16,5.0
2017-08-15 06:00:00,25.7,94,0.0,5.8,173,-0.7068421917498547,5.756767679519668
2017-08-15 07:00:00,27.3,89,0.0,7.2,186,0.752604935527105,7.160557646651568
2017-08-15 08:00:00,28.7,81,0.0,10.5,202,3.9333692308670756,9.735430472951268
2017-08-15 09:00:00,30.0,73,0.0,12.0,196,3.30764826980399,11.535140351259827
2017-08-15 10:00:00,30.3,72,0.0,12.4,190,2.1532374030699373,12.21161613735138
2017-08-15 11:00:00,30.6,72,0.0,14.0,215,8.030070108914646,11.468128620045885
2017-08-15 12:00:00,30.6,72,0.4,14.3,225,10.111626970967631,10.11162697096763
2017-08-15 13:00:00,30.8,71,0.1,13.0,226,9.351417404402465,9.030558815966964
2017-08-15 14:00:00,31.1,70,0.3,12.0,226,8.632077604063815,8.335900445507967
2017-08-15 15:00:00,30.9,70,0.2,10.7,222,7.159697488039782,7.951649632608118
2017-08-15 16:00:00,30.7,71,0.0,10.4,224,7.224447052773572,7.481133923521972
2017-08-15 17:00:00,30.2,74,0.0,8.5,216,4.996174644486022,6.876644452187053
2017-08-15 18:00:00,29.3,79,0.0,7.3,200,2.4967470462773824,6.8597561317371305
2017-08-15 19:00:00,28.2,84,0.0,6.6,189,1.032467469265524,6.518743047927909
2017-08-15 20:00:00,27.8,88,0.0,6.1,183,0.3192493330819582,6.0916401620029
2017-08-15 21:00:00,27.7,88,0.0,5.8,184,0.40458754771592637,5.78587149150698
2017-08-15 22:00:00,27.3,90,0.0,5.4,200,1.8469087739586119,5.074340152243905
2017-08-15 23:00:00,26.9,92,0.0,4.8,207,2.1791543987498248,4.276831316104166
2017-08-16 00:00:00,26.4,94,0.0,5.4,200,1.8469087739586119,5.074340152243905
2017-08-16 01:00:00,26.3,95,0.0,4.7,171,-0.7352419856890848,4.6421352007971475
2017-08-16 02:00:00,26.6,93,0.0,4.1,142,-2.524212048835199,3.23084408978756
2017-08-16 03:00:00,26.2,95,0.0,4.6,141,-2.894873798829251,3.5748714227020666
2017-08-16 04:00:00,25.9,95,0.0,4.7,148,-2.4906205418960625,3.9858260519352027
2017-08-16 05:00:00,25.6,95,0.0,5.0,150,-2.499999999999999,4.330127018922194
2017-08-16 06:00:00,26.1,93,0.0,4.0,170,-0.6945927106677212,3.939231012048832
2017-08-16 07:00:00,27.5,89,0.0,7.2,180,4.4087284769304716e-16,7.2
2017-08-16 08:00:00,28.7,82,0.0,7.6,188,1.0577155672964975,7.5260373224359345
2017-08-16 09:00:00,29.7,76,0.0,7.7,191,1.4692292643993958,7.558529312547013
2017-08-16 10:00:00,30.4,72,0.0,7.8,193,1.7546182238821464,7.6000865053248345
2017-08-16 11:00:00,31.4,68,0.0,8.0,185,0.6972459419812651,7.969557584733964
2017-08-16 12:00:00,32.2,64,0.0,9.2,206,4.033014550459512,8.268905225952336
2017-08-16 13:00:00,32.1,64,0.0,10.2,222,6.825132184860354,7.580077219869421
2017-08-16 14:00:00,31.1,69,0.0,11.9,235,9.747909327039002,6.825559592577449
2017-08-16 15:00:00,30.0,74,0.1,9.7,202,3.633683956134346,8.993683389297837
2017-08-16 16:00:00,29.9,74,0.0,9.9,199,3.223124729125852,9.360633898433235
2017-08-16 17:00:00,29.6,76,0.0,8.7,187,1.060263287624783,8.6351515192795
2017-08-16 18:00:00,28.8,82,0.0,7.1,165,-1.837615220227898,6.858073366652385
2017-08-16 19:00:00,28.0,85,0.0,6.3,167,-1.4171916423663498,6.1385314081469815
2017-08-16 20:00:00,27.3,88,0.0,4.8,167,-1.079765060850552,4.676976310969129
2017-08-16 21:00:00,27.5,87,0.0,4.0,153,-1.8159619989581868,3.5640260967534716
2017-08-16 22:00:00,27.2,89,0.0,4.0,170,-0.6945927106677212,3.939231012048832
2017-08-16 23:00:00,26.9,90,0.0,4.3,185,0.37476969381492997,4.283637201794505
2017-08-17 00:00:00,26.7,91,0.0,4.7,176,-0.3278554265973891,4.688551036221174
2017-08-17 01:00:00,26.2,93,0.0,5.4,172,-0.7515347451843529,5.34744757120448
2017-08-17 02:00:00,26.3,92,0.0,5.1,176,-0.35575801609503915,5.087576656325103
2017-08-17 03:00:00,26.0,93,0.0,5.1,188,0.7097828148963339,5.050367150582009
2017-08-17 04:00:00,27.0,87,0.0,3.5,204,1.4235782507653008,3.197409101749103
2017-08-17 05:00:00,26.9,88,0.0,0.0,270,0.0,0.0
2017-08-17 06:00:00,26.2,92,0.0,2.5,90,-2.5,3.061616997868383e-16
2017-08-17 07:00:00,27.8,84,0.0,4.3,114,-3.9282454678631833,1.7489675652259418
2017-08-17 08:00:00,28.9,77,0.0,1.9,158,-0.7117525274902329,1.761649323676896
2017-08-17 09:00:00,29.9,74,0.0,2.8,220,1.7998053071223101,2.1449244407331385
2017-08-17 10:00:00,31.1,69,0.0,3.6,217,2.1665340833473743,2.875087836170254
2017-08-17 11:00:00,31.8,65,0.0,4.6,231,3.5748714227020657,2.8948737988292517
2017-08-17 12:00:00,31.7,67,0.1,5.0,249,4.667902132486009,1.7918397477265013
2017-08-17 13:00:00,30.6,71,0.2,3.6,276,3.580278823325784,-0.37630246776355253
2017-08-17 14:00:00,29.9,73,0.4,2.9,360,1.7757378587636622e-16,-2.9
2017-08-17 15:00:00,28.5,79,1.0,2.5,360,1.5308084989341916e-16,-2.5
2017-08-17 16:00:00,29.1,78,0.0,1.3,326,0.7269507745119709,-1.0777488443215544
2017-08-17 17:00:00,29.0,79,0.0,2.3,288,2.1874299874788528,-0.710739087062379
2017-08-17 18:00:00,28.7,79,0.0,0.4,90,-0.4,4.898587196589413e-17
2017-08-17 19:00:00,27.4,89,0.0,2.5,90,-2.5,3.061616997868383e-16
2017-08-17 20:00:00,28.6,84,0.0,0.4,90,-0.4,4.898587196589413e-17
2017-08-17 21:00:00,28.5,85,0.0,1.1,108,-1.0461621679246689,0.3399186938124423
2017-08-17 22:00:00,27.9,89,0.0,3.1,135,-2.192031021678297,2.1920310216782974
2017-08-17 23:00:00,27.8,88,0.0,4.0,170,-0.6945927106677212,3.939231012048832
2017-08-18 00:00:00,27.9,86,0.0,3.6,127,-2.8750878361702545,2.1665340833473734
2017-08-18 01:00:00,27.4,88,0.0,2.2,81,-2.1729143493093033,-0.3441558230885076
2017-08-18 02:00:00,26.5,93,0.0,4.0,95,-3.984778792366982,0.3486229709906328
2017-08-18 03:00:00,26.5,91,0.0,3.8,107,-3.633958072659535,1.111012477946399
2017-08-18 04:00:00,25.9,93,0.0,4.0,90,-4.0,4.898587196589413e-16
2017-08-18 05:00:00,26.0,91,0.0,3.1,69,-2.8940993221413254,-1.1109406435904314
2017-08-18 06:00:00,26.4,90,0.0,2.3,72,-2.187429987478853,-0.7107390870623786
2017-08-18 07:00:00,28.1,83,0.0,2.9,60,-2.5114736709748717,-1.4500000000000002
2017-08-18 08:00:00,29.3,78,0.0,3.6,37,-2.166534083347374,-2.875087836170254
2017-08-18 09:00:00,30.6,74,0.0,4.2,329,2.1631599146222276,-3.600102662948872
2017-08-18 10:00:00,31.6,71,0.0,4.8,318,3.2118269105225195,-3.5670951622914924
2017-08-18 11:00:00,32.4,67,0.1,3.4,302,2.883363526931848,-1.8017254983928965
2017-08-18 12:00:00,32.5,65,0.1,5.5,293,5.062776693988422,-2.149021206691006
2017-08-18 13:00:00,31.0,71,0.2,9.0,307,7.187719590425635,-5.416335208368435
2017-08-18 14:00:00,29.5,78,0.8,5.0,69,-4.667902132486009,-1.7918397477265022
2017-08-18 15:00:00,28.4,81,0.6,5.6,130,-4.289848881466276,3.5996106142446207
2017-08-18 16:00:00,28.2,83,0.2,0.5,315,0.3535533905932738,-0.35355339059327373
2017-08-18 17:00:00,28.5,81,0.1,2.1,59,-1.800051331474436,-1.0815799573111138
2017-08-18 18:00:00,28.2,84,0.0,2.7,67,-2.485363104321589,-1.0549740469210387
2017-08-18 19:00:00,27.4,90,0.0,2.8,50,-2.1449244407331385,-1.7998053071223097
2017-08-18 20:00:00,27.7,91,0.0,3.9,112,-3.6160170328104706,1.4609657143220578
2017-08-18 21:00:00,28.4,85,0.0,1.1,18,-0.33991869381244233,-1.0461621679246689
2017-08-18 22:00:00,28.2,87,0.0,1.4,180,8.572527594031472e-17,1.4
2017-08-18 23:00:00,26.7,95,0.0,4.7,184,0.3278554265973886,4.688551036221174
2017-08-19 00:00:00,26.7,93,0.0,5.1,176,-0.35575801609503915,5.087576656325103
2017-08-19 01:00:00,27.9,86,0.0,2.2,171,-0.34415582308850784,2.1729143493093033
2017-08-19 02:00:00,27.8,85,0.0,1.8,90,-1.8,2.2043642384652358e-16
2017-08-19 03:00:00,26.9,89,0.0,3.2,90,-3.2,3.9188697572715305e-16
2017-08-19 04:00:00,26.3,90,0.0,3.6,90,-3.6,4.4087284769304716e-16
2017-08-19 05:00:00,25.8,90,0.0,3.6,96,-3.580278823325784,0.37630246776355347
2017-08-19 06:00:00,26.1,90,0.0,1.4,90,-1.4,1.7145055188062944e-16
2017-08-19 07:00:00,27.9,82,0.0,1.3,56,-1.0777488443215544,-0.7269507745119708
2017-08-19 08:00:00,29.2,79,0.0,1.8,53,-1.437543918085127,-1.0832670416736871
2017-08-19 09:00:00,30.3,75,0.0,2.5,352,0.34793275240016364,-2.475670171853926
2017-08-19 10:00:00,31.2,70,0.1,5.0,330,2.5000000000000004,-4.330127018922193
2017-08-19 11:00:00,31.9,67,0.1,7.3,327,3.9758649556096977,-6.122295146001595
2017-08-19 12:00:00,32.0,67,0.0,9.3,324,5.46640284632,-7.523858047687012
2017-08-19 13:00:00,32.1,67,0.0,9.7,318,6.490566881680924,-7.208504807130724
2017-08-19 14:00:00,31.7,68,0.3,6.9,332,3.239353783222647,-6.092338390726596
2017-08-19 15:00:00,31.3,68,0.2,4.6,309,3.5748714227020657,-2.8948737988292517
2017-08-19 16:00:00,30.9,69,0.0,1.6,333,0.726384799583275,-1.4256104387013886
2017-08-19 17:00:00,30.4,71,0.0,0.8,63,-0.7128052193506944,-0.36319239979163737
2017-08-19 18:00:00,29.6,79,0.0,1.5,76,-1.4554435894139948,-0.3628828433995013
2017-08-19 19:00:00,29.3,75,0.0,1.5,76,-1.4554435894139948,-0.3628828433995013
2017-08-19 20:00:00,28.8,77,0.0,3.3,347,0.7423384793347542,-3.2154212137912763
2017-08-19 21:00:00,27.9,84,0.0,3.2,333,1.45276959916655,-2.851220877402777
2017-08-19 22:00:00,28.3,79,0.0,0.5,135,-0.35355339059327373,0.3535533905932738
2017-08-19 23:00:00,28.2,80,0.0,2.7,157,-1.0549740469210394,2.4853631043215887
2017-08-20 00:00:00,27.3,86,0.0,4.7,180,2.8779199779962803e-16,4.7
2017-08-20 01:00:00,27.1,87,0.0,5.0,210,2.5000000000000004,4.330127018922193
2017-08-20 02:00:00,27.4,85,0.0,3.2,243,2.8512208774027776,1.4527695991665497
2017-08-20 03:00:00,27.1,86,0.0,2.3,219,1.447436899414626,1.7874357113510329
2017-08-20 04:00:00,27.1,86,0.0,2.2,171,-0.34415582308850784,2.1729143493093033
2017-08-20 05:00:00,27.1,86,0.0,2.1,149,-1.081579957311114,1.800051331474436
2017-08-20 06:00:00,26.2,93,0.0,3.6,127,-2.8750878361702545,2.1665340833473734
2017-08-20 07:00:00,28.0,85,0.0,3.0,104,-2.9108871788279895,0.7257656867990032
2017-08-20 08:00:00,28.8,78,0.0,4.4,81,-4.3458286986186065,-0.6883116461770152
2017-08-20 09:00:00,29.7,74,0.0,4.0,85,-3.984778792366982,-0.3486229709906318
2017-08-20 10:00:00,30.8,68,0.0,1.3,34,-0.7269507745119705,-1.0777488443215544
2017-08-20 11:00:00,31.8,64,0.0,4.6,321,2.894873798829252,-3.5748714227020657
2017-08-20 12:00:00,32.3,61,0.0,6.1,320,3.92100441908789,-4.6728711030257655
2017-08-20 13:00:00,32.3,61,0.1,7.0,325,4.015035054457323,-5.7340643100229425
2017-08-20 14:00:00,32.1,63,0.1,7.8,326,4.361704647071825,-6.466493065929326
2017-08-20 15:00:00,32.0,63,0.1,7.2,323,4.333068166694749,-5.750175672340508
2017-08-20 16:00:00,31.7,64,0.1,6.9,313,5.046340541172277,-4.70578868443124
2017-08-20 17:00:00,30.8,70,0.0,7.3,327,3.9758649556096977,-6.122295146001595
2017-08-20 18:00:00,29.4,78,0.0,5.4,356,0.3766849582182763,-5.386845871403051
2017-08-20 19:00:00,28.3,80,0.0,7.9,344,2.1775351109542935,-7.59396739791272
2017-08-20 20:00:00,27.7,84,0.0,5.1,4,-0.35575801609504043,-5.087576656325103
2017-08-20 21:00:00,27.5,83,0.0,5.5,349,1.049449474570997,-5.3989495089621515
2017-08-20 22:00:00,27.0,86,0.0,4.8,347,1.0797650608505516,-4.676976310969129
2017-08-20 23:00:00,26.7,88,0.0,4.3,355,0.37476969381492997,-4.283637201794505
2017-08-21 00:00:00,26.6,90,0.0,4.3,360,2.632990618166809e-16,-4.3
2017-08-21 01:00:00,26.6,91,0.0,3.7,349,0.7059932828932162,-3.632020578756357
2017-08-21 02:00:00,26.3,92,0.0,3.6,315,2.5455844122715714,-2.545584412271571
2017-08-21 03:00:00,26.4,91,0.0,0.5,135,-0.35355339059327373,0.3535533905932738
2017-08-21 04:00:00,25.6,96,0.0,2.7,157,-1.0549740469210394,2.4853631043215887
2017-08-21 05:00:00,26.3,91,0.0,1.0,225,0.7071067811865476,0.7071067811865475
2017-08-21 06:00:00,26.4,91,0.0,2.2,351,0.34415582308850806,-2.1729143493093033
2017-08-21 07:00:00,27.3,85,0.0,2.8,40,-1.7998053071223103,-2.144924440733138
2017-08-21 08:00:00,28.6,81,0.1,4.9,36,-2.880147736233119,-3.9641832724372423
2017-08-21 09:00:00,29.7,76,0.0,5.1,356,0.35575801609503865,-5.087576656325103
2017-08-21 10:00:00,30.6,71,0.0,6.3,24,-2.5624408513775405,-5.755336383148386
2017-08-21 11:00:00,31.1,68,0.0,6.8,18,-2.1013155617496433,-6.467184310807044
2017-08-21 12:00:00,32.1,63,0.0,6.9,9,-1.0793978087775942,-6.81504955010645
2017-08-21 13:00:00,32.6,61,0.0,3.3,347,0.7423384793347542,-3.2154212137912763
2017-08-21 14:00:00,32.5,61,0.0,5.4,262,5.34744757120448,0.7515347451843534
2017-08-21 15:00:00,31.8,69,0.0,9.7,297,8.642763284627168,-4.403707847473603
2017-08-21 16:00:00,31.0,80,0.0,9.7,321,6.104407793183423,-7.538315826132617
2017-08-21 17:00:00,30.8,79,0.0,3.3,276,3.2819222547153015,-0.3449439287832564
2017-08-21 18:00:00,30.0,81,0.0,3.9,214,2.1808523235359125,3.233246532964663
2017-08-21 19:00:00,28.7,87,0.0,5.1,184,0.35575801609503865,5.087576656325103
2017-08-21 20:00:00,28.7,91,0.0,6.3,149,-3.2447398719333416,5.400153994423308
2017-08-21 21:00:00,29.2,83,0.0,5.1,172,-0.7097828148963332,5.050367150582009
2017-08-21 22:00:00,28.6,85,0.0,5.8,210,2.9000000000000004,5.0229473419497435
2017-08-21 23:00:00,27.9,90,0.0,6.2,190,1.0766187015349686,6.10580806867569
2017-08-22 00:00:00,29.0,82,0.0,3.4,148,-1.8017254983928963,2.8833635269318485
2017-08-22 01:00:00,27.9,86,0.0,3.8,107,-3.633958072659535,1.111012477946399
2017-08-22 02:00:00,27.2,89,0.0,2.3,108,-2.1874299874788528,0.7107390870623792
2017-08-22 03:00:00,27.0,88,0.0,2.3,51,-1.7874357113510326,-1.4474368994146265
2017-08-22 04:00:00,27.0,84,0.0,2.9,150,-1.4499999999999993,2.511473670974872
2017-08-22 05:00:00,26.3,89,1.8,8.8,189,1.3766232923540322,8.691657397237213
2017-08-22 06:00:00,26.1,89,0.3,1.8,101,-1.7669289302057951,0.34345619167778096
2017-08-22 07:00:00,26.8,86,0.0,4.6,72,-4.374859974957706,-1.4214781741247573
2017-08-22 08:00:00,28.1,78,0.0,10.6,204,4.311408416603482,9.683581851011569
2017-08-22 09:00:00,29.1,75,0.0,10.6,208,4.976398565530443,9.359244484304625
2017-08-22 10:00:00,30.3,72,0.0,11.2,201,4.013721034907364,10.45610077676866
2017-08-22 11:00:00,30.3,71,0.0,10.7,222,7.159697488039782,7.951649632608118
2017-08-22 12:00:00,31.5,67,0.0,13.5,205,5.705346533499442,12.235155124994774
2017-08-22 13:00:00,31.8,67,0.0,11.4,193,2.5644420195200603,11.107818738551682
2017-08-22 14:00:00,32.4,64,0.0,8.3,198,2.564841053312064,7.893769085249775
2017-08-22 15:00:00,32.4,66,0.0,8.4,205,3.5499933986218752,7.61298541110786
2017-08-22 16:00:00,32.5,66,0.0,8.7,222,5.821436275322066,6.46535998165333
2017-08-22 17:00:00,31.8,71,0.0,8.6,202,3.2216167033768426,7.973781149274371
2017-08-22 18:00:00,30.1,73,0.0,16.9,200,5.780140422203803,15.880805291281849
2017-08-22 19:00:00,28.6,81,0.6,13.4,194,3.241753401035547,13.001962732098352
2017-08-22 20:00:00,26.8,84,0.1,8.0,198,2.4721359549995796,7.608452130361228
2017-08-22 21:00:00,27.0,84,0.0,8.3,198,2.564841053312064,7.893769085249775
2017-08-22 22:00:00,26.5,91,0.0,1.8,127,-1.4375439180851273,1.0832670416736867
2017-08-22 23:00:00,26.2,90,0.0,4.0,63,-3.5640260967534716,-1.8159619989581868
2017-08-23 00:00:00,26.4,88,0.0,4.3,66,-3.9282454678631837,-1.7489675652259409
2017-08-23 01:00:00,26.7,87,0.0,6.0,65,-5.4378467222199,-2.5357095704441956
2017-08-23 02:00:00,26.4,89,0.1,5.6,50,-4.289848881466277,-3.5996106142446194
2017-08-23 03:00:00,26.1,92,1.7000000000000002,5.4,86,-5.386845871403051,-0.3766849582182765
2017-08-23 04:00:00,26.1,92,0.5,4.9,73,-4.685893304218874,-1.4326213531414103
2017-08-23 05:00:00,26.0,91,0.0,7.9,74,-7.59396739791272,-2.177535110954292
2017-08-23 06:00:00,25.9,91,0.0,7.6,71,-7.185941174554807,-2.474317973874391
2017-08-23 07:00:00,27.1,88,0.0,7.8,68,-7.232034065620942,-2.921931428644114
2017-08-23 08:00:00,29.2,78,0.0,5.3,62,-4.679622242152313,-2.4881992827652213
2017-08-23 09:00:00,30.0,72,0.0,3.3,41,-2.1649947956686737,-2.4905416147351476
2017-08-23 10:00:00,30.0,72,0.0,3.0,14,-0.7257656867990033,-2.9108871788279895
2017-08-23 11:00:00,30.5,70,0.0,5.3,28,-2.488199282765221,-4.679622242152313
2017-08-23 12:00:00,30.4,70,0.0,6.9,43,-4.705788684431241,-5.046340541172277
2017-08-23 13:00:00,31.0,66,0.1,2.6,236,2.1554976886431083,1.453901549023942
2017-08-23 14:00:00,28.8,78,0.1,8.9,243,7.929958065276475,4.040515447681966
2017-08-23 15:00:00,29.0,77,0.1,3.3,193,0.7423384793347542,3.2154212137912763
2017-08-23 16:00:00,28.7,79,0.0,6.1,87,-6.0916401620029,-0.31924933308195574
2017-08-23 17:00:00,28.1,83,0.0,6.0,65,-5.4378467222199,-2.5357095704441956
2017-08-23 18:00:00,27.8,86,0.0,2.8,40,-1.7998053071223103,-2.144924440733138
2017-08-23 19:00:00,27.1,89,0.0,4.3,24,-1.7489675652259404,-3.928245467863184
2017-08-23 20:00:00,27.3,85,0.0,8.0,36,-4.702282018339786,-6.472135954999579
2017-08-23 21:00:00,27.4,84,0.0,5.6,27,-2.5423467985414625,-4.989636535454859
2017-08-23 22:00:00,27.1,87,0.0,5.1,8,-0.7097828148963357,-5.050367150582008
2017-08-23 23:00:00,27.3,87,0.0,5.8,4,-0.40458754771592836,-5.78587149150698
2017-08-24 00:00:00,27.0,89,0.0,4.0,5,-0.348622970990633,-3.984778792366982
2017-08-24 01:00:00,26.7,90,0.0,4.5,346,1.0886485301985045,-4.366330768241984
2017-08-24 02:00:00,26.4,90,0.0,4.3,355,0.37476969381492997,-4.283637201794505
2017-08-24 03:00:00,26.2,89,0.0,4.1,15,-1.0611580849203346,-3.96029588778518
2017-08-24 04:00:00,26.1,91,0.0,4.6,18,-1.4214781741247586,-4.3748599749577055
2017-08-24 05:00:00,26.3,89,0.0,4.0,360,2.4492935982947064e-16,-4.0
2017-08-24 06:00:00,26.4,89,0.0,2.7,337,1.0549740469210391,-2.485363104321589
2017-08-24 07:00:00,27.6,84,0.0,1.8,349,0.34345619167778085,-1.7669289302057951
2017-08-24 08:00:00,26.3,90,0.0,4.6,108,-4.3748599749577055,1.4214781741247584
2017-08-24 09:00:00,27.8,85,0.0,1.1,90,-1.1,1.3471114790620887e-16
2017-08-24 10:00:00,28.9,82,0.0,2.2,9,-0.3441558230885083,-2.172914349309303
2017-08-24 11:00:00,29.9,77,0.0,4.0,10,-0.6945927106677213,-3.939231012048832
2017-08-24 12:00:00,30.9,75,0.1,3.9,338,1.4609657143220567,-3.616017032810471
2017-08-24 13:00:00,28.1,85,6.3,10.2,8,-1.4195656297926713,-10.100734301164016
2017-08-24 14:00:00,27.9,86,0.3,4.4,125,-3.6042689948715645,2.5237363199446023
2017-08-24 15:00:00,28.2,85,0.0,6.2,159,-2.2218812871808615,5.788198644282651
2017-08-24 16:00:00,28.6,81,0.3,3.9,112,-3.6160170328104706,1.4609657143220578
2017-08-24 17:00:00,26.1,92,4.3,8.4,83,-8.337387673787106,-1.0237024846032374
2017-08-24 18:00:00,26.0,93,0.1,5.4,127,-4.312631754255382,3.2498011250210603
2017-08-24 19:00:00,25.7,94,0.0,4.3,138,-2.8772616073430903,3.195522749552795
2017-08-24 20:00:00,25.3,96,0.0,0.4,360,2.4492935982947065e-17,-0.4
2017-08-24 21:00:00,25.1,95,0.6,4.9,144,-2.880147736233118,3.9641832724372428
2017-08-24 22:00:00,24.9,93,2.9,5.8,150,-2.8999999999999986,5.022947341949744
2017-08-24 23:00:00,25.0,93,2.6,2.4,117,-2.138415658052083,1.0895771993749124
2017-08-25 00:00:00,25.1,91,0.0,1.1,360,6.735557395310444e-17,-1.1
2017-08-25 01:00:00,24.8,93,0.0,3.7,349,0.7059932828932162,-3.632020578756357
2017-08-25 02:00:00,24.6,93,0.0,3.5,24,-1.4235782507653003,-3.1974091017491033
2017-08-25 03:00:00,24.6,94,0.0,2.7,67,-2.485363104321589,-1.0549740469210387
2017-08-25 04:00:00,24.9,91,0.0,3.3,13,-0.7423384793347553,-3.215421213791276
2017-08-25 05:00:00,24.8,92,0.0,3.4,32,-1.801725498392897,-2.883363526931848
2017-08-25 06:00:00,25.2,91,0.0,2.9,30,-1.4500000000000013,-2.5114736709748713
2017-08-25 07:00:00,26.4,88,0.0,4.4,351,0.6883116461770161,-4.3458286986186065
2017-08-25 08:00:00,28.3,79,0.0,5.1,352,0.7097828148963339,-5.050367150582009
2017-08-25 09:00:00,29.5,73,0.0,0.7000000000000001,360,4.2862637970157366e-17,-0.7000000000000001
2017-08-25 10:00:00,30.3,70,0.0,1.8,11,-0.3434561916777803,-1.7669289302057951
2017-08-25 11:00:00,30.6,71,0.0,1.9,338,0.7117525274902327,-1.761649323676896
2017-08-25 12:00:00,30.9,71,0.0,5.6,310,4.289848881466277,-3.5996106142446194
2017-08-25 13:00:00,30.9,72,0.0,7.7,323,4.633975678270772,-6.149493427364155
2017-08-25 14:00:00,30.7,73,0.0,6.6,319,4.329989591337347,-4.981083229470295
2017-08-25 15:00:00,30.4,75,0.1,7.6,329,3.9142893693164114,-6.5144714853360535
2017-08-25 16:00:00,30.0,77,0.0,8.5,324,4.996174644486022,-6.876644452187053
2017-08-25 17:00:00,29.1,81,0.0,7.9,321,4.971631089293717,-6.139453095510071
2017-08-25 18:00:00,27.6,88,0.1,4.5,119,-3.935788682127281,2.181643291108517
2017-08-25 19:00:00,26.2,93,1.1,2.8,40,-1.7998053071223103,-2.144924440733138
2017-08-25 20:00:00,26.4,85,0.7000000000000001,7.7,118,-6.798696465013738,3.6149310334513585
2017-08-25 21:00:00,26.1,87,0.9,7.1,139,-4.658019105832601,5.358438019581682
2017-08-25 22:00:00,25.7,90,0.0,7.4,141,-4.656970893768796,5.750880114781586
2017-08-25 23:00:00,25.7,91,0.0,7.9,210,3.950000000000001,6.841600689897065
2017-08-26 00:00:00,25.3,94,0.0,2.6,164,-0.7166571251241975,2.499280409439629
2017-08-26 01:00:00,25.3,93,0.0,3.9,292,3.616017032810471,-1.460965714322057
2017-08-26 02:00:00,25.1,94,0.0,2.2,189,0.34415582308850806,2.1729143493093033
2017-08-26 03:00:00,24.8,96,0.0,3.8,163,-1.1110124779463992,3.633958072659535
2017-08-26 04:00:00,25.2,94,0.0,2.9,120,-2.511473670974872,1.4499999999999997
2017-08-26 05:00:00,25.2,93,0.0,2.9,120,-2.511473670974872,1.4499999999999997
2017-08-26 06:00:00,25.3,93,0.0,1.5,135,-1.0606601717798212,1.0606601717798214
2017-08-26 07:00:00,26.7,85,0.0,2.6,106,-2.499280409439629,0.716657125124198
2017-08-26 08:00:00,28.3,78,0.0,3.1,159,-1.1109406435904308,2.8940993221413254
2017-08-26 09:00:00,29.6,76,0.0,3.9,202,1.4609657143220567,3.616017032810471
2017-08-26 10:00:00,30.6,71,0.0,3.1,216,1.8221342821066668,2.5079526825623373
2017-08-26 11:00:00,31.4,67,0.0,3.9,236,3.2332465329646625,2.180852323535913
2017-08-26 12:00:00,31.4,66,0.0,1.8,259,1.7669289302057951,0.34345619167778063
2017-08-26 13:00:00,31.6,66,0.0,5.3,298,4.679622242152313,-2.4881992827652213
2017-08-26 14:00:00,30.8,71,0.0,10.1,272,10.093847352892867,-0.3524849166952598
2017-08-26 15:00:00,29.9,76,0.0,6.9,186,0.7212463965468089,6.862201078041086
2017-08-26 16:00:00,28.7,82,0.0,3.1,159,-1.1109406435904308,2.8940993221413254
2017-08-26 17:00:00,28.3,84,0.0,2.1,121,-1.8000513314744357,1.0815799573111142
2017-08-26 18:00:00,27.9,88,0.0,1.1,72,-1.046162167924669,-0.33991869381244205
2017-08-26 19:00:00,27.0,89,0.0,3.8,73,-3.6339580726595346,-1.1110124779463997
2017-08-26 20:00:00,29.1,80,0.0,3.7,299,3.2360929164157644,-1.7937955949114472
2017-08-26 21:00:00,27.7,91,0.0,4.6,219,2.894873798829252,3.5748714227020657
2017-08-26 22:00:00,27.3,90,0.0,3.8,163,-1.1110124779463992,3.633958072659535
2017-08-26 23:00:00,27.1,91,0.0,4.8,167,-1.079765060850552,4.676976310969129
2017-08-27 00:00:00,26.8,93,0.0,9.4,212,4.981241083792126,7.9716521038704045
2017-08-27 01:00:00,26.4,96,0.1,6.9,174,-0.7212463965468096,6.862201078041086
2017-08-27 02:00:00,26.5,94,0.0,5.4,160,-1.8469087739586112,5.074340152243906
2017-08-27 03:00:00,26.4,93,0.0,4.3,138,-2.8772616073430903,3.195522749552795
2017-08-27 04:00:00,26.1,95,0.0,3.3,174,-0.3449439287832567,3.2819222547153015
2017-08-27 05:00:00,26.2,93,0.0,3.9,158,-1.4609657143220571,3.616017032810471
2017-08-27 06:00:00,26.2,94,0.0,1.5,104,-1.4554435894139948,0.3628828433995016
2017-08-27 07:00:00,27.6,84,0.0,3.4,288,3.233592155403522,-1.0506577808748212
2017-08-27 08:00:00,28.4,85,0.0,7.6,270,7.6,0.0
2017-08-27 09:00:00,29.3,82,0.1,4.8,312,3.5670951622914924,-3.2118269105225195
2017-08-27 10:00:00,27.4,85,3.0,5.5,337,2.1490212066910055,-5.062776693988422
2017-08-27 11:00:00,28.1,85,0.4,7.8,68,-7.232034065620942,-2.921931428644114
2017-08-27 12:00:00,28.3,86,0.1,8.2,29,-3.975438886019962,-7.171881598543046
2017-08-27 13:00:00,29.7,77,0.0,11.4,11,-2.1752225472926088,-11.19054989130337
2017-08-27 14:00:00,29.8,77,0.0,12.9,13,-2.901868601035862,-12.569373835729534
2017-08-27 15:00:00,29.1,78,0.0,11.2,358,0.3908743630680121,-11.193177262613872
2017-08-27 16:00:00,28.9,81,0.0,7.7,41,-5.051654523226906,-5.811263767715345
2017-08-27 17:00:00,28.1,83,0.8,6.5,56,-5.388744221607772,-3.6347538725598536
2017-08-27 18:00:00,27.5,88,0.0,2.8,50,-2.1449244407331385,-1.7998053071223097
2017-08-27 19:00:00,26.9,92,0.0,2.8,40,-1.7998053071223103,-2.144924440733138
2017-08-27 20:00:00,26.6,92,0.0,1.3,124,-1.0777488443215542,0.726950774511971
2017-08-27 21:00:00,26.5,92,0.0,0.8,63,-0.7128052193506944,-0.36319239979163737
2017-08-27 22:00:00,25.5,96,2.3,1.3,34,-0.7269507745119705,-1.0777488443215544
2017-08-27 23:00:00,25.2,97,1.0,0.7000000000000001,90,-0.7000000000000001,8.572527594031473e-17
2017-08-28 00:00:00,25.0,97,0.6,2.8,40,-1.7998053071223103,-2.144924440733138
2017-08-28 01:00:00,24.7,97,0.0,4.7,9,-0.7352419856890859,-4.6421352007971475
2017-08-28 02:00:00,24.6,97,0.0,2.6,16,-0.7166571251241971,-2.4992804094396295
2017-08-28 03:00:00,24.5,96,0.0,3.3,41,-2.1649947956686737,-2.4905416147351476
2017-08-28 04:00:00,24.3,96,0.0,4.5,29,-2.1816432911085157,-3.935788682127282
2017-08-28 05:00:00,24.2,95,0.0,5.3,28,-2.488199282765221,-4.679622242152313
2017-08-28 06:00:00,24.3,94,0.0,6.9,6,-0.7212463965468082,-6.862201078041087
2017-08-28 07:00:00,25.7,92,0.0,8.4,7,-1.0237024846032363,-8.337387673787106
2017-08-28 08:00:00,27.4,84,0.0,9.7,360,5.939536975864663e-16,-9.7
2017-08-28 09:00:00,29.0,78,0.0,10.1,358,0.3524849166952609,-10.093847352892867
2017-08-28 10:00:00,30.2,73,0.0,10.4,360,6.368163355566237e-16,-10.4
2017-08-28 11:00:00,31.4,70,0.0,9.1,7,-1.1090110249868392,-9.03216997993603
2017-08-28 12:00:00,32.2,66,0.0,8.8,351,1.3766232923540322,-8.691657397237213
2017-08-28 13:00:00,31.0,73,0.4,15.8,330,7.900000000000002,-13.68320137979413
2017-08-28 14:00:00,30.3,77,0.5,18.1,339,6.4864598867699375,-16.897805719599354
2017-08-28 15:00:00,29.4,80,1.3,13.3,347,2.991849022773404,-12.959121861643629
2017-08-28 16:00:00,28.5,83,0.5,7.3,351,1.1419715947936857,-7.210124886344506
2017-08-28 17:00:00,27.8,86,0.1,7.6,355,0.6623836448822018,-7.571079705497266
2017-08-28 18:00:00,27.5,87,0.0,6.1,315,4.31335136523794,-4.313351365237939
2017-08-28 19:00:00,27.3,89,0.0,2.7,247,2.485363104321589,1.0549740469210394
2017-08-28 20:00:00,26.2,97,0.0,6.9,186,0.7212463965468089,6.862201078041086
2017-08-28 21:00:00,26.2,95,0.0,7.9,180,4.837354856632045e-16,7.9
2017-08-28 22:00:00,26.1,94,0.0,4.9,163,-1.4326213531414098,4.685893304218874
2017-08-28 23:00:00,26.1,93,0.0,2.5,188,0.34793275240016364,2.475670171853926
2017-08-29 00:00:00,26.1,94,0.0,2.9,173,-0.35342109587492737,2.878383839759834
2017-08-29 01:00:00,25.9,95,0.0,4.1,165,-1.0611580849203355,3.96029588778518
2017-08-29 02:00:00,25.5,95,0.0,4.5,166,-1.088648530198505,4.366330768241984
2017-08-29 03:00:00,25.7,94,0.0,4.6,198,1.4214781741247582,4.3748599749577055
2017-08-29 04:00:00,25.8,95,0.0,4.7,189,0.7352419856890854,4.6421352007971475
2017-08-29 05:00:00,25.6,95,0.0,3.3,167,-0.7423384793347546,3.2154212137912763
2017-08-29 06:00:00,26.1,93,0.0,2.2,171,-0.34415582308850784,2.1729143493093033
2017-08-29 07:00:00,27.0,90,0.0,1.6,153,-0.7263847995832747,1.4256104387013888
2017-08-29 08:00:00,28.1,87,0.0,5.4,188,0.7515347451843536,5.34744757120448
2017-08-29 09:00:00,29.1,80,0.0,3.8,197,1.1110124779463997,3.6339580726595346
2017-08-29 10:00:00,29.7,73,0.0,2.9,263,2.8783838397598336,0.35342109587492765
2017-08-29 11:00:00,30.3,71,0.0,3.3,311,2.4905416147351476,-2.1649947956686737
2017-08-29 12:00:00,31.2,67,0.0,3.6,323,2.1665340833473743,-2.875087836170254
2017-08-29 13:00:00,31.3,66,0.0,5.9,308,4.64926344627966,-3.6324027044213842
2017-08-29 14:00:00,31.5,67,0.0,2.9,300,2.511473670974872,-1.4499999999999997
2017-08-29 15:00:00,31.3,68,0.0,2.4,117,-2.138415658052083,1.0895771993749124
2017-08-29 16:00:00,31.2,69,0.0,5.2,168,-1.0811407922523486,5.08636752381579
2017-08-29 17:00:00,30.8,71,0.0,4.5,194,1.0886485301985045,4.366330768241984
2017-08-29 18:00:00,29.4,83,0.0,3.9,202,1.4609657143220567,3.616017032810471
2017-08-29 19:00:00,28.5,84,0.0,7.6,211,3.9142893693164114,6.5144714853360535
2017-08-29 20:00:00,28.0,87,0.0,8.9,194,2.1531048708370424,8.635631963856369
2017-08-29 21:00:00,28.0,87,0.0,8.0,188,1.1133848076805237,7.922144549932563
2017-08-29 22:00:00,27.5,87,0.0,6.2,187,0.7555899291119145,6.153786140176196
2017-08-29 23:00:00,26.9,88,0.0,4.7,180,2.8779199779962803e-16,4.7
2017-08-30 00:00:00,26.1,92,0.0,4.5,119,-3.935788682127281,2.181643291108517
2017-08-30 01:00:00,26.0,92,0.0,2.9,83,-2.878383839759834,-0.3534210958749272
2017-08-30 02:00:00,25.9,93,0.0,3.7,79,-3.632020578756357,-0.7059932828932155
2017-08-30 03:00:00,25.5,93,0.0,5.9,76,-5.7247447850283795,-1.4273391840380383
2017-08-30 04:00:00,25.1,92,0.0,6.7,74,-6.440453362786736,-1.8467702839738933
2017-08-30 05:00:00,24.6,90,0.0,6.4,63,-5.702441754805555,-2.905539198333099
2017-08-30 06:00:00,24.4,88,0.0,6.8,58,-5.766727053863697,-3.6034509967857926
2017-08-30 07:00:00,25.7,84,0.0,7.1,45,-5.020458146424488,-5.020458146424486
2017-08-30 08:00:00,28.3,76,0.0,7.3,20,-2.49674704627738,-6.859756131737131
2017-08-30 09:00:00,29.9,68,0.0,8.8,12,-1.8296228791962863,-8.60769888645749
2017-08-30 10:00:00,30.6,68,0.0,7.7,349,1.4692292643993958,-7.558529312547013
2017-08-30 11:00:00,31.2,68,0.0,7.6,329,3.9142893693164114,-6.5144714853360535
2017-08-30 12:00:00,30.5,72,0.0,11.1,331,5.3813867847343415,-9.708278749247292
2017-08-30 13:00:00,30.5,73,0.0,10.3,331,4.993539088537273,-9.008582983535776
2017-08-30 14:00:00,31.3,68,0.0,3.1,324,1.8221342821066668,-2.5079526825623373
2017-08-30 15:00:00,31.2,69,0.0,4.2,200,1.436484601967809,3.9467090073008153
2017-08-30 16:00:00,30.9,72,0.0,8.9,201,3.1894747509531736,8.308865795825096
2017-08-30 17:00:00,30.1,79,0.0,9.6,193,2.159530121701103,9.353952621938259
2017-08-30 18:00:00,29.0,82,0.0,9.7,182,0.33852511801426044,9.694091022085228
2017-08-30 19:00:00,28.4,82,0.0,8.6,182,0.3001356716415093,8.594761112364223
2017-08-30 20:00:00,28.0,80,0.0,9.6,200,3.2833933759264204,9.02104915954472
2017-08-30 21:00:00,27.1,86,0.0,4.7,157,-1.8364363038995868,4.326372811226469
2017-08-30 22:00:00,26.9,86,0.0,1.8,79,-1.7669289302057951,-0.3434561916777805
2017-08-30 23:00:00,26.5,89,0.0,1.6,63,-1.4256104387013888,-0.7263847995832747
2017-08-31 00:00:00,26.1,91,0.0,3.3,96,-3.2819222547153015,0.3449439287832573
2017-08-31 01:00:00,25.9,92,0.0,3.2,63,-2.8512208774027776,-1.4527695991665495
2017-08-31 02:00:00,25.5,94,0.0,3.4,18,-1.0506577808748216,-3.233592155403522
2017-08-31 03:00:00,25.4,96,0.0,4.0,355,0.34862297099063255,-3.984778792366982
2017-08-31 04:00:00,25.6,95,0.0,2.6,16,-0.7166571251241971,-2.4992804094396295
2017-08-31 05:00:00,25.5,94,0.0,3.6,6,-0.3763024677635521,-3.5802788233257843
2017-08-31 06:00:00,25.6,95,0.0,1.8,53,-1.437543918085127,-1.0832670416736871
2017-08-31 07:00:00,27.2,86,0.0,4.8,42,-3.211826910522519,-3.567095162291493
2017-08-31 08:00:00,28.2,82,0.0,2.9,7,-0.35342109587492676,-2.878383839759834
2017-08-31 09:00:00,29.9,73,0.0,2.5,352,0.34793275240016364,-2.475670171853926
2017-08-31 10:00:00,31.2,65,0.0,2.4,333,1.0895771993749124,-2.138415658052083
2017-08-31 11:00:00,31.8,64,0.0,4.1,315,2.899137802864845,-2.8991378028648445
2017-08-31 12:00:00,32.2,62,0.0,2.8,310,2.1449244407331385,-1.7998053071223097
2017-08-31 13:00:00,31.8,63,0.0,3.6,264,3.580278823325784,0.37630246776355253
2017-08-31 14:00:00,30.8,70,0.0,7.2,233,5.750175672340508,4.333068166694748
2017-08-31 15:00:00,29.9,78,0.1,6.8,252,6.467184310807044,2.1013155617496424
2017-08-31 16:00:00,29.6,80,0.2,5.2,254,4.998560818879258,1.4333142502483958
2017-08-31 17:00:00,29.4,81,0.0,3.7,241,3.2360929164157644,1.7937955949114472
2017-08-31 18:00:00,28.4,88,0.0,4.0,207,1.8159619989581872,3.564026096753471
2017-08-31 19:00:00,27.6,89,0.0,5.6,207,2.542346798541462,4.989636535454859
2017-08-31 20:00:00,27.7,92,0.0,4.4,99,-4.345828698618606,0.6883116461770163
2017-08-31 21:00:00,27.7,93,0.0,2.7,67,-2.485363104321589,-1.0549740469210387
2017-08-31 22:00:00,27.2,95,0.0,3.0,14,-0.7257656867990033,-2.9108871788279895
2017-08-31 23:00:00,26.5,97,0.0,4.0,10,-0.6945927106677213,-3.939231012048832
2017-09-01 00:00:00,26.4,97,0.0,4.5,331,2.181643291108517,-3.935788682127281
2017-09-01 01:00:00,26.2,98,0.0,3.1,249,2.8940993221413254,1.1109406435904308
2017-09-01 02:00:00,25.9,99,0.0,4.6,198,1.4214781741247582,4.3748599749577055
2017-09-01 03:00:00,26.3,97,0.0,4.6,162,-1.4214781741247577,4.374859974957706
2017-09-01 04:00:00,26.2,96,0.0,5.2,164,-1.433314250248395,4.998560818879258
2017-09-01 05:00:00,26.4,93,0.0,4.8,153,-2.179154398749824,4.276831316104166
2017-09-01 06:00:00,26.2,93,0.0,5.2,155,-2.1976149610516367,4.71280049259058
2017-09-01 07:00:00,27.2,88,0.0,4.7,148,-2.4906205418960625,3.9858260519352027
2017-09-01 08:00:00,28.3,83,0.0,4.2,160,-1.4364846019678086,3.9467090073008158
2017-09-01 09:00:00,29.5,77,0.0,2.3,198,0.7107390870623791,2.1874299874788528
2017-09-01 10:00:00,30.0,74,0.0,1.3,214,0.7269507745119709,1.0777488443215544
2017-09-01 11:00:00,29.9,76,0.0,6.1,183,0.3192493330819582,6.0916401620029
2017-09-01 12:00:00,30.0,76,0.0,3.5,246,3.197409101749103,1.4235782507653008
2017-09-01 13:00:00,29.9,79,0.0,7.0,325,4.015035054457323,-5.7340643100229425
2017-09-01 14:00:00,30.3,76,0.1,7.0,249,6.535062985480412,2.5085756468171017
2017-09-01 15:00:00,29.4,79,0.0,13.7,215,7.857997178009332,11.222383006759188
2017-09-01 16:00:00,27.2,90,1.5,15.7,217,9.448495863487159,12.538577507742497
2017-09-01 17:00:00,26.2,93,1.8,13.2,202,4.944807033090037,12.238826880281593
2017-09-01 18:00:00,25.5,94,2.6,15.6,203,6.09540560443267,14.35987571385807
2017-09-01 19:00:00,25.6,95,4.1,2.6,164,-0.7166571251241975,2.499280409439629
2017-09-01 20:00:00,26.4,93,4.7,10.6,198,3.275580140374443,10.081199072728626
2017-09-01 21:00:00,26.6,92,0.0,6.0,205,2.5357095704441965,5.437846722219899
2017-09-01 22:00:00,26.3,94,0.2,3.1,135,-2.192031021678297,2.1920310216782974
2017-09-01 23:00:00,26.3,97,0.2,2.9,90,-2.9,3.5514757175273243e-16
2017-09-02 00:00:00,26.2,95,0.9,4.7,356,0.3278554265973886,-4.688551036221174
2017-09-02 01:00:00,25.9,97,0.3,5.1,352,0.7097828148963339,-5.050367150582009
2017-09-02 02:00:00,25.9,96,0.0,4.0,333,1.8159619989581872,-3.564026096753471
2017-09-02 03:00:00,25.6,96,0.0,4.1,45,-2.8991378028648453,-2.8991378028648445
2017-09-02 04:00:00,25.6,96,0.1,2.6,74,-2.499280409439629,-0.7166571251241974
2017-09-02 05:00:00,25.5,96,0.0,4.4,35,-2.523736319944604,-3.604268994871563
2017-09-02 06:00:00,25.7,95,0.0,3.0,104,-2.9108871788279895,0.7257656867990032
2017-09-02 07:00:00,26.7,90,0.0,1.8,233,1.437543918085127,1.083267041673687
2017-09-02 08:00:00,27.2,89,0.0,4.3,275,4.283637201794505,-0.3747696938149301
2017-09-02 09:00:00,28.4,82,0.0,4.3,228,3.195522749552795,2.8772616073430903
2017-09-02 10:00:00,28.8,81,0.0,7.2,183,0.3768188849491966,7.190132650232932
2017-09-02 11:00:00,29.5,78,0.0,7.2,183,0.3768188849491966,7.190132650232932
2017-09-02 12:00:00,30.7,73,0.0,9.5,171,-1.4861274178821928,9.38303923565381
2017-09-02 13:00:00,28.7,80,5.0,10.1,186,1.0557374790032998,10.04467114321956
2017-09-02 14:00:00,28.4,79,1.9,10.3,205,4.352968095929205,9.334970206477495
2017-09-02 15:00:00,26.5,93,3.1,7.9,164,-2.1775351109542926,7.59396739791272
2017-09-02 16:00:00,26.6,91,1.0,4.2,110,-3.9467090073008153,1.4364846019678092
2017-09-02 17:00:00,27.0,91,0.0,4.7,94,-4.688551036221174,0.32785542659739
2017-09-02 18:00:00,26.7,93,0.2,3.7,29,-1.7937955949114464,-3.2360929164157652
2017-09-02 19:00:00,26.1,96,0.9,2.8,50,-2.1449244407331385,-1.7998053071223097
2017-09-02 20:00:00,26.1,96,0.9,2.9,120,-2.511473670974872,1.4499999999999997
2017-09-02 21:00:00,26.2,94,0.1,4.8,77,-4.676976310969129,-1.0797650608505518
2017-09-02 22:00:00,26.0,93,0.0,4.3,85,-4.283637201794505,-0.37476969381492914
2017-09-02 23:00:00,25.7,95,0.0,2.6,74,-2.499280409439629,-0.7166571251241974
2017-09-03 00:00:00,25.6,95,0.0,2.5,135,-1.7677669529663687,1.7677669529663689
2017-09-03 01:00:00,25.5,95,0.0,3.3,77,-3.2154212137912763,-0.7423384793347544
2017-09-03 02:00:00,25.4,95,0.0,6.8,32,-3.603450996785794,-5.766727053863696
2017-09-03 03:00:00,24.9,96,0.0,3.4,18,-1.0506577808748216,-3.233592155403522
2017-09-03 04:00:00,24.8,97,0.0,4.0,270,4.0,0.0
2017-09-03 05:00:00,24.9,96,0.0,2.2,270,2.2,0.0
2017-09-03 06:00:00,25.2,95,0.0,4.1,52,-3.23084408978756,-2.5242120488351985
2017-09-03 07:00:00,26.5,91,0.0,5.3,62,-4.679622242152313,-2.4881992827652213
2017-09-03 08:00:00,28.1,82,0.0,1.5,14,-0.36288284339950166,-1.4554435894139948
2017-09-03 09:00:00,29.5,77,0.0,3.1,315,2.1920310216782974,-2.192031021678297
2017-09-03 10:00:00,30.6,72,0.0,1.5,166,-0.36288284339950166,1.4554435894139948
2017-09-03 11:00:00,31.3,70,0.0,1.4,180,8.572527594031472e-17,1.4
2017-09-03 12:00:00,32.0,67,0.0,4.7,184,0.3278554265973886,4.688551036221174
2017-09-03 13:00:00,28.4,79,6.8,13.0,236,10.77748844321554,7.26950774511971
2017-09-03 14:00:00,27.6,83,1.1,1.8,143,-1.0832670416736871,1.4375439180851268
2017-09-03 15:00:00,28.0,84,0.3,1.9,68,-1.761649323676896,-0.7117525274902328
2017-09-03 16:00:00,27.6,84,0.4,4.4,99,-4.345828698618606,0.6883116461770163
2017-09-03 17:00:00,27.5,87,0.1,2.6,106,-2.499280409439629,0.716657125124198
2017-09-03 18:00:00,27.1,90,0.1,3.7,61,-3.236092916415765,-1.7937955949114468
2017-09-03 19:00:00,26.5,93,0.0,3.5,66,-3.197409101749103,-1.4235782507653008
2017-09-03 20:00:00,26.5,93,0.0,6.1,50,-4.6728711030257655,-3.921004419087889
2017-09-03 21:00:00,26.4,95,0.0,4.5,14,-1.088648530198505,-4.366330768241984
2017-09-03 22:00:00,26.4,95,0.0,3.2,333,1.45276959916655,-2.851220877402777
2017-09-03 23:00:00,26.3,94,0.0,5.2,16,-1.4333142502483942,-4.998560818879259
2017-09-04 00:00:00,25.9,95,0.0,4.0,27,-1.8159619989581877,-3.564026096753471
2017-09-04 01:00:00,25.6,96,0.0,4.7,293,4.32637281122647,-1.8364363038995868
2017-09-04 02:00:00,25.4,96,0.0,5.2,348,1.0811407922523493,-5.086367523815789
2017-09-04 03:00:00,25.2,97,0.0,5.0,30,-2.500000000000002,-4.330127018922192
2017-09-04 04:00:00,25.2,96,0.0,4.2,31,-2.163159914622229,-3.600102662948871
2017-09-04 05:00:00,25.0,96,0.0,4.1,15,-1.0611580849203346,-3.96029588778518
2017-09-04 06:00:00,25.0,96,0.0,3.8,17,-1.111012477946401,-3.633958072659534
2017-09-04 07:00:00,26.8,91,0.0,2.4,27,-1.0895771993749126,-2.138415658052083
2017-09-04 08:00:00,27.7,85,0.0,6.0,33,-3.267834210090162,-5.032023407672544
2017-09-04 09:00:00,28.9,79,0.0,5.4,53,-4.312631754255381,-3.2498011250210617
2017-09-04 10:00:00,29.7,74,0.0,2.2,81,-2.1729143493093033,-0.3441558230885076
2017-09-04 11:00:00,30.5,72,0.0,1.6,207,0.726384799583275,1.4256104387013886
2017-09-04 12:00:00,31.4,68,0.1,5.0,240,4.330127018922194,2.4999999999999996
2017-09-04 13:00:00,30.6,73,0.3,4.2,301,3.600102662948872,-2.1631599146222276
2017-09-04 14:00:00,29.3,75,5.9,6.6,61,-5.772490067120012,-3.1997434936258236
2017-09-04 15:00:00,27.2,88,2.3,6.6,139,-4.329989591337347,4.981083229470296
2017-09-04 16:00:00,27.5,87,0.7000000000000001,3.7,79,-3.632020578756357,-0.7059932828932155
2017-09-04 17:00:00,27.7,86,0.2,2.5,98,-2.475670171853926,0.3479327524001633
2017-09-04 18:00:00,27.1,92,0.1,2.3,198,0.7107390870623791,2.1874299874788528
2017-09-04 19:00:00,26.5,94,0.0,3.9,202,1.4609657143220567,3.616017032810471
2017-09-04 20:00:00,26.6,94,0.0,3.3,174,-0.3449439287832567,3.2819222547153015
2017-09-04 21:00:00,26.8,94,0.0,2.5,172,-0.3479327524001634,2.475670171853926
2017-09-04 22:00:00,26.7,94,0.1,2.3,141,-1.4474368994146256,1.7874357113510333
2017-09-04 23:00:00,26.4,96,0.0,2.2,99,-2.172914349309303,0.3441558230885082
2017-09-05 00:00:00,26.2,95,0.0,2.3,51,-1.7874357113510326,-1.4474368994146265
2017-09-05 01:00:00,26.0,96,0.0,3.4,32,-1.801725498392897,-2.883363526931848
2017-09-05 02:00:00,26.7,91,0.0,1.0,45,-0.7071067811865477,-0.7071067811865475
2017-09-05 03:00:00,25.8,95,0.0,2.6,146,-1.4539015490239415,2.1554976886431088
2017-09-05 04:00:00,25.3,96,0.0,3.5,114,-3.197409101749103,1.4235782507653014
2017-09-05 05:00:00,25.2,96,0.0,2.3,51,-1.7874357113510326,-1.4474368994146265
2017-09-05 06:00:00,25.3,95,0.0,2.0,45,-1.4142135623730954,-1.414213562373095
2017-09-05 07:00:00,26.8,89,0.0,3.9,68,-3.616017032810471,-1.460965714322057
2017-09-05 08:00:00,27.9,85,0.0,6.4,27,-2.9055391983331003,-5.702441754805554
2017-09-05 09:00:00,29.3,79,0.0,6.5,3,-0.340183715579138,-6.49109197590473
2017-09-05 10:00:00,30.4,73,0.0,8.4,7,-1.0237024846032363,-8.337387673787106
2017-09-05 11:00:00,30.7,72,0.0,7.9,360,4.837354856632045e-16,-7.9
2017-09-05 12:00:00,31.1,71,0.1,7.9,344,2.1775351109542935,-7.59396739791272
2017-09-05 13:00:00,30.0,76,0.2,9.6,340,3.2833933759264204,-9.02104915954472
2017-09-05 14:00:00,29.3,80,0.5,5.8,4,-0.40458754771592836,-5.78587149150698
2017-09-05 15:00:00,29.3,79,0.1,8.0,355,0.6972459419812651,-7.969557584733964
2017-09-05 16:00:00,28.7,81,0.0,4.8,77,-4.676976310969129,-1.0797650608505518
2017-09-05 17:00:00,27.9,85,0.0,6.2,111,-5.788198644282651,2.2218812871808615
2017-09-05 18:00:00,27.0,89,0.0,7.1,135,-5.020458146424486,5.020458146424487
2017-09-05 19:00:00,26.4,92,0.0,5.1,141,-3.20953399435417,3.963444403430552
2017-09-05 20:00:00,27.4,93,0.0,3.9,236,3.2332465329646625,2.180852323535913
2017-09-05 21:00:00,27.5,92,0.0,3.6,276,3.580278823325784,-0.37630246776355253
2017-09-05 22:00:00,26.9,96,0.0,3.9,292,3.616017032810471,-1.460965714322057
2017-09-05 23:00:00,27.2,93,0.0,3.4,288,3.233592155403522,-1.0506577808748212
2017-09-06 00:00:00,26.6,97,0.0,2.2,189,0.34415582308850806,2.1729143493093033
2017-09-06 01:00:00,26.3,98,0.0,2.9,173,-0.35342109587492737,2.878383839759834
2017-09-06 02:00:00,26.4,96,0.0,1.5,45,-1.0606601717798214,-1.0606601717798212
2017-09-06 03:00:00,26.3,96,0.0,3.5,24,-1.4235782507653003,-3.1974091017491033
2017-09-06 04:00:00,25.9,98,0.0,3.8,41,-2.4930243101639276,-2.8678964048465336
2017-09-06 05:00:00,26.6,93,0.0,2.7,203,1.0549740469210391,2.485363104321589
2017-09-06 06:00:00,26.5,94,0.0,4.4,215,2.5237363199446032,3.604268994871564
2017-09-06 07:00:00,26.9,93,0.0,6.3,204,2.5624408513775414,5.755336383148386
2017-09-06 08:00:00,27.9,86,0.0,1.8,233,1.437543918085127,1.083267041673687
2017-09-06 09:00:00,29.3,78,0.0,4.1,225,2.899137802864845,2.8991378028648445
2017-09-06 10:00:00,30.2,75,0.0,5.8,210,2.9000000000000004,5.0229473419497435
2017-09-06 11:00:00,30.8,75,0.0,8.7,210,4.3500000000000005,7.534421012924615
2017-09-06 12:00:00,31.2,75,0.0,8.5,216,4.996174644486022,6.876644452187053
2017-09-06 13:00:00,31.5,73,0.0,8.0,234,6.47213595499958,4.702282018339785
2017-09-06 14:00:00,31.7,71,0.0,9.3,242,8.211412613588022,4.366085533908785
2017-09-06 15:00:00,30.6,76,0.2,11.5,238,9.7525531057989,6.094071538681856
2017-09-06 16:00:00,29.4,81,0.1,8.7,218,5.356254835333226,6.855693556378481
2017-09-06 17:00:00,28.6,84,0.3,6.8,180,4.1637991171010006e-16,6.8
2017-09-06 18:00:00,28.1,88,0.0,6.8,162,-2.101315561749642,6.467184310807045
2017-09-06 19:00:00,27.9,89,0.0,7.8,167,-1.7546182238821473,7.6000865053248345
2017-09-06 20:00:00,27.2,88,0.0,6.3,167,-1.4171916423663498,6.1385314081469815
2017-09-06 21:00:00,27.4,89,0.0,3.8,131,-2.8678964048465336,2.4930243101639276
2017-09-06 22:00:00,27.4,91,0.0,2.9,97,-2.8783838397598336,0.35342109587492787
2017-09-06 23:00:00,27.3,92,0.0,1.4,90,-1.4,1.7145055188062944e-16
2017-09-07 00:00:00,27.8,88,0.0,3.6,233,2.875087836170254,2.166534083347374
2017-09-07 01:00:00,26.4,93,0.0,5.2,214,2.9078030980478835,4.3109953772862175
2017-09-07 02:00:00,26.8,89,0.0,4.1,195,1.061158084920335,3.96029588778518
2017-09-07 03:00:00,27.2,85,0.0,1.4,90,-1.4,1.7145055188062944e-16
2017-09-07 04:00:00,26.2,89,0.0,3.8,73,-3.6339580726595346,-1.1110124779463997
2017-09-07 05:00:00,27.0,84,0.0,2.5,90,-2.5,3.061616997868383e-16
2017-09-07 06:00:00,27.7,79,0.0,2.3,162,-0.7107390870623789,2.187429987478853
2017-09-07 07:00:00,28.0,83,0.0,3.2,207,1.45276959916655,2.851220877402777
2017-09-07 08:00:00,28.7,74,0.0,4.7,180,2.8779199779962803e-16,4.7
2017-09-07 09:00:00,29.6,73,0.0,5.0,180,3.061616997868383e-16,5.0
2017-09-07 10:00:00,30.6,72,0.0,4.7,189,0.7352419856890854,4.6421352007971475
2017-09-07 11:00:00,31.8,66,0.0,10.0,193,2.249510543438649,9.743700647852352
2017-09-07 12:00:00,31.6,68,0.3,15.9,186,1.66200256595569,15.812898136355546
2017-09-07 13:00:00,31.2,70,0.2,19.2,197,5.613536730676546,18.36105131449028
2017-09-07 14:00:00,31.4,69,0.0,21.9,203,8.557011713915093,20.159056290608444
2017-09-07 15:00:00,30.5,72,0.0,21.9,207,9.942391944296075,19.513042879725255
2017-09-07 16:00:00,29.6,76,0.0,21.0,215,12.04510516337197,17.20219293006883
2017-09-07 17:00:00,28.8,79,0.0,21.0,211,10.815799573111137,18.00051331474436
2017-09-07 18:00:00,28.0,79,0.0,18.5,204,7.524627896902304,16.900590966388116
2017-09-07 19:00:00,27.5,80,0.0,15.5,202,5.806402197946635,14.371349745785205
2017-09-07 20:00:00,28.0,77,0.0,18.8,212,9.962482167584252,15.943304207740809
2017-09-07 21:00:00,28.1,77,0.0,13.9,217,8.365228821813472,11.101033589657371
2017-09-07 22:00:00,27.4,81,0.0,8.4,190,1.4586446924022156,8.272385125302547
2017-09-07 23:00:00,26.5,89,0.0,4.3,185,0.37476969381492997,4.283637201794505
2017-09-08 00:00:00,26.2,89,0.0,4.8,243,4.276831316104166,2.1791543987498243
2017-09-08 01:00:00,26.3,88,0.0,2.3,129,-1.7874357113510329,1.4474368994146258
2017-09-08 02:00:00,25.6,93,0.0,3.1,111,-2.8940993221413254,1.1109406435904308
2017-09-08 03:00:00,25.7,93,0.0,3.4,148,-1.8017254983928963,2.8833635269318485
2017-09-08 04:00:00,25.3,94,0.0,3.7,169,-0.7059932828932158,3.632020578756357
2017-09-08 05:00:00,25.0,95,0.0,4.5,166,-1.088648530198505,4.366330768241984
2017-09-08 06:00:00,25.8,91,0.0,4.4,189,0.6883116461770161,4.3458286986186065
2017-09-08 07:00:00,27.0,86,0.0,6.6,193,1.4846769586695083,6.430842427582553
2017-09-08 08:00:00,27.9,84,0.0,9.4,203,3.672872607799173,8.65274562245294
2017-09-08 09:00:00,29.1,80,0.2,11.4,215,6.538771374401926,9.338333304894507
2017-09-08 10:00:00,29.9,77,0.3,10.7,220,6.877827423645971,8.196675541373065
2017-09-08 11:00:00,30.9,72,0.4,10.6,215,6.079910225321089,8.683011669463312
2017-09-08 12:00:00,31.0,75,0.4,9.9,213,5.391926446648768,8.302838622659698
2017-09-08 13:00:00,30.3,76,0.3,8.5,258,8.314254606237348,1.7672493719509543
2017-09-08 14:00:00,30.3,75,0.2,6.8,295,6.162892951849219,-2.873804179836756
2017-09-08 15:00:00,27.8,82,3.7,4.3,156,-1.748967565225941,3.9282454678631837
2017-09-08 16:00:00,27.1,86,0.0,13.0,114,-11.87609094935381,5.2875763599854055
2017-09-08 17:00:00,27.0,87,0.0,5.8,120,-5.022947341949744,2.8999999999999995
2017-09-08 18:00:00,27.1,91,0.0,1.0,225,0.7071067811865476,0.7071067811865475
2017-09-08 19:00:00,26.6,93,0.0,3.3,186,0.3449439287832564,3.2819222547153015
2017-09-08 20:00:00,26.6,93,0.0,4.2,160,-1.4364846019678086,3.9467090073008158
2017-09-08 21:00:00,26.6,93,0.0,2.9,120,-2.511473670974872,1.4499999999999997
2017-09-08 22:00:00,26.8,91,0.0,2.8,130,-2.144924440733138,1.7998053071223103
2017-09-08 23:00:00,27.3,87,0.0,0.8,63,-0.7128052193506944,-0.36319239979163737
2017-09-09 00:00:00,27.2,87,0.0,0.7000000000000001,90,-0.7000000000000001,8.572527594031473e-17
2017-09-09 01:00:00,26.0,94,0.0,4.2,160,-1.4364846019678086,3.9467090073008158
2017-09-09 02:00:00,25.9,94,0.0,4.7,189,0.7352419856890854,4.6421352007971475
2017-09-09 03:00:00,25.6,95,0.0,5.1,184,0.35575801609503865,5.087576656325103
2017-09-09 04:00:00,25.7,94,0.0,4.0,170,-0.6945927106677212,3.939231012048832
2017-09-09 05:00:00,26.5,87,0.1,1.5,315,1.0606601717798214,-1.0606601717798212
2017-09-09 06:00:00,25.8,91,0.0,2.8,50,-2.1449244407331385,-1.7998053071223097
2017-09-09 07:00:00,26.7,89,0.0,3.3,84,-3.2819222547153015,-0.3449439287832565
2017-09-09 08:00:00,28.1,82,0.0,1.4,180,8.572527594031472e-17,1.4
2017-09-09 09:00:00,29.3,78,0.0,3.2,207,1.45276959916655,2.851220877402777
2017-09-09 10:00:00,30.5,72,0.1,6.4,207,2.9055391983331,5.702441754805554
2017-09-09 11:00:00,31.0,69,0.2,8.7,218,5.356254835333226,6.855693556378481
2017-09-09 12:00:00,31.1,68,0.2,7.2,243,6.415246974156249,3.2687315981247367
2017-09-09 13:00:00,29.9,70,0.3,5.9,284,5.7247447850283795,-1.4273391840380396
2017-09-09 14:00:00,29.7,72,0.1,6.9,39,-4.342310698243882,-5.362307134053097
2017-09-09 15:00:00,28.5,79,0.2,7.9,177,-0.41345405431925636,7.889173324561134
2017-09-09 16:00:00,28.3,79,0.0,6.4,153,-2.905539198333099,5.702441754805555
2017-09-09 17:00:00,28.0,81,0.0,4.3,132,-3.195522749552794,2.8772616073430908
2017-09-09 18:00:00,27.4,85,0.0,2.9,120,-2.511473670974872,1.4499999999999997
2017-09-09 19:00:00,27.0,88,0.0,3.2,117,-2.851220877402777,1.4527695991665501
2017-09-09 20:00:00,26.9,93,0.0,3.4,122,-2.883363526931848,1.8017254983928965
2017-09-09 21:00:00,27.0,92,0.0,2.3,141,-1.4474368994146256,1.7874357113510333
2017-09-09 22:00:00,26.8,92,0.0,4.0,190,0.6945927106677217,3.939231012048832
2017-09-09 23:00:00,26.7,91,0.0,4.1,218,2.524212048835199,3.23084408978756
2017-09-10 00:00:00,26.4,92,0.0,3.9,248,3.616017032810471,1.460965714322057
2017-09-10 01:00:00,25.9,95,0.0,4.7,203,1.8364363038995866,4.32637281122647
2017-09-10 02:00:00,26.0,93,0.0,3.8,163,-1.1110124779463992,3.633958072659535
2017-09-10 03:00:00,25.7,95,0.0,2.5,90,-2.5,3.061616997868383e-16
2017-09-10 04:00:00,25.8,93,0.0,2.3,72,-2.187429987478853,-0.7107390870623786
2017-09-10 05:00:00,25.6,94,0.0,2.9,83,-2.878383839759834,-0.3534210958749272
2017-09-10 06:00:00,25.8,94,0.0,2.5,82,-2.475670171853926,-0.3479327524001638
2017-09-10 07:00:00,27.4,85,0.0,1.8,90,-1.8,2.2043642384652358e-16
2017-09-10 08:00:00,28.3,79,0.0,0.7000000000000001,180,4.2862637970157366e-17,0.7000000000000001
2017-09-10 09:00:00,29.6,76,0.0,4.1,225,2.899137802864845,2.8991378028648445
2017-09-10 10:00:00,30.1,74,0.0,6.3,211,3.244739871933341,5.400153994423308
2017-09-10 11:00:00,30.6,72,0.0,6.4,227,4.6806636903626915,4.36478950439999
2017-09-10 12:00:00,31.1,69,0.1,4.8,257,4.676976310969129,1.079765060850552
2017-09-10 13:00:00,29.6,75,0.4,8.1,283,7.892397524760405,-1.8221035401853065
2017-09-10 14:00:00,29.2,78,0.3,5.3,118,-4.679622242152313,2.4881992827652204
2017-09-10 15:00:00,27.8,85,0.3,7.2,117,-6.415246974156248,3.2687315981247376
2017-09-10 16:00:00,28.0,84,0.0,2.7,113,-2.485363104321589,1.0549740469210394
2017-09-10 17:00:00,27.9,84,0.0,2.2,99,-2.172914349309303,0.3441558230885082
2017-09-10 18:00:00,27.4,88,0.0,1.9,112,-1.7616493236768958,0.7117525274902332
2017-09-10 19:00:00,26.6,92,0.0,2.3,108,-2.1874299874788528,0.7107390870623792
2017-09-10 20:00:00,26.3,95,0.0,3.4,122,-2.883363526931848,1.8017254983928965
2017-09-10 21:00:00,26.6,94,0.0,2.4,153,-1.089577199374912,2.138415658052083
2017-09-10 22:00:00,26.6,93,0.0,4.2,149,-2.163159914622228,3.600102662948872
2017-09-10 23:00:00,26.2,93,0.0,4.7,148,-2.4906205418960625,3.9858260519352027
2017-09-11 00:00:00,27.1,86,0.0,4.5,241,3.935788682127281,2.1816432911085166
2017-09-11 01:00:00,25.6,94,0.0,6.8,245,6.162892951849219,2.873804179836756
2017-09-11 02:00:00,25.4,94,0.0,5.0,180,3.061616997868383e-16,5.0
2017-09-11 03:00:00,26.1,91,0.0,4.0,243,3.5640260967534716,1.815961998958187
2017-09-11 04:00:00,26.2,91,0.0,1.8,127,-1.4375439180851273,1.0832670416736867
2017-09-11 05:00:00,25.0,94,0.0,3.2,90,-3.2,3.9188697572715305e-16
2017-09-11 06:00:00,25.2,92,0.0,2.8,40,-1.7998053071223103,-2.144924440733138
2017-09-11 07:00:00,26.9,88,0.0,1.5,45,-1.0606601717798214,-1.0606601717798212
2017-09-11 08:00:00,27.9,83,0.0,0.4,90,-0.4,4.898587196589413e-17
2017-09-11 09:00:00,29.1,78,0.0,1.4,180,8.572527594031472e-17,1.4
2017-09-11 10:00:00,30.1,73,0.0,2.9,210,1.4500000000000002,2.5114736709748717
2017-09-11 11:00:00,30.9,69,0.0,4.4,215,2.5237363199446032,3.604268994871564
2017-09-11 12:00:00,31.2,67,0.0,4.7,293,4.32637281122647,-1.8364363038995868
2017-09-11 13:00:00,30.8,70,0.0,8.9,313,6.509047944410617,-6.069785404556237
2017-09-11 14:00:00,31.0,69,0.0,6.2,306,5.0159053651246746,-3.6442685642133337
2017-09-11 15:00:00,30.9,68,0.0,3.6,315,2.5455844122715714,-2.545584412271571
2017-09-11 16:00:00,30.7,68,0.0,1.6,333,0.726384799583275,-1.4256104387013886
2017-09-11 17:00:00,30.3,71,0.0,1.9,22,-0.7117525274902333,-1.7616493236768958
2017-09-11 18:00:00,29.6,74,0.0,1.9,68,-1.761649323676896,-0.7117525274902328
2017-09-11 19:00:00,28.3,83,0.0,3.3,49,-2.490541614735148,-2.1649947956686733
2017-09-11 20:00:00,27.1,89,0.0,5.3,28,-2.488199282765221,-4.679622242152313
2017-09-11 21:00:00,27.0,91,0.0,4.1,15,-1.0611580849203346,-3.96029588778518
2017-09-11 22:00:00,26.3,94,0.0,5.4,356,0.3766849582182763,-5.386845871403051
2017-09-11 23:00:00,26.3,92,0.0,5.7,325,3.269385687200963,-4.669166652447253
2017-09-12 00:00:00,25.8,94,0.0,4.5,346,1.0886485301985045,-4.366330768241984
2017-09-12 01:00:00,25.5,95,0.0,3.6,84,-3.580278823325784,-0.3763024677635526
2017-09-12 02:00:00,25.4,96,0.0,3.7,101,-3.632020578756357,0.7059932828932164
2017-09-12 03:00:00,25.2,96,0.0,4.3,66,-3.9282454678631837,-1.7489675652259409
2017-09-12 04:00:00,25.4,95,0.0,4.4,9,-0.6883116461770166,-4.345828698618606
2017-09-12 05:00:00,25.4,96,0.0,4.4,9,-0.6883116461770166,-4.345828698618606
2017-09-12 06:00:00,25.7,94,0.0,4.9,17,-1.4326213531414118,-4.685893304218873
2017-09-12 07:00:00,26.7,90,0.0,6.8,3,-0.3558845024520213,-6.790680836331102
2017-09-12 08:00:00,28.0,84,0.0,7.2,360,4.4087284769304716e-16,-7.2
2017-09-12 09:00:00,29.2,78,0.0,7.6,5,-0.6623836448822027,-7.571079705497266
2017-09-12 10:00:00,30.4,69,0.0,7.7,349,1.4692292643993958,-7.558529312547013
2017-09-12 11:00:00,31.0,66,0.0,8.6,338,3.2216167033768426,-7.973781149274371
2017-09-12 12:00:00,30.8,70,0.0,8.5,324,4.996174644486022,-6.876644452187053
2017-09-12 13:00:00,31.0,71,0.0,8.4,317,5.728786224524987,-6.143371093601032
2017-09-12 14:00:00,30.9,71,0.0,5.6,320,3.5996106142446203,-4.289848881466277
2017-09-12 15:00:00,31.0,70,0.0,2.2,270,2.2,0.0
2017-09-12 16:00:00,30.7,71,0.0,0.4,360,2.4492935982947065e-17,-0.4
2017-09-12 17:00:00,30.3,74,0.0,0.4,270,0.4,0.0
2017-09-12 18:00:00,29.7,78,0.0,0.8,117,-0.7128052193506943,0.36319239979163753
2017-09-12 19:00:00,28.4,86,0.0,2.3,162,-0.7107390870623789,2.187429987478853
2017-09-12 20:00:00,27.9,88,0.0,4.7,157,-1.8364363038995868,4.326372811226469
2017-09-12 21:00:00,27.7,88,0.0,4.4,171,-0.6883116461770157,4.3458286986186065
2017-09-12 22:00:00,27.2,91,0.0,5.2,196,1.4333142502483958,4.998560818879258
2017-09-12 23:00:00,26.7,94,0.0,5.5,203,2.1490212066910055,5.062776693988422
2017-09-13 00:00:00,27.1,93,0.0,3.3,167,-0.7423384793347546,3.2154212137912763
2017-09-13 01:00:00,26.5,95,0.0,3.3,103,-3.215421213791276,0.7423384793347552
2017-09-13 02:00:00,26.1,95,0.0,3.2,63,-2.8512208774027776,-1.4527695991665495
2017-09-13 03:00:00,26.2,93,0.0,3.1,21,-1.1109406435904323,-2.894099322141325
2017-09-13 04:00:00,26.0,93,0.0,3.6,354,0.3763024677635525,-3.580278823325784
2017-09-13 05:00:00,25.5,95,0.0,4.0,355,0.34862297099063255,-3.984778792366982
2017-09-13 06:00:00,25.7,92,0.0,2.5,360,1.5308084989341916e-16,-2.5
2017-09-13 07:00:00,26.7,86,0.3,4.0,360,2.4492935982947064e-16,-4.0
2017-09-13 08:00:00,28.3,87,0.4,1.1,108,-1.0461621679246689,0.3399186938124423
2017-09-13 09:00:00,29.6,84,0.0,3.4,198,1.0506577808748212,3.233592155403522
2017-09-13 10:00:00,30.5,82,0.0,5.7,215,3.269385687200963,4.669166652447253
2017-09-13 11:00:00,31.1,76,0.0,4.6,252,4.3748599749577055,1.421478174124758
2017-09-13 12:00:00,31.1,71,0.1,7.7,319,5.051654523226906,-5.811263767715345
2017-09-13 13:00:00,29.1,75,0.5,12.2,28,-5.727553065987867,-10.771960632878908
2017-09-13 14:00:00,29.8,72,0.2,12.2,14,-2.951447126315947,-11.837607860567156
2017-09-13 15:00:00,29.9,70,0.0,16.2,4,-1.1300548746548345,-16.16053761420915
2017-09-13 16:00:00,29.6,69,0.0,17.7,358,0.6177210916342691,-17.689217638237995
2017-09-13 17:00:00,28.6,71,0.0,18.4,359,0.3211242784460182,-18.3971975908776
2017-09-13 18:00:00,27.3,73,0.0,18.1,355,1.5775189437326125,-18.031124035460596
2017-09-13 19:00:00,26.6,74,0.0,13.0,360,7.960204194457795e-16,-13.0
2017-09-13 20:00:00,26.3,72,0.0,7.3,340,2.4967470462773824,-6.8597561317371305
2017-09-13 21:00:00,26.2,72,0.0,8.2,345,2.12231616984067,-7.92059177557036
2017-09-13 22:00:00,25.7,77,0.0,4.4,9,-0.6883116461770166,-4.345828698618606
2017-09-13 23:00:00,25.3,83,0.0,4.1,52,-3.23084408978756,-2.5242120488351985
2017-09-14 00:00:00,25.3,86,0.0,4.0,63,-3.5640260967534716,-1.8159619989581868
2017-09-14 01:00:00,25.1,90,0.0,3.3,6,-0.3449439287832561,-3.281922254715302
2017-09-14 02:00:00,25.1,86,0.0,10.2,342,3.151973342624464,-9.700776466210565
2017-09-14 03:00:00,25.0,84,0.0,10.8,358,0.3769145643870117,-10.793420931806235
2017-09-14 04:00:00,25.1,83,0.1,7.6,8,-1.0577155672965002,-7.526037322435934
2017-09-14 05:00:00,25.2,84,0.1,9.7,2,-0.33852511801425733,-9.694091022085228
2017-09-14 06:00:00,25.1,84,0.1,9.8,6,-1.024378940023003,-9.74631457460908
2017-09-14 07:00:00,25.5,85,0.0,8.3,2,-0.28966582263075635,-8.294943864258496
2017-09-14 08:00:00,27.1,79,0.0,14.3,12,-2.973137178693965,-13.987510690493421
2017-09-14 09:00:00,28.2,76,0.0,15.0,10,-2.6047226650039548,-14.772116295183121
2017-09-14 10:00:00,29.7,69,0.0,15.5,13,-3.4867413423299114,-15.102736004171145
2017-09-14 11:00:00,30.9,64,0.0,16.8,10,-2.91728938480443,-16.544770250605094
2017-09-14 12:00:00,30.5,68,0.0,17.3,1,-0.3019266313650045,-17.29736512620557
2017-09-14 13:00:00,31.0,66,0.0,14.8,357,0.7745721523955708,-14.779717114367694
2017-09-14 14:00:00,31.2,65,0.0,14.1,357,0.7379369830255099,-14.080676440039491
2017-09-14 15:00:00,31.0,66,0.0,13.4,354,1.4006814077865564,-13.326593397934863
2017-09-14 16:00:00,30.2,69,0.0,14.4,347,3.239295182551655,-14.030928932907388
2017-09-14 17:00:00,29.0,74,0.0,12.0,344,3.30764826980399,-11.535140351259827
2017-09-14 18:00:00,27.3,76,0.0,10.8,356,0.7533699164365526,-10.773691742806102
2017-09-14 19:00:00,26.3,77,0.0,7.9,357,0.41345405431925736,-7.889173324561134
2017-09-14 20:00:00,25.5,81,0.0,5.6,15,-1.4493866525741155,-5.4091846272187825
2017-09-14 21:00:00,25.2,85,0.0,3.8,17,-1.111012477946401,-3.633958072659534
2017-09-14 22:00:00,24.9,88,0.0,4.1,15,-1.0611580849203346,-3.96029588778518
2017-09-14 23:00:00,24.7,91,0.0,3.4,72,-3.2335921554035223,-1.0506577808748208
2017-09-15 00:00:00,24.5,94,0.0,3.2,117,-2.851220877402777,1.4527695991665501
2017-09-15 01:00:00,24.3,93,0.0,3.3,131,-2.4905416147351476,2.1649947956686737
2017-09-15 02:00:00,24.3,89,0.0,5.3,118,-4.679622242152313,2.4881992827652204
2017-09-15 03:00:00,25.5,79,0.0,4.8,132,-3.567095162291491,3.21182691052252
2017-09-15 04:00:00,25.1,82,0.0,6.7,196,1.8467702839738944,6.440453362786736
2017-09-15 05:00:00,25.8,82,0.0,4.3,222,2.8772616073430903,3.195522749552795
2017-09-15 06:00:00,25.0,87,0.0,2.9,150,-1.4499999999999993,2.511473670974872
2017-09-15 07:00:00,26.4,85,0.0,3.9,202,1.4609657143220567,3.616017032810471
2017-09-15 08:00:00,28.2,77,0.0,1.8,101,-1.7669289302057951,0.34345619167778096
2017-09-15 09:00:00,29.7,69,0.0,2.3,18,-0.7107390870623793,-2.1874299874788528
2017-09-15 10:00:00,31.0,62,0.0,5.7,342,1.7613968679372005,-5.421022142882375
2017-09-15 11:00:00,31.6,59,0.1,9.8,336,3.9860191021428424,-8.95274548489749
2017-09-15 12:00:00,32.0,58,0.0,10.9,326,6.09520264783114,-9.036509540849956
2017-09-15 13:00:00,32.0,57,0.0,11.5,328,6.094071538681856,-9.7525531057989
2017-09-15 14:00:00,31.7,59,0.0,11.8,329,6.077449283938639,-10.114574148284927
2017-09-15 15:00:00,31.1,61,0.0,10.8,330,5.400000000000001,-9.353074360871938
2017-09-15 16:00:00,30.7,63,0.0,8.7,330,4.3500000000000005,-7.534421012924615
2017-09-15 17:00:00,29.7,70,0.0,6.4,333,2.9055391983331,-5.702441754805554
2017-09-15 18:00:00,27.2,84,0.0,6.2,7,-0.7555899291119125,-6.153786140176197
2017-09-15 19:00:00,26.5,85,0.0,5.1,8,-0.7097828148963357,-5.050367150582008
2017-09-15 20:00:00,26.2,84,0.0,3.6,45,-2.545584412271572,-2.545584412271571
2017-09-15 21:00:00,25.5,90,0.0,4.6,108,-4.3748599749577055,1.4214781741247584
2017-09-15 22:00:00,26.0,86,0.0,0.8,27,-0.36319239979163753,-0.7128052193506943
2017-09-15 23:00:00,24.7,93,0.0,6.4,313,4.6806636903626915,-4.36478950439999
2017-09-16 00:00:00,25.9,84,0.0,3.3,347,0.7423384793347542,-3.2154212137912763
2017-09-16 01:00:00,24.5,91,0.0,3.3,131,-2.4905416147351476,2.1649947956686737
2017-09-16 02:00:00,24.4,90,0.0,6.0,115,-5.437846722219899,2.535709570444197
2017-09-16 03:00:00,24.2,88,0.0,5.7,108,-5.421022142882375,1.7613968679372007
2017-09-16 04:00:00,23.6,87,0.0,4.4,99,-4.345828698618606,0.6883116461770163
2017-09-16 05:00:00,23.1,86,0.0,3.0,76,-2.9108871788279895,-0.7257656867990026
2017-09-16 06:00:00,22.9,85,0.0,2.5,82,-2.475670171853926,-0.3479327524001638
2017-09-16 07:00:00,25.0,83,0.0,3.1,69,-2.8940993221413254,-1.1109406435904314
2017-09-16 08:00:00,27.9,67,0.0,2.5,180,1.5308084989341916e-16,2.5
2017-09-16 09:00:00,29.6,63,0.0,3.3,174,-0.3449439287832567,3.2819222547153015
2017-09-16 10:00:00,30.8,62,0.0,2.7,203,1.0549740469210391,2.485363104321589
2017-09-16 11:00:00,31.8,60,0.0,2.4,243,2.138415658052083,1.0895771993749122
2017-09-16 12:00:00,32.6,57,0.0,3.9,292,3.616017032810471,-1.460965714322057
2017-09-16 13:00:00,32.8,56,0.1,5.5,302,4.664264528860342,-2.914555953282627
2017-09-16 14:00:00,32.4,60,0.1,7.7,323,4.633975678270772,-6.149493427364155
2017-09-16 15:00:00,31.7,65,0.3,8.6,327,4.683895701129233,-7.212566884330647
2017-09-16 16:00:00,30.9,69,0.0,9.2,321,5.789747597658504,-7.149742845404131
2017-09-16 17:00:00,29.7,75,0.0,8.0,342,2.4721359549995796,-7.608452130361228
2017-09-16 18:00:00,27.3,86,0.0,5.6,15,-1.4493866525741155,-5.4091846272187825
2017-09-16 19:00:00,26.2,89,0.0,6.1,45,-4.31335136523794,-4.313351365237939
2017-09-16 20:00:00,25.9,92,0.0,5.3,62,-4.679622242152313,-2.4881992827652213
2017-09-16 21:00:00,25.9,92,0.0,3.8,73,-3.6339580726595346,-1.1110124779463997
2017-09-16 22:00:00,25.0,96,0.0,3.3,49,-2.490541614735148,-2.1649947956686733
2017-09-16 23:00:00,24.6,97,0.0,3.4,18,-1.0506577808748216,-3.233592155403522
2017-09-17 00:00:00,24.7,96,0.0,2.8,40,-1.7998053071223103,-2.144924440733138
2017-09-17 01:00:00,24.6,94,0.0,2.4,117,-2.138415658052083,1.0895771993749124
2017-09-17 02:00:00,24.7,92,0.0,3.3,174,-0.3449439287832567,3.2819222547153015
2017-09-17 03:00:00,24.9,91,0.0,2.9,150,-1.4499999999999993,2.511473670974872
2017-09-17 04:00:00,23.6,95,0.0,6.1,152,-2.8637765329939344,5.385980316439453
2017-09-17 05:00:00,23.7,93,0.0,5.4,127,-4.312631754255382,3.2498011250210603
2017-09-17 06:00:00,24.7,84,0.0,1.8,79,-1.7669289302057951,-0.3434561916777805
2017-09-17 07:00:00,25.6,84,0.0,2.9,360,1.7757378587636622e-16,-2.9
2017-09-17 08:00:00,27.2,81,0.0,1.4,270,1.4,0.0
2017-09-17 09:00:00,29.0,78,0.0,2.3,288,2.1874299874788528,-0.710739087062379
2017-09-17 10:00:00,30.5,68,0.0,3.4,342,1.0506577808748212,-3.233592155403522
2017-09-17 11:00:00,31.5,59,0.0,4.0,355,0.34862297099063255,-3.984778792366982
2017-09-17 12:00:00,32.0,57,0.0,5.2,348,1.0811407922523493,-5.086367523815789
2017-09-17 13:00:00,32.0,56,0.0,7.6,335,3.211898789229316,-6.887939181478539
2017-09-17 14:00:00,31.8,57,0.0,10.2,337,3.985457510590592,-9.389149505214892
2017-09-17 15:00:00,31.4,59,0.0,11.4,342,3.522793735874401,-10.84204428576475
2017-09-17 16:00:00,30.3,62,0.0,12.4,343,3.625409138561936,-11.858178973941639
2017-09-17 17:00:00,29.2,69,0.0,8.0,333,3.6319239979163744,-7.128052193506942
2017-09-17 18:00:00,26.9,78,0.0,6.0,343,1.7542302283364206,-5.737828535778212
2017-09-17 19:00:00,26.0,82,0.0,6.5,6,-0.6794350112397468,-6.464392319893777
2017-09-17 20:00:00,26.6,77,0.0,4.2,70,-3.9467090073008158,-1.4364846019678084
2017-09-17 21:00:00,26.2,82,0.0,4.2,121,-3.6001026629488715,2.1631599146222285
2017-09-17 22:00:00,25.5,87,0.0,5.6,140,-3.5996106142446203,4.289848881466277
2017-09-17 23:00:00,26.6,80,0.0,4.2,160,-1.4364846019678086,3.9467090073008158
2017-09-18 00:00:00,24.4,91,0.0,7.2,217,4.333068166694749,5.750175672340508
2017-09-18 01:00:00,24.0,92,0.0,6.8,252,6.467184310807044,2.1013155617496424
2017-09-18 02:00:00,23.7,94,0.0,6.3,294,5.755336383148386,-2.5624408513775414
2017-09-18 03:00:00,24.7,90,0.0,2.3,108,-2.1874299874788528,0.7107390870623792
2017-09-18 04:00:00,23.5,94,0.0,4.7,99,-4.6421352007971475,0.7352419856890856
2017-09-18 05:00:00,23.8,91,0.0,4.5,76,-4.366330768241984,-1.0886485301985038
2017-09-18 06:00:00,23.9,90,0.0,3.7,61,-3.236092916415765,-1.7937955949114468
2017-09-18 07:00:00,26.0,84,0.0,4.5,14,-1.088648530198505,-4.366330768241984
2017-09-18 08:00:00,27.8,75,0.0,4.9,17,-1.4326213531414118,-4.685893304218873
2017-09-18 09:00:00,29.0,74,0.0,2.9,7,-0.35342109587492676,-2.878383839759834
2017-09-18 10:00:00,30.0,69,0.1,2.9,360,1.7757378587636622e-16,-2.9
2017-09-18 11:00:00,30.7,66,0.1,4.5,346,1.0886485301985045,-4.366330768241984
2017-09-18 12:00:00,31.2,63,0.1,4.8,333,2.1791543987498248,-4.276831316104166
2017-09-18 13:00:00,31.5,61,0.0,5.4,312,4.012982057577929,-3.6133052743378347
2017-09-18 14:00:00,31.3,61,0.0,5.2,304,4.310995377286217,-2.907803098047884
2017-09-18 15:00:00,31.1,61,0.0,5.4,312,4.012982057577929,-3.6133052743378347
2017-09-18 16:00:00,30.5,63,0.0,7.3,327,3.9758649556096977,-6.122295146001595
2017-09-18 17:00:00,29.0,69,0.0,7.9,330,3.950000000000001,-6.841600689897065
2017-09-18 18:00:00,27.4,74,0.0,6.9,332,3.239353783222647,-6.092338390726596
2017-09-18 19:00:00,26.5,78,0.0,4.6,321,2.894873798829252,-3.5748714227020657
2017-09-18 20:00:00,26.9,76,0.0,2.6,74,-2.499280409439629,-0.7166571251241974
2017-09-18 21:00:00,26.5,81,0.0,3.1,159,-1.1109406435904308,2.8940993221413254
2017-09-18 22:00:00,26.6,81,0.0,4.1,135,-2.8991378028648445,2.899137802864845
2017-09-18 23:00:00,26.9,79,0.0,5.5,169,-1.0494494745709964,5.3989495089621515
2017-09-19 00:00:00,26.9,80,0.0,6.5,180,3.9801020972288977e-16,6.5
2017-09-19 01:00:00,26.5,83,0.0,4.6,162,-1.4214781741247577,4.374859974957706
2017-09-19 02:00:00,26.1,87,0.0,4.0,153,-1.8159619989581868,3.5640260967534716
2017-09-19 03:00:00,25.8,89,0.0,5.2,164,-1.433314250248395,4.998560818879258
2017-09-19 04:00:00,25.6,90,0.0,5.7,198,1.7613968679372005,5.421022142882375
2017-09-19 05:00:00,25.4,89,0.0,5.5,238,4.664264528860342,2.914555953282627
2017-09-19 06:00:00,26.5,81,0.0,3.2,270,3.2,0.0
2017-09-19 07:00:00,26.9,81,0.0,0.8,243,0.7128052193506944,0.3631923997916374
2017-09-19 08:00:00,28.0,79,0.0,2.9,263,2.8783838397598336,0.35342109587492765
2017-09-19 09:00:00,29.3,73,0.0,4.3,270,4.3,0.0
2017-09-19 10:00:00,30.2,69,0.0,3.8,229,2.8678964048465336,2.4930243101639276
2017-09-19 11:00:00,30.8,66,0.0,2.6,236,2.1554976886431083,1.453901549023942
2017-09-19 12:00:00,31.4,63,0.0,4.5,299,3.935788682127281,-2.1816432911085166
2017-09-19 13:00:00,31.2,64,0.0,5.8,330,2.9000000000000004,-5.0229473419497435
2017-09-19 14:00:00,30.9,64,0.0,5.1,352,0.7097828148963339,-5.050367150582009
2017-09-19 15:00:00,30.8,65,0.0,5.2,326,2.9078030980478835,-4.3109953772862175
2017-09-19 16:00:00,29.9,69,0.0,6.9,317,4.70578868443124,-5.046340541172277
2017-09-19 17:00:00,29.5,71,0.0,2.9,30,-1.4500000000000013,-2.5114736709748713
2017-09-19 18:00:00,29.0,73,0.0,1.5,76,-1.4554435894139948,-0.3628828433995013
2017-09-19 19:00:00,27.6,84,0.0,3.8,229,2.8678964048465336,2.4930243101639276
2017-09-19 20:00:00,28.2,80,0.0,1.8,233,1.437543918085127,1.083267041673687
2017-09-19 21:00:00,27.5,87,0.0,3.1,339,1.1109406435904312,-2.8940993221413254
2017-09-19 22:00:00,27.3,85,0.0,3.3,13,-0.7423384793347553,-3.215421213791276
2017-09-19 23:00:00,26.9,89,0.0,3.4,302,2.883363526931848,-1.8017254983928965
2017-09-20 00:00:00,26.8,89,0.0,3.6,233,2.875087836170254,2.166534083347374
2017-09-20 01:00:00,26.5,90,0.0,4.0,185,0.34862297099063255,3.984778792366982
2017-09-20 02:00:00,26.1,92,0.0,4.9,216,2.8801477362331185,3.9641832724372428
2017-09-20 03:00:00,25.5,94,0.0,3.8,163,-1.1110124779463992,3.633958072659535
2017-09-20 04:00:00,25.0,95,0.0,2.9,90,-2.9,3.5514757175273243e-16
2017-09-20 05:00:00,24.9,94,0.0,3.3,13,-0.7423384793347553,-3.215421213791276
2017-09-20 06:00:00,24.8,94,0.0,2.3,72,-2.187429987478853,-0.7107390870623786
2017-09-20 07:00:00,26.7,82,0.0,2.5,98,-2.475670171853926,0.3479327524001633
2017-09-20 08:00:00,27.4,79,0.0,4.0,10,-0.6945927106677213,-3.939231012048832
2017-09-20 09:00:00,29.0,72,0.0,6.2,353,0.7555899291119145,-6.153786140176196
2017-09-20 10:00:00,30.3,65,0.0,4.7,360,2.8779199779962803e-16,-4.7
2017-09-20 11:00:00,31.3,61,0.0,5.2,335,2.197614961051637,-4.7128004925905795
2017-09-20 12:00:00,32.1,56,0.0,6.7,324,3.93816119035957,-5.420413862312148
2017-09-20 13:00:00,32.5,55,0.0,8.2,322,5.048424097670398,-6.46168817957512
2017-09-20 14:00:00,31.9,56,0.0,9.4,328,4.981241083792126,-7.9716521038704045
2017-09-20 15:00:00,31.5,59,0.0,8.5,324,4.996174644486022,-6.876644452187053
2017-09-20 16:00:00,30.9,64,0.0,8.5,332,3.9905082836800725,-7.505054539300878
2017-09-20 17:00:00,29.8,71,0.0,6.4,317,4.36478950439999,-4.6806636903626915
2017-09-20 18:00:00,28.4,77,0.0,4.5,331,2.181643291108517,-3.935788682127281
2017-09-20 19:00:00,28.3,80,0.0,4.4,351,0.6883116461770161,-4.3458286986186065
2017-09-20 20:00:00,28.0,79,0.0,4.4,81,-4.3458286986186065,-0.6883116461770152
2017-09-20 21:00:00,28.2,83,0.0,4.7,122,-3.9858260519352022,2.490620541896063
2017-09-20 22:00:00,28.2,82,0.0,3.9,124,-3.2332465329646625,2.180852323535913
2017-09-20 23:00:00,28.4,79,0.0,3.9,214,2.1808523235359125,3.233246532964663
2017-09-21 00:00:00,26.8,88,0.0,6.1,315,4.31335136523794,-4.313351365237939
2017-09-21 01:00:00,26.6,85,0.0,5.2,282,5.08636752381579,-1.0811407922523486
2017-09-21 02:00:00,25.9,89,0.0,4.6,231,3.5748714227020657,2.8948737988292517
2017-09-21 03:00:00,25.9,89,0.0,6.5,183,0.3401837155791358,6.49109197590473
2017-09-21 04:00:00,25.7,91,0.0,5.2,168,-1.0811407922523486,5.08636752381579
2017-09-21 05:00:00,26.0,91,0.0,4.3,156,-1.748967565225941,3.9282454678631837
2017-09-21 06:00:00,26.1,90,0.0,3.3,139,-2.1649947956686737,2.490541614735148
2017-09-21 07:00:00,27.1,85,0.0,3.7,151,-1.793795594911447,3.236092916415765
2017-09-21 08:00:00,29.0,78,0.0,2.4,153,-1.089577199374912,2.138415658052083
2017-09-21 09:00:00,30.4,73,0.0,5.8,202,2.1727182418122895,5.377666356487367
2017-09-21 10:00:00,31.5,69,0.0,7.1,210,3.5500000000000007,6.148780366869514
2017-09-21 11:00:00,32.5,65,0.0,5.5,238,4.664264528860342,2.914555953282627
2017-09-21 12:00:00,32.2,64,0.1,7.2,264,7.160557646651568,0.7526049355271051
2017-09-21 13:00:00,29.5,75,8.2,5.9,227,4.314986839553106,4.023790324368742
2017-09-21 14:00:00,29.0,77,0.8,6.9,129,-5.3623071340531,4.342310698243878
2017-09-21 15:00:00,28.8,80,0.1,8.7,132,-6.465359981653328,5.821436275322067
2017-09-21 16:00:00,29.0,79,0.0,4.5,119,-3.935788682127281,2.181643291108517
2017-09-21 17:00:00,29.2,77,0.0,0.8,243,0.7128052193506944,0.3631923997916374
2017-09-21 18:00:00,27.8,85,0.0,5.2,236,4.310995377286217,2.907803098047884
2017-09-21 19:00:00,27.0,90,0.0,5.2,192,1.0811407922523493,5.086367523815789
2017-09-21 20:00:00,27.0,91,0.0,5.3,118,-4.679622242152313,2.4881992827652204
2017-09-21 21:00:00,27.7,86,0.0,1.1,90,-1.1,1.3471114790620887e-16
2017-09-21 22:00:00,27.3,88,0.0,3.5,156,-1.423578250765301,3.197409101749103
2017-09-21 23:00:00,26.9,90,0.0,5.1,184,0.35575801609503865,5.087576656325103
2017-09-22 00:00:00,26.3,92,3.1,5.6,117,-4.989636535454859,2.542346798541462
2017-09-22 01:00:00,25.6,94,3.6,6.4,142,-3.9402334420842133,5.043268823083022
2017-09-22 02:00:00,25.2,94,1.5,6.0,155,-2.535709570444196,5.4378467222199
2017-09-22 03:00:00,25.0,94,2.0,2.9,150,-1.4499999999999993,2.511473670974872
2017-09-22 04:00:00,25.0,93,0.0,5.8,94,-5.78587149150698,0.40458754771592803
2017-09-22 05:00:00,24.9,94,0.0,6.0,73,-5.737828535778212,-1.7542302283364206
2017-09-22 06:00:00,24.9,95,0.0,3.0,76,-2.9108871788279895,-0.7257656867990026
2017-09-22 07:00:00,26.2,93,0.0,1.9,68,-1.761649323676896,-0.7117525274902328
2017-09-22 08:00:00,28.7,81,0.0,1.5,346,0.3628828433995015,-1.4554435894139948
2017-09-22 09:00:00,30.4,74,0.0,3.9,292,3.616017032810471,-1.460965714322057
2017-09-22 10:00:00,31.4,70,0.0,3.0,284,2.9108871788279895,-0.7257656867990032
2017-09-22 11:00:00,32.0,69,0.1,2.6,286,2.499280409439629,-0.7166571251241979
2017-09-22 12:00:00,31.6,70,0.1,5.4,318,3.6133052743378347,-4.012982057577929
2017-09-22 13:00:00,30.8,72,0.9,7.4,337,2.8914103508206255,-6.811735915548059
2017-09-22 14:00:00,30.5,74,0.2,3.3,77,-3.2154212137912763,-0.7423384793347544
2017-09-22 15:00:00,29.2,79,1.5,6.7,144,-3.9381611903595695,5.420413862312148
2017-09-22 16:00:00,28.7,82,0.0,5.1,176,-0.35575801609503915,5.087576656325103
2017-09-22 17:00:00,28.5,84,0.0,3.9,214,2.1808523235359125,3.233246532964663
2017-09-22 18:00:00,27.5,90,0.0,2.5,180,1.5308084989341916e-16,2.5
2017-09-22 19:00:00,27.0,93,0.0,2.6,146,-1.4539015490239415,2.1554976886431088
2017-09-22 20:00:00,28.0,90,0.0,3.7,349,0.7059932828932162,-3.632020578756357
2017-09-22 21:00:00,27.5,92,0.0,5.9,284,5.7247447850283795,-1.4273391840380396
2017-09-22 22:00:00,28.1,88,0.0,4.2,340,1.436484601967809,-3.9467090073008153
2017-09-22 23:00:00,27.9,89,0.0,0.8,117,-0.7128052193506943,0.36319239979163753
2017-09-23 00:00:00,26.7,95,0.0,3.7,191,0.7059932828932162,3.632020578756357
2017-09-23 01:00:00,26.9,94,0.0,4.5,166,-1.088648530198505,4.366330768241984
2017-09-23 02:00:00,26.5,94,0.0,5.6,135,-3.9597979746446654,3.9597979746446663
2017-09-23 03:00:00,26.3,93,0.0,2.5,135,-1.7677669529663687,1.7677669529663689
2017-09-23 04:00:00,26.4,92,0.0,4.7,184,0.3278554265973886,4.688551036221174
2017-09-23 05:00:00,26.2,91,0.0,3.9,146,-2.180852323535912,3.233246532964663
2017-09-23 06:00:00,25.7,94,0.0,1.8,90,-1.8,2.2043642384652358e-16
2017-09-23 07:00:00,27.3,85,0.0,1.8,53,-1.437543918085127,-1.0832670416736871
2017-09-23 08:00:00,28.9,77,0.0,1.5,346,0.3628828433995015,-1.4554435894139948
2017-09-23 09:00:00,30.2,76,0.0,2.0,315,1.4142135623730951,-1.414213562373095
2017-09-23 10:00:00,31.3,72,0.0,1.5,194,0.3628828433995015,1.4554435894139948
2017-09-23 11:00:00,32.0,68,0.0,1.6,243,1.4256104387013888,0.7263847995832748
2017-09-23 12:00:00,32.5,65,0.0,3.6,276,3.580278823325784,-0.37630246776355253
2017-09-23 13:00:00,32.4,66,0.0,2.6,304,2.1554976886431083,-1.453901549023942
2017-09-23 14:00:00,31.8,69,0.0,5.2,326,2.9078030980478835,-4.3109953772862175
2017-09-23 15:00:00,31.4,72,0.0,1.3,34,-0.7269507745119705,-1.0777488443215544
2017-09-23 16:00:00,31.2,73,0.0,0.8,27,-0.36319239979163753,-0.7128052193506943
2017-09-23 17:00:00,30.8,76,0.0,4.8,297,4.276831316104166,-2.1791543987498243
2017-09-23 18:00:00,28.8,87,0.0,4.2,301,3.600102662948872,-2.1631599146222276
2017-09-23 19:00:00,27.9,91,0.0,3.9,338,1.4609657143220567,-3.616017032810471
2017-09-23 20:00:00,27.7,91,0.0,4.0,360,2.4492935982947064e-16,-4.0
2017-09-23 21:00:00,27.6,92,0.0,4.3,355,0.37476969381492997,-4.283637201794505
2017-09-23 22:00:00,27.7,90,0.0,3.9,22,-1.460965714322058,-3.6160170328104706
2017-09-23 23:00:00,27.0,94,0.0,3.7,79,-3.632020578756357,-0.7059932828932155
2017-09-24 00:00:00,27.2,93,0.0,3.2,117,-2.851220877402777,1.4527695991665501
2017-09-24 01:00:00,27.0,93,0.0,4.2,149,-2.163159914622228,3.600102662948872
2017-09-24 02:00:00,27.3,91,0.0,4.3,180,2.632990618166809e-16,4.3
2017-09-24 03:00:00,26.7,94,0.0,4.6,219,2.894873798829252,3.5748714227020657
2017-09-24 04:00:00,26.6,95,0.0,5.0,210,2.5000000000000004,4.330127018922193
2017-09-24 05:00:00,27.1,92,0.0,3.3,186,0.3449439287832564,3.2819222547153015
2017-09-24 06:00:00,26.2,96,0.0,2.8,40,-1.7998053071223103,-2.144924440733138
2017-09-24 07:00:00,28.0,88,0.0,3.0,76,-2.9108871788279895,-0.7257656867990026
2017-09-24 08:00:00,29.4,81,0.0,1.1,108,-1.0461621679246689,0.3399186938124423
2017-09-24 09:00:00,30.8,77,0.0,4.0,207,1.8159619989581872,3.564026096753471
2017-09-24 10:00:00,31.9,71,0.0,6.4,223,4.36478950439999,4.6806636903626915
2017-09-24 11:00:00,32.9,63,0.0,6.0,245,5.437846722219899,2.5357095704441965
2017-09-24 12:00:00,33.2,61,0.0,6.9,276,6.862201078041086,-0.721246396546809
2017-09-24 13:00:00,33.3,62,0.0,8.7,294,7.947845481490627,-3.5386087947594613
2017-09-24 14:00:00,32.5,65,0.0,9.8,306,7.9283665448744856,-5.760295472466237
2017-09-24 15:00:00,31.7,69,0.0,4.9,324,2.8801477362331185,-3.9641832724372428
2017-09-24 16:00:00,31.1,70,0.0,2.3,342,0.7107390870623791,-2.1874299874788528
2017-09-24 17:00:00,30.5,72,0.4,3.4,288,3.233592155403522,-1.0506577808748212
2017-09-24 18:00:00,29.0,83,0.0,4.0,265,3.984778792366982,0.34862297099063266
2017-09-24 19:00:00,28.4,88,0.0,4.6,288,4.3748599749577055,-1.421478174124758
2017-09-24 20:00:00,27.6,85,0.0,4.5,104,-4.366330768241984,1.0886485301985047
2017-09-24 21:00:00,28.0,81,0.0,1.1,162,-0.3399186938124421,1.046162167924669
2017-09-24 22:00:00,27.3,90,0.0,3.3,167,-0.7423384793347546,3.2154212137912763
2017-09-24 23:00:00,27.9,84,0.0,1.6,153,-0.7263847995832747,1.4256104387013888
2017-09-25 00:00:00,27.3,87,0.0,2.5,135,-1.7677669529663687,1.7677669529663689
2017-09-25 01:00:00,27.1,89,0.0,2.9,120,-2.511473670974872,1.4499999999999997
2017-09-25 02:00:00,26.9,89,0.0,2.5,90,-2.5,3.061616997868383e-16
2017-09-25 03:00:00,26.4,91,0.0,3.2,63,-2.8512208774027776,-1.4527695991665495
2017-09-25 04:00:00,26.1,91,0.0,3.7,29,-1.7937955949114464,-3.2360929164157652
2017-09-25 05:00:00,26.0,91,0.0,3.5,66,-3.197409101749103,-1.4235782507653008
2017-09-25 06:00:00,26.2,89,0.0,3.7,79,-3.632020578756357,-0.7059932828932155
2017-09-25 07:00:00,28.1,80,0.0,4.0,350,0.6945927106677217,-3.939231012048832
2017-09-25 08:00:00,29.5,76,0.0,5.4,4,-0.37668495821827813,-5.386845871403051
2017-09-25 09:00:00,30.6,70,0.0,5.8,360,3.5514757175273243e-16,-5.8
2017-09-25 10:00:00,31.5,67,0.0,3.6,354,0.3763024677635525,-3.580278823325784
2017-09-25 11:00:00,32.2,65,0.0,2.8,310,2.1449244407331385,-1.7998053071223097
2017-09-25 12:00:00,32.4,64,0.0,2.4,297,2.138415658052083,-1.0895771993749122
2017-09-25 13:00:00,32.2,64,0.0,3.7,281,3.632020578756357,-0.7059932828932158
2017-09-25 14:00:00,31.7,67,0.0,3.9,304,3.2332465329646625,-2.180852323535913
2017-09-25 15:00:00,30.9,71,0.0,2.9,277,2.8783838397598336,-0.35342109587492765
2017-09-25 16:00:00,30.9,71,0.0,1.8,259,1.7669289302057951,0.34345619167778063
2017-09-25 17:00:00,30.4,74,0.0,4.5,284,4.366330768241984,-1.0886485301985047
2017-09-25 18:00:00,29.2,81,0.0,5.4,312,4.012982057577929,-3.6133052743378347
2017-09-25 19:00:00,28.2,89,0.0,4.3,312,3.195522749552795,-2.8772616073430903
2017-09-25 20:00:00,27.7,91,0.0,5.0,360,3.061616997868383e-16,-5.0
2017-09-25 21:00:00,27.4,94,0.0,5.2,348,1.0811407922523493,-5.086367523815789
2017-09-25 22:00:00,27.4,93,0.0,1.6,117,-1.4256104387013886,0.7263847995832751
2017-09-25 23:00:00,27.2,93,0.0,2.6,164,-0.7166571251241975,2.499280409439629
2017-09-26 00:00:00,26.4,96,0.0,4.3,175,-0.3747696938149304,4.283637201794505
2017-09-26 01:00:00,26.4,97,0.0,4.0,180,2.4492935982947064e-16,4.0
2017-09-26 02:00:00,26.2,97,0.0,3.4,148,-1.8017254983928963,2.8833635269318485
2017-09-26 03:00:00,26.3,96,0.0,3.1,126,-2.507952682562337,1.822134282106667
2017-09-26 04:00:00,26.0,95,0.0,4.1,128,-3.2308440897875594,2.5242120488351993
2017-09-26 05:00:00,26.1,93,0.0,4.2,149,-2.163159914622228,3.600102662948872
2017-09-26 06:00:00,27.4,88,0.0,1.8,127,-1.4375439180851273,1.0832670416736867
2017-09-26 07:00:00,27.8,88,0.0,0.8,63,-0.7128052193506944,-0.36319239979163737
2017-09-26 08:00:00,28.9,80,0.0,1.8,307,1.437543918085127,-1.083267041673687
2017-09-26 09:00:00,30.5,72,0.0,2.5,270,2.5,0.0
2017-09-26 10:00:00,31.5,68,0.0,3.1,216,1.8221342821066668,2.5079526825623373
2017-09-26 11:00:00,32.3,64,0.0,5.6,220,3.5996106142446203,4.289848881466277
2017-09-26 12:00:00,32.3,64,0.0,3.1,201,1.1109406435904312,2.8940993221413254
2017-09-26 13:00:00,32.0,67,0.0,6.0,303,5.032023407672544,-3.2678342100901627
2017-09-26 14:00:00,31.9,70,0.0,8.9,302,7.547628055792192,-4.716281451675524
2017-09-26 15:00:00,31.8,70,0.2,4.7,261,4.6421352007971475,0.7352419856890852
2017-09-26 16:00:00,31.2,72,0.1,4.6,252,4.3748599749577055,1.421478174124758
2017-09-26 17:00:00,30.6,75,0.0,6.1,267,6.0916401620029,0.31924933308195735
2017-09-26 18:00:00,29.0,82,0.0,5.2,286,4.998560818879258,-1.4333142502483958
2017-09-26 19:00:00,28.2,86,0.0,5.0,291,4.667902132486009,-1.7918397477265013
2017-09-26 20:00:00,28.2,84,0.0,3.0,166,-0.7257656867990033,2.9108871788279895
2017-09-26 21:00:00,27.8,87,0.0,3.8,197,1.1110124779463997,3.6339580726595346
2017-09-26 22:00:00,27.5,88,0.0,5.0,201,1.791839747726502,4.667902132486009
2017-09-26 23:00:00,27.0,92,0.0,5.2,192,1.0811407922523493,5.086367523815789
2017-09-27 00:00:00,26.9,93,0.0,4.4,171,-0.6883116461770157,4.3458286986186065
2017-09-27 01:00:00,26.7,95,0.0,4.2,160,-1.4364846019678086,3.9467090073008158
2017-09-27 02:00:00,26.4,96,0.0,3.7,151,-1.793795594911447,3.236092916415765
2017-09-27 03:00:00,26.3,95,0.0,3.6,135,-2.545584412271571,2.5455844122715714
2017-09-27 04:00:00,26.3,95,0.0,4.0,153,-1.8159619989581868,3.5640260967534716
2017-09-27 05:00:00,25.9,95,0.0,5.0,159,-1.7918397477265013,4.667902132486009
2017-09-27 06:00:00,26.0,95,0.0,5.2,168,-1.0811407922523486,5.08636752381579
2017-09-27 07:00:00,27.9,89,0.0,5.1,188,0.7097828148963339,5.050367150582009
2017-09-27 08:00:00,29.0,82,0.0,6.2,190,1.0766187015349686,6.10580806867569
2017-09-27 09:00:00,30.1,75,0.0,5.5,203,2.1490212066910055,5.062776693988422
2017-09-27 10:00:00,30.9,70,0.0,5.8,210,2.9000000000000004,5.0229473419497435
2017-09-27 11:00:00,32.1,64,0.0,5.2,205,2.197614961051637,4.7128004925905795
2017-09-27 12:00:00,32.9,60,0.0,3.8,229,2.8678964048465336,2.4930243101639276
2017-09-27 13:00:00,33.4,57,0.0,3.3,257,3.2154212137912763,0.7423384793347545
2017-09-27 14:00:00,33.5,58,0.0,5.1,278,5.050367150582009,-0.7097828148963337
2017-09-27 15:00:00,33.1,62,0.0,5.6,285,5.4091846272187825,-1.4493866525741161
2017-09-27 16:00:00,32.5,65,0.0,6.2,291,5.788198644282651,-2.2218812871808615
2017-09-27 17:00:00,31.0,71,0.0,7.6,295,6.887939181478539,-3.211898789229316
2017-09-27 18:00:00,29.0,77,0.0,5.7,305,4.669166652447253,-3.2693856872009626
2017-09-27 19:00:00,29.0,76,0.0,3.3,229,2.4905416147351476,2.1649947956686737
2017-09-27 20:00:00,27.6,85,0.0,5.8,184,0.40458754771592637,5.78587149150698
2017-09-27 21:00:00,27.6,84,0.0,4.5,194,1.0886485301985045,4.366330768241984
2017-09-27 22:00:00,27.2,88,0.0,5.2,205,2.197614961051637,4.7128004925905795
2017-09-27 23:00:00,26.6,93,0.0,4.4,215,2.5237363199446032,3.604268994871564
2017-09-28 00:00:00,26.3,95,0.0,5.4,172,-0.7515347451843529,5.34744757120448
2017-09-28 01:00:00,26.6,93,0.0,3.4,122,-2.883363526931848,1.8017254983928965
2017-09-28 02:00:00,26.7,91,0.1,3.7,101,-3.632020578756357,0.7059932828932164
2017-09-28 03:00:00,26.9,89,0.0,4.0,100,-3.939231012048832,0.6945927106677211
2017-09-28 04:00:00,27.1,89,0.0,4.4,99,-4.345828698618606,0.6883116461770163
2017-09-28 05:00:00,27.1,90,0.0,4.7,94,-4.688551036221174,0.32785542659739
2017-09-28 06:00:00,26.9,91,0.0,5.4,94,-5.386845871403051,0.37668495821827785
2017-09-28 07:00:00,28.0,86,0.0,6.2,100,-6.10580806867569,1.0766187015349677
2017-09-28 08:00:00,29.3,80,0.1,2.6,124,-2.1554976886431083,1.453901549023942
2017-09-28 09:00:00,30.3,75,0.2,2.1,149,-1.081579957311114,1.800051331474436
2017-09-28 10:00:00,31.0,72,0.4,2.2,180,1.3471114790620887e-16,2.2
2017-09-28 11:00:00,32.0,70,0.2,4.6,231,3.5748714227020657,2.8948737988292517
2017-09-28 12:00:00,30.6,73,3.6,9.5,245,8.609923976848174,4.014873486536644
2017-09-28 13:00:00,28.3,82,0.8,8.7,120,-7.534421012924616,4.349999999999999
2017-09-28 14:00:00,28.8,80,0.2,6.3,121,-5.400153994423307,3.2447398719333425
2017-09-28 15:00:00,28.8,81,0.1,4.0,95,-3.984778792366982,0.3486229709906328
2017-09-28 16:00:00,29.2,79,0.0,0.8,333,0.3631923997916375,-0.7128052193506943
2017-09-28 17:00:00,29.2,80,0.0,0.8,207,0.3631923997916375,0.7128052193506943
2017-09-28 18:00:00,28.3,87,0.0,2.4,243,2.138415658052083,1.0895771993749122
2017-09-28 19:00:00,27.5,90,0.0,4.8,318,3.2118269105225195,-3.5670951622914924
2017-09-28 20:00:00,27.4,85,0.0,5.5,11,-1.0494494745709955,-5.3989495089621515
2017-09-28 21:00:00,27.5,84,0.0,6.2,7,-0.7555899291119125,-6.153786140176197
2017-09-28 22:00:00,27.2,84,0.0,9.0,358,0.31409547032250973,-8.994517443171862
2017-09-28 23:00:00,26.9,89,0.0,7.9,16,-2.1775351109542913,-7.593967397912721
2017-09-29 00:00:00,26.5,91,0.0,4.9,54,-3.964183272437243,-2.880147736233118
2017-09-29 01:00:00,26.0,93,0.0,3.9,34,-2.1808523235359116,-3.233246532964663
2017-09-29 02:00:00,25.2,95,0.0,5.5,23,-2.149021206691006,-5.062776693988422
2017-09-29 03:00:00,25.7,92,0.0,3.1,159,-1.1109406435904308,2.8940993221413254
2017-09-29 04:00:00,25.0,96,0.0,5.1,321,3.209533994354171,-3.963444403430551
2017-09-29 05:00:00,24.6,97,0.0,2.8,140,-1.7998053071223101,2.1449244407331385
2017-09-29 06:00:00,24.8,96,0.0,5.1,172,-0.7097828148963332,5.050367150582009
2017-09-29 07:00:00,26.5,90,0.0,7.4,313,5.412017391981862,-5.046787864462489
2017-09-29 08:00:00,28.1,82,0.0,2.3,18,-0.7107390870623793,-2.1874299874788528
2017-09-29 09:00:00,29.6,77,0.0,4.3,360,2.632990618166809e-16,-4.3
2017-09-29 10:00:00,30.8,71,0.0,3.1,324,1.8221342821066668,-2.5079526825623373
2017-09-29 11:00:00,31.6,66,0.0,2.3,321,1.447436899414626,-1.7874357113510329
2017-09-29 12:00:00,32.0,64,0.0,1.4,90,-1.4,1.7145055188062944e-16
2017-09-29 13:00:00,32.0,64,0.0,6.8,295,6.162892951849219,-2.873804179836756
2017-09-29 14:00:00,30.4,75,0.0,9.7,318,6.490566881680924,-7.208504807130724
2017-09-29 15:00:00,30.9,73,0.1,3.3,6,-0.3449439287832561,-3.281922254715302
2017-09-29 16:00:00,29.0,78,2.7,1.1,288,1.0461621679246689,-0.33991869381244216
2017-09-29 17:00:00,28.5,81,0.0,7.6,211,3.9142893693164114,6.5144714853360535
2017-09-29 18:00:00,27.4,86,0.0,8.8,199,2.8649997592229797,8.320563465273988
2017-09-29 19:00:00,26.8,89,0.0,9.5,191,1.8126854560771768,9.325458242752807
2017-09-29 20:00:00,26.5,95,0.0,2.2,81,-2.1729143493093033,-0.3441558230885076
2017-09-29 21:00:00,26.6,94,0.0,2.3,72,-2.187429987478853,-0.7107390870623786
2017-09-29 22:00:00,26.3,94,0.0,4.3,265,4.283637201794505,0.3747696938149301
2017-09-29 23:00:00,26.4,91,0.0,5.2,245,4.7128004925905795,2.197614961051637
2017-09-30 00:00:00,26.0,93,0.0,4.1,225,2.899137802864845,2.8991378028648445
2017-09-30 01:00:00,26.0,92,0.0,3.1,111,-2.8940993221413254,1.1109406435904308
2017-09-30 02:00:00,25.7,93,0.0,2.2,90,-2.2,2.6942229581241775e-16
2017-09-30 03:00:00,25.9,91,0.0,1.8,79,-1.7669289302057951,-0.3434561916777805
2017-09-30 04:00:00,25.8,92,0.0,2.6,326,1.4539015490239418,-2.1554976886431088
2017-09-30 05:00:00,24.9,97,0.0,3.2,297,2.8512208774027776,-1.4527695991665497
2017-09-30 06:00:00,24.9,98,0.0,1.3,34,-0.7269507745119705,-1.0777488443215544
2017-09-30 07:00:00,25.8,94,0.0,2.7,67,-2.485363104321589,-1.0549740469210387
2017-09-30 08:00:00,27.4,85,0.0,8.0,216,4.702282018339785,6.47213595499958
2017-09-30 09:00:00,28.5,79,0.0,6.4,207,2.9055391983331,5.702441754805554
2017-09-30 10:00:00,29.9,70,0.0,5.9,218,3.6324027044213842,4.64926344627966
2017-09-30 11:00:00,31.1,67,0.0,8.0,198,2.4721359549995796,7.608452130361228
2017-09-30 12:00:00,32.4,62,0.0,10.0,201,3.583679495453004,9.335804264972017
2017-09-30 13:00:00,31.3,66,0.0,11.8,239,10.114574148284927,6.077449283938639
2017-09-30 14:00:00,30.2,71,0.0,12.5,229,9.43386975278465,8.200737862381342
2017-09-30 15:00:00,30.0,73,0.0,9.8,204,3.9860191021428424,8.95274548489749
2017-09-30 16:00:00,29.5,75,0.0,7.2,180,4.4087284769304716e-16,7.2
2017-09-30 17:00:00,29.2,78,0.0,5.5,157,-2.149021206691006,5.062776693988422
2017-09-30 18:00:00,28.4,82,0.0,4.6,162,-1.4214781741247577,4.374859974957706
2017-09-30 19:00:00,27.9,85,0.0,5.0,180,3.061616997868383e-16,5.0
2017-09-30 20:00:00,27.7,87,0.0,5.0,159,-1.7918397477265013,4.667902132486009
2017-09-30 21:00:00,28.0,83,0.0,4.3,175,-0.3747696938149304,4.283637201794505
2017-09-30 22:00:00,27.5,86,0.0,4.0,170,-0.6945927106677212,3.939231012048832
2017-09-30 23:00:00,26.8,90,0.0,6.2,187,0.7555899291119145,6.153786140176196
2017-10-01 00:00:00,27.2,86,0.0,5.4,184,0.3766849582182763,5.386845871403051
2017-10-01 01:00:00,27.1,84,0.0,6.2,173,-0.7555899291119137,6.153786140176197
2017-10-01 02:00:00,26.8,83,0.0,4.7,171,-0.7352419856890848,4.6421352007971475
2017-10-01 03:00:00,26.8,80,0.0,5.4,184,0.3766849582182763,5.386845871403051
2017-10-01 04:00:00,26.8,78,0.0,5.8,187,0.7068421917498554,5.756767679519667
2017-10-01 05:00:00,26.3,80,0.0,5.1,188,0.7097828148963339,5.050367150582009
2017-10-01 06:00:00,26.2,82,0.0,4.7,180,2.8779199779962803e-16,4.7
2017-10-01 07:00:00,27.5,78,0.0,6.1,183,0.3192493330819582,6.0916401620029
2017-10-01 08:00:00,29.1,73,0.0,9.0,209,4.363286582217034,7.871577364254562
2017-10-01 09:00:00,30.3,71,0.0,11.3,207,5.1300926470568795,10.068373723328557
2017-10-01 10:00:00,31.4,66,0.0,10.6,204,4.311408416603482,9.683581851011569
2017-10-01 11:00:00,32.1,62,0.0,9.1,214,5.088655421583796,7.5442419102508795
2017-10-01 12:00:00,32.6,60,0.0,7.4,227,5.412017391981862,5.046787864462489
2017-10-01 13:00:00,32.8,59,0.0,5.8,248,5.377666356487367,2.1727182418122895
2017-10-01 14:00:00,32.8,59,0.0,5.7,252,5.421022142882375,1.7613968679372003
2017-10-01 15:00:00,32.1,61,0.0,3.3,229,2.4905416147351476,2.1649947956686737
2017-10-01 16:00:00,31.4,66,0.0,4.8,243,4.276831316104166,2.1791543987498243
2017-10-01 17:00:00,30.8,70,0.0,3.2,207,1.45276959916655,2.851220877402777
2017-10-01 18:00:00,28.9,80,0.0,6.1,230,4.6728711030257655,3.921004419087889
2017-10-01 19:00:00,28.2,85,0.0,7.0,249,6.535062985480412,2.5085756468171017
2017-10-01 20:00:00,27.7,92,0.0,3.4,238,2.883363526931848,1.8017254983928965
2017-10-01 21:00:00,27.8,92,0.0,4.6,219,2.894873798829252,3.5748714227020657
2017-10-01 22:00:00,27.5,93,0.0,4.4,215,2.5237363199446032,3.604268994871564
2017-10-01 23:00:00,27.5,92,0.0,7.1,221,4.658019105832602,5.358438019581681
2017-10-02 00:00:00,27.3,91,0.0,8.5,216,4.996174644486022,6.876644452187053
2017-10-02 01:00:00,26.6,91,0.0,5.9,218,3.6324027044213842,4.64926344627966
2017-10-02 02:00:00,25.7,95,0.0,4.5,194,1.0886485301985045,4.366330768241984
2017-10-02 03:00:00,25.5,94,0.0,4.2,160,-1.4364846019678086,3.9467090073008158
2017-10-02 04:00:00,25.5,94,0.0,2.9,120,-2.511473670974872,1.4499999999999997
2017-10-02 05:00:00,25.4,94,0.0,3.7,101,-3.632020578756357,0.7059932828932164
2017-10-02 06:00:00,25.4,94,0.0,3.2,90,-3.2,3.9188697572715305e-16
2017-10-02 07:00:00,27.4,85,0.0,2.9,83,-2.878383839759834,-0.3534210958749272
2017-10-02 08:00:00,29.0,77,0.0,1.3,34,-0.7269507745119705,-1.0777488443215544
2017-10-02 09:00:00,30.2,70,0.0,2.2,9,-0.3441558230885083,-2.172914349309303
2017-10-02 10:00:00,31.4,64,0.0,1.4,360,8.572527594031472e-17,-1.4
2017-10-02 11:00:00,32.4,59,0.0,2.3,309,1.7874357113510329,-1.4474368994146258
2017-10-02 12:00:00,32.7,60,0.0,4.7,328,2.490620541896063,-3.9858260519352022
2017-10-02 13:00:00,32.0,64,0.0,8.4,310,6.4347733221994154,-5.39941592136693
2017-10-02 14:00:00,32.2,64,0.0,5.4,323,3.2498011250210617,-4.312631754255381
2017-10-02 15:00:00,31.8,66,0.0,2.4,333,1.0895771993749124,-2.138415658052083
2017-10-02 16:00:00,30.3,68,0.3,4.2,59,-3.600102662948872,-2.1631599146222276
2017-10-02 17:00:00,30.0,71,0.0,2.9,150,-1.4499999999999993,2.511473670974872
2017-10-02 18:00:00,29.5,73,0.0,2.6,214,1.4539015490239418,2.1554976886431088
2017-10-02 19:00:00,29.0,76,0.0,2.1,329,1.0815799573111138,-1.800051331474436
2017-10-02 20:00:00,27.8,88,0.0,4.7,9,-0.7352419856890859,-4.6421352007971475
2017-10-02 21:00:00,27.5,90,0.0,4.1,15,-1.0611580849203346,-3.96029588778518
2017-10-02 22:00:00,28.2,85,0.0,2.2,9,-0.3441558230885083,-2.172914349309303
2017-10-02 23:00:00,27.5,89,0.0,2.8,220,1.7998053071223101,2.1449244407331385
2017-10-03 00:00:00,26.6,93,0.0,4.7,212,2.490620541896063,3.9858260519352022
2017-10-03 01:00:00,26.4,95,0.0,5.4,200,1.8469087739586119,5.074340152243905
2017-10-03 02:00:00,26.8,93,0.0,3.7,169,-0.7059932828932158,3.632020578756357
2017-10-03 03:00:00,26.9,91,0.0,2.8,130,-2.144924440733138,1.7998053071223103
2017-10-03 04:00:00,26.5,93,0.0,2.5,98,-2.475670171853926,0.3479327524001633
2017-10-03 05:00:00,26.3,91,0.0,2.9,83,-2.878383839759834,-0.3534210958749272
2017-10-03 06:00:00,25.9,92,0.0,4.0,63,-3.5640260967534716,-1.8159619989581868
2017-10-03 07:00:00,28.0,83,0.0,3.9,22,-1.460965714322058,-3.6160170328104706
2017-10-03 08:00:00,29.2,76,0.0,3.6,307,2.875087836170254,-2.166534083347374
2017-10-03 09:00:00,30.5,68,0.0,4.3,336,1.7489675652259409,-3.9282454678631837
2017-10-03 10:00:00,31.6,63,0.0,5.1,356,0.35575801609503865,-5.087576656325103
2017-10-03 11:00:00,32.1,61,0.0,4.7,356,0.3278554265973886,-4.688551036221174
2017-10-03 12:00:00,32.4,59,0.0,7.0,325,4.015035054457323,-5.7340643100229425
2017-10-03 13:00:00,31.6,66,0.0,10.9,304,9.036509540849954,-6.095202647831141
2017-10-03 14:00:00,31.1,67,0.1,7.4,299,6.472185832831529,-3.5875911898228945
2017-10-03 15:00:00,29.9,71,0.1,3.5,24,-1.4235782507653003,-3.1974091017491033
2017-10-03 16:00:00,29.7,73,0.0,6.5,186,0.6794350112397475,6.4643923198937765
2017-10-03 17:00:00,29.0,76,0.0,3.3,167,-0.7423384793347546,3.2154212137912763
2017-10-03 18:00:00,28.1,83,0.0,3.6,186,0.3763024677635525,3.580278823325784
2017-10-03 19:00:00,28.0,78,0.0,5.9,191,1.125773072721615,5.791600382341218
2017-10-03 20:00:00,28.2,84,0.0,4.8,207,2.1791543987498248,4.276831316104166
2017-10-03 21:00:00,28.1,85,0.0,5.6,207,2.542346798541462,4.989636535454859
2017-10-03 22:00:00,27.7,89,0.0,9.0,196,2.4807362023529924,8.65135526344487
2017-10-03 23:00:00,27.5,87,0.0,9.1,214,5.088655421583796,7.5442419102508795
2017-10-04 00:00:00,27.2,84,0.0,4.8,207,2.1791543987498248,4.276831316104166
2017-10-04 01:00:00,26.9,86,0.0,5.2,192,1.0811407922523493,5.086367523815789
2017-10-04 02:00:00,27.4,81,0.0,3.1,324,1.8221342821066668,-2.5079526825623373
2017-10-04 03:00:00,26.1,89,0.0,3.1,45,-2.192031021678298,-2.192031021678297
2017-10-04 04:00:00,26.3,86,0.0,5.2,12,-1.0811407922523508,-5.086367523815789
2017-10-04 05:00:00,26.0,88,0.0,8.6,360,5.265981236333618e-16,-8.6
2017-10-04 06:00:00,25.6,92,0.0,8.0,8,-1.1133848076805266,-7.922144549932562
2017-10-04 07:00:00,26.4,88,0.0,9.0,5,-0.7844016847289242,-8.96575228282571
2017-10-04 08:00:00,28.4,76,0.0,5.9,14,-1.42733918403804,-5.7247447850283795
2017-10-04 09:00:00,29.8,68,0.0,3.0,346,0.725765686799003,-2.9108871788279895
2017-10-04 10:00:00,30.5,65,0.0,4.0,270,4.0,0.0
2017-10-04 11:00:00,31.1,65,0.0,5.6,243,4.98963653545486,2.5423467985414616
2017-10-04 12:00:00,31.5,64,0.1,4.3,246,3.9282454678631837,1.7489675652259409
2017-10-04 13:00:00,32.0,62,0.0,3.6,143,-2.1665340833473743,2.8750878361702537
2017-10-04 14:00:00,31.0,65,0.0,2.2,81,-2.1729143493093033,-0.3441558230885076
2017-10-04 15:00:00,31.1,65,0.0,1.4,270,1.4,0.0
2017-10-04 16:00:00,30.9,66,0.0,3.9,326,2.1808523235359125,-3.233246532964663
2017-10-04 17:00:00,30.3,69,0.0,5.4,312,4.012982057577929,-3.6133052743378347
2017-10-04 18:00:00,29.0,72,0.0,10.0,330,5.000000000000001,-8.660254037844386
2017-10-04 19:00:00,27.9,72,0.0,11.8,348,2.453357951649562,-11.542141688658907
2017-10-04 20:00:00,27.9,71,0.0,11.3,343,3.303800263366926,-10.806243742382302
2017-10-04 21:00:00,27.2,75,0.0,9.7,338,3.633683956134346,-8.993683389297837
2017-10-04 22:00:00,26.6,78,0.0,6.0,343,1.7542302283364206,-5.737828535778212
2017-10-04 23:00:00,26.2,81,0.0,3.1,339,1.1109406435904312,-2.8940993221413254
2017-10-05 00:00:00,25.8,86,0.0,2.2,351,0.34415582308850806,-2.1729143493093033
2017-10-05 01:00:00,25.9,86,0.0,1.3,34,-0.7269507745119705,-1.0777488443215544
2017-10-05 02:00:00,25.9,87,0.0,1.1,18,-0.33991869381244233,-1.0461621679246689
2017-10-05 03:00:00,25.7,86,0.0,2.6,344,0.7166571251241979,-2.499280409439629
2017-10-05 04:00:00,25.7,86,0.0,5.8,356,0.40458754771592637,-5.78587149150698
2017-10-05 05:00:00,25.2,90,0.0,6.5,354,0.6794350112397475,-6.4643923198937765
2017-10-05 06:00:00,24.9,93,0.0,4.1,345,1.061158084920335,-3.96029588778518
2017-10-05 07:00:00,26.2,89,0.0,3.8,319,2.4930243101639276,-2.8678964048465336
2017-10-05 08:00:00,27.9,80,0.0,1.6,243,1.4256104387013888,0.7263847995832748
2017-10-05 09:00:00,29.7,72,0.0,4.0,243,3.5640260967534716,1.815961998958187
2017-10-05 10:00:00,30.8,63,0.0,7.2,243,6.415246974156249,3.2687315981247367
2017-10-05 11:00:00,31.5,61,0.0,6.9,219,4.342310698243879,5.3623071340531
2017-10-05 12:00:00,32.1,59,0.0,6.7,216,3.93816119035957,5.420413862312148
2017-10-05 13:00:00,31.3,64,0.0,6.3,239,5.400153994423308,3.244739871933341
2017-10-05 14:00:00,31.2,64,0.0,4.1,218,2.524212048835199,3.23084408978756
2017-10-05 15:00:00,31.0,65,0.0,6.2,173,-0.7555899291119137,6.153786140176197
2017-10-05 16:00:00,30.7,66,0.0,5.4,160,-1.8469087739586112,5.074340152243906
2017-10-05 17:00:00,30.3,71,0.0,2.6,146,-1.4539015490239415,2.1554976886431088
2017-10-05 18:00:00,30.1,69,0.0,3.7,151,-1.793795594911447,3.236092916415765
2017-10-05 19:00:00,29.5,73,0.0,3.1,135,-2.192031021678297,2.1920310216782974
2017-10-05 20:00:00,28.1,77,0.0,5.4,180,3.3065463576978537e-16,5.4
2017-10-05 21:00:00,27.5,83,0.0,5.1,184,0.35575801609503865,5.087576656325103
2017-10-05 22:00:00,27.2,84,0.0,6.0,197,1.7542302283364206,5.737828535778212
2017-10-05 23:00:00,27.2,84,0.0,5.0,201,1.791839747726502,4.667902132486009
2017-10-06 00:00:00,26.7,87,0.0,4.5,166,-1.088648530198505,4.366330768241984
2017-10-06 01:00:00,26.1,90,0.0,4.8,132,-3.567095162291491,3.21182691052252
2017-10-06 02:00:00,25.9,91,0.0,3.9,124,-3.2332465329646625,2.180852323535913
2017-10-06 03:00:00,25.6,92,0.0,3.8,107,-3.633958072659535,1.111012477946399
2017-10-06 04:00:00,25.4,93,0.0,3.6,90,-3.6,4.4087284769304716e-16
2017-10-06 05:00:00,25.6,90,0.0,2.3,72,-2.187429987478853,-0.7107390870623786
2017-10-06 06:00:00,24.8,93,0.0,4.0,27,-1.8159619989581877,-3.564026096753471
2017-10-06 07:00:00,26.7,83,0.0,3.4,18,-1.0506577808748216,-3.233592155403522
2017-10-06 08:00:00,29.1,67,0.0,5.1,8,-0.7097828148963357,-5.050367150582008
2017-10-06 09:00:00,30.4,65,0.0,5.9,349,1.125773072721615,-5.791600382341218
2017-10-06 10:00:00,31.5,63,0.0,5.2,335,2.197614961051637,-4.7128004925905795
2017-10-06 11:00:00,32.3,60,0.0,6.3,294,5.755336383148386,-2.5624408513775414
2017-10-06 12:00:00,32.1,63,0.0,11.6,277,11.513535359039334,-1.4136843834997106
2017-10-06 13:00:00,31.4,67,0.0,10.6,294,9.683581851011569,-4.311408416603482
2017-10-06 14:00:00,32.3,63,0.0,7.9,309,6.139453095510071,-4.971631089293716
2017-10-06 15:00:00,32.2,61,0.3,1.1,342,0.3399186938124422,-1.0461621679246689
2017-10-06 16:00:00,31.6,63,0.0,2.0,315,1.4142135623730951,-1.414213562373095
2017-10-06 17:00:00,30.4,72,0.0,6.6,299,5.772490067120011,-3.1997434936258244
2017-10-06 18:00:00,29.0,82,0.0,6.7,286,6.440453362786736,-1.8467702839738944
2017-10-06 19:00:00,28.1,87,0.0,4.5,256,4.366330768241984,1.0886485301985047
2017-10-06 20:00:00,27.8,89,0.0,5.2,192,1.0811407922523493,5.086367523815789
2017-10-06 21:00:00,28.0,87,0.0,8.6,195,2.2258437878816784,8.306962106085987
2017-10-06 22:00:00,28.0,85,0.0,11.7,189,1.8302832409707017,11.555953584963111
2017-10-06 23:00:00,27.8,84,0.0,11.2,186,1.1707187885977186,11.13864522812466
2017-10-07 00:00:00,27.5,83,0.0,8.7,185,0.7582549619046257,8.666893873398186
2017-10-07 01:00:00,27.1,84,0.0,5.0,180,3.061616997868383e-16,5.0
2017-10-07 02:00:00,26.9,85,0.0,3.1,135,-2.192031021678297,2.1920310216782974
2017-10-07 03:00:00,26.2,89,0.0,3.1,54,-2.5079526825623377,-1.8221342821066664
2017-10-07 04:00:00,26.1,89,0.0,3.4,32,-1.801725498392897,-2.883363526931848
2017-10-07 05:00:00,26.0,87,0.0,6.5,19,-2.116193003971518,-6.1458707413955596
2017-10-07 06:00:00,25.7,84,0.0,7.4,14,-1.7902220274375418,-7.180188374442374
2017-10-07 07:00:00,27.1,77,0.0,8.6,2,-0.3001356716415065,-8.594761112364223
2017-10-07 08:00:00,28.8,77,0.0,7.2,360,4.4087284769304716e-16,-7.2
2017-10-07 09:00:00,30.5,67,0.0,5.8,4,-0.40458754771592836,-5.78587149150698
2017-10-07 10:00:00,31.7,62,0.0,3.9,338,1.4609657143220567,-3.616017032810471
2017-10-07 11:00:00,32.8,57,0.0,3.1,306,2.5079526825623373,-1.8221342821066668
2017-10-07 12:00:00,33.7,53,0.0,3.4,288,3.233592155403522,-1.0506577808748212
2017-10-07 13:00:00,34.1,52,0.0,4.7,274,4.688551036221174,-0.3278554265973889
2017-10-07 14:00:00,34.4,51,0.0,7.1,255,6.858073366652385,1.8376152202278973
2017-10-07 15:00:00,33.6,55,0.0,9.0,233,7.187719590425635,5.416335208368435
2017-10-07 16:00:00,32.2,62,0.0,10.2,212,5.40517649517869,8.650090580795544
2017-10-07 17:00:00,31.1,67,0.0,13.0,194,3.14498464279568,12.613844441587954
2017-10-07 18:00:00,30.3,68,0.0,10.4,200,3.557009490586956,9.772803256173447
2017-10-07 19:00:00,29.6,71,0.0,10.8,184,0.7533699164365526,10.773691742806102
2017-10-07 20:00:00,29.2,73,0.0,9.4,203,3.672872607799173,8.65274562245294
2017-10-07 21:00:00,28.3,77,0.0,5.8,184,0.40458754771592637,5.78587149150698
2017-10-07 22:00:00,27.7,81,0.0,5.4,188,0.7515347451843536,5.34744757120448
2017-10-07 23:00:00,27.1,86,0.0,4.1,142,-2.524212048835199,3.23084408978756
2017-10-08 00:00:00,26.5,88,0.0,3.8,49,-2.867896404846534,-2.4930243101639267
2017-10-08 01:00:00,26.4,88,0.0,4.1,52,-3.23084408978756,-2.5242120488351985
2017-10-08 02:00:00,26.5,86,0.0,5.6,27,-2.5423467985414625,-4.989636535454859
2017-10-08 03:00:00,25.7,86,0.0,4.2,70,-3.9467090073008158,-1.4364846019678084
2017-10-08 04:00:00,25.8,76,0.0,9.2,42,-6.1560015785014945,-6.8369323943920275
2017-10-08 05:00:00,25.7,70,0.0,9.0,53,-7.187719590425635,-5.4163352083684355
2017-10-08 06:00:00,25.3,73,0.0,7.3,57,-6.122295146001595,-3.9758649556096977
2017-10-08 07:00:00,26.8,73,0.0,9.2,39,-5.789747597658508,-7.149742845404129
2017-10-08 08:00:00,29.0,68,0.0,4.6,45,-3.2526911934581193,-3.252691193458118
2017-10-08 09:00:00,30.3,60,0.0,3.3,6,-0.3449439287832561,-3.281922254715302
2017-10-08 10:00:00,31.5,57,0.0,6.2,339,2.2218812871808624,-5.788198644282651
2017-10-08 11:00:00,32.6,57,0.0,5.1,262,5.050367150582009,0.7097828148963337
2017-10-08 12:00:00,33.4,56,0.0,4.3,246,3.9282454678631837,1.7489675652259409
2017-10-08 13:00:00,34.2,55,0.0,2.6,236,2.1554976886431083,1.453901549023942
2017-10-08 14:00:00,34.6,54,0.0,3.4,238,2.883363526931848,1.8017254983928965
2017-10-08 15:00:00,34.6,53,0.0,7.1,221,4.658019105832602,5.358438019581681
2017-10-08 16:00:00,34.4,53,0.0,9.4,223,6.410784584587486,6.874724795220202
2017-10-08 17:00:00,32.8,61,0.0,12.8,230,9.80536887192292,8.227681403987702
2017-10-08 18:00:00,31.2,65,0.0,8.4,220,5.399415921366931,6.4347733221994154
2017-10-08 19:00:00,29.9,68,0.0,5.2,196,1.4333142502483958,4.998560818879258
2017-10-08 20:00:00,29.7,72,0.0,8.8,189,1.3766232923540322,8.691657397237213
2017-10-08 21:00:00,29.2,72,0.0,11.6,187,1.4136843834997108,11.513535359039334
2017-10-08 22:00:00,28.9,68,0.0,13.0,183,0.6803674311582716,12.98218395180946
2017-10-08 23:00:00,28.9,66,0.0,16.5,190,2.8651949315043517,16.249327924701433
2017-10-09 00:00:00,28.7,68,0.0,14.4,180,8.817456953860943e-16,14.4
2017-10-09 01:00:00,29.0,68,0.0,10.8,180,6.613092715395707e-16,10.8
2017-10-09 02:00:00,28.7,69,0.0,8.4,170,-1.4586446924022145,8.272385125302547
2017-10-09 03:00:00,27.2,76,0.0,5.1,141,-3.20953399435417,3.963444403430552
2017-10-09 04:00:00,26.5,82,0.0,3.8,107,-3.633958072659535,1.111012477946399
2017-10-09 05:00:00,28.1,72,0.0,1.1,108,-1.0461621679246689,0.3399186938124423
2017-10-09 06:00:00,26.3,82,0.0,3.7,61,-3.236092916415765,-1.7937955949114468
2017-10-09 07:00:00,28.1,74,0.0,2.1,59,-1.800051331474436,-1.0815799573111138
2017-10-09 08:00:00,30.2,64,0.0,6.2,21,-2.2218812871808646,-5.78819864428265
2017-10-09 09:00:00,31.6,57,0.0,4.0,355,0.34862297099063255,-3.984778792366982
2017-10-09 10:00:00,32.7,53,0.0,4.2,290,3.9467090073008158,-1.4364846019678086
2017-10-09 11:00:00,33.7,51,0.0,6.1,267,6.0916401620029,0.31924933308195735
2017-10-09 12:00:00,34.6,51,0.0,8.6,248,7.973781149274371,3.221616703376843
2017-10-09 13:00:00,34.9,51,0.0,11.5,250,10.806465139037947,3.93323164824519
2017-10-09 14:00:00,34.0,56,0.1,10.4,268,10.393664600998596,0.3629547657060101
2017-10-09 15:00:00,33.4,59,0.0,11.2,268,11.193177262613872,0.3908743630680108
2017-10-09 16:00:00,32.2,63,0.0,13.1,278,12.972511700514572,-1.8231676225768572
2017-10-09 17:00:00,30.9,67,0.0,11.3,277,11.215771513546938,-1.3771235804781665
2017-10-09 18:00:00,29.5,73,0.0,4.3,275,4.283637201794505,-0.3747696938149301
2017-10-09 19:00:00,28.9,76,0.0,4.2,211,2.1631599146222276,3.600102662948872
2017-10-09 20:00:00,29.1,78,0.0,4.2,160,-1.4364846019678086,3.9467090073008158
2017-10-09 21:00:00,28.9,78,0.0,3.6,143,-2.1665340833473743,2.8750878361702537
2017-10-09 22:00:00,28.5,81,0.0,4.6,135,-3.252691193458118,3.2526911934581184
2017-10-09 23:00:00,28.0,83,0.0,4.0,100,-3.939231012048832,0.6945927106677211
2017-10-10 00:00:00,27.4,86,0.0,4.0,100,-3.939231012048832,0.6945927106677211
2017-10-10 01:00:00,26.9,88,0.0,3.1,111,-2.8940993221413254,1.1109406435904308
2017-10-10 02:00:00,26.1,91,0.0,4.3,85,-4.283637201794505,-0.37476969381492914
2017-10-10 03:00:00,25.6,91,0.0,2.3,39,-1.447436899414627,-1.7874357113510322
2017-10-10 04:00:00,25.2,88,0.0,2.5,45,-1.7677669529663693,-1.7677669529663687
2017-10-10 05:00:00,24.7,83,0.0,2.7,67,-2.485363104321589,-1.0549740469210387
2017-10-10 06:00:00,24.4,81,0.0,2.5,82,-2.475670171853926,-0.3479327524001638
2017-10-10 07:00:00,26.2,72,0.0,2.4,63,-2.138415658052083,-1.089577199374912
2017-10-10 08:00:00,29.2,58,0.0,3.9,34,-2.1808523235359116,-3.233246532964663
2017-10-10 09:00:00,31.6,56,0.0,7.4,14,-1.7902220274375418,-7.180188374442374
2017-10-10 10:00:00,33.1,52,0.0,6.6,351,1.032467469265524,-6.518743047927909
2017-10-10 11:00:00,34.0,51,0.0,8.9,320,5.7208097262102005,-6.817795543758905
2017-10-10 12:00:00,34.4,52,0.0,9.9,314,7.121464023352647,-6.877117867544073
2017-10-10 13:00:00,34.6,51,0.0,10.7,310,8.196675541373065,-6.87782742364597
2017-10-10 14:00:00,34.1,51,0.0,13.1,307,10.462125181619536,-7.883776803291832
2017-10-10 15:00:00,32.8,56,0.0,13.5,314,9.711087304571791,-9.377888001196464
2017-10-10 16:00:00,32.0,61,0.0,11.5,319,7.544678833390834,-8.679160172561879
2017-10-10 17:00:00,30.9,66,0.0,8.4,310,6.4347733221994154,-5.39941592136693
2017-10-10 18:00:00,29.5,71,0.0,6.6,299,5.772490067120011,-3.1997434936258244
2017-10-10 19:00:00,28.3,78,0.0,3.5,294,3.197409101749103,-1.4235782507653008
2017-10-10 20:00:00,27.6,80,0.0,5.6,207,2.542346798541462,4.989636535454859
2017-10-10 21:00:00,28.0,76,0.0,4.9,197,1.4326213531414103,4.685893304218874
2017-10-10 22:00:00,27.8,77,0.0,6.1,180,3.735172737399427e-16,6.1
2017-10-10 23:00:00,27.5,79,0.0,5.8,173,-0.7068421917498547,5.756767679519668
2017-10-11 00:00:00,27.0,83,0.0,5.1,176,-0.35575801609503915,5.087576656325103
2017-10-11 01:00:00,26.5,88,0.0,4.9,144,-2.880147736233118,3.9641832724372428
2017-10-11 02:00:00,26.1,88,0.0,2.5,98,-2.475670171853926,0.3479327524001633
2017-10-11 03:00:00,25.7,86,0.0,2.9,90,-2.9,3.5514757175273243e-16
2017-10-11 04:00:00,25.4,79,0.0,3.4,72,-3.2335921554035223,-1.0506577808748208
2017-10-11 05:00:00,25.0,72,0.0,5.0,69,-4.667902132486009,-1.7918397477265022
2017-10-11 06:00:00,24.4,70,0.0,5.0,69,-4.667902132486009,-1.7918397477265022
2017-10-11 07:00:00,26.2,64,0.0,5.8,68,-5.377666356487367,-2.1727182418122895
2017-10-11 08:00:00,29.8,53,0.0,2.5,45,-1.7677669529663693,-1.7677669529663687
2017-10-11 09:00:00,31.5,55,0.0,1.3,326,0.7269507745119709,-1.0777488443215544
2017-10-11 10:00:00,33.0,49,0.0,3.8,319,2.4930243101639276,-2.8678964048465336
2017-10-11 11:00:00,33.9,47,0.0,5.6,320,3.5996106142446203,-4.289848881466277
2017-10-11 12:00:00,34.2,49,0.0,8.1,315,5.727564927611035,-5.727564927611034
2017-10-11 13:00:00,34.3,52,0.0,10.2,309,7.926888806861102,-6.419067988708341
2017-10-11 14:00:00,33.7,55,0.0,13.0,316,9.030558815966964,-9.351417404402465
2017-10-11 15:00:00,32.9,54,0.0,7.8,304,6.466493065929325,-4.361704647071826
2017-10-11 16:00:00,32.6,56,0.0,4.4,215,2.5237363199446032,3.604268994871564
2017-10-11 17:00:00,31.8,60,0.0,4.4,235,3.604268994871564,2.523736319944603
2017-10-11 18:00:00,30.3,65,0.0,5.4,274,5.386845871403051,-0.37668495821827663
2017-10-11 19:00:00,29.2,74,0.0,5.9,232,4.64926344627966,3.6324027044213842
2017-10-11 20:00:00,28.9,76,0.0,4.4,171,-0.6883116461770157,4.3458286986186065
2017-10-11 21:00:00,29.0,73,0.0,5.9,166,-1.42733918403804,5.7247447850283795
2017-10-11 22:00:00,28.6,75,0.0,6.2,170,-1.076618701534968,6.10580806867569
2017-10-11 23:00:00,28.0,81,0.0,5.0,180,3.061616997868383e-16,5.0
2017-10-12 00:00:00,28.6,79,0.0,3.2,153,-1.4527695991665495,2.8512208774027776
2017-10-12 01:00:00,26.6,89,0.0,4.9,17,-1.4326213531414118,-4.685893304218873
2017-10-12 02:00:00,26.4,89,0.0,3.9,22,-1.460965714322058,-3.6160170328104706
2017-10-12 03:00:00,26.2,87,0.0,3.8,41,-2.4930243101639276,-2.8678964048465336
2017-10-12 04:00:00,26.0,81,0.0,4.6,45,-3.2526911934581193,-3.252691193458118
2017-10-12 05:00:00,25.5,77,0.0,4.2,20,-1.436484601967808,-3.9467090073008158
2017-10-12 06:00:00,25.2,77,0.0,3.9,56,-3.233246532964663,-2.180852323535912
2017-10-12 07:00:00,27.5,65,0.0,3.4,58,-2.8833635269318485,-1.8017254983928963
2017-10-12 08:00:00,29.0,70,0.0,2.5,98,-2.475670171853926,0.3479327524001633
2017-10-12 09:00:00,30.6,63,0.0,0.5,135,-0.35355339059327373,0.3535533905932738
2017-10-12 10:00:00,31.9,56,0.0,2.3,18,-0.7107390870623793,-2.1874299874788528
2017-10-12 11:00:00,32.6,54,0.0,5.6,345,1.4493866525741161,-5.4091846272187825
2017-10-12 12:00:00,32.7,55,0.0,6.6,315,4.666904755831213,-4.666904755831213
2017-10-12 13:00:00,33.4,54,0.0,6.6,279,6.518743047927909,-1.0324674692655236
2017-10-12 14:00:00,33.3,56,0.0,11.3,297,10.068373723328557,-5.130092647056879
2017-10-12 15:00:00,32.1,61,0.0,14.9,323,8.967043844965522,-11.899669099704663
2017-10-12 16:00:00,31.8,60,0.0,13.8,332,6.478707566445294,-12.184676781453192
2017-10-12 17:00:00,30.7,61,0.0,12.8,338,4.794964395723674,-11.86795333845488
2017-10-12 18:00:00,29.6,62,0.0,10.4,340,3.557009490586956,-9.772803256173447
2017-10-12 19:00:00,29.1,63,0.0,9.4,342,2.904759747124506,-8.939931253174443
2017-10-12 20:00:00,28.1,70,0.0,5.0,339,1.791839747726502,-4.667902132486009
2017-10-12 21:00:00,27.8,71,0.0,4.5,346,1.0886485301985045,-4.366330768241984
2017-10-12 22:00:00,27.3,72,0.0,9.0,358,0.31409547032250973,-8.994517443171862
2017-10-12 23:00:00,26.3,76,0.0,10.5,16,-2.894192236078488,-10.09324780735235
2017-10-13 00:00:00,25.7,78,0.0,7.9,30,-3.9500000000000037,-6.841600689897064
2017-10-13 01:00:00,25.4,79,0.0,4.7,9,-0.7352419856890859,-4.6421352007971475
2017-10-13 02:00:00,25.2,79,0.0,6.8,18,-2.1013155617496433,-6.467184310807044
2017-10-13 03:00:00,24.9,79,0.0,7.0,35,-4.015035054457325,-5.734064310022941
2017-10-13 04:00:00,24.6,80,0.0,6.8,25,-2.873804179836754,-6.16289295184922
2017-10-13 05:00:00,24.6,79,0.0,5.9,52,-4.64926344627966,-3.6324027044213834
2017-10-13 06:00:00,24.6,79,0.0,4.5,61,-3.9357886821272814,-2.181643291108516
2017-10-13 07:00:00,25.4,76,0.0,7.0,21,-2.508575646817105,-6.535062985480412
2017-10-13 08:00:00,27.0,69,0.0,10.5,31,-5.407899786555572,-9.000256657372177
2017-10-13 09:00:00,29.0,62,0.0,10.0,30,-5.000000000000004,-8.660254037844384
2017-10-13 10:00:00,29.9,58,0.0,6.8,32,-3.603450996785794,-5.766727053863696
2017-10-13 11:00:00,30.0,57,0.0,4.6,51,-3.5748714227020653,-2.894873798829253
2017-10-13 12:00:00,30.1,58,1.0,2.3,108,-2.1874299874788528,0.7107390870623792
2017-10-13 13:00:00,30.4,57,0.1,3.6,45,-2.545584412271572,-2.545584412271571
2017-10-13 14:00:00,29.4,64,0.4,2.3,18,-0.7107390870623793,-2.1874299874788528
2017-10-13 15:00:00,28.2,74,1.4,1.3,236,1.0777488443215542,0.726950774511971
2017-10-13 16:00:00,27.5,82,1.5,6.8,357,0.35588450245201897,-6.790680836331102
2017-10-13 17:00:00,26.9,86,0.9,13.7,5,-1.194033675642918,-13.647867363856914
2017-10-13 18:00:00,25.8,85,0.3,14.5,7,-1.767105479374634,-14.39191919879917
2017-10-13 19:00:00,25.5,87,0.0,14.1,6,-1.4738513320739124,-14.022758724692654
2017-10-13 20:00:00,26.9,77,0.0,4.6,342,1.4214781741247582,-4.3748599749577055
2017-10-13 21:00:00,25.8,89,1.4,3.4,32,-1.801725498392897,-2.883363526931848
2017-10-13 22:00:00,25.5,93,4.1,3.3,354,0.3449439287832564,-3.2819222547153015
2017-10-13 23:00:00,25.2,90,2.7,2.4,27,-1.0895771993749126,-2.138415658052083
2017-10-14 00:00:00,24.6,93,1.0,1.8,143,-1.0832670416736871,1.4375439180851268
2017-10-14 01:00:00,24.6,90,0.6,5.6,105,-5.409184627218782,1.4493866525741177
2017-10-14 02:00:00,24.7,92,1.6,3.5,66,-3.197409101749103,-1.4235782507653008
2017-10-14 03:00:00,24.6,93,2.0,7.9,16,-2.1775351109542913,-7.593967397912721
2017-10-14 04:00:00,24.5,96,1.9,2.2,90,-2.2,2.6942229581241775e-16
2017-10-14 05:00:00,24.7,94,0.5,6.3,24,-2.5624408513775405,-5.755336383148386
2017-10-14 06:00:00,24.6,94,0.2,2.3,141,-1.4474368994146256,1.7874357113510333
2017-10-14 07:00:00,25.1,91,0.1,1.4,270,1.4,0.0
2017-10-14 08:00:00,25.0,91,0.0,6.3,204,2.5624408513775414,5.755336383148386
2017-10-14 09:00:00,25.7,86,0.2,6.5,180,3.9801020972288977e-16,6.5
2017-10-14 10:00:00,26.1,85,0.3,12.8,191,2.442355140819775,12.5648279481301
2017-10-14 11:00:00,26.5,84,0.5,11.3,217,6.800509761618147,9.02458126353441
2017-10-14 12:00:00,26.3,88,1.0,6.1,208,2.863776532993934,5.385980316439453
2017-10-14 13:00:00,26.0,88,1.5,6.6,209,3.199743493625825,5.772490067120011
2017-10-14 14:00:00,25.5,90,1.1,4.1,128,-3.2308440897875594,2.5242120488351993
2017-10-14 15:00:00,26.1,85,0.1,4.6,108,-4.3748599749577055,1.4214781741247584
2017-10-14 16:00:00,26.2,84,0.2,4.3,85,-4.283637201794505,-0.37476969381492914
2017-10-14 17:00:00,25.7,90,0.5,6.4,43,-4.364789504399991,-4.6806636903626915
2017-10-14 18:00:00,25.8,92,1.5,5.6,27,-2.5423467985414625,-4.989636535454859
2017-10-14 19:00:00,25.8,94,0.8,5.0,360,3.061616997868383e-16,-5.0
2017-10-14 20:00:00,24.8,89,0.9,3.1,36,-1.822134282106667,-2.507952682562337
2017-10-14 21:00:00,24.8,90,1.2,7.2,180,4.4087284769304716e-16,7.2
2017-10-14 22:00:00,25.0,91,6.1,5.7,125,-4.669166652447254,3.269385687200962
2017-10-14 23:00:00,25.0,88,0.4,7.3,123,-6.122295146001594,3.9758649556096994
2017-10-15 00:00:00,24.9,89,0.2,4.5,119,-3.935788682127281,2.181643291108517
2017-10-15 01:00:00,25.1,91,0.1,3.3,131,-2.4905416147351476,2.1649947956686737
2017-10-15 02:00:00,25.1,91,0.5,3.3,41,-2.1649947956686737,-2.4905416147351476
2017-10-15 03:00:00,25.0,92,0.4,2.9,90,-2.9,3.5514757175273243e-16
2017-10-15 04:00:00,24.9,94,0.5,2.4,63,-2.138415658052083,-1.089577199374912
2017-10-15 05:00:00,24.7,92,0.2,2.7,113,-2.485363104321589,1.0549740469210394
2017-10-15 06:00:00,24.8,88,0.1,2.3,72,-2.187429987478853,-0.7107390870623786
2017-10-15 07:00:00,25.6,84,0.1,3.6,90,-3.6,4.4087284769304716e-16
2017-10-15 08:00:00,24.3,92,0.0,4.3,132,-3.195522749552794,2.8772616073430908
2017-10-15 09:00:00,24.5,92,1.4,4.5,119,-3.935788682127281,2.181643291108517
2017-10-15 10:00:00,25.6,89,0.7000000000000001,6.0,115,-5.437846722219899,2.535709570444197
2017-10-15 11:00:00,26.1,84,0.7000000000000001,4.8,103,-4.6769763109691285,1.079765060850553
2017-10-15 12:00:00,26.1,85,0.9,2.7,67,-2.485363104321589,-1.0549740469210387
2017-10-15 13:00:00,26.0,86,1.3,3.4,72,-3.2335921554035223,-1.0506577808748208
2017-10-15 14:00:00,25.9,87,1.6,4.7,32,-2.490620541896064,-3.9858260519352022
2017-10-15 15:00:00,25.5,89,0.9,5.9,43,-4.023790324368742,-4.314986839553106
2017-10-15 16:00:00,25.8,86,0.4,7.2,37,-4.333068166694748,-5.750175672340508
2017-10-15 17:00:00,25.8,85,0.2,6.8,25,-2.873804179836754,-6.16289295184922
2017-10-15 18:00:00,25.2,89,0.1,7.2,18,-2.2249223594996224,-6.8476069173251055
2017-10-15 19:00:00,24.9,94,0.1,5.6,40,-3.5996106142446207,-4.289848881466276
2017-10-15 20:00:00,25.2,86,0.3,6.5,34,-3.6347538725598527,-5.388744221607772
2017-10-15 21:00:00,25.3,87,0.0,3.8,49,-2.867896404846534,-2.4930243101639267
2017-10-15 22:00:00,24.8,92,0.0,4.6,18,-1.4214781741247586,-4.3748599749577055
2017-10-15 23:00:00,24.8,89,0.0,4.3,336,1.7489675652259409,-3.9282454678631837
2017-10-16 00:00:00,24.8,88,0.0,5.4,340,1.8469087739586119,-5.074340152243905
2017-10-16 01:00:00,24.9,88,0.0,5.4,356,0.3766849582182763,-5.386845871403051
2017-10-16 02:00:00,24.6,91,0.0,5.1,8,-0.7097828148963357,-5.050367150582008
2017-10-16 03:00:00,24.5,91,0.0,6.2,7,-0.7555899291119125,-6.153786140176197
2017-10-16 04:00:00,24.6,90,0.0,8.0,355,0.6972459419812651,-7.969557584733964
2017-10-16 05:00:00,24.5,94,0.0,8.3,2,-0.28966582263075635,-8.294943864258496
2017-10-16 06:00:00,24.4,96,0.0,6.5,3,-0.340183715579138,-6.49109197590473
2017-10-16 07:00:00,25.4,95,0.0,7.6,8,-1.0577155672965002,-7.526037322435934
2017-10-16 08:00:00,26.7,87,0.0,6.1,360,3.735172737399427e-16,-6.1
2017-10-16 09:00:00,27.7,82,0.0,5.4,8,-0.7515347451843555,-5.34744757120448
2017-10-16 10:00:00,29.0,74,0.0,5.4,4,-0.37668495821827813,-5.386845871403051
2017-10-16 11:00:00,29.7,72,0.0,8.8,351,1.3766232923540322,-8.691657397237213
2017-10-16 12:00:00,29.4,74,0.0,12.0,344,3.30764826980399,-11.535140351259827
2017-10-16 13:00:00,29.4,74,0.0,11.4,342,3.522793735874401,-10.84204428576475
2017-10-16 14:00:00,29.5,73,0.0,11.8,337,4.61062731617343,-10.861957270738797
2017-10-16 15:00:00,28.9,75,0.0,6.8,335,2.873804179836756,-6.162892951849219
2017-10-16 16:00:00,29.1,74,0.0,3.6,307,2.875087836170254,-2.166534083347374
2017-10-16 17:00:00,28.3,79,0.0,4.0,260,3.939231012048832,0.6945927106677213
2017-10-16 18:00:00,26.9,88,0.0,5.2,258,5.08636752381579,1.0811407922523486
2017-10-16 19:00:00,27.1,85,0.0,3.1,201,1.1109406435904312,2.8940993221413254
2017-10-16 20:00:00,26.3,91,0.0,2.8,140,-1.7998053071223101,2.1449244407331385
2017-10-16 21:00:00,26.2,91,0.0,2.3,141,-1.4474368994146256,1.7874357113510333
2017-10-16 22:00:00,26.1,90,0.0,2.3,129,-1.7874357113510329,1.4474368994146258
2017-10-16 23:00:00,26.3,89,0.0,2.0,135,-1.414213562373095,1.4142135623730951
2017-10-17 00:00:00,25.2,95,0.0,6.1,298,5.385980316439454,-2.8637765329939335
2017-10-17 01:00:00,24.6,98,0.0,5.7,325,3.269385687200963,-4.669166652447253
2017-10-17 02:00:00,24.9,98,0.0,3.3,13,-0.7423384793347553,-3.215421213791276
2017-10-17 03:00:00,24.9,97,0.0,4.5,14,-1.088648530198505,-4.366330768241984
2017-10-17 04:00:00,24.6,99,0.0,4.9,17,-1.4326213531414118,-4.685893304218873
2017-10-17 05:00:00,24.4,99,0.0,6.0,17,-1.7542302283364226,-5.7378285357782115
2017-10-17 06:00:00,24.3,95,0.0,8.3,360,5.082284216461516e-16,-8.3
2017-10-17 07:00:00,25.1,86,0.0,8.6,15,-2.2258437878816775,-8.306962106085987
2017-10-17 08:00:00,27.0,75,0.0,4.7,4,-0.32785542659739025,-4.688551036221174
2017-10-17 09:00:00,28.5,74,0.0,6.2,353,0.7555899291119145,-6.153786140176196
2017-10-17 10:00:00,29.6,72,0.0,5.7,342,1.7613968679372005,-5.421022142882375
2017-10-17 11:00:00,30.2,69,0.0,5.5,328,2.914555953282627,-4.664264528860342
2017-10-17 12:00:00,30.1,68,0.0,9.5,351,1.4861274178821937,-9.38303923565381
2017-10-17 13:00:00,30.5,65,0.0,11.4,349,2.175222547292612,-11.19054989130337
2017-10-17 14:00:00,30.8,63,0.0,14.4,357,0.7536377698983932,-14.380265300465863
2017-10-17 15:00:00,29.0,73,0.0,20.9,359,0.36475529453922717,-20.896816828768575
2017-10-17 16:00:00,28.3,74,0.0,19.6,353,2.388639130740891,-19.45390457216991
2017-10-17 17:00:00,27.3,76,0.0,16.6,355,1.4467853296111253,-16.536831988322977
2017-10-17 18:00:00,26.1,79,0.0,15.2,353,1.8524140197582417,-15.086701504948094
2017-10-17 19:00:00,25.2,82,0.0,14.1,354,1.4738513320739137,-14.022758724692652
2017-10-17 20:00:00,25.1,84,0.0,7.8,347,1.7546182238821464,-7.6000865053248345
2017-10-17 21:00:00,25.0,85,0.0,6.3,336,2.5624408513775414,-5.755336383148386
2017-10-17 22:00:00,24.5,87,0.0,5.0,339,1.791839747726502,-4.667902132486009
2017-10-17 23:00:00,24.1,91,0.0,3.6,6,-0.3763024677635521,-3.5802788233257843
2017-10-18 00:00:00,24.2,91,0.0,3.3,354,0.3449439287832564,-3.2819222547153015
2017-10-18 01:00:00,24.1,91,0.0,6.6,347,1.4846769586695083,-6.430842427582553
2017-10-18 02:00:00,24.1,91,0.0,8.7,355,0.7582549619046257,-8.666893873398186
2017-10-18 03:00:00,24.2,88,0.0,10.1,356,0.7045403848156648,-10.075396907624224
2017-10-18 04:00:00,24.3,85,0.0,11.2,360,6.858022075225178e-16,-11.2
2017-10-18 05:00:00,23.9,85,0.0,12.2,358,0.42577385977051313,-12.192568089632967
2017-10-18 06:00:00,23.7,86,0.0,12.2,360,7.470345474798854e-16,-12.2
2017-10-18 07:00:00,24.5,84,0.0,12.2,358,0.42577385977051313,-12.192568089632967
2017-10-18 08:00:00,25.9,82,0.0,12.3,357,0.6437322617882109,-12.283143277481258
2017-10-18 09:00:00,27.6,77,0.0,10.1,360,6.184466335694133e-16,-10.1
2017-10-18 10:00:00,28.9,71,0.0,8.4,7,-1.0237024846032363,-8.337387673787106
2017-10-18 11:00:00,30.0,67,0.0,5.1,8,-0.7097828148963357,-5.050367150582008
2017-10-18 12:00:00,30.3,63,0.0,5.2,25,-2.197614961051636,-4.71280049259058
2017-10-18 13:00:00,30.8,60,0.0,8.4,10,-1.458644692402215,-8.272385125302547
2017-10-18 14:00:00,30.4,64,0.0,15.1,360,9.246083333562517e-16,-15.1
2017-10-18 15:00:00,29.7,66,0.0,19.1,1,-0.33334096295211485,-19.097090977487074
2017-10-18 16:00:00,28.4,70,0.0,19.8,358,0.6910100347095214,-19.787938374978097
2017-10-18 17:00:00,27.1,73,0.0,19.4,1,-0.33857668488329984,-19.39704528603399
2017-10-18 18:00:00,25.7,78,0.0,18.0,2,-0.6281909406450137,-17.989034886343724
2017-10-18 19:00:00,25.0,80,0.0,16.9,359,0.29494566879009276,-16.89742604814301
2017-10-18 20:00:00,24.5,83,0.0,15.5,357,0.8112073217656315,-15.478757788695894
2017-10-18 21:00:00,24.1,85,0.0,13.4,355,1.167886952818619,-13.34900895442939
2017-10-18 22:00:00,23.8,87,0.0,10.6,350,1.8406706832694624,-10.438962181929405
2017-10-18 23:00:00,23.6,87,0.0,9.1,353,1.1090110249868421,-9.032169979936029
2017-10-19 00:00:00,23.5,87,0.0,9.1,353,1.1090110249868421,-9.032169979936029
2017-10-19 01:00:00,23.3,88,0.0,9.8,352,1.3638963894086416,-9.70462707366739
2017-10-19 02:00:00,23.1,89,0.0,8.7,353,1.060263287624783,-8.6351515192795
2017-10-19 03:00:00,22.9,90,0.0,9.4,353,1.1455718280083864,-9.329933825428427
2017-10-19 04:00:00,22.9,89,0.0,10.1,2,-0.35248491669525767,-10.093847352892867
2017-10-19 05:00:00,22.8,87,0.0,11.3,351,1.7677094549546095,-11.160878248725057
2017-10-19 06:00:00,22.8,86,0.0,12.6,3,-0.6594330486610982,-12.58273213790763
2017-10-19 07:00:00,23.7,82,0.0,13.3,357,0.6960682180311548,-13.281772812235833
2017-10-19 08:00:00,25.0,79,0.0,15.1,1,-0.26353133720298083,-15.097700196861508
2017-10-19 09:00:00,26.5,73,0.0,14.8,1,-0.2582956152717958,-14.79774588831459
2017-10-19 10:00:00,27.7,68,0.0,14.1,4,-0.9835662797921707,-14.06565310866352
2017-10-19 11:00:00,28.6,64,0.0,12.5,12,-2.5988961352219975,-12.22684500917257
2017-10-19 12:00:00,29.2,61,0.0,11.5,20,-3.9332316482451883,-10.806465139037947
2017-10-19 13:00:00,29.3,60,0.0,14.9,8,-2.0736792043049808,-14.754994224249398
2017-10-19 14:00:00,29.2,62,0.0,16.7,7,-2.0352180348659576,-16.575520732410077
2017-10-19 15:00:00,28.6,63,0.0,20.2,4,-1.4090807696313368,-20.15079381524845
2017-10-19 16:00:00,27.2,68,0.0,22.4,356,1.5625450118684052,-22.34543472582006
2017-10-19 17:00:00,25.8,72,0.0,21.6,357,1.1304566548475898,-21.570397950698798
2017-10-19 18:00:00,24.7,75,0.0,20.2,356,1.4090807696313297,-20.15079381524845
2017-10-19 19:00:00,24.3,76,0.0,16.6,356,1.157957464152479,-16.55956323431308
2017-10-19 20:00:00,24.1,78,0.0,13.5,351,2.1118652780431173,-13.33379259803436
2017-10-19 21:00:00,24.1,78,0.0,11.2,339,4.013721034907364,-10.45610077676866
2017-10-19 22:00:00,23.9,79,0.0,9.5,335,4.014873486536644,-8.609923976848174
2017-10-19 23:00:00,23.6,80,0.0,8.9,346,2.1531048708370424,-8.635631963856369
2017-10-20 00:00:00,23.5,80,0.0,10.7,346,2.588564282916444,-10.382164271153162
2017-10-20 01:00:00,23.3,81,0.0,12.7,353,1.547740661245373,-12.605336125844788
2017-10-20 02:00:00,23.1,82,0.0,15.5,356,1.0812253430339411,-15.462242779027275
2017-10-20 03:00:00,23.0,82,0.0,14.8,1,-0.2582956152717958,-14.79774588831459
2017-10-20 04:00:00,22.8,82,0.0,14.1,3,-0.7379369830255147,-14.080676440039491
2017-10-20 05:00:00,22.6,83,0.0,12.6,357,0.659433048661094,-12.58273213790763
2017-10-20 06:00:00,22.6,80,0.0,13.0,354,1.358870022479495,-12.928784639787553
2017-10-20 07:00:00,23.2,76,0.0,13.7,360,8.388830574159369e-16,-13.7
2017-10-20 08:00:00,25.1,73,0.0,12.3,5,-1.0720156357961965,-12.253194786528471
2017-10-20 09:00:00,26.9,69,0.0,11.2,6,-1.1707187885977175,-11.13864522812466
2017-10-20 10:00:00,28.4,64,0.0,10.4,360,6.368163355566237e-16,-10.4
2017-10-20 11:00:00,29.8,59,0.0,9.0,5,-0.7844016847289242,-8.96575228282571
2017-10-20 12:00:00,30.4,57,0.0,13.0,3,-0.680367431158276,-12.98218395180946
2017-10-20 13:00:00,30.5,56,0.0,20.2,358,0.7049698333905218,-20.187694705785734
2017-10-20 14:00:00,29.3,58,0.0,27.1,356,1.890400438465794,-27.033985762041237
2017-10-20 15:00:00,28.2,59,0.0,28.8,357,1.5072755397967863,-28.760530600931727
2017-10-20 16:00:00,26.2,65,0.0,28.9,356,2.015962091205219,-28.829601052508917
2017-10-20 17:00:00,24.6,70,0.0,24.9,358,0.8689974678922768,-24.884831592775484
2017-10-20 18:00:00,23.7,72,0.0,25.7,6,-2.6863815059786913,-25.559212710964626
2017-10-20 19:00:00,23.1,74,0.0,22.7,10,-3.9418136330393185,-22.35513599337712
2017-10-20 20:00:00,23.2,76,0.0,18.1,6,-1.891965185144526,-18.00084630616575
2017-10-20 21:00:00,23.2,76,0.0,16.9,2,-0.5898014942722628,-16.889704976622717
2017-10-20 22:00:00,23.1,75,0.0,17.6,1,-0.30716235329618957,-17.59731943475249
2017-10-20 23:00:00,23.0,74,0.0,20.6,5,-1.79540830060176,-20.521610780689958
2017-10-21 00:00:00,23.0,71,0.0,22.6,9,-3.5354189099092217,-22.321756497450114
2017-10-21 01:00:00,22.7,68,0.0,22.8,12,-4.740386550644923,-22.301765296730768
2017-10-21 02:00:00,22.3,69,0.0,21.4,13,-4.8139525629587165,-20.851519386404032
2017-10-21 03:00:00,22.0,71,0.0,21.3,12,-4.428519014418284,-20.83454389563006
2017-10-21 04:00:00,21.7,73,0.0,21.6,11,-4.121474300133364,-21.203147162469545
2017-10-21 05:00:00,21.8,71,0.0,21.1,14,-5.10455199715299,-20.473239824423526
2017-10-21 06:00:00,21.7,70,0.0,19.7,15,-5.098735188519656,-19.028738777894645
2017-10-21 07:00:00,22.3,70,0.0,18.7,11,-3.568128213541384,-18.356428330471317
2017-10-21 08:00:00,23.5,67,0.0,21.7,11,-4.1405551996710175,-21.30130988081431
2017-10-21 09:00:00,24.9,64,0.0,27.4,10,-4.757960068073891,-26.9837324325345
2017-10-21 10:00:00,25.9,59,0.0,31.0,4,-2.162450686067893,-30.92448555805455
2017-10-21 11:00:00,27.0,55,0.0,33.3,6,-3.4807978268128568,-33.117579115763505
2017-10-21 12:00:00,26.0,59,0.0,33.5,358,1.1691331395337863,-33.47959270513971
2017-10-21 13:00:00,26.4,55,0.0,34.6,1,-0.603853262730009,-34.59473025241114
2017-10-21 14:00:00,25.5,59,0.0,31.7,357,1.6590498129013238,-31.65655625171999
2017-10-21 15:00:00,25.5,58,0.0,30.6,360,1.8737096026954504e-15,-30.6
2017-10-21 16:00:00,24.6,61,0.0,28.5,356,1.988059501707569,-28.43057543240499
2017-10-21 17:00:00,23.4,65,0.0,27.7,1,-0.48343165831275287,-27.695781155832037
2017-10-21 18:00:00,22.0,70,0.0,26.3,3,-1.3764356491894354,-26.263956764045293
2017-10-21 19:00:00,21.7,68,0.0,25.4,7,-3.095481322490738,-25.21067225168958
2017-10-21 20:00:00,21.7,64,0.0,22.4,11,-4.274121496434599,-21.98844890922767
2017-10-21 21:00:00,21.4,59,0.0,20.4,9,-3.191263086820713,-20.148842148140808
2017-10-21 22:00:00,21.0,58,0.0,20.5,1,-0.3577743319643117,-20.49687775070602
2017-10-21 23:00:00,20.8,60,0.0,18.5,7,-2.2545828529952225,-18.36210380536446
2017-10-22 00:00:00,20.6,61,0.0,16.3,8,-2.2685215456490733,-16.141369520487597
2017-10-22 01:00:00,20.4,61,0.0,18.5,13,-4.161594505361507,-18.02584619852685
2017-10-22 02:00:00,19.9,67,0.0,16.5,20,-5.643332364873531,-15.50492824296749
2017-10-22 03:00:00,19.8,69,0.0,13.8,20,-4.719877977894226,-12.967758166845536
2017-10-22 04:00:00,19.5,72,0.0,12.1,17,-3.537697627145119,-11.571287547152727
2017-10-22 05:00:00,19.5,73,0.0,11.4,18,-3.5227937358744024,-10.84204428576475
2017-10-22 06:00:00,19.6,73,0.0,12.6,20,-4.3094538059034235,-11.840127021902445
2017-10-22 07:00:00,20.1,73,0.0,12.5,18,-3.8627124296868445,-11.888206453689419
2017-10-22 08:00:00,21.5,67,0.0,15.0,17,-4.385575570841056,-14.34457133944553
2017-10-22 09:00:00,23.2,61,0.0,17.1,18,-5.284190603811604,-16.263066428647125
2017-10-22 10:00:00,24.8,55,0.0,16.4,19,-5.339317733097369,-15.506504639828796
2017-10-22 11:00:00,26.1,50,0.0,16.5,11,-3.148348423712986,-16.196848526886455
2017-10-22 12:00:00,26.7,47,0.0,18.4,2,-0.642150739326014,-18.38879121715136
2017-10-22 13:00:00,26.4,49,0.0,21.6,359,0.37697197904532576,-21.596710215378053
2017-10-22 14:00:00,25.7,52,0.0,23.8,357,1.2455957585820665,-23.76738292715886
2017-10-22 15:00:00,24.7,53,0.0,23.5,356,1.6392771329869429,-23.44275518110587
2017-10-22 16:00:00,23.8,54,0.0,20.6,356,1.43698335912898,-20.54981943535238
2017-10-22 17:00:00,22.4,57,0.0,17.1,353,2.083965772228022,-16.972539193066606
2017-10-22 18:00:00,20.7,58,0.0,16.6,356,1.157957464152479,-16.55956323431308
2017-10-22 19:00:00,19.6,60,0.0,13.3,357,0.6960682180311548,-13.281772812235833
2017-10-22 20:00:00,18.6,63,0.0,11.6,355,1.0110066158728344,-11.555858497864248
2017-10-22 21:00:00,18.1,64,0.0,7.3,9,-1.1419715947936866,-7.210124886344505
2017-10-22 22:00:00,17.2,70,0.0,4.7,32,-2.490620541896064,-3.9858260519352022
2017-10-22 23:00:00,16.8,74,0.0,4.7,23,-1.836436303899587,-4.326372811226469
2017-10-23 00:00:00,16.4,78,0.0,6.0,25,-2.5357095704441948,-5.4378467222199
2017-10-23 01:00:00,16.2,80,0.0,6.6,13,-1.4846769586695105,-6.430842427582552
2017-10-23 02:00:00,16.7,75,0.0,5.1,8,-0.7097828148963357,-5.050367150582008
2017-10-23 03:00:00,16.5,78,0.0,4.6,18,-1.4214781741247586,-4.3748599749577055
2017-10-23 04:00:00,16.5,80,0.0,5.8,7,-0.7068421917498535,-5.756767679519668
2017-10-23 05:00:00,16.5,83,0.0,7.0,12,-1.4553818357243185,-6.847033205136639
2017-10-23 06:00:00,16.5,85,0.0,4.6,18,-1.4214781741247586,-4.3748599749577055
2017-10-23 07:00:00,18.7,77,0.0,5.4,4,-0.37668495821827813,-5.386845871403051
2017-10-23 08:00:00,21.8,64,0.0,3.6,360,2.2043642384652358e-16,-3.6
2017-10-23 09:00:00,24.1,56,0.0,3.3,354,0.3449439287832564,-3.2819222547153015
2017-10-23 10:00:00,25.9,51,0.0,4.6,342,1.4214781741247582,-4.3748599749577055
2017-10-23 11:00:00,27.3,48,0.0,5.6,345,1.4493866525741161,-5.4091846272187825
2017-10-23 12:00:00,28.4,46,0.0,4.2,329,2.1631599146222276,-3.600102662948872
2017-10-23 13:00:00,28.5,43,0.0,10.6,336,4.311408416603482,-9.683581851011569
2017-10-23 14:00:00,28.1,44,0.0,15.5,347,3.486741342329906,-15.102736004171147
2017-10-23 15:00:00,27.4,46,0.0,19.1,357,0.9996167642402298,-19.07382411381236
2017-10-23 16:00:00,26.1,50,0.0,19.1,357,0.9996167642402298,-19.07382411381236
2017-10-23 17:00:00,24.7,52,0.0,16.6,356,1.157957464152479,-16.55956323431308
2017-10-23 18:00:00,23.1,56,0.0,16.6,1,-0.2897099468589061,-16.597471739596095
2017-10-23 19:00:00,21.4,66,0.0,13.7,360,8.388830574159369e-16,-13.7
2017-10-23 20:00:00,21.0,67,0.0,7.3,351,1.1419715947936857,-7.210124886344506
2017-10-23 21:00:00,20.7,69,0.0,6.5,326,3.634753872559854,-5.388744221607771
2017-10-23 22:00:00,19.9,74,0.0,4.2,329,2.1631599146222276,-3.600102662948872
2017-10-23 23:00:00,19.5,76,0.0,4.5,14,-1.088648530198505,-4.366330768241984
2017-10-24 00:00:00,19.2,77,0.0,5.2,12,-1.0811407922523508,-5.086367523815789
2017-10-24 01:00:00,19.1,78,0.0,7.0,21,-2.508575646817105,-6.535062985480412
2017-10-24 02:00:00,19.1,79,0.0,6.1,40,-3.9210044190878905,-4.672871103025765
2017-10-24 03:00:00,18.9,82,0.0,4.4,35,-2.523736319944604,-3.604268994871563
2017-10-24 04:00:00,18.8,84,0.0,4.5,14,-1.088648530198505,-4.366330768241984
2017-10-24 05:00:00,19.1,83,0.0,6.9,9,-1.0793978087775942,-6.81504955010645
2017-10-24 06:00:00,19.3,80,0.0,7.0,12,-1.4553818357243185,-6.847033205136639
2017-10-24 07:00:00,20.5,73,0.0,7.6,3,-0.39775326744637673,-7.589584464134761
2017-10-24 08:00:00,22.6,66,0.0,7.2,354,0.752604935527105,-7.160557646651568
2017-10-24 09:00:00,24.8,58,0.0,8.0,352,1.1133848076805237,-7.922144549932563
2017-10-24 10:00:00,26.3,54,0.0,8.3,355,0.7233926648055626,-8.268415994161488
2017-10-24 11:00:00,27.5,50,0.0,8.3,2,-0.28966582263075635,-8.294943864258496
2017-10-24 12:00:00,28.3,46,0.0,9.4,360,5.755839955992561e-16,-9.4
2017-10-24 13:00:00,29.0,43,0.0,12.1,350,2.101142949769858,-11.916173811447717
2017-10-24 14:00:00,28.7,45,0.0,16.7,346,4.04009565651445,-16.20393862880914
2017-10-24 15:00:00,27.9,48,0.0,19.1,349,3.644451811692008,-18.749079203850382
2017-10-24 16:00:00,26.5,52,0.0,19.8,350,3.4382339178052224,-19.49919350964172
2017-10-24 17:00:00,24.8,56,0.0,17.7,348,3.680036927474342,-17.31321253298836
2017-10-24 18:00:00,22.6,65,0.0,16.5,350,2.8651949315043517,-16.249327924701433
2017-10-24 19:00:00,21.3,71,0.0,13.0,354,1.358870022479495,-12.928784639787553
2017-10-24 20:00:00,21.0,72,0.0,8.4,350,1.4586446924022156,-8.272385125302547
2017-10-24 21:00:00,20.7,74,0.0,6.0,335,2.5357095704441965,-5.437846722219899
2017-10-24 22:00:00,20.3,76,0.0,6.2,350,1.0766187015349686,-6.10580806867569
2017-10-24 23:00:00,19.9,78,0.0,5.2,12,-1.0811407922523508,-5.086367523815789
2017-10-25 00:00:00,19.9,79,0.0,3.8,41,-2.4930243101639276,-2.8678964048465336
2017-10-25 01:00:00,19.8,82,0.0,4.5,29,-2.1816432911085157,-3.935788682127282
2017-10-25 02:00:00,20.0,81,0.0,4.7,9,-0.7352419856890859,-4.6421352007971475
2017-10-25 03:00:00,20.3,80,0.0,6.2,7,-0.7555899291119125,-6.153786140176197
2017-10-25 04:00:00,20.3,80,0.0,6.9,6,-0.7212463965468082,-6.862201078041087
2017-10-25 05:00:00,20.2,81,0.0,7.2,6,-0.7526049355271042,-7.160557646651569
2017-10-25 06:00:00,20.0,80,0.0,7.9,360,4.837354856632045e-16,-7.9
2017-10-25 07:00:00,21.0,74,0.0,7.9,360,4.837354856632045e-16,-7.9
2017-10-25 08:00:00,23.7,65,0.0,5.8,356,0.40458754771592637,-5.78587149150698
2017-10-25 09:00:00,25.8,59,0.0,4.9,343,1.4326213531414103,-4.685893304218874
2017-10-25 10:00:00,27.4,54,0.0,6.3,329,3.244739871933341,-5.400153994423308
2017-10-25 11:00:00,28.7,51,0.0,6.4,317,4.36478950439999,-4.6806636903626915
2017-10-25 12:00:00,29.8,48,0.0,5.4,307,4.312631754255381,-3.2498011250210608
2017-10-25 13:00:00,30.3,45,0.0,8.4,310,6.4347733221994154,-5.39941592136693
2017-10-25 14:00:00,30.2,43,0.0,15.6,322,9.60431901508027,-12.292967756264863
2017-10-25 15:00:00,29.2,45,0.0,19.5,337,7.619257005540837,-17.94984464232259
2017-10-25 16:00:00,27.9,47,0.0,19.6,347,4.409040665139753,-19.097653269790612
2017-10-25 17:00:00,25.8,52,0.0,17.5,352,2.4355292668011455,-17.329691202977482
2017-10-25 18:00:00,23.8,58,0.0,15.2,356,1.0602984009107035,-15.162973563949327
2017-10-25 19:00:00,22.5,62,0.0,11.3,351,1.7677094549546095,-11.160878248725057
2017-10-25 20:00:00,22.0,63,0.0,8.9,346,2.1531048708370424,-8.635631963856369
2017-10-25 21:00:00,21.4,65,0.0,6.6,338,2.4724035165450187,-6.1194134401407965
2017-10-25 22:00:00,20.5,69,0.0,5.0,330,2.5000000000000004,-4.330127018922193
2017-10-25 23:00:00,19.6,74,0.0,4.6,342,1.4214781741247582,-4.3748599749577055
2017-10-26 00:00:00,20.3,69,0.0,2.3,342,0.7107390870623791,-2.1874299874788528
2017-10-26 01:00:00,19.8,73,0.0,2.6,16,-0.7166571251241971,-2.4992804094396295
2017-10-26 02:00:00,18.6,82,0.0,4.1,15,-1.0611580849203346,-3.96029588778518
2017-10-26 03:00:00,18.9,80,0.0,3.6,6,-0.3763024677635521,-3.5802788233257843
2017-10-26 04:00:00,18.8,81,0.0,7.2,3,-0.376818884949199,-7.190132650232932
2017-10-26 05:00:00,18.8,83,0.0,6.6,13,-1.4846769586695105,-6.430842427582552
2017-10-26 06:00:00,18.6,84,0.0,5.2,12,-1.0811407922523508,-5.086367523815789
2017-10-26 07:00:00,20.3,77,0.0,5.8,360,3.5514757175273243e-16,-5.8
2017-10-26 08:00:00,22.9,68,0.0,4.1,308,3.2308440897875594,-2.524212048835199
2017-10-26 09:00:00,24.6,61,0.0,5.1,274,5.087576656325103,-0.35575801609503904
2017-10-26 10:00:00,26.2,57,0.0,6.5,251,6.1458707413955596,2.1161930039715187
2017-10-26 11:00:00,27.5,52,0.0,5.6,243,4.98963653545486,2.5423467985414616
2017-10-26 12:00:00,28.6,47,0.0,3.2,243,2.8512208774027776,1.4527695991665497
2017-10-26 13:00:00,29.3,43,0.0,1.1,18,-0.33991869381244233,-1.0461621679246689
2017-10-26 14:00:00,29.4,41,0.0,9.0,360,5.51091059616309e-16,-9.0
2017-10-26 15:00:00,28.7,42,0.0,16.8,351,2.6280990126758796,-16.593164121998313
2017-10-26 16:00:00,27.1,48,0.0,21.4,353,2.6080039488701563,-21.24048764512429
2017-10-26 17:00:00,25.2,52,0.0,19.8,358,0.6910100347095214,-19.787938374978097
2017-10-26 18:00:00,23.4,57,0.0,19.5,358,0.6805401856987711,-19.488121126872368
2017-10-26 19:00:00,22.1,61,0.0,15.5,360,9.491012693391988e-16,-15.5
2017-10-26 20:00:00,21.9,59,0.0,9.7,358,0.33852511801426044,-9.694091022085228
2017-10-26 21:00:00,21.4,62,0.0,8.7,355,0.7582549619046257,-8.666893873398186
2017-10-26 22:00:00,20.8,65,0.0,7.2,6,-0.7526049355271042,-7.160557646651569
2017-10-26 23:00:00,20.2,68,0.0,7.0,12,-1.4553818357243185,-6.847033205136639
2017-10-27 00:00:00,19.5,72,0.0,6.3,13,-1.417191642366351,-6.1385314081469815
2017-10-27 01:00:00,19.2,74,0.0,6.6,9,-1.0324674692655247,-6.5187430479279085
2017-10-27 02:00:00,19.1,75,0.0,7.4,14,-1.7902220274375418,-7.180188374442374
2017-10-27 03:00:00,18.9,77,0.0,9.1,9,-1.4235536318661024,-8.987963899415753
2017-10-27 04:00:00,19.0,77,0.0,9.3,16,-2.56342740909809,-8.939733772226367
2017-10-27 05:00:00,18.8,78,0.0,9.0,5,-0.7844016847289242,-8.96575228282571
2017-10-27 06:00:00,18.8,77,0.0,7.7,11,-1.4692292643993936,-7.558529312547013
2017-10-27 07:00:00,20.3,71,0.0,9.4,2,-0.3280552690035072,-9.394273773979501
2017-10-27 08:00:00,22.5,62,0.0,7.3,9,-1.1419715947936866,-7.210124886344505
2017-10-27 09:00:00,24.4,57,0.0,10.0,21,-3.583679495453007,-9.335804264972015
2017-10-27 10:00:00,26.1,51,0.0,10.4,20,-3.557009490586953,-9.772803256173448
2017-10-27 11:00:00,27.7,45,0.0,11.6,22,-4.3454364836245825,-10.755332712974733
2017-10-27 12:00:00,28.8,41,0.0,16.2,359,0.2827289842839943,-16.197532661533536
2017-10-27 13:00:00,29.0,41,0.0,22.9,352,3.187064011985499,-22.67713877418196
2017-10-27 14:00:00,28.2,44,0.0,26.8,355,2.335773905637238,-26.69801790885878
2017-10-27 15:00:00,27.0,48,0.0,27.4,357,1.4340052010566646,-27.362449252275322
2017-10-27 16:00:00,25.8,49,0.0,26.6,360,1.6287802428659798e-15,-26.6
2017-10-27 17:00:00,24.4,52,0.0,24.1,1,-0.42060299513853233,-24.096329453269032
2017-10-27 18:00:00,23.0,55,0.0,22.0,4,-1.5346424223707626,-21.946409105716132
2017-10-27 19:00:00,22.2,62,0.0,18.8,12,-3.908739787373884,-18.389174893795545
2017-10-27 20:00:00,22.1,65,0.0,13.5,16,-3.721104303529485,-12.977032895167307
2017-10-27 21:00:00,21.5,69,0.0,8.7,17,-2.5436338310878126,-8.319851376878407
2017-10-27 22:00:00,20.6,73,0.0,5.5,32,-2.9145559532826275,-4.664264528860342
2017-10-27 23:00:00,20.0,76,0.0,5.4,37,-3.2498011250210608,-4.312631754255381
2017-10-28 00:00:00,19.5,77,0.0,5.6,45,-3.9597979746446668,-3.9597979746446654
2017-10-28 01:00:00,18.8,80,0.0,4.0,63,-3.5640260967534716,-1.8159619989581868
2017-10-28 02:00:00,18.8,80,0.0,5.6,45,-3.9597979746446668,-3.9597979746446654
2017-10-28 03:00:00,19.0,80,0.0,6.9,28,-3.239353783222646,-6.092338390726597
2017-10-28 04:00:00,18.9,83,0.0,6.6,22,-2.472403516545021,-6.119413440140796
2017-10-28 05:00:00,19.3,83,0.0,10.0,15,-2.5881904510252065,-9.659258262890683
2017-10-28 06:00:00,19.4,83,0.0,10.0,21,-3.583679495453007,-9.335804264972015
2017-10-28 07:00:00,20.9,78,0.0,9.6,20,-3.283393375926418,-9.02104915954472
2017-10-28 08:00:00,22.4,70,0.0,10.6,10,-1.8406706832694615,-10.438962181929405
2017-10-28 09:00:00,24.8,59,0.0,13.3,33,-7.2436991656998595,-11.154318553674141
2017-10-28 10:00:00,26.0,54,0.0,11.0,41,-7.2166493188955805,-8.301805382450492
2017-10-28 11:00:00,27.1,48,0.0,9.7,22,-3.633683956134349,-8.993683389297836
2017-10-28 12:00:00,27.9,48,0.0,15.2,5,-1.3247672897644054,-15.142159410994532
2017-10-28 13:00:00,26.2,58,0.0,25.2,3,-1.3188660973221964,-25.16546427581526
2017-10-28 14:00:00,27.1,53,0.0,22.8,5,-1.987150934646608,-22.7132391164918
2017-10-28 15:00:00,27.1,52,0.0,22.1,7,-2.6933124892537528,-21.93526995127322
2017-10-28 16:00:00,25.4,58,0.0,20.7,7,-2.5226954084865465,-20.545705338975367
2017-10-28 17:00:00,24.2,62,0.0,14.6,9,-2.283943189587373,-14.42024977268901
2017-10-28 18:00:00,22.5,67,0.0,14.4,360,8.817456953860943e-16,-14.4
2017-10-28 19:00:00,21.2,72,0.0,16.9,1,-0.2949456687900911,-16.89742604814301
2017-10-28 20:00:00,20.5,74,0.0,14.8,356,1.0323958114130536,-14.763947943845398
2017-10-28 21:00:00,19.9,77,0.0,13.0,358,0.453693457132514,-12.992080751248245
2017-10-28 22:00:00,19.4,79,0.0,8.4,7,-1.0237024846032363,-8.337387673787106
2017-10-28 23:00:00,18.6,84,0.0,4.7,23,-1.836436303899587,-4.326372811226469
2017-10-29 00:00:00,18.1,88,0.0,5.1,45,-3.606244584051393,-3.606244584051392
2017-10-29 01:00:00,18.2,87,0.0,4.7,23,-1.836436303899587,-4.326372811226469
2017-10-29 02:00:00,18.5,86,0.0,7.0,12,-1.4553818357243185,-6.847033205136639
2017-10-29 03:00:00,18.6,85,0.0,8.4,10,-1.458644692402215,-8.272385125302547
2017-10-29 04:00:00,18.7,81,0.0,9.4,2,-0.3280552690035072,-9.394273773979501
2017-10-29 05:00:00,18.8,78,0.0,8.7,5,-0.7582549619046267,-8.666893873398186
2017-10-29 06:00:00,19.1,77,0.0,6.9,6,-0.7212463965468082,-6.862201078041087
2017-10-29 07:00:00,20.4,72,0.0,8.6,358,0.3001356716415093,-8.594761112364223
2017-10-29 08:00:00,22.6,63,0.0,10.1,2,-0.35248491669525767,-10.093847352892867
2017-10-29 09:00:00,25.3,54,0.0,9.4,356,0.6557108531947772,-9.377102072442348
2017-10-29 10:00:00,27.3,49,0.0,9.5,349,1.8126854560771768,-9.325458242752807
2017-10-29 11:00:00,28.5,46,0.0,10.2,350,1.77121141220269,-10.045039080724521
2017-10-29 12:00:00,29.7,41,0.0,12.7,352,1.7674983821928314,-12.576404473017943
2017-10-29 13:00:00,29.7,40,0.0,19.5,357,1.0205511467374073,-19.47327592771419
2017-10-29 14:00:00,28.8,40,0.0,25.6,358,0.8934271155840277,-25.584405171688854
2017-10-29 15:00:00,27.1,43,0.0,27.7,359,0.48343165831275564,-27.695781155832037
2017-10-29 16:00:00,25.2,47,0.0,26.3,358,0.9178567632757785,-26.28397875060222
2017-10-29 17:00:00,22.9,51,0.0,22.7,360,1.389974117032246e-15,-22.7
2017-10-29 18:00:00,21.2,55,0.0,22.0,5,-1.9174263404484815,-21.9162833580184
2017-10-29 19:00:00,20.4,59,0.0,19.2,6,-2.0069464947389446,-19.094820391070847
2017-10-29 20:00:00,20.4,60,0.0,14.2,7,-1.7305446763530898,-14.094155353306773
2017-10-29 21:00:00,20.2,59,0.0,8.0,10,-1.3891854213354426,-7.878462024097664
2017-10-29 22:00:00,19.7,62,0.0,4.7,9,-0.7352419856890859,-4.6421352007971475
2017-10-29 23:00:00,19.2,66,0.0,4.4,9,-0.6883116461770166,-4.345828698618606
2017-10-30 00:00:00,19.4,66,0.0,5.1,4,-0.35575801609504043,-5.087576656325103
2017-10-30 01:00:00,19.3,68,0.0,6.8,357,0.35588450245201897,-6.790680836331102
2017-10-30 02:00:00,19.2,69,0.0,7.6,5,-0.6623836448822027,-7.571079705497266
2017-10-30 03:00:00,19.3,67,0.0,9.4,356,0.6557108531947772,-9.377102072442348
2017-10-30 04:00:00,19.3,66,0.0,9.7,358,0.33852511801426044,-9.694091022085228
2017-10-30 05:00:00,19.4,66,0.0,8.3,360,5.082284216461516e-16,-8.3
2017-10-30 06:00:00,19.3,67,0.0,10.8,356,0.7533699164365526,-10.773691742806102
2017-10-30 07:00:00,19.8,66,0.0,13.1,352,1.8231676225768576,-12.972511700514572
2017-10-30 08:00:00,21.9,59,0.0,12.8,349,2.442355140819775,-12.5648279481301
2017-10-30 09:00:00,23.9,53,0.0,14.2,353,1.7305446763530943,-14.094155353306771
2017-10-30 10:00:00,25.2,50,0.0,14.2,351,2.221369403571279,-14.025174436450955
2017-10-30 11:00:00,26.9,44,0.0,14.9,352,2.0736792043049754,-14.7549942242494
2017-10-30 12:00:00,27.6,40,0.0,18.9,352,2.630371608145237,-18.716066499215678
2017-10-30 13:00:00,28.0,37,0.0,21.3,354,2.226456267601019,-21.183316371344223
2017-10-30 14:00:00,27.1,38,0.0,24.6,355,2.1440312715923904,-24.506389573056943
2017-10-30 15:00:00,26.2,39,0.0,24.9,358,0.8689974678922768,-24.884831592775484
2017-10-30 16:00:00,24.2,42,0.0,24.9,356,1.7369361962287182,-24.839344851469622
2017-10-30 17:00:00,21.8,48,0.0,21.7,354,2.26826765290808,-21.58112512949153
2017-10-30 18:00:00,20.1,52,0.0,19.5,358,0.6805401856987711,-19.488121126872368
2017-10-30 19:00:00,19.2,55,0.0,16.2,357,0.8478424911356922,-16.177798463024097
2017-10-30 20:00:00,18.8,63,0.0,10.9,351,1.705135668938517,-10.765802912487002
2017-10-30 21:00:00,18.5,66,0.0,11.7,342,3.615498834186885,-11.127361240653295
2017-10-30 22:00:00,18.0,68,0.0,9.6,347,2.159530121701103,-9.353952621938259
2017-10-30 23:00:00,17.6,70,0.0,6.8,3,-0.3558845024520213,-6.790680836331102
2017-10-31 00:00:00,17.4,71,0.0,5.8,360,3.5514757175273243e-16,-5.8
2017-10-31 01:00:00,17.4,71,0.0,7.2,3,-0.376818884949199,-7.190132650232932
2017-10-31 02:00:00,17.2,74,0.0,4.9,17,-1.4326213531414118,-4.685893304218873
2017-10-31 03:00:00,17.4,74,0.0,4.7,9,-0.7352419856890859,-4.6421352007971475
2017-10-31 04:00:00,17.2,77,0.0,6.6,13,-1.4846769586695105,-6.430842427582552
2017-10-31 05:00:00,17.0,79,0.0,8.3,5,-0.7233926648055635,-8.268415994161488
2017-10-31 06:00:00,16.8,80,0.0,7.1,15,-1.8376152202278964,-6.858073366652385
2017-10-31 07:00:00,18.5,72,0.0,7.2,18,-2.2249223594996224,-6.8476069173251055
2017-10-31 08:00:00,22.3,58,0.0,6.3,24,-2.5624408513775405,-5.755336383148386
2017-10-31 09:00:00,24.3,51,0.0,4.7,23,-1.836436303899587,-4.326372811226469
2017-10-31 10:00:00,25.8,48,0.0,1.8,349,0.34345619167778085,-1.7669289302057951
2017-10-31 11:00:00,26.9,46,0.0,2.2,270,2.2,0.0
2017-10-31 12:00:00,27.9,43,0.0,3.3,283,3.2154212137912763,-0.7423384793347545
2017-10-31 13:00:00,28.3,42,0.0,3.8,311,2.8678964048465336,-2.4930243101639276
2017-10-31 14:00:00,28.2,44,0.0,8.4,317,5.728786224524987,-6.143371093601032
2017-10-31 15:00:00,26.8,51,0.0,17.6,329,9.064670118416954,-15.086144492357178
2017-10-31 16:00:00,26.6,49,0.0,19.2,334,8.416726018350287,-17.256845688944008
2017-10-31 17:00:00,24.9,53,0.0,19.8,350,3.4382339178052224,-19.49919350964172
2017-10-31 18:00:00,23.1,59,0.0,14.6,351,2.2839431895873714,-14.420249772689012
2017-10-31 19:00:00,21.7,65,0.0,5.5,328,2.914555953282627,-4.664264528860342
2017-10-31 20:00:00,21.5,70,0.0,5.0,339,1.791839747726502,-4.667902132486009
2017-10-31 21:00:00,21.8,65,0.0,7.9,321,4.971631089293717,-6.139453095510071
2017-10-31 22:00:00,21.3,67,0.0,6.4,317,4.36478950439999,-4.6806636903626915
2017-10-31 23:00:00,19.9,77,0.0,4.7,279,4.6421352007971475,-0.7352419856890852
2017-11-01 00:00:00,19.9,76,0.0,3.1,201,1.1109406435904312,2.8940993221413254
2017-11-01 01:00:00,19.0,81,0.0,4.8,167,-1.079765060850552,4.676976310969129
2017-11-01 02:00:00,19.3,79,0.0,3.0,104,-2.9108871788279895,0.7257656867990032
2017-11-01 03:00:00,18.9,81,0.0,3.0,76,-2.9108871788279895,-0.7257656867990026
2017-11-01 04:00:00,18.5,83,0.0,3.4,72,-3.2335921554035223,-1.0506577808748208
2017-11-01 05:00:00,18.1,86,0.0,4.0,63,-3.5640260967534716,-1.8159619989581868
2017-11-01 06:00:00,17.4,90,0.0,4.0,63,-3.5640260967534716,-1.8159619989581868
2017-11-01 07:00:00,19.1,81,0.0,5.6,50,-4.289848881466277,-3.5996106142446194
2017-11-01 08:00:00,23.3,61,0.0,5.4,8,-0.7515347451843555,-5.34744757120448
2017-11-01 09:00:00,26.0,48,0.0,6.5,3,-0.340183715579138,-6.49109197590473
2017-11-01 10:00:00,27.4,43,0.0,5.0,339,1.791839747726502,-4.667902132486009
2017-11-01 11:00:00,28.5,41,0.0,5.9,317,4.023790324368742,-4.314986839553106
2017-11-01 12:00:00,29.0,43,0.0,7.1,294,6.486172749262466,-2.8878301658381815
2017-11-01 13:00:00,29.0,44,0.0,7.5,287,7.172285669722766,-2.192787785420526
2017-11-01 14:00:00,28.9,45,0.0,7.4,293,6.811735915548059,-2.891410350820626
2017-11-01 15:00:00,28.4,47,0.0,8.0,306,6.47213595499958,-4.702282018339785
2017-11-01 16:00:00,27.3,54,0.0,9.9,314,7.121464023352647,-6.877117867544073
2017-11-01 17:00:00,25.4,66,0.0,8.9,320,5.7208097262102005,-6.817795543758905
2017-11-01 18:00:00,23.3,81,0.0,5.5,337,2.1490212066910055,-5.062776693988422
2017-11-01 19:00:00,23.2,81,0.0,5.2,344,1.4333142502483958,-4.998560818879258
2017-11-01 20:00:00,22.9,83,0.0,3.8,221,2.4930243101639276,2.8678964048465336
2017-11-01 21:00:00,21.8,91,0.0,5.7,252,5.421022142882375,1.7613968679372003
2017-11-01 22:00:00,22.7,86,0.0,3.3,229,2.4905416147351476,2.1649947956686737
2017-11-01 23:00:00,22.3,88,0.0,1.0,135,-0.7071067811865475,0.7071067811865476
2017-11-02 00:00:00,21.3,92,0.0,3.3,347,0.7423384793347542,-3.2154212137912763
2017-11-02 01:00:00,20.1,97,0.0,4.7,360,2.8779199779962803e-16,-4.7
2017-11-02 02:00:00,20.4,95,0.0,5.8,22,-2.1727182418122912,-5.377666356487366
2017-11-02 03:00:00,20.1,91,0.0,5.5,23,-2.149021206691006,-5.062776693988422
2017-11-02 04:00:00,20.1,86,0.0,6.9,9,-1.0793978087775942,-6.81504955010645
2017-11-02 05:00:00,20.4,79,0.0,9.5,11,-1.812685456077174,-9.325458242752807
2017-11-02 06:00:00,20.8,74,0.0,8.1,21,-2.9027803913169357,-7.562001454627333
2017-11-02 07:00:00,22.2,68,0.0,9.8,17,-2.8652427062828236,-9.371786608437747
2017-11-02 08:00:00,25.0,65,0.0,10.5,8,-1.4613175600806911,-10.397814721786487
2017-11-02 09:00:00,27.1,58,0.0,10.5,4,-0.7324429743133186,-10.474422527728153
2017-11-02 10:00:00,28.7,53,0.0,8.4,353,1.023702484603239,-8.337387673787106
2017-11-02 11:00:00,30.1,50,0.0,8.0,333,3.6319239979163744,-7.128052193506942
2017-11-02 12:00:00,30.3,53,0.0,11.6,330,5.800000000000001,-10.045894683899487
2017-11-02 13:00:00,30.4,53,0.0,13.0,346,3.14498464279568,-12.613844441587954
2017-11-02 14:00:00,30.7,53,0.0,12.1,343,3.5376976271451146,-11.571287547152728
2017-11-02 15:00:00,29.9,59,0.0,13.5,331,6.544929873325551,-11.807366046381842
2017-11-02 16:00:00,28.3,68,0.0,17.2,331,8.338725468236998,-15.043458962797606
2017-11-02 17:00:00,26.1,79,0.0,16.9,340,5.780140422203803,-15.880805291281849
2017-11-02 18:00:00,25.4,81,0.0,12.4,352,1.7257464519048118,-12.279324052395474
2017-11-02 19:00:00,25.1,82,0.0,7.9,344,2.1775351109542935,-7.59396739791272
2017-11-02 20:00:00,24.9,85,0.0,12.3,345,3.183474254761005,-11.88088766335554
2017-11-02 21:00:00,24.8,86,0.0,13.3,2,-0.4641633061432601,-13.291897999353974
2017-11-02 22:00:00,24.8,86,0.0,11.6,16,-3.197393327477187,-11.1506356728845
2017-11-02 23:00:00,24.8,87,0.0,8.4,7,-1.0237024846032363,-8.337387673787106
2017-11-03 00:00:00,24.4,88,0.0,10.7,346,2.588564282916444,-10.382164271153162
2017-11-03 01:00:00,24.0,89,0.0,13.0,354,1.358870022479495,-12.928784639787553
2017-11-03 02:00:00,23.8,90,0.2,13.7,5,-1.194033675642918,-13.647867363856914
2017-11-03 03:00:00,23.6,91,0.3,12.7,7,-1.547740661245369,-12.60533612584479
2017-11-03 04:00:00,23.4,93,0.4,11.2,6,-1.1707187885977175,-11.13864522812466
2017-11-03 05:00:00,23.1,95,0.6,11.8,12,-2.453357951649566,-11.542141688658907
2017-11-03 06:00:00,22.8,96,0.2,12.6,3,-0.6594330486610982,-12.58273213790763
2017-11-03 07:00:00,22.7,96,0.2,14.8,1,-0.2582956152717958,-14.79774588831459
2017-11-03 08:00:00,23.5,93,0.0,16.4,351,2.565525226659787,-16.19808878576026
2017-11-03 09:00:00,24.5,87,0.0,22.1,6,-2.3100790382151395,-21.978933887638842
2017-11-03 10:00:00,25.6,80,0.0,22.7,10,-3.9418136330393185,-22.35513599337712
2017-11-03 11:00:00,26.7,73,0.0,20.3,7,-2.4739476711244874,-20.148686878318838
2017-11-03 12:00:00,26.8,71,0.0,20.2,2,-0.7049698333905153,-20.187694705785734
2017-11-03 13:00:00,26.5,70,0.0,19.8,360,1.2124003311558797e-15,-19.8
2017-11-03 14:00:00,25.8,66,0.0,21.6,357,1.1304566548475898,-21.570397950698798
2017-11-03 15:00:00,25.5,63,0.0,20.2,359,0.3525386100331287,-20.196923442159104
2017-11-03 16:00:00,24.1,67,0.0,19.9,356,1.388153827508092,-19.8515246001705
2017-11-03 17:00:00,23.2,69,0.0,16.9,1,-0.2949456687900911,-16.89742604814301
2017-11-03 18:00:00,22.7,70,0.0,14.8,359,0.2582956152717973,-14.79774588831459
2017-11-03 19:00:00,22.5,72,0.0,16.3,342,5.036977008311644,-15.502221215611003
2017-11-03 20:00:00,20.8,89,0.3,17.4,354,1.81879526085717,-17.304680979407955
2017-11-03 21:00:00,20.9,85,0.1,18.4,360,1.1266750552155648e-15,-18.4
2017-11-03 22:00:00,21.0,84,0.0,17.2,350,2.986748655871203,-16.938693351809977
2017-11-03 23:00:00,21.3,80,0.0,16.9,1,-0.2949456687900911,-16.89742604814301
2017-11-04 00:00:00,21.2,79,0.0,16.2,356,1.1300548746548287,-16.16053761420915
2017-11-04 01:00:00,21.3,77,0.0,16.7,7,-2.0352180348659576,-16.575520732410077
2017-11-04 02:00:00,21.1,77,0.2,14.4,3,-0.753637769898398,-14.380265300465863
2017-11-04 03:00:00,20.9,75,0.0,14.6,351,2.2839431895873714,-14.420249772689012
2017-11-04 04:00:00,21.1,73,0.0,13.3,360,8.143901214329899e-16,-13.3
2017-11-04 05:00:00,21.1,76,0.0,12.4,8,-1.7257464519048162,-12.279324052395472
2017-11-04 06:00:00,21.0,78,0.0,12.4,8,-1.7257464519048162,-12.279324052395472
2017-11-04 07:00:00,21.7,75,0.0,12.7,8,-1.7674983821928358,-12.576404473017941
2017-11-04 08:00:00,23.5,62,0.0,16.3,6,-1.70381395126275,-16.210706894502856
2017-11-04 09:00:00,24.9,57,0.0,16.4,9,-2.5655252266597888,-16.198088785760255
2017-11-04 10:00:00,26.9,52,0.0,14.9,7,-1.815853216736693,-14.7889376594557
2017-11-04 11:00:00,28.1,49,0.0,15.1,357,0.7902729392684539,-15.079305974794064
2017-11-04 12:00:00,28.8,46,0.0,20.3,354,2.121927804333365,-20.18879447597595
2017-11-04 13:00:00,28.5,46,0.0,22.3,1,-0.389188663551422,-22.296603601987528
2017-11-04 14:00:00,27.8,45,0.0,23.4,360,1.432836755002403e-15,-23.4
2017-11-04 15:00:00,26.4,47,0.0,23.0,359,0.40140534805752276,-22.996496988597
2017-11-04 16:00:00,24.7,51,0.0,21.0,354,2.1950977286207225,-20.88495980273374
2017-11-04 17:00:00,22.4,57,0.0,21.0,355,1.830270597700821,-20.920088659926655
2017-11-04 18:00:00,20.9,61,0.0,18.0,2,-0.6281909406450137,-17.989034886343724
2017-11-04 19:00:00,20.1,64,0.0,14.8,4,-1.0323958114130587,-14.763947943845398
2017-11-04 20:00:00,19.7,63,0.0,13.0,3,-0.680367431158276,-12.98218395180946
2017-11-04 21:00:00,19.4,64,0.0,12.6,358,0.4397336584515136,-12.592324420440606
2017-11-04 22:00:00,19.2,65,0.0,11.2,6,-1.1707187885977175,-11.13864522812466
2017-11-04 23:00:00,18.9,67,0.0,11.5,2,-0.40134421207875876,-11.492994510719601
2017-11-05 00:00:00,18.7,68,0.0,11.2,360,6.858022075225178e-16,-11.2
2017-11-05 01:00:00,18.4,70,0.0,10.5,356,0.732442974313315,-10.474422527728153
2017-11-05 02:00:00,18.2,69,0.0,10.5,352,1.4613175600806874,-10.397814721786489
2017-11-05 03:00:00,18.0,69,0.0,9.4,353,1.1455718280083864,-9.329933825428427
2017-11-05 04:00:00,17.8,70,0.0,9.3,344,2.5634274090980926,-8.939733772226367
2017-11-05 05:00:00,17.7,71,0.0,10.5,352,1.4613175600806874,-10.397814721786489
2017-11-05 06:00:00,17.6,72,0.0,8.6,358,0.3001356716415093,-8.594761112364223
2017-11-05 07:00:00,18.6,69,0.0,6.8,328,3.603450996785793,-5.766727053863696
2017-11-05 08:00:00,21.2,62,0.0,2.7,247,2.485363104321589,1.0549740469210394
2017-11-05 09:00:00,23.6,57,0.0,6.0,245,5.437846722219899,2.5357095704441965
2017-11-05 10:00:00,25.3,58,0.0,4.6,252,4.3748599749577055,1.421478174124758
2017-11-05 11:00:00,27.0,55,0.0,4.2,239,3.600102662948872,2.1631599146222276
2017-11-05 12:00:00,28.0,52,0.0,4.0,243,3.5640260967534716,1.815961998958187
2017-11-05 13:00:00,28.9,50,0.0,4.7,266,4.688551036221174,0.3278554265973889
2017-11-05 14:00:00,29.0,49,0.0,6.5,304,5.38874422160777,-3.634753872559855
2017-11-05 15:00:00,28.2,50,0.0,10.4,316,7.224447052773572,-7.481133923521972
2017-11-05 16:00:00,27.0,52,0.0,15.3,330,7.650000000000002,-13.250188677901912
2017-11-05 17:00:00,25.3,57,0.0,14.3,332,6.71344334783824,-12.626150577882655
2017-11-05 18:00:00,23.8,61,0.0,11.6,334,5.085105302753298,-10.426010937070338
2017-11-05 19:00:00,22.9,64,0.0,7.7,332,3.61493103345136,-6.798696465013737
2017-11-05 20:00:00,22.8,70,0.0,4.6,315,3.2526911934581184,-3.252691193458118
2017-11-05 21:00:00,22.3,72,0.0,3.5,294,3.197409101749103,-1.4235782507653008
2017-11-05 22:00:00,21.5,78,0.0,4.3,275,4.283637201794505,-0.3747696938149301
2017-11-05 23:00:00,21.2,79,0.0,4.4,215,2.5237363199446032,3.604268994871564
2017-11-06 00:00:00,20.8,82,0.0,4.3,185,0.37476969381492997,4.283637201794505
2017-11-06 01:00:00,20.9,83,0.0,3.7,151,-1.793795594911447,3.236092916415765
2017-11-06 02:00:00,21.9,76,0.0,1.1,288,1.0461621679246689,-0.33991869381244216
2017-11-06 03:00:00,21.6,78,0.0,3.6,323,2.1665340833473743,-2.875087836170254
2017-11-06 04:00:00,20.8,82,0.0,5.4,360,3.3065463576978537e-16,-5.4
2017-11-06 05:00:00,20.2,84,0.0,6.2,10,-1.0766187015349682,-6.10580806867569
2017-11-06 06:00:00,20.0,86,0.0,5.2,25,-2.197614961051636,-4.71280049259058
2017-11-06 07:00:00,21.5,80,0.0,4.3,24,-1.7489675652259404,-3.928245467863184
2017-11-06 08:00:00,23.5,74,0.0,2.9,60,-2.5114736709748717,-1.4500000000000002
2017-11-06 09:00:00,25.1,66,0.0,5.1,315,3.6062445840513924,-3.606244584051392
2017-11-06 10:00:00,26.5,61,0.0,5.6,243,4.98963653545486,2.5423467985414616
2017-11-06 11:00:00,27.5,58,0.0,5.6,285,5.4091846272187825,-1.4493866525741161
2017-11-06 12:00:00,28.6,55,0.0,4.9,253,4.685893304218874,1.4326213531414103
2017-11-06 13:00:00,28.5,55,0.0,6.4,223,4.36478950439999,4.6806636903626915
2017-11-06 14:00:00,28.4,56,0.0,4.9,234,3.9641832724372428,2.8801477362331185
2017-11-06 15:00:00,27.9,60,0.0,4.5,284,4.366330768241984,-1.0886485301985047
2017-11-06 16:00:00,26.5,70,0.2,6.6,315,4.666904755831213,-4.666904755831213
2017-11-06 17:00:00,25.4,81,0.4,5.2,335,2.197614961051637,-4.7128004925905795
2017-11-06 18:00:00,24.6,87,0.2,6.1,28,-2.8637765329939335,-5.385980316439454
2017-11-06 19:00:00,24.2,90,0.1,5.2,25,-2.197614961051636,-4.71280049259058
2017-11-06 20:00:00,23.9,94,0.1,4.6,342,1.4214781741247582,-4.3748599749577055
2017-11-06 21:00:00,24.0,93,0.0,5.6,315,3.9597979746446663,-3.9597979746446654
2017-11-06 22:00:00,23.6,96,0.0,7.9,270,7.9,0.0
2017-11-06 23:00:00,22.9,99,0.0,6.4,227,4.6806636903626915,4.36478950439999
2017-11-07 00:00:00,22.5,100,0.0,5.9,169,-1.1257730727216144,5.791600382341218
2017-11-07 01:00:00,22.7,99,0.0,5.6,135,-3.9597979746446654,3.9597979746446663
2017-11-07 02:00:00,22.6,99,0.0,5.9,128,-4.64926344627966,3.6324027044213847
2017-11-07 03:00:00,22.6,98,0.0,5.4,138,-3.6133052743378347,4.012982057577929
2017-11-07 04:00:00,22.7,97,0.0,3.6,135,-2.545584412271571,2.5455844122715714
2017-11-07 05:00:00,22.3,97,0.0,2.3,141,-1.4474368994146256,1.7874357113510333
2017-11-07 06:00:00,22.4,97,0.0,3.0,166,-0.7257656867990033,2.9108871788279895
2017-11-07 07:00:00,23.1,93,0.0,3.5,156,-1.423578250765301,3.197409101749103
2017-11-07 08:00:00,24.3,85,0.0,5.5,212,2.914555953282627,4.664264528860342
2017-11-07 09:00:00,26.5,71,0.0,7.7,208,3.61493103345136,6.798696465013737
2017-11-07 10:00:00,28.5,63,0.0,9.0,209,4.363286582217034,7.871577364254562
2017-11-07 11:00:00,30.2,56,0.0,10.1,215,5.793122007145566,8.273435647318816
2017-11-07 12:00:00,31.5,51,0.0,9.8,216,5.760295472466237,7.9283665448744856
2017-11-07 13:00:00,31.8,50,0.0,9.7,231,7.538315826132617,6.104407793183422
2017-11-07 14:00:00,31.0,57,0.0,9.9,251,9.360633898433237,3.2231247291258516
2017-11-07 15:00:00,30.3,61,0.0,8.4,245,7.61298541110786,3.5499933986218752
2017-11-07 16:00:00,29.0,67,0.0,7.6,270,7.6,0.0
2017-11-07 17:00:00,26.8,76,0.0,9.8,294,8.95274548489749,-3.9860191021428424
2017-11-07 18:00:00,25.2,84,0.0,6.4,313,4.6806636903626915,-4.36478950439999
2017-11-07 19:00:00,24.5,89,0.0,4.7,351,0.7352419856890854,-4.6421352007971475
2017-11-07 20:00:00,24.4,89,0.0,8.0,350,1.3891854213354433,-7.878462024097664
2017-11-07 21:00:00,24.4,87,0.0,10.9,351,1.705135668938517,-10.765802912487002
2017-11-07 22:00:00,24.2,89,0.0,9.4,4,-0.6557108531947805,-9.377102072442348
2017-11-07 23:00:00,24.1,90,0.0,10.1,360,6.184466335694133e-16,-10.1
2017-11-08 00:00:00,23.5,91,0.0,12.3,357,0.6437322617882109,-12.283143277481258
2017-11-08 01:00:00,23.2,92,0.0,12.2,358,0.42577385977051313,-12.192568089632967
2017-11-08 02:00:00,23.0,91,0.0,11.2,360,6.858022075225178e-16,-11.2
2017-11-08 03:00:00,22.8,91,0.0,10.5,8,-1.4613175600806911,-10.397814721786487
2017-11-08 04:00:00,22.7,92,0.0,9.9,10,-1.7191169589026103,-9.74959675482086
2017-11-08 05:00:00,22.6,93,0.0,10.8,360,6.613092715395707e-16,-10.8
2017-11-08 06:00:00,22.0,96,0.0,11.2,356,0.7812725059342026,-11.17271736291003
2017-11-08 07:00:00,22.8,90,0.0,13.4,5,-1.1678869528186206,-13.34900895442939
2017-11-08 08:00:00,25.3,76,0.0,10.6,10,-1.8406706832694615,-10.438962181929405
2017-11-08 09:00:00,26.9,69,0.0,7.2,354,0.752604935527105,-7.160557646651568
2017-11-08 10:00:00,28.8,62,0.0,4.2,329,2.1631599146222276,-3.600102662948872
2017-11-08 11:00:00,30.1,57,0.0,3.4,302,2.883363526931848,-1.8017254983928965
2017-11-08 12:00:00,31.4,52,0.0,3.3,319,2.1649947956686737,-2.4905416147351476
2017-11-08 13:00:00,32.1,48,0.0,8.4,335,3.5499933986218752,-7.61298541110786
2017-11-08 14:00:00,31.5,51,0.0,16.4,341,5.339317733097371,-15.506504639828792
2017-11-08 15:00:00,29.8,56,0.0,22.1,344,6.0915855635556815,-21.24388348023685
2017-11-08 16:00:00,27.9,60,0.0,23.2,348,4.823551226972019,-22.693024337024287
2017-11-08 17:00:00,26.1,64,0.0,19.0,350,3.2993153756716778,-18.711347307231954
2017-11-08 18:00:00,24.7,68,0.0,16.2,356,1.1300548746548287,-16.16053761420915
2017-11-08 19:00:00,23.9,71,0.0,12.8,349,2.442355140819775,-12.5648279481301
2017-11-08 20:00:00,23.4,77,0.0,10.0,339,3.583679495453004,-9.335804264972017
2017-11-08 21:00:00,23.1,78,0.0,8.7,336,3.5386087947594613,-7.947845481490627
2017-11-08 22:00:00,22.8,80,0.0,6.3,336,2.5624408513775414,-5.755336383148386
2017-11-08 23:00:00,22.5,82,0.0,5.4,312,4.012982057577929,-3.6133052743378347
2017-11-09 00:00:00,22.2,84,0.0,4.1,315,2.899137802864845,-2.8991378028648445
2017-11-09 01:00:00,22.0,85,0.0,3.6,315,2.5455844122715714,-2.545584412271571
2017-11-09 02:00:00,21.7,88,0.0,1.9,338,0.7117525274902327,-1.761649323676896
2017-11-09 03:00:00,21.8,86,0.0,5.0,330,2.5000000000000004,-4.330127018922193
2017-11-09 04:00:00,21.5,88,0.0,7.9,330,3.950000000000001,-6.841600689897065
2017-11-09 05:00:00,21.5,88,0.0,6.4,344,1.7640790772287946,-6.1520748540052415
2017-11-09 06:00:00,21.5,89,0.0,3.3,354,0.3449439287832564,-3.2819222547153015
2017-11-09 07:00:00,23.1,82,0.0,5.0,360,3.061616997868383e-16,-5.0
2017-11-09 08:00:00,25.6,73,0.0,6.3,336,2.5624408513775414,-5.755336383148386
2017-11-09 09:00:00,27.7,66,0.0,5.6,315,3.9597979746446663,-3.9597979746446654
2017-11-09 10:00:00,29.2,61,0.0,6.3,294,5.755336383148386,-2.5624408513775414
2017-11-09 11:00:00,30.3,58,0.0,8.0,280,7.878462024097664,-1.3891854213354426
2017-11-09 12:00:00,32.1,50,0.0,5.7,252,5.421022142882375,1.7613968679372003
2017-11-09 13:00:00,32.5,47,0.0,4.1,225,2.899137802864845,2.8991378028648445
2017-11-09 14:00:00,32.6,47,0.0,4.7,261,4.6421352007971475,0.7352419856890852
2017-11-09 15:00:00,31.8,49,0.0,8.0,288,7.608452130361228,-2.472135954999579
2017-11-09 16:00:00,29.8,58,0.0,11.8,297,10.513876985422742,-5.357087896926652
2017-11-09 17:00:00,27.4,67,0.0,11.4,294,10.41441821712565,-4.636797731064123
2017-11-09 18:00:00,25.7,74,0.0,8.9,284,8.635631963856369,-2.153104870837043
2017-11-09 19:00:00,25.0,77,0.0,5.4,266,5.386845871403051,0.37668495821827663
2017-11-09 20:00:00,25.0,78,0.0,2.4,243,2.138415658052083,1.0895771993749122
2017-11-09 21:00:00,24.8,80,0.0,2.9,210,1.4500000000000002,2.5114736709748717
2017-11-09 22:00:00,24.7,80,0.0,5.1,176,-0.35575801609503915,5.087576656325103
2017-11-09 23:00:00,24.7,80,0.0,5.1,172,-0.7097828148963332,5.050367150582009
2017-11-10 00:00:00,24.0,85,0.0,5.1,172,-0.7097828148963332,5.050367150582009
2017-11-10 01:00:00,24.2,84,0.0,4.0,153,-1.8159619989581868,3.5640260967534716
2017-11-10 02:00:00,23.5,87,0.0,4.9,197,1.4326213531414103,4.685893304218874
2017-11-10 03:00:00,23.1,89,0.0,4.6,198,1.4214781741247582,4.3748599749577055
2017-11-10 04:00:00,22.9,91,0.0,3.8,197,1.1110124779463997,3.6339580726595346
2017-11-10 05:00:00,23.5,88,0.0,3.1,225,2.1920310216782974,2.192031021678297
2017-11-10 06:00:00,22.9,91,0.0,3.9,236,3.2332465329646625,2.180852323535913
2017-11-10 07:00:00,23.8,87,0.0,2.5,262,2.475670171853926,0.3479327524001636
2017-11-10 08:00:00,25.4,79,0.0,1.3,236,1.0777488443215542,0.726950774511971
2017-11-10 09:00:00,27.5,70,0.0,0.8,243,0.7128052193506944,0.3631923997916374
2017-11-10 10:00:00,29.3,62,0.0,0.4,180,2.4492935982947065e-17,0.4
2017-11-10 11:00:00,31.3,55,0.0,2.5,180,1.5308084989341916e-16,2.5
2017-11-10 12:00:00,32.0,50,0.0,5.5,302,4.664264528860342,-2.914555953282627
2017-11-10 13:00:00,31.3,56,0.0,10.7,312,7.951649632608118,-7.159697488039782
2017-11-10 14:00:00,30.8,59,0.0,12.4,324,7.288537128426667,-10.031810730249349
2017-11-10 15:00:00,30.1,61,0.4,10.8,323,6.499602250042123,-8.625263508510763
2017-11-10 16:00:00,28.7,67,0.0,12.2,317,8.320379992762481,-8.922515159753878
2017-11-10 17:00:00,26.3,77,0.0,13.8,317,9.41157736886248,-10.092681082344553
2017-11-10 18:00:00,24.9,85,0.0,10.8,323,6.499602250042123,-8.625263508510763
2017-11-10 19:00:00,24.6,87,0.0,8.7,343,2.5436338310878095,-8.319851376878407
2017-11-10 20:00:00,24.4,88,0.0,3.3,354,0.3449439287832564,-3.2819222547153015
2017-11-10 21:00:00,24.6,87,0.0,4.9,343,1.4326213531414103,-4.685893304218874
2017-11-10 22:00:00,24.5,88,0.0,3.7,299,3.2360929164157644,-1.7937955949114472
2017-11-10 23:00:00,24.1,91,0.0,6.4,322,3.9402334420842133,-5.043268823083022
2017-11-11 00:00:00,23.8,93,0.0,7.4,337,2.8914103508206255,-6.811735915548059
2017-11-11 01:00:00,23.8,93,0.0,5.9,349,1.125773072721615,-5.791600382341218
2017-11-11 02:00:00,23.7,93,0.0,6.7,344,1.8467702839738944,-6.440453362786736
2017-11-11 03:00:00,23.6,94,0.0,8.3,2,-0.28966582263075635,-8.294943864258496
2017-11-11 04:00:00,23.6,93,0.0,9.4,7,-1.1455718280083835,-9.329933825428428
2017-11-11 05:00:00,23.2,95,0.0,9.4,4,-0.6557108531947805,-9.377102072442348
2017-11-11 06:00:00,23.0,95,0.0,9.4,358,0.3280552690035102,-9.394273773979501
2017-11-11 07:00:00,23.1,89,0.0,10.5,352,1.4613175600806874,-10.397814721786489
2017-11-11 08:00:00,25.1,79,0.0,7.9,344,2.1775351109542935,-7.59396739791272
2017-11-11 09:00:00,25.6,75,0.0,8.0,342,2.4721359549995796,-7.608452130361228
2017-11-11 10:00:00,27.2,67,0.0,8.2,345,2.12231616984067,-7.92059177557036
2017-11-11 11:00:00,28.1,63,0.0,6.8,335,2.873804179836756,-6.162892951849219
2017-11-11 12:00:00,28.7,59,0.1,5.4,318,3.6133052743378347,-4.012982057577929
2017-11-11 13:00:00,28.8,58,0.2,3.3,276,3.2819222547153015,-0.3449439287832564
2017-11-11 14:00:00,28.9,57,0.0,1.8,259,1.7669289302057951,0.34345619167778063
2017-11-11 15:00:00,28.9,52,0.0,7.2,342,2.224922359499622,-6.8476069173251055
2017-11-11 16:00:00,27.7,54,0.0,10.4,340,3.557009490586956,-9.772803256173447
2017-11-11 17:00:00,26.3,57,0.0,11.1,335,4.691062705321763,-10.060016436106814
2017-11-11 18:00:00,24.9,60,0.0,11.0,341,3.5812496990287244,-10.400704331592484
2017-11-11 19:00:00,23.7,66,0.0,10.5,333,4.766900247265242,-9.355568503977862
2017-11-11 20:00:00,21.5,83,0.1,8.0,342,2.4721359549995796,-7.608452130361228
2017-11-11 21:00:00,21.1,87,1.0,10.2,342,3.151973342624464,-9.700776466210565
2017-11-11 22:00:00,20.5,91,0.9,10.6,350,1.8406706832694624,-10.438962181929405
2017-11-11 23:00:00,20.5,94,0.8,5.9,14,-1.42733918403804,-5.7247447850283795
2017-11-12 00:00:00,20.4,95,2.0,5.4,318,3.6133052743378347,-4.012982057577929
2017-11-12 01:00:00,20.2,94,3.6,6.6,331,3.199743493625825,-5.772490067120011
2017-11-12 02:00:00,20.1,95,4.9,6.6,338,2.4724035165450187,-6.1194134401407965
2017-11-12 03:00:00,19.8,96,4.0,8.0,333,3.6319239979163744,-7.128052193506942
2017-11-12 04:00:00,19.8,97,2.5,7.9,344,2.1775351109542935,-7.59396739791272
2017-11-12 05:00:00,20.0,96,1.8,5.5,349,1.049449474570997,-5.3989495089621515
2017-11-12 06:00:00,20.0,96,1.4,8.5,348,1.7672493719509554,-8.314254606237347
2017-11-12 07:00:00,20.2,96,1.2,7.1,345,1.8376152202278973,-6.858073366652385
2017-11-12 08:00:00,21.2,95,1.1,8.4,350,1.4586446924022156,-8.272385125302547
2017-11-12 09:00:00,21.8,93,3.3,7.6,335,3.211898789229316,-6.887939181478539
2017-11-12 10:00:00,22.2,90,1.1,9.7,338,3.633683956134346,-8.993683389297837
2017-11-12 11:00:00,23.4,86,0.5,8.0,324,4.702282018339785,-6.47213595499958
2017-11-12 12:00:00,23.9,83,0.0,8.2,345,2.12231616984067,-7.92059177557036
2017-11-12 13:00:00,24.2,82,1.3,7.2,3,-0.376818884949199,-7.190132650232932
2017-11-12 14:00:00,24.5,79,0.4,6.9,6,-0.7212463965468082,-6.862201078041087
2017-11-12 15:00:00,23.8,87,1.7000000000000002,4.2,329,2.1631599146222276,-3.600102662948872
2017-11-12 16:00:00,23.0,92,2.0,6.2,350,1.0766187015349686,-6.10580806867569
2017-11-12 17:00:00,22.3,93,2.2,7.4,321,4.656970893768798,-5.750880114781585
2017-11-12 18:00:00,21.4,94,0.8,10.2,350,1.77121141220269,-10.045039080724521
2017-11-12 19:00:00,21.1,92,0.1,7.9,3,-0.41345405431926,-7.889173324561134
2017-11-12 20:00:00,21.4,88,3.0,7.4,337,2.8914103508206255,-6.811735915548059
2017-11-12 21:00:00,21.6,86,0.0,4.7,360,2.8779199779962803e-16,-4.7
2017-11-12 22:00:00,21.5,86,0.0,1.9,248,1.761649323676896,0.7117525274902328
2017-11-12 23:00:00,21.5,85,0.0,2.3,231,1.7874357113510329,1.4474368994146258
2017-11-13 00:00:00,21.6,84,0.0,3.1,306,2.5079526825623373,-1.8221342821066668
2017-11-13 01:00:00,21.2,86,0.0,5.9,313,4.314986839553106,-4.023790324368742
2017-11-13 02:00:00,20.6,90,0.0,6.5,3,-0.340183715579138,-6.49109197590473
2017-11-13 03:00:00,20.5,92,0.0,5.0,21,-1.7918397477265036,-4.667902132486008
2017-11-13 04:00:00,20.6,94,0.3,7.9,24,-3.2132194802988208,-7.217009115376548
2017-11-13 05:00:00,20.7,95,1.9,5.4,356,0.3766849582182763,-5.386845871403051
2017-11-13 06:00:00,20.9,95,0.2,6.9,9,-1.0793978087775942,-6.81504955010645
2017-11-13 07:00:00,21.7,93,0.1,7.6,8,-1.0577155672965002,-7.526037322435934
2017-11-13 08:00:00,22.9,85,0.0,7.6,8,-1.0577155672965002,-7.526037322435934
2017-11-13 09:00:00,24.6,79,0.0,4.7,4,-0.32785542659739025,-4.688551036221174
2017-11-13 10:00:00,25.8,76,0.0,4.8,333,2.1791543987498248,-4.276831316104166
2017-11-13 11:00:00,26.6,71,0.0,4.0,10,-0.6945927106677213,-3.939231012048832
2017-11-13 12:00:00,27.9,65,0.0,6.7,344,1.8467702839738944,-6.440453362786736
2017-11-13 13:00:00,27.8,65,0.0,9.6,340,3.2833933759264204,-9.02104915954472
2017-11-13 14:00:00,27.3,69,0.0,11.3,338,4.233054505599806,-10.4771775566047
2017-11-13 15:00:00,26.6,74,0.0,11.2,345,2.8987733051482323,-10.818369254437565
2017-11-13 16:00:00,26.0,78,0.0,9.2,339,3.2969851358167634,-8.588939923774255
2017-11-13 17:00:00,24.7,84,0.0,6.8,360,4.1637991171010006e-16,-6.8
2017-11-13 18:00:00,23.7,89,0.1,3.6,37,-2.166534083347374,-2.875087836170254
2017-11-13 19:00:00,23.3,92,0.0,4.4,35,-2.523736319944604,-3.604268994871563
2017-11-13 20:00:00,23.0,94,0.0,3.1,249,2.8940993221413254,1.1109406435904308
2017-11-13 21:00:00,22.7,95,0.0,4.3,246,3.9282454678631837,1.7489675652259409
2017-11-13 22:00:00,21.8,98,0.0,5.1,274,5.087576656325103,-0.35575801609503904
2017-11-13 23:00:00,21.7,98,0.0,4.4,305,3.604268994871564,-2.523736319944603
2017-11-14 00:00:00,21.7,98,0.0,4.1,345,1.061158084920335,-3.96029588778518
2017-11-14 01:00:00,22.0,98,0.0,4.5,14,-1.088648530198505,-4.366330768241984
2017-11-14 02:00:00,22.0,97,0.0,5.8,356,0.40458754771592637,-5.78587149150698
2017-11-14 03:00:00,21.9,97,0.0,7.2,354,0.752604935527105,-7.160557646651568
2017-11-14 04:00:00,21.8,96,0.0,8.6,358,0.3001356716415093,-8.594761112364223
2017-11-14 05:00:00,21.9,93,0.0,7.8,13,-1.7546182238821488,-7.600086505324834
2017-11-14 06:00:00,21.9,92,0.6,8.6,2,-0.3001356716415065,-8.594761112364223
2017-11-14 07:00:00,22.0,94,0.7000000000000001,5.8,30,-2.9000000000000026,-5.022947341949743
2017-11-14 08:00:00,24.1,87,0.8,6.2,10,-1.0766187015349682,-6.10580806867569
2017-11-14 09:00:00,25.7,78,0.0,5.8,353,0.7068421917498554,-5.756767679519667
2017-11-14 10:00:00,26.5,75,0.0,8.8,325,5.0474726398892065,-7.208537989743128
2017-11-14 11:00:00,27.6,72,0.0,8.2,337,3.203995253612044,-7.54813979831001
2017-11-14 12:00:00,28.4,69,0.0,8.0,350,1.3891854213354433,-7.878462024097664
2017-11-14 13:00:00,28.7,68,0.1,7.2,6,-0.7526049355271042,-7.160557646651569
2017-11-14 14:00:00,28.5,69,0.1,7.2,354,0.752604935527105,-7.160557646651568
2017-11-14 15:00:00,27.9,71,0.1,7.4,346,1.7902220274375409,-7.180188374442374
2017-11-14 16:00:00,26.7,75,0.9,6.8,342,2.1013155617496424,-6.467184310807044
2017-11-14 17:00:00,25.1,82,1.8,4.1,322,2.524212048835199,-3.23084408978756
2017-11-14 18:00:00,24.1,83,0.0,7.2,342,2.224922359499622,-6.8476069173251055
2017-11-14 19:00:00,23.3,84,0.1,10.0,347,2.249510543438649,-9.743700647852352
2017-11-14 20:00:00,22.5,88,0.2,5.5,337,2.1490212066910055,-5.062776693988422
2017-11-14 21:00:00,22.0,91,0.0,4.3,336,1.7489675652259409,-3.9282454678631837
2017-11-14 22:00:00,21.7,91,0.0,2.7,293,2.485363104321589,-1.0549740469210394
2017-11-14 23:00:00,21.4,91,0.1,7.6,315,5.374011537017761,-5.37401153701776
2017-11-15 00:00:00,21.3,92,0.1,3.7,29,-1.7937955949114464,-3.2360929164157652
2017-11-15 01:00:00,21.5,94,1.0,6.1,90,-6.1,7.470345474798854e-16
2017-11-15 02:00:00,21.9,94,0.1,6.1,90,-6.1,7.470345474798854e-16
2017-11-15 03:00:00,21.9,94,0.0,3.8,17,-1.111012477946401,-3.633958072659534
2017-11-15 04:00:00,21.5,95,0.0,5.1,356,0.35575801609503865,-5.087576656325103
2017-11-15 05:00:00,20.9,97,0.0,10.9,351,1.705135668938517,-10.765802912487002
2017-11-15 06:00:00,20.4,98,0.0,13.0,3,-0.680367431158276,-12.98218395180946
2017-11-15 07:00:00,21.4,92,0.5,8.9,32,-4.716281451675525,-7.547628055792192
2017-11-15 08:00:00,23.2,84,0.0,1.6,333,0.726384799583275,-1.4256104387013886
2017-11-15 09:00:00,24.7,79,0.0,2.5,315,1.7677669529663689,-1.7677669529663687
2017-11-15 10:00:00,26.0,75,0.0,3.3,264,3.2819222547153015,0.3449439287832564
2017-11-15 11:00:00,27.4,70,0.3,3.1,249,2.8940993221413254,1.1109406435904308
2017-11-15 12:00:00,28.2,67,0.0,3.3,264,3.2819222547153015,0.3449439287832564
2017-11-15 13:00:00,28.1,68,0.1,3.0,256,2.9108871788279895,0.7257656867990032
2017-11-15 14:00:00,28.1,70,0.1,4.0,333,1.8159619989581872,-3.564026096753471
2017-11-15 15:00:00,27.4,73,0.2,6.8,360,4.1637991171010006e-16,-6.8
2017-11-15 16:00:00,26.5,77,0.2,6.1,360,3.735172737399427e-16,-6.1
2017-11-15 17:00:00,25.1,83,0.9,7.9,344,2.1775351109542935,-7.59396739791272
2017-11-15 18:00:00,24.0,85,0.0,9.0,331,4.363286582217034,-7.871577364254562
2017-11-15 19:00:00,23.1,85,0.0,9.9,341,3.223124729125852,-9.360633898433235
2017-11-15 20:00:00,22.6,94,0.0,1.6,63,-1.4256104387013888,-0.7263847995832747
2017-11-15 21:00:00,22.7,92,0.0,2.1,301,1.800051331474436,-1.0815799573111138
2017-11-15 22:00:00,22.5,92,0.0,2.9,300,2.511473670974872,-1.4499999999999997
2017-11-15 23:00:00,22.1,92,0.0,5.4,312,4.012982057577929,-3.6133052743378347
2017-11-16 00:00:00,21.7,94,0.0,2.3,321,1.447436899414626,-1.7874357113510329
2017-11-16 01:00:00,22.0,93,0.0,1.1,360,6.735557395310444e-17,-1.1
2017-11-16 02:00:00,22.0,94,0.0,1.8,127,-1.4375439180851273,1.0832670416736867
2017-11-16 03:00:00,22.5,91,0.0,1.8,191,0.34345619167778085,1.7669289302057951
2017-11-16 04:00:00,22.6,90,0.0,1.5,14,-0.36288284339950166,-1.4554435894139948
2017-11-16 05:00:00,22.0,94,0.0,3.5,336,1.4235782507653008,-3.197409101749103
2017-11-16 06:00:00,21.7,95,0.0,5.5,349,1.049449474570997,-5.3989495089621515
2017-11-16 07:00:00,22.2,93,0.0,6.2,353,0.7555899291119145,-6.153786140176196
2017-11-16 08:00:00,23.5,89,0.0,6.3,347,1.4171916423663489,-6.1385314081469815
2017-11-16 09:00:00,25.7,80,0.0,4.3,355,0.37476969381492997,-4.283637201794505
2017-11-16 10:00:00,27.5,71,0.0,3.6,360,2.2043642384652358e-16,-3.6
2017-11-16 11:00:00,28.8,67,0.0,3.9,338,1.4609657143220567,-3.616017032810471
2017-11-16 12:00:00,29.3,66,0.0,5.4,323,3.2498011250210617,-4.312631754255381
2017-11-16 13:00:00,29.3,67,0.0,7.1,336,2.8878301658381815,-6.486172749262466
2017-11-16 14:00:00,28.8,67,0.0,9.2,334,4.033014550459512,-8.268905225952336
2017-11-16 15:00:00,28.0,69,0.0,8.9,346,2.1531048708370424,-8.635631963856369
2017-11-16 16:00:00,26.8,73,0.3,8.0,342,2.4721359549995796,-7.608452130361228
2017-11-16 17:00:00,24.5,82,0.6,9.4,337,3.672872607799173,-8.65274562245294
2017-11-16 18:00:00,22.9,90,0.3,8.6,358,0.3001356716415093,-8.594761112364223
2017-11-16 19:00:00,22.1,94,0.0,6.2,7,-0.7555899291119125,-6.153786140176197
2017-11-16 20:00:00,23.0,93,0.0,7.8,338,2.9219314286441134,-7.232034065620942
2017-11-16 21:00:00,22.9,94,0.0,1.6,27,-0.7263847995832751,-1.4256104387013886
2017-11-16 22:00:00,22.4,97,0.0,2.1,239,1.800051331474436,1.0815799573111138
2017-11-16 23:00:00,22.0,98,0.0,3.8,287,3.6339580726595346,-1.1110124779463997
2017-11-17 00:00:00,22.0,99,0.0,2.6,34,-1.453901549023941,-2.1554976886431088
2017-11-17 01:00:00,22.1,98,0.0,2.6,34,-1.453901549023941,-2.1554976886431088
2017-11-17 02:00:00,22.3,97,0.0,2.5,352,0.34793275240016364,-2.475670171853926
2017-11-17 03:00:00,22.1,98,0.0,5.7,342,1.7613968679372005,-5.421022142882375
2017-11-17 04:00:00,22.1,98,0.0,5.4,8,-0.7515347451843555,-5.34744757120448
2017-11-17 05:00:00,21.6,99,0.0,4.0,10,-0.6945927106677213,-3.939231012048832
2017-11-17 06:00:00,21.5,99,0.0,3.9,338,1.4609657143220567,-3.616017032810471
2017-11-17 07:00:00,21.7,98,0.0,4.2,329,2.1631599146222276,-3.600102662948872
2017-11-17 08:00:00,23.4,89,0.0,5.4,356,0.3766849582182763,-5.386845871403051
2017-11-17 09:00:00,25.5,80,0.0,2.7,23,-1.0549740469210394,-2.4853631043215887
2017-11-17 10:00:00,27.7,69,0.0,1.5,45,-1.0606601717798214,-1.0606601717798212
2017-11-17 11:00:00,29.4,63,0.0,0.8,117,-0.7128052193506943,0.36319239979163753
2017-11-17 12:00:00,30.4,60,0.0,2.5,188,0.34793275240016364,2.475670171853926
2017-11-17 13:00:00,31.4,55,0.0,4.1,225,2.899137802864845,2.8991378028648445
2017-11-17 14:00:00,30.8,59,0.0,7.6,270,7.6,0.0
2017-11-17 15:00:00,29.0,67,0.0,10.0,308,7.880107536067219,-6.156614753256583
2017-11-17 16:00:00,27.7,69,0.0,8.7,322,5.356254835333226,-6.855693556378481
2017-11-17 17:00:00,26.0,74,0.0,7.0,348,1.4553818357243162,-6.847033205136639
2017-11-17 18:00:00,24.8,80,0.0,6.0,343,1.7542302283364206,-5.737828535778212
2017-11-17 19:00:00,23.8,84,0.0,5.5,337,2.1490212066910055,-5.062776693988422
2017-11-17 20:00:00,22.9,88,0.0,4.0,360,2.4492935982947064e-16,-4.0
2017-11-17 21:00:00,23.3,86,0.0,2.9,360,1.7757378587636622e-16,-2.9
2017-11-17 22:00:00,23.5,85,0.0,2.1,31,-1.0815799573111144,-1.8000513314744355
2017-11-17 23:00:00,23.5,85,0.0,0.0,270,0.0,0.0
2017-11-18 00:00:00,23.5,85,0.0,3.5,246,3.197409101749103,1.4235782507653008
2017-11-18 01:00:00,22.3,91,0.0,4.9,197,1.4326213531414103,4.685893304218874
2017-11-18 02:00:00,23.6,85,0.0,4.0,170,-0.6945927106677212,3.939231012048832
2017-11-18 03:00:00,22.9,88,0.0,4.1,128,-3.2308440897875594,2.5242120488351993
2017-11-18 04:00:00,21.6,93,0.0,4.7,90,-4.7,5.755839955992561e-16
2017-11-18 05:00:00,21.4,90,0.0,3.7,79,-3.632020578756357,-0.7059932828932155
2017-11-18 06:00:00,20.7,89,0.0,2.9,60,-2.5114736709748717,-1.4500000000000002
2017-11-18 07:00:00,21.4,85,0.0,5.6,15,-1.4493866525741155,-5.4091846272187825
2017-11-18 08:00:00,25.3,73,0.0,7.3,11,-1.3929056662487755,-7.165878439167947
2017-11-18 09:00:00,27.2,69,0.1,13.8,7,-1.681796938991031,-13.697136892650246
2017-11-18 10:00:00,27.6,68,0.2,18.7,1,-0.3263600003772014,-18.697151899424515
2017-11-18 11:00:00,25.7,77,0.7000000000000001,22.1,7,-2.6933124892537528,-21.93526995127322
2017-11-18 12:00:00,25.8,69,0.0,22.3,3,-1.167091824217658,-22.269438625026996
2017-11-18 13:00:00,26.5,63,0.0,23.5,4,-1.639277132986951,-23.44275518110587
2017-11-18 14:00:00,25.8,64,0.0,22.7,1,-0.3961696261263354,-22.69654268005008
2017-11-18 15:00:00,25.1,64,0.0,23.8,357,1.2455957585820665,-23.76738292715886
2017-11-18 16:00:00,23.5,67,0.0,22.4,354,2.341437577195437,-22.27729045624932
2017-11-18 17:00:00,21.8,73,0.0,19.2,354,2.0069464947389464,-19.094820391070847
2017-11-18 18:00:00,20.5,77,0.0,19.9,354,2.0801164190263037,-19.790985717828637
2017-11-18 19:00:00,20.2,76,0.0,19.8,358,0.6910100347095214,-19.787938374978097
2017-11-18 20:00:00,20.3,73,0.0,15.9,356,1.1091279325315913,-15.861268399131205
2017-11-18 21:00:00,19.9,73,0.0,14.4,347,3.239295182551655,-14.030928932907388
2017-11-18 22:00:00,19.6,74,0.0,12.6,355,1.0981623586204925,-12.552053195955994
2017-11-18 23:00:00,19.2,72,0.0,12.4,352,1.7257464519048118,-12.279324052395474
2017-11-19 00:00:00,18.7,72,0.0,11.8,348,2.453357951649562,-11.542141688658907
2017-11-19 01:00:00,17.7,80,1.3,14.1,354,1.4738513320739137,-14.022758724692652
2017-11-19 02:00:00,17.2,84,1.0,13.0,5,-1.1330246557195571,-12.950531075192693
2017-11-19 03:00:00,17.0,86,0.9,11.2,354,1.1707187885977186,-11.13864522812466
2017-11-19 04:00:00,16.7,87,0.2,10.8,345,2.795245687107224,-10.431998923921938
2017-11-19 05:00:00,16.3,88,0.0,10.5,333,4.766900247265242,-9.355568503977862
2017-11-19 06:00:00,16.2,87,0.0,9.5,349,1.8126854560771768,-9.325458242752807
2017-11-19 07:00:00,16.6,84,0.0,7.3,349,1.3929056662487778,-7.165878439167947
2017-11-19 08:00:00,18.7,77,0.0,5.0,339,1.791839747726502,-4.667902132486009
2017-11-19 09:00:00,20.4,73,0.0,2.0,315,1.4142135623730951,-1.414213562373095
2017-11-19 10:00:00,22.0,70,0.0,2.9,277,2.8783838397598336,-0.35342109587492765
2017-11-19 11:00:00,23.1,66,0.0,4.4,215,2.5237363199446032,3.604268994871564
2017-11-19 12:00:00,23.9,65,0.0,4.7,247,4.32637281122647,1.8364363038995868
2017-11-19 13:00:00,24.6,65,0.0,3.2,243,2.8512208774027776,1.4527695991665497
2017-11-19 14:00:00,25.5,63,0.0,3.6,233,2.875087836170254,2.166534083347374
2017-11-19 15:00:00,25.8,62,0.0,1.9,338,0.7117525274902327,-1.761649323676896
2017-11-19 16:00:00,24.8,66,0.0,6.8,302,5.766727053863696,-3.603450996785793
2017-11-19 17:00:00,22.5,74,0.0,11.5,309,8.937178556755166,-7.23718449707313
2017-11-19 18:00:00,21.3,77,0.0,7.5,325,4.301823272632846,-6.143640332167439
2017-11-19 19:00:00,20.9,79,0.0,3.1,291,2.8940993221413254,-1.1109406435904308
2017-11-19 20:00:00,21.3,78,0.0,1.1,342,0.3399186938124422,-1.0461621679246689
2017-11-19 21:00:00,20.9,78,0.0,5.6,315,3.9597979746446663,-3.9597979746446654
2017-11-19 22:00:00,20.6,78,0.0,6.1,315,4.31335136523794,-4.313351365237939
2017-11-19 23:00:00,20.6,79,0.0,4.8,347,1.0797650608505516,-4.676976310969129
2017-11-20 00:00:00,20.3,80,0.0,7.3,349,1.3929056662487778,-7.165878439167947
2017-11-20 01:00:00,20.4,79,0.0,7.2,357,0.3768188849491966,-7.190132650232932
2017-11-20 02:00:00,20.4,81,1.2,4.9,36,-2.880147736233119,-3.9641832724372423
2017-11-20 03:00:00,20.2,91,0.5,3.4,18,-1.0506577808748216,-3.233592155403522
2017-11-20 04:00:00,20.1,93,0.5,6.4,344,1.7640790772287946,-6.1520748540052415
2017-11-20 05:00:00,19.6,94,0.1,10.8,334,4.734408385322037,-9.706975700031006
2017-11-20 06:00:00,19.1,95,0.0,9.4,358,0.3280552690035102,-9.394273773979501
2017-11-20 07:00:00,19.3,94,0.0,8.0,18,-2.4721359549995805,-7.608452130361228
2017-11-20 08:00:00,20.4,89,0.0,7.6,352,1.0577155672964975,-7.5260373224359345
2017-11-20 09:00:00,21.5,83,0.1,9.4,2,-0.3280552690035072,-9.394273773979501
2017-11-20 10:00:00,22.1,79,0.0,10.4,360,6.368163355566237e-16,-10.4
2017-11-20 11:00:00,23.7,71,0.0,13.4,5,-1.1678869528186206,-13.34900895442939
2017-11-20 12:00:00,24.7,67,0.0,13.7,2,-0.4781231048242604,-13.691654330161612
2017-11-20 13:00:00,25.7,63,0.0,13.0,358,0.453693457132514,-12.992080751248245
2017-11-20 14:00:00,25.5,62,0.0,13.1,351,2.049291492027025,-12.938717261796304
2017-11-20 15:00:00,23.9,67,0.0,17.1,345,4.425805671253105,-16.51733162954307
2017-11-20 16:00:00,22.4,70,0.0,17.1,353,2.083965772228022,-16.972539193066606
2017-11-20 17:00:00,20.7,75,0.0,13.6,348,2.8275989951215283,-13.302807369979755
2017-11-20 18:00:00,19.5,79,0.0,15.0,349,2.862134930648174,-14.72440775171496
2017-11-20 19:00:00,18.9,81,0.0,12.2,2,-0.42577385977050924,-12.192568089632967
2017-11-20 20:00:00,19.0,81,0.0,8.1,339,2.902780391316933,-7.5620014546273335
2017-11-20 21:00:00,18.9,82,0.0,10.1,343,2.952954217699641,-9.658678035226657
2017-11-20 22:00:00,18.7,84,0.0,11.9,355,1.0371533386971319,-11.854716907291772
2017-11-20 23:00:00,18.6,85,0.5,8.1,347,1.8221035401853058,-7.892397524760405
2017-11-21 00:00:00,18.4,87,0.7000000000000001,7.6,357,0.3977532674463741,-7.589584464134761
2017-11-21 01:00:00,17.9,90,0.0,9.0,337,3.5165801564034633,-8.284543681071963
2017-11-21 02:00:00,17.8,92,0.7000000000000001,7.2,342,2.224922359499622,-6.8476069173251055
2017-11-21 03:00:00,17.6,95,1.1,6.1,357,0.3192493330819582,-6.0916401620029
2017-11-21 04:00:00,17.3,98,0.1,5.8,330,2.9000000000000004,-5.0229473419497435
2017-11-21 05:00:00,16.9,99,1.5,7.0,339,2.5085756468171025,-6.535062985480412
2017-11-21 06:00:00,17.2,98,1.2,5.1,352,0.7097828148963339,-5.050367150582009
2017-11-21 07:00:00,17.6,98,1.5,4.7,4,-0.32785542659739025,-4.688551036221174
2017-11-21 08:00:00,19.9,86,1.8,2.3,141,-1.4474368994146256,1.7874357113510333
2017-11-21 09:00:00,21.8,84,1.1,1.5,256,1.4554435894139948,0.3628828433995016
2017-11-21 10:00:00,23.6,78,0.0,2.7,247,2.485363104321589,1.0549740469210394
2017-11-21 11:00:00,25.6,69,0.0,4.8,283,4.676976310969129,-1.079765060850552
2017-11-21 12:00:00,26.9,65,0.0,5.8,270,5.8,0.0
2017-11-21 13:00:00,26.8,66,0.3,3.9,292,3.616017032810471,-1.460965714322057
2017-11-21 14:00:00,27.1,63,0.0,3.6,360,2.2043642384652358e-16,-3.6
2017-11-21 15:00:00,26.7,66,0.0,4.0,27,-1.8159619989581877,-3.564026096753471
2017-11-21 16:00:00,26.0,69,0.0,6.8,3,-0.3558845024520213,-6.790680836331102
2017-11-21 17:00:00,23.8,80,0.0,8.2,337,3.203995253612044,-7.54813979831001
2017-11-21 18:00:00,22.1,87,0.0,10.2,337,3.985457510590592,-9.389149505214892
2017-11-21 19:00:00,21.6,90,0.0,6.8,342,2.1013155617496424,-6.467184310807044
2017-11-21 20:00:00,21.2,95,0.0,10.3,335,4.352968095929205,-9.334970206477495
2017-11-21 21:00:00,21.1,95,0.0,11.2,345,2.8987733051482323,-10.818369254437565
2017-11-21 22:00:00,20.8,97,0.0,9.0,355,0.7844016847289232,-8.96575228282571
2017-11-21 23:00:00,21.0,96,0.0,8.0,8,-1.1133848076805266,-7.922144549932562
2017-11-22 00:00:00,21.3,94,0.0,7.2,6,-0.7526049355271042,-7.160557646651569
2017-11-22 01:00:00,21.4,92,0.0,9.4,2,-0.3280552690035072,-9.394273773979501
2017-11-22 02:00:00,21.5,92,0.0,10.1,6,-1.055737479003299,-10.044671143219562
2017-11-22 03:00:00,21.2,93,0.6,12.2,358,0.42577385977051313,-12.192568089632967
2017-11-22 04:00:00,20.4,95,0.6,14.0,360,8.572527594031472e-16,-14.0
2017-11-22 05:00:00,19.5,95,0.0,15.1,1,-0.26353133720298083,-15.097700196861508
2017-11-22 06:00:00,19.3,94,0.0,15.5,360,9.491012693391988e-16,-15.5
2017-11-22 07:00:00,19.5,91,0.0,15.9,3,-0.8321417042628145,-15.878209602597725
2017-11-22 08:00:00,20.9,84,0.0,18.4,11,-3.5108855149284204,-18.061940175437016
2017-11-22 09:00:00,22.2,78,0.0,18.3,10,-3.177761651304825,-18.02198188012341
2017-11-22 10:00:00,23.4,73,0.0,18.2,9,-2.847107263732205,-17.975927798831506
2017-11-22 11:00:00,24.4,69,0.0,16.5,10,-2.8651949315043503,-16.249327924701433
2017-11-22 12:00:00,25.6,65,0.0,14.9,7,-1.815853216736693,-14.7889376594557
2017-11-22 13:00:00,25.9,64,0.0,15.5,357,0.8112073217656315,-15.478757788695894
2017-11-22 14:00:00,24.5,68,0.0,19.1,358,0.6665803870177707,-19.08836479606473
2017-11-22 15:00:00,23.7,68,0.0,19.9,356,1.388153827508092,-19.8515246001705
2017-11-22 16:00:00,22.1,72,0.2,21.3,354,2.226456267601019,-21.183316371344223
2017-11-22 17:00:00,20.2,78,0.4,21.3,358,0.743359279763273,-21.28702461550674
2017-11-22 18:00:00,19.1,80,0.1,18.7,358,0.6526205883367702,-18.68860846525709
2017-11-22 19:00:00,18.3,83,0.5,18.4,354,1.9233237241248236,-18.299202874776228
2017-11-22 20:00:00,18.8,77,0.0,21.3,3,-1.1147558679747138,-21.270809090272422
2017-11-22 21:00:00,18.6,75,0.0,19.5,5,-1.699536983579336,-19.42579661278904
2017-11-22 22:00:00,18.4,75,0.0,18.4,2,-0.642150739326014,-18.38879121715136
2017-11-22 23:00:00,18.0,76,0.0,18.0,358,0.6281909406450195,-17.989034886343724
2017-11-23 00:00:00,17.8,77,0.0,17.6,359,0.30716235329619135,-17.59731943475249
2017-11-23 01:00:00,17.6,77,0.0,16.9,360,1.0348265452795135e-15,-16.9
2017-11-23 02:00:00,17.5,77,0.0,16.6,1,-0.2897099468589061,-16.597471739596095
2017-11-23 03:00:00,17.4,77,0.0,17.3,1,-0.3019266313650045,-17.29736512620557
2017-11-23 04:00:00,17.3,77,0.0,17.6,1,-0.30716235329618957,-17.59731943475249
2017-11-23 05:00:00,17.2,76,0.0,16.6,1,-0.2897099468589061,-16.597471739596095
2017-11-23 06:00:00,17.0,75,0.0,17.6,1,-0.30716235329618957,-17.59731943475249
2017-11-23 07:00:00,17.1,75,0.1,16.6,4,-1.1579574641524848,-16.55956323431308
2017-11-23 08:00:00,18.1,72,0.1,16.5,16,-4.5480163709804815,-15.860817982982264
2017-11-23 09:00:00,19.8,69,0.0,14.9,7,-1.815853216736693,-14.7889376594557
2017-11-23 10:00:00,21.8,60,0.0,19.1,3,-0.9996167642402364,-19.07382411381236
2017-11-23 11:00:00,23.0,56,0.0,18.4,4,-1.2835191168919107,-18.355178524780765
2017-11-23 12:00:00,23.6,54,0.0,19.5,358,0.6805401856987711,-19.488121126872368
2017-11-23 13:00:00,23.0,54,0.0,25.2,358,0.8794673169030272,-25.184648840881213
2017-11-23 14:00:00,22.3,55,0.0,24.8,1,-0.43281967964463075,-24.796222839878503
2017-11-23 15:00:00,21.3,57,0.0,22.7,359,0.39616962612633766,-22.69654268005008
2017-11-23 16:00:00,20.1,60,0.0,18.7,358,0.6526205883367702,-18.68860846525709
2017-11-23 17:00:00,18.3,66,0.0,13.3,347,2.991849022773404,-12.959121861643629
2017-11-23 18:00:00,17.1,69,0.0,12.2,346,2.9514471263159456,-11.837607860567156
2017-11-23 19:00:00,16.3,72,0.0,7.9,344,2.1775351109542935,-7.59396739791272
2017-11-23 20:00:00,16.3,73,0.0,8.8,341,2.8649997592229797,-8.320563465273988
2017-11-23 21:00:00,16.3,73,0.0,6.0,343,1.7542302283364206,-5.737828535778212
2017-11-23 22:00:00,16.1,73,0.0,8.9,333,4.040515447681967,-7.929958065276474
2017-11-23 23:00:00,15.9,75,0.0,8.3,355,0.7233926648055626,-8.268415994161488
2017-11-24 00:00:00,15.5,78,0.0,6.9,354,0.7212463965468089,-6.862201078041086
2017-11-24 01:00:00,15.3,79,0.0,8.3,342,2.564841053312064,-7.893769085249775
2017-11-24 02:00:00,15.2,80,0.0,8.4,340,2.872969203935618,-7.893418014601631
2017-11-24 03:00:00,15.2,80,0.0,9.2,349,1.755442757464213,-9.030970087718508
2017-11-24 04:00:00,15.5,79,0.0,8.4,353,1.023702484603239,-8.337387673787106
2017-11-24 05:00:00,15.7,77,0.0,8.3,2,-0.28966582263075635,-8.294943864258496
2017-11-24 06:00:00,15.7,77,0.0,7.9,3,-0.41345405431926,-7.889173324561134
2017-11-24 07:00:00,16.2,76,0.0,9.5,349,1.8126854560771768,-9.325458242752807
2017-11-24 08:00:00,18.3,70,0.0,12.4,343,3.625409138561936,-11.858178973941639
2017-11-24 09:00:00,20.3,64,0.0,10.9,351,1.705135668938517,-10.765802912487002
2017-11-24 10:00:00,21.6,63,0.0,7.2,357,0.3768188849491966,-7.190132650232932
2017-11-24 11:00:00,22.5,61,0.0,5.8,356,0.40458754771592637,-5.78587149150698
2017-11-24 12:00:00,23.2,60,0.0,7.4,346,1.7902220274375409,-7.180188374442374
2017-11-24 13:00:00,23.4,58,0.0,12.4,343,3.625409138561936,-11.858178973941639
2017-11-24 14:00:00,22.9,57,0.0,13.8,351,2.158795617555187,-13.630099100212902
2017-11-24 15:00:00,22.3,58,0.0,13.7,355,1.1940336756429164,-13.647867363856914
2017-11-24 16:00:00,20.8,62,0.0,12.9,347,2.9018686010358574,-12.569373835729534
2017-11-24 17:00:00,19.5,64,0.0,12.8,338,4.794964395723674,-11.86795333845488
2017-11-24 18:00:00,19.1,64,0.0,9.9,341,3.223124729125852,-9.360633898433235
2017-11-24 19:00:00,18.8,66,0.0,8.7,343,2.5436338310878095,-8.319851376878407
2017-11-24 20:00:00,19.3,62,0.0,10.5,322,6.464445490919412,-8.274112912870581
2017-11-24 21:00:00,18.9,64,0.0,9.4,328,4.981241083792126,-7.9716521038704045
2017-11-24 22:00:00,18.8,65,0.0,7.3,327,3.9758649556096977,-6.122295146001595
2017-11-24 23:00:00,18.4,67,0.0,6.9,309,5.3623071340531,-4.342310698243878
2017-11-25 00:00:00,17.5,76,0.0,2.5,262,2.475670171853926,0.3479327524001636
2017-11-25 01:00:00,17.9,71,0.0,2.5,225,1.7677669529663689,1.7677669529663687
2017-11-25 02:00:00,17.9,71,0.0,2.9,300,2.511473670974872,-1.4499999999999997
2017-11-25 03:00:00,17.3,74,0.0,5.5,293,5.062776693988422,-2.149021206691006
2017-11-25 04:00:00,16.2,79,0.0,7.9,317,5.387787044493738,-5.777694242791447
2017-11-25 05:00:00,16.1,80,0.0,5.6,27,-2.5423467985414625,-4.989636535454859
2017-11-25 06:00:00,16.8,78,0.0,6.1,50,-4.6728711030257655,-3.921004419087889
2017-11-25 07:00:00,17.7,78,0.0,5.8,30,-2.9000000000000026,-5.022947341949743
2017-11-25 08:00:00,19.5,70,0.0,4.2,59,-3.600102662948872,-2.1631599146222276
2017-11-25 09:00:00,21.3,67,0.0,7.6,341,2.474317973874391,-7.185941174554807
2017-11-25 10:00:00,22.6,62,0.0,12.3,339,4.407925779407195,-11.483039245915583
2017-11-25 11:00:00,23.7,59,0.0,10.5,6,-1.0975488643103604,-10.442479901366871
2017-11-25 12:00:00,24.9,56,0.0,7.0,12,-1.4553818357243185,-6.847033205136639
2017-11-25 13:00:00,25.1,58,0.0,10.0,345,2.5881904510252074,-9.659258262890683
2017-11-25 14:00:00,24.7,61,0.0,11.2,356,0.7812725059342026,-11.17271736291003
2017-11-25 15:00:00,24.5,62,0.0,11.2,360,6.858022075225178e-16,-11.2
2017-11-25 16:00:00,22.9,70,0.0,14.7,343,4.2978640594242306,-14.05767991265662
2017-11-25 17:00:00,21.0,78,0.0,13.3,347,2.991849022773404,-12.959121861643629
2017-11-25 18:00:00,19.9,82,0.0,10.7,348,2.224655091750026,-10.46617932785172
2017-11-25 19:00:00,19.3,83,0.0,9.7,2,-0.33852511801425733,-9.694091022085228
2017-11-25 20:00:00,18.5,93,0.0,12.6,360,7.715274834628325e-16,-12.6
2017-11-25 21:00:00,18.5,92,0.0,10.2,18,-3.1519733426244647,-9.700776466210565
2017-11-25 22:00:00,18.2,94,0.0,8.0,355,0.6972459419812651,-7.969557584733964
2017-11-25 23:00:00,18.1,95,0.0,8.0,350,1.3891854213354433,-7.878462024097664
2017-11-26 00:00:00,18.2,93,0.0,8.5,348,1.7672493719509554,-8.314254606237347
2017-11-26 01:00:00,18.4,92,0.0,7.3,9,-1.1419715947936866,-7.210124886344505
2017-11-26 02:00:00,18.4,92,0.0,6.8,18,-2.1013155617496433,-6.467184310807044
2017-11-26 03:00:00,18.4,92,0.0,6.8,360,4.1637991171010006e-16,-6.8
2017-11-26 04:00:00,18.6,93,0.8,10.9,6,-1.1393602496174215,-10.840288659514181
2017-11-26 05:00:00,18.7,95,0.3,7.9,16,-2.1775351109542913,-7.593967397912721
2017-11-26 06:00:00,19.1,93,0.0,9.4,23,-3.672872607799174,-8.652745622452938
2017-11-26 07:00:00,19.6,91,0.0,9.4,18,-2.904759747124507,-8.939931253174443
2017-11-26 08:00:00,21.4,84,0.0,12.4,26,-5.435802220184564,-11.14504617410967
2017-11-26 09:00:00,22.4,79,0.0,9.5,25,-4.014873486536642,-8.609923976848176
2017-11-26 10:00:00,23.1,78,0.0,12.3,353,1.4989929238833142,-12.208317665188261
2017-11-26 11:00:00,23.6,77,0.0,16.9,359,0.29494566879009276,-16.89742604814301
2017-11-26 12:00:00,24.8,72,0.0,18.0,2,-0.6281909406450137,-17.989034886343724
2017-11-26 13:00:00,25.8,67,0.0,18.4,360,1.1266750552155648e-15,-18.4
2017-11-26 14:00:00,25.3,68,0.0,19.1,358,0.6665803870177707,-19.08836479606473
2017-11-26 15:00:00,24.6,69,0.0,18.4,2,-0.642150739326014,-18.38879121715136
2017-11-26 16:00:00,23.7,70,0.0,16.7,6,-1.7456253365698111,-16.608515652650166
2017-11-26 17:00:00,21.9,77,0.0,14.8,354,1.5470212563612713,-14.718924051450445
2017-11-26 18:00:00,20.4,82,0.0,15.7,349,2.995701227411755,-15.411546780128324
2017-11-26 19:00:00,19.9,83,0.0,14.4,357,0.7536377698983932,-14.380265300465863
2017-11-26 20:00:00,20.0,84,0.0,13.1,344,3.610849361202689,-12.592528216791978
2017-11-26 21:00:00,19.7,85,0.0,13.5,351,2.1118652780431173,-13.33379259803436
2017-11-26 22:00:00,19.4,85,0.0,12.3,353,1.4989929238833142,-12.208317665188261
2017-11-26 23:00:00,19.0,87,0.0,11.6,334,5.085105302753298,-10.426010937070338
2017-11-27 00:00:00,19.0,87,0.1,7.9,357,0.41345405431925736,-7.889173324561134
2017-11-27 01:00:00,18.8,88,0.2,8.0,355,0.6972459419812651,-7.969557584733964
2017-11-27 02:00:00,18.5,90,0.2,7.3,349,1.3929056662487778,-7.165878439167947
2017-11-27 03:00:00,18.1,92,0.2,4.7,351,0.7352419856890854,-4.6421352007971475
2017-11-27 04:00:00,18.0,94,0.1,5.2,344,1.4333142502483958,-4.998560818879258
2017-11-27 05:00:00,17.7,95,0.1,8.8,351,1.3766232923540322,-8.691657397237213
2017-11-27 06:00:00,17.5,95,1.7000000000000002,9.7,360,5.939536975864663e-16,-9.7
2017-11-27 07:00:00,18.0,94,0.1,7.6,8,-1.0577155672965002,-7.526037322435934
2017-11-27 08:00:00,19.6,87,0.2,5.5,337,2.1490212066910055,-5.062776693988422
2017-11-27 09:00:00,22.1,77,0.0,4.0,333,1.8159619989581872,-3.564026096753471
2017-11-27 10:00:00,24.2,66,0.0,4.1,315,2.899137802864845,-2.8991378028648445
2017-11-27 11:00:00,25.7,62,0.0,4.1,308,3.2308440897875594,-2.524212048835199
2017-11-27 12:00:00,26.9,60,0.0,1.8,323,1.0832670416736871,-1.437543918085127
2017-11-27 13:00:00,27.6,59,0.0,2.3,252,2.1874299874788528,0.710739087062379
2017-11-27 14:00:00,27.4,61,0.1,2.8,320,1.7998053071223101,-2.1449244407331385
2017-11-27 15:00:00,27.2,63,0.0,4.2,329,2.1631599146222276,-3.600102662948872
2017-11-27 16:00:00,26.3,67,0.0,6.7,324,3.93816119035957,-5.420413862312148
2017-11-27 17:00:00,24.2,76,0.0,8.9,317,6.069785404556237,-6.509047944410617
2017-11-27 18:00:00,22.6,81,0.0,9.5,323,5.717242719944459,-7.587037345449282
2017-11-27 19:00:00,21.6,86,0.0,4.1,322,2.524212048835199,-3.23084408978756
2017-11-27 20:00:00,21.3,88,0.0,4.0,270,4.0,0.0
2017-11-27 21:00:00,21.4,88,0.0,2.9,210,1.4500000000000002,2.5114736709748717
2017-11-27 22:00:00,20.8,91,0.0,4.2,200,1.436484601967809,3.9467090073008153
2017-11-27 23:00:00,20.5,93,0.0,5.5,191,1.049449474570997,5.3989495089621515
2017-11-28 00:00:00,20.9,91,0.0,5.2,168,-1.0811407922523486,5.08636752381579
2017-11-28 01:00:00,20.9,91,0.0,5.3,152,-2.4881992827652217,4.679622242152313
2017-11-28 02:00:00,20.8,92,0.0,6.3,156,-2.5624408513775414,5.755336383148386
2017-11-28 03:00:00,21.2,89,0.0,5.8,176,-0.4045875477159269,5.78587149150698
2017-11-28 04:00:00,20.5,93,0.0,6.3,167,-1.4171916423663498,6.1385314081469815
2017-11-28 05:00:00,20.7,92,0.0,5.6,153,-2.542346798541461,4.98963653545486
2017-11-28 06:00:00,20.4,93,0.0,6.0,155,-2.535709570444196,5.4378467222199
2017-11-28 07:00:00,22.0,87,0.0,2.4,153,-1.089577199374912,2.138415658052083
2017-11-28 08:00:00,24.1,79,0.0,1.4,180,8.572527594031472e-17,1.4
2017-11-28 09:00:00,25.7,74,0.0,2.9,210,1.4500000000000002,2.5114736709748717
2017-11-28 10:00:00,27.2,68,0.0,3.5,246,3.197409101749103,1.4235782507653008
2017-11-28 11:00:00,28.6,62,0.0,3.7,281,3.632020578756357,-0.7059932828932158
2017-11-28 12:00:00,29.3,60,0.0,6.6,311,4.981083229470295,-4.329989591337347
2017-11-28 13:00:00,29.4,61,0.0,6.8,335,2.873804179836756,-6.162892951849219
2017-11-28 14:00:00,29.4,60,0.0,9.1,353,1.1090110249868421,-9.032169979936029
2017-11-28 15:00:00,28.8,62,0.0,10.6,350,1.8406706832694624,-10.438962181929405
2017-11-28 16:00:00,27.7,67,0.0,11.4,342,3.522793735874401,-10.84204428576475
2017-11-28 17:00:00,25.7,76,0.0,9.3,332,4.366085533908786,-8.21141261358802
2017-11-28 18:00:00,24.0,82,0.0,7.8,347,1.7546182238821464,-7.6000865053248345
2017-11-28 19:00:00,23.1,86,0.0,5.9,349,1.125773072721615,-5.791600382341218
2017-11-28 20:00:00,21.9,93,0.0,4.7,328,2.490620541896063,-3.9858260519352022
2017-11-28 21:00:00,21.8,93,0.0,4.7,279,4.6421352007971475,-0.7352419856890852
2017-11-28 22:00:00,20.8,99,0.0,4.3,270,4.3,0.0
2017-11-28 23:00:00,20.9,100,0.0,1.1,198,0.3399186938124422,1.0461621679246689
2017-11-29 00:00:00,21.0,99,0.0,3.3,139,-2.1649947956686737,2.490541614735148
2017-11-29 01:00:00,21.1,98,0.0,4.3,175,-0.3747696938149304,4.283637201794505
2017-11-29 02:00:00,21.1,98,0.0,5.4,200,1.8469087739586119,5.074340152243905
2017-11-29 03:00:00,21.1,99,0.0,6.0,197,1.7542302283364206,5.737828535778212
2017-11-29 04:00:00,21.0,99,0.0,6.0,197,1.7542302283364206,5.737828535778212
2017-11-29 05:00:00,21.0,99,0.0,5.2,205,2.197614961051637,4.7128004925905795
2017-11-29 06:00:00,21.0,99,0.0,4.6,198,1.4214781741247582,4.3748599749577055
2017-11-29 07:00:00,21.0,99,0.0,5.4,188,0.7515347451843536,5.34744757120448
2017-11-29 08:00:00,21.9,92,0.0,9.4,198,2.904759747124506,8.939931253174443
2017-11-29 09:00:00,23.8,83,0.0,11.8,203,4.61062731617343,10.861957270738797
2017-11-29 10:00:00,26.0,74,0.0,10.8,210,5.400000000000001,9.353074360871938
2017-11-29 11:00:00,28.0,66,0.0,9.2,222,6.156001578501495,6.836932394392027
2017-11-29 12:00:00,29.2,61,0.0,7.4,219,4.656970893768798,5.750880114781585
2017-11-29 13:00:00,29.6,59,0.0,6.4,218,3.9402334420842133,5.043268823083022
2017-11-29 14:00:00,29.5,58,0.0,6.8,245,6.162892951849219,2.873804179836756
2017-11-29 15:00:00,28.6,63,0.0,9.0,275,8.96575228282571,-0.7844016847289235
2017-11-29 16:00:00,26.8,71,0.0,8.9,302,7.547628055792192,-4.716281451675524
2017-11-29 17:00:00,24.4,83,0.0,8.4,329,4.326319829244455,-7.200205325897744
2017-11-29 18:00:00,22.9,90,0.0,7.7,349,1.4692292643993958,-7.558529312547013
2017-11-29 19:00:00,22.2,93,0.0,8.9,346,2.1531048708370424,-8.635631963856369
2017-11-29 20:00:00,22.0,93,0.0,10.7,348,2.224655091750026,-10.46617932785172
2017-11-29 21:00:00,22.0,93,0.0,10.9,351,1.705135668938517,-10.765802912487002
2017-11-29 22:00:00,22.3,90,0.0,9.4,353,1.1455718280083864,-9.329933825428427
2017-11-29 23:00:00,22.3,89,0.0,12.0,353,1.4624321208617699,-11.910553819695863
2017-11-30 00:00:00,21.8,91,0.0,11.6,355,1.0110066158728344,-11.555858497864248
2017-11-30 01:00:00,21.5,93,0.0,11.5,2,-0.40134421207875876,-11.492994510719601
2017-11-30 02:00:00,21.5,93,0.0,12.2,358,0.42577385977051313,-12.192568089632967
2017-11-30 03:00:00,21.4,92,0.0,12.3,357,0.6437322617882109,-12.283143277481258
2017-11-30 04:00:00,21.3,92,0.0,13.7,358,0.4781231048242648,-13.691654330161612
2017-11-30 05:00:00,21.3,91,0.0,14.1,4,-0.9835662797921707,-14.06565310866352
2017-11-30 06:00:00,21.1,91,0.0,13.3,2,-0.4641633061432601,-13.291897999353974
2017-11-30 07:00:00,21.4,88,0.0,13.4,6,-1.400681407786555,-13.326593397934865
2017-11-30 08:00:00,22.5,84,0.0,8.0,342,2.4721359549995796,-7.608452130361228
2017-11-30 09:00:00,24.4,76,0.0,2.8,320,1.7998053071223101,-2.1449244407331385
2017-11-30 10:00:00,26.5,67,0.0,2.7,247,2.485363104321589,1.0549740469210394
2017-11-30 11:00:00,28.1,58,0.0,2.5,270,2.5,0.0
2017-11-30 12:00:00,28.6,58,0.0,1.8,307,1.437543918085127,-1.083267041673687
2017-11-30 13:00:00,29.1,56,0.0,2.3,309,1.7874357113510329,-1.4474368994146258
2017-11-30 14:00:00,29.1,56,0.0,9.1,326,5.088655421583796,-7.5442419102508795
2017-11-30 15:00:00,26.8,64,0.0,20.0,346,4.838437911993354,-19.40591452551993
2017-11-30 16:00:00,24.1,72,0.0,22.5,354,2.3518904235222027,-22.37674264578615
2017-11-30 17:00:00,22.1,76,0.0,18.8,357,0.9839159773673466,-18.77423525338599
2017-11-30 18:00:00,20.9,79,0.0,15.5,1,-0.2705122997778942,-15.497639274924065
2017-11-30 19:00:00,20.2,81,0.0,15.2,355,1.3247672897644036,-15.142159410994532
2017-11-30 20:00:00,20.3,81,0.0,12.4,350,2.1532374030699373,-12.21161613735138
2017-11-30 21:00:00,20.1,81,0.0,12.8,344,3.5281581544575893,-12.304149708010483
2017-11-30 22:00:00,19.9,81,0.0,13.1,352,1.8231676225768576,-12.972511700514572
2017-11-30 23:00:00,19.7,82,0.0,12.6,3,-0.6594330486610982,-12.58273213790763
2017-12-01 00:00:00,19.3,82,0.0,13.7,355,1.1940336756429164,-13.647867363856914
2017-12-01 01:00:00,19.0,82,0.0,14.4,359,0.2513146526968838,-14.397806810252035
2017-12-01 02:00:00,18.8,81,0.0,14.8,356,1.0323958114130536,-14.763947943845398
2017-12-01 03:00:00,18.7,81,0.0,15.5,357,0.8112073217656315,-15.478757788695894
2017-12-01 04:00:00,18.6,80,0.0,15.5,3,-0.8112073217656367,-15.478757788695894
2017-12-01 05:00:00,18.7,79,0.0,15.5,357,0.8112073217656315,-15.478757788695894
2017-12-01 06:00:00,18.7,78,0.0,16.9,358,0.5898014942722682,-16.889704976622717
2017-12-01 07:00:00,19.0,76,0.0,16.6,2,-0.5793316452615127,-16.58988772851699
2017-12-01 08:00:00,19.9,73,0.0,12.3,355,1.0720156357961952,-12.253194786528471
2017-12-01 09:00:00,21.8,67,0.0,10.7,348,2.224655091750026,-10.46617932785172
2017-12-01 10:00:00,23.8,61,0.0,13.8,354,1.4424927930936178,-13.724402156082173
2017-12-01 11:00:00,25.1,58,0.0,16.9,358,0.5898014942722682,-16.889704976622717
2017-12-01 12:00:00,25.8,56,0.0,19.1,356,1.332348648512792,-19.053473359962645
2017-12-01 13:00:00,25.5,56,0.0,22.1,353,2.69331248925376,-21.935269951273217
2017-12-01 14:00:00,24.5,59,0.0,23.6,352,3.284485182657545,-23.370326422301062
2017-12-01 15:00:00,23.5,61,0.0,22.8,354,2.383248962502499,-22.67509921439663
2017-12-01 16:00:00,22.4,65,0.0,20.3,354,2.121927804333365,-20.18879447597595
2017-12-01 17:00:00,20.8,70,0.0,17.1,345,4.425805671253105,-16.51733162954307
2017-12-01 18:00:00,19.9,73,0.0,15.0,350,2.604722665003956,-14.772116295183121
2017-12-01 19:00:00,19.4,74,0.0,14.2,344,3.914050452601388,-13.649916082324127
2017-12-01 20:00:00,19.5,77,0.0,13.4,333,6.0834726965099275,-11.93948742412413
2017-12-01 21:00:00,19.0,80,0.0,12.6,340,4.309453805903427,-11.840127021902445
2017-12-01 22:00:00,18.7,82,0.0,7.6,3,-0.39775326744637673,-7.589584464134761
2017-12-01 23:00:00,18.6,84,0.0,5.8,330,2.9000000000000004,-5.0229473419497435
2017-12-02 00:00:00,18.1,87,0.0,10.9,333,4.948496447161061,-9.71197111365321
2017-12-02 01:00:00,17.9,89,0.0,9.7,333,4.403707847473604,-8.642763284627167
2017-12-02 02:00:00,17.7,90,0.0,9.3,344,2.5634274090980926,-8.939733772226367
2017-12-02 03:00:00,17.6,90,0.0,8.8,348,1.8296228791962834,-8.60769888645749
2017-12-02 04:00:00,17.7,88,0.0,9.0,358,0.31409547032250973,-8.994517443171862
2017-12-02 05:00:00,17.7,88,0.0,10.5,352,1.4613175600806874,-10.397814721786489
2017-12-02 06:00:00,17.6,87,0.0,10.2,337,3.985457510590592,-9.389149505214892
2017-12-02 07:00:00,17.7,85,0.0,11.2,327,6.099957192168303,-9.393110360988748
2017-12-02 08:00:00,19.4,81,0.6,9.7,338,3.633683956134346,-8.993683389297837
2017-12-02 09:00:00,21.1,74,0.0,11.7,349,2.2324652459055754,-11.485038046337667
2017-12-02 10:00:00,22.9,68,0.0,11.2,339,4.013721034907364,-10.45610077676866
2017-12-02 11:00:00,24.3,64,0.0,10.8,330,5.400000000000001,-9.353074360871938
2017-12-02 12:00:00,25.3,61,0.0,10.5,338,3.9333692308670756,-9.735430472951268
2017-12-02 13:00:00,25.9,60,0.0,9.4,342,2.904759747124506,-8.939931253174443
2017-12-02 14:00:00,25.9,59,0.0,13.2,331,6.39948698725165,-11.544980134240022
2017-12-02 15:00:00,25.2,60,0.0,16.7,346,4.04009565651445,-16.20393862880914
2017-12-02 16:00:00,23.8,63,0.0,17.3,358,0.6037612929532687,-17.289461307430358
2017-12-02 17:00:00,22.1,69,0.0,13.7,360,8.388830574159369e-16,-13.7
2017-12-02 18:00:00,21.2,73,0.0,11.0,349,2.098898949141994,-10.797899017924303
2017-12-02 19:00:00,20.5,76,0.0,11.7,342,3.615498834186885,-11.127361240653295
2017-12-02 20:00:00,20.2,80,0.0,8.9,346,2.1531048708370424,-8.635631963856369
2017-12-02 21:00:00,19.6,82,0.0,12.0,353,1.4624321208617699,-11.910553819695863
2017-12-02 22:00:00,19.2,84,0.0,6.2,7,-0.7555899291119125,-6.153786140176197
2017-12-02 23:00:00,18.5,88,0.0,4.6,342,1.4214781741247582,-4.3748599749577055
2017-12-03 00:00:00,18.2,89,0.0,7.3,327,3.9758649556096977,-6.122295146001595
2017-12-03 01:00:00,17.9,91,0.0,7.7,323,4.633975678270772,-6.149493427364155
2017-12-03 02:00:00,17.7,94,0.0,7.4,321,4.656970893768798,-5.750880114781585
2017-12-03 03:00:00,17.3,96,0.0,3.9,338,1.4609657143220567,-3.616017032810471
2017-12-03 04:00:00,17.6,95,0.0,5.4,356,0.3766849582182763,-5.386845871403051
2017-12-03 05:00:00,17.8,94,0.0,6.5,3,-0.340183715579138,-6.49109197590473
2017-12-03 06:00:00,17.5,97,0.0,6.5,360,3.9801020972288977e-16,-6.5
2017-12-03 07:00:00,18.0,94,0.0,8.5,348,1.7672493719509554,-8.314254606237347
2017-12-03 08:00:00,20.0,84,0.0,9.9,341,3.223124729125852,-9.360633898433235
2017-12-03 09:00:00,21.8,76,0.0,10.4,358,0.36295476570601126,-10.393664600998596
2017-12-03 10:00:00,23.6,69,0.0,9.0,5,-0.7844016847289242,-8.96575228282571
2017-12-03 11:00:00,25.3,63,0.0,9.4,358,0.3280552690035102,-9.394273773979501
2017-12-03 12:00:00,26.9,58,0.0,9.0,5,-0.7844016847289242,-8.96575228282571
2017-12-03 13:00:00,27.7,56,0.0,10.8,360,6.613092715395707e-16,-10.8
2017-12-03 14:00:00,27.7,56,0.0,13.0,354,1.358870022479495,-12.928784639787553
2017-12-03 15:00:00,27.4,55,0.0,15.1,348,3.1394665313481678,-14.770028771080463
2017-12-03 16:00:00,25.4,62,0.0,17.3,339,6.199765527133697,-16.15094137840159
2017-12-03 17:00:00,22.7,70,0.0,18.3,344,5.044163611451085,-17.591089035671235
2017-12-03 18:00:00,21.1,74,0.0,16.6,356,1.157957464152479,-16.55956323431308
2017-12-03 19:00:00,19.9,78,0.0,15.1,359,0.26353133720298233,-15.097700196861508
2017-12-03 20:00:00,19.7,82,0.0,13.0,354,1.358870022479495,-12.928784639787553
2017-12-03 21:00:00,19.5,83,0.0,9.7,358,0.33852511801426044,-9.694091022085228
2017-12-03 22:00:00,19.3,84,0.0,12.3,353,1.4989929238833142,-12.208317665188261
2017-12-03 23:00:00,19.3,83,0.0,16.6,1,-0.2897099468589061,-16.597471739596095
2017-12-04 00:00:00,19.2,81,0.0,16.3,6,-1.70381395126275,-16.210706894502856
2017-12-04 01:00:00,18.9,81,0.0,14.9,7,-1.815853216736693,-14.7889376594557
2017-12-04 02:00:00,18.3,82,0.0,14.9,7,-1.815853216736693,-14.7889376594557
2017-12-04 03:00:00,18.0,83,0.0,12.8,10,-2.2226966741367082,-12.605539238556263
2017-12-04 04:00:00,17.5,87,0.0,11.3,9,-1.7677094549546108,-11.160878248725057
2017-12-04 05:00:00,17.0,90,0.0,9.8,8,-1.363896389408645,-9.704627073667389
2017-12-04 06:00:00,16.4,93,0.0,9.4,353,1.1455718280083864,-9.329933825428427
2017-12-04 07:00:00,17.1,83,0.0,17.1,352,2.3798600264171195,-16.933583975480854
2017-12-04 08:00:00,19.4,74,0.0,18.4,2,-0.642150739326014,-18.38879121715136
2017-12-04 09:00:00,21.6,67,0.0,15.9,4,-1.1091279325315968,-15.861268399131205
2017-12-04 10:00:00,23.9,58,0.0,16.9,1,-0.2949456687900911,-16.89742604814301
2017-12-04 11:00:00,25.4,51,0.0,21.6,359,0.37697197904532576,-21.596710215378053
2017-12-04 12:00:00,25.6,52,0.0,23.6,352,3.284485182657545,-23.370326422301062
2017-12-04 13:00:00,24.6,55,0.0,26.1,354,2.7281928912857554,-25.957021469111933
2017-12-04 14:00:00,23.5,57,0.0,27.4,355,2.388067351285833,-27.29573472771383
2017-12-04 15:00:00,22.3,59,0.0,26.0,357,1.3607348623165432,-25.96436790361892
2017-12-04 16:00:00,20.7,63,0.0,22.7,356,1.5834719539916426,-22.644703940898008
2017-12-04 17:00:00,19.0,67,0.0,20.5,359,0.35777433196431374,-20.49687775070602
2017-12-04 18:00:00,18.0,70,0.0,19.1,1,-0.33334096295211485,-19.097090977487074
2017-12-04 19:00:00,17.3,73,0.0,18.0,2,-0.6281909406450137,-17.989034886343724
2017-12-04 20:00:00,17.0,77,0.0,11.5,356,0.8021994480574401,-11.471986577987979
2017-12-04 21:00:00,16.9,76,0.0,8.7,353,1.060263287624783,-8.6351515192795
2017-12-04 22:00:00,16.2,79,0.0,5.9,349,1.125773072721615,-5.791600382341218
2017-12-04 23:00:00,15.9,81,0.0,7.1,345,1.8376152202278973,-6.858073366652385
2017-12-05 00:00:00,15.8,80,0.0,8.4,350,1.4586446924022156,-8.272385125302547
2017-12-05 01:00:00,16.1,79,0.0,9.8,352,1.3638963894086416,-9.70462707366739
2017-12-05 02:00:00,16.3,76,0.0,10.0,345,2.5881904510252074,-9.659258262890683
2017-12-05 03:00:00,16.4,73,0.1,10.5,344,2.8941922360784913,-10.093247807352348
2017-12-05 04:00:00,16.4,69,0.1,12.6,340,4.309453805903427,-11.840127021902445
2017-12-05 05:00:00,16.5,69,0.0,13.2,349,2.518678738970393,-12.957478821509163
2017-12-05 06:00:00,16.6,70,0.0,13.7,346,3.314329969715447,-13.293051449981151
2017-12-05 07:00:00,16.4,71,0.0,17.7,343,5.17497917359244,-16.926594180545727
2017-12-05 08:00:00,17.0,72,0.3,17.6,360,1.077689183249671e-15,-17.6
2017-12-05 09:00:00,17.8,69,0.0,14.4,1,-0.25131465269688236,-14.397806810252035
2017-12-05 10:00:00,19.5,63,0.0,15.8,360,9.67470971326409e-16,-15.8
2017-12-05 11:00:00,20.6,56,0.0,16.6,1,-0.2897099468589061,-16.597471739596095
2017-12-05 12:00:00,21.4,52,0.0,17.7,358,0.6177210916342691,-17.689217638237995
2017-12-05 13:00:00,21.9,51,0.0,19.1,360,1.1695376931857224e-15,-19.1
2017-12-05 14:00:00,21.9,48,0.0,20.5,360,1.255262969126037e-15,-20.5
2017-12-05 15:00:00,21.3,49,0.0,18.0,2,-0.6281909406450137,-17.989034886343724
2017-12-05 16:00:00,20.0,53,0.0,18.5,352,2.574702367761211,-18.319959271719053
2017-12-05 17:00:00,17.8,58,0.0,17.5,351,2.737603138204041,-17.28454596041491
2017-12-05 18:00:00,16.1,62,0.0,14.8,356,1.0323958114130536,-14.763947943845398
2017-12-05 19:00:00,15.1,66,0.0,11.9,360,7.286648454926752e-16,-11.9
2017-12-05 20:00:00,14.9,69,0.0,10.7,348,2.224655091750026,-10.46617932785172
2017-12-05 21:00:00,14.8,70,0.0,8.0,350,1.3891854213354433,-7.878462024097664
2017-12-05 22:00:00,14.6,71,0.0,8.0,355,0.6972459419812651,-7.969557584733964
2017-12-05 23:00:00,14.4,73,0.0,6.6,347,1.4846769586695083,-6.430842427582553
2017-12-06 00:00:00,13.9,76,0.0,8.0,333,3.6319239979163744,-7.128052193506942
2017-12-06 01:00:00,13.8,77,0.0,6.9,351,1.0793978087775935,-6.815049550106451
2017-12-06 02:00:00,13.5,78,0.0,9.1,351,1.4235536318661013,-8.987963899415753
2017-12-06 03:00:00,13.7,77,0.0,7.9,357,0.41345405431925736,-7.889173324561134
2017-12-06 04:00:00,14.6,74,0.0,5.6,345,1.4493866525741161,-5.4091846272187825
2017-12-06 05:00:00,14.4,75,0.1,6.8,335,2.873804179836756,-6.162892951849219
2017-12-06 06:00:00,14.9,73,0.0,5.4,340,1.8469087739586119,-5.074340152243905
2017-12-06 07:00:00,15.1,72,0.0,6.9,332,3.239353783222647,-6.092338390726596
2017-12-06 08:00:00,16.9,69,0.0,5.7,305,4.669166652447253,-3.2693856872009626
2017-12-06 09:00:00,18.9,65,0.0,6.4,313,4.6806636903626915,-4.36478950439999
2017-12-06 10:00:00,20.9,59,0.0,5.4,312,4.012982057577929,-3.6133052743378347
2017-12-06 11:00:00,22.1,56,0.0,5.3,332,2.4881992827652213,-4.679622242152313
2017-12-06 12:00:00,23.0,54,0.0,5.0,360,3.061616997868383e-16,-5.0
2017-12-06 13:00:00,23.5,53,0.0,8.0,342,2.4721359549995796,-7.608452130361228
2017-12-06 14:00:00,22.5,53,0.0,14.1,354,1.4738513320739137,-14.022758724692652
2017-12-06 15:00:00,21.5,54,0.0,17.5,352,2.4355292668011455,-17.329691202977482
2017-12-06 16:00:00,20.6,58,0.0,14.1,357,0.7379369830255099,-14.080676440039491
2017-12-06 17:00:00,19.1,65,0.2,13.3,347,2.991849022773404,-12.959121861643629
2017-12-06 18:00:00,18.8,67,0.0,8.0,18,-2.4721359549995805,-7.608452130361228
2017-12-06 19:00:00,18.6,68,0.0,7.6,355,0.6623836448822018,-7.571079705497266
2017-12-06 20:00:00,17.4,73,0.0,12.4,352,1.7257464519048118,-12.279324052395474
2017-12-06 21:00:00,17.1,74,0.0,12.2,2,-0.42577385977050924,-12.192568089632967
2017-12-06 22:00:00,17.2,74,0.0,10.5,4,-0.7324429743133186,-10.474422527728153
2017-12-06 23:00:00,17.0,75,0.0,11.2,2,-0.3908743630680085,-11.193177262613872
2017-12-07 00:00:00,16.9,75,0.0,9.3,347,2.092044805397944,-9.06164160250269
2017-12-07 01:00:00,16.7,77,0.0,9.7,329,4.995869326627525,-8.31452281681049
2017-12-07 02:00:00,16.2,80,0.1,8.2,337,3.203995253612044,-7.54813979831001
2017-12-07 03:00:00,16.0,82,0.2,8.4,31,-4.326319829244458,-7.200205325897742
2017-12-07 04:00:00,16.1,84,0.0,7.4,321,4.656970893768798,-5.750880114781585
2017-12-07 05:00:00,15.9,87,0.0,7.1,336,2.8878301658381815,-6.486172749262466
2017-12-07 06:00:00,16.1,87,0.1,8.7,353,1.060263287624783,-8.6351515192795
2017-12-07 07:00:00,16.3,88,0.0,11.3,17,-3.3038002633669294,-10.8062437423823
2017-12-07 08:00:00,17.1,86,0.0,9.0,355,0.7844016847289232,-8.96575228282571
2017-12-07 09:00:00,19.5,75,0.0,6.5,357,0.3401837155791358,-6.49109197590473
2017-12-07 10:00:00,21.1,68,0.0,9.0,344,2.4807362023529924,-8.65135526344487
2017-12-07 11:00:00,21.3,66,0.0,17.1,345,4.425805671253105,-16.51733162954307
2017-12-07 12:00:00,21.6,65,0.0,16.6,5,-1.446785329611127,-16.536831988322977
2017-12-07 13:00:00,22.6,61,0.0,13.7,5,-1.194033675642918,-13.647867363856914
2017-12-07 14:00:00,22.4,61,0.0,14.0,1,-0.24433369012196898,-13.997867732189478
2017-12-07 15:00:00,22.1,61,0.0,17.1,7,-2.0839657722280167,-16.97253919306661
2017-12-07 16:00:00,21.0,67,0.0,17.1,7,-2.0839657722280167,-16.97253919306661
2017-12-07 17:00:00,19.0,78,0.0,14.9,353,1.8158532167366976,-14.788937659455698
2017-12-07 18:00:00,17.6,83,0.0,13.0,332,6.103130316216581,-11.47831870716605
2017-12-07 19:00:00,17.3,81,0.0,11.5,328,6.094071538681856,-9.7525531057989
2017-12-07 20:00:00,17.6,79,0.0,13.7,355,1.1940336756429164,-13.647867363856914
2017-12-07 21:00:00,17.3,80,0.0,14.6,10,-2.535263393937183,-14.378193193978237
2017-12-07 22:00:00,17.0,82,0.0,13.8,340,4.71987797789423,-12.967758166845535
2017-12-07 23:00:00,16.8,84,0.6,18.7,349,3.5681282135413896,-18.356428330471317
2017-12-08 00:00:00,16.3,91,1.4,16.9,1,-0.2949456687900911,-16.89742604814301
2017-12-08 01:00:00,16.0,91,1.5,19.8,3,-1.0362519336102973,-19.772864788140563
2017-12-08 02:00:00,15.7,91,0.8,22.5,6,-2.3518904235222005,-22.376742645786152
2017-12-08 03:00:00,15.6,90,0.6,21.2,1,-0.36999101647041016,-21.196771137315494
2017-12-08 04:00:00,15.3,90,0.5,22.7,359,0.39616962612633766,-22.69654268005008
2017-12-08 05:00:00,14.9,89,0.4,25.2,2,-0.8794673169030192,-25.184648840881213
2017-12-08 06:00:00,14.2,79,0.1,26.0,6,-2.7177400449589872,-25.85756927957511
2017-12-08 07:00:00,14.2,75,0.1,25.8,8,-3.5906660047696985,-25.548916173532515
2017-12-08 08:00:00,15.4,66,0.3,19.6,7,-2.3886391307408847,-19.453904572169915
2017-12-08 09:00:00,16.1,64,0.0,24.3,7,-2.9614250447450763,-24.118871484884128
2017-12-08 10:00:00,16.7,61,0.0,22.8,5,-1.987150934646608,-22.7132391164918
2017-12-08 11:00:00,17.4,56,0.0,22.8,5,-1.987150934646608,-22.7132391164918
2017-12-08 12:00:00,18.0,54,0.0,21.2,360,1.2981256070961944e-15,-21.2
2017-12-08 13:00:00,17.4,53,0.0,25.9,1,-0.45201732672564254,-25.896055304550533
2017-12-08 14:00:00,17.3,51,0.0,24.5,1,-0.4275839577134457,-24.496268531331587
2017-12-08 15:00:00,16.4,52,0.0,24.5,359,0.42758395771344815,-24.496268531331587
2017-12-08 16:00:00,16.1,52,0.0,22.3,359,0.38918866355142423,-22.296603601987528
2017-12-08 17:00:00,14.8,56,0.0,21.7,355,1.8912796176241815,-21.617424948590877
2017-12-08 18:00:00,14.3,56,0.0,21.2,1,-0.36999101647041016,-21.196771137315494
2017-12-08 19:00:00,14.0,57,0.0,18.7,1,-0.3263600003772014,-18.697151899424515
2017-12-08 20:00:00,14.6,57,0.0,13.4,352,1.8649195528648772,-13.269592121137043
2017-12-08 21:00:00,14.7,59,0.0,9.0,360,5.51091059616309e-16,-9.0
2017-12-08 22:00:00,14.6,62,0.0,5.8,356,0.40458754771592637,-5.78587149150698
2017-12-08 23:00:00,14.5,63,0.0,7.7,332,3.61493103345136,-6.798696465013737
2017-12-09 00:00:00,14.3,64,0.0,8.6,338,3.2216167033768426,-7.973781149274371
2017-12-09 01:00:00,14.3,65,0.0,6.2,350,1.0766187015349686,-6.10580806867569
2017-12-09 02:00:00,14.3,67,0.0,6.5,341,2.116193003971519,-6.145870741395559
2017-12-09 03:00:00,14.2,69,0.0,8.2,345,2.12231616984067,-7.92059177557036
2017-12-09 04:00:00,14.2,71,0.0,7.6,3,-0.39775326744637673,-7.589584464134761
2017-12-09 05:00:00,14.2,73,0.0,6.1,360,3.735172737399427e-16,-6.1
2017-12-09 06:00:00,14.3,73,0.0,7.3,340,2.4967470462773824,-6.8597561317371305
2017-12-09 07:00:00,14.4,73,0.0,4.3,336,1.7489675652259409,-3.9282454678631837
2017-12-09 08:00:00,14.9,78,0.0,5.4,290,5.074340152243906,-1.8469087739586112
2017-12-09 09:00:00,15.5,74,0.1,3.9,248,3.616017032810471,1.460965714322057
2017-12-09 10:00:00,16.6,72,0.1,2.2,189,0.34415582308850806,2.1729143493093033
2017-12-09 11:00:00,17.9,64,0.0,3.3,131,-2.4905416147351476,2.1649947956686737
2017-12-09 12:00:00,18.2,64,0.0,5.9,133,-4.314986839553106,4.023790324368742
2017-12-09 13:00:00,18.2,65,0.0,7.2,117,-6.415246974156248,3.2687315981247376
2017-12-09 14:00:00,18.2,65,0.0,5.8,83,-5.756767679519668,-0.7068421917498544
2017-12-09 15:00:00,19.5,60,0.0,6.3,31,-3.2447398719333433,-5.400153994423306
2017-12-09 16:00:00,19.6,60,0.0,2.3,39,-1.447436899414627,-1.7874357113510322
2017-12-09 17:00:00,19.1,61,0.0,3.1,306,2.5079526825623373,-1.8221342821066668
2017-12-09 18:00:00,17.5,69,0.0,5.5,328,2.914555953282627,-4.664264528860342
2017-12-09 19:00:00,15.6,79,0.0,7.6,360,4.653657836759942e-16,-7.6
2017-12-09 20:00:00,16.7,73,0.0,2.5,352,0.34793275240016364,-2.475670171853926
2017-12-09 21:00:00,14.5,84,0.0,5.6,333,2.542346798541462,-4.989636535454859
2017-12-09 22:00:00,13.4,90,0.0,7.2,342,2.224922359499622,-6.8476069173251055
2017-12-09 23:00:00,12.9,92,0.0,7.4,29,-3.5875911898228927,-6.4721858328315305
2017-12-10 00:00:00,13.0,91,0.0,6.3,24,-2.5624408513775405,-5.755336383148386
2017-12-10 01:00:00,12.5,92,0.0,6.9,39,-4.342310698243882,-5.362307134053097
2017-12-10 02:00:00,12.6,92,0.0,5.2,56,-4.3109953772862175,-2.907803098047883
2017-12-10 03:00:00,12.5,93,0.0,4.6,39,-2.894873798829254,-3.5748714227020644
2017-12-10 04:00:00,12.0,94,0.0,4.6,39,-2.894873798829254,-3.5748714227020644
2017-12-10 05:00:00,11.9,94,0.0,5.4,37,-3.2498011250210608,-4.312631754255381
2017-12-10 06:00:00,11.7,94,0.0,5.9,38,-3.632402704421383,-4.649263446279661
2017-12-10 07:00:00,12.4,91,0.0,6.8,25,-2.873804179836754,-6.16289295184922
2017-12-10 08:00:00,16.7,75,0.0,9.1,9,-1.4235536318661024,-8.987963899415753
2017-12-10 09:00:00,19.7,62,0.0,8.8,19,-2.864999759222979,-8.320563465273988
2017-12-10 10:00:00,21.4,60,0.0,9.4,2,-0.3280552690035072,-9.394273773979501
2017-12-10 11:00:00,23.5,51,0.0,10.5,344,2.8941922360784913,-10.093247807352348
2017-12-10 12:00:00,23.7,53,0.0,13.0,341,4.232386007943038,-12.291741482791117
2017-12-10 13:00:00,24.0,53,0.0,14.4,347,3.239295182551655,-14.030928932907388
2017-12-10 14:00:00,24.1,51,0.0,14.2,344,3.914050452601388,-13.649916082324127
2017-12-10 15:00:00,23.3,57,0.0,17.4,342,5.376895702124085,-16.54838338353567
2017-12-10 16:00:00,22.1,60,0.0,17.9,351,2.8001769242201333,-17.679621296652964
2017-12-10 17:00:00,20.1,69,0.0,15.3,352,2.129348444689002,-15.151101451746028
2017-12-10 18:00:00,18.3,79,0.0,13.0,355,1.1330246557195558,-12.950531075192693
2017-12-10 19:00:00,17.1,86,0.0,8.3,5,-0.7233926648055635,-8.268415994161488
2017-12-10 20:00:00,15.7,92,0.0,6.5,341,2.116193003971519,-6.145870741395559
2017-12-10 21:00:00,15.7,95,0.0,11.8,337,4.61062731617343,-10.861957270738797
2017-12-10 22:00:00,15.3,98,0.0,12.8,344,3.5281581544575893,-12.304149708010483
2017-12-10 23:00:00,14.9,97,0.0,5.7,18,-1.7613968679372012,-5.421022142882375
2017-12-11 00:00:00,15.3,96,0.0,4.9,17,-1.4326213531414118,-4.685893304218873
2017-12-11 01:00:00,14.3,97,0.0,5.2,344,1.4333142502483958,-4.998560818879258
2017-12-11 02:00:00,14.4,95,0.0,7.0,348,1.4553818357243162,-6.847033205136639
2017-12-11 03:00:00,14.1,93,0.0,7.9,360,4.837354856632045e-16,-7.9
2017-12-11 04:00:00,13.9,92,0.0,10.5,356,0.732442974313315,-10.474422527728153
2017-12-11 05:00:00,13.6,89,0.0,11.9,360,7.286648454926752e-16,-11.9
2017-12-11 06:00:00,13.2,88,0.0,10.1,4,-0.7045403848156684,-10.075396907624224
2017-12-11 07:00:00,13.4,84,0.0,10.4,360,6.368163355566237e-16,-10.4
2017-12-11 08:00:00,15.9,70,0.0,9.7,358,0.33852511801426044,-9.694091022085228
2017-12-11 09:00:00,18.6,61,0.0,8.0,352,1.1133848076805237,-7.922144549932563
2017-12-11 10:00:00,21.1,56,0.0,8.1,339,2.902780391316933,-7.5620014546273335
2017-12-11 11:00:00,23.2,51,0.0,8.0,342,2.4721359549995796,-7.608452130361228
2017-12-11 12:00:00,24.6,46,0.0,10.7,348,2.224655091750026,-10.46617932785172
2017-12-11 13:00:00,24.8,44,0.0,16.3,354,1.7038139512627515,-16.210706894502856
2017-12-11 14:00:00,24.0,46,0.0,19.8,357,1.0362519336102907,-19.772864788140563
2017-12-11 15:00:00,22.5,50,0.0,21.3,356,1.4858128907498676,-21.248114270534256
2017-12-11 16:00:00,20.6,54,0.0,19.6,354,2.048757880046008,-19.492629149218157
2017-12-11 17:00:00,18.6,59,0.0,17.2,349,3.2819147204765726,-16.883987555299818
2017-12-11 18:00:00,17.2,62,0.0,14.6,350,2.535263393937184,-14.378193193978237
2017-12-11 19:00:00,16.8,62,0.0,10.2,352,1.4195656297926678,-10.100734301164017
2017-12-11 20:00:00,17.1,62,0.0,5.2,344,1.4333142502483958,-4.998560818879258
2017-12-11 21:00:00,17.3,62,0.0,4.5,346,1.0886485301985045,-4.366330768241984
2017-12-11 22:00:00,17.2,63,0.0,4.7,337,1.8364363038995866,-4.32637281122647
2017-12-11 23:00:00,16.8,65,0.0,7.4,321,4.656970893768798,-5.750880114781585
2017-12-12 00:00:00,16.8,66,0.0,4.4,325,2.5237363199446032,-3.604268994871564
2017-12-12 01:00:00,16.8,67,0.0,2.6,344,0.7166571251241979,-2.499280409439629
2017-12-12 02:00:00,16.8,68,0.0,1.3,34,-0.7269507745119705,-1.0777488443215544
2017-12-12 03:00:00,16.9,68,0.0,1.4,90,-1.4,1.7145055188062944e-16
2017-12-12 04:00:00,17.0,70,0.0,1.1,360,6.735557395310444e-17,-1.1
2017-12-12 05:00:00,17.0,71,0.0,3.6,360,2.2043642384652358e-16,-3.6
2017-12-12 06:00:00,16.9,75,0.1,4.5,346,1.0886485301985045,-4.366330768241984
2017-12-12 07:00:00,16.8,76,0.1,7.3,340,2.4967470462773824,-6.8597561317371305
2017-12-12 08:00:00,16.7,75,0.1,5.8,330,2.9000000000000004,-5.0229473419497435
2017-12-12 09:00:00,16.5,79,0.4,5.5,349,1.049449474570997,-5.3989495089621515
2017-12-12 10:00:00,16.7,83,0.4,2.3,51,-1.7874357113510326,-1.4474368994146265
2017-12-12 11:00:00,17.2,83,0.3,5.1,82,-5.050367150582008,-0.7097828148963341
2017-12-12 12:00:00,17.4,83,0.1,4.3,24,-1.7489675652259404,-3.928245467863184
2017-12-12 13:00:00,17.7,86,0.3,5.6,320,3.5996106142446203,-4.289848881466277
2017-12-12 14:00:00,17.4,87,0.3,2.9,300,2.511473670974872,-1.4499999999999997
2017-12-12 15:00:00,17.5,88,0.3,5.1,321,3.209533994354171,-3.963444403430551
2017-12-12 16:00:00,17.6,88,0.1,5.5,337,2.1490212066910055,-5.062776693988422
2017-12-12 17:00:00,17.6,89,0.0,3.7,11,-0.7059932828932151,-3.632020578756357
2017-12-12 18:00:00,17.5,89,0.0,1.8,323,1.0832670416736871,-1.437543918085127
2017-12-12 19:00:00,17.5,91,0.0,1.8,270,1.8,0.0
2017-12-12 20:00:00,17.5,91,0.0,8.4,335,3.5499933986218752,-7.61298541110786
2017-12-12 21:00:00,17.0,90,0.0,9.8,336,3.9860191021428424,-8.95274548489749
2017-12-12 22:00:00,16.0,94,0.0,5.9,346,1.4273391840380394,-5.7247447850283795
2017-12-12 23:00:00,16.9,88,0.0,7.7,298,6.798696465013738,-3.6149310334513594
2017-12-13 00:00:00,16.4,90,0.0,8.3,304,6.881011852206846,-4.6413010988072
2017-12-13 01:00:00,16.3,89,0.0,6.4,322,3.9402334420842133,-5.043268823083022
2017-12-13 02:00:00,16.2,89,0.1,5.5,349,1.049449474570997,-5.3989495089621515
2017-12-13 03:00:00,16.1,91,0.0,7.8,347,1.7546182238821464,-7.6000865053248345
2017-12-13 04:00:00,16.2,91,0.0,10.1,343,2.952954217699641,-9.658678035226657
2017-12-13 05:00:00,16.1,93,0.0,9.2,339,3.2969851358167634,-8.588939923774255
2017-12-13 06:00:00,16.1,94,0.0,8.9,333,4.040515447681967,-7.929958065276474
2017-12-13 07:00:00,16.2,94,0.0,5.9,349,1.125773072721615,-5.791600382341218
2017-12-13 08:00:00,17.7,90,0.0,6.1,62,-5.385980316439453,-2.863776532993934
2017-12-13 09:00:00,19.6,82,0.0,2.9,353,0.3534210958749277,-2.8783838397598336
2017-12-13 10:00:00,21.4,72,0.0,6.3,294,5.755336383148386,-2.5624408513775414
2017-12-13 11:00:00,22.8,64,0.0,6.9,276,6.862201078041086,-0.721246396546809
2017-12-13 12:00:00,23.9,59,0.0,6.8,252,6.467184310807044,2.1013155617496424
2017-12-13 13:00:00,24.4,57,0.0,5.4,250,5.074340152243906,1.8469087739586112
2017-12-13 14:00:00,24.8,55,0.0,4.6,225,3.2526911934581184,3.252691193458118
2017-12-13 15:00:00,25.4,52,0.0,3.8,229,2.8678964048465336,2.4930243101639276
2017-12-13 16:00:00,25.1,54,0.0,6.5,276,6.4643923198937765,-0.6794350112397476
2017-12-13 17:00:00,22.0,70,0.0,12.7,313,9.288192010563463,-8.66137917279373
2017-12-13 18:00:00,19.7,78,0.0,11.2,339,4.013721034907364,-10.45610077676866
2017-12-13 19:00:00,18.9,79,0.0,4.7,360,2.8779199779962803e-16,-4.7
2017-12-13 20:00:00,18.6,84,0.0,6.7,344,1.8467702839738944,-6.440453362786736
2017-12-13 21:00:00,18.0,83,0.0,7.1,345,1.8376152202278973,-6.858073366652385
2017-12-13 22:00:00,17.8,83,0.0,7.0,348,1.4553818357243162,-6.847033205136639
2017-12-13 23:00:00,17.7,83,0.0,5.9,349,1.125773072721615,-5.791600382341218
2017-12-14 00:00:00,17.2,86,0.0,4.5,346,1.0886485301985045,-4.366330768241984
2017-12-14 01:00:00,17.0,88,0.0,3.9,326,2.1808523235359125,-3.233246532964663
2017-12-14 02:00:00,16.4,90,0.0,3.8,319,2.4930243101639276,-2.8678964048465336
2017-12-14 03:00:00,16.2,90,0.0,4.1,308,3.2308440897875594,-2.524212048835199
2017-12-14 04:00:00,15.6,93,0.0,3.1,291,2.8940993221413254,-1.1109406435904308
2017-12-14 05:00:00,15.8,92,0.0,1.8,281,1.7669289302057951,-0.34345619167778063
2017-12-14 06:00:00,16.4,88,0.0,1.3,326,0.7269507745119709,-1.0777488443215544
2017-12-14 07:00:00,16.4,92,0.0,3.1,69,-2.8940993221413254,-1.1109406435904314
2017-12-14 08:00:00,18.6,83,0.0,2.0,135,-1.414213562373095,1.4142135623730951
2017-12-14 09:00:00,21.4,72,0.0,3.7,191,0.7059932828932162,3.632020578756357
2017-12-14 10:00:00,23.1,66,0.0,3.8,197,1.1110124779463997,3.6339580726595346
2017-12-14 11:00:00,24.9,61,0.0,4.7,238,3.9858260519352022,2.490620541896063
2017-12-14 12:00:00,25.8,57,0.0,5.4,274,5.386845871403051,-0.37668495821827663
2017-12-14 13:00:00,25.7,56,0.1,10.0,308,7.880107536067219,-6.156614753256583
2017-12-14 14:00:00,25.0,57,0.0,12.4,324,7.288537128426667,-10.031810730249349
2017-12-14 15:00:00,25.1,55,0.0,7.3,327,3.9758649556096977,-6.122295146001595
2017-12-14 16:00:00,24.8,57,0.0,3.7,281,3.632020578756357,-0.7059932828932158
2017-12-14 17:00:00,22.1,72,0.0,5.4,262,5.34744757120448,0.7515347451843534
2017-12-14 18:00:00,21.7,71,0.0,5.5,293,5.062776693988422,-2.149021206691006
2017-12-14 19:00:00,20.3,76,0.0,8.7,312,6.46535998165333,-5.821436275322066
2017-12-14 20:00:00,20.1,79,0.0,4.5,299,3.935788682127281,-2.1816432911085166
2017-12-14 21:00:00,19.1,84,0.0,4.4,305,3.604268994871564,-2.523736319944603
2017-12-14 22:00:00,18.7,85,0.0,4.8,333,2.1791543987498248,-4.276831316104166
2017-12-14 23:00:00,18.1,88,0.0,4.3,24,-1.7489675652259404,-3.928245467863184
2017-12-15 00:00:00,18.8,85,0.0,3.0,104,-2.9108871788279895,0.7257656867990032
2017-12-15 01:00:00,18.1,88,0.0,4.7,261,4.6421352007971475,0.7352419856890852
2017-12-15 02:00:00,16.4,95,0.0,6.3,294,5.755336383148386,-2.5624408513775414
2017-12-15 03:00:00,17.3,92,0.0,1.5,45,-1.0606601717798214,-1.0606601717798212
2017-12-15 04:00:00,16.3,95,0.0,4.5,61,-3.9357886821272814,-2.181643291108516
2017-12-15 05:00:00,16.6,94,0.0,4.7,67,-4.32637281122647,-1.8364363038995857
2017-12-15 06:00:00,16.5,92,0.0,4.2,70,-3.9467090073008158,-1.4364846019678084
2017-12-15 07:00:00,17.1,89,0.0,3.1,45,-2.192031021678298,-2.192031021678297
2017-12-15 08:00:00,20.8,74,0.0,2.2,171,-0.34415582308850784,2.1729143493093033
2017-12-15 09:00:00,22.8,69,0.0,6.6,225,4.666904755831213,4.666904755831213
2017-12-15 10:00:00,24.3,63,0.0,9.7,222,6.490566881680924,7.208504807130724
2017-12-15 11:00:00,25.7,58,0.0,12.3,220,7.906287599144434,9.42234665036343
2017-12-15 12:00:00,27.6,48,0.0,13.0,228,9.660882731206126,8.698697882665158
2017-12-15 13:00:00,25.5,61,0.1,15.5,269,15.497639274924065,0.2705122997778944
2017-12-15 14:00:00,25.1,63,0.0,11.5,268,11.492994510719601,0.40134421207876114
2017-12-15 15:00:00,24.2,65,0.0,9.1,279,8.987963899415753,-1.4235536318661008
2017-12-15 16:00:00,23.1,68,0.0,9.2,309,7.149742845404131,-5.789747597658503
2017-12-15 17:00:00,21.6,76,0.0,5.2,326,2.9078030980478835,-4.3109953772862175
2017-12-15 18:00:00,20.3,84,0.0,5.0,330,2.5000000000000004,-4.330127018922193
2017-12-15 19:00:00,19.8,88,0.0,4.0,280,3.939231012048832,-0.6945927106677213
2017-12-15 20:00:00,20.7,83,0.0,2.3,219,1.447436899414626,1.7874357113510329
2017-12-15 21:00:00,19.7,90,0.0,5.1,274,5.087576656325103,-0.35575801609503904
2017-12-15 22:00:00,18.8,98,0.0,9.2,301,7.8859391664594325,-4.738350289172498
2017-12-15 23:00:00,18.6,98,0.0,7.1,345,1.8376152202278973,-6.858073366652385
2017-12-16 00:00:00,18.6,98,0.0,7.1,15,-1.8376152202278964,-6.858073366652385
2017-12-16 01:00:00,19.0,95,0.0,9.0,2,-0.31409547032250684,-8.994517443171862
2017-12-16 02:00:00,19.3,92,0.0,10.8,360,6.613092715395707e-16,-10.8
2017-12-16 03:00:00,19.4,90,0.0,13.4,5,-1.1678869528186206,-13.34900895442939
2017-12-16 04:00:00,19.1,90,0.0,13.7,5,-1.194033675642918,-13.647867363856914
2017-12-16 05:00:00,18.9,90,0.0,12.9,13,-2.901868601035862,-12.569373835729534
2017-12-16 06:00:00,18.4,92,0.0,10.9,8,-1.5169868004647176,-10.793921949283115
2017-12-16 07:00:00,18.4,91,0.0,12.6,357,0.659433048661094,-12.58273213790763
2017-12-16 08:00:00,19.6,80,0.0,14.3,10,-2.483168940637104,-14.082750868074575
2017-12-16 09:00:00,21.0,73,0.0,10.0,30,-5.000000000000004,-8.660254037844384
2017-12-16 10:00:00,21.9,68,0.0,9.3,13,-2.092044805397947,-9.061641602502688
2017-12-16 11:00:00,22.4,66,0.0,16.6,355,1.4467853296111253,-16.536831988322977
2017-12-16 12:00:00,22.2,66,0.0,24.9,2,-0.868997467892269,-24.884831592775484
2017-12-16 13:00:00,20.8,67,0.0,31.3,2,-1.0923542467882739,-31.2809328856977
2017-12-16 14:00:00,18.8,67,0.0,34.3,4,-2.3926470494235073,-34.21644692391197
2017-12-16 15:00:00,17.9,66,0.0,35.0,4,-2.4414765810443955,-34.91474175909385
2017-12-16 16:00:00,16.6,67,0.0,33.2,2,-1.1586632905230254,-33.17977545703398
2017-12-16 17:00:00,15.4,69,0.0,31.3,359,0.5462603214869767,-31.295232858395046
2017-12-16 18:00:00,14.7,70,0.0,29.2,358,1.0190653037130315,-29.182212148957596
2017-12-16 19:00:00,14.4,71,0.0,27.4,359,0.4781959363815706,-27.395826847285118
2017-12-16 20:00:00,15.0,70,0.0,24.1,357,1.2612965454549496,-24.06697178758523
2017-12-16 21:00:00,14.9,70,0.0,23.1,356,1.611374543489293,-23.04372956100194
2017-12-16 22:00:00,14.6,69,0.0,23.4,3,-1.2246613760848968,-23.367931113257026
2017-12-16 23:00:00,14.7,67,0.0,23.3,9,-3.644923035437383,-23.013138335866707
2017-12-17 00:00:00,14.5,68,0.0,21.6,11,-4.121474300133364,-21.203147162469545
2017-12-17 01:00:00,14.3,68,0.0,21.5,10,-3.733435819839002,-21.17336668976247
2017-12-17 02:00:00,13.9,68,0.0,18.8,5,-1.638527963655975,-18.728460324124818
2017-12-17 03:00:00,13.6,69,0.0,20.3,6,-2.1219278043333634,-20.18879447597595
2017-12-17 04:00:00,13.5,68,0.0,19.9,5,-1.734399280678399,-19.824274492025737
2017-12-17 05:00:00,13.6,66,0.0,17.7,2,-0.6177210916342635,-17.689217638237995
2017-12-17 06:00:00,13.4,67,0.0,17.3,359,0.30192663136500625,-17.29736512620557
2017-12-17 07:00:00,13.3,67,0.0,16.2,360,9.919639073093561e-16,-16.2
2017-12-17 08:00:00,15.6,63,0.0,12.2,2,-0.42577385977050924,-12.192568089632967
2017-12-17 09:00:00,17.1,59,0.0,12.6,357,0.659433048661094,-12.58273213790763
2017-12-17 10:00:00,17.9,57,0.0,11.3,351,1.7677094549546095,-11.160878248725057
2017-12-17 11:00:00,19.3,54,0.0,10.4,346,2.515987714236544,-10.091075553270363
2017-12-17 12:00:00,20.0,50,0.0,12.4,352,1.7257464519048118,-12.279324052395474
2017-12-17 13:00:00,20.2,48,0.0,16.6,355,1.4467853296111253,-16.536831988322977
2017-12-17 14:00:00,19.5,50,0.0,19.8,357,1.0362519336102907,-19.772864788140563
2017-12-17 15:00:00,18.0,53,0.0,21.0,353,2.5592562115080972,-20.84346918446776
2017-12-17 16:00:00,16.4,56,0.0,21.9,351,3.425914784381057,-21.630374659033517
2017-12-17 17:00:00,14.7,61,0.0,19.8,350,3.4382339178052224,-19.49919350964172
2017-12-17 18:00:00,13.7,64,0.0,17.5,351,2.737603138204041,-17.28454596041491
2017-12-17 19:00:00,13.3,67,0.0,15.6,352,2.171100374977021,-15.448181872368497
2017-12-17 20:00:00,13.7,68,0.0,10.2,350,1.77121141220269,-10.045039080724521
2017-12-17 21:00:00,13.8,69,0.0,7.9,330,3.950000000000001,-6.841600689897065
2017-12-17 22:00:00,13.7,71,0.0,8.9,339,3.1894747509531736,-8.308865795825096
2017-12-17 23:00:00,13.5,73,0.0,10.3,348,2.1414904154229224,-10.074920287558198
2017-12-18 00:00:00,13.5,75,0.0,11.3,353,1.3771235804781667,-11.215771513546938
2017-12-18 01:00:00,13.4,77,0.0,10.2,352,1.4195656297926678,-10.100734301164017
2017-12-18 02:00:00,13.4,78,0.1,10.5,354,1.0975488643103612,-10.44247990136687
2017-12-18 03:00:00,13.5,77,0.0,12.0,351,1.877213580482771,-11.852260087141653
2017-12-18 04:00:00,13.7,75,0.0,11.7,351,1.8302832409707017,-11.555953584963111
2017-12-18 05:00:00,13.6,75,0.0,12.7,353,1.547740661245373,-12.605336125844788
2017-12-18 06:00:00,13.4,76,0.0,13.7,355,1.1940336756429164,-13.647867363856914
2017-12-18 07:00:00,13.3,78,0.1,15.2,356,1.0602984009107035,-15.162973563949327
2017-12-18 08:00:00,14.6,76,0.0,10.4,2,-0.36295476570600793,-10.393664600998596
2017-12-18 09:00:00,16.3,70,0.0,9.1,351,1.4235536318661013,-8.987963899415753
2017-12-18 10:00:00,18.4,63,0.0,9.8,352,1.3638963894086416,-9.70462707366739
2017-12-18 11:00:00,20.2,56,0.0,14.0,1,-0.24433369012196898,-13.997867732189478
2017-12-18 12:00:00,20.9,54,0.0,15.3,8,-2.129348444689007,-15.151101451746026
2017-12-18 13:00:00,21.2,53,0.0,14.8,3,-0.7745721523955758,-14.779717114367694
2017-12-18 14:00:00,21.3,53,0.0,15.9,357,0.8321417042628091,-15.878209602597725
2017-12-18 15:00:00,20.4,56,0.0,19.1,359,0.33334096295211674,-19.097090977487074
2017-12-18 16:00:00,18.5,63,0.0,20.2,356,1.4090807696313297,-20.15079381524845
2017-12-18 17:00:00,17.4,66,0.0,19.1,357,0.9996167642402298,-19.07382411381236
2017-12-18 18:00:00,16.4,71,0.0,17.5,352,2.4355292668011455,-17.329691202977482
2017-12-18 19:00:00,15.7,75,0.0,16.7,353,2.035218034865963,-16.575520732410077
2017-12-18 20:00:00,15.9,77,0.0,14.2,353,1.7305446763530943,-14.094155353306771
2017-12-18 21:00:00,16.0,76,0.0,15.2,356,1.0602984009107035,-15.162973563949327
2017-12-18 22:00:00,15.9,75,0.0,15.9,356,1.1091279325315913,-15.861268399131205
2017-12-18 23:00:00,15.8,75,0.1,16.3,354,1.7038139512627515,-16.210706894502856
2017-12-19 00:00:00,15.6,76,0.1,17.7,355,1.542656646633549,-17.632646156223895
2017-12-19 01:00:00,15.1,80,0.5,19.9,356,1.388153827508092,-19.8515246001705
2017-12-19 02:00:00,14.3,86,0.6,19.5,357,1.0205511467374073,-19.47327592771419
2017-12-19 03:00:00,14.3,85,0.1,22.7,1,-0.3961696261263354,-22.69654268005008
2017-12-19 04:00:00,14.2,85,0.1,22.0,355,1.917426340448479,-21.9162833580184
2017-12-19 05:00:00,14.1,84,0.3,22.4,356,1.5625450118684052,-22.34543472582006
2017-12-19 06:00:00,13.7,85,0.2,21.6,359,0.37697197904532576,-21.596710215378053
2017-12-19 07:00:00,13.6,85,0.3,21.4,352,2.9783043605454007,-21.191736671069606
2017-12-19 08:00:00,14.4,83,0.1,17.3,355,1.5077943495344859,-17.234168276987198
2017-12-19 09:00:00,14.9,80,0.1,18.2,352,2.5329504374731915,-18.02287885109658
2017-12-19 10:00:00,15.9,75,0.0,18.4,357,0.9629815948701689,-18.37478343948416
2017-12-19 11:00:00,16.6,71,0.0,16.9,360,1.0348265452795135e-15,-16.9
2017-12-19 12:00:00,17.4,67,0.0,19.8,359,0.34555764745821527,-19.79698436409655
2017-12-19 13:00:00,17.0,64,0.0,22.0,357,1.1513910373447673,-21.969849764600625
2017-12-19 14:00:00,17.1,62,0.0,24.1,360,1.4756993929725606e-15,-24.1
2017-12-19 15:00:00,16.8,62,0.0,24.1,360,1.4756993929725606e-15,-24.1
2017-12-19 16:00:00,16.1,65,0.0,23.0,1,-0.40140534805752043,-22.996496988597
2017-12-19 17:00:00,15.7,66,0.0,23.1,356,1.611374543489293,-23.04372956100194
2017-12-19 18:00:00,15.1,71,0.0,23.8,359,0.4153672732073497,-23.796375144722113
2017-12-19 19:00:00,15.0,71,0.0,21.2,360,1.2981256070961944e-15,-21.2
2017-12-19 20:00:00,15.6,70,0.0,14.8,1,-0.2582956152717958,-14.79774588831459
2017-12-19 21:00:00,15.6,70,0.0,12.6,360,7.715274834628325e-16,-12.6
2017-12-19 22:00:00,15.5,71,0.0,13.4,352,1.8649195528648772,-13.269592121137043
2017-12-19 23:00:00,15.3,72,0.0,13.1,8,-1.8231676225768623,-12.97251170051457
2017-12-20 00:00:00,14.8,75,0.0,13.0,360,7.960204194457795e-16,-13.0
2017-12-20 01:00:00,14.2,76,0.0,14.4,357,0.7536377698983932,-14.380265300465863
2017-12-20 02:00:00,13.9,76,0.0,14.8,356,1.0323958114130536,-14.763947943845398
2017-12-20 03:00:00,13.9,75,0.0,15.8,360,9.67470971326409e-16,-15.8
2017-12-20 04:00:00,13.9,74,0.0,17.7,2,-0.6177210916342635,-17.689217638237995
2017-12-20 05:00:00,14.4,70,0.0,19.3,9,-3.019185175276459,-19.062384973486157
2017-12-20 06:00:00,14.0,71,0.0,17.6,11,-3.3582383186271856,-17.276638428678886
2017-12-20 07:00:00,13.9,70,0.0,18.0,12,-3.7424104347196763,-17.6066568132085
2017-12-20 08:00:00,15.6,66,0.0,10.1,2,-0.35248491669525767,-10.093847352892867
2017-12-20 09:00:00,16.8,61,0.0,8.7,355,0.7582549619046257,-8.666893873398186
2017-12-20 10:00:00,18.5,57,0.0,6.0,343,1.7542302283364206,-5.737828535778212
2017-12-20 11:00:00,20.1,51,0.0,7.2,357,0.3768188849491966,-7.190132650232932
2017-12-20 12:00:00,21.5,47,0.0,6.9,6,-0.7212463965468082,-6.862201078041087
2017-12-20 13:00:00,22.1,46,0.0,8.1,13,-1.8221035401853085,-7.892397524760404
2017-12-20 14:00:00,22.7,45,0.0,15.1,1,-0.26353133720298083,-15.097700196861508
2017-12-20 15:00:00,21.1,44,0.0,23.8,358,0.8306080215195257,-23.78550168305448
2017-12-20 16:00:00,18.7,50,0.0,24.9,355,2.1701779944166875,-24.805247982484463
2017-12-20 17:00:00,16.2,58,0.0,24.9,355,2.1701779944166875,-24.805247982484463
2017-12-20 18:00:00,14.6,62,0.0,22.4,356,1.5625450118684052,-22.34543472582006
2017-12-20 19:00:00,13.5,66,0.0,19.7,352,2.7417100889132895,-19.508280954208935
2017-12-20 20:00:00,13.2,68,0.0,18.4,358,0.6421507393260198,-18.38879121715136
2017-12-20 21:00:00,12.9,68,0.0,16.2,356,1.1300548746548287,-16.16053761420915
2017-12-20 22:00:00,12.5,69,0.0,15.3,351,2.3934473151155333,-15.111631611105608
2017-12-20 23:00:00,12.1,70,0.0,12.8,349,2.442355140819775,-12.5648279481301
2017-12-21 00:00:00,11.6,71,0.0,12.6,340,4.309453805903427,-11.840127021902445
2017-12-21 01:00:00,11.3,72,0.0,10.1,356,0.7045403848156648,-10.075396907624224
2017-12-21 02:00:00,10.8,74,0.0,9.0,360,5.51091059616309e-16,-9.0
2017-12-21 03:00:00,10.5,76,0.0,7.6,5,-0.6623836448822027,-7.571079705497266
2017-12-21 04:00:00,10.4,73,0.0,9.8,354,1.024378940023004,-9.746314574609078
2017-12-21 05:00:00,10.5,69,0.0,9.0,2,-0.31409547032250684,-8.994517443171862
2017-12-21 06:00:00,10.5,69,0.0,7.2,354,0.752604935527105,-7.160557646651568
2017-12-21 07:00:00,10.4,69,0.0,10.5,344,2.8941922360784913,-10.093247807352348
2017-12-21 08:00:00,13.1,59,0.0,8.4,353,1.023702484603239,-8.337387673787106
2017-12-21 09:00:00,15.9,53,0.0,4.7,356,0.3278554265973886,-4.688551036221174
2017-12-21 10:00:00,18.3,50,0.0,3.2,297,2.8512208774027776,-1.4527695991665497
2017-12-21 11:00:00,20.2,46,0.0,3.3,264,3.2819222547153015,0.3449439287832564
2017-12-21 12:00:00,21.7,44,0.0,4.0,243,3.5640260967534716,1.815961998958187
2017-12-21 13:00:00,22.8,43,0.0,3.9,236,3.2332465329646625,2.180852323535913
2017-12-21 14:00:00,23.3,42,0.0,3.4,212,1.8017254983928965,2.883363526931848
2017-12-21 15:00:00,23.2,43,0.0,5.1,278,5.050367150582009,-0.7097828148963337
2017-12-21 16:00:00,21.3,47,0.0,13.1,323,7.883776803291833,-10.462125181619536
2017-12-21 17:00:00,18.7,54,0.0,15.6,334,6.838589889909608,-14.021187122267005
2017-12-21 18:00:00,16.7,60,0.0,12.5,342,3.862712429686843,-11.888206453689419
2017-12-21 19:00:00,15.0,67,0.0,7.9,330,3.950000000000001,-6.841600689897065
2017-12-21 20:00:00,14.5,73,0.0,4.7,302,3.9858260519352022,-2.490620541896063
2017-12-21 21:00:00,14.2,74,0.0,3.1,249,2.8940993221413254,1.1109406435904308
2017-12-21 22:00:00,14.9,69,0.0,2.8,220,1.7998053071223101,2.1449244407331385
2017-12-21 23:00:00,14.5,73,0.0,5.4,110,-5.074340152243905,1.846908773958612
2017-12-22 00:00:00,15.3,72,0.0,5.4,127,-4.312631754255382,3.2498011250210603
2017-12-22 01:00:00,15.5,76,0.0,4.7,122,-3.9858260519352022,2.490620541896063
2017-12-22 02:00:00,15.0,81,0.0,4.7,113,-4.32637281122647,1.8364363038995868
2017-12-22 03:00:00,14.1,87,0.0,5.9,79,-5.791600382341218,-1.125773072721614
2017-12-22 04:00:00,13.6,90,0.0,4.6,39,-2.894873798829254,-3.5748714227020644
2017-12-22 05:00:00,13.1,92,0.0,4.4,35,-2.523736319944604,-3.604268994871563
2017-12-22 06:00:00,12.7,92,0.0,4.7,23,-1.836436303899587,-4.326372811226469
2017-12-22 07:00:00,13.0,89,0.0,4.2,20,-1.436484601967808,-3.9467090073008158
2017-12-22 08:00:00,16.3,74,0.0,3.6,6,-0.3763024677635521,-3.5802788233257843
2017-12-22 09:00:00,19.7,59,0.0,2.3,18,-0.7107390870623793,-2.1874299874788528
2017-12-22 10:00:00,21.6,53,0.0,1.6,333,0.726384799583275,-1.4256104387013886
2017-12-22 11:00:00,23.1,49,0.0,5.0,300,4.330127018922194,-2.4999999999999996
2017-12-22 12:00:00,24.0,45,0.0,7.6,315,5.374011537017761,-5.37401153701776
2017-12-22 13:00:00,24.3,45,0.0,8.9,320,5.7208097262102005,-6.817795543758905
2017-12-22 14:00:00,24.0,46,0.0,10.2,321,6.419067988708342,-7.926888806861102
2017-12-22 15:00:00,23.2,46,0.0,10.7,315,7.566042558696059,-7.566042558696057
2017-12-22 16:00:00,22.2,47,0.0,9.2,312,6.836932394392027,-6.156001578501495
2017-12-22 17:00:00,19.5,60,0.0,4.8,312,3.5670951622914924,-3.2118269105225195
2017-12-22 18:00:00,17.8,70,0.0,4.6,321,2.894873798829252,-3.5748714227020657
2017-12-22 19:00:00,18.5,68,0.0,2.3,219,1.447436899414626,1.7874357113510329
2017-12-22 20:00:00,16.1,81,0.0,9.8,186,1.024378940023004,9.746314574609078
2017-12-22 21:00:00,16.7,74,0.0,6.4,164,-1.764079077228794,6.1520748540052415
2017-12-22 22:00:00,16.0,76,0.0,7.2,162,-2.224922359499621,6.847606917325106
2017-12-22 23:00:00,15.5,78,0.0,6.9,152,-3.2393537832226476,6.092338390726596
2017-12-23 00:00:00,14.9,81,0.0,7.3,147,-3.9758649556096977,6.122295146001594
2017-12-23 01:00:00,14.5,84,0.0,8.4,155,-3.5499933986218744,7.612985411107861
2017-12-23 02:00:00,14.5,83,0.0,8.0,144,-4.702282018339784,6.47213595499958
2017-12-23 03:00:00,14.3,84,0.0,7.7,143,-4.633975678270772,6.149493427364154
2017-12-23 04:00:00,14.3,85,0.0,7.6,161,-2.4743179738743906,7.185941174554808
2017-12-23 05:00:00,16.7,72,0.0,5.8,180,3.5514757175273243e-16,5.8
2017-12-23 06:00:00,16.6,72,0.0,3.5,114,-3.197409101749103,1.4235782507653014
2017-12-23 07:00:00,15.6,76,0.0,3.8,107,-3.633958072659535,1.111012477946399
2017-12-23 08:00:00,18.4,65,0.0,2.6,146,-1.4539015490239415,2.1554976886431088
2017-12-23 09:00:00,21.3,52,0.0,6.2,159,-2.2218812871808615,5.788198644282651
2017-12-23 10:00:00,23.3,48,0.0,8.0,185,0.6972459419812651,7.969557584733964
2017-12-23 11:00:00,24.9,47,0.0,7.6,205,3.211898789229316,6.887939181478539
2017-12-23 12:00:00,25.9,45,0.0,7.0,201,2.5085756468171025,6.535062985480412
2017-12-23 13:00:00,26.6,43,0.0,6.6,202,2.4724035165450187,6.1194134401407965
2017-12-23 14:00:00,26.3,45,0.0,7.5,253,7.172285669722766,2.192787785420526
2017-12-23 15:00:00,25.1,53,0.0,9.3,286,8.939733772226367,-2.5634274090980926
2017-12-23 16:00:00,23.4,64,0.0,10.5,311,7.924450592339106,-6.888619804400326
2017-12-23 17:00:00,21.1,72,0.0,10.2,328,5.40517649517869,-8.650090580795544
2017-12-23 18:00:00,18.9,77,0.0,7.0,325,4.015035054457323,-5.7340643100229425
2017-12-23 19:00:00,17.3,84,0.0,5.6,333,2.542346798541462,-4.989636535454859
2017-12-23 20:00:00,16.9,82,0.0,5.4,4,-0.37668495821827813,-5.386845871403051
2017-12-23 21:00:00,16.7,82,0.0,4.4,9,-0.6883116461770166,-4.345828698618606
2017-12-23 22:00:00,16.0,87,0.0,5.5,11,-1.0494494745709955,-5.3989495089621515
2017-12-23 23:00:00,15.6,91,0.0,6.5,341,2.116193003971519,-6.145870741395559
2017-12-24 00:00:00,15.0,95,0.0,7.2,297,6.415246974156249,-3.2687315981247367
2017-12-24 01:00:00,15.1,95,0.0,2.5,172,-0.3479327524001634,2.475670171853926
2017-12-24 02:00:00,14.6,96,0.0,3.9,68,-3.616017032810471,-1.460965714322057
2017-12-24 03:00:00,14.7,96,0.0,3.8,41,-2.4930243101639276,-2.8678964048465336
2017-12-24 04:00:00,14.1,96,0.0,5.4,48,-4.012982057577929,-3.6133052743378347
2017-12-24 05:00:00,14.0,95,0.0,4.6,45,-3.2526911934581193,-3.252691193458118
2017-12-24 06:00:00,14.4,95,0.0,3.5,24,-1.4235782507653003,-3.1974091017491033
2017-12-24 07:00:00,14.5,93,0.0,6.6,13,-1.4846769586695105,-6.430842427582552
2017-12-24 08:00:00,18.2,76,0.0,8.3,358,0.289665822630759,-8.294943864258496
2017-12-24 09:00:00,21.0,67,0.0,10.5,352,1.4613175600806874,-10.397814721786489
2017-12-24 10:00:00,23.2,59,0.0,10.4,358,0.36295476570601126,-10.393664600998596
2017-12-24 11:00:00,24.7,54,0.0,14.0,360,8.572527594031472e-16,-14.0
2017-12-24 12:00:00,25.7,51,0.0,16.2,359,0.2827289842839943,-16.197532661533536
2017-12-24 13:00:00,25.9,50,0.0,19.6,353,2.388639130740891,-19.45390457216991
2017-12-24 14:00:00,25.4,50,0.0,23.1,356,1.611374543489293,-23.04372956100194
2017-12-24 15:00:00,24.5,53,0.0,23.4,357,1.2246613760848888,-23.367931113257026
2017-12-24 16:00:00,23.2,56,0.0,22.3,1,-0.389188663551422,-22.296603601987528
2017-12-24 17:00:00,21.4,62,0.0,14.4,359,0.2513146526968838,-14.397806810252035
2017-12-24 18:00:00,19.7,69,0.0,13.6,348,2.8275989951215283,-13.302807369979755
2017-12-24 19:00:00,18.7,67,0.0,16.8,350,2.9172893848044312,-16.544770250605094
2017-12-24 20:00:00,18.2,71,0.0,15.5,357,0.8112073217656315,-15.478757788695894
2017-12-24 21:00:00,17.8,69,0.0,14.6,351,2.2839431895873714,-14.420249772689012
2017-12-24 22:00:00,17.6,65,0.0,15.3,351,2.3934473151155333,-15.111631611105608
2017-12-24 23:00:00,17.5,63,0.0,14.1,356,0.9835662797921657,-14.06565310866352
2017-12-25 00:00:00,17.1,65,0.0,14.1,356,0.9835662797921657,-14.06565310866352
2017-12-25 01:00:00,16.8,66,0.0,15.2,355,1.3247672897644036,-15.142159410994532
2017-12-25 02:00:00,16.4,66,0.0,14.8,356,1.0323958114130536,-14.763947943845398
2017-12-25 03:00:00,16.0,65,0.0,13.9,350,2.413709669570333,-13.688827766869691
2017-12-25 04:00:00,15.9,62,0.0,13.1,344,3.610849361202689,-12.592528216791978
2017-12-25 05:00:00,15.4,61,0.0,14.6,351,2.2839431895873714,-14.420249772689012
2017-12-25 06:00:00,15.5,57,0.0,14.4,360,8.817456953860943e-16,-14.4
2017-12-25 07:00:00,15.2,55,0.0,13.8,354,1.4424927930936178,-13.724402156082173
2017-12-25 08:00:00,16.1,53,0.0,12.4,352,1.7257464519048118,-12.279324052395474
2017-12-25 09:00:00,17.2,50,0.0,9.4,356,0.6557108531947772,-9.377102072442348
2017-12-25 10:00:00,19.2,46,0.0,8.0,352,1.1133848076805237,-7.922144549932563
2017-12-25 11:00:00,21.1,43,0.0,7.4,14,-1.7902220274375418,-7.180188374442374
2017-12-25 12:00:00,22.9,41,0.0,4.1,15,-1.0611580849203346,-3.96029588778518
2017-12-25 13:00:00,23.6,38,0.0,8.7,353,1.060263287624783,-8.6351515192795
2017-12-25 14:00:00,23.4,38,0.0,14.0,360,8.572527594031472e-16,-14.0
2017-12-25 15:00:00,22.5,40,0.0,15.8,359,0.27574802170908086,-15.797593583470983
2017-12-25 16:00:00,21.7,43,0.0,15.9,355,1.3857763096877644,-15.839495699658755
2017-12-25 17:00:00,20.0,47,0.0,14.6,344,4.024305394928188,-14.034420760699456
2017-12-25 18:00:00,17.9,54,0.0,12.6,347,2.8343832847326977,-12.277062816293963
2017-12-25 19:00:00,16.8,58,0.0,10.8,356,0.7533699164365526,-10.773691742806102
2017-12-25 20:00:00,16.8,59,0.0,6.2,324,3.6442685642133337,-5.0159053651246746
2017-12-25 21:00:00,16.6,60,0.0,5.4,307,4.312631754255381,-3.2498011250210608
2017-12-25 22:00:00,16.4,61,0.0,4.1,308,3.2308440897875594,-2.524212048835199
2017-12-25 23:00:00,15.5,68,0.0,2.6,304,2.1554976886431083,-1.453901549023942
2017-12-26 00:00:00,15.6,70,0.0,1.0,315,0.7071067811865476,-0.7071067811865475
2017-12-26 01:00:00,15.5,69,0.0,1.5,284,1.4554435894139948,-0.3628828433995016
2017-12-26 02:00:00,14.8,72,0.0,3.9,304,3.2332465329646625,-2.180852323535913
2017-12-26 03:00:00,14.7,71,0.0,5.1,321,3.209533994354171,-3.963444403430551
2017-12-26 04:00:00,14.4,74,0.0,4.3,336,1.7489675652259409,-3.9282454678631837
2017-12-26 05:00:00,14.3,75,0.0,5.2,335,2.197614961051637,-4.7128004925905795
2017-12-26 06:00:00,14.4,76,0.0,5.9,349,1.125773072721615,-5.791600382341218
2017-12-26 07:00:00,15.8,73,0.0,6.5,3,-0.340183715579138,-6.49109197590473
2017-12-26 08:00:00,17.8,73,0.0,5.1,8,-0.7097828148963357,-5.050367150582008
2017-12-26 09:00:00,20.2,64,0.0,7.2,354,0.752604935527105,-7.160557646651568
2017-12-26 10:00:00,22.0,56,0.0,5.8,338,2.1727182418122895,-5.377666356487367
2017-12-26 11:00:00,23.3,53,0.0,4.8,312,3.5670951622914924,-3.2118269105225195
2017-12-26 12:00:00,24.4,51,0.0,4.7,302,3.9858260519352022,-2.490620541896063
2017-12-26 13:00:00,25.1,50,0.0,6.1,315,4.31335136523794,-4.313351365237939
2017-12-26 14:00:00,25.2,49,0.0,10.8,330,5.400000000000001,-9.353074360871938
2017-12-26 15:00:00,24.2,50,0.0,15.1,335,6.381535752284561,-13.685247584253414
2017-12-26 16:00:00,23.1,53,0.0,15.5,335,6.550583056980841,-14.047770699068074
2017-12-26 17:00:00,21.0,60,0.0,12.7,331,6.157082177128481,-11.107670280670325
2017-12-26 18:00:00,19.1,66,0.0,12.6,336,5.124881702755083,-11.510672766296771
2017-12-26 19:00:00,17.9,70,0.0,9.7,338,3.633683956134346,-8.993683389297837
2017-12-26 20:00:00,17.0,75,0.0,7.4,321,4.656970893768798,-5.750880114781585
2017-12-26 21:00:00,16.2,78,0.0,4.1,322,2.524212048835199,-3.23084408978756
2017-12-26 22:00:00,15.6,81,0.0,3.4,288,3.233592155403522,-1.0506577808748212
2017-12-26 23:00:00,15.0,85,0.0,2.6,304,2.1554976886431083,-1.453901549023942
2017-12-27 00:00:00,15.9,79,0.0,3.1,111,-2.8940993221413254,1.1109406435904308
2017-12-27 01:00:00,16.4,78,0.0,2.9,90,-2.9,3.5514757175273243e-16
2017-12-27 02:00:00,16.8,77,0.0,4.8,103,-4.6769763109691285,1.079765060850553
2017-12-27 03:00:00,17.3,77,0.0,4.4,99,-4.345828698618606,0.6883116461770163
2017-12-27 04:00:00,15.1,88,0.0,2.7,337,1.0549740469210391,-2.485363104321589
2017-12-27 05:00:00,14.9,90,0.0,3.6,360,2.2043642384652358e-16,-3.6
2017-12-27 06:00:00,14.8,91,0.0,7.6,25,-3.2118987892293136,-6.88793918147854
2017-12-27 07:00:00,14.7,91,0.0,8.7,17,-2.5436338310878126,-8.319851376878407
2017-12-27 08:00:00,17.2,80,0.0,6.5,3,-0.340183715579138,-6.49109197590473
2017-12-27 09:00:00,20.5,68,0.0,4.7,356,0.3278554265973886,-4.688551036221174
2017-12-27 10:00:00,21.8,64,0.0,0.8,207,0.3631923997916375,0.7128052193506943
2017-12-27 11:00:00,23.6,57,0.0,6.4,196,1.7640790772287946,6.1520748540052415
2017-12-27 12:00:00,25.1,50,0.0,9.7,195,2.510544737494451,9.369480515003962
2017-12-27 13:00:00,26.1,46,0.0,9.1,187,1.1090110249868421,9.032169979936029
2017-12-27 14:00:00,25.8,47,0.0,5.2,245,4.7128004925905795,2.197614961051637
2017-12-27 15:00:00,24.6,55,0.0,10.5,301,9.00025665737218,-5.407899786555569
2017-12-27 16:00:00,23.1,59,0.0,10.8,300,9.353074360871938,-5.3999999999999995
2017-12-27 17:00:00,21.8,60,0.0,6.1,310,4.6728711030257655,-3.921004419087889
2017-12-27 18:00:00,21.3,62,0.0,0.5,315,0.3535533905932738,-0.35355339059327373
2017-12-27 19:00:00,21.2,63,0.0,2.3,219,1.447436899414626,1.7874357113510329
2017-12-27 20:00:00,19.0,72,0.0,5.2,236,4.310995377286217,2.907803098047884
2017-12-27 21:00:00,18.2,77,0.0,6.5,199,2.116193003971519,6.145870741395559
2017-12-27 22:00:00,17.7,79,0.0,7.2,217,4.333068166694749,5.750175672340508
2017-12-27 23:00:00,17.5,82,0.0,7.8,202,2.9219314286441134,7.232034065620942
2017-12-28 00:00:00,19.2,74,0.0,5.0,150,-2.499999999999999,4.330127018922194
2017-12-28 01:00:00,18.2,79,0.0,4.0,90,-4.0,4.898587196589413e-16
2017-12-28 02:00:00,17.7,81,0.0,3.6,96,-3.580278823325784,0.37630246776355347
2017-12-28 03:00:00,17.3,83,0.0,4.7,86,-4.688551036221174,-0.3278554265973888
2017-12-28 04:00:00,17.1,83,0.0,3.3,96,-3.2819222547153015,0.3449439287832573
2017-12-28 05:00:00,17.8,79,0.0,3.0,104,-2.9108871788279895,0.7257656867990032
2017-12-28 06:00:00,17.6,81,0.0,1.3,56,-1.0777488443215544,-0.7269507745119708
2017-12-28 07:00:00,17.5,82,0.0,1.6,63,-1.4256104387013888,-0.7263847995832747
2017-12-28 08:00:00,19.3,73,0.0,6.5,357,0.3401837155791358,-6.49109197590473
2017-12-28 09:00:00,21.0,67,0.0,4.0,5,-0.348622970990633,-3.984778792366982
2017-12-28 10:00:00,23.0,60,0.0,7.4,141,-4.656970893768796,5.750880114781586
2017-12-28 11:00:00,23.1,56,0.0,7.8,158,-2.9219314286441143,7.232034065620942
2017-12-28 12:00:00,25.0,51,0.0,7.5,163,-2.192787785420525,7.172285669722767
2017-12-28 13:00:00,26.7,42,0.0,9.9,199,3.223124729125852,9.360633898433235
2017-12-28 14:00:00,24.2,59,0.0,16.9,270,16.9,0.0
2017-12-28 15:00:00,24.0,56,0.1,10.8,272,10.793420931806235,-0.3769145643870105
2017-12-28 16:00:00,23.1,63,0.0,7.9,273,7.889173324561134,-0.4134540543192563
2017-12-28 17:00:00,21.6,74,0.1,5.1,278,5.050367150582009,-0.7097828148963337
2017-12-28 18:00:00,20.2,82,0.2,3.1,291,2.8940993221413254,-1.1109406435904308
2017-12-28 19:00:00,20.4,81,0.1,2.7,157,-1.0549740469210394,2.4853631043215887
2017-12-28 20:00:00,20.2,82,0.0,5.6,140,-3.5996106142446203,4.289848881466277
2017-12-28 21:00:00,20.5,81,0.0,1.1,270,1.1,0.0
2017-12-28 22:00:00,20.2,84,0.1,3.1,291,2.8940993221413254,-1.1109406435904308
2017-12-28 23:00:00,20.2,82,0.1,4.6,141,-2.894873798829251,3.5748714227020666
2017-12-29 00:00:00,19.8,84,0.0,2.4,153,-1.089577199374912,2.138415658052083
2017-12-29 01:00:00,18.6,89,0.0,7.4,309,5.750880114781585,-4.656970893768797
2017-12-29 02:00:00,17.0,99,0.0,10.6,336,4.311408416603482,-9.683581851011569
2017-12-29 03:00:00,16.5,100,0.0,9.7,356,0.6766377953180147,-9.676371287520293
2017-12-29 04:00:00,16.3,100,0.0,9.1,7,-1.1090110249868392,-9.03216997993603
2017-12-29 05:00:00,16.3,100,0.0,9.3,13,-2.092044805397947,-9.061641602502688
2017-12-29 06:00:00,16.3,100,0.0,7.1,30,-3.550000000000003,-6.148780366869512
2017-12-29 07:00:00,16.8,95,0.0,8.5,28,-3.9905082836800716,-7.505054539300879
2017-12-29 08:00:00,17.7,88,0.0,12.4,22,-4.645121758357313,-11.497079796628164
2017-12-29 09:00:00,20.0,76,0.0,17.7,27,-8.03563184538998,-15.770815478134109
2017-12-29 10:00:00,21.9,64,0.0,16.8,15,-4.348159957722347,-16.22755388165635
2017-12-29 11:00:00,23.8,55,0.0,15.1,360,9.246083333562517e-16,-15.1
2017-12-29 12:00:00,24.9,52,0.0,12.8,349,2.442355140819775,-12.5648279481301
2017-12-29 13:00:00,25.8,50,0.0,10.7,340,3.659615533584656,-10.054711042409219
2017-12-29 14:00:00,26.0,50,0.0,9.4,328,4.981241083792126,-7.9716521038704045
2017-12-29 15:00:00,25.2,55,0.0,12.1,323,7.281961780139786,-9.663489671572243
2017-12-29 16:00:00,23.5,64,0.0,15.2,324,8.93433583484559,-12.2970583144992
2017-12-29 17:00:00,21.4,72,0.0,13.1,328,6.941942361454984,-11.10943005964918
2017-12-29 18:00:00,19.5,79,0.0,9.2,334,4.033014550459512,-8.268905225952336
2017-12-29 19:00:00,18.0,86,0.0,5.5,328,2.914555953282627,-4.664264528860342
2017-12-29 20:00:00,18.2,85,0.0,6.4,317,4.36478950439999,-4.6806636903626915
2017-12-29 21:00:00,17.8,86,0.0,7.2,307,5.750175672340508,-4.333068166694748
2017-12-29 22:00:00,17.1,90,0.0,3.1,291,2.8940993221413254,-1.1109406435904308
2017-12-29 23:00:00,16.6,94,0.0,2.6,236,2.1554976886431083,1.453901549023942
2017-12-30 00:00:00,17.1,91,0.0,2.1,211,1.0815799573111138,1.800051331474436
2017-12-30 01:00:00,17.5,89,0.0,2.5,225,1.7677669529663689,1.7677669529663687
2017-12-30 02:00:00,18.2,86,0.1,4.8,207,2.1791543987498248,4.276831316104166
2017-12-30 03:00:00,18.4,86,0.1,5.8,210,2.9000000000000004,5.0229473419497435
2017-12-30 04:00:00,18.3,87,0.0,5.6,207,2.542346798541462,4.989636535454859
2017-12-30 05:00:00,18.0,89,0.0,6.9,208,3.239353783222647,6.092338390726596
2017-12-30 06:00:00,17.7,90,0.0,5.7,198,1.7613968679372005,5.421022142882375
2017-12-30 07:00:00,17.0,95,0.0,3.9,158,-1.4609657143220571,3.616017032810471
2017-12-30 08:00:00,19.1,83,0.0,4.3,42,-2.87726160734309,-3.195522749552796
2017-12-30 09:00:00,21.2,72,0.0,4.0,27,-1.8159619989581877,-3.564026096753471
2017-12-30 10:00:00,23.4,62,0.0,3.3,41,-2.1649947956686737,-2.4905416147351476
2017-12-30 11:00:00,25.6,52,0.0,1.1,180,6.735557395310444e-17,1.1
2017-12-30 12:00:00,26.9,46,0.0,6.5,273,6.49109197590473,-0.3401837155791349
2017-12-30 13:00:00,25.8,54,0.0,12.7,317,8.66137917279373,-9.288192010563463
2017-12-30 14:00:00,25.4,55,0.0,11.6,330,5.800000000000001,-10.045894683899487
2017-12-30 15:00:00,24.9,56,0.0,11.2,327,6.099957192168303,-9.393110360988748
2017-12-30 16:00:00,23.0,61,0.0,15.9,327,8.65976065673893,-13.334862030332243
2017-12-30 17:00:00,20.4,73,0.0,15.0,330,7.500000000000002,-12.990381056766578
2017-12-30 18:00:00,19.3,77,0.0,13.1,339,4.694620139043435,-12.229903587113343
2017-12-30 19:00:00,18.5,80,0.0,11.2,345,2.8987733051482323,-10.818369254437565
2017-12-30 20:00:00,17.9,82,0.0,12.6,336,5.124881702755083,-11.510672766296771
2017-12-30 21:00:00,17.3,85,0.0,13.5,344,3.7211043035294886,-12.977032895167305
2017-12-30 22:00:00,16.9,87,0.0,8.4,7,-1.0237024846032363,-8.337387673787106
2017-12-30 23:00:00,16.6,88,0.0,6.6,351,1.032467469265524,-6.518743047927909
2017-12-31 00:00:00,16.4,89,0.0,9.3,344,2.5634274090980926,-8.939733772226367
2017-12-31 01:00:00,16.3,88,0.0,9.3,344,2.5634274090980926,-8.939733772226367
2017-12-31 02:00:00,16.4,87,0.0,12.1,350,2.101142949769858,-11.916173811447717
2017-12-31 03:00:00,16.5,87,0.0,13.8,6,-1.4424927930936164,-13.724402156082174
2017-12-31 04:00:00,16.3,87,0.0,14.8,1,-0.2582956152717958,-14.79774588831459
2017-12-31 05:00:00,16.2,85,0.0,17.6,1,-0.30716235329618957,-17.59731943475249
2017-12-31 06:00:00,15.8,85,0.0,16.3,5,-1.4206386067868295,-16.237973578895453
2017-12-31 07:00:00,15.6,85,0.0,15.2,353,1.8524140197582417,-15.086701504948094
2017-12-31 08:00:00,17.3,77,0.0,16.0,352,2.2267696153610474,-15.844289099865126
2017-12-31 09:00:00,19.1,70,0.0,13.7,2,-0.4781231048242604,-13.691654330161612
2017-12-31 10:00:00,20.9,62,0.0,9.0,355,0.7844016847289232,-8.96575228282571
2017-12-31 11:00:00,22.7,55,0.0,6.6,338,2.4724035165450187,-6.1194134401407965
2017-12-31 12:00:00,23.2,51,0.0,12.1,348,2.5157314588948894,-11.835585968879046
2017-12-31 13:00:00,22.1,52,0.0,19.8,357,1.0362519336102907,-19.772864788140563
2017-12-31 14:00:00,21.1,52,0.0,23.0,360,1.4083438190194562e-15,-23.0
2017-12-31 15:00:00,20.6,52,0.0,20.5,358,0.7154396824012721,-20.487511953891463
2017-12-31 16:00:00,19.3,55,0.0,19.6,353,2.388639130740891,-19.45390457216991
2017-12-31 17:00:00,17.7,59,0.0,18.3,350,3.177761651304827,-18.02198188012341
2017-12-31 18:00:00,16.0,66,0.0,15.7,351,2.4560211011316255,-15.506706947343663
2017-12-31 19:00:00,14.9,71,0.0,14.1,354,1.4738513320739137,-14.022758724692652
2017-12-31 20:00:00,14.6,72,0.0,12.0,351,1.877213580482771,-11.852260087141653
2017-12-31 21:00:00,14.5,72,0.0,9.5,351,1.4861274178821937,-9.38303923565381
2017-12-31 22:00:00,14.2,74,0.0,8.6,345,2.2258437878816784,-8.306962106085987
2017-12-31 23:00:00,14.1,75,0.0,6.6,338,2.4724035165450187,-6.1194134401407965
2018-01-01 00:00:00,13.9,75,0.0,5.9,322,3.6324027044213842,-4.64926344627966
2018-01-01 01:00:00,13.6,77,0.1,7.1,330,3.5500000000000007,-6.148780366869514
2018-01-01 02:00:00,13.2,79,0.1,6.6,347,1.4846769586695083,-6.430842427582553
2018-01-01 03:00:00,13.1,81,0.1,6.5,354,0.6794350112397475,-6.4643923198937765
2018-01-01 04:00:00,12.8,82,0.0,7.2,357,0.3768188849491966,-7.190132650232932
2018-01-01 05:00:00,12.9,82,0.0,6.2,7,-0.7555899291119125,-6.153786140176197
2018-01-01 06:00:00,13.0,82,0.0,5.8,360,3.5514757175273243e-16,-5.8
2018-01-01 07:00:00,13.3,82,0.0,8.0,355,0.6972459419812651,-7.969557584733964
2018-01-01 08:00:00,15.9,69,0.0,3.3,6,-0.3449439287832561,-3.281922254715302
2018-01-01 09:00:00,18.9,61,0.0,1.3,326,0.7269507745119709,-1.0777488443215544
2018-01-01 10:00:00,21.1,54,0.0,2.2,270,2.2,0.0
2018-01-01 11:00:00,23.0,48,0.0,3.8,253,3.6339580726595346,1.1110124779463997
2018-01-01 12:00:00,24.4,45,0.0,4.4,279,4.3458286986186065,-0.6883116461770159
2018-01-01 13:00:00,25.1,44,0.0,5.4,307,4.312631754255381,-3.2498011250210608
2018-01-01 14:00:00,25.3,44,0.0,7.3,327,3.9758649556096977,-6.122295146001595
2018-01-01 15:00:00,24.9,45,0.0,10.2,337,3.985457510590592,-9.389149505214892
2018-01-01 16:00:00,24.2,46,0.0,12.3,339,4.407925779407195,-11.483039245915583
2018-01-01 17:00:00,22.1,53,0.0,9.8,324,5.760295472466237,-7.9283665448744856
2018-01-01 18:00:00,19.8,61,0.0,13.2,338,4.944807033090037,-12.238826880281593
2018-01-01 19:00:00,18.2,66,0.0,12.0,339,4.300415394543604,-11.202965117966421
2018-01-01 20:00:00,17.0,73,0.0,5.2,335,2.197614961051637,-4.7128004925905795
2018-01-01 21:00:00,16.5,75,0.0,6.8,295,6.162892951849219,-2.873804179836756
2018-01-01 22:00:00,15.5,81,0.0,4.6,321,2.894873798829252,-3.5748714227020657
2018-01-01 23:00:00,15.6,80,0.0,3.2,297,2.8512208774027776,-1.4527695991665497
2018-01-02 00:00:00,15.4,82,0.0,2.5,225,1.7677669529663689,1.7677669529663687
2018-01-02 01:00:00,14.6,88,0.0,3.1,201,1.1109406435904312,2.8940993221413254
2018-01-02 02:00:00,14.3,90,0.0,3.8,131,-2.8678964048465336,2.4930243101639276
2018-01-02 03:00:00,15.5,83,0.0,4.0,117,-3.564026096753471,1.8159619989581874
2018-01-02 04:00:00,16.2,79,0.0,2.7,67,-2.485363104321589,-1.0549740469210387
2018-01-02 05:00:00,16.9,75,0.0,1.1,72,-1.046162167924669,-0.33991869381244205
2018-01-02 06:00:00,16.5,77,0.0,3.3,319,2.1649947956686737,-2.4905416147351476
2018-01-02 07:00:00,16.1,79,0.0,2.9,330,1.4500000000000002,-2.5114736709748717
2018-01-02 08:00:00,17.9,73,0.0,3.7,241,3.2360929164157644,1.7937955949114472
2018-01-02 09:00:00,20.5,63,0.0,4.8,222,3.2118269105225195,3.5670951622914924
2018-01-02 10:00:00,23.1,51,0.0,7.1,204,2.8878301658381815,6.486172749262466
2018-01-02 11:00:00,25.3,43,0.0,8.4,211,4.326319829244455,7.200205325897744
2018-01-02 12:00:00,26.8,40,0.0,7.9,223,5.387787044493738,5.777694242791447
2018-01-02 13:00:00,27.2,41,0.0,6.8,267,6.790680836331102,0.3558845024520181
2018-01-02 14:00:00,26.7,47,0.0,8.1,291,7.5620014546273335,-2.902780391316932
2018-01-02 15:00:00,26.2,49,0.0,7.9,294,7.217009115376547,-3.2132194802988217
2018-01-02 16:00:00,25.2,50,0.0,8.1,302,6.86918957886705,-4.29234604028896
2018-01-02 17:00:00,22.9,54,0.0,8.6,303,7.212566884330647,-4.683895701129233
2018-01-02 18:00:00,20.0,64,0.0,5.4,274,5.386845871403051,-0.37668495821827663
2018-01-02 19:00:00,18.7,73,0.0,5.6,243,4.98963653545486,2.5423467985414616
2018-01-02 20:00:00,17.9,81,0.0,6.6,209,3.199743493625825,5.772490067120011
2018-01-02 21:00:00,17.6,84,0.0,6.8,183,0.35588450245201897,6.790680836331102
2018-01-02 22:00:00,17.5,86,0.0,7.6,183,0.3977532674463741,7.589584464134761
2018-01-02 23:00:00,17.6,87,0.0,6.8,198,2.1013155617496424,6.467184310807044
2018-01-03 00:00:00,17.2,90,0.0,6.9,189,1.0793978087775935,6.815049550106451
2018-01-03 01:00:00,17.1,90,0.0,6.3,167,-1.4171916423663498,6.1385314081469815
2018-01-03 02:00:00,17.1,88,0.0,6.1,177,-0.3192493330819574,6.0916401620029
2018-01-03 03:00:00,16.8,90,0.0,7.2,186,0.752604935527105,7.160557646651568
2018-01-03 04:00:00,16.6,90,0.0,6.6,167,-1.4846769586695092,6.430842427582553
2018-01-03 05:00:00,16.6,89,0.0,6.1,152,-2.8637765329939344,5.385980316439453
2018-01-03 06:00:00,17.5,85,0.0,5.9,169,-1.1257730727216144,5.791600382341218
2018-01-03 07:00:00,16.7,91,0.0,5.9,166,-1.42733918403804,5.7247447850283795
2018-01-03 08:00:00,19.2,85,0.0,6.6,171,-1.0324674692655234,6.518743047927909
2018-01-03 09:00:00,21.2,76,0.0,7.9,183,0.41345405431925736,7.889173324561134
2018-01-03 10:00:00,23.7,62,0.0,10.9,197,3.186851581477831,10.423721839997087
2018-01-03 11:00:00,25.4,53,0.0,6.7,196,1.8467702839738944,6.440453362786736
2018-01-03 12:00:00,26.5,46,0.0,6.2,159,-2.2218812871808615,5.788198644282651
2018-01-03 13:00:00,27.1,44,0.0,6.1,135,-4.313351365237939,4.31335136523794
2018-01-03 14:00:00,25.7,52,0.0,11.3,329,5.8199302464836125,-9.68599049793387
2018-01-03 15:00:00,23.3,66,0.0,16.1,321,10.132058295902384,-12.512049979457233
2018-01-03 16:00:00,23.3,65,0.0,13.6,320,8.741911491736936,-10.4182044264181
2018-01-03 17:00:00,21.5,69,0.0,9.5,299,8.30888721782426,-4.605691392340202
2018-01-03 18:00:00,19.6,78,0.0,7.3,281,7.165878439167947,-1.392905666248777
2018-01-03 19:00:00,18.9,83,0.0,5.0,291,4.667902132486009,-1.7918397477265013
2018-01-03 20:00:00,20.3,76,0.0,3.1,225,2.1920310216782974,2.192031021678297
2018-01-03 21:00:00,20.4,75,0.0,4.6,225,3.2526911934581184,3.252691193458118
2018-01-03 22:00:00,20.1,77,0.0,7.6,239,6.5144714853360535,3.9142893693164114
2018-01-03 23:00:00,19.5,82,0.0,7.1,246,6.486172749262466,2.8878301658381815
2018-01-04 00:00:00,19.0,86,0.0,3.1,225,2.1920310216782974,2.192031021678297
2018-01-04 01:00:00,19.2,84,0.0,1.6,333,0.726384799583275,-1.4256104387013886
2018-01-04 02:00:00,18.2,90,0.0,4.5,299,3.935788682127281,-2.1816432911085166
2018-01-04 03:00:00,17.8,92,0.0,4.0,260,3.939231012048832,0.6945927106677213
2018-01-04 04:00:00,17.3,96,0.0,4.6,225,3.2526911934581184,3.252691193458118
2018-01-04 05:00:00,17.5,94,0.1,3.1,135,-2.192031021678297,2.1920310216782974
2018-01-04 06:00:00,17.5,93,0.0,3.6,96,-3.580278823325784,0.37630246776355347
2018-01-04 07:00:00,18.5,86,0.0,2.3,108,-2.1874299874788528,0.7107390870623792
2018-01-04 08:00:00,18.8,88,0.0,7.9,267,7.889173324561134,0.4134540543192563
2018-01-04 09:00:00,20.3,80,0.0,6.6,209,3.199743493625825,5.772490067120011
2018-01-04 10:00:00,21.9,71,0.0,7.9,223,5.387787044493738,5.777694242791447
2018-01-04 11:00:00,21.7,73,0.9,5.4,233,4.312631754255381,3.2498011250210608
2018-01-04 12:00:00,21.4,76,2.0,5.2,236,4.310995377286217,2.907803098047884
2018-01-04 13:00:00,21.9,73,0.2,5.2,304,4.310995377286217,-2.907803098047884
2018-01-04 14:00:00,20.8,80,0.6,11.5,340,3.9332316482451914,-10.806465139037945
2018-01-04 15:00:00,18.7,92,0.7000000000000001,11.9,357,0.6227978792910333,-11.88369146357943
2018-01-04 16:00:00,18.2,94,0.6,9.5,349,1.8126854560771768,-9.325458242752807
2018-01-04 17:00:00,17.9,96,1.1,9.4,342,2.904759747124506,-8.939931253174443
2018-01-04 18:00:00,17.5,97,0.8,12.6,347,2.8343832847326977,-12.277062816293963
2018-01-04 19:00:00,17.6,95,0.3,9.5,11,-1.812685456077174,-9.325458242752807
2018-01-04 20:00:00,18.1,95,0.1,7.9,357,0.41345405431925736,-7.889173324561134
2018-01-04 21:00:00,17.8,95,0.0,12.4,334,5.435802220184561,-11.145046174109671
2018-01-04 22:00:00,17.2,96,0.1,9.6,347,2.159530121701103,-9.353952621938259
2018-01-04 23:00:00,17.2,96,0.0,4.7,4,-0.32785542659739025,-4.688551036221174
2018-01-05 00:00:00,17.2,97,0.1,8.2,337,3.203995253612044,-7.54813979831001
2018-01-05 01:00:00,16.9,98,0.2,9.2,334,4.033014550459512,-8.268905225952336
2018-01-05 02:00:00,17.0,97,0.2,6.2,350,1.0766187015349686,-6.10580806867569
2018-01-05 03:00:00,17.2,97,0.5,5.9,349,1.125773072721615,-5.791600382341218
2018-01-05 04:00:00,17.2,97,0.3,7.3,349,1.3929056662487778,-7.165878439167947
2018-01-05 05:00:00,17.2,97,0.1,9.1,342,2.8120546488120217,-8.654614298285896
2018-01-05 06:00:00,17.0,97,0.2,10.9,343,3.186851581477831,-10.423721839997087
2018-01-05 07:00:00,17.2,96,0.5,10.1,360,6.184466335694133e-16,-10.1
2018-01-05 08:00:00,17.9,97,0.3,9.7,338,3.633683956134346,-8.993683389297837
2018-01-05 09:00:00,18.1,93,0.2,13.3,347,2.991849022773404,-12.959121861643629
2018-01-05 10:00:00,19.0,85,0.0,13.7,360,8.388830574159369e-16,-13.7
2018-01-05 11:00:00,19.5,83,0.0,14.8,356,1.0323958114130536,-14.763947943845398
2018-01-05 12:00:00,20.3,75,0.0,15.9,3,-0.8321417042628145,-15.878209602597725
2018-01-05 13:00:00,21.3,68,0.0,15.5,360,9.491012693391988e-16,-15.5
2018-01-05 14:00:00,21.4,66,0.0,15.5,356,1.0812253430339411,-15.462242779027275
2018-01-05 15:00:00,21.4,64,0.0,14.4,359,0.2513146526968838,-14.397806810252035
2018-01-05 16:00:00,21.0,64,0.0,12.3,353,1.4989929238833142,-12.208317665188261
2018-01-05 17:00:00,19.5,67,0.0,12.0,339,4.300415394543604,-11.202965117966421
2018-01-05 18:00:00,17.5,72,0.0,14.1,341,4.59051097784591,-13.331811915950366
2018-01-05 19:00:00,16.6,75,0.0,12.7,345,3.2870018728020134,-12.267257993871167
2018-01-05 20:00:00,16.5,76,0.0,7.2,6,-0.7526049355271042,-7.160557646651569
2018-01-05 21:00:00,16.7,75,0.0,6.3,347,1.4171916423663489,-6.1385314081469815
2018-01-05 22:00:00,16.5,77,0.0,8.4,329,4.326319829244455,-7.200205325897744
2018-01-05 23:00:00,16.1,80,0.0,7.8,338,2.9219314286441134,-7.232034065620942
2018-01-06 00:00:00,16.0,81,0.0,5.4,352,0.7515347451843536,-5.34744757120448
2018-01-06 01:00:00,15.9,82,0.0,4.0,360,2.4492935982947064e-16,-4.0
2018-01-06 02:00:00,15.9,82,0.0,6.0,343,1.7542302283364206,-5.737828535778212
2018-01-06 03:00:00,16.0,82,0.0,4.5,331,2.181643291108517,-3.935788682127281
2018-01-06 04:00:00,16.0,82,0.0,1.8,307,1.437543918085127,-1.083267041673687
2018-01-06 05:00:00,15.6,85,0.1,7.9,300,6.841600689897066,-3.9499999999999997
2018-01-06 06:00:00,15.7,85,0.0,4.4,351,0.6883116461770161,-4.3458286986186065
2018-01-06 07:00:00,15.8,86,0.0,4.3,66,-3.9282454678631837,-1.7489675652259409
2018-01-06 08:00:00,17.4,86,0.0,4.2,70,-3.9467090073008158,-1.4364846019678084
2018-01-06 09:00:00,19.8,79,0.2,4.2,149,-2.163159914622228,3.600102662948872
2018-01-06 10:00:00,20.7,78,0.6,3.2,180,1.9594348786357652e-16,3.2
2018-01-06 11:00:00,22.0,75,0.5,6.5,214,3.634753872559854,5.388744221607771
2018-01-06 12:00:00,23.0,71,0.3,9.4,212,4.981241083792126,7.9716521038704045
2018-01-06 13:00:00,23.3,67,0.1,7.7,208,3.61493103345136,6.798696465013737
2018-01-06 14:00:00,22.8,71,0.7000000000000001,4.3,175,-0.3747696938149304,4.283637201794505
2018-01-06 15:00:00,21.7,77,3.2,2.3,252,2.1874299874788528,0.710739087062379
2018-01-06 16:00:00,20.2,89,0.7000000000000001,6.4,297,5.702441754805555,-2.9055391983330994
2018-01-06 17:00:00,19.0,94,1.7000000000000002,5.4,312,4.012982057577929,-3.6133052743378347
2018-01-06 18:00:00,18.3,94,1.2,6.9,332,3.239353783222647,-6.092338390726596
2018-01-06 19:00:00,18.1,93,1.0,4.9,324,2.8801477362331185,-3.9641832724372428
2018-01-06 20:00:00,17.8,96,0.9,6.3,31,-3.2447398719333433,-5.400153994423306
2018-01-06 21:00:00,18.2,96,3.2,5.9,14,-1.42733918403804,-5.7247447850283795
2018-01-06 22:00:00,18.5,95,2.0,4.7,360,2.8779199779962803e-16,-4.7
2018-01-06 23:00:00,18.4,96,3.9,7.1,294,6.486172749262466,-2.8878301658381815
2018-01-07 00:00:00,17.6,97,7.2,5.9,346,1.4273391840380394,-5.7247447850283795
2018-01-07 01:00:00,17.6,97,3.9,2.1,329,1.0815799573111138,-1.800051331474436
2018-01-07 02:00:00,17.5,98,2.0,2.7,337,1.0549740469210391,-2.485363104321589
2018-01-07 03:00:00,17.3,99,1.5,8.5,298,7.505054539300879,-3.990508283680072
2018-01-07 04:00:00,17.5,96,2.8,6.4,313,4.6806636903626915,-4.36478950439999
2018-01-07 05:00:00,17.8,96,1.9,2.9,60,-2.5114736709748717,-1.4500000000000002
2018-01-07 06:00:00,18.1,96,1.4,2.2,351,0.34415582308850806,-2.1729143493093033
2018-01-07 07:00:00,17.7,98,1.2,11.2,327,6.099957192168303,-9.393110360988748
2018-01-07 08:00:00,17.6,93,0.2,7.4,346,1.7902220274375409,-7.180188374442374
2018-01-07 09:00:00,18.3,87,1.5,9.7,356,0.6766377953180147,-9.676371287520293
2018-01-07 10:00:00,19.6,81,0.0,11.5,346,2.782101799396178,-11.15840085217396
2018-01-07 11:00:00,20.9,76,0.0,12.4,8,-1.7257464519048162,-12.279324052395472
2018-01-07 12:00:00,21.9,75,0.0,5.1,39,-3.2095339943541727,-3.96344440343055
2018-01-07 13:00:00,23.2,72,0.0,0.8,153,-0.36319239979163737,0.7128052193506944
2018-01-07 14:00:00,23.8,69,0.0,2.7,203,1.0549740469210391,2.485363104321589
2018-01-07 15:00:00,23.2,70,0.0,2.6,326,1.4539015490239418,-2.1554976886431088
2018-01-07 16:00:00,23.0,74,0.0,2.5,45,-1.7677669529663693,-1.7677669529663687
2018-01-07 17:00:00,22.1,88,0.0,1.8,11,-0.3434561916777803,-1.7669289302057951
2018-01-07 18:00:00,21.7,81,0.0,2.2,9,-0.3441558230885083,-2.172914349309303
2018-01-07 19:00:00,19.4,93,0.0,3.4,302,2.883363526931848,-1.8017254983928965
2018-01-07 20:00:00,18.0,98,0.0,3.1,144,-1.8221342821066664,2.5079526825623373
2018-01-07 21:00:00,18.1,99,0.0,7.0,125,-5.734064310022943,4.0150350544573215
2018-01-07 22:00:00,18.1,98,0.0,3.6,135,-2.545584412271571,2.5455844122715714
2018-01-07 23:00:00,18.1,96,1.4,2.5,45,-1.7677669529663693,-1.7677669529663687
2018-01-08 00:00:00,18.7,95,1.3,3.3,131,-2.4905416147351476,2.1649947956686737
2018-01-08 01:00:00,19.1,92,0.3,5.1,141,-3.20953399435417,3.963444403430552
2018-01-08 02:00:00,18.8,94,0.5,4.3,132,-3.195522749552794,2.8772616073430908
2018-01-08 03:00:00,19.1,91,0.1,7.4,119,-6.472185832831529,3.5875911898228954
2018-01-08 04:00:00,18.8,93,0.0,4.2,110,-3.9467090073008153,1.4364846019678092
2018-01-08 05:00:00,18.7,94,0.0,4.1,105,-3.9602958877851795,1.0611580849203361
2018-01-08 06:00:00,18.3,95,0.1,3.9,146,-2.180852323535912,3.233246532964663
2018-01-08 07:00:00,18.9,90,0.4,3.1,135,-2.192031021678297,2.1920310216782974
2018-01-08 08:00:00,20.6,89,0.0,6.4,117,-5.702441754805554,2.9055391983331003
2018-01-08 09:00:00,23.0,83,0.4,4.8,138,-3.2118269105225195,3.5670951622914924
2018-01-08 10:00:00,24.1,77,1.5,3.9,158,-1.4609657143220571,3.616017032810471
2018-01-08 11:00:00,23.5,88,3.5,15.3,319,10.037703143554761,-11.547056577408412
2018-01-08 12:00:00,18.9,97,9.0,19.7,339,7.059848606042417,-18.391534401994875
2018-01-08 13:00:00,18.7,95,4.2,21.3,348,4.428519014418277,-20.83454389563006
2018-01-08 14:00:00,18.6,92,5.4,13.6,11,-2.5950023371210067,-13.35012969488823
2018-01-08 15:00:00,18.9,93,8.1,7.4,113,-6.811735915548059,2.891410350820626
2018-01-08 16:00:00,19.3,92,0.8,3.8,41,-2.4930243101639276,-2.8678964048465336
2018-01-08 17:00:00,19.6,92,0.1,7.0,348,1.4553818357243162,-6.847033205136639
2018-01-08 18:00:00,18.6,93,0.0,16.1,333,7.309247045806704,-14.345205039432722
2018-01-08 19:00:00,17.6,94,0.0,20.4,352,2.8391312595853355,-20.201468602328035
2018-01-08 20:00:00,19.4,92,0.0,7.4,43,-5.04678786446249,-5.412017391981862
2018-01-08 21:00:00,19.5,92,0.6,9.1,351,1.4235536318661013,-8.987963899415753
2018-01-08 22:00:00,18.7,94,1.0,13.1,344,3.610849361202689,-12.592528216791978
2018-01-08 23:00:00,17.6,94,0.4,15.1,342,4.666156615061706,-14.360953396056818
2018-01-09 00:00:00,14.3,97,0.6,20.2,360,1.2368932671388266e-15,-20.2
2018-01-09 01:00:00,13.3,96,0.8,18.6,350,3.229856104604906,-18.31742420602707
2018-01-09 02:00:00,12.1,96,1.0,25.9,359,0.45201732672564515,-25.896055304550533
2018-01-09 03:00:00,11.3,92,1.1,26.0,3,-1.360734862316552,-25.96436790361892
2018-01-09 04:00:00,11.0,93,0.9,23.8,356,1.6602040751101805,-23.742024396183815
2018-01-09 05:00:00,10.9,92,1.0,23.3,8,-3.242733252369534,-23.073246001678587
2018-01-09 06:00:00,10.6,93,2.5,21.3,2,-0.7433592797632662,-21.28702461550674
2018-01-09 07:00:00,10.3,93,0.5,19.8,1,-0.34555764745821327,-19.79698436409655
2018-01-09 08:00:00,9.9,93,0.3,18.9,347,4.251574927099047,-18.415594224440945
2018-01-09 09:00:00,10.5,91,1.3,15.5,3,-0.8112073217656367,-15.478757788695894
2018-01-09 10:00:00,10.3,92,0.8,18.8,353,2.291143656016773,-18.659867650856853
2018-01-09 11:00:00,10.3,91,0.3,19.2,352,2.6721235384332567,-19.01314691983815
2018-01-09 12:00:00,10.4,90,0.7000000000000001,18.5,347,4.161594505361501,-18.025846198526853
2018-01-09 13:00:00,10.9,90,1.4,12.1,17,-3.537697627145119,-11.571287547152727
2018-01-09 14:00:00,10.5,91,0.5,17.3,339,6.199765527133697,-16.15094137840159
2018-01-09 15:00:00,10.0,88,1.2,18.7,359,0.32636000037720325,-18.697151899424515
2018-01-09 16:00:00,10.1,84,0.1,17.1,352,2.3798600264171195,-16.933583975480854
2018-01-09 17:00:00,9.9,80,0.1,17.3,5,-1.5077943495344879,-17.234168276987198
2018-01-09 18:00:00,9.8,80,0.2,16.4,351,2.565525226659787,-16.19808878576026
2018-01-09 19:00:00,9.5,86,0.9,13.7,360,8.388830574159369e-16,-13.7
2018-01-09 20:00:00,10.3,83,1.2,10.5,352,1.4613175600806874,-10.397814721786489
2018-01-09 21:00:00,10.7,79,0.0,12.7,345,3.2870018728020134,-12.267257993871167
2018-01-09 22:00:00,11.2,70,0.0,14.4,359,0.2513146526968838,-14.397806810252035
2018-01-09 23:00:00,11.6,69,0.0,7.6,8,-1.0577155672965002,-7.526037322435934
2018-01-10 00:00:00,11.6,66,0.0,8.4,353,1.023702484603239,-8.337387673787106
2018-01-10 01:00:00,11.5,64,0.1,13.1,328,6.941942361454984,-11.10943005964918
2018-01-10 02:00:00,10.4,73,0.5,13.0,358,0.453693457132514,-12.992080751248245
2018-01-10 03:00:00,10.4,76,0.1,14.1,354,1.4738513320739137,-14.022758724692652
2018-01-10 04:00:00,10.4,75,0.1,14.0,359,0.24433369012197037,-13.997867732189478
2018-01-10 05:00:00,10.5,77,0.1,11.9,2,-0.4153040107597591,-11.89275084152724
2018-01-10 06:00:00,10.5,77,0.0,13.8,351,2.158795617555187,-13.630099100212902
2018-01-10 07:00:00,10.7,75,0.0,12.3,353,1.4989929238833142,-12.208317665188261
2018-01-10 08:00:00,11.2,69,0.0,12.0,344,3.30764826980399,-11.535140351259827
2018-01-10 09:00:00,11.9,64,0.0,12.5,348,2.598896135221993,-12.22684500917257
2018-01-10 10:00:00,13.6,58,0.0,11.9,360,7.286648454926752e-16,-11.9
2018-01-10 11:00:00,15.7,54,0.0,13.0,2,-0.4536934571325099,-12.992080751248245
2018-01-10 12:00:00,16.7,48,0.0,15.9,357,0.8321417042628091,-15.878209602597725
2018-01-10 13:00:00,16.6,49,0.0,19.5,357,1.0205511467374073,-19.47327592771419
2018-01-10 14:00:00,15.8,50,0.0,21.3,357,1.1147558679747065,-21.270809090272422
2018-01-10 15:00:00,15.0,51,0.0,23.1,358,0.806178373827775,-23.085928104141114
2018-01-10 16:00:00,13.3,54,0.0,23.5,356,1.6392771329869429,-23.44275518110587
2018-01-10 17:00:00,11.8,56,0.0,20.9,1,-0.36475529453922506,-20.896816828768575
2018-01-10 18:00:00,10.6,57,0.0,14.8,4,-1.0323958114130587,-14.763947943845398
2018-01-10 19:00:00,10.0,56,0.0,13.7,357,0.7170026005283323,-13.681224626137661
2018-01-10 20:00:00,9.9,58,0.0,12.4,350,2.1532374030699373,-12.21161613735138
2018-01-10 21:00:00,10.1,55,0.0,9.0,5,-0.7844016847289242,-8.96575228282571
2018-01-10 22:00:00,10.3,54,0.0,7.6,355,0.6623836448822018,-7.571079705497266
2018-01-10 23:00:00,10.2,50,0.0,10.3,348,2.1414904154229224,-10.074920287558198
2018-01-11 00:00:00,10.1,46,0.0,10.7,346,2.588564282916444,-10.382164271153162
2018-01-11 01:00:00,9.9,48,0.0,12.3,357,0.6437322617882109,-12.283143277481258
2018-01-11 02:00:00,9.2,53,0.0,13.7,355,1.1940336756429164,-13.647867363856914
2018-01-11 03:00:00,9.8,56,0.0,13.7,3,-0.717002600528337,-13.681224626137661
2018-01-11 04:00:00,10.2,55,0.0,14.1,3,-0.7379369830255147,-14.080676440039491
2018-01-11 05:00:00,10.5,57,0.0,11.0,11,-2.098898949141991,-10.797899017924303
2018-01-11 06:00:00,10.2,59,0.0,12.3,353,1.4989929238833142,-12.208317665188261
2018-01-11 07:00:00,10.2,59,0.0,13.3,357,0.6960682180311548,-13.281772812235833
2018-01-11 08:00:00,10.8,61,0.0,10.8,2,-0.37691456438700827,-10.793420931806235
2018-01-11 09:00:00,11.5,60,0.0,10.1,4,-0.7045403848156684,-10.075396907624224
2018-01-11 10:00:00,13.1,56,0.0,7.6,3,-0.39775326744637673,-7.589584464134761
2018-01-11 11:00:00,15.2,54,0.0,9.4,356,0.6557108531947772,-9.377102072442348
2018-01-11 12:00:00,16.2,52,0.0,12.7,7,-1.547740661245369,-12.60533612584479
2018-01-11 13:00:00,17.0,47,0.0,12.6,5,-1.0981623586204938,-12.552053195955994
2018-01-11 14:00:00,16.8,48,0.0,17.3,359,0.30192663136500625,-17.29736512620557
2018-01-11 15:00:00,16.1,53,0.0,22.3,3,-1.167091824217658,-22.269438625026996
2018-01-11 16:00:00,14.6,56,0.0,20.2,356,1.4090807696313297,-20.15079381524845
2018-01-11 17:00:00,12.9,58,0.0,20.2,356,1.4090807696313297,-20.15079381524845
2018-01-11 18:00:00,11.2,59,0.0,18.1,354,1.8919651851445278,-18.000846306165748
2018-01-11 19:00:00,10.0,62,0.0,20.9,359,0.36475529453922717,-20.896816828768575
2018-01-11 20:00:00,9.9,63,0.0,19.1,360,1.1695376931857224e-15,-19.1
2018-01-11 21:00:00,9.5,63,0.0,14.8,4,-1.0323958114130587,-14.763947943845398
2018-01-11 22:00:00,8.8,64,0.0,15.9,356,1.1091279325315913,-15.861268399131205
2018-01-11 23:00:00,8.5,63,0.0,14.0,359,0.24433369012197037,-13.997867732189478
2018-01-12 00:00:00,8.0,63,0.0,15.1,348,3.1394665313481678,-14.770028771080463
2018-01-12 01:00:00,7.8,61,0.0,16.2,356,1.1300548746548287,-16.16053761420915
2018-01-12 02:00:00,7.7,57,0.0,15.8,1,-0.27574802170907925,-15.797593583470983
2018-01-12 03:00:00,7.4,56,0.0,16.2,360,9.919639073093561e-16,-16.2
2018-01-12 04:00:00,7.4,54,0.0,16.9,360,1.0348265452795135e-15,-16.9
2018-01-12 05:00:00,7.2,56,0.0,14.4,4,-1.0044932219154084,-14.36492232374147
2018-01-12 06:00:00,6.8,58,0.0,14.5,354,1.5156627173809751,-14.420567482839962
2018-01-12 07:00:00,6.8,59,0.0,14.5,6,-1.5156627173809738,-14.420567482839964
2018-01-12 08:00:00,8.8,60,0.0,14.2,353,1.7305446763530943,-14.094155353306771
2018-01-12 09:00:00,11.3,55,0.0,15.8,12,-3.2850047149206048,-15.45473209159413
2018-01-12 10:00:00,13.2,52,0.0,14.8,13,-3.3292756042892058,-14.420676958821481
2018-01-12 11:00:00,14.9,50,0.0,14.3,12,-2.973137178693965,-13.987510690493421
2018-01-12 12:00:00,16.0,46,0.0,17.1,8,-2.3798600264171257,-16.933583975480854
2018-01-12 13:00:00,16.4,44,0.0,19.6,7,-2.3886391307408847,-19.453904572169915
2018-01-12 14:00:00,16.1,45,0.0,21.7,7,-2.6445647518916937,-21.538251490616688
2018-01-12 15:00:00,15.3,46,0.0,22.4,4,-1.562545011868413,-22.34543472582006
2018-01-12 16:00:00,14.0,49,0.0,21.6,1,-0.3769719790453236,-21.596710215378053
2018-01-12 17:00:00,11.9,55,0.0,19.4,1,-0.33857668488329984,-19.39704528603399
2018-01-12 18:00:00,9.8,58,0.0,19.5,357,1.0205511467374073,-19.47327592771419
2018-01-12 19:00:00,8.7,60,0.0,16.2,360,9.919639073093561e-16,-16.2
2018-01-12 20:00:00,8.1,62,0.0,14.8,356,1.0323958114130536,-14.763947943845398
2018-01-12 21:00:00,7.6,64,0.0,11.2,356,0.7812725059342026,-11.17271736291003
2018-01-12 22:00:00,7.2,67,0.0,8.5,348,1.7672493719509554,-8.314254606237347
2018-01-12 23:00:00,6.9,68,0.0,8.8,351,1.3766232923540322,-8.691657397237213
2018-01-13 00:00:00,6.2,73,0.0,6.2,353,0.7555899291119145,-6.153786140176196
2018-01-13 01:00:00,5.9,75,0.0,7.5,343,2.192787785420526,-7.172285669722766
2018-01-13 02:00:00,5.5,77,0.0,7.2,357,0.3768188849491966,-7.190132650232932
2018-01-13 03:00:00,5.0,82,0.0,5.4,360,3.3065463576978537e-16,-5.4
2018-01-13 04:00:00,4.9,82,0.0,10.9,343,3.186851581477831,-10.423721839997087
2018-01-13 05:00:00,4.9,80,0.0,9.4,7,-1.1455718280083835,-9.329933825428428
2018-01-13 06:00:00,4.9,81,0.0,8.0,10,-1.3891854213354426,-7.878462024097664
2018-01-13 07:00:00,5.0,82,0.0,8.3,360,5.082284216461516e-16,-8.3
2018-01-13 08:00:00,7.8,75,0.0,7.1,345,1.8376152202278973,-6.858073366652385
2018-01-13 09:00:00,11.3,62,0.0,4.7,9,-0.7352419856890859,-4.6421352007971475
2018-01-13 10:00:00,14.4,53,0.0,4.1,38,-2.524212048835198,-3.2308440897875603
2018-01-13 11:00:00,16.2,50,0.0,2.2,360,1.3471114790620887e-16,-2.2
2018-01-13 12:00:00,17.3,50,0.0,2.8,310,2.1449244407331385,-1.7998053071223097
2018-01-13 13:00:00,17.8,49,0.0,3.3,347,0.7423384793347542,-3.2154212137912763
2018-01-13 14:00:00,18.1,48,0.0,4.1,345,1.061158084920335,-3.96029588778518
2018-01-13 15:00:00,18.2,46,0.0,5.2,348,1.0811407922523493,-5.086367523815789
2018-01-13 16:00:00,17.5,45,0.0,9.1,353,1.1090110249868421,-9.032169979936029
2018-01-13 17:00:00,15.3,56,0.0,8.4,340,2.872969203935618,-7.893418014601631
2018-01-13 18:00:00,12.8,64,0.0,11.9,335,5.029157314714324,-10.785062665736135
2018-01-13 19:00:00,11.2,69,0.0,8.4,340,2.872969203935618,-7.893418014601631
2018-01-13 20:00:00,10.1,76,0.0,7.6,3,-0.39775326744637673,-7.589584464134761
2018-01-13 21:00:00,11.6,68,0.0,3.0,14,-0.7257656867990033,-2.9108871788279895
2018-01-13 22:00:00,9.5,78,0.0,5.2,344,1.4333142502483958,-4.998560818879258
2018-01-13 23:00:00,8.9,82,0.0,4.6,39,-2.894873798829254,-3.5748714227020644
2018-01-14 00:00:00,8.8,83,0.0,4.3,90,-4.3,5.265981236333618e-16
2018-01-14 01:00:00,8.9,82,0.0,5.7,108,-5.421022142882375,1.7613968679372007
2018-01-14 02:00:00,9.7,79,0.0,6.0,123,-5.032023407672543,3.2678342100901636
2018-01-14 03:00:00,11.3,71,0.0,3.8,107,-3.633958072659535,1.111012477946399
2018-01-14 04:00:00,10.7,73,0.0,1.9,68,-1.761649323676896,-0.7117525274902328
2018-01-14 05:00:00,7.9,87,0.0,4.0,63,-3.5640260967534716,-1.8159619989581868
2018-01-14 06:00:00,8.0,86,0.0,3.7,61,-3.236092916415765,-1.7937955949114468
2018-01-14 07:00:00,8.5,84,0.0,3.1,54,-2.5079526825623377,-1.8221342821066664
2018-01-14 08:00:00,11.8,76,0.0,5.1,45,-3.606244584051393,-3.606244584051392
2018-01-14 09:00:00,15.8,64,0.0,2.3,18,-0.7107390870623793,-2.1874299874788528
2018-01-14 10:00:00,17.9,54,0.0,5.1,8,-0.7097828148963357,-5.050367150582008
2018-01-14 11:00:00,19.0,51,0.0,4.8,13,-1.0797650608505531,-4.6769763109691285
2018-01-14 12:00:00,19.9,50,0.0,4.3,355,0.37476969381492997,-4.283637201794505
2018-01-14 13:00:00,20.3,50,0.0,5.1,356,0.35575801609503865,-5.087576656325103
2018-01-14 14:00:00,20.6,50,0.0,6.3,347,1.4171916423663489,-6.1385314081469815
2018-01-14 15:00:00,20.0,51,0.0,10.8,339,3.870373855089244,-10.08266860616978
2018-01-14 16:00:00,18.7,53,0.0,12.2,336,4.962187045524762,-11.14525458323973
2018-01-14 17:00:00,16.9,73,0.0,8.9,328,4.716281451675524,-7.547628055792192
2018-01-14 18:00:00,14.8,90,0.0,7.8,338,2.9219314286441134,-7.232034065620942
2018-01-14 19:00:00,14.3,92,0.0,8.6,2,-0.3001356716415065,-8.594761112364223
2018-01-14 20:00:00,13.1,95,0.0,7.1,15,-1.8376152202278964,-6.858073366652385
2018-01-14 21:00:00,13.3,95,0.0,6.8,342,2.1013155617496424,-6.467184310807044
2018-01-14 22:00:00,13.0,98,0.0,8.0,352,1.1133848076805237,-7.922144549932563
2018-01-14 23:00:00,11.4,98,0.0,6.3,59,-5.400153994423308,-3.244739871933341
2018-01-15 00:00:00,12.0,92,0.0,2.9,97,-2.8783838397598336,0.35342109587492787
2018-01-15 01:00:00,12.2,90,0.0,0.8,63,-0.7128052193506944,-0.36319239979163737
2018-01-15 02:00:00,10.9,97,0.0,2.5,8,-0.3479327524001646,-2.475670171853926
2018-01-15 03:00:00,10.7,97,0.0,3.3,41,-2.1649947956686737,-2.4905416147351476
2018-01-15 04:00:00,10.6,94,0.0,4.7,32,-2.490620541896064,-3.9858260519352022
2018-01-15 05:00:00,10.4,89,0.0,3.6,37,-2.166534083347374,-2.875087836170254
2018-01-15 06:00:00,9.8,89,0.0,3.1,36,-1.822134282106667,-2.507952682562337
2018-01-15 07:00:00,10.1,84,0.0,3.1,45,-2.192031021678298,-2.192031021678297
2018-01-15 08:00:00,13.6,72,0.0,6.5,19,-2.116193003971518,-6.1458707413955596
2018-01-15 09:00:00,17.1,62,0.0,5.8,356,0.40458754771592637,-5.78587149150698
2018-01-15 10:00:00,19.1,55,0.0,6.2,350,1.0766187015349686,-6.10580806867569
2018-01-15 11:00:00,20.5,55,0.0,4.1,345,1.061158084920335,-3.96029588778518
2018-01-15 12:00:00,21.5,57,0.0,1.6,333,0.726384799583275,-1.4256104387013886
2018-01-15 13:00:00,22.2,57,0.0,0.8,333,0.3631923997916375,-0.7128052193506943
2018-01-15 14:00:00,22.5,57,0.0,0.0,270,0.0,0.0
2018-01-15 15:00:00,22.2,58,0.0,1.0,315,0.7071067811865476,-0.7071067811865475
2018-01-15 16:00:00,21.6,63,0.0,4.6,321,2.894873798829252,-3.5748714227020657
2018-01-15 17:00:00,19.5,80,0.0,6.8,335,2.873804179836756,-6.162892951849219
2018-01-15 18:00:00,16.9,95,0.0,8.9,339,3.1894747509531736,-8.308865795825096
2018-01-15 19:00:00,16.0,97,0.0,7.4,346,1.7902220274375409,-7.180188374442374
2018-01-15 20:00:00,14.6,98,0.0,8.1,347,1.8221035401853058,-7.892397524760405
2018-01-15 21:00:00,14.8,99,0.0,6.4,344,1.7640790772287946,-6.1520748540052415
2018-01-15 22:00:00,15.3,99,0.0,5.0,360,3.061616997868383e-16,-5.0
2018-01-15 23:00:00,15.7,99,0.0,2.5,8,-0.3479327524001646,-2.475670171853926
2018-01-16 00:00:00,15.6,99,0.0,1.1,72,-1.046162167924669,-0.33991869381244205
2018-01-16 01:00:00,15.2,99,0.0,1.3,34,-0.7269507745119705,-1.0777488443215544
2018-01-16 02:00:00,14.6,100,0.0,2.6,16,-0.7166571251241971,-2.4992804094396295
2018-01-16 03:00:00,14.7,99,0.0,2.2,360,1.3471114790620887e-16,-2.2
2018-01-16 04:00:00,14.5,98,0.0,3.0,14,-0.7257656867990033,-2.9108871788279895
2018-01-16 05:00:00,14.3,95,0.0,4.5,29,-2.1816432911085157,-3.935788682127282
2018-01-16 06:00:00,14.2,89,0.0,4.9,17,-1.4326213531414118,-4.685893304218873
2018-01-16 07:00:00,13.8,85,0.0,6.3,13,-1.417191642366351,-6.1385314081469815
2018-01-16 08:00:00,15.2,78,0.0,9.4,18,-2.904759747124507,-8.939931253174443
2018-01-16 09:00:00,16.8,76,0.0,9.0,5,-0.7844016847289242,-8.96575228282571
2018-01-16 10:00:00,19.2,73,0.0,7.5,343,2.192787785420526,-7.172285669722766
2018-01-16 11:00:00,21.3,71,0.0,8.6,345,2.2258437878816784,-8.306962106085987
2018-01-16 12:00:00,22.6,68,0.0,9.3,347,2.092044805397944,-9.06164160250269
2018-01-16 13:00:00,23.1,66,0.0,8.8,341,2.8649997592229797,-8.320563465273988
2018-01-16 14:00:00,23.0,67,0.0,8.6,338,3.2216167033768426,-7.973781149274371
2018-01-16 15:00:00,22.6,67,0.0,8.3,342,2.564841053312064,-7.893769085249775
2018-01-16 16:00:00,21.7,66,0.0,7.9,344,2.1775351109542935,-7.59396739791272
2018-01-16 17:00:00,20.2,69,0.0,6.6,351,1.032467469265524,-6.518743047927909
2018-01-16 18:00:00,18.0,76,0.0,5.9,11,-1.1257730727216133,-5.791600382341218
2018-01-16 19:00:00,16.6,85,0.0,5.6,15,-1.4493866525741155,-5.4091846272187825
2018-01-16 20:00:00,17.5,83,0.0,4.6,39,-2.894873798829254,-3.5748714227020644
2018-01-16 21:00:00,16.9,89,0.0,4.8,13,-1.0797650608505531,-4.6769763109691285
2018-01-16 22:00:00,16.8,91,0.0,5.2,12,-1.0811407922523508,-5.086367523815789
2018-01-16 23:00:00,17.1,92,0.0,4.5,29,-2.1816432911085157,-3.935788682127282
2018-01-17 00:00:00,17.2,91,0.0,2.9,60,-2.5114736709748717,-1.4500000000000002
2018-01-17 01:00:00,16.9,91,0.0,3.5,66,-3.197409101749103,-1.4235782507653008
2018-01-17 02:00:00,16.7,89,0.0,3.3,41,-2.1649947956686737,-2.4905416147351476
2018-01-17 03:00:00,17.3,85,0.0,4.7,4,-0.32785542659739025,-4.688551036221174
2018-01-17 04:00:00,17.3,82,0.0,11.9,357,0.6227978792910333,-11.88369146357943
2018-01-17 05:00:00,17.1,81,0.0,12.2,14,-2.951447126315947,-11.837607860567156
2018-01-17 06:00:00,17.3,78,0.0,7.9,24,-3.2132194802988208,-7.217009115376548
2018-01-17 07:00:00,17.0,79,0.0,6.0,25,-2.5357095704441948,-5.4378467222199
2018-01-17 08:00:00,19.4,71,0.0,8.2,41,-5.379684037722159,-6.18861855782673
2018-01-17 09:00:00,21.2,66,0.0,7.9,3,-0.41345405431926,-7.889173324561134
2018-01-17 10:00:00,22.2,64,0.0,11.2,345,2.8987733051482323,-10.818369254437565
2018-01-17 11:00:00,23.6,61,0.0,11.2,360,6.858022075225178e-16,-11.2
2018-01-17 12:00:00,24.4,58,0.0,10.1,6,-1.055737479003299,-10.044671143219562
2018-01-17 13:00:00,24.9,57,0.0,7.6,8,-1.0577155672965002,-7.526037322435934
2018-01-17 14:00:00,25.5,56,0.1,5.5,337,2.1490212066910055,-5.062776693988422
2018-01-17 15:00:00,24.8,61,0.1,5.3,332,2.4881992827652213,-4.679622242152313
2018-01-17 16:00:00,23.9,66,0.0,3.7,331,1.7937955949114475,-3.2360929164157644
2018-01-17 17:00:00,22.3,75,0.0,4.0,350,0.6945927106677217,-3.939231012048832
2018-01-17 18:00:00,21.2,79,0.0,5.5,302,4.664264528860342,-2.914555953282627
2018-01-17 19:00:00,20.7,80,0.0,5.7,325,3.269385687200963,-4.669166652447253
2018-01-17 20:00:00,20.1,83,0.0,4.7,4,-0.32785542659739025,-4.688551036221174
2018-01-17 21:00:00,20.3,79,0.2,4.2,20,-1.436484601967808,-3.9467090073008158
2018-01-17 22:00:00,19.4,84,0.0,4.7,9,-0.7352419856890859,-4.6421352007971475
2018-01-17 23:00:00,19.7,85,0.0,4.9,36,-2.880147736233119,-3.9641832724372423
2018-01-18 00:00:00,20.1,86,0.0,4.2,31,-2.163159914622229,-3.600102662948871
2018-01-18 01:00:00,19.9,89,0.0,5.8,22,-2.1727182418122912,-5.377666356487366
2018-01-18 02:00:00,19.5,90,0.0,7.5,17,-2.192787785420528,-7.172285669722765
2018-01-18 03:00:00,18.2,96,0.0,5.3,332,2.4881992827652213,-4.679622242152313
2018-01-18 04:00:00,18.1,97,0.1,7.6,355,0.6623836448822018,-7.571079705497266
2018-01-18 05:00:00,18.3,96,0.5,4.0,350,0.6945927106677217,-3.939231012048832
2018-01-18 06:00:00,18.3,97,0.3,6.2,353,0.7555899291119145,-6.153786140176196
2018-01-18 07:00:00,18.6,94,0.1,4.9,17,-1.4326213531414118,-4.685893304218873
2018-01-18 08:00:00,18.9,93,0.0,8.0,355,0.6972459419812651,-7.969557584733964
2018-01-18 09:00:00,20.3,87,0.0,10.4,360,6.368163355566237e-16,-10.4
2018-01-18 10:00:00,21.9,82,0.0,9.4,360,5.755839955992561e-16,-9.4
2018-01-18 11:00:00,23.1,77,0.0,7.3,349,1.3929056662487778,-7.165878439167947
2018-01-18 12:00:00,24.4,73,0.1,5.6,345,1.4493866525741161,-5.4091846272187825
2018-01-18 13:00:00,24.9,72,0.1,5.8,338,2.1727182418122895,-5.377666356487367
2018-01-18 14:00:00,24.9,72,0.0,5.2,326,2.9078030980478835,-4.3109953772862175
2018-01-18 15:00:00,23.6,76,0.0,8.7,330,4.3500000000000005,-7.534421012924615
2018-01-18 16:00:00,22.8,79,0.0,7.1,336,2.8878301658381815,-6.486172749262466
2018-01-18 17:00:00,21.7,82,0.0,8.8,325,5.0474726398892065,-7.208537989743128
2018-01-18 18:00:00,19.9,86,0.0,9.5,335,4.014873486536644,-8.609923976848174
2018-01-18 19:00:00,19.1,89,0.0,5.7,342,1.7613968679372005,-5.421022142882375
2018-01-18 20:00:00,19.0,92,0.0,5.5,337,2.1490212066910055,-5.062776693988422
2018-01-18 21:00:00,19.3,88,0.0,6.5,326,3.634753872559854,-5.388744221607771
2018-01-18 22:00:00,18.7,92,0.0,9.2,339,3.2969851358167634,-8.588939923774255
2018-01-18 23:00:00,18.4,94,0.0,4.7,337,1.8364363038995866,-4.32637281122647
2018-01-19 00:00:00,18.2,94,0.0,2.9,300,2.511473670974872,-1.4499999999999997
2018-01-19 01:00:00,18.1,95,0.0,5.6,297,4.98963653545486,-2.5423467985414616
2018-01-19 02:00:00,18.0,95,0.0,7.4,331,3.587591189822895,-6.472185832831529
2018-01-19 03:00:00,18.1,94,0.3,7.9,344,2.1775351109542935,-7.59396739791272
2018-01-19 04:00:00,17.8,95,0.9,8.2,345,2.12231616984067,-7.92059177557036
2018-01-19 05:00:00,17.6,96,0.1,10.9,343,3.186851581477831,-10.423721839997087
2018-01-19 06:00:00,17.7,95,0.8,11.3,353,1.3771235804781667,-11.215771513546938
2018-01-19 07:00:00,17.6,95,0.7000000000000001,9.8,354,1.024378940023004,-9.746314574609078
2018-01-19 08:00:00,18.1,94,2.3,13.3,13,-2.991849022773408,-12.959121861643627
2018-01-19 09:00:00,19.9,88,0.0,11.5,358,0.4013442120787624,-11.492994510719601
2018-01-19 10:00:00,20.5,86,0.0,11.3,338,4.233054505599806,-10.4771775566047
2018-01-19 11:00:00,20.7,83,0.0,9.4,337,3.672872607799173,-8.65274562245294
2018-01-19 12:00:00,20.8,81,0.0,8.7,330,4.3500000000000005,-7.534421012924615
2018-01-19 13:00:00,20.7,79,0.0,9.1,353,1.1090110249868421,-9.032169979936029
2018-01-19 14:00:00,21.2,78,0.0,7.6,3,-0.39775326744637673,-7.589584464134761
2018-01-19 15:00:00,20.9,79,0.0,8.8,348,1.8296228791962834,-8.60769888645749
2018-01-19 16:00:00,20.4,82,0.0,8.5,348,1.7672493719509554,-8.314254606237347
2018-01-19 17:00:00,19.5,85,0.0,8.8,348,1.8296228791962834,-8.60769888645749
2018-01-19 18:00:00,18.5,90,0.0,8.6,358,0.3001356716415093,-8.594761112364223
2018-01-19 19:00:00,18.1,92,0.0,5.8,356,0.40458754771592637,-5.78587149150698
2018-01-19 20:00:00,17.3,94,0.0,4.8,13,-1.0797650608505531,-4.6769763109691285
2018-01-19 21:00:00,17.5,92,0.0,2.8,320,1.7998053071223101,-2.1449244407331385
2018-01-19 22:00:00,17.3,94,0.0,8.4,295,7.61298541110786,-3.5499933986218752
2018-01-19 23:00:00,17.0,96,0.0,2.8,310,2.1449244407331385,-1.7998053071223097
2018-01-20 00:00:00,16.8,96,2.1,4.3,336,1.7489675652259409,-3.9282454678631837
2018-01-20 01:00:00,16.7,97,0.7000000000000001,7.3,349,1.3929056662487778,-7.165878439167947
2018-01-20 02:00:00,16.7,97,0.0,7.6,8,-1.0577155672965002,-7.526037322435934
2018-01-20 03:00:00,16.7,97,0.0,9.1,342,2.8120546488120217,-8.654614298285896
2018-01-20 04:00:00,16.5,97,0.0,11.2,354,1.1707187885977186,-11.13864522812466
2018-01-20 05:00:00,16.6,96,0.0,8.3,358,0.289665822630759,-8.294943864258496
2018-01-20 06:00:00,16.3,97,0.0,6.6,331,3.199743493625825,-5.772490067120011
2018-01-20 07:00:00,16.0,97,0.0,4.4,325,2.5237363199446032,-3.604268994871564
2018-01-20 08:00:00,17.4,93,0.0,1.3,304,1.0777488443215542,-0.726950774511971
2018-01-20 09:00:00,19.7,84,0.0,2.3,231,1.7874357113510329,1.4474368994146258
2018-01-20 10:00:00,21.6,79,0.0,1.8,259,1.7669289302057951,0.34345619167778063
2018-01-20 11:00:00,23.2,75,0.1,2.7,293,2.485363104321589,-1.0549740469210394
2018-01-20 12:00:00,25.1,68,0.0,1.8,259,1.7669289302057951,0.34345619167778063
2018-01-20 13:00:00,25.9,64,0.0,1.8,281,1.7669289302057951,-0.34345619167778063
2018-01-20 14:00:00,25.7,66,0.0,4.4,305,3.604268994871564,-2.523736319944603
2018-01-20 15:00:00,24.7,71,0.0,7.4,313,5.412017391981862,-5.046787864462489
2018-01-20 16:00:00,23.4,75,0.0,9.0,323,5.4163352083684355,-7.187719590425635
2018-01-20 17:00:00,21.2,79,0.0,11.2,327,6.099957192168303,-9.393110360988748
2018-01-20 18:00:00,19.1,84,0.0,10.1,343,2.952954217699641,-9.658678035226657
2018-01-20 19:00:00,18.8,85,0.0,6.5,354,0.6794350112397475,-6.4643923198937765
2018-01-20 20:00:00,17.9,90,0.0,9.4,337,3.672872607799173,-8.65274562245294
2018-01-20 21:00:00,17.4,93,0.0,8.8,348,1.8296228791962834,-8.60769888645749
2018-01-20 22:00:00,17.1,95,0.0,4.7,356,0.3278554265973886,-4.688551036221174
2018-01-20 23:00:00,16.8,97,0.0,2.2,351,0.34415582308850806,-2.1729143493093033
2018-01-21 00:00:00,16.5,98,0.0,2.8,320,1.7998053071223101,-2.1449244407331385
2018-01-21 01:00:00,16.1,100,0.0,6.1,310,4.6728711030257655,-3.921004419087889
2018-01-21 02:00:00,15.9,100,0.0,5.4,323,3.2498011250210617,-4.312631754255381
2018-01-21 03:00:00,15.8,100,0.0,4.7,351,0.7352419856890854,-4.6421352007971475
2018-01-21 04:00:00,15.8,100,0.0,4.7,360,2.8779199779962803e-16,-4.7
2018-01-21 05:00:00,15.9,100,0.0,4.3,5,-0.37476969381493047,-4.283637201794505
2018-01-21 06:00:00,15.7,100,0.0,5.5,349,1.049449474570997,-5.3989495089621515
2018-01-21 07:00:00,15.8,100,0.0,6.4,333,2.9055391983331,-5.702441754805554
2018-01-21 08:00:00,16.7,97,0.0,1.8,37,-1.083267041673687,-1.437543918085127
2018-01-21 09:00:00,19.0,88,0.0,1.3,326,0.7269507745119709,-1.0777488443215544
2018-01-21 10:00:00,20.0,85,0.0,5.4,290,5.074340152243906,-1.8469087739586112
2018-01-21 11:00:00,21.7,79,0.0,4.7,266,4.688551036221174,0.3278554265973889
2018-01-21 12:00:00,23.5,73,0.0,4.0,265,3.984778792366982,0.34862297099063266
2018-01-21 13:00:00,24.9,66,0.0,3.1,234,2.5079526825623373,1.8221342821066668
2018-01-21 14:00:00,25.2,65,0.2,3.6,217,2.1665340833473743,2.875087836170254
2018-01-21 15:00:00,24.9,65,0.0,3.9,248,3.616017032810471,1.460965714322057
2018-01-21 16:00:00,24.2,70,0.0,2.6,304,2.1554976886431083,-1.453901549023942
2018-01-21 17:00:00,22.8,77,0.0,6.1,310,4.6728711030257655,-3.921004419087889
2018-01-21 18:00:00,20.1,88,0.0,7.2,323,4.333068166694749,-5.750175672340508
2018-01-21 19:00:00,18.6,92,0.0,7.6,341,2.474317973874391,-7.185941174554807
2018-01-21 20:00:00,17.9,92,0.0,8.7,343,2.5436338310878095,-8.319851376878407
2018-01-21 21:00:00,17.6,93,0.0,7.6,335,3.211898789229316,-6.887939181478539
2018-01-21 22:00:00,17.2,95,0.0,7.8,326,4.361704647071825,-6.466493065929326
2018-01-21 23:00:00,17.1,96,0.0,9.3,347,2.092044805397944,-9.06164160250269
2018-01-22 00:00:00,16.8,98,0.2,5.7,18,-1.7613968679372012,-5.421022142882375
2018-01-22 01:00:00,17.0,98,0.1,6.4,16,-1.7640790772287929,-6.152074854005242
2018-01-22 02:00:00,17.2,98,0.0,8.7,355,0.7582549619046257,-8.666893873398186
2018-01-22 03:00:00,17.1,99,0.0,7.2,6,-0.7526049355271042,-7.160557646651569
2018-01-22 04:00:00,17.2,98,0.0,7.0,12,-1.4553818357243185,-6.847033205136639
2018-01-22 05:00:00,17.5,98,0.0,6.4,16,-1.7640790772287929,-6.152074854005242
2018-01-22 06:00:00,17.7,96,0.0,10.0,345,2.5881904510252074,-9.659258262890683
2018-01-22 07:00:00,17.5,94,0.0,13.0,355,1.1330246557195558,-12.950531075192693
2018-01-22 08:00:00,17.7,94,0.0,13.0,5,-1.1330246557195571,-12.950531075192693
2018-01-22 09:00:00,18.9,91,0.0,11.2,21,-4.013721034907368,-10.456100776768658
2018-01-22 10:00:00,22.1,76,0.0,11.4,24,-4.636797731064121,-10.414418217125652
2018-01-22 11:00:00,23.9,68,0.0,13.2,349,2.518678738970393,-12.957478821509163
2018-01-22 12:00:00,24.3,67,0.0,13.5,344,3.7211043035294886,-12.977032895167305
2018-01-22 13:00:00,24.8,65,0.0,13.3,341,4.330056454280185,-12.575397055470914
2018-01-22 14:00:00,24.2,66,0.0,16.3,338,6.1060874726793655,-15.113096829438636
2018-01-22 15:00:00,22.9,67,0.0,16.3,342,5.036977008311644,-15.502221215611003
2018-01-22 16:00:00,21.4,70,0.0,14.8,342,4.5734515167492225,-14.075636441168273
2018-01-22 17:00:00,19.6,72,0.0,14.9,340,5.096100135552466,-14.001420049710035
2018-01-22 18:00:00,17.9,74,0.0,14.0,348,2.9107636714486325,-13.694066410273278
2018-01-22 19:00:00,16.8,76,0.0,11.9,346,2.8788705576360454,-11.546519142684359
2018-01-22 20:00:00,16.0,80,0.0,5.8,330,2.9000000000000004,-5.0229473419497435
2018-01-22 21:00:00,15.8,80,0.0,5.4,323,3.2498011250210617,-4.312631754255381
2018-01-22 22:00:00,15.3,83,0.0,6.8,335,2.873804179836756,-6.162892951849219
2018-01-22 23:00:00,14.9,84,0.0,5.8,360,3.5514757175273243e-16,-5.8
2018-01-23 00:00:00,15.0,84,0.0,6.0,17,-1.7542302283364226,-5.7378285357782115
2018-01-23 01:00:00,15.0,86,0.0,4.7,23,-1.836436303899587,-4.326372811226469
2018-01-23 02:00:00,15.4,85,0.0,4.2,340,1.436484601967809,-3.9467090073008153
2018-01-23 03:00:00,15.2,84,0.0,7.9,330,3.950000000000001,-6.841600689897065
2018-01-23 04:00:00,14.8,85,0.0,9.3,347,2.092044805397944,-9.06164160250269
2018-01-23 05:00:00,14.4,88,0.0,7.9,360,4.837354856632045e-16,-7.9
2018-01-23 06:00:00,14.0,92,0.0,6.9,354,0.7212463965468089,-6.862201078041086
2018-01-23 07:00:00,13.9,93,0.0,6.6,351,1.032467469265524,-6.518743047927909
2018-01-23 08:00:00,16.4,85,0.0,5.2,344,1.4333142502483958,-4.998560818879258
2018-01-23 09:00:00,19.1,78,0.0,2.5,352,0.34793275240016364,-2.475670171853926
2018-01-23 10:00:00,21.1,70,0.0,4.8,333,2.1791543987498248,-4.276831316104166
2018-01-23 11:00:00,22.7,65,0.0,6.4,333,2.9055391983331,-5.702441754805554
2018-01-23 12:00:00,23.6,62,0.0,9.6,340,3.2833933759264204,-9.02104915954472
2018-01-23 13:00:00,23.8,60,0.0,13.0,346,3.14498464279568,-12.613844441587954
2018-01-23 14:00:00,23.8,61,0.0,14.8,354,1.5470212563612713,-14.718924051450445
2018-01-23 15:00:00,23.0,64,0.0,16.5,350,2.8651949315043517,-16.249327924701433
2018-01-23 16:00:00,21.5,68,0.0,16.9,349,3.2246720218636087,-16.58949940026552
2018-01-23 17:00:00,19.8,74,0.0,14.6,344,4.024305394928188,-14.034420760699456
2018-01-23 18:00:00,17.9,79,0.0,11.4,349,2.175222547292612,-11.19054989130337
2018-01-23 19:00:00,16.7,83,0.0,8.4,353,1.023702484603239,-8.337387673787106
2018-01-23 20:00:00,15.9,87,0.0,10.2,342,3.151973342624464,-9.700776466210565
2018-01-23 21:00:00,15.4,89,0.0,9.4,337,3.672872607799173,-8.65274562245294
2018-01-23 22:00:00,14.7,92,0.0,8.0,350,1.3891854213354433,-7.878462024097664
2018-01-23 23:00:00,14.2,95,0.0,6.6,351,1.032467469265524,-6.518743047927909
2018-01-24 00:00:00,13.8,96,0.0,5.4,352,0.7515347451843536,-5.34744757120448
2018-01-24 01:00:00,13.7,96,0.0,5.1,356,0.35575801609503865,-5.087576656325103
2018-01-24 02:00:00,13.6,96,0.0,7.6,341,2.474317973874391,-7.185941174554807
2018-01-24 03:00:00,13.4,96,0.0,8.4,350,1.4586446924022156,-8.272385125302547
2018-01-24 04:00:00,13.2,95,0.0,7.7,349,1.4692292643993958,-7.558529312547013
2018-01-24 05:00:00,13.0,95,0.0,10.9,351,1.705135668938517,-10.765802912487002
2018-01-24 06:00:00,12.9,93,0.0,9.0,355,0.7844016847289232,-8.96575228282571
2018-01-24 07:00:00,13.0,92,0.0,9.3,344,2.5634274090980926,-8.939733772226367
2018-01-24 08:00:00,15.0,86,0.0,10.9,343,3.186851581477831,-10.423721839997087
2018-01-24 09:00:00,17.4,78,0.0,10.9,351,1.705135668938517,-10.765802912487002
2018-01-24 10:00:00,19.9,69,0.0,10.9,351,1.705135668938517,-10.765802912487002
2018-01-24 11:00:00,21.8,62,0.0,10.5,352,1.4613175600806874,-10.397814721786489
2018-01-24 12:00:00,23.1,57,0.0,11.9,360,7.286648454926752e-16,-11.9
2018-01-24 13:00:00,24.1,53,0.0,12.3,7,-1.4989929238833102,-12.208317665188263
2018-01-24 14:00:00,24.3,52,0.0,13.0,2,-0.4536934571325099,-12.992080751248245
2018-01-24 15:00:00,23.8,54,0.0,13.3,2,-0.4641633061432601,-13.291897999353974
2018-01-24 16:00:00,22.8,57,0.0,13.7,360,8.388830574159369e-16,-13.7
2018-01-24 17:00:00,20.8,66,0.0,10.9,351,1.705135668938517,-10.765802912487002
2018-01-24 18:00:00,17.9,75,0.0,10.9,343,3.186851581477831,-10.423721839997087
2018-01-24 19:00:00,16.3,80,0.0,8.6,345,2.2258437878816784,-8.306962106085987
2018-01-24 20:00:00,15.8,86,0.0,10.2,328,5.40517649517869,-8.650090580795544
2018-01-24 21:00:00,14.9,88,0.0,7.5,325,4.301823272632846,-6.143640332167439
2018-01-24 22:00:00,14.7,89,0.0,2.5,315,1.7677669529663689,-1.7677669529663687
2018-01-24 23:00:00,14.0,92,0.0,3.1,291,2.8940993221413254,-1.1109406435904308
2018-01-25 00:00:00,14.3,91,0.0,1.6,207,0.726384799583275,1.4256104387013886
2018-01-25 01:00:00,13.7,93,0.0,2.9,300,2.511473670974872,-1.4499999999999997
2018-01-25 02:00:00,13.2,95,0.0,3.9,338,1.4609657143220567,-3.616017032810471
2018-01-25 03:00:00,12.8,97,0.0,7.3,349,1.3929056662487778,-7.165878439167947
2018-01-25 04:00:00,12.6,96,0.0,6.5,357,0.3401837155791358,-6.49109197590473
2018-01-25 05:00:00,12.5,97,0.0,8.1,347,1.8221035401853058,-7.892397524760405
2018-01-25 06:00:00,12.4,98,0.0,9.0,355,0.7844016847289232,-8.96575228282571
2018-01-25 07:00:00,12.4,96,0.0,8.4,7,-1.0237024846032363,-8.337387673787106
2018-01-25 08:00:00,14.9,87,0.0,7.0,348,1.4553818357243162,-6.847033205136639
2018-01-25 09:00:00,17.9,75,0.0,7.3,340,2.4967470462773824,-6.8597561317371305
2018-01-25 10:00:00,20.2,67,0.0,4.3,336,1.7489675652259409,-3.9282454678631837
2018-01-25 11:00:00,21.9,62,0.0,4.3,312,3.195522749552795,-2.8772616073430903
2018-01-25 12:00:00,23.1,59,0.0,3.9,304,3.2332465329646625,-2.180852323535913
2018-01-25 13:00:00,23.6,58,0.0,2.9,300,2.511473670974872,-1.4499999999999997
2018-01-25 14:00:00,23.7,59,0.0,2.4,333,1.0895771993749124,-2.138415658052083
2018-01-25 15:00:00,23.3,61,0.0,6.9,354,0.7212463965468089,-6.862201078041086
2018-01-25 16:00:00,22.0,67,0.0,12.9,342,3.986319227436822,-12.26862906020748
2018-01-25 17:00:00,19.9,75,0.0,15.0,339,5.375519243179506,-14.003706397458027
2018-01-25 18:00:00,18.4,80,0.0,13.6,349,2.5950023371210107,-13.35012969488823
2018-01-25 19:00:00,17.8,82,0.0,10.8,2,-0.37691456438700827,-10.793420931806235
2018-01-25 20:00:00,17.5,85,0.0,12.8,350,2.2226966741367096,-12.605539238556263
2018-01-25 21:00:00,16.8,87,0.0,14.2,351,2.221369403571279,-14.025174436450955
2018-01-25 22:00:00,16.8,86,0.0,13.0,354,1.358870022479495,-12.928784639787553
2018-01-25 23:00:00,16.6,87,0.0,10.7,348,2.224655091750026,-10.46617932785172
2018-01-26 00:00:00,16.5,88,0.0,13.7,357,0.7170026005283323,-13.681224626137661
2018-01-26 01:00:00,16.6,87,0.0,10.8,356,0.7533699164365526,-10.773691742806102
2018-01-26 02:00:00,16.6,87,0.0,9.6,340,3.2833933759264204,-9.02104915954472
2018-01-26 03:00:00,16.5,88,0.0,12.5,348,2.598896135221993,-12.22684500917257
2018-01-26 04:00:00,16.3,89,0.0,14.0,360,8.572527594031472e-16,-14.0
2018-01-26 05:00:00,15.6,91,0.0,14.1,356,0.9835662797921657,-14.06565310866352
2018-01-26 06:00:00,15.3,90,0.0,15.5,348,3.2226312076752714,-15.161287811373986
2018-01-26 07:00:00,15.5,87,0.0,18.8,356,1.3114217063895544,-18.754204144884696
2018-01-26 08:00:00,16.4,82,0.0,20.5,2,-0.7154396824012657,-20.487511953891463
2018-01-26 09:00:00,18.1,74,0.0,20.4,8,-2.8391312595853426,-20.20146860232803
2018-01-26 10:00:00,19.7,69,0.0,21.3,358,0.743359279763273,-21.28702461550674
2018-01-26 11:00:00,20.8,64,0.0,22.7,1,-0.3961696261263354,-22.69654268005008
2018-01-26 12:00:00,21.7,60,0.0,21.6,359,0.37697197904532576,-21.596710215378053
2018-01-26 13:00:00,22.1,57,0.0,20.6,355,1.7954083006017578,-20.521610780689958
2018-01-26 14:00:00,21.8,57,0.0,18.6,351,2.9096810497482952,-18.371003135069564
2018-01-26 15:00:00,21.1,58,0.0,17.1,352,2.3798600264171195,-16.933583975480854
2018-01-26 16:00:00,19.6,60,0.0,18.1,347,4.071614083623955,-17.63609817261276
2018-01-26 17:00:00,17.2,66,0.0,16.9,344,4.658271313307285,-16.245322661357587
2018-01-26 18:00:00,15.1,72,0.0,15.5,348,3.2226312076752714,-15.161287811373986
2018-01-26 19:00:00,14.0,75,0.0,12.1,348,2.5157314588948894,-11.835585968879046
2018-01-26 20:00:00,13.0,78,0.0,12.6,340,4.309453805903427,-11.840127021902445
2018-01-26 21:00:00,12.5,80,0.0,12.3,345,3.183474254761005,-11.88088766335554
2018-01-26 22:00:00,12.4,81,0.0,9.4,353,1.1455718280083864,-9.329933825428427
2018-01-26 23:00:00,12.2,81,0.0,9.2,349,1.755442757464213,-9.030970087718508
2018-01-27 00:00:00,12.1,82,0.0,9.2,349,1.755442757464213,-9.030970087718508
2018-01-27 01:00:00,12.0,82,0.0,8.4,340,2.872969203935618,-7.893418014601631
2018-01-27 02:00:00,12.4,81,0.0,8.1,347,1.8221035401853058,-7.892397524760405
2018-01-27 03:00:00,12.7,80,0.0,8.0,350,1.3891854213354433,-7.878462024097664
2018-01-27 04:00:00,12.6,81,0.1,7.7,349,1.4692292643993958,-7.558529312547013
2018-01-27 05:00:00,12.9,81,0.0,6.5,354,0.6794350112397475,-6.4643923198937765
2018-01-27 06:00:00,12.7,82,0.1,7.9,336,3.2132194802988217,-7.217009115376547
2018-01-27 07:00:00,12.8,83,0.1,5.5,349,1.049449474570997,-5.3989495089621515
2018-01-27 08:00:00,14.2,81,0.1,5.1,4,-0.35575801609504043,-5.087576656325103
2018-01-27 09:00:00,16.1,78,0.0,2.3,18,-0.7107390870623793,-2.1874299874788528
2018-01-27 10:00:00,17.4,76,0.3,0.7000000000000001,270,0.7000000000000001,0.0
2018-01-27 11:00:00,18.7,74,0.1,3.1,291,2.8940993221413254,-1.1109406435904308
2018-01-27 12:00:00,19.9,69,0.7000000000000001,6.3,283,6.1385314081469815,-1.4171916423663495
2018-01-27 13:00:00,19.6,69,0.1,5.7,305,4.669166652447253,-3.2693856872009626
2018-01-27 14:00:00,19.8,67,0.0,4.5,331,2.181643291108517,-3.935788682127281
2018-01-27 15:00:00,20.1,68,0.3,2.9,353,0.3534210958749277,-2.8783838397598336
2018-01-27 16:00:00,20.3,68,0.0,1.8,11,-0.3434561916777803,-1.7669289302057951
2018-01-27 17:00:00,20.0,70,0.0,3.7,281,3.632020578756357,-0.7059932828932158
2018-01-27 18:00:00,18.3,78,0.7000000000000001,6.6,261,6.518743047927909,1.0324674692655236
2018-01-27 19:00:00,17.1,87,0.2,4.8,297,4.276831316104166,-2.1791543987498243
2018-01-27 20:00:00,16.1,94,0.0,6.2,10,-1.0766187015349682,-6.10580806867569
2018-01-27 21:00:00,16.1,94,0.0,4.0,297,3.5640260967534716,-1.815961998958187
2018-01-27 22:00:00,15.7,96,0.0,5.4,270,5.4,0.0
2018-01-27 23:00:00,16.7,91,0.1,3.6,360,2.2043642384652358e-16,-3.6
2018-01-28 00:00:00,16.6,92,0.4,3.1,54,-2.5079526825623377,-1.8221342821066664
2018-01-28 01:00:00,16.0,96,0.0,4.1,38,-2.524212048835198,-3.2308440897875603
2018-01-28 02:00:00,16.3,94,0.2,7.0,325,4.015035054457323,-5.7340643100229425
2018-01-28 03:00:00,15.9,95,0.2,10.1,333,4.585304047369423,-8.999165894302514
2018-01-28 04:00:00,15.9,95,0.1,6.9,28,-3.239353783222646,-6.092338390726597
2018-01-28 05:00:00,16.1,95,0.0,7.3,9,-1.1419715947936866,-7.210124886344505
2018-01-28 06:00:00,15.7,97,0.0,8.8,351,1.3766232923540322,-8.691657397237213
2018-01-28 07:00:00,15.6,97,0.1,12.0,351,1.877213580482771,-11.852260087141653
2018-01-28 08:00:00,16.2,91,0.1,12.1,30,-6.050000000000005,-10.478907385791704
2018-01-28 09:00:00,17.2,88,0.0,12.5,18,-3.8627124296868445,-11.888206453689419
2018-01-28 10:00:00,18.3,85,0.3,10.8,2,-0.37691456438700827,-10.793420931806235
2018-01-28 11:00:00,19.9,77,0.0,12.2,346,2.9514471263159456,-11.837607860567156
2018-01-28 12:00:00,20.4,73,0.0,14.4,356,1.0044932219154035,-14.36492232374147
2018-01-28 13:00:00,19.9,74,0.3,17.3,2,-0.6037612929532632,-17.289461307430358
2018-01-28 14:00:00,19.1,77,0.6,14.1,15,-3.6493485359455407,-13.619554150675864
2018-01-28 15:00:00,18.5,83,0.7000000000000001,10.9,8,-1.5169868004647176,-10.793921949283115
2018-01-28 16:00:00,17.4,87,0.9,14.1,347,3.1718098662484953,-13.738617913471817
2018-01-28 17:00:00,15.6,90,0.8,15.4,344,4.244815279581787,-14.80343011745011
2018-01-28 18:00:00,14.2,90,0.7000000000000001,21.8,351,3.410271337877034,-21.531605824974005
2018-01-28 19:00:00,13.7,90,0.5,22.0,3,-1.1513910373447747,-21.969849764600625
2018-01-28 20:00:00,13.9,90,0.3,15.2,7,-1.8524140197582368,-15.086701504948095
2018-01-28 21:00:00,14.1,89,1.3,14.0,342,4.326237921249264,-13.31479122813215
2018-01-28 22:00:00,13.4,90,1.3,18.0,360,1.102182119232618e-15,-18.0
2018-01-28 23:00:00,13.4,88,0.9,14.5,346,3.507867486195181,-14.06928803100195
2018-01-29 00:00:00,13.0,87,1.0,19.3,346,4.669092585073586,-18.726707517126734
2018-01-29 01:00:00,12.6,86,0.6,23.4,359,0.4083863106324362,-23.396436066659554
2018-01-29 02:00:00,12.7,85,0.0,17.6,360,1.077689183249671e-15,-17.6
2018-01-29 03:00:00,11.9,86,0.0,19.8,357,1.0362519336102907,-19.772864788140563
2018-01-29 04:00:00,11.7,84,0.0,18.7,2,-0.6526205883367642,-18.68860846525709
2018-01-29 05:00:00,11.5,81,0.1,19.8,2,-0.691010034709515,-19.787938374978097
2018-01-29 06:00:00,11.0,80,0.0,19.2,355,1.6733902607550362,-19.126938203361515
2018-01-29 07:00:00,11.2,80,0.1,18.8,4,-1.311421706389561,-18.754204144884696
2018-01-29 08:00:00,12.5,78,0.1,11.3,22,-4.233054505599809,-10.477177556604698
2018-01-29 09:00:00,13.5,76,0.7000000000000001,11.3,353,1.3771235804781667,-11.215771513546938
2018-01-29 10:00:00,14.2,74,0.4,10.9,9,-1.7051356689385184,-10.765802912487
2018-01-29 11:00:00,15.8,73,0.0,5.9,38,-3.632402704421383,-4.649263446279661
2018-01-29 12:00:00,17.8,66,0.0,7.3,349,1.3929056662487778,-7.165878439167947
2018-01-29 13:00:00,16.7,63,0.0,22.0,356,1.534642422370755,-21.946409105716132
2018-01-29 14:00:00,14.9,66,0.0,21.0,5,-1.8302705977008231,-20.920088659926655
2018-01-29 15:00:00,14.7,66,0.1,19.4,359,0.3385766848833018,-19.39704528603399
2018-01-29 16:00:00,13.9,66,0.1,18.4,359,0.3211242784460182,-18.3971975908776
2018-01-29 17:00:00,13.1,68,0.0,15.5,359,0.27051229977789576,-15.497639274924065
2018-01-29 18:00:00,12.4,69,0.1,14.8,356,1.0323958114130536,-14.763947943845398
2018-01-29 19:00:00,11.4,73,0.1,14.5,353,1.7671054793746386,-14.391919198799169
2018-01-29 20:00:00,11.9,77,0.1,10.9,354,1.1393602496174227,-10.84028865951418
2018-01-29 21:00:00,12.1,76,0.1,10.6,342,3.275580140374443,-10.081199072728626
2018-01-29 22:00:00,12.0,77,0.2,11.3,338,4.233054505599806,-10.4771775566047
2018-01-29 23:00:00,11.7,80,0.3,11.8,337,4.61062731617343,-10.861957270738797
2018-01-30 00:00:00,11.4,84,0.2,10.1,354,1.0557374790032998,-10.04467114321956
2018-01-30 01:00:00,11.4,85,0.1,10.6,350,1.8406706832694624,-10.438962181929405
2018-01-30 02:00:00,11.3,85,0.1,9.4,342,2.904759747124506,-8.939931253174443
2018-01-30 03:00:00,11.1,87,0.3,9.8,352,1.3638963894086416,-9.70462707366739
2018-01-30 04:00:00,10.6,90,0.4,9.8,343,2.8652427062828205,-9.371786608437748
2018-01-30 05:00:00,10.9,88,0.1,9.1,9,-1.4235536318661024,-8.987963899415753
2018-01-30 06:00:00,11.1,89,0.1,8.9,346,2.1531048708370424,-8.635631963856369
2018-01-30 07:00:00,11.1,90,0.0,8.2,345,2.12231616984067,-7.92059177557036
2018-01-30 08:00:00,11.6,93,0.0,8.0,355,0.6972459419812651,-7.969557584733964
2018-01-30 09:00:00,13.7,86,0.0,3.3,13,-0.7423384793347553,-3.215421213791276
2018-01-30 10:00:00,15.6,80,0.5,4.6,162,-1.4214781741247577,4.374859974957706
2018-01-30 11:00:00,17.3,74,0.3,7.1,195,1.8376152202278973,6.858073366652385
2018-01-30 12:00:00,18.6,69,0.1,5.4,228,4.012982057577929,3.6133052743378347
2018-01-30 13:00:00,18.6,68,0.0,7.2,307,5.750175672340508,-4.333068166694748
2018-01-30 14:00:00,17.5,70,0.0,12.0,344,3.30764826980399,-11.535140351259827
2018-01-30 15:00:00,17.0,72,0.0,8.0,18,-2.4721359549995805,-7.608452130361228
2018-01-30 16:00:00,17.1,72,0.0,7.6,8,-1.0577155672965002,-7.526037322435934
2018-01-30 17:00:00,16.2,75,0.0,11.3,343,3.303800263366926,-10.806243742382302
2018-01-30 18:00:00,15.0,80,0.0,10.5,344,2.8941922360784913,-10.093247807352348
2018-01-30 19:00:00,14.2,83,0.0,9.5,335,4.014873486536644,-8.609923976848174
2018-01-30 20:00:00,14.0,88,0.1,12.1,330,6.050000000000002,-10.478907385791707
2018-01-30 21:00:00,13.7,88,0.1,10.1,354,1.0557374790032998,-10.04467114321956
2018-01-30 22:00:00,13.7,88,0.0,6.6,347,1.4846769586695083,-6.430842427582553
2018-01-30 23:00:00,13.3,90,0.0,8.8,325,5.0474726398892065,-7.208537989743128
2018-01-31 00:00:00,13.4,89,0.0,6.1,360,3.735172737399427e-16,-6.1
2018-01-31 01:00:00,13.8,89,0.0,3.3,77,-3.2154212137912763,-0.7423384793347544
2018-01-31 02:00:00,13.4,95,0.0,3.6,45,-2.545584412271572,-2.545584412271571
2018-01-31 03:00:00,14.4,91,0.0,2.2,360,1.3471114790620887e-16,-2.2
2018-01-31 04:00:00,13.7,93,0.0,8.0,333,3.6319239979163744,-7.128052193506942
2018-01-31 05:00:00,13.1,94,0.0,11.0,337,4.298042413382011,-10.125553387976844
2018-01-31 06:00:00,13.3,93,0.0,6.6,45,-4.666904755831214,-4.666904755831213
2018-01-31 07:00:00,13.5,93,0.0,7.4,67,-6.811735915548059,-2.8914103508206246
2018-01-31 08:00:00,14.9,92,0.0,3.9,68,-3.616017032810471,-1.460965714322057
2018-01-31 09:00:00,15.2,92,0.1,6.9,313,5.046340541172277,-4.70578868443124
2018-01-31 10:00:00,16.7,85,0.0,4.7,274,4.688551036221174,-0.3278554265973889
2018-01-31 11:00:00,17.8,82,0.0,7.1,300,6.148780366869515,-3.5499999999999994
2018-01-31 12:00:00,19.4,76,0.0,3.1,54,-2.5079526825623377,-1.8221342821066664
2018-01-31 13:00:00,20.4,70,0.0,4.6,18,-1.4214781741247586,-4.3748599749577055
2018-01-31 14:00:00,20.6,69,0.0,6.6,13,-1.4846769586695105,-6.430842427582552
2018-01-31 15:00:00,19.3,76,0.0,15.1,348,3.1394665313481678,-14.770028771080463
2018-01-31 16:00:00,17.4,80,0.0,18.9,352,2.630371608145237,-18.716066499215678
2018-01-31 17:00:00,16.2,82,0.1,20.7,353,2.522695408486553,-20.545705338975363
2018-01-31 18:00:00,15.0,84,0.3,22.0,2,-0.7677889274550167,-21.986598194420107
2018-01-31 19:00:00,14.5,85,0.2,20.2,1,-0.35253861003312664,-20.196923442159104
2018-01-31 20:00:00,14.4,90,0.2,21.6,360,1.3226185430791415e-15,-21.6
2018-01-31 21:00:00,13.5,92,0.9,25.3,355,2.205040291515751,-25.203725861721164
2018-01-31 22:00:00,12.1,92,1.0,26.3,359,0.45899828930055864,-26.29599438261309
2018-01-31 23:00:00,11.2,91,0.7000000000000001,20.9,358,0.7293994810822725,-20.8872682846991
2018-02-01 00:00:00,10.9,92,1.8,16.9,359,0.29494566879009276,-16.89742604814301
2018-02-01 01:00:00,10.6,93,1.1,17.9,351,2.8001769242201333,-17.679621296652964
2018-02-01 02:00:00,10.4,93,0.6,19.5,4,-1.3602512380104488,-19.452498980066572
2018-02-01 03:00:00,10.8,90,0.1,17.6,360,1.077689183249671e-15,-17.6
2018-02-01 04:00:00,10.4,92,1.0,18.1,6,-1.891965185144526,-18.00084630616575
2018-02-01 05:00:00,9.9,93,1.2,17.9,350,3.108302380238054,-17.628058778918522
2018-02-01 06:00:00,9.5,89,0.2,22.0,360,1.3471114790620886e-15,-22.0
2018-02-01 07:00:00,9.4,88,0.0,20.0,8,-2.7834620192013166,-19.805361374831406
2018-02-01 08:00:00,10.2,84,0.0,17.3,4,-1.2067869957733726,-17.257858069494958
2018-02-01 09:00:00,11.8,80,0.0,15.1,3,-0.790272939268459,-15.079305974794064
2018-02-01 10:00:00,12.7,77,0.0,15.1,1,-0.26353133720298083,-15.097700196861508
2018-02-01 11:00:00,15.1,69,0.0,14.5,7,-1.767105479374634,-14.39191919879917
2018-02-01 12:00:00,16.8,63,0.0,12.3,3,-0.643732261788215,-12.283143277481258
2018-02-01 13:00:00,17.2,61,0.0,13.4,354,1.4006814077865564,-13.326593397934863
2018-02-01 14:00:00,16.9,58,0.0,17.0,355,1.4816476267101883,-16.935309867559674
2018-02-01 15:00:00,16.0,60,0.0,18.8,3,-0.983915977367353,-18.77423525338599
2018-02-01 16:00:00,15.5,63,0.0,15.8,360,9.67470971326409e-16,-15.8
2018-02-01 17:00:00,14.0,64,0.0,17.7,354,1.8501537998374662,-17.60303754801844
2018-02-01 18:00:00,12.8,69,0.0,13.0,358,0.453693457132514,-12.992080751248245
2018-02-01 19:00:00,12.1,71,0.0,8.9,339,3.1894747509531736,-8.308865795825096
2018-02-01 20:00:00,11.9,77,0.0,14.1,345,3.6493485359455424,-13.619554150675864
2018-02-01 21:00:00,12.3,76,0.0,13.5,351,2.1118652780431173,-13.33379259803436
2018-02-01 22:00:00,12.5,78,0.0,12.7,352,1.7674983821928314,-12.576404473017943
2018-02-01 23:00:00,12.8,78,0.0,13.4,340,4.583069920563962,-12.591881118531171
2018-02-02 00:00:00,12.9,78,0.0,13.1,344,3.610849361202689,-12.592528216791978
2018-02-02 01:00:00,12.9,79,0.0,9.8,352,1.3638963894086416,-9.70462707366739
2018-02-02 02:00:00,13.0,80,0.0,8.4,20,-2.872969203935616,-7.8934180146016315
2018-02-02 03:00:00,11.8,87,0.0,11.0,319,7.2166493188955805,-8.301805382450492
2018-02-02 04:00:00,10.9,91,0.0,4.8,333,2.1791543987498248,-4.276831316104166
2018-02-02 05:00:00,11.2,90,0.0,3.3,41,-2.1649947956686737,-2.4905416147351476
2018-02-02 06:00:00,11.7,89,0.0,5.5,349,1.049449474570997,-5.3989495089621515
2018-02-02 07:00:00,11.9,88,0.0,8.7,336,3.5386087947594613,-7.947845481490627
2018-02-02 08:00:00,13.0,83,0.0,9.8,352,1.3638963894086416,-9.70462707366739
2018-02-02 09:00:00,15.3,77,0.0,7.9,3,-0.41345405431926,-7.889173324561134
2018-02-02 10:00:00,17.6,70,0.0,7.0,339,2.5085756468171025,-6.535062985480412
2018-02-02 11:00:00,19.2,65,0.0,10.4,314,7.4811339235219725,-7.224447052773572
2018-02-02 12:00:00,20.0,62,0.0,11.9,331,5.769234480931412,-10.40797451495881
2018-02-02 13:00:00,19.2,63,0.0,21.4,353,2.6080039488701563,-21.24048764512429
2018-02-02 14:00:00,18.0,64,0.0,23.4,358,0.8166482228385252,-23.38574535224684
2018-02-02 15:00:00,17.0,65,0.0,22.9,352,3.187064011985499,-22.67713877418196
2018-02-02 16:00:00,15.4,67,0.0,25.3,349,4.8274675830265865,-24.8351677412259
2018-02-02 17:00:00,14.0,69,0.0,22.8,354,2.383248962502499,-22.67509921439663
2018-02-02 18:00:00,12.8,72,0.0,18.8,353,2.291143656016773,-18.659867650856853
2018-02-02 19:00:00,12.1,74,0.0,17.4,347,3.914148345583249,-16.95403912726309
2018-02-02 20:00:00,12.3,75,0.0,14.6,340,4.993494092554765,-13.719512263474261
2018-02-02 21:00:00,11.6,77,0.0,18.0,340,6.156362579862039,-16.91446717414635
2018-02-02 22:00:00,11.1,79,0.2,19.5,356,1.3602512380104421,-19.452498980066572
2018-02-02 23:00:00,11.0,81,0.3,19.2,354,2.0069464947389464,-19.094820391070847
2018-02-03 00:00:00,10.5,90,0.7000000000000001,18.5,8,-2.5747023677612177,-18.31995927171905
2018-02-03 01:00:00,10.2,92,0.3,18.8,356,1.3114217063895544,-18.754204144884696
2018-02-03 02:00:00,9.9,89,0.1,21.3,355,1.8564173205251184,-21.21894706935418
2018-02-03 03:00:00,9.5,88,0.0,21.6,359,0.37697197904532576,-21.596710215378053
2018-02-03 04:00:00,9.0,86,0.0,21.2,1,-0.36999101647041016,-21.196771137315494
2018-02-03 05:00:00,9.1,83,0.1,17.3,5,-1.5077943495344879,-17.234168276987198
2018-02-03 06:00:00,9.0,82,0.0,15.5,357,0.8112073217656315,-15.478757788695894
2018-02-03 07:00:00,9.0,81,0.8,14.2,353,1.7305446763530943,-14.094155353306771
2018-02-03 08:00:00,9.7,82,3.4,11.6,355,1.0110066158728344,-11.555858497864248
2018-02-03 09:00:00,11.1,80,0.8,8.8,9,-1.3766232923540331,-8.691657397237211
2018-02-03 10:00:00,12.3,78,1.8,7.5,343,2.192787785420526,-7.172285669722766
2018-02-03 11:00:00,12.5,77,0.1,10.8,2,-0.37691456438700827,-10.793420931806235
2018-02-03 12:00:00,12.6,78,0.7000000000000001,14.9,8,-2.0736792043049808,-14.754994224249398
2018-02-03 13:00:00,12.4,77,0.0,17.0,6,-1.776983875550107,-16.90687222126065
2018-02-03 14:00:00,12.1,75,0.0,17.6,1,-0.30716235329618957,-17.59731943475249
2018-02-03 15:00:00,11.8,72,0.0,19.8,359,0.34555764745821527,-19.79698436409655
2018-02-03 16:00:00,10.5,78,0.5,17.3,359,0.30192663136500625,-17.29736512620557
2018-02-03 17:00:00,9.6,87,0.5,14.1,347,3.1718098662484953,-13.738617913471817
2018-02-03 18:00:00,9.3,87,0.0,17.1,342,5.284190603811602,-16.263066428647125
2018-02-03 19:00:00,8.9,84,0.0,18.5,352,2.574702367761211,-18.319959271719053
2018-02-03 20:00:00,8.7,90,0.0,18.7,2,-0.6526205883367642,-18.68860846525709
2018-02-03 21:00:00,8.8,91,0.2,13.2,349,2.518678738970393,-12.957478821509163
2018-02-03 22:00:00,8.3,91,0.3,16.4,334,7.18928680734087,-14.740222359306339
2018-02-03 23:00:00,8.1,88,0.2,16.0,352,2.2267696153610474,-15.844289099865126
2018-02-04 00:00:00,7.9,91,0.3,14.6,351,2.2839431895873714,-14.420249772689012
2018-02-04 01:00:00,7.9,90,0.4,15.5,355,1.3509140125887011,-15.441017820422056
2018-02-04 02:00:00,8.3,87,0.1,13.7,358,0.4781231048242648,-13.691654330161612
2018-02-04 03:00:00,8.4,85,0.0,13.0,346,3.14498464279568,-12.613844441587954
2018-02-04 04:00:00,8.4,84,0.0,12.9,347,2.9018686010358574,-12.569373835729534
2018-02-04 05:00:00,8.4,83,0.0,14.6,344,4.024305394928188,-14.034420760699456
2018-02-04 06:00:00,8.4,82,0.0,14.4,347,3.239295182551655,-14.030928932907388
2018-02-04 07:00:00,8.5,81,0.0,14.6,340,4.993494092554765,-13.719512263474261
2018-02-04 08:00:00,9.1,83,0.0,11.6,338,4.345436483624579,-10.755332712974734
2018-02-04 09:00:00,9.3,87,0.6,12.3,339,4.407925779407195,-11.483039245915583
2018-02-04 10:00:00,9.6,88,0.3,12.2,346,2.9514471263159456,-11.837607860567156
2018-02-04 11:00:00,10.3,83,0.2,13.2,349,2.518678738970393,-12.957478821509163
2018-02-04 12:00:00,10.8,81,0.1,13.4,355,1.167886952818619,-13.34900895442939
2018-02-04 13:00:00,10.9,80,0.0,14.2,351,2.221369403571279,-14.025174436450955
2018-02-04 14:00:00,10.6,78,0.0,18.5,353,2.2545828529952288,-18.362103805364455
2018-02-04 15:00:00,10.4,76,0.0,19.8,357,1.0362519336102907,-19.772864788140563
2018-02-04 16:00:00,10.0,76,0.0,19.9,355,1.7343992806783968,-19.824274492025737
2018-02-04 17:00:00,9.5,76,0.0,19.3,351,3.019185175276457,-19.06238497348616
2018-02-04 18:00:00,8.7,77,0.0,17.9,350,3.108302380238054,-17.628058778918522
2018-02-04 19:00:00,8.2,79,0.1,16.5,344,4.548016370980486,-15.860817982982262
2018-02-04 20:00:00,8.5,81,0.1,16.4,345,4.24463233968134,-15.84118355114072
2018-02-04 21:00:00,8.3,82,0.2,17.0,343,4.970318980286525,-16.2571808513716
2018-02-04 22:00:00,8.3,82,0.0,14.7,349,2.8048922320352103,-14.42991959668066
2018-02-04 23:00:00,8.2,83,0.1,14.8,347,3.329275604289201,-14.420676958821483
2018-02-05 00:00:00,8.0,85,0.1,14.1,345,3.6493485359455424,-13.619554150675864
2018-02-05 01:00:00,8.0,85,0.1,14.3,348,2.9731371786939604,-13.987510690493421
2018-02-05 02:00:00,7.9,85,0.1,15.2,346,3.6772128131149486,-14.748495039395145
2018-02-05 03:00:00,8.0,83,0.0,15.7,351,2.4560211011316255,-15.506706947343663
2018-02-05 04:00:00,8.1,83,0.0,15.1,359,0.26353133720298233,-15.097700196861508
2018-02-05 05:00:00,8.2,81,0.0,14.9,353,1.8158532167366976,-14.788937659455698
2018-02-05 06:00:00,8.0,79,0.0,17.3,348,3.596872251147239,-16.921953492694836
2018-02-05 07:00:00,8.0,78,0.0,19.4,349,3.701694510304971,-19.04356735888468
2018-02-05 08:00:00,8.0,77,0.0,18.9,351,2.956611389260364,-18.667309637248103
2018-02-05 09:00:00,8.6,75,0.0,18.4,356,1.2835191168919042,-18.355178524780765
2018-02-05 10:00:00,9.1,72,0.0,18.7,359,0.32636000037720325,-18.697151899424515
2018-02-05 11:00:00,9.6,69,0.0,20.2,359,0.3525386100331287,-20.196923442159104
2018-02-05 12:00:00,10.1,67,0.0,21.6,2,-0.7538291287740165,-21.58684186361247
2018-02-05 13:00:00,10.2,65,0.0,22.7,2,-0.7922185751467673,-22.686171773333474
2018-02-05 14:00:00,10.0,63,0.0,23.1,358,0.806178373827775,-23.085928104141114
2018-02-05 15:00:00,9.8,65,0.0,23.8,358,0.8306080215195257,-23.78550168305448
2018-02-05 16:00:00,9.6,64,0.0,23.8,1,-0.41536727320734723,-23.796375144722113
2018-02-05 17:00:00,8.8,67,0.0,21.6,357,1.1304566548475898,-21.570397950698798
2018-02-05 18:00:00,8.3,69,0.0,19.1,356,1.332348648512792,-19.053473359962645
2018-02-05 19:00:00,8.1,68,0.0,19.1,359,0.33334096295211674,-19.097090977487074
2018-02-05 20:00:00,8.1,65,0.0,19.2,355,1.6733902607550362,-19.126938203361515
2018-02-05 21:00:00,8.0,65,0.0,18.7,359,0.32636000037720325,-18.697151899424515
2018-02-05 22:00:00,8.1,64,0.0,19.2,5,-1.6733902607550384,-19.126938203361515
2018-02-05 23:00:00,8.4,63,0.0,18.4,4,-1.2835191168919107,-18.355178524780765
2018-02-06 00:00:00,8.8,60,0.0,18.8,3,-0.983915977367353,-18.77423525338599
2018-02-06 01:00:00,9.0,59,0.0,18.4,6,-1.9233237241248218,-18.299202874776228
2018-02-06 02:00:00,9.1,59,0.0,17.3,4,-1.2067869957733726,-17.257858069494958
2018-02-06 03:00:00,9.1,60,0.0,17.7,2,-0.6177210916342635,-17.689217638237995
2018-02-06 04:00:00,8.8,60,0.0,17.4,7,-2.120526575249561,-17.270303038559003
2018-02-06 05:00:00,8.8,60,0.0,14.6,10,-2.535263393937183,-14.378193193978237
2018-02-06 06:00:00,8.5,61,0.0,15.5,360,9.491012693391988e-16,-15.5
2018-02-06 07:00:00,8.4,62,0.0,14.2,9,-2.2213694035712805,-14.025174436450953
2018-02-06 08:00:00,9.7,64,0.0,9.8,352,1.3638963894086416,-9.70462707366739
2018-02-06 09:00:00,11.2,60,0.0,9.1,342,2.8120546488120217,-8.654614298285896
2018-02-06 10:00:00,12.6,58,0.0,7.3,340,2.4967470462773824,-6.8597561317371305
2018-02-06 11:00:00,13.8,57,0.0,6.2,339,2.2218812871808624,-5.788198644282651
2018-02-06 12:00:00,15.2,54,0.0,9.4,356,0.6557108531947772,-9.377102072442348
2018-02-06 13:00:00,15.3,54,0.0,11.9,14,-2.8788705576360467,-11.546519142684359
2018-02-06 14:00:00,15.5,54,0.0,10.0,13,-2.2495105434386526,-9.743700647852352
2018-02-06 15:00:00,15.9,55,0.0,8.7,5,-0.7582549619046267,-8.666893873398186
2018-02-06 16:00:00,15.3,56,0.0,12.9,347,2.9018686010358574,-12.569373835729534
2018-02-06 17:00:00,13.6,58,0.0,14.8,354,1.5470212563612713,-14.718924051450445
2018-02-06 18:00:00,11.4,63,0.0,14.1,356,0.9835662797921657,-14.06565310866352
2018-02-06 19:00:00,10.0,66,0.0,14.0,348,2.9107636714486325,-13.694066410273278
2018-02-06 20:00:00,9.3,66,0.0,11.4,347,2.5644420195200603,-11.107818738551682
2018-02-06 21:00:00,9.4,64,0.0,9.3,344,2.5634274090980926,-8.939733772226367
2018-02-06 22:00:00,9.2,63,0.0,12.1,333,5.493285046848516,-10.781178942679249
2018-02-06 23:00:00,9.0,64,0.0,10.6,336,4.311408416603482,-9.683581851011569
2018-02-07 00:00:00,9.1,65,0.0,7.4,14,-1.7902220274375418,-7.180188374442374
2018-02-07 01:00:00,9.4,66,0.0,8.5,348,1.7672493719509554,-8.314254606237347
2018-02-07 02:00:00,9.3,67,0.0,12.7,345,3.2870018728020134,-12.267257993871167
2018-02-07 03:00:00,9.3,68,0.0,6.3,13,-1.417191642366351,-6.1385314081469815
2018-02-07 04:00:00,9.6,71,0.0,1.6,117,-1.4256104387013886,0.7263847995832751
2018-02-07 05:00:00,9.2,73,0.0,6.8,288,6.467184310807044,-2.1013155617496424
2018-02-07 06:00:00,9.4,72,0.1,6.0,343,1.7542302283364206,-5.737828535778212
2018-02-07 07:00:00,9.9,74,0.0,10.0,128,-7.880107536067219,6.156614753256584
2018-02-07 08:00:00,10.5,74,0.0,3.1,111,-2.8940993221413254,1.1109406435904308
2018-02-07 09:00:00,11.2,75,0.1,0.8,117,-0.7128052193506943,0.36319239979163753
2018-02-07 10:00:00,11.3,78,0.3,4.9,287,4.685893304218874,-1.4326213531414103
2018-02-07 11:00:00,11.6,78,0.4,2.8,320,1.7998053071223101,-2.1449244407331385
2018-02-07 12:00:00,11.7,83,0.3,2.1,31,-1.0815799573111144,-1.8000513314744355
2018-02-07 13:00:00,12.3,84,0.2,2.1,301,1.800051331474436,-1.0815799573111138
2018-02-07 14:00:00,12.8,83,0.0,2.6,326,1.4539015490239418,-2.1554976886431088
2018-02-07 15:00:00,13.2,84,0.0,7.6,352,1.0577155672964975,-7.5260373224359345
2018-02-07 16:00:00,12.9,87,0.0,10.9,352,1.5169868004647136,-10.793921949283117
2018-02-07 17:00:00,12.5,87,0.0,10.8,356,0.7533699164365526,-10.773691742806102
2018-02-07 18:00:00,12.1,85,0.1,7.6,19,-2.4743179738743906,-7.185941174554808
2018-02-07 19:00:00,11.9,87,0.1,8.4,10,-1.458644692402215,-8.272385125302547
2018-02-07 20:00:00,12.1,92,0.2,6.9,351,1.0793978087775935,-6.815049550106451
2018-02-07 21:00:00,11.9,92,0.6,6.2,339,2.2218812871808624,-5.788198644282651
2018-02-07 22:00:00,12.0,91,0.8,6.9,351,1.0793978087775935,-6.815049550106451
2018-02-07 23:00:00,12.1,91,0.9,9.1,7,-1.1090110249868392,-9.03216997993603
2018-02-08 00:00:00,12.5,90,0.5,9.4,356,0.6557108531947772,-9.377102072442348
2018-02-08 01:00:00,12.3,90,0.5,10.1,2,-0.35248491669525767,-10.093847352892867
2018-02-08 02:00:00,11.9,88,0.4,10.5,8,-1.4613175600806911,-10.397814721786487
2018-02-08 03:00:00,11.1,87,0.4,13.3,3,-0.6960682180311593,-13.281772812235833
2018-02-08 04:00:00,11.1,87,0.5,10.4,14,-2.515987714236545,-10.091075553270363
2018-02-08 05:00:00,11.4,89,0.3,4.7,9,-0.7352419856890859,-4.6421352007971475
2018-02-08 06:00:00,11.5,91,0.3,4.0,355,0.34862297099063255,-3.984778792366982
2018-02-08 07:00:00,11.5,91,0.2,7.9,344,2.1775351109542935,-7.59396739791272
2018-02-08 08:00:00,12.0,91,0.4,6.5,354,0.6794350112397475,-6.4643923198937765
2018-02-08 09:00:00,12.5,91,0.6,5.5,349,1.049449474570997,-5.3989495089621515
2018-02-08 10:00:00,13.3,89,0.2,7.4,337,2.8914103508206255,-6.811735915548059
2018-02-08 11:00:00,14.1,86,0.0,7.4,313,5.412017391981862,-5.046787864462489
2018-02-08 12:00:00,14.5,84,0.0,6.9,354,0.7212463965468089,-6.862201078041086
2018-02-08 13:00:00,15.8,78,0.0,7.1,15,-1.8376152202278964,-6.858073366652385
2018-02-08 14:00:00,16.5,74,0.0,7.3,11,-1.3929056662487755,-7.165878439167947
2018-02-08 15:00:00,17.2,70,0.0,7.4,337,2.8914103508206255,-6.811735915548059
2018-02-08 16:00:00,16.9,70,0.0,7.5,305,6.143640332167439,-4.301823272632845
2018-02-08 17:00:00,16.0,76,0.0,3.2,297,2.8512208774027776,-1.4527695991665497
2018-02-08 18:00:00,15.0,82,0.0,3.4,288,3.233592155403522,-1.0506577808748212
2018-02-08 19:00:00,15.6,76,0.0,1.5,256,1.4554435894139948,0.3628828433995016
2018-02-08 20:00:00,14.1,83,0.0,5.2,254,4.998560818879258,1.4333142502483958
2018-02-08 21:00:00,13.9,83,0.0,3.9,202,1.4609657143220567,3.616017032810471
2018-02-08 22:00:00,14.3,79,0.0,1.4,90,-1.4,1.7145055188062944e-16
2018-02-08 23:00:00,13.6,87,0.0,3.3,77,-3.2154212137912763,-0.7423384793347544
2018-02-09 00:00:00,14.3,84,0.0,3.3,103,-3.215421213791276,0.7423384793347552
2018-02-09 01:00:00,15.2,78,0.0,2.3,231,1.7874357113510329,1.4474368994146258
2018-02-09 02:00:00,14.5,82,0.0,4.0,265,3.984778792366982,0.34862297099063266
2018-02-09 03:00:00,15.1,75,0.0,3.4,198,1.0506577808748212,3.233592155403522
2018-02-09 04:00:00,13.9,85,0.0,3.1,339,1.1109406435904312,-2.8940993221413254
2018-02-09 05:00:00,14.1,79,0.0,4.1,315,2.899137802864845,-2.8991378028648445
2018-02-09 06:00:00,13.5,85,0.0,2.8,130,-2.144924440733138,1.7998053071223103
2018-02-09 07:00:00,13.9,87,0.0,2.3,39,-1.447436899414627,-1.7874357113510322
2018-02-09 08:00:00,14.7,87,0.2,6.2,7,-0.7555899291119125,-6.153786140176197
2018-02-09 09:00:00,16.4,81,0.0,8.6,338,3.2216167033768426,-7.973781149274371
2018-02-09 10:00:00,16.9,76,0.0,8.6,358,0.3001356716415093,-8.594761112364223
2018-02-09 11:00:00,17.4,75,0.1,8.0,352,1.1133848076805237,-7.922144549932563
2018-02-09 12:00:00,19.4,66,0.0,9.5,349,1.8126854560771768,-9.325458242752807
2018-02-09 13:00:00,20.4,64,0.0,10.9,354,1.1393602496174227,-10.84028865951418
2018-02-09 14:00:00,20.5,65,0.0,10.8,2,-0.37691456438700827,-10.793420931806235
2018-02-09 15:00:00,20.8,65,0.0,10.1,2,-0.35248491669525767,-10.093847352892867
2018-02-09 16:00:00,20.3,68,0.0,10.9,354,1.1393602496174227,-10.84028865951418
2018-02-09 17:00:00,18.7,76,0.0,13.4,340,4.583069920563962,-12.591881118531171
2018-02-09 18:00:00,16.4,86,0.0,12.1,348,2.5157314588948894,-11.835585968879046
2018-02-09 19:00:00,15.8,87,0.0,11.2,360,6.858022075225178e-16,-11.2
2018-02-09 20:00:00,15.2,90,0.0,11.4,342,3.522793735874401,-10.84204428576475
2018-02-09 21:00:00,14.9,92,0.0,10.4,346,2.515987714236544,-10.091075553270363
2018-02-09 22:00:00,14.9,93,0.0,8.3,342,2.564841053312064,-7.893769085249775
2018-02-09 23:00:00,14.4,96,0.0,7.7,349,1.4692292643993958,-7.558529312547013
2018-02-10 00:00:00,14.1,97,0.0,8.0,333,3.6319239979163744,-7.128052193506942
2018-02-10 01:00:00,13.8,99,0.0,7.1,345,1.8376152202278973,-6.858073366652385
2018-02-10 02:00:00,13.7,99,0.0,8.4,350,1.4586446924022156,-8.272385125302547
2018-02-10 03:00:00,13.6,100,0.0,10.1,358,0.3524849166952609,-10.093847352892867
2018-02-10 04:00:00,13.5,100,0.0,9.5,11,-1.812685456077174,-9.325458242752807
2018-02-10 05:00:00,13.5,99,0.0,7.3,340,2.4967470462773824,-6.8597561317371305
2018-02-10 06:00:00,13.8,99,0.0,9.6,340,3.2833933759264204,-9.02104915954472
2018-02-10 07:00:00,14.3,98,0.0,10.8,358,0.3769145643870117,-10.793420931806235
2018-02-10 08:00:00,15.4,93,0.0,15.2,356,1.0602984009107035,-15.162973563949327
2018-02-10 09:00:00,16.7,86,0.0,17.0,6,-1.776983875550107,-16.90687222126065
2018-02-10 10:00:00,17.9,81,0.0,14.8,4,-1.0323958114130587,-14.763947943845398
2018-02-10 11:00:00,19.6,74,0.0,13.4,6,-1.400681407786555,-13.326593397934865
2018-02-10 12:00:00,19.3,76,0.0,12.2,358,0.42577385977051313,-12.192568089632967
2018-02-10 13:00:00,20.8,73,0.0,10.5,22,-3.933369230867079,-9.735430472951267
2018-02-10 14:00:00,21.9,70,0.0,10.2,352,1.4195656297926678,-10.100734301164017
2018-02-10 15:00:00,20.2,73,0.0,15.5,338,5.806402197946635,-14.371349745785205
2018-02-10 16:00:00,19.1,75,0.0,17.1,352,2.3798600264171195,-16.933583975480854
2018-02-10 17:00:00,18.0,79,0.0,13.7,357,0.7170026005283323,-13.681224626137661
2018-02-10 18:00:00,17.3,82,0.0,8.3,5,-0.7233926648055635,-8.268415994161488
2018-02-10 19:00:00,16.2,84,0.0,19.2,326,10.736503746638338,-15.9175213930568
2018-02-10 20:00:00,15.8,82,0.0,18.9,347,4.251574927099047,-18.415594224440945
2018-02-10 21:00:00,15.9,80,0.0,10.9,8,-1.5169868004647176,-10.793921949283115
2018-02-10 22:00:00,15.4,81,0.0,14.8,346,3.5804440548750818,-14.360376748884748
2018-02-10 23:00:00,14.9,83,0.0,12.7,352,1.7674983821928314,-12.576404473017943
2018-02-11 00:00:00,14.1,84,0.2,20.8,350,3.611882095472153,-20.484001262653926
2018-02-11 01:00:00,13.5,81,0.0,16.9,359,0.29494566879009276,-16.89742604814301
2018-02-11 02:00:00,12.9,80,0.1,21.6,359,0.37697197904532576,-21.596710215378053
2018-02-11 03:00:00,12.7,80,0.0,17.6,1,-0.30716235329618957,-17.59731943475249
2018-02-11 04:00:00,12.3,82,0.4,21.2,359,0.36999101647041227,-21.196771137315494
2018-02-11 05:00:00,11.6,89,0.7000000000000001,18.1,355,1.5775189437326125,-18.031124035460596
2018-02-11 06:00:00,11.6,89,0.3,17.6,359,0.30716235329619135,-17.59731943475249
2018-02-11 07:00:00,11.6,85,0.3,17.3,356,1.2067869957733666,-17.257858069494958
2018-02-11 08:00:00,11.1,85,0.1,16.6,1,-0.2897099468589061,-16.597471739596095
2018-02-11 09:00:00,11.8,82,0.0,14.8,4,-1.0323958114130587,-14.763947943845398
2018-02-11 10:00:00,12.2,81,0.0,15.5,4,-1.0812253430339465,-15.462242779027275
2018-02-11 11:00:00,13.1,79,0.0,12.0,9,-1.8772135804827723,-11.852260087141651
2018-02-11 12:00:00,15.7,71,0.0,9.8,6,-1.024378940023003,-9.74631457460908
2018-02-11 13:00:00,17.7,64,0.0,10.2,8,-1.4195656297926713,-10.100734301164016
2018-02-11 14:00:00,19.0,59,0.0,14.0,360,8.572527594031472e-16,-14.0
2018-02-11 15:00:00,18.3,56,0.0,17.7,355,1.542656646633549,-17.632646156223895
2018-02-11 16:00:00,17.2,57,0.0,20.0,353,2.4373868681029496,-19.85092303282644
2018-02-11 17:00:00,15.2,61,0.0,18.5,352,2.574702367761211,-18.319959271719053
2018-02-11 18:00:00,12.8,68,0.0,16.0,351,2.502951440643695,-15.803013449522204
2018-02-11 19:00:00,11.6,72,0.0,15.4,349,2.9384585287987917,-15.117058625094026
2018-02-11 20:00:00,11.5,75,0.0,13.8,351,2.158795617555187,-13.630099100212902
2018-02-11 21:00:00,11.2,76,0.0,13.8,354,1.4424927930936178,-13.724402156082173
2018-02-11 22:00:00,10.9,78,0.0,13.4,6,-1.400681407786555,-13.326593397934865
2018-02-11 23:00:00,10.3,83,0.0,9.0,358,0.31409547032250973,-8.994517443171862
2018-02-12 00:00:00,9.9,84,0.0,11.8,348,2.453357951649562,-11.542141688658907
2018-02-12 01:00:00,9.9,83,0.0,11.9,2,-0.4153040107597591,-11.89275084152724
2018-02-12 02:00:00,9.6,85,0.0,7.8,22,-2.921931428644116,-7.232034065620941
2018-02-12 03:00:00,9.4,88,0.0,9.0,355,0.7844016847289232,-8.96575228282571
2018-02-12 04:00:00,9.7,86,0.0,10.9,354,1.1393602496174227,-10.84028865951418
2018-02-12 05:00:00,10.5,80,0.0,8.7,17,-2.5436338310878126,-8.319851376878407
2018-02-12 06:00:00,10.0,82,0.0,7.1,15,-1.8376152202278964,-6.858073366652385
2018-02-12 07:00:00,9.6,82,0.0,8.0,8,-1.1133848076805266,-7.922144549932562
2018-02-12 08:00:00,11.5,73,0.0,6.2,7,-0.7555899291119125,-6.153786140176197
2018-02-12 09:00:00,13.4,71,0.0,2.5,8,-0.3479327524001646,-2.475670171853926
2018-02-12 10:00:00,15.4,68,0.0,1.8,349,0.34345619167778085,-1.7669289302057951
2018-02-12 11:00:00,17.2,64,0.0,3.3,347,0.7423384793347542,-3.2154212137912763
2018-02-12 12:00:00,18.8,60,0.0,6.8,360,4.1637991171010006e-16,-6.8
2018-02-12 13:00:00,20.0,56,0.0,8.3,2,-0.28966582263075635,-8.294943864258496
2018-02-12 14:00:00,20.3,50,0.0,16.0,351,2.502951440643695,-15.803013449522204
2018-02-12 15:00:00,19.1,49,0.0,21.6,358,0.7538291287740234,-21.58684186361247
2018-02-12 16:00:00,17.9,52,0.0,20.6,355,1.7954083006017578,-20.521610780689958
2018-02-12 17:00:00,16.2,56,0.0,17.6,345,4.555215193804365,-17.000294542687605
2018-02-12 18:00:00,14.0,59,0.0,17.2,349,3.2819147204765726,-16.883987555299818
2018-02-12 19:00:00,12.6,62,0.0,15.3,352,2.129348444689002,-15.151101451746028
2018-02-12 20:00:00,11.9,66,0.0,12.1,348,2.5157314588948894,-11.835585968879046
2018-02-12 21:00:00,11.6,67,0.0,8.7,353,1.060263287624783,-8.6351515192795
2018-02-12 22:00:00,11.3,70,0.0,5.9,346,1.4273391840380394,-5.7247447850283795
2018-02-12 23:00:00,10.7,72,0.0,5.9,346,1.4273391840380394,-5.7247447850283795
2018-02-13 00:00:00,10.0,78,0.0,4.3,355,0.37476969381492997,-4.283637201794505
2018-02-13 01:00:00,9.5,79,0.0,5.1,352,0.7097828148963339,-5.050367150582009
2018-02-13 02:00:00,9.1,81,0.0,4.7,9,-0.7352419856890859,-4.6421352007971475
2018-02-13 03:00:00,9.0,82,0.0,4.0,360,2.4492935982947064e-16,-4.0
2018-02-13 04:00:00,8.8,84,0.0,5.0,360,3.061616997868383e-16,-5.0
2018-02-13 05:00:00,8.5,87,0.0,4.7,360,2.8779199779962803e-16,-4.7
2018-02-13 06:00:00,7.9,93,0.0,5.1,8,-0.7097828148963357,-5.050367150582008
2018-02-13 07:00:00,8.7,89,0.0,4.3,336,1.7489675652259409,-3.9282454678631837
2018-02-13 08:00:00,11.7,79,0.0,2.3,309,1.7874357113510329,-1.4474368994146258
2018-02-13 09:00:00,14.8,73,0.0,3.2,180,1.9594348786357652e-16,3.2
2018-02-13 10:00:00,16.7,67,0.0,4.9,216,2.8801477362331185,3.9641832724372428
2018-02-13 11:00:00,18.4,61,0.0,6.1,225,4.31335136523794,4.313351365237939
2018-02-13 12:00:00,20.0,56,0.0,8.2,209,3.975438886019964,7.171881598543044
2018-02-13 13:00:00,21.3,50,0.0,11.3,211,5.8199302464836125,9.68599049793387
2018-02-13 14:00:00,22.4,45,0.0,13.0,228,9.660882731206126,8.698697882665158
2018-02-13 15:00:00,21.1,52,0.0,15.0,259,14.72440775171496,2.862134930648172
2018-02-13 16:00:00,19.3,59,0.0,11.1,283,10.81550771911611,-2.4969567032169016
2018-02-13 17:00:00,17.8,63,0.0,8.5,298,7.505054539300879,-3.990508283680072
2018-02-13 18:00:00,14.8,79,0.0,7.4,299,6.472185832831529,-3.5875911898228945
2018-02-13 19:00:00,15.4,73,0.0,3.1,234,2.5079526825623373,1.8221342821066668
2018-02-13 20:00:00,14.6,80,0.0,3.9,248,3.616017032810471,1.460965714322057
2018-02-13 21:00:00,13.8,86,0.0,3.8,197,1.1110124779463997,3.6339580726595346
2018-02-13 22:00:00,13.8,87,0.0,3.9,158,-1.4609657143220571,3.616017032810471
2018-02-13 23:00:00,13.7,89,0.0,5.0,150,-2.499999999999999,4.330127018922194
2018-02-14 00:00:00,14.7,81,0.0,3.9,124,-3.2332465329646625,2.180852323535913
2018-02-14 01:00:00,13.4,89,0.0,4.4,325,2.5237363199446032,-3.604268994871564
2018-02-14 02:00:00,12.8,88,0.0,5.6,345,1.4493866525741161,-5.4091846272187825
2018-02-14 03:00:00,12.0,90,0.0,6.1,357,0.3192493330819582,-6.0916401620029
2018-02-14 04:00:00,11.9,90,0.0,6.2,7,-0.7555899291119125,-6.153786140176197
2018-02-14 05:00:00,11.6,91,0.0,6.3,13,-1.417191642366351,-6.1385314081469815
2018-02-14 06:00:00,11.2,92,0.0,6.0,17,-1.7542302283364226,-5.7378285357782115
2018-02-14 07:00:00,11.5,90,0.0,6.2,10,-1.0766187015349682,-6.10580806867569
2018-02-14 08:00:00,14.1,79,0.0,6.5,357,0.3401837155791358,-6.49109197590473
2018-02-14 09:00:00,16.9,71,0.0,3.1,315,2.1920310216782974,-2.192031021678297
2018-02-14 10:00:00,19.3,64,0.0,2.7,247,2.485363104321589,1.0549740469210394
2018-02-14 11:00:00,21.3,60,0.0,5.1,231,3.963444403430551,3.2095339943541705
2018-02-14 12:00:00,23.0,55,0.0,5.8,240,5.022947341949744,2.8999999999999995
2018-02-14 13:00:00,23.8,52,0.0,5.3,242,4.679622242152313,2.4881992827652213
2018-02-14 14:00:00,23.9,48,0.0,5.4,274,5.386845871403051,-0.37668495821827663
2018-02-14 15:00:00,22.7,57,0.0,11.2,303,9.393110360988748,-6.099957192168303
2018-02-14 16:00:00,20.3,61,0.0,14.8,315,10.465180361560904,-10.465180361560902
2018-02-14 17:00:00,18.7,66,0.0,9.1,326,5.088655421583796,-7.5442419102508795
2018-02-14 18:00:00,16.3,76,0.0,5.9,14,-1.42733918403804,-5.7247447850283795
2018-02-14 19:00:00,15.0,82,0.0,5.2,25,-2.197614961051636,-4.71280049259058
2018-02-14 20:00:00,16.4,75,0.0,2.2,99,-2.172914349309303,0.3441558230885082
2018-02-14 21:00:00,16.7,75,0.0,3.4,148,-1.8017254983928963,2.8833635269318485
2018-02-14 22:00:00,16.8,75,0.0,2.2,81,-2.1729143493093033,-0.3441558230885076
2018-02-14 23:00:00,14.0,88,0.0,6.8,72,-6.467184310807045,-2.1013155617496415
2018-02-15 00:00:00,14.0,87,0.0,5.3,62,-4.679622242152313,-2.4881992827652213
2018-02-15 01:00:00,13.7,87,0.0,4.7,58,-3.9858260519352027,-2.4906205418960625
2018-02-15 02:00:00,13.1,89,0.0,4.2,59,-3.600102662948872,-2.1631599146222276
2018-02-15 03:00:00,12.3,91,0.0,3.2,63,-2.8512208774027776,-1.4527695991665495
2018-02-15 04:00:00,12.1,89,0.0,5.0,60,-4.330127018922193,-2.5000000000000004
2018-02-15 05:00:00,11.8,86,0.0,6.3,59,-5.400153994423308,-3.244739871933341
2018-02-15 06:00:00,11.8,81,0.0,5.6,63,-4.98963653545486,-2.542346798541461
2018-02-15 07:00:00,12.5,75,0.0,6.8,65,-6.16289295184922,-2.873804179836755
2018-02-15 08:00:00,17.6,62,0.0,8.8,78,-8.60769888645749,-1.8296228791962839
2018-02-15 09:00:00,23.0,54,0.0,6.1,93,-6.0916401620029,0.3192493330819572
2018-02-15 10:00:00,25.6,47,0.0,7.3,123,-6.122295146001594,3.9758649556096994
2018-02-15 11:00:00,26.8,46,0.0,5.9,137,-4.023790324368741,4.314986839553106
2018-02-15 12:00:00,27.7,45,0.0,4.7,157,-1.8364363038995868,4.326372811226469
2018-02-15 13:00:00,28.7,43,0.0,5.8,176,-0.4045875477159269,5.78587149150698
2018-02-15 14:00:00,28.5,44,0.0,6.1,267,6.0916401620029,0.31924933308195735
2018-02-15 15:00:00,27.0,51,0.0,12.3,310,9.42234665036343,-7.9062875991444335
2018-02-15 16:00:00,25.2,56,0.0,11.8,320,7.5848937943011645,-9.03932442880394
2018-02-15 17:00:00,23.3,61,0.0,7.4,337,2.8914103508206255,-6.811735915548059
2018-02-15 18:00:00,20.0,69,0.0,7.3,340,2.4967470462773824,-6.8597561317371305
2018-02-15 19:00:00,17.6,81,0.0,7.1,30,-3.550000000000003,-6.148780366869512
2018-02-15 20:00:00,17.7,84,0.0,6.6,81,-6.518743047927909,-1.0324674692655227
2018-02-15 21:00:00,17.6,88,0.0,5.8,86,-5.78587149150698,-0.4045875477159266
2018-02-15 22:00:00,17.1,90,0.0,5.2,74,-4.998560818879258,-1.4333142502483949
2018-02-15 23:00:00,16.8,90,0.0,3.8,73,-3.6339580726595346,-1.1110124779463997
2018-02-16 00:00:00,16.5,90,0.0,3.5,66,-3.197409101749103,-1.4235782507653008
2018-02-16 01:00:00,16.0,90,0.0,4.8,48,-3.5670951622914924,-3.2118269105225195
2018-02-16 02:00:00,15.2,91,0.0,3.8,49,-2.867896404846534,-2.4930243101639267
2018-02-16 03:00:00,14.8,90,0.0,3.9,56,-3.233246532964663,-2.180852323535912
2018-02-16 04:00:00,15.0,84,0.0,3.5,66,-3.197409101749103,-1.4235782507653008
2018-02-16 05:00:00,14.5,82,0.0,4.3,48,-3.195522749552795,-2.8772616073430903
2018-02-16 06:00:00,15.1,80,0.0,7.0,339,2.5085756468171025,-6.535062985480412
2018-02-16 07:00:00,15.6,88,0.0,9.1,9,-1.4235536318661024,-8.987963899415753
2018-02-16 08:00:00,18.6,69,0.0,5.2,56,-4.3109953772862175,-2.907803098047883
2018-02-16 09:00:00,20.9,63,0.0,4.4,325,2.5237363199446032,-3.604268994871564
2018-02-16 10:00:00,23.2,63,0.0,4.7,274,4.688551036221174,-0.3278554265973889
2018-02-16 11:00:00,24.7,61,0.0,6.8,288,6.467184310807044,-2.1013155617496424
2018-02-16 12:00:00,24.6,67,0.0,10.7,318,7.159697488039782,-7.951649632608118
2018-02-16 13:00:00,25.5,62,0.0,8.0,306,6.47213595499958,-4.702282018339785
2018-02-16 14:00:00,25.5,62,0.0,7.2,323,4.333068166694749,-5.750175672340508
2018-02-16 15:00:00,25.1,64,0.0,7.1,336,2.8878301658381815,-6.486172749262466
2018-02-16 16:00:00,23.9,71,0.0,10.4,340,3.557009490586956,-9.772803256173447
2018-02-16 17:00:00,22.7,77,0.0,7.9,360,4.837354856632045e-16,-7.9
2018-02-16 18:00:00,21.7,83,0.0,5.2,16,-1.4333142502483942,-4.998560818879259
2018-02-16 19:00:00,20.7,88,0.0,7.0,12,-1.4553818357243185,-6.847033205136639
2018-02-16 20:00:00,18.7,92,0.0,10.1,354,1.0557374790032998,-10.04467114321956
2018-02-16 21:00:00,18.8,91,0.0,9.0,23,-3.5165801564034647,-8.284543681071963
2018-02-16 22:00:00,17.6,95,0.0,7.0,12,-1.4553818357243185,-6.847033205136639
2018-02-16 23:00:00,18.2,93,0.0,8.3,342,2.564841053312064,-7.893769085249775
2018-02-17 00:00:00,17.7,95,0.0,12.2,341,3.971931484377312,-11.535326622311663
2018-02-17 01:00:00,17.2,97,0.0,10.6,350,1.8406706832694624,-10.438962181929405
2018-02-17 02:00:00,17.0,97,0.0,9.6,340,3.2833933759264204,-9.02104915954472
2018-02-17 03:00:00,16.7,96,0.0,13.2,338,4.944807033090037,-12.238826880281593
2018-02-17 04:00:00,15.7,98,0.0,14.2,344,3.914050452601388,-13.649916082324127
2018-02-17 05:00:00,15.2,99,0.0,12.3,345,3.183474254761005,-11.88088766335554
2018-02-17 06:00:00,14.6,99,0.0,10.9,343,3.186851581477831,-10.423721839997087
2018-02-17 07:00:00,14.6,97,0.0,10.0,339,3.583679495453004,-9.335804264972017
2018-02-17 08:00:00,16.5,86,0.0,5.8,330,2.9000000000000004,-5.0229473419497435
2018-02-17 09:00:00,18.5,78,0.0,3.8,319,2.4930243101639276,-2.8678964048465336
2018-02-17 10:00:00,20.6,71,0.0,3.3,319,2.1649947956686737,-2.4905416147351476
2018-02-17 11:00:00,22.7,65,0.0,2.6,304,2.1554976886431083,-1.453901549023942
2018-02-17 12:00:00,24.2,61,0.0,2.1,239,1.800051331474436,1.0815799573111138
2018-02-17 13:00:00,25.3,58,0.0,3.8,287,3.6339580726595346,-1.1110124779463997
2018-02-17 14:00:00,25.2,58,0.0,10.0,330,5.000000000000001,-8.660254037844386
2018-02-17 15:00:00,24.6,58,0.0,12.2,336,4.962187045524762,-11.14525458323973
2018-02-17 16:00:00,23.6,60,0.0,10.0,322,6.156614753256583,-7.88010753606722
2018-02-17 17:00:00,21.7,65,0.0,8.1,302,6.86918957886705,-4.29234604028896
2018-02-17 18:00:00,19.1,75,0.0,5.2,295,4.7128004925905795,-2.197614961051637
2018-02-17 19:00:00,17.6,83,0.0,4.0,280,3.939231012048832,-0.6945927106677213
2018-02-17 20:00:00,16.6,90,0.0,3.7,281,3.632020578756357,-0.7059932828932158
2018-02-17 21:00:00,16.3,92,0.0,3.3,276,3.2819222547153015,-0.3449439287832564
2018-02-17 22:00:00,15.8,94,0.0,5.4,290,5.074340152243906,-1.8469087739586112
2018-02-17 23:00:00,15.4,96,0.0,5.5,293,5.062776693988422,-2.149021206691006
2018-02-18 00:00:00,15.2,97,0.0,3.3,319,2.1649947956686737,-2.4905416147351476
2018-02-18 01:00:00,15.0,97,0.0,4.1,345,1.061158084920335,-3.96029588778518
2018-02-18 02:00:00,14.6,98,0.0,3.7,349,0.7059932828932162,-3.632020578756357
2018-02-18 03:00:00,14.3,98,0.0,4.0,350,0.6945927106677217,-3.939231012048832
2018-02-18 04:00:00,14.2,98,0.0,4.4,351,0.6883116461770161,-4.3458286986186065
2018-02-18 05:00:00,14.1,97,0.0,5.1,356,0.35575801609503865,-5.087576656325103
2018-02-18 06:00:00,13.9,99,0.0,6.2,353,0.7555899291119145,-6.153786140176196
2018-02-18 07:00:00,14.4,98,0.0,7.3,349,1.3929056662487778,-7.165878439167947
2018-02-18 08:00:00,17.0,88,0.0,6.5,357,0.3401837155791358,-6.49109197590473
2018-02-18 09:00:00,19.4,78,0.0,5.4,356,0.3766849582182763,-5.386845871403051
2018-02-18 10:00:00,21.6,72,0.0,3.6,360,2.2043642384652358e-16,-3.6
2018-02-18 11:00:00,23.8,65,0.0,3.7,349,0.7059932828932162,-3.632020578756357
2018-02-18 12:00:00,25.3,59,0.0,6.4,333,2.9055391983331,-5.702441754805554
2018-02-18 13:00:00,25.8,56,0.0,9.0,344,2.4807362023529924,-8.65135526344487
2018-02-18 14:00:00,26.3,53,0.0,8.5,348,1.7672493719509554,-8.314254606237347
2018-02-18 15:00:00,26.0,55,0.0,9.8,352,1.3638963894086416,-9.70462707366739
2018-02-18 16:00:00,25.1,56,0.0,9.9,341,3.223124729125852,-9.360633898433235
2018-02-18 17:00:00,23.2,62,0.0,8.8,341,2.8649997592229797,-8.320563465273988
2018-02-18 18:00:00,20.0,75,0.0,6.2,353,0.7555899291119145,-6.153786140176196
2018-02-18 19:00:00,18.2,83,0.0,5.4,4,-0.37668495821827813,-5.386845871403051
2018-02-18 20:00:00,18.0,85,0.0,5.8,360,3.5514757175273243e-16,-5.8
2018-02-18 21:00:00,19.4,78,0.0,2.9,353,0.3534210958749277,-2.8783838397598336
2018-02-18 22:00:00,18.5,82,0.0,3.0,346,0.725765686799003,-2.9108871788279895
2018-02-18 23:00:00,18.5,82,0.0,1.3,326,0.7269507745119709,-1.0777488443215544
2018-02-19 00:00:00,18.8,81,0.0,3.2,63,-2.8512208774027776,-1.4527695991665495
2018-02-19 01:00:00,17.5,85,0.0,5.5,79,-5.3989495089621515,-1.049449474570996
2018-02-19 02:00:00,17.4,83,0.0,4.9,73,-4.685893304218874,-1.4326213531414103
2018-02-19 03:00:00,17.2,81,0.0,3.9,68,-3.616017032810471,-1.460965714322057
2018-02-19 04:00:00,16.2,83,0.0,2.3,39,-1.447436899414627,-1.7874357113510322
2018-02-19 05:00:00,14.5,88,0.0,5.2,25,-2.197614961051636,-4.71280049259058
2018-02-19 06:00:00,14.2,85,0.0,5.2,34,-2.907803098047882,-4.3109953772862175
2018-02-19 07:00:00,15.6,78,0.0,2.7,23,-1.0549740469210394,-2.4853631043215887
2018-02-19 08:00:00,19.8,64,0.0,5.0,360,3.061616997868383e-16,-5.0
2018-02-19 09:00:00,23.4,53,0.0,4.1,345,1.061158084920335,-3.96029588778518
2018-02-19 10:00:00,25.6,48,0.0,5.1,4,-0.35575801609504043,-5.087576656325103
2018-02-19 11:00:00,27.1,47,0.0,6.9,351,1.0793978087775935,-6.815049550106451
2018-02-19 12:00:00,27.9,48,0.0,9.5,349,1.8126854560771768,-9.325458242752807
2018-02-19 13:00:00,28.5,47,0.0,9.0,358,0.31409547032250973,-8.994517443171862
2018-02-19 14:00:00,28.2,48,0.0,9.9,350,1.7191169589026112,-9.74959675482086
2018-02-19 15:00:00,27.5,51,0.0,11.6,344,3.19739332747719,-11.1506356728845
2018-02-19 16:00:00,26.9,51,0.0,9.8,352,1.3638963894086416,-9.70462707366739
2018-02-19 17:00:00,25.5,57,0.0,5.4,356,0.3766849582182763,-5.386845871403051
2018-02-19 18:00:00,22.1,69,0.0,6.7,344,1.8467702839738944,-6.440453362786736
2018-02-19 19:00:00,20.3,75,0.0,7.6,352,1.0577155672964975,-7.5260373224359345
2018-02-19 20:00:00,19.0,85,0.0,7.7,53,-6.149493427364155,-4.633975678270772
2018-02-19 21:00:00,19.3,85,0.0,6.2,36,-3.644268564213334,-5.015905365124674
2018-02-19 22:00:00,18.7,88,0.0,6.2,10,-1.0766187015349682,-6.10580806867569
2018-02-19 23:00:00,17.5,90,0.0,6.8,32,-3.603450996785794,-5.766727053863696
2018-02-20 00:00:00,19.2,82,0.0,2.4,63,-2.138415658052083,-1.089577199374912
2018-02-20 01:00:00,16.2,91,0.0,8.4,335,3.5499933986218752,-7.61298541110786
2018-02-20 02:00:00,16.1,91,0.0,6.6,351,1.032467469265524,-6.518743047927909
2018-02-20 03:00:00,16.2,87,0.0,5.9,11,-1.1257730727216133,-5.791600382341218
2018-02-20 04:00:00,14.8,91,0.0,6.7,344,1.8467702839738944,-6.440453362786736
2018-02-20 05:00:00,14.8,92,0.0,5.2,348,1.0811407922523493,-5.086367523815789
2018-02-20 06:00:00,14.4,93,0.0,5.1,356,0.35575801609503865,-5.087576656325103
2018-02-20 07:00:00,15.4,88,0.0,4.3,355,0.37476969381492997,-4.283637201794505
2018-02-20 08:00:00,17.9,79,0.0,5.0,339,1.791839747726502,-4.667902132486009
2018-02-20 09:00:00,20.4,70,0.0,5.6,310,4.289848881466277,-3.5996106142446194
2018-02-20 10:00:00,22.9,64,0.0,2.8,320,1.7998053071223101,-2.1449244407331385
2018-02-20 11:00:00,25.2,59,0.0,1.5,315,1.0606601717798214,-1.0606601717798212
2018-02-20 12:00:00,26.8,55,0.0,6.4,313,4.6806636903626915,-4.36478950439999
2018-02-20 13:00:00,26.7,57,0.0,10.2,321,6.419067988708342,-7.926888806861102
2018-02-20 14:00:00,26.2,61,0.0,10.8,330,5.400000000000001,-9.353074360871938
2018-02-20 15:00:00,25.7,63,0.0,10.1,333,4.585304047369423,-8.999165894302514
2018-02-20 16:00:00,24.6,66,0.0,10.3,324,6.054188098612474,-8.332875042061959
2018-02-20 17:00:00,22.6,70,0.0,11.2,327,6.099957192168303,-9.393110360988748
2018-02-20 18:00:00,20.3,78,0.0,7.7,323,4.633975678270772,-6.149493427364155
2018-02-20 19:00:00,19.3,82,0.7000000000000001,5.1,321,3.209533994354171,-3.963444403430551
2018-02-20 20:00:00,18.9,82,0.0,6.9,321,4.342310698243879,-5.3623071340531
2018-02-20 21:00:00,18.3,85,0.0,8.3,342,2.564841053312064,-7.893769085249775
2018-02-20 22:00:00,18.1,87,0.0,7.1,345,1.8376152202278973,-6.858073366652385
2018-02-20 23:00:00,18.3,87,0.1,4.4,351,0.6883116461770161,-4.3458286986186065
2018-02-21 00:00:00,18.5,87,0.7000000000000001,5.6,345,1.4493866525741161,-5.4091846272187825
2018-02-21 01:00:00,17.9,92,0.1,9.0,331,4.363286582217034,-7.871577364254562
2018-02-21 02:00:00,17.3,94,0.3,11.4,347,2.5644420195200603,-11.107818738551682
2018-02-21 03:00:00,17.0,94,0.0,12.7,352,1.7674983821928314,-12.576404473017943
2018-02-21 04:00:00,16.8,93,0.0,13.0,357,0.6803674311582716,-12.98218395180946
2018-02-21 05:00:00,16.6,93,0.0,9.4,353,1.1455718280083864,-9.329933825428427
2018-02-21 06:00:00,15.7,94,0.0,12.7,325,7.284420741658286,-10.403230962470195
2018-02-21 07:00:00,15.3,93,0.0,10.9,343,3.186851581477831,-10.423721839997087
2018-02-21 08:00:00,16.8,87,0.0,13.0,346,3.14498464279568,-12.613844441587954
2018-02-21 09:00:00,19.1,75,0.0,11.9,358,0.41530401075976286,-11.89275084152724
2018-02-21 10:00:00,20.9,68,0.0,13.7,357,0.7170026005283323,-13.681224626137661
2018-02-21 11:00:00,22.6,63,0.0,15.1,360,9.246083333562517e-16,-15.1
2018-02-21 12:00:00,23.1,61,0.0,16.3,354,1.7038139512627515,-16.210706894502856
2018-02-21 13:00:00,23.3,60,0.0,15.3,352,2.129348444689002,-15.151101451746028
2018-02-21 14:00:00,23.5,58,0.0,16.0,351,2.502951440643695,-15.803013449522204
2018-02-21 15:00:00,22.8,59,0.0,18.1,353,2.2058351156331697,-17.96508534470793
2018-02-21 16:00:00,21.9,60,0.0,16.7,354,1.7456253365698127,-16.608515652650162
2018-02-21 17:00:00,20.5,64,0.0,14.2,351,2.221369403571279,-14.025174436450955
2018-02-21 18:00:00,18.6,69,0.0,12.8,338,4.794964395723674,-11.86795333845488
2018-02-21 19:00:00,17.4,73,0.0,12.8,349,2.442355140819775,-12.5648279481301
2018-02-21 20:00:00,17.4,75,0.0,10.2,350,1.77121141220269,-10.045039080724521
2018-02-21 21:00:00,17.2,76,0.0,8.9,346,2.1531048708370424,-8.635631963856369
2018-02-21 22:00:00,16.6,80,0.0,11.6,334,5.085105302753298,-10.426010937070338
2018-02-21 23:00:00,16.3,83,0.4,12.4,350,2.1532374030699373,-12.21161613735138
2018-02-22 00:00:00,15.4,92,5.8,10.3,12,-2.141490415422926,-10.074920287558198
2018-02-22 01:00:00,15.3,90,0.9,10.5,356,0.732442974313315,-10.474422527728153
2018-02-22 02:00:00,15.1,92,1.0,8.7,343,2.5436338310878095,-8.319851376878407
2018-02-22 03:00:00,14.7,94,1.1,10.8,339,3.870373855089244,-10.08266860616978
2018-02-22 04:00:00,14.4,96,1.1,10.9,352,1.5169868004647136,-10.793921949283117
2018-02-22 05:00:00,14.6,96,5.2,8.6,345,2.2258437878816784,-8.306962106085987
2018-02-22 06:00:00,14.4,95,3.0,10.2,342,3.151973342624464,-9.700776466210565
2018-02-22 07:00:00,13.6,95,0.2,13.4,346,3.241753401035547,-13.001962732098352
2018-02-22 08:00:00,14.6,91,0.2,10.1,343,2.952954217699641,-9.658678035226657
2018-02-22 09:00:00,15.9,87,0.6,5.8,356,0.40458754771592637,-5.78587149150698
2018-02-22 10:00:00,17.4,84,0.3,4.9,17,-1.4326213531414118,-4.685893304218873
2018-02-22 11:00:00,19.7,78,0.5,4.1,15,-1.0611580849203346,-3.96029588778518
2018-02-22 12:00:00,20.2,77,1.5,3.3,41,-2.1649947956686737,-2.4905416147351476
2018-02-22 13:00:00,20.1,80,1.3,4.0,27,-1.8159619989581877,-3.564026096753471
2018-02-22 14:00:00,20.0,78,1.0,12.4,343,3.625409138561936,-11.858178973941639
2018-02-22 15:00:00,16.0,90,0.6,21.5,351,3.363340998364965,-21.235299322795463
2018-02-22 16:00:00,14.2,94,1.0,21.5,346,5.201320755392855,-20.861358114933925
2018-02-22 17:00:00,12.9,96,1.0,23.0,359,0.40140534805752276,-22.996496988597
2018-02-22 18:00:00,12.8,96,1.9,13.4,5,-1.1678869528186206,-13.34900895442939
2018-02-22 19:00:00,13.0,95,1.4,7.6,357,0.3977532674463741,-7.589584464134761
2018-02-22 20:00:00,13.2,94,0.4,11.3,323,6.800509761618147,-9.02458126353441
2018-02-22 21:00:00,12.5,96,0.2,16.9,340,5.780140422203803,-15.880805291281849
2018-02-22 22:00:00,12.1,96,0.3,14.0,23,-5.470235798849833,-12.887067948334163
2018-02-22 23:00:00,12.7,94,0.2,8.0,54,-6.4721359549995805,-4.702282018339784
2018-02-23 00:00:00,12.6,95,0.0,13.3,327,7.24369916569986,-11.154318553674141
2018-02-23 01:00:00,12.5,94,0.0,13.8,7,-1.681796938991031,-13.697136892650246
2018-02-23 02:00:00,13.0,93,0.0,7.4,29,-3.5875911898228927,-6.4721858328315305
2018-02-23 03:00:00,13.1,92,0.0,10.2,337,3.985457510590592,-9.389149505214892
2018-02-23 04:00:00,12.9,91,0.0,13.9,350,2.413709669570333,-13.688827766869691
2018-02-23 05:00:00,13.1,88,0.0,13.3,358,0.4641633061432644,-13.291897999353974
2018-02-23 06:00:00,12.8,88,0.0,11.2,360,6.858022075225178e-16,-11.2
2018-02-23 07:00:00,13.1,87,0.0,7.9,3,-0.41345405431926,-7.889173324561134
2018-02-23 08:00:00,14.6,85,0.0,3.2,333,1.45276959916655,-2.851220877402777
2018-02-23 09:00:00,16.3,79,0.0,2.2,270,2.2,0.0
2018-02-23 10:00:00,18.4,72,0.0,2.5,225,1.7677669529663689,1.7677669529663687
2018-02-23 11:00:00,19.4,68,0.0,3.4,212,1.8017254983928965,2.883363526931848
2018-02-23 12:00:00,19.8,68,0.0,3.2,180,1.9594348786357652e-16,3.2
2018-02-23 13:00:00,21.0,66,0.0,1.8,143,-1.0832670416736871,1.4375439180851268
2018-02-23 14:00:00,22.3,63,0.0,2.9,173,-0.35342109587492737,2.878383839759834
2018-02-23 15:00:00,23.0,61,0.0,3.2,117,-2.851220877402777,1.4527695991665501
2018-02-23 16:00:00,22.7,64,0.0,4.8,42,-3.211826910522519,-3.567095162291493
2018-02-23 17:00:00,21.1,71,0.0,9.1,9,-1.4235536318661024,-8.987963899415753
2018-02-23 18:00:00,18.7,76,0.0,7.5,343,2.192787785420526,-7.172285669722766
2018-02-23 19:00:00,17.8,77,0.0,7.1,336,2.8878301658381815,-6.486172749262466
2018-02-23 20:00:00,17.0,85,0.0,4.7,356,0.3278554265973886,-4.688551036221174
2018-02-23 21:00:00,17.0,81,0.0,4.9,324,2.8801477362331185,-3.9641832724372428
2018-02-23 22:00:00,16.4,83,0.0,6.4,317,4.36478950439999,-4.6806636903626915
2018-02-23 23:00:00,16.0,87,0.0,2.5,352,0.34793275240016364,-2.475670171853926
2018-02-24 00:00:00,16.1,86,0.0,4.0,333,1.8159619989581872,-3.564026096753471
2018-02-24 01:00:00,15.5,89,0.0,4.0,333,1.8159619989581872,-3.564026096753471
2018-02-24 02:00:00,15.2,93,0.0,3.0,76,-2.9108871788279895,-0.7257656867990026
2018-02-24 03:00:00,15.6,92,0.0,1.6,27,-0.7263847995832751,-1.4256104387013886
2018-02-24 04:00:00,15.7,89,0.0,4.3,336,1.7489675652259409,-3.9282454678631837
2018-02-24 05:00:00,15.2,93,0.0,4.0,297,3.5640260967534716,-1.815961998958187
2018-02-24 06:00:00,15.6,88,0.0,6.4,308,5.043268823083021,-3.9402334420842133
2018-02-24 07:00:00,16.1,87,0.0,5.5,11,-1.0494494745709955,-5.3989495089621515
2018-02-24 08:00:00,17.4,84,0.0,7.1,24,-2.8878301658381806,-6.486172749262467
2018-02-24 09:00:00,19.0,79,0.0,6.1,62,-5.385980316439453,-2.863776532993934
2018-02-24 10:00:00,21.0,71,0.0,4.8,13,-1.0797650608505531,-4.6769763109691285
2018-02-24 11:00:00,21.4,71,0.0,8.4,340,2.872969203935618,-7.893418014601631
2018-02-24 12:00:00,21.5,72,0.0,8.6,345,2.2258437878816784,-8.306962106085987
2018-02-24 13:00:00,22.9,69,0.0,8.1,347,1.8221035401853058,-7.892397524760405
2018-02-24 14:00:00,23.4,68,0.0,6.8,342,2.1013155617496424,-6.467184310807044
2018-02-24 15:00:00,24.0,67,0.0,5.4,356,0.3766849582182763,-5.386845871403051
2018-02-24 16:00:00,23.6,68,0.0,8.4,353,1.023702484603239,-8.337387673787106
2018-02-24 17:00:00,22.2,73,0.0,9.0,355,0.7844016847289232,-8.96575228282571
2018-02-24 18:00:00,19.6,83,0.0,7.6,352,1.0577155672964975,-7.5260373224359345
2018-02-24 19:00:00,18.1,87,0.0,8.9,346,2.1531048708370424,-8.635631963856369
2018-02-24 20:00:00,17.4,86,0.0,6.5,3,-0.340183715579138,-6.49109197590473
2018-02-24 21:00:00,17.0,91,0.0,4.2,20,-1.436484601967808,-3.9467090073008158
2018-02-24 22:00:00,16.6,94,0.0,4.0,355,0.34862297099063255,-3.984778792366982
2018-02-24 23:00:00,16.7,93,0.0,5.9,349,1.125773072721615,-5.791600382341218
2018-02-25 00:00:00,16.3,95,0.0,5.4,8,-0.7515347451843555,-5.34744757120448
2018-02-25 01:00:00,15.7,97,0.0,5.2,344,1.4333142502483958,-4.998560818879258
2018-02-25 02:00:00,16.1,97,0.0,3.7,11,-0.7059932828932151,-3.632020578756357
2018-02-25 03:00:00,16.3,97,0.0,3.1,36,-1.822134282106667,-2.507952682562337
2018-02-25 04:00:00,16.3,96,0.0,3.6,360,2.2043642384652358e-16,-3.6
2018-02-25 05:00:00,16.4,96,0.0,8.7,336,3.5386087947594613,-7.947845481490627
2018-02-25 06:00:00,16.1,97,0.1,10.4,358,0.36295476570601126,-10.393664600998596
2018-02-25 07:00:00,16.6,94,0.0,9.7,2,-0.33852511801425733,-9.694091022085228
2018-02-25 08:00:00,18.4,86,0.5,10.9,352,1.5169868004647136,-10.793921949283117
2018-02-25 09:00:00,20.4,78,0.0,8.5,12,-1.767249371950958,-8.314254606237347
2018-02-25 10:00:00,22.1,73,0.0,8.8,12,-1.8296228791962863,-8.60769888645749
2018-02-25 11:00:00,22.9,72,0.0,12.1,348,2.5157314588948894,-11.835585968879046
2018-02-25 12:00:00,21.8,78,0.9,15.6,352,2.171100374977021,-15.448181872368497
2018-02-25 13:00:00,22.1,75,1.0,16.6,360,1.0164568432923032e-15,-16.6
2018-02-25 14:00:00,22.4,72,0.0,16.2,360,9.919639073093561e-16,-16.2
2018-02-25 15:00:00,21.8,70,0.2,17.1,353,2.083965772228022,-16.972539193066606
2018-02-25 16:00:00,20.6,74,1.3,15.5,359,0.27051229977789576,-15.497639274924065
2018-02-25 17:00:00,18.8,80,0.9,14.4,359,0.2513146526968838,-14.397806810252035
2018-02-25 18:00:00,16.9,87,1.7000000000000002,14.5,346,3.507867486195181,-14.06928803100195
2018-02-25 19:00:00,15.0,91,1.0,17.9,350,3.108302380238054,-17.628058778918522
2018-02-25 20:00:00,14.9,86,0.1,14.9,8,-2.0736792043049808,-14.754994224249398
2018-02-25 21:00:00,14.5,88,0.3,14.1,354,1.4738513320739137,-14.022758724692652
2018-02-25 22:00:00,14.3,90,0.3,14.6,351,2.2839431895873714,-14.420249772689012
2018-02-25 23:00:00,14.0,92,0.5,14.0,359,0.24433369012197037,-13.997867732189478
2018-02-26 00:00:00,13.8,93,0.9,11.5,356,0.8021994480574401,-11.471986577987979
2018-02-26 01:00:00,13.7,93,1.6,12.0,353,1.4624321208617699,-11.910553819695863
2018-02-26 02:00:00,13.5,94,0.4,11.9,357,0.6227978792910333,-11.88369146357943
2018-02-26 03:00:00,13.3,94,2.2,8.6,360,5.265981236333618e-16,-8.6
2018-02-26 04:00:00,13.2,95,2.4,9.5,349,1.8126854560771768,-9.325458242752807
2018-02-26 05:00:00,13.1,94,0.3,10.7,346,2.588564282916444,-10.382164271153162
2018-02-26 06:00:00,12.8,94,0.0,10.4,360,6.368163355566237e-16,-10.4
2018-02-26 07:00:00,13.1,93,0.0,9.4,2,-0.3280552690035072,-9.394273773979501
2018-02-26 08:00:00,14.9,89,0.0,6.5,6,-0.6794350112397468,-6.464392319893777
2018-02-26 09:00:00,17.5,80,0.0,6.5,357,0.3401837155791358,-6.49109197590473
2018-02-26 10:00:00,19.9,73,0.0,5.4,352,0.7515347451843536,-5.34744757120448
2018-02-26 11:00:00,21.9,68,0.0,6.8,3,-0.3558845024520213,-6.790680836331102
2018-02-26 12:00:00,23.5,63,0.0,7.6,355,0.6623836448822018,-7.571079705497266
2018-02-26 13:00:00,24.5,58,0.0,10.6,350,1.8406706832694624,-10.438962181929405
2018-02-26 14:00:00,24.7,55,0.0,13.2,349,2.518678738970393,-12.957478821509163
2018-02-26 15:00:00,23.8,57,0.0,15.6,352,2.171100374977021,-15.448181872368497
2018-02-26 16:00:00,22.8,60,0.0,14.3,348,2.9731371786939604,-13.987510690493421
2018-02-26 17:00:00,20.8,65,0.0,13.8,340,4.71987797789423,-12.967758166845535
2018-02-26 18:00:00,18.4,71,0.0,11.4,342,3.522793735874401,-10.84204428576475
2018-02-26 19:00:00,16.9,76,0.0,5.9,346,1.4273391840380394,-5.7247447850283795
2018-02-26 20:00:00,16.4,78,0.0,6.8,335,2.873804179836756,-6.162892951849219
2018-02-26 21:00:00,16.0,79,0.0,5.2,326,2.9078030980478835,-4.3109953772862175
2018-02-26 22:00:00,15.2,88,0.0,3.1,291,2.8940993221413254,-1.1109406435904308
2018-02-26 23:00:00,14.8,88,0.0,2.5,278,2.475670171853926,-0.3479327524001636
2018-02-27 00:00:00,14.3,91,0.0,2.9,300,2.511473670974872,-1.4499999999999997
2018-02-27 01:00:00,14.0,92,0.0,1.8,79,-1.7669289302057951,-0.3434561916777805
2018-02-27 02:00:00,14.1,93,0.0,5.0,120,-4.330127018922194,2.4999999999999996
2018-02-27 03:00:00,14.7,91,0.0,6.2,144,-3.644268564213333,5.0159053651246746
2018-02-27 04:00:00,14.9,92,0.0,7.6,177,-0.3977532674463732,7.589584464134761
2018-02-27 05:00:00,15.5,89,0.0,6.7,216,3.93816119035957,5.420413862312148
2018-02-27 06:00:00,15.1,90,0.0,6.5,236,5.38874422160777,3.634753872559855
2018-02-27 07:00:00,15.7,93,0.0,3.6,276,3.580278823325784,-0.37630246776355253
2018-02-27 08:00:00,17.9,81,0.0,4.4,279,4.3458286986186065,-0.6883116461770159
2018-02-27 09:00:00,20.0,75,0.0,3.9,214,2.1808523235359125,3.233246532964663
2018-02-27 10:00:00,21.7,70,0.0,5.5,212,2.914555953282627,4.664264528860342
2018-02-27 11:00:00,23.6,63,0.0,6.9,219,4.342310698243879,5.3623071340531
2018-02-27 12:00:00,23.9,63,0.0,8.1,283,7.892397524760405,-1.8221035401853065
2018-02-27 13:00:00,23.5,69,0.0,11.2,320,7.1992212284892405,-8.579697762932554
2018-02-27 14:00:00,23.8,67,0.0,8.6,338,3.2216167033768426,-7.973781149274371
2018-02-27 15:00:00,24.3,65,0.0,6.4,344,1.7640790772287946,-6.1520748540052415
2018-02-27 16:00:00,23.5,68,0.0,9.7,338,3.633683956134346,-8.993683389297837
2018-02-27 17:00:00,21.6,74,0.0,10.4,340,3.557009490586956,-9.772803256173447
2018-02-27 18:00:00,18.9,82,0.0,8.6,345,2.2258437878816784,-8.306962106085987
2018-02-27 19:00:00,17.2,88,0.0,7.0,348,1.4553818357243162,-6.847033205136639
2018-02-27 20:00:00,16.3,93,0.0,8.6,345,2.2258437878816784,-8.306962106085987
2018-02-27 21:00:00,15.9,96,0.0,4.0,350,0.6945927106677217,-3.939231012048832
2018-02-27 22:00:00,15.1,98,0.0,2.9,263,2.8783838397598336,0.35342109587492765
2018-02-27 23:00:00,15.0,100,0.0,4.5,241,3.935788682127281,2.1816432911085166
2018-02-28 00:00:00,15.1,100,0.0,1.6,297,1.4256104387013888,-0.7263847995832748
2018-02-28 01:00:00,15.3,99,0.0,1.5,14,-0.36288284339950166,-1.4554435894139948
2018-02-28 02:00:00,15.9,97,0.0,3.6,6,-0.3763024677635521,-3.5802788233257843
2018-02-28 03:00:00,16.6,93,0.0,3.3,13,-0.7423384793347553,-3.215421213791276
2018-02-28 04:00:00,16.9,92,0.0,3.0,346,0.725765686799003,-2.9108871788279895
2018-02-28 05:00:00,17.1,93,0.0,3.6,96,-3.580278823325784,0.37630246776355347
2018-02-28 06:00:00,16.9,93,0.0,4.3,312,3.195522749552795,-2.8772616073430903
2018-02-28 07:00:00,17.0,93,0.0,6.8,335,2.873804179836756,-6.162892951849219
2018-02-28 08:00:00,19.3,84,0.0,5.8,112,-5.377666356487366,2.172718241812291
2018-02-28 09:00:00,22.3,72,0.0,4.6,135,-3.252691193458118,3.2526911934581184
2018-02-28 10:00:00,24.7,62,0.0,5.0,201,1.791839747726502,4.667902132486009
2018-02-28 11:00:00,26.1,60,0.0,11.2,230,8.579697762932554,7.199221228489239
2018-02-28 12:00:00,26.1,60,0.1,13.8,276,13.724402156082173,-1.442492793093618
2018-02-28 13:00:00,23.1,75,1.1,14.6,308,11.50495700265814,-8.98865753975461
2018-02-28 14:00:00,21.4,84,2.1,8.8,348,1.8296228791962834,-8.60769888645749
2018-02-28 15:00:00,21.1,88,4.0,6.0,73,-5.737828535778212,-1.7542302283364206
2018-02-28 16:00:00,21.3,84,1.5,8.4,80,-8.272385125302547,-1.458644692402216
2018-02-28 17:00:00,21.1,87,0.7000000000000001,7.4,61,-6.47218583283153,-3.5875911898228936
2018-02-28 18:00:00,20.0,93,0.0,4.6,18,-1.4214781741247586,-4.3748599749577055
2018-02-28 19:00:00,19.4,94,0.2,4.5,29,-2.1816432911085157,-3.935788682127282
2018-02-28 20:00:00,19.4,90,0.0,8.2,61,-7.171881598543045,-3.9754388860199628
2018-02-28 21:00:00,19.8,84,0.0,9.1,56,-7.54424191025088,-5.088655421583795
2018-02-28 22:00:00,18.1,90,0.0,5.8,30,-2.9000000000000026,-5.022947341949743
2018-02-28 23:00:00,16.9,93,0.0,7.9,16,-2.1775351109542913,-7.593967397912721
2018-03-01 00:00:00,16.6,92,0.0,10.3,29,-4.99353908853727,-9.00858298353578
2018-03-01 01:00:00,17.1,90,0.0,6.7,36,-3.938161190359571,-5.420413862312147
2018-03-01 02:00:00,16.1,91,0.0,8.7,38,-5.356254835333225,-6.8556935563784815
2018-03-01 03:00:00,15.7,91,0.0,7.7,11,-1.4692292643993936,-7.558529312547013
2018-03-01 04:00:00,16.2,89,0.0,7.6,360,4.653657836759942e-16,-7.6
2018-03-01 05:00:00,16.0,87,0.0,7.2,354,0.752604935527105,-7.160557646651568
2018-03-01 06:00:00,15.3,89,0.0,6.1,3,-0.31924933308196024,-6.0916401620029
2018-03-01 07:00:00,16.3,86,0.0,8.0,5,-0.697245941981266,-7.969557584733964
2018-03-01 08:00:00,18.1,80,0.0,7.6,5,-0.6623836448822027,-7.571079705497266
2018-03-01 09:00:00,20.4,73,0.0,5.8,4,-0.40458754771592836,-5.78587149150698
2018-03-01 10:00:00,22.8,65,0.0,2.3,342,0.7107390870623791,-2.1874299874788528
2018-03-01 11:00:00,24.9,60,0.0,1.0,315,0.7071067811865476,-0.7071067811865475
2018-03-01 12:00:00,26.3,58,0.0,0.7000000000000001,270,0.7000000000000001,0.0
2018-03-01 13:00:00,27.1,58,0.0,1.8,281,1.7669289302057951,-0.34345619167778063
2018-03-01 14:00:00,27.1,60,0.0,5.5,302,4.664264528860342,-2.914555953282627
2018-03-01 15:00:00,26.2,67,0.0,9.2,315,6.505382386916237,-6.505382386916236
2018-03-01 16:00:00,25.1,71,0.0,8.2,319,5.379684037722159,-6.18861855782673
2018-03-01 17:00:00,23.9,75,0.0,5.7,305,4.669166652447253,-3.2693856872009626
2018-03-01 18:00:00,21.0,86,0.0,5.1,278,5.050367150582009,-0.7097828148963337
2018-03-01 19:00:00,19.5,92,0.0,4.8,257,4.676976310969129,1.079765060850552
2018-03-01 20:00:00,18.9,95,0.0,5.8,210,2.9000000000000004,5.0229473419497435
2018-03-01 21:00:00,19.0,95,0.0,4.0,185,0.34862297099063255,3.984778792366982
2018-03-01 22:00:00,18.7,96,0.0,5.0,210,2.5000000000000004,4.330127018922193
2018-03-01 23:00:00,18.7,95,0.0,4.3,204,1.7489675652259409,3.9282454678631837
2018-03-02 00:00:00,18.8,95,0.0,4.6,198,1.4214781741247582,4.3748599749577055
2018-03-02 01:00:00,18.4,96,0.0,5.9,194,1.4273391840380394,5.7247447850283795
2018-03-02 02:00:00,18.9,94,0.0,4.3,175,-0.3747696938149304,4.283637201794505
2018-03-02 03:00:00,19.4,91,0.0,5.3,208,2.4881992827652213,4.679622242152313
2018-03-02 04:00:00,20.2,87,0.0,2.9,187,0.3534210958749277,2.8783838397598336
2018-03-02 05:00:00,18.4,95,0.0,6.3,257,6.1385314081469815,1.4171916423663495
2018-03-02 06:00:00,18.6,96,0.0,3.3,311,2.4905416147351476,-2.1649947956686737
2018-03-02 07:00:00,18.1,98,0.0,6.2,339,2.2218812871808624,-5.788198644282651
2018-03-02 08:00:00,20.1,90,0.0,3.6,360,2.2043642384652358e-16,-3.6
2018-03-02 09:00:00,22.7,79,0.0,4.3,5,-0.37476969381493047,-4.283637201794505
2018-03-02 10:00:00,24.6,73,0.0,6.3,347,1.4171916423663489,-6.1385314081469815
2018-03-02 11:00:00,26.1,68,0.0,8.4,340,2.872969203935618,-7.893418014601631
2018-03-02 12:00:00,27.2,62,0.0,8.6,338,3.2216167033768426,-7.973781149274371
2018-03-02 13:00:00,26.8,62,0.0,11.6,330,5.800000000000001,-10.045894683899487
2018-03-02 14:00:00,26.1,61,0.0,13.2,338,4.944807033090037,-12.238826880281593
2018-03-02 15:00:00,25.6,61,0.0,9.7,345,2.510544737494451,-9.369480515003962
2018-03-02 16:00:00,25.2,62,0.0,9.1,351,1.4235536318661013,-8.987963899415753
2018-03-02 17:00:00,24.0,68,0.0,7.6,357,0.3977532674463741,-7.589584464134761
2018-03-02 18:00:00,22.1,76,0.0,6.6,347,1.4846769586695083,-6.430842427582553
2018-03-02 19:00:00,20.7,81,0.0,6.2,353,0.7555899291119145,-6.153786140176196
2018-03-02 20:00:00,20.8,80,0.0,6.8,335,2.873804179836756,-6.162892951849219
2018-03-02 21:00:00,20.0,84,0.0,3.7,349,0.7059932828932162,-3.632020578756357
2018-03-02 22:00:00,19.0,89,0.0,3.9,338,1.4609657143220567,-3.616017032810471
2018-03-02 23:00:00,18.9,90,0.0,3.6,323,2.1665340833473743,-2.875087836170254
2018-03-03 00:00:00,18.9,90,0.0,2.8,310,2.1449244407331385,-1.7998053071223097
2018-03-03 01:00:00,19.1,92,0.2,1.8,307,1.437543918085127,-1.083267041673687
2018-03-03 02:00:00,19.3,87,0.1,1.0,225,0.7071067811865476,0.7071067811865475
2018-03-03 03:00:00,18.6,93,0.3,3.2,270,3.2,0.0
2018-03-03 04:00:00,19.3,88,0.0,1.9,292,1.761649323676896,-0.7117525274902328
2018-03-03 05:00:00,19.9,85,0.0,2.9,97,-2.8783838397598336,0.35342109587492787
2018-03-03 06:00:00,19.9,85,0.0,2.5,315,1.7677669529663689,-1.7677669529663687
2018-03-03 07:00:00,19.6,87,0.0,4.1,315,2.899137802864845,-2.8991378028648445
2018-03-03 08:00:00,20.4,89,0.0,4.7,360,2.8779199779962803e-16,-4.7
2018-03-03 09:00:00,23.0,79,0.0,1.8,37,-1.083267041673687,-1.437543918085127
2018-03-03 10:00:00,25.4,71,0.0,1.1,198,0.3399186938124422,1.0461621679246689
2018-03-03 11:00:00,27.3,66,0.0,2.9,240,2.511473670974872,1.4499999999999997
2018-03-03 12:00:00,28.6,62,0.0,6.1,242,5.385980316439454,2.8637765329939335
2018-03-03 13:00:00,29.0,63,0.0,7.7,229,5.811263767715345,5.051654523226906
2018-03-03 14:00:00,29.9,60,0.0,6.4,223,4.36478950439999,4.6806636903626915
2018-03-03 15:00:00,30.2,59,0.0,7.2,233,5.750175672340508,4.333068166694748
2018-03-03 16:00:00,29.8,61,0.0,8.5,258,8.314254606237348,1.7672493719509543
2018-03-03 17:00:00,28.0,70,0.0,8.4,277,8.337387673787106,-1.0237024846032388
2018-03-03 18:00:00,24.8,82,0.0,5.9,308,4.64926344627966,-3.6324027044213842
2018-03-03 19:00:00,22.9,90,0.0,5.4,4,-0.37668495821827813,-5.386845871403051
2018-03-03 20:00:00,22.3,88,0.0,4.3,355,0.37476969381492997,-4.283637201794505
2018-03-03 21:00:00,23.6,81,0.0,1.5,76,-1.4554435894139948,-0.3628828433995013
2018-03-03 22:00:00,23.7,82,0.0,1.4,90,-1.4,1.7145055188062944e-16
2018-03-03 23:00:00,23.6,83,0.0,0.5,45,-0.35355339059327384,-0.35355339059327373
2018-03-04 00:00:00,23.0,86,0.0,1.5,14,-0.36288284339950166,-1.4554435894139948
2018-03-04 01:00:00,22.1,88,0.0,1.8,53,-1.437543918085127,-1.0832670416736871
2018-03-04 02:00:00,21.6,87,0.0,1.9,68,-1.761649323676896,-0.7117525274902328
2018-03-04 03:00:00,20.3,89,0.0,5.8,97,-5.756767679519667,0.7068421917498557
2018-03-04 04:00:00,20.6,84,0.0,5.4,82,-5.34744757120448,-0.7515347451843538
2018-03-04 05:00:00,20.1,83,0.0,4.9,73,-4.685893304218874,-1.4326213531414103
2018-03-04 06:00:00,19.9,82,0.0,5.4,86,-5.386845871403051,-0.3766849582182765
2018-03-04 07:00:00,21.4,81,0.0,1.9,68,-1.761649323676896,-0.7117525274902328
2018-03-04 08:00:00,23.6,74,0.0,1.6,333,0.726384799583275,-1.4256104387013886
2018-03-04 09:00:00,25.5,71,0.0,2.5,225,1.7677669529663689,1.7677669529663687
2018-03-04 10:00:00,26.5,69,0.0,5.6,243,4.98963653545486,2.5423467985414616
2018-03-04 11:00:00,27.4,65,0.0,7.1,229,5.358438019581681,4.658019105832602
2018-03-04 12:00:00,27.2,66,0.0,3.4,238,2.883363526931848,1.8017254983928965
2018-03-04 13:00:00,26.7,70,0.3,1.5,45,-1.0606601717798214,-1.0606601717798212
2018-03-04 14:00:00,26.0,75,0.7000000000000001,3.1,324,1.8221342821066668,-2.5079526825623373
2018-03-04 15:00:00,26.3,75,0.0,1.5,346,0.3628828433995015,-1.4554435894139948
2018-03-04 16:00:00,26.8,73,0.0,3.9,112,-3.6160170328104706,1.4609657143220578
2018-03-04 17:00:00,26.3,75,0.0,6.8,115,-6.162892951849219,2.8738041798367564
2018-03-04 18:00:00,24.4,84,0.0,5.2,102,-5.08636752381579,1.0811407922523484
2018-03-04 19:00:00,23.5,87,0.0,5.2,102,-5.08636752381579,1.0811407922523484
2018-03-04 20:00:00,23.2,89,0.0,6.1,118,-5.385980316439454,2.863776532993933
2018-03-04 21:00:00,22.8,89,0.0,6.7,144,-3.9381611903595695,5.420413862312148
2018-03-04 22:00:00,22.3,90,0.0,4.4,145,-2.5237363199446032,3.6042689948715636
2018-03-04 23:00:00,22.6,89,0.0,5.2,155,-2.1976149610516367,4.71280049259058
2018-03-05 00:00:00,23.1,87,0.0,5.0,300,4.330127018922194,-2.4999999999999996
2018-03-05 01:00:00,23.4,86,0.0,0.8,27,-0.36319239979163753,-0.7128052193506943
2018-03-05 02:00:00,22.1,89,0.3,6.9,84,-6.862201078041086,-0.7212463965468092
2018-03-05 03:00:00,21.7,87,0.1,5.4,82,-5.34744757120448,-0.7515347451843538
2018-03-05 04:00:00,21.6,83,0.0,6.3,121,-5.400153994423307,3.2447398719333425
2018-03-05 05:00:00,21.0,83,0.1,3.4,108,-3.233592155403522,1.0506577808748214
2018-03-05 06:00:00,20.4,82,0.9,2.2,90,-2.2,2.6942229581241775e-16
2018-03-05 07:00:00,21.4,77,0.0,2.2,81,-2.1729143493093033,-0.3441558230885076
2018-03-05 08:00:00,24.0,78,0.0,4.3,95,-4.283637201794505,0.3747696938149302
2018-03-05 09:00:00,26.6,70,0.0,3.2,153,-1.4527695991665495,2.8512208774027776
2018-03-05 10:00:00,27.1,78,0.1,6.6,261,6.518743047927909,1.0324674692655236
2018-03-05 11:00:00,24.9,84,1.9,8.7,253,8.319851376878407,2.5436338310878095
2018-03-05 12:00:00,25.7,82,3.2,4.0,100,-3.939231012048832,0.6945927106677211
2018-03-05 13:00:00,25.2,82,4.3,4.3,180,2.632990618166809e-16,4.3
2018-03-05 14:00:00,25.5,80,1.0,3.3,49,-2.490541614735148,-2.1649947956686733
2018-03-05 15:00:00,27.3,73,0.0,1.8,11,-0.3434561916777803,-1.7669289302057951
2018-03-05 16:00:00,27.2,74,0.0,7.0,339,2.5085756468171025,-6.535062985480412
2018-03-05 17:00:00,26.6,78,0.0,6.7,54,-5.420413862312149,-3.9381611903595695
2018-03-05 18:00:00,26.6,74,0.0,4.1,45,-2.8991378028648453,-2.8991378028648445
2018-03-05 19:00:00,23.7,88,0.0,7.1,345,1.8376152202278973,-6.858073366652385
2018-03-05 20:00:00,21.0,85,0.1,19.4,359,0.3385766848833018,-19.39704528603399
2018-03-05 21:00:00,20.2,86,0.0,15.9,357,0.8321417042628091,-15.878209602597725
2018-03-05 22:00:00,18.6,88,0.0,17.2,349,3.2819147204765726,-16.883987555299818
2018-03-05 23:00:00,17.3,86,0.0,14.3,348,2.9731371786939604,-13.987510690493421
2018-03-06 00:00:00,16.6,84,0.0,15.8,339,5.662213602815746,-14.750570738655789
2018-03-06 01:00:00,15.9,84,0.0,15.6,341,5.0788632095316455,-14.750089779349342
2018-03-06 02:00:00,15.5,84,0.0,14.5,341,4.720738239628773,-13.710019346190093
2018-03-06 03:00:00,15.2,84,0.0,13.6,343,3.97625518422922,-13.005744681097282
2018-03-06 04:00:00,14.9,84,0.0,12.9,347,2.9018686010358574,-12.569373835729534
2018-03-06 05:00:00,14.7,84,0.0,12.1,350,2.101142949769858,-11.916173811447717
2018-03-06 06:00:00,14.7,85,0.0,11.9,355,1.0371533386971319,-11.854716907291772
2018-03-06 07:00:00,15.1,83,0.0,10.9,354,1.1393602496174227,-10.84028865951418
2018-03-06 08:00:00,17.2,78,0.0,8.0,355,0.6972459419812651,-7.969557584733964
2018-03-06 09:00:00,19.6,71,0.0,7.9,344,2.1775351109542935,-7.59396739791272
2018-03-06 10:00:00,21.7,67,0.0,3.6,6,-0.3763024677635521,-3.5802788233257843
2018-03-06 11:00:00,23.6,64,0.0,2.3,342,0.7107390870623791,-2.1874299874788528
2018-03-06 12:00:00,25.0,61,0.0,3.2,333,1.45276959916655,-2.851220877402777
2018-03-06 13:00:00,25.8,59,0.0,8.4,350,1.4586446924022156,-8.272385125302547
2018-03-06 14:00:00,25.3,59,0.0,16.2,356,1.1300548746548287,-16.16053761420915
2018-03-06 15:00:00,24.6,60,0.0,17.3,359,0.30192663136500625,-17.29736512620557
2018-03-06 16:00:00,23.7,61,0.0,16.7,354,1.7456253365698127,-16.608515652650162
2018-03-06 17:00:00,22.7,65,0.0,12.8,349,2.442355140819775,-12.5648279481301
2018-03-06 18:00:00,20.8,69,0.0,10.9,354,1.1393602496174227,-10.84028865951418
2018-03-06 19:00:00,19.3,73,0.0,9.5,351,1.4861274178821937,-9.38303923565381
2018-03-06 20:00:00,18.5,76,0.0,10.8,334,4.734408385322037,-9.706975700031006
2018-03-06 21:00:00,17.9,79,0.0,7.2,333,3.268731598124737,-6.415246974156248
2018-03-06 22:00:00,17.6,80,0.0,4.5,331,2.181643291108517,-3.935788682127281
2018-03-06 23:00:00,17.4,80,0.0,6.8,335,2.873804179836756,-6.162892951849219
2018-03-07 00:00:00,17.2,82,0.3,7.1,336,2.8878301658381815,-6.486172749262466
2018-03-07 01:00:00,17.1,84,0.3,6.8,342,2.1013155617496424,-6.467184310807044
2018-03-07 02:00:00,16.9,89,0.5,4.0,350,0.6945927106677217,-3.939231012048832
2018-03-07 03:00:00,17.1,89,0.7000000000000001,3.5,336,1.4235782507653008,-3.197409101749103
2018-03-07 04:00:00,16.8,91,1.1,5.9,317,4.023790324368742,-4.314986839553106
2018-03-07 05:00:00,16.4,92,0.8,6.6,319,4.329989591337347,-4.981083229470295
2018-03-07 06:00:00,16.4,91,0.5,6.0,335,2.5357095704441965,-5.437846722219899
2018-03-07 07:00:00,16.9,88,0.1,6.2,350,1.0766187015349686,-6.10580806867569
2018-03-07 08:00:00,18.9,85,0.0,3.3,311,2.4905416147351476,-2.1649947956686737
2018-03-07 09:00:00,21.6,78,0.0,3.6,276,3.580278823325784,-0.37630246776355253
2018-03-07 10:00:00,23.6,72,0.1,8.6,237,7.212566884330647,4.683895701129233
2018-03-07 11:00:00,24.5,68,0.0,11.3,239,9.68599049793387,5.8199302464836125
2018-03-07 12:00:00,25.3,65,0.0,9.7,243,8.642763284627168,4.403707847473603
2018-03-07 13:00:00,26.1,62,0.1,8.3,252,7.893769085249775,2.5648410533120636
2018-03-07 14:00:00,26.7,59,0.2,8.4,245,7.61298541110786,3.5499933986218752
2018-03-07 15:00:00,26.5,60,0.1,9.4,247,8.65274562245294,3.6728726077991736
2018-03-07 16:00:00,25.1,67,0.0,11.3,297,10.068373723328557,-5.130092647056879
2018-03-07 17:00:00,22.8,75,0.0,12.5,327,6.807987937687838,-10.4833820993178
2018-03-07 18:00:00,20.5,82,0.0,10.0,339,3.583679495453004,-9.335804264972017
2018-03-07 19:00:00,19.2,85,0.0,7.6,357,0.3977532674463741,-7.589584464134761
2018-03-07 20:00:00,17.7,86,0.0,12.4,17,-3.62540913856194,-11.858178973941639
2018-03-07 21:00:00,17.5,88,0.0,9.1,353,1.1090110249868421,-9.032169979936029
2018-03-07 22:00:00,16.5,92,0.0,10.5,333,4.766900247265242,-9.355568503977862
2018-03-07 23:00:00,16.1,93,0.0,10.0,345,2.5881904510252074,-9.659258262890683
2018-03-08 00:00:00,16.2,92,0.0,10.1,354,1.0557374790032998,-10.04467114321956
2018-03-08 01:00:00,16.2,92,0.0,9.9,19,-3.2231247291258507,-9.360633898433237
2018-03-08 02:00:00,16.3,91,0.0,9.0,355,0.7844016847289232,-8.96575228282571
2018-03-08 03:00:00,16.0,93,0.6,10.2,350,1.77121141220269,-10.045039080724521
2018-03-08 04:00:00,15.9,94,0.6,13.0,346,3.14498464279568,-12.613844441587954
2018-03-08 05:00:00,16.0,95,0.7000000000000001,13.7,5,-1.194033675642918,-13.647867363856914
2018-03-08 06:00:00,15.5,98,0.9,16.6,356,1.157957464152479,-16.55956323431308
2018-03-08 07:00:00,15.3,96,0.5,13.7,355,1.1940336756429164,-13.647867363856914
2018-03-08 08:00:00,14.6,93,0.2,23.9,355,2.0830222516690293,-23.809053284392718
2018-03-08 09:00:00,15.1,87,0.1,25.2,358,0.8794673169030272,-25.184648840881213
2018-03-08 10:00:00,15.9,78,0.1,23.3,8,-3.242733252369534,-23.073246001678587
2018-03-08 11:00:00,15.9,74,0.2,22.7,1,-0.3961696261263354,-22.69654268005008
2018-03-08 12:00:00,15.4,73,0.2,24.5,359,0.42758395771344815,-24.496268531331587
2018-03-08 13:00:00,15.6,69,0.0,25.9,358,0.903896964594778,-25.88422241979458
2018-03-08 14:00:00,15.2,72,0.3,22.3,3,-1.167091824217658,-22.269438625026996
2018-03-08 15:00:00,14.9,74,0.2,19.4,360,1.1879073951729326e-15,-19.4
2018-03-08 16:00:00,13.5,78,0.1,25.6,358,0.8934271155840277,-25.584405171688854
2018-03-08 17:00:00,13.3,75,0.0,25.6,358,0.8934271155840277,-25.584405171688854
2018-03-08 18:00:00,12.3,76,0.2,23.4,358,0.8166482228385252,-23.38574535224684
2018-03-08 19:00:00,11.8,78,0.5,23.9,5,-2.083022251669032,-23.809053284392718
2018-03-08 20:00:00,11.7,77,0.3,22.7,4,-1.5834719539916506,-22.644703940898008
2018-03-08 21:00:00,11.4,85,0.7000000000000001,19.1,2,-0.6665803870177646,-19.08836479606473
2018-03-08 22:00:00,11.2,87,1.0,20.5,359,0.35777433196431374,-20.49687775070602
2018-03-08 23:00:00,11.0,87,0.5,18.4,358,0.6421507393260198,-18.38879121715136
2018-03-09 00:00:00,11.2,82,0.2,18.8,4,-1.311421706389561,-18.754204144884696
2018-03-09 01:00:00,11.1,79,0.0,19.8,357,1.0362519336102907,-19.772864788140563
2018-03-09 02:00:00,11.1,78,0.7000000000000001,16.9,360,1.0348265452795135e-15,-16.9
2018-03-09 03:00:00,10.7,77,0.0,18.1,6,-1.891965185144526,-18.00084630616575
2018-03-09 04:00:00,10.4,75,0.0,16.6,4,-1.1579574641524848,-16.55956323431308
2018-03-09 05:00:00,10.2,75,0.0,14.9,7,-1.815853216736693,-14.7889376594557
2018-03-09 06:00:00,10.1,74,0.0,13.8,7,-1.681796938991031,-13.697136892650246
2018-03-09 07:00:00,10.5,72,0.0,12.6,5,-1.0981623586204938,-12.552053195955994
2018-03-09 08:00:00,11.9,70,0.0,11.7,11,-2.232465245905572,-11.485038046337667
2018-03-09 09:00:00,13.3,71,0.1,7.9,30,-3.9500000000000037,-6.841600689897064
2018-03-09 10:00:00,14.5,71,0.1,3.8,17,-1.111012477946401,-3.633958072659534
2018-03-09 11:00:00,15.8,66,0.0,6.1,360,3.735172737399427e-16,-6.1
2018-03-09 12:00:00,17.1,57,0.0,11.2,2,-0.3908743630680085,-11.193177262613872
2018-03-09 13:00:00,16.6,53,0.0,16.6,2,-0.5793316452615127,-16.58988772851699
2018-03-09 14:00:00,16.7,53,0.0,17.7,4,-1.2346895852710227,-17.65688368959889
2018-03-09 15:00:00,16.6,52,0.0,17.6,359,0.30716235329619135,-17.59731943475249
2018-03-09 16:00:00,15.8,54,0.0,17.8,353,2.1692743126116256,-17.667321499215532
2018-03-09 17:00:00,14.9,56,0.0,17.1,353,2.083965772228022,-16.972539193066606
2018-03-09 18:00:00,13.5,58,0.0,15.1,348,3.1394665313481678,-14.770028771080463
2018-03-09 19:00:00,12.8,60,0.0,13.6,349,2.5950023371210107,-13.35012969488823
2018-03-09 20:00:00,12.9,62,0.0,10.9,352,1.5169868004647136,-10.793921949283117
2018-03-09 21:00:00,13.1,62,0.0,8.1,347,1.8221035401853058,-7.892397524760405
2018-03-09 22:00:00,13.3,63,0.0,6.6,347,1.4846769586695083,-6.430842427582553
2018-03-09 23:00:00,13.3,65,0.0,8.0,342,2.4721359549995796,-7.608452130361228
2018-03-10 00:00:00,13.3,66,0.0,8.0,350,1.3891854213354433,-7.878462024097664
2018-03-10 01:00:00,13.4,66,0.0,7.2,342,2.224922359499622,-6.8476069173251055
2018-03-10 02:00:00,12.8,69,0.0,8.4,340,2.872969203935618,-7.893418014601631
2018-03-10 03:00:00,12.3,72,0.0,10.0,345,2.5881904510252074,-9.659258262890683
2018-03-10 04:00:00,12.0,73,0.0,10.6,350,1.8406706832694624,-10.438962181929405
2018-03-10 05:00:00,11.6,73,0.0,9.1,353,1.1090110249868421,-9.032169979936029
2018-03-10 06:00:00,11.7,73,0.0,7.7,349,1.4692292643993958,-7.558529312547013
2018-03-10 07:00:00,12.3,73,0.0,9.3,347,2.092044805397944,-9.06164160250269
2018-03-10 08:00:00,14.5,70,0.0,5.6,345,1.4493866525741161,-5.4091846272187825
2018-03-10 09:00:00,16.9,65,0.0,3.3,347,0.7423384793347542,-3.2154212137912763
2018-03-10 10:00:00,19.0,60,0.0,2.9,353,0.3534210958749277,-2.8783838397598336
2018-03-10 11:00:00,20.7,52,0.0,6.0,343,1.7542302283364206,-5.737828535778212
2018-03-10 12:00:00,21.7,49,0.0,4.9,343,1.4326213531414103,-4.685893304218874
2018-03-10 13:00:00,22.5,47,0.0,4.0,350,0.6945927106677217,-3.939231012048832
2018-03-10 14:00:00,22.8,43,0.0,7.8,338,2.9219314286441134,-7.232034065620942
2018-03-10 15:00:00,22.6,45,0.0,11.6,338,4.345436483624579,-10.755332712974734
2018-03-10 16:00:00,22.1,48,0.0,13.2,343,3.859306502340125,-12.623222778712067
2018-03-10 17:00:00,20.5,55,0.0,13.2,343,3.859306502340125,-12.623222778712067
2018-03-10 18:00:00,18.2,59,0.0,14.2,353,1.7305446763530943,-14.094155353306771
2018-03-10 19:00:00,16.5,63,0.0,11.9,358,0.41530401075976286,-11.89275084152724
2018-03-10 20:00:00,14.8,74,0.0,6.6,13,-1.4846769586695105,-6.430842427582552
2018-03-10 21:00:00,14.4,77,0.0,6.8,335,2.873804179836756,-6.162892951849219
2018-03-10 22:00:00,13.6,79,0.0,5.8,274,5.78587149150698,-0.40458754771592675
2018-03-10 23:00:00,13.1,80,0.0,5.6,243,4.98963653545486,2.5423467985414616
2018-03-11 00:00:00,13.1,79,0.0,4.0,10,-0.6945927106677213,-3.939231012048832
2018-03-11 01:00:00,12.3,84,0.0,2.4,63,-2.138415658052083,-1.089577199374912
2018-03-11 02:00:00,13.9,75,0.0,1.6,63,-1.4256104387013888,-0.7263847995832747
2018-03-11 03:00:00,14.1,74,0.0,1.5,45,-1.0606601717798214,-1.0606601717798212
2018-03-11 04:00:00,14.4,71,0.0,1.8,37,-1.083267041673687,-1.437543918085127
2018-03-11 05:00:00,15.0,69,0.0,1.8,90,-1.8,2.2043642384652358e-16
2018-03-11 06:00:00,15.7,68,0.0,3.1,111,-2.8940993221413254,1.1109406435904308
2018-03-11 07:00:00,15.2,82,0.0,3.4,108,-3.233592155403522,1.0506577808748214
2018-03-11 08:00:00,18.1,66,0.0,3.8,131,-2.8678964048465336,2.4930243101639276
2018-03-11 09:00:00,19.9,59,0.0,5.8,173,-0.7068421917498547,5.756767679519668
2018-03-11 10:00:00,21.4,53,0.0,7.2,186,0.752604935527105,7.160557646651568
2018-03-11 11:00:00,22.6,50,0.0,8.0,188,1.1133848076805237,7.922144549932563
2018-03-11 12:00:00,23.7,45,0.0,7.8,202,2.9219314286441134,7.232034065620942
2018-03-11 13:00:00,24.2,42,0.0,5.1,225,3.6062445840513924,3.606244584051392
2018-03-11 14:00:00,24.7,39,0.0,5.6,297,4.98963653545486,-2.5423467985414616
2018-03-11 15:00:00,22.8,53,0.0,14.8,326,8.276054971367053,-12.269756073814618
2018-03-11 16:00:00,21.8,54,0.0,11.9,325,6.8255595925774495,-9.747909327039002
2018-03-11 17:00:00,21.0,56,0.0,8.6,327,4.683895701129233,-7.212566884330647
2018-03-11 18:00:00,20.1,58,0.0,5.2,335,2.197614961051637,-4.7128004925905795
2018-03-11 19:00:00,19.4,60,0.0,1.8,180,1.1021821192326179e-16,1.8
2018-03-11 20:00:00,18.8,63,0.0,1.1,252,1.0461621679246689,0.33991869381244216
2018-03-11 21:00:00,17.8,69,0.0,3.4,288,3.233592155403522,-1.0506577808748212
2018-03-11 22:00:00,16.9,75,0.0,5.4,250,5.074340152243906,1.8469087739586112
2018-03-11 23:00:00,16.3,80,0.0,4.6,219,2.894873798829252,3.5748714227020657
2018-03-12 00:00:00,15.9,82,0.0,2.0,135,-1.414213562373095,1.4142135623730951
2018-03-12 01:00:00,14.3,87,0.0,3.3,131,-2.4905416147351476,2.1649947956686737
2018-03-12 02:00:00,15.0,85,0.0,4.2,200,1.436484601967809,3.9467090073008153
2018-03-12 03:00:00,14.8,87,0.0,4.8,207,2.1791543987498248,4.276831316104166
2018-03-12 04:00:00,14.4,89,0.0,3.4,162,-1.050657780874821,3.2335921554035223
2018-03-12 05:00:00,14.1,88,0.0,2.8,130,-2.144924440733138,1.7998053071223103
2018-03-12 06:00:00,13.3,92,0.0,3.3,103,-3.215421213791276,0.7423384793347552
2018-03-12 07:00:00,14.1,86,0.0,2.7,67,-2.485363104321589,-1.0549740469210387
2018-03-12 08:00:00,17.2,70,0.0,2.3,108,-2.1874299874788528,0.7107390870623792
2018-03-12 09:00:00,19.3,66,0.0,2.6,146,-1.4539015490239415,2.1554976886431088
2018-03-12 10:00:00,21.4,59,0.0,2.8,230,2.1449244407331385,1.7998053071223097
2018-03-12 11:00:00,23.0,52,0.0,4.8,243,4.276831316104166,2.1791543987498243
2018-03-12 12:00:00,24.0,50,0.0,5.4,274,5.386845871403051,-0.37668495821827663
2018-03-12 13:00:00,24.1,54,0.0,8.3,304,6.881011852206846,-4.6413010988072
2018-03-12 14:00:00,23.8,58,0.0,8.9,317,6.069785404556237,-6.509047944410617
2018-03-12 15:00:00,23.5,59,0.0,8.2,319,5.379684037722159,-6.18861855782673
2018-03-12 16:00:00,22.7,60,0.0,10.0,330,5.000000000000001,-8.660254037844386
2018-03-12 17:00:00,21.4,64,0.0,9.4,337,3.672872607799173,-8.65274562245294
2018-03-12 18:00:00,18.3,78,0.0,5.7,325,3.269385687200963,-4.669166652447253
2018-03-12 19:00:00,16.1,90,0.0,8.1,339,2.902780391316933,-7.5620014546273335
2018-03-12 20:00:00,16.0,91,0.0,7.4,14,-1.7902220274375418,-7.180188374442374
2018-03-12 21:00:00,16.2,88,0.0,5.9,14,-1.42733918403804,-5.7247447850283795
2018-03-12 22:00:00,17.1,84,0.0,2.4,27,-1.0895771993749126,-2.138415658052083
2018-03-12 23:00:00,16.8,85,0.0,1.1,108,-1.0461621679246689,0.3399186938124423
2018-03-13 00:00:00,16.9,84,0.0,3.3,96,-3.2819222547153015,0.3449439287832573
2018-03-13 01:00:00,15.5,86,0.0,5.5,67,-5.062776693988422,-2.1490212066910046
2018-03-13 02:00:00,14.9,86,0.0,6.7,74,-6.440453362786736,-1.8467702839738933
2018-03-13 03:00:00,16.0,80,0.0,4.3,66,-3.9282454678631837,-1.7489675652259409
2018-03-13 04:00:00,16.4,78,0.0,1.8,37,-1.083267041673687,-1.437543918085127
2018-03-13 05:00:00,14.7,84,0.0,3.2,360,1.9594348786357652e-16,-3.2
2018-03-13 06:00:00,12.9,92,0.0,4.8,13,-1.0797650608505531,-4.6769763109691285
2018-03-13 07:00:00,14.9,86,0.0,4.3,24,-1.7489675652259404,-3.928245467863184
2018-03-13 08:00:00,18.2,77,0.0,4.0,10,-0.6945927106677213,-3.939231012048832
2018-03-13 09:00:00,20.9,60,0.0,2.1,59,-1.800051331474436,-1.0815799573111138
2018-03-13 10:00:00,22.7,50,0.0,1.3,146,-0.7269507745119708,1.0777488443215544
2018-03-13 11:00:00,24.2,45,0.0,3.2,207,1.45276959916655,2.851220877402777
2018-03-13 12:00:00,25.4,41,0.0,2.8,220,1.7998053071223101,2.1449244407331385
2018-03-13 13:00:00,26.0,40,0.0,2.9,263,2.8783838397598336,0.35342109587492765
2018-03-13 14:00:00,26.0,43,0.0,6.4,297,5.702441754805555,-2.9055391983330994
2018-03-13 15:00:00,25.3,46,0.0,9.7,312,7.208504807130724,-6.490566881680924
2018-03-13 16:00:00,24.1,47,0.0,10.6,325,6.079910225321089,-8.683011669463312
2018-03-13 17:00:00,22.6,57,0.0,8.7,318,5.821436275322066,-6.46535998165333
2018-03-13 18:00:00,19.4,76,0.0,6.0,295,5.437846722219899,-2.5357095704441965
2018-03-13 19:00:00,18.7,81,0.0,5.2,326,2.9078030980478835,-4.3109953772862175
2018-03-13 20:00:00,19.0,78,0.0,3.8,17,-1.111012477946401,-3.633958072659534
2018-03-13 21:00:00,19.0,78,0.0,2.9,30,-1.4500000000000013,-2.5114736709748713
2018-03-13 22:00:00,18.9,77,0.0,1.5,45,-1.0606601717798214,-1.0606601717798212
2018-03-13 23:00:00,18.7,77,0.0,1.5,45,-1.0606601717798214,-1.0606601717798212
2018-03-14 00:00:00,16.2,87,0.0,5.2,65,-4.71280049259058,-2.1976149610516362
2018-03-14 01:00:00,16.6,83,0.0,4.3,85,-4.283637201794505,-0.37476969381492914
2018-03-14 02:00:00,16.4,84,0.0,4.0,80,-3.939231012048832,-0.6945927106677219
2018-03-14 03:00:00,15.0,89,0.0,4.2,70,-3.9467090073008158,-1.4364846019678084
2018-03-14 04:00:00,15.9,86,0.0,2.6,56,-2.1554976886431088,-1.4539015490239415
2018-03-14 05:00:00,16.1,86,0.0,3.1,45,-2.192031021678298,-2.192031021678297
2018-03-14 06:00:00,14.8,90,0.0,4.6,45,-3.2526911934581193,-3.252691193458118
2018-03-14 07:00:00,17.0,83,0.0,6.8,25,-2.873804179836754,-6.16289295184922
2018-03-14 08:00:00,20.0,72,0.0,6.4,344,1.7640790772287946,-6.1520748540052415
2018-03-14 09:00:00,22.4,59,0.0,5.2,335,2.197614961051637,-4.7128004925905795
2018-03-14 10:00:00,24.5,50,0.0,3.8,343,1.1110124779463997,-3.6339580726595346
2018-03-14 11:00:00,25.8,43,0.0,2.5,8,-0.3479327524001646,-2.475670171853926
2018-03-14 12:00:00,26.2,39,0.0,4.2,340,1.436484601967809,-3.9467090073008153
2018-03-14 13:00:00,26.9,39,0.0,5.4,356,0.3766849582182763,-5.386845871403051
2018-03-14 14:00:00,26.5,41,0.0,8.0,342,2.4721359549995796,-7.608452130361228
2018-03-14 15:00:00,26.0,41,0.0,6.9,332,3.239353783222647,-6.092338390726596
2018-03-14 16:00:00,23.9,47,0.0,8.5,332,3.9905082836800725,-7.505054539300878
2018-03-14 17:00:00,22.2,52,0.0,7.6,360,4.653657836759942e-16,-7.6
2018-03-14 18:00:00,20.4,70,0.0,7.1,15,-1.8376152202278964,-6.858073366652385
2018-03-14 19:00:00,21.4,58,0.0,4.3,24,-1.7489675652259404,-3.928245467863184
2018-03-14 20:00:00,19.9,78,0.0,8.2,29,-3.975438886019962,-7.171881598543046
2018-03-14 21:00:00,19.6,79,0.0,5.4,290,5.074340152243906,-1.8469087739586112
2018-03-14 22:00:00,18.6,81,0.0,6.0,237,5.032023407672544,3.2678342100901627
2018-03-14 23:00:00,19.4,73,0.0,2.9,173,-0.35342109587492737,2.878383839759834
2018-03-15 00:00:00,17.2,85,0.0,5.2,65,-4.71280049259058,-2.1976149610516362
2018-03-15 01:00:00,17.0,85,0.0,5.8,83,-5.756767679519668,-0.7068421917498544
2018-03-15 02:00:00,17.0,84,0.0,5.0,90,-5.0,6.123233995736766e-16
2018-03-15 03:00:00,15.8,90,0.0,5.0,60,-4.330127018922193,-2.5000000000000004
2018-03-15 04:00:00,15.2,93,0.0,6.6,9,-1.0324674692655247,-6.5187430479279085
2018-03-15 05:00:00,16.0,91,0.0,6.9,9,-1.0793978087775942,-6.81504955010645
2018-03-15 06:00:00,16.1,92,0.0,5.9,14,-1.42733918403804,-5.7247447850283795
2018-03-15 07:00:00,17.7,85,0.0,5.2,56,-4.3109953772862175,-2.907803098047883
2018-03-15 08:00:00,21.2,75,0.0,1.8,37,-1.083267041673687,-1.437543918085127
2018-03-15 09:00:00,22.9,67,0.0,1.5,76,-1.4554435894139948,-0.3628828433995013
2018-03-15 10:00:00,25.3,55,0.0,1.6,243,1.4256104387013888,0.7263847995832748
2018-03-15 11:00:00,26.3,51,0.0,4.0,270,4.0,0.0
2018-03-15 12:00:00,26.9,53,0.0,3.1,306,2.5079526825623373,-1.8221342821066668
2018-03-15 13:00:00,27.2,51,0.0,7.6,315,5.374011537017761,-5.37401153701776
2018-03-15 14:00:00,25.5,56,0.0,12.9,324,7.582429754572904,-10.436319227436822
2018-03-15 15:00:00,22.4,70,0.0,19.4,338,7.267367912268692,-17.987366778595675
2018-03-15 16:00:00,21.7,74,0.1,12.3,7,-1.4989929238833102,-12.208317665188263
2018-03-15 17:00:00,20.8,85,1.3,5.2,295,4.7128004925905795,-2.197614961051637
2018-03-15 18:00:00,19.8,90,1.6,9.0,16,-2.4807362023529897,-8.651355263444872
2018-03-15 19:00:00,19.6,91,1.3,5.6,345,1.4493866525741161,-5.4091846272187825
2018-03-15 20:00:00,18.2,94,0.6,13.8,9,-2.1587956175551883,-13.6300991002129
2018-03-15 21:00:00,18.4,95,1.8,8.9,339,3.1894747509531736,-8.308865795825096
2018-03-15 22:00:00,18.9,94,3.6,8.8,78,-8.60769888645749,-1.8296228791962839
2018-03-15 23:00:00,19.3,91,1.9,6.8,18,-2.1013155617496433,-6.467184310807044
2018-03-16 00:00:00,19.6,87,0.4,7.9,16,-2.1775351109542913,-7.593967397912721
2018-03-16 01:00:00,19.3,90,0.0,4.5,29,-2.1816432911085157,-3.935788682127282
2018-03-16 02:00:00,20.1,84,0.0,2.4,27,-1.0895771993749126,-2.138415658052083
2018-03-16 03:00:00,18.9,92,0.0,3.3,96,-3.2819222547153015,0.3449439287832573
2018-03-16 04:00:00,18.7,92,0.0,1.8,11,-0.3434561916777803,-1.7669289302057951
2018-03-16 05:00:00,18.3,93,0.0,3.8,343,1.1110124779463997,-3.6339580726595346
2018-03-16 06:00:00,18.6,89,0.0,6.4,333,2.9055391983331,-5.702441754805554
2018-03-16 07:00:00,19.4,84,0.0,9.5,25,-4.014873486536642,-8.609923976848176
2018-03-16 08:00:00,21.1,81,0.0,5.0,69,-4.667902132486009,-1.7918397477265022
2018-03-16 09:00:00,23.7,69,0.0,5.6,345,1.4493866525741161,-5.4091846272187825
2018-03-16 10:00:00,24.2,67,0.0,15.0,336,6.101049646137003,-13.703181864639014
2018-03-16 11:00:00,26.1,60,0.0,11.9,2,-0.4153040107597591,-11.89275084152724
2018-03-16 12:00:00,27.0,57,0.0,10.1,358,0.3524849166952609,-10.093847352892867
2018-03-16 13:00:00,27.4,54,0.0,12.6,340,4.309453805903427,-11.840127021902445
2018-03-16 14:00:00,25.4,62,0.3,15.1,360,9.246083333562517e-16,-15.1
2018-03-16 15:00:00,26.4,60,0.0,6.2,21,-2.2218812871808646,-5.78819864428265
2018-03-16 16:00:00,25.1,67,0.1,13.0,19,-4.232386007943036,-12.291741482791119
2018-03-16 17:00:00,24.8,69,0.0,8.4,353,1.023702484603239,-8.337387673787106
2018-03-16 18:00:00,22.3,80,0.0,12.4,338,4.645121758357308,-11.497079796628164
2018-03-16 19:00:00,20.6,82,0.0,14.2,353,1.7305446763530943,-14.094155353306771
2018-03-16 20:00:00,19.2,85,0.0,11.1,347,2.4969567032169007,-10.81550771911611
2018-03-16 21:00:00,18.5,86,0.0,12.1,343,3.5376976271451146,-11.571287547152728
2018-03-16 22:00:00,17.5,89,0.0,12.1,330,6.050000000000002,-10.478907385791707
2018-03-16 23:00:00,16.7,91,0.0,10.0,334,4.383711467890775,-8.98794046299167
2018-03-17 00:00:00,16.0,94,0.0,7.3,340,2.4967470462773824,-6.8597561317371305
2018-03-17 01:00:00,15.6,96,0.0,6.6,351,1.032467469265524,-6.518743047927909
2018-03-17 02:00:00,15.3,96,0.0,4.0,350,0.6945927106677217,-3.939231012048832
2018-03-17 03:00:00,15.2,95,0.0,4.6,321,2.894873798829252,-3.5748714227020657
2018-03-17 04:00:00,15.0,96,0.0,6.0,343,1.7542302283364206,-5.737828535778212
2018-03-17 05:00:00,15.0,95,0.0,5.4,360,3.3065463576978537e-16,-5.4
2018-03-17 06:00:00,15.1,94,0.0,5.8,353,0.7068421917498554,-5.756767679519667
2018-03-17 07:00:00,16.1,89,0.0,6.5,357,0.3401837155791358,-6.49109197590473
2018-03-17 08:00:00,18.6,81,0.0,5.4,352,0.7515347451843536,-5.34744757120448
2018-03-17 09:00:00,21.3,74,0.0,4.8,347,1.0797650608505516,-4.676976310969129
2018-03-17 10:00:00,23.5,69,0.0,3.4,342,1.0506577808748212,-3.233592155403522
2018-03-17 11:00:00,25.4,64,0.0,3.6,307,2.875087836170254,-2.166534083347374
2018-03-17 12:00:00,26.7,60,0.0,4.9,306,3.9641832724372428,-2.8801477362331185
2018-03-17 13:00:00,27.1,60,0.0,7.7,332,3.61493103345136,-6.798696465013737
2018-03-17 14:00:00,27.3,58,0.0,12.2,336,4.962187045524762,-11.14525458323973
2018-03-17 15:00:00,26.7,61,0.1,11.3,338,4.233054505599806,-10.4771775566047
2018-03-17 16:00:00,25.9,64,0.1,11.1,335,4.691062705321763,-10.060016436106814
2018-03-17 17:00:00,24.4,71,0.0,11.8,322,7.2648054088427685,-9.29852689255932
2018-03-17 18:00:00,21.8,80,0.0,10.5,319,6.888619804400326,-7.924450592339106
2018-03-17 19:00:00,20.1,86,0.0,5.6,315,3.9597979746446663,-3.9597979746446654
2018-03-17 20:00:00,19.4,88,0.0,6.9,309,5.3623071340531,-4.342310698243878
2018-03-17 21:00:00,18.4,94,0.0,4.1,322,2.524212048835199,-3.23084408978756
2018-03-17 22:00:00,18.3,93,0.0,4.6,315,3.2526911934581184,-3.252691193458118
2018-03-17 23:00:00,18.2,94,0.0,1.5,284,1.4554435894139948,-0.3628828433995016
2018-03-18 00:00:00,17.4,97,0.0,3.6,276,3.580278823325784,-0.37630246776355253
2018-03-18 01:00:00,17.6,97,0.0,2.4,333,1.0895771993749124,-2.138415658052083
2018-03-18 02:00:00,16.7,99,0.0,3.3,347,0.7423384793347542,-3.2154212137912763
2018-03-18 03:00:00,17.3,98,0.0,1.1,342,0.3399186938124422,-1.0461621679246689
2018-03-18 04:00:00,16.9,100,0.0,1.8,11,-0.3434561916777803,-1.7669289302057951
2018-03-18 05:00:00,17.2,99,0.0,1.8,37,-1.083267041673687,-1.437543918085127
2018-03-18 06:00:00,17.0,99,0.0,4.0,360,2.4492935982947064e-16,-4.0
2018-03-18 07:00:00,17.4,98,0.0,4.7,356,0.3278554265973886,-4.688551036221174
2018-03-18 08:00:00,19.3,92,0.0,4.9,343,1.4326213531414103,-4.685893304218874
2018-03-18 09:00:00,22.2,79,0.0,2.9,353,0.3534210958749277,-2.8783838397598336
2018-03-18 10:00:00,24.1,73,0.0,3.0,256,2.9108871788279895,0.7257656867990032
2018-03-18 11:00:00,26.2,64,0.0,7.4,256,7.180188374442374,1.7902220274375413
2018-03-18 12:00:00,27.3,58,0.0,9.0,272,8.994517443171862,-0.31409547032250873
2018-03-18 13:00:00,25.8,68,0.0,13.8,319,9.053614600069,-10.414992207074254
2018-03-18 14:00:00,26.0,66,0.0,10.0,334,4.383711467890775,-8.98794046299167
2018-03-18 15:00:00,26.3,64,0.0,6.0,343,1.7542302283364206,-5.737828535778212
2018-03-18 16:00:00,26.3,64,0.0,6.0,327,3.2678342100901627,-5.032023407672544
2018-03-18 17:00:00,24.9,69,0.0,8.9,328,4.716281451675524,-7.547628055792192
2018-03-18 18:00:00,22.6,77,0.0,5.7,342,1.7613968679372005,-5.421022142882375
2018-03-18 19:00:00,21.1,83,0.0,4.3,355,0.37476969381492997,-4.283637201794505
2018-03-18 20:00:00,20.3,86,0.0,4.1,345,1.061158084920335,-3.96029588778518
2018-03-18 21:00:00,20.1,87,0.0,4.7,356,0.3278554265973886,-4.688551036221174
2018-03-18 22:00:00,19.7,88,0.0,5.0,339,1.791839747726502,-4.667902132486009
2018-03-18 23:00:00,20.1,83,0.0,2.2,360,1.3471114790620887e-16,-2.2
2018-03-19 00:00:00,20.1,84,0.0,0.5,225,0.3535533905932738,0.35355339059327373
2018-03-19 01:00:00,19.6,87,0.0,3.6,180,2.2043642384652358e-16,3.6
2018-03-19 02:00:00,18.8,91,0.0,6.1,140,-3.92100441908789,4.6728711030257655
2018-03-19 03:00:00,18.9,91,0.0,5.4,86,-5.386845871403051,-0.3766849582182765
2018-03-19 04:00:00,19.1,88,0.0,3.9,34,-2.1808523235359116,-3.233246532964663
2018-03-19 05:00:00,18.0,92,0.0,4.3,42,-2.87726160734309,-3.195522749552796
2018-03-19 06:00:00,17.9,92,0.0,4.8,77,-4.676976310969129,-1.0797650608505518
2018-03-19 07:00:00,19.9,84,0.0,5.5,67,-5.062776693988422,-2.1490212066910046
2018-03-19 08:00:00,23.5,71,0.0,1.8,127,-1.4375439180851273,1.0832670416736867
2018-03-19 09:00:00,25.3,64,0.0,3.3,193,0.7423384793347542,3.2154212137912763
2018-03-19 10:00:00,26.9,60,0.0,4.6,219,2.894873798829252,3.5748714227020657
2018-03-19 11:00:00,28.2,56,0.0,6.9,219,4.342310698243879,5.3623071340531
2018-03-19 12:00:00,29.8,49,0.0,8.2,218,5.048424097670398,6.46168817957512
2018-03-19 13:00:00,29.9,49,0.0,8.0,260,7.878462024097664,1.3891854213354426
2018-03-19 14:00:00,28.6,57,0.0,11.9,295,10.785062665736135,-5.029157314714324
2018-03-19 15:00:00,28.2,57,0.0,8.1,291,7.5620014546273335,-2.902780391316932
2018-03-19 16:00:00,28.6,52,0.0,3.4,238,2.883363526931848,1.8017254983928965
2018-03-19 17:00:00,27.7,57,0.0,7.6,267,7.589584464134761,0.3977532674463731
2018-03-19 18:00:00,24.7,71,0.0,9.9,303,8.302838622659698,-5.391926446648768
2018-03-19 19:00:00,22.5,81,0.0,4.3,5,-0.37476969381493047,-4.283637201794505
2018-03-19 20:00:00,22.7,84,0.0,5.8,30,-2.9000000000000026,-5.022947341949743
2018-03-19 21:00:00,23.0,80,0.5,3.2,63,-2.8512208774027776,-1.4527695991665495
2018-03-19 22:00:00,23.0,79,0.1,1.6,27,-0.7263847995832751,-1.4256104387013886
2018-03-19 23:00:00,22.4,87,0.0,2.7,113,-2.485363104321589,1.0549740469210394
2018-03-20 00:00:00,22.1,85,0.0,3.9,124,-3.2332465329646625,2.180852323535913
2018-03-20 01:00:00,21.2,89,0.0,4.4,235,3.604268994871564,2.523736319944603
2018-03-20 02:00:00,21.6,87,0.8,4.0,270,4.0,0.0
2018-03-20 03:00:00,20.0,94,0.3,5.0,120,-4.330127018922194,2.4999999999999996
2018-03-20 04:00:00,20.0,93,0.0,3.7,29,-1.7937955949114464,-3.2360929164157652
2018-03-20 05:00:00,20.1,93,0.4,4.2,329,2.1631599146222276,-3.600102662948872
2018-03-20 06:00:00,19.7,96,0.5,2.8,220,1.7998053071223101,2.1449244407331385
2018-03-20 07:00:00,20.8,91,0.6,5.8,176,-0.4045875477159269,5.78587149150698
2018-03-20 08:00:00,22.7,85,1.9,2.5,225,1.7677669529663689,1.7677669529663687
2018-03-20 09:00:00,23.0,87,4.0,10.4,272,10.393664600998596,-0.3629547657060101
2018-03-20 10:00:00,22.1,90,3.8,15.8,300,13.683201379794133,-7.8999999999999995
2018-03-20 11:00:00,20.6,92,3.2,16.7,6,-1.7456253365698111,-16.608515652650166
2018-03-20 12:00:00,21.5,87,1.7000000000000002,15.4,339,5.518866422997626,-14.377138568056907
2018-03-20 13:00:00,21.4,81,1.5,16.3,346,3.943326898274583,-15.815820338298742
2018-03-20 14:00:00,22.2,77,0.2,10.5,354,1.0975488643103612,-10.44247990136687
2018-03-20 15:00:00,22.3,77,0.1,5.9,349,1.125773072721615,-5.791600382341218
2018-03-20 16:00:00,22.0,76,0.0,10.2,342,3.151973342624464,-9.700776466210565
2018-03-20 17:00:00,19.5,83,0.0,17.5,346,4.2336331729941845,-16.980175209829937
2018-03-20 18:00:00,17.7,89,0.5,18.5,353,2.2545828529952288,-18.362103805364455
2018-03-20 19:00:00,16.6,89,0.3,18.1,354,1.8919651851445278,-18.000846306165748
2018-03-20 20:00:00,16.9,92,0.8,16.7,353,2.035218034865963,-16.575520732410077
2018-03-20 21:00:00,16.3,91,1.2,17.3,359,0.30192663136500625,-17.29736512620557
2018-03-20 22:00:00,15.9,89,0.4,17.6,1,-0.30716235329618957,-17.59731943475249
2018-03-20 23:00:00,16.0,87,0.0,15.2,7,-1.8524140197582368,-15.086701504948095
2018-03-21 00:00:00,16.2,82,0.0,15.1,360,9.246083333562517e-16,-15.1
2018-03-21 01:00:00,16.3,80,0.0,14.8,356,1.0323958114130536,-14.763947943845398
2018-03-21 02:00:00,15.9,79,0.0,16.2,359,0.2827289842839943,-16.197532661533536
2018-03-21 03:00:00,15.7,77,0.0,17.3,1,-0.3019266313650045,-17.29736512620557
2018-03-21 04:00:00,15.2,79,0.0,19.8,1,-0.34555764745821327,-19.79698436409655
2018-03-21 05:00:00,14.8,78,0.0,18.5,7,-2.2545828529952225,-18.36210380536446
2018-03-21 06:00:00,14.2,77,0.0,17.8,7,-2.16927431261162,-17.667321499215532
2018-03-21 07:00:00,14.3,75,0.0,18.4,359,0.3211242784460182,-18.3971975908776
2018-03-21 08:00:00,15.9,70,0.0,19.8,12,-4.116651478191644,-19.36732249452935
2018-03-21 09:00:00,17.3,65,0.0,18.7,11,-3.568128213541384,-18.356428330471317
2018-03-21 10:00:00,18.6,58,0.0,20.2,1,-0.35253861003312664,-20.196923442159104
2018-03-21 11:00:00,19.5,54,0.0,21.6,357,1.1304566548475898,-21.570397950698798
2018-03-21 12:00:00,19.9,53,0.0,20.9,359,0.36475529453922717,-20.896816828768575
2018-03-21 13:00:00,20.8,51,0.0,20.2,360,1.2368932671388266e-15,-20.2
2018-03-21 14:00:00,20.9,52,0.0,20.2,359,0.3525386100331287,-20.196923442159104
2018-03-21 15:00:00,20.3,54,0.0,23.5,356,1.6392771329869429,-23.44275518110587
2018-03-21 16:00:00,19.1,56,0.0,23.8,360,1.4573296909853504e-15,-23.8
2018-03-21 17:00:00,17.5,59,0.0,19.8,3,-1.0362519336102973,-19.772864788140563
2018-03-21 18:00:00,15.5,62,0.0,16.3,354,1.7038139512627515,-16.210706894502856
2018-03-21 19:00:00,14.1,62,0.0,16.6,355,1.4467853296111253,-16.536831988322977
2018-03-21 20:00:00,13.4,60,0.0,14.4,359,0.2513146526968838,-14.397806810252035
2018-03-21 21:00:00,13.1,57,0.0,9.8,354,1.024378940023004,-9.746314574609078
2018-03-21 22:00:00,12.8,55,0.0,10.6,350,1.8406706832694624,-10.438962181929405
2018-03-21 23:00:00,12.6,54,0.0,7.6,3,-0.39775326744637673,-7.589584464134761
2018-03-22 00:00:00,11.3,61,0.0,7.2,3,-0.376818884949199,-7.190132650232932
2018-03-22 01:00:00,11.7,54,0.0,7.5,343,2.192787785420526,-7.172285669722766
2018-03-22 02:00:00,11.5,56,0.0,8.4,353,1.023702484603239,-8.337387673787106
2018-03-22 03:00:00,10.8,62,0.0,7.2,354,0.752604935527105,-7.160557646651568
2018-03-22 04:00:00,10.6,66,0.0,9.5,349,1.8126854560771768,-9.325458242752807
2018-03-22 05:00:00,10.3,70,0.0,9.7,356,0.6766377953180147,-9.676371287520293
2018-03-22 06:00:00,9.4,76,0.0,5.8,4,-0.40458754771592836,-5.78587149150698
2018-03-22 07:00:00,11.3,72,0.0,8.0,342,2.4721359549995796,-7.608452130361228
2018-03-22 08:00:00,14.5,64,0.0,4.1,345,1.061158084920335,-3.96029588778518
2018-03-22 09:00:00,17.3,59,0.0,1.3,34,-0.7269507745119705,-1.0777488443215544
2018-03-22 10:00:00,19.7,56,0.0,1.6,333,0.726384799583275,-1.4256104387013886
2018-03-22 11:00:00,21.6,51,0.0,1.8,323,1.0832670416736871,-1.437543918085127
2018-03-22 12:00:00,22.9,48,0.0,2.8,320,1.7998053071223101,-2.1449244407331385
2018-03-22 13:00:00,23.7,44,0.0,7.8,338,2.9219314286441134,-7.232034065620942
2018-03-22 14:00:00,23.3,41,0.0,14.5,354,1.5156627173809751,-14.420567482839962
2018-03-22 15:00:00,22.7,40,0.0,17.3,355,1.5077943495344859,-17.234168276987198
2018-03-22 16:00:00,21.4,45,0.0,18.6,351,2.9096810497482952,-18.371003135069564
2018-03-22 17:00:00,19.7,51,0.0,16.4,351,2.565525226659787,-16.19808878576026
2018-03-22 18:00:00,17.3,57,0.0,10.2,350,1.77121141220269,-10.045039080724521
2018-03-22 19:00:00,15.3,63,0.0,8.7,353,1.060263287624783,-8.6351515192795
2018-03-22 20:00:00,14.3,69,0.0,7.2,360,4.4087284769304716e-16,-7.2
2018-03-22 21:00:00,13.8,71,0.0,6.9,354,0.7212463965468089,-6.862201078041086
2018-03-22 22:00:00,12.6,78,0.0,4.7,4,-0.32785542659739025,-4.688551036221174
2018-03-22 23:00:00,11.6,86,0.0,6.1,28,-2.8637765329939335,-5.385980316439454
2018-03-23 00:00:00,12.0,84,0.0,4.6,18,-1.4214781741247586,-4.3748599749577055
2018-03-23 01:00:00,10.9,88,0.0,6.8,3,-0.3558845024520213,-6.790680836331102
2018-03-23 02:00:00,10.6,88,0.0,8.3,5,-0.7233926648055635,-8.268415994161488
2018-03-23 03:00:00,10.4,87,0.0,8.1,13,-1.8221035401853085,-7.892397524760404
2018-03-23 04:00:00,9.8,88,0.0,8.1,21,-2.9027803913169357,-7.562001454627333
2018-03-23 05:00:00,9.9,87,0.0,6.2,21,-2.2218812871808646,-5.78819864428265
2018-03-23 06:00:00,9.5,88,0.0,5.8,22,-2.1727182418122912,-5.377666356487366
2018-03-23 07:00:00,12.6,78,0.0,6.5,6,-0.6794350112397468,-6.464392319893777
2018-03-23 08:00:00,17.1,64,0.0,4.0,333,1.8159619989581872,-3.564026096753471
2018-03-23 09:00:00,20.1,49,0.0,3.1,339,1.1109406435904312,-2.8940993221413254
2018-03-23 10:00:00,22.2,42,0.0,4.8,347,1.0797650608505516,-4.676976310969129
2018-03-23 11:00:00,24.1,33,0.0,7.6,352,1.0577155672964975,-7.5260373224359345
2018-03-23 12:00:00,25.3,29,0.0,9.4,342,2.904759747124506,-8.939931253174443
2018-03-23 13:00:00,25.8,29,0.0,12.9,342,3.986319227436822,-12.26862906020748
2018-03-23 14:00:00,25.8,29,0.0,15.6,353,1.9011617571203008,-15.483719965604623
2018-03-23 15:00:00,25.2,31,0.0,18.0,2,-0.6281909406450137,-17.989034886343724
2018-03-23 16:00:00,24.3,32,0.0,17.5,8,-2.435529266801152,-17.32969120297748
2018-03-23 17:00:00,22.6,40,0.0,12.4,10,-2.1532374030699364,-12.21161613735138
2018-03-23 18:00:00,19.5,48,0.0,10.9,8,-1.5169868004647176,-10.793921949283115
2018-03-23 19:00:00,17.3,56,0.0,9.1,9,-1.4235536318661024,-8.987963899415753
2018-03-23 20:00:00,15.4,68,0.0,8.7,24,-3.5386087947594604,-7.947845481490628
2018-03-23 21:00:00,16.5,63,0.0,5.5,11,-1.0494494745709955,-5.3989495089621515
2018-03-23 22:00:00,15.6,67,0.0,4.6,18,-1.4214781741247586,-4.3748599749577055
2018-03-23 23:00:00,14.4,72,0.0,4.1,52,-3.23084408978756,-2.5242120488351985
2018-03-24 00:00:00,13.5,73,0.0,5.8,83,-5.756767679519668,-0.7068421917498544
2018-03-24 01:00:00,13.4,68,0.0,8.0,98,-7.922144549932563,1.1133848076805226
2018-03-24 02:00:00,15.0,56,0.0,8.4,121,-7.200205325897743,4.326319829244457
2018-03-24 03:00:00,14.3,61,0.0,8.9,117,-7.929958065276474,4.040515447681967
2018-03-24 04:00:00,14.7,60,0.0,7.1,105,-6.858073366652384,1.837615220227899
2018-03-24 05:00:00,15.4,56,0.0,5.1,94,-5.087576656325103,0.35575801609504015
2018-03-24 06:00:00,15.8,53,0.0,4.0,85,-3.984778792366982,-0.3486229709906318
2018-03-24 07:00:00,15.5,75,0.0,4.8,103,-4.6769763109691285,1.079765060850553
2018-03-24 08:00:00,19.3,54,0.0,2.3,108,-2.1874299874788528,0.7107390870623792
2018-03-24 09:00:00,21.4,51,0.0,3.3,174,-0.3449439287832567,3.2819222547153015
2018-03-24 10:00:00,23.1,47,0.0,6.4,207,2.9055391983331,5.702441754805554
2018-03-24 11:00:00,24.6,41,0.0,6.4,196,1.7640790772287946,6.1520748540052415
2018-03-24 12:00:00,25.7,34,0.0,3.9,202,1.4609657143220567,3.616017032810471
2018-03-24 13:00:00,26.3,32,0.0,3.3,264,3.2819222547153015,0.3449439287832564
2018-03-24 14:00:00,26.3,33,0.0,8.1,302,6.86918957886705,-4.29234604028896
2018-03-24 15:00:00,25.5,36,0.0,12.2,313,8.922515159753878,-8.320379992762481
2018-03-24 16:00:00,24.5,39,0.0,13.6,328,7.206901993571586,-11.533454107727392
2018-03-24 17:00:00,23.0,45,0.0,10.9,333,4.948496447161061,-9.71197111365321
2018-03-24 18:00:00,19.1,61,0.0,8.1,339,2.902780391316933,-7.5620014546273335
2018-03-24 19:00:00,20.4,52,0.0,6.2,10,-1.0766187015349682,-6.10580806867569
2018-03-24 20:00:00,20.4,53,0.0,2.5,82,-2.475670171853926,-0.3479327524001638
2018-03-24 21:00:00,20.5,53,0.0,1.1,90,-1.1,1.3471114790620887e-16
2018-03-24 22:00:00,20.3,53,0.0,2.9,150,-1.4499999999999993,2.511473670974872
2018-03-24 23:00:00,16.4,69,0.0,8.5,168,-1.7672493719509543,8.314254606237348
2018-03-25 00:00:00,15.6,72,0.0,10.1,180,6.184466335694133e-16,10.1
2018-03-25 01:00:00,15.4,71,0.0,10.1,176,-0.7045403848156658,10.075396907624224
2018-03-25 02:00:00,17.7,60,0.0,7.7,191,1.4692292643993958,7.558529312547013
2018-03-25 03:00:00,18.5,58,0.0,5.9,194,1.4273391840380394,5.7247447850283795
2018-03-25 04:00:00,18.0,60,0.0,4.3,156,-1.748967565225941,3.9282454678631837
2018-03-25 05:00:00,14.9,72,0.0,5.8,120,-5.022947341949744,2.8999999999999995
2018-03-25 06:00:00,13.9,75,0.0,7.1,114,-6.486172749262465,2.887830165838183
2018-03-25 07:00:00,17.2,65,0.0,5.4,110,-5.074340152243905,1.846908773958612
2018-03-25 08:00:00,21.3,54,0.0,8.3,180,5.082284216461516e-16,8.3
2018-03-25 09:00:00,23.7,56,0.0,13.1,212,6.941942361454984,11.10943005964918
2018-03-25 10:00:00,25.1,47,0.0,11.8,211,6.077449283938639,10.114574148284927
2018-03-25 11:00:00,26.2,41,0.0,9.9,213,5.391926446648768,8.302838622659698
2018-03-25 12:00:00,27.4,36,0.0,6.1,225,4.31335136523794,4.313351365237939
2018-03-25 13:00:00,27.4,40,0.0,9.6,257,9.353952621938259,2.159530121701104
2018-03-25 14:00:00,26.2,45,0.0,15.5,273,15.478757788695894,-0.8112073217656295
2018-03-25 15:00:00,26.0,45,0.0,12.1,282,11.835585968879048,-2.515731458894888
2018-03-25 16:00:00,25.1,46,0.0,11.8,293,10.861957270738797,-4.610627316173431
2018-03-25 17:00:00,23.6,53,0.0,8.1,315,5.727564927611035,-5.727564927611034
2018-03-25 18:00:00,21.2,69,0.0,5.8,292,5.377666356487367,-2.1727182418122895
2018-03-25 19:00:00,19.7,73,0.0,6.2,277,6.153786140176196,-0.7555899291119144
2018-03-25 20:00:00,19.0,76,0.0,5.7,342,1.7613968679372005,-5.421022142882375
2018-03-25 21:00:00,19.3,74,0.0,4.8,333,2.1791543987498248,-4.276831316104166
2018-03-25 22:00:00,19.9,70,0.0,2.8,230,2.1449244407331385,1.7998053071223097
2018-03-25 23:00:00,19.6,72,0.0,3.7,151,-1.793795594911447,3.236092916415765
